id,data_inversa,dia_semana,horario,uf,br,km,municipio,causa_acidente,tipo_acidente,classificacao_acidente,fase_dia,sentido_via,condicao_metereologica,tipo_pista,tracado_via,uso_solo,pessoas,mortos,feridos_leves,feridos_graves,ilesos,ignorados,feridos,veiculos,latitude,longitude,regional,delegacia,uop,ano_arquivo
"267450,0",2020-02-06,quinta-feira,07:45:00,SC,101,"217,0",PALHOCA,Falta de Atenção à Condução,Engavetamento,Com Vítimas Feridas,Pleno dia,Decrescente,Chuva,Múltipla,Aclive,Não,5,0,2,0,2,2,2,5,-27.66779034,-48.67393586,SPRF-SC,DEL01-SC,UOP02-DEL01-SC,2020
"267457,0",2020-02-06,quinta-feira,09:20:00,SC,470,"163,0",POUSO REDONDO,Desobediência às normas de trânsito pelo condutor,Colisão lateral,Com Vítimas Feridas,Pleno dia,Crescente,Nublado,Simples,Reta,Não,3,0,1,0,1,1,1,3,-27.278976,-49.825996,SPRF-SC,DEL04-SC,UOP02-DEL04-SC,2020
"267458,0",2020-02-06,quinta-feira,08:15:00,SC,282,"385,0",JOACABA,Defeito Mecânico no Veículo,Saída de leito carroçável,Com Vítimas Feridas,Pleno dia,Crescente,Sol,Simples,Declive,Não,1,0,1,0,0,0,1,1,-27.194431,-51.515869,SPRF-SC,DEL07-SC,UOP05-DEL07-SC,2020
"267460,0",2020-02-06,quinta-feira,08:00:00,SC,101,"44,5",JOINVILLE,Falta de Atenção à Condução,Saída de leito carroçável,Com Vítimas Feridas,Pleno dia,Decrescente,Chuva,Dupla,Reta,Sim,3,0,1,0,1,1,1,2,-26.31238996,-48.87458997,SPRF-SC,DEL03-SC,UOP01-DEL03-SC,2020
"267481,0",2020-02-06,quinta-feira,11:40:00,SC,101,"191,0",BIGUACU,Falta de Atenção à Condução,Colisão com objeto estático,Com Vítimas Feridas,Pleno dia,Decrescente,Chuva,Dupla,Curva,Sim,2,0,1,0,1,0,1,2,-27.47730273,-48.64127329,SPRF-SC,DEL01-SC,UOP01-DEL01-SC,2020
"267487,0",2020-02-06,quinta-feira,12:00:00,SC,101,"204,0",SAO JOSE,Falta de Atenção à Condução,Colisão lateral,Com Vítimas Feridas,Pleno dia,Crescente,Chuva,Dupla,Reta,Sim,2,0,1,0,1,0,1,2,-27.5650044,-48.61460082,SPRF-SC,DEL01-SC,UOP01-DEL01-SC,2020
"267521,0",2020-02-06,quinta-feira,14:20:00,SC,282,"583,0",PINHALZINHO,Falta de Atenção à Condução,Engavetamento,Sem Vítimas,Pleno dia,Crescente,Chuva,Simples,Reta,Não,5,0,0,0,5,0,0,3,-26.83153855,-53.01727295,SPRF-SC,DEL07-SC,UOP02-DEL07-SC,2020
"267550,0",2020-02-06,quinta-feira,17:10:00,SC,282,"213,8",LAGES,Velocidade Incompatível,Colisão traseira,Com Vítimas Feridas,Pleno dia,Crescente,Chuva,Simples,Reta,Não,6,0,3,1,2,0,4,2,-27.785299,-50.261921,SPRF-SC,DEL05-SC,UOP01-DEL05-SC,2020
"267681,0",2020-02-07,sexta-feira,06:50:00,SC,101,"207,0",SAO JOSE,Pista Escorregadia,Colisão traseira,Com Vítimas Feridas,Pleno dia,Crescente,Chuva,Múltipla,Aclive,Não,2,0,0,1,1,0,1,2,-27.60001226,-48.6226467,SPRF-SC,DEL01-SC,UOP01-DEL01-SC,2020
"267695,0",2020-02-06,quinta-feira,21:50:00,SC,116,"159,6",SANTA CECILIA,Falta de Atenção à Condução,Colisão transversal,Com Vítimas Fatais,Plena Noite,Crescente,Nublado,Simples,Reta,Sim,3,1,1,0,0,1,1,3,-27.09960799,-50.45374278,SPRF-SC,DEL06-SC,UOP02-DEL06-SC,2020
"267696,0",2020-02-07,sexta-feira,06:30:00,SC,470,"244,0",CURITIBANOS,Ultrapassagem Indevida,Colisão frontal,Com Vítimas Fatais,Pleno dia,Crescente,Céu Claro,Simples,Reta,Sim,2,2,0,0,0,0,0,2,-27.314579,-50.515827,SPRF-SC,DEL05-SC,UOP03-DEL05-SC,2020
"267784,0",2020-02-07,sexta-feira,15:30:00,SC,470,"92,0",ASCURRA,Falta de Atenção à Condução,Colisão transversal,Com Vítimas Feridas,Pleno dia,Decrescente,Céu Claro,Simples,Reta,Não,4,0,1,0,3,0,1,3,-26.98592,-49.373047,SPRF-SC,DEL04-SC,UOP01-DEL04-SC,2020
"267794,0",2020-02-07,sexta-feira,16:00:00,SC,101,"137,0",BALNEARIO CAMBORIU,Pista Escorregadia,Tombamento,Com Vítimas Feridas,Pleno dia,Decrescente,Nublado,Dupla,Declive,Sim,3,0,1,0,1,1,1,3,-27.0157238,-48.61192763,SPRF-SC,DEL04-SC,UOP03-DEL04-SC,2020
"267855,0",2020-02-07,sexta-feira,21:10:00,SC,282,"175,6",BOCAINA DO SUL,Ingestão de Álcool,Colisão traseira,Com Vítimas Feridas,Plena Noite,Decrescente,Nublado,Simples,Reta,Não,6,0,1,3,1,1,4,4,-27.74056993,-49.89843434,SPRF-SC,DEL05-SC,UOP01-DEL05-SC,2020
"267871,0",2020-02-07,sexta-feira,17:50:00,SC,282,"445,7",PONTE SERRADA,Velocidade Incompatível,Colisão lateral,Sem Vítimas,Pleno dia,Crescente,Nublado,Simples,Curva,Não,5,0,0,0,4,2,0,6,-26.9153352,-51.90525055,SPRF-SC,DEL07-SC,UOP04-DEL07-SC,2020
"267896,0",2020-02-07,sexta-feira,22:35:00,SC,282,"466,0",PONTE SERRADA,Ultrapassagem Indevida,Colisão frontal,Com Vítimas Feridas,Plena Noite,Crescente,Nublado,Simples,Curva,Não,3,0,2,0,1,0,2,3,-26.854576,-52.086765,SPRF-SC,DEL07-SC,UOP04-DEL07-SC,2020
"267906,0",2020-02-08,sábado,00:10:00,SC,470,"176,3",POUSO REDONDO,Falta de Atenção à Condução,Colisão lateral,Com Vítimas Feridas,Pleno dia,Decrescente,Chuva,Simples,Curva,Não,2,0,1,0,1,0,1,2,-27.254238,-49.948658,SPRF-SC,DEL04-SC,UOP02-DEL04-SC,2020
"267908,0",2020-02-08,sábado,00:20:00,SC,101,"93,0",BARRA VELHA,Velocidade Incompatível,Colisão lateral,Com Vítimas Feridas,Plena Noite,Crescente,Chuva,Dupla,Reta,Não,4,0,2,0,2,0,2,2,-26.6899011,-48.69663873,SPRF-SC,DEL03-SC,UOP02-DEL03-SC,2020
"267925,0",2020-02-08,sábado,04:25:00,SC,470,"142,0",RIO DO SUL,Falta de Atenção à Condução,Colisão frontal,Com Vítimas Feridas,Plena Noite,Decrescente,Nublado,Simples,Reta,Sim,4,0,0,1,1,2,1,3,-27.229801,-49.6693,SPRF-SC,DEL04-SC,UOP02-DEL04-SC,2020
"267941,0",2020-02-08,sábado,03:40:00,SC,282,"472,9",VARGEAO,Ingestão de álcool e/ou substâncias psicoativas pelo pedestre,Colisão lateral,Com Vítimas Feridas,Pleno dia,Crescente,Céu Claro,Simples,Reta,Não,3,0,1,1,1,0,2,2,-26.868624,-52.137733,SPRF-SC,DEL07-SC,UOP01-DEL07-SC,2020
"268040,0",2020-02-08,sábado,17:05:00,SC,101,"116,0",ITAJAI,Falta de Atenção à Condução,Colisão com objeto estático,Com Vítimas Feridas,Pleno dia,Decrescente,Céu Claro,Dupla,Reta,Não,2,0,1,0,0,1,1,2,-26.87905605,-48.72603512,SPRF-SC,DEL04-SC,UOP04-DEL04-SC,2020
"268166,0",2020-02-09,domingo,06:40:00,SC,101,"138,0",BALNEARIO CAMBORIU,Falta de Atenção à Condução,Tombamento,Com Vítimas Feridas,Amanhecer,Crescente,Céu Claro,Simples,Curva,Não,1,0,0,1,0,0,1,1,-27.02397426,-48.60761649,SPRF-SC,DEL04-SC,UOP03-DEL04-SC,2020
"268265,0",2020-02-09,domingo,17:00:00,SC,101,"363,0",SANGAO,Pista Escorregadia,Saída de leito carroçável,Com Vítimas Feridas,Pleno dia,Crescente,Chuva,Dupla,Declive,Não,2,0,1,0,0,1,1,2,-28.68005128,-49.1420871,SPRF-SC,DEL02-SC,UOP01-DEL02-SC,2020
"268323,0",2020-02-09,domingo,21:10:00,SC,282,"464,7",PONTE SERRADA,Falta de Atenção à Condução,Colisão transversal,Com Vítimas Feridas,Plena Noite,Crescente,Nublado,Simples,Reta,Não,3,0,1,1,1,0,2,2,-26.85767724,-52.0480703,SPRF-SC,DEL07-SC,UOP04-DEL07-SC,2020
"268324,0",2020-02-09,domingo,15:40:00,SC,470,"207,8",SAO CRISTOVAO DO SUL,Velocidade Incompatível,Colisão frontal,Com Vítimas Fatais,Pleno dia,Crescente,Garoa/Chuvisco,Simples,Reta,Não,6,4,0,0,1,1,0,3,-27.291355,-50.194443,SPRF-SC,DEL05-SC,UOP03-DEL05-SC,2020
"268356,0",2020-02-10,segunda-feira,05:15:00,SC,470,"144,7",RIO DO SUL,Ultrapassagem Indevida,Colisão frontal,Com Vítimas Feridas,Amanhecer,Crescente,Nublado,Simples,Reta,Sim,3,0,0,1,1,1,1,3,-27.235138,-49.677608,SPRF-SC,DEL04-SC,UOP02-DEL04-SC,2020
"268415,0",2020-02-10,segunda-feira,11:00:00,SC,101,"134,0",BALNEARIO CAMBORIU,Falta de Atenção à Condução,Colisão traseira,Com Vítimas Feridas,Pleno dia,Decrescente,Nublado,Múltipla,Reta,Sim,3,0,2,0,1,0,2,3,-27.00218,-48.636433,SPRF-SC,DEL04-SC,UOP03-DEL04-SC,2020
"268457,0",2020-02-10,segunda-feira,14:30:00,SC,470,"139,0",RIO DO SUL,Falta de Atenção à Condução,Colisão transversal,Com Vítimas Feridas,Pleno dia,Crescente,Nublado,Simples,Reta,Sim,3,0,1,0,1,1,1,3,-27.20191164,-49.63392377,SPRF-SC,DEL04-SC,UOP02-DEL04-SC,2020
"268532,0",2020-02-11,terça-feira,04:50:00,SC,470,"40,8",GASPAR,Condutor Dormindo,Colisão frontal,Com Vítimas Feridas,Plena Noite,Crescente,Céu Claro,Simples,Reta,Sim,2,0,1,0,1,0,1,2,-26.889574,-48.99094,SPRF-SC,DEL04-SC,UOP01-DEL04-SC,2020
"268543,0",2020-02-11,terça-feira,05:18:00,SC,280,"88,1",CORUPA,Falta de Atenção à Condução,Colisão lateral,Com Vítimas Feridas,Amanhecer,Decrescente,Nevoeiro/Neblina,Simples,Reta,Não,3,0,0,1,1,1,1,3,-26.41552007,-49.26717599,SPRF-SC,DEL06-SC,UOP03-DEL06-SC,2020
"268572,0",2020-02-11,terça-feira,08:45:00,SC,470,"315,0",CAMPOS NOVOS,Falta de Atenção à Condução,Colisão transversal,Com Vítimas Feridas,Pleno dia,Decrescente,Céu Claro,Simples,Reta,Não,3,0,1,0,1,2,1,4,-27.393394,-51.192188,SPRF-SC,DEL07-SC,UOP06-DEL07-SC,2020
"268574,0",2020-02-11,terça-feira,10:15:00,SC,282,"87,0",ALFREDO WAGNER,Defeito Mecânico no Veículo,Engavetamento,Sem Vítimas,Pleno dia,Crescente,Céu Claro,Simples,Curva,Não,6,0,0,0,4,2,0,4,-27.664766,-49.20578,SPRF-SC,DEL01-SC,UOP03-DEL01-SC,2020
"268575,0",2020-02-11,terça-feira,10:45:00,SC,101,"195,0",BIGUACU,Falta de Atenção à Condução,Colisão lateral,Com Vítimas Feridas,Pleno dia,Decrescente,Céu Claro,Múltipla,Reta,Não,2,0,0,1,1,0,1,2,-27.5047092,-48.65010819,SPRF-SC,DEL01-SC,UOP01-DEL01-SC,2020
"268580,0",2020-02-11,terça-feira,11:00:00,SC,101,"91,5",BARRA VELHA,Falta de Atenção à Condução,Queda de ocupante de veículo,Com Vítimas Feridas,Pleno dia,Decrescente,Céu Claro,Dupla,Reta,Sim,2,0,1,0,1,0,1,2,-26.67120698,-48.69011814,SPRF-SC,DEL03-SC,UOP02-DEL03-SC,2020
"268704,0",2020-02-11,terça-feira,18:20:00,SC,282,"386,0",JOACABA,Falta de Atenção à Condução,Colisão lateral,Sem Vítimas,Pleno dia,Decrescente,Céu Claro,Simples,Declive;Reta,Não,3,0,0,0,2,1,0,3,-27.1891434,-51.51776791,SPRF-SC,DEL07-SC,UOP05-DEL07-SC,2020
"268718,0",2020-02-11,terça-feira,23:40:00,SC,470,"1,0",NAVEGANTES,Não guardar distância de segurança,Colisão lateral,Com Vítimas Feridas,Plena Noite,Crescente,Nublado,Dupla,Curva,Sim,3,0,2,0,0,1,2,2,-26.875383,-48.668285,SPRF-SC,DEL04-SC,UOP04-DEL04-SC,2020
"268731,0",2020-02-12,quarta-feira,02:50:00,SC,280,"70,4",JARAGUA DO SUL,Falta de Atenção à Condução,Colisão lateral,Com Vítimas Feridas,Plena Noite,Decrescente,Nublado,Simples,Reta,Sim,2,0,0,1,1,0,1,2,-26.46522052,-49.12675918,SPRF-SC,DEL03-SC,UOP03-DEL03-SC,2020
"268751,0",2020-02-12,quarta-feira,05:50:00,SC,282,"222,9",LAGES,Desobediência às normas de trânsito pelo condutor,Colisão frontal,Com Vítimas Fatais,Amanhecer,Crescente,Céu Claro,Simples,Curva;Aclive,Não,2,1,0,0,0,1,0,2,-27.79842571,-50.35862446,SPRF-SC,DEL05-SC,UOP01-DEL05-SC,2020
"268785,0",2020-02-12,quarta-feira,10:20:00,SC,101,"117,5",ITAJAI,Falta de Atenção à Condução,Colisão traseira,Com Vítimas Feridas,Pleno dia,Decrescente,Nublado,Dupla,Reta,Sim,3,0,1,0,1,1,1,3,-26.88747187,-48.72252969,SPRF-SC,DEL04-SC,UOP04-DEL04-SC,2020
"268807,0",2020-02-12,quarta-feira,10:41:00,SC,101,"210,0",SAO JOSE,Não guardar distância de segurança,Colisão lateral,Com Vítimas Feridas,Pleno dia,Decrescente,Sol,Múltipla,Reta,Não,7,0,0,2,1,5,2,7,-27.6167305,-48.6457265,SPRF-SC,DEL01-SC,UOP01-DEL01-SC,2020
"268814,0",2020-02-12,quarta-feira,11:00:00,SC,470,"92,0",APIUNA,Falta de Atenção à Condução,Colisão traseira,Com Vítimas Feridas,Pleno dia,Decrescente,Céu Claro,Simples,Reta,Não,2,0,0,1,1,0,1,2,-26.98592,-49.373047,SPRF-SC,DEL04-SC,UOP01-DEL04-SC,2020
"268815,0",2020-02-12,quarta-feira,13:00:00,SC,101,"365,9",SANGAO,Ingestão de Substâncias Psicoativas,Colisão lateral,Com Vítimas Feridas,Pleno dia,Crescente,Céu Claro,Dupla,Reta,Não,3,0,1,0,1,1,1,3,-28.68765119,-49.15823936,SPRF-SC,DEL02-SC,UOP01-DEL02-SC,2020
"268921,0",2020-02-13,quinta-feira,04:00:00,SC,101,"199,1",SAO JOSE,Condutor Dormindo,Colisão traseira,Com Vítimas Feridas,Pleno dia,Decrescente,Céu Claro,Múltipla,Reta,Sim,3,0,1,0,1,2,1,4,-27.53413705,-48.63003205,SPRF-SC,DEL01-SC,UOP01-DEL01-SC,2020
"268923,0",2020-02-13,quinta-feira,04:20:00,SC,101,"328,9",TUBARAO,Condutor Dormindo,Saída de leito carroçável,Com Vítimas Feridas,Plena Noite,Decrescente,Céu Claro,Dupla,Ponte,Sim,2,0,1,0,0,2,1,3,-28.43648094,-48.95989307,SPRF-SC,DEL02-SC,UOP01-DEL02-SC,2020
"268925,0",2020-02-13,quinta-feira,05:40:00,SC,101,"200,6",SAO JOSE,Falta de Atenção à Condução,Colisão traseira,Com Vítimas Feridas,Amanhecer,Decrescente,Nublado,Dupla,Reta,Sim,2,0,0,1,0,1,1,2,-27.54018513,-48.62287714,SPRF-SC,DEL01-SC,UOP01-DEL01-SC,2020
"268929,0",2020-02-13,quinta-feira,06:20:00,SC,101,"111,0",NAVEGANTES,Falta de Atenção à Condução,Colisão lateral,Com Vítimas Feridas,Pleno dia,Crescente,Céu Claro,Dupla,Reta,Não,2,0,0,1,0,1,1,2,-26.83955734,-48.71418074,SPRF-SC,DEL04-SC,UOP04-DEL04-SC,2020
"269004,0",2020-02-13,quinta-feira,14:35:00,SC,101,"308,0",LAGUNA,Falta de Atenção à Condução,Colisão traseira,Com Vítimas Feridas,Pleno dia,Crescente,Sol,Dupla,Reta,Não,2,0,0,1,1,0,1,2,-28.399616,-48.7854,SPRF-SC,DEL02-SC,UOP01-DEL02-SC,2020
"269034,0",2020-02-13,quinta-feira,17:33:00,SC,280,"22,2",ARAQUARI,Mal Súbito,Colisão lateral,Com Vítimas Feridas,Pleno dia,Crescente,Nublado,Simples,Reta,Não,3,0,1,0,1,1,1,3,-26.37100313,-48.70282173,SPRF-SC,DEL03-SC,UOP03-DEL03-SC,2020
"269051,0",2020-02-13,quinta-feira,18:00:00,SC,470,"3,0",NAVEGANTES,Defeito Mecânico no Veículo,Tombamento,Sem Vítimas,Pleno dia,Decrescente,Nublado,Simples,Reta,Sim,2,0,0,0,1,1,0,2,-26.861937,-48.681618,SPRF-SC,DEL04-SC,UOP04-DEL04-SC,2020
"269076,0",2020-02-13,quinta-feira,22:40:00,SC,470,"45,8",GASPAR,Ingestão de Álcool,Colisão lateral,Com Vítimas Feridas,Plena Noite,Crescente,Nublado,Simples,Reta,Não,2,0,1,0,1,0,1,2,-26.867064,-49.031109,SPRF-SC,DEL04-SC,UOP01-DEL04-SC,2020
"269125,0",2020-02-14,sexta-feira,08:10:00,SC,101,"206,0",SAO JOSE,Não guardar distância de segurança,Engavetamento,Com Vítimas Feridas,Pleno dia,Crescente,Céu Claro,Múltipla,Reta,Sim,4,0,1,0,3,0,1,3,-27.59193546,-48.61824557,SPRF-SC,DEL01-SC,UOP01-DEL01-SC,2020
"269238,0",2020-02-14,sexta-feira,10:10:00,SC,116,"159,9",SANTA CECILIA,Falta de Atenção à Condução,Saída de leito carroçável,Sem Vítimas,Pleno dia,Crescente,Céu Claro,Simples,Reta,Não,2,0,0,0,1,2,0,3,-27.09960799,-50.45374278,SPRF-SC,DEL06-SC,UOP02-DEL06-SC,2020
"269262,0",2020-02-14,sexta-feira,22:15:00,SC,101,"64,5",ARAQUARI,Condutor Dormindo,Colisão traseira,Com Vítimas Feridas,Plena Noite,Decrescente,Céu Claro,Dupla,Reta,Não,3,0,1,0,1,1,1,3,-26.46433196,-48.75063097,SPRF-SC,DEL03-SC,UOP02-DEL03-SC,2020
"269294,0",2020-02-15,sábado,00:00:00,SC,101,"186,0",BIGUACU,Desobediência às normas de trânsito pelo pedestre,Tombamento,Com Vítimas Feridas,Plena Noite,Crescente,Céu Claro,Dupla,Curva,Não,4,0,1,0,2,2,1,4,-27.4341098,-48.62567129,SPRF-SC,DEL01-SC,UOP01-DEL01-SC,2020
"269297,0",2020-02-15,sábado,00:20:00,SC,282,"383,0",HERVAL DOESTE,Falta de Atenção à Condução,Colisão frontal,Com Vítimas Feridas,Plena Noite,Crescente,Céu Claro,Simples,Curva,Sim,3,0,0,1,1,2,1,4,-27.200508,-51.507919,SPRF-SC,DEL07-SC,UOP05-DEL07-SC,2020
"269321,0",2020-02-15,sábado,03:20:00,SC,101,"189,0",BIGUACU,Condutor Dormindo,Colisão traseira,Com Vítimas Feridas,Plena Noite,Crescente,Céu Claro,Dupla,Reta,Não,3,0,1,0,2,0,1,3,-27.459393,-48.638914,SPRF-SC,DEL01-SC,UOP01-DEL01-SC,2020
"269323,0",2020-02-15,sábado,04:20:00,SC,101,"332,0",TUBARAO,Falta de Atenção à Condução,Colisão lateral,Sem Vítimas,Plena Noite,Decrescente,Nublado,Simples,Reta,Sim,2,0,0,0,2,0,0,2,-28.46016431,-48.98968873,SPRF-SC,DEL02-SC,UOP01-DEL02-SC,2020
"269339,0",2020-02-15,sábado,06:20:00,SC,282,"15,6",PALHOCA,Desobediência às normas de trânsito pelo condutor,Colisão lateral,Sem Vítimas,Amanhecer,Crescente,Céu Claro,Simples,Interseção de Vias,Sim,3,0,0,0,2,1,0,3,-27.65596834,-48.67942398,SPRF-SC,DEL01-SC,UOP02-DEL01-SC,2020
"269349,0",2020-02-15,sábado,06:50:00,SC,470,"50,0",BLUMENAU,Desobediência às normas de trânsito pelo condutor,Colisão transversal,Sem Vítimas,Pleno dia,Crescente,Sol,Simples,Rotatória,Sim,2,0,0,0,1,1,0,2,-26.86240009,-49.08502579,SPRF-SC,DEL04-SC,UOP01-DEL04-SC,2020
"269394,0",2020-02-15,sábado,06:40:00,SC,470,"219,2",SAO CRISTOVAO DO SUL,Desobediência às normas de trânsito pelo condutor,Colisão frontal,Com Vítimas Fatais,Amanhecer,Crescente,Céu Claro,Simples,Aclive;Reta,Não,3,1,0,0,1,1,0,3,-27.3066,-50.30738,SPRF-SC,DEL05-SC,UOP03-DEL05-SC,2020
"269420,0",2020-02-15,sábado,12:50:00,SC,470,"9,5",NAVEGANTES,Falta de Atenção à Condução,Colisão traseira,Com Vítimas Feridas,Pleno dia,Decrescente,Sol,Simples,Reta,Não,4,0,0,2,1,1,2,4,-26.833143,-48.727432,SPRF-SC,DEL04-SC,UOP04-DEL04-SC,2020
"269515,0",2020-02-15,sábado,14:15:00,SC,282,"492,0",XANXERE,Velocidade Incompatível,Colisão lateral,Sem Vítimas,Pleno dia,Decrescente,Céu Claro,Simples,Curva,Não,1,0,0,0,1,0,0,1,-26.871534,-52.300915,SPRF-SC,DEL07-SC,UOP01-DEL07-SC,2020
"269577,0",2020-01-14,terça-feira,07:15:00,SC,470,"286,8",BRUNOPOLIS,Condutor Dormindo,Colisão lateral,Com Vítimas Feridas,Pleno dia,Crescente,Céu Claro,Simples,Curva,Não,3,0,1,1,0,1,2,3,-27.32847,-50.922611,SPRF-SC,DEL07-SC,UOP06-DEL07-SC,2020
"269624,0",2020-02-16,domingo,14:10:00,SC,101,"187,7",BIGUACU,Falta de Atenção à Condução,Capotamento,Com Vítimas Feridas,Pleno dia,Crescente,Céu Claro,Dupla,Reta,Sim,6,0,4,0,1,3,4,5,-27.44307116,-48.62848475,SPRF-SC,DEL01-SC,UOP01-DEL01-SC,2020
"269694,0",2020-02-16,domingo,15:20:00,SC,282,"519,2",XAXIM,Ingestão de Álcool,Colisão frontal,Com Vítimas Feridas,Pleno dia,Crescente,Chuva,Simples,Reta,Sim,6,0,2,2,1,1,4,4,-26.947527,-52.517536,SPRF-SC,DEL07-SC,UOP01-DEL07-SC,2020
"269706,0",2020-02-16,domingo,18:40:00,SC,101,"168,1",TIJUCAS,Defeito Mecânico no Veículo,Saída de leito carroçável,Com Vítimas Feridas,Anoitecer,Crescente,Céu Claro,Dupla,Rotatória,Não,2,0,0,1,0,1,1,2,-27.279105,-48.631554,SPRF-SC,DEL04-SC,UOP03-DEL04-SC,2020
"269751,0",2020-02-16,domingo,22:15:00,SC,282,"252,0",SAO JOSE DO CERRITO,Velocidade Incompatível,Colisão lateral,Com Vítimas Feridas,Plena Noite,Decrescente,Céu Claro,Simples,Curva,Não,3,0,1,1,1,0,2,2,-27.691267,-50.561481,SPRF-SC,DEL05-SC,UOP02-DEL05-SC,2020
"269772,0",2020-02-17,segunda-feira,05:10:00,SC,101,"328,9",TUBARAO,Animais na Pista,Atropelamento de Animal,Com Vítimas Feridas,Amanhecer,Crescente,Nublado,Dupla,Reta,Sim,3,0,1,0,2,0,1,3,-28.45484498,-48.98069859,SPRF-SC,DEL02-SC,UOP01-DEL02-SC,2020
"269798,0",2020-02-17,segunda-feira,04:50:00,SC,470,"205,0",PONTE ALTA,Defeito na Via,Saída de leito carroçável,Com Vítimas Feridas,Amanhecer,Decrescente,Garoa/Chuvisco,Simples,Declive,Não,2,0,1,0,0,1,1,2,-27.29212,-50.175362,SPRF-SC,DEL05-SC,UOP03-DEL05-SC,2020
"269841,0",2020-02-17,segunda-feira,09:45:00,SC,101,"118,1",ITAJAI,Não guardar distância de segurança,Engavetamento,Com Vítimas Feridas,Pleno dia,Crescente,Céu Claro,Dupla,Reta,Sim,6,0,1,1,4,0,2,5,-26.895859,-48.71903,SPRF-SC,DEL04-SC,UOP04-DEL04-SC,2020
"269854,0",2020-02-17,segunda-feira,07:25:00,SC,282,"446,0",IRANI,Agressão Externa,Tombamento,Com Vítimas Feridas,Pleno dia,Decrescente,Céu Claro,Simples,Reta,Não,1,0,1,0,0,0,1,1,-26.910217,-51.914951,SPRF-SC,DEL07-SC,UOP04-DEL07-SC,2020
"269899,0",2020-02-17,segunda-feira,13:30:00,SC,470,"291,0",CAMPOS NOVOS,Desobediência às normas de trânsito pelo condutor,Colisão traseira,Com Vítimas Feridas,Pleno dia,Crescente,Céu Claro,Simples,Reta,Não,2,0,0,1,1,0,1,2,-27.337597,-50.97187,SPRF-SC,DEL07-SC,UOP06-DEL07-SC,2020
"269920,0",2020-02-17,segunda-feira,14:45:00,SC,470,"114,8",IBIRAMA,Carga excessiva e/ou mal acondicionada,Tombamento,Sem Vítimas,Pleno dia,Decrescente,Sol,Simples,Curva,Não,1,0,0,0,1,0,0,1,-27.08799735,-49.4725728,SPRF-SC,DEL04-SC,UOP02-DEL04-SC,2020
"270071,0",2020-02-18,terça-feira,12:40:00,SC,101,"123,0",ITAJAI,Falta de Atenção à Condução,Colisão com objeto estático,Com Vítimas Feridas,Pleno dia,Crescente,Sol,Dupla,Reta,Sim,2,0,1,0,0,1,1,2,-26.93668609,-48.69876905,SPRF-SC,DEL04-SC,UOP04-DEL04-SC,2020
"270135,0",2020-02-18,terça-feira,19:30:00,SC,158,"119,0",CAIBI,Pista Escorregadia,Saída de leito carroçável,Com Vítimas Feridas,Plena Noite,Crescente,Chuva,Simples,Curva,Não,1,0,0,1,0,0,1,1,-26.97872872,-53.21609974,SPRF-SC,DEL07-SC,UOP02-DEL07-SC,2020
"270148,0",2020-02-18,terça-feira,21:56:00,SC,101,"45,3",JOINVILLE,Velocidade Incompatível,Colisão traseira,Com Vítimas Feridas,Plena Noite,Crescente,Céu Claro,Dupla,Aclive,Sim,3,0,1,0,1,1,1,3,-26.31238996,-48.87458997,SPRF-SC,DEL03-SC,UOP01-DEL03-SC,2020
"270160,0",2020-02-19,quarta-feira,01:00:00,SC,280,"5,5",SAO FRANCISCO DO SUL,Velocidade Incompatível,Colisão transversal,Com Vítimas Feridas,Plena Noite,Decrescente,Céu Claro,Simples,Reta,Sim,3,0,0,1,1,1,1,3,-26.26011706,-48.62571995,SPRF-SC,DEL03-SC,UOP03-DEL03-SC,2020
"270235,0",2020-02-19,quarta-feira,13:45:00,SC,280,"68,9",JARAGUA DO SUL,Falta de Atenção à Condução,Colisão traseira,Com Vítimas Feridas,Pleno dia,Crescente,Céu Claro,Simples,Viaduto,Não,3,0,1,0,2,0,1,2,-26.47277719,-49.11098612,SPRF-SC,DEL03-SC,UOP03-DEL03-SC,2020
"270273,0",2020-02-19,quarta-feira,15:30:00,SC,101,"41,7",JOINVILLE,Falta de Atenção à Condução,Colisão lateral,Com Vítimas Feridas,Pleno dia,Crescente,Nublado,Dupla,Reta,Sim,2,0,1,0,0,1,1,2,-26.28215489,-48.88973081,SPRF-SC,DEL03-SC,UOP01-DEL03-SC,2020
"270280,0",2020-02-19,quarta-feira,16:05:00,SC,470,"125,0",LONTRAS,Falta de Atenção à Condução,Colisão transversal,Com Vítimas Feridas,Pleno dia,Decrescente,Céu Claro,Simples,Reta;Declive,Não,3,0,0,1,1,1,1,3,-27.120506,-49.534946,SPRF-SC,DEL04-SC,UOP02-DEL04-SC,2020
"270332,0",2020-02-19,quarta-feira,22:45:00,SC,101,"254,0",PAULO LOPES,Defeito Mecânico no Veículo,Incêndio,Sem Vítimas,Plena Noite,Decrescente,Nublado,Dupla,Reta,Sim,2,0,0,0,1,1,0,2,-27.97368802,-48.67940247,SPRF-SC,DEL02-SC,UOP03-DEL02-SC,2020
"270340,0",2020-02-20,quinta-feira,00:20:00,SC,470,"58,1",BLUMENAU,Ingestão de Álcool,Colisão frontal,Sem Vítimas,Plena Noite,Decrescente,Céu Claro,Simples,Reta,Não,2,0,0,0,2,0,0,2,-26.883879,-49.145622,SPRF-SC,DEL04-SC,UOP01-DEL04-SC,2020
"270343,0",2020-02-19,quarta-feira,19:30:00,SC,470,"145,0",RIO DO SUL,Falta de Atenção à Condução,Colisão transversal,Com Vítimas Fatais,Plena Noite,Decrescente,Céu Claro,Simples,Reta,Sim,3,1,0,0,1,1,0,3,-27.237301,-49.682217,SPRF-SC,DEL04-SC,UOP02-DEL04-SC,2020
"270344,0",2020-02-19,quarta-feira,20:00:00,SC,470,"190,0",POUSO REDONDO,Velocidade Incompatível,Tombamento,Com Vítimas Feridas,Plena Noite,Decrescente,Nublado,Simples,Curva,Não,2,0,1,1,0,0,2,1,-27.281504,-50.069775,SPRF-SC,DEL04-SC,UOP02-DEL04-SC,2020