id,data_inversa,dia_semana,horario,uf,br,km,municipio,causa_acidente,tipo_acidente,classificacao_acidente,fase_dia,sentido_via,condicao_metereologica,tipo_pista,tracado_via,uso_solo,pessoas,mortos,feridos_leves,feridos_graves,ilesos,ignorados,feridos,veiculos,latitude,longitude,regional,delegacia,uop,ano_arquivo
"270348,0",2020-02-20,quinta-feira,01:15:00,SC,282,"52,6",RANCHO QUEIMADO,Falta de Atenção à Condução,Tombamento,Com Vítimas Feridas,Plena Noite,Crescente,Chuva,Simples,Curva,Não,1,0,1,0,0,0,1,1,-27.696936,-48.964138,SPRF-SC,DEL01-SC,UOP03-DEL01-SC,2020
"270361,0",2020-02-20,quinta-feira,04:20:00,SC,153,"36,3",PONTE SERRADA,Velocidade Incompatível,Tombamento,Com Vítimas Feridas,Plena Noite,Crescente,Céu Claro,Simples,Curva,Não,2,0,1,0,0,1,1,2,-26.821478,-51.720905,SPRF-SC,DEL07-SC,UOP07-DEL07-SC,2020
"270405,0",2020-02-20,quinta-feira,09:00:00,SC,101,"112,0",NAVEGANTES,Falta de Atenção à Condução,Colisão lateral,Com Vítimas Feridas,Pleno dia,Decrescente,Céu Claro,Dupla,Ponte,Não,3,0,0,1,1,2,1,4,-26.84589005,-48.72131295,SPRF-SC,DEL04-SC,UOP04-DEL04-SC,2020
"270425,0",2020-02-20,quinta-feira,10:50:00,SC,282,"17,0",PALHOCA,Desobediência às normas de trânsito pelo condutor,Colisão transversal,Com Vítimas Feridas,Pleno dia,Crescente,Céu Claro,Simples,Reta,Sim,3,0,0,2,1,0,2,2,-27.665707,-48.688065,SPRF-SC,DEL01-SC,UOP02-DEL01-SC,2020
"270457,0",2020-02-20,quinta-feira,10:00:00,SC,282,"599,0",CUNHA PORA,Falta de Atenção à Condução,Colisão transversal,Com Vítimas Feridas,Pleno dia,Crescente,Céu Claro,Simples,Curva,Não,2,0,1,0,1,0,1,2,-26.820206,-53.155052,SPRF-SC,DEL07-SC,UOP02-DEL07-SC,2020
"270476,0",2020-02-20,quinta-feira,15:05:00,SC,101,"205,0",SAO JOSE,Não guardar distância de segurança,Colisão traseira,Com Vítimas Feridas,Pleno dia,Decrescente,Nublado,Dupla,Reta,Sim,4,0,1,0,1,2,1,4,-27.58313237,-48.61532885,SPRF-SC,DEL01-SC,UOP01-DEL01-SC,2020
"270503,0",2020-02-20,quinta-feira,16:00:00,SC,282,"443,2",PONTE SERRADA,Ultrapassagem Indevida,Colisão lateral,Com Vítimas Feridas,Pleno dia,Crescente,Céu Claro,Simples,Reta,Não,4,0,1,1,2,0,2,2,-26.917578,-51.890999,SPRF-SC,DEL07-SC,UOP04-DEL07-SC,2020
"270506,0",2020-02-20,quinta-feira,16:20:00,SC,101,"128,5",BALNEARIO CAMBORIU,Falta de Atenção à Condução,Colisão lateral,Com Vítimas Feridas,Pleno dia,Decrescente,Céu Claro,Dupla,Reta,Sim,4,0,1,0,2,1,1,3,-26.97284292,-48.68299451,SPRF-SC,DEL04-SC,UOP03-DEL04-SC,2020
"270566,0",2020-02-20,quinta-feira,10:25:00,SC,470,"15,0",NAVEGANTES,Velocidade Incompatível,Colisão frontal,Com Vítimas Feridas,Plena Noite,Crescente,Nublado,Simples,Curva,Não,2,0,2,0,0,0,2,2,-26.839785,-48.785534,SPRF-SC,DEL04-SC,UOP04-DEL04-SC,2020
"270571,0",2020-02-21,sexta-feira,00:10:00,SC,282,"517,6",XAXIM,Desobediência às normas de trânsito pelo pedestre,Atropelamento de Pedestre,Com Vítimas Fatais,Plena Noite,Crescente,Céu Claro,Simples,Reta,Não,4,1,0,0,2,1,0,2,-26.939375,-52.500057,SPRF-SC,DEL07-SC,UOP01-DEL07-SC,2020
"270601,0",2020-02-21,sexta-feira,05:30:00,SC,470,"48,7",BLUMENAU,Condutor Dormindo,Colisão lateral,Com Vítimas Feridas,Amanhecer,Decrescente,Nublado,Simples,Curva,Não,4,0,0,1,2,1,1,4,-26.85952871,-49.06099319,SPRF-SC,DEL04-SC,UOP01-DEL04-SC,2020
"270686,0",2020-02-21,sexta-feira,14:10:00,SC,101,"173,0",TIJUCAS,Falta de Atenção à Condução,Colisão traseira,Com Vítimas Feridas,Pleno dia,Decrescente,Céu Claro,Dupla,Reta,Sim,3,0,1,0,1,1,1,3,-27.32203197,-48.62757785,SPRF-SC,DEL04-SC,UOP03-DEL04-SC,2020
"270730,0",2020-02-21,sexta-feira,14:30:00,SC,282,"26,6",SANTO AMARO DA IMPERATRIZ,Falta de Atenção à Condução,Colisão lateral,Com Vítimas Feridas,Pleno dia,Crescente,Nublado,Simples,Reta,Sim,3,0,0,1,1,1,1,3,-27.680267,-48.762482,SPRF-SC,DEL01-SC,UOP03-DEL01-SC,2020
"270816,0",2020-02-21,sexta-feira,20:44:00,SC,101,"131,8",BALNEARIO CAMBORIU,Falta de Atenção à Condução,Colisão traseira,Com Vítimas Fatais,Plena Noite,Crescente,Céu Claro,Dupla,Reta,Sim,5,2,0,0,2,1,0,4,-26.99064209,-48.66310912,SPRF-SC,DEL04-SC,UOP03-DEL04-SC,2020
"270826,0",2020-02-21,sexta-feira,17:40:00,SC,470,"175,1",POUSO REDONDO,Falta de Atenção à Condução,Colisão transversal,Com Vítimas Feridas,Pleno dia,Crescente,Céu Claro,Simples,Aclive,Não,2,0,1,0,1,0,1,2,-27.25617,-49.938969,SPRF-SC,DEL04-SC,UOP02-DEL04-SC,2020
"270861,0",2020-02-22,sábado,03:20:00,SC,101,"301,0",LAGUNA,Falta de Atenção à Condução,Colisão traseira,Com Vítimas Feridas,Plena Noite,Decrescente,Céu Claro,Dupla,Reta,Não,4,0,1,0,2,1,1,3,-28.34625432,-48.73549064,SPRF-SC,DEL02-SC,UOP03-DEL02-SC,2020
"270880,0",2020-02-22,sábado,06:00:00,SC,280,"6,5",SAO FRANCISCO DO SUL,Ingestão de Álcool,Colisão lateral,Sem Vítimas,Amanhecer,Decrescente,Nublado,Simples,Reta,Sim,3,0,0,0,1,3,0,4,-26.26836494,-48.63755822,SPRF-SC,DEL03-SC,UOP03-DEL03-SC,2020
"270983,0",2020-02-22,sábado,12:00:00,SC,282,"526,0",XAXIM,Velocidade Incompatível,Saída de leito carroçável,Com Vítimas Feridas,Pleno dia,Crescente,Sol,Simples,Curva,Não,2,0,1,0,0,1,1,2,-26.969427,-52.57497,SPRF-SC,DEL07-SC,UOP01-DEL07-SC,2020
"270985,0",2020-02-22,sábado,14:10:00,SC,101,"115,9",ITAJAI,Não guardar distância de segurança,Colisão traseira,Com Vítimas Fatais,Pleno dia,Crescente,Sol,Múltipla,Reta,Sim,3,1,0,0,1,5,0,7,-26.87064015,-48.72954134,SPRF-SC,DEL04-SC,UOP04-DEL04-SC,2020
"270988,0",2020-02-22,sábado,12:30:00,SC,101,"262,0",GAROPABA,Ingestão de Álcool,Saída de leito carroçável,Com Vítimas Feridas,Pleno dia,Decrescente,Céu Claro,Dupla,Reta,Não,2,0,1,0,1,0,1,2,-28.0353863,-48.70884453,SPRF-SC,DEL02-SC,UOP03-DEL02-SC,2020
"271123,0",2020-02-22,sábado,21:35:00,SC,116,"202,0",PONTE ALTA,Falta de Atenção à Condução,Colisão traseira,Sem Vítimas,Plena Noite,Decrescente,Céu Claro,Simples,Reta,Não,3,0,0,0,1,2,0,3,-27.44129626,-50.39571452,SPRF-SC,DEL05-SC,UOP03-DEL05-SC,2020
"271142,0",2020-02-23,domingo,03:25:00,SC,101,"84,0",BARRA VELHA,Falta de Atenção à Condução,Colisão traseira,Com Vítimas Feridas,Plena Noite,Decrescente,Céu Claro,Dupla,Reta,Não,3,0,1,0,2,0,1,2,-26.62404682,-48.71394986,SPRF-SC,DEL03-SC,UOP02-DEL03-SC,2020
"271166,0",2020-01-30,quinta-feira,14:55:00,SC,153,"47,0",VARGEM BONITA,Falta de Atenção à Condução,Colisão lateral,Com Vítimas Feridas,Pleno dia,Decrescente,Chuva,Simples,Curva,Não,3,0,1,0,1,1,1,3,-26.91014995,-51.78648233,SPRF-SC,DEL07-SC,UOP07-DEL07-SC,2020
"271254,0",2020-02-23,domingo,08:45:00,SC,470,"112,0",IBIRAMA,Carga excessiva e/ou mal acondicionada,Tombamento,Com Vítimas Feridas,Pleno dia,Crescente,Céu Claro,Simples,Curva,Não,2,0,1,0,0,1,1,2,-27.09701,-49.462887,SPRF-SC,DEL04-SC,UOP02-DEL04-SC,2020
"271340,0",2020-02-23,domingo,18:40:00,SC,470,"124,8",IBIRAMA,Velocidade Incompatível,Colisão frontal,Com Vítimas Feridas,Pleno dia,Decrescente,Sol,Simples,Reta,Sim,3,0,1,0,1,2,1,4,-27.113192,-49.529163,SPRF-SC,DEL04-SC,UOP02-DEL04-SC,2020
"271355,0",2020-02-24,segunda-feira,00:45:00,SC,470,"6,8",NAVEGANTES,Defeito na Via,Colisão frontal,Com Vítimas Fatais,Plena Noite,Decrescente,Nublado,Simples,Curva;Em Obras;Desvio Temporário,Sim,2,1,0,0,1,0,0,2,-26.852238,-48.709545,SPRF-SC,DEL04-SC,UOP04-DEL04-SC,2020
"271393,0",2020-02-24,segunda-feira,09:15:00,SC,101,"138,3",BALNEARIO CAMBORIU,Desobediência às normas de trânsito pelo condutor,Colisão transversal,Com Vítimas Feridas,Pleno dia,Crescente,Céu Claro,Dupla,Reta,Sim,2,0,1,0,1,0,1,2,-27.02397426,-48.60761649,SPRF-SC,DEL04-SC,UOP03-DEL04-SC,2020
"271517,0",2020-02-24,segunda-feira,22:05:00,SC,282,"309,3",VARGEM,Velocidade Incompatível,Tombamento,Com Vítimas Feridas,Plena Noite,Crescente,Chuva,Simples,Curva,Não,2,0,1,0,0,1,1,2,-27.48921898,-50.97984552,SPRF-SC,DEL07-SC,UOP06-DEL07-SC,2020
"271522,0",2020-02-25,terça-feira,00:20:00,SC,470,"3,1",NAVEGANTES,Ingestão de Álcool,Colisão traseira,Com Vítimas Feridas,Plena Noite,Crescente,Nublado,Dupla,Reta,Sim,6,0,1,2,2,1,3,3,-26.861937,-48.681618,SPRF-SC,DEL04-SC,UOP04-DEL04-SC,2020
"271537,0",2020-02-25,terça-feira,05:20:00,SC,101,"123,0",ITAJAI,Falta de Atenção à Condução,Queda de ocupante de veículo,Com Vítimas Feridas,Amanhecer,Crescente,Céu Claro,Dupla,Reta,Não,3,0,1,0,1,1,1,2,-26.93668609,-48.69876905,SPRF-SC,DEL04-SC,UOP04-DEL04-SC,2020
"271570,0",2020-02-25,terça-feira,07:00:00,SC,470,"178,5",POUSO REDONDO,Velocidade Incompatível,Tombamento,Com Vítimas Feridas,Pleno dia,Crescente,Chuva,Simples,Reta,Não,2,0,1,0,1,0,1,1,-27.248392,-49.967083,SPRF-SC,DEL04-SC,UOP02-DEL04-SC,2020
"271845,0",2020-02-26,quarta-feira,16:10:00,SC,101,"128,1",ITAJAI,Falta de Atenção à Condução,Colisão lateral,Com Vítimas Feridas,Pleno dia,Decrescente,Chuva,Dupla,Reta,Não,3,0,1,0,2,0,1,2,-26.97284292,-48.68299451,SPRF-SC,DEL04-SC,UOP03-DEL04-SC,2020
"271886,0",2020-02-26,quarta-feira,18:20:00,SC,101,"144,0",ITAPEMA,Falta de Atenção à Condução,Colisão lateral,Sem Vítimas,Anoitecer,Decrescente,Nublado,Dupla,Reta,Não,2,0,0,0,2,0,0,2,-27.0732659,-48.59672716,SPRF-SC,DEL04-SC,UOP03-DEL04-SC,2020
"271907,0",2020-02-26,quarta-feira,19:20:00,SC,101,"145,0",ITAPEMA,Falta de Atenção à Condução,Colisão lateral,Com Vítimas Feridas,Plena Noite,Decrescente,Nublado,Dupla,Aclive,Sim,3,0,0,1,2,0,1,3,-27.08139206,-48.60130993,SPRF-SC,DEL04-SC,UOP03-DEL04-SC,2020
"271954,0",2020-02-27,quinta-feira,04:45:00,SC,470,"35,1",GASPAR,Falta de Atenção à Condução,Colisão frontal,Com Vítimas Feridas,Plena Noite,Decrescente,Nublado,Dupla,Desvio Temporário;Reta;Em Obras,Não,2,0,0,1,1,0,1,2,-26.91325993,-48.96213904,SPRF-SC,DEL04-SC,UOP01-DEL04-SC,2020
"271963,0",2020-02-27,quinta-feira,06:50:00,SC,282,"3,5",FLORIANOPOLIS,Falta de Atenção à Condução,Colisão lateral,Sem Vítimas,Pleno dia,Decrescente,Céu Claro,Dupla,Reta,Não,2,0,0,0,2,0,0,2,-27.59256879,-48.60409498,SPRF-SC,DEL01-SC,UOP01-DEL01-SC,2020
"272019,0",2020-02-27,quinta-feira,12:00:00,SC,163,"69,4",SAO MIGUEL DO OESTE,Velocidade Incompatível,Colisão traseira,Com Vítimas Feridas,Pleno dia,Crescente,Céu Claro,Dupla,Reta,Sim,3,0,1,0,2,0,1,3,-26.72656918,-53.51291031,SPRF-SC,DEL07-SC,UOP03-DEL07-SC,2020
"272021,0",2020-02-27,quinta-feira,14:10:00,SC,280,"53,8",GUARAMIRIM,Desobediência às normas de trânsito pelo condutor,Colisão traseira,Com Vítimas Feridas,Pleno dia,Crescente,Céu Claro,Simples,Reta,Não,2,0,1,0,1,0,1,2,-26.47236756,-48.97426617,SPRF-SC,DEL03-SC,UOP03-DEL03-SC,2020
"272053,0",2020-01-21,terça-feira,17:30:00,SC,282,"424,8",VARGEM BONITA,Velocidade Incompatível,Colisão frontal,Sem Vítimas,Pleno dia,Decrescente,Chuva,Simples,Declive;Curva,Não,3,0,0,0,2,2,0,4,-26.988014,-51.753124,SPRF-SC,DEL07-SC,UOP05-DEL07-SC,2020
"272058,0",2020-02-27,quinta-feira,17:15:00,SC,282,"164,8",BOCAINA DO SUL,Condutor Dormindo,Saída de leito carroçável,Sem Vítimas,Pleno dia,Decrescente,Céu Claro,Simples,Reta,Não,1,0,0,0,1,0,0,1,-27.733187,-49.792793,SPRF-SC,DEL05-SC,UOP01-DEL05-SC,2020
"272086,0",2020-02-27,quinta-feira,14:50:00,SC,116,"156,7",SANTA CECILIA,Velocidade Incompatível,Tombamento,Com Vítimas Feridas,Pleno dia,Decrescente,Sol,Simples,Curva,Não,2,0,0,1,0,1,1,2,-27.08283738,-50.4374814,SPRF-SC,DEL06-SC,UOP02-DEL06-SC,2020
"272109,0",2020-02-28,sexta-feira,02:00:00,SC,101,"146,0",ITAPEMA,Objeto estático sobre o leito carroçável,Colisão com objeto estático,Com Vítimas Feridas,Plena Noite,Decrescente,Céu Claro,Múltipla,Curva,Sim,1,0,1,0,0,0,1,1,-27.08666525,-48.60955587,SPRF-SC,DEL04-SC,UOP03-DEL04-SC,2020
"272110,0",2020-02-28,sexta-feira,02:15:00,SC,101,"47,6",JOINVILLE,Condutor Dormindo,Colisão traseira,Com Vítimas Feridas,Plena Noite,Crescente,Céu Claro,Dupla,Reta,Não,3,0,0,1,1,1,1,3,-26.34234997,-48.85840089,SPRF-SC,DEL03-SC,UOP01-DEL03-SC,2020
"272156,0",2020-02-28,sexta-feira,07:45:00,SC,470,"243,6",CURITIBANOS,Falta de Atenção à Condução,Colisão lateral,Com Vítimas Feridas,Pleno dia,Decrescente,Céu Claro,Simples,Curva,Não,2,0,1,0,1,0,1,2,-27.315144,-50.506874,SPRF-SC,DEL05-SC,UOP03-DEL05-SC,2020
"272251,0",2020-02-28,sexta-feira,20:00:00,SC,101,"192,5",BIGUACU,Desobediência às normas de trânsito pelo condutor,Colisão lateral,Sem Vítimas,Plena Noite,Crescente,Nublado,Múltipla,Reta,Sim,3,0,0,0,3,0,0,3,-27.48443781,-48.64765238,SPRF-SC,DEL01-SC,UOP01-DEL01-SC,2020
"272305,0",2020-02-29,sábado,03:40:00,SC,280,"6,0",SAO FRANCISCO DO SUL,Falta de Atenção à Condução,Colisão com objeto estático,Com Vítimas Feridas,Pleno dia,Crescente,Nublado,Simples,Reta,Não,3,0,0,1,0,3,1,4,-26.26569095,-48.63361804,SPRF-SC,DEL03-SC,UOP03-DEL03-SC,2020
"272316,0",2020-02-29,sábado,04:15:00,SC,282,"641,6",SAO MIGUEL DO OESTE,Ingestão de Álcool,Saída de leito carroçável,Sem Vítimas,Plena Noite,Decrescente,Céu Claro,Simples,Reta;Declive,Não,1,0,0,0,0,1,0,1,-26.77293209,-53.46114635,SPRF-SC,DEL07-SC,UOP03-DEL07-SC,2020
"272352,0",2020-02-29,sábado,10:55:00,SC,470,"7,4",NAVEGANTES,Desobediência às normas de trânsito pelo condutor,Colisão frontal,Com Vítimas Feridas,Pleno dia,Crescente,Céu Claro,Simples,Reta,Não,4,0,0,1,1,2,1,4,-26.84499,-48.71505,SPRF-SC,DEL04-SC,UOP04-DEL04-SC,2020
"272358,0",2020-02-29,sábado,11:50:00,SC,282,"15,0",PALHOCA,Desobediência às normas de trânsito pelo condutor,Atropelamento de Pedestre,Com Vítimas Feridas,Pleno dia,Decrescente,Céu Claro,Simples,Reta,Sim,3,0,1,0,2,0,1,3,-27.651848,-48.676048,SPRF-SC,DEL01-SC,UOP02-DEL01-SC,2020
"272375,0",2020-02-29,sábado,11:20:00,SC,153,"59,0",IRANI,Falta de Atenção à Condução,Colisão transversal,Com Vítimas Feridas,Pleno dia,Decrescente,Céu Claro,Simples,Interseção de Vias,Não,4,0,1,0,2,1,1,3,-26.9692017,-51.85443878,SPRF-SC,DEL07-SC,UOP04-DEL07-SC,2020
"272422,0",2020-02-29,sábado,18:05:00,SC,101,"212,4",PALHOCA,Desobediência às normas de trânsito pelo condutor,Saída de leito carroçável,Com Vítimas Feridas,Pleno dia,Crescente,Nublado,Múltipla,Reta,Sim,3,0,1,0,1,1,1,3,-27.62996929,-48.65903871,SPRF-SC,DEL01-SC,UOP02-DEL01-SC,2020
"272438,0",2020-02-29,sábado,11:10:00,SC,116,"98,8",MONTE CASTELO,Falta de Atenção à Condução,Colisão transversal,Com Vítimas Feridas,Pleno dia,Crescente,Céu Claro,Simples,Reta,Não,3,0,0,1,1,1,1,3,-26.70617499,-50.29253434,SPRF-SC,DEL06-SC,UOP02-DEL06-SC,2020
"272507,0",2020-03-01,domingo,03:00:00,SC,101,"57,5",ARAQUARI,Condutor Dormindo,Colisão com objeto estático,Com Vítimas Feridas,Plena Noite,Crescente,Nublado,Dupla,Curva,Não,4,0,2,0,1,1,2,3,-26.4383693,-48.80326509,SPRF-SC,DEL03-SC,UOP01-DEL03-SC,2020
"272578,0",2020-03-01,domingo,08:50:00,SC,153,"80,9",IRANI,Velocidade Incompatível,Tombamento,Sem Vítimas,Amanhecer,Crescente,Céu Claro,Simples,Curva,Não,1,0,0,0,1,0,0,1,-27.117521,-51.914806,SPRF-SC,DEL07-SC,UOP04-DEL07-SC,2020
"272581,0",2020-02-27,quinta-feira,04:50:00,SC,282,"33,2",AGUAS MORNAS,Ultrapassagem Indevida,Tombamento,Sem Vítimas,Plena Noite,Decrescente,Céu Claro,Simples,Declive;Curva,Não,1,0,0,0,1,0,0,1,-27.706587,-48.808144,SPRF-SC,DEL01-SC,UOP03-DEL01-SC,2020
"272623,0",2020-03-01,domingo,15:55:00,SC,101,"310,2",LAGUNA,Defeito Mecânico no Veículo,Colisão traseira,Com Vítimas Feridas,Pleno dia,Decrescente,Céu Claro,Múltipla,Reta,Não,3,0,1,0,2,0,1,2,-28.41679416,-48.79529064,SPRF-SC,DEL02-SC,UOP01-DEL02-SC,2020
"272709,0",2020-03-01,domingo,22:30:00,SC,101,"171,0",TIJUCAS,Desobediência às normas de trânsito pelo condutor,Colisão traseira,Com Vítimas Feridas,Plena Noite,Crescente,Céu Claro,Dupla,Reta,Não,4,0,1,0,2,1,1,3,-27.30546499,-48.63258412,SPRF-SC,DEL04-SC,UOP03-DEL04-SC,2020
"272726,0",2020-03-01,domingo,21:05:00,SC,101,"363,2",SANGAO,Falta de Atenção à Condução,Colisão traseira,Com Vítimas Fatais,Plena Noite,Crescente,Chuva,Dupla,Viaduto;Reta;Declive,Não,5,1,0,0,2,2,0,5,-28.67897383,-49.14004326,SPRF-SC,DEL02-SC,UOP01-DEL02-SC,2020
"272804,0",2020-03-02,segunda-feira,08:20:00,SC,101,"361,2",SANGAO,Falta de Atenção à Condução,Colisão lateral,Com Vítimas Feridas,Pleno dia,Decrescente,Céu Claro,Dupla,Curva,Não,4,0,2,0,1,1,2,3,-28.67703407,-49.12811279,SPRF-SC,DEL02-SC,UOP01-DEL02-SC,2020
"272878,0",2020-03-02,segunda-feira,17:40:00,SC,280,"25,6",ARAQUARI,Falta de Atenção à Condução,Colisão traseira,Com Vítimas Feridas,Pleno dia,Decrescente,Nublado,Simples,Reta,Não,2,0,1,0,1,0,1,2,-26.38352781,-48.72677516,SPRF-SC,DEL03-SC,UOP03-DEL03-SC,2020
"272944,0",2020-03-02,segunda-feira,22:20:00,SC,282,"98,3",ALFREDO WAGNER,Ingestão de Álcool,Colisão frontal,Com Vítimas Feridas,Plena Noite,Crescente,Céu Claro,Simples,Reta,Não,3,0,0,1,1,2,1,4,-27.702288,-49.279648,SPRF-SC,DEL01-SC,UOP03-DEL01-SC,2020
"272991,0",2020-03-03,terça-feira,07:50:00,SC,101,"141,0",BALNEARIO CAMBORIU,Velocidade Incompatível,Colisão com objeto estático,Com Vítimas Feridas,Pleno dia,Crescente,Céu Claro,Múltipla,Curva,Não,1,0,1,0,0,0,1,1,-27.04761729,-48.59995855,SPRF-SC,DEL04-SC,UOP03-DEL04-SC,2020
"273028,0",2020-03-03,terça-feira,13:00:00,SC,101,"88,0",BARRA VELHA,Mal Súbito,Colisão lateral,Com Vítimas Feridas,Pleno dia,Decrescente,Céu Claro,Dupla,Curva;Declive,Sim,4,0,1,0,2,1,1,3,-26.64253985,-48.68950684,SPRF-SC,DEL03-SC,UOP02-DEL03-SC,2020
"273134,0",2020-03-03,terça-feira,22:45:00,SC,480,"122,8",CHAPECO,Defeito Mecânico no Veículo,Colisão traseira,Sem Vítimas,Plena Noite,Decrescente,Céu Claro,Dupla,Reta,Sim,3,0,0,0,2,1,0,3,-27.00079038,-52.64545441,SPRF-SC,DEL07-SC,UOP01-DEL07-SC,2020
"273158,0",2020-03-04,quarta-feira,00:01:00,SC,280,"111,0",SAO BENTO DO SUL,Condutor Dormindo,Saída de leito carroçável,Com Vítimas Feridas,Pleno dia,Crescente,Céu Claro,Simples,Curva,Não,2,0,1,0,0,1,1,2,-26.31295828,-49.38837778,SPRF-SC,DEL06-SC,UOP03-DEL06-SC,2020
"273166,0",2020-03-04,quarta-feira,07:30:00,SC,101,"210,0",SAO JOSE,Desobediência às normas de trânsito pelo condutor,Colisão lateral,Com Vítimas Feridas,Pleno dia,Crescente,Céu Claro,Dupla,Reta,Sim,3,0,1,0,2,0,1,3,-27.6167305,-48.6457265,SPRF-SC,DEL01-SC,UOP01-DEL01-SC,2020
"273177,0",2020-03-04,quarta-feira,07:50:00,SC,101,"210,5",SAO JOSE,Falta de Atenção à Condução,Colisão traseira,Com Vítimas Feridas,Pleno dia,Crescente,Céu Claro,Dupla,Reta,Sim,3,0,1,0,1,1,1,3,-27.620307,-48.64889324,SPRF-SC,DEL01-SC,UOP01-DEL01-SC,2020
"273181,0",2020-03-04,quarta-feira,09:00:00,SC,101,"139,0",BALNEARIO CAMBORIU,Não guardar distância de segurança,Colisão traseira,Com Vítimas Feridas,Pleno dia,Crescente,Céu Claro,Múltipla,Aclive,Não,3,0,2,0,1,0,2,2,-27.02982303,-48.60115006,SPRF-SC,DEL04-SC,UOP03-DEL04-SC,2020
"273243,0",2020-03-04,quarta-feira,15:45:00,SC,470,"128,0",LONTRAS,Falta de Atenção à Condução,Colisão transversal,Com Vítimas Fatais,Pleno dia,Decrescente,Céu Claro,Simples,Reta,Não,3,1,0,0,2,0,0,2,-27.143742,-49.548897,SPRF-SC,DEL04-SC,UOP02-DEL04-SC,2020
"273244,0",2020-03-04,quarta-feira,08:30:00,SC,116,"156,8",SANTA CECILIA,Velocidade Incompatível,Tombamento,Com Vítimas Feridas,Pleno dia,Decrescente,Céu Claro,Simples,Declive;Curva,Não,2,0,1,0,0,1,1,2,-27.08005798,-50.43641901,SPRF-SC,DEL06-SC,UOP02-DEL06-SC,2020
"273298,0",2020-03-04,quarta-feira,19:00:00,SC,282,"51,8",RANCHO QUEIMADO,Defeito Mecânico no Veículo,Saída de leito carroçável,Com Vítimas Feridas,Plena Noite,Decrescente,Céu Claro,Simples,Curva,Não,1,0,1,0,0,0,1,1,-27.703712,-48.959267,SPRF-SC,DEL01-SC,UOP03-DEL01-SC,2020
"273320,0",2020-03-04,quarta-feira,21:45:00,SC,470,"106,7",IBIRAMA,Desobediência às normas de trânsito pelo condutor,Saída de leito carroçável,Com Vítimas Feridas,Plena Noite,Decrescente,Céu Claro,Simples,Reta,Não,2,0,1,0,0,1,1,2,-27.073105,-49.422935,SPRF-SC,DEL04-SC,UOP02-DEL04-SC,2020
"273385,0",2020-03-05,quinta-feira,11:45:00,SC,470,"170,7",POUSO REDONDO,Desobediência às normas de trânsito pelo condutor,Colisão lateral,Com Vítimas Feridas,Pleno dia,Crescente,Sol,Simples,Curva;Declive,Não,2,0,0,1,1,0,1,2,-27.265903,-49.892441,SPRF-SC,DEL04-SC,UOP02-DEL04-SC,2020
"273434,0",2020-03-05,quinta-feira,18:00:00,SC,153,"65,0",IRANI,Falta de Atenção à Condução,Colisão transversal,Com Vítimas Feridas,Pleno dia,Crescente,Céu Claro,Simples,Reta,Não,3,0,3,0,0,0,3,2,-27.011721,-51.876862,SPRF-SC,DEL07-SC,UOP04-DEL07-SC,2020
"273435,0",2020-03-05,quinta-feira,19:10:00,SC,280,"55,0",GUARAMIRIM,Falta de Atenção à Condução,Colisão transversal,Com Vítimas Feridas,Plena Noite,Decrescente,Céu Claro,Simples,Reta,Sim,3,0,0,1,2,0,1,2,-26.47584353,-48.9937858,SPRF-SC,DEL03-SC,UOP03-DEL03-SC,2020
"273474,0",2020-03-05,quinta-feira,22:50:00,SC,470,"120,9",IBIRAMA,Velocidade Incompatível,Tombamento,Com Vítimas Feridas,Plena Noite,Decrescente,Céu Claro,Simples,Curva,Não,5,0,2,1,1,1,3,3,-27.089924,-49.520416,SPRF-SC,DEL04-SC,UOP02-DEL04-SC,2020
"273480,0",2020-03-05,quinta-feira,22:35:00,SC,153,"21,8",AGUA DOCE,Ingestão de Álcool,Tombamento,Sem Vítimas,Plena Noite,Decrescente,Céu Claro,Simples,Reta,Não,2,0,0,0,1,2,0,3,-26.725967,-51.633724,SPRF-SC,DEL07-SC,UOP07-DEL07-SC,2020
"273522,0",2020-03-06,sexta-feira,07:20:00,SC,101,"239,3",PALHOCA,Animais na Pista,Colisão lateral,Com Vítimas Feridas,Pleno dia,Decrescente,Nublado,Dupla,Reta,Não,5,0,1,0,3,2,1,6,-27.85046883,-48.63955216,SPRF-SC,DEL01-SC,UOP02-DEL01-SC,2020
"273536,0",2020-02-27,quinta-feira,13:00:00,SC,101,"417,9",ARARANGUA,Falta de Atenção à Condução,Colisão traseira,Sem Vítimas,Pleno dia,Crescente,Céu Claro,Dupla,Reta,Sim,2,0,0,0,2,0,0,2,-28.97376391,-49.53023409,SPRF-SC,DEL02-SC,UOP02-DEL02-SC,2020
"273808,0",2020-03-07,sábado,11:25:00,SC,101,"356,2",SANGAO,Condutor Dormindo,Saída de leito carroçável,Com Vítimas Feridas,Pleno dia,Crescente,Céu Claro,Dupla,Reta,Não,3,0,1,1,0,1,2,2,-28.63621212,-49.09635544,SPRF-SC,DEL02-SC,UOP01-DEL02-SC,2020
"273916,0",2020-03-07,sábado,20:20:00,SC,101,"106,8",PENHA,Falta de Atenção à Condução,Colisão com objeto estático,Com Vítimas Fatais,Plena Noite,Crescente,Nublado,Dupla,Curva,Sim,2,1,0,0,0,1,0,2,-26.82051265,-48.68492603,SPRF-SC,DEL03-SC,UOP02-DEL03-SC,2020
"273929,0",2020-03-07,sábado,23:20:00,SC,101,"116,0",ITAJAI,Falta de Atenção do Pedestre,Atropelamento de Pedestre,Com Vítimas Feridas,Plena Noite,Crescente,Céu Claro,Dupla,Reta,Não,3,0,1,0,1,1,1,3,-26.87905605,-48.72603512,SPRF-SC,DEL04-SC,UOP04-DEL04-SC,2020