id,data_inversa,dia_semana,horario,uf,br,km,municipio,causa_acidente,tipo_acidente,classificacao_acidente,fase_dia,sentido_via,condicao_metereologica,tipo_pista,tracado_via,uso_solo,pessoas,mortos,feridos_leves,feridos_graves,ilesos,ignorados,feridos,veiculos,latitude,longitude,regional,delegacia,uop,ano_arquivo
"287979,0",2020-06-03,quarta-feira,16:15:00,SC,280,"131,0",RIO NEGRINHO,Carga excessiva e/ou mal acondicionada,Danos eventuais,Sem Vítimas,Pleno dia,Crescente,Chuva,Simples,Rotatória,Sim,2,0,0,0,1,1,0,2,-26.24544574,-49.52166796,SPRF-SC,DEL06-SC,UOP03-DEL06-SC,2020
"288015,0",2020-06-03,quarta-feira,16:15:00,SC,116,"220,5",CORREIA PINTO,Falta de Atenção à Condução,Colisão transversal,Com Vítimas Feridas,Pleno dia,Crescente,Céu Claro,Simples,Rotatória,Não,2,0,1,0,1,0,1,2,-27.59083821,-50.36252975,SPRF-SC,DEL05-SC,UOP03-DEL05-SC,2020
"288029,0",2020-06-04,quinta-feira,07:25:00,SC,116,"204,0",SAO JOSE,Falta de Atenção à Condução,Colisão lateral,Com Vítimas Feridas,Pleno dia,Decrescente,Céu Claro,Dupla,Reta,Sim,3,0,1,0,1,1,1,3,-27.57437143,-48.61342907,SPRF-SC,DEL05-SC,UOP03-DEL05-SC,2020
"288031,0",2020-06-04,quinta-feira,06:50:00,SC,280,"167,0",MAFRA,Falta de Atenção à Condução,Colisão transversal,Com Vítimas Feridas,Pleno dia,Crescente,Garoa/Chuvisco,Simples,Reta,Sim,2,0,1,0,1,0,1,2,-26.16857105,-49.81820938,SPRF-SC,DEL06-SC,UOP01-DEL06-SC,2020
"288044,0",2020-05-19,terça-feira,17:45:00,SC,470,"219,8",SAO CRISTOVAO DO SUL,Ultrapassagem Indevida,Colisão frontal,Com Vítimas Feridas,Anoitecer,Decrescente,Céu Claro,Simples,Reta,Não,4,0,0,2,1,2,2,5,-27.302975,-50.303108,SPRF-SC,DEL05-SC,UOP03-DEL05-SC,2020
"288086,0",2020-06-04,quinta-feira,13:30:00,SC,101,"211,0",PALHOCA,Falta de Atenção à Condução,Colisão traseira,Com Vítimas Feridas,Pleno dia,Crescente,Nublado,Múltipla,Reta,Sim,5,0,3,0,2,0,3,2,-27.62329313,-48.65245588,SPRF-SC,DEL01-SC,UOP02-DEL01-SC,2020
"288102,0",2020-06-04,quinta-feira,16:00:00,SC,470,"118,0",IBIRAMA,Falta de Atenção à Condução,Tombamento,Com Vítimas Feridas,Pleno dia,Decrescente,Nublado,Simples,Curva,Não,1,0,1,0,0,0,1,1,-27.082176,-49.511818,SPRF-SC,DEL04-SC,UOP02-DEL04-SC,2020
"288107,0",2020-06-04,quinta-feira,15:35:00,SC,101,"339,2",TUBARAO,Não guardar distância de segurança,Colisão traseira,Com Vítimas Feridas,Pleno dia,Decrescente,Nublado,Dupla,Aclive,Sim,4,0,1,0,2,2,1,4,-28.50750414,-49.04970646,SPRF-SC,DEL02-SC,UOP01-DEL02-SC,2020
"288160,0",2020-06-04,quinta-feira,20:30:00,SC,282,"600,2",CUNHA PORA,Falta de Atenção à Condução,Colisão lateral,Com Vítimas Feridas,Plena Noite,Crescente,Chuva,Simples,Curva,Não,3,0,1,0,1,1,1,3,-26.816374,-53.163918,SPRF-SC,DEL07-SC,UOP02-DEL07-SC,2020
"288172,0",2020-06-04,quinta-feira,21:50:00,SC,280,"167,7",MAFRA,Mal Súbito,Colisão frontal,Com Vítimas Fatais,Plena Noite,Decrescente,Garoa/Chuvisco,Simples,Reta,Sim,2,1,0,0,1,0,0,2,-26.16857105,-49.81820938,SPRF-SC,DEL06-SC,UOP01-DEL06-SC,2020
"288175,0",2020-06-04,quinta-feira,23:30:00,SC,470,"126,1",LONTRAS,Falta de Atenção à Condução,Colisão frontal,Com Vítimas Feridas,Plena Noite,Crescente,Garoa/Chuvisco,Simples,Reta;Aclive,Sim,5,0,1,2,1,1,3,3,-27.129,-49.538277,SPRF-SC,DEL04-SC,UOP02-DEL04-SC,2020
"288178,0",2020-06-05,sexta-feira,00:15:00,SC,116,"204,2",PONTE ALTA,Condutor Dormindo,Capotamento,Com Vítimas Feridas,Pleno dia,Crescente,Garoa/Chuvisco,Simples,Reta,Não,2,0,2,0,0,0,2,1,-27.45772582,-50.39132057,SPRF-SC,DEL05-SC,UOP03-DEL05-SC,2020
"288189,0",2020-06-05,sexta-feira,01:30:00,SC,101,"210,0",SAO JOSE,Pista Escorregadia,Colisão traseira,Com Vítimas Feridas,Plena Noite,Decrescente,Chuva,Dupla,Reta,Sim,3,0,1,0,1,1,1,3,-27.6167305,-48.6457265,SPRF-SC,DEL01-SC,UOP01-DEL01-SC,2020
"288196,0",2020-06-05,sexta-feira,01:40:00,SC,470,"281,0",BRUNOPOLIS,Velocidade Incompatível,Colisão frontal,Com Vítimas Feridas,Plena Noite,Decrescente,Chuva,Simples,Curva,Não,2,0,1,0,1,0,1,2,-27.335979,-50.876652,SPRF-SC,DEL07-SC,UOP06-DEL07-SC,2020
"288213,0",2020-06-05,sexta-feira,04:00:00,SC,101,"291,0",IMBITUBA,Ingestão de Álcool,Colisão traseira,Com Vítimas Feridas,Plena Noite,Crescente,Chuva,Dupla,Aclive;Reta,Não,4,0,1,1,1,2,2,4,-28.26980586,-48.70081551,SPRF-SC,DEL02-SC,UOP03-DEL02-SC,2020
"288225,0",2020-06-05,sexta-feira,08:30:00,SC,470,"163,0",TROMBUDO CENTRAL,Velocidade Incompatível,Colisão frontal,Com Vítimas Feridas,Pleno dia,Decrescente,Chuva,Simples,Curva,Não,4,0,1,1,1,1,2,3,-27.28688,-49.77925,SPRF-SC,DEL04-SC,UOP02-DEL04-SC,2020
"288248,0",2020-06-05,sexta-feira,10:43:00,SC,116,"245,5",LAGES,Desobediência às normas de trânsito pelo condutor,Colisão transversal,Com Vítimas Feridas,Pleno dia,Crescente,Garoa/Chuvisco,Simples,Interseção de Vias,Sim,4,0,1,0,3,0,1,2,-27.79978163,-50.36367474,SPRF-SC,DEL05-SC,UOP01-DEL05-SC,2020
"288258,0",2020-06-05,sexta-feira,10:00:00,SC,158,"121,4",CAIBI,Pista Escorregadia,Colisão frontal,Com Vítimas Feridas,Pleno dia,Crescente,Garoa/Chuvisco,Simples,Curva,Não,3,0,0,1,2,0,1,2,-26.96828374,-53.21631432,SPRF-SC,DEL07-SC,UOP02-DEL07-SC,2020
"288266,0",2020-06-05,sexta-feira,13:30:00,SC,101,"192,0",BIGUACU,Falta de Atenção à Condução,Danos eventuais,Com Vítimas Feridas,Pleno dia,Decrescente,Chuva,Dupla,Reta,Não,1,0,1,0,0,0,1,1,-27.48443781,-48.64765238,SPRF-SC,DEL01-SC,UOP01-DEL01-SC,2020
"288306,0",2020-06-05,sexta-feira,18:00:00,SC,470,"129,0",LONTRAS,Desobediência às normas de trânsito pelo condutor,Colisão traseira,Com Vítimas Feridas,Plena Noite,Decrescente,Chuva,Simples,Reta,Não,2,0,1,0,1,0,1,2,-27.148499,-49.556137,SPRF-SC,DEL04-SC,UOP02-DEL04-SC,2020
"288331,0",2020-06-05,sexta-feira,18:10:00,SC,282,"526,3",XAXIM,Ultrapassagem Indevida,Colisão frontal,Com Vítimas Feridas,Plena Noite,Crescente,Chuva,Simples,Reta,Não,4,0,0,1,1,2,1,4,-26.969427,-52.57497,SPRF-SC,DEL07-SC,UOP01-DEL07-SC,2020
"288362,0",2020-06-05,sexta-feira,22:15:00,SC,101,"240,4",PALHOCA,Falta de Atenção à Condução,Tombamento,Com Vítimas Feridas,Plena Noite,Crescente,Chuva,Dupla,Reta,Não,2,0,0,1,0,1,1,2,-27.85825092,-48.64383119,SPRF-SC,DEL01-SC,UOP02-DEL01-SC,2020
"288407,0",2020-06-06,sábado,02:55:00,SC,101,"19,0",JOINVILLE,Ingestão de Álcool,Saída de leito carroçável,Sem Vítimas,Plena Noite,Crescente,Garoa/Chuvisco,Dupla,Aclive,Não,1,0,0,0,1,0,0,1,-26.13376586,-48.89661416,SPRF-SC,DEL03-SC,UOP01-DEL03-SC,2020
"288424,0",2020-06-06,sábado,04:30:00,SC,282,"20,5",PALHOCA,Condutor Dormindo,Saída de leito carroçável,Sem Vítimas,Plena Noite,Crescente,Chuva,Simples,Reta,Não,1,0,0,0,1,0,0,1,-27.68865833,-48.71483803,SPRF-SC,DEL01-SC,UOP02-DEL01-SC,2020
"288446,0",2020-06-06,sábado,07:20:00,SC,282,"535,1",CHAPECO,Falta de Atenção à Condução,Colisão transversal,Com Vítimas Feridas,Pleno dia,Crescente,Céu Claro,Simples,Interseção de Vias,Sim,6,0,0,1,4,1,1,3,-26.99944496,-52.64638901,SPRF-SC,DEL07-SC,UOP01-DEL07-SC,2020
"288452,0",2020-06-06,sábado,10:00:00,SC,101,"192,0",BIGUACU,Falta de Atenção à Condução,Colisão lateral,Com Vítimas Feridas,Pleno dia,Decrescente,Sol,Dupla,Curva,Sim,4,0,2,0,1,1,2,3,-27.48593627,-48.64839435,SPRF-SC,DEL01-SC,UOP01-DEL01-SC,2020
"288470,0",2020-06-06,sábado,12:10:00,SC,470,"63,4",INDAIAL,Falta de Atenção à Condução,Colisão traseira,Com Vítimas Feridas,Pleno dia,Crescente,Céu Claro,Simples,Reta,Sim,7,0,1,0,5,1,1,6,-26.87182726,-49.19571519,SPRF-SC,DEL04-SC,UOP01-DEL04-SC,2020
"288575,0",2020-06-06,sábado,18:10:00,SC,163,"86,1",GUARACIABA,Velocidade Incompatível,Colisão lateral,Sem Vítimas,Plena Noite,Crescente,Céu Claro,Simples,Reta,Não,4,0,0,0,3,2,0,5,-26.58514994,-53.51861,SPRF-SC,DEL07-SC,UOP03-DEL07-SC,2020
"288578,0",2020-06-06,sábado,21:20:00,SC,101,"154,2",PORTO BELO,Falta de Atenção à Condução,Colisão traseira,Com Vítimas Feridas,Plena Noite,Crescente,Céu Claro,Dupla,Reta,Não,8,0,5,1,1,2,6,5,-27.153819,-48.61086393,SPRF-SC,DEL04-SC,UOP03-DEL04-SC,2020
"288621,0",2020-06-06,sábado,22:00:00,SC,163,"76,3",SAO MIGUEL DO OESTE,Não guardar distância de segurança,Colisão frontal,Sem Vítimas,Plena Noite,Crescente,Céu Claro,Simples,Reta,Não,4,0,0,0,4,0,0,3,-26.67615498,-53.51669997,SPRF-SC,DEL07-SC,UOP03-DEL07-SC,2020
"288670,0",2020-06-07,domingo,06:30:00,SC,101,"105,0",PENHA,Condutor Dormindo,Saída de leito carroçável,Sem Vítimas,Amanhecer,Crescente,Céu Claro,Dupla,Reta,Não,2,0,0,0,1,1,0,2,-26.80215497,-48.67891041,SPRF-SC,DEL03-SC,UOP02-DEL03-SC,2020
"288678,0",2020-06-07,domingo,14:55:00,SC,101,"136,5",BALNEARIO CAMBORIU,Falta de Atenção à Condução,Colisão traseira,Com Vítimas Feridas,Pleno dia,Crescente,Céu Claro,Dupla,Reta,Sim,4,0,1,0,2,1,1,3,-27.008113,-48.617245,SPRF-SC,DEL04-SC,UOP03-DEL04-SC,2020
"288795,0",2020-06-07,domingo,22:00:00,SC,280,"214,4",TRES BARRAS,Ingestão de Álcool,Tombamento,Sem Vítimas,Plena Noite,Decrescente,Céu Claro,Simples,Curva,Não,2,0,0,0,1,1,0,2,-26.18318414,-50.20686497,SPRF-SC,DEL06-SC,UOP04-DEL06-SC,2020
"288797,0",2020-06-07,domingo,20:00:00,SC,153,"11,0",AGUA DOCE,Falta de Atenção à Condução,Colisão lateral,Com Vítimas Feridas,Plena Noite,Decrescente,Nevoeiro/Neblina,Simples,Reta,Não,2,0,1,0,1,0,1,2,-26.678205,-51.554218,SPRF-SC,DEL07-SC,UOP07-DEL07-SC,2020
"288814,0",2020-06-08,segunda-feira,02:40:00,SC,116,"275,5",CAPAO ALTO,Defeito Mecânico no Veículo,Incêndio,Sem Vítimas,Plena Noite,Crescente,Nublado,Simples,Interseção de Vias,Sim,2,0,0,0,1,1,0,2,-28.00570787,-50.5399329,SPRF-SC,DEL05-SC,UOP02-DEL05-SC,2020
"288870,0",2020-05-19,terça-feira,08:30:00,SC,280,"157,4",MAFRA,Desobediência às normas de trânsito pelo condutor,Colisão frontal,Com Vítimas Fatais,Pleno dia,Crescente,Nevoeiro/Neblina,Simples,Aclive;Reta,Não,3,1,0,0,1,1,0,3,-26.20011363,-49.74746704,SPRF-SC,DEL06-SC,UOP03-DEL06-SC,2020
"288882,0",2020-06-08,segunda-feira,11:30:00,SC,280,"6,1",SAO FRANCISCO DO SUL,Falta de Atenção à Condução,Colisão lateral,Com Vítimas Feridas,Pleno dia,Decrescente,Céu Claro,Simples,Reta,Não,4,0,0,2,1,2,2,4,-26.26569095,-48.63361804,SPRF-SC,DEL03-SC,UOP03-DEL03-SC,2020
"288940,0",2020-06-08,segunda-feira,17:30:00,SC,101,"214,0",PALHOCA,Falta de Atenção à Condução,Colisão traseira,Com Vítimas Feridas,Pleno dia,Decrescente,Céu Claro,Múltipla,Reta,Sim,3,0,1,0,2,0,1,2,-27.64443,-48.67057,SPRF-SC,DEL01-SC,UOP02-DEL01-SC,2020
"288979,0",2020-06-08,segunda-feira,19:50:00,SC,282,"383,0",HERVAL DOESTE,Falta de Atenção à Condução,Saída de leito carroçável,Com Vítimas Feridas,Plena Noite,Decrescente,Chuva,Simples,Curva,Não,2,0,1,0,0,1,1,2,-27.19525096,-51.50575161,SPRF-SC,DEL07-SC,UOP05-DEL07-SC,2020
"288991,0",2020-06-08,segunda-feira,18:45:00,SC,470,"7,0",NAVEGANTES,Falta de Atenção do Pedestre,Atropelamento de Pedestre,Com Vítimas Feridas,Plena Noite,Decrescente,Nublado,Simples,Interseção de Vias,Não,3,0,0,1,1,1,1,3,-26.84499,-48.71505,SPRF-SC,DEL04-SC,UOP04-DEL04-SC,2020
"289031,0",2020-06-09,terça-feira,07:45:00,SC,470,"66,7",INDAIAL,Falta de Atenção à Condução,Colisão traseira,Com Vítimas Feridas,Pleno dia,Decrescente,Sol,Simples,Reta,Sim,2,0,1,0,1,0,1,2,-26.870407,-49.221844,SPRF-SC,DEL04-SC,UOP01-DEL04-SC,2020
"289037,0",2020-03-19,quinta-feira,08:40:00,SC,470,"269,2",CURITIBANOS,Defeito Mecânico no Veículo,Colisão frontal,Com Vítimas Feridas,Pleno dia,Crescente,Céu Claro,Simples,Curva,Não,3,0,1,0,1,1,1,3,-27.313988,-50.758327,SPRF-SC,DEL05-SC,UOP03-DEL05-SC,2020
"289047,0",2020-06-09,terça-feira,11:00:00,SC,101,"209,0",SAO JOSE,Não guardar distância de segurança,Colisão traseira,Com Vítimas Feridas,Pleno dia,Decrescente,Céu Claro,Dupla,Reta,Sim,9,0,3,0,1,5,3,7,-27.60742018,-48.63621712,SPRF-SC,DEL01-SC,UOP01-DEL01-SC,2020
"289137,0",2020-06-09,terça-feira,19:25:00,SC,282,"540,0",CHAPECO,Falta de Atenção à Condução,Colisão transversal,Com Vítimas Feridas,Plena Noite,Crescente,Garoa/Chuvisco,Simples,Reta,Não,3,0,1,0,2,0,1,2,-26.994461,-52.690178,SPRF-SC,DEL07-SC,UOP01-DEL07-SC,2020
"289150,0",2020-06-09,terça-feira,21:30:00,SC,101,"316,5",PESCARIA BRAVA,Desobediência às normas de trânsito pelo condutor,Colisão lateral,Com Vítimas Feridas,Plena Noite,Crescente,Garoa/Chuvisco,Dupla,Curva,Sim,3,0,2,0,0,1,2,3,-28.426538,-48.861099,SPRF-SC,DEL02-SC,UOP01-DEL02-SC,2020
"289159,0",2020-06-10,quarta-feira,00:35:00,SC,101,"125,0",ITAJAI,Ingestão de Álcool,Colisão lateral,Sem Vítimas,Plena Noite,Crescente,Nublado,Dupla,Curva,Não,3,0,0,0,2,2,0,4,-26.94802427,-48.68338515,SPRF-SC,DEL04-SC,UOP04-DEL04-SC,2020
"289166,0",2020-06-10,quarta-feira,02:20:00,SC,116,"10,3",MAFRA,Velocidade Incompatível,Tombamento,Sem Vítimas,Plena Noite,Decrescente,Chuva,Simples,Curva,Não,1,0,0,0,1,0,0,1,-26.16829411,-49.85476074,SPRF-SC,DEL06-SC,UOP01-DEL06-SC,2020
"289186,0",2020-06-10,quarta-feira,07:40:00,SC,470,"171,8",POUSO REDONDO,Defeito Mecânico no Veículo,Colisão frontal,Com Vítimas Feridas,Pleno dia,Crescente,Chuva,Simples,Curva,Sim,3,0,1,0,1,1,1,3,-27.260828,-49.900455,SPRF-SC,DEL04-SC,UOP02-DEL04-SC,2020
"289221,0",2020-06-10,quarta-feira,13:15:00,SC,101,"103,6",BALNEARIO PICARRAS,Defeito Mecânico no Veículo,Incêndio,Sem Vítimas,Pleno dia,Crescente,Chuva,Simples,Reta,Não,2,0,0,0,1,1,0,2,-26.7832381,-48.68314632,SPRF-SC,DEL03-SC,UOP02-DEL03-SC,2020
"289283,0",2020-06-10,quarta-feira,16:00:00,SC,282,"610,0",MARAVILHA,Carga excessiva e/ou mal acondicionada,Tombamento,Sem Vítimas,Pleno dia,Decrescente,Chuva,Simples,Aclive,Não,2,0,0,0,1,2,0,3,-26.756321,-53.230247,SPRF-SC,DEL07-SC,UOP02-DEL07-SC,2020
"289318,0",2020-06-10,quarta-feira,19:00:00,SC,101,"208,1",SAO JOSE,Ingestão de Substâncias Psicoativas,Colisão lateral,Sem Vítimas,Plena Noite,Decrescente,Chuva,Dupla,Reta,Sim,3,0,0,0,2,1,0,3,-27.60327979,-48.63201818,SPRF-SC,DEL01-SC,UOP01-DEL01-SC,2020
"289323,0",2020-06-10,quarta-feira,16:07:00,SC,101,"20,5",JOINVILLE,Falta de Atenção do Pedestre,Atropelamento de Pedestre,Com Vítimas Feridas,Pleno dia,Crescente,Chuva,Dupla,Em Obras,Não,2,0,1,0,1,0,1,2,-26.140675,-48.902995,SPRF-SC,DEL03-SC,UOP01-DEL03-SC,2020
"289338,0",2020-06-10,quarta-feira,19:35:00,SC,101,"334,0",TUBARAO,Não guardar distância de segurança,Colisão traseira,Com Vítimas Feridas,Plena Noite,Crescente,Nublado,Dupla,Viaduto,Sim,3,0,1,0,2,0,1,3,-28.46730446,-49.00604302,SPRF-SC,DEL02-SC,UOP01-DEL02-SC,2020
"289386,0",2020-06-10,quarta-feira,23:35:00,SC,282,"95,1",ALFREDO WAGNER,Velocidade Incompatível,Colisão frontal,Com Vítimas Feridas,Plena Noite,Crescente,Chuva,Simples,Curva,Não,2,0,0,1,1,0,1,2,-27.71188,-49.255035,SPRF-SC,DEL01-SC,UOP03-DEL01-SC,2020
"289607,0",2020-06-12,sexta-feira,11:30:00,SC,116,"3,2",MAFRA,Falta de Atenção à Condução,Colisão frontal,Com Vítimas Feridas,Pleno dia,Crescente,Céu Claro,Simples,Curva,Não,2,0,0,1,1,0,1,2,-26.13073161,-49.79922442,SPRF-SC,DEL06-SC,UOP01-DEL06-SC,2020
"289649,0",2020-06-12,sexta-feira,17:00:00,SC,280,"56,0",GUARAMIRIM,Falta de Atenção à Condução,Colisão lateral,Com Vítimas Feridas,Pleno dia,Crescente,Céu Claro,Simples,Reta,Não,3,0,1,0,2,0,1,2,-26.47947677,-49.00298702,SPRF-SC,DEL03-SC,UOP03-DEL03-SC,2020
"289669,0",2020-06-12,sexta-feira,16:45:00,SC,280,"169,0",MAFRA,Falta de Atenção à Condução,Colisão transversal,Com Vítimas Feridas,Pleno dia,Crescente,Céu Claro,Simples,Reta,Não,2,0,1,0,1,0,1,2,-26.15225092,-49.81293951,SPRF-SC,DEL06-SC,UOP01-DEL06-SC,2020
"289680,0",2020-06-12,sexta-feira,13:30:00,SC,470,"203,0",PONTE ALTA,Condutor Dormindo,Tombamento,Com Vítimas Feridas,Pleno dia,Crescente,Nublado,Simples,Reta,Não,2,0,1,0,0,1,1,2,-27.286619,-50.156914,SPRF-SC,DEL05-SC,UOP03-DEL05-SC,2020
"289684,0",2020-06-12,sexta-feira,14:50:00,SC,116,"69,0",MONTE CASTELO,Desobediência às normas de trânsito pelo condutor,Colisão transversal,Com Vítimas Feridas,Pleno dia,Crescente,Céu Claro,Simples,Interseção de Vias,Sim,2,0,1,0,1,0,1,2,-26.46036818,-50.22889671,SPRF-SC,DEL06-SC,UOP02-DEL06-SC,2020
"289712,0",2020-06-12,sexta-feira,20:45:00,SC,480,"130,0",CHAPECO,Ingestão de Álcool,Colisão frontal,Sem Vítimas,Plena Noite,Crescente,Céu Claro,Simples,Interseção de Vias,Sim,3,0,0,0,1,2,0,3,-27.05534298,-52.63652069,SPRF-SC,DEL07-SC,UOP01-DEL07-SC,2020
"289865,0",2020-05-16,sábado,10:00:00,SC,282,"387,0",JOACABA,Defeito Mecânico no Veículo,Colisão com objeto estático,Sem Vítimas,Pleno dia,Crescente,Céu Claro,Simples,Aclive,Sim,3,0,0,0,2,1,0,2,-27.178274,-51.524025,SPRF-SC,DEL07-SC,UOP05-DEL07-SC,2020
"289986,0",2020-06-14,domingo,07:10:00,SC,163,"80,8",GUARACIABA,Velocidade Incompatível,Colisão traseira,Sem Vítimas,Pleno dia,Decrescente,Céu Claro,Simples,Em Obras;Reta;Aclive,Não,3,0,0,0,2,1,0,3,-26.63253685,-53.51848125,SPRF-SC,DEL07-SC,UOP03-DEL07-SC,2020
"290013,0",2020-06-14,domingo,14:20:00,SC,282,"592,9",SAUDADES,Velocidade Incompatível,Colisão frontal,Com Vítimas Feridas,Pleno dia,Crescente,Sol,Simples,Curva,Não,2,0,0,1,1,0,1,2,-26.825869,-53.091843,SPRF-SC,DEL07-SC,UOP02-DEL07-SC,2020
"290113,0",2020-05-30,sábado,15:10:00,SC,282,"461,6",PONTE SERRADA,Desobediência às normas de trânsito pelo condutor,Colisão transversal,Com Vítimas Feridas,Pleno dia,Crescente,Céu Claro,Simples,Interseção de Vias,Sim,4,0,0,1,1,2,1,4,-26.856403,-52.041328,SPRF-SC,DEL07-SC,UOP04-DEL07-SC,2020
"290118,0",2020-06-15,segunda-feira,08:00:00,SC,280,"28,5",ARAQUARI,Não guardar distância de segurança,Colisão traseira,Com Vítimas Feridas,Pleno dia,Crescente,Nublado,Simples,Reta,Sim,4,0,2,0,1,1,2,3,-26.40450077,-48.74561031,SPRF-SC,DEL03-SC,UOP03-DEL03-SC,2020
"290136,0",2020-06-15,segunda-feira,10:30:00,SC,101,"103,2",BALNEARIO PICARRAS,Carga excessiva e/ou mal acondicionada,Colisão com objeto em movimento,Com Vítimas Feridas,Pleno dia,Crescente,Nublado,Dupla,Reta,Sim,3,0,1,0,2,0,1,3,-26.7832381,-48.68314632,SPRF-SC,DEL03-SC,UOP02-DEL03-SC,2020
"290203,0",2020-05-10,domingo,15:10:00,SC,470,"233,9",SAO CRISTOVAO DO SUL,Falta de Atenção à Condução,Colisão transversal,Com Vítimas Feridas,Pleno dia,Decrescente,Céu Claro,Simples,Reta,Não,4,0,2,0,1,1,2,3,-27.30284184,-50.43651581,SPRF-SC,DEL05-SC,UOP03-DEL05-SC,2020
"290272,0",2020-06-16,terça-feira,09:50:00,SC,101,"262,0",GAROPABA,Falta de Atenção à Condução,Tombamento,Com Vítimas Feridas,Pleno dia,Decrescente,Céu Claro,Dupla,Reta,Não,2,0,0,1,1,0,1,2,-28.0353863,-48.70884453,SPRF-SC,DEL02-SC,UOP03-DEL02-SC,2020
"290289,0",2020-06-16,terça-feira,12:10:00,SC,282,"159,0",BOM RETIRO,Condutor Dormindo,Saída de leito carroçável,Com Vítimas Feridas,Pleno dia,Crescente,Nublado,Simples,Reta,Não,1,0,0,1,0,0,1,1,-27.737494,-49.744041,SPRF-SC,DEL05-SC,UOP01-DEL05-SC,2020
"290349,0",2020-06-16,terça-feira,17:00:00,SC,280,"306,0",PORTO UNIAO,Desobediência às normas de trânsito pelo condutor,Colisão transversal,Com Vítimas Feridas,Anoitecer,Crescente,Céu Claro,Simples,Reta,Sim,2,0,1,0,1,0,1,2,-26.26066362,-51.06497347,SPRF-SC,DEL06-SC,UOP04-DEL06-SC,2020
"290519,0",2020-06-17,quarta-feira,13:48:00,SC,282,"581,0",PINHALZINHO,Velocidade Incompatível,Colisão transversal,Com Vítimas Fatais,Pleno dia,Decrescente,Céu Claro,Simples,Reta,Não,3,1,0,0,2,0,0,2,-26.82900148,-52.99792886,SPRF-SC,DEL07-SC,UOP02-DEL07-SC,2020
"290526,0",2020-06-17,quarta-feira,15:15:00,SC,282,"569,8",NOVA ERECHIM,Falta de Atenção à Condução,Colisão transversal,Com Vítimas Feridas,Pleno dia,Decrescente,Céu Claro,Simples,Reta,Sim,3,0,0,1,0,2,1,2,-26.894342,-52.923874,SPRF-SC,DEL07-SC,UOP02-DEL07-SC,2020
"290528,0",2020-06-17,quarta-feira,20:15:00,SC,101,"200,0",SAO JOSE,Não guardar distância de segurança,Colisão lateral,Com Vítimas Feridas,Plena Noite,Crescente,Nublado,Dupla,Curva,Sim,2,0,1,0,1,0,1,2,-27.54018513,-48.62287714,SPRF-SC,DEL01-SC,UOP01-DEL01-SC,2020
"290555,0",2020-06-17,quarta-feira,23:15:00,SC,470,"179,0",POUSO REDONDO,Condutor Dormindo,Colisão frontal,Com Vítimas Feridas,Plena Noite,Crescente,Céu Claro,Simples,Reta,Não,3,0,1,0,1,1,1,3,-27.247908,-49.977165,SPRF-SC,DEL04-SC,UOP02-DEL04-SC,2020
"290566,0",2020-06-18,quinta-feira,05:00:00,SC,470,"57,4",BLUMENAU,Ingestão de Álcool,Colisão lateral,Com Vítimas Feridas,Plena Noite,Crescente,Céu Claro,Simples,Reta,Sim,3,0,1,0,2,0,1,3,-26.88235414,-49.14034367,SPRF-SC,DEL04-SC,UOP01-DEL04-SC,2020
"290617,0",2020-06-18,quinta-feira,10:20:00,SC,470,"145,3",RIO DO SUL,Falta de Atenção à Condução,Colisão traseira,Com Vítimas Feridas,Pleno dia,Crescente,Céu Claro,Simples,Reta,Não,6,0,1,0,4,1,1,6,-27.237301,-49.682217,SPRF-SC,DEL04-SC,UOP02-DEL04-SC,2020
"290626,0",2020-06-18,quinta-feira,07:20:00,SC,282,"342,7",CAMPOS NOVOS,Não guardar distância de segurança,Colisão traseira,Com Vítimas Fatais,Amanhecer,Decrescente,Céu Claro,Simples,Reta,Sim,4,1,0,0,2,1,0,3,-27.390287,-51.223286,SPRF-SC,DEL07-SC,UOP06-DEL07-SC,2020
"290632,0",2020-06-18,quinta-feira,07:45:00,SC,470,"11,8",NAVEGANTES,Velocidade Incompatível,Colisão transversal,Com Vítimas Feridas,Amanhecer,Decrescente,Nevoeiro/Neblina,Simples,Curva,Não,4,0,1,2,1,0,3,2,-26.834309,-48.747269,SPRF-SC,DEL04-SC,UOP04-DEL04-SC,2020
"290652,0",2020-06-18,quinta-feira,14:50:00,SC,280,"73,0",JARAGUA DO SUL,Desobediência às normas de trânsito pelo condutor,Queda de ocupante de veículo,Com Vítimas Fatais,Pleno dia,Decrescente,Céu Claro,Simples,Rotatória,Sim,4,1,0,0,1,3,0,5,-26.45850534,-49.16848004,SPRF-SC,DEL03-SC,UOP03-DEL03-SC,2020
"290676,0",2020-06-18,quinta-feira,18:45:00,SC,280,"24,1",ARAQUARI,Desobediência às normas de trânsito pelo condutor,Colisão lateral,Com Vítimas Fatais,Plena Noite,Decrescente,Nublado,Simples,Reta,Não,3,1,0,0,2,0,0,3,-26.37814489,-48.72056723,SPRF-SC,DEL03-SC,UOP03-DEL03-SC,2020
"290707,0",2020-06-18,quinta-feira,20:00:00,SC,470,"62,0",INDAIAL,Falta de Atenção à Condução,Colisão lateral,Com Vítimas Feridas,Plena Noite,Crescente,Nevoeiro/Neblina,Simples,Em Obras;Reta,Não,2,0,1,0,0,2,1,3,-26.874521,-49.182938,SPRF-SC,DEL04-SC,UOP01-DEL04-SC,2020
"290713,0",2020-06-18,quinta-feira,19:40:00,SC,116,"129,8",SANTA CECILIA,Não guardar distância de segurança,Colisão traseira,Com Vítimas Feridas,Plena Noite,Decrescente,Nublado,Simples,Reta,Não,3,0,2,0,1,0,2,2,-26.88296297,-50.43000606,SPRF-SC,DEL06-SC,UOP02-DEL06-SC,2020