id,data_inversa,dia_semana,horario,uf,br,km,municipio,causa_acidente,tipo_acidente,classificacao_acidente,fase_dia,sentido_via,condicao_metereologica,tipo_pista,tracado_via,uso_solo,pessoas,mortos,feridos_leves,feridos_graves,ilesos,ignorados,feridos,veiculos,latitude,longitude,regional,delegacia,uop,ano_arquivo
"290829,0",2020-06-19,sexta-feira,16:15:00,SC,282,"46,9",AGUAS MORNAS,Defeito Mecânico no Veículo,Saída de leito carroçável,Sem Vítimas,Pleno dia,Decrescente,Céu Claro,Simples,Curva,Não,1,0,0,0,1,0,0,1,-27.721041,-48.925152,SPRF-SC,DEL01-SC,UOP03-DEL01-SC,2020
"290831,0",2020-06-19,sexta-feira,17:00:00,SC,101,"119,0",ITAJAI,Desobediência às normas de trânsito pelo condutor,Colisão lateral,Com Vítimas Feridas,Pleno dia,Crescente,Céu Claro,Dupla,Reta,Sim,5,0,0,1,1,3,1,5,-26.9043179,-48.71555481,SPRF-SC,DEL04-SC,UOP04-DEL04-SC,2020
"290832,0",2020-06-19,sexta-feira,16:27:00,SC,280,"124,9",RIO NEGRINHO,Falta de Atenção à Condução,Colisão frontal,Com Vítimas Feridas,Pleno dia,Decrescente,Céu Claro,Simples,Interseção de Vias,Sim,3,0,1,0,1,1,1,3,-26.23898958,-49.50097203,SPRF-SC,DEL06-SC,UOP03-DEL06-SC,2020
"290860,0",2020-06-19,sexta-feira,18:15:00,SC,282,"214,0",LAGES,Desobediência às normas de trânsito pelo pedestre,Colisão transversal,Com Vítimas Feridas,Plena Noite,Crescente,Céu Claro,Simples,Rotatória,Não,2,0,1,0,1,0,1,2,-27.78937,-50.271915,SPRF-SC,DEL05-SC,UOP01-DEL05-SC,2020
"290921,0",2020-06-19,sexta-feira,20:30:00,SC,282,"486,8",FAXINAL DOS GUEDES,Desobediência às normas de trânsito pelo condutor,Colisão frontal,Com Vítimas Fatais,Plena Noite,Decrescente,Céu Claro,Simples,Reta,Sim,3,1,0,0,1,1,0,3,-26.85614219,-52.24799395,SPRF-SC,DEL07-SC,UOP01-DEL07-SC,2020
"290944,0",2020-06-20,sábado,02:23:00,SC,280,"238,0",CANOINHAS,Falta de Atenção à Condução,Colisão frontal,Com Vítimas Feridas,Plena Noite,Crescente,Céu Claro,Simples,Curva;Declive;Em Obras,Não,3,0,2,0,1,0,2,2,-26.20411177,-50.43343306,SPRF-SC,DEL06-SC,UOP04-DEL06-SC,2020
"290974,0",2020-06-20,sábado,09:45:00,SC,101,"333,0",TUBARAO,Falta de Atenção à Condução,Colisão lateral,Com Vítimas Feridas,Pleno dia,Crescente,Céu Claro,Múltipla,Reta;Viaduto,Sim,3,0,1,0,1,1,1,3,-28.46690154,-49.00718699,SPRF-SC,DEL02-SC,UOP01-DEL02-SC,2020
"291150,0",2020-06-21,domingo,03:00:00,SC,470,"134,0",RIO DO SUL,Falta de Atenção à Condução,Colisão com objeto estático,Sem Vítimas,Plena Noite,Crescente,Nevoeiro/Neblina,Simples,Rotatória,Sim,1,0,0,0,1,0,0,1,-27.17475112,-49.58953857,SPRF-SC,DEL04-SC,UOP02-DEL04-SC,2020
"291281,0",2020-06-21,domingo,18:10:00,SC,470,"111,0",IBIRAMA,Ingestão de Álcool,Colisão frontal,Com Vítimas Feridas,Anoitecer,Decrescente,Céu Claro,Simples,Curva,Não,4,0,0,1,2,1,1,4,-27.09942958,-49.46148992,SPRF-SC,DEL04-SC,UOP02-DEL04-SC,2020
"291291,0",2020-06-21,domingo,19:35:00,SC,101,"26,0",JOINVILLE,Desobediência às normas de trânsito pelo pedestre,Atropelamento de Pedestre,Com Vítimas Fatais,Plena Noite,Decrescente,Céu Claro,Dupla,Reta,Não,4,1,0,0,1,2,0,2,-26.19234802,-48.91210384,SPRF-SC,DEL03-SC,UOP01-DEL03-SC,2020
"291301,0",2020-06-21,domingo,13:00:00,SC,116,"49,4",PAPANDUVA,Velocidade Incompatível,Colisão traseira,Sem Vítimas,Pleno dia,Crescente,Céu Claro,Simples,Aclive,Não,3,0,0,0,1,3,0,4,-26.37076692,-50.1256021,SPRF-SC,DEL06-SC,UOP01-DEL06-SC,2020
"291317,0",2020-06-21,domingo,19:25:00,SC,282,"372,0",ERVAL VELHO,Falta de Atenção à Condução,Colisão lateral,Com Vítimas Feridas,Anoitecer,Crescente,Nublado,Simples,Aclive;Reta,Não,3,0,1,0,2,0,1,2,-27.251827,-51.446991,SPRF-SC,DEL07-SC,UOP05-DEL07-SC,2020
"291380,0",2020-05-13,quarta-feira,10:30:00,SC,282,"495,0",XANXERE,Desobediência às normas de trânsito pelo condutor,Colisão lateral,Com Vítimas Feridas,Pleno dia,Crescente,Chuva,Múltipla,Reta,Não,2,0,0,1,0,1,1,2,-26.875349,-52.327076,SPRF-SC,DEL07-SC,UOP01-DEL07-SC,2020
"291429,0",2020-01-17,sexta-feira,15:00:00,SC,116,"20,1",MAFRA,Condutor Dormindo,Colisão frontal,Com Vítimas Feridas,Pleno dia,Decrescente,Céu Claro,Simples,Reta,Não,7,0,4,1,2,0,5,2,-26.24150415,-49.90271274,SPRF-SC,DEL06-SC,UOP01-DEL06-SC,2020
"291444,0",2020-06-21,domingo,01:50:00,SC,470,"319,0",CAMPOS NOVOS,Velocidade Incompatível,Saída de leito carroçável,Com Vítimas Fatais,Plena Noite,Decrescente,Céu Claro,Simples,Rotatória,Sim,3,1,0,0,1,1,0,3,-27.40876653,-51.21538639,SPRF-SC,DEL07-SC,UOP06-DEL07-SC,2020
"291474,0",2020-06-22,segunda-feira,18:20:00,SC,101,"98,5",BALNEARIO PICARRAS,Animais na Pista,Atropelamento de Animal,Com Vítimas Fatais,Plena Noite,Decrescente,Céu Claro,Dupla,Reta,Sim,4,1,0,0,2,1,0,4,-26.73760897,-48.69918789,SPRF-SC,DEL03-SC,UOP02-DEL03-SC,2020
"291543,0",2020-06-23,terça-feira,09:35:00,SC,280,"58,2",GUARAMIRIM,Falta de Atenção à Condução,Colisão traseira,Com Vítimas Feridas,Pleno dia,Decrescente,Céu Claro,Simples,Reta,Não,3,0,1,1,1,0,2,2,-26.47415593,-49.021211,SPRF-SC,DEL03-SC,UOP03-DEL03-SC,2020
"291567,0",2020-06-23,terça-feira,13:35:00,SC,101,"39,8",JOINVILLE,Não guardar distância de segurança,Colisão traseira,Com Vítimas Feridas,Pleno dia,Crescente,Céu Claro,Dupla,Reta,Sim,2,0,1,0,0,1,1,2,-26.30087895,-48.88375282,SPRF-SC,DEL03-SC,UOP01-DEL03-SC,2020
"291568,0",2020-06-23,terça-feira,10:30:00,SC,163,"116,5",DIONISIO CERQUEIRA,Falta de Atenção à Condução,Colisão transversal,Com Vítimas Feridas,Pleno dia,Decrescente,Céu Claro,Simples,Curva;Declive,Não,2,0,2,0,0,0,2,2,-26.35304345,-53.51208687,SPRF-SC,DEL07-SC,UOP03-DEL07-SC,2020
"291583,0",2020-06-23,terça-feira,15:40:00,SC,101,"23,1",JOINVILLE,Falta de Atenção à Condução,Colisão lateral,Com Vítimas Feridas,Pleno dia,Decrescente,Nublado,Dupla,Reta,Não,4,0,1,0,2,1,1,3,-26.16582501,-48.90742427,SPRF-SC,DEL03-SC,UOP01-DEL03-SC,2020
"291681,0",2020-06-24,quarta-feira,07:15:00,SC,470,"119,6",IBIRAMA,Carga excessiva e/ou mal acondicionada,Colisão frontal,Com Vítimas Feridas,Pleno dia,Decrescente,Nublado,Simples,Reta,Não,11,0,1,2,7,1,3,9,-27.081554,-49.520206,SPRF-SC,DEL04-SC,UOP02-DEL04-SC,2020
"291697,0",2020-06-24,quarta-feira,08:05:00,SC,282,"514,5",XAXIM,Velocidade Incompatível,Tombamento,Com Vítimas Feridas,Pleno dia,Crescente,Sol,Simples,Curva,Não,1,0,0,1,0,0,1,1,-26.916084,-52.49052,SPRF-SC,DEL07-SC,UOP01-DEL07-SC,2020
"291713,0",2020-06-24,quarta-feira,10:45:00,SC,282,"412,0",CATANDUVAS,Falta de Atenção à Condução,Colisão lateral,Com Vítimas Feridas,Pleno dia,Decrescente,Céu Claro,Simples,Curva,Não,3,0,1,0,1,1,1,3,-27.053736,-51.698277,SPRF-SC,DEL07-SC,UOP05-DEL07-SC,2020
"291748,0",2020-06-24,quarta-feira,13:20:00,SC,101,"32,9",JOINVILLE,Desobediência às normas de trânsito pelo condutor,Colisão lateral,Sem Vítimas,Pleno dia,Crescente,Céu Claro,Dupla,Reta,Sim,6,0,0,0,5,2,0,4,-26.259702,-48.904,SPRF-SC,DEL03-SC,UOP01-DEL03-SC,2020
"291777,0",2020-06-24,quarta-feira,17:15:00,SC,282,"502,0",XANXERE,Falta de Atenção à Condução,Colisão frontal,Com Vítimas Feridas,Anoitecer,Crescente,Céu Claro,Dupla,Interseção de Vias,Sim,3,0,0,1,1,1,1,3,-26.884584,-52.390911,SPRF-SC,DEL07-SC,UOP01-DEL07-SC,2020
"291859,0",2020-06-25,quinta-feira,08:30:00,SC,282,"529,5",CORDILHEIRA ALTA,Velocidade Incompatível,Colisão frontal,Com Vítimas Feridas,Pleno dia,Crescente,Chuva,Simples,Curva,Não,3,0,1,1,0,1,2,3,-26.982185,-52.59734,SPRF-SC,DEL07-SC,UOP01-DEL07-SC,2020
"291864,0",2020-06-25,quinta-feira,10:30:00,SC,470,"174,0",POUSO REDONDO,Falta de Atenção à Condução,Colisão com objeto estático,Sem Vítimas,Pleno dia,Crescente,Nublado,Simples,Reta,Sim,1,0,0,0,1,0,0,1,-27.258179,-49.929146,SPRF-SC,DEL04-SC,UOP02-DEL04-SC,2020
"291893,0",2020-06-25,quinta-feira,13:00:00,SC,470,"82,6",RODEIO,Falta de Atenção à Condução,Colisão lateral,Com Vítimas Feridas,Pleno dia,Decrescente,Nublado,Simples,Aclive,Não,6,0,3,0,1,2,3,4,-26.958838,-49.324978,SPRF-SC,DEL04-SC,UOP01-DEL04-SC,2020
"291905,0",2020-06-25,quinta-feira,12:15:00,SC,470,"6,0",NAVEGANTES,Desobediência às normas de trânsito pelo condutor,Colisão lateral,Com Vítimas Feridas,Pleno dia,Decrescente,Nublado,Dupla,Curva;Em Obras,Sim,2,0,1,0,1,0,1,2,-26.852238,-48.709545,SPRF-SC,DEL04-SC,UOP04-DEL04-SC,2020
"291931,0",2020-06-25,quinta-feira,16:25:00,SC,282,"424,8",VARGEM BONITA,Agressão Externa,Saída de leito carroçável,Sem Vítimas,Pleno dia,Crescente,Chuva,Simples,Curva,Não,2,0,0,0,1,2,0,3,-26.988014,-51.753124,SPRF-SC,DEL07-SC,UOP05-DEL07-SC,2020
"291942,0",2020-06-25,quinta-feira,11:50:00,SC,470,"46,6",GASPAR,Não guardar distância de segurança,Colisão traseira,Com Vítimas Feridas,Pleno dia,Crescente,Nublado,Simples,Aclive,Não,3,0,2,0,1,0,2,2,-26.860388,-49.037617,SPRF-SC,DEL04-SC,UOP01-DEL04-SC,2020
"291966,0",2020-06-26,sexta-feira,01:57:00,SC,116,"209,2",PONTE ALTA,Desobediência às normas de trânsito pelo condutor,Colisão frontal,Com Vítimas Fatais,Plena Noite,Decrescente,Garoa/Chuvisco,Simples,Reta,Não,2,1,1,0,0,0,1,2,-27.4975,-50.36825,SPRF-SC,DEL05-SC,UOP03-DEL05-SC,2020
"292012,0",2020-06-26,sexta-feira,05:58:00,SC,282,"144,0",BOM RETIRO,Defeito Mecânico no Veículo,Colisão lateral,Sem Vítimas,Amanhecer,Decrescente,Nublado,Simples,Curva,Não,2,0,0,0,1,1,0,2,-27.806391,-49.622917,SPRF-SC,DEL05-SC,UOP01-DEL05-SC,2020
"292018,0",2020-06-26,sexta-feira,09:30:00,SC,280,"7,0",SAO FRANCISCO DO SUL,Falta de Atenção à Condução,Colisão com objeto estático,Com Vítimas Feridas,Pleno dia,Decrescente,Céu Claro,Simples,Rotatória,Sim,1,0,1,0,0,0,1,1,-26.27127101,-48.64129599,SPRF-SC,DEL03-SC,UOP03-DEL03-SC,2020
"292038,0",2020-06-26,sexta-feira,09:00:00,SC,470,"235,3",SAO CRISTOVAO DO SUL,Falta de Atenção à Condução,Colisão frontal,Com Vítimas Feridas,Pleno dia,Crescente,Sol,Simples,Reta,Não,3,0,0,1,1,1,1,3,-27.302292,-50.439423,SPRF-SC,DEL05-SC,UOP03-DEL05-SC,2020
"292041,0",2020-06-26,sexta-feira,08:30:00,SC,158,"117,0",CAIBI,Fenômenos da Natureza,Danos eventuais,Sem Vítimas,Pleno dia,Decrescente,Céu Claro,Simples,Curva,Não,2,0,0,0,1,2,0,3,-26.946,-53.203,SPRF-SC,DEL07-SC,UOP02-DEL07-SC,2020
"292082,0",2020-06-26,sexta-feira,18:00:00,SC,280,"41,0",ARAQUARI,Falta de Atenção à Condução,Colisão frontal,Com Vítimas Feridas,Anoitecer,Crescente,Nublado,Simples,Reta,Não,2,0,2,0,0,0,2,2,-26.45000366,-48.85790902,SPRF-SC,DEL03-SC,UOP03-DEL03-SC,2020
"292171,0",2020-06-26,sexta-feira,21:20:00,SC,116,"65,0",MONTE CASTELO,Velocidade Incompatível,Colisão traseira,Sem Vítimas,Plena Noite,Crescente,Chuva,Simples,Declive,Não,2,0,0,0,1,1,0,2,-26.42445099,-50.2281171,SPRF-SC,DEL06-SC,UOP02-DEL06-SC,2020
"292187,0",2020-06-27,sábado,03:15:00,SC,101,"136,0",BALNEARIO CAMBORIU,Falta de Atenção à Condução,Colisão traseira,Com Vítimas Feridas,Plena Noite,Decrescente,Chuva,Dupla,Reta,Não,4,0,0,1,2,1,1,4,-27.008113,-48.617245,SPRF-SC,DEL04-SC,UOP03-DEL04-SC,2020
"292196,0",2020-06-26,sexta-feira,22:30:00,SC,282,"633,7",DESCANSO,Ingestão de Álcool,Colisão lateral,Sem Vítimas,Plena Noite,Crescente,Céu Claro,Simples,Curva;Declive,Não,2,0,0,0,2,0,0,2,-26.824224,-53.412407,SPRF-SC,DEL07-SC,UOP03-DEL07-SC,2020
"292232,0",2020-06-27,sábado,08:50:00,SC,282,"41,8",AGUAS MORNAS,Velocidade Incompatível,Colisão frontal,Com Vítimas Fatais,Pleno dia,Crescente,Chuva,Simples,Curva,Não,4,1,0,1,1,1,1,3,-27.715973,-48.878979,SPRF-SC,DEL01-SC,UOP03-DEL01-SC,2020
"292238,0",2020-06-27,sábado,07:50:00,SC,282,"377,3",HERVAL DOESTE,Falta de Atenção à Condução,Tombamento,Com Vítimas Feridas,Amanhecer,Crescente,Céu Claro,Simples,Curva,Não,2,0,1,0,0,1,1,2,-27.216974,-51.470055,SPRF-SC,DEL07-SC,UOP05-DEL07-SC,2020
"292281,0",2020-06-27,sábado,11:30:00,SC,470,"185,0",POUSO REDONDO,Velocidade Incompatível,Saída de leito carroçável,Com Vítimas Feridas,Pleno dia,Decrescente,Chuva,Simples,Curva,Não,1,0,1,0,0,0,1,1,-27.254034,-50.036575,SPRF-SC,DEL04-SC,UOP02-DEL04-SC,2020
"292323,0",2020-06-27,sábado,17:40:00,SC,280,"214,3",TRES BARRAS,Falta de Atenção à Condução,Colisão frontal,Com Vítimas Fatais,Plena Noite,Crescente,Garoa/Chuvisco,Simples,Reta,Não,7,1,3,0,2,1,3,5,-26.18318414,-50.20686497,SPRF-SC,DEL06-SC,UOP04-DEL06-SC,2020
"292345,0",2020-06-27,sábado,18:45:00,SC,282,"365,8",ERVAL VELHO,Ingestão de Álcool,Colisão traseira,Sem Vítimas,Plena Noite,Decrescente,Céu Claro,Simples,Reta,Não,3,0,0,0,2,1,0,3,-27.295467,-51.407909,SPRF-SC,DEL07-SC,UOP05-DEL07-SC,2020
"292390,0",2020-06-28,domingo,07:30:00,SC,101,"374,0",ICARA,Condutor Dormindo,Saída de leito carroçável,Com Vítimas Feridas,Amanhecer,Decrescente,Nublado,Dupla,Reta,Sim,3,0,2,0,1,0,2,1,-28.71534412,-49.22723198,SPRF-SC,DEL02-SC,UOP01-DEL02-SC,2020
"292411,0",2020-06-28,domingo,05:30:00,SC,280,"276,5",IRINEOPOLIS,Falta de Atenção à Condução,Saída de leito carroçável,Com Vítimas Feridas,Plena Noite,Crescente,Céu Claro,Simples,Declive;Reta,Não,4,0,1,0,0,3,1,3,-26.29126407,-50.79052397,SPRF-SC,DEL06-SC,UOP04-DEL06-SC,2020
"292539,0",2020-05-31,domingo,05:15:00,SC,153,"7,4",AGUA DOCE,Ingestão de Álcool,Colisão frontal,Com Vítimas Feridas,Amanhecer,Decrescente,Céu Claro,Simples,Reta,Não,2,0,1,0,1,0,1,2,-26.652559,-51.528454,SPRF-SC,DEL07-SC,UOP07-DEL07-SC,2020
"292641,0",2020-06-29,segunda-feira,14:20:00,SC,282,"513,7",XAXIM,Falta de Atenção à Condução,Colisão traseira,Com Vítimas Feridas,Pleno dia,Decrescente,Chuva,Simples,Reta;Interseção de Vias,Não,3,0,1,1,1,0,2,3,-26.91534566,-52.48501908,SPRF-SC,DEL07-SC,UOP01-DEL07-SC,2020
"292695,0",2020-06-29,segunda-feira,20:50:00,SC,101,"45,5",JOINVILLE,Falta de Atenção à Condução,Colisão lateral,Sem Vítimas,Plena Noite,Crescente,Garoa/Chuvisco,Dupla,Reta,Não,3,0,0,0,2,2,0,4,-26.32214492,-48.8689509,SPRF-SC,DEL03-SC,UOP01-DEL03-SC,2020
"292698,0",2020-06-29,segunda-feira,21:10:00,SC,101,"45,5",JOINVILLE,Objeto estático sobre o leito carroçável,Colisão com objeto estático,Sem Vítimas,Plena Noite,Decrescente,Céu Claro,Dupla,Reta,Sim,2,0,0,0,2,0,0,2,-26.34411424,-48.85785341,SPRF-SC,DEL03-SC,UOP01-DEL03-SC,2020
"292712,0",2020-06-30,terça-feira,03:50:00,SC,470,"181,3",POUSO REDONDO,Condutor Dormindo,Colisão frontal,Com Vítimas Fatais,Plena Noite,Crescente,Nublado,Simples,Reta,Não,3,1,1,0,1,0,1,2,-27.249525,-49.987041,SPRF-SC,DEL04-SC,UOP02-DEL04-SC,2020
"292746,0",2020-06-30,terça-feira,07:20:00,SC,470,"47,7",BLUMENAU,Condutor Dormindo,Colisão frontal,Com Vítimas Feridas,Pleno dia,Crescente,Nublado,Simples,Reta,Não,5,0,1,1,2,1,2,4,-26.864044,-49.046516,SPRF-SC,DEL04-SC,UOP01-DEL04-SC,2020
"292831,0",2020-06-30,terça-feira,16:30:00,SC,470,"8,6",NAVEGANTES,Fenômenos da Natureza,Colisão frontal,Com Vítimas Feridas,Pleno dia,Crescente,Vento,Simples,Reta,Não,3,0,1,0,1,1,1,3,-26.83688,-48.718853,SPRF-SC,DEL04-SC,UOP04-DEL04-SC,2020
"292832,0",2020-06-30,terça-feira,14:00:00,SC,282,"235,0",LAGES,Fenômenos da Natureza,Tombamento,Com Vítimas Feridas,Pleno dia,Decrescente,Chuva,Simples,Aclive;Curva,Não,1,0,1,0,0,0,1,1,-27.783964,-50.47327,SPRF-SC,DEL05-SC,UOP02-DEL05-SC,2020
"292833,0",2020-06-30,terça-feira,14:00:00,SC,282,"238,0",SAO JOSE DO CERRITO,Fenômenos da Natureza,Tombamento,Com Vítimas Feridas,Pleno dia,Decrescente,Chuva,Simples,Curva,Não,1,0,1,0,0,0,1,1,-27.780125,-50.498653,SPRF-SC,DEL05-SC,UOP02-DEL05-SC,2020
"292837,0",2020-06-30,terça-feira,16:20:00,SC,101,"105,0",PENHA,Fenômenos da Natureza,Danos eventuais,Sem Vítimas,Anoitecer,Crescente,Chuva,Dupla,Reta,Não,1,0,0,0,1,0,0,1,-26.80215497,-48.67891041,SPRF-SC,DEL03-SC,UOP02-DEL03-SC,2020
"292842,0",2020-06-30,terça-feira,15:30:00,SC,282,"45,7",AGUAS MORNAS,Defeito Mecânico no Veículo,Tombamento,Com Vítimas Feridas,Pleno dia,Decrescente,Chuva,Simples,Reta,Não,3,0,2,0,0,1,2,2,-27.719851,-48.916126,SPRF-SC,DEL01-SC,UOP03-DEL01-SC,2020
"292863,0",2020-07-01,quarta-feira,01:25:00,SC,470,"135,0",RIO DO SUL,Não guardar distância de segurança,Colisão traseira,Com Vítimas Feridas,Plena Noite,Decrescente,Céu Claro,Simples,Reta,Não,3,0,1,0,1,2,1,4,-27.188492,-49.61232,SPRF-SC,DEL04-SC,UOP02-DEL04-SC,2020
"292866,0",2020-06-30,terça-feira,17:30:00,SC,101,"7,0",GARUVA,Fenômenos da Natureza,Tombamento,Com Vítimas Feridas,Anoitecer,Crescente,Vento,Dupla,Reta,Não,2,0,1,0,0,1,1,2,-26.03593,-48.860302,SPRF-SC,DEL03-SC,UOP01-DEL03-SC,2020
"292867,0",2020-06-30,terça-feira,17:25:00,SC,101,"6,2",GARUVA,Fenômenos da Natureza,Tombamento,Com Vítimas Feridas,Anoitecer,Decrescente,Vento,Dupla,Viaduto,Não,1,0,1,0,0,0,1,1,-26.02900187,-48.86099696,SPRF-SC,DEL03-SC,UOP01-DEL03-SC,2020
"292896,0",2020-07-01,quarta-feira,03:00:00,SC,470,"0,0",NAVEGANTES,Falta de Atenção à Condução,Saída de leito carroçável,Sem Vítimas,Plena Noite,Decrescente,Chuva,Simples,Curva,Sim,5,0,0,0,0,5,0,5,-26.88232,-48.66183,SPRF-SC,DEL04-SC,UOP04-DEL04-SC,2020
"292898,0",2020-07-01,quarta-feira,06:45:00,SC,163,"77,5",SAO MIGUEL DO OESTE,Falta de Atenção à Condução,Saída de leito carroçável,Sem Vítimas,Amanhecer,Crescente,Nublado,Simples,Reta,Não,2,0,0,0,1,1,0,2,-26.67615498,-53.51669997,SPRF-SC,DEL07-SC,UOP03-DEL07-SC,2020
"292927,0",2020-07-01,quarta-feira,14:20:00,SC,101,"44,4",JOINVILLE,Falta de Atenção à Condução,Colisão traseira,Com Vítimas Feridas,Pleno dia,Crescente,Céu Claro,Dupla,Declive,Sim,4,0,0,1,2,5,1,8,-26.31238996,-48.87458997,SPRF-SC,DEL03-SC,UOP01-DEL03-SC,2020
"292936,0",2020-07-01,quarta-feira,10:25:00,SC,153,"37,8",PONTE SERRADA,Desobediência às normas de trânsito pelo condutor,Colisão traseira,Sem Vítimas,Pleno dia,Crescente,Céu Claro,Simples,Reta,Não,3,0,0,0,2,1,0,3,-26.836743,-51.738633,SPRF-SC,DEL07-SC,UOP05-DEL07-SC,2020
"292972,0",2020-07-01,quarta-feira,14:00:00,SC,282,"494,9",XANXERE,Desobediência às normas de trânsito pelo condutor,Colisão frontal,Sem Vítimas,Pleno dia,Crescente,Garoa/Chuvisco,Simples,Curva,Não,2,0,0,0,2,0,0,2,-26.87149,-52.318768,SPRF-SC,DEL07-SC,UOP01-DEL07-SC,2020
"292998,0",2020-07-01,quarta-feira,22:00:00,SC,470,"199,5",PONTE ALTA,Falta de Atenção à Condução,Tombamento,Sem Vítimas,Plena Noite,Crescente,Garoa/Chuvisco,Simples,Reta,Não,2,0,0,0,1,1,0,2,-27.309647,-50.128212,SPRF-SC,DEL05-SC,UOP03-DEL05-SC,2020
"293002,0",2020-07-01,quarta-feira,16:15:00,SC,470,"140,9",RIO DO SUL,Falta de Atenção à Condução,Colisão frontal,Com Vítimas Feridas,Pleno dia,Crescente,Nublado,Simples,Interseção de Vias,Sim,5,0,0,2,2,1,2,4,-27.222485,-49.662827,SPRF-SC,DEL04-SC,UOP02-DEL04-SC,2020
"293083,0",2020-06-12,sexta-feira,17:05:00,SC,116,"1,3",MAFRA,Falta de Atenção à Condução,Colisão transversal,Com Vítimas Feridas,Pleno dia,Crescente,Céu Claro,Simples,Reta,Não,2,0,0,1,1,0,1,2,-26.1170929,-49.78694917,SPRF-SC,DEL06-SC,UOP01-DEL06-SC,2020
"293118,0",2020-07-02,quinta-feira,19:00:00,SC,101,"207,6",SAO JOSE,Não guardar distância de segurança,Colisão lateral,Com Vítimas Feridas,Plena Noite,Decrescente,Céu Claro,Dupla,Reta,Sim,4,0,0,1,2,1,1,4,-27.60001226,-48.6226467,SPRF-SC,DEL01-SC,UOP01-DEL01-SC,2020
"293224,0",2020-07-03,sexta-feira,09:00:00,SC,280,"23,0",ARAQUARI,Falta de Atenção à Condução,Colisão lateral,Com Vítimas Feridas,Pleno dia,Decrescente,Céu Claro,Simples,Rotatória,Sim,3,0,1,0,1,1,1,3,-26.37146,-48.711887,SPRF-SC,DEL03-SC,UOP03-DEL03-SC,2020
"293226,0",2020-07-03,sexta-feira,07:35:00,SC,101,"213,0",PALHOCA,Não guardar distância de segurança,Colisão traseira,Sem Vítimas,Pleno dia,Decrescente,Céu Claro,Dupla,Reta,Sim,1,0,0,0,1,0,0,1,-27.63697369,-48.66514142,SPRF-SC,DEL01-SC,UOP02-DEL01-SC,2020
"293270,0",2020-07-03,sexta-feira,14:20:00,SC,101,"40,9",JOINVILLE,Velocidade Incompatível,Derramamento de carga,Sem Vítimas,Pleno dia,Decrescente,Céu Claro,Dupla,Curva,Não,4,0,0,0,3,1,0,4,-26.27176094,-48.89468382,SPRF-SC,DEL03-SC,UOP01-DEL03-SC,2020
"293497,0",2020-07-04,sábado,17:40:00,SC,116,"51,7",PAPANDUVA,Falta de Atenção à Condução,Colisão frontal,Com Vítimas Feridas,Anoitecer,Crescente,Céu Claro,Simples,Curva,Não,4,0,2,0,1,1,2,2,-26.39008273,-50.14576709,SPRF-SC,DEL06-SC,UOP01-DEL06-SC,2020
"293668,0",2020-07-05,domingo,12:10:00,SC,116,"193,1",PONTE ALTA,Velocidade Incompatível,Saída de leito carroçável,Com Vítimas Feridas,Pleno dia,Decrescente,Nublado,Simples,Aclive;Curva,Não,2,0,0,1,0,1,1,2,-27.380015,-50.43000816,SPRF-SC,DEL05-SC,UOP03-DEL05-SC,2020
"293681,0",2020-07-05,domingo,13:20:00,SC,470,"192,5",POUSO REDONDO,Carga excessiva e/ou mal acondicionada,Tombamento,Com Vítimas Feridas,Pleno dia,Crescente,Nublado,Simples,Curva,Não,1,0,1,0,0,0,1,1,-27.293324,-50.078678,SPRF-SC,DEL04-SC,UOP02-DEL04-SC,2020
"293705,0",2020-07-05,domingo,17:45:00,SC,101,"112,0",NAVEGANTES,Falta de Atenção do Pedestre,Atropelamento de Pedestre,Com Vítimas Feridas,Anoitecer,Decrescente,Céu Claro,Dupla,Reta,Sim,3,0,0,1,1,2,1,4,-26.84589005,-48.72131295,SPRF-SC,DEL04-SC,UOP04-DEL04-SC,2020
"293713,0",2020-07-05,domingo,15:05:00,SC,470,"233,8",SAO CRISTOVAO DO SUL,Defeito Mecânico no Veículo,Colisão com objeto em movimento,Sem Vítimas,Pleno dia,Decrescente,Nublado,Simples,Reta,Não,2,0,0,0,2,0,0,2,-27.30223169,-50.43205261,SPRF-SC,DEL05-SC,UOP03-DEL05-SC,2020
"293727,0",2020-07-05,domingo,19:00:00,SC,470,"117,9",IBIRAMA,Não guardar distância de segurança,Colisão traseira,Sem Vítimas,Plena Noite,Decrescente,Nublado,Simples,Em Obras;Reta,Não,3,0,0,0,2,1,0,3,-27.081692,-49.502277,SPRF-SC,DEL04-SC,UOP02-DEL04-SC,2020
"293768,0",2020-07-05,domingo,21:00:00,SC,282,"275,1",SAO JOSE DO CERRITO,Condutor Dormindo,Colisão frontal,Com Vítimas Feridas,Plena Noite,Decrescente,Garoa/Chuvisco,Simples,Curva,Não,3,0,1,0,2,0,1,2,-27.606421,-50.720207,SPRF-SC,DEL05-SC,UOP02-DEL05-SC,2020
"293855,0",2020-07-06,segunda-feira,07:45:00,SC,101,"35,0",JOINVILLE,Pista Escorregadia,Colisão transversal,Com Vítimas Feridas,Pleno dia,Crescente,Garoa/Chuvisco,Dupla,Reta,Sim,7,0,2,0,5,0,2,6,-26.2411301,-48.91227415,SPRF-SC,DEL03-SC,UOP01-DEL03-SC,2020
"293858,0",2020-07-06,segunda-feira,07:50:00,SC,101,"35,0",JOINVILLE,Pista Escorregadia,Colisão traseira,Com Vítimas Feridas,Amanhecer,Crescente,Garoa/Chuvisco,Dupla,Reta,Sim,7,0,1,0,6,0,1,6,-26.2411301,-48.91227415,SPRF-SC,DEL03-SC,UOP01-DEL03-SC,2020
"293905,0",2020-06-24,quarta-feira,10:59:00,SC,101,"197,0",BIGUACU,Não guardar distância de segurança,Colisão traseira,Com Vítimas Feridas,Pleno dia,Decrescente,Céu Claro,Simples,Reta,Sim,2,0,0,1,1,0,1,2,-27.51844497,-48.63848496,SPRF-SC,DEL01-SC,UOP01-DEL01-SC,2020