id,data_inversa,dia_semana,horario,uf,br,km,municipio,causa_acidente,tipo_acidente,classificacao_acidente,fase_dia,sentido_via,condicao_metereologica,tipo_pista,tracado_via,uso_solo,pessoas,mortos,feridos_leves,feridos_graves,ilesos,ignorados,feridos,veiculos,latitude,longitude,regional,delegacia,uop,ano_arquivo
"302145,0",2020-08-18,terça-feira,03:05:00,SC,101,"242,1",PALHOCA,Falta de Atenção à Condução,Colisão traseira,Com Vítimas Feridas,Plena Noite,Decrescente,Chuva,Múltipla,Reta,Sim,5,0,3,0,0,2,3,4,-27.87545797,-48.64678433,SPRF-SC,DEL01-SC,UOP02-DEL01-SC,2020
"302154,0",2020-08-18,terça-feira,03:40:00,SC,280,"210,6",TRES BARRAS,Animais na Pista,Atropelamento de Animal,Sem Vítimas,Pleno dia,Decrescente,Garoa/Chuvisco,Simples,Reta,Não,2,0,0,0,1,1,0,2,-26.17399809,-50.16814498,SPRF-SC,DEL06-SC,UOP04-DEL06-SC,2020
"302184,0",2020-08-18,terça-feira,07:30:00,SC,101,"367,5",ICARA,Desobediência às normas de trânsito pelo condutor,Colisão frontal,Com Vítimas Feridas,Pleno dia,Crescente,Céu Claro,Simples,Aclive;Reta,Sim,3,0,1,0,1,1,1,3,-28.69145778,-49.16484911,SPRF-SC,DEL02-SC,UOP01-DEL02-SC,2020
"302198,0",2020-08-18,terça-feira,08:40:00,SC,101,"165,8",TIJUCAS,Falta de Atenção à Condução,Colisão lateral,Com Vítimas Feridas,Pleno dia,Crescente,Nublado,Dupla,Reta,Não,2,0,1,0,0,1,1,2,-27.252663,-48.63154894,SPRF-SC,DEL04-SC,UOP03-DEL04-SC,2020
"302264,0",2020-08-18,terça-feira,16:53:00,SC,116,"309,0",CAPAO ALTO,Velocidade Incompatível,Tombamento,Com Vítimas Feridas,Pleno dia,Crescente,Nublado,Simples,Curva;Declive,Não,2,0,1,0,0,1,1,2,-28.198002,-50.759674,SPRF-SC,DEL05-SC,UOP02-DEL05-SC,2020
"302297,0",2020-08-18,terça-feira,18:30:00,SC,282,"111,8",ALFREDO WAGNER,Falta de Atenção à Condução,Colisão frontal,Com Vítimas Feridas,Plena Noite,Crescente,Chuva,Simples,Curva,Não,8,0,0,6,1,1,6,3,-27.733616,-49.367538,SPRF-SC,DEL01-SC,UOP03-DEL01-SC,2020
"302366,0",2020-08-19,quarta-feira,10:30:00,SC,153,"81,8",IRANI,Falta de Atenção à Condução,Colisão lateral,Sem Vítimas,Pleno dia,Crescente,Chuva,Simples,Curva,Não,3,0,0,0,2,1,0,3,-27.120626,-51.922867,SPRF-SC,DEL07-SC,UOP04-DEL07-SC,2020
"302374,0",2020-08-19,quarta-feira,13:30:00,SC,282,"628,0",IRACEMINHA,Ingestão de Álcool,Colisão lateral,Com Vítimas Feridas,Pleno dia,Decrescente,Nublado,Simples,Reta,Não,3,0,1,0,2,0,1,2,-26.818754,-53.365486,SPRF-SC,DEL07-SC,UOP02-DEL07-SC,2020
"302386,0",2020-08-19,quarta-feira,14:40:00,SC,101,"128,1",CAMBORIU,Falta de Atenção à Condução,Engavetamento,Com Vítimas Feridas,Pleno dia,Crescente,Chuva,Dupla,Reta,Não,8,0,1,0,6,1,1,8,-26.97284292,-48.68299451,SPRF-SC,DEL04-SC,UOP03-DEL04-SC,2020
"302408,0",2020-08-19,quarta-feira,18:00:00,SC,101,"137,2",BALNEARIO CAMBORIU,Não guardar distância de segurança,Engavetamento,Com Vítimas Feridas,Anoitecer,Decrescente,Garoa/Chuvisco,Dupla,Declive,Sim,9,0,1,0,7,1,1,8,-27.0157238,-48.61192763,SPRF-SC,DEL04-SC,UOP03-DEL04-SC,2020
"302429,0",2020-08-19,quarta-feira,17:50:00,SC,282,"406,8",CATANDUVAS,Ultrapassagem Indevida,Colisão lateral,Sem Vítimas,Anoitecer,Crescente,Nublado,Simples,Reta,Não,3,0,0,0,1,2,0,3,-27.092703,-51.659904,SPRF-SC,DEL07-SC,UOP05-DEL07-SC,2020
"302442,0",2020-08-19,quarta-feira,19:30:00,SC,280,"13,0",SAO FRANCISCO DO SUL,Falta de Atenção à Condução,Colisão frontal,Com Vítimas Feridas,Plena Noite,Decrescente,Chuva,Simples,Reta,Não,3,0,1,0,1,1,1,3,-26.32171113,-48.64798666,SPRF-SC,DEL03-SC,UOP03-DEL03-SC,2020
"302468,0",2020-08-20,quinta-feira,07:00:00,SC,470,"19,0",ILHOTA,Desobediência às normas de trânsito pelo condutor,Colisão lateral,Com Vítimas Feridas,Pleno dia,Crescente,Nublado,Simples,Reta,Não,3,0,1,0,1,1,1,3,-26.862995,-48.814396,SPRF-SC,DEL04-SC,UOP04-DEL04-SC,2020
"302567,0",2020-08-20,quinta-feira,17:50:00,SC,101,"31,0",JOINVILLE,Carga excessiva e/ou mal acondicionada,Colisão com objeto em movimento,Sem Vítimas,Plena Noite,Crescente,Chuva,Dupla,Reta,Sim,3,0,0,0,3,0,0,2,-26.22195899,-48.91634925,SPRF-SC,DEL03-SC,UOP01-DEL03-SC,2020
"302632,0",2020-08-20,quinta-feira,19:45:00,SC,470,"215,8",SAO CRISTOVAO DO SUL,Falta de Atenção à Condução,Saída de leito carroçável,Com Vítimas Feridas,Plena Noite,Crescente,Nublado,Simples,Reta,Não,2,0,1,0,0,1,1,2,-27.30308,-50.27837,SPRF-SC,DEL05-SC,UOP03-DEL05-SC,2020
"302651,0",2020-08-21,sexta-feira,07:28:00,SC,101,"126,0",ITAJAI,Desobediência às normas de trânsito pelo condutor,Colisão lateral,Com Vítimas Feridas,Pleno dia,Crescente,Nublado,Dupla,Aclive,Não,3,0,1,0,1,1,1,3,-26.95564404,-48.67978366,SPRF-SC,DEL04-SC,UOP04-DEL04-SC,2020
"302667,0",2020-08-21,sexta-feira,09:00:00,SC,101,"123,9",ITAJAI,Não guardar distância de segurança,Colisão traseira,Com Vítimas Feridas,Pleno dia,Crescente,Nublado,Dupla,Reta,Não,2,0,1,0,0,1,1,2,-26.93668609,-48.69876905,SPRF-SC,DEL04-SC,UOP04-DEL04-SC,2020
"302765,0",2020-08-21,sexta-feira,13:40:00,SC,101,"307,0",LAGUNA,Falta de Atenção à Condução,Colisão lateral,Com Vítimas Feridas,Pleno dia,Decrescente,Céu Claro,Múltipla,Aclive,Sim,2,0,0,1,1,0,1,2,-28.39199505,-48.77826295,SPRF-SC,DEL02-SC,UOP03-DEL02-SC,2020
"302871,0",2020-08-22,sábado,04:30:00,SC,101,"308,6",LAGUNA,Ingestão de Álcool,Colisão frontal,Com Vítimas Feridas,Plena Noite,Decrescente,Céu Claro,Múltipla,Reta;Aclive,Não,6,0,5,0,0,1,5,3,-28.42262734,-48.79871607,SPRF-SC,DEL02-SC,UOP01-DEL02-SC,2020
"302939,0",2020-08-22,sábado,11:40:00,SC,282,"244,9",SAO JOSE DO CERRITO,Velocidade Incompatível,Tombamento,Com Vítimas Feridas,Pleno dia,Crescente,Céu Claro,Simples,Curva;Aclive,Não,2,0,1,0,0,1,1,2,-27.73609,-50.51841,SPRF-SC,DEL05-SC,UOP02-DEL05-SC,2020
"303001,0",2020-08-22,sábado,19:20:00,SC,101,"210,9",SAO JOSE,Sinalização da via insuficiente ou inadequada,Colisão traseira,Com Vítimas Fatais,Plena Noite,Crescente,Céu Claro,Múltipla,Reta,Sim,7,1,0,0,4,2,0,5,-27.62052044,-48.64941359,SPRF-SC,DEL01-SC,UOP01-DEL01-SC,2020
"303236,0",2020-08-23,domingo,18:15:00,SC,280,"48,3",GUARAMIRIM,Desobediência às normas de trânsito pelo condutor,Colisão lateral,Com Vítimas Feridas,Plena Noite,Crescente,Nublado,Simples,Aclive,Não,5,0,0,1,1,3,1,4,-26.45661747,-48.93177509,SPRF-SC,DEL03-SC,UOP03-DEL03-SC,2020
"303249,0",2020-08-23,domingo,09:30:00,SC,153,"24,5",AGUA DOCE,Defeito na Via,Colisão frontal,Com Vítimas Fatais,Pleno dia,Crescente,Céu Claro,Simples,Reta;Ponte,Não,3,1,1,0,0,3,1,5,-26.75986601,-51.66629791,SPRF-SC,DEL07-SC,UOP05-DEL07-SC,2020
"303287,0",2020-08-24,segunda-feira,00:10:00,SC,282,"641,3",DESCANSO,Falta de Atenção à Condução,Colisão lateral,Com Vítimas Feridas,Plena Noite,Crescente,Céu Claro,Simples,Curva,Não,2,0,1,0,1,0,1,2,-26.779949,-53.460857,SPRF-SC,DEL07-SC,UOP03-DEL07-SC,2020
"303357,0",2020-08-24,segunda-feira,09:30:00,SC,101,"387,0",ICARA,Velocidade Incompatível,Tombamento,Sem Vítimas,Pleno dia,Decrescente,Céu Claro,Dupla,Reta,Não,1,0,0,0,1,0,0,1,-28.78085074,-49.32874013,SPRF-SC,DEL02-SC,UOP02-DEL02-SC,2020
"303436,0",2020-08-24,segunda-feira,19:00:00,SC,101,"201,0",SAO JOSE,Falta de Atenção à Condução,Colisão traseira,Com Vítimas Feridas,Plena Noite,Crescente,Céu Claro,Simples,Reta,Sim,2,0,1,0,1,0,1,2,-27.54836599,-48.61977975,SPRF-SC,DEL01-SC,UOP01-DEL01-SC,2020
"303444,0",2020-08-24,segunda-feira,19:30:00,SC,470,"60,0",BLUMENAU,Ingestão de álcool e/ou substâncias psicoativas pelo pedestre,Colisão transversal,Com Vítimas Feridas,Plena Noite,Decrescente,Nublado,Simples,Reta,Sim,3,0,1,0,2,0,1,2,-26.88138,-49.164543,SPRF-SC,DEL04-SC,UOP01-DEL04-SC,2020
"303446,0",2020-08-24,segunda-feira,17:20:00,SC,116,"241,0",LAGES,Mal Súbito,Tombamento,Com Vítimas Feridas,Anoitecer,Crescente,Céu Claro,Simples,Aclive,Não,2,0,2,0,0,0,2,1,-27.76776602,-50.33668491,SPRF-SC,DEL05-SC,UOP01-DEL05-SC,2020
"303464,0",2020-08-24,segunda-feira,16:35:00,SC,470,"226,8",SAO CRISTOVAO DO SUL,Animais na Pista,Atropelamento de Animal,Com Vítimas Fatais,Pleno dia,Decrescente,Céu Claro,Simples,Reta,Não,3,1,0,0,2,0,0,2,-27.32384,-50.37162,SPRF-SC,DEL05-SC,UOP03-DEL05-SC,2020
"303539,0",2020-08-25,terça-feira,09:00:00,SC,101,"378,8",ICARA,Falta de Atenção à Condução,Colisão com objeto estático,Com Vítimas Feridas,Pleno dia,Decrescente,Céu Claro,Dupla,Reta,Sim,3,0,0,2,1,0,2,2,-28.75261055,-49.27222252,SPRF-SC,DEL02-SC,UOP02-DEL02-SC,2020
"303590,0",2020-08-25,terça-feira,16:10:00,SC,470,"73,0",INDAIAL,Falta de Atenção à Condução,Colisão traseira,Com Vítimas Feridas,Pleno dia,Crescente,Céu Claro,Simples,Reta,Não,5,0,2,0,2,1,2,5,-26.908962,-49.275089,SPRF-SC,DEL04-SC,UOP01-DEL04-SC,2020
"303591,0",2020-08-25,terça-feira,14:45:00,SC,282,"95,1",ALFREDO WAGNER,Velocidade Incompatível,Tombamento,Com Vítimas Feridas,Pleno dia,Decrescente,Sol,Simples,Curva,Não,2,0,0,1,0,1,1,2,-27.71188,-49.255035,SPRF-SC,DEL01-SC,UOP03-DEL01-SC,2020
"303622,0",2020-08-25,terça-feira,18:40:00,SC,280,"6,4",SAO FRANCISCO DO SUL,Falta de Atenção à Condução,Colisão traseira,Com Vítimas Feridas,Plena Noite,Decrescente,Céu Claro,Simples,Reta,Sim,4,0,1,1,2,0,2,3,-26.26771072,-48.63639951,SPRF-SC,DEL03-SC,UOP03-DEL03-SC,2020
"303648,0",2020-08-25,terça-feira,19:15:00,SC,116,"54,8",PAPANDUVA,Velocidade Incompatível,Colisão traseira,Com Vítimas Feridas,Plena Noite,Crescente,Nublado,Simples,Reta,Não,5,0,1,0,3,2,1,5,-26.39448417,-50.16480003,SPRF-SC,DEL06-SC,UOP02-DEL06-SC,2020
"303652,0",2020-08-25,terça-feira,22:00:00,SC,101,"362,4",SANGAO,Falta de Atenção à Condução,Colisão com objeto estático,Com Vítimas Feridas,Plena Noite,Decrescente,Céu Claro,Dupla,Aclive;Reta,Não,2,0,1,0,0,1,1,2,-28.67733528,-49.13457155,SPRF-SC,DEL02-SC,UOP01-DEL02-SC,2020
"303676,0",2020-08-26,quarta-feira,05:00:00,SC,470,"184,9",POUSO REDONDO,Condutor Dormindo,Tombamento,Com Vítimas Fatais,Plena Noite,Crescente,Céu Claro,Simples,Curva,Não,1,1,0,0,0,0,0,1,-27.253466,-50.038262,SPRF-SC,DEL04-SC,UOP02-DEL04-SC,2020
"303752,0",2020-08-26,quarta-feira,15:00:00,SC,101,"202,0",SAO JOSE,Falta de Atenção à Condução,Colisão lateral,Com Vítimas Feridas,Pleno dia,Crescente,Céu Claro,Dupla,Reta,Não,3,0,1,0,0,2,1,3,-27.55711595,-48.61897889,SPRF-SC,DEL01-SC,UOP01-DEL01-SC,2020
"303792,0",2020-08-26,quarta-feira,18:40:00,SC,116,"115,0",SANTA CECILIA,Velocidade Incompatível,Tombamento,Com Vítimas Feridas,Plena Noite,Decrescente,Céu Claro,Simples,Curva,Não,2,0,1,0,0,1,1,2,-26.80262399,-50.33936901,SPRF-SC,DEL06-SC,UOP02-DEL06-SC,2020
"303805,0",2020-08-26,quarta-feira,14:05:00,SC,282,"597,0",CUNHA PORA,Defeito Mecânico no Veículo,Incêndio,Sem Vítimas,Pleno dia,Crescente,Sol,Simples,Reta,Não,1,0,0,0,0,1,0,1,-26.82922,-53.138004,SPRF-SC,DEL07-SC,UOP02-DEL07-SC,2020
"303817,0",2020-08-26,quarta-feira,19:20:00,SC,116,"170,0",PONTE ALTA DO NORTE,Deficiência ou não Acionamento do Sistema de Iluminação/Sinalização do Veículo,Colisão traseira,Com Vítimas Feridas,Plena Noite,Decrescente,Céu Claro,Simples,Aclive,Não,2,0,0,1,0,1,1,2,-27.194962,-50.463425,SPRF-SC,DEL05-SC,UOP03-DEL05-SC,2020
"303853,0",2020-08-27,quinta-feira,07:15:00,SC,101,"400,2",MARACAJA,Desobediência às normas de trânsito pelo condutor,Colisão transversal,Com Vítimas Feridas,Amanhecer,Crescente,Céu Claro,Múltipla,Viaduto,Sim,2,0,1,0,1,0,1,2,-28.8660231,-49.44843292,SPRF-SC,DEL02-SC,UOP02-DEL02-SC,2020
"304002,0",2020-08-27,quinta-feira,22:15:00,SC,116,"211,1",PONTE ALTA,Velocidade Incompatível,Tombamento,Com Vítimas Feridas,Plena Noite,Decrescente,Céu Claro,Simples,Curva,Não,2,0,1,0,0,1,1,2,-27.51040007,-50.36397936,SPRF-SC,DEL05-SC,UOP03-DEL05-SC,2020
"304004,0",2020-08-27,quinta-feira,23:36:00,SC,116,"179,5",SAO CRISTOVAO DO SUL,Velocidade Incompatível,Colisão frontal,Com Vítimas Fatais,Plena Noite,Decrescente,Céu Claro,Simples,Curva,Sim,5,3,0,0,1,1,0,3,-27.26274894,-50.44460298,SPRF-SC,DEL05-SC,UOP03-DEL05-SC,2020
"304041,0",2020-08-28,sexta-feira,07:05:00,SC,282,"217,7",LAGES,Falta de Atenção à Condução,Colisão frontal,Com Vítimas Feridas,Amanhecer,Decrescente,Céu Claro,Simples,Interseção de Vias;Reta,Sim,2,0,1,0,1,0,1,2,-27.79801761,-50.29747009,SPRF-SC,DEL05-SC,UOP01-DEL05-SC,2020
"304065,0",2020-08-28,sexta-feira,10:35:00,SC,101,"442,8",SANTA ROSA DO SUL,Falta de Atenção à Condução,Colisão lateral,Com Vítimas Feridas,Pleno dia,Crescente,Céu Claro,Dupla,Reta,Sim,3,0,2,0,1,0,2,2,-29.12959329,-49.68678391,SPRF-SC,DEL02-SC,UOP02-DEL02-SC,2020
"304192,0",2020-08-28,sexta-feira,22:20:00,SC,101,"214,8",PALHOCA,Desobediência às normas de trânsito pelo condutor,Colisão transversal,Com Vítimas Feridas,Plena Noite,Crescente,Céu Claro,Múltipla,Reta,Sim,4,0,0,2,1,1,2,3,-27.64443,-48.67057,SPRF-SC,DEL01-SC,UOP02-DEL01-SC,2020
"304202,0",2020-08-28,sexta-feira,19:30:00,SC,282,"167,7",BOCAINA DO SUL,Desobediência às normas de trânsito pelo condutor,Colisão transversal,Com Vítimas Feridas,Plena Noite,Crescente,Céu Claro,Simples,Reta,Não,3,0,2,0,0,1,2,2,-27.748844,-49.817348,SPRF-SC,DEL05-SC,UOP01-DEL05-SC,2020
"304249,0",2020-08-29,sábado,03:50:00,SC,101,"338,0",TUBARAO,Condutor Dormindo,Saída de leito carroçável,Com Vítimas Feridas,Plena Noite,Decrescente,Céu Claro,Dupla,Ponte;Reta,Não,2,0,1,0,0,1,1,2,-28.485725,-49.03726,SPRF-SC,DEL02-SC,UOP01-DEL02-SC,2020
"304326,0",2020-08-29,sábado,13:20:00,SC,282,"30,0",AGUAS MORNAS,Falta de Atenção à Condução,Colisão frontal,Com Vítimas Feridas,Pleno dia,Crescente,Céu Claro,Simples,Curva,Não,4,0,1,1,1,1,2,3,-27.687376,-48.79071,SPRF-SC,DEL01-SC,UOP03-DEL01-SC,2020
"304348,0",2020-08-29,sábado,14:40:00,SC,101,"158,4",PORTO BELO,Falta de Atenção à Condução,Colisão lateral,Com Vítimas Feridas,Pleno dia,Crescente,Céu Claro,Dupla,Reta,Sim,4,0,0,2,1,1,2,3,-27.19096301,-48.61259017,SPRF-SC,DEL04-SC,UOP03-DEL04-SC,2020
"304587,0",2020-08-30,domingo,14:10:00,SC,470,"32,0",GASPAR,Falta de Atenção à Condução,Colisão transversal,Com Vítimas Feridas,Pleno dia,Crescente,Nublado,Dupla,Em Obras,Não,9,0,0,6,2,1,6,4,-26.901793,-48.931812,SPRF-SC,DEL04-SC,UOP01-DEL04-SC,2020
"304625,0",2020-08-30,domingo,15:40:00,SC,101,"106,5",PENHA,Não guardar distância de segurança,Tombamento,Com Vítimas Fatais,Pleno dia,Crescente,Sol,Dupla,Reta,Sim,3,1,0,1,1,0,1,2,-26.81031601,-48.68293896,SPRF-SC,DEL03-SC,UOP02-DEL03-SC,2020
"304676,0",2020-08-30,domingo,16:35:00,SC,282,"613,3",MARAVILHA,Condutor Dormindo,Colisão frontal,Com Vítimas Fatais,Pleno dia,Decrescente,Sol,Simples,Curva,Não,4,1,0,0,1,3,0,5,-26.76923646,-53.26370023,SPRF-SC,DEL07-SC,UOP02-DEL07-SC,2020
"304685,0",2020-08-30,domingo,20:15:00,SC,101,"14,0",GARUVA,Desobediência às normas de trânsito pelo condutor,Colisão lateral,Sem Vítimas,Plena Noite,Decrescente,Garoa/Chuvisco,Dupla,Reta,Não,3,0,0,0,3,0,0,2,-26.09803515,-48.86773972,SPRF-SC,DEL03-SC,UOP01-DEL03-SC,2020
"304764,0",2020-08-31,segunda-feira,05:00:00,SC,116,"271,0",CAPAO ALTO,Falta de Atenção à Condução,Colisão com objeto estático,Com Vítimas Fatais,Amanhecer,Crescente,Nublado,Simples,Reta,Não,3,1,0,0,1,1,0,3,-27.97401963,-50.50629616,SPRF-SC,DEL05-SC,UOP02-DEL05-SC,2020
"304807,0",2020-08-31,segunda-feira,08:45:00,SC,282,"516,1",XAXIM,Falta de Atenção à Condução,Colisão com objeto estático,Sem Vítimas,Pleno dia,Crescente,Céu Claro,Simples,Curva,Não,2,0,0,0,2,0,0,1,-26.930862,-52.499157,SPRF-SC,DEL07-SC,UOP01-DEL07-SC,2020
"304970,0",2020-09-01,terça-feira,06:30:00,SC,470,"172,1",POUSO REDONDO,Falta de Atenção à Condução,Colisão transversal,Com Vítimas Feridas,Amanhecer,Decrescente,Nublado,Simples,Reta,Não,2,0,1,0,1,0,1,2,-27.257526,-49.909592,SPRF-SC,DEL04-SC,UOP02-DEL04-SC,2020
"304971,0",2020-09-01,terça-feira,07:17:00,SC,470,"191,0",POUSO REDONDO,Pista Escorregadia,Colisão frontal,Com Vítimas Feridas,Pleno dia,Crescente,Chuva,Simples,Reta,Sim,9,0,5,1,2,1,6,4,-27.281504,-50.069775,SPRF-SC,DEL04-SC,UOP02-DEL04-SC,2020
"304972,0",2020-09-01,terça-feira,07:45:00,SC,470,"191,5",POUSO REDONDO,Pista Escorregadia,Colisão frontal,Com Vítimas Feridas,Amanhecer,Crescente,Garoa/Chuvisco,Múltipla,Reta,Não,4,0,2,0,1,1,2,3,-27.284445,-50.07766,SPRF-SC,DEL04-SC,UOP02-DEL04-SC,2020
"305016,0",2020-09-01,terça-feira,14:40:00,SC,101,"89,9",BARRA VELHA,Falta de Atenção à Condução,Colisão traseira,Com Vítimas Feridas,Pleno dia,Crescente,Garoa/Chuvisco,Dupla,Reta,Sim,3,0,1,0,1,1,1,3,-26.65175997,-48.68721921,SPRF-SC,DEL03-SC,UOP02-DEL03-SC,2020
"305083,0",2020-09-01,terça-feira,20:45:00,SC,158,"101,4",CUNHA PORA,Desobediência às normas de trânsito pelo condutor,Colisão frontal,Com Vítimas Feridas,Plena Noite,Crescente,Céu Claro,Simples,Reta,Não,4,0,0,1,1,2,1,3,-26.83661705,-53.17563409,SPRF-SC,DEL07-SC,UOP02-DEL07-SC,2020
"305085,0",2020-09-01,terça-feira,22:00:00,SC,101,"210,0",SAO JOSE,Falta de Atenção à Condução,Colisão lateral,Com Vítimas Feridas,Plena Noite,Decrescente,Chuva,Dupla,Reta,Sim,2,0,1,0,1,0,1,2,-27.6167305,-48.6457265,SPRF-SC,DEL01-SC,UOP01-DEL01-SC,2020
"305106,0",2020-09-02,quarta-feira,04:20:00,SC,101,"442,0",SANTA ROSA DO SUL,Defeito Mecânico no Veículo,Incêndio,Com Vítimas Feridas,Plena Noite,Crescente,Garoa/Chuvisco,Dupla,Reta,Sim,1,0,1,0,0,0,1,1,-29.12959329,-49.68678391,SPRF-SC,DEL02-SC,UOP02-DEL02-SC,2020
"305115,0",2020-09-02,quarta-feira,06:25:00,SC,101,"18,5",JOINVILLE,Falta de Atenção à Condução,Colisão lateral,Com Vítimas Feridas,Amanhecer,Crescente,Nublado,Dupla,Reta,Não,2,0,1,0,0,1,1,2,-26.128553,-48.888776,SPRF-SC,DEL03-SC,UOP01-DEL03-SC,2020
"305341,0",2020-09-03,quinta-feira,07:50:00,SC,163,"117,7",DIONISIO CERQUEIRA,Falta de Atenção à Condução,Colisão lateral,Sem Vítimas,Pleno dia,Crescente,Nevoeiro/Neblina,Simples,Aclive;Reta,Não,3,0,0,0,2,2,0,4,-26.35440989,-53.54347981,SPRF-SC,DEL07-SC,UOP03-DEL07-SC,2020
"305354,0",2020-09-03,quinta-feira,06:30:00,SC,470,"18,0",ILHOTA,Falta de Atenção à Condução,Tombamento,Sem Vítimas,Pleno dia,Crescente,Chuva,Simples,Curva,Não,2,0,0,0,1,1,0,2,-26.855534,-48.808922,SPRF-SC,DEL04-SC,UOP04-DEL04-SC,2020
"305355,0",2020-09-03,quinta-feira,12:20:00,SC,470,"138,1",RIO DO SUL,Desobediência às normas de trânsito pelo condutor,Colisão transversal,Com Vítimas Feridas,Pleno dia,Decrescente,Céu Claro,Simples,Interseção de Vias;Reta,Sim,2,0,0,1,1,0,1,2,-27.207214,-49.648476,SPRF-SC,DEL04-SC,UOP02-DEL04-SC,2020
"305396,0",2020-09-03,quinta-feira,16:15:00,SC,280,"20,6",ARAQUARI,Falta de Atenção à Condução,Colisão transversal,Com Vítimas Feridas,Pleno dia,Decrescente,Céu Claro,Simples,Interseção de Vias,Não,4,0,0,2,1,2,2,4,-26.36990477,-48.68224301,SPRF-SC,DEL03-SC,UOP03-DEL03-SC,2020
"305489,0",2020-09-04,sexta-feira,03:18:00,SC,470,"59,3",BLUMENAU,Ingestão de Álcool,Colisão frontal,Com Vítimas Fatais,Plena Noite,Decrescente,Nublado,Simples,Curva,Sim,5,2,0,1,2,0,1,3,-26.88224454,-49.16054791,SPRF-SC,DEL04-SC,UOP01-DEL04-SC,2020
"305515,0",2020-09-04,sexta-feira,06:30:00,SC,282,"32,8",AGUAS MORNAS,Defeito Mecânico no Veículo,Saída de leito carroçável,Com Vítimas Feridas,Pleno dia,Decrescente,Garoa/Chuvisco,Simples,Declive;Curva,Sim,2,0,1,0,0,1,1,2,-27.70660155,-48.80737123,SPRF-SC,DEL01-SC,UOP03-DEL01-SC,2020
"305564,0",2020-09-03,quinta-feira,18:50:00,SC,282,"370,1",ERVAL VELHO,Defeito Mecânico no Veículo,Saída de leito carroçável,Com Vítimas Feridas,Anoitecer,Decrescente,Céu Claro,Simples,Curva,Sim,1,0,1,0,0,0,1,1,-27.268663,-51.443768,SPRF-SC,DEL07-SC,UOP05-DEL07-SC,2020
"305747,0",2020-09-04,sexta-feira,23:00:00,SC,470,"14,0",ILHOTA,Condutor Dormindo,Colisão frontal,Com Vítimas Feridas,Plena Noite,Crescente,Nublado,Simples,Reta,Não,2,0,1,0,1,0,1,2,-26.837988,-48.775795,SPRF-SC,DEL04-SC,UOP04-DEL04-SC,2020
"305750,0",2020-09-04,sexta-feira,21:30:00,SC,116,"86,0",MONTE CASTELO,Desobediência às normas de trânsito pelo condutor,Colisão lateral,Com Vítimas Feridas,Plena Noite,Crescente,Nublado,Simples,Aclive;Reta,Não,3,0,1,1,1,0,2,2,-26.60977491,-50.22937022,SPRF-SC,DEL06-SC,UOP02-DEL06-SC,2020
"305819,0",2020-09-05,sábado,06:20:00,SC,101,"47,0",JOINVILLE,Desobediência às normas de trânsito pelo condutor,Colisão traseira,Sem Vítimas,Amanhecer,Crescente,Nublado,Dupla,Reta,Não,3,0,0,0,1,2,0,3,-26.34234997,-48.85840089,SPRF-SC,DEL03-SC,UOP01-DEL03-SC,2020
"305849,0",2020-09-05,sábado,09:10:00,SC,470,"192,4",POUSO REDONDO,Defeito Mecânico no Veículo,Saída de leito carroçável,Com Vítimas Fatais,Pleno dia,Decrescente,Nublado,Simples,Curva;Declive,Não,2,1,1,0,0,0,1,1,-27.29337459,-50.07895589,SPRF-SC,DEL04-SC,UOP02-DEL04-SC,2020
"305998,0",2020-09-05,sábado,17:50:00,SC,101,"463,0",PASSO DE TORRES,Desobediência às normas de trânsito pelo condutor,Colisão lateral,Sem Vítimas,Plena Noite,Decrescente,Chuva,Dupla,Reta,Não,2,0,0,0,2,0,0,2,-29.28473398,-49.75620716,SPRF-RS,DEL03-RS,UOP02-DEL03-RS,2020
"306121,0",2020-09-06,domingo,09:00:00,SC,101,"233,0",PALHOCA,Pista Escorregadia,Colisão com objeto estático,Sem Vítimas,Pleno dia,Crescente,Garoa/Chuvisco,Dupla,Declive;Curva,Não,2,0,0,0,1,1,0,2,-27.80376397,-48.63826211,SPRF-SC,DEL01-SC,UOP02-DEL01-SC,2020
"306353,0",2020-09-07,segunda-feira,08:15:00,SC,470,"153,7",AGRONOMICA,Desobediência às normas de trânsito pelo condutor,Colisão frontal,Com Vítimas Fatais,Pleno dia,Crescente,Chuva,Simples,Curva,Não,6,4,0,0,1,1,0,3,-27.27649146,-49.7396712,SPRF-SC,DEL04-SC,UOP02-DEL04-SC,2020
"306383,0",2020-09-07,segunda-feira,13:00:00,SC,470,"98,1",APIUNA,Falta de Atenção à Condução,Colisão com objeto estático,Sem Vítimas,Pleno dia,Crescente,Chuva,Simples,Reta,Sim,2,0,0,0,1,1,0,2,-27.032537,-49.385468,SPRF-SC,DEL04-SC,UOP01-DEL04-SC,2020
"306391,0",2020-09-07,segunda-feira,14:00:00,SC,101,"233,8",PALHOCA,Falta de Atenção à Condução,Colisão traseira,Sem Vítimas,Pleno dia,Crescente,Chuva,Dupla,Curva,Não,2,0,0,0,2,0,0,2,-27.80376397,-48.63826211,SPRF-SC,DEL01-SC,UOP02-DEL01-SC,2020
"306511,0",2020-09-07,segunda-feira,11:25:00,SC,282,"517,8",XAXIM,Velocidade Incompatível,Tombamento,Com Vítimas Feridas,Pleno dia,Crescente,Chuva,Simples,Interseção de Vias,Sim,2,0,1,0,0,2,1,3,-26.94163175,-52.50423074,SPRF-SC,DEL07-SC,UOP01-DEL07-SC,2020
"306589,0",2020-09-08,terça-feira,07:40:00,SC,101,"233,5",PALHOCA,Pista Escorregadia,Atropelamento de Pedestre,Com Vítimas Feridas,Pleno dia,Crescente,Chuva,Dupla,Curva,Não,2,0,1,0,1,0,1,2,-27.80376397,-48.63826211,SPRF-SC,DEL01-SC,UOP02-DEL01-SC,2020