id,data_inversa,dia_semana,horario,uf,br,km,municipio,causa_acidente,tipo_acidente,classificacao_acidente,fase_dia,sentido_via,condicao_metereologica,tipo_pista,tracado_via,uso_solo,pessoas,mortos,feridos_leves,feridos_graves,ilesos,ignorados,feridos,veiculos,latitude,longitude,regional,delegacia,uop,ano_arquivo
"306606,0",2020-09-08,terça-feira,08:10:00,SC,470,"114,5",IBIRAMA,Falta de Atenção à Condução,Colisão transversal,Com Vítimas Feridas,Pleno dia,Crescente,Nublado,Simples,Reta,Não,3,0,2,0,1,0,2,2,-27.086386,-49.478001,SPRF-SC,DEL04-SC,UOP02-DEL04-SC,2020
"306659,0",2020-09-08,terça-feira,15:46:00,SC,101,"117,0",ITAJAI,Falta de Atenção à Condução,Colisão com objeto estático,Com Vítimas Feridas,Pleno dia,Decrescente,Chuva,Dupla,Viaduto,Sim,2,0,1,0,0,1,1,2,-26.88747187,-48.72252969,SPRF-SC,DEL04-SC,UOP04-DEL04-SC,2020
"306686,0",2020-03-16,segunda-feira,03:30:00,SC,101,"191,3",BIGUACU,Falta de Atenção do Pedestre,Atropelamento de Pedestre,Com Vítimas Fatais,Plena Noite,Decrescente,Céu Claro,Dupla,Reta,Não,2,1,1,0,0,0,1,2,-27.47730273,-48.64127329,SPRF-SC,DEL01-SC,UOP01-DEL01-SC,2020
"306699,0",2020-09-08,terça-feira,11:45:00,SC,282,"509,1",XANXERE,Ultrapassagem Indevida,Saída de leito carroçável,Sem Vítimas,Pleno dia,Decrescente,Nublado,Simples,Reta,Não,1,0,0,0,1,0,0,1,-26.890533,-52.457096,SPRF-SC,DEL07-SC,UOP01-DEL07-SC,2020
"306732,0",2020-09-08,terça-feira,16:25:00,SC,280,"3,8",SAO FRANCISCO DO SUL,Desobediência às normas de trânsito pelo condutor,Colisão transversal,Com Vítimas Feridas,Pleno dia,Decrescente,Nublado,Simples,Rotatória,Sim,3,0,1,0,1,1,1,3,-26.25191207,-48.61763477,SPRF-SC,DEL03-SC,UOP03-DEL03-SC,2020
"306768,0",2020-09-09,quarta-feira,07:55:00,SC,116,"271,3",CAPAO ALTO,Desobediência às normas de trânsito pelo condutor,Colisão lateral,Com Vítimas Feridas,Pleno dia,Decrescente,Céu Claro,Simples,Aclive;Curva,Não,3,0,1,0,1,2,1,4,-27.97707988,-50.50914813,SPRF-SC,DEL05-SC,UOP02-DEL05-SC,2020
"306769,0",2020-08-14,sexta-feira,22:20:00,SC,470,"126,6",LONTRAS,Desobediência às normas de trânsito pelo condutor,Colisão transversal,Com Vítimas Fatais,Plena Noite,Decrescente,Chuva,Simples,Rotatória,Não,3,1,0,0,1,1,0,3,-27.129,-49.538277,SPRF-SC,DEL04-SC,UOP02-DEL04-SC,2020
"306836,0",2020-08-19,quarta-feira,17:20:00,SC,480,"124,0",CHAPECO,Carga excessiva e/ou mal acondicionada,Colisão com objeto estático,Sem Vítimas,Pleno dia,Decrescente,Sol,Dupla,Reta;Aclive,Sim,1,0,0,0,1,0,0,1,-27.00359519,-52.64391044,SPRF-SC,DEL07-SC,UOP01-DEL07-SC,2020
"306935,0",2020-09-10,quinta-feira,00:55:00,SC,101,"116,0",ITAJAI,Falta de Atenção à Condução,Colisão lateral,Com Vítimas Feridas,Plena Noite,Decrescente,Céu Claro,Dupla,Reta,Não,2,0,1,0,0,1,1,2,-26.87905605,-48.72603512,SPRF-SC,DEL04-SC,UOP04-DEL04-SC,2020
"306999,0",2020-09-10,quinta-feira,11:45:00,SC,470,"54,5",BLUMENAU,Desobediência às normas de trânsito pelo condutor,Colisão transversal,Com Vítimas Feridas,Pleno dia,Crescente,Céu Claro,Simples,Interseção de Vias,Não,3,0,1,0,1,1,1,3,-26.87321495,-49.11416531,SPRF-SC,DEL04-SC,UOP01-DEL04-SC,2020
"307120,0",2020-09-11,sexta-feira,01:30:00,SC,101,"44,8",JOINVILLE,Falta de Atenção à Condução,Colisão traseira,Sem Vítimas,Plena Noite,Crescente,Céu Claro,Dupla,Reta,Sim,2,0,0,0,2,0,0,2,-26.31238996,-48.87458997,SPRF-SC,DEL03-SC,UOP01-DEL03-SC,2020
"307121,0",2020-09-10,quinta-feira,21:30:00,SC,116,"106,1",MONTE CASTELO,Velocidade Incompatível,Saída de leito carroçável,Com Vítimas Feridas,Plena Noite,Decrescente,Céu Claro,Simples,Curva,Não,2,0,1,0,0,2,1,3,-26.75604307,-50.31916109,SPRF-SC,DEL06-SC,UOP02-DEL06-SC,2020
"307189,0",2020-09-11,sexta-feira,11:40:00,SC,282,"46,5",AGUAS MORNAS,Falta de Atenção à Condução,Colisão lateral,Com Vítimas Feridas,Pleno dia,Decrescente,Sol,Simples,Reta,Não,2,0,0,1,1,0,1,2,-27.721041,-48.925152,SPRF-SC,DEL01-SC,UOP03-DEL01-SC,2020
"307195,0",2020-08-26,quarta-feira,20:55:00,SC,282,"383,4",JOACABA,Desobediência às normas de trânsito pelo condutor,Colisão transversal,Com Vítimas Feridas,Plena Noite,Decrescente,Céu Claro,Simples,Rotatória,Sim,3,0,1,0,1,2,1,4,-27.20394412,-51.51070833,SPRF-SC,DEL07-SC,UOP05-DEL07-SC,2020
"307201,0",2020-09-11,sexta-feira,14:10:00,SC,470,"2,6",NAVEGANTES,Velocidade Incompatível,Tombamento,Sem Vítimas,Pleno dia,Decrescente,Céu Claro,Dupla,Reta,Sim,2,0,0,0,1,1,0,2,-26.868551,-48.674831,SPRF-SC,DEL04-SC,UOP04-DEL04-SC,2020
"307204,0",2020-09-11,sexta-feira,08:40:00,SC,280,"162,0",MAFRA,Falta de Atenção à Condução,Colisão lateral,Com Vítimas Feridas,Pleno dia,Decrescente,Céu Claro,Simples,Reta,Não,2,0,1,0,1,0,1,2,-26.20447963,-49.78094637,SPRF-SC,DEL06-SC,UOP03-DEL06-SC,2020
"307290,0",2020-09-11,sexta-feira,16:05:00,SC,116,"159,6",SANTA CECILIA,Ultrapassagem Indevida,Tombamento,Sem Vítimas,Pleno dia,Decrescente,Céu Claro,Simples,Curva,Não,2,0,0,0,1,1,0,2,-27.09960799,-50.45374278,SPRF-SC,DEL06-SC,UOP02-DEL06-SC,2020
"307327,0",2020-09-12,sábado,00:15:00,SC,280,"57,4",GUARAMIRIM,Sinalização da via insuficiente ou inadequada,Colisão frontal,Com Vítimas Feridas,Plena Noite,Crescente,Céu Claro,Simples,Em Obras;Reta,Sim,3,0,1,1,1,0,2,2,-26.47811421,-49.01259213,SPRF-SC,DEL03-SC,UOP03-DEL03-SC,2020
"307350,0",2020-09-12,sábado,03:00:00,SC,101,"25,9",JOINVILLE,Defeito Mecânico no Veículo,Incêndio,Sem Vítimas,Plena Noite,Decrescente,Nevoeiro/Neblina,Dupla,Reta,Sim,2,0,0,0,1,2,0,3,-26.1834739,-48.9105912,SPRF-SC,DEL03-SC,UOP01-DEL03-SC,2020
"307468,0",2020-09-12,sábado,13:23:00,SC,282,"217,7",LAGES,Falta de Atenção do Pedestre,Atropelamento de Pedestre,Com Vítimas Fatais,Pleno dia,Decrescente,Céu Claro,Simples,Reta;Declive,Sim,4,1,0,0,1,2,0,3,-27.797916,-50.302944,SPRF-SC,DEL05-SC,UOP01-DEL05-SC,2020
"307493,0",2020-09-12,sábado,08:05:00,SC,101,"88,6",BARRA VELHA,Falta de Atenção à Condução,Colisão lateral,Sem Vítimas,Pleno dia,Crescente,Nublado,Dupla,Reta,Sim,3,0,0,0,1,2,0,3,-26.65751499,-48.68823051,SPRF-SC,DEL03-SC,UOP02-DEL03-SC,2020
"307599,0",2020-09-13,domingo,04:58:00,SC,470,"80,9",RODEIO,Ingestão de Álcool,Colisão frontal,Com Vítimas Feridas,Amanhecer,Crescente,Céu Claro,Simples,Curva,Sim,4,0,1,1,2,0,2,2,-26.948805,-49.316097,SPRF-SC,DEL04-SC,UOP01-DEL04-SC,2020
"307615,0",2020-09-13,domingo,07:40:00,SC,101,"110,3",PENHA,Desobediência às normas de trânsito pelo pedestre,Atropelamento de Pedestre,Com Vítimas Fatais,Pleno dia,Decrescente,Nublado,Dupla,Curva,Sim,4,1,0,0,1,2,0,3,-26.83477,-48.706151,SPRF-SC,DEL03-SC,UOP02-DEL03-SC,2020
"307709,0",2020-09-13,domingo,14:30:00,SC,101,"315,5",PESCARIA BRAVA,Falta de Atenção à Condução,Colisão lateral,Com Vítimas Feridas,Pleno dia,Decrescente,Céu Claro,Dupla,Curva,Sim,3,0,2,0,1,0,2,2,-28.42492017,-48.85929108,SPRF-SC,DEL02-SC,UOP01-DEL02-SC,2020
"307762,0",2020-09-13,domingo,20:00:00,SC,101,"204,0",SAO JOSE,Falta de Atenção à Condução,Colisão lateral,Com Vítimas Feridas,Plena Noite,Decrescente,Céu Claro,Múltipla,Reta,Sim,5,0,3,0,1,1,3,3,-27.56977525,-48.61390483,SPRF-SC,DEL01-SC,UOP01-DEL01-SC,2020
"307774,0",2020-09-13,domingo,20:10:00,SC,101,"102,8",BALNEARIO PICARRAS,Não guardar distância de segurança,Engavetamento,Com Vítimas Feridas,Plena Noite,Crescente,Nublado,Dupla,Reta,Não,6,0,1,0,4,1,1,4,-26.77383397,-48.68594062,SPRF-SC,DEL03-SC,UOP02-DEL03-SC,2020
"307800,0",2020-09-13,domingo,22:30:00,SC,101,"209,0",SAO JOSE,Falta de Atenção à Condução,Colisão traseira,Sem Vítimas,Plena Noite,Crescente,Nublado,Dupla,Reta,Sim,4,0,0,0,1,3,0,4,-27.61000542,-48.63895057,SPRF-SC,DEL01-SC,UOP01-DEL01-SC,2020
"307903,0",2020-09-14,segunda-feira,12:55:00,SC,470,"120,7",IBIRAMA,Não guardar distância de segurança,Colisão traseira,Com Vítimas Feridas,Pleno dia,Crescente,Sol,Simples,Curva,Não,7,0,2,0,4,1,2,6,-27.09573239,-49.52653885,SPRF-SC,DEL04-SC,UOP02-DEL04-SC,2020
"307905,0",2020-09-14,segunda-feira,14:00:00,SC,101,"264,4",PAULO LOPES,Defeito Mecânico no Veículo,Colisão lateral,Com Vítimas Feridas,Pleno dia,Crescente,Céu Claro,Dupla,Reta,Não,8,0,6,0,2,0,6,2,-28.05838908,-48.71750643,SPRF-SC,DEL02-SC,UOP03-DEL02-SC,2020
"308110,0",2020-09-15,terça-feira,16:50:00,SC,101,"139,7",BALNEARIO CAMBORIU,Falta de Atenção à Condução,Colisão lateral,Com Vítimas Fatais,Pleno dia,Crescente,Céu Claro,Simples,Curva,Não,4,1,0,0,2,4,0,7,-27.03235,-48.60056,SPRF-SC,DEL04-SC,UOP03-DEL04-SC,2020
"308138,0",2020-09-15,terça-feira,18:10:00,SC,116,"211,1",PONTE ALTA,Velocidade Incompatível,Tombamento,Com Vítimas Feridas,Anoitecer,Crescente,Nublado,Simples,Declive;Curva,Não,3,0,0,2,0,1,2,3,-27.51040007,-50.36397936,SPRF-SC,DEL05-SC,UOP03-DEL05-SC,2020
"308139,0",2020-09-15,terça-feira,18:30:00,SC,116,"74,0",MONTE CASTELO,Falta de Atenção à Condução,Colisão traseira,Com Vítimas Feridas,Plena Noite,Decrescente,Nublado,Simples,Reta,Não,2,0,0,1,1,0,1,2,-26.50510886,-50.23328349,SPRF-SC,DEL06-SC,UOP02-DEL06-SC,2020
"308171,0",2020-09-15,terça-feira,18:15:00,SC,282,"131,9",BOM RETIRO,Falta de Atenção à Condução,Colisão frontal,Com Vítimas Feridas,Plena Noite,Crescente,Nublado,Simples,Reta,Não,3,0,1,1,1,0,2,3,-27.808748,-49.513229,SPRF-SC,DEL05-SC,UOP01-DEL05-SC,2020
"308232,0",2020-09-16,quarta-feira,08:50:00,SC,101,"208,0",SAO JOSE,Falta de Atenção à Condução,Colisão traseira,Com Vítimas Feridas,Pleno dia,Decrescente,Nublado,Múltipla,Curva,Sim,2,0,0,1,0,1,1,2,-27.60327979,-48.63201818,SPRF-SC,DEL01-SC,UOP01-DEL01-SC,2020
"308259,0",2020-09-16,quarta-feira,11:00:00,SC,470,"119,5",IBIRAMA,Defeito Mecânico no Veículo,Tombamento,Com Vítimas Feridas,Pleno dia,Decrescente,Céu Claro,Simples,Curva,Não,3,0,2,0,0,1,2,2,-27.081554,-49.520206,SPRF-SC,DEL04-SC,UOP02-DEL04-SC,2020
"308369,0",2020-09-17,quinta-feira,01:40:00,SC,470,"220,5",SAO CRISTOVAO DO SUL,Defeito Mecânico no Veículo,Capotamento,Com Vítimas Feridas,Plena Noite,Decrescente,Chuva,Simples,Curva,Não,1,0,1,0,0,0,1,1,-27.309702,-50.30975,SPRF-SC,DEL05-SC,UOP03-DEL05-SC,2020
"308591,0",2020-09-18,sexta-feira,07:15:00,SC,101,"440,4",SANTA ROSA DO SUL,Falta de Atenção à Condução,Colisão lateral,Sem Vítimas,Pleno dia,Decrescente,Céu Claro,Dupla,Reta,Não,3,0,0,0,2,1,0,3,-29.12420083,-49.66719602,SPRF-SC,DEL02-SC,UOP02-DEL02-SC,2020
"308672,0",2020-09-18,sexta-feira,16:30:00,SC,101,"456,3",SAO JOAO DO SUL,Defeito Mecânico no Veículo,Colisão com objeto estático,Sem Vítimas,Pleno dia,Crescente,Céu Claro,Dupla,Reta,Sim,1,0,0,0,1,0,0,1,-29.23068767,-49.75879669,SPRF-SC,DEL02-SC,UOP02-DEL02-SC,2020
"308680,0",2020-09-18,sexta-feira,16:35:00,SC,282,"612,3",MARAVILHA,Desobediência às normas de trânsito pelo condutor,Colisão frontal,Com Vítimas Feridas,Pleno dia,Crescente,Sol,Simples,Em Obras;Reta,Não,3,0,0,1,1,1,1,3,-26.75906,-53.248955,SPRF-SC,DEL07-SC,UOP02-DEL07-SC,2020
"308722,0",2020-09-18,sexta-feira,18:30:00,SC,280,"24,8",ARAQUARI,Falta de Atenção à Condução,Colisão transversal,Com Vítimas Feridas,Plena Noite,Crescente,Nublado,Simples,Reta,Não,2,0,0,1,1,0,1,2,-26.37724921,-48.71953282,SPRF-SC,DEL03-SC,UOP03-DEL03-SC,2020
"308736,0",2020-09-18,sexta-feira,18:45:00,SC,153,"100,1",CONCORDIA,Desobediência às normas de trânsito pelo condutor,Colisão transversal,Com Vítimas Fatais,Plena Noite,Decrescente,Nublado,Simples,Reta,Sim,2,1,0,0,1,0,0,2,-27.242643,-51.95171,SPRF-SC,DEL07-SC,UOP04-DEL07-SC,2020
"308745,0",2020-09-18,sexta-feira,19:15:00,SC,116,"184,7",SAO CRISTOVAO DO SUL,Falta de Atenção à Condução,Colisão transversal,Com Vítimas Feridas,Plena Noite,Crescente,Nublado,Simples,Interseção de Vias,Sim,2,0,0,1,0,1,1,2,-27.30242236,-50.42467117,SPRF-SC,DEL05-SC,UOP03-DEL05-SC,2020
"308751,0",2020-09-18,sexta-feira,22:15:00,SC,101,"199,8",SAO JOSE,Desobediência às normas de trânsito pelo condutor,Colisão lateral,Com Vítimas Feridas,Plena Noite,Crescente,Céu Claro,Dupla,Reta,Sim,2,0,1,0,1,0,1,2,-27.53413705,-48.63003205,SPRF-SC,DEL01-SC,UOP01-DEL01-SC,2020
"308814,0",2020-09-19,sábado,06:15:00,SC,101,"228,6",PALHOCA,Condutor Dormindo,Colisão lateral,Sem Vítimas,Amanhecer,Crescente,Nublado,Múltipla,Reta,Sim,2,0,0,0,1,1,0,2,-27.7597249,-48.63078869,SPRF-SC,DEL01-SC,UOP02-DEL01-SC,2020
"308860,0",2020-09-19,sábado,10:30:00,SC,470,"11,3",NAVEGANTES,Falta de Atenção à Condução,Colisão traseira,Com Vítimas Feridas,Pleno dia,Decrescente,Sol,Simples,Reta,Não,5,0,2,1,2,0,3,3,-26.834309,-48.747269,SPRF-SC,DEL04-SC,UOP04-DEL04-SC,2020
"308890,0",2020-09-19,sábado,16:00:00,SC,101,"190,0",BIGUACU,Falta de Atenção à Condução,Colisão traseira,Com Vítimas Feridas,Pleno dia,Crescente,Sol,Dupla,Reta,Não,4,0,2,0,1,1,2,3,-27.468056,-48.641712,SPRF-SC,DEL01-SC,UOP01-DEL01-SC,2020
"308923,0",2020-09-19,sábado,18:50:00,SC,101,"119,0",ITAJAI,Falta de Atenção à Condução,Colisão traseira,Com Vítimas Feridas,Plena Noite,Crescente,Céu Claro,Dupla,Reta,Sim,3,0,1,0,1,2,1,4,-26.9043179,-48.71555481,SPRF-SC,DEL04-SC,UOP04-DEL04-SC,2020
"308978,0",2020-09-19,sábado,19:20:00,SC,282,"376,8",HERVAL DOESTE,Defeito Mecânico no Veículo,Incêndio,Sem Vítimas,Plena Noite,Decrescente,Céu Claro,Simples,Reta,Não,2,0,0,0,1,1,0,2,-27.259993,-51.442684,SPRF-SC,DEL07-SC,UOP05-DEL07-SC,2020
"308993,0",2020-09-19,sábado,21:05:00,SC,116,"59,5",PAPANDUVA,Ultrapassagem Indevida,Saída de leito carroçável,Com Vítimas Feridas,Plena Noite,Crescente,Céu Claro,Simples,Curva,Não,3,0,1,0,2,0,1,3,-26.37933149,-50.20775008,SPRF-SC,DEL06-SC,UOP02-DEL06-SC,2020
"309042,0",2020-09-20,domingo,06:45:00,SC,470,"43,0",GASPAR,Falta de Atenção à Condução,Colisão lateral,Com Vítimas Feridas,Pleno dia,Crescente,Nublado,Simples,Curva,Não,3,0,1,0,1,1,1,3,-26.874519,-49.013454,SPRF-SC,DEL04-SC,UOP01-DEL04-SC,2020
"309309,0",2020-09-21,segunda-feira,09:20:00,SC,101,"107,0",PENHA,Não guardar distância de segurança,Colisão lateral,Com Vítimas Feridas,Pleno dia,Crescente,Nublado,Dupla,Curva,Sim,4,0,2,0,1,2,2,4,-26.81930608,-48.68390282,SPRF-SC,DEL03-SC,UOP02-DEL03-SC,2020
"309325,0",2020-09-21,segunda-feira,09:00:00,SC,280,"144,0",MAFRA,Defeito Mecânico no Veículo,Tombamento,Com Vítimas Feridas,Pleno dia,Decrescente,Céu Claro,Simples,Reta,Não,2,0,1,0,0,2,1,3,-26.24513497,-49.64589702,SPRF-SC,DEL06-SC,UOP03-DEL06-SC,2020
"309326,0",2020-09-21,segunda-feira,08:50:00,SC,282,"611,6",MARAVILHA,Defeito Mecânico no Veículo,Colisão traseira,Com Vítimas Feridas,Pleno dia,Decrescente,Céu Claro,Simples,Em Obras;Curva,Não,4,0,1,0,2,1,1,3,-26.755428,-53.239933,SPRF-SC,DEL07-SC,UOP02-DEL07-SC,2020
"309344,0",2020-09-21,segunda-feira,12:20:00,SC,101,"439,9",SANTA ROSA DO SUL,Desobediência às normas de trânsito pelo condutor,Colisão lateral,Com Vítimas Feridas,Pleno dia,Decrescente,Céu Claro,Múltipla,Declive,Sim,3,0,1,0,1,2,1,4,-29.12381624,-49.65693799,SPRF-SC,DEL02-SC,UOP02-DEL02-SC,2020
"309348,0",2020-09-21,segunda-feira,11:45:00,SC,282,"211,2",LAGES,Falta de Atenção à Condução,Colisão lateral,Com Vítimas Feridas,Pleno dia,Decrescente,Céu Claro,Simples,Reta;Declive,Não,4,0,3,0,1,0,3,2,-27.780222,-50.241741,SPRF-SC,DEL05-SC,UOP01-DEL05-SC,2020
"309435,0",2020-09-21,segunda-feira,15:00:00,SC,101,"93,0",BARRA VELHA,Desobediência às normas de trânsito pelo pedestre,Atropelamento de Pedestre,Sem Vítimas,Pleno dia,Decrescente,Nublado,Dupla,Reta,Não,2,0,0,0,1,1,0,2,-26.6899011,-48.69663873,SPRF-SC,DEL03-SC,UOP02-DEL03-SC,2020
"309447,0",2020-09-21,segunda-feira,17:15:00,SC,101,"308,5",LAGUNA,Falta de Atenção à Condução,Engavetamento,Com Vítimas Feridas,Pleno dia,Crescente,Céu Claro,Dupla,Reta,Sim,4,0,2,1,0,1,3,4,-28.399616,-48.7854,SPRF-SC,DEL02-SC,UOP01-DEL02-SC,2020
"309467,0",2020-09-21,segunda-feira,16:15:00,SC,116,"204,0",PONTE ALTA,Desobediência às normas de trânsito pelo condutor,Colisão lateral,Sem Vítimas,Pleno dia,Decrescente,Céu Claro,Simples,Curva,Não,2,0,0,0,1,1,0,2,-27.45234191,-50.39591789,SPRF-SC,DEL05-SC,UOP03-DEL05-SC,2020
"309479,0",2020-09-21,segunda-feira,22:50:00,SC,101,"111,0",ITAJAI,Falta de Atenção à Condução,Colisão lateral,Com Vítimas Feridas,Plena Noite,Crescente,Nublado,Dupla,Reta,Não,6,0,2,0,3,1,2,4,-26.83955734,-48.71418074,SPRF-SC,DEL04-SC,UOP04-DEL04-SC,2020
"309536,0",2020-09-22,terça-feira,07:40:00,SC,282,"519,9",XAXIM,Não guardar distância de segurança,Colisão traseira,Com Vítimas Feridas,Pleno dia,Decrescente,Sol,Simples,Curva,Sim,5,0,3,0,2,0,3,2,-26.947527,-52.517536,SPRF-SC,DEL07-SC,UOP01-DEL07-SC,2020
"309582,0",2020-09-14,segunda-feira,21:00:00,SC,101,"57,0",ARAQUARI,Desobediência às normas de trânsito pelo pedestre,Atropelamento de Pedestre,Com Vítimas Fatais,Plena Noite,Decrescente,Nublado,Múltipla,Reta,Sim,2,1,0,0,1,0,0,2,-26.43646093,-48.81113029,SPRF-SC,DEL03-SC,UOP01-DEL03-SC,2020
"309586,0",2020-09-22,terça-feira,11:50:00,SC,282,"395,9",JOACABA,Falta de Atenção à Condução,Colisão lateral,Com Vítimas Feridas,Pleno dia,Crescente,Céu Claro,Simples,Curva,Não,2,0,1,0,1,0,1,2,-27.156887,-51.592079,SPRF-SC,DEL07-SC,UOP05-DEL07-SC,2020
"309676,0",2020-09-22,terça-feira,22:50:00,SC,101,"399,0",MARACAJA,Ingestão de Álcool,Colisão traseira,Sem Vítimas,Plena Noite,Decrescente,Nublado,Dupla,Reta,Sim,2,0,0,0,0,2,0,2,-28.86266203,-49.44497292,SPRF-SC,DEL02-SC,UOP02-DEL02-SC,2020
"309746,0",2020-09-17,quinta-feira,17:32:00,SC,280,"31,8",ARAQUARI,Falta de Atenção à Condução,Colisão lateral,Sem Vítimas,Plena Noite,Decrescente,Nublado,Simples,Reta,Não,4,0,0,0,3,2,0,4,-26.41956,-48.793308,SPRF-SC,DEL03-SC,UOP03-DEL03-SC,2020
"309749,0",2020-09-23,quarta-feira,08:45:00,SC,282,"608,7",MARAVILHA,Não guardar distância de segurança,Colisão traseira,Com Vítimas Feridas,Pleno dia,Crescente,Sol,Simples,Reta,Não,4,0,1,0,2,1,1,4,-26.766874,-53.213936,SPRF-SC,DEL07-SC,UOP02-DEL07-SC,2020
"309762,0",2020-09-23,quarta-feira,15:00:00,SC,101,"220,0",PALHOCA,Falta de Atenção à Condução,Colisão lateral,Sem Vítimas,Pleno dia,Decrescente,Céu Claro,Múltipla,Reta,Não,3,0,0,0,2,1,0,3,-27.69198941,-48.66368358,SPRF-SC,DEL01-SC,UOP02-DEL01-SC,2020
"309766,0",2020-09-23,quarta-feira,14:20:00,SC,280,"232,0",CANOINHAS,Falta de Atenção à Condução,Colisão transversal,Com Vítimas Feridas,Pleno dia,Crescente,Céu Claro,Simples,Rotatória,Não,3,0,1,0,1,1,1,3,-26.19014736,-50.38186997,SPRF-SC,DEL06-SC,UOP04-DEL06-SC,2020
"309861,0",2020-09-24,quinta-feira,04:50:00,SC,282,"16,5",PALHOCA,Falta de Atenção à Condução,Colisão transversal,Com Vítimas Feridas,Plena Noite,Crescente,Nublado,Simples,Reta,Não,2,0,1,0,1,0,1,2,-27.658611,-48.681847,SPRF-SC,DEL01-SC,UOP02-DEL01-SC,2020
"309868,0",2020-09-24,quinta-feira,04:45:00,SC,470,"183,0",POUSO REDONDO,Velocidade Incompatível,Saída de leito carroçável,Com Vítimas Feridas,Amanhecer,Crescente,Nublado,Simples,Curva;Aclive,Não,2,0,2,0,0,0,2,1,-27.251547,-50.016747,SPRF-SC,DEL04-SC,UOP02-DEL04-SC,2020
"309871,0",2020-09-24,quinta-feira,06:30:00,SC,101,"33,5",JOINVILLE,Ingestão de Álcool,Colisão com objeto estático,Sem Vítimas,Amanhecer,Crescente,Céu Claro,Dupla,Reta,Sim,2,0,0,0,2,0,0,2,-26.23200799,-48.91678053,SPRF-SC,DEL03-SC,UOP01-DEL03-SC,2020
"309941,0",2020-09-24,quinta-feira,09:00:00,SC,470,"115,4",IBIRAMA,Velocidade Incompatível,Colisão traseira,Com Vítimas Feridas,Pleno dia,Decrescente,Sol,Simples,Reta,Não,5,0,2,0,2,1,2,4,-27.07744969,-49.49502826,SPRF-SC,DEL04-SC,UOP02-DEL04-SC,2020
"310076,0",2020-09-25,sexta-feira,06:50:00,SC,470,"112,2",IBIRAMA,Desobediência às normas de trânsito pelo condutor,Colisão lateral,Com Vítimas Feridas,Pleno dia,Crescente,Nublado,Simples,Curva;Em Obras,Não,4,0,1,0,2,2,1,5,-27.09701,-49.462887,SPRF-SC,DEL04-SC,UOP02-DEL04-SC,2020
"310163,0",2020-09-25,sexta-feira,12:10:00,SC,470,"226,7",SAO CRISTOVAO DO SUL,Velocidade Incompatível,Tombamento,Com Vítimas Feridas,Pleno dia,Decrescente,Céu Claro,Simples,Curva,Não,2,0,1,0,0,1,1,2,-27.327692,-50.361202,SPRF-SC,DEL05-SC,UOP03-DEL05-SC,2020
"310166,0",2020-09-25,sexta-feira,11:50:00,SC,282,"41,0",AGUAS MORNAS,Defeito Mecânico no Veículo,Incêndio,Sem Vítimas,Pleno dia,Decrescente,Céu Claro,Simples,Reta,Sim,2,0,0,0,1,1,0,2,-27.715973,-48.878979,SPRF-SC,DEL01-SC,UOP03-DEL01-SC,2020
"310276,0",2020-09-26,sábado,00:20:00,SC,470,"127,0",LONTRAS,Falta de Atenção à Condução,Colisão traseira,Sem Vítimas,Plena Noite,Decrescente,Céu Claro,Simples,Reta,Não,3,0,0,0,2,1,0,2,-27.136574,-49.543015,SPRF-SC,DEL04-SC,UOP02-DEL04-SC,2020
"310279,0",2020-09-26,sábado,00:00:00,SC,101,"40,7",JOINVILLE,Desobediência às normas de trânsito pelo condutor,Colisão traseira,Com Vítimas Feridas,Plena Noite,Crescente,Céu Claro,Simples,Curva,Sim,2,0,1,0,1,0,1,2,-26.27176094,-48.89468382,SPRF-SC,DEL03-SC,UOP01-DEL03-SC,2020
"310287,0",2020-09-26,sábado,00:15:00,SC,470,"26,9",ILHOTA,Falta de Atenção à Condução,Colisão traseira,Com Vítimas Feridas,Plena Noite,Decrescente,Céu Claro,Dupla,Reta,Não,3,0,0,1,1,1,1,3,-26.880913,-48.846237,SPRF-SC,DEL04-SC,UOP04-DEL04-SC,2020
"310301,0",2020-09-26,sábado,02:45:00,SC,101,"184,0",BIGUACU,Falta de Atenção à Condução,Colisão lateral,Com Vítimas Feridas,Plena Noite,Crescente,Céu Claro,Dupla,Reta,Não,3,0,0,1,1,1,1,3,-27.41613807,-48.6266443,SPRF-SC,DEL01-SC,UOP01-DEL01-SC,2020
"310363,0",2020-09-26,sábado,09:20:00,SC,470,"100,0",APIUNA,Falta de Atenção à Condução,Colisão com objeto estático,Sem Vítimas,Pleno dia,Crescente,Céu Claro,Simples,Reta,Sim,2,0,0,0,1,1,0,2,-27.045143,-49.394142,SPRF-SC,DEL04-SC,UOP02-DEL04-SC,2020
"310370,0",2020-09-26,sábado,11:45:00,SC,101,"117,0",ITAJAI,Não guardar distância de segurança,Colisão traseira,Com Vítimas Feridas,Pleno dia,Crescente,Céu Claro,Dupla,Reta,Não,5,0,0,2,2,3,2,6,-26.88747187,-48.72252969,SPRF-SC,DEL04-SC,UOP04-DEL04-SC,2020
"310405,0",2020-09-26,sábado,16:00:00,SC,101,"198,0",BIGUACU,Falta de Atenção do Pedestre,Colisão traseira,Com Vítimas Feridas,Pleno dia,Decrescente,Céu Claro,Dupla,Reta,Sim,3,0,1,0,2,0,1,2,-27.52658712,-48.63506019,SPRF-SC,DEL01-SC,UOP01-DEL01-SC,2020
"310442,0",2020-09-26,sábado,16:00:00,SC,282,"627,7",IRACEMINHA,Não guardar distância de segurança,Colisão traseira,Com Vítimas Feridas,Pleno dia,Decrescente,Céu Claro,Simples,Reta,Não,4,0,0,1,1,3,1,5,-26.811321,-53.362316,SPRF-SC,DEL07-SC,UOP02-DEL07-SC,2020