id,data_inversa,dia_semana,horario,uf,br,km,municipio,causa_acidente,tipo_acidente,classificacao_acidente,fase_dia,sentido_via,condicao_metereologica,tipo_pista,tracado_via,uso_solo,pessoas,mortos,feridos_leves,feridos_graves,ilesos,ignorados,feridos,veiculos,latitude,longitude,regional,delegacia,uop,ano_arquivo
"310487,0",2020-09-26,sábado,21:00:00,SC,101,"266,5",PAULO LOPES,Ingestão de Substâncias Psicoativas,Colisão lateral,Sem Vítimas,Plena Noite,Decrescente,Nublado,Dupla,Reta,Sim,4,0,0,0,2,4,0,6,-28.06847808,-48.71463931,SPRF-SC,DEL02-SC,UOP03-DEL02-SC,2020
"310504,0",2020-09-26,sábado,20:00:00,SC,282,"643,6",SAO MIGUEL DO OESTE,Velocidade Incompatível,Colisão frontal,Com Vítimas Fatais,Plena Noite,Decrescente,Céu Claro,Simples,Em Obras;Curva,Não,5,1,0,1,2,3,1,5,-26.77013074,-53.47699821,SPRF-SC,DEL07-SC,UOP03-DEL07-SC,2020
"310718,0",2020-09-27,domingo,17:30:00,SC,101,"60,4",ARAQUARI,Falta de Atenção à Condução,Colisão traseira,Com Vítimas Feridas,Anoitecer,Decrescente,Nublado,Dupla,Reta;Aclive,Não,3,0,0,1,1,2,1,4,-26.45276752,-48.78240824,SPRF-SC,DEL03-SC,UOP02-DEL03-SC,2020
"310765,0",2020-09-27,domingo,21:45:00,SC,163,"68,8",SAO MIGUEL DO OESTE,Desobediência às normas de trânsito pelo condutor,Colisão transversal,Com Vítimas Feridas,Plena Noite,Crescente,Nublado,Dupla,Interseção de Vias,Sim,4,0,0,1,1,2,1,4,-26.75038301,-53.50086841,SPRF-SC,DEL07-SC,UOP03-DEL07-SC,2020
"310769,0",2020-09-27,domingo,22:50:00,SC,101,"63,7",ARAQUARI,Falta de Atenção à Condução,Colisão traseira,Com Vítimas Feridas,Plena Noite,Decrescente,Chuva,Dupla,Curva,Sim,5,0,2,2,1,0,4,2,-26.45898367,-48.7584088,SPRF-SC,DEL03-SC,UOP02-DEL03-SC,2020
"310791,0",2020-09-28,segunda-feira,02:01:00,SC,101,"43,7",JOINVILLE,Falta de Atenção à Condução,Colisão com objeto estático,Com Vítimas Feridas,Plena Noite,Decrescente,Garoa/Chuvisco,Dupla,Reta,Sim,2,0,1,0,0,1,1,2,-26.30357106,-48.88225609,SPRF-SC,DEL03-SC,UOP01-DEL03-SC,2020
"310812,0",2020-09-28,segunda-feira,05:50:00,SC,101,"142,5",BALNEARIO CAMBORIU,Desobediência às normas de trânsito pelo condutor,Colisão lateral,Sem Vítimas,Amanhecer,Crescente,Céu Claro,Dupla,Reta,Sim,2,0,0,0,2,0,0,2,-27.056089,-48.599449,SPRF-SC,DEL04-SC,UOP03-DEL04-SC,2020
"310858,0",2020-09-28,segunda-feira,10:40:00,SC,470,"251,6",CURITIBANOS,Falta de Atenção à Condução,Colisão lateral,Com Vítimas Feridas,Pleno dia,Decrescente,Nublado,Simples,Reta,Não,6,0,2,2,1,2,4,4,-27.311802,-50.579231,SPRF-SC,DEL05-SC,UOP03-DEL05-SC,2020
"310859,0",2020-09-28,segunda-feira,08:00:00,SC,480,"129,5",CHAPECO,Falta de Atenção à Condução,Colisão transversal,Sem Vítimas,Pleno dia,Crescente,Nublado,Simples,Viaduto,Não,2,0,0,0,2,0,0,2,-27.04656607,-52.63577131,SPRF-SC,DEL07-SC,UOP01-DEL07-SC,2020
"310865,0",2020-09-28,segunda-feira,11:20:00,SC,101,"195,3",BIGUACU,Não guardar distância de segurança,Colisão traseira,Sem Vítimas,Pleno dia,Decrescente,Nublado,Múltipla,Interseção de Vias,Sim,2,0,0,0,2,0,0,2,-27.50919534,-48.644768,SPRF-SC,DEL01-SC,UOP01-DEL01-SC,2020
"310877,0",2020-09-28,segunda-feira,11:45:00,SC,101,"87,0",BARRA VELHA,Falta de Atenção à Condução,Colisão lateral,Com Vítimas Feridas,Pleno dia,Crescente,Nublado,Dupla,Reta,Sim,2,0,1,0,1,0,1,2,-26.63713377,-48.69651057,SPRF-SC,DEL03-SC,UOP02-DEL03-SC,2020
"310969,0",2020-09-28,segunda-feira,23:00:00,SC,101,"297,0",LAGUNA,Mal Súbito,Colisão traseira,Com Vítimas Feridas,Plena Noite,Crescente,Nublado,Simples,Reta,Sim,3,0,0,1,1,1,1,3,-28.33898559,-48.73311996,SPRF-SC,DEL02-SC,UOP03-DEL02-SC,2020
"311035,0",2020-09-29,terça-feira,10:45:00,SC,101,"112,6",ITAJAI,Não guardar distância de segurança,Colisão traseira,Com Vítimas Feridas,Pleno dia,Crescente,Nublado,Simples,Reta,Sim,4,0,0,1,1,2,1,4,-26.84589005,-48.72131295,SPRF-SC,DEL04-SC,UOP04-DEL04-SC,2020
"311045,0",2020-09-29,terça-feira,12:45:00,SC,470,"138,7",RIO DO SUL,Desobediência às normas de trânsito pelo condutor,Colisão transversal,Com Vítimas Feridas,Pleno dia,Crescente,Nublado,Simples,Interseção de Vias;Reta,Sim,2,0,1,0,1,0,1,2,-27.19654878,-49.62773323,SPRF-SC,DEL04-SC,UOP02-DEL04-SC,2020
"311052,0",2020-09-29,terça-feira,11:55:00,SC,282,"384,1",JOACABA,Ingestão de Álcool,Colisão com objeto estático,Sem Vítimas,Pleno dia,Decrescente,Céu Claro,Simples,Ponte,Não,2,0,0,0,1,1,0,2,-27.20227425,-51.50944233,SPRF-SC,DEL07-SC,UOP05-DEL07-SC,2020
"311061,0",2020-09-29,terça-feira,15:12:00,SC,101,"203,8",SAO JOSE,Não guardar distância de segurança,Engavetamento,Com Vítimas Feridas,Pleno dia,Decrescente,Céu Claro,Múltipla,Reta,Não,7,0,1,0,5,1,1,7,-27.5650044,-48.61460082,SPRF-SC,DEL01-SC,UOP01-DEL01-SC,2020
"311084,0",2020-09-29,terça-feira,11:41:00,SC,101,"118,6",ITAJAI,Não guardar distância de segurança,Colisão lateral,Com Vítimas Feridas,Pleno dia,Decrescente,Nublado,Múltipla,Reta,Sim,3,0,2,0,1,0,2,2,-26.895859,-48.71903,SPRF-SC,DEL04-SC,UOP04-DEL04-SC,2020
"311122,0",2020-09-29,terça-feira,19:10:00,SC,163,"94,5",GUARACIABA,Falta de Atenção à Condução,Colisão lateral,Com Vítimas Feridas,Plena Noite,Crescente,Céu Claro,Simples,Reta;Declive,Não,4,0,2,0,1,1,2,3,-26.53391703,-53.52174016,SPRF-SC,DEL07-SC,UOP03-DEL07-SC,2020
"311159,0",2020-09-30,quarta-feira,01:30:00,SC,470,"101,0",APIUNA,Velocidade Incompatível,Tombamento,Sem Vítimas,Plena Noite,Decrescente,Nublado,Simples,Curva,Não,2,0,0,0,1,1,0,2,-27.05698557,-49.38869476,SPRF-SC,DEL04-SC,UOP02-DEL04-SC,2020
"311173,0",2020-09-30,quarta-feira,06:00:00,SC,101,"56,4",ARAQUARI,Falta de Atenção à Condução,Colisão traseira,Com Vítimas Feridas,Pleno dia,Decrescente,Chuva,Dupla,Reta,Sim,3,0,0,1,1,2,1,4,-26.43207484,-48.82263984,SPRF-SC,DEL03-SC,UOP01-DEL03-SC,2020
"311192,0",2020-09-30,quarta-feira,08:00:00,SC,101,"116,0",ITAJAI,Objeto estático sobre o leito carroçável,Colisão com objeto estático,Com Vítimas Feridas,Pleno dia,Decrescente,Nublado,Múltipla,Reta,Sim,2,0,0,1,1,0,1,2,-26.87905605,-48.72603512,SPRF-SC,DEL04-SC,UOP04-DEL04-SC,2020
"311233,0",2020-09-30,quarta-feira,14:05:00,SC,470,"131,9",LONTRAS,Não guardar distância de segurança,Colisão traseira,Com Vítimas Feridas,Pleno dia,Decrescente,Céu Claro,Simples,Reta,Não,2,0,1,0,1,0,1,2,-27.168108,-49.560719,SPRF-SC,DEL04-SC,UOP02-DEL04-SC,2020
"311300,0",2020-09-30,quarta-feira,20:35:00,SC,101,"218,0",PALHOCA,Falta de Atenção à Condução,Colisão traseira,Com Vítimas Feridas,Plena Noite,Decrescente,Chuva,Dupla,Reta,Não,3,0,1,0,1,2,1,4,-27.6758601,-48.67052525,SPRF-SC,DEL01-SC,UOP02-DEL01-SC,2020
"311334,0",2020-09-30,quarta-feira,17:50:00,SC,116,"135,9",SANTA CECILIA,Desobediência às normas de trânsito pelo condutor,Colisão traseira,Com Vítimas Feridas,Pleno dia,Crescente,Céu Claro,Simples,Reta,Não,2,0,1,0,1,0,1,2,-26.92904296,-50.4345818,SPRF-SC,DEL06-SC,UOP02-DEL06-SC,2020
"311352,0",2020-10-01,quinta-feira,04:25:00,SC,116,"1,8",MAFRA,Desobediência às normas de trânsito pelo condutor,Colisão frontal,Com Vítimas Feridas,Plena Noite,Decrescente,Céu Claro,Simples,Reta,Sim,2,0,0,1,1,0,1,2,-26.1170929,-49.78694917,SPRF-SC,DEL06-SC,UOP01-DEL06-SC,2020
"311370,0",2020-10-01,quinta-feira,07:30:00,SC,280,"30,6",ARAQUARI,Não guardar distância de segurança,Colisão traseira,Com Vítimas Feridas,Pleno dia,Decrescente,Céu Claro,Simples,Reta,Sim,2,0,1,0,1,0,1,2,-26.415643,-48.768045,SPRF-SC,DEL03-SC,UOP03-DEL03-SC,2020
"311402,0",2020-10-01,quinta-feira,07:25:00,SC,282,"332,0",CAMPOS NOVOS,Falta de Atenção à Condução,Saída de leito carroçável,Com Vítimas Feridas,Pleno dia,Decrescente,Céu Claro,Simples,Reta,Não,4,0,1,0,1,3,1,5,-27.384575,-51.106579,SPRF-SC,DEL07-SC,UOP06-DEL07-SC,2020
"311535,0",2020-10-01,quinta-feira,21:50:00,SC,280,"32,1",ARAQUARI,Não guardar distância de segurança,Colisão traseira,Com Vítimas Feridas,Plena Noite,Decrescente,Céu Claro,Simples,Curva,Não,2,0,1,0,0,1,1,2,-26.420618,-48.779335,SPRF-SC,DEL03-SC,UOP03-DEL03-SC,2020
"311536,0",2020-10-01,quinta-feira,07:55:00,SC,101,"289,5",IMBITUBA,Falta de Atenção à Condução,Colisão traseira,Com Vítimas Feridas,Pleno dia,Decrescente,Céu Claro,Dupla,Reta,Sim,2,0,0,1,1,0,1,2,-28.27324176,-48.70033264,SPRF-SC,DEL02-SC,UOP03-DEL02-SC,2020
"311623,0",2020-10-02,sexta-feira,14:40:00,SC,101,"120,4",ITAJAI,Falta de Atenção à Condução,Engavetamento,Sem Vítimas,Pleno dia,Decrescente,Sol,Dupla,Reta,Não,6,0,0,0,6,0,0,6,-26.912758,-48.711998,SPRF-SC,DEL04-SC,UOP04-DEL04-SC,2020
"311650,0",2020-10-02,sexta-feira,12:00:00,SC,480,"128,8",CHAPECO,Velocidade Incompatível,Colisão com objeto estático,Com Vítimas Feridas,Pleno dia,Crescente,Sol,Simples,Reta,Não,2,0,1,0,1,0,1,2,-27.03781899,-52.63432603,SPRF-SC,DEL07-SC,UOP01-DEL07-SC,2020
"311651,0",2020-10-02,sexta-feira,16:55:00,SC,282,"19,0",PALHOCA,Falta de Atenção à Condução,Colisão traseira,Com Vítimas Feridas,Pleno dia,Crescente,Nublado,Simples,Viaduto,Sim,2,0,0,1,1,0,1,2,-27.678635,-48.70192,SPRF-SC,DEL01-SC,UOP02-DEL01-SC,2020
"311678,0",2020-10-02,sexta-feira,18:25:00,SC,101,"210,1",SAO JOSE,Falta de Atenção à Condução,Colisão lateral,Com Vítimas Feridas,Plena Noite,Decrescente,Nublado,Múltipla,Reta;Aclive,Sim,3,0,1,0,1,1,1,3,-27.61733108,-48.64617884,SPRF-SC,DEL01-SC,UOP01-DEL01-SC,2020
"311693,0",2020-10-02,sexta-feira,17:00:00,SC,470,"170,7",POUSO REDONDO,Falta de Atenção à Condução,Colisão transversal,Com Vítimas Feridas,Pleno dia,Crescente,Nublado,Simples,Curva,Não,3,0,2,0,1,0,2,2,-27.265903,-49.892441,SPRF-SC,DEL04-SC,UOP02-DEL04-SC,2020
"311744,0",2020-10-02,sexta-feira,21:00:00,SC,101,"38,2",JOINVILLE,Falta de Atenção do Pedestre,Atropelamento de Pedestre,Com Vítimas Fatais,Plena Noite,Decrescente,Céu Claro,Dupla,Reta,Sim,3,1,0,0,1,1,0,2,-26.29406,-48.88434,SPRF-SC,DEL03-SC,UOP01-DEL03-SC,2020
"311747,0",2020-10-02,sexta-feira,23:35:00,SC,101,"73,6",ARAQUARI,Falta de Atenção à Condução,Queda de ocupante de veículo,Com Vítimas Fatais,Plena Noite,Decrescente,Nublado,Múltipla,Reta,Não,2,1,0,0,1,0,0,2,-26.53567108,-48.71326731,SPRF-SC,DEL03-SC,UOP02-DEL03-SC,2020
"311784,0",2020-10-03,sábado,05:15:00,SC,280,"129,0",RIO NEGRINHO,Falta de Atenção à Condução,Colisão transversal,Sem Vítimas,Amanhecer,Crescente,Céu Claro,Simples,Reta,Não,3,0,0,0,2,1,0,3,-26.24586437,-49.52284615,SPRF-SC,DEL06-SC,UOP03-DEL06-SC,2020
"311787,0",2020-10-03,sábado,05:35:00,SC,101,"123,3",ITAJAI,Desobediência às normas de trânsito pelo condutor,Colisão transversal,Com Vítimas Feridas,Amanhecer,Decrescente,Chuva,Múltipla,Rotatória,Sim,2,0,1,0,1,0,1,2,-26.93733635,-48.69769335,SPRF-SC,DEL04-SC,UOP04-DEL04-SC,2020
"311815,0",2020-09-06,domingo,09:55:00,SC,282,"468,5",PASSOS MAIA,Desobediência às normas de trânsito pelo condutor,Colisão frontal,Com Vítimas Fatais,Pleno dia,Decrescente,Céu Claro,Simples,Reta,Não,4,1,1,0,0,2,1,4,-26.854412,-52.085754,SPRF-SC,DEL07-SC,UOP04-DEL07-SC,2020
"311829,0",2020-10-03,sábado,09:00:00,SC,470,"122,0",IBIRAMA,Falta de Atenção à Condução,Colisão frontal,Com Vítimas Feridas,Pleno dia,Decrescente,Chuva,Simples,Reta,Não,4,0,1,0,3,0,1,3,-27.099888,-49.527679,SPRF-SC,DEL04-SC,UOP02-DEL04-SC,2020
"311928,0",2020-10-03,sábado,15:45:00,SC,280,"127,9",RIO NEGRINHO,Falta de Atenção à Condução,Colisão transversal,Com Vítimas Feridas,Pleno dia,Decrescente,Nublado,Simples,Interseção de Vias,Sim,3,0,1,1,1,0,2,2,-26.23943953,-49.50420708,SPRF-SC,DEL06-SC,UOP03-DEL06-SC,2020
"312111,0",2020-10-04,domingo,10:50:00,SC,101,"127,0",ITAJAI,Falta de Atenção à Condução,Colisão traseira,Com Vítimas Feridas,Pleno dia,Decrescente,Chuva,Dupla,Curva,Não,5,0,3,0,2,0,3,2,-26.9639319,-48.68328024,SPRF-SC,DEL04-SC,UOP04-DEL04-SC,2020
"312112,0",2020-10-04,domingo,09:46:00,SC,101,"235,0",PALHOCA,Falta de Atenção à Condução,Colisão lateral,Com Vítimas Feridas,Pleno dia,Decrescente,Chuva,Dupla,Reta;Aclive,Não,8,0,1,1,4,2,2,4,-27.8177775,-48.6315025,SPRF-SC,DEL01-SC,UOP02-DEL01-SC,2020
"312323,0",2020-10-05,segunda-feira,06:40:00,SC,282,"47,8",AGUAS MORNAS,Velocidade Incompatível,Colisão lateral,Com Vítimas Feridas,Pleno dia,Decrescente,Chuva,Simples,Curva,Não,5,0,2,0,3,0,2,3,-27.721771,-48.934837,SPRF-SC,DEL01-SC,UOP03-DEL01-SC,2020
"312362,0",2020-10-05,segunda-feira,11:05:00,SC,101,"190,0",BIGUACU,Não guardar distância de segurança,Colisão traseira,Com Vítimas Feridas,Pleno dia,Crescente,Chuva,Dupla,Reta,Sim,3,0,1,0,2,0,1,2,-27.468056,-48.641712,SPRF-SC,DEL01-SC,UOP01-DEL01-SC,2020
"312374,0",2020-10-05,segunda-feira,10:43:00,SC,158,"124,6",CAIBI,Falta de Atenção à Condução,Colisão frontal,Com Vítimas Fatais,Pleno dia,Decrescente,Céu Claro,Simples,Declive,Não,3,1,0,0,1,1,0,3,-26.999099,-53.22684,SPRF-SC,DEL07-SC,UOP02-DEL07-SC,2020
"312458,0",2020-10-05,segunda-feira,19:10:00,SC,480,"130,0",CHAPECO,Falta de Atenção à Condução,Colisão transversal,Com Vítimas Feridas,Plena Noite,Decrescente,Céu Claro,Simples,Reta,Não,4,0,0,2,1,1,2,3,-27.05534298,-52.63652069,SPRF-SC,DEL07-SC,UOP01-DEL07-SC,2020
"312486,0",2020-10-06,terça-feira,04:47:00,SC,101,"26,4",JOINVILLE,Falta de Atenção à Condução,Colisão traseira,Com Vítimas Fatais,Plena Noite,Crescente,Nublado,Dupla,Reta,Sim,11,1,9,0,1,0,9,2,-26.19753369,-48.91267776,SPRF-SC,DEL03-SC,UOP01-DEL03-SC,2020
"312571,0",2020-10-06,terça-feira,14:55:00,SC,101,"145,0",BALNEARIO CAMBORIU,Falta de Atenção à Condução,Colisão traseira,Com Vítimas Feridas,Pleno dia,Decrescente,Nublado,Dupla,Reta,Sim,2,0,1,0,1,0,1,2,-27.08139206,-48.60130993,SPRF-SC,DEL04-SC,UOP03-DEL04-SC,2020
"312580,0",2020-10-06,terça-feira,15:45:00,SC,282,"228,0",LAGES,Desobediência às normas de trânsito pelo condutor,Colisão frontal,Com Vítimas Feridas,Pleno dia,Crescente,Céu Claro,Simples,Curva,Não,4,0,0,2,1,1,2,3,-27.791557,-50.4077,SPRF-SC,DEL05-SC,UOP02-DEL05-SC,2020
"312656,0",2020-10-07,quarta-feira,00:43:00,SC,282,"138,5",BOM RETIRO,Condutor Dormindo,Colisão frontal,Com Vítimas Feridas,Pleno dia,Decrescente,Garoa/Chuvisco,Simples,Curva,Não,5,0,0,2,2,1,2,4,-27.825998,-49.575924,SPRF-SC,DEL05-SC,UOP01-DEL05-SC,2020
"312661,0",2020-10-07,quarta-feira,05:00:00,SC,470,"87,0",ASCURRA,Velocidade Incompatível,Tombamento,Com Vítimas Feridas,Amanhecer,Crescente,Céu Claro,Simples,Curva,Sim,2,0,1,0,0,1,1,2,-26.948483,-49.366833,SPRF-SC,DEL04-SC,UOP01-DEL04-SC,2020
"312686,0",2020-10-07,quarta-feira,08:25:00,SC,163,"72,1",SAO MIGUEL DO OESTE,Falta de Atenção à Condução,Colisão transversal,Com Vítimas Feridas,Pleno dia,Decrescente,Céu Claro,Dupla,Reta;Interseção de Vias,Sim,3,0,1,0,1,2,1,4,-26.71908804,-53.5157791,SPRF-SC,DEL07-SC,UOP03-DEL07-SC,2020
"312695,0",2020-10-07,quarta-feira,07:45:00,SC,282,"476,4",VARGEAO,Desobediência às normas de trânsito pelo condutor,Colisão transversal,Com Vítimas Feridas,Pleno dia,Decrescente,Sol,Simples,Interseção de Vias,Não,3,0,1,0,1,1,1,3,-26.882666,-52.169231,SPRF-SC,DEL07-SC,UOP01-DEL07-SC,2020
"312732,0",2020-10-07,quarta-feira,12:50:00,SC,101,"359,4",SANGAO,Desobediência às normas de trânsito pelo condutor,Colisão transversal,Com Vítimas Feridas,Pleno dia,Crescente,Nublado,Simples,Reta,Sim,3,0,1,1,0,1,2,3,-28.63515747,-49.09790039,SPRF-SC,DEL02-SC,UOP01-DEL02-SC,2020
"312761,0",2020-10-07,quarta-feira,16:50:00,SC,101,"334,5",TUBARAO,Velocidade Incompatível,Colisão traseira,Com Vítimas Feridas,Pleno dia,Decrescente,Nublado,Múltipla,Reta,Sim,3,0,0,1,2,0,1,3,-28.46795564,-49.00979519,SPRF-SC,DEL02-SC,UOP01-DEL02-SC,2020
"312763,0",2020-10-07,quarta-feira,15:30:00,SC,470,"116,0",IBIRAMA,Falta de Atenção à Condução,Engavetamento,Com Vítimas Feridas,Pleno dia,Decrescente,Céu Claro,Simples,Curva,Não,4,0,1,0,3,0,1,3,-27.07756,-49.49448,SPRF-SC,DEL04-SC,UOP02-DEL04-SC,2020
"312784,0",2020-07-03,sexta-feira,11:00:00,SC,101,"37,0",JOINVILLE,Falta de Atenção à Condução,Colisão traseira,Com Vítimas Feridas,Pleno dia,Decrescente,Céu Claro,Dupla,Reta,Não,3,0,1,0,1,2,1,4,-26.25050176,-48.90863867,SPRF-SC,DEL03-SC,UOP01-DEL03-SC,2020
"312832,0",2020-10-07,quarta-feira,18:30:00,SC,282,"458,3",PONTE SERRADA,Desobediência às normas de trânsito pelo condutor,Colisão frontal,Com Vítimas Fatais,Anoitecer,Crescente,Céu Claro,Simples,Reta;Declive,Não,3,1,1,0,0,1,1,3,-26.886444,-52.00083,SPRF-SC,DEL07-SC,UOP04-DEL07-SC,2020
"312848,0",2020-10-07,quarta-feira,21:50:00,SC,282,"113,0",ALFREDO WAGNER,Defeito Mecânico no Veículo,Colisão com objeto em movimento,Com Vítimas Feridas,Plena Noite,Decrescente,Céu Claro,Simples,Reta,Não,2,0,1,0,1,0,1,2,-27.740337,-49.384186,SPRF-SC,DEL01-SC,UOP03-DEL01-SC,2020
"312852,0",2020-10-08,quinta-feira,04:35:00,SC,282,"517,0",XAXIM,Falta de Atenção à Condução,Colisão frontal,Com Vítimas Feridas,Plena Noite,Crescente,Chuva,Simples,Curva,Não,4,0,2,0,2,0,2,2,-26.93899104,-52.49975681,SPRF-SC,DEL07-SC,UOP01-DEL07-SC,2020
"312868,0",2020-10-08,quinta-feira,07:00:00,SC,282,"394,9",JOACABA,Falta de Atenção à Condução,Saída de leito carroçável,Com Vítimas Feridas,Amanhecer,Decrescente,Chuva,Simples,Curva,Não,2,0,1,0,0,1,1,2,-27.16017,-51.58284,SPRF-SC,DEL07-SC,UOP05-DEL07-SC,2020
"312869,0",2020-10-08,quinta-feira,06:35:00,SC,480,"129,5",CHAPECO,Velocidade Incompatível,Colisão com objeto estático,Sem Vítimas,Pleno dia,Decrescente,Chuva,Dupla,Curva,Sim,2,0,0,0,2,0,0,2,-27.04656607,-52.63577131,SPRF-SC,DEL07-SC,UOP01-DEL07-SC,2020
"312894,0",2020-10-08,quinta-feira,08:40:00,SC,282,"45,9",AGUAS MORNAS,Velocidade Incompatível,Tombamento,Com Vítimas Feridas,Pleno dia,Decrescente,Nublado,Simples,Reta,Não,2,0,0,1,0,1,1,2,-27.719851,-48.916126,SPRF-SC,DEL01-SC,UOP03-DEL01-SC,2020
"312905,0",2020-09-22,terça-feira,15:00:00,SC,101,"209,8",SAO JOSE,Falta de Atenção à Condução,Colisão lateral,Com Vítimas Feridas,Pleno dia,Crescente,Céu Claro,Múltipla,Reta,Sim,3,0,1,0,2,0,1,2,-27.61000542,-48.63895057,SPRF-SC,DEL01-SC,UOP01-DEL01-SC,2020
"312916,0",2020-10-08,quinta-feira,08:45:00,SC,116,"30,7",ITAIOPOLIS,Falta de Atenção à Condução,Colisão transversal,Com Vítimas Fatais,Pleno dia,Decrescente,Chuva,Simples,Interseção de Vias,Não,3,1,0,0,1,1,0,3,-26.315426,-49.967953,SPRF-SC,DEL06-SC,UOP01-DEL06-SC,2020
"312925,0",2020-10-08,quinta-feira,10:48:00,SC,282,"529,1",CORDILHEIRA ALTA,Desobediência às normas de trânsito pelo condutor,Colisão transversal,Com Vítimas Feridas,Pleno dia,Decrescente,Nublado,Simples,Reta;Aclive,Não,2,0,0,1,1,0,1,2,-26.982185,-52.59734,SPRF-SC,DEL07-SC,UOP01-DEL07-SC,2020
"312972,0",2020-10-08,quinta-feira,12:00:00,SC,116,"159,0",SANTA CECILIA,Velocidade Incompatível,Tombamento,Com Vítimas Feridas,Pleno dia,Crescente,Nublado,Simples,Curva,Não,3,0,2,0,0,1,2,2,-27.09960799,-50.45374278,SPRF-SC,DEL06-SC,UOP02-DEL06-SC,2020
"312973,0",2020-10-08,quinta-feira,13:25:00,SC,282,"527,1",CORDILHEIRA ALTA,Velocidade Incompatível,Saída de leito carroçável,Com Vítimas Feridas,Pleno dia,Crescente,Chuva,Simples,Declive;Curva,Não,4,0,2,0,1,2,2,4,-26.973196,-52.583321,SPRF-SC,DEL07-SC,UOP01-DEL07-SC,2020
"312982,0",2020-10-08,quinta-feira,18:15:00,SC,101,"333,0",TUBARAO,Falta de Atenção à Condução,Queda de ocupante de veículo,Com Vítimas Feridas,Anoitecer,Decrescente,Céu Claro,Simples,Reta,Sim,2,0,1,0,1,0,1,2,-28.46630107,-48.99653096,SPRF-SC,DEL02-SC,UOP01-DEL02-SC,2020
"313021,0",2020-10-08,quinta-feira,20:30:00,SC,101,"368,0",ICARA,Desobediência às normas de trânsito pelo condutor,Colisão com objeto estático,Com Vítimas Feridas,Plena Noite,Decrescente,Céu Claro,Múltipla,Curva,Sim,4,0,0,2,2,0,2,3,-28.6957326,-49.17347228,SPRF-SC,DEL02-SC,UOP01-DEL02-SC,2020
"313025,0",2020-10-08,quinta-feira,23:10:00,SC,470,"55,0",BLUMENAU,Desobediência às normas de trânsito pelo condutor,Colisão transversal,Com Vítimas Feridas,Plena Noite,Crescente,Chuva,Simples,Curva,Não,3,0,0,1,1,1,1,3,-26.875601,-49.117992,SPRF-SC,DEL04-SC,UOP01-DEL04-SC,2020
"313068,0",2020-10-09,sexta-feira,06:50:00,SC,101,"257,0",PAULO LOPES,Falta de Atenção à Condução,Colisão lateral,Com Vítimas Feridas,Pleno dia,Decrescente,Céu Claro,Dupla,Reta,Sim,4,0,2,0,1,1,2,3,-27.99701205,-48.68755194,SPRF-SC,DEL02-SC,UOP03-DEL02-SC,2020
"313116,0",2020-10-09,sexta-feira,07:45:00,SC,116,"34,7",ITAIOPOLIS,Velocidade Incompatível,Tombamento,Com Vítimas Feridas,Pleno dia,Crescente,Nublado,Simples,Declive;Reta,Não,2,0,1,0,0,1,1,2,-26.33118709,-49.99664695,SPRF-SC,DEL06-SC,UOP01-DEL06-SC,2020
"313144,0",2020-10-09,sexta-feira,12:45:00,SC,101,"114,7",ITAJAI,Falta de Atenção à Condução,Colisão traseira,Com Vítimas Feridas,Pleno dia,Crescente,Chuva,Simples,Reta,Não,3,0,1,0,1,1,1,3,-26.86192886,-48.7286704,SPRF-SC,DEL04-SC,UOP04-DEL04-SC,2020
"313206,0",2020-10-09,sexta-feira,11:40:00,SC,282,"584,5",PINHALZINHO,Falta de Atenção à Condução,Colisão frontal,Com Vítimas Feridas,Pleno dia,Crescente,Chuva,Simples,Declive,Não,3,0,0,1,2,0,1,3,-26.831865,-53.016579,SPRF-SC,DEL07-SC,UOP02-DEL07-SC,2020
"313223,0",2020-10-09,sexta-feira,17:15:00,SC,101,"118,3",ITAJAI,Desobediência às normas de trânsito pelo condutor,Colisão lateral,Com Vítimas Fatais,Pleno dia,Crescente,Nublado,Dupla,Reta,Sim,4,1,0,0,2,2,0,5,-26.895859,-48.71903,SPRF-SC,DEL04-SC,UOP04-DEL04-SC,2020
"313274,0",2020-10-09,sexta-feira,19:25:00,SC,280,"131,0",RIO NEGRINHO,Velocidade Incompatível,Colisão com objeto estático,Sem Vítimas,Plena Noite,Crescente,Céu Claro,Simples,Rotatória,Sim,1,0,0,0,1,0,0,1,-26.25581515,-49.53953493,SPRF-SC,DEL06-SC,UOP03-DEL06-SC,2020
"313297,0",2020-10-09,sexta-feira,19:15:00,SC,116,"174,5",SAO CRISTOVAO DO SUL,Falta de Atenção à Condução,Tombamento,Com Vítimas Fatais,Plena Noite,Decrescente,Nublado,Simples,Declive;Curva,Não,2,1,0,0,0,1,0,2,-27.22552273,-50.46649712,SPRF-SC,DEL05-SC,UOP03-DEL05-SC,2020
"313302,0",2020-10-09,sexta-feira,19:35:00,SC,101,"332,0",TUBARAO,Desobediência às normas de trânsito pelo condutor,Engavetamento,Com Vítimas Feridas,Plena Noite,Decrescente,Garoa/Chuvisco,Dupla,Reta,Sim,4,0,1,0,1,2,1,4,-28.46016431,-48.98968873,SPRF-SC,DEL02-SC,UOP01-DEL02-SC,2020
"313306,0",2020-10-09,sexta-feira,21:30:00,SC,470,"259,4",CURITIBANOS,Velocidade Incompatível,Tombamento,Com Vítimas Feridas,Plena Noite,Decrescente,Céu Claro,Simples,Curva;Declive,Não,2,0,1,0,0,1,1,2,-27.303122,-50.661118,SPRF-SC,DEL05-SC,UOP03-DEL05-SC,2020