id,data_inversa,dia_semana,horario,uf,br,km,municipio,causa_acidente,tipo_acidente,classificacao_acidente,fase_dia,sentido_via,condicao_metereologica,tipo_pista,tracado_via,uso_solo,pessoas,mortos,feridos_leves,feridos_graves,ilesos,ignorados,feridos,veiculos,latitude,longitude,regional,delegacia,uop,ano_arquivo
"313351,0",2020-10-09,sexta-feira,23:45:00,SC,470,"332,0",CAMPOS NOVOS,Falta de Atenção à Condução,Colisão lateral,Com Vítimas Feridas,Plena Noite,Crescente,Céu Claro,Simples,Curva,Não,3,0,1,0,1,1,1,3,-27.48512636,-51.31507874,SPRF-SC,DEL07-SC,UOP06-DEL07-SC,2020
"313366,0",2020-10-10,sábado,06:55:00,SC,116,"50,5",PAPANDUVA,Desobediência às normas de trânsito pelo condutor,Colisão frontal,Com Vítimas Feridas,Amanhecer,Crescente,Nevoeiro/Neblina,Simples,Reta,Não,3,0,0,1,1,2,1,4,-26.37798337,-50.13162356,SPRF-SC,DEL06-SC,UOP01-DEL06-SC,2020
"313389,0",2020-10-10,sábado,08:20:00,SC,101,"121,1",ITAJAI,Falta de Atenção à Condução,Colisão traseira,Com Vítimas Feridas,Pleno dia,Decrescente,Sol,Dupla,Reta,Não,3,0,2,0,1,0,2,2,-26.92103178,-48.70856446,SPRF-SC,DEL04-SC,UOP04-DEL04-SC,2020
"313493,0",2020-10-10,sábado,16:20:00,SC,101,"208,5",SAO JOSE,Falta de Atenção à Condução,Colisão lateral,Com Vítimas Feridas,Pleno dia,Decrescente,Nublado,Dupla,Declive,Sim,3,0,1,1,1,0,2,2,-27.60327979,-48.63201818,SPRF-SC,DEL01-SC,UOP01-DEL01-SC,2020
"314056,0",2020-10-11,domingo,09:20:00,SC,116,"304,6",CAPAO ALTO,Velocidade Incompatível,Tombamento,Com Vítimas Feridas,Pleno dia,Crescente,Céu Claro,Simples,Curva;Declive,Não,2,0,1,0,0,1,1,2,-28.19325207,-50.71574086,SPRF-SC,DEL05-SC,UOP02-DEL05-SC,2020
"314087,0",2020-10-11,domingo,17:15:00,SC,101,"202,3",SAO JOSE,Condutor Dormindo,Colisão lateral,Com Vítimas Feridas,Pleno dia,Crescente,Sol,Dupla,Reta,Sim,4,0,2,0,1,2,2,4,-27.55711595,-48.61897889,SPRF-SC,DEL01-SC,UOP01-DEL01-SC,2020
"314207,0",2020-10-11,domingo,22:30:00,SC,116,"131,0",SANTA CECILIA,Ultrapassagem Indevida,Colisão lateral,Com Vítimas Feridas,Plena Noite,Crescente,Nublado,Simples,Curva,Não,3,0,0,2,1,0,2,2,-26.89968986,-50.43667825,SPRF-SC,DEL06-SC,UOP02-DEL06-SC,2020
"314285,0",2020-10-08,quinta-feira,22:25:00,SC,116,"58,0",PAPANDUVA,Falta de Atenção à Condução,Colisão transversal,Sem Vítimas,Plena Noite,Decrescente,Nublado,Simples,Reta,Não,2,0,0,0,1,1,0,2,-26.37772259,-50.19785907,SPRF-SC,DEL06-SC,UOP02-DEL06-SC,2020
"314469,0",2020-10-13,terça-feira,06:30:00,SC,470,"111,0",IBIRAMA,Velocidade Incompatível,Tombamento,Sem Vítimas,Pleno dia,Crescente,Céu Claro,Simples,Curva,Não,2,0,0,0,1,1,0,2,-27.095388,-49.457878,SPRF-SC,DEL04-SC,UOP02-DEL04-SC,2020
"314568,0",2020-10-13,terça-feira,11:00:00,SC,282,"308,0",VARGEM,Falta de Atenção à Condução,Tombamento,Com Vítimas Feridas,Pleno dia,Decrescente,Céu Claro,Simples,Curva,Não,1,0,1,0,0,0,1,1,-27.49292,-50.971973,SPRF-SC,DEL07-SC,UOP06-DEL07-SC,2020
"314606,0",2020-10-13,terça-feira,11:30:00,SC,282,"586,8",PINHALZINHO,Falta de Atenção à Condução,Tombamento,Sem Vítimas,Pleno dia,Decrescente,Céu Claro,Simples,Aclive,Não,2,0,0,0,1,2,0,3,-26.832605,-53.03474,SPRF-SC,DEL07-SC,UOP02-DEL07-SC,2020
"314650,0",2020-10-13,terça-feira,17:00:00,SC,153,"41,8",VARGEM BONITA,Agressão Externa,Saída de leito carroçável,Com Vítimas Feridas,Pleno dia,Crescente,Céu Claro,Simples,Reta,Não,2,0,2,0,0,0,2,1,-26.851917,-51.744564,SPRF-SC,DEL07-SC,UOP05-DEL07-SC,2020
"314762,0",2020-10-14,quarta-feira,17:50:00,SC,470,"59,5",BLUMENAU,Falta de Atenção à Condução,Colisão lateral,Sem Vítimas,Pleno dia,Decrescente,Céu Claro,Simples,Reta,Sim,3,0,0,0,2,3,0,5,-26.882812,-49.1548,SPRF-SC,DEL04-SC,UOP01-DEL04-SC,2020
"314847,0",2020-10-15,quinta-feira,05:00:00,SC,101,"56,5",ARAQUARI,Falta de Atenção à Condução,Colisão traseira,Com Vítimas Feridas,Plena Noite,Decrescente,Nublado,Dupla,Reta,Não,3,0,1,0,1,1,1,3,-26.43207484,-48.82263984,SPRF-SC,DEL03-SC,UOP01-DEL03-SC,2020
"314898,0",2020-10-15,quinta-feira,09:30:00,SC,282,"509,1",XANXERE,Falta de Atenção à Condução,Colisão traseira,Com Vítimas Feridas,Pleno dia,Crescente,Céu Claro,Simples,Reta,Não,5,0,2,0,3,0,2,4,-26.890533,-52.457096,SPRF-SC,DEL07-SC,UOP01-DEL07-SC,2020
"314932,0",2020-10-15,quinta-feira,09:30:00,SC,116,"116,0",SANTA CECILIA,Falta de Atenção à Condução,Tombamento,Com Vítimas Feridas,Pleno dia,Crescente,Céu Claro,Dupla,Curva,Não,2,0,1,0,0,1,1,2,-26.80986906,-50.34540393,SPRF-SC,DEL06-SC,UOP02-DEL06-SC,2020
"314944,0",2020-10-15,quinta-feira,15:45:00,SC,101,"210,0",SAO JOSE,Falta de Atenção à Condução,Colisão traseira,Com Vítimas Feridas,Pleno dia,Decrescente,Céu Claro,Dupla,Reta,Sim,6,0,2,0,3,2,2,5,-27.6167305,-48.6457265,SPRF-SC,DEL01-SC,UOP01-DEL01-SC,2020
"315016,0",2020-10-15,quinta-feira,17:45:00,SC,101,"150,0",ITAPEMA,Não guardar distância de segurança,Colisão lateral,Com Vítimas Feridas,Pleno dia,Crescente,Nublado,Múltipla,Reta,Sim,2,0,1,0,1,0,1,2,-27.11744799,-48.60940987,SPRF-SC,DEL04-SC,UOP03-DEL04-SC,2020
"315041,0",2020-09-23,quarta-feira,18:35:00,SC,101,"347,8",JAGUARUNA,Falta de Atenção à Condução,Tombamento,Com Vítimas Fatais,Plena Noite,Decrescente,Nublado,Múltipla,Declive,Sim,5,1,0,0,2,2,0,4,-28.58270181,-49.05006118,SPRF-SC,DEL02-SC,UOP01-DEL02-SC,2020
"315050,0",2020-10-16,sexta-feira,07:40:00,SC,470,"9,0",ILHOTA,Não guardar distância de segurança,Colisão traseira,Com Vítimas Feridas,Pleno dia,Crescente,Céu Claro,Simples,Reta,Sim,2,0,1,0,1,0,1,2,-26.833143,-48.727432,SPRF-SC,DEL04-SC,UOP04-DEL04-SC,2020
"315058,0",2020-09-25,sexta-feira,04:40:00,SC,282,"627,7",IRACEMINHA,Ultrapassagem Indevida,Colisão frontal,Com Vítimas Fatais,Plena Noite,Crescente,Céu Claro,Simples,Declive;Curva,Não,4,1,1,2,0,0,3,3,-26.811321,-53.362316,SPRF-SC,DEL07-SC,UOP02-DEL07-SC,2020
"315095,0",2020-10-16,sexta-feira,12:40:00,SC,101,"121,5",ITAJAI,Não guardar distância de segurança,Colisão traseira,Com Vítimas Fatais,Pleno dia,Decrescente,Céu Claro,Dupla,Reta,Não,4,1,0,0,1,2,0,4,-26.92405964,-48.70698452,SPRF-SC,DEL04-SC,UOP04-DEL04-SC,2020
"315102,0",2020-10-16,sexta-feira,12:50:00,SC,101,"216,2",PALHOCA,Não guardar distância de segurança,Saída de leito carroçável,Com Vítimas Feridas,Pleno dia,Decrescente,Céu Claro,Múltipla,Reta,Não,2,0,1,0,0,3,1,4,-27.65981409,-48.67747798,SPRF-SC,DEL01-SC,UOP02-DEL01-SC,2020
"315114,0",2020-08-03,segunda-feira,22:35:00,SC,282,"611,0",MARAVILHA,Defeito na Via,Colisão com objeto estático,Com Vítimas Feridas,Plena Noite,Decrescente,Céu Claro,Simples,Curva,Não,2,0,1,0,0,1,1,2,-26.755428,-53.239933,SPRF-SC,DEL07-SC,UOP02-DEL07-SC,2020
"315153,0",2020-10-16,sexta-feira,14:10:00,SC,282,"401,2",JOACABA,Velocidade Incompatível,Colisão traseira,Com Vítimas Fatais,Pleno dia,Crescente,Céu Claro,Simples,Reta,Não,4,1,0,0,1,3,0,5,-27.128424,-51.628107,SPRF-SC,DEL07-SC,UOP05-DEL07-SC,2020
"315158,0",2020-10-16,sexta-feira,17:15:00,SC,101,"43,3",JOINVILLE,Falta de Atenção à Condução,Colisão transversal,Com Vítimas Feridas,Pleno dia,Decrescente,Sol,Simples,Viaduto,Sim,2,0,1,0,1,0,1,2,-26.30357106,-48.88225609,SPRF-SC,DEL03-SC,UOP01-DEL03-SC,2020
"315194,0",2020-10-16,sexta-feira,17:15:00,SC,101,"383,6",ICARA,Velocidade Incompatível,Tombamento,Com Vítimas Feridas,Pleno dia,Decrescente,Céu Claro,Dupla,Curva,Não,2,0,1,0,0,1,1,2,-28.77608535,-49.31625366,SPRF-SC,DEL02-SC,UOP02-DEL02-SC,2020
"315251,0",2020-10-17,sábado,06:05:00,SC,101,"46,5",JOINVILLE,Condutor Dormindo,Colisão traseira,Com Vítimas Feridas,Amanhecer,Crescente,Céu Claro,Dupla,Reta,Sim,3,0,0,1,1,2,1,4,-26.33150083,-48.86187762,SPRF-SC,DEL03-SC,UOP01-DEL03-SC,2020
"315294,0",2020-10-17,sábado,08:55:00,SC,101,"41,0",JOINVILLE,Velocidade Incompatível,Colisão com objeto estático,Com Vítimas Feridas,Pleno dia,Crescente,Céu Claro,Dupla,Aclive,Sim,2,0,1,0,0,1,1,2,-26.31034286,-48.87851715,SPRF-SC,DEL03-SC,UOP01-DEL03-SC,2020
"315295,0",2020-10-17,sábado,08:30:00,SC,101,"45,0",JOINVILLE,Falta de Atenção à Condução,Colisão transversal,Com Vítimas Feridas,Pleno dia,Crescente,Céu Claro,Simples,Reta,Sim,3,0,1,0,2,0,1,2,-26.32214492,-48.8689509,SPRF-SC,DEL03-SC,UOP01-DEL03-SC,2020
"315306,0",2020-10-17,sábado,10:55:00,SC,101,"128,1",CAMBORIU,Falta de Atenção à Condução,Colisão traseira,Com Vítimas Feridas,Pleno dia,Crescente,Céu Claro,Dupla,Reta,Não,3,0,2,0,1,0,2,2,-26.97284292,-48.68299451,SPRF-SC,DEL04-SC,UOP03-DEL04-SC,2020
"315322,0",2020-10-17,sábado,13:15:00,SC,101,"196,0",BIGUACU,Falta de Atenção do Pedestre,Atropelamento de Pedestre,Com Vítimas Feridas,Pleno dia,Decrescente,Céu Claro,Dupla,Reta,Sim,3,0,1,0,1,1,1,3,-27.51101091,-48.64322292,SPRF-SC,DEL01-SC,UOP01-DEL01-SC,2020
"315348,0",2020-10-17,sábado,14:50:00,SC,282,"503,3",XANXERE,Falta de Atenção à Condução,Colisão traseira,Com Vítimas Feridas,Pleno dia,Decrescente,Sol,Dupla,Reta,Não,2,0,0,1,1,0,1,2,-26.88492,-52.399788,SPRF-SC,DEL07-SC,UOP01-DEL07-SC,2020
"315398,0",2020-10-17,sábado,16:50:00,SC,158,"136,0",PALMITOS,Condutor Dormindo,Saída de leito carroçável,Com Vítimas Feridas,Pleno dia,Decrescente,Céu Claro,Simples,Declive;Reta,Não,2,0,1,0,0,1,1,2,-27.082006,-53.223453,SPRF-SC,DEL07-SC,UOP02-DEL07-SC,2020
"315437,0",2020-10-17,sábado,22:00:00,SC,282,"529,2",CORDILHEIRA ALTA,Defeito Mecânico no Veículo,Incêndio,Sem Vítimas,Plena Noite,Crescente,Céu Claro,Simples,Reta,Sim,1,0,0,0,1,0,0,1,-26.982185,-52.59734,SPRF-SC,DEL07-SC,UOP01-DEL07-SC,2020
"315494,0",2020-10-17,sábado,22:30:00,SC,158,"101,9",CUNHA PORA,Velocidade Incompatível,Capotamento,Sem Vítimas,Plena Noite,Crescente,Céu Claro,Simples,Reta,Não,1,0,0,0,0,1,0,1,-26.83661705,-53.17563409,SPRF-SC,DEL07-SC,UOP02-DEL07-SC,2020
"315512,0",2020-10-18,domingo,08:30:00,SC,101,"116,7",ITAJAI,Desobediência às normas de trânsito pelo condutor,Colisão lateral,Com Vítimas Feridas,Pleno dia,Crescente,Céu Claro,Múltipla,Reta,Sim,2,0,1,0,1,0,1,2,-26.885391,-48.723395,SPRF-SC,DEL04-SC,UOP04-DEL04-SC,2020
"315628,0",2020-10-18,domingo,19:50:00,SC,470,"176,0",POUSO REDONDO,Falta de Atenção à Condução,Colisão lateral,Com Vítimas Feridas,Plena Noite,Decrescente,Céu Claro,Simples,Aclive,Sim,4,0,1,0,1,2,1,3,-27.25188268,-50.01937866,SPRF-SC,DEL04-SC,UOP02-DEL04-SC,2020
"315670,0",2020-10-19,segunda-feira,02:00:00,SC,101,"67,2",ARAQUARI,Defeito Mecânico no Veículo,Incêndio,Sem Vítimas,Plena Noite,Crescente,Nublado,Dupla,Reta,Não,1,0,0,0,1,0,0,1,-26.48947226,-48.73425722,SPRF-SC,DEL03-SC,UOP02-DEL03-SC,2020
"315722,0",2020-10-19,segunda-feira,09:20:00,SC,280,"181,0",MAFRA,Carga excessiva e/ou mal acondicionada,Derramamento de carga,Sem Vítimas,Pleno dia,Crescente,Céu Claro,Simples,Reta,Não,4,0,0,0,3,1,0,4,-26.17284811,-49.89329338,SPRF-SC,DEL06-SC,UOP01-DEL06-SC,2020
"315764,0",2020-10-19,segunda-feira,15:50:00,SC,101,"335,2",TUBARAO,Falta de Atenção à Condução,Colisão lateral,Com Vítimas Feridas,Pleno dia,Crescente,Céu Claro,Múltipla,Reta,Não,3,0,0,1,1,1,1,3,-28.46927473,-49.01557908,SPRF-SC,DEL02-SC,UOP01-DEL02-SC,2020
"315790,0",2020-10-19,segunda-feira,17:25:00,SC,470,"249,3",CURITIBANOS,Desobediência às normas de trânsito pelo condutor,Colisão transversal,Com Vítimas Feridas,Pleno dia,Crescente,Sol,Simples,Reta,Sim,3,0,2,0,1,0,2,2,-27.31180826,-50.57956522,SPRF-SC,DEL05-SC,UOP03-DEL05-SC,2020
"315796,0",2020-10-19,segunda-feira,17:45:00,SC,101,"44,2",JOINVILLE,Desobediência às normas de trânsito pelo condutor,Colisão traseira,Com Vítimas Feridas,Anoitecer,Decrescente,Chuva,Dupla,Reta,Não,2,0,1,0,1,0,1,2,-26.33920198,-48.85900509,SPRF-SC,DEL03-SC,UOP01-DEL03-SC,2020
"315819,0",2020-10-19,segunda-feira,17:30:00,SC,480,"126,0",CHAPECO,Falta de Atenção à Condução,Colisão traseira,Com Vítimas Feridas,Anoitecer,Decrescente,Céu Claro,Simples,Aclive,Não,3,0,1,0,2,0,1,3,-27.020083,-52.636024,SPRF-SC,DEL07-SC,UOP01-DEL07-SC,2020
"316002,0",2020-10-20,terça-feira,19:50:00,SC,101,"68,8",ARAQUARI,Não guardar distância de segurança,Colisão traseira,Com Vítimas Feridas,Plena Noite,Crescente,Céu Claro,Dupla,Reta,Não,3,0,1,0,1,3,1,5,-26.49513001,-48.73280803,SPRF-SC,DEL03-SC,UOP02-DEL03-SC,2020
"316023,0",2020-10-20,terça-feira,16:00:00,SC,282,"412,0",CATANDUVAS,Velocidade Incompatível,Colisão lateral,Com Vítimas Feridas,Pleno dia,Decrescente,Céu Claro,Simples,Curva,Não,3,0,1,0,1,1,1,3,-27.055775,-51.688843,SPRF-SC,DEL07-SC,UOP05-DEL07-SC,2020
"316027,0",2020-10-20,terça-feira,21:40:00,SC,470,"170,0",POUSO REDONDO,Não guardar distância de segurança,Colisão lateral,Sem Vítimas,Plena Noite,Crescente,Céu Claro,Simples,Reta,Não,3,0,0,0,3,0,0,2,-27.265903,-49.892441,SPRF-SC,DEL04-SC,UOP02-DEL04-SC,2020
"316047,0",2020-10-21,quarta-feira,01:30:00,SC,101,"207,0",SAO JOSE,Desobediência às normas de trânsito pelo condutor,Colisão traseira,Sem Vítimas,Plena Noite,Crescente,Céu Claro,Múltipla,Declive,Sim,2,0,0,0,2,0,0,2,-27.60001226,-48.6226467,SPRF-SC,DEL01-SC,UOP01-DEL01-SC,2020
"316066,0",2020-10-21,quarta-feira,06:50:00,SC,470,"12,0",NAVEGANTES,Não guardar distância de segurança,Colisão traseira,Com Vítimas Feridas,Pleno dia,Crescente,Céu Claro,Simples,Reta,Não,4,0,1,0,3,0,1,3,-26.835169,-48.757267,SPRF-SC,DEL04-SC,UOP04-DEL04-SC,2020
"316135,0",2020-10-21,quarta-feira,14:00:00,SC,101,"137,0",BALNEARIO CAMBORIU,Falta de Atenção à Condução,Colisão traseira,Com Vítimas Feridas,Pleno dia,Decrescente,Céu Claro,Dupla,Reta,Sim,2,0,1,0,1,0,1,2,-27.0157238,-48.61192763,SPRF-SC,DEL04-SC,UOP03-DEL04-SC,2020
"316140,0",2020-10-21,quarta-feira,10:15:00,SC,282,"446,2",PONTE SERRADA,Falta de Atenção à Condução,Colisão lateral,Com Vítimas Feridas,Pleno dia,Decrescente,Céu Claro,Simples,Curva,Não,5,0,1,1,2,2,2,5,-26.910217,-51.914951,SPRF-SC,DEL07-SC,UOP04-DEL07-SC,2020
"316214,0",2020-10-21,quarta-feira,21:45:00,SC,470,"122,8",IBIRAMA,Velocidade Incompatível,Tombamento,Com Vítimas Feridas,Plena Noite,Decrescente,Nublado,Simples,Curva,Não,3,0,1,1,0,1,2,2,-27.09806288,-49.5303154,SPRF-SC,DEL04-SC,UOP02-DEL04-SC,2020
"316219,0",2020-10-21,quarta-feira,20:10:00,SC,282,"406,9",CATANDUVAS,Falta de Atenção à Condução,Colisão frontal,Com Vítimas Feridas,Plena Noite,Crescente,Céu Claro,Simples,Reta,Não,4,0,1,0,1,2,1,4,-27.092703,-51.659904,SPRF-SC,DEL07-SC,UOP05-DEL07-SC,2020
"316224,0",2020-10-21,quarta-feira,21:10:00,SC,101,"354,4",SANGAO,Falta de Atenção à Condução,Colisão traseira,Com Vítimas Feridas,Plena Noite,Decrescente,Nublado,Múltipla,Aclive,Sim,3,0,1,0,1,2,1,4,-28.61806302,-49.07013199,SPRF-SC,DEL02-SC,UOP01-DEL02-SC,2020
"316226,0",2020-10-21,quarta-feira,22:30:00,SC,282,"214,6",PALHOCA,Falta de Atenção à Condução,Colisão lateral,Sem Vítimas,Plena Noite,Crescente,Nublado,Múltipla,Declive;Reta,Sim,3,0,0,0,2,1,0,3,-27.64815134,-48.67333889,SPRF-SC,DEL05-SC,UOP01-DEL05-SC,2020
"316296,0",2020-10-22,quinta-feira,08:00:00,SC,280,"241,0",CANOINHAS,Velocidade Incompatível,Colisão traseira,Com Vítimas Feridas,Pleno dia,Decrescente,Céu Claro,Simples,Reta,Não,4,0,2,0,1,1,2,3,-26.22501599,-50.45997601,SPRF-SC,DEL06-SC,UOP04-DEL06-SC,2020
"316305,0",2020-10-22,quinta-feira,08:20:00,SC,282,"66,3",RANCHO QUEIMADO,Velocidade Incompatível,Colisão lateral,Com Vítimas Feridas,Pleno dia,Decrescente,Chuva,Simples,Curva,Não,5,0,1,2,1,1,3,4,-27.699602,-49.062912,SPRF-SC,DEL01-SC,UOP03-DEL01-SC,2020
"316324,0",2020-09-28,segunda-feira,20:10:00,SC,101,"217,8",PALHOCA,Falta de Atenção do Pedestre,Atropelamento de Pedestre,Com Vítimas Fatais,Plena Noite,Decrescente,Céu Claro,Múltipla,Reta,Não,3,1,0,1,0,1,1,3,-27.66779034,-48.67393586,SPRF-SC,DEL01-SC,UOP02-DEL01-SC,2020
"316355,0",2020-10-22,quinta-feira,16:55:00,SC,101,"199,9",SAO JOSE,Desobediência às normas de trânsito pelo condutor,Colisão lateral,Com Vítimas Feridas,Pleno dia,Decrescente,Nublado,Múltipla,Interseção de Vias,Sim,3,0,1,0,1,2,1,4,-27.53413705,-48.63003205,SPRF-SC,DEL01-SC,UOP01-DEL01-SC,2020
"316363,0",2020-10-22,quinta-feira,15:10:00,SC,101,"137,6",BALNEARIO CAMBORIU,Não guardar distância de segurança,Engavetamento,Com Vítimas Feridas,Pleno dia,Decrescente,Céu Claro,Dupla,Declive,Sim,9,0,2,1,5,4,3,10,-27.0157238,-48.61192763,SPRF-SC,DEL04-SC,UOP03-DEL04-SC,2020
"316387,0",2020-10-22,quinta-feira,14:00:00,SC,101,"306,0",LAGUNA,Falta de Atenção à Condução,Colisão transversal,Com Vítimas Feridas,Pleno dia,Crescente,Nublado,Simples,Interseção de Vias,Não,2,0,0,1,1,0,1,2,-28.38437001,-48.77113299,SPRF-SC,DEL02-SC,UOP03-DEL02-SC,2020
"316446,0",2020-10-23,sexta-feira,05:20:00,SC,282,"641,0",DESCANSO,Ingestão de Álcool,Colisão lateral,Sem Vítimas,Amanhecer,Decrescente,Ignorado,Simples,Curva,Não,2,0,0,0,2,0,0,2,-26.779949,-53.460857,SPRF-SC,DEL07-SC,UOP03-DEL07-SC,2020
"316451,0",2020-10-23,sexta-feira,08:10:00,SC,101,"58,0",ARAQUARI,Falta de Atenção à Condução,Colisão traseira,Com Vítimas Feridas,Pleno dia,Crescente,Nublado,Múltipla,Aclive,Não,4,0,1,0,2,1,1,3,-26.44025049,-48.80129043,SPRF-SC,DEL03-SC,UOP02-DEL03-SC,2020
"316533,0",2020-10-23,sexta-feira,16:00:00,SC,280,"32,0",ARAQUARI,Velocidade Incompatível,Colisão traseira,Com Vítimas Feridas,Pleno dia,Crescente,Nublado,Simples,Reta,Não,5,0,2,0,3,0,2,4,-26.420618,-48.779335,SPRF-SC,DEL03-SC,UOP03-DEL03-SC,2020
"316718,0",2020-10-24,sábado,11:30:00,SC,470,"54,5",BLUMENAU,Carga excessiva e/ou mal acondicionada,Tombamento,Sem Vítimas,Pleno dia,Decrescente,Nublado,Simples,Interseção de Vias,Sim,3,0,0,0,2,1,0,3,-26.87370683,-49.11386494,SPRF-SC,DEL04-SC,UOP01-DEL04-SC,2020
"316730,0",2020-10-24,sábado,09:45:00,SC,480,"126,9",CHAPECO,Falta de Atenção à Condução,Colisão transversal,Com Vítimas Feridas,Pleno dia,Crescente,Sol,Simples,Interseção de Vias;Reta,Não,3,0,1,0,1,1,1,3,-27.020083,-52.636024,SPRF-SC,DEL07-SC,UOP01-DEL07-SC,2020
"316821,0",2020-10-24,sábado,17:40:00,SC,153,"58,7",IRANI,Desobediência às normas de trânsito pelo condutor,Colisão transversal,Com Vítimas Feridas,Pleno dia,Decrescente,Garoa/Chuvisco,Simples,Rotatória,Não,5,0,1,0,3,1,1,3,-26.96944491,-51.85471635,SPRF-SC,DEL07-SC,UOP04-DEL07-SC,2020
"316892,0",2020-10-24,sábado,20:45:00,SC,470,"228,0",SAO CRISTOVAO DO SUL,Mal Súbito,Saída de leito carroçável,Com Vítimas Feridas,Plena Noite,Crescente,Céu Claro,Simples,Reta,Não,2,0,0,1,0,2,1,3,-27.27355081,-50.33283234,SPRF-SC,DEL05-SC,UOP03-DEL05-SC,2020
"316903,0",2020-10-24,sábado,20:30:00,SC,101,"301,7",LAGUNA,Velocidade Incompatível,Colisão traseira,Com Vítimas Feridas,Plena Noite,Crescente,Céu Claro,Dupla,Reta,Não,4,0,0,1,1,2,1,4,-28.371762,-48.759395,SPRF-SC,DEL02-SC,UOP03-DEL02-SC,2020
"317049,0",2020-10-25,domingo,14:50:00,SC,116,"263,8",CAPAO ALTO,Desobediência às normas de trânsito pelo condutor,Colisão transversal,Com Vítimas Feridas,Pleno dia,Decrescente,Sol,Simples,Reta,Não,5,0,0,2,2,1,2,3,-27.92670686,-50.45423528,SPRF-SC,DEL05-SC,UOP02-DEL05-SC,2020
"317173,0",2020-10-26,segunda-feira,06:50:00,SC,282,"332,0",CAMPOS NOVOS,Condutor Dormindo,Colisão lateral,Sem Vítimas,Pleno dia,Decrescente,Céu Claro,Simples,Reta,Não,3,0,0,0,2,2,0,4,-27.390564,-51.125843,SPRF-SC,DEL07-SC,UOP06-DEL07-SC,2020
"317212,0",2020-10-26,segunda-feira,07:50:00,SC,163,"110,5",GUARUJA DO SUL,Desobediência às normas de trânsito pelo condutor,Colisão transversal,Com Vítimas Feridas,Pleno dia,Crescente,Chuva,Simples,Declive;Reta,Não,3,0,1,0,1,1,1,3,-26.40508001,-53.52431608,SPRF-SC,DEL07-SC,UOP03-DEL07-SC,2020
"317227,0",2020-10-26,segunda-feira,11:10:00,SC,470,"129,9",LONTRAS,Falta de Atenção à Condução,Colisão traseira,Sem Vítimas,Pleno dia,Decrescente,Céu Claro,Simples,Reta,Não,2,0,0,0,2,0,0,2,-27.148499,-49.556137,SPRF-SC,DEL04-SC,UOP02-DEL04-SC,2020
"317287,0",2020-10-26,segunda-feira,08:10:00,SC,282,"619,0",IRACEMINHA,Falta de Atenção à Condução,Saída de leito carroçável,Sem Vítimas,Pleno dia,Crescente,Chuva,Simples,Curva,Não,1,0,0,0,1,0,0,1,-26.80354146,-53.31459045,SPRF-SC,DEL07-SC,UOP02-DEL07-SC,2020
"317317,0",2020-10-26,segunda-feira,11:15:00,SC,153,"5,0",AGUA DOCE,Defeito Mecânico no Veículo,Colisão lateral,Com Vítimas Feridas,Pleno dia,Crescente,Nublado,Simples,Reta,Não,3,0,1,0,1,3,1,5,-26.643061,-51.51313,SPRF-SC,DEL07-SC,UOP05-DEL07-SC,2020
"317325,0",2020-10-26,segunda-feira,16:50:00,SC,282,"376,5",ERVAL VELHO,Avarias e/ou desgaste excessivo no pneu,Colisão transversal,Com Vítimas Feridas,Pleno dia,Decrescente,Chuva,Simples,Aclive,Não,3,0,1,0,2,0,1,3,-27.220205,-51.461185,SPRF-SC,DEL07-SC,UOP05-DEL07-SC,2020
"317368,0",2020-10-22,quinta-feira,04:40:00,SC,282,"593,0",SAUDADES,Falta de Atenção à Condução,Saída de leito carroçável,Com Vítimas Feridas,Plena Noite,Crescente,Céu Claro,Simples,Curva,Não,1,0,1,0,0,0,1,1,-26.826199,-53.10162,SPRF-SC,DEL07-SC,UOP02-DEL07-SC,2020
"317391,0",2020-10-27,terça-feira,07:55:00,SC,101,"58,9",ARAQUARI,Não guardar distância de segurança,Colisão traseira,Com Vítimas Feridas,Pleno dia,Crescente,Sol,Múltipla,Declive,Não,4,0,2,0,2,0,2,2,-26.44025049,-48.80129043,SPRF-SC,DEL03-SC,UOP02-DEL03-SC,2020
"317409,0",2020-10-27,terça-feira,11:15:00,SC,101,"32,1",JOINVILLE,Não guardar distância de segurança,Colisão traseira,Com Vítimas Feridas,Pleno dia,Crescente,Céu Claro,Dupla,Curva,Sim,3,0,1,0,1,1,1,3,-26.226987,-48.91657,SPRF-SC,DEL03-SC,UOP01-DEL03-SC,2020
"317513,0",2020-10-27,terça-feira,23:20:00,SC,101,"368,0",ICARA,Ingestão de Álcool,Colisão lateral,Com Vítimas Feridas,Plena Noite,Decrescente,Nublado,Dupla,Reta;Aclive,Não,7,0,5,0,2,0,5,3,-28.6957326,-49.17347228,SPRF-SC,DEL02-SC,UOP01-DEL02-SC,2020
"317538,0",2020-10-28,quarta-feira,07:00:00,SC,101,"117,2",ITAJAI,Desobediência às normas de trânsito pelo condutor,Colisão transversal,Com Vítimas Feridas,Amanhecer,Crescente,Céu Claro,Dupla,Interseção de Vias,Sim,2,0,1,0,1,0,1,2,-26.88747187,-48.72252969,SPRF-SC,DEL04-SC,UOP04-DEL04-SC,2020
"317548,0",2020-09-15,terça-feira,04:40:00,SC,470,"60,5",BLUMENAU,Falta de Atenção à Condução,Colisão traseira,Com Vítimas Feridas,Plena Noite,Decrescente,Garoa/Chuvisco,Simples,Reta,Sim,2,0,0,1,0,1,1,2,-26.87958853,-49.17144656,SPRF-SC,DEL04-SC,UOP01-DEL04-SC,2020