id,data_inversa,dia_semana,horario,uf,br,km,municipio,causa_acidente,tipo_acidente,classificacao_acidente,fase_dia,sentido_via,condicao_metereologica,tipo_pista,tracado_via,uso_solo,pessoas,mortos,feridos_leves,feridos_graves,ilesos,ignorados,feridos,veiculos,latitude,longitude,regional,delegacia,uop,ano_arquivo
"317592,0",2020-10-28,quarta-feira,07:15:00,SC,116,"306,7",CAPAO ALTO,Não guardar distância de segurança,Colisão traseira,Sem Vítimas,Pleno dia,Crescente,Céu Claro,Simples,Reta,Não,4,0,0,0,3,1,0,4,-28.19768589,-50.73234801,SPRF-SC,DEL05-SC,UOP02-DEL05-SC,2020
"317662,0",2020-10-28,quarta-feira,19:15:00,SC,470,"9,7",NAVEGANTES,Falta de Atenção à Condução,Colisão transversal,Com Vítimas Feridas,Plena Noite,Crescente,Nublado,Simples,Reta,Não,4,0,2,0,1,1,2,3,-26.833143,-48.727432,SPRF-SC,DEL04-SC,UOP04-DEL04-SC,2020
"317672,0",2020-10-28,quarta-feira,16:35:00,SC,101,"260,0",GAROPABA,Velocidade Incompatível,Colisão com objeto estático,Sem Vítimas,Pleno dia,Crescente,Sol,Simples,Curva,Não,2,0,0,0,1,1,0,2,-28.02304071,-48.7028271,SPRF-SC,DEL02-SC,UOP03-DEL02-SC,2020
"317685,0",2020-10-28,quarta-feira,20:20:00,SC,101,"113,0",ITAJAI,Falta de Atenção à Condução,Colisão lateral,Com Vítimas Feridas,Plena Noite,Crescente,Céu Claro,Dupla,Reta,Não,3,0,0,1,1,1,1,3,-26.85311393,-48.72689927,SPRF-SC,DEL04-SC,UOP04-DEL04-SC,2020
"317692,0",2020-10-07,quarta-feira,12:00:00,SC,101,"333,9",TUBARAO,Desobediência às normas de trânsito pelo condutor,Colisão lateral,Com Vítimas Feridas,Pleno dia,Crescente,Nublado,Simples,Reta,Sim,2,0,1,0,1,0,1,2,-28.46630107,-48.99653096,SPRF-SC,DEL02-SC,UOP01-DEL02-SC,2020
"317696,0",2020-10-28,quarta-feira,23:45:00,SC,101,"115,0",ITAJAI,Falta de Atenção à Condução,Colisão lateral,Com Vítimas Feridas,Plena Noite,Decrescente,Nublado,Dupla,Reta,Sim,3,0,0,1,0,2,1,3,-26.87064015,-48.72954134,SPRF-SC,DEL04-SC,UOP04-DEL04-SC,2020
"317701,0",2020-10-28,quarta-feira,23:05:00,SC,101,"25,0",JOINVILLE,Falta de Atenção à Condução,Colisão traseira,Com Vítimas Fatais,Plena Noite,Crescente,Céu Claro,Dupla,Aclive,Sim,4,1,0,1,1,1,1,3,-26.18101646,-48.90948923,SPRF-SC,DEL03-SC,UOP01-DEL03-SC,2020
"317705,0",2020-10-29,quinta-feira,01:30:00,SC,101,"172,0",TIJUCAS,Condutor Dormindo,Colisão traseira,Com Vítimas Feridas,Plena Noite,Crescente,Nublado,Dupla,Reta,Não,3,0,1,2,0,0,3,3,-27.31398818,-48.63155831,SPRF-SC,DEL04-SC,UOP03-DEL04-SC,2020
"317819,0",2020-10-29,quinta-feira,17:30:00,SC,101,"207,0",SAO JOSE,Não guardar distância de segurança,Colisão lateral,Com Vítimas Feridas,Pleno dia,Crescente,Nublado,Dupla,Reta,Sim,2,0,1,0,1,0,1,2,-27.60001226,-48.6226467,SPRF-SC,DEL01-SC,UOP01-DEL01-SC,2020
"317870,0",2020-10-29,quinta-feira,17:50:00,SC,282,"445,5",VARGEM BONITA,Ultrapassagem Indevida,Colisão frontal,Com Vítimas Fatais,Pleno dia,Decrescente,Nublado,Simples,Declive;Reta,Não,3,1,1,0,1,0,1,2,-26.97294,-51.8389157,SPRF-SC,DEL07-SC,UOP04-DEL07-SC,2020
"317893,0",2020-10-29,quinta-feira,21:57:00,SC,116,"107,6",MONTE CASTELO,Velocidade Incompatível,Colisão transversal,Com Vítimas Feridas,Plena Noite,Decrescente,Chuva,Simples,Curva;Declive,Não,4,0,0,1,2,1,1,3,-26.75568818,-50.32812388,SPRF-SC,DEL06-SC,UOP02-DEL06-SC,2020
"317898,0",2020-10-30,sexta-feira,01:40:00,SC,101,"117,9",ITAJAI,Falta de Atenção do Pedestre,Atropelamento de Pedestre,Com Vítimas Fatais,Plena Noite,Crescente,Chuva,Dupla,Reta,Sim,2,1,0,0,1,0,0,2,-26.88747187,-48.72252969,SPRF-SC,DEL04-SC,UOP04-DEL04-SC,2020
"317923,0",2020-10-20,terça-feira,14:30:00,SC,470,"103,6",APIUNA,Velocidade Incompatível,Colisão frontal,Sem Vítimas,Pleno dia,Crescente,Céu Claro,Simples,Curva,Não,3,0,0,0,2,4,0,6,-27.064796,-49.401424,SPRF-SC,DEL04-SC,UOP02-DEL04-SC,2020
"318020,0",2020-10-30,sexta-feira,15:55:00,SC,470,"77,0",INDAIAL,Não guardar distância de segurança,Colisão traseira,Com Vítimas Feridas,Pleno dia,Crescente,Céu Claro,Simples,Reta,Sim,2,0,1,0,1,0,1,2,-26.940817,-49.29287,SPRF-SC,DEL04-SC,UOP01-DEL04-SC,2020
"318077,0",2020-10-30,sexta-feira,18:50:00,SC,101,"434,3",SOMBRIO,Desobediência às normas de trânsito pelo condutor,Colisão lateral,Com Vítimas Feridas,Plena Noite,Decrescente,Nublado,Múltipla,Reta,Sim,6,0,3,1,1,1,4,3,-29.09815404,-49.63436902,SPRF-SC,DEL02-SC,UOP02-DEL02-SC,2020
"318102,0",2020-10-30,sexta-feira,14:00:00,SC,282,"423,0",VARGEM BONITA,Defeito Mecânico no Veículo,Incêndio,Sem Vítimas,Pleno dia,Decrescente,Céu Claro,Simples,Reta,Não,2,0,0,0,1,2,0,3,-26.99556,-51.752289,SPRF-SC,DEL07-SC,UOP05-DEL07-SC,2020
"318141,0",2020-10-30,sexta-feira,23:20:00,SC,101,"114,0",ITAJAI,Não guardar distância de segurança,Colisão traseira,Com Vítimas Feridas,Plena Noite,Crescente,Nublado,Dupla,Reta,Não,6,0,2,2,2,0,4,3,-26.86868904,-48.73022687,SPRF-SC,DEL04-SC,UOP04-DEL04-SC,2020
"318203,0",2020-10-31,sábado,05:50:00,SC,101,"247,0",PAULO LOPES,Condutor Dormindo,Colisão frontal,Com Vítimas Fatais,Pleno dia,Crescente,Céu Claro,Dupla,Reta,Não,7,1,1,2,2,1,3,4,-27.91824491,-48.65414317,SPRF-SC,DEL02-SC,UOP03-DEL02-SC,2020
"318427,0",2020-10-31,sábado,23:25:00,SC,280,"134,6",RIO NEGRINHO,Desobediência às normas de trânsito pelo condutor,Colisão frontal,Com Vítimas Fatais,Plena Noite,Decrescente,Chuva,Simples,Reta;Aclive,Não,4,1,0,1,0,2,1,3,-26.26901916,-49.58320856,SPRF-SC,DEL06-SC,UOP03-DEL06-SC,2020
"318505,0",2020-11-01,domingo,08:30:00,SC,101,"179,0",BIGUACU,Não guardar distância de segurança,Colisão traseira,Com Vítimas Feridas,Pleno dia,Crescente,Céu Claro,Dupla,Curva,Não,2,0,1,0,1,0,1,2,-27.37281717,-48.63322708,SPRF-SC,DEL01-SC,UOP01-DEL01-SC,2020
"318515,0",2020-11-01,domingo,07:05:00,SC,470,"199,5",PONTE ALTA,Falta de Atenção à Condução,Colisão transversal,Com Vítimas Feridas,Pleno dia,Decrescente,Nevoeiro/Neblina,Simples,Interseção de Vias,Não,2,0,1,0,1,0,1,2,-27.30810426,-50.13400555,SPRF-SC,DEL05-SC,UOP03-DEL05-SC,2020
"318567,0",2020-11-01,domingo,13:25:00,SC,101,"21,2",JOINVILLE,Falta de Atenção à Condução,Colisão com objeto estático,Com Vítimas Feridas,Pleno dia,Crescente,Chuva,Dupla,Reta,Sim,4,0,1,1,1,2,2,4,-26.14793022,-48.90894562,SPRF-SC,DEL03-SC,UOP01-DEL03-SC,2020
"318657,0",2020-11-01,domingo,22:30:00,SC,158,"111,3",CUNHA PORA,Ingestão de Álcool,Colisão frontal,Com Vítimas Fatais,Plena Noite,Decrescente,Céu Claro,Simples,Curva;Declive,Não,3,1,0,0,1,2,0,4,-26.89807564,-53.19077969,SPRF-SC,DEL07-SC,UOP02-DEL07-SC,2020
"318676,0",2020-11-02,segunda-feira,05:00:00,SC,470,"146,5",RIO DO SUL,Condutor Dormindo,Colisão traseira,Sem Vítimas,Amanhecer,Crescente,Nublado,Simples,Reta,Não,2,0,0,0,0,2,0,2,-27.240673,-49.685822,SPRF-SC,DEL04-SC,UOP02-DEL04-SC,2020
"318680,0",2020-11-01,domingo,23:45:00,SC,280,"234,4",CANOINHAS,Ingestão de Álcool,Colisão transversal,Com Vítimas Feridas,Plena Noite,Crescente,Nublado,Simples,Interseção de Vias,Sim,2,0,1,0,1,0,1,2,-26.19160346,-50.40493011,SPRF-SC,DEL06-SC,UOP04-DEL06-SC,2020
"318701,0",2020-11-02,segunda-feira,08:45:00,SC,101,"124,0",ITAJAI,Falta de Atenção à Condução,Colisão lateral,Com Vítimas Feridas,Pleno dia,Crescente,Sol,Dupla,Reta,Não,2,0,1,0,0,1,1,2,-26.94335064,-48.69198648,SPRF-SC,DEL04-SC,UOP04-DEL04-SC,2020
"318746,0",2020-11-02,segunda-feira,15:10:00,SC,470,"69,7",INDAIAL,Falta de Atenção à Condução,Colisão traseira,Com Vítimas Feridas,Pleno dia,Decrescente,Céu Claro,Simples,Reta,Sim,4,0,1,0,3,0,1,3,-26.883745,-49.246704,SPRF-SC,DEL04-SC,UOP01-DEL04-SC,2020
"318850,0",2020-11-02,segunda-feira,21:25:00,SC,101,"25,0",JOINVILLE,Desobediência às normas de trânsito pelo condutor,Colisão transversal,Com Vítimas Feridas,Plena Noite,Crescente,Céu Claro,Dupla,Reta,Não,5,0,1,0,3,3,1,5,-26.1834739,-48.9105912,SPRF-SC,DEL03-SC,UOP01-DEL03-SC,2020
"318873,0",2020-11-03,terça-feira,01:50:00,SC,101,"59,1",ARAQUARI,Defeito Mecânico no Veículo,Incêndio,Sem Vítimas,Plena Noite,Crescente,Nublado,Dupla,Reta,Não,2,0,0,0,1,1,0,2,-26.44651734,-48.79426826,SPRF-SC,DEL03-SC,UOP02-DEL03-SC,2020
"318914,0",2020-11-02,segunda-feira,23:50:00,SC,282,"410,0",CATANDUVAS,Não guardar distância de segurança,Atropelamento de Pedestre,Com Vítimas Fatais,Plena Noite,Decrescente,Céu Claro,Simples,Reta;Aclive,Sim,6,1,0,0,1,5,0,4,-27.061399,-51.671875,SPRF-SC,DEL07-SC,UOP05-DEL07-SC,2020
"318925,0",2020-11-03,terça-feira,07:50:00,SC,280,"52,4",GUARAMIRIM,Falta de Atenção à Condução,Colisão lateral,Com Vítimas Feridas,Pleno dia,Crescente,Nublado,Simples,Reta,Não,3,0,1,0,2,0,1,2,-26.47238818,-48.97403598,SPRF-SC,DEL03-SC,UOP03-DEL03-SC,2020
"318966,0",2020-11-03,terça-feira,08:45:00,SC,153,"7,7",AGUA DOCE,Condutor Dormindo,Saída de leito carroçável,Com Vítimas Fatais,Pleno dia,Crescente,Céu Claro,Simples,Reta,Não,2,1,0,0,0,1,0,2,-26.652559,-51.528454,SPRF-SC,DEL07-SC,UOP05-DEL07-SC,2020
"318977,0",2020-11-03,terça-feira,14:50:00,SC,280,"253,0",CANOINHAS,Falta de Atenção à Condução,Colisão traseira,Sem Vítimas,Pleno dia,Decrescente,Chuva,Simples,Reta,Não,2,0,0,0,2,0,0,2,-26.26572045,-50.56913793,SPRF-SC,DEL06-SC,UOP04-DEL06-SC,2020
"319000,0",2020-11-03,terça-feira,17:05:00,SC,101,"413,8",ARARANGUA,Falta de Atenção à Condução,Colisão com objeto estático,Com Vítimas Feridas,Pleno dia,Decrescente,Nublado,Dupla,Reta,Não,7,0,5,0,2,0,5,2,-28.95790231,-49.52534795,SPRF-SC,DEL02-SC,UOP02-DEL02-SC,2020
"319009,0",2020-11-03,terça-feira,14:30:00,SC,116,"180,7",SAO CRISTOVAO DO SUL,Carga excessiva e/ou mal acondicionada,Derramamento de carga,Sem Vítimas,Pleno dia,Decrescente,Sol,Simples,Curva,Não,2,0,0,0,1,1,0,2,-27.27041426,-50.44097161,SPRF-SC,DEL05-SC,UOP03-DEL05-SC,2020
"319026,0",2020-11-03,terça-feira,19:00:00,SC,101,"117,4",ITAJAI,Falta de Atenção à Condução,Engavetamento,Sem Vítimas,Plena Noite,Crescente,Chuva,Dupla,Viaduto,Não,5,0,0,0,4,1,0,5,-26.88747187,-48.72252969,SPRF-SC,DEL04-SC,UOP04-DEL04-SC,2020
"319044,0",2020-11-03,terça-feira,17:10:00,SC,480,"126,7",CHAPECO,Avarias e/ou desgaste excessivo no pneu,Colisão lateral,Com Vítimas Feridas,Pleno dia,Crescente,Sol,Dupla,Reta,Não,6,0,3,0,2,1,3,5,-27.02617727,-52.6342535,SPRF-SC,DEL07-SC,UOP01-DEL07-SC,2020
"319056,0",2020-11-03,terça-feira,16:50:00,SC,282,"189,0",BOCAINA DO SUL,Pista Escorregadia,Colisão traseira,Sem Vítimas,Pleno dia,Decrescente,Granizo,Simples,Declive,Não,3,0,0,0,2,1,0,3,-27.7374,-50.026859,SPRF-SC,DEL05-SC,UOP01-DEL05-SC,2020
"319129,0",2020-11-04,quarta-feira,15:50:00,SC,101,"31,8",JOINVILLE,Desobediência às normas de trânsito pelo condutor,Saída de leito carroçável,Com Vítimas Feridas,Pleno dia,Decrescente,Nublado,Dupla,Interseção de Vias,Não,2,0,1,1,0,0,2,1,-26.22195899,-48.91634925,SPRF-SC,DEL03-SC,UOP01-DEL03-SC,2020
"319130,0",2020-11-04,quarta-feira,14:20:00,SC,282,"114,5",ALFREDO WAGNER,Não guardar distância de segurança,Colisão traseira,Com Vítimas Feridas,Pleno dia,Crescente,Nublado,Simples,Reta,Não,3,0,1,0,1,2,1,4,-27.748552,-49.388176,SPRF-SC,DEL01-SC,UOP03-DEL01-SC,2020
"319177,0",2020-11-04,quarta-feira,18:50:00,SC,101,"121,0",ITAJAI,Falta de Atenção à Condução,Engavetamento,Com Vítimas Fatais,Plena Noite,Decrescente,Nublado,Múltipla,Reta,Sim,4,1,0,0,2,4,0,7,-26.92719244,-48.7058419,SPRF-SC,DEL04-SC,UOP04-DEL04-SC,2020
"319206,0",2020-11-04,quarta-feira,22:00:00,SC,101,"276,6",IMBITUBA,Desobediência às normas de trânsito pelo condutor,Colisão traseira,Com Vítimas Feridas,Plena Noite,Decrescente,Céu Claro,Dupla,Reta,Sim,4,0,0,1,1,3,1,5,-28.07699803,-48.71234311,SPRF-SC,DEL02-SC,UOP03-DEL02-SC,2020
"319275,0",2020-11-05,quinta-feira,11:10:00,SC,470,"86,0",RODEIO,Falta de Atenção à Condução,Colisão transversal,Com Vítimas Feridas,Pleno dia,Crescente,Sol,Simples,Interseção de Vias,Sim,2,0,1,0,1,0,1,2,-26.9495786,-49.35925484,SPRF-SC,DEL04-SC,UOP01-DEL04-SC,2020
"319309,0",2020-11-05,quinta-feira,09:40:00,SC,282,"222,8",LAGES,Falta de Atenção à Condução,Colisão transversal,Com Vítimas Feridas,Pleno dia,Crescente,Céu Claro,Simples,Curva;Aclive,Sim,2,0,1,0,1,0,1,2,-27.79995844,-50.36130667,SPRF-SC,DEL05-SC,UOP01-DEL05-SC,2020
"319326,0",2020-11-05,quinta-feira,15:30:00,SC,101,"100,8",BALNEARIO PICARRAS,Falta de Atenção à Condução,Colisão transversal,Com Vítimas Feridas,Pleno dia,Crescente,Céu Claro,Simples,Interseção de Vias,Sim,3,0,1,0,1,1,1,3,-26.75482787,-48.68993675,SPRF-SC,DEL03-SC,UOP02-DEL03-SC,2020
"319339,0",2020-11-05,quinta-feira,15:00:00,SC,101,"17,6",JOINVILLE,Falta de Atenção à Condução,Colisão lateral,Sem Vítimas,Pleno dia,Decrescente,Sol,Dupla,Reta,Não,2,0,0,0,2,0,0,2,-26.12141519,-48.88262078,SPRF-SC,DEL03-SC,UOP01-DEL03-SC,2020
"319433,0",2020-11-05,quinta-feira,18:50:00,SC,280,"127,8",RIO NEGRINHO,Desobediência às normas de trânsito pelo condutor,Colisão com objeto estático,Sem Vítimas,Anoitecer,Crescente,Céu Claro,Simples,Interseção de Vias,Sim,1,0,0,0,1,0,0,1,-26.23943953,-49.50420708,SPRF-SC,DEL06-SC,UOP03-DEL06-SC,2020
"319441,0",2020-11-06,sexta-feira,05:15:00,SC,101,"298,0",IMBITUBA,Falta de Atenção à Condução,Colisão traseira,Com Vítimas Feridas,Amanhecer,Decrescente,Céu Claro,Dupla,Reta,Sim,2,0,1,0,0,1,1,2,-28.32102597,-48.72829906,SPRF-SC,DEL02-SC,UOP03-DEL02-SC,2020
"319455,0",2020-10-20,terça-feira,12:10:00,SC,101,"124,8",ITAJAI,Falta de Atenção à Condução,Atropelamento de Pedestre,Com Vítimas Fatais,Pleno dia,Decrescente,Céu Claro,Dupla,Em Obras;Reta,Não,3,1,0,0,1,3,0,5,-26.946926,-48.685016,SPRF-SC,DEL04-SC,UOP04-DEL04-SC,2020
"319480,0",2020-11-06,sexta-feira,12:00:00,SC,282,"313,9",VARGEM,Falta de Atenção à Condução,Colisão lateral,Sem Vítimas,Pleno dia,Crescente,Céu Claro,Simples,Reta,Não,2,0,0,0,2,0,0,2,-27.458467,-50.990166,SPRF-SC,DEL07-SC,UOP06-DEL07-SC,2020
"319484,0",2020-10-17,sábado,23:45:00,SC,282,"526,0",XAXIM,Ingestão de Álcool,Colisão com objeto estático,Com Vítimas Fatais,Plena Noite,Crescente,Céu Claro,Simples,Curva,Não,5,1,1,0,2,1,1,4,-26.969427,-52.57497,SPRF-SC,DEL07-SC,UOP01-DEL07-SC,2020
"319496,0",2020-11-06,sexta-feira,09:10:00,SC,101,"440,0",SANTA ROSA DO SUL,Desobediência às normas de trânsito pelo condutor,Colisão lateral,Sem Vítimas,Pleno dia,Decrescente,Sol,Múltipla,Reta,Não,2,0,0,0,2,0,0,2,-29.12420083,-49.66719602,SPRF-SC,DEL02-SC,UOP02-DEL02-SC,2020
"319503,0",2020-11-06,sexta-feira,14:05:00,SC,282,"180,4",BOCAINA DO SUL,Falta de Atenção à Condução,Colisão transversal,Com Vítimas Feridas,Pleno dia,Decrescente,Céu Claro,Simples,Reta,Não,3,0,0,1,1,2,1,4,-27.742239,-49.939873,SPRF-SC,DEL05-SC,UOP01-DEL05-SC,2020
"319539,0",2020-11-06,sexta-feira,16:30:00,SC,470,"10,3",NAVEGANTES,Falta de Atenção à Condução,Colisão traseira,Com Vítimas Fatais,Pleno dia,Decrescente,Céu Claro,Simples,Reta,Não,5,2,0,0,2,1,0,5,-26.833693,-48.73724,SPRF-SC,DEL04-SC,UOP04-DEL04-SC,2020
"319550,0",2020-11-06,sexta-feira,16:00:00,SC,101,"336,2",TUBARAO,Falta de Atenção à Condução,Colisão traseira,Com Vítimas Feridas,Pleno dia,Decrescente,Céu Claro,Dupla,Aclive,Sim,2,0,0,1,1,0,1,2,-28.47311347,-49.02437375,SPRF-SC,DEL02-SC,UOP01-DEL02-SC,2020
"319562,0",2020-11-06,sexta-feira,20:50:00,SC,101,"121,2",ITAJAI,Falta de Atenção à Condução,Colisão traseira,Com Vítimas Feridas,Plena Noite,Decrescente,Céu Claro,Dupla,Reta,Sim,7,0,4,0,2,2,4,5,-26.92103178,-48.70856446,SPRF-SC,DEL04-SC,UOP04-DEL04-SC,2020
"319583,0",2020-11-07,sábado,00:01:00,SC,101,"185,0",BIGUACU,Desobediência às normas de trânsito pelo condutor,Colisão lateral,Sem Vítimas,Plena Noite,Crescente,Garoa/Chuvisco,Dupla,Reta,Sim,4,0,0,0,2,2,0,4,-27.42536698,-48.62465876,SPRF-SC,DEL01-SC,UOP01-DEL01-SC,2020
"319631,0",2020-11-07,sábado,06:55:00,SC,153,"100,3",CONCORDIA,Falta de Atenção à Condução,Colisão transversal,Com Vítimas Feridas,Pleno dia,Decrescente,Céu Claro,Simples,Reta,Sim,3,0,1,0,1,1,1,3,-27.242643,-51.95171,SPRF-SC,DEL07-SC,UOP04-DEL07-SC,2020
"319640,0",2020-11-07,sábado,08:40:00,SC,101,"165,0",TIJUCAS,Falta de Atenção à Condução,Colisão lateral,Com Vítimas Feridas,Pleno dia,Crescente,Céu Claro,Dupla,Aclive;Reta,Não,3,0,1,0,1,1,1,3,-27.252663,-48.63154894,SPRF-SC,DEL04-SC,UOP03-DEL04-SC,2020
"319747,0",2020-11-07,sábado,14:15:00,SC,282,"511,0",XANXERE,Falta de Atenção à Condução,Saída de leito carroçável,Com Vítimas Feridas,Pleno dia,Decrescente,Sol,Simples,Reta,Não,2,0,1,0,0,1,1,2,-26.90536631,-52.46435165,SPRF-SC,DEL07-SC,UOP01-DEL07-SC,2020
"319754,0",2020-11-07,sábado,07:00:00,SC,282,"541,9",CHAPECO,Condutor Dormindo,Colisão lateral,Com Vítimas Feridas,Pleno dia,Decrescente,Sol,Simples,Reta,Não,5,0,2,2,1,0,4,2,-26.997713,-52.699165,SPRF-SC,DEL07-SC,UOP01-DEL07-SC,2020
"319776,0",2020-11-07,sábado,21:00:00,SC,101,"211,0",PALHOCA,Falta de Atenção à Condução,Colisão lateral,Sem Vítimas,Plena Noite,Crescente,Nublado,Múltipla,Reta,Sim,2,0,0,0,1,1,0,2,-27.62329313,-48.65245588,SPRF-SC,DEL01-SC,UOP02-DEL01-SC,2020
"319783,0",2020-11-07,sábado,21:35:00,SC,116,"199,3",PONTE ALTA,Falta de Atenção do Pedestre,Atropelamento de Pedestre,Com Vítimas Feridas,Plena Noite,Crescente,Céu Claro,Simples,Curva,Não,2,0,0,1,1,0,1,2,-27.42102791,-50.41128862,SPRF-SC,DEL05-SC,UOP03-DEL05-SC,2020
"319815,0",2020-11-07,sábado,22:00:00,SC,116,"41,7",ITAIOPOLIS,Desobediência às normas de trânsito pelo condutor,Colisão frontal,Com Vítimas Feridas,Plena Noite,Crescente,Nublado,Simples,Declive;Reta,Não,3,0,1,0,2,0,1,3,-26.33864857,-50.06232096,SPRF-SC,DEL06-SC,UOP01-DEL06-SC,2020
"319849,0",2020-11-07,sábado,23:01:00,SC,101,"28,0",JOINVILLE,Falta de Atenção à Condução,Engavetamento,Com Vítimas Feridas,Plena Noite,Crescente,Céu Claro,Dupla,Reta,Não,3,0,1,0,2,0,1,3,-26.20697505,-48.91482635,SPRF-SC,DEL03-SC,UOP01-DEL03-SC,2020
"319881,0",2020-11-08,domingo,04:40:00,SC,101,"112,4",ITAJAI,Falta de Atenção à Condução,Colisão traseira,Com Vítimas Feridas,Plena Noite,Crescente,Nublado,Múltipla,Reta,Sim,3,0,0,1,1,1,1,3,-26.848614,-48.724373,SPRF-SC,DEL04-SC,UOP04-DEL04-SC,2020
"320054,0",2020-11-08,domingo,17:30:00,SC,282,"406,3",CATANDUVAS,Falta de Atenção à Condução,Colisão frontal,Com Vítimas Feridas,Pleno dia,Decrescente,Sol,Simples,Reta,Não,3,0,0,1,1,1,1,3,-27.092703,-51.659904,SPRF-SC,DEL07-SC,UOP05-DEL07-SC,2020
"320131,0",2020-11-09,segunda-feira,03:15:00,SC,101,"258,2",PAULO LOPES,Defeito Mecânico no Veículo,Incêndio,Sem Vítimas,Plena Noite,Crescente,Garoa/Chuvisco,Dupla,Reta,Não,2,0,0,0,1,1,0,2,-28.00482282,-48.69190437,SPRF-SC,DEL02-SC,UOP03-DEL02-SC,2020
"320136,0",2020-11-09,segunda-feira,04:40:00,SC,101,"379,0",ICARA,Ingestão de Álcool,Colisão traseira,Com Vítimas Feridas,Amanhecer,Crescente,Nublado,Dupla,Reta,Sim,2,0,1,0,1,0,1,2,-28.74651646,-49.2599038,SPRF-SC,DEL02-SC,UOP02-DEL02-SC,2020
"320226,0",2020-11-09,segunda-feira,13:20:00,SC,470,"128,8",LONTRAS,Pista Escorregadia,Tombamento,Com Vítimas Feridas,Pleno dia,Crescente,Chuva,Simples,Curva,Não,2,0,1,0,0,1,1,2,-27.143742,-49.548897,SPRF-SC,DEL04-SC,UOP02-DEL04-SC,2020
"320246,0",2020-11-09,segunda-feira,12:00:00,SC,101,"134,0",BALNEARIO CAMBORIU,Não guardar distância de segurança,Colisão lateral,Com Vítimas Feridas,Pleno dia,Crescente,Garoa/Chuvisco,Múltipla,Reta,Não,2,0,1,0,1,0,1,2,-27.00218,-48.636433,SPRF-SC,DEL04-SC,UOP03-DEL04-SC,2020
"320340,0",2020-11-09,segunda-feira,20:15:00,SC,101,"3,6",GARUVA,Ingestão de Álcool,Tombamento,Com Vítimas Feridas,Plena Noite,Decrescente,Chuva,Dupla,Curva,Sim,2,0,1,0,0,1,1,2,-26.00380807,-48.87233005,SPRF-SC,DEL03-SC,UOP01-DEL03-SC,2020
"320502,0",2020-11-10,terça-feira,21:00:00,SC,101,"123,0",ITAJAI,Falta de Atenção à Condução,Colisão lateral,Com Vítimas Feridas,Plena Noite,Decrescente,Chuva,Dupla,Interseção de Vias,Sim,2,0,0,1,0,1,1,2,-26.93668609,-48.69876905,SPRF-SC,DEL04-SC,UOP04-DEL04-SC,2020
"320505,0",2020-11-10,terça-feira,14:45:00,SC,282,"633,7",DESCANSO,Velocidade Incompatível,Tombamento,Com Vítimas Feridas,Pleno dia,Decrescente,Céu Claro,Simples,Em Obras;Curva,Não,2,0,1,0,0,1,1,2,-26.824224,-53.412407,SPRF-SC,DEL07-SC,UOP03-DEL07-SC,2020
"320523,0",2020-11-10,terça-feira,23:15:00,SC,101,"416,0",ARARANGUA,Não guardar distância de segurança,Colisão traseira,Com Vítimas Feridas,Plena Noite,Decrescente,Nublado,Dupla,Reta,Sim,2,0,1,0,1,0,1,2,-28.96708874,-49.52338825,SPRF-SC,DEL02-SC,UOP02-DEL02-SC,2020
"320605,0",2020-11-11,quarta-feira,10:30:00,SC,101,"203,0",SAO JOSE,Desobediência às normas de trânsito pelo condutor,Colisão transversal,Com Vítimas Feridas,Pleno dia,Crescente,Céu Claro,Múltipla,Interseção de Vias,Sim,2,0,1,0,1,0,1,2,-27.5650044,-48.61460082,SPRF-SC,DEL01-SC,UOP01-DEL01-SC,2020
"320656,0",2020-11-11,quarta-feira,13:00:00,SC,280,"100,1",SAO BENTO DO SUL,Velocidade Incompatível,Colisão frontal,Com Vítimas Feridas,Pleno dia,Crescente,Chuva,Simples,Curva,Não,3,0,2,0,1,0,2,2,-26.36487989,-49.33608055,SPRF-SC,DEL06-SC,UOP03-DEL06-SC,2020
"320675,0",2020-11-11,quarta-feira,09:00:00,SC,282,"275,3",SAO JOSE DO CERRITO,Velocidade Incompatível,Colisão frontal,Com Vítimas Fatais,Pleno dia,Decrescente,Chuva,Simples,Curva;Declive,Não,6,1,0,2,1,2,2,4,-27.606421,-50.720207,SPRF-SC,DEL05-SC,UOP02-DEL05-SC,2020
"320687,0",2020-11-11,quarta-feira,18:00:00,SC,470,"185,0",POUSO REDONDO,Velocidade Incompatível,Tombamento,Com Vítimas Feridas,Pleno dia,Decrescente,Céu Claro,Simples,Curva,Não,3,0,1,1,0,1,2,2,-27.254034,-50.036575,SPRF-SC,DEL04-SC,UOP02-DEL04-SC,2020
"320694,0",2020-11-11,quarta-feira,17:20:00,SC,101,"341,4",TUBARAO,Falta de Atenção à Condução,Colisão frontal,Com Vítimas Feridas,Pleno dia,Crescente,Céu Claro,Simples,Interseção de Vias,Sim,3,0,0,1,1,1,1,3,-28.52751791,-49.05585408,SPRF-SC,DEL02-SC,UOP01-DEL02-SC,2020
"320720,0",2020-11-11,quarta-feira,18:05:00,SC,153,"100,0",CONCORDIA,Não guardar distância de segurança,Colisão traseira,Com Vítimas Feridas,Plena Noite,Decrescente,Nublado,Simples,Reta,Sim,3,0,2,0,1,0,2,2,-27.242643,-51.95171,SPRF-SC,DEL07-SC,UOP04-DEL07-SC,2020
"320740,0",2020-11-11,quarta-feira,21:40:00,SC,158,"100,7",CUNHA PORA,Falta de Atenção à Condução,Colisão transversal,Com Vítimas Feridas,Plena Noite,Decrescente,Céu Claro,Simples,Reta,Não,3,0,2,0,1,0,2,2,-26.82899985,-53.18089264,SPRF-SC,DEL07-SC,UOP02-DEL07-SC,2020
"320815,0",2020-11-12,quinta-feira,08:40:00,SC,101,"164,0",TIJUCAS,Falta de Atenção à Condução,Colisão traseira,Com Vítimas Feridas,Pleno dia,Crescente,Nublado,Múltipla,Viaduto,Sim,2,0,2,0,0,0,2,2,-27.243868,-48.6309,SPRF-SC,DEL04-SC,UOP03-DEL04-SC,2020