id,data_inversa,dia_semana,horario,uf,br,km,municipio,causa_acidente,tipo_acidente,classificacao_acidente,fase_dia,sentido_via,condicao_metereologica,tipo_pista,tracado_via,uso_solo,pessoas,mortos,feridos_leves,feridos_graves,ilesos,ignorados,feridos,veiculos,latitude,longitude,regional,delegacia,uop,ano_arquivo
"320858,0",2020-11-12,quinta-feira,16:15:00,SC,101,"211,0",PALHOCA,Carga excessiva e/ou mal acondicionada,Derramamento de carga,Sem Vítimas,Pleno dia,Crescente,Nublado,Múltipla,Reta,Sim,1,0,0,0,1,0,0,1,-27.62329313,-48.65245588,SPRF-SC,DEL01-SC,UOP02-DEL01-SC,2020
"320871,0",2020-11-12,quinta-feira,16:30:00,SC,101,"388,2",ICARA,Não guardar distância de segurança,Colisão traseira,Com Vítimas Feridas,Pleno dia,Decrescente,Garoa/Chuvisco,Dupla,Reta,Não,4,0,1,0,2,2,1,5,-28.78529329,-49.33739925,SPRF-SC,DEL02-SC,UOP02-DEL02-SC,2020
"320879,0",2020-11-12,quinta-feira,11:50:00,SC,153,"57,8",VARGEM BONITA,Falta de Atenção à Condução,Tombamento,Com Vítimas Feridas,Pleno dia,Decrescente,Céu Claro,Simples,Curva,Não,2,0,1,0,0,1,1,2,-26.956831,-51.836189,SPRF-SC,DEL07-SC,UOP05-DEL07-SC,2020
"320936,0",2020-11-13,sexta-feira,00:01:00,SC,470,"180,0",POUSO REDONDO,Falta de Atenção à Condução,Colisão frontal,Sem Vítimas,Plena Noite,Crescente,Céu Claro,Simples,Reta,Não,2,0,0,0,2,0,0,2,-27.25028983,-49.99023914,SPRF-SC,DEL04-SC,UOP02-DEL04-SC,2020
"320995,0",2020-10-26,segunda-feira,14:15:00,SC,101,"44,7",JOINVILLE,Falta de Atenção à Condução,Colisão frontal,Com Vítimas Feridas,Pleno dia,Decrescente,Céu Claro,Simples,Viaduto,Sim,2,0,1,0,1,0,1,2,-26.34880606,-48.85723114,SPRF-SC,DEL03-SC,UOP01-DEL03-SC,2020
"321067,0",2020-11-13,sexta-feira,13:40:00,SC,116,"204,4",PONTE ALTA,Defeito Mecânico no Veículo,Saída de leito carroçável,Com Vítimas Feridas,Pleno dia,Decrescente,Céu Claro,Simples,Curva,Não,2,0,2,0,0,0,2,1,-27.45772582,-50.39132057,SPRF-SC,DEL05-SC,UOP03-DEL05-SC,2020
"321145,0",2020-11-13,sexta-feira,18:45:00,SC,101,"123,0",ITAJAI,Falta de Atenção à Condução,Colisão lateral,Com Vítimas Feridas,Plena Noite,Crescente,Céu Claro,Simples,Interseção de Vias,Sim,3,0,0,1,0,2,1,3,-26.93668609,-48.69876905,SPRF-SC,DEL04-SC,UOP04-DEL04-SC,2020
"321236,0",2020-11-13,sexta-feira,22:17:00,SC,101,"165,8",TIJUCAS,Ingestão de Álcool,Derramamento de carga,Sem Vítimas,Plena Noite,Crescente,Nublado,Dupla,Reta,Não,2,0,0,0,1,1,0,2,-27.252663,-48.63154894,SPRF-SC,DEL04-SC,UOP03-DEL04-SC,2020
"321256,0",2020-11-14,sábado,04:40:00,SC,470,"62,9",INDAIAL,Ingestão de Álcool,Colisão lateral,Com Vítimas Feridas,Amanhecer,Crescente,Céu Claro,Simples,Reta,Sim,3,0,1,0,1,1,1,3,-26.874521,-49.182938,SPRF-SC,DEL04-SC,UOP01-DEL04-SC,2020
"321278,0",2020-11-14,sábado,06:00:00,SC,280,"131,0",RIO NEGRINHO,Desobediência às normas de trânsito pelo condutor,Colisão frontal,Com Vítimas Fatais,Pleno dia,Decrescente,Céu Claro,Simples,Curva,Sim,2,1,0,0,1,0,0,2,-26.266402,-49.55147,SPRF-SC,DEL06-SC,UOP03-DEL06-SC,2020
"321318,0",2020-11-14,sábado,09:50:00,SC,282,"182,1",BOCAINA DO SUL,Carga excessiva e/ou mal acondicionada,Colisão frontal,Com Vítimas Fatais,Pleno dia,Crescente,Céu Claro,Simples,Reta,Não,8,2,0,3,1,2,3,5,-27.73584527,-49.95696902,SPRF-SC,DEL05-SC,UOP01-DEL05-SC,2020
"321417,0",2020-11-14,sábado,14:00:00,SC,282,"643,0",SAO MIGUEL DO OESTE,Defeito Mecânico no Veículo,Saída de leito carroçável,Com Vítimas Feridas,Pleno dia,Crescente,Sol,Simples,Reta,Sim,1,0,1,0,0,0,1,1,-26.768974,-53.469772,SPRF-SC,DEL07-SC,UOP03-DEL07-SC,2020
"321500,0",2020-11-14,sábado,21:35:00,SC,101,"241,9",PALHOCA,Ingestão de Álcool,Colisão lateral,Sem Vítimas,Plena Noite,Decrescente,Céu Claro,Dupla,Reta,Não,3,0,0,0,1,3,0,4,-27.87878186,-48.64701033,SPRF-SC,DEL01-SC,UOP02-DEL01-SC,2020
"321529,0",2020-11-15,domingo,05:50:00,SC,470,"193,0",POUSO REDONDO,Defeito Mecânico no Veículo,Tombamento,Com Vítimas Feridas,Amanhecer,Decrescente,Nevoeiro/Neblina,Simples,Curva,Não,2,0,1,0,0,1,1,2,-27.300575,-50.075451,SPRF-SC,DEL04-SC,UOP02-DEL04-SC,2020
"321661,0",2020-11-15,domingo,18:40:00,SC,101,"132,7",BALNEARIO CAMBORIU,Desobediência às normas de trânsito pelo pedestre,Atropelamento de Pedestre,Com Vítimas Feridas,Plena Noite,Crescente,Chuva,Múltipla,Reta,Sim,2,0,0,1,1,0,1,2,-26.99654133,-48.65564711,SPRF-SC,DEL04-SC,UOP03-DEL04-SC,2020
"321697,0",2020-11-15,domingo,10:35:00,SC,116,"135,0",SANTA CECILIA,Velocidade Incompatível,Tombamento,Com Vítimas Feridas,Pleno dia,Decrescente,Céu Claro,Simples,Curva;Declive,Não,2,0,1,0,0,1,1,2,-26.92904296,-50.4345818,SPRF-SC,DEL06-SC,UOP02-DEL06-SC,2020
"321700,0",2020-11-15,domingo,20:35:00,SC,116,"169,8",PONTE ALTA DO NORTE,Ultrapassagem Indevida,Colisão frontal,Com Vítimas Feridas,Plena Noite,Decrescente,Nublado,Simples,Curva,Não,6,0,1,1,3,1,2,5,-27.18614796,-50.46482181,SPRF-SC,DEL05-SC,UOP03-DEL05-SC,2020
"321902,0",2020-11-16,segunda-feira,18:00:00,SC,280,"73,5",JARAGUA DO SUL,Defeito Mecânico no Veículo,Tombamento,Sem Vítimas,Pleno dia,Crescente,Céu Claro,Simples,Rotatória;Curva,Sim,2,0,0,0,1,1,0,2,-26.458783,-49.160507,SPRF-SC,DEL03-SC,UOP03-DEL03-SC,2020
"321945,0",2020-11-16,segunda-feira,13:10:00,SC,101,"105,0",PENHA,Falta de Atenção à Condução,Colisão lateral,Sem Vítimas,Pleno dia,Decrescente,Sol,Múltipla,Curva,Sim,3,0,0,0,2,1,0,3,-26.80215497,-48.67891041,SPRF-SC,DEL03-SC,UOP02-DEL03-SC,2020
"321982,0",2020-11-17,terça-feira,09:05:00,SC,101,"47,7",JOINVILLE,Falta de Atenção à Condução,Colisão lateral,Com Vítimas Feridas,Pleno dia,Crescente,Nublado,Dupla,Reta,Sim,2,0,1,0,1,0,1,2,-26.34234997,-48.85840089,SPRF-SC,DEL03-SC,UOP01-DEL03-SC,2020
"322095,0",2020-11-17,terça-feira,21:15:00,SC,101,"83,0",BARRA VELHA,Condutor Dormindo,Colisão com objeto estático,Sem Vítimas,Plena Noite,Decrescente,Nublado,Dupla,Viaduto,Sim,2,0,0,0,1,2,0,3,-26.61865655,-48.71834126,SPRF-SC,DEL03-SC,UOP02-DEL03-SC,2020
"322119,0",2020-11-18,quarta-feira,03:25:00,SC,101,"89,4",BARRA VELHA,Não guardar distância de segurança,Colisão traseira,Com Vítimas Fatais,Plena Noite,Decrescente,Nublado,Dupla,Reta,Não,6,1,1,1,2,1,2,3,-26.65175997,-48.68721921,SPRF-SC,DEL03-SC,UOP02-DEL03-SC,2020
"322137,0",2020-11-18,quarta-feira,03:20:00,SC,101,"349,0",JAGUARUNA,Ingestão de Álcool,Colisão lateral,Sem Vítimas,Plena Noite,Decrescente,Céu Claro,Dupla,Reta,Sim,3,0,0,0,2,2,0,4,-28.59205835,-49.04502869,SPRF-SC,DEL02-SC,UOP01-DEL02-SC,2020
"322144,0",2020-11-18,quarta-feira,05:35:00,SC,101,"258,2",PAULO LOPES,Falta de Atenção à Condução,Colisão traseira,Com Vítimas Feridas,Amanhecer,Crescente,Céu Claro,Dupla,Túnel;Curva,Não,2,0,1,0,0,1,1,2,-28.00179048,-48.69338036,SPRF-SC,DEL02-SC,UOP03-DEL02-SC,2020
"322148,0",2020-11-18,quarta-feira,07:40:00,SC,470,"257,4",CURITIBANOS,Condutor Dormindo,Saída de leito carroçável,Com Vítimas Feridas,Pleno dia,Decrescente,Nublado,Simples,Reta,Não,2,0,2,0,0,0,2,1,-27.308815,-50.641468,SPRF-SC,DEL05-SC,UOP03-DEL05-SC,2020
"322231,0",2020-11-18,quarta-feira,16:12:00,SC,163,"72,5",SAO MIGUEL DO OESTE,Ingestão de Álcool,Colisão traseira,Com Vítimas Feridas,Pleno dia,Crescente,Nublado,Simples,Curva,Sim,3,0,1,0,2,0,1,3,-26.71908804,-53.5157791,SPRF-SC,DEL07-SC,UOP03-DEL07-SC,2020
"322243,0",2020-11-18,quarta-feira,18:40:00,SC,101,"209,5",SAO JOSE,Não guardar distância de segurança,Colisão lateral,Com Vítimas Feridas,Anoitecer,Decrescente,Chuva,Dupla,Reta,Sim,2,0,1,0,0,1,1,2,-27.61000542,-48.63895057,SPRF-SC,DEL01-SC,UOP01-DEL01-SC,2020
"322246,0",2020-11-18,quarta-feira,13:45:00,SC,116,"53,9",PAPANDUVA,Carga excessiva e/ou mal acondicionada,Tombamento,Sem Vítimas,Pleno dia,Decrescente,Chuva,Simples,Rotatória,Sim,2,0,0,0,1,1,0,2,-26.3932492,-50.15515026,SPRF-SC,DEL06-SC,UOP02-DEL06-SC,2020
"322294,0",2020-11-18,quarta-feira,20:50:00,SC,101,"256,0",PAULO LOPES,Defeito Mecânico no Veículo,Tombamento,Com Vítimas Feridas,Plena Noite,Decrescente,Nublado,Dupla,Curva,Sim,2,0,1,0,0,1,1,2,-27.99905368,-48.68903518,SPRF-SC,DEL02-SC,UOP03-DEL02-SC,2020
"322350,0",2020-11-19,quinta-feira,06:50:00,SC,101,"112,0",ITAJAI,Não guardar distância de segurança,Colisão lateral,Com Vítimas Feridas,Pleno dia,Crescente,Céu Claro,Dupla,Reta,Não,4,0,1,0,2,1,1,4,-26.84589005,-48.72131295,SPRF-SC,DEL04-SC,UOP04-DEL04-SC,2020
"322385,0",2020-11-19,quinta-feira,10:30:00,SC,101,"206,5",SAO JOSE,Falta de Atenção à Condução,Colisão traseira,Com Vítimas Feridas,Pleno dia,Crescente,Nublado,Múltipla,Curva,Sim,3,0,2,0,0,1,2,2,-27.59783642,-48.62069786,SPRF-SC,DEL01-SC,UOP01-DEL01-SC,2020
"322387,0",2020-11-19,quinta-feira,10:15:00,SC,101,"154,9",PORTO BELO,Falta de Atenção à Condução,Saída de leito carroçável,Com Vítimas Feridas,Pleno dia,Crescente,Garoa/Chuvisco,Dupla,Reta,Não,7,0,4,0,3,0,4,1,-27.153819,-48.61086393,SPRF-SC,DEL04-SC,UOP03-DEL04-SC,2020
"322401,0",2020-02-04,terça-feira,01:15:00,SC,101,"370,2",ICARA,Velocidade Incompatível,Colisão traseira,Com Vítimas Fatais,Plena Noite,Crescente,Chuva,Dupla,Reta,Não,2,1,1,0,0,0,1,2,-28.70683082,-49.20604706,SPRF-SC,DEL02-SC,UOP01-DEL02-SC,2020
"322405,0",2020-11-19,quinta-feira,09:30:00,SC,101,"33,7",JOINVILLE,Falta de Atenção à Condução,Saída de leito carroçável,Sem Vítimas,Pleno dia,Decrescente,Chuva,Dupla,Reta,Não,1,0,0,0,1,0,0,1,-26.23200799,-48.91678053,SPRF-SC,DEL03-SC,UOP01-DEL03-SC,2020
"322440,0",2020-11-19,quinta-feira,14:00:00,SC,470,"166,4",POUSO REDONDO,Falta de Atenção à Condução,Colisão lateral,Com Vítimas Feridas,Pleno dia,Decrescente,Céu Claro,Simples,Reta,Não,4,0,1,0,2,1,1,4,-27.275208,-49.855125,SPRF-SC,DEL04-SC,UOP02-DEL04-SC,2020
"322462,0",2020-11-19,quinta-feira,08:40:00,SC,282,"244,0",SAO JOSE DO CERRITO,Velocidade Incompatível,Tombamento,Com Vítimas Fatais,Pleno dia,Decrescente,Sol,Simples,Curva;Declive,Não,3,3,0,0,0,0,0,2,-27.736215,-50.520687,SPRF-SC,DEL05-SC,UOP02-DEL05-SC,2020
"322465,0",2020-11-19,quinta-feira,18:20:00,SC,101,"209,0",SAO JOSE,Falta de Atenção à Condução,Saída de leito carroçável,Com Vítimas Feridas,Anoitecer,Crescente,Nublado,Dupla,Reta,Não,2,0,1,0,0,1,1,2,-27.61000542,-48.63895057,SPRF-SC,DEL01-SC,UOP01-DEL01-SC,2020
"322487,0",2020-11-19,quinta-feira,22:10:00,SC,101,"175,5",GOVERNADOR CELSO RAMOS,Defeito Mecânico no Veículo,Saída de leito carroçável,Com Vítimas Feridas,Plena Noite,Decrescente,Céu Claro,Dupla,Curva,Não,2,0,1,0,0,1,1,2,-27.33963303,-48.62734885,SPRF-SC,DEL01-SC,UOP01-DEL01-SC,2020
"322492,0",2020-11-19,quinta-feira,22:20:00,SC,116,"25,2",ITAIOPOLIS,Falta de Atenção à Condução,Saída de leito carroçável,Com Vítimas Feridas,Plena Noite,Crescente,Nublado,Simples,Aclive,Não,2,0,0,1,0,1,1,2,-26.28051002,-49.92717199,SPRF-SC,DEL06-SC,UOP01-DEL06-SC,2020
"322550,0",2020-11-20,sexta-feira,07:35:00,SC,101,"198,0",BIGUACU,Falta de Atenção à Condução,Colisão traseira,Com Vítimas Feridas,Pleno dia,Crescente,Sol,Dupla,Reta,Sim,7,0,3,0,4,0,3,5,-27.52658712,-48.63506019,SPRF-SC,DEL01-SC,UOP01-DEL01-SC,2020
"322592,0",2020-11-20,sexta-feira,11:00:00,SC,101,"153,0",PORTO BELO,Falta de Atenção à Condução,Colisão lateral,Com Vítimas Feridas,Pleno dia,Decrescente,Céu Claro,Simples,Reta,Sim,2,0,0,1,1,0,1,2,-27.144717,-48.61063935,SPRF-SC,DEL04-SC,UOP03-DEL04-SC,2020
"322650,0",2020-11-20,sexta-feira,15:20:00,SC,101,"304,2",LAGUNA,Desobediência às normas de trânsito pelo condutor,Colisão transversal,Com Vítimas Feridas,Pleno dia,Crescente,Céu Claro,Múltipla,Interseção de Vias,Sim,2,0,1,0,1,0,1,2,-28.389515,-48.776218,SPRF-SC,DEL02-SC,UOP03-DEL02-SC,2020
"322655,0",2020-11-20,sexta-feira,17:35:00,SC,282,"21,0",PALHOCA,Desobediência às normas de trânsito pelo condutor,Colisão lateral,Sem Vítimas,Pleno dia,Crescente,Garoa/Chuvisco,Simples,Reta,Sim,2,0,0,0,2,0,0,2,-27.68907,-48.717541,SPRF-SC,DEL01-SC,UOP02-DEL01-SC,2020
"322657,0",2020-11-20,sexta-feira,13:06:00,SC,101,"101,9",BALNEARIO PICARRAS,Falta de Atenção à Condução,Engavetamento,Com Vítimas Feridas,Pleno dia,Crescente,Céu Claro,Dupla,Reta,Sim,7,0,2,1,2,2,3,7,-26.774967,-48.685767,SPRF-SC,DEL03-SC,UOP02-DEL03-SC,2020
"322673,0",2020-11-20,sexta-feira,19:15:00,SC,282,"20,1",PALHOCA,Falta de Atenção à Condução,Colisão transversal,Com Vítimas Feridas,Plena Noite,Crescente,Nublado,Simples,Interseção de Vias,Sim,2,0,1,0,1,0,1,2,-27.683958,-48.71006,SPRF-SC,DEL01-SC,UOP02-DEL01-SC,2020
"322693,0",2020-11-20,sexta-feira,16:45:00,SC,282,"487,9",FAXINAL DOS GUEDES,Falta de Atenção à Condução,Colisão transversal,Com Vítimas Feridas,Pleno dia,Crescente,Sol,Simples,Reta,Sim,2,0,1,0,1,0,1,2,-26.85758,-52.263203,SPRF-SC,DEL07-SC,UOP01-DEL07-SC,2020
"322755,0",2020-11-21,sábado,00:50:00,SC,116,"49,0",ITAIOPOLIS,Falta de Atenção à Condução,Colisão frontal,Sem Vítimas,Amanhecer,Decrescente,Nublado,Simples,Reta,Não,2,0,0,0,1,1,0,2,-26.37076692,-50.1256021,SPRF-SC,DEL06-SC,UOP01-DEL06-SC,2020
"322782,0",2020-11-21,sábado,05:30:00,SC,101,"13,3",GARUVA,Ingestão de Álcool,Colisão transversal,Sem Vítimas,Amanhecer,Crescente,Nublado,Dupla,Declive;Reta,Não,2,0,0,0,2,0,0,2,-26.08986803,-48.86345096,SPRF-SC,DEL03-SC,UOP01-DEL03-SC,2020
"322941,0",2020-11-21,sábado,21:30:00,SC,101,"138,0",BALNEARIO CAMBORIU,Falta de Atenção à Condução,Colisão traseira,Com Vítimas Feridas,Plena Noite,Decrescente,Nublado,Múltipla,Reta,Não,3,0,1,0,1,1,1,3,-27.02397426,-48.60761649,SPRF-SC,DEL04-SC,UOP03-DEL04-SC,2020
"323128,0",2020-11-22,domingo,15:15:00,SC,480,"127,6",CHAPECO,Falta de Atenção à Condução,Colisão transversal,Com Vítimas Feridas,Pleno dia,Crescente,Sol,Simples,Reta,Não,3,0,1,1,1,0,2,2,-27.020083,-52.636024,SPRF-SC,DEL07-SC,UOP01-DEL07-SC,2020
"323191,0",2020-11-22,domingo,22:00:00,SC,101,"162,0",TIJUCAS,Falta de Atenção à Condução,Colisão transversal,Com Vítimas Feridas,Plena Noite,Crescente,Céu Claro,Dupla,Reta,Não,2,0,1,0,1,0,1,2,-27.22554009,-48.6279367,SPRF-SC,DEL04-SC,UOP03-DEL04-SC,2020
"323219,0",2020-11-23,segunda-feira,03:40:00,SC,101,"210,4",SAO JOSE,Condutor Dormindo,Tombamento,Com Vítimas Feridas,Plena Noite,Decrescente,Nublado,Múltipla,Reta,Sim,2,0,1,1,0,0,2,1,-27.6167305,-48.6457265,SPRF-SC,DEL01-SC,UOP01-DEL01-SC,2020
"323224,0",2020-11-22,domingo,15:25:00,SC,282,"503,7",XANXERE,Velocidade Incompatível,Tombamento,Com Vítimas Feridas,Pleno dia,Decrescente,Sol,Dupla,Curva,Sim,2,0,1,0,0,1,1,2,-26.88492,-52.399788,SPRF-SC,DEL07-SC,UOP01-DEL07-SC,2020
"323329,0",2020-11-23,segunda-feira,13:50:00,SC,282,"4,7",SAO JOSE,Falta de Atenção à Condução,Colisão traseira,Sem Vítimas,Pleno dia,Crescente,Céu Claro,Dupla,Reta,Sim,3,0,0,0,2,1,0,3,-27.592646,-48.604034,SPRF-SC,DEL01-SC,UOP01-DEL01-SC,2020
"323337,0",2020-11-23,segunda-feira,15:00:00,SC,101,"274,5",IMBITUBA,Falta de Atenção à Condução,Colisão traseira,Sem Vítimas,Pleno dia,Decrescente,Céu Claro,Dupla,Reta,Não,3,0,0,0,2,1,0,3,-28.129852,-48.69322,SPRF-SC,DEL02-SC,UOP03-DEL02-SC,2020
"323381,0",2020-11-23,segunda-feira,17:00:00,SC,280,"231,0",CANOINHAS,Carga excessiva e/ou mal acondicionada,Tombamento,Sem Vítimas,Pleno dia,Crescente,Céu Claro,Simples,Rotatória,Sim,1,0,0,0,1,0,0,1,-26.1893047,-50.37170989,SPRF-SC,DEL06-SC,UOP04-DEL06-SC,2020
"323393,0",2020-11-23,segunda-feira,19:10:00,SC,280,"75,5",JARAGUA DO SUL,Desobediência às normas de trânsito pelo condutor,Colisão frontal,Com Vítimas Fatais,Anoitecer,Crescente,Céu Claro,Simples,Reta,Não,3,1,0,0,1,1,0,3,-26.458391,-49.170483,SPRF-SC,DEL03-SC,UOP03-DEL03-SC,2020
"323404,0",2020-11-23,segunda-feira,18:05:00,SC,101,"57,3",ARAQUARI,Carga excessiva e/ou mal acondicionada,Colisão com objeto estático,Com Vítimas Feridas,Pleno dia,Crescente,Céu Claro,Dupla,Reta,Não,2,0,0,1,1,0,1,2,-26.43757234,-48.80903721,SPRF-SC,DEL03-SC,UOP01-DEL03-SC,2020
"323427,0",2020-11-23,segunda-feira,23:50:00,SC,101,"218,0",PALHOCA,Falta de Atenção à Condução,Colisão lateral,Com Vítimas Feridas,Plena Noite,Crescente,Céu Claro,Múltipla,Reta,Sim,4,0,1,0,2,1,1,3,-27.6758601,-48.67052525,SPRF-SC,DEL01-SC,UOP02-DEL01-SC,2020
"323481,0",2020-11-24,terça-feira,09:00:00,SC,153,"108,3",CONCORDIA,Falta de Atenção à Condução,Tombamento,Com Vítimas Feridas,Pleno dia,Crescente,Céu Claro,Simples,Declive;Curva,Não,2,0,1,0,0,1,1,2,-27.308863,-51.982967,SPRF-SC,DEL07-SC,UOP04-DEL07-SC,2020
"323567,0",2020-11-24,terça-feira,17:40:00,SC,101,"271,7",IMBITUBA,Desobediência às normas de trânsito pelo condutor,Colisão com objeto estático,Com Vítimas Feridas,Pleno dia,Decrescente,Céu Claro,Dupla,Reta,Não,3,0,1,0,2,0,1,2,-28.11952601,-48.69806349,SPRF-SC,DEL02-SC,UOP03-DEL02-SC,2020
"323584,0",2020-11-24,terça-feira,13:40:00,SC,470,"111,0",IBIRAMA,Falta de Atenção à Condução,Saída de leito carroçável,Sem Vítimas,Pleno dia,Decrescente,Céu Claro,Simples,Curva,Não,2,0,0,0,1,2,0,3,-27.095388,-49.457878,SPRF-SC,DEL04-SC,UOP02-DEL04-SC,2020
"323605,0",2020-11-24,terça-feira,22:00:00,SC,101,"5,9",GARUVA,Defeito Mecânico no Veículo,Incêndio,Sem Vítimas,Plena Noite,Decrescente,Nublado,Dupla,Reta;Interseção de Vias,Sim,2,0,0,0,1,1,0,2,-26.01779797,-48.86233322,SPRF-SC,DEL03-SC,UOP01-DEL03-SC,2020
"323651,0",2020-11-25,quarta-feira,08:05:00,SC,101,"260,0",PAULO LOPES,Velocidade Incompatível,Tombamento,Com Vítimas Fatais,Pleno dia,Crescente,Céu Claro,Simples,Declive;Curva,Não,2,1,0,0,0,2,0,3,-28.02209,-48.702483,SPRF-SC,DEL02-SC,UOP03-DEL02-SC,2020
"323654,0",2020-11-25,quarta-feira,08:15:00,SC,101,"136,7",BALNEARIO CAMBORIU,Não guardar distância de segurança,Colisão lateral,Com Vítimas Feridas,Pleno dia,Decrescente,Céu Claro,Dupla,Reta,Sim,3,0,0,1,1,1,1,3,-27.008113,-48.617245,SPRF-SC,DEL04-SC,UOP03-DEL04-SC,2020
"323699,0",2020-11-25,quarta-feira,14:10:00,SC,470,"83,5",RODEIO,Falta de Atenção à Condução,Colisão frontal,Com Vítimas Feridas,Pleno dia,Decrescente,Céu Claro,Simples,Reta,Não,5,0,2,0,2,1,2,3,-26.963474,-49.332661,SPRF-SC,DEL04-SC,UOP01-DEL04-SC,2020
"323916,0",2020-11-26,quinta-feira,17:10:00,SC,101,"205,0",SAO JOSE,Falta de Atenção à Condução,Colisão lateral,Com Vítimas Feridas,Pleno dia,Crescente,Céu Claro,Múltipla,Reta,Sim,3,0,1,0,1,1,1,3,-27.58313237,-48.61532885,SPRF-SC,DEL01-SC,UOP01-DEL01-SC,2020
"323946,0",2020-11-26,quinta-feira,20:00:00,SC,101,"161,5",TIJUCAS,Falta de Atenção à Condução,Colisão traseira,Com Vítimas Feridas,Plena Noite,Decrescente,Nublado,Dupla,Reta,Sim,3,0,0,1,1,2,1,4,-27.21673911,-48.6244238,SPRF-SC,DEL04-SC,UOP03-DEL04-SC,2020
"323987,0",2020-11-26,quinta-feira,23:30:00,SC,101,"107,1",PENHA,Ingestão de Álcool,Colisão lateral,Sem Vítimas,Plena Noite,Crescente,Nublado,Dupla,Curva,Não,3,0,0,0,2,1,0,3,-26.82001117,-48.68445396,SPRF-SC,DEL03-SC,UOP02-DEL03-SC,2020
"324062,0",2020-11-27,sexta-feira,11:50:00,SC,280,"125,3",RIO NEGRINHO,Falta de Atenção à Condução,Colisão lateral,Com Vítimas Feridas,Pleno dia,Crescente,Chuva,Simples,Reta,Sim,5,0,3,0,2,0,3,2,-26.23763684,-49.48434497,SPRF-SC,DEL06-SC,UOP03-DEL06-SC,2020
"324127,0",2020-11-27,sexta-feira,14:50:00,SC,101,"85,5",BARRA VELHA,Velocidade Incompatível,Colisão com objeto estático,Com Vítimas Feridas,Pleno dia,Decrescente,Garoa/Chuvisco,Simples,Interseção de Vias,Sim,3,0,1,0,2,0,1,2,-26.62840879,-48.70813584,SPRF-SC,DEL03-SC,UOP02-DEL03-SC,2020
"324147,0",2020-11-27,sexta-feira,18:15:00,SC,101,"212,9",PALHOCA,Desobediência às normas de trânsito pelo condutor,Colisão com objeto estático,Com Vítimas Feridas,Anoitecer,Crescente,Garoa/Chuvisco,Múltipla,Reta,Sim,3,0,0,1,1,1,1,3,-27.62996929,-48.65903871,SPRF-SC,DEL01-SC,UOP02-DEL01-SC,2020
"324172,0",2020-11-27,sexta-feira,17:15:00,SC,470,"128,7",LONTRAS,Pista Escorregadia,Saída de leito carroçável,Com Vítimas Feridas,Anoitecer,Crescente,Chuva,Múltipla,Curva,Não,1,0,1,0,0,0,1,1,-27.143742,-49.548897,SPRF-SC,DEL04-SC,UOP02-DEL04-SC,2020
"324239,0",2020-11-27,sexta-feira,17:00:00,SC,101,"328,8",CAPIVARI DE BAIXO,Defeito Mecânico no Veículo,Colisão com objeto estático,Com Vítimas Feridas,Pleno dia,Decrescente,Chuva,Dupla,Ponte,Sim,3,0,1,2,0,0,3,1,-28.43648094,-48.95989307,SPRF-SC,DEL02-SC,UOP01-DEL02-SC,2020
"324264,0",2020-11-28,sábado,05:45:00,SC,101,"210,2",SAO JOSE,Falta de Atenção à Condução,Colisão traseira,Sem Vítimas,Pleno dia,Decrescente,Nublado,Múltipla,Reta,Sim,2,0,0,0,2,0,0,2,-27.6167305,-48.6457265,SPRF-SC,DEL01-SC,UOP01-DEL01-SC,2020
"324268,0",2020-11-28,sábado,03:00:00,SC,282,"435,0",VARGEM BONITA,Condutor Dormindo,Colisão transversal,Sem Vítimas,Plena Noite,Decrescente,Céu Claro,Simples,Reta,Não,2,0,0,0,1,1,0,2,-26.973248,-51.841671,SPRF-SC,DEL07-SC,UOP04-DEL07-SC,2020
"324313,0",2020-11-28,sábado,09:45:00,SC,101,"38,2",JOINVILLE,Defeito na Via,Colisão lateral,Com Vítimas Feridas,Pleno dia,Decrescente,Sol,Dupla,Viaduto,Sim,7,0,4,0,1,2,4,4,-26.29703162,-48.88395667,SPRF-SC,DEL03-SC,UOP01-DEL03-SC,2020
"324449,0",2020-11-28,sábado,21:30:00,SC,101,"137,6",BALNEARIO CAMBORIU,Não guardar distância de segurança,Colisão lateral,Com Vítimas Feridas,Plena Noite,Decrescente,Céu Claro,Dupla,Aclive,Sim,3,0,0,1,2,0,1,3,-27.0157238,-48.61192763,SPRF-SC,DEL04-SC,UOP03-DEL04-SC,2020
"324486,0",2020-11-29,domingo,01:50:00,SC,101,"215,8",PALHOCA,Falta de Atenção à Condução,Colisão traseira,Com Vítimas Fatais,Plena Noite,Decrescente,Céu Claro,Simples,Reta,Sim,2,1,0,0,1,0,0,2,-27.65184843,-48.67604941,SPRF-SC,DEL01-SC,UOP02-DEL01-SC,2020
"324536,0",2020-11-26,quinta-feira,02:00:00,SC,101,"279,9",IMBITUBA,Defeito Mecânico no Veículo,Incêndio,Sem Vítimas,Plena Noite,Crescente,Céu Claro,Múltipla,Reta,Sim,2,0,0,0,1,1,0,2,-28.19258404,-48.6974895,SPRF-SC,DEL02-SC,UOP03-DEL02-SC,2020
"324580,0",2020-11-29,domingo,10:50:00,SC,470,"160,5",TROMBUDO CENTRAL,Condutor Dormindo,Tombamento,Com Vítimas Feridas,Pleno dia,Decrescente,Céu Claro,Simples,Curva,Não,2,0,1,0,0,1,1,2,-27.286278,-49.798035,SPRF-SC,DEL04-SC,UOP02-DEL04-SC,2020
"324593,0",2020-09-05,sábado,00:30:00,SC,282,"275,9",SAO JOSE DO CERRITO,Desobediência às normas de trânsito pelo condutor,Colisão frontal,Com Vítimas Fatais,Plena Noite,Decrescente,Nevoeiro/Neblina,Simples,Curva;Declive,Não,3,1,0,0,2,0,0,2,-27.606421,-50.720207,SPRF-SC,DEL05-SC,UOP02-DEL05-SC,2020