id,data_inversa,dia_semana,horario,uf,br,km,municipio,causa_acidente,tipo_acidente,classificacao_acidente,fase_dia,sentido_via,condicao_metereologica,tipo_pista,tracado_via,uso_solo,pessoas,mortos,feridos_leves,feridos_graves,ilesos,ignorados,feridos,veiculos,latitude,longitude,regional,delegacia,uop,ano_arquivo
"324615,0",2020-11-29,domingo,15:40:00,SC,101,"215,1",PALHOCA,Defeito Mecânico no Veículo,Colisão lateral,Com Vítimas Feridas,Plena Noite,Crescente,Céu Claro,Dupla,Reta,Não,3,0,0,2,1,0,2,2,-27.65184843,-48.67604941,SPRF-SC,DEL01-SC,UOP02-DEL01-SC,2020
"324630,0",2020-11-29,domingo,15:24:00,SC,116,"233,1",CORREIA PINTO,Defeito Mecânico no Veículo,Derramamento de carga,Sem Vítimas,Pleno dia,Crescente,Nublado,Múltipla,Reta,Não,2,0,0,0,1,1,0,2,-27.69306795,-50.33623941,SPRF-SC,DEL05-SC,UOP01-DEL05-SC,2020
"324766,0",2020-11-29,domingo,13:20:00,SC,282,"519,6",XAXIM,Falta de Atenção à Condução,Saída de leito carroçável,Sem Vítimas,Pleno dia,Crescente,Chuva,Simples,Reta;Aclive,Não,2,0,0,0,1,1,0,2,-26.947527,-52.517536,SPRF-SC,DEL07-SC,UOP01-DEL07-SC,2020
"324820,0",2020-11-30,segunda-feira,15:55:00,SC,101,"201,0",SAO JOSE,Falta de Atenção à Condução,Colisão traseira,Com Vítimas Feridas,Pleno dia,Crescente,Chuva,Dupla,Reta,Sim,2,0,1,0,1,0,1,2,-27.54836599,-48.61977975,SPRF-SC,DEL01-SC,UOP01-DEL01-SC,2020
"324863,0",2020-11-30,segunda-feira,14:00:00,SC,158,"142,0",PALMITOS,Falta de Atenção à Condução,Saída de leito carroçável,Com Vítimas Feridas,Pleno dia,Decrescente,Nublado,Simples,Reta,Não,3,0,2,1,0,0,3,1,-27.14296532,-53.21392829,SPRF-SC,DEL07-SC,UOP02-DEL07-SC,2020
"324926,0",2020-12-01,terça-feira,07:00:00,SC,280,"24,3",ARAQUARI,Desobediência às normas de trânsito pelo condutor,Colisão transversal,Sem Vítimas,Pleno dia,Crescente,Chuva,Simples,Reta,Sim,3,0,0,0,3,0,0,3,-26.37724921,-48.71953282,SPRF-SC,DEL03-SC,UOP03-DEL03-SC,2020
"324945,0",2020-12-01,terça-feira,08:00:00,SC,470,"122,6",IBIRAMA,Falta de Atenção do Pedestre,Colisão lateral,Com Vítimas Feridas,Pleno dia,Crescente,Garoa/Chuvisco,Simples,Curva,Não,3,0,1,0,1,1,1,3,-27.099888,-49.527679,SPRF-SC,DEL04-SC,UOP02-DEL04-SC,2020
"324959,0",2020-12-01,terça-feira,11:10:00,SC,470,"68,7",INDAIAL,Desobediência às normas de trânsito pelo condutor,Colisão lateral,Com Vítimas Feridas,Pleno dia,Decrescente,Nublado,Simples,Em Obras,Sim,3,0,2,0,1,0,2,2,-26.877615,-49.239231,SPRF-SC,DEL04-SC,UOP01-DEL04-SC,2020
"325058,0",2020-12-01,terça-feira,17:30:00,SC,470,"174,8",POUSO REDONDO,Falta de Atenção à Condução,Colisão traseira,Com Vítimas Feridas,Anoitecer,Crescente,Nublado,Simples,Interseção de Vias,Sim,2,0,0,1,1,0,1,2,-27.258179,-49.929146,SPRF-SC,DEL04-SC,UOP02-DEL04-SC,2020
"325116,0",2020-12-02,quarta-feira,05:30:00,SC,282,"65,0",RANCHO QUEIMADO,Condutor Dormindo,Saída de leito carroçável,Sem Vítimas,Amanhecer,Decrescente,Garoa/Chuvisco,Simples,Curva,Não,1,0,0,0,1,0,0,1,-27.692892,-49.059013,SPRF-SC,DEL01-SC,UOP03-DEL01-SC,2020
"325146,0",2020-12-02,quarta-feira,11:30:00,SC,282,"64,2",RANCHO QUEIMADO,Falta de Atenção à Condução,Colisão lateral,Sem Vítimas,Pleno dia,Decrescente,Chuva,Simples,Reta,Não,4,0,0,0,3,2,0,5,-27.696323,-49.052456,SPRF-SC,DEL01-SC,UOP03-DEL01-SC,2020
"325153,0",2020-12-02,quarta-feira,12:15:00,SC,470,"52,0",BLUMENAU,Falta de Atenção à Condução,Colisão transversal,Com Vítimas Feridas,Pleno dia,Crescente,Céu Claro,Dupla,Reta,Sim,2,0,0,1,1,0,1,2,-26.862286,-49.093903,SPRF-SC,DEL04-SC,UOP01-DEL04-SC,2020
"325225,0",2020-12-02,quarta-feira,17:40:00,SC,470,"62,0",INDAIAL,Falta de Atenção à Condução,Colisão traseira,Com Vítimas Feridas,Pleno dia,Crescente,Céu Claro,Simples,Reta,Não,6,0,2,2,2,0,4,3,-26.874521,-49.182938,SPRF-SC,DEL04-SC,UOP01-DEL04-SC,2020
"325227,0",2020-12-02,quarta-feira,14:40:00,SC,470,"356,0",CAMPOS NOVOS,Defeito Mecânico no Veículo,Colisão com objeto estático,Com Vítimas Fatais,Pleno dia,Decrescente,Céu Claro,Simples,Ponte;Curva,Não,1,1,0,0,0,0,0,1,-27.596577,-51.473782,SPRF-SC,DEL07-SC,UOP06-DEL07-SC,2020
"325271,0",2020-12-03,quinta-feira,05:45:00,SC,470,"79,4",RODEIO,Falta de Atenção à Condução,Colisão frontal,Com Vítimas Fatais,Amanhecer,Crescente,Chuva,Simples,Reta,Não,2,1,0,0,1,0,0,2,-26.948805,-49.316097,SPRF-SC,DEL04-SC,UOP01-DEL04-SC,2020
"325322,0",2020-12-03,quinta-feira,11:55:00,SC,470,"58,0",BLUMENAU,Desobediência às normas de trânsito pelo condutor,Colisão transversal,Com Vítimas Feridas,Pleno dia,Decrescente,Nublado,Simples,Interseção de Vias,Sim,3,0,2,0,1,0,2,2,-26.88421369,-49.14703102,SPRF-SC,DEL04-SC,UOP01-DEL04-SC,2020
"325350,0",2020-12-03,quinta-feira,11:00:00,SC,282,"521,8",XAXIM,Falta de Atenção à Condução,Colisão com objeto estático,Com Vítimas Feridas,Pleno dia,Crescente,Nublado,Simples,Declive,Sim,2,0,1,0,0,1,1,2,-26.950993,-52.534767,SPRF-SC,DEL07-SC,UOP01-DEL07-SC,2020
"325356,0",2020-12-03,quinta-feira,16:00:00,SC,470,"97,9",APIUNA,Falta de Atenção à Condução,Colisão transversal,Com Vítimas Feridas,Pleno dia,Crescente,Nublado,Simples,Reta,Sim,2,0,0,1,1,0,1,2,-27.026621,-49.378124,SPRF-SC,DEL04-SC,UOP01-DEL04-SC,2020
"325415,0",2020-12-03,quinta-feira,15:15:00,SC,280,"252,5",CANOINHAS,Desobediência às normas de trânsito pelo condutor,Colisão frontal,Com Vítimas Fatais,Pleno dia,Crescente,Céu Claro,Simples,Curva,Não,3,1,1,1,0,0,2,2,-26.26023459,-50.56133033,SPRF-SC,DEL06-SC,UOP04-DEL06-SC,2020
"325416,0",2020-12-03,quinta-feira,20:30:00,SC,282,"521,6",XAXIM,Falta de Atenção à Condução,Danos eventuais,Sem Vítimas,Plena Noite,Crescente,Céu Claro,Simples,Rotatória,Sim,2,0,0,0,1,1,0,2,-26.950993,-52.534767,SPRF-SC,DEL07-SC,UOP01-DEL07-SC,2020
"325425,0",2020-12-03,quinta-feira,22:35:00,SC,282,"408,7",CATANDUVAS,Falta de Atenção à Condução,Colisão com objeto estático,Sem Vítimas,Plena Noite,Decrescente,Céu Claro,Simples,Reta,Sim,2,0,0,0,1,1,0,2,-27.065756,-51.664165,SPRF-SC,DEL07-SC,UOP05-DEL07-SC,2020
"325458,0",2020-12-04,sexta-feira,07:10:00,SC,101,"201,0",SAO JOSE,Falta de Atenção à Condução,Colisão traseira,Com Vítimas Feridas,Pleno dia,Decrescente,Céu Claro,Dupla,Reta,Sim,2,0,0,1,1,0,1,2,-27.54836599,-48.61977975,SPRF-SC,DEL01-SC,UOP01-DEL01-SC,2020
"325472,0",2020-12-04,sexta-feira,05:50:00,SC,282,"241,6",SAO JOSE DO CERRITO,Defeito Mecânico no Veículo,Incêndio,Sem Vítimas,Amanhecer,Crescente,Céu Claro,Simples,Aclive,Não,2,0,0,0,1,1,0,2,-27.7542,-50.497066,SPRF-SC,DEL05-SC,UOP02-DEL05-SC,2020
"325525,0",2020-12-04,sexta-feira,13:30:00,SC,101,"331,0",TUBARAO,Desobediência às normas de trânsito pelo condutor,Colisão lateral,Com Vítimas Feridas,Pleno dia,Crescente,Céu Claro,Múltipla,Curva,Sim,2,0,0,1,1,0,1,2,-28.45567521,-48.9812689,SPRF-SC,DEL02-SC,UOP01-DEL02-SC,2020
"325674,0",2020-12-05,sábado,01:20:00,SC,101,"329,8",TUBARAO,Condutor Dormindo,Colisão traseira,Com Vítimas Feridas,Plena Noite,Decrescente,Nublado,Dupla,Reta,Sim,4,0,1,0,2,1,1,3,-28.45540239,-48.98049474,SPRF-SC,DEL02-SC,UOP01-DEL02-SC,2020
"325727,0",2020-12-04,sexta-feira,22:15:00,SC,282,"413,7",CATANDUVAS,Desobediência às normas de trânsito pelo condutor,Colisão frontal,Com Vítimas Fatais,Plena Noite,Decrescente,Céu Claro,Simples,Curva,Não,8,2,0,4,1,1,4,4,-27.05442,-51.69487,SPRF-SC,DEL07-SC,UOP05-DEL07-SC,2020
"325792,0",2020-12-05,sábado,06:15:00,SC,280,"265,3",IRINEOPOLIS,Falta de Atenção à Condução,Colisão frontal,Com Vítimas Fatais,Amanhecer,Decrescente,Chuva,Simples,Curva;Declive,Não,2,1,0,1,0,0,1,2,-26.262605,-50.683775,SPRF-SC,DEL06-SC,UOP04-DEL06-SC,2020
"325797,0",2020-12-05,sábado,14:09:00,SC,101,"208,4",SAO JOSE,Desobediência às normas de trânsito pelo condutor,Colisão traseira,Com Vítimas Fatais,Pleno dia,Decrescente,Garoa/Chuvisco,Múltipla,Reta,Sim,6,1,0,1,3,1,1,6,-27.6055524,-48.6343389,SPRF-SC,DEL01-SC,UOP01-DEL01-SC,2020
"325808,0",2020-12-05,sábado,11:25:00,SC,480,"129,8",CHAPECO,Falta de Atenção à Condução,Saída de leito carroçável,Com Vítimas Feridas,Pleno dia,Crescente,Chuva,Dupla,Curva,Sim,2,0,1,0,1,0,1,1,-27.05188329,-52.63571262,SPRF-SC,DEL07-SC,UOP01-DEL07-SC,2020
"325836,0",2020-12-05,sábado,14:00:00,SC,282,"47,8",AGUAS MORNAS,Pista Escorregadia,Colisão lateral,Com Vítimas Feridas,Pleno dia,Crescente,Garoa/Chuvisco,Simples,Curva,Não,5,0,0,3,1,1,3,3,-27.71407798,-48.9385128,SPRF-SC,DEL01-SC,UOP03-DEL01-SC,2020
"326194,0",2020-12-06,domingo,21:40:00,SC,480,"124,7",CHAPECO,Falta de Atenção à Condução,Colisão traseira,Com Vítimas Feridas,Plena Noite,Decrescente,Céu Claro,Dupla,Reta,Não,2,0,0,1,0,1,1,2,-27.00359519,-52.64391044,SPRF-SC,DEL07-SC,UOP01-DEL07-SC,2020
"326202,0",2020-12-06,domingo,22:50:00,SC,280,"35,8",ARAQUARI,Desobediência às normas de trânsito pelo condutor,Colisão transversal,Sem Vítimas,Plena Noite,Crescente,Chuva,Simples,Curva;Interseção de Vias,Não,4,0,0,0,3,2,0,4,-26.4402394,-48.80759954,SPRF-SC,DEL03-SC,UOP03-DEL03-SC,2020
"326214,0",2020-12-07,segunda-feira,00:05:00,SC,282,"644,4",SAO MIGUEL DO OESTE,Ingestão de Álcool,Colisão lateral,Sem Vítimas,Plena Noite,Crescente,Céu Claro,Simples,Declive;Em Obras;Curva,Não,3,0,0,0,1,2,0,2,-26.76557542,-53.48411679,SPRF-SC,DEL07-SC,UOP03-DEL07-SC,2020
"326268,0",2020-12-07,segunda-feira,07:57:00,SC,101,"94,9",BARRA VELHA,Desobediência às normas de trânsito pelo pedestre,Atropelamento de Pedestre,Com Vítimas Fatais,Pleno dia,Crescente,Chuva,Dupla,Curva,Não,4,1,0,0,1,2,0,3,-26.71270581,-48.70304208,SPRF-SC,DEL03-SC,UOP02-DEL03-SC,2020
"326286,0",2020-12-07,segunda-feira,10:30:00,SC,101,"152,0",PORTO BELO,Falta de Atenção à Condução,Engavetamento,Com Vítimas Feridas,Pleno dia,Decrescente,Chuva,Múltipla,Reta,Sim,3,0,3,0,0,0,3,3,-27.13563503,-48.61004665,SPRF-SC,DEL04-SC,UOP03-DEL04-SC,2020
"326287,0",2020-12-07,segunda-feira,10:30:00,SC,470,"71,5",INDAIAL,Falta de Atenção à Condução,Colisão transversal,Com Vítimas Feridas,Pleno dia,Crescente,Nublado,Simples,Reta,Sim,3,0,1,0,1,1,1,3,-26.90055375,-49.26757693,SPRF-SC,DEL04-SC,UOP01-DEL04-SC,2020
"326314,0",2020-12-07,segunda-feira,10:00:00,SC,480,"125,4",CHAPECO,Falta de Atenção à Condução,Colisão transversal,Com Vítimas Feridas,Pleno dia,Crescente,Sol,Simples,Viaduto;Reta;Interseção de Vias,Sim,2,0,1,0,1,0,1,2,-27.01164515,-52.63953123,SPRF-SC,DEL07-SC,UOP01-DEL07-SC,2020
"326321,0",2020-12-07,segunda-feira,14:00:00,SC,280,"51,0",GUARAMIRIM,Sinalização da via insuficiente ou inadequada,Colisão traseira,Com Vítimas Feridas,Pleno dia,Decrescente,Chuva,Dupla,Reta;Em Obras,Não,2,0,1,0,1,0,1,2,-26.46538871,-48.95544449,SPRF-SC,DEL03-SC,UOP03-DEL03-SC,2020
"326349,0",2020-12-07,segunda-feira,16:20:00,SC,470,"55,0",BLUMENAU,Falta de Atenção à Condução,Colisão transversal,Com Vítimas Feridas,Pleno dia,Decrescente,Nublado,Simples,Reta,Sim,3,0,1,0,1,1,1,3,-26.87644007,-49.12254453,SPRF-SC,DEL04-SC,UOP01-DEL04-SC,2020
"326361,0",2020-12-07,segunda-feira,15:15:00,SC,101,"331,6",TUBARAO,Velocidade Incompatível,Colisão com objeto estático,Com Vítimas Feridas,Pleno dia,Crescente,Céu Claro,Dupla,Aclive,Não,2,0,1,0,0,1,1,2,-28.45567521,-48.9812689,SPRF-SC,DEL02-SC,UOP01-DEL02-SC,2020
"326362,0",2020-12-07,segunda-feira,14:00:00,SC,470,"185,0",POUSO REDONDO,Desobediência às normas de trânsito pelo condutor,Tombamento,Com Vítimas Feridas,Pleno dia,Decrescente,Nublado,Simples,Curva,Não,2,0,0,1,0,2,1,3,-27.254034,-50.036575,SPRF-SC,DEL04-SC,UOP02-DEL04-SC,2020
"326388,0",2020-12-07,segunda-feira,14:50:00,SC,470,"107,6",APIUNA,Defeito Mecânico no Veículo,Saída de leito carroçável,Sem Vítimas,Pleno dia,Crescente,Céu Claro,Simples,Reta,Sim,2,0,0,0,1,2,0,3,-27.077623,-49.43145,SPRF-SC,DEL04-SC,UOP02-DEL04-SC,2020
"326486,0",2020-12-08,terça-feira,09:10:00,SC,116,"309,0",CAPAO ALTO,Velocidade Incompatível,Tombamento,Com Vítimas Feridas,Pleno dia,Decrescente,Céu Claro,Simples,Curva,Não,2,0,1,0,0,1,1,2,-28.198002,-50.759674,SPRF-SC,DEL05-SC,UOP02-DEL05-SC,2020
"326497,0",2020-12-08,terça-feira,07:15:00,SC,282,"45,4",AGUAS MORNAS,Velocidade Incompatível,Colisão traseira,Com Vítimas Feridas,Pleno dia,Decrescente,Céu Claro,Simples,Curva,Não,3,0,2,1,0,0,3,2,-27.719851,-48.916126,SPRF-SC,DEL01-SC,UOP03-DEL01-SC,2020
"326500,0",2020-12-08,terça-feira,10:00:00,SC,101,"129,5",BALNEARIO CAMBORIU,Falta de Atenção à Condução,Colisão traseira,Com Vítimas Feridas,Pleno dia,Decrescente,Céu Claro,Dupla,Reta,Sim,2,0,1,0,1,0,1,2,-26.98064277,-48.6790679,SPRF-SC,DEL04-SC,UOP03-DEL04-SC,2020
"326532,0",2020-12-08,terça-feira,13:50:00,SC,101,"334,0",TUBARAO,Desobediência às normas de trânsito pelo condutor,Colisão transversal,Com Vítimas Feridas,Pleno dia,Decrescente,Céu Claro,Simples,Interseção de Vias;Viaduto,Sim,3,0,2,0,1,0,2,2,-28.46730446,-49.00604302,SPRF-SC,DEL02-SC,UOP01-DEL02-SC,2020
"326599,0",2020-12-08,terça-feira,17:20:00,SC,470,"151,9",AGRONOMICA,Defeito Mecânico no Veículo,Colisão frontal,Com Vítimas Feridas,Pleno dia,Decrescente,Céu Claro,Simples,Reta,Não,5,0,1,0,3,1,1,4,-27.260792,-49.719761,SPRF-SC,DEL04-SC,UOP02-DEL04-SC,2020
"326618,0",2020-12-08,terça-feira,20:30:00,SC,470,"11,7",NAVEGANTES,Desobediência às normas de trânsito pelo condutor,Colisão frontal,Com Vítimas Feridas,Plena Noite,Decrescente,Céu Claro,Simples,Reta,Não,4,0,0,1,2,1,1,4,-26.834309,-48.747269,SPRF-SC,DEL04-SC,UOP04-DEL04-SC,2020
"326620,0",2020-12-08,terça-feira,19:55:00,SC,480,"128,6",CHAPECO,Desobediência às normas de trânsito pelo condutor,Colisão frontal,Com Vítimas Feridas,Plena Noite,Decrescente,Céu Claro,Dupla,Interseção de Vias,Não,2,0,1,0,1,0,1,2,-27.042726,-52.635643,SPRF-SC,DEL07-SC,UOP01-DEL07-SC,2020
"326660,0",2020-12-09,quarta-feira,06:40:00,SC,470,"52,7",BLUMENAU,Falta de Atenção à Condução,Colisão traseira,Com Vítimas Feridas,Amanhecer,Decrescente,Céu Claro,Simples,Reta,Não,2,0,0,1,1,0,1,2,-26.862286,-49.093903,SPRF-SC,DEL04-SC,UOP01-DEL04-SC,2020
"326667,0",2020-12-09,quarta-feira,07:20:00,SC,101,"215,9",PALHOCA,Desobediência às normas de trânsito pelo condutor,Colisão lateral,Com Vítimas Feridas,Pleno dia,Decrescente,Céu Claro,Múltipla,Reta,Não,4,0,1,0,2,1,1,4,-27.65184843,-48.67604941,SPRF-SC,DEL01-SC,UOP02-DEL01-SC,2020
"326679,0",2020-12-09,quarta-feira,08:00:00,SC,101,"42,0",JOINVILLE,Não guardar distância de segurança,Engavetamento,Com Vítimas Feridas,Pleno dia,Decrescente,Céu Claro,Dupla,Reta,Não,5,0,1,0,4,0,1,3,-26.29251598,-48.88474385,SPRF-SC,DEL03-SC,UOP01-DEL03-SC,2020
"326731,0",2020-12-09,quarta-feira,14:40:00,SC,101,"205,9",SAO JOSE,Falta de Atenção à Condução,Colisão lateral,Com Vítimas Feridas,Pleno dia,Decrescente,Nublado,Dupla,Reta,Sim,4,0,0,1,2,1,1,4,-27.58313237,-48.61532885,SPRF-SC,DEL01-SC,UOP01-DEL01-SC,2020
"326748,0",2020-12-09,quarta-feira,12:50:00,SC,470,"162,9",TROMBUDO CENTRAL,Defeito Mecânico no Veículo,Colisão lateral,Com Vítimas Feridas,Pleno dia,Decrescente,Céu Claro,Simples,Reta,Não,8,0,6,0,2,0,6,2,-27.282606,-49.817101,SPRF-SC,DEL04-SC,UOP02-DEL04-SC,2020
"326760,0",2020-12-09,quarta-feira,17:00:00,SC,101,"208,2",SAO JOSE,Falta de Atenção à Condução,Colisão com objeto em movimento,Com Vítimas Feridas,Pleno dia,Decrescente,Nublado,Dupla,Reta,Sim,4,0,0,1,3,0,1,4,-27.60327979,-48.63201818,SPRF-SC,DEL01-SC,UOP01-DEL01-SC,2020
"326929,0",2020-12-10,quinta-feira,14:00:00,SC,282,"29,0",AGUAS MORNAS,Falta de Atenção à Condução,Colisão transversal,Sem Vítimas,Pleno dia,Decrescente,Céu Claro,Simples,Reta,Sim,2,0,0,0,2,0,0,2,-27.679737,-48.786785,SPRF-SC,DEL01-SC,UOP03-DEL01-SC,2020
"326958,0",2020-12-10,quinta-feira,16:50:00,SC,470,"53,0",BLUMENAU,Velocidade Incompatível,Colisão transversal,Com Vítimas Fatais,Pleno dia,Crescente,Céu Claro,Simples,Curva,Sim,4,1,0,1,2,0,1,3,-26.868503,-49.1046166,SPRF-SC,DEL04-SC,UOP01-DEL04-SC,2020
"327128,0",2020-12-11,sexta-feira,14:20:00,SC,470,"45,0",GASPAR,Não guardar distância de segurança,Colisão traseira,Com Vítimas Feridas,Pleno dia,Crescente,Céu Claro,Simples,Reta;Em Obras,Não,5,0,2,0,2,1,2,4,-26.867064,-49.031109,SPRF-SC,DEL04-SC,UOP01-DEL04-SC,2020
"327134,0",2020-12-11,sexta-feira,13:45:00,SC,282,"502,5",XANXERE,Falta de Atenção à Condução,Colisão transversal,Sem Vítimas,Pleno dia,Decrescente,Sol,Simples,Retorno Regulamentado;Aclive,Não,2,0,0,0,2,0,0,2,-26.884584,-52.390911,SPRF-SC,DEL07-SC,UOP01-DEL07-SC,2020
"327145,0",2020-12-11,sexta-feira,14:40:00,SC,470,"58,0",BLUMENAU,Desobediência às normas de trânsito pelo condutor,Colisão transversal,Com Vítimas Feridas,Pleno dia,Crescente,Sol,Simples,Rotatória;Reta,Não,6,0,1,2,2,1,3,4,-26.88416292,-49.14706677,SPRF-SC,DEL04-SC,UOP01-DEL04-SC,2020
"327203,0",2020-12-11,sexta-feira,17:10:00,SC,280,"31,1",ARAQUARI,Falta de Atenção à Condução,Colisão lateral,Sem Vítimas,Pleno dia,Decrescente,Céu Claro,Simples,Reta,Sim,3,0,0,0,2,2,0,4,-26.41649938,-48.77181215,SPRF-SC,DEL03-SC,UOP03-DEL03-SC,2020
"327265,0",2020-12-12,sábado,02:00:00,SC,470,"2,0",NAVEGANTES,Ingestão de álcool e/ou substâncias psicoativas pelo pedestre,Colisão transversal,Sem Vítimas,Plena Noite,Crescente,Nublado,Dupla,Reta,Não,3,0,0,0,2,1,0,3,-26.868551,-48.674831,SPRF-SC,DEL04-SC,UOP04-DEL04-SC,2020
"327435,0",2020-12-12,sábado,18:50:00,SC,101,"137,2",BALNEARIO CAMBORIU,Falta de Atenção à Condução,Colisão traseira,Com Vítimas Fatais,Anoitecer,Decrescente,Céu Claro,Dupla,Reta,Sim,4,1,0,1,1,1,1,3,-27.0157238,-48.61192763,SPRF-SC,DEL04-SC,UOP03-DEL04-SC,2020
"327525,0",2020-12-13,domingo,01:55:00,SC,101,"351,8",JAGUARUNA,Ingestão de Álcool,Saída de leito carroçável,Com Vítimas Feridas,Plena Noite,Decrescente,Céu Claro,Dupla,Curva,Sim,3,0,1,0,1,1,1,3,-28.61058673,-49.06007051,SPRF-SC,DEL02-SC,UOP01-DEL02-SC,2020
"327604,0",2020-12-13,domingo,08:00:00,SC,280,"91,1",CORUPA,Velocidade Incompatível,Tombamento,Com Vítimas Feridas,Pleno dia,Decrescente,Sol,Simples,Curva,Não,2,0,1,0,0,1,1,2,-26.40198057,-49.29053774,SPRF-SC,DEL06-SC,UOP03-DEL06-SC,2020
"327839,0",2020-12-14,segunda-feira,06:20:00,SC,280,"84,5",CORUPA,Velocidade Incompatível,Tombamento,Com Vítimas Feridas,Pleno dia,Decrescente,Céu Claro,Simples,Rotatória,Sim,1,0,1,0,0,0,1,1,-26.43589072,-49.24351466,SPRF-SC,DEL06-SC,UOP03-DEL06-SC,2020
"327858,0",2020-12-14,segunda-feira,10:25:00,SC,101,"355,0",SANGAO,Falta de Atenção à Condução,Saída de leito carroçável,Com Vítimas Feridas,Pleno dia,Crescente,Nublado,Dupla,Reta;Declive,Não,3,0,1,0,1,1,1,3,-28.6292738,-49.0869383,SPRF-SC,DEL02-SC,UOP01-DEL02-SC,2020
"327901,0",2020-12-14,segunda-feira,13:22:00,SC,101,"228,8",PALHOCA,Defeito Mecânico no Veículo,Tombamento,Sem Vítimas,Pleno dia,Decrescente,Nublado,Dupla,Curva,Não,2,0,0,0,1,2,0,3,-27.7597249,-48.63078869,SPRF-SC,DEL01-SC,UOP02-DEL01-SC,2020
"327944,0",2020-12-14,segunda-feira,19:15:00,SC,101,"48,2",JOINVILLE,Avarias e/ou desgaste excessivo no pneu,Tombamento,Com Vítimas Feridas,Plena Noite,Crescente,Chuva,Dupla,Reta,Não,3,0,2,0,1,0,2,2,-26.35345909,-48.85867862,SPRF-SC,DEL03-SC,UOP01-DEL03-SC,2020
"327947,0",2020-11-28,sábado,09:45:00,SC,470,"323,9",CAMPOS NOVOS,Falta de Atenção à Condução,Colisão transversal,Com Vítimas Fatais,Pleno dia,Decrescente,Céu Claro,Simples,Reta;Interseção de Vias,Não,5,1,0,3,1,0,3,2,-27.26521,-51.14527,SPRF-SC,DEL07-SC,UOP06-DEL07-SC,2020
"327962,0",2020-12-14,segunda-feira,22:15:00,SC,101,"217,2",PALHOCA,Falta de Atenção à Condução,Colisão lateral,Com Vítimas Feridas,Plena Noite,Decrescente,Chuva,Múltipla,Reta,Sim,2,0,1,0,1,0,1,2,-27.66779034,-48.67393586,SPRF-SC,DEL01-SC,UOP02-DEL01-SC,2020
"328079,0",2020-12-15,terça-feira,11:40:00,SC,280,"226,7",TRES BARRAS,Desobediência às normas de trânsito pelo condutor,Colisão frontal,Com Vítimas Fatais,Pleno dia,Crescente,Céu Claro,Simples,Reta,Não,3,1,0,0,2,0,0,2,-26.181693,-50.326738,SPRF-SC,DEL06-SC,UOP04-DEL06-SC,2020
"328087,0",2020-12-15,terça-feira,15:15:00,SC,101,"121,0",ITAJAI,Não guardar distância de segurança,Colisão lateral,Com Vítimas Feridas,Pleno dia,Decrescente,Nublado,Dupla,Reta,Sim,4,0,1,0,2,1,1,4,-26.92103178,-48.70856446,SPRF-SC,DEL04-SC,UOP04-DEL04-SC,2020
"328097,0",2020-12-15,terça-feira,11:00:00,SC,282,"185,0",BOCAINA DO SUL,Defeito Mecânico no Veículo,Saída de leito carroçável,Sem Vítimas,Pleno dia,Decrescente,Céu Claro,Simples,Reta,Não,1,0,0,0,1,0,0,1,-27.734449,-49.98819,SPRF-SC,DEL05-SC,UOP01-DEL05-SC,2020
"328133,0",2020-12-15,terça-feira,14:10:00,SC,282,"520,0",XAXIM,Ingestão de Álcool,Colisão lateral,Sem Vítimas,Pleno dia,Crescente,Céu Claro,Simples,Curva,Não,2,0,0,0,2,0,0,2,-26.950415,-52.526096,SPRF-SC,DEL07-SC,UOP01-DEL07-SC,2020
"328178,0",2020-12-16,quarta-feira,05:00:00,SC,101,"210,0",SAO JOSE,Não guardar distância de segurança,Colisão traseira,Sem Vítimas,Pleno dia,Crescente,Céu Claro,Múltipla,Declive,Não,3,0,0,0,2,1,0,3,-27.6167305,-48.6457265,SPRF-SC,DEL01-SC,UOP01-DEL01-SC,2020
"328187,0",2020-12-16,quarta-feira,06:15:00,SC,470,"92,1",APIUNA,Ultrapassagem Indevida,Colisão frontal,Com Vítimas Feridas,Pleno dia,Crescente,Nublado,Simples,Reta,Não,2,0,1,0,1,0,1,2,-26.98607534,-49.37324616,SPRF-SC,DEL04-SC,UOP01-DEL04-SC,2020
"328190,0",2020-12-16,quarta-feira,05:52:00,SC,101,"162,0",TIJUCAS,Falta de Atenção à Condução,Tombamento,Com Vítimas Feridas,Pleno dia,Crescente,Céu Claro,Dupla,Reta,Sim,2,0,1,0,0,1,1,2,-27.22554009,-48.6279367,SPRF-SC,DEL04-SC,UOP03-DEL04-SC,2020
"328200,0",2020-12-16,quarta-feira,07:35:00,SC,101,"216,5",PALHOCA,Falta de Atenção à Condução,Colisão transversal,Com Vítimas Feridas,Pleno dia,Decrescente,Céu Claro,Múltipla,Viaduto,Sim,2,0,0,1,1,0,1,2,-27.65981409,-48.67747798,SPRF-SC,DEL01-SC,UOP02-DEL01-SC,2020
"328204,0",2020-12-16,quarta-feira,08:20:00,SC,101,"117,0",ITAJAI,Desobediência às normas de trânsito pelo condutor,Colisão traseira,Com Vítimas Feridas,Pleno dia,Crescente,Garoa/Chuvisco,Dupla,Reta,Sim,4,0,0,1,2,1,1,4,-26.88747187,-48.72252969,SPRF-SC,DEL04-SC,UOP04-DEL04-SC,2020
"328205,0",2020-12-16,quarta-feira,08:30:00,SC,101,"216,0",PALHOCA,Falta de Atenção à Condução,Colisão traseira,Com Vítimas Feridas,Pleno dia,Decrescente,Céu Claro,Múltipla,Viaduto,Sim,3,0,0,1,1,2,1,4,-27.66388367,-48.67551148,SPRF-SC,DEL01-SC,UOP02-DEL01-SC,2020