id,data_inversa,dia_semana,horario,uf,br,km,municipio,causa_acidente,tipo_acidente,classificacao_acidente,fase_dia,sentido_via,condicao_metereologica,tipo_pista,tracado_via,uso_solo,pessoas,mortos,feridos_leves,feridos_graves,ilesos,ignorados,feridos,veiculos,latitude,longitude,regional,delegacia,uop,ano_arquivo
"260556,0",2020-01-03,sexta-feira,11:00:00,SC,163,"69,3",SAO MIGUEL DO OESTE,Desobediência às normas de trânsito pelo condutor,Colisão transversal,Com Vítimas Feridas,Pleno dia,Decrescente,Céu Claro,Dupla,Curva,Sim,6,0,1,0,5,0,1,3,-26.74132699,-53.50120591,SPRF-SC,DEL07-SC,UOP03-DEL07-SC,2020
"260557,0",2020-01-03,sexta-feira,10:50:00,SC,101,"42,1",JOINVILLE,Não guardar distância de segurança,Engavetamento,Com Vítimas Feridas,Pleno dia,Decrescente,Nublado,Dupla,Reta,Sim,4,0,2,0,2,0,2,3,-26.29251598,-48.88474385,SPRF-SC,DEL03-SC,UOP01-DEL03-SC,2020
"260561,0",2020-01-03,sexta-feira,08:10:00,SC,116,"106,0",MONTE CASTELO,Falta de Atenção à Condução,Tombamento,Com Vítimas Feridas,Pleno dia,Crescente,Céu Claro,Simples,Curva,Não,1,0,0,1,0,0,1,1,-26.75604307,-50.31916109,SPRF-SC,DEL06-SC,UOP02-DEL06-SC,2020
"260563,0",2020-01-03,sexta-feira,12:30:00,SC,101,"126,0",ITAJAI,Falta de Atenção à Condução,Colisão lateral,Com Vítimas Feridas,Pleno dia,Crescente,Céu Claro,Dupla,Reta,Não,3,0,2,0,1,0,2,3,-26.93668609,-48.69876905,SPRF-SC,DEL04-SC,UOP04-DEL04-SC,2020
"260567,0",2020-01-03,sexta-feira,11:05:00,SC,280,"24,0",ARAQUARI,Não guardar distância de segurança,Colisão traseira,Com Vítimas Feridas,Pleno dia,Decrescente,Céu Claro,Simples,Reta,Sim,2,0,1,0,1,0,1,2,-26.37724921,-48.71953282,SPRF-SC,DEL03-SC,UOP03-DEL03-SC,2020
"260591,0",2020-01-03,sexta-feira,14:00:00,SC,101,"101,2",BALNEARIO PICARRAS,Defeito Mecânico no Veículo,Queda de ocupante de veículo,Com Vítimas Feridas,Pleno dia,Decrescente,Sol,Dupla,Reta;Declive,Não,2,0,1,0,1,0,1,1,-26.76404198,-48.68657667,SPRF-SC,DEL03-SC,UOP02-DEL03-SC,2020
"260615,0",2020-01-03,sexta-feira,15:17:00,SC,101,"192,5",BIGUACU,Falta de Atenção à Condução,Engavetamento,Com Vítimas Feridas,Pleno dia,Decrescente,Nublado,Múltipla,Curva,Sim,4,0,1,0,3,0,1,3,-27.48443781,-48.64765238,SPRF-SC,DEL01-SC,UOP01-DEL01-SC,2020
"260620,0",2020-01-03,sexta-feira,14:30:00,SC,280,"167,0",MAFRA,Desobediência às normas de trânsito pelo condutor,Colisão lateral,Com Vítimas Feridas,Pleno dia,Decrescente,Céu Claro,Simples,Rotatória,Não,2,0,1,0,0,1,1,2,-26.16857105,-49.81820938,SPRF-SC,DEL06-SC,UOP01-DEL06-SC,2020
"260624,0",2020-01-03,sexta-feira,15:30:00,SC,101,"230,2",PALHOCA,Fenômenos da Natureza,Queda de ocupante de veículo,Com Vítimas Feridas,Pleno dia,Decrescente,Céu Claro,Dupla,Reta,Não,1,0,1,0,0,0,1,1,-27.77781898,-48.63489608,SPRF-SC,DEL01-SC,UOP02-DEL01-SC,2020
"260628,0",2020-01-03,sexta-feira,16:10:00,SC,101,"210,0",SAO JOSE,Falta de Atenção à Condução,Colisão traseira,Com Vítimas Feridas,Pleno dia,Decrescente,Céu Claro,Dupla,Reta,Sim,2,0,0,1,1,0,1,2,-27.6167305,-48.6457265,SPRF-SC,DEL01-SC,UOP01-DEL01-SC,2020
"260653,0",2020-01-03,sexta-feira,17:00:00,SC,101,"107,8",PENHA,Defeito Mecânico no Veículo,Tombamento,Com Vítimas Feridas,Pleno dia,Decrescente,Céu Claro,Dupla,Reta,Sim,2,0,2,0,0,0,2,1,-26.81930608,-48.68390282,SPRF-SC,DEL03-SC,UOP02-DEL03-SC,2020
"260656,0",2020-01-03,sexta-feira,18:15:00,SC,101,"203,8",SAO JOSE,Desobediência às normas de trânsito pelo condutor,Colisão traseira,Com Vítimas Feridas,Pleno dia,Decrescente,Chuva,Dupla,Reta,Sim,2,0,1,0,1,0,1,2,-27.5650044,-48.61460082,SPRF-SC,DEL01-SC,UOP01-DEL01-SC,2020
"260657,0",2020-01-03,sexta-feira,18:30:00,SC,101,"117,0",ITAJAI,Falta de Atenção à Condução,Colisão traseira,Com Vítimas Feridas,Anoitecer,Crescente,Nublado,Dupla,Reta,Não,3,0,1,1,1,0,2,2,-26.88747187,-48.72252969,SPRF-SC,DEL04-SC,UOP04-DEL04-SC,2020
"260659,0",2020-01-03,sexta-feira,18:10:00,SC,101,"125,0",ITAJAI,Falta de Atenção à Condução,Colisão lateral,Com Vítimas Feridas,Pleno dia,Crescente,Céu Claro,Dupla,Reta,Não,2,0,1,0,1,0,1,2,-26.94802427,-48.68338515,SPRF-SC,DEL04-SC,UOP04-DEL04-SC,2020
"260669,0",2020-01-03,sexta-feira,19:45:00,SC,282,"16,0",PALHOCA,Falta de Atenção à Condução,Colisão transversal,Com Vítimas Feridas,Plena Noite,Crescente,Chuva,Simples,Reta,Sim,3,0,1,0,2,0,1,2,-27.658611,-48.681847,SPRF-SC,DEL01-SC,UOP02-DEL01-SC,2020
"260675,0",2020-01-03,sexta-feira,18:30:00,SC,101,"339,2",TUBARAO,Falta de Atenção à Condução,Engavetamento,Com Vítimas Feridas,Anoitecer,Decrescente,Chuva,Dupla,Declive,Sim,10,0,7,0,3,0,7,6,-28.50703917,-49.04947737,SPRF-SC,DEL02-SC,UOP01-DEL02-SC,2020
"260682,0",2020-01-03,sexta-feira,19:25:00,SC,101,"228,9",PALHOCA,Velocidade Incompatível,Colisão com objeto estático,Com Vítimas Feridas,Plena Noite,Decrescente,Chuva,Dupla,Reta,Não,1,0,1,0,0,0,1,1,-27.7597249,-48.63078869,SPRF-SC,DEL01-SC,UOP02-DEL01-SC,2020
"260698,0",2020-01-03,sexta-feira,22:35:00,SC,282,"6,0",SAO JOSE,Falta de Atenção à Condução,Tombamento,Com Vítimas Feridas,Plena Noite,Crescente,Nublado,Dupla,Curva,Sim,2,0,1,0,1,0,1,1,-27.591936,-48.618244,SPRF-SC,DEL01-SC,UOP01-DEL01-SC,2020
"260708,0",2020-01-04,sábado,01:10:00,SC,101,"93,1",BARRA VELHA,Velocidade Incompatível,Saída de leito carroçável,Com Vítimas Feridas,Plena Noite,Crescente,Chuva,Dupla,Reta,Não,2,0,2,0,0,0,2,1,-26.6899011,-48.69663873,SPRF-SC,DEL03-SC,UOP02-DEL03-SC,2020
"260714,0",2020-01-04,sábado,00:45:00,SC,470,"71,1",INDAIAL,Desobediência às normas de trânsito pelo condutor,Colisão transversal,Com Vítimas Fatais,Plena Noite,Decrescente,Chuva,Simples,Reta,Não,3,1,2,0,0,0,2,2,-26.895243,-49.262104,SPRF-SC,DEL04-SC,UOP01-DEL04-SC,2020
"260729,0",2020-01-04,sábado,06:00:00,SC,101,"90,0",BARRA VELHA,Defeito Mecânico no Veículo,Saída de leito carroçável,Sem Vítimas,Amanhecer,Decrescente,Chuva,Múltipla,Reta,Sim,1,0,0,0,0,1,0,1,-26.66148503,-48.68866176,SPRF-SC,DEL03-SC,UOP02-DEL03-SC,2020
"260738,0",2020-01-04,sábado,07:20:00,SC,282,"5,8",SAO JOSE,Falta de Atenção à Condução,Colisão com objeto estático,Com Vítimas Feridas,Pleno dia,Decrescente,Chuva,Dupla,Curva,Sim,1,0,1,0,0,0,1,1,-27.588425,-48.612919,SPRF-SC,DEL01-SC,UOP01-DEL01-SC,2020
"260739,0",2020-01-04,sábado,08:00:00,SC,101,"212,0",PALHOCA,Falta de Atenção à Condução,Colisão traseira,Sem Vítimas,Pleno dia,Decrescente,Garoa/Chuvisco,Dupla,Reta,Sim,2,0,0,0,2,0,0,2,-27.62996929,-48.65903871,SPRF-SC,DEL01-SC,UOP02-DEL01-SC,2020
"260772,0",2020-01-04,sábado,08:00:00,SC,470,"122,7",IBIRAMA,Falta de Atenção à Condução,Saída de leito carroçável,Sem Vítimas,Pleno dia,Crescente,Garoa/Chuvisco,Múltipla,Curva,Não,1,0,0,0,1,0,0,1,-27.1061003,-49.52179855,SPRF-SC,DEL04-SC,UOP02-DEL04-SC,2020
"260775,0",2020-01-04,sábado,09:05:00,SC,470,"121,3",IBIRAMA,Pista Escorregadia,Colisão transversal,Com Vítimas Feridas,Pleno dia,Decrescente,Garoa/Chuvisco,Múltipla,Curva,Não,6,0,3,2,1,0,5,2,-27.09544585,-49.53003645,SPRF-SC,DEL04-SC,UOP02-DEL04-SC,2020
"260777,0",2020-01-04,sábado,10:50:00,SC,101,"343,0",TUBARAO,Não guardar distância de segurança,Colisão com objeto estático,Com Vítimas Feridas,Pleno dia,Crescente,Nublado,Dupla,Reta,Sim,1,0,1,0,0,0,1,1,-28.52765702,-49.05615309,SPRF-SC,DEL02-SC,UOP01-DEL02-SC,2020
"260786,0",2020-01-04,sábado,12:40:00,SC,101,"210,0",SAO JOSE,Desobediência às normas de trânsito pelo condutor,Engavetamento,Com Vítimas Feridas,Pleno dia,Decrescente,Chuva,Dupla,Reta,Sim,4,0,1,0,3,0,1,3,-27.6167305,-48.6457265,SPRF-SC,DEL01-SC,UOP01-DEL01-SC,2020
"260796,0",2020-01-04,sábado,10:00:00,SC,282,"221,8",LAGES,Ultrapassagem Indevida,Colisão frontal,Com Vítimas Feridas,Pleno dia,Decrescente,Céu Claro,Simples,Declive,Não,4,0,2,1,1,0,3,2,-27.796358,-50.343426,SPRF-SC,DEL05-SC,UOP01-DEL05-SC,2020
"260807,0",2020-01-04,sábado,10:30:00,SC,280,"19,0",ARAQUARI,Falta de Atenção do Pedestre,Colisão traseira,Com Vítimas Feridas,Pleno dia,Crescente,Chuva,Simples,Curva,Não,2,0,0,1,1,0,1,2,-26.3693676,-48.67221803,SPRF-SC,DEL03-SC,UOP03-DEL03-SC,2020
"260814,0",2020-01-04,sábado,07:50:00,SC,101,"70,0",ARAQUARI,Falta de Atenção à Condução,Queda de ocupante de veículo,Com Vítimas Feridas,Amanhecer,Decrescente,Chuva,Múltipla,Reta,Não,1,0,1,0,0,0,1,1,-26.51082007,-48.72345612,SPRF-SC,DEL03-SC,UOP02-DEL03-SC,2020
"260841,0",2020-01-04,sábado,11:50:00,SC,282,"30,0",SANTO AMARO DA IMPERATRIZ,Velocidade Incompatível,Capotamento,Com Vítimas Feridas,Pleno dia,Crescente,Chuva,Simples,Curva,Não,5,0,2,0,3,0,2,3,-27.687376,-48.79071,SPRF-SC,DEL01-SC,UOP03-DEL01-SC,2020
"260854,0",2020-01-04,sábado,15:20:00,SC,282,"53,5",AGUAS MORNAS,Velocidade Incompatível,Colisão transversal,Com Vítimas Feridas,Pleno dia,Crescente,Chuva,Simples,Curva,Não,3,0,1,0,2,0,1,2,-27.68527619,-48.97202969,SPRF-SC,DEL01-SC,UOP03-DEL01-SC,2020
"260857,0",2020-01-04,sábado,15:50:00,SC,280,"28,2",ARAQUARI,Falta de Atenção à Condução,Colisão transversal,Com Vítimas Feridas,Pleno dia,Decrescente,Nublado,Simples,Reta,Sim,4,0,1,0,3,0,1,2,-26.40450077,-48.74561031,SPRF-SC,DEL03-SC,UOP03-DEL03-SC,2020
"260862,0",2020-01-04,sábado,17:00:00,SC,282,"602,1",MARAVILHA,Desobediência às normas de trânsito pelo condutor,Colisão frontal,Com Vítimas Feridas,Pleno dia,Decrescente,Céu Claro,Simples,Reta;Interseção de Vias,Não,3,0,0,2,1,0,2,2,-26.80554285,-53.18138123,SPRF-SC,DEL07-SC,UOP02-DEL07-SC,2020
"260869,0",2020-01-04,sábado,18:30:00,SC,101,"70,8",ARAQUARI,Falta de Atenção à Condução,Queda de ocupante de veículo,Com Vítimas Feridas,Anoitecer,Decrescente,Nublado,Múltipla,Curva,Não,1,0,1,0,0,0,1,1,-26.51082007,-48.72345612,SPRF-SC,DEL03-SC,UOP02-DEL03-SC,2020
"260871,0",2020-01-04,sábado,18:25:00,SC,282,"305,1",VARGEM,Velocidade Incompatível,Saída de leito carroçável,Com Vítimas Feridas,Pleno dia,Crescente,Chuva,Simples,Curva;Declive,Não,1,0,1,0,0,0,1,1,-27.500679,-50.949047,SPRF-SC,DEL07-SC,UOP06-DEL07-SC,2020
"260874,0",2020-01-04,sábado,15:35:00,SC,280,"96,0",CORUPA,Velocidade Incompatível,Saída de leito carroçável,Com Vítimas Feridas,Pleno dia,Decrescente,Chuva,Simples,Curva,Não,2,0,2,0,0,0,2,1,-26.38369074,-49.32175219,SPRF-SC,DEL06-SC,UOP03-DEL06-SC,2020
"260879,0",2020-01-04,sábado,15:00:00,SC,280,"91,0",CORUPA,Pista Escorregadia,Tombamento,Com Vítimas Feridas,Pleno dia,Decrescente,Chuva,Simples,Curva,Não,1,0,1,0,0,0,1,1,-26.40198057,-49.29053774,SPRF-SC,DEL06-SC,UOP03-DEL06-SC,2020
"260883,0",2020-01-04,sábado,17:55:00,SC,280,"100,9",CORUPA,Pista Escorregadia,Saída de leito carroçável,Sem Vítimas,Pleno dia,Crescente,Garoa/Chuvisco,Simples,Curva,Não,1,0,0,0,1,0,0,1,-26.37158361,-49.33137101,SPRF-SC,DEL06-SC,UOP03-DEL06-SC,2020
"260902,0",2020-01-04,sábado,21:20:00,SC,101,"401,7",MARACAJA,Falta de Atenção à Condução,Tombamento,Com Vítimas Fatais,Plena Noite,Crescente,Nublado,Múltipla,Reta,Sim,4,1,1,0,0,2,1,3,-28.87684649,-49.45650101,SPRF-SC,DEL02-SC,UOP02-DEL02-SC,2020
"260914,0",2020-01-05,domingo,00:35:00,SC,101,"21,0",JOINVILLE,Falta de Atenção do Pedestre,Atropelamento de Pedestre,Com Vítimas Fatais,Plena Noite,Decrescente,Chuva,Dupla,Curva,Não,2,1,0,0,0,1,0,2,-26.13376586,-48.89661416,SPRF-SC,DEL03-SC,UOP01-DEL03-SC,2020
"260930,0",2020-01-05,domingo,04:00:00,SC,101,"126,0",BALNEARIO CAMBORIU,Falta de Atenção à Condução,Saída de leito carroçável,Sem Vítimas,Plena Noite,Crescente,Garoa/Chuvisco,Dupla,Reta,Não,1,0,0,0,0,1,0,1,-26.95564404,-48.67978366,SPRF-SC,DEL04-SC,UOP04-DEL04-SC,2020
"260933,0",2020-01-05,domingo,05:30:00,SC,101,"229,8",PALHOCA,Desobediência às normas de trânsito pelo condutor,Colisão traseira,Com Vítimas Feridas,Pleno dia,Decrescente,Céu Claro,Dupla,Reta,Sim,3,0,3,0,0,0,3,2,-27.7688932,-48.63205379,SPRF-SC,DEL01-SC,UOP02-DEL01-SC,2020
"260947,0",2020-01-05,domingo,06:10:00,SC,282,"365,0",ERVAL VELHO,Restrição de Visibilidade,Colisão traseira,Com Vítimas Feridas,Amanhecer,Decrescente,Céu Claro,Simples,Reta,Não,4,0,1,0,3,0,1,2,-27.295467,-51.407909,SPRF-SC,DEL07-SC,UOP05-DEL07-SC,2020
"260956,0",2020-01-05,domingo,09:00:00,SC,470,"71,5",INDAIAL,Defeito Mecânico no Veículo,Incêndio,Sem Vítimas,Pleno dia,Crescente,Céu Claro,Simples,Reta,Não,1,0,0,0,1,0,0,1,-26.895243,-49.262104,SPRF-SC,DEL04-SC,UOP01-DEL04-SC,2020
"260997,0",2020-01-05,domingo,12:50:00,SC,282,"137,1",BOM RETIRO,Ultrapassagem Indevida,Colisão transversal,Com Vítimas Feridas,Pleno dia,Crescente,Céu Claro,Simples,Reta,Não,2,0,1,0,1,0,1,2,-27.8218,-49.567032,SPRF-SC,DEL05-SC,UOP01-DEL05-SC,2020
"260998,0",2020-01-05,domingo,12:45:00,SC,282,"523,7",XAXIM,Defeito Mecânico no Veículo,Colisão frontal,Com Vítimas Feridas,Pleno dia,Crescente,Céu Claro,Simples,Curva,Sim,2,0,1,0,1,0,1,2,-26.963129,-52.548851,SPRF-SC,DEL07-SC,UOP01-DEL07-SC,2020
"261010,0",2020-01-05,domingo,11:10:00,SC,101,"134,0",BALNEARIO CAMBORIU,Falta de Atenção à Condução,Colisão com objeto estático,Com Vítimas Feridas,Pleno dia,Decrescente,Sol,Dupla,Reta,Sim,1,0,1,0,0,0,1,1,-27.00218,-48.636433,SPRF-SC,DEL04-SC,UOP03-DEL04-SC,2020
"261011,0",2020-01-05,domingo,15:30:00,SC,280,"82,0",CORUPA,Falta de Atenção à Condução,Colisão frontal,Com Vítimas Feridas,Pleno dia,Decrescente,Céu Claro,Simples,Reta,Sim,6,0,5,0,0,1,5,3,-26.44009491,-49.22605498,SPRF-SC,DEL06-SC,UOP03-DEL06-SC,2020
"261015,0",2020-01-05,domingo,13:20:00,SC,470,"215,0",SAO CRISTOVAO DO SUL,Defeito na Via,Saída de leito carroçável,Com Vítimas Feridas,Pleno dia,Decrescente,Sol,Simples,Reta;Declive,Não,5,0,4,0,1,0,4,1,-27.303282,-50.266438,SPRF-SC,DEL05-SC,UOP03-DEL05-SC,2020
"261031,0",2020-01-05,domingo,17:00:00,SC,101,"227,9",PALHOCA,Desobediência às normas de trânsito pelo condutor,Tombamento,Com Vítimas Feridas,Pleno dia,Crescente,Céu Claro,Múltipla,Reta;Declive,Não,2,0,1,1,0,0,2,1,-27.7509149,-48.63460277,SPRF-SC,DEL01-SC,UOP02-DEL01-SC,2020
"261044,0",2020-01-05,domingo,18:10:00,SC,282,"16,0",PALHOCA,Falta de Atenção à Condução,Colisão traseira,Com Vítimas Feridas,Pleno dia,Decrescente,Céu Claro,Simples,Reta,Sim,2,0,1,0,1,0,1,2,-27.658611,-48.681847,SPRF-SC,DEL01-SC,UOP02-DEL01-SC,2020
"261064,0",2020-01-05,domingo,16:05:00,SC,116,"168,1",PONTE ALTA DO NORTE,Defeito Mecânico no Veículo,Capotamento,Com Vítimas Feridas,Pleno dia,Decrescente,Chuva,Simples,Declive;Reta,Sim,4,0,3,0,1,0,3,1,-27.17571035,-50.4626298,SPRF-SC,DEL05-SC,UOP03-DEL05-SC,2020
"261076,0",2020-01-05,domingo,14:40:00,SC,282,"454,8",PONTE SERRADA,Falta de Atenção à Condução,Saída de leito carroçável,Com Vítimas Feridas,Pleno dia,Crescente,Chuva,Simples,Curva,Não,2,0,1,1,0,0,2,1,-26.891756,-51.98447,SPRF-SC,DEL07-SC,UOP04-DEL07-SC,2020
"261080,0",2020-01-05,domingo,12:00:00,SC,280,"50,3",GUARAMIRIM,Falta de Atenção à Condução,Colisão transversal,Com Vítimas Fatais,Pleno dia,Decrescente,Céu Claro,Simples,Reta,Sim,4,1,0,1,1,1,1,3,-26.4619489,-48.94618404,SPRF-SC,DEL03-SC,UOP03-DEL03-SC,2020
"261088,0",2020-01-05,domingo,21:00:00,SC,101,"308,9",LAGUNA,Falta de Atenção à Condução,Colisão traseira,Com Vítimas Feridas,Plena Noite,Crescente,Nublado,Dupla,Reta,Não,3,0,2,0,1,0,2,2,-28.399616,-48.7854,SPRF-SC,DEL02-SC,UOP01-DEL02-SC,2020
"261092,0",2020-01-05,domingo,20:35:00,SC,101,"298,4",IMBITUBA,Defeito Mecânico no Veículo,Incêndio,Sem Vítimas,Plena Noite,Decrescente,Nublado,Dupla,Reta,Sim,2,0,0,0,2,0,0,1,-28.32102597,-48.72829906,SPRF-SC,DEL02-SC,UOP03-DEL02-SC,2020
"261102,0",2020-01-05,domingo,21:55:00,SC,282,"593,3",SAUDADES,Falta de Atenção à Condução,Capotamento,Com Vítimas Feridas,Plena Noite,Decrescente,Nublado,Simples,Curva,Não,5,0,1,0,4,0,1,1,-26.826199,-53.10162,SPRF-SC,DEL07-SC,UOP02-DEL07-SC,2020
"261123,0",2020-01-06,segunda-feira,06:10:00,SC,280,"274,0",IRINEOPOLIS,Condutor Dormindo,Capotamento,Com Vítimas Feridas,Amanhecer,Crescente,Céu Claro,Simples,Reta,Não,3,0,2,0,1,0,2,1,-26.28304211,-50.77276796,SPRF-SC,DEL06-SC,UOP04-DEL06-SC,2020
"261133,0",2020-01-06,segunda-feira,07:39:00,SC,101,"144,0",ITAPEMA,Não guardar distância de segurança,Colisão traseira,Com Vítimas Feridas,Pleno dia,Decrescente,Céu Claro,Dupla,Reta,Sim,6,0,2,0,4,0,2,3,-27.0732659,-48.59672716,SPRF-SC,DEL04-SC,UOP03-DEL04-SC,2020
"261138,0",2020-01-06,segunda-feira,07:30:00,SC,101,"439,0",SOMBRIO,Falta de Atenção à Condução,Colisão lateral,Com Vítimas Feridas,Pleno dia,Decrescente,Céu Claro,Dupla,Curva,Não,2,0,0,1,1,0,1,2,-29.12381624,-49.65693799,SPRF-SC,DEL02-SC,UOP02-DEL02-SC,2020
"261150,0",2020-01-06,segunda-feira,09:05:00,SC,101,"115,9",ITAJAI,Avarias e/ou desgaste excessivo no pneu,Tombamento,Com Vítimas Feridas,Pleno dia,Crescente,Sol,Dupla,Reta,Sim,2,0,1,1,0,0,2,1,-26.87064015,-48.72954134,SPRF-SC,DEL04-SC,UOP04-DEL04-SC,2020
"261157,0",2020-01-06,segunda-feira,10:30:00,SC,101,"207,0",SAO JOSE,Falta de Atenção à Condução,Colisão lateral,Com Vítimas Feridas,Pleno dia,Decrescente,Céu Claro,Múltipla,Reta,Sim,2,0,1,0,1,0,1,2,-27.60001226,-48.6226467,SPRF-SC,DEL01-SC,UOP01-DEL01-SC,2020
"261158,0",2020-01-06,segunda-feira,10:30:00,SC,101,"213,0",PALHOCA,Falta de Atenção à Condução,Colisão traseira,Com Vítimas Feridas,Pleno dia,Decrescente,Sol,Dupla,Reta,Sim,3,0,3,0,0,0,3,3,-27.63697369,-48.66514142,SPRF-SC,DEL01-SC,UOP02-DEL01-SC,2020
"261161,0",2020-01-06,segunda-feira,11:20:00,SC,101,"203,0",SAO JOSE,Desobediência às normas de trânsito pelo condutor,Colisão lateral,Com Vítimas Feridas,Pleno dia,Decrescente,Céu Claro,Dupla,Reta,Não,1,0,0,1,0,0,1,1,-27.5650044,-48.61460082,SPRF-SC,DEL01-SC,UOP01-DEL01-SC,2020
"261185,0",2020-01-06,segunda-feira,13:20:00,SC,282,"1,0",FLORIANOPOLIS,Falta de Atenção à Condução,Colisão transversal,Com Vítimas Feridas,Pleno dia,Decrescente,Céu Claro,Dupla,Reta,Sim,2,0,0,1,1,0,1,2,-27.602955,-48.580509,SPRF-SC,DEL01-SC,UOP01-DEL01-SC,2020
"261196,0",2020-01-06,segunda-feira,14:20:00,SC,101,"305,0",LAGUNA,Defeito Mecânico no Veículo,Saída de leito carroçável,Com Vítimas Feridas,Pleno dia,Decrescente,Céu Claro,Dupla,Reta,Não,5,0,1,0,4,0,1,1,-28.37674574,-48.76400229,SPRF-SC,DEL02-SC,UOP03-DEL02-SC,2020
"261201,0",2020-01-06,segunda-feira,15:00:00,SC,101,"29,0",JOINVILLE,Não guardar distância de segurança,Colisão traseira,Com Vítimas Feridas,Pleno dia,Decrescente,Céu Claro,Dupla,Declive;Reta,Não,3,0,2,0,1,0,2,2,-26.211903,-48.91589904,SPRF-SC,DEL03-SC,UOP01-DEL03-SC,2020
"261202,0",2020-01-06,segunda-feira,09:30:00,SC,280,"283,8",IRINEOPOLIS,Mal Súbito,Capotamento,Com Vítimas Feridas,Pleno dia,Decrescente,Sol,Simples,Curva,Não,5,0,2,1,2,0,3,1,-26.29391936,-50.85814305,SPRF-SC,DEL06-SC,UOP04-DEL06-SC,2020
"261223,0",2020-01-06,segunda-feira,11:30:00,SC,101,"91,0",BARRA VELHA,Condutor Dormindo,Colisão com objeto estático,Com Vítimas Feridas,Pleno dia,Crescente,Céu Claro,Simples,Reta;Viaduto,Não,2,0,2,0,0,0,2,1,-26.67120698,-48.69011814,SPRF-SC,DEL03-SC,UOP02-DEL03-SC,2020
"261229,0",2020-01-06,segunda-feira,17:00:00,SC,163,"84,0",GUARACIABA,Falta de Atenção à Condução,Colisão traseira,Sem Vítimas,Pleno dia,Decrescente,Céu Claro,Simples,Rotatória,Sim,2,0,0,0,2,0,0,2,-26.61594101,-53.51942819,SPRF-SC,DEL07-SC,UOP03-DEL07-SC,2020
"261238,0",2020-01-06,segunda-feira,16:40:00,SC,101,"135,2",BALNEARIO CAMBORIU,Não guardar distância de segurança,Colisão lateral,Com Vítimas Feridas,Pleno dia,Crescente,Nublado,Dupla,Reta,Sim,2,0,1,0,1,0,1,2,-27.0050108,-48.62677494,SPRF-SC,DEL04-SC,UOP03-DEL04-SC,2020
"261268,0",2020-01-06,segunda-feira,16:00:00,SC,116,"138,8",SANTA CECILIA,Falta de Atenção à Condução,Colisão transversal,Com Vítimas Feridas,Pleno dia,Crescente,Céu Claro,Simples,Interseção de Vias,Não,2,0,0,1,1,0,1,2,-26.95365013,-50.42351412,SPRF-SC,DEL06-SC,UOP02-DEL06-SC,2020
"261285,0",2020-01-07,terça-feira,02:40:00,SC,101,"269,8",IMBITUBA,Condutor Dormindo,Saída de leito carroçável,Com Vítimas Feridas,Plena Noite,Decrescente,Nublado,Múltipla,Reta,Não,1,0,1,0,0,0,1,1,-28.10247328,-48.70370686,SPRF-SC,DEL02-SC,UOP03-DEL02-SC,2020
"261301,0",2020-01-06,segunda-feira,17:50:00,SC,280,"30,0",ARAQUARI,Falta de Atenção à Condução,Colisão traseira,Com Vítimas Feridas,Pleno dia,Crescente,Céu Claro,Simples,Reta,Sim,2,0,1,0,1,0,1,2,-26.4141523,-48.76209493,SPRF-SC,DEL03-SC,UOP03-DEL03-SC,2020
"261307,0",2020-01-07,terça-feira,07:20:00,SC,101,"206,1",SAO JOSE,Falta de Atenção à Condução,Colisão lateral,Com Vítimas Feridas,Pleno dia,Decrescente,Céu Claro,Dupla,Reta,Sim,2,0,1,0,0,1,1,2,-27.59193546,-48.61824557,SPRF-SC,DEL01-SC,UOP01-DEL01-SC,2020
"261340,0",2020-01-07,terça-feira,12:40:00,SC,470,"179,0",POUSO REDONDO,Velocidade Incompatível,Capotamento,Com Vítimas Feridas,Pleno dia,Decrescente,Chuva,Simples,Curva,Sim,3,0,3,0,0,0,3,1,-27.247908,-49.977165,SPRF-SC,DEL04-SC,UOP02-DEL04-SC,2020
"261342,0",2020-01-07,terça-feira,11:55:00,SC,280,"125,3",RIO NEGRINHO,Desobediência às normas de trânsito pelo condutor,Colisão transversal,Com Vítimas Feridas,Pleno dia,Decrescente,Nublado,Simples,Reta,Sim,3,0,2,0,1,0,2,2,-26.23763684,-49.48434497,SPRF-SC,DEL06-SC,UOP03-DEL06-SC,2020
"261344,0",2020-01-07,terça-feira,13:10:00,SC,101,"210,0",SAO JOSE,Falta de Atenção à Condução,Colisão lateral,Com Vítimas Feridas,Pleno dia,Decrescente,Nublado,Dupla,Reta,Não,2,0,1,0,1,0,1,2,-27.6167305,-48.6457265,SPRF-SC,DEL01-SC,UOP01-DEL01-SC,2020
"261345,0",2020-01-07,terça-feira,13:20:00,SC,470,"2,0",NAVEGANTES,Falta de Atenção à Condução,Colisão traseira,Com Vítimas Feridas,Pleno dia,Crescente,Nublado,Dupla,Retorno Regulamentado,Sim,3,0,2,0,1,0,2,2,-26.868551,-48.674831,SPRF-SC,DEL04-SC,UOP04-DEL04-SC,2020
"261359,0",2020-01-07,terça-feira,12:25:00,SC,282,"594,0",SAUDADES,Velocidade Incompatível,Colisão lateral,Com Vítimas Feridas,Pleno dia,Decrescente,Nublado,Simples,Curva,Não,2,0,1,0,1,0,1,2,-26.827911,-53.108719,SPRF-SC,DEL07-SC,UOP02-DEL07-SC,2020
"261360,0",2020-01-07,terça-feira,14:10:00,SC,280,"23,6",ARAQUARI,Falta de Atenção à Condução,Colisão transversal,Com Vítimas Feridas,Pleno dia,Crescente,Céu Claro,Simples,Reta,Não,2,0,0,1,1,0,1,2,-26.37146,-48.711887,SPRF-SC,DEL03-SC,UOP03-DEL03-SC,2020