id,data_inversa,dia_semana,horario,uf,br,km,municipio,causa_acidente,tipo_acidente,classificacao_acidente,fase_dia,sentido_via,condicao_metereologica,tipo_pista,tracado_via,uso_solo,pessoas,mortos,feridos_leves,feridos_graves,ilesos,ignorados,feridos,veiculos,latitude,longitude,regional,delegacia,uop,ano_arquivo
"261361,0",2020-01-07,terça-feira,13:25:00,SC,101,"38,5",JOINVILLE,Não guardar distância de segurança,Colisão traseira,Sem Vítimas,Pleno dia,Crescente,Sol,Dupla,Viaduto,Sim,2,0,0,0,2,0,0,2,-26.25472505,-48.90561309,SPRF-SC,DEL03-SC,UOP01-DEL03-SC,2020
"261373,0",2020-01-07,terça-feira,15:20:00,SC,101,"210,0",SAO JOSE,Não guardar distância de segurança,Colisão lateral,Com Vítimas Feridas,Pleno dia,Decrescente,Céu Claro,Múltipla,Reta,Sim,2,0,0,1,1,0,1,2,-27.6167305,-48.6457265,SPRF-SC,DEL01-SC,UOP01-DEL01-SC,2020
"261386,0",2020-01-07,terça-feira,15:30:00,SC,280,"57,9",GUARAMIRIM,Falta de Atenção à Condução,Colisão transversal,Com Vítimas Feridas,Pleno dia,Decrescente,Céu Claro,Simples,Reta,Sim,3,0,1,0,2,0,1,2,-26.47433775,-49.02116776,SPRF-SC,DEL03-SC,UOP03-DEL03-SC,2020
"261388,0",2020-01-07,terça-feira,08:30:00,SC,280,"28,0",ARAQUARI,Falta de Atenção à Condução,Colisão transversal,Com Vítimas Feridas,Pleno dia,Crescente,Céu Claro,Simples,Reta,Não,2,0,1,0,1,0,1,2,-26.40450077,-48.74561031,SPRF-SC,DEL03-SC,UOP03-DEL03-SC,2020
"261414,0",2020-01-07,terça-feira,23:47:00,SC,101,"162,0",TIJUCAS,Desobediência às normas de trânsito pelo condutor,Colisão traseira,Sem Vítimas,Plena Noite,Decrescente,Nublado,Simples,Reta,Sim,2,0,0,0,2,0,0,2,-27.22554009,-48.6279367,SPRF-SC,DEL04-SC,UOP03-DEL04-SC,2020
"261423,0",2020-01-07,terça-feira,14:15:00,SC,101,"381,0",ICARA,Pista Escorregadia,Colisão com objeto estático,Com Vítimas Feridas,Pleno dia,Decrescente,Chuva,Múltipla,Aclive,Sim,2,0,2,0,0,0,2,1,-28.75478409,-49.27732095,SPRF-SC,DEL02-SC,UOP02-DEL02-SC,2020
"261440,0",2020-01-08,quarta-feira,06:45:00,SC,101,"233,2",PALHOCA,Falta de Atenção à Condução,Colisão traseira,Com Vítimas Feridas,Pleno dia,Crescente,Chuva,Dupla,Declive,Sim,3,0,1,0,2,0,1,2,-27.80376397,-48.63826211,SPRF-SC,DEL01-SC,UOP02-DEL01-SC,2020
"261454,0",2020-01-08,quarta-feira,08:00:00,SC,101,"214,0",PALHOCA,Falta de Atenção à Condução,Colisão lateral,Com Vítimas Feridas,Pleno dia,Decrescente,Nublado,Dupla,Reta,Sim,3,0,2,0,1,0,2,2,-27.64443,-48.67057,SPRF-SC,DEL01-SC,UOP02-DEL01-SC,2020
"261460,0",2020-01-08,quarta-feira,06:40:00,SC,282,"33,1",AGUAS MORNAS,Velocidade Incompatível,Saída de leito carroçável,Com Vítimas Feridas,Pleno dia,Decrescente,Chuva,Simples,Curva,Não,2,0,1,0,1,0,1,1,-27.70561581,-48.80999207,SPRF-SC,DEL01-SC,UOP03-DEL01-SC,2020
"261464,0",2020-01-08,quarta-feira,08:05:00,SC,101,"131,0",CAMBORIU,Desobediência às normas de trânsito pelo condutor,Colisão lateral,Sem Vítimas,Pleno dia,Crescente,Sol,Simples,Interseção de Vias,Não,3,0,0,0,3,0,0,3,-27.0157238,-48.61192763,SPRF-SC,DEL04-SC,UOP03-DEL04-SC,2020
"261473,0",2020-01-08,quarta-feira,08:00:00,SC,101,"136,1",BALNEARIO CAMBORIU,Desobediência às normas de trânsito pelo condutor,Colisão transversal,Com Vítimas Feridas,Pleno dia,Decrescente,Nublado,Dupla,Reta,Sim,5,0,1,2,1,1,3,3,-27.008113,-48.617245,SPRF-SC,DEL04-SC,UOP03-DEL04-SC,2020
"261475,0",2020-01-08,quarta-feira,08:40:00,SC,101,"200,8",SAO JOSE,Desobediência às normas de trânsito pelo condutor,Queda de ocupante de veículo,Com Vítimas Feridas,Pleno dia,Crescente,Nublado,Dupla,Reta,Não,2,0,1,0,1,0,1,2,-27.54836599,-48.61977975,SPRF-SC,DEL01-SC,UOP01-DEL01-SC,2020
"261476,0",2020-01-08,quarta-feira,09:05:00,SC,101,"206,9",SAO JOSE,Desobediência às normas de trânsito pelo condutor,Colisão transversal,Com Vítimas Feridas,Pleno dia,Crescente,Nublado,Múltipla,Viaduto;Interseção de Vias,Sim,2,0,2,0,0,0,2,2,-27.59912476,-48.6220926,SPRF-SC,DEL01-SC,UOP01-DEL01-SC,2020
"261489,0",2020-01-08,quarta-feira,10:50:00,SC,101,"208,5",SAO JOSE,Não guardar distância de segurança,Colisão lateral,Com Vítimas Feridas,Pleno dia,Decrescente,Nublado,Múltipla,Reta,Não,2,0,1,0,1,0,1,2,-27.60327979,-48.63201818,SPRF-SC,DEL01-SC,UOP01-DEL01-SC,2020
"261496,0",2020-01-08,quarta-feira,11:30:00,SC,101,"341,0",TUBARAO,Falta de Atenção à Condução,Colisão traseira,Com Vítimas Feridas,Pleno dia,Crescente,Nublado,Simples,Reta,Sim,2,0,1,0,1,0,1,2,-28.501444,-49.04690399,SPRF-SC,DEL02-SC,UOP01-DEL02-SC,2020
"261504,0",2020-01-08,quarta-feira,13:15:00,SC,101,"138,0",BALNEARIO CAMBORIU,Não guardar distância de segurança,Colisão lateral,Com Vítimas Feridas,Pleno dia,Decrescente,Céu Claro,Dupla,Reta,Sim,2,0,1,0,1,0,1,2,-27.02397426,-48.60761649,SPRF-SC,DEL04-SC,UOP03-DEL04-SC,2020
"261528,0",2020-01-08,quarta-feira,15:35:00,SC,280,"27,9",ARAQUARI,Falta de Atenção à Condução,Colisão transversal,Com Vítimas Feridas,Pleno dia,Crescente,Nublado,Simples,Reta,Sim,2,0,1,0,1,0,1,2,-26.40401686,-48.74535084,SPRF-SC,DEL03-SC,UOP03-DEL03-SC,2020
"261529,0",2020-01-08,quarta-feira,14:12:00,SC,101,"263,9",GAROPABA,Falta de Atenção à Condução,Saída de leito carroçável,Com Vítimas Feridas,Pleno dia,Decrescente,Nublado,Dupla,Reta,Não,3,0,1,1,1,0,2,1,-28.0431009,-48.71350524,SPRF-SC,DEL02-SC,UOP03-DEL02-SC,2020
"261600,0",2020-01-08,quarta-feira,22:15:00,SC,470,"0,2",NAVEGANTES,Restrição de Visibilidade,Atropelamento de Pedestre,Com Vítimas Feridas,Plena Noite,Decrescente,Nublado,Dupla,Reta,Não,2,0,2,0,0,0,2,2,-26.88232,-48.66183,SPRF-SC,DEL04-SC,UOP04-DEL04-SC,2020
"261620,0",2020-01-09,quinta-feira,05:50:00,SC,101,"111,0",NAVEGANTES,Restrição de Visibilidade,Colisão lateral,Com Vítimas Feridas,Pleno dia,Decrescente,Nevoeiro/Neblina,Dupla,Retorno Regulamentado,Não,2,0,1,0,1,0,1,2,-26.83955734,-48.71418074,SPRF-SC,DEL04-SC,UOP04-DEL04-SC,2020
"261622,0",2020-01-09,quinta-feira,06:15:00,SC,101,"214,8",PALHOCA,Não guardar distância de segurança,Colisão traseira,Com Vítimas Feridas,Pleno dia,Decrescente,Céu Claro,Dupla,Reta,Sim,7,0,5,0,2,0,5,2,-27.64443,-48.67057,SPRF-SC,DEL01-SC,UOP02-DEL01-SC,2020
"261627,0",2020-01-09,quinta-feira,07:00:00,SC,101,"212,7",PALHOCA,Desobediência às normas de trânsito pelo condutor,Colisão traseira,Com Vítimas Feridas,Pleno dia,Decrescente,Sol,Dupla,Reta,Sim,2,0,0,1,1,0,1,2,-27.62996929,-48.65903871,SPRF-SC,DEL01-SC,UOP02-DEL01-SC,2020
"261633,0",2020-01-09,quinta-feira,08:00:00,SC,101,"215,7",PALHOCA,Falta de Atenção à Condução,Colisão traseira,Com Vítimas Feridas,Pleno dia,Decrescente,Sol,Dupla,Aclive,Sim,2,0,1,0,1,0,1,2,-27.65184843,-48.67604941,SPRF-SC,DEL01-SC,UOP02-DEL01-SC,2020
"261640,0",2020-01-09,quinta-feira,08:25:00,SC,101,"452,8",SAO JOAO DO SUL,Condutor Dormindo,Colisão com objeto estático,Com Vítimas Feridas,Pleno dia,Decrescente,Céu Claro,Dupla,Curva,Sim,2,0,2,0,0,0,2,1,-29.18871193,-49.75440564,SPRF-SC,DEL02-SC,UOP02-DEL02-SC,2020
"261668,0",2020-01-09,quinta-feira,11:35:00,SC,101,"194,3",BIGUACU,Falta de Atenção à Condução,Colisão traseira,Com Vítimas Feridas,Pleno dia,Decrescente,Sol,Múltipla,Interseção de Vias,Sim,2,0,1,0,1,0,1,2,-27.49815117,-48.65661236,SPRF-SC,DEL01-SC,UOP01-DEL01-SC,2020
"261696,0",2020-01-09,quinta-feira,11:40:00,SC,101,"158,0",PORTO BELO,Desobediência às normas de trânsito pelo condutor,Colisão lateral,Com Vítimas Feridas,Pleno dia,Crescente,Céu Claro,Simples,Retorno Regulamentado,Não,3,0,2,0,1,0,2,2,-27.19096301,-48.61259017,SPRF-SC,DEL04-SC,UOP03-DEL04-SC,2020
"261697,0",2020-01-09,quinta-feira,12:20:00,SC,101,"128,8",ITAJAI,Não guardar distância de segurança,Colisão traseira,Com Vítimas Feridas,Pleno dia,Crescente,Sol,Dupla,Curva,Sim,2,0,1,0,1,0,1,2,-26.97284292,-48.68299451,SPRF-SC,DEL04-SC,UOP03-DEL04-SC,2020
"261698,0",2020-01-09,quinta-feira,14:00:00,SC,101,"208,0",SAO JOSE,Falta de Atenção à Condução,Colisão lateral,Com Vítimas Feridas,Pleno dia,Decrescente,Céu Claro,Múltipla,Reta,Não,2,0,1,0,1,0,1,2,-27.60327979,-48.63201818,SPRF-SC,DEL01-SC,UOP01-DEL01-SC,2020
"261709,0",2020-01-09,quinta-feira,15:25:00,SC,280,"24,3",ARAQUARI,Falta de Atenção à Condução,Colisão transversal,Com Vítimas Feridas,Pleno dia,Decrescente,Céu Claro,Simples,Reta,Sim,2,0,0,1,1,0,1,2,-26.37724921,-48.71953282,SPRF-SC,DEL03-SC,UOP03-DEL03-SC,2020
"261717,0",2020-01-09,quinta-feira,14:00:00,SC,101,"356,0",SANGAO,Falta de Atenção à Condução,Saída de leito carroçável,Sem Vítimas,Pleno dia,Decrescente,Céu Claro,Dupla,Reta,Não,1,0,0,0,0,1,0,1,-28.62930081,-49.08665412,SPRF-SC,DEL02-SC,UOP01-DEL02-SC,2020
"261732,0",2020-01-09,quinta-feira,18:00:00,SC,101,"209,0",SAO JOSE,Falta de Atenção à Condução,Colisão traseira,Com Vítimas Feridas,Pleno dia,Decrescente,Sol,Múltipla,Interseção de Vias,Sim,2,0,1,0,1,0,1,2,-27.61000542,-48.63895057,SPRF-SC,DEL01-SC,UOP01-DEL01-SC,2020
"261736,0",2020-01-09,quinta-feira,18:40:00,SC,470,"1,8",NAVEGANTES,Desobediência às normas de trânsito pelo condutor,Colisão lateral,Com Vítimas Feridas,Anoitecer,Crescente,Céu Claro,Dupla,Reta,Sim,2,0,1,0,1,0,1,2,-26.868551,-48.674831,SPRF-SC,DEL04-SC,UOP04-DEL04-SC,2020
"261767,0",2020-01-09,quinta-feira,20:30:00,SC,101,"208,0",SAO JOSE,Defeito Mecânico no Veículo,Queda de ocupante de veículo,Com Vítimas Feridas,Plena Noite,Crescente,Céu Claro,Dupla,Curva,Sim,2,0,2,0,0,0,2,1,-27.60327979,-48.63201818,SPRF-SC,DEL01-SC,UOP01-DEL01-SC,2020
"261773,0",2020-01-09,quinta-feira,20:30:00,SC,101,"115,8",ITAJAI,Falta de Atenção à Condução,Colisão traseira,Com Vítimas Feridas,Plena Noite,Decrescente,Céu Claro,Dupla,Reta,Sim,3,0,1,1,1,0,2,2,-26.87064015,-48.72954134,SPRF-SC,DEL04-SC,UOP04-DEL04-SC,2020
"261814,0",2020-01-10,sexta-feira,03:00:00,SC,116,"248,5",LAGES,Falta de Atenção à Condução,Colisão traseira,Com Vítimas Feridas,Plena Noite,Decrescente,Céu Claro,Simples,Reta,Não,3,0,1,0,2,0,1,2,-27.81994481,-50.37454423,SPRF-SC,DEL05-SC,UOP02-DEL05-SC,2020
"261818,0",2020-01-10,sexta-feira,03:50:00,SC,280,"51,5",GUARAMIRIM,Falta de Atenção à Condução,Saída de leito carroçável,Com Vítimas Feridas,Plena Noite,Crescente,Céu Claro,Simples,Reta,Sim,2,0,0,1,1,0,1,1,-26.46538871,-48.95544449,SPRF-SC,DEL03-SC,UOP03-DEL03-SC,2020
"261830,0",2020-01-10,sexta-feira,06:25:00,SC,282,"40,5",AGUAS MORNAS,Falta de Atenção à Condução,Colisão transversal,Com Vítimas Feridas,Pleno dia,Crescente,Céu Claro,Simples,Curva,Não,2,0,1,0,1,0,1,2,-27.716148,-48.869583,SPRF-SC,DEL01-SC,UOP03-DEL01-SC,2020
"261863,0",2020-01-10,sexta-feira,09:10:00,SC,101,"210,0",SAO JOSE,Falta de Atenção à Condução,Colisão traseira,Sem Vítimas,Pleno dia,Decrescente,Céu Claro,Múltipla,Reta,Não,2,0,0,0,2,0,0,2,-27.6167305,-48.6457265,SPRF-SC,DEL01-SC,UOP01-DEL01-SC,2020
"261874,0",2020-01-10,sexta-feira,10:20:00,SC,101,"200,0",SAO JOSE,Falta de Atenção à Condução,Colisão lateral,Com Vítimas Feridas,Pleno dia,Crescente,Céu Claro,Múltipla,Reta,Sim,2,0,1,0,1,0,1,2,-27.54018513,-48.62287714,SPRF-SC,DEL01-SC,UOP01-DEL01-SC,2020
"261877,0",2020-01-10,sexta-feira,10:05:00,SC,101,"123,4",ITAJAI,Não guardar distância de segurança,Engavetamento,Com Vítimas Feridas,Pleno dia,Decrescente,Nublado,Dupla,Reta,Sim,4,0,1,0,3,0,1,4,-26.93668609,-48.69876905,SPRF-SC,DEL04-SC,UOP04-DEL04-SC,2020
"261900,0",2020-01-10,sexta-feira,10:30:00,SC,282,"457,2",PONTE SERRADA,Falta de Atenção à Condução,Saída de leito carroçável,Com Vítimas Feridas,Pleno dia,Crescente,Garoa/Chuvisco,Simples,Curva,Não,1,0,1,0,0,0,1,1,-26.880604,-52.013371,SPRF-SC,DEL07-SC,UOP04-DEL07-SC,2020
"261932,0",2020-01-10,sexta-feira,16:20:00,SC,101,"208,6",SAO JOSE,Defeito Mecânico no Veículo,Incêndio,Sem Vítimas,Pleno dia,Decrescente,Céu Claro,Simples,Reta,Não,1,0,0,0,1,0,0,1,-27.60327979,-48.63201818,SPRF-SC,DEL01-SC,UOP01-DEL01-SC,2020
"261939,0",2020-01-10,sexta-feira,17:25:00,SC,470,"127,0",IBIRAMA,Ultrapassagem Indevida,Colisão transversal,Com Vítimas Feridas,Pleno dia,Crescente,Céu Claro,Simples,Reta,Sim,2,0,0,1,1,0,1,2,-27.00499644,-49.47246552,SPRF-SC,DEL04-SC,UOP02-DEL04-SC,2020
"261967,0",2020-01-10,sexta-feira,18:15:00,SC,470,"57,0",BLUMENAU,Falta de Atenção à Condução,Colisão transversal,Com Vítimas Feridas,Pleno dia,Decrescente,Céu Claro,Simples,Interseção de Vias,Não,2,0,1,0,1,0,1,2,-26.880428,-49.136532,SPRF-SC,DEL04-SC,UOP01-DEL04-SC,2020
"261975,0",2020-01-10,sexta-feira,19:50:00,SC,470,"169,0",POUSO REDONDO,Desobediência às normas de trânsito pelo condutor,Colisão frontal,Sem Vítimas,Plena Noite,Decrescente,Chuva,Simples,Reta,Não,2,0,0,0,2,0,0,2,-27.265471,-49.882442,SPRF-SC,DEL04-SC,UOP02-DEL04-SC,2020
"261976,0",2020-01-10,sexta-feira,17:15:00,SC,280,"41,0",ARAQUARI,Velocidade Incompatível,Capotamento,Com Vítimas Feridas,Pleno dia,Crescente,Céu Claro,Simples,Reta,Não,2,0,2,0,0,0,2,1,-26.45000366,-48.85790902,SPRF-SC,DEL03-SC,UOP03-DEL03-SC,2020
"261986,0",2020-01-10,sexta-feira,18:20:00,SC,470,"42,2",GASPAR,Desobediência às normas de trânsito pelo condutor,Colisão traseira,Com Vítimas Feridas,Pleno dia,Decrescente,Nublado,Simples,Curva,Não,2,0,1,0,1,0,1,2,-26.87474139,-49.00603473,SPRF-SC,DEL04-SC,UOP01-DEL04-SC,2020
"261988,0",2020-01-10,sexta-feira,20:35:00,SC,282,"16,0",PALHOCA,Desobediência às normas de trânsito pelo condutor,Colisão transversal,Com Vítimas Feridas,Plena Noite,Crescente,Garoa/Chuvisco,Simples,Reta,Sim,2,0,1,0,1,0,1,2,-27.658611,-48.681847,SPRF-SC,DEL01-SC,UOP02-DEL01-SC,2020
"261989,0",2020-01-10,sexta-feira,20:15:00,SC,101,"123,4",ITAJAI,Não guardar distância de segurança,Colisão traseira,Com Vítimas Feridas,Plena Noite,Crescente,Garoa/Chuvisco,Dupla,Declive;Reta,Sim,4,0,2,0,2,0,2,2,-26.93668609,-48.69876905,SPRF-SC,DEL04-SC,UOP04-DEL04-SC,2020
"262004,0",2020-01-10,sexta-feira,19:30:00,SC,282,"518,8",XAXIM,Avarias e/ou desgaste excessivo no pneu,Colisão frontal,Com Vítimas Feridas,Plena Noite,Crescente,Chuva,Simples,Reta,Não,3,0,0,3,0,0,3,2,-26.944099,-52.508427,SPRF-SC,DEL07-SC,UOP01-DEL07-SC,2020
"262007,0",2020-01-10,sexta-feira,21:43:00,SC,101,"119,2",ITAJAI,Ingestão de Álcool,Colisão traseira,Com Vítimas Feridas,Plena Noite,Crescente,Chuva,Dupla,Reta,Sim,3,0,1,0,2,0,1,2,-26.9043179,-48.71555481,SPRF-SC,DEL04-SC,UOP04-DEL04-SC,2020
"262016,0",2020-01-10,sexta-feira,23:00:00,SC,101,"367,0",ICARA,Pista Escorregadia,Saída de leito carroçável,Com Vítimas Feridas,Plena Noite,Crescente,Chuva,Dupla,Curva;Aclive,Não,5,0,4,1,0,0,5,1,-28.69145778,-49.16484911,SPRF-SC,DEL02-SC,UOP01-DEL02-SC,2020
"262017,0",2020-01-10,sexta-feira,23:40:00,SC,101,"367,0",SANGAO,Pista Escorregadia,Saída de leito carroçável,Com Vítimas Feridas,Plena Noite,Decrescente,Chuva,Dupla,Curva,Não,2,0,1,0,1,0,1,1,-28.69145778,-49.16484911,SPRF-SC,DEL02-SC,UOP01-DEL02-SC,2020
"262044,0",2020-01-11,sábado,04:10:00,SC,101,"198,0",BIGUACU,Agressão Externa,Saída de leito carroçável,Com Vítimas Feridas,Amanhecer,Decrescente,Chuva,Dupla,Reta,Não,3,0,1,0,2,0,1,1,-27.52658712,-48.63506019,SPRF-SC,DEL01-SC,UOP01-DEL01-SC,2020
"262056,0",2020-01-10,sexta-feira,21:55:00,SC,470,"97,0",APIUNA,Desobediência às normas de trânsito pelo condutor,Colisão traseira,Com Vítimas Feridas,Plena Noite,Crescente,Chuva,Simples,Reta,Não,2,0,1,0,1,0,1,2,-27.026621,-49.378124,SPRF-SC,DEL04-SC,UOP01-DEL04-SC,2020
"262078,0",2020-01-11,sábado,08:45:00,SC,101,"41,5",JOINVILLE,Falta de Atenção à Condução,Colisão traseira,Com Vítimas Feridas,Pleno dia,Decrescente,Nublado,Dupla,Aclive;Viaduto;Reta,Sim,2,0,1,0,1,0,1,2,-26.32013296,-48.87048125,SPRF-SC,DEL03-SC,UOP01-DEL03-SC,2020
"262090,0",2020-01-11,sábado,09:50:00,SC,280,"90,7",CORUPA,Velocidade Incompatível,Queda de ocupante de veículo,Com Vítimas Feridas,Pleno dia,Decrescente,Céu Claro,Simples,Curva,Não,1,0,1,0,0,0,1,1,-26.407423,-49.283504,SPRF-SC,DEL06-SC,UOP03-DEL06-SC,2020
"262094,0",2020-01-11,sábado,08:30:00,SC,280,"25,0",ARAQUARI,Não guardar distância de segurança,Colisão traseira,Com Vítimas Feridas,Pleno dia,Crescente,Céu Claro,Simples,Reta,Não,4,0,2,0,2,0,2,3,-26.38352781,-48.72677516,SPRF-SC,DEL03-SC,UOP03-DEL03-SC,2020
"262101,0",2020-01-11,sábado,11:00:00,SC,101,"208,0",SAO JOSE,Ingestão de Álcool,Colisão traseira,Sem Vítimas,Pleno dia,Crescente,Nublado,Dupla,Reta,Sim,2,0,0,0,2,0,0,2,-27.60327979,-48.63201818,SPRF-SC,DEL01-SC,UOP01-DEL01-SC,2020
"262158,0",2020-01-10,sexta-feira,05:00:00,SC,282,"359,1",ERVAL VELHO,Ingestão de Álcool,Colisão com objeto estático,Com Vítimas Fatais,Plena Noite,Crescente,Ignorado,Simples,Reta,Não,1,1,0,0,0,0,0,1,-27.324184,-51.36026,SPRF-SC,DEL07-SC,UOP05-DEL07-SC,2020
"262168,0",2020-01-11,sábado,15:30:00,SC,282,"525,0",XAXIM,Falta de Atenção à Condução,Colisão lateral,Com Vítimas Feridas,Pleno dia,Crescente,Nublado,Simples,Curva,Não,2,0,1,0,1,0,1,2,-26.965441,-52.566383,SPRF-SC,DEL07-SC,UOP01-DEL07-SC,2020
"262210,0",2020-01-11,sábado,19:00:00,SC,101,"96,0",BALNEARIO PICARRAS,Falta de Atenção à Condução,Capotamento,Com Vítimas Feridas,Anoitecer,Crescente,Céu Claro,Simples,Reta,Sim,1,0,1,0,0,0,1,1,-26.72919261,-48.70181859,SPRF-SC,DEL03-SC,UOP02-DEL03-SC,2020
"262250,0",2020-01-12,domingo,00:20:00,SC,101,"75,0",ARAQUARI,Defeito Mecânico no Veículo,Incêndio,Sem Vítimas,Plena Noite,Crescente,Nublado,Simples,Reta,Não,1,0,0,0,0,1,0,1,-26.5519717,-48.71688324,SPRF-SC,DEL03-SC,UOP02-DEL03-SC,2020
"262251,0",2020-01-12,domingo,00:20:00,SC,280,"48,1",ARAQUARI,Falta de Atenção à Condução,Colisão transversal,Com Vítimas Feridas,Plena Noite,Crescente,Nublado,Simples,Aclive;Interseção de Vias;Reta,Sim,3,0,1,0,2,0,1,2,-26.45596957,-48.93013895,SPRF-SC,DEL03-SC,UOP03-DEL03-SC,2020
"262256,0",2020-01-12,domingo,02:50:00,SC,282,"506,9",XANXERE,Ingestão de Álcool,Saída de leito carroçável,Com Vítimas Feridas,Plena Noite,Crescente,Céu Claro,Simples,Curva,Sim,1,0,1,0,0,0,1,1,-26.885712,-52.42907,SPRF-SC,DEL07-SC,UOP01-DEL07-SC,2020
"262290,0",2020-01-12,domingo,07:00:00,SC,282,"646,0",SAO MIGUEL DO OESTE,Ingestão de álcool e/ou substâncias psicoativas pelo pedestre,Saída de leito carroçável,Com Vítimas Feridas,Pleno dia,Crescente,Céu Claro,Simples,Curva;Rotatória,Sim,1,0,1,0,0,0,1,1,-26.763933,-53.496826,SPRF-SC,DEL07-SC,UOP03-DEL07-SC,2020
"262306,0",2020-01-12,domingo,11:05:00,SC,101,"29,1",JOINVILLE,Falta de Atenção à Condução,Colisão traseira,Com Vítimas Feridas,Pleno dia,Crescente,Nublado,Dupla,Reta,Sim,3,0,0,1,1,1,1,3,-26.211903,-48.91589904,SPRF-SC,DEL03-SC,UOP01-DEL03-SC,2020
"262309,0",2020-01-12,domingo,11:15:00,SC,470,"139,1",RIO DO SUL,Falta de Atenção à Condução,Tombamento,Com Vítimas Feridas,Pleno dia,Crescente,Céu Claro,Dupla,Interseção de Vias,Sim,2,0,1,0,1,0,1,2,-27.217564,-49.65461,SPRF-SC,DEL04-SC,UOP02-DEL04-SC,2020
"262338,0",2020-01-12,domingo,14:00:00,SC,470,"134,8",RIO DO SUL,Falta de Atenção à Condução,Colisão transversal,Com Vítimas Feridas,Pleno dia,Crescente,Céu Claro,Simples,Interseção de Vias,Não,2,0,0,1,1,0,1,2,-27.17823573,-49.59464919,SPRF-SC,DEL04-SC,UOP02-DEL04-SC,2020
"262382,0",2020-01-12,domingo,17:40:00,SC,101,"90,2",BARRA VELHA,Não guardar distância de segurança,Engavetamento,Com Vítimas Feridas,Pleno dia,Decrescente,Céu Claro,Dupla,Reta,Não,4,0,1,0,3,0,1,3,-26.66352916,-48.68888497,SPRF-SC,DEL03-SC,UOP02-DEL03-SC,2020
"262435,0",2020-01-12,domingo,22:00:00,SC,101,"211,5",PALHOCA,Desobediência às normas de trânsito pelo condutor,Saída de leito carroçável,Com Vítimas Feridas,Plena Noite,Decrescente,Céu Claro,Múltipla,Reta,Sim,1,0,1,0,0,0,1,1,-27.62329313,-48.65245588,SPRF-SC,DEL01-SC,UOP02-DEL01-SC,2020
"262443,0",2020-01-12,domingo,22:35:00,SC,101,"195,0",BIGUACU,Objeto estático sobre o leito carroçável,Colisão com objeto estático,Sem Vítimas,Plena Noite,Decrescente,Céu Claro,Dupla,Reta,Não,1,0,0,0,1,0,0,1,-27.5047092,-48.65010819,SPRF-SC,DEL01-SC,UOP01-DEL01-SC,2020
"262457,0",2020-01-12,domingo,23:30:00,SC,470,"85,6",RODEIO,Falta de Atenção do Pedestre,Atropelamento de Pedestre,Com Vítimas Fatais,Plena Noite,Crescente,Céu Claro,Simples,Reta,Sim,2,1,0,0,1,0,0,2,-26.956114,-49.350414,SPRF-SC,DEL04-SC,UOP01-DEL04-SC,2020
"262493,0",2020-01-13,segunda-feira,07:00:00,SC,101,"214,0",PALHOCA,Falta de Atenção à Condução,Colisão transversal,Com Vítimas Feridas,Pleno dia,Crescente,Céu Claro,Dupla,Viaduto,Sim,2,0,1,0,1,0,1,2,-27.64443,-48.67057,SPRF-SC,DEL01-SC,UOP02-DEL01-SC,2020
"262501,0",2020-01-13,segunda-feira,08:01:00,SC,280,"24,8",ARAQUARI,Desobediência às normas de trânsito pelo condutor,Colisão transversal,Com Vítimas Feridas,Pleno dia,Crescente,Sol,Simples,Reta,Não,3,0,2,0,1,0,2,2,-26.38252777,-48.72554541,SPRF-SC,DEL03-SC,UOP03-DEL03-SC,2020
"262502,0",2020-01-13,segunda-feira,07:50:00,SC,282,"15,7",PALHOCA,Falta de Atenção do Pedestre,Colisão traseira,Sem Vítimas,Pleno dia,Crescente,Céu Claro,Simples,Reta,Sim,2,0,0,0,2,0,0,2,-27.651848,-48.676048,SPRF-SC,DEL01-SC,UOP02-DEL01-SC,2020
"262537,0",2020-01-13,segunda-feira,09:00:00,SC,101,"206,0",SAO JOSE,Falta de Atenção do Pedestre,Atropelamento de Pedestre,Com Vítimas Feridas,Pleno dia,Crescente,Céu Claro,Múltipla,Reta,Sim,2,0,1,0,1,0,1,2,-27.59193546,-48.61824557,SPRF-SC,DEL01-SC,UOP01-DEL01-SC,2020
"262551,0",2020-01-13,segunda-feira,09:45:00,SC,282,"5,0",SAO JOSE,Não guardar distância de segurança,Colisão lateral,Com Vítimas Feridas,Pleno dia,Decrescente,Céu Claro,Dupla,Reta,Sim,2,0,1,0,0,1,1,2,-27.588425,-48.612919,SPRF-SC,DEL01-SC,UOP01-DEL01-SC,2020
"262572,0",2020-01-13,segunda-feira,11:20:00,SC,101,"197,0",BIGUACU,Defeito Mecânico no Veículo,Tombamento,Com Vítimas Feridas,Pleno dia,Crescente,Sol,Múltipla,Reta,Sim,2,0,1,0,1,0,1,1,-27.51844497,-48.63848496,SPRF-SC,DEL01-SC,UOP01-DEL01-SC,2020
"262579,0",2020-01-13,segunda-feira,11:15:00,SC,470,"9,0",NAVEGANTES,Falta de Atenção do Pedestre,Colisão transversal,Com Vítimas Feridas,Pleno dia,Crescente,Céu Claro,Simples,Reta,Não,3,0,0,3,0,0,3,2,-26.79434803,-48.68350983,SPRF-SC,DEL04-SC,UOP04-DEL04-SC,2020
"262591,0",2020-01-13,segunda-feira,11:10:00,SC,470,"129,6",LONTRAS,Falta de Atenção à Condução,Colisão traseira,Com Vítimas Feridas,Pleno dia,Decrescente,Sol,Simples,Reta,Sim,2,0,1,0,1,0,1,2,-27.148499,-49.556137,SPRF-SC,DEL04-SC,UOP02-DEL04-SC,2020