id,data_inversa,dia_semana,horario,uf,br,km,municipio,causa_acidente,tipo_acidente,classificacao_acidente,fase_dia,sentido_via,condicao_metereologica,tipo_pista,tracado_via,uso_solo,pessoas,mortos,feridos_leves,feridos_graves,ilesos,ignorados,feridos,veiculos,latitude,longitude,regional,delegacia,uop,ano_arquivo
"262605,0",2020-01-13,segunda-feira,14:25:00,SC,101,"217,0",PALHOCA,Falta de Atenção à Condução,Engavetamento,Com Vítimas Feridas,Pleno dia,Decrescente,Sol,Múltipla,Reta,Sim,5,0,1,0,4,0,1,5,-27.66779034,-48.67393586,SPRF-SC,DEL01-SC,UOP02-DEL01-SC,2020
"262608,0",2020-01-13,segunda-feira,12:10:00,SC,163,"76,9",SAO MIGUEL DO OESTE,Falta de Atenção à Condução,Colisão frontal,Com Vítimas Feridas,Pleno dia,Crescente,Céu Claro,Simples,Curva,Não,7,0,0,2,5,0,2,2,-26.68478399,-53.51451486,SPRF-SC,DEL07-SC,UOP03-DEL07-SC,2020
"262613,0",2020-01-13,segunda-feira,09:45:00,SC,282,"156,0",BOM RETIRO,Velocidade Incompatível,Saída de leito carroçável,Com Vítimas Feridas,Pleno dia,Crescente,Céu Claro,Simples,Reta,Não,3,0,1,1,1,0,2,1,-27.746881,-49.715881,SPRF-SC,DEL05-SC,UOP01-DEL05-SC,2020
"262617,0",2020-01-12,domingo,05:00:00,SC,282,"587,0",SAUDADES,Ingestão de Álcool,Colisão com objeto estático,Com Vítimas Feridas,Amanhecer,Crescente,Nublado,Simples,Curva,Não,2,0,1,0,1,0,1,1,-26.830677,-53.04443,SPRF-SC,DEL07-SC,UOP02-DEL07-SC,2020
"262636,0",2020-01-13,segunda-feira,17:00:00,SC,282,"19,8",PALHOCA,Falta de Atenção à Condução,Colisão transversal,Com Vítimas Feridas,Pleno dia,Crescente,Sol,Simples,Reta,Sim,2,0,1,0,1,0,1,2,-27.678635,-48.70192,SPRF-SC,DEL01-SC,UOP02-DEL01-SC,2020
"262649,0",2020-01-13,segunda-feira,07:20:00,SC,101,"327,0",CAPIVARI DE BAIXO,Falta de Atenção à Condução,Saída de leito carroçável,Com Vítimas Feridas,Pleno dia,Crescente,Céu Claro,Simples,Reta,Sim,1,0,1,0,0,0,1,1,-28.43023306,-48.95205197,SPRF-SC,DEL02-SC,UOP01-DEL02-SC,2020
"262663,0",2020-01-13,segunda-feira,17:30:00,SC,470,"65,9",INDAIAL,Desobediência às normas de trânsito pelo condutor,Colisão transversal,Com Vítimas Feridas,Pleno dia,Crescente,Sol,Simples,Reta;Em Obras,Sim,3,0,2,0,1,0,2,2,-26.870411,-49.211864,SPRF-SC,DEL04-SC,UOP01-DEL04-SC,2020
"262664,0",2020-01-13,segunda-feira,17:00:00,SC,470,"173,5",POUSO REDONDO,Falta de Atenção à Condução,Colisão transversal,Com Vítimas Feridas,Pleno dia,Crescente,Sol,Simples,Reta,Sim,3,0,2,0,1,0,2,2,-27.25984,-49.919285,SPRF-SC,DEL04-SC,UOP02-DEL04-SC,2020
"262675,0",2020-01-13,segunda-feira,19:50:00,SC,101,"123,8",ITAJAI,Falta de Atenção à Condução,Tombamento,Com Vítimas Feridas,Plena Noite,Crescente,Céu Claro,Simples,Retorno Regulamentado,Não,2,0,2,0,0,0,2,1,-26.94919964,-48.68157864,SPRF-SC,DEL04-SC,UOP04-DEL04-SC,2020
"262679,0",2020-01-13,segunda-feira,19:45:00,SC,101,"151,0",ITAPEMA,Falta de Atenção do Pedestre,Atropelamento de Pedestre,Com Vítimas Fatais,Anoitecer,Crescente,Céu Claro,Simples,Reta,Sim,2,1,0,0,1,0,0,2,-27.126536,-48.609642,SPRF-SC,DEL04-SC,UOP03-DEL04-SC,2020
"262686,0",2020-01-13,segunda-feira,22:15:00,SC,101,"214,0",PALHOCA,Falta de Atenção à Condução,Colisão lateral,Com Vítimas Feridas,Plena Noite,Crescente,Céu Claro,Dupla,Reta,Sim,2,0,1,0,1,0,1,2,-27.64443,-48.67057,SPRF-SC,DEL01-SC,UOP02-DEL01-SC,2020
"262688,0",2020-01-13,segunda-feira,22:45:00,SC,101,"200,0",SAO JOSE,Falta de Atenção à Condução,Colisão lateral,Com Vítimas Feridas,Plena Noite,Decrescente,Nublado,Dupla,Reta,Sim,2,0,2,0,0,0,2,2,-27.54018513,-48.62287714,SPRF-SC,DEL01-SC,UOP01-DEL01-SC,2020
"262696,0",2020-01-13,segunda-feira,23:30:00,SC,101,"203,0",SAO JOSE,Desobediência às normas de trânsito pelo condutor,Colisão traseira,Sem Vítimas,Plena Noite,Crescente,Céu Claro,Múltipla,Interseção de Vias,Sim,2,0,0,0,2,0,0,2,-27.5650044,-48.61460082,SPRF-SC,DEL01-SC,UOP01-DEL01-SC,2020
"262715,0",2020-01-14,terça-feira,04:50:00,SC,101,"203,0",SAO JOSE,Ingestão de Álcool,Colisão com objeto estático,Com Vítimas Feridas,Amanhecer,Decrescente,Nublado,Múltipla,Reta,Sim,1,0,1,0,0,0,1,1,-27.5650044,-48.61460082,SPRF-SC,DEL01-SC,UOP01-DEL01-SC,2020
"262721,0",2020-01-14,terça-feira,05:50:00,SC,101,"117,0",ITAJAI,Desobediência às normas de trânsito pelo condutor,Colisão transversal,Com Vítimas Feridas,Pleno dia,Decrescente,Céu Claro,Simples,Interseção de Vias,Sim,2,0,0,1,1,0,1,2,-26.88747187,-48.72252969,SPRF-SC,DEL04-SC,UOP04-DEL04-SC,2020
"262730,0",2020-01-14,terça-feira,07:30:00,SC,101,"216,5",PALHOCA,Falta de Atenção à Condução,Colisão traseira,Com Vítimas Feridas,Pleno dia,Decrescente,Sol,Dupla,Curva;Viaduto;Aclive,Sim,2,0,1,0,1,0,1,2,-27.65601586,-48.67838681,SPRF-SC,DEL01-SC,UOP02-DEL01-SC,2020
"262755,0",2020-01-06,segunda-feira,12:35:00,SC,282,"1,0",FLORIANOPOLIS,Falta de Atenção à Condução,Colisão lateral,Com Vítimas Feridas,Pleno dia,Decrescente,Céu Claro,Dupla,Reta,Sim,2,0,1,0,1,0,1,2,-27.602955,-48.580509,SPRF-SC,DEL01-SC,UOP01-DEL01-SC,2020
"262757,0",2020-01-14,terça-feira,10:00:00,SC,282,"3,0",FLORIANOPOLIS,Desobediência às normas de trânsito pelo condutor,Colisão lateral,Com Vítimas Feridas,Pleno dia,Decrescente,Sol,Dupla,Reta,Não,2,0,1,0,1,0,1,2,-27.600384,-48.599705,SPRF-SC,DEL01-SC,UOP01-DEL01-SC,2020
"262780,0",2020-01-14,terça-feira,12:45:00,SC,282,"127,5",BOM RETIRO,Falta de Atenção à Condução,Saída de leito carroçável,Com Vítimas Feridas,Pleno dia,Decrescente,Céu Claro,Simples,Reta,Sim,1,0,1,0,0,0,1,1,-27.800486,-49.478535,SPRF-SC,DEL05-SC,UOP01-DEL05-SC,2020
"262783,0",2020-01-14,terça-feira,11:40:00,SC,282,"340,0",CAMPOS NOVOS,Não guardar distância de segurança,Colisão traseira,Com Vítimas Feridas,Pleno dia,Crescente,Sol,Simples,Reta,Sim,2,0,1,0,1,0,1,2,-27.388266,-51.203793,SPRF-SC,DEL07-SC,UOP06-DEL07-SC,2020
"262788,0",2020-01-14,terça-feira,13:05:00,SC,101,"364,9",SANGAO,Velocidade Incompatível,Saída de leito carroçável,Com Vítimas Feridas,Pleno dia,Crescente,Céu Claro,Dupla,Reta,Não,6,0,2,0,4,0,2,1,-28.67821759,-49.13926425,SPRF-SC,DEL02-SC,UOP01-DEL02-SC,2020
"262797,0",2020-01-14,terça-feira,14:40:00,SC,101,"146,0",ITAPEMA,Falta de Atenção à Condução,Colisão traseira,Com Vítimas Feridas,Pleno dia,Decrescente,Céu Claro,Dupla,Reta,Não,3,0,2,0,1,0,2,2,-27.08666525,-48.60955587,SPRF-SC,DEL04-SC,UOP03-DEL04-SC,2020
"262817,0",2020-01-14,terça-feira,16:40:00,SC,101,"413,3",ARARANGUA,Desobediência às normas de trânsito pelo condutor,Colisão transversal,Sem Vítimas,Pleno dia,Crescente,Céu Claro,Simples,Rotatória,Sim,2,0,0,0,2,0,0,2,-28.94605997,-49.50428402,SPRF-SC,DEL02-SC,UOP02-DEL02-SC,2020
"262835,0",2020-01-14,terça-feira,18:20:00,SC,101,"82,8",BARRA VELHA,Falta de Atenção à Condução,Queda de ocupante de veículo,Com Vítimas Feridas,Pleno dia,Decrescente,Céu Claro,Dupla,Declive;Reta,Não,2,0,2,0,0,0,2,1,-26.61085222,-48.72204472,SPRF-SC,DEL03-SC,UOP02-DEL03-SC,2020
"262840,0",2020-01-14,terça-feira,20:00:00,SC,101,"195,0",BIGUACU,Falta de Atenção à Condução,Colisão com objeto estático,Com Vítimas Feridas,Plena Noite,Crescente,Céu Claro,Dupla,Reta,Não,2,0,1,0,1,0,1,2,-27.5047092,-48.65010819,SPRF-SC,DEL01-SC,UOP01-DEL01-SC,2020
"262892,0",2020-01-15,quarta-feira,05:20:00,SC,116,"229,4",CORREIA PINTO,Velocidade Incompatível,Saída de leito carroçável,Com Vítimas Feridas,Amanhecer,Crescente,Nublado,Simples,Reta,Não,1,0,1,0,0,0,1,1,-27.655347,-50.33649095,SPRF-SC,DEL05-SC,UOP03-DEL05-SC,2020
"262895,0",2020-01-15,quarta-feira,06:55:00,SC,101,"338,5",TUBARAO,Falta de Atenção à Condução,Incêndio,Sem Vítimas,Pleno dia,Decrescente,Céu Claro,Dupla,Reta,Não,1,0,0,0,1,0,0,1,-28.485725,-49.03726,SPRF-SC,DEL02-SC,UOP01-DEL02-SC,2020
"262896,0",2020-01-15,quarta-feira,07:00:00,SC,280,"126,0",RIO NEGRINHO,Falta de Atenção à Condução,Colisão transversal,Com Vítimas Feridas,Pleno dia,Decrescente,Céu Claro,Simples,Reta,Sim,2,0,1,0,1,0,1,2,-26.24419478,-49.51619625,SPRF-SC,DEL06-SC,UOP03-DEL06-SC,2020
"262938,0",2020-01-15,quarta-feira,10:50:00,SC,101,"139,0",BALNEARIO CAMBORIU,Pista Escorregadia,Tombamento,Com Vítimas Feridas,Pleno dia,Decrescente,Céu Claro,Dupla,Retorno Regulamentado,Não,1,0,1,0,0,0,1,1,-27.02982303,-48.60115006,SPRF-SC,DEL04-SC,UOP03-DEL04-SC,2020
"262968,0",2020-01-15,quarta-feira,14:20:00,SC,101,"86,3",BARRA VELHA,Falta de Atenção à Condução,Colisão traseira,Com Vítimas Feridas,Pleno dia,Decrescente,Sol,Dupla,Viaduto,Sim,1,0,1,0,0,0,1,1,-26.63277317,-48.70232513,SPRF-SC,DEL03-SC,UOP02-DEL03-SC,2020
"262971,0",2020-01-15,quarta-feira,15:00:00,SC,282,"17,5",PALHOCA,Falta de Atenção à Condução,Colisão transversal,Sem Vítimas,Pleno dia,Decrescente,Céu Claro,Simples,Reta,Sim,2,0,0,0,2,0,0,2,-27.665707,-48.688065,SPRF-SC,DEL01-SC,UOP02-DEL01-SC,2020
"262984,0",2020-01-15,quarta-feira,15:50:00,SC,282,"17,5",PALHOCA,Falta de Atenção à Condução,Colisão traseira,Com Vítimas Feridas,Pleno dia,Decrescente,Céu Claro,Simples,Reta,Sim,2,0,0,1,1,0,1,2,-27.665707,-48.688065,SPRF-SC,DEL01-SC,UOP02-DEL01-SC,2020
"262996,0",2020-01-15,quarta-feira,13:00:00,SC,282,"424,7",VARGEM BONITA,Falta de Atenção à Condução,Colisão lateral,Com Vítimas Feridas,Pleno dia,Crescente,Céu Claro,Simples,Curva,Não,3,0,1,0,2,0,1,2,-26.988014,-51.753124,SPRF-SC,DEL07-SC,UOP05-DEL07-SC,2020
"263007,0",2020-01-15,quarta-feira,17:00:00,SC,282,"395,2",JOACABA,Desobediência às normas de trânsito pelo condutor,Colisão lateral,Com Vítimas Feridas,Pleno dia,Decrescente,Céu Claro,Simples,Curva,Não,2,0,2,0,0,0,2,2,-27.156887,-51.592079,SPRF-SC,DEL07-SC,UOP05-DEL07-SC,2020
"263036,0",2020-01-15,quarta-feira,22:00:00,SC,101,"208,2",SAO JOSE,Falta de Atenção à Condução,Tombamento,Com Vítimas Feridas,Plena Noite,Decrescente,Nublado,Dupla,Reta,Sim,1,0,1,0,0,0,1,1,-27.60327979,-48.63201818,SPRF-SC,DEL01-SC,UOP01-DEL01-SC,2020
"263038,0",2020-01-15,quarta-feira,23:10:00,SC,101,"208,6",SAO JOSE,Falta de Atenção à Condução,Tombamento,Com Vítimas Feridas,Plena Noite,Crescente,Nublado,Dupla,Curva,Sim,2,0,2,0,0,0,2,1,-27.60327979,-48.63201818,SPRF-SC,DEL01-SC,UOP01-DEL01-SC,2020
"263055,0",2020-01-16,quinta-feira,05:40:00,SC,101,"210,0",SAO JOSE,Falta de Atenção à Condução,Tombamento,Com Vítimas Feridas,Pleno dia,Decrescente,Nublado,Simples,Reta,Sim,1,0,0,1,0,0,1,1,-27.6167305,-48.6457265,SPRF-SC,DEL01-SC,UOP01-DEL01-SC,2020
"263058,0",2020-01-16,quinta-feira,05:40:00,SC,101,"257,5",GAROPABA,Velocidade Incompatível,Saída de leito carroçável,Com Vítimas Feridas,Amanhecer,Decrescente,Chuva,Dupla,Curva,Não,2,0,1,1,0,0,2,1,-28.0121085,-48.69480285,SPRF-SC,DEL02-SC,UOP03-DEL02-SC,2020
"263070,0",2020-01-16,quinta-feira,08:00:00,SC,101,"210,0",SAO JOSE,Desobediência às normas de trânsito pelo condutor,Colisão traseira,Com Vítimas Feridas,Pleno dia,Decrescente,Nublado,Múltipla,Reta,Sim,2,0,1,0,1,0,1,2,-27.6167305,-48.6457265,SPRF-SC,DEL01-SC,UOP01-DEL01-SC,2020
"263084,0",2020-01-16,quinta-feira,07:40:00,SC,101,"251,1",PAULO LOPES,Falta de Atenção à Condução,Colisão transversal,Com Vítimas Feridas,Pleno dia,Crescente,Nublado,Dupla,Reta,Sim,2,0,0,1,1,0,1,2,-27.96046202,-48.67930412,SPRF-SC,DEL02-SC,UOP03-DEL02-SC,2020
"263092,0",2020-01-16,quinta-feira,07:30:00,SC,101,"210,0",SAO JOSE,Não guardar distância de segurança,Colisão transversal,Com Vítimas Feridas,Pleno dia,Decrescente,Céu Claro,Dupla,Reta,Sim,2,0,1,0,1,0,1,2,-27.6167305,-48.6457265,SPRF-SC,DEL01-SC,UOP01-DEL01-SC,2020
"263094,0",2020-01-16,quinta-feira,08:20:00,SC,101,"212,0",PALHOCA,Não guardar distância de segurança,Colisão lateral,Com Vítimas Feridas,Pleno dia,Decrescente,Nublado,Dupla,Reta,Sim,3,0,1,0,2,0,1,3,-27.62996929,-48.65903871,SPRF-SC,DEL01-SC,UOP02-DEL01-SC,2020
"263133,0",2020-01-05,domingo,22:30:00,SC,470,"1,0",NAVEGANTES,Falta de Atenção à Condução,Atropelamento de Pedestre,Com Vítimas Feridas,Plena Noite,Decrescente,Ignorado,Dupla,Reta,Não,2,0,1,1,0,0,2,2,-26.875383,-48.668285,SPRF-SC,DEL04-SC,UOP04-DEL04-SC,2020
"263138,0",2020-01-16,quinta-feira,13:35:00,SC,101,"214,5",PALHOCA,Não guardar distância de segurança,Colisão traseira,Com Vítimas Feridas,Pleno dia,Decrescente,Céu Claro,Múltipla,Viaduto,Sim,2,0,1,0,1,0,1,2,-27.64443,-48.67057,SPRF-SC,DEL01-SC,UOP02-DEL01-SC,2020
"263154,0",2020-01-16,quinta-feira,14:10:00,SC,282,"18,9",PALHOCA,Desobediência às normas de trânsito pelo condutor,Colisão transversal,Com Vítimas Feridas,Pleno dia,Crescente,Nublado,Simples,Reta,Não,6,0,3,3,0,0,6,2,-27.678635,-48.70192,SPRF-SC,DEL01-SC,UOP02-DEL01-SC,2020
"263155,0",2020-01-16,quinta-feira,10:45:00,SC,470,"103,8",APIUNA,Avarias e/ou desgaste excessivo no pneu,Saída de leito carroçável,Com Vítimas Fatais,Pleno dia,Decrescente,Chuva,Simples,Curva,Não,1,1,0,0,0,0,0,1,-27.06371182,-49.40792084,SPRF-SC,DEL04-SC,UOP02-DEL04-SC,2020
"263163,0",2020-01-16,quinta-feira,12:50:00,SC,101,"58,0",ARAQUARI,Falta de Atenção à Condução,Colisão com objeto estático,Com Vítimas Feridas,Pleno dia,Decrescente,Chuva,Simples,Retorno Regulamentado,Não,1,0,1,0,0,0,1,1,-26.44025049,-48.80129043,SPRF-SC,DEL03-SC,UOP02-DEL03-SC,2020
"263171,0",2020-01-16,quinta-feira,12:00:00,SC,282,"3,2",FLORIANOPOLIS,Falta de Atenção à Condução,Colisão lateral,Com Vítimas Feridas,Pleno dia,Decrescente,Nublado,Dupla,Reta,Sim,2,0,1,0,1,0,1,2,-27.59843543,-48.60040426,SPRF-SC,DEL01-SC,UOP01-DEL01-SC,2020
"263173,0",2020-01-16,quinta-feira,14:00:00,SC,282,"632,3",DESCANSO,Falta de Atenção à Condução,Saída de leito carroçável,Com Vítimas Feridas,Pleno dia,Decrescente,Chuva,Simples,Curva,Não,4,0,3,0,1,0,3,1,-26.8253,-53.404217,SPRF-SC,DEL07-SC,UOP03-DEL07-SC,2020
"263183,0",2020-01-16,quinta-feira,10:30:00,SC,470,"233,9",SAO CRISTOVAO DO SUL,Falta de Atenção à Condução,Colisão traseira,Com Vítimas Feridas,Pleno dia,Decrescente,Chuva,Simples,Reta,Não,3,0,1,0,2,0,1,2,-27.301607,-50.421268,SPRF-SC,DEL05-SC,UOP03-DEL05-SC,2020
"263202,0",2020-01-16,quinta-feira,19:00:00,SC,101,"204,3",SAO JOSE,Falta de Atenção à Condução,Colisão traseira,Com Vítimas Feridas,Plena Noite,Decrescente,Céu Claro,Dupla,Reta,Sim,2,0,1,0,1,0,1,2,-27.57413014,-48.61363083,SPRF-SC,DEL01-SC,UOP01-DEL01-SC,2020
"263223,0",2020-01-16,quinta-feira,21:30:00,SC,101,"146,8",ITAPEMA,Mal Súbito,Colisão lateral,Sem Vítimas,Plena Noite,Decrescente,Chuva,Dupla,Declive,Sim,2,0,0,0,2,0,0,2,-27.08666525,-48.60955587,SPRF-SC,DEL04-SC,UOP03-DEL04-SC,2020
"263242,0",2020-01-16,quinta-feira,22:05:00,SC,470,"105,1",APIUNA,Fenômenos da Natureza,Colisão com objeto estático,Com Vítimas Feridas,Plena Noite,Decrescente,Garoa/Chuvisco,Simples,Reta,Não,2,0,1,0,1,0,1,1,-27.066006,-49.417019,SPRF-SC,DEL04-SC,UOP02-DEL04-SC,2020
"263268,0",2020-01-17,sexta-feira,06:55:00,SC,470,"49,2",BLUMENAU,Falta de Atenção à Condução,Colisão transversal,Com Vítimas Feridas,Pleno dia,Crescente,Céu Claro,Simples,Em Obras,Sim,2,0,1,0,1,0,1,2,-26.860662,-49.065159,SPRF-SC,DEL04-SC,UOP01-DEL04-SC,2020
"263311,0",2020-01-17,sexta-feira,09:45:00,SC,101,"421,5",ARARANGUA,Falta de Atenção à Condução,Colisão transversal,Com Vítimas Feridas,Pleno dia,Crescente,Céu Claro,Simples,Reta,Sim,2,0,1,1,0,0,2,2,-29.00048611,-49.5576719,SPRF-SC,DEL02-SC,UOP02-DEL02-SC,2020
"263335,0",2020-01-17,sexta-feira,11:20:00,SC,101,"206,0",SAO JOSE,Falta de Atenção à Condução,Colisão traseira,Com Vítimas Feridas,Pleno dia,Crescente,Céu Claro,Múltipla,Reta,Sim,3,0,1,0,2,0,1,3,-27.59193546,-48.61824557,SPRF-SC,DEL01-SC,UOP01-DEL01-SC,2020
"263352,0",2020-01-17,sexta-feira,13:20:00,SC,101,"202,0",SAO JOSE,Falta de Atenção à Condução,Colisão lateral,Com Vítimas Feridas,Pleno dia,Decrescente,Céu Claro,Múltipla,Reta,Sim,2,0,1,0,1,0,1,2,-27.55711595,-48.61897889,SPRF-SC,DEL01-SC,UOP01-DEL01-SC,2020
"263394,0",2020-01-17,sexta-feira,17:20:00,SC,101,"92,0",BARRA VELHA,Falta de Atenção à Condução,Colisão lateral,Com Vítimas Feridas,Anoitecer,Crescente,Céu Claro,Dupla,Reta,Não,3,0,1,0,2,0,1,3,-26.6806041,-48.6931497,SPRF-SC,DEL03-SC,UOP02-DEL03-SC,2020
"263399,0",2020-01-17,sexta-feira,15:20:00,SC,101,"125,7",ITAJAI,Falta de Atenção à Condução,Colisão lateral,Com Vítimas Feridas,Pleno dia,Crescente,Céu Claro,Dupla,Reta,Não,2,0,1,0,1,0,1,2,-26.94802427,-48.68338515,SPRF-SC,DEL04-SC,UOP04-DEL04-SC,2020
"263401,0",2020-01-17,sexta-feira,16:53:00,SC,101,"204,7",SAO JOSE,Falta de Atenção à Condução,Colisão traseira,Com Vítimas Feridas,Pleno dia,Crescente,Nublado,Múltipla,Aclive,Sim,3,0,1,0,2,0,1,3,-27.57413014,-48.61363083,SPRF-SC,DEL01-SC,UOP01-DEL01-SC,2020
"263419,0",2020-01-17,sexta-feira,18:45:00,SC,101,"201,6",SAO JOSE,Mal Súbito,Saída de leito carroçável,Com Vítimas Feridas,Pleno dia,Crescente,Céu Claro,Múltipla,Reta,Sim,1,0,1,0,0,0,1,1,-27.54836599,-48.61977975,SPRF-SC,DEL01-SC,UOP01-DEL01-SC,2020
"263454,0",2020-01-17,sexta-feira,19:00:00,SC,101,"334,8",TUBARAO,Mal Súbito,Saída de leito carroçável,Com Vítimas Feridas,Plena Noite,Crescente,Céu Claro,Dupla,Reta,Sim,3,0,3,0,0,0,3,1,-28.46730446,-49.00604302,SPRF-SC,DEL02-SC,UOP01-DEL02-SC,2020
"263497,0",2020-01-18,sábado,03:20:00,SC,101,"302,0",LAGUNA,Falta de Atenção à Condução,Tombamento,Com Vítimas Feridas,Plena Noite,Crescente,Céu Claro,Múltipla,Reta,Sim,2,0,0,2,0,0,2,1,-28.35387609,-48.7426239,SPRF-SC,DEL02-SC,UOP03-DEL02-SC,2020
"263519,0",2020-01-18,sábado,05:40:00,SC,470,"158,4",TROMBUDO CENTRAL,Condutor Dormindo,Colisão traseira,Com Vítimas Feridas,Pleno dia,Crescente,Céu Claro,Simples,Reta,Não,3,0,1,0,2,0,1,2,-27.287016,-49.778389,SPRF-SC,DEL04-SC,UOP02-DEL04-SC,2020
"263533,0",2020-01-18,sábado,08:10:00,SC,101,"208,1",SAO JOSE,Velocidade Incompatível,Colisão traseira,Com Vítimas Feridas,Pleno dia,Decrescente,Céu Claro,Múltipla,Reta,Sim,2,0,1,0,1,0,1,2,-27.60327979,-48.63201818,SPRF-SC,DEL01-SC,UOP01-DEL01-SC,2020
"263535,0",2020-01-18,sábado,08:40:00,SC,101,"236,0",PALHOCA,Falta de Atenção à Condução,Colisão com objeto estático,Com Vítimas Feridas,Pleno dia,Crescente,Céu Claro,Dupla,Curva,Não,2,0,2,0,0,0,2,1,-27.82629382,-48.63034842,SPRF-SC,DEL01-SC,UOP02-DEL01-SC,2020
"263537,0",2020-01-18,sábado,08:30:00,SC,101,"148,0",ITAPEMA,Desobediência às normas de trânsito pelo condutor,Colisão transversal,Com Vítimas Feridas,Pleno dia,Crescente,Nublado,Simples,Interseção de Vias,Sim,2,0,1,0,1,0,1,2,-27.10123686,-48.61807962,SPRF-SC,DEL04-SC,UOP03-DEL04-SC,2020
"263544,0",2020-01-18,sábado,07:15:00,SC,282,"18,0",PALHOCA,Ingestão de Álcool,Saída de leito carroçável,Com Vítimas Feridas,Pleno dia,Crescente,Céu Claro,Simples,Reta,Sim,2,0,2,0,0,0,2,1,-27.672798,-48.694286,SPRF-SC,DEL01-SC,UOP02-DEL01-SC,2020
"263557,0",2020-01-18,sábado,11:15:00,SC,101,"204,0",SAO JOSE,Não guardar distância de segurança,Colisão lateral,Com Vítimas Feridas,Pleno dia,Decrescente,Nublado,Dupla,Reta,Não,2,0,0,1,1,0,1,2,-27.57413014,-48.61363083,SPRF-SC,DEL01-SC,UOP01-DEL01-SC,2020
"263574,0",2020-01-18,sábado,12:50:00,SC,101,"213,8",PALHOCA,Falta de Atenção à Condução,Colisão lateral,Com Vítimas Feridas,Pleno dia,Decrescente,Nublado,Dupla,Interseção de Vias,Sim,2,0,1,0,1,0,1,2,-27.63697369,-48.66514142,SPRF-SC,DEL01-SC,UOP02-DEL01-SC,2020
"263575,0",2020-01-18,sábado,13:20:00,SC,101,"124,2",ITAJAI,Falta de Atenção à Condução,Colisão lateral,Com Vítimas Feridas,Pleno dia,Crescente,Nublado,Dupla,Reta,Sim,2,0,1,0,1,0,1,2,-26.94335064,-48.69198648,SPRF-SC,DEL04-SC,UOP04-DEL04-SC,2020
"263585,0",2020-01-18,sábado,12:15:00,SC,282,"210,2",LAGES,Falta de Atenção à Condução,Colisão frontal,Com Vítimas Fatais,Pleno dia,Decrescente,Sol,Simples,Reta,Não,6,1,4,0,1,0,4,2,-27.778582,-50.231815,SPRF-SC,DEL05-SC,UOP01-DEL05-SC,2020
"263601,0",2020-01-18,sábado,15:00:00,SC,101,"134,0",BALNEARIO CAMBORIU,Não guardar distância de segurança,Engavetamento,Com Vítimas Feridas,Pleno dia,Crescente,Nublado,Dupla,Reta,Sim,4,0,1,0,3,0,1,3,-27.00218,-48.636433,SPRF-SC,DEL04-SC,UOP03-DEL04-SC,2020
"263648,0",2020-01-18,sábado,18:10:00,SC,101,"448,6",SANTA ROSA DO SUL,Falta de Atenção à Condução,Colisão transversal,Com Vítimas Feridas,Anoitecer,Decrescente,Nublado,Simples,Viaduto,Sim,3,0,1,0,2,0,1,2,-29.15898991,-49.73540906,SPRF-SC,DEL02-SC,UOP02-DEL02-SC,2020
"263649,0",2020-01-18,sábado,20:20:00,SC,282,"18,0",PALHOCA,Falta de Atenção à Condução,Colisão com objeto estático,Sem Vítimas,Plena Noite,Crescente,Céu Claro,Simples,Reta,Sim,1,0,0,0,1,0,0,1,-27.672798,-48.694286,SPRF-SC,DEL01-SC,UOP02-DEL01-SC,2020
"263658,0",2020-01-15,quarta-feira,06:00:00,SC,470,"97,0",APIUNA,Ingestão de Álcool,Colisão com objeto estático,Sem Vítimas,Pleno dia,Crescente,Céu Claro,Simples,Reta,Não,1,0,0,0,0,1,0,1,-27.026621,-49.378124,SPRF-SC,DEL04-SC,UOP01-DEL04-SC,2020
"263660,0",2020-01-18,sábado,14:20:00,SC,116,"209,8",PONTE ALTA,Ingestão de Álcool,Colisão traseira,Com Vítimas Feridas,Pleno dia,Crescente,Sol,Simples,Reta,Não,5,0,3,0,2,0,3,3,-27.49607258,-50.37005465,SPRF-SC,DEL05-SC,UOP03-DEL05-SC,2020
"263688,0",2020-01-18,sábado,21:30:00,SC,470,"138,0",RIO DO SUL,Velocidade Incompatível,Colisão com objeto estático,Sem Vítimas,Plena Noite,Crescente,Céu Claro,Simples,Reta,Sim,1,0,0,0,0,1,0,1,-27.207214,-49.648476,SPRF-SC,DEL04-SC,UOP02-DEL04-SC,2020
"263689,0",2020-01-18,sábado,21:00:00,SC,470,"138,8",RIO DO SUL,Velocidade Incompatível,Tombamento,Sem Vítimas,Plena Noite,Decrescente,Céu Claro,Simples,Reta,Sim,1,0,0,0,0,1,0,1,-27.207214,-49.648476,SPRF-SC,DEL04-SC,UOP02-DEL04-SC,2020
"263700,0",2020-01-18,sábado,23:30:00,SC,280,"224,9",TRES BARRAS,Ingestão de Álcool,Saída de leito carroçável,Com Vítimas Feridas,Plena Noite,Crescente,Céu Claro,Simples,Reta,Não,1,0,0,1,0,0,1,1,-26.17657438,-50.30719042,SPRF-SC,DEL06-SC,UOP04-DEL06-SC,2020
"263703,0",2020-01-19,domingo,00:40:00,SC,470,"133,2",RIO DO SUL,Falta de Atenção à Condução,Colisão transversal,Com Vítimas Fatais,Plena Noite,Crescente,Céu Claro,Simples,Reta,Sim,2,1,0,0,1,0,0,2,-27.174187,-49.588497,SPRF-SC,DEL04-SC,UOP02-DEL04-SC,2020
"263716,0",2020-01-18,sábado,22:30:00,SC,280,"20,6",BALNEARIO BARRA DO SUL,Falta de Atenção à Condução,Colisão transversal,Com Vítimas Feridas,Plena Noite,Crescente,Chuva,Simples,Interseção de Vias,Não,4,0,3,0,1,0,3,2,-26.36990477,-48.68224301,SPRF-SC,DEL03-SC,UOP03-DEL03-SC,2020
"263759,0",2020-01-19,domingo,07:50:00,SC,101,"90,4",BARRA VELHA,Falta de Atenção à Condução,Colisão traseira,Sem Vítimas,Pleno dia,Crescente,Nublado,Dupla,Reta,Sim,2,0,0,0,1,1,0,2,-26.67277676,-48.69056052,SPRF-SC,DEL03-SC,UOP02-DEL03-SC,2020