id,data_inversa,dia_semana,horario,uf,br,km,municipio,causa_acidente,tipo_acidente,classificacao_acidente,fase_dia,sentido_via,condicao_metereologica,tipo_pista,tracado_via,uso_solo,pessoas,mortos,feridos_leves,feridos_graves,ilesos,ignorados,feridos,veiculos,latitude,longitude,regional,delegacia,uop,ano_arquivo
"263779,0",2020-01-19,domingo,11:40:00,SC,101,"465,0",PASSO DE TORRES,Não guardar distância de segurança,Colisão traseira,Com Vítimas Feridas,Pleno dia,Crescente,Céu Claro,Dupla,Reta,Sim,3,0,2,0,0,1,2,2,-29.298169,-49.768981,SPRF-RS,DEL03-RS,UOP02-DEL03-RS,2020
"263803,0",2020-01-15,quarta-feira,01:50:00,SC,470,"138,5",RIO DO SUL,Ingestão de Álcool,Saída de leito carroçável,Sem Vítimas,Plena Noite,Crescente,Nublado,Simples,Reta,Não,1,0,0,0,1,0,0,1,-27.2120355,-49.65157807,SPRF-SC,DEL04-SC,UOP02-DEL04-SC,2020
"263804,0",2020-01-19,domingo,12:30:00,SC,282,"562,6",NOVA ERECHIM,Condutor Dormindo,Saída de leito carroçável,Com Vítimas Feridas,Pleno dia,Crescente,Sol,Simples,Aclive,Não,3,0,1,0,2,0,1,1,-26.911108,-52.865475,SPRF-SC,DEL07-SC,UOP02-DEL07-SC,2020
"263806,0",2020-01-19,domingo,14:50:00,SC,101,"219,2",PALHOCA,Falta de Atenção à Condução,Queda de ocupante de veículo,Com Vítimas Feridas,Pleno dia,Decrescente,Céu Claro,Múltipla,Reta,Não,3,0,1,0,2,0,1,2,-27.68392194,-48.66710085,SPRF-SC,DEL01-SC,UOP02-DEL01-SC,2020
"263817,0",2020-01-19,domingo,14:15:00,SC,101,"145,0",ITAPEMA,Falta de Atenção à Condução,Colisão traseira,Com Vítimas Feridas,Pleno dia,Decrescente,Céu Claro,Dupla,Aclive,Sim,2,0,1,0,1,0,1,2,-27.08139206,-48.60130993,SPRF-SC,DEL04-SC,UOP03-DEL04-SC,2020
"263832,0",2020-01-19,domingo,17:20:00,SC,101,"81,0",BARRA VELHA,Defeito Mecânico no Veículo,Colisão com objeto estático,Com Vítimas Feridas,Pleno dia,Decrescente,Nublado,Dupla,Curva,Não,2,0,1,1,0,0,2,1,-26.60256101,-48.72553524,SPRF-SC,DEL03-SC,UOP02-DEL03-SC,2020
"263864,0",2020-01-19,domingo,18:00:00,SC,280,"30,0",ARAQUARI,Falta de Atenção à Condução,Colisão traseira,Com Vítimas Feridas,Pleno dia,Decrescente,Céu Claro,Simples,Reta,Sim,3,0,1,1,1,0,2,2,-26.4141523,-48.76209493,SPRF-SC,DEL03-SC,UOP03-DEL03-SC,2020
"263891,0",2020-01-19,domingo,19:15:00,SC,470,"122,1",IBIRAMA,Defeito na Via,Tombamento,Com Vítimas Feridas,Plena Noite,Decrescente,Nublado,Simples,Reta,Não,1,0,0,1,0,0,1,1,-27.099888,-49.527679,SPRF-SC,DEL04-SC,UOP02-DEL04-SC,2020
"263892,0",2020-01-19,domingo,17:30:00,SC,101,"54,0",JOINVILLE,Falta de Atenção à Condução,Capotamento,Com Vítimas Feridas,Pleno dia,Decrescente,Céu Claro,Dupla,Reta,Não,1,0,0,1,0,0,1,1,-26.41319508,-48.83617332,SPRF-SC,DEL03-SC,UOP01-DEL03-SC,2020
"263898,0",2020-01-19,domingo,15:30:00,SC,101,"329,8",CAPIVARI DE BAIXO,Não guardar distância de segurança,Saída de leito carroçável,Com Vítimas Feridas,Pleno dia,Decrescente,Céu Claro,Dupla,Curva;Aclive,Não,3,0,1,1,1,0,2,1,-28.44404822,-48.96611372,SPRF-SC,DEL02-SC,UOP01-DEL02-SC,2020
"263906,0",2020-01-19,domingo,16:40:00,SC,101,"313,0",LAGUNA,Falta de Atenção à Condução,Queda de ocupante de veículo,Com Vítimas Feridas,Pleno dia,Crescente,Céu Claro,Múltipla,Reta,Não,1,0,0,1,0,0,1,1,-28.4404376,-48.81403409,SPRF-SC,DEL02-SC,UOP01-DEL02-SC,2020
"263907,0",2020-01-19,domingo,20:15:00,SC,101,"317,0",PESCARIA BRAVA,Ingestão de Álcool,Tombamento,Com Vítimas Feridas,Plena Noite,Crescente,Céu Claro,Simples,Curva;Aclive,Sim,2,0,2,0,0,0,2,1,-28.42708421,-48.85211624,SPRF-SC,DEL02-SC,UOP01-DEL02-SC,2020
"263920,0",2020-01-19,domingo,22:00:00,SC,163,"87,0",GUARACIABA,Desobediência às normas de trânsito pelo condutor,Colisão transversal,Com Vítimas Feridas,Plena Noite,Decrescente,Céu Claro,Simples,Reta,Não,6,0,6,0,0,0,6,2,-26.59023103,-53.51574204,SPRF-SC,DEL07-SC,UOP03-DEL07-SC,2020
"263921,0",2020-01-19,domingo,22:45:00,SC,101,"101,7",BALNEARIO PICARRAS,Falta de Atenção à Condução,Colisão traseira,Com Vítimas Feridas,Plena Noite,Decrescente,Nublado,Simples,Reta,Sim,3,0,0,3,0,0,3,2,-26.77107561,-48.68567705,SPRF-SC,DEL03-SC,UOP02-DEL03-SC,2020
"263922,0",2020-01-19,domingo,23:15:00,SC,101,"57,7",ARAQUARI,Pista Escorregadia,Saída de leito carroçável,Com Vítimas Feridas,Plena Noite,Crescente,Chuva,Dupla,Curva,Não,2,0,0,1,1,0,1,1,-26.4391495,-48.80282706,SPRF-SC,DEL03-SC,UOP01-DEL03-SC,2020
"263931,0",2020-01-19,domingo,22:10:00,SC,282,"168,8",BOCAINA DO SUL,Objeto estático sobre o leito carroçável,Colisão lateral,Com Vítimas Feridas,Plena Noite,Crescente,Céu Claro,Simples,Reta,Não,2,0,1,0,1,0,1,2,-27.743206,-49.824162,SPRF-SC,DEL05-SC,UOP01-DEL05-SC,2020
"263941,0",2020-01-20,segunda-feira,01:50:00,SC,116,"31,4",ITAIOPOLIS,Velocidade Incompatível,Saída de leito carroçável,Com Vítimas Feridas,Plena Noite,Crescente,Céu Claro,Simples,Reta,Não,1,0,0,1,0,0,1,1,-26.31708989,-49.97099106,SPRF-SC,DEL06-SC,UOP01-DEL06-SC,2020
"263948,0",2020-01-20,segunda-feira,02:10:00,SC,470,"242,5",CURITIBANOS,Ingestão de Álcool,Saída de leito carroçável,Com Vítimas Feridas,Plena Noite,Crescente,Céu Claro,Simples,Rotatória,Não,5,0,2,0,3,0,2,1,-27.31435782,-50.51335573,SPRF-SC,DEL05-SC,UOP03-DEL05-SC,2020
"263962,0",2020-01-08,quarta-feira,18:30:00,SC,101,"207,1",SAO JOSE,Falta de Atenção à Condução,Colisão lateral,Com Vítimas Feridas,Anoitecer,Decrescente,Nublado,Dupla,Curva,Sim,2,0,1,0,1,0,1,2,-27.60001226,-48.6226467,SPRF-SC,DEL01-SC,UOP01-DEL01-SC,2020
"263966,0",2020-01-20,segunda-feira,07:50:00,SC,470,"67,0",INDAIAL,Desobediência às normas de trânsito pelo condutor,Colisão lateral,Com Vítimas Feridas,Pleno dia,Crescente,Nublado,Simples,Reta,Sim,2,0,1,0,1,0,1,2,-26.872158,-49.23127,SPRF-SC,DEL04-SC,UOP01-DEL04-SC,2020
"263967,0",2020-01-20,segunda-feira,07:30:00,SC,101,"197,5",BIGUACU,Falta de Atenção à Condução,Colisão traseira,Com Vítimas Feridas,Pleno dia,Crescente,Céu Claro,Dupla,Declive,Sim,2,0,1,0,1,0,1,2,-27.51844497,-48.63848496,SPRF-SC,DEL01-SC,UOP01-DEL01-SC,2020
"263973,0",2020-01-20,segunda-feira,08:20:00,SC,280,"6,3",SAO FRANCISCO DO SUL,Falta de Atenção à Condução,Colisão transversal,Com Vítimas Feridas,Pleno dia,Decrescente,Sol,Simples,Reta,Não,2,0,1,0,1,0,1,2,-26.26569095,-48.63361804,SPRF-SC,DEL03-SC,UOP03-DEL03-SC,2020
"263975,0",2020-01-20,segunda-feira,07:45:00,SC,480,"130,0",CHAPECO,Desobediência às normas de trânsito pelo condutor,Colisão traseira,Com Vítimas Feridas,Pleno dia,Crescente,Sol,Dupla,Reta,Sim,3,0,2,0,1,0,2,2,-27.05534298,-52.63652069,SPRF-SC,DEL07-SC,UOP01-DEL07-SC,2020
"263977,0",2020-01-20,segunda-feira,07:55:00,SC,470,"57,5",BLUMENAU,Desobediência às normas de trânsito pelo condutor,Colisão transversal,Com Vítimas Feridas,Pleno dia,Decrescente,Nublado,Simples,Interseção de Vias,Sim,2,0,1,0,1,0,1,2,-26.88259337,-49.14100885,SPRF-SC,DEL04-SC,UOP01-DEL04-SC,2020
"263980,0",2020-01-20,segunda-feira,08:30:00,SC,101,"119,0",ITAJAI,Não guardar distância de segurança,Colisão lateral,Com Vítimas Feridas,Pleno dia,Decrescente,Céu Claro,Dupla,Reta,Não,2,0,1,0,1,0,1,2,-26.9043179,-48.71555481,SPRF-SC,DEL04-SC,UOP04-DEL04-SC,2020
"264001,0",2020-01-20,segunda-feira,07:30:00,SC,282,"345,1",CAMPOS NOVOS,Ultrapassagem Indevida,Colisão frontal,Com Vítimas Feridas,Pleno dia,Crescente,Céu Claro,Simples,Reta,Não,4,0,4,0,0,0,4,2,-27.374619,-51.247044,SPRF-SC,DEL07-SC,UOP06-DEL07-SC,2020
"264038,0",2020-01-20,segunda-feira,10:30:00,SC,280,"87,7",CORUPA,Mal Súbito,Saída de leito carroçável,Com Vítimas Feridas,Pleno dia,Decrescente,Céu Claro,Simples,Curva,Não,1,0,0,1,0,0,1,1,-26.40874469,-49.27964687,SPRF-SC,DEL06-SC,UOP03-DEL06-SC,2020
"264044,0",2020-01-20,segunda-feira,14:25:00,SC,101,"153,0",PORTO BELO,Não guardar distância de segurança,Colisão traseira,Com Vítimas Feridas,Pleno dia,Decrescente,Céu Claro,Dupla,Reta,Sim,3,0,0,1,2,0,1,2,-27.144717,-48.61063935,SPRF-SC,DEL04-SC,UOP03-DEL04-SC,2020
"264058,0",2020-01-20,segunda-feira,15:00:00,SC,470,"21,5",ILHOTA,Falta de Atenção à Condução,Colisão transversal,Com Vítimas Feridas,Pleno dia,Decrescente,Sol,Simples,Interseção de Vias,Não,3,0,2,0,1,0,2,2,-26.876698,-48.827362,SPRF-SC,DEL04-SC,UOP04-DEL04-SC,2020
"264063,0",2020-01-20,segunda-feira,16:15:00,SC,101,"218,0",PALHOCA,Desobediência às normas de trânsito pelo condutor,Colisão traseira,Com Vítimas Feridas,Pleno dia,Decrescente,Céu Claro,Dupla,Reta,Sim,2,0,0,1,1,0,1,2,-27.6758601,-48.67052525,SPRF-SC,DEL01-SC,UOP02-DEL01-SC,2020
"264069,0",2020-01-20,segunda-feira,16:15:00,SC,470,"33,9",GASPAR,Falta de Atenção à Condução,Colisão traseira,Com Vítimas Feridas,Pleno dia,Crescente,Céu Claro,Simples,Reta,Sim,3,0,1,0,2,0,1,2,-26.906223,-48.940575,SPRF-SC,DEL04-SC,UOP01-DEL04-SC,2020
"264076,0",2020-01-20,segunda-feira,17:30:00,SC,280,"22,1",ARAQUARI,Falta de Atenção à Condução,Colisão transversal,Com Vítimas Feridas,Pleno dia,Decrescente,Céu Claro,Simples,Reta,Sim,2,0,1,0,1,0,1,2,-26.3711696,-48.70691417,SPRF-SC,DEL03-SC,UOP03-DEL03-SC,2020
"264081,0",2020-01-20,segunda-feira,17:34:00,SC,470,"133,6",RIO DO SUL,Falta de Atenção à Condução,Colisão transversal,Com Vítimas Feridas,Pleno dia,Decrescente,Céu Claro,Simples,Reta,Não,2,0,1,0,1,0,1,2,-27.174187,-49.588497,SPRF-SC,DEL04-SC,UOP02-DEL04-SC,2020
"264092,0",2020-01-20,segunda-feira,14:35:00,SC,282,"18,8",PALHOCA,Falta de Atenção à Condução,Colisão frontal,Com Vítimas Feridas,Pleno dia,Crescente,Nublado,Simples,Aclive;Reta,Sim,5,0,3,2,0,0,5,2,-27.672798,-48.694286,SPRF-SC,DEL01-SC,UOP02-DEL01-SC,2020
"264121,0",2020-01-20,segunda-feira,22:50:00,SC,282,"115,0",ALFREDO WAGNER,Velocidade Incompatível,Saída de leito carroçável,Com Vítimas Feridas,Plena Noite,Decrescente,Nublado,Simples,Curva,Não,1,0,0,1,0,0,1,1,-27.755424,-49.39444,SPRF-SC,DEL01-SC,UOP03-DEL01-SC,2020
"264157,0",2020-01-21,terça-feira,06:50:00,SC,470,"56,1",BLUMENAU,Desobediência às normas de trânsito pelo condutor,Colisão lateral,Com Vítimas Feridas,Pleno dia,Decrescente,Nublado,Simples,Reta,Sim,2,0,1,0,1,0,1,2,-26.87674,-49.127743,SPRF-SC,DEL04-SC,UOP01-DEL04-SC,2020
"264167,0",2020-01-21,terça-feira,06:55:00,SC,101,"43,7",JOINVILLE,Falta de Atenção à Condução,Colisão traseira,Com Vítimas Feridas,Amanhecer,Decrescente,Sol,Dupla,Reta,Não,2,0,1,0,1,0,1,2,-26.30357106,-48.88225609,SPRF-SC,DEL03-SC,UOP01-DEL03-SC,2020
"264186,0",2020-01-21,terça-feira,09:20:00,SC,470,"7,2",NAVEGANTES,Falta de Atenção à Condução,Colisão lateral,Sem Vítimas,Pleno dia,Crescente,Céu Claro,Simples,Reta;Interseção de Vias,Sim,2,0,0,0,2,0,0,2,-26.8434668,-48.71543884,SPRF-SC,DEL04-SC,UOP04-DEL04-SC,2020
"264192,0",2020-01-21,terça-feira,08:40:00,SC,101,"32,6",JOINVILLE,Avarias e/ou desgaste excessivo no pneu,Tombamento,Com Vítimas Feridas,Pleno dia,Decrescente,Nublado,Dupla,Reta,Não,1,0,1,0,0,0,1,1,-26.226987,-48.91657,SPRF-SC,DEL03-SC,UOP01-DEL03-SC,2020
"264205,0",2020-01-21,terça-feira,08:30:00,SC,153,"58,0",IRANI,Falta de Atenção à Condução,Colisão transversal,Com Vítimas Feridas,Pleno dia,Crescente,Nublado,Simples,Rotatória,Não,3,0,1,0,2,0,1,2,-26.97267,-51.858185,SPRF-SC,DEL07-SC,UOP07-DEL07-SC,2020
"264278,0",2020-01-21,terça-feira,17:25:00,SC,470,"45,0",GASPAR,Desobediência às normas de trânsito pelo condutor,Colisão transversal,Com Vítimas Feridas,Pleno dia,Crescente,Nublado,Simples,Reta,Sim,2,0,0,1,1,0,1,2,-26.86593178,-49.03241158,SPRF-SC,DEL04-SC,UOP01-DEL04-SC,2020
"264289,0",2020-01-21,terça-feira,16:50:00,SC,282,"305,0",VARGEM,Velocidade Incompatível,Saída de leito carroçável,Com Vítimas Feridas,Pleno dia,Crescente,Chuva,Simples,Declive,Não,5,0,3,0,2,0,3,1,-27.500679,-50.949047,SPRF-SC,DEL07-SC,UOP06-DEL07-SC,2020
"264293,0",2020-01-21,terça-feira,17:55:00,SC,470,"62,1",INDAIAL,Desobediência às normas de trânsito pelo condutor,Colisão transversal,Com Vítimas Feridas,Pleno dia,Crescente,Nublado,Simples,Reta,Sim,7,0,2,4,1,0,6,2,-26.87442079,-49.18581247,SPRF-SC,DEL04-SC,UOP01-DEL04-SC,2020
"264308,0",2020-01-21,terça-feira,20:20:00,SC,101,"348,2",JAGUARUNA,Falta de Atenção à Condução,Colisão frontal,Com Vítimas Feridas,Plena Noite,Crescente,Nublado,Múltipla,Reta,Sim,2,0,0,1,1,0,1,2,-28.57317505,-49.05292143,SPRF-SC,DEL02-SC,UOP01-DEL02-SC,2020
"264309,0",2020-01-21,terça-feira,19:20:00,SC,280,"140,3",RIO NEGRINHO,Falta de Atenção à Condução,Atropelamento de Pedestre,Com Vítimas Feridas,Plena Noite,Crescente,Nublado,Simples,Reta,Não,2,0,1,0,1,0,1,2,-26.25385392,-49.612674,SPRF-SC,DEL06-SC,UOP03-DEL06-SC,2020
"264323,0",2020-01-21,terça-feira,22:00:00,SC,163,"69,2",SAO MIGUEL DO OESTE,Desobediência às normas de trânsito pelo condutor,Atropelamento de Pedestre,Com Vítimas Feridas,Plena Noite,Crescente,Nublado,Dupla,Reta,Sim,2,0,1,0,0,1,1,2,-26.74132699,-53.50120591,SPRF-SC,DEL07-SC,UOP03-DEL07-SC,2020
"264337,0",2020-01-22,quarta-feira,04:05:00,SC,101,"337,4",TUBARAO,Ingestão de Álcool,Saída de leito carroçável,Com Vítimas Feridas,Plena Noite,Decrescente,Céu Claro,Dupla,Curva;Aclive,Não,1,0,1,0,0,0,1,1,-28.49145644,-49.03932095,SPRF-SC,DEL02-SC,UOP01-DEL02-SC,2020
"264341,0",2020-01-22,quarta-feira,04:40:00,SC,470,"129,9",LONTRAS,Desobediência às normas de trânsito pelo condutor,Colisão transversal,Com Vítimas Feridas,Amanhecer,Decrescente,Nublado,Simples,Retorno Regulamentado,Sim,2,0,1,0,1,0,1,2,-27.148499,-49.556137,SPRF-SC,DEL04-SC,UOP02-DEL04-SC,2020
"264377,0",2020-01-22,quarta-feira,10:00:00,SC,101,"33,5",JOINVILLE,Falta de Atenção à Condução,Colisão lateral,Com Vítimas Feridas,Pleno dia,Decrescente,Nublado,Dupla,Reta,Sim,2,0,1,0,1,0,1,2,-26.23200799,-48.91678053,SPRF-SC,DEL03-SC,UOP01-DEL03-SC,2020
"264380,0",2020-01-22,quarta-feira,10:00:00,SC,282,"79,0",RANCHO QUEIMADO,Velocidade Incompatível,Saída de leito carroçável,Com Vítimas Feridas,Pleno dia,Crescente,Chuva,Simples,Curva,Não,4,0,1,0,3,0,1,1,-27.6707,-49.155758,SPRF-SC,DEL01-SC,UOP03-DEL01-SC,2020
"264403,0",2020-01-22,quarta-feira,13:30:00,SC,101,"193,0",BIGUACU,Pista Escorregadia,Saída de leito carroçável,Com Vítimas Feridas,Pleno dia,Decrescente,Chuva,Múltipla,Curva,Não,1,0,1,0,0,0,1,1,-27.489574,-48.655914,SPRF-SC,DEL01-SC,UOP01-DEL01-SC,2020
"264407,0",2020-01-22,quarta-feira,11:40:00,SC,282,"55,0",AGUAS MORNAS,Velocidade Incompatível,Colisão transversal,Com Vítimas Feridas,Pleno dia,Decrescente,Chuva,Simples,Curva,Não,12,0,3,5,3,1,8,3,-27.685799,-48.974514,SPRF-SC,DEL01-SC,UOP03-DEL01-SC,2020
"264409,0",2020-01-22,quarta-feira,09:10:00,SC,282,"305,0",VARGEM,Pista Escorregadia,Saída de leito carroçável,Com Vítimas Feridas,Pleno dia,Decrescente,Chuva,Simples,Curva,Não,2,0,1,0,1,0,1,1,-27.49639496,-50.95287323,SPRF-SC,DEL07-SC,UOP06-DEL07-SC,2020
"264434,0",2020-01-22,quarta-feira,09:30:00,SC,282,"308,0",VARGEM,Velocidade Incompatível,Tombamento,Com Vítimas Feridas,Pleno dia,Crescente,Chuva,Simples,Curva,Não,4,0,3,0,1,0,3,1,-27.49292,-50.971973,SPRF-SC,DEL07-SC,UOP06-DEL07-SC,2020
"264437,0",2020-01-22,quarta-feira,12:45:00,SC,282,"514,3",XAXIM,Objeto estático sobre o leito carroçável,Saída de leito carroçável,Com Vítimas Feridas,Pleno dia,Crescente,Nublado,Simples,Reta,Não,2,0,2,0,0,0,2,1,-26.916084,-52.49052,SPRF-SC,DEL07-SC,UOP01-DEL07-SC,2020
"264438,0",2020-01-11,sábado,15:20:00,SC,282,"426,0",VARGEM BONITA,Falta de Atenção à Condução,Colisão frontal,Com Vítimas Feridas,Pleno dia,Decrescente,Céu Claro,Simples,Reta,Não,2,0,1,0,1,0,1,2,-26.974417,-51.761665,SPRF-SC,DEL07-SC,UOP05-DEL07-SC,2020
"264455,0",2020-01-22,quarta-feira,17:00:00,SC,101,"133,8",BALNEARIO CAMBORIU,Falta de Atenção à Condução,Colisão lateral,Com Vítimas Feridas,Pleno dia,Crescente,Nublado,Simples,Interseção de Vias;Reta,Sim,2,0,1,0,0,1,1,2,-26.99936,-48.64609,SPRF-SC,DEL04-SC,UOP03-DEL04-SC,2020
"264456,0",2020-01-22,quarta-feira,15:50:00,SC,158,"134,0",PALMITOS,Pista Escorregadia,Saída de leito carroçável,Com Vítimas Feridas,Pleno dia,Crescente,Garoa/Chuvisco,Simples,Interseção de Vias,Não,1,0,1,0,0,0,1,1,-27.07040467,-53.23003113,SPRF-SC,DEL07-SC,UOP02-DEL07-SC,2020
"264463,0",2020-01-22,quarta-feira,16:40:00,SC,101,"259,2",PAULO LOPES,Pista Escorregadia,Saída de leito carroçável,Com Vítimas Feridas,Pleno dia,Crescente,Chuva,Dupla,Curva,Não,2,0,1,0,1,0,1,1,-28.013062,-48.695152,SPRF-SC,DEL02-SC,UOP03-DEL02-SC,2020
"264473,0",2020-01-22,quarta-feira,17:30:00,SC,282,"303,2",VARGEM,Falta de Atenção à Condução,Saída de leito carroçável,Sem Vítimas,Pleno dia,Decrescente,Chuva,Simples,Curva,Não,3,0,0,0,3,0,0,1,-27.49877,-50.931053,SPRF-SC,DEL07-SC,UOP06-DEL07-SC,2020
"264477,0",2020-01-22,quarta-feira,17:30:00,SC,470,"119,0",IBIRAMA,Velocidade Incompatível,Capotamento,Com Vítimas Feridas,Pleno dia,Crescente,Chuva,Simples,Aclive;Curva,Não,2,0,2,0,0,0,2,1,-27.081554,-49.520206,SPRF-SC,DEL04-SC,UOP02-DEL04-SC,2020
"264480,0",2020-01-22,quarta-feira,19:00:00,SC,101,"127,0",ITAJAI,Falta de Atenção à Condução,Colisão lateral,Com Vítimas Feridas,Pleno dia,Crescente,Chuva,Múltipla,Reta,Não,2,0,1,0,1,0,1,2,-26.9639319,-48.68328024,SPRF-SC,DEL04-SC,UOP04-DEL04-SC,2020
"264485,0",2020-01-22,quarta-feira,16:50:00,SC,282,"305,0",VARGEM,Pista Escorregadia,Colisão com objeto estático,Com Vítimas Feridas,Pleno dia,Crescente,Chuva,Simples,Curva,Não,2,0,2,0,0,0,2,1,-27.500679,-50.949047,SPRF-SC,DEL07-SC,UOP06-DEL07-SC,2020
"264494,0",2020-01-22,quarta-feira,19:40:00,SC,282,"32,3",SANTO AMARO DA IMPERATRIZ,Desobediência às normas de trânsito pelo condutor,Colisão transversal,Com Vítimas Feridas,Plena Noite,Crescente,Garoa/Chuvisco,Simples,Reta,Não,3,0,1,1,1,0,2,2,-27.70116,-48.800175,SPRF-SC,DEL01-SC,UOP03-DEL01-SC,2020
"264506,0",2020-01-22,quarta-feira,21:20:00,SC,101,"208,8",SAO JOSE,Falta de Atenção à Condução,Colisão com objeto estático,Com Vítimas Feridas,Plena Noite,Decrescente,Garoa/Chuvisco,Múltipla,Declive,Sim,1,0,1,0,0,0,1,1,-27.60327979,-48.63201818,SPRF-SC,DEL01-SC,UOP01-DEL01-SC,2020
"264544,0",2020-01-23,quinta-feira,04:45:00,SC,282,"0,1",FLORIANOPOLIS,Velocidade Incompatível,Saída de leito carroçável,Sem Vítimas,Amanhecer,Decrescente,Garoa/Chuvisco,Dupla,Reta,Sim,1,0,0,0,0,1,0,1,-27.59845,-48.571995,SPRF-SC,DEL01-SC,UOP01-DEL01-SC,2020
"264546,0",2020-01-23,quinta-feira,05:20:00,SC,101,"211,9",PALHOCA,Falta de Atenção à Condução,Capotamento,Com Vítimas Feridas,Pleno dia,Decrescente,Chuva,Dupla,Interseção de Vias,Sim,1,0,1,0,0,0,1,1,-27.62329313,-48.65245588,SPRF-SC,DEL01-SC,UOP02-DEL01-SC,2020
"264561,0",2020-01-23,quinta-feira,06:55:00,SC,280,"126,7",RIO NEGRINHO,Falta de Atenção à Condução,Colisão transversal,Com Vítimas Feridas,Pleno dia,Crescente,Céu Claro,Simples,Reta,Sim,2,0,1,0,1,0,1,2,-26.23779604,-49.49427399,SPRF-SC,DEL06-SC,UOP03-DEL06-SC,2020
"264565,0",2020-01-23,quinta-feira,07:30:00,SC,101,"45,0",JOINVILLE,Velocidade Incompatível,Engavetamento,Com Vítimas Feridas,Pleno dia,Decrescente,Nublado,Dupla,Reta,Sim,5,0,1,0,4,0,1,5,-26.32214492,-48.8689509,SPRF-SC,DEL03-SC,UOP01-DEL03-SC,2020
"264588,0",2020-01-23,quinta-feira,11:00:00,SC,101,"198,0",BIGUACU,Velocidade Incompatível,Tombamento,Com Vítimas Feridas,Pleno dia,Crescente,Chuva,Múltipla,Reta,Sim,1,0,1,0,0,0,1,1,-27.52658712,-48.63506019,SPRF-SC,DEL01-SC,UOP01-DEL01-SC,2020
"264593,0",2020-01-23,quinta-feira,09:15:00,SC,280,"99,5",SAO BENTO DO SUL,Velocidade Incompatível,Colisão frontal,Com Vítimas Feridas,Pleno dia,Decrescente,Nublado,Simples,Declive;Curva,Não,2,0,0,1,1,0,1,2,-26.37135578,-49.32640314,SPRF-SC,DEL06-SC,UOP03-DEL06-SC,2020
"264597,0",2020-01-23,quinta-feira,11:40:00,SC,282,"606,9",MARAVILHA,Desobediência às normas de trânsito pelo condutor,Colisão transversal,Com Vítimas Feridas,Pleno dia,Decrescente,Céu Claro,Simples,Interseção de Vias,Sim,2,0,1,0,1,0,1,2,-26.778643,-53.198692,SPRF-SC,DEL07-SC,UOP02-DEL07-SC,2020
"264604,0",2020-01-23,quinta-feira,12:50:00,SC,101,"209,2",SAO JOSE,Falta de Atenção à Condução,Engavetamento,Com Vítimas Feridas,Pleno dia,Decrescente,Chuva,Dupla,Reta,Sim,3,0,1,0,2,0,1,3,-27.61000542,-48.63895057,SPRF-SC,DEL01-SC,UOP01-DEL01-SC,2020
"264605,0",2020-01-23,quinta-feira,12:40:00,SC,101,"120,0",ITAJAI,Velocidade Incompatível,Colisão traseira,Com Vítimas Feridas,Pleno dia,Decrescente,Nublado,Dupla,Reta,Sim,2,0,1,0,1,0,1,2,-26.912758,-48.711998,SPRF-SC,DEL04-SC,UOP04-DEL04-SC,2020
"264614,0",2020-01-23,quinta-feira,14:20:00,SC,280,"83,7",CORUPA,Pista Escorregadia,Tombamento,Com Vítimas Feridas,Pleno dia,Crescente,Garoa/Chuvisco,Simples,Rotatória,Sim,1,0,1,0,0,0,1,1,-26.43797588,-49.23478097,SPRF-SC,DEL06-SC,UOP03-DEL06-SC,2020
"264619,0",2020-01-15,quarta-feira,11:40:00,SC,470,"136,7",RIO DO SUL,Desobediência às normas de trânsito pelo condutor,Colisão traseira,Com Vítimas Feridas,Pleno dia,Decrescente,Nublado,Múltipla,Interseção de Vias,Sim,2,0,1,0,1,0,1,2,-27.194323,-49.624554,SPRF-SC,DEL04-SC,UOP02-DEL04-SC,2020
"264622,0",2020-01-19,domingo,17:00:00,SC,470,"124,4",IBIRAMA,Velocidade Incompatível,Saída de leito carroçável,Com Vítimas Feridas,Pleno dia,Crescente,Céu Claro,Simples,Curva,Não,2,0,1,1,0,0,2,1,-27.113192,-49.529163,SPRF-SC,DEL04-SC,UOP02-DEL04-SC,2020
"264624,0",2020-01-23,quinta-feira,08:40:00,SC,470,"95,6",APIUNA,Condutor Dormindo,Saída de leito carroçável,Com Vítimas Feridas,Pleno dia,Crescente,Nublado,Simples,Curva,Não,4,0,0,4,0,0,4,1,-27.01892787,-49.37067032,SPRF-SC,DEL04-SC,UOP01-DEL04-SC,2020
"264629,0",2020-01-23,quinta-feira,15:20:00,SC,101,"238,0",PALHOCA,Falta de Atenção à Condução,Colisão traseira,Com Vítimas Feridas,Pleno dia,Decrescente,Chuva,Dupla,Reta;Declive,Sim,2,0,1,0,1,0,1,2,-27.84293889,-48.63471922,SPRF-SC,DEL01-SC,UOP02-DEL01-SC,2020
"264645,0",2020-01-23,quinta-feira,17:10:00,SC,470,"71,1",INDAIAL,Falta de Atenção à Condução,Colisão transversal,Com Vítimas Feridas,Pleno dia,Decrescente,Céu Claro,Simples,Reta,Não,2,0,1,0,1,0,1,2,-26.895243,-49.262104,SPRF-SC,DEL04-SC,UOP01-DEL04-SC,2020
"264656,0",2020-01-23,quinta-feira,18:00:00,SC,101,"208,3",SAO JOSE,Falta de Atenção à Condução,Tombamento,Com Vítimas Feridas,Pleno dia,Crescente,Nublado,Múltipla,Aclive;Interseção de Vias,Sim,2,0,2,0,0,0,2,1,-27.60333197,-48.63215089,SPRF-SC,DEL01-SC,UOP01-DEL01-SC,2020