id,data_inversa,dia_semana,horario,uf,br,km,municipio,causa_acidente,tipo_acidente,classificacao_acidente,fase_dia,sentido_via,condicao_metereologica,tipo_pista,tracado_via,uso_solo,pessoas,mortos,feridos_leves,feridos_graves,ilesos,ignorados,feridos,veiculos,latitude,longitude,regional,delegacia,uop,ano_arquivo
"264673,0",2020-01-23,quinta-feira,11:30:00,SC,101,"257,3",PAULO LOPES,Pista Escorregadia,Colisão com objeto estático,Sem Vítimas,Pleno dia,Decrescente,Chuva,Dupla,Declive;Curva,Não,1,0,0,0,1,0,0,1,-27.99701205,-48.68755194,SPRF-SC,DEL02-SC,UOP03-DEL02-SC,2020
"264681,0",2020-01-23,quinta-feira,19:20:00,SC,101,"119,0",ITAJAI,Falta de Atenção à Condução,Colisão lateral,Com Vítimas Feridas,Plena Noite,Crescente,Nublado,Dupla,Reta,Não,2,0,1,0,1,0,1,2,-26.9043179,-48.71555481,SPRF-SC,DEL04-SC,UOP04-DEL04-SC,2020
"264705,0",2020-01-23,quinta-feira,21:54:00,SC,101,"138,0",BALNEARIO CAMBORIU,Falta de Atenção à Condução,Colisão transversal,Com Vítimas Fatais,Plena Noite,Decrescente,Chuva,Dupla,Reta,Sim,2,1,0,0,1,0,0,2,-27.02397426,-48.60761649,SPRF-SC,DEL04-SC,UOP03-DEL04-SC,2020
"264711,0",2020-01-23,quinta-feira,18:15:00,SC,101,"384,3",CRICIUMA,Falta de Atenção à Condução,Capotamento,Com Vítimas Feridas,Pleno dia,Crescente,Chuva,Dupla,Reta,Não,2,0,2,0,0,0,2,1,-28.76851141,-49.3025538,SPRF-SC,DEL02-SC,UOP02-DEL02-SC,2020
"264712,0",2020-01-23,quinta-feira,20:20:00,SC,101,"417,0",ARARANGUA,Falta de Atenção à Condução,Colisão transversal,Com Vítimas Feridas,Plena Noite,Decrescente,Chuva,Simples,Reta,Sim,2,0,1,0,1,0,1,2,-28.97376391,-49.53023409,SPRF-SC,DEL02-SC,UOP02-DEL02-SC,2020
"264719,0",2020-01-23,quinta-feira,21:50:00,SC,163,"72,5",SAO MIGUEL DO OESTE,Ingestão de Álcool,Saída de leito carroçável,Sem Vítimas,Plena Noite,Decrescente,Céu Claro,Simples,Reta,Não,1,0,0,0,0,1,0,1,-26.71908804,-53.5157791,SPRF-SC,DEL07-SC,UOP03-DEL07-SC,2020
"264730,0",2020-01-24,sexta-feira,00:50:00,SC,101,"310,9",LAGUNA,Pista Escorregadia,Tombamento,Com Vítimas Feridas,Plena Noite,Decrescente,Chuva,Simples,Reta;Rotatória,Não,1,0,1,0,0,0,1,1,-28.44001571,-48.81306052,SPRF-SC,DEL02-SC,UOP01-DEL02-SC,2020
"264738,0",2020-01-24,sexta-feira,04:08:00,SC,101,"190,9",BIGUACU,Velocidade Incompatível,Colisão com objeto estático,Com Vítimas Feridas,Plena Noite,Decrescente,Nublado,Múltipla,Curva,Não,5,0,0,2,3,0,2,2,-27.468056,-48.641712,SPRF-SC,DEL01-SC,UOP01-DEL01-SC,2020
"264745,0",2020-01-24,sexta-feira,04:50:00,SC,470,"59,3",BLUMENAU,Ingestão de Álcool,Saída de leito carroçável,Sem Vítimas,Amanhecer,Crescente,Nublado,Simples,Curva,Não,1,0,0,0,1,0,0,1,-26.88230629,-49.16025639,SPRF-SC,DEL04-SC,UOP01-DEL04-SC,2020
"264761,0",2020-01-24,sexta-feira,07:30:00,SC,101,"137,8",BALNEARIO CAMBORIU,Falta de Atenção à Condução,Tombamento,Com Vítimas Feridas,Pleno dia,Decrescente,Céu Claro,Dupla,Reta,Sim,1,0,1,0,0,0,1,1,-27.0157238,-48.61192763,SPRF-SC,DEL04-SC,UOP03-DEL04-SC,2020
"264768,0",2020-01-24,sexta-feira,08:40:00,SC,470,"128,0",LONTRAS,Falta de Atenção à Condução,Colisão transversal,Com Vítimas Feridas,Pleno dia,Crescente,Nublado,Múltipla,Curva,Não,3,0,2,0,1,0,2,2,-27.143742,-49.548897,SPRF-SC,DEL04-SC,UOP02-DEL04-SC,2020
"264779,0",2020-01-24,sexta-feira,10:00:00,SC,101,"201,5",SAO JOSE,Defeito Mecânico no Veículo,Tombamento,Com Vítimas Feridas,Pleno dia,Crescente,Nublado,Dupla,Viaduto,Não,2,0,1,1,0,0,2,1,-27.54836599,-48.61977975,SPRF-SC,DEL01-SC,UOP01-DEL01-SC,2020
"264781,0",2020-01-24,sexta-feira,09:20:00,SC,470,"141,5",RIO DO SUL,Falta de Atenção à Condução,Colisão transversal,Com Vítimas Feridas,Pleno dia,Crescente,Nublado,Simples,Reta,Não,2,0,0,1,1,0,1,2,-27.226065,-49.666161,SPRF-SC,DEL04-SC,UOP02-DEL04-SC,2020
"264797,0",2020-01-24,sexta-feira,11:40:00,SC,101,"197,0",BIGUACU,Falta de Atenção à Condução,Colisão frontal,Com Vítimas Feridas,Pleno dia,Crescente,Céu Claro,Simples,Reta,Sim,2,0,1,0,1,0,1,2,-27.51844497,-48.63848496,SPRF-SC,DEL01-SC,UOP01-DEL01-SC,2020
"264827,0",2020-01-24,sexta-feira,13:50:00,SC,116,"221,7",CORREIA PINTO,Desobediência às normas de trânsito pelo condutor,Colisão transversal,Com Vítimas Feridas,Pleno dia,Decrescente,Sol,Simples,Reta,Sim,2,0,1,0,1,0,1,2,-27.59108544,-50.36183238,SPRF-SC,DEL05-SC,UOP03-DEL05-SC,2020
"264888,0",2020-01-24,sexta-feira,20:00:00,SC,101,"209,0",SAO JOSE,Não guardar distância de segurança,Colisão lateral,Com Vítimas Feridas,Plena Noite,Decrescente,Nublado,Dupla,Reta,Sim,5,0,1,0,4,0,1,2,-27.61000542,-48.63895057,SPRF-SC,DEL01-SC,UOP01-DEL01-SC,2020
"264891,0",2020-01-24,sexta-feira,21:15:00,SC,470,"41,6",GASPAR,Desobediência às normas de trânsito pelo condutor,Colisão lateral,Com Vítimas Feridas,Plena Noite,Decrescente,Nublado,Simples,Curva,Sim,3,0,1,1,1,0,2,2,-26.882343,-48.996975,SPRF-SC,DEL04-SC,UOP01-DEL04-SC,2020
"264897,0",2020-01-24,sexta-feira,21:30:00,SC,280,"58,0",GUARAMIRIM,Falta de Atenção à Condução,Colisão transversal,Sem Vítimas,Plena Noite,Crescente,Nublado,Simples,Reta,Sim,2,0,0,0,2,0,0,2,-26.47428973,-49.02366757,SPRF-SC,DEL03-SC,UOP03-DEL03-SC,2020
"264901,0",2020-01-24,sexta-feira,22:10:00,SC,470,"56,0",BLUMENAU,Falta de Atenção à Condução,Colisão transversal,Com Vítimas Feridas,Plena Noite,Crescente,Ignorado,Simples,Interseção de Vias;Reta,Sim,2,0,0,1,1,0,1,2,-26.87674,-49.127743,SPRF-SC,DEL04-SC,UOP01-DEL04-SC,2020
"264906,0",2020-01-24,sexta-feira,22:10:00,SC,280,"124,0",RIO NEGRINHO,Falta de Atenção à Condução,Colisão traseira,Com Vítimas Feridas,Plena Noite,Decrescente,Céu Claro,Simples,Reta,Não,2,0,1,0,1,0,1,2,-26.23735,-49.486253,SPRF-SC,DEL06-SC,UOP03-DEL06-SC,2020
"264929,0",2020-01-25,sábado,01:40:00,SC,101,"374,3",ICARA,Defeito Mecânico no Veículo,Incêndio,Sem Vítimas,Plena Noite,Decrescente,Céu Claro,Dupla,Reta,Não,3,0,0,0,3,0,0,1,-28.71534412,-49.22723198,SPRF-SC,DEL02-SC,UOP01-DEL02-SC,2020
"264933,0",2020-01-25,sábado,03:20:00,SC,101,"215,5",PALHOCA,Ingestão de Álcool,Colisão com objeto estático,Sem Vítimas,Plena Noite,Crescente,Nublado,Dupla,Viaduto,Sim,1,0,0,0,1,0,0,1,-27.65184843,-48.67604941,SPRF-SC,DEL01-SC,UOP02-DEL01-SC,2020
"264946,0",2020-01-25,sábado,05:00:00,SC,101,"464,6",PASSO DE TORRES,Desobediência às normas de trânsito pelo condutor,Saída de leito carroçável,Com Vítimas Feridas,Amanhecer,Decrescente,Céu Claro,Dupla,Reta,Não,1,0,0,1,0,0,1,1,-29.29207274,-49.76148319,SPRF-RS,DEL03-RS,UOP02-DEL03-RS,2020
"264965,0",2020-01-25,sábado,07:45:00,SC,101,"433,9",SOMBRIO,Falta de Atenção à Condução,Colisão traseira,Com Vítimas Feridas,Pleno dia,Crescente,Sol,Dupla,Reta,Não,2,0,1,0,1,0,1,2,-29.09394309,-49.63306949,SPRF-SC,DEL02-SC,UOP02-DEL02-SC,2020
"264970,0",2020-01-25,sábado,05:00:00,SC,163,"67,0",SAO MIGUEL DO OESTE,Ingestão de Álcool,Saída de leito carroçável,Sem Vítimas,Plena Noite,Decrescente,Céu Claro,Dupla,Reta,Sim,1,0,0,0,0,1,0,1,-26.759436,-53.50055292,SPRF-SC,DEL07-SC,UOP03-DEL07-SC,2020
"264973,0",2020-01-25,sábado,07:50:00,SC,101,"441,7",SANTA ROSA DO SUL,Falta de Atenção à Condução,Colisão traseira,Sem Vítimas,Pleno dia,Crescente,Céu Claro,Dupla,Declive,Não,2,0,0,0,2,0,0,2,-29.12676736,-49.67703089,SPRF-SC,DEL02-SC,UOP02-DEL02-SC,2020
"264995,0",2020-01-25,sábado,10:10:00,SC,101,"126,2",ITAJAI,Não guardar distância de segurança,Engavetamento,Com Vítimas Feridas,Pleno dia,Crescente,Sol,Dupla,Declive;Reta,Não,4,0,1,0,3,0,1,3,-26.95564404,-48.67978366,SPRF-SC,DEL04-SC,UOP04-DEL04-SC,2020
"265002,0",2020-01-25,sábado,10:30:00,SC,101,"208,0",SAO JOSE,Falta de Atenção à Condução,Colisão traseira,Com Vítimas Feridas,Pleno dia,Decrescente,Céu Claro,Dupla,Reta,Sim,4,0,1,0,3,0,1,3,-27.60327979,-48.63201818,SPRF-SC,DEL01-SC,UOP01-DEL01-SC,2020
"265020,0",2020-01-25,sábado,12:45:00,SC,101,"148,0",ITAPEMA,Falta de Atenção à Condução,Colisão frontal,Com Vítimas Feridas,Pleno dia,Crescente,Sol,Dupla,Reta,Sim,2,0,1,0,1,0,1,2,-27.10123686,-48.61807962,SPRF-SC,DEL04-SC,UOP03-DEL04-SC,2020
"265021,0",2020-01-25,sábado,11:05:00,SC,470,"69,9",INDAIAL,Desobediência às normas de trânsito pelo condutor,Colisão transversal,Com Vítimas Feridas,Pleno dia,Decrescente,Sol,Simples,Reta,Sim,2,0,1,0,1,0,1,2,-26.883745,-49.246704,SPRF-SC,DEL04-SC,UOP01-DEL04-SC,2020
"265036,0",2020-01-25,sábado,13:40:00,SC,280,"32,0",ARAQUARI,Falta de Atenção à Condução,Colisão traseira,Com Vítimas Feridas,Pleno dia,Decrescente,Céu Claro,Simples,Reta,Não,4,0,1,0,3,0,1,3,-26.420618,-48.779335,SPRF-SC,DEL03-SC,UOP03-DEL03-SC,2020
"265037,0",2020-01-25,sábado,14:35:00,SC,101,"242,0",PALHOCA,Falta de Atenção à Condução,Colisão transversal,Com Vítimas Feridas,Pleno dia,Crescente,Sol,Simples,Reta,Não,3,0,1,0,2,0,1,2,-27.87545797,-48.64678433,SPRF-SC,DEL01-SC,UOP02-DEL01-SC,2020
"265059,0",2020-01-25,sábado,17:15:00,SC,101,"119,1",ITAJAI,Falta de Atenção à Condução,Colisão com objeto estático,Com Vítimas Feridas,Pleno dia,Crescente,Céu Claro,Dupla,Reta,Sim,1,0,0,1,0,0,1,1,-26.90559593,-48.71513844,SPRF-SC,DEL04-SC,UOP04-DEL04-SC,2020
"265062,0",2020-01-25,sábado,16:20:00,SC,101,"331,6",TUBARAO,Falta de Atenção à Condução,Colisão traseira,Com Vítimas Feridas,Pleno dia,Crescente,Céu Claro,Simples,Viaduto;Interseção de Vias;Rotatória,Sim,5,0,1,0,4,0,1,2,-28.46595613,-48.99575114,SPRF-SC,DEL02-SC,UOP01-DEL02-SC,2020
"265072,0",2020-01-25,sábado,18:40:00,SC,101,"52,0",JOINVILLE,Desobediência às normas de trânsito pelo condutor,Colisão lateral,Com Vítimas Feridas,Anoitecer,Decrescente,Céu Claro,Dupla,Reta,Sim,2,0,1,0,1,0,1,2,-26.39111608,-48.83984239,SPRF-SC,DEL03-SC,UOP01-DEL03-SC,2020
"265085,0",2020-01-25,sábado,19:16:00,SC,470,"249,2",CURITIBANOS,Desobediência às normas de trânsito pelo condutor,Colisão transversal,Com Vítimas Feridas,Anoitecer,Decrescente,Nublado,Simples,Rotatória,Sim,4,0,1,0,2,1,1,2,-27.31279967,-50.56168377,SPRF-SC,DEL05-SC,UOP03-DEL05-SC,2020
"265088,0",2020-01-25,sábado,19:05:00,SC,282,"504,5",XANXERE,Velocidade Incompatível,Saída de leito carroçável,Com Vítimas Feridas,Anoitecer,Decrescente,Céu Claro,Dupla,Reta,Sim,1,0,1,0,0,0,1,1,-26.884279,-52.408466,SPRF-SC,DEL07-SC,UOP01-DEL07-SC,2020
"265093,0",2020-01-25,sábado,18:15:00,SC,101,"291,1",IMBITUBA,Falta de Atenção à Condução,Tombamento,Com Vítimas Feridas,Anoitecer,Crescente,Sol,Dupla,Reta,Sim,1,0,1,0,0,0,1,1,-28.26980586,-48.70081551,SPRF-SC,DEL02-SC,UOP03-DEL02-SC,2020
"265109,0",2020-01-25,sábado,21:00:00,SC,101,"132,8",BALNEARIO CAMBORIU,Falta de Atenção à Condução,Colisão lateral,Com Vítimas Feridas,Plena Noite,Decrescente,Céu Claro,Múltipla,Reta,Sim,3,0,2,0,1,0,2,2,-26.99654133,-48.65564711,SPRF-SC,DEL04-SC,UOP03-DEL04-SC,2020
"265118,0",2020-01-25,sábado,20:02:00,SC,470,"70,1",INDAIAL,Falta de Atenção do Pedestre,Atropelamento de Pedestre,Com Vítimas Feridas,Plena Noite,Decrescente,Céu Claro,Simples,Reta,Não,2,0,0,1,0,1,1,2,-26.889374,-49.254478,SPRF-SC,DEL04-SC,UOP01-DEL04-SC,2020
"265135,0",2020-01-26,domingo,00:10:00,SC,282,"16,0",PALHOCA,Desobediência às normas de trânsito pelo condutor,Colisão transversal,Com Vítimas Feridas,Plena Noite,Decrescente,Céu Claro,Simples,Reta,Não,2,0,1,0,1,0,1,2,-27.658611,-48.681847,SPRF-SC,DEL01-SC,UOP02-DEL01-SC,2020
"265163,0",2020-01-26,domingo,05:00:00,SC,470,"45,6",GASPAR,Defeito na Via,Colisão com objeto estático,Com Vítimas Feridas,Amanhecer,Crescente,Céu Claro,Simples,Interseção de Vias;Reta;Em Obras,Sim,1,0,1,0,0,0,1,1,-26.86284993,-49.03469682,SPRF-SC,DEL04-SC,UOP01-DEL04-SC,2020
"265182,0",2020-01-14,terça-feira,19:30:00,SC,101,"204,0",SAO JOSE,Animais na Pista,Atropelamento de Animal,Com Vítimas Feridas,Anoitecer,Crescente,Nublado,Múltipla,Reta,Sim,1,0,1,0,0,0,1,1,-27.57413014,-48.61363083,SPRF-SC,DEL01-SC,UOP01-DEL01-SC,2020
"265202,0",2020-01-26,domingo,10:45:00,SC,101,"231,0",PALHOCA,Falta de Atenção à Condução,Colisão traseira,Sem Vítimas,Pleno dia,Crescente,Sol,Dupla,Curva,Não,2,0,0,0,2,0,0,2,-27.78669984,-48.6356424,SPRF-SC,DEL01-SC,UOP02-DEL01-SC,2020
"265213,0",2020-01-26,domingo,06:00:00,SC,163,"90,2",GUARACIABA,Velocidade Incompatível,Saída de leito carroçável,Com Vítimas Feridas,Amanhecer,Crescente,Céu Claro,Simples,Declive;Reta,Não,1,0,1,0,0,0,1,1,-26.5662744,-53.51004116,SPRF-SC,DEL07-SC,UOP03-DEL07-SC,2020
"265223,0",2020-01-26,domingo,09:55:00,SC,282,"220,5",LAGES,Desobediência às normas de trânsito pelo condutor,Colisão transversal,Com Vítimas Feridas,Pleno dia,Decrescente,Céu Claro,Simples,Rotatória,Não,7,0,2,0,5,0,2,2,-27.79520833,-50.33897996,SPRF-SC,DEL05-SC,UOP01-DEL05-SC,2020
"265239,0",2020-01-26,domingo,15:30:00,SC,101,"188,0",BIGUACU,Não guardar distância de segurança,Colisão traseira,Sem Vítimas,Pleno dia,Decrescente,Céu Claro,Dupla,Reta,Sim,2,0,0,0,1,1,0,2,-27.45123421,-48.63370766,SPRF-SC,DEL01-SC,UOP01-DEL01-SC,2020
"265248,0",2020-01-26,domingo,16:15:00,SC,101,"226,5",PALHOCA,Falta de Atenção à Condução,Colisão traseira,Com Vítimas Feridas,Pleno dia,Decrescente,Céu Claro,Dupla,Reta,Não,7,0,1,1,4,1,2,5,-27.74200001,-48.63806504,SPRF-SC,DEL01-SC,UOP02-DEL01-SC,2020
"265253,0",2020-01-26,domingo,13:50:00,SC,282,"560,8",NOVA ITABERABA,Condutor Dormindo,Saída de leito carroçável,Com Vítimas Feridas,Pleno dia,Crescente,Céu Claro,Simples,Reta;Aclive,Não,1,0,1,0,0,0,1,1,-26.92740946,-52.85387278,SPRF-SC,DEL07-SC,UOP02-DEL07-SC,2020
"265264,0",2020-01-26,domingo,17:45:00,SC,470,"126,6",LONTRAS,Agressão Externa,Atropelamento de Animal,Com Vítimas Feridas,Pleno dia,Crescente,Céu Claro,Simples,Reta,Não,2,0,2,0,0,0,2,1,-27.129,-49.538277,SPRF-SC,DEL04-SC,UOP02-DEL04-SC,2020
"265273,0",2020-01-26,domingo,17:45:00,SC,280,"56,0",GUARAMIRIM,Desobediência às normas de trânsito pelo condutor,Colisão transversal,Sem Vítimas,Pleno dia,Crescente,Céu Claro,Simples,Reta,Sim,2,0,0,0,2,0,0,2,-26.47947677,-49.00298702,SPRF-SC,DEL03-SC,UOP03-DEL03-SC,2020
"265274,0",2020-01-26,domingo,14:20:00,SC,101,"402,3",MARACAJA,Ingestão de Álcool,Colisão com objeto estático,Com Vítimas Feridas,Pleno dia,Decrescente,Céu Claro,Dupla,Reta,Não,2,0,1,0,1,0,1,1,-28.86330994,-49.44595308,SPRF-SC,DEL02-SC,UOP02-DEL02-SC,2020
"265279,0",2020-01-26,domingo,18:00:00,SC,101,"242,2",PALHOCA,Falta de Atenção à Condução,Capotamento,Com Vítimas Feridas,Pleno dia,Decrescente,Céu Claro,Múltipla,Curva;Declive,Não,2,0,0,1,1,0,1,1,-27.87545797,-48.64678433,SPRF-SC,DEL01-SC,UOP02-DEL01-SC,2020
"265286,0",2020-01-26,domingo,18:20:00,SC,280,"20,6",ARAQUARI,Desobediência às normas de trânsito pelo condutor,Colisão transversal,Sem Vítimas,Pleno dia,Decrescente,Céu Claro,Simples,Interseção de Vias,Não,2,0,0,0,2,0,0,2,-26.3704378,-48.6883378,SPRF-SC,DEL03-SC,UOP03-DEL03-SC,2020
"265306,0",2020-01-26,domingo,19:55:00,SC,282,"202,3",LAGES,Ingestão de Álcool,Saída de leito carroçável,Com Vítimas Feridas,Plena Noite,Decrescente,Nublado,Simples,Reta,Não,2,0,2,0,0,0,2,1,-27.763393,-50.152874,SPRF-SC,DEL05-SC,UOP01-DEL05-SC,2020
"265308,0",2020-01-26,domingo,17:30:00,SC,480,"125,0",CHAPECO,Ingestão de Álcool,Colisão traseira,Sem Vítimas,Pleno dia,Decrescente,Céu Claro,Simples,Reta,Sim,3,0,0,0,3,0,0,2,-26.99989179,-52.64584064,SPRF-SC,DEL07-SC,UOP01-DEL07-SC,2020
"265316,0",2020-01-26,domingo,20:30:00,SC,101,"211,4",PALHOCA,Falta de Atenção à Condução,Colisão com objeto estático,Com Vítimas Feridas,Plena Noite,Crescente,Céu Claro,Dupla,Reta,Sim,1,0,1,0,0,0,1,1,-27.62329313,-48.65245588,SPRF-SC,DEL01-SC,UOP02-DEL01-SC,2020
"265341,0",2020-01-26,domingo,08:50:00,SC,101,"77,0",ARAQUARI,Falta de Atenção à Condução,Colisão traseira,Com Vítimas Feridas,Plena Noite,Decrescente,Céu Claro,Dupla,Reta,Não,2,0,1,0,1,0,1,2,-26.56833103,-48.72029393,SPRF-SC,DEL03-SC,UOP02-DEL03-SC,2020
"265343,0",2020-01-26,domingo,20:20:00,SC,282,"462,0",PONTE SERRADA,Falta de Atenção à Condução,Colisão lateral,Com Vítimas Feridas,Plena Noite,Crescente,Céu Claro,Simples,Aclive,Sim,1,0,1,0,0,0,1,1,-26.857594,-52.050583,SPRF-SC,DEL07-SC,UOP04-DEL07-SC,2020
"265352,0",2020-01-26,domingo,13:15:00,SC,282,"487,0",FAXINAL DOS GUEDES,Velocidade Incompatível,Colisão traseira,Sem Vítimas,Pleno dia,Crescente,Sol,Simples,Curva,Sim,2,0,0,0,2,0,0,2,-26.85758,-52.263203,SPRF-SC,DEL07-SC,UOP01-DEL07-SC,2020
"265356,0",2020-01-26,domingo,23:10:00,SC,280,"73,0",JARAGUA DO SUL,Velocidade Incompatível,Saída de leito carroçável,Com Vítimas Fatais,Plena Noite,Crescente,Céu Claro,Simples,Rotatória,Sim,1,1,0,0,0,0,0,1,-26.45877863,-49.15941954,SPRF-SC,DEL03-SC,UOP03-DEL03-SC,2020
"265367,0",2020-01-27,segunda-feira,01:00:00,SC,282,"577,6",PINHALZINHO,Ingestão de Álcool,Colisão lateral,Sem Vítimas,Plena Noite,Crescente,Céu Claro,Simples,Declive;Reta,Não,2,0,0,0,1,1,0,2,-26.84676,-52.980644,SPRF-SC,DEL07-SC,UOP02-DEL07-SC,2020
"265368,0",2020-01-26,domingo,23:15:00,SC,480,"129,0",CHAPECO,Ingestão de Álcool,Colisão com objeto estático,Sem Vítimas,Plena Noite,Crescente,Céu Claro,Dupla,Declive;Curva,Sim,1,0,0,0,1,0,0,1,-27.04656607,-52.63577131,SPRF-SC,DEL07-SC,UOP01-DEL07-SC,2020
"265414,0",2020-01-27,segunda-feira,08:25:00,SC,470,"45,6",GASPAR,Defeito Mecânico no Veículo,Tombamento,Com Vítimas Feridas,Pleno dia,Decrescente,Céu Claro,Simples,Reta,Não,2,0,2,0,0,0,2,1,-26.867064,-49.031109,SPRF-SC,DEL04-SC,UOP01-DEL04-SC,2020
"265419,0",2020-01-27,segunda-feira,08:40:00,SC,101,"334,0",TUBARAO,Desobediência às normas de trânsito pelo condutor,Colisão transversal,Com Vítimas Feridas,Pleno dia,Decrescente,Nublado,Simples,Interseção de Vias,Sim,2,0,1,0,1,0,1,2,-28.46963444,-49.01498795,SPRF-SC,DEL02-SC,UOP01-DEL02-SC,2020
"265436,0",2020-01-27,segunda-feira,09:40:00,SC,280,"53,7",GUARAMIRIM,Desobediência às normas de trânsito pelo condutor,Colisão lateral,Com Vítimas Feridas,Pleno dia,Decrescente,Sol,Simples,Reta,Não,2,0,1,0,1,0,1,2,-26.47236756,-48.97426617,SPRF-SC,DEL03-SC,UOP03-DEL03-SC,2020
"265460,0",2020-01-27,segunda-feira,11:55:00,SC,282,"17,0",PALHOCA,Falta de Atenção à Condução,Colisão transversal,Com Vítimas Feridas,Pleno dia,Crescente,Céu Claro,Simples,Reta,Sim,3,0,0,1,1,1,1,3,-27.665707,-48.688065,SPRF-SC,DEL01-SC,UOP02-DEL01-SC,2020
"265465,0",2020-01-27,segunda-feira,12:30:00,SC,101,"205,0",SAO JOSE,Ingestão de Álcool,Colisão traseira,Sem Vítimas,Pleno dia,Decrescente,Sol,Múltipla,Interseção de Vias;Reta,Sim,3,0,0,0,3,0,0,2,-27.58313237,-48.61532885,SPRF-SC,DEL01-SC,UOP01-DEL01-SC,2020
"265469,0",2020-01-27,segunda-feira,11:40:00,SC,101,"465,9",PASSO DE TORRES,Não guardar distância de segurança,Colisão traseira,Com Vítimas Feridas,Pleno dia,Crescente,Céu Claro,Dupla,Reta,Não,6,0,2,0,4,0,2,2,-29.298169,-49.768981,SPRF-RS,DEL03-RS,UOP02-DEL03-RS,2020
"265489,0",2020-01-20,segunda-feira,22:00:00,SC,470,"86,0",RODEIO,Objeto estático sobre o leito carroçável,Colisão com objeto estático,Com Vítimas Feridas,Plena Noite,Decrescente,Nublado,Simples,Interseção de Vias,Não,1,0,0,1,0,0,1,1,-26.9495786,-49.35932994,SPRF-SC,DEL04-SC,UOP01-DEL04-SC,2020
"265499,0",2020-01-27,segunda-feira,16:00:00,SC,101,"208,2",SAO JOSE,Falta de Atenção à Condução,Colisão traseira,Com Vítimas Feridas,Pleno dia,Crescente,Chuva,Múltipla,Reta,Sim,2,0,0,2,0,0,2,2,-27.60327979,-48.63201818,SPRF-SC,DEL01-SC,UOP01-DEL01-SC,2020
"265516,0",2020-01-27,segunda-feira,16:40:00,SC,101,"315,4",PESCARIA BRAVA,Falta de Atenção à Condução,Colisão com objeto estático,Com Vítimas Feridas,Pleno dia,Crescente,Chuva,Dupla,Curva,Sim,1,0,1,0,0,0,1,1,-28.42582596,-48.85379791,SPRF-SC,DEL02-SC,UOP01-DEL02-SC,2020
"265526,0",2020-01-27,segunda-feira,18:05:00,SC,101,"123,1",ITAJAI,Falta de Atenção à Condução,Colisão traseira,Com Vítimas Feridas,Pleno dia,Crescente,Céu Claro,Simples,Reta,Sim,2,0,1,0,1,0,1,2,-26.93668609,-48.69876905,SPRF-SC,DEL04-SC,UOP04-DEL04-SC,2020
"265551,0",2020-01-27,segunda-feira,20:50:00,SC,280,"68,5",JARAGUA DO SUL,Deficiência ou não Acionamento do Sistema de Iluminação/Sinalização do Veículo,Colisão transversal,Com Vítimas Feridas,Plena Noite,Crescente,Nublado,Dupla,Reta,Não,2,0,0,1,1,0,1,2,-26.47277719,-49.11098612,SPRF-SC,DEL03-SC,UOP03-DEL03-SC,2020
"265577,0",2020-01-27,segunda-feira,14:45:00,SC,101,"382,9",ICARA,Pista Escorregadia,Capotamento,Com Vítimas Feridas,Pleno dia,Decrescente,Chuva,Múltipla,Reta,Sim,3,0,1,1,0,1,2,2,-28.75966988,-49.28552404,SPRF-SC,DEL02-SC,UOP02-DEL02-SC,2020
"265591,0",2020-01-28,terça-feira,07:05:00,SC,470,"47,5",BLUMENAU,Falta de Atenção à Condução,Queda de ocupante de veículo,Com Vítimas Feridas,Pleno dia,Decrescente,Nublado,Simples,Curva,Sim,1,0,1,0,0,0,1,1,-26.86206599,-49.0514053,SPRF-SC,DEL04-SC,UOP01-DEL04-SC,2020
"265620,0",2020-01-28,terça-feira,07:00:00,SC,470,"6,0",NAVEGANTES,Falta de Atenção à Condução,Queda de ocupante de veículo,Com Vítimas Feridas,Pleno dia,Crescente,Céu Claro,Simples,Reta,Não,2,0,1,0,1,0,1,2,-26.852238,-48.709545,SPRF-SC,DEL04-SC,UOP04-DEL04-SC,2020
"265634,0",2020-01-28,terça-feira,11:00:00,SC,101,"209,9",SAO JOSE,Mal Súbito,Colisão com objeto estático,Com Vítimas Feridas,Pleno dia,Decrescente,Céu Claro,Simples,Reta,Não,3,0,1,0,1,1,1,3,-27.61000542,-48.63895057,SPRF-SC,DEL01-SC,UOP01-DEL01-SC,2020
"265642,0",2020-01-28,terça-feira,11:50:00,SC,101,"195,0",BIGUACU,Não guardar distância de segurança,Colisão lateral,Com Vítimas Feridas,Pleno dia,Crescente,Sol,Múltipla,Reta;Interseção de Vias,Sim,2,0,1,0,1,0,1,2,-27.50253795,-48.65267515,SPRF-SC,DEL01-SC,UOP01-DEL01-SC,2020
"265646,0",2020-01-28,terça-feira,11:30:00,SC,282,"4,0",FLORIANOPOLIS,Desobediência às normas de trânsito pelo condutor,Colisão transversal,Com Vítimas Feridas,Pleno dia,Crescente,Nublado,Múltipla,Reta,Sim,2,0,1,0,1,0,1,2,-27.592646,-48.604034,SPRF-SC,DEL01-SC,UOP01-DEL01-SC,2020
"265654,0",2020-01-28,terça-feira,12:40:00,SC,470,"74,8",INDAIAL,Velocidade Incompatível,Colisão lateral,Sem Vítimas,Pleno dia,Crescente,Nublado,Simples,Reta,Não,2,0,0,0,2,0,0,2,-26.916288,-49.280807,SPRF-SC,DEL04-SC,UOP01-DEL04-SC,2020
"265726,0",2020-01-28,terça-feira,20:30:00,SC,101,"85,0",BARRA VELHA,Desobediência às normas de trânsito pelo condutor,Colisão transversal,Com Vítimas Feridas,Plena Noite,Decrescente,Nublado,Simples,Interseção de Vias,Não,2,0,1,0,1,0,1,2,-26.62840879,-48.70813584,SPRF-SC,DEL03-SC,UOP02-DEL03-SC,2020