id,data_inversa,dia_semana,horario,uf,br,km,municipio,causa_acidente,tipo_acidente,classificacao_acidente,fase_dia,sentido_via,condicao_metereologica,tipo_pista,tracado_via,uso_solo,pessoas,mortos,feridos_leves,feridos_graves,ilesos,ignorados,feridos,veiculos,latitude,longitude,regional,delegacia,uop,ano_arquivo
"265754,0",2020-01-28,terça-feira,10:31:00,SC,101,"286,5",IMBITUBA,Defeito Mecânico no Veículo,Incêndio,Sem Vítimas,Pleno dia,Crescente,Nublado,Dupla,Reta,Não,1,0,0,0,1,0,0,1,-28.22947996,-48.70163526,SPRF-SC,DEL02-SC,UOP03-DEL02-SC,2020
"265777,0",2020-01-29,quarta-feira,08:10:00,SC,101,"348,0",TREZE DE MAIO,Desobediência às normas de trânsito pelo condutor,Colisão transversal,Com Vítimas Feridas,Pleno dia,Crescente,Nublado,Simples,Interseção de Vias,Sim,2,0,1,0,1,0,1,2,-28.57864277,-49.05275345,SPRF-SC,DEL02-SC,UOP01-DEL02-SC,2020
"265805,0",2020-01-29,quarta-feira,11:35:00,SC,101,"196,0",BIGUACU,Desobediência às normas de trânsito pelo condutor,Colisão frontal,Com Vítimas Feridas,Pleno dia,Decrescente,Nublado,Dupla,Reta,Sim,2,0,1,0,1,0,1,2,-27.51101091,-48.64322292,SPRF-SC,DEL01-SC,UOP01-DEL01-SC,2020
"265809,0",2020-01-29,quarta-feira,12:00:00,SC,282,"16,0",PALHOCA,Falta de Atenção à Condução,Colisão transversal,Com Vítimas Feridas,Pleno dia,Decrescente,Nublado,Simples,Reta,Sim,2,0,1,0,1,0,1,2,-27.658611,-48.681847,SPRF-SC,DEL01-SC,UOP02-DEL01-SC,2020
"265832,0",2020-01-29,quarta-feira,14:35:00,SC,101,"215,7",PALHOCA,Falta de Atenção à Condução,Colisão lateral,Com Vítimas Feridas,Pleno dia,Decrescente,Chuva,Dupla,Aclive,Não,2,0,1,0,1,0,1,2,-27.65184843,-48.67604941,SPRF-SC,DEL01-SC,UOP02-DEL01-SC,2020
"265845,0",2020-01-29,quarta-feira,15:40:00,SC,101,"185,0",BIGUACU,Falta de Atenção à Condução,Queda de ocupante de veículo,Com Vítimas Feridas,Pleno dia,Crescente,Chuva,Dupla,Retorno Regulamentado,Sim,2,0,1,0,1,0,1,2,-27.42536698,-48.62465876,SPRF-SC,DEL01-SC,UOP01-DEL01-SC,2020
"265867,0",2020-01-29,quarta-feira,14:10:00,SC,116,"14,3",MAFRA,Falta de Atenção à Condução,Colisão frontal,Com Vítimas Feridas,Pleno dia,Crescente,Chuva,Simples,Reta,Não,5,0,2,3,0,0,5,2,-26.1927121,-49.87729374,SPRF-SC,DEL06-SC,UOP01-DEL06-SC,2020
"265869,0",2020-01-29,quarta-feira,14:25:00,SC,101,"255,4",PAULO LOPES,Velocidade Incompatível,Saída de leito carroçável,Com Vítimas Feridas,Pleno dia,Decrescente,Chuva,Simples,Reta,Não,2,0,1,0,1,0,1,1,-27.98242299,-48.67898469,SPRF-SC,DEL02-SC,UOP03-DEL02-SC,2020
"265916,0",2020-01-29,quarta-feira,20:30:00,SC,101,"309,9",LAGUNA,Objeto estático sobre o leito carroçável,Tombamento,Com Vítimas Feridas,Plena Noite,Decrescente,Nublado,Dupla,Reta,Sim,1,0,1,0,0,0,1,1,-28.4258637,-48.80081014,SPRF-SC,DEL02-SC,UOP01-DEL02-SC,2020
"265919,0",2020-01-29,quarta-feira,23:35:00,SC,280,"239,0",CANOINHAS,Animais na Pista,Queda de ocupante de veículo,Com Vítimas Feridas,Plena Noite,Crescente,Céu Claro,Simples,Reta,Não,1,0,1,0,0,0,1,1,-26.20971113,-50.44782084,SPRF-SC,DEL06-SC,UOP04-DEL06-SC,2020
"265922,0",2020-01-29,quarta-feira,22:20:00,SC,101,"139,8",BALNEARIO CAMBORIU,Falta de Atenção à Condução,Colisão traseira,Com Vítimas Feridas,Plena Noite,Crescente,Céu Claro,Múltipla,Aclive,Não,2,0,1,0,1,0,1,2,-27.02982303,-48.60115006,SPRF-SC,DEL04-SC,UOP03-DEL04-SC,2020
"265923,0",2020-01-29,quarta-feira,22:50:00,SC,101,"144,0",ITAPEMA,Falta de Atenção à Condução,Colisão frontal,Com Vítimas Feridas,Plena Noite,Decrescente,Nublado,Dupla,Reta,Não,2,0,2,0,0,0,2,2,-27.0732659,-48.59672716,SPRF-SC,DEL04-SC,UOP03-DEL04-SC,2020
"265924,0",2020-01-29,quarta-feira,23:30:00,SC,101,"132,0",BALNEARIO CAMBORIU,Desobediência às normas de trânsito pelo condutor,Colisão transversal,Com Vítimas Feridas,Plena Noite,Crescente,Céu Claro,Simples,Interseção de Vias,Sim,1,0,1,0,0,0,1,1,-26.99654133,-48.65564711,SPRF-SC,DEL04-SC,UOP03-DEL04-SC,2020
"265953,0",2020-01-30,quinta-feira,06:15:00,SC,282,"512,6",XANXERE,Velocidade Incompatível,Saída de leito carroçável,Com Vítimas Feridas,Amanhecer,Crescente,Chuva,Simples,Reta,Não,1,0,1,0,0,0,1,1,-26.91019084,-52.47119757,SPRF-SC,DEL07-SC,UOP01-DEL07-SC,2020
"265956,0",2020-01-30,quinta-feira,04:15:00,SC,101,"129,0",BALNEARIO CAMBORIU,Defeito Mecânico no Veículo,Saída de leito carroçável,Com Vítimas Feridas,Plena Noite,Decrescente,Céu Claro,Dupla,Curva,Sim,1,0,1,0,0,0,1,1,-26.98064277,-48.6790679,SPRF-SC,DEL04-SC,UOP03-DEL04-SC,2020
"265976,0",2020-01-30,quinta-feira,08:00:00,SC,470,"70,0",INDAIAL,Falta de Atenção à Condução,Queda de ocupante de veículo,Com Vítimas Feridas,Pleno dia,Crescente,Céu Claro,Simples,Reta,Não,1,0,1,0,0,0,1,1,-26.889374,-49.254478,SPRF-SC,DEL04-SC,UOP01-DEL04-SC,2020
"265981,0",2020-01-30,quinta-feira,11:45:00,SC,101,"211,5",PALHOCA,Falta de Atenção à Condução,Colisão lateral,Com Vítimas Feridas,Pleno dia,Crescente,Céu Claro,Dupla,Reta,Sim,2,0,1,0,1,0,1,2,-27.62329313,-48.65245588,SPRF-SC,DEL01-SC,UOP02-DEL01-SC,2020
"265989,0",2020-01-30,quinta-feira,10:20:00,SC,101,"52,9",JOINVILLE,Objeto estático sobre o leito carroçável,Capotamento,Com Vítimas Feridas,Pleno dia,Crescente,Céu Claro,Dupla,Reta,Não,2,0,1,0,0,1,1,2,-26.39111608,-48.83984239,SPRF-SC,DEL03-SC,UOP01-DEL03-SC,2020
"266017,0",2020-01-30,quinta-feira,15:35:00,SC,101,"218,0",PALHOCA,Falta de Atenção à Condução,Queda de ocupante de veículo,Com Vítimas Feridas,Pleno dia,Decrescente,Garoa/Chuvisco,Dupla,Reta,Sim,1,0,1,0,0,0,1,1,-27.6758601,-48.67052525,SPRF-SC,DEL01-SC,UOP02-DEL01-SC,2020
"266035,0",2020-01-30,quinta-feira,17:30:00,SC,280,"51,0",GUARAMIRIM,Falta de Atenção à Condução,Colisão transversal,Com Vítimas Feridas,Pleno dia,Crescente,Nublado,Simples,Rotatória,Não,2,0,0,1,1,0,1,2,-26.46538871,-48.95544449,SPRF-SC,DEL03-SC,UOP03-DEL03-SC,2020
"266043,0",2020-01-30,quinta-feira,18:15:00,SC,101,"198,0",BIGUACU,Falta de Atenção à Condução,Colisão traseira,Sem Vítimas,Pleno dia,Decrescente,Céu Claro,Múltipla,Reta,Não,2,0,0,0,2,0,0,2,-27.52658712,-48.63506019,SPRF-SC,DEL01-SC,UOP01-DEL01-SC,2020
"266045,0",2020-01-30,quinta-feira,17:30:00,SC,280,"58,4",GUARAMIRIM,Desobediência às normas de trânsito pelo condutor,Colisão transversal,Com Vítimas Feridas,Pleno dia,Decrescente,Céu Claro,Simples,Reta,Não,2,0,1,0,1,0,1,2,-26.47446785,-49.02519643,SPRF-SC,DEL03-SC,UOP03-DEL03-SC,2020
"266050,0",2020-01-30,quinta-feira,18:40:00,SC,101,"134,0",BALNEARIO CAMBORIU,Desobediência às normas de trânsito pelo condutor,Colisão lateral,Com Vítimas Feridas,Anoitecer,Crescente,Nublado,Dupla,Reta,Sim,2,0,1,0,1,0,1,2,-27.00218,-48.636433,SPRF-SC,DEL04-SC,UOP03-DEL04-SC,2020
"266059,0",2020-01-30,quinta-feira,17:10:00,SC,282,"541,3",CHAPECO,Ingestão de Álcool,Tombamento,Com Vítimas Feridas,Pleno dia,Crescente,Nublado,Simples,Interseção de Vias,Não,1,0,1,0,0,0,1,1,-26.997713,-52.699165,SPRF-SC,DEL07-SC,UOP01-DEL07-SC,2020
"266129,0",2020-01-31,sexta-feira,08:27:00,SC,101,"197,8",BIGUACU,Desobediência às normas de trânsito pelo condutor,Colisão lateral,Com Vítimas Feridas,Pleno dia,Crescente,Céu Claro,Múltipla,Declive,Sim,2,0,1,0,1,0,1,2,-27.51844497,-48.63848496,SPRF-SC,DEL01-SC,UOP01-DEL01-SC,2020
"266135,0",2020-01-31,sexta-feira,09:00:00,SC,282,"3,0",FLORIANOPOLIS,Falta de Atenção à Condução,Colisão traseira,Com Vítimas Feridas,Pleno dia,Decrescente,Céu Claro,Dupla,Reta,Sim,2,0,1,0,1,0,1,2,-27.600384,-48.599705,SPRF-SC,DEL01-SC,UOP01-DEL01-SC,2020
"266142,0",2020-01-31,sexta-feira,07:30:00,SC,282,"161,5",BOM RETIRO,Condutor Dormindo,Saída de leito carroçável,Com Vítimas Feridas,Pleno dia,Crescente,Céu Claro,Simples,Reta,Não,3,0,1,0,2,0,1,1,-27.731232,-49.763027,SPRF-SC,DEL05-SC,UOP01-DEL05-SC,2020
"266152,0",2020-01-31,sexta-feira,10:30:00,SC,101,"151,6",ITAPEMA,Desobediência às normas de trânsito pelo condutor,Colisão transversal,Com Vítimas Feridas,Pleno dia,Decrescente,Nublado,Múltipla,Interseção de Vias,Sim,2,0,1,0,1,0,1,2,-27.13200179,-48.60956736,SPRF-SC,DEL04-SC,UOP03-DEL04-SC,2020
"266156,0",2020-01-31,sexta-feira,11:00:00,SC,101,"238,0",PALHOCA,Desobediência às normas de trânsito pelo condutor,Saída de leito carroçável,Com Vítimas Feridas,Pleno dia,Crescente,Céu Claro,Dupla,Reta,Não,2,0,2,0,0,0,2,1,-27.84293889,-48.63471922,SPRF-SC,DEL01-SC,UOP02-DEL01-SC,2020
"266177,0",2020-01-31,sexta-feira,11:20:00,SC,280,"8,0",SAO FRANCISCO DO SUL,Falta de Atenção à Condução,Colisão transversal,Com Vítimas Feridas,Pleno dia,Crescente,Sol,Simples,Reta,Sim,2,0,1,0,1,0,1,2,-26.27887292,-48.64668626,SPRF-SC,DEL03-SC,UOP03-DEL03-SC,2020
"266186,0",2020-01-31,sexta-feira,15:55:00,SC,101,"207,9",SAO JOSE,Não guardar distância de segurança,Colisão lateral,Com Vítimas Feridas,Pleno dia,Decrescente,Céu Claro,Múltipla,Reta,Sim,2,0,1,0,1,0,1,2,-27.60001226,-48.6226467,SPRF-SC,DEL01-SC,UOP01-DEL01-SC,2020
"266193,0",2020-01-31,sexta-feira,16:50:00,SC,101,"214,3",PALHOCA,Ingestão de Álcool,Queda de ocupante de veículo,Com Vítimas Feridas,Pleno dia,Crescente,Nublado,Dupla,Reta,Sim,1,0,1,0,0,0,1,1,-27.64443,-48.67057,SPRF-SC,DEL01-SC,UOP02-DEL01-SC,2020
"266196,0",2020-01-31,sexta-feira,16:55:00,SC,470,"50,3",BLUMENAU,Desobediência às normas de trânsito pelo condutor,Colisão lateral,Com Vítimas Feridas,Pleno dia,Decrescente,Céu Claro,Simples,Em Obras;Curva,Sim,2,0,1,0,1,0,1,2,-26.859768,-49.074493,SPRF-SC,DEL04-SC,UOP01-DEL04-SC,2020
"266212,0",2020-01-31,sexta-feira,17:45:00,SC,101,"144,0",ITAPEMA,Defeito Mecânico no Veículo,Tombamento,Com Vítimas Feridas,Pleno dia,Crescente,Céu Claro,Dupla,Reta,Sim,2,0,2,0,0,0,2,1,-27.0732659,-48.59672716,SPRF-SC,DEL04-SC,UOP03-DEL04-SC,2020
"266213,0",2020-01-31,sexta-feira,18:00:00,SC,470,"140,2",RIO DO SUL,Falta de Atenção à Condução,Colisão transversal,Com Vítimas Feridas,Anoitecer,Decrescente,Nublado,Simples,Reta,Sim,2,0,0,1,1,0,1,2,-27.222485,-49.662827,SPRF-SC,DEL04-SC,UOP02-DEL04-SC,2020
"266218,0",2020-01-31,sexta-feira,16:20:00,SC,101,"43,1",JOINVILLE,Desobediência às normas de trânsito pelo condutor,Colisão traseira,Com Vítimas Feridas,Pleno dia,Crescente,Sol,Dupla,Reta,Sim,3,0,3,0,0,0,3,2,-26.30357106,-48.88225609,SPRF-SC,DEL03-SC,UOP01-DEL03-SC,2020
"266231,0",2020-01-31,sexta-feira,19:15:00,SC,470,"71,8",INDAIAL,Falta de Atenção à Condução,Colisão traseira,Com Vítimas Feridas,Plena Noite,Crescente,Céu Claro,Simples,Reta,Não,5,0,4,0,1,0,4,2,-26.895243,-49.262104,SPRF-SC,DEL04-SC,UOP01-DEL04-SC,2020
"266248,0",2020-01-31,sexta-feira,20:00:00,SC,101,"203,0",SAO JOSE,Falta de Atenção à Condução,Colisão lateral,Com Vítimas Feridas,Plena Noite,Decrescente,Chuva,Dupla,Reta,Sim,2,0,1,0,1,0,1,2,-27.5650044,-48.61460082,SPRF-SC,DEL01-SC,UOP01-DEL01-SC,2020
"266251,0",2020-01-31,sexta-feira,20:15:00,SC,101,"120,6",ITAJAI,Falta de Atenção à Condução,Colisão traseira,Com Vítimas Feridas,Plena Noite,Decrescente,Céu Claro,Dupla,Interseção de Vias,Sim,2,0,1,0,1,0,1,2,-26.9178225,-48.70947361,SPRF-SC,DEL04-SC,UOP04-DEL04-SC,2020
"266286,0",2020-01-31,sexta-feira,23:05:00,SC,470,"52,4",BLUMENAU,Falta de Atenção à Condução,Colisão transversal,Com Vítimas Feridas,Plena Noite,Decrescente,Céu Claro,Simples,Reta;Interseção de Vias,Sim,2,0,0,1,1,0,1,2,-26.862286,-49.093903,SPRF-SC,DEL04-SC,UOP01-DEL04-SC,2020
"266308,0",2020-01-31,sexta-feira,23:23:00,SC,101,"300,0",LAGUNA,Ingestão de Álcool,Colisão transversal,Sem Vítimas,Plena Noite,Crescente,Garoa/Chuvisco,Simples,Viaduto,Sim,2,0,0,0,2,0,0,2,-28.336977,-48.732777,SPRF-SC,DEL02-SC,UOP03-DEL02-SC,2020
"266314,0",2020-02-01,sábado,02:00:00,SC,101,"127,7",ITAJAI,Falta de Atenção à Condução,Tombamento,Com Vítimas Feridas,Plena Noite,Crescente,Nublado,Dupla,Reta,Não,1,0,1,0,0,0,1,1,-26.9639319,-48.68328024,SPRF-SC,DEL04-SC,UOP04-DEL04-SC,2020
"266323,0",2020-02-01,sábado,02:40:00,SC,282,"506,9",XANXERE,Ingestão de Álcool,Saída de leito carroçável,Sem Vítimas,Plena Noite,Crescente,Céu Claro,Simples,Interseção de Vias,Sim,1,0,0,0,0,1,0,1,-26.885712,-52.42907,SPRF-SC,DEL07-SC,UOP01-DEL07-SC,2020
"266330,0",2020-02-01,sábado,04:05:00,SC,101,"198,0",BIGUACU,Velocidade Incompatível,Colisão com objeto estático,Sem Vítimas,Plena Noite,Decrescente,Céu Claro,Múltipla,Reta,Sim,1,0,0,0,0,1,0,1,-27.52658712,-48.63506019,SPRF-SC,DEL01-SC,UOP01-DEL01-SC,2020
"266331,0",2020-02-01,sábado,04:00:00,SC,101,"197,7",BIGUACU,Velocidade Incompatível,Colisão com objeto estático,Sem Vítimas,Plena Noite,Crescente,Nublado,Múltipla,Interseção de Vias;Reta,Sim,1,0,0,0,0,1,0,1,-27.51844497,-48.63848496,SPRF-SC,DEL01-SC,UOP01-DEL01-SC,2020
"266352,0",2020-02-01,sábado,08:15:00,SC,101,"152,7",PORTO BELO,Defeito Mecânico no Veículo,Saída de leito carroçável,Sem Vítimas,Pleno dia,Crescente,Céu Claro,Dupla,Reta,Não,1,0,0,0,1,0,0,1,-27.13563503,-48.61004665,SPRF-SC,DEL04-SC,UOP03-DEL04-SC,2020
"266358,0",2020-02-01,sábado,08:30:00,SC,101,"148,0",ITAPEMA,Falta de Atenção à Condução,Colisão traseira,Sem Vítimas,Pleno dia,Decrescente,Céu Claro,Dupla,Reta,Sim,2,0,0,0,2,0,0,2,-27.10123686,-48.61807962,SPRF-SC,DEL04-SC,UOP03-DEL04-SC,2020
"266364,0",2020-02-01,sábado,07:55:00,SC,280,"31,8",ARAQUARI,Falta de Atenção à Condução,Colisão lateral,Com Vítimas Feridas,Pleno dia,Crescente,Céu Claro,Simples,Rotatória,Não,2,0,1,0,1,0,1,2,-26.41841641,-48.77867997,SPRF-SC,DEL03-SC,UOP03-DEL03-SC,2020
"266379,0",2020-02-01,sábado,11:54:00,SC,101,"14,5",GARUVA,Não guardar distância de segurança,Colisão traseira,Com Vítimas Feridas,Pleno dia,Crescente,Céu Claro,Dupla,Reta,Não,2,0,1,1,0,0,2,2,-26.09803515,-48.86773972,SPRF-SC,DEL03-SC,UOP01-DEL03-SC,2020
"266395,0",2020-02-01,sábado,12:45:00,SC,101,"209,0",SAO JOSE,Falta de Atenção à Condução,Engavetamento,Com Vítimas Feridas,Pleno dia,Crescente,Sol,Dupla,Reta,Sim,5,0,1,0,4,0,1,4,-27.61000542,-48.63895057,SPRF-SC,DEL01-SC,UOP01-DEL01-SC,2020
"266402,0",2020-02-01,sábado,13:01:00,SC,101,"258,0",PAULO LOPES,Falta de Atenção à Condução,Colisão traseira,Com Vítimas Feridas,Pleno dia,Crescente,Céu Claro,Dupla,Curva;Declive,Não,2,0,1,0,1,0,1,2,-28.00880016,-48.69561195,SPRF-SC,DEL02-SC,UOP03-DEL02-SC,2020
"266414,0",2020-02-01,sábado,14:30:00,SC,101,"339,2",TUBARAO,Falta de Atenção à Condução,Engavetamento,Com Vítimas Feridas,Pleno dia,Decrescente,Sol,Dupla,Aclive,Sim,3,0,1,0,2,0,1,3,-28.50713055,-49.04936314,SPRF-SC,DEL02-SC,UOP01-DEL02-SC,2020
"266441,0",2020-02-01,sábado,12:50:00,SC,280,"30,9",ARAQUARI,Ingestão de Álcool,Colisão traseira,Sem Vítimas,Pleno dia,Crescente,Sol,Simples,Reta,Não,2,0,0,0,2,0,0,2,-26.4163165,-48.77134681,SPRF-SC,DEL03-SC,UOP03-DEL03-SC,2020
"266442,0",2020-02-01,sábado,14:35:00,SC,280,"33,0",ARAQUARI,Falta de Atenção à Condução,Colisão transversal,Com Vítimas Feridas,Pleno dia,Decrescente,Céu Claro,Simples,Reta,Sim,3,0,1,0,2,0,1,2,-26.42576441,-48.78741376,SPRF-SC,DEL03-SC,UOP03-DEL03-SC,2020
"266444,0",2020-02-01,sábado,15:50:00,SC,280,"7,8",SAO FRANCISCO DO SUL,Ingestão de Álcool,Colisão traseira,Sem Vítimas,Pleno dia,Decrescente,Céu Claro,Simples,Reta,Sim,3,0,0,0,3,0,0,3,-26.27127101,-48.64129599,SPRF-SC,DEL03-SC,UOP03-DEL03-SC,2020
"266455,0",2020-02-01,sábado,18:00:00,SC,101,"132,0",BALNEARIO CAMBORIU,Falta de Atenção à Condução,Colisão transversal,Com Vítimas Feridas,Plena Noite,Crescente,Céu Claro,Simples,Interseção de Vias,Sim,3,0,1,0,1,1,1,3,-26.99654133,-48.65564711,SPRF-SC,DEL04-SC,UOP03-DEL04-SC,2020
"266484,0",2020-02-01,sábado,20:00:00,SC,101,"332,8",TUBARAO,Desobediência às normas de trânsito pelo condutor,Colisão transversal,Com Vítimas Feridas,Plena Noite,Decrescente,Céu Claro,Múltipla,Interseção de Vias,Sim,2,0,1,0,1,0,1,2,-28.46016431,-48.98968873,SPRF-SC,DEL02-SC,UOP01-DEL02-SC,2020
"266499,0",2020-02-01,sábado,21:20:00,SC,101,"154,5",PORTO BELO,Velocidade Incompatível,Colisão transversal,Com Vítimas Feridas,Plena Noite,Decrescente,Céu Claro,Simples,Viaduto;Curva,Sim,2,0,0,1,1,0,1,2,-27.153819,-48.61086393,SPRF-SC,DEL04-SC,UOP03-DEL04-SC,2020
"266506,0",2020-02-01,sábado,09:30:00,SC,101,"85,0",BARRA VELHA,Falta de Atenção do Pedestre,Atropelamento de Pedestre,Com Vítimas Feridas,Plena Noite,Crescente,Nublado,Múltipla,Interseção de Vias,Não,2,0,2,0,0,0,2,2,-26.62840879,-48.70813584,SPRF-SC,DEL03-SC,UOP02-DEL03-SC,2020
"266511,0",2020-02-01,sábado,19:15:00,SC,282,"409,6",CATANDUVAS,Falta de Atenção à Condução,Colisão transversal,Com Vítimas Feridas,Plena Noite,Decrescente,Céu Claro,Simples,Rotatória,Sim,2,0,1,0,1,0,1,2,-27.065756,-51.664165,SPRF-SC,DEL07-SC,UOP05-DEL07-SC,2020
"266529,0",2020-02-02,domingo,01:20:00,SC,101,"150,0",ITAPEMA,Ingestão de Álcool,Colisão com objeto estático,Sem Vítimas,Plena Noite,Crescente,Nublado,Dupla,Retorno Regulamentado,Sim,1,0,0,0,1,0,0,1,-27.11744799,-48.60940987,SPRF-SC,DEL04-SC,UOP03-DEL04-SC,2020
"266534,0",2020-02-02,domingo,01:40:00,SC,280,"51,5",GUARAMIRIM,Ingestão de Álcool,Saída de leito carroçável,Com Vítimas Feridas,Plena Noite,Crescente,Nublado,Simples,Interseção de Vias,Não,1,0,1,0,0,0,1,1,-26.46706313,-48.9599973,SPRF-SC,DEL03-SC,UOP03-DEL03-SC,2020
"266539,0",2020-02-02,domingo,01:30:00,SC,280,"32,2",ARAQUARI,Falta de Atenção à Condução,Saída de leito carroçável,Com Vítimas Feridas,Plena Noite,Decrescente,Nublado,Simples,Reta,Não,2,0,1,0,1,0,1,1,-26.42148581,-48.78063798,SPRF-SC,DEL03-SC,UOP03-DEL03-SC,2020
"266543,0",2020-02-02,domingo,03:00:00,SC,101,"213,0",PALHOCA,Ingestão de Álcool,Colisão com objeto estático,Com Vítimas Feridas,Plena Noite,Decrescente,Céu Claro,Dupla,Reta,Sim,3,0,3,0,0,0,3,1,-27.63697369,-48.66514142,SPRF-SC,DEL01-SC,UOP02-DEL01-SC,2020
"266544,0",2020-02-02,domingo,04:00:00,SC,101,"215,0",PALHOCA,Desobediência às normas de trânsito pelo condutor,Colisão com objeto estático,Sem Vítimas,Plena Noite,Decrescente,Céu Claro,Dupla,Curva,Sim,1,0,0,0,0,1,0,1,-27.65184843,-48.67604941,SPRF-SC,DEL01-SC,UOP02-DEL01-SC,2020
"266565,0",2020-02-02,domingo,07:10:00,SC,101,"90,9",BARRA VELHA,Falta de Atenção à Condução,Saída de leito carroçável,Com Vítimas Feridas,Amanhecer,Decrescente,Céu Claro,Simples,Reta,Não,1,0,1,0,0,0,1,1,-26.65735438,-48.6876297,SPRF-SC,DEL03-SC,UOP02-DEL03-SC,2020
"266566,0",2020-01-24,sexta-feira,15:45:00,SC,101,"214,0",PALHOCA,Desobediência às normas de trânsito pelo condutor,Colisão traseira,Com Vítimas Feridas,Pleno dia,Decrescente,Céu Claro,Dupla,Reta,Sim,2,0,1,0,1,0,1,2,-27.64443,-48.67057,SPRF-SC,DEL01-SC,UOP02-DEL01-SC,2020
"266571,0",2020-02-02,domingo,06:50:00,SC,282,"504,9",XANXERE,Desobediência às normas de trânsito pelo condutor,Colisão traseira,Sem Vítimas,Pleno dia,Decrescente,Céu Claro,Dupla,Curva,Sim,3,0,0,0,2,1,0,3,-26.884279,-52.408466,SPRF-SC,DEL07-SC,UOP01-DEL07-SC,2020
"266574,0",2020-02-02,domingo,08:20:00,SC,101,"58,0",ARAQUARI,Condutor Dormindo,Colisão com objeto estático,Com Vítimas Feridas,Pleno dia,Crescente,Nublado,Dupla,Curva,Não,1,0,1,0,0,0,1,1,-26.44025049,-48.80129043,SPRF-SC,DEL03-SC,UOP02-DEL03-SC,2020
"266581,0",2020-02-02,domingo,09:00:00,SC,280,"48,1",GUARAMIRIM,Falta de Atenção à Condução,Saída de leito carroçável,Com Vítimas Feridas,Pleno dia,Crescente,Céu Claro,Simples,Reta,Não,3,0,2,0,1,0,2,1,-26.45506795,-48.92766502,SPRF-SC,DEL03-SC,UOP03-DEL03-SC,2020
"266582,0",2020-02-02,domingo,08:35:00,SC,101,"154,8",PORTO BELO,Falta de Atenção à Condução,Colisão lateral,Com Vítimas Feridas,Pleno dia,Crescente,Céu Claro,Dupla,Reta,Não,2,0,1,0,1,0,1,2,-27.153819,-48.61086393,SPRF-SC,DEL04-SC,UOP03-DEL04-SC,2020
"266617,0",2020-02-02,domingo,12:10:00,SC,101,"327,2",CAPIVARI DE BAIXO,Desobediência às normas de trânsito pelo condutor,Colisão transversal,Com Vítimas Feridas,Pleno dia,Decrescente,Sol,Simples,Interseção de Vias,Sim,2,0,1,1,0,0,2,2,-28.43023306,-48.95205197,SPRF-SC,DEL02-SC,UOP01-DEL02-SC,2020
"266625,0",2020-02-02,domingo,14:30:00,SC,101,"136,6",BALNEARIO CAMBORIU,Defeito Mecânico no Veículo,Tombamento,Com Vítimas Feridas,Pleno dia,Crescente,Nublado,Múltipla,Reta,Não,2,0,2,0,0,0,2,1,-27.008113,-48.617245,SPRF-SC,DEL04-SC,UOP03-DEL04-SC,2020
"266634,0",2020-02-02,domingo,15:05:00,SC,470,"125,0",LONTRAS,Falta de Atenção à Condução,Colisão transversal,Com Vítimas Feridas,Pleno dia,Decrescente,Sol,Simples,Reta,Não,2,0,1,0,1,0,1,2,-27.12124536,-49.53534722,SPRF-SC,DEL04-SC,UOP02-DEL04-SC,2020
"266656,0",2020-02-02,domingo,16:40:00,SC,282,"24,6",SANTO AMARO DA IMPERATRIZ,Falta de Atenção à Condução,Colisão transversal,Com Vítimas Feridas,Pleno dia,Crescente,Nublado,Simples,Curva,Sim,3,0,2,0,0,1,2,2,-27.68268,-48.744614,SPRF-SC,DEL01-SC,UOP03-DEL01-SC,2020
"266689,0",2020-02-02,domingo,16:20:00,SC,470,"81,0",RODEIO,Restrição de Visibilidade,Colisão traseira,Com Vítimas Feridas,Pleno dia,Crescente,Chuva,Simples,Reta;Interseção de Vias,Não,2,0,1,0,1,0,1,2,-26.95646429,-49.32597399,SPRF-SC,DEL04-SC,UOP01-DEL04-SC,2020
"266706,0",2020-02-02,domingo,19:15:00,SC,280,"24,0",ARAQUARI,Falta de Atenção à Condução,Colisão transversal,Com Vítimas Feridas,Plena Noite,Decrescente,Chuva,Simples,Reta,Sim,3,0,1,0,2,0,1,2,-26.37724921,-48.71953282,SPRF-SC,DEL03-SC,UOP03-DEL03-SC,2020
"266710,0",2020-02-02,domingo,20:30:00,SC,470,"129,0",LONTRAS,Ingestão de Álcool,Queda de ocupante de veículo,Com Vítimas Feridas,Plena Noite,Decrescente,Chuva,Simples,Reta,Não,3,0,1,1,0,1,2,2,-27.148499,-49.556137,SPRF-SC,DEL04-SC,UOP02-DEL04-SC,2020
"266727,0",2020-02-02,domingo,20:15:00,SC,101,"243,0",PALHOCA,Não guardar distância de segurança,Colisão traseira,Sem Vítimas,Plena Noite,Decrescente,Chuva,Dupla,Reta,Não,2,0,0,0,1,1,0,2,-27.88419902,-48.64750077,SPRF-SC,DEL01-SC,UOP02-DEL01-SC,2020
"266734,0",2020-02-02,domingo,21:35:00,SC,470,"54,4",BLUMENAU,Desobediência às normas de trânsito pelo condutor,Colisão transversal,Com Vítimas Feridas,Plena Noite,Crescente,Chuva,Simples,Interseção de Vias,Sim,3,0,2,0,1,0,2,2,-26.871065,-49.110374,SPRF-SC,DEL04-SC,UOP01-DEL04-SC,2020
"266747,0",2020-02-02,domingo,22:20:00,SC,470,"72,0",INDAIAL,Restrição de Visibilidade,Colisão lateral,Com Vítimas Feridas,Plena Noite,Crescente,Chuva,Simples,Reta;Em Obras,Sim,4,0,0,1,3,0,1,3,-26.901979,-49.268745,SPRF-SC,DEL04-SC,UOP01-DEL04-SC,2020