id,data_inversa,dia_semana,horario,uf,br,km,municipio,causa_acidente,tipo_acidente,classificacao_acidente,fase_dia,sentido_via,condicao_metereologica,tipo_pista,tracado_via,uso_solo,pessoas,mortos,feridos_leves,feridos_graves,ilesos,ignorados,feridos,veiculos,latitude,longitude,regional,delegacia,uop,ano_arquivo
"267834,0",2020-02-07,sexta-feira,18:45:00,SC,101,"213,5",PALHOCA,Falta de Atenção à Condução,Colisão transversal,Com Vítimas Feridas,Anoitecer,Crescente,Chuva,Dupla,Reta,Sim,3,0,1,0,2,0,1,2,-27.63697369,-48.66514142,SPRF-SC,DEL01-SC,UOP02-DEL01-SC,2020
"267844,0",2020-02-07,sexta-feira,19:40:00,SC,101,"214,5",PALHOCA,Falta de Atenção à Condução,Colisão lateral,Com Vítimas Feridas,Plena Noite,Decrescente,Chuva,Dupla,Reta,Sim,2,0,1,0,1,0,1,2,-27.64443,-48.67057,SPRF-SC,DEL01-SC,UOP02-DEL01-SC,2020
"267866,0",2020-02-07,sexta-feira,21:12:00,SC,101,"118,9",ITAJAI,Falta de Atenção à Condução,Colisão traseira,Com Vítimas Feridas,Plena Noite,Crescente,Nublado,Dupla,Reta,Sim,3,0,3,0,0,0,3,2,-26.895859,-48.71903,SPRF-SC,DEL04-SC,UOP04-DEL04-SC,2020
"267867,0",2020-02-07,sexta-feira,09:20:00,SC,282,"21,4",PALHOCA,Desobediência às normas de trânsito pelo condutor,Colisão transversal,Sem Vítimas,Plena Noite,Crescente,Chuva,Simples,Curva,Sim,2,0,0,0,2,0,0,2,-27.68907,-48.717541,SPRF-SC,DEL01-SC,UOP02-DEL01-SC,2020
"267869,0",2020-02-07,sexta-feira,18:30:00,SC,116,"198,0",PONTE ALTA,Desobediência às normas de trânsito pelo condutor,Colisão traseira,Com Vítimas Feridas,Anoitecer,Crescente,Céu Claro,Dupla,Reta,Não,2,0,1,0,1,0,1,2,-27.41377628,-50.41680458,SPRF-SC,DEL05-SC,UOP03-DEL05-SC,2020
"267880,0",2020-02-07,sexta-feira,22:40:00,SC,101,"129,1",BALNEARIO CAMBORIU,Falta de Atenção à Condução,Capotamento,Com Vítimas Feridas,Plena Noite,Decrescente,Garoa/Chuvisco,Dupla,Reta,Não,3,0,3,0,0,0,3,1,-26.98064277,-48.6790679,SPRF-SC,DEL04-SC,UOP03-DEL04-SC,2020
"267884,0",2020-02-07,sexta-feira,22:40:00,SC,101,"117,0",ITAJAI,Falta de Atenção à Condução,Colisão transversal,Com Vítimas Feridas,Plena Noite,Decrescente,Chuva,Simples,Interseção de Vias,Não,3,0,1,0,2,0,1,2,-26.88747187,-48.72252969,SPRF-SC,DEL04-SC,UOP04-DEL04-SC,2020
"267894,0",2020-02-07,sexta-feira,23:30:00,SC,101,"186,0",BIGUACU,Pista Escorregadia,Colisão com objeto estático,Com Vítimas Feridas,Plena Noite,Crescente,Chuva,Dupla,Curva,Não,1,0,1,0,0,0,1,1,-27.4341098,-48.62567129,SPRF-SC,DEL01-SC,UOP01-DEL01-SC,2020
"267897,0",2020-02-08,sábado,00:20:00,SC,282,"24,7",SANTO AMARO DA IMPERATRIZ,Falta de Atenção à Condução,Colisão frontal,Com Vítimas Feridas,Plena Noite,Decrescente,Chuva,Simples,Interseção de Vias,Sim,2,0,0,1,1,0,1,2,-27.68268,-48.744614,SPRF-SC,DEL01-SC,UOP03-DEL01-SC,2020
"267901,0",2020-02-08,sábado,01:20:00,SC,282,"0,2",FLORIANOPOLIS,Ingestão de Álcool,Saída de leito carroçável,Sem Vítimas,Plena Noite,Decrescente,Chuva,Múltipla,Curva,Não,1,0,0,0,1,0,0,1,-27.59845,-48.571995,SPRF-SC,DEL01-SC,UOP01-DEL01-SC,2020
"267929,0",2020-02-08,sábado,03:30:00,SC,101,"392,4",CRICIUMA,Ingestão de álcool e/ou substâncias psicoativas pelo pedestre,Colisão com objeto estático,Com Vítimas Feridas,Plena Noite,Decrescente,Nublado,Dupla,Curva,Não,3,0,1,2,0,0,3,1,-28.80489882,-49.3712151,SPRF-SC,DEL02-SC,UOP02-DEL02-SC,2020
"267938,0",2020-02-08,sábado,06:00:00,SC,282,"49,0",AGUAS MORNAS,Velocidade Incompatível,Saída de leito carroçável,Com Vítimas Feridas,Pleno dia,Decrescente,Chuva,Simples,Curva,Não,4,0,2,0,2,0,2,1,-27.712931,-48.943741,SPRF-SC,DEL01-SC,UOP03-DEL01-SC,2020
"267962,0",2020-02-08,sábado,08:45:00,SC,101,"413,0",ARARANGUA,Desobediência às normas de trânsito pelo condutor,Colisão transversal,Sem Vítimas,Pleno dia,Decrescente,Céu Claro,Simples,Rotatória,Sim,2,0,0,0,2,0,0,2,-28.94605997,-49.50428402,SPRF-SC,DEL02-SC,UOP02-DEL02-SC,2020
"267978,0",2020-02-08,sábado,10:50:00,SC,470,"154,3",AGRONOMICA,Não guardar distância de segurança,Colisão traseira,Com Vítimas Feridas,Pleno dia,Crescente,Chuva,Simples,Curva,Não,4,0,2,2,0,0,4,2,-27.275414,-49.742989,SPRF-SC,DEL04-SC,UOP02-DEL04-SC,2020
"267993,0",2020-02-04,terça-feira,16:00:00,SC,101,"203,9",SAO JOSE,Falta de Atenção à Condução,Colisão transversal,Sem Vítimas,Pleno dia,Decrescente,Chuva,Dupla,Interseção de Vias,Sim,2,0,0,0,2,0,0,2,-27.57225228,-48.61342371,SPRF-SC,DEL01-SC,UOP01-DEL01-SC,2020
"268002,0",2020-02-08,sábado,12:40:00,SC,470,"99,7",APIUNA,Não guardar distância de segurança,Colisão traseira,Com Vítimas Feridas,Pleno dia,Decrescente,Nublado,Simples,Reta,Não,7,0,4,0,3,0,4,4,-27.037956,-49.393417,SPRF-SC,DEL04-SC,UOP01-DEL04-SC,2020
"268004,0",2020-02-08,sábado,08:30:00,SC,282,"503,8",XANXERE,Velocidade Incompatível,Saída de leito carroçável,Com Vítimas Feridas,Pleno dia,Decrescente,Céu Claro,Dupla,Curva,Sim,2,0,1,0,1,0,1,1,-26.88492,-52.399788,SPRF-SC,DEL07-SC,UOP01-DEL07-SC,2020
"268016,0",2020-02-08,sábado,15:15:00,SC,101,"140,9",BALNEARIO CAMBORIU,Não guardar distância de segurança,Colisão traseira,Com Vítimas Feridas,Pleno dia,Decrescente,Nublado,Dupla,Reta,Não,3,0,1,0,2,0,1,3,-27.03881189,-48.60025148,SPRF-SC,DEL04-SC,UOP03-DEL04-SC,2020
"268044,0",2020-02-05,quarta-feira,18:00:00,SC,282,"202,9",LAGES,Velocidade Incompatível,Saída de leito carroçável,Com Vítimas Feridas,Pleno dia,Crescente,Chuva,Simples,Reta,Não,2,0,1,0,1,0,1,1,-27.763393,-50.152874,SPRF-SC,DEL05-SC,UOP01-DEL05-SC,2020
"268045,0",2020-02-08,sábado,14:50:00,SC,280,"82,1",CORUPA,Falta de Atenção à Condução,Colisão traseira,Com Vítimas Feridas,Pleno dia,Crescente,Sol,Simples,Reta;Interseção de Vias,Sim,4,0,3,0,1,0,3,2,-26.44009491,-49.22605498,SPRF-SC,DEL06-SC,UOP03-DEL06-SC,2020
"268046,0",2020-02-08,sábado,17:30:00,SC,101,"137,0",BALNEARIO CAMBORIU,Falta de Atenção à Condução,Colisão com objeto em movimento,Sem Vítimas,Anoitecer,Decrescente,Nublado,Múltipla,Reta,Sim,3,0,0,0,3,0,0,3,-27.0157238,-48.61192763,SPRF-SC,DEL04-SC,UOP03-DEL04-SC,2020
"268061,0",2020-02-08,sábado,19:20:00,SC,101,"216,5",PALHOCA,Falta de Atenção à Condução,Colisão traseira,Sem Vítimas,Plena Noite,Crescente,Nublado,Simples,Interseção de Vias,Sim,2,0,0,0,2,0,0,2,-27.65981409,-48.67747798,SPRF-SC,DEL01-SC,UOP02-DEL01-SC,2020
"268062,0",2020-02-08,sábado,17:40:00,SC,470,"327,1",CAMPOS NOVOS,Falta de Atenção à Condução,Colisão transversal,Com Vítimas Fatais,Pleno dia,Crescente,Céu Claro,Simples,Reta,Não,4,1,1,1,1,0,2,2,-27.465645,-51.268574,SPRF-SC,DEL07-SC,UOP06-DEL07-SC,2020
"268071,0",2020-02-08,sábado,20:20:00,SC,101,"140,0",BALNEARIO CAMBORIU,Falta de Atenção à Condução,Tombamento,Com Vítimas Feridas,Plena Noite,Crescente,Céu Claro,Múltipla,Aclive,Não,1,0,0,1,0,0,1,1,-27.03881189,-48.60025148,SPRF-SC,DEL04-SC,UOP03-DEL04-SC,2020
"268078,0",2020-02-08,sábado,21:20:00,SC,470,"69,1",INDAIAL,Desobediência às normas de trânsito pelo pedestre,Atropelamento de Pedestre,Com Vítimas Feridas,Plena Noite,Decrescente,Garoa/Chuvisco,Simples,Reta,Não,2,0,2,0,0,0,2,2,-26.883745,-49.246704,SPRF-SC,DEL04-SC,UOP01-DEL04-SC,2020
"268091,0",2020-02-08,sábado,22:15:00,SC,101,"140,3",BALNEARIO CAMBORIU,Animais na Pista,Atropelamento de Animal,Com Vítimas Feridas,Plena Noite,Crescente,Nublado,Dupla,Aclive,Não,2,0,2,0,0,0,2,1,-27.03881189,-48.60025148,SPRF-SC,DEL04-SC,UOP03-DEL04-SC,2020
"268092,0",2020-02-08,sábado,19:30:00,SC,280,"67,6",JARAGUA DO SUL,Ingestão de Álcool,Colisão frontal,Com Vítimas Feridas,Plena Noite,Crescente,Nublado,Simples,Reta,Sim,2,0,1,0,1,0,1,2,-26.4775146,-49.10363575,SPRF-SC,DEL03-SC,UOP03-DEL03-SC,2020
"268103,0",2020-02-08,sábado,23:00:00,SC,101,"161,0",PORTO BELO,Defeito Mecânico no Veículo,Queda de ocupante de veículo,Com Vítimas Feridas,Plena Noite,Crescente,Chuva,Múltipla,Reta,Sim,1,0,1,0,0,0,1,1,-27.21673911,-48.6244238,SPRF-SC,DEL04-SC,UOP03-DEL04-SC,2020
"268106,0",2020-02-08,sábado,21:45:00,SC,282,"572,0",NOVA ERECHIM,Falta de Atenção à Condução,Colisão traseira,Com Vítimas Feridas,Plena Noite,Decrescente,Céu Claro,Simples,Reta,Não,1,0,1,0,0,0,1,1,-26.879332,-52.949421,SPRF-SC,DEL07-SC,UOP02-DEL07-SC,2020
"268116,0",2020-02-08,sábado,23:00:00,SC,470,"22,9",ILHOTA,Ingestão de Álcool,Colisão com objeto estático,Com Vítimas Fatais,Plena Noite,Decrescente,Nublado,Dupla,Reta,Não,4,1,2,1,0,0,3,1,-26.880066,-48.836224,SPRF-SC,DEL04-SC,UOP04-DEL04-SC,2020
"268124,0",2020-02-09,domingo,00:20:00,SC,480,"127,0",CHAPECO,Falta de Atenção à Condução,Saída de leito carroçável,Sem Vítimas,Plena Noite,Crescente,Céu Claro,Simples,Reta;Aclive;Interseção de Vias,Sim,1,0,0,0,0,1,0,1,-27.02885905,-52.63380035,SPRF-SC,DEL07-SC,UOP01-DEL07-SC,2020
"268156,0",2020-02-09,domingo,05:35:00,SC,101,"130,5",BALNEARIO CAMBORIU,Ingestão de Álcool,Colisão frontal,Sem Vítimas,Amanhecer,Decrescente,Nublado,Dupla,Reta,Não,1,0,0,0,1,0,0,1,-26.98407618,-48.66977107,SPRF-SC,DEL04-SC,UOP03-DEL04-SC,2020
"268161,0",2020-02-09,domingo,06:40:00,SC,470,"32,0",GASPAR,Ingestão de Álcool,Capotamento,Com Vítimas Feridas,Amanhecer,Crescente,Céu Claro,Dupla,Reta,Não,1,0,1,0,0,0,1,1,-26.901793,-48.931812,SPRF-SC,DEL04-SC,UOP01-DEL04-SC,2020
"268165,0",2020-02-09,domingo,05:40:00,SC,101,"378,3",ICARA,Ingestão de Álcool,Colisão com objeto estático,Sem Vítimas,Amanhecer,Decrescente,Sol,Dupla,Reta,Sim,1,0,0,0,1,0,0,1,-28.75274224,-49.27330613,SPRF-SC,DEL02-SC,UOP01-DEL02-SC,2020
"268169,0",2020-02-09,domingo,08:00:00,SC,101,"428,3",SOMBRIO,Defeito Mecânico no Veículo,Tombamento,Com Vítimas Feridas,Pleno dia,Crescente,Nublado,Múltipla,Reta,Não,2,0,2,0,0,0,2,1,-29.0402251,-49.61223688,SPRF-SC,DEL02-SC,UOP02-DEL02-SC,2020
"268186,0",2020-02-09,domingo,09:30:00,SC,101,"191,0",BIGUACU,Ingestão de Álcool,Colisão com objeto estático,Com Vítimas Feridas,Pleno dia,Decrescente,Nublado,Dupla,Curva,Sim,2,0,1,0,1,0,1,1,-27.47730273,-48.64127329,SPRF-SC,DEL01-SC,UOP01-DEL01-SC,2020
"268187,0",2020-02-09,domingo,10:40:00,SC,280,"42,0",GUARAMIRIM,Mal Súbito,Saída de leito carroçável,Com Vítimas Feridas,Pleno dia,Decrescente,Sol,Simples,Reta,Não,1,0,1,0,0,0,1,1,-26.45147856,-48.88123155,SPRF-SC,DEL03-SC,UOP03-DEL03-SC,2020
"268194,0",2020-02-09,domingo,11:10:00,SC,282,"16,0",PALHOCA,Desobediência às normas de trânsito pelo condutor,Colisão lateral,Com Vítimas Feridas,Pleno dia,Crescente,Nublado,Simples,Reta,Não,3,0,1,0,1,1,1,3,-27.658611,-48.681847,SPRF-SC,DEL01-SC,UOP02-DEL01-SC,2020
"268200,0",2020-02-09,domingo,11:20:00,SC,101,"213,7",PALHOCA,Falta de Atenção à Condução,Queda de ocupante de veículo,Com Vítimas Feridas,Pleno dia,Crescente,Nublado,Dupla,Reta,Não,2,0,1,0,1,0,1,1,-27.63697369,-48.66514142,SPRF-SC,DEL01-SC,UOP02-DEL01-SC,2020
"268208,0",2020-02-09,domingo,13:09:00,SC,280,"67,7",JARAGUA DO SUL,Falta de Atenção do Pedestre,Atropelamento de Pedestre,Com Vítimas Feridas,Pleno dia,Crescente,Céu Claro,Simples,Reta,Sim,2,0,0,1,1,0,1,2,-26.4775146,-49.10363575,SPRF-SC,DEL03-SC,UOP03-DEL03-SC,2020
"268227,0",2020-02-09,domingo,14:45:00,SC,101,"235,0",PALHOCA,Não guardar distância de segurança,Colisão traseira,Com Vítimas Feridas,Pleno dia,Decrescente,Garoa/Chuvisco,Dupla,Reta;Ponte,Não,5,0,2,0,3,0,2,4,-27.8177775,-48.6315025,SPRF-SC,DEL01-SC,UOP02-DEL01-SC,2020
"268229,0",2020-02-09,domingo,15:05:00,SC,470,"64,0",INDAIAL,Pista Escorregadia,Capotamento,Com Vítimas Feridas,Pleno dia,Crescente,Chuva,Simples,Reta,Sim,1,0,1,0,0,0,1,1,-26.869867,-49.201859,SPRF-SC,DEL04-SC,UOP01-DEL04-SC,2020
"268256,0",2020-02-09,domingo,15:40:00,SC,282,"503,9",XANXERE,Velocidade Incompatível,Colisão com objeto estático,Com Vítimas Feridas,Pleno dia,Decrescente,Chuva,Dupla,Curva,Sim,3,0,2,0,1,0,2,1,-26.88226801,-52.40495682,SPRF-SC,DEL07-SC,UOP01-DEL07-SC,2020
"268258,0",2020-02-09,domingo,17:40:00,SC,101,"258,6",PAULO LOPES,Pista Escorregadia,Capotamento,Sem Vítimas,Anoitecer,Crescente,Garoa/Chuvisco,Dupla,Curva,Não,1,0,0,0,1,0,0,1,-28.00482282,-48.69190437,SPRF-SC,DEL02-SC,UOP03-DEL02-SC,2020
"268274,0",2020-02-09,domingo,15:30:00,SC,282,"55,0",AGUAS MORNAS,Velocidade Incompatível,Saída de leito carroçável,Com Vítimas Fatais,Pleno dia,Decrescente,Chuva,Simples,Curva,Não,4,1,3,0,0,0,3,1,-27.689514,-48.982376,SPRF-SC,DEL01-SC,UOP03-DEL01-SC,2020
"268281,0",2020-02-09,domingo,18:30:00,SC,101,"238,0",PALHOCA,Falta de Atenção à Condução,Colisão lateral,Com Vítimas Feridas,Anoitecer,Decrescente,Nublado,Dupla,Reta,Não,2,0,1,0,1,0,1,2,-27.84293889,-48.63471922,SPRF-SC,DEL01-SC,UOP02-DEL01-SC,2020
"268284,0",2020-02-09,domingo,15:30:00,SC,282,"52,0",AGUAS MORNAS,Velocidade Incompatível,Saída de leito carroçável,Com Vítimas Feridas,Pleno dia,Decrescente,Chuva,Simples,Curva,Não,2,0,1,1,0,0,2,1,-27.696936,-48.964138,SPRF-SC,DEL01-SC,UOP03-DEL01-SC,2020
"268315,0",2020-02-09,domingo,23:10:00,SC,470,"71,8",INDAIAL,Ingestão de Álcool,Colisão traseira,Com Vítimas Feridas,Plena Noite,Crescente,Chuva,Simples,Reta,Sim,5,0,4,0,1,0,4,2,-26.895243,-49.262104,SPRF-SC,DEL04-SC,UOP01-DEL04-SC,2020
"268337,0",2020-02-09,domingo,21:40:00,SC,101,"32,5",JOINVILLE,Velocidade Incompatível,Saída de leito carroçável,Com Vítimas Feridas,Plena Noite,Crescente,Chuva,Dupla,Interseção de Vias,Sim,1,0,1,0,0,0,1,1,-26.25016081,-48.90958786,SPRF-SC,DEL03-SC,UOP01-DEL03-SC,2020
"268338,0",2020-02-09,domingo,23:29:00,SC,101,"12,2",GARUVA,Ingestão de Álcool,Colisão com objeto estático,Sem Vítimas,Plena Noite,Crescente,Nublado,Dupla,Reta,Não,1,0,0,0,1,0,0,1,-26.08104399,-48.86175612,SPRF-SC,DEL03-SC,UOP01-DEL03-SC,2020
"268343,0",2020-02-09,domingo,21:35:00,SC,101,"288,0",IMBITUBA,Desobediência às normas de trânsito pelo condutor,Colisão transversal,Sem Vítimas,Plena Noite,Decrescente,Céu Claro,Simples,Viaduto,Não,2,0,0,0,2,0,0,2,-28.24598003,-48.70010284,SPRF-SC,DEL02-SC,UOP03-DEL02-SC,2020
"268349,0",2020-02-10,segunda-feira,04:10:00,SC,470,"115,1",IBIRAMA,Defeito na Via,Tombamento,Com Vítimas Feridas,Plena Noite,Crescente,Nublado,Simples,Reta,Não,1,0,0,1,0,0,1,1,-27.080416,-49.485348,SPRF-SC,DEL04-SC,UOP02-DEL04-SC,2020
"268382,0",2020-02-10,segunda-feira,08:20:00,SC,282,"1,0",FLORIANOPOLIS,Desobediência às normas de trânsito pelo condutor,Tombamento,Com Vítimas Feridas,Pleno dia,Decrescente,Sol,Múltipla,Reta,Não,2,0,1,0,1,0,1,2,-27.602955,-48.580509,SPRF-SC,DEL01-SC,UOP01-DEL01-SC,2020
"268384,0",2020-02-08,sábado,10:25:00,SC,480,"129,5",CHAPECO,Ingestão de Álcool,Colisão com objeto estático,Com Vítimas Feridas,Pleno dia,Crescente,Céu Claro,Simples,Declive,Sim,2,0,1,0,0,1,1,2,-27.04936073,-52.63502598,SPRF-SC,DEL07-SC,UOP01-DEL07-SC,2020
"268392,0",2020-02-10,segunda-feira,08:00:00,SC,101,"144,0",ITAPEMA,Falta de Atenção à Condução,Colisão traseira,Com Vítimas Feridas,Pleno dia,Decrescente,Sol,Dupla,Reta,Sim,2,0,1,0,1,0,1,2,-27.0732659,-48.59672716,SPRF-SC,DEL04-SC,UOP03-DEL04-SC,2020
"268394,0",2020-02-10,segunda-feira,07:10:00,SC,282,"512,0",XANXERE,Ultrapassagem Indevida,Colisão frontal,Com Vítimas Feridas,Pleno dia,Decrescente,Céu Claro,Simples,Reta,Não,3,0,2,0,0,1,2,3,-26.910799,-52.472099,SPRF-SC,DEL07-SC,UOP01-DEL07-SC,2020
"268396,0",2020-02-10,segunda-feira,09:00:00,SC,282,"1,2",FLORIANOPOLIS,Não guardar distância de segurança,Colisão transversal,Com Vítimas Feridas,Pleno dia,Decrescente,Céu Claro,Dupla,Aclive,Sim,4,0,0,1,3,0,1,4,-27.602955,-48.580509,SPRF-SC,DEL01-SC,UOP01-DEL01-SC,2020
"268421,0",2020-02-10,segunda-feira,12:35:00,SC,101,"212,2",PALHOCA,Falta de Atenção à Condução,Colisão lateral,Com Vítimas Feridas,Pleno dia,Decrescente,Nublado,Múltipla,Reta,Sim,2,0,1,0,0,1,1,2,-27.62996929,-48.65903871,SPRF-SC,DEL01-SC,UOP02-DEL01-SC,2020
"268431,0",2020-02-10,segunda-feira,12:45:00,SC,282,"1,0",FLORIANOPOLIS,Não guardar distância de segurança,Colisão traseira,Com Vítimas Feridas,Pleno dia,Decrescente,Nublado,Dupla,Reta,Não,3,0,1,0,2,0,1,3,-27.602955,-48.580509,SPRF-SC,DEL01-SC,UOP01-DEL01-SC,2020
"268435,0",2020-02-10,segunda-feira,14:25:00,SC,280,"53,4",GUARAMIRIM,Ultrapassagem Indevida,Atropelamento de Pedestre,Com Vítimas Feridas,Pleno dia,Crescente,Nublado,Simples,Reta,Sim,3,0,2,1,0,0,3,2,-26.474802,-48.981,SPRF-SC,DEL03-SC,UOP03-DEL03-SC,2020
"268440,0",2020-02-10,segunda-feira,14:35:00,SC,470,"49,0",BLUMENAU,Ingestão de Álcool,Colisão transversal,Sem Vítimas,Pleno dia,Decrescente,Nublado,Simples,Reta,Sim,2,0,0,0,2,0,0,2,-26.860662,-49.065159,SPRF-SC,DEL04-SC,UOP01-DEL04-SC,2020
"268446,0",2020-02-10,segunda-feira,14:45:00,SC,470,"173,9",POUSO REDONDO,Desobediência às normas de trânsito pelo condutor,Colisão transversal,Com Vítimas Feridas,Pleno dia,Crescente,Nublado,Simples,Interseção de Vias,Sim,2,0,1,0,1,0,1,2,-27.25774405,-49.9305672,SPRF-SC,DEL04-SC,UOP02-DEL04-SC,2020
"268454,0",2020-02-10,segunda-feira,15:45:00,SC,101,"203,0",SAO JOSE,Falta de Atenção à Condução,Colisão traseira,Com Vítimas Feridas,Pleno dia,Decrescente,Céu Claro,Múltipla,Reta,Sim,2,0,1,0,0,1,1,2,-27.5650044,-48.61460082,SPRF-SC,DEL01-SC,UOP01-DEL01-SC,2020
"268461,0",2020-02-10,segunda-feira,16:35:00,SC,280,"126,4",RIO NEGRINHO,Desobediência às normas de trânsito pelo condutor,Colisão lateral,Com Vítimas Feridas,Pleno dia,Crescente,Nublado,Simples,Aclive;Reta,Sim,2,0,1,0,1,0,1,2,-26.23779604,-49.49427399,SPRF-SC,DEL06-SC,UOP03-DEL06-SC,2020
"268472,0",2020-02-10,segunda-feira,17:25:00,SC,470,"51,1",BLUMENAU,Falta de Atenção à Condução,Colisão transversal,Com Vítimas Feridas,Pleno dia,Decrescente,Garoa/Chuvisco,Simples,Interseção de Vias,Não,2,0,1,0,1,0,1,2,-26.862339,-49.084038,SPRF-SC,DEL04-SC,UOP01-DEL04-SC,2020
"268478,0",2020-02-10,segunda-feira,19:15:00,SC,282,"4,0",FLORIANOPOLIS,Desobediência às normas de trânsito pelo condutor,Colisão lateral,Com Vítimas Feridas,Plena Noite,Crescente,Céu Claro,Múltipla,Reta,Sim,2,0,1,0,1,0,1,2,-27.592646,-48.604034,SPRF-SC,DEL01-SC,UOP01-DEL01-SC,2020
"268483,0",2020-02-10,segunda-feira,19:15:00,SC,470,"1,4",NAVEGANTES,Falta de Atenção à Condução,Colisão lateral,Com Vítimas Feridas,Plena Noite,Decrescente,Céu Claro,Dupla,Em Obras;Reta,Sim,2,0,1,0,1,0,1,2,-26.87198995,-48.67136478,SPRF-SC,DEL04-SC,UOP04-DEL04-SC,2020
"268495,0",2020-02-10,segunda-feira,17:40:00,SC,280,"50,8",GUARAMIRIM,Falta de Atenção à Condução,Colisão transversal,Com Vítimas Feridas,Pleno dia,Decrescente,Garoa/Chuvisco,Simples,Reta,Sim,2,0,1,0,1,0,1,2,-26.4619489,-48.94618404,SPRF-SC,DEL03-SC,UOP03-DEL03-SC,2020
"268497,0",2020-02-10,segunda-feira,17:35:00,SC,280,"2,8",SAO FRANCISCO DO SUL,Velocidade Incompatível,Colisão transversal,Com Vítimas Feridas,Pleno dia,Decrescente,Nublado,Simples,Reta,Sim,2,0,0,2,0,0,2,2,-26.24332871,-48.61650825,SPRF-SC,DEL03-SC,UOP03-DEL03-SC,2020
"268508,0",2020-02-10,segunda-feira,22:15:00,SC,101,"133,0",BALNEARIO CAMBORIU,Desobediência às normas de trânsito pelo condutor,Colisão lateral,Sem Vítimas,Plena Noite,Crescente,Céu Claro,Múltipla,Interseção de Vias,Sim,2,0,0,0,2,0,0,2,-26.99936,-48.64609,SPRF-SC,DEL04-SC,UOP03-DEL04-SC,2020
"268541,0",2020-02-11,terça-feira,07:30:00,SC,282,"16,6",PALHOCA,Desobediência às normas de trânsito pelo condutor,Atropelamento de Pedestre,Com Vítimas Feridas,Pleno dia,Decrescente,Céu Claro,Simples,Reta,Não,3,0,3,0,0,0,3,2,-27.658611,-48.681847,SPRF-SC,DEL01-SC,UOP02-DEL01-SC,2020
"268545,0",2020-02-11,terça-feira,07:50:00,SC,280,"67,9",JARAGUA DO SUL,Desobediência às normas de trânsito pelo condutor,Colisão traseira,Com Vítimas Feridas,Pleno dia,Decrescente,Nublado,Simples,Reta,Não,2,0,1,0,1,0,1,2,-26.4775146,-49.10363575,SPRF-SC,DEL03-SC,UOP03-DEL03-SC,2020
"268616,0",2020-02-11,terça-feira,14:25:00,SC,101,"20,7",JOINVILLE,Falta de Atenção à Condução,Colisão traseira,Com Vítimas Feridas,Pleno dia,Crescente,Chuva,Dupla,Reta,Sim,2,0,1,0,1,0,1,2,-26.140675,-48.902995,SPRF-SC,DEL03-SC,UOP01-DEL03-SC,2020
"268619,0",2020-02-11,terça-feira,14:50:00,SC,280,"4,0",SAO FRANCISCO DO SUL,Falta de Atenção à Condução,Colisão traseira,Com Vítimas Feridas,Pleno dia,Crescente,Chuva,Simples,Reta,Não,4,0,0,2,2,0,2,3,-26.25329566,-48.61916042,SPRF-SC,DEL03-SC,UOP03-DEL03-SC,2020
"268628,0",2020-02-11,terça-feira,15:30:00,SC,470,"69,7",INDAIAL,Falta de Atenção à Condução,Colisão transversal,Com Vítimas Feridas,Pleno dia,Crescente,Céu Claro,Simples,Reta,Não,2,0,1,0,1,0,1,2,-26.883745,-49.246704,SPRF-SC,DEL04-SC,UOP01-DEL04-SC,2020
"268639,0",2020-02-11,terça-feira,15:55:00,SC,101,"326,7",CAPIVARI DE BAIXO,Desobediência às normas de trânsito pelo condutor,Colisão transversal,Com Vítimas Feridas,Pleno dia,Decrescente,Céu Claro,Dupla,Viaduto;Interseção de Vias,Sim,3,0,1,1,1,0,2,2,-28.42524483,-48.94302707,SPRF-SC,DEL02-SC,UOP01-DEL02-SC,2020
"268652,0",2020-02-11,terça-feira,17:15:00,SC,280,"126,1",RIO NEGRINHO,Não guardar distância de segurança,Colisão traseira,Com Vítimas Feridas,Pleno dia,Crescente,Nublado,Simples,Reta,Sim,2,0,1,0,1,0,1,2,-26.23779604,-49.49427399,SPRF-SC,DEL06-SC,UOP03-DEL06-SC,2020
"268658,0",2020-02-11,terça-feira,17:50:00,SC,101,"129,0",BALNEARIO CAMBORIU,Avarias e/ou desgaste excessivo no pneu,Tombamento,Com Vítimas Feridas,Anoitecer,Crescente,Nublado,Dupla,Reta,Sim,2,0,2,0,0,0,2,2,-26.98064277,-48.6790679,SPRF-SC,DEL04-SC,UOP03-DEL04-SC,2020
"268674,0",2020-02-11,terça-feira,12:30:00,SC,101,"61,0",ARAQUARI,Velocidade Incompatível,Saída de leito carroçável,Com Vítimas Feridas,Pleno dia,Decrescente,Chuva,Dupla,Curva,Não,3,0,2,0,1,0,2,1,-26.45474174,-48.77699195,SPRF-SC,DEL03-SC,UOP02-DEL03-SC,2020
"268681,0",2020-02-11,terça-feira,18:15:00,SC,470,"134,0",RIO DO SUL,Falta de Atenção à Condução,Colisão transversal,Com Vítimas Feridas,Anoitecer,Decrescente,Nublado,Simples,Reta,Sim,2,0,1,0,1,0,1,2,-27.181854,-49.600128,SPRF-SC,DEL04-SC,UOP02-DEL04-SC,2020
"268706,0",2020-02-11,terça-feira,19:50:00,SC,470,"279,0",BRUNOPOLIS,Ingestão de Álcool,Tombamento,Com Vítimas Feridas,Plena Noite,Crescente,Céu Claro,Simples,Reta,Não,3,0,2,0,1,0,2,1,-27.334526,-50.852642,SPRF-SC,DEL07-SC,UOP06-DEL07-SC,2020