id,data_inversa,dia_semana,horario,uf,br,km,municipio,causa_acidente,tipo_acidente,classificacao_acidente,fase_dia,sentido_via,condicao_metereologica,tipo_pista,tracado_via,uso_solo,pessoas,mortos,feridos_leves,feridos_graves,ilesos,ignorados,feridos,veiculos,latitude,longitude,regional,delegacia,uop,ano_arquivo
"268709,0",2020-02-11,terça-feira,18:20:00,SC,470,"129,9",LONTRAS,Falta de Atenção à Condução,Colisão transversal,Com Vítimas Feridas,Pleno dia,Decrescente,Nublado,Simples,Reta,Sim,2,0,0,1,1,0,1,2,-27.16039518,-49.55649376,SPRF-SC,DEL04-SC,UOP02-DEL04-SC,2020
"268713,0",2020-02-11,terça-feira,17:10:00,SC,282,"495,2",XANXERE,Falta de Atenção à Condução,Colisão transversal,Com Vítimas Feridas,Pleno dia,Crescente,Sol,Simples,Reta,Não,2,0,0,1,1,0,1,2,-26.875349,-52.327076,SPRF-SC,DEL07-SC,UOP01-DEL07-SC,2020
"268725,0",2020-02-12,quarta-feira,00:10:00,SC,101,"394,0",MARACAJA,Ingestão de Álcool,Saída de leito carroçável,Com Vítimas Feridas,Plena Noite,Decrescente,Nublado,Dupla,Reta,Não,1,0,1,0,0,0,1,1,-28.81326275,-49.38911611,SPRF-SC,DEL02-SC,UOP02-DEL02-SC,2020
"268730,0",2020-02-12,quarta-feira,03:10:00,SC,101,"142,0",ITAPEMA,Velocidade Incompatível,Colisão com objeto estático,Sem Vítimas,Plena Noite,Crescente,Nublado,Dupla,Curva,Não,1,0,0,0,0,1,0,1,-27.056089,-48.599449,SPRF-SC,DEL04-SC,UOP03-DEL04-SC,2020
"268753,0",2020-02-12,quarta-feira,08:00:00,SC,282,"17,4",PALHOCA,Falta de Atenção à Condução,Colisão transversal,Com Vítimas Feridas,Pleno dia,Crescente,Nublado,Simples,Interseção de Vias,Sim,2,0,1,0,1,0,1,2,-27.665707,-48.688065,SPRF-SC,DEL01-SC,UOP02-DEL01-SC,2020
"268754,0",2020-02-12,quarta-feira,08:30:00,SC,280,"33,2",ARAQUARI,Desobediência às normas de trânsito pelo condutor,Colisão transversal,Com Vítimas Feridas,Pleno dia,Crescente,Sol,Simples,Reta,Sim,2,0,1,0,1,0,1,2,-26.42576441,-48.78741376,SPRF-SC,DEL03-SC,UOP03-DEL03-SC,2020
"268772,0",2020-02-12,quarta-feira,08:35:00,SC,470,"36,0",GASPAR,Ingestão de álcool e/ou substâncias psicoativas pelo pedestre,Colisão com objeto estático,Com Vítimas Feridas,Pleno dia,Crescente,Céu Claro,Simples,Reta;Em Obras,Sim,1,0,1,0,0,0,1,1,-26.914196,-48.968948,SPRF-SC,DEL04-SC,UOP01-DEL04-SC,2020
"268784,0",2020-02-12,quarta-feira,10:35:00,SC,470,"126,1",LONTRAS,Desobediência às normas de trânsito pelo condutor,Colisão traseira,Com Vítimas Feridas,Pleno dia,Crescente,Sol,Simples,Curva,Não,2,0,1,0,1,0,1,2,-27.129,-49.538277,SPRF-SC,DEL04-SC,UOP02-DEL04-SC,2020
"268786,0",2020-02-12,quarta-feira,10:50:00,SC,470,"54,6",BLUMENAU,Ultrapassagem Indevida,Atropelamento de Pedestre,Com Vítimas Feridas,Pleno dia,Crescente,Sol,Simples,Interseção de Vias,Sim,2,0,1,0,1,0,1,2,-26.871065,-49.110374,SPRF-SC,DEL04-SC,UOP01-DEL04-SC,2020
"268838,0",2020-02-07,sexta-feira,06:30:00,SC,282,"37,5",AGUAS MORNAS,Velocidade Incompatível,Saída de leito carroçável,Sem Vítimas,Pleno dia,Crescente,Chuva,Simples,Reta,Não,1,0,0,0,1,0,0,1,-27.70845501,-48.84753227,SPRF-SC,DEL01-SC,UOP03-DEL01-SC,2020
"268841,0",2020-02-12,quarta-feira,15:00:00,SC,282,"44,9",AGUAS MORNAS,Não guardar distância de segurança,Colisão traseira,Sem Vítimas,Pleno dia,Crescente,Nublado,Simples,Curva,Não,2,0,0,0,2,0,0,2,-27.722137,-48.90694,SPRF-SC,DEL01-SC,UOP03-DEL01-SC,2020
"268873,0",2020-02-12,quarta-feira,15:30:00,SC,153,"58,7",IRANI,Desobediência às normas de trânsito pelo condutor,Colisão transversal,Com Vítimas Feridas,Pleno dia,Crescente,Céu Claro,Simples,Curva,Não,4,0,1,0,3,0,1,2,-26.96981367,-51.85461044,SPRF-SC,DEL07-SC,UOP04-DEL07-SC,2020
"268887,0",2020-02-12,quarta-feira,20:20:00,SC,280,"52,0",GUARAMIRIM,Restrição de Visibilidade,Saída de leito carroçável,Com Vítimas Feridas,Plena Noite,Crescente,Garoa/Chuvisco,Simples,Curva,Não,1,0,0,1,0,0,1,1,-26.468904,-48.96492,SPRF-SC,DEL03-SC,UOP03-DEL03-SC,2020
"268901,0",2020-02-12,quarta-feira,23:00:00,SC,470,"2,0",NAVEGANTES,Ingestão de Álcool,Colisão transversal,Com Vítimas Feridas,Plena Noite,Crescente,Nublado,Simples,Reta,Sim,2,0,0,1,0,1,1,2,-26.868551,-48.674831,SPRF-SC,DEL04-SC,UOP04-DEL04-SC,2020
"268903,0",2020-02-12,quarta-feira,22:30:00,SC,470,"62,5",INDAIAL,Falta de Atenção à Condução,Saída de leito carroçável,Com Vítimas Feridas,Plena Noite,Decrescente,Nublado,Simples,Reta,Não,1,0,1,0,0,0,1,1,-26.874521,-49.182938,SPRF-SC,DEL04-SC,UOP01-DEL04-SC,2020
"268914,0",2020-02-12,quarta-feira,23:30:00,SC,101,"332,5",TUBARAO,Falta de Atenção à Condução,Colisão com objeto estático,Com Vítimas Feridas,Plena Noite,Crescente,Nublado,Dupla,Curva,Sim,3,0,0,1,0,2,1,2,-28.46748406,-49.00039673,SPRF-SC,DEL02-SC,UOP01-DEL02-SC,2020
"268918,0",2020-02-13,quinta-feira,02:00:00,SC,101,"146,0",ITAPEMA,Falta de Atenção à Condução,Colisão com objeto estático,Sem Vítimas,Plena Noite,Decrescente,Garoa/Chuvisco,Dupla,Reta,Sim,1,0,0,0,1,0,0,1,-27.08666525,-48.60955587,SPRF-SC,DEL04-SC,UOP03-DEL04-SC,2020
"268933,0",2020-02-13,quinta-feira,06:15:00,SC,282,"165,0",BOCAINA DO SUL,Velocidade Incompatível,Saída de leito carroçável,Com Vítimas Feridas,Amanhecer,Decrescente,Céu Claro,Simples,Reta,Não,2,0,1,1,0,0,2,1,-27.738365,-49.801205,SPRF-SC,DEL05-SC,UOP01-DEL05-SC,2020
"268934,0",2020-02-13,quinta-feira,07:45:00,SC,470,"50,0",BLUMENAU,Desobediência às normas de trânsito pelo condutor,Colisão transversal,Com Vítimas Feridas,Pleno dia,Crescente,Céu Claro,Simples,Reta,Sim,2,0,0,1,1,0,1,2,-26.859768,-49.074493,SPRF-SC,DEL04-SC,UOP01-DEL04-SC,2020
"268958,0",2020-02-13,quinta-feira,07:30:00,SC,470,"68,1",INDAIAL,Falta de Atenção à Condução,Tombamento,Com Vítimas Feridas,Pleno dia,Crescente,Nublado,Simples,Ponte,Não,1,0,1,0,0,0,1,1,-26.877615,-49.239231,SPRF-SC,DEL04-SC,UOP01-DEL04-SC,2020
"268976,0",2020-02-13,quinta-feira,08:35:00,SC,282,"578,8",PINHALZINHO,Falta de Atenção à Condução,Colisão transversal,Com Vítimas Feridas,Pleno dia,Decrescente,Céu Claro,Simples,Reta,Sim,2,0,0,1,1,0,1,2,-26.838364,-52.985279,SPRF-SC,DEL07-SC,UOP02-DEL07-SC,2020
"269022,0",2020-02-13,quinta-feira,16:45:00,SC,470,"178,1",POUSO REDONDO,Falta de Atenção à Condução,Colisão traseira,Com Vítimas Feridas,Pleno dia,Crescente,Céu Claro,Simples,Reta,Não,2,0,1,0,1,0,1,2,-27.248392,-49.967083,SPRF-SC,DEL04-SC,UOP02-DEL04-SC,2020
"269024,0",2020-02-13,quinta-feira,16:40:00,SC,101,"212,5",PALHOCA,Falta de Atenção à Condução,Colisão lateral,Com Vítimas Feridas,Pleno dia,Decrescente,Nublado,Dupla,Reta,Não,2,0,1,0,1,0,1,2,-27.62996929,-48.65903871,SPRF-SC,DEL01-SC,UOP02-DEL01-SC,2020
"269037,0",2020-02-13,quinta-feira,18:03:00,SC,101,"124,2",ITAJAI,Velocidade Incompatível,Colisão traseira,Com Vítimas Feridas,Pleno dia,Crescente,Chuva,Dupla,Reta,Sim,3,0,1,0,2,0,1,3,-26.94335064,-48.69198648,SPRF-SC,DEL04-SC,UOP04-DEL04-SC,2020
"269039,0",2020-02-13,quinta-feira,18:25:00,SC,470,"53,7",BLUMENAU,Desobediência às normas de trânsito pelo condutor,Colisão transversal,Com Vítimas Feridas,Pleno dia,Decrescente,Nublado,Simples,Curva,Não,2,0,1,0,1,0,1,2,-26.867121,-49.102066,SPRF-SC,DEL04-SC,UOP01-DEL04-SC,2020
"269041,0",2020-02-13,quinta-feira,17:40:00,SC,101,"350,2",JAGUARUNA,Falta de Atenção à Condução,Colisão traseira,Com Vítimas Feridas,Pleno dia,Crescente,Céu Claro,Simples,Interseção de Vias,Sim,2,0,1,0,1,0,1,2,-28.60038923,-49.0515089,SPRF-SC,DEL02-SC,UOP01-DEL02-SC,2020
"269055,0",2020-02-13,quinta-feira,19:20:00,SC,101,"231,0",PALHOCA,Animais na Pista,Atropelamento de Animal,Com Vítimas Feridas,Plena Noite,Crescente,Céu Claro,Dupla,Aclive,Não,1,0,1,0,0,0,1,1,-27.78669984,-48.6356424,SPRF-SC,DEL01-SC,UOP02-DEL01-SC,2020
"269057,0",2020-02-13,quinta-feira,17:20:00,SC,470,"108,5",IBIRAMA,Objeto estático sobre o leito carroçável,Colisão com objeto em movimento,Com Vítimas Feridas,Pleno dia,Crescente,Nublado,Simples,Reta,Sim,2,0,2,0,0,0,2,2,-27.08394724,-49.44832563,SPRF-SC,DEL04-SC,UOP02-DEL04-SC,2020
"269082,0",2020-02-13,quinta-feira,23:40:00,SC,101,"137,1",BALNEARIO CAMBORIU,Falta de Atenção à Condução,Tombamento,Com Vítimas Feridas,Plena Noite,Decrescente,Nublado,Dupla,Declive,Sim,1,0,1,0,0,0,1,1,-27.0157238,-48.61192763,SPRF-SC,DEL04-SC,UOP03-DEL04-SC,2020
"269083,0",2020-02-14,sexta-feira,00:15:00,SC,470,"52,7",BLUMENAU,Defeito Mecânico no Veículo,Incêndio,Sem Vítimas,Plena Noite,Crescente,Nublado,Simples,Retorno Regulamentado,Sim,1,0,0,0,1,0,0,1,-26.862286,-49.093903,SPRF-SC,DEL04-SC,UOP01-DEL04-SC,2020
"269090,0",2020-02-14,sexta-feira,00:59:00,SC,163,"99,3",SAO JOSE DO CEDRO,Falta de Atenção à Condução,Saída de leito carroçável,Sem Vítimas,Plena Noite,Decrescente,Céu Claro,Simples,Reta,Não,1,0,0,0,0,1,0,1,-26.49444297,-53.50152232,SPRF-SC,DEL07-SC,UOP03-DEL07-SC,2020
"269099,0",2020-02-14,sexta-feira,04:00:00,SC,101,"205,0",SAO JOSE,Ingestão de Álcool,Colisão com objeto estático,Com Vítimas Feridas,Plena Noite,Decrescente,Nublado,Múltipla,Curva,Sim,1,0,1,0,0,0,1,1,-27.58393942,-48.61537635,SPRF-SC,DEL01-SC,UOP01-DEL01-SC,2020
"269133,0",2020-02-14,sexta-feira,09:00:00,SC,470,"40,0",GASPAR,Falta de Atenção à Condução,Colisão transversal,Com Vítimas Feridas,Pleno dia,Crescente,Céu Claro,Simples,Reta,Não,2,0,0,1,1,0,1,2,-26.89857318,-48.98565531,SPRF-SC,DEL04-SC,UOP01-DEL04-SC,2020
"269134,0",2020-02-14,sexta-feira,07:30:00,SC,163,"3,0",DIONISIO CERQUEIRA,Falta de Atenção à Condução,Colisão transversal,Sem Vítimas,Pleno dia,Crescente,Sol,Simples,Rotatória,Sim,2,0,0,0,0,2,0,2,-26.2613,-53.6206,SPRF-SC,DEL07-SC,UOP04-DEL07-SC,2020
"269140,0",2020-02-14,sexta-feira,10:00:00,SC,101,"213,0",PALHOCA,Desobediência às normas de trânsito pelo condutor,Atropelamento de Pedestre,Com Vítimas Feridas,Pleno dia,Crescente,Céu Claro,Múltipla,Reta,Não,2,0,1,0,1,0,1,2,-27.63697369,-48.66514142,SPRF-SC,DEL01-SC,UOP02-DEL01-SC,2020
"269160,0",2020-02-14,sexta-feira,13:10:00,SC,470,"139,9",RIO DO SUL,Ingestão de Álcool,Colisão transversal,Com Vítimas Feridas,Pleno dia,Crescente,Sol,Simples,Reta,Sim,2,0,1,0,1,0,1,2,-27.207214,-49.648476,SPRF-SC,DEL04-SC,UOP02-DEL04-SC,2020
"269181,0",2020-02-14,sexta-feira,14:45:00,SC,280,"33,0",ARAQUARI,Defeito Mecânico no Veículo,Tombamento,Com Vítimas Feridas,Pleno dia,Decrescente,Céu Claro,Simples,Reta,Sim,1,0,1,0,0,0,1,1,-26.42576441,-48.78741376,SPRF-SC,DEL03-SC,UOP03-DEL03-SC,2020
"269201,0",2020-02-14,sexta-feira,17:00:00,SC,101,"214,7",PALHOCA,Não guardar distância de segurança,Colisão traseira,Com Vítimas Feridas,Pleno dia,Decrescente,Nublado,Múltipla,Reta,Sim,2,0,1,0,1,0,1,2,-27.64443,-48.67057,SPRF-SC,DEL01-SC,UOP02-DEL01-SC,2020
"269205,0",2020-02-14,sexta-feira,17:35:00,SC,470,"139,2",RIO DO SUL,Falta de Atenção à Condução,Colisão lateral,Com Vítimas Feridas,Pleno dia,Crescente,Céu Claro,Dupla,Reta,Sim,2,0,2,0,0,0,2,1,-27.217564,-49.65461,SPRF-SC,DEL04-SC,UOP02-DEL04-SC,2020
"269220,0",2020-02-14,sexta-feira,17:35:00,SC,280,"32,8",ARAQUARI,Desobediência às normas de trânsito pelo condutor,Colisão transversal,Sem Vítimas,Pleno dia,Decrescente,Céu Claro,Simples,Reta,Não,2,0,0,0,2,0,0,2,-26.420618,-48.779335,SPRF-SC,DEL03-SC,UOP03-DEL03-SC,2020
"269232,0",2020-02-14,sexta-feira,19:45:00,SC,101,"432,4",SOMBRIO,Defeito Mecânico no Veículo,Tombamento,Com Vítimas Feridas,Plena Noite,Crescente,Céu Claro,Dupla,Reta,Sim,2,0,2,0,0,0,2,1,-29.07326609,-49.62717768,SPRF-SC,DEL02-SC,UOP02-DEL02-SC,2020
"269236,0",2020-02-14,sexta-feira,20:00:00,SC,101,"340,9",TUBARAO,Falta de Atenção à Condução,Colisão transversal,Com Vítimas Feridas,Plena Noite,Crescente,Céu Claro,Simples,Interseção de Vias,Sim,3,0,2,1,0,0,3,2,-28.501444,-49.04690399,SPRF-SC,DEL02-SC,UOP01-DEL02-SC,2020
"269254,0",2020-02-14,sexta-feira,21:40:00,SC,470,"51,2",BLUMENAU,Falta de Atenção à Condução,Colisão transversal,Com Vítimas Feridas,Plena Noite,Decrescente,Céu Claro,Simples,Interseção de Vias,Não,2,0,1,0,1,0,1,2,-26.86280969,-49.08543708,SPRF-SC,DEL04-SC,UOP01-DEL04-SC,2020
"269257,0",2020-02-14,sexta-feira,21:00:00,SC,282,"200,0",LAGES,Não guardar distância de segurança,Colisão traseira,Com Vítimas Feridas,Pleno dia,Crescente,Céu Claro,Simples,Reta,Não,3,0,1,0,2,0,1,2,-27.758692,-50.133335,SPRF-SC,DEL05-SC,UOP01-DEL05-SC,2020
"269265,0",2020-02-14,sexta-feira,22:25:00,SC,101,"203,0",SAO JOSE,Falta de Atenção à Condução,Colisão lateral,Com Vítimas Feridas,Plena Noite,Crescente,Céu Claro,Dupla,Reta,Sim,3,0,2,0,1,0,2,2,-27.5650044,-48.61460082,SPRF-SC,DEL01-SC,UOP01-DEL01-SC,2020
"269278,0",2020-02-14,sexta-feira,23:15:00,SC,101,"201,0",SAO JOSE,Não guardar distância de segurança,Colisão lateral,Com Vítimas Feridas,Plena Noite,Crescente,Céu Claro,Múltipla,Reta,Sim,2,0,0,1,1,0,1,2,-27.54836599,-48.61977975,SPRF-SC,DEL01-SC,UOP01-DEL01-SC,2020
"269285,0",2020-02-14,sexta-feira,10:45:00,SC,470,"54,0",BLUMENAU,Não guardar distância de segurança,Colisão lateral,Com Vítimas Feridas,Plena Noite,Crescente,Céu Claro,Simples,Reta,Sim,3,0,1,0,2,0,1,2,-26.86946336,-49.10545349,SPRF-SC,DEL04-SC,UOP01-DEL04-SC,2020
"269292,0",2020-02-14,sexta-feira,22:15:00,SC,101,"118,9",ITAJAI,Falta de Atenção à Condução,Saída de leito carroçável,Com Vítimas Feridas,Plena Noite,Crescente,Nublado,Dupla,Reta,Não,2,0,1,0,1,0,1,2,-26.895859,-48.71903,SPRF-SC,DEL04-SC,UOP04-DEL04-SC,2020
"269302,0",2020-02-15,sábado,03:51:00,SC,101,"91,0",BARRA VELHA,Ingestão de Álcool,Atropelamento de Pedestre,Com Vítimas Feridas,Plena Noite,Crescente,Nublado,Simples,Reta,Sim,2,0,2,0,0,0,2,2,-26.67120698,-48.69011814,SPRF-SC,DEL03-SC,UOP02-DEL03-SC,2020
"269329,0",2020-02-15,sábado,05:10:00,SC,280,"237,3",CANOINHAS,Condutor Dormindo,Colisão frontal,Com Vítimas Feridas,Amanhecer,Crescente,Céu Claro,Simples,Reta,Não,2,0,2,0,0,0,2,2,-26.19844599,-50.43216601,SPRF-SC,DEL06-SC,UOP04-DEL06-SC,2020
"269358,0",2020-02-15,sábado,08:20:00,SC,153,"105,4",CONCORDIA,Mal Súbito,Queda de ocupante de veículo,Com Vítimas Feridas,Pleno dia,Crescente,Nublado,Simples,Curva,Não,3,0,1,0,2,0,1,1,-27.2819,-51.969429,SPRF-SC,DEL07-SC,UOP04-DEL07-SC,2020
"269371,0",2020-02-15,sábado,09:58:00,SC,282,"216,4",LAGES,Desobediência às normas de trânsito pelo condutor,Colisão lateral,Com Vítimas Feridas,Pleno dia,Decrescente,Céu Claro,Simples,Interseção de Vias,Sim,3,0,2,0,1,0,2,2,-27.797529,-50.291862,SPRF-SC,DEL05-SC,UOP01-DEL05-SC,2020
"269373,0",2020-02-15,sábado,09:55:00,SC,101,"133,8",BALNEARIO CAMBORIU,Desobediência às normas de trânsito pelo condutor,Colisão transversal,Com Vítimas Feridas,Pleno dia,Crescente,Céu Claro,Simples,Interseção de Vias;Reta,Sim,3,0,2,0,1,0,2,2,-26.99936,-48.64609,SPRF-SC,DEL04-SC,UOP03-DEL04-SC,2020
"269376,0",2020-02-15,sábado,08:00:00,SC,163,"0,0",DIONISIO CERQUEIRA,Ingestão de álcool e/ou substâncias psicoativas pelo pedestre,Saída de leito carroçável,Com Vítimas Feridas,Pleno dia,Crescente,Céu Claro,Simples,Rotatória,Sim,1,0,0,1,0,0,1,1,-26.2613,-53.6206,SPRF-SC,DEL07-SC,UOP04-DEL07-SC,2020
"269380,0",2020-02-15,sábado,10:30:00,SC,282,"18,2",PALHOCA,Desobediência às normas de trânsito pelo condutor,Colisão frontal,Com Vítimas Feridas,Pleno dia,Crescente,Céu Claro,Simples,Curva,Sim,4,0,2,1,1,0,3,4,-27.672798,-48.694286,SPRF-SC,DEL01-SC,UOP02-DEL01-SC,2020
"269392,0",2020-02-15,sábado,12:50:00,SC,101,"210,0",SAO JOSE,Defeito Mecânico no Veículo,Tombamento,Com Vítimas Feridas,Pleno dia,Crescente,Céu Claro,Múltipla,Reta,Sim,2,0,2,0,0,0,2,1,-27.6167305,-48.6457265,SPRF-SC,DEL01-SC,UOP01-DEL01-SC,2020
"269398,0",2020-02-15,sábado,13:40:00,SC,282,"220,3",CORREIA PINTO,Falta de Atenção à Condução,Colisão transversal,Com Vítimas Feridas,Pleno dia,Decrescente,Nublado,Simples,Interseção de Vias,Sim,3,0,2,0,1,0,2,2,-27.794014,-50.33363,SPRF-SC,DEL05-SC,UOP01-DEL05-SC,2020
"269399,0",2020-02-15,sábado,10:30:00,SC,101,"336,4",TUBARAO,Velocidade Incompatível,Colisão com objeto estático,Com Vítimas Feridas,Pleno dia,Crescente,Céu Claro,Múltipla,Curva,Sim,1,0,1,0,0,0,1,1,-28.47311347,-49.02437375,SPRF-SC,DEL02-SC,UOP01-DEL02-SC,2020
"269400,0",2020-02-15,sábado,13:00:00,SC,101,"315,5",PESCARIA BRAVA,Falta de Atenção do Pedestre,Atropelamento de Pedestre,Com Vítimas Feridas,Pleno dia,Crescente,Céu Claro,Dupla,Reta,Sim,3,0,0,1,2,0,1,2,-28.43552413,-48.8343121,SPRF-SC,DEL02-SC,UOP01-DEL02-SC,2020
"269468,0",2020-02-15,sábado,19:45:00,SC,101,"409,0",ARARANGUA,Defeito Mecânico no Veículo,Saída de leito carroçável,Com Vítimas Feridas,Plena Noite,Decrescente,Céu Claro,Dupla,Rotatória,Sim,1,0,0,1,0,0,1,1,-28.91482796,-49.48625305,SPRF-SC,DEL02-SC,UOP02-DEL02-SC,2020
"269472,0",2020-02-15,sábado,17:15:00,SC,101,"122,0",ITAJAI,Falta de Atenção à Condução,Colisão transversal,Com Vítimas Feridas,Pleno dia,Decrescente,Céu Claro,Simples,Reta,Sim,2,0,2,0,0,0,2,2,-26.92955916,-48.70499836,SPRF-SC,DEL04-SC,UOP04-DEL04-SC,2020
"269507,0",2020-02-15,sábado,20:40:00,SC,282,"217,0",LAGES,Não guardar distância de segurança,Colisão traseira,Sem Vítimas,Plena Noite,Decrescente,Céu Claro,Dupla,Viaduto,Sim,2,0,0,0,2,0,0,2,-27.7978183,-50.2976203,SPRF-SC,DEL05-SC,UOP01-DEL05-SC,2020
"269523,0",2020-02-16,domingo,00:50:00,SC,101,"438,6",SOMBRIO,Desobediência às normas de trânsito pelo condutor,Colisão traseira,Com Vítimas Feridas,Plena Noite,Crescente,Nublado,Dupla,Declive,Não,3,0,2,0,0,1,2,2,-29.12329351,-49.64670312,SPRF-SC,DEL02-SC,UOP02-DEL02-SC,2020
"269550,0",2020-02-16,domingo,04:40:00,SC,101,"213,7",PALHOCA,Ingestão de Álcool,Tombamento,Com Vítimas Feridas,Plena Noite,Decrescente,Céu Claro,Dupla,Reta,Sim,1,0,0,1,0,0,1,1,-27.63697369,-48.66514142,SPRF-SC,DEL01-SC,UOP02-DEL01-SC,2020
"269558,0",2020-02-16,domingo,04:30:00,SC,470,"142,0",RIO DO SUL,Ingestão de Álcool,Capotamento,Com Vítimas Feridas,Plena Noite,Decrescente,Céu Claro,Simples,Reta,Sim,3,0,2,0,0,1,2,1,-27.229801,-49.6693,SPRF-SC,DEL04-SC,UOP02-DEL04-SC,2020
"269562,0",2020-02-16,domingo,04:40:00,SC,282,"221,6",LAGES,Ingestão de Álcool,Saída de leito carroçável,Com Vítimas Feridas,Plena Noite,Crescente,Chuva,Simples,Rotatória,Sim,1,0,1,0,0,0,1,1,-27.79504698,-50.33905506,SPRF-SC,DEL05-SC,UOP01-DEL05-SC,2020
"269567,0",2020-02-16,domingo,03:00:00,SC,282,"632,0",DESCANSO,Velocidade Incompatível,Saída de leito carroçável,Sem Vítimas,Plena Noite,Decrescente,Nublado,Simples,Curva,Não,2,0,0,0,0,2,0,1,-26.8253,-53.404217,SPRF-SC,DEL07-SC,UOP03-DEL07-SC,2020
"269576,0",2020-02-16,domingo,08:10:00,SC,101,"115,7",ITAJAI,Defeito Mecânico no Veículo,Capotamento,Com Vítimas Feridas,Pleno dia,Decrescente,Sol,Dupla,Reta,Não,1,0,1,0,0,0,1,1,-26.86868216,-48.71805668,SPRF-SC,DEL04-SC,UOP04-DEL04-SC,2020
"269611,0",2020-02-16,domingo,08:00:00,SC,470,"244,5",CURITIBANOS,Ingestão de Álcool,Tombamento,Com Vítimas Feridas,Amanhecer,Crescente,Nublado,Simples,Declive,Não,2,0,1,0,0,1,1,1,-27.314579,-50.515827,SPRF-SC,DEL05-SC,UOP03-DEL05-SC,2020
"269613,0",2020-02-16,domingo,10:30:00,SC,116,"220,6",CORREIA PINTO,Animais na Pista,Tombamento,Com Vítimas Feridas,Pleno dia,Crescente,Nublado,Simples,Reta;Interseção de Vias,Sim,1,0,1,0,0,0,1,1,-27.59167498,-50.36201477,SPRF-SC,DEL05-SC,UOP03-DEL05-SC,2020
"269616,0",2020-02-16,domingo,13:00:00,SC,101,"354,0",SANGAO,Defeito Mecânico no Veículo,Tombamento,Com Vítimas Feridas,Pleno dia,Decrescente,Céu Claro,Dupla,Declive,Não,2,0,2,0,0,0,2,1,-28.63334947,-49.09172058,SPRF-SC,DEL02-SC,UOP01-DEL02-SC,2020
"269627,0",2020-02-16,domingo,14:10:00,SC,280,"20,3",BALNEARIO BARRA DO SUL,Falta de Atenção à Condução,Colisão traseira,Com Vítimas Feridas,Pleno dia,Crescente,Céu Claro,Simples,Reta,Não,2,0,1,0,1,0,1,2,-26.36990477,-48.68224301,SPRF-SC,DEL03-SC,UOP03-DEL03-SC,2020
"269628,0",2020-02-16,domingo,14:00:00,SC,101,"217,0",PALHOCA,Ingestão de álcool e/ou substâncias psicoativas pelo pedestre,Saída de leito carroçável,Sem Vítimas,Pleno dia,Decrescente,Céu Claro,Dupla,Reta,Sim,1,0,0,0,1,0,0,1,-27.66779034,-48.67393586,SPRF-SC,DEL01-SC,UOP02-DEL01-SC,2020
"269648,0",2020-02-16,domingo,16:30:00,SC,101,"223,0",PALHOCA,Não guardar distância de segurança,Colisão traseira,Com Vítimas Feridas,Pleno dia,Decrescente,Nublado,Múltipla,Reta,Não,2,0,0,1,1,0,1,2,-27.71552634,-48.64881251,SPRF-SC,DEL01-SC,UOP02-DEL01-SC,2020
"269650,0",2020-02-16,domingo,16:30:00,SC,101,"222,0",PALHOCA,Desobediência às normas de trânsito pelo condutor,Colisão traseira,Com Vítimas Feridas,Pleno dia,Decrescente,Céu Claro,Dupla,Declive,Não,2,0,1,0,1,0,1,2,-27.70865409,-48.65586407,SPRF-SC,DEL01-SC,UOP02-DEL01-SC,2020
"269651,0",2020-02-16,domingo,15:00:00,SC,282,"445,8",PONTE SERRADA,Velocidade Incompatível,Saída de leito carroçável,Sem Vítimas,Pleno dia,Crescente,Chuva,Simples,Curva,Não,1,0,0,0,1,0,0,1,-26.9153352,-51.90490723,SPRF-SC,DEL07-SC,UOP04-DEL07-SC,2020
"269667,0",2020-02-16,domingo,17:10:00,SC,101,"146,8",ITAPEMA,Velocidade Incompatível,Colisão traseira,Com Vítimas Feridas,Pleno dia,Decrescente,Céu Claro,Dupla,Reta,Sim,2,0,1,0,1,0,1,2,-27.08666525,-48.60955587,SPRF-SC,DEL04-SC,UOP03-DEL04-SC,2020
"269668,0",2020-02-16,domingo,15:30:00,SC,280,"232,0",CANOINHAS,Falta de Atenção à Condução,Capotamento,Sem Vítimas,Pleno dia,Decrescente,Céu Claro,Simples,Reta,Sim,1,0,0,0,0,1,0,1,-26.19014736,-50.38186997,SPRF-SC,DEL06-SC,UOP04-DEL06-SC,2020
"269684,0",2020-02-16,domingo,16:25:00,SC,158,"116,7",CUNHA PORA,Falta de Atenção à Condução,Colisão transversal,Com Vítimas Feridas,Pleno dia,Crescente,Nublado,Simples,Curva,Não,4,0,1,3,0,0,4,3,-26.94122915,-53.20492029,SPRF-SC,DEL07-SC,UOP02-DEL07-SC,2020
"269687,0",2020-02-16,domingo,19:20:00,SC,101,"199,8",SAO JOSE,Não guardar distância de segurança,Engavetamento,Com Vítimas Feridas,Plena Noite,Crescente,Céu Claro,Múltipla,Viaduto;Reta;Aclive,Sim,5,0,1,0,4,0,1,4,-27.53715307,-48.62625539,SPRF-SC,DEL01-SC,UOP01-DEL01-SC,2020
"269692,0",2020-02-16,domingo,16:55:00,SC,101,"79,0",ARAQUARI,Falta de Atenção à Condução,Queda de ocupante de veículo,Com Vítimas Feridas,Pleno dia,Decrescente,Sol,Múltipla,Reta,Sim,2,0,2,0,0,0,2,1,-26.58559601,-48.72192112,SPRF-SC,DEL03-SC,UOP02-DEL03-SC,2020
"269700,0",2020-02-16,domingo,20:25:00,SC,470,"6,0",NAVEGANTES,Velocidade Incompatível,Colisão traseira,Com Vítimas Feridas,Plena Noite,Crescente,Nublado,Simples,Reta,Sim,10,0,1,0,9,0,1,2,-26.852238,-48.709545,SPRF-SC,DEL04-SC,UOP04-DEL04-SC,2020