id,data_inversa,dia_semana,horario,uf,br,km,municipio,causa_acidente,tipo_acidente,classificacao_acidente,fase_dia,sentido_via,condicao_metereologica,tipo_pista,tracado_via,uso_solo,pessoas,mortos,feridos_leves,feridos_graves,ilesos,ignorados,feridos,veiculos,latitude,longitude,regional,delegacia,uop,ano_arquivo
"269701,0",2020-02-16,domingo,15:30:00,SC,282,"556,8",NOVA ITABERABA,Velocidade Incompatível,Saída de leito carroçável,Com Vítimas Feridas,Pleno dia,Crescente,Nublado,Simples,Curva,Não,2,0,1,0,1,0,1,1,-26.930964,-52.819202,SPRF-SC,DEL07-SC,UOP01-DEL07-SC,2020
"269717,0",2020-02-16,domingo,18:00:00,SC,282,"212,4",LAGES,Ingestão de Álcool,Saída de leito carroçável,Sem Vítimas,Pleno dia,Crescente,Chuva,Simples,Reta,Não,1,0,0,0,1,0,0,1,-27.782257,-50.251381,SPRF-SC,DEL05-SC,UOP01-DEL05-SC,2020
"269720,0",2020-02-16,domingo,18:10:00,SC,282,"445,8",PONTE SERRADA,Velocidade Incompatível,Saída de leito carroçável,Com Vítimas Feridas,Anoitecer,Crescente,Chuva,Simples,Curva,Não,3,0,2,0,1,0,2,1,-26.908545,-51.905785,SPRF-SC,DEL07-SC,UOP04-DEL07-SC,2020
"269723,0",2020-02-16,domingo,18:00:00,SC,282,"447,0",PONTE SERRADA,Velocidade Incompatível,Saída de leito carroçável,Com Vítimas Feridas,Anoitecer,Crescente,Chuva,Simples,Curva,Não,4,0,1,0,2,1,1,1,-26.90697,-51.91029,SPRF-SC,DEL07-SC,UOP04-DEL07-SC,2020
"269747,0",2020-02-16,domingo,21:20:00,SC,101,"450,0",SANTA ROSA DO SUL,Falta de Atenção à Condução,Colisão traseira,Com Vítimas Feridas,Plena Noite,Decrescente,Nublado,Dupla,Curva,Não,1,0,1,0,0,0,1,1,-29.17229091,-49.74904711,SPRF-SC,DEL02-SC,UOP02-DEL02-SC,2020
"269767,0",2020-02-16,domingo,22:30:00,SC,470,"177,2",POUSO REDONDO,Ingestão de Álcool,Capotamento,Com Vítimas Feridas,Plena Noite,Decrescente,Nublado,Simples,Reta,Sim,1,0,1,0,0,0,1,1,-27.251858,-49.958,SPRF-SC,DEL04-SC,UOP02-DEL04-SC,2020
"269796,0",2020-02-17,segunda-feira,06:00:00,SC,280,"20,0",ARAQUARI,Falta de Atenção à Condução,Colisão transversal,Com Vítimas Feridas,Pleno dia,Decrescente,Céu Claro,Simples,Interseção de Vias,Sim,2,0,1,0,1,0,1,2,-26.36990477,-48.68224301,SPRF-SC,DEL03-SC,UOP03-DEL03-SC,2020
"269823,0",2020-02-17,segunda-feira,08:00:00,SC,101,"123,0",ITAJAI,Falta de Atenção à Condução,Colisão lateral,Com Vítimas Feridas,Pleno dia,Crescente,Nublado,Dupla,Interseção de Vias;Reta,Sim,2,0,1,0,1,0,1,2,-26.93691549,-48.69885206,SPRF-SC,DEL04-SC,UOP04-DEL04-SC,2020
"269831,0",2020-02-17,segunda-feira,08:30:00,SC,101,"119,7",ITAJAI,Falta de Atenção à Condução,Colisão lateral,Com Vítimas Feridas,Pleno dia,Decrescente,Nublado,Dupla,Reta,Sim,3,0,1,1,1,0,2,2,-26.91150847,-48.71213436,SPRF-SC,DEL04-SC,UOP04-DEL04-SC,2020
"269863,0",2020-02-17,segunda-feira,12:32:00,SC,470,"54,5",BLUMENAU,Falta de Atenção à Condução,Colisão transversal,Com Vítimas Feridas,Pleno dia,Crescente,Céu Claro,Simples,Interseção de Vias,Sim,3,0,2,0,1,0,2,2,-26.871065,-49.110374,SPRF-SC,DEL04-SC,UOP01-DEL04-SC,2020
"269875,0",2020-01-20,segunda-feira,18:15:00,SC,101,"135,0",BALNEARIO CAMBORIU,Falta de Atenção à Condução,Tombamento,Com Vítimas Feridas,Pleno dia,Decrescente,Céu Claro,Simples,Reta,Sim,2,0,1,0,1,0,1,2,-27.0050108,-48.62677494,SPRF-SC,DEL04-SC,UOP03-DEL04-SC,2020
"269890,0",2020-02-17,segunda-feira,15:10:00,SC,101,"213,3",PALHOCA,Não guardar distância de segurança,Colisão lateral,Com Vítimas Feridas,Pleno dia,Decrescente,Céu Claro,Múltipla,Viaduto,Sim,2,0,1,0,1,0,1,2,-27.63697369,-48.66514142,SPRF-SC,DEL01-SC,UOP02-DEL01-SC,2020
"269894,0",2020-02-17,segunda-feira,15:35:00,SC,470,"51,1",BLUMENAU,Desobediência às normas de trânsito pelo condutor,Colisão transversal,Com Vítimas Feridas,Pleno dia,Crescente,Sol,Simples,Interseção de Vias,Sim,2,0,0,1,1,0,1,2,-26.8628595,-49.08539057,SPRF-SC,DEL04-SC,UOP01-DEL04-SC,2020
"269910,0",2020-02-17,segunda-feira,16:50:00,SC,280,"52,5",GUARAMIRIM,Falta de Atenção à Condução,Colisão transversal,Com Vítimas Feridas,Pleno dia,Crescente,Céu Claro,Simples,Reta,Não,2,0,0,1,1,0,1,2,-26.468904,-48.96492,SPRF-SC,DEL03-SC,UOP03-DEL03-SC,2020
"269918,0",2020-02-17,segunda-feira,16:30:00,SC,101,"275,0",IMBITUBA,Defeito Mecânico no Veículo,Saída de leito carroçável,Com Vítimas Feridas,Pleno dia,Decrescente,Céu Claro,Dupla,Reta,Não,2,0,2,0,0,0,2,1,-28.138086,-48.69218292,SPRF-SC,DEL02-SC,UOP03-DEL02-SC,2020
"269923,0",2020-02-17,segunda-feira,16:00:00,SC,101,"95,0",BARRA VELHA,Defeito Mecânico no Veículo,Tombamento,Com Vítimas Feridas,Pleno dia,Crescente,Nublado,Múltipla,Curva,Não,3,0,2,0,1,0,2,1,-26.70876413,-48.70221065,SPRF-SC,DEL03-SC,UOP02-DEL03-SC,2020
"269946,0",2020-02-17,segunda-feira,17:00:00,SC,101,"412,6",ARARANGUA,Falta de Atenção à Condução,Colisão transversal,Com Vítimas Feridas,Pleno dia,Decrescente,Nublado,Simples,Reta,Sim,2,0,1,0,1,0,1,2,-28.94245364,-49.50036585,SPRF-SC,DEL02-SC,UOP02-DEL02-SC,2020
"269949,0",2020-02-17,segunda-feira,20:00:00,SC,470,"66,0",INDAIAL,Falta de Atenção à Condução,Saída de leito carroçável,Com Vítimas Feridas,Plena Noite,Decrescente,Céu Claro,Simples,Retorno Regulamentado,Sim,1,0,1,0,0,0,1,1,-26.870407,-49.221844,SPRF-SC,DEL04-SC,UOP01-DEL04-SC,2020
"269957,0",2020-02-17,segunda-feira,20:00:00,SC,101,"109,0",PENHA,Ingestão de Álcool,Colisão lateral,Sem Vítimas,Plena Noite,Decrescente,Céu Claro,Dupla,Curva,Não,2,0,0,0,2,0,0,2,-26.83352119,-48.69607329,SPRF-SC,DEL03-SC,UOP02-DEL03-SC,2020
"269964,0",2020-02-17,segunda-feira,21:30:00,SC,101,"442,9",SANTA ROSA DO SUL,Falta de Atenção à Condução,Colisão traseira,Sem Vítimas,Plena Noite,Crescente,Céu Claro,Dupla,Reta,Sim,2,0,0,0,2,0,0,2,-29.12959329,-49.68678391,SPRF-SC,DEL02-SC,UOP02-DEL02-SC,2020
"269967,0",2020-02-17,segunda-feira,22:00:00,SC,101,"214,7",PALHOCA,Desobediência às normas de trânsito pelo pedestre,Atropelamento de Pedestre,Com Vítimas Feridas,Plena Noite,Decrescente,Céu Claro,Dupla,Reta,Sim,2,0,0,1,1,0,1,2,-27.64443,-48.67057,SPRF-SC,DEL01-SC,UOP02-DEL01-SC,2020
"269978,0",2020-02-17,segunda-feira,23:35:00,SC,101,"199,0",SAO JOSE,Falta de Atenção à Condução,Colisão transversal,Com Vítimas Feridas,Plena Noite,Crescente,Céu Claro,Dupla,Interseção de Vias,Sim,3,0,1,0,2,0,1,2,-27.53413705,-48.63003205,SPRF-SC,DEL01-SC,UOP01-DEL01-SC,2020
"270010,0",2020-02-18,terça-feira,07:40:00,SC,101,"402,0",MARACAJA,Defeito Mecânico no Veículo,Incêndio,Sem Vítimas,Pleno dia,Crescente,Céu Claro,Simples,Curva,Sim,1,0,0,0,1,0,0,1,-28.86330994,-49.44595308,SPRF-SC,DEL02-SC,UOP02-DEL02-SC,2020
"270011,0",2020-02-18,terça-feira,07:55:00,SC,101,"412,6",ARARANGUA,Desobediência às normas de trânsito pelo condutor,Colisão transversal,Com Vítimas Feridas,Pleno dia,Decrescente,Céu Claro,Simples,Reta,Sim,2,0,0,1,1,0,1,2,-28.95226117,-49.50866461,SPRF-SC,DEL02-SC,UOP02-DEL02-SC,2020
"270014,0",2020-02-18,terça-feira,08:00:00,SC,101,"212,0",PALHOCA,Desobediência às normas de trânsito pelo condutor,Colisão lateral,Com Vítimas Feridas,Pleno dia,Crescente,Céu Claro,Múltipla,Interseção de Vias,Sim,2,0,2,0,0,0,2,2,-27.62996929,-48.65903871,SPRF-SC,DEL01-SC,UOP02-DEL01-SC,2020
"270025,0",2020-02-18,terça-feira,08:55:00,SC,282,"6,0",SAO JOSE,Pista Escorregadia,Queda de ocupante de veículo,Com Vítimas Feridas,Pleno dia,Decrescente,Céu Claro,Dupla,Aclive;Curva,Sim,1,0,1,0,0,0,1,1,-27.591936,-48.618244,SPRF-SC,DEL01-SC,UOP01-DEL01-SC,2020
"270029,0",2020-02-18,terça-feira,08:20:00,SC,101,"101,8",BALNEARIO PICARRAS,Falta de Atenção à Condução,Saída de leito carroçável,Com Vítimas Feridas,Pleno dia,Crescente,Sol,Múltipla,Reta,Sim,2,0,1,0,1,0,1,2,-26.76404198,-48.68657667,SPRF-SC,DEL03-SC,UOP02-DEL03-SC,2020
"270043,0",2020-02-18,terça-feira,10:20:00,SC,101,"200,0",SAO JOSE,Falta de Atenção à Condução,Colisão traseira,Com Vítimas Feridas,Pleno dia,Crescente,Céu Claro,Simples,Reta,Sim,2,0,1,0,1,0,1,2,-27.54018513,-48.62287714,SPRF-SC,DEL01-SC,UOP01-DEL01-SC,2020
"270049,0",2020-02-18,terça-feira,10:50:00,SC,101,"201,0",SAO JOSE,Falta de Atenção à Condução,Colisão transversal,Com Vítimas Feridas,Pleno dia,Crescente,Céu Claro,Múltipla,Interseção de Vias,Sim,2,0,1,0,1,0,1,2,-27.54836599,-48.61977975,SPRF-SC,DEL01-SC,UOP01-DEL01-SC,2020
"270067,0",2020-02-18,terça-feira,11:00:00,SC,101,"134,0",BALNEARIO CAMBORIU,Defeito Mecânico no Veículo,Queda de ocupante de veículo,Com Vítimas Feridas,Pleno dia,Crescente,Céu Claro,Múltipla,Reta,Sim,2,0,2,0,0,0,2,1,-27.00218,-48.636433,SPRF-SC,DEL04-SC,UOP03-DEL04-SC,2020
"270076,0",2020-02-18,terça-feira,07:45:00,SC,282,"487,7",FAXINAL DOS GUEDES,Desobediência às normas de trânsito pelo condutor,Colisão transversal,Sem Vítimas,Pleno dia,Crescente,Céu Claro,Simples,Rotatória,Sim,2,0,0,0,2,0,0,2,-26.85758,-52.263203,SPRF-SC,DEL07-SC,UOP01-DEL07-SC,2020
"270084,0",2020-02-18,terça-feira,15:05:00,SC,101,"97,2",BALNEARIO PICARRAS,Falta de Atenção à Condução,Colisão lateral,Com Vítimas Feridas,Pleno dia,Decrescente,Sol,Dupla,Reta,Sim,2,0,1,0,1,0,1,2,-26.72823703,-48.70224928,SPRF-SC,DEL03-SC,UOP02-DEL03-SC,2020
"270099,0",2020-02-16,domingo,23:14:00,SC,101,"414,6",ARARANGUA,Velocidade Incompatível,Saída de leito carroçável,Com Vítimas Fatais,Plena Noite,Crescente,Chuva,Dupla,Rotatória,Sim,1,1,0,0,0,0,0,1,-28.95360392,-49.50985011,SPRF-SC,DEL02-SC,UOP02-DEL02-SC,2020
"270105,0",2020-02-18,terça-feira,17:45:00,SC,101,"196,0",BIGUACU,Falta de Atenção à Condução,Colisão traseira,Com Vítimas Feridas,Pleno dia,Decrescente,Céu Claro,Dupla,Reta,Sim,3,0,1,0,2,0,1,2,-27.51101091,-48.64322292,SPRF-SC,DEL01-SC,UOP01-DEL01-SC,2020
"270107,0",2020-02-18,terça-feira,18:20:00,SC,470,"52,7",BLUMENAU,Desobediência às normas de trânsito pelo condutor,Colisão lateral,Com Vítimas Feridas,Pleno dia,Crescente,Céu Claro,Simples,Rotatória,Sim,2,0,1,0,1,0,1,2,-26.865544,-49.100245,SPRF-SC,DEL04-SC,UOP01-DEL04-SC,2020
"270114,0",2020-02-18,terça-feira,18:30:00,SC,101,"206,0",SAO JOSE,Falta de Atenção à Condução,Engavetamento,Sem Vítimas,Anoitecer,Crescente,Céu Claro,Múltipla,Reta,Sim,3,0,0,0,3,0,0,3,-27.59193546,-48.61824557,SPRF-SC,DEL01-SC,UOP01-DEL01-SC,2020
"270137,0",2020-02-18,terça-feira,20:00:00,SC,470,"140,0",RIO DO SUL,Desobediência às normas de trânsito pelo condutor,Colisão lateral,Sem Vítimas,Plena Noite,Decrescente,Nublado,Simples,Reta,Sim,2,0,0,0,1,1,0,2,-27.222485,-49.662827,SPRF-SC,DEL04-SC,UOP02-DEL04-SC,2020
"270142,0",2020-02-18,terça-feira,21:30:00,SC,101,"212,0",PALHOCA,Ingestão de álcool e/ou substâncias psicoativas pelo pedestre,Engavetamento,Com Vítimas Feridas,Plena Noite,Crescente,Céu Claro,Múltipla,Aclive,Não,4,0,1,0,3,0,1,3,-27.62996929,-48.65903871,SPRF-SC,DEL01-SC,UOP02-DEL01-SC,2020
"270170,0",2020-02-19,quarta-feira,06:25:00,SC,101,"193,0",BIGUACU,Falta de Atenção à Condução,Colisão transversal,Sem Vítimas,Pleno dia,Crescente,Céu Claro,Dupla,Reta,Sim,2,0,0,0,2,0,0,2,-27.489574,-48.655914,SPRF-SC,DEL01-SC,UOP01-DEL01-SC,2020
"270181,0",2020-02-19,quarta-feira,07:30:00,SC,101,"215,0",PALHOCA,Velocidade Incompatível,Colisão lateral,Com Vítimas Feridas,Pleno dia,Decrescente,Céu Claro,Dupla,Reta,Sim,2,0,0,1,1,0,1,2,-27.65184843,-48.67604941,SPRF-SC,DEL01-SC,UOP02-DEL01-SC,2020
"270294,0",2020-02-19,quarta-feira,18:15:00,SC,470,"174,0",POUSO REDONDO,Falta de Atenção à Condução,Colisão transversal,Com Vítimas Feridas,Pleno dia,Decrescente,Nublado,Simples,Reta,Sim,2,0,1,0,1,0,1,2,-27.258179,-49.929146,SPRF-SC,DEL04-SC,UOP02-DEL04-SC,2020
"270331,0",2020-02-19,quarta-feira,22:30:00,SC,101,"198,0",BIGUACU,Ingestão de Álcool,Colisão lateral,Com Vítimas Feridas,Plena Noite,Decrescente,Nublado,Múltipla,Reta,Sim,2,0,1,0,1,0,1,2,-27.52658712,-48.63506019,SPRF-SC,DEL01-SC,UOP01-DEL01-SC,2020
"270338,0",2020-02-19,quarta-feira,23:10:00,SC,280,"58,3",GUARAMIRIM,Falta de Atenção à Condução,Colisão traseira,Com Vítimas Feridas,Plena Noite,Crescente,Chuva,Simples,Reta,Não,2,0,2,0,0,0,2,2,-26.47415593,-49.021211,SPRF-SC,DEL03-SC,UOP03-DEL03-SC,2020
"270342,0",2020-02-19,quarta-feira,23:50:00,SC,101,"347,4",JAGUARUNA,Ingestão de Álcool,Colisão com objeto estático,Com Vítimas Feridas,Plena Noite,Crescente,Céu Claro,Dupla,Curva,Sim,1,0,1,0,0,0,1,1,-28.57872521,-49.0523243,SPRF-SC,DEL02-SC,UOP01-DEL02-SC,2020
"270353,0",2020-02-20,quinta-feira,01:00:00,SC,101,"333,1",TUBARAO,Ingestão de Álcool,Saída de leito carroçável,Sem Vítimas,Plena Noite,Decrescente,Céu Claro,Dupla,Reta,Sim,1,0,0,0,1,0,0,1,-28.46817772,-49.01046574,SPRF-SC,DEL02-SC,UOP01-DEL02-SC,2020
"270362,0",2020-02-20,quinta-feira,05:30:00,SC,280,"47,0",GUARAMIRIM,Defeito Mecânico no Veículo,Incêndio,Sem Vítimas,Amanhecer,Decrescente,Garoa/Chuvisco,Simples,Reta,Não,1,0,0,0,1,0,0,1,-26.45353692,-48.917876,SPRF-SC,DEL03-SC,UOP03-DEL03-SC,2020
"270377,0",2020-02-20,quinta-feira,07:30:00,SC,101,"236,0",PALHOCA,Pista Escorregadia,Tombamento,Com Vítimas Feridas,Pleno dia,Decrescente,Céu Claro,Dupla,Curva,Não,1,0,0,1,0,0,1,1,-27.82629382,-48.63034842,SPRF-SC,DEL01-SC,UOP02-DEL01-SC,2020
"270410,0",2020-02-20,quinta-feira,09:50:00,SC,116,"6,0",MAFRA,Falta de Atenção à Condução,Colisão traseira,Com Vítimas Feridas,Pleno dia,Crescente,Nublado,Simples,Reta,Não,2,0,1,0,1,0,1,2,-26.14644691,-49.82305806,SPRF-SC,DEL06-SC,UOP01-DEL06-SC,2020
"270443,0",2020-02-20,quinta-feira,12:00:00,SC,470,"139,6",RIO DO SUL,Velocidade Incompatível,Colisão traseira,Com Vítimas Feridas,Pleno dia,Crescente,Sol,Simples,Reta,Não,2,0,1,0,1,0,1,2,-27.217564,-49.65461,SPRF-SC,DEL04-SC,UOP02-DEL04-SC,2020
"270462,0",2020-02-20,quinta-feira,12:30:00,SC,101,"98,1",BALNEARIO PICARRAS,Defeito Mecânico no Veículo,Saída de leito carroçável,Com Vítimas Feridas,Pleno dia,Decrescente,Céu Claro,Dupla,Reta,Sim,1,0,1,0,0,0,1,1,-26.73760897,-48.69918789,SPRF-SC,DEL03-SC,UOP02-DEL03-SC,2020
"270464,0",2020-02-20,quinta-feira,12:40:00,SC,101,"102,5",BALNEARIO PICARRAS,Falta de Atenção à Condução,Colisão lateral,Com Vítimas Feridas,Pleno dia,Crescente,Céu Claro,Dupla,Reta,Não,1,0,1,0,0,0,1,1,-26.77383397,-48.68594062,SPRF-SC,DEL03-SC,UOP02-DEL03-SC,2020
"270465,0",2020-02-20,quinta-feira,13:55:00,SC,101,"210,0",SAO JOSE,Não guardar distância de segurança,Colisão traseira,Com Vítimas Feridas,Pleno dia,Decrescente,Sol,Múltipla,Reta,Sim,2,0,1,0,1,0,1,2,-27.61355221,-48.64242911,SPRF-SC,DEL01-SC,UOP01-DEL01-SC,2020
"270477,0",2020-02-20,quinta-feira,14:48:00,SC,116,"218,5",CORREIA PINTO,Desobediência às normas de trânsito pelo condutor,Colisão transversal,Com Vítimas Feridas,Pleno dia,Decrescente,Céu Claro,Simples,Reta,Não,3,0,2,0,1,0,2,2,-27.57163247,-50.37287235,SPRF-SC,DEL05-SC,UOP03-DEL05-SC,2020
"270493,0",2020-02-20,quinta-feira,17:05:00,SC,282,"2,9",FLORIANOPOLIS,Falta de Atenção à Condução,Engavetamento,Com Vítimas Feridas,Pleno dia,Crescente,Céu Claro,Múltipla,Reta,Sim,3,0,1,0,2,0,1,3,-27.603289,-48.590416,SPRF-SC,DEL01-SC,UOP01-DEL01-SC,2020
"270498,0",2020-02-20,quinta-feira,14:15:00,SC,116,"218,0",CORREIA PINTO,Não guardar distância de segurança,Colisão traseira,Com Vítimas Feridas,Pleno dia,Crescente,Sol,Simples,Reta,Sim,2,0,1,0,1,0,1,2,-27.56247698,-50.37616896,SPRF-SC,DEL05-SC,UOP03-DEL05-SC,2020
"270504,0",2020-02-20,quinta-feira,16:00:00,SC,116,"219,9",CORREIA PINTO,Falta de Atenção à Condução,Colisão lateral,Com Vítimas Feridas,Pleno dia,Crescente,Sol,Simples,Reta,Sim,2,0,0,1,1,0,1,2,-27.57012897,-50.37318791,SPRF-SC,DEL05-SC,UOP03-DEL05-SC,2020
"270511,0",2020-02-20,quinta-feira,17:45:00,SC,470,"69,9",INDAIAL,Falta de Atenção do Pedestre,Colisão transversal,Com Vítimas Feridas,Anoitecer,Crescente,Nublado,Simples,Reta,Sim,2,0,0,2,0,0,2,2,-26.883745,-49.246704,SPRF-SC,DEL04-SC,UOP01-DEL04-SC,2020
"270514,0",2020-02-20,quinta-feira,17:45:00,SC,282,"28,2",SANTO AMARO DA IMPERATRIZ,Falta de Atenção à Condução,Colisão traseira,Com Vítimas Feridas,Pleno dia,Crescente,Nublado,Simples,Reta,Não,2,0,1,0,1,0,1,2,-27.67478,-48.778904,SPRF-SC,DEL01-SC,UOP03-DEL01-SC,2020
"270518,0",2020-02-20,quinta-feira,18:20:00,SC,116,"246,1",LAGES,Falta de Atenção à Condução,Colisão transversal,Com Vítimas Feridas,Anoitecer,Decrescente,Céu Claro,Simples,Reta,Sim,2,0,1,0,1,0,1,2,-27.80419942,-50.36509464,SPRF-SC,DEL05-SC,UOP02-DEL05-SC,2020
"270532,0",2020-02-20,quinta-feira,20:00:00,SC,101,"213,8",PALHOCA,Desobediência às normas de trânsito pelo condutor,Colisão lateral,Com Vítimas Feridas,Plena Noite,Crescente,Céu Claro,Dupla,Reta,Sim,2,0,1,0,1,0,1,2,-27.63697369,-48.66514142,SPRF-SC,DEL01-SC,UOP02-DEL01-SC,2020
"270535,0",2020-02-20,quinta-feira,20:20:00,SC,101,"206,4",SAO JOSE,Falta de Atenção à Condução,Colisão traseira,Com Vítimas Feridas,Plena Noite,Decrescente,Nublado,Múltipla,Reta,Não,2,0,0,1,1,0,1,2,-27.59193546,-48.61824557,SPRF-SC,DEL01-SC,UOP01-DEL01-SC,2020
"270550,0",2020-02-20,quinta-feira,20:45:00,SC,280,"53,7",GUARAMIRIM,Falta de Atenção à Condução,Colisão transversal,Com Vítimas Feridas,Plena Noite,Decrescente,Nublado,Simples,Reta,Sim,3,0,1,0,2,0,1,2,-26.47236756,-48.97426617,SPRF-SC,DEL03-SC,UOP03-DEL03-SC,2020
"270561,0",2020-02-20,quinta-feira,23:20:00,SC,101,"154,1",PORTO BELO,Falta de Atenção à Condução,Colisão traseira,Com Vítimas Feridas,Plena Noite,Decrescente,Nublado,Dupla,Reta,Não,2,0,1,0,1,0,1,1,-27.16180795,-48.6107254,SPRF-SC,DEL04-SC,UOP03-DEL04-SC,2020
"270563,0",2020-02-20,quinta-feira,23:30:00,SC,116,"3,7",MAFRA,Mal Súbito,Colisão com objeto estático,Com Vítimas Feridas,Plena Noite,Decrescente,Céu Claro,Simples,Reta,Não,1,0,1,0,0,0,1,1,-26.13073161,-49.79922442,SPRF-SC,DEL06-SC,UOP01-DEL06-SC,2020
"270577,0",2020-02-21,sexta-feira,02:50:00,SC,101,"158,8",PORTO BELO,Ingestão de Álcool,Saída de leito carroçável,Sem Vítimas,Plena Noite,Decrescente,Céu Claro,Dupla,Reta,Sim,1,0,0,0,1,0,0,1,-27.19096301,-48.61259017,SPRF-SC,DEL04-SC,UOP03-DEL04-SC,2020
"270579,0",2020-02-21,sexta-feira,04:30:00,SC,470,"193,4",POUSO REDONDO,Velocidade Incompatível,Capotamento,Com Vítimas Feridas,Plena Noite,Decrescente,Nublado,Simples,Curva,Não,1,0,1,0,0,0,1,1,-27.300575,-50.075451,SPRF-SC,DEL04-SC,UOP02-DEL04-SC,2020
"270621,0",2020-02-21,sexta-feira,08:15:00,SC,101,"208,0",SAO JOSE,Desobediência às normas de trânsito pelo condutor,Colisão traseira,Sem Vítimas,Pleno dia,Decrescente,Céu Claro,Dupla,Reta,Sim,2,0,0,0,2,0,0,2,-27.60327979,-48.63201818,SPRF-SC,DEL01-SC,UOP01-DEL01-SC,2020
"270668,0",2020-02-21,sexta-feira,12:00:00,SC,101,"81,0",BARRA VELHA,Não guardar distância de segurança,Colisão traseira,Sem Vítimas,Pleno dia,Crescente,Nublado,Múltipla,Reta,Não,2,0,0,0,2,0,0,2,-26.60256101,-48.72553524,SPRF-SC,DEL03-SC,UOP02-DEL03-SC,2020
"270691,0",2020-02-21,sexta-feira,14:22:00,SC,101,"200,0",SAO JOSE,Desobediência às normas de trânsito pelo condutor,Colisão traseira,Sem Vítimas,Pleno dia,Decrescente,Nublado,Dupla,Reta,Sim,1,0,0,0,0,1,0,1,-27.54389309,-48.62102509,SPRF-SC,DEL01-SC,UOP01-DEL01-SC,2020
"270696,0",2020-02-21,sexta-feira,14:00:00,SC,101,"209,0",SAO JOSE,Desobediência às normas de trânsito pelo condutor,Colisão lateral,Com Vítimas Feridas,Pleno dia,Decrescente,Céu Claro,Dupla,Reta,Não,2,0,1,0,1,0,1,2,-27.61000542,-48.63895057,SPRF-SC,DEL01-SC,UOP01-DEL01-SC,2020
"270767,0",2020-02-21,sexta-feira,15:40:00,SC,101,"108,0",PENHA,Defeito Mecânico no Veículo,Tombamento,Com Vítimas Feridas,Pleno dia,Decrescente,Nublado,Dupla,Reta,Sim,1,0,0,1,0,0,1,1,-26.82606902,-48.69052298,SPRF-SC,DEL03-SC,UOP02-DEL03-SC,2020
"270781,0",2020-02-21,sexta-feira,17:00:00,SC,282,"445,8",PONTE SERRADA,Velocidade Incompatível,Saída de leito carroçável,Com Vítimas Feridas,Pleno dia,Decrescente,Sol,Simples,Curva,Não,1,0,1,0,0,0,1,1,-26.908545,-51.905785,SPRF-SC,DEL07-SC,UOP04-DEL07-SC,2020
"270793,0",2020-02-21,sexta-feira,17:00:00,SC,101,"216,0",PALHOCA,Falta de Atenção à Condução,Colisão lateral,Com Vítimas Feridas,Pleno dia,Decrescente,Nublado,Dupla,Reta,Sim,3,0,1,0,1,1,1,2,-27.65981409,-48.67747798,SPRF-SC,DEL01-SC,UOP02-DEL01-SC,2020
"270794,0",2020-02-21,sexta-feira,19:20:00,SC,101,"461,0",PASSO DE TORRES,Falta de Atenção à Condução,Colisão traseira,Com Vítimas Feridas,Plena Noite,Decrescente,Céu Claro,Dupla,Reta,Não,2,0,0,2,0,0,2,2,-29.26681993,-49.75517865,SPRF-RS,DEL03-RS,UOP02-DEL03-RS,2020
"270823,0",2020-02-21,sexta-feira,20:15:00,SC,282,"502,6",XANXERE,Ingestão de Álcool,Capotamento,Com Vítimas Feridas,Plena Noite,Crescente,Céu Claro,Dupla,Declive;Rotatória,Sim,1,0,1,0,0,0,1,1,-26.88540675,-52.3948288,SPRF-SC,DEL07-SC,UOP01-DEL07-SC,2020
"270835,0",2020-02-21,sexta-feira,23:50:00,SC,480,"129,0",CHAPECO,Velocidade Incompatível,Saída de leito carroçável,Com Vítimas Feridas,Plena Noite,Crescente,Céu Claro,Dupla,Reta,Sim,2,0,0,2,0,0,2,1,-27.04656607,-52.63577131,SPRF-SC,DEL07-SC,UOP01-DEL07-SC,2020
"270839,0",2020-02-22,sábado,00:20:00,SC,282,"171,1",BOCAINA DO SUL,Animais na Pista,Atropelamento de Animal,Sem Vítimas,Plena Noite,Crescente,Céu Claro,Simples,Reta,Não,1,0,0,0,1,0,0,1,-27.742331,-49.862782,SPRF-SC,DEL05-SC,UOP01-DEL05-SC,2020
"270848,0",2020-02-22,sábado,01:25:00,SC,282,"454,9",PONTE SERRADA,Velocidade Incompatível,Capotamento,Com Vítimas Feridas,Plena Noite,Crescente,Céu Claro,Simples,Curva,Não,2,0,1,1,0,0,2,1,-26.891756,-51.98447,SPRF-SC,DEL07-SC,UOP04-DEL07-SC,2020
"270865,0",2020-02-22,sábado,05:20:00,SC,116,"1,7",MAFRA,Falta de Atenção à Condução,Colisão transversal,Com Vítimas Feridas,Plena Noite,Crescente,Nublado,Simples,Reta,Sim,2,0,1,0,1,0,1,2,-26.1170929,-49.78694917,SPRF-SC,DEL06-SC,UOP01-DEL06-SC,2020
"270872,0",2020-02-22,sábado,05:50:00,SC,101,"138,0",BALNEARIO CAMBORIU,Defeito Mecânico no Veículo,Saída de leito carroçável,Sem Vítimas,Amanhecer,Decrescente,Céu Claro,Dupla,Reta,Sim,2,0,0,0,2,0,0,1,-27.02397426,-48.60761649,SPRF-SC,DEL04-SC,UOP03-DEL04-SC,2020
"270884,0",2020-02-22,sábado,06:40:00,SC,101,"201,0",SAO JOSE,Falta de Atenção à Condução,Colisão traseira,Com Vítimas Feridas,Pleno dia,Crescente,Céu Claro,Múltipla,Reta,Sim,1,0,1,0,0,0,1,1,-27.54836599,-48.61977975,SPRF-SC,DEL01-SC,UOP01-DEL01-SC,2020