id,data_inversa,dia_semana,horario,uf,br,km,municipio,causa_acidente,tipo_acidente,classificacao_acidente,fase_dia,sentido_via,condicao_metereologica,tipo_pista,tracado_via,uso_solo,pessoas,mortos,feridos_leves,feridos_graves,ilesos,ignorados,feridos,veiculos,latitude,longitude,regional,delegacia,uop,ano_arquivo
"270904,0",2020-02-22,sábado,08:15:00,SC,470,"43,0",GASPAR,Desobediência às normas de trânsito pelo condutor,Colisão transversal,Com Vítimas Feridas,Pleno dia,Crescente,Sol,Simples,Curva,Não,5,0,0,2,3,0,2,3,-26.87205216,-49.01535809,SPRF-SC,DEL04-SC,UOP01-DEL04-SC,2020
"270905,0",2020-02-22,sábado,07:30:00,SC,163,"1,2",DIONISIO CERQUEIRA,Desobediência às normas de trânsito pelo condutor,Colisão transversal,Com Vítimas Feridas,Pleno dia,Decrescente,Céu Claro,Simples,Interseção de Vias,Sim,3,0,2,0,0,1,2,2,-26.26604192,-53.62577682,SPRF-SC,DEL07-SC,UOP04-DEL07-SC,2020
"270931,0",2020-02-22,sábado,10:45:00,SC,280,"49,5",GUARAMIRIM,Falta de Atenção à Condução,Colisão transversal,Com Vítimas Feridas,Pleno dia,Decrescente,Céu Claro,Simples,Interseção de Vias,Não,2,0,1,0,1,0,1,2,-26.45850039,-48.93692786,SPRF-SC,DEL03-SC,UOP03-DEL03-SC,2020
"270937,0",2020-02-22,sábado,10:45:00,SC,282,"26,5",SANTO AMARO DA IMPERATRIZ,Velocidade Incompatível,Tombamento,Com Vítimas Feridas,Pleno dia,Decrescente,Céu Claro,Simples,Reta,Não,2,0,1,0,0,1,1,2,-27.67740948,-48.7662077,SPRF-SC,DEL01-SC,UOP03-DEL01-SC,2020
"270946,0",2020-02-22,sábado,12:15:00,SC,101,"81,0",BARRA VELHA,Falta de Atenção à Condução,Engavetamento,Com Vítimas Feridas,Pleno dia,Crescente,Céu Claro,Dupla,Reta;Declive,Não,6,0,3,0,3,0,3,3,-26.60256101,-48.72553524,SPRF-SC,DEL03-SC,UOP02-DEL03-SC,2020
"270947,0",2020-02-22,sábado,12:10:00,SC,280,"31,3",ARAQUARI,Desobediência às normas de trânsito pelo condutor,Colisão transversal,Com Vítimas Feridas,Pleno dia,Crescente,Céu Claro,Simples,Reta,Sim,2,0,1,0,1,0,1,2,-26.41649938,-48.77181215,SPRF-SC,DEL03-SC,UOP03-DEL03-SC,2020
"270962,0",2020-02-22,sábado,13:20:00,SC,470,"143,0",RIO DO SUL,Desobediência às normas de trânsito pelo condutor,Colisão transversal,Com Vítimas Feridas,Pleno dia,Decrescente,Sol,Simples,Reta,Sim,2,0,2,0,0,0,2,2,-27.233143,-49.672886,SPRF-SC,DEL04-SC,UOP02-DEL04-SC,2020
"270967,0",2020-02-22,sábado,11:50:00,SC,101,"174,0",GOVERNADOR CELSO RAMOS,Velocidade Incompatível,Saída de leito carroçável,Com Vítimas Feridas,Pleno dia,Decrescente,Sol,Dupla,Reta,Não,2,0,2,0,0,0,2,1,-27.33081601,-48.62697562,SPRF-SC,DEL01-SC,UOP01-DEL01-SC,2020
"270968,0",2020-02-22,sábado,12:50:00,SC,101,"331,0",TUBARAO,Falta de Atenção à Condução,Tombamento,Com Vítimas Feridas,Pleno dia,Decrescente,Céu Claro,Dupla,Reta,Não,1,0,0,1,0,0,1,1,-28.4571088,-48.98436785,SPRF-SC,DEL02-SC,UOP01-DEL02-SC,2020
"270969,0",2020-02-22,sábado,12:20:00,SC,101,"134,0",BALNEARIO CAMBORIU,Falta de Atenção à Condução,Colisão lateral,Com Vítimas Feridas,Pleno dia,Crescente,Sol,Dupla,Reta,Sim,2,0,1,0,1,0,1,2,-27.00218,-48.636433,SPRF-SC,DEL04-SC,UOP03-DEL04-SC,2020
"270972,0",2020-02-22,sábado,08:05:00,SC,101,"380,0",ICARA,Falta de Atenção do Pedestre,Atropelamento de Pedestre,Com Vítimas Feridas,Pleno dia,Crescente,Céu Claro,Dupla,Reta,Sim,2,0,0,1,1,0,1,2,-28.75047313,-49.26872594,SPRF-SC,DEL02-SC,UOP02-DEL02-SC,2020
"270978,0",2020-02-22,sábado,14:20:00,SC,280,"29,0",ARAQUARI,Desobediência às normas de trânsito pelo condutor,Colisão transversal,Com Vítimas Feridas,Pleno dia,Crescente,Céu Claro,Simples,Reta,Sim,2,0,1,0,1,0,1,2,-26.41066264,-48.75295628,SPRF-SC,DEL03-SC,UOP03-DEL03-SC,2020
"271006,0",2020-02-22,sábado,15:30:00,SC,470,"188,5",POUSO REDONDO,Velocidade Incompatível,Tombamento,Com Vítimas Fatais,Pleno dia,Crescente,Sol,Simples,Reta,Não,2,1,0,0,1,0,0,2,-27.266893,-50.060116,SPRF-SC,DEL04-SC,UOP02-DEL04-SC,2020
"271016,0",2020-02-22,sábado,15:50:00,SC,101,"358,0",SANGAO,Falta de Atenção à Condução,Saída de leito carroçável,Com Vítimas Feridas,Pleno dia,Decrescente,Céu Claro,Dupla,Reta,Não,4,0,2,2,0,0,4,1,-28.64860349,-49.10386562,SPRF-SC,DEL02-SC,UOP01-DEL02-SC,2020
"271024,0",2020-02-22,sábado,15:00:00,SC,101,"144,0",ITAPEMA,Ingestão de Álcool,Colisão com objeto estático,Com Vítimas Feridas,Pleno dia,Decrescente,Sol,Dupla,Reta,Sim,2,0,1,0,1,0,1,1,-27.0732659,-48.59672716,SPRF-SC,DEL04-SC,UOP03-DEL04-SC,2020
"271076,0",2020-02-22,sábado,20:30:00,SC,101,"96,0",BARRA VELHA,Falta de Atenção à Condução,Colisão traseira,Com Vítimas Feridas,Plena Noite,Crescente,Nublado,Dupla,Reta;Declive,Não,4,0,2,0,2,0,2,3,-26.72543281,-48.70237112,SPRF-SC,DEL03-SC,UOP02-DEL03-SC,2020
"271125,0",2020-02-22,sábado,23:15:00,SC,280,"21,0",ARAQUARI,Falta de Atenção à Condução,Colisão transversal,Com Vítimas Feridas,Plena Noite,Decrescente,Nublado,Simples,Reta,Não,2,0,1,0,1,0,1,2,-26.37043169,-48.69219602,SPRF-SC,DEL03-SC,UOP03-DEL03-SC,2020
"271149,0",2020-02-23,domingo,04:40:00,SC,470,"57,0",BLUMENAU,Ingestão de Álcool,Colisão com objeto estático,Sem Vítimas,Plena Noite,Crescente,Nublado,Simples,Interseção de Vias,Sim,1,0,0,0,0,1,0,1,-26.880428,-49.136532,SPRF-SC,DEL04-SC,UOP01-DEL04-SC,2020
"271172,0",2020-02-23,domingo,03:40:00,SC,280,"233,0",CANOINHAS,Ingestão de álcool e/ou substâncias psicoativas pelo pedestre,Saída de leito carroçável,Com Vítimas Feridas,Plena Noite,Crescente,Céu Claro,Simples,Curva,Não,1,0,1,0,0,0,1,1,-26.19146187,-50.39215,SPRF-SC,DEL06-SC,UOP04-DEL06-SC,2020
"271176,0",2020-02-23,domingo,06:50:00,SC,101,"136,4",BALNEARIO CAMBORIU,Falta de Atenção do Pedestre,Atropelamento de Pedestre,Com Vítimas Feridas,Pleno dia,Decrescente,Nublado,Dupla,Reta,Sim,4,0,0,1,1,2,1,2,-27.008113,-48.617245,SPRF-SC,DEL04-SC,UOP03-DEL04-SC,2020
"271178,0",2020-02-23,domingo,07:15:00,SC,101,"131,0",BALNEARIO CAMBORIU,Falta de Atenção à Condução,Saída de leito carroçável,Com Vítimas Feridas,Amanhecer,Decrescente,Sol,Simples,Reta,Sim,4,0,2,2,0,0,4,1,-26.9929514,-48.66059303,SPRF-SC,DEL04-SC,UOP03-DEL04-SC,2020
"271200,0",2020-02-23,domingo,07:40:00,SC,282,"571,6",NOVA ERECHIM,Ingestão de Álcool,Saída de leito carroçável,Com Vítimas Feridas,Pleno dia,Decrescente,Sol,Simples,Reta,Não,3,0,2,0,1,0,2,1,-26.883053,-52.939816,SPRF-SC,DEL07-SC,UOP02-DEL07-SC,2020
"271201,0",2020-02-23,domingo,10:30:00,SC,101,"416,5",ARARANGUA,Falta de Atenção à Condução,Colisão traseira,Com Vítimas Feridas,Pleno dia,Crescente,Céu Claro,Simples,Reta,Sim,2,0,1,0,1,0,1,2,-28.96708874,-49.52338825,SPRF-SC,DEL02-SC,UOP02-DEL02-SC,2020
"271208,0",2020-02-23,domingo,11:55:00,SC,282,"15,6",PALHOCA,Falta de Atenção à Condução,Colisão traseira,Com Vítimas Feridas,Pleno dia,Decrescente,Sol,Simples,Reta,Sim,2,0,1,0,1,0,1,2,-27.65610138,-48.67956698,SPRF-SC,DEL01-SC,UOP02-DEL01-SC,2020
"271218,0",2020-02-23,domingo,10:35:00,SC,280,"47,9",GUARAMIRIM,Falta de Atenção à Condução,Colisão transversal,Com Vítimas Feridas,Pleno dia,Decrescente,Nublado,Simples,Reta,Sim,2,0,1,0,1,0,1,2,-26.45506795,-48.92766502,SPRF-SC,DEL03-SC,UOP03-DEL03-SC,2020
"271226,0",2020-02-23,domingo,13:55:00,SC,101,"202,0",SAO JOSE,Ultrapassagem Indevida,Colisão lateral,Com Vítimas Feridas,Pleno dia,Decrescente,Céu Claro,Múltipla,Reta,Não,6,0,5,0,1,0,5,3,-27.55711595,-48.61897889,SPRF-SC,DEL01-SC,UOP01-DEL01-SC,2020
"271230,0",2020-02-23,domingo,13:45:00,SC,101,"313,0",PESCARIA BRAVA,Não guardar distância de segurança,Colisão traseira,Com Vítimas Feridas,Pleno dia,Decrescente,Sol,Dupla,Reta,Sim,2,0,1,0,1,0,1,2,-28.4404376,-48.81403409,SPRF-SC,DEL02-SC,UOP01-DEL02-SC,2020
"271234,0",2020-02-23,domingo,14:30:00,SC,470,"48,7",BLUMENAU,Desobediência às normas de trânsito pelo condutor,Colisão transversal,Com Vítimas Feridas,Pleno dia,Decrescente,Céu Claro,Simples,Reta;Em Obras,Sim,3,0,1,0,2,0,1,2,-26.85972451,-49.06245549,SPRF-SC,DEL04-SC,UOP01-DEL04-SC,2020
"271238,0",2020-02-23,domingo,14:40:00,SC,101,"65,3",ARAQUARI,Não guardar distância de segurança,Colisão traseira,Com Vítimas Feridas,Pleno dia,Crescente,Sol,Dupla,Reta,Não,4,0,2,0,2,0,2,2,-26.47135714,-48.74457217,SPRF-SC,DEL03-SC,UOP02-DEL03-SC,2020
"271258,0",2020-02-23,domingo,16:05:00,SC,116,"225,1",CORREIA PINTO,Desobediência às normas de trânsito pelo condutor,Saída de leito carroçável,Sem Vítimas,Pleno dia,Crescente,Sol,Simples,Interseção de Vias,Não,1,0,0,0,1,0,0,1,-27.63213634,-50.34004211,SPRF-SC,DEL05-SC,UOP03-DEL05-SC,2020
"271298,0",2020-02-23,domingo,19:05:00,SC,470,"7,0",NAVEGANTES,Desobediência às normas de trânsito pelo condutor,Colisão transversal,Com Vítimas Feridas,Plena Noite,Crescente,Céu Claro,Simples,Reta,Não,2,0,1,0,1,0,1,2,-26.84499,-48.71505,SPRF-SC,DEL04-SC,UOP04-DEL04-SC,2020
"271324,0",2020-02-23,domingo,19:15:00,SC,280,"24,0",ARAQUARI,Falta de Atenção à Condução,Colisão traseira,Sem Vítimas,Anoitecer,Crescente,Céu Claro,Simples,Reta,Sim,2,0,0,0,2,0,0,2,-26.3770665,-48.7193111,SPRF-SC,DEL03-SC,UOP03-DEL03-SC,2020
"271334,0",2020-02-23,domingo,23:00:00,SC,101,"166,5",TIJUCAS,Ingestão de Álcool,Atropelamento de Pedestre,Com Vítimas Fatais,Plena Noite,Decrescente,Céu Claro,Dupla,Reta,Não,2,1,0,0,1,0,0,2,-27.26147697,-48.63180349,SPRF-SC,DEL04-SC,UOP03-DEL04-SC,2020
"271341,0",2020-02-23,domingo,22:00:00,SC,470,"179,0",POUSO REDONDO,Ingestão de álcool e/ou substâncias psicoativas pelo pedestre,Colisão frontal,Com Vítimas Feridas,Plena Noite,Decrescente,Céu Claro,Simples,Reta,Não,5,0,1,2,2,0,3,4,-27.247908,-49.977165,SPRF-SC,DEL04-SC,UOP02-DEL04-SC,2020
"271348,0",2020-02-24,segunda-feira,00:10:00,SC,470,"9,5",NAVEGANTES,Desobediência às normas de trânsito pelo condutor,Colisão frontal,Com Vítimas Feridas,Plena Noite,Decrescente,Nublado,Simples,Reta,Sim,2,0,0,1,1,0,1,2,-26.833143,-48.727432,SPRF-SC,DEL04-SC,UOP04-DEL04-SC,2020
"271349,0",2020-02-23,domingo,23:25:00,SC,282,"410,0",CATANDUVAS,Falta de Atenção do Pedestre,Atropelamento de Pedestre,Com Vítimas Fatais,Plena Noite,Decrescente,Céu Claro,Simples,Aclive,Sim,2,1,0,0,1,0,0,2,-27.061399,-51.671875,SPRF-SC,DEL07-SC,UOP05-DEL07-SC,2020
"271363,0",2020-02-24,segunda-feira,03:45:00,SC,101,"329,3",CAPIVARI DE BAIXO,Falta de Atenção à Condução,Colisão com objeto estático,Com Vítimas Feridas,Plena Noite,Crescente,Céu Claro,Múltipla,Reta,Não,3,0,1,0,2,0,1,3,-28.44404822,-48.96611372,SPRF-SC,DEL02-SC,UOP01-DEL02-SC,2020
"271364,0",2020-02-24,segunda-feira,02:00:00,SC,101,"134,0",BALNEARIO CAMBORIU,Falta de Atenção à Condução,Queda de ocupante de veículo,Com Vítimas Feridas,Plena Noite,Decrescente,Céu Claro,Simples,Reta,Não,1,0,0,1,0,0,1,1,-27.00218,-48.636433,SPRF-SC,DEL04-SC,UOP03-DEL04-SC,2020
"271365,0",2020-02-24,segunda-feira,04:20:00,SC,101,"255,5",PAULO LOPES,Ingestão de Álcool,Saída de leito carroçável,Com Vítimas Feridas,Plena Noite,Decrescente,Céu Claro,Simples,Curva;Declive,Sim,4,0,3,1,0,0,4,1,-27.98242299,-48.67898469,SPRF-SC,DEL02-SC,UOP03-DEL02-SC,2020
"271370,0",2020-02-24,segunda-feira,05:40:00,SC,101,"214,2",PALHOCA,Velocidade Incompatível,Saída de leito carroçável,Sem Vítimas,Pleno dia,Crescente,Céu Claro,Simples,Reta,Sim,1,0,0,0,0,1,0,1,-27.64443,-48.67057,SPRF-SC,DEL01-SC,UOP02-DEL01-SC,2020
"271372,0",2020-02-24,segunda-feira,05:45:00,SC,101,"122,0",ITAJAI,Falta de Atenção à Condução,Colisão lateral,Sem Vítimas,Amanhecer,Crescente,Nublado,Dupla,Reta,Não,2,0,0,0,2,0,0,2,-26.92955916,-48.70499836,SPRF-SC,DEL04-SC,UOP04-DEL04-SC,2020
"271380,0",2020-02-24,segunda-feira,07:50:00,SC,101,"186,0",BIGUACU,Defeito Mecânico no Veículo,Queda de ocupante de veículo,Com Vítimas Feridas,Pleno dia,Decrescente,Céu Claro,Dupla,Curva,Sim,2,0,2,0,0,0,2,1,-27.4341098,-48.62567129,SPRF-SC,DEL01-SC,UOP01-DEL01-SC,2020
"271385,0",2020-02-24,segunda-feira,08:30:00,SC,101,"211,3",PALHOCA,Defeito Mecânico no Veículo,Colisão traseira,Com Vítimas Feridas,Pleno dia,Crescente,Sol,Dupla,Reta,Sim,2,0,0,1,1,0,1,2,-27.62329313,-48.65245588,SPRF-SC,DEL01-SC,UOP02-DEL01-SC,2020
"271394,0",2020-02-24,segunda-feira,08:05:00,SC,282,"519,9",XAXIM,Falta de Atenção à Condução,Colisão traseira,Sem Vítimas,Pleno dia,Crescente,Céu Claro,Simples,Curva,Não,2,0,0,0,2,0,0,2,-26.947527,-52.517536,SPRF-SC,DEL07-SC,UOP01-DEL07-SC,2020
"271402,0",2020-02-24,segunda-feira,09:30:00,SC,101,"95,9",BARRA VELHA,Avarias e/ou desgaste excessivo no pneu,Queda de ocupante de veículo,Com Vítimas Feridas,Pleno dia,Crescente,Nublado,Dupla,Reta;Aclive,Não,1,0,1,0,0,0,1,1,-26.70876413,-48.70221065,SPRF-SC,DEL03-SC,UOP02-DEL03-SC,2020
"271431,0",2020-02-24,segunda-feira,14:25:00,SC,280,"24,0",ARAQUARI,Ingestão de Álcool,Colisão transversal,Sem Vítimas,Pleno dia,Crescente,Céu Claro,Simples,Reta,Sim,2,0,0,0,2,0,0,2,-26.37724921,-48.71953282,SPRF-SC,DEL03-SC,UOP03-DEL03-SC,2020
"271437,0",2020-02-23,domingo,18:50:00,SC,280,"231,9",CANOINHAS,Ingestão de Álcool,Colisão traseira,Com Vítimas Feridas,Pleno dia,Decrescente,Céu Claro,Simples,Reta,Sim,3,0,2,0,1,0,2,2,-26.1893047,-50.37170989,SPRF-SC,DEL06-SC,UOP04-DEL06-SC,2020
"271495,0",2020-02-24,segunda-feira,19:40:00,SC,101,"32,4",JOINVILLE,Falta de Atenção do Pedestre,Atropelamento de Pedestre,Com Vítimas Feridas,Anoitecer,Decrescente,Céu Claro,Dupla,Reta,Sim,2,0,0,1,0,1,1,2,-26.226987,-48.91657,SPRF-SC,DEL03-SC,UOP01-DEL03-SC,2020
"271496,0",2020-02-24,segunda-feira,20:50:00,SC,470,"139,6",RIO DO SUL,Desobediência às normas de trânsito pelo condutor,Colisão traseira,Com Vítimas Feridas,Plena Noite,Crescente,Céu Claro,Simples,Rotatória,Sim,2,0,1,0,1,0,1,2,-27.217564,-49.65461,SPRF-SC,DEL04-SC,UOP02-DEL04-SC,2020
"271533,0",2020-02-25,terça-feira,05:30:00,SC,101,"206,9",SAO JOSE,Falta de Atenção à Condução,Colisão transversal,Sem Vítimas,Amanhecer,Decrescente,Céu Claro,Múltipla,Interseção de Vias,Sim,2,0,0,0,2,0,0,2,-27.59193546,-48.61824557,SPRF-SC,DEL01-SC,UOP01-DEL01-SC,2020
"271536,0",2020-02-25,terça-feira,06:10:00,SC,101,"361,0",SANGAO,Falta de Atenção à Condução,Capotamento,Sem Vítimas,Amanhecer,Crescente,Chuva,Dupla,Reta,Não,1,0,0,0,1,0,0,1,-28.66584041,-49.1146566,SPRF-SC,DEL02-SC,UOP01-DEL02-SC,2020
"271538,0",2020-02-25,terça-feira,04:00:00,SC,470,"50,0",BLUMENAU,Velocidade Incompatível,Capotamento,Sem Vítimas,Plena Noite,Crescente,Nublado,Simples,Interseção de Vias,Sim,1,0,0,0,0,1,0,1,-26.859768,-49.074493,SPRF-SC,DEL04-SC,UOP01-DEL04-SC,2020
"271540,0",2020-02-25,terça-feira,07:00:00,SC,101,"133,0",BALNEARIO CAMBORIU,Falta de Atenção à Condução,Tombamento,Com Vítimas Feridas,Pleno dia,Crescente,Nublado,Múltipla,Reta,Sim,1,0,1,0,0,0,1,1,-26.99936,-48.64609,SPRF-SC,DEL04-SC,UOP03-DEL04-SC,2020
"271541,0",2020-01-25,sábado,01:00:00,SC,282,"0,5",FLORIANOPOLIS,Ingestão de Álcool,Colisão traseira,Sem Vítimas,Plena Noite,Decrescente,Nublado,Múltipla,Curva,Sim,2,0,0,0,2,0,0,2,-27.59845,-48.571995,SPRF-SC,DEL01-SC,UOP01-DEL01-SC,2020
"271548,0",2020-02-25,terça-feira,08:00:00,SC,101,"235,7",PALHOCA,Pista Escorregadia,Tombamento,Com Vítimas Feridas,Pleno dia,Crescente,Garoa/Chuvisco,Dupla,Viaduto,Não,2,0,2,0,0,0,2,1,-27.8177775,-48.6315025,SPRF-SC,DEL01-SC,UOP02-DEL01-SC,2020
"271552,0",2020-02-25,terça-feira,07:10:00,SC,282,"3,0",FLORIANOPOLIS,Ingestão de Álcool,Colisão com objeto estático,Sem Vítimas,Pleno dia,Crescente,Garoa/Chuvisco,Múltipla,Reta,Sim,1,0,0,0,1,0,0,1,-27.600384,-48.599705,SPRF-SC,DEL01-SC,UOP01-DEL01-SC,2020
"271567,0",2020-02-25,terça-feira,08:00:00,SC,101,"95,0",BARRA VELHA,Pista Escorregadia,Colisão com objeto estático,Com Vítimas Feridas,Pleno dia,Crescente,Chuva,Múltipla,Reta,Não,1,0,1,0,0,0,1,1,-26.70876413,-48.70221065,SPRF-SC,DEL03-SC,UOP02-DEL03-SC,2020
"271571,0",2020-01-26,domingo,17:20:00,SC,282,"568,0",NOVA ITABERABA,Mal Súbito,Colisão frontal,Com Vítimas Feridas,Pleno dia,Crescente,Céu Claro,Simples,Curva,Não,3,0,2,1,0,0,3,2,-26.899681,-52.915756,SPRF-SC,DEL07-SC,UOP02-DEL07-SC,2020
"271576,0",2020-02-25,terça-feira,11:10:00,SC,101,"459,5",PASSO DE TORRES,Falta de Atenção à Condução,Colisão traseira,Com Vítimas Feridas,Pleno dia,Crescente,Céu Claro,Dupla,Reta,Não,3,0,1,0,2,0,1,2,-29.26064371,-49.75605011,SPRF-SC,DEL02-SC,UOP02-DEL02-SC,2020
"271579,0",2020-02-25,terça-feira,11:30:00,SC,280,"66,0",JARAGUA DO SUL,Falta de Atenção à Condução,Colisão transversal,Com Vítimas Feridas,Pleno dia,Crescente,Sol,Simples,Reta,Sim,2,0,1,0,1,0,1,2,-26.47606607,-49.09568797,SPRF-SC,DEL03-SC,UOP03-DEL03-SC,2020
"271580,0",2020-02-25,terça-feira,10:50:00,SC,101,"145,0",ITAPEMA,Falta de Atenção à Condução,Engavetamento,Com Vítimas Feridas,Pleno dia,Decrescente,Céu Claro,Dupla,Reta,Sim,6,0,1,0,5,0,1,3,-27.08139206,-48.60130993,SPRF-SC,DEL04-SC,UOP03-DEL04-SC,2020
"271584,0",2020-02-25,terça-feira,09:05:00,SC,282,"300,8",VARGEM,Velocidade Incompatível,Saída de leito carroçável,Com Vítimas Feridas,Pleno dia,Crescente,Chuva,Simples,Curva,Não,3,0,1,0,2,0,1,1,-27.515957,-50.917877,SPRF-SC,DEL07-SC,UOP06-DEL07-SC,2020
"271588,0",2020-02-22,sábado,05:00:00,SC,282,"518,6",XAXIM,Velocidade Incompatível,Saída de leito carroçável,Sem Vítimas,Plena Noite,Crescente,Céu Claro,Simples,Reta,Não,1,0,0,0,0,1,0,1,-26.93976577,-52.50070095,SPRF-SC,DEL07-SC,UOP01-DEL07-SC,2020
"271594,0",2020-02-25,terça-feira,13:20:00,SC,101,"326,8",CAPIVARI DE BAIXO,Ingestão de Álcool,Atropelamento de Pedestre,Com Vítimas Feridas,Pleno dia,Decrescente,Nublado,Simples,Declive,Sim,2,0,1,1,0,0,2,2,-28.43555847,-48.95892089,SPRF-SC,DEL02-SC,UOP01-DEL02-SC,2020
"271617,0",2020-02-25,terça-feira,14:20:00,SC,280,"124,8",RIO NEGRINHO,Desobediência às normas de trânsito pelo condutor,Colisão traseira,Com Vítimas Feridas,Pleno dia,Decrescente,Chuva,Simples,Interseção de Vias,Sim,3,0,0,2,1,0,2,2,-26.23895981,-49.50074673,SPRF-SC,DEL06-SC,UOP03-DEL06-SC,2020
"271658,0",2020-02-25,terça-feira,18:00:00,SC,101,"51,0",JOINVILLE,Ingestão de Álcool,Colisão traseira,Sem Vítimas,Anoitecer,Decrescente,Garoa/Chuvisco,Dupla,Reta,Não,3,0,0,0,3,0,0,3,-26.38506771,-48.84917582,SPRF-SC,DEL03-SC,UOP01-DEL03-SC,2020
"271680,0",2020-02-25,terça-feira,15:40:00,SC,282,"384,7",JOACABA,Pista Escorregadia,Saída de leito carroçável,Com Vítimas Feridas,Pleno dia,Crescente,Chuva,Simples,Curva,Não,1,0,1,0,0,0,1,1,-27.20299,-51.515095,SPRF-SC,DEL07-SC,UOP05-DEL07-SC,2020
"271685,0",2020-02-25,terça-feira,13:51:00,SC,101,"308,0",LAGUNA,Defeito Mecânico no Veículo,Incêndio,Sem Vítimas,Pleno dia,Crescente,Nublado,Dupla,Reta,Não,1,0,0,0,0,1,0,1,-28.399616,-48.7854,SPRF-SC,DEL02-SC,UOP01-DEL02-SC,2020
"271690,0",2020-02-25,terça-feira,16:05:00,SC,101,"216,4",PALHOCA,Não guardar distância de segurança,Colisão traseira,Com Vítimas Feridas,Pleno dia,Decrescente,Nublado,Dupla,Interseção de Vias,Sim,2,0,1,0,1,0,1,2,-27.65981409,-48.67747798,SPRF-SC,DEL01-SC,UOP02-DEL01-SC,2020
"271705,0",2020-02-25,terça-feira,22:10:00,SC,101,"163,0",TIJUCAS,Mal Súbito,Colisão traseira,Com Vítimas Feridas,Plena Noite,Decrescente,Chuva,Simples,Retorno Regulamentado,Não,2,0,1,0,1,0,1,2,-27.23461699,-48.63039809,SPRF-SC,DEL04-SC,UOP03-DEL04-SC,2020
"271713,0",2020-02-25,terça-feira,23:10:00,SC,101,"137,5",BALNEARIO CAMBORIU,Ingestão de Álcool,Colisão traseira,Com Vítimas Feridas,Plena Noite,Crescente,Chuva,Dupla,Aclive,Sim,5,0,2,0,3,0,2,2,-27.0157238,-48.61192763,SPRF-SC,DEL04-SC,UOP03-DEL04-SC,2020
"271723,0",2020-02-25,terça-feira,17:50:00,SC,282,"275,1",SAO JOSE DO CERRITO,Velocidade Incompatível,Saída de leito carroçável,Com Vítimas Fatais,Anoitecer,Crescente,Chuva,Simples,Curva,Não,5,3,1,1,0,0,2,2,-27.606421,-50.720207,SPRF-SC,DEL05-SC,UOP02-DEL05-SC,2020
"271730,0",2020-02-26,quarta-feira,00:45:00,SC,101,"311,9",LAGUNA,Falta de Atenção do Pedestre,Atropelamento de Pedestre,Com Vítimas Fatais,Plena Noite,Decrescente,Nublado,Dupla,Curva,Sim,2,1,1,0,0,0,1,2,-28.44110062,-48.82223368,SPRF-SC,DEL02-SC,UOP01-DEL02-SC,2020
"271731,0",2020-02-26,quarta-feira,01:10:00,SC,101,"202,0",SAO JOSE,Falta de Atenção à Condução,Colisão traseira,Sem Vítimas,Plena Noite,Crescente,Chuva,Dupla,Reta,Sim,2,0,0,0,2,0,0,2,-27.55711595,-48.61897889,SPRF-SC,DEL01-SC,UOP01-DEL01-SC,2020
"271762,0",2020-02-26,quarta-feira,07:30:00,SC,101,"198,0",BIGUACU,Pista Escorregadia,Tombamento,Com Vítimas Feridas,Pleno dia,Decrescente,Chuva,Múltipla,Reta,Sim,1,0,1,0,0,0,1,1,-27.52658712,-48.63506019,SPRF-SC,DEL01-SC,UOP01-DEL01-SC,2020
"271780,0",2020-02-26,quarta-feira,08:50:00,SC,101,"52,4",JOINVILLE,Não guardar distância de segurança,Colisão traseira,Com Vítimas Feridas,Pleno dia,Decrescente,Chuva,Dupla,Reta,Não,5,0,1,0,4,0,1,4,-26.39111608,-48.83984239,SPRF-SC,DEL03-SC,UOP01-DEL03-SC,2020
"271781,0",2020-02-26,quarta-feira,08:10:00,SC,282,"411,9",CATANDUVAS,Avarias e/ou desgaste excessivo no pneu,Colisão com objeto estático,Com Vítimas Feridas,Pleno dia,Decrescente,Garoa/Chuvisco,Simples,Curva,Não,1,0,1,0,0,0,1,1,-27.059202,-51.680046,SPRF-SC,DEL07-SC,UOP05-DEL07-SC,2020
"271791,0",2020-02-26,quarta-feira,09:40:00,SC,280,"27,9",ARAQUARI,Falta de Atenção à Condução,Colisão transversal,Com Vítimas Feridas,Pleno dia,Decrescente,Chuva,Simples,Reta,Não,2,0,1,0,1,0,1,2,-26.39685622,-48.74021969,SPRF-SC,DEL03-SC,UOP03-DEL03-SC,2020
"271792,0",2020-02-26,quarta-feira,02:00:00,SC,470,"66,0",INDAIAL,Condutor Dormindo,Saída de leito carroçável,Com Vítimas Feridas,Amanhecer,Decrescente,Chuva,Simples,Rotatória,Sim,1,0,1,0,0,0,1,1,-26.870407,-49.221844,SPRF-SC,DEL04-SC,UOP01-DEL04-SC,2020
"271809,0",2020-02-26,quarta-feira,11:50:00,SC,101,"82,1",BARRA VELHA,Falta de Atenção à Condução,Colisão traseira,Com Vítimas Feridas,Pleno dia,Decrescente,Garoa/Chuvisco,Dupla,Reta,Não,8,0,3,0,5,0,3,6,-26.62029871,-48.71744514,SPRF-SC,DEL03-SC,UOP02-DEL03-SC,2020
"271810,0",2020-02-26,quarta-feira,08:30:00,SC,153,"81,9",IRANI,Velocidade Incompatível,Saída de leito carroçável,Com Vítimas Feridas,Pleno dia,Crescente,Garoa/Chuvisco,Simples,Curva,Não,2,0,2,0,0,0,2,1,-27.120626,-51.922867,SPRF-SC,DEL07-SC,UOP04-DEL07-SC,2020
"271817,0",2020-02-26,quarta-feira,12:05:00,SC,101,"81,0",BARRA VELHA,Restrição de Visibilidade,Colisão traseira,Sem Vítimas,Pleno dia,Crescente,Nublado,Dupla,Declive,Não,2,0,0,0,2,0,0,2,-26.60256101,-48.72553524,SPRF-SC,DEL03-SC,UOP02-DEL03-SC,2020