id,data_inversa,dia_semana,horario,uf,br,km,municipio,causa_acidente,tipo_acidente,classificacao_acidente,fase_dia,sentido_via,condicao_metereologica,tipo_pista,tracado_via,uso_solo,pessoas,mortos,feridos_leves,feridos_graves,ilesos,ignorados,feridos,veiculos,latitude,longitude,regional,delegacia,uop,ano_arquivo
"271834,0",2020-02-26,quarta-feira,14:50:00,SC,280,"54,8",GUARAMIRIM,Falta de Atenção à Condução,Colisão transversal,Com Vítimas Feridas,Pleno dia,Crescente,Garoa/Chuvisco,Simples,Reta,Não,2,0,1,0,1,0,1,2,-26.47539893,-48.983748,SPRF-SC,DEL03-SC,UOP03-DEL03-SC,2020
"271838,0",2020-02-26,quarta-feira,12:00:00,SC,280,"58,3",GUARAMIRIM,Falta de Atenção à Condução,Colisão traseira,Com Vítimas Feridas,Pleno dia,Decrescente,Chuva,Simples,Reta,Não,2,0,1,0,1,0,1,2,-26.47415593,-49.021211,SPRF-SC,DEL03-SC,UOP03-DEL03-SC,2020
"271853,0",2020-02-26,quarta-feira,15:45:00,SC,470,"144,7",RIO DO SUL,Falta de Atenção à Condução,Colisão traseira,Com Vítimas Feridas,Pleno dia,Crescente,Chuva,Simples,Reta,Sim,3,0,1,0,2,0,1,2,-27.235138,-49.677608,SPRF-SC,DEL04-SC,UOP02-DEL04-SC,2020
"271857,0",2020-02-26,quarta-feira,14:07:00,SC,101,"204,5",SAO JOSE,Falta de Atenção à Condução,Atropelamento de Pedestre,Com Vítimas Feridas,Pleno dia,Decrescente,Céu Claro,Múltipla,Interseção de Vias,Sim,2,0,1,0,1,0,1,2,-27.57413014,-48.61363083,SPRF-SC,DEL01-SC,UOP01-DEL01-SC,2020
"271913,0",2020-02-26,quarta-feira,20:15:00,SC,101,"202,0",SAO JOSE,Falta de Atenção à Condução,Colisão transversal,Com Vítimas Feridas,Plena Noite,Crescente,Céu Claro,Dupla,Interseção de Vias,Sim,3,0,1,0,2,0,1,2,-27.55711595,-48.61897889,SPRF-SC,DEL01-SC,UOP01-DEL01-SC,2020
"271934,0",2020-02-26,quarta-feira,21:40:00,SC,470,"43,7",GASPAR,Falta de Atenção à Condução,Colisão com objeto estático,Com Vítimas Feridas,Plena Noite,Decrescente,Nublado,Simples,Reta;Aclive;Em Obras,Não,1,0,1,0,0,0,1,1,-26.874519,-49.013454,SPRF-SC,DEL04-SC,UOP01-DEL04-SC,2020
"271940,0",2020-02-27,quinta-feira,00:18:00,SC,470,"51,7",BLUMENAU,Ingestão de Álcool,Colisão com objeto estático,Com Vítimas Feridas,Plena Noite,Decrescente,Céu Claro,Simples,Desvio Temporário,Não,1,0,1,0,0,0,1,1,-26.862339,-49.084038,SPRF-SC,DEL04-SC,UOP01-DEL04-SC,2020
"271946,0",2020-02-27,quinta-feira,01:30:00,SC,101,"340,0",TUBARAO,Falta de Atenção à Condução,Saída de leito carroçável,Com Vítimas Feridas,Plena Noite,Decrescente,Céu Claro,Dupla,Reta,Não,1,0,0,1,0,0,1,1,-28.501444,-49.04690399,SPRF-SC,DEL02-SC,UOP01-DEL02-SC,2020
"271962,0",2020-02-27,quinta-feira,07:00:00,SC,282,"15,6",PALHOCA,Desobediência às normas de trânsito pelo condutor,Colisão transversal,Com Vítimas Feridas,Pleno dia,Decrescente,Sol,Simples,Reta,Não,2,0,1,0,1,0,1,2,-27.651848,-48.676048,SPRF-SC,DEL01-SC,UOP02-DEL01-SC,2020
"271965,0",2020-02-27,quinta-feira,07:55:00,SC,101,"214,3",PALHOCA,Desobediência às normas de trânsito pelo condutor,Colisão transversal,Com Vítimas Feridas,Pleno dia,Decrescente,Céu Claro,Simples,Interseção de Vias,Sim,2,0,0,1,1,0,1,2,-27.64443,-48.67057,SPRF-SC,DEL01-SC,UOP02-DEL01-SC,2020
"272006,0",2020-02-27,quinta-feira,12:10:00,SC,101,"175,0",BIGUACU,Falta de Atenção à Condução,Colisão com objeto estático,Com Vítimas Feridas,Pleno dia,Crescente,Sol,Dupla,Reta,Não,3,0,3,0,0,0,3,1,-27.33963303,-48.62734885,SPRF-SC,DEL01-SC,UOP01-DEL01-SC,2020
"272009,0",2020-02-27,quinta-feira,12:11:00,SC,101,"243,0",PALHOCA,Falta de Atenção à Condução,Colisão com objeto estático,Com Vítimas Feridas,Pleno dia,Decrescente,Sol,Múltipla,Reta,Não,2,0,0,1,1,0,1,2,-27.88419902,-48.64750077,SPRF-SC,DEL01-SC,UOP02-DEL01-SC,2020
"272038,0",2020-02-27,quinta-feira,16:25:00,SC,470,"128,0",LONTRAS,Falta de Atenção à Condução,Colisão transversal,Com Vítimas Feridas,Pleno dia,Decrescente,Sol,Dupla,Curva,Sim,2,0,0,1,1,0,1,2,-27.143742,-49.548897,SPRF-SC,DEL04-SC,UOP02-DEL04-SC,2020
"272057,0",2020-02-27,quinta-feira,17:25:00,SC,470,"125,0",LONTRAS,Falta de Atenção à Condução,Colisão lateral,Com Vítimas Feridas,Pleno dia,Decrescente,Céu Claro,Simples,Aclive;Reta,Não,2,0,1,0,1,0,1,2,-27.120506,-49.534946,SPRF-SC,DEL04-SC,UOP02-DEL04-SC,2020
"272073,0",2020-02-27,quinta-feira,16:40:00,SC,280,"89,0",CORUPA,Condutor Dormindo,Saída de leito carroçável,Com Vítimas Feridas,Pleno dia,Decrescente,Céu Claro,Simples,Curva,Não,2,0,1,0,1,0,1,1,-26.41222834,-49.27628914,SPRF-SC,DEL06-SC,UOP03-DEL06-SC,2020
"272074,0",2020-02-27,quinta-feira,17:30:00,SC,101,"415,0",ARARANGUA,Desobediência às normas de trânsito pelo condutor,Colisão transversal,Com Vítimas Feridas,Pleno dia,Decrescente,Céu Claro,Simples,Reta,Sim,3,0,0,1,1,1,1,3,-28.96040535,-49.51653267,SPRF-SC,DEL02-SC,UOP02-DEL02-SC,2020
"272083,0",2020-02-27,quinta-feira,13:45:00,SC,280,"8,0",SAO FRANCISCO DO SUL,Falta de Atenção à Condução,Colisão transversal,Com Vítimas Feridas,Pleno dia,Crescente,Sol,Simples,Reta,Sim,2,0,1,0,1,0,1,2,-26.27588341,-48.64455342,SPRF-SC,DEL03-SC,UOP03-DEL03-SC,2020
"272097,0",2020-02-27,quinta-feira,21:45:00,SC,101,"228,9",PALHOCA,Velocidade Incompatível,Colisão traseira,Com Vítimas Feridas,Plena Noite,Crescente,Céu Claro,Dupla,Curva,Sim,2,0,0,1,0,1,1,2,-27.84293889,-48.63471922,SPRF-SC,DEL01-SC,UOP02-DEL01-SC,2020
"272099,0",2020-02-27,quinta-feira,22:30:00,SC,282,"3,0",FLORIANOPOLIS,Desobediência às normas de trânsito pelo condutor,Saída de leito carroçável,Sem Vítimas,Plena Noite,Crescente,Céu Claro,Simples,Curva,Sim,1,0,0,0,0,1,0,1,-27.600384,-48.599705,SPRF-SC,DEL01-SC,UOP01-DEL01-SC,2020
"272123,0",2020-02-24,segunda-feira,06:30:00,SC,282,"258,0",SAO JOSE DO CERRITO,Velocidade Incompatível,Colisão com objeto estático,Sem Vítimas,Amanhecer,Decrescente,Céu Claro,Simples,Curva,Não,1,0,0,0,0,1,0,1,-27.6587784,-50.5934029,SPRF-SC,DEL05-SC,UOP02-DEL05-SC,2020
"272146,0",2020-02-18,terça-feira,13:40:00,SC,282,"221,0",LAGES,Falta de Atenção à Condução,Colisão transversal,Com Vítimas Feridas,Pleno dia,Crescente,Céu Claro,Simples,Reta,Sim,4,0,2,0,2,0,2,2,-27.796358,-50.343426,SPRF-SC,DEL05-SC,UOP01-DEL05-SC,2020
"272151,0",2020-02-28,sexta-feira,08:15:00,SC,282,"211,5",LAGES,Falta de Atenção à Condução,Colisão transversal,Com Vítimas Feridas,Pleno dia,Crescente,Céu Claro,Simples,Aclive;Reta,Não,5,0,1,0,4,0,1,2,-27.78122727,-50.24760246,SPRF-SC,DEL05-SC,UOP01-DEL05-SC,2020
"272158,0",2020-02-28,sexta-feira,11:50:00,SC,101,"208,1",SAO JOSE,Falta de Atenção à Condução,Colisão transversal,Com Vítimas Feridas,Pleno dia,Decrescente,Céu Claro,Dupla,Reta,Sim,2,0,1,0,1,0,1,2,-27.60327979,-48.63201818,SPRF-SC,DEL01-SC,UOP01-DEL01-SC,2020
"272167,0",2020-02-28,sexta-feira,11:30:00,SC,101,"106,8",PENHA,Não guardar distância de segurança,Colisão traseira,Com Vítimas Feridas,Pleno dia,Decrescente,Sol,Múltipla,Curva,Sim,3,0,2,0,1,0,2,2,-26.81031601,-48.68293896,SPRF-SC,DEL03-SC,UOP02-DEL03-SC,2020
"272172,0",2020-02-28,sexta-feira,09:00:00,SC,282,"90,0",ALFREDO WAGNER,Falta de Atenção à Condução,Colisão frontal,Com Vítimas Feridas,Pleno dia,Crescente,Céu Claro,Simples,Reta,Não,2,0,1,1,0,0,2,2,-27.683796,-49.222366,SPRF-SC,DEL01-SC,UOP03-DEL01-SC,2020
"272177,0",2020-02-28,sexta-feira,12:40:00,SC,280,"46,0",GUARAMIRIM,Falta de Atenção à Condução,Colisão transversal,Com Vítimas Feridas,Pleno dia,Crescente,Sol,Simples,Aclive,Não,3,0,2,0,1,0,2,2,-26.45295055,-48.90788103,SPRF-SC,DEL03-SC,UOP03-DEL03-SC,2020
"272197,0",2020-02-28,sexta-feira,15:45:00,SC,101,"104,0",PENHA,Falta de Atenção à Condução,Colisão traseira,Com Vítimas Feridas,Pleno dia,Crescente,Sol,Dupla,Aclive,Não,2,0,1,0,1,0,1,2,-26.79281742,-48.68080819,SPRF-SC,DEL03-SC,UOP02-DEL03-SC,2020
"272221,0",2020-02-28,sexta-feira,14:29:00,SC,282,"40,4",AGUAS MORNAS,Restrição de Visibilidade,Colisão transversal,Com Vítimas Feridas,Pleno dia,Crescente,Sol,Simples,Interseção de Vias,Não,6,0,1,3,2,0,4,2,-27.716148,-48.869583,SPRF-SC,DEL01-SC,UOP03-DEL01-SC,2020
"272223,0",2020-02-28,sexta-feira,18:15:00,SC,470,"50,5",BLUMENAU,Falta de Atenção à Condução,Colisão transversal,Com Vítimas Feridas,Pleno dia,Crescente,Sol,Simples,Reta,Sim,2,0,1,0,1,0,1,2,-26.859768,-49.074493,SPRF-SC,DEL04-SC,UOP01-DEL04-SC,2020
"272224,0",2020-02-28,sexta-feira,18:00:00,SC,101,"213,8",PALHOCA,Não guardar distância de segurança,Colisão traseira,Com Vítimas Feridas,Pleno dia,Decrescente,Céu Claro,Dupla,Reta,Sim,3,0,2,0,1,0,2,2,-27.63697369,-48.66514142,SPRF-SC,DEL01-SC,UOP02-DEL01-SC,2020
"272240,0",2020-02-28,sexta-feira,16:45:00,SC,280,"25,4",ARAQUARI,Falta de Atenção à Condução,Colisão transversal,Com Vítimas Feridas,Pleno dia,Decrescente,Céu Claro,Simples,Reta,Não,2,0,1,0,1,0,1,2,-26.38352781,-48.72677516,SPRF-SC,DEL03-SC,UOP03-DEL03-SC,2020
"272243,0",2020-02-28,sexta-feira,17:50:00,SC,280,"56,4",GUARAMIRIM,Não guardar distância de segurança,Colisão lateral,Com Vítimas Feridas,Anoitecer,Crescente,Nublado,Simples,Reta,Não,2,0,1,0,1,0,1,2,-26.47947677,-49.00298702,SPRF-SC,DEL03-SC,UOP03-DEL03-SC,2020
"272254,0",2020-02-28,sexta-feira,20:45:00,SC,470,"55,9",BLUMENAU,Desobediência às normas de trânsito pelo condutor,Colisão transversal,Com Vítimas Feridas,Plena Noite,Decrescente,Céu Claro,Simples,Reta,Sim,2,0,1,0,1,0,1,2,-26.875601,-49.117992,SPRF-SC,DEL04-SC,UOP01-DEL04-SC,2020
"272256,0",2020-02-28,sexta-feira,19:50:00,SC,101,"149,8",ITAPEMA,Ingestão de Álcool,Colisão traseira,Com Vítimas Feridas,Plena Noite,Decrescente,Céu Claro,Simples,Reta,Sim,2,0,1,0,1,0,1,2,-27.1089649,-48.61277586,SPRF-SC,DEL04-SC,UOP03-DEL04-SC,2020
"272257,0",2020-02-28,sexta-feira,16:40:00,SC,282,"521,6",XAXIM,Desobediência às normas de trânsito pelo condutor,Colisão transversal,Com Vítimas Feridas,Pleno dia,Decrescente,Sol,Simples,Rotatória,Não,3,0,2,0,1,0,2,2,-26.95044113,-52.53222227,SPRF-SC,DEL07-SC,UOP01-DEL07-SC,2020
"272261,0",2020-02-28,sexta-feira,13:25:00,SC,282,"510,0",XANXERE,Falta de Atenção à Condução,Colisão lateral,Com Vítimas Feridas,Pleno dia,Crescente,Céu Claro,Simples,Reta,Não,2,0,2,0,0,0,2,2,-26.897114,-52.463585,SPRF-SC,DEL07-SC,UOP01-DEL07-SC,2020
"272266,0",2020-02-28,sexta-feira,21:55:00,SC,470,"52,8",BLUMENAU,Desobediência às normas de trânsito pelo condutor,Colisão transversal,Com Vítimas Feridas,Plena Noite,Decrescente,Céu Claro,Simples,Interseção de Vias,Não,2,0,1,0,1,0,1,2,-26.862286,-49.093903,SPRF-SC,DEL04-SC,UOP01-DEL04-SC,2020
"272271,0",2020-02-28,sexta-feira,21:55:00,SC,101,"138,3",BALNEARIO CAMBORIU,Falta de Atenção do Pedestre,Atropelamento de Pedestre,Com Vítimas Feridas,Plena Noite,Decrescente,Nublado,Dupla,Reta,Não,2,0,0,1,1,0,1,2,-27.02397426,-48.60761649,SPRF-SC,DEL04-SC,UOP03-DEL04-SC,2020
"272275,0",2020-02-28,sexta-feira,22:45:00,SC,470,"98,9",APIUNA,Ingestão de Álcool,Colisão traseira,Sem Vítimas,Plena Noite,Decrescente,Céu Claro,Simples,Reta,Não,2,0,0,0,2,0,0,2,-27.032537,-49.385468,SPRF-SC,DEL04-SC,UOP01-DEL04-SC,2020
"272285,0",2020-02-29,sábado,00:15:00,SC,470,"1,0",NAVEGANTES,Desobediência às normas de trânsito pelo condutor,Colisão transversal,Com Vítimas Fatais,Plena Noite,Crescente,Céu Claro,Dupla,Reta,Sim,2,1,0,0,1,0,0,2,-26.875383,-48.668285,SPRF-SC,DEL04-SC,UOP04-DEL04-SC,2020
"272287,0",2020-02-29,sábado,00:55:00,SC,470,"70,3",INDAIAL,Defeito Mecânico no Veículo,Tombamento,Com Vítimas Feridas,Plena Noite,Crescente,Céu Claro,Simples,Reta,Sim,1,0,1,0,0,0,1,1,-26.89098111,-49.25659245,SPRF-SC,DEL04-SC,UOP01-DEL04-SC,2020
"272288,0",2020-02-28,sexta-feira,23:10:00,SC,470,"139,8",RIO DO SUL,Falta de Atenção à Condução,Colisão lateral,Sem Vítimas,Plena Noite,Decrescente,Nublado,Simples,Reta,Não,2,0,0,0,2,0,0,2,-27.20346702,-49.63540435,SPRF-SC,DEL04-SC,UOP02-DEL04-SC,2020
"272301,0",2020-02-29,sábado,04:45:00,SC,470,"71,8",INDAIAL,Desobediência às normas de trânsito pelo condutor,Colisão traseira,Com Vítimas Feridas,Plena Noite,Crescente,Céu Claro,Simples,Interseção de Vias,Não,2,0,1,0,1,0,1,2,-26.895243,-49.262104,SPRF-SC,DEL04-SC,UOP01-DEL04-SC,2020
"272313,0",2020-02-29,sábado,06:50:00,SC,101,"335,3",TUBARAO,Velocidade Incompatível,Colisão transversal,Com Vítimas Feridas,Pleno dia,Decrescente,Céu Claro,Múltipla,Rotatória,Sim,2,0,1,0,1,0,1,2,-28.46927473,-49.01557908,SPRF-SC,DEL02-SC,UOP01-DEL02-SC,2020
"272332,0",2020-02-29,sábado,07:40:00,SC,282,"30,4",SANTO AMARO DA IMPERATRIZ,Falta de Atenção à Condução,Saída de leito carroçável,Com Vítimas Feridas,Pleno dia,Decrescente,Céu Claro,Simples,Curva,Não,1,0,1,0,0,0,1,1,-27.687376,-48.79071,SPRF-SC,DEL01-SC,UOP03-DEL01-SC,2020
"272336,0",2020-02-29,sábado,09:00:00,SC,101,"123,0",ITAJAI,Falta de Atenção à Condução,Colisão lateral,Com Vítimas Feridas,Pleno dia,Crescente,Céu Claro,Simples,Interseção de Vias,Sim,3,0,1,0,2,0,1,2,-26.93668609,-48.69876905,SPRF-SC,DEL04-SC,UOP04-DEL04-SC,2020
"272353,0",2020-02-29,sábado,11:25:00,SC,282,"18,3",PALHOCA,Desobediência às normas de trânsito pelo condutor,Colisão transversal,Sem Vítimas,Pleno dia,Crescente,Céu Claro,Simples,Reta,Sim,2,0,0,0,2,0,0,2,-27.672798,-48.694286,SPRF-SC,DEL01-SC,UOP02-DEL01-SC,2020
"272355,0",2020-02-29,sábado,11:30:00,SC,101,"134,4",BALNEARIO CAMBORIU,Não guardar distância de segurança,Colisão traseira,Com Vítimas Feridas,Pleno dia,Crescente,Céu Claro,Dupla,Reta,Sim,3,0,2,0,1,0,2,2,-27.00218,-48.636433,SPRF-SC,DEL04-SC,UOP03-DEL04-SC,2020
"272359,0",2020-02-29,sábado,10:30:00,SC,470,"168,5",POUSO REDONDO,Falta de Atenção à Condução,Colisão transversal,Com Vítimas Feridas,Pleno dia,Crescente,Céu Claro,Simples,Reta,Não,2,0,1,0,1,0,1,2,-27.266994,-49.872524,SPRF-SC,DEL04-SC,UOP02-DEL04-SC,2020
"272378,0",2020-02-29,sábado,13:15:00,SC,101,"208,4",SAO JOSE,Não guardar distância de segurança,Colisão traseira,Com Vítimas Feridas,Pleno dia,Decrescente,Céu Claro,Múltipla,Reta,Sim,3,0,1,0,2,0,1,2,-27.60327979,-48.63201818,SPRF-SC,DEL01-SC,UOP01-DEL01-SC,2020
"272389,0",2020-02-29,sábado,12:00:00,SC,282,"522,0",XAXIM,Velocidade Incompatível,Saída de leito carroçável,Com Vítimas Feridas,Pleno dia,Crescente,Céu Claro,Simples,Reta,Não,1,0,0,1,0,0,1,1,-26.956238,-52.542637,SPRF-SC,DEL07-SC,UOP01-DEL07-SC,2020
"272398,0",2020-02-25,terça-feira,23:50:00,SC,101,"207,0",SAO JOSE,Pista Escorregadia,Colisão com objeto estático,Sem Vítimas,Plena Noite,Crescente,Chuva,Múltipla,Reta,Não,1,0,0,0,1,0,0,1,-27.60001226,-48.6226467,SPRF-SC,DEL01-SC,UOP01-DEL01-SC,2020
"272402,0",2020-02-29,sábado,16:00:00,SC,101,"205,0",SAO JOSE,Ingestão de Álcool,Colisão lateral,Com Vítimas Feridas,Pleno dia,Decrescente,Céu Claro,Dupla,Reta,Sim,2,0,1,0,1,0,1,2,-27.58313237,-48.61532885,SPRF-SC,DEL01-SC,UOP01-DEL01-SC,2020
"272415,0",2020-02-29,sábado,14:20:00,SC,280,"30,1",ARAQUARI,Falta de Atenção à Condução,Colisão lateral,Com Vítimas Fatais,Pleno dia,Crescente,Sol,Simples,Reta,Não,3,1,0,1,1,0,1,3,-26.4141523,-48.76209493,SPRF-SC,DEL03-SC,UOP03-DEL03-SC,2020
"272433,0",2020-02-29,sábado,19:00:00,SC,101,"196,7",BIGUACU,Ingestão de Álcool,Tombamento,Com Vítimas Feridas,Plena Noite,Crescente,Céu Claro,Múltipla,Aclive;Curva,Sim,1,0,1,0,0,0,1,1,-27.51584579,-48.63957524,SPRF-SC,DEL01-SC,UOP01-DEL01-SC,2020
"272445,0",2020-02-29,sábado,18:45:00,SC,282,"32,7",SANTO AMARO DA IMPERATRIZ,Ingestão de Álcool,Colisão transversal,Com Vítimas Feridas,Plena Noite,Decrescente,Céu Claro,Simples,Rotatória,Não,3,0,1,0,2,0,1,2,-27.70431359,-48.80487442,SPRF-SC,DEL01-SC,UOP03-DEL01-SC,2020
"272450,0",2020-02-29,sábado,19:19:00,SC,470,"134,0",RIO DO SUL,Restrição de Visibilidade,Capotamento,Com Vítimas Feridas,Plena Noite,Crescente,Chuva,Simples,Rotatória,Sim,1,0,1,0,0,0,1,1,-27.181854,-49.600128,SPRF-SC,DEL04-SC,UOP02-DEL04-SC,2020
"272473,0",2020-02-29,sábado,19:30:00,SC,101,"282,5",IMBITUBA,Falta de Atenção à Condução,Colisão transversal,Com Vítimas Feridas,Plena Noite,Decrescente,Céu Claro,Simples,Retorno Regulamentado;Viaduto,Sim,2,0,1,0,1,0,1,2,-28.19626005,-48.69739859,SPRF-SC,DEL02-SC,UOP03-DEL02-SC,2020
"272485,0",2020-02-29,sábado,19:55:00,SC,280,"48,5",GUARAMIRIM,Ingestão de Álcool,Colisão frontal,Com Vítimas Feridas,Plena Noite,Crescente,Céu Claro,Simples,Aclive,Sim,4,0,0,4,0,0,4,2,-26.45506795,-48.92766502,SPRF-SC,DEL03-SC,UOP03-DEL03-SC,2020
"272506,0",2020-03-01,domingo,02:30:00,SC,116,"211,0",PONTE ALTA,Velocidade Incompatível,Tombamento,Com Vítimas Feridas,Plena Noite,Decrescente,Nublado,Simples,Reta,Não,1,0,1,0,0,0,1,1,-27.51040007,-50.36397936,SPRF-SC,DEL05-SC,UOP03-DEL05-SC,2020
"272528,0",2020-03-01,domingo,06:35:00,SC,101,"208,0",SAO JOSE,Ingestão de Álcool,Colisão com objeto estático,Sem Vítimas,Pleno dia,Decrescente,Céu Claro,Dupla,Reta,Sim,1,0,0,0,1,0,0,1,-27.60327979,-48.63201818,SPRF-SC,DEL01-SC,UOP01-DEL01-SC,2020
"272538,0",2020-02-10,segunda-feira,13:50:00,SC,101,"53,6",JOINVILLE,Falta de Atenção à Condução,Capotamento,Com Vítimas Feridas,Pleno dia,Decrescente,Chuva,Simples,Curva,Não,1,0,1,0,0,0,1,1,-26.40231201,-48.83969703,SPRF-SC,DEL03-SC,UOP01-DEL03-SC,2020
"272560,0",2020-03-01,domingo,10:20:00,SC,470,"60,9",BLUMENAU,Ultrapassagem Indevida,Colisão lateral,Com Vítimas Feridas,Pleno dia,Crescente,Céu Claro,Simples,Reta,Não,2,0,1,0,1,0,1,2,-26.88138,-49.164543,SPRF-SC,DEL04-SC,UOP01-DEL04-SC,2020
"272561,0",2020-03-01,domingo,09:25:00,SC,101,"79,0",ARAQUARI,Ingestão de Álcool,Colisão transversal,Sem Vítimas,Pleno dia,Decrescente,Céu Claro,Dupla,Reta,Não,2,0,0,0,2,0,0,2,-26.58559601,-48.72192112,SPRF-SC,DEL03-SC,UOP02-DEL03-SC,2020
"272574,0",2020-03-01,domingo,12:00:00,SC,470,"50,0",BLUMENAU,Falta de Atenção à Condução,Colisão frontal,Com Vítimas Feridas,Pleno dia,Crescente,Céu Claro,Simples,Curva,Não,3,0,1,1,1,0,2,2,-26.859768,-49.074493,SPRF-SC,DEL04-SC,UOP01-DEL04-SC,2020
"272577,0",2020-03-01,domingo,12:30:00,SC,101,"226,0",PALHOCA,Defeito Mecânico no Veículo,Queda de ocupante de veículo,Com Vítimas Feridas,Pleno dia,Decrescente,Céu Claro,Múltipla,Reta,Não,2,0,2,0,0,0,2,1,-27.74200001,-48.63806504,SPRF-SC,DEL01-SC,UOP02-DEL01-SC,2020
"272587,0",2020-03-01,domingo,12:00:00,SC,470,"147,0",LAURENTINO,Desobediência às normas de trânsito pelo condutor,Colisão transversal,Com Vítimas Feridas,Pleno dia,Crescente,Sol,Simples,Reta,Sim,4,0,3,0,1,0,3,2,-27.243439,-49.690025,SPRF-SC,DEL04-SC,UOP02-DEL04-SC,2020
"272597,0",2020-03-01,domingo,14:10:00,SC,101,"378,3",ICARA,Falta de Atenção à Condução,Colisão frontal,Com Vítimas Feridas,Pleno dia,Decrescente,Céu Claro,Dupla,Retorno Regulamentado,Não,3,0,2,0,1,0,2,2,-28.7517452,-49.27030206,SPRF-SC,DEL02-SC,UOP01-DEL02-SC,2020
"272599,0",2020-03-01,domingo,15:00:00,SC,101,"128,0",CAMBORIU,Defeito Mecânico no Veículo,Tombamento,Com Vítimas Feridas,Pleno dia,Crescente,Sol,Dupla,Reta,Não,2,0,2,0,0,0,2,1,-26.97284292,-48.68299451,SPRF-SC,DEL04-SC,UOP03-DEL04-SC,2020
"272600,0",2020-03-01,domingo,14:00:00,SC,101,"256,0",PAULO LOPES,Falta de Atenção à Condução,Saída de leito carroçável,Sem Vítimas,Pleno dia,Crescente,Céu Claro,Dupla,Curva,Não,1,0,0,0,1,0,0,1,-27.99084416,-48.68056684,SPRF-SC,DEL02-SC,UOP03-DEL02-SC,2020
"272604,0",2020-03-01,domingo,13:35:00,SC,101,"64,4",ARAQUARI,Não guardar distância de segurança,Colisão traseira,Com Vítimas Feridas,Pleno dia,Decrescente,Céu Claro,Simples,Reta,Não,4,0,1,0,1,2,1,3,-26.46433196,-48.75063097,SPRF-SC,DEL03-SC,UOP02-DEL03-SC,2020
"272612,0",2020-03-01,domingo,16:00:00,SC,101,"79,8",BARRA VELHA,Falta de Atenção à Condução,Colisão traseira,Sem Vítimas,Pleno dia,Decrescente,Céu Claro,Dupla,Reta,Não,2,0,0,0,2,0,0,2,-26.59613509,-48.72279882,SPRF-SC,DEL03-SC,UOP02-DEL03-SC,2020
"272637,0",2020-03-01,domingo,17:30:00,SC,101,"139,0",BALNEARIO CAMBORIU,Falta de Atenção à Condução,Colisão traseira,Com Vítimas Feridas,Pleno dia,Decrescente,Sol,Dupla,Reta,Não,2,0,1,0,1,0,1,2,-27.02982303,-48.60115006,SPRF-SC,DEL04-SC,UOP03-DEL04-SC,2020
"272664,0",2020-03-01,domingo,18:30:00,SC,280,"254,7",CANOINHAS,Falta de Atenção à Condução,Saída de leito carroçável,Com Vítimas Feridas,Pleno dia,Crescente,Céu Claro,Simples,Reta,Não,2,0,2,0,0,0,2,1,-26.264107,-50.707958,SPRF-SC,DEL06-SC,UOP04-DEL06-SC,2020
"272666,0",2020-03-01,domingo,19:00:00,SC,280,"54,2",GUARAMIRIM,Não guardar distância de segurança,Colisão traseira,Com Vítimas Feridas,Anoitecer,Crescente,Nublado,Simples,Reta,Sim,2,0,1,0,1,0,1,2,-26.47539893,-48.983748,SPRF-SC,DEL03-SC,UOP03-DEL03-SC,2020
"272668,0",2020-03-01,domingo,19:45:00,SC,101,"37,9",JOINVILLE,Falta de Atenção à Condução,Tombamento,Com Vítimas Feridas,Plena Noite,Decrescente,Nublado,Dupla,Reta,Sim,2,0,1,0,0,1,1,2,-26.25050176,-48.90863867,SPRF-SC,DEL03-SC,UOP01-DEL03-SC,2020
"272672,0",2020-03-01,domingo,20:05:00,SC,101,"206,0",SAO JOSE,Falta de Atenção à Condução,Colisão lateral,Com Vítimas Feridas,Plena Noite,Crescente,Céu Claro,Dupla,Reta,Sim,2,0,1,0,1,0,1,1,-27.59193546,-48.61824557,SPRF-SC,DEL01-SC,UOP01-DEL01-SC,2020
"272680,0",2020-03-01,domingo,19:55:00,SC,101,"329,5",TUBARAO,Defeito Mecânico no Veículo,Tombamento,Com Vítimas Feridas,Plena Noite,Crescente,Nublado,Dupla,Reta,Não,2,0,1,1,0,0,2,1,-28.44404822,-48.96611372,SPRF-SC,DEL02-SC,UOP01-DEL02-SC,2020
"272691,0",2020-03-01,domingo,20:50:00,SC,101,"445,0",SANTA ROSA DO SUL,Falta de Atenção à Condução,Saída de leito carroçável,Com Vítimas Feridas,Plena Noite,Decrescente,Ignorado,Simples,Interseção de Vias,Sim,2,0,1,0,1,0,1,2,-29.13876138,-49.71567783,SPRF-SC,DEL02-SC,UOP02-DEL02-SC,2020
"272705,0",2020-03-01,domingo,20:20:00,SC,470,"123,0",LONTRAS,Animais na Pista,Atropelamento de Animal,Sem Vítimas,Plena Noite,Crescente,Céu Claro,Simples,Reta,Não,1,0,0,0,1,0,0,1,-27.106783,-49.522049,SPRF-SC,DEL04-SC,UOP02-DEL04-SC,2020
"272714,0",2020-03-01,domingo,21:45:00,SC,101,"120,8",ITAJAI,Falta de Atenção à Condução,Saída de leito carroçável,Com Vítimas Feridas,Plena Noite,Crescente,Nublado,Dupla,Interseção de Vias;Reta,Sim,1,0,0,1,0,0,1,1,-26.91927659,-48.70962381,SPRF-SC,DEL04-SC,UOP04-DEL04-SC,2020
"272719,0",2020-03-01,domingo,21:40:00,SC,101,"434,0",SOMBRIO,Restrição de Visibilidade,Colisão traseira,Com Vítimas Feridas,Plena Noite,Decrescente,Chuva,Dupla,Aclive,Sim,2,0,1,0,1,0,1,2,-29.09617274,-49.63356681,SPRF-SC,DEL02-SC,UOP02-DEL02-SC,2020