id,data_inversa,dia_semana,horario,uf,br,km,municipio,causa_acidente,tipo_acidente,classificacao_acidente,fase_dia,sentido_via,condicao_metereologica,tipo_pista,tracado_via,uso_solo,pessoas,mortos,feridos_leves,feridos_graves,ilesos,ignorados,feridos,veiculos,latitude,longitude,regional,delegacia,uop,ano_arquivo
"272728,0",2020-03-01,domingo,21:05:00,SC,101,"362,9",SANGAO,Falta de Atenção à Condução,Colisão traseira,Com Vítimas Feridas,Plena Noite,Crescente,Chuva,Dupla,Declive;Reta,Não,5,0,3,0,2,0,3,2,-28.67136197,-49.12225505,SPRF-SC,DEL02-SC,UOP01-DEL02-SC,2020
"272745,0",2020-03-02,segunda-feira,03:20:00,SC,116,"188,3",SAO CRISTOVAO DO SUL,Condutor Dormindo,Saída de leito carroçável,Com Vítimas Feridas,Plena Noite,Crescente,Céu Claro,Simples,Reta,Não,1,0,1,0,0,0,1,1,-27.32965789,-50.42513021,SPRF-SC,DEL05-SC,UOP03-DEL05-SC,2020
"272767,0",2020-03-02,segunda-feira,06:55:00,SC,101,"215,3",PALHOCA,Desobediência às normas de trânsito pelo condutor,Colisão traseira,Com Vítimas Feridas,Pleno dia,Decrescente,Sol,Dupla,Curva,Sim,2,0,1,0,1,0,1,2,-27.65184843,-48.67604941,SPRF-SC,DEL01-SC,UOP02-DEL01-SC,2020
"272773,0",2020-03-02,segunda-feira,07:15:00,SC,101,"209,0",SAO JOSE,Falta de Atenção à Condução,Colisão traseira,Com Vítimas Feridas,Pleno dia,Decrescente,Céu Claro,Múltipla,Reta,Não,3,0,1,1,1,0,2,3,-27.61000542,-48.63895057,SPRF-SC,DEL01-SC,UOP01-DEL01-SC,2020
"272774,0",2020-03-02,segunda-feira,07:35:00,SC,101,"136,0",BALNEARIO CAMBORIU,Velocidade Incompatível,Colisão traseira,Com Vítimas Feridas,Pleno dia,Decrescente,Nublado,Dupla,Reta,Sim,2,0,1,0,1,0,1,2,-27.008113,-48.617245,SPRF-SC,DEL04-SC,UOP03-DEL04-SC,2020
"272780,0",2020-03-02,segunda-feira,07:35:00,SC,101,"42,0",JOINVILLE,Falta de Atenção à Condução,Colisão lateral,Com Vítimas Feridas,Pleno dia,Crescente,Nublado,Dupla,Reta,Sim,2,0,1,0,1,0,1,2,-26.32496038,-48.86650085,SPRF-SC,DEL03-SC,UOP01-DEL03-SC,2020
"272783,0",2020-03-02,segunda-feira,08:05:00,SC,101,"216,0",PALHOCA,Desobediência às normas de trânsito pelo condutor,Colisão lateral,Com Vítimas Feridas,Pleno dia,Decrescente,Sol,Dupla,Reta,Sim,2,0,1,0,1,0,1,2,-27.65981409,-48.67747798,SPRF-SC,DEL01-SC,UOP02-DEL01-SC,2020
"272784,0",2020-03-02,segunda-feira,08:00:00,SC,101,"116,0",ITAJAI,Falta de Atenção à Condução,Colisão traseira,Com Vítimas Feridas,Pleno dia,Crescente,Nublado,Dupla,Reta,Não,2,0,0,1,1,0,1,2,-26.87905605,-48.72603512,SPRF-SC,DEL04-SC,UOP04-DEL04-SC,2020
"272791,0",2020-03-02,segunda-feira,08:40:00,SC,101,"142,0",ITAPEMA,Falta de Atenção à Condução,Colisão traseira,Com Vítimas Feridas,Pleno dia,Crescente,Chuva,Dupla,Aclive,Não,2,0,1,0,1,0,1,2,-27.056089,-48.599449,SPRF-SC,DEL04-SC,UOP03-DEL04-SC,2020
"272813,0",2020-03-02,segunda-feira,11:40:00,SC,101,"202,0",SAO JOSE,Falta de Atenção à Condução,Colisão lateral,Com Vítimas Feridas,Pleno dia,Crescente,Garoa/Chuvisco,Múltipla,Reta,Sim,2,0,1,0,1,0,1,2,-27.55711595,-48.61897889,SPRF-SC,DEL01-SC,UOP01-DEL01-SC,2020
"272828,0",2020-03-02,segunda-feira,12:40:00,SC,101,"206,0",SAO JOSE,Velocidade Incompatível,Tombamento,Com Vítimas Feridas,Pleno dia,Crescente,Garoa/Chuvisco,Múltipla,Reta,Sim,1,0,1,0,0,0,1,1,-27.58313237,-48.61532885,SPRF-SC,DEL01-SC,UOP01-DEL01-SC,2020
"272829,0",2020-01-19,domingo,19:00:00,SC,470,"54,4",BLUMENAU,Falta de Atenção à Condução,Colisão transversal,Com Vítimas Feridas,Anoitecer,Crescente,Céu Claro,Simples,Interseção de Vias,Sim,3,0,2,0,1,0,2,2,-26.8732637,-49.11425482,SPRF-SC,DEL04-SC,UOP01-DEL04-SC,2020
"272833,0",2020-03-02,segunda-feira,12:50:00,SC,101,"1,0",FLORIANOPOLIS,Desobediência às normas de trânsito pelo condutor,Colisão traseira,Com Vítimas Feridas,Pleno dia,Decrescente,Chuva,Dupla,Reta,Não,2,0,1,0,1,0,1,2,-27.59952023,-48.57548118,SPRF-SC,DEL03-SC,UOP01-DEL03-SC,2020
"272868,0",2020-03-02,segunda-feira,15:35:00,SC,101,"144,0",ITAPEMA,Falta de Atenção à Condução,Engavetamento,Com Vítimas Feridas,Pleno dia,Decrescente,Nublado,Dupla,Reta,Não,5,0,3,0,2,0,3,3,-27.0732659,-48.59672716,SPRF-SC,DEL04-SC,UOP03-DEL04-SC,2020
"272885,0",2020-03-02,segunda-feira,14:55:00,SC,282,"522,1",XAXIM,Falta de Atenção do Pedestre,Atropelamento de Pedestre,Com Vítimas Feridas,Pleno dia,Decrescente,Céu Claro,Simples,Curva,Sim,2,0,0,1,1,0,1,2,-26.956238,-52.542637,SPRF-SC,DEL07-SC,UOP01-DEL07-SC,2020
"272898,0",2020-03-02,segunda-feira,18:00:00,SC,101,"42,7",JOINVILLE,Falta de Atenção à Condução,Saída de leito carroçável,Com Vítimas Feridas,Anoitecer,Decrescente,Nublado,Dupla,Curva,Sim,1,0,1,0,0,0,1,1,-26.29251598,-48.88474385,SPRF-SC,DEL03-SC,UOP01-DEL03-SC,2020
"272899,0",2020-03-02,segunda-feira,18:55:00,SC,282,"0,0",FLORIANOPOLIS,Falta de Atenção à Condução,Colisão lateral,Com Vítimas Feridas,Plena Noite,Decrescente,Nublado,Dupla,Curva,Não,2,0,1,0,1,0,1,2,-27.59845,-48.571995,SPRF-SC,DEL01-SC,UOP01-DEL01-SC,2020
"272913,0",2020-03-02,segunda-feira,19:40:00,SC,101,"207,3",SAO JOSE,Falta de Atenção à Condução,Colisão lateral,Com Vítimas Feridas,Plena Noite,Crescente,Garoa/Chuvisco,Dupla,Reta,Não,1,0,1,0,0,0,1,1,-27.60001226,-48.6226467,SPRF-SC,DEL01-SC,UOP01-DEL01-SC,2020
"272919,0",2020-03-02,segunda-feira,21:15:00,SC,470,"66,4",INDAIAL,Ingestão de Álcool,Capotamento,Com Vítimas Feridas,Plena Noite,Decrescente,Nublado,Simples,Rotatória;Em Obras,Sim,1,0,0,1,0,0,1,1,-26.87020552,-49.22716325,SPRF-SC,DEL04-SC,UOP01-DEL04-SC,2020
"272931,0",2020-03-02,segunda-feira,21:40:00,SC,101,"368,3",ICARA,Ingestão de Álcool,Colisão traseira,Com Vítimas Feridas,Plena Noite,Decrescente,Céu Claro,Dupla,Reta;Viaduto,Não,2,0,1,0,0,1,1,2,-28.69902011,-49.18982506,SPRF-SC,DEL02-SC,UOP01-DEL02-SC,2020
"272939,0",2020-03-02,segunda-feira,22:45:00,SC,101,"145,0",ITAPEMA,Falta de Atenção à Condução,Colisão lateral,Com Vítimas Feridas,Plena Noite,Decrescente,Chuva,Dupla,Aclive,Não,1,0,1,0,0,0,1,1,-27.08139206,-48.60130993,SPRF-SC,DEL04-SC,UOP03-DEL04-SC,2020
"272955,0",2020-03-03,terça-feira,01:00:00,SC,101,"48,0",JOINVILLE,Falta de Atenção à Condução,Saída de leito carroçável,Sem Vítimas,Plena Noite,Crescente,Chuva,Dupla,Curva,Não,1,0,0,0,0,1,0,1,-26.35345909,-48.85867862,SPRF-SC,DEL03-SC,UOP01-DEL03-SC,2020
"272981,0",2020-03-03,terça-feira,07:25:00,SC,163,"67,5",SAO MIGUEL DO OESTE,Falta de Atenção à Condução,Colisão traseira,Com Vítimas Feridas,Pleno dia,Crescente,Céu Claro,Simples,Reta,Sim,2,0,0,1,1,0,1,2,-26.759436,-53.50055292,SPRF-SC,DEL07-SC,UOP03-DEL07-SC,2020
"272983,0",2020-03-03,terça-feira,07:20:00,SC,163,"66,9",SAO MIGUEL DO OESTE,Desobediência às normas de trânsito pelo condutor,Colisão transversal,Com Vítimas Feridas,Pleno dia,Crescente,Céu Claro,Dupla,Retorno Regulamentado;Reta;Aclive,Sim,3,0,0,2,1,0,2,2,-26.759436,-53.50055292,SPRF-SC,DEL07-SC,UOP03-DEL07-SC,2020
"272985,0",2020-03-03,terça-feira,08:20:00,SC,280,"54,2",GUARAMIRIM,Falta de Atenção à Condução,Colisão transversal,Com Vítimas Feridas,Pleno dia,Crescente,Chuva,Simples,Reta,Sim,3,0,0,2,1,0,2,2,-26.47539893,-48.983748,SPRF-SC,DEL03-SC,UOP03-DEL03-SC,2020
"273010,0",2020-03-03,terça-feira,08:00:00,SC,282,"72,1",RANCHO QUEIMADO,Velocidade Incompatível,Colisão frontal,Com Vítimas Feridas,Pleno dia,Decrescente,Nublado,Simples,Curva,Não,2,0,1,0,1,0,1,2,-27.683439,-49.105259,SPRF-SC,DEL01-SC,UOP03-DEL01-SC,2020
"273025,0",2020-03-03,terça-feira,11:50:00,SC,101,"44,0",JOINVILLE,Velocidade Incompatível,Colisão com objeto estático,Sem Vítimas,Pleno dia,Decrescente,Chuva,Dupla,Curva,Sim,1,0,0,0,1,0,0,1,-26.31238996,-48.87458997,SPRF-SC,DEL03-SC,UOP01-DEL03-SC,2020
"273032,0",2020-03-03,terça-feira,13:00:00,SC,101,"117,0",ITAJAI,Desobediência às normas de trânsito pelo condutor,Colisão transversal,Com Vítimas Feridas,Pleno dia,Crescente,Garoa/Chuvisco,Simples,Interseção de Vias,Sim,2,0,2,0,0,0,2,2,-26.89011469,-48.72247696,SPRF-SC,DEL04-SC,UOP04-DEL04-SC,2020
"273033,0",2020-03-03,terça-feira,12:45:00,SC,101,"38,8",JOINVILLE,Falta de Atenção à Condução,Tombamento,Com Vítimas Feridas,Pleno dia,Crescente,Chuva,Dupla,Interseção de Vias;Reta,Sim,1,0,1,0,0,0,1,1,-26.30028263,-48.88375282,SPRF-SC,DEL03-SC,UOP01-DEL03-SC,2020
"273035,0",2020-03-03,terça-feira,12:20:00,SC,101,"123,0",ITAJAI,Defeito Mecânico no Veículo,Colisão lateral,Com Vítimas Feridas,Pleno dia,Decrescente,Céu Claro,Dupla,Reta,Não,2,0,1,0,1,0,1,2,-26.93668609,-48.69876905,SPRF-SC,DEL04-SC,UOP04-DEL04-SC,2020
"273050,0",2020-03-03,terça-feira,14:30:00,SC,280,"124,7",RIO NEGRINHO,Desobediência às normas de trânsito pelo condutor,Tombamento,Com Vítimas Feridas,Pleno dia,Decrescente,Chuva,Simples,Reta,Sim,2,0,1,0,1,0,1,2,-26.24130297,-49.47514499,SPRF-SC,DEL06-SC,UOP03-DEL06-SC,2020
"273051,0",2020-03-03,terça-feira,12:50:00,SC,280,"7,2",SAO FRANCISCO DO SUL,Falta de Atenção à Condução,Colisão transversal,Com Vítimas Feridas,Pleno dia,Crescente,Céu Claro,Simples,Reta,Sim,2,0,1,0,1,0,1,2,-26.27127101,-48.64129599,SPRF-SC,DEL03-SC,UOP03-DEL03-SC,2020
"273072,0",2020-03-03,terça-feira,14:17:00,SC,101,"330,5",TUBARAO,Avarias e/ou desgaste excessivo no pneu,Tombamento,Com Vítimas Feridas,Pleno dia,Decrescente,Nublado,Múltipla,Reta,Sim,1,0,1,0,0,0,1,1,-28.45115639,-48.97286879,SPRF-SC,DEL02-SC,UOP01-DEL02-SC,2020
"273094,0",2020-03-03,terça-feira,18:50:00,SC,101,"207,0",SAO JOSE,Desobediência às normas de trânsito pelo condutor,Colisão frontal,Com Vítimas Feridas,Plena Noite,Crescente,Nublado,Dupla,Reta,Sim,3,0,0,2,1,0,2,2,-27.60001226,-48.6226467,SPRF-SC,DEL01-SC,UOP01-DEL01-SC,2020
"273100,0",2020-03-03,terça-feira,19:20:00,SC,282,"4,7",FLORIANOPOLIS,Não guardar distância de segurança,Colisão traseira,Com Vítimas Feridas,Plena Noite,Crescente,Nublado,Dupla,Declive,Sim,2,0,1,0,1,0,1,2,-27.592646,-48.604034,SPRF-SC,DEL01-SC,UOP01-DEL01-SC,2020
"273159,0",2020-03-04,quarta-feira,07:50:00,SC,101,"203,3",SAO JOSE,Falta de Atenção à Condução,Colisão traseira,Com Vítimas Feridas,Pleno dia,Crescente,Céu Claro,Dupla,Reta,Sim,2,0,1,0,1,0,1,2,-27.56685978,-48.61414254,SPRF-SC,DEL01-SC,UOP01-DEL01-SC,2020
"273160,0",2020-03-04,quarta-feira,08:00:00,SC,101,"216,0",PALHOCA,Falta de Atenção à Condução,Colisão traseira,Com Vítimas Feridas,Pleno dia,Decrescente,Céu Claro,Simples,Reta,Sim,2,0,2,0,0,0,2,2,-27.65981409,-48.67747798,SPRF-SC,DEL01-SC,UOP02-DEL01-SC,2020
"273165,0",2020-03-04,quarta-feira,07:50:00,SC,282,"34,5",AGUAS MORNAS,Falta de Atenção à Condução,Colisão transversal,Com Vítimas Feridas,Pleno dia,Decrescente,Céu Claro,Simples,Reta,Não,2,0,0,1,1,0,1,2,-27.704247,-48.817547,SPRF-SC,DEL01-SC,UOP03-DEL01-SC,2020
"273180,0",2020-03-04,quarta-feira,09:00:00,SC,470,"4,0",NAVEGANTES,Desobediência às normas de trânsito pelo condutor,Colisão transversal,Com Vítimas Feridas,Pleno dia,Decrescente,Céu Claro,Simples,Reta,Não,2,0,1,0,1,0,1,2,-26.858473,-48.690788,SPRF-SC,DEL04-SC,UOP04-DEL04-SC,2020
"273203,0",2020-03-04,quarta-feira,12:30:00,SC,101,"194,0",BIGUACU,Defeito Mecânico no Veículo,Incêndio,Sem Vítimas,Pleno dia,Decrescente,Céu Claro,Dupla,Reta,Não,1,0,0,0,1,0,0,1,-27.49815117,-48.65661236,SPRF-SC,DEL01-SC,UOP01-DEL01-SC,2020
"273210,0",2020-03-04,quarta-feira,13:30:00,SC,282,"17,0",PALHOCA,Falta de Atenção à Condução,Colisão transversal,Com Vítimas Feridas,Pleno dia,Crescente,Céu Claro,Simples,Interseção de Vias,Não,2,0,1,0,1,0,1,2,-27.665707,-48.688065,SPRF-SC,DEL01-SC,UOP02-DEL01-SC,2020
"273222,0",2020-03-04,quarta-feira,14:45:00,SC,282,"515,0",XANXERE,Não guardar distância de segurança,Colisão traseira,Sem Vítimas,Pleno dia,Crescente,Céu Claro,Simples,Reta,Não,2,0,0,0,2,0,0,2,-26.9146464,-52.47885704,SPRF-SC,DEL07-SC,UOP01-DEL07-SC,2020
"273223,0",2020-03-04,quarta-feira,12:50:00,SC,282,"507,1",XANXERE,Não guardar distância de segurança,Tombamento,Com Vítimas Feridas,Pleno dia,Crescente,Céu Claro,Múltipla,Rotatória,Sim,1,0,1,0,0,0,1,1,-26.886171,-52.43911,SPRF-SC,DEL07-SC,UOP01-DEL07-SC,2020
"273228,0",2020-03-04,quarta-feira,15:30:00,SC,470,"56,3",BLUMENAU,Desobediência às normas de trânsito pelo condutor,Colisão transversal,Com Vítimas Feridas,Pleno dia,Crescente,Céu Claro,Simples,Reta,Sim,3,0,2,0,1,0,2,2,-26.87674,-49.127743,SPRF-SC,DEL04-SC,UOP01-DEL04-SC,2020
"273263,0",2020-03-04,quarta-feira,13:15:00,SC,280,"115,1",SAO BENTO DO SUL,Ingestão de Álcool,Saída de leito carroçável,Com Vítimas Feridas,Pleno dia,Decrescente,Céu Claro,Simples,Declive;Curva,Não,1,0,1,0,0,0,1,1,-26.284761,-49.408313,SPRF-SC,DEL06-SC,UOP03-DEL06-SC,2020
"273295,0",2020-03-04,quarta-feira,22:45:00,SC,280,"292,8",PORTO UNIAO,Falta de Atenção à Condução,Saída de leito carroçável,Com Vítimas Feridas,Plena Noite,Decrescente,Céu Claro,Simples,Aclive,Não,1,0,1,0,0,0,1,1,-26.29652221,-50.94542396,SPRF-SC,DEL06-SC,UOP04-DEL06-SC,2020
"273304,0",2020-03-05,quinta-feira,03:00:00,SC,101,"155,0",PORTO BELO,Falta de Atenção à Condução,Saída de leito carroçável,Sem Vítimas,Plena Noite,Decrescente,Céu Claro,Dupla,Reta,Não,1,0,0,0,1,0,0,1,-27.16292,-48.61129,SPRF-SC,DEL04-SC,UOP03-DEL04-SC,2020
"273310,0",2020-03-04,quarta-feira,18:33:00,SC,101,"38,9",JOINVILLE,Desobediência às normas de trânsito pelo pedestre,Atropelamento de Pedestre,Com Vítimas Feridas,Plena Noite,Crescente,Céu Claro,Simples,Interseção de Vias,Sim,2,0,1,0,1,0,1,2,-26.25472505,-48.90561309,SPRF-SC,DEL03-SC,UOP01-DEL03-SC,2020
"273316,0",2020-03-05,quinta-feira,05:20:00,SC,470,"51,1",BLUMENAU,Velocidade Incompatível,Tombamento,Com Vítimas Feridas,Plena Noite,Decrescente,Nublado,Simples,Rotatória,Sim,1,0,1,0,0,0,1,1,-26.862339,-49.084038,SPRF-SC,DEL04-SC,UOP01-DEL04-SC,2020
"273317,0",2020-03-04,quarta-feira,18:39:00,SC,101,"43,0",JOINVILLE,Desobediência às normas de trânsito pelo condutor,Colisão transversal,Com Vítimas Feridas,Plena Noite,Crescente,Céu Claro,Simples,Interseção de Vias,Sim,2,0,1,0,1,0,1,2,-26.30357106,-48.88225609,SPRF-SC,DEL03-SC,UOP01-DEL03-SC,2020
"273319,0",2020-03-05,quinta-feira,06:30:00,SC,470,"9,0",NAVEGANTES,Desobediência às normas de trânsito pelo condutor,Colisão frontal,Com Vítimas Feridas,Pleno dia,Crescente,Sol,Simples,Reta,Não,2,0,0,1,1,0,1,2,-26.833143,-48.727432,SPRF-SC,DEL04-SC,UOP04-DEL04-SC,2020
"273323,0",2020-03-04,quarta-feira,11:15:00,SC,101,"144,0",ITAPEMA,Falta de Atenção à Condução,Tombamento,Com Vítimas Feridas,Pleno dia,Crescente,Céu Claro,Dupla,Reta,Sim,1,0,1,0,0,0,1,1,-27.0732659,-48.59672716,SPRF-SC,DEL04-SC,UOP03-DEL04-SC,2020
"273332,0",2020-03-05,quinta-feira,07:20:00,SC,470,"135,5",RIO DO SUL,Falta de Atenção à Condução,Colisão transversal,Com Vítimas Feridas,Pleno dia,Crescente,Céu Claro,Simples,Interseção de Vias,Não,2,0,1,0,1,0,1,2,-27.188492,-49.61232,SPRF-SC,DEL04-SC,UOP02-DEL04-SC,2020
"273369,0",2020-02-26,quarta-feira,07:20:00,SC,470,"169,2",POUSO REDONDO,Ultrapassagem Indevida,Colisão lateral,Com Vítimas Feridas,Pleno dia,Decrescente,Chuva,Simples,Reta,Não,3,0,2,0,1,0,2,2,-27.265471,-49.882442,SPRF-SC,DEL04-SC,UOP02-DEL04-SC,2020
"273431,0",2020-03-05,quinta-feira,17:30:00,SC,116,"220,5",CORREIA PINTO,Falta de Atenção à Condução,Atropelamento de Pedestre,Com Vítimas Feridas,Pleno dia,Decrescente,Céu Claro,Simples,Reta;Rotatória,Sim,2,0,1,0,1,0,1,2,-27.57771319,-50.36993036,SPRF-SC,DEL05-SC,UOP03-DEL05-SC,2020
"273461,0",2020-03-05,quinta-feira,21:55:00,SC,101,"78,2",ARAQUARI,Objeto estático sobre o leito carroçável,Colisão com objeto estático,Com Vítimas Feridas,Plena Noite,Decrescente,Céu Claro,Dupla,Reta,Não,2,0,2,0,0,0,2,1,-26.57672096,-48.72270551,SPRF-SC,DEL03-SC,UOP02-DEL03-SC,2020
"273486,0",2020-03-06,sexta-feira,02:50:00,SC,101,"433,6",SOMBRIO,Ingestão de Álcool,Colisão com objeto estático,Sem Vítimas,Plena Noite,Decrescente,Céu Claro,Dupla,Reta,Sim,1,0,0,0,1,0,0,1,-29.08200809,-49.6297237,SPRF-SC,DEL02-SC,UOP02-DEL02-SC,2020
"273490,0",2020-03-06,sexta-feira,03:50:00,SC,282,"166,0",BOCAINA DO SUL,Condutor Dormindo,Saída de leito carroçável,Com Vítimas Feridas,Plena Noite,Crescente,Nevoeiro/Neblina,Simples,Reta,Não,1,0,1,0,0,0,1,1,-27.744968,-49.8083,SPRF-SC,DEL05-SC,UOP01-DEL05-SC,2020
"273493,0",2020-03-06,sexta-feira,05:10:00,SC,470,"61,1",INDAIAL,Ingestão de Álcool,Colisão frontal,Sem Vítimas,Plena Noite,Decrescente,Céu Claro,Simples,Reta,Sim,3,0,0,0,2,1,0,3,-26.878952,-49.17421,SPRF-SC,DEL04-SC,UOP01-DEL04-SC,2020
"273509,0",2020-03-06,sexta-feira,07:10:00,SC,470,"60,7",BLUMENAU,Falta de Atenção à Condução,Colisão lateral,Com Vítimas Feridas,Pleno dia,Decrescente,Céu Claro,Simples,Reta,Não,2,0,1,0,1,0,1,2,-26.88138,-49.164543,SPRF-SC,DEL04-SC,UOP01-DEL04-SC,2020
"273514,0",2020-03-06,sexta-feira,07:15:00,SC,282,"579,0",PINHALZINHO,Falta de Atenção à Condução,Colisão lateral,Com Vítimas Feridas,Pleno dia,Decrescente,Céu Claro,Simples,Curva,Sim,3,0,2,0,1,0,2,2,-26.835443,-52.990578,SPRF-SC,DEL07-SC,UOP02-DEL07-SC,2020
"273521,0",2020-03-06,sexta-feira,07:20:00,SC,101,"200,0",SAO JOSE,Não guardar distância de segurança,Colisão traseira,Com Vítimas Feridas,Pleno dia,Crescente,Sol,Múltipla,Reta,Não,6,0,4,0,2,0,4,4,-27.54018513,-48.62287714,SPRF-SC,DEL01-SC,UOP01-DEL01-SC,2020
"273534,0",2020-03-06,sexta-feira,08:05:00,SC,470,"1,2",GASPAR,Desobediência às normas de trânsito pelo condutor,Colisão transversal,Com Vítimas Feridas,Pleno dia,Decrescente,Céu Claro,Simples,Reta,Sim,5,0,2,0,1,2,2,4,-26.92353613,-48.95891997,SPRF-SC,DEL04-SC,UOP01-DEL04-SC,2020
"273541,0",2020-03-06,sexta-feira,08:55:00,SC,282,"32,6",AGUAS MORNAS,Falta de Atenção à Condução,Colisão transversal,Com Vítimas Feridas,Pleno dia,Decrescente,Sol,Simples,Interseção de Vias;Rotatória,Sim,3,0,1,0,2,0,1,2,-27.70116,-48.800175,SPRF-SC,DEL01-SC,UOP03-DEL01-SC,2020
"273542,0",2020-03-06,sexta-feira,08:15:00,SC,101,"264,1",GAROPABA,Velocidade Incompatível,Saída de leito carroçável,Com Vítimas Feridas,Pleno dia,Decrescente,Garoa/Chuvisco,Dupla,Curva;Declive,Sim,5,0,4,1,0,0,5,1,-28.05698406,-48.71775627,SPRF-SC,DEL02-SC,UOP03-DEL02-SC,2020
"273547,0",2020-03-03,terça-feira,18:50:00,SC,282,"523,7",XAXIM,Desobediência às normas de trânsito pelo condutor,Colisão lateral,Com Vítimas Feridas,Plena Noite,Decrescente,Céu Claro,Simples,Reta,Não,2,0,2,0,0,0,2,2,-26.96552764,-52.55374163,SPRF-SC,DEL07-SC,UOP01-DEL07-SC,2020
"273554,0",2020-03-06,sexta-feira,08:30:00,SC,282,"209,8",LAGES,Não guardar distância de segurança,Colisão traseira,Com Vítimas Feridas,Pleno dia,Decrescente,Céu Claro,Simples,Reta;Aclive,Não,5,0,0,1,3,1,1,3,-27.776926,-50.221893,SPRF-SC,DEL05-SC,UOP01-DEL05-SC,2020
"273579,0",2020-03-06,sexta-feira,11:20:00,SC,282,"504,7",XANXERE,Desobediência às normas de trânsito pelo condutor,Colisão traseira,Com Vítimas Feridas,Pleno dia,Crescente,Sol,Simples,Aclive;Interseção de Vias,Sim,3,0,2,0,1,0,2,2,-26.884279,-52.408466,SPRF-SC,DEL07-SC,UOP01-DEL07-SC,2020
"273583,0",2020-03-06,sexta-feira,14:30:00,SC,101,"202,0",SAO JOSE,Falta de Atenção à Condução,Colisão lateral,Com Vítimas Feridas,Pleno dia,Crescente,Céu Claro,Múltipla,Reta,Não,2,0,1,0,1,0,1,2,-27.54836599,-48.61977975,SPRF-SC,DEL01-SC,UOP01-DEL01-SC,2020
"273586,0",2020-03-06,sexta-feira,13:50:00,SC,116,"183,4",SAO CRISTOVAO DO SUL,Falta de Atenção à Condução,Colisão lateral,Sem Vítimas,Pleno dia,Decrescente,Sol,Simples,Curva,Não,2,0,0,0,2,0,0,2,-27.2929189,-50.43356775,SPRF-SC,DEL05-SC,UOP03-DEL05-SC,2020
"273606,0",2020-03-06,sexta-feira,16:00:00,SC,101,"39,4",JOINVILLE,Não guardar distância de segurança,Colisão traseira,Sem Vítimas,Pleno dia,Crescente,Sol,Dupla,Reta,Sim,2,0,0,0,2,0,0,2,-26.2628107,-48.90192257,SPRF-SC,DEL03-SC,UOP01-DEL03-SC,2020
"273608,0",2020-03-06,sexta-feira,15:00:00,SC,470,"38,0",GASPAR,Ingestão de Álcool,Colisão traseira,Sem Vítimas,Pleno dia,Crescente,Sol,Simples,Reta;Em Obras;Desvio Temporário,Sim,2,0,0,0,2,0,0,2,-26.90329014,-48.98106337,SPRF-SC,DEL04-SC,UOP01-DEL04-SC,2020
"273611,0",2020-03-06,sexta-feira,16:30:00,SC,470,"129,8",LONTRAS,Falta de Atenção à Condução,Colisão traseira,Sem Vítimas,Pleno dia,Decrescente,Sol,Simples,Reta,Sim,2,0,0,0,2,0,0,2,-27.148499,-49.556137,SPRF-SC,DEL04-SC,UOP02-DEL04-SC,2020
"273620,0",2020-03-06,sexta-feira,17:20:00,SC,101,"207,0",SAO JOSE,Não guardar distância de segurança,Colisão lateral,Com Vítimas Feridas,Pleno dia,Decrescente,Nublado,Múltipla,Reta,Sim,2,0,1,0,1,0,1,2,-27.60001226,-48.6226467,SPRF-SC,DEL01-SC,UOP01-DEL01-SC,2020
"273624,0",2020-03-06,sexta-feira,17:30:00,SC,280,"66,0",JARAGUA DO SUL,Falta de Atenção à Condução,Colisão traseira,Com Vítimas Feridas,Pleno dia,Decrescente,Céu Claro,Simples,Reta,Sim,3,0,1,0,2,0,1,3,-26.47606607,-49.09568797,SPRF-SC,DEL03-SC,UOP03-DEL03-SC,2020
"273630,0",2020-03-06,sexta-feira,15:20:00,SC,101,"379,4",ICARA,Ingestão de Álcool,Saída de leito carroçável,Sem Vítimas,Pleno dia,Crescente,Nublado,Simples,Curva,Não,1,0,0,0,1,0,0,1,-28.74651646,-49.2599038,SPRF-SC,DEL02-SC,UOP01-DEL02-SC,2020
"273637,0",2020-03-06,sexta-feira,18:00:00,SC,470,"147,2",RIO DO SUL,Falta de Atenção à Condução,Colisão traseira,Com Vítimas Feridas,Pleno dia,Decrescente,Sol,Simples,Reta,Sim,2,0,1,0,1,0,1,2,-27.243439,-49.690025,SPRF-SC,DEL04-SC,UOP02-DEL04-SC,2020
"273638,0",2020-03-06,sexta-feira,15:50:00,SC,101,"104,8",PENHA,Falta de Atenção à Condução,Queda de ocupante de veículo,Com Vítimas Feridas,Pleno dia,Crescente,Sol,Dupla,Curva,Não,2,0,0,2,0,0,2,1,-26.79281742,-48.68080819,SPRF-SC,DEL03-SC,UOP02-DEL03-SC,2020
"273643,0",2020-03-06,sexta-feira,17:30:00,SC,470,"144,5",RIO DO SUL,Falta de Atenção à Condução,Colisão transversal,Com Vítimas Feridas,Pleno dia,Decrescente,Céu Claro,Simples,Reta,Não,2,0,2,0,0,0,2,2,-27.22853653,-49.6681506,SPRF-SC,DEL04-SC,UOP02-DEL04-SC,2020
"273645,0",2020-03-06,sexta-feira,17:50:00,SC,101,"41,0",JOINVILLE,Desobediência às normas de trânsito pelo condutor,Colisão transversal,Com Vítimas Feridas,Plena Noite,Decrescente,Céu Claro,Dupla,Rotatória,Sim,2,0,0,1,1,0,1,2,-26.28215489,-48.88973081,SPRF-SC,DEL03-SC,UOP01-DEL03-SC,2020
"273649,0",2020-03-06,sexta-feira,16:35:00,SC,282,"368,7",ERVAL VELHO,Desobediência às normas de trânsito pelo condutor,Colisão transversal,Com Vítimas Feridas,Pleno dia,Decrescente,Céu Claro,Simples,Reta,Sim,6,0,1,0,5,0,1,3,-27.283747,-51.434963,SPRF-SC,DEL07-SC,UOP05-DEL07-SC,2020