id,data_inversa,dia_semana,horario,uf,br,km,municipio,causa_acidente,tipo_acidente,classificacao_acidente,fase_dia,sentido_via,condicao_metereologica,tipo_pista,tracado_via,uso_solo,pessoas,mortos,feridos_leves,feridos_graves,ilesos,ignorados,feridos,veiculos,latitude,longitude,regional,delegacia,uop,ano_arquivo
"273663,0",2020-03-06,sexta-feira,17:55:00,SC,280,"58,4",GUARAMIRIM,Falta de Atenção à Condução,Colisão transversal,Com Vítimas Feridas,Pleno dia,Decrescente,Nublado,Simples,Reta,Não,2,0,1,0,1,0,1,2,-26.47415593,-49.021211,SPRF-SC,DEL03-SC,UOP03-DEL03-SC,2020
"273680,0",2020-03-06,sexta-feira,20:30:00,SC,101,"200,0",SAO JOSE,Falta de Atenção à Condução,Colisão lateral,Com Vítimas Feridas,Plena Noite,Crescente,Céu Claro,Dupla,Reta,Não,2,0,1,0,1,0,1,2,-27.54018513,-48.62287714,SPRF-SC,DEL01-SC,UOP01-DEL01-SC,2020
"273687,0",2020-03-06,sexta-feira,20:49:00,SC,101,"213,9",PALHOCA,Falta de Atenção à Condução,Colisão traseira,Sem Vítimas,Plena Noite,Decrescente,Nublado,Múltipla,Reta,Sim,3,0,0,0,3,0,0,2,-27.64443,-48.67057,SPRF-SC,DEL01-SC,UOP02-DEL01-SC,2020
"273692,0",2020-03-06,sexta-feira,20:35:00,SC,280,"124,3",RIO NEGRINHO,Falta de Atenção à Condução,Colisão traseira,Com Vítimas Feridas,Plena Noite,Crescente,Céu Claro,Simples,Declive;Reta,Sim,2,0,0,1,1,0,1,2,-26.24130297,-49.47514499,SPRF-SC,DEL06-SC,UOP03-DEL06-SC,2020
"273693,0",2020-03-06,sexta-feira,23:05:00,SC,101,"197,4",BIGUACU,Falta de Atenção à Condução,Colisão traseira,Com Vítimas Feridas,Plena Noite,Crescente,Nublado,Múltipla,Reta,Não,2,0,1,1,0,0,2,2,-27.51844497,-48.63848496,SPRF-SC,DEL01-SC,UOP01-DEL01-SC,2020
"273695,0",2020-03-06,sexta-feira,22:10:00,SC,470,"68,6",INDAIAL,Não guardar distância de segurança,Colisão traseira,Sem Vítimas,Plena Noite,Crescente,Céu Claro,Simples,Reta;Desvio Temporário;Em Obras,Sim,3,0,0,0,3,0,0,3,-26.88280173,-49.24619528,SPRF-SC,DEL04-SC,UOP01-DEL04-SC,2020
"273708,0",2020-03-07,sábado,00:20:00,SC,101,"323,0",PESCARIA BRAVA,Ingestão de Álcool,Colisão com objeto estático,Sem Vítimas,Plena Noite,Crescente,Céu Claro,Múltipla,Reta,Não,1,0,0,0,1,0,0,1,-28.42789556,-48.91248313,SPRF-SC,DEL02-SC,UOP01-DEL02-SC,2020
"273720,0",2020-03-07,sábado,01:45:00,SC,101,"321,4",PESCARIA BRAVA,Falta de Atenção à Condução,Colisão lateral,Com Vítimas Feridas,Plena Noite,Decrescente,Nublado,Dupla,Reta,Não,2,0,1,0,1,0,1,2,-28.42778849,-48.91160488,SPRF-SC,DEL02-SC,UOP01-DEL02-SC,2020
"273760,0",2020-02-24,segunda-feira,18:10:00,SC,101,"179,0",BIGUACU,Ingestão de Álcool,Tombamento,Com Vítimas Feridas,Pleno dia,Crescente,Céu Claro,Dupla,Reta,Sim,2,0,0,2,0,0,2,1,-27.37281717,-48.63322708,SPRF-SC,DEL01-SC,UOP01-DEL01-SC,2020
"273762,0",2020-03-07,sábado,07:00:00,SC,282,"370,8",ERVAL VELHO,Ingestão de Álcool,Colisão traseira,Sem Vítimas,Pleno dia,Crescente,Céu Claro,Simples,Reta,Sim,3,0,0,0,3,0,0,2,-27.268663,-51.443768,SPRF-SC,DEL07-SC,UOP05-DEL07-SC,2020
"273765,0",2020-03-07,sábado,07:55:00,SC,470,"52,6",BLUMENAU,Defeito na Via,Tombamento,Com Vítimas Feridas,Pleno dia,Crescente,Céu Claro,Simples,Interseção de Vias,Sim,1,0,1,0,0,0,1,1,-26.862286,-49.093903,SPRF-SC,DEL04-SC,UOP01-DEL04-SC,2020
"273797,0",2020-03-07,sábado,11:25:00,SC,101,"214,7",PALHOCA,Falta de Atenção à Condução,Colisão traseira,Com Vítimas Feridas,Pleno dia,Decrescente,Céu Claro,Dupla,Interseção de Vias,Sim,2,0,1,0,1,0,1,2,-27.64443,-48.67057,SPRF-SC,DEL01-SC,UOP02-DEL01-SC,2020
"273803,0",2020-03-07,sábado,11:50:00,SC,101,"214,2",PALHOCA,Falta de Atenção à Condução,Colisão lateral,Com Vítimas Feridas,Pleno dia,Decrescente,Sol,Dupla,Reta,Sim,2,0,1,0,1,0,1,2,-27.64443,-48.67057,SPRF-SC,DEL01-SC,UOP02-DEL01-SC,2020
"273807,0",2020-03-07,sábado,12:20:00,SC,101,"123,0",ITAJAI,Falta de Atenção à Condução,Colisão traseira,Com Vítimas Feridas,Pleno dia,Crescente,Sol,Dupla,Reta,Não,2,0,1,0,0,1,1,2,-26.93668609,-48.69876905,SPRF-SC,DEL04-SC,UOP04-DEL04-SC,2020
"273815,0",2020-03-07,sábado,13:20:00,SC,101,"213,0",PALHOCA,Falta de Atenção à Condução,Colisão lateral,Com Vítimas Feridas,Pleno dia,Decrescente,Céu Claro,Dupla,Reta,Sim,3,0,1,0,2,0,1,2,-27.63597388,-48.66429169,SPRF-SC,DEL01-SC,UOP02-DEL01-SC,2020
"273816,0",2020-03-07,sábado,10:20:00,SC,282,"554,7",NOVA ITABERABA,Velocidade Incompatível,Capotamento,Sem Vítimas,Pleno dia,Crescente,Sol,Simples,Interseção de Vias,Não,1,0,0,0,1,0,0,1,-26.936268,-52.800812,SPRF-SC,DEL07-SC,UOP01-DEL07-SC,2020
"273823,0",2020-03-07,sábado,14:20:00,SC,470,"136,2",RIO DO SUL,Falta de Atenção à Condução,Colisão frontal,Com Vítimas Feridas,Pleno dia,Decrescente,Céu Claro,Simples,Reta,Sim,5,0,3,0,2,0,3,2,-27.194323,-49.624554,SPRF-SC,DEL04-SC,UOP02-DEL04-SC,2020
"273835,0",2020-03-07,sábado,14:30:00,SC,101,"103,1",BALNEARIO PICARRAS,Falta de Atenção à Condução,Saída de leito carroçável,Com Vítimas Feridas,Pleno dia,Decrescente,Sol,Dupla,Reta,Sim,2,0,2,0,0,0,2,1,-26.7832381,-48.68314632,SPRF-SC,DEL03-SC,UOP02-DEL03-SC,2020
"273838,0",2020-03-07,sábado,15:30:00,SC,153,"96,8",CONCORDIA,Falta de Atenção à Condução,Colisão transversal,Com Vítimas Feridas,Pleno dia,Crescente,Nublado,Simples,Interseção de Vias,Não,2,0,1,0,1,0,1,2,-27.212648,-51.952137,SPRF-SC,DEL07-SC,UOP04-DEL07-SC,2020
"273876,0",2020-03-07,sábado,18:20:00,SC,101,"37,8",JOINVILLE,Defeito Mecânico no Veículo,Tombamento,Com Vítimas Feridas,Pleno dia,Decrescente,Céu Claro,Dupla,Reta,Sim,1,0,0,1,0,0,1,1,-26.25050176,-48.90863867,SPRF-SC,DEL03-SC,UOP01-DEL03-SC,2020
"273877,0",2020-03-07,sábado,18:45:00,SC,101,"101,3",BALNEARIO PICARRAS,Desobediência às normas de trânsito pelo condutor,Saída de leito carroçável,Com Vítimas Feridas,Plena Noite,Decrescente,Nublado,Dupla,Reta;Declive,Não,1,0,1,0,0,0,1,1,-26.76870347,-48.68602574,SPRF-SC,DEL03-SC,UOP02-DEL03-SC,2020
"273885,0",2020-03-07,sábado,17:45:00,SC,282,"373,0",ERVAL VELHO,Desobediência às normas de trânsito pelo condutor,Colisão transversal,Com Vítimas Feridas,Anoitecer,Crescente,Céu Claro,Simples,Retorno Regulamentado,Não,4,0,1,1,2,0,2,2,-27.24313603,-51.44791245,SPRF-SC,DEL07-SC,UOP05-DEL07-SC,2020
"273888,0",2020-03-07,sábado,17:40:00,SC,280,"225,5",TRES BARRAS,Falta de Atenção à Condução,Colisão transversal,Com Vítimas Feridas,Pleno dia,Crescente,Céu Claro,Simples,Reta,Não,3,0,1,0,2,0,1,2,-26.17875971,-50.31308811,SPRF-SC,DEL06-SC,UOP04-DEL06-SC,2020
"273903,0",2020-03-07,sábado,20:30:00,SC,280,"125,3",RIO NEGRINHO,Falta de Atenção à Condução,Colisão transversal,Com Vítimas Feridas,Plena Noite,Crescente,Céu Claro,Simples,Reta,Sim,2,0,1,0,1,0,1,2,-26.23763684,-49.48434497,SPRF-SC,DEL06-SC,UOP03-DEL06-SC,2020
"273930,0",2020-03-07,sábado,21:40:00,SC,470,"23,0",ILHOTA,Sinalização da via insuficiente ou inadequada,Colisão com objeto estático,Com Vítimas Feridas,Plena Noite,Decrescente,Céu Claro,Dupla,Reta,Não,1,0,0,1,0,0,1,1,-26.880913,-48.846237,SPRF-SC,DEL04-SC,UOP04-DEL04-SC,2020
"273933,0",2020-03-07,sábado,22:30:00,SC,101,"266,1",PAULO LOPES,Falta de Atenção do Pedestre,Atropelamento de Pedestre,Com Vítimas Fatais,Plena Noite,Decrescente,Nublado,Dupla,Reta,Sim,3,1,0,0,1,1,0,2,-28.06847808,-48.71463931,SPRF-SC,DEL02-SC,UOP03-DEL02-SC,2020
"273948,0",2020-03-08,domingo,01:05:00,SC,280,"55,0",GUARAMIRIM,Falta de Atenção à Condução,Colisão transversal,Com Vítimas Feridas,Plena Noite,Decrescente,Nublado,Simples,Reta,Sim,2,0,1,0,1,0,1,2,-26.47584353,-48.9937858,SPRF-SC,DEL03-SC,UOP03-DEL03-SC,2020
"273951,0",2020-03-08,domingo,00:30:00,SC,470,"141,4",RIO DO SUL,Velocidade Incompatível,Colisão com objeto estático,Com Vítimas Feridas,Plena Noite,Crescente,Nublado,Simples,Curva,Não,2,0,2,0,0,0,2,1,-27.226065,-49.666161,SPRF-SC,DEL04-SC,UOP02-DEL04-SC,2020
"273964,0",2020-03-08,domingo,01:10:00,SC,470,"55,2",BLUMENAU,Ingestão de Álcool,Colisão frontal,Com Vítimas Fatais,Plena Noite,Decrescente,Céu Claro,Simples,Reta,Não,4,1,2,0,1,0,2,3,-26.87639222,-49.12027001,SPRF-SC,DEL04-SC,UOP01-DEL04-SC,2020
"273965,0",2020-03-08,domingo,02:45:00,SC,470,"72,4",INDAIAL,Ingestão de Álcool,Colisão frontal,Com Vítimas Feridas,Plena Noite,Decrescente,Céu Claro,Simples,Em Obras;Desvio Temporário,Não,4,0,0,3,1,0,3,2,-26.901979,-49.268745,SPRF-SC,DEL04-SC,UOP01-DEL04-SC,2020
"273984,0",2020-03-08,domingo,06:20:00,SC,101,"123,0",ITAJAI,Velocidade Incompatível,Colisão com objeto estático,Com Vítimas Feridas,Amanhecer,Decrescente,Céu Claro,Simples,Interseção de Vias,Sim,2,0,1,1,0,0,2,1,-26.93668609,-48.69876905,SPRF-SC,DEL04-SC,UOP04-DEL04-SC,2020
"274002,0",2020-03-08,domingo,07:45:00,SC,470,"61,0",BLUMENAU,Desobediência às normas de trânsito pelo condutor,Colisão frontal,Com Vítimas Feridas,Pleno dia,Crescente,Céu Claro,Simples,Curva,Sim,2,0,1,0,1,0,1,2,-26.878952,-49.17421,SPRF-SC,DEL04-SC,UOP01-DEL04-SC,2020
"274017,0",2020-03-08,domingo,06:00:00,SC,158,"104,0",CUNHA PORA,Velocidade Incompatível,Saída de leito carroçável,Com Vítimas Feridas,Amanhecer,Crescente,Céu Claro,Simples,Curva,Não,2,0,1,1,0,0,2,1,-26.86897509,-53.16247716,SPRF-SC,DEL07-SC,UOP02-DEL07-SC,2020
"274025,0",2020-03-08,domingo,10:15:00,SC,101,"411,0",ARARANGUA,Falta de Atenção à Condução,Colisão com objeto estático,Com Vítimas Feridas,Pleno dia,Decrescente,Céu Claro,Dupla,Reta,Não,2,0,2,0,0,0,2,1,-28.93504811,-49.51790124,SPRF-SC,DEL02-SC,UOP02-DEL02-SC,2020
"274028,0",2020-03-08,domingo,10:05:00,SC,101,"155,0",PORTO BELO,Falta de Atenção à Condução,Colisão com objeto estático,Com Vítimas Feridas,Pleno dia,Decrescente,Céu Claro,Simples,Curva,Não,1,0,1,0,0,0,1,1,-27.16292,-48.61129,SPRF-SC,DEL04-SC,UOP03-DEL04-SC,2020
"274047,0",2020-03-08,domingo,13:30:00,SC,101,"188,0",BIGUACU,Falta de Atenção à Condução,Colisão traseira,Com Vítimas Feridas,Pleno dia,Crescente,Céu Claro,Dupla,Reta,Sim,4,0,1,0,3,0,1,3,-27.45123421,-48.63370766,SPRF-SC,DEL01-SC,UOP01-DEL01-SC,2020
"274065,0",2020-03-08,domingo,12:10:00,SC,101,"107,4",PENHA,Falta de Atenção à Condução,Tombamento,Com Vítimas Feridas,Pleno dia,Crescente,Céu Claro,Dupla,Reta,Não,1,0,1,0,0,0,1,1,-26.81930608,-48.68390282,SPRF-SC,DEL03-SC,UOP02-DEL03-SC,2020
"274066,0",2020-03-08,domingo,12:00:00,SC,101,"38,0",JOINVILLE,Desobediência às normas de trânsito pelo condutor,Colisão transversal,Com Vítimas Feridas,Pleno dia,Crescente,Sol,Simples,Rotatória,Sim,2,0,1,0,1,0,1,2,-26.25472505,-48.90561309,SPRF-SC,DEL03-SC,UOP01-DEL03-SC,2020
"274067,0",2020-03-08,domingo,12:00:00,SC,101,"32,0",JOINVILLE,Desobediência às normas de trânsito pelo condutor,Colisão com objeto estático,Com Vítimas Feridas,Pleno dia,Decrescente,Céu Claro,Dupla,Reta,Não,1,0,0,1,0,0,1,1,-26.226987,-48.91657,SPRF-SC,DEL03-SC,UOP01-DEL03-SC,2020
"274071,0",2020-03-08,domingo,16:10:00,SC,470,"8,7",NAVEGANTES,Ingestão de Álcool,Colisão transversal,Com Vítimas Feridas,Pleno dia,Crescente,Céu Claro,Simples,Reta,Não,3,0,2,0,1,0,2,2,-26.83688,-48.718853,SPRF-SC,DEL04-SC,UOP04-DEL04-SC,2020
"274088,0",2020-03-08,domingo,17:30:00,SC,101,"296,9",IMBITUBA,Restrição de Visibilidade,Colisão transversal,Com Vítimas Feridas,Pleno dia,Decrescente,Céu Claro,Simples,Viaduto,Sim,3,0,1,1,1,0,2,2,-28.30563701,-48.72103898,SPRF-SC,DEL02-SC,UOP03-DEL02-SC,2020
"274097,0",2020-03-08,domingo,13:20:00,SC,470,"103,1",APIUNA,Falta de Atenção à Condução,Tombamento,Com Vítimas Feridas,Pleno dia,Crescente,Céu Claro,Simples,Reta,Não,3,0,2,0,1,0,2,2,-27.064796,-49.401424,SPRF-SC,DEL04-SC,UOP02-DEL04-SC,2020
"274100,0",2020-03-08,domingo,15:45:00,SC,470,"174,9",POUSO REDONDO,Falta de Atenção à Condução,Colisão transversal,Com Vítimas Feridas,Pleno dia,Decrescente,Céu Claro,Simples,Aclive;Reta,Sim,4,0,3,0,1,0,3,2,-27.258179,-49.929146,SPRF-SC,DEL04-SC,UOP02-DEL04-SC,2020
"274106,0",2020-03-08,domingo,19:05:00,SC,470,"50,5",BLUMENAU,Desobediência às normas de trânsito pelo condutor,Colisão transversal,Com Vítimas Feridas,Plena Noite,Decrescente,Nublado,Simples,Reta,Sim,2,0,0,1,1,0,1,2,-26.859768,-49.074493,SPRF-SC,DEL04-SC,UOP01-DEL04-SC,2020
"274110,0",2020-03-08,domingo,17:25:00,SC,101,"336,0",TUBARAO,Objeto estático sobre o leito carroçável,Colisão traseira,Com Vítimas Feridas,Pleno dia,Decrescente,Céu Claro,Múltipla,Reta,Sim,8,0,2,0,6,0,2,2,-28.49633864,-49.04413375,SPRF-SC,DEL02-SC,UOP01-DEL02-SC,2020
"274132,0",2020-03-08,domingo,20:27:00,SC,101,"194,0",BIGUACU,Falta de Atenção do Pedestre,Atropelamento de Pedestre,Com Vítimas Feridas,Plena Noite,Crescente,Céu Claro,Dupla,Reta,Sim,2,0,1,0,1,0,1,2,-27.49815117,-48.65661236,SPRF-SC,DEL01-SC,UOP01-DEL01-SC,2020
"274154,0",2020-03-08,domingo,17:00:00,SC,282,"537,6",CHAPECO,Velocidade Incompatível,Colisão com objeto estático,Com Vítimas Feridas,Pleno dia,Decrescente,Sol,Simples,Curva,Não,4,0,3,1,0,0,4,1,-26.999933,-52.663895,SPRF-SC,DEL07-SC,UOP01-DEL07-SC,2020
"274158,0",2020-03-08,domingo,21:30:00,SC,101,"213,4",PALHOCA,Objeto estático sobre o leito carroçável,Colisão com objeto estático,Com Vítimas Feridas,Plena Noite,Crescente,Céu Claro,Múltipla,Reta,Sim,1,0,1,0,0,0,1,1,-27.63697369,-48.66514142,SPRF-SC,DEL01-SC,UOP02-DEL01-SC,2020
"274173,0",2020-03-08,domingo,21:30:00,SC,101,"213,0",PALHOCA,Defeito Mecânico no Veículo,Colisão com objeto em movimento,Com Vítimas Feridas,Plena Noite,Crescente,Céu Claro,Múltipla,Reta,Sim,1,0,1,0,0,0,1,1,-27.63697369,-48.66514142,SPRF-SC,DEL01-SC,UOP02-DEL01-SC,2020
"274180,0",2020-03-08,domingo,23:00:00,SC,101,"195,0",BIGUACU,Desobediência às normas de trânsito pelo condutor,Queda de ocupante de veículo,Com Vítimas Feridas,Plena Noite,Decrescente,Céu Claro,Dupla,Reta,Não,1,0,0,1,0,0,1,1,-27.5047092,-48.65010819,SPRF-SC,DEL01-SC,UOP01-DEL01-SC,2020
"274199,0",2020-03-09,segunda-feira,02:25:00,SC,101,"229,3",PALHOCA,Desobediência às normas de trânsito pelo condutor,Colisão com objeto estático,Com Vítimas Feridas,Plena Noite,Crescente,Céu Claro,Dupla,Curva,Sim,1,0,1,0,0,0,1,1,-27.7688932,-48.63205379,SPRF-SC,DEL01-SC,UOP02-DEL01-SC,2020
"274203,0",2020-03-09,segunda-feira,02:30:00,SC,101,"361,0",SANGAO,Ingestão de Álcool,Colisão com objeto estático,Com Vítimas Fatais,Plena Noite,Decrescente,Céu Claro,Dupla,Reta,Sim,1,1,0,0,0,0,0,1,-28.67210163,-49.12273765,SPRF-SC,DEL02-SC,UOP01-DEL02-SC,2020
"274206,0",2020-03-09,segunda-feira,03:50:00,SC,470,"225,9",SAO CRISTOVAO DO SUL,Condutor Dormindo,Saída de leito carroçável,Com Vítimas Feridas,Plena Noite,Crescente,Céu Claro,Simples,Reta,Não,2,0,1,0,1,0,1,1,-27.328018,-50.351475,SPRF-SC,DEL05-SC,UOP03-DEL05-SC,2020
"274207,0",2020-03-09,segunda-feira,04:20:00,SC,101,"323,0",PESCARIA BRAVA,Falta de Atenção à Condução,Saída de leito carroçável,Com Vítimas Feridas,Amanhecer,Crescente,Céu Claro,Múltipla,Curva,Sim,1,0,1,0,0,0,1,1,-28.42890182,-48.92254829,SPRF-SC,DEL02-SC,UOP01-DEL02-SC,2020
"274212,0",2020-03-09,segunda-feira,06:45:00,SC,470,"8,3",NAVEGANTES,Falta de Atenção à Condução,Colisão transversal,Com Vítimas Feridas,Pleno dia,Crescente,Céu Claro,Simples,Reta,Não,2,0,0,1,1,0,1,2,-26.83688,-48.718853,SPRF-SC,DEL04-SC,UOP04-DEL04-SC,2020
"274213,0",2020-03-09,segunda-feira,05:45:00,SC,280,"51,0",GUARAMIRIM,Falta de Atenção à Condução,Tombamento,Com Vítimas Feridas,Amanhecer,Decrescente,Céu Claro,Simples,Interseção de Vias,Não,1,0,1,0,0,0,1,1,-26.46538871,-48.95544449,SPRF-SC,DEL03-SC,UOP03-DEL03-SC,2020
"274217,0",2020-03-09,segunda-feira,05:50:00,SC,280,"48,3",GUARAMIRIM,Falta de Atenção à Condução,Colisão transversal,Com Vítimas Feridas,Amanhecer,Decrescente,Céu Claro,Simples,Interseção de Vias;Declive;Reta,Não,2,0,0,1,1,0,1,2,-26.45608919,-48.93023014,SPRF-SC,DEL03-SC,UOP03-DEL03-SC,2020
"274242,0",2020-03-09,segunda-feira,08:20:00,SC,280,"297,0",PORTO UNIAO,Velocidade Incompatível,Colisão traseira,Com Vítimas Feridas,Pleno dia,Crescente,Céu Claro,Dupla,Reta,Não,2,0,1,0,1,0,1,2,-26.28202088,-50.9918289,SPRF-SC,DEL06-SC,UOP04-DEL06-SC,2020
"274246,0",2020-03-09,segunda-feira,08:35:00,SC,101,"24,9",JOINVILLE,Mal Súbito,Tombamento,Com Vítimas Feridas,Pleno dia,Decrescente,Céu Claro,Simples,Reta,Não,1,0,1,0,0,0,1,1,-26.17483309,-48.90767978,SPRF-SC,DEL03-SC,UOP01-DEL03-SC,2020
"274269,0",2020-03-09,segunda-feira,10:20:00,SC,101,"412,6",ARARANGUA,Falta de Atenção à Condução,Colisão lateral,Sem Vítimas,Pleno dia,Crescente,Sol,Simples,Retorno Regulamentado,Sim,2,0,0,0,2,0,0,2,-28.94379624,-49.50171417,SPRF-SC,DEL02-SC,UOP02-DEL02-SC,2020
"274286,0",2020-03-09,segunda-feira,12:50:00,SC,280,"30,2",ARAQUARI,Desobediência às normas de trânsito pelo condutor,Colisão traseira,Com Vítimas Feridas,Pleno dia,Decrescente,Sol,Simples,Reta,Sim,3,0,2,0,1,0,2,2,-26.41646063,-48.77148628,SPRF-SC,DEL03-SC,UOP03-DEL03-SC,2020
"274290,0",2020-03-09,segunda-feira,10:50:00,SC,470,"240,0",SAO CRISTOVAO DO SUL,Ultrapassagem Indevida,Colisão lateral,Com Vítimas Feridas,Pleno dia,Crescente,Céu Claro,Simples,Reta,Não,2,0,1,0,1,0,1,2,-27.306107,-50.481949,SPRF-SC,DEL05-SC,UOP03-DEL05-SC,2020
"274293,0",2020-03-09,segunda-feira,13:05:00,SC,101,"207,6",SAO JOSE,Falta de Atenção à Condução,Colisão traseira,Com Vítimas Feridas,Pleno dia,Decrescente,Céu Claro,Múltipla,Reta,Sim,2,0,1,0,1,0,1,2,-27.60001226,-48.6226467,SPRF-SC,DEL01-SC,UOP01-DEL01-SC,2020
"274311,0",2020-03-09,segunda-feira,13:50:00,SC,101,"128,8",BALNEARIO CAMBORIU,Falta de Atenção à Condução,Tombamento,Com Vítimas Feridas,Pleno dia,Crescente,Sol,Dupla,Reta,Não,1,0,1,0,0,0,1,1,-26.97284292,-48.68299451,SPRF-SC,DEL04-SC,UOP03-DEL04-SC,2020
"274317,0",2020-03-09,segunda-feira,13:45:00,SC,470,"147,9",AGRONOMICA,Desobediência às normas de trânsito pelo condutor,Colisão transversal,Com Vítimas Feridas,Pleno dia,Decrescente,Sol,Simples,Rotatória,Sim,2,0,1,0,1,0,1,2,-27.243439,-49.690025,SPRF-SC,DEL04-SC,UOP02-DEL04-SC,2020
"274329,0",2020-03-09,segunda-feira,16:10:00,SC,280,"27,3",ARAQUARI,Falta de Atenção à Condução,Colisão transversal,Com Vítimas Feridas,Pleno dia,Decrescente,Céu Claro,Simples,Retorno Regulamentado,Sim,3,0,2,0,1,0,2,2,-26.39685622,-48.74021969,SPRF-SC,DEL03-SC,UOP03-DEL03-SC,2020
"274330,0",2020-03-09,segunda-feira,11:25:00,SC,470,"144,5",RIO DO SUL,Falta de Atenção à Condução,Colisão frontal,Com Vítimas Feridas,Pleno dia,Decrescente,Sol,Simples,Reta,Sim,2,0,2,0,0,0,2,2,-27.235138,-49.677608,SPRF-SC,DEL04-SC,UOP02-DEL04-SC,2020
"274332,0",2020-03-09,segunda-feira,16:40:00,SC,101,"213,3",PALHOCA,Não guardar distância de segurança,Colisão lateral,Com Vítimas Feridas,Pleno dia,Decrescente,Céu Claro,Múltipla,Reta,Sim,2,0,1,0,1,0,1,2,-27.63951209,-48.66677284,SPRF-SC,DEL01-SC,UOP02-DEL01-SC,2020
"274338,0",2020-03-09,segunda-feira,17:10:00,SC,101,"214,0",PALHOCA,Falta de Atenção à Condução,Queda de ocupante de veículo,Com Vítimas Feridas,Pleno dia,Decrescente,Céu Claro,Múltipla,Reta,Não,2,0,1,0,1,0,1,2,-27.64443,-48.67057,SPRF-SC,DEL01-SC,UOP02-DEL01-SC,2020
"274341,0",2020-03-09,segunda-feira,16:30:00,SC,101,"203,0",SAO JOSE,Falta de Atenção à Condução,Colisão traseira,Com Vítimas Feridas,Pleno dia,Decrescente,Céu Claro,Simples,Reta,Sim,3,0,1,0,2,0,1,3,-27.5650044,-48.61460082,SPRF-SC,DEL01-SC,UOP01-DEL01-SC,2020
"274342,0",2020-03-09,segunda-feira,16:05:00,SC,101,"145,0",ITAPEMA,Falta de Atenção à Condução,Tombamento,Com Vítimas Feridas,Pleno dia,Decrescente,Nublado,Dupla,Reta,Não,1,0,1,0,0,0,1,1,-27.08139206,-48.60130993,SPRF-SC,DEL04-SC,UOP03-DEL04-SC,2020
"274343,0",2020-03-09,segunda-feira,16:30:00,SC,101,"131,0",BALNEARIO CAMBORIU,Falta de Atenção à Condução,Colisão lateral,Com Vítimas Feridas,Pleno dia,Crescente,Nublado,Dupla,Reta,Não,2,0,1,0,1,0,1,2,-26.99064209,-48.66310912,SPRF-SC,DEL04-SC,UOP03-DEL04-SC,2020
"274344,0",2020-03-09,segunda-feira,17:40:00,SC,280,"25,4",ARAQUARI,Desobediência às normas de trânsito pelo condutor,Colisão transversal,Com Vítimas Feridas,Pleno dia,Crescente,Céu Claro,Simples,Reta,Sim,2,0,1,0,1,0,1,2,-26.386122,-48.729744,SPRF-SC,DEL03-SC,UOP03-DEL03-SC,2020
"274345,0",2020-03-09,segunda-feira,16:00:00,SC,101,"145,0",ITAPEMA,Desobediência às normas de trânsito pelo condutor,Colisão traseira,Com Vítimas Feridas,Pleno dia,Decrescente,Sol,Múltipla,Declive,Sim,3,0,1,0,2,0,1,3,-27.08139206,-48.60130993,SPRF-SC,DEL04-SC,UOP03-DEL04-SC,2020
"274355,0",2020-03-09,segunda-feira,18:20:00,SC,101,"136,0",BALNEARIO CAMBORIU,Desobediência às normas de trânsito pelo condutor,Colisão traseira,Com Vítimas Feridas,Anoitecer,Decrescente,Céu Claro,Dupla,Reta,Sim,3,0,1,0,2,0,1,3,-27.008113,-48.617245,SPRF-SC,DEL04-SC,UOP03-DEL04-SC,2020
"274356,0",2020-03-09,segunda-feira,13:50:00,SC,101,"357,0",SANGAO,Objeto estático sobre o leito carroçável,Colisão com objeto estático,Sem Vítimas,Pleno dia,Crescente,Céu Claro,Dupla,Curva,Não,1,0,0,0,1,0,0,1,-28.635168,-49.09467,SPRF-SC,DEL02-SC,UOP01-DEL02-SC,2020
"274358,0",2020-03-09,segunda-feira,18:15:00,SC,280,"25,6",ARAQUARI,Desobediência às normas de trânsito pelo condutor,Colisão lateral,Com Vítimas Feridas,Anoitecer,Crescente,Céu Claro,Simples,Reta,Sim,3,0,1,0,2,0,1,2,-26.38352781,-48.72677516,SPRF-SC,DEL03-SC,UOP03-DEL03-SC,2020
"274363,0",2020-03-09,segunda-feira,18:50:00,SC,101,"120,4",ITAJAI,Falta de Atenção à Condução,Colisão lateral,Com Vítimas Feridas,Plena Noite,Crescente,Céu Claro,Dupla,Reta,Sim,2,0,1,0,1,0,1,2,-26.912758,-48.711998,SPRF-SC,DEL04-SC,UOP04-DEL04-SC,2020
"274385,0",2020-03-09,segunda-feira,07:15:00,SC,101,"327,9",CAPIVARI DE BAIXO,Falta de Atenção à Condução,Tombamento,Com Vítimas Feridas,Plena Noite,Crescente,Céu Claro,Dupla,Interseção de Vias,Sim,1,0,0,1,0,0,1,1,-28.43023306,-48.95205197,SPRF-SC,DEL02-SC,UOP01-DEL02-SC,2020
"274398,0",2020-03-09,segunda-feira,20:50:00,SC,101,"314,7",LAGUNA,Animais na Pista,Atropelamento de Animal,Com Vítimas Feridas,Plena Noite,Crescente,Céu Claro,Simples,Reta;Aclive,Não,1,0,1,0,0,0,1,1,-28.42944906,-48.84727478,SPRF-SC,DEL02-SC,UOP01-DEL02-SC,2020
"274399,0",2020-03-10,terça-feira,00:25:00,SC,101,"7,0",GARUVA,Defeito Mecânico no Veículo,Incêndio,Sem Vítimas,Plena Noite,Decrescente,Nublado,Dupla,Reta,Não,1,0,0,0,1,0,0,1,-26.03593,-48.860302,SPRF-SC,DEL03-SC,UOP01-DEL03-SC,2020