id,data_inversa,dia_semana,horario,uf,br,km,municipio,causa_acidente,tipo_acidente,classificacao_acidente,fase_dia,sentido_via,condicao_metereologica,tipo_pista,tracado_via,uso_solo,pessoas,mortos,feridos_leves,feridos_graves,ilesos,ignorados,feridos,veiculos,latitude,longitude,regional,delegacia,uop,ano_arquivo
"277903,0",2020-03-31,terça-feira,23:00:00,SC,280,"213,0",TRES BARRAS,Falta de Atenção à Condução,Saída de leito carroçável,Com Vítimas Feridas,Plena Noite,Decrescente,Céu Claro,Simples,Reta,Não,3,0,0,1,2,0,1,1,-26.18089516,-50.19717996,SPRF-SC,DEL06-SC,UOP04-DEL06-SC,2020
"277907,0",2020-04-01,quarta-feira,03:30:00,SC,101,"119,0",ITAJAI,Falta de Atenção à Condução,Saída de leito carroçável,Com Vítimas Feridas,Plena Noite,Crescente,Chuva,Dupla,Reta,Não,2,0,2,0,0,0,2,1,-26.895859,-48.71903,SPRF-SC,DEL04-SC,UOP04-DEL04-SC,2020
"277914,0",2020-04-01,quarta-feira,05:20:00,SC,101,"169,0",TIJUCAS,Defeito Mecânico no Veículo,Incêndio,Sem Vítimas,Amanhecer,Decrescente,Nublado,Dupla,Reta,Não,1,0,0,0,1,0,0,1,-27.28790602,-48.63095745,SPRF-SC,DEL04-SC,UOP03-DEL04-SC,2020
"277933,0",2020-04-01,quarta-feira,10:05:00,SC,470,"158,0",TROMBUDO CENTRAL,Falta de Atenção à Condução,Colisão traseira,Com Vítimas Feridas,Pleno dia,Decrescente,Nublado,Simples,Reta,Sim,2,0,2,0,0,0,2,2,-27.287016,-49.778389,SPRF-SC,DEL04-SC,UOP02-DEL04-SC,2020
"277951,0",2020-04-01,quarta-feira,08:30:00,SC,101,"384,2",ICARA,Falta de Atenção à Condução,Saída de leito carroçável,Com Vítimas Feridas,Pleno dia,Crescente,Nublado,Dupla,Reta,Não,1,0,1,0,0,0,1,1,-28.7776311,-49.32227656,SPRF-SC,DEL02-SC,UOP02-DEL02-SC,2020
"277952,0",2020-04-01,quarta-feira,12:10:00,SC,470,"54,5",BLUMENAU,Falta de Atenção à Condução,Colisão traseira,Com Vítimas Feridas,Pleno dia,Crescente,Céu Claro,Simples,Reta,Sim,3,0,1,0,1,1,1,3,-26.871065,-49.110374,SPRF-SC,DEL04-SC,UOP01-DEL04-SC,2020
"278006,0",2020-04-01,quarta-feira,18:30:00,SC,280,"53,8",GUARAMIRIM,Ingestão de Álcool,Colisão lateral,Sem Vítimas,Plena Noite,Decrescente,Céu Claro,Simples,Reta,Não,2,0,0,0,2,0,0,2,-26.47236756,-48.97426617,SPRF-SC,DEL03-SC,UOP03-DEL03-SC,2020
"278027,0",2020-04-01,quarta-feira,22:00:00,SC,280,"5,0",SAO FRANCISCO DO SUL,Falta de Atenção do Pedestre,Atropelamento de Pedestre,Com Vítimas Feridas,Plena Noite,Decrescente,Céu Claro,Simples,Reta,Sim,2,0,1,1,0,0,2,2,-26.26011706,-48.62571995,SPRF-SC,DEL03-SC,UOP03-DEL03-SC,2020
"278038,0",2020-04-02,quinta-feira,01:20:00,SC,116,"0,6",MAFRA,Animais na Pista,Tombamento,Com Vítimas Feridas,Plena Noite,Crescente,Céu Claro,Simples,Aclive;Curva,Sim,1,0,1,0,0,0,1,1,-26.108942,-49.784187,SPRF-SC,DEL06-SC,UOP01-DEL06-SC,2020
"278043,0",2020-04-02,quinta-feira,01:30:00,SC,480,"128,0",CHAPECO,Ingestão de Álcool,Capotamento,Com Vítimas Feridas,Plena Noite,Decrescente,Céu Claro,Dupla,Reta,Sim,1,0,1,0,0,0,1,1,-27.03781899,-52.63432603,SPRF-SC,DEL07-SC,UOP01-DEL07-SC,2020
"278055,0",2020-03-29,domingo,17:50:00,SC,116,"205,0",PONTE ALTA,Pista Escorregadia,Saída de leito carroçável,Sem Vítimas,Anoitecer,Crescente,Chuva,Simples,Reta,Não,1,0,0,0,1,0,0,1,-27.46534609,-50.38611714,SPRF-SC,DEL05-SC,UOP03-DEL05-SC,2020
"278072,0",2020-04-02,quinta-feira,11:00:00,SC,470,"141,0",RIO DO SUL,Falta de Atenção à Condução,Colisão transversal,Com Vítimas Feridas,Pleno dia,Crescente,Céu Claro,Simples,Interseção de Vias,Não,4,0,2,0,2,0,2,2,-27.226065,-49.666161,SPRF-SC,DEL04-SC,UOP02-DEL04-SC,2020
"278078,0",2020-03-07,sábado,07:30:00,SC,101,"106,0",PENHA,Velocidade Incompatível,Colisão com objeto estático,Com Vítimas Feridas,Pleno dia,Crescente,Céu Claro,Dupla,Curva,Não,1,0,1,0,0,0,1,1,-26.81031601,-48.68293896,SPRF-SC,DEL03-SC,UOP02-DEL03-SC,2020
"278109,0",2020-04-02,quinta-feira,18:20:00,SC,470,"63,0",INDAIAL,Desobediência às normas de trânsito pelo condutor,Colisão transversal,Com Vítimas Feridas,Plena Noite,Decrescente,Nublado,Simples,Reta,Sim,2,0,1,1,0,0,2,2,-26.872396,-49.19228,SPRF-SC,DEL04-SC,UOP01-DEL04-SC,2020
"278120,0",2020-04-02,quinta-feira,19:30:00,SC,101,"416,6",ARARANGUA,Desobediência às normas de trânsito pelo condutor,Colisão com objeto estático,Com Vítimas Feridas,Plena Noite,Crescente,Céu Claro,Dupla,Reta,Sim,1,0,1,0,0,0,1,1,-28.97592469,-49.53266501,SPRF-SC,DEL02-SC,UOP02-DEL02-SC,2020
"278128,0",2020-04-02,quinta-feira,21:20:00,SC,101,"212,0",PALHOCA,Falta de Atenção à Condução,Colisão transversal,Com Vítimas Feridas,Plena Noite,Crescente,Céu Claro,Múltipla,Interseção de Vias,Sim,2,0,1,0,1,0,1,2,-27.62996929,-48.65903871,SPRF-SC,DEL01-SC,UOP02-DEL01-SC,2020
"278146,0",2020-04-03,sexta-feira,00:30:00,SC,470,"130,6",LONTRAS,Falta de Atenção à Condução,Colisão com objeto estático,Com Vítimas Feridas,Plena Noite,Crescente,Nublado,Simples,Reta,Não,1,0,1,0,0,0,1,1,-27.15756,-49.556488,SPRF-SC,DEL04-SC,UOP02-DEL04-SC,2020
"278154,0",2020-04-03,sexta-feira,05:00:00,SC,280,"35,3",ARAQUARI,Defeito Mecânico no Veículo,Incêndio,Sem Vítimas,Plena Noite,Crescente,Céu Claro,Simples,Rotatória,Não,1,0,0,0,0,1,0,1,-26.43447549,-48.80453914,SPRF-SC,DEL03-SC,UOP03-DEL03-SC,2020
"278164,0",2020-04-03,sexta-feira,07:25:00,SC,282,"16,0",PALHOCA,Desobediência às normas de trânsito pelo condutor,Colisão transversal,Com Vítimas Feridas,Pleno dia,Decrescente,Sol,Simples,Reta,Não,3,0,3,0,0,0,3,2,-27.658611,-48.681847,SPRF-SC,DEL01-SC,UOP02-DEL01-SC,2020
"278200,0",2020-04-03,sexta-feira,12:50:00,SC,101,"86,3",BARRA VELHA,Defeito Mecânico no Veículo,Incêndio,Sem Vítimas,Pleno dia,Crescente,Sol,Dupla,Reta,Sim,3,0,0,0,3,0,0,1,-26.63277317,-48.70232513,SPRF-SC,DEL03-SC,UOP02-DEL03-SC,2020
"278209,0",2020-04-03,sexta-feira,08:40:00,SC,101,"327,2",CAPIVARI DE BAIXO,Desobediência às normas de trânsito pelo condutor,Colisão transversal,Com Vítimas Feridas,Pleno dia,Decrescente,Sol,Simples,Rotatória,Sim,2,0,1,0,1,0,1,2,-28.43918551,-48.96185875,SPRF-SC,DEL02-SC,UOP01-DEL02-SC,2020
"278225,0",2020-02-24,segunda-feira,01:15:00,SC,101,"156,0",PORTO BELO,Falta de Atenção à Condução,Colisão traseira,Com Vítimas Feridas,Plena Noite,Crescente,Céu Claro,Dupla,Reta,Não,2,0,0,1,1,0,1,2,-27.172272,-48.61170204,SPRF-SC,DEL04-SC,UOP03-DEL04-SC,2020
"278226,0",2020-04-03,sexta-feira,15:25:00,SC,101,"82,0",BARRA VELHA,Falta de Atenção à Condução,Colisão com objeto estático,Com Vítimas Feridas,Pleno dia,Decrescente,Céu Claro,Simples,Viaduto,Não,3,0,2,0,1,0,2,1,-26.61085222,-48.72204472,SPRF-SC,DEL03-SC,UOP02-DEL03-SC,2020
"278257,0",2020-04-03,sexta-feira,19:00:00,SC,101,"216,0",PALHOCA,Falta de Atenção à Condução,Colisão traseira,Com Vítimas Feridas,Plena Noite,Crescente,Céu Claro,Dupla,Interseção de Vias,Sim,3,0,1,0,2,0,1,2,-27.65981409,-48.67747798,SPRF-SC,DEL01-SC,UOP02-DEL01-SC,2020
"278281,0",2020-04-03,sexta-feira,22:35:00,SC,101,"209,4",SAO JOSE,Falta de Atenção à Condução,Colisão traseira,Com Vítimas Feridas,Plena Noite,Crescente,Céu Claro,Dupla,Reta,Não,2,0,1,0,1,0,1,2,-27.6167305,-48.6457265,SPRF-SC,DEL01-SC,UOP01-DEL01-SC,2020
"278283,0",2020-04-03,sexta-feira,22:35:00,SC,101,"330,0",TUBARAO,Falta de Atenção à Condução,Colisão com objeto estático,Com Vítimas Feridas,Plena Noite,Crescente,Nublado,Dupla,Reta,Sim,3,0,3,0,0,0,3,1,-28.45575,-48.981371,SPRF-SC,DEL02-SC,UOP01-DEL02-SC,2020
"278316,0",2020-04-04,sábado,05:00:00,SC,282,"571,8",NOVA ERECHIM,Condutor Dormindo,Saída de leito carroçável,Com Vítimas Feridas,Amanhecer,Decrescente,Nevoeiro/Neblina,Simples,Reta,Não,1,0,0,1,0,0,1,1,-26.886961,-52.935232,SPRF-SC,DEL07-SC,UOP02-DEL07-SC,2020
"278329,0",2020-04-04,sábado,07:30:00,SC,470,"247,0",CURITIBANOS,Velocidade Incompatível,Capotamento,Com Vítimas Feridas,Pleno dia,Crescente,Céu Claro,Simples,Rotatória,Sim,1,0,1,0,0,0,1,1,-27.315269,-50.541786,SPRF-SC,DEL05-SC,UOP03-DEL05-SC,2020
"278362,0",2020-04-04,sábado,15:00:00,SC,101,"124,0",ITAJAI,Avarias e/ou desgaste excessivo no pneu,Tombamento,Com Vítimas Feridas,Pleno dia,Decrescente,Céu Claro,Dupla,Reta,Sim,2,0,1,0,1,0,1,1,-26.94335064,-48.69198648,SPRF-SC,DEL04-SC,UOP04-DEL04-SC,2020
"278371,0",2020-04-04,sábado,16:30:00,SC,101,"54,9",JOINVILLE,Ingestão de Álcool,Colisão traseira,Sem Vítimas,Pleno dia,Crescente,Céu Claro,Dupla,Reta,Não,2,0,0,0,2,0,0,2,-26.41319508,-48.83617332,SPRF-SC,DEL03-SC,UOP01-DEL03-SC,2020
"278375,0",2020-04-04,sábado,17:30:00,SC,116,"220,5",CORREIA PINTO,Desobediência às normas de trânsito pelo condutor,Colisão transversal,Com Vítimas Feridas,Pleno dia,Decrescente,Céu Claro,Simples,Rotatória,Sim,3,0,1,1,1,0,2,2,-27.59046827,-50.36276948,SPRF-SC,DEL05-SC,UOP03-DEL05-SC,2020
"278381,0",2020-04-04,sábado,18:10:00,SC,470,"93,0",APIUNA,Defeito na Via,Tombamento,Com Vítimas Feridas,Anoitecer,Decrescente,Nublado,Simples,Reta,Não,1,0,1,0,0,0,1,1,-26.994484,-49.375908,SPRF-SC,DEL04-SC,UOP01-DEL04-SC,2020
"278396,0",2020-04-04,sábado,19:40:00,SC,280,"26,0",ARAQUARI,Falta de Atenção do Pedestre,Atropelamento de Pedestre,Com Vítimas Feridas,Plena Noite,Crescente,Céu Claro,Simples,Reta,Sim,3,0,2,0,1,0,2,2,-26.38972308,-48.73411593,SPRF-SC,DEL03-SC,UOP03-DEL03-SC,2020
"278397,0",2020-04-04,sábado,16:55:00,SC,158,"104,0",CUNHA PORA,Falta de Atenção à Condução,Tombamento,Com Vítimas Feridas,Pleno dia,Crescente,Céu Claro,Simples,Reta,Não,3,0,2,0,0,1,2,2,-26.86897509,-53.16247716,SPRF-SC,DEL07-SC,UOP02-DEL07-SC,2020
"278422,0",2020-04-04,sábado,19:00:00,SC,470,"211,5",SAO CRISTOVAO DO SUL,Falta de Atenção à Condução,Saída de leito carroçável,Com Vítimas Feridas,Plena Noite,Crescente,Céu Claro,Simples,Curva,Não,3,0,3,0,0,0,3,1,-27.306231,-50.228275,SPRF-SC,DEL05-SC,UOP03-DEL05-SC,2020
"278423,0",2020-04-04,sábado,20:00:00,SC,470,"339,1",CAMPOS NOVOS,Deficiência ou não Acionamento do Sistema de Iluminação/Sinalização do Veículo,Colisão traseira,Com Vítimas Feridas,Plena Noite,Decrescente,Céu Claro,Simples,Reta,Não,2,0,1,0,1,0,1,2,-27.52684,-51.36031,SPRF-SC,DEL07-SC,UOP06-DEL07-SC,2020
"278438,0",2020-04-04,sábado,22:50:00,SC,282,"503,6",XANXERE,Velocidade Incompatível,Saída de leito carroçável,Sem Vítimas,Plena Noite,Crescente,Céu Claro,Dupla,Aclive;Curva,Sim,1,0,0,0,0,1,0,1,-26.88250328,-52.40380197,SPRF-SC,DEL07-SC,UOP01-DEL07-SC,2020
"278446,0",2020-04-05,domingo,01:10:00,SC,101,"232,0",PALHOCA,Falta de Atenção à Condução,Colisão traseira,Com Vítimas Feridas,Plena Noite,Decrescente,Nublado,Dupla,Declive,Não,1,0,1,0,0,0,1,1,-27.795666,-48.638153,SPRF-SC,DEL01-SC,UOP02-DEL01-SC,2020
"278454,0",2020-04-05,domingo,04:05:00,SC,101,"213,0",PALHOCA,Falta de Atenção à Condução,Colisão com objeto estático,Com Vítimas Feridas,Plena Noite,Crescente,Céu Claro,Múltipla,Reta,Sim,2,0,1,0,1,0,1,1,-27.63697369,-48.66514142,SPRF-SC,DEL01-SC,UOP02-DEL01-SC,2020
"278473,0",2020-04-05,domingo,08:30:00,SC,101,"208,7",SAO JOSE,Falta de Atenção à Condução,Colisão lateral,Com Vítimas Feridas,Pleno dia,Crescente,Céu Claro,Dupla,Curva,Sim,3,0,2,0,1,0,2,2,-27.60327979,-48.63201818,SPRF-SC,DEL01-SC,UOP01-DEL01-SC,2020
"278476,0",2020-04-01,quarta-feira,20:30:00,SC,280,"127,0",RIO NEGRINHO,Falta de Atenção à Condução,Tombamento,Com Vítimas Feridas,Plena Noite,Decrescente,Céu Claro,Simples,Reta,Sim,2,0,1,0,0,1,1,2,-26.26144131,-49.54803944,SPRF-SC,DEL06-SC,UOP03-DEL06-SC,2020
"278502,0",2020-04-05,domingo,13:40:00,SC,101,"233,0",PALHOCA,Mal Súbito,Colisão com objeto estático,Com Vítimas Feridas,Pleno dia,Decrescente,Céu Claro,Dupla,Curva,Não,1,0,0,1,0,0,1,1,-27.80376397,-48.63826211,SPRF-SC,DEL01-SC,UOP02-DEL01-SC,2020
"278527,0",2020-04-05,domingo,17:15:00,SC,101,"93,8",BARRA VELHA,Defeito Mecânico no Veículo,Tombamento,Com Vítimas Feridas,Pleno dia,Crescente,Céu Claro,Dupla,Reta,Não,2,0,2,0,0,0,2,1,-26.6899011,-48.69663873,SPRF-SC,DEL03-SC,UOP02-DEL03-SC,2020
"278555,0",2020-04-05,domingo,20:55:00,SC,470,"56,0",BLUMENAU,Falta de Atenção à Condução,Tombamento,Com Vítimas Feridas,Plena Noite,Crescente,Nublado,Simples,Reta,Não,1,0,1,0,0,0,1,1,-26.87674,-49.127743,SPRF-SC,DEL04-SC,UOP01-DEL04-SC,2020
"278559,0",2020-04-05,domingo,20:45:00,SC,101,"319,7",PESCARIA BRAVA,Ingestão de Álcool,Saída de leito carroçável,Sem Vítimas,Plena Noite,Decrescente,Céu Claro,Múltipla,Interseção de Vias,Sim,2,0,0,0,0,2,0,2,-28.42978736,-48.87148792,SPRF-SC,DEL02-SC,UOP01-DEL02-SC,2020
"278582,0",2020-04-06,segunda-feira,00:55:00,SC,282,"503,1",XANXERE,Ingestão de Álcool,Capotamento,Com Vítimas Feridas,Plena Noite,Crescente,Céu Claro,Simples,Reta,Sim,2,0,0,2,0,0,2,1,-26.88492,-52.399788,SPRF-SC,DEL07-SC,UOP01-DEL07-SC,2020
"278596,0",2020-04-05,domingo,20:30:00,SC,101,"198,8",SAO JOSE,Não guardar distância de segurança,Colisão lateral,Com Vítimas Feridas,Plena Noite,Decrescente,Céu Claro,Dupla,Reta,Sim,3,0,1,0,1,1,1,2,-27.52658712,-48.63506019,SPRF-SC,DEL01-SC,UOP01-DEL01-SC,2020
"278632,0",2020-04-06,segunda-feira,11:05:00,SC,282,"218,8",LAGES,Velocidade Incompatível,Saída de leito carroçável,Com Vítimas Feridas,Pleno dia,Crescente,Chuva,Dupla,Curva,Sim,2,0,1,0,1,0,1,1,-27.797235,-50.31361,SPRF-SC,DEL05-SC,UOP01-DEL05-SC,2020
"278637,0",2020-04-06,segunda-feira,12:50:00,SC,101,"117,0",ITAJAI,Falta de Atenção à Condução,Saída de leito carroçável,Sem Vítimas,Pleno dia,Decrescente,Céu Claro,Dupla,Retorno Regulamentado,Sim,1,0,0,0,1,0,0,1,-26.88747187,-48.72252969,SPRF-SC,DEL04-SC,UOP04-DEL04-SC,2020
"278658,0",2020-04-06,segunda-feira,15:40:00,SC,116,"69,0",MONTE CASTELO,Não guardar distância de segurança,Colisão frontal,Com Vítimas Feridas,Pleno dia,Crescente,Chuva,Simples,Reta,Sim,7,0,3,3,1,0,6,3,-26.46036818,-50.22889671,SPRF-SC,DEL06-SC,UOP02-DEL06-SC,2020
"278664,0",2020-04-06,segunda-feira,14:45:00,SC,101,"250,0",PAULO LOPES,Velocidade Incompatível,Capotamento,Com Vítimas Feridas,Pleno dia,Crescente,Chuva,Dupla,Reta,Não,1,0,1,0,0,0,1,1,-27.94186028,-48.66644267,SPRF-SC,DEL02-SC,UOP03-DEL02-SC,2020
"278665,0",2020-04-06,segunda-feira,14:45:00,SC,280,"67,0",JARAGUA DO SUL,Desobediência às normas de trânsito pelo condutor,Colisão transversal,Com Vítimas Feridas,Pleno dia,Crescente,Chuva,Simples,Reta,Sim,2,0,1,0,1,0,1,2,-26.4775146,-49.10363575,SPRF-SC,DEL03-SC,UOP03-DEL03-SC,2020
"278667,0",2020-04-06,segunda-feira,15:35:00,SC,101,"217,0",PALHOCA,Falta de Atenção à Condução,Colisão lateral,Sem Vítimas,Pleno dia,Crescente,Chuva,Múltipla,Interseção de Vias,Não,2,0,0,0,2,0,0,2,-27.66779034,-48.67393586,SPRF-SC,DEL01-SC,UOP02-DEL01-SC,2020
"278670,0",2020-04-06,segunda-feira,16:20:00,SC,101,"221,0",PALHOCA,Defeito Mecânico no Veículo,Queda de ocupante de veículo,Com Vítimas Feridas,Pleno dia,Decrescente,Chuva,Dupla,Reta,Não,1,0,1,0,0,0,1,1,-27.70012652,-48.66021182,SPRF-SC,DEL01-SC,UOP02-DEL01-SC,2020
"278676,0",2020-04-06,segunda-feira,14:45:00,SC,101,"6,1",GARUVA,Pista Escorregadia,Queda de ocupante de veículo,Sem Vítimas,Pleno dia,Crescente,Chuva,Dupla,Interseção de Vias,Não,2,0,0,0,0,2,0,1,-26.02692002,-48.86142017,SPRF-SC,DEL03-SC,UOP01-DEL03-SC,2020
"278694,0",2020-04-06,segunda-feira,13:45:00,SC,282,"478,9",VARGEAO,Desobediência às normas de trânsito pelo condutor,Saída de leito carroçável,Com Vítimas Feridas,Pleno dia,Decrescente,Nublado,Dupla,Curva,Não,1,0,1,0,0,0,1,1,-26.878744,-52.186382,SPRF-SC,DEL07-SC,UOP01-DEL07-SC,2020
"278718,0",2020-04-06,segunda-feira,15:35:00,SC,153,"72,0",IRANI,Falta de Atenção à Condução,Saída de leito carroçável,Com Vítimas Feridas,Pleno dia,Crescente,Chuva,Simples,Curva,Não,1,0,1,0,0,0,1,1,-27.065798,-51.893486,SPRF-SC,DEL07-SC,UOP04-DEL07-SC,2020
"278720,0",2020-04-06,segunda-feira,09:00:00,SC,282,"629,0",IRACEMINHA,Velocidade Incompatível,Saída de leito carroçável,Com Vítimas Feridas,Pleno dia,Decrescente,Chuva,Simples,Aclive,Não,1,0,1,0,0,0,1,1,-26.819656,-53.375282,SPRF-SC,DEL07-SC,UOP02-DEL07-SC,2020
"278750,0",2020-04-07,terça-feira,08:00:00,SC,101,"207,0",SAO JOSE,Não guardar distância de segurança,Colisão lateral,Com Vítimas Feridas,Pleno dia,Decrescente,Sol,Múltipla,Reta,Não,3,0,0,2,1,0,2,2,-27.60001226,-48.6226467,SPRF-SC,DEL01-SC,UOP01-DEL01-SC,2020
"278786,0",2020-01-03,sexta-feira,05:30:00,SC,470,"324,9",CAMPOS NOVOS,Velocidade Incompatível,Saída de leito carroçável,Com Vítimas Fatais,Amanhecer,Crescente,Céu Claro,Simples,Reta,Não,1,1,0,0,0,0,0,1,-27.446829,-51.24725,SPRF-SC,DEL07-SC,UOP06-DEL07-SC,2020
"278828,0",2020-04-07,terça-feira,16:25:00,SC,280,"81,8",CORUPA,Falta de Atenção à Condução,Colisão transversal,Com Vítimas Feridas,Pleno dia,Crescente,Céu Claro,Simples,Reta;Interseção de Vias,Sim,3,0,2,0,1,0,2,2,-26.44057489,-49.217056,SPRF-SC,DEL06-SC,UOP03-DEL06-SC,2020
"278830,0",2020-04-07,terça-feira,19:00:00,SC,282,"18,0",PALHOCA,Falta de Atenção à Condução,Colisão lateral,Com Vítimas Feridas,Plena Noite,Crescente,Nublado,Simples,Reta,Não,2,0,1,0,1,0,1,2,-27.672798,-48.694286,SPRF-SC,DEL01-SC,UOP02-DEL01-SC,2020
"278849,0",2020-04-07,terça-feira,17:50:00,SC,470,"64,0",INDAIAL,Ingestão de Álcool,Colisão traseira,Sem Vítimas,Pleno dia,Crescente,Céu Claro,Simples,Reta,Não,2,0,0,0,1,1,0,2,-26.869867,-49.201859,SPRF-SC,DEL04-SC,UOP01-DEL04-SC,2020
"278850,0",2020-04-07,terça-feira,22:15:00,SC,101,"208,0",SAO JOSE,Ingestão de Álcool,Queda de ocupante de veículo,Com Vítimas Feridas,Plena Noite,Decrescente,Nublado,Múltipla,Reta,Sim,1,0,1,0,0,0,1,1,-27.60327979,-48.63201818,SPRF-SC,DEL01-SC,UOP01-DEL01-SC,2020
"278851,0",2020-04-07,terça-feira,20:15:00,SC,480,"130,0",CHAPECO,Falta de Atenção à Condução,Tombamento,Com Vítimas Feridas,Plena Noite,Decrescente,Céu Claro,Simples,Interseção de Vias,Sim,2,0,1,0,1,0,1,2,-27.05534298,-52.63652069,SPRF-SC,DEL07-SC,UOP01-DEL07-SC,2020
"278878,0",2020-04-08,quarta-feira,07:45:00,SC,282,"0,1",FLORIANOPOLIS,Velocidade Incompatível,Colisão traseira,Com Vítimas Feridas,Pleno dia,Crescente,Céu Claro,Múltipla,Reta,Sim,2,0,1,0,1,0,1,2,-27.59845,-48.571995,SPRF-SC,DEL01-SC,UOP01-DEL01-SC,2020
"278879,0",2020-04-05,domingo,17:30:00,SC,101,"215,0",PALHOCA,Ingestão de Álcool,Saída de leito carroçável,Sem Vítimas,Pleno dia,Decrescente,Céu Claro,Simples,Reta,Não,1,0,0,0,0,1,0,1,-27.65184843,-48.67604941,SPRF-SC,DEL01-SC,UOP02-DEL01-SC,2020
"278885,0",2020-04-08,quarta-feira,08:20:00,SC,282,"211,1",LAGES,Não guardar distância de segurança,Colisão traseira,Com Vítimas Feridas,Pleno dia,Crescente,Céu Claro,Simples,Reta,Não,2,0,1,0,1,0,1,2,-27.7674058,-50.16305923,SPRF-SC,DEL05-SC,UOP01-DEL05-SC,2020
"278888,0",2020-04-08,quarta-feira,09:15:00,SC,101,"207,3",SAO JOSE,Defeito Mecânico no Veículo,Tombamento,Com Vítimas Feridas,Pleno dia,Crescente,Sol,Múltipla,Reta,Sim,2,0,1,0,1,0,1,1,-27.60228613,-48.62965107,SPRF-SC,DEL01-SC,UOP01-DEL01-SC,2020
"278896,0",2020-04-08,quarta-feira,09:10:00,SC,101,"146,6",ITAPEMA,Desobediência às normas de trânsito pelo condutor,Colisão frontal,Com Vítimas Feridas,Pleno dia,Crescente,Céu Claro,Simples,Interseção de Vias,Sim,2,0,1,0,1,0,1,2,-27.08666525,-48.60955587,SPRF-SC,DEL04-SC,UOP03-DEL04-SC,2020
"278899,0",2020-04-08,quarta-feira,10:50:00,SC,101,"26,0",JOINVILLE,Não guardar distância de segurança,Colisão lateral,Com Vítimas Feridas,Pleno dia,Decrescente,Sol,Dupla,Reta,Não,2,0,1,0,1,0,1,2,-26.19234802,-48.91210384,SPRF-SC,DEL03-SC,UOP01-DEL03-SC,2020
"278914,0",2020-04-08,quarta-feira,14:30:00,SC,280,"80,2",CORUPA,Velocidade Incompatível,Saída de leito carroçável,Com Vítimas Feridas,Pleno dia,Crescente,Sol,Simples,Reta,Não,1,0,1,0,0,0,1,1,-26.44412189,-49.20975187,SPRF-SC,DEL06-SC,UOP03-DEL06-SC,2020
"278918,0",2020-04-08,quarta-feira,14:00:00,SC,470,"174,8",POUSO REDONDO,Falta de Atenção à Condução,Colisão transversal,Sem Vítimas,Pleno dia,Crescente,Sol,Simples,Reta,Sim,2,0,0,0,2,0,0,2,-27.258179,-49.929146,SPRF-SC,DEL04-SC,UOP02-DEL04-SC,2020
"278933,0",2020-04-08,quarta-feira,16:30:00,SC,101,"216,0",PALHOCA,Falta de Atenção à Condução,Colisão transversal,Com Vítimas Feridas,Pleno dia,Crescente,Sol,Simples,Viaduto,Sim,2,0,1,0,1,0,1,2,-27.65981409,-48.67747798,SPRF-SC,DEL01-SC,UOP02-DEL01-SC,2020
"278973,0",2020-04-08,quarta-feira,20:15:00,SC,101,"118,0",ITAJAI,Ingestão de Álcool,Colisão lateral,Com Vítimas Feridas,Plena Noite,Crescente,Céu Claro,Simples,Reta,Sim,3,0,2,0,1,0,2,2,-26.895859,-48.71903,SPRF-SC,DEL04-SC,UOP04-DEL04-SC,2020
"278976,0",2020-04-08,quarta-feira,21:10:00,SC,280,"58,4",GUARAMIRIM,Falta de Atenção à Condução,Colisão frontal,Com Vítimas Feridas,Plena Noite,Crescente,Céu Claro,Simples,Reta,Sim,2,0,1,0,1,0,1,2,-26.47415593,-49.021211,SPRF-SC,DEL03-SC,UOP03-DEL03-SC,2020
"278986,0",2020-04-08,quarta-feira,15:00:00,SC,470,"62,3",INDAIAL,Desobediência às normas de trânsito pelo condutor,Colisão transversal,Com Vítimas Feridas,Pleno dia,Crescente,Céu Claro,Simples,Reta,Não,2,0,1,0,1,0,1,2,-26.874521,-49.182938,SPRF-SC,DEL04-SC,UOP01-DEL04-SC,2020
"279031,0",2020-04-09,quinta-feira,09:50:00,SC,101,"333,6",TUBARAO,Não guardar distância de segurança,Colisão traseira,Com Vítimas Feridas,Pleno dia,Crescente,Céu Claro,Simples,Reta,Sim,2,0,1,0,1,0,1,2,-28.46630107,-48.99653096,SPRF-SC,DEL02-SC,UOP01-DEL02-SC,2020
"279044,0",2020-04-09,quinta-feira,09:45:00,SC,282,"368,9",ERVAL VELHO,Falta de Atenção à Condução,Colisão transversal,Com Vítimas Feridas,Pleno dia,Crescente,Sol,Simples,Reta,Sim,2,0,1,0,1,0,1,2,-27.283747,-51.434963,SPRF-SC,DEL07-SC,UOP05-DEL07-SC,2020
"279046,0",2020-04-09,quinta-feira,11:30:00,SC,101,"208,0",SAO JOSE,Falta de Atenção à Condução,Colisão transversal,Com Vítimas Feridas,Pleno dia,Crescente,Céu Claro,Simples,Reta,Sim,3,0,0,2,1,0,2,2,-27.60327979,-48.63201818,SPRF-SC,DEL01-SC,UOP01-DEL01-SC,2020
"279051,0",2020-04-09,quinta-feira,13:00:00,SC,101,"333,7",TUBARAO,Desobediência às normas de trânsito pelo condutor,Colisão transversal,Com Vítimas Feridas,Pleno dia,Decrescente,Céu Claro,Simples,Interseção de Vias,Sim,3,0,1,0,2,0,1,2,-28.46630107,-48.99653096,SPRF-SC,DEL02-SC,UOP01-DEL02-SC,2020
"279054,0",2020-04-09,quinta-feira,14:19:00,SC,470,"172,2",POUSO REDONDO,Desobediência às normas de trânsito pelo condutor,Colisão lateral,Com Vítimas Feridas,Pleno dia,Decrescente,Céu Claro,Simples,Reta,Sim,2,0,1,0,1,0,1,2,-27.257526,-49.909592,SPRF-SC,DEL04-SC,UOP02-DEL04-SC,2020