id,data_inversa,dia_semana,horario,uf,br,km,municipio,causa_acidente,tipo_acidente,classificacao_acidente,fase_dia,sentido_via,condicao_metereologica,tipo_pista,tracado_via,uso_solo,pessoas,mortos,feridos_leves,feridos_graves,ilesos,ignorados,feridos,veiculos,latitude,longitude,regional,delegacia,uop,ano_arquivo
"279062,0",2020-04-09,quinta-feira,15:10:00,SC,282,"230,0",LAGES,Desobediência às normas de trânsito pelo condutor,Colisão transversal,Com Vítimas Feridas,Pleno dia,Crescente,Céu Claro,Simples,Curva,Não,8,0,4,4,0,0,8,2,-27.7863719,-50.45514107,SPRF-SC,DEL05-SC,UOP02-DEL05-SC,2020
"279072,0",2020-04-09,quinta-feira,15:30:00,SC,101,"203,2",SAO JOSE,Desobediência às normas de trânsito pelo condutor,Colisão lateral,Sem Vítimas,Pleno dia,Crescente,Céu Claro,Múltipla,Viaduto,Sim,3,0,0,0,2,1,0,3,-27.5650044,-48.61460082,SPRF-SC,DEL01-SC,UOP01-DEL01-SC,2020
"279076,0",2020-04-09,quinta-feira,16:35:00,SC,470,"69,0",INDAIAL,Falta de Atenção à Condução,Colisão transversal,Com Vítimas Feridas,Pleno dia,Decrescente,Céu Claro,Simples,Em Obras,Sim,3,0,1,0,1,1,1,3,-26.883745,-49.246704,SPRF-SC,DEL04-SC,UOP01-DEL04-SC,2020
"279080,0",2020-04-09,quinta-feira,17:00:00,SC,470,"128,0",LONTRAS,Falta de Atenção à Condução,Colisão transversal,Com Vítimas Feridas,Pleno dia,Crescente,Céu Claro,Simples,Curva,Não,3,0,1,1,1,0,2,2,-27.15756,-49.556488,SPRF-SC,DEL04-SC,UOP02-DEL04-SC,2020
"279089,0",2020-04-09,quinta-feira,17:40:00,SC,280,"53,0",GUARAMIRIM,Falta de Atenção à Condução,Colisão traseira,Com Vítimas Feridas,Plena Noite,Crescente,Céu Claro,Simples,Em Obras,Sim,3,0,1,0,1,1,1,3,-26.47236756,-48.97426617,SPRF-SC,DEL03-SC,UOP03-DEL03-SC,2020
"279098,0",2020-04-09,quinta-feira,18:15:00,SC,470,"68,5",INDAIAL,Desobediência às normas de trânsito pelo condutor,Colisão frontal,Com Vítimas Feridas,Plena Noite,Decrescente,Nublado,Simples,Reta,Não,2,0,1,0,1,0,1,2,-26.877615,-49.239231,SPRF-SC,DEL04-SC,UOP01-DEL04-SC,2020
"279101,0",2020-04-09,quinta-feira,18:30:00,SC,101,"130,0",BALNEARIO CAMBORIU,Falta de Atenção à Condução,Colisão transversal,Com Vítimas Feridas,Plena Noite,Crescente,Céu Claro,Múltipla,Reta,Não,2,0,1,0,1,0,1,2,-26.98407618,-48.66977107,SPRF-SC,DEL04-SC,UOP03-DEL04-SC,2020
"279124,0",2020-04-09,quinta-feira,20:00:00,SC,101,"205,0",SAO JOSE,Falta de Atenção à Condução,Colisão lateral,Com Vítimas Feridas,Plena Noite,Crescente,Céu Claro,Dupla,Reta,Sim,2,0,1,0,1,0,1,2,-27.58313237,-48.61532885,SPRF-SC,DEL01-SC,UOP01-DEL01-SC,2020
"279132,0",2020-04-09,quinta-feira,16:55:00,SC,280,"269,8",IRINEOPOLIS,Velocidade Incompatível,Saída de leito carroçável,Sem Vítimas,Pleno dia,Crescente,Céu Claro,Simples,Curva;Declive,Não,1,0,0,0,0,1,0,1,-26.264091,-50.728368,SPRF-SC,DEL06-SC,UOP04-DEL06-SC,2020
"279134,0",2020-02-16,domingo,00:40:00,SC,101,"133,8",BALNEARIO CAMBORIU,Desobediência às normas de trânsito pelo condutor,Colisão transversal,Com Vítimas Feridas,Plena Noite,Crescente,Nublado,Simples,Retorno Regulamentado;Interseção de Vias;Reta,Sim,3,0,1,0,1,1,1,2,-26.99936,-48.64609,SPRF-SC,DEL04-SC,UOP03-DEL04-SC,2020
"279154,0",2020-04-09,quinta-feira,17:15:00,SC,101,"128,0",BALNEARIO CAMBORIU,Falta de Atenção à Condução,Colisão lateral,Com Vítimas Feridas,Pleno dia,Decrescente,Céu Claro,Dupla,Reta,Não,2,0,1,0,1,0,1,2,-26.97284292,-48.68299451,SPRF-SC,DEL04-SC,UOP03-DEL04-SC,2020
"279165,0",2020-04-09,quinta-feira,23:30:00,SC,101,"209,0",SAO JOSE,Objeto estático sobre o leito carroçável,Colisão com objeto estático,Com Vítimas Feridas,Pleno dia,Crescente,Céu Claro,Múltipla,Reta,Sim,1,0,1,0,0,0,1,1,-27.61000542,-48.63895057,SPRF-SC,DEL01-SC,UOP01-DEL01-SC,2020
"279167,0",2020-04-04,sábado,09:40:00,SC,101,"338,0",TUBARAO,Não guardar distância de segurança,Colisão traseira,Sem Vítimas,Pleno dia,Crescente,Céu Claro,Dupla,Reta,Sim,2,0,0,0,2,0,0,2,-28.4973334,-49.04474169,SPRF-SC,DEL02-SC,UOP01-DEL02-SC,2020
"279172,0",2020-04-10,sexta-feira,01:15:00,SC,282,"384,0",JOACABA,Velocidade Incompatível,Colisão com objeto estático,Com Vítimas Feridas,Plena Noite,Decrescente,Céu Claro,Simples,Declive;Curva,Não,1,0,1,0,0,0,1,1,-27.20299,-51.515095,SPRF-SC,DEL07-SC,UOP05-DEL07-SC,2020
"279211,0",2020-04-10,sexta-feira,09:40:00,SC,101,"89,0",BARRA VELHA,Avarias e/ou desgaste excessivo no pneu,Tombamento,Com Vítimas Feridas,Pleno dia,Crescente,Sol,Dupla,Reta,Sim,2,0,2,0,0,0,2,1,-26.65175997,-48.68721921,SPRF-SC,DEL03-SC,UOP02-DEL03-SC,2020
"279217,0",2020-04-10,sexta-feira,13:00:00,SC,101,"331,0",TUBARAO,Ingestão de Álcool,Colisão com objeto estático,Com Vítimas Feridas,Pleno dia,Crescente,Sol,Dupla,Viaduto;Reta;Aclive,Sim,2,0,1,1,0,0,2,1,-28.45567521,-48.9812689,SPRF-SC,DEL02-SC,UOP01-DEL02-SC,2020
"279221,0",2020-04-10,sexta-feira,13:40:00,SC,101,"148,4",ITAPEMA,Falta de Atenção à Condução,Colisão lateral,Com Vítimas Feridas,Pleno dia,Crescente,Sol,Simples,Reta,Sim,3,0,2,0,1,0,2,2,-27.10123686,-48.61807962,SPRF-SC,DEL04-SC,UOP03-DEL04-SC,2020
"279261,0",2020-04-10,sexta-feira,20:15:00,SC,101,"128,3",ITAJAI,Objeto estático sobre o leito carroçável,Tombamento,Com Vítimas Feridas,Plena Noite,Crescente,Céu Claro,Dupla,Curva,Não,2,0,2,0,0,0,2,1,-26.97790286,-48.68200779,SPRF-SC,DEL04-SC,UOP03-DEL04-SC,2020
"279277,0",2020-04-10,sexta-feira,23:25:00,SC,101,"215,7",PALHOCA,Desobediência às normas de trânsito pelo condutor,Colisão lateral,Com Vítimas Feridas,Plena Noite,Crescente,Céu Claro,Simples,Curva,Sim,2,0,1,0,1,0,1,2,-27.65184843,-48.67604941,SPRF-SC,DEL01-SC,UOP02-DEL01-SC,2020
"279321,0",2020-04-11,sábado,08:50:00,SC,282,"134,6",BOM RETIRO,Desobediência às normas de trânsito pelo condutor,Colisão transversal,Com Vítimas Feridas,Pleno dia,Decrescente,Céu Claro,Simples,Reta,Não,3,0,2,0,1,0,2,2,-27.813074,-49.540077,SPRF-SC,DEL05-SC,UOP01-DEL05-SC,2020
"279322,0",2020-04-11,sábado,10:40:00,SC,282,"194,6",LAGES,Desobediência às normas de trânsito pelo condutor,Colisão com objeto estático,Sem Vítimas,Pleno dia,Crescente,Céu Claro,Simples,Reta,Não,1,0,0,0,1,0,0,1,-27.74324,-50.075451,SPRF-SC,DEL05-SC,UOP01-DEL05-SC,2020
"279332,0",2020-04-11,sábado,12:10:00,SC,101,"426,5",ARARANGUA,Mal Súbito,Tombamento,Com Vítimas Feridas,Pleno dia,Crescente,Céu Claro,Múltipla,Declive,Não,2,0,1,0,0,1,1,2,-29.02593927,-49.59976914,SPRF-SC,DEL02-SC,UOP02-DEL02-SC,2020
"279343,0",2020-04-11,sábado,11:30:00,SC,101,"276,3",IMBITUBA,Falta de Atenção à Condução,Colisão com objeto estático,Sem Vítimas,Pleno dia,Crescente,Sol,Simples,Interseção de Vias,Sim,2,0,0,0,2,0,0,2,-28.161207,-48.693825,SPRF-SC,DEL02-SC,UOP03-DEL02-SC,2020
"279353,0",2020-04-11,sábado,15:20:00,SC,282,"1,0",FLORIANOPOLIS,Falta de Atenção à Condução,Colisão traseira,Com Vítimas Feridas,Pleno dia,Decrescente,Sol,Dupla,Reta,Não,2,0,1,0,1,0,1,2,-27.602955,-48.580509,SPRF-SC,DEL01-SC,UOP01-DEL01-SC,2020
"279364,0",2020-04-11,sábado,17:15:00,SC,101,"136,4",BALNEARIO CAMBORIU,Velocidade Incompatível,Saída de leito carroçável,Com Vítimas Fatais,Pleno dia,Crescente,Céu Claro,Dupla,Curva,Sim,3,2,0,0,0,1,0,2,-27.008113,-48.617245,SPRF-SC,DEL04-SC,UOP03-DEL04-SC,2020
"279366,0",2020-04-11,sábado,16:20:00,SC,470,"3,0",NAVEGANTES,Ingestão de álcool e/ou substâncias psicoativas pelo pedestre,Colisão com objeto estático,Com Vítimas Feridas,Pleno dia,Crescente,Céu Claro,Simples,Reta,Sim,1,0,1,0,0,0,1,1,-26.861937,-48.681618,SPRF-SC,DEL04-SC,UOP04-DEL04-SC,2020
"279368,0",2020-04-11,sábado,17:10:00,SC,163,"69,2",SAO MIGUEL DO OESTE,Falta de Atenção à Condução,Colisão lateral,Com Vítimas Feridas,Pleno dia,Crescente,Céu Claro,Dupla,Reta,Sim,2,0,1,0,1,0,1,2,-26.74132699,-53.50120591,SPRF-SC,DEL07-SC,UOP03-DEL07-SC,2020
"279371,0",2020-04-11,sábado,15:15:00,SC,470,"244,7",CURITIBANOS,Velocidade Incompatível,Colisão traseira,Com Vítimas Fatais,Pleno dia,Decrescente,Sol,Simples,Reta,Não,3,1,0,0,2,0,0,3,-27.314579,-50.515827,SPRF-SC,DEL05-SC,UOP03-DEL05-SC,2020
"279374,0",2020-04-11,sábado,15:55:00,SC,101,"331,0",TUBARAO,Desobediência às normas de trânsito pelo condutor,Colisão transversal,Com Vítimas Feridas,Pleno dia,Decrescente,Sol,Dupla,Rotatória,Sim,3,0,1,0,2,0,1,2,-28.465893,-48.995413,SPRF-SC,DEL02-SC,UOP01-DEL02-SC,2020
"279377,0",2020-04-11,sábado,16:50:00,SC,470,"36,0",BLUMENAU,Ingestão de álcool e/ou substâncias psicoativas pelo pedestre,Queda de ocupante de veículo,Com Vítimas Feridas,Pleno dia,Decrescente,Céu Claro,Simples,Reta,Não,2,0,1,0,1,0,1,1,-26.914196,-48.968948,SPRF-SC,DEL04-SC,UOP01-DEL04-SC,2020
"279384,0",2020-04-11,sábado,16:15:00,SC,280,"88,0",CORUPA,Velocidade Incompatível,Capotamento,Com Vítimas Feridas,Anoitecer,Crescente,Céu Claro,Simples,Curva,Não,2,0,1,0,1,0,1,1,-26.41222834,-49.27628914,SPRF-SC,DEL06-SC,UOP03-DEL06-SC,2020
"279395,0",2020-04-11,sábado,19:30:00,SC,470,"20,0",ILHOTA,Sinalização da via insuficiente ou inadequada,Saída de leito carroçável,Com Vítimas Feridas,Plena Noite,Crescente,Céu Claro,Simples,Curva;Desvio Temporário,Não,1,0,1,0,0,0,1,1,-26.870115,-48.820484,SPRF-SC,DEL04-SC,UOP04-DEL04-SC,2020
"279402,0",2020-04-11,sábado,20:30:00,SC,101,"218,0",PALHOCA,Falta de Atenção à Condução,Queda de ocupante de veículo,Com Vítimas Feridas,Plena Noite,Decrescente,Céu Claro,Simples,Reta,Não,1,0,1,0,0,0,1,1,-27.6758601,-48.67052525,SPRF-SC,DEL01-SC,UOP02-DEL01-SC,2020
"279407,0",2020-04-11,sábado,19:00:00,SC,282,"570,8",NOVA ERECHIM,Defeito na Via,Colisão traseira,Com Vítimas Fatais,Plena Noite,Decrescente,Céu Claro,Simples,Em Obras;Reta,Não,4,1,0,1,0,2,1,3,-26.89006,-52.93306,SPRF-SC,DEL07-SC,UOP02-DEL07-SC,2020
"279418,0",2020-04-11,sábado,21:50:00,SC,101,"129,0",BALNEARIO CAMBORIU,Ingestão de Álcool,Colisão com objeto estático,Sem Vítimas,Plena Noite,Decrescente,Nublado,Dupla,Curva,Não,1,0,0,0,1,0,0,1,-26.98064277,-48.6790679,SPRF-SC,DEL04-SC,UOP03-DEL04-SC,2020
"279427,0",2020-04-11,sábado,23:00:00,SC,470,"301,0",VARGEM,Ingestão de Álcool,Saída de leito carroçável,Sem Vítimas,Plena Noite,Crescente,Céu Claro,Simples,Reta,Não,1,0,0,0,1,0,0,1,-27.373833,-51.056301,SPRF-SC,DEL07-SC,UOP06-DEL07-SC,2020
"279434,0",2020-04-12,domingo,01:35:00,SC,280,"127,5",RIO NEGRINHO,Ingestão de Álcool,Colisão com objeto estático,Sem Vítimas,Pleno dia,Crescente,Céu Claro,Simples,Curva,Sim,1,0,0,0,1,0,0,1,-26.23943953,-49.50420708,SPRF-SC,DEL06-SC,UOP03-DEL06-SC,2020
"279448,0",2020-04-12,domingo,01:50:00,SC,282,"27,5",SANTO AMARO DA IMPERATRIZ,Ingestão de Álcool,Colisão lateral,Com Vítimas Feridas,Plena Noite,Decrescente,Nublado,Simples,Reta,Não,3,0,0,1,2,0,1,2,-27.67478,-48.778904,SPRF-SC,DEL01-SC,UOP03-DEL01-SC,2020
"279457,0",2020-04-12,domingo,07:50:00,SC,470,"90,0",ASCURRA,Desobediência às normas de trânsito pelo condutor,Saída de leito carroçável,Com Vítimas Feridas,Pleno dia,Decrescente,Céu Claro,Simples,Curva,Não,3,0,1,0,2,0,1,2,-26.969337,-49.367718,SPRF-SC,DEL04-SC,UOP01-DEL04-SC,2020
"279460,0",2020-04-12,domingo,08:00:00,SC,101,"203,0",SAO JOSE,Defeito Mecânico no Veículo,Queda de ocupante de veículo,Com Vítimas Feridas,Pleno dia,Crescente,Sol,Dupla,Reta,Sim,2,0,1,0,1,0,1,1,-27.5650044,-48.61460082,SPRF-SC,DEL01-SC,UOP01-DEL01-SC,2020
"279501,0",2020-04-12,domingo,11:00:00,SC,470,"8,6",NAVEGANTES,Desobediência às normas de trânsito pelo condutor,Colisão traseira,Com Vítimas Feridas,Pleno dia,Crescente,Sol,Simples,Reta,Não,2,0,2,0,0,0,2,2,-26.83688,-48.718853,SPRF-SC,DEL04-SC,UOP04-DEL04-SC,2020
"279519,0",2020-04-12,domingo,13:45:00,SC,101,"11,8",GARUVA,Defeito Mecânico no Veículo,Saída de leito carroçável,Com Vítimas Feridas,Pleno dia,Decrescente,Nublado,Dupla,Reta;Declive,Não,2,0,2,0,0,0,2,1,-26.07892972,-48.86137247,SPRF-SC,DEL03-SC,UOP01-DEL03-SC,2020
"279524,0",2020-04-12,domingo,15:20:00,SC,101,"116,7",ITAJAI,Avarias e/ou desgaste excessivo no pneu,Tombamento,Com Vítimas Feridas,Pleno dia,Crescente,Céu Claro,Simples,Reta,Sim,2,0,2,0,0,0,2,1,-26.88493592,-48.72376323,SPRF-SC,DEL04-SC,UOP04-DEL04-SC,2020
"279534,0",2020-04-12,domingo,16:40:00,SC,282,"28,6",SANTO AMARO DA IMPERATRIZ,Falta de Atenção à Condução,Colisão transversal,Com Vítimas Feridas,Pleno dia,Decrescente,Céu Claro,Simples,Rotatória,Sim,2,0,1,0,1,0,1,2,-27.67478,-48.778904,SPRF-SC,DEL01-SC,UOP03-DEL01-SC,2020
"279538,0",2020-04-12,domingo,17:25:00,SC,101,"215,0",PALHOCA,Desobediência às normas de trânsito pelo condutor,Colisão transversal,Com Vítimas Feridas,Pleno dia,Decrescente,Céu Claro,Dupla,Reta,Sim,3,0,1,1,1,0,2,3,-27.65184843,-48.67604941,SPRF-SC,DEL01-SC,UOP02-DEL01-SC,2020
"279541,0",2020-04-12,domingo,17:55:00,SC,470,"147,0",RIO DO SUL,Não guardar distância de segurança,Colisão traseira,Com Vítimas Feridas,Anoitecer,Decrescente,Céu Claro,Simples,Reta,Sim,2,0,1,0,1,0,1,2,-27.243439,-49.690025,SPRF-SC,DEL04-SC,UOP02-DEL04-SC,2020
"279544,0",2020-04-12,domingo,18:10:00,SC,470,"108,0",APIUNA,Ultrapassagem Indevida,Colisão frontal,Com Vítimas Feridas,Plena Noite,Crescente,Céu Claro,Simples,Reta,Não,2,0,0,1,1,0,1,2,-27.080708,-49.440491,SPRF-SC,DEL04-SC,UOP02-DEL04-SC,2020
"279552,0",2020-04-12,domingo,16:00:00,SC,282,"498,0",XANXERE,Falta de Atenção à Condução,Tombamento,Com Vítimas Feridas,Pleno dia,Crescente,Céu Claro,Simples,Aclive;Curva,Não,2,0,2,0,0,0,2,1,-26.87978,-52.353825,SPRF-SC,DEL07-SC,UOP01-DEL07-SC,2020
"279568,0",2020-04-12,domingo,19:00:00,SC,280,"95,0",CORUPA,Falta de Atenção à Condução,Queda de ocupante de veículo,Com Vítimas Feridas,Plena Noite,Crescente,Nublado,Simples,Aclive;Curva,Não,1,0,1,0,0,0,1,1,-26.38583849,-49.30283476,SPRF-SC,DEL06-SC,UOP03-DEL06-SC,2020
"279576,0",2020-04-12,domingo,21:15:00,SC,101,"201,9",SAO JOSE,Falta de Atenção à Condução,Colisão lateral,Com Vítimas Feridas,Plena Noite,Decrescente,Céu Claro,Múltipla,Reta,Sim,2,0,0,1,1,0,1,2,-27.54836599,-48.61977975,SPRF-SC,DEL01-SC,UOP01-DEL01-SC,2020
"279584,0",2020-04-12,domingo,20:50:00,SC,470,"43,0",GASPAR,Falta de Atenção à Condução,Queda de ocupante de veículo,Com Vítimas Feridas,Plena Noite,Crescente,Céu Claro,Simples,Curva,Não,1,0,1,0,0,0,1,1,-26.874519,-49.013454,SPRF-SC,DEL04-SC,UOP01-DEL04-SC,2020
"279585,0",2020-04-12,domingo,19:20:00,SC,470,"19,9",ILHOTA,Sinalização da via insuficiente ou inadequada,Colisão lateral,Com Vítimas Feridas,Plena Noite,Crescente,Céu Claro,Simples,Reta,Não,4,0,2,2,0,0,4,2,-26.862995,-48.814396,SPRF-SC,DEL04-SC,UOP04-DEL04-SC,2020
"279595,0",2020-04-12,domingo,19:15:00,SC,101,"306,0",LAGUNA,Condutor Dormindo,Colisão traseira,Com Vítimas Feridas,Plena Noite,Crescente,Céu Claro,Dupla,Reta,Não,3,0,1,2,0,0,3,2,-28.38437001,-48.77113299,SPRF-SC,DEL02-SC,UOP03-DEL02-SC,2020
"279600,0",2020-04-12,domingo,18:48:00,SC,101,"305,9",LAGUNA,Não guardar distância de segurança,Colisão traseira,Com Vítimas Feridas,Plena Noite,Crescente,Céu Claro,Dupla,Reta,Não,4,0,1,0,3,0,1,3,-28.38437001,-48.77113299,SPRF-SC,DEL02-SC,UOP03-DEL02-SC,2020
"279609,0",2020-04-12,domingo,22:20:00,SC,101,"415,0",ARARANGUA,Velocidade Incompatível,Colisão com objeto estático,Sem Vítimas,Plena Noite,Decrescente,Nublado,Múltipla,Curva,Sim,1,0,0,0,0,1,0,1,-28.96040535,-49.51653267,SPRF-SC,DEL02-SC,UOP02-DEL02-SC,2020
"279612,0",2020-04-13,segunda-feira,06:10:00,SC,470,"150,0",RIO DO SUL,Animais na Pista,Atropelamento de Animal,Com Vítimas Feridas,Amanhecer,Crescente,Nublado,Simples,Reta,Não,1,0,1,0,0,0,1,1,-27.256508,-49.710876,SPRF-SC,DEL04-SC,UOP02-DEL04-SC,2020
"279615,0",2020-04-12,domingo,20:20:00,SC,163,"74,0",SAO MIGUEL DO OESTE,Ingestão de Álcool,Saída de leito carroçável,Sem Vítimas,Plena Noite,Crescente,Céu Claro,Simples,Curva,Sim,1,0,0,0,1,0,0,1,-26.70200479,-53.51350653,SPRF-SC,DEL07-SC,UOP03-DEL07-SC,2020
"279619,0",2020-04-13,segunda-feira,06:55:00,SC,101,"196,8",BIGUACU,Avarias e/ou desgaste excessivo no pneu,Queda de ocupante de veículo,Com Vítimas Feridas,Pleno dia,Decrescente,Céu Claro,Dupla,Curva,Sim,1,0,0,1,0,0,1,1,-27.51101091,-48.64322292,SPRF-SC,DEL01-SC,UOP01-DEL01-SC,2020
"279638,0",2020-04-13,segunda-feira,09:40:00,SC,470,"136,0",RIO DO SUL,Desobediência às normas de trânsito pelo condutor,Colisão traseira,Com Vítimas Feridas,Pleno dia,Decrescente,Céu Claro,Simples,Reta,Sim,4,0,1,0,3,0,1,2,-27.194323,-49.624554,SPRF-SC,DEL04-SC,UOP02-DEL04-SC,2020
"279701,0",2020-04-13,segunda-feira,18:59:00,SC,101,"118,9",ITAJAI,Falta de Atenção do Pedestre,Atropelamento de Pedestre,Com Vítimas Feridas,Plena Noite,Decrescente,Céu Claro,Múltipla,Reta,Não,2,0,0,1,0,1,1,2,-26.895859,-48.71903,SPRF-SC,DEL04-SC,UOP04-DEL04-SC,2020
"279702,0",2020-04-13,segunda-feira,09:00:00,SC,101,"314,3",LAGUNA,Falta de Atenção à Condução,Colisão lateral,Com Vítimas Feridas,Pleno dia,Decrescente,Céu Claro,Simples,Reta,Não,2,0,1,0,1,0,1,2,-28.44043981,-48.82497095,SPRF-SC,DEL02-SC,UOP01-DEL02-SC,2020
"279713,0",2020-04-13,segunda-feira,18:00:00,SC,280,"66,6",JARAGUA DO SUL,Falta de Atenção à Condução,Colisão transversal,Com Vítimas Feridas,Anoitecer,Crescente,Céu Claro,Simples,Reta,Não,3,0,2,0,1,0,2,2,-26.47606607,-49.09568797,SPRF-SC,DEL03-SC,UOP03-DEL03-SC,2020
"279722,0",2020-04-13,segunda-feira,18:20:00,SC,280,"80,5",CORUPA,Deficiência ou não Acionamento do Sistema de Iluminação/Sinalização do Veículo,Colisão traseira,Com Vítimas Feridas,Plena Noite,Crescente,Céu Claro,Simples,Aclive;Reta,Sim,2,0,2,0,0,0,2,2,-26.44412189,-49.20975187,SPRF-SC,DEL06-SC,UOP03-DEL06-SC,2020
"279741,0",2020-04-13,segunda-feira,23:10:00,SC,101,"199,0",BIGUACU,Defeito Mecânico no Veículo,Incêndio,Sem Vítimas,Plena Noite,Crescente,Céu Claro,Dupla,Reta,Sim,1,0,0,0,1,0,0,1,-27.53413705,-48.63003205,SPRF-SC,DEL01-SC,UOP01-DEL01-SC,2020
"279742,0",2020-04-14,terça-feira,01:00:00,SC,101,"132,0",BALNEARIO CAMBORIU,Mal Súbito,Colisão com objeto estático,Com Vítimas Feridas,Plena Noite,Decrescente,Céu Claro,Dupla,Curva,Sim,1,0,1,0,0,0,1,1,-26.99654133,-48.65564711,SPRF-SC,DEL04-SC,UOP03-DEL04-SC,2020
"279766,0",2020-04-14,terça-feira,07:15:00,SC,101,"38,5",JOINVILLE,Defeito na Via,Tombamento,Com Vítimas Feridas,Pleno dia,Decrescente,Nublado,Dupla,Reta,Sim,1,0,1,0,0,0,1,1,-26.25472505,-48.90561309,SPRF-SC,DEL03-SC,UOP01-DEL03-SC,2020
"279786,0",2020-04-14,terça-feira,10:35:00,SC,282,"79,9",RANCHO QUEIMADO,Velocidade Incompatível,Saída de leito carroçável,Com Vítimas Feridas,Pleno dia,Crescente,Nublado,Simples,Curva,Não,4,0,2,1,1,0,3,1,-27.66680561,-49.16038513,SPRF-SC,DEL01-SC,UOP03-DEL01-SC,2020
"279795,0",2020-04-14,terça-feira,12:20:00,SC,101,"214,5",PALHOCA,Falta de Atenção à Condução,Queda de ocupante de veículo,Com Vítimas Feridas,Pleno dia,Crescente,Céu Claro,Múltipla,Reta,Não,2,0,1,0,1,0,1,2,-27.64443,-48.67057,SPRF-SC,DEL01-SC,UOP02-DEL01-SC,2020
"279798,0",2020-04-14,terça-feira,12:15:00,SC,282,"22,0",PALHOCA,Desobediência às normas de trânsito pelo condutor,Colisão lateral,Com Vítimas Feridas,Pleno dia,Crescente,Céu Claro,Simples,Reta,Sim,2,0,0,1,1,0,1,2,-27.688507,-48.72739,SPRF-SC,DEL01-SC,UOP02-DEL01-SC,2020
"279844,0",2020-04-14,terça-feira,19:15:00,SC,101,"199,7",SAO JOSE,Velocidade Incompatível,Engavetamento,Com Vítimas Feridas,Plena Noite,Crescente,Céu Claro,Múltipla,Reta,Sim,4,0,1,0,3,0,1,3,-27.53525044,-48.62886222,SPRF-SC,DEL01-SC,UOP01-DEL01-SC,2020
"279850,0",2020-04-14,terça-feira,16:20:00,SC,282,"2,8",FLORIANOPOLIS,Defeito Mecânico no Veículo,Colisão com objeto estático,Com Vítimas Feridas,Pleno dia,Crescente,Sol,Múltipla,Viaduto,Sim,2,0,1,0,0,1,1,2,-27.60162058,-48.59752893,SPRF-SC,DEL01-SC,UOP01-DEL01-SC,2020
"279856,0",2020-04-14,terça-feira,16:00:00,SC,470,"136,8",RIO DO SUL,Falta de Atenção à Condução,Colisão traseira,Com Vítimas Feridas,Pleno dia,Crescente,Céu Claro,Simples,Reta,Sim,2,0,1,0,1,0,1,2,-27.194323,-49.624554,SPRF-SC,DEL04-SC,UOP02-DEL04-SC,2020
"279860,0",2020-04-14,terça-feira,19:30:00,SC,101,"425,0",ARARANGUA,Falta de Atenção à Condução,Colisão traseira,Sem Vítimas,Plena Noite,Decrescente,Céu Claro,Dupla,Reta,Não,2,0,0,0,1,1,0,2,-29.02095789,-49.59124506,SPRF-SC,DEL02-SC,UOP02-DEL02-SC,2020
"279861,0",2020-04-14,terça-feira,12:00:00,SC,480,"131,0",CHAPECO,Desobediência às normas de trânsito pelo condutor,Colisão frontal,Com Vítimas Feridas,Pleno dia,Crescente,Céu Claro,Dupla,Reta,Sim,2,0,1,0,1,0,1,2,-27.06314223,-52.63234636,SPRF-SC,DEL07-SC,UOP01-DEL07-SC,2020
"279863,0",2020-04-14,terça-feira,20:40:00,SC,101,"216,0",PALHOCA,Desobediência às normas de trânsito pelo condutor,Queda de ocupante de veículo,Com Vítimas Feridas,Plena Noite,Crescente,Céu Claro,Múltipla,Reta,Não,2,0,1,0,1,0,1,2,-27.65981409,-48.67747798,SPRF-SC,DEL01-SC,UOP02-DEL01-SC,2020
"279874,0",2020-04-15,quarta-feira,02:00:00,SC,101,"83,2",BARRA VELHA,Ingestão de Álcool,Colisão com objeto estático,Com Vítimas Feridas,Plena Noite,Decrescente,Céu Claro,Dupla,Reta,Sim,5,0,5,0,0,0,5,1,-26.61865655,-48.71834126,SPRF-SC,DEL03-SC,UOP02-DEL03-SC,2020
"279891,0",2020-04-15,quarta-feira,08:20:00,SC,101,"44,8",JOINVILLE,Desobediência às normas de trânsito pelo condutor,Colisão transversal,Com Vítimas Feridas,Pleno dia,Crescente,Sol,Dupla,Reta,Sim,2,0,1,0,1,0,1,2,-26.31238996,-48.87458997,SPRF-SC,DEL03-SC,UOP01-DEL03-SC,2020
"279960,0",2020-04-15,quarta-feira,13:55:00,SC,282,"384,3",JOACABA,Falta de Atenção à Condução,Colisão transversal,Com Vítimas Feridas,Pleno dia,Decrescente,Céu Claro,Simples,Rotatória,Não,3,0,1,0,2,0,1,2,-27.20299,-51.515095,SPRF-SC,DEL07-SC,UOP05-DEL07-SC,2020
"279961,0",2020-04-15,quarta-feira,18:50:00,SC,470,"60,1",BLUMENAU,Desobediência às normas de trânsito pelo condutor,Colisão transversal,Com Vítimas Feridas,Plena Noite,Decrescente,Céu Claro,Simples,Reta;Rotatória,Sim,3,0,2,0,0,1,2,2,-26.88073689,-49.16696191,SPRF-SC,DEL04-SC,UOP01-DEL04-SC,2020
"279983,0",2020-04-15,quarta-feira,18:50:00,SC,101,"265,0",PAULO LOPES,Falta de Atenção à Condução,Colisão transversal,Com Vítimas Feridas,Plena Noite,Crescente,Céu Claro,Múltipla,Interseção de Vias,Sim,2,0,0,1,1,0,1,2,-28.06349784,-48.71627569,SPRF-SC,DEL02-SC,UOP03-DEL02-SC,2020
"279985,0",2020-04-15,quarta-feira,16:50:00,SC,101,"118,3",ITAJAI,Falta de Atenção à Condução,Tombamento,Com Vítimas Feridas,Pleno dia,Decrescente,Sol,Múltipla,Reta,Sim,1,0,1,0,0,0,1,1,-26.895859,-48.71903,SPRF-SC,DEL04-SC,UOP04-DEL04-SC,2020