id,data_inversa,dia_semana,horario,uf,br,km,municipio,causa_acidente,tipo_acidente,classificacao_acidente,fase_dia,sentido_via,condicao_metereologica,tipo_pista,tracado_via,uso_solo,pessoas,mortos,feridos_leves,feridos_graves,ilesos,ignorados,feridos,veiculos,latitude,longitude,regional,delegacia,uop,ano_arquivo
"280025,0",2020-04-16,quinta-feira,08:10:00,SC,163,"72,6",SAO MIGUEL DO OESTE,Falta de Atenção à Condução,Colisão transversal,Com Vítimas Feridas,Pleno dia,Crescente,Céu Claro,Simples,Reta,Sim,2,0,2,0,0,0,2,2,-26.71908804,-53.5157791,SPRF-SC,DEL07-SC,UOP03-DEL07-SC,2020
"280035,0",2020-04-16,quinta-feira,07:50:00,SC,101,"43,2",JOINVILLE,Desobediência às normas de trânsito pelo condutor,Colisão transversal,Com Vítimas Feridas,Pleno dia,Crescente,Sol,Simples,Interseção de Vias,Sim,2,0,2,0,0,0,2,2,-26.30357106,-48.88225609,SPRF-SC,DEL03-SC,UOP01-DEL03-SC,2020
"280051,0",2020-04-16,quinta-feira,11:35:00,SC,282,"5,9",SAO JOSE,Não guardar distância de segurança,Colisão traseira,Com Vítimas Feridas,Pleno dia,Crescente,Céu Claro,Dupla,Curva,Sim,3,0,2,0,1,0,2,2,-27.588425,-48.612919,SPRF-SC,DEL01-SC,UOP01-DEL01-SC,2020
"280056,0",2020-04-16,quinta-feira,12:35:00,SC,282,"58,0",RANCHO QUEIMADO,Falta de Atenção à Condução,Colisão transversal,Com Vítimas Feridas,Pleno dia,Decrescente,Sol,Simples,Curva,Não,2,0,1,0,1,0,1,2,-27.683594,-49.005539,SPRF-SC,DEL01-SC,UOP03-DEL01-SC,2020
"280057,0",2020-04-16,quinta-feira,11:55:00,SC,101,"59,3",ARAQUARI,Não guardar distância de segurança,Colisão traseira,Com Vítimas Feridas,Pleno dia,Decrescente,Céu Claro,Dupla,Curva,Não,2,0,2,0,0,0,2,2,-26.44651734,-48.79426826,SPRF-SC,DEL03-SC,UOP02-DEL03-SC,2020
"280059,0",2020-04-16,quinta-feira,11:10:00,SC,282,"34,9",AGUAS MORNAS,Falta de Atenção à Condução,Saída de leito carroçável,Sem Vítimas,Pleno dia,Crescente,Céu Claro,Simples,Curva,Não,1,0,0,0,1,0,0,1,-27.704247,-48.817547,SPRF-SC,DEL01-SC,UOP03-DEL01-SC,2020
"280060,0",2020-04-16,quinta-feira,12:20:00,SC,101,"332,8",TUBARAO,Desobediência às normas de trânsito pelo condutor,Colisão lateral,Com Vítimas Feridas,Pleno dia,Decrescente,Céu Claro,Dupla,Rotatória,Sim,2,0,1,0,1,0,1,2,-28.46605045,-48.99559021,SPRF-SC,DEL02-SC,UOP01-DEL02-SC,2020
"280064,0",2020-04-16,quinta-feira,13:35:00,SC,116,"58,0",PAPANDUVA,Falta de Atenção à Condução,Colisão transversal,Com Vítimas Feridas,Pleno dia,Decrescente,Céu Claro,Simples,Reta,Não,2,0,1,0,1,0,1,2,-26.37772259,-50.19785907,SPRF-SC,DEL06-SC,UOP02-DEL06-SC,2020
"280081,0",2020-04-16,quinta-feira,15:10:00,SC,101,"143,0",ITAPEMA,Falta de Atenção à Condução,Colisão transversal,Com Vítimas Feridas,Pleno dia,Crescente,Céu Claro,Simples,Reta,Sim,2,0,1,0,1,0,1,2,-27.06436,-48.59599405,SPRF-SC,DEL04-SC,UOP03-DEL04-SC,2020
"280121,0",2020-04-16,quinta-feira,16:45:00,SC,280,"6,9",SAO FRANCISCO DO SUL,Falta de Atenção à Condução,Colisão transversal,Com Vítimas Feridas,Pleno dia,Crescente,Céu Claro,Simples,Rotatória,Sim,2,0,1,0,1,0,1,2,-26.26569095,-48.63361804,SPRF-SC,DEL03-SC,UOP03-DEL03-SC,2020
"280122,0",2020-04-16,quinta-feira,20:10:00,SC,101,"197,0",BIGUACU,Desobediência às normas de trânsito pelo condutor,Colisão lateral,Com Vítimas Feridas,Plena Noite,Decrescente,Céu Claro,Dupla,Reta,Sim,3,0,2,0,0,1,2,2,-27.51844497,-48.63848496,SPRF-SC,DEL01-SC,UOP01-DEL01-SC,2020
"280123,0",2020-04-16,quinta-feira,19:00:00,SC,101,"149,0",ITAPEMA,Ingestão de álcool e/ou substâncias psicoativas pelo pedestre,Colisão transversal,Com Vítimas Feridas,Plena Noite,Crescente,Céu Claro,Simples,Interseção de Vias,Sim,3,0,2,0,1,0,2,2,-27.1089649,-48.61277586,SPRF-SC,DEL04-SC,UOP03-DEL04-SC,2020
"280128,0",2020-04-16,quinta-feira,21:40:00,SC,101,"204,6",SAO JOSE,Falta de Atenção à Condução,Tombamento,Com Vítimas Feridas,Plena Noite,Decrescente,Céu Claro,Dupla,Interseção de Vias,Sim,1,0,1,0,0,0,1,1,-27.59521734,-48.61906355,SPRF-SC,DEL01-SC,UOP01-DEL01-SC,2020
"280129,0",2020-04-16,quinta-feira,19:35:00,SC,280,"29,5",ARAQUARI,Falta de Atenção à Condução,Colisão transversal,Com Vítimas Feridas,Plena Noite,Crescente,Céu Claro,Simples,Interseção de Vias,Não,2,0,0,1,1,0,1,2,-26.4128958,-48.75689507,SPRF-SC,DEL03-SC,UOP03-DEL03-SC,2020
"280143,0",2020-04-16,quinta-feira,22:30:00,SC,101,"110,4",PENHA,Objeto estático sobre o leito carroçável,Colisão com objeto estático,Com Vítimas Feridas,Plena Noite,Decrescente,Céu Claro,Dupla,Reta,Não,2,0,1,0,1,0,1,2,-26.83477,-48.706151,SPRF-SC,DEL03-SC,UOP02-DEL03-SC,2020
"280144,0",2020-04-16,quinta-feira,23:45:00,SC,101,"208,2",SAO JOSE,Falta de Atenção à Condução,Tombamento,Com Vítimas Feridas,Plena Noite,Decrescente,Céu Claro,Múltipla,Reta,Sim,1,0,1,0,0,0,1,1,-27.60327979,-48.63201818,SPRF-SC,DEL01-SC,UOP01-DEL01-SC,2020
"280161,0",2020-04-17,sexta-feira,07:30:00,SC,470,"62,0",INDAIAL,Desobediência às normas de trânsito pelo condutor,Colisão transversal,Com Vítimas Feridas,Pleno dia,Decrescente,Céu Claro,Simples,Reta,Sim,2,0,0,1,1,0,1,2,-26.874521,-49.182938,SPRF-SC,DEL04-SC,UOP01-DEL04-SC,2020
"280168,0",2020-04-17,sexta-feira,07:45:00,SC,101,"205,7",SAO JOSE,Não guardar distância de segurança,Colisão traseira,Com Vítimas Feridas,Pleno dia,Decrescente,Céu Claro,Dupla,Reta,Sim,3,0,1,0,2,0,1,2,-27.58313237,-48.61532885,SPRF-SC,DEL01-SC,UOP01-DEL01-SC,2020
"280175,0",2020-04-17,sexta-feira,09:20:00,SC,280,"148,2",MAFRA,Falta de Atenção à Condução,Colisão frontal,Com Vítimas Fatais,Pleno dia,Decrescente,Céu Claro,Simples,Curva,Não,5,1,0,3,0,1,3,3,-26.24634098,-49.67612686,SPRF-SC,DEL06-SC,UOP03-DEL06-SC,2020
"280256,0",2020-04-17,sexta-feira,15:00:00,SC,470,"79,0",RODEIO,Ultrapassagem Indevida,Capotamento,Com Vítimas Feridas,Pleno dia,Crescente,Nublado,Simples,Reta,Não,1,0,1,0,0,0,1,1,-26.93033471,-49.28638458,SPRF-SC,DEL04-SC,UOP01-DEL04-SC,2020
"280275,0",2020-04-17,sexta-feira,20:00:00,SC,116,"49,2",PAPANDUVA,Ultrapassagem Indevida,Colisão traseira,Com Vítimas Feridas,Pleno dia,Crescente,Céu Claro,Simples,Reta,Não,2,0,1,1,0,0,2,2,-26.37076692,-50.1256021,SPRF-SC,DEL06-SC,UOP01-DEL06-SC,2020
"280284,0",2020-04-17,sexta-feira,18:50:00,SC,470,"139,3",RIO DO SUL,Falta de Atenção à Condução,Colisão transversal,Com Vítimas Feridas,Plena Noite,Crescente,Nublado,Simples,Rotatória,Sim,3,0,0,1,2,0,1,2,-27.20193,-49.63383,SPRF-SC,DEL04-SC,UOP02-DEL04-SC,2020
"280290,0",2020-04-17,sexta-feira,20:50:00,SC,282,"16,8",PALHOCA,Falta de Atenção do Pedestre,Atropelamento de Pedestre,Com Vítimas Fatais,Plena Noite,Crescente,Céu Claro,Simples,Reta,Não,2,1,0,0,1,0,0,2,-27.658611,-48.681847,SPRF-SC,DEL01-SC,UOP02-DEL01-SC,2020
"280301,0",2020-04-17,sexta-feira,18:45:00,SC,280,"130,2",RIO NEGRINHO,Falta de Atenção à Condução,Colisão frontal,Com Vítimas Feridas,Anoitecer,Decrescente,Céu Claro,Simples,Curva,Sim,2,0,1,0,1,0,1,2,-26.2530246,-49.52924913,SPRF-SC,DEL06-SC,UOP03-DEL06-SC,2020
"280314,0",2020-04-18,sábado,03:20:00,SC,101,"218,9",PALHOCA,Ingestão de Álcool,Colisão com objeto estático,Sem Vítimas,Plena Noite,Crescente,Céu Claro,Dupla,Reta,Não,1,0,0,0,1,0,0,1,-27.6758601,-48.67052525,SPRF-SC,DEL01-SC,UOP02-DEL01-SC,2020
"280316,0",2020-04-18,sábado,05:15:00,SC,101,"335,6",TUBARAO,Ingestão de Álcool,Colisão com objeto estático,Sem Vítimas,Plena Noite,Decrescente,Nublado,Múltipla,Curva,Sim,1,0,0,0,1,0,0,1,-28.46927473,-49.01557908,SPRF-SC,DEL02-SC,UOP01-DEL02-SC,2020
"280353,0",2020-04-18,sábado,12:50:00,SC,101,"404,0",ARARANGUA,Defeito Mecânico no Veículo,Tombamento,Com Vítimas Feridas,Pleno dia,Decrescente,Céu Claro,Dupla,Reta,Não,2,0,1,1,0,0,2,1,-28.87801417,-49.45745479,SPRF-SC,DEL02-SC,UOP02-DEL02-SC,2020
"280354,0",2020-04-18,sábado,13:05:00,SC,101,"120,0",ITAJAI,Avarias e/ou desgaste excessivo no pneu,Queda de ocupante de veículo,Com Vítimas Feridas,Pleno dia,Crescente,Sol,Múltipla,Reta,Sim,2,0,2,0,0,0,2,1,-26.912758,-48.711998,SPRF-SC,DEL04-SC,UOP04-DEL04-SC,2020
"280366,0",2020-04-18,sábado,14:45:00,SC,101,"155,0",PORTO BELO,Falta de Atenção à Condução,Tombamento,Com Vítimas Feridas,Pleno dia,Decrescente,Céu Claro,Simples,Interseção de Vias,Não,1,0,1,0,0,0,1,1,-27.16292,-48.61129,SPRF-SC,DEL04-SC,UOP03-DEL04-SC,2020
"280372,0",2020-04-18,sábado,03:00:00,SC,153,"7,7",AGUA DOCE,Animais na Pista,Atropelamento de Animal,Com Vítimas Feridas,Plena Noite,Decrescente,Céu Claro,Simples,Reta,Não,5,0,4,1,0,0,5,1,-26.658108,-51.536217,SPRF-SC,DEL07-SC,UOP07-DEL07-SC,2020
"280394,0",2020-04-17,sexta-feira,02:00:00,SC,101,"149,0",ITAPEMA,Defeito Mecânico no Veículo,Incêndio,Sem Vítimas,Plena Noite,Decrescente,Céu Claro,Simples,Reta,Sim,1,0,0,0,1,0,0,1,-27.1089649,-48.61277586,SPRF-SC,DEL04-SC,UOP03-DEL04-SC,2020
"280409,0",2020-04-18,sábado,16:20:00,SC,101,"332,9",TUBARAO,Falta de Atenção à Condução,Colisão lateral,Com Vítimas Feridas,Pleno dia,Crescente,Céu Claro,Dupla,Interseção de Vias,Não,3,0,1,1,1,0,2,2,-28.46016431,-48.98968873,SPRF-SC,DEL02-SC,UOP01-DEL02-SC,2020
"280417,0",2020-04-18,sábado,14:45:00,SC,101,"281,0",IMBITUBA,Condutor Dormindo,Capotamento,Com Vítimas Feridas,Pleno dia,Crescente,Nublado,Dupla,Reta,Não,4,0,2,1,1,0,3,1,-28.18793595,-48.69652041,SPRF-SC,DEL02-SC,UOP03-DEL02-SC,2020
"280418,0",2020-04-18,sábado,17:30:00,SC,101,"297,0",IMBITUBA,Falta de Atenção à Condução,Colisão transversal,Com Vítimas Feridas,Pleno dia,Crescente,Céu Claro,Dupla,Reta,Não,2,0,0,1,1,0,1,2,-28.31353989,-48.7240982,SPRF-SC,DEL02-SC,UOP03-DEL02-SC,2020
"280428,0",2020-04-18,sábado,16:39:00,SC,282,"207,3",LAGES,Não guardar distância de segurança,Colisão traseira,Com Vítimas Feridas,Pleno dia,Decrescente,Sol,Simples,Declive,Sim,2,0,1,0,1,0,1,2,-27.773464,-50.202095,SPRF-SC,DEL05-SC,UOP01-DEL05-SC,2020
"280432,0",2020-04-18,sábado,19:15:00,SC,282,"16,0",PALHOCA,Falta de Atenção à Condução,Colisão lateral,Com Vítimas Feridas,Plena Noite,Decrescente,Céu Claro,Simples,Reta,Não,2,0,1,0,1,0,1,2,-27.658611,-48.681847,SPRF-SC,DEL01-SC,UOP02-DEL01-SC,2020
"280434,0",2020-04-18,sábado,20:10:00,SC,101,"201,0",SAO JOSE,Desobediência às normas de trânsito pelo condutor,Saída de leito carroçável,Sem Vítimas,Plena Noite,Crescente,Céu Claro,Múltipla,Reta,Sim,1,0,0,0,0,1,0,1,-27.54836599,-48.61977975,SPRF-SC,DEL01-SC,UOP01-DEL01-SC,2020
"280436,0",2020-04-18,sábado,18:33:00,SC,282,"209,0",LAGES,Falta de Atenção à Condução,Colisão transversal,Com Vítimas Feridas,Plena Noite,Decrescente,Céu Claro,Simples,Declive,Não,2,0,1,0,1,0,1,2,-27.776926,-50.221893,SPRF-SC,DEL05-SC,UOP01-DEL05-SC,2020
"280442,0",2020-04-18,sábado,20:50:00,SC,470,"6,7",NAVEGANTES,Falta de Atenção à Condução,Saída de leito carroçável,Com Vítimas Feridas,Plena Noite,Crescente,Céu Claro,Simples,Desvio Temporário,Sim,1,0,0,1,0,0,1,1,-26.852238,-48.709545,SPRF-SC,DEL04-SC,UOP04-DEL04-SC,2020
"280455,0",2020-04-18,sábado,15:20:00,SC,282,"565,8",NOVA ERECHIM,Desobediência às normas de trânsito pelo condutor,Saída de leito carroçável,Sem Vítimas,Pleno dia,Decrescente,Céu Claro,Simples,Reta,Não,1,0,0,0,1,0,0,1,-26.900272,-52.888309,SPRF-SC,DEL07-SC,UOP02-DEL07-SC,2020
"280461,0",2020-04-18,sábado,22:10:00,SC,282,"18,0",PALHOCA,Desobediência às normas de trânsito pelo condutor,Colisão transversal,Com Vítimas Feridas,Plena Noite,Crescente,Céu Claro,Simples,Reta,Sim,2,0,1,1,0,0,2,2,-27.672798,-48.694286,SPRF-SC,DEL01-SC,UOP02-DEL01-SC,2020
"280466,0",2020-04-18,sábado,22:50:00,SC,101,"165,0",TIJUCAS,Falta de Atenção à Condução,Capotamento,Com Vítimas Feridas,Plena Noite,Decrescente,Céu Claro,Dupla,Reta,Não,2,0,2,0,0,0,2,1,-27.252663,-48.63154894,SPRF-SC,DEL04-SC,UOP03-DEL04-SC,2020
"280480,0",2020-04-18,sábado,22:10:00,SC,282,"503,5",XANXERE,Ingestão de Álcool,Tombamento,Com Vítimas Feridas,Plena Noite,Decrescente,Céu Claro,Dupla,Interseção de Vias;Curva,Sim,1,0,1,0,0,0,1,1,-26.88374693,-52.40259832,SPRF-SC,DEL07-SC,UOP01-DEL07-SC,2020
"280483,0",2020-04-18,sábado,11:20:00,SC,101,"145,0",ITAPEMA,Desobediência às normas de trânsito pelo condutor,Queda de ocupante de veículo,Com Vítimas Feridas,Pleno dia,Crescente,Sol,Simples,Interseção de Vias,Sim,1,0,1,0,0,0,1,1,-27.08139206,-48.60130993,SPRF-SC,DEL04-SC,UOP03-DEL04-SC,2020
"280497,0",2020-04-19,domingo,07:30:00,SC,470,"120,9",IBIRAMA,Defeito Mecânico no Veículo,Incêndio,Sem Vítimas,Pleno dia,Crescente,Nublado,Simples,Aclive;Reta,Não,1,0,0,0,1,0,0,1,-27.089924,-49.520416,SPRF-SC,DEL04-SC,UOP02-DEL04-SC,2020
"280540,0",2020-04-19,domingo,12:45:00,SC,280,"99,0",SAO BENTO DO SUL,Pista Escorregadia,Colisão frontal,Com Vítimas Feridas,Pleno dia,Crescente,Chuva,Simples,Curva;Aclive,Não,3,0,3,0,0,0,3,2,-26.36500361,-49.33510122,SPRF-SC,DEL06-SC,UOP03-DEL06-SC,2020
"280543,0",2020-04-19,domingo,13:30:00,SC,101,"315,4",PESCARIA BRAVA,Defeito na Via,Tombamento,Com Vítimas Feridas,Pleno dia,Crescente,Sol,Múltipla,Curva,Sim,1,0,0,1,0,0,1,1,-28.425558,-48.853619,SPRF-SC,DEL02-SC,UOP01-DEL02-SC,2020
"280550,0",2020-04-19,domingo,15:45:00,SC,101,"216,3",PALHOCA,Defeito Mecânico no Veículo,Queda de ocupante de veículo,Com Vítimas Feridas,Pleno dia,Crescente,Céu Claro,Dupla,Reta,Sim,2,0,1,0,1,0,1,1,-27.65981409,-48.67747798,SPRF-SC,DEL01-SC,UOP02-DEL01-SC,2020
"280551,0",2020-04-19,domingo,14:43:00,SC,282,"456,7",PONTE SERRADA,Falta de Atenção à Condução,Colisão transversal,Com Vítimas Feridas,Pleno dia,Decrescente,Céu Claro,Simples,Curva,Não,2,0,1,0,1,0,1,2,-26.885752,-52.004669,SPRF-SC,DEL07-SC,UOP04-DEL07-SC,2020
"280557,0",2020-04-19,domingo,16:30:00,SC,101,"162,5",TIJUCAS,Falta de Atenção à Condução,Colisão lateral,Com Vítimas Feridas,Pleno dia,Decrescente,Céu Claro,Simples,Reta,Sim,3,0,2,0,1,0,2,2,-27.22554009,-48.6279367,SPRF-SC,DEL04-SC,UOP03-DEL04-SC,2020
"280563,0",2020-04-19,domingo,17:00:00,SC,101,"333,7",TUBARAO,Desobediência às normas de trânsito pelo condutor,Colisão transversal,Com Vítimas Feridas,Pleno dia,Decrescente,Sol,Dupla,Rotatória,Sim,4,0,3,0,1,0,3,2,-28.46979,-49.015059,SPRF-SC,DEL02-SC,UOP01-DEL02-SC,2020
"280584,0",2020-04-19,domingo,18:45:00,SC,280,"29,0",ARAQUARI,Não guardar distância de segurança,Colisão traseira,Sem Vítimas,Plena Noite,Crescente,Céu Claro,Simples,Reta,Sim,2,0,0,0,2,0,0,2,-26.408447,-48.750323,SPRF-SC,DEL03-SC,UOP03-DEL03-SC,2020
"280586,0",2020-04-19,domingo,05:00:00,SC,280,"51,4",GUARAMIRIM,Sinalização da via insuficiente ou inadequada,Colisão com objeto estático,Com Vítimas Feridas,Plena Noite,Crescente,Chuva,Simples,Desvio Temporário;Interseção de Vias;Rotatória;Em Obras,Não,2,0,0,1,0,1,1,1,-26.46538871,-48.95544449,SPRF-SC,DEL03-SC,UOP03-DEL03-SC,2020
"280604,0",2020-04-19,domingo,20:10:00,SC,101,"156,0",PORTO BELO,Ingestão de Álcool,Colisão com objeto estático,Com Vítimas Feridas,Plena Noite,Decrescente,Céu Claro,Dupla,Reta,Não,2,0,2,0,0,0,2,1,-27.172272,-48.61170204,SPRF-SC,DEL04-SC,UOP03-DEL04-SC,2020
"280608,0",2020-04-19,domingo,21:00:00,SC,282,"19,0",PALHOCA,Falta de Atenção do Pedestre,Atropelamento de Pedestre,Com Vítimas Fatais,Plena Noite,Crescente,Céu Claro,Simples,Reta;Aclive,Não,2,1,0,0,1,0,0,2,-27.678635,-48.70192,SPRF-SC,DEL01-SC,UOP02-DEL01-SC,2020
"280634,0",2020-04-19,domingo,23:10:00,SC,470,"284,8",BRUNOPOLIS,Ingestão de Álcool,Saída de leito carroçável,Sem Vítimas,Plena Noite,Decrescente,Céu Claro,Simples,Reta,Não,1,0,0,0,0,1,0,1,-27.331482,-50.902504,SPRF-SC,DEL07-SC,UOP06-DEL07-SC,2020
"280649,0",2020-04-19,domingo,06:40:00,SC,280,"293,3",PORTO UNIAO,Velocidade Incompatível,Capotamento,Com Vítimas Feridas,Amanhecer,Decrescente,Nublado,Simples,Curva,Não,1,0,1,0,0,0,1,1,-26.29772415,-50.95325947,SPRF-SC,DEL06-SC,UOP04-DEL06-SC,2020
"280655,0",2020-04-20,segunda-feira,08:15:00,SC,101,"209,0",SAO JOSE,Falta de Atenção à Condução,Colisão traseira,Com Vítimas Feridas,Pleno dia,Decrescente,Sol,Dupla,Reta,Sim,2,0,1,0,1,0,1,2,-27.61000542,-48.63895057,SPRF-SC,DEL01-SC,UOP01-DEL01-SC,2020
"280666,0",2020-04-20,segunda-feira,10:00:00,SC,101,"155,0",PORTO BELO,Velocidade Incompatível,Tombamento,Com Vítimas Feridas,Pleno dia,Crescente,Sol,Simples,Reta,Não,1,0,1,0,0,0,1,1,-27.16292,-48.61129,SPRF-SC,DEL04-SC,UOP03-DEL04-SC,2020
"280687,0",2020-04-20,segunda-feira,11:15:00,SC,101,"120,8",ITAJAI,Falta de Atenção à Condução,Tombamento,Com Vítimas Feridas,Pleno dia,Crescente,Céu Claro,Simples,Viaduto,Não,1,0,1,0,0,0,1,1,-26.912758,-48.711998,SPRF-SC,DEL04-SC,UOP04-DEL04-SC,2020
"280712,0",2020-04-20,segunda-feira,17:35:00,SC,282,"17,2",PALHOCA,Desobediência às normas de trânsito pelo condutor,Colisão transversal,Com Vítimas Feridas,Pleno dia,Crescente,Céu Claro,Simples,Reta,Sim,2,0,0,1,1,0,1,2,-27.665707,-48.688065,SPRF-SC,DEL01-SC,UOP02-DEL01-SC,2020
"280714,0",2020-04-20,segunda-feira,18:10:00,SC,101,"214,8",PALHOCA,Falta de Atenção à Condução,Colisão traseira,Com Vítimas Feridas,Pleno dia,Crescente,Céu Claro,Dupla,Reta,Não,3,0,0,2,1,0,2,2,-27.66218926,-48.67660783,SPRF-SC,DEL01-SC,UOP02-DEL01-SC,2020
"280717,0",2020-04-20,segunda-feira,18:10:00,SC,470,"69,4",INDAIAL,Falta de Atenção à Condução,Colisão frontal,Com Vítimas Feridas,Plena Noite,Crescente,Céu Claro,Simples,Em Obras,Sim,3,0,3,0,0,0,3,2,-26.883745,-49.246704,SPRF-SC,DEL04-SC,UOP01-DEL04-SC,2020
"280725,0",2020-04-20,segunda-feira,18:40:00,SC,101,"213,3",PALHOCA,Não guardar distância de segurança,Colisão traseira,Com Vítimas Feridas,Plena Noite,Crescente,Céu Claro,Múltipla,Reta,Sim,2,0,1,0,1,0,1,2,-27.63697369,-48.66514142,SPRF-SC,DEL01-SC,UOP02-DEL01-SC,2020
"280738,0",2020-04-20,segunda-feira,18:20:00,SC,282,"26,1",SANTO AMARO DA IMPERATRIZ,Ultrapassagem Indevida,Colisão frontal,Com Vítimas Fatais,Anoitecer,Crescente,Céu Claro,Simples,Reta,Não,4,2,1,0,0,1,1,3,-27.680267,-48.762482,SPRF-SC,DEL01-SC,UOP03-DEL01-SC,2020
"280747,0",2020-04-20,segunda-feira,19:20:00,SC,480,"127,3",CHAPECO,Falta de Atenção à Condução,Colisão frontal,Com Vítimas Feridas,Plena Noite,Decrescente,Céu Claro,Simples,Reta,Sim,5,0,1,2,2,0,3,2,-27.02885905,-52.63380035,SPRF-SC,DEL07-SC,UOP01-DEL07-SC,2020
"280748,0",2020-04-20,segunda-feira,15:25:00,SC,480,"130,1",CHAPECO,Falta de Atenção à Condução,Colisão lateral,Com Vítimas Feridas,Pleno dia,Decrescente,Sol,Simples,Reta,Sim,3,0,2,0,1,0,2,2,-27.05534298,-52.63652069,SPRF-SC,DEL07-SC,UOP01-DEL07-SC,2020
"280749,0",2020-04-20,segunda-feira,21:00:00,SC,280,"50,0",GUARAMIRIM,Sinalização da via insuficiente ou inadequada,Capotamento,Com Vítimas Feridas,Plena Noite,Crescente,Céu Claro,Simples,Em Obras,Sim,1,0,1,0,0,0,1,1,-26.4619489,-48.94618404,SPRF-SC,DEL03-SC,UOP03-DEL03-SC,2020
"280757,0",2020-04-20,segunda-feira,23:50:00,SC,101,"211,0",SAO JOSE,Desobediência às normas de trânsito pelo condutor,Colisão traseira,Com Vítimas Feridas,Plena Noite,Crescente,Céu Claro,Múltipla,Reta,Sim,2,0,0,1,1,0,1,2,-27.62329313,-48.65245588,SPRF-SC,DEL01-SC,UOP02-DEL01-SC,2020
"280799,0",2020-04-19,domingo,06:35:00,SC,282,"53,5",RANCHO QUEIMADO,Ingestão de Álcool,Tombamento,Com Vítimas Feridas,Pleno dia,Decrescente,Nublado,Simples,Curva,Não,1,0,1,0,0,0,1,1,-27.691511,-48.970215,SPRF-SC,DEL01-SC,UOP03-DEL01-SC,2020
"280808,0",2020-04-21,terça-feira,14:00:00,SC,101,"46,0",JOINVILLE,Defeito Mecânico no Veículo,Saída de leito carroçável,Com Vítimas Feridas,Pleno dia,Crescente,Céu Claro,Dupla,Reta,Não,4,0,1,0,3,0,1,1,-26.33150083,-48.86187762,SPRF-SC,DEL03-SC,UOP01-DEL03-SC,2020
"280819,0",2020-04-21,terça-feira,16:15:00,SC,101,"174,5",BIGUACU,Condutor Dormindo,Saída de leito carroçável,Com Vítimas Feridas,Pleno dia,Crescente,Céu Claro,Dupla,Reta,Não,1,0,1,0,0,0,1,1,-27.33081601,-48.62697562,SPRF-SC,DEL01-SC,UOP01-DEL01-SC,2020
"280844,0",2020-04-21,terça-feira,08:10:00,SC,101,"142,0",ITAPEMA,Falta de Atenção à Condução,Queda de ocupante de veículo,Com Vítimas Feridas,Pleno dia,Decrescente,Céu Claro,Dupla,Curva,Não,2,0,2,0,0,0,2,2,-27.056089,-48.599449,SPRF-SC,DEL04-SC,UOP03-DEL04-SC,2020
"280851,0",2020-04-21,terça-feira,19:45:00,SC,470,"129,0",LONTRAS,Ingestão de Álcool,Queda de ocupante de veículo,Com Vítimas Feridas,Plena Noite,Decrescente,Céu Claro,Simples,Reta,Não,1,0,1,0,0,0,1,1,-27.148499,-49.556137,SPRF-SC,DEL04-SC,UOP02-DEL04-SC,2020
"280857,0",2020-04-21,terça-feira,20:30:00,SC,101,"206,9",SAO JOSE,Desobediência às normas de trânsito pelo condutor,Colisão transversal,Com Vítimas Feridas,Plena Noite,Decrescente,Céu Claro,Múltipla,Interseção de Vias;Viaduto,Sim,2,0,1,0,1,0,1,2,-27.5995954,-48.62180293,SPRF-SC,DEL01-SC,UOP01-DEL01-SC,2020
"280858,0",2020-04-21,terça-feira,17:45:00,SC,282,"528,2",CORDILHEIRA ALTA,Ingestão de Álcool,Saída de leito carroçável,Com Vítimas Feridas,Anoitecer,Crescente,Céu Claro,Simples,Reta,Não,1,0,1,0,0,0,1,1,-26.978798,-52.588566,SPRF-SC,DEL07-SC,UOP01-DEL07-SC,2020
"280866,0",2020-04-21,terça-feira,18:45:00,SC,101,"19,0",JOINVILLE,Ingestão de Álcool,Colisão com objeto estático,Com Vítimas Feridas,Plena Noite,Decrescente,Céu Claro,Dupla,Reta,Não,1,0,1,0,0,0,1,1,-26.13376586,-48.89661416,SPRF-SC,DEL03-SC,UOP01-DEL03-SC,2020
"280868,0",2020-04-21,terça-feira,20:40:00,SC,280,"67,0",JARAGUA DO SUL,Ingestão de Álcool,Colisão frontal,Com Vítimas Feridas,Plena Noite,Decrescente,Céu Claro,Simples,Reta,Sim,3,0,1,0,2,0,1,2,-26.47759,-49.103557,SPRF-SC,DEL03-SC,UOP03-DEL03-SC,2020
"280869,0",2020-04-21,terça-feira,19:35:00,SC,101,"84,0",BARRA VELHA,Ingestão de Álcool,Saída de leito carroçável,Com Vítimas Feridas,Plena Noite,Crescente,Céu Claro,Dupla,Reta,Não,1,0,1,0,0,0,1,1,-26.62404682,-48.71394986,SPRF-SC,DEL03-SC,UOP02-DEL03-SC,2020
"280883,0",2020-04-22,quarta-feira,00:45:00,SC,101,"414,6",ARARANGUA,Falta de Atenção à Condução,Tombamento,Com Vítimas Feridas,Plena Noite,Decrescente,Céu Claro,Simples,Rotatória,Sim,1,0,0,1,0,0,1,1,-28.95823175,-49.51448701,SPRF-SC,DEL02-SC,UOP02-DEL02-SC,2020
"280889,0",2020-04-22,quarta-feira,05:10:00,SC,470,"82,4",RODEIO,Falta de Atenção à Condução,Colisão com objeto estático,Com Vítimas Feridas,Amanhecer,Crescente,Nublado,Simples,Reta,Não,1,0,1,0,0,0,1,1,-26.958838,-49.324978,SPRF-SC,DEL04-SC,UOP01-DEL04-SC,2020