id,data_inversa,dia_semana,horario,uf,br,km,municipio,causa_acidente,tipo_acidente,classificacao_acidente,fase_dia,sentido_via,condicao_metereologica,tipo_pista,tracado_via,uso_solo,pessoas,mortos,feridos_leves,feridos_graves,ilesos,ignorados,feridos,veiculos,latitude,longitude,regional,delegacia,uop,ano_arquivo
"280890,0",2020-04-22,quarta-feira,01:55:00,SC,470,"60,0",BLUMENAU,Agressão Externa,Capotamento,Com Vítimas Feridas,Plena Noite,Decrescente,Céu Claro,Simples,Reta,Não,1,0,1,0,0,0,1,1,-26.88138,-49.164543,SPRF-SC,DEL04-SC,UOP01-DEL04-SC,2020
"280904,0",2020-04-22,quarta-feira,07:45:00,SC,280,"55,5",GUARAMIRIM,Falta de Atenção à Condução,Colisão traseira,Com Vítimas Feridas,Pleno dia,Crescente,Céu Claro,Simples,Reta,Sim,2,0,0,1,1,0,1,2,-26.47584353,-48.9937858,SPRF-SC,DEL03-SC,UOP03-DEL03-SC,2020
"280927,0",2020-04-22,quarta-feira,10:00:00,SC,470,"143,2",RIO DO SUL,Falta de Atenção à Condução,Colisão traseira,Sem Vítimas,Pleno dia,Crescente,Céu Claro,Simples,Interseção de Vias,Não,2,0,0,0,2,0,0,2,-27.233143,-49.672886,SPRF-SC,DEL04-SC,UOP02-DEL04-SC,2020
"280929,0",2020-04-22,quarta-feira,10:45:00,SC,282,"432,8",VARGEM BONITA,Falta de Atenção à Condução,Colisão transversal,Sem Vítimas,Pleno dia,Crescente,Céu Claro,Dupla,Curva,Não,3,0,0,0,3,0,0,2,-26.981241,-51.814842,SPRF-SC,DEL07-SC,UOP05-DEL07-SC,2020
"280958,0",2020-04-22,quarta-feira,16:00:00,SC,282,"390,0",JOACABA,Falta de Atenção à Condução,Saída de leito carroçável,Sem Vítimas,Pleno dia,Decrescente,Céu Claro,Simples,Reta,Sim,1,0,0,0,1,0,0,1,-27.175066,-51.550556,SPRF-SC,DEL07-SC,UOP05-DEL07-SC,2020
"280965,0",2020-04-22,quarta-feira,17:53:00,SC,101,"120,8",ITAJAI,Defeito Mecânico no Veículo,Tombamento,Com Vítimas Feridas,Anoitecer,Crescente,Céu Claro,Dupla,Reta,Não,1,0,1,0,0,0,1,1,-26.912758,-48.711998,SPRF-SC,DEL04-SC,UOP04-DEL04-SC,2020
"280969,0",2020-04-22,quarta-feira,18:15:00,SC,280,"28,1",ARAQUARI,Falta de Atenção à Condução,Colisão transversal,Com Vítimas Feridas,Anoitecer,Decrescente,Céu Claro,Simples,Reta,Sim,2,0,0,1,1,0,1,2,-26.40450077,-48.74561031,SPRF-SC,DEL03-SC,UOP03-DEL03-SC,2020
"280975,0",2020-04-22,quarta-feira,18:15:00,SC,101,"431,3",SOMBRIO,Desobediência às normas de trânsito pelo condutor,Colisão frontal,Com Vítimas Feridas,Anoitecer,Decrescente,Céu Claro,Múltipla,Reta,Sim,3,0,2,0,1,0,2,2,-29.07373,-49.627021,SPRF-SC,DEL02-SC,UOP02-DEL02-SC,2020
"280980,0",2020-04-22,quarta-feira,18:20:00,SC,101,"97,9",BARRA VELHA,Animais na Pista,Atropelamento de Animal,Com Vítimas Feridas,Anoitecer,Decrescente,Céu Claro,Dupla,Reta,Não,1,0,1,0,0,0,1,1,-26.72823703,-48.70224928,SPRF-SC,DEL03-SC,UOP02-DEL03-SC,2020
"280990,0",2020-04-22,quarta-feira,19:15:00,SC,280,"53,7",GUARAMIRIM,Falta de Atenção à Condução,Atropelamento de Pedestre,Com Vítimas Feridas,Plena Noite,Decrescente,Céu Claro,Simples,Reta,Sim,2,0,2,0,0,0,2,2,-26.47236756,-48.97426617,SPRF-SC,DEL03-SC,UOP03-DEL03-SC,2020
"280996,0",2020-04-22,quarta-feira,18:25:00,SC,101,"134,0",BALNEARIO CAMBORIU,Falta de Atenção à Condução,Colisão transversal,Com Vítimas Feridas,Plena Noite,Crescente,Nublado,Dupla,Reta,Sim,2,0,1,0,1,0,1,2,-27.00218,-48.636433,SPRF-SC,DEL04-SC,UOP03-DEL04-SC,2020
"280997,0",2020-04-22,quarta-feira,18:55:00,SC,101,"43,2",JOINVILLE,Desobediência às normas de trânsito pelo condutor,Colisão transversal,Com Vítimas Feridas,Plena Noite,Decrescente,Céu Claro,Simples,Interseção de Vias,Sim,2,0,0,1,1,0,1,2,-26.333335,-48.861319,SPRF-SC,DEL03-SC,UOP01-DEL03-SC,2020
"281001,0",2020-04-22,quarta-feira,18:55:00,SC,282,"602,0",CUNHA PORA,Falta de Atenção à Condução,Colisão transversal,Com Vítimas Feridas,Plena Noite,Crescente,Céu Claro,Simples,Interseção de Vias,Não,2,0,1,0,1,0,1,2,-26.80545667,-53.18131685,SPRF-SC,DEL07-SC,UOP02-DEL07-SC,2020
"281009,0",2020-04-19,domingo,07:08:00,SC,101,"60,9",ARAQUARI,Velocidade Incompatível,Saída de leito carroçável,Com Vítimas Feridas,Pleno dia,Crescente,Garoa/Chuvisco,Dupla,Curva,Não,2,0,1,0,1,0,1,1,-26.45072823,-48.78570317,SPRF-SC,DEL03-SC,UOP02-DEL03-SC,2020
"281028,0",2020-04-23,quinta-feira,08:00:00,SC,101,"199,0",BIGUACU,Não guardar distância de segurança,Tombamento,Com Vítimas Feridas,Pleno dia,Crescente,Sol,Dupla,Reta,Sim,2,0,1,0,0,1,1,2,-27.53413705,-48.63003205,SPRF-SC,DEL01-SC,UOP01-DEL01-SC,2020
"281059,0",2020-04-23,quinta-feira,12:20:00,SC,282,"72,0",RANCHO QUEIMADO,Velocidade Incompatível,Saída de leito carroçável,Sem Vítimas,Pleno dia,Decrescente,Nublado,Simples,Curva,Não,1,0,0,0,1,0,0,1,-27.683439,-49.105259,SPRF-SC,DEL01-SC,UOP03-DEL01-SC,2020
"281062,0",2020-04-23,quinta-feira,13:45:00,SC,282,"4,7",SAO JOSE,Não guardar distância de segurança,Colisão traseira,Sem Vítimas,Pleno dia,Crescente,Céu Claro,Dupla,Reta,Não,2,0,0,0,2,0,0,2,-27.588425,-48.612919,SPRF-SC,DEL01-SC,UOP01-DEL01-SC,2020
"281079,0",2020-04-23,quinta-feira,14:50:00,SC,101,"168,0",TIJUCAS,Falta de Atenção à Condução,Colisão transversal,Com Vítimas Feridas,Pleno dia,Decrescente,Céu Claro,Dupla,Reta,Não,2,0,1,1,0,0,2,2,-27.279105,-48.631554,SPRF-SC,DEL04-SC,UOP03-DEL04-SC,2020
"281081,0",2020-04-23,quinta-feira,16:20:00,SC,101,"223,5",PALHOCA,Não guardar distância de segurança,Colisão traseira,Com Vítimas Feridas,Pleno dia,Decrescente,Céu Claro,Dupla,Reta,Não,3,0,2,0,1,0,2,2,-27.71552634,-48.64881251,SPRF-SC,DEL01-SC,UOP02-DEL01-SC,2020
"281111,0",2020-04-23,quinta-feira,19:30:00,SC,470,"52,7",BLUMENAU,Ingestão de Álcool,Colisão traseira,Sem Vítimas,Plena Noite,Decrescente,Céu Claro,Simples,Interseção de Vias,Sim,2,0,0,0,2,0,0,2,-26.86598487,-49.09999436,SPRF-SC,DEL04-SC,UOP01-DEL04-SC,2020
"281119,0",2020-04-23,quinta-feira,19:00:00,SC,101,"315,7",PESCARIA BRAVA,Falta de Atenção do Pedestre,Atropelamento de Pedestre,Com Vítimas Feridas,Plena Noite,Decrescente,Céu Claro,Dupla,Curva,Sim,2,0,2,0,0,0,2,2,-28.42528815,-48.85589004,SPRF-SC,DEL02-SC,UOP01-DEL02-SC,2020
"281122,0",2020-04-23,quinta-feira,18:45:00,SC,282,"535,3",CHAPECO,Ingestão de Álcool,Colisão transversal,Sem Vítimas,Anoitecer,Decrescente,Céu Claro,Simples,Rotatória;Interseção de Vias,Sim,2,0,0,0,2,0,0,2,-26.998245,-52.643768,SPRF-SC,DEL07-SC,UOP01-DEL07-SC,2020
"281125,0",2020-04-23,quinta-feira,19:45:00,SC,470,"145,5",RIO DO SUL,Defeito Mecânico no Veículo,Incêndio,Sem Vítimas,Plena Noite,Decrescente,Céu Claro,Simples,Reta,Sim,1,0,0,0,0,1,0,1,-27.237301,-49.682217,SPRF-SC,DEL04-SC,UOP02-DEL04-SC,2020
"281135,0",2020-04-23,quinta-feira,15:40:00,SC,280,"245,7",CANOINHAS,Desobediência às normas de trânsito pelo condutor,Colisão transversal,Com Vítimas Feridas,Pleno dia,Decrescente,Céu Claro,Simples,Reta,Não,3,0,0,2,0,1,2,2,-26.24631179,-50.50045967,SPRF-SC,DEL06-SC,UOP04-DEL06-SC,2020
"281147,0",2020-04-24,sexta-feira,00:40:00,SC,282,"3,5",FLORIANOPOLIS,Falta de Atenção à Condução,Capotamento,Com Vítimas Feridas,Plena Noite,Crescente,Céu Claro,Dupla,Reta,Sim,1,0,0,1,0,0,1,1,-27.600384,-48.599705,SPRF-SC,DEL01-SC,UOP01-DEL01-SC,2020
"281167,0",2020-04-24,sexta-feira,07:05:00,SC,282,"16,0",PALHOCA,Desobediência às normas de trânsito pelo condutor,Colisão transversal,Com Vítimas Feridas,Pleno dia,Decrescente,Céu Claro,Simples,Reta,Sim,2,0,1,0,1,0,1,2,-27.658611,-48.681847,SPRF-SC,DEL01-SC,UOP02-DEL01-SC,2020
"281173,0",2020-04-24,sexta-feira,07:30:00,SC,101,"209,4",SAO JOSE,Falta de Atenção à Condução,Tombamento,Com Vítimas Feridas,Pleno dia,Decrescente,Céu Claro,Múltipla,Reta,Sim,1,0,1,0,0,0,1,1,-27.61000542,-48.63895057,SPRF-SC,DEL01-SC,UOP01-DEL01-SC,2020
"281174,0",2020-04-24,sexta-feira,06:00:00,SC,280,"25,5",ARAQUARI,Condutor Dormindo,Colisão frontal,Com Vítimas Feridas,Amanhecer,Crescente,Céu Claro,Simples,Reta,Sim,8,0,5,0,3,0,5,3,-26.38352781,-48.72677516,SPRF-SC,DEL03-SC,UOP03-DEL03-SC,2020
"281199,0",2020-04-24,sexta-feira,11:00:00,SC,101,"186,0",BIGUACU,Defeito Mecânico no Veículo,Tombamento,Com Vítimas Feridas,Pleno dia,Decrescente,Sol,Simples,Reta,Não,1,0,1,0,0,0,1,1,-27.43730797,-48.62621166,SPRF-SC,DEL01-SC,UOP01-DEL01-SC,2020
"281204,0",2020-04-24,sexta-feira,12:15:00,SC,101,"334,0",TUBARAO,Falta de Atenção à Condução,Colisão transversal,Com Vítimas Feridas,Pleno dia,Crescente,Sol,Simples,Reta,Sim,2,0,1,0,1,0,1,2,-28.46730446,-49.00604302,SPRF-SC,DEL02-SC,UOP01-DEL02-SC,2020
"281244,0",2020-04-24,sexta-feira,16:45:00,SC,101,"333,7",TUBARAO,Desobediência às normas de trânsito pelo condutor,Colisão transversal,Com Vítimas Feridas,Pleno dia,Decrescente,Céu Claro,Simples,Interseção de Vias,Sim,2,0,1,0,1,0,1,2,-28.4663010666,-48.996530956,SPRF-SC,DEL02-SC,UOP01-DEL02-SC,2020
"281259,0",2020-04-24,sexta-feira,17:35:00,SC,282,"336,0",CAMPOS NOVOS,Falta de Atenção à Condução,Colisão traseira,Com Vítimas Feridas,Anoitecer,Decrescente,Céu Claro,Simples,Reta,Não,2,0,1,0,1,0,1,2,-27.392557,-51.165817,SPRF-SC,DEL07-SC,UOP06-DEL07-SC,2020
"281265,0",2020-04-24,sexta-feira,17:50:00,SC,101,"118,0",ITAJAI,Defeito Mecânico no Veículo,Colisão com objeto em movimento,Sem Vítimas,Anoitecer,Crescente,Céu Claro,Simples,Reta,Sim,3,0,0,0,3,0,0,3,-26.895859,-48.71903,SPRF-SC,DEL04-SC,UOP04-DEL04-SC,2020
"281280,0",2020-04-24,sexta-feira,18:20:00,SC,470,"179,9",POUSO REDONDO,Falta de Atenção à Condução,Colisão transversal,Com Vítimas Feridas,Plena Noite,Decrescente,Céu Claro,Simples,Reta,Não,3,0,1,1,1,0,2,2,-27.247908,-49.977165,SPRF-SC,DEL04-SC,UOP02-DEL04-SC,2020
"281302,0",2020-04-24,sexta-feira,22:45:00,SC,280,"71,5",JARAGUA DO SUL,Ingestão de Álcool,Colisão com objeto estático,Sem Vítimas,Plena Noite,Decrescente,Céu Claro,Simples,Reta,Não,1,0,0,0,1,0,0,1,-26.46151693,-49.13480597,SPRF-SC,DEL03-SC,UOP03-DEL03-SC,2020
"281308,0",2020-04-24,sexta-feira,19:00:00,SC,280,"299,5",PORTO UNIAO,Desobediência às normas de trânsito pelo condutor,Colisão frontal,Com Vítimas Feridas,Plena Noite,Decrescente,Céu Claro,Simples,Reta,Não,3,0,0,1,2,0,1,2,-26.28420538,-51.0111179,SPRF-SC,DEL06-SC,UOP04-DEL06-SC,2020
"281312,0",2020-04-24,sexta-feira,23:45:00,SC,470,"169,3",POUSO REDONDO,Ingestão de Álcool,Colisão transversal,Com Vítimas Fatais,Plena Noite,Decrescente,Céu Claro,Simples,Reta,Não,2,1,0,0,1,0,0,2,-27.265471,-49.882442,SPRF-SC,DEL04-SC,UOP02-DEL04-SC,2020
"281319,0",2020-04-25,sábado,02:30:00,SC,101,"362,0",SANGAO,Ingestão de Álcool,Saída de leito carroçável,Com Vítimas Feridas,Plena Noite,Crescente,Céu Claro,Simples,Curva,Não,1,0,1,0,0,0,1,1,-28.67136197,-49.12225505,SPRF-SC,DEL02-SC,UOP01-DEL02-SC,2020
"281323,0",2020-04-25,sábado,04:20:00,SC,101,"113,0",ITAJAI,Falta de Atenção à Condução,Saída de leito carroçável,Sem Vítimas,Plena Noite,Crescente,Céu Claro,Dupla,Reta,Não,1,0,0,0,1,0,0,1,-26.85311393,-48.72689927,SPRF-SC,DEL04-SC,UOP04-DEL04-SC,2020
"281327,0",2020-04-24,sexta-feira,18:50:00,SC,163,"83,0",GUARACIABA,Ingestão de Álcool,Colisão frontal,Com Vítimas Feridas,Plena Noite,Decrescente,Céu Claro,Simples,Reta,Não,2,0,0,1,0,1,1,2,-26.62425308,-53.51596135,SPRF-SC,DEL07-SC,UOP03-DEL07-SC,2020
"281334,0",2020-04-25,sábado,07:00:00,SC,101,"142,0",ITAPEMA,Objeto estático sobre o leito carroçável,Queda de ocupante de veículo,Com Vítimas Feridas,Pleno dia,Crescente,Céu Claro,Dupla,Curva,Não,1,0,1,0,0,0,1,1,-27.05985,-48.59675,SPRF-SC,DEL04-SC,UOP03-DEL04-SC,2020
"281340,0",2020-04-25,sábado,07:35:00,SC,116,"3,0",MAFRA,Ingestão de Álcool,Saída de leito carroçável,Com Vítimas Feridas,Pleno dia,Decrescente,Céu Claro,Simples,Curva,Sim,1,0,1,0,0,0,1,1,-26.13073161,-49.79922442,SPRF-SC,DEL06-SC,UOP01-DEL06-SC,2020
"281348,0",2020-04-25,sábado,08:15:00,SC,101,"353,8",SANGAO,Falta de Atenção à Condução,Saída de leito carroçável,Sem Vítimas,Amanhecer,Decrescente,Céu Claro,Dupla,Reta,Não,1,0,0,0,0,1,0,1,-28.621811,-49.075841,SPRF-SC,DEL02-SC,UOP01-DEL02-SC,2020
"281349,0",2020-04-25,sábado,06:30:00,SC,101,"242,0",PALHOCA,Ingestão de Substâncias Psicoativas,Colisão com objeto estático,Sem Vítimas,Pleno dia,Crescente,Céu Claro,Simples,Curva,Não,1,0,0,0,1,0,0,1,-27.87545797,-48.64678433,SPRF-SC,DEL01-SC,UOP02-DEL01-SC,2020
"281360,0",2020-04-25,sábado,10:00:00,SC,280,"129,6",RIO NEGRINHO,Falta de Atenção à Condução,Colisão transversal,Com Vítimas Feridas,Pleno dia,Decrescente,Sol,Simples,Reta,Sim,3,0,1,0,2,0,1,2,-26.256242,-49.54061508,SPRF-SC,DEL06-SC,UOP03-DEL06-SC,2020
"281361,0",2020-04-25,sábado,11:20:00,SC,470,"2,0",NAVEGANTES,Objeto estático sobre o leito carroçável,Tombamento,Com Vítimas Feridas,Pleno dia,Decrescente,Céu Claro,Simples,Reta,Não,1,0,0,1,0,0,1,1,-26.868551,-48.674831,SPRF-SC,DEL04-SC,UOP04-DEL04-SC,2020
"281380,0",2020-04-25,sábado,12:15:00,SC,101,"59,8",ARAQUARI,Ingestão de Álcool,Colisão com objeto estático,Com Vítimas Feridas,Pleno dia,Decrescente,Céu Claro,Dupla,Reta,Não,1,0,1,0,0,0,1,1,-26.44651734,-48.79426826,SPRF-SC,DEL03-SC,UOP02-DEL03-SC,2020
"281392,0",2020-04-25,sábado,15:00:00,SC,282,"4,8",SAO JOSE,Falta de Atenção à Condução,Colisão lateral,Com Vítimas Feridas,Pleno dia,Crescente,Céu Claro,Dupla,Reta,Sim,2,0,1,0,1,0,1,2,-27.592646,-48.604034,SPRF-SC,DEL01-SC,UOP01-DEL01-SC,2020
"281394,0",2020-04-25,sábado,15:00:00,SC,101,"375,0",ICARA,Falta de Atenção à Condução,Saída de leito carroçável,Com Vítimas Feridas,Pleno dia,Crescente,Céu Claro,Dupla,Reta,Não,1,0,1,0,0,0,1,1,-28.73153894,-49.24415588,SPRF-SC,DEL02-SC,UOP01-DEL02-SC,2020
"281399,0",2020-04-25,sábado,14:00:00,SC,101,"54,0",JOINVILLE,Ingestão de Álcool,Colisão com objeto estático,Sem Vítimas,Pleno dia,Crescente,Sol,Dupla,Reta,Sim,1,0,0,0,1,0,0,1,-26.41319508,-48.83617332,SPRF-SC,DEL03-SC,UOP01-DEL03-SC,2020
"281400,0",2020-04-25,sábado,15:30:00,SC,280,"207,7",MAFRA,Desobediência às normas de trânsito pelo condutor,Saída de leito carroçável,Sem Vítimas,Pleno dia,Crescente,Céu Claro,Simples,Curva,Não,1,0,0,0,1,0,0,1,-26.16527904,-50.14233179,SPRF-SC,DEL06-SC,UOP01-DEL06-SC,2020
"281415,0",2020-04-25,sábado,15:50:00,SC,101,"158,3",PORTO BELO,Falta de Atenção do Pedestre,Atropelamento de Pedestre,Com Vítimas Fatais,Pleno dia,Crescente,Céu Claro,Múltipla,Reta,Sim,3,1,0,0,1,1,0,3,-27.19472611,-48.61305892,SPRF-SC,DEL04-SC,UOP03-DEL04-SC,2020
"281431,0",2020-04-25,sábado,19:55:00,SC,101,"200,0",SAO JOSE,Falta de Atenção à Condução,Colisão lateral,Com Vítimas Feridas,Plena Noite,Crescente,Céu Claro,Dupla,Aclive,Sim,2,0,1,0,1,0,1,2,-27.54018513,-48.62287714,SPRF-SC,DEL01-SC,UOP01-DEL01-SC,2020
"281434,0",2020-04-25,sábado,19:40:00,SC,470,"60,2",BLUMENAU,Falta de Atenção à Condução,Colisão transversal,Com Vítimas Feridas,Plena Noite,Decrescente,Céu Claro,Simples,Reta,Sim,2,0,2,0,0,0,2,2,-26.88138,-49.164543,SPRF-SC,DEL04-SC,UOP01-DEL04-SC,2020
"281443,0",2020-04-25,sábado,19:50:00,SC,470,"15,8",ILHOTA,Desobediência às normas de trânsito pelo condutor,Colisão lateral,Sem Vítimas,Plena Noite,Crescente,Nublado,Simples,Reta,Não,3,0,0,0,1,2,0,3,-26.839785,-48.785534,SPRF-SC,DEL04-SC,UOP04-DEL04-SC,2020
"281465,0",2020-04-25,sábado,16:25:00,SC,280,"21,0",BALNEARIO BARRA DO SUL,Restrição de Visibilidade,Colisão transversal,Com Vítimas Feridas,Pleno dia,Crescente,Nublado,Simples,Interseção de Vias,Sim,2,0,1,0,0,1,1,2,-26.37036435,-48.68820369,SPRF-SC,DEL03-SC,UOP03-DEL03-SC,2020
"281470,0",2020-04-25,sábado,16:20:00,SC,282,"485,5",FAXINAL DOS GUEDES,Velocidade Incompatível,Saída de leito carroçável,Com Vítimas Feridas,Pleno dia,Crescente,Sol,Simples,Curva,Não,1,0,0,1,0,0,1,1,-26.857132,-52.245258,SPRF-SC,DEL07-SC,UOP01-DEL07-SC,2020
"281472,0",2020-04-25,sábado,22:50:00,SC,470,"68,9",INDAIAL,Falta de Atenção à Condução,Colisão transversal,Com Vítimas Feridas,Plena Noite,Decrescente,Céu Claro,Simples,Rotatória,Sim,3,0,2,0,1,0,2,2,-26.877615,-49.239231,SPRF-SC,DEL04-SC,UOP01-DEL04-SC,2020
"281477,0",2020-04-25,sábado,20:30:00,SC,101,"57,0",ARAQUARI,Ingestão de Álcool,Tombamento,Com Vítimas Feridas,Plena Noite,Decrescente,Céu Claro,Dupla,Reta,Não,1,0,0,1,0,0,1,1,-26.43666134,-48.80987942,SPRF-SC,DEL03-SC,UOP01-DEL03-SC,2020
"281480,0",2020-04-25,sábado,23:00:00,SC,470,"66,2",INDAIAL,Ingestão de Álcool,Saída de leito carroçável,Com Vítimas Feridas,Plena Noite,Decrescente,Céu Claro,Simples,Rotatória,Sim,1,0,1,0,0,0,1,1,-26.870407,-49.221844,SPRF-SC,DEL04-SC,UOP01-DEL04-SC,2020
"281483,0",2020-04-26,domingo,00:25:00,SC,470,"18,5",ILHOTA,Velocidade Incompatível,Saída de leito carroçável,Com Vítimas Feridas,Plena Noite,Crescente,Céu Claro,Simples,Interseção de Vias,Não,1,0,0,1,0,0,1,1,-26.855534,-48.808922,SPRF-SC,DEL04-SC,UOP04-DEL04-SC,2020
"281486,0",2020-04-25,sábado,22:30:00,SC,280,"73,0",JARAGUA DO SUL,Ingestão de Álcool,Saída de leito carroçável,Sem Vítimas,Plena Noite,Decrescente,Céu Claro,Simples,Reta,Sim,1,0,0,0,1,0,0,1,-26.45917102,-49.15245,SPRF-SC,DEL03-SC,UOP03-DEL03-SC,2020
"281507,0",2020-04-26,domingo,04:50:00,SC,101,"106,5",PENHA,Desobediência às normas de trânsito pelo pedestre,Atropelamento de Pedestre,Com Vítimas Fatais,Plena Noite,Crescente,Céu Claro,Dupla,Reta,Não,2,1,0,0,0,1,0,2,-26.81031601,-48.68293896,SPRF-SC,DEL03-SC,UOP02-DEL03-SC,2020
"281509,0",2020-04-26,domingo,06:55:00,SC,470,"43,1",GASPAR,Velocidade Incompatível,Saída de leito carroçável,Com Vítimas Feridas,Amanhecer,Decrescente,Céu Claro,Simples,Curva;Aclive,Sim,3,0,0,2,0,1,2,2,-26.874519,-49.013454,SPRF-SC,DEL04-SC,UOP01-DEL04-SC,2020
"281510,0",2020-04-26,domingo,02:15:00,SC,280,"50,0",GUARAMIRIM,Ingestão de Álcool,Colisão com objeto estático,Com Vítimas Feridas,Plena Noite,Crescente,Céu Claro,Simples,Em Obras,Não,2,0,1,0,1,0,1,1,-26.4619489,-48.94618404,SPRF-SC,DEL03-SC,UOP03-DEL03-SC,2020
"281521,0",2020-04-26,domingo,08:15:00,SC,101,"206,8",SAO JOSE,Ingestão de Álcool,Capotamento,Com Vítimas Feridas,Pleno dia,Decrescente,Céu Claro,Dupla,Reta,Sim,2,0,1,0,1,0,1,1,-27.5952072,-48.61942477,SPRF-SC,DEL01-SC,UOP01-DEL01-SC,2020
"281539,0",2020-04-26,domingo,13:10:00,SC,280,"25,0",ARAQUARI,Falta de Atenção à Condução,Saída de leito carroçável,Sem Vítimas,Pleno dia,Decrescente,Céu Claro,Simples,Reta,Sim,1,0,0,0,0,1,0,1,-26.38352781,-48.72677516,SPRF-SC,DEL03-SC,UOP03-DEL03-SC,2020
"281562,0",2020-04-26,domingo,15:30:00,SC,101,"70,0",ARAQUARI,Avarias e/ou desgaste excessivo no pneu,Tombamento,Com Vítimas Feridas,Pleno dia,Decrescente,Sol,Dupla,Reta,Não,1,0,1,0,0,0,1,1,-26.51082007,-48.72345612,SPRF-SC,DEL03-SC,UOP02-DEL03-SC,2020
"281563,0",2020-04-26,domingo,16:45:00,SC,101,"122,5",ITAJAI,Agressão Externa,Tombamento,Com Vítimas Feridas,Pleno dia,Crescente,Céu Claro,Dupla,Reta,Sim,2,0,1,0,0,1,1,2,-26.92955916,-48.70499836,SPRF-SC,DEL04-SC,UOP04-DEL04-SC,2020
"281566,0",2020-04-26,domingo,16:50:00,SC,282,"5,0",SAO JOSE,Desobediência às normas de trânsito pelo condutor,Colisão traseira,Com Vítimas Feridas,Pleno dia,Crescente,Céu Claro,Múltipla,Reta,Sim,2,0,1,0,1,0,1,2,-27.588425,-48.612919,SPRF-SC,DEL01-SC,UOP01-DEL01-SC,2020
"281607,0",2020-04-26,domingo,19:20:00,SC,101,"138,0",ITAPEMA,Falta de Atenção à Condução,Colisão lateral,Com Vítimas Feridas,Plena Noite,Decrescente,Céu Claro,Dupla,Reta,Sim,3,0,1,1,0,1,2,2,-27.02575675,-48.60643387,SPRF-SC,DEL04-SC,UOP03-DEL04-SC,2020
"281613,0",2020-04-26,domingo,20:10:00,SC,101,"24,7",JOINVILLE,Ingestão de Álcool,Colisão transversal,Sem Vítimas,Plena Noite,Decrescente,Céu Claro,Simples,Reta,Sim,2,0,0,0,2,0,0,2,-26.17483309,-48.90767978,SPRF-SC,DEL03-SC,UOP01-DEL03-SC,2020
"281625,0",2020-04-26,domingo,22:20:00,SC,101,"154,5",PORTO BELO,Ingestão de Álcool,Colisão com objeto estático,Com Vítimas Feridas,Plena Noite,Decrescente,Céu Claro,Múltipla,Reta,Não,1,0,1,0,0,0,1,1,-27.153819,-48.61086393,SPRF-SC,DEL04-SC,UOP03-DEL04-SC,2020
"281626,0",2020-04-26,domingo,19:30:00,SC,280,"160,0",MAFRA,Defeito Mecânico no Veículo,Queda de ocupante de veículo,Com Vítimas Feridas,Plena Noite,Crescente,Nublado,Simples,Reta,Não,2,0,0,2,0,0,2,1,-26.20326113,-49.77128799,SPRF-SC,DEL06-SC,UOP03-DEL06-SC,2020
"281636,0",2020-04-26,domingo,21:40:00,SC,282,"222,0",LAGES,Ultrapassagem Indevida,Colisão frontal,Com Vítimas Feridas,Plena Noite,Decrescente,Céu Claro,Simples,Reta,Não,6,0,2,4,0,0,6,2,-27.797739,-50.353409,SPRF-SC,DEL05-SC,UOP01-DEL05-SC,2020
"281638,0",2020-04-26,domingo,19:50:00,SC,282,"219,3",LAGES,Velocidade Incompatível,Capotamento,Com Vítimas Fatais,Plena Noite,Crescente,Céu Claro,Simples,Aclive,Sim,2,1,0,1,0,0,1,1,-27.795521,-50.323608,SPRF-SC,DEL05-SC,UOP01-DEL05-SC,2020
"281656,0",2020-04-27,segunda-feira,06:20:00,SC,101,"99,0",BALNEARIO PICARRAS,Defeito Mecânico no Veículo,Queda de ocupante de veículo,Com Vítimas Feridas,Amanhecer,Decrescente,Nublado,Dupla,Reta,Sim,2,0,1,0,1,0,1,1,-26.7471002,-48.69654831,SPRF-SC,DEL03-SC,UOP02-DEL03-SC,2020
"281661,0",2020-04-27,segunda-feira,06:55:00,SC,101,"211,8",PALHOCA,Desobediência às normas de trânsito pelo condutor,Colisão transversal,Com Vítimas Feridas,Pleno dia,Crescente,Sol,Simples,Reta,Sim,2,0,1,0,0,1,1,2,-27.62329313,-48.65245588,SPRF-SC,DEL01-SC,UOP02-DEL01-SC,2020
"281676,0",2020-04-27,segunda-feira,08:00:00,SC,282,"16,0",PALHOCA,Desobediência às normas de trânsito pelo condutor,Colisão transversal,Com Vítimas Feridas,Pleno dia,Decrescente,Céu Claro,Simples,Interseção de Vias,Sim,3,0,2,0,1,0,2,2,-27.658611,-48.681847,SPRF-SC,DEL01-SC,UOP02-DEL01-SC,2020
"281680,0",2020-04-27,segunda-feira,07:55:00,SC,116,"246,1",LAGES,Falta de Atenção à Condução,Colisão transversal,Com Vítimas Feridas,Pleno dia,Crescente,Nublado,Simples,Reta,Sim,2,0,1,0,1,0,1,2,-27.80419942,-50.36509464,SPRF-SC,DEL05-SC,UOP02-DEL05-SC,2020
"281688,0",2020-04-27,segunda-feira,09:10:00,SC,101,"136,5",BALNEARIO CAMBORIU,Pista Escorregadia,Queda de ocupante de veículo,Com Vítimas Feridas,Amanhecer,Crescente,Chuva,Múltipla,Retorno Regulamentado,Não,2,0,2,0,0,0,2,1,-27.008113,-48.617245,SPRF-SC,DEL04-SC,UOP03-DEL04-SC,2020
"281722,0",2020-04-27,segunda-feira,11:55:00,SC,101,"148,0",ITAPEMA,Falta de Atenção à Condução,Colisão transversal,Com Vítimas Feridas,Pleno dia,Crescente,Nublado,Simples,Reta,Sim,2,0,1,0,0,1,1,2,-27.10123686,-48.61807962,SPRF-SC,DEL04-SC,UOP03-DEL04-SC,2020
"281771,0",2020-04-27,segunda-feira,17:40:00,SC,101,"45,0",JOINVILLE,Desobediência às normas de trânsito pelo condutor,Colisão transversal,Com Vítimas Feridas,Plena Noite,Decrescente,Nublado,Múltipla,Interseção de Vias,Sim,3,0,1,0,2,0,1,3,-26.34870992,-48.85699511,SPRF-SC,DEL03-SC,UOP01-DEL03-SC,2020