id,data_inversa,dia_semana,horario,uf,br,km,municipio,causa_acidente,tipo_acidente,classificacao_acidente,fase_dia,sentido_via,condicao_metereologica,tipo_pista,tracado_via,uso_solo,pessoas,mortos,feridos_leves,feridos_graves,ilesos,ignorados,feridos,veiculos,latitude,longitude,regional,delegacia,uop,ano_arquivo
"282720,0",2020-05-04,segunda-feira,04:50:00,SC,470,"122,8",IBIRAMA,Velocidade Incompatível,Tombamento,Com Vítimas Feridas,Plena Noite,Crescente,Céu Claro,Dupla,Curva,Não,2,0,1,0,1,0,1,2,-27.10589452,-49.52190399,SPRF-SC,DEL04-SC,UOP02-DEL04-SC,2020
"282752,0",2020-05-04,segunda-feira,07:20:00,SC,101,"439,5",SANTA ROSA DO SUL,Falta de Atenção à Condução,Colisão lateral,Com Vítimas Feridas,Pleno dia,Decrescente,Céu Claro,Dupla,Curva,Sim,3,0,2,0,1,0,2,2,-29.12521019,-49.67120647,SPRF-SC,DEL02-SC,UOP02-DEL02-SC,2020
"282757,0",2020-05-04,segunda-feira,08:34:00,SC,101,"134,0",BALNEARIO CAMBORIU,Falta de Atenção à Condução,Colisão transversal,Com Vítimas Feridas,Pleno dia,Decrescente,Céu Claro,Simples,Interseção de Vias,Sim,2,0,1,0,1,0,1,2,-27.00218,-48.636433,SPRF-SC,DEL04-SC,UOP03-DEL04-SC,2020
"282761,0",2020-05-04,segunda-feira,10:50:00,SC,101,"217,5",PALHOCA,Defeito Mecânico no Veículo,Tombamento,Com Vítimas Feridas,Pleno dia,Crescente,Céu Claro,Dupla,Reta,Não,1,0,1,0,0,0,1,1,-27.66779034,-48.67393586,SPRF-SC,DEL01-SC,UOP02-DEL01-SC,2020
"282770,0",2020-05-04,segunda-feira,10:25:00,SC,101,"212,3",PALHOCA,Carga excessiva e/ou mal acondicionada,Colisão com objeto em movimento,Com Vítimas Feridas,Pleno dia,Decrescente,Céu Claro,Múltipla,Reta,Sim,2,0,0,1,1,0,1,2,-27.62996929,-48.65903871,SPRF-SC,DEL01-SC,UOP02-DEL01-SC,2020
"282786,0",2020-05-04,segunda-feira,12:50:00,SC,470,"153,6",AGRONOMICA,Falta de Atenção à Condução,Colisão transversal,Com Vítimas Feridas,Pleno dia,Decrescente,Céu Claro,Simples,Reta,Não,2,0,1,0,1,0,1,2,-27.272911,-49.734741,SPRF-SC,DEL04-SC,UOP02-DEL04-SC,2020
"282787,0",2020-05-04,segunda-feira,13:20:00,SC,280,"127,8",RIO NEGRINHO,Desobediência às normas de trânsito pelo condutor,Colisão transversal,Sem Vítimas,Pleno dia,Crescente,Sol,Simples,Declive;Reta,Sim,2,0,0,0,2,0,0,2,-26.23943953,-49.50420708,SPRF-SC,DEL06-SC,UOP03-DEL06-SC,2020
"282790,0",2020-05-04,segunda-feira,12:50:00,SC,101,"134,0",BALNEARIO CAMBORIU,Falta de Atenção à Condução,Colisão lateral,Com Vítimas Feridas,Pleno dia,Crescente,Céu Claro,Dupla,Reta,Sim,2,0,1,0,1,0,1,2,-27.00218,-48.636433,SPRF-SC,DEL04-SC,UOP03-DEL04-SC,2020
"282802,0",2020-05-04,segunda-feira,11:45:00,SC,470,"66,8",INDAIAL,Falta de Atenção do Pedestre,Atropelamento de Pedestre,Com Vítimas Feridas,Pleno dia,Decrescente,Sol,Simples,Reta,Não,2,0,1,0,1,0,1,2,-26.870407,-49.221844,SPRF-SC,DEL04-SC,UOP01-DEL04-SC,2020
"282829,0",2020-05-04,segunda-feira,19:50:00,SC,101,"105,0",PENHA,Falta de Atenção à Condução,Colisão com objeto estático,Com Vítimas Feridas,Plena Noite,Crescente,Céu Claro,Dupla,Reta,Não,2,0,2,0,0,0,2,1,-26.80215497,-48.67891041,SPRF-SC,DEL03-SC,UOP02-DEL03-SC,2020
"282846,0",2020-05-04,segunda-feira,18:30:00,SC,101,"45,0",JOINVILLE,Falta de Atenção à Condução,Queda de ocupante de veículo,Com Vítimas Feridas,Anoitecer,Decrescente,Céu Claro,Dupla,Reta,Sim,1,0,1,0,0,0,1,1,-26.32214492,-48.8689509,SPRF-SC,DEL03-SC,UOP01-DEL03-SC,2020
"282855,0",2020-05-05,terça-feira,00:25:00,SC,101,"435,4",SOMBRIO,Ingestão de Álcool,Colisão com objeto estático,Sem Vítimas,Plena Noite,Crescente,Garoa/Chuvisco,Múltipla,Reta,Sim,1,0,0,0,1,0,0,1,-29.09949414,-49.63480552,SPRF-SC,DEL02-SC,UOP02-DEL02-SC,2020
"282864,0",2020-05-04,segunda-feira,16:55:00,SC,101,"305,7",LAGUNA,Desobediência às normas de trânsito pelo condutor,Saída de leito carroçável,Com Vítimas Feridas,Pleno dia,Decrescente,Sol,Dupla,Reta,Não,2,0,2,0,0,0,2,1,-28.37674574,-48.76400229,SPRF-SC,DEL02-SC,UOP03-DEL02-SC,2020
"282888,0",2020-05-05,terça-feira,09:05:00,SC,101,"213,2",PALHOCA,Desobediência às normas de trânsito pelo condutor,Colisão frontal,Com Vítimas Feridas,Pleno dia,Crescente,Nublado,Simples,Reta,Sim,3,0,1,0,2,0,1,2,-27.63697369,-48.66514142,SPRF-SC,DEL01-SC,UOP02-DEL01-SC,2020
"282897,0",2020-05-05,terça-feira,11:10:00,SC,470,"63,9",INDAIAL,Falta de Atenção à Condução,Tombamento,Com Vítimas Feridas,Pleno dia,Crescente,Céu Claro,Simples,Curva,Sim,1,0,1,0,0,0,1,1,-26.86955509,-49.20309064,SPRF-SC,DEL04-SC,UOP01-DEL04-SC,2020
"282898,0",2020-05-05,terça-feira,09:10:00,SC,470,"51,0",BLUMENAU,Falta de Atenção à Condução,Colisão transversal,Com Vítimas Feridas,Pleno dia,Crescente,Céu Claro,Simples,Em Obras;Reta,Sim,2,0,1,0,1,0,1,2,-26.862339,-49.084038,SPRF-SC,DEL04-SC,UOP01-DEL04-SC,2020
"282908,0",2020-05-05,terça-feira,13:05:00,SC,101,"195,0",BIGUACU,Falta de Atenção à Condução,Queda de ocupante de veículo,Com Vítimas Feridas,Pleno dia,Crescente,Garoa/Chuvisco,Múltipla,Reta,Sim,1,0,1,0,0,0,1,1,-27.5047092,-48.65010819,SPRF-SC,DEL01-SC,UOP01-DEL01-SC,2020
"282915,0",2020-05-05,terça-feira,13:29:00,SC,101,"206,3",SAO JOSE,Desobediência às normas de trânsito pelo condutor,Colisão lateral,Com Vítimas Feridas,Pleno dia,Crescente,Chuva,Simples,Interseção de Vias,Não,2,0,1,0,1,0,1,2,-27.58326653,-48.61709232,SPRF-SC,DEL01-SC,UOP01-DEL01-SC,2020
"282955,0",2020-05-05,terça-feira,18:15:00,SC,101,"216,3",PALHOCA,Avarias e/ou desgaste excessivo no pneu,Tombamento,Com Vítimas Feridas,Plena Noite,Crescente,Nublado,Dupla,Aclive,Sim,2,0,2,0,0,0,2,1,-27.66255377,-48.67624104,SPRF-SC,DEL01-SC,UOP02-DEL01-SC,2020
"282967,0",2020-05-05,terça-feira,19:35:00,SC,282,"4,5",FLORIANOPOLIS,Falta de Atenção do Pedestre,Atropelamento de Pedestre,Com Vítimas Feridas,Plena Noite,Crescente,Nublado,Múltipla,Reta,Sim,2,0,1,0,1,0,1,2,-27.592646,-48.604034,SPRF-SC,DEL01-SC,UOP01-DEL01-SC,2020
"282974,0",2020-05-05,terça-feira,19:40:00,SC,101,"195,0",BIGUACU,Desobediência às normas de trânsito pelo condutor,Colisão transversal,Com Vítimas Feridas,Plena Noite,Decrescente,Céu Claro,Simples,Viaduto,Sim,2,0,2,0,0,0,2,2,-27.5047092,-48.65010819,SPRF-SC,DEL01-SC,UOP01-DEL01-SC,2020
"283004,0",2020-05-06,quarta-feira,00:18:00,SC,280,"301,0",PORTO UNIAO,Falta de Atenção à Condução,Colisão com objeto estático,Sem Vítimas,Plena Noite,Crescente,Nevoeiro/Neblina,Simples,Curva,Sim,1,0,0,0,0,1,0,1,-26.28207506,-51.03061202,SPRF-SC,DEL06-SC,UOP04-DEL06-SC,2020
"283009,0",2020-05-06,quarta-feira,05:50:00,SC,101,"209,2",SAO JOSE,Desobediência às normas de trânsito pelo condutor,Colisão com objeto estático,Com Vítimas Feridas,Amanhecer,Crescente,Chuva,Dupla,Reta,Sim,1,0,0,1,0,0,1,1,-27.61000542,-48.63895057,SPRF-SC,DEL01-SC,UOP01-DEL01-SC,2020
"283013,0",2020-05-06,quarta-feira,06:00:00,SC,101,"117,0",ITAJAI,Desobediência às normas de trânsito pelo condutor,Colisão transversal,Com Vítimas Feridas,Amanhecer,Crescente,Nublado,Dupla,Rotatória,Sim,3,0,2,0,0,1,2,2,-26.88747187,-48.72252969,SPRF-SC,DEL04-SC,UOP04-DEL04-SC,2020
"283029,0",2020-05-06,quarta-feira,07:50:00,SC,101,"190,8",BIGUACU,Falta de Atenção à Condução,Capotamento,Com Vítimas Feridas,Pleno dia,Decrescente,Chuva,Dupla,Curva,Sim,1,0,1,0,0,0,1,1,-27.468056,-48.641712,SPRF-SC,DEL01-SC,UOP01-DEL01-SC,2020
"283036,0",2020-05-06,quarta-feira,08:50:00,SC,101,"208,0",SAO JOSE,Falta de Atenção à Condução,Colisão lateral,Com Vítimas Feridas,Pleno dia,Decrescente,Chuva,Dupla,Reta,Sim,2,0,1,0,1,0,1,2,-27.60327979,-48.63201818,SPRF-SC,DEL01-SC,UOP01-DEL01-SC,2020
"283064,0",2020-05-06,quarta-feira,10:30:00,SC,101,"235,0",PALHOCA,Velocidade Incompatível,Saída de leito carroçável,Com Vítimas Feridas,Pleno dia,Decrescente,Garoa/Chuvisco,Dupla,Curva,Não,1,0,1,0,0,0,1,1,-27.8177775,-48.6315025,SPRF-SC,DEL01-SC,UOP02-DEL01-SC,2020
"283071,0",2020-05-06,quarta-feira,11:30:00,SC,280,"46,2",GUARAMIRIM,Falta de Atenção à Condução,Colisão transversal,Com Vítimas Feridas,Pleno dia,Decrescente,Nublado,Simples,Reta;Declive,Não,3,0,3,0,0,0,3,2,-26.45295055,-48.90788103,SPRF-SC,DEL03-SC,UOP03-DEL03-SC,2020
"283075,0",2020-05-06,quarta-feira,12:00:00,SC,101,"203,0",SAO JOSE,Falta de Atenção à Condução,Tombamento,Com Vítimas Feridas,Pleno dia,Decrescente,Chuva,Dupla,Curva,Sim,1,0,1,0,0,0,1,1,-27.56479592,-48.6145038,SPRF-SC,DEL01-SC,UOP01-DEL01-SC,2020
"283085,0",2020-05-06,quarta-feira,13:20:00,SC,101,"203,0",SAO JOSE,Falta de Atenção à Condução,Queda de ocupante de veículo,Com Vítimas Feridas,Pleno dia,Decrescente,Chuva,Múltipla,Curva,Sim,1,0,1,0,0,0,1,1,-27.5650044,-48.61460082,SPRF-SC,DEL01-SC,UOP01-DEL01-SC,2020
"283099,0",2020-05-06,quarta-feira,15:10:00,SC,280,"27,7",ARAQUARI,Falta de Atenção à Condução,Colisão lateral,Sem Vítimas,Pleno dia,Decrescente,Nublado,Simples,Reta,Não,2,0,0,0,2,0,0,2,-26.39685622,-48.74021969,SPRF-SC,DEL03-SC,UOP03-DEL03-SC,2020
"283103,0",2020-05-06,quarta-feira,15:15:00,SC,101,"212,4",PALHOCA,Desobediência às normas de trânsito pelo condutor,Colisão transversal,Com Vítimas Feridas,Pleno dia,Crescente,Sol,Dupla,Reta,Sim,2,0,1,0,1,0,1,2,-27.62996929,-48.65903871,SPRF-SC,DEL01-SC,UOP02-DEL01-SC,2020
"283115,0",2020-05-06,quarta-feira,15:50:00,SC,101,"393,9",CRICIUMA,Desobediência às normas de trânsito pelo condutor,Colisão transversal,Com Vítimas Feridas,Pleno dia,Crescente,Céu Claro,Simples,Rotatória,Não,2,0,0,1,1,0,1,2,-28.8094198,-49.37995008,SPRF-SC,DEL02-SC,UOP02-DEL02-SC,2020
"283125,0",2020-05-06,quarta-feira,15:15:00,SC,101,"146,0",ITAPEMA,Defeito Mecânico no Veículo,Tombamento,Com Vítimas Feridas,Pleno dia,Decrescente,Céu Claro,Múltipla,Reta;Aclive;Viaduto,Sim,2,0,2,0,0,0,2,1,-27.08666525,-48.60955587,SPRF-SC,DEL04-SC,UOP03-DEL04-SC,2020
"283137,0",2020-05-06,quarta-feira,18:10:00,SC,470,"170,1",POUSO REDONDO,Ingestão de Álcool,Tombamento,Com Vítimas Feridas,Plena Noite,Decrescente,Nublado,Simples,Reta,Sim,1,0,1,0,0,0,1,1,-27.265903,-49.892441,SPRF-SC,DEL04-SC,UOP02-DEL04-SC,2020
"283138,0",2020-05-06,quarta-feira,18:10:00,SC,101,"228,3",PALHOCA,Ingestão de Álcool,Colisão frontal,Com Vítimas Feridas,Plena Noite,Crescente,Céu Claro,Simples,Curva;Aclive,Sim,4,0,3,1,0,0,4,2,-27.7603382,-48.63082588,SPRF-SC,DEL01-SC,UOP02-DEL01-SC,2020
"283155,0",2020-05-06,quarta-feira,19:00:00,SC,101,"213,0",PALHOCA,Falta de Atenção à Condução,Colisão lateral,Com Vítimas Feridas,Plena Noite,Crescente,Céu Claro,Múltipla,Reta,Sim,2,0,1,0,1,0,1,2,-27.63697369,-48.66514142,SPRF-SC,DEL01-SC,UOP02-DEL01-SC,2020
"283173,0",2020-05-06,quarta-feira,21:35:00,SC,282,"348,0",CAMPOS NOVOS,Mal Súbito,Colisão frontal,Com Vítimas Feridas,Plena Noite,Crescente,Céu Claro,Simples,Reta,Não,3,0,2,1,0,0,3,2,-27.361637,-51.273197,SPRF-SC,DEL07-SC,UOP06-DEL07-SC,2020
"283177,0",2020-05-06,quarta-feira,21:00:00,SC,280,"236,4",CANOINHAS,Desobediência às normas de trânsito pelo pedestre,Atropelamento de Pedestre,Com Vítimas Fatais,Plena Noite,Decrescente,Céu Claro,Simples,Reta,Não,2,1,0,0,1,0,0,2,-26.19473731,-50.42288587,SPRF-SC,DEL06-SC,UOP04-DEL06-SC,2020
"283181,0",2020-05-06,quarta-feira,00:55:00,SC,101,"327,0",CAPIVARI DE BAIXO,Animais na Pista,Saída de leito carroçável,Sem Vítimas,Pleno dia,Crescente,Céu Claro,Dupla,Reta,Sim,1,0,0,0,1,0,0,1,-28.43023306,-48.95205197,SPRF-SC,DEL02-SC,UOP01-DEL02-SC,2020
"283185,0",2020-05-07,quinta-feira,00:25:00,SC,101,"86,3",BARRA VELHA,Velocidade Incompatível,Capotamento,Com Vítimas Fatais,Plena Noite,Crescente,Céu Claro,Dupla,Interseção de Vias,Sim,6,2,1,3,0,0,4,1,-26.63936509,-48.6939168,SPRF-SC,DEL03-SC,UOP02-DEL03-SC,2020
"283196,0",2020-05-07,quinta-feira,07:00:00,SC,470,"69,0",INDAIAL,Desobediência às normas de trânsito pelo condutor,Colisão lateral,Com Vítimas Feridas,Pleno dia,Crescente,Nublado,Simples,Em Obras;Reta,Não,2,0,1,0,1,0,1,2,-26.883745,-49.246704,SPRF-SC,DEL04-SC,UOP01-DEL04-SC,2020
"283206,0",2020-05-07,quinta-feira,07:50:00,SC,282,"0,5",FLORIANOPOLIS,Falta de Atenção à Condução,Colisão lateral,Sem Vítimas,Pleno dia,Decrescente,Céu Claro,Múltipla,Reta,Sim,2,0,0,0,2,0,0,2,-27.59845,-48.571995,SPRF-SC,DEL01-SC,UOP01-DEL01-SC,2020
"283207,0",2020-05-07,quinta-feira,06:15:00,SC,282,"602,1",MARAVILHA,Falta de Atenção à Condução,Colisão transversal,Com Vítimas Feridas,Amanhecer,Crescente,Céu Claro,Simples,Reta;Interseção de Vias,Não,2,0,1,0,0,1,1,2,-26.806049,-53.178757,SPRF-SC,DEL07-SC,UOP02-DEL07-SC,2020
"283208,0",2020-05-07,quinta-feira,07:40:00,SC,101,"331,6",TUBARAO,Falta de Atenção à Condução,Colisão transversal,Com Vítimas Feridas,Pleno dia,Crescente,Nublado,Múltipla,Interseção de Vias,Sim,2,0,1,0,1,0,1,2,-28.45567521,-48.9812689,SPRF-SC,DEL02-SC,UOP01-DEL02-SC,2020
"283216,0",2020-05-07,quinta-feira,09:50:00,SC,280,"126,0",RIO NEGRINHO,Defeito Mecânico no Veículo,Incêndio,Sem Vítimas,Pleno dia,Crescente,Sol,Simples,Reta,Sim,1,0,0,0,1,0,0,1,-26.23779604,-49.49427399,SPRF-SC,DEL06-SC,UOP03-DEL06-SC,2020
"283220,0",2020-05-07,quinta-feira,10:20:00,SC,101,"207,1",SAO JOSE,Defeito Mecânico no Veículo,Tombamento,Com Vítimas Feridas,Pleno dia,Crescente,Céu Claro,Múltipla,Curva,Sim,1,0,1,0,0,0,1,1,-27.60001226,-48.6226467,SPRF-SC,DEL01-SC,UOP01-DEL01-SC,2020
"283237,0",2020-05-07,quinta-feira,12:15:00,SC,101,"229,0",PALHOCA,Desobediência às normas de trânsito pelo condutor,Colisão transversal,Com Vítimas Feridas,Pleno dia,Crescente,Céu Claro,Múltipla,Viaduto,Sim,2,0,1,0,1,0,1,2,-27.7688932,-48.63205379,SPRF-SC,DEL01-SC,UOP02-DEL01-SC,2020
"283241,0",2020-05-07,quinta-feira,13:00:00,SC,470,"89,0",ASCURRA,Desobediência às normas de trânsito pelo condutor,Colisão transversal,Com Vítimas Feridas,Pleno dia,Crescente,Nublado,Simples,Interseção de Vias,Não,2,0,2,0,0,0,2,2,-26.961573,-49.371918,SPRF-SC,DEL04-SC,UOP01-DEL04-SC,2020
"283252,0",2020-05-07,quinta-feira,14:00:00,SC,101,"209,6",SAO JOSE,Falta de Atenção do Pedestre,Atropelamento de Pedestre,Com Vítimas Feridas,Pleno dia,Crescente,Céu Claro,Dupla,Reta,Sim,2,0,0,1,1,0,1,2,-27.61000542,-48.63895057,SPRF-SC,DEL01-SC,UOP01-DEL01-SC,2020
"283255,0",2020-05-07,quinta-feira,13:30:00,SC,280,"153,6",MAFRA,Ultrapassagem Indevida,Colisão frontal,Com Vítimas Feridas,Pleno dia,Crescente,Sol,Simples,Declive;Reta,Não,2,0,1,0,1,0,1,2,-26.22099817,-49.71288041,SPRF-SC,DEL06-SC,UOP03-DEL06-SC,2020
"283260,0",2020-05-07,quinta-feira,16:40:00,SC,101,"134,0",BALNEARIO CAMBORIU,Defeito Mecânico no Veículo,Tombamento,Com Vítimas Feridas,Pleno dia,Crescente,Céu Claro,Dupla,Reta,Sim,2,0,2,0,0,0,2,1,-27.00218,-48.636433,SPRF-SC,DEL04-SC,UOP03-DEL04-SC,2020
"283263,0",2020-05-07,quinta-feira,16:15:00,SC,101,"197,3",BIGUACU,Falta de Atenção à Condução,Colisão com objeto em movimento,Com Vítimas Feridas,Pleno dia,Crescente,Céu Claro,Simples,Reta,Não,2,0,1,0,1,0,1,2,-27.51844497,-48.63848496,SPRF-SC,DEL01-SC,UOP01-DEL01-SC,2020
"283277,0",2020-05-07,quinta-feira,17:30:00,SC,470,"55,0",BLUMENAU,Desobediência às normas de trânsito pelo condutor,Colisão lateral,Com Vítimas Feridas,Anoitecer,Crescente,Nublado,Simples,Reta,Sim,2,0,1,0,1,0,1,2,-26.875601,-49.117992,SPRF-SC,DEL04-SC,UOP01-DEL04-SC,2020
"283286,0",2020-05-07,quinta-feira,12:30:00,SC,470,"147,6",AGRONOMICA,Ingestão de Álcool,Colisão transversal,Sem Vítimas,Pleno dia,Crescente,Céu Claro,Simples,Rotatória,Não,2,0,0,0,2,0,0,2,-27.243439,-49.690025,SPRF-SC,DEL04-SC,UOP02-DEL04-SC,2020
"283294,0",2020-05-07,quinta-feira,19:00:00,SC,101,"195,8",BIGUACU,Falta de Atenção à Condução,Colisão com objeto em movimento,Com Vítimas Feridas,Plena Noite,Decrescente,Céu Claro,Dupla,Viaduto,Não,2,0,1,0,1,0,1,2,-27.5047092,-48.65010819,SPRF-SC,DEL01-SC,UOP01-DEL01-SC,2020
"283314,0",2020-05-07,quinta-feira,17:40:00,SC,480,"127,4",CHAPECO,Falta de Atenção à Condução,Colisão traseira,Com Vítimas Feridas,Plena Noite,Crescente,Céu Claro,Simples,Reta,Sim,2,0,0,1,1,0,1,2,-27.02885905,-52.63380035,SPRF-SC,DEL07-SC,UOP01-DEL07-SC,2020
"283323,0",2020-05-07,quinta-feira,17:50:00,SC,101,"304,0",LAGUNA,Desobediência às normas de trânsito pelo condutor,Colisão lateral,Com Vítimas Feridas,Pleno dia,Crescente,Nublado,Simples,Reta,Não,2,0,1,0,1,0,1,2,-28.36912427,-48.75686871,SPRF-SC,DEL02-SC,UOP03-DEL02-SC,2020
"283325,0",2020-05-07,quinta-feira,21:30:00,SC,282,"1,5",FLORIANOPOLIS,Falta de Atenção à Condução,Colisão lateral,Com Vítimas Feridas,Plena Noite,Crescente,Céu Claro,Dupla,Curva,Sim,2,0,1,0,1,0,1,2,-27.602955,-48.580509,SPRF-SC,DEL01-SC,UOP01-DEL01-SC,2020
"283332,0",2020-05-08,sexta-feira,00:05:00,SC,282,"29,7",SANTO AMARO DA IMPERATRIZ,Ingestão de Álcool,Colisão frontal,Com Vítimas Feridas,Plena Noite,Crescente,Céu Claro,Simples,Reta,Não,2,0,1,0,1,0,1,2,-27.679737,-48.786785,SPRF-SC,DEL01-SC,UOP03-DEL01-SC,2020
"283347,0",2020-05-07,quinta-feira,17:40:00,SC,282,"210,1",LAGES,Falta de Atenção à Condução,Colisão frontal,Com Vítimas Fatais,Anoitecer,Decrescente,Céu Claro,Simples,Aclive;Reta,Não,3,1,0,2,0,0,2,2,-27.778582,-50.231815,SPRF-SC,DEL05-SC,UOP01-DEL05-SC,2020
"283348,0",2020-05-08,sexta-feira,07:05:00,SC,101,"213,0",PALHOCA,Falta de Atenção à Condução,Colisão lateral,Com Vítimas Feridas,Pleno dia,Decrescente,Céu Claro,Dupla,Reta,Sim,2,0,0,1,1,0,1,2,-27.63697369,-48.66514142,SPRF-SC,DEL01-SC,UOP02-DEL01-SC,2020
"283358,0",2020-05-01,sexta-feira,01:55:00,SC,470,"69,4",INDAIAL,Falta de Atenção à Condução,Colisão frontal,Com Vítimas Feridas,Plena Noite,Decrescente,Céu Claro,Simples,Reta,Não,3,0,1,0,1,1,1,3,-26.883745,-49.246704,SPRF-SC,DEL04-SC,UOP01-DEL04-SC,2020
"283359,0",2020-05-04,segunda-feira,11:36:00,SC,101,"405,8",ARARANGUA,Defeito na Via,Colisão com objeto estático,Sem Vítimas,Pleno dia,Crescente,Céu Claro,Múltipla,Reta,Não,1,0,0,0,1,0,0,1,-28.88548916,-49.4630158,SPRF-SC,DEL02-SC,UOP02-DEL02-SC,2020
"283361,0",2020-05-08,sexta-feira,08:40:00,SC,280,"53,4",GUARAMIRIM,Desobediência às normas de trânsito pelo condutor,Colisão lateral,Com Vítimas Feridas,Pleno dia,Decrescente,Céu Claro,Simples,Reta,Sim,2,0,1,0,1,0,1,2,-26.47236756,-48.97426617,SPRF-SC,DEL03-SC,UOP03-DEL03-SC,2020
"283395,0",2020-05-08,sexta-feira,11:00:00,SC,280,"53,5",GUARAMIRIM,Desobediência às normas de trânsito pelo condutor,Colisão transversal,Com Vítimas Feridas,Pleno dia,Crescente,Sol,Simples,Reta,Sim,2,0,0,1,1,0,1,2,-26.47236756,-48.97426617,SPRF-SC,DEL03-SC,UOP03-DEL03-SC,2020
"283400,0",2020-05-08,sexta-feira,12:55:00,SC,480,"129,4",CHAPECO,Falta de Atenção à Condução,Colisão traseira,Com Vítimas Feridas,Pleno dia,Crescente,Céu Claro,Simples,Viaduto;Interseção de Vias;Reta,Sim,3,0,0,1,2,0,1,3,-27.05082357,-52.63498675,SPRF-SC,DEL07-SC,UOP01-DEL07-SC,2020
"283421,0",2020-05-08,sexta-feira,15:15:00,SC,470,"130,1",LONTRAS,Falta de Atenção à Condução,Colisão lateral,Com Vítimas Feridas,Pleno dia,Decrescente,Céu Claro,Simples,Interseção de Vias,Não,2,0,2,0,0,0,2,2,-27.15756,-49.556488,SPRF-SC,DEL04-SC,UOP02-DEL04-SC,2020
"283431,0",2020-05-08,sexta-feira,17:30:00,SC,101,"149,0",ITAPEMA,Desobediência às normas de trânsito pelo condutor,Colisão transversal,Com Vítimas Feridas,Plena Noite,Decrescente,Céu Claro,Simples,Reta,Sim,2,0,1,0,1,0,1,2,-27.1089649,-48.61277586,SPRF-SC,DEL04-SC,UOP03-DEL04-SC,2020
"283442,0",2020-05-08,sexta-feira,17:00:00,SC,470,"147,7",LAURENTINO,Falta de Atenção à Condução,Colisão lateral,Com Vítimas Feridas,Pleno dia,Crescente,Céu Claro,Dupla,Curva,Não,3,0,2,0,1,0,2,2,-27.243439,-49.690025,SPRF-SC,DEL04-SC,UOP02-DEL04-SC,2020
"283477,0",2020-05-08,sexta-feira,19:15:00,SC,282,"520,6",XAXIM,Falta de Atenção à Condução,Colisão lateral,Sem Vítimas,Plena Noite,Decrescente,Céu Claro,Simples,Rotatória,Não,2,0,0,0,2,0,0,2,-26.94932995,-52.52917528,SPRF-SC,DEL07-SC,UOP01-DEL07-SC,2020
"283478,0",2020-05-08,sexta-feira,17:00:00,SC,282,"446,0",PONTE SERRADA,Falta de Atenção à Condução,Saída de leito carroçável,Sem Vítimas,Pleno dia,Crescente,Céu Claro,Simples,Curva,Não,1,0,0,0,0,1,0,1,-26.910217,-51.914951,SPRF-SC,DEL07-SC,UOP04-DEL07-SC,2020
"283486,0",2020-05-08,sexta-feira,20:15:00,SC,101,"339,8",TUBARAO,Ingestão de álcool e/ou substâncias psicoativas pelo pedestre,Colisão frontal,Com Vítimas Feridas,Plena Noite,Crescente,Céu Claro,Simples,Reta,Sim,4,0,1,1,1,1,2,3,-28.49351117,-49.04178985,SPRF-SC,DEL02-SC,UOP01-DEL02-SC,2020
"283490,0",2020-05-08,sexta-feira,21:15:00,SC,280,"6,0",SAO FRANCISCO DO SUL,Falta de Atenção à Condução,Colisão transversal,Com Vítimas Feridas,Plena Noite,Crescente,Céu Claro,Simples,Interseção de Vias,Sim,2,0,1,0,0,1,1,2,-26.26285731,-48.62943113,SPRF-SC,DEL03-SC,UOP03-DEL03-SC,2020
"283501,0",2020-05-08,sexta-feira,23:00:00,SC,101,"25,0",JOINVILLE,Falta de Atenção à Condução,Colisão transversal,Com Vítimas Feridas,Plena Noite,Decrescente,Céu Claro,Simples,Interseção de Vias,Sim,3,0,0,1,2,0,1,2,-26.1834739,-48.9105912,SPRF-SC,DEL03-SC,UOP01-DEL03-SC,2020
"283504,0",2020-05-08,sexta-feira,23:50:00,SC,101,"137,0",BALNEARIO CAMBORIU,Ingestão de Álcool,Saída de leito carroçável,Sem Vítimas,Plena Noite,Crescente,Céu Claro,Dupla,Reta,Não,2,0,0,0,1,1,0,1,-27.0157238,-48.61192763,SPRF-SC,DEL04-SC,UOP03-DEL04-SC,2020
"283518,0",2020-05-09,sábado,03:35:00,SC,470,"69,0",INDAIAL,Falta de Atenção à Condução,Saída de leito carroçável,Sem Vítimas,Plena Noite,Crescente,Céu Claro,Simples,Reta;Desvio Temporário;Em Obras,Sim,1,0,0,0,1,0,0,1,-26.8853302,-49.24947739,SPRF-SC,DEL04-SC,UOP01-DEL04-SC,2020
"283520,0",2020-05-09,sábado,05:00:00,SC,470,"68,0",INDAIAL,Ingestão de Álcool,Colisão frontal,Com Vítimas Feridas,Plena Noite,Crescente,Nevoeiro/Neblina,Simples,Reta,Sim,7,0,3,3,1,0,6,2,-26.877615,-49.239231,SPRF-SC,DEL04-SC,UOP01-DEL04-SC,2020
"283524,0",2020-05-09,sábado,06:15:00,SC,101,"436,5",SOMBRIO,Ingestão de Álcool,Colisão com objeto estático,Com Vítimas Feridas,Amanhecer,Crescente,Céu Claro,Múltipla,Reta;Aclive,Sim,1,0,1,0,0,0,1,1,-29.11820887,-49.64103699,SPRF-SC,DEL02-SC,UOP02-DEL02-SC,2020
"283537,0",2020-05-09,sábado,08:25:00,SC,282,"216,0",LAGES,Falta de Atenção à Condução,Colisão traseira,Com Vítimas Feridas,Pleno dia,Decrescente,Nublado,Simples,Reta,Não,2,0,1,0,1,0,1,2,-27.797529,-50.291862,SPRF-SC,DEL05-SC,UOP01-DEL05-SC,2020