id,data_inversa,dia_semana,horario,uf,br,km,municipio,causa_acidente,tipo_acidente,classificacao_acidente,fase_dia,sentido_via,condicao_metereologica,tipo_pista,tracado_via,uso_solo,pessoas,mortos,feridos_leves,feridos_graves,ilesos,ignorados,feridos,veiculos,latitude,longitude,regional,delegacia,uop,ano_arquivo
"284486,0",2020-05-14,quinta-feira,22:20:00,SC,282,"210,0",SAO JOSE,Objeto estático sobre o leito carroçável,Colisão com objeto estático,Com Vítimas Feridas,Plena Noite,Decrescente,Céu Claro,Múltipla,Reta,Sim,2,0,1,0,0,1,1,2,-27.6124313,-48.64104878,SPRF-SC,DEL05-SC,UOP01-DEL05-SC,2020
"284502,0",2020-05-15,sexta-feira,02:40:00,SC,470,"126,3",LONTRAS,Ingestão de Álcool,Saída de leito carroçável,Sem Vítimas,Plena Noite,Decrescente,Nublado,Simples,Reta,Sim,1,0,0,0,1,0,0,1,-27.129,-49.538277,SPRF-SC,DEL04-SC,UOP02-DEL04-SC,2020
"284507,0",2020-05-15,sexta-feira,00:40:00,SC,282,"188,0",BOCAINA DO SUL,Defeito Mecânico no Veículo,Incêndio,Sem Vítimas,Plena Noite,Decrescente,Céu Claro,Simples,Rotatória,Não,1,0,0,0,1,0,0,1,-27.736822,-50.016792,SPRF-SC,DEL05-SC,UOP01-DEL05-SC,2020
"284532,0",2020-03-12,quinta-feira,11:45:00,SC,280,"55,2",GUARAMIRIM,Falta de Atenção à Condução,Colisão transversal,Com Vítimas Feridas,Pleno dia,Crescente,Céu Claro,Simples,Reta,Sim,2,0,1,0,1,0,1,2,-26.47584353,-48.9937858,SPRF-SC,DEL03-SC,UOP03-DEL03-SC,2020
"284559,0",2020-05-15,sexta-feira,12:10:00,SC,470,"140,0",RIO DO SUL,Desobediência às normas de trânsito pelo condutor,Colisão transversal,Com Vítimas Feridas,Pleno dia,Decrescente,Nublado,Simples,Reta,Sim,2,0,1,0,1,0,1,2,-27.20465977,-49.6381402,SPRF-SC,DEL04-SC,UOP02-DEL04-SC,2020
"284581,0",2020-05-15,sexta-feira,18:20:00,SC,101,"206,5",SAO JOSE,Falta de Atenção à Condução,Colisão lateral,Com Vítimas Feridas,Plena Noite,Decrescente,Nublado,Dupla,Reta,Sim,2,0,1,0,1,0,1,2,-27.59193546,-48.61824557,SPRF-SC,DEL01-SC,UOP01-DEL01-SC,2020
"284610,0",2020-05-15,sexta-feira,15:15:00,SC,470,"65,3",INDAIAL,Desobediência às normas de trânsito pelo condutor,Colisão transversal,Com Vítimas Feridas,Pleno dia,Crescente,Nublado,Simples,Reta,Sim,2,0,1,0,1,0,1,2,-26.870411,-49.211864,SPRF-SC,DEL04-SC,UOP01-DEL04-SC,2020
"284619,0",2020-05-15,sexta-feira,19:45:00,SC,282,"212,0",LAGES,Falta de Atenção à Condução,Colisão transversal,Com Vítimas Feridas,Plena Noite,Crescente,Chuva,Simples,Reta,Não,2,0,1,0,1,0,1,2,-27.782257,-50.251381,SPRF-SC,DEL05-SC,UOP01-DEL05-SC,2020
"284626,0",2020-05-15,sexta-feira,20:40:00,SC,101,"216,3",PALHOCA,Desobediência às normas de trânsito pelo condutor,Colisão lateral,Com Vítimas Feridas,Plena Noite,Decrescente,Céu Claro,Múltipla,Viaduto,Sim,4,0,0,1,3,0,1,4,-27.66322845,-48.67552942,SPRF-SC,DEL01-SC,UOP02-DEL01-SC,2020
"284633,0",2020-05-15,sexta-feira,17:30:00,SC,282,"107,0",ALFREDO WAGNER,Defeito na Via,Capotamento,Com Vítimas Feridas,Anoitecer,Crescente,Céu Claro,Simples,Reta,Não,1,0,1,0,0,0,1,1,-27.704372,-49.34935,SPRF-SC,DEL01-SC,UOP03-DEL01-SC,2020
"284639,0",2020-05-15,sexta-feira,20:15:00,SC,470,"174,3",POUSO REDONDO,Falta de Atenção à Condução,Colisão traseira,Com Vítimas Feridas,Plena Noite,Decrescente,Céu Claro,Simples,Reta,Não,3,0,2,0,1,0,2,2,-27.258179,-49.929146,SPRF-SC,DEL04-SC,UOP02-DEL04-SC,2020
"284640,0",2020-05-15,sexta-feira,15:15:00,SC,101,"333,7",TUBARAO,Desobediência às normas de trânsito pelo condutor,Colisão transversal,Sem Vítimas,Plena Noite,Crescente,Céu Claro,Dupla,Rotatória;Reta,Sim,2,0,0,0,2,0,0,2,-28.4689931,-49.0165329,SPRF-SC,DEL02-SC,UOP01-DEL02-SC,2020
"284641,0",2020-05-15,sexta-feira,13:45:00,SC,101,"333,7",TUBARAO,Desobediência às normas de trânsito pelo condutor,Colisão transversal,Com Vítimas Feridas,Pleno dia,Decrescente,Céu Claro,Múltipla,Interseção de Vias,Sim,3,0,2,0,1,0,2,2,-28.46630107,-48.99653096,SPRF-SC,DEL02-SC,UOP01-DEL02-SC,2020
"284654,0",2020-05-15,sexta-feira,19:10:00,SC,101,"327,5",CAPIVARI DE BAIXO,Ingestão de Álcool,Atropelamento de Pedestre,Com Vítimas Feridas,Plena Noite,Crescente,Céu Claro,Múltipla,Aclive,Sim,2,0,1,0,1,0,1,2,-28.43984162,-48.96307647,SPRF-SC,DEL02-SC,UOP01-DEL02-SC,2020
"284665,0",2020-05-15,sexta-feira,22:45:00,SC,101,"135,0",BALNEARIO CAMBORIU,Ingestão de Substâncias Psicoativas,Colisão com objeto estático,Sem Vítimas,Plena Noite,Decrescente,Nublado,Dupla,Ponte,Não,2,0,0,0,2,0,0,2,-27.0050108,-48.62677494,SPRF-SC,DEL04-SC,UOP03-DEL04-SC,2020
"284671,0",2020-05-16,sábado,01:55:00,SC,101,"125,1",ITAJAI,Falta de Atenção à Condução,Atropelamento de Pedestre,Com Vítimas Fatais,Plena Noite,Decrescente,Céu Claro,Dupla,Curva,Não,4,1,0,0,1,2,0,3,-26.94802427,-48.68338515,SPRF-SC,DEL04-SC,UOP04-DEL04-SC,2020
"284676,0",2020-05-16,sábado,05:05:00,SC,101,"121,0",ITAJAI,Desobediência às normas de trânsito pelo condutor,Colisão transversal,Com Vítimas Feridas,Plena Noite,Decrescente,Céu Claro,Dupla,Reta,Não,2,0,0,1,0,1,1,2,-26.92103178,-48.70856446,SPRF-SC,DEL04-SC,UOP04-DEL04-SC,2020
"284682,0",2020-05-16,sábado,05:05:00,SC,101,"209,5",SAO JOSE,Ingestão de Álcool,Saída de leito carroçável,Com Vítimas Feridas,Plena Noite,Crescente,Céu Claro,Múltipla,Reta;Aclive,Sim,1,0,1,0,0,0,1,1,-27.61272037,-48.64191413,SPRF-SC,DEL01-SC,UOP01-DEL01-SC,2020
"284687,0",2020-05-16,sábado,06:50:00,SC,470,"141,3",RIO DO SUL,Velocidade Incompatível,Colisão com objeto estático,Sem Vítimas,Pleno dia,Crescente,Nublado,Simples,Reta,Sim,1,0,0,0,0,1,0,1,-27.226065,-49.666161,SPRF-SC,DEL04-SC,UOP02-DEL04-SC,2020
"284714,0",2020-05-16,sábado,11:30:00,SC,101,"212,2",PALHOCA,Falta de Atenção à Condução,Colisão com objeto estático,Com Vítimas Feridas,Pleno dia,Crescente,Céu Claro,Múltipla,Reta;Aclive,Sim,1,0,1,0,0,0,1,1,-27.62996929,-48.65903871,SPRF-SC,DEL01-SC,UOP02-DEL01-SC,2020
"284723,0",2020-05-16,sábado,12:15:00,SC,101,"220,7",PALHOCA,Falta de Atenção à Condução,Colisão traseira,Com Vítimas Feridas,Pleno dia,Decrescente,Céu Claro,Dupla,Reta,Sim,3,0,0,2,1,0,2,2,-27.69198941,-48.66368358,SPRF-SC,DEL01-SC,UOP02-DEL01-SC,2020
"284728,0",2020-05-16,sábado,11:30:00,SC,470,"134,0",RIO DO SUL,Falta de Atenção à Condução,Colisão transversal,Com Vítimas Feridas,Pleno dia,Crescente,Céu Claro,Dupla,Reta,Não,2,0,0,1,1,0,1,2,-27.181854,-49.600128,SPRF-SC,DEL04-SC,UOP02-DEL04-SC,2020
"284738,0",2020-05-16,sábado,14:20:00,SC,101,"131,0",BALNEARIO CAMBORIU,Falta de Atenção à Condução,Colisão lateral,Com Vítimas Feridas,Pleno dia,Decrescente,Nublado,Dupla,Reta,Não,2,0,1,0,1,0,1,2,-26.99064209,-48.66310912,SPRF-SC,DEL04-SC,UOP03-DEL04-SC,2020
"284740,0",2020-05-16,sábado,14:10:00,SC,116,"7,6",MAFRA,Defeito Mecânico no Veículo,Saída de leito carroçável,Com Vítimas Feridas,Pleno dia,Decrescente,Céu Claro,Simples,Reta,Sim,1,0,1,0,0,0,1,1,-26.15196176,-49.83102416,SPRF-SC,DEL06-SC,UOP01-DEL06-SC,2020
"284746,0",2020-05-16,sábado,14:45:00,SC,101,"327,0",CAPIVARI DE BAIXO,Desobediência às normas de trânsito pelo condutor,Colisão frontal,Com Vítimas Feridas,Pleno dia,Decrescente,Céu Claro,Múltipla,Reta,Sim,1,0,1,0,0,0,1,1,-28.43023306,-48.95205197,SPRF-SC,DEL02-SC,UOP01-DEL02-SC,2020
"284775,0",2020-05-16,sábado,14:30:00,SC,470,"16,0",ILHOTA,Falta de Atenção à Condução,Colisão lateral,Com Vítimas Feridas,Pleno dia,Decrescente,Céu Claro,Simples,Reta,Não,2,0,0,1,1,0,1,2,-26.843019,-48.794434,SPRF-SC,DEL04-SC,UOP04-DEL04-SC,2020
"284776,0",2020-05-16,sábado,14:40:00,SC,116,"138,0",SANTA CECILIA,Mal Súbito,Saída de leito carroçável,Com Vítimas Feridas,Pleno dia,Crescente,Céu Claro,Simples,Aclive;Reta,Não,1,0,1,0,0,0,1,1,-26.95365013,-50.42351412,SPRF-SC,DEL06-SC,UOP02-DEL06-SC,2020
"284777,0",2020-05-16,sábado,16:35:00,SC,101,"79,0",ARAQUARI,Falta de Atenção à Condução,Colisão traseira,Com Vítimas Feridas,Pleno dia,Decrescente,Céu Claro,Dupla,Reta,Não,3,0,1,1,1,0,2,2,-26.58559601,-48.72192112,SPRF-SC,DEL03-SC,UOP02-DEL03-SC,2020
"284791,0",2020-05-16,sábado,17:00:00,SC,101,"44,0",JOINVILLE,Ingestão de Álcool,Saída de leito carroçável,Com Vítimas Feridas,Pleno dia,Decrescente,Sol,Simples,Viaduto,Sim,1,0,1,0,0,0,1,1,-26.31238996,-48.87458997,SPRF-SC,DEL03-SC,UOP01-DEL03-SC,2020
"284809,0",2020-05-16,sábado,18:55:00,SC,280,"50,0",GUARAMIRIM,Sinalização da via insuficiente ou inadequada,Saída de leito carroçável,Com Vítimas Feridas,Plena Noite,Crescente,Nublado,Simples,Em Obras,Sim,1,0,0,1,0,0,1,1,-26.4619489,-48.94618404,SPRF-SC,DEL03-SC,UOP03-DEL03-SC,2020
"284824,0",2020-05-16,sábado,20:00:00,SC,470,"150,0",AGRONOMICA,Falta de Atenção à Condução,Colisão com objeto estático,Com Vítimas Feridas,Plena Noite,Decrescente,Nublado,Simples,Rotatória,Não,1,0,0,1,0,0,1,1,-27.25728282,-49.71271299,SPRF-SC,DEL04-SC,UOP02-DEL04-SC,2020
"284828,0",2020-05-16,sábado,16:25:00,SC,280,"95,7",CORUPA,Velocidade Incompatível,Tombamento,Com Vítimas Feridas,Pleno dia,Decrescente,Céu Claro,Simples,Aclive;Curva,Não,3,0,1,2,0,0,3,2,-26.38231812,-49.31940794,SPRF-SC,DEL06-SC,UOP03-DEL06-SC,2020
"284836,0",2020-05-16,sábado,15:55:00,SC,101,"163,0",TIJUCAS,Ingestão de Álcool,Tombamento,Com Vítimas Feridas,Pleno dia,Crescente,Céu Claro,Dupla,Reta,Sim,1,0,0,1,0,0,1,1,-27.23461699,-48.63039809,SPRF-SC,DEL04-SC,UOP03-DEL04-SC,2020
"284840,0",2020-05-16,sábado,20:30:00,SC,101,"202,0",SAO JOSE,Não guardar distância de segurança,Colisão lateral,Com Vítimas Feridas,Plena Noite,Crescente,Céu Claro,Simples,Reta,Sim,2,0,1,0,0,1,1,2,-27.55711595,-48.61897889,SPRF-SC,DEL01-SC,UOP01-DEL01-SC,2020
"284843,0",2020-05-16,sábado,19:15:00,SC,282,"498,0",XANXERE,Falta de Atenção à Condução,Colisão traseira,Sem Vítimas,Plena Noite,Crescente,Céu Claro,Simples,Reta,Não,3,0,0,0,3,0,0,2,-26.87970337,-52.34620571,SPRF-SC,DEL07-SC,UOP01-DEL07-SC,2020
"284876,0",2020-05-16,sábado,16:00:00,SC,101,"376,4",ICARA,Desobediência às normas de trânsito pelo condutor,Colisão traseira,Com Vítimas Feridas,Pleno dia,Crescente,Céu Claro,Simples,Reta,Não,3,0,3,0,0,0,3,3,-28.74011407,-49.25092272,SPRF-SC,DEL02-SC,UOP01-DEL02-SC,2020
"284878,0",2020-05-17,domingo,04:00:00,SC,282,"221,0",LAGES,Condutor Dormindo,Colisão com objeto estático,Sem Vítimas,Plena Noite,Crescente,Céu Claro,Simples,Reta,Sim,1,0,0,0,0,1,0,1,-27.79452498,-50.33637285,SPRF-SC,DEL05-SC,UOP01-DEL05-SC,2020
"284880,0",2020-05-17,domingo,03:50:00,SC,280,"57,0",GUARAMIRIM,Ingestão de Álcool,Colisão frontal,Com Vítimas Feridas,Plena Noite,Decrescente,Céu Claro,Simples,Reta,Sim,3,0,1,0,2,0,1,2,-26.47811421,-49.01259213,SPRF-SC,DEL03-SC,UOP03-DEL03-SC,2020
"284881,0",2020-05-17,domingo,04:25:00,SC,101,"145,6",ITAPEMA,Não guardar distância de segurança,Colisão traseira,Com Vítimas Feridas,Plena Noite,Decrescente,Céu Claro,Dupla,Reta,Sim,3,0,1,0,2,0,1,2,-27.08139206,-48.60130993,SPRF-SC,DEL04-SC,UOP03-DEL04-SC,2020
"284882,0",2020-05-17,domingo,03:50:00,SC,101,"363,4",SANGAO,Ingestão de Álcool,Saída de leito carroçável,Sem Vítimas,Plena Noite,Crescente,Céu Claro,Dupla,Reta,Sim,1,0,0,0,1,0,0,1,-28.681416,-49.14455,SPRF-SC,DEL02-SC,UOP01-DEL02-SC,2020
"284886,0",2020-05-17,domingo,05:20:00,SC,282,"470,4",PONTE SERRADA,Avarias e/ou desgaste excessivo no pneu,Tombamento,Com Vítimas Feridas,Amanhecer,Decrescente,Céu Claro,Simples,Curva,Não,2,0,2,0,0,0,2,1,-26.862293,-52.12109,SPRF-SC,DEL07-SC,UOP01-DEL07-SC,2020
"284888,0",2020-05-17,domingo,06:50:00,SC,280,"126,6",RIO NEGRINHO,Desobediência às normas de trânsito pelo pedestre,Colisão lateral,Sem Vítimas,Amanhecer,Decrescente,Nublado,Simples,Declive;Reta,Sim,2,0,0,0,2,0,0,2,-26.23779604,-49.49427399,SPRF-SC,DEL06-SC,UOP03-DEL06-SC,2020
"284904,0",2020-05-17,domingo,09:30:00,SC,470,"45,1",BLUMENAU,Falta de Atenção à Condução,Colisão traseira,Com Vítimas Feridas,Pleno dia,Crescente,Céu Claro,Simples,Reta,Não,3,0,1,0,2,0,1,2,-26.867064,-49.031109,SPRF-SC,DEL04-SC,UOP01-DEL04-SC,2020
"284940,0",2020-04-30,quinta-feira,21:30:00,SC,280,"128,0",RIO NEGRINHO,Falta de Atenção à Condução,Colisão lateral,Sem Vítimas,Plena Noite,Crescente,Céu Claro,Simples,Aclive,Sim,3,0,0,0,3,0,0,2,-26.25323993,-49.53074455,SPRF-SC,DEL06-SC,UOP03-DEL06-SC,2020
"284949,0",2020-05-17,domingo,16:55:00,SC,101,"133,8",BALNEARIO CAMBORIU,Restrição de Visibilidade,Atropelamento de Pedestre,Com Vítimas Feridas,Pleno dia,Decrescente,Céu Claro,Simples,Interseção de Vias;Retorno Regulamentado;Reta,Sim,3,0,2,0,1,0,2,2,-26.99936,-48.64609,SPRF-SC,DEL04-SC,UOP03-DEL04-SC,2020
"284969,0",2020-05-17,domingo,18:45:00,SC,282,"24,0",SANTO AMARO DA IMPERATRIZ,Não guardar distância de segurança,Colisão traseira,Com Vítimas Feridas,Plena Noite,Decrescente,Céu Claro,Simples,Reta,Não,2,0,0,1,1,0,1,2,-27.67862562,-48.75092983,SPRF-SC,DEL01-SC,UOP03-DEL01-SC,2020
"284978,0",2020-05-17,domingo,17:50:00,SC,470,"107,0",APIUNA,Ingestão de Álcool,Saída de leito carroçável,Com Vítimas Feridas,Anoitecer,Crescente,Céu Claro,Simples,Reta,Não,1,0,1,0,0,0,1,1,-27.077623,-49.43145,SPRF-SC,DEL04-SC,UOP02-DEL04-SC,2020
"284982,0",2020-05-17,domingo,17:30:00,SC,280,"52,3",GUARAMIRIM,Falta de Atenção à Condução,Colisão transversal,Com Vítimas Feridas,Anoitecer,Crescente,Nublado,Simples,Reta,Sim,2,0,1,0,1,0,1,2,-26.468904,-48.96492,SPRF-SC,DEL03-SC,UOP03-DEL03-SC,2020
"284988,0",2020-05-17,domingo,18:45:00,SC,280,"110,0",SAO BENTO DO SUL,Falta de Atenção à Condução,Colisão lateral,Com Vítimas Feridas,Plena Noite,Crescente,Céu Claro,Simples,Interseção de Vias,Não,2,0,1,0,1,0,1,2,-26.32140672,-49.38932175,SPRF-SC,DEL06-SC,UOP03-DEL06-SC,2020
"284989,0",2020-05-17,domingo,19:30:00,SC,101,"218,0",PALHOCA,Velocidade Incompatível,Colisão traseira,Com Vítimas Feridas,Anoitecer,Decrescente,Nublado,Simples,Reta,Sim,3,0,2,0,1,0,2,2,-27.6758601,-48.67052525,SPRF-SC,DEL01-SC,UOP02-DEL01-SC,2020
"285015,0",2020-05-17,domingo,15:55:00,SC,470,"72,0",INDAIAL,Desobediência às normas de trânsito pelo condutor,Colisão transversal,Com Vítimas Feridas,Anoitecer,Decrescente,Céu Claro,Simples,Em Obras,Sim,2,0,1,0,1,0,1,2,-26.901979,-49.268745,SPRF-SC,DEL04-SC,UOP01-DEL04-SC,2020
"285037,0",2020-05-17,domingo,22:35:00,SC,116,"128,9",SANTA CECILIA,Falta de Atenção à Condução,Colisão traseira,Com Vítimas Feridas,Plena Noite,Crescente,Nublado,Simples,Reta,Não,2,0,1,0,1,0,1,2,-26.88296297,-50.43000606,SPRF-SC,DEL06-SC,UOP02-DEL06-SC,2020
"285041,0",2020-05-17,domingo,23:00:00,SC,101,"87,5",BARRA VELHA,Ingestão de Álcool,Colisão com objeto estático,Com Vítimas Feridas,Plena Noite,Decrescente,Céu Claro,Dupla,Curva;Declive,Sim,2,0,1,0,1,0,1,1,-26.63713377,-48.69651057,SPRF-SC,DEL03-SC,UOP02-DEL03-SC,2020
"285042,0",2020-05-18,segunda-feira,02:50:00,SC,101,"65,9",ARAQUARI,Ingestão de Álcool,Saída de leito carroçável,Sem Vítimas,Plena Noite,Crescente,Nevoeiro/Neblina,Múltipla,Curva,Não,1,0,0,0,1,0,0,1,-26.47758557,-48.73983622,SPRF-SC,DEL03-SC,UOP02-DEL03-SC,2020
"285044,0",2020-05-18,segunda-feira,04:00:00,SC,101,"448,0",SANTA ROSA DO SUL,Avarias e/ou desgaste excessivo no pneu,Colisão com objeto estático,Sem Vítimas,Plena Noite,Crescente,Céu Claro,Dupla,Declive,Não,2,0,0,0,2,0,0,1,-29.15898991,-49.73540906,SPRF-SC,DEL02-SC,UOP02-DEL02-SC,2020
"285046,0",2020-05-18,segunda-feira,05:10:00,SC,470,"61,0",INDAIAL,Falta de Atenção à Condução,Colisão lateral,Sem Vítimas,Amanhecer,Crescente,Céu Claro,Simples,Reta,Não,2,0,0,0,2,0,0,2,-26.878952,-49.17421,SPRF-SC,DEL04-SC,UOP01-DEL04-SC,2020
"285060,0",2020-05-18,segunda-feira,07:30:00,SC,470,"3,0",NAVEGANTES,Falta de Atenção à Condução,Colisão traseira,Com Vítimas Feridas,Pleno dia,Decrescente,Céu Claro,Dupla,Reta,Sim,3,0,2,0,1,0,2,2,-26.861937,-48.681618,SPRF-SC,DEL04-SC,UOP04-DEL04-SC,2020
"285115,0",2020-05-18,segunda-feira,13:15:00,SC,116,"139,9",SANTA CECILIA,Falta de Atenção à Condução,Colisão traseira,Com Vítimas Feridas,Pleno dia,Crescente,Sol,Simples,Reta,Sim,3,0,3,0,0,0,3,2,-26.95485767,-50.42213917,SPRF-SC,DEL06-SC,UOP02-DEL06-SC,2020
"285136,0",2020-05-18,segunda-feira,17:20:00,SC,282,"17,0",PALHOCA,Desobediência às normas de trânsito pelo condutor,Colisão transversal,Com Vítimas Feridas,Pleno dia,Decrescente,Céu Claro,Simples,Reta,Sim,3,0,1,0,2,0,1,2,-27.665707,-48.688065,SPRF-SC,DEL01-SC,UOP02-DEL01-SC,2020
"285140,0",2020-05-18,segunda-feira,17:50:00,SC,280,"66,3",JARAGUA DO SUL,Falta de Atenção à Condução,Colisão frontal,Com Vítimas Feridas,Plena Noite,Crescente,Nublado,Simples,Reta,Não,2,0,0,1,1,0,1,2,-26.47606607,-49.09568797,SPRF-SC,DEL03-SC,UOP03-DEL03-SC,2020
"285154,0",2020-05-18,segunda-feira,18:45:00,SC,280,"66,0",JARAGUA DO SUL,Desobediência às normas de trânsito pelo condutor,Colisão transversal,Com Vítimas Feridas,Plena Noite,Decrescente,Céu Claro,Simples,Reta,Sim,2,0,1,0,1,0,1,2,-26.47606607,-49.09568797,SPRF-SC,DEL03-SC,UOP03-DEL03-SC,2020
"285155,0",2020-05-18,segunda-feira,18:25:00,SC,116,"246,9",LAGES,Desobediência às normas de trânsito pelo condutor,Colisão transversal,Com Vítimas Feridas,Plena Noite,Crescente,Céu Claro,Simples,Rotatória,Sim,2,0,1,0,1,0,1,2,-27.80419942,-50.36509464,SPRF-SC,DEL05-SC,UOP02-DEL05-SC,2020
"285162,0",2020-05-18,segunda-feira,18:50:00,SC,280,"55,0",GUARAMIRIM,Falta de Atenção à Condução,Colisão frontal,Com Vítimas Feridas,Plena Noite,Decrescente,Céu Claro,Simples,Reta,Sim,2,0,1,0,0,1,1,2,-26.47584353,-48.9937858,SPRF-SC,DEL03-SC,UOP03-DEL03-SC,2020
"285177,0",2020-05-18,segunda-feira,20:55:00,SC,470,"71,0",INDAIAL,Falta de Atenção à Condução,Colisão transversal,Com Vítimas Feridas,Plena Noite,Crescente,Nublado,Simples,Aclive,Não,2,0,0,1,1,0,1,2,-26.895243,-49.262104,SPRF-SC,DEL04-SC,UOP01-DEL04-SC,2020
"285197,0",2020-05-19,terça-feira,02:05:00,SC,101,"134,0",BALNEARIO CAMBORIU,Ingestão de Álcool,Colisão com objeto estático,Sem Vítimas,Plena Noite,Decrescente,Nublado,Múltipla,Interseção de Vias,Sim,1,0,0,0,1,0,0,1,-27.00218,-48.636433,SPRF-SC,DEL04-SC,UOP03-DEL04-SC,2020
"285227,0",2020-05-08,sexta-feira,07:30:00,SC,280,"31,0",ARAQUARI,Falta de Atenção à Condução,Colisão lateral,Com Vítimas Feridas,Pleno dia,Decrescente,Nublado,Simples,Reta,Não,2,0,1,0,1,0,1,2,-26.41649938,-48.77181215,SPRF-SC,DEL03-SC,UOP03-DEL03-SC,2020
"285236,0",2020-05-19,terça-feira,09:30:00,SC,101,"208,8",SAO JOSE,Falta de Atenção à Condução,Colisão com objeto estático,Com Vítimas Feridas,Pleno dia,Decrescente,Céu Claro,Múltipla,Reta,Não,3,0,1,0,2,0,1,2,-27.60327979,-48.63201818,SPRF-SC,DEL01-SC,UOP01-DEL01-SC,2020
"285246,0",2020-05-19,terça-feira,06:40:00,SC,163,"75,8",SAO MIGUEL DO OESTE,Falta de Atenção à Condução,Saída de leito carroçável,Com Vítimas Feridas,Amanhecer,Crescente,Céu Claro,Simples,Aclive;Reta,Não,1,0,0,1,0,0,1,1,-26.69341396,-53.5158321,SPRF-SC,DEL07-SC,UOP03-DEL07-SC,2020
"285272,0",2020-05-05,terça-feira,21:40:00,SC,101,"372,2",ICARA,Defeito Mecânico no Veículo,Incêndio,Sem Vítimas,Pleno dia,Crescente,Céu Claro,Dupla,Reta,Não,1,0,0,0,1,0,0,1,-28.70864509,-49.20924696,SPRF-SC,DEL02-SC,UOP01-DEL02-SC,2020
"285280,0",2020-05-19,terça-feira,12:50:00,SC,101,"134,0",BALNEARIO CAMBORIU,Não guardar distância de segurança,Colisão lateral,Com Vítimas Feridas,Pleno dia,Crescente,Céu Claro,Simples,Reta,Sim,2,0,1,0,1,0,1,2,-27.00218,-48.636433,SPRF-SC,DEL04-SC,UOP03-DEL04-SC,2020
"285286,0",2020-05-19,terça-feira,14:00:00,SC,470,"105,5",APIUNA,Ingestão de álcool e/ou substâncias psicoativas pelo pedestre,Colisão frontal,Com Vítimas Feridas,Pleno dia,Decrescente,Sol,Simples,Em Obras,Não,2,0,1,0,1,0,1,2,-27.066006,-49.417019,SPRF-SC,DEL04-SC,UOP02-DEL04-SC,2020
"285293,0",2020-04-18,sábado,16:50:00,SC,101,"131,1",BALNEARIO CAMBORIU,Falta de Atenção à Condução,Colisão transversal,Com Vítimas Feridas,Pleno dia,Decrescente,Sol,Simples,Interseção de Vias,Não,2,0,0,1,1,0,1,2,-26.99064209,-48.66310912,SPRF-SC,DEL04-SC,UOP03-DEL04-SC,2020
"285294,0",2020-05-19,terça-feira,17:15:00,SC,470,"65,2",INDAIAL,Desobediência às normas de trânsito pelo condutor,Colisão lateral,Com Vítimas Feridas,Plena Noite,Decrescente,Céu Claro,Simples,Em Obras;Reta,Não,2,0,1,0,1,0,1,2,-26.870411,-49.211864,SPRF-SC,DEL04-SC,UOP01-DEL04-SC,2020
"285302,0",2020-05-19,terça-feira,18:30:00,SC,101,"209,5",SAO JOSE,Falta de Atenção à Condução,Colisão lateral,Com Vítimas Feridas,Plena Noite,Decrescente,Céu Claro,Dupla,Aclive,Sim,2,0,1,0,1,0,1,2,-27.61000542,-48.63895057,SPRF-SC,DEL01-SC,UOP01-DEL01-SC,2020
"285306,0",2020-05-19,terça-feira,18:35:00,SC,470,"35,2",GASPAR,Não guardar distância de segurança,Colisão traseira,Com Vítimas Feridas,Plena Noite,Crescente,Nublado,Simples,Em Obras;Desvio Temporário,Não,2,0,1,0,1,0,1,2,-26.912857,-48.958965,SPRF-SC,DEL04-SC,UOP01-DEL04-SC,2020
"285318,0",2020-05-19,terça-feira,18:40:00,SC,282,"505,0",XANXERE,Restrição de Visibilidade,Colisão transversal,Com Vítimas Feridas,Plena Noite,Decrescente,Céu Claro,Simples,Interseção de Vias,Sim,2,0,1,0,1,0,1,2,-26.8852787,-52.4141655,SPRF-SC,DEL07-SC,UOP01-DEL07-SC,2020
"285339,0",2020-05-19,terça-feira,21:55:00,SC,282,"70,0",RANCHO QUEIMADO,Ingestão de álcool e/ou substâncias psicoativas pelo pedestre,Tombamento,Com Vítimas Feridas,Plena Noite,Decrescente,Céu Claro,Simples,Curva,Não,1,0,0,1,0,0,1,1,-27.692705,-49.091351,SPRF-SC,DEL01-SC,UOP03-DEL01-SC,2020
"285381,0",2020-05-20,quarta-feira,09:40:00,SC,280,"72,9",JARAGUA DO SUL,Desobediência às normas de trânsito pelo condutor,Colisão com objeto estático,Com Vítimas Feridas,Pleno dia,Decrescente,Sol,Simples,Rotatória,Sim,2,0,1,0,1,0,1,1,-26.45955419,-49.14342101,SPRF-SC,DEL03-SC,UOP03-DEL03-SC,2020
"285389,0",2020-05-20,quarta-feira,08:55:00,SC,282,"565,0",NOVA ERECHIM,Falta de Atenção à Condução,Saída de leito carroçável,Com Vítimas Feridas,Pleno dia,Decrescente,Céu Claro,Simples,Curva,Não,1,0,1,0,0,0,1,1,-26.900272,-52.888309,SPRF-SC,DEL07-SC,UOP02-DEL07-SC,2020
"285398,0",2020-05-05,terça-feira,12:30:00,SC,153,"0,5",AGUA DOCE,Velocidade Incompatível,Colisão frontal,Sem Vítimas,Pleno dia,Decrescente,Chuva,Simples,Curva,Não,2,0,0,0,2,0,0,2,-26.61312402,-51.49686813,SPRF-SC,DEL07-SC,UOP07-DEL07-SC,2020
"285427,0",2020-04-05,domingo,00:10:00,SC,470,"7,0",NAVEGANTES,Falta de Atenção à Condução,Colisão transversal,Com Vítimas Feridas,Plena Noite,Decrescente,Céu Claro,Simples,Reta,Não,2,0,0,2,0,0,2,2,-26.84499,-48.71505,SPRF-SC,DEL04-SC,UOP04-DEL04-SC,2020