id,data_inversa,dia_semana,horario,uf,br,km,municipio,causa_acidente,tipo_acidente,classificacao_acidente,fase_dia,sentido_via,condicao_metereologica,tipo_pista,tracado_via,uso_solo,pessoas,mortos,feridos_leves,feridos_graves,ilesos,ignorados,feridos,veiculos,latitude,longitude,regional,delegacia,uop,ano_arquivo
"285440,0",2020-05-20,quarta-feira,17:25:00,SC,101,"141,9",ITAPEMA,Defeito Mecânico no Veículo,Tombamento,Com Vítimas Feridas,Pleno dia,Decrescente,Nublado,Dupla,Reta,Sim,2,0,2,0,0,0,2,1,-27.04761729,-48.59995855,SPRF-SC,DEL04-SC,UOP03-DEL04-SC,2020
"285450,0",2020-05-20,quarta-feira,18:00:00,SC,101,"214,0",PALHOCA,Defeito Mecânico no Veículo,Tombamento,Com Vítimas Feridas,Plena Noite,Crescente,Céu Claro,Dupla,Reta,Sim,2,0,2,0,0,0,2,1,-27.64443,-48.67057,SPRF-SC,DEL01-SC,UOP02-DEL01-SC,2020
"285451,0",2020-05-20,quarta-feira,18:19:00,SC,282,"6,2",SAO JOSE,Falta de Atenção à Condução,Queda de ocupante de veículo,Com Vítimas Feridas,Anoitecer,Decrescente,Céu Claro,Múltipla,Curva;Aclive,Sim,1,0,1,0,0,0,1,1,-27.591936,-48.618244,SPRF-SC,DEL01-SC,UOP01-DEL01-SC,2020
"285460,0",2020-05-20,quarta-feira,19:00:00,SC,101,"209,0",SAO JOSE,Não guardar distância de segurança,Colisão lateral,Com Vítimas Feridas,Plena Noite,Crescente,Céu Claro,Simples,Aclive,Sim,2,0,1,0,1,0,1,2,-27.61000542,-48.63895057,SPRF-SC,DEL01-SC,UOP01-DEL01-SC,2020
"285507,0",2020-05-21,quinta-feira,08:20:00,SC,101,"213,3",PALHOCA,Falta de Atenção à Condução,Colisão lateral,Com Vítimas Feridas,Pleno dia,Decrescente,Céu Claro,Múltipla,Interseção de Vias,Sim,2,0,1,0,1,0,1,2,-27.63697369,-48.66514142,SPRF-SC,DEL01-SC,UOP02-DEL01-SC,2020
"285513,0",2020-05-21,quinta-feira,07:40:00,SC,101,"132,8",BALNEARIO CAMBORIU,Não guardar distância de segurança,Colisão traseira,Com Vítimas Feridas,Pleno dia,Crescente,Céu Claro,Simples,Reta,Sim,3,0,2,0,1,0,2,3,-26.99654133,-48.65564711,SPRF-SC,DEL04-SC,UOP03-DEL04-SC,2020
"285529,0",2020-05-21,quinta-feira,11:00:00,SC,101,"355,8",JAGUARUNA,Falta de Atenção à Condução,Tombamento,Com Vítimas Feridas,Pleno dia,Crescente,Sol,Dupla,Reta,Não,1,0,1,0,0,0,1,1,-28.62380715,-49.07828489,SPRF-SC,DEL02-SC,UOP01-DEL02-SC,2020
"285531,0",2020-05-21,quinta-feira,11:00:00,SC,101,"148,3",ITAPEMA,Não guardar distância de segurança,Colisão traseira,Com Vítimas Feridas,Pleno dia,Crescente,Nublado,Simples,Reta,Sim,2,0,1,0,1,0,1,2,-27.10123686,-48.61807962,SPRF-SC,DEL04-SC,UOP03-DEL04-SC,2020
"285541,0",2020-05-21,quinta-feira,12:30:00,SC,101,"202,7",SAO JOSE,Falta de Atenção à Condução,Tombamento,Com Vítimas Feridas,Pleno dia,Crescente,Sol,Múltipla,Reta,Não,1,0,1,0,0,0,1,1,-27.55711595,-48.61897889,SPRF-SC,DEL01-SC,UOP01-DEL01-SC,2020
"285547,0",2020-05-21,quinta-feira,13:20:00,SC,101,"206,0",SAO JOSE,Desobediência às normas de trânsito pelo condutor,Colisão frontal,Com Vítimas Feridas,Pleno dia,Decrescente,Céu Claro,Simples,Reta,Sim,2,0,1,0,1,0,1,2,-27.59193546,-48.61824557,SPRF-SC,DEL01-SC,UOP01-DEL01-SC,2020
"285551,0",2020-05-21,quinta-feira,10:55:00,SC,116,"221,0",CORREIA PINTO,Falta de Atenção à Condução,Colisão transversal,Com Vítimas Feridas,Pleno dia,Decrescente,Sol,Simples,Reta,Sim,2,0,0,1,1,0,1,2,-27.58573399,-50.36555188,SPRF-SC,DEL05-SC,UOP03-DEL05-SC,2020
"285558,0",2020-05-21,quinta-feira,13:30:00,SC,282,"672,4",PARAISO,Falta de Atenção à Condução,Colisão transversal,Com Vítimas Feridas,Pleno dia,Crescente,Céu Claro,Simples,Reta,Não,2,0,1,0,1,0,1,2,-26.61759736,-53.66201357,SPRF-SC,DEL07-SC,UOP03-DEL07-SC,2020
"285584,0",2020-05-21,quinta-feira,17:55:00,SC,282,"1,5",FLORIANOPOLIS,Falta de Atenção do Pedestre,Atropelamento de Pedestre,Com Vítimas Feridas,Pleno dia,Crescente,Nublado,Múltipla,Reta,Sim,2,0,0,2,0,0,2,2,-27.602955,-48.580509,SPRF-SC,DEL01-SC,UOP01-DEL01-SC,2020
"285621,0",2020-05-21,quinta-feira,20:00:00,SC,280,"49,0",GUARAMIRIM,Falta de Atenção à Condução,Colisão transversal,Com Vítimas Feridas,Plena Noite,Crescente,Céu Claro,Simples,Declive;Reta,Sim,3,0,1,0,2,0,1,2,-26.460095,-48.941278,SPRF-SC,DEL03-SC,UOP03-DEL03-SC,2020
"285631,0",2020-05-21,quinta-feira,19:30:00,SC,280,"51,5",GUARAMIRIM,Defeito na Via,Tombamento,Com Vítimas Feridas,Plena Noite,Decrescente,Céu Claro,Simples,Em Obras,Sim,2,0,1,1,0,0,2,1,-26.46538871,-48.95544449,SPRF-SC,DEL03-SC,UOP03-DEL03-SC,2020
"285633,0",2020-05-21,quinta-feira,18:00:00,SC,163,"1,2",DIONISIO CERQUEIRA,Falta de Atenção à Condução,Colisão transversal,Com Vítimas Feridas,Anoitecer,Crescente,Céu Claro,Simples,Interseção de Vias,Sim,2,0,1,0,0,1,1,2,-26.2613,-53.6206,SPRF-SC,DEL07-SC,UOP03-DEL07-SC,2020
"285638,0",2020-05-21,quinta-feira,22:45:00,SC,101,"113,8",ITAJAI,Velocidade Incompatível,Colisão traseira,Com Vítimas Feridas,Plena Noite,Crescente,Nublado,Dupla,Reta,Sim,2,0,1,0,0,1,1,2,-26.85311393,-48.72689927,SPRF-SC,DEL04-SC,UOP04-DEL04-SC,2020
"285642,0",2020-05-21,quinta-feira,19:15:00,SC,101,"118,0",ITAJAI,Falta de Atenção à Condução,Colisão traseira,Com Vítimas Feridas,Plena Noite,Crescente,Nublado,Dupla,Reta,Não,2,0,1,0,1,0,1,2,-26.895859,-48.71903,SPRF-SC,DEL04-SC,UOP04-DEL04-SC,2020
"285645,0",2020-05-21,quinta-feira,21:30:00,SC,282,"131,5",BOM RETIRO,Ultrapassagem Indevida,Colisão frontal,Com Vítimas Feridas,Plena Noite,Decrescente,Céu Claro,Simples,Curva;Aclive,Não,8,0,7,1,0,0,8,2,-27.81049222,-49.51655545,SPRF-SC,DEL05-SC,UOP01-DEL05-SC,2020
"285673,0",2020-05-22,sexta-feira,05:30:00,SC,282,"387,0",JOACABA,Falta de Atenção à Condução,Saída de leito carroçável,Sem Vítimas,Plena Noite,Decrescente,Chuva,Simples,Reta,Não,1,0,0,0,0,1,0,1,-27.178274,-51.524025,SPRF-SC,DEL07-SC,UOP05-DEL07-SC,2020
"285681,0",2020-05-22,sexta-feira,07:00:00,SC,101,"127,5",ITAJAI,Falta de Atenção à Condução,Colisão lateral,Com Vítimas Feridas,Pleno dia,Crescente,Céu Claro,Dupla,Reta,Não,3,0,1,0,2,0,1,3,-26.9639319,-48.68328024,SPRF-SC,DEL04-SC,UOP04-DEL04-SC,2020
"285682,0",2020-05-22,sexta-feira,07:20:00,SC,101,"62,0",ARAQUARI,Ingestão de Álcool,Colisão com objeto estático,Com Vítimas Feridas,Amanhecer,Crescente,Céu Claro,Dupla,Declive;Curva,Não,2,0,1,1,0,0,2,1,-26.45504246,-48.76711901,SPRF-SC,DEL03-SC,UOP02-DEL03-SC,2020
"285691,0",2020-05-22,sexta-feira,06:45:00,SC,282,"560,7",NOVA ITABERABA,Fenômenos da Natureza,Colisão com objeto estático,Com Vítimas Feridas,Amanhecer,Decrescente,Chuva,Simples,Reta,Não,3,0,1,0,2,0,1,3,-26.927135,-52.856205,SPRF-SC,DEL07-SC,UOP02-DEL07-SC,2020
"285718,0",2020-05-22,sexta-feira,07:00:00,SC,470,"192,8",POUSO REDONDO,Velocidade Incompatível,Saída de leito carroçável,Com Vítimas Feridas,Pleno dia,Decrescente,Chuva,Simples,Curva,Não,2,0,2,0,0,0,2,1,-27.293324,-50.078678,SPRF-SC,DEL04-SC,UOP02-DEL04-SC,2020
"285759,0",2020-05-22,sexta-feira,09:30:00,SC,158,"137,0",PALMITOS,Ingestão de Álcool,Saída de leito carroçável,Sem Vítimas,Pleno dia,Decrescente,Chuva,Simples,Reta,Não,1,0,0,0,0,1,0,1,-27.12052485,-53.21460843,SPRF-SC,DEL07-SC,UOP02-DEL07-SC,2020
"285762,0",2020-05-22,sexta-feira,15:15:00,SC,101,"329,0",TUBARAO,Falta de Atenção à Condução,Saída de leito carroçável,Com Vítimas Feridas,Pleno dia,Decrescente,Nublado,Dupla,Reta,Sim,1,0,1,0,0,0,1,1,-28.452918,-48.975607,SPRF-SC,DEL02-SC,UOP01-DEL02-SC,2020
"285770,0",2020-05-22,sexta-feira,16:34:00,SC,282,"22,1",SANTO AMARO DA IMPERATRIZ,Velocidade Incompatível,Colisão transversal,Com Vítimas Feridas,Pleno dia,Decrescente,Céu Claro,Simples,Reta,Sim,2,0,0,1,1,0,1,2,-27.688507,-48.72739,SPRF-SC,DEL01-SC,UOP02-DEL01-SC,2020
"285805,0",2020-05-22,sexta-feira,19:00:00,SC,101,"124,0",ITAJAI,Velocidade Incompatível,Engavetamento,Com Vítimas Feridas,Plena Noite,Crescente,Nublado,Múltipla,Reta,Não,5,0,0,1,4,0,1,4,-26.94335064,-48.69198648,SPRF-SC,DEL04-SC,UOP04-DEL04-SC,2020
"285849,0",2020-05-22,sexta-feira,22:40:00,SC,282,"38,6",AGUAS MORNAS,Falta de Atenção à Condução,Colisão frontal,Com Vítimas Feridas,Plena Noite,Decrescente,Nublado,Simples,Interseção de Vias;Curva,Não,2,0,0,1,1,0,1,2,-27.709209,-48.852467,SPRF-SC,DEL01-SC,UOP03-DEL01-SC,2020
"285855,0",2020-05-22,sexta-feira,21:15:00,SC,282,"629,2",IRACEMINHA,Pista Escorregadia,Saída de leito carroçável,Sem Vítimas,Plena Noite,Crescente,Chuva,Simples,Curva,Não,1,0,0,0,1,0,0,1,-26.819656,-53.375282,SPRF-SC,DEL07-SC,UOP03-DEL07-SC,2020
"285860,0",2020-05-22,sexta-feira,08:30:00,SC,101,"396,6",MARACAJA,Falta de Atenção à Condução,Colisão frontal,Com Vítimas Feridas,Pleno dia,Decrescente,Chuva,Múltipla,Interseção de Vias,Não,3,0,3,0,0,0,3,2,-28.82459572,-49.40472033,SPRF-SC,DEL02-SC,UOP02-DEL02-SC,2020
"285862,0",2020-05-22,sexta-feira,23:45:00,SC,470,"35,2",GASPAR,Falta de Atenção à Condução,Saída de leito carroçável,Com Vítimas Feridas,Plena Noite,Crescente,Nublado,Dupla,Desvio Temporário,Não,1,0,1,0,0,0,1,1,-26.912857,-48.958965,SPRF-SC,DEL04-SC,UOP01-DEL04-SC,2020
"285872,0",2020-05-23,sábado,00:15:00,SC,101,"344,0",TUBARAO,Ingestão de Álcool,Saída de leito carroçável,Sem Vítimas,Plena Noite,Decrescente,Céu Claro,Dupla,Reta,Não,1,0,0,0,1,0,0,1,-28.53647889,-49.0531826,SPRF-SC,DEL02-SC,UOP01-DEL02-SC,2020
"285876,0",2020-05-23,sábado,02:40:00,SC,101,"205,0",SAO JOSE,Ingestão de Álcool,Colisão com objeto estático,Sem Vítimas,Plena Noite,Crescente,Nublado,Múltipla,Reta,Sim,1,0,0,0,1,0,0,1,-27.58313237,-48.61532885,SPRF-SC,DEL01-SC,UOP01-DEL01-SC,2020
"285885,0",2020-05-23,sábado,04:15:00,SC,101,"411,0",ARARANGUA,Falta de Atenção à Condução,Colisão traseira,Sem Vítimas,Plena Noite,Decrescente,Céu Claro,Simples,Reta,Não,2,0,0,0,2,0,0,2,-28.93112097,-49.4940421,SPRF-SC,DEL02-SC,UOP02-DEL02-SC,2020
"285903,0",2020-05-23,sábado,09:25:00,SC,470,"121,1",IBIRAMA,Velocidade Incompatível,Saída de leito carroçável,Sem Vítimas,Pleno dia,Crescente,Garoa/Chuvisco,Simples,Curva,Não,1,0,0,0,1,0,0,1,-27.095861,-49.526859,SPRF-SC,DEL04-SC,UOP02-DEL04-SC,2020
"285908,0",2020-05-23,sábado,11:20:00,SC,101,"217,0",PALHOCA,Ingestão de Álcool,Colisão com objeto estático,Sem Vítimas,Pleno dia,Crescente,Céu Claro,Múltipla,Reta,Sim,1,0,0,0,1,0,0,1,-27.66779034,-48.67393586,SPRF-SC,DEL01-SC,UOP02-DEL01-SC,2020
"285913,0",2020-05-23,sábado,12:00:00,SC,470,"68,5",INDAIAL,Desobediência às normas de trânsito pelo condutor,Colisão transversal,Sem Vítimas,Pleno dia,Decrescente,Sol,Simples,Em Obras;Reta,Sim,2,0,0,0,2,0,0,2,-26.877615,-49.239231,SPRF-SC,DEL04-SC,UOP01-DEL04-SC,2020
"285924,0",2020-05-23,sábado,13:30:00,SC,282,"4,4",SAO JOSE,Falta de Atenção à Condução,Colisão transversal,Com Vítimas Feridas,Pleno dia,Crescente,Céu Claro,Simples,Interseção de Vias,Não,2,0,1,0,1,0,1,2,-27.592646,-48.604034,SPRF-SC,DEL01-SC,UOP01-DEL01-SC,2020
"285926,0",2020-05-23,sábado,13:50:00,SC,101,"74,0",BARRA VELHA,Defeito Mecânico no Veículo,Queda de ocupante de veículo,Com Vítimas Feridas,Pleno dia,Decrescente,Sol,Múltipla,Viaduto,Não,2,0,2,0,0,0,2,1,-26.54446209,-48.71214452,SPRF-SC,DEL03-SC,UOP02-DEL03-SC,2020
"285944,0",2020-05-23,sábado,12:45:00,SC,280,"24,0",ARAQUARI,Falta de Atenção à Condução,Colisão transversal,Com Vítimas Feridas,Pleno dia,Decrescente,Céu Claro,Simples,Interseção de Vias,Sim,2,0,1,0,1,0,1,2,-26.37724921,-48.71953282,SPRF-SC,DEL03-SC,UOP03-DEL03-SC,2020
"285950,0",2020-05-23,sábado,16:35:00,SC,282,"20,8",PALHOCA,Falta de Atenção à Condução,Colisão lateral,Com Vítimas Feridas,Pleno dia,Decrescente,Nublado,Simples,Curva,Não,3,0,3,0,0,0,3,2,-27.683958,-48.71006,SPRF-SC,DEL01-SC,UOP02-DEL01-SC,2020
"285957,0",2020-05-23,sábado,14:45:00,SC,158,"104,1",CUNHA PORA,Desobediência às normas de trânsito pelo condutor,Colisão frontal,Sem Vítimas,Pleno dia,Crescente,Chuva,Simples,Curva,Não,3,0,0,0,3,0,0,3,-26.86046001,-53.16404912,SPRF-SC,DEL07-SC,UOP02-DEL07-SC,2020
"285961,0",2020-05-23,sábado,16:40:00,SC,282,"515,8",XANXERE,Ingestão de Álcool,Saída de leito carroçável,Sem Vítimas,Pleno dia,Decrescente,Chuva,Simples,Declive,Não,1,0,0,0,1,0,0,1,-26.922623,-52.496132,SPRF-SC,DEL07-SC,UOP01-DEL07-SC,2020
"285965,0",2020-05-23,sábado,16:20:00,SC,116,"264,3",CAPAO ALTO,Velocidade Incompatível,Saída de leito carroçável,Com Vítimas Feridas,Pleno dia,Decrescente,Garoa/Chuvisco,Simples,Curva;Aclive,Não,1,0,1,0,0,0,1,1,-27.93262143,-50.46174687,SPRF-SC,DEL05-SC,UOP02-DEL05-SC,2020
"285990,0",2020-05-23,sábado,18:20:00,SC,116,"245,7",LAGES,Desobediência às normas de trânsito pelo condutor,Colisão transversal,Com Vítimas Feridas,Plena Noite,Crescente,Garoa/Chuvisco,Simples,Rotatória,Sim,3,0,1,0,2,0,1,2,-27.79544281,-50.36187437,SPRF-SC,DEL05-SC,UOP02-DEL05-SC,2020
"285995,0",2020-05-23,sábado,18:50:00,SC,101,"104,1",BALNEARIO PICARRAS,Não guardar distância de segurança,Colisão traseira,Com Vítimas Feridas,Anoitecer,Crescente,Céu Claro,Dupla,Reta,Não,4,0,3,0,0,1,3,3,-26.79281742,-48.68080819,SPRF-SC,DEL03-SC,UOP02-DEL03-SC,2020
"286006,0",2020-05-23,sábado,17:15:00,SC,116,"249,8",LAGES,Velocidade Incompatível,Saída de leito carroçável,Com Vítimas Feridas,Anoitecer,Crescente,Chuva,Simples,Declive;Curva,Não,2,0,2,0,0,0,2,1,-27.82974038,-50.38081169,SPRF-SC,DEL05-SC,UOP02-DEL05-SC,2020
"286025,0",2020-05-23,sábado,21:12:00,SC,101,"434,5",SOMBRIO,Falta de Atenção à Condução,Colisão frontal,Com Vítimas Feridas,Plena Noite,Crescente,Céu Claro,Múltipla,Reta,Sim,2,0,1,1,0,0,2,2,-29.10097066,-49.63550091,SPRF-SC,DEL02-SC,UOP02-DEL02-SC,2020
"286026,0",2020-05-23,sábado,21:50:00,SC,101,"442,0",SANTA ROSA DO SUL,Deficiência ou não Acionamento do Sistema de Iluminação/Sinalização do Veículo,Colisão traseira,Com Vítimas Feridas,Plena Noite,Crescente,Nublado,Múltipla,Reta,Sim,3,0,2,0,1,0,2,2,-29.12959329,-49.68678391,SPRF-SC,DEL02-SC,UOP02-DEL02-SC,2020
"286031,0",2020-05-23,sábado,22:05:00,SC,280,"124,6",RIO NEGRINHO,Ingestão de Álcool,Colisão transversal,Com Vítimas Feridas,Plena Noite,Crescente,Céu Claro,Simples,Reta;Aclive,Sim,3,0,2,0,1,0,2,2,-26.23847864,-49.49825764,SPRF-SC,DEL06-SC,UOP03-DEL06-SC,2020
"286041,0",2020-05-24,domingo,00:30:00,SC,101,"134,0",BALNEARIO CAMBORIU,Falta de Atenção do Pedestre,Atropelamento de Pedestre,Com Vítimas Fatais,Plena Noite,Crescente,Céu Claro,Dupla,Reta,Sim,2,1,0,0,1,0,0,2,-27.00218,-48.636433,SPRF-SC,DEL04-SC,UOP03-DEL04-SC,2020
"286063,0",2020-05-24,domingo,06:00:00,SC,470,"63,0",INDAIAL,Falta de Atenção à Condução,Colisão com objeto estático,Com Vítimas Feridas,Amanhecer,Crescente,Nublado,Simples,Curva,Não,1,0,1,0,0,0,1,1,-26.872396,-49.19228,SPRF-SC,DEL04-SC,UOP01-DEL04-SC,2020
"286066,0",2020-05-24,domingo,06:55:00,SC,101,"210,0",SAO JOSE,Ingestão de Álcool,Saída de leito carroçável,Com Vítimas Feridas,Pleno dia,Crescente,Céu Claro,Dupla,Reta,Sim,3,0,3,0,0,0,3,1,-27.6167305,-48.6457265,SPRF-SC,DEL01-SC,UOP01-DEL01-SC,2020
"286073,0",2020-05-24,domingo,08:10:00,SC,101,"207,0",SAO JOSE,Falta de Atenção à Condução,Queda de ocupante de veículo,Com Vítimas Feridas,Pleno dia,Crescente,Sol,Múltipla,Aclive,Sim,1,0,1,0,0,0,1,1,-27.60001226,-48.6226467,SPRF-SC,DEL01-SC,UOP01-DEL01-SC,2020
"286090,0",2020-05-24,domingo,11:20:00,SC,101,"203,0",SAO JOSE,Desobediência às normas de trânsito pelo condutor,Colisão transversal,Com Vítimas Feridas,Pleno dia,Crescente,Céu Claro,Simples,Reta,Sim,2,0,1,0,1,0,1,2,-27.5650044,-48.61460082,SPRF-SC,DEL01-SC,UOP01-DEL01-SC,2020
"286149,0",2020-05-24,domingo,19:25:00,SC,280,"41,3",ARAQUARI,Restrição de Visibilidade,Saída de leito carroçável,Com Vítimas Feridas,Plena Noite,Crescente,Nublado,Simples,Reta,Não,4,0,1,0,1,2,1,2,-26.45000366,-48.85790902,SPRF-SC,DEL03-SC,UOP03-DEL03-SC,2020
"286153,0",2020-05-24,domingo,19:25:00,SC,280,"41,3",ARAQUARI,Falta de Atenção à Condução,Tombamento,Com Vítimas Feridas,Plena Noite,Decrescente,Nublado,Simples,Reta,Não,2,0,2,0,0,0,2,1,-26.45000366,-48.85790902,SPRF-SC,DEL03-SC,UOP03-DEL03-SC,2020
"286161,0",2020-05-24,domingo,17:00:00,SC,116,"57,0",PAPANDUVA,Defeito Mecânico no Veículo,Incêndio,Sem Vítimas,Pleno dia,Decrescente,Céu Claro,Simples,Reta,Não,1,0,0,0,1,0,0,1,-26.38204782,-50.18999277,SPRF-SC,DEL06-SC,UOP02-DEL06-SC,2020
"286169,0",2020-05-24,domingo,20:15:00,SC,101,"356,5",SANGAO,Desobediência às normas de trânsito pelo condutor,Saída de leito carroçável,Sem Vítimas,Plena Noite,Decrescente,Céu Claro,Simples,Interseção de Vias,Sim,1,0,0,0,1,0,0,1,-28.638657,-49.097758,SPRF-SC,DEL02-SC,UOP01-DEL02-SC,2020
"286173,0",2020-05-24,domingo,18:45:00,SC,470,"70,8",INDAIAL,Ingestão de Álcool,Colisão traseira,Com Vítimas Feridas,Plena Noite,Decrescente,Céu Claro,Simples,Reta,Sim,5,0,3,0,2,0,3,3,-26.889374,-49.254478,SPRF-SC,DEL04-SC,UOP01-DEL04-SC,2020
"286174,0",2020-05-24,domingo,18:00:00,SC,101,"131,0",CAMBORIU,Falta de Atenção à Condução,Colisão frontal,Com Vítimas Feridas,Plena Noite,Crescente,Nublado,Múltipla,Reta,Sim,2,0,1,0,1,0,1,2,-26.99064209,-48.66310912,SPRF-SC,DEL04-SC,UOP03-DEL04-SC,2020
"286181,0",2020-05-24,domingo,16:50:00,SC,282,"278,0",SAO JOSE DO CERRITO,Velocidade Incompatível,Saída de leito carroçável,Com Vítimas Feridas,Anoitecer,Decrescente,Céu Claro,Simples,Reta,Não,1,0,1,0,0,0,1,1,-27.587807,-50.735706,SPRF-SC,DEL05-SC,UOP02-DEL05-SC,2020
"286182,0",2020-05-24,domingo,17:30:00,SC,282,"455,0",PONTE SERRADA,Falta de Atenção à Condução,Saída de leito carroçável,Com Vítimas Feridas,Anoitecer,Crescente,Nublado,Simples,Reta,Não,4,0,4,0,0,0,4,1,-26.920919,-51.951135,SPRF-SC,DEL07-SC,UOP04-DEL07-SC,2020
"286185,0",2020-05-24,domingo,18:31:00,SC,101,"158,0",PORTO BELO,Ingestão de Álcool,Saída de leito carroçável,Sem Vítimas,Anoitecer,Crescente,Céu Claro,Múltipla,Reta,Sim,1,0,0,0,1,0,0,1,-27.19096301,-48.61259017,SPRF-SC,DEL04-SC,UOP03-DEL04-SC,2020
"286204,0",2020-05-24,domingo,18:40:00,SC,101,"133,0",BALNEARIO CAMBORIU,Desobediência às normas de trânsito pelo condutor,Colisão lateral,Com Vítimas Feridas,Plena Noite,Decrescente,Nublado,Múltipla,Reta,Sim,5,0,2,0,1,2,2,3,-26.99936,-48.64609,SPRF-SC,DEL04-SC,UOP03-DEL04-SC,2020
"286212,0",2020-05-25,segunda-feira,00:20:00,SC,101,"28,5",JOINVILLE,Defeito Mecânico no Veículo,Tombamento,Com Vítimas Feridas,Plena Noite,Crescente,Céu Claro,Dupla,Reta,Sim,2,0,2,0,0,0,2,1,-26.20697505,-48.91482635,SPRF-SC,DEL03-SC,UOP01-DEL03-SC,2020
"286213,0",2020-05-24,domingo,23:20:00,SC,470,"203,0",PONTE ALTA,Ingestão de Álcool,Saída de leito carroçável,Sem Vítimas,Plena Noite,Crescente,Céu Claro,Simples,Reta,Não,1,0,0,0,1,0,0,1,-27.286619,-50.156914,SPRF-SC,DEL05-SC,UOP03-DEL05-SC,2020
"286220,0",2020-05-24,domingo,17:50:00,SC,470,"43,6",GASPAR,Ingestão de Álcool,Colisão lateral,Com Vítimas Feridas,Anoitecer,Decrescente,Céu Claro,Simples,Em Obras;Reta;Aclive;Desvio Temporário,Não,4,0,4,0,0,0,4,3,-26.871262,-49.018614,SPRF-SC,DEL04-SC,UOP01-DEL04-SC,2020
"286221,0",2020-05-24,domingo,21:19:00,SC,470,"70,5",INDAIAL,Falta de Atenção à Condução,Colisão traseira,Com Vítimas Feridas,Plena Noite,Decrescente,Céu Claro,Simples,Reta,Não,2,0,1,0,1,0,1,2,-26.889374,-49.254478,SPRF-SC,DEL04-SC,UOP01-DEL04-SC,2020
"286231,0",2020-05-25,segunda-feira,07:10:00,SC,101,"329,0",CAPIVARI DE BAIXO,Falta de Atenção à Condução,Colisão traseira,Com Vítimas Feridas,Pleno dia,Crescente,Céu Claro,Dupla,Reta,Não,3,0,2,0,0,1,2,2,-28.44404822,-48.96611372,SPRF-SC,DEL02-SC,UOP01-DEL02-SC,2020
"286232,0",2020-05-25,segunda-feira,07:55:00,SC,101,"133,8",BALNEARIO CAMBORIU,Desobediência às normas de trânsito pelo condutor,Colisão transversal,Com Vítimas Feridas,Pleno dia,Decrescente,Sol,Múltipla,Interseção de Vias;Reta;Retorno Regulamentado,Sim,2,0,1,0,1,0,1,2,-26.99936,-48.64609,SPRF-SC,DEL04-SC,UOP03-DEL04-SC,2020
"286244,0",2020-05-25,segunda-feira,08:45:00,SC,282,"0,5",FLORIANOPOLIS,Falta de Atenção à Condução,Colisão lateral,Com Vítimas Feridas,Pleno dia,Decrescente,Céu Claro,Múltipla,Reta,Sim,2,0,1,0,1,0,1,2,-27.59845,-48.571995,SPRF-SC,DEL01-SC,UOP01-DEL01-SC,2020
"286255,0",2020-05-25,segunda-feira,11:00:00,SC,280,"56,5",GUARAMIRIM,Falta de Atenção à Condução,Colisão frontal,Com Vítimas Feridas,Pleno dia,Crescente,Sol,Simples,Viaduto,Não,2,0,2,0,0,0,2,2,-26.47947677,-49.00298702,SPRF-SC,DEL03-SC,UOP03-DEL03-SC,2020
"286272,0",2020-05-25,segunda-feira,11:30:00,SC,282,"388,2",JOACABA,Defeito Mecânico no Veículo,Incêndio,Sem Vítimas,Pleno dia,Crescente,Céu Claro,Simples,Reta,Sim,1,0,0,0,1,0,0,1,-27.179003,-51.531616,SPRF-SC,DEL07-SC,UOP05-DEL07-SC,2020
"286275,0",2020-05-25,segunda-feira,13:00:00,SC,101,"40,0",JOINVILLE,Agressão Externa,Queda de ocupante de veículo,Com Vítimas Feridas,Pleno dia,Crescente,Céu Claro,Dupla,Reta,Sim,2,0,2,0,0,0,2,1,-26.27176094,-48.89468382,SPRF-SC,DEL03-SC,UOP01-DEL03-SC,2020
"286295,0",2020-05-25,segunda-feira,17:50:00,SC,101,"164,8",TIJUCAS,Não guardar distância de segurança,Colisão traseira,Com Vítimas Feridas,Anoitecer,Decrescente,Nublado,Dupla,Reta,Não,2,0,1,0,1,0,1,2,-27.243868,-48.6309,SPRF-SC,DEL04-SC,UOP03-DEL04-SC,2020
"286297,0",2020-05-25,segunda-feira,17:55:00,SC,101,"208,7",SAO JOSE,Não guardar distância de segurança,Colisão lateral,Com Vítimas Feridas,Anoitecer,Decrescente,Céu Claro,Dupla,Reta,Sim,3,0,1,1,1,0,2,2,-27.61234663,-48.64083052,SPRF-SC,DEL01-SC,UOP01-DEL01-SC,2020
"286324,0",2020-05-25,segunda-feira,20:15:00,SC,101,"209,0",SAO JOSE,Falta de Atenção à Condução,Tombamento,Com Vítimas Feridas,Plena Noite,Decrescente,Céu Claro,Múltipla,Interseção de Vias,Sim,1,0,1,0,0,0,1,1,-27.61000542,-48.63895057,SPRF-SC,DEL01-SC,UOP01-DEL01-SC,2020
"286327,0",2020-05-25,segunda-feira,19:40:00,SC,282,"109,9",ALFREDO WAGNER,Falta de Atenção à Condução,Saída de leito carroçável,Com Vítimas Feridas,Plena Noite,Decrescente,Céu Claro,Simples,Curva,Não,2,0,2,0,0,0,2,1,-27.719378,-49.3582,SPRF-SC,DEL01-SC,UOP03-DEL01-SC,2020
"286389,0",2020-05-26,terça-feira,08:00:00,SC,282,"6,0",SAO JOSE,Falta de Atenção à Condução,Tombamento,Com Vítimas Feridas,Pleno dia,Decrescente,Céu Claro,Dupla,Curva,Sim,1,0,1,0,0,0,1,1,-27.591936,-48.618244,SPRF-SC,DEL01-SC,UOP01-DEL01-SC,2020
"286392,0",2020-05-26,terça-feira,08:20:00,SC,280,"65,9",JARAGUA DO SUL,Falta de Atenção à Condução,Colisão transversal,Com Vítimas Feridas,Pleno dia,Crescente,Céu Claro,Simples,Rotatória,Não,2,0,1,0,1,0,1,2,-26.47806395,-49.10270691,SPRF-SC,DEL03-SC,UOP03-DEL03-SC,2020