id,data_inversa,dia_semana,horario,uf,br,km,municipio,causa_acidente,tipo_acidente,classificacao_acidente,fase_dia,sentido_via,condicao_metereologica,tipo_pista,tracado_via,uso_solo,pessoas,mortos,feridos_leves,feridos_graves,ilesos,ignorados,feridos,veiculos,latitude,longitude,regional,delegacia,uop,ano_arquivo
"286416,0",2020-05-26,terça-feira,12:10:00,SC,101,"146,5",ITAPEMA,Falta de Atenção à Condução,Colisão com objeto estático,Com Vítimas Feridas,Pleno dia,Crescente,Céu Claro,Dupla,Reta,Sim,2,0,2,0,0,0,2,1,-27.08666525,-48.60955587,SPRF-SC,DEL04-SC,UOP03-DEL04-SC,2020
"286425,0",2020-05-26,terça-feira,13:30:00,SC,101,"207,6",SAO JOSE,Mal Súbito,Colisão com objeto estático,Com Vítimas Feridas,Pleno dia,Crescente,Céu Claro,Múltipla,Aclive,Sim,1,0,1,0,0,0,1,1,-27.60001226,-48.6226467,SPRF-SC,DEL01-SC,UOP01-DEL01-SC,2020
"286558,0",2020-05-26,terça-feira,20:30:00,SC,282,"602,8",MARAVILHA,Velocidade Incompatível,Saída de leito carroçável,Com Vítimas Feridas,Plena Noite,Decrescente,Céu Claro,Simples,Reta,Não,2,0,1,0,1,0,1,1,-26.806049,-53.178757,SPRF-SC,DEL07-SC,UOP02-DEL07-SC,2020
"286564,0",2020-05-26,terça-feira,18:00:00,SC,116,"3,0",MAFRA,Animais na Pista,Atropelamento de Animal,Com Vítimas Feridas,Plena Noite,Crescente,Céu Claro,Simples,Reta,Não,1,0,1,0,0,0,1,1,-26.13073161,-49.79922442,SPRF-SC,DEL06-SC,UOP01-DEL06-SC,2020
"286570,0",2020-05-26,terça-feira,23:20:00,SC,101,"209,8",SAO JOSE,Falta de Atenção à Condução,Queda de ocupante de veículo,Com Vítimas Feridas,Plena Noite,Decrescente,Céu Claro,Múltipla,Reta,Sim,1,0,1,0,0,0,1,1,-27.61096204,-48.63962352,SPRF-SC,DEL01-SC,UOP01-DEL01-SC,2020
"286586,0",2020-05-27,quarta-feira,05:20:00,SC,101,"38,9",JOINVILLE,Ingestão de Álcool,Colisão com objeto estático,Sem Vítimas,Plena Noite,Crescente,Céu Claro,Múltipla,Reta,Sim,1,0,0,0,1,0,0,1,-26.29926309,-48.88435364,SPRF-SC,DEL03-SC,UOP01-DEL03-SC,2020
"286597,0",2020-05-27,quarta-feira,05:45:00,SC,282,"32,7",AGUAS MORNAS,Condutor Dormindo,Capotamento,Sem Vítimas,Amanhecer,Decrescente,Céu Claro,Simples,Curva,Não,1,0,0,0,0,1,0,1,-27.68385743,-49.00485422,SPRF-SC,DEL01-SC,UOP03-DEL01-SC,2020
"286599,0",2020-05-27,quarta-feira,07:35:00,SC,101,"210,5",SAO JOSE,Falta de Atenção à Condução,Colisão transversal,Com Vítimas Feridas,Pleno dia,Decrescente,Céu Claro,Dupla,Reta,Sim,2,0,1,0,1,0,1,2,-27.6167305,-48.6457265,SPRF-SC,DEL01-SC,UOP01-DEL01-SC,2020
"286622,0",2020-05-27,quarta-feira,08:00:00,SC,470,"146,3",RIO DO SUL,Defeito Mecânico no Veículo,Incêndio,Sem Vítimas,Pleno dia,Crescente,Sol,Simples,Reta,Não,1,0,0,0,1,0,0,1,-27.240673,-49.685822,SPRF-SC,DEL04-SC,UOP02-DEL04-SC,2020
"286643,0",2020-05-27,quarta-feira,14:15:00,SC,101,"210,6",SAO JOSE,Ultrapassagem Indevida,Colisão lateral,Com Vítimas Feridas,Pleno dia,Crescente,Sol,Múltipla,Reta;Interseção de Vias,Sim,3,0,2,0,1,0,2,2,-27.62003563,-48.64910245,SPRF-SC,DEL01-SC,UOP01-DEL01-SC,2020
"286680,0",2020-05-27,quarta-feira,18:45:00,SC,101,"217,4",PALHOCA,Falta de Atenção à Condução,Colisão lateral,Com Vítimas Feridas,Plena Noite,Crescente,Céu Claro,Múltipla,Reta,Sim,2,0,1,0,1,0,1,2,-27.66779034,-48.67393586,SPRF-SC,DEL01-SC,UOP02-DEL01-SC,2020
"286683,0",2020-05-27,quarta-feira,18:40:00,SC,101,"418,0",ARARANGUA,Falta de Atenção à Condução,Colisão traseira,Com Vítimas Feridas,Plena Noite,Decrescente,Céu Claro,Dupla,Reta,Sim,2,0,1,0,1,0,1,2,-28.98044384,-49.53709515,SPRF-SC,DEL02-SC,UOP02-DEL02-SC,2020
"286689,0",2020-05-27,quarta-feira,19:25:00,SC,470,"66,2",INDAIAL,Restrição de Visibilidade,Colisão com objeto estático,Com Vítimas Feridas,Plena Noite,Decrescente,Céu Claro,Simples,Em Obras;Curva,Sim,1,0,0,1,0,0,1,1,-26.870407,-49.221844,SPRF-SC,DEL04-SC,UOP01-DEL04-SC,2020
"286714,0",2020-05-27,quarta-feira,18:15:00,SC,116,"262,9",CAPAO ALTO,Falta de Atenção à Condução,Saída de leito carroçável,Com Vítimas Feridas,Plena Noite,Decrescente,Céu Claro,Simples,Curva,Não,1,0,1,0,0,0,1,1,-27.92469544,-50.45609996,SPRF-SC,DEL05-SC,UOP02-DEL05-SC,2020
"286718,0",2020-05-27,quarta-feira,22:40:00,SC,282,"16,0",PALHOCA,Desobediência às normas de trânsito pelo condutor,Colisão traseira,Com Vítimas Feridas,Plena Noite,Crescente,Céu Claro,Simples,Reta,Sim,3,0,1,0,1,1,1,3,-27.658611,-48.681847,SPRF-SC,DEL01-SC,UOP02-DEL01-SC,2020
"286719,0",2020-05-27,quarta-feira,22:25:00,SC,470,"59,1",BLUMENAU,Desobediência às normas de trânsito pelo condutor,Colisão lateral,Com Vítimas Feridas,Plena Noite,Decrescente,Céu Claro,Simples,Curva,Sim,2,0,1,0,1,0,1,2,-26.882812,-49.1548,SPRF-SC,DEL04-SC,UOP01-DEL04-SC,2020
"286729,0",2020-05-27,quarta-feira,23:30:00,SC,101,"214,2",PALHOCA,Falta de Atenção à Condução,Colisão traseira,Com Vítimas Feridas,Plena Noite,Crescente,Céu Claro,Múltipla,Viaduto,Sim,2,0,1,0,1,0,1,2,-27.64443,-48.67057,SPRF-SC,DEL01-SC,UOP02-DEL01-SC,2020
"286749,0",2020-05-28,quinta-feira,00:15:00,SC,280,"79,2",CORUPA,Ingestão de Álcool,Saída de leito carroçável,Com Vítimas Feridas,Plena Noite,Decrescente,Céu Claro,Simples,Reta,Não,1,0,1,0,0,0,1,1,-26.44657315,-49.20157809,SPRF-SC,DEL06-SC,UOP03-DEL06-SC,2020
"286757,0",2020-05-28,quinta-feira,07:32:00,SC,101,"191,1",BIGUACU,Fenômenos da Natureza,Colisão traseira,Com Vítimas Feridas,Pleno dia,Decrescente,Céu Claro,Dupla,Reta,Sim,6,0,5,0,1,0,5,2,-27.47730273,-48.64127329,SPRF-SC,DEL01-SC,UOP01-DEL01-SC,2020
"286772,0",2020-05-28,quinta-feira,07:50:00,SC,101,"209,0",SAO JOSE,Falta de Atenção à Condução,Colisão traseira,Com Vítimas Feridas,Pleno dia,Decrescente,Céu Claro,Dupla,Reta,Sim,2,0,1,0,1,0,1,2,-27.61000542,-48.63895057,SPRF-SC,DEL01-SC,UOP01-DEL01-SC,2020
"286785,0",2020-05-28,quinta-feira,09:35:00,SC,101,"213,2",PALHOCA,Não guardar distância de segurança,Colisão lateral,Com Vítimas Feridas,Pleno dia,Decrescente,Céu Claro,Múltipla,Reta,Sim,3,0,0,1,2,0,1,3,-27.63697369,-48.66514142,SPRF-SC,DEL01-SC,UOP02-DEL01-SC,2020
"286836,0",2020-03-10,terça-feira,07:30:00,SC,280,"58,3",GUARAMIRIM,Não guardar distância de segurança,Colisão traseira,Com Vítimas Feridas,Pleno dia,Decrescente,Céu Claro,Simples,Reta,Sim,2,0,1,0,1,0,1,2,-26.47415593,-49.021211,SPRF-SC,DEL03-SC,UOP03-DEL03-SC,2020
"286863,0",2020-05-28,quinta-feira,19:00:00,SC,101,"199,9",SAO JOSE,Não guardar distância de segurança,Colisão traseira,Com Vítimas Feridas,Plena Noite,Decrescente,Céu Claro,Dupla,Reta,Sim,2,0,1,0,1,0,1,2,-27.53413705,-48.63003205,SPRF-SC,DEL01-SC,UOP01-DEL01-SC,2020
"286885,0",2020-05-28,quinta-feira,20:50:00,SC,101,"203,4",SAO JOSE,Falta de Atenção à Condução,Queda de ocupante de veículo,Com Vítimas Feridas,Plena Noite,Crescente,Céu Claro,Múltipla,Reta,Sim,1,0,0,1,0,0,1,1,-27.5650044,-48.61460082,SPRF-SC,DEL01-SC,UOP01-DEL01-SC,2020
"286894,0",2020-05-28,quinta-feira,21:50:00,SC,101,"132,0",BALNEARIO CAMBORIU,Avarias e/ou desgaste excessivo no pneu,Tombamento,Com Vítimas Feridas,Plena Noite,Decrescente,Céu Claro,Simples,Reta,Sim,1,0,1,0,0,0,1,1,-26.99654133,-48.65564711,SPRF-SC,DEL04-SC,UOP03-DEL04-SC,2020
"286916,0",2020-05-29,sexta-feira,06:40:00,SC,470,"56,0",BLUMENAU,Desobediência às normas de trânsito pelo condutor,Colisão traseira,Com Vítimas Feridas,Pleno dia,Decrescente,Céu Claro,Simples,Reta,Sim,3,0,1,1,1,0,2,2,-26.87674,-49.127743,SPRF-SC,DEL04-SC,UOP01-DEL04-SC,2020
"286960,0",2020-05-29,sexta-feira,11:40:00,SC,470,"71,0",INDAIAL,Falta de Atenção à Condução,Colisão transversal,Com Vítimas Feridas,Pleno dia,Crescente,Céu Claro,Simples,Reta,Não,2,0,1,0,1,0,1,2,-26.895243,-49.262104,SPRF-SC,DEL04-SC,UOP01-DEL04-SC,2020
"286974,0",2020-05-29,sexta-feira,13:00:00,SC,282,"373,9",JOACABA,Falta de Atenção à Condução,Colisão transversal,Com Vítimas Feridas,Pleno dia,Decrescente,Sol,Simples,Rotatória,Sim,3,0,1,0,2,0,1,2,-27.17236019,-51.5544337,SPRF-SC,DEL07-SC,UOP05-DEL07-SC,2020
"286979,0",2020-05-29,sexta-feira,14:15:00,SC,101,"123,0",ITAJAI,Falta de Atenção à Condução,Colisão transversal,Com Vítimas Feridas,Pleno dia,Crescente,Céu Claro,Dupla,Viaduto,Sim,2,0,1,0,1,0,1,2,-26.93668609,-48.69876905,SPRF-SC,DEL04-SC,UOP04-DEL04-SC,2020
"286982,0",2020-05-29,sexta-feira,15:10:00,SC,470,"69,0",INDAIAL,Falta de Atenção à Condução,Tombamento,Com Vítimas Feridas,Pleno dia,Crescente,Céu Claro,Simples,Reta,Sim,1,0,1,0,0,0,1,1,-26.8841487,-49.24797705,SPRF-SC,DEL04-SC,UOP01-DEL04-SC,2020
"287003,0",2020-05-29,sexta-feira,17:00:00,SC,101,"144,0",ITAPEMA,Ingestão de Álcool,Colisão lateral,Com Vítimas Feridas,Pleno dia,Decrescente,Céu Claro,Dupla,Reta,Não,2,0,1,0,1,0,1,2,-27.0732659,-48.59672716,SPRF-SC,DEL04-SC,UOP03-DEL04-SC,2020
"287026,0",2020-05-29,sexta-feira,18:35:00,SC,163,"69,4",SAO MIGUEL DO OESTE,Falta de Atenção à Condução,Colisão transversal,Com Vítimas Feridas,Plena Noite,Decrescente,Nublado,Dupla,Interseção de Vias,Sim,2,0,1,0,1,0,1,2,-26.74132699,-53.50120591,SPRF-SC,DEL07-SC,UOP03-DEL07-SC,2020
"287030,0",2020-05-29,sexta-feira,19:20:00,SC,101,"158,2",PORTO BELO,Desobediência às normas de trânsito pelo condutor,Colisão lateral,Com Vítimas Feridas,Plena Noite,Crescente,Nublado,Dupla,Reta,Sim,2,0,1,0,1,0,1,2,-27.19096301,-48.61259017,SPRF-SC,DEL04-SC,UOP03-DEL04-SC,2020
"287031,0",2020-05-29,sexta-feira,19:00:00,SC,282,"3,5",FLORIANOPOLIS,Falta de Atenção à Condução,Colisão traseira,Com Vítimas Feridas,Plena Noite,Decrescente,Céu Claro,Múltipla,Reta,Não,4,0,2,0,2,0,2,4,-27.600384,-48.599705,SPRF-SC,DEL01-SC,UOP01-DEL01-SC,2020
"287040,0",2020-05-29,sexta-feira,19:55:00,SC,282,"2,1",FLORIANOPOLIS,Falta de Atenção à Condução,Colisão traseira,Com Vítimas Feridas,Plena Noite,Crescente,Nublado,Múltipla,Reta,Sim,2,0,0,1,1,0,1,2,-27.603289,-48.590416,SPRF-SC,DEL01-SC,UOP01-DEL01-SC,2020
"287041,0",2020-05-29,sexta-feira,01:30:00,SC,470,"121,0",IBIRAMA,Velocidade Incompatível,Saída de leito carroçável,Com Vítimas Fatais,Plena Noite,Decrescente,Céu Claro,Simples,Declive,Não,3,1,0,1,0,1,1,2,-27.095861,-49.526859,SPRF-SC,DEL04-SC,UOP02-DEL04-SC,2020
"287042,0",2020-05-29,sexta-feira,19:50:00,SC,101,"203,2",SAO JOSE,Não guardar distância de segurança,Engavetamento,Com Vítimas Feridas,Plena Noite,Decrescente,Céu Claro,Dupla,Reta,Sim,5,0,1,0,4,0,1,4,-27.56771055,-48.61398697,SPRF-SC,DEL01-SC,UOP01-DEL01-SC,2020
"287044,0",2020-05-29,sexta-feira,18:10:00,SC,282,"19,8",PALHOCA,Falta de Atenção do Pedestre,Atropelamento de Pedestre,Com Vítimas Feridas,Plena Noite,Decrescente,Nublado,Simples,Interseção de Vias,Sim,2,0,0,1,1,0,1,2,-27.678635,-48.70192,SPRF-SC,DEL01-SC,UOP02-DEL01-SC,2020
"287046,0",2020-05-29,sexta-feira,19:25:00,SC,101,"239,0",PALHOCA,Falta de Atenção à Condução,Colisão com objeto estático,Com Vítimas Feridas,Plena Noite,Decrescente,Céu Claro,Dupla,Reta,Não,2,0,1,0,1,0,1,1,-27.85046883,-48.63955216,SPRF-SC,DEL01-SC,UOP02-DEL01-SC,2020
"287064,0",2020-05-29,sexta-feira,18:15:00,SC,470,"7,0",ITAJAI,Falta de Atenção à Condução,Tombamento,Com Vítimas Feridas,Plena Noite,Decrescente,Céu Claro,Simples,Reta,Não,1,0,1,0,0,0,1,1,-26.84499,-48.71505,SPRF-SC,DEL04-SC,UOP04-DEL04-SC,2020
"287066,0",2020-05-29,sexta-feira,21:25:00,SC,101,"191,0",BIGUACU,Ingestão de Álcool,Queda de ocupante de veículo,Com Vítimas Feridas,Plena Noite,Decrescente,Céu Claro,Dupla,Curva,Não,2,0,1,0,1,0,1,1,-27.47730273,-48.64127329,SPRF-SC,DEL01-SC,UOP01-DEL01-SC,2020
"287076,0",2020-05-29,sexta-feira,20:15:00,SC,101,"310,9",LAGUNA,Desobediência às normas de trânsito pelo condutor,Colisão transversal,Com Vítimas Feridas,Plena Noite,Decrescente,Nublado,Dupla,Rotatória,Não,2,0,1,0,1,0,1,2,-28.41679416,-48.79529064,SPRF-SC,DEL02-SC,UOP01-DEL02-SC,2020
"287097,0",2020-05-30,sábado,03:50:00,SC,282,"579,2",PINHALZINHO,Ultrapassagem Indevida,Saída de leito carroçável,Com Vítimas Feridas,Plena Noite,Crescente,Céu Claro,Simples,Reta,Não,1,0,0,1,0,0,1,1,-26.835443,-52.990578,SPRF-SC,DEL07-SC,UOP02-DEL07-SC,2020
"287111,0",2020-05-30,sábado,07:10:00,SC,101,"110,3",PENHA,Ingestão de Álcool,Colisão traseira,Com Vítimas Feridas,Amanhecer,Crescente,Céu Claro,Dupla,Reta,Não,2,0,1,0,1,0,1,2,-26.83477,-48.706151,SPRF-SC,DEL03-SC,UOP02-DEL03-SC,2020
"287117,0",2020-05-30,sábado,08:00:00,SC,282,"506,0",XANXERE,Defeito Mecânico no Veículo,Tombamento,Com Vítimas Feridas,Pleno dia,Crescente,Sol,Dupla,Reta,Não,1,0,1,0,0,0,1,1,-26.885712,-52.42907,SPRF-SC,DEL07-SC,UOP01-DEL07-SC,2020
"287135,0",2020-05-30,sábado,09:00:00,SC,116,"239,2",LAGES,Velocidade Incompatível,Saída de leito carroçável,Com Vítimas Feridas,Pleno dia,Decrescente,Céu Claro,Simples,Curva,Não,1,0,0,1,0,0,1,1,-27.75374487,-50.33551823,SPRF-SC,DEL05-SC,UOP01-DEL05-SC,2020
"287159,0",2020-05-30,sábado,14:00:00,SC,470,"174,9",POUSO REDONDO,Desobediência às normas de trânsito pelo condutor,Colisão traseira,Com Vítimas Feridas,Pleno dia,Crescente,Sol,Simples,Reta,Não,2,0,1,0,1,0,1,2,-27.2562319,-49.93861198,SPRF-SC,DEL04-SC,UOP02-DEL04-SC,2020
"287160,0",2020-05-30,sábado,07:00:00,SC,470,"146,2",RIO DO SUL,Ingestão de Álcool,Colisão lateral,Sem Vítimas,Pleno dia,Decrescente,Céu Claro,Simples,Reta,Não,4,0,0,0,1,3,0,4,-27.235138,-49.677608,SPRF-SC,DEL04-SC,UOP02-DEL04-SC,2020
"287161,0",2020-05-30,sábado,14:20:00,SC,101,"213,4",PALHOCA,Avarias e/ou desgaste excessivo no pneu,Tombamento,Com Vítimas Feridas,Pleno dia,Crescente,Sol,Múltipla,Declive,Sim,2,0,2,0,0,0,2,1,-27.63697369,-48.66514142,SPRF-SC,DEL01-SC,UOP02-DEL01-SC,2020
"287163,0",2020-05-30,sábado,15:00:00,SC,470,"57,0",BLUMENAU,Ingestão de Álcool,Colisão frontal,Com Vítimas Feridas,Pleno dia,Crescente,Céu Claro,Simples,Reta,Não,4,0,3,0,1,0,3,2,-26.880428,-49.136532,SPRF-SC,DEL04-SC,UOP01-DEL04-SC,2020
"287169,0",2020-05-30,sábado,15:40:00,SC,470,"104,1",APIUNA,Desobediência às normas de trânsito pelo condutor,Colisão lateral,Com Vítimas Feridas,Pleno dia,Crescente,Sol,Simples,Reta,Não,4,0,0,3,1,0,3,3,-27.064796,-49.401424,SPRF-SC,DEL04-SC,UOP02-DEL04-SC,2020
"287239,0",2020-05-30,sábado,18:30:00,SC,282,"521,6",XAXIM,Velocidade Incompatível,Colisão transversal,Com Vítimas Feridas,Plena Noite,Crescente,Céu Claro,Simples,Rotatória,Sim,4,0,3,0,0,1,3,2,-26.950993,-52.534767,SPRF-SC,DEL07-SC,UOP01-DEL07-SC,2020
"287253,0",2020-05-30,sábado,21:40:00,SC,280,"11,0",SAO FRANCISCO DO SUL,Mal Súbito,Capotamento,Com Vítimas Feridas,Plena Noite,Crescente,Céu Claro,Simples,Reta,Não,2,0,2,0,0,0,2,1,-26.304752,-48.641014,SPRF-SC,DEL03-SC,UOP03-DEL03-SC,2020
"287276,0",2020-05-30,sábado,23:10:00,SC,101,"203,0",SAO JOSE,Desobediência às normas de trânsito pelo condutor,Colisão transversal,Com Vítimas Feridas,Plena Noite,Crescente,Céu Claro,Múltipla,Viaduto;Interseção de Vias,Sim,3,0,3,0,0,0,3,2,-27.56583692,-48.61465216,SPRF-SC,DEL01-SC,UOP01-DEL01-SC,2020
"287277,0",2020-05-30,sábado,22:40:00,SC,101,"194,0",BIGUACU,Falta de Atenção à Condução,Capotamento,Sem Vítimas,Plena Noite,Crescente,Céu Claro,Múltipla,Reta,Sim,1,0,0,0,0,1,0,1,-27.49815117,-48.65661236,SPRF-SC,DEL01-SC,UOP01-DEL01-SC,2020
"287281,0",2020-05-30,sábado,22:10:00,SC,282,"223,0",LAGES,Ingestão de Álcool,Colisão traseira,Sem Vítimas,Plena Noite,Decrescente,Nublado,Simples,Reta;Declive,Sim,2,0,0,0,2,0,0,2,-27.800127,-50.362751,SPRF-SC,DEL05-SC,UOP01-DEL05-SC,2020
"287304,0",2020-05-31,domingo,02:30:00,SC,101,"207,8",SAO JOSE,Falta de Atenção à Condução,Saída de leito carroçável,Sem Vítimas,Plena Noite,Crescente,Céu Claro,Múltipla,Reta,Sim,1,0,0,0,0,1,0,1,-27.60001226,-48.6226467,SPRF-SC,DEL01-SC,UOP01-DEL01-SC,2020
"287309,0",2020-05-31,domingo,03:00:00,SC,282,"568,0",NOVA ERECHIM,Ingestão de Álcool,Colisão com objeto estático,Sem Vítimas,Pleno dia,Decrescente,Céu Claro,Simples,Reta,Sim,1,0,0,0,1,0,0,1,-26.89622898,-52.91879296,SPRF-SC,DEL07-SC,UOP02-DEL07-SC,2020
"287325,0",2020-05-31,domingo,05:10:00,SC,280,"79,0",CORUPA,Ingestão de Álcool,Colisão frontal,Com Vítimas Feridas,Plena Noite,Crescente,Céu Claro,Simples,Reta;Aclive,Não,3,0,1,1,1,0,2,2,-26.42267896,-49.25298059,SPRF-SC,DEL06-SC,UOP03-DEL06-SC,2020
"287345,0",2020-05-31,domingo,11:10:00,SC,470,"106,7",APIUNA,Falta de Atenção à Condução,Colisão traseira,Com Vítimas Feridas,Pleno dia,Crescente,Sol,Simples,Reta,Não,3,0,2,0,1,0,2,2,-27.06581727,-49.41671848,SPRF-SC,DEL04-SC,UOP02-DEL04-SC,2020
"287346,0",2020-05-31,domingo,09:15:00,SC,101,"134,0",BALNEARIO CAMBORIU,Ingestão de Álcool,Colisão com objeto estático,Com Vítimas Feridas,Pleno dia,Crescente,Céu Claro,Dupla,Reta,Sim,1,0,1,0,0,0,1,1,-27.00218,-48.636433,SPRF-SC,DEL04-SC,UOP03-DEL04-SC,2020
"287356,0",2020-05-31,domingo,12:20:00,SC,470,"21,9",ILHOTA,Desobediência às normas de trânsito pelo condutor,Colisão transversal,Com Vítimas Feridas,Pleno dia,Crescente,Céu Claro,Simples,Em Obras,Não,3,0,0,1,1,1,1,3,-26.88007659,-48.83646011,SPRF-SC,DEL04-SC,UOP04-DEL04-SC,2020
"287372,0",2020-05-31,domingo,14:15:00,SC,101,"339,0",TUBARAO,Velocidade Incompatível,Colisão frontal,Com Vítimas Feridas,Pleno dia,Decrescente,Céu Claro,Múltipla,Reta,Sim,3,0,0,1,2,0,1,1,-28.49351117,-49.04178985,SPRF-SC,DEL02-SC,UOP01-DEL02-SC,2020
"287398,0",2020-05-31,domingo,18:00:00,SC,470,"53,2",BLUMENAU,Desobediência às normas de trânsito pelo condutor,Colisão transversal,Com Vítimas Feridas,Plena Noite,Crescente,Céu Claro,Simples,Reta;Interseção de Vias,Não,3,0,2,0,1,0,2,2,-26.862286,-49.093903,SPRF-SC,DEL04-SC,UOP01-DEL04-SC,2020
"287405,0",2020-05-31,domingo,18:00:00,SC,470,"92,0",ASCURRA,Desobediência às normas de trânsito pelo condutor,Colisão lateral,Com Vítimas Feridas,Plena Noite,Crescente,Céu Claro,Simples,Reta,Sim,2,0,1,0,1,0,1,2,-26.98592,-49.373047,SPRF-SC,DEL04-SC,UOP01-DEL04-SC,2020
"287410,0",2020-05-31,domingo,18:40:00,SC,101,"46,8",JOINVILLE,Avarias e/ou desgaste excessivo no pneu,Queda de ocupante de veículo,Com Vítimas Feridas,Plena Noite,Crescente,Céu Claro,Dupla,Reta,Sim,2,0,1,1,0,0,2,1,-26.33150083,-48.86187762,SPRF-SC,DEL03-SC,UOP01-DEL03-SC,2020
"287433,0",2020-05-31,domingo,18:20:00,SC,282,"278,2",SAO JOSE DO CERRITO,Falta de Atenção à Condução,Colisão transversal,Com Vítimas Fatais,Plena Noite,Crescente,Nublado,Simples,Reta;Interseção de Vias,Não,2,1,0,0,1,0,0,2,-27.58585553,-50.74065685,SPRF-SC,DEL05-SC,UOP02-DEL05-SC,2020
"287439,0",2020-05-31,domingo,20:30:00,SC,470,"138,1",RIO DO SUL,Falta de Atenção à Condução,Colisão frontal,Com Vítimas Feridas,Plena Noite,Decrescente,Céu Claro,Simples,Interseção de Vias,Não,2,0,1,0,1,0,1,2,-27.19391496,-49.62389231,SPRF-SC,DEL04-SC,UOP02-DEL04-SC,2020
"287444,0",2020-05-31,domingo,19:25:00,SC,282,"28,0",SANTO AMARO DA IMPERATRIZ,Desobediência às normas de trânsito pelo condutor,Colisão transversal,Com Vítimas Feridas,Plena Noite,Crescente,Céu Claro,Simples,Reta,Não,2,0,0,1,1,0,1,2,-27.67581326,-48.78112078,SPRF-SC,DEL01-SC,UOP03-DEL01-SC,2020
"287445,0",2020-05-31,domingo,20:30:00,SC,101,"190,0",BIGUACU,Falta de Atenção do Pedestre,Atropelamento de Pedestre,Com Vítimas Feridas,Plena Noite,Decrescente,Nublado,Dupla,Reta,Sim,2,0,1,0,1,0,1,2,-27.468056,-48.641712,SPRF-SC,DEL01-SC,UOP01-DEL01-SC,2020
"287450,0",2020-05-31,domingo,21:00:00,SC,101,"210,0",SAO JOSE,Falta de Atenção à Condução,Colisão traseira,Com Vítimas Feridas,Plena Noite,Crescente,Céu Claro,Múltipla,Reta,Não,2,0,1,0,1,0,1,2,-27.6167305,-48.6457265,SPRF-SC,DEL01-SC,UOP01-DEL01-SC,2020
"287463,0",2020-05-31,domingo,22:05:00,SC,116,"246,1",LAGES,Ingestão de Álcool,Saída de leito carroçável,Com Vítimas Feridas,Plena Noite,Crescente,Chuva,Simples,Interseção de Vias,Sim,1,0,1,0,0,0,1,1,-27.80654941,-50.36611319,SPRF-SC,DEL05-SC,UOP02-DEL05-SC,2020
"287466,0",2020-05-31,domingo,18:15:00,SC,101,"140,0",BALNEARIO CAMBORIU,Ingestão de Álcool,Engavetamento,Sem Vítimas,Anoitecer,Decrescente,Nublado,Dupla,Declive;Reta,Sim,3,0,0,0,3,0,0,3,-27.03881189,-48.60025148,SPRF-SC,DEL04-SC,UOP03-DEL04-SC,2020
"287471,0",2020-05-31,domingo,17:15:00,SC,280,"20,0",ARAQUARI,Ingestão de Álcool,Colisão transversal,Sem Vítimas,Plena Noite,Crescente,Céu Claro,Simples,Interseção de Vias,Não,2,0,0,0,2,0,0,2,-26.36990477,-48.68224301,SPRF-SC,DEL03-SC,UOP03-DEL03-SC,2020
"287482,0",2020-05-31,domingo,20:00:00,SC,470,"240,3",CURITIBANOS,Ultrapassagem Indevida,Colisão frontal,Com Vítimas Feridas,Plena Noite,Decrescente,Nublado,Simples,Aclive;Curva,Não,3,0,0,2,0,1,2,3,-27.306107,-50.481949,SPRF-SC,DEL05-SC,UOP03-DEL05-SC,2020
"287493,0",2020-05-31,domingo,23:25:00,SC,470,"60,0",BLUMENAU,Condutor Dormindo,Saída de leito carroçável,Sem Vítimas,Plena Noite,Crescente,Céu Claro,Simples,Reta,Sim,1,0,0,0,1,0,0,1,-26.88138,-49.164543,SPRF-SC,DEL04-SC,UOP01-DEL04-SC,2020
"287525,0",2020-06-01,segunda-feira,06:55:00,SC,101,"206,0",SAO JOSE,Falta de Atenção à Condução,Colisão com objeto estático,Com Vítimas Feridas,Pleno dia,Crescente,Nublado,Múltipla,Reta,Sim,4,0,1,0,3,0,1,3,-27.59193546,-48.61824557,SPRF-SC,DEL01-SC,UOP01-DEL01-SC,2020
"287535,0",2020-06-01,segunda-feira,07:40:00,SC,101,"203,0",SAO JOSE,Não guardar distância de segurança,Colisão traseira,Com Vítimas Feridas,Pleno dia,Crescente,Nublado,Dupla,Reta,Sim,3,0,2,0,1,0,2,2,-27.5688233,-48.61383677,SPRF-SC,DEL01-SC,UOP01-DEL01-SC,2020
"287552,0",2020-06-01,segunda-feira,10:45:00,SC,280,"56,0",GUARAMIRIM,Falta de Atenção à Condução,Colisão transversal,Com Vítimas Feridas,Pleno dia,Decrescente,Nublado,Simples,Reta,Sim,3,0,1,0,2,0,1,2,-26.47947677,-49.00298702,SPRF-SC,DEL03-SC,UOP03-DEL03-SC,2020
"287574,0",2020-06-01,segunda-feira,12:30:00,SC,101,"334,0",TUBARAO,Desobediência às normas de trânsito pelo condutor,Colisão transversal,Com Vítimas Feridas,Pleno dia,Decrescente,Sol,Dupla,Rotatória,Não,2,0,1,0,1,0,1,2,-28.46730446,-49.00604302,SPRF-SC,DEL02-SC,UOP01-DEL02-SC,2020
"287590,0",2020-06-01,segunda-feira,13:45:00,SC,101,"443,2",SANTA ROSA DO SUL,Falta de Atenção à Condução,Colisão traseira,Com Vítimas Feridas,Pleno dia,Crescente,Nublado,Simples,Reta,Sim,2,0,1,0,1,0,1,2,-29.13565036,-49.70919728,SPRF-SC,DEL02-SC,UOP02-DEL02-SC,2020