id,data_inversa,dia_semana,horario,uf,br,km,municipio,causa_acidente,tipo_acidente,classificacao_acidente,fase_dia,sentido_via,condicao_metereologica,tipo_pista,tracado_via,uso_solo,pessoas,mortos,feridos_leves,feridos_graves,ilesos,ignorados,feridos,veiculos,latitude,longitude,regional,delegacia,uop,ano_arquivo
"288400,0",2020-06-06,sábado,03:05:00,SC,101,"113,2",ITAJAI,Ingestão de Álcool,Saída de leito carroçável,Sem Vítimas,Plena Noite,Decrescente,Chuva,Múltipla,Reta,Sim,1,0,0,0,1,0,0,1,-26.85311393,-48.72689927,SPRF-SC,DEL04-SC,UOP04-DEL04-SC,2020
"288406,0",2020-06-06,sábado,04:45:00,SC,101,"235,0",PALHOCA,Fenômenos da Natureza,Saída de leito carroçável,Com Vítimas Feridas,Plena Noite,Crescente,Chuva,Dupla,Curva,Não,1,0,1,0,0,0,1,1,-27.8177775,-48.6315025,SPRF-SC,DEL01-SC,UOP02-DEL01-SC,2020
"288413,0",2020-06-06,sábado,05:40:00,SC,282,"16,0",PALHOCA,Falta de Atenção à Condução,Colisão lateral,Com Vítimas Feridas,Amanhecer,Crescente,Chuva,Simples,Reta,Sim,2,0,0,1,1,0,1,2,-27.658611,-48.681847,SPRF-SC,DEL01-SC,UOP02-DEL01-SC,2020
"288414,0",2020-06-06,sábado,06:30:00,SC,280,"8,9",SAO FRANCISCO DO SUL,Falta de Atenção à Condução,Colisão traseira,Com Vítimas Feridas,Amanhecer,Decrescente,Nublado,Simples,Reta,Sim,2,0,1,0,1,0,1,2,-26.27887292,-48.64668626,SPRF-SC,DEL03-SC,UOP03-DEL03-SC,2020
"288416,0",2020-06-06,sábado,06:40:00,SC,101,"355,0",SANGAO,Ingestão de Álcool,Saída de leito carroçável,Sem Vítimas,Amanhecer,Crescente,Céu Claro,Dupla,Reta,Não,1,0,0,0,1,0,0,1,-28.62380715,-49.07828489,SPRF-SC,DEL02-SC,UOP01-DEL02-SC,2020
"288420,0",2020-06-06,sábado,06:40:00,SC,282,"16,3",PALHOCA,Falta de Atenção à Condução,Colisão lateral,Com Vítimas Feridas,Pleno dia,Crescente,Nublado,Simples,Reta,Sim,3,0,2,0,1,0,2,2,-27.658611,-48.681847,SPRF-SC,DEL01-SC,UOP02-DEL01-SC,2020
"288429,0",2020-06-06,sábado,08:10:00,SC,101,"20,0",JOINVILLE,Falta de Atenção à Condução,Colisão frontal,Com Vítimas Feridas,Pleno dia,Decrescente,Chuva,Simples,Interseção de Vias,Não,3,0,1,0,2,0,1,2,-26.140675,-48.902995,SPRF-SC,DEL03-SC,UOP01-DEL03-SC,2020
"288437,0",2020-06-06,sábado,08:50:00,SC,101,"175,0",GOVERNADOR CELSO RAMOS,Defeito Mecânico no Veículo,Capotamento,Com Vítimas Feridas,Pleno dia,Decrescente,Chuva,Dupla,Reta,Não,1,0,1,0,0,0,1,1,-27.33854643,-48.62714567,SPRF-SC,DEL01-SC,UOP01-DEL01-SC,2020
"288440,0",2020-06-06,sábado,08:50:00,SC,101,"140,9",BALNEARIO CAMBORIU,Velocidade Incompatível,Capotamento,Com Vítimas Feridas,Pleno dia,Crescente,Chuva,Simples,Declive;Curva,Não,2,0,2,0,0,0,2,1,-27.03881189,-48.60025148,SPRF-SC,DEL04-SC,UOP03-DEL04-SC,2020
"288442,0",2020-06-06,sábado,09:00:00,SC,101,"189,0",BIGUACU,Pista Escorregadia,Saída de leito carroçável,Com Vítimas Feridas,Pleno dia,Decrescente,Garoa/Chuvisco,Dupla,Curva,Não,2,0,2,0,0,0,2,1,-27.459393,-48.638914,SPRF-SC,DEL01-SC,UOP01-DEL01-SC,2020
"288443,0",2020-06-06,sábado,08:40:00,SC,101,"138,4",BALNEARIO CAMBORIU,Falta de Atenção à Condução,Colisão com objeto estático,Com Vítimas Feridas,Pleno dia,Decrescente,Chuva,Dupla,Reta,Sim,1,0,1,0,0,0,1,1,-27.02397426,-48.60761649,SPRF-SC,DEL04-SC,UOP03-DEL04-SC,2020
"288463,0",2020-06-06,sábado,11:11:00,SC,101,"138,6",BALNEARIO CAMBORIU,Falta de Atenção à Condução,Capotamento,Com Vítimas Feridas,Pleno dia,Crescente,Nublado,Dupla,Curva,Não,1,0,1,0,0,0,1,1,-27.02397426,-48.60761649,SPRF-SC,DEL04-SC,UOP03-DEL04-SC,2020
"288464,0",2020-06-06,sábado,11:15:00,SC,101,"275,9",IMBITUBA,Desobediência às normas de trânsito pelo condutor,Colisão frontal,Com Vítimas Feridas,Pleno dia,Decrescente,Céu Claro,Múltipla,Interseção de Vias;Reta,Sim,2,0,1,0,1,0,1,2,-28.15738296,-48.69265079,SPRF-SC,DEL02-SC,UOP03-DEL02-SC,2020
"288466,0",2020-06-06,sábado,08:20:00,SC,282,"30,1",SANTO AMARO DA IMPERATRIZ,Pista Escorregadia,Saída de leito carroçável,Sem Vítimas,Pleno dia,Crescente,Chuva,Simples,Curva,Não,3,0,0,0,3,0,0,1,-27.687376,-48.79071,SPRF-SC,DEL01-SC,UOP03-DEL01-SC,2020
"288477,0",2020-06-06,sábado,13:00:00,SC,470,"65,0",INDAIAL,Falta de Atenção à Condução,Colisão lateral,Com Vítimas Feridas,Pleno dia,Crescente,Céu Claro,Simples,Reta,Não,3,0,1,1,1,0,2,2,-26.870411,-49.211864,SPRF-SC,DEL04-SC,UOP01-DEL04-SC,2020
"288482,0",2020-06-06,sábado,13:30:00,SC,101,"80,0",BARRA VELHA,Avarias e/ou desgaste excessivo no pneu,Queda de ocupante de veículo,Com Vítimas Feridas,Pleno dia,Decrescente,Céu Claro,Dupla,Reta,Não,2,0,2,0,0,0,2,1,-26.59441996,-48.72183309,SPRF-SC,DEL03-SC,UOP02-DEL03-SC,2020
"288491,0",2020-06-06,sábado,14:45:00,SC,282,"21,2",PALHOCA,Ultrapassagem Indevida,Colisão frontal,Com Vítimas Feridas,Pleno dia,Crescente,Céu Claro,Simples,Reta,Sim,2,0,0,1,1,0,1,2,-27.68851583,-48.72113585,SPRF-SC,DEL01-SC,UOP02-DEL01-SC,2020
"288496,0",2020-06-06,sábado,15:30:00,SC,470,"56,0",BLUMENAU,Desobediência às normas de trânsito pelo condutor,Colisão transversal,Com Vítimas Feridas,Pleno dia,Crescente,Sol,Simples,Reta,Sim,3,0,1,1,1,0,2,2,-26.87674,-49.127743,SPRF-SC,DEL04-SC,UOP01-DEL04-SC,2020
"288502,0",2020-06-06,sábado,16:10:00,SC,470,"105,4",APIUNA,Mal Súbito,Colisão traseira,Com Vítimas Feridas,Pleno dia,Crescente,Céu Claro,Simples,Reta,Não,6,0,2,0,4,0,2,2,-27.066006,-49.417019,SPRF-SC,DEL04-SC,UOP02-DEL04-SC,2020
"288504,0",2020-06-06,sábado,14:38:00,SC,470,"121,6",IBIRAMA,Não guardar distância de segurança,Colisão traseira,Com Vítimas Feridas,Pleno dia,Decrescente,Céu Claro,Simples,Reta;Declive,Não,5,0,2,0,3,0,2,2,-27.095861,-49.526859,SPRF-SC,DEL04-SC,UOP02-DEL04-SC,2020
"288527,0",2020-06-06,sábado,17:45:00,SC,101,"111,9",ITAJAI,Ingestão de Álcool,Saída de leito carroçável,Sem Vítimas,Anoitecer,Crescente,Nublado,Dupla,Retorno Regulamentado,Não,1,0,0,0,1,0,0,1,-26.83955734,-48.71418074,SPRF-SC,DEL04-SC,UOP04-DEL04-SC,2020
"288537,0",2020-06-06,sábado,19:00:00,SC,280,"50,5",GUARAMIRIM,Falta de Atenção à Condução,Colisão transversal,Com Vítimas Feridas,Plena Noite,Crescente,Nublado,Simples,Reta,Não,3,0,2,0,1,0,2,2,-26.46522344,-48.95488501,SPRF-SC,DEL03-SC,UOP03-DEL03-SC,2020
"288554,0",2020-06-06,sábado,19:25:00,SC,116,"220,0",CORREIA PINTO,Ingestão de Álcool,Colisão frontal,Com Vítimas Feridas,Plena Noite,Decrescente,Nublado,Simples,Reta,Sim,2,0,1,0,1,0,1,2,-27.57771319,-50.36993036,SPRF-SC,DEL05-SC,UOP03-DEL05-SC,2020
"288557,0",2020-06-06,sábado,18:20:00,SC,101,"319,2",PESCARIA BRAVA,Animais na Pista,Atropelamento de Animal,Sem Vítimas,Plena Noite,Decrescente,Céu Claro,Simples,Reta,Sim,1,0,0,0,1,0,0,1,-28.42978736,-48.87148792,SPRF-SC,DEL02-SC,UOP01-DEL02-SC,2020
"288560,0",2020-06-06,sábado,21:45:00,SC,101,"119,0",ITAJAI,Falta de Atenção à Condução,Tombamento,Com Vítimas Feridas,Plena Noite,Crescente,Nublado,Dupla,Interseção de Vias,Não,2,0,1,0,1,0,1,2,-26.9043179,-48.71555481,SPRF-SC,DEL04-SC,UOP04-DEL04-SC,2020
"288568,0",2020-06-06,sábado,18:20:00,SC,280,"248,0",CANOINHAS,Velocidade Incompatível,Saída de leito carroçável,Com Vítimas Feridas,Plena Noite,Decrescente,Nublado,Simples,Declive,Não,2,0,2,0,0,0,2,1,-26.25130977,-50.52296105,SPRF-SC,DEL06-SC,UOP04-DEL06-SC,2020
"288574,0",2020-06-06,sábado,22:00:00,SC,470,"36,4",GASPAR,Velocidade Incompatível,Colisão com objeto estático,Com Vítimas Fatais,Plena Noite,Decrescente,Céu Claro,Simples,Declive;Em Obras;Desvio Temporário;Curva,Sim,1,1,0,0,0,0,0,1,-26.91469684,-48.97391888,SPRF-SC,DEL04-SC,UOP01-DEL04-SC,2020
"288576,0",2020-06-06,sábado,19:55:00,SC,163,"69,7",SAO MIGUEL DO OESTE,Falta de Atenção à Condução,Colisão transversal,Com Vítimas Feridas,Plena Noite,Crescente,Céu Claro,Dupla,Aclive;Reta;Retorno Regulamentado,Sim,3,0,1,0,2,0,1,2,-26.74132699,-53.50120591,SPRF-SC,DEL07-SC,UOP03-DEL07-SC,2020
"288589,0",2020-06-07,domingo,00:20:00,SC,101,"213,5",PALHOCA,Ingestão de Álcool,Colisão transversal,Sem Vítimas,Plena Noite,Crescente,Céu Claro,Múltipla,Reta,Não,2,0,0,0,2,0,0,2,-27.63697369,-48.66514142,SPRF-SC,DEL01-SC,UOP02-DEL01-SC,2020
"288595,0",2020-06-07,domingo,01:20:00,SC,101,"207,7",SAO JOSE,Ingestão de Álcool,Colisão lateral,Sem Vítimas,Plena Noite,Crescente,Céu Claro,Múltipla,Reta,Sim,2,0,0,0,2,0,0,2,-27.60001226,-48.6226467,SPRF-SC,DEL01-SC,UOP01-DEL01-SC,2020
"288604,0",2020-06-07,domingo,02:20:00,SC,101,"116,0",ITAJAI,Falta de Atenção à Condução,Saída de leito carroçável,Com Vítimas Feridas,Plena Noite,Crescente,Nublado,Dupla,Reta,Não,2,0,1,1,0,0,2,1,-26.87905605,-48.72603512,SPRF-SC,DEL04-SC,UOP04-DEL04-SC,2020
"288610,0",2020-06-07,domingo,05:00:00,SC,101,"208,0",SAO JOSE,Ingestão de Álcool,Saída de leito carroçável,Sem Vítimas,Plena Noite,Decrescente,Céu Claro,Simples,Reta,Sim,1,0,0,0,1,0,0,1,-27.60327979,-48.63201818,SPRF-SC,DEL01-SC,UOP01-DEL01-SC,2020
"288625,0",2020-06-07,domingo,06:25:00,SC,480,"128,7",CHAPECO,Desobediência às normas de trânsito pelo condutor,Colisão lateral,Sem Vítimas,Amanhecer,Crescente,Nublado,Dupla,Curva,Sim,3,0,0,0,3,0,0,2,-27.04418166,-52.63618469,SPRF-SC,DEL07-SC,UOP01-DEL07-SC,2020
"288640,0",2020-06-07,domingo,09:10:00,SC,101,"201,0",SAO JOSE,Falta de Atenção à Condução,Saída de leito carroçável,Com Vítimas Feridas,Pleno dia,Decrescente,Céu Claro,Múltipla,Interseção de Vias,Sim,1,0,1,0,0,0,1,1,-27.54836599,-48.61977975,SPRF-SC,DEL01-SC,UOP01-DEL01-SC,2020
"288647,0",2020-06-07,domingo,09:50:00,SC,101,"204,9",SAO JOSE,Falta de Atenção à Condução,Colisão com objeto estático,Sem Vítimas,Pleno dia,Decrescente,Sol,Múltipla,Reta,Sim,1,0,0,0,1,0,0,1,-27.57413014,-48.61363083,SPRF-SC,DEL01-SC,UOP01-DEL01-SC,2020
"288661,0",2020-06-07,domingo,11:55:00,SC,101,"139,7",BALNEARIO CAMBORIU,Não guardar distância de segurança,Colisão traseira,Sem Vítimas,Pleno dia,Crescente,Sol,Dupla,Reta,Não,2,0,0,0,2,0,0,2,-27.02982303,-48.60115006,SPRF-SC,DEL04-SC,UOP03-DEL04-SC,2020
"288667,0",2020-06-07,domingo,13:10:00,SC,101,"140,0",BALNEARIO CAMBORIU,Ingestão de Álcool,Colisão com objeto estático,Com Vítimas Feridas,Pleno dia,Crescente,Sol,Múltipla,Aclive,Não,2,0,1,0,1,0,1,2,-27.03881189,-48.60025148,SPRF-SC,DEL04-SC,UOP03-DEL04-SC,2020
"288671,0",2020-06-07,domingo,13:35:00,SC,101,"350,0",JAGUARUNA,Desobediência às normas de trânsito pelo condutor,Colisão transversal,Com Vítimas Feridas,Pleno dia,Decrescente,Nublado,Simples,Declive;Curva,Não,2,0,1,0,1,0,1,2,-28.58988203,-49.04517307,SPRF-SC,DEL02-SC,UOP01-DEL02-SC,2020
"288673,0",2020-06-07,domingo,13:50:00,SC,101,"35,8",ARAQUARI,Falta de Atenção à Condução,Colisão lateral,Com Vítimas Feridas,Pleno dia,Crescente,Sol,Simples,Curva,Sim,2,0,1,0,1,0,1,2,-26.44330146,-48.81543159,SPRF-SC,DEL03-SC,UOP01-DEL03-SC,2020
"288694,0",2020-06-07,domingo,16:00:00,SC,101,"207,0",SAO JOSE,Falta de Atenção à Condução,Colisão transversal,Com Vítimas Feridas,Pleno dia,Crescente,Sol,Simples,Interseção de Vias,Sim,2,0,1,0,1,0,1,2,-27.60001226,-48.6226467,SPRF-SC,DEL01-SC,UOP01-DEL01-SC,2020
"288697,0",2020-06-07,domingo,16:10:00,SC,282,"4,1",SAO JOSE,Avarias e/ou desgaste excessivo no pneu,Tombamento,Com Vítimas Feridas,Pleno dia,Crescente,Céu Claro,Dupla,Reta,Sim,1,0,0,1,0,0,1,1,-27.592646,-48.604034,SPRF-SC,DEL01-SC,UOP01-DEL01-SC,2020
"288702,0",2020-06-07,domingo,15:45:00,SC,116,"275,0",CAPAO ALTO,Falta de Atenção à Condução,Queda de ocupante de veículo,Com Vítimas Feridas,Pleno dia,Crescente,Nublado,Simples,Retorno Regulamentado,Não,1,0,1,0,0,0,1,1,-28.00281979,-50.53720819,SPRF-SC,DEL05-SC,UOP02-DEL05-SC,2020
"288762,0",2020-06-07,domingo,21:20:00,SC,101,"148,0",ITAPEMA,Defeito Mecânico no Veículo,Colisão com objeto estático,Com Vítimas Feridas,Plena Noite,Crescente,Céu Claro,Dupla,Reta,Sim,2,0,1,0,0,1,1,1,-27.10123686,-48.61807962,SPRF-SC,DEL04-SC,UOP03-DEL04-SC,2020
"288768,0",2020-06-07,domingo,21:15:00,SC,101,"28,0",JOINVILLE,Velocidade Incompatível,Colisão traseira,Com Vítimas Feridas,Plena Noite,Decrescente,Céu Claro,Dupla,Reta,Sim,2,0,1,0,1,0,1,2,-26.20697505,-48.91482635,SPRF-SC,DEL03-SC,UOP01-DEL03-SC,2020
"288777,0",2020-06-07,domingo,21:00:00,SC,470,"135,7",RIO DO SUL,Falta de Atenção à Condução,Colisão transversal,Com Vítimas Feridas,Plena Noite,Decrescente,Nublado,Simples,Reta,Não,3,0,1,0,1,1,1,3,-27.188492,-49.61232,SPRF-SC,DEL04-SC,UOP02-DEL04-SC,2020
"288784,0",2020-06-07,domingo,22:30:00,SC,470,"7,2",NAVEGANTES,Sinalização da via insuficiente ou inadequada,Saída de leito carroçável,Com Vítimas Feridas,Plena Noite,Crescente,Garoa/Chuvisco,Simples,Em Obras,Não,1,0,0,1,0,0,1,1,-26.84499,-48.71505,SPRF-SC,DEL04-SC,UOP04-DEL04-SC,2020
"288817,0",2020-06-08,segunda-feira,05:15:00,SC,470,"57,5",BLUMENAU,Restrição de Visibilidade,Colisão com objeto estático,Com Vítimas Feridas,Plena Noite,Crescente,Nevoeiro/Neblina,Simples,Rotatória,Sim,1,0,1,0,0,0,1,1,-26.880428,-49.136532,SPRF-SC,DEL04-SC,UOP01-DEL04-SC,2020
"288827,0",2020-06-08,segunda-feira,07:15:00,SC,101,"201,0",SAO JOSE,Falta de Atenção à Condução,Colisão traseira,Com Vítimas Feridas,Pleno dia,Crescente,Céu Claro,Dupla,Reta,Sim,2,0,1,0,1,0,1,2,-27.54836599,-48.61977975,SPRF-SC,DEL01-SC,UOP01-DEL01-SC,2020
"288835,0",2020-06-08,segunda-feira,07:45:00,SC,101,"197,7",BIGUACU,Falta de Atenção à Condução,Colisão traseira,Com Vítimas Feridas,Pleno dia,Crescente,Céu Claro,Dupla,Reta,Sim,2,0,1,0,1,0,1,2,-27.51844497,-48.63848496,SPRF-SC,DEL01-SC,UOP01-DEL01-SC,2020
"288884,0",2020-06-08,segunda-feira,11:35:00,SC,280,"128,7",RIO NEGRINHO,Desobediência às normas de trânsito pelo condutor,Colisão transversal,Com Vítimas Feridas,Pleno dia,Crescente,Céu Claro,Simples,Reta;Interseção de Vias;Aclive,Sim,2,0,0,1,1,0,1,2,-26.25391348,-49.53377008,SPRF-SC,DEL06-SC,UOP03-DEL06-SC,2020
"288897,0",2020-06-05,sexta-feira,02:45:00,SC,101,"239,0",PALHOCA,Falta de Atenção à Condução,Saída de leito carroçável,Sem Vítimas,Plena Noite,Decrescente,Chuva,Dupla,Reta,Não,1,0,0,0,1,0,0,1,-27.85046883,-48.63955216,SPRF-SC,DEL01-SC,UOP02-DEL01-SC,2020
"288906,0",2020-06-08,segunda-feira,13:00:00,SC,101,"33,0",ARAQUARI,Avarias e/ou desgaste excessivo no pneu,Queda de ocupante de veículo,Com Vítimas Feridas,Pleno dia,Crescente,Céu Claro,Simples,Reta,Não,1,0,0,1,0,0,1,1,-26.37710681,-48.71887207,SPRF-SC,DEL03-SC,UOP01-DEL03-SC,2020
"288911,0",2020-06-08,segunda-feira,13:10:00,SC,280,"248,0",CANOINHAS,Falta de Atenção à Condução,Colisão traseira,Com Vítimas Feridas,Pleno dia,Decrescente,Sol,Simples,Reta,Não,4,0,1,1,2,0,2,3,-26.25112304,-50.52200317,SPRF-SC,DEL06-SC,UOP04-DEL06-SC,2020
"288914,0",2020-06-08,segunda-feira,14:15:00,SC,282,"388,0",JOACABA,Falta de Atenção à Condução,Saída de leito carroçável,Com Vítimas Feridas,Pleno dia,Crescente,Céu Claro,Simples,Reta,Não,1,0,1,0,0,0,1,1,-27.179003,-51.531616,SPRF-SC,DEL07-SC,UOP05-DEL07-SC,2020
"288927,0",2020-06-08,segunda-feira,15:34:00,SC,101,"208,1",SAO JOSE,Falta de Atenção à Condução,Colisão traseira,Com Vítimas Feridas,Pleno dia,Decrescente,Céu Claro,Múltipla,Reta,Sim,3,0,2,0,1,0,2,3,-27.60327979,-48.63201818,SPRF-SC,DEL01-SC,UOP01-DEL01-SC,2020
"288941,0",2020-06-08,segunda-feira,17:20:00,SC,280,"24,3",ARAQUARI,Falta de Atenção à Condução,Colisão traseira,Com Vítimas Feridas,Pleno dia,Decrescente,Céu Claro,Simples,Reta,Não,3,0,1,0,2,0,1,2,-26.38352781,-48.72677516,SPRF-SC,DEL03-SC,UOP03-DEL03-SC,2020
"288942,0",2020-06-08,segunda-feira,17:00:00,SC,101,"134,0",BALNEARIO CAMBORIU,Não guardar distância de segurança,Colisão traseira,Com Vítimas Feridas,Pleno dia,Decrescente,Céu Claro,Dupla,Reta,Sim,2,0,1,0,1,0,1,2,-27.00218,-48.636433,SPRF-SC,DEL04-SC,UOP03-DEL04-SC,2020
"288948,0",2020-06-08,segunda-feira,18:20:00,SC,282,"16,7",PALHOCA,Desobediência às normas de trânsito pelo condutor,Colisão transversal,Com Vítimas Feridas,Plena Noite,Decrescente,Céu Claro,Simples,Reta,Sim,2,0,1,0,1,0,1,2,-27.665707,-48.688065,SPRF-SC,DEL01-SC,UOP02-DEL01-SC,2020
"288967,0",2020-06-08,segunda-feira,18:45:00,SC,101,"39,5",JOINVILLE,Falta de Atenção à Condução,Colisão traseira,Com Vítimas Feridas,Plena Noite,Crescente,Céu Claro,Dupla,Reta,Sim,5,0,3,0,2,0,3,2,-26.2628107,-48.90192257,SPRF-SC,DEL03-SC,UOP01-DEL03-SC,2020
"288987,0",2020-06-08,segunda-feira,17:30:00,SC,282,"195,9",LAGES,Mal Súbito,Saída de leito carroçável,Com Vítimas Feridas,Anoitecer,Decrescente,Chuva,Simples,Reta,Não,1,0,1,0,0,0,1,1,-27.746756,-50.084789,SPRF-SC,DEL05-SC,UOP01-DEL05-SC,2020
"288990,0",2020-06-08,segunda-feira,18:25:00,SC,282,"219,0",LAGES,Não guardar distância de segurança,Colisão traseira,Com Vítimas Feridas,Plena Noite,Decrescente,Chuva,Dupla,Viaduto,Sim,2,0,1,0,1,0,1,2,-27.795521,-50.323608,SPRF-SC,DEL05-SC,UOP01-DEL05-SC,2020
"288992,0",2020-06-08,segunda-feira,21:00:00,SC,470,"20,0",ILHOTA,Agressão Externa,Saída de leito carroçável,Com Vítimas Feridas,Plena Noite,Decrescente,Nublado,Simples,Reta,Não,2,0,0,1,1,0,1,1,-26.870115,-48.820484,SPRF-SC,DEL04-SC,UOP04-DEL04-SC,2020
"289001,0",2020-06-09,terça-feira,00:01:00,SC,280,"50,0",GUARAMIRIM,Falta de Atenção à Condução,Colisão com objeto estático,Com Vítimas Feridas,Plena Noite,Crescente,Nublado,Simples,Desvio Temporário,Não,1,0,1,0,0,0,1,1,-26.4619489,-48.94618404,SPRF-SC,DEL03-SC,UOP03-DEL03-SC,2020
"289014,0",2020-06-09,terça-feira,06:20:00,SC,470,"64,7",BLUMENAU,Falta de Atenção à Condução,Colisão traseira,Com Vítimas Feridas,Pleno dia,Crescente,Céu Claro,Simples,Reta;Declive,Sim,2,0,1,0,1,0,1,2,-26.869867,-49.201859,SPRF-SC,DEL04-SC,UOP01-DEL04-SC,2020
"289018,0",2020-06-09,terça-feira,06:50:00,SC,101,"212,0",PALHOCA,Desobediência às normas de trânsito pelo condutor,Colisão lateral,Com Vítimas Feridas,Pleno dia,Decrescente,Céu Claro,Dupla,Reta,Sim,3,0,2,0,1,0,2,2,-27.62996929,-48.65903871,SPRF-SC,DEL01-SC,UOP02-DEL01-SC,2020
"289029,0",2020-06-09,terça-feira,08:40:00,SC,101,"226,8",PALHOCA,Defeito Mecânico no Veículo,Tombamento,Com Vítimas Feridas,Pleno dia,Crescente,Céu Claro,Dupla,Reta,Sim,2,0,1,1,0,0,2,1,-27.74200001,-48.63806504,SPRF-SC,DEL01-SC,UOP02-DEL01-SC,2020
"289038,0",2020-06-09,terça-feira,09:35:00,SC,470,"57,2",BLUMENAU,Desobediência às normas de trânsito pelo condutor,Colisão lateral,Com Vítimas Feridas,Pleno dia,Decrescente,Nublado,Simples,Reta;Em Obras,Sim,2,0,1,0,1,0,1,2,-26.88196179,-49.13902402,SPRF-SC,DEL04-SC,UOP01-DEL04-SC,2020
"289051,0",2020-06-09,terça-feira,11:30:00,SC,282,"217,0",LAGES,Desobediência às normas de trânsito pelo condutor,Colisão transversal,Com Vítimas Feridas,Pleno dia,Decrescente,Céu Claro,Simples,Reta,Sim,2,0,1,0,1,0,1,2,-27.79835927,-50.30670762,SPRF-SC,DEL05-SC,UOP01-DEL05-SC,2020
"289056,0",2020-06-09,terça-feira,11:40:00,SC,280,"52,4",GUARAMIRIM,Desobediência às normas de trânsito pelo condutor,Colisão transversal,Com Vítimas Feridas,Pleno dia,Decrescente,Nublado,Simples,Reta,Sim,3,0,1,0,2,0,1,2,-26.468904,-48.96492,SPRF-SC,DEL03-SC,UOP03-DEL03-SC,2020
"289063,0",2020-06-09,terça-feira,13:15:00,SC,101,"213,0",PALHOCA,Não guardar distância de segurança,Colisão lateral,Com Vítimas Feridas,Pleno dia,Decrescente,Nublado,Múltipla,Reta;Declive,Sim,3,0,1,0,1,1,1,3,-27.63697369,-48.66514142,SPRF-SC,DEL01-SC,UOP02-DEL01-SC,2020
"289064,0",2020-06-09,terça-feira,13:00:00,SC,101,"184,9",BIGUACU,Desobediência às normas de trânsito pelo pedestre,Atropelamento de Pedestre,Com Vítimas Fatais,Pleno dia,Decrescente,Nublado,Dupla,Reta,Sim,5,1,0,0,1,3,0,2,-27.41613807,-48.6266443,SPRF-SC,DEL01-SC,UOP01-DEL01-SC,2020
"289089,0",2020-06-09,terça-feira,15:55:00,SC,101,"344,0",TUBARAO,Pista Escorregadia,Saída de leito carroçável,Com Vítimas Feridas,Pleno dia,Decrescente,Chuva,Múltipla,Reta;Retorno Regulamentado,Não,1,0,1,0,0,0,1,1,-28.53647889,-49.0531826,SPRF-SC,DEL02-SC,UOP01-DEL02-SC,2020
"289108,0",2020-06-09,terça-feira,18:30:00,SC,280,"53,0",GUARAMIRIM,Falta de Atenção à Condução,Colisão lateral,Com Vítimas Feridas,Plena Noite,Decrescente,Chuva,Simples,Reta,Sim,2,0,1,0,1,0,1,2,-26.47236756,-48.97426617,SPRF-SC,DEL03-SC,UOP03-DEL03-SC,2020
"289111,0",2020-06-09,terça-feira,18:40:00,SC,282,"16,3",PALHOCA,Falta de Atenção à Condução,Colisão transversal,Com Vítimas Feridas,Plena Noite,Crescente,Garoa/Chuvisco,Simples,Reta,Sim,2,0,0,2,0,0,2,2,-27.658611,-48.681847,SPRF-SC,DEL01-SC,UOP02-DEL01-SC,2020
"289112,0",2020-06-09,terça-feira,14:40:00,SC,470,"69,0",INDAIAL,Falta de Atenção à Condução,Colisão transversal,Com Vítimas Feridas,Pleno dia,Decrescente,Nublado,Simples,Reta,Não,2,0,1,0,0,1,1,2,-26.883745,-49.246704,SPRF-SC,DEL04-SC,UOP01-DEL04-SC,2020
"289113,0",2020-06-09,terça-feira,18:15:00,SC,282,"17,0",PALHOCA,Desobediência às normas de trânsito pelo condutor,Colisão frontal,Com Vítimas Feridas,Plena Noite,Crescente,Chuva,Simples,Reta,Sim,2,0,0,1,1,0,1,2,-27.665707,-48.688065,SPRF-SC,DEL01-SC,UOP02-DEL01-SC,2020
"289118,0",2020-06-09,terça-feira,19:20:00,SC,470,"39,9",GASPAR,Sinalização da via insuficiente ou inadequada,Colisão lateral,Com Vítimas Feridas,Plena Noite,Decrescente,Chuva,Simples,Reta,Não,3,0,1,0,2,0,1,2,-26.897341,-48.986881,SPRF-SC,DEL04-SC,UOP01-DEL04-SC,2020
"289120,0",2020-06-09,terça-feira,15:10:00,SC,116,"228,9",CORREIA PINTO,Desobediência às normas de trânsito pelo condutor,Colisão transversal,Com Vítimas Feridas,Pleno dia,Crescente,Chuva,Simples,Interseção de Vias,Não,3,0,1,1,1,0,2,2,-27.66118021,-50.33629775,SPRF-SC,DEL05-SC,UOP03-DEL05-SC,2020
"289143,0",2020-06-09,terça-feira,21:40:00,SC,101,"125,2",ITAJAI,Falta de Atenção à Condução,Saída de leito carroçável,Com Vítimas Feridas,Plena Noite,Crescente,Chuva,Múltipla,Curva,Não,2,0,2,0,0,0,2,1,-26.94886132,-48.68214726,SPRF-SC,DEL04-SC,UOP04-DEL04-SC,2020
"289160,0",2020-06-10,quarta-feira,01:50:00,SC,101,"264,5",PAULO LOPES,Animais na Pista,Atropelamento de Animal,Com Vítimas Feridas,Plena Noite,Decrescente,Nublado,Dupla,Reta,Não,2,0,1,0,1,0,1,1,-28.05149404,-48.71632789,SPRF-SC,DEL02-SC,UOP03-DEL02-SC,2020
"289213,0",2020-06-10,quarta-feira,08:50:00,SC,282,"629,8",IRACEMINHA,Avarias e/ou desgaste excessivo no pneu,Saída de leito carroçável,Com Vítimas Fatais,Pleno dia,Crescente,Chuva,Simples,Curva,Não,1,1,0,0,0,0,0,1,-26.819656,-53.375282,SPRF-SC,DEL07-SC,UOP03-DEL07-SC,2020