id,data_inversa,dia_semana,horario,uf,br,km,municipio,causa_acidente,tipo_acidente,classificacao_acidente,fase_dia,sentido_via,condicao_metereologica,tipo_pista,tracado_via,uso_solo,pessoas,mortos,feridos_leves,feridos_graves,ilesos,ignorados,feridos,veiculos,latitude,longitude,regional,delegacia,uop,ano_arquivo
"289225,0",2020-06-10,quarta-feira,11:15:00,SC,282,"392,7",JOACABA,Falta de Atenção à Condução,Tombamento,Com Vítimas Feridas,Pleno dia,Crescente,Chuva,Simples,Reta,Não,1,0,1,0,0,0,1,1,-27.164942,-51.56567,SPRF-SC,DEL07-SC,UOP05-DEL07-SC,2020
"289298,0",2020-06-10,quarta-feira,17:10:00,SC,101,"117,8",ITAJAI,Falta de Atenção à Condução,Colisão transversal,Com Vítimas Feridas,Anoitecer,Decrescente,Chuva,Dupla,Reta,Sim,2,0,1,0,1,0,1,2,-26.88747187,-48.72252969,SPRF-SC,DEL04-SC,UOP04-DEL04-SC,2020
"289303,0",2020-06-10,quarta-feira,17:55:00,SC,101,"205,0",SAO JOSE,Pista Escorregadia,Tombamento,Com Vítimas Feridas,Plena Noite,Crescente,Chuva,Dupla,Reta,Não,1,0,1,0,0,0,1,1,-27.58313237,-48.61532885,SPRF-SC,DEL01-SC,UOP01-DEL01-SC,2020
"289328,0",2020-06-10,quarta-feira,15:30:00,SC,282,"524,0",XAXIM,Velocidade Incompatível,Saída de leito carroçável,Sem Vítimas,Pleno dia,Crescente,Chuva,Simples,Curva,Sim,1,0,0,0,1,0,0,1,-26.965002,-52.557384,SPRF-SC,DEL07-SC,UOP01-DEL07-SC,2020
"289330,0",2020-06-10,quarta-feira,20:00:00,SC,101,"209,0",SAO JOSE,Não guardar distância de segurança,Colisão traseira,Com Vítimas Feridas,Plena Noite,Crescente,Chuva,Múltipla,Reta,Não,4,0,1,0,2,1,1,3,-27.61000542,-48.63895057,SPRF-SC,DEL01-SC,UOP01-DEL01-SC,2020
"289350,0",2020-06-10,quarta-feira,19:35:00,SC,101,"334,0",TUBARAO,Falta de Atenção à Condução,Colisão traseira,Sem Vítimas,Plena Noite,Crescente,Chuva,Dupla,Aclive,Sim,2,0,0,0,2,0,0,2,-28.46730446,-49.00604302,SPRF-SC,DEL02-SC,UOP01-DEL02-SC,2020
"289352,0",2020-06-10,quarta-feira,21:00:00,SC,101,"192,4",BIGUACU,Pista Escorregadia,Colisão com objeto estático,Com Vítimas Feridas,Plena Noite,Crescente,Garoa/Chuvisco,Múltipla,Curva,Sim,1,0,1,0,0,0,1,1,-27.48443781,-48.64765238,SPRF-SC,DEL01-SC,UOP01-DEL01-SC,2020
"289365,0",2020-06-10,quarta-feira,15:00:00,SC,280,"278,0",IRINEOPOLIS,Velocidade Incompatível,Capotamento,Com Vítimas Feridas,Pleno dia,Decrescente,Chuva,Simples,Curva,Não,2,0,2,0,0,0,2,1,-26.2958523,-50.80924007,SPRF-SC,DEL06-SC,UOP04-DEL06-SC,2020
"289368,0",2020-06-10,quarta-feira,20:45:00,SC,101,"127,0",ITAJAI,Velocidade Incompatível,Saída de leito carroçável,Sem Vítimas,Plena Noite,Crescente,Chuva,Dupla,Curva,Não,1,0,0,0,0,1,0,1,-26.9639319,-48.68328024,SPRF-SC,DEL04-SC,UOP04-DEL04-SC,2020
"289370,0",2020-06-10,quarta-feira,21:40:00,SC,101,"129,0",BALNEARIO CAMBORIU,Falta de Atenção à Condução,Capotamento,Com Vítimas Feridas,Plena Noite,Decrescente,Chuva,Dupla,Curva,Não,2,0,2,0,0,0,2,1,-26.98064277,-48.6790679,SPRF-SC,DEL04-SC,UOP03-DEL04-SC,2020
"289377,0",2020-06-10,quarta-feira,21:20:00,SC,101,"2,0",GARUVA,Falta de Atenção à Condução,Colisão com objeto estático,Com Vítimas Feridas,Plena Noite,Crescente,Nublado,Dupla,Reta,Não,1,0,1,0,0,0,1,1,-25.99699834,-48.87891655,SPRF-SC,DEL03-SC,UOP01-DEL03-SC,2020
"289383,0",2020-06-11,quinta-feira,00:30:00,SC,101,"115,7",ITAJAI,Ingestão de Álcool,Saída de leito carroçável,Sem Vítimas,Plena Noite,Decrescente,Garoa/Chuvisco,Dupla,Reta,Não,1,0,0,0,1,0,0,1,-26.87064015,-48.72954134,SPRF-SC,DEL04-SC,UOP04-DEL04-SC,2020
"289396,0",2020-06-11,quinta-feira,04:50:00,SC,101,"152,0",ITAPEMA,Pista Escorregadia,Colisão com objeto estático,Com Vítimas Feridas,Plena Noite,Decrescente,Nublado,Simples,Reta,Sim,1,0,1,0,0,0,1,1,-27.13563503,-48.61004665,SPRF-SC,DEL04-SC,UOP03-DEL04-SC,2020
"289397,0",2020-06-11,quinta-feira,04:40:00,SC,101,"40,0",JOINVILLE,Ingestão de Álcool,Colisão traseira,Com Vítimas Feridas,Plena Noite,Crescente,Garoa/Chuvisco,Dupla,Reta,Sim,2,0,2,0,0,0,2,2,-26.27176094,-48.89468382,SPRF-SC,DEL03-SC,UOP01-DEL03-SC,2020
"289412,0",2020-06-11,quinta-feira,08:10:00,SC,101,"274,0",IMBITUBA,Desobediência às normas de trânsito pelo condutor,Colisão lateral,Com Vítimas Feridas,Pleno dia,Decrescente,Nublado,Dupla,Reta,Sim,4,0,2,0,1,1,2,2,-28.129852,-48.69322,SPRF-SC,DEL02-SC,UOP03-DEL02-SC,2020
"289424,0",2020-06-11,quinta-feira,10:00:00,SC,101,"151,5",ITAPEMA,Desobediência às normas de trânsito pelo condutor,Colisão transversal,Com Vítimas Feridas,Pleno dia,Decrescente,Céu Claro,Simples,Reta,Sim,3,0,1,0,2,0,1,2,-27.126536,-48.609642,SPRF-SC,DEL04-SC,UOP03-DEL04-SC,2020
"289445,0",2020-06-11,quinta-feira,12:05:00,SC,470,"55,8",BLUMENAU,Desobediência às normas de trânsito pelo pedestre,Colisão lateral,Com Vítimas Feridas,Pleno dia,Crescente,Nublado,Simples,Reta,Sim,3,0,2,0,1,0,2,2,-26.875601,-49.117992,SPRF-SC,DEL04-SC,UOP01-DEL04-SC,2020
"289453,0",2020-06-11,quinta-feira,08:40:00,SC,101,"314,0",LAGUNA,Ingestão de Álcool,Colisão frontal,Com Vítimas Fatais,Pleno dia,Crescente,Nublado,Simples,Curva,Sim,2,1,0,0,1,0,0,2,-28.42884521,-48.8502574,SPRF-SC,DEL02-SC,UOP01-DEL02-SC,2020
"289475,0",2020-06-11,quinta-feira,17:05:00,SC,101,"208,0",SAO JOSE,Falta de Atenção à Condução,Colisão traseira,Com Vítimas Feridas,Pleno dia,Decrescente,Céu Claro,Múltipla,Reta,Sim,3,0,1,0,1,1,1,3,-27.60327979,-48.63201818,SPRF-SC,DEL01-SC,UOP01-DEL01-SC,2020
"289477,0",2020-06-11,quinta-feira,16:55:00,SC,282,"23,5",PALHOCA,Falta de Atenção à Condução,Colisão transversal,Sem Vítimas,Pleno dia,Decrescente,Céu Claro,Simples,Reta,Sim,2,0,0,0,2,0,0,2,-27.687958,-48.736794,SPRF-SC,DEL01-SC,UOP03-DEL01-SC,2020
"289506,0",2020-05-14,quinta-feira,09:15:00,SC,280,"55,5",GUARAMIRIM,Defeito na Via,Tombamento,Com Vítimas Feridas,Pleno dia,Crescente,Ignorado,Simples,Rotatória,Não,1,0,1,0,0,0,1,1,-26.47910111,-49.00125504,SPRF-SC,DEL03-SC,UOP03-DEL03-SC,2020
"289508,0",2020-06-11,quinta-feira,19:20:00,SC,101,"333,7",TUBARAO,Falta de Atenção à Condução,Colisão transversal,Com Vítimas Feridas,Plena Noite,Decrescente,Céu Claro,Dupla,Rotatória,Sim,2,0,1,0,1,0,1,2,-28.46970989,-49.0150094,SPRF-SC,DEL02-SC,UOP01-DEL02-SC,2020
"289520,0",2020-06-11,quinta-feira,20:00:00,SC,101,"111,0",ITAJAI,Falta de Atenção à Condução,Queda de ocupante de veículo,Com Vítimas Feridas,Plena Noite,Decrescente,Nublado,Simples,Curva,Não,2,0,1,1,0,0,2,1,-26.83955734,-48.71418074,SPRF-SC,DEL04-SC,UOP04-DEL04-SC,2020
"289531,0",2020-06-11,quinta-feira,19:20:00,SC,280,"101,0",CORUPA,Velocidade Incompatível,Capotamento,Sem Vítimas,Plena Noite,Decrescente,Nublado,Simples,Curva;Declive,Não,2,0,0,0,2,0,0,1,-26.3647522,-49.33526222,SPRF-SC,DEL06-SC,UOP03-DEL06-SC,2020
"289540,0",2020-06-11,quinta-feira,21:30:00,SC,282,"527,9",CORDILHEIRA ALTA,Ingestão de Álcool,Tombamento,Com Vítimas Feridas,Plena Noite,Decrescente,Nublado,Simples,Curva,Não,1,0,0,1,0,0,1,1,-26.97691027,-52.5882268,SPRF-SC,DEL07-SC,UOP01-DEL07-SC,2020
"289542,0",2020-06-11,quinta-feira,22:50:00,SC,101,"210,6",SAO JOSE,Ingestão de Álcool,Colisão transversal,Com Vítimas Feridas,Plena Noite,Crescente,Céu Claro,Dupla,Reta,Sim,2,0,2,0,0,0,2,2,-27.6167305,-48.6457265,SPRF-SC,DEL01-SC,UOP01-DEL01-SC,2020
"289545,0",2020-06-11,quinta-feira,23:00:00,SC,470,"135,1",RIO DO SUL,Falta de Atenção à Condução,Saída de leito carroçável,Com Vítimas Feridas,Plena Noite,Decrescente,Nublado,Simples,Reta,Sim,1,0,1,0,0,0,1,1,-27.188492,-49.61232,SPRF-SC,DEL04-SC,UOP02-DEL04-SC,2020
"289558,0",2020-06-11,quinta-feira,21:00:00,SC,101,"207,0",SAO JOSE,Falta de Atenção à Condução,Tombamento,Com Vítimas Feridas,Plena Noite,Crescente,Céu Claro,Múltipla,Aclive,Sim,1,0,1,0,0,0,1,1,-27.60001226,-48.6226467,SPRF-SC,DEL01-SC,UOP01-DEL01-SC,2020
"289563,0",2020-06-12,sexta-feira,06:50:00,SC,101,"192,0",BIGUACU,Defeito Mecânico no Veículo,Tombamento,Com Vítimas Feridas,Pleno dia,Crescente,Céu Claro,Dupla,Reta,Sim,1,0,1,0,0,0,1,1,-27.48443781,-48.64765238,SPRF-SC,DEL01-SC,UOP01-DEL01-SC,2020
"289568,0",2020-06-12,sexta-feira,06:00:00,SC,101,"206,0",SAO JOSE,Falta de Atenção à Condução,Colisão traseira,Sem Vítimas,Amanhecer,Crescente,Céu Claro,Dupla,Aclive,Sim,2,0,0,0,2,0,0,2,-27.59193546,-48.61824557,SPRF-SC,DEL01-SC,UOP01-DEL01-SC,2020
"289585,0",2020-06-12,sexta-feira,07:40:00,SC,101,"132,6",BALNEARIO CAMBORIU,Defeito Mecânico no Veículo,Incêndio,Sem Vítimas,Pleno dia,Crescente,Céu Claro,Múltipla,Reta,Sim,1,0,0,0,1,0,0,1,-26.99654133,-48.65564711,SPRF-SC,DEL04-SC,UOP03-DEL04-SC,2020
"289602,0",2020-06-12,sexta-feira,09:00:00,SC,280,"255,2",CANOINHAS,Condutor Dormindo,Saída de leito carroçável,Com Vítimas Feridas,Pleno dia,Crescente,Nevoeiro/Neblina,Simples,Reta,Não,6,0,5,0,1,0,5,1,-26.2652989,-50.58881498,SPRF-SC,DEL06-SC,UOP04-DEL06-SC,2020
"289614,0",2020-06-12,sexta-feira,13:45:00,SC,280,"53,5",GUARAMIRIM,Falta de Atenção à Condução,Colisão transversal,Com Vítimas Feridas,Pleno dia,Crescente,Céu Claro,Simples,Reta,Sim,2,0,0,1,1,0,1,2,-26.47236756,-48.97426617,SPRF-SC,DEL03-SC,UOP03-DEL03-SC,2020
"289619,0",2020-06-12,sexta-feira,14:00:00,SC,101,"435,5",SOMBRIO,Falta de Atenção à Condução,Atropelamento de Pedestre,Com Vítimas Feridas,Pleno dia,Decrescente,Céu Claro,Múltipla,Rotatória,Sim,2,0,1,0,1,0,1,2,-29.11133831,-49.63818312,SPRF-SC,DEL02-SC,UOP02-DEL02-SC,2020
"289622,0",2020-06-12,sexta-feira,14:10:00,SC,101,"334,0",TUBARAO,Desobediência às normas de trânsito pelo condutor,Atropelamento de Pedestre,Com Vítimas Feridas,Pleno dia,Decrescente,Céu Claro,Dupla,Interseção de Vias,Sim,2,0,1,0,1,0,1,2,-28.47079327,-49.01881514,SPRF-SC,DEL02-SC,UOP01-DEL02-SC,2020
"289624,0",2020-06-12,sexta-feira,14:15:00,SC,101,"134,5",BALNEARIO CAMBORIU,Desobediência às normas de trânsito pelo condutor,Colisão transversal,Com Vítimas Feridas,Pleno dia,Crescente,Céu Claro,Múltipla,Interseção de Vias,Não,2,0,0,1,1,0,1,2,-27.00218,-48.636433,SPRF-SC,DEL04-SC,UOP03-DEL04-SC,2020
"289652,0",2020-06-12,sexta-feira,16:20:00,SC,282,"607,0",MARAVILHA,Falta de Atenção à Condução,Colisão transversal,Com Vítimas Feridas,Pleno dia,Crescente,Sol,Simples,Reta,Sim,2,0,0,1,1,0,1,2,-26.772648,-53.2062,SPRF-SC,DEL07-SC,UOP02-DEL07-SC,2020
"289665,0",2020-06-12,sexta-feira,18:20:00,SC,101,"203,5",SAO JOSE,Não guardar distância de segurança,Engavetamento,Com Vítimas Feridas,Pleno dia,Decrescente,Céu Claro,Dupla,Reta,Não,6,0,1,0,4,1,1,5,-27.5650044,-48.61460082,SPRF-SC,DEL01-SC,UOP01-DEL01-SC,2020
"289679,0",2020-06-12,sexta-feira,17:30:00,SC,101,"25,0",JOINVILLE,Falta de Atenção à Condução,Colisão lateral,Com Vítimas Feridas,Anoitecer,Decrescente,Céu Claro,Simples,Reta,Sim,2,0,1,0,1,0,1,2,-26.1834739,-48.9105912,SPRF-SC,DEL03-SC,UOP01-DEL03-SC,2020
"289688,0",2020-06-12,sexta-feira,19:35:00,SC,470,"57,3",BLUMENAU,Desobediência às normas de trânsito pelo condutor,Colisão transversal,Com Vítimas Feridas,Plena Noite,Crescente,Nublado,Simples,Reta,Sim,3,0,0,2,0,1,2,2,-26.880428,-49.136532,SPRF-SC,DEL04-SC,UOP01-DEL04-SC,2020
"289689,0",2020-06-12,sexta-feira,16:00:00,SC,101,"450,5",SANTA ROSA DO SUL,Não guardar distância de segurança,Colisão traseira,Com Vítimas Feridas,Pleno dia,Crescente,Céu Claro,Dupla,Reta,Não,2,0,1,0,1,0,1,2,-29.17229091,-49.74904711,SPRF-SC,DEL02-SC,UOP02-DEL02-SC,2020
"289690,0",2020-06-12,sexta-feira,18:10:00,SC,470,"50,0",BLUMENAU,Desobediência às normas de trânsito pelo condutor,Colisão transversal,Com Vítimas Feridas,Plena Noite,Crescente,Nublado,Simples,Desvio Temporário,Não,2,0,1,1,0,0,2,2,-26.859768,-49.074493,SPRF-SC,DEL04-SC,UOP01-DEL04-SC,2020
"289702,0",2020-06-12,sexta-feira,20:25:00,SC,282,"4,5",SAO JOSE,Falta de Atenção do Pedestre,Atropelamento de Pedestre,Com Vítimas Feridas,Plena Noite,Decrescente,Nublado,Múltipla,Reta,Sim,2,0,0,1,1,0,1,2,-27.592646,-48.604034,SPRF-SC,DEL01-SC,UOP01-DEL01-SC,2020
"289706,0",2020-06-12,sexta-feira,18:30:00,SC,282,"86,9",ALFREDO WAGNER,Velocidade Incompatível,Saída de leito carroçável,Com Vítimas Feridas,Pleno dia,Crescente,Céu Claro,Simples,Curva;Declive,Não,2,0,2,0,0,0,2,1,-27.661551,-49.197906,SPRF-SC,DEL01-SC,UOP03-DEL01-SC,2020
"289727,0",2020-06-12,sexta-feira,23:00:00,SC,282,"522,5",XAXIM,Desobediência às normas de trânsito pelo condutor,Queda de ocupante de veículo,Com Vítimas Feridas,Plena Noite,Decrescente,Céu Claro,Simples,Rotatória,Sim,2,0,0,1,1,0,1,2,-26.95955315,-52.5451827,SPRF-SC,DEL07-SC,UOP01-DEL07-SC,2020
"289738,0",2020-06-12,sexta-feira,21:20:00,SC,101,"269,3",PAULO LOPES,Restrição de Visibilidade,Colisão com objeto estático,Com Vítimas Feridas,Plena Noite,Crescente,Céu Claro,Simples,Curva,Não,2,0,1,1,0,0,2,1,-28.09417595,-48.70917593,SPRF-SC,DEL02-SC,UOP03-DEL02-SC,2020
"289746,0",2020-06-13,sábado,02:45:00,SC,101,"309,0",LAGUNA,Ingestão de Álcool,Capotamento,Com Vítimas Feridas,Plena Noite,Decrescente,Céu Claro,Simples,Reta,Não,2,0,1,0,1,0,1,1,-28.40755485,-48.79169438,SPRF-SC,DEL02-SC,UOP01-DEL02-SC,2020
"289749,0",2020-06-13,sábado,05:30:00,SC,101,"327,6",CAPIVARI DE BAIXO,Ingestão de Álcool,Saída de leito carroçável,Sem Vítimas,Plena Noite,Crescente,Nublado,Múltipla,Aclive,Sim,1,0,0,0,1,0,0,1,-28.43970527,-48.96290649,SPRF-SC,DEL02-SC,UOP01-DEL02-SC,2020
"289766,0",2020-06-13,sábado,08:55:00,SC,101,"333,7",TUBARAO,Desobediência às normas de trânsito pelo condutor,Colisão transversal,Com Vítimas Feridas,Pleno dia,Decrescente,Nublado,Múltipla,Interseção de Vias,Sim,2,0,1,0,1,0,1,2,-28.46630107,-48.99653096,SPRF-SC,DEL02-SC,UOP01-DEL02-SC,2020
"289775,0",2020-06-13,sábado,09:30:00,SC,282,"17,5",PALHOCA,Não guardar distância de segurança,Colisão traseira,Com Vítimas Feridas,Pleno dia,Crescente,Nublado,Simples,Reta,Sim,2,0,1,0,1,0,1,2,-27.665707,-48.688065,SPRF-SC,DEL01-SC,UOP02-DEL01-SC,2020
"289776,0",2020-06-13,sábado,09:30:00,SC,101,"181,0",BIGUACU,Falta de Atenção à Condução,Colisão transversal,Com Vítimas Feridas,Pleno dia,Crescente,Céu Claro,Dupla,Reta,Não,2,0,0,1,1,0,1,2,-27.38958699,-48.63197593,SPRF-SC,DEL01-SC,UOP01-DEL01-SC,2020
"289777,0",2020-06-13,sábado,06:35:00,SC,153,"32,1",PONTE SERRADA,Pista Escorregadia,Colisão com objeto estático,Com Vítimas Feridas,Amanhecer,Crescente,Céu Claro,Simples,Curva,Não,1,0,1,0,0,0,1,1,-26.797146,-51.702705,SPRF-SC,DEL07-SC,UOP07-DEL07-SC,2020
"289784,0",2020-06-13,sábado,09:45:00,SC,282,"388,0",JOACABA,Velocidade Incompatível,Saída de leito carroçável,Sem Vítimas,Pleno dia,Decrescente,Chuva,Simples,Declive;Curva,Não,1,0,0,0,1,0,0,1,-27.179003,-51.531616,SPRF-SC,DEL07-SC,UOP05-DEL07-SC,2020
"289791,0",2020-06-13,sábado,12:10:00,SC,101,"150,0",ITAPEMA,Desobediência às normas de trânsito pelo condutor,Colisão frontal,Com Vítimas Feridas,Pleno dia,Decrescente,Céu Claro,Simples,Reta,Sim,2,0,1,0,1,0,1,2,-27.11744799,-48.60940987,SPRF-SC,DEL04-SC,UOP03-DEL04-SC,2020
"289792,0",2020-06-13,sábado,12:20:00,SC,280,"129,0",RIO NEGRINHO,Desobediência às normas de trânsito pelo condutor,Colisão lateral,Sem Vítimas,Pleno dia,Decrescente,Sol,Simples,Curva;Declive,Sim,2,0,0,0,2,0,0,2,-26.24586437,-49.52284615,SPRF-SC,DEL06-SC,UOP03-DEL06-SC,2020
"289809,0",2020-06-13,sábado,14:30:00,SC,280,"70,5",JARAGUA DO SUL,Ingestão de Álcool,Colisão lateral,Sem Vítimas,Pleno dia,Crescente,Céu Claro,Simples,Reta,Sim,2,0,0,0,2,0,0,2,-26.46522052,-49.12675918,SPRF-SC,DEL03-SC,UOP03-DEL03-SC,2020
"289827,0",2020-06-13,sábado,13:40:00,SC,282,"54,0",AGUAS MORNAS,Falta de Atenção à Condução,Colisão lateral,Com Vítimas Feridas,Pleno dia,Decrescente,Chuva,Simples,Reta,Não,2,0,2,0,0,0,2,2,-27.685799,-48.974514,SPRF-SC,DEL01-SC,UOP03-DEL01-SC,2020
"289832,0",2020-06-13,sábado,17:40:00,SC,280,"126,5",RIO NEGRINHO,Falta de Atenção do Pedestre,Atropelamento de Pedestre,Com Vítimas Feridas,Plena Noite,Crescente,Garoa/Chuvisco,Simples,Reta,Sim,2,0,1,0,1,0,1,2,-26.23779604,-49.49427399,SPRF-SC,DEL06-SC,UOP03-DEL06-SC,2020
"289839,0",2020-06-13,sábado,18:30:00,SC,101,"216,8",PALHOCA,Ingestão de Álcool,Colisão transversal,Com Vítimas Feridas,Plena Noite,Decrescente,Garoa/Chuvisco,Dupla,Reta,Sim,2,0,0,1,1,0,1,2,-27.65981409,-48.67747798,SPRF-SC,DEL01-SC,UOP02-DEL01-SC,2020
"289850,0",2020-06-13,sábado,19:30:00,SC,101,"140,8",ITAPEMA,Velocidade Incompatível,Capotamento,Sem Vítimas,Plena Noite,Crescente,Nublado,Dupla,Curva,Sim,1,0,0,0,1,0,0,1,-27.04761729,-48.59995855,SPRF-SC,DEL04-SC,UOP03-DEL04-SC,2020
"289868,0",2020-06-13,sábado,22:00:00,SC,280,"71,5",JARAGUA DO SUL,Ingestão de Álcool,Colisão frontal,Com Vítimas Feridas,Plena Noite,Crescente,Nublado,Simples,Reta,Sim,2,0,1,0,1,0,1,2,-26.46151693,-49.13480597,SPRF-SC,DEL03-SC,UOP03-DEL03-SC,2020
"289904,0",2020-06-14,domingo,01:30:00,SC,101,"136,5",BALNEARIO CAMBORIU,Falta de Atenção à Condução,Colisão com objeto estático,Sem Vítimas,Plena Noite,Crescente,Nublado,Múltipla,Reta,Sim,2,0,0,0,1,1,0,2,-27.008113,-48.617245,SPRF-SC,DEL04-SC,UOP03-DEL04-SC,2020
"289965,0",2020-06-14,domingo,11:45:00,SC,101,"139,0",BALNEARIO CAMBORIU,Falta de Atenção à Condução,Tombamento,Com Vítimas Feridas,Pleno dia,Crescente,Nublado,Simples,Reta;Aclive,Não,1,0,1,0,0,0,1,1,-27.02982303,-48.60115006,SPRF-SC,DEL04-SC,UOP03-DEL04-SC,2020
"289975,0",2020-06-14,domingo,16:30:00,SC,101,"137,2",BALNEARIO CAMBORIU,Defeito Mecânico no Veículo,Incêndio,Sem Vítimas,Pleno dia,Decrescente,Nublado,Simples,Reta,Sim,1,0,0,0,1,0,0,1,-27.0157238,-48.61192763,SPRF-SC,DEL04-SC,UOP03-DEL04-SC,2020
"289991,0",2020-06-14,domingo,19:00:00,SC,282,"42,5",AGUAS MORNAS,Falta de Atenção à Condução,Colisão transversal,Com Vítimas Feridas,Plena Noite,Crescente,Nublado,Simples,Interseção de Vias,Não,6,0,0,2,3,1,2,3,-27.72077,-48.887478,SPRF-SC,DEL01-SC,UOP03-DEL01-SC,2020
"290001,0",2020-06-14,domingo,14:10:00,SC,101,"215,5",PALHOCA,Desobediência às normas de trânsito pelo condutor,Colisão transversal,Com Vítimas Feridas,Pleno dia,Decrescente,Nublado,Múltipla,Interseção de Vias,Sim,3,0,1,0,2,0,1,3,-27.65589662,-48.67793083,SPRF-SC,DEL01-SC,UOP02-DEL01-SC,2020
"290006,0",2020-06-14,domingo,20:10:00,SC,470,"135,8",RIO DO SUL,Ultrapassagem Indevida,Colisão lateral,Com Vítimas Feridas,Plena Noite,Crescente,Nublado,Simples,Reta,Não,11,0,1,0,10,0,1,5,-27.188492,-49.61232,SPRF-SC,DEL04-SC,UOP02-DEL04-SC,2020
"290007,0",2020-06-14,domingo,10:40:00,SC,101,"413,0",ARARANGUA,Mal Súbito,Saída de leito carroçável,Com Vítimas Feridas,Pleno dia,Decrescente,Céu Claro,Dupla,Curva,Sim,2,0,1,1,0,0,2,1,-28.95032546,-49.53140974,SPRF-SC,DEL02-SC,UOP02-DEL02-SC,2020
"290010,0",2020-06-14,domingo,17:40:00,SC,116,"246,1",LAGES,Desobediência às normas de trânsito pelo condutor,Colisão transversal,Com Vítimas Feridas,Plena Noite,Crescente,Céu Claro,Simples,Interseção de Vias,Sim,3,0,1,0,1,1,1,2,-27.80419942,-50.36509464,SPRF-SC,DEL05-SC,UOP02-DEL05-SC,2020
"290028,0",2020-06-14,domingo,17:40:00,SC,280,"158,3",MAFRA,Animais na Pista,Atropelamento de Animal,Sem Vítimas,Anoitecer,Decrescente,Nublado,Simples,Declive;Reta,Não,2,0,0,0,1,1,0,2,-26.20126023,-49.75160792,SPRF-SC,DEL06-SC,UOP03-DEL06-SC,2020
"290029,0",2020-06-14,domingo,20:50:00,SC,101,"401,0",MARACAJA,Falta de Atenção do Pedestre,Atropelamento de Pedestre,Com Vítimas Fatais,Plena Noite,Crescente,Nublado,Dupla,Reta,Sim,2,1,0,0,1,0,0,2,-28.85594274,-49.44019434,SPRF-SC,DEL02-SC,UOP02-DEL02-SC,2020
"290035,0",2020-06-14,domingo,18:30:00,SC,101,"406,0",ARARANGUA,Falta de Atenção à Condução,Colisão traseira,Com Vítimas Feridas,Plena Noite,Decrescente,Ignorado,Dupla,Reta,Não,3,0,0,2,1,0,2,2,-28.89284011,-49.46880088,SPRF-SC,DEL02-SC,UOP02-DEL02-SC,2020
"290042,0",2020-06-14,domingo,22:25:00,SC,470,"50,0",BLUMENAU,Falta de Atenção do Pedestre,Atropelamento de Pedestre,Com Vítimas Feridas,Plena Noite,Crescente,Nublado,Simples,Reta,Não,2,0,1,0,1,0,1,2,-26.859768,-49.074493,SPRF-SC,DEL04-SC,UOP01-DEL04-SC,2020
"290077,0",2020-06-15,segunda-feira,06:00:00,SC,280,"84,5",CORUPA,Desobediência às normas de trânsito pelo condutor,Colisão frontal,Com Vítimas Feridas,Amanhecer,Crescente,Garoa/Chuvisco,Simples,Reta,Não,4,0,0,2,2,0,2,2,-26.43589072,-49.24351466,SPRF-SC,DEL06-SC,UOP03-DEL06-SC,2020
"290106,0",2020-06-15,segunda-feira,10:09:00,SC,470,"0,0",NAVEGANTES,Falta de Atenção à Condução,Queda de ocupante de veículo,Com Vítimas Feridas,Pleno dia,Crescente,Nublado,Dupla,Em Obras,Sim,2,0,2,0,0,0,2,1,-26.88232,-48.66183,SPRF-SC,DEL04-SC,UOP04-DEL04-SC,2020
"290129,0",2020-06-15,segunda-feira,12:00:00,SC,101,"131,0",BALNEARIO CAMBORIU,Falta de Atenção à Condução,Colisão lateral,Com Vítimas Feridas,Pleno dia,Crescente,Sol,Simples,Reta,Sim,2,0,1,0,1,0,1,2,-26.99064209,-48.66310912,SPRF-SC,DEL04-SC,UOP03-DEL04-SC,2020
"290133,0",2020-06-15,segunda-feira,12:30:00,SC,280,"29,0",ARAQUARI,Desobediência às normas de trânsito pelo condutor,Colisão transversal,Com Vítimas Feridas,Pleno dia,Decrescente,Nublado,Simples,Reta,Sim,2,0,0,1,1,0,1,2,-26.41066264,-48.75295628,SPRF-SC,DEL03-SC,UOP03-DEL03-SC,2020
"290178,0",2020-06-15,segunda-feira,17:25:00,SC,470,"69,9",INDAIAL,Desobediência às normas de trânsito pelo condutor,Colisão transversal,Com Vítimas Feridas,Anoitecer,Crescente,Nublado,Simples,Declive,Sim,2,0,0,1,1,0,1,2,-26.88967453,-49.25492764,SPRF-SC,DEL04-SC,UOP01-DEL04-SC,2020
"290196,0",2020-06-15,segunda-feira,18:00:00,SC,282,"501,3",XANXERE,Desobediência às normas de trânsito pelo condutor,Colisão frontal,Com Vítimas Feridas,Anoitecer,Crescente,Céu Claro,Simples,Interseção de Vias,Sim,2,0,1,0,1,0,1,2,-26.882715,-52.381729,SPRF-SC,DEL07-SC,UOP01-DEL07-SC,2020
"290216,0",2020-04-13,segunda-feira,20:20:00,SC,101,"320,7",PESCARIA BRAVA,Defeito Mecânico no Veículo,Incêndio,Sem Vítimas,Plena Noite,Decrescente,Céu Claro,Dupla,Reta,Sim,1,0,0,0,1,0,0,1,-28.42800492,-48.88171497,SPRF-SC,DEL02-SC,UOP01-DEL02-SC,2020
"290229,0",2020-06-16,terça-feira,00:45:00,SC,116,"130,3",SANTA CECILIA,Desobediência às normas de trânsito pelo condutor,Capotamento,Sem Vítimas,Plena Noite,Decrescente,Céu Claro,Simples,Aclive;Curva,Não,2,0,0,0,2,0,0,1,-26.89105589,-50.43451019,SPRF-SC,DEL06-SC,UOP02-DEL06-SC,2020
"290246,0",2020-06-16,terça-feira,07:30:00,SC,101,"214,0",PALHOCA,Falta de Atenção à Condução,Colisão lateral,Com Vítimas Feridas,Pleno dia,Decrescente,Nublado,Múltipla,Reta,Sim,3,0,0,1,2,0,1,3,-27.64443,-48.67057,SPRF-SC,DEL01-SC,UOP02-DEL01-SC,2020