id,data_inversa,dia_semana,horario,uf,br,km,municipio,causa_acidente,tipo_acidente,classificacao_acidente,fase_dia,sentido_via,condicao_metereologica,tipo_pista,tracado_via,uso_solo,pessoas,mortos,feridos_leves,feridos_graves,ilesos,ignorados,feridos,veiculos,latitude,longitude,regional,delegacia,uop,ano_arquivo
"291949,0",2020-06-25,quinta-feira,21:00:00,SC,280,"50,0",GUARAMIRIM,Sinalização da via insuficiente ou inadequada,Colisão com objeto estático,Com Vítimas Feridas,Plena Noite,Crescente,Chuva,Simples,Em Obras,Sim,1,0,1,0,0,0,1,1,-26.4619489,-48.94618404,SPRF-SC,DEL03-SC,UOP03-DEL03-SC,2020
"291973,0",2020-06-05,sexta-feira,07:50:00,SC,101,"141,7",BALNEARIO CAMBORIU,Falta de Atenção à Condução,Colisão frontal,Com Vítimas Fatais,Pleno dia,Decrescente,Chuva,Dupla,Reta,Não,4,1,1,0,1,1,1,3,-27.052939,-48.59802,SPRF-SC,DEL04-SC,UOP03-DEL04-SC,2020
"291998,0",2020-06-26,sexta-feira,07:30:00,SC,282,"28,0",SANTO AMARO DA IMPERATRIZ,Falta de Atenção à Condução,Colisão transversal,Com Vítimas Feridas,Amanhecer,Decrescente,Nublado,Simples,Interseção de Vias,Sim,2,0,1,0,1,0,1,2,-27.67478,-48.778904,SPRF-SC,DEL01-SC,UOP03-DEL01-SC,2020
"292004,0",2020-06-26,sexta-feira,07:50:00,SC,101,"213,5",PALHOCA,Falta de Atenção à Condução,Colisão traseira,Com Vítimas Feridas,Pleno dia,Decrescente,Céu Claro,Múltipla,Reta,Sim,2,0,1,0,1,0,1,2,-27.63697369,-48.66514142,SPRF-SC,DEL01-SC,UOP02-DEL01-SC,2020
"292008,0",2020-06-26,sexta-feira,06:55:00,SC,101,"220,0",PALHOCA,Animais na Pista,Atropelamento de Animal,Com Vítimas Feridas,Pleno dia,Decrescente,Céu Claro,Dupla,Reta,Não,2,0,2,0,0,0,2,1,-27.69198941,-48.66368358,SPRF-SC,DEL01-SC,UOP02-DEL01-SC,2020
"292019,0",2020-06-26,sexta-feira,09:40:00,SC,101,"120,0",ITAJAI,Defeito Mecânico no Veículo,Queda de ocupante de veículo,Com Vítimas Feridas,Pleno dia,Crescente,Nublado,Dupla,Reta,Não,2,0,2,0,0,0,2,1,-26.912758,-48.711998,SPRF-SC,DEL04-SC,UOP04-DEL04-SC,2020
"292040,0",2020-06-26,sexta-feira,11:45:00,SC,101,"412,5",ARARANGUA,Desobediência às normas de trânsito pelo condutor,Colisão transversal,Com Vítimas Feridas,Pleno dia,Crescente,Céu Claro,Simples,Rotatória,Sim,2,0,1,0,1,0,1,2,-28.939333,-49.497513,SPRF-SC,DEL02-SC,UOP02-DEL02-SC,2020
"292042,0",2020-06-26,sexta-feira,11:10:00,SC,282,"216,9",LAGES,Falta de Atenção do Pedestre,Atropelamento de Pedestre,Com Vítimas Feridas,Pleno dia,Decrescente,Céu Claro,Simples,Aclive;Curva,Sim,2,0,0,1,1,0,1,2,-27.797529,-50.291862,SPRF-SC,DEL05-SC,UOP01-DEL05-SC,2020
"292079,0",2020-06-26,sexta-feira,16:20:00,SC,470,"10,0",NAVEGANTES,Mal Súbito,Colisão lateral,Com Vítimas Feridas,Pleno dia,Crescente,Céu Claro,Simples,Reta,Não,2,0,2,0,0,0,2,2,-26.833693,-48.73724,SPRF-SC,DEL04-SC,UOP04-DEL04-SC,2020
"292099,0",2020-06-26,sexta-feira,18:40:00,SC,280,"128,0",RIO NEGRINHO,Falta de Atenção à Condução,Colisão transversal,Com Vítimas Feridas,Plena Noite,Decrescente,Chuva,Simples,Interseção de Vias,Sim,3,0,0,2,1,0,2,3,-26.24317941,-49.51320018,SPRF-SC,DEL06-SC,UOP03-DEL06-SC,2020
"292104,0",2020-06-26,sexta-feira,19:05:00,SC,470,"138,0",RIO DO SUL,Velocidade Incompatível,Colisão transversal,Com Vítimas Feridas,Plena Noite,Crescente,Nublado,Simples,Retorno Regulamentado,Sim,4,0,1,0,2,1,1,3,-27.207214,-49.648476,SPRF-SC,DEL04-SC,UOP02-DEL04-SC,2020
"292109,0",2020-06-26,sexta-feira,16:30:00,SC,280,"98,0",CORUPA,Pista Escorregadia,Colisão frontal,Com Vítimas Feridas,Pleno dia,Decrescente,Garoa/Chuvisco,Simples,Curva,Não,4,0,2,0,2,0,2,2,-26.38347399,-49.32297199,SPRF-SC,DEL06-SC,UOP03-DEL06-SC,2020
"292110,0",2020-06-26,sexta-feira,19:10:00,SC,470,"52,0",BLUMENAU,Falta de Atenção do Pedestre,Colisão transversal,Com Vítimas Feridas,Plena Noite,Crescente,Céu Claro,Simples,Interseção de Vias,Não,2,0,0,1,1,0,1,2,-26.862286,-49.093903,SPRF-SC,DEL04-SC,UOP01-DEL04-SC,2020
"292116,0",2020-06-26,sexta-feira,19:20:00,SC,282,"395,3",JOACABA,Falta de Atenção à Condução,Colisão lateral,Com Vítimas Feridas,Plena Noite,Decrescente,Céu Claro,Simples,Curva,Não,2,0,1,0,1,0,1,2,-27.156887,-51.592079,SPRF-SC,DEL07-SC,UOP05-DEL07-SC,2020
"292146,0",2020-06-26,sexta-feira,22:35:00,SC,101,"205,3",SAO JOSE,Defeito Mecânico no Veículo,Queda de ocupante de veículo,Com Vítimas Feridas,Plena Noite,Decrescente,Nublado,Múltipla,Reta,Sim,2,0,1,0,1,0,1,2,-27.58313237,-48.61532885,SPRF-SC,DEL01-SC,UOP01-DEL01-SC,2020
"292167,0",2020-06-26,sexta-feira,22:00:00,SC,101,"411,0",ARARANGUA,Falta de Atenção à Condução,Saída de leito carroçável,Sem Vítimas,Plena Noite,Crescente,Ignorado,Simples,Rotatória,Sim,1,0,0,0,1,0,0,1,-28.93112097,-49.4940421,SPRF-SC,DEL02-SC,UOP02-DEL02-SC,2020
"292186,0",2020-06-27,sábado,01:15:00,SC,163,"88,7",GUARACIABA,Ingestão de Álcool,Saída de leito carroçável,Com Vítimas Feridas,Plena Noite,Decrescente,Céu Claro,Simples,Curva;Em Obras;Declive,Não,1,0,1,0,0,0,1,1,-26.56377145,-53.50891113,SPRF-SC,DEL07-SC,UOP03-DEL07-SC,2020
"292189,0",2020-06-27,sábado,02:30:00,SC,101,"328,8",TUBARAO,Falta de Atenção à Condução,Colisão com objeto estático,Sem Vítimas,Plena Noite,Decrescente,Céu Claro,Dupla,Ponte,Sim,2,0,0,0,2,0,0,1,-28.45079399,-48.97236764,SPRF-SC,DEL02-SC,UOP01-DEL02-SC,2020
"292199,0",2020-06-27,sábado,05:35:00,SC,282,"215,2",LAGES,Ingestão de álcool e/ou substâncias psicoativas pelo pedestre,Capotamento,Com Vítimas Feridas,Amanhecer,Crescente,Nevoeiro/Neblina,Simples,Rotatória,Sim,4,0,1,0,3,0,1,1,-27.793665,-50.281799,SPRF-SC,DEL05-SC,UOP01-DEL05-SC,2020
"292207,0",2020-06-27,sábado,07:00:00,SC,470,"156,0",TROMBUDO CENTRAL,Pista Escorregadia,Saída de leito carroçável,Com Vítimas Feridas,Amanhecer,Crescente,Garoa/Chuvisco,Simples,Curva,Não,1,0,1,0,0,0,1,1,-27.281332,-49.760201,SPRF-SC,DEL04-SC,UOP02-DEL04-SC,2020
"292274,0",2020-06-27,sábado,13:15:00,SC,282,"49,9",AGUAS MORNAS,Velocidade Incompatível,Colisão com objeto estático,Com Vítimas Feridas,Pleno dia,Crescente,Chuva,Simples,Curva,Não,2,0,2,0,0,0,2,1,-27.712931,-48.943741,SPRF-SC,DEL01-SC,UOP03-DEL01-SC,2020
"292277,0",2020-06-27,sábado,10:45:00,SC,280,"104,0",SAO BENTO DO SUL,Velocidade Incompatível,Saída de leito carroçável,Com Vítimas Feridas,Pleno dia,Decrescente,Garoa/Chuvisco,Simples,Declive;Curva,Não,1,0,1,0,0,0,1,1,-26.36191374,-49.35637984,SPRF-SC,DEL06-SC,UOP03-DEL06-SC,2020
"292286,0",2020-06-27,sábado,13:50:00,SC,101,"103,5",PENHA,Avarias e/ou desgaste excessivo no pneu,Saída de leito carroçável,Sem Vítimas,Pleno dia,Crescente,Chuva,Dupla,Reta,Não,1,0,0,0,1,0,0,1,-26.7832381,-48.68314632,SPRF-SC,DEL03-SC,UOP02-DEL03-SC,2020
"292376,0",2020-06-28,domingo,04:05:00,SC,101,"18,8",JOINVILLE,Pista Escorregadia,Colisão com objeto estático,Com Vítimas Feridas,Plena Noite,Decrescente,Nublado,Dupla,Curva,Não,1,0,1,0,0,0,1,1,-26.13105532,-48.89349461,SPRF-SC,DEL03-SC,UOP01-DEL03-SC,2020
"292382,0",2020-06-28,domingo,06:30:00,SC,470,"145,8",RIO DO SUL,Animais na Pista,Tombamento,Com Vítimas Feridas,Amanhecer,Decrescente,Nublado,Simples,Reta,Não,2,0,1,0,1,0,1,1,-27.237301,-49.682217,SPRF-SC,DEL04-SC,UOP02-DEL04-SC,2020
"292385,0",2020-06-27,sábado,21:50:00,SC,101,"31,0",ARAQUARI,Falta de Atenção à Condução,Saída de leito carroçável,Com Vítimas Feridas,Plena Noite,Decrescente,Nublado,Simples,Declive;Curva,Não,2,0,1,0,1,0,1,1,-26.41912218,-48.77868533,SPRF-SC,DEL03-SC,UOP01-DEL03-SC,2020
"292440,0",2020-06-28,domingo,14:50:00,SC,282,"489,0",FAXINAL DOS GUEDES,Velocidade Incompatível,Saída de leito carroçável,Com Vítimas Feridas,Pleno dia,Decrescente,Céu Claro,Simples,Curva,Não,1,0,0,1,0,0,1,1,-26.870375,-52.274731,SPRF-SC,DEL07-SC,UOP01-DEL07-SC,2020
"292456,0",2020-06-28,domingo,16:30:00,SC,280,"14,8",SAO FRANCISCO DO SUL,Falta de Atenção à Condução,Colisão transversal,Com Vítimas Feridas,Pleno dia,Decrescente,Céu Claro,Simples,Reta,Não,3,0,2,0,1,0,2,2,-26.3301861,-48.65148076,SPRF-SC,DEL03-SC,UOP03-DEL03-SC,2020
"292496,0",2020-06-28,domingo,19:30:00,SC,101,"199,0",SAO JOSE,Ingestão de Álcool,Saída de leito carroçável,Com Vítimas Feridas,Plena Noite,Decrescente,Céu Claro,Dupla,Reta,Sim,1,0,1,0,0,0,1,1,-27.53413705,-48.63003205,SPRF-SC,DEL01-SC,UOP01-DEL01-SC,2020
"292521,0",2020-06-28,domingo,21:15:00,SC,282,"6,0",SAO JOSE,Ingestão de Álcool,Tombamento,Com Vítimas Feridas,Plena Noite,Crescente,Céu Claro,Dupla,Curva,Sim,1,0,1,0,0,0,1,1,-27.591936,-48.618244,SPRF-SC,DEL01-SC,UOP01-DEL01-SC,2020
"292530,0",2020-06-28,domingo,21:00:00,SC,282,"345,0",CAMPOS NOVOS,Ingestão de Álcool,Saída de leito carroçável,Sem Vítimas,Plena Noite,Crescente,Nublado,Simples,Reta,Não,1,0,0,0,1,0,0,1,-27.374619,-51.247044,SPRF-SC,DEL07-SC,UOP06-DEL07-SC,2020
"292537,0",2020-06-28,domingo,21:10:00,SC,101,"326,0",CAPIVARI DE BAIXO,Ingestão de Álcool,Saída de leito carroçável,Sem Vítimas,Plena Noite,Crescente,Nublado,Múltipla,Reta,Sim,2,0,0,0,1,1,0,2,-28.42870841,-48.94220352,SPRF-SC,DEL02-SC,UOP01-DEL02-SC,2020
"292543,0",2020-06-29,segunda-feira,00:05:00,SC,101,"199,8",SAO JOSE,Ingestão de Álcool,Colisão lateral,Com Vítimas Feridas,Plena Noite,Crescente,Céu Claro,Dupla,Declive,Sim,3,0,2,0,1,0,2,2,-27.54018513,-48.62287714,SPRF-SC,DEL01-SC,UOP01-DEL01-SC,2020
"292546,0",2020-06-28,domingo,23:45:00,SC,101,"137,0",BALNEARIO CAMBORIU,Pista Escorregadia,Saída de leito carroçável,Com Vítimas Feridas,Plena Noite,Decrescente,Nublado,Simples,Curva,Sim,2,0,1,0,1,0,1,1,-27.0157238,-48.61192763,SPRF-SC,DEL04-SC,UOP03-DEL04-SC,2020
"292548,0",2020-06-28,domingo,22:50:00,SC,282,"630,0",DESCANSO,Ingestão de Álcool,Colisão com objeto estático,Sem Vítimas,Plena Noite,Crescente,Céu Claro,Simples,Curva;Ponte;Declive,Não,2,0,0,0,2,0,0,2,-26.822149,-53.384697,SPRF-SC,DEL07-SC,UOP03-DEL07-SC,2020
"292559,0",2020-06-28,domingo,15:10:00,SC,101,"322,0",PESCARIA BRAVA,Ingestão de Álcool,Colisão com objeto estático,Sem Vítimas,Pleno dia,Decrescente,Sol,Dupla,Reta,Não,2,0,0,0,2,0,0,1,-28.42491971,-48.90238108,SPRF-SC,DEL02-SC,UOP01-DEL02-SC,2020
"292566,0",2020-06-29,segunda-feira,06:45:00,SC,282,"16,5",PALHOCA,Desobediência às normas de trânsito pelo condutor,Atropelamento de Pedestre,Com Vítimas Feridas,Pleno dia,Crescente,Céu Claro,Simples,Reta,Sim,2,0,0,1,1,0,1,2,-27.658611,-48.681847,SPRF-SC,DEL01-SC,UOP02-DEL01-SC,2020
"292572,0",2020-06-29,segunda-feira,07:15:00,SC,470,"59,1",BLUMENAU,Desobediência às normas de trânsito pelo condutor,Colisão transversal,Com Vítimas Feridas,Pleno dia,Crescente,Céu Claro,Simples,Aclive;Curva,Sim,2,0,1,0,1,0,1,2,-26.882812,-49.1548,SPRF-SC,DEL04-SC,UOP01-DEL04-SC,2020
"292587,0",2020-06-29,segunda-feira,07:40:00,SC,101,"117,2",ITAJAI,Falta de Atenção à Condução,Colisão lateral,Com Vítimas Feridas,Pleno dia,Crescente,Nublado,Múltipla,Reta,Sim,2,0,1,0,1,0,1,2,-26.88747187,-48.72252969,SPRF-SC,DEL04-SC,UOP04-DEL04-SC,2020
"292595,0",2020-06-29,segunda-feira,08:30:00,SC,101,"153,7",PORTO BELO,Defeito Mecânico no Veículo,Tombamento,Com Vítimas Feridas,Pleno dia,Crescente,Nublado,Dupla,Reta,Sim,2,0,0,1,1,0,1,1,-27.14086801,-48.61028016,SPRF-SC,DEL04-SC,UOP03-DEL04-SC,2020
"292597,0",2020-06-29,segunda-feira,08:45:00,SC,282,"345,0",CAMPOS NOVOS,Velocidade Incompatível,Queda de ocupante de veículo,Com Vítimas Feridas,Pleno dia,Decrescente,Céu Claro,Simples,Curva,Sim,1,0,1,0,0,0,1,1,-27.374619,-51.247044,SPRF-SC,DEL07-SC,UOP06-DEL07-SC,2020
"292606,0",2020-06-17,quarta-feira,16:10:00,SC,282,"588,5",SAUDADES,Falta de Atenção à Condução,Colisão traseira,Com Vítimas Feridas,Pleno dia,Crescente,Céu Claro,Simples,Curva,Não,7,0,2,0,4,1,2,4,-26.826273,-53.052547,SPRF-SC,DEL07-SC,UOP02-DEL07-SC,2020
"292633,0",2020-06-29,segunda-feira,14:20:00,SC,101,"39,4",JOINVILLE,Falta de Atenção à Condução,Tombamento,Com Vítimas Feridas,Pleno dia,Crescente,Chuva,Dupla,Interseção de Vias,Sim,1,0,1,0,0,0,1,1,-26.2628107,-48.90192257,SPRF-SC,DEL03-SC,UOP01-DEL03-SC,2020
"292647,0",2020-06-29,segunda-feira,16:38:00,SC,101,"139,0",BALNEARIO CAMBORIU,Velocidade Incompatível,Saída de leito carroçável,Com Vítimas Feridas,Pleno dia,Crescente,Chuva,Dupla,Curva,Sim,3,0,1,0,1,1,1,3,-27.02982303,-48.60115006,SPRF-SC,DEL04-SC,UOP03-DEL04-SC,2020
"292656,0",2020-06-29,segunda-feira,17:50:00,SC,280,"32,8",ARAQUARI,Falta de Atenção à Condução,Colisão traseira,Com Vítimas Feridas,Plena Noite,Decrescente,Garoa/Chuvisco,Simples,Reta,Não,3,0,0,1,2,0,1,3,-26.42521551,-48.78655694,SPRF-SC,DEL03-SC,UOP03-DEL03-SC,2020
"292664,0",2020-06-29,segunda-feira,12:45:00,SC,116,"53,9",PAPANDUVA,Falta de Atenção à Condução,Colisão transversal,Com Vítimas Feridas,Pleno dia,Decrescente,Nublado,Simples,Rotatória,Não,2,0,0,1,1,0,1,2,-26.39506035,-50.16253352,SPRF-SC,DEL06-SC,UOP02-DEL06-SC,2020
"292689,0",2020-06-29,segunda-feira,18:15:00,SC,282,"473,7",VARGEAO,Falta de Atenção à Condução,Colisão traseira,Sem Vítimas,Plena Noite,Crescente,Garoa/Chuvisco,Simples,Curva,Não,3,0,0,0,3,0,0,3,-26.871765,-52.146477,SPRF-SC,DEL07-SC,UOP01-DEL07-SC,2020
"292700,0",2020-06-29,segunda-feira,21:23:00,SC,101,"288,0",IMBITUBA,Desobediência às normas de trânsito pelo condutor,Colisão transversal,Com Vítimas Feridas,Plena Noite,Decrescente,Nublado,Simples,Interseção de Vias,Sim,4,0,1,0,3,0,1,2,-28.24598003,-48.70010284,SPRF-SC,DEL02-SC,UOP03-DEL02-SC,2020
"292741,0",2020-06-28,domingo,20:00:00,SC,282,"573,0",PINHALZINHO,Falta de Atenção à Condução,Saída de leito carroçável,Com Vítimas Feridas,Plena Noite,Decrescente,Céu Claro,Simples,Em Obras,Não,2,0,0,1,0,1,1,1,-26.872942,-52.956654,SPRF-SC,DEL07-SC,UOP02-DEL07-SC,2020
"292755,0",2020-06-30,terça-feira,08:00:00,SC,280,"231,0",CANOINHAS,Velocidade Incompatível,Tombamento,Com Vítimas Feridas,Pleno dia,Decrescente,Céu Claro,Simples,Reta,Sim,1,0,1,0,0,0,1,1,-26.1893047,-50.37170989,SPRF-SC,DEL06-SC,UOP04-DEL06-SC,2020
"292764,0",2020-06-30,terça-feira,09:45:00,SC,282,"43,9",AGUAS MORNAS,Pista Escorregadia,Saída de leito carroçável,Com Vítimas Feridas,Pleno dia,Crescente,Chuva,Simples,Aclive;Reta,Não,3,0,1,1,0,1,2,2,-27.69010592,-48.98212954,SPRF-SC,DEL01-SC,UOP03-DEL01-SC,2020
"292766,0",2020-06-30,terça-feira,11:30:00,SC,282,"43,7",AGUAS MORNAS,Não guardar distância de segurança,Colisão traseira,Sem Vítimas,Pleno dia,Crescente,Nublado,Simples,Reta,Não,2,0,0,0,2,0,0,2,-27.719458,-48.897526,SPRF-SC,DEL01-SC,UOP03-DEL01-SC,2020
"292777,0",2020-06-30,terça-feira,14:05:00,SC,101,"133,8",BALNEARIO CAMBORIU,Falta de Atenção à Condução,Colisão transversal,Com Vítimas Feridas,Pleno dia,Crescente,Céu Claro,Simples,Interseção de Vias,Não,2,0,1,0,1,0,1,2,-26.99936,-48.64609,SPRF-SC,DEL04-SC,UOP03-DEL04-SC,2020
"292789,0",2020-06-30,terça-feira,15:05:00,SC,116,"51,4",PAPANDUVA,Fenômenos da Natureza,Saída de leito carroçável,Com Vítimas Fatais,Pleno dia,Crescente,Vento,Simples,Curva,Não,1,1,0,0,0,0,0,1,-26.38737542,-50.13949871,SPRF-SC,DEL06-SC,UOP01-DEL06-SC,2020
"292826,0",2020-06-30,terça-feira,17:15:00,SC,470,"90,0",ASCURRA,Ingestão de Álcool,Colisão traseira,Com Vítimas Feridas,Anoitecer,Crescente,Chuva,Simples,Reta,Não,3,0,1,0,2,0,1,3,-26.969337,-49.367718,SPRF-SC,DEL04-SC,UOP01-DEL04-SC,2020
"292829,0",2020-06-30,terça-feira,19:00:00,SC,101,"192,1",BIGUACU,Falta de Atenção do Pedestre,Atropelamento de Pedestre,Com Vítimas Fatais,Plena Noite,Decrescente,Nublado,Dupla,Reta,Sim,2,1,0,0,1,0,0,2,-27.48443781,-48.64765238,SPRF-SC,DEL01-SC,UOP01-DEL01-SC,2020
"292830,0",2020-06-06,sábado,17:00:00,SC,470,"0,1",GASPAR,Desobediência às normas de trânsito pelo condutor,Colisão frontal,Com Vítimas Feridas,Pleno dia,Crescente,Ignorado,Simples,Reta,Sim,2,0,1,0,1,0,1,2,-26.91375452,-48.96004113,SPRF-SC,DEL04-SC,UOP01-DEL04-SC,2020
"292838,0",2020-06-30,terça-feira,08:30:00,SC,282,"143,0",BOM RETIRO,Condutor Dormindo,Saída de leito carroçável,Com Vítimas Feridas,Pleno dia,Decrescente,Nublado,Simples,Reta,Não,1,0,1,0,0,0,1,1,-27.811066,-49.615063,SPRF-SC,DEL05-SC,UOP01-DEL05-SC,2020
"292855,0",2020-06-30,terça-feira,19:00:00,SC,101,"187,2",BIGUACU,Objeto estático sobre o leito carroçável,Colisão com objeto estático,Com Vítimas Feridas,Plena Noite,Decrescente,Chuva,Dupla,Reta,Sim,6,0,2,1,3,0,3,2,-27.44307116,-48.62848475,SPRF-SC,DEL01-SC,UOP01-DEL01-SC,2020
"292868,0",2020-07-01,quarta-feira,04:50:00,SC,470,"142,0",RIO DO SUL,Pista Escorregadia,Queda de ocupante de veículo,Com Vítimas Feridas,Plena Noite,Decrescente,Céu Claro,Simples,Reta,Não,1,0,0,1,0,0,1,1,-27.229801,-49.6693,SPRF-SC,DEL04-SC,UOP02-DEL04-SC,2020
"292940,0",2020-07-01,quarta-feira,10:50:00,SC,280,"129,0",RIO NEGRINHO,Falta de Atenção à Condução,Colisão transversal,Com Vítimas Feridas,Pleno dia,Crescente,Céu Claro,Simples,Aclive,Sim,2,0,1,0,1,0,1,2,-26.24586437,-49.52284615,SPRF-SC,DEL06-SC,UOP03-DEL06-SC,2020
"292964,0",2020-07-01,quarta-feira,18:50:00,SC,282,"4,4",SAO JOSE,Falta de Atenção à Condução,Colisão traseira,Com Vítimas Feridas,Plena Noite,Crescente,Nublado,Múltipla,Declive,Sim,2,0,1,0,1,0,1,2,-27.592646,-48.604034,SPRF-SC,DEL01-SC,UOP01-DEL01-SC,2020
"292973,0",2020-07-01,quarta-feira,19:30:00,SC,101,"460,9",PASSO DE TORRES,Avarias e/ou desgaste excessivo no pneu,Tombamento,Com Vítimas Feridas,Anoitecer,Crescente,Céu Claro,Dupla,Reta,Sim,2,0,2,0,0,0,2,1,-29.25788799,-49.7565232,SPRF-RS,DEL03-RS,UOP02-DEL03-RS,2020
"292987,0",2020-07-01,quarta-feira,19:20:00,SC,282,"585,0",PINHALZINHO,Velocidade Incompatível,Saída de leito carroçável,Com Vítimas Feridas,Plena Noite,Crescente,Nublado,Simples,Reta;Declive,Não,3,0,2,0,1,0,2,1,-26.831489,-53.02778,SPRF-SC,DEL07-SC,UOP02-DEL07-SC,2020
"292991,0",2020-07-01,quarta-feira,21:55:00,SC,280,"8,9",SAO FRANCISCO DO SUL,Falta de Atenção à Condução,Colisão transversal,Com Vítimas Feridas,Plena Noite,Crescente,Nublado,Simples,Reta,Não,2,0,1,1,0,0,2,2,-26.27887292,-48.64668626,SPRF-SC,DEL03-SC,UOP03-DEL03-SC,2020
"293004,0",2020-07-01,quarta-feira,21:15:00,SC,153,"31,8",AGUA DOCE,Animais na Pista,Atropelamento de Animal,Sem Vítimas,Plena Noite,Crescente,Garoa/Chuvisco,Simples,Curva,Não,1,0,0,0,1,0,0,1,-26.79496,-51.693081,SPRF-SC,DEL07-SC,UOP05-DEL07-SC,2020
"293006,0",2020-07-02,quinta-feira,02:25:00,SC,282,"6,0",SAO JOSE,Ingestão de Álcool,Atropelamento de Pedestre,Com Vítimas Feridas,Plena Noite,Crescente,Nublado,Simples,Curva,Sim,2,0,1,0,1,0,1,2,-27.5865592,-48.61536026,SPRF-SC,DEL01-SC,UOP01-DEL01-SC,2020
"293008,0",2020-07-01,quarta-feira,22:50:00,SC,470,"175,7",POUSO REDONDO,Ingestão de Álcool,Saída de leito carroçável,Sem Vítimas,Plena Noite,Decrescente,Céu Claro,Simples,Curva,Não,1,0,0,0,1,0,0,1,-27.25507785,-49.94404078,SPRF-SC,DEL04-SC,UOP02-DEL04-SC,2020
"293028,0",2020-07-02,quinta-feira,08:10:00,SC,101,"203,0",SAO JOSE,Falta de Atenção à Condução,Colisão traseira,Com Vítimas Feridas,Pleno dia,Crescente,Céu Claro,Dupla,Reta,Sim,3,0,1,0,2,0,1,2,-27.5650044,-48.61460082,SPRF-SC,DEL01-SC,UOP01-DEL01-SC,2020
"293030,0",2020-07-02,quinta-feira,07:30:00,SC,101,"215,9",PALHOCA,Falta de Atenção à Condução,Colisão lateral,Com Vítimas Feridas,Pleno dia,Decrescente,Nublado,Múltipla,Reta,Sim,2,0,1,0,1,0,1,2,-27.65184843,-48.67604941,SPRF-SC,DEL01-SC,UOP02-DEL01-SC,2020
"293064,0",2020-07-02,quinta-feira,12:00:00,SC,101,"225,0",PALHOCA,Falta de Atenção à Condução,Colisão traseira,Com Vítimas Feridas,Pleno dia,Decrescente,Nublado,Dupla,Reta,Não,3,0,2,0,1,0,2,2,-27.73292191,-48.6409567,SPRF-SC,DEL01-SC,UOP02-DEL01-SC,2020
"293066,0",2020-07-02,quinta-feira,07:15:00,SC,282,"428,0",VARGEM BONITA,Velocidade Incompatível,Colisão traseira,Sem Vítimas,Amanhecer,Decrescente,Nublado,Simples,Reta,Não,5,0,0,0,5,0,0,5,-26.975683,-51.780529,SPRF-SC,DEL07-SC,UOP05-DEL07-SC,2020
"293089,0",2020-07-02,quinta-feira,15:30:00,SC,101,"206,9",SAO JOSE,Falta de Atenção à Condução,Colisão traseira,Com Vítimas Feridas,Pleno dia,Decrescente,Nublado,Dupla,Declive,Sim,4,0,3,0,0,1,3,3,-27.59193546,-48.61824557,SPRF-SC,DEL01-SC,UOP01-DEL01-SC,2020
"293113,0",2020-07-02,quinta-feira,18:30:00,SC,101,"214,8",PALHOCA,Falta de Atenção à Condução,Colisão lateral,Com Vítimas Feridas,Plena Noite,Crescente,Nublado,Múltipla,Reta,Sim,2,0,1,0,1,0,1,2,-27.64443,-48.67057,SPRF-SC,DEL01-SC,UOP02-DEL01-SC,2020
"293117,0",2020-07-02,quinta-feira,18:20:00,SC,470,"55,8",BLUMENAU,Desobediência às normas de trânsito pelo condutor,Colisão lateral,Com Vítimas Feridas,Plena Noite,Crescente,Céu Claro,Simples,Reta,Sim,2,0,1,0,1,0,1,2,-26.875601,-49.117992,SPRF-SC,DEL04-SC,UOP01-DEL04-SC,2020
"293165,0",2020-07-02,quinta-feira,23:15:00,SC,101,"363,0",SANGAO,Carga excessiva e/ou mal acondicionada,Colisão com objeto estático,Com Vítimas Feridas,Plena Noite,Crescente,Céu Claro,Dupla,Declive,Não,1,0,1,0,0,0,1,1,-28.6797689,-49.14147556,SPRF-SC,DEL02-SC,UOP01-DEL02-SC,2020
"293168,0",2020-07-02,quinta-feira,23:40:00,SC,282,"493,0",FAXINAL DOS GUEDES,Ingestão de Álcool,Saída de leito carroçável,Sem Vítimas,Plena Noite,Crescente,Céu Claro,Simples,Retorno Regulamentado,Não,1,0,0,0,0,1,0,1,-26.869814,-52.310135,SPRF-SC,DEL07-SC,UOP01-DEL07-SC,2020
"293184,0",2020-07-03,sexta-feira,04:50:00,SC,101,"208,0",SAO JOSE,Não guardar distância de segurança,Colisão frontal,Sem Vítimas,Amanhecer,Crescente,Céu Claro,Múltipla,Aclive,Sim,2,0,0,0,2,0,0,2,-27.60330129,-48.63211778,SPRF-SC,DEL01-SC,UOP01-DEL01-SC,2020
"293188,0",2020-07-03,sexta-feira,06:30:00,SC,101,"212,0",PALHOCA,Falta de Atenção à Condução,Colisão traseira,Com Vítimas Feridas,Amanhecer,Decrescente,Céu Claro,Múltipla,Reta,Sim,5,0,1,1,3,0,2,3,-27.62996929,-48.65903871,SPRF-SC,DEL01-SC,UOP02-DEL01-SC,2020
"293217,0",2020-07-03,sexta-feira,08:50:00,SC,101,"402,1",MARACAJA,Falta de Atenção à Condução,Tombamento,Com Vítimas Feridas,Pleno dia,Decrescente,Céu Claro,Dupla,Curva,Sim,1,0,1,0,0,0,1,1,-28.86330994,-49.44595308,SPRF-SC,DEL02-SC,UOP02-DEL02-SC,2020
"293227,0",2020-06-02,terça-feira,05:00:00,SC,280,"65,9",JARAGUA DO SUL,Falta de Atenção à Condução,Atropelamento de Pedestre,Com Vítimas Feridas,Plena Noite,Crescente,Chuva,Simples,Rotatória,Sim,2,0,1,0,1,0,1,2,-26.47791554,-49.10306633,SPRF-SC,DEL03-SC,UOP03-DEL03-SC,2020