id,data_inversa,dia_semana,horario,uf,br,km,municipio,causa_acidente,tipo_acidente,classificacao_acidente,fase_dia,sentido_via,condicao_metereologica,tipo_pista,tracado_via,uso_solo,pessoas,mortos,feridos_leves,feridos_graves,ilesos,ignorados,feridos,veiculos,latitude,longitude,regional,delegacia,uop,ano_arquivo
"294600,0",2020-07-10,sexta-feira,16:10:00,SC,101,"215,6",PALHOCA,Não guardar distância de segurança,Colisão traseira,Com Vítimas Feridas,Pleno dia,Crescente,Céu Claro,Dupla,Reta,Sim,2,0,1,0,1,0,1,2,-27.65184843,-48.67604941,SPRF-SC,DEL01-SC,UOP02-DEL01-SC,2020
"294615,0",2020-07-10,sexta-feira,16:40:00,SC,101,"208,6",SAO JOSE,Não guardar distância de segurança,Colisão lateral,Com Vítimas Feridas,Pleno dia,Decrescente,Céu Claro,Dupla,Reta,Sim,3,0,2,0,1,0,2,3,-27.60327979,-48.63201818,SPRF-SC,DEL01-SC,UOP01-DEL01-SC,2020
"294630,0",2020-07-10,sexta-feira,18:00:00,SC,101,"120,0",ITAJAI,Falta de Atenção à Condução,Colisão lateral,Com Vítimas Feridas,Anoitecer,Decrescente,Nublado,Dupla,Reta,Sim,4,0,2,0,2,0,2,4,-26.912758,-48.711998,SPRF-SC,DEL04-SC,UOP04-DEL04-SC,2020
"294637,0",2020-07-10,sexta-feira,18:20:00,SC,101,"219,7",PALHOCA,Falta de Atenção à Condução,Queda de ocupante de veículo,Com Vítimas Feridas,Plena Noite,Crescente,Céu Claro,Simples,Curva,Não,1,0,0,1,0,0,1,1,-27.68392194,-48.66710085,SPRF-SC,DEL01-SC,UOP02-DEL01-SC,2020
"294642,0",2020-07-10,sexta-feira,18:45:00,SC,101,"208,7",SAO JOSE,Não guardar distância de segurança,Colisão lateral,Com Vítimas Feridas,Plena Noite,Decrescente,Céu Claro,Múltipla,Aclive;Reta,Sim,3,0,2,0,1,0,2,2,-27.6068545,-48.63555729,SPRF-SC,DEL01-SC,UOP01-DEL01-SC,2020
"294643,0",2020-07-10,sexta-feira,18:40:00,SC,280,"56,3",GUARAMIRIM,Desobediência às normas de trânsito pelo condutor,Colisão transversal,Com Vítimas Feridas,Plena Noite,Decrescente,Nublado,Simples,Reta,Sim,2,0,1,0,1,0,1,2,-26.47947677,-49.00298702,SPRF-SC,DEL03-SC,UOP03-DEL03-SC,2020
"294650,0",2020-07-10,sexta-feira,18:45:00,SC,101,"158,0",PORTO BELO,Defeito na Via,Tombamento,Com Vítimas Feridas,Plena Noite,Decrescente,Céu Claro,Dupla,Reta,Sim,1,0,1,0,0,0,1,1,-27.19096301,-48.61259017,SPRF-SC,DEL04-SC,UOP03-DEL04-SC,2020
"294685,0",2020-07-10,sexta-feira,21:50:00,SC,101,"406,0",ARARANGUA,Falta de Atenção à Condução,Saída de leito carroçável,Com Vítimas Feridas,Plena Noite,Decrescente,Ignorado,Dupla,Reta,Não,2,0,0,1,1,0,1,1,-28.89284011,-49.46880088,SPRF-SC,DEL02-SC,UOP02-DEL02-SC,2020
"294700,0",2020-07-11,sábado,00:10:00,SC,101,"122,5",ITAJAI,Velocidade Incompatível,Colisão traseira,Com Vítimas Feridas,Plena Noite,Crescente,Céu Claro,Dupla,Reta,Sim,2,0,0,1,1,0,1,2,-26.92955916,-48.70499836,SPRF-SC,DEL04-SC,UOP04-DEL04-SC,2020
"294702,0",2020-07-10,sexta-feira,23:50:00,SC,470,"84,7",RODEIO,Ultrapassagem Indevida,Colisão frontal,Com Vítimas Feridas,Plena Noite,Crescente,Nublado,Simples,Reta,Não,3,0,2,0,1,0,2,3,-26.96137,-49.342415,SPRF-SC,DEL04-SC,UOP01-DEL04-SC,2020
"294706,0",2020-07-11,sábado,01:15:00,SC,101,"153,3",PORTO BELO,Velocidade Incompatível,Capotamento,Sem Vítimas,Plena Noite,Decrescente,Céu Claro,Múltipla,Reta,Não,1,0,0,0,0,1,0,1,-27.144717,-48.61063935,SPRF-SC,DEL04-SC,UOP03-DEL04-SC,2020
"294713,0",2020-07-11,sábado,00:05:00,SC,282,"406,0",CATANDUVAS,Restrição de Visibilidade,Atropelamento de Pedestre,Com Vítimas Fatais,Plena Noite,Decrescente,Céu Claro,Simples,Rotatória,Não,2,1,0,0,0,1,0,2,-27.09705568,-51.65346807,SPRF-SC,DEL07-SC,UOP05-DEL07-SC,2020
"294722,0",2020-07-11,sábado,01:15:00,SC,101,"211,6",SAO JOSE,Desobediência às normas de trânsito pelo condutor,Colisão lateral,Com Vítimas Feridas,Plena Noite,Crescente,Céu Claro,Múltipla,Reta,Sim,1,0,1,0,0,0,1,1,-27.62329313,-48.65245588,SPRF-SC,DEL01-SC,UOP02-DEL01-SC,2020
"294729,0",2020-07-11,sábado,00:00:00,SC,280,"54,0",GUARAMIRIM,Falta de Atenção à Condução,Colisão transversal,Com Vítimas Feridas,Plena Noite,Decrescente,Nublado,Simples,Reta,Sim,2,0,0,1,1,0,1,2,-26.475396,-48.985848,SPRF-SC,DEL03-SC,UOP03-DEL03-SC,2020
"294740,0",2020-07-11,sábado,06:50:00,SC,282,"422,0",VARGEM BONITA,Ingestão de Álcool,Saída de leito carroçável,Com Vítimas Feridas,Amanhecer,Crescente,Céu Claro,Simples,Reta,Não,3,0,2,1,0,0,3,1,-27.00627913,-51.73775934,SPRF-SC,DEL07-SC,UOP05-DEL07-SC,2020
"294759,0",2020-07-11,sábado,09:15:00,SC,280,"15,0",SAO FRANCISCO DO SUL,Falta de Atenção à Condução,Colisão frontal,Com Vítimas Feridas,Pleno dia,Crescente,Nublado,Simples,Reta,Não,7,0,3,2,2,0,5,3,-26.33868901,-48.65489598,SPRF-SC,DEL03-SC,UOP03-DEL03-SC,2020
"294762,0",2020-07-11,sábado,08:45:00,SC,470,"55,9",BLUMENAU,Desobediência às normas de trânsito pelo condutor,Colisão transversal,Com Vítimas Feridas,Pleno dia,Crescente,Nublado,Simples,Reta,Sim,2,0,1,0,1,0,1,2,-26.875601,-49.117992,SPRF-SC,DEL04-SC,UOP01-DEL04-SC,2020
"294768,0",2020-07-11,sábado,10:15:00,SC,280,"22,0",ARAQUARI,Falta de Atenção à Condução,Colisão traseira,Com Vítimas Feridas,Pleno dia,Decrescente,Céu Claro,Simples,Reta,Não,4,0,2,0,2,0,2,3,-26.371015,-48.70268,SPRF-SC,DEL03-SC,UOP03-DEL03-SC,2020
"294790,0",2020-07-11,sábado,13:15:00,SC,282,"2,0",SAO JOSE,Falta de Atenção à Condução,Colisão lateral,Com Vítimas Feridas,Pleno dia,Crescente,Garoa/Chuvisco,Dupla,Reta,Sim,3,0,1,0,2,0,1,3,-27.603289,-48.590416,SPRF-SC,DEL01-SC,UOP01-DEL01-SC,2020
"294804,0",2020-07-11,sábado,07:40:00,SC,282,"82,9",ALFREDO WAGNER,Falta de Atenção à Condução,Saída de leito carroçável,Com Vítimas Feridas,Pleno dia,Decrescente,Nublado,Simples,Curva,Não,1,0,1,0,0,0,1,1,-27.662027,-49.178356,SPRF-SC,DEL01-SC,UOP03-DEL01-SC,2020
"294813,0",2020-07-11,sábado,16:15:00,SC,101,"207,0",SAO JOSE,Defeito Mecânico no Veículo,Queda de ocupante de veículo,Com Vítimas Feridas,Pleno dia,Crescente,Chuva,Múltipla,Reta,Sim,2,0,1,0,1,0,1,1,-27.60001226,-48.6226467,SPRF-SC,DEL01-SC,UOP01-DEL01-SC,2020
"294859,0",2020-07-11,sábado,16:15:00,SC,101,"316,0",LAGUNA,Falta de Atenção à Condução,Saída de leito carroçável,Com Vítimas Feridas,Pleno dia,Crescente,Chuva,Múltipla,Curva,Sim,1,0,1,0,0,0,1,1,-28.42904239,-48.84257464,SPRF-SC,DEL02-SC,UOP01-DEL02-SC,2020
"294863,0",2020-07-11,sábado,17:05:00,SC,101,"315,5",PESCARIA BRAVA,Falta de Atenção à Condução,Colisão com objeto estático,Com Vítimas Feridas,Pleno dia,Crescente,Garoa/Chuvisco,Dupla,Viaduto;Curva,Sim,1,0,1,0,0,0,1,1,-28.42510887,-48.85448456,SPRF-SC,DEL02-SC,UOP01-DEL02-SC,2020
"294868,0",2020-07-11,sábado,20:30:00,SC,101,"91,8",BARRA VELHA,Falta de Atenção à Condução,Saída de leito carroçável,Com Vítimas Feridas,Plena Noite,Decrescente,Nublado,Dupla,Reta,Não,1,0,1,0,0,0,1,1,-26.67120698,-48.69011814,SPRF-SC,DEL03-SC,UOP02-DEL03-SC,2020
"294877,0",2020-07-11,sábado,21:00:00,SC,101,"199,0",BIGUACU,Ingestão de Álcool,Tombamento,Com Vítimas Feridas,Plena Noite,Decrescente,Chuva,Dupla,Reta,Sim,1,0,1,0,0,0,1,1,-27.53413705,-48.63003205,SPRF-SC,DEL01-SC,UOP01-DEL01-SC,2020
"294887,0",2020-07-11,sábado,18:00:00,SC,280,"78,2",JARAGUA DO SUL,Falta de Atenção à Condução,Saída de leito carroçável,Com Vítimas Feridas,Plena Noite,Decrescente,Céu Claro,Simples,Reta,Não,2,0,1,0,0,1,1,1,-26.45019273,-49.1935729,SPRF-SC,DEL06-SC,UOP03-DEL06-SC,2020
"294897,0",2020-07-11,sábado,17:15:00,SC,470,"18,0",ILHOTA,Falta de Atenção à Condução,Tombamento,Com Vítimas Feridas,Pleno dia,Crescente,Céu Claro,Simples,Reta,Não,1,0,0,1,0,0,1,1,-26.855534,-48.808922,SPRF-SC,DEL04-SC,UOP04-DEL04-SC,2020
"294900,0",2020-07-11,sábado,19:20:00,SC,101,"179,0",BIGUACU,Falta de Atenção à Condução,Tombamento,Com Vítimas Feridas,Anoitecer,Decrescente,Chuva,Simples,Reta,Sim,1,0,1,0,0,0,1,1,-27.37839619,-48.63059789,SPRF-SC,DEL01-SC,UOP01-DEL01-SC,2020
"294904,0",2020-07-11,sábado,22:45:00,SC,101,"191,0",BIGUACU,Velocidade Incompatível,Colisão com objeto estático,Com Vítimas Feridas,Plena Noite,Decrescente,Chuva,Dupla,Curva,Sim,1,0,1,0,0,0,1,1,-27.47730273,-48.64127329,SPRF-SC,DEL01-SC,UOP01-DEL01-SC,2020
"294912,0",2020-04-07,terça-feira,05:45:00,SC,280,"75,0",JARAGUA DO SUL,Animais na Pista,Capotamento,Com Vítimas Feridas,Pleno dia,Decrescente,Céu Claro,Simples,Reta,Não,1,0,1,0,0,0,1,1,-26.458391,-49.170483,SPRF-SC,DEL03-SC,UOP03-DEL03-SC,2020
"294918,0",2020-07-11,sábado,19:30:00,SC,282,"229,3",SAO JOSE DO CERRITO,Ingestão de Álcool,Colisão frontal,Com Vítimas Feridas,Plena Noite,Decrescente,Garoa/Chuvisco,Simples,Curva,Não,3,0,2,1,0,0,3,2,-27.791073,-50.416897,SPRF-SC,DEL05-SC,UOP02-DEL05-SC,2020
"294928,0",2020-07-12,domingo,01:00:00,SC,470,"3,9",NAVEGANTES,Ingestão de Álcool,Capotamento,Com Vítimas Feridas,Plena Noite,Crescente,Nublado,Simples,Rotatória,Sim,1,0,1,0,0,0,1,1,-26.858588,-48.690637,SPRF-SC,DEL04-SC,UOP04-DEL04-SC,2020
"294931,0",2020-07-12,domingo,01:05:00,SC,470,"52,0",BLUMENAU,Falta de Atenção à Condução,Capotamento,Com Vítimas Feridas,Plena Noite,Crescente,Nublado,Simples,Reta,Sim,2,0,1,0,1,0,1,1,-26.8898333,-48.9906287,SPRF-SC,DEL04-SC,UOP01-DEL04-SC,2020
"294961,0",2020-07-12,domingo,05:00:00,SC,101,"197,0",BIGUACU,Falta de Atenção à Condução,Colisão com objeto estático,Sem Vítimas,Plena Noite,Crescente,Garoa/Chuvisco,Dupla,Reta,Sim,1,0,0,0,0,1,0,1,-27.51844497,-48.63848496,SPRF-SC,DEL01-SC,UOP01-DEL01-SC,2020
"294981,0",2020-06-30,terça-feira,15:30:00,SC,282,"51,0",AGUAS MORNAS,Fenômenos da Natureza,Danos eventuais,Com Vítimas Feridas,Pleno dia,Crescente,Chuva,Simples,Curva,Não,1,0,0,1,0,0,1,1,-27.703712,-48.959267,SPRF-SC,DEL01-SC,UOP03-DEL01-SC,2020
"294994,0",2020-07-12,domingo,11:00:00,SC,470,"32,0",GASPAR,Desobediência às normas de trânsito pelo condutor,Colisão transversal,Com Vítimas Feridas,Pleno dia,Decrescente,Nublado,Dupla,Reta;Em Obras,Sim,4,0,2,0,2,0,2,2,-26.90248645,-48.93322349,SPRF-SC,DEL04-SC,UOP01-DEL04-SC,2020
"295024,0",2020-07-12,domingo,12:00:00,SC,470,"186,2",POUSO REDONDO,Defeito na Via,Tombamento,Com Vítimas Feridas,Pleno dia,Decrescente,Sol,Simples,Curva;Declive,Não,1,0,1,0,0,0,1,1,-27.256105,-50.045559,SPRF-SC,DEL04-SC,UOP02-DEL04-SC,2020
"295038,0",2020-07-12,domingo,14:20:00,SC,101,"397,2",MARACAJA,Avarias e/ou desgaste excessivo no pneu,Colisão com objeto estático,Com Vítimas Feridas,Pleno dia,Decrescente,Nublado,Dupla,Curva,Não,2,0,2,0,0,0,2,1,-28.83036461,-49.41244828,SPRF-SC,DEL02-SC,UOP02-DEL02-SC,2020
"295042,0",2020-07-12,domingo,16:50:00,SC,101,"220,5",PALHOCA,Velocidade Incompatível,Colisão com objeto estático,Com Vítimas Feridas,Pleno dia,Crescente,Céu Claro,Múltipla,Reta,Não,1,0,0,1,0,0,1,1,-27.69198941,-48.66368358,SPRF-SC,DEL01-SC,UOP02-DEL01-SC,2020
"295047,0",2020-07-12,domingo,17:00:00,SC,101,"206,0",SAO JOSE,Falta de Atenção à Condução,Colisão lateral,Com Vítimas Feridas,Pleno dia,Crescente,Céu Claro,Simples,Reta,Sim,2,0,2,0,0,0,2,2,-27.59193546,-48.61824557,SPRF-SC,DEL01-SC,UOP01-DEL01-SC,2020
"295066,0",2020-07-12,domingo,17:45:00,SC,101,"214,0",PALHOCA,Avarias e/ou desgaste excessivo no pneu,Queda de ocupante de veículo,Com Vítimas Feridas,Anoitecer,Crescente,Céu Claro,Múltipla,Reta,Não,1,0,1,0,0,0,1,1,-27.64443,-48.67057,SPRF-SC,DEL01-SC,UOP02-DEL01-SC,2020
"295083,0",2020-07-12,domingo,19:35:00,SC,101,"204,5",SAO JOSE,Falta de Atenção à Condução,Queda de ocupante de veículo,Com Vítimas Feridas,Plena Noite,Decrescente,Nublado,Múltipla,Reta,Sim,1,0,1,0,0,0,1,1,-27.57413014,-48.61363083,SPRF-SC,DEL01-SC,UOP01-DEL01-SC,2020
"295102,0",2020-07-12,domingo,18:30:00,SC,280,"117,0",SAO BENTO DO SUL,Ingestão de Álcool,Saída de leito carroçável,Com Vítimas Feridas,Plena Noite,Decrescente,Céu Claro,Simples,Curva,Não,1,0,1,0,0,0,1,1,-26.2747362,-49.42277912,SPRF-SC,DEL06-SC,UOP03-DEL06-SC,2020
"295104,0",2020-07-12,domingo,21:00:00,SC,470,"66,0",INDAIAL,Ingestão de álcool e/ou substâncias psicoativas pelo pedestre,Atropelamento de Pedestre,Com Vítimas Feridas,Plena Noite,Crescente,Nublado,Simples,Reta,Sim,2,0,1,0,1,0,1,2,-26.87001845,-49.22371745,SPRF-SC,DEL04-SC,UOP01-DEL04-SC,2020
"295113,0",2020-07-12,domingo,20:55:00,SC,470,"57,5",BLUMENAU,Ingestão de Álcool,Colisão lateral,Sem Vítimas,Plena Noite,Crescente,Nublado,Simples,Em Obras;Rotatória,Sim,2,0,0,0,2,0,0,2,-26.88261251,-49.14159894,SPRF-SC,DEL04-SC,UOP01-DEL04-SC,2020
"295116,0",2020-07-12,domingo,19:15:00,SC,280,"142,0",MAFRA,Ingestão de Álcool,Colisão frontal,Com Vítimas Feridas,Plena Noite,Crescente,Nublado,Simples,Curva,Não,4,0,2,2,0,0,4,3,-26.25601107,-49.6228838,SPRF-SC,DEL06-SC,UOP03-DEL06-SC,2020
"295147,0",2020-07-13,segunda-feira,05:10:00,SC,101,"141,0",BALNEARIO CAMBORIU,Ingestão de Substâncias Psicoativas,Atropelamento de Pedestre,Com Vítimas Feridas,Plena Noite,Decrescente,Garoa/Chuvisco,Dupla,Túnel,Não,2,0,1,0,1,0,1,2,-27.04761729,-48.59995855,SPRF-SC,DEL04-SC,UOP03-DEL04-SC,2020
"295159,0",2020-07-13,segunda-feira,06:45:00,SC,280,"51,5",GUARAMIRIM,Falta de Atenção à Condução,Queda de ocupante de veículo,Com Vítimas Feridas,Amanhecer,Crescente,Nublado,Simples,Reta,Sim,1,0,1,0,0,0,1,1,-26.46538871,-48.95544449,SPRF-SC,DEL03-SC,UOP03-DEL03-SC,2020
"295160,0",2020-07-12,domingo,22:30:00,SC,280,"118,0",SAO BENTO DO SUL,Velocidade Incompatível,Saída de leito carroçável,Com Vítimas Feridas,Plena Noite,Crescente,Céu Claro,Simples,Curva,Não,1,0,1,0,0,0,1,1,-26.26608202,-49.42467403,SPRF-SC,DEL06-SC,UOP03-DEL06-SC,2020
"295190,0",2020-07-13,segunda-feira,06:30:00,SC,282,"483,6",FAXINAL DOS GUEDES,Falta de Atenção à Condução,Capotamento,Sem Vítimas,Amanhecer,Decrescente,Nevoeiro/Neblina,Simples,Reta,Não,1,0,0,0,1,0,0,1,-26.861937,-52.227974,SPRF-SC,DEL07-SC,UOP01-DEL07-SC,2020
"295221,0",2020-07-13,segunda-feira,13:15:00,SC,282,"6,0",SAO JOSE,Falta de Atenção à Condução,Colisão lateral,Com Vítimas Feridas,Pleno dia,Decrescente,Chuva,Simples,Curva,Não,2,0,1,0,1,0,1,2,-27.591936,-48.618244,SPRF-SC,DEL01-SC,UOP01-DEL01-SC,2020
"295226,0",2020-07-13,segunda-feira,13:50:00,SC,470,"76,0",INDAIAL,Falta de Atenção à Condução,Colisão lateral,Com Vítimas Feridas,Pleno dia,Decrescente,Nublado,Simples,Reta,Não,2,0,1,0,1,0,1,2,-26.933308,-49.287426,SPRF-SC,DEL04-SC,UOP01-DEL04-SC,2020
"295246,0",2020-07-13,segunda-feira,16:20:00,SC,282,"1,0",FLORIANOPOLIS,Falta de Atenção à Condução,Capotamento,Com Vítimas Feridas,Pleno dia,Crescente,Garoa/Chuvisco,Múltipla,Reta,Sim,2,0,2,0,0,0,2,1,-27.602955,-48.580509,SPRF-SC,DEL01-SC,UOP01-DEL01-SC,2020
"295260,0",2020-07-13,segunda-feira,14:00:00,SC,282,"502,6",XANXERE,Desobediência às normas de trânsito pelo condutor,Colisão transversal,Sem Vítimas,Pleno dia,Crescente,Chuva,Simples,Reta;Interseção de Vias,Sim,2,0,0,0,2,0,0,2,-26.88550423,-52.39351988,SPRF-SC,DEL07-SC,UOP01-DEL07-SC,2020
"295266,0",2020-07-13,segunda-feira,18:10:00,SC,116,"4,4",MAFRA,Não guardar distância de segurança,Colisão lateral,Com Vítimas Feridas,Anoitecer,Decrescente,Chuva,Simples,Reta,Sim,2,0,1,0,1,0,1,2,-26.13834398,-49.81127143,SPRF-SC,DEL06-SC,UOP01-DEL06-SC,2020
"295271,0",2020-07-13,segunda-feira,18:00:00,SC,280,"127,8",RIO NEGRINHO,Desobediência às normas de trânsito pelo condutor,Colisão traseira,Com Vítimas Feridas,Plena Noite,Crescente,Chuva,Simples,Aclive,Sim,4,0,2,0,2,0,2,2,-26.23943953,-49.50420708,SPRF-SC,DEL06-SC,UOP03-DEL06-SC,2020
"295274,0",2020-07-13,segunda-feira,10:05:00,SC,101,"404,3",ARARANGUA,Falta de Atenção à Condução,Capotamento,Com Vítimas Feridas,Pleno dia,Crescente,Nublado,Dupla,Reta,Não,1,0,1,0,0,0,1,1,-28.87801417,-49.45745479,SPRF-SC,DEL02-SC,UOP02-DEL02-SC,2020
"295278,0",2020-07-13,segunda-feira,19:10:00,SC,470,"48,0",BLUMENAU,Falta de Atenção à Condução,Colisão lateral,Com Vítimas Feridas,Plena Noite,Crescente,Chuva,Simples,Reta,Não,2,0,1,0,1,0,1,2,-26.859823,-49.055393,SPRF-SC,DEL04-SC,UOP01-DEL04-SC,2020
"295280,0",2020-07-13,segunda-feira,18:15:00,SC,280,"27,4",ARAQUARI,Ingestão de Álcool,Colisão traseira,Sem Vítimas,Plena Noite,Crescente,Chuva,Simples,Reta,Sim,2,0,0,0,2,0,0,2,-26.4,-48.742,SPRF-SC,DEL03-SC,UOP03-DEL03-SC,2020
"295382,0",2020-07-14,terça-feira,12:45:00,SC,101,"213,1",PALHOCA,Ultrapassagem Indevida,Colisão lateral,Com Vítimas Feridas,Pleno dia,Crescente,Nublado,Múltipla,Reta,Sim,2,0,1,0,1,0,1,2,-27.63697369,-48.66514142,SPRF-SC,DEL01-SC,UOP02-DEL01-SC,2020
"295385,0",2020-07-14,terça-feira,06:40:00,SC,101,"331,5",TUBARAO,Ingestão de Álcool,Colisão com objeto estático,Sem Vítimas,Pleno dia,Crescente,Céu Claro,Simples,Reta,Não,1,0,0,0,1,0,0,1,-28.46265498,-48.99353027,SPRF-SC,DEL02-SC,UOP01-DEL02-SC,2020
"295429,0",2020-07-14,terça-feira,17:25:00,SC,153,"109,5",CONCORDIA,Falta de Atenção à Condução,Colisão traseira,Sem Vítimas,Plena Noite,Crescente,Céu Claro,Simples,Interseção de Vias,Não,2,0,0,0,2,0,0,2,-27.235508,-51.951069,SPRF-SC,DEL07-SC,UOP04-DEL07-SC,2020
"295487,0",2020-07-14,terça-feira,22:55:00,SC,470,"60,0",BLUMENAU,Ingestão de Álcool,Saída de leito carroçável,Com Vítimas Feridas,Plena Noite,Decrescente,Céu Claro,Simples,Reta,Não,2,0,1,0,1,0,1,2,-26.88138,-49.164543,SPRF-SC,DEL04-SC,UOP01-DEL04-SC,2020
"295508,0",2020-07-15,quarta-feira,07:30:00,SC,280,"25,0",ARAQUARI,Falta de Atenção à Condução,Capotamento,Com Vítimas Feridas,Pleno dia,Crescente,Nublado,Simples,Reta,Não,1,0,1,0,0,0,1,1,-26.38352781,-48.72677516,SPRF-SC,DEL03-SC,UOP03-DEL03-SC,2020
"295542,0",2020-07-15,quarta-feira,10:30:00,SC,282,"103,0",ALFREDO WAGNER,Desobediência às normas de trânsito pelo condutor,Colisão frontal,Com Vítimas Fatais,Pleno dia,Crescente,Céu Claro,Simples,Reta,Não,3,1,1,0,0,1,1,3,-27.694868,-49.324345,SPRF-SC,DEL01-SC,UOP03-DEL01-SC,2020
"295552,0",2020-07-15,quarta-feira,13:20:00,SC,101,"214,5",PALHOCA,Desobediência às normas de trânsito pelo condutor,Colisão transversal,Com Vítimas Feridas,Pleno dia,Crescente,Céu Claro,Dupla,Viaduto,Sim,2,0,1,0,1,0,1,2,-27.64443,-48.67057,SPRF-SC,DEL01-SC,UOP02-DEL01-SC,2020
"295563,0",2020-07-15,quarta-feira,14:45:00,SC,470,"59,3",BLUMENAU,Falta de Atenção à Condução,Colisão transversal,Com Vítimas Feridas,Pleno dia,Decrescente,Céu Claro,Simples,Reta;Declive,Sim,2,0,1,0,1,0,1,2,-26.882812,-49.1548,SPRF-SC,DEL04-SC,UOP01-DEL04-SC,2020
"295572,0",2020-07-15,quarta-feira,14:20:00,SC,101,"442,0",SANTA ROSA DO SUL,Falta de Atenção à Condução,Colisão transversal,Com Vítimas Feridas,Pleno dia,Crescente,Sol,Simples,Interseção de Vias,Sim,2,0,1,0,1,0,1,2,-29.12959329,-49.68678391,SPRF-SC,DEL02-SC,UOP02-DEL02-SC,2020
"295596,0",2020-07-15,quarta-feira,19:00:00,SC,101,"204,0",SAO JOSE,Falta de Atenção à Condução,Colisão lateral,Com Vítimas Feridas,Plena Noite,Crescente,Nublado,Dupla,Viaduto,Não,3,0,2,0,1,0,2,3,-27.57413014,-48.61363083,SPRF-SC,DEL01-SC,UOP01-DEL01-SC,2020
"295599,0",2020-07-15,quarta-feira,18:00:00,SC,470,"140,4",RIO DO SUL,Desobediência às normas de trânsito pelo condutor,Colisão traseira,Com Vítimas Feridas,Plena Noite,Decrescente,Céu Claro,Simples,Declive;Reta,Sim,3,0,1,0,2,0,1,2,-27.204898,-49.641205,SPRF-SC,DEL04-SC,UOP02-DEL04-SC,2020
"295604,0",2020-07-15,quarta-feira,18:20:00,SC,280,"152,0",MAFRA,Desobediência às normas de trânsito pelo condutor,Atropelamento de Pedestre,Com Vítimas Feridas,Plena Noite,Decrescente,Nublado,Simples,Curva,Não,3,0,0,1,1,1,1,2,-26.22730215,-49.7063452,SPRF-SC,DEL06-SC,UOP03-DEL06-SC,2020
"295641,0",2020-07-15,quarta-feira,18:47:00,SC,280,"56,0",GUARAMIRIM,Falta de Atenção à Condução,Colisão traseira,Com Vítimas Feridas,Anoitecer,Decrescente,Céu Claro,Simples,Reta,Sim,2,0,0,2,0,0,2,2,-26.47947677,-49.00298702,SPRF-SC,DEL03-SC,UOP03-DEL03-SC,2020
"295655,0",2020-07-16,quinta-feira,06:30:00,SC,101,"353,5",JAGUARUNA,Falta de Atenção à Condução,Saída de leito carroçável,Com Vítimas Feridas,Amanhecer,Decrescente,Céu Claro,Dupla,Reta,Não,1,0,1,0,0,0,1,1,-28.61232036,-49.06197674,SPRF-SC,DEL02-SC,UOP01-DEL02-SC,2020
"295693,0",2020-07-16,quinta-feira,07:35:00,SC,282,"607,4",MARAVILHA,Desobediência às normas de trânsito pelo condutor,Colisão transversal,Com Vítimas Feridas,Pleno dia,Crescente,Sol,Simples,Rotatória,Não,2,0,1,0,1,0,1,2,-26.772648,-53.2062,SPRF-SC,DEL07-SC,UOP02-DEL07-SC,2020
"295694,0",2020-07-16,quinta-feira,12:10:00,SC,101,"333,0",TUBARAO,Mal Súbito,Colisão transversal,Com Vítimas Feridas,Pleno dia,Decrescente,Céu Claro,Simples,Interseção de Vias,Sim,2,0,1,0,1,0,1,2,-28.46630107,-48.99653096,SPRF-SC,DEL02-SC,UOP01-DEL02-SC,2020
"295699,0",2020-07-16,quinta-feira,08:45:00,SC,280,"197,1",MAFRA,Desobediência às normas de trânsito pelo condutor,Colisão transversal,Com Vítimas Feridas,Pleno dia,Decrescente,Céu Claro,Simples,Interseção de Vias,Não,2,0,1,0,1,0,1,2,-26.174815,-50.040124,SPRF-SC,DEL06-SC,UOP01-DEL06-SC,2020
"295713,0",2020-07-16,quinta-feira,09:30:00,SC,101,"335,3",TUBARAO,Falta de Atenção à Condução,Colisão frontal,Com Vítimas Feridas,Pleno dia,Crescente,Nublado,Simples,Rotatória,Sim,3,0,0,1,2,0,1,3,-28.46927473,-49.01557908,SPRF-SC,DEL02-SC,UOP01-DEL02-SC,2020
"295738,0",2020-07-16,quinta-feira,15:30:00,SC,282,"500,0",XANXERE,Defeito Mecânico no Veículo,Tombamento,Com Vítimas Feridas,Pleno dia,Crescente,Nublado,Dupla,Aclive,Sim,1,0,1,0,0,0,1,1,-26.881372,-52.37252,SPRF-SC,DEL07-SC,UOP01-DEL07-SC,2020
"295753,0",2020-07-16,quinta-feira,18:45:00,SC,101,"381,2",ICARA,Pista Escorregadia,Saída de leito carroçável,Com Vítimas Feridas,Plena Noite,Crescente,Chuva,Dupla,Aclive,Não,2,0,2,0,0,0,2,1,-28.7644284,-49.29379981,SPRF-SC,DEL02-SC,UOP02-DEL02-SC,2020
"295762,0",2020-07-16,quinta-feira,21:20:00,SC,101,"97,1",BALNEARIO PICARRAS,Pista Escorregadia,Queda de ocupante de veículo,Com Vítimas Feridas,Plena Noite,Decrescente,Garoa/Chuvisco,Simples,Interseção de Vias,Sim,1,0,1,0,0,0,1,1,-26.72823703,-48.70224928,SPRF-SC,DEL03-SC,UOP02-DEL03-SC,2020
"295764,0",2020-07-16,quinta-feira,20:50:00,SC,101,"298,5",LAGUNA,Não guardar distância de segurança,Colisão lateral,Sem Vítimas,Plena Noite,Crescente,Chuva,Dupla,Reta,Não,2,0,0,0,1,1,0,2,-28.34696466,-48.7363708,SPRF-SC,DEL02-SC,UOP03-DEL02-SC,2020
"295793,0",2020-07-17,sexta-feira,02:50:00,SC,101,"216,9",PALHOCA,Velocidade Incompatível,Saída de leito carroçável,Sem Vítimas,Plena Noite,Decrescente,Chuva,Múltipla,Reta,Não,1,0,0,0,0,1,0,1,-27.65981409,-48.67747798,SPRF-SC,DEL01-SC,UOP02-DEL01-SC,2020