id,data_inversa,dia_semana,horario,uf,br,km,municipio,causa_acidente,tipo_acidente,classificacao_acidente,fase_dia,sentido_via,condicao_metereologica,tipo_pista,tracado_via,uso_solo,pessoas,mortos,feridos_leves,feridos_graves,ilesos,ignorados,feridos,veiculos,latitude,longitude,regional,delegacia,uop,ano_arquivo
"295794,0",2020-07-17,sexta-feira,02:35:00,SC,116,"219,2",CORREIA PINTO,Falta de Atenção à Condução,Saída de leito carroçável,Com Vítimas Feridas,Plena Noite,Crescente,Chuva,Simples,Rotatória,Sim,2,0,1,0,0,1,1,1,-27.57012897,-50.37318791,SPRF-SC,DEL05-SC,UOP03-DEL05-SC,2020
"295797,0",2020-07-17,sexta-feira,05:00:00,SC,282,"2,0",FLORIANOPOLIS,Falta de Atenção à Condução,Tombamento,Com Vítimas Feridas,Plena Noite,Decrescente,Chuva,Múltipla,Reta,Sim,1,0,1,0,0,0,1,1,-27.603289,-48.590416,SPRF-SC,DEL01-SC,UOP01-DEL01-SC,2020
"295798,0",2020-07-16,quinta-feira,10:50:00,SC,470,"91,0",ASCURRA,Animais na Pista,Atropelamento de Animal,Com Vítimas Feridas,Pleno dia,Decrescente,Céu Claro,Simples,Reta,Não,2,0,2,0,0,0,2,1,-26.97769,-49.369198,SPRF-SC,DEL04-SC,UOP01-DEL04-SC,2020
"295807,0",2020-07-17,sexta-feira,07:20:00,SC,101,"207,0",SAO JOSE,Falta de Atenção à Condução,Colisão transversal,Com Vítimas Feridas,Pleno dia,Crescente,Céu Claro,Simples,Interseção de Vias,Não,2,0,1,0,1,0,1,2,-27.60001226,-48.6226467,SPRF-SC,DEL01-SC,UOP01-DEL01-SC,2020
"295812,0",2020-07-17,sexta-feira,07:30:00,SC,470,"2,5",NAVEGANTES,Não guardar distância de segurança,Colisão lateral,Com Vítimas Feridas,Pleno dia,Crescente,Nublado,Dupla,Em Obras,Não,2,0,1,0,0,1,1,2,-26.868551,-48.674831,SPRF-SC,DEL04-SC,UOP04-DEL04-SC,2020
"295831,0",2020-03-17,terça-feira,21:30:00,SC,470,"4,0",NAVEGANTES,Falta de Atenção à Condução,Saída de leito carroçável,Com Vítimas Feridas,Plena Noite,Crescente,Ignorado,Dupla,Em Obras,Sim,1,0,0,1,0,0,1,1,-26.85807385,-48.69312286,SPRF-SC,DEL04-SC,UOP04-DEL04-SC,2020
"295848,0",2020-07-17,sexta-feira,07:30:00,SC,470,"273,6",BRUNOPOLIS,Velocidade Incompatível,Colisão com objeto estático,Com Vítimas Feridas,Pleno dia,Decrescente,Chuva,Simples,Reta,Não,3,0,1,0,2,0,1,1,-27.32579,-50.793224,SPRF-SC,DEL07-SC,UOP06-DEL07-SC,2020
"295861,0",2020-07-17,sexta-feira,11:40:00,SC,282,"669,0",PARAISO,Carga excessiva e/ou mal acondicionada,Saída de leito carroçável,Com Vítimas Feridas,Pleno dia,Decrescente,Céu Claro,Simples,Curva,Não,1,0,1,0,0,0,1,1,-26.637705,-53.634178,SPRF-SC,DEL07-SC,UOP03-DEL07-SC,2020
"295862,0",2020-07-17,sexta-feira,12:15:00,SC,101,"411,0",ARARANGUA,Desobediência às normas de trânsito pelo condutor,Colisão lateral,Com Vítimas Feridas,Pleno dia,Decrescente,Nublado,Simples,Reta,Sim,2,0,1,0,1,0,1,2,-28.93112097,-49.4940421,SPRF-SC,DEL02-SC,UOP02-DEL02-SC,2020
"295876,0",2020-07-17,sexta-feira,10:45:00,SC,153,"74,0",IRANI,Velocidade Incompatível,Saída de leito carroçável,Com Vítimas Feridas,Pleno dia,Decrescente,Céu Claro,Simples,Curva,Não,1,0,1,0,0,0,1,1,-27.0849,-51.909855,SPRF-SC,DEL07-SC,UOP04-DEL07-SC,2020
"295918,0",2020-03-13,sexta-feira,12:20:00,SC,282,"1,0",FLORIANOPOLIS,Defeito Mecânico no Veículo,Queda de ocupante de veículo,Com Vítimas Feridas,Pleno dia,Decrescente,Ignorado,Múltipla,Reta,Sim,2,0,1,1,0,0,2,1,-27.6002152,-48.57624292,SPRF-SC,DEL01-SC,UOP01-DEL01-SC,2020
"295935,0",2020-07-17,sexta-feira,18:45:00,SC,470,"144,5",RIO DO SUL,Falta de Atenção à Condução,Colisão transversal,Com Vítimas Feridas,Plena Noite,Crescente,Nublado,Simples,Reta,Não,3,0,0,2,1,0,2,2,-27.235138,-49.677608,SPRF-SC,DEL04-SC,UOP02-DEL04-SC,2020
"295936,0",2020-07-17,sexta-feira,18:55:00,SC,282,"5,0",SAO JOSE,Não guardar distância de segurança,Tombamento,Com Vítimas Feridas,Plena Noite,Crescente,Céu Claro,Múltipla,Reta,Sim,2,0,1,0,1,0,1,2,-27.588425,-48.612919,SPRF-SC,DEL01-SC,UOP01-DEL01-SC,2020
"295986,0",2020-07-17,sexta-feira,11:00:00,SC,470,"244,3",CURITIBANOS,Velocidade Incompatível,Saída de leito carroçável,Com Vítimas Fatais,Pleno dia,Crescente,Ignorado,Simples,Curva,Não,1,1,0,0,0,0,0,1,-27.314579,-50.515827,SPRF-SC,DEL05-SC,UOP03-DEL05-SC,2020
"295994,0",2020-07-17,sexta-feira,20:00:00,SC,470,"0,5",NAVEGANTES,Ingestão de Álcool,Colisão transversal,Com Vítimas Feridas,Plena Noite,Decrescente,Céu Claro,Dupla,Reta,Sim,2,0,0,1,1,0,1,2,-26.88232,-48.66183,SPRF-SC,DEL04-SC,UOP04-DEL04-SC,2020
"296000,0",2020-07-17,sexta-feira,16:05:00,SC,282,"544,3",CHAPECO,Falta de Atenção à Condução,Colisão lateral,Com Vítimas Feridas,Pleno dia,Decrescente,Sol,Simples,Curva,Não,8,0,5,2,1,0,7,2,-26.999392,-52.717831,SPRF-SC,DEL07-SC,UOP01-DEL07-SC,2020
"296013,0",2020-07-17,sexta-feira,20:45:00,SC,101,"272,9",IMBITUBA,Velocidade Incompatível,Saída de leito carroçável,Sem Vítimas,Plena Noite,Crescente,Nublado,Simples,Rotatória,Sim,1,0,0,0,0,1,0,1,-28.11780197,-48.69928995,SPRF-SC,DEL02-SC,UOP03-DEL02-SC,2020
"296022,0",2020-07-18,sábado,00:40:00,SC,280,"24,0",ARAQUARI,Falta de Atenção à Condução,Colisão com objeto estático,Sem Vítimas,Plena Noite,Decrescente,Nublado,Simples,Reta,Sim,1,0,0,0,1,0,0,1,-26.37724921,-48.71953282,SPRF-SC,DEL03-SC,UOP03-DEL03-SC,2020
"296031,0",2020-07-18,sábado,01:40:00,SC,101,"215,5",PALHOCA,Ingestão de Álcool,Saída de leito carroçável,Sem Vítimas,Plena Noite,Crescente,Nublado,Múltipla,Rotatória;Em Obras,Sim,1,0,0,0,1,0,0,1,-27.65184843,-48.67604941,SPRF-SC,DEL01-SC,UOP02-DEL01-SC,2020
"296033,0",2020-07-18,sábado,01:00:00,SC,101,"327,0",CAPIVARI DE BAIXO,Condutor Dormindo,Saída de leito carroçável,Sem Vítimas,Plena Noite,Crescente,Céu Claro,Simples,Reta,Não,1,0,0,0,0,1,0,1,-28.43023306,-48.95205197,SPRF-SC,DEL02-SC,UOP01-DEL02-SC,2020
"296052,0",2020-07-18,sábado,04:40:00,SC,470,"57,7",BLUMENAU,Falta de Atenção à Condução,Colisão lateral,Com Vítimas Feridas,Plena Noite,Crescente,Nublado,Simples,Interseção de Vias,Sim,2,0,1,0,1,0,1,2,-26.880428,-49.136532,SPRF-SC,DEL04-SC,UOP01-DEL04-SC,2020
"296056,0",2020-07-17,sexta-feira,19:00:00,SC,101,"334,9",TUBARAO,Ingestão de Álcool,Saída de leito carroçável,Sem Vítimas,Anoitecer,Crescente,Céu Claro,Múltipla,Interseção de Vias,Sim,1,0,0,0,1,0,0,1,-28.46730446,-49.00604302,SPRF-SC,DEL02-SC,UOP01-DEL02-SC,2020
"296101,0",2020-07-18,sábado,13:50:00,SC,470,"62,9",INDAIAL,Falta de Atenção à Condução,Colisão transversal,Com Vítimas Feridas,Pleno dia,Crescente,Nublado,Simples,Reta,Sim,2,0,1,0,1,0,1,2,-26.874521,-49.182938,SPRF-SC,DEL04-SC,UOP01-DEL04-SC,2020
"296103,0",2020-07-18,sábado,13:45:00,SC,101,"215,6",PALHOCA,Objeto estático sobre o leito carroçável,Colisão com objeto estático,Com Vítimas Feridas,Pleno dia,Decrescente,Céu Claro,Múltipla,Viaduto,Sim,2,0,2,0,0,0,2,2,-27.65184843,-48.67604941,SPRF-SC,DEL01-SC,UOP02-DEL01-SC,2020
"296128,0",2020-07-18,sábado,15:00:00,SC,101,"215,0",PALHOCA,Defeito Mecânico no Veículo,Incêndio,Sem Vítimas,Pleno dia,Crescente,Sol,Dupla,Reta,Sim,1,0,0,0,1,0,0,1,-27.65184843,-48.67604941,SPRF-SC,DEL01-SC,UOP02-DEL01-SC,2020
"296139,0",2020-07-18,sábado,16:30:00,SC,101,"207,0",SAO JOSE,Não guardar distância de segurança,Queda de ocupante de veículo,Com Vítimas Feridas,Pleno dia,Decrescente,Céu Claro,Dupla,Declive,Sim,2,0,2,0,0,0,2,1,-27.60001226,-48.6226467,SPRF-SC,DEL01-SC,UOP01-DEL01-SC,2020
"296148,0",2020-07-18,sábado,17:33:00,SC,101,"207,7",SAO JOSE,Velocidade Incompatível,Colisão com objeto estático,Com Vítimas Feridas,Pleno dia,Crescente,Céu Claro,Dupla,Reta,Sim,1,0,1,0,0,0,1,1,-27.60327849,-48.63111019,SPRF-SC,DEL01-SC,UOP01-DEL01-SC,2020
"296157,0",2020-07-18,sábado,10:00:00,SC,116,"59,0",PAPANDUVA,Falta de Atenção à Condução,Colisão transversal,Com Vítimas Feridas,Pleno dia,Decrescente,Nevoeiro/Neblina,Simples,Interseção de Vias;Declive,Não,2,0,1,0,1,0,1,2,-26.38187419,-50.21515846,SPRF-SC,DEL06-SC,UOP02-DEL06-SC,2020
"296177,0",2020-07-18,sábado,19:40:00,SC,470,"134,0",RIO DO SUL,Falta de Atenção à Condução,Colisão com objeto estático,Com Vítimas Feridas,Plena Noite,Crescente,Nublado,Simples,Interseção de Vias,Não,1,0,1,0,0,0,1,1,-27.181854,-49.600128,SPRF-SC,DEL04-SC,UOP02-DEL04-SC,2020
"296187,0",2020-07-18,sábado,18:30:00,SC,280,"164,0",MAFRA,Velocidade Incompatível,Queda de ocupante de veículo,Com Vítimas Feridas,Plena Noite,Decrescente,Céu Claro,Simples,Reta,Não,1,0,1,0,0,0,1,1,-26.19131398,-49.80487298,SPRF-SC,DEL06-SC,UOP01-DEL06-SC,2020
"296191,0",2020-07-18,sábado,20:30:00,SC,101,"209,0",SAO JOSE,Ingestão de Álcool,Saída de leito carroçável,Sem Vítimas,Plena Noite,Crescente,Céu Claro,Múltipla,Reta,Sim,1,0,0,0,1,0,0,1,-27.60930823,-48.63794641,SPRF-SC,DEL01-SC,UOP01-DEL01-SC,2020
"296193,0",2020-07-18,sábado,20:50:00,SC,101,"225,6",PALHOCA,Falta de Atenção à Condução,Colisão com objeto estático,Com Vítimas Feridas,Plena Noite,Crescente,Céu Claro,Dupla,Reta,Sim,1,0,1,0,0,0,1,1,-27.73292191,-48.6409567,SPRF-SC,DEL01-SC,UOP02-DEL01-SC,2020
"296201,0",2020-07-18,sábado,17:50:00,SC,280,"80,1",CORUPA,Ingestão de Álcool,Queda de ocupante de veículo,Com Vítimas Feridas,Anoitecer,Crescente,Nevoeiro/Neblina,Simples,Rotatória;Declive,Sim,1,0,1,0,0,0,1,1,-26.44412189,-49.20975187,SPRF-SC,DEL06-SC,UOP03-DEL06-SC,2020
"296206,0",2020-07-18,sábado,15:00:00,SC,280,"95,2",CORUPA,Velocidade Incompatível,Saída de leito carroçável,Com Vítimas Feridas,Pleno dia,Decrescente,Nevoeiro/Neblina,Simples,Curva,Não,1,0,1,0,0,0,1,1,-26.37839479,-49.31732655,SPRF-SC,DEL06-SC,UOP03-DEL06-SC,2020
"296218,0",2020-07-18,sábado,20:00:00,SC,101,"305,0",LAGUNA,Desobediência às normas de trânsito pelo condutor,Colisão transversal,Com Vítimas Feridas,Plena Noite,Crescente,Nublado,Múltipla,Reta,Não,4,0,2,0,2,0,2,2,-28.39793507,-48.78420398,SPRF-SC,DEL02-SC,UOP03-DEL02-SC,2020
"296223,0",2020-07-18,sábado,18:20:00,SC,101,"409,4",ARARANGUA,Falta de Atenção à Condução,Colisão com objeto estático,Com Vítimas Fatais,Plena Noite,Decrescente,Céu Claro,Simples,Ponte,Sim,1,1,0,0,0,0,0,1,-28.93695587,-49.49581146,SPRF-SC,DEL02-SC,UOP02-DEL02-SC,2020
"296226,0",2020-07-18,sábado,23:45:00,SC,282,"0,8",FLORIANOPOLIS,Falta de Atenção do Pedestre,Atropelamento de Pedestre,Com Vítimas Feridas,Plena Noite,Crescente,Nublado,Dupla,Aclive,Sim,2,0,1,1,0,0,2,2,-27.602955,-48.580509,SPRF-SC,DEL01-SC,UOP01-DEL01-SC,2020
"296231,0",2020-07-19,domingo,00:45:00,SC,101,"90,4",BARRA VELHA,Velocidade Incompatível,Saída de leito carroçável,Com Vítimas Feridas,Plena Noite,Decrescente,Nublado,Simples,Curva,Sim,2,0,2,0,0,0,2,1,-26.67263296,-48.69001687,SPRF-SC,DEL03-SC,UOP02-DEL03-SC,2020
"296232,0",2020-07-18,sábado,21:05:00,SC,280,"230,5",CANOINHAS,Sinalização da via insuficiente ou inadequada,Colisão frontal,Com Vítimas Fatais,Plena Noite,Decrescente,Nevoeiro/Neblina,Simples,Reta,Não,2,1,1,0,0,0,1,2,-26.211028,-50.448829,SPRF-SC,DEL06-SC,UOP04-DEL06-SC,2020
"296250,0",2020-07-19,domingo,04:30:00,SC,470,"119,8",IBIRAMA,Falta de Atenção à Condução,Capotamento,Com Vítimas Feridas,Plena Noite,Decrescente,Garoa/Chuvisco,Simples,Reta,Não,1,0,1,0,0,0,1,1,-27.089924,-49.520416,SPRF-SC,DEL04-SC,UOP02-DEL04-SC,2020
"296336,0",2020-07-19,domingo,17:09:00,SC,101,"215,9",PALHOCA,Não guardar distância de segurança,Colisão traseira,Com Vítimas Feridas,Pleno dia,Decrescente,Céu Claro,Múltipla,Reta,Sim,3,0,1,1,1,0,2,2,-27.65184843,-48.67604941,SPRF-SC,DEL01-SC,UOP02-DEL01-SC,2020
"296356,0",2020-07-19,domingo,16:10:00,SC,282,"654,2",SAO MIGUEL DO OESTE,Desobediência às normas de trânsito pelo condutor,Colisão lateral,Com Vítimas Feridas,Pleno dia,Decrescente,Céu Claro,Simples,Reta,Não,4,0,4,0,0,0,4,2,-26.70812,-53.522144,SPRF-SC,DEL07-SC,UOP03-DEL07-SC,2020
"296366,0",2020-07-19,domingo,15:30:00,SC,470,"97,7",APIUNA,Falta de Atenção à Condução,Colisão traseira,Com Vítimas Feridas,Pleno dia,Decrescente,Sol,Simples,Reta,Sim,3,0,1,0,2,0,1,2,-27.031466,-49.384022,SPRF-SC,DEL04-SC,UOP01-DEL04-SC,2020
"296368,0",2020-07-19,domingo,16:35:00,SC,282,"618,0",IRACEMINHA,Falta de Atenção à Condução,Colisão transversal,Com Vítimas Feridas,Pleno dia,Decrescente,Céu Claro,Simples,Reta,Não,4,0,0,3,1,0,3,2,-26.788088,-53.293259,SPRF-SC,DEL07-SC,UOP02-DEL07-SC,2020
"296415,0",2020-07-19,domingo,20:29:00,SC,280,"88,0",CORUPA,Falta de Atenção à Condução,Atropelamento de Pedestre,Com Vítimas Feridas,Plena Noite,Crescente,Nevoeiro/Neblina,Simples,Reta,Não,2,0,0,1,0,1,1,2,-26.41552007,-49.26717599,SPRF-SC,DEL06-SC,UOP03-DEL06-SC,2020
"296424,0",2020-07-19,domingo,18:50:00,SC,282,"26,6",SANTO AMARO DA IMPERATRIZ,Falta de Atenção à Condução,Colisão transversal,Com Vítimas Feridas,Plena Noite,Crescente,Céu Claro,Simples,Reta,Não,8,0,6,1,0,1,7,3,-27.680267,-48.762482,SPRF-SC,DEL01-SC,UOP03-DEL01-SC,2020
"296429,0",2020-07-19,domingo,22:50:00,SC,282,"2,5",FLORIANOPOLIS,Falta de Atenção do Pedestre,Atropelamento de Pedestre,Com Vítimas Fatais,Plena Noite,Crescente,Céu Claro,Dupla,Reta,Sim,2,1,0,0,1,0,0,2,-27.60305714,-48.59326959,SPRF-SC,DEL01-SC,UOP01-DEL01-SC,2020
"296484,0",2020-07-20,segunda-feira,06:00:00,SC,282,"119,5",BOM RETIRO,Animais na Pista,Atropelamento de Animal,Sem Vítimas,Amanhecer,Crescente,Nublado,Simples,Reta,Não,2,0,0,0,2,0,0,2,-27.792959,-49.415504,SPRF-SC,DEL05-SC,UOP01-DEL05-SC,2020
"296489,0",2020-07-20,segunda-feira,08:10:00,SC,101,"315,0",LAGUNA,Falta de Atenção à Condução,Colisão com objeto estático,Com Vítimas Feridas,Pleno dia,Crescente,Céu Claro,Simples,Curva,Sim,1,0,1,0,0,0,1,1,-28.43552413,-48.8343121,SPRF-SC,DEL02-SC,UOP01-DEL02-SC,2020
"296495,0",2020-07-20,segunda-feira,08:10:00,SC,470,"157,6",TROMBUDO CENTRAL,Defeito Mecânico no Veículo,Tombamento,Com Vítimas Feridas,Pleno dia,Crescente,Nublado,Simples,Curva;Declive,Não,1,0,1,0,0,0,1,1,-27.285425,-49.76881,SPRF-SC,DEL04-SC,UOP02-DEL04-SC,2020
"296504,0",2020-07-20,segunda-feira,10:50:00,SC,101,"213,0",PALHOCA,Sinalização da via insuficiente ou inadequada,Colisão transversal,Com Vítimas Feridas,Pleno dia,Decrescente,Céu Claro,Múltipla,Viaduto,Não,2,0,1,0,1,0,1,2,-27.63697369,-48.66514142,SPRF-SC,DEL01-SC,UOP02-DEL01-SC,2020
"296509,0",2020-07-20,segunda-feira,09:50:00,SC,101,"134,0",BALNEARIO CAMBORIU,Não guardar distância de segurança,Colisão traseira,Com Vítimas Feridas,Pleno dia,Crescente,Sol,Simples,Reta,Sim,2,0,1,0,1,0,1,2,-27.00218,-48.636433,SPRF-SC,DEL04-SC,UOP03-DEL04-SC,2020
"296520,0",2020-07-20,segunda-feira,07:00:00,SC,163,"67,4",SAO MIGUEL DO OESTE,Falta de Atenção do Pedestre,Atropelamento de Pedestre,Com Vítimas Feridas,Pleno dia,Crescente,Céu Claro,Dupla,Reta,Sim,2,0,1,0,1,0,1,2,-26.759436,-53.50055292,SPRF-SC,DEL07-SC,UOP03-DEL07-SC,2020
"296540,0",2020-07-20,segunda-feira,13:50:00,SC,282,"6,0",SAO JOSE,Falta de Atenção à Condução,Colisão lateral,Com Vítimas Feridas,Pleno dia,Crescente,Céu Claro,Múltipla,Reta,Sim,2,0,1,0,1,0,1,2,-27.591936,-48.618244,SPRF-SC,DEL01-SC,UOP01-DEL01-SC,2020
"296541,0",2020-07-20,segunda-feira,14:15:00,SC,470,"145,1",RIO DO SUL,Desobediência às normas de trânsito pelo condutor,Colisão traseira,Sem Vítimas,Pleno dia,Decrescente,Céu Claro,Simples,Reta,Sim,7,0,0,0,7,0,0,3,-27.235138,-49.677608,SPRF-SC,DEL04-SC,UOP02-DEL04-SC,2020
"296548,0",2020-07-20,segunda-feira,14:00:00,SC,470,"144,0",RIO DO SUL,Desobediência às normas de trânsito pelo condutor,Tombamento,Sem Vítimas,Pleno dia,Decrescente,Céu Claro,Simples,Reta,Não,1,0,0,0,1,0,0,1,-27.235138,-49.677608,SPRF-SC,DEL04-SC,UOP02-DEL04-SC,2020
"296552,0",2020-07-20,segunda-feira,15:00:00,SC,101,"288,9",IMBITUBA,Desobediência às normas de trânsito pelo condutor,Colisão transversal,Com Vítimas Feridas,Pleno dia,Decrescente,Céu Claro,Dupla,Viaduto,Sim,2,0,1,0,1,0,1,2,-28.24598003,-48.70010284,SPRF-SC,DEL02-SC,UOP03-DEL02-SC,2020
"296555,0",2020-07-20,segunda-feira,15:15:00,SC,280,"67,0",JARAGUA DO SUL,Falta de Atenção à Condução,Colisão traseira,Com Vítimas Feridas,Pleno dia,Decrescente,Sol,Simples,Reta,Não,3,0,2,0,1,0,2,2,-26.4775146,-49.10363575,SPRF-SC,DEL03-SC,UOP03-DEL03-SC,2020
"296561,0",2020-07-20,segunda-feira,16:00:00,SC,101,"120,0",ITAJAI,Falta de Atenção à Condução,Colisão traseira,Com Vítimas Feridas,Pleno dia,Crescente,Céu Claro,Simples,Viaduto,Não,2,0,1,0,1,0,1,2,-26.912758,-48.711998,SPRF-SC,DEL04-SC,UOP04-DEL04-SC,2020
"296573,0",2020-07-20,segunda-feira,16:40:00,SC,101,"44,0",JOINVILLE,Defeito Mecânico no Veículo,Saída de leito carroçável,Com Vítimas Feridas,Pleno dia,Decrescente,Céu Claro,Dupla,Reta,Sim,2,0,2,0,0,0,2,1,-26.31238996,-48.87458997,SPRF-SC,DEL03-SC,UOP01-DEL03-SC,2020
"296601,0",2020-07-20,segunda-feira,19:30:00,SC,101,"280,0",IMBITUBA,Falta de Atenção à Condução,Saída de leito carroçável,Com Vítimas Feridas,Plena Noite,Decrescente,Céu Claro,Dupla,Reta,Não,1,0,1,0,0,0,1,1,-28.17962805,-48.6956297,SPRF-SC,DEL02-SC,UOP03-DEL02-SC,2020
"296603,0",2020-07-20,segunda-feira,19:20:00,SC,282,"377,7",HERVAL DOESTE,Falta de Atenção à Condução,Colisão com objeto estático,Sem Vítimas,Plena Noite,Crescente,Céu Claro,Simples,Reta,Não,1,0,0,0,1,0,0,1,-27.216974,-51.470055,SPRF-SC,DEL07-SC,UOP05-DEL07-SC,2020
"296626,0",2020-07-20,segunda-feira,22:40:00,SC,282,"485,8",FAXINAL DOS GUEDES,Defeito Mecânico no Veículo,Tombamento,Com Vítimas Feridas,Plena Noite,Decrescente,Céu Claro,Simples,Reta,Não,2,0,2,0,0,0,2,1,-26.857132,-52.245258,SPRF-SC,DEL07-SC,UOP01-DEL07-SC,2020
"296628,0",2020-07-21,terça-feira,00:45:00,SC,101,"352,0",JAGUARUNA,Falta de Atenção à Condução,Saída de leito carroçável,Sem Vítimas,Plena Noite,Decrescente,Ignorado,Dupla,Curva,Não,1,0,0,0,1,0,0,1,-28.60489869,-49.05593332,SPRF-SC,DEL02-SC,UOP01-DEL02-SC,2020
"296650,0",2020-07-21,terça-feira,05:20:00,SC,101,"275,9",IMBITUBA,Falta de Atenção à Condução,Colisão traseira,Com Vítimas Fatais,Amanhecer,Crescente,Céu Claro,Múltipla,Reta,Sim,1,1,0,0,0,0,0,1,-28.15644221,-48.69283855,SPRF-SC,DEL02-SC,UOP03-DEL02-SC,2020
"296657,0",2020-07-21,terça-feira,08:20:00,SC,282,"16,2",PALHOCA,Desobediência às normas de trânsito pelo condutor,Colisão transversal,Com Vítimas Feridas,Pleno dia,Decrescente,Céu Claro,Simples,Reta,Sim,2,0,0,1,1,0,1,1,-27.658611,-48.681847,SPRF-SC,DEL01-SC,UOP02-DEL01-SC,2020
"296659,0",2020-07-21,terça-feira,08:10:00,SC,101,"199,5",SAO JOSE,Desobediência às normas de trânsito pelo condutor,Colisão frontal,Com Vítimas Feridas,Pleno dia,Crescente,Céu Claro,Dupla,Interseção de Vias,Sim,2,0,1,0,1,0,1,2,-27.53413705,-48.63003205,SPRF-SC,DEL01-SC,UOP01-DEL01-SC,2020
"296688,0",2020-07-21,terça-feira,11:45:00,SC,101,"156,0",PORTO BELO,Não guardar distância de segurança,Colisão transversal,Com Vítimas Feridas,Pleno dia,Crescente,Céu Claro,Dupla,Reta,Sim,3,0,1,0,1,1,1,3,-27.172272,-48.61170204,SPRF-SC,DEL04-SC,UOP03-DEL04-SC,2020
"296689,0",2020-07-21,terça-feira,12:30:00,SC,101,"134,0",BALNEARIO CAMBORIU,Falta de Atenção à Condução,Colisão lateral,Com Vítimas Feridas,Pleno dia,Crescente,Sol,Dupla,Interseção de Vias,Sim,2,0,1,0,1,0,1,2,-27.00218,-48.636433,SPRF-SC,DEL04-SC,UOP03-DEL04-SC,2020
"296694,0",2020-07-21,terça-feira,12:30:00,SC,470,"173,0",POUSO REDONDO,Falta de Atenção à Condução,Colisão lateral,Com Vítimas Feridas,Pleno dia,Decrescente,Céu Claro,Simples,Declive,Sim,3,0,2,0,1,0,2,2,-27.25984,-49.919285,SPRF-SC,DEL04-SC,UOP02-DEL04-SC,2020
"296697,0",2020-07-21,terça-feira,13:35:00,SC,101,"136,0",BALNEARIO CAMBORIU,Falta de Atenção à Condução,Colisão traseira,Com Vítimas Feridas,Pleno dia,Crescente,Sol,Dupla,Reta,Sim,2,0,1,0,1,0,1,2,-27.008113,-48.617245,SPRF-SC,DEL04-SC,UOP03-DEL04-SC,2020
"296727,0",2020-07-21,terça-feira,16:30:00,SC,101,"208,0",SAO JOSE,Falta de Atenção à Condução,Colisão lateral,Com Vítimas Feridas,Pleno dia,Decrescente,Céu Claro,Múltipla,Reta,Sim,2,0,1,0,1,0,1,2,-27.60327979,-48.63201818,SPRF-SC,DEL01-SC,UOP01-DEL01-SC,2020
"296738,0",2020-07-21,terça-feira,17:55:00,SC,101,"211,2",PALHOCA,Não guardar distância de segurança,Colisão lateral,Com Vítimas Feridas,Plena Noite,Decrescente,Céu Claro,Dupla,Reta,Sim,2,0,1,0,1,0,1,2,-27.62573147,-48.65464926,SPRF-SC,DEL01-SC,UOP02-DEL01-SC,2020
"296743,0",2020-07-21,terça-feira,18:15:00,SC,470,"45,0",GASPAR,Falta de Atenção à Condução,Colisão transversal,Com Vítimas Feridas,Anoitecer,Decrescente,Nublado,Simples,Reta,Não,2,0,0,1,1,0,1,2,-26.867064,-49.031109,SPRF-SC,DEL04-SC,UOP01-DEL04-SC,2020
"296751,0",2020-07-21,terça-feira,15:50:00,SC,282,"598,8",CUNHA PORA,Falta de Atenção à Condução,Colisão lateral,Com Vítimas Feridas,Pleno dia,Crescente,Céu Claro,Simples,Reta;Aclive,Não,4,0,1,0,3,0,1,2,-26.820988,-53.153901,SPRF-SC,DEL07-SC,UOP02-DEL07-SC,2020
"296755,0",2020-07-21,terça-feira,18:10:00,SC,101,"115,8",ITAJAI,Desobediência às normas de trânsito pelo condutor,Colisão traseira,Com Vítimas Fatais,Anoitecer,Decrescente,Céu Claro,Dupla,Reta,Sim,3,1,0,0,1,1,0,3,-26.87064015,-48.72954134,SPRF-SC,DEL04-SC,UOP04-DEL04-SC,2020
"296760,0",2020-07-21,terça-feira,19:30:00,SC,282,"2,0",FLORIANOPOLIS,Não guardar distância de segurança,Colisão traseira,Com Vítimas Feridas,Plena Noite,Crescente,Céu Claro,Dupla,Reta,Sim,3,0,1,0,2,0,1,3,-27.59776035,-48.56609344,SPRF-SC,DEL01-SC,UOP01-DEL01-SC,2020
"296789,0",2020-07-21,terça-feira,23:40:00,SC,101,"197,5",BIGUACU,Condutor Dormindo,Tombamento,Com Vítimas Feridas,Plena Noite,Decrescente,Céu Claro,Dupla,Reta,Não,1,0,1,0,0,0,1,1,-27.51844497,-48.63848496,SPRF-SC,DEL01-SC,UOP01-DEL01-SC,2020
"296814,0",2020-07-18,sábado,18:00:00,SC,280,"49,0",GUARAMIRIM,Falta de Atenção à Condução,Colisão traseira,Sem Vítimas,Anoitecer,Decrescente,Céu Claro,Simples,Reta,Não,3,0,0,0,3,0,0,3,-26.45850039,-48.93692786,SPRF-SC,DEL03-SC,UOP03-DEL03-SC,2020
"296851,0",2020-07-22,quarta-feira,11:11:00,SC,116,"3,2",MAFRA,Falta de Atenção à Condução,Colisão lateral,Sem Vítimas,Pleno dia,Crescente,Céu Claro,Simples,Curva,Sim,2,0,0,0,2,0,0,2,-26.13201493,-49.80093956,SPRF-SC,DEL06-SC,UOP01-DEL06-SC,2020
"296897,0",2020-07-22,quarta-feira,17:10:00,SC,280,"48,0",GUARAMIRIM,Falta de Atenção à Condução,Colisão transversal,Com Vítimas Feridas,Pleno dia,Crescente,Céu Claro,Simples,Reta,Não,3,0,2,0,1,0,2,2,-26.45506795,-48.92766502,SPRF-SC,DEL03-SC,UOP03-DEL03-SC,2020