id,data_inversa,dia_semana,horario,uf,br,km,municipio,causa_acidente,tipo_acidente,classificacao_acidente,fase_dia,sentido_via,condicao_metereologica,tipo_pista,tracado_via,uso_solo,pessoas,mortos,feridos_leves,feridos_graves,ilesos,ignorados,feridos,veiculos,latitude,longitude,regional,delegacia,uop,ano_arquivo
"296912,0",2020-07-22,quarta-feira,15:10:00,SC,280,"66,7",JARAGUA DO SUL,Falta de Atenção à Condução,Colisão transversal,Com Vítimas Feridas,Pleno dia,Crescente,Sol,Simples,Interseção de Vias,Sim,2,0,0,1,1,0,1,2,-26.47336777,-49.11002398,SPRF-SC,DEL03-SC,UOP03-DEL03-SC,2020
"296920,0",2020-06-25,quinta-feira,10:00:00,SC,282,"5,0",SAO JOSE,Falta de Atenção à Condução,Colisão com objeto estático,Com Vítimas Feridas,Pleno dia,Decrescente,Céu Claro,Dupla,Curva,Sim,1,0,0,1,0,0,1,1,-27.58501872,-48.61774206,SPRF-SC,DEL01-SC,UOP01-DEL01-SC,2020
"296923,0",2020-07-22,quarta-feira,18:50:00,SC,101,"131,0",BALNEARIO CAMBORIU,Falta de Atenção à Condução,Colisão traseira,Com Vítimas Feridas,Plena Noite,Crescente,Céu Claro,Dupla,Reta,Sim,2,0,0,1,0,1,1,2,-26.99064209,-48.66310912,SPRF-SC,DEL04-SC,UOP03-DEL04-SC,2020
"296924,0",2020-07-22,quarta-feira,17:40:00,SC,470,"51,0",BLUMENAU,Falta de Atenção à Condução,Colisão transversal,Com Vítimas Feridas,Pleno dia,Crescente,Céu Claro,Simples,Reta,Não,2,0,1,0,1,0,1,2,-26.862339,-49.084038,SPRF-SC,DEL04-SC,UOP01-DEL04-SC,2020
"296931,0",2020-07-22,quarta-feira,21:00:00,SC,470,"125,5",LONTRAS,Ultrapassagem Indevida,Colisão frontal,Com Vítimas Feridas,Plena Noite,Decrescente,Céu Claro,Simples,Aclive,Não,3,0,0,1,1,1,1,3,-27.12946612,-49.5384264,SPRF-SC,DEL04-SC,UOP02-DEL04-SC,2020
"296934,0",2020-07-22,quarta-feira,19:15:00,SC,101,"116,4",ITAJAI,Falta de Atenção à Condução,Saída de leito carroçável,Sem Vítimas,Plena Noite,Crescente,Céu Claro,Dupla,Reta,Sim,1,0,0,0,0,1,0,1,-26.87905605,-48.72603512,SPRF-SC,DEL04-SC,UOP04-DEL04-SC,2020
"296941,0",2020-07-22,quarta-feira,21:43:00,SC,101,"282,0",IMBITUBA,Desobediência às normas de trânsito pelo condutor,Colisão transversal,Com Vítimas Feridas,Plena Noite,Crescente,Céu Claro,Múltipla,Viaduto;Interseção de Vias,Sim,2,0,1,0,0,1,1,2,-28.19626005,-48.69739859,SPRF-SC,DEL02-SC,UOP03-DEL02-SC,2020
"296952,0",2020-07-22,quarta-feira,23:20:00,SC,101,"197,3",BIGUACU,Falta de Atenção à Condução,Colisão lateral,Com Vítimas Feridas,Plena Noite,Crescente,Céu Claro,Dupla,Reta,Sim,2,0,0,1,1,0,1,2,-27.51844497,-48.63848496,SPRF-SC,DEL01-SC,UOP01-DEL01-SC,2020
"296985,0",2020-07-23,quinta-feira,08:10:00,SC,101,"206,5",SAO JOSE,Ultrapassagem Indevida,Queda de ocupante de veículo,Com Vítimas Feridas,Pleno dia,Crescente,Céu Claro,Dupla,Reta,Sim,1,0,1,0,0,0,1,1,-27.59193546,-48.61824557,SPRF-SC,DEL01-SC,UOP01-DEL01-SC,2020
"296991,0",2020-07-23,quinta-feira,08:50:00,SC,282,"4,5",FLORIANOPOLIS,Desobediência às normas de trânsito pelo condutor,Colisão lateral,Com Vítimas Feridas,Pleno dia,Decrescente,Céu Claro,Dupla,Reta,Não,2,0,2,0,0,0,2,2,-27.592646,-48.604034,SPRF-SC,DEL01-SC,UOP01-DEL01-SC,2020
"297007,0",2020-07-23,quinta-feira,11:00:00,SC,101,"207,0",SAO JOSE,Falta de Atenção à Condução,Colisão transversal,Com Vítimas Feridas,Pleno dia,Crescente,Céu Claro,Dupla,Interseção de Vias,Sim,2,0,1,0,1,0,1,2,-27.60001226,-48.6226467,SPRF-SC,DEL01-SC,UOP01-DEL01-SC,2020
"297087,0",2020-07-23,quinta-feira,19:40:00,SC,101,"200,0",SAO JOSE,Defeito Mecânico no Veículo,Incêndio,Sem Vítimas,Plena Noite,Decrescente,Céu Claro,Dupla,Reta,Sim,1,0,0,0,1,0,0,1,-27.54018513,-48.62287714,SPRF-SC,DEL01-SC,UOP01-DEL01-SC,2020
"297091,0",2020-07-23,quinta-feira,19:30:00,SC,282,"499,0",XANXERE,Ingestão de Álcool,Colisão traseira,Sem Vítimas,Plena Noite,Decrescente,Céu Claro,Dupla,Reta,Não,2,0,0,0,2,0,0,2,-26.880869,-52.363121,SPRF-SC,DEL07-SC,UOP01-DEL07-SC,2020
"297165,0",2020-07-24,sexta-feira,07:30:00,SC,480,"127,6",CHAPECO,Falta de Atenção à Condução,Colisão transversal,Com Vítimas Feridas,Pleno dia,Crescente,Sol,Simples,Reta,Sim,2,0,1,0,1,0,1,2,-27.02885905,-52.63380035,SPRF-SC,DEL07-SC,UOP01-DEL07-SC,2020
"297184,0",2020-07-24,sexta-feira,13:10:00,SC,470,"64,9",INDAIAL,Desobediência às normas de trânsito pelo condutor,Colisão transversal,Com Vítimas Feridas,Pleno dia,Decrescente,Céu Claro,Simples,Reta,Sim,2,0,1,0,1,0,1,2,-26.87042041,-49.21196938,SPRF-SC,DEL04-SC,UOP01-DEL04-SC,2020
"297185,0",2020-06-28,domingo,11:32:00,SC,101,"184,9",BIGUACU,Velocidade Incompatível,Colisão lateral,Com Vítimas Fatais,Pleno dia,Decrescente,Céu Claro,Dupla,Reta,Sim,7,1,1,0,4,1,1,3,-27.422813,-48.624945,SPRF-SC,DEL01-SC,UOP01-DEL01-SC,2020
"297198,0",2020-07-24,sexta-feira,14:15:00,SC,280,"55,5",GUARAMIRIM,Desobediência às normas de trânsito pelo condutor,Colisão transversal,Com Vítimas Feridas,Pleno dia,Crescente,Sol,Simples,Reta,Sim,2,0,1,0,1,0,1,2,-26.47832324,-48.9994204,SPRF-SC,DEL03-SC,UOP03-DEL03-SC,2020
"297228,0",2020-07-24,sexta-feira,17:00:00,SC,470,"140,0",RIO DO SUL,Desobediência às normas de trânsito pelo condutor,Colisão frontal,Com Vítimas Feridas,Pleno dia,Crescente,Céu Claro,Simples,Reta,Sim,2,0,1,0,1,0,1,2,-27.222485,-49.662827,SPRF-SC,DEL04-SC,UOP02-DEL04-SC,2020
"297239,0",2020-07-24,sexta-feira,18:00:00,SC,101,"212,5",PALHOCA,Não guardar distância de segurança,Colisão traseira,Com Vítimas Feridas,Plena Noite,Decrescente,Céu Claro,Múltipla,Reta,Sim,2,0,1,0,1,0,1,2,-27.6347027,-48.66311431,SPRF-SC,DEL01-SC,UOP02-DEL01-SC,2020
"297246,0",2020-07-24,sexta-feira,18:45:00,SC,101,"212,0",PALHOCA,Desobediência às normas de trânsito pelo condutor,Colisão traseira,Com Vítimas Feridas,Plena Noite,Decrescente,Céu Claro,Múltipla,Reta,Não,3,0,0,1,2,0,1,3,-27.62996929,-48.65903871,SPRF-SC,DEL01-SC,UOP02-DEL01-SC,2020
"297249,0",2020-07-24,sexta-feira,18:25:00,SC,280,"29,0",ARAQUARI,Falta de Atenção à Condução,Colisão transversal,Com Vítimas Feridas,Plena Noite,Decrescente,Nublado,Simples,Reta,Sim,2,0,0,1,1,0,1,2,-26.41066264,-48.75295628,SPRF-SC,DEL03-SC,UOP03-DEL03-SC,2020
"297280,0",2020-07-24,sexta-feira,20:40:00,SC,101,"80,0",BARRA VELHA,Não guardar distância de segurança,Colisão traseira,Com Vítimas Feridas,Plena Noite,Decrescente,Céu Claro,Dupla,Desvio Temporário,Sim,2,0,0,1,1,0,1,2,-26.59911865,-48.72402191,SPRF-SC,DEL03-SC,UOP02-DEL03-SC,2020
"297282,0",2020-07-24,sexta-feira,21:10:00,SC,101,"44,0",JOINVILLE,Sinalização da via insuficiente ou inadequada,Colisão transversal,Com Vítimas Feridas,Plena Noite,Crescente,Céu Claro,Simples,Interseção de Vias,Sim,2,0,1,0,1,0,1,2,-26.33824047,-48.85919452,SPRF-SC,DEL03-SC,UOP01-DEL03-SC,2020
"297286,0",2020-07-24,sexta-feira,21:55:00,SC,101,"226,0",PALHOCA,Defeito na Via,Queda de ocupante de veículo,Com Vítimas Feridas,Plena Noite,Crescente,Céu Claro,Dupla,Reta,Não,1,0,1,0,0,0,1,1,-27.74200001,-48.63806504,SPRF-SC,DEL01-SC,UOP02-DEL01-SC,2020
"297294,0",2020-07-24,sexta-feira,15:30:00,SC,101,"421,3",ARARANGUA,Não guardar distância de segurança,Colisão traseira,Sem Vítimas,Pleno dia,Crescente,Céu Claro,Simples,Viaduto,Sim,2,0,0,0,2,0,0,2,-29.00048611,-49.5576719,SPRF-SC,DEL02-SC,UOP02-DEL02-SC,2020
"297297,0",2020-07-24,sexta-feira,22:08:00,SC,470,"58,5",BLUMENAU,Falta de Atenção à Condução,Colisão transversal,Com Vítimas Feridas,Plena Noite,Decrescente,Céu Claro,Simples,Curva,Não,2,0,1,0,1,0,1,2,-26.883879,-49.145622,SPRF-SC,DEL04-SC,UOP01-DEL04-SC,2020
"297298,0",2020-07-24,sexta-feira,22:20:00,SC,470,"69,1",INDAIAL,Falta de Atenção à Condução,Colisão lateral,Com Vítimas Feridas,Plena Noite,Decrescente,Céu Claro,Simples,Reta,Sim,2,0,1,0,1,0,1,2,-26.88640194,-49.25049663,SPRF-SC,DEL04-SC,UOP01-DEL04-SC,2020
"297310,0",2020-07-25,sábado,00:15:00,SC,101,"162,5",TIJUCAS,Falta de Atenção à Condução,Saída de leito carroçável,Com Vítimas Feridas,Plena Noite,Decrescente,Nublado,Simples,Reta,Sim,1,0,1,0,0,0,1,1,-27.22554009,-48.6279367,SPRF-SC,DEL04-SC,UOP03-DEL04-SC,2020
"297314,0",2020-07-25,sábado,01:05:00,SC,101,"214,9",PALHOCA,Velocidade Incompatível,Colisão com objeto estático,Com Vítimas Feridas,Plena Noite,Crescente,Céu Claro,Múltipla,Reta,Sim,2,0,1,1,0,0,2,1,-27.65045122,-48.6749804,SPRF-SC,DEL01-SC,UOP02-DEL01-SC,2020
"297322,0",2020-07-25,sábado,02:50:00,SC,101,"114,8",ITAJAI,Defeito Mecânico no Veículo,Tombamento,Com Vítimas Feridas,Plena Noite,Decrescente,Nublado,Dupla,Declive,Sim,1,0,1,0,0,0,1,1,-26.86192886,-48.7286704,SPRF-SC,DEL04-SC,UOP04-DEL04-SC,2020
"297333,0",2020-07-25,sábado,06:00:00,SC,101,"382,0",ICARA,Desobediência às normas de trânsito pelo condutor,Colisão transversal,Com Vítimas Feridas,Amanhecer,Decrescente,Céu Claro,Simples,Reta,Sim,2,0,0,1,1,0,1,2,-28.75966988,-49.28552404,SPRF-SC,DEL02-SC,UOP02-DEL02-SC,2020
"297338,0",2020-07-18,sábado,21:15:00,SC,101,"128,0",ITAJAI,Velocidade Incompatível,Colisão traseira,Com Vítimas Feridas,Plena Noite,Crescente,Nublado,Dupla,Reta,Não,3,0,2,0,0,1,2,2,-26.97284292,-48.68299451,SPRF-SC,DEL04-SC,UOP03-DEL04-SC,2020
"297342,0",2020-07-21,terça-feira,18:15:00,SC,101,"410,0",ARARANGUA,Deficiência ou não Acionamento do Sistema de Iluminação/Sinalização do Veículo,Atropelamento de Pedestre,Com Vítimas Feridas,Plena Noite,Decrescente,Ignorado,Simples,Reta,Sim,2,0,1,1,0,0,2,2,-28.9225061,-49.4913107,SPRF-SC,DEL02-SC,UOP02-DEL02-SC,2020
"297355,0",2020-07-25,sábado,10:13:00,SC,101,"206,9",SAO JOSE,Falta de Atenção à Condução,Colisão transversal,Com Vítimas Feridas,Pleno dia,Decrescente,Nublado,Dupla,Viaduto,Sim,2,0,1,0,1,0,1,2,-27.59193546,-48.61824557,SPRF-SC,DEL01-SC,UOP01-DEL01-SC,2020
"297389,0",2020-07-25,sábado,14:00:00,SC,470,"178,0",POUSO REDONDO,Desobediência às normas de trânsito pelo condutor,Colisão lateral,Com Vítimas Feridas,Pleno dia,Crescente,Céu Claro,Simples,Declive,Não,2,0,1,0,1,0,1,2,-27.248392,-49.967083,SPRF-SC,DEL04-SC,UOP02-DEL04-SC,2020
"297415,0",2020-07-25,sábado,12:12:00,SC,101,"134,0",BALNEARIO CAMBORIU,Desobediência às normas de trânsito pelo pedestre,Atropelamento de Pedestre,Com Vítimas Feridas,Pleno dia,Crescente,Nublado,Múltipla,Reta,Sim,4,0,0,1,1,2,1,2,-27.00218,-48.636433,SPRF-SC,DEL04-SC,UOP03-DEL04-SC,2020
"297435,0",2020-07-25,sábado,18:05:00,SC,101,"148,2",ITAPEMA,Velocidade Incompatível,Colisão traseira,Com Vítimas Feridas,Plena Noite,Decrescente,Céu Claro,Dupla,Reta,Sim,2,0,0,1,1,0,1,2,-27.10123686,-48.61807962,SPRF-SC,DEL04-SC,UOP03-DEL04-SC,2020
"297437,0",2020-07-25,sábado,18:00:00,SC,101,"332,0",TUBARAO,Desobediência às normas de trânsito pelo condutor,Colisão lateral,Com Vítimas Feridas,Plena Noite,Decrescente,Nublado,Dupla,Reta,Sim,1,0,1,0,0,0,1,1,-28.46016431,-48.98968873,SPRF-SC,DEL02-SC,UOP01-DEL02-SC,2020
"297463,0",2020-07-25,sábado,17:30:00,SC,282,"599,3",CUNHA PORA,Ingestão de Álcool,Saída de leito carroçável,Com Vítimas Feridas,Anoitecer,Crescente,Nublado,Simples,Curva;Aclive,Não,2,0,2,0,0,0,2,1,-26.820206,-53.155052,SPRF-SC,DEL07-SC,UOP02-DEL07-SC,2020
"297467,0",2020-07-25,sábado,19:40:00,SC,101,"159,0",TIJUCAS,Falta de Atenção à Condução,Colisão traseira,Com Vítimas Feridas,Plena Noite,Crescente,Céu Claro,Dupla,Reta,Não,4,0,1,1,2,0,2,3,-27.1998778,-48.61534236,SPRF-SC,DEL04-SC,UOP03-DEL04-SC,2020
"297486,0",2020-07-25,sábado,21:42:00,SC,101,"120,0",ITAJAI,Defeito Mecânico no Veículo,Colisão com objeto estático,Com Vítimas Feridas,Plena Noite,Crescente,Céu Claro,Dupla,Reta,Não,1,0,1,0,0,0,1,1,-26.912758,-48.711998,SPRF-SC,DEL04-SC,UOP04-DEL04-SC,2020
"297491,0",2020-07-25,sábado,20:30:00,SC,282,"411,1",CATANDUVAS,Falta de Atenção à Condução,Colisão frontal,Com Vítimas Feridas,Plena Noite,Decrescente,Céu Claro,Simples,Curva,Não,5,0,3,1,1,0,4,2,-27.059202,-51.680046,SPRF-SC,DEL07-SC,UOP05-DEL07-SC,2020
"297493,0",2020-07-25,sábado,20:45:00,SC,470,"120,9",IBIRAMA,Velocidade Incompatível,Saída de leito carroçável,Com Vítimas Feridas,Plena Noite,Decrescente,Nublado,Simples,Curva,Não,2,0,1,0,1,0,1,1,-27.089924,-49.520416,SPRF-SC,DEL04-SC,UOP02-DEL04-SC,2020
"297494,0",2020-07-25,sábado,20:15:00,SC,470,"116,8",IBIRAMA,Objeto estático sobre o leito carroçável,Saída de leito carroçável,Com Vítimas Feridas,Plena Noite,Crescente,Nublado,Simples,Em Obras,Não,1,0,1,0,0,0,1,1,-27.07756,-49.49448,SPRF-SC,DEL04-SC,UOP02-DEL04-SC,2020
"297498,0",2020-07-25,sábado,21:00:00,SC,101,"88,2",BARRA VELHA,Velocidade Incompatível,Saída de leito carroçável,Sem Vítimas,Plena Noite,Decrescente,Nublado,Simples,Interseção de Vias,Sim,1,0,0,0,1,0,0,1,-26.65235436,-48.68701279,SPRF-SC,DEL03-SC,UOP02-DEL03-SC,2020
"297520,0",2020-07-25,sábado,22:23:00,SC,101,"149,0",ITAPEMA,Falta de Atenção à Condução,Colisão transversal,Com Vítimas Feridas,Plena Noite,Decrescente,Nublado,Simples,Reta,Sim,3,0,1,0,1,1,1,3,-27.1089649,-48.61277586,SPRF-SC,DEL04-SC,UOP03-DEL04-SC,2020
"297521,0",2020-07-25,sábado,21:50:00,SC,101,"398,5",MARACAJA,Falta de Atenção à Condução,Colisão com objeto estático,Sem Vítimas,Plena Noite,Decrescente,Céu Claro,Dupla,Reta,Não,1,0,0,0,1,0,0,1,-28.836033,-49.420303,SPRF-SC,DEL02-SC,UOP02-DEL02-SC,2020
"297544,0",2020-07-26,domingo,04:15:00,SC,470,"66,5",INDAIAL,Defeito Mecânico no Veículo,Incêndio,Sem Vítimas,Plena Noite,Crescente,Nublado,Simples,Em Obras;Reta,Sim,1,0,0,0,0,1,0,1,-26.870407,-49.221844,SPRF-SC,DEL04-SC,UOP01-DEL04-SC,2020
"297545,0",2020-07-25,sábado,19:00:00,SC,280,"57,9",GUARAMIRIM,Falta de Atenção à Condução,Colisão traseira,Com Vítimas Feridas,Plena Noite,Decrescente,Céu Claro,Simples,Reta,Sim,2,0,1,0,1,0,1,2,-26.47440498,-49.024086,SPRF-SC,DEL03-SC,UOP03-DEL03-SC,2020
"297563,0",2020-07-26,domingo,05:40:00,SC,101,"282,2",IMBITUBA,Velocidade Incompatível,Saída de leito carroçável,Sem Vítimas,Pleno dia,Crescente,Nublado,Simples,Curva,Sim,1,0,0,0,1,0,0,1,-28.21706286,-48.7005043,SPRF-SC,DEL02-SC,UOP03-DEL02-SC,2020
"297577,0",2020-07-26,domingo,06:20:00,SC,101,"155,0",PORTO BELO,Falta de Atenção à Condução,Tombamento,Com Vítimas Feridas,Pleno dia,Crescente,Céu Claro,Simples,Curva,Sim,1,0,1,0,0,0,1,1,-27.16292,-48.61129,SPRF-SC,DEL04-SC,UOP03-DEL04-SC,2020
"297579,0",2020-07-25,sábado,21:00:00,SC,280,"6,0",SAO FRANCISCO DO SUL,Falta de Atenção à Condução,Saída de leito carroçável,Com Vítimas Feridas,Plena Noite,Decrescente,Nublado,Simples,Reta,Não,1,0,1,0,0,0,1,1,-26.26569095,-48.63361804,SPRF-SC,DEL03-SC,UOP03-DEL03-SC,2020
"297618,0",2020-07-26,domingo,08:50:00,SC,280,"79,0",CORUPA,Velocidade Incompatível,Saída de leito carroçável,Com Vítimas Feridas,Pleno dia,Decrescente,Garoa/Chuvisco,Simples,Curva,Não,1,0,1,0,0,0,1,1,-26.44657315,-49.20157809,SPRF-SC,DEL06-SC,UOP03-DEL06-SC,2020
"297619,0",2020-07-26,domingo,12:07:00,SC,282,"88,5",ALFREDO WAGNER,Mal Súbito,Saída de leito carroçável,Com Vítimas Feridas,Pleno dia,Crescente,Céu Claro,Simples,Declive,Não,1,0,1,0,0,0,1,1,-27.67198,-49.208591,SPRF-SC,DEL01-SC,UOP03-DEL01-SC,2020
"297631,0",2020-07-26,domingo,14:45:00,SC,101,"207,0",SAO JOSE,Desobediência às normas de trânsito pelo condutor,Colisão lateral,Com Vítimas Feridas,Pleno dia,Crescente,Nublado,Dupla,Reta,Sim,3,0,2,0,1,0,2,2,-27.60001226,-48.6226467,SPRF-SC,DEL01-SC,UOP01-DEL01-SC,2020
"297634,0",2020-07-26,domingo,14:50:00,SC,101,"137,3",BALNEARIO CAMBORIU,Desobediência às normas de trânsito pelo condutor,Colisão transversal,Com Vítimas Feridas,Pleno dia,Crescente,Céu Claro,Dupla,Reta,Não,2,0,1,0,1,0,1,2,-27.0157238,-48.61192763,SPRF-SC,DEL04-SC,UOP03-DEL04-SC,2020
"297674,0",2020-07-26,domingo,18:30:00,SC,470,"174,6",POUSO REDONDO,Falta de Atenção à Condução,Colisão transversal,Com Vítimas Feridas,Plena Noite,Decrescente,Garoa/Chuvisco,Simples,Reta,Não,2,0,1,0,1,0,1,2,-27.258179,-49.929146,SPRF-SC,DEL04-SC,UOP02-DEL04-SC,2020
"297682,0",2020-07-26,domingo,18:30:00,SC,101,"331,0",TUBARAO,Falta de Atenção à Condução,Saída de leito carroçável,Com Vítimas Feridas,Plena Noite,Crescente,Céu Claro,Múltipla,Interseção de Vias,Sim,1,0,1,0,0,0,1,1,-28.45567521,-48.9812689,SPRF-SC,DEL02-SC,UOP01-DEL02-SC,2020
"297686,0",2020-07-26,domingo,18:50:00,SC,282,"72,0",RANCHO QUEIMADO,Falta de Atenção à Condução,Colisão frontal,Com Vítimas Feridas,Plena Noite,Crescente,Garoa/Chuvisco,Simples,Curva,Não,7,0,6,1,0,0,7,2,-27.683439,-49.105259,SPRF-SC,DEL01-SC,UOP03-DEL01-SC,2020
"297705,0",2020-07-26,domingo,19:10:00,SC,101,"317,9",PESCARIA BRAVA,Ingestão de Álcool,Saída de leito carroçável,Sem Vítimas,Plena Noite,Crescente,Nublado,Dupla,Reta,Sim,1,0,0,0,0,1,0,1,-28.42999628,-48.87405396,SPRF-SC,DEL02-SC,UOP01-DEL02-SC,2020
"297733,0",2020-07-26,domingo,21:50:00,SC,470,"151,5",AGRONOMICA,Ultrapassagem Indevida,Colisão frontal,Com Vítimas Feridas,Plena Noite,Crescente,Nublado,Simples,Reta,Não,3,0,2,1,0,0,3,2,-27.260792,-49.719761,SPRF-SC,DEL04-SC,UOP02-DEL04-SC,2020
"297748,0",2020-07-27,segunda-feira,00:05:00,SC,101,"88,1",BARRA VELHA,Falta de Atenção à Condução,Colisão com objeto estático,Com Vítimas Feridas,Plena Noite,Crescente,Nublado,Dupla,Declive,Sim,1,0,1,0,0,0,1,1,-26.65198474,-48.68728638,SPRF-SC,DEL03-SC,UOP02-DEL03-SC,2020
"297768,0",2020-07-27,segunda-feira,03:45:00,SC,101,"238,0",PALHOCA,Condutor Dormindo,Capotamento,Com Vítimas Feridas,Plena Noite,Decrescente,Nublado,Dupla,Reta,Não,2,0,0,1,1,0,1,1,-27.84293889,-48.63471922,SPRF-SC,DEL01-SC,UOP02-DEL01-SC,2020
"297778,0",2020-07-27,segunda-feira,01:20:00,SC,101,"126,0",ITAJAI,Desobediência às normas de trânsito pelo condutor,Colisão com objeto estático,Sem Vítimas,Plena Noite,Decrescente,Nublado,Dupla,Reta;Declive,Não,1,0,0,0,0,1,0,1,-26.95564404,-48.67978366,SPRF-SC,DEL04-SC,UOP04-DEL04-SC,2020
"297786,0",2020-07-27,segunda-feira,06:50:00,SC,101,"152,0",ITAPEMA,Falta de Atenção à Condução,Colisão com objeto estático,Com Vítimas Feridas,Amanhecer,Crescente,Céu Claro,Dupla,Reta,Não,1,0,1,0,0,0,1,1,-27.13563503,-48.61004665,SPRF-SC,DEL04-SC,UOP03-DEL04-SC,2020
"297800,0",2020-07-27,segunda-feira,08:10:00,SC,101,"116,9",ITAJAI,Falta de Atenção à Condução,Queda de ocupante de veículo,Com Vítimas Feridas,Pleno dia,Decrescente,Céu Claro,Múltipla,Reta,Não,2,0,2,0,0,0,2,1,-26.87905605,-48.72603512,SPRF-SC,DEL04-SC,UOP04-DEL04-SC,2020
"297842,0",2020-07-27,segunda-feira,13:15:00,SC,282,"6,0",SAO JOSE,Desobediência às normas de trânsito pelo condutor,Colisão lateral,Com Vítimas Feridas,Pleno dia,Crescente,Céu Claro,Dupla,Curva,Não,2,0,1,0,1,0,1,2,-27.591936,-48.618244,SPRF-SC,DEL01-SC,UOP01-DEL01-SC,2020
"297872,0",2020-07-27,segunda-feira,15:50:00,SC,101,"184,3",BIGUACU,Ingestão de Álcool,Colisão com objeto estático,Sem Vítimas,Pleno dia,Crescente,Sol,Dupla,Reta,Não,1,0,0,0,1,0,0,1,-27.41613807,-48.6266443,SPRF-SC,DEL01-SC,UOP01-DEL01-SC,2020
"297887,0",2020-07-27,segunda-feira,17:30:00,SC,101,"410,5",ARARANGUA,Animais na Pista,Atropelamento de Animal,Com Vítimas Feridas,Pleno dia,Decrescente,Nublado,Simples,Reta,Sim,1,0,1,0,0,0,1,1,-28.944199,-49.50227,SPRF-SC,DEL02-SC,UOP02-DEL02-SC,2020
"297891,0",2020-07-27,segunda-feira,17:56:00,SC,470,"29,0",GASPAR,Falta de Atenção à Condução,Saída de leito carroçável,Com Vítimas Feridas,Anoitecer,Crescente,Céu Claro,Dupla,Reta,Sim,1,0,1,0,0,0,1,1,-26.89362,-48.903973,SPRF-SC,DEL04-SC,UOP01-DEL04-SC,2020
"297897,0",2020-07-27,segunda-feira,18:00:00,SC,101,"197,0",BIGUACU,Falta de Atenção à Condução,Colisão transversal,Com Vítimas Feridas,Plena Noite,Decrescente,Céu Claro,Dupla,Reta,Sim,3,0,3,0,0,0,3,2,-27.51844497,-48.63848496,SPRF-SC,DEL01-SC,UOP01-DEL01-SC,2020
"297912,0",2020-07-27,segunda-feira,18:55:00,SC,116,"9,5",MAFRA,Desobediência às normas de trânsito pelo condutor,Colisão transversal,Com Vítimas Feridas,Plena Noite,Crescente,Céu Claro,Simples,Curva,Não,3,0,1,0,2,0,1,2,-26.16297778,-49.84696715,SPRF-SC,DEL06-SC,UOP01-DEL06-SC,2020
"297940,0",2020-07-27,segunda-feira,21:55:00,SC,101,"215,5",PALHOCA,Falta de Atenção à Condução,Colisão transversal,Com Vítimas Feridas,Plena Noite,Crescente,Nublado,Simples,Interseção de Vias,Sim,2,0,1,0,1,0,1,2,-27.65184843,-48.67604941,SPRF-SC,DEL01-SC,UOP02-DEL01-SC,2020
"297948,0",2020-07-27,segunda-feira,23:04:00,SC,101,"202,0",SAO JOSE,Ingestão de Álcool,Colisão com objeto estático,Com Vítimas Feridas,Plena Noite,Decrescente,Céu Claro,Dupla,Reta,Não,1,0,1,0,0,0,1,1,-27.55711595,-48.61897889,SPRF-SC,DEL01-SC,UOP01-DEL01-SC,2020
"297960,0",2020-07-28,terça-feira,04:40:00,SC,101,"312,0",LAGUNA,Objeto estático sobre o leito carroçável,Colisão com objeto estático,Com Vítimas Feridas,Plena Noite,Crescente,Nublado,Dupla,Aclive;Reta;Ponte,Sim,1,0,1,0,0,0,1,1,-28.44050628,-48.82465839,SPRF-SC,DEL02-SC,UOP01-DEL02-SC,2020
"297961,0",2020-07-28,terça-feira,05:50:00,SC,280,"200,5",MAFRA,Condutor Dormindo,Saída de leito carroçável,Com Vítimas Feridas,Amanhecer,Crescente,Céu Claro,Simples,Reta,Não,3,0,2,1,0,0,3,1,-26.17422439,-50.07298809,SPRF-SC,DEL06-SC,UOP01-DEL06-SC,2020
"297964,0",2020-07-27,segunda-feira,23:15:00,SC,280,"25,0",ARAQUARI,Desobediência às normas de trânsito pelo condutor,Colisão traseira,Com Vítimas Feridas,Plena Noite,Decrescente,Céu Claro,Simples,Reta,Não,5,0,1,1,3,0,2,2,-26.38352781,-48.72677516,SPRF-SC,DEL03-SC,UOP03-DEL03-SC,2020
"297967,0",2020-07-28,terça-feira,06:40:00,SC,101,"201,8",SAO JOSE,Falta de Atenção à Condução,Queda de ocupante de veículo,Com Vítimas Feridas,Pleno dia,Crescente,Céu Claro,Múltipla,Rotatória,Sim,1,0,1,0,0,0,1,1,-27.54836599,-48.61977975,SPRF-SC,DEL01-SC,UOP01-DEL01-SC,2020
"297968,0",2020-07-28,terça-feira,07:00:00,SC,101,"38,0",JOINVILLE,Condutor Dormindo,Colisão lateral,Com Vítimas Feridas,Pleno dia,Crescente,Nublado,Dupla,Reta,Sim,4,0,2,0,2,0,2,2,-26.25472505,-48.90561309,SPRF-SC,DEL03-SC,UOP01-DEL03-SC,2020
"297970,0",2020-07-28,terça-feira,07:00:00,SC,101,"217,2",PALHOCA,Falta de Atenção à Condução,Queda de ocupante de veículo,Com Vítimas Feridas,Pleno dia,Decrescente,Céu Claro,Múltipla,Reta,Não,2,0,2,0,0,0,2,1,-27.66779034,-48.67393586,SPRF-SC,DEL01-SC,UOP02-DEL01-SC,2020
"297985,0",2020-07-28,terça-feira,08:00:00,SC,101,"214,3",PALHOCA,Não guardar distância de segurança,Colisão traseira,Com Vítimas Feridas,Pleno dia,Decrescente,Céu Claro,Múltipla,Reta,Sim,2,0,1,0,1,0,1,2,-27.64717245,-48.67243767,SPRF-SC,DEL01-SC,UOP02-DEL01-SC,2020