id,data_inversa,dia_semana,horario,uf,br,km,municipio,causa_acidente,tipo_acidente,classificacao_acidente,fase_dia,sentido_via,condicao_metereologica,tipo_pista,tracado_via,uso_solo,pessoas,mortos,feridos_leves,feridos_graves,ilesos,ignorados,feridos,veiculos,latitude,longitude,regional,delegacia,uop,ano_arquivo
"299120,0",2020-08-03,segunda-feira,00:40:00,SC,280,"53,5",GUARAMIRIM,Ingestão de Álcool,Colisão frontal,Com Vítimas Feridas,Plena Noite,Decrescente,Nublado,Simples,Reta,Não,2,0,1,0,1,0,1,2,-26.47236756,-48.97426617,SPRF-SC,DEL03-SC,UOP03-DEL03-SC,2020
"299121,0",2020-08-03,segunda-feira,01:00:00,SC,101,"200,0",SAO JOSE,Falta de Atenção à Condução,Saída de leito carroçável,Sem Vítimas,Plena Noite,Crescente,Céu Claro,Múltipla,Aclive;Reta,Sim,1,0,0,0,1,0,0,1,-27.54018513,-48.62287714,SPRF-SC,DEL01-SC,UOP01-DEL01-SC,2020
"299125,0",2020-08-02,domingo,22:20:00,SC,280,"197,0",MAFRA,Animais na Pista,Capotamento,Com Vítimas Feridas,Plena Noite,Decrescente,Céu Claro,Simples,Reta;Declive,Não,1,0,1,0,0,0,1,1,-26.17527886,-50.04358202,SPRF-SC,DEL06-SC,UOP01-DEL06-SC,2020
"299140,0",2020-08-02,domingo,20:15:00,SC,101,"425,2",ARARANGUA,Desobediência às normas de trânsito pelo condutor,Tombamento,Com Vítimas Feridas,Plena Noite,Decrescente,Céu Claro,Simples,Reta,Sim,2,0,1,0,0,1,1,2,-29.02095789,-49.59124506,SPRF-SC,DEL02-SC,UOP02-DEL02-SC,2020
"299156,0",2020-02-04,terça-feira,10:50:00,SC,470,"56,5",BLUMENAU,Falta de Atenção à Condução,Colisão traseira,Com Vítimas Feridas,Pleno dia,Crescente,Céu Claro,Simples,Reta,Não,2,0,1,0,1,0,1,2,-26.87674,-49.127743,SPRF-SC,DEL04-SC,UOP01-DEL04-SC,2020
"299177,0",2020-08-03,segunda-feira,08:05:00,SC,101,"206,0",SAO JOSE,Falta de Atenção à Condução,Colisão lateral,Com Vítimas Feridas,Pleno dia,Crescente,Céu Claro,Dupla,Reta,Sim,3,0,2,0,1,0,2,2,-27.59193546,-48.61824557,SPRF-SC,DEL01-SC,UOP01-DEL01-SC,2020
"299187,0",2020-08-03,segunda-feira,07:10:00,SC,470,"169,3",POUSO REDONDO,Falta de Atenção à Condução,Tombamento,Com Vítimas Feridas,Pleno dia,Crescente,Nublado,Simples,Reta,Sim,1,0,1,0,0,0,1,1,-27.265471,-49.882442,SPRF-SC,DEL04-SC,UOP02-DEL04-SC,2020
"299226,0",2020-08-03,segunda-feira,08:25:00,SC,282,"197,3",LAGES,Não guardar distância de segurança,Colisão traseira,Sem Vítimas,Pleno dia,Decrescente,Céu Claro,Simples,Aclive;Curva,Não,2,0,0,0,2,0,0,2,-27.753368,-50.103615,SPRF-SC,DEL05-SC,UOP01-DEL05-SC,2020
"299229,0",2020-08-03,segunda-feira,12:05:00,SC,282,"6,0",SAO JOSE,Falta de Atenção à Condução,Colisão traseira,Com Vítimas Feridas,Pleno dia,Decrescente,Céu Claro,Dupla,Aclive;Curva,Sim,3,0,1,0,2,0,1,3,-27.591936,-48.618244,SPRF-SC,DEL01-SC,UOP01-DEL01-SC,2020
"299233,0",2020-07-22,quarta-feira,17:40:00,SC,280,"58,4",GUARAMIRIM,Falta de Atenção à Condução,Colisão transversal,Com Vítimas Feridas,Anoitecer,Decrescente,Céu Claro,Simples,Reta,Sim,2,0,1,0,1,0,1,2,-26.4747123,-49.02908564,SPRF-SC,DEL03-SC,UOP03-DEL03-SC,2020
"299246,0",2020-08-03,segunda-feira,14:50:00,SC,101,"283,8",IMBITUBA,Desobediência às normas de trânsito pelo condutor,Colisão com objeto estático,Com Vítimas Feridas,Pleno dia,Crescente,Sol,Dupla,Reta,Sim,1,0,1,0,0,0,1,1,-28.22163843,-48.70067596,SPRF-SC,DEL02-SC,UOP03-DEL02-SC,2020
"299248,0",2020-08-03,segunda-feira,15:10:00,SC,282,"2,2",FLORIANOPOLIS,Ingestão de Álcool,Atropelamento de Pedestre,Com Vítimas Feridas,Pleno dia,Crescente,Céu Claro,Múltipla,Reta,Não,2,0,1,0,1,0,1,2,-27.603289,-48.590416,SPRF-SC,DEL01-SC,UOP01-DEL01-SC,2020
"299259,0",2020-08-03,segunda-feira,14:35:00,SC,480,"126,8",CHAPECO,Ingestão de álcool e/ou substâncias psicoativas pelo pedestre,Colisão lateral,Com Vítimas Feridas,Pleno dia,Crescente,Céu Claro,Dupla,Reta,Sim,1,0,1,0,0,0,1,1,-27.020083,-52.636024,SPRF-SC,DEL07-SC,UOP01-DEL07-SC,2020
"299264,0",2020-08-03,segunda-feira,07:00:00,SC,101,"301,9",LAGUNA,Mal Súbito,Saída de leito carroçável,Com Vítimas Feridas,Pleno dia,Crescente,Céu Claro,Múltipla,Reta,Sim,1,0,1,0,0,0,1,1,-28.34625432,-48.73549064,SPRF-SC,DEL02-SC,UOP03-DEL02-SC,2020
"299267,0",2020-08-03,segunda-feira,08:25:00,SC,282,"495,1",XANXERE,Falta de Atenção à Condução,Saída de leito carroçável,Com Vítimas Feridas,Pleno dia,Decrescente,Céu Claro,Simples,Reta,Não,1,0,1,0,0,0,1,1,-26.875349,-52.327076,SPRF-SC,DEL07-SC,UOP01-DEL07-SC,2020
"299269,0",2020-08-03,segunda-feira,16:50:00,SC,101,"201,0",SAO JOSE,Falta de Atenção à Condução,Colisão traseira,Com Vítimas Feridas,Pleno dia,Crescente,Céu Claro,Dupla,Reta,Sim,2,0,2,0,0,0,2,2,-27.54836599,-48.61977975,SPRF-SC,DEL01-SC,UOP01-DEL01-SC,2020
"299270,0",2020-08-03,segunda-feira,15:20:00,SC,470,"102,2",APIUNA,Falta de Atenção à Condução,Colisão transversal,Com Vítimas Feridas,Pleno dia,Decrescente,Céu Claro,Simples,Reta,Não,2,0,1,0,1,0,1,2,-27.060822,-49.392761,SPRF-SC,DEL04-SC,UOP02-DEL04-SC,2020
"299281,0",2020-08-03,segunda-feira,15:15:00,SC,282,"527,8",XAXIM,Falta de Atenção à Condução,Saída de leito carroçável,Com Vítimas Feridas,Pleno dia,Decrescente,Céu Claro,Múltipla,Reta,Não,2,0,1,0,1,0,1,1,-26.973196,-52.583321,SPRF-SC,DEL07-SC,UOP01-DEL07-SC,2020
"299287,0",2020-08-03,segunda-feira,17:30:00,SC,470,"62,0",INDAIAL,Desobediência às normas de trânsito pelo condutor,Colisão transversal,Com Vítimas Feridas,Anoitecer,Decrescente,Nublado,Simples,Reta,Não,2,0,0,1,1,0,1,2,-26.874521,-49.182938,SPRF-SC,DEL04-SC,UOP01-DEL04-SC,2020
"299294,0",2020-08-03,segunda-feira,18:35:00,SC,282,"3,4",FLORIANOPOLIS,Falta de Atenção à Condução,Colisão traseira,Com Vítimas Feridas,Plena Noite,Crescente,Nublado,Múltipla,Reta,Sim,2,0,1,0,1,0,1,2,-27.600384,-48.599705,SPRF-SC,DEL01-SC,UOP01-DEL01-SC,2020
"299302,0",2020-08-03,segunda-feira,14:20:00,SC,280,"58,4",GUARAMIRIM,Falta de Atenção à Condução,Colisão transversal,Com Vítimas Feridas,Pleno dia,Decrescente,Sol,Simples,Curva,Sim,2,0,1,0,1,0,1,2,-26.47477952,-49.02966499,SPRF-SC,DEL03-SC,UOP03-DEL03-SC,2020
"299329,0",2020-08-03,segunda-feira,18:00:00,SC,470,"3,0",ITAJAI,Desobediência às normas de trânsito pelo condutor,Colisão lateral,Com Vítimas Feridas,Plena Noite,Decrescente,Céu Claro,Dupla,Em Obras,Sim,1,0,1,0,0,0,1,1,-26.861937,-48.681618,SPRF-SC,DEL04-SC,UOP04-DEL04-SC,2020
"299342,0",2020-08-03,segunda-feira,13:00:00,SC,282,"503,0",XANXERE,Velocidade Incompatível,Saída de leito carroçável,Com Vítimas Feridas,Pleno dia,Crescente,Sol,Simples,Curva,Sim,1,0,1,0,0,0,1,1,-26.88492,-52.399788,SPRF-SC,DEL07-SC,UOP01-DEL07-SC,2020
"299391,0",2020-08-04,terça-feira,06:00:00,SC,282,"359,9",ERVAL VELHO,Animais na Pista,Atropelamento de Animal,Sem Vítimas,Plena Noite,Crescente,Céu Claro,Simples,Curva,Não,1,0,0,0,1,0,0,1,-27.324184,-51.36026,SPRF-SC,DEL07-SC,UOP05-DEL07-SC,2020
"299409,0",2020-07-19,domingo,18:53:00,SC,280,"233,6",CANOINHAS,Falta de Atenção do Pedestre,Atropelamento de Pedestre,Com Vítimas Feridas,Anoitecer,Crescente,Nevoeiro/Neblina,Simples,Reta,Não,6,0,0,1,2,3,1,2,-26.19146187,-50.39215,SPRF-SC,DEL06-SC,UOP04-DEL06-SC,2020
"299412,0",2020-08-04,terça-feira,11:30:00,SC,101,"458,6",PASSO DE TORRES,Falta de Atenção à Condução,Saída de leito carroçável,Com Vítimas Feridas,Pleno dia,Decrescente,Céu Claro,Dupla,Reta,Não,2,0,2,0,0,0,2,1,-29.24075694,-49.75535784,SPRF-SC,DEL02-SC,UOP02-DEL02-SC,2020
"299414,0",2020-08-04,terça-feira,11:30:00,SC,101,"77,0",ARAQUARI,Falta de Atenção à Condução,Queda de ocupante de veículo,Com Vítimas Feridas,Pleno dia,Crescente,Céu Claro,Dupla,Reta,Não,1,0,1,0,0,0,1,1,-26.56833103,-48.72029393,SPRF-SC,DEL03-SC,UOP02-DEL03-SC,2020
"299422,0",2020-08-04,terça-feira,12:25:00,SC,282,"48,0",AGUAS MORNAS,Falta de Atenção à Condução,Tombamento,Com Vítimas Feridas,Pleno dia,Decrescente,Céu Claro,Simples,Curva,Não,1,0,1,0,0,0,1,1,-27.714352,-48.938072,SPRF-SC,DEL01-SC,UOP03-DEL01-SC,2020
"299431,0",2020-08-04,terça-feira,15:00:00,SC,101,"360,0",SANGAO,Falta de Atenção à Condução,Colisão transversal,Com Vítimas Feridas,Pleno dia,Decrescente,Céu Claro,Simples,Reta,Não,2,0,1,0,1,0,1,2,-28.67136197,-49.12225505,SPRF-SC,DEL02-SC,UOP01-DEL02-SC,2020
"299434,0",2020-08-04,terça-feira,17:10:00,SC,101,"215,3",PALHOCA,Defeito Mecânico no Veículo,Queda de ocupante de veículo,Com Vítimas Feridas,Pleno dia,Crescente,Céu Claro,Múltipla,Aclive;Curva,Sim,2,0,1,0,1,0,1,1,-27.65184843,-48.67604941,SPRF-SC,DEL01-SC,UOP02-DEL01-SC,2020
"299449,0",2020-08-04,terça-feira,18:20:00,SC,280,"51,0",GUARAMIRIM,Pista Escorregadia,Colisão com objeto estático,Com Vítimas Feridas,Plena Noite,Decrescente,Céu Claro,Simples,Em Obras,Sim,1,0,1,0,0,0,1,1,-26.46538871,-48.95544449,SPRF-SC,DEL03-SC,UOP03-DEL03-SC,2020
"299458,0",2020-08-04,terça-feira,18:55:00,SC,101,"214,6",PALHOCA,Não guardar distância de segurança,Colisão traseira,Sem Vítimas,Plena Noite,Decrescente,Céu Claro,Múltipla,Reta,Sim,2,0,0,0,2,0,0,2,-27.64443,-48.67057,SPRF-SC,DEL01-SC,UOP02-DEL01-SC,2020
"299459,0",2020-08-04,terça-feira,18:45:00,SC,101,"199,0",SAO JOSE,Desobediência às normas de trânsito pelo condutor,Queda de ocupante de veículo,Sem Vítimas,Plena Noite,Crescente,Céu Claro,Múltipla,Reta,Sim,2,0,0,0,1,1,0,2,-27.53413705,-48.63003205,SPRF-SC,DEL01-SC,UOP01-DEL01-SC,2020
"299475,0",2020-08-04,terça-feira,20:05:00,SC,101,"348,7",JAGUARUNA,Defeito Mecânico no Veículo,Incêndio,Sem Vítimas,Plena Noite,Decrescente,Céu Claro,Dupla,Declive;Curva,Sim,2,0,0,0,2,0,0,1,-28.59066411,-49.04479265,SPRF-SC,DEL02-SC,UOP01-DEL02-SC,2020
"299479,0",2020-08-04,terça-feira,20:30:00,SC,280,"125,6",RIO NEGRINHO,Falta de Atenção à Condução,Colisão transversal,Com Vítimas Feridas,Plena Noite,Crescente,Céu Claro,Simples,Reta,Sim,4,0,1,0,3,0,1,2,-26.23763684,-49.48434497,SPRF-SC,DEL06-SC,UOP03-DEL06-SC,2020
"299520,0",2020-08-05,quarta-feira,06:40:00,SC,470,"51,4",BLUMENAU,Sinalização da via insuficiente ou inadequada,Colisão lateral,Com Vítimas Feridas,Pleno dia,Crescente,Nublado,Simples,Em Obras,Não,2,0,1,0,1,0,1,2,-26.862339,-49.084038,SPRF-SC,DEL04-SC,UOP01-DEL04-SC,2020
"299530,0",2020-08-05,quarta-feira,07:50:00,SC,101,"212,0",PALHOCA,Falta de Atenção à Condução,Queda de ocupante de veículo,Com Vítimas Feridas,Pleno dia,Decrescente,Céu Claro,Múltipla,Reta,Não,3,0,2,0,1,0,2,3,-27.62996929,-48.65903871,SPRF-SC,DEL01-SC,UOP02-DEL01-SC,2020
"299551,0",2020-08-05,quarta-feira,10:15:00,SC,101,"201,0",SAO JOSE,Falta de Atenção à Condução,Colisão lateral,Com Vítimas Feridas,Pleno dia,Crescente,Sol,Múltipla,Reta,Sim,2,0,1,0,1,0,1,2,-27.54836599,-48.61977975,SPRF-SC,DEL01-SC,UOP01-DEL01-SC,2020
"299555,0",2020-08-05,quarta-feira,11:05:00,SC,101,"201,0",SAO JOSE,Defeito Mecânico no Veículo,Colisão transversal,Com Vítimas Feridas,Pleno dia,Decrescente,Sol,Múltipla,Reta,Não,2,0,0,1,1,0,1,2,-27.54836599,-48.61977975,SPRF-SC,DEL01-SC,UOP01-DEL01-SC,2020
"299580,0",2020-08-05,quarta-feira,12:45:00,SC,101,"333,0",TUBARAO,Falta de Atenção à Condução,Colisão transversal,Com Vítimas Feridas,Pleno dia,Crescente,Céu Claro,Simples,Interseção de Vias,Sim,2,0,1,0,1,0,1,2,-28.46817256,-49.01183367,SPRF-SC,DEL02-SC,UOP01-DEL02-SC,2020
"299590,0",2020-08-05,quarta-feira,14:34:00,SC,470,"140,5",RIO DO SUL,Desobediência às normas de trânsito pelo condutor,Colisão frontal,Com Vítimas Feridas,Pleno dia,Crescente,Sol,Simples,Reta;Declive,Sim,3,0,1,0,2,0,1,2,-27.20518026,-49.64293063,SPRF-SC,DEL04-SC,UOP02-DEL04-SC,2020
"299608,0",2020-08-05,quarta-feira,08:35:00,SC,101,"215,5",PALHOCA,Restrição de Visibilidade,Colisão lateral,Com Vítimas Feridas,Pleno dia,Crescente,Céu Claro,Simples,Interseção de Vias,Sim,2,0,1,0,1,0,1,2,-27.65575408,-48.67908955,SPRF-SC,DEL01-SC,UOP02-DEL01-SC,2020
"299623,0",2020-08-05,quarta-feira,17:00:00,SC,282,"4,7",SAO JOSE,Não guardar distância de segurança,Colisão traseira,Com Vítimas Feridas,Pleno dia,Crescente,Céu Claro,Múltipla,Reta,Sim,3,0,1,0,2,0,1,3,-27.592646,-48.604034,SPRF-SC,DEL01-SC,UOP01-DEL01-SC,2020
"299645,0",2020-08-05,quarta-feira,18:50:00,SC,282,"6,0",SAO JOSE,Desobediência às normas de trânsito pelo condutor,Colisão lateral,Com Vítimas Feridas,Plena Noite,Crescente,Céu Claro,Dupla,Reta,Não,2,0,0,1,1,0,1,2,-27.591936,-48.618244,SPRF-SC,DEL01-SC,UOP01-DEL01-SC,2020
"299646,0",2020-08-05,quarta-feira,12:40:00,SC,470,"50,4",BLUMENAU,Falta de Atenção à Condução,Colisão traseira,Com Vítimas Feridas,Pleno dia,Crescente,Céu Claro,Simples,Em Obras,Não,3,0,2,0,1,0,2,2,-26.859768,-49.074493,SPRF-SC,DEL04-SC,UOP01-DEL04-SC,2020
"299696,0",2020-08-05,quarta-feira,19:30:00,SC,101,"87,5",BARRA VELHA,Falta de Atenção à Condução,Colisão lateral,Com Vítimas Feridas,Plena Noite,Decrescente,Céu Claro,Dupla,Reta;Interseção de Vias,Sim,2,0,1,0,1,0,1,2,-26.63713377,-48.69651057,SPRF-SC,DEL03-SC,UOP02-DEL03-SC,2020
"299704,0",2020-08-06,quinta-feira,06:20:00,SC,101,"335,1",TUBARAO,Falta de Atenção à Condução,Colisão com objeto estático,Com Vítimas Feridas,Amanhecer,Crescente,Nevoeiro/Neblina,Dupla,Reta,Sim,1,0,1,0,0,0,1,1,-28.46927473,-49.01557908,SPRF-SC,DEL02-SC,UOP01-DEL02-SC,2020
"299705,0",2020-08-06,quinta-feira,05:50:00,SC,158,"136,0",PALMITOS,Defeito Mecânico no Veículo,Incêndio,Sem Vítimas,Amanhecer,Decrescente,Céu Claro,Simples,Reta;Declive,Não,19,0,0,0,19,0,0,1,-27.080539,-53.224165,SPRF-SC,DEL07-SC,UOP02-DEL07-SC,2020
"299716,0",2020-08-06,quinta-feira,07:40:00,SC,101,"213,7",PALHOCA,Falta de Atenção à Condução,Colisão lateral,Com Vítimas Feridas,Pleno dia,Decrescente,Céu Claro,Dupla,Reta,Sim,2,0,1,0,1,0,1,2,-27.63697369,-48.66514142,SPRF-SC,DEL01-SC,UOP02-DEL01-SC,2020
"299731,0",2020-07-17,sexta-feira,10:30:00,SC,280,"35,6",ARAQUARI,Falta de Atenção à Condução,Colisão lateral,Com Vítimas Feridas,Pleno dia,Crescente,Céu Claro,Simples,Reta,Não,2,0,2,0,0,0,2,2,-26.43447549,-48.80453914,SPRF-SC,DEL03-SC,UOP03-DEL03-SC,2020
"299736,0",2020-08-06,quinta-feira,09:15:00,SC,470,"64,0",INDAIAL,Desobediência às normas de trânsito pelo condutor,Colisão lateral,Com Vítimas Feridas,Pleno dia,Crescente,Céu Claro,Simples,Reta,Não,2,0,1,0,0,1,1,2,-26.869867,-49.201859,SPRF-SC,DEL04-SC,UOP01-DEL04-SC,2020
"299781,0",2020-08-06,quinta-feira,16:04:00,SC,101,"203,0",SAO JOSE,Falta de Atenção à Condução,Colisão lateral,Com Vítimas Feridas,Anoitecer,Crescente,Céu Claro,Dupla,Reta,Sim,2,0,1,0,1,0,1,2,-27.5650044,-48.61460082,SPRF-SC,DEL01-SC,UOP01-DEL01-SC,2020
"299798,0",2020-08-06,quinta-feira,17:20:00,SC,470,"52,5",BLUMENAU,Desobediência às normas de trânsito pelo condutor,Colisão transversal,Com Vítimas Feridas,Pleno dia,Crescente,Céu Claro,Simples,Interseção de Vias;Em Obras,Sim,2,0,2,0,0,0,2,2,-26.862286,-49.093903,SPRF-SC,DEL04-SC,UOP01-DEL04-SC,2020
"299808,0",2020-08-06,quinta-feira,18:10:00,SC,101,"200,4",SAO JOSE,Falta de Atenção à Condução,Colisão transversal,Com Vítimas Feridas,Plena Noite,Crescente,Céu Claro,Dupla,Reta,Sim,1,0,1,0,0,0,1,1,-27.54018513,-48.62287714,SPRF-SC,DEL01-SC,UOP01-DEL01-SC,2020
"299816,0",2020-08-06,quinta-feira,18:50:00,SC,280,"241,0",CANOINHAS,Animais na Pista,Colisão traseira,Com Vítimas Feridas,Plena Noite,Crescente,Céu Claro,Simples,Reta,Não,2,0,0,1,1,0,1,2,-26.22501599,-50.45997601,SPRF-SC,DEL06-SC,UOP04-DEL06-SC,2020
"299823,0",2020-08-06,quinta-feira,16:00:00,SC,116,"179,0",SAO CRISTOVAO DO SUL,Ingestão de Álcool,Capotamento,Sem Vítimas,Pleno dia,Decrescente,Céu Claro,Simples,Aclive,Sim,1,0,0,0,1,0,0,1,-27.26274894,-50.44460298,SPRF-SC,DEL05-SC,UOP03-DEL05-SC,2020
"299841,0",2020-08-06,quinta-feira,20:20:00,SC,470,"168,7",POUSO REDONDO,Ingestão de Álcool,Colisão frontal,Com Vítimas Feridas,Plena Noite,Crescente,Céu Claro,Simples,Reta,Sim,5,0,4,0,1,0,4,2,-27.266994,-49.872524,SPRF-SC,DEL04-SC,UOP02-DEL04-SC,2020
"299844,0",2020-08-06,quinta-feira,20:45:00,SC,470,"15,0",NAVEGANTES,Desobediência às normas de trânsito pelo condutor,Saída de leito carroçável,Com Vítimas Feridas,Plena Noite,Decrescente,Céu Claro,Simples,Reta,Não,2,0,0,1,1,0,1,2,-26.839785,-48.785534,SPRF-SC,DEL04-SC,UOP04-DEL04-SC,2020
"299883,0",2020-08-07,sexta-feira,06:40:00,SC,470,"18,3",ILHOTA,Falta de Atenção à Condução,Colisão lateral,Com Vítimas Feridas,Pleno dia,Crescente,Nevoeiro/Neblina,Simples,Reta,Não,2,0,0,1,1,0,1,2,-26.855534,-48.808922,SPRF-SC,DEL04-SC,UOP04-DEL04-SC,2020
"299939,0",2020-08-07,sexta-feira,12:25:00,SC,101,"139,7",BALNEARIO CAMBORIU,Falta de Atenção à Condução,Colisão traseira,Com Vítimas Feridas,Pleno dia,Decrescente,Céu Claro,Dupla,Reta,Sim,2,0,1,0,1,0,1,2,-27.02982303,-48.60115006,SPRF-SC,DEL04-SC,UOP03-DEL04-SC,2020
"299944,0",2020-07-25,sábado,20:33:00,SC,101,"48,0",JOINVILLE,Desobediência às normas de trânsito pelo condutor,Tombamento,Sem Vítimas,Plena Noite,Crescente,Chuva,Dupla,Reta,Não,2,0,0,0,2,0,0,2,-26.35838141,-48.85910869,SPRF-SC,DEL03-SC,UOP01-DEL03-SC,2020
"299953,0",2020-08-07,sexta-feira,11:00:00,SC,101,"362,0",SANGAO,Velocidade Incompatível,Saída de leito carroçável,Com Vítimas Feridas,Pleno dia,Decrescente,Céu Claro,Dupla,Reta,Não,1,0,1,0,0,0,1,1,-28.67136197,-49.12225505,SPRF-SC,DEL02-SC,UOP01-DEL02-SC,2020
"299955,0",2020-08-07,sexta-feira,14:00:00,SC,470,"68,0",INDAIAL,Falta de Atenção à Condução,Colisão traseira,Com Vítimas Feridas,Pleno dia,Crescente,Céu Claro,Simples,Reta,Sim,2,0,1,0,1,0,1,2,-26.877615,-49.239231,SPRF-SC,DEL04-SC,UOP01-DEL04-SC,2020
"299968,0",2020-08-07,sexta-feira,15:30:00,SC,101,"208,8",SAO JOSE,Desobediência às normas de trânsito pelo condutor,Colisão traseira,Com Vítimas Feridas,Pleno dia,Decrescente,Céu Claro,Múltipla,Reta,Sim,2,0,1,0,1,0,1,2,-27.60327979,-48.63201818,SPRF-SC,DEL01-SC,UOP01-DEL01-SC,2020
"299980,0",2020-08-07,sexta-feira,16:12:00,SC,101,"210,3",SAO JOSE,Não guardar distância de segurança,Colisão traseira,Com Vítimas Feridas,Pleno dia,Decrescente,Sol,Múltipla,Reta,Sim,3,0,1,0,2,0,1,3,-27.6167305,-48.6457265,SPRF-SC,DEL01-SC,UOP01-DEL01-SC,2020
"299990,0",2020-08-07,sexta-feira,16:55:00,SC,282,"3,5",FLORIANOPOLIS,Animais na Pista,Colisão traseira,Com Vítimas Feridas,Pleno dia,Decrescente,Céu Claro,Múltipla,Reta,Sim,4,0,1,0,1,2,1,4,-27.600384,-48.599705,SPRF-SC,DEL01-SC,UOP01-DEL01-SC,2020
"299996,0",2020-08-07,sexta-feira,17:00:00,SC,101,"99,0",BALNEARIO PICARRAS,Falta de Atenção à Condução,Saída de leito carroçável,Com Vítimas Feridas,Pleno dia,Decrescente,Sol,Múltipla,Reta,Não,2,0,2,0,0,0,2,1,-26.7471002,-48.69654831,SPRF-SC,DEL03-SC,UOP02-DEL03-SC,2020
"300009,0",2020-08-07,sexta-feira,17:30:00,SC,101,"213,0",PALHOCA,Falta de Atenção à Condução,Tombamento,Com Vítimas Feridas,Anoitecer,Decrescente,Céu Claro,Múltipla,Reta,Sim,1,0,1,0,0,0,1,1,-27.63697369,-48.66514142,SPRF-SC,DEL01-SC,UOP02-DEL01-SC,2020
"300015,0",2020-08-07,sexta-feira,15:00:00,SC,101,"127,9",ITAJAI,Não guardar distância de segurança,Colisão traseira,Com Vítimas Feridas,Pleno dia,Decrescente,Céu Claro,Dupla,Reta,Não,3,0,2,0,1,0,2,2,-26.9639319,-48.68328024,SPRF-SC,DEL04-SC,UOP04-DEL04-SC,2020
"300031,0",2020-08-07,sexta-feira,18:40:00,SC,101,"120,0",ITAJAI,Desobediência às normas de trânsito pelo condutor,Colisão transversal,Com Vítimas Feridas,Plena Noite,Crescente,Céu Claro,Dupla,Reta,Sim,3,0,1,0,2,0,1,3,-26.912758,-48.711998,SPRF-SC,DEL04-SC,UOP04-DEL04-SC,2020
"300034,0",2020-08-07,sexta-feira,20:00:00,SC,101,"215,0",SAO JOSE,Falta de Atenção à Condução,Colisão traseira,Com Vítimas Feridas,Plena Noite,Decrescente,Céu Claro,Dupla,Reta,Sim,2,0,1,0,1,0,1,2,-27.65184843,-48.67604941,SPRF-SC,DEL01-SC,UOP02-DEL01-SC,2020
"300039,0",2020-08-07,sexta-feira,19:40:00,SC,101,"130,0",BALNEARIO CAMBORIU,Falta de Atenção à Condução,Colisão traseira,Com Vítimas Feridas,Plena Noite,Crescente,Céu Claro,Dupla,Reta,Não,2,0,1,0,1,0,1,2,-26.98407618,-48.66977107,SPRF-SC,DEL04-SC,UOP03-DEL04-SC,2020
"300053,0",2020-08-07,sexta-feira,20:15:00,SC,101,"373,0",ICARA,Falta de Atenção à Condução,Colisão lateral,Com Vítimas Feridas,Plena Noite,Decrescente,Céu Claro,Dupla,Curva,Não,2,0,2,0,0,0,2,2,-28.71715839,-49.2316407,SPRF-SC,DEL02-SC,UOP01-DEL02-SC,2020
"300055,0",2020-08-07,sexta-feira,19:35:00,SC,282,"620,0",IRACEMINHA,Defeito na Via,Queda de ocupante de veículo,Com Vítimas Feridas,Plena Noite,Crescente,Céu Claro,Simples,Curva,Não,1,0,1,0,0,0,1,1,-26.79934885,-53.32884572,SPRF-SC,DEL07-SC,UOP02-DEL07-SC,2020
"300057,0",2020-08-07,sexta-feira,20:40:00,SC,101,"123,0",ITAJAI,Falta de Atenção à Condução,Colisão traseira,Com Vítimas Feridas,Plena Noite,Crescente,Céu Claro,Dupla,Reta,Não,3,0,2,0,1,0,2,2,-26.93668609,-48.69876905,SPRF-SC,DEL04-SC,UOP04-DEL04-SC,2020
"300069,0",2020-08-07,sexta-feira,20:40:00,SC,280,"79,1",CORUPA,Velocidade Incompatível,Saída de leito carroçável,Com Vítimas Feridas,Plena Noite,Decrescente,Céu Claro,Simples,Curva,Não,1,0,1,0,0,0,1,1,-26.44121492,-49.21230381,SPRF-SC,DEL06-SC,UOP03-DEL06-SC,2020
"300073,0",2020-08-07,sexta-feira,20:45:00,SC,101,"131,5",BALNEARIO CAMBORIU,Desobediência às normas de trânsito pelo condutor,Saída de leito carroçável,Com Vítimas Feridas,Plena Noite,Crescente,Céu Claro,Simples,Reta,Sim,2,0,1,0,1,0,1,2,-26.99064209,-48.66310912,SPRF-SC,DEL04-SC,UOP03-DEL04-SC,2020
"300093,0",2020-08-07,sexta-feira,20:00:00,SC,101,"25,0",JOINVILLE,Não guardar distância de segurança,Colisão traseira,Sem Vítimas,Plena Noite,Crescente,Céu Claro,Dupla,Reta,Não,6,0,0,0,6,0,0,2,-26.1834739,-48.9105912,SPRF-SC,DEL03-SC,UOP01-DEL03-SC,2020
"300095,0",2020-08-07,sexta-feira,23:25:00,SC,282,"205,8",SAO JOSE,Falta de Atenção à Condução,Saída de leito carroçável,Sem Vítimas,Plena Noite,Decrescente,Céu Claro,Múltipla,Curva,Sim,1,0,0,0,1,0,0,1,-27.58812047,-48.61628294,SPRF-SC,DEL05-SC,UOP01-DEL05-SC,2020
"300149,0",2020-08-08,sábado,09:15:00,SC,101,"69,0",ARAQUARI,Falta de Atenção à Condução,Queda de ocupante de veículo,Com Vítimas Feridas,Pleno dia,Crescente,Sol,Dupla,Reta,Sim,1,0,1,0,0,0,1,1,-26.50298009,-48.72814515,SPRF-SC,DEL03-SC,UOP02-DEL03-SC,2020
"300163,0",2020-08-08,sábado,10:15:00,SC,470,"141,0",RIO DO SUL,Falta de Atenção à Condução,Colisão lateral,Com Vítimas Feridas,Pleno dia,Crescente,Sol,Dupla,Reta,Sim,2,0,1,0,1,0,1,2,-27.226065,-49.666161,SPRF-SC,DEL04-SC,UOP02-DEL04-SC,2020