id,data_inversa,dia_semana,horario,uf,br,km,municipio,causa_acidente,tipo_acidente,classificacao_acidente,fase_dia,sentido_via,condicao_metereologica,tipo_pista,tracado_via,uso_solo,pessoas,mortos,feridos_leves,feridos_graves,ilesos,ignorados,feridos,veiculos,latitude,longitude,regional,delegacia,uop,ano_arquivo
"300173,0",2020-08-08,sábado,07:18:00,SC,101,"281,4",IMBITUBA,Falta de Atenção à Condução,Saída de leito carroçável,Com Vítimas Feridas,Pleno dia,Decrescente,Nevoeiro/Neblina,Dupla,Reta,Não,1,0,1,0,0,0,1,1,-28.18793595,-48.69652041,SPRF-SC,DEL02-SC,UOP03-DEL02-SC,2020
"300180,0",2020-08-08,sábado,10:10:00,SC,101,"212,5",PALHOCA,Não guardar distância de segurança,Colisão traseira,Com Vítimas Feridas,Pleno dia,Decrescente,Céu Claro,Dupla,Reta,Sim,3,0,1,0,2,0,1,2,-27.62996929,-48.65903871,SPRF-SC,DEL01-SC,UOP02-DEL01-SC,2020
"300186,0",2020-08-08,sábado,10:34:00,SC,101,"212,2",PALHOCA,Falta de Atenção à Condução,Tombamento,Com Vítimas Feridas,Pleno dia,Decrescente,Céu Claro,Múltipla,Reta,Sim,2,0,2,0,0,0,2,1,-27.62996929,-48.65903871,SPRF-SC,DEL01-SC,UOP02-DEL01-SC,2020
"300192,0",2020-08-08,sábado,13:40:00,SC,282,"16,0",PALHOCA,Falta de Atenção à Condução,Colisão traseira,Com Vítimas Feridas,Pleno dia,Decrescente,Céu Claro,Simples,Reta,Sim,2,0,0,1,1,0,1,2,-27.658611,-48.681847,SPRF-SC,DEL01-SC,UOP02-DEL01-SC,2020
"300213,0",2020-08-08,sábado,16:50:00,SC,101,"132,0",BALNEARIO CAMBORIU,Desobediência às normas de trânsito pelo pedestre,Atropelamento de Pedestre,Com Vítimas Feridas,Pleno dia,Crescente,Céu Claro,Múltipla,Reta,Sim,2,0,0,1,1,0,1,2,-26.99654133,-48.65564711,SPRF-SC,DEL04-SC,UOP03-DEL04-SC,2020
"300223,0",2020-08-08,sábado,15:45:00,SC,101,"147,0",ITAPEMA,Falta de Atenção à Condução,Engavetamento,Sem Vítimas,Pleno dia,Decrescente,Céu Claro,Dupla,Reta,Sim,4,0,0,0,3,1,0,4,-27.09237407,-48.61730888,SPRF-SC,DEL04-SC,UOP03-DEL04-SC,2020
"300226,0",2020-08-08,sábado,16:20:00,SC,101,"180,0",BIGUACU,Desobediência às normas de trânsito pelo condutor,Colisão transversal,Com Vítimas Feridas,Pleno dia,Decrescente,Céu Claro,Múltipla,Viaduto,Sim,2,0,0,1,1,0,1,2,-27.3811238,-48.63090648,SPRF-SC,DEL01-SC,UOP01-DEL01-SC,2020
"300236,0",2020-08-08,sábado,15:00:00,SC,282,"416,5",CATANDUVAS,Velocidade Incompatível,Saída de leito carroçável,Com Vítimas Fatais,Pleno dia,Decrescente,Céu Claro,Simples,Reta,Não,1,1,0,0,0,0,0,1,-27.037748,-51.718472,SPRF-SC,DEL07-SC,UOP05-DEL07-SC,2020
"300264,0",2020-08-08,sábado,18:40:00,SC,101,"442,0",SANTA ROSA DO SUL,Condutor Dormindo,Saída de leito carroçável,Com Vítimas Feridas,Plena Noite,Crescente,Nublado,Dupla,Reta,Não,1,0,1,0,0,0,1,1,-29.13317806,-49.70083952,SPRF-SC,DEL02-SC,UOP02-DEL02-SC,2020
"300267,0",2020-08-08,sábado,19:05:00,SC,101,"210,0",SAO JOSE,Ingestão de Álcool,Colisão traseira,Sem Vítimas,Plena Noite,Crescente,Céu Claro,Dupla,Declive,Sim,2,0,0,0,2,0,0,2,-27.6167305,-48.6457265,SPRF-SC,DEL01-SC,UOP01-DEL01-SC,2020
"300300,0",2020-08-08,sábado,20:50:00,SC,470,"13,8",ILHOTA,Sinalização da via insuficiente ou inadequada,Saída de leito carroçável,Sem Vítimas,Plena Noite,Crescente,Nublado,Simples,Curva,Não,1,0,0,0,0,1,0,1,-26.837532,-48.774623,SPRF-SC,DEL04-SC,UOP04-DEL04-SC,2020
"300324,0",2020-08-08,sábado,22:00:00,SC,101,"76,8",BARRA VELHA,Ingestão de Álcool,Saída de leito carroçável,Sem Vítimas,Plena Noite,Crescente,Nublado,Dupla,Curva,Não,1,0,0,0,1,0,0,1,-26.56947149,-48.72091055,SPRF-SC,DEL03-SC,UOP02-DEL03-SC,2020
"300328,0",2020-08-08,sábado,22:45:00,SC,101,"133,8",BALNEARIO CAMBORIU,Falta de Atenção à Condução,Saída de leito carroçável,Com Vítimas Feridas,Plena Noite,Decrescente,Nublado,Múltipla,Reta,Sim,3,0,1,0,1,1,1,1,-26.99936,-48.64609,SPRF-SC,DEL04-SC,UOP03-DEL04-SC,2020
"300336,0",2020-08-09,domingo,01:20:00,SC,101,"226,5",PALHOCA,Ingestão de Álcool,Colisão traseira,Com Vítimas Feridas,Plena Noite,Crescente,Céu Claro,Dupla,Reta,Não,6,0,3,2,1,0,5,2,-27.74200001,-48.63806504,SPRF-SC,DEL01-SC,UOP02-DEL01-SC,2020
"300343,0",2020-08-08,sábado,18:35:00,SC,470,"130,1",LONTRAS,Desobediência às normas de trânsito pelo condutor,Colisão transversal,Com Vítimas Feridas,Plena Noite,Decrescente,Céu Claro,Simples,Reta,Sim,13,0,9,3,0,1,12,3,-27.15756,-49.556488,SPRF-SC,DEL04-SC,UOP02-DEL04-SC,2020
"300345,0",2020-08-09,domingo,02:00:00,SC,101,"199,0",BIGUACU,Falta de Atenção à Condução,Saída de leito carroçável,Sem Vítimas,Plena Noite,Decrescente,Céu Claro,Simples,Interseção de Vias,Sim,6,0,0,0,0,6,0,6,-27.53413705,-48.63003205,SPRF-SC,DEL01-SC,UOP01-DEL01-SC,2020
"300370,0",2020-08-09,domingo,09:25:00,SC,101,"4,3",GARUVA,Ingestão de Álcool,Saída de leito carroçável,Sem Vítimas,Pleno dia,Decrescente,Sol,Dupla,Reta,Não,1,0,0,0,1,0,0,1,-26.00908719,-48.86448735,SPRF-SC,DEL03-SC,UOP01-DEL03-SC,2020
"300375,0",2020-08-09,domingo,11:25:00,SC,101,"197,0",BIGUACU,Falta de Atenção à Condução,Colisão lateral,Com Vítimas Feridas,Pleno dia,Decrescente,Sol,Múltipla,Reta,Não,3,0,2,0,0,1,2,2,-27.51844497,-48.63848496,SPRF-SC,DEL01-SC,UOP01-DEL01-SC,2020
"300389,0",2020-08-09,domingo,07:15:00,SC,101,"209,5",SAO JOSE,Ingestão de Álcool,Colisão com objeto estático,Sem Vítimas,Pleno dia,Crescente,Céu Claro,Múltipla,Reta,Sim,1,0,0,0,1,0,0,1,-27.61000542,-48.63895057,SPRF-SC,DEL01-SC,UOP01-DEL01-SC,2020
"300401,0",2020-08-09,domingo,07:50:00,SC,101,"118,9",ITAJAI,Defeito Mecânico no Veículo,Tombamento,Com Vítimas Feridas,Pleno dia,Decrescente,Céu Claro,Dupla,Reta,Sim,2,0,2,0,0,0,2,1,-26.895859,-48.71903,SPRF-SC,DEL04-SC,UOP04-DEL04-SC,2020
"300404,0",2020-08-09,domingo,08:30:00,SC,280,"152,5",MAFRA,Velocidade Incompatível,Tombamento,Com Vítimas Feridas,Pleno dia,Decrescente,Céu Claro,Simples,Reta,Não,2,0,2,0,0,0,2,1,-26.22730215,-49.7063452,SPRF-SC,DEL06-SC,UOP03-DEL06-SC,2020
"300432,0",2020-08-09,domingo,15:30:00,SC,101,"214,7",PALHOCA,Não guardar distância de segurança,Colisão traseira,Com Vítimas Feridas,Pleno dia,Crescente,Céu Claro,Simples,Reta,Sim,3,0,1,0,2,0,1,3,-27.64443,-48.67057,SPRF-SC,DEL01-SC,UOP02-DEL01-SC,2020
"300437,0",2020-08-09,domingo,15:45:00,SC,280,"57,5",GUARAMIRIM,Não guardar distância de segurança,Colisão traseira,Com Vítimas Feridas,Pleno dia,Crescente,Sol,Simples,Reta,Sim,2,0,1,0,1,0,1,2,-26.47477952,-49.01851773,SPRF-SC,DEL03-SC,UOP03-DEL03-SC,2020
"300440,0",2020-08-09,domingo,16:45:00,SC,101,"138,0",BALNEARIO CAMBORIU,Não guardar distância de segurança,Tombamento,Com Vítimas Feridas,Pleno dia,Decrescente,Céu Claro,Múltipla,Reta,Sim,1,0,1,0,0,0,1,1,-27.02456208,-48.60717416,SPRF-SC,DEL04-SC,UOP03-DEL04-SC,2020
"300510,0",2020-08-09,domingo,20:00:00,SC,101,"278,0",IMBITUBA,Ingestão de Álcool,Colisão lateral,Com Vítimas Feridas,Plena Noite,Decrescente,Céu Claro,Múltipla,Reta;Declive,Sim,4,0,2,1,1,0,3,2,-28.176505,-48.695052,SPRF-SC,DEL02-SC,UOP03-DEL02-SC,2020
"300525,0",2020-08-09,domingo,20:49:00,SC,101,"208,7",SAO JOSE,Não guardar distância de segurança,Colisão traseira,Com Vítimas Feridas,Plena Noite,Decrescente,Céu Claro,Múltipla,Reta,Sim,3,0,2,0,1,0,2,2,-27.60327979,-48.63201818,SPRF-SC,DEL01-SC,UOP01-DEL01-SC,2020
"300540,0",2020-08-09,domingo,21:00:00,SC,470,"2,0",NAVEGANTES,Falta de Atenção à Condução,Saída de leito carroçável,Com Vítimas Feridas,Plena Noite,Decrescente,Nublado,Dupla,Reta,Não,1,0,1,0,0,0,1,1,-26.868551,-48.674831,SPRF-SC,DEL04-SC,UOP04-DEL04-SC,2020
"300551,0",2020-08-09,domingo,21:15:00,SC,101,"378,5",ICARA,Desobediência às normas de trânsito pelo condutor,Colisão frontal,Com Vítimas Feridas,Plena Noite,Crescente,Céu Claro,Simples,Interseção de Vias,Sim,2,0,1,0,0,1,1,2,-28.75175034,-49.27029669,SPRF-SC,DEL02-SC,UOP02-DEL02-SC,2020
"300558,0",2020-08-09,domingo,21:30:00,SC,101,"52,0",JOINVILLE,Fenômenos da Natureza,Incêndio,Sem Vítimas,Plena Noite,Crescente,Céu Claro,Simples,Curva,Não,1,0,0,0,0,1,0,1,-26.39111608,-48.83984239,SPRF-SC,DEL03-SC,UOP01-DEL03-SC,2020
"300569,0",2020-08-09,domingo,23:00:00,SC,101,"118,0",ITAJAI,Falta de Atenção à Condução,Colisão traseira,Sem Vítimas,Plena Noite,Crescente,Céu Claro,Múltipla,Reta,Sim,2,0,0,0,2,0,0,2,-26.895859,-48.71903,SPRF-SC,DEL04-SC,UOP04-DEL04-SC,2020
"300609,0",2020-08-10,segunda-feira,07:15:00,SC,280,"239,0",CANOINHAS,Restrição de Visibilidade,Colisão frontal,Com Vítimas Feridas,Amanhecer,Crescente,Céu Claro,Simples,Reta,Não,2,0,0,1,1,0,1,2,-26.20971113,-50.44782084,SPRF-SC,DEL06-SC,UOP04-DEL06-SC,2020
"300637,0",2020-06-12,sexta-feira,18:10:00,SC,101,"330,6",TUBARAO,Desobediência às normas de trânsito pelo condutor,Colisão transversal,Com Vítimas Feridas,Pleno dia,Decrescente,Céu Claro,Simples,Interseção de Vias,Sim,2,0,0,1,1,0,1,2,-28.45115639,-48.97286879,SPRF-SC,DEL02-SC,UOP01-DEL02-SC,2020
"300676,0",2020-08-10,segunda-feira,15:00:00,SC,282,"16,2",PALHOCA,Não guardar distância de segurança,Colisão transversal,Com Vítimas Feridas,Pleno dia,Crescente,Céu Claro,Simples,Interseção de Vias,Sim,2,0,0,1,1,0,1,2,-27.66103551,-48.68397921,SPRF-SC,DEL01-SC,UOP02-DEL01-SC,2020
"300697,0",2020-08-10,segunda-feira,17:00:00,SC,163,"102,0",SAO JOSE DO CEDRO,Falta de Atenção à Condução,Colisão frontal,Com Vítimas Feridas,Pleno dia,Crescente,Céu Claro,Simples,Reta,Sim,2,0,1,0,1,0,1,2,-26.4546676,-53.51019859,SPRF-SC,DEL07-SC,UOP03-DEL07-SC,2020
"300716,0",2020-08-10,segunda-feira,09:30:00,SC,163,"69,7",SAO MIGUEL DO OESTE,Desobediência às normas de trânsito pelo condutor,Colisão transversal,Com Vítimas Feridas,Pleno dia,Decrescente,Sol,Dupla,Reta,Sim,2,0,1,0,1,0,1,2,-26.74132699,-53.50120591,SPRF-SC,DEL07-SC,UOP03-DEL07-SC,2020
"300739,0",2020-08-10,segunda-feira,20:03:00,SC,101,"37,0",JOINVILLE,Velocidade Incompatível,Colisão com objeto estático,Com Vítimas Feridas,Plena Noite,Decrescente,Céu Claro,Dupla,Reta,Sim,3,0,2,0,0,1,2,3,-26.29156818,-48.88504028,SPRF-SC,DEL03-SC,UOP01-DEL03-SC,2020
"300749,0",2020-08-10,segunda-feira,22:00:00,SC,282,"3,0",FLORIANOPOLIS,Desobediência às normas de trânsito pelo condutor,Colisão transversal,Com Vítimas Feridas,Plena Noite,Decrescente,Céu Claro,Múltipla,Reta,Não,5,0,1,0,4,0,1,2,-27.600384,-48.599705,SPRF-SC,DEL01-SC,UOP01-DEL01-SC,2020
"300759,0",2020-08-11,terça-feira,00:50:00,SC,282,"1,0",FLORIANOPOLIS,Falta de Atenção à Condução,Colisão com objeto estático,Sem Vítimas,Plena Noite,Crescente,Céu Claro,Dupla,Reta,Sim,3,0,0,0,0,3,0,2,-27.602955,-48.580509,SPRF-SC,DEL01-SC,UOP01-DEL01-SC,2020
"300766,0",2020-08-11,terça-feira,02:00:00,SC,470,"4,0",NAVEGANTES,Desobediência às normas de trânsito pelo condutor,Colisão com objeto estático,Sem Vítimas,Plena Noite,Crescente,Céu Claro,Simples,Rotatória,Sim,1,0,0,0,0,1,0,1,-26.858473,-48.690788,SPRF-SC,DEL04-SC,UOP04-DEL04-SC,2020
"300781,0",2020-08-11,terça-feira,04:00:00,SC,101,"218,0",PALHOCA,Falta de Atenção à Condução,Colisão traseira,Com Vítimas Feridas,Plena Noite,Crescente,Céu Claro,Dupla,Reta,Não,2,0,1,0,0,1,1,2,-27.6758601,-48.67052525,SPRF-SC,DEL01-SC,UOP02-DEL01-SC,2020
"300797,0",2020-06-22,segunda-feira,17:00:00,SC,116,"4,5",MAFRA,Falta de Atenção à Condução,Colisão lateral,Com Vítimas Feridas,Anoitecer,Decrescente,Céu Claro,Simples,Rotatória;Interseção de Vias,Sim,2,0,0,1,1,0,1,2,-26.13960481,-49.81261253,SPRF-SC,DEL06-SC,UOP01-DEL06-SC,2020
"300821,0",2020-08-11,terça-feira,14:00:00,SC,101,"210,0",SAO JOSE,Objeto estático sobre o leito carroçável,Colisão com objeto estático,Com Vítimas Feridas,Pleno dia,Crescente,Sol,Múltipla,Reta,Sim,2,0,1,0,1,0,1,2,-27.6167305,-48.6457265,SPRF-SC,DEL01-SC,UOP01-DEL01-SC,2020
"300862,0",2020-08-11,terça-feira,18:35:00,SC,470,"46,5",BLUMENAU,Não guardar distância de segurança,Colisão traseira,Com Vítimas Feridas,Plena Noite,Crescente,Céu Claro,Simples,Reta,Sim,3,0,1,0,2,0,1,3,-26.864044,-49.046516,SPRF-SC,DEL04-SC,UOP01-DEL04-SC,2020
"300867,0",2020-08-11,terça-feira,16:15:00,SC,116,"221,1",CORREIA PINTO,Falta de Atenção à Condução,Colisão transversal,Com Vítimas Feridas,Pleno dia,Crescente,Sol,Simples,Reta,Não,4,0,1,0,3,0,1,2,-27.58573399,-50.36555188,SPRF-SC,DEL05-SC,UOP03-DEL05-SC,2020
"300875,0",2020-08-11,terça-feira,18:15:00,SC,101,"281,8",IMBITUBA,Falta de Atenção à Condução,Tombamento,Com Vítimas Feridas,Plena Noite,Decrescente,Céu Claro,Dupla,Reta,Sim,1,0,0,1,0,0,1,1,-28.18793595,-48.69652041,SPRF-SC,DEL02-SC,UOP03-DEL02-SC,2020
"300881,0",2020-08-11,terça-feira,14:50:00,SC,282,"497,5",XANXERE,Defeito Mecânico no Veículo,Saída de leito carroçável,Sem Vítimas,Pleno dia,Decrescente,Sol,Simples,Reta,Não,1,0,0,0,0,1,0,1,-26.87971294,-52.34557271,SPRF-SC,DEL07-SC,UOP01-DEL07-SC,2020
"300908,0",2020-08-11,terça-feira,15:20:00,SC,101,"288,0",IMBITUBA,Falta de Atenção à Condução,Colisão traseira,Com Vítimas Feridas,Pleno dia,Crescente,Nublado,Simples,Reta,Sim,2,0,0,1,1,0,1,2,-28.269949,-48.701038,SPRF-SC,DEL02-SC,UOP03-DEL02-SC,2020
"300917,0",2020-08-12,quarta-feira,00:10:00,SC,470,"69,1",INDAIAL,Desobediência às normas de trânsito pelo condutor,Colisão transversal,Com Vítimas Feridas,Plena Noite,Crescente,Céu Claro,Simples,Reta;Em Obras,Sim,3,0,2,0,1,0,2,3,-26.883745,-49.246704,SPRF-SC,DEL04-SC,UOP01-DEL04-SC,2020
"300943,0",2020-08-11,terça-feira,21:00:00,SC,116,"245,5",LAGES,Falta de Atenção à Condução,Colisão transversal,Com Vítimas Feridas,Plena Noite,Crescente,Céu Claro,Simples,Rotatória;Interseção de Vias,Sim,2,0,1,0,1,0,1,2,-27.79981134,-50.36366701,SPRF-SC,DEL05-SC,UOP02-DEL05-SC,2020
"300944,0",2020-08-11,terça-feira,19:50:00,SC,470,"54,5",BLUMENAU,Falta de Atenção à Condução,Colisão traseira,Com Vítimas Feridas,Plena Noite,Crescente,Céu Claro,Simples,Rotatória,Sim,3,0,1,0,2,0,1,2,-26.871065,-49.110374,SPRF-SC,DEL04-SC,UOP01-DEL04-SC,2020
"300971,0",2020-08-12,quarta-feira,08:30:00,SC,101,"210,0",SAO JOSE,Desobediência às normas de trânsito pelo condutor,Colisão lateral,Com Vítimas Feridas,Pleno dia,Decrescente,Garoa/Chuvisco,Dupla,Reta,Sim,3,0,1,0,2,0,1,3,-27.6167305,-48.6457265,SPRF-SC,DEL01-SC,UOP01-DEL01-SC,2020
"300989,0",2020-08-12,quarta-feira,10:00:00,SC,101,"194,0",BIGUACU,Animais na Pista,Colisão traseira,Com Vítimas Feridas,Pleno dia,Crescente,Nublado,Dupla,Reta,Não,2,0,2,0,0,0,2,1,-27.49815117,-48.65661236,SPRF-SC,DEL01-SC,UOP01-DEL01-SC,2020
"300995,0",2020-08-12,quarta-feira,11:20:00,SC,101,"217,7",PALHOCA,Defeito Mecânico no Veículo,Tombamento,Com Vítimas Feridas,Pleno dia,Decrescente,Garoa/Chuvisco,Dupla,Reta,Sim,1,0,1,0,0,0,1,1,-27.66779034,-48.67393586,SPRF-SC,DEL01-SC,UOP02-DEL01-SC,2020
"301033,0",2020-08-12,quarta-feira,14:00:00,SC,470,"307,9",VARGEM,Velocidade Incompatível,Saída de leito carroçável,Com Vítimas Feridas,Pleno dia,Decrescente,Chuva,Simples,Aclive;Curva,Não,2,0,2,0,0,0,2,1,-27.386908,-51.113163,SPRF-SC,DEL07-SC,UOP06-DEL07-SC,2020
"301034,0",2020-08-12,quarta-feira,14:30:00,SC,101,"306,5",LAGUNA,Avarias e/ou desgaste excessivo no pneu,Capotamento,Com Vítimas Feridas,Pleno dia,Crescente,Chuva,Dupla,Curva,Sim,2,0,2,0,0,0,2,1,-28.40614725,-48.79113263,SPRF-SC,DEL02-SC,UOP03-DEL02-SC,2020
"301038,0",2020-08-12,quarta-feira,10:45:00,SC,282,"275,1",SAO JOSE DO CERRITO,Velocidade Incompatível,Colisão com objeto estático,Com Vítimas Feridas,Pleno dia,Crescente,Chuva,Simples,Curva,Não,2,0,1,0,1,0,1,1,-27.606421,-50.720207,SPRF-SC,DEL05-SC,UOP02-DEL05-SC,2020
"301050,0",2020-08-12,quarta-feira,14:35:00,SC,282,"558,3",NOVA ITABERABA,Fenômenos da Natureza,Saída de leito carroçável,Com Vítimas Feridas,Pleno dia,Decrescente,Chuva,Simples,Curva,Não,2,0,1,0,1,0,1,2,-26.93148255,-52.83471107,SPRF-SC,DEL07-SC,UOP01-DEL07-SC,2020
"301057,0",2020-08-12,quarta-feira,17:35:00,SC,101,"213,5",PALHOCA,Não guardar distância de segurança,Tombamento,Com Vítimas Feridas,Anoitecer,Decrescente,Chuva,Múltipla,Reta,Sim,2,0,1,0,1,0,1,2,-27.63697369,-48.66514142,SPRF-SC,DEL01-SC,UOP02-DEL01-SC,2020
"301075,0",2020-08-12,quarta-feira,09:20:00,SC,116,"246,0",LAGES,Falta de Atenção à Condução,Colisão transversal,Com Vítimas Feridas,Pleno dia,Decrescente,Chuva,Simples,Reta,Sim,2,0,2,0,0,0,2,2,-27.80419942,-50.36509464,SPRF-SC,DEL05-SC,UOP02-DEL05-SC,2020
"301079,0",2020-08-12,quarta-feira,11:20:00,SC,280,"20,2",ARAQUARI,Falta de Atenção à Condução,Colisão transversal,Com Vítimas Feridas,Pleno dia,Decrescente,Garoa/Chuvisco,Simples,Interseção de Vias,Não,2,0,1,0,1,0,1,2,-26.36990477,-48.68224301,SPRF-SC,DEL03-SC,UOP03-DEL03-SC,2020
"301080,0",2020-08-12,quarta-feira,15:40:00,SC,470,"32,0",GASPAR,Falta de Atenção à Condução,Tombamento,Com Vítimas Feridas,Pleno dia,Crescente,Céu Claro,Simples,Reta,Não,1,0,1,0,0,0,1,1,-26.901793,-48.931812,SPRF-SC,DEL04-SC,UOP01-DEL04-SC,2020
"301082,0",2020-08-12,quarta-feira,18:30:00,SC,101,"140,1",BALNEARIO CAMBORIU,Falta de Atenção à Condução,Colisão traseira,Com Vítimas Feridas,Plena Noite,Decrescente,Chuva,Dupla,Reta,Sim,2,0,1,0,0,1,1,2,-27.03798,-48.6032,SPRF-SC,DEL04-SC,UOP03-DEL04-SC,2020
"301090,0",2020-08-12,quarta-feira,13:50:00,SC,282,"642,0",SAO MIGUEL DO OESTE,Falta de Atenção à Condução,Colisão lateral,Sem Vítimas,Pleno dia,Crescente,Chuva,Simples,Declive;Reta,Não,2,0,0,0,2,0,0,2,-26.772327,-53.461613,SPRF-SC,DEL07-SC,UOP03-DEL07-SC,2020
"301091,0",2020-08-12,quarta-feira,14:00:00,SC,116,"76,0",MONTE CASTELO,Falta de Atenção à Condução,Queda de ocupante de veículo,Com Vítimas Feridas,Pleno dia,Decrescente,Garoa/Chuvisco,Simples,Reta,Não,1,0,0,1,0,0,1,1,-26.52048996,-50.22544945,SPRF-SC,DEL06-SC,UOP02-DEL06-SC,2020
"301112,0",2020-08-12,quarta-feira,19:15:00,SC,101,"124,2",ITAJAI,Pista Escorregadia,Tombamento,Com Vítimas Feridas,Plena Noite,Crescente,Chuva,Múltipla,Curva,Não,1,0,1,0,0,0,1,1,-26.94335064,-48.69198648,SPRF-SC,DEL04-SC,UOP04-DEL04-SC,2020
"301114,0",2020-08-12,quarta-feira,20:12:00,SC,101,"117,3",ITAJAI,Pista Escorregadia,Tombamento,Com Vítimas Feridas,Plena Noite,Crescente,Chuva,Múltipla,Reta,Não,2,0,2,0,0,0,2,1,-26.88747187,-48.72252969,SPRF-SC,DEL04-SC,UOP04-DEL04-SC,2020
"301117,0",2020-08-12,quarta-feira,17:25:00,SC,470,"26,0",ILHOTA,Falta de Atenção à Condução,Colisão lateral,Com Vítimas Feridas,Anoitecer,Decrescente,Garoa/Chuvisco,Dupla,Reta,Não,2,0,0,1,1,0,1,2,-26.887402,-48.875191,SPRF-SC,DEL04-SC,UOP04-DEL04-SC,2020
"301119,0",2020-08-12,quarta-feira,22:00:00,SC,101,"215,0",PALHOCA,Fenômenos da Natureza,Tombamento,Com Vítimas Feridas,Plena Noite,Crescente,Chuva,Dupla,Reta,Sim,1,0,1,0,0,0,1,1,-27.65184843,-48.67604941,SPRF-SC,DEL01-SC,UOP02-DEL01-SC,2020
"301131,0",2020-08-12,quarta-feira,22:00:00,SC,470,"40,2",GASPAR,Pista Escorregadia,Colisão frontal,Com Vítimas Feridas,Plena Noite,Crescente,Chuva,Simples,Reta,Não,4,0,2,1,1,0,3,2,-26.889574,-48.99094,SPRF-SC,DEL04-SC,UOP01-DEL04-SC,2020
"301133,0",2020-08-12,quarta-feira,11:50:00,SC,280,"52,0",GUARAMIRIM,Falta de Atenção à Condução,Tombamento,Com Vítimas Feridas,Plena Noite,Decrescente,Chuva,Simples,Reta,Sim,1,0,1,0,0,0,1,1,-26.468904,-48.96492,SPRF-SC,DEL03-SC,UOP03-DEL03-SC,2020
"301149,0",2020-08-12,quarta-feira,17:50:00,SC,101,"259,0",PAULO LOPES,Velocidade Incompatível,Colisão com objeto estático,Sem Vítimas,Anoitecer,Crescente,Chuva,Dupla,Declive;Reta,Não,1,0,0,0,1,0,0,1,-28.02366623,-48.70286649,SPRF-SC,DEL02-SC,UOP03-DEL02-SC,2020
"301177,0",2020-08-13,quinta-feira,04:25:00,SC,101,"263,0",GAROPABA,Falta de Atenção à Condução,Saída de leito carroçável,Sem Vítimas,Plena Noite,Decrescente,Nublado,Dupla,Reta,Sim,2,0,0,0,1,1,0,2,-28.0431009,-48.71350524,SPRF-SC,DEL02-SC,UOP03-DEL02-SC,2020
"301179,0",2020-08-13,quinta-feira,09:00:00,SC,101,"201,0",SAO JOSE,Desobediência às normas de trânsito pelo condutor,Colisão traseira,Com Vítimas Feridas,Pleno dia,Crescente,Céu Claro,Dupla,Reta,Sim,3,0,1,0,2,0,1,2,-27.54836599,-48.61977975,SPRF-SC,DEL01-SC,UOP01-DEL01-SC,2020
"301213,0",2020-08-13,quinta-feira,13:05:00,SC,280,"56,1",GUARAMIRIM,Falta de Atenção à Condução,Colisão transversal,Com Vítimas Feridas,Pleno dia,Decrescente,Sol,Simples,Reta,Não,2,0,1,0,1,0,1,2,-26.47947677,-49.00298702,SPRF-SC,DEL03-SC,UOP03-DEL03-SC,2020
"301221,0",2020-08-13,quinta-feira,13:50:00,SC,282,"394,0",JOACABA,Falta de Atenção à Condução,Colisão com objeto estático,Com Vítimas Feridas,Pleno dia,Decrescente,Céu Claro,Simples,Curva,Não,1,0,1,0,0,0,1,1,-27.16017,-51.58284,SPRF-SC,DEL07-SC,UOP05-DEL07-SC,2020
"301248,0",2020-08-13,quinta-feira,17:40:00,SC,101,"212,1",PALHOCA,Falta de Atenção à Condução,Colisão lateral,Com Vítimas Feridas,Anoitecer,Decrescente,Nublado,Múltipla,Reta,Sim,2,0,1,0,1,0,1,2,-27.62996929,-48.65903871,SPRF-SC,DEL01-SC,UOP02-DEL01-SC,2020
"301260,0",2020-08-13,quinta-feira,18:50:00,SC,101,"213,7",PALHOCA,Desobediência às normas de trânsito pelo condutor,Colisão traseira,Com Vítimas Feridas,Plena Noite,Decrescente,Nublado,Múltipla,Reta,Sim,3,0,1,0,1,1,1,3,-27.63697369,-48.66514142,SPRF-SC,DEL01-SC,UOP02-DEL01-SC,2020
"301275,0",2020-08-13,quinta-feira,19:30:00,SC,282,"22,0",PALHOCA,Falta de Atenção à Condução,Colisão transversal,Com Vítimas Feridas,Plena Noite,Decrescente,Garoa/Chuvisco,Simples,Reta;Em Obras,Sim,2,0,2,0,0,0,2,2,-27.688507,-48.72739,SPRF-SC,DEL01-SC,UOP02-DEL01-SC,2020
"301280,0",2020-07-09,quinta-feira,22:40:00,SC,116,"5,5",MAFRA,Ingestão de Álcool,Colisão lateral,Com Vítimas Feridas,Plena Noite,Crescente,Garoa/Chuvisco,Simples,Reta,Não,2,0,1,0,1,0,1,2,-26.14094396,-49.81508303,SPRF-SC,DEL06-SC,UOP01-DEL06-SC,2020
"301291,0",2020-08-13,quinta-feira,18:10:00,SC,282,"502,3",XANXERE,Falta de Atenção à Condução,Colisão lateral,Com Vítimas Feridas,Plena Noite,Decrescente,Céu Claro,Simples,Interseção de Vias,Sim,2,0,0,1,1,0,1,2,-26.883674,-52.388396,SPRF-SC,DEL07-SC,UOP01-DEL07-SC,2020
"301292,0",2020-08-13,quinta-feira,21:30:00,SC,101,"41,0",JOINVILLE,Objeto estático sobre o leito carroçável,Queda de ocupante de veículo,Com Vítimas Feridas,Plena Noite,Decrescente,Chuva,Dupla,Viaduto,Sim,1,0,0,1,0,0,1,1,-26.31830579,-48.87207985,SPRF-SC,DEL03-SC,UOP01-DEL03-SC,2020