id,data_inversa,dia_semana,horario,uf,br,km,municipio,causa_acidente,tipo_acidente,classificacao_acidente,fase_dia,sentido_via,condicao_metereologica,tipo_pista,tracado_via,uso_solo,pessoas,mortos,feridos_leves,feridos_graves,ilesos,ignorados,feridos,veiculos,latitude,longitude,regional,delegacia,uop,ano_arquivo
"301295,0",2020-08-13,quinta-feira,21:00:00,SC,101,"213,2",PALHOCA,Desobediência às normas de trânsito pelo condutor,Colisão lateral,Sem Vítimas,Plena Noite,Decrescente,Nublado,Simples,Interseção de Vias;Reta,Sim,2,0,0,0,2,0,0,2,-27.63697369,-48.66514142,SPRF-SC,DEL01-SC,UOP02-DEL01-SC,2020
"301311,0",2020-08-13,quinta-feira,23:05:00,SC,101,"213,8",PALHOCA,Desobediência às normas de trânsito pelo condutor,Colisão lateral,Sem Vítimas,Plena Noite,Decrescente,Garoa/Chuvisco,Múltipla,Reta,Sim,3,0,0,0,3,0,0,2,-27.63697369,-48.66514142,SPRF-SC,DEL01-SC,UOP02-DEL01-SC,2020
"301318,0",2020-08-13,quinta-feira,23:50:00,SC,470,"6,0",NAVEGANTES,Ingestão de Álcool,Colisão frontal,Sem Vítimas,Plena Noite,Crescente,Nublado,Dupla,Reta,Não,2,0,0,0,1,1,0,2,-26.852238,-48.709545,SPRF-SC,DEL04-SC,UOP04-DEL04-SC,2020
"301325,0",2020-08-14,sexta-feira,04:20:00,SC,280,"57,0",GUARAMIRIM,Falta de Atenção à Condução,Queda de ocupante de veículo,Com Vítimas Feridas,Plena Noite,Crescente,Garoa/Chuvisco,Simples,Reta,Sim,3,0,1,0,2,0,1,3,-26.47831364,-49.01232719,SPRF-SC,DEL03-SC,UOP03-DEL03-SC,2020
"301341,0",2020-08-13,quinta-feira,21:30:00,SC,101,"371,0",ICARA,Fenômenos da Natureza,Saída de leito carroçável,Sem Vítimas,Plena Noite,Crescente,Chuva,Dupla,Reta,Não,1,0,0,0,0,1,0,1,-28.70403682,-49.2008731,SPRF-SC,DEL02-SC,UOP01-DEL02-SC,2020
"301359,0",2020-06-08,segunda-feira,19:00:00,SC,101,"173,4",TIJUCAS,Defeito Mecânico no Veículo,Incêndio,Sem Vítimas,Anoitecer,Decrescente,Céu Claro,Dupla,Reta,Não,1,0,0,0,1,0,0,1,-27.32203197,-48.62757785,SPRF-SC,DEL04-SC,UOP03-DEL04-SC,2020
"301367,0",2020-08-03,segunda-feira,19:15:00,SC,101,"121,9",ITAJAI,Não guardar distância de segurança,Colisão traseira,Com Vítimas Feridas,Plena Noite,Decrescente,Céu Claro,Dupla,Reta,Sim,5,0,2,0,2,1,2,4,-26.92103178,-48.70856446,SPRF-SC,DEL04-SC,UOP04-DEL04-SC,2020
"301386,0",2020-08-14,sexta-feira,10:30:00,SC,101,"370,0",ICARA,Condutor Dormindo,Saída de leito carroçável,Com Vítimas Feridas,Pleno dia,Decrescente,Nublado,Múltipla,Reta,Não,2,0,1,0,1,0,1,1,-28.69956788,-49.19239904,SPRF-SC,DEL02-SC,UOP01-DEL02-SC,2020
"301400,0",2020-08-14,sexta-feira,12:30:00,SC,101,"137,0",BALNEARIO CAMBORIU,Desobediência às normas de trânsito pelo condutor,Colisão transversal,Com Vítimas Feridas,Pleno dia,Crescente,Nublado,Simples,Interseção de Vias,Sim,2,0,1,0,1,0,1,2,-27.0157238,-48.61192763,SPRF-SC,DEL04-SC,UOP03-DEL04-SC,2020
"301403,0",2020-08-14,sexta-feira,13:00:00,SC,101,"140,8",BALNEARIO CAMBORIU,Falta de Atenção à Condução,Colisão traseira,Com Vítimas Feridas,Pleno dia,Decrescente,Nublado,Dupla,Reta;Túnel,Sim,2,0,1,0,1,0,1,2,-27.04192649,-48.6011982,SPRF-SC,DEL04-SC,UOP03-DEL04-SC,2020
"301463,0",2020-08-14,sexta-feira,17:40:00,SC,101,"95,0",BALNEARIO PICARRAS,Defeito Mecânico no Veículo,Incêndio,Sem Vítimas,Plena Noite,Crescente,Chuva,Dupla,Reta;Viaduto,Sim,1,0,0,0,0,1,0,1,-26.70876413,-48.70221065,SPRF-SC,DEL03-SC,UOP02-DEL03-SC,2020
"301477,0",2020-08-14,sexta-feira,19:40:00,SC,282,"1,8",FLORIANOPOLIS,Não guardar distância de segurança,Colisão lateral,Com Vítimas Feridas,Plena Noite,Crescente,Chuva,Múltipla,Reta,Sim,1,0,0,1,0,0,1,1,-27.602955,-48.580509,SPRF-SC,DEL01-SC,UOP01-DEL01-SC,2020
"301491,0",2020-08-14,sexta-feira,20:25:00,SC,101,"147,7",ITAPEMA,Falta de Atenção à Condução,Colisão com objeto estático,Com Vítimas Feridas,Plena Noite,Decrescente,Chuva,Dupla,Curva,Sim,2,0,1,0,1,0,1,1,-27.09237407,-48.61730888,SPRF-SC,DEL04-SC,UOP03-DEL04-SC,2020
"301520,0",2020-08-14,sexta-feira,22:20:00,SC,101,"14,8",GARUVA,Falta de Atenção à Condução,Colisão traseira,Com Vítimas Feridas,Plena Noite,Decrescente,Nublado,Dupla,Reta,Não,4,0,1,0,3,0,1,2,-26.09803515,-48.86773972,SPRF-SC,DEL03-SC,UOP01-DEL03-SC,2020
"301535,0",2020-08-15,sábado,00:05:00,SC,282,"22,2",PALHOCA,Ingestão de Álcool,Colisão frontal,Com Vítimas Feridas,Plena Noite,Crescente,Chuva,Simples,Reta,Sim,3,0,2,0,1,0,2,2,-27.688507,-48.72739,SPRF-SC,DEL01-SC,UOP02-DEL01-SC,2020
"301537,0",2020-08-15,sábado,00:20:00,SC,282,"386,0",JOACABA,Ingestão de Álcool,Saída de leito carroçável,Sem Vítimas,Plena Noite,Crescente,Chuva,Simples,Curva;Aclive,Não,1,0,0,0,0,1,0,1,-27.185896,-51.518845,SPRF-SC,DEL07-SC,UOP05-DEL07-SC,2020
"301559,0",2020-08-14,sexta-feira,19:30:00,SC,282,"461,5",PONTE SERRADA,Falta de Atenção à Condução,Colisão transversal,Com Vítimas Feridas,Plena Noite,Decrescente,Nublado,Simples,Reta,Sim,2,0,1,0,1,0,1,2,-26.856403,-52.041328,SPRF-SC,DEL07-SC,UOP04-DEL07-SC,2020
"301570,0",2020-08-15,sábado,04:30:00,SC,282,"584,5",PINHALZINHO,Ingestão de Álcool,Saída de leito carroçável,Com Vítimas Feridas,Plena Noite,Decrescente,Nublado,Simples,Curva,Não,4,0,2,2,0,0,4,1,-26.831865,-53.016579,SPRF-SC,DEL07-SC,UOP02-DEL07-SC,2020
"301577,0",2020-08-15,sábado,08:15:00,SC,101,"205,0",SAO JOSE,Falta de Atenção à Condução,Colisão traseira,Com Vítimas Feridas,Pleno dia,Decrescente,Nublado,Dupla,Reta,Sim,2,0,0,1,1,0,1,2,-27.58313237,-48.61532885,SPRF-SC,DEL01-SC,UOP01-DEL01-SC,2020
"301603,0",2020-08-15,sábado,09:00:00,SC,470,"122,9",IBIRAMA,Velocidade Incompatível,Saída de leito carroçável,Com Vítimas Feridas,Pleno dia,Crescente,Nublado,Simples,Curva,Sim,1,0,1,0,0,0,1,1,-27.10650575,-49.52259064,SPRF-SC,DEL04-SC,UOP02-DEL04-SC,2020
"301616,0",2020-08-15,sábado,04:05:00,SC,101,"462,2",PASSO DE TORRES,Falta de Atenção à Condução,Saída de leito carroçável,Com Vítimas Feridas,Plena Noite,Decrescente,Ignorado,Dupla,Reta,Não,1,0,1,0,0,0,1,1,-29.27577495,-49.75499332,SPRF-RS,DEL03-RS,UOP02-DEL03-RS,2020
"301623,0",2020-08-15,sábado,12:35:00,SC,101,"206,2",SAO JOSE,Falta de Atenção à Condução,Colisão lateral,Com Vítimas Feridas,Pleno dia,Crescente,Nublado,Dupla,Reta,Sim,2,0,1,0,1,0,1,2,-27.59193546,-48.61824557,SPRF-SC,DEL01-SC,UOP01-DEL01-SC,2020
"301626,0",2020-08-15,sábado,11:35:00,SC,101,"308,0",LAGUNA,Ingestão de Álcool,Colisão traseira,Com Vítimas Feridas,Pleno dia,Decrescente,Nublado,Dupla,Reta,Não,5,0,2,0,2,1,2,2,-28.424441,-48.799915,SPRF-SC,DEL02-SC,UOP01-DEL02-SC,2020
"301636,0",2020-08-15,sábado,11:20:00,SC,280,"149,7",MAFRA,Ingestão de Álcool,Saída de leito carroçável,Com Vítimas Feridas,Pleno dia,Decrescente,Céu Claro,Simples,Reta,Não,2,0,0,1,1,0,1,1,-26.23857535,-49.6804832,SPRF-SC,DEL06-SC,UOP03-DEL06-SC,2020
"301652,0",2020-08-15,sábado,12:37:00,SC,101,"16,0",GARUVA,Ingestão de Álcool,Colisão traseira,Com Vítimas Feridas,Pleno dia,Decrescente,Nublado,Dupla,Reta,Não,3,0,2,0,1,0,2,2,-26.11427473,-48.87647034,SPRF-SC,DEL03-SC,UOP01-DEL03-SC,2020
"301655,0",2020-08-15,sábado,15:30:00,SC,101,"136,0",BALNEARIO CAMBORIU,Falta de Atenção à Condução,Colisão transversal,Com Vítimas Feridas,Pleno dia,Crescente,Nublado,Simples,Interseção de Vias,Sim,2,0,1,0,1,0,1,2,-27.008113,-48.617245,SPRF-SC,DEL04-SC,UOP03-DEL04-SC,2020
"301695,0",2020-08-15,sábado,19:00:00,SC,101,"204,5",SAO JOSE,Objeto estático sobre o leito carroçável,Colisão com objeto estático,Com Vítimas Feridas,Plena Noite,Crescente,Céu Claro,Múltipla,Reta,Sim,2,0,0,1,1,0,1,2,-27.57413014,-48.61363083,SPRF-SC,DEL01-SC,UOP01-DEL01-SC,2020
"301697,0",2020-08-15,sábado,18:55:00,SC,101,"196,0",BIGUACU,Ingestão de Álcool,Colisão traseira,Sem Vítimas,Plena Noite,Decrescente,Nublado,Dupla,Reta,Sim,4,0,0,0,4,0,0,2,-27.51101091,-48.64322292,SPRF-SC,DEL01-SC,UOP01-DEL01-SC,2020
"301711,0",2020-08-15,sábado,18:50:00,SC,470,"132,0",LONTRAS,Desobediência às normas de trânsito pelo condutor,Colisão lateral,Sem Vítimas,Plena Noite,Crescente,Nublado,Simples,Reta,Sim,2,0,0,0,1,1,0,2,-27.170237,-49.574718,SPRF-SC,DEL04-SC,UOP02-DEL04-SC,2020
"301718,0",2020-08-15,sábado,20:00:00,SC,101,"217,0",PALHOCA,Velocidade Incompatível,Capotamento,Com Vítimas Feridas,Plena Noite,Decrescente,Nublado,Múltipla,Reta,Não,2,0,1,0,1,0,1,1,-27.66779034,-48.67393586,SPRF-SC,DEL01-SC,UOP02-DEL01-SC,2020
"301753,0",2020-08-16,domingo,01:05:00,SC,101,"150,0",ITAPEMA,Condutor Dormindo,Colisão com objeto estático,Sem Vítimas,Plena Noite,Decrescente,Céu Claro,Múltipla,Interseção de Vias,Sim,1,0,0,0,0,1,0,1,-27.11744799,-48.60940987,SPRF-SC,DEL04-SC,UOP03-DEL04-SC,2020
"301762,0",2020-08-15,sábado,21:00:00,SC,101,"309,0",LAGUNA,Ingestão de Álcool,Colisão traseira,Com Vítimas Feridas,Plena Noite,Decrescente,Nublado,Múltipla,Reta,Não,2,0,1,1,0,0,2,2,-28.40755485,-48.79169438,SPRF-SC,DEL02-SC,UOP01-DEL02-SC,2020
"301765,0",2020-08-15,sábado,08:20:00,SC,101,"45,0",JOINVILLE,Falta de Atenção à Condução,Colisão traseira,Sem Vítimas,Pleno dia,Crescente,Garoa/Chuvisco,Dupla,Reta,Sim,2,0,0,0,1,1,0,2,-26.32214492,-48.8689509,SPRF-SC,DEL03-SC,UOP01-DEL03-SC,2020
"301767,0",2020-08-16,domingo,01:50:00,SC,282,"5,1",SAO JOSE,Falta de Atenção à Condução,Saída de leito carroçável,Sem Vítimas,Plena Noite,Crescente,Chuva,Dupla,Reta,Sim,1,0,0,0,1,0,0,1,-27.588425,-48.612919,SPRF-SC,DEL01-SC,UOP01-DEL01-SC,2020
"301768,0",2020-08-16,domingo,00:10:00,SC,282,"574,6",PINHALZINHO,Ultrapassagem Indevida,Colisão frontal,Com Vítimas Fatais,Plena Noite,Decrescente,Céu Claro,Simples,Reta,Não,2,1,1,0,0,0,1,2,-26.863194,-52.974529,SPRF-SC,DEL07-SC,UOP02-DEL07-SC,2020
"301769,0",2020-08-15,sábado,20:00:00,SC,101,"44,1",JOINVILLE,Falta de Atenção à Condução,Colisão traseira,Com Vítimas Feridas,Plena Noite,Decrescente,Chuva,Simples,Reta,Sim,4,0,1,1,2,0,2,3,-26.31238996,-48.87458997,SPRF-SC,DEL03-SC,UOP01-DEL03-SC,2020
"301794,0",2020-08-15,sábado,21:20:00,SC,280,"27,0",ARAQUARI,Desobediência às normas de trânsito pelo condutor,Colisão frontal,Com Vítimas Feridas,Plena Noite,Decrescente,Garoa/Chuvisco,Simples,Reta,Não,2,0,1,1,0,0,2,2,-26.39685622,-48.74021969,SPRF-SC,DEL03-SC,UOP03-DEL03-SC,2020
"301797,0",2020-08-16,domingo,02:00:00,SC,470,"184,1",POUSO REDONDO,Velocidade Incompatível,Colisão com objeto estático,Com Vítimas Feridas,Plena Noite,Decrescente,Nublado,Simples,Ponte,Não,1,0,1,0,0,0,1,1,-27.253036,-50.026642,SPRF-SC,DEL04-SC,UOP02-DEL04-SC,2020
"301798,0",2020-08-16,domingo,07:00:00,SC,470,"39,0",GASPAR,Falta de Atenção à Condução,Tombamento,Com Vítimas Feridas,Pleno dia,Decrescente,Nublado,Simples,Curva,Não,1,0,0,1,0,0,1,1,-26.91411066,-48.97722244,SPRF-SC,DEL04-SC,UOP01-DEL04-SC,2020
"301808,0",2020-08-16,domingo,08:00:00,SC,101,"371,0",ICARA,Condutor Dormindo,Saída de leito carroçável,Com Vítimas Feridas,Pleno dia,Crescente,Céu Claro,Dupla,Reta,Não,2,0,2,0,0,0,2,1,-28.70403682,-49.2008731,SPRF-SC,DEL02-SC,UOP01-DEL02-SC,2020
"301840,0",2020-08-16,domingo,11:30:00,SC,101,"207,0",SAO JOSE,Desobediência às normas de trânsito pelo condutor,Colisão transversal,Com Vítimas Feridas,Pleno dia,Crescente,Céu Claro,Múltipla,Viaduto,Não,2,0,0,1,1,0,1,2,-27.60001226,-48.6226467,SPRF-SC,DEL01-SC,UOP01-DEL01-SC,2020
"301888,0",2020-08-16,domingo,15:15:00,SC,470,"166,8",POUSO REDONDO,Falta de Atenção à Condução,Colisão traseira,Com Vítimas Feridas,Pleno dia,Decrescente,Nublado,Dupla,Reta,Não,5,0,4,0,1,0,4,2,-27.275208,-49.855125,SPRF-SC,DEL04-SC,UOP02-DEL04-SC,2020
"301940,0",2020-08-16,domingo,19:20:00,SC,280,"96,0",CORUPA,Ingestão de Álcool,Colisão frontal,Com Vítimas Feridas,Plena Noite,Crescente,Nevoeiro/Neblina,Simples,Reta,Não,6,0,0,4,2,0,4,3,-26.39198268,-49.30187441,SPRF-SC,DEL06-SC,UOP03-DEL06-SC,2020
"301947,0",2020-08-16,domingo,20:55:00,SC,163,"107,7",GUARUJA DO SUL,Falta de Atenção à Condução,Saída de leito carroçável,Com Vítimas Feridas,Plena Noite,Decrescente,Céu Claro,Simples,Curva,Não,1,0,1,0,0,0,1,1,-26.42911689,-53.52001976,SPRF-SC,DEL07-SC,UOP03-DEL07-SC,2020
"301964,0",2020-08-16,domingo,21:30:00,SC,280,"9,0",SAO FRANCISCO DO SUL,Falta de Atenção à Condução,Saída de leito carroçável,Com Vítimas Feridas,Plena Noite,Crescente,Garoa/Chuvisco,Simples,Reta,Não,1,0,1,0,0,0,1,1,-26.28788296,-48.64601559,SPRF-SC,DEL03-SC,UOP03-DEL03-SC,2020
"301968,0",2020-08-16,domingo,23:30:00,SC,470,"21,0",ILHOTA,Falta de Atenção à Condução,Colisão traseira,Com Vítimas Feridas,Plena Noite,Decrescente,Chuva,Simples,Reta,Não,3,0,3,0,0,0,3,2,-26.876698,-48.827362,SPRF-SC,DEL04-SC,UOP04-DEL04-SC,2020
"301973,0",2020-08-16,domingo,23:25:00,SC,282,"577,8",PINHALZINHO,Ingestão de Álcool,Saída de leito carroçável,Com Vítimas Feridas,Plena Noite,Decrescente,Céu Claro,Simples,Reta,Não,2,0,1,1,0,0,2,1,-26.84676,-52.980644,SPRF-SC,DEL07-SC,UOP02-DEL07-SC,2020
"301982,0",2020-08-16,domingo,18:10:00,SC,101,"250,0",PAULO LOPES,Falta de Atenção à Condução,Saída de leito carroçável,Com Vítimas Feridas,Anoitecer,Crescente,Nublado,Dupla,Reta,Não,1,0,1,0,0,0,1,1,-27.94186028,-48.66644267,SPRF-SC,DEL02-SC,UOP03-DEL02-SC,2020
"301986,0",2020-08-16,domingo,18:30:00,SC,101,"58,0",ARAQUARI,Velocidade Incompatível,Saída de leito carroçável,Com Vítimas Feridas,Anoitecer,Decrescente,Nublado,Dupla,Curva,Não,1,0,1,0,0,0,1,1,-26.44025049,-48.80129043,SPRF-SC,DEL03-SC,UOP02-DEL03-SC,2020
"302025,0",2020-08-17,segunda-feira,09:45:00,SC,101,"216,0",PALHOCA,Falta de Atenção à Condução,Colisão transversal,Com Vítimas Feridas,Pleno dia,Crescente,Nublado,Múltipla,Interseção de Vias,Não,2,0,1,0,1,0,1,2,-27.65981409,-48.67747798,SPRF-SC,DEL01-SC,UOP02-DEL01-SC,2020
"302054,0",2020-08-17,segunda-feira,11:30:00,SC,282,"22,0",SANTO AMARO DA IMPERATRIZ,Não guardar distância de segurança,Colisão traseira,Com Vítimas Feridas,Pleno dia,Decrescente,Nublado,Simples,Reta,Sim,6,0,1,0,5,0,1,4,-27.688507,-48.72739,SPRF-SC,DEL01-SC,UOP02-DEL01-SC,2020
"302060,0",2020-08-17,segunda-feira,11:50:00,SC,280,"181,1",MAFRA,Falta de Atenção à Condução,Saída de leito carroçável,Com Vítimas Feridas,Pleno dia,Decrescente,Céu Claro,Simples,Curva,Não,1,0,1,0,0,0,1,1,-26.17201114,-49.89655396,SPRF-SC,DEL06-SC,UOP01-DEL06-SC,2020
"302083,0",2020-08-17,segunda-feira,15:50:00,SC,470,"60,0",BLUMENAU,Não guardar distância de segurança,Colisão lateral,Com Vítimas Feridas,Pleno dia,Decrescente,Sol,Simples,Reta,Sim,2,0,1,0,1,0,1,2,-26.88138,-49.164543,SPRF-SC,DEL04-SC,UOP01-DEL04-SC,2020
"302091,0",2020-08-17,segunda-feira,17:50:00,SC,282,"3,0",FLORIANOPOLIS,Não guardar distância de segurança,Colisão traseira,Com Vítimas Feridas,Anoitecer,Crescente,Céu Claro,Múltipla,Reta,Sim,2,0,0,1,1,0,1,2,-27.600384,-48.599705,SPRF-SC,DEL01-SC,UOP01-DEL01-SC,2020
"302102,0",2020-08-17,segunda-feira,18:20:00,SC,101,"215,1",PALHOCA,Falta de Atenção à Condução,Colisão traseira,Com Vítimas Feridas,Plena Noite,Decrescente,Nublado,Múltipla,Reta;Interseção de Vias,Sim,2,0,1,0,1,0,1,2,-27.65184843,-48.67604941,SPRF-SC,DEL01-SC,UOP02-DEL01-SC,2020
"302115,0",2020-08-17,segunda-feira,20:00:00,SC,282,"2,3",FLORIANOPOLIS,Falta de Atenção à Condução,Colisão transversal,Com Vítimas Feridas,Plena Noite,Crescente,Céu Claro,Múltipla,Reta,Sim,2,0,1,0,1,0,1,2,-27.603289,-48.590416,SPRF-SC,DEL01-SC,UOP01-DEL01-SC,2020
"302133,0",2020-08-17,segunda-feira,21:00:00,SC,470,"246,0",CURITIBANOS,Mal Súbito,Colisão frontal,Com Vítimas Feridas,Plena Noite,Decrescente,Nublado,Simples,Reta,Sim,4,0,2,2,0,0,4,2,-27.315086,-50.532715,SPRF-SC,DEL05-SC,UOP03-DEL05-SC,2020
"302165,0",2020-08-18,terça-feira,07:30:00,SC,101,"134,5",BALNEARIO CAMBORIU,Desobediência às normas de trânsito pelo condutor,Colisão transversal,Com Vítimas Feridas,Pleno dia,Crescente,Céu Claro,Simples,Reta,Sim,2,0,1,0,1,0,1,2,-27.00218,-48.636433,SPRF-SC,DEL04-SC,UOP03-DEL04-SC,2020
"302216,0",2020-06-12,sexta-feira,03:15:00,SC,101,"282,0",IMBITUBA,Desobediência às normas de trânsito pelo condutor,Colisão frontal,Com Vítimas Fatais,Plena Noite,Decrescente,Nevoeiro/Neblina,Simples,Reta,Sim,2,1,0,0,1,0,0,2,-28.19626005,-48.69739859,SPRF-SC,DEL02-SC,UOP03-DEL02-SC,2020
"302227,0",2020-08-14,sexta-feira,13:05:00,SC,280,"56,5",GUARAMIRIM,Falta de Atenção à Condução,Colisão lateral,Com Vítimas Feridas,Pleno dia,Crescente,Céu Claro,Simples,Reta,Sim,2,0,2,0,0,0,2,2,-26.478573,-49.011863,SPRF-SC,DEL03-SC,UOP03-DEL03-SC,2020
"302228,0",2020-08-18,terça-feira,16:00:00,SC,101,"194,0",BIGUACU,Ingestão de Álcool,Atropelamento de Pedestre,Com Vítimas Feridas,Pleno dia,Decrescente,Chuva,Simples,Reta,Sim,2,0,1,1,0,0,2,2,-27.49803185,-48.65632296,SPRF-SC,DEL01-SC,UOP01-DEL01-SC,2020
"302235,0",2020-08-18,terça-feira,15:35:00,SC,116,"5,5",MAFRA,Falta de Atenção à Condução,Colisão transversal,Com Vítimas Feridas,Pleno dia,Decrescente,Chuva,Simples,Interseção de Vias,Sim,3,0,0,1,2,0,1,2,-26.14094396,-49.81508303,SPRF-SC,DEL06-SC,UOP01-DEL06-SC,2020
"302237,0",2020-08-18,terça-feira,16:25:00,SC,282,"2,0",FLORIANOPOLIS,Falta de Atenção do Pedestre,Atropelamento de Pedestre,Com Vítimas Fatais,Pleno dia,Decrescente,Garoa/Chuvisco,Múltipla,Reta,Sim,3,1,0,0,2,0,0,2,-27.603289,-48.590416,SPRF-SC,DEL01-SC,UOP01-DEL01-SC,2020
"302265,0",2020-08-18,terça-feira,19:20:00,SC,101,"209,0",SAO JOSE,Desobediência às normas de trânsito pelo condutor,Colisão traseira,Com Vítimas Feridas,Plena Noite,Crescente,Chuva,Múltipla,Reta,Não,2,0,1,0,1,0,1,2,-27.61000542,-48.63895057,SPRF-SC,DEL01-SC,UOP01-DEL01-SC,2020
"302270,0",2020-08-18,terça-feira,16:50:00,SC,282,"581,5",PINHALZINHO,Avarias e/ou desgaste excessivo no pneu,Colisão frontal,Com Vítimas Feridas,Pleno dia,Crescente,Chuva,Simples,Curva;Aclive,Não,2,0,2,0,0,0,2,2,-26.828749,-52.997929,SPRF-SC,DEL07-SC,UOP02-DEL07-SC,2020
"302290,0",2020-08-18,terça-feira,17:05:00,SC,153,"65,4",IRANI,Falta de Atenção à Condução,Colisão transversal,Com Vítimas Feridas,Pleno dia,Crescente,Chuva,Simples,Reta,Sim,4,0,2,0,2,0,2,3,-27.011721,-51.876862,SPRF-SC,DEL07-SC,UOP04-DEL07-SC,2020
"302302,0",2020-08-18,terça-feira,23:40:00,SC,101,"197,0",BIGUACU,Falta de Atenção à Condução,Colisão com objeto estático,Sem Vítimas,Plena Noite,Crescente,Nublado,Múltipla,Reta,Sim,1,0,0,0,0,1,0,1,-27.51844497,-48.63848496,SPRF-SC,DEL01-SC,UOP01-DEL01-SC,2020
"302305,0",2020-08-18,terça-feira,22:45:00,SC,282,"51,8",AGUAS MORNAS,Defeito Mecânico no Veículo,Saída de leito carroçável,Sem Vítimas,Plena Noite,Decrescente,Chuva,Simples,Declive,Não,3,0,0,0,3,0,0,1,-27.703712,-48.959267,SPRF-SC,DEL01-SC,UOP03-DEL01-SC,2020
"302319,0",2020-07-23,quinta-feira,07:49:00,SC,101,"214,0",PALHOCA,Não guardar distância de segurança,Colisão traseira,Com Vítimas Feridas,Pleno dia,Decrescente,Nublado,Múltipla,Reta,Sim,2,0,1,0,1,0,1,2,-27.64443,-48.67057,SPRF-SC,DEL01-SC,UOP02-DEL01-SC,2020
"302325,0",2020-08-19,quarta-feira,07:20:00,SC,101,"208,3",SAO JOSE,Desobediência às normas de trânsito pelo condutor,Colisão lateral,Com Vítimas Feridas,Pleno dia,Decrescente,Nublado,Dupla,Reta,Sim,2,0,1,0,1,0,1,2,-27.60327979,-48.63201818,SPRF-SC,DEL01-SC,UOP01-DEL01-SC,2020
"302338,0",2020-08-07,sexta-feira,10:45:00,SC,116,"172,0",SAO CRISTOVAO DO SUL,Não guardar distância de segurança,Colisão traseira,Com Vítimas Feridas,Pleno dia,Decrescente,Céu Claro,Simples,Reta,Não,3,0,2,0,1,0,2,2,-27.21243998,-50.4652468,SPRF-SC,DEL05-SC,UOP03-DEL05-SC,2020
"302344,0",2020-08-19,quarta-feira,08:00:00,SC,101,"404,3",ARARANGUA,Ingestão de Álcool,Saída de leito carroçável,Com Vítimas Feridas,Pleno dia,Decrescente,Nublado,Dupla,Reta,Não,3,0,3,0,0,0,3,1,-28.89462347,-49.47050616,SPRF-SC,DEL02-SC,UOP02-DEL02-SC,2020
"302379,0",2020-08-19,quarta-feira,14:45:00,SC,101,"334,5",TUBARAO,Não guardar distância de segurança,Colisão traseira,Com Vítimas Feridas,Pleno dia,Decrescente,Nublado,Múltipla,Reta,Sim,2,0,1,0,1,0,1,2,-28.46730446,-49.00604302,SPRF-SC,DEL02-SC,UOP01-DEL02-SC,2020
"302421,0",2020-08-19,quarta-feira,19:45:00,SC,101,"216,3",PALHOCA,Desobediência às normas de trânsito pelo condutor,Colisão transversal,Com Vítimas Feridas,Plena Noite,Decrescente,Chuva,Múltipla,Viaduto,Sim,2,0,0,1,1,0,1,2,-27.65981409,-48.67747798,SPRF-SC,DEL01-SC,UOP02-DEL01-SC,2020
"302425,0",2020-08-19,quarta-feira,19:30:00,SC,282,"41,1",AGUAS MORNAS,Falta de Atenção do Pedestre,Atropelamento de Pedestre,Com Vítimas Feridas,Plena Noite,Decrescente,Nublado,Simples,Reta,Sim,2,0,0,1,1,0,1,2,-27.715973,-48.878979,SPRF-SC,DEL01-SC,UOP03-DEL01-SC,2020
"302460,0",2020-08-20,quinta-feira,01:50:00,SC,280,"72,5",JARAGUA DO SUL,Pista Escorregadia,Colisão com objeto estático,Com Vítimas Feridas,Plena Noite,Crescente,Garoa/Chuvisco,Simples,Rotatória,Sim,1,0,1,0,0,0,1,1,-26.45863455,-49.15992379,SPRF-SC,DEL03-SC,UOP03-DEL03-SC,2020
"302535,0",2020-04-13,segunda-feira,14:40:00,SC,280,"31,0",ARAQUARI,Falta de Atenção à Condução,Colisão transversal,Com Vítimas Feridas,Pleno dia,Crescente,Céu Claro,Simples,Reta,Sim,4,0,4,0,0,0,4,2,-26.41649938,-48.77181215,SPRF-SC,DEL03-SC,UOP03-DEL03-SC,2020
"302546,0",2020-08-20,quinta-feira,16:00:00,SC,101,"50,0",JOINVILLE,Falta de Atenção do Pedestre,Atropelamento de Pedestre,Com Vítimas Feridas,Pleno dia,Crescente,Garoa/Chuvisco,Dupla,Interseção de Vias,Não,2,0,0,1,0,1,1,2,-26.37546719,-48.85479619,SPRF-SC,DEL03-SC,UOP01-DEL03-SC,2020
"302565,0",2020-08-20,quinta-feira,18:00:00,SC,101,"208,5",SAO JOSE,Não guardar distância de segurança,Colisão lateral,Com Vítimas Feridas,Plena Noite,Decrescente,Nublado,Dupla,Reta,Sim,3,0,1,0,2,0,1,3,-27.61123343,-48.63981128,SPRF-SC,DEL01-SC,UOP01-DEL01-SC,2020
"302579,0",2020-08-20,quinta-feira,19:00:00,SC,101,"204,0",SAO JOSE,Falta de Atenção à Condução,Colisão traseira,Com Vítimas Feridas,Plena Noite,Decrescente,Céu Claro,Dupla,Reta,Sim,2,0,1,0,1,0,1,2,-27.57413014,-48.61363083,SPRF-SC,DEL01-SC,UOP01-DEL01-SC,2020
"302583,0",2020-08-20,quinta-feira,13:45:00,SC,280,"256,8",CANOINHAS,Falta de Atenção à Condução,Colisão frontal,Sem Vítimas,Pleno dia,Decrescente,Nublado,Simples,Reta,Não,7,0,0,0,7,0,0,2,-26.265499,-50.598565,SPRF-SC,DEL06-SC,UOP04-DEL06-SC,2020
"302589,0",2020-08-20,quinta-feira,19:20:00,SC,101,"114,9",ITAJAI,Pista Escorregadia,Queda de ocupante de veículo,Com Vítimas Feridas,Plena Noite,Crescente,Chuva,Dupla,Reta,Sim,1,0,1,0,0,0,1,1,-26.86192886,-48.7286704,SPRF-SC,DEL04-SC,UOP04-DEL04-SC,2020