id,data_inversa,dia_semana,horario,uf,br,km,municipio,causa_acidente,tipo_acidente,classificacao_acidente,fase_dia,sentido_via,condicao_metereologica,tipo_pista,tracado_via,uso_solo,pessoas,mortos,feridos_leves,feridos_graves,ilesos,ignorados,feridos,veiculos,latitude,longitude,regional,delegacia,uop,ano_arquivo
"302600,0",2020-08-20,quinta-feira,20:20:00,SC,282,"347,3",CAMPOS NOVOS,Ultrapassagem Indevida,Colisão frontal,Com Vítimas Feridas,Plena Noite,Decrescente,Céu Claro,Simples,Reta,Não,3,0,1,2,0,0,3,2,-27.365206,-51.263924,SPRF-SC,DEL07-SC,UOP06-DEL07-SC,2020
"302608,0",2020-08-20,quinta-feira,21:20:00,SC,101,"458,8",PASSO DE TORRES,Velocidade Incompatível,Saída de leito carroçável,Com Vítimas Feridas,Plena Noite,Decrescente,Nublado,Dupla,Curva,Sim,1,0,0,1,0,0,1,1,-29.2537608,-49.7548251,SPRF-SC,DEL02-SC,UOP02-DEL02-SC,2020
"302619,0",2020-08-20,quinta-feira,23:55:00,SC,470,"121,0",IBIRAMA,Falta de Atenção à Condução,Saída de leito carroçável,Com Vítimas Feridas,Plena Noite,Decrescente,Chuva,Simples,Curva,Não,3,0,3,0,0,0,3,1,-27.095861,-49.526859,SPRF-SC,DEL04-SC,UOP02-DEL04-SC,2020
"302624,0",2020-08-21,sexta-feira,01:50:00,SC,101,"39,0",JOINVILLE,Pista Escorregadia,Colisão com objeto estático,Com Vítimas Fatais,Plena Noite,Decrescente,Garoa/Chuvisco,Simples,Reta,Sim,1,1,0,0,0,0,0,1,-26.3025971,-48.882582,SPRF-SC,DEL03-SC,UOP01-DEL03-SC,2020
"302625,0",2020-08-21,sexta-feira,00:40:00,SC,470,"125,5",LONTRAS,Ingestão de Álcool,Saída de leito carroçável,Com Vítimas Feridas,Plena Noite,Crescente,Chuva,Simples,Reta,Sim,1,0,1,0,0,0,1,1,-27.136574,-49.543015,SPRF-SC,DEL04-SC,UOP02-DEL04-SC,2020
"302683,0",2020-06-10,quarta-feira,21:50:00,SC,470,"68,0",INDAIAL,Falta de Atenção à Condução,Colisão lateral,Com Vítimas Feridas,Plena Noite,Decrescente,Chuva,Simples,Rotatória,Não,2,0,1,0,1,0,1,2,-26.877615,-49.239231,SPRF-SC,DEL04-SC,UOP01-DEL04-SC,2020
"302718,0",2020-08-21,sexta-feira,13:30:00,SC,101,"163,4",TIJUCAS,Condutor Dormindo,Saída de leito carroçável,Com Vítimas Feridas,Pleno dia,Crescente,Nublado,Simples,Curva,Sim,1,0,1,0,0,0,1,1,-27.23461699,-48.63039809,SPRF-SC,DEL04-SC,UOP03-DEL04-SC,2020
"302723,0",2020-08-21,sexta-feira,14:00:00,SC,470,"51,0",BLUMENAU,Desobediência às normas de trânsito pelo condutor,Colisão transversal,Com Vítimas Feridas,Pleno dia,Crescente,Céu Claro,Simples,Reta,Não,2,0,1,0,1,0,1,2,-26.862339,-49.084038,SPRF-SC,DEL04-SC,UOP01-DEL04-SC,2020
"302727,0",2020-08-21,sexta-feira,14:50:00,SC,282,"18,7",PALHOCA,Falta de Atenção à Condução,Engavetamento,Com Vítimas Feridas,Pleno dia,Decrescente,Céu Claro,Simples,Reta,Não,5,0,3,0,2,0,3,3,-27.672798,-48.694286,SPRF-SC,DEL01-SC,UOP02-DEL01-SC,2020
"302728,0",2020-08-21,sexta-feira,13:30:00,SC,282,"459,0",PONTE SERRADA,Desobediência às normas de trânsito pelo condutor,Colisão transversal,Com Vítimas Feridas,Pleno dia,Crescente,Céu Claro,Simples,Reta,Não,2,0,1,0,1,0,1,2,-26.863695,-52.024818,SPRF-SC,DEL07-SC,UOP04-DEL07-SC,2020
"302729,0",2020-08-21,sexta-feira,15:20:00,SC,101,"201,0",SAO JOSE,Desobediência às normas de trânsito pelo condutor,Colisão traseira,Com Vítimas Feridas,Pleno dia,Decrescente,Céu Claro,Dupla,Reta,Sim,2,0,0,1,1,0,1,2,-27.54836599,-48.61977975,SPRF-SC,DEL01-SC,UOP01-DEL01-SC,2020
"302730,0",2020-08-21,sexta-feira,13:20:00,SC,282,"549,3",CHAPECO,Defeito Mecânico no Veículo,Queda de ocupante de veículo,Com Vítimas Feridas,Pleno dia,Crescente,Sol,Simples,Reta,Não,2,0,1,0,1,0,1,1,-26.962664,-52.762272,SPRF-SC,DEL07-SC,UOP01-DEL07-SC,2020
"302734,0",2020-08-21,sexta-feira,14:40:00,SC,101,"348,5",TUBARAO,Falta de Atenção à Condução,Colisão transversal,Com Vítimas Feridas,Pleno dia,Decrescente,Sol,Simples,Reta,Sim,2,0,1,0,1,0,1,2,-28.58739983,-49.04623032,SPRF-SC,DEL02-SC,UOP01-DEL02-SC,2020
"302740,0",2020-08-21,sexta-feira,16:00:00,SC,101,"325,0",PESCARIA BRAVA,Defeito Mecânico no Veículo,Incêndio,Sem Vítimas,Pleno dia,Crescente,Céu Claro,Múltipla,Reta,Sim,1,0,0,0,1,0,0,1,-28.42516271,-48.93259193,SPRF-SC,DEL02-SC,UOP01-DEL02-SC,2020
"302752,0",2020-08-21,sexta-feira,15:00:00,SC,282,"89,0",ALFREDO WAGNER,Velocidade Incompatível,Saída de leito carroçável,Sem Vítimas,Pleno dia,Decrescente,Sol,Simples,Curva,Não,1,0,0,0,1,0,0,1,-27.677973,-49.215893,SPRF-SC,DEL01-SC,UOP03-DEL01-SC,2020
"302753,0",2020-08-21,sexta-feira,16:30:00,SC,470,"66,8",INDAIAL,Não guardar distância de segurança,Colisão lateral,Com Vítimas Feridas,Pleno dia,Decrescente,Nublado,Simples,Reta;Declive,Sim,2,0,1,0,1,0,1,2,-26.870407,-49.221844,SPRF-SC,DEL04-SC,UOP01-DEL04-SC,2020
"302801,0",2020-08-21,sexta-feira,19:20:00,SC,282,"23,4",SANTO AMARO DA IMPERATRIZ,Desobediência às normas de trânsito pelo condutor,Colisão transversal,Sem Vítimas,Plena Noite,Crescente,Nublado,Simples,Reta,Sim,2,0,0,0,2,0,0,2,-27.687958,-48.736794,SPRF-SC,DEL01-SC,UOP02-DEL01-SC,2020
"302821,0",2020-08-21,sexta-feira,18:40:00,SC,101,"306,5",LAGUNA,Desobediência às normas de trânsito pelo condutor,Colisão transversal,Com Vítimas Feridas,Anoitecer,Decrescente,Céu Claro,Simples,Reta,Não,2,0,0,1,1,0,1,2,-28.38437001,-48.77113299,SPRF-SC,DEL02-SC,UOP03-DEL02-SC,2020
"302822,0",2020-08-21,sexta-feira,21:15:00,SC,101,"330,0",TUBARAO,Agressão Externa,Colisão com objeto estático,Com Vítimas Feridas,Plena Noite,Decrescente,Céu Claro,Simples,Interseção de Vias,Sim,1,0,1,0,0,0,1,1,-28.45483127,-48.97910535,SPRF-SC,DEL02-SC,UOP01-DEL02-SC,2020
"302838,0",2020-08-21,sexta-feira,23:45:00,SC,101,"209,6",SAO JOSE,Velocidade Incompatível,Colisão transversal,Com Vítimas Feridas,Plena Noite,Crescente,Céu Claro,Múltipla,Reta,Sim,4,0,2,0,2,0,2,3,-27.61000542,-48.63895057,SPRF-SC,DEL01-SC,UOP01-DEL01-SC,2020
"302900,0",2020-08-22,sábado,09:03:00,SC,101,"121,9",ITAJAI,Falta de Atenção à Condução,Saída de leito carroçável,Com Vítimas Feridas,Pleno dia,Crescente,Céu Claro,Dupla,Reta,Não,1,0,1,0,0,0,1,1,-26.92103178,-48.70856446,SPRF-SC,DEL04-SC,UOP04-DEL04-SC,2020
"302923,0",2020-08-22,sábado,12:30:00,SC,101,"197,2",BIGUACU,Falta de Atenção à Condução,Tombamento,Com Vítimas Feridas,Pleno dia,Decrescente,Céu Claro,Dupla,Reta,Sim,1,0,0,1,0,0,1,1,-27.51844497,-48.63848496,SPRF-SC,DEL01-SC,UOP01-DEL01-SC,2020
"302952,0",2020-08-22,sábado,15:30:00,SC,101,"381,0",ICARA,Falta de Atenção à Condução,Colisão frontal,Com Vítimas Feridas,Pleno dia,Crescente,Céu Claro,Simples,Interseção de Vias,Não,2,0,1,0,1,0,1,2,-28.75991878,-49.28614855,SPRF-SC,DEL02-SC,UOP02-DEL02-SC,2020
"302972,0",2020-08-22,sábado,16:45:00,SC,101,"335,3",TUBARAO,Falta de Atenção à Condução,Atropelamento de Pedestre,Com Vítimas Feridas,Pleno dia,Decrescente,Céu Claro,Múltipla,Curva,Sim,3,0,1,0,2,0,1,3,-28.46927473,-49.01557908,SPRF-SC,DEL02-SC,UOP01-DEL02-SC,2020
"302976,0",2020-08-22,sábado,13:40:00,SC,101,"79,2",ARAQUARI,Falta de Atenção à Condução,Queda de ocupante de veículo,Com Vítimas Feridas,Pleno dia,Crescente,Céu Claro,Dupla,Reta,Não,1,0,1,0,0,0,1,1,-26.58559601,-48.72192112,SPRF-SC,DEL03-SC,UOP02-DEL03-SC,2020
"302981,0",2020-08-22,sábado,18:00:00,SC,101,"113,0",ITAJAI,Avarias e/ou desgaste excessivo no pneu,Colisão com objeto estático,Sem Vítimas,Anoitecer,Crescente,Céu Claro,Dupla,Reta,Não,1,0,0,0,1,0,0,1,-26.85311393,-48.72689927,SPRF-SC,DEL04-SC,UOP04-DEL04-SC,2020
"302982,0",2020-08-22,sábado,17:35:00,SC,280,"21,4",ARAQUARI,Não guardar distância de segurança,Colisão traseira,Com Vítimas Feridas,Pleno dia,Crescente,Céu Claro,Simples,Reta,Sim,2,0,0,1,0,1,1,2,-26.37043169,-48.69219602,SPRF-SC,DEL03-SC,UOP03-DEL03-SC,2020
"302983,0",2020-08-22,sábado,18:10:00,SC,280,"34,6",ARAQUARI,Não guardar distância de segurança,Colisão traseira,Com Vítimas Feridas,Plena Noite,Decrescente,Céu Claro,Simples,Reta,Não,3,0,1,0,2,0,1,2,-26.432742,-48.801975,SPRF-SC,DEL03-SC,UOP03-DEL03-SC,2020
"302996,0",2020-08-22,sábado,16:20:00,SC,280,"109,0",SAO BENTO DO SUL,Desobediência às normas de trânsito pelo condutor,Colisão transversal,Com Vítimas Feridas,Pleno dia,Crescente,Céu Claro,Simples,Interseção de Vias,Não,4,0,2,0,2,0,2,2,-26.3087656,-49.38817978,SPRF-SC,DEL06-SC,UOP03-DEL06-SC,2020
"302997,0",2020-08-22,sábado,11:30:00,SC,280,"81,8",CORUPA,Desobediência às normas de trânsito pelo condutor,Colisão frontal,Com Vítimas Feridas,Pleno dia,Crescente,Céu Claro,Simples,Reta,Sim,2,0,1,0,1,0,1,2,-26.43651679,-49.24079776,SPRF-SC,DEL06-SC,UOP03-DEL06-SC,2020
"303010,0",2020-08-22,sábado,19:00:00,SC,470,"66,0",INDAIAL,Falta de Atenção à Condução,Colisão frontal,Com Vítimas Feridas,Plena Noite,Crescente,Céu Claro,Simples,Reta,Não,3,0,1,0,2,0,1,2,-26.870407,-49.221844,SPRF-SC,DEL04-SC,UOP01-DEL04-SC,2020
"303041,0",2020-08-22,sábado,19:40:00,SC,101,"43,6",JOINVILLE,Desobediência às normas de trânsito pelo condutor,Colisão transversal,Com Vítimas Feridas,Pleno dia,Crescente,Céu Claro,Simples,Interseção de Vias,Sim,2,0,1,1,0,0,2,2,-26.32819138,-48.86375427,SPRF-SC,DEL03-SC,UOP01-DEL03-SC,2020
"303045,0",2020-08-22,sábado,20:50:00,SC,101,"358,2",SANGAO,Falta de Atenção à Condução,Colisão traseira,Com Vítimas Fatais,Plena Noite,Crescente,Céu Claro,Simples,Reta,Sim,5,1,0,0,3,1,0,4,-28.653544,-49.107401,SPRF-SC,DEL02-SC,UOP01-DEL02-SC,2020
"303046,0",2020-08-22,sábado,20:30:00,SC,470,"164,4",POUSO REDONDO,Velocidade Incompatível,Saída de leito carroçável,Sem Vítimas,Plena Noite,Decrescente,Céu Claro,Simples,Curva,Não,1,0,0,0,1,0,0,1,-27.278645,-49.836048,SPRF-SC,DEL04-SC,UOP02-DEL04-SC,2020
"303058,0",2020-08-22,sábado,20:30:00,SC,282,"232,9",LAGES,Velocidade Incompatível,Saída de leito carroçável,Sem Vítimas,Plena Noite,Decrescente,Céu Claro,Simples,Curva,Não,1,0,0,0,1,0,0,1,-27.785076,-50.445385,SPRF-SC,DEL05-SC,UOP02-DEL05-SC,2020
"303063,0",2020-08-22,sábado,23:00:00,SC,280,"25,9",ARAQUARI,Agressão Externa,Saída de leito carroçável,Com Vítimas Feridas,Plena Noite,Crescente,Céu Claro,Simples,Reta,Não,5,0,0,4,1,0,4,1,-26.38352781,-48.72677516,SPRF-SC,DEL03-SC,UOP03-DEL03-SC,2020
"303065,0",2020-08-22,sábado,14:49:00,SC,470,"58,0",BLUMENAU,Desobediência às normas de trânsito pelo condutor,Colisão transversal,Com Vítimas Feridas,Pleno dia,Crescente,Céu Claro,Simples,Interseção de Vias,Sim,2,0,1,0,1,0,1,2,-26.883879,-49.145622,SPRF-SC,DEL04-SC,UOP01-DEL04-SC,2020
"303066,0",2020-08-22,sábado,20:45:00,SC,470,"96,1",APIUNA,Desobediência às normas de trânsito pelo condutor,Saída de leito carroçável,Com Vítimas Feridas,Plena Noite,Crescente,Nublado,Simples,Reta,Não,1,0,0,1,0,0,1,1,-27.020767,-49.371342,SPRF-SC,DEL04-SC,UOP01-DEL04-SC,2020
"303078,0",2020-08-22,sábado,22:30:00,SC,163,"102,0",SAO JOSE DO CEDRO,Falta de Atenção à Condução,Colisão transversal,Com Vítimas Feridas,Plena Noite,Crescente,Céu Claro,Simples,Interseção de Vias,Sim,2,0,2,0,0,0,2,2,-26.4861159,-53.50382419,SPRF-SC,DEL07-SC,UOP03-DEL07-SC,2020
"303089,0",2020-08-23,domingo,02:10:00,SC,470,"89,8",ASCURRA,Condutor Dormindo,Saída de leito carroçável,Com Vítimas Feridas,Plena Noite,Crescente,Nublado,Simples,Curva,Não,1,0,0,1,0,0,1,1,-26.961573,-49.371918,SPRF-SC,DEL04-SC,UOP01-DEL04-SC,2020
"303122,0",2020-08-23,domingo,09:00:00,SC,470,"120,9",IBIRAMA,Velocidade Incompatível,Saída de leito carroçável,Sem Vítimas,Pleno dia,Decrescente,Nublado,Simples,Curva,Não,1,0,0,0,0,1,0,1,-27.0958088,-49.53014374,SPRF-SC,DEL04-SC,UOP02-DEL04-SC,2020
"303134,0",2020-08-23,domingo,11:00:00,SC,101,"116,7",ITAJAI,Falta de Atenção à Condução,Colisão com objeto estático,Sem Vítimas,Pleno dia,Crescente,Garoa/Chuvisco,Dupla,Reta,Sim,2,0,0,0,2,0,0,2,-26.87905605,-48.72603512,SPRF-SC,DEL04-SC,UOP04-DEL04-SC,2020
"303139,0",2020-08-23,domingo,11:35:00,SC,101,"390,0",CRICIUMA,Falta de Atenção à Condução,Colisão traseira,Com Vítimas Feridas,Pleno dia,Crescente,Céu Claro,Dupla,Declive,Não,2,0,1,0,1,0,1,2,-28.8074008,-49.37556803,SPRF-SC,DEL02-SC,UOP02-DEL02-SC,2020
"303175,0",2020-08-23,domingo,17:20:00,SC,470,"140,8",RIO DO SUL,Falta de Atenção à Condução,Capotamento,Com Vítimas Feridas,Anoitecer,Decrescente,Nublado,Simples,Reta,Não,3,0,2,0,1,0,2,2,-27.222485,-49.662827,SPRF-SC,DEL04-SC,UOP02-DEL04-SC,2020
"303183,0",2020-08-23,domingo,16:35:00,SC,101,"260,0",PAULO LOPES,Velocidade Incompatível,Saída de leito carroçável,Com Vítimas Feridas,Pleno dia,Crescente,Garoa/Chuvisco,Dupla,Curva,Não,4,0,1,0,3,0,1,1,-28.02166445,-48.7019708,SPRF-SC,DEL02-SC,UOP03-DEL02-SC,2020
"303187,0",2020-08-23,domingo,17:50:00,SC,101,"197,4",BIGUACU,Ingestão de Álcool,Capotamento,Com Vítimas Feridas,Anoitecer,Crescente,Nublado,Múltipla,Reta;Declive,Sim,1,0,1,0,0,0,1,1,-27.52126718,-48.63760918,SPRF-SC,DEL01-SC,UOP01-DEL01-SC,2020
"303198,0",2020-08-23,domingo,17:20:00,SC,101,"28,0",JOINVILLE,Ingestão de Álcool,Colisão traseira,Sem Vítimas,Pleno dia,Decrescente,Céu Claro,Dupla,Reta,Sim,2,0,0,0,2,0,0,2,-26.20697505,-48.91482635,SPRF-SC,DEL03-SC,UOP01-DEL03-SC,2020
"303208,0",2020-08-23,domingo,18:50:00,SC,282,"2,3",FLORIANOPOLIS,Falta de Atenção do Pedestre,Atropelamento de Pedestre,Com Vítimas Fatais,Plena Noite,Decrescente,Chuva,Múltipla,Reta,Sim,2,1,0,0,0,1,0,2,-27.603289,-48.590416,SPRF-SC,DEL01-SC,UOP01-DEL01-SC,2020
"303219,0",2020-08-23,domingo,19:15:00,SC,101,"231,0",PALHOCA,Defeito Mecânico no Veículo,Tombamento,Com Vítimas Feridas,Plena Noite,Crescente,Chuva,Dupla,Reta,Não,1,0,1,0,0,0,1,1,-27.78669984,-48.6356424,SPRF-SC,DEL01-SC,UOP02-DEL01-SC,2020
"303238,0",2020-08-23,domingo,19:10:00,SC,163,"67,0",SAO MIGUEL DO OESTE,Falta de Atenção à Condução,Colisão com objeto estático,Sem Vítimas,Plena Noite,Crescente,Céu Claro,Dupla,Reta,Sim,3,0,0,0,3,0,0,1,-26.759436,-53.50055292,SPRF-SC,DEL07-SC,UOP03-DEL07-SC,2020
"303242,0",2020-08-23,domingo,21:00:00,SC,470,"48,0",BLUMENAU,Defeito na Via,Tombamento,Com Vítimas Feridas,Plena Noite,Crescente,Nublado,Dupla,Em Obras,Não,1,0,1,0,0,0,1,1,-26.859823,-49.055393,SPRF-SC,DEL04-SC,UOP01-DEL04-SC,2020
"303247,0",2020-08-23,domingo,21:00:00,SC,470,"177,0",POUSO REDONDO,Velocidade Incompatível,Colisão com objeto estático,Com Vítimas Feridas,Plena Noite,Decrescente,Nublado,Simples,Rotatória,Sim,1,0,0,1,0,0,1,1,-27.25096703,-49.9596405,SPRF-SC,DEL04-SC,UOP02-DEL04-SC,2020
"303264,0",2020-08-23,domingo,22:40:00,SC,101,"203,5",SAO JOSE,Falta de Atenção à Condução,Colisão lateral,Com Vítimas Feridas,Plena Noite,Decrescente,Céu Claro,Dupla,Interseção de Vias,Sim,2,0,1,0,1,0,1,2,-27.5650044,-48.61460082,SPRF-SC,DEL01-SC,UOP01-DEL01-SC,2020
"303289,0",2020-08-24,segunda-feira,02:05:00,SC,282,"209,7",SAO JOSE,Ingestão de Álcool,Colisão com objeto estático,Com Vítimas Feridas,Plena Noite,Decrescente,Garoa/Chuvisco,Múltipla,Reta,Sim,1,0,1,0,0,0,1,1,-27.61351181,-48.64136696,SPRF-SC,DEL05-SC,UOP01-DEL05-SC,2020
"303314,0",2020-08-24,segunda-feira,07:30:00,SC,101,"217,8",PALHOCA,Desobediência às normas de trânsito pelo condutor,Tombamento,Com Vítimas Feridas,Pleno dia,Decrescente,Céu Claro,Dupla,Reta,Sim,1,0,1,0,0,0,1,1,-27.66779034,-48.67393586,SPRF-SC,DEL01-SC,UOP02-DEL01-SC,2020
"303327,0",2020-08-24,segunda-feira,07:30:00,SC,101,"219,2",PALHOCA,Falta de Atenção à Condução,Atropelamento de Pedestre,Com Vítimas Feridas,Pleno dia,Crescente,Céu Claro,Dupla,Reta,Não,2,0,0,1,1,0,1,2,-27.68392194,-48.66710085,SPRF-SC,DEL01-SC,UOP02-DEL01-SC,2020
"303338,0",2020-08-24,segunda-feira,09:10:00,SC,101,"75,0",ARAQUARI,Velocidade Incompatível,Saída de leito carroçável,Com Vítimas Feridas,Pleno dia,Crescente,Céu Claro,Dupla,Curva,Não,3,0,3,0,0,0,3,1,-26.5519717,-48.71688324,SPRF-SC,DEL03-SC,UOP02-DEL03-SC,2020
"303343,0",2020-08-24,segunda-feira,09:00:00,SC,470,"51,0",BLUMENAU,Falta de Atenção à Condução,Saída de leito carroçável,Com Vítimas Feridas,Pleno dia,Crescente,Céu Claro,Simples,Curva,Não,3,0,1,0,2,0,1,1,-26.862339,-49.084038,SPRF-SC,DEL04-SC,UOP01-DEL04-SC,2020
"303350,0",2020-08-24,segunda-feira,10:20:00,SC,101,"210,0",SAO JOSE,Falta de Atenção à Condução,Colisão traseira,Com Vítimas Feridas,Pleno dia,Decrescente,Céu Claro,Dupla,Reta,Sim,3,0,2,0,1,0,2,2,-27.6167305,-48.6457265,SPRF-SC,DEL01-SC,UOP01-DEL01-SC,2020
"303363,0",2020-08-24,segunda-feira,11:05:00,SC,101,"152,5",PORTO BELO,Falta de Atenção à Condução,Tombamento,Com Vítimas Feridas,Pleno dia,Crescente,Céu Claro,Dupla,Reta,Não,1,0,1,0,0,0,1,1,-27.13563503,-48.61004665,SPRF-SC,DEL04-SC,UOP03-DEL04-SC,2020
"303376,0",2020-08-24,segunda-feira,12:10:00,SC,101,"332,0",TUBARAO,Falta de Atenção à Condução,Colisão transversal,Com Vítimas Feridas,Pleno dia,Decrescente,Sol,Simples,Interseção de Vias,Sim,2,0,1,0,1,0,1,2,-28.46016431,-48.98968873,SPRF-SC,DEL02-SC,UOP01-DEL02-SC,2020
"303389,0",2020-08-24,segunda-feira,14:40:00,SC,101,"118,5",ITAJAI,Falta de Atenção à Condução,Colisão transversal,Com Vítimas Feridas,Pleno dia,Crescente,Céu Claro,Múltipla,Aclive,Não,3,0,3,0,0,0,3,2,-26.895859,-48.71903,SPRF-SC,DEL04-SC,UOP04-DEL04-SC,2020
"303394,0",2020-08-24,segunda-feira,14:30:00,SC,470,"126,0",LONTRAS,Falta de Atenção à Condução,Colisão transversal,Com Vítimas Feridas,Pleno dia,Decrescente,Céu Claro,Simples,Reta,Não,2,0,0,1,1,0,1,2,-27.129,-49.538277,SPRF-SC,DEL04-SC,UOP02-DEL04-SC,2020
"303408,0",2020-08-24,segunda-feira,14:30:00,SC,282,"364,0",ERVAL VELHO,Velocidade Incompatível,Colisão traseira,Sem Vítimas,Pleno dia,Crescente,Céu Claro,Simples,Reta,Não,3,0,0,0,3,0,0,2,-27.297649,-51.398533,SPRF-SC,DEL07-SC,UOP05-DEL07-SC,2020
"303424,0",2020-08-24,segunda-feira,18:20:00,SC,101,"39,8",JOINVILLE,Falta de Atenção à Condução,Colisão lateral,Com Vítimas Feridas,Plena Noite,Crescente,Nublado,Dupla,Reta,Sim,2,0,1,0,1,0,1,2,-26.2628107,-48.90192257,SPRF-SC,DEL03-SC,UOP01-DEL03-SC,2020
"303432,0",2020-08-24,segunda-feira,13:20:00,SC,101,"334,0",TUBARAO,Falta de Atenção à Condução,Colisão traseira,Com Vítimas Feridas,Pleno dia,Crescente,Céu Claro,Dupla,Reta,Sim,3,0,1,0,2,0,1,3,-28.47050213,-49.01893616,SPRF-SC,DEL02-SC,UOP01-DEL02-SC,2020
"303454,0",2020-08-24,segunda-feira,20:30:00,SC,101,"203,0",SAO JOSE,Falta de Atenção à Condução,Colisão lateral,Com Vítimas Feridas,Plena Noite,Decrescente,Céu Claro,Simples,Interseção de Vias,Sim,2,0,1,0,1,0,1,2,-27.57140422,-48.63030955,SPRF-SC,DEL01-SC,UOP01-DEL01-SC,2020
"303462,0",2020-08-24,segunda-feira,21:45:00,SC,280,"22,0",ARAQUARI,Desobediência às normas de trânsito pelo condutor,Queda de ocupante de veículo,Com Vítimas Feridas,Plena Noite,Decrescente,Céu Claro,Simples,Reta,Não,1,0,0,1,0,0,1,1,-26.37092616,-48.70204099,SPRF-SC,DEL03-SC,UOP03-DEL03-SC,2020
"303524,0",2020-08-25,terça-feira,07:20:00,SC,282,"501,3",XANXERE,Sinalização da via insuficiente ou inadequada,Colisão transversal,Com Vítimas Feridas,Pleno dia,Crescente,Céu Claro,Dupla,Interseção de Vias,Sim,2,0,0,1,1,0,1,2,-26.882895,-52.38129,SPRF-SC,DEL07-SC,UOP01-DEL07-SC,2020
"303525,0",2020-01-14,terça-feira,19:40:00,SC,101,"144,0",ITAPEMA,Desobediência às normas de trânsito pelo condutor,Colisão transversal,Com Vítimas Feridas,Plena Noite,Decrescente,Céu Claro,Dupla,Reta,Não,10,0,10,0,0,0,10,2,-27.0732659,-48.59672716,SPRF-SC,DEL04-SC,UOP03-DEL04-SC,2020
"303529,0",2020-08-25,terça-feira,08:35:00,SC,101,"214,3",PALHOCA,Desobediência às normas de trânsito pelo condutor,Colisão lateral,Com Vítimas Feridas,Pleno dia,Crescente,Céu Claro,Múltipla,Reta,Não,2,0,1,0,1,0,1,2,-27.64443,-48.67057,SPRF-SC,DEL01-SC,UOP02-DEL01-SC,2020
"303531,0",2020-08-25,terça-feira,08:45:00,SC,101,"329,0",CAPIVARI DE BAIXO,Avarias e/ou desgaste excessivo no pneu,Queda de ocupante de veículo,Com Vítimas Feridas,Pleno dia,Decrescente,Céu Claro,Dupla,Curva,Sim,1,0,1,0,0,0,1,1,-28.44404822,-48.96611372,SPRF-SC,DEL02-SC,UOP01-DEL02-SC,2020
"303537,0",2020-08-25,terça-feira,08:50:00,SC,101,"117,0",ITAJAI,Desobediência às normas de trânsito pelo condutor,Colisão transversal,Com Vítimas Feridas,Pleno dia,Crescente,Céu Claro,Simples,Interseção de Vias,Não,3,0,1,0,2,0,1,2,-26.88747187,-48.72252969,SPRF-SC,DEL04-SC,UOP04-DEL04-SC,2020
"303575,0",2020-08-23,domingo,18:55:00,SC,470,"50,0",BLUMENAU,Sinalização da via insuficiente ou inadequada,Colisão traseira,Com Vítimas Feridas,Plena Noite,Crescente,Céu Claro,Dupla,Reta,Não,4,0,1,0,3,0,1,3,-26.859768,-49.074493,SPRF-SC,DEL04-SC,UOP01-DEL04-SC,2020
"303582,0",2020-08-25,terça-feira,15:10:00,SC,101,"205,0",SAO JOSE,Não guardar distância de segurança,Colisão traseira,Com Vítimas Feridas,Pleno dia,Decrescente,Sol,Múltipla,Reta,Não,2,0,0,1,1,0,1,2,-27.58313237,-48.61532885,SPRF-SC,DEL01-SC,UOP01-DEL01-SC,2020
"303586,0",2020-08-06,quinta-feira,06:00:00,SC,280,"40,2",ARAQUARI,Falta de Atenção à Condução,Colisão frontal,Com Vítimas Fatais,Amanhecer,Crescente,Nevoeiro/Neblina,Simples,Reta,Não,3,1,0,1,0,1,1,3,-26.44938176,-48.84792002,SPRF-SC,DEL03-SC,UOP03-DEL03-SC,2020
"303593,0",2020-08-25,terça-feira,14:20:00,SC,101,"57,0",ARAQUARI,Falta de Atenção à Condução,Colisão com objeto estático,Com Vítimas Feridas,Pleno dia,Crescente,Céu Claro,Dupla,Reta,Sim,2,0,1,0,1,0,1,2,-26.43646093,-48.81113029,SPRF-SC,DEL03-SC,UOP01-DEL03-SC,2020
"303594,0",2020-08-25,terça-feira,16:35:00,SC,470,"50,0",BLUMENAU,Falta de Atenção do Pedestre,Atropelamento de Pedestre,Com Vítimas Feridas,Pleno dia,Decrescente,Céu Claro,Dupla,Curva,Sim,2,0,0,1,1,0,1,2,-26.859768,-49.074493,SPRF-SC,DEL04-SC,UOP01-DEL04-SC,2020
"303597,0",2020-08-25,terça-feira,16:40:00,SC,280,"57,9",GUARAMIRIM,Falta de Atenção à Condução,Colisão traseira,Com Vítimas Feridas,Pleno dia,Crescente,Nublado,Simples,Reta,Não,3,0,1,0,2,0,1,2,-26.47811421,-49.01259213,SPRF-SC,DEL03-SC,UOP03-DEL03-SC,2020
"303632,0",2020-08-25,terça-feira,16:10:00,SC,282,"224,0",LAGES,Desobediência às normas de trânsito pelo condutor,Colisão lateral,Com Vítimas Feridas,Pleno dia,Crescente,Céu Claro,Simples,Reta,Não,3,0,2,1,0,0,3,2,-27.794579,-50.370598,SPRF-SC,DEL05-SC,UOP02-DEL05-SC,2020
"303634,0",2020-08-25,terça-feira,14:10:00,SC,282,"128,0",BOM RETIRO,Falta de Atenção à Condução,Saída de leito carroçável,Com Vítimas Feridas,Pleno dia,Decrescente,Céu Claro,Simples,Declive,Sim,1,0,1,0,0,0,1,1,-27.803921,-49.487785,SPRF-SC,DEL05-SC,UOP01-DEL05-SC,2020