id,data_inversa,dia_semana,horario,uf,br,km,municipio,causa_acidente,tipo_acidente,classificacao_acidente,fase_dia,sentido_via,condicao_metereologica,tipo_pista,tracado_via,uso_solo,pessoas,mortos,feridos_leves,feridos_graves,ilesos,ignorados,feridos,veiculos,latitude,longitude,regional,delegacia,uop,ano_arquivo
"303643,0",2020-08-25,terça-feira,21:30:00,SC,282,"321,1",VARGEM,Falta de Atenção à Condução,Tombamento,Com Vítimas Feridas,Plena Noite,Crescente,Céu Claro,Simples,Reta,Não,1,0,1,0,0,0,1,1,-27.407452,-51.039322,SPRF-SC,DEL07-SC,UOP06-DEL07-SC,2020
"303650,0",2020-08-25,terça-feira,20:25:00,SC,470,"318,3",CAMPOS NOVOS,Velocidade Incompatível,Tombamento,Com Vítimas Feridas,Plena Noite,Decrescente,Céu Claro,Simples,Declive;Reta,Sim,1,0,1,0,0,0,1,1,-27.408455,-51.214985,SPRF-SC,DEL07-SC,UOP06-DEL07-SC,2020
"303673,0",2020-08-26,quarta-feira,06:50:00,SC,101,"171,4",TIJUCAS,Falta de Atenção à Condução,Colisão com objeto estático,Com Vítimas Feridas,Pleno dia,Crescente,Céu Claro,Dupla,Curva,Sim,1,0,1,0,0,0,1,1,-27.30546499,-48.63258412,SPRF-SC,DEL04-SC,UOP03-DEL04-SC,2020
"303714,0",2020-08-26,quarta-feira,10:25:00,SC,470,"58,0",BLUMENAU,Desobediência às normas de trânsito pelo condutor,Colisão transversal,Com Vítimas Feridas,Pleno dia,Crescente,Sol,Simples,Interseção de Vias,Sim,3,0,1,0,1,1,1,3,-26.883879,-49.145622,SPRF-SC,DEL04-SC,UOP01-DEL04-SC,2020
"303720,0",2020-08-26,quarta-feira,07:45:00,SC,101,"107,9",PENHA,Agressão Externa,Colisão lateral,Com Vítimas Feridas,Pleno dia,Crescente,Sol,Dupla,Declive,Não,1,0,1,0,0,0,1,1,-26.81930608,-48.68390282,SPRF-SC,DEL03-SC,UOP02-DEL03-SC,2020
"303744,0",2020-08-26,quarta-feira,12:45:00,SC,101,"301,8",LAGUNA,Falta de Atenção à Condução,Tombamento,Com Vítimas Feridas,Pleno dia,Crescente,Sol,Dupla,Reta,Sim,1,0,1,0,0,0,1,1,-28.34625432,-48.73549064,SPRF-SC,DEL02-SC,UOP03-DEL02-SC,2020
"303772,0",2020-08-26,quarta-feira,17:20:00,SC,470,"58,0",BLUMENAU,Desobediência às normas de trânsito pelo condutor,Colisão transversal,Com Vítimas Feridas,Pleno dia,Decrescente,Céu Claro,Simples,Interseção de Vias,Sim,2,0,0,1,1,0,1,2,-26.883879,-49.145622,SPRF-SC,DEL04-SC,UOP01-DEL04-SC,2020
"303808,0",2020-08-26,quarta-feira,18:20:00,SC,470,"4,0",NAVEGANTES,Falta de Atenção à Condução,Atropelamento de Pedestre,Com Vítimas Feridas,Plena Noite,Decrescente,Nublado,Dupla,Reta,Não,2,0,2,0,0,0,2,2,-26.858473,-48.690788,SPRF-SC,DEL04-SC,UOP04-DEL04-SC,2020
"303821,0",2020-08-26,quarta-feira,19:00:00,SC,280,"24,0",ARAQUARI,Ingestão de Álcool,Atropelamento de Pedestre,Com Vítimas Feridas,Plena Noite,Decrescente,Céu Claro,Simples,Reta,Sim,2,0,0,1,1,0,1,2,-26.377968,-48.720332,SPRF-SC,DEL03-SC,UOP03-DEL03-SC,2020
"303823,0",2020-08-26,quarta-feira,19:00:00,SC,280,"14,6",SAO FRANCISCO DO SUL,Falta de Atenção à Condução,Colisão transversal,Com Vítimas Fatais,Plena Noite,Crescente,Nublado,Simples,Reta,Sim,5,1,0,1,2,1,1,4,-26.3301861,-48.65148076,SPRF-SC,DEL03-SC,UOP03-DEL03-SC,2020
"303844,0",2020-08-27,quinta-feira,07:15:00,SC,282,"17,9",PALHOCA,Desobediência às normas de trânsito pelo condutor,Colisão lateral,Com Vítimas Feridas,Pleno dia,Decrescente,Céu Claro,Simples,Reta,Sim,3,0,0,2,1,0,2,2,-27.665707,-48.688065,SPRF-SC,DEL01-SC,UOP02-DEL01-SC,2020
"303864,0",2020-07-23,quinta-feira,06:00:00,SC,282,"305,0",VARGEM,Velocidade Incompatível,Saída de leito carroçável,Com Vítimas Feridas,Amanhecer,Crescente,Nublado,Simples,Curva,Não,1,0,1,0,0,0,1,1,-27.500679,-50.949047,SPRF-SC,DEL07-SC,UOP06-DEL07-SC,2020
"303888,0",2020-08-25,terça-feira,11:00:00,SC,470,"43,5",GASPAR,Objeto estático sobre o leito carroçável,Tombamento,Com Vítimas Feridas,Pleno dia,Crescente,Sol,Simples,Reta,Não,1,0,1,0,0,0,1,1,-26.874519,-49.013454,SPRF-SC,DEL04-SC,UOP01-DEL04-SC,2020
"303891,0",2020-08-21,sexta-feira,20:25:00,SC,470,"51,0",BLUMENAU,Falta de Atenção à Condução,Colisão traseira,Sem Vítimas,Plena Noite,Crescente,Céu Claro,Simples,Reta,Sim,2,0,0,0,2,0,0,2,-26.862339,-49.084038,SPRF-SC,DEL04-SC,UOP01-DEL04-SC,2020
"303925,0",2020-06-14,domingo,23:00:00,SC,470,"91,9",APIUNA,Desobediência às normas de trânsito pelo condutor,Colisão transversal,Com Vítimas Fatais,Plena Noite,Crescente,Céu Claro,Simples,Reta,Sim,3,2,0,1,0,0,1,2,-26.986693,-49.37347,SPRF-SC,DEL04-SC,UOP01-DEL04-SC,2020
"303955,0",2020-08-27,quinta-feira,18:10:00,SC,101,"333,1",TUBARAO,Falta de Atenção à Condução,Colisão transversal,Com Vítimas Feridas,Anoitecer,Crescente,Nublado,Múltipla,Reta,Sim,2,0,1,0,1,0,1,2,-28.46810227,-49.00957525,SPRF-SC,DEL02-SC,UOP01-DEL02-SC,2020
"303963,0",2020-08-27,quinta-feira,17:50:00,SC,101,"31,8",JOINVILLE,Defeito Mecânico no Veículo,Saída de leito carroçável,Com Vítimas Feridas,Plena Noite,Decrescente,Céu Claro,Dupla,Curva,Sim,2,0,1,0,1,0,1,1,-26.22195899,-48.91634925,SPRF-SC,DEL03-SC,UOP01-DEL03-SC,2020
"303988,0",2020-08-27,quinta-feira,20:30:00,SC,282,"574,3",PINHALZINHO,Ingestão de Álcool,Saída de leito carroçável,Sem Vítimas,Plena Noite,Decrescente,Céu Claro,Simples,Rotatória,Não,1,0,0,0,1,0,0,1,-26.867399,-52.965149,SPRF-SC,DEL07-SC,UOP02-DEL07-SC,2020
"303995,0",2020-08-27,quinta-feira,23:50:00,SC,101,"103,8",PENHA,Condutor Dormindo,Saída de leito carroçável,Com Vítimas Fatais,Plena Noite,Crescente,Céu Claro,Múltipla,Reta,Não,1,1,0,0,0,0,0,1,-26.7832381,-48.68314632,SPRF-SC,DEL03-SC,UOP02-DEL03-SC,2020
"303999,0",2020-08-28,sexta-feira,00:45:00,SC,163,"67,0",SAO MIGUEL DO OESTE,Ingestão de Álcool,Colisão com objeto estático,Sem Vítimas,Plena Noite,Crescente,Céu Claro,Dupla,Reta,Sim,1,0,0,0,1,0,0,1,-26.759436,-53.50055292,SPRF-SC,DEL07-SC,UOP03-DEL07-SC,2020
"304001,0",2020-08-28,sexta-feira,01:45:00,SC,282,"54,4",RANCHO QUEIMADO,Condutor Dormindo,Saída de leito carroçável,Com Vítimas Feridas,Plena Noite,Decrescente,Céu Claro,Simples,Curva,Não,1,0,0,1,0,0,1,1,-27.685799,-48.974514,SPRF-SC,DEL01-SC,UOP03-DEL01-SC,2020
"304016,0",2020-08-27,quinta-feira,14:40:00,SC,163,"0,3",DIONISIO CERQUEIRA,Falta de Atenção à Condução,Colisão transversal,Com Vítimas Feridas,Pleno dia,Crescente,Céu Claro,Simples,Reta,Sim,2,0,1,0,0,1,1,2,-26.2613,-53.6206,SPRF-SC,DEL07-SC,UOP03-DEL07-SC,2020
"304023,0",2020-08-27,quinta-feira,22:30:00,SC,282,"50,0",GUARAMIRIM,Desobediência às normas de trânsito pelo condutor,Colisão traseira,Sem Vítimas,Plena Noite,Decrescente,Céu Claro,Simples,Reta,Não,2,0,0,0,2,0,0,2,-26.46849853,-48.96366119,SPRF-SC,DEL01-SC,UOP03-DEL01-SC,2020
"304032,0",2020-08-28,sexta-feira,07:30:00,SC,282,"3,8",FLORIANOPOLIS,Falta de Atenção à Condução,Colisão lateral,Com Vítimas Feridas,Pleno dia,Decrescente,Céu Claro,Múltipla,Reta,Sim,4,0,1,1,0,2,2,3,-27.600384,-48.599705,SPRF-SC,DEL01-SC,UOP01-DEL01-SC,2020
"304042,0",2020-08-20,quinta-feira,17:30:00,SC,280,"30,0",ARAQUARI,Falta de Atenção à Condução,Colisão traseira,Com Vítimas Feridas,Plena Noite,Decrescente,Chuva,Simples,Reta,Não,3,0,1,0,2,0,1,3,-26.4141523,-48.76209493,SPRF-SC,DEL03-SC,UOP03-DEL03-SC,2020
"304059,0",2020-08-28,sexta-feira,07:40:00,SC,282,"539,6",CHAPECO,Avarias e/ou desgaste excessivo no pneu,Saída de leito carroçável,Sem Vítimas,Pleno dia,Decrescente,Céu Claro,Simples,Curva,Não,1,0,0,0,0,1,0,1,-26.993254,-52.681767,SPRF-SC,DEL07-SC,UOP01-DEL07-SC,2020
"304078,0",2020-08-28,sexta-feira,10:55:00,SC,282,"537,0",CHAPECO,Falta de Atenção à Condução,Tombamento,Com Vítimas Feridas,Pleno dia,Decrescente,Sol,Simples,Curva,Não,1,0,1,0,0,0,1,1,-26.999933,-52.663895,SPRF-SC,DEL07-SC,UOP01-DEL07-SC,2020
"304085,0",2020-08-28,sexta-feira,12:20:00,SC,282,"502,0",XANXERE,Defeito Mecânico no Veículo,Colisão com objeto estático,Sem Vítimas,Pleno dia,Crescente,Céu Claro,Dupla,Reta,Não,2,0,0,0,2,0,0,2,-26.884584,-52.390911,SPRF-SC,DEL07-SC,UOP01-DEL07-SC,2020
"304099,0",2020-07-24,sexta-feira,23:20:00,SC,101,"192,0",BIGUACU,Desobediência às normas de trânsito pelo pedestre,Atropelamento de Pedestre,Com Vítimas Fatais,Plena Noite,Crescente,Céu Claro,Dupla,Reta,Sim,4,1,0,0,3,0,0,2,-27.48443781,-48.64765238,SPRF-SC,DEL01-SC,UOP01-DEL01-SC,2020
"304101,0",2020-08-04,terça-feira,19:05:00,SC,101,"213,3",PALHOCA,Desobediência às normas de trânsito pelo condutor,Atropelamento de Pedestre,Sem Vítimas,Plena Noite,Crescente,Ignorado,Múltipla,Reta,Não,2,0,0,0,2,0,0,2,-27.63697369,-48.66514142,SPRF-SC,DEL01-SC,UOP02-DEL01-SC,2020
"304112,0",2020-08-28,sexta-feira,16:30:00,SC,470,"118,0",IBIRAMA,Ingestão de Álcool,Colisão traseira,Com Vítimas Feridas,Pleno dia,Crescente,Céu Claro,Simples,Curva,Não,3,0,0,1,2,0,1,3,-27.082176,-49.511818,SPRF-SC,DEL04-SC,UOP02-DEL04-SC,2020
"304138,0",2020-08-28,sexta-feira,18:30:00,SC,101,"118,0",ITAJAI,Não guardar distância de segurança,Engavetamento,Com Vítimas Feridas,Plena Noite,Crescente,Ignorado,Dupla,Reta,Sim,4,0,2,0,2,0,2,4,-26.895859,-48.71903,SPRF-SC,DEL04-SC,UOP04-DEL04-SC,2020
"304155,0",2020-08-28,sexta-feira,18:30:00,SC,470,"67,0",INDAIAL,Falta de Atenção à Condução,Colisão transversal,Com Vítimas Feridas,Pleno dia,Decrescente,Céu Claro,Simples,Reta,Sim,3,0,2,0,1,0,2,2,-26.872158,-49.23127,SPRF-SC,DEL04-SC,UOP01-DEL04-SC,2020
"304173,0",2020-08-28,sexta-feira,20:30:00,SC,470,"67,0",INDAIAL,Falta de Atenção à Condução,Colisão transversal,Com Vítimas Feridas,Plena Noite,Decrescente,Céu Claro,Simples,Reta,Sim,3,0,1,0,0,2,1,2,-26.872158,-49.23127,SPRF-SC,DEL04-SC,UOP01-DEL04-SC,2020
"304183,0",2020-08-28,sexta-feira,20:40:00,SC,101,"141,5",BALNEARIO CAMBORIU,Defeito Mecânico no Veículo,Colisão com objeto estático,Com Vítimas Feridas,Plena Noite,Decrescente,Céu Claro,Simples,Reta,Sim,2,0,2,0,0,0,2,1,-27.04761729,-48.59995855,SPRF-SC,DEL04-SC,UOP03-DEL04-SC,2020
"304201,0",2020-08-28,sexta-feira,18:00:00,SC,282,"231,0",LAGES,Falta de Atenção à Condução,Colisão transversal,Com Vítimas Feridas,Plena Noite,Crescente,Céu Claro,Simples,Reta,Não,3,0,2,0,1,0,2,2,-27.787624,-50.435722,SPRF-SC,DEL05-SC,UOP02-DEL05-SC,2020
"304203,0",2020-08-28,sexta-feira,21:40:00,SC,163,"100,0",SAO JOSE DO CEDRO,Ingestão de Álcool,Colisão lateral,Com Vítimas Feridas,Plena Noite,Crescente,Céu Claro,Simples,Aclive;Reta,Não,3,0,3,0,0,0,3,2,-26.4861159,-53.50382419,SPRF-SC,DEL07-SC,UOP03-DEL07-SC,2020
"304218,0",2020-08-28,sexta-feira,23:40:00,SC,280,"124,1",RIO NEGRINHO,Ingestão de Álcool,Colisão frontal,Com Vítimas Feridas,Plena Noite,Crescente,Nevoeiro/Neblina,Simples,Reta,Sim,2,0,0,2,0,0,2,2,-26.24130297,-49.47514499,SPRF-SC,DEL06-SC,UOP03-DEL06-SC,2020
"304221,0",2020-08-28,sexta-feira,22:45:00,SC,282,"400,1",JOACABA,Ingestão de Álcool,Colisão com objeto estático,Com Vítimas Feridas,Pleno dia,Decrescente,Céu Claro,Simples,Reta,Não,2,0,2,0,0,0,2,1,-27.132223,-51.627563,SPRF-SC,DEL07-SC,UOP05-DEL07-SC,2020
"304226,0",2020-08-28,sexta-feira,19:45:00,SC,163,"99,5",SAO JOSE DO CEDRO,Defeito na Via,Tombamento,Com Vítimas Feridas,Plena Noite,Crescente,Céu Claro,Simples,Reta,Não,1,0,1,0,0,0,1,1,-26.47775664,-53.50677609,SPRF-SC,DEL07-SC,UOP03-DEL07-SC,2020
"304228,0",2020-08-29,sábado,02:30:00,SC,101,"204,0",SAO JOSE,Falta de Atenção à Condução,Saída de leito carroçável,Sem Vítimas,Plena Noite,Crescente,Céu Claro,Simples,Reta,Sim,1,0,0,0,1,0,0,1,-27.57413014,-48.61363083,SPRF-SC,DEL01-SC,UOP01-DEL01-SC,2020
"304256,0",2020-08-29,sábado,06:00:00,SC,282,"640,0",SAO MIGUEL DO OESTE,Velocidade Incompatível,Saída de leito carroçável,Com Vítimas Feridas,Amanhecer,Crescente,Céu Claro,Simples,Curva,Não,1,0,1,0,0,0,1,1,-26.78147597,-53.46221924,SPRF-SC,DEL07-SC,UOP03-DEL07-SC,2020
"304275,0",2020-08-29,sábado,08:00:00,SC,101,"245,7",PALHOCA,Condutor Dormindo,Saída de leito carroçável,Com Vítimas Feridas,Pleno dia,Decrescente,Céu Claro,Múltipla,Curva,Não,1,0,1,0,0,0,1,1,-27.90833062,-48.64922784,SPRF-SC,DEL02-SC,UOP03-DEL02-SC,2020
"304278,0",2020-08-29,sábado,08:50:00,SC,101,"123,0",ITAJAI,Falta de Atenção à Condução,Colisão lateral,Com Vítimas Feridas,Pleno dia,Crescente,Nublado,Simples,Rotatória,Não,2,0,2,0,0,0,2,2,-26.93668609,-48.69876905,SPRF-SC,DEL04-SC,UOP04-DEL04-SC,2020
"304287,0",2020-08-29,sábado,09:40:00,SC,101,"333,0",TUBARAO,Desobediência às normas de trânsito pelo condutor,Colisão transversal,Com Vítimas Feridas,Pleno dia,Decrescente,Céu Claro,Dupla,Interseção de Vias,Sim,2,0,1,0,1,0,1,2,-28.46967732,-49.01497185,SPRF-SC,DEL02-SC,UOP01-DEL02-SC,2020
"304296,0",2020-08-29,sábado,10:38:00,SC,116,"7,0",MAFRA,Desobediência às normas de trânsito pelo condutor,Colisão transversal,Com Vítimas Feridas,Pleno dia,Decrescente,Céu Claro,Simples,Interseção de Vias,Não,5,0,1,0,4,0,1,2,-26.15196176,-49.83102416,SPRF-SC,DEL06-SC,UOP01-DEL06-SC,2020
"304301,0",2020-08-29,sábado,11:35:00,SC,101,"123,0",ITAJAI,Desobediência às normas de trânsito pelo condutor,Colisão transversal,Com Vítimas Feridas,Pleno dia,Crescente,Céu Claro,Simples,Interseção de Vias,Não,3,0,2,0,1,0,2,2,-26.93668609,-48.69876905,SPRF-SC,DEL04-SC,UOP04-DEL04-SC,2020
"304312,0",2020-08-29,sábado,12:20:00,SC,101,"281,5",IMBITUBA,Velocidade Incompatível,Saída de leito carroçável,Com Vítimas Feridas,Pleno dia,Decrescente,Céu Claro,Simples,Reta,Sim,2,0,1,0,1,0,1,1,-28.18793595,-48.69652041,SPRF-SC,DEL02-SC,UOP03-DEL02-SC,2020
"304330,0",2020-08-29,sábado,14:00:00,SC,470,"97,0",APIUNA,Falta de Atenção à Condução,Colisão transversal,Com Vítimas Feridas,Pleno dia,Crescente,Céu Claro,Simples,Reta,Não,2,0,1,0,1,0,1,2,-27.026621,-49.378124,SPRF-SC,DEL04-SC,UOP01-DEL04-SC,2020
"304358,0",2020-08-29,sábado,16:50:00,SC,101,"57,0",ARAQUARI,Desobediência às normas de trânsito pelo condutor,Colisão frontal,Com Vítimas Fatais,Pleno dia,Decrescente,Sol,Dupla,Reta,Sim,6,1,2,0,0,3,2,3,-26.43646093,-48.81113029,SPRF-SC,DEL03-SC,UOP01-DEL03-SC,2020
"304359,0",2020-08-29,sábado,16:50:00,SC,470,"44,0",GASPAR,Defeito Mecânico no Veículo,Incêndio,Sem Vítimas,Pleno dia,Crescente,Sol,Simples,Reta,Sim,1,0,0,0,1,0,0,1,-26.8662198,-49.03215777,SPRF-SC,DEL04-SC,UOP01-DEL04-SC,2020
"304366,0",2020-08-29,sábado,16:30:00,SC,101,"234,0",PALHOCA,Defeito Mecânico no Veículo,Incêndio,Sem Vítimas,Pleno dia,Crescente,Céu Claro,Dupla,Curva,Não,1,0,0,0,1,0,0,1,-27.81043812,-48.63537111,SPRF-SC,DEL01-SC,UOP02-DEL01-SC,2020
"304370,0",2020-08-29,sábado,18:00:00,SC,101,"204,0",SAO JOSE,Não guardar distância de segurança,Colisão traseira,Com Vítimas Feridas,Anoitecer,Decrescente,Céu Claro,Múltipla,Reta,Sim,5,0,2,0,1,2,2,3,-27.57413014,-48.61363083,SPRF-SC,DEL01-SC,UOP01-DEL01-SC,2020
"304378,0",2020-08-29,sábado,18:10:00,SC,101,"228,1",PALHOCA,Ingestão de Álcool,Colisão lateral,Sem Vítimas,Plena Noite,Decrescente,Céu Claro,Dupla,Reta,Não,2,0,0,0,2,0,0,2,-27.7597249,-48.63078869,SPRF-SC,DEL01-SC,UOP02-DEL01-SC,2020
"304381,0",2020-08-29,sábado,17:10:00,SC,282,"32,2",AGUAS MORNAS,Velocidade Incompatível,Saída de leito carroçável,Com Vítimas Feridas,Pleno dia,Crescente,Céu Claro,Simples,Reta,Sim,1,0,0,1,0,0,1,1,-27.70116,-48.800175,SPRF-SC,DEL01-SC,UOP03-DEL01-SC,2020
"304384,0",2020-08-29,sábado,14:30:00,SC,280,"96,1",CORUPA,Desobediência às normas de trânsito pelo condutor,Tombamento,Com Vítimas Feridas,Pleno dia,Decrescente,Céu Claro,Simples,Curva;Aclive,Não,2,0,0,2,0,0,2,1,-26.38398869,-49.32183266,SPRF-SC,DEL06-SC,UOP03-DEL06-SC,2020
"304389,0",2020-08-29,sábado,16:40:00,SC,282,"607,0",MARAVILHA,Desobediência às normas de trânsito pelo condutor,Colisão lateral,Com Vítimas Feridas,Pleno dia,Decrescente,Céu Claro,Simples,Reta,Não,2,0,1,0,0,1,1,2,-26.770204,-53.20937,SPRF-SC,DEL07-SC,UOP02-DEL07-SC,2020
"304395,0",2020-08-05,quarta-feira,20:15:00,SC,101,"117,0",ITAJAI,Desobediência às normas de trânsito pelo condutor,Colisão transversal,Com Vítimas Feridas,Plena Noite,Decrescente,Céu Claro,Dupla,Rotatória,Não,2,0,1,0,1,0,1,2,-26.88747187,-48.72252969,SPRF-SC,DEL04-SC,UOP04-DEL04-SC,2020
"304416,0",2020-08-29,sábado,15:00:00,SC,163,"68,9",SAO MIGUEL DO OESTE,Falta de Atenção à Condução,Colisão transversal,Com Vítimas Feridas,Pleno dia,Decrescente,Sol,Dupla,Reta,Sim,3,0,2,0,1,0,2,2,-26.73098884,-53.51075649,SPRF-SC,DEL07-SC,UOP03-DEL07-SC,2020
"304425,0",2020-08-29,sábado,20:20:00,SC,280,"263,0",IRINEOPOLIS,Ingestão de Álcool,Colisão lateral,Com Vítimas Feridas,Pleno dia,Crescente,Céu Claro,Simples,Reta,Não,2,0,1,0,1,0,1,2,-26.262463,-50.668205,SPRF-SC,DEL06-SC,UOP04-DEL06-SC,2020
"304466,0",2020-08-29,sábado,22:10:00,SC,101,"333,2",TUBARAO,Falta de Atenção à Condução,Saída de leito carroçável,Com Vítimas Feridas,Plena Noite,Decrescente,Céu Claro,Dupla,Reta,Sim,3,0,2,1,0,0,3,1,-28.46630107,-48.99653096,SPRF-SC,DEL02-SC,UOP01-DEL02-SC,2020
"304476,0",2020-08-29,sábado,23:30:00,SC,282,"569,8",NOVA ERECHIM,Ingestão de Álcool,Colisão lateral,Com Vítimas Feridas,Plena Noite,Decrescente,Céu Claro,Simples,Reta,Não,2,0,1,0,1,0,1,2,-26.89298529,-52.92788029,SPRF-SC,DEL07-SC,UOP02-DEL07-SC,2020
"304488,0",2020-08-29,sábado,23:15:00,SC,101,"39,0",JOINVILLE,Desobediência às normas de trânsito pelo condutor,Capotamento,Com Vítimas Feridas,Plena Noite,Decrescente,Nevoeiro/Neblina,Dupla,Reta,Sim,1,0,0,1,0,0,1,1,-26.29809145,-48.88351679,SPRF-SC,DEL03-SC,UOP01-DEL03-SC,2020
"304489,0",2020-08-29,sábado,23:30:00,SC,101,"39,0",JOINVILLE,Ingestão de Álcool,Colisão com objeto estático,Sem Vítimas,Plena Noite,Crescente,Garoa/Chuvisco,Simples,Reta,Sim,1,0,0,0,1,0,0,1,-26.2628107,-48.90192257,SPRF-SC,DEL03-SC,UOP01-DEL03-SC,2020
"304499,0",2020-08-30,domingo,02:20:00,SC,101,"211,8",PALHOCA,Falta de Atenção à Condução,Queda de ocupante de veículo,Com Vítimas Feridas,Plena Noite,Crescente,Nevoeiro/Neblina,Múltipla,Reta,Não,1,0,1,0,0,0,1,1,-27.62329313,-48.65245588,SPRF-SC,DEL01-SC,UOP02-DEL01-SC,2020
"304521,0",2020-08-30,domingo,04:30:00,SC,101,"68,0",ARAQUARI,Condutor Dormindo,Saída de leito carroçável,Com Vítimas Feridas,Plena Noite,Crescente,Nevoeiro/Neblina,Dupla,Curva,Não,4,0,2,0,2,0,2,1,-26.49513001,-48.73280803,SPRF-SC,DEL03-SC,UOP02-DEL03-SC,2020
"304523,0",2020-08-30,domingo,04:45:00,SC,470,"49,0",BLUMENAU,Desobediência às normas de trânsito pelo condutor,Colisão traseira,Sem Vítimas,Plena Noite,Crescente,Céu Claro,Dupla,Reta,Sim,2,0,0,0,2,0,0,2,-26.860662,-49.065159,SPRF-SC,DEL04-SC,UOP01-DEL04-SC,2020
"304582,0",2020-08-30,domingo,13:40:00,SC,101,"206,0",SAO JOSE,Deficiência ou não Acionamento do Sistema de Iluminação/Sinalização do Veículo,Colisão traseira,Com Vítimas Feridas,Pleno dia,Crescente,Céu Claro,Dupla,Reta,Sim,2,0,0,1,1,0,1,2,-27.591935463,-48.6182455727,SPRF-SC,DEL01-SC,UOP01-DEL01-SC,2020
"304590,0",2020-08-30,domingo,14:20:00,SC,470,"135,5",RIO DO SUL,Falta de Atenção à Condução,Colisão transversal,Com Vítimas Feridas,Pleno dia,Decrescente,Céu Claro,Simples,Declive,Sim,3,0,1,1,1,0,2,2,-27.188492,-49.61232,SPRF-SC,DEL04-SC,UOP02-DEL04-SC,2020
"304603,0",2020-08-30,domingo,14:20:00,SC,470,"8,9",NAVEGANTES,Desobediência às normas de trânsito pelo condutor,Colisão frontal,Com Vítimas Fatais,Pleno dia,Decrescente,Céu Claro,Simples,Reta,Sim,5,1,0,0,2,2,0,4,-26.83688,-48.718853,SPRF-SC,DEL04-SC,UOP04-DEL04-SC,2020
"304616,0",2020-08-30,domingo,14:50:00,SC,153,"96,7",CONCORDIA,Desobediência às normas de trânsito pelo condutor,Colisão transversal,Com Vítimas Feridas,Pleno dia,Crescente,Céu Claro,Simples,Rotatória,Não,4,0,2,0,2,0,2,2,-27.212648,-51.952137,SPRF-SC,DEL07-SC,UOP04-DEL07-SC,2020
"304620,0",2020-08-30,domingo,17:10:00,SC,101,"138,0",BALNEARIO CAMBORIU,Velocidade Incompatível,Tombamento,Com Vítimas Feridas,Pleno dia,Decrescente,Céu Claro,Dupla,Reta,Sim,2,0,1,1,0,0,2,1,-27.02397426,-48.60761649,SPRF-SC,DEL04-SC,UOP03-DEL04-SC,2020
"304642,0",2020-08-30,domingo,18:10:00,SC,101,"221,9",PALHOCA,Velocidade Incompatível,Colisão traseira,Com Vítimas Feridas,Plena Noite,Decrescente,Nublado,Dupla,Reta,Sim,5,0,4,0,1,0,4,3,-27.70012652,-48.66021182,SPRF-SC,DEL01-SC,UOP02-DEL01-SC,2020
"304649,0",2020-08-30,domingo,17:30:00,SC,101,"118,0",ITAJAI,Defeito Mecânico no Veículo,Tombamento,Com Vítimas Feridas,Anoitecer,Crescente,Céu Claro,Dupla,Reta,Não,2,0,2,0,0,0,2,1,-26.895859,-48.71903,SPRF-SC,DEL04-SC,UOP04-DEL04-SC,2020
"304674,0",2020-08-30,domingo,20:00:00,SC,280,"52,0",GUARAMIRIM,Falta de Atenção do Pedestre,Atropelamento de Pedestre,Com Vítimas Feridas,Plena Noite,Crescente,Céu Claro,Simples,Reta,Não,2,0,1,0,1,0,1,2,-26.468904,-48.96492,SPRF-SC,DEL03-SC,UOP03-DEL03-SC,2020
"304693,0",2020-08-30,domingo,21:45:00,SC,101,"216,9",PALHOCA,Animais na Pista,Atropelamento de Animal,Com Vítimas Feridas,Plena Noite,Crescente,Nublado,Dupla,Reta,Não,1,0,1,0,0,0,1,1,-27.65981409,-48.67747798,SPRF-SC,DEL01-SC,UOP02-DEL01-SC,2020
"304735,0",2020-08-31,segunda-feira,01:30:00,SC,101,"332,5",TUBARAO,Desobediência às normas de trânsito pelo condutor,Colisão frontal,Com Vítimas Feridas,Plena Noite,Decrescente,Garoa/Chuvisco,Simples,Reta,Sim,2,0,1,0,1,0,1,2,-28.46016431,-48.98968873,SPRF-SC,DEL02-SC,UOP01-DEL02-SC,2020
"304789,0",2020-08-31,segunda-feira,07:35:00,SC,470,"247,4",CURITIBANOS,Desobediência às normas de trânsito pelo condutor,Colisão transversal,Com Vítimas Feridas,Pleno dia,Decrescente,Nublado,Simples,Rotatória,Sim,2,0,2,0,0,0,2,2,-27.31313764,-50.56114197,SPRF-SC,DEL05-SC,UOP03-DEL05-SC,2020
"304791,0",2020-08-31,segunda-feira,10:00:00,SC,101,"216,5",PALHOCA,Falta de Atenção à Condução,Colisão lateral,Com Vítimas Feridas,Pleno dia,Decrescente,Nublado,Dupla,Viaduto,Sim,2,0,0,1,1,0,1,2,-27.65981409,-48.67747798,SPRF-SC,DEL01-SC,UOP02-DEL01-SC,2020
"304797,0",2020-08-31,segunda-feira,10:10:00,SC,101,"38,5",JOINVILLE,Falta de Atenção à Condução,Colisão transversal,Sem Vítimas,Pleno dia,Crescente,Chuva,Dupla,Interseção de Vias,Sim,2,0,0,0,2,0,0,2,-26.25472505,-48.90561309,SPRF-SC,DEL03-SC,UOP01-DEL03-SC,2020
"304800,0",2020-08-31,segunda-feira,08:30:00,SC,153,"61,1",IRANI,Falta de Atenção à Condução,Colisão traseira,Sem Vítimas,Pleno dia,Crescente,Céu Claro,Simples,Reta;Em Obras,Não,3,0,0,0,3,0,0,2,-26.978279,-51.865761,SPRF-SC,DEL07-SC,UOP04-DEL07-SC,2020
"304813,0",2020-08-31,segunda-feira,13:05:00,SC,101,"197,0",BIGUACU,Não guardar distância de segurança,Colisão traseira,Com Vítimas Feridas,Pleno dia,Crescente,Nublado,Dupla,Curva,Sim,2,0,1,0,1,0,1,2,-27.51844497,-48.63848496,SPRF-SC,DEL01-SC,UOP01-DEL01-SC,2020