id,data_inversa,dia_semana,horario,uf,br,km,municipio,causa_acidente,tipo_acidente,classificacao_acidente,fase_dia,sentido_via,condicao_metereologica,tipo_pista,tracado_via,uso_solo,pessoas,mortos,feridos_leves,feridos_graves,ilesos,ignorados,feridos,veiculos,latitude,longitude,regional,delegacia,uop,ano_arquivo
"304814,0",2020-08-31,segunda-feira,11:50:00,SC,101,"85,2",BARRA VELHA,Falta de Atenção à Condução,Tombamento,Com Vítimas Feridas,Pleno dia,Decrescente,Chuva,Simples,Reta,Sim,1,0,1,0,0,0,1,1,-26.63575922,-48.6979723,SPRF-SC,DEL03-SC,UOP02-DEL03-SC,2020
"304830,0",2020-05-23,sábado,16:20:00,SC,280,"35,2",ARAQUARI,Falta de Atenção à Condução,Colisão lateral,Com Vítimas Feridas,Pleno dia,Decrescente,Nublado,Simples,Interseção de Vias,Não,3,0,1,1,1,0,2,2,-26.43535915,-48.80491734,SPRF-SC,DEL03-SC,UOP03-DEL03-SC,2020
"304836,0",2020-08-31,segunda-feira,14:55:00,SC,101,"216,3",PALHOCA,Desobediência às normas de trânsito pelo condutor,Colisão transversal,Com Vítimas Feridas,Pleno dia,Decrescente,Nublado,Múltipla,Viaduto,Sim,2,0,0,1,1,0,1,2,-27.65981409,-48.67747798,SPRF-SC,DEL01-SC,UOP02-DEL01-SC,2020
"304840,0",2020-08-31,segunda-feira,15:25:00,SC,101,"208,2",SAO JOSE,Falta de Atenção à Condução,Colisão traseira,Sem Vítimas,Pleno dia,Decrescente,Nublado,Dupla,Reta,Sim,4,0,0,0,4,0,0,4,-27.60327979,-48.63201818,SPRF-SC,DEL01-SC,UOP01-DEL01-SC,2020
"304852,0",2020-08-31,segunda-feira,11:25:00,SC,163,"2,0",DIONISIO CERQUEIRA,Falta de Atenção à Condução,Colisão lateral,Com Vítimas Feridas,Pleno dia,Crescente,Céu Claro,Simples,Reta,Sim,2,0,1,0,1,0,1,2,-26.2613,-53.6206,SPRF-SC,DEL07-SC,UOP03-DEL07-SC,2020
"304855,0",2020-08-31,segunda-feira,17:15:00,SC,101,"202,0",SAO JOSE,Desobediência às normas de trânsito pelo condutor,Colisão traseira,Com Vítimas Feridas,Pleno dia,Decrescente,Chuva,Dupla,Reta,Sim,3,0,1,0,2,0,1,2,-27.55711595,-48.61897889,SPRF-SC,DEL01-SC,UOP01-DEL01-SC,2020
"304872,0",2020-08-31,segunda-feira,13:00:00,SC,101,"41,0",JOINVILLE,Falta de Atenção à Condução,Colisão com objeto estático,Com Vítimas Feridas,Pleno dia,Crescente,Garoa/Chuvisco,Dupla,Curva,Sim,1,0,1,0,0,0,1,1,-26.28215489,-48.88973081,SPRF-SC,DEL03-SC,UOP01-DEL03-SC,2020
"304880,0",2020-08-31,segunda-feira,19:10:00,SC,101,"214,9",PALHOCA,Falta de Atenção à Condução,Colisão traseira,Com Vítimas Feridas,Plena Noite,Decrescente,Garoa/Chuvisco,Dupla,Reta,Sim,2,0,0,1,1,0,1,2,-27.64443,-48.67057,SPRF-SC,DEL01-SC,UOP02-DEL01-SC,2020
"304881,0",2020-08-31,segunda-feira,16:35:00,SC,282,"510,0",XANXERE,Avarias e/ou desgaste excessivo no pneu,Tombamento,Com Vítimas Feridas,Pleno dia,Crescente,Céu Claro,Simples,Reta,Não,2,0,2,0,0,0,2,1,-26.89516256,-52.4622649,SPRF-SC,DEL07-SC,UOP01-DEL07-SC,2020
"304886,0",2020-08-31,segunda-feira,18:45:00,SC,101,"121,0",ITAJAI,Não guardar distância de segurança,Colisão traseira,Sem Vítimas,Plena Noite,Decrescente,Garoa/Chuvisco,Dupla,Reta,Não,3,0,0,0,3,0,0,3,-26.92103178,-48.70856446,SPRF-SC,DEL04-SC,UOP04-DEL04-SC,2020
"304922,0",2020-08-31,segunda-feira,23:25:00,SC,101,"285,8",IMBITUBA,Ingestão de Álcool,Saída de leito carroçável,Com Vítimas Feridas,Plena Noite,Decrescente,Chuva,Dupla,Reta,Não,3,0,2,1,0,0,3,1,-28.22116606,-48.70063047,SPRF-SC,DEL02-SC,UOP03-DEL02-SC,2020
"304925,0",2020-09-01,terça-feira,01:45:00,SC,101,"89,3",BARRA VELHA,Falta de Atenção à Condução,Colisão frontal,Com Vítimas Feridas,Plena Noite,Crescente,Chuva,Simples,Reta,Sim,2,0,1,0,1,0,1,2,-26.66147733,-48.68878841,SPRF-SC,DEL03-SC,UOP02-DEL03-SC,2020
"304939,0",2020-09-01,terça-feira,05:00:00,SC,101,"150,0",ITAPEMA,Ingestão de Álcool,Colisão com objeto estático,Sem Vítimas,Amanhecer,Crescente,Chuva,Dupla,Reta,Sim,1,0,0,0,0,1,0,1,-27.11744799,-48.60940987,SPRF-SC,DEL04-SC,UOP03-DEL04-SC,2020
"304947,0",2020-09-01,terça-feira,07:10:00,SC,153,"96,8",CONCORDIA,Falta de Atenção à Condução,Colisão traseira,Com Vítimas Feridas,Pleno dia,Decrescente,Céu Claro,Simples,Rotatória,Sim,2,0,1,0,1,0,1,2,-27.212648,-51.952137,SPRF-SC,DEL07-SC,UOP04-DEL07-SC,2020
"304952,0",2020-09-01,terça-feira,07:05:00,SC,280,"126,0",RIO NEGRINHO,Desobediência às normas de trânsito pelo condutor,Colisão lateral,Com Vítimas Feridas,Amanhecer,Decrescente,Nublado,Simples,Reta;Interseção de Vias,Sim,2,0,1,0,1,0,1,2,-26.23779604,-49.49427399,SPRF-SC,DEL06-SC,UOP03-DEL06-SC,2020
"304991,0",2020-09-01,terça-feira,13:15:00,SC,101,"215,1",PALHOCA,Não guardar distância de segurança,Colisão traseira,Com Vítimas Feridas,Pleno dia,Crescente,Céu Claro,Múltipla,Reta,Sim,2,0,0,1,1,0,1,2,-27.65184843,-48.67604941,SPRF-SC,DEL01-SC,UOP02-DEL01-SC,2020
"304998,0",2020-09-01,terça-feira,14:15:00,SC,101,"218,0",PALHOCA,Defeito Mecânico no Veículo,Tombamento,Com Vítimas Feridas,Pleno dia,Crescente,Nublado,Múltipla,Reta,Sim,2,0,1,1,0,0,2,1,-27.6758601,-48.67052525,SPRF-SC,DEL01-SC,UOP02-DEL01-SC,2020
"304999,0",2020-09-01,terça-feira,12:30:00,SC,480,"128,0",CHAPECO,Falta de Atenção à Condução,Colisão transversal,Com Vítimas Feridas,Pleno dia,Decrescente,Sol,Simples,Reta,Não,3,0,1,0,2,0,1,2,-27.03781899,-52.63432603,SPRF-SC,DEL07-SC,UOP01-DEL07-SC,2020
"305001,0",2020-09-01,terça-feira,06:45:00,SC,470,"222,8",SAO CRISTOVAO DO SUL,Pista Escorregadia,Colisão com objeto estático,Com Vítimas Feridas,Pleno dia,Crescente,Garoa/Chuvisco,Simples,Curva,Não,1,0,1,0,0,0,1,1,-27.316019,-50.327316,SPRF-SC,DEL05-SC,UOP03-DEL05-SC,2020
"305009,0",2020-08-28,sexta-feira,21:30:00,SC,470,"38,0",GASPAR,Ingestão de Álcool,Colisão frontal,Com Vítimas Feridas,Plena Noite,Crescente,Nublado,Simples,Reta,Não,3,0,2,0,1,0,2,2,-26.904108,-48.980164,SPRF-SC,DEL04-SC,UOP01-DEL04-SC,2020
"305023,0",2020-09-01,terça-feira,15:15:00,SC,282,"516,0",XAXIM,Falta de Atenção à Condução,Saída de leito carroçável,Com Vítimas Feridas,Pleno dia,Crescente,Céu Claro,Simples,Curva,Não,2,0,1,0,1,0,1,1,-26.91678932,-52.49336243,SPRF-SC,DEL07-SC,UOP01-DEL07-SC,2020
"305040,0",2020-09-01,terça-feira,17:45:00,SC,101,"218,3",PALHOCA,Não guardar distância de segurança,Colisão traseira,Com Vítimas Feridas,Anoitecer,Crescente,Nublado,Múltipla,Reta,Não,2,0,1,0,1,0,1,2,-27.6758601,-48.67052525,SPRF-SC,DEL01-SC,UOP02-DEL01-SC,2020
"305043,0",2020-09-01,terça-feira,14:30:00,SC,470,"91,6",ASCURRA,Falta de Atenção à Condução,Saída de leito carroçável,Com Vítimas Feridas,Pleno dia,Crescente,Garoa/Chuvisco,Simples,Reta,Não,2,0,2,0,0,0,2,1,-26.97769,-49.369198,SPRF-SC,DEL04-SC,UOP01-DEL04-SC,2020
"305057,0",2020-09-01,terça-feira,19:45:00,SC,101,"1,0",GARUVA,Falta de Atenção à Condução,Colisão com objeto estático,Com Vítimas Feridas,Plena Noite,Crescente,Chuva,Simples,Reta,Não,1,0,1,0,0,0,1,1,-25.98895627,-48.88356133,SPRF-SC,DEL03-SC,UOP01-DEL03-SC,2020
"305074,0",2020-09-01,terça-feira,21:00:00,SC,101,"326,0",CAPIVARI DE BAIXO,Falta de Atenção à Condução,Saída de leito carroçável,Com Vítimas Feridas,Plena Noite,Decrescente,Céu Claro,Dupla,Curva,Não,1,0,1,0,0,0,1,1,-28.42524483,-48.94302707,SPRF-SC,DEL02-SC,UOP01-DEL02-SC,2020
"305082,0",2020-09-01,terça-feira,19:20:00,SC,280,"28,0",ARAQUARI,Falta de Atenção à Condução,Atropelamento de Pedestre,Com Vítimas Feridas,Pleno dia,Crescente,Chuva,Simples,Reta,Sim,2,0,1,0,1,0,1,2,-26.40450077,-48.74561031,SPRF-SC,DEL03-SC,UOP03-DEL03-SC,2020
"305088,0",2020-09-01,terça-feira,19:35:00,SC,280,"66,0",JARAGUA DO SUL,Fenômenos da Natureza,Atropelamento de Pedestre,Com Vítimas Feridas,Plena Noite,Decrescente,Chuva,Simples,Reta,Sim,2,0,0,1,1,0,1,2,-26.47704598,-49.10442352,SPRF-SC,DEL03-SC,UOP03-DEL03-SC,2020
"305108,0",2020-09-02,quarta-feira,00:30:00,SC,101,"204,0",SAO JOSE,Pista Escorregadia,Queda de ocupante de veículo,Com Vítimas Feridas,Plena Noite,Decrescente,Chuva,Simples,Reta,Sim,1,0,1,0,0,0,1,1,-27.57413014,-48.61363083,SPRF-SC,DEL01-SC,UOP01-DEL01-SC,2020
"305111,0",2020-09-02,quarta-feira,04:40:00,SC,470,"4,4",NAVEGANTES,Falta de Atenção à Condução,Saída de leito carroçável,Com Vítimas Feridas,Plena Noite,Crescente,Nublado,Dupla,Em Obras,Sim,1,0,0,1,0,0,1,1,-26.858473,-48.690788,SPRF-SC,DEL04-SC,UOP04-DEL04-SC,2020
"305129,0",2020-09-02,quarta-feira,06:40:00,SC,282,"37,3",AGUAS MORNAS,Falta de Atenção à Condução,Saída de leito carroçável,Com Vítimas Fatais,Pleno dia,Crescente,Garoa/Chuvisco,Simples,Curva,Não,2,1,0,1,0,0,1,1,-27.707325,-48.842983,SPRF-SC,DEL01-SC,UOP03-DEL01-SC,2020
"305143,0",2020-09-02,quarta-feira,08:10:00,SC,470,"57,0",BLUMENAU,Pista Escorregadia,Tombamento,Com Vítimas Feridas,Pleno dia,Crescente,Chuva,Simples,Interseção de Vias,Não,1,0,1,0,0,0,1,1,-26.880428,-49.136532,SPRF-SC,DEL04-SC,UOP01-DEL04-SC,2020
"305149,0",2020-09-02,quarta-feira,09:10:00,SC,101,"214,2",PALHOCA,Falta de Atenção à Condução,Queda de ocupante de veículo,Com Vítimas Feridas,Pleno dia,Decrescente,Céu Claro,Múltipla,Reta,Não,3,0,1,0,2,0,1,3,-27.64443,-48.67057,SPRF-SC,DEL01-SC,UOP02-DEL01-SC,2020
"305163,0",2020-09-02,quarta-feira,10:55:00,SC,280,"6,0",SAO FRANCISCO DO SUL,Desobediência às normas de trânsito pelo condutor,Colisão traseira,Com Vítimas Feridas,Pleno dia,Crescente,Céu Claro,Simples,Reta,Sim,2,0,1,0,1,0,1,2,-26.26569095,-48.63361804,SPRF-SC,DEL03-SC,UOP03-DEL03-SC,2020
"305170,0",2020-09-02,quarta-feira,10:40:00,SC,101,"28,2",JOINVILLE,Falta de Atenção à Condução,Tombamento,Com Vítimas Feridas,Pleno dia,Crescente,Chuva,Dupla,Reta,Sim,1,0,0,1,0,0,1,1,-26.20697505,-48.91482635,SPRF-SC,DEL03-SC,UOP01-DEL03-SC,2020
"305210,0",2020-09-02,quarta-feira,15:30:00,SC,282,"562,9",NOVA ERECHIM,Mal Súbito,Colisão frontal,Com Vítimas Feridas,Pleno dia,Decrescente,Sol,Simples,Reta,Não,2,0,1,0,1,0,1,2,-26.911108,-52.865475,SPRF-SC,DEL07-SC,UOP02-DEL07-SC,2020
"305243,0",2020-09-02,quarta-feira,19:20:00,SC,101,"119,0",ITAJAI,Não guardar distância de segurança,Colisão traseira,Com Vítimas Feridas,Plena Noite,Decrescente,Nublado,Dupla,Reta,Não,3,0,2,0,1,0,2,2,-26.9043179,-48.71555481,SPRF-SC,DEL04-SC,UOP04-DEL04-SC,2020
"305244,0",2020-09-02,quarta-feira,19:55:00,SC,280,"58,6",GUARAMIRIM,Falta de Atenção do Pedestre,Atropelamento de Pedestre,Com Vítimas Feridas,Plena Noite,Crescente,Garoa/Chuvisco,Simples,Curva,Não,2,0,0,1,1,0,1,2,-26.47415593,-49.021211,SPRF-SC,DEL03-SC,UOP03-DEL03-SC,2020
"305251,0",2020-09-02,quarta-feira,19:15:00,SC,470,"64,3",INDAIAL,Desobediência às normas de trânsito pelo condutor,Colisão lateral,Com Vítimas Feridas,Plena Noite,Decrescente,Nublado,Simples,Reta,Sim,2,0,2,0,0,0,2,2,-26.86979833,-49.20582175,SPRF-SC,DEL04-SC,UOP01-DEL04-SC,2020
"305279,0",2020-09-02,quarta-feira,23:40:00,SC,101,"205,5",SAO JOSE,Velocidade Incompatível,Saída de leito carroçável,Sem Vítimas,Plena Noite,Decrescente,Garoa/Chuvisco,Dupla,Curva,Sim,1,0,0,0,0,1,0,1,-27.58313237,-48.61532885,SPRF-SC,DEL01-SC,UOP01-DEL01-SC,2020
"305292,0",2020-09-03,quinta-feira,00:45:00,SC,101,"137,0",BALNEARIO CAMBORIU,Falta de Atenção do Pedestre,Atropelamento de Pedestre,Com Vítimas Feridas,Plena Noite,Crescente,Nublado,Múltipla,Interseção de Vias,Sim,2,0,1,0,0,1,1,2,-27.0157238,-48.61192763,SPRF-SC,DEL04-SC,UOP03-DEL04-SC,2020
"305318,0",2020-09-03,quinta-feira,08:09:00,SC,101,"208,1",SAO JOSE,Desobediência às normas de trânsito pelo condutor,Colisão lateral,Com Vítimas Feridas,Pleno dia,Decrescente,Céu Claro,Múltipla,Reta,Sim,2,0,1,0,1,0,1,2,-27.60327979,-48.63201818,SPRF-SC,DEL01-SC,UOP01-DEL01-SC,2020
"305335,0",2020-09-03,quinta-feira,09:15:00,SC,101,"210,0",SAO JOSE,Falta de Atenção à Condução,Colisão lateral,Com Vítimas Feridas,Pleno dia,Decrescente,Nublado,Múltipla,Reta;Aclive,Sim,2,0,0,1,1,0,1,2,-27.61809635,-48.64684939,SPRF-SC,DEL01-SC,UOP01-DEL01-SC,2020
"305336,0",2020-09-03,quinta-feira,09:30:00,SC,282,"218,0",LAGES,Defeito Mecânico no Veículo,Colisão com objeto em movimento,Sem Vítimas,Pleno dia,Decrescente,Céu Claro,Dupla,Reta,Sim,2,0,0,0,2,0,0,2,-27.797235,-50.31361,SPRF-SC,DEL05-SC,UOP01-DEL05-SC,2020
"305337,0",2020-09-03,quinta-feira,09:50:00,SC,282,"1,0",FLORIANOPOLIS,Desobediência às normas de trânsito pelo condutor,Colisão lateral,Com Vítimas Feridas,Pleno dia,Decrescente,Céu Claro,Dupla,Reta,Não,3,0,1,0,2,0,1,2,-27.602955,-48.580509,SPRF-SC,DEL01-SC,UOP01-DEL01-SC,2020
"305359,0",2020-09-03,quinta-feira,12:40:00,SC,101,"199,0",SAO JOSE,Falta de Atenção à Condução,Colisão lateral,Com Vítimas Feridas,Pleno dia,Decrescente,Céu Claro,Simples,Reta,Sim,2,0,1,0,1,0,1,2,-27.53413705,-48.63003205,SPRF-SC,DEL01-SC,UOP01-DEL01-SC,2020
"305360,0",2020-09-03,quinta-feira,10:30:00,SC,101,"99,7",BALNEARIO PICARRAS,Falta de Atenção à Condução,Saída de leito carroçável,Com Vítimas Feridas,Pleno dia,Crescente,Nublado,Dupla,Curva,Sim,1,0,1,0,0,0,1,1,-26.7471002,-48.69654831,SPRF-SC,DEL03-SC,UOP02-DEL03-SC,2020
"305388,0",2020-09-03,quinta-feira,11:40:00,SC,282,"638,6",DESCANSO,Pista Escorregadia,Tombamento,Sem Vítimas,Pleno dia,Decrescente,Céu Claro,Simples,Curva,Não,1,0,0,0,1,0,0,1,-26.800833,-53.448235,SPRF-SC,DEL07-SC,UOP03-DEL07-SC,2020
"305392,0",2020-09-03,quinta-feira,16:20:00,SC,101,"183,5",BIGUACU,Defeito Mecânico no Veículo,Queda de ocupante de veículo,Com Vítimas Feridas,Pleno dia,Crescente,Nublado,Múltipla,Reta,Não,1,0,1,0,0,0,1,1,-27.40688892,-48.6285296,SPRF-SC,DEL01-SC,UOP01-DEL01-SC,2020
"305411,0",2020-09-03,quinta-feira,18:10:00,SC,470,"55,5",BLUMENAU,Falta de Atenção à Condução,Colisão transversal,Com Vítimas Feridas,Anoitecer,Crescente,Céu Claro,Simples,Reta,Não,2,0,1,0,1,0,1,2,-26.875601,-49.117992,SPRF-SC,DEL04-SC,UOP01-DEL04-SC,2020
"305412,0",2020-09-03,quinta-feira,18:15:00,SC,470,"54,0",BLUMENAU,Falta de Atenção à Condução,Colisão transversal,Com Vítimas Feridas,Plena Noite,Crescente,Nublado,Simples,Declive,Não,2,0,1,0,1,0,1,2,-26.871065,-49.110374,SPRF-SC,DEL04-SC,UOP01-DEL04-SC,2020
"305416,0",2020-09-03,quinta-feira,10:55:00,SC,163,"69,0",SAO MIGUEL DO OESTE,Pista Escorregadia,Tombamento,Com Vítimas Feridas,Pleno dia,Decrescente,Céu Claro,Dupla,Reta,Não,1,0,1,0,0,0,1,1,-26.74132699,-53.50120591,SPRF-SC,DEL07-SC,UOP03-DEL07-SC,2020
"305432,0",2020-09-03,quinta-feira,18:30:00,SC,101,"208,7",SAO JOSE,Desobediência às normas de trânsito pelo condutor,Colisão lateral,Com Vítimas Feridas,Anoitecer,Decrescente,Nublado,Múltipla,Reta,Sim,2,0,1,0,1,0,1,2,-27.60327979,-48.63201818,SPRF-SC,DEL01-SC,UOP01-DEL01-SC,2020
"305434,0",2020-09-03,quinta-feira,19:15:00,SC,282,"609,9",MARAVILHA,Falta de Atenção à Condução,Colisão lateral,Com Vítimas Feridas,Plena Noite,Crescente,Céu Claro,Simples,Declive;Reta,Não,2,0,1,0,1,0,1,2,-26.761354,-53.221897,SPRF-SC,DEL07-SC,UOP02-DEL07-SC,2020
"305447,0",2020-09-03,quinta-feira,20:30:00,SC,470,"124,8",LONTRAS,Desobediência às normas de trânsito pelo condutor,Colisão transversal,Com Vítimas Feridas,Plena Noite,Decrescente,Céu Claro,Simples,Interseção de Vias,Não,3,0,1,0,1,1,1,3,-27.113192,-49.529163,SPRF-SC,DEL04-SC,UOP02-DEL04-SC,2020
"305450,0",2020-09-03,quinta-feira,19:45:00,SC,101,"148,8",ITAPEMA,Falta de Atenção do Pedestre,Atropelamento de Pedestre,Com Vítimas Feridas,Plena Noite,Decrescente,Céu Claro,Múltipla,Declive,Sim,2,0,0,1,1,0,1,2,-27.10123686,-48.61807962,SPRF-SC,DEL04-SC,UOP03-DEL04-SC,2020
"305456,0",2020-09-03,quinta-feira,06:50:00,SC,101,"208,0",SAO JOSE,Falta de Atenção à Condução,Queda de ocupante de veículo,Com Vítimas Feridas,Pleno dia,Crescente,Nublado,Múltipla,Curva,Sim,1,0,1,0,0,0,1,1,-27.60327979,-48.63201818,SPRF-SC,DEL01-SC,UOP01-DEL01-SC,2020
"305458,0",2020-09-03,quinta-feira,18:25:00,SC,282,"529,3",CORDILHEIRA ALTA,Falta de Atenção à Condução,Colisão transversal,Com Vítimas Feridas,Plena Noite,Decrescente,Céu Claro,Simples,Reta,Não,2,0,0,1,1,0,1,2,-26.982185,-52.59734,SPRF-SC,DEL07-SC,UOP01-DEL07-SC,2020
"305464,0",2020-09-03,quinta-feira,21:25:00,SC,101,"156,0",ITAPEMA,Falta de Atenção à Condução,Colisão traseira,Com Vítimas Feridas,Plena Noite,Crescente,Ignorado,Dupla,Reta,Não,1,0,1,0,0,0,1,1,-27.172272,-48.61170204,SPRF-SC,DEL04-SC,UOP03-DEL04-SC,2020
"305503,0",2020-09-04,sexta-feira,06:05:00,SC,282,"16,6",PALHOCA,Animais na Pista,Atropelamento de Animal,Com Vítimas Feridas,Amanhecer,Crescente,Garoa/Chuvisco,Simples,Reta,Sim,2,0,1,0,0,1,1,2,-27.658611,-48.681847,SPRF-SC,DEL01-SC,UOP02-DEL01-SC,2020
"305524,0",2020-09-04,sexta-feira,08:25:00,SC,101,"212,9",PALHOCA,Desobediência às normas de trânsito pelo condutor,Colisão lateral,Com Vítimas Feridas,Pleno dia,Crescente,Nublado,Múltipla,Reta,Sim,2,0,0,1,1,0,1,2,-27.62996929,-48.65903871,SPRF-SC,DEL01-SC,UOP02-DEL01-SC,2020
"305541,0",2020-09-04,sexta-feira,09:00:00,SC,101,"202,9",SAO JOSE,Falta de Atenção à Condução,Colisão lateral,Com Vítimas Feridas,Pleno dia,Crescente,Nublado,Dupla,Aclive,Sim,2,0,1,0,1,0,1,2,-27.55711595,-48.61897889,SPRF-SC,DEL01-SC,UOP01-DEL01-SC,2020
"305574,0",2020-09-04,sexta-feira,07:50:00,SC,101,"135,6",BALNEARIO CAMBORIU,Falta de Atenção à Condução,Colisão transversal,Com Vítimas Feridas,Pleno dia,Crescente,Nublado,Simples,Reta,Sim,2,0,1,1,0,0,2,2,-27.0050108,-48.62677494,SPRF-SC,DEL04-SC,UOP03-DEL04-SC,2020
"305590,0",2020-09-04,sexta-feira,12:50:00,SC,280,"128,6",RIO NEGRINHO,Desobediência às normas de trânsito pelo condutor,Colisão transversal,Com Vítimas Feridas,Pleno dia,Decrescente,Sol,Simples,Declive;Reta,Sim,3,0,2,0,1,0,2,2,-26.2535286,-49.53130245,SPRF-SC,DEL06-SC,UOP03-DEL06-SC,2020
"305615,0",2020-09-04,sexta-feira,15:05:00,SC,282,"217,7",LAGES,Falta de Atenção à Condução,Colisão transversal,Com Vítimas Feridas,Pleno dia,Crescente,Céu Claro,Simples,Interseção de Vias;Reta,Sim,2,0,1,0,1,0,1,2,-27.79750511,-50.29750228,SPRF-SC,DEL05-SC,UOP01-DEL05-SC,2020
"305629,0",2020-09-04,sexta-feira,16:00:00,SC,282,"4,0",FLORIANOPOLIS,Falta de Atenção à Condução,Colisão traseira,Sem Vítimas,Pleno dia,Crescente,Céu Claro,Dupla,Reta,Sim,2,0,0,0,2,0,0,2,-27.592646,-48.604034,SPRF-SC,DEL01-SC,UOP01-DEL01-SC,2020
"305640,0",2020-09-04,sexta-feira,10:40:00,SC,282,"500,8",XANXERE,Desobediência às normas de trânsito pelo condutor,Colisão traseira,Com Vítimas Feridas,Pleno dia,Crescente,Sol,Simples,Reta,Sim,3,0,2,0,1,0,2,2,-26.882715,-52.381729,SPRF-SC,DEL07-SC,UOP01-DEL07-SC,2020
"305642,0",2020-09-04,sexta-feira,15:20:00,SC,480,"126,9",CHAPECO,Desobediência às normas de trânsito pelo condutor,Colisão transversal,Com Vítimas Feridas,Pleno dia,Crescente,Sol,Múltipla,Interseção de Vias,Não,5,0,3,0,2,0,3,2,-27.020083,-52.636024,SPRF-SC,DEL07-SC,UOP01-DEL07-SC,2020
"305647,0",2020-09-04,sexta-feira,16:50:00,SC,101,"368,0",ICARA,Ingestão de Álcool,Saída de leito carroçável,Sem Vítimas,Pleno dia,Crescente,Nublado,Simples,Curva,Sim,2,0,0,0,2,0,0,1,-28.6957326,-49.17347228,SPRF-SC,DEL02-SC,UOP01-DEL02-SC,2020
"305651,0",2020-09-04,sexta-feira,18:00:00,SC,101,"410,0",ARARANGUA,Falta de Atenção à Condução,Colisão frontal,Com Vítimas Feridas,Anoitecer,Decrescente,Garoa/Chuvisco,Simples,Reta,Sim,2,0,0,2,0,0,2,2,-28.9225061,-49.4913107,SPRF-SC,DEL02-SC,UOP02-DEL02-SC,2020
"305661,0",2020-09-04,sexta-feira,18:37:00,SC,101,"205,3",SAO JOSE,Falta de Atenção à Condução,Colisão lateral,Com Vítimas Feridas,Plena Noite,Crescente,Nublado,Múltipla,Reta,Sim,2,0,1,0,1,0,1,2,-27.58313237,-48.61532885,SPRF-SC,DEL01-SC,UOP01-DEL01-SC,2020
"305666,0",2020-09-04,sexta-feira,18:20:00,SC,101,"146,0",ITAPEMA,Desobediência às normas de trânsito pelo condutor,Colisão transversal,Com Vítimas Feridas,Anoitecer,Decrescente,Nublado,Simples,Interseção de Vias,Sim,2,0,1,0,1,0,1,2,-27.08666525,-48.60955587,SPRF-SC,DEL04-SC,UOP03-DEL04-SC,2020
"305681,0",2020-09-04,sexta-feira,19:00:00,SC,101,"194,0",BIGUACU,Falta de Atenção à Condução,Colisão traseira,Com Vítimas Feridas,Plena Noite,Decrescente,Céu Claro,Dupla,Reta,Sim,3,0,1,0,2,0,1,3,-27.49815117,-48.65661236,SPRF-SC,DEL01-SC,UOP01-DEL01-SC,2020
"305687,0",2020-09-04,sexta-feira,18:15:00,SC,280,"69,9",JARAGUA DO SUL,Falta de Atenção à Condução,Colisão transversal,Com Vítimas Feridas,Plena Noite,Crescente,Céu Claro,Simples,Reta,Não,3,0,0,2,1,0,2,2,-26.462925,-49.131692,SPRF-SC,DEL03-SC,UOP03-DEL03-SC,2020
"305720,0",2020-09-04,sexta-feira,21:50:00,SC,101,"204,8",SAO JOSE,Desobediência às normas de trânsito pelo condutor,Atropelamento de Pedestre,Com Vítimas Feridas,Plena Noite,Crescente,Nublado,Múltipla,Reta;Túnel,Sim,2,0,2,0,0,0,2,2,-27.5807585,-48.61470044,SPRF-SC,DEL01-SC,UOP01-DEL01-SC,2020
"305722,0",2020-09-04,sexta-feira,18:40:00,SC,101,"432,0",SOMBRIO,Falta de Atenção à Condução,Tombamento,Com Vítimas Feridas,Plena Noite,Crescente,Nublado,Múltipla,Reta,Sim,1,0,1,0,0,0,1,1,-29.07912583,-49.62902069,SPRF-SC,DEL02-SC,UOP02-DEL02-SC,2020
"305765,0",2020-09-05,sábado,00:08:00,SC,101,"253,0",PAULO LOPES,Velocidade Incompatível,Colisão com objeto estático,Com Vítimas Feridas,Plena Noite,Decrescente,Nublado,Dupla,Curva,Não,3,0,0,2,1,0,2,1,-27.96492999,-48.67962057,SPRF-SC,DEL02-SC,UOP03-DEL02-SC,2020
"305784,0",2020-09-05,sábado,01:30:00,SC,280,"123,0",RIO NEGRINHO,Desobediência às normas de trânsito pelo condutor,Colisão frontal,Com Vítimas Fatais,Plena Noite,Crescente,Céu Claro,Simples,Aclive;Reta,Sim,3,1,0,0,1,1,0,3,-26.23767028,-49.48413312,SPRF-SC,DEL06-SC,UOP03-DEL06-SC,2020
"305789,0",2020-09-05,sábado,04:35:00,SC,101,"435,0",SOMBRIO,Falta de Atenção à Condução,Saída de leito carroçável,Sem Vítimas,Plena Noite,Decrescente,Nublado,Simples,Reta,Sim,1,0,0,0,1,0,0,1,-29.09949414,-49.63480552,SPRF-SC,DEL02-SC,UOP02-DEL02-SC,2020
"305794,0",2020-09-05,sábado,04:30:00,SC,101,"208,7",SAO JOSE,Velocidade Incompatível,Colisão com objeto estático,Com Vítimas Feridas,Plena Noite,Crescente,Chuva,Dupla,Declive,Sim,3,0,1,0,2,0,1,3,-27.60327979,-48.63201818,SPRF-SC,DEL01-SC,UOP01-DEL01-SC,2020
"305795,0",2020-09-05,sábado,05:00:00,SC,101,"208,1",SAO JOSE,Desobediência às normas de trânsito pelo condutor,Colisão com objeto estático,Com Vítimas Feridas,Plena Noite,Decrescente,Chuva,Múltipla,Reta,Sim,2,0,1,0,1,0,1,2,-27.60428749,-48.6327678,SPRF-SC,DEL01-SC,UOP01-DEL01-SC,2020