id,data_inversa,dia_semana,horario,uf,br,km,municipio,causa_acidente,tipo_acidente,classificacao_acidente,fase_dia,sentido_via,condicao_metereologica,tipo_pista,tracado_via,uso_solo,pessoas,mortos,feridos_leves,feridos_graves,ilesos,ignorados,feridos,veiculos,latitude,longitude,regional,delegacia,uop,ano_arquivo
"305807,0",2020-09-05,sábado,06:35:00,SC,101,"214,3",PALHOCA,Não guardar distância de segurança,Colisão traseira,Com Vítimas Feridas,Pleno dia,Crescente,Garoa/Chuvisco,Dupla,Curva,Sim,4,0,2,0,2,0,2,3,-27.64443,-48.67057,SPRF-SC,DEL01-SC,UOP02-DEL01-SC,2020
"305825,0",2020-09-05,sábado,06:30:00,SC,282,"4,0",SAO JOSE,Pista Escorregadia,Colisão com objeto estático,Com Vítimas Fatais,Amanhecer,Decrescente,Garoa/Chuvisco,Múltipla,Reta,Sim,1,1,0,0,0,0,0,1,-27.592646,-48.604034,SPRF-SC,DEL01-SC,UOP01-DEL01-SC,2020
"305831,0",2020-09-05,sábado,08:20:00,SC,101,"416,9",ARARANGUA,Ultrapassagem Indevida,Tombamento,Com Vítimas Feridas,Pleno dia,Decrescente,Nublado,Múltipla,Reta,Sim,2,0,1,0,1,0,1,2,-28.97824208,-49.53441381,SPRF-SC,DEL02-SC,UOP02-DEL02-SC,2020
"305832,0",2020-09-05,sábado,05:00:00,SC,282,"462,3",PONTE SERRADA,Animais na Pista,Atropelamento de Animal,Com Vítimas Feridas,Plena Noite,Decrescente,Céu Claro,Simples,Reta,Sim,3,0,3,0,0,0,3,2,-26.857594,-52.050583,SPRF-SC,DEL07-SC,UOP04-DEL07-SC,2020
"305837,0",2020-09-05,sábado,08:20:00,SC,101,"201,0",BIGUACU,Falta de Atenção à Condução,Capotamento,Com Vítimas Feridas,Pleno dia,Decrescente,Chuva,Múltipla,Reta,Não,1,0,1,0,0,0,1,1,-27.54836599,-48.61977975,SPRF-SC,DEL01-SC,UOP01-DEL01-SC,2020
"305854,0",2020-09-05,sábado,10:00:00,SC,282,"414,3",CATANDUVAS,Falta de Atenção à Condução,Colisão transversal,Com Vítimas Feridas,Pleno dia,Decrescente,Céu Claro,Simples,Curva,Não,6,0,2,0,4,0,2,2,-27.039997,-51.708958,SPRF-SC,DEL07-SC,UOP05-DEL07-SC,2020
"305856,0",2020-09-05,sábado,10:00:00,SC,280,"52,7",GUARAMIRIM,Desobediência às normas de trânsito pelo condutor,Colisão transversal,Com Vítimas Feridas,Pleno dia,Crescente,Nublado,Simples,Reta,Sim,2,0,1,0,1,0,1,2,-26.468904,-48.96492,SPRF-SC,DEL03-SC,UOP03-DEL03-SC,2020
"305869,0",2020-09-05,sábado,11:00:00,SC,101,"200,0",SAO JOSE,Falta de Atenção à Condução,Colisão traseira,Com Vítimas Feridas,Pleno dia,Crescente,Céu Claro,Dupla,Curva,Sim,5,0,3,0,2,0,3,4,-27.54018513,-48.62287714,SPRF-SC,DEL01-SC,UOP01-DEL01-SC,2020
"305893,0",2020-09-05,sábado,10:25:00,SC,470,"22,0",ILHOTA,Velocidade Incompatível,Colisão traseira,Sem Vítimas,Pleno dia,Decrescente,Nublado,Simples,Reta,Não,2,0,0,0,2,0,0,2,-26.880066,-48.836224,SPRF-SC,DEL04-SC,UOP04-DEL04-SC,2020
"305900,0",2020-09-05,sábado,12:00:00,SC,470,"112,0",APIUNA,Falta de Atenção à Condução,Colisão traseira,Com Vítimas Feridas,Pleno dia,Crescente,Nublado,Simples,Reta;Em Obras,Sim,3,0,2,0,0,1,2,2,-27.09638188,-49.45813179,SPRF-SC,DEL04-SC,UOP02-DEL04-SC,2020
"305903,0",2020-09-05,sábado,11:45:00,SC,101,"360,0",SANGAO,Desobediência às normas de trânsito pelo condutor,Capotamento,Com Vítimas Feridas,Pleno dia,Crescente,Chuva,Simples,Curva,Sim,2,0,2,0,0,0,2,1,-28.65823109,-49.10991486,SPRF-SC,DEL02-SC,UOP01-DEL02-SC,2020
"305912,0",2020-09-05,sábado,10:35:00,SC,101,"210,0",SAO JOSE,Falta de Atenção à Condução,Saída de leito carroçável,Com Vítimas Feridas,Pleno dia,Decrescente,Céu Claro,Dupla,Reta,Sim,1,0,1,0,0,0,1,1,-27.6167305,-48.6457265,SPRF-SC,DEL01-SC,UOP01-DEL01-SC,2020
"305920,0",2020-09-05,sábado,15:40:00,SC,282,"6,0",FLORIANOPOLIS,Não guardar distância de segurança,Tombamento,Com Vítimas Feridas,Pleno dia,Decrescente,Garoa/Chuvisco,Dupla,Reta,Sim,1,0,0,1,0,0,1,1,-27.591936,-48.618244,SPRF-SC,DEL01-SC,UOP01-DEL01-SC,2020
"305925,0",2020-09-05,sábado,15:47:00,SC,101,"116,5",ITAJAI,Não guardar distância de segurança,Colisão traseira,Com Vítimas Feridas,Pleno dia,Crescente,Nublado,Dupla,Reta,Sim,2,0,1,0,1,0,1,2,-26.87905605,-48.72603512,SPRF-SC,DEL04-SC,UOP04-DEL04-SC,2020
"305929,0",2020-09-05,sábado,15:20:00,SC,101,"100,2",BALNEARIO PICARRAS,Falta de Atenção à Condução,Colisão com objeto estático,Sem Vítimas,Pleno dia,Decrescente,Nublado,Dupla,Reta,Sim,5,0,0,0,4,1,0,1,-26.75482787,-48.68993675,SPRF-SC,DEL03-SC,UOP02-DEL03-SC,2020
"305946,0",2020-09-05,sábado,17:35:00,SC,282,"16,5",PALHOCA,Desobediência às normas de trânsito pelo condutor,Colisão transversal,Com Vítimas Feridas,Pleno dia,Crescente,Garoa/Chuvisco,Simples,Reta,Sim,2,0,1,0,1,0,1,2,-27.658611,-48.681847,SPRF-SC,DEL01-SC,UOP02-DEL01-SC,2020
"305950,0",2020-09-05,sábado,17:40:00,SC,101,"358,0",SANGAO,Avarias e/ou desgaste excessivo no pneu,Saída de leito carroçável,Com Vítimas Feridas,Pleno dia,Crescente,Garoa/Chuvisco,Dupla,Reta,Não,1,0,1,0,0,0,1,1,-28.642765,-49.100403,SPRF-SC,DEL02-SC,UOP01-DEL02-SC,2020
"305954,0",2020-09-05,sábado,15:20:00,SC,280,"82,5",CORUPA,Falta de Atenção à Condução,Colisão transversal,Com Vítimas Feridas,Pleno dia,Decrescente,Nublado,Simples,Rotatória,Sim,3,0,3,0,0,0,3,2,-26.35095962,-49.17858124,SPRF-SC,DEL06-SC,UOP03-DEL06-SC,2020
"305973,0",2020-09-05,sábado,18:55:00,SC,101,"195,0",BIGUACU,Falta de Atenção à Condução,Atropelamento de Pedestre,Com Vítimas Feridas,Anoitecer,Decrescente,Chuva,Dupla,Reta,Sim,2,0,1,0,1,0,1,2,-27.5047092,-48.65010819,SPRF-SC,DEL01-SC,UOP01-DEL01-SC,2020
"306016,0",2020-09-05,sábado,21:35:00,SC,101,"362,0",SANGAO,Pista Escorregadia,Capotamento,Com Vítimas Feridas,Plena Noite,Crescente,Garoa/Chuvisco,Dupla,Curva;Declive,Não,1,0,1,0,0,0,1,1,-28.67136197,-49.12225505,SPRF-SC,DEL02-SC,UOP01-DEL02-SC,2020
"306038,0",2020-09-05,sábado,21:34:00,SC,101,"57,5",ARAQUARI,Não guardar distância de segurança,Colisão com objeto estático,Com Vítimas Feridas,Plena Noite,Decrescente,Chuva,Dupla,Curva,Não,2,0,1,0,1,0,1,1,-26.43646093,-48.81113029,SPRF-SC,DEL03-SC,UOP01-DEL03-SC,2020
"306063,0",2020-09-06,domingo,00:50:00,SC,282,"6,0",SAO JOSE,Ingestão de Álcool,Capotamento,Sem Vítimas,Plena Noite,Decrescente,Garoa/Chuvisco,Dupla,Curva,Sim,2,0,0,0,1,1,0,1,-27.591936,-48.618244,SPRF-SC,DEL01-SC,UOP01-DEL01-SC,2020
"306064,0",2020-09-06,domingo,01:20:00,SC,282,"21,5",PALHOCA,Ingestão de Álcool,Colisão com objeto estático,Sem Vítimas,Plena Noite,Crescente,Nublado,Simples,Reta,Sim,1,0,0,0,0,1,0,1,-27.68907,-48.717541,SPRF-SC,DEL01-SC,UOP02-DEL01-SC,2020
"306077,0",2020-09-06,domingo,00:15:00,SC,280,"225,5",TRES BARRAS,Falta de Atenção à Condução,Colisão transversal,Com Vítimas Feridas,Plena Noite,Crescente,Nublado,Simples,Reta,Não,2,0,1,0,1,0,1,2,-26.17875971,-50.31308811,SPRF-SC,DEL06-SC,UOP04-DEL06-SC,2020
"306106,0",2020-09-06,domingo,08:45:00,SC,101,"201,0",SAO JOSE,Defeito na Via,Tombamento,Com Vítimas Feridas,Pleno dia,Decrescente,Chuva,Múltipla,Declive;Reta,Sim,1,0,1,0,0,0,1,1,-27.54836599,-48.61977975,SPRF-SC,DEL01-SC,UOP01-DEL01-SC,2020
"306117,0",2020-09-06,domingo,08:40:00,SC,101,"92,5",BARRA VELHA,Defeito Mecânico no Veículo,Incêndio,Sem Vítimas,Pleno dia,Crescente,Nublado,Múltipla,Reta,Sim,1,0,0,0,1,0,0,1,-26.6806041,-48.6931497,SPRF-SC,DEL03-SC,UOP02-DEL03-SC,2020
"306128,0",2020-09-06,domingo,11:00:00,SC,280,"26,0",ARAQUARI,Desobediência às normas de trânsito pelo condutor,Colisão transversal,Com Vítimas Feridas,Pleno dia,Crescente,Céu Claro,Simples,Reta,Sim,3,0,2,0,1,0,2,3,-26.401843,-48.7436423,SPRF-SC,DEL03-SC,UOP03-DEL03-SC,2020
"306138,0",2020-09-06,domingo,11:44:00,SC,101,"192,0",BIGUACU,Velocidade Incompatível,Colisão com objeto estático,Sem Vítimas,Pleno dia,Crescente,Garoa/Chuvisco,Dupla,Curva,Não,1,0,0,0,0,1,0,1,-27.48443781,-48.64765238,SPRF-SC,DEL01-SC,UOP01-DEL01-SC,2020
"306141,0",2020-09-06,domingo,12:00:00,SC,101,"435,6",SOMBRIO,Desobediência às normas de trânsito pelo condutor,Colisão transversal,Com Vítimas Feridas,Pleno dia,Decrescente,Chuva,Simples,Viaduto,Sim,2,0,1,0,1,0,1,2,-29.09949414,-49.63480552,SPRF-SC,DEL02-SC,UOP02-DEL02-SC,2020
"306147,0",2020-09-06,domingo,12:15:00,SC,101,"411,4",ARARANGUA,Desobediência às normas de trânsito pelo condutor,Colisão transversal,Sem Vítimas,Pleno dia,Decrescente,Chuva,Simples,Rotatória,Sim,2,0,0,0,2,0,0,2,-28.94912377,-49.50696945,SPRF-SC,DEL02-SC,UOP02-DEL02-SC,2020
"306153,0",2020-09-06,domingo,12:15:00,SC,101,"296,5",IMBITUBA,Velocidade Incompatível,Saída de leito carroçável,Sem Vítimas,Pleno dia,Crescente,Nublado,Múltipla,Reta,Sim,1,0,0,0,1,0,0,1,-28.334885,-48.732936,SPRF-SC,DEL02-SC,UOP03-DEL02-SC,2020
"306154,0",2020-08-14,sexta-feira,16:10:00,SC,282,"385,2",JOACABA,Fenômenos da Natureza,Saída de leito carroçável,Sem Vítimas,Pleno dia,Crescente,Chuva,Simples,Reta,Não,5,0,0,0,4,1,0,2,-27.194431,-51.515869,SPRF-SC,DEL07-SC,UOP05-DEL07-SC,2020
"306209,0",2020-09-06,domingo,17:30:00,SC,101,"65,3",ARAQUARI,Falta de Atenção à Condução,Colisão traseira,Com Vítimas Feridas,Anoitecer,Crescente,Nublado,Simples,Reta,Sim,2,0,1,0,1,0,1,2,-26.47135714,-48.74457217,SPRF-SC,DEL03-SC,UOP02-DEL03-SC,2020
"306215,0",2020-09-06,domingo,17:45:00,SC,470,"91,0",APIUNA,Falta de Atenção à Condução,Colisão lateral,Com Vítimas Feridas,Pleno dia,Crescente,Céu Claro,Simples,Reta,Não,3,0,2,0,1,0,2,2,-26.97769,-49.369198,SPRF-SC,DEL04-SC,UOP01-DEL04-SC,2020
"306230,0",2020-09-06,domingo,18:10:00,SC,470,"7,0",NAVEGANTES,Ingestão de Álcool,Colisão com objeto estático,Sem Vítimas,Plena Noite,Crescente,Nublado,Simples,Viaduto,Não,1,0,0,0,0,1,0,1,-26.84499,-48.71505,SPRF-SC,DEL04-SC,UOP04-DEL04-SC,2020
"306233,0",2020-09-06,domingo,15:30:00,SC,480,"126,0",CHAPECO,Ingestão de Álcool,Tombamento,Com Vítimas Feridas,Pleno dia,Crescente,Sol,Dupla,Reta,Sim,1,0,1,0,0,0,1,1,-27.020083,-52.636024,SPRF-SC,DEL07-SC,UOP01-DEL07-SC,2020
"306239,0",2020-09-06,domingo,18:50:00,SC,101,"134,1",BALNEARIO CAMBORIU,Velocidade Incompatível,Colisão com objeto estático,Sem Vítimas,Anoitecer,Crescente,Nublado,Múltipla,Reta,Sim,1,0,0,0,1,0,0,1,-27.00218,-48.636433,SPRF-SC,DEL04-SC,UOP03-DEL04-SC,2020
"306267,0",2020-09-06,domingo,17:30:00,SC,101,"37,0",JOINVILLE,Falta de Atenção à Condução,Capotamento,Com Vítimas Feridas,Pleno dia,Crescente,Garoa/Chuvisco,Dupla,Reta,Sim,3,0,2,0,1,0,2,1,-26.29270501,-48.88489008,SPRF-SC,DEL03-SC,UOP01-DEL03-SC,2020
"306280,0",2020-09-06,domingo,21:00:00,SC,470,"316,5",CAMPOS NOVOS,Ultrapassagem Indevida,Colisão frontal,Com Vítimas Feridas,Plena Noite,Crescente,Nublado,Simples,Reta,Não,4,0,2,2,0,0,4,2,-27.399858,-51.198162,SPRF-SC,DEL07-SC,UOP06-DEL07-SC,2020
"306307,0",2020-09-07,segunda-feira,00:15:00,SC,101,"138,5",BALNEARIO CAMBORIU,Falta de Atenção à Condução,Colisão traseira,Com Vítimas Feridas,Plena Noite,Decrescente,Chuva,Dupla,Curva,Sim,3,0,1,0,2,0,1,2,-27.02397426,-48.60761649,SPRF-SC,DEL04-SC,UOP03-DEL04-SC,2020
"306313,0",2020-09-07,segunda-feira,00:30:00,SC,470,"3,4",NAVEGANTES,Sinalização da via insuficiente ou inadequada,Tombamento,Com Vítimas Feridas,Plena Noite,Decrescente,Nublado,Simples,Em Obras,Não,1,0,0,1,0,0,1,1,-26.861937,-48.681618,SPRF-SC,DEL04-SC,UOP04-DEL04-SC,2020
"306316,0",2020-09-07,segunda-feira,01:15:00,SC,101,"136,8",BALNEARIO CAMBORIU,Falta de Atenção à Condução,Colisão traseira,Com Vítimas Feridas,Plena Noite,Crescente,Garoa/Chuvisco,Dupla,Reta,Sim,3,0,2,0,1,0,2,2,-27.008113,-48.617245,SPRF-SC,DEL04-SC,UOP03-DEL04-SC,2020
"306321,0",2020-09-07,segunda-feira,01:45:00,SC,101,"136,4",BALNEARIO CAMBORIU,Falta de Atenção à Condução,Colisão com objeto estático,Com Vítimas Feridas,Plena Noite,Crescente,Garoa/Chuvisco,Múltipla,Reta,Sim,6,0,4,0,2,0,4,3,-27.008113,-48.617245,SPRF-SC,DEL04-SC,UOP03-DEL04-SC,2020
"306338,0",2020-09-07,segunda-feira,00:00:00,SC,280,"108,0",SAO BENTO DO SUL,Fenômenos da Natureza,Tombamento,Com Vítimas Feridas,Plena Noite,Crescente,Nevoeiro/Neblina,Simples,Curva,Não,4,0,1,0,3,0,1,1,-26.33485694,-49.37802919,SPRF-SC,DEL06-SC,UOP03-DEL06-SC,2020
"306357,0",2020-09-07,segunda-feira,10:00:00,SC,101,"199,0",SAO JOSE,Velocidade Incompatível,Queda de ocupante de veículo,Com Vítimas Feridas,Pleno dia,Decrescente,Chuva,Dupla,Reta,Sim,2,0,1,0,1,0,1,1,-27.53413705,-48.63003205,SPRF-SC,DEL01-SC,UOP01-DEL01-SC,2020
"306369,0",2020-09-07,segunda-feira,11:40:00,SC,101,"315,0",TUBARAO,Velocidade Incompatível,Capotamento,Sem Vítimas,Pleno dia,Crescente,Chuva,Dupla,Ponte,Não,1,0,0,0,1,0,0,1,-28.5436927,-49.0533301,SPRF-SC,DEL02-SC,UOP01-DEL02-SC,2020
"306371,0",2020-09-07,segunda-feira,12:30:00,SC,101,"193,0",BIGUACU,Pista Escorregadia,Colisão com objeto estático,Com Vítimas Feridas,Pleno dia,Crescente,Chuva,Múltipla,Reta,Não,2,0,1,0,1,0,1,1,-27.489574,-48.655914,SPRF-SC,DEL01-SC,UOP01-DEL01-SC,2020
"306382,0",2020-09-07,segunda-feira,10:25:00,SC,470,"165,0",POUSO REDONDO,Falta de Atenção à Condução,Saída de leito carroçável,Com Vítimas Feridas,Pleno dia,Crescente,Chuva,Simples,Reta,Não,1,0,0,1,0,0,1,1,-27.27663,-49.845661,SPRF-SC,DEL04-SC,UOP02-DEL04-SC,2020
"306384,0",2020-09-07,segunda-feira,11:00:00,SC,470,"191,0",POUSO REDONDO,Velocidade Incompatível,Colisão traseira,Com Vítimas Feridas,Pleno dia,Decrescente,Chuva,Simples,Reta,Não,4,0,2,0,2,0,2,2,-27.284445,-50.07766,SPRF-SC,DEL04-SC,UOP02-DEL04-SC,2020
"306387,0",2020-09-07,segunda-feira,13:10:00,SC,282,"58,0",RANCHO QUEIMADO,Pista Escorregadia,Saída de leito carroçável,Sem Vítimas,Pleno dia,Crescente,Chuva,Simples,Curva,Não,1,0,0,0,1,0,0,1,-27.683594,-49.005539,SPRF-SC,DEL01-SC,UOP03-DEL01-SC,2020
"306400,0",2020-09-07,segunda-feira,12:45:00,SC,282,"301,1",VARGEM,Pista Escorregadia,Capotamento,Sem Vítimas,Pleno dia,Crescente,Chuva,Simples,Curva,Não,1,0,0,0,1,0,0,1,-27.51009845,-50.92472076,SPRF-SC,DEL07-SC,UOP06-DEL07-SC,2020
"306403,0",2020-09-07,segunda-feira,13:35:00,SC,282,"223,6",LAGES,Velocidade Incompatível,Engavetamento,Com Vítimas Feridas,Pleno dia,Decrescente,Chuva,Simples,Reta,Sim,6,0,4,0,2,0,4,3,-27.79861122,-50.3654713,SPRF-SC,DEL05-SC,UOP02-DEL05-SC,2020
"306446,0",2020-09-07,segunda-feira,18:40:00,SC,101,"360,0",TUBARAO,Velocidade Incompatível,Colisão com objeto estático,Sem Vítimas,Plena Noite,Crescente,Chuva,Dupla,Declive,Não,4,0,0,0,4,0,0,1,-28.543712,-49.0533284,SPRF-SC,DEL02-SC,UOP01-DEL02-SC,2020
"306452,0",2020-09-07,segunda-feira,19:00:00,SC,101,"200,0",SAO JOSE,Não guardar distância de segurança,Colisão traseira,Sem Vítimas,Plena Noite,Crescente,Garoa/Chuvisco,Simples,Aclive,Sim,2,0,0,0,1,1,0,2,-27.54157195,-48.62209797,SPRF-SC,DEL01-SC,UOP01-DEL01-SC,2020
"306453,0",2020-09-07,segunda-feira,16:20:00,SC,282,"275,5",SAO JOSE DO CERRITO,Velocidade Incompatível,Saída de leito carroçável,Com Vítimas Feridas,Pleno dia,Crescente,Chuva,Simples,Curva,Não,1,0,1,0,0,0,1,1,-27.60544265,-50.72490692,SPRF-SC,DEL05-SC,UOP02-DEL05-SC,2020
"306460,0",2020-09-07,segunda-feira,15:50:00,SC,101,"327,4",CAPIVARI DE BAIXO,Desobediência às normas de trânsito pelo condutor,Colisão traseira,Com Vítimas Feridas,Pleno dia,Crescente,Chuva,Dupla,Declive,Sim,6,0,1,0,5,0,1,4,-28.43023306,-48.95205197,SPRF-SC,DEL02-SC,UOP01-DEL02-SC,2020
"306470,0",2020-09-07,segunda-feira,15:00:00,SC,280,"95,0",CORUPA,Velocidade Incompatível,Saída de leito carroçável,Sem Vítimas,Pleno dia,Crescente,Nublado,Simples,Curva,Não,1,0,0,0,1,0,0,1,-26.38583849,-49.30283476,SPRF-SC,DEL06-SC,UOP03-DEL06-SC,2020
"306494,0",2020-09-07,segunda-feira,17:00:00,SC,282,"310,0",VARGEM,Falta de Atenção à Condução,Colisão traseira,Com Vítimas Feridas,Pleno dia,Crescente,Chuva,Simples,Reta,Não,3,0,2,0,1,0,2,2,-27.483074,-50.98188,SPRF-SC,DEL07-SC,UOP06-DEL07-SC,2020
"306499,0",2020-09-07,segunda-feira,16:50:00,SC,153,"84,8",CONCORDIA,Falta de Atenção à Condução,Capotamento,Com Vítimas Feridas,Pleno dia,Decrescente,Chuva,Simples,Curva,Não,1,0,1,0,0,0,1,1,-27.13419,-51.916466,SPRF-SC,DEL07-SC,UOP04-DEL07-SC,2020
"306505,0",2020-09-07,segunda-feira,11:40:00,SC,282,"377,0",JOACABA,Defeito Mecânico no Veículo,Colisão frontal,Com Vítimas Feridas,Pleno dia,Crescente,Chuva,Simples,Curva,Não,2,0,1,0,1,0,1,2,-27.216974,-51.470055,SPRF-SC,DEL07-SC,UOP05-DEL07-SC,2020
"306517,0",2020-09-07,segunda-feira,13:05:00,SC,282,"424,9",VARGEM BONITA,Velocidade Incompatível,Colisão frontal,Com Vítimas Feridas,Pleno dia,Decrescente,Chuva,Simples,Curva,Não,6,0,4,0,2,0,4,3,-26.988014,-51.753124,SPRF-SC,DEL07-SC,UOP05-DEL07-SC,2020
"306528,0",2020-09-07,segunda-feira,23:15:00,SC,282,"6,0",SAO JOSE,Pista Escorregadia,Queda de ocupante de veículo,Com Vítimas Feridas,Plena Noite,Crescente,Chuva,Dupla,Curva,Sim,2,0,2,0,0,0,2,1,-27.591936,-48.618244,SPRF-SC,DEL01-SC,UOP01-DEL01-SC,2020
"306534,0",2020-09-08,terça-feira,00:10:00,SC,101,"199,0",BIGUACU,Pista Escorregadia,Colisão com objeto estático,Sem Vítimas,Plena Noite,Decrescente,Chuva,Múltipla,Reta,Não,1,0,0,0,1,0,0,1,-27.53413705,-48.63003205,SPRF-SC,DEL01-SC,UOP01-DEL01-SC,2020
"306535,0",2020-09-07,segunda-feira,23:58:00,SC,470,"153,7",AGRONOMICA,Desobediência às normas de trânsito pelo condutor,Colisão frontal,Com Vítimas Feridas,Plena Noite,Crescente,Chuva,Simples,Curva,Não,6,0,0,1,5,0,1,2,-27.27672032,-49.74070117,SPRF-SC,DEL04-SC,UOP02-DEL04-SC,2020
"306542,0",2020-09-08,terça-feira,00:10:00,SC,101,"91,2",BARRA VELHA,Falta de Atenção à Condução,Saída de leito carroçável,Com Vítimas Feridas,Plena Noite,Crescente,Nublado,Dupla,Reta,Não,1,0,1,0,0,0,1,1,-26.67120698,-48.69011814,SPRF-SC,DEL03-SC,UOP02-DEL03-SC,2020
"306563,0",2020-09-08,terça-feira,06:15:00,SC,470,"35,0",GASPAR,Falta de Atenção à Condução,Tombamento,Com Vítimas Feridas,Pleno dia,Crescente,Céu Claro,Simples,Reta,Não,1,0,0,1,0,0,1,1,-26.912857,-48.958965,SPRF-SC,DEL04-SC,UOP01-DEL04-SC,2020
"306565,0",2020-09-08,terça-feira,05:50:00,SC,101,"142,3",BALNEARIO CAMBORIU,Falta de Atenção à Condução,Colisão traseira,Sem Vítimas,Plena Noite,Crescente,Garoa/Chuvisco,Simples,Reta,Não,1,0,0,0,1,0,0,1,-27.056089,-48.599449,SPRF-SC,DEL04-SC,UOP03-DEL04-SC,2020
"306566,0",2020-09-08,terça-feira,03:30:00,SC,280,"17,5",SAO FRANCISCO DO SUL,Objeto estático sobre o leito carroçável,Colisão com objeto estático,Com Vítimas Feridas,Plena Noite,Decrescente,Nublado,Simples,Reta,Não,1,0,0,1,0,0,1,1,-26.35609813,-48.66029868,SPRF-SC,DEL03-SC,UOP03-DEL03-SC,2020
"306573,0",2020-09-08,terça-feira,07:20:00,SC,470,"7,0",NAVEGANTES,Desobediência às normas de trânsito pelo condutor,Colisão transversal,Com Vítimas Feridas,Pleno dia,Crescente,Céu Claro,Simples,Reta,Não,2,0,1,1,0,0,2,2,-26.84499,-48.71505,SPRF-SC,DEL04-SC,UOP04-DEL04-SC,2020
"306581,0",2020-09-08,terça-feira,07:50:00,SC,101,"209,0",SAO JOSE,Desobediência às normas de trânsito pelo condutor,Colisão traseira,Com Vítimas Feridas,Pleno dia,Crescente,Chuva,Múltipla,Reta,Sim,2,0,1,0,1,0,1,2,-27.61000542,-48.63895057,SPRF-SC,DEL01-SC,UOP01-DEL01-SC,2020
"306596,0",2020-09-08,terça-feira,07:30:00,SC,101,"189,9",BIGUACU,Velocidade Incompatível,Colisão com objeto estático,Com Vítimas Feridas,Pleno dia,Crescente,Chuva,Dupla,Curva,Sim,1,0,1,0,0,0,1,1,-27.459393,-48.638914,SPRF-SC,DEL01-SC,UOP01-DEL01-SC,2020
"306621,0",2020-09-08,terça-feira,11:45:00,SC,282,"18,9",PALHOCA,Falta de Atenção à Condução,Colisão traseira,Com Vítimas Feridas,Pleno dia,Decrescente,Garoa/Chuvisco,Simples,Reta,Sim,2,0,0,1,1,0,1,2,-27.672798,-48.694286,SPRF-SC,DEL01-SC,UOP02-DEL01-SC,2020
"306622,0",2020-09-08,terça-feira,11:15:00,SC,101,"405,7",ARARANGUA,Pista Escorregadia,Saída de leito carroçável,Com Vítimas Feridas,Pleno dia,Decrescente,Garoa/Chuvisco,Dupla,Reta,Não,2,0,1,0,1,0,1,1,-28.89424774,-49.47059199,SPRF-SC,DEL02-SC,UOP02-DEL02-SC,2020
"306633,0",2020-09-08,terça-feira,13:10:00,SC,101,"155,0",PORTO BELO,Falta de Atenção à Condução,Saída de leito carroçável,Com Vítimas Feridas,Pleno dia,Crescente,Chuva,Dupla,Reta,Não,1,0,1,0,0,0,1,1,-27.16292,-48.61129,SPRF-SC,DEL04-SC,UOP03-DEL04-SC,2020
"306657,0",2020-08-09,domingo,20:30:00,SC,282,"145,0",BOM RETIRO,Ingestão de Álcool,Colisão frontal,Com Vítimas Feridas,Plena Noite,Crescente,Céu Claro,Simples,Curva,Não,5,0,4,1,0,0,5,2,-27.802912,-49.632038,SPRF-SC,DEL05-SC,UOP01-DEL05-SC,2020
"306665,0",2020-09-08,terça-feira,16:15:00,SC,280,"124,8",RIO NEGRINHO,Falta de Atenção à Condução,Colisão transversal,Com Vítimas Feridas,Pleno dia,Crescente,Nublado,Simples,Interseção de Vias,Sim,2,0,0,1,1,0,1,2,-26.23893094,-49.50097203,SPRF-SC,DEL06-SC,UOP03-DEL06-SC,2020
"306689,0",2020-09-08,terça-feira,16:30:00,SC,116,"219,7",CORREIA PINTO,Falta de Atenção à Condução,Colisão transversal,Com Vítimas Feridas,Pleno dia,Decrescente,Garoa/Chuvisco,Simples,Interseção de Vias,Sim,2,0,1,0,1,0,1,2,-27.57012897,-50.37318791,SPRF-SC,DEL05-SC,UOP03-DEL05-SC,2020
"306694,0",2020-09-08,terça-feira,17:05:00,SC,282,"425,0",VARGEM BONITA,Velocidade Incompatível,Colisão com objeto estático,Sem Vítimas,Pleno dia,Crescente,Céu Claro,Simples,Curva,Não,1,0,0,0,1,0,0,1,-26.980412,-51.756256,SPRF-SC,DEL07-SC,UOP05-DEL07-SC,2020
"306717,0",2020-09-08,terça-feira,21:45:00,SC,101,"211,0",PALHOCA,Falta de Atenção à Condução,Tombamento,Com Vítimas Feridas,Plena Noite,Crescente,Chuva,Múltipla,Reta,Sim,1,0,1,0,0,0,1,1,-27.62329313,-48.65245588,SPRF-SC,DEL01-SC,UOP02-DEL01-SC,2020
"306731,0",2020-09-09,quarta-feira,02:00:00,SC,101,"197,3",BIGUACU,Falta de Atenção à Condução,Tombamento,Com Vítimas Feridas,Plena Noite,Crescente,Chuva,Dupla,Reta,Sim,1,0,1,0,0,0,1,1,-27.51844497,-48.63848496,SPRF-SC,DEL01-SC,UOP01-DEL01-SC,2020
"306742,0",2020-09-09,quarta-feira,01:10:00,SC,470,"89,5",ASCURRA,Desobediência às normas de trânsito pelo condutor,Saída de leito carroçável,Com Vítimas Feridas,Plena Noite,Decrescente,Chuva,Simples,Curva,Sim,1,0,0,1,0,0,1,1,-26.961573,-49.371918,SPRF-SC,DEL04-SC,UOP01-DEL04-SC,2020
"306761,0",2020-09-09,quarta-feira,09:15:00,SC,101,"232,0",PALHOCA,Fenômenos da Natureza,Saída de leito carroçável,Com Vítimas Feridas,Pleno dia,Crescente,Chuva,Dupla,Curva,Não,4,0,3,1,0,0,4,1,-27.795666,-48.638153,SPRF-SC,DEL01-SC,UOP02-DEL01-SC,2020
"306779,0",2020-09-09,quarta-feira,08:55:00,SC,480,"130,0",CHAPECO,Falta de Atenção à Condução,Colisão traseira,Com Vítimas Feridas,Pleno dia,Crescente,Céu Claro,Simples,Reta,Não,2,0,1,0,1,0,1,2,-27.05534298,-52.63652069,SPRF-SC,DEL07-SC,UOP01-DEL07-SC,2020