id,data_inversa,dia_semana,horario,uf,br,km,municipio,causa_acidente,tipo_acidente,classificacao_acidente,fase_dia,sentido_via,condicao_metereologica,tipo_pista,tracado_via,uso_solo,pessoas,mortos,feridos_leves,feridos_graves,ilesos,ignorados,feridos,veiculos,latitude,longitude,regional,delegacia,uop,ano_arquivo
"306784,0",2020-09-06,domingo,14:55:00,SC,470,"156,4",TROMBUDO CENTRAL,Animais na Pista,Atropelamento de Animal,Com Vítimas Feridas,Pleno dia,Decrescente,Céu Claro,Simples,Curva,Não,1,0,1,0,0,0,1,1,-27.281332,-49.760201,SPRF-SC,DEL04-SC,UOP02-DEL04-SC,2020
"306816,0",2020-09-09,quarta-feira,07:40:00,SC,101,"316,0",PESCARIA BRAVA,Falta de Atenção à Condução,Saída de leito carroçável,Com Vítimas Feridas,Pleno dia,Crescente,Chuva,Múltipla,Curva;Declive,Sim,1,0,1,0,0,0,1,1,-28.42525984,-48.85766029,SPRF-SC,DEL02-SC,UOP01-DEL02-SC,2020
"306847,0",2020-09-01,terça-feira,12:30:00,SC,101,"411,1",ARARANGUA,Não guardar distância de segurança,Colisão traseira,Com Vítimas Feridas,Pleno dia,Crescente,Nublado,Simples,Reta,Sim,4,0,1,0,3,0,1,4,-28.9482558,-49.50611651,SPRF-SC,DEL02-SC,UOP02-DEL02-SC,2020
"306856,0",2020-09-09,quarta-feira,11:10:00,SC,282,"87,0",ALFREDO WAGNER,Velocidade Incompatível,Saída de leito carroçável,Sem Vítimas,Pleno dia,Decrescente,Chuva,Simples,Curva,Não,1,0,0,0,1,0,0,1,-27.664766,-49.20578,SPRF-SC,DEL01-SC,UOP03-DEL01-SC,2020
"306888,0",2020-09-09,quarta-feira,18:20:00,SC,101,"135,0",BALNEARIO CAMBORIU,Não guardar distância de segurança,Colisão lateral,Com Vítimas Feridas,Plena Noite,Crescente,Garoa/Chuvisco,Múltipla,Reta,Sim,2,0,1,0,1,0,1,2,-27.0050108,-48.62677494,SPRF-SC,DEL04-SC,UOP03-DEL04-SC,2020
"306918,0",2020-09-09,quarta-feira,22:45:00,SC,470,"51,0",BLUMENAU,Falta de Atenção à Condução,Colisão lateral,Com Vítimas Feridas,Plena Noite,Crescente,Nublado,Dupla,Reta,Sim,1,0,1,0,0,0,1,1,-26.862339,-49.084038,SPRF-SC,DEL04-SC,UOP01-DEL04-SC,2020
"306919,0",2020-09-09,quarta-feira,15:30:00,SC,101,"283,4",IMBITUBA,Falta de Atenção à Condução,Saída de leito carroçável,Com Vítimas Feridas,Pleno dia,Decrescente,Chuva,Dupla,Reta,Não,1,0,1,0,0,0,1,1,-28.20457404,-48.6984006,SPRF-SC,DEL02-SC,UOP03-DEL02-SC,2020
"306920,0",2020-09-09,quarta-feira,18:30:00,SC,101,"273,5",IMBITUBA,Desobediência às normas de trânsito pelo condutor,Colisão traseira,Com Vítimas Feridas,Anoitecer,Crescente,Garoa/Chuvisco,Dupla,Reta,Sim,2,0,0,1,1,0,1,2,-28.12382408,-48.69625015,SPRF-SC,DEL02-SC,UOP03-DEL02-SC,2020
"306939,0",2020-09-10,quinta-feira,04:30:00,SC,470,"66,9",INDAIAL,Desobediência às normas de trânsito pelo condutor,Colisão transversal,Com Vítimas Feridas,Plena Noite,Decrescente,Nublado,Simples,Em Obras;Reta,Sim,2,0,0,1,1,0,1,2,-26.870407,-49.221844,SPRF-SC,DEL04-SC,UOP01-DEL04-SC,2020
"306944,0",2020-09-10,quinta-feira,05:40:00,SC,282,"506,5",XANXERE,Desobediência às normas de trânsito pelo condutor,Colisão traseira,Com Vítimas Feridas,Plena Noite,Decrescente,Céu Claro,Simples,Reta,Sim,3,0,3,0,0,0,3,2,-26.885712,-52.42907,SPRF-SC,DEL07-SC,UOP01-DEL07-SC,2020
"306949,0",2020-09-10,quinta-feira,07:00:00,SC,101,"46,0",JOINVILLE,Falta de Atenção do Pedestre,Atropelamento de Pedestre,Com Vítimas Feridas,Pleno dia,Decrescente,Nevoeiro/Neblina,Dupla,Curva,Sim,2,0,1,0,1,0,1,2,-26.33150083,-48.86187762,SPRF-SC,DEL03-SC,UOP01-DEL03-SC,2020
"306961,0",2020-09-10,quinta-feira,07:35:00,SC,101,"32,0",JOINVILLE,Falta de Atenção à Condução,Colisão com objeto estático,Com Vítimas Feridas,Amanhecer,Decrescente,Nublado,Dupla,Reta,Sim,1,0,1,0,0,0,1,1,-26.226987,-48.91657,SPRF-SC,DEL03-SC,UOP01-DEL03-SC,2020
"307002,0",2020-09-10,quinta-feira,11:10:00,SC,470,"135,6",RIO DO SUL,Desobediência às normas de trânsito pelo condutor,Colisão transversal,Com Vítimas Feridas,Pleno dia,Decrescente,Céu Claro,Simples,Reta,Não,3,0,1,0,2,0,1,3,-27.188492,-49.61232,SPRF-SC,DEL04-SC,UOP02-DEL04-SC,2020
"307024,0",2020-09-10,quinta-feira,14:40:00,SC,101,"207,0",SAO JOSE,Falta de Atenção à Condução,Colisão lateral,Sem Vítimas,Pleno dia,Crescente,Céu Claro,Dupla,Reta,Sim,2,0,0,0,1,1,0,2,-27.60001226,-48.6226467,SPRF-SC,DEL01-SC,UOP01-DEL01-SC,2020
"307046,0",2020-09-10,quinta-feira,11:02:00,SC,101,"190,0",BIGUACU,Desobediência às normas de trânsito pelo condutor,Colisão lateral,Sem Vítimas,Pleno dia,Decrescente,Céu Claro,Dupla,Reta,Não,2,0,0,0,2,0,0,2,-27.468056,-48.641712,SPRF-SC,DEL01-SC,UOP01-DEL01-SC,2020
"307047,0",2020-09-10,quinta-feira,17:15:00,SC,470,"34,0",GASPAR,Falta de Atenção à Condução,Colisão traseira,Com Vítimas Feridas,Anoitecer,Crescente,Céu Claro,Dupla,Reta,Não,2,0,1,0,1,0,1,2,-26.910646,-48.949341,SPRF-SC,DEL04-SC,UOP01-DEL04-SC,2020
"307066,0",2020-09-10,quinta-feira,18:20:00,SC,101,"204,1",SAO JOSE,Velocidade Incompatível,Colisão traseira,Com Vítimas Feridas,Anoitecer,Decrescente,Nublado,Múltipla,Reta,Sim,3,0,1,1,1,0,2,2,-27.57413014,-48.61363083,SPRF-SC,DEL01-SC,UOP01-DEL01-SC,2020
"307082,0",2020-09-10,quinta-feira,19:30:00,SC,101,"162,7",TIJUCAS,Desobediência às normas de trânsito pelo condutor,Colisão transversal,Com Vítimas Feridas,Plena Noite,Decrescente,Céu Claro,Dupla,Interseção de Vias,Sim,4,0,1,1,0,2,2,3,-27.22554009,-48.6279367,SPRF-SC,DEL04-SC,UOP03-DEL04-SC,2020
"307089,0",2020-09-10,quinta-feira,19:10:00,SC,470,"344,2",CAMPOS NOVOS,Agressão Externa,Tombamento,Com Vítimas Feridas,Plena Noite,Decrescente,Céu Claro,Simples,Reta,Não,1,0,1,0,0,0,1,1,-27.538567,-51.408329,SPRF-SC,DEL07-SC,UOP06-DEL07-SC,2020
"307094,0",2020-09-10,quinta-feira,21:00:00,SC,470,"32,9",GASPAR,Falta de Atenção à Condução,Colisão traseira,Com Vítimas Feridas,Plena Noite,Crescente,Céu Claro,Dupla,Reta,Não,3,0,1,0,2,0,1,2,-26.901793,-48.931812,SPRF-SC,DEL04-SC,UOP01-DEL04-SC,2020
"307116,0",2020-09-11,sexta-feira,04:00:00,SC,280,"28,7",ARAQUARI,Falta de Atenção à Condução,Colisão com objeto estático,Com Vítimas Feridas,Plena Noite,Decrescente,Nublado,Simples,Reta,Sim,3,0,3,0,0,0,3,1,-26.40898492,-48.75081182,SPRF-SC,DEL03-SC,UOP03-DEL03-SC,2020
"307117,0",2020-09-11,sexta-feira,03:30:00,SC,101,"101,0",BALNEARIO PICARRAS,Falta de Atenção à Condução,Colisão traseira,Com Vítimas Fatais,Plena Noite,Decrescente,Céu Claro,Simples,Reta,Sim,2,1,0,0,1,0,0,2,-26.76949,-48.685848,SPRF-SC,DEL03-SC,UOP02-DEL03-SC,2020
"307134,0",2020-09-11,sexta-feira,06:35:00,SC,101,"70,9",ARAQUARI,Desobediência às normas de trânsito pelo condutor,Colisão frontal,Com Vítimas Feridas,Amanhecer,Crescente,Céu Claro,Simples,Reta,Sim,2,0,1,0,1,0,1,2,-26.51082007,-48.72345612,SPRF-SC,DEL03-SC,UOP02-DEL03-SC,2020
"307139,0",2020-09-11,sexta-feira,07:05:00,SC,470,"51,2",BLUMENAU,Falta de Atenção à Condução,Colisão lateral,Com Vítimas Feridas,Pleno dia,Crescente,Nublado,Simples,Em Obras,Sim,3,0,1,0,2,0,1,2,-26.86284036,-49.08851266,SPRF-SC,DEL04-SC,UOP01-DEL04-SC,2020
"307158,0",2020-09-11,sexta-feira,07:15:00,SC,280,"34,0",ARAQUARI,Não guardar distância de segurança,Colisão traseira,Com Vítimas Feridas,Pleno dia,Decrescente,Céu Claro,Simples,Reta,Não,2,0,1,0,1,0,1,2,-26.42993971,-48.79615614,SPRF-SC,DEL03-SC,UOP03-DEL03-SC,2020
"307166,0",2020-09-11,sexta-feira,10:45:00,SC,101,"198,0",SAO JOSE,Falta de Atenção à Condução,Colisão traseira,Com Vítimas Feridas,Pleno dia,Decrescente,Céu Claro,Múltipla,Reta,Sim,2,0,1,0,1,0,1,2,-27.52658712,-48.63506019,SPRF-SC,DEL01-SC,UOP01-DEL01-SC,2020
"307185,0",2020-09-07,segunda-feira,14:00:00,SC,470,"158,0",TROMBUDO CENTRAL,Velocidade Incompatível,Saída de leito carroçável,Com Vítimas Feridas,Pleno dia,Decrescente,Nublado,Simples,Reta,Não,1,0,1,0,0,0,1,1,-27.285879,-49.783427,SPRF-SC,DEL04-SC,UOP02-DEL04-SC,2020
"307210,0",2020-09-11,sexta-feira,16:00:00,SC,101,"217,0",PALHOCA,Não guardar distância de segurança,Colisão traseira,Com Vítimas Feridas,Pleno dia,Crescente,Céu Claro,Simples,Reta,Sim,3,0,2,0,1,0,2,3,-27.66779034,-48.67393586,SPRF-SC,DEL01-SC,UOP02-DEL01-SC,2020
"307225,0",2020-09-11,sexta-feira,14:00:00,SC,101,"88,1",BARRA VELHA,Velocidade Incompatível,Colisão lateral,Com Vítimas Feridas,Pleno dia,Crescente,Sol,Simples,Interseção de Vias;Reta,Sim,3,0,1,0,1,1,1,2,-26.65123246,-48.68734187,SPRF-SC,DEL03-SC,UOP02-DEL03-SC,2020
"307226,0",2020-09-11,sexta-feira,17:30:00,SC,470,"55,0",BLUMENAU,Falta de Atenção à Condução,Colisão traseira,Com Vítimas Feridas,Pleno dia,Crescente,Céu Claro,Simples,Reta,Sim,2,0,0,1,1,0,1,2,-26.875601,-49.117992,SPRF-SC,DEL04-SC,UOP01-DEL04-SC,2020
"307235,0",2020-09-11,sexta-feira,19:00:00,SC,282,"5,7",SAO JOSE,Falta de Atenção à Condução,Queda de ocupante de veículo,Com Vítimas Feridas,Plena Noite,Crescente,Céu Claro,Dupla,Curva,Sim,2,0,2,0,0,0,2,2,-27.588425,-48.612919,SPRF-SC,DEL01-SC,UOP01-DEL01-SC,2020
"307241,0",2020-09-11,sexta-feira,17:30:00,SC,101,"133,0",BALNEARIO CAMBORIU,Falta de Atenção à Condução,Colisão lateral,Com Vítimas Feridas,Pleno dia,Crescente,Céu Claro,Múltipla,Reta,Sim,2,0,1,0,0,1,1,2,-26.99936,-48.64609,SPRF-SC,DEL04-SC,UOP03-DEL04-SC,2020
"307261,0",2020-09-11,sexta-feira,09:50:00,SC,280,"80,4",CORUPA,Velocidade Incompatível,Colisão traseira,Com Vítimas Feridas,Pleno dia,Crescente,Sol,Simples,Reta,Não,4,0,1,3,0,0,4,2,-26.44412189,-49.20975187,SPRF-SC,DEL06-SC,UOP03-DEL06-SC,2020
"307268,0",2020-09-11,sexta-feira,20:00:00,SC,280,"57,4",GUARAMIRIM,Ingestão de Álcool,Colisão transversal,Com Vítimas Feridas,Plena Noite,Crescente,Céu Claro,Simples,Rotatória,Sim,2,0,1,0,1,0,1,2,-26.47422,-49.019367,SPRF-SC,DEL03-SC,UOP03-DEL03-SC,2020
"307289,0",2020-09-11,sexta-feira,18:05:00,SC,101,"41,1",JOINVILLE,Velocidade Incompatível,Engavetamento,Com Vítimas Feridas,Anoitecer,Crescente,Céu Claro,Dupla,Viaduto,Sim,5,0,1,0,4,0,1,5,-26.28215489,-48.88973081,SPRF-SC,DEL03-SC,UOP01-DEL03-SC,2020
"307294,0",2020-09-11,sexta-feira,20:30:00,SC,101,"118,0",ITAJAI,Desobediência às normas de trânsito pelo condutor,Colisão traseira,Com Vítimas Feridas,Plena Noite,Crescente,Céu Claro,Dupla,Viaduto,Sim,2,0,1,0,1,0,1,2,-26.895859,-48.71903,SPRF-SC,DEL04-SC,UOP04-DEL04-SC,2020
"307298,0",2020-09-11,sexta-feira,16:00:00,SC,282,"354,2",CAMPOS NOVOS,Falta de Atenção à Condução,Saída de leito carroçável,Com Vítimas Feridas,Pleno dia,Decrescente,Céu Claro,Simples,Curva,Não,1,0,1,0,0,0,1,1,-27.35796,-51.330452,SPRF-SC,DEL07-SC,UOP06-DEL07-SC,2020
"307300,0",2020-09-11,sexta-feira,19:30:00,SC,153,"99,1",CONCORDIA,Falta de Atenção à Condução,Colisão transversal,Com Vítimas Feridas,Plena Noite,Decrescente,Céu Claro,Simples,Reta,Sim,3,0,3,0,0,0,3,2,-27.235508,-51.951069,SPRF-SC,DEL07-SC,UOP04-DEL07-SC,2020
"307301,0",2020-09-11,sexta-feira,22:00:00,SC,101,"148,0",ITAPEMA,Falta de Atenção à Condução,Colisão transversal,Com Vítimas Feridas,Plena Noite,Crescente,Nublado,Múltipla,Reta,Sim,2,0,1,0,0,1,1,2,-27.10123686,-48.61807962,SPRF-SC,DEL04-SC,UOP03-DEL04-SC,2020
"307305,0",2020-09-11,sexta-feira,21:50:00,SC,101,"229,0",PALHOCA,Ingestão de Álcool,Colisão lateral,Sem Vítimas,Plena Noite,Decrescente,Nublado,Dupla,Curva,Sim,3,0,0,0,2,1,0,3,-27.76774326,-48.63122284,SPRF-SC,DEL01-SC,UOP02-DEL01-SC,2020
"307345,0",2020-09-12,sábado,01:05:00,SC,101,"114,0",ITAJAI,Ingestão de Álcool,Saída de leito carroçável,Sem Vítimas,Plena Noite,Decrescente,Céu Claro,Dupla,Reta,Não,1,0,0,0,1,0,0,1,-26.86192886,-48.7286704,SPRF-SC,DEL04-SC,UOP04-DEL04-SC,2020
"307357,0",2020-09-12,sábado,03:15:00,SC,282,"498,0",XANXERE,Ingestão de Álcool,Colisão frontal,Sem Vítimas,Plena Noite,Decrescente,Céu Claro,Simples,Curva,Não,3,0,0,0,2,1,0,2,-26.87978,-52.353825,SPRF-SC,DEL07-SC,UOP01-DEL07-SC,2020
"307371,0",2020-09-12,sábado,05:00:00,SC,470,"87,8",ASCURRA,Ingestão de Álcool,Tombamento,Com Vítimas Fatais,Plena Noite,Crescente,Nublado,Simples,Rotatória,Sim,2,1,1,0,0,0,1,1,-26.95549064,-49.37333845,SPRF-SC,DEL04-SC,UOP01-DEL04-SC,2020
"307375,0",2020-09-12,sábado,05:35:00,SC,116,"13,4",MAFRA,Defeito Mecânico no Veículo,Queda de ocupante de veículo,Com Vítimas Feridas,Amanhecer,Crescente,Sol,Simples,Aclive,Não,2,0,1,0,1,0,1,1,-26.18419881,-49.87404087,SPRF-SC,DEL06-SC,UOP01-DEL06-SC,2020
"307381,0",2020-09-12,sábado,06:20:00,SC,116,"140,3",SANTA CECILIA,Ingestão de álcool e/ou substâncias psicoativas pelo pedestre,Colisão com objeto estático,Sem Vítimas,Amanhecer,Decrescente,Nevoeiro/Neblina,Simples,Declive;Ponte,Sim,1,0,0,0,1,0,0,1,-26.96625517,-50.40928315,SPRF-SC,DEL06-SC,UOP02-DEL06-SC,2020
"307383,0",2020-09-12,sábado,05:45:00,SC,470,"153,7",AGRONOMICA,Ingestão de Álcool,Capotamento,Com Vítimas Feridas,Pleno dia,Decrescente,Nevoeiro/Neblina,Simples,Curva,Não,1,0,1,0,0,0,1,1,-27.272911,-49.734741,SPRF-SC,DEL04-SC,UOP02-DEL04-SC,2020
"307389,0",2020-09-12,sábado,07:30:00,SC,282,"3,5",FLORIANOPOLIS,Velocidade Incompatível,Saída de leito carroçável,Com Vítimas Feridas,Pleno dia,Crescente,Sol,Múltipla,Curva,Sim,1,0,0,1,0,0,1,1,-27.59494115,-48.60130548,SPRF-SC,DEL01-SC,UOP01-DEL01-SC,2020
"307403,0",2020-09-12,sábado,08:20:00,SC,101,"216,3",PALHOCA,Falta de Atenção à Condução,Colisão lateral,Com Vítimas Feridas,Pleno dia,Crescente,Sol,Múltipla,Viaduto;Retorno Regulamentado;Reta,Sim,2,0,1,0,1,0,1,2,-27.65981409,-48.67747798,SPRF-SC,DEL01-SC,UOP02-DEL01-SC,2020
"307410,0",2020-09-12,sábado,09:32:00,SC,101,"194,0",BIGUACU,Falta de Atenção à Condução,Colisão traseira,Com Vítimas Feridas,Pleno dia,Decrescente,Céu Claro,Dupla,Reta,Sim,2,0,1,0,1,0,1,2,-27.49815117,-48.65661236,SPRF-SC,DEL01-SC,UOP01-DEL01-SC,2020
"307432,0",2020-09-12,sábado,11:25:00,SC,101,"274,0",IMBITUBA,Velocidade Incompatível,Tombamento,Com Vítimas Feridas,Pleno dia,Decrescente,Céu Claro,Simples,Curva,Não,2,0,2,0,0,0,2,1,-28.129852,-48.69322,SPRF-SC,DEL02-SC,UOP03-DEL02-SC,2020
"307439,0",2020-09-12,sábado,11:50:00,SC,280,"128,0",RIO NEGRINHO,Desobediência às normas de trânsito pelo condutor,Colisão frontal,Com Vítimas Feridas,Pleno dia,Decrescente,Céu Claro,Simples,Reta;Aclive,Sim,2,0,0,2,0,0,2,2,-26.24317941,-49.51320018,SPRF-SC,DEL06-SC,UOP03-DEL06-SC,2020
"307442,0",2020-09-12,sábado,10:55:00,SC,101,"1,3",GARUVA,Mal Súbito,Colisão com objeto estático,Com Vítimas Feridas,Pleno dia,Crescente,Céu Claro,Múltipla,Reta,Não,1,0,1,0,0,0,1,1,-25.99126599,-48.88182163,SPRF-SC,DEL03-SC,UOP01-DEL03-SC,2020
"307443,0",2020-09-12,sábado,12:00:00,SC,101,"290,9",IMBITUBA,Condutor Dormindo,Colisão traseira,Sem Vítimas,Pleno dia,Crescente,Céu Claro,Dupla,Reta,Não,2,0,0,0,2,0,0,2,-28.26202477,-48.70403355,SPRF-SC,DEL02-SC,UOP03-DEL02-SC,2020
"307447,0",2020-09-12,sábado,13:14:00,SC,101,"182,7",BIGUACU,Ingestão de Álcool,Saída de leito carroçável,Com Vítimas Feridas,Pleno dia,Decrescente,Céu Claro,Dupla,Reta,Sim,1,0,1,0,0,0,1,1,-27.39798985,-48.6303592,SPRF-SC,DEL01-SC,UOP01-DEL01-SC,2020
"307449,0",2020-09-12,sábado,13:10:00,SC,470,"62,2",INDAIAL,Falta de Atenção à Condução,Colisão transversal,Com Vítimas Feridas,Pleno dia,Crescente,Céu Claro,Simples,Reta,Sim,2,0,0,1,1,0,1,2,-26.874521,-49.182938,SPRF-SC,DEL04-SC,UOP01-DEL04-SC,2020
"307458,0",2020-09-12,sábado,12:25:00,SC,280,"50,3",GUARAMIRIM,Desobediência às normas de trânsito pelo condutor,Tombamento,Com Vítimas Feridas,Pleno dia,Decrescente,Sol,Simples,Reta,Não,3,0,2,0,1,0,2,2,-26.46394603,-48.95129085,SPRF-SC,DEL03-SC,UOP03-DEL03-SC,2020
"307478,0",2020-09-12,sábado,13:05:00,SC,280,"30,0",ARAQUARI,Falta de Atenção à Condução,Colisão traseira,Sem Vítimas,Pleno dia,Decrescente,Céu Claro,Simples,Reta,Não,3,0,0,0,3,0,0,3,-26.4141523,-48.76209493,SPRF-SC,DEL03-SC,UOP03-DEL03-SC,2020
"307528,0",2020-09-12,sábado,20:20:00,SC,101,"410,0",ARARANGUA,Falta de Atenção à Condução,Colisão traseira,Sem Vítimas,Plena Noite,Decrescente,Ignorado,Dupla,Reta,Sim,3,0,0,0,2,1,0,3,-28.9225061,-49.4913107,SPRF-SC,DEL02-SC,UOP02-DEL02-SC,2020
"307549,0",2020-09-12,sábado,22:05:00,SC,101,"214,6",PALHOCA,Desobediência às normas de trânsito pelo condutor,Colisão traseira,Com Vítimas Feridas,Plena Noite,Decrescente,Nublado,Múltipla,Reta,Sim,3,0,1,1,1,0,2,2,-27.64443,-48.67057,SPRF-SC,DEL01-SC,UOP02-DEL01-SC,2020
"307567,0",2020-09-12,sábado,21:25:00,SC,282,"620,2",IRACEMINHA,Ingestão de Álcool,Capotamento,Com Vítimas Feridas,Plena Noite,Decrescente,Céu Claro,Simples,Reta,Não,2,0,0,2,0,0,2,1,-26.799355,-53.308002,SPRF-SC,DEL07-SC,UOP02-DEL07-SC,2020
"307574,0",2020-09-13,domingo,00:30:00,SC,101,"117,6",ITAJAI,Ingestão de Álcool,Capotamento,Com Vítimas Feridas,Plena Noite,Decrescente,Céu Claro,Simples,Reta,Não,1,0,1,0,0,0,1,1,-26.88747187,-48.72252969,SPRF-SC,DEL04-SC,UOP04-DEL04-SC,2020
"307585,0",2020-09-13,domingo,03:10:00,SC,101,"340,0",TUBARAO,Ingestão de Álcool,Colisão com objeto estático,Sem Vítimas,Plena Noite,Crescente,Céu Claro,Dupla,Reta,Não,1,0,0,0,0,1,0,1,-28.501444,-49.04690399,SPRF-SC,DEL02-SC,UOP01-DEL02-SC,2020
"307611,0",2020-09-13,domingo,07:00:00,SC,470,"145,0",RIO DO SUL,Condutor Dormindo,Colisão com objeto estático,Com Vítimas Feridas,Amanhecer,Crescente,Céu Claro,Simples,Curva,Sim,1,0,1,0,0,0,1,1,-27.237301,-49.682217,SPRF-SC,DEL04-SC,UOP02-DEL04-SC,2020
"307654,0",2020-09-13,domingo,09:35:00,SC,282,"199,0",LAGES,Defeito Mecânico no Veículo,Saída de leito carroçável,Com Vítimas Feridas,Pleno dia,Crescente,Céu Claro,Simples,Reta,Não,5,0,3,0,2,0,3,1,-27.756735,-50.123432,SPRF-SC,DEL05-SC,UOP01-DEL05-SC,2020
"307693,0",2020-09-13,domingo,15:30:00,SC,282,"133,0",BOM RETIRO,Ingestão de Álcool,Colisão traseira,Com Vítimas Feridas,Pleno dia,Decrescente,Céu Claro,Simples,Curva,Não,2,0,1,0,1,0,1,2,-27.807491,-49.532272,SPRF-SC,DEL05-SC,UOP01-DEL05-SC,2020
"307695,0",2020-09-13,domingo,16:00:00,SC,101,"204,0",SAO JOSE,Avarias e/ou desgaste excessivo no pneu,Tombamento,Com Vítimas Feridas,Pleno dia,Crescente,Céu Claro,Dupla,Reta,Sim,1,0,1,0,0,0,1,1,-27.57413014,-48.61363083,SPRF-SC,DEL01-SC,UOP01-DEL01-SC,2020
"307733,0",2020-09-13,domingo,15:40:00,SC,101,"158,5",PORTO BELO,Falta de Atenção à Condução,Colisão traseira,Com Vítimas Feridas,Pleno dia,Crescente,Sol,Dupla,Reta,Não,3,0,2,0,1,0,2,2,-27.19096301,-48.61259017,SPRF-SC,DEL04-SC,UOP03-DEL04-SC,2020
"307755,0",2020-09-13,domingo,20:00:00,SC,470,"2,0",NAVEGANTES,Desobediência às normas de trânsito pelo condutor,Colisão traseira,Com Vítimas Feridas,Plena Noite,Decrescente,Céu Claro,Simples,Em Obras,Sim,2,0,0,1,1,0,1,2,-26.868551,-48.674831,SPRF-SC,DEL04-SC,UOP04-DEL04-SC,2020
"307757,0",2020-09-13,domingo,19:40:00,SC,101,"82,8",BARRA VELHA,Falta de Atenção à Condução,Colisão traseira,Com Vítimas Feridas,Plena Noite,Decrescente,Nublado,Dupla,Curva,Não,4,0,1,0,3,0,1,3,-26.61085222,-48.72204472,SPRF-SC,DEL03-SC,UOP02-DEL03-SC,2020
"307758,0",2020-09-13,domingo,19:20:00,SC,101,"334,1",TUBARAO,Falta de Atenção à Condução,Saída de leito carroçável,Com Vítimas Feridas,Plena Noite,Decrescente,Nublado,Dupla,Reta,Sim,2,0,2,0,0,0,2,1,-28.46730446,-49.00604302,SPRF-SC,DEL02-SC,UOP01-DEL02-SC,2020
"307761,0",2020-09-13,domingo,06:50:00,SC,101,"303,0",LAGUNA,Falta de Atenção à Condução,Saída de leito carroçável,Com Vítimas Feridas,Amanhecer,Decrescente,Nublado,Simples,Reta,Não,1,0,1,0,0,0,1,1,-28.36149723,-48.74974275,SPRF-SC,DEL02-SC,UOP03-DEL02-SC,2020
"307791,0",2020-09-13,domingo,22:10:00,SC,101,"128,8",ITAJAI,Avarias e/ou desgaste excessivo no pneu,Tombamento,Com Vítimas Feridas,Plena Noite,Crescente,Céu Claro,Dupla,Reta,Não,2,0,2,0,0,0,2,1,-26.97284292,-48.68299451,SPRF-SC,DEL04-SC,UOP03-DEL04-SC,2020
"307803,0",2020-09-13,domingo,22:30:00,SC,101,"197,0",BIGUACU,Ingestão de Álcool,Saída de leito carroçável,Sem Vítimas,Plena Noite,Decrescente,Céu Claro,Múltipla,Reta,Sim,1,0,0,0,1,0,0,1,-27.51844497,-48.63848496,SPRF-SC,DEL01-SC,UOP01-DEL01-SC,2020
"307814,0",2020-09-13,domingo,10:45:00,SC,101,"210,0",SAO JOSE,Não guardar distância de segurança,Colisão lateral,Com Vítimas Feridas,Pleno dia,Crescente,Nublado,Múltipla,Reta,Sim,2,0,0,1,0,1,1,2,-27.6167305,-48.6457265,SPRF-SC,DEL01-SC,UOP01-DEL01-SC,2020
"307858,0",2020-09-14,segunda-feira,08:30:00,SC,101,"210,2",SAO JOSE,Falta de Atenção à Condução,Colisão lateral,Com Vítimas Feridas,Pleno dia,Decrescente,Nublado,Múltipla,Reta,Não,2,0,1,0,1,0,1,2,-27.6167305,-48.6457265,SPRF-SC,DEL01-SC,UOP01-DEL01-SC,2020
"307946,0",2020-09-14,segunda-feira,18:50:00,SC,101,"136,5",BALNEARIO CAMBORIU,Não guardar distância de segurança,Colisão traseira,Com Vítimas Feridas,Plena Noite,Crescente,Nublado,Simples,Reta,Não,2,0,1,0,1,0,1,2,-27.008113,-48.617245,SPRF-SC,DEL04-SC,UOP03-DEL04-SC,2020
"307967,0",2020-09-14,segunda-feira,20:50:00,SC,470,"57,9",BLUMENAU,Desobediência às normas de trânsito pelo condutor,Colisão traseira,Com Vítimas Feridas,Plena Noite,Crescente,Céu Claro,Simples,Interseção de Vias,Sim,2,0,1,0,1,0,1,2,-26.88406706,-49.1465342,SPRF-SC,DEL04-SC,UOP01-DEL04-SC,2020
"307984,0",2020-09-14,segunda-feira,22:30:00,SC,101,"123,3",ITAJAI,Objeto estático sobre o leito carroçável,Colisão com objeto estático,Com Vítimas Feridas,Plena Noite,Decrescente,Céu Claro,Múltipla,Reta,Não,2,0,1,0,0,1,1,2,-26.93668609,-48.69876905,SPRF-SC,DEL04-SC,UOP04-DEL04-SC,2020
"308018,0",2020-09-14,segunda-feira,23:35:00,SC,280,"126,8",RIO NEGRINHO,Ingestão de Álcool,Saída de leito carroçável,Sem Vítimas,Plena Noite,Crescente,Nublado,Simples,Declive;Reta,Sim,1,0,0,0,1,0,0,1,-26.24407058,-49.5162499,SPRF-SC,DEL06-SC,UOP03-DEL06-SC,2020
"308039,0",2020-09-15,terça-feira,08:20:00,SC,101,"42,5",JOINVILLE,Velocidade Incompatível,Colisão com objeto estático,Com Vítimas Feridas,Pleno dia,Decrescente,Nublado,Dupla,Em Obras,Sim,1,0,1,0,0,0,1,1,-26.3252104,-48.86615753,SPRF-SC,DEL03-SC,UOP01-DEL03-SC,2020
"308069,0",2020-09-15,terça-feira,12:30:00,SC,101,"192,0",BIGUACU,Falta de Atenção à Condução,Colisão com objeto estático,Com Vítimas Feridas,Pleno dia,Crescente,Nublado,Múltipla,Reta,Sim,1,0,1,0,0,0,1,1,-27.48443781,-48.64765238,SPRF-SC,DEL01-SC,UOP01-DEL01-SC,2020
"308080,0",2020-09-15,terça-feira,10:53:00,SC,101,"282,0",IMBITUBA,Velocidade Incompatível,Capotamento,Sem Vítimas,Pleno dia,Decrescente,Céu Claro,Dupla,Reta,Sim,1,0,0,0,1,0,0,1,-28.19626005,-48.69739859,SPRF-SC,DEL02-SC,UOP03-DEL02-SC,2020