id,data_inversa,dia_semana,horario,uf,br,km,municipio,causa_acidente,tipo_acidente,classificacao_acidente,fase_dia,sentido_via,condicao_metereologica,tipo_pista,tracado_via,uso_solo,pessoas,mortos,feridos_leves,feridos_graves,ilesos,ignorados,feridos,veiculos,latitude,longitude,regional,delegacia,uop,ano_arquivo
"308108,0",2020-09-15,terça-feira,16:45:00,SC,101,"120,5",ITAJAI,Desobediência às normas de trânsito pelo condutor,Colisão traseira,Com Vítimas Feridas,Pleno dia,Decrescente,Céu Claro,Dupla,Reta,Sim,2,0,1,0,1,0,1,2,-26.912758,-48.711998,SPRF-SC,DEL04-SC,UOP04-DEL04-SC,2020
"308122,0",2020-09-15,terça-feira,18:20:00,SC,101,"118,6",ITAJAI,Desobediência às normas de trânsito pelo condutor,Colisão lateral,Com Vítimas Feridas,Plena Noite,Crescente,Céu Claro,Dupla,Reta,Sim,2,0,1,0,1,0,1,2,-26.895859,-48.71903,SPRF-SC,DEL04-SC,UOP04-DEL04-SC,2020
"308143,0",2020-09-15,terça-feira,18:25:00,SC,101,"127,8",ITAJAI,Desobediência às normas de trânsito pelo condutor,Colisão traseira,Com Vítimas Feridas,Plena Noite,Crescente,Céu Claro,Dupla,Reta,Sim,2,0,2,0,0,0,2,2,-26.9639319,-48.68328024,SPRF-SC,DEL04-SC,UOP04-DEL04-SC,2020
"308148,0",2020-09-15,terça-feira,19:50:00,SC,470,"59,2",BLUMENAU,Falta de Atenção à Condução,Colisão frontal,Com Vítimas Feridas,Plena Noite,Crescente,Nublado,Simples,Interseção de Vias,Sim,5,0,5,0,0,0,5,1,-26.882812,-49.1548,SPRF-SC,DEL04-SC,UOP01-DEL04-SC,2020
"308163,0",2020-09-15,terça-feira,14:30:00,SC,101,"264,6",GAROPABA,Sinalização da via insuficiente ou inadequada,Colisão lateral,Com Vítimas Feridas,Pleno dia,Crescente,Nublado,Dupla,Em Obras;Reta,Sim,3,0,0,1,1,1,1,3,-28.05149404,-48.71632789,SPRF-SC,DEL02-SC,UOP03-DEL02-SC,2020
"308170,0",2020-09-15,terça-feira,22:40:00,SC,101,"448,8",SANTA ROSA DO SUL,Falta de Atenção à Condução,Colisão transversal,Com Vítimas Feridas,Plena Noite,Crescente,Nublado,Múltipla,Reta,Sim,2,0,1,0,1,0,1,2,-29.15898991,-49.73540906,SPRF-SC,DEL02-SC,UOP02-DEL02-SC,2020
"308266,0",2020-09-16,quarta-feira,13:10:00,SC,101,"222,1",PALHOCA,Falta de Atenção à Condução,Colisão com objeto estático,Com Vítimas Feridas,Pleno dia,Crescente,Nublado,Múltipla,Aclive;Reta,Sim,1,0,0,1,0,0,1,1,-27.70865409,-48.65586407,SPRF-SC,DEL01-SC,UOP02-DEL01-SC,2020
"308301,0",2020-07-14,terça-feira,07:30:00,SC,280,"163,0",RIO NEGRINHO,Restrição de Visibilidade,Colisão traseira,Com Vítimas Feridas,Pleno dia,Decrescente,Nevoeiro/Neblina,Simples,Reta,Não,3,0,1,0,2,0,1,2,-26.39556009,-49.67330933,SPRF-SC,DEL06-SC,UOP01-DEL06-SC,2020
"308323,0",2020-09-16,quarta-feira,19:00:00,SC,101,"115,7",ITAJAI,Não guardar distância de segurança,Colisão traseira,Com Vítimas Feridas,Anoitecer,Crescente,Céu Claro,Dupla,Reta,Sim,3,0,1,0,2,0,1,3,-26.87064015,-48.72954134,SPRF-SC,DEL04-SC,UOP04-DEL04-SC,2020
"308331,0",2020-09-16,quarta-feira,18:00:00,SC,470,"122,6",IBIRAMA,Pista Escorregadia,Tombamento,Com Vítimas Feridas,Anoitecer,Crescente,Nublado,Múltipla,Curva,Sim,1,0,1,0,0,0,1,1,-27.099888,-49.527679,SPRF-SC,DEL04-SC,UOP02-DEL04-SC,2020
"308366,0",2020-09-17,quinta-feira,02:00:00,SC,470,"124,1",IBIRAMA,Falta de Atenção à Condução,Capotamento,Com Vítimas Feridas,Plena Noite,Crescente,Chuva,Simples,Curva,Não,1,0,1,0,0,0,1,1,-27.113192,-49.529163,SPRF-SC,DEL04-SC,UOP02-DEL04-SC,2020
"308385,0",2020-09-17,quinta-feira,07:35:00,SC,101,"215,0",PALHOCA,Desobediência às normas de trânsito pelo condutor,Colisão transversal,Com Vítimas Feridas,Pleno dia,Decrescente,Garoa/Chuvisco,Dupla,Viaduto,Sim,2,0,1,0,1,0,1,2,-27.65184843,-48.67604941,SPRF-SC,DEL01-SC,UOP02-DEL01-SC,2020
"308434,0",2020-09-17,quinta-feira,12:30:00,SC,101,"210,0",SAO JOSE,Falta de Atenção à Condução,Colisão transversal,Com Vítimas Feridas,Pleno dia,Decrescente,Nublado,Dupla,Reta,Sim,2,0,1,0,1,0,1,2,-27.6167305,-48.6457265,SPRF-SC,DEL01-SC,UOP01-DEL01-SC,2020
"308449,0",2020-09-17,quinta-feira,10:50:00,SC,101,"135,0",BALNEARIO CAMBORIU,Falta de Atenção à Condução,Colisão traseira,Com Vítimas Feridas,Pleno dia,Crescente,Garoa/Chuvisco,Dupla,Reta,Não,2,0,1,0,1,0,1,2,-27.0050108,-48.62677494,SPRF-SC,DEL04-SC,UOP03-DEL04-SC,2020
"308465,0",2020-09-17,quinta-feira,09:20:00,SC,282,"287,5",SAO JOSE DO CERRITO,Avarias e/ou desgaste excessivo no pneu,Colisão com objeto estático,Com Vítimas Feridas,Pleno dia,Crescente,Nublado,Simples,Curva,Não,2,0,2,0,0,0,2,1,-27.568613,-50.818073,SPRF-SC,DEL05-SC,UOP02-DEL05-SC,2020
"308479,0",2020-09-17,quinta-feira,16:00:00,SC,101,"126,0",ITAJAI,Falta de Atenção à Condução,Colisão com objeto estático,Com Vítimas Feridas,Pleno dia,Decrescente,Chuva,Dupla,Viaduto,Não,1,0,1,0,0,0,1,1,-26.95564404,-48.67978366,SPRF-SC,DEL04-SC,UOP04-DEL04-SC,2020
"308486,0",2020-09-17,quinta-feira,16:30:00,SC,101,"138,0",BALNEARIO CAMBORIU,Falta de Atenção à Condução,Colisão lateral,Com Vítimas Feridas,Pleno dia,Crescente,Sol,Múltipla,Reta,Não,2,0,1,0,1,0,1,2,-27.02397426,-48.60761649,SPRF-SC,DEL04-SC,UOP03-DEL04-SC,2020
"308537,0",2020-09-17,quinta-feira,21:15:00,SC,470,"28,0",ILHOTA,Falta de Atenção à Condução,Saída de leito carroçável,Com Vítimas Feridas,Plena Noite,Decrescente,Nublado,Dupla,Reta,Não,1,0,1,0,0,0,1,1,-26.893761,-48.893917,SPRF-SC,DEL04-SC,UOP01-DEL04-SC,2020
"308538,0",2020-09-17,quinta-feira,21:45:00,SC,280,"2,0",SAO FRANCISCO DO SUL,Falta de Atenção do Pedestre,Atropelamento de Pedestre,Com Vítimas Feridas,Plena Noite,Crescente,Garoa/Chuvisco,Simples,Reta,Sim,2,0,1,0,1,0,1,2,-26.23700996,-48.61979093,SPRF-SC,DEL03-SC,UOP03-DEL03-SC,2020
"308587,0",2020-09-18,sexta-feira,07:10:00,SC,282,"19,0",PALHOCA,Falta de Atenção à Condução,Queda de ocupante de veículo,Com Vítimas Feridas,Amanhecer,Crescente,Céu Claro,Simples,Viaduto,Não,2,0,1,0,1,0,1,2,-27.678635,-48.70192,SPRF-SC,DEL01-SC,UOP02-DEL01-SC,2020
"308603,0",2020-09-18,sexta-feira,08:40:00,SC,101,"206,9",SAO JOSE,Desobediência às normas de trânsito pelo condutor,Colisão transversal,Com Vítimas Feridas,Pleno dia,Crescente,Sol,Dupla,Interseção de Vias,Sim,3,0,2,0,1,0,2,2,-27.59906058,-48.62214088,SPRF-SC,DEL01-SC,UOP01-DEL01-SC,2020
"308620,0",2020-09-18,sexta-feira,10:50:00,SC,101,"207,0",SAO JOSE,Falta de Atenção à Condução,Colisão lateral,Com Vítimas Feridas,Pleno dia,Decrescente,Sol,Múltipla,Reta,Não,2,0,1,0,1,0,1,2,-27.60001226,-48.6226467,SPRF-SC,DEL01-SC,UOP01-DEL01-SC,2020
"308719,0",2020-09-18,sexta-feira,07:24:00,SC,158,"125,0",CAIBI,Falta de Atenção à Condução,Saída de leito carroçável,Sem Vítimas,Pleno dia,Decrescente,Céu Claro,Simples,Reta,Não,1,0,0,0,0,1,0,1,-27.02885326,-53.23390961,SPRF-SC,DEL07-SC,UOP02-DEL07-SC,2020
"308720,0",2020-09-18,sexta-feira,19:50:00,SC,282,"22,4",SANTO AMARO DA IMPERATRIZ,Falta de Atenção à Condução,Queda de ocupante de veículo,Com Vítimas Feridas,Plena Noite,Crescente,Céu Claro,Simples,Reta,Não,3,0,1,1,1,0,2,3,-27.688507,-48.72739,SPRF-SC,DEL01-SC,UOP02-DEL01-SC,2020
"308728,0",2020-09-18,sexta-feira,19:44:00,SC,101,"203,5",SAO JOSE,Não guardar distância de segurança,Colisão traseira,Com Vítimas Feridas,Plena Noite,Decrescente,Céu Claro,Múltipla,Reta,Sim,3,0,0,2,1,0,2,2,-27.5650044,-48.61460082,SPRF-SC,DEL01-SC,UOP01-DEL01-SC,2020
"308739,0",2020-09-18,sexta-feira,20:25:00,SC,470,"53,7",BLUMENAU,Falta de Atenção à Condução,Colisão frontal,Sem Vítimas,Plena Noite,Crescente,Céu Claro,Simples,Reta,Sim,2,0,0,0,2,0,0,2,-26.88138,-49.164543,SPRF-SC,DEL04-SC,UOP01-DEL04-SC,2020
"308767,0",2020-09-18,sexta-feira,23:30:00,SC,101,"114,9",ITAJAI,Ingestão de Álcool,Saída de leito carroçável,Com Vítimas Feridas,Plena Noite,Decrescente,Nublado,Dupla,Curva,Não,1,0,1,0,0,0,1,1,-26.86192886,-48.7286704,SPRF-SC,DEL04-SC,UOP04-DEL04-SC,2020
"308782,0",2020-09-19,sábado,00:50:00,SC,282,"507,2",XANXERE,Ingestão de Álcool,Tombamento,Sem Vítimas,Plena Noite,Crescente,Céu Claro,Simples,Interseção de Vias,Não,1,0,0,0,1,0,0,1,-26.886171,-52.43911,SPRF-SC,DEL07-SC,UOP01-DEL07-SC,2020
"308787,0",2020-09-18,sexta-feira,19:30:00,SC,101,"98,5",BALNEARIO PICARRAS,Ingestão de Álcool,Colisão traseira,Com Vítimas Feridas,Plena Noite,Decrescente,Nublado,Múltipla,Reta,Não,4,0,2,0,2,0,2,2,-26.73760897,-48.69918789,SPRF-SC,DEL03-SC,UOP02-DEL03-SC,2020
"308790,0",2020-09-19,sábado,01:50:00,SC,282,"3,2",FLORIANOPOLIS,Ingestão de Álcool,Colisão com objeto estático,Sem Vítimas,Pleno dia,Crescente,Céu Claro,Múltipla,Curva,Não,1,0,0,0,1,0,0,1,-27.600384,-48.599705,SPRF-SC,DEL01-SC,UOP01-DEL01-SC,2020
"308798,0",2020-09-19,sábado,02:40:00,SC,101,"246,6",PAULO LOPES,Falta de Atenção à Condução,Colisão traseira,Com Vítimas Feridas,Plena Noite,Crescente,Nublado,Dupla,Reta,Não,3,0,0,2,1,0,2,2,-27.915884,-48.652706,SPRF-SC,DEL02-SC,UOP03-DEL02-SC,2020
"308812,0",2020-09-18,sexta-feira,22:20:00,SC,280,"294,6",PORTO UNIAO,Desobediência às normas de trânsito pelo condutor,Colisão frontal,Sem Vítimas,Plena Noite,Decrescente,Nublado,Simples,Reta,Não,5,0,0,0,5,0,0,2,-26.29276302,-50.96449301,SPRF-SC,DEL06-SC,UOP04-DEL06-SC,2020
"308816,0",2020-09-19,sábado,00:30:00,SC,280,"6,0",SAO FRANCISCO DO SUL,Ingestão de Álcool,Saída de leito carroçável,Com Vítimas Feridas,Pleno dia,Crescente,Céu Claro,Simples,Reta,Sim,2,0,2,0,0,0,2,1,-26.26569095,-48.63361804,SPRF-SC,DEL03-SC,UOP03-DEL03-SC,2020
"308826,0",2020-09-19,sábado,08:15:00,SC,101,"136,0",BALNEARIO CAMBORIU,Falta de Atenção à Condução,Tombamento,Com Vítimas Feridas,Pleno dia,Decrescente,Céu Claro,Dupla,Reta,Sim,1,0,0,1,0,0,1,1,-27.008113,-48.617245,SPRF-SC,DEL04-SC,UOP03-DEL04-SC,2020
"308847,0",2020-09-19,sábado,10:10:00,SC,116,"0,8",MAFRA,Desobediência às normas de trânsito pelo condutor,Colisão traseira,Com Vítimas Feridas,Pleno dia,Crescente,Sol,Simples,Reta,Sim,3,0,2,0,1,0,2,2,-26.11571619,-49.78643417,SPRF-SC,DEL06-SC,UOP01-DEL06-SC,2020
"308850,0",2020-09-19,sábado,10:40:00,SC,101,"81,0",BARRA VELHA,Falta de Atenção à Condução,Colisão traseira,Com Vítimas Feridas,Pleno dia,Decrescente,Céu Claro,Dupla,Curva,Sim,4,0,3,0,1,0,3,3,-26.60256101,-48.72553524,SPRF-SC,DEL03-SC,UOP02-DEL03-SC,2020
"308855,0",2020-09-19,sábado,10:00:00,SC,101,"418,5",ARARANGUA,Desobediência às normas de trânsito pelo condutor,Colisão frontal,Com Vítimas Feridas,Pleno dia,Crescente,Céu Claro,Múltipla,Reta,Sim,2,0,1,0,1,0,1,2,-28.98912033,-49.54583298,SPRF-SC,DEL02-SC,UOP02-DEL02-SC,2020
"308856,0",2020-09-19,sábado,11:45:00,SC,280,"31,0",ARAQUARI,Ultrapassagem Indevida,Colisão transversal,Com Vítimas Feridas,Pleno dia,Crescente,Sol,Simples,Reta,Sim,2,0,1,0,1,0,1,2,-26.416505,-48.771203,SPRF-SC,DEL03-SC,UOP03-DEL03-SC,2020
"308864,0",2020-09-19,sábado,13:00:00,SC,101,"203,0",SAO JOSE,Falta de Atenção à Condução,Colisão traseira,Com Vítimas Feridas,Pleno dia,Decrescente,Céu Claro,Múltipla,Reta,Sim,4,0,1,0,3,0,1,3,-27.5650044,-48.61460082,SPRF-SC,DEL01-SC,UOP01-DEL01-SC,2020
"308874,0",2020-08-26,quarta-feira,12:49:00,SC,101,"131,0",BALNEARIO CAMBORIU,Falta de Atenção à Condução,Colisão traseira,Com Vítimas Feridas,Pleno dia,Crescente,Céu Claro,Múltipla,Reta,Sim,2,0,0,1,0,1,1,2,-26.99491643,-48.65875304,SPRF-SC,DEL04-SC,UOP03-DEL04-SC,2020
"308877,0",2020-09-19,sábado,13:40:00,SC,163,"73,7",SAO MIGUEL DO OESTE,Falta de Atenção à Condução,Saída de leito carroçável,Com Vítimas Feridas,Pleno dia,Decrescente,Sol,Simples,Curva,Sim,1,0,1,0,0,0,1,1,-26.71084646,-53.51502434,SPRF-SC,DEL07-SC,UOP03-DEL07-SC,2020
"308881,0",2020-09-19,sábado,14:55:00,SC,470,"64,8",INDAIAL,Não guardar distância de segurança,Colisão lateral,Com Vítimas Feridas,Pleno dia,Crescente,Céu Claro,Simples,Reta,Sim,2,0,1,0,1,0,1,2,-26.869867,-49.201859,SPRF-SC,DEL04-SC,UOP01-DEL04-SC,2020
"308884,0",2020-09-19,sábado,14:50:00,SC,101,"224,9",PALHOCA,Falta de Atenção à Condução,Tombamento,Com Vítimas Feridas,Pleno dia,Decrescente,Sol,Dupla,Reta,Não,1,0,1,0,0,0,1,1,-27.72384789,-48.64386769,SPRF-SC,DEL01-SC,UOP02-DEL01-SC,2020
"308895,0",2020-09-19,sábado,15:30:00,SC,280,"66,0",JARAGUA DO SUL,Falta de Atenção à Condução,Colisão traseira,Sem Vítimas,Pleno dia,Decrescente,Céu Claro,Simples,Reta,Sim,3,0,0,0,3,0,0,3,-26.47606607,-49.09568797,SPRF-SC,DEL03-SC,UOP03-DEL03-SC,2020
"308899,0",2020-09-19,sábado,16:30:00,SC,280,"70,3",JARAGUA DO SUL,Falta de Atenção à Condução,Colisão traseira,Com Vítimas Feridas,Pleno dia,Decrescente,Sol,Simples,Reta,Sim,2,0,1,0,1,0,1,2,-26.46265,-49.132138,SPRF-SC,DEL03-SC,UOP03-DEL03-SC,2020
"308931,0",2020-09-19,sábado,18:55:00,SC,101,"217,9",PALHOCA,Desobediência às normas de trânsito pelo condutor,Colisão traseira,Com Vítimas Feridas,Plena Noite,Decrescente,Nublado,Múltipla,Interseção de Vias,Sim,2,0,1,0,1,0,1,2,-27.66779034,-48.67393586,SPRF-SC,DEL01-SC,UOP02-DEL01-SC,2020
"308941,0",2020-09-19,sábado,18:00:00,SC,116,"236,0",CORREIA PINTO,Falta de Atenção à Condução,Saída de leito carroçável,Com Vítimas Feridas,Anoitecer,Crescente,Céu Claro,Simples,Reta,Não,1,0,1,0,0,0,1,1,-27.72090493,-50.33607643,SPRF-SC,DEL05-SC,UOP01-DEL05-SC,2020
"308958,0",2020-09-19,sábado,19:25:00,SC,280,"34,0",ARAQUARI,Falta de Atenção à Condução,Colisão traseira,Com Vítimas Feridas,Plena Noite,Crescente,Céu Claro,Simples,Reta,Não,2,0,1,0,1,0,1,2,-26.42993971,-48.79615614,SPRF-SC,DEL03-SC,UOP03-DEL03-SC,2020
"308969,0",2020-09-19,sábado,19:40:00,SC,282,"315,0",VARGEM,Desobediência às normas de trânsito pelo condutor,Colisão transversal,Sem Vítimas,Plena Noite,Crescente,Céu Claro,Simples,Reta,Não,3,0,0,0,1,2,0,2,-27.445721,-51.002831,SPRF-SC,DEL07-SC,UOP06-DEL07-SC,2020
"308980,0",2020-09-19,sábado,13:55:00,SC,480,"124,6",CHAPECO,Ingestão de álcool e/ou substâncias psicoativas pelo pedestre,Colisão com objeto estático,Com Vítimas Feridas,Pleno dia,Crescente,Sol,Simples,Curva,Sim,1,0,1,0,0,0,1,1,-27.00359519,-52.64391044,SPRF-SC,DEL07-SC,UOP01-DEL07-SC,2020
"308981,0",2020-09-19,sábado,17:00:00,SC,480,"129,8",CHAPECO,Velocidade Incompatível,Capotamento,Com Vítimas Feridas,Pleno dia,Decrescente,Sol,Dupla,Curva,Não,1,0,0,1,0,0,1,1,-27.04656607,-52.63577131,SPRF-SC,DEL07-SC,UOP01-DEL07-SC,2020
"308982,0",2020-09-19,sábado,17:50:00,SC,282,"569,2",NOVA ERECHIM,Falta de Atenção à Condução,Colisão frontal,Com Vítimas Feridas,Anoitecer,Decrescente,Céu Claro,Simples,Reta,Não,5,0,3,2,0,0,5,2,-26.894342,-52.923874,SPRF-SC,DEL07-SC,UOP02-DEL07-SC,2020
"308984,0",2020-09-19,sábado,20:30:00,SC,280,"118,0",SAO BENTO DO SUL,Velocidade Incompatível,Colisão traseira,Com Vítimas Feridas,Plena Noite,Decrescente,Céu Claro,Simples,Curva,Não,3,0,1,1,1,0,2,2,-26.26608202,-49.42467403,SPRF-SC,DEL06-SC,UOP03-DEL06-SC,2020
"309003,0",2020-09-20,domingo,00:30:00,SC,101,"125,0",ITAJAI,Condutor Dormindo,Saída de leito carroçável,Sem Vítimas,Plena Noite,Crescente,Nublado,Múltipla,Reta,Não,1,0,0,0,0,1,0,1,-26.94802427,-48.68338515,SPRF-SC,DEL04-SC,UOP04-DEL04-SC,2020
"309006,0",2020-09-20,domingo,00:30:00,SC,101,"203,0",SAO JOSE,Falta de Atenção à Condução,Capotamento,Sem Vítimas,Plena Noite,Decrescente,Céu Claro,Dupla,Reta,Sim,1,0,0,0,0,1,0,1,-27.5650044,-48.61460082,SPRF-SC,DEL01-SC,UOP01-DEL01-SC,2020
"309020,0",2020-09-20,domingo,02:20:00,SC,282,"215,0",LAGES,Velocidade Incompatível,Saída de leito carroçável,Com Vítimas Feridas,Plena Noite,Decrescente,Nublado,Simples,Rotatória,Sim,2,0,1,0,1,0,1,1,-27.79020648,-50.2738452,SPRF-SC,DEL05-SC,UOP01-DEL05-SC,2020
"309025,0",2020-09-20,domingo,03:40:00,SC,280,"49,9",GUARAMIRIM,Sinalização da via insuficiente ou inadequada,Tombamento,Sem Vítimas,Plena Noite,Crescente,Céu Claro,Simples,Desvio Temporário;Curva,Sim,1,0,0,0,1,0,0,1,-26.462805,-48.948153,SPRF-SC,DEL03-SC,UOP03-DEL03-SC,2020
"309028,0",2020-09-20,domingo,04:15:00,SC,101,"16,7",GARUVA,Ingestão de Álcool,Saída de leito carroçável,Com Vítimas Fatais,Plena Noite,Crescente,Nublado,Dupla,Reta,Não,3,1,0,2,0,0,2,1,-26.11427473,-48.87647034,SPRF-SC,DEL03-SC,UOP01-DEL03-SC,2020
"309035,0",2020-09-20,domingo,04:00:00,SC,282,"641,0",DESCANSO,Ingestão de Álcool,Saída de leito carroçável,Com Vítimas Feridas,Plena Noite,Crescente,Céu Claro,Simples,Curva,Não,1,0,1,0,0,0,1,1,-26.779949,-53.460857,SPRF-SC,DEL07-SC,UOP03-DEL07-SC,2020
"309040,0",2020-09-20,domingo,05:55:00,SC,470,"27,4",GASPAR,Desobediência às normas de trânsito pelo condutor,Saída de leito carroçável,Com Vítimas Feridas,Amanhecer,Crescente,Nublado,Dupla,Reta,Não,2,0,0,2,0,0,2,1,-26.891006,-48.884411,SPRF-SC,DEL04-SC,UOP04-DEL04-SC,2020
"309046,0",2020-09-20,domingo,03:35:00,SC,280,"11,0",SAO FRANCISCO DO SUL,Falta de Atenção à Condução,Saída de leito carroçável,Com Vítimas Feridas,Plena Noite,Crescente,Céu Claro,Simples,Reta,Não,1,0,1,0,0,0,1,1,-26.304752,-48.641014,SPRF-SC,DEL03-SC,UOP03-DEL03-SC,2020
"309059,0",2020-09-20,domingo,08:40:00,SC,101,"91,0",BARRA VELHA,Avarias e/ou desgaste excessivo no pneu,Tombamento,Com Vítimas Feridas,Pleno dia,Crescente,Céu Claro,Dupla,Reta,Sim,2,0,2,0,0,0,2,1,-26.67120698,-48.69011814,SPRF-SC,DEL03-SC,UOP02-DEL03-SC,2020
"309080,0",2020-09-20,domingo,11:30:00,SC,470,"184,5",POUSO REDONDO,Falta de Atenção do Pedestre,Colisão frontal,Com Vítimas Feridas,Pleno dia,Decrescente,Nublado,Simples,Declive,Não,3,0,2,0,1,0,2,2,-27.253036,-50.026642,SPRF-SC,DEL04-SC,UOP02-DEL04-SC,2020
"309095,0",2020-09-20,domingo,09:50:00,SC,282,"115,6",ALFREDO WAGNER,Defeito Mecânico no Veículo,Saída de leito carroçável,Com Vítimas Feridas,Pleno dia,Crescente,Garoa/Chuvisco,Simples,Reta,Não,2,0,1,0,1,0,1,1,-27.75856118,-49.39652011,SPRF-SC,DEL01-SC,UOP03-DEL01-SC,2020
"309118,0",2020-09-20,domingo,15:35:00,SC,280,"54,5",GUARAMIRIM,Ingestão de Álcool,Colisão traseira,Sem Vítimas,Pleno dia,Crescente,Nublado,Dupla,Curva,Sim,2,0,0,0,2,0,0,2,-26.4755094,-48.99262905,SPRF-SC,DEL03-SC,UOP03-DEL03-SC,2020
"309121,0",2020-09-20,domingo,16:15:00,SC,101,"139,0",BALNEARIO CAMBORIU,Falta de Atenção à Condução,Colisão traseira,Com Vítimas Feridas,Pleno dia,Decrescente,Nublado,Dupla,Reta;Declive,Sim,2,0,1,0,1,0,1,2,-27.02982303,-48.60115006,SPRF-SC,DEL04-SC,UOP03-DEL04-SC,2020
"309132,0",2020-09-20,domingo,16:55:00,SC,470,"87,1",ASCURRA,Falta de Atenção à Condução,Colisão lateral,Com Vítimas Feridas,Pleno dia,Decrescente,Céu Claro,Simples,Reta,Sim,3,0,1,0,2,0,1,2,-26.948483,-49.366833,SPRF-SC,DEL04-SC,UOP01-DEL04-SC,2020
"309172,0",2020-09-20,domingo,19:20:00,SC,101,"202,0",SAO JOSE,Falta de Atenção à Condução,Colisão lateral,Com Vítimas Feridas,Plena Noite,Crescente,Nublado,Dupla,Reta,Sim,2,0,1,0,1,0,1,2,-27.55711595,-48.61897889,SPRF-SC,DEL01-SC,UOP01-DEL01-SC,2020
"309213,0",2020-09-20,domingo,16:20:00,SC,116,"245,0",LAGES,Desobediência às normas de trânsito pelo condutor,Colisão transversal,Com Vítimas Feridas,Pleno dia,Crescente,Céu Claro,Simples,Rotatória,Sim,2,0,1,0,1,0,1,2,-27.79973541,-50.36366701,SPRF-SC,DEL05-SC,UOP01-DEL05-SC,2020
"309220,0",2020-09-20,domingo,21:25:00,SC,101,"274,9",IMBITUBA,Falta de Atenção à Condução,Colisão com objeto estático,Com Vítimas Feridas,Plena Noite,Decrescente,Nublado,Dupla,Reta,Sim,1,0,0,1,0,0,1,1,-28.129852,-48.69322,SPRF-SC,DEL02-SC,UOP03-DEL02-SC,2020
"309229,0",2020-09-20,domingo,20:35:00,SC,282,"432,0",VARGEM BONITA,Ingestão de Álcool,Colisão lateral,Com Vítimas Feridas,Plena Noite,Decrescente,Céu Claro,Simples,Reta,Não,6,0,2,0,2,2,2,2,-26.981241,-51.814842,SPRF-SC,DEL07-SC,UOP05-DEL07-SC,2020
"309253,0",2020-09-21,segunda-feira,01:30:00,SC,282,"88,5",ALFREDO WAGNER,Ingestão de álcool e/ou substâncias psicoativas pelo pedestre,Saída de leito carroçável,Sem Vítimas,Plena Noite,Crescente,Nublado,Simples,Curva,Não,1,0,0,0,0,1,0,1,-27.67198,-49.208591,SPRF-SC,DEL01-SC,UOP03-DEL01-SC,2020
"309278,0",2020-09-21,segunda-feira,00:30:00,SC,470,"147,0",RIO DO SUL,Condutor Dormindo,Capotamento,Sem Vítimas,Plena Noite,Crescente,Céu Claro,Simples,Rotatória,Sim,1,0,0,0,0,1,0,1,-27.243439,-49.690025,SPRF-SC,DEL04-SC,UOP02-DEL04-SC,2020
"309313,0",2020-09-21,segunda-feira,08:15:00,SC,101,"137,0",BALNEARIO CAMBORIU,Avarias e/ou desgaste excessivo no pneu,Tombamento,Com Vítimas Feridas,Pleno dia,Crescente,Céu Claro,Múltipla,Reta,Não,2,0,2,0,0,0,2,1,-27.0157238,-48.61192763,SPRF-SC,DEL04-SC,UOP03-DEL04-SC,2020
"309322,0",2020-09-21,segunda-feira,09:50:00,SC,470,"61,0",BLUMENAU,Desobediência às normas de trânsito pelo condutor,Colisão traseira,Com Vítimas Feridas,Pleno dia,Crescente,Céu Claro,Simples,Reta,Sim,2,0,1,1,0,0,2,2,-26.878952,-49.17421,SPRF-SC,DEL04-SC,UOP01-DEL04-SC,2020
"309332,0",2020-09-21,segunda-feira,07:00:00,SC,101,"134,0",BALNEARIO CAMBORIU,Desobediência às normas de trânsito pelo condutor,Colisão transversal,Com Vítimas Feridas,Pleno dia,Crescente,Nublado,Simples,Interseção de Vias,Sim,2,0,1,0,1,0,1,2,-26.99654133,-48.65564711,SPRF-SC,DEL04-SC,UOP03-DEL04-SC,2020
"309342,0",2020-09-21,segunda-feira,11:45:00,SC,101,"209,3",SAO JOSE,Falta de Atenção à Condução,Colisão traseira,Com Vítimas Feridas,Pleno dia,Crescente,Céu Claro,Dupla,Reta,Sim,2,0,0,1,1,0,1,2,-27.6100054162,-48.6389505713,SPRF-SC,DEL01-SC,UOP01-DEL01-SC,2020
"309353,0",2020-09-21,segunda-feira,11:00:00,SC,101,"204,0",SAO JOSE,Mal Súbito,Colisão com objeto estático,Com Vítimas Feridas,Pleno dia,Crescente,Nublado,Dupla,Reta,Não,1,0,1,0,0,0,1,1,-27.6167305,-48.6457265,SPRF-SC,DEL01-SC,UOP01-DEL01-SC,2020
"309369,0",2020-09-21,segunda-feira,14:35:00,SC,282,"22,5",SANTO AMARO DA IMPERATRIZ,Não guardar distância de segurança,Colisão traseira,Com Vítimas Feridas,Pleno dia,Crescente,Céu Claro,Simples,Reta,Sim,3,0,1,0,1,1,1,3,-27.688507,-48.72739,SPRF-SC,DEL01-SC,UOP02-DEL01-SC,2020
"309383,0",2020-09-21,segunda-feira,07:10:00,SC,280,"304,0",PORTO UNIAO,Falta de Atenção à Condução,Colisão traseira,Com Vítimas Feridas,Pleno dia,Crescente,Nublado,Simples,Reta,Sim,2,0,1,1,0,0,2,2,-26.27999553,-51.05063229,SPRF-SC,DEL06-SC,UOP04-DEL06-SC,2020
"309418,0",2020-09-21,segunda-feira,18:15:00,SC,101,"117,9",ITAJAI,Desobediência às normas de trânsito pelo condutor,Queda de ocupante de veículo,Com Vítimas Feridas,Anoitecer,Crescente,Nublado,Dupla,Reta,Sim,1,0,1,0,0,0,1,1,-26.88747187,-48.72252969,SPRF-SC,DEL04-SC,UOP04-DEL04-SC,2020