id,data_inversa,dia_semana,horario,uf,br,km,municipio,causa_acidente,tipo_acidente,classificacao_acidente,fase_dia,sentido_via,condicao_metereologica,tipo_pista,tracado_via,uso_solo,pessoas,mortos,feridos_leves,feridos_graves,ilesos,ignorados,feridos,veiculos,latitude,longitude,regional,delegacia,uop,ano_arquivo
"309419,0",2020-09-21,segunda-feira,18:30:00,SC,101,"211,0",PALHOCA,Falta de Atenção à Condução,Colisão lateral,Com Vítimas Feridas,Plena Noite,Decrescente,Céu Claro,Dupla,Reta,Sim,2,0,1,0,1,0,1,2,-27.62329313,-48.65245588,SPRF-SC,DEL01-SC,UOP02-DEL01-SC,2020
"309432,0",2020-09-21,segunda-feira,17:40:00,SC,282,"522,5",XAXIM,Restrição de Visibilidade,Colisão traseira,Com Vítimas Feridas,Pleno dia,Crescente,Sol,Simples,Rotatória,Não,2,0,1,0,1,0,1,2,-26.963129,-52.548851,SPRF-SC,DEL07-SC,UOP01-DEL07-SC,2020
"309433,0",2020-09-21,segunda-feira,14:00:00,SC,101,"105,0",PENHA,Não guardar distância de segurança,Queda de ocupante de veículo,Com Vítimas Feridas,Pleno dia,Crescente,Nublado,Dupla,Reta,Não,4,0,1,0,1,2,1,3,-26.80215497,-48.67891041,SPRF-SC,DEL03-SC,UOP02-DEL03-SC,2020
"309434,0",2020-09-21,segunda-feira,14:21:00,SC,101,"105,0",PENHA,Falta de Atenção à Condução,Colisão traseira,Com Vítimas Feridas,Pleno dia,Crescente,Nublado,Dupla,Curva,Sim,6,0,1,0,5,0,1,5,-26.79281742,-48.68080819,SPRF-SC,DEL03-SC,UOP02-DEL03-SC,2020
"309436,0",2020-09-21,segunda-feira,14:11:00,SC,101,"104,0",PENHA,Não guardar distância de segurança,Colisão traseira,Com Vítimas Feridas,Pleno dia,Decrescente,Nublado,Dupla,Reta,Não,3,0,2,0,1,0,2,2,-26.79281742,-48.68080819,SPRF-SC,DEL03-SC,UOP02-DEL03-SC,2020
"309443,0",2020-09-21,segunda-feira,19:00:00,SC,101,"156,0",PORTO BELO,Falta de Atenção à Condução,Tombamento,Com Vítimas Feridas,Plena Noite,Decrescente,Céu Claro,Dupla,Reta,Não,1,0,1,0,0,0,1,1,-27.172272,-48.61170204,SPRF-SC,DEL04-SC,UOP03-DEL04-SC,2020
"309445,0",2020-09-21,segunda-feira,19:40:00,SC,101,"209,0",SAO JOSE,Falta de Atenção à Condução,Colisão traseira,Com Vítimas Feridas,Plena Noite,Decrescente,Céu Claro,Dupla,Reta,Sim,2,0,1,0,1,0,1,2,-27.61000542,-48.63895057,SPRF-SC,DEL01-SC,UOP01-DEL01-SC,2020
"309452,0",2020-09-21,segunda-feira,19:40:00,SC,280,"52,3",GUARAMIRIM,Falta de Atenção à Condução,Colisão transversal,Com Vítimas Feridas,Plena Noite,Decrescente,Céu Claro,Simples,Interseção de Vias;Reta;Em Obras,Não,3,0,1,0,2,0,1,2,-26.468904,-48.96492,SPRF-SC,DEL03-SC,UOP03-DEL03-SC,2020
"309457,0",2020-09-21,segunda-feira,19:40:00,SC,280,"241,4",CANOINHAS,Falta de Atenção do Pedestre,Atropelamento de Pedestre,Com Vítimas Fatais,Plena Noite,Crescente,Céu Claro,Simples,Declive;Reta,Não,3,1,1,1,0,0,2,2,-26.22501599,-50.45997601,SPRF-SC,DEL06-SC,UOP04-DEL06-SC,2020
"309462,0",2020-08-27,quinta-feira,08:00:00,SC,101,"327,0",CAPIVARI DE BAIXO,Restrição de Visibilidade,Engavetamento,Com Vítimas Feridas,Pleno dia,Crescente,Céu Claro,Múltipla,Viaduto,Sim,4,0,1,0,3,0,1,4,-28.4394874,-48.96250248,SPRF-SC,DEL02-SC,UOP01-DEL02-SC,2020
"309468,0",2020-09-13,domingo,14:10:00,SC,470,"57,4",BLUMENAU,Falta de Atenção à Condução,Colisão traseira,Com Vítimas Feridas,Pleno dia,Crescente,Céu Claro,Simples,Rotatória,Não,1,0,1,0,0,0,1,1,-26.88284577,-49.14186046,SPRF-SC,DEL04-SC,UOP01-DEL04-SC,2020
"309489,0",2020-09-22,terça-feira,02:15:00,SC,470,"132,0",RIO DO SUL,Defeito na Via,Tombamento,Com Vítimas Feridas,Plena Noite,Crescente,Nublado,Simples,Reta,Não,1,0,0,1,0,0,1,1,-27.170237,-49.574718,SPRF-SC,DEL04-SC,UOP02-DEL04-SC,2020
"309522,0",2020-09-22,terça-feira,09:05:00,SC,101,"206,9",SAO JOSE,Falta de Atenção à Condução,Colisão transversal,Com Vítimas Feridas,Pleno dia,Crescente,Céu Claro,Múltipla,Viaduto,Sim,2,0,0,1,1,0,1,2,-27.59193546,-48.61824557,SPRF-SC,DEL01-SC,UOP01-DEL01-SC,2020
"309570,0",2020-09-22,terça-feira,13:30:00,SC,282,"29,0",SANTO AMARO DA IMPERATRIZ,Falta de Atenção à Condução,Colisão transversal,Com Vítimas Feridas,Pleno dia,Decrescente,Nublado,Simples,Interseção de Vias,Sim,2,0,0,1,1,0,1,2,-27.679737,-48.786785,SPRF-SC,DEL01-SC,UOP03-DEL01-SC,2020
"309579,0",2020-09-22,terça-feira,15:15:00,SC,280,"3,8",SAO FRANCISCO DO SUL,Falta de Atenção à Condução,Colisão transversal,Com Vítimas Feridas,Pleno dia,Decrescente,Nublado,Simples,Rotatória,Sim,2,0,1,0,1,0,1,2,-26.25190245,-48.61762404,SPRF-SC,DEL03-SC,UOP03-DEL03-SC,2020
"309585,0",2020-09-22,terça-feira,15:19:00,SC,101,"210,0",SAO JOSE,Falta de Atenção à Condução,Colisão traseira,Com Vítimas Feridas,Pleno dia,Decrescente,Nublado,Múltipla,Reta,Sim,3,0,1,0,2,0,1,3,-27.6167305,-48.6457265,SPRF-SC,DEL01-SC,UOP01-DEL01-SC,2020
"309617,0",2020-09-22,terça-feira,18:10:00,SC,101,"197,3",BIGUACU,Falta de Atenção à Condução,Colisão traseira,Com Vítimas Feridas,Plena Noite,Crescente,Céu Claro,Dupla,Declive,Sim,2,0,1,0,1,0,1,2,-27.51844497,-48.63848496,SPRF-SC,DEL01-SC,UOP01-DEL01-SC,2020
"309619,0",2020-09-22,terça-feira,17:40:00,SC,101,"158,0",TIJUCAS,Falta de Atenção à Condução,Colisão lateral,Com Vítimas Feridas,Anoitecer,Decrescente,Céu Claro,Dupla,Reta,Não,2,0,1,0,1,0,1,2,-27.19096301,-48.61259017,SPRF-SC,DEL04-SC,UOP03-DEL04-SC,2020
"309625,0",2020-09-22,terça-feira,18:40:00,SC,101,"204,0",SAO JOSE,Não guardar distância de segurança,Colisão lateral,Com Vítimas Feridas,Plena Noite,Decrescente,Céu Claro,Múltipla,Reta,Sim,2,0,1,0,1,0,1,2,-27.575644,-48.61315012,SPRF-SC,DEL01-SC,UOP01-DEL01-SC,2020
"309662,0",2020-09-22,terça-feira,18:30:00,SC,101,"413,2",ARARANGUA,Defeito Mecânico no Veículo,Incêndio,Sem Vítimas,Anoitecer,Decrescente,Nublado,Simples,Rotatória,Sim,1,0,0,0,1,0,0,1,-28.94605997,-49.50428402,SPRF-SC,DEL02-SC,UOP02-DEL02-SC,2020
"309683,0",2020-09-23,quarta-feira,04:15:00,SC,282,"46,1",AGUAS MORNAS,Falta de Atenção à Condução,Saída de leito carroçável,Sem Vítimas,Plena Noite,Decrescente,Nublado,Simples,Curva;Declive,Não,1,0,0,0,0,1,0,1,-27.721041,-48.925152,SPRF-SC,DEL01-SC,UOP03-DEL01-SC,2020
"309684,0",2020-09-23,quarta-feira,06:40:00,SC,280,"52,3",GUARAMIRIM,Falta de Atenção à Condução,Colisão transversal,Com Vítimas Feridas,Amanhecer,Decrescente,Nublado,Simples,Reta,Não,2,0,1,0,1,0,1,2,-26.468904,-48.96492,SPRF-SC,DEL03-SC,UOP03-DEL03-SC,2020
"309698,0",2020-09-20,domingo,00:15:00,SC,101,"133,8",BALNEARIO CAMBORIU,Falta de Atenção à Condução,Colisão com objeto estático,Sem Vítimas,Plena Noite,Decrescente,Céu Claro,Simples,Interseção de Vias,Sim,1,0,0,0,1,0,0,1,-26.99936,-48.64609,SPRF-SC,DEL04-SC,UOP03-DEL04-SC,2020
"309724,0",2020-09-21,segunda-feira,00:35:00,SC,282,"132,0",BOM RETIRO,Animais na Pista,Atropelamento de Animal,Com Vítimas Feridas,Plena Noite,Decrescente,Céu Claro,Simples,Reta,Não,1,0,1,0,0,0,1,1,-27.8097,-49.522575,SPRF-SC,DEL05-SC,UOP01-DEL05-SC,2020
"309770,0",2020-09-23,quarta-feira,15:00:00,SC,116,"184,0",SAO CRISTOVAO DO SUL,Velocidade Incompatível,Colisão com objeto estático,Sem Vítimas,Pleno dia,Crescente,Céu Claro,Simples,Interseção de Vias;Rotatória,Não,1,0,0,0,0,1,0,1,-27.299032,-50.427235,SPRF-SC,DEL05-SC,UOP03-DEL05-SC,2020
"309797,0",2020-09-23,quarta-feira,18:45:00,SC,101,"218,0",PALHOCA,Velocidade Incompatível,Colisão lateral,Com Vítimas Feridas,Plena Noite,Crescente,Céu Claro,Múltipla,Reta,Sim,2,0,1,0,1,0,1,2,-27.6758601,-48.67052525,SPRF-SC,DEL01-SC,UOP02-DEL01-SC,2020
"309801,0",2020-09-23,quarta-feira,18:30:00,SC,101,"138,0",BALNEARIO CAMBORIU,Falta de Atenção à Condução,Colisão traseira,Com Vítimas Feridas,Plena Noite,Crescente,Céu Claro,Dupla,Reta,Sim,3,0,1,0,2,0,1,2,-27.02397426,-48.60761649,SPRF-SC,DEL04-SC,UOP03-DEL04-SC,2020
"309832,0",2020-09-23,quarta-feira,21:50:00,SC,101,"333,7",TUBARAO,Desobediência às normas de trânsito pelo condutor,Colisão transversal,Com Vítimas Feridas,Plena Noite,Decrescente,Nublado,Dupla,Interseção de Vias,Sim,2,0,1,0,1,0,1,2,-28.46630107,-48.99653096,SPRF-SC,DEL02-SC,UOP01-DEL02-SC,2020
"309842,0",2020-09-23,quarta-feira,22:00:00,SC,470,"77,3",INDAIAL,Velocidade Incompatível,Saída de leito carroçável,Sem Vítimas,Plena Noite,Decrescente,Nublado,Simples,Curva,Não,1,0,0,0,0,1,0,1,-26.940817,-49.29287,SPRF-SC,DEL04-SC,UOP01-DEL04-SC,2020
"309846,0",2020-09-23,quarta-feira,21:00:00,SC,280,"29,3",ARAQUARI,Falta de Atenção à Condução,Tombamento,Com Vítimas Feridas,Plena Noite,Decrescente,Céu Claro,Simples,Interseção de Vias,Sim,1,0,1,0,0,0,1,1,-26.41066264,-48.75295628,SPRF-SC,DEL03-SC,UOP03-DEL03-SC,2020
"309876,0",2020-05-19,terça-feira,21:23:00,SC,101,"146,0",ITAPEMA,Falta de Atenção à Condução,Colisão transversal,Com Vítimas Feridas,Plena Noite,Crescente,Céu Claro,Simples,Interseção de Vias,Sim,3,0,2,0,1,0,2,2,-27.08666525,-48.60955587,SPRF-SC,DEL04-SC,UOP03-DEL04-SC,2020
"309898,0",2020-09-24,quinta-feira,09:10:00,SC,101,"206,8",SAO JOSE,Falta de Atenção à Condução,Colisão lateral,Com Vítimas Feridas,Pleno dia,Crescente,Céu Claro,Dupla,Curva,Sim,2,0,1,0,1,0,1,2,-27.59193546,-48.61824557,SPRF-SC,DEL01-SC,UOP01-DEL01-SC,2020
"309933,0",2020-09-24,quinta-feira,12:45:00,SC,101,"208,0",SAO JOSE,Falta de Atenção à Condução,Colisão lateral,Com Vítimas Feridas,Pleno dia,Decrescente,Sol,Múltipla,Interseção de Vias,Sim,2,0,1,0,1,0,1,2,-27.60383112,-48.63234937,SPRF-SC,DEL01-SC,UOP01-DEL01-SC,2020
"309942,0",2020-09-24,quinta-feira,13:35:00,SC,470,"139,7",RIO DO SUL,Falta de Atenção à Condução,Colisão lateral,Com Vítimas Feridas,Pleno dia,Decrescente,Céu Claro,Simples,Reta,Não,3,0,2,0,1,0,2,2,-27.217564,-49.65461,SPRF-SC,DEL04-SC,UOP02-DEL04-SC,2020
"309953,0",2020-09-24,quinta-feira,14:00:00,SC,116,"56,0",PAPANDUVA,Falta de Atenção à Condução,Colisão lateral,Sem Vítimas,Pleno dia,Crescente,Céu Claro,Simples,Reta,Não,2,0,0,0,2,0,0,2,-26.38887295,-50.18345597,SPRF-SC,DEL06-SC,UOP02-DEL06-SC,2020
"309957,0",2020-09-24,quinta-feira,15:00:00,SC,101,"55,5",JOINVILLE,Defeito Mecânico no Veículo,Incêndio,Sem Vítimas,Pleno dia,Decrescente,Céu Claro,Dupla,Reta,Sim,3,0,0,0,3,0,0,1,-26.42280898,-48.82977496,SPRF-SC,DEL03-SC,UOP01-DEL03-SC,2020
"309968,0",2020-09-24,quinta-feira,16:46:00,SC,101,"199,9",SAO JOSE,Falta de Atenção à Condução,Colisão transversal,Com Vítimas Feridas,Pleno dia,Crescente,Céu Claro,Dupla,Declive,Sim,2,0,1,0,1,0,1,2,-27.53413705,-48.63003205,SPRF-SC,DEL01-SC,UOP01-DEL01-SC,2020
"309984,0",2020-09-24,quinta-feira,18:00:00,SC,470,"8,7",NAVEGANTES,Falta de Atenção à Condução,Colisão transversal,Sem Vítimas,Pleno dia,Crescente,Céu Claro,Simples,Reta,Não,4,0,0,0,4,0,0,2,-26.83343,-48.72529,SPRF-SC,DEL04-SC,UOP04-DEL04-SC,2020
"309990,0",2020-09-24,quinta-feira,18:40:00,SC,101,"200,8",SAO JOSE,Não guardar distância de segurança,Colisão lateral,Com Vítimas Feridas,Plena Noite,Crescente,Céu Claro,Múltipla,Reta,Não,2,0,1,0,1,0,1,2,-27.54512975,-48.62015605,SPRF-SC,DEL01-SC,UOP01-DEL01-SC,2020
"309999,0",2020-09-24,quinta-feira,13:10:00,SC,480,"130,2",CHAPECO,Ultrapassagem Indevida,Colisão transversal,Com Vítimas Feridas,Pleno dia,Decrescente,Sol,Simples,Reta,Sim,2,0,1,0,1,0,1,2,-27.05534298,-52.63652069,SPRF-SC,DEL07-SC,UOP01-DEL07-SC,2020
"310004,0",2020-09-24,quinta-feira,19:15:00,SC,101,"213,9",PALHOCA,Velocidade Incompatível,Colisão traseira,Com Vítimas Feridas,Plena Noite,Decrescente,Céu Claro,Múltipla,Reta,Sim,5,0,1,0,4,0,1,5,-27.63697369,-48.66514142,SPRF-SC,DEL01-SC,UOP02-DEL01-SC,2020
"310009,0",2020-09-24,quinta-feira,16:00:00,SC,282,"490,8",FAXINAL DOS GUEDES,Desobediência às normas de trânsito pelo condutor,Colisão frontal,Com Vítimas Feridas,Pleno dia,Decrescente,Céu Claro,Simples,Reta,Não,3,0,2,0,1,0,2,2,-26.874599,-52.282806,SPRF-SC,DEL07-SC,UOP01-DEL07-SC,2020
"310023,0",2020-09-24,quinta-feira,18:07:00,SC,470,"142,1",RIO DO SUL,Velocidade Incompatível,Colisão traseira,Com Vítimas Feridas,Anoitecer,Decrescente,Nublado,Simples,Reta,Sim,3,0,1,0,2,0,1,3,-27.229801,-49.6693,SPRF-SC,DEL04-SC,UOP02-DEL04-SC,2020
"310031,0",2020-09-24,quinta-feira,19:50:00,SC,101,"431,0",SOMBRIO,Restrição de Visibilidade,Saída de leito carroçável,Com Vítimas Feridas,Plena Noite,Decrescente,Ignorado,Dupla,Reta,Sim,2,0,2,0,0,0,2,1,-29.064526,-49.62464101,SPRF-SC,DEL02-SC,UOP02-DEL02-SC,2020
"310046,0",2020-09-25,sexta-feira,00:00:00,SC,280,"189,0",MAFRA,Ingestão de Álcool,Saída de leito carroçável,Com Vítimas Feridas,Plena Noite,Decrescente,Céu Claro,Simples,Curva,Não,1,0,1,0,0,0,1,1,-26.17527846,-49.97184598,SPRF-SC,DEL06-SC,UOP01-DEL06-SC,2020
"310078,0",2020-09-24,quinta-feira,12:30:00,SC,101,"257,7",PAULO LOPES,Falta de Atenção à Condução,Saída de leito carroçável,Com Vítimas Feridas,Pleno dia,Decrescente,Céu Claro,Dupla,Curva,Não,2,0,1,1,0,0,2,1,-27.99701205,-48.68755194,SPRF-SC,DEL02-SC,UOP03-DEL02-SC,2020
"310079,0",2020-09-17,quinta-feira,13:50:00,SC,101,"184,0",BIGUACU,Falta de Atenção à Condução,Colisão com objeto estático,Sem Vítimas,Pleno dia,Crescente,Chuva,Dupla,Curva,Não,1,0,0,0,1,0,0,1,-27.41613807,-48.6266443,SPRF-SC,DEL01-SC,UOP01-DEL01-SC,2020
"310081,0",2020-09-25,sexta-feira,07:50:00,SC,101,"104,0",BALNEARIO PICARRAS,Mal Súbito,Colisão com objeto estático,Com Vítimas Feridas,Pleno dia,Decrescente,Sol,Simples,Reta,Sim,1,0,1,0,0,0,1,1,-26.79281742,-48.68080819,SPRF-SC,DEL03-SC,UOP02-DEL03-SC,2020
"310092,0",2020-09-25,sexta-feira,08:05:00,SC,101,"201,0",SAO JOSE,Desobediência às normas de trânsito pelo condutor,Colisão lateral,Com Vítimas Feridas,Pleno dia,Crescente,Céu Claro,Dupla,Reta,Sim,2,0,1,0,1,0,1,2,-27.54836599,-48.61977975,SPRF-SC,DEL01-SC,UOP01-DEL01-SC,2020
"310095,0",2020-09-25,sexta-feira,08:45:00,SC,282,"1,0",FLORIANOPOLIS,Falta de Atenção à Condução,Colisão traseira,Com Vítimas Feridas,Pleno dia,Crescente,Céu Claro,Dupla,Reta,Sim,2,0,1,0,1,0,1,2,-27.602955,-48.580509,SPRF-SC,DEL01-SC,UOP01-DEL01-SC,2020
"310108,0",2020-09-25,sexta-feira,10:00:00,SC,101,"142,0",ITAPEMA,Desobediência às normas de trânsito pelo condutor,Colisão lateral,Com Vítimas Feridas,Pleno dia,Decrescente,Céu Claro,Múltipla,Reta,Sim,3,0,1,0,2,0,1,2,-27.056089,-48.599449,SPRF-SC,DEL04-SC,UOP03-DEL04-SC,2020
"310109,0",2020-09-25,sexta-feira,10:20:00,SC,470,"70,0",INDAIAL,Desobediência às normas de trânsito pelo condutor,Colisão lateral,Com Vítimas Feridas,Pleno dia,Decrescente,Sol,Simples,Reta,Sim,2,0,1,0,1,0,1,2,-26.889374,-49.254478,SPRF-SC,DEL04-SC,UOP01-DEL04-SC,2020
"310115,0",2020-09-25,sexta-feira,11:30:00,SC,101,"200,0",SAO JOSE,Não guardar distância de segurança,Colisão traseira,Com Vítimas Feridas,Pleno dia,Crescente,Céu Claro,Dupla,Reta,Sim,2,0,1,0,1,0,1,2,-27.54018513,-48.62287714,SPRF-SC,DEL01-SC,UOP01-DEL01-SC,2020
"310116,0",2020-09-25,sexta-feira,10:30:00,SC,101,"137,0",BALNEARIO CAMBORIU,Falta de Atenção à Condução,Tombamento,Com Vítimas Feridas,Pleno dia,Crescente,Céu Claro,Dupla,Viaduto,Sim,3,0,1,0,2,0,1,3,-27.0157238,-48.61192763,SPRF-SC,DEL04-SC,UOP03-DEL04-SC,2020
"310128,0",2020-09-25,sexta-feira,13:00:00,SC,101,"235,9",PALHOCA,Defeito Mecânico no Veículo,Tombamento,Com Vítimas Feridas,Pleno dia,Crescente,Céu Claro,Dupla,Curva,Não,2,0,1,0,0,1,1,2,-27.8177775,-48.6315025,SPRF-SC,DEL01-SC,UOP02-DEL01-SC,2020
"310161,0",2020-09-25,sexta-feira,16:10:00,SC,280,"51,0",GUARAMIRIM,Falta de Atenção à Condução,Colisão com objeto estático,Com Vítimas Feridas,Pleno dia,Crescente,Céu Claro,Simples,Reta;Desvio Temporário;Em Obras,Não,1,0,1,0,0,0,1,1,-26.46538871,-48.95544449,SPRF-SC,DEL03-SC,UOP03-DEL03-SC,2020
"310165,0",2020-09-25,sexta-feira,16:00:00,SC,101,"120,0",ITAJAI,Desobediência às normas de trânsito pelo condutor,Colisão lateral,Sem Vítimas,Pleno dia,Decrescente,Céu Claro,Dupla,Reta,Sim,2,0,0,0,2,0,0,2,-26.912758,-48.711998,SPRF-SC,DEL04-SC,UOP04-DEL04-SC,2020
"310175,0",2020-09-25,sexta-feira,17:25:00,SC,101,"108,0",PENHA,Falta de Atenção à Condução,Colisão traseira,Com Vítimas Feridas,Pleno dia,Decrescente,Nublado,Dupla,Curva,Sim,2,0,1,0,1,0,1,2,-26.82606902,-48.69052298,SPRF-SC,DEL03-SC,UOP02-DEL03-SC,2020
"310177,0",2020-09-25,sexta-feira,17:20:00,SC,470,"53,2",BLUMENAU,Desobediência às normas de trânsito pelo condutor,Colisão transversal,Com Vítimas Feridas,Pleno dia,Decrescente,Céu Claro,Simples,Reta,Sim,2,0,0,1,1,0,1,2,-26.867121,-49.102066,SPRF-SC,DEL04-SC,UOP01-DEL04-SC,2020
"310180,0",2020-09-25,sexta-feira,17:12:00,SC,101,"315,0",LAGUNA,Falta de Atenção à Condução,Colisão traseira,Com Vítimas Feridas,Pleno dia,Decrescente,Céu Claro,Dupla,Ponte,Não,2,0,1,0,1,0,1,2,-28.42854329,-48.85105133,SPRF-SC,DEL02-SC,UOP01-DEL02-SC,2020
"310185,0",2020-09-25,sexta-feira,17:30:00,SC,282,"1,8",FLORIANOPOLIS,Falta de Atenção à Condução,Colisão traseira,Com Vítimas Feridas,Anoitecer,Crescente,Céu Claro,Dupla,Reta,Sim,2,0,0,1,1,0,1,2,-27.602955,-48.580509,SPRF-SC,DEL01-SC,UOP01-DEL01-SC,2020
"310193,0",2020-09-25,sexta-feira,18:40:00,SC,101,"190,0",BIGUACU,Falta de Atenção à Condução,Colisão com objeto em movimento,Com Vítimas Feridas,Plena Noite,Decrescente,Céu Claro,Dupla,Reta,Sim,1,0,1,0,0,0,1,1,-27.468056,-48.641712,SPRF-SC,DEL01-SC,UOP01-DEL01-SC,2020
"310201,0",2020-09-25,sexta-feira,18:45:00,SC,470,"126,6",LONTRAS,Falta de Atenção à Condução,Colisão transversal,Com Vítimas Feridas,Plena Noite,Crescente,Céu Claro,Simples,Retorno Regulamentado,Não,3,0,1,0,2,0,1,2,-27.129,-49.538277,SPRF-SC,DEL04-SC,UOP02-DEL04-SC,2020
"310226,0",2020-09-25,sexta-feira,19:30:00,SC,470,"168,0",POUSO REDONDO,Falta de Atenção à Condução,Saída de leito carroçável,Sem Vítimas,Plena Noite,Crescente,Céu Claro,Simples,Reta,Não,1,0,0,0,0,1,0,1,-27.27355081,-49.8564291,SPRF-SC,DEL04-SC,UOP02-DEL04-SC,2020
"310228,0",2020-09-25,sexta-feira,20:50:00,SC,101,"205,0",SAO JOSE,Falta de Atenção à Condução,Colisão frontal,Com Vítimas Feridas,Plena Noite,Crescente,Nublado,Dupla,Reta,Sim,2,0,2,0,0,0,2,2,-27.58313237,-48.61532885,SPRF-SC,DEL01-SC,UOP01-DEL01-SC,2020
"310230,0",2020-09-25,sexta-feira,19:10:00,SC,163,"102,0",SAO JOSE DO CEDRO,Falta de Atenção à Condução,Saída de leito carroçável,Com Vítimas Feridas,Plena Noite,Crescente,Céu Claro,Simples,Curva,Não,1,0,1,0,0,0,1,1,-26.46950615,-53.50552783,SPRF-SC,DEL07-SC,UOP03-DEL07-SC,2020
"310231,0",2020-09-25,sexta-feira,20:00:00,SC,101,"117,0",ITAJAI,Ingestão de Álcool,Colisão traseira,Com Vítimas Feridas,Plena Noite,Decrescente,Céu Claro,Dupla,Viaduto,Sim,4,0,1,0,3,0,1,3,-26.88747187,-48.72252969,SPRF-SC,DEL04-SC,UOP04-DEL04-SC,2020
"310236,0",2020-09-25,sexta-feira,21:10:00,SC,280,"47,0",GUARAMIRIM,Falta de Atenção à Condução,Saída de leito carroçável,Com Vítimas Feridas,Plena Noite,Crescente,Nublado,Simples,Reta,Sim,1,0,1,0,0,0,1,1,-26.45353692,-48.917876,SPRF-SC,DEL03-SC,UOP03-DEL03-SC,2020
"310238,0",2020-09-25,sexta-feira,18:20:00,SC,101,"108,6",PENHA,Não guardar distância de segurança,Colisão traseira,Com Vítimas Feridas,Anoitecer,Decrescente,Nublado,Dupla,Curva,Sim,3,0,2,0,1,0,2,2,-26.8308066,-48.69347155,SPRF-SC,DEL03-SC,UOP02-DEL03-SC,2020
"310249,0",2020-09-25,sexta-feira,19:50:00,SC,101,"112,9",ITAJAI,Desobediência às normas de trânsito pelo condutor,Colisão lateral,Com Vítimas Feridas,Plena Noite,Crescente,Céu Claro,Dupla,Reta,Sim,1,0,1,0,0,0,1,1,-26.85052692,-48.72587984,SPRF-SC,DEL04-SC,UOP04-DEL04-SC,2020
"310253,0",2020-09-25,sexta-feira,21:50:00,SC,280,"26,0",ARAQUARI,Não guardar distância de segurança,Colisão lateral,Com Vítimas Feridas,Plena Noite,Crescente,Céu Claro,Simples,Reta,Não,2,0,0,1,1,0,1,2,-26.38972308,-48.73411593,SPRF-SC,DEL03-SC,UOP03-DEL03-SC,2020
"310264,0",2020-09-25,sexta-feira,23:20:00,SC,280,"58,0",GUARAMIRIM,Defeito na Via,Queda de ocupante de veículo,Com Vítimas Feridas,Plena Noite,Decrescente,Nublado,Simples,Reta,Sim,1,0,1,0,0,0,1,1,-26.47415593,-49.021211,SPRF-SC,DEL03-SC,UOP03-DEL03-SC,2020
"310282,0",2020-09-26,sábado,00:30:00,SC,101,"229,1",PALHOCA,Ingestão de Álcool,Colisão com objeto estático,Sem Vítimas,Plena Noite,Decrescente,Nublado,Dupla,Declive,Não,1,0,0,0,1,0,0,1,-27.7688932,-48.63205379,SPRF-SC,DEL01-SC,UOP02-DEL01-SC,2020
"310293,0",2020-08-24,segunda-feira,08:15:00,SC,101,"109,0",PENHA,Mal Súbito,Colisão com objeto estático,Com Vítimas Feridas,Pleno dia,Crescente,Sol,Dupla,Curva,Sim,1,0,0,1,0,0,1,1,-26.8333519,-48.69632106,SPRF-SC,DEL03-SC,UOP02-DEL03-SC,2020
"310311,0",2020-09-26,sábado,05:50:00,SC,101,"332,8",TUBARAO,Ingestão de Álcool,Colisão traseira,Com Vítimas Feridas,Amanhecer,Crescente,Céu Claro,Dupla,Reta,Sim,3,0,3,0,0,0,3,2,-28.46016431,-48.98968873,SPRF-SC,DEL02-SC,UOP01-DEL02-SC,2020
"310316,0",2020-09-25,sexta-feira,18:30:00,SC,101,"292,2",IMBITUBA,Ingestão de Álcool,Saída de leito carroçável,Sem Vítimas,Plena Noite,Decrescente,Céu Claro,Dupla,Reta,Sim,1,0,0,0,1,0,0,1,-28.278057,-48.700386,SPRF-SC,DEL02-SC,UOP03-DEL02-SC,2020
"310334,0",2020-09-26,sábado,06:30:00,SC,282,"185,3",BOCAINA DO SUL,Falta de Atenção à Condução,Saída de leito carroçável,Com Vítimas Feridas,Amanhecer,Decrescente,Nublado,Simples,Reta,Não,2,0,1,0,0,1,1,1,-27.734449,-49.98819,SPRF-SC,DEL05-SC,UOP01-DEL05-SC,2020
"310338,0",2020-09-26,sábado,08:50:00,SC,101,"273,5",IMBITUBA,Velocidade Incompatível,Saída de leito carroçável,Com Vítimas Feridas,Pleno dia,Decrescente,Céu Claro,Múltipla,Reta,Sim,4,0,2,1,0,1,3,2,-28.1365045,-48.6920998,SPRF-SC,DEL02-SC,UOP03-DEL02-SC,2020
"310372,0",2020-09-26,sábado,12:05:00,SC,470,"140,4",RIO DO SUL,Desobediência às normas de trânsito pelo condutor,Colisão transversal,Com Vítimas Feridas,Pleno dia,Crescente,Céu Claro,Simples,Reta,Não,3,0,1,0,2,0,1,2,-27.222485,-49.662827,SPRF-SC,DEL04-SC,UOP02-DEL04-SC,2020
"310374,0",2020-09-26,sábado,08:20:00,SC,282,"504,0",XANXERE,Desobediência às normas de trânsito pelo condutor,Colisão lateral,Com Vítimas Feridas,Pleno dia,Decrescente,Céu Claro,Simples,Reta,Sim,2,0,1,0,1,0,1,2,-26.884279,-52.408466,SPRF-SC,DEL07-SC,UOP01-DEL07-SC,2020
"310375,0",2020-09-26,sábado,11:00:00,SC,280,"24,0",ARAQUARI,Falta de Atenção à Condução,Colisão traseira,Com Vítimas Feridas,Pleno dia,Decrescente,Sol,Simples,Reta,Não,2,0,0,1,0,1,1,2,-26.37724921,-48.71953282,SPRF-SC,DEL03-SC,UOP03-DEL03-SC,2020
"310377,0",2020-09-26,sábado,10:10:00,SC,282,"386,2",JOACABA,Falta de Atenção à Condução,Colisão transversal,Sem Vítimas,Pleno dia,Crescente,Sol,Simples,Reta,Não,5,0,0,0,5,0,0,2,-27.185896,-51.518845,SPRF-SC,DEL07-SC,UOP05-DEL07-SC,2020