id,data_inversa,dia_semana,horario,uf,br,km,municipio,causa_acidente,tipo_acidente,classificacao_acidente,fase_dia,sentido_via,condicao_metereologica,tipo_pista,tracado_via,uso_solo,pessoas,mortos,feridos_leves,feridos_graves,ilesos,ignorados,feridos,veiculos,latitude,longitude,regional,delegacia,uop,ano_arquivo
"311606,0",2020-09-25,sexta-feira,15:20:00,SC,101,"116,0",ITAJAI,Falta de Atenção à Condução,Colisão lateral,Com Vítimas Feridas,Pleno dia,Decrescente,Céu Claro,Dupla,Reta,Sim,2,0,0,1,1,0,1,2,-26.87905605,-48.72603512,SPRF-SC,DEL04-SC,UOP04-DEL04-SC,2020
"311607,0",2020-10-02,sexta-feira,12:45:00,SC,101,"211,0",PALHOCA,Falta de Atenção à Condução,Colisão traseira,Com Vítimas Feridas,Pleno dia,Crescente,Céu Claro,Múltipla,Reta,Sim,2,0,1,0,1,0,1,2,-27.62329313,-48.65245588,SPRF-SC,DEL01-SC,UOP02-DEL01-SC,2020
"311610,0",2020-10-02,sexta-feira,10:50:00,SC,282,"501,3",XANXERE,Velocidade Incompatível,Saída de leito carroçável,Com Vítimas Feridas,Pleno dia,Decrescente,Céu Claro,Dupla,Rotatória;Interseção de Vias,Sim,1,0,1,0,0,0,1,1,-26.882715,-52.381729,SPRF-SC,DEL07-SC,UOP01-DEL07-SC,2020
"311618,0",2020-10-02,sexta-feira,14:12:00,SC,101,"129,6",BALNEARIO CAMBORIU,Falta de Atenção à Condução,Colisão traseira,Com Vítimas Feridas,Pleno dia,Decrescente,Céu Claro,Dupla,Reta,Sim,3,0,3,0,0,0,3,2,-26.98064277,-48.6790679,SPRF-SC,DEL04-SC,UOP03-DEL04-SC,2020
"311655,0",2020-10-02,sexta-feira,17:30:00,SC,470,"88,8",ASCURRA,Falta de Atenção à Condução,Colisão transversal,Com Vítimas Feridas,Anoitecer,Decrescente,Nublado,Simples,Reta,Sim,2,0,1,0,1,0,1,2,-26.955355,-49.373169,SPRF-SC,DEL04-SC,UOP01-DEL04-SC,2020
"311682,0",2020-10-02,sexta-feira,16:20:00,SC,280,"71,0",JARAGUA DO SUL,Falta de Atenção à Condução,Colisão transversal,Com Vítimas Feridas,Pleno dia,Decrescente,Sol,Simples,Declive,Não,2,0,0,1,1,0,1,2,-26.46151693,-49.13480597,SPRF-SC,DEL03-SC,UOP03-DEL03-SC,2020
"311718,0",2020-10-02,sexta-feira,19:40:00,SC,470,"173,5",POUSO REDONDO,Velocidade Incompatível,Atropelamento de Pedestre,Com Vítimas Fatais,Plena Noite,Crescente,Nublado,Simples,Reta;Declive,Sim,4,1,0,0,1,2,0,2,-27.25976479,-49.92228027,SPRF-SC,DEL04-SC,UOP02-DEL04-SC,2020
"311752,0",2020-10-02,sexta-feira,23:50:00,SC,101,"313,0",LAGUNA,Desobediência às normas de trânsito pelo condutor,Colisão lateral,Sem Vítimas,Plena Noite,Decrescente,Vento,Dupla,Ponte,Não,2,0,0,0,2,0,0,2,-28.43825669,-48.83328974,SPRF-SC,DEL02-SC,UOP01-DEL02-SC,2020
"311757,0",2020-10-02,sexta-feira,21:30:00,SC,280,"48,0",GUARAMIRIM,Falta de Atenção do Pedestre,Atropelamento de Pedestre,Com Vítimas Feridas,Plena Noite,Crescente,Nublado,Simples,Reta,Não,2,0,0,1,1,0,1,2,-26.45563774,-48.92923236,SPRF-SC,DEL03-SC,UOP03-DEL03-SC,2020
"311773,0",2020-10-03,sábado,03:00:00,SC,470,"145,3",RIO DO SUL,Falta de Atenção à Condução,Capotamento,Com Vítimas Feridas,Plena Noite,Crescente,Garoa/Chuvisco,Simples,Reta,Não,3,0,3,0,0,0,3,1,-27.237301,-49.682217,SPRF-SC,DEL04-SC,UOP02-DEL04-SC,2020
"311783,0",2020-10-03,sábado,01:40:00,SC,280,"104,4",SAO BENTO DO SUL,Falta de Atenção à Condução,Saída de leito carroçável,Com Vítimas Feridas,Plena Noite,Decrescente,Céu Claro,Simples,Reta,Não,1,0,1,0,0,0,1,1,-26.36191374,-49.35637984,SPRF-SC,DEL06-SC,UOP03-DEL06-SC,2020
"311785,0",2020-10-03,sábado,05:40:00,SC,101,"195,7",BIGUACU,Falta de Atenção à Condução,Colisão traseira,Com Vítimas Feridas,Amanhecer,Decrescente,Nublado,Dupla,Reta,Sim,2,0,0,1,0,1,1,2,-27.5047092,-48.65010819,SPRF-SC,DEL01-SC,UOP01-DEL01-SC,2020
"311800,0",2020-10-03,sábado,06:45:00,SC,280,"10,0",SAO FRANCISCO DO SUL,Animais na Pista,Atropelamento de Animal,Com Vítimas Feridas,Pleno dia,Crescente,Céu Claro,Simples,Reta,Não,1,0,0,1,0,0,1,1,-26.27887292,-48.64668626,SPRF-SC,DEL03-SC,UOP03-DEL03-SC,2020
"311802,0",2020-10-03,sábado,04:50:00,SC,282,"138,3",BOM RETIRO,Ingestão de Álcool,Colisão lateral,Com Vítimas Feridas,Plena Noite,Decrescente,Nublado,Simples,Declive;Curva,Não,3,0,2,0,1,0,2,2,-27.825998,-49.575924,SPRF-SC,DEL05-SC,UOP01-DEL05-SC,2020
"311805,0",2020-10-03,sábado,06:34:00,SC,101,"133,9",BALNEARIO CAMBORIU,Ingestão de Álcool,Colisão com objeto estático,Sem Vítimas,Pleno dia,Decrescente,Chuva,Dupla,Reta,Não,1,0,0,0,0,1,0,1,-26.99936,-48.64609,SPRF-SC,DEL04-SC,UOP03-DEL04-SC,2020
"311816,0",2020-10-03,sábado,07:50:00,SC,101,"213,7",PALHOCA,Falta de Atenção à Condução,Colisão com objeto estático,Sem Vítimas,Pleno dia,Decrescente,Nublado,Múltipla,Reta,Sim,1,0,0,0,0,1,0,1,-27.64078568,-48.6677599,SPRF-SC,DEL01-SC,UOP02-DEL01-SC,2020
"311821,0",2020-10-03,sábado,06:30:00,SC,101,"213,0",PALHOCA,Ingestão de Álcool,Colisão com objeto estático,Sem Vítimas,Pleno dia,Crescente,Céu Claro,Múltipla,Reta,Sim,1,0,0,0,0,1,0,1,-27.63697369,-48.66514142,SPRF-SC,DEL01-SC,UOP02-DEL01-SC,2020
"311823,0",2020-10-03,sábado,06:12:00,SC,116,"235,8",CORREIA PINTO,Velocidade Incompatível,Colisão frontal,Com Vítimas Feridas,Amanhecer,Crescente,Nublado,Simples,Curva,Não,4,0,0,4,0,0,4,2,-27.711685,-50.33625903,SPRF-SC,DEL05-SC,UOP01-DEL05-SC,2020
"311825,0",2020-10-03,sábado,02:00:00,SC,101,"198,5",BIGUACU,Ingestão de Álcool,Saída de leito carroçável,Sem Vítimas,Plena Noite,Decrescente,Céu Claro,Múltipla,Reta,Sim,1,0,0,0,0,1,0,1,-27.52658712,-48.63506019,SPRF-SC,DEL01-SC,UOP01-DEL01-SC,2020
"311845,0",2020-10-03,sábado,11:00:00,SC,101,"214,0",PALHOCA,Objeto estático sobre o leito carroçável,Queda de ocupante de veículo,Com Vítimas Feridas,Pleno dia,Decrescente,Garoa/Chuvisco,Múltipla,Reta,Sim,2,0,2,0,0,0,2,1,-27.64443,-48.67057,SPRF-SC,DEL01-SC,UOP02-DEL01-SC,2020
"311854,0",2020-10-03,sábado,10:50:00,SC,101,"335,8",TUBARAO,Avarias e/ou desgaste excessivo no pneu,Colisão com objeto estático,Com Vítimas Feridas,Pleno dia,Crescente,Chuva,Dupla,Curva,Sim,2,0,2,0,0,0,2,1,-28.48649643,-49.03747559,SPRF-SC,DEL02-SC,UOP01-DEL02-SC,2020
"311856,0",2020-10-03,sábado,09:20:00,SC,101,"360,9",SANGAO,Pista Escorregadia,Colisão com objeto estático,Com Vítimas Feridas,Pleno dia,Crescente,Chuva,Dupla,Curva,Não,2,0,1,0,1,0,1,1,-28.65823109,-49.10991486,SPRF-SC,DEL02-SC,UOP01-DEL02-SC,2020
"311881,0",2020-10-03,sábado,12:10:00,SC,280,"125,0",RIO NEGRINHO,Falta de Atenção à Condução,Colisão transversal,Com Vítimas Feridas,Pleno dia,Crescente,Nublado,Simples,Reta,Sim,2,0,1,0,1,0,1,2,-26.23763684,-49.48434497,SPRF-SC,DEL06-SC,UOP03-DEL06-SC,2020
"311885,0",2020-10-03,sábado,14:00:00,SC,470,"190,0",POUSO REDONDO,Velocidade Incompatível,Colisão frontal,Com Vítimas Feridas,Pleno dia,Decrescente,Chuva,Simples,Curva,Não,4,0,4,0,0,0,4,2,-27.281504,-50.069775,SPRF-SC,DEL04-SC,UOP02-DEL04-SC,2020
"311891,0",2020-10-03,sábado,12:30:00,SC,101,"17,0",GARUVA,Falta de Atenção à Condução,Saída de leito carroçável,Sem Vítimas,Pleno dia,Crescente,Chuva,Dupla,Reta,Não,1,0,0,0,0,1,0,1,-26.12141519,-48.88262078,SPRF-SC,DEL03-SC,UOP01-DEL03-SC,2020
"311920,0",2020-09-02,quarta-feira,07:40:00,SC,101,"212,0",PALHOCA,Desobediência às normas de trânsito pelo condutor,Colisão traseira,Com Vítimas Feridas,Pleno dia,Decrescente,Garoa/Chuvisco,Dupla,Reta,Sim,3,0,0,1,2,0,1,3,-27.62996929,-48.65903871,SPRF-SC,DEL01-SC,UOP02-DEL01-SC,2020
"311925,0",2020-10-03,sábado,12:40:00,SC,282,"343,8",CAMPOS NOVOS,Ingestão de Álcool,Colisão traseira,Sem Vítimas,Pleno dia,Crescente,Nublado,Simples,Reta,Sim,2,0,0,0,2,0,0,2,-27.387402,-51.232861,SPRF-SC,DEL07-SC,UOP06-DEL07-SC,2020
"311931,0",2020-10-03,sábado,17:45:00,SC,101,"203,0",SAO JOSE,Desobediência às normas de trânsito pelo condutor,Colisão com objeto estático,Com Vítimas Feridas,Anoitecer,Crescente,Chuva,Simples,Reta,Sim,4,0,3,1,0,0,4,1,-27.5650044,-48.61460082,SPRF-SC,DEL01-SC,UOP01-DEL01-SC,2020
"311956,0",2020-10-03,sábado,17:40:00,SC,101,"201,3",SAO JOSE,Desobediência às normas de trânsito pelo condutor,Colisão transversal,Com Vítimas Feridas,Plena Noite,Crescente,Chuva,Múltipla,Interseção de Vias,Sim,2,0,1,0,0,1,1,2,-27.54836599,-48.61977975,SPRF-SC,DEL01-SC,UOP01-DEL01-SC,2020
"311969,0",2020-10-03,sábado,18:00:00,SC,101,"1,0",GARUVA,Ingestão de Álcool,Engavetamento,Sem Vítimas,Anoitecer,Crescente,Chuva,Múltipla,Reta,Não,3,0,0,0,3,0,0,3,-25.98895627,-48.88356133,SPRF-SC,DEL03-SC,UOP01-DEL03-SC,2020
"311976,0",2020-10-03,sábado,21:00:00,SC,280,"43,3",GUARAMIRIM,Velocidade Incompatível,Colisão traseira,Com Vítimas Feridas,Plena Noite,Decrescente,Chuva,Simples,Reta,Sim,4,0,2,0,2,0,2,2,-26.45118786,-48.87789901,SPRF-SC,DEL03-SC,UOP03-DEL03-SC,2020
"311978,0",2020-10-03,sábado,19:15:00,SC,101,"40,0",JOINVILLE,Velocidade Incompatível,Capotamento,Com Vítimas Feridas,Plena Noite,Decrescente,Chuva,Dupla,Curva,Sim,1,0,0,1,0,0,1,1,-26.31537265,-48.87332439,SPRF-SC,DEL03-SC,UOP01-DEL03-SC,2020
"311989,0",2020-10-03,sábado,21:20:00,SC,101,"214,0",PALHOCA,Ingestão de Álcool,Colisão transversal,Sem Vítimas,Plena Noite,Crescente,Nublado,Múltipla,Interseção de Vias,Sim,2,0,0,0,2,0,0,2,-27.64955789,-48.67455125,SPRF-SC,DEL01-SC,UOP02-DEL01-SC,2020
"312003,0",2020-10-03,sábado,20:45:00,SC,101,"24,7",JOINVILLE,Falta de Atenção à Condução,Colisão com objeto estático,Com Vítimas Feridas,Plena Noite,Crescente,Chuva,Simples,Interseção de Vias,Sim,3,0,1,0,2,0,1,2,-26.17483309,-48.90767978,SPRF-SC,DEL03-SC,UOP01-DEL03-SC,2020
"312011,0",2020-10-03,sábado,23:00:00,SC,116,"11,0",MAFRA,Defeito Mecânico no Veículo,Incêndio,Sem Vítimas,Plena Noite,Crescente,Garoa/Chuvisco,Simples,Reta,Não,1,0,0,0,1,0,0,1,-26.17627262,-49.8580203,SPRF-SC,DEL06-SC,UOP01-DEL06-SC,2020
"312015,0",2020-10-03,sábado,21:45:00,SC,280,"25,2",ARAQUARI,Desobediência às normas de trânsito pelo condutor,Colisão traseira,Com Vítimas Feridas,Plena Noite,Decrescente,Garoa/Chuvisco,Simples,Reta,Sim,2,0,1,0,1,0,1,2,-26.38352781,-48.72677516,SPRF-SC,DEL03-SC,UOP03-DEL03-SC,2020
"312072,0",2020-10-04,domingo,07:05:00,SC,101,"60,5",ARAQUARI,Falta de Atenção à Condução,Saída de leito carroçável,Com Vítimas Feridas,Pleno dia,Crescente,Garoa/Chuvisco,Dupla,Reta,Não,1,0,1,0,0,0,1,1,-26.45072823,-48.78570317,SPRF-SC,DEL03-SC,UOP02-DEL03-SC,2020
"312120,0",2020-10-04,domingo,11:45:00,SC,101,"58,0",ARAQUARI,Pista Escorregadia,Capotamento,Com Vítimas Feridas,Pleno dia,Decrescente,Chuva,Dupla,Curva,Não,1,0,1,0,0,0,1,1,-26.44025049,-48.80129043,SPRF-SC,DEL03-SC,UOP02-DEL03-SC,2020
"312122,0",2020-10-04,domingo,11:05:00,SC,101,"316,0",PESCARIA BRAVA,Falta de Atenção à Condução,Colisão com objeto estático,Com Vítimas Feridas,Pleno dia,Crescente,Chuva,Dupla,Declive;Curva,Sim,1,0,1,0,0,0,1,1,-28.42535935,-48.85762274,SPRF-SC,DEL02-SC,UOP01-DEL02-SC,2020
"312132,0",2020-10-04,domingo,13:20:00,SC,101,"209,9",SAO JOSE,Desobediência às normas de trânsito pelo condutor,Colisão lateral,Com Vítimas Feridas,Pleno dia,Decrescente,Chuva,Dupla,Reta,Sim,2,0,1,0,1,0,1,2,-27.61000542,-48.63895057,SPRF-SC,DEL01-SC,UOP01-DEL01-SC,2020
"312149,0",2020-10-04,domingo,15:30:00,SC,101,"186,0",BIGUACU,Velocidade Incompatível,Saída de leito carroçável,Com Vítimas Feridas,Pleno dia,Crescente,Chuva,Dupla,Curva,Sim,1,0,1,0,0,0,1,1,-27.4341098,-48.62567129,SPRF-SC,DEL01-SC,UOP01-DEL01-SC,2020
"312157,0",2020-10-04,domingo,15:35:00,SC,470,"145,1",RIO DO SUL,Falta de Atenção à Condução,Colisão transversal,Com Vítimas Feridas,Pleno dia,Crescente,Garoa/Chuvisco,Simples,Curva,Não,4,0,1,0,3,0,1,2,-27.237301,-49.682217,SPRF-SC,DEL04-SC,UOP02-DEL04-SC,2020
"312185,0",2020-10-04,domingo,17:40:00,SC,101,"17,0",JOINVILLE,Pista Escorregadia,Saída de leito carroçável,Com Vítimas Feridas,Pleno dia,Decrescente,Chuva,Dupla,Curva,Não,5,0,1,0,4,0,1,1,-26.12141519,-48.88262078,SPRF-SC,DEL03-SC,UOP01-DEL03-SC,2020
"312219,0",2020-10-04,domingo,20:30:00,SC,101,"193,0",BIGUACU,Ingestão de Álcool,Tombamento,Sem Vítimas,Plena Noite,Crescente,Chuva,Simples,Reta,Sim,1,0,0,0,0,1,0,1,-27.489574,-48.655914,SPRF-SC,DEL01-SC,UOP01-DEL01-SC,2020
"312274,0",2020-10-05,segunda-feira,00:20:00,SC,282,"340,5",CAMPOS NOVOS,Velocidade Incompatível,Saída de leito carroçável,Com Vítimas Feridas,Plena Noite,Decrescente,Céu Claro,Simples,Reta,Sim,1,0,1,0,0,0,1,1,-27.388266,-51.203793,SPRF-SC,DEL07-SC,UOP06-DEL07-SC,2020
"312286,0",2020-10-04,domingo,23:50:00,SC,116,"251,5",LAGES,Falta de Atenção do Pedestre,Atropelamento de Pedestre,Com Vítimas Fatais,Plena Noite,Decrescente,Nublado,Simples,Reta,Não,2,1,1,0,0,0,1,2,-27.84939758,-50.380404,SPRF-SC,DEL05-SC,UOP02-DEL05-SC,2020
"312309,0",2020-10-05,segunda-feira,07:10:00,SC,470,"45,0",BLUMENAU,Defeito na Via,Tombamento,Com Vítimas Feridas,Pleno dia,Decrescente,Nublado,Simples,Interseção de Vias,Não,1,0,1,0,0,0,1,1,-26.859823,-49.055393,SPRF-SC,DEL04-SC,UOP01-DEL04-SC,2020
"312324,0",2020-10-04,domingo,11:50:00,SC,101,"100,9",BALNEARIO PICARRAS,Falta de Atenção à Condução,Saída de leito carroçável,Sem Vítimas,Plena Noite,Crescente,Garoa/Chuvisco,Dupla,Declive,Sim,1,0,0,0,1,0,0,1,-26.75482787,-48.68993675,SPRF-SC,DEL03-SC,UOP02-DEL03-SC,2020
"312325,0",2020-10-05,segunda-feira,07:30:00,SC,101,"216,5",PALHOCA,Falta de Atenção à Condução,Colisão traseira,Com Vítimas Feridas,Pleno dia,Decrescente,Chuva,Dupla,Viaduto,Não,2,0,1,0,1,0,1,2,-27.65981409,-48.67747798,SPRF-SC,DEL01-SC,UOP02-DEL01-SC,2020
"312340,0",2020-10-05,segunda-feira,09:25:00,SC,101,"191,0",BIGUACU,Velocidade Incompatível,Saída de leito carroçável,Com Vítimas Feridas,Pleno dia,Crescente,Chuva,Dupla,Curva,Não,1,0,1,0,0,0,1,1,-27.47730273,-48.64127329,SPRF-SC,DEL01-SC,UOP01-DEL01-SC,2020
"312349,0",2020-10-05,segunda-feira,09:20:00,SC,101,"138,0",BALNEARIO CAMBORIU,Falta de Atenção à Condução,Colisão com objeto estático,Com Vítimas Feridas,Pleno dia,Decrescente,Chuva,Dupla,Reta,Sim,1,0,1,0,0,0,1,1,-27.02397426,-48.60761649,SPRF-SC,DEL04-SC,UOP03-DEL04-SC,2020
"312353,0",2020-10-05,segunda-feira,10:30:00,SC,101,"192,0",BIGUACU,Defeito Mecânico no Veículo,Colisão com objeto estático,Com Vítimas Feridas,Pleno dia,Crescente,Garoa/Chuvisco,Dupla,Curva,Sim,1,0,1,0,0,0,1,1,-27.48443781,-48.64765238,SPRF-SC,DEL01-SC,UOP01-DEL01-SC,2020
"312356,0",2020-10-05,segunda-feira,07:40:00,SC,470,"141,3",RIO DO SUL,Falta de Atenção à Condução,Tombamento,Com Vítimas Feridas,Pleno dia,Decrescente,Nublado,Simples,Curva,Sim,1,0,0,1,0,0,1,1,-27.21055658,-49.65164781,SPRF-SC,DEL04-SC,UOP02-DEL04-SC,2020
"312395,0",2020-10-05,segunda-feira,09:40:00,SC,282,"39,0",AGUAS MORNAS,Velocidade Incompatível,Saída de leito carroçável,Com Vítimas Feridas,Pleno dia,Crescente,Chuva,Simples,Curva,Sim,3,0,3,0,0,0,3,1,-27.7130047,-48.85729551,SPRF-SC,DEL01-SC,UOP03-DEL01-SC,2020
"312416,0",2020-10-05,segunda-feira,15:40:00,SC,470,"33,0",GASPAR,Falta de Atenção à Condução,Tombamento,Com Vítimas Feridas,Pleno dia,Crescente,Céu Claro,Dupla,Reta,Sim,1,0,1,0,0,0,1,1,-26.906223,-48.940575,SPRF-SC,DEL04-SC,UOP01-DEL04-SC,2020
"312449,0",2020-10-05,segunda-feira,19:30:00,SC,282,"393,7",JOACABA,Defeito Mecânico no Veículo,Colisão frontal,Com Vítimas Feridas,Plena Noite,Decrescente,Céu Claro,Simples,Curva;Declive,Não,5,0,3,1,1,0,4,2,-27.160221,-51.573895,SPRF-SC,DEL07-SC,UOP05-DEL07-SC,2020
"312465,0",2020-10-05,segunda-feira,22:15:00,SC,101,"107,0",PENHA,Ingestão de álcool e/ou substâncias psicoativas pelo pedestre,Colisão com objeto estático,Com Vítimas Feridas,Plena Noite,Crescente,Nublado,Dupla,Curva,Não,1,0,0,1,0,0,1,1,-26.81930608,-48.68390282,SPRF-SC,DEL03-SC,UOP02-DEL03-SC,2020
"312470,0",2020-10-05,segunda-feira,23:40:00,SC,101,"40,0",JOINVILLE,Desobediência às normas de trânsito pelo condutor,Colisão traseira,Com Vítimas Feridas,Plena Noite,Decrescente,Céu Claro,Dupla,Interseção de Vias,Sim,2,0,1,0,1,0,1,2,-26.30387979,-48.8822937,SPRF-SC,DEL03-SC,UOP01-DEL03-SC,2020
"312471,0",2020-10-05,segunda-feira,23:30:00,SC,282,"574,3",PINHALZINHO,Sinalização da via insuficiente ou inadequada,Saída de leito carroçável,Com Vítimas Feridas,Plena Noite,Decrescente,Céu Claro,Simples,Em Obras;Rotatória,Não,1,0,1,0,0,0,1,1,-26.867399,-52.965149,SPRF-SC,DEL07-SC,UOP02-DEL07-SC,2020
"312513,0",2020-10-06,terça-feira,08:35:00,SC,101,"212,8",PALHOCA,Desobediência às normas de trânsito pelo condutor,Colisão lateral,Com Vítimas Feridas,Pleno dia,Decrescente,Nublado,Múltipla,Reta,Sim,3,0,1,1,1,0,2,3,-27.62996929,-48.65903871,SPRF-SC,DEL01-SC,UOP02-DEL01-SC,2020
"312523,0",2020-10-06,terça-feira,09:00:00,SC,101,"142,0",BALNEARIO CAMBORIU,Falta de Atenção à Condução,Colisão lateral,Com Vítimas Feridas,Pleno dia,Crescente,Nublado,Dupla,Curva,Sim,2,0,1,0,1,0,1,2,-27.056089,-48.599449,SPRF-SC,DEL04-SC,UOP03-DEL04-SC,2020
"312528,0",2020-10-06,terça-feira,09:55:00,SC,101,"202,4",SAO JOSE,Falta de Atenção à Condução,Colisão lateral,Com Vítimas Feridas,Pleno dia,Crescente,Nublado,Dupla,Reta,Sim,2,0,1,0,1,0,1,2,-27.55711595,-48.61897889,SPRF-SC,DEL01-SC,UOP01-DEL01-SC,2020
"312538,0",2020-10-06,terça-feira,08:50:00,SC,470,"129,0",LONTRAS,Defeito Mecânico no Veículo,Tombamento,Com Vítimas Feridas,Pleno dia,Decrescente,Nublado,Simples,Curva,Não,2,0,2,0,0,0,2,1,-27.148499,-49.556137,SPRF-SC,DEL04-SC,UOP02-DEL04-SC,2020
"312567,0",2020-10-06,terça-feira,14:25:00,SC,470,"45,0",BLUMENAU,Desobediência às normas de trânsito pelo condutor,Colisão lateral,Com Vítimas Feridas,Pleno dia,Decrescente,Nublado,Simples,Reta,Sim,2,0,1,0,1,0,1,2,-26.860388,-49.037617,SPRF-SC,DEL04-SC,UOP01-DEL04-SC,2020
"312581,0",2020-10-06,terça-feira,15:50:00,SC,101,"371,0",ICARA,Condutor Dormindo,Colisão com objeto estático,Com Vítimas Feridas,Pleno dia,Decrescente,Céu Claro,Dupla,Reta,Não,3,0,1,1,1,0,2,1,-28.70403682,-49.2008731,SPRF-SC,DEL02-SC,UOP01-DEL02-SC,2020
"312587,0",2020-10-06,terça-feira,16:40:00,SC,101,"182,0",BIGUACU,Desobediência às normas de trânsito pelo condutor,Colisão transversal,Com Vítimas Feridas,Pleno dia,Decrescente,Céu Claro,Múltipla,Viaduto,Não,2,0,0,1,1,0,1,2,-27.40146192,-48.62923265,SPRF-SC,DEL01-SC,UOP01-DEL01-SC,2020
"312588,0",2020-10-06,terça-feira,15:30:00,SC,282,"225,0",LAGES,Ingestão de Álcool,Colisão lateral,Sem Vítimas,Pleno dia,Crescente,Céu Claro,Simples,Curva,Sim,2,0,0,0,2,0,0,2,-27.794176,-50.379559,SPRF-SC,DEL05-SC,UOP02-DEL05-SC,2020
"312630,0",2020-10-06,terça-feira,18:10:00,SC,280,"81,0",CORUPA,Falta de Atenção à Condução,Colisão transversal,Com Vítimas Feridas,Plena Noite,Decrescente,Garoa/Chuvisco,Simples,Reta,Não,2,0,1,0,1,0,1,2,-26.44057489,-49.217056,SPRF-SC,DEL06-SC,UOP03-DEL06-SC,2020
"312638,0",2020-10-06,terça-feira,21:00:00,SC,101,"236,0",PALHOCA,Ingestão de Substâncias Psicoativas,Saída de leito carroçável,Sem Vítimas,Plena Noite,Crescente,Céu Claro,Simples,Curva,Não,1,0,0,0,1,0,0,1,-27.82629382,-48.63034842,SPRF-SC,DEL01-SC,UOP02-DEL01-SC,2020
"312654,0",2020-10-07,quarta-feira,01:55:00,SC,101,"210,0",SAO JOSE,Ingestão de Álcool,Saída de leito carroçável,Sem Vítimas,Plena Noite,Decrescente,Céu Claro,Múltipla,Reta,Sim,1,0,0,0,1,0,0,1,-27.61702732,-48.64553511,SPRF-SC,DEL01-SC,UOP01-DEL01-SC,2020
"312664,0",2020-10-07,quarta-feira,06:25:00,SC,470,"57,0",BLUMENAU,Desobediência às normas de trânsito pelo condutor,Colisão transversal,Com Vítimas Feridas,Pleno dia,Crescente,Céu Claro,Simples,Interseção de Vias,Não,2,0,1,0,1,0,1,2,-26.880428,-49.136532,SPRF-SC,DEL04-SC,UOP01-DEL04-SC,2020
"312667,0",2020-10-07,quarta-feira,06:45:00,SC,282,"1,9",FLORIANOPOLIS,Defeito na Via,Queda de ocupante de veículo,Com Vítimas Feridas,Pleno dia,Decrescente,Sol,Dupla,Reta,Sim,1,0,1,0,0,0,1,1,-27.602955,-48.580509,SPRF-SC,DEL01-SC,UOP01-DEL01-SC,2020
"312687,0",2020-10-07,quarta-feira,08:50:00,SC,101,"205,0",SAO JOSE,Desobediência às normas de trânsito pelo condutor,Colisão lateral,Com Vítimas Feridas,Pleno dia,Decrescente,Céu Claro,Múltipla,Reta,Sim,2,0,0,1,0,1,1,2,-27.58313237,-48.61532885,SPRF-SC,DEL01-SC,UOP01-DEL01-SC,2020
"312692,0",2020-10-07,quarta-feira,06:58:00,SC,470,"53,7",BLUMENAU,Falta de Atenção à Condução,Colisão transversal,Com Vítimas Feridas,Pleno dia,Crescente,Céu Claro,Simples,Curva,Não,2,0,1,0,1,0,1,2,-26.867121,-49.102066,SPRF-SC,DEL04-SC,UOP01-DEL04-SC,2020
"312712,0",2020-10-07,quarta-feira,12:00:00,SC,101,"449,2",SANTA ROSA DO SUL,Desobediência às normas de trânsito pelo condutor,Colisão transversal,Com Vítimas Feridas,Pleno dia,Crescente,Nublado,Simples,Interseção de Vias,Sim,2,0,1,0,1,0,1,2,-29.16497725,-49.74303669,SPRF-SC,DEL02-SC,UOP02-DEL02-SC,2020
"312713,0",2020-10-07,quarta-feira,12:10:00,SC,101,"210,8",SAO JOSE,Falta de Atenção à Condução,Colisão traseira,Com Vítimas Feridas,Pleno dia,Crescente,Céu Claro,Múltipla,Interseção de Vias,Sim,2,0,0,1,1,0,1,2,-27.6199881,-48.64925265,SPRF-SC,DEL01-SC,UOP01-DEL01-SC,2020
"312718,0",2020-10-07,quarta-feira,12:10:00,SC,280,"127,0",RIO NEGRINHO,Pista Escorregadia,Tombamento,Com Vítimas Feridas,Pleno dia,Crescente,Céu Claro,Simples,Rotatória,Sim,2,0,2,0,0,0,2,2,-26.23943953,-49.50420708,SPRF-SC,DEL06-SC,UOP03-DEL06-SC,2020
"312729,0",2020-10-07,quarta-feira,13:45:00,SC,470,"57,6",BLUMENAU,Falta de Atenção à Condução,Colisão transversal,Com Vítimas Feridas,Pleno dia,Crescente,Céu Claro,Simples,Rotatória,Não,2,0,1,0,1,0,1,2,-26.880428,-49.136532,SPRF-SC,DEL04-SC,UOP01-DEL04-SC,2020
"312740,0",2020-10-07,quarta-feira,14:45:00,SC,470,"48,2",BLUMENAU,Falta de Atenção à Condução,Colisão traseira,Com Vítimas Feridas,Pleno dia,Decrescente,Céu Claro,Dupla,Reta,Não,2,0,1,0,1,0,1,2,-26.859823,-49.055393,SPRF-SC,DEL04-SC,UOP01-DEL04-SC,2020
"312745,0",2020-10-07,quarta-feira,14:40:00,SC,282,"578,0",PINHALZINHO,Falta de Atenção à Condução,Colisão transversal,Com Vítimas Feridas,Pleno dia,Decrescente,Céu Claro,Simples,Rotatória,Não,2,0,1,0,1,0,1,2,-26.838364,-52.985279,SPRF-SC,DEL07-SC,UOP02-DEL07-SC,2020
"312825,0",2020-10-07,quarta-feira,23:00:00,SC,470,"11,5",NAVEGANTES,Ingestão de Álcool,Colisão traseira,Sem Vítimas,Plena Noite,Decrescente,Céu Claro,Simples,Reta,Não,3,0,0,0,2,1,0,3,-26.834309,-48.747269,SPRF-SC,DEL04-SC,UOP04-DEL04-SC,2020
"312882,0",2020-10-08,quinta-feira,08:30:00,SC,101,"205,0",SAO JOSE,Defeito Mecânico no Veículo,Colisão lateral,Com Vítimas Feridas,Pleno dia,Decrescente,Nublado,Múltipla,Reta,Sim,2,0,1,0,1,0,1,2,-27.58313237,-48.61532885,SPRF-SC,DEL01-SC,UOP01-DEL01-SC,2020