id,data_inversa,dia_semana,horario,uf,br,km,municipio,causa_acidente,tipo_acidente,classificacao_acidente,fase_dia,sentido_via,condicao_metereologica,tipo_pista,tracado_via,uso_solo,pessoas,mortos,feridos_leves,feridos_graves,ilesos,ignorados,feridos,veiculos,latitude,longitude,regional,delegacia,uop,ano_arquivo
"312885,0",2020-10-08,quinta-feira,07:30:00,SC,280,"109,0",SAO BENTO DO SUL,Falta de Atenção à Condução,Colisão frontal,Com Vítimas Feridas,Pleno dia,Crescente,Céu Claro,Simples,Curva,Não,4,0,2,0,2,0,2,2,-26.327628,-49.382239,SPRF-SC,DEL06-SC,UOP03-DEL06-SC,2020
"312910,0",2020-10-08,quinta-feira,10:10:00,SC,280,"35,6",GUARAMIRIM,Desobediência às normas de trânsito pelo condutor,Colisão frontal,Com Vítimas Feridas,Pleno dia,Decrescente,Chuva,Simples,Reta,Não,3,0,1,0,2,0,1,2,-26.43754952,-48.80607605,SPRF-SC,DEL03-SC,UOP03-DEL03-SC,2020
"312912,0",2020-10-08,quinta-feira,10:40:00,SC,101,"211,9",PALHOCA,Velocidade Incompatível,Colisão lateral,Com Vítimas Feridas,Pleno dia,Crescente,Céu Claro,Múltipla,Reta,Não,1,0,0,1,0,0,1,1,-27.62329313,-48.65245588,SPRF-SC,DEL01-SC,UOP02-DEL01-SC,2020
"312922,0",2020-10-08,quinta-feira,12:00:00,SC,101,"196,5",BIGUACU,Ingestão de Álcool,Colisão lateral,Sem Vítimas,Pleno dia,Crescente,Nublado,Dupla,Curva;Aclive,Sim,2,0,0,0,2,0,0,2,-27.51101091,-48.64322292,SPRF-SC,DEL01-SC,UOP01-DEL01-SC,2020
"312933,0",2020-10-08,quinta-feira,12:45:00,SC,282,"389,9",JOACABA,Desobediência às normas de trânsito pelo condutor,Colisão transversal,Com Vítimas Feridas,Pleno dia,Crescente,Céu Claro,Simples,Rotatória,Não,3,0,1,0,2,0,1,2,-27.178604,-51.541367,SPRF-SC,DEL07-SC,UOP05-DEL07-SC,2020
"312947,0",2020-10-08,quinta-feira,15:15:00,SC,101,"216,0",PALHOCA,Falta de Atenção à Condução,Colisão traseira,Com Vítimas Feridas,Pleno dia,Crescente,Nublado,Dupla,Reta,Sim,2,0,1,0,1,0,1,2,-27.65981409,-48.67747798,SPRF-SC,DEL01-SC,UOP02-DEL01-SC,2020
"312957,0",2020-10-08,quinta-feira,15:30:00,SC,470,"145,1",RIO DO SUL,Falta de Atenção à Condução,Colisão transversal,Com Vítimas Feridas,Pleno dia,Decrescente,Nublado,Simples,Curva,Sim,4,0,1,0,3,0,1,2,-27.23312083,-49.67269074,SPRF-SC,DEL04-SC,UOP02-DEL04-SC,2020
"312965,0",2020-10-08,quinta-feira,17:10:00,SC,101,"185,0",BIGUACU,Defeito Mecânico no Veículo,Tombamento,Com Vítimas Feridas,Pleno dia,Decrescente,Nublado,Dupla,Reta,Não,2,0,2,0,0,0,2,1,-27.42536698,-48.62465876,SPRF-SC,DEL01-SC,UOP01-DEL01-SC,2020
"312966,0",2020-10-08,quinta-feira,17:50:00,SC,101,"207,0",SAO JOSE,Falta de Atenção à Condução,Colisão lateral,Com Vítimas Feridas,Anoitecer,Crescente,Nublado,Múltipla,Curva;Aclive,Sim,3,0,1,0,2,0,1,3,-27.60001226,-48.6226467,SPRF-SC,DEL01-SC,UOP01-DEL01-SC,2020
"312974,0",2020-10-08,quinta-feira,18:00:00,SC,101,"116,0",ITAJAI,Não guardar distância de segurança,Engavetamento,Sem Vítimas,Anoitecer,Crescente,Chuva,Dupla,Reta,Não,4,0,0,0,4,0,0,4,-26.87905605,-48.72603512,SPRF-SC,DEL04-SC,UOP04-DEL04-SC,2020
"312975,0",2020-10-08,quinta-feira,08:15:00,SC,116,"220,9",CORREIA PINTO,Velocidade Incompatível,Colisão lateral,Com Vítimas Feridas,Pleno dia,Decrescente,Nublado,Simples,Curva,Não,3,0,2,0,1,0,2,2,-27.59407113,-50.35943985,SPRF-SC,DEL05-SC,UOP03-DEL05-SC,2020
"312979,0",2020-10-08,quinta-feira,17:30:00,SC,116,"219,2",CORREIA PINTO,Falta de Atenção à Condução,Saída de leito carroçável,Com Vítimas Feridas,Pleno dia,Crescente,Nublado,Simples,Rotatória,Sim,1,0,1,0,0,0,1,1,-27.57012897,-50.37318791,SPRF-SC,DEL05-SC,UOP03-DEL05-SC,2020
"312987,0",2020-10-08,quinta-feira,19:00:00,SC,470,"143,7",RIO DO SUL,Ingestão de Álcool,Tombamento,Com Vítimas Feridas,Plena Noite,Crescente,Chuva,Simples,Reta,Sim,1,0,1,0,0,0,1,1,-27.233143,-49.672886,SPRF-SC,DEL04-SC,UOP02-DEL04-SC,2020
"313042,0",2020-10-09,sexta-feira,01:10:00,SC,101,"271,5",IMBITUBA,Restrição de Visibilidade,Colisão traseira,Com Vítimas Feridas,Plena Noite,Decrescente,Garoa/Chuvisco,Dupla,Reta,Não,3,0,0,2,1,0,2,2,-28.11780197,-48.69928995,SPRF-SC,DEL02-SC,UOP03-DEL02-SC,2020
"313045,0",2020-10-09,sexta-feira,01:40:00,SC,101,"207,0",SAO JOSE,Ingestão de Álcool,Colisão traseira,Sem Vítimas,Plena Noite,Crescente,Céu Claro,Dupla,Reta,Sim,2,0,0,0,2,0,0,2,-27.60001226,-48.6226467,SPRF-SC,DEL01-SC,UOP01-DEL01-SC,2020
"313053,0",2020-10-09,sexta-feira,02:55:00,SC,470,"108,0",APIUNA,Desobediência às normas de trânsito pelo condutor,Colisão lateral,Com Vítimas Feridas,Plena Noite,Crescente,Garoa/Chuvisco,Simples,Reta,Não,4,0,1,0,2,1,1,3,-27.080708,-49.440491,SPRF-SC,DEL04-SC,UOP02-DEL04-SC,2020
"313067,0",2020-10-09,sexta-feira,06:30:00,SC,470,"102,5",APIUNA,Desobediência às normas de trânsito pelo condutor,Colisão frontal,Com Vítimas Feridas,Pleno dia,Crescente,Nublado,Simples,Reta,Sim,4,0,2,0,2,0,2,2,-27.060822,-49.392761,SPRF-SC,DEL04-SC,UOP02-DEL04-SC,2020
"313078,0",2020-10-09,sexta-feira,07:30:00,SC,101,"215,0",PALHOCA,Não guardar distância de segurança,Colisão traseira,Com Vítimas Feridas,Pleno dia,Decrescente,Nublado,Dupla,Reta,Sim,2,0,1,0,1,0,1,2,-27.65184843,-48.67604941,SPRF-SC,DEL01-SC,UOP02-DEL01-SC,2020
"313123,0",2020-10-09,sexta-feira,12:15:00,SC,101,"201,5",SAO JOSE,Falta de Atenção à Condução,Colisão lateral,Com Vítimas Feridas,Pleno dia,Crescente,Garoa/Chuvisco,Dupla,Reta,Sim,3,0,0,1,2,0,1,3,-27.54836599,-48.61977975,SPRF-SC,DEL01-SC,UOP01-DEL01-SC,2020
"313129,0",2020-10-09,sexta-feira,12:10:00,SC,101,"134,0",BALNEARIO CAMBORIU,Falta de Atenção à Condução,Colisão transversal,Com Vítimas Feridas,Pleno dia,Crescente,Céu Claro,Dupla,Reta,Sim,2,0,1,0,1,0,1,2,-27.00218,-48.636433,SPRF-SC,DEL04-SC,UOP03-DEL04-SC,2020
"313135,0",2020-10-05,segunda-feira,07:30:00,SC,470,"54,0",BLUMENAU,Desobediência às normas de trânsito pelo condutor,Colisão traseira,Com Vítimas Feridas,Pleno dia,Crescente,Garoa/Chuvisco,Simples,Ponte,Sim,1,0,1,0,0,0,1,1,-26.871065,-49.110374,SPRF-SC,DEL04-SC,UOP01-DEL04-SC,2020
"313148,0",2020-10-09,sexta-feira,13:50:00,SC,101,"213,1",PALHOCA,Não guardar distância de segurança,Colisão lateral,Com Vítimas Feridas,Pleno dia,Decrescente,Chuva,Múltipla,Reta,Sim,2,0,1,0,1,0,1,2,-27.64443,-48.67057,SPRF-SC,DEL01-SC,UOP02-DEL01-SC,2020
"313182,0",2020-10-09,sexta-feira,16:00:00,SC,470,"135,5",RIO DO SUL,Desobediência às normas de trânsito pelo condutor,Colisão transversal,Com Vítimas Feridas,Pleno dia,Crescente,Chuva,Simples,Interseção de Vias,Não,2,0,1,0,1,0,1,2,-27.188492,-49.61232,SPRF-SC,DEL04-SC,UOP02-DEL04-SC,2020
"313186,0",2020-10-09,sexta-feira,15:00:00,SC,282,"145,0",BOM RETIRO,Falta de Atenção à Condução,Saída de leito carroçável,Com Vítimas Feridas,Pleno dia,Crescente,Chuva,Simples,Curva,Não,4,0,3,1,0,0,4,1,-27.802912,-49.632038,SPRF-SC,DEL05-SC,UOP01-DEL05-SC,2020
"313211,0",2020-10-09,sexta-feira,17:00:00,SC,470,"66,9",INDAIAL,Desobediência às normas de trânsito pelo condutor,Colisão lateral,Com Vítimas Feridas,Pleno dia,Decrescente,Chuva,Simples,Reta,Não,2,0,1,0,1,0,1,2,-26.870407,-49.221844,SPRF-SC,DEL04-SC,UOP01-DEL04-SC,2020
"313214,0",2020-10-09,sexta-feira,18:10:00,SC,101,"116,0",ITAJAI,Desobediência às normas de trânsito pelo condutor,Colisão traseira,Com Vítimas Feridas,Anoitecer,Crescente,Garoa/Chuvisco,Dupla,Reta,Sim,2,0,1,0,1,0,1,2,-26.87905605,-48.72603512,SPRF-SC,DEL04-SC,UOP04-DEL04-SC,2020
"313254,0",2020-10-09,sexta-feira,20:15:00,SC,101,"213,2",PALHOCA,Falta de Atenção à Condução,Colisão traseira,Com Vítimas Feridas,Plena Noite,Decrescente,Chuva,Múltipla,Reta,Sim,2,0,1,0,1,0,1,2,-27.63697369,-48.66514142,SPRF-SC,DEL01-SC,UOP02-DEL01-SC,2020
"313267,0",2020-10-09,sexta-feira,19:55:00,SC,101,"129,3",BALNEARIO CAMBORIU,Falta de Atenção à Condução,Colisão lateral,Com Vítimas Feridas,Plena Noite,Crescente,Nublado,Dupla,Reta,Sim,2,0,0,1,1,0,1,2,-26.98064277,-48.6790679,SPRF-SC,DEL04-SC,UOP03-DEL04-SC,2020
"313275,0",2020-10-09,sexta-feira,20:45:00,SC,101,"80,9",BARRA VELHA,Falta de Atenção à Condução,Colisão traseira,Sem Vítimas,Plena Noite,Crescente,Chuva,Dupla,Aclive;Reta,Não,3,0,0,0,3,0,0,3,-26.60240131,-48.72554541,SPRF-SC,DEL03-SC,UOP02-DEL03-SC,2020
"313293,0",2020-10-09,sexta-feira,22:15:00,SC,470,"173,0",POUSO REDONDO,Ingestão de Álcool,Colisão lateral,Com Vítimas Feridas,Plena Noite,Crescente,Céu Claro,Simples,Reta,Não,2,0,1,0,0,1,1,2,-27.25984,-49.919285,SPRF-SC,DEL04-SC,UOP02-DEL04-SC,2020
"313295,0",2020-10-09,sexta-feira,20:55:00,SC,282,"596,4",CUNHA PORA,Desobediência às normas de trânsito pelo condutor,Colisão frontal,Com Vítimas Feridas,Plena Noite,Crescente,Nevoeiro/Neblina,Simples,Aclive;Reta,Não,5,0,2,0,0,3,2,3,-26.82962,-53.133655,SPRF-SC,DEL07-SC,UOP02-DEL07-SC,2020
"313301,0",2020-10-10,sábado,00:00:00,SC,470,"52,2",BLUMENAU,Falta de Atenção à Condução,Colisão transversal,Com Vítimas Feridas,Plena Noite,Crescente,Nublado,Simples,Rotatória,Sim,3,0,1,0,2,0,1,2,-26.862286,-49.093903,SPRF-SC,DEL04-SC,UOP01-DEL04-SC,2020
"313309,0",2020-10-09,sexta-feira,22:40:00,SC,282,"27,0",SANTO AMARO DA IMPERATRIZ,Falta de Atenção à Condução,Colisão transversal,Com Vítimas Feridas,Plena Noite,Crescente,Nublado,Simples,Reta,Não,2,0,0,1,1,0,1,2,-27.673981,-48.769676,SPRF-SC,DEL01-SC,UOP03-DEL01-SC,2020
"313314,0",2020-10-10,sábado,00:30:00,SC,101,"194,0",BIGUACU,Falta de Atenção à Condução,Tombamento,Com Vítimas Feridas,Plena Noite,Crescente,Nublado,Dupla,Reta,Sim,1,0,1,0,0,0,1,1,-27.49815117,-48.65661236,SPRF-SC,DEL01-SC,UOP01-DEL01-SC,2020
"313341,0",2020-10-10,sábado,03:30:00,SC,470,"160,7",POUSO REDONDO,Velocidade Incompatível,Capotamento,Sem Vítimas,Plena Noite,Crescente,Nevoeiro/Neblina,Simples,Curva,Não,1,0,0,0,0,1,0,1,-27.286278,-49.798035,SPRF-SC,DEL04-SC,UOP02-DEL04-SC,2020
"313349,0",2020-10-10,sábado,04:10:00,SC,163,"68,5",SAO MIGUEL DO OESTE,Condutor Dormindo,Colisão com objeto estático,Sem Vítimas,Plena Noite,Crescente,Nevoeiro/Neblina,Dupla,Reta,Sim,1,0,0,0,1,0,0,1,-26.74470977,-53.50097179,SPRF-SC,DEL07-SC,UOP03-DEL07-SC,2020
"313350,0",2020-10-10,sábado,04:50:00,SC,101,"180,1",BIGUACU,Defeito Mecânico no Veículo,Incêndio,Sem Vítimas,Plena Noite,Crescente,Céu Claro,Múltipla,Reta,Sim,24,0,0,0,24,0,0,1,-27.3811238,-48.63090648,SPRF-SC,DEL01-SC,UOP01-DEL01-SC,2020
"313398,0",2020-10-10,sábado,09:00:00,SC,101,"214,3",PALHOCA,Desobediência às normas de trânsito pelo condutor,Colisão transversal,Com Vítimas Feridas,Pleno dia,Decrescente,Céu Claro,Simples,Viaduto,Não,5,0,1,0,4,0,1,2,-27.64443,-48.67057,SPRF-SC,DEL01-SC,UOP02-DEL01-SC,2020
"313400,0",2020-10-10,sábado,06:45:00,SC,101,"373,8",ICARA,Ingestão de Álcool,Saída de leito carroçável,Sem Vítimas,Pleno dia,Decrescente,Céu Claro,Dupla,Reta,Não,1,0,0,0,1,0,0,1,-28.7132671,-49.21763596,SPRF-SC,DEL02-SC,UOP01-DEL02-SC,2020
"313419,0",2020-10-10,sábado,10:40:00,SC,101,"214,3",PALHOCA,Desobediência às normas de trânsito pelo condutor,Colisão traseira,Com Vítimas Feridas,Pleno dia,Decrescente,Sol,Múltipla,Reta,Sim,3,0,2,0,1,0,2,2,-27.64443,-48.67057,SPRF-SC,DEL01-SC,UOP02-DEL01-SC,2020
"313443,0",2020-10-10,sábado,12:10:00,SC,101,"318,0",PESCARIA BRAVA,Desobediência às normas de trânsito pelo condutor,Colisão frontal,Com Vítimas Feridas,Pleno dia,Decrescente,Céu Claro,Simples,Interseção de Vias;Reta,Sim,2,0,1,0,1,0,1,2,-28.4266481,-48.86160099,SPRF-SC,DEL02-SC,UOP01-DEL02-SC,2020
"313444,0",2020-10-10,sábado,10:20:00,SC,101,"85,1",BARRA VELHA,Falta de Atenção à Condução,Colisão traseira,Com Vítimas Feridas,Pleno dia,Crescente,Céu Claro,Simples,Reta,Não,3,0,2,0,1,0,2,2,-26.63159698,-48.70415211,SPRF-SC,DEL03-SC,UOP02-DEL03-SC,2020
"313457,0",2020-10-10,sábado,14:00:00,SC,470,"183,0",POUSO REDONDO,Ultrapassagem Indevida,Saída de leito carroçável,Com Vítimas Feridas,Pleno dia,Crescente,Céu Claro,Simples,Reta,Não,2,0,2,0,0,0,2,1,-27.25993,-49.9061,SPRF-SC,DEL04-SC,UOP02-DEL04-SC,2020
"313467,0",2020-10-10,sábado,14:35:00,SC,101,"211,6",PALHOCA,Desobediência às normas de trânsito pelo condutor,Colisão traseira,Com Vítimas Feridas,Pleno dia,Decrescente,Sol,Múltipla,Reta,Sim,4,0,3,0,1,0,3,3,-27.62470485,-48.65351938,SPRF-SC,DEL01-SC,UOP02-DEL01-SC,2020
"313477,0",2020-10-10,sábado,13:00:00,SC,101,"253,0",PAULO LOPES,Ingestão de Álcool,Capotamento,Com Vítimas Feridas,Pleno dia,Decrescente,Nublado,Dupla,Viaduto;Reta,Sim,1,0,0,1,0,0,1,1,-27.96492999,-48.67962057,SPRF-SC,DEL02-SC,UOP03-DEL02-SC,2020
"313479,0",2020-10-10,sábado,14:46:00,SC,116,"250,0",LAGES,Desobediência às normas de trânsito pelo condutor,Colisão lateral,Com Vítimas Feridas,Pleno dia,Crescente,Céu Claro,Simples,Reta,Não,2,0,0,1,1,0,1,2,-27.83626507,-50.38045026,SPRF-SC,DEL05-SC,UOP02-DEL05-SC,2020
"313503,0",2020-10-10,sábado,16:25:00,SC,101,"216,7",PALHOCA,Desobediência às normas de trânsito pelo condutor,Colisão traseira,Sem Vítimas,Pleno dia,Decrescente,Nublado,Múltipla,Reta,Sim,2,0,0,0,0,2,0,2,-27.65981409,-48.67747798,SPRF-SC,DEL01-SC,UOP02-DEL01-SC,2020
"313506,0",2020-10-10,sábado,17:25:00,SC,470,"158,0",TROMBUDO CENTRAL,Velocidade Incompatível,Saída de leito carroçável,Com Vítimas Feridas,Pleno dia,Decrescente,Céu Claro,Simples,Reta;Interseção de Vias;Declive,Sim,2,0,0,2,0,0,2,1,-27.28610914,-49.78317261,SPRF-SC,DEL04-SC,UOP02-DEL04-SC,2020
"313519,0",2020-10-10,sábado,11:30:00,SC,280,"58,0",GUARAMIRIM,Não guardar distância de segurança,Colisão transversal,Com Vítimas Feridas,Pleno dia,Crescente,Céu Claro,Simples,Em Obras,Sim,2,0,0,1,1,0,1,2,-26.47415593,-49.021211,SPRF-SC,DEL03-SC,UOP03-DEL03-SC,2020
"313522,0",2020-10-10,sábado,17:40:00,SC,470,"6,0",NAVEGANTES,Desobediência às normas de trânsito pelo condutor,Colisão lateral,Com Vítimas Feridas,Pleno dia,Decrescente,Céu Claro,Múltipla,Em Obras,Sim,2,0,1,0,1,0,1,2,-26.852238,-48.709545,SPRF-SC,DEL04-SC,UOP04-DEL04-SC,2020
"313530,0",2020-10-10,sábado,16:10:00,SC,282,"56,9",RANCHO QUEIMADO,Velocidade Incompatível,Colisão frontal,Com Vítimas Feridas,Pleno dia,Decrescente,Céu Claro,Simples,Reta,Não,3,0,2,0,1,0,2,2,-27.691633,-48.991375,SPRF-SC,DEL01-SC,UOP03-DEL01-SC,2020
"313593,0",2020-10-10,sábado,18:00:00,SC,101,"108,0",PENHA,Falta de Atenção à Condução,Colisão traseira,Com Vítimas Feridas,Plena Noite,Crescente,Nevoeiro/Neblina,Múltipla,Aclive,Não,2,0,1,0,0,1,1,2,-26.82606902,-48.69052298,SPRF-SC,DEL03-SC,UOP02-DEL03-SC,2020
"313595,0",2020-10-10,sábado,19:55:00,SC,470,"69,0",INDAIAL,Falta de Atenção do Pedestre,Atropelamento de Pedestre,Com Vítimas Feridas,Plena Noite,Crescente,Nublado,Simples,Reta,Não,4,0,3,0,1,0,3,3,-26.883745,-49.246704,SPRF-SC,DEL04-SC,UOP01-DEL04-SC,2020
"313596,0",2020-10-10,sábado,11:20:00,SC,282,"211,5",LAGES,Falta de Atenção à Condução,Colisão transversal,Com Vítimas Feridas,Pleno dia,Crescente,Céu Claro,Simples,Curva,Não,3,0,1,1,1,0,2,2,-27.780222,-50.241741,SPRF-SC,DEL05-SC,UOP01-DEL05-SC,2020
"313612,0",2020-10-10,sábado,13:24:00,SC,282,"220,7",LAGES,Falta de Atenção à Condução,Saída de leito carroçável,Com Vítimas Feridas,Pleno dia,Decrescente,Céu Claro,Simples,Reta,Sim,1,0,1,0,0,0,1,1,-27.794014,-50.33363,SPRF-SC,DEL05-SC,UOP01-DEL05-SC,2020
"313675,0",2020-10-10,sábado,21:00:00,SC,101,"216,3",PALHOCA,Animais na Pista,Tombamento,Com Vítimas Feridas,Plena Noite,Decrescente,Nublado,Múltipla,Viaduto,Sim,1,0,0,1,0,0,1,1,-27.65981409,-48.67747798,SPRF-SC,DEL01-SC,UOP02-DEL01-SC,2020
"313676,0",2020-10-10,sábado,12:35:00,SC,116,"225,0",CORREIA PINTO,Falta de Atenção à Condução,Tombamento,Com Vítimas Feridas,Pleno dia,Crescente,Céu Claro,Simples,Reta,Não,1,0,1,0,0,0,1,1,-27.61850811,-50.34537224,SPRF-SC,DEL05-SC,UOP03-DEL05-SC,2020
"313677,0",2020-10-10,sábado,20:20:00,SC,101,"215,0",PALHOCA,Ingestão de Álcool,Colisão com objeto estático,Sem Vítimas,Plena Noite,Crescente,Céu Claro,Múltipla,Reta,Sim,1,0,0,0,0,1,0,1,-27.65184843,-48.67604941,SPRF-SC,DEL01-SC,UOP02-DEL01-SC,2020
"313679,0",2020-10-10,sábado,21:00:00,SC,101,"133,8",BALNEARIO CAMBORIU,Falta de Atenção à Condução,Colisão lateral,Com Vítimas Feridas,Plena Noite,Crescente,Nublado,Dupla,Viaduto;Reta,Sim,2,0,1,0,1,0,1,2,-26.95804654,-48.56506348,SPRF-SC,DEL04-SC,UOP03-DEL04-SC,2020
"313682,0",2020-10-10,sábado,21:45:00,SC,101,"142,5",ITAPEMA,Falta de Atenção à Condução,Colisão traseira,Com Vítimas Feridas,Plena Noite,Crescente,Nublado,Dupla,Curva,Sim,2,0,1,0,1,0,1,2,-27.056089,-48.599449,SPRF-SC,DEL04-SC,UOP03-DEL04-SC,2020
"313730,0",2020-10-10,sábado,19:35:00,SC,116,"219,4",CORREIA PINTO,Falta de Atenção à Condução,Colisão frontal,Com Vítimas Feridas,Plena Noite,Decrescente,Céu Claro,Simples,Reta;Aclive,Sim,5,0,3,0,2,0,3,2,-27.58161436,-50.36746502,SPRF-SC,DEL05-SC,UOP03-DEL05-SC,2020
"313829,0",2020-10-11,domingo,00:55:00,SC,101,"329,1",CAPIVARI DE BAIXO,Ingestão de Álcool,Saída de leito carroçável,Com Vítimas Feridas,Plena Noite,Decrescente,Céu Claro,Dupla,Reta,Sim,2,0,0,1,0,1,1,2,-28.45289327,-48.97594571,SPRF-SC,DEL02-SC,UOP01-DEL02-SC,2020
"313831,0",2020-10-11,domingo,01:10:00,SC,101,"133,0",BALNEARIO CAMBORIU,Ingestão de Álcool,Colisão lateral,Com Vítimas Feridas,Plena Noite,Crescente,Nublado,Dupla,Viaduto;Reta,Sim,2,0,1,0,1,0,1,2,-26.99936,-48.64609,SPRF-SC,DEL04-SC,UOP03-DEL04-SC,2020
"313845,0",2020-10-11,domingo,02:00:00,SC,101,"214,7",PALHOCA,Desobediência às normas de trânsito pelo condutor,Colisão traseira,Sem Vítimas,Plena Noite,Crescente,Nublado,Múltipla,Reta,Sim,2,0,0,0,2,0,0,2,-27.64443,-48.67057,SPRF-SC,DEL01-SC,UOP02-DEL01-SC,2020
"313858,0",2020-10-11,domingo,01:45:00,SC,101,"218,0",PALHOCA,Ingestão de Álcool,Colisão com objeto estático,Com Vítimas Feridas,Plena Noite,Crescente,Céu Claro,Dupla,Interseção de Vias,Não,3,0,2,0,1,0,2,1,-27.6758601,-48.67052525,SPRF-SC,DEL01-SC,UOP02-DEL01-SC,2020
"313892,0",2020-10-11,domingo,02:00:00,SC,282,"565,6",NOVA ERECHIM,Condutor Dormindo,Colisão com objeto estático,Com Vítimas Feridas,Plena Noite,Crescente,Céu Claro,Simples,Reta,Não,1,0,0,1,0,0,1,1,-26.900272,-52.888309,SPRF-SC,DEL07-SC,UOP02-DEL07-SC,2020
"313903,0",2020-10-11,domingo,03:00:00,SC,101,"171,9",TIJUCAS,Desobediência às normas de trânsito pelo condutor,Colisão frontal,Sem Vítimas,Plena Noite,Decrescente,Nublado,Dupla,Reta,Não,2,0,0,0,0,2,0,2,-27.30546499,-48.63258412,SPRF-SC,DEL04-SC,UOP03-DEL04-SC,2020
"313956,0",2020-10-11,domingo,09:15:00,SC,280,"30,0",ARAQUARI,Falta de Atenção à Condução,Colisão transversal,Com Vítimas Feridas,Pleno dia,Decrescente,Céu Claro,Simples,Reta,Sim,2,0,1,0,1,0,1,2,-26.4141523,-48.76209493,SPRF-SC,DEL03-SC,UOP03-DEL03-SC,2020
"313965,0",2020-10-11,domingo,10:30:00,SC,101,"213,0",PALHOCA,Ingestão de Álcool,Colisão traseira,Com Vítimas Feridas,Pleno dia,Crescente,Céu Claro,Múltipla,Reta,Sim,2,0,1,0,1,0,1,2,-27.63697369,-48.66514142,SPRF-SC,DEL01-SC,UOP02-DEL01-SC,2020
"314032,0",2020-10-11,domingo,12:15:00,SC,101,"81,0",BARRA VELHA,Não guardar distância de segurança,Colisão traseira,Sem Vítimas,Pleno dia,Crescente,Sol,Múltipla,Reta,Sim,3,0,0,0,3,0,0,3,-26.60256101,-48.72553524,SPRF-SC,DEL03-SC,UOP02-DEL03-SC,2020
"314037,0",2020-10-11,domingo,11:50:00,SC,280,"52,3",GUARAMIRIM,Falta de Atenção à Condução,Colisão transversal,Com Vítimas Feridas,Pleno dia,Decrescente,Sol,Simples,Reta,Sim,2,0,0,1,1,0,1,2,-26.468904,-48.96492,SPRF-SC,DEL03-SC,UOP03-DEL03-SC,2020
"314039,0",2020-08-29,sábado,12:33:00,SC,101,"208,6",SAO JOSE,Falta de Atenção à Condução,Colisão traseira,Sem Vítimas,Pleno dia,Decrescente,Céu Claro,Dupla,Reta,Sim,3,0,0,0,3,0,0,2,-27.60327979,-48.63201818,SPRF-SC,DEL01-SC,UOP01-DEL01-SC,2020
"314040,0",2020-10-11,domingo,13:45:00,SC,101,"223,0",PALHOCA,Falta de Atenção à Condução,Colisão traseira,Com Vítimas Feridas,Pleno dia,Crescente,Céu Claro,Dupla,Reta,Não,1,0,1,0,0,0,1,1,-27.71552634,-48.64881251,SPRF-SC,DEL01-SC,UOP02-DEL01-SC,2020
"314041,0",2020-10-11,domingo,13:50:00,SC,101,"126,3",ITAJAI,Não guardar distância de segurança,Engavetamento,Com Vítimas Feridas,Pleno dia,Crescente,Sol,Dupla,Reta,Não,4,0,1,0,3,0,1,4,-26.95564404,-48.67978366,SPRF-SC,DEL04-SC,UOP04-DEL04-SC,2020
"314048,0",2020-10-11,domingo,14:19:00,SC,101,"124,3",ITAJAI,Falta de Atenção à Condução,Colisão traseira,Com Vítimas Feridas,Pleno dia,Crescente,Céu Claro,Dupla,Reta,Sim,6,0,1,1,4,0,2,2,-26.94335064,-48.69198648,SPRF-SC,DEL04-SC,UOP04-DEL04-SC,2020
"314081,0",2020-10-11,domingo,15:05:00,SC,470,"9,0",NAVEGANTES,Falta de Atenção à Condução,Colisão frontal,Sem Vítimas,Pleno dia,Crescente,Céu Claro,Simples,Reta,Sim,2,0,0,0,1,1,0,2,-26.833143,-48.727432,SPRF-SC,DEL04-SC,UOP04-DEL04-SC,2020
"314084,0",2020-10-11,domingo,17:20:00,SC,101,"107,0",PENHA,Não guardar distância de segurança,Capotamento,Com Vítimas Feridas,Pleno dia,Decrescente,Céu Claro,Dupla,Reta,Não,5,0,4,0,1,0,4,1,-26.81930608,-48.68390282,SPRF-SC,DEL03-SC,UOP02-DEL03-SC,2020
"314092,0",2020-10-11,domingo,15:00:00,SC,282,"461,5",PONTE SERRADA,Falta de Atenção à Condução,Colisão transversal,Com Vítimas Feridas,Pleno dia,Decrescente,Céu Claro,Simples,Reta,Sim,2,0,0,2,0,0,2,2,-26.856403,-52.041328,SPRF-SC,DEL07-SC,UOP04-DEL07-SC,2020
"314093,0",2020-10-11,domingo,17:30:00,SC,101,"204,0",SAO JOSE,Desobediência às normas de trânsito pelo condutor,Colisão traseira,Com Vítimas Feridas,Pleno dia,Decrescente,Céu Claro,Dupla,Reta,Sim,2,0,1,0,1,0,1,2,-27.57413014,-48.61363083,SPRF-SC,DEL01-SC,UOP01-DEL01-SC,2020
"314099,0",2020-10-11,domingo,18:35:00,SC,101,"35,8",JOINVILLE,Falta de Atenção à Condução,Colisão lateral,Com Vítimas Feridas,Plena Noite,Decrescente,Céu Claro,Dupla,Reta,Não,2,0,1,0,1,0,1,2,-26.2411301,-48.91227415,SPRF-SC,DEL03-SC,UOP01-DEL03-SC,2020
"314106,0",2020-10-11,domingo,18:45:00,SC,101,"142,6",ITAPEMA,Falta de Atenção à Condução,Colisão lateral,Com Vítimas Feridas,Plena Noite,Decrescente,Céu Claro,Dupla,Reta,Sim,2,0,1,0,1,0,1,2,-27.056089,-48.599449,SPRF-SC,DEL04-SC,UOP03-DEL04-SC,2020
"314113,0",2020-10-11,domingo,18:50:00,SC,101,"411,0",ARARANGUA,Ingestão de Álcool,Colisão traseira,Com Vítimas Feridas,Plena Noite,Decrescente,Céu Claro,Simples,Reta,Sim,2,0,1,0,1,0,1,2,-28.93112097,-49.4940421,SPRF-SC,DEL02-SC,UOP02-DEL02-SC,2020