id,data_inversa,dia_semana,horario,uf,br,km,municipio,causa_acidente,tipo_acidente,classificacao_acidente,fase_dia,sentido_via,condicao_metereologica,tipo_pista,tracado_via,uso_solo,pessoas,mortos,feridos_leves,feridos_graves,ilesos,ignorados,feridos,veiculos,latitude,longitude,regional,delegacia,uop,ano_arquivo
"314120,0",2020-10-11,domingo,15:30:00,SC,282,"218,0",LAGES,Mal Súbito,Saída de leito carroçável,Com Vítimas Feridas,Pleno dia,Decrescente,Céu Claro,Simples,Reta,Sim,2,0,2,0,0,0,2,1,-27.797235,-50.31361,SPRF-SC,DEL05-SC,UOP01-DEL05-SC,2020
"314124,0",2020-10-11,domingo,19:30:00,SC,101,"202,0",SAO JOSE,Falta de Atenção à Condução,Tombamento,Com Vítimas Feridas,Plena Noite,Crescente,Céu Claro,Dupla,Reta,Sim,1,0,1,0,0,0,1,1,-27.55711595,-48.61897889,SPRF-SC,DEL01-SC,UOP01-DEL01-SC,2020
"314128,0",2020-10-11,domingo,16:05:00,SC,470,"15,9",ILHOTA,Falta de Atenção à Condução,Colisão lateral,Com Vítimas Feridas,Pleno dia,Crescente,Sol,Simples,Reta,Não,3,0,2,0,1,0,2,2,-26.839785,-48.785534,SPRF-SC,DEL04-SC,UOP04-DEL04-SC,2020
"314129,0",2020-10-11,domingo,17:50:00,SC,470,"103,5",APIUNA,Falta de Atenção do Pedestre,Atropelamento de Pedestre,Com Vítimas Feridas,Anoitecer,Decrescente,Céu Claro,Simples,Reta,Não,2,0,1,1,0,0,2,2,-27.064796,-49.401424,SPRF-SC,DEL04-SC,UOP02-DEL04-SC,2020
"314144,0",2020-10-11,domingo,19:30:00,SC,282,"604,7",MARAVILHA,Ingestão de Álcool,Colisão frontal,Com Vítimas Feridas,Plena Noite,Crescente,Céu Claro,Simples,Curva,Não,3,0,0,2,1,0,2,2,-26.795523,-53.192974,SPRF-SC,DEL07-SC,UOP02-DEL07-SC,2020
"314149,0",2020-10-04,domingo,03:00:00,SC,101,"203,0",SAO JOSE,Velocidade Incompatível,Colisão com objeto estático,Com Vítimas Feridas,Plena Noite,Decrescente,Chuva,Dupla,Curva,Sim,7,0,2,0,5,0,2,6,-27.5650044,-48.61460082,SPRF-SC,DEL01-SC,UOP01-DEL01-SC,2020
"314150,0",2020-10-11,domingo,19:00:00,SC,101,"116,6",ITAJAI,Falta de Atenção à Condução,Colisão traseira,Sem Vítimas,Plena Noite,Decrescente,Céu Claro,Múltipla,Reta,Sim,2,0,0,0,2,0,0,2,-26.87905605,-48.72603512,SPRF-SC,DEL04-SC,UOP04-DEL04-SC,2020
"314152,0",2020-10-11,domingo,16:40:00,SC,470,"245,3",CURITIBANOS,Não guardar distância de segurança,Saída de leito carroçável,Sem Vítimas,Pleno dia,Crescente,Céu Claro,Simples,Reta,Não,1,0,0,0,1,0,0,1,-27.31523481,-50.54000616,SPRF-SC,DEL05-SC,UOP03-DEL05-SC,2020
"314158,0",2020-10-11,domingo,20:52:00,SC,470,"33,5",GASPAR,Velocidade Incompatível,Saída de leito carroçável,Com Vítimas Feridas,Plena Noite,Crescente,Céu Claro,Dupla,Reta;Em Obras,Não,2,0,2,0,0,0,2,1,-26.906223,-48.940575,SPRF-SC,DEL04-SC,UOP01-DEL04-SC,2020
"314160,0",2020-10-11,domingo,20:50:00,SC,470,"174,0",POUSO REDONDO,Falta de Atenção à Condução,Colisão transversal,Com Vítimas Feridas,Plena Noite,Decrescente,Céu Claro,Simples,Reta,Sim,3,0,2,0,1,0,2,2,-27.258179,-49.929146,SPRF-SC,DEL04-SC,UOP02-DEL04-SC,2020
"314175,0",2020-10-11,domingo,19:45:00,SC,101,"132,0",BALNEARIO CAMBORIU,Não guardar distância de segurança,Colisão traseira,Com Vítimas Feridas,Plena Noite,Decrescente,Céu Claro,Múltipla,Reta,Sim,3,0,1,0,2,0,1,2,-26.99654133,-48.65564711,SPRF-SC,DEL04-SC,UOP03-DEL04-SC,2020
"314178,0",2020-10-11,domingo,20:10:00,SC,282,"371,4",ERVAL VELHO,Falta de Atenção à Condução,Tombamento,Com Vítimas Feridas,Pleno dia,Decrescente,Céu Claro,Simples,Reta,Não,2,0,0,2,0,0,2,1,-27.259993,-51.442684,SPRF-SC,DEL07-SC,UOP05-DEL07-SC,2020
"314180,0",2020-10-11,domingo,22:10:00,SC,101,"372,0",ICARA,Ingestão de Álcool,Saída de leito carroçável,Com Vítimas Feridas,Plena Noite,Crescente,Céu Claro,Dupla,Reta,Não,5,0,3,0,2,0,3,1,-28.70864509,-49.20924696,SPRF-SC,DEL02-SC,UOP01-DEL02-SC,2020
"314210,0",2020-10-12,segunda-feira,00:20:00,SC,101,"265,0",PAULO LOPES,Falta de Atenção à Condução,Capotamento,Com Vítimas Feridas,Plena Noite,Crescente,Céu Claro,Múltipla,Reta,Sim,2,0,1,1,0,0,2,1,-28.06001385,-48.71690948,SPRF-SC,DEL02-SC,UOP03-DEL02-SC,2020
"314213,0",2020-10-12,segunda-feira,02:15:00,SC,101,"347,0",JAGUARUNA,Ingestão de Álcool,Saída de leito carroçável,Com Vítimas Feridas,Plena Noite,Decrescente,Céu Claro,Dupla,Interseção de Vias;Declive;Reta,Não,1,0,1,0,0,0,1,1,-28.56402604,-49.05410532,SPRF-SC,DEL02-SC,UOP01-DEL02-SC,2020
"314214,0",2020-10-12,segunda-feira,02:30:00,SC,101,"233,7",PALHOCA,Falta de Atenção à Condução,Saída de leito carroçável,Sem Vítimas,Plena Noite,Crescente,Céu Claro,Dupla,Curva,Não,1,0,0,0,1,0,0,1,-27.80376397,-48.63826211,SPRF-SC,DEL01-SC,UOP02-DEL01-SC,2020
"314252,0",2020-10-12,segunda-feira,08:55:00,SC,101,"133,0",BALNEARIO CAMBORIU,Falta de Atenção à Condução,Colisão traseira,Com Vítimas Feridas,Pleno dia,Decrescente,Céu Claro,Dupla,Reta,Sim,2,0,1,0,1,0,1,2,-26.99936,-48.64609,SPRF-SC,DEL04-SC,UOP03-DEL04-SC,2020
"314270,0",2020-10-12,segunda-feira,10:50:00,SC,101,"120,0",ITAJAI,Velocidade Incompatível,Colisão lateral,Com Vítimas Feridas,Pleno dia,Decrescente,Céu Claro,Dupla,Reta,Não,3,0,2,0,1,0,2,2,-26.912758,-48.711998,SPRF-SC,DEL04-SC,UOP04-DEL04-SC,2020
"314281,0",2020-10-11,domingo,18:20:00,SC,282,"572,5",NOVA ERECHIM,Defeito Mecânico no Veículo,Tombamento,Com Vítimas Feridas,Anoitecer,Decrescente,Céu Claro,Simples,Reta,Não,2,0,2,0,0,0,2,1,-26.879332,-52.949421,SPRF-SC,DEL07-SC,UOP02-DEL07-SC,2020
"314306,0",2020-10-12,segunda-feira,15:05:00,SC,101,"119,1",ITAJAI,Falta de Atenção à Condução,Colisão transversal,Com Vítimas Feridas,Pleno dia,Decrescente,Céu Claro,Dupla,Reta,Não,2,0,0,1,1,0,1,2,-26.9043179,-48.71555481,SPRF-SC,DEL04-SC,UOP04-DEL04-SC,2020
"314311,0",2020-10-12,segunda-feira,14:05:00,SC,116,"17,0",MAFRA,Desobediência às normas de trânsito pelo condutor,Colisão transversal,Com Vítimas Feridas,Pleno dia,Crescente,Céu Claro,Simples,Interseção de Vias,Não,6,0,1,1,4,0,2,2,-26.21754894,-49.8888671,SPRF-SC,DEL06-SC,UOP01-DEL06-SC,2020
"314322,0",2020-10-12,segunda-feira,14:10:00,SC,280,"125,0",RIO NEGRINHO,Falta de Atenção à Condução,Colisão transversal,Com Vítimas Feridas,Pleno dia,Crescente,Céu Claro,Simples,Reta,Sim,2,0,1,0,1,0,1,2,-26.23763684,-49.48434497,SPRF-SC,DEL06-SC,UOP03-DEL06-SC,2020
"314328,0",2020-10-12,segunda-feira,16:40:00,SC,101,"119,6",ITAJAI,Não guardar distância de segurança,Colisão com objeto estático,Com Vítimas Feridas,Pleno dia,Decrescente,Céu Claro,Dupla,Reta,Não,1,0,1,0,0,0,1,1,-26.9043179,-48.71555481,SPRF-SC,DEL04-SC,UOP04-DEL04-SC,2020
"314330,0",2020-10-12,segunda-feira,16:15:00,SC,282,"216,0",LAGES,Desobediência às normas de trânsito pelo condutor,Engavetamento,Com Vítimas Feridas,Pleno dia,Decrescente,Céu Claro,Simples,Reta,Sim,3,0,1,0,2,0,1,3,-27.797529,-50.291862,SPRF-SC,DEL05-SC,UOP01-DEL05-SC,2020
"314339,0",2020-10-12,segunda-feira,17:35:00,SC,470,"7,8",NAVEGANTES,Desobediência às normas de trânsito pelo condutor,Colisão transversal,Com Vítimas Feridas,Pleno dia,Decrescente,Céu Claro,Simples,Reta,Não,2,0,1,0,1,0,1,2,-26.84499,-48.71505,SPRF-SC,DEL04-SC,UOP04-DEL04-SC,2020
"314340,0",2020-10-12,segunda-feira,18:00:00,SC,280,"22,1",ARAQUARI,Falta de Atenção à Condução,Colisão transversal,Com Vítimas Feridas,Anoitecer,Crescente,Céu Claro,Simples,Reta,Não,2,0,1,0,1,0,1,2,-26.37092616,-48.70204099,SPRF-SC,DEL03-SC,UOP03-DEL03-SC,2020
"314343,0",2020-10-12,segunda-feira,17:00:00,SC,101,"304,3",LAGUNA,Velocidade Incompatível,Colisão lateral,Sem Vítimas,Pleno dia,Crescente,Céu Claro,Múltipla,Reta;Viaduto;Declive,Não,7,0,0,0,7,0,0,3,-28.38983359,-48.77631426,SPRF-SC,DEL02-SC,UOP03-DEL02-SC,2020
"314356,0",2020-10-12,segunda-feira,18:35:00,SC,282,"212,0",LAGES,Ingestão de Álcool,Engavetamento,Sem Vítimas,Pleno dia,Crescente,Céu Claro,Simples,Reta,Não,5,0,0,0,5,0,0,3,-27.782257,-50.251381,SPRF-SC,DEL05-SC,UOP01-DEL05-SC,2020
"314362,0",2020-10-12,segunda-feira,16:15:00,SC,101,"313,0",LAGUNA,Não guardar distância de segurança,Engavetamento,Com Vítimas Feridas,Pleno dia,Crescente,Sol,Dupla,Reta,Sim,6,0,1,0,5,0,1,5,-28.44061948,-48.82667542,SPRF-SC,DEL02-SC,UOP01-DEL02-SC,2020
"314386,0",2020-10-12,segunda-feira,19:30:00,SC,101,"227,0",PALHOCA,Falta de Atenção à Condução,Queda de ocupante de veículo,Com Vítimas Feridas,Pleno dia,Decrescente,Céu Claro,Dupla,Reta,Não,2,0,0,2,0,0,2,1,-27.7509149,-48.63460277,SPRF-SC,DEL01-SC,UOP02-DEL01-SC,2020
"314392,0",2020-10-12,segunda-feira,11:50:00,SC,101,"234,0",PALHOCA,Falta de Atenção à Condução,Colisão lateral,Com Vítimas Feridas,Pleno dia,Crescente,Céu Claro,Dupla,Reta,Não,3,0,1,1,1,0,2,2,-27.81043812,-48.63537111,SPRF-SC,DEL01-SC,UOP02-DEL01-SC,2020
"314395,0",2020-10-12,segunda-feira,16:49:00,SC,282,"211,2",LAGES,Ingestão de Álcool,Colisão traseira,Sem Vítimas,Pleno dia,Crescente,Céu Claro,Simples,Reta;Aclive,Não,2,0,0,0,2,0,0,2,-27.780222,-50.241741,SPRF-SC,DEL05-SC,UOP01-DEL05-SC,2020
"314405,0",2020-10-12,segunda-feira,19:30:00,SC,101,"152,8",PORTO BELO,Não guardar distância de segurança,Colisão traseira,Com Vítimas Feridas,Plena Noite,Decrescente,Céu Claro,Dupla,Reta,Sim,7,0,4,0,3,0,4,5,-27.13563503,-48.61004665,SPRF-SC,DEL04-SC,UOP03-DEL04-SC,2020
"314425,0",2020-10-12,segunda-feira,20:40:00,SC,282,"104,0",ALFREDO WAGNER,Falta de Atenção do Pedestre,Colisão lateral,Com Vítimas Feridas,Plena Noite,Decrescente,Céu Claro,Simples,Reta,Não,1,0,1,0,0,0,1,1,-27.696043,-49.334038,SPRF-SC,DEL01-SC,UOP03-DEL01-SC,2020
"314429,0",2020-10-12,segunda-feira,18:00:00,SC,101,"300,2",LAGUNA,Não guardar distância de segurança,Engavetamento,Com Vítimas Feridas,Anoitecer,Crescente,Céu Claro,Dupla,Declive;Reta,Não,9,0,1,0,8,0,1,4,-28.33873378,-48.73284316,SPRF-SC,DEL02-SC,UOP03-DEL02-SC,2020
"314431,0",2020-10-12,segunda-feira,21:00:00,SC,158,"112,2",CUNHA PORA,Desobediência às normas de trânsito pelo condutor,Colisão frontal,Sem Vítimas,Plena Noite,Decrescente,Céu Claro,Simples,Curva,Não,2,0,0,0,2,0,0,2,-26.905622,-53.187536,SPRF-SC,DEL07-SC,UOP02-DEL07-SC,2020
"314438,0",2020-10-13,terça-feira,00:10:00,SC,280,"67,4",JARAGUA DO SUL,Desobediência às normas de trânsito pelo condutor,Colisão transversal,Com Vítimas Feridas,Plena Noite,Decrescente,Céu Claro,Simples,Reta,Sim,4,0,0,1,1,2,1,3,-26.47564386,-49.10691261,SPRF-SC,DEL03-SC,UOP03-DEL03-SC,2020
"314444,0",2020-10-12,segunda-feira,23:50:00,SC,101,"91,0",BARRA VELHA,Não guardar distância de segurança,Colisão traseira,Com Vítimas Feridas,Plena Noite,Decrescente,Céu Claro,Dupla,Reta,Sim,4,0,1,0,3,0,1,3,-26.67120698,-48.69011814,SPRF-SC,DEL03-SC,UOP02-DEL03-SC,2020
"314462,0",2020-10-13,terça-feira,07:00:00,SC,470,"54,0",BLUMENAU,Falta de Atenção à Condução,Colisão transversal,Com Vítimas Feridas,Pleno dia,Crescente,Céu Claro,Simples,Curva,Não,2,0,1,0,1,0,1,2,-26.871065,-49.110374,SPRF-SC,DEL04-SC,UOP01-DEL04-SC,2020
"314476,0",2020-10-13,terça-feira,07:30:00,SC,101,"217,9",PALHOCA,Falta de Atenção à Condução,Colisão traseira,Com Vítimas Feridas,Pleno dia,Decrescente,Nublado,Múltipla,Reta,Não,2,0,1,1,0,0,2,2,-27.67619332,-48.67008805,SPRF-SC,DEL01-SC,UOP02-DEL01-SC,2020
"314564,0",2020-10-13,terça-feira,13:05:00,SC,101,"152,0",ITAPEMA,Falta de Atenção à Condução,Colisão transversal,Com Vítimas Feridas,Pleno dia,Decrescente,Céu Claro,Simples,Interseção de Vias,Sim,2,0,1,0,1,0,1,2,-27.13563503,-48.61004665,SPRF-SC,DEL04-SC,UOP03-DEL04-SC,2020
"314573,0",2020-10-13,terça-feira,16:00:00,SC,470,"164,6",POUSO REDONDO,Pista Escorregadia,Tombamento,Com Vítimas Feridas,Pleno dia,Crescente,Céu Claro,Simples,Reta,Não,2,0,1,0,1,0,1,2,-27.278645,-49.836048,SPRF-SC,DEL04-SC,UOP02-DEL04-SC,2020
"314575,0",2020-10-13,terça-feira,16:30:00,SC,101,"194,0",BIGUACU,Falta de Atenção à Condução,Colisão lateral,Com Vítimas Feridas,Pleno dia,Crescente,Nublado,Múltipla,Reta,Sim,2,0,1,0,1,0,1,2,-27.49815117,-48.65661236,SPRF-SC,DEL01-SC,UOP01-DEL01-SC,2020
"314587,0",2020-10-13,terça-feira,16:50:00,SC,282,"16,3",PALHOCA,Desobediência às normas de trânsito pelo condutor,Atropelamento de Pedestre,Com Vítimas Feridas,Pleno dia,Decrescente,Nublado,Simples,Reta,Não,2,0,1,0,1,0,1,2,-27.658611,-48.681847,SPRF-SC,DEL01-SC,UOP02-DEL01-SC,2020
"314599,0",2020-10-13,terça-feira,16:50:00,SC,101,"137,0",BALNEARIO CAMBORIU,Falta de Atenção à Condução,Colisão traseira,Com Vítimas Feridas,Pleno dia,Decrescente,Céu Claro,Dupla,Reta,Sim,2,0,0,1,1,0,1,2,-27.0157238,-48.61192763,SPRF-SC,DEL04-SC,UOP03-DEL04-SC,2020
"314607,0",2020-10-13,terça-feira,16:40:00,SC,282,"16,9",PALHOCA,Não guardar distância de segurança,Colisão traseira,Com Vítimas Feridas,Pleno dia,Decrescente,Nublado,Simples,Reta,Sim,3,0,1,0,2,0,1,2,-27.66647304,-48.68865967,SPRF-SC,DEL01-SC,UOP02-DEL01-SC,2020
"314626,0",2020-10-13,terça-feira,15:45:00,SC,101,"96,2",BALNEARIO PICARRAS,Falta de Atenção à Condução,Capotamento,Sem Vítimas,Pleno dia,Decrescente,Sol,Dupla,Reta,Sim,1,0,0,0,0,1,0,1,-26.718427,-48.70233,SPRF-SC,DEL03-SC,UOP02-DEL03-SC,2020
"314631,0",2020-10-13,terça-feira,19:40:00,SC,101,"124,0",ITAJAI,Falta de Atenção à Condução,Tombamento,Com Vítimas Feridas,Plena Noite,Decrescente,Nublado,Dupla,Reta,Não,1,0,1,0,0,0,1,1,-26.94335064,-48.69198648,SPRF-SC,DEL04-SC,UOP04-DEL04-SC,2020
"314642,0",2020-10-13,terça-feira,19:50:00,SC,101,"296,0",IMBITUBA,Falta de Atenção à Condução,Tombamento,Com Vítimas Feridas,Plena Noite,Decrescente,Céu Claro,Simples,Interseção de Vias,Sim,1,0,0,1,0,0,1,1,-28.30563701,-48.72103898,SPRF-SC,DEL02-SC,UOP03-DEL02-SC,2020
"314659,0",2020-10-13,terça-feira,23:50:00,SC,101,"116,0",ITAJAI,Falta de Atenção à Condução,Saída de leito carroçável,Sem Vítimas,Plena Noite,Crescente,Céu Claro,Dupla,Reta;Em Obras,Sim,1,0,0,0,1,0,0,1,-26.87905605,-48.72603512,SPRF-SC,DEL04-SC,UOP04-DEL04-SC,2020
"314678,0",2020-10-14,quarta-feira,07:00:00,SC,101,"122,0",ITAJAI,Falta de Atenção à Condução,Queda de ocupante de veículo,Com Vítimas Feridas,Pleno dia,Crescente,Céu Claro,Dupla,Reta,Sim,1,0,1,0,0,0,1,1,-26.92955916,-48.70499836,SPRF-SC,DEL04-SC,UOP04-DEL04-SC,2020
"314701,0",2020-10-14,quarta-feira,08:00:00,SC,101,"325,7",CAPIVARI DE BAIXO,Falta de Atenção à Condução,Queda de ocupante de veículo,Com Vítimas Feridas,Pleno dia,Decrescente,Nublado,Dupla,Reta,Sim,1,0,1,0,0,0,1,1,-28.42516271,-48.93259193,SPRF-SC,DEL02-SC,UOP01-DEL02-SC,2020
"314707,0",2020-10-14,quarta-feira,10:30:00,SC,470,"193,9",POUSO REDONDO,Ultrapassagem Indevida,Colisão frontal,Com Vítimas Feridas,Pleno dia,Crescente,Sol,Simples,Curva,Não,2,0,1,1,0,0,2,2,-27.30050698,-50.08056521,SPRF-SC,DEL04-SC,UOP02-DEL04-SC,2020
"314712,0",2020-10-14,quarta-feira,07:20:00,SC,101,"328,0",CAPIVARI DE BAIXO,Falta de Atenção à Condução,Queda de ocupante de veículo,Com Vítimas Feridas,Pleno dia,Decrescente,Nublado,Simples,Reta,Sim,2,0,2,0,0,0,2,1,-28.43648094,-48.95989307,SPRF-SC,DEL02-SC,UOP01-DEL02-SC,2020
"314728,0",2020-10-14,quarta-feira,13:35:00,SC,101,"199,7",BIGUACU,Avarias e/ou desgaste excessivo no pneu,Tombamento,Com Vítimas Feridas,Pleno dia,Crescente,Sol,Múltipla,Reta,Sim,2,0,2,0,0,0,2,1,-27.53413705,-48.63003205,SPRF-SC,DEL01-SC,UOP01-DEL01-SC,2020
"314753,0",2020-10-14,quarta-feira,15:20:00,SC,153,"89,5",CONCORDIA,Não guardar distância de segurança,Colisão traseira,Com Vítimas Feridas,Pleno dia,Crescente,Céu Claro,Simples,Rotatória,Sim,3,0,1,0,2,0,1,2,-27.173784,-51.909233,SPRF-SC,DEL07-SC,UOP04-DEL07-SC,2020
"314761,0",2020-10-14,quarta-feira,14:00:00,SC,101,"260,0",PAULO LOPES,Falta de Atenção à Condução,Saída de leito carroçável,Com Vítimas Feridas,Pleno dia,Decrescente,Céu Claro,Dupla,Reta,Não,1,0,0,1,0,0,1,1,-28.0210609,-48.69789507,SPRF-SC,DEL02-SC,UOP03-DEL02-SC,2020
"314781,0",2020-10-14,quarta-feira,17:40:00,SC,470,"125,0",LONTRAS,Falta de Atenção à Condução,Colisão transversal,Com Vítimas Feridas,Anoitecer,Crescente,Céu Claro,Simples,Reta,Não,4,0,3,0,1,0,3,2,-27.120506,-49.534946,SPRF-SC,DEL04-SC,UOP02-DEL04-SC,2020
"314843,0",2020-10-14,quarta-feira,23:25:00,SC,280,"48,0",GUARAMIRIM,Falta de Atenção à Condução,Colisão traseira,Com Vítimas Feridas,Plena Noite,Decrescente,Céu Claro,Simples,Reta,Sim,2,0,1,1,0,0,2,2,-26.45506795,-48.92766502,SPRF-SC,DEL03-SC,UOP03-DEL03-SC,2020
"314887,0",2020-10-15,quinta-feira,09:00:00,SC,101,"132,3",BALNEARIO CAMBORIU,Desobediência às normas de trânsito pelo condutor,Colisão transversal,Com Vítimas Feridas,Pleno dia,Decrescente,Nublado,Múltipla,Interseção de Vias,Sim,2,0,1,0,1,0,1,2,-26.99654133,-48.65564711,SPRF-SC,DEL04-SC,UOP03-DEL04-SC,2020
"314907,0",2020-10-15,quinta-feira,11:30:00,SC,280,"38,0",ARAQUARI,Pista Escorregadia,Queda de ocupante de veículo,Com Vítimas Feridas,Pleno dia,Crescente,Nublado,Simples,Ponte,Não,1,0,1,0,0,0,1,1,-26.44812855,-48.82794004,SPRF-SC,DEL03-SC,UOP03-DEL03-SC,2020
"314914,0",2020-10-15,quinta-feira,10:55:00,SC,101,"134,0",BALNEARIO CAMBORIU,Defeito Mecânico no Veículo,Colisão com objeto estático,Com Vítimas Feridas,Pleno dia,Crescente,Céu Claro,Dupla,Reta,Sim,1,0,1,0,0,0,1,1,-27.00218,-48.636433,SPRF-SC,DEL04-SC,UOP03-DEL04-SC,2020
"314915,0",2020-10-15,quinta-feira,11:30:00,SC,101,"414,0",ARARANGUA,Desobediência às normas de trânsito pelo condutor,Colisão transversal,Sem Vítimas,Pleno dia,Crescente,Céu Claro,Simples,Rotatória,Sim,2,0,0,0,2,0,0,2,-28.95360392,-49.50985011,SPRF-SC,DEL02-SC,UOP02-DEL02-SC,2020
"314953,0",2020-10-15,quinta-feira,15:55:00,SC,282,"4,9",SAO JOSE,Falta de Atenção à Condução,Colisão lateral,Com Vítimas Feridas,Pleno dia,Crescente,Sol,Dupla,Reta,Sim,3,0,2,0,1,0,2,2,-27.592646,-48.604034,SPRF-SC,DEL01-SC,UOP01-DEL01-SC,2020
"314966,0",2020-10-12,segunda-feira,01:15:00,SC,470,"60,7",BLUMENAU,Ingestão de Álcool,Colisão traseira,Com Vítimas Feridas,Plena Noite,Crescente,Céu Claro,Simples,Reta,Não,2,0,2,0,0,0,2,2,-26.88138,-49.164543,SPRF-SC,DEL04-SC,UOP01-DEL04-SC,2020
"314975,0",2020-10-15,quinta-feira,17:35:00,SC,101,"39,5",JOINVILLE,Desobediência às normas de trânsito pelo condutor,Colisão transversal,Com Vítimas Feridas,Anoitecer,Crescente,Nublado,Dupla,Viaduto,Sim,2,0,0,1,1,0,1,2,-26.31776725,-48.87272358,SPRF-SC,DEL03-SC,UOP01-DEL03-SC,2020
"314982,0",2020-10-15,quinta-feira,19:40:00,SC,470,"134,0",RIO DO SUL,Falta de Atenção à Condução,Colisão transversal,Com Vítimas Feridas,Plena Noite,Crescente,Céu Claro,Simples,Reta,Não,2,0,1,0,1,0,1,2,-27.181854,-49.600128,SPRF-SC,DEL04-SC,UOP02-DEL04-SC,2020
"314984,0",2020-10-15,quinta-feira,18:25:00,SC,470,"72,2",INDAIAL,Pista Escorregadia,Tombamento,Com Vítimas Feridas,Plena Noite,Crescente,Nublado,Simples,Reta;Em Obras,Sim,1,0,1,0,0,0,1,1,-26.901979,-49.268745,SPRF-SC,DEL04-SC,UOP01-DEL04-SC,2020
"314989,0",2020-10-15,quinta-feira,15:30:00,SC,101,"347,1",JAGUARUNA,Defeito Mecânico no Veículo,Tombamento,Com Vítimas Feridas,Pleno dia,Decrescente,Sol,Dupla,Declive,Sim,2,0,2,0,0,0,2,1,-28.56402604,-49.05410532,SPRF-SC,DEL02-SC,UOP01-DEL02-SC,2020
"314998,0",2020-10-15,quinta-feira,20:10:00,SC,101,"45,5",JOINVILLE,Velocidade Incompatível,Atropelamento de Pedestre,Com Vítimas Feridas,Plena Noite,Decrescente,Nublado,Dupla,Aclive,Não,3,0,1,1,1,0,2,3,-26.32214492,-48.8689509,SPRF-SC,DEL03-SC,UOP01-DEL03-SC,2020
"315003,0",2020-10-15,quinta-feira,18:50:00,SC,101,"282,0",IMBITUBA,Deficiência ou não Acionamento do Sistema de Iluminação/Sinalização do Veículo,Colisão transversal,Sem Vítimas,Plena Noite,Decrescente,Céu Claro,Simples,Rotatória;Retorno Regulamentado;Viaduto;Reta;Interseção de Vias,Sim,2,0,0,0,2,0,0,2,-28.19626005,-48.69739859,SPRF-SC,DEL02-SC,UOP03-DEL02-SC,2020
"315006,0",2020-10-15,quinta-feira,20:00:00,SC,101,"134,5",BALNEARIO CAMBORIU,Falta de Atenção à Condução,Colisão traseira,Com Vítimas Feridas,Plena Noite,Crescente,Nublado,Dupla,Reta,Sim,3,0,1,0,2,0,1,3,-27.00218,-48.636433,SPRF-SC,DEL04-SC,UOP03-DEL04-SC,2020
"315014,0",2020-10-15,quinta-feira,16:35:00,SC,116,"133,0",SANTA CECILIA,Defeito Mecânico no Veículo,Tombamento,Com Vítimas Feridas,Pleno dia,Crescente,Céu Claro,Simples,Reta;Declive,Não,1,0,1,0,0,0,1,1,-26.91588013,-50.44574975,SPRF-SC,DEL06-SC,UOP02-DEL06-SC,2020
"315039,0",2020-10-16,sexta-feira,04:50:00,SC,470,"94,0",APIUNA,Desobediência às normas de trânsito pelo condutor,Colisão transversal,Com Vítimas Feridas,Plena Noite,Crescente,Nublado,Simples,Reta,Não,2,0,1,0,1,0,1,2,-27.003345,-49.374668,SPRF-SC,DEL04-SC,UOP01-DEL04-SC,2020
"315042,0",2020-10-15,quinta-feira,21:35:00,SC,470,"66,0",INDAIAL,Falta de Atenção à Condução,Colisão transversal,Com Vítimas Feridas,Plena Noite,Crescente,Céu Claro,Simples,Reta,Não,2,0,1,0,1,0,1,2,-26.870407,-49.221844,SPRF-SC,DEL04-SC,UOP01-DEL04-SC,2020
"315077,0",2020-10-16,sexta-feira,09:10:00,SC,101,"164,0",TIJUCAS,Falta de Atenção à Condução,Colisão lateral,Com Vítimas Feridas,Pleno dia,Decrescente,Céu Claro,Dupla,Ponte,Sim,2,0,1,0,1,0,1,2,-27.243868,-48.6309,SPRF-SC,DEL04-SC,UOP03-DEL04-SC,2020
"315089,0",2020-10-16,sexta-feira,12:35:00,SC,282,"16,0",PALHOCA,Desobediência às normas de trânsito pelo condutor,Colisão transversal,Com Vítimas Feridas,Pleno dia,Crescente,Céu Claro,Simples,Reta,Não,2,0,1,0,1,0,1,2,-27.66222549,-48.68503332,SPRF-SC,DEL01-SC,UOP02-DEL01-SC,2020
"315091,0",2020-10-16,sexta-feira,11:05:00,SC,280,"52,3",GUARAMIRIM,Falta de Atenção à Condução,Colisão transversal,Com Vítimas Feridas,Pleno dia,Decrescente,Céu Claro,Simples,Reta,Não,2,0,1,1,0,0,2,2,-26.468904,-48.96492,SPRF-SC,DEL03-SC,UOP03-DEL03-SC,2020
"315107,0",2020-10-16,sexta-feira,12:36:00,SC,101,"162,0",TIJUCAS,Falta de Atenção à Condução,Colisão lateral,Com Vítimas Feridas,Pleno dia,Decrescente,Céu Claro,Simples,Interseção de Vias,Sim,2,0,1,0,1,0,1,2,-27.22554009,-48.6279367,SPRF-SC,DEL04-SC,UOP03-DEL04-SC,2020
"315134,0",2020-10-16,sexta-feira,16:20:00,SC,101,"206,5",SAO JOSE,Não guardar distância de segurança,Colisão traseira,Com Vítimas Feridas,Pleno dia,Decrescente,Sol,Múltipla,Reta,Não,2,0,1,0,1,0,1,2,-27.59193546,-48.61824557,SPRF-SC,DEL01-SC,UOP01-DEL01-SC,2020
"315141,0",2020-10-16,sexta-feira,16:50:00,SC,470,"136,7",RIO DO SUL,Desobediência às normas de trânsito pelo condutor,Colisão transversal,Com Vítimas Feridas,Pleno dia,Decrescente,Céu Claro,Simples,Declive;Reta,Não,2,0,1,0,1,0,1,2,-27.194323,-49.624554,SPRF-SC,DEL04-SC,UOP02-DEL04-SC,2020