id,data_inversa,dia_semana,horario,uf,br,km,municipio,causa_acidente,tipo_acidente,classificacao_acidente,fase_dia,sentido_via,condicao_metereologica,tipo_pista,tracado_via,uso_solo,pessoas,mortos,feridos_leves,feridos_graves,ilesos,ignorados,feridos,veiculos,latitude,longitude,regional,delegacia,uop,ano_arquivo
"315146,0",2020-10-16,sexta-feira,17:00:00,SC,101,"115,0",ITAJAI,Não guardar distância de segurança,Colisão traseira,Com Vítimas Feridas,Pleno dia,Decrescente,Céu Claro,Dupla,Reta,Não,3,0,2,0,1,0,2,2,-26.87064015,-48.72954134,SPRF-SC,DEL04-SC,UOP04-DEL04-SC,2020
"315147,0",2020-10-16,sexta-feira,17:20:00,SC,101,"39,5",JOINVILLE,Falta de Atenção à Condução,Colisão traseira,Com Vítimas Feridas,Pleno dia,Crescente,Sol,Dupla,Reta,Sim,2,0,0,1,1,0,1,2,-26.2628107,-48.90192257,SPRF-SC,DEL03-SC,UOP01-DEL03-SC,2020
"315151,0",2020-10-16,sexta-feira,16:00:00,SC,101,"42,3",JOINVILLE,Desobediência às normas de trânsito pelo condutor,Colisão lateral,Com Vítimas Feridas,Pleno dia,Decrescente,Céu Claro,Dupla,Reta,Sim,2,0,1,0,1,0,1,2,-26.29251598,-48.88474385,SPRF-SC,DEL03-SC,UOP01-DEL03-SC,2020
"315156,0",2020-10-16,sexta-feira,18:10:00,SC,101,"139,0",ITAPEMA,Desobediência às normas de trânsito pelo condutor,Colisão transversal,Com Vítimas Feridas,Pleno dia,Crescente,Céu Claro,Simples,Interseção de Vias,Sim,2,0,1,0,1,0,1,2,-27.02982303,-48.60115006,SPRF-SC,DEL04-SC,UOP03-DEL04-SC,2020
"315165,0",2020-10-16,sexta-feira,17:15:00,SC,101,"320,2",PESCARIA BRAVA,Falta de Atenção à Condução,Saída de leito carroçável,Com Vítimas Feridas,Pleno dia,Crescente,Céu Claro,Múltipla,Reta,Não,1,0,0,1,0,0,1,1,-28.42800492,-48.88171497,SPRF-SC,DEL02-SC,UOP01-DEL02-SC,2020
"315187,0",2020-10-16,sexta-feira,20:35:00,SC,101,"206,0",SAO JOSE,Falta de Atenção à Condução,Colisão lateral,Sem Vítimas,Plena Noite,Crescente,Céu Claro,Dupla,Reta,Não,2,0,0,0,2,0,0,2,-27.59193546,-48.61824557,SPRF-SC,DEL01-SC,UOP01-DEL01-SC,2020
"315191,0",2020-10-16,sexta-feira,19:45:00,SC,101,"338,5",TUBARAO,Velocidade Incompatível,Colisão com objeto estático,Com Vítimas Feridas,Plena Noite,Crescente,Céu Claro,Múltipla,Reta,Sim,1,0,1,0,0,0,1,1,-28.50036689,-49.04638052,SPRF-SC,DEL02-SC,UOP01-DEL02-SC,2020
"315204,0",2020-10-16,sexta-feira,18:20:00,SC,280,"24,0",ARAQUARI,Desobediência às normas de trânsito pelo condutor,Atropelamento de Pedestre,Com Vítimas Feridas,Plena Noite,Decrescente,Céu Claro,Simples,Reta,Sim,3,0,0,2,0,1,2,2,-26.37724921,-48.71953282,SPRF-SC,DEL03-SC,UOP03-DEL03-SC,2020
"315234,0",2020-10-17,sábado,01:30:00,SC,101,"181,1",BIGUACU,Condutor Dormindo,Colisão com objeto estático,Com Vítimas Feridas,Pleno dia,Decrescente,Nublado,Dupla,Reta,Sim,1,0,1,0,0,0,1,1,-27.38958699,-48.63197593,SPRF-SC,DEL01-SC,UOP01-DEL01-SC,2020
"315236,0",2020-10-17,sábado,01:20:00,SC,116,"174,4",CAPAO ALTO,Velocidade Incompatível,Colisão com objeto estático,Com Vítimas Feridas,Plena Noite,Decrescente,Nublado,Simples,Curva,Não,2,0,2,0,0,0,2,1,-27.99639993,-50.53014207,SPRF-SC,DEL05-SC,UOP03-DEL05-SC,2020
"315241,0",2020-10-17,sábado,03:50:00,SC,101,"210,0",SAO JOSE,Falta de Atenção à Condução,Saída de leito carroçável,Sem Vítimas,Plena Noite,Decrescente,Céu Claro,Dupla,Reta,Sim,1,0,0,0,0,1,0,1,-27.6167305,-48.6457265,SPRF-SC,DEL01-SC,UOP01-DEL01-SC,2020
"315245,0",2020-10-17,sábado,04:10:00,SC,101,"40,5",JOINVILLE,Defeito Mecânico no Veículo,Capotamento,Com Vítimas Feridas,Plena Noite,Decrescente,Nevoeiro/Neblina,Simples,Curva,Sim,1,0,1,0,0,0,1,1,-26.27176094,-48.89468382,SPRF-SC,DEL03-SC,UOP01-DEL03-SC,2020
"315285,0",2020-10-17,sábado,09:45:00,SC,101,"215,6",PALHOCA,Falta de Atenção à Condução,Colisão lateral,Com Vítimas Feridas,Pleno dia,Decrescente,Sol,Múltipla,Reta,Sim,2,0,1,0,1,0,1,2,-27.65295323,-48.67674261,SPRF-SC,DEL01-SC,UOP02-DEL01-SC,2020
"315293,0",2020-10-17,sábado,09:20:00,SC,282,"16,4",PALHOCA,Desobediência às normas de trânsito pelo condutor,Colisão lateral,Com Vítimas Feridas,Pleno dia,Crescente,Céu Claro,Simples,Reta,Sim,2,0,1,0,1,0,1,2,-27.658611,-48.681847,SPRF-SC,DEL01-SC,UOP02-DEL01-SC,2020
"315307,0",2020-10-17,sábado,11:10:00,SC,101,"206,5",SAO JOSE,Não guardar distância de segurança,Engavetamento,Com Vítimas Feridas,Pleno dia,Crescente,Sol,Múltipla,Reta,Sim,6,0,1,0,5,0,1,5,-27.59193546,-48.61824557,SPRF-SC,DEL01-SC,UOP01-DEL01-SC,2020
"315334,0",2020-10-17,sábado,15:00:00,SC,101,"137,3",BALNEARIO CAMBORIU,Não guardar distância de segurança,Colisão traseira,Com Vítimas Feridas,Pleno dia,Crescente,Céu Claro,Dupla,Reta,Sim,3,0,2,0,1,0,2,2,-27.0157238,-48.61192763,SPRF-SC,DEL04-SC,UOP03-DEL04-SC,2020
"315343,0",2020-10-17,sábado,15:10:00,SC,280,"126,7",RIO NEGRINHO,Velocidade Incompatível,Colisão traseira,Com Vítimas Feridas,Pleno dia,Crescente,Céu Claro,Simples,Reta,Não,2,0,0,1,1,0,1,2,-26.23779604,-49.49427399,SPRF-SC,DEL06-SC,UOP03-DEL06-SC,2020
"315344,0",2020-10-17,sábado,16:20:00,SC,470,"37,2",GASPAR,Falta de Atenção à Condução,Tombamento,Com Vítimas Feridas,Pleno dia,Crescente,Céu Claro,Dupla,Desvio Temporário,Sim,1,0,1,0,0,0,1,1,-26.912727,-48.978043,SPRF-SC,DEL04-SC,UOP01-DEL04-SC,2020
"315347,0",2020-10-17,sábado,15:30:00,SC,101,"107,3",PENHA,Falta de Atenção à Condução,Colisão com objeto estático,Com Vítimas Feridas,Pleno dia,Crescente,Sol,Dupla,Reta,Sim,3,0,1,1,1,0,2,1,-26.81930608,-48.68390282,SPRF-SC,DEL03-SC,UOP02-DEL03-SC,2020
"315368,0",2020-10-17,sábado,16:50:00,SC,470,"28,0",GASPAR,Ingestão de Álcool,Saída de leito carroçável,Com Vítimas Feridas,Pleno dia,Crescente,Céu Claro,Dupla,Reta,Não,1,0,1,0,0,0,1,1,-26.89362,-48.903973,SPRF-SC,DEL04-SC,UOP01-DEL04-SC,2020
"315380,0",2020-10-17,sábado,19:10:00,SC,101,"199,6",BIGUACU,Falta de Atenção à Condução,Colisão transversal,Com Vítimas Feridas,Plena Noite,Crescente,Céu Claro,Múltipla,Interseção de Vias,Sim,2,0,1,0,1,0,1,2,-27.53413705,-48.63003205,SPRF-SC,DEL01-SC,UOP01-DEL01-SC,2020
"315382,0",2020-10-17,sábado,16:40:00,SC,282,"188,9",BOCAINA DO SUL,Pista Escorregadia,Tombamento,Com Vítimas Feridas,Pleno dia,Crescente,Céu Claro,Simples,Rotatória,Sim,2,0,2,0,0,0,2,1,-27.73865608,-49.94796753,SPRF-SC,DEL05-SC,UOP01-DEL05-SC,2020
"315384,0",2020-10-17,sábado,18:00:00,SC,101,"267,3",PAULO LOPES,Desobediência às normas de trânsito pelo pedestre,Atropelamento de Pedestre,Com Vítimas Feridas,Pleno dia,Crescente,Céu Claro,Dupla,Reta,Não,3,0,0,1,2,0,1,2,-28.07699803,-48.71234311,SPRF-SC,DEL02-SC,UOP03-DEL02-SC,2020
"315388,0",2020-10-17,sábado,16:35:00,SC,282,"467,5",PONTE SERRADA,Ingestão de Álcool,Saída de leito carroçável,Com Vítimas Feridas,Pleno dia,Decrescente,Céu Claro,Simples,Reta,Não,1,0,0,1,0,0,1,1,-26.854425,-52.096107,SPRF-SC,DEL07-SC,UOP04-DEL07-SC,2020
"315402,0",2020-10-17,sábado,20:00:00,SC,101,"208,5",SAO JOSE,Ingestão de Álcool,Colisão traseira,Com Vítimas Feridas,Plena Noite,Decrescente,Nublado,Múltipla,Reta,Sim,2,0,1,0,1,0,1,2,-27.60327979,-48.63201818,SPRF-SC,DEL01-SC,UOP01-DEL01-SC,2020
"315404,0",2020-10-17,sábado,13:15:00,SC,280,"169,0",MAFRA,Desobediência às normas de trânsito pelo condutor,Colisão frontal,Sem Vítimas,Pleno dia,Decrescente,Céu Claro,Simples,Aclive;Interseção de Vias,Sim,3,0,0,0,3,0,0,3,-26.1490048,-49.81256962,SPRF-SC,DEL06-SC,UOP01-DEL06-SC,2020
"315408,0",2020-10-17,sábado,21:05:00,SC,101,"194,0",BIGUACU,Desobediência às normas de trânsito pelo condutor,Colisão transversal,Com Vítimas Feridas,Plena Noite,Crescente,Céu Claro,Dupla,Interseção de Vias,Sim,2,0,0,1,1,0,1,2,-27.49815117,-48.65661236,SPRF-SC,DEL01-SC,UOP01-DEL01-SC,2020
"315412,0",2020-10-17,sábado,21:00:00,SC,101,"207,0",SAO JOSE,Falta de Atenção à Condução,Colisão traseira,Com Vítimas Feridas,Plena Noite,Crescente,Céu Claro,Dupla,Reta,Sim,4,0,1,0,3,0,1,3,-27.60001226,-48.6226467,SPRF-SC,DEL01-SC,UOP01-DEL01-SC,2020
"315425,0",2020-10-17,sábado,20:20:00,SC,101,"87,1",BARRA VELHA,Falta de Atenção à Condução,Colisão lateral,Sem Vítimas,Plena Noite,Decrescente,Nublado,Dupla,Curva;Aclive,Sim,2,0,0,0,2,0,0,2,-26.64177303,-48.69042993,SPRF-SC,DEL03-SC,UOP02-DEL03-SC,2020
"315431,0",2020-10-17,sábado,22:40:00,SC,101,"104,8",PENHA,Agressão Externa,Saída de leito carroçável,Com Vítimas Feridas,Plena Noite,Crescente,Nublado,Dupla,Curva;Declive;Interseção de Vias,Sim,1,0,1,0,0,0,1,1,-26.80030035,-48.67907345,SPRF-SC,DEL03-SC,UOP02-DEL03-SC,2020
"315446,0",2020-10-17,sábado,23:50:00,SC,282,"16,7",PALHOCA,Ultrapassagem Indevida,Colisão frontal,Com Vítimas Feridas,Plena Noite,Crescente,Céu Claro,Simples,Reta,Não,2,0,0,1,1,0,1,2,-27.658611,-48.681847,SPRF-SC,DEL01-SC,UOP02-DEL01-SC,2020
"315465,0",2020-10-18,domingo,02:10:00,SC,101,"198,5",BIGUACU,Desobediência às normas de trânsito pelo condutor,Tombamento,Com Vítimas Feridas,Plena Noite,Decrescente,Nublado,Múltipla,Reta;Em Obras,Sim,1,0,1,0,0,0,1,1,-27.52658712,-48.63506019,SPRF-SC,DEL01-SC,UOP01-DEL01-SC,2020
"315473,0",2020-10-18,domingo,01:30:00,SC,470,"101,3",APIUNA,Falta de Atenção à Condução,Saída de leito carroçável,Sem Vítimas,Plena Noite,Crescente,Céu Claro,Simples,Ponte,Não,1,0,0,0,0,1,0,1,-27.053085,-49.390018,SPRF-SC,DEL04-SC,UOP02-DEL04-SC,2020
"315480,0",2020-10-18,domingo,04:45:00,SC,101,"200,0",SAO JOSE,Falta de Atenção à Condução,Saída de leito carroçável,Sem Vítimas,Amanhecer,Decrescente,Céu Claro,Múltipla,Reta,Sim,1,0,0,0,1,0,0,1,-27.54018513,-48.62287714,SPRF-SC,DEL01-SC,UOP01-DEL01-SC,2020
"315497,0",2020-10-18,domingo,05:45:00,SC,280,"18,1",PALHOCA,Ingestão de Álcool,Saída de leito carroçável,Sem Vítimas,Amanhecer,Crescente,Céu Claro,Simples,Reta,Não,1,0,0,0,1,0,0,1,-27.674774,-48.696442,SPRF-SC,DEL03-SC,UOP03-DEL03-SC,2020
"315526,0",2020-10-18,domingo,09:10:00,SC,101,"203,0",SAO JOSE,Agressão Externa,Colisão com objeto estático,Com Vítimas Feridas,Pleno dia,Crescente,Sol,Dupla,Interseção de Vias,Sim,4,0,1,2,0,1,3,2,-27.5650044,-48.61460082,SPRF-SC,DEL01-SC,UOP01-DEL01-SC,2020
"315539,0",2020-10-18,domingo,11:20:00,SC,101,"117,3",ITAJAI,Ingestão de Álcool,Colisão transversal,Com Vítimas Feridas,Pleno dia,Crescente,Sol,Múltipla,Interseção de Vias,Não,3,0,2,0,1,0,2,2,-26.88747187,-48.72252969,SPRF-SC,DEL04-SC,UOP04-DEL04-SC,2020
"315560,0",2020-10-18,domingo,15:30:00,SC,101,"342,0",TUBARAO,Não guardar distância de segurança,Colisão traseira,Com Vítimas Feridas,Pleno dia,Crescente,Céu Claro,Dupla,Reta,Sim,6,0,3,0,3,0,3,2,-28.51875992,-49.05388322,SPRF-SC,DEL02-SC,UOP01-DEL02-SC,2020
"315564,0",2020-10-18,domingo,13:15:00,SC,101,"150,0",ITAPEMA,Ingestão de Álcool,Colisão traseira,Com Vítimas Feridas,Pleno dia,Decrescente,Céu Claro,Dupla,Reta,Não,2,0,1,0,1,0,1,2,-27.11744799,-48.60940987,SPRF-SC,DEL04-SC,UOP03-DEL04-SC,2020
"315566,0",2020-10-18,domingo,15:50:00,SC,470,"29,1",GASPAR,Desobediência às normas de trânsito pelo condutor,Colisão lateral,Com Vítimas Feridas,Pleno dia,Crescente,Nublado,Dupla,Reta,Não,4,0,3,0,1,0,3,2,-26.89362,-48.903973,SPRF-SC,DEL04-SC,UOP01-DEL04-SC,2020
"315567,0",2020-10-18,domingo,16:30:00,SC,101,"410,0",ARARANGUA,Falta de Atenção à Condução,Colisão transversal,Com Vítimas Feridas,Pleno dia,Decrescente,Céu Claro,Simples,Reta,Sim,2,0,1,0,1,0,1,2,-28.9225061,-49.4913107,SPRF-SC,DEL02-SC,UOP02-DEL02-SC,2020
"315578,0",2020-10-18,domingo,17:10:00,SC,101,"213,0",PALHOCA,Falta de Atenção à Condução,Colisão traseira,Com Vítimas Feridas,Pleno dia,Decrescente,Céu Claro,Múltipla,Reta,Sim,4,0,2,0,2,0,2,3,-27.63697369,-48.66514142,SPRF-SC,DEL01-SC,UOP02-DEL01-SC,2020
"315579,0",2020-10-18,domingo,17:20:00,SC,101,"136,0",BALNEARIO CAMBORIU,Falta de Atenção à Condução,Colisão lateral,Com Vítimas Feridas,Pleno dia,Decrescente,Céu Claro,Dupla,Reta,Sim,4,0,3,0,1,0,3,3,-27.008113,-48.617245,SPRF-SC,DEL04-SC,UOP03-DEL04-SC,2020
"315603,0",2020-10-18,domingo,15:00:00,SC,282,"550,9",NOVA ITABERABA,Não guardar distância de segurança,Colisão traseira,Com Vítimas Feridas,Pleno dia,Crescente,Céu Claro,Simples,Reta,Não,4,0,2,0,2,0,2,3,-26.958057,-52.771416,SPRF-SC,DEL07-SC,UOP01-DEL07-SC,2020
"315629,0",2020-10-18,domingo,19:30:00,SC,101,"227,0",PALHOCA,Ingestão de Álcool,Colisão traseira,Com Vítimas Feridas,Plena Noite,Decrescente,Nublado,Dupla,Reta,Não,3,0,1,0,2,0,1,2,-27.7509149,-48.63460277,SPRF-SC,DEL01-SC,UOP02-DEL01-SC,2020
"315641,0",2020-10-18,domingo,19:00:00,SC,101,"281,9",IMBITUBA,Velocidade Incompatível,Saída de leito carroçável,Com Vítimas Feridas,Plena Noite,Crescente,Céu Claro,Simples,Reta,Sim,1,0,1,0,0,0,1,1,-28.21281032,-48.69966745,SPRF-SC,DEL02-SC,UOP03-DEL02-SC,2020
"315648,0",2020-10-18,domingo,23:30:00,SC,101,"218,0",PALHOCA,Ingestão de Álcool,Colisão lateral,Sem Vítimas,Plena Noite,Crescente,Nublado,Múltipla,Reta,Não,2,0,0,0,2,0,0,2,-27.6758601,-48.67052525,SPRF-SC,DEL01-SC,UOP02-DEL01-SC,2020
"315658,0",2020-10-19,segunda-feira,01:00:00,SC,101,"205,0",SAO JOSE,Falta de Atenção à Condução,Colisão lateral,Sem Vítimas,Plena Noite,Crescente,Chuva,Múltipla,Reta,Sim,2,0,0,0,2,0,0,2,-27.58313237,-48.61532885,SPRF-SC,DEL01-SC,UOP01-DEL01-SC,2020
"315683,0",2020-10-19,segunda-feira,05:00:00,SC,101,"289,2",IMBITUBA,Falta de Atenção à Condução,Saída de leito carroçável,Com Vítimas Feridas,Amanhecer,Decrescente,Céu Claro,Dupla,Curva,Não,2,0,0,2,0,0,2,1,-28.25395282,-48.70289554,SPRF-SC,DEL02-SC,UOP03-DEL02-SC,2020
"315693,0",2020-10-18,domingo,19:10:00,SC,470,"23,0",ILHOTA,Falta de Atenção à Condução,Saída de leito carroçável,Com Vítimas Feridas,Plena Noite,Crescente,Céu Claro,Dupla,Em Obras,Não,1,0,0,1,0,0,1,1,-26.88028,-48.842009,SPRF-SC,DEL04-SC,UOP04-DEL04-SC,2020
"315694,0",2020-10-19,segunda-feira,07:05:00,SC,101,"464,0",PASSO DE TORRES,Falta de Atenção à Condução,Colisão transversal,Com Vítimas Feridas,Pleno dia,Decrescente,Céu Claro,Simples,Desvio Temporário,Não,2,0,0,1,1,0,1,2,-29.3313613,-49.69551802,SPRF-RS,DEL03-RS,UOP02-DEL03-RS,2020
"315703,0",2020-10-19,segunda-feira,07:45:00,SC,101,"81,0",ARAQUARI,Ingestão de Álcool,Colisão traseira,Sem Vítimas,Amanhecer,Crescente,Céu Claro,Múltipla,Reta,Não,2,0,0,0,1,1,0,2,-26.60256101,-48.72553524,SPRF-SC,DEL03-SC,UOP02-DEL03-SC,2020
"315707,0",2020-10-19,segunda-feira,09:00:00,SC,101,"231,0",PALHOCA,Ingestão de Substâncias Psicoativas,Colisão lateral,Com Vítimas Feridas,Pleno dia,Decrescente,Céu Claro,Dupla,Reta,Não,2,0,1,0,1,0,1,2,-27.7688932,-48.63205379,SPRF-SC,DEL01-SC,UOP02-DEL01-SC,2020
"315725,0",2020-10-19,segunda-feira,10:00:00,SC,470,"32,0",GASPAR,Falta de Atenção à Condução,Colisão traseira,Com Vítimas Feridas,Pleno dia,Decrescente,Céu Claro,Dupla,Reta,Não,2,0,1,0,1,0,1,2,-26.875719,-49.003746,SPRF-SC,DEL04-SC,UOP01-DEL04-SC,2020
"315756,0",2020-10-19,segunda-feira,15:05:00,SC,282,"17,9",PALHOCA,Falta de Atenção à Condução,Colisão transversal,Com Vítimas Feridas,Pleno dia,Decrescente,Nublado,Simples,Reta,Sim,2,0,0,2,0,0,2,2,-27.665707,-48.688065,SPRF-SC,DEL01-SC,UOP02-DEL01-SC,2020
"315757,0",2020-10-19,segunda-feira,15:00:00,SC,101,"201,0",SAO JOSE,Falta de Atenção à Condução,Colisão traseira,Com Vítimas Feridas,Pleno dia,Crescente,Céu Claro,Dupla,Reta,Não,2,0,1,0,1,0,1,2,-27.54836599,-48.61977975,SPRF-SC,DEL01-SC,UOP01-DEL01-SC,2020
"315794,0",2020-10-19,segunda-feira,19:10:00,SC,101,"420,9",ARARANGUA,Falta de Atenção à Condução,Colisão lateral,Com Vítimas Feridas,Plena Noite,Crescente,Céu Claro,Dupla,Reta,Não,2,0,1,0,1,0,1,2,-29.00048611,-49.5576719,SPRF-SC,DEL02-SC,UOP02-DEL02-SC,2020
"315827,0",2020-10-19,segunda-feira,18:10:00,SC,101,"331,2",TUBARAO,Desobediência às normas de trânsito pelo condutor,Colisão frontal,Com Vítimas Feridas,Pleno dia,Crescente,Céu Claro,Múltipla,Reta,Sim,2,0,0,2,0,0,2,2,-28.463078,-48.99182,SPRF-SC,DEL02-SC,UOP01-DEL02-SC,2020
"315828,0",2020-10-19,segunda-feira,17:50:00,SC,116,"80,4",CORUPA,Falta de Atenção à Condução,Colisão traseira,Com Vítimas Feridas,Plena Noite,Crescente,Garoa/Chuvisco,Simples,Reta,Não,3,0,3,0,0,0,3,2,-26.41803323,-49.26124336,SPRF-SC,DEL06-SC,UOP02-DEL06-SC,2020
"315832,0",2020-10-19,segunda-feira,21:50:00,SC,282,"574,0",PINHALZINHO,Ingestão de Álcool,Colisão com objeto estático,Sem Vítimas,Plena Noite,Decrescente,Céu Claro,Simples,Reta,Não,1,0,0,0,1,0,0,1,-26.867399,-52.965149,SPRF-SC,DEL07-SC,UOP02-DEL07-SC,2020
"315848,0",2020-10-20,terça-feira,02:18:00,SC,282,"383,4",JOACABA,Ingestão de Álcool,Saída de leito carroçável,Sem Vítimas,Plena Noite,Decrescente,Céu Claro,Simples,Rotatória,Sim,1,0,0,0,1,0,0,1,-27.20355468,-51.51039384,SPRF-SC,DEL07-SC,UOP05-DEL07-SC,2020
"315868,0",2020-10-20,terça-feira,08:05:00,SC,101,"215,0",PALHOCA,Falta de Atenção à Condução,Colisão lateral,Com Vítimas Feridas,Pleno dia,Decrescente,Sol,Múltipla,Reta,Sim,2,0,0,1,1,0,1,2,-27.65184843,-48.67604941,SPRF-SC,DEL01-SC,UOP02-DEL01-SC,2020
"315869,0",2020-10-20,terça-feira,08:10:00,SC,101,"121,9",ITAJAI,Falta de Atenção à Condução,Colisão transversal,Com Vítimas Feridas,Pleno dia,Decrescente,Céu Claro,Múltipla,Curva,Sim,2,0,0,1,1,0,1,2,-26.92103178,-48.70856446,SPRF-SC,DEL04-SC,UOP04-DEL04-SC,2020
"315955,0",2020-10-20,terça-feira,15:40:00,SC,101,"196,0",BIGUACU,Falta de Atenção à Condução,Colisão com objeto estático,Com Vítimas Feridas,Pleno dia,Crescente,Céu Claro,Múltipla,Reta,Não,1,0,0,1,0,0,1,1,-27.51101091,-48.64322292,SPRF-SC,DEL01-SC,UOP01-DEL01-SC,2020
"315956,0",2020-06-18,quinta-feira,13:45:00,SC,280,"153,5",MAFRA,Desobediência às normas de trânsito pelo condutor,Colisão frontal,Com Vítimas Fatais,Pleno dia,Crescente,Céu Claro,Simples,Aclive;Reta,Não,6,1,2,3,0,0,5,2,-26.22099817,-49.71288041,SPRF-SC,DEL06-SC,UOP03-DEL06-SC,2020
"315962,0",2020-10-20,terça-feira,16:10:00,SC,282,"5,6",SAO JOSE,Falta de Atenção à Condução,Colisão traseira,Com Vítimas Feridas,Pleno dia,Crescente,Céu Claro,Dupla,Reta,Não,1,0,1,0,0,0,1,1,-27.588425,-48.612919,SPRF-SC,DEL01-SC,UOP01-DEL01-SC,2020
"315977,0",2020-10-20,terça-feira,15:45:00,SC,282,"218,7",LAGES,Falta de Atenção à Condução,Engavetamento,Com Vítimas Feridas,Pleno dia,Crescente,Céu Claro,Simples,Reta;Declive,Sim,4,0,1,0,3,0,1,4,-27.79754307,-50.31084895,SPRF-SC,DEL05-SC,UOP01-DEL05-SC,2020
"315985,0",2020-10-20,terça-feira,15:30:00,SC,101,"90,1",BARRA VELHA,Falta de Atenção à Condução,Saída de leito carroçável,Com Vítimas Feridas,Pleno dia,Decrescente,Sol,Dupla,Reta,Sim,1,0,1,0,0,0,1,1,-26.66148503,-48.68866176,SPRF-SC,DEL03-SC,UOP02-DEL03-SC,2020
"315992,0",2020-10-20,terça-feira,18:50:00,SC,101,"24,0",JOINVILLE,Defeito Mecânico no Veículo,Tombamento,Com Vítimas Feridas,Plena Noite,Decrescente,Céu Claro,Dupla,Reta,Sim,2,0,2,0,0,0,2,1,-26.17483309,-48.90767978,SPRF-SC,DEL03-SC,UOP01-DEL03-SC,2020
"315995,0",2020-10-20,terça-feira,19:25:00,SC,101,"156,0",PORTO BELO,Não guardar distância de segurança,Tombamento,Com Vítimas Feridas,Plena Noite,Crescente,Céu Claro,Dupla,Reta,Não,1,0,1,0,0,0,1,1,-27.172272,-48.61170204,SPRF-SC,DEL04-SC,UOP03-DEL04-SC,2020
"315999,0",2020-10-20,terça-feira,19:10:00,SC,470,"139,1",RIO DO SUL,Desobediência às normas de trânsito pelo condutor,Colisão lateral,Com Vítimas Feridas,Plena Noite,Decrescente,Céu Claro,Dupla,Reta,Sim,2,0,1,0,1,0,1,2,-27.217564,-49.65461,SPRF-SC,DEL04-SC,UOP02-DEL04-SC,2020
"316011,0",2020-10-20,terça-feira,19:30:00,SC,101,"276,0",IMBITUBA,Falta de Atenção à Condução,Colisão lateral,Com Vítimas Feridas,Plena Noite,Decrescente,Céu Claro,Simples,Interseção de Vias;Reta,Sim,2,0,0,1,1,0,1,2,-28.14644701,-48.69204746,SPRF-SC,DEL02-SC,UOP03-DEL02-SC,2020
"316028,0",2020-10-20,terça-feira,22:20:00,SC,282,"4,0",SAO JOSE,Velocidade Incompatível,Colisão transversal,Com Vítimas Feridas,Plena Noite,Decrescente,Céu Claro,Múltipla,Reta,Não,4,0,0,2,0,2,2,3,-27.592646,-48.604034,SPRF-SC,DEL01-SC,UOP01-DEL01-SC,2020
"316033,0",2020-10-20,terça-feira,22:00:00,SC,470,"139,0",RIO DO SUL,Desobediência às normas de trânsito pelo condutor,Colisão lateral,Com Vítimas Feridas,Plena Noite,Crescente,Céu Claro,Simples,Reta,Sim,3,0,1,0,2,0,1,2,-27.217564,-49.65461,SPRF-SC,DEL04-SC,UOP02-DEL04-SC,2020
"316038,0",2020-10-20,terça-feira,22:50:00,SC,163,"70,9",SAO MIGUEL DO OESTE,Desobediência às normas de trânsito pelo condutor,Colisão transversal,Com Vítimas Feridas,Plena Noite,Crescente,Céu Claro,Dupla,Reta;Interseção de Vias,Sim,3,0,0,2,1,0,2,2,-26.72866992,-53.51227999,SPRF-SC,DEL07-SC,UOP03-DEL07-SC,2020
"316048,0",2020-10-21,quarta-feira,02:20:00,SC,101,"119,4",ITAJAI,Animais na Pista,Tombamento,Com Vítimas Feridas,Plena Noite,Crescente,Céu Claro,Dupla,Ponte,Não,1,0,1,0,0,0,1,1,-26.9043179,-48.71555481,SPRF-SC,DEL04-SC,UOP04-DEL04-SC,2020
"316049,0",2020-10-21,quarta-feira,01:50:00,SC,470,"44,9",GASPAR,Ingestão de Álcool,Colisão com objeto estático,Sem Vítimas,Plena Noite,Decrescente,Nublado,Dupla,Reta,Não,1,0,0,0,1,0,0,1,-26.870665,-49.021896,SPRF-SC,DEL04-SC,UOP01-DEL04-SC,2020
"316076,0",2020-10-21,quarta-feira,07:20:00,SC,470,"134,0",RIO DO SUL,Falta de Atenção à Condução,Colisão traseira,Com Vítimas Feridas,Pleno dia,Crescente,Céu Claro,Simples,Reta,Não,2,0,1,0,1,0,1,2,-27.181854,-49.600128,SPRF-SC,DEL04-SC,UOP02-DEL04-SC,2020
"316078,0",2020-10-21,quarta-feira,07:40:00,SC,282,"0,7",SAO JOSE,Falta de Atenção à Condução,Colisão traseira,Com Vítimas Feridas,Pleno dia,Decrescente,Céu Claro,Múltipla,Declive,Sim,4,0,2,0,2,0,2,4,-27.59845,-48.571995,SPRF-SC,DEL01-SC,UOP01-DEL01-SC,2020
"316079,0",2020-10-21,quarta-feira,06:45:00,SC,280,"4,0",SAO FRANCISCO DO SUL,Falta de Atenção à Condução,Colisão transversal,Com Vítimas Feridas,Pleno dia,Crescente,Nublado,Simples,Rotatória,Sim,2,0,1,0,1,0,1,2,-26.25329566,-48.61916042,SPRF-SC,DEL03-SC,UOP03-DEL03-SC,2020
"316086,0",2020-10-21,quarta-feira,08:20:00,SC,101,"114,5",ITAJAI,Objeto estático sobre o leito carroçável,Queda de ocupante de veículo,Com Vítimas Feridas,Pleno dia,Decrescente,Céu Claro,Dupla,Reta,Sim,1,0,1,0,0,0,1,1,-26.86192886,-48.7286704,SPRF-SC,DEL04-SC,UOP04-DEL04-SC,2020
"316088,0",2020-10-21,quarta-feira,07:40:00,SC,101,"210,9",SAO JOSE,Falta de Atenção à Condução,Colisão traseira,Com Vítimas Feridas,Pleno dia,Decrescente,Céu Claro,Dupla,Viaduto,Não,2,0,1,0,1,0,1,2,-27.6167305,-48.6457265,SPRF-SC,DEL01-SC,UOP01-DEL01-SC,2020