id,data_inversa,dia_semana,horario,uf,br,km,municipio,causa_acidente,tipo_acidente,classificacao_acidente,fase_dia,sentido_via,condicao_metereologica,tipo_pista,tracado_via,uso_solo,pessoas,mortos,feridos_leves,feridos_graves,ilesos,ignorados,feridos,veiculos,latitude,longitude,regional,delegacia,uop,ano_arquivo
"318276,0",2020-10-31,sábado,13:15:00,SC,101,"195,0",BIGUACU,Falta de Atenção à Condução,Colisão com objeto estático,Com Vítimas Feridas,Pleno dia,Decrescente,Nublado,Dupla,Reta,Sim,1,0,1,0,0,0,1,1,-27.5047092,-48.65010819,SPRF-SC,DEL01-SC,UOP01-DEL01-SC,2020
"318289,0",2020-10-31,sábado,14:20:00,SC,470,"176,0",POUSO REDONDO,Não guardar distância de segurança,Saída de leito carroçável,Com Vítimas Feridas,Pleno dia,Decrescente,Nublado,Simples,Aclive;Reta,Não,1,0,1,0,0,0,1,1,-27.25283647,-49.95215178,SPRF-SC,DEL04-SC,UOP02-DEL04-SC,2020
"318295,0",2020-10-31,sábado,15:00:00,SC,101,"140,0",BALNEARIO CAMBORIU,Falta de Atenção à Condução,Colisão traseira,Sem Vítimas,Pleno dia,Crescente,Nublado,Simples,Curva,Não,2,0,0,0,2,0,0,2,-27.03881189,-48.60025148,SPRF-SC,DEL04-SC,UOP03-DEL04-SC,2020
"318298,0",2020-10-31,sábado,12:45:00,SC,282,"54,0",RANCHO QUEIMADO,Falta de Atenção à Condução,Saída de leito carroçável,Com Vítimas Feridas,Pleno dia,Decrescente,Chuva,Simples,Curva,Não,2,0,0,1,1,0,1,1,-27.685799,-48.974514,SPRF-SC,DEL01-SC,UOP03-DEL01-SC,2020
"318311,0",2020-10-31,sábado,16:22:00,SC,282,"222,0",LAGES,Avarias e/ou desgaste excessivo no pneu,Saída de leito carroçável,Sem Vítimas,Pleno dia,Decrescente,Chuva,Simples,Curva,Não,3,0,0,0,3,0,0,1,-27.797739,-50.353409,SPRF-SC,DEL05-SC,UOP01-DEL05-SC,2020
"318326,0",2020-10-31,sábado,16:50:00,SC,470,"143,8",RIO DO SUL,Desobediência às normas de trânsito pelo condutor,Colisão transversal,Com Vítimas Feridas,Pleno dia,Crescente,Nublado,Simples,Reta,Não,2,0,1,0,0,1,1,2,-27.233143,-49.672886,SPRF-SC,DEL04-SC,UOP02-DEL04-SC,2020
"318341,0",2020-10-31,sábado,14:00:00,SC,282,"589,0",SAUDADES,Ultrapassagem Indevida,Colisão lateral,Com Vítimas Feridas,Pleno dia,Decrescente,Céu Claro,Simples,Reta,Não,3,0,1,2,0,0,3,2,-26.82596,-53.062588,SPRF-SC,DEL07-SC,UOP02-DEL07-SC,2020
"318368,0",2020-10-31,sábado,17:40:00,SC,470,"153,2",AGRONOMICA,Velocidade Incompatível,Saída de leito carroçável,Com Vítimas Feridas,Pleno dia,Decrescente,Nublado,Simples,Curva,Não,2,0,1,0,1,0,1,1,-27.27648789,-49.73922729,SPRF-SC,DEL04-SC,UOP02-DEL04-SC,2020
"318374,0",2020-10-31,sábado,20:30:00,SC,470,"157,3",TROMBUDO CENTRAL,Pista Escorregadia,Saída de leito carroçável,Com Vítimas Feridas,Plena Noite,Decrescente,Garoa/Chuvisco,Simples,Curva,Não,2,0,1,0,1,0,1,1,-27.28377304,-49.7638607,SPRF-SC,DEL04-SC,UOP02-DEL04-SC,2020
"318392,0",2020-10-31,sábado,23:00:00,SC,101,"207,0",SAO JOSE,Ingestão de Álcool,Colisão traseira,Sem Vítimas,Plena Noite,Decrescente,Céu Claro,Dupla,Reta,Sim,2,0,0,0,2,0,0,2,-27.60001226,-48.6226467,SPRF-SC,DEL01-SC,UOP01-DEL01-SC,2020
"318412,0",2020-10-31,sábado,22:50:00,SC,280,"182,0",MAFRA,Animais na Pista,Queda de ocupante de veículo,Com Vítimas Feridas,Plena Noite,Crescente,Garoa/Chuvisco,Simples,Curva,Não,1,0,1,0,0,0,1,1,-26.17387829,-49.90623301,SPRF-SC,DEL06-SC,UOP01-DEL06-SC,2020
"318414,0",2020-11-01,domingo,00:02:00,SC,470,"58,9",BLUMENAU,Ingestão de Álcool,Colisão frontal,Sem Vítimas,Plena Noite,Decrescente,Nublado,Simples,Curva,Não,2,0,0,0,2,0,0,2,-26.883879,-49.145622,SPRF-SC,DEL04-SC,UOP01-DEL04-SC,2020
"318426,0",2020-11-01,domingo,00:15:00,SC,101,"290,1",IMBITUBA,Ingestão de Álcool,Tombamento,Com Vítimas Feridas,Plena Noite,Crescente,Garoa/Chuvisco,Dupla,Reta;Aclive,Sim,1,0,1,0,0,0,1,1,-28.28115993,-48.70198113,SPRF-SC,DEL02-SC,UOP03-DEL02-SC,2020
"318428,0",2020-11-01,domingo,00:45:00,SC,101,"413,2",ARARANGUA,Falta de Atenção à Condução,Tombamento,Com Vítimas Feridas,Pleno dia,Decrescente,Chuva,Simples,Rotatória,Sim,1,0,0,1,0,0,1,1,-28.96317793,-49.51921105,SPRF-SC,DEL02-SC,UOP02-DEL02-SC,2020
"318429,0",2020-10-31,sábado,22:30:00,SC,470,"126,2",LONTRAS,Falta de Atenção à Condução,Colisão transversal,Com Vítimas Feridas,Plena Noite,Decrescente,Nublado,Simples,Em Obras;Interseção de Vias;Reta,Não,2,0,2,0,0,0,2,2,-27.13278534,-49.53881264,SPRF-SC,DEL04-SC,UOP02-DEL04-SC,2020
"318430,0",2020-10-31,sábado,19:30:00,SC,101,"41,3",JOINVILLE,Desobediência às normas de trânsito pelo condutor,Colisão transversal,Com Vítimas Feridas,Plena Noite,Decrescente,Chuva,Dupla,Rotatória,Sim,2,0,1,0,1,0,1,2,-26.28215489,-48.88973081,SPRF-SC,DEL03-SC,UOP01-DEL03-SC,2020
"318486,0",2020-11-01,domingo,07:40:00,SC,282,"3,7",FLORIANOPOLIS,Ingestão de Álcool,Colisão com objeto estático,Sem Vítimas,Pleno dia,Decrescente,Nublado,Múltipla,Curva,Sim,1,0,0,0,1,0,0,1,-27.600384,-48.599705,SPRF-SC,DEL01-SC,UOP01-DEL01-SC,2020
"318526,0",2020-11-01,domingo,10:40:00,SC,101,"368,0",ICARA,Desobediência às normas de trânsito pelo condutor,Colisão transversal,Com Vítimas Feridas,Pleno dia,Decrescente,Sol,Múltipla,Viaduto;Retorno Regulamentado,Não,2,0,1,0,1,0,1,2,-28.6957326,-49.17347228,SPRF-SC,DEL02-SC,UOP01-DEL02-SC,2020
"318539,0",2020-11-01,domingo,11:30:00,SC,470,"124,0",IBIRAMA,Ingestão de álcool e/ou substâncias psicoativas pelo pedestre,Saída de leito carroçável,Com Vítimas Feridas,Pleno dia,Decrescente,Céu Claro,Simples,Reta,Não,1,0,1,0,0,0,1,1,-27.113192,-49.529163,SPRF-SC,DEL04-SC,UOP02-DEL04-SC,2020
"318542,0",2020-11-01,domingo,13:30:00,SC,101,"129,9",CAMBORIU,Defeito Mecânico no Veículo,Incêndio,Sem Vítimas,Pleno dia,Crescente,Céu Claro,Dupla,Reta,Sim,1,0,0,0,1,0,0,1,-26.98064277,-48.6790679,SPRF-SC,DEL04-SC,UOP03-DEL04-SC,2020
"318544,0",2020-11-01,domingo,14:10:00,SC,470,"55,9",BLUMENAU,Desobediência às normas de trânsito pelo condutor,Colisão transversal,Com Vítimas Feridas,Pleno dia,Decrescente,Céu Claro,Simples,Reta,Sim,2,0,1,0,0,1,1,2,-26.87692813,-49.12835956,SPRF-SC,DEL04-SC,UOP01-DEL04-SC,2020
"318550,0",2020-11-01,domingo,14:45:00,SC,101,"217,0",PALHOCA,Desobediência às normas de trânsito pelo condutor,Colisão lateral,Com Vítimas Feridas,Pleno dia,Crescente,Céu Claro,Dupla,Reta,Não,5,0,1,1,2,1,2,4,-27.66779034,-48.67393586,SPRF-SC,DEL01-SC,UOP02-DEL01-SC,2020
"318565,0",2020-11-01,domingo,15:15:00,SC,101,"34,7",JOINVILLE,Não guardar distância de segurança,Tombamento,Com Vítimas Feridas,Pleno dia,Decrescente,Nublado,Dupla,Reta,Sim,1,0,1,0,0,0,1,1,-26.23667403,-48.91486706,SPRF-SC,DEL03-SC,UOP01-DEL03-SC,2020
"318569,0",2020-11-01,domingo,16:15:00,SC,101,"53,5",JOINVILLE,Falta de Atenção à Condução,Saída de leito carroçável,Com Vítimas Feridas,Pleno dia,Crescente,Nublado,Dupla,Reta,Não,1,0,1,0,0,0,1,1,-26.40231201,-48.83969703,SPRF-SC,DEL03-SC,UOP01-DEL03-SC,2020
"318595,0",2020-11-01,domingo,19:30:00,SC,101,"137,0",BALNEARIO CAMBORIU,Falta de Atenção à Condução,Colisão lateral,Com Vítimas Feridas,Plena Noite,Crescente,Céu Claro,Dupla,Reta,Sim,2,0,1,0,1,0,1,2,-27.0157238,-48.61192763,SPRF-SC,DEL04-SC,UOP03-DEL04-SC,2020
"318598,0",2020-11-01,domingo,14:30:00,SC,282,"561,0",NOVA ITABERABA,Ingestão de Álcool,Colisão frontal,Com Vítimas Feridas,Pleno dia,Decrescente,Céu Claro,Simples,Aclive;Curva,Não,5,0,3,2,0,0,5,2,-26.919464,-52.861614,SPRF-SC,DEL07-SC,UOP02-DEL07-SC,2020
"318602,0",2020-11-01,domingo,16:05:00,SC,282,"535,2",CHAPECO,Não guardar distância de segurança,Colisão traseira,Sem Vítimas,Pleno dia,Crescente,Sol,Dupla,Viaduto,Não,2,0,0,0,2,0,0,2,-26.998245,-52.643768,SPRF-SC,DEL07-SC,UOP01-DEL07-SC,2020
"318604,0",2020-11-01,domingo,19:30:00,SC,470,"85,1",RODEIO,Ingestão de Álcool,Colisão transversal,Com Vítimas Feridas,Plena Noite,Decrescente,Céu Claro,Simples,Reta,Não,3,0,1,0,2,0,1,2,-26.95397351,-49.35247606,SPRF-SC,DEL04-SC,UOP01-DEL04-SC,2020
"318606,0",2020-11-01,domingo,18:55:00,SC,101,"50,0",JOINVILLE,Falta de Atenção à Condução,Colisão traseira,Com Vítimas Feridas,Plena Noite,Decrescente,Nublado,Dupla,Viaduto,Não,2,0,1,0,1,0,1,2,-26.38602627,-48.84791851,SPRF-SC,DEL03-SC,UOP01-DEL03-SC,2020
"318607,0",2020-11-01,domingo,16:05:00,SC,282,"535,3",CHAPECO,Não guardar distância de segurança,Colisão traseira,Com Vítimas Feridas,Pleno dia,Crescente,Céu Claro,Simples,Curva;Viaduto,Não,3,0,1,0,2,0,1,2,-26.998245,-52.643768,SPRF-SC,DEL07-SC,UOP01-DEL07-SC,2020
"318608,0",2020-11-01,domingo,17:15:00,SC,153,"75,7",IRANI,Desobediência às normas de trânsito pelo condutor,Colisão traseira,Com Vítimas Feridas,Pleno dia,Decrescente,Sol,Simples,Reta,Não,4,0,2,0,1,1,2,3,-27.0849,-51.909855,SPRF-SC,DEL07-SC,UOP04-DEL07-SC,2020
"318624,0",2020-11-01,domingo,21:50:00,SC,101,"141,0",BALNEARIO CAMBORIU,Falta de Atenção à Condução,Tombamento,Com Vítimas Feridas,Plena Noite,Decrescente,Céu Claro,Simples,Reta,Não,2,0,2,0,0,0,2,2,-27.04761729,-48.59995855,SPRF-SC,DEL04-SC,UOP03-DEL04-SC,2020
"318640,0",2020-11-01,domingo,21:45:00,SC,282,"526,3",XAXIM,Ultrapassagem Indevida,Colisão frontal,Com Vítimas Feridas,Plena Noite,Decrescente,Céu Claro,Simples,Reta,Não,3,0,1,0,2,0,1,2,-26.969427,-52.57497,SPRF-SC,DEL07-SC,UOP01-DEL07-SC,2020
"318641,0",2020-11-01,domingo,21:50:00,SC,470,"45,7",BLUMENAU,Falta de Atenção à Condução,Colisão lateral,Sem Vítimas,Plena Noite,Decrescente,Nublado,Simples,Curva,Sim,2,0,0,0,2,0,0,2,-26.86406545,-49.04648781,SPRF-SC,DEL04-SC,UOP01-DEL04-SC,2020
"318658,0",2020-11-01,domingo,21:10:00,SC,101,"439,6",SOMBRIO,Ingestão de Álcool,Saída de leito carroçável,Sem Vítimas,Plena Noite,Decrescente,Céu Claro,Simples,Curva,Sim,1,0,0,0,1,0,0,1,-29.12381624,-49.65693799,SPRF-SC,DEL02-SC,UOP02-DEL02-SC,2020
"318661,0",2020-11-02,segunda-feira,03:50:00,SC,101,"144,0",ITAPEMA,Falta de Atenção à Condução,Colisão com objeto estático,Com Vítimas Feridas,Plena Noite,Decrescente,Céu Claro,Dupla,Reta,Sim,1,0,1,0,0,0,1,1,-27.0732659,-48.59672716,SPRF-SC,DEL04-SC,UOP03-DEL04-SC,2020
"318663,0",2020-11-02,segunda-feira,01:20:00,SC,280,"106,6",SAO BENTO DO SUL,Velocidade Incompatível,Saída de leito carroçável,Com Vítimas Feridas,Plena Noite,Decrescente,Nublado,Simples,Curva,Não,2,0,2,0,0,0,2,1,-26.34995976,-49.36775208,SPRF-SC,DEL06-SC,UOP03-DEL06-SC,2020
"318674,0",2020-11-02,segunda-feira,05:25:00,SC,470,"0,2",GASPAR,Desobediência às normas de trânsito pelo condutor,Atropelamento de Pedestre,Com Vítimas Fatais,Pleno dia,Decrescente,Sol,Simples,Reta,Sim,3,1,0,0,0,2,0,2,-26.9152565,-48.96025571,SPRF-SC,DEL04-SC,UOP01-DEL04-SC,2020
"318708,0",2020-11-02,segunda-feira,11:10:00,SC,282,"23,5",SANTO AMARO DA IMPERATRIZ,Falta de Atenção à Condução,Colisão transversal,Sem Vítimas,Pleno dia,Crescente,Nublado,Simples,Interseção de Vias,Não,2,0,0,0,2,0,0,2,-27.687958,-48.736794,SPRF-SC,DEL01-SC,UOP03-DEL01-SC,2020
"318719,0",2020-11-02,segunda-feira,10:45:00,SC,282,"610,0",MARAVILHA,Falta de Atenção à Condução,Colisão transversal,Com Vítimas Feridas,Pleno dia,Decrescente,Céu Claro,Simples,Curva;Aclive,Não,6,0,1,0,5,0,1,2,-26.756321,-53.230247,SPRF-SC,DEL07-SC,UOP02-DEL07-SC,2020
"318727,0",2020-11-02,segunda-feira,12:50:00,SC,101,"86,7",BARRA VELHA,Ingestão de álcool e/ou substâncias psicoativas pelo pedestre,Colisão com objeto estático,Com Vítimas Feridas,Pleno dia,Decrescente,Céu Claro,Dupla,Reta,Não,2,0,0,2,0,0,2,1,-26.640518,-48.691627,SPRF-SC,DEL03-SC,UOP02-DEL03-SC,2020
"318734,0",2020-11-02,segunda-feira,14:54:00,SC,470,"144,0",RIO DO SUL,Falta de Atenção à Condução,Colisão transversal,Com Vítimas Feridas,Pleno dia,Decrescente,Céu Claro,Simples,Reta,Não,3,0,1,0,2,0,1,2,-27.235138,-49.677608,SPRF-SC,DEL04-SC,UOP02-DEL04-SC,2020
"318765,0",2020-11-02,segunda-feira,16:30:00,SC,101,"65,0",ARAQUARI,Não guardar distância de segurança,Tombamento,Com Vítimas Feridas,Pleno dia,Decrescente,Sol,Dupla,Reta,Sim,2,0,2,0,0,0,2,1,-26.4557506,-48.76994133,SPRF-SC,DEL03-SC,UOP02-DEL03-SC,2020
"318775,0",2020-11-02,segunda-feira,16:50:00,SC,470,"7,0",NAVEGANTES,Velocidade Incompatível,Saída de leito carroçável,Com Vítimas Feridas,Pleno dia,Crescente,Céu Claro,Simples,Interseção de Vias,Não,1,0,0,1,0,0,1,1,-26.84499,-48.71505,SPRF-SC,DEL04-SC,UOP04-DEL04-SC,2020
"318787,0",2020-11-02,segunda-feira,17:20:00,SC,101,"210,0",SAO JOSE,Falta de Atenção à Condução,Colisão transversal,Com Vítimas Feridas,Pleno dia,Decrescente,Céu Claro,Simples,Viaduto,Sim,3,0,1,0,2,0,1,2,-27.6167305,-48.6457265,SPRF-SC,DEL01-SC,UOP01-DEL01-SC,2020
"318794,0",2020-11-02,segunda-feira,17:10:00,SC,470,"172,0",POUSO REDONDO,Não guardar distância de segurança,Engavetamento,Com Vítimas Feridas,Pleno dia,Decrescente,Céu Claro,Simples,Aclive;Reta,Não,4,0,3,0,1,0,3,3,-27.257526,-49.909592,SPRF-SC,DEL04-SC,UOP02-DEL04-SC,2020
"318798,0",2020-11-02,segunda-feira,16:30:00,SC,470,"17,2",ILHOTA,Desobediência às normas de trânsito pelo condutor,Saída de leito carroçável,Com Vítimas Feridas,Pleno dia,Crescente,Céu Claro,Simples,Reta,Não,4,0,1,0,2,1,1,4,-26.86198613,-48.81297201,SPRF-SC,DEL04-SC,UOP04-DEL04-SC,2020
"318807,0",2020-11-02,segunda-feira,19:15:00,SC,101,"131,0",BALNEARIO CAMBORIU,Desobediência às normas de trânsito pelo condutor,Colisão lateral,Com Vítimas Feridas,Plena Noite,Crescente,Nublado,Dupla,Curva,Não,3,0,0,1,2,0,1,3,-26.99064209,-48.66310912,SPRF-SC,DEL04-SC,UOP03-DEL04-SC,2020
"318842,0",2020-11-02,segunda-feira,21:30:00,SC,101,"195,0",BIGUACU,Falta de Atenção à Condução,Colisão com objeto estático,Com Vítimas Feridas,Plena Noite,Decrescente,Nublado,Simples,Reta,Sim,3,0,1,0,1,1,1,2,-27.5047092,-48.65010819,SPRF-SC,DEL01-SC,UOP01-DEL01-SC,2020
"318843,0",2020-11-02,segunda-feira,21:10:00,SC,101,"162,0",TIJUCAS,Falta de Atenção à Condução,Saída de leito carroçável,Com Vítimas Feridas,Plena Noite,Crescente,Nublado,Dupla,Reta,Não,2,0,2,0,0,0,2,1,-27.22554009,-48.6279367,SPRF-SC,DEL04-SC,UOP03-DEL04-SC,2020
"318859,0",2020-11-02,segunda-feira,21:10:00,SC,282,"99,3",ALFREDO WAGNER,Falta de Atenção à Condução,Saída de leito carroçável,Com Vítimas Fatais,Plena Noite,Decrescente,Nublado,Simples,Curva,Não,1,1,0,0,0,0,0,1,-27.700493,-49.290178,SPRF-SC,DEL01-SC,UOP03-DEL01-SC,2020
"318862,0",2020-11-02,segunda-feira,19:50:00,SC,101,"362,0",SANGAO,Desobediência às normas de trânsito pelo condutor,Saída de leito carroçável,Com Vítimas Feridas,Plena Noite,Crescente,Céu Claro,Dupla,Aclive;Curva,Não,3,0,3,0,0,0,3,1,-28.67136197,-49.12225505,SPRF-SC,DEL02-SC,UOP01-DEL02-SC,2020
"318876,0",2020-11-03,terça-feira,01:30:00,SC,101,"287,9",IMBITUBA,Ingestão de álcool e/ou substâncias psicoativas pelo pedestre,Atropelamento de Pedestre,Com Vítimas Fatais,Plena Noite,Crescente,Céu Claro,Múltipla,Reta,Sim,3,1,0,0,0,2,0,2,-28.23766496,-48.70059767,SPRF-SC,DEL02-SC,UOP03-DEL02-SC,2020
"318882,0",2020-11-03,terça-feira,06:19:00,SC,470,"126,0",LONTRAS,Falta de Atenção à Condução,Colisão transversal,Com Vítimas Feridas,Pleno dia,Decrescente,Céu Claro,Simples,Reta,Não,4,0,4,0,0,0,4,2,-27.129,-49.538277,SPRF-SC,DEL04-SC,UOP02-DEL04-SC,2020
"318892,0",2020-11-03,terça-feira,07:20:00,SC,101,"197,6",BIGUACU,Desobediência às normas de trânsito pelo condutor,Colisão traseira,Com Vítimas Feridas,Pleno dia,Crescente,Sol,Múltipla,Curva,Sim,2,0,0,1,1,0,1,2,-27.51844497,-48.63848496,SPRF-SC,DEL01-SC,UOP01-DEL01-SC,2020
"318928,0",2020-11-03,terça-feira,08:30:00,SC,101,"211,4",PALHOCA,Desobediência às normas de trânsito pelo condutor,Colisão lateral,Com Vítimas Feridas,Pleno dia,Decrescente,Sol,Múltipla,Reta,Sim,3,0,1,0,2,0,1,3,-27.62329313,-48.65245588,SPRF-SC,DEL01-SC,UOP02-DEL01-SC,2020
"318930,0",2020-11-03,terça-feira,10:50:00,SC,101,"210,0",SAO JOSE,Falta de Atenção à Condução,Colisão lateral,Com Vítimas Feridas,Pleno dia,Crescente,Céu Claro,Dupla,Reta,Sim,2,0,1,0,1,0,1,2,-27.6167305,-48.6457265,SPRF-SC,DEL01-SC,UOP01-DEL01-SC,2020
"318948,0",2020-11-03,terça-feira,11:15:00,SC,280,"56,0",GUARAMIRIM,Falta de Atenção à Condução,Colisão lateral,Com Vítimas Feridas,Pleno dia,Decrescente,Céu Claro,Simples,Reta,Não,2,0,0,1,1,0,1,2,-26.47947677,-49.00298702,SPRF-SC,DEL03-SC,UOP03-DEL03-SC,2020
"318967,0",2020-11-03,terça-feira,13:30:00,SC,101,"33,4",JOINVILLE,Velocidade Incompatível,Tombamento,Com Vítimas Feridas,Pleno dia,Decrescente,Sol,Dupla,Curva,Não,1,0,1,0,0,0,1,1,-26.25596823,-48.90481889,SPRF-SC,DEL03-SC,UOP01-DEL03-SC,2020
"318968,0",2020-11-03,terça-feira,13:50:00,SC,101,"227,0",PALHOCA,Falta de Atenção à Condução,Colisão com objeto estático,Com Vítimas Feridas,Pleno dia,Crescente,Chuva,Dupla,Curva,Não,2,0,1,0,1,0,1,1,-27.7509149,-48.63460277,SPRF-SC,DEL01-SC,UOP02-DEL01-SC,2020
"318969,0",2020-11-03,terça-feira,14:00:00,SC,101,"239,0",PALHOCA,Ingestão de Álcool,Tombamento,Com Vítimas Feridas,Pleno dia,Decrescente,Chuva,Dupla,Reta,Não,1,0,1,0,0,0,1,1,-27.85046883,-48.63955216,SPRF-SC,DEL01-SC,UOP02-DEL01-SC,2020
"318997,0",2020-11-03,terça-feira,15:13:00,SC,282,"37,3",AGUAS MORNAS,Velocidade Incompatível,Saída de leito carroçável,Com Vítimas Feridas,Pleno dia,Crescente,Chuva,Simples,Curva,Não,4,0,3,1,0,0,4,1,-27.707325,-48.842983,SPRF-SC,DEL01-SC,UOP03-DEL01-SC,2020
"319071,0",2020-11-03,terça-feira,15:10:00,SC,282,"499,9",XANXERE,Velocidade Incompatível,Colisão traseira,Com Vítimas Feridas,Pleno dia,Crescente,Sol,Dupla,Reta,Não,3,0,1,0,2,0,1,2,-26.880869,-52.363121,SPRF-SC,DEL07-SC,UOP01-DEL07-SC,2020
"319092,0",2020-11-01,domingo,00:30:00,SC,101,"358,0",SANGAO,Falta de Atenção à Condução,Saída de leito carroçável,Sem Vítimas,Plena Noite,Crescente,Garoa/Chuvisco,Dupla,Reta,Sim,1,0,0,0,0,1,0,1,-28.642765,-49.100403,SPRF-SC,DEL02-SC,UOP01-DEL02-SC,2020
"319101,0",2020-11-04,quarta-feira,10:00:00,SC,101,"206,0",SAO JOSE,Objeto estático sobre o leito carroçável,Queda de ocupante de veículo,Com Vítimas Feridas,Pleno dia,Decrescente,Céu Claro,Dupla,Reta,Sim,1,0,1,0,0,0,1,1,-27.59193546,-48.61824557,SPRF-SC,DEL01-SC,UOP01-DEL01-SC,2020
"319113,0",2020-11-04,quarta-feira,13:00:00,SC,163,"84,7",GUARACIABA,Ingestão de Álcool,Colisão traseira,Sem Vítimas,Pleno dia,Crescente,Céu Claro,Simples,Curva,Sim,3,0,0,0,3,0,0,2,-26.61594101,-53.51942819,SPRF-SC,DEL07-SC,UOP03-DEL07-SC,2020
"319116,0",2020-11-04,quarta-feira,10:30:00,SC,101,"128,0",CAMBORIU,Avarias e/ou desgaste excessivo no pneu,Tombamento,Com Vítimas Feridas,Pleno dia,Decrescente,Sol,Dupla,Reta,Não,1,0,1,0,0,0,1,1,-26.97284292,-48.68299451,SPRF-SC,DEL04-SC,UOP03-DEL04-SC,2020
"319123,0",2020-11-04,quarta-feira,12:15:00,SC,116,"106,4",MONTE CASTELO,Falta de Atenção à Condução,Saída de leito carroçável,Com Vítimas Feridas,Pleno dia,Crescente,Nublado,Simples,Curva,Não,1,0,1,0,0,0,1,1,-26.75604307,-50.31916109,SPRF-SC,DEL06-SC,UOP02-DEL06-SC,2020
"319178,0",2020-11-04,quarta-feira,19:40:00,SC,101,"209,0",SAO JOSE,Falta de Atenção à Condução,Colisão lateral,Com Vítimas Feridas,Plena Noite,Decrescente,Céu Claro,Múltipla,Reta,Sim,2,0,1,0,1,0,1,2,-27.61000542,-48.63895057,SPRF-SC,DEL01-SC,UOP01-DEL01-SC,2020
"319192,0",2020-11-04,quarta-feira,21:15:00,SC,101,"213,8",PALHOCA,Não guardar distância de segurança,Colisão traseira,Com Vítimas Feridas,Plena Noite,Decrescente,Garoa/Chuvisco,Dupla,Reta,Sim,2,0,1,0,1,0,1,2,-27.63697369,-48.66514142,SPRF-SC,DEL01-SC,UOP02-DEL01-SC,2020
"319214,0",2020-11-05,quinta-feira,02:35:00,SC,470,"34,5",GASPAR,Restrição de Visibilidade,Colisão com objeto estático,Sem Vítimas,Plena Noite,Decrescente,Céu Claro,Simples,Em Obras,Sim,1,0,0,0,1,0,0,1,-26.910646,-48.949341,SPRF-SC,DEL04-SC,UOP01-DEL04-SC,2020
"319228,0",2020-11-05,quinta-feira,06:55:00,SC,101,"216,0",PALHOCA,Falta de Atenção à Condução,Colisão traseira,Com Vítimas Feridas,Pleno dia,Decrescente,Céu Claro,Dupla,Reta,Sim,2,0,1,0,1,0,1,2,-27.65981409,-48.67747798,SPRF-SC,DEL01-SC,UOP02-DEL01-SC,2020
"319249,0",2020-11-05,quinta-feira,08:15:00,SC,101,"69,5",ARAQUARI,Falta de Atenção à Condução,Colisão com objeto estático,Com Vítimas Feridas,Pleno dia,Decrescente,Sol,Dupla,Reta,Não,2,0,2,0,0,0,2,1,-26.50298009,-48.72814515,SPRF-SC,DEL03-SC,UOP02-DEL03-SC,2020
"319250,0",2020-11-05,quinta-feira,08:50:00,SC,101,"213,9",PALHOCA,Falta de Atenção à Condução,Tombamento,Com Vítimas Feridas,Pleno dia,Decrescente,Céu Claro,Dupla,Reta,Sim,1,0,1,0,0,0,1,1,-27.63697369,-48.66514142,SPRF-SC,DEL01-SC,UOP02-DEL01-SC,2020
"319257,0",2020-11-05,quinta-feira,08:45:00,SC,101,"118,9",ITAJAI,Falta de Atenção à Condução,Colisão lateral,Com Vítimas Feridas,Pleno dia,Crescente,Céu Claro,Dupla,Reta,Não,5,0,1,0,4,0,1,2,-26.895859,-48.71903,SPRF-SC,DEL04-SC,UOP04-DEL04-SC,2020
"319258,0",2020-11-05,quinta-feira,09:00:00,SC,101,"202,0",SAO JOSE,Falta de Atenção à Condução,Colisão transversal,Com Vítimas Feridas,Pleno dia,Crescente,Céu Claro,Múltipla,Reta,Sim,2,0,0,1,1,0,1,2,-27.55711595,-48.61897889,SPRF-SC,DEL01-SC,UOP01-DEL01-SC,2020
"319297,0",2020-11-05,quinta-feira,12:35:00,SC,101,"140,0",BALNEARIO CAMBORIU,Pista Escorregadia,Colisão com objeto estático,Sem Vítimas,Pleno dia,Crescente,Céu Claro,Dupla,Aclive,Sim,2,0,0,0,2,0,0,2,-27.03881189,-48.60025148,SPRF-SC,DEL04-SC,UOP03-DEL04-SC,2020
"319299,0",2020-11-05,quinta-feira,08:55:00,SC,101,"315,0",PESCARIA BRAVA,Ultrapassagem Indevida,Colisão lateral,Com Vítimas Feridas,Pleno dia,Crescente,Sol,Dupla,Ponte,Não,1,0,1,0,0,0,1,1,-28.43552413,-48.8343121,SPRF-SC,DEL02-SC,UOP01-DEL02-SC,2020
"319312,0",2020-11-05,quinta-feira,14:00:00,SC,280,"25,5",ARAQUARI,Falta de Atenção à Condução,Colisão transversal,Com Vítimas Feridas,Pleno dia,Crescente,Sol,Simples,Reta,Sim,2,0,1,0,1,0,1,2,-26.38522854,-48.72876406,SPRF-SC,DEL03-SC,UOP03-DEL03-SC,2020
"319316,0",2020-11-05,quinta-feira,12:20:00,SC,101,"146,0",ITAPEMA,Falta de Atenção à Condução,Engavetamento,Com Vítimas Feridas,Pleno dia,Decrescente,Céu Claro,Dupla,Reta,Sim,4,0,1,0,3,0,1,3,-27.08666525,-48.60955587,SPRF-SC,DEL04-SC,UOP03-DEL04-SC,2020
"319320,0",2020-11-05,quinta-feira,13:20:00,SC,280,"127,0",RIO NEGRINHO,Falta de Atenção à Condução,Colisão transversal,Com Vítimas Feridas,Pleno dia,Decrescente,Céu Claro,Simples,Retorno Regulamentado,Sim,4,0,1,0,3,0,1,2,-26.23943953,-49.50420708,SPRF-SC,DEL06-SC,UOP03-DEL06-SC,2020