id,data_inversa,dia_semana,horario,uf,br,km,municipio,causa_acidente,tipo_acidente,classificacao_acidente,fase_dia,sentido_via,condicao_metereologica,tipo_pista,tracado_via,uso_solo,pessoas,mortos,feridos_leves,feridos_graves,ilesos,ignorados,feridos,veiculos,latitude,longitude,regional,delegacia,uop,ano_arquivo
"319323,0",2020-11-05,quinta-feira,15:00:00,SC,101,"145,0",ITAPEMA,Falta de Atenção à Condução,Colisão traseira,Com Vítimas Feridas,Pleno dia,Crescente,Céu Claro,Dupla,Reta,Não,3,0,2,0,0,1,2,2,-27.08139206,-48.60130993,SPRF-SC,DEL04-SC,UOP03-DEL04-SC,2020
"319349,0",2020-11-05,quinta-feira,18:00:00,SC,101,"202,5",SAO JOSE,Não guardar distância de segurança,Colisão lateral,Com Vítimas Feridas,Pleno dia,Decrescente,Céu Claro,Múltipla,Reta,Sim,4,0,0,1,1,2,1,3,-27.55711595,-48.61897889,SPRF-SC,DEL01-SC,UOP01-DEL01-SC,2020
"319359,0",2020-11-05,quinta-feira,18:20:00,SC,101,"215,0",PALHOCA,Desobediência às normas de trânsito pelo condutor,Colisão transversal,Com Vítimas Feridas,Pleno dia,Crescente,Céu Claro,Dupla,Rotatória,Sim,2,0,0,1,1,0,1,2,-27.65184843,-48.67604941,SPRF-SC,DEL01-SC,UOP02-DEL01-SC,2020
"319369,0",2020-11-05,quinta-feira,16:00:00,SC,470,"67,0",INDAIAL,Falta de Atenção à Condução,Colisão frontal,Com Vítimas Feridas,Pleno dia,Crescente,Céu Claro,Simples,Desvio Temporário,Sim,5,0,3,0,2,0,3,2,-26.872158,-49.23127,SPRF-SC,DEL04-SC,UOP01-DEL04-SC,2020
"319393,0",2020-11-05,quinta-feira,19:30:00,SC,282,"5,0",SAO JOSE,Falta de Atenção à Condução,Tombamento,Com Vítimas Feridas,Plena Noite,Crescente,Céu Claro,Dupla,Reta,Sim,1,0,1,0,0,0,1,1,-27.588425,-48.612919,SPRF-SC,DEL01-SC,UOP01-DEL01-SC,2020
"319394,0",2020-11-05,quinta-feira,17:40:00,SC,282,"575,9",PINHALZINHO,Falta de Atenção à Condução,Colisão com objeto estático,Com Vítimas Feridas,Pleno dia,Decrescente,Céu Claro,Simples,Reta,Não,1,0,1,0,0,0,1,1,-26.863194,-52.974529,SPRF-SC,DEL07-SC,UOP02-DEL07-SC,2020
"319401,0",2020-11-05,quinta-feira,17:00:00,SC,280,"237,0",CANOINHAS,Velocidade Incompatível,Tombamento,Com Vítimas Feridas,Pleno dia,Crescente,Céu Claro,Simples,Curva,Não,1,0,0,1,0,0,1,1,-26.19844599,-50.43216601,SPRF-SC,DEL06-SC,UOP04-DEL06-SC,2020
"319406,0",2020-11-05,quinta-feira,22:10:00,SC,101,"135,0",BALNEARIO CAMBORIU,Falta de Atenção à Condução,Colisão transversal,Com Vítimas Feridas,Plena Noite,Decrescente,Céu Claro,Múltipla,Reta,Sim,2,0,1,0,1,0,1,2,-27.0050108,-48.62677494,SPRF-SC,DEL04-SC,UOP03-DEL04-SC,2020
"319436,0",2020-11-05,quinta-feira,18:00:00,SC,116,"139,9",SANTA CECILIA,Falta de Atenção à Condução,Colisão transversal,Com Vítimas Feridas,Pleno dia,Crescente,Nublado,Simples,Reta,Não,3,0,2,0,1,0,2,2,-26.96007677,-50.41626976,SPRF-SC,DEL06-SC,UOP02-DEL06-SC,2020
"319460,0",2020-10-25,domingo,15:05:00,SC,282,"4,8",SAO JOSE,Não guardar distância de segurança,Engavetamento,Com Vítimas Feridas,Pleno dia,Decrescente,Céu Claro,Dupla,Reta,Sim,8,0,2,0,6,0,2,4,-27.592646,-48.604034,SPRF-SC,DEL01-SC,UOP01-DEL01-SC,2020
"319462,0",2020-11-06,sexta-feira,10:00:00,SC,101,"202,0",SAO JOSE,Falta de Atenção à Condução,Colisão lateral,Com Vítimas Feridas,Pleno dia,Crescente,Céu Claro,Simples,Reta,Sim,2,0,1,0,1,0,1,2,-27.55711595,-48.61897889,SPRF-SC,DEL01-SC,UOP01-DEL01-SC,2020
"319483,0",2020-11-06,sexta-feira,12:35:00,SC,101,"206,0",SAO JOSE,Falta de Atenção do Pedestre,Atropelamento de Pedestre,Sem Vítimas,Pleno dia,Crescente,Céu Claro,Múltipla,Reta,Sim,2,0,0,0,1,1,0,2,-27.59193546,-48.61824557,SPRF-SC,DEL01-SC,UOP01-DEL01-SC,2020
"319486,0",2020-11-06,sexta-feira,12:00:00,SC,470,"170,0",POUSO REDONDO,Desobediência às normas de trânsito pelo condutor,Colisão transversal,Com Vítimas Feridas,Pleno dia,Decrescente,Céu Claro,Simples,Curva;Declive,Não,3,0,0,2,1,0,2,2,-27.265903,-49.892441,SPRF-SC,DEL04-SC,UOP02-DEL04-SC,2020
"319488,0",2020-11-06,sexta-feira,12:10:00,SC,470,"97,7",APIUNA,Falta de Atenção à Condução,Colisão transversal,Com Vítimas Feridas,Pleno dia,Crescente,Sol,Simples,Reta,Não,2,0,0,1,1,0,1,2,-27.026621,-49.378124,SPRF-SC,DEL04-SC,UOP01-DEL04-SC,2020
"319498,0",2020-11-06,sexta-feira,14:20:00,SC,470,"2,2",NAVEGANTES,Não guardar distância de segurança,Colisão traseira,Com Vítimas Feridas,Pleno dia,Decrescente,Céu Claro,Dupla,Reta,Sim,2,0,0,1,1,0,1,2,-26.868551,-48.674831,SPRF-SC,DEL04-SC,UOP04-DEL04-SC,2020
"319507,0",2020-11-06,sexta-feira,14:30:00,SC,470,"146,0",RIO DO SUL,Falta de Atenção à Condução,Colisão traseira,Sem Vítimas,Pleno dia,Decrescente,Sol,Simples,Reta,Não,2,0,0,0,2,0,0,2,-27.240673,-49.685822,SPRF-SC,DEL04-SC,UOP02-DEL04-SC,2020
"319515,0",2020-11-06,sexta-feira,14:50:00,SC,470,"31,0",GASPAR,Desobediência às normas de trânsito pelo condutor,Colisão frontal,Com Vítimas Feridas,Pleno dia,Decrescente,Sol,Dupla,Reta,Sim,2,0,1,0,1,0,1,2,-26.897331,-48.923069,SPRF-SC,DEL04-SC,UOP01-DEL04-SC,2020
"319517,0",2020-11-06,sexta-feira,13:30:00,SC,470,"49,6",BLUMENAU,Falta de Atenção à Condução,Saída de leito carroçável,Sem Vítimas,Pleno dia,Crescente,Céu Claro,Dupla,Reta,Sim,1,0,0,0,0,1,0,1,-26.860662,-49.065159,SPRF-SC,DEL04-SC,UOP01-DEL04-SC,2020
"319538,0",2020-11-06,sexta-feira,18:15:00,SC,101,"197,0",BIGUACU,Desobediência às normas de trânsito pelo condutor,Colisão lateral,Com Vítimas Feridas,Anoitecer,Decrescente,Nublado,Dupla,Curva,Sim,2,0,1,0,1,0,1,2,-27.51844497,-48.63848496,SPRF-SC,DEL01-SC,UOP01-DEL01-SC,2020
"319546,0",2020-11-06,sexta-feira,14:10:00,SC,282,"569,8",NOVA ERECHIM,Desobediência às normas de trânsito pelo condutor,Colisão transversal,Com Vítimas Feridas,Pleno dia,Crescente,Céu Claro,Simples,Interseção de Vias,Não,4,0,2,0,2,0,2,2,-26.896307,-52.918372,SPRF-SC,DEL07-SC,UOP02-DEL07-SC,2020
"319554,0",2020-11-06,sexta-feira,19:40:00,SC,101,"217,1",PALHOCA,Velocidade Incompatível,Colisão com objeto estático,Com Vítimas Feridas,Plena Noite,Decrescente,Céu Claro,Múltipla,Reta,Não,1,0,1,0,0,0,1,1,-27.66788885,-48.67357492,SPRF-SC,DEL01-SC,UOP02-DEL01-SC,2020
"319560,0",2020-11-06,sexta-feira,20:30:00,SC,280,"24,0",ARAQUARI,Ingestão de Álcool,Atropelamento de Pedestre,Com Vítimas Feridas,Plena Noite,Crescente,Céu Claro,Simples,Reta,Sim,2,0,1,0,1,0,1,2,-26.37724921,-48.71953282,SPRF-SC,DEL03-SC,UOP03-DEL03-SC,2020
"319567,0",2020-11-06,sexta-feira,13:33:00,SC,282,"501,4",XANXERE,Falta de Atenção à Condução,Colisão traseira,Sem Vítimas,Pleno dia,Crescente,Sol,Dupla,Rotatória,Sim,2,0,0,0,2,0,0,2,-26.882715,-52.381729,SPRF-SC,DEL07-SC,UOP01-DEL07-SC,2020
"319570,0",2020-11-06,sexta-feira,19:40:00,SC,282,"125,3",CHAPECO,Desobediência às normas de trânsito pelo condutor,Colisão frontal,Com Vítimas Feridas,Plena Noite,Crescente,Céu Claro,Simples,Viaduto,Não,3,0,0,2,1,0,2,2,-27.02773598,-52.6341499,SPRF-SC,DEL05-SC,UOP01-DEL05-SC,2020
"319575,0",2020-11-06,sexta-feira,22:15:00,SC,470,"147,0",RIO DO SUL,Ingestão de Álcool,Engavetamento,Com Vítimas Feridas,Plena Noite,Crescente,Nublado,Simples,Reta,Sim,3,0,1,0,2,0,1,3,-27.24424773,-49.69140351,SPRF-SC,DEL04-SC,UOP02-DEL04-SC,2020
"319578,0",2020-11-06,sexta-feira,22:25:00,SC,282,"23,4",SANTO AMARO DA IMPERATRIZ,Desobediência às normas de trânsito pelo condutor,Colisão transversal,Com Vítimas Feridas,Plena Noite,Decrescente,Céu Claro,Simples,Reta,Sim,2,0,1,0,1,0,1,2,-27.687958,-48.736794,SPRF-SC,DEL01-SC,UOP02-DEL01-SC,2020
"319591,0",2020-11-07,sábado,01:15:00,SC,101,"116,0",ITAJAI,Falta de Atenção à Condução,Saída de leito carroçável,Sem Vítimas,Plena Noite,Crescente,Céu Claro,Dupla,Reta,Sim,2,0,0,0,2,0,0,1,-26.87905605,-48.72603512,SPRF-SC,DEL04-SC,UOP04-DEL04-SC,2020
"319601,0",2020-11-07,sábado,04:40:00,SC,101,"115,0",ITAJAI,Condutor Dormindo,Colisão traseira,Com Vítimas Feridas,Amanhecer,Decrescente,Céu Claro,Dupla,Aclive,Sim,1,0,1,0,0,0,1,1,-26.87064015,-48.72954134,SPRF-SC,DEL04-SC,UOP04-DEL04-SC,2020
"319605,0",2020-11-07,sábado,05:15:00,SC,101,"136,5",BALNEARIO CAMBORIU,Falta de Atenção à Condução,Colisão com objeto estático,Sem Vítimas,Pleno dia,Crescente,Céu Claro,Dupla,Reta,Sim,1,0,0,0,1,0,0,1,-27.008113,-48.617245,SPRF-SC,DEL04-SC,UOP03-DEL04-SC,2020
"319615,0",2020-11-07,sábado,04:15:00,SC,282,"2,0",FLORIANOPOLIS,Falta de Atenção do Pedestre,Atropelamento de Pedestre,Com Vítimas Fatais,Amanhecer,Decrescente,Céu Claro,Dupla,Reta,Sim,2,1,1,0,0,0,1,2,-27.60376071,-48.58399283,SPRF-SC,DEL01-SC,UOP01-DEL01-SC,2020
"319636,0",2020-11-07,sábado,08:40:00,SC,280,"48,1",GUARAMIRIM,Falta de Atenção à Condução,Colisão frontal,Com Vítimas Feridas,Pleno dia,Decrescente,Sol,Simples,Reta,Sim,4,0,4,0,0,0,4,2,-26.45506795,-48.92766502,SPRF-SC,DEL03-SC,UOP03-DEL03-SC,2020
"319667,0",2020-11-07,sábado,13:45:00,SC,280,"29,5",ARAQUARI,Desobediência às normas de trânsito pelo condutor,Colisão transversal,Com Vítimas Feridas,Pleno dia,Crescente,Sol,Simples,Reta,Sim,3,0,2,0,1,0,2,2,-26.41066264,-48.75295628,SPRF-SC,DEL03-SC,UOP03-DEL03-SC,2020
"319675,0",2020-11-07,sábado,11:40:00,SC,280,"99,0",SAO BENTO DO SUL,Velocidade Incompatível,Colisão transversal,Com Vítimas Feridas,Pleno dia,Crescente,Céu Claro,Simples,Curva,Não,2,0,0,1,1,0,1,2,-26.37145491,-49.32608128,SPRF-SC,DEL06-SC,UOP03-DEL06-SC,2020
"319680,0",2020-11-07,sábado,11:45:00,SC,470,"56,0",BLUMENAU,Desobediência às normas de trânsito pelo condutor,Colisão traseira,Sem Vítimas,Pleno dia,Decrescente,Céu Claro,Simples,Reta,Não,2,0,0,0,2,0,0,2,-26.87674,-49.127743,SPRF-SC,DEL04-SC,UOP01-DEL04-SC,2020
"319681,0",2020-11-07,sábado,13:20:00,SC,101,"224,0",PALHOCA,Defeito Mecânico no Veículo,Incêndio,Sem Vítimas,Pleno dia,Crescente,Céu Claro,Dupla,Reta,Não,1,0,0,0,1,0,0,1,-27.72384789,-48.64386769,SPRF-SC,DEL01-SC,UOP02-DEL01-SC,2020
"319682,0",2020-11-07,sábado,13:15:00,SC,470,"68,0",INDAIAL,Desobediência às normas de trânsito pelo condutor,Colisão transversal,Com Vítimas Feridas,Pleno dia,Decrescente,Nublado,Simples,Reta,Não,2,0,1,0,1,0,1,2,-26.877615,-49.239231,SPRF-SC,DEL04-SC,UOP01-DEL04-SC,2020
"319687,0",2020-11-07,sábado,15:05:00,SC,101,"224,0",PALHOCA,Falta de Atenção à Condução,Colisão lateral,Com Vítimas Feridas,Pleno dia,Crescente,Sol,Dupla,Declive,Sim,3,0,2,0,0,1,2,2,-27.72384789,-48.64386769,SPRF-SC,DEL01-SC,UOP02-DEL01-SC,2020
"319714,0",2020-11-07,sábado,14:25:00,SC,282,"640,0",DESCANSO,Falta de Atenção à Condução,Saída de leito carroçável,Com Vítimas Feridas,Plena Noite,Decrescente,Céu Claro,Simples,Reta,Sim,1,0,1,0,0,0,1,1,-26.7887933,-53.45794916,SPRF-SC,DEL07-SC,UOP03-DEL07-SC,2020
"319717,0",2020-11-07,sábado,18:00:00,SC,101,"138,0",BALNEARIO CAMBORIU,Ingestão de Álcool,Colisão frontal,Com Vítimas Feridas,Pleno dia,Crescente,Céu Claro,Simples,Curva,Sim,2,0,1,0,1,0,1,2,-27.02397426,-48.60761649,SPRF-SC,DEL04-SC,UOP03-DEL04-SC,2020
"319718,0",2020-11-07,sábado,17:45:00,SC,282,"22,0",SANTO AMARO DA IMPERATRIZ,Ingestão de Álcool,Engavetamento,Com Vítimas Feridas,Pleno dia,Decrescente,Nublado,Simples,Reta,Sim,3,0,1,0,2,0,1,3,-27.688507,-48.72739,SPRF-SC,DEL01-SC,UOP02-DEL01-SC,2020
"319727,0",2020-11-07,sábado,15:30:00,SC,101,"432,2",SOMBRIO,Falta de Atenção à Condução,Colisão traseira,Com Vítimas Feridas,Pleno dia,Decrescente,Céu Claro,Dupla,Reta;Aclive,Sim,2,0,0,1,1,0,1,2,-29.07326609,-49.62717768,SPRF-SC,DEL02-SC,UOP02-DEL02-SC,2020
"319730,0",2020-11-07,sábado,18:45:00,SC,101,"212,0",PALHOCA,Falta de Atenção à Condução,Colisão traseira,Com Vítimas Feridas,Anoitecer,Decrescente,Céu Claro,Múltipla,Reta,Sim,2,0,1,0,1,0,1,2,-27.62996929,-48.65903871,SPRF-SC,DEL01-SC,UOP02-DEL01-SC,2020
"319755,0",2020-11-07,sábado,17:40:00,SC,282,"565,1",NOVA ERECHIM,Ultrapassagem Indevida,Saída de leito carroçável,Com Vítimas Feridas,Pleno dia,Crescente,Céu Claro,Simples,Curva,Não,3,0,1,0,0,2,1,3,-26.900272,-52.888309,SPRF-SC,DEL07-SC,UOP02-DEL07-SC,2020
"319759,0",2020-11-07,sábado,20:10:00,SC,101,"134,3",BALNEARIO CAMBORIU,Falta de Atenção à Condução,Tombamento,Com Vítimas Feridas,Plena Noite,Crescente,Céu Claro,Múltipla,Reta,Sim,2,0,2,0,0,0,2,1,-27.00218,-48.636433,SPRF-SC,DEL04-SC,UOP03-DEL04-SC,2020
"319803,0",2020-11-07,sábado,21:40:00,SC,470,"57,0",BLUMENAU,Falta de Atenção à Condução,Tombamento,Com Vítimas Feridas,Plena Noite,Crescente,Nublado,Simples,Rotatória,Não,1,0,1,0,0,0,1,1,-26.870407,-49.221844,SPRF-SC,DEL04-SC,UOP01-DEL04-SC,2020
"319838,0",2020-11-08,domingo,01:15:00,SC,101,"219,0",PALHOCA,Ingestão de Álcool,Colisão traseira,Com Vítimas Feridas,Plena Noite,Decrescente,Céu Claro,Dupla,Reta,Não,3,0,1,0,2,0,1,2,-27.68392194,-48.66710085,SPRF-SC,DEL01-SC,UOP02-DEL01-SC,2020
"319839,0",2020-11-07,sábado,23:49:00,SC,282,"516,9",XAXIM,Ingestão de Álcool,Colisão traseira,Com Vítimas Feridas,Plena Noite,Crescente,Céu Claro,Simples,Reta,Não,3,0,1,0,2,0,1,3,-26.930862,-52.499157,SPRF-SC,DEL07-SC,UOP01-DEL07-SC,2020
"319841,0",2020-11-07,sábado,23:15:00,SC,282,"517,0",XAXIM,Ingestão de Álcool,Colisão frontal,Com Vítimas Feridas,Plena Noite,Decrescente,Céu Claro,Simples,Curva,Não,6,0,5,1,0,0,6,2,-26.93784328,-52.4993062,SPRF-SC,DEL07-SC,UOP01-DEL07-SC,2020
"319847,0",2020-11-08,domingo,00:55:00,SC,101,"138,0",BALNEARIO CAMBORIU,Ingestão de álcool e/ou substâncias psicoativas pelo pedestre,Colisão lateral,Sem Vítimas,Plena Noite,Crescente,Céu Claro,Múltipla,Reta,Sim,2,0,0,0,2,0,0,2,-27.02397426,-48.60761649,SPRF-SC,DEL04-SC,UOP03-DEL04-SC,2020
"319850,0",2020-11-08,domingo,01:10:00,SC,101,"426,8",SOMBRIO,Falta de Atenção à Condução,Saída de leito carroçável,Sem Vítimas,Plena Noite,Decrescente,Ignorado,Dupla,Reta,Sim,1,0,0,0,1,0,0,1,-29.0402251,-49.61223688,SPRF-SC,DEL02-SC,UOP02-DEL02-SC,2020
"319851,0",2020-11-08,domingo,01:29:00,SC,470,"68,0",INDAIAL,Falta de Atenção à Condução,Colisão traseira,Com Vítimas Feridas,Plena Noite,Crescente,Céu Claro,Simples,Reta,Não,3,0,1,0,2,0,1,2,-26.877615,-49.239231,SPRF-SC,DEL04-SC,UOP01-DEL04-SC,2020
"319874,0",2020-11-08,domingo,03:20:00,SC,101,"365,0",SANGAO,Condutor Dormindo,Capotamento,Com Vítimas Feridas,Plena Noite,Crescente,Céu Claro,Dupla,Reta,Não,4,0,4,0,0,0,4,1,-28.68290284,-49.14759308,SPRF-SC,DEL02-SC,UOP01-DEL02-SC,2020
"319875,0",2020-11-07,sábado,22:45:00,SC,101,"28,0",JOINVILLE,Ingestão de Álcool,Saída de leito carroçável,Sem Vítimas,Plena Noite,Crescente,Céu Claro,Dupla,Reta,Não,1,0,0,0,0,1,0,1,-26.20697505,-48.91482635,SPRF-SC,DEL03-SC,UOP01-DEL03-SC,2020
"319876,0",2020-11-08,domingo,04:10:00,SC,101,"155,2",PORTO BELO,Ingestão de Álcool,Capotamento,Sem Vítimas,Amanhecer,Crescente,Céu Claro,Múltipla,Reta,Não,1,0,0,0,1,0,0,1,-27.16292,-48.61129,SPRF-SC,DEL04-SC,UOP03-DEL04-SC,2020
"319883,0",2020-11-08,domingo,05:10:00,SC,470,"45,0",BLUMENAU,Falta de Atenção à Condução,Tombamento,Com Vítimas Feridas,Amanhecer,Crescente,Nublado,Simples,Reta,Não,1,0,1,0,0,0,1,1,-26.867064,-49.031109,SPRF-SC,DEL04-SC,UOP01-DEL04-SC,2020
"319892,0",2020-11-08,domingo,05:00:00,SC,470,"129,3",LONTRAS,Falta de Atenção à Condução,Colisão com objeto estático,Com Vítimas Feridas,Amanhecer,Decrescente,Céu Claro,Simples,Reta,Não,3,0,3,0,0,0,3,1,-27.148499,-49.556137,SPRF-SC,DEL04-SC,UOP02-DEL04-SC,2020
"319899,0",2020-11-08,domingo,08:00:00,SC,101,"194,0",BIGUACU,Falta de Atenção à Condução,Colisão traseira,Com Vítimas Feridas,Pleno dia,Crescente,Céu Claro,Dupla,Reta,Sim,2,0,1,0,1,0,1,2,-27.49815117,-48.65661236,SPRF-SC,DEL01-SC,UOP01-DEL01-SC,2020
"319955,0",2020-11-08,domingo,10:00:00,SC,280,"55,4",GUARAMIRIM,Não guardar distância de segurança,Colisão traseira,Com Vítimas Feridas,Pleno dia,Decrescente,Céu Claro,Simples,Interseção de Vias,Sim,3,0,1,0,2,0,1,2,-26.47584353,-48.9937858,SPRF-SC,DEL03-SC,UOP03-DEL03-SC,2020
"319956,0",2020-11-08,domingo,11:00:00,SC,101,"194,0",BIGUACU,Falta de Atenção à Condução,Queda de ocupante de veículo,Com Vítimas Feridas,Pleno dia,Decrescente,Sol,Dupla,Reta,Sim,2,0,1,0,0,1,1,2,-27.49815117,-48.65661236,SPRF-SC,DEL01-SC,UOP01-DEL01-SC,2020
"319963,0",2020-11-08,domingo,11:00:00,SC,282,"90,4",ALFREDO WAGNER,Falta de Atenção à Condução,Saída de leito carroçável,Com Vítimas Feridas,Pleno dia,Decrescente,Céu Claro,Simples,Curva,Não,1,0,1,0,0,0,1,1,-27.683796,-49.222366,SPRF-SC,DEL01-SC,UOP03-DEL01-SC,2020
"319965,0",2020-11-08,domingo,09:00:00,SC,280,"87,0",CORUPA,Velocidade Incompatível,Queda de ocupante de veículo,Com Vítimas Feridas,Pleno dia,Crescente,Céu Claro,Simples,Curva,Não,1,0,1,0,0,0,1,1,-26.41501369,-49.25741675,SPRF-SC,DEL06-SC,UOP03-DEL06-SC,2020
"319979,0",2020-11-08,domingo,11:45:00,SC,101,"11,0",GARUVA,Defeito Mecânico no Veículo,Tombamento,Com Vítimas Feridas,Pleno dia,Decrescente,Céu Claro,Dupla,Reta,Não,2,0,2,0,0,0,2,1,-26.07202503,-48.86100853,SPRF-SC,DEL03-SC,UOP01-DEL03-SC,2020
"320007,0",2020-11-08,domingo,15:20:00,SC,101,"85,5",BARRA VELHA,Avarias e/ou desgaste excessivo no pneu,Capotamento,Com Vítimas Feridas,Pleno dia,Crescente,Sol,Múltipla,Reta,Sim,1,0,1,0,0,0,1,1,-26.62840879,-48.70813584,SPRF-SC,DEL03-SC,UOP02-DEL03-SC,2020
"320029,0",2020-11-08,domingo,18:00:00,SC,101,"195,7",BIGUACU,Não guardar distância de segurança,Colisão traseira,Com Vítimas Feridas,Anoitecer,Decrescente,Nublado,Múltipla,Reta;Aclive,Sim,2,0,1,0,1,0,1,2,-27.50916114,-48.64503622,SPRF-SC,DEL01-SC,UOP01-DEL01-SC,2020
"320030,0",2020-11-08,domingo,17:45:00,SC,101,"214,7",PALHOCA,Não guardar distância de segurança,Colisão traseira,Com Vítimas Feridas,Anoitecer,Decrescente,Céu Claro,Múltipla,Reta,Não,3,0,1,2,0,0,3,2,-27.64443,-48.67057,SPRF-SC,DEL01-SC,UOP02-DEL01-SC,2020
"320111,0",2020-11-08,domingo,22:28:00,SC,116,"30,0",ITAIOPOLIS,Ingestão de Substâncias Psicoativas,Colisão transversal,Com Vítimas Feridas,Plena Noite,Crescente,Céu Claro,Simples,Reta,Não,5,0,4,0,1,0,4,2,-26.31187517,-49.96286886,SPRF-SC,DEL06-SC,UOP01-DEL06-SC,2020
"320112,0",2020-11-08,domingo,22:53:00,SC,101,"133,1",BALNEARIO CAMBORIU,Falta de Atenção à Condução,Colisão lateral,Com Vítimas Feridas,Plena Noite,Decrescente,Nublado,Múltipla,Reta,Sim,2,0,1,0,1,0,1,2,-26.99936,-48.64609,SPRF-SC,DEL04-SC,UOP03-DEL04-SC,2020
"320124,0",2020-11-09,segunda-feira,01:45:00,SC,101,"203,1",SAO JOSE,Pista Escorregadia,Colisão com objeto estático,Sem Vítimas,Plena Noite,Crescente,Chuva,Dupla,Curva,Sim,1,0,0,0,0,1,0,1,-27.5650044,-48.61460082,SPRF-SC,DEL01-SC,UOP01-DEL01-SC,2020
"320132,0",2020-11-09,segunda-feira,03:40:00,SC,101,"414,1",ARARANGUA,Ingestão de Álcool,Colisão com objeto estático,Sem Vítimas,Plena Noite,Decrescente,Nublado,Dupla,Curva,Sim,1,0,0,0,1,0,0,1,-28.96040535,-49.51653267,SPRF-SC,DEL02-SC,UOP02-DEL02-SC,2020
"320141,0",2020-11-09,segunda-feira,02:05:00,SC,282,"504,0",XANXERE,Velocidade Incompatível,Saída de leito carroçável,Com Vítimas Feridas,Plena Noite,Decrescente,Nublado,Dupla,Interseção de Vias;Curva,Sim,2,0,1,0,0,1,1,1,-26.88376084,-52.40690947,SPRF-SC,DEL07-SC,UOP01-DEL07-SC,2020
"320142,0",2020-11-08,domingo,21:00:00,SC,282,"582,1",PINHALZINHO,Velocidade Incompatível,Saída de leito carroçável,Sem Vítimas,Plena Noite,Crescente,Ignorado,Simples,Rotatória,Sim,1,0,0,0,0,1,0,1,-26.82616755,-53.00376534,SPRF-SC,DEL07-SC,UOP02-DEL07-SC,2020
"320157,0",2020-11-09,segunda-feira,01:10:00,SC,280,"293,0",PORTO UNIAO,Condutor Dormindo,Saída de leito carroçável,Com Vítimas Feridas,Plena Noite,Decrescente,Chuva,Simples,Reta,Não,4,0,4,0,0,0,4,1,-26.29680504,-50.95533402,SPRF-SC,DEL06-SC,UOP04-DEL06-SC,2020
"320158,0",2020-11-08,domingo,23:30:00,SC,280,"91,0",CORUPA,Falta de Atenção à Condução,Saída de leito carroçável,Com Vítimas Feridas,Plena Noite,Decrescente,Garoa/Chuvisco,Simples,Curva,Não,1,0,1,0,0,0,1,1,-26.40198057,-49.29053774,SPRF-SC,DEL06-SC,UOP03-DEL06-SC,2020
"320202,0",2020-10-18,domingo,22:00:00,SC,282,"342,1",CAMPOS NOVOS,Falta de Atenção do Pedestre,Atropelamento de Pedestre,Com Vítimas Feridas,Plena Noite,Decrescente,Céu Claro,Simples,Reta,Sim,2,0,1,1,0,0,2,2,-27.390287,-51.223286,SPRF-SC,DEL07-SC,UOP06-DEL07-SC,2020
"320219,0",2020-11-09,segunda-feira,12:30:00,SC,101,"208,0",SAO JOSE,Pista Escorregadia,Tombamento,Com Vítimas Feridas,Pleno dia,Crescente,Chuva,Dupla,Reta,Sim,1,0,1,0,0,0,1,1,-27.60327979,-48.63201818,SPRF-SC,DEL01-SC,UOP01-DEL01-SC,2020
"320222,0",2020-11-09,segunda-feira,08:40:00,SC,101,"298,0",LAGUNA,Sinalização da via insuficiente ou inadequada,Colisão transversal,Com Vítimas Feridas,Pleno dia,Crescente,Sol,Simples,Interseção de Vias,Não,2,0,1,0,1,0,1,2,-28.32102597,-48.72829906,SPRF-SC,DEL02-SC,UOP03-DEL02-SC,2020
"320225,0",2020-11-09,segunda-feira,10:30:00,SC,282,"97,2",ALFREDO WAGNER,Velocidade Incompatível,Saída de leito carroçável,Com Vítimas Feridas,Pleno dia,Crescente,Chuva,Simples,Curva,Não,3,0,1,0,2,0,1,1,-27.707966,-49.272182,SPRF-SC,DEL01-SC,UOP03-DEL01-SC,2020
"320238,0",2020-11-09,segunda-feira,13:50:00,SC,282,"38,5",AGUAS MORNAS,Pista Escorregadia,Saída de leito carroçável,Sem Vítimas,Pleno dia,Decrescente,Chuva,Simples,Curva,Não,1,0,0,0,1,0,0,1,-27.709209,-48.852467,SPRF-SC,DEL01-SC,UOP03-DEL01-SC,2020
"320239,0",2020-11-09,segunda-feira,10:00:00,SC,153,"35,5",PONTE SERRADA,Velocidade Incompatível,Capotamento,Com Vítimas Feridas,Pleno dia,Decrescente,Céu Claro,Simples,Curva,Não,2,0,2,0,0,0,2,1,-26.82207929,-51.72208786,SPRF-SC,DEL07-SC,UOP05-DEL07-SC,2020
"320254,0",2020-11-09,segunda-feira,15:20:00,SC,470,"43,3",GASPAR,Falta de Atenção à Condução,Tombamento,Com Vítimas Feridas,Pleno dia,Crescente,Garoa/Chuvisco,Simples,Reta,Não,2,0,2,0,0,0,2,1,-26.87184863,-49.01589502,SPRF-SC,DEL04-SC,UOP01-DEL04-SC,2020
"320257,0",2020-11-09,segunda-feira,15:30:00,SC,282,"69,6",RANCHO QUEIMADO,Velocidade Incompatível,Saída de leito carroçável,Sem Vítimas,Pleno dia,Decrescente,Chuva,Simples,Curva,Não,1,0,0,0,1,0,0,1,-27.690144,-49.083813,SPRF-SC,DEL01-SC,UOP03-DEL01-SC,2020
"320276,0",2020-11-09,segunda-feira,17:30:00,SC,282,"3,9",FLORIANOPOLIS,Falta de Atenção à Condução,Colisão lateral,Com Vítimas Feridas,Pleno dia,Crescente,Garoa/Chuvisco,Múltipla,Reta,Sim,2,0,1,0,1,0,1,2,-27.600384,-48.599705,SPRF-SC,DEL01-SC,UOP01-DEL01-SC,2020