id,data_inversa,dia_semana,horario,uf,br,km,municipio,causa_acidente,tipo_acidente,classificacao_acidente,fase_dia,sentido_via,condicao_metereologica,tipo_pista,tracado_via,uso_solo,pessoas,mortos,feridos_leves,feridos_graves,ilesos,ignorados,feridos,veiculos,latitude,longitude,regional,delegacia,uop,ano_arquivo
"320300,0",2020-11-09,segunda-feira,18:30:00,SC,282,"300,0",VARGEM,Pista Escorregadia,Tombamento,Com Vítimas Feridas,Plena Noite,Decrescente,Chuva,Simples,Declive;Curva,Não,1,0,1,0,0,0,1,1,-27.515957,-50.917877,SPRF-SC,DEL07-SC,UOP06-DEL07-SC,2020
"320306,0",2020-10-25,domingo,01:20:00,SC,101,"227,0",PALHOCA,Falta de Atenção do Pedestre,Atropelamento de Pedestre,Com Vítimas Fatais,Plena Noite,Decrescente,Céu Claro,Dupla,Reta,Não,4,1,0,0,1,2,0,3,-27.7509149,-48.63460277,SPRF-SC,DEL01-SC,UOP02-DEL01-SC,2020
"320355,0",2020-11-10,terça-feira,05:40:00,SC,101,"198,5",SAO JOSE,Pista Escorregadia,Saída de leito carroçável,Com Vítimas Feridas,Amanhecer,Decrescente,Chuva,Múltipla,Reta,Não,1,0,1,0,0,0,1,1,-27.52658712,-48.63506019,SPRF-SC,DEL01-SC,UOP01-DEL01-SC,2020
"320369,0",2020-11-10,terça-feira,07:50:00,SC,101,"186,0",BIGUACU,Falta de Atenção à Condução,Colisão com objeto estático,Com Vítimas Feridas,Pleno dia,Crescente,Chuva,Múltipla,Curva,Não,1,0,1,0,0,0,1,1,-27.4341098,-48.62567129,SPRF-SC,DEL01-SC,UOP01-DEL01-SC,2020
"320382,0",2020-11-10,terça-feira,07:50:00,SC,280,"50,4",GUARAMIRIM,Falta de Atenção à Condução,Colisão transversal,Com Vítimas Feridas,Pleno dia,Decrescente,Céu Claro,Simples,Reta,Sim,4,0,2,0,2,0,2,4,-26.46396,-48.951287,SPRF-SC,DEL03-SC,UOP03-DEL03-SC,2020
"320436,0",2020-11-10,terça-feira,13:40:00,SC,280,"55,1",GUARAMIRIM,Desobediência às normas de trânsito pelo condutor,Colisão lateral,Com Vítimas Feridas,Pleno dia,Crescente,Céu Claro,Simples,Reta;Retorno Regulamentado,Sim,2,0,1,0,1,0,1,2,-26.477513,-48.998128,SPRF-SC,DEL03-SC,UOP03-DEL03-SC,2020
"320460,0",2020-11-10,terça-feira,16:00:00,SC,280,"188,0",MAFRA,Falta de Atenção à Condução,Colisão transversal,Com Vítimas Feridas,Pleno dia,Crescente,Céu Claro,Simples,Interseção de Vias,Não,2,0,1,0,1,0,1,2,-26.17143885,-49.9631671,SPRF-SC,DEL06-SC,UOP01-DEL06-SC,2020
"320476,0",2020-11-10,terça-feira,18:00:00,SC,470,"54,1",BLUMENAU,Falta de Atenção à Condução,Colisão transversal,Com Vítimas Feridas,Pleno dia,Crescente,Céu Claro,Simples,Reta,Sim,2,0,1,0,1,0,1,2,-26.87159661,-49.11190379,SPRF-SC,DEL04-SC,UOP01-DEL04-SC,2020
"320485,0",2020-11-10,terça-feira,18:30:00,SC,470,"98,0",APIUNA,Não guardar distância de segurança,Colisão traseira,Com Vítimas Feridas,Anoitecer,Decrescente,Nublado,Simples,Reta,Sim,2,0,0,1,1,0,1,2,-27.032537,-49.385468,SPRF-SC,DEL04-SC,UOP01-DEL04-SC,2020
"320498,0",2020-11-10,terça-feira,18:15:00,SC,101,"43,0",JOINVILLE,Objeto estático sobre o leito carroçável,Colisão com objeto em movimento,Com Vítimas Feridas,Pleno dia,Crescente,Nublado,Dupla,Reta,Sim,2,0,1,0,1,0,1,1,-26.3340377,-48.86032104,SPRF-SC,DEL03-SC,UOP01-DEL03-SC,2020
"320515,0",2020-10-11,domingo,13:40:00,SC,101,"130,8",BALNEARIO CAMBORIU,Velocidade Incompatível,Colisão traseira,Com Vítimas Feridas,Pleno dia,Crescente,Céu Claro,Dupla,Reta,Sim,3,0,0,1,1,1,1,3,-26.98407618,-48.66977107,SPRF-SC,DEL04-SC,UOP03-DEL04-SC,2020
"320536,0",2020-11-11,quarta-feira,01:10:00,SC,163,"88,0",GUARACIABA,Falta de Atenção à Condução,Capotamento,Com Vítimas Feridas,Plena Noite,Decrescente,Céu Claro,Simples,Reta,Não,3,0,3,0,0,0,3,1,-26.58233094,-53.51749809,SPRF-SC,DEL07-SC,UOP03-DEL07-SC,2020
"320539,0",2020-11-11,quarta-feira,03:00:00,SC,101,"97,0",BALNEARIO PICARRAS,Falta de Atenção à Condução,Saída de leito carroçável,Sem Vítimas,Plena Noite,Decrescente,Nublado,Dupla,Curva,Sim,1,0,0,0,1,0,0,1,-26.72823703,-48.70224928,SPRF-SC,DEL03-SC,UOP02-DEL03-SC,2020
"320560,0",2020-11-11,quarta-feira,07:10:00,SC,101,"216,0",PALHOCA,Ingestão de Álcool,Engavetamento,Sem Vítimas,Pleno dia,Decrescente,Céu Claro,Dupla,Reta,Sim,3,0,0,0,3,0,0,3,-27.65981409,-48.67747798,SPRF-SC,DEL01-SC,UOP02-DEL01-SC,2020
"320583,0",2020-11-11,quarta-feira,07:45:00,SC,470,"247,2",CURITIBANOS,Desobediência às normas de trânsito pelo condutor,Colisão transversal,Com Vítimas Feridas,Pleno dia,Crescente,Chuva,Simples,Reta,Sim,2,0,1,0,1,0,1,2,-27.31293745,-50.55876017,SPRF-SC,DEL05-SC,UOP03-DEL05-SC,2020
"320595,0",2020-11-11,quarta-feira,07:23:00,SC,282,"520,6",XAXIM,Desobediência às normas de trânsito pelo condutor,Colisão lateral,Com Vítimas Feridas,Pleno dia,Crescente,Nublado,Simples,Rotatória,Não,2,0,1,0,1,0,1,2,-26.950415,-52.526096,SPRF-SC,DEL07-SC,UOP01-DEL07-SC,2020
"320622,0",2020-11-11,quarta-feira,13:15:00,SC,101,"192,4",BIGUACU,Falta de Atenção à Condução,Colisão com objeto estático,Com Vítimas Feridas,Pleno dia,Crescente,Chuva,Dupla,Curva,Não,1,0,1,0,0,0,1,1,-27.48443781,-48.64765238,SPRF-SC,DEL01-SC,UOP01-DEL01-SC,2020
"320632,0",2020-11-11,quarta-feira,13:30:00,SC,101,"437,0",SOMBRIO,Falta de Atenção à Condução,Colisão frontal,Com Vítimas Feridas,Pleno dia,Crescente,Céu Claro,Dupla,Reta,Sim,2,0,1,0,1,0,1,2,-29.123,-49.649,SPRF-SC,DEL02-SC,UOP02-DEL02-SC,2020
"320657,0",2020-11-11,quarta-feira,15:55:00,SC,101,"203,1",SAO JOSE,Desobediência às normas de trânsito pelo condutor,Colisão traseira,Com Vítimas Feridas,Pleno dia,Decrescente,Sol,Múltipla,Reta,Sim,2,0,1,0,1,0,1,2,-27.5650044,-48.61460082,SPRF-SC,DEL01-SC,UOP01-DEL01-SC,2020
"320660,0",2020-11-11,quarta-feira,14:50:00,SC,101,"283,0",IMBITUBA,Velocidade Incompatível,Colisão com objeto estático,Com Vítimas Feridas,Pleno dia,Decrescente,Céu Claro,Dupla,Aclive,Não,1,0,0,1,0,0,1,1,-28.23283072,-48.70196342,SPRF-SC,DEL02-SC,UOP03-DEL02-SC,2020
"320668,0",2020-11-11,quarta-feira,15:40:00,SC,282,"29,6",SANTO AMARO DA IMPERATRIZ,Não guardar distância de segurança,Colisão traseira,Com Vítimas Feridas,Pleno dia,Crescente,Nublado,Simples,Reta,Não,2,0,1,0,1,0,1,2,-27.679737,-48.786785,SPRF-SC,DEL01-SC,UOP03-DEL01-SC,2020
"320693,0",2020-11-11,quarta-feira,17:15:00,SC,101,"324,2",CAPIVARI DE BAIXO,Falta de Atenção à Condução,Colisão com objeto estático,Com Vítimas Feridas,Pleno dia,Decrescente,Nublado,Múltipla,Reta,Não,1,0,1,0,0,0,1,1,-28.42890047,-48.92285509,SPRF-SC,DEL02-SC,UOP01-DEL02-SC,2020
"320746,0",2020-11-12,quinta-feira,02:00:00,SC,101,"112,5",ITAJAI,Fenômenos da Natureza,Colisão traseira,Com Vítimas Feridas,Plena Noite,Crescente,Chuva,Múltipla,Reta,Não,2,0,2,0,0,0,2,2,-26.84589005,-48.72131295,SPRF-SC,DEL04-SC,UOP04-DEL04-SC,2020
"320766,0",2020-11-11,quarta-feira,22:00:00,SC,101,"171,0",TIJUCAS,Não guardar distância de segurança,Colisão traseira,Com Vítimas Feridas,Plena Noite,Decrescente,Nublado,Dupla,Reta,Não,3,0,1,0,1,1,1,2,-27.30546499,-48.63258412,SPRF-SC,DEL04-SC,UOP03-DEL04-SC,2020
"320784,0",2020-11-12,quinta-feira,06:50:00,SC,101,"119,0",ITAJAI,Velocidade Incompatível,Saída de leito carroçável,Com Vítimas Feridas,Pleno dia,Crescente,Nublado,Múltipla,Reta,Sim,2,0,1,0,1,0,1,1,-26.9043179,-48.71555481,SPRF-SC,DEL04-SC,UOP04-DEL04-SC,2020
"320795,0",2020-11-12,quinta-feira,09:15:00,SC,101,"212,3",PALHOCA,Falta de Atenção à Condução,Atropelamento de Pedestre,Com Vítimas Feridas,Pleno dia,Decrescente,Nublado,Simples,Reta,Sim,2,0,0,2,0,0,2,2,-27.62996929,-48.65903871,SPRF-SC,DEL01-SC,UOP02-DEL01-SC,2020
"320836,0",2020-11-12,quinta-feira,12:45:00,SC,101,"208,0",SAO JOSE,Falta de Atenção à Condução,Colisão lateral,Com Vítimas Feridas,Pleno dia,Decrescente,Nublado,Múltipla,Reta,Não,2,0,1,0,1,0,1,2,-27.60327979,-48.63201818,SPRF-SC,DEL01-SC,UOP01-DEL01-SC,2020
"320857,0",2020-11-12,quinta-feira,16:25:00,SC,282,"4,5",SAO JOSE,Falta de Atenção à Condução,Colisão traseira,Com Vítimas Feridas,Pleno dia,Crescente,Céu Claro,Múltipla,Reta,Sim,2,0,1,0,1,0,1,2,-27.592646,-48.604034,SPRF-SC,DEL01-SC,UOP01-DEL01-SC,2020
"320874,0",2020-11-04,quarta-feira,18:40:00,SC,101,"121,0",ITAJAI,Falta de Atenção à Condução,Colisão lateral,Com Vítimas Feridas,Anoitecer,Decrescente,Céu Claro,Múltipla,Reta,Sim,4,0,1,0,3,0,1,4,-26.9211774,-48.70832026,SPRF-SC,DEL04-SC,UOP04-DEL04-SC,2020
"320909,0",2020-11-12,quinta-feira,19:50:00,SC,116,"5,6",MAFRA,Falta de Atenção à Condução,Colisão transversal,Com Vítimas Feridas,Plena Noite,Crescente,Nublado,Simples,Interseção de Vias,Não,2,0,1,0,1,0,1,2,-26.14094396,-49.81508303,SPRF-SC,DEL06-SC,UOP01-DEL06-SC,2020
"320922,0",2020-11-12,quinta-feira,07:30:00,SC,101,"174,0",BIGUACU,Falta de Atenção à Condução,Colisão traseira,Com Vítimas Feridas,Pleno dia,Decrescente,Nublado,Dupla,Reta,Não,2,0,0,1,1,0,1,2,-27.33081601,-48.62697562,SPRF-SC,DEL01-SC,UOP01-DEL01-SC,2020
"320924,0",2020-11-12,quinta-feira,20:00:00,SC,470,"45,0",BLUMENAU,Falta de Atenção do Pedestre,Atropelamento de Pedestre,Com Vítimas Feridas,Plena Noite,Crescente,Nublado,Simples,Reta,Não,3,0,0,1,1,1,1,2,-26.867064,-49.031109,SPRF-SC,DEL04-SC,UOP01-DEL04-SC,2020
"320926,0",2020-11-12,quinta-feira,17:30:00,SC,282,"293,9",VARGEM,Avarias e/ou desgaste excessivo no pneu,Colisão com objeto estático,Com Vítimas Feridas,Pleno dia,Decrescente,Chuva,Simples,Curva,Não,1,0,1,0,0,0,1,1,-27.53449405,-50.87172031,SPRF-SC,DEL07-SC,UOP06-DEL07-SC,2020
"320938,0",2020-11-12,quinta-feira,22:32:00,SC,116,"0,3",MAFRA,Ingestão de Álcool,Queda de ocupante de veículo,Com Vítimas Fatais,Plena Noite,Decrescente,Nublado,Simples,Reta,Sim,3,1,1,0,1,0,1,2,-26.112222,-49.786143,SPRF-SC,DEL06-SC,UOP01-DEL06-SC,2020
"320945,0",2020-11-13,sexta-feira,00:45:00,SC,101,"117,5",ITAJAI,Animais na Pista,Atropelamento de Animal,Com Vítimas Feridas,Plena Noite,Decrescente,Chuva,Múltipla,Reta,Sim,1,0,1,0,0,0,1,1,-26.88747187,-48.72252969,SPRF-SC,DEL04-SC,UOP04-DEL04-SC,2020
"320953,0",2020-11-13,sexta-feira,04:10:00,SC,101,"150,8",ITAPEMA,Ingestão de Álcool,Colisão com objeto estático,Com Vítimas Feridas,Amanhecer,Crescente,Nublado,Dupla,Reta,Sim,2,0,1,0,1,0,1,1,-27.11744799,-48.60940987,SPRF-SC,DEL04-SC,UOP03-DEL04-SC,2020
"320965,0",2020-11-13,sexta-feira,06:45:00,SC,101,"212,5",PALHOCA,Não guardar distância de segurança,Colisão traseira,Com Vítimas Feridas,Pleno dia,Crescente,Nublado,Múltipla,Reta,Sim,3,0,1,1,1,0,2,2,-27.63483577,-48.66325378,SPRF-SC,DEL01-SC,UOP02-DEL01-SC,2020
"320966,0",2020-11-13,sexta-feira,06:40:00,SC,282,"533,0",CORDILHEIRA ALTA,Falta de Atenção à Condução,Engavetamento,Com Vítimas Feridas,Pleno dia,Crescente,Céu Claro,Simples,Curva,Não,3,0,1,0,2,0,1,3,-26.99499724,-52.62745142,SPRF-SC,DEL07-SC,UOP01-DEL07-SC,2020
"320973,0",2020-11-13,sexta-feira,07:30:00,SC,101,"218,0",PALHOCA,Falta de Atenção à Condução,Colisão traseira,Com Vítimas Feridas,Pleno dia,Decrescente,Céu Claro,Múltipla,Reta,Não,1,0,0,1,0,0,1,1,-27.69198941,-48.66368358,SPRF-SC,DEL01-SC,UOP02-DEL01-SC,2020
"321019,0",2020-11-13,sexta-feira,08:00:00,SC,282,"379,5",HERVAL DOESTE,Desobediência às normas de trânsito pelo condutor,Colisão transversal,Com Vítimas Feridas,Pleno dia,Crescente,Céu Claro,Simples,Rotatória,Não,3,0,2,0,1,0,2,2,-27.214668,-51.489677,SPRF-SC,DEL07-SC,UOP05-DEL07-SC,2020
"321051,0",2020-10-31,sábado,01:40:00,SC,282,"53,9",RANCHO QUEIMADO,Ingestão de álcool e/ou substâncias psicoativas pelo pedestre,Colisão frontal,Com Vítimas Feridas,Plena Noite,Crescente,Chuva,Simples,Curva,Não,5,0,1,2,2,0,3,4,-27.68556121,-48.97417545,SPRF-SC,DEL01-SC,UOP03-DEL01-SC,2020
"321070,0",2020-11-13,sexta-feira,14:40:00,SC,101,"189,0",BIGUACU,Animais na Pista,Atropelamento de Animal,Com Vítimas Feridas,Pleno dia,Crescente,Céu Claro,Dupla,Reta,Não,3,0,0,1,2,0,1,3,-27.459393,-48.638914,SPRF-SC,DEL01-SC,UOP01-DEL01-SC,2020
"321079,0",2020-11-13,sexta-feira,14:50:00,SC,470,"147,3",AGRONOMICA,Não guardar distância de segurança,Colisão traseira,Com Vítimas Feridas,Pleno dia,Crescente,Céu Claro,Simples,Reta,Não,4,0,1,0,3,0,1,2,-27.243439,-49.690025,SPRF-SC,DEL04-SC,UOP02-DEL04-SC,2020
"321107,0",2020-11-13,sexta-feira,16:00:00,SC,470,"2,0",NAVEGANTES,Falta de Atenção à Condução,Colisão lateral,Com Vítimas Feridas,Pleno dia,Crescente,Céu Claro,Simples,Reta,Não,3,0,2,0,1,0,2,2,-26.868551,-48.674831,SPRF-SC,DEL04-SC,UOP04-DEL04-SC,2020
"321112,0",2020-11-13,sexta-feira,17:40:00,SC,470,"14,0",ILHOTA,Não guardar distância de segurança,Colisão traseira,Com Vítimas Feridas,Pleno dia,Crescente,Céu Claro,Simples,Reta,Não,2,0,1,0,1,0,1,2,-26.837988,-48.775795,SPRF-SC,DEL04-SC,UOP04-DEL04-SC,2020
"321129,0",2020-11-13,sexta-feira,18:45:00,SC,101,"203,5",SAO JOSE,Falta de Atenção à Condução,Colisão lateral,Com Vítimas Feridas,Plena Noite,Decrescente,Nublado,Múltipla,Reta,Não,2,0,0,1,1,0,1,2,-27.5650044,-48.61460082,SPRF-SC,DEL01-SC,UOP01-DEL01-SC,2020
"321165,0",2020-11-13,sexta-feira,16:10:00,SC,280,"126,6",RIO NEGRINHO,Falta de Atenção à Condução,Colisão transversal,Com Vítimas Feridas,Pleno dia,Crescente,Céu Claro,Simples,Aclive,Sim,3,0,1,0,2,0,1,2,-26.23779604,-49.49427399,SPRF-SC,DEL06-SC,UOP03-DEL06-SC,2020
"321182,0",2020-11-13,sexta-feira,18:30:00,SC,282,"16,2",PALHOCA,Falta de Atenção à Condução,Colisão lateral,Com Vítimas Feridas,Anoitecer,Crescente,Nublado,Simples,Reta,Sim,3,0,2,0,1,0,2,2,-27.658611,-48.681847,SPRF-SC,DEL01-SC,UOP02-DEL01-SC,2020
"321208,0",2020-11-13,sexta-feira,21:50:00,SC,282,"245,1",LAGES,Desobediência às normas de trânsito pelo condutor,Colisão transversal,Com Vítimas Feridas,Plena Noite,Crescente,Céu Claro,Simples,Rotatória,Sim,2,0,1,0,1,0,1,2,-27.79971643,-50.36364555,SPRF-SC,DEL05-SC,UOP02-DEL05-SC,2020
"321217,0",2020-11-13,sexta-feira,23:40:00,SC,470,"135,0",RIO DO SUL,Condutor Dormindo,Saída de leito carroçável,Com Vítimas Feridas,Plena Noite,Decrescente,Nublado,Simples,Reta,Não,1,0,1,0,0,0,1,1,-27.188492,-49.61232,SPRF-SC,DEL04-SC,UOP02-DEL04-SC,2020
"321229,0",2020-11-14,sábado,01:34:00,SC,101,"364,3",SANGAO,Falta de Atenção à Condução,Tombamento,Com Vítimas Fatais,Plena Noite,Decrescente,Céu Claro,Dupla,Reta,Não,1,1,0,0,0,0,0,1,-28.67821759,-49.13926425,SPRF-SC,DEL02-SC,UOP01-DEL02-SC,2020
"321248,0",2020-11-14,sábado,01:25:00,SC,101,"310,4",LAGUNA,Desobediência às normas de trânsito pelo condutor,Colisão frontal,Com Vítimas Feridas,Plena Noite,Decrescente,Céu Claro,Simples,Reta,Sim,5,0,0,1,4,0,1,2,-28.41679416,-48.79529064,SPRF-SC,DEL02-SC,UOP01-DEL02-SC,2020
"321261,0",2020-11-14,sábado,03:15:00,SC,101,"402,9",MARACAJA,Ingestão de Álcool,Saída de leito carroçável,Com Vítimas Feridas,Plena Noite,Decrescente,Nevoeiro/Neblina,Dupla,Reta,Não,1,0,1,0,0,0,1,1,-28.86330994,-49.44595308,SPRF-SC,DEL02-SC,UOP02-DEL02-SC,2020
"321271,0",2020-11-14,sábado,01:10:00,SC,470,"204,9",PONTE ALTA,Velocidade Incompatível,Saída de leito carroçável,Com Vítimas Fatais,Plena Noite,Decrescente,Nublado,Simples,Curva,Não,1,1,0,0,0,0,0,1,-27.289373,-50.166328,SPRF-SC,DEL05-SC,UOP03-DEL05-SC,2020
"321274,0",2020-11-14,sábado,02:30:00,SC,282,"641,5",SAO MIGUEL DO OESTE,Ingestão de Álcool,Saída de leito carroçável,Com Vítimas Feridas,Plena Noite,Crescente,Céu Claro,Simples,Curva;Aclive;Em Obras,Não,4,0,4,0,0,0,4,1,-26.77588229,-53.45878601,SPRF-SC,DEL07-SC,UOP03-DEL07-SC,2020
"321275,0",2020-11-14,sábado,00:30:00,SC,163,"74,1",SAO MIGUEL DO OESTE,Falta de Atenção à Condução,Saída de leito carroçável,Com Vítimas Feridas,Plena Noite,Decrescente,Céu Claro,Simples,Curva,Não,4,0,0,2,0,2,2,2,-26.70200479,-53.51350653,SPRF-SC,DEL07-SC,UOP03-DEL07-SC,2020
"321280,0",2020-11-14,sábado,05:00:00,SC,280,"24,8",ARAQUARI,Falta de Atenção à Condução,Colisão transversal,Com Vítimas Feridas,Amanhecer,Crescente,Nublado,Simples,Reta,Não,2,0,0,1,1,0,1,2,-26.37724921,-48.71953282,SPRF-SC,DEL03-SC,UOP03-DEL03-SC,2020
"321282,0",2020-11-14,sábado,04:00:00,SC,116,"4,5",MAFRA,Ingestão de Álcool,Colisão com objeto estático,Sem Vítimas,Plena Noite,Crescente,Céu Claro,Simples,Interseção de Vias,Sim,1,0,0,0,1,0,0,1,-26.13554917,-49.8072652,SPRF-SC,DEL06-SC,UOP01-DEL06-SC,2020
"321302,0",2020-11-14,sábado,09:00:00,SC,470,"61,1",BLUMENAU,Falta de Atenção à Condução,Colisão lateral,Com Vítimas Feridas,Pleno dia,Crescente,Sol,Dupla,Aclive,Não,3,0,2,0,1,0,2,2,-26.878952,-49.17421,SPRF-SC,DEL04-SC,UOP01-DEL04-SC,2020
"321313,0",2020-11-14,sábado,10:10:00,SC,101,"29,0",JOINVILLE,Desobediência às normas de trânsito pelo condutor,Tombamento,Com Vítimas Feridas,Pleno dia,Decrescente,Céu Claro,Dupla,Interseção de Vias,Sim,1,0,1,0,0,0,1,1,-26.211903,-48.91589904,SPRF-SC,DEL03-SC,UOP01-DEL03-SC,2020
"321331,0",2020-11-14,sábado,11:40:00,SC,280,"70,1",JARAGUA DO SUL,Falta de Atenção à Condução,Colisão transversal,Com Vítimas Feridas,Pleno dia,Decrescente,Sol,Simples,Reta,Sim,5,0,2,3,0,0,5,2,-26.46522052,-49.12675918,SPRF-SC,DEL03-SC,UOP03-DEL03-SC,2020
"321367,0",2020-11-14,sábado,15:40:00,SC,282,"132,0",BOM RETIRO,Velocidade Incompatível,Colisão traseira,Com Vítimas Feridas,Pleno dia,Decrescente,Céu Claro,Simples,Reta,Não,2,0,1,0,1,0,1,2,-27.8097,-49.522575,SPRF-SC,DEL05-SC,UOP01-DEL05-SC,2020
"321380,0",2020-11-14,sábado,16:50:00,SC,470,"134,0",RIO DO SUL,Falta de Atenção à Condução,Colisão lateral,Com Vítimas Feridas,Pleno dia,Decrescente,Céu Claro,Simples,Reta,Sim,1,0,1,0,0,0,1,1,-27.181854,-49.600128,SPRF-SC,DEL04-SC,UOP02-DEL04-SC,2020
"321381,0",2020-11-14,sábado,17:30:00,SC,280,"23,3",ARAQUARI,Falta de Atenção à Condução,Colisão transversal,Com Vítimas Feridas,Pleno dia,Crescente,Céu Claro,Simples,Reta,Sim,2,0,1,0,1,0,1,2,-26.373235,-48.714737,SPRF-SC,DEL03-SC,UOP03-DEL03-SC,2020
"321390,0",2020-11-14,sábado,17:00:00,SC,101,"211,0",PALHOCA,Velocidade Incompatível,Colisão traseira,Sem Vítimas,Pleno dia,Crescente,Céu Claro,Múltipla,Reta,Sim,2,0,0,0,2,0,0,2,-27.62329313,-48.65245588,SPRF-SC,DEL01-SC,UOP02-DEL01-SC,2020
"321396,0",2020-11-14,sábado,17:10:00,SC,470,"177,0",POUSO REDONDO,Não guardar distância de segurança,Colisão lateral,Com Vítimas Feridas,Pleno dia,Crescente,Céu Claro,Simples,Curva,Sim,3,0,0,1,2,0,1,3,-27.251858,-49.958,SPRF-SC,DEL04-SC,UOP02-DEL04-SC,2020
"321459,0",2020-11-14,sábado,21:10:00,SC,101,"322,0",PESCARIA BRAVA,Ingestão de Álcool,Saída de leito carroçável,Sem Vítimas,Plena Noite,Crescente,Céu Claro,Múltipla,Reta,Sim,1,0,0,0,1,0,0,1,-28.42491971,-48.90238108,SPRF-SC,DEL02-SC,UOP01-DEL02-SC,2020
"321483,0",2020-11-14,sábado,20:40:00,SC,282,"419,1",VARGEM BONITA,Ingestão de Álcool,Saída de leito carroçável,Com Vítimas Feridas,Plena Noite,Decrescente,Céu Claro,Simples,Curva,Não,1,0,0,1,0,0,1,1,-27.019398,-51.729195,SPRF-SC,DEL07-SC,UOP05-DEL07-SC,2020
"321487,0",2020-11-14,sábado,23:31:00,SC,470,"174,0",POUSO REDONDO,Falta de Atenção à Condução,Colisão transversal,Sem Vítimas,Plena Noite,Decrescente,Céu Claro,Simples,Interseção de Vias,Não,2,0,0,0,2,0,0,2,-27.258179,-49.929146,SPRF-SC,DEL04-SC,UOP02-DEL04-SC,2020
"321489,0",2020-11-15,domingo,00:15:00,SC,282,"516,0",XAXIM,Ingestão de Álcool,Saída de leito carroçável,Sem Vítimas,Plena Noite,Decrescente,Céu Claro,Simples,Curva,Não,1,0,0,0,1,0,0,1,-26.930862,-52.499157,SPRF-SC,DEL07-SC,UOP01-DEL07-SC,2020
"321504,0",2020-11-15,domingo,02:30:00,SC,101,"215,0",PALHOCA,Desobediência às normas de trânsito pelo condutor,Colisão frontal,Sem Vítimas,Plena Noite,Crescente,Nublado,Dupla,Desvio Temporário,Sim,2,0,0,0,2,0,0,2,-27.65184843,-48.67604941,SPRF-SC,DEL01-SC,UOP02-DEL01-SC,2020
"321506,0",2020-11-15,domingo,04:20:00,SC,101,"126,6",ITAJAI,Falta de Atenção à Condução,Colisão com objeto estático,Com Vítimas Feridas,Amanhecer,Crescente,Céu Claro,Dupla,Reta,Não,1,0,1,0,0,0,1,1,-26.95564404,-48.67978366,SPRF-SC,DEL04-SC,UOP04-DEL04-SC,2020
"321510,0",2020-11-15,domingo,04:45:00,SC,101,"332,2",TUBARAO,Ingestão de Álcool,Tombamento,Com Vítimas Feridas,Amanhecer,Decrescente,Céu Claro,Simples,Reta,Sim,1,0,1,0,0,0,1,1,-28.46016431,-48.98968873,SPRF-SC,DEL02-SC,UOP01-DEL02-SC,2020
"321515,0",2020-11-15,domingo,05:00:00,SC,101,"330,4",TUBARAO,Ingestão de Álcool,Tombamento,Com Vítimas Feridas,Amanhecer,Decrescente,Céu Claro,Simples,Reta,Sim,2,0,2,0,0,0,2,1,-28.45788404,-48.98496866,SPRF-SC,DEL02-SC,UOP01-DEL02-SC,2020
"321527,0",2020-11-15,domingo,07:15:00,SC,116,"217,2",CORREIA PINTO,Falta de Atenção à Condução,Colisão frontal,Com Vítimas Feridas,Pleno dia,Crescente,Nublado,Simples,Curva,Sim,3,0,2,0,1,0,2,2,-27.56351624,-50.3757906,SPRF-SC,DEL05-SC,UOP03-DEL05-SC,2020
"321546,0",2020-11-15,domingo,07:15:00,SC,101,"263,0",GAROPABA,Ingestão de Substâncias Psicoativas,Queda de ocupante de veículo,Com Vítimas Feridas,Pleno dia,Crescente,Céu Claro,Dupla,Reta,Não,2,0,1,0,1,0,1,1,-28.0431009,-48.71350524,SPRF-SC,DEL02-SC,UOP03-DEL02-SC,2020
"321564,0",2020-11-15,domingo,09:50:00,SC,470,"25,3",ILHOTA,Defeito Mecânico no Veículo,Saída de leito carroçável,Com Vítimas Feridas,Pleno dia,Decrescente,Céu Claro,Dupla,Reta,Não,2,0,1,0,1,0,1,1,-26.883764,-48.865986,SPRF-SC,DEL04-SC,UOP04-DEL04-SC,2020
"321592,0",2020-11-15,domingo,13:00:00,SC,280,"71,3",JARAGUA DO SUL,Desobediência às normas de trânsito pelo condutor,Colisão lateral,Com Vítimas Feridas,Pleno dia,Decrescente,Sol,Simples,Reta,Não,2,0,0,1,0,1,1,2,-26.45963348,-49.14349794,SPRF-SC,DEL03-SC,UOP03-DEL03-SC,2020
"321606,0",2020-11-15,domingo,15:25:00,SC,282,"201,8",LAGES,Falta de Atenção à Condução,Colisão transversal,Com Vítimas Feridas,Pleno dia,Crescente,Nublado,Simples,Reta;Aclive,Não,3,0,1,0,2,0,1,2,-27.763393,-50.152874,SPRF-SC,DEL05-SC,UOP01-DEL05-SC,2020
"321637,0",2020-11-15,domingo,15:00:00,SC,280,"97,9",CORUPA,Desobediência às normas de trânsito pelo condutor,Colisão transversal,Com Vítimas Feridas,Pleno dia,Crescente,Sol,Simples,Curva,Não,3,0,1,0,2,0,1,2,-26.37833107,-49.31732124,SPRF-SC,DEL06-SC,UOP03-DEL06-SC,2020
"321647,0",2020-11-15,domingo,16:30:00,SC,470,"190,1",POUSO REDONDO,Falta de Atenção à Condução,Capotamento,Com Vítimas Feridas,Pleno dia,Decrescente,Chuva,Simples,Curva,Não,3,0,3,0,0,0,3,1,-27.281504,-50.069775,SPRF-SC,DEL04-SC,UOP02-DEL04-SC,2020
"321652,0",2020-11-15,domingo,18:05:00,SC,282,"38,6",AGUAS MORNAS,Ingestão de Álcool,Colisão frontal,Com Vítimas Feridas,Plena Noite,Decrescente,Céu Claro,Simples,Curva,Não,4,0,1,1,1,1,2,3,-27.71339412,-48.85821819,SPRF-SC,DEL01-SC,UOP03-DEL01-SC,2020