id,data_inversa,dia_semana,horario,uf,br,km,municipio,causa_acidente,tipo_acidente,classificacao_acidente,fase_dia,sentido_via,condicao_metereologica,tipo_pista,tracado_via,uso_solo,pessoas,mortos,feridos_leves,feridos_graves,ilesos,ignorados,feridos,veiculos,latitude,longitude,regional,delegacia,uop,ano_arquivo
"321670,0",2020-11-15,domingo,16:00:00,SC,280,"26,0",ARAQUARI,Condutor Dormindo,Colisão com objeto estático,Sem Vítimas,Pleno dia,Crescente,Céu Claro,Simples,Reta,Sim,2,0,0,0,2,0,0,2,-26.38972308,-48.73411593,SPRF-SC,DEL03-SC,UOP03-DEL03-SC,2020
"321676,0",2020-11-15,domingo,21:05:00,SC,101,"117,4",ITAJAI,Ingestão de Álcool,Colisão traseira,Sem Vítimas,Plena Noite,Decrescente,Céu Claro,Múltipla,Ponte,Sim,2,0,0,0,2,0,0,2,-26.890813,-48.720922,SPRF-SC,DEL04-SC,UOP04-DEL04-SC,2020
"321685,0",2020-11-15,domingo,20:15:00,SC,280,"52,3",GUARAMIRIM,Falta de Atenção à Condução,Colisão transversal,Com Vítimas Feridas,Plena Noite,Crescente,Garoa/Chuvisco,Simples,Reta,Não,2,0,0,2,0,0,2,2,-26.47145659,-48.97176147,SPRF-SC,DEL03-SC,UOP03-DEL03-SC,2020
"321704,0",2020-11-15,domingo,22:20:00,SC,101,"105,8",PENHA,Falta de Atenção à Condução,Tombamento,Com Vítimas Feridas,Plena Noite,Crescente,Nublado,Dupla,Reta,Não,1,0,1,0,0,0,1,1,-26.80215497,-48.67891041,SPRF-SC,DEL03-SC,UOP02-DEL03-SC,2020
"321707,0",2020-11-15,domingo,23:00:00,SC,282,"21,0",PALHOCA,Desobediência às normas de trânsito pelo condutor,Colisão traseira,Sem Vítimas,Plena Noite,Crescente,Nublado,Simples,Reta,Sim,2,0,0,0,2,0,0,2,-27.68907,-48.717541,SPRF-SC,DEL01-SC,UOP02-DEL01-SC,2020
"321716,0",2020-11-15,domingo,22:35:00,SC,282,"229,7",LAGES,Ingestão de Álcool,Saída de leito carroçável,Com Vítimas Feridas,Plena Noite,Decrescente,Nublado,Simples,Declive;Curva,Não,8,0,6,2,0,0,8,1,-27.79125053,-50.41531563,SPRF-SC,DEL05-SC,UOP02-DEL05-SC,2020
"321720,0",2020-11-16,segunda-feira,00:55:00,SC,101,"196,7",BIGUACU,Ingestão de Álcool,Colisão com objeto estático,Com Vítimas Feridas,Plena Noite,Crescente,Céu Claro,Dupla,Curva,Sim,1,0,1,0,0,0,1,1,-27.51101091,-48.64322292,SPRF-SC,DEL01-SC,UOP01-DEL01-SC,2020
"321721,0",2020-11-15,domingo,22:05:00,SC,101,"258,4",PAULO LOPES,Condutor Dormindo,Saída de leito carroçável,Com Vítimas Feridas,Plena Noite,Decrescente,Nublado,Simples,Aclive;Reta,Não,1,0,1,0,0,0,1,1,-28.00482282,-48.69190437,SPRF-SC,DEL02-SC,UOP03-DEL02-SC,2020
"321726,0",2020-11-16,segunda-feira,01:00:00,SC,101,"158,0",PORTO BELO,Falta de Atenção à Condução,Tombamento,Com Vítimas Feridas,Plena Noite,Decrescente,Céu Claro,Dupla,Reta,Não,1,0,0,1,0,0,1,1,-27.19096301,-48.61259017,SPRF-SC,DEL04-SC,UOP03-DEL04-SC,2020
"321731,0",2020-11-16,segunda-feira,00:40:00,SC,282,"503,0",XANXERE,Defeito Mecânico no Veículo,Saída de leito carroçável,Com Vítimas Feridas,Plena Noite,Decrescente,Céu Claro,Dupla,Curva,Sim,1,0,1,0,0,0,1,1,-26.88492,-52.399788,SPRF-SC,DEL07-SC,UOP01-DEL07-SC,2020
"321733,0",2020-11-16,segunda-feira,01:30:00,SC,282,"503,8",XANXERE,Ingestão de Álcool,Colisão traseira,Sem Vítimas,Plena Noite,Decrescente,Céu Claro,Dupla,Curva,Sim,3,0,0,0,3,0,0,3,-26.88492,-52.399788,SPRF-SC,DEL07-SC,UOP01-DEL07-SC,2020
"321742,0",2020-11-16,segunda-feira,03:00:00,SC,101,"254,9",PAULO LOPES,Falta de Atenção à Condução,Saída de leito carroçável,Sem Vítimas,Plena Noite,Decrescente,Céu Claro,Dupla,Reta,Não,1,0,0,0,1,0,0,1,-27.97742358,-48.67947578,SPRF-SC,DEL02-SC,UOP03-DEL02-SC,2020
"321746,0",2020-11-16,segunda-feira,02:30:00,SC,282,"140,6",BOM RETIRO,Falta de Atenção à Condução,Saída de leito carroçável,Com Vítimas Feridas,Plena Noite,Crescente,Nevoeiro/Neblina,Simples,Reta,Não,5,0,2,3,0,0,5,1,-27.818821,-49.590221,SPRF-SC,DEL05-SC,UOP01-DEL05-SC,2020
"321751,0",2020-11-16,segunda-feira,04:45:00,SC,282,"322,7",CAMPOS NOVOS,Velocidade Incompatível,Capotamento,Com Vítimas Feridas,Plena Noite,Crescente,Nublado,Simples,Interseção de Vias,Não,1,0,1,0,0,0,1,1,-27.37501187,-51.06675094,SPRF-SC,DEL07-SC,UOP06-DEL07-SC,2020
"321760,0",2020-11-16,segunda-feira,05:40:00,SC,470,"118,3",IBIRAMA,Condutor Dormindo,Saída de leito carroçável,Sem Vítimas,Amanhecer,Decrescente,Nublado,Simples,Curva,Não,1,0,0,0,1,0,0,1,-27.082176,-49.511818,SPRF-SC,DEL04-SC,UOP02-DEL04-SC,2020
"321789,0",2020-11-16,segunda-feira,09:00:00,SC,101,"282,4",IMBITUBA,Desobediência às normas de trânsito pelo condutor,Colisão lateral,Com Vítimas Feridas,Pleno dia,Crescente,Nublado,Múltipla,Interseção de Vias,Sim,3,0,2,0,1,0,2,2,-28.214847,-48.7002,SPRF-SC,DEL02-SC,UOP03-DEL02-SC,2020
"321790,0",2020-11-16,segunda-feira,07:50:00,SC,282,"540,0",CHAPECO,Pista Escorregadia,Tombamento,Com Vítimas Feridas,Pleno dia,Crescente,Céu Claro,Simples,Reta,Não,1,0,0,1,0,0,1,1,-26.994461,-52.690178,SPRF-SC,DEL07-SC,UOP01-DEL07-SC,2020
"321797,0",2020-11-16,segunda-feira,10:15:00,SC,470,"56,7",BLUMENAU,Falta de Atenção à Condução,Colisão frontal,Com Vítimas Feridas,Pleno dia,Crescente,Céu Claro,Simples,Curva,Não,2,0,1,0,1,0,1,2,-26.87674,-49.127743,SPRF-SC,DEL04-SC,UOP01-DEL04-SC,2020
"321809,0",2020-11-16,segunda-feira,08:50:00,SC,101,"122,0",ITAJAI,Carga excessiva e/ou mal acondicionada,Tombamento,Com Vítimas Feridas,Pleno dia,Crescente,Céu Claro,Múltipla,Reta,Não,1,0,1,0,0,0,1,1,-26.92955916,-48.70499836,SPRF-SC,DEL04-SC,UOP04-DEL04-SC,2020
"321834,0",2020-11-16,segunda-feira,14:15:00,SC,101,"235,2",PALHOCA,Velocidade Incompatível,Colisão traseira,Com Vítimas Feridas,Pleno dia,Decrescente,Chuva,Dupla,Curva,Não,4,0,2,0,2,0,2,2,-27.8177775,-48.6315025,SPRF-SC,DEL01-SC,UOP02-DEL01-SC,2020
"321840,0",2020-11-16,segunda-feira,15:20:00,SC,282,"16,0",PALHOCA,Desobediência às normas de trânsito pelo condutor,Colisão transversal,Com Vítimas Feridas,Pleno dia,Crescente,Céu Claro,Simples,Reta,Não,2,0,1,0,1,0,1,2,-27.658611,-48.681847,SPRF-SC,DEL01-SC,UOP02-DEL01-SC,2020
"321851,0",2020-11-16,segunda-feira,15:10:00,SC,280,"67,0",JARAGUA DO SUL,Desobediência às normas de trânsito pelo condutor,Colisão traseira,Com Vítimas Feridas,Pleno dia,Crescente,Céu Claro,Simples,Reta,Não,2,0,1,0,1,0,1,2,-26.4775146,-49.10363575,SPRF-SC,DEL03-SC,UOP03-DEL03-SC,2020
"321861,0",2020-11-16,segunda-feira,15:40:00,SC,101,"144,0",ITAPEMA,Não guardar distância de segurança,Colisão lateral,Com Vítimas Feridas,Pleno dia,Decrescente,Nublado,Dupla,Reta,Sim,2,0,1,0,1,0,1,2,-27.0732659,-48.59672716,SPRF-SC,DEL04-SC,UOP03-DEL04-SC,2020
"321871,0",2020-11-14,sábado,10:10:00,SC,470,"12,2",NAVEGANTES,Falta de Atenção à Condução,Colisão transversal,Com Vítimas Feridas,Pleno dia,Crescente,Céu Claro,Simples,Em Obras;Reta,Não,3,0,3,0,0,0,3,2,-26.833693,-48.73724,SPRF-SC,DEL04-SC,UOP04-DEL04-SC,2020
"321883,0",2020-11-16,segunda-feira,18:25:00,SC,282,"5,0",SAO JOSE,Falta de Atenção à Condução,Colisão lateral,Com Vítimas Feridas,Anoitecer,Decrescente,Chuva,Múltipla,Interseção de Vias,Sim,2,0,1,0,1,0,1,2,-27.588425,-48.612919,SPRF-SC,DEL01-SC,UOP01-DEL01-SC,2020
"321907,0",2020-11-16,segunda-feira,20:45:00,SC,101,"203,0",SAO JOSE,Pista Escorregadia,Queda de ocupante de veículo,Com Vítimas Feridas,Plena Noite,Decrescente,Garoa/Chuvisco,Múltipla,Reta,Não,2,0,2,0,0,0,2,1,-27.5650044,-48.61460082,SPRF-SC,DEL01-SC,UOP01-DEL01-SC,2020
"321932,0",2020-11-16,segunda-feira,20:55:00,SC,101,"43,5",JOINVILLE,Falta de Atenção à Condução,Colisão transversal,Com Vítimas Feridas,Plena Noite,Crescente,Chuva,Simples,Interseção de Vias,Sim,2,0,1,0,1,0,1,2,-26.30357106,-48.88225609,SPRF-SC,DEL03-SC,UOP01-DEL03-SC,2020
"321935,0",2020-11-17,terça-feira,00:05:00,SC,101,"375,4",ICARA,Ingestão de Álcool,Colisão com objeto estático,Com Vítimas Feridas,Plena Noite,Decrescente,Nublado,Dupla,Reta,Não,2,0,2,0,0,0,2,1,-28.73328453,-49.2446655,SPRF-SC,DEL02-SC,UOP01-DEL02-SC,2020
"321960,0",2020-11-16,segunda-feira,11:30:00,SC,101,"124,0",ITAJAI,Não guardar distância de segurança,Colisão traseira,Com Vítimas Feridas,Pleno dia,Crescente,Céu Claro,Dupla,Reta,Não,2,0,1,0,1,0,1,2,-26.94335064,-48.69198648,SPRF-SC,DEL04-SC,UOP04-DEL04-SC,2020
"321964,0",2020-11-17,terça-feira,05:20:00,SC,282,"345,0",CAMPOS NOVOS,Desobediência às normas de trânsito pelo condutor,Colisão frontal,Com Vítimas Feridas,Amanhecer,Decrescente,Chuva,Simples,Reta,Não,6,0,4,1,0,1,5,3,-27.374619,-51.247044,SPRF-SC,DEL07-SC,UOP06-DEL07-SC,2020
"322069,0",2020-11-17,terça-feira,15:45:00,SC,101,"333,9",TUBARAO,Desobediência às normas de trânsito pelo condutor,Colisão traseira,Com Vítimas Feridas,Pleno dia,Crescente,Sol,Simples,Reta,Sim,3,0,1,0,2,0,1,2,-28.46989852,-49.01687622,SPRF-SC,DEL02-SC,UOP01-DEL02-SC,2020
"322071,0",2020-11-17,terça-feira,19:00:00,SC,101,"219,5",PALHOCA,Falta de Atenção à Condução,Queda de ocupante de veículo,Com Vítimas Feridas,Anoitecer,Crescente,Céu Claro,Simples,Curva,Não,1,0,0,1,0,0,1,1,-27.68392194,-48.66710085,SPRF-SC,DEL01-SC,UOP02-DEL01-SC,2020
"322098,0",2020-11-17,terça-feira,22:05:00,SC,101,"135,0",BALNEARIO CAMBORIU,Ingestão de Álcool,Colisão com objeto estático,Com Vítimas Feridas,Plena Noite,Crescente,Céu Claro,Múltipla,Interseção de Vias,Sim,1,0,1,0,0,0,1,1,-27.0050108,-48.62677494,SPRF-SC,DEL04-SC,UOP03-DEL04-SC,2020
"322102,0",2020-11-17,terça-feira,23:00:00,SC,101,"208,4",SAO JOSE,Defeito Mecânico no Veículo,Queda de ocupante de veículo,Com Vítimas Feridas,Plena Noite,Crescente,Nublado,Múltipla,Reta,Sim,2,0,2,0,0,0,2,1,-27.60327979,-48.63201818,SPRF-SC,DEL01-SC,UOP01-DEL01-SC,2020
"322106,0",2020-11-17,terça-feira,22:45:00,SC,280,"145,0",MAFRA,Animais na Pista,Atropelamento de Animal,Com Vítimas Feridas,Plena Noite,Crescente,Nublado,Simples,Curva,Não,1,0,1,0,0,0,1,1,-26.24950759,-49.65448427,SPRF-SC,DEL06-SC,UOP03-DEL06-SC,2020
"322139,0",2020-11-18,quarta-feira,07:50:00,SC,101,"214,5",PALHOCA,Falta de Atenção à Condução,Colisão lateral,Com Vítimas Feridas,Pleno dia,Decrescente,Nublado,Múltipla,Reta,Sim,2,0,1,0,1,0,1,2,-27.64794485,-48.6727944,SPRF-SC,DEL01-SC,UOP02-DEL01-SC,2020
"322180,0",2020-11-18,quarta-feira,12:45:00,SC,101,"206,9",SAO JOSE,Falta de Atenção à Condução,Colisão transversal,Com Vítimas Feridas,Pleno dia,Crescente,Nublado,Múltipla,Interseção de Vias,Sim,2,0,0,1,1,0,1,2,-27.59912,-48.62204432,SPRF-SC,DEL01-SC,UOP01-DEL01-SC,2020
"322194,0",2020-11-18,quarta-feira,12:10:00,SC,282,"293,5",VARGEM,Velocidade Incompatível,Saída de leito carroçável,Com Vítimas Feridas,Pleno dia,Decrescente,Nublado,Simples,Curva,Não,1,0,1,0,0,0,1,1,-27.538227,-50.860825,SPRF-SC,DEL07-SC,UOP06-DEL07-SC,2020
"322208,0",2020-11-18,quarta-feira,14:40:00,SC,470,"38,0",GASPAR,Pista Escorregadia,Tombamento,Com Vítimas Feridas,Pleno dia,Crescente,Chuva,Simples,Reta,Não,1,0,1,0,0,0,1,1,-26.904108,-48.980164,SPRF-SC,DEL04-SC,UOP01-DEL04-SC,2020
"322216,0",2020-11-18,quarta-feira,16:00:00,SC,101,"212,0",PALHOCA,Não guardar distância de segurança,Colisão traseira,Sem Vítimas,Pleno dia,Decrescente,Chuva,Dupla,Reta,Sim,2,0,0,0,2,0,0,2,-27.62996929,-48.65903871,SPRF-SC,DEL01-SC,UOP02-DEL01-SC,2020
"322275,0",2020-11-18,quarta-feira,20:05:00,SC,116,"62,8",PAPANDUVA,Desobediência às normas de trânsito pelo condutor,Colisão frontal,Com Vítimas Feridas,Plena Noite,Crescente,Céu Claro,Simples,Reta,Não,3,0,1,0,2,0,1,2,-26.39743503,-50.22573664,SPRF-SC,DEL06-SC,UOP02-DEL06-SC,2020
"322302,0",2020-11-18,quarta-feira,22:25:00,SC,101,"215,5",PALHOCA,Falta de Atenção à Condução,Colisão transversal,Com Vítimas Feridas,Plena Noite,Decrescente,Nublado,Múltipla,Interseção de Vias,Sim,2,0,2,0,0,0,2,2,-27.65184843,-48.67604941,SPRF-SC,DEL01-SC,UOP02-DEL01-SC,2020
"322310,0",2020-11-18,quarta-feira,21:10:00,SC,280,"9,0",SAO FRANCISCO DO SUL,Falta de Atenção à Condução,Colisão transversal,Sem Vítimas,Plena Noite,Crescente,Chuva,Simples,Reta,Sim,2,0,0,0,2,0,0,2,-26.28788296,-48.64601559,SPRF-SC,DEL03-SC,UOP03-DEL03-SC,2020
"322353,0",2020-11-19,quinta-feira,07:30:00,SC,282,"3,0",FLORIANOPOLIS,Avarias e/ou desgaste excessivo no pneu,Queda de ocupante de veículo,Com Vítimas Feridas,Pleno dia,Decrescente,Chuva,Dupla,Reta,Sim,2,0,2,0,0,0,2,1,-27.600384,-48.599705,SPRF-SC,DEL01-SC,UOP01-DEL01-SC,2020
"322358,0",2020-11-19,quinta-feira,07:15:00,SC,280,"50,0",GUARAMIRIM,Falta de Atenção à Condução,Colisão transversal,Com Vítimas Feridas,Pleno dia,Crescente,Chuva,Simples,Reta,Não,2,0,1,0,1,0,1,2,-26.46399317,-48.95155494,SPRF-SC,DEL03-SC,UOP03-DEL03-SC,2020
"322374,0",2020-11-19,quinta-feira,08:20:00,SC,101,"103,0",BALNEARIO PICARRAS,Não guardar distância de segurança,Colisão transversal,Com Vítimas Feridas,Pleno dia,Crescente,Chuva,Múltipla,Reta,Não,2,0,1,0,1,0,1,2,-26.7832381,-48.68314632,SPRF-SC,DEL03-SC,UOP02-DEL03-SC,2020
"322410,0",2020-11-19,quinta-feira,10:50:00,SC,101,"30,0",JOINVILLE,Avarias e/ou desgaste excessivo no pneu,Colisão traseira,Com Vítimas Feridas,Pleno dia,Crescente,Garoa/Chuvisco,Simples,Declive,Não,4,0,0,1,3,0,1,2,-26.216931,-48.91612807,SPRF-SC,DEL03-SC,UOP01-DEL03-SC,2020
"322470,0",2020-11-19,quinta-feira,17:15:00,SC,153,"100,1",CONCORDIA,Falta de Atenção à Condução,Colisão frontal,Com Vítimas Feridas,Pleno dia,Crescente,Céu Claro,Simples,Reta,Sim,2,0,1,0,1,0,1,2,-27.242643,-51.95171,SPRF-SC,DEL07-SC,UOP04-DEL07-SC,2020
"322491,0",2020-11-19,quinta-feira,19:50:00,SC,280,"56,3",GUARAMIRIM,Falta de Atenção à Condução,Colisão transversal,Com Vítimas Feridas,Plena Noite,Decrescente,Nublado,Simples,Interseção de Vias,Sim,3,0,1,0,2,0,1,2,-26.47943723,-49.00936604,SPRF-SC,DEL03-SC,UOP03-DEL03-SC,2020
"322500,0",2020-11-19,quinta-feira,21:35:00,SC,282,"222,4",LAGES,Animais na Pista,Atropelamento de Animal,Com Vítimas Fatais,Plena Noite,Decrescente,Céu Claro,Simples,Reta;Declive,Não,4,1,1,1,0,1,2,3,-27.796944,-50.34803,SPRF-SC,DEL05-SC,UOP01-DEL05-SC,2020
"322519,0",2020-11-20,sexta-feira,04:00:00,SC,280,"113,8",SAO BENTO DO SUL,Falta de Atenção à Condução,Colisão transversal,Com Vítimas Fatais,Plena Noite,Decrescente,Garoa/Chuvisco,Simples,Curva,Sim,2,1,0,0,1,0,0,2,-26.28183339,-49.41551685,SPRF-SC,DEL06-SC,UOP03-DEL06-SC,2020
"322522,0",2020-11-19,quinta-feira,21:15:00,SC,101,"382,0",ICARA,Animais na Pista,Saída de leito carroçável,Com Vítimas Feridas,Plena Noite,Crescente,Ignorado,Simples,Reta,Não,1,0,1,0,0,0,1,1,-28.75966988,-49.28552404,SPRF-SC,DEL02-SC,UOP02-DEL02-SC,2020
"322548,0",2020-11-20,sexta-feira,07:35:00,SC,101,"208,0",SAO JOSE,Defeito Mecânico no Veículo,Colisão lateral,Com Vítimas Feridas,Pleno dia,Decrescente,Sol,Dupla,Reta,Não,2,0,1,0,1,0,1,2,-27.60327979,-48.63201818,SPRF-SC,DEL01-SC,UOP01-DEL01-SC,2020
"322549,0",2020-11-20,sexta-feira,06:59:00,SC,101,"105,0",PENHA,Falta de Atenção à Condução,Colisão lateral,Com Vítimas Feridas,Pleno dia,Crescente,Céu Claro,Dupla,Curva,Sim,2,0,1,0,0,1,1,2,-26.80215497,-48.67891041,SPRF-SC,DEL03-SC,UOP02-DEL03-SC,2020
"322557,0",2020-11-20,sexta-feira,07:15:00,SC,470,"3,0",NAVEGANTES,Desobediência às normas de trânsito pelo condutor,Colisão transversal,Com Vítimas Feridas,Pleno dia,Crescente,Nublado,Dupla,Em Obras,Não,2,0,1,0,1,0,1,2,-26.861937,-48.681618,SPRF-SC,DEL04-SC,UOP04-DEL04-SC,2020
"322570,0",2020-11-20,sexta-feira,10:25:00,SC,280,"8,4",SAO FRANCISCO DO SUL,Falta de Atenção à Condução,Colisão traseira,Com Vítimas Feridas,Pleno dia,Decrescente,Nublado,Simples,Reta,Não,4,0,1,0,3,0,1,3,-26.27887292,-48.64668626,SPRF-SC,DEL03-SC,UOP03-DEL03-SC,2020
"322593,0",2020-11-20,sexta-feira,08:50:00,SC,163,"112,2",GUARUJA DO SUL,Ultrapassagem Indevida,Colisão lateral,Com Vítimas Feridas,Pleno dia,Decrescente,Céu Claro,Simples,Reta,Sim,3,0,1,0,2,0,1,2,-26.38593977,-53.51888895,SPRF-SC,DEL07-SC,UOP03-DEL07-SC,2020
"322598,0",2020-11-20,sexta-feira,09:20:00,SC,282,"646,2",SAO MIGUEL DO OESTE,Falta de Atenção à Condução,Colisão transversal,Com Vítimas Feridas,Pleno dia,Crescente,Céu Claro,Simples,Reta,Não,2,0,0,1,1,0,1,2,-26.763933,-53.496826,SPRF-SC,DEL07-SC,UOP03-DEL07-SC,2020
"322605,0",2020-11-20,sexta-feira,13:25:00,SC,101,"202,5",SAO JOSE,Desobediência às normas de trânsito pelo condutor,Colisão traseira,Com Vítimas Feridas,Pleno dia,Decrescente,Sol,Múltipla,Reta,Sim,5,0,2,0,3,0,2,3,-27.55711595,-48.61897889,SPRF-SC,DEL01-SC,UOP01-DEL01-SC,2020
"322606,0",2020-11-20,sexta-feira,12:25:00,SC,101,"331,7",TUBARAO,Desobediência às normas de trânsito pelo condutor,Colisão transversal,Sem Vítimas,Pleno dia,Crescente,Sol,Múltipla,Interseção de Vias,Não,2,0,0,0,2,0,0,2,-28.46567318,-48.99614811,SPRF-SC,DEL02-SC,UOP01-DEL02-SC,2020
"322623,0",2020-11-20,sexta-feira,15:05:00,SC,101,"138,0",BALNEARIO CAMBORIU,Não guardar distância de segurança,Colisão traseira,Com Vítimas Feridas,Pleno dia,Crescente,Céu Claro,Simples,Curva,Não,2,0,1,0,1,0,1,2,-27.02397426,-48.60761649,SPRF-SC,DEL04-SC,UOP03-DEL04-SC,2020
"322631,0",2020-11-20,sexta-feira,15:50:00,SC,470,"5,6",NAVEGANTES,Desobediência às normas de trânsito pelo condutor,Colisão traseira,Com Vítimas Feridas,Pleno dia,Decrescente,Céu Claro,Dupla,Reta,Não,2,0,1,0,1,0,1,2,-26.855688,-48.700333,SPRF-SC,DEL04-SC,UOP04-DEL04-SC,2020
"322649,0",2020-11-20,sexta-feira,17:20:00,SC,101,"216,0",PALHOCA,Não guardar distância de segurança,Tombamento,Com Vítimas Feridas,Pleno dia,Crescente,Garoa/Chuvisco,Dupla,Reta,Sim,1,0,1,0,0,0,1,1,-27.65981409,-48.67747798,SPRF-SC,DEL01-SC,UOP02-DEL01-SC,2020
"322651,0",2020-11-20,sexta-feira,17:25:00,SC,282,"3,0",SAO JOSE,Não guardar distância de segurança,Colisão lateral,Com Vítimas Feridas,Pleno dia,Crescente,Nublado,Dupla,Reta,Sim,2,0,1,0,1,0,1,2,-27.600384,-48.599705,SPRF-SC,DEL01-SC,UOP01-DEL01-SC,2020
"322652,0",2020-11-20,sexta-feira,14:45:00,SC,101,"95,0",BARRA VELHA,Falta de Atenção à Condução,Tombamento,Com Vítimas Feridas,Pleno dia,Crescente,Céu Claro,Dupla,Reta,Não,1,0,1,0,0,0,1,1,-26.70876413,-48.70221065,SPRF-SC,DEL03-SC,UOP02-DEL03-SC,2020
"322659,0",2020-11-20,sexta-feira,17:00:00,SC,101,"135,0",BALNEARIO CAMBORIU,Falta de Atenção à Condução,Tombamento,Com Vítimas Feridas,Pleno dia,Crescente,Céu Claro,Dupla,Reta,Sim,1,0,1,0,0,0,1,1,-27.0050108,-48.62677494,SPRF-SC,DEL04-SC,UOP03-DEL04-SC,2020
"322668,0",2020-11-20,sexta-feira,17:10:00,SC,101,"29,6",JOINVILLE,Não guardar distância de segurança,Colisão traseira,Com Vítimas Feridas,Pleno dia,Crescente,Nublado,Dupla,Aclive;Reta,Sim,3,0,2,0,1,0,2,3,-26.211903,-48.91589904,SPRF-SC,DEL03-SC,UOP01-DEL03-SC,2020
"322685,0",2020-11-20,sexta-feira,19:05:00,SC,101,"198,0",BIGUACU,Desobediência às normas de trânsito pelo condutor,Colisão lateral,Com Vítimas Feridas,Plena Noite,Crescente,Céu Claro,Dupla,Reta,Sim,2,0,1,0,1,0,1,2,-27.52658712,-48.63506019,SPRF-SC,DEL01-SC,UOP01-DEL01-SC,2020
"322702,0",2020-11-20,sexta-feira,20:00:00,SC,282,"507,0",XANXERE,Falta de Atenção à Condução,Colisão frontal,Com Vítimas Feridas,Plena Noite,Decrescente,Céu Claro,Simples,Reta,Sim,2,0,1,0,1,0,1,2,-26.886171,-52.43911,SPRF-SC,DEL07-SC,UOP01-DEL07-SC,2020
"322708,0",2020-11-20,sexta-feira,16:40:00,SC,282,"111,0",ALFREDO WAGNER,Pista Escorregadia,Saída de leito carroçável,Com Vítimas Feridas,Pleno dia,Decrescente,Chuva,Simples,Curva,Não,2,0,0,2,0,0,2,1,-27.733616,-49.367538,SPRF-SC,DEL01-SC,UOP03-DEL01-SC,2020
"322712,0",2020-11-20,sexta-feira,21:00:00,SC,101,"205,4",SAO JOSE,Ingestão de Álcool,Saída de leito carroçável,Com Vítimas Feridas,Plena Noite,Crescente,Garoa/Chuvisco,Simples,Curva,Sim,1,0,1,0,0,0,1,1,-27.58313237,-48.61532885,SPRF-SC,DEL01-SC,UOP01-DEL01-SC,2020
"322740,0",2020-11-21,sábado,00:50:00,SC,101,"402,0",MARACAJA,Condutor Dormindo,Saída de leito carroçável,Com Vítimas Feridas,Plena Noite,Decrescente,Nublado,Dupla,Reta,Sim,2,0,2,0,0,0,2,1,-28.87992794,-49.45882916,SPRF-SC,DEL02-SC,UOP02-DEL02-SC,2020
"322742,0",2020-11-21,sábado,01:15:00,SC,282,"18,0",PALHOCA,Ingestão de Álcool,Colisão frontal,Com Vítimas Feridas,Plena Noite,Crescente,Céu Claro,Simples,Reta,Não,1,0,1,0,0,0,1,1,-27.672798,-48.694286,SPRF-SC,DEL01-SC,UOP02-DEL01-SC,2020
"322751,0",2020-11-21,sábado,03:00:00,SC,282,"21,3",PALHOCA,Ingestão de Álcool,Colisão frontal,Com Vítimas Feridas,Plena Noite,Crescente,Nublado,Simples,Curva,Sim,3,0,2,0,1,0,2,2,-27.68907,-48.717541,SPRF-SC,DEL01-SC,UOP02-DEL01-SC,2020
"322763,0",2020-11-21,sábado,03:50:00,SC,470,"145,0",RIO DO SUL,Ingestão de Álcool,Colisão frontal,Com Vítimas Feridas,Plena Noite,Crescente,Garoa/Chuvisco,Simples,Reta,Não,2,0,0,1,1,0,1,2,-27.23244784,-49.67176622,SPRF-SC,DEL04-SC,UOP02-DEL04-SC,2020
"322769,0",2020-11-21,sábado,04:00:00,SC,101,"119,9",ITAJAI,Ingestão de Álcool,Colisão com objeto estático,Com Vítimas Feridas,Amanhecer,Crescente,Céu Claro,Dupla,Reta,Não,1,0,1,0,0,0,1,1,-26.9043179,-48.71555481,SPRF-SC,DEL04-SC,UOP04-DEL04-SC,2020
"322807,0",2020-11-21,sábado,08:40:00,SC,470,"95,5",APIUNA,Condutor Dormindo,Atropelamento de Pedestre,Com Vítimas Feridas,Pleno dia,Crescente,Céu Claro,Simples,Reta,Não,2,0,1,0,1,0,1,2,-27.011988,-49.372101,SPRF-SC,DEL04-SC,UOP01-DEL04-SC,2020
"322811,0",2020-11-21,sábado,08:40:00,SC,280,"125,0",RIO NEGRINHO,Desobediência às normas de trânsito pelo condutor,Colisão transversal,Com Vítimas Feridas,Pleno dia,Decrescente,Céu Claro,Simples,Reta,Sim,2,0,0,1,1,0,1,2,-26.23763684,-49.48434497,SPRF-SC,DEL06-SC,UOP03-DEL06-SC,2020
"322813,0",2020-11-19,quinta-feira,14:35:00,SC,480,"125,0",CHAPECO,Falta de Atenção à Condução,Tombamento,Com Vítimas Feridas,Pleno dia,Decrescente,Céu Claro,Dupla,Reta,Sim,1,0,0,1,0,0,1,1,-27.012861,-52.638955,SPRF-SC,DEL07-SC,UOP01-DEL07-SC,2020
"322829,0",2020-11-21,sábado,10:15:00,SC,101,"401,0",MARACAJA,Falta de Atenção à Condução,Colisão traseira,Com Vítimas Feridas,Pleno dia,Crescente,Nublado,Dupla,Reta,Não,3,0,2,0,1,0,2,2,-28.85594274,-49.44019434,SPRF-SC,DEL02-SC,UOP02-DEL02-SC,2020
"322830,0",2020-11-21,sábado,10:45:00,SC,153,"98,7",CONCORDIA,Falta de Atenção à Condução,Colisão transversal,Com Vítimas Feridas,Pleno dia,Decrescente,Céu Claro,Simples,Curva,Não,3,0,1,0,2,0,1,3,-27.228394,-51.952316,SPRF-SC,DEL07-SC,UOP04-DEL07-SC,2020
"322842,0",2020-11-21,sábado,09:10:00,SC,101,"26,4",JOINVILLE,Defeito Mecânico no Veículo,Colisão com objeto estático,Com Vítimas Feridas,Pleno dia,Crescente,Nublado,Dupla,Reta,Sim,2,0,2,0,0,0,2,1,-26.19234802,-48.91210384,SPRF-SC,DEL03-SC,UOP01-DEL03-SC,2020