id,data_inversa,dia_semana,horario,uf,br,km,municipio,causa_acidente,tipo_acidente,classificacao_acidente,fase_dia,sentido_via,condicao_metereologica,tipo_pista,tracado_via,uso_solo,pessoas,mortos,feridos_leves,feridos_graves,ilesos,ignorados,feridos,veiculos,latitude,longitude,regional,delegacia,uop,ano_arquivo
"325053,0",2020-12-01,terça-feira,15:55:00,SC,101,"138,4",BALNEARIO CAMBORIU,Defeito Mecânico no Veículo,Tombamento,Com Vítimas Feridas,Pleno dia,Crescente,Céu Claro,Dupla,Aclive,Sim,1,0,1,0,0,0,1,1,-27.02397426,-48.60761649,SPRF-SC,DEL04-SC,UOP03-DEL04-SC,2020
"325055,0",2020-12-01,terça-feira,19:30:00,SC,101,"322,5",PESCARIA BRAVA,Desobediência às normas de trânsito pelo condutor,Colisão frontal,Com Vítimas Feridas,Plena Noite,Crescente,Garoa/Chuvisco,Simples,Curva,Sim,3,0,2,1,0,0,3,2,-28.42491971,-48.90238108,SPRF-SC,DEL02-SC,UOP01-DEL02-SC,2020
"325071,0",2020-12-01,terça-feira,22:05:00,SC,101,"191,8",BIGUACU,Falta de Atenção do Pedestre,Atropelamento de Pedestre,Com Vítimas Fatais,Plena Noite,Decrescente,Chuva,Dupla,Reta,Sim,2,1,0,0,0,1,0,2,-27.4839,-48.64734,SPRF-SC,DEL01-SC,UOP01-DEL01-SC,2020
"325084,0",2020-12-01,terça-feira,22:20:00,SC,101,"163,0",TIJUCAS,Falta de Atenção à Condução,Colisão traseira,Com Vítimas Feridas,Plena Noite,Crescente,Céu Claro,Múltipla,Reta,Sim,2,0,0,1,1,0,1,2,-27.23461699,-48.63039809,SPRF-SC,DEL04-SC,UOP03-DEL04-SC,2020
"325109,0",2020-12-02,quarta-feira,07:01:00,SC,101,"122,0",ITAJAI,Defeito Mecânico no Veículo,Queda de ocupante de veículo,Com Vítimas Feridas,Pleno dia,Crescente,Chuva,Dupla,Reta,Não,2,0,1,0,1,0,1,1,-26.92955916,-48.70499836,SPRF-SC,DEL04-SC,UOP04-DEL04-SC,2020
"325139,0",2020-12-02,quarta-feira,09:00:00,SC,101,"328,5",CAPIVARI DE BAIXO,Defeito Mecânico no Veículo,Incêndio,Sem Vítimas,Pleno dia,Crescente,Céu Claro,Dupla,Reta,Não,1,0,0,0,1,0,0,1,-28.44424207,-48.96640778,SPRF-SC,DEL02-SC,UOP01-DEL02-SC,2020
"325204,0",2020-12-02,quarta-feira,16:30:00,SC,101,"56,5",ARAQUARI,Falta de Atenção à Condução,Colisão lateral,Com Vítimas Feridas,Pleno dia,Decrescente,Nublado,Dupla,Reta,Sim,2,0,1,0,1,0,1,2,-26.43207484,-48.82263984,SPRF-SC,DEL03-SC,UOP01-DEL03-SC,2020
"325211,0",2020-12-02,quarta-feira,18:20:00,SC,101,"207,0",SAO JOSE,Falta de Atenção à Condução,Colisão traseira,Com Vítimas Feridas,Anoitecer,Decrescente,Nublado,Múltipla,Reta,Sim,2,0,1,0,1,0,1,2,-27.60001226,-48.6226467,SPRF-SC,DEL01-SC,UOP01-DEL01-SC,2020
"325223,0",2020-12-02,quarta-feira,18:50:00,SC,470,"129,0",LONTRAS,Falta de Atenção à Condução,Saída de leito carroçável,Sem Vítimas,Anoitecer,Crescente,Céu Claro,Simples,Reta,Não,1,0,0,0,1,0,0,1,-27.143742,-49.548897,SPRF-SC,DEL04-SC,UOP02-DEL04-SC,2020
"325231,0",2020-12-02,quarta-feira,20:20:00,SC,282,"70,0",RANCHO QUEIMADO,Velocidade Incompatível,Saída de leito carroçável,Com Vítimas Feridas,Plena Noite,Decrescente,Chuva,Simples,Declive;Curva,Não,3,0,1,0,2,0,1,1,-27.692705,-49.091351,SPRF-SC,DEL01-SC,UOP03-DEL01-SC,2020
"325263,0",2020-12-03,quinta-feira,02:15:00,SC,470,"55,0",BLUMENAU,Velocidade Incompatível,Colisão transversal,Com Vítimas Feridas,Plena Noite,Crescente,Nublado,Simples,Reta,Sim,2,0,0,1,1,0,1,2,-26.875601,-49.117992,SPRF-SC,DEL04-SC,UOP01-DEL04-SC,2020
"325268,0",2020-12-03,quinta-feira,04:10:00,SC,101,"136,6",BALNEARIO CAMBORIU,Ingestão de Álcool,Saída de leito carroçável,Sem Vítimas,Plena Noite,Crescente,Chuva,Múltipla,Reta,Sim,1,0,0,0,0,1,0,1,-27.008113,-48.617245,SPRF-SC,DEL04-SC,UOP03-DEL04-SC,2020
"325276,0",2020-12-02,quarta-feira,18:45:00,SC,280,"252,1",CANOINHAS,Falta de Atenção à Condução,Colisão traseira,Com Vítimas Feridas,Anoitecer,Decrescente,Ignorado,Simples,Reta,Não,2,0,0,1,1,0,1,2,-26.26023459,-50.56133033,SPRF-SC,DEL06-SC,UOP04-DEL06-SC,2020
"325291,0",2020-12-03,quinta-feira,07:45:00,SC,101,"214,5",PALHOCA,Desobediência às normas de trânsito pelo condutor,Colisão transversal,Com Vítimas Feridas,Pleno dia,Decrescente,Céu Claro,Simples,Reta,Sim,2,0,1,0,1,0,1,2,-27.64443,-48.67057,SPRF-SC,DEL01-SC,UOP02-DEL01-SC,2020
"325339,0",2020-12-03,quinta-feira,10:00:00,SC,101,"137,0",BALNEARIO CAMBORIU,Falta de Atenção à Condução,Colisão transversal,Com Vítimas Feridas,Pleno dia,Crescente,Céu Claro,Simples,Interseção de Vias,Sim,2,0,0,1,1,0,1,2,-27.0157238,-48.61192763,SPRF-SC,DEL04-SC,UOP03-DEL04-SC,2020
"325343,0",2020-12-03,quinta-feira,15:00:00,SC,101,"192,0",BIGUACU,Defeito Mecânico no Veículo,Incêndio,Com Vítimas Feridas,Pleno dia,Decrescente,Céu Claro,Múltipla,Reta,Sim,1,0,1,0,0,0,1,1,-27.48443781,-48.64765238,SPRF-SC,DEL01-SC,UOP01-DEL01-SC,2020
"325346,0",2020-12-03,quinta-feira,13:40:00,SC,101,"411,2",ARARANGUA,Falta de Atenção à Condução,Colisão transversal,Com Vítimas Feridas,Pleno dia,Decrescente,Nublado,Simples,Rotatória,Sim,2,0,1,0,1,0,1,2,-28.93112097,-49.4940421,SPRF-SC,DEL02-SC,UOP02-DEL02-SC,2020
"325380,0",2020-12-03,quinta-feira,11:50:00,SC,282,"573,6",PINHALZINHO,Ultrapassagem Indevida,Colisão frontal,Com Vítimas Feridas,Pleno dia,Decrescente,Nublado,Simples,Curva,Não,2,0,0,2,0,0,2,2,-26.87918661,-52.9502821,SPRF-SC,DEL07-SC,UOP02-DEL07-SC,2020
"325381,0",2020-12-03,quinta-feira,19:13:00,SC,101,"202,4",SAO JOSE,Não guardar distância de segurança,Colisão lateral,Com Vítimas Fatais,Anoitecer,Crescente,Céu Claro,Múltipla,Reta,Sim,4,1,0,1,1,1,1,3,-27.55947915,-48.6176688,SPRF-SC,DEL01-SC,UOP01-DEL01-SC,2020
"325408,0",2020-12-03,quinta-feira,20:45:00,SC,101,"405,9",MARACAJA,Defeito Mecânico no Veículo,Incêndio,Sem Vítimas,Plena Noite,Decrescente,Garoa/Chuvisco,Dupla,Reta,Não,1,0,0,0,1,0,0,1,-28.88548916,-49.4630158,SPRF-SC,DEL02-SC,UOP02-DEL02-SC,2020
"325436,0",2020-12-04,sexta-feira,00:20:00,SC,470,"128,6",LONTRAS,Ingestão de Álcool,Saída de leito carroçável,Sem Vítimas,Plena Noite,Crescente,Céu Claro,Simples,Aclive;Curva,Não,3,0,0,0,1,2,0,2,-27.143742,-49.548897,SPRF-SC,DEL04-SC,UOP02-DEL04-SC,2020
"325445,0",2020-12-04,sexta-feira,03:50:00,SC,101,"213,2",PALHOCA,Falta de Atenção do Pedestre,Atropelamento de Pedestre,Com Vítimas Feridas,Amanhecer,Crescente,Céu Claro,Múltipla,Reta,Sim,2,0,0,1,0,1,1,2,-27.63697369,-48.66514142,SPRF-SC,DEL01-SC,UOP02-DEL01-SC,2020
"325450,0",2020-12-04,sexta-feira,06:00:00,SC,470,"69,0",INDAIAL,Falta de Atenção à Condução,Colisão lateral,Com Vítimas Feridas,Pleno dia,Crescente,Céu Claro,Simples,Reta,Não,2,0,1,0,1,0,1,2,-26.883745,-49.246704,SPRF-SC,DEL04-SC,UOP01-DEL04-SC,2020
"325490,0",2020-12-04,sexta-feira,10:30:00,SC,101,"48,9",JOINVILLE,Falta de Atenção à Condução,Saída de leito carroçável,Com Vítimas Feridas,Pleno dia,Decrescente,Nublado,Dupla,Reta;Declive,Não,4,0,2,0,2,0,2,1,-26.38285636,-48.8508153,SPRF-SC,DEL03-SC,UOP01-DEL03-SC,2020
"325491,0",2020-12-04,sexta-feira,10:00:00,SC,101,"208,0",SAO JOSE,Falta de Atenção à Condução,Colisão traseira,Com Vítimas Feridas,Pleno dia,Decrescente,Céu Claro,Dupla,Reta,Sim,2,0,1,0,1,0,1,2,-27.60327979,-48.63201818,SPRF-SC,DEL01-SC,UOP01-DEL01-SC,2020
"325506,0",2020-12-04,sexta-feira,12:00:00,SC,101,"202,0",SAO JOSE,Falta de Atenção à Condução,Queda de ocupante de veículo,Com Vítimas Feridas,Pleno dia,Crescente,Céu Claro,Dupla,Reta,Sim,2,0,1,0,0,1,1,2,-27.55711595,-48.61897889,SPRF-SC,DEL01-SC,UOP01-DEL01-SC,2020
"325511,0",2020-12-04,sexta-feira,12:15:00,SC,101,"199,0",SAO JOSE,Falta de Atenção à Condução,Colisão lateral,Com Vítimas Feridas,Pleno dia,Crescente,Sol,Múltipla,Reta,Sim,2,0,0,1,1,0,1,2,-27.53413705,-48.63003205,SPRF-SC,DEL01-SC,UOP01-DEL01-SC,2020
"325516,0",2020-12-04,sexta-feira,12:10:00,SC,470,"96,3",APIUNA,Falta de Atenção à Condução,Colisão transversal,Com Vítimas Feridas,Pleno dia,Decrescente,Sol,Simples,Reta,Não,2,0,0,1,1,0,1,2,-27.020767,-49.371342,SPRF-SC,DEL04-SC,UOP01-DEL04-SC,2020
"325521,0",2020-12-04,sexta-feira,13:00:00,SC,282,"3,0",FLORIANOPOLIS,Falta de Atenção à Condução,Colisão traseira,Com Vítimas Feridas,Pleno dia,Crescente,Céu Claro,Múltipla,Reta,Não,2,0,0,1,1,0,1,2,-27.600384,-48.599705,SPRF-SC,DEL01-SC,UOP01-DEL01-SC,2020
"325527,0",2020-12-04,sexta-feira,14:15:00,SC,470,"67,3",INDAIAL,Falta de Atenção à Condução,Colisão transversal,Com Vítimas Feridas,Pleno dia,Decrescente,Nublado,Simples,Reta;Aclive;Em Obras,Sim,2,0,1,0,1,0,1,2,-26.872158,-49.23127,SPRF-SC,DEL04-SC,UOP01-DEL04-SC,2020
"325531,0",2020-12-04,sexta-feira,12:40:00,SC,280,"24,9",ARAQUARI,Falta de Atenção à Condução,Colisão transversal,Com Vítimas Feridas,Pleno dia,Crescente,Sol,Simples,Reta,Sim,2,0,0,1,1,0,1,2,-26.37724921,-48.71953282,SPRF-SC,DEL03-SC,UOP03-DEL03-SC,2020
"325555,0",2020-12-04,sexta-feira,15:30:00,SC,470,"1,5",GASPAR,Falta de Atenção à Condução,Colisão frontal,Com Vítimas Feridas,Pleno dia,Crescente,Sol,Simples,Reta,Não,3,0,2,0,1,0,2,2,-26.93187,-48.959316,SPRF-SC,DEL04-SC,UOP01-DEL04-SC,2020
"325644,0",2020-12-04,sexta-feira,22:15:00,SC,101,"22,8",JOINVILLE,Ingestão de Álcool,Saída de leito carroçável,Sem Vítimas,Plena Noite,Crescente,Chuva,Dupla,Reta,Não,1,0,0,0,1,0,0,1,-26.15679993,-48.90786269,SPRF-SC,DEL03-SC,UOP01-DEL03-SC,2020
"325653,0",2020-12-04,sexta-feira,22:45:00,SC,470,"95,6",APIUNA,Condutor Dormindo,Colisão frontal,Com Vítimas Feridas,Plena Noite,Crescente,Nublado,Simples,Reta,Não,8,0,3,5,0,0,8,2,-27.011988,-49.372101,SPRF-SC,DEL04-SC,UOP01-DEL04-SC,2020
"325659,0",2020-12-05,sábado,00:35:00,SC,101,"276,1",IMBITUBA,Condutor Dormindo,Colisão traseira,Com Vítimas Feridas,Plena Noite,Decrescente,Céu Claro,Dupla,Viaduto,Não,3,0,1,0,2,0,1,2,-28.14644701,-48.69204746,SPRF-SC,DEL02-SC,UOP03-DEL02-SC,2020
"325663,0",2020-12-05,sábado,01:30:00,SC,116,"99,5",MONTE CASTELO,Condutor Dormindo,Colisão frontal,Com Vítimas Fatais,Plena Noite,Decrescente,Chuva,Simples,Declive;Curva,Sim,2,1,0,0,1,0,0,2,-26.71074938,-50.29298544,SPRF-SC,DEL06-SC,UOP02-DEL06-SC,2020
"325679,0",2020-12-05,sábado,02:45:00,SC,101,"210,2",SAO JOSE,Falta de Atenção à Condução,Queda de ocupante de veículo,Com Vítimas Fatais,Plena Noite,Decrescente,Céu Claro,Dupla,Reta,Sim,1,1,0,0,0,0,0,1,-27.61701862,-48.64561207,SPRF-SC,DEL01-SC,UOP01-DEL01-SC,2020
"325683,0",2020-12-05,sábado,03:20:00,SC,101,"207,0",SAO JOSE,Falta de Atenção à Condução,Colisão com objeto estático,Com Vítimas Feridas,Plena Noite,Crescente,Céu Claro,Simples,Viaduto,Sim,5,0,4,0,1,0,4,1,-27.60001226,-48.6226467,SPRF-SC,DEL01-SC,UOP01-DEL01-SC,2020
"325723,0",2020-12-05,sábado,09:15:00,SC,470,"54,0",BLUMENAU,Desobediência às normas de trânsito pelo condutor,Colisão transversal,Com Vítimas Feridas,Pleno dia,Crescente,Chuva,Simples,Curva,Não,2,0,1,0,1,0,1,2,-26.871065,-49.110374,SPRF-SC,DEL04-SC,UOP01-DEL04-SC,2020
"325725,0",2020-12-05,sábado,08:10:00,SC,101,"289,0",IMBITUBA,Desobediência às normas de trânsito pelo condutor,Colisão frontal,Com Vítimas Feridas,Pleno dia,Decrescente,Céu Claro,Simples,Reta,Não,4,0,1,0,3,0,1,2,-28.25395282,-48.70289554,SPRF-SC,DEL02-SC,UOP03-DEL02-SC,2020
"325735,0",2020-12-05,sábado,08:30:00,SC,470,"105,0",APIUNA,Velocidade Incompatível,Saída de leito carroçável,Com Vítimas Feridas,Pleno dia,Crescente,Garoa/Chuvisco,Simples,Curva,Não,1,0,1,0,0,0,1,1,-27.066006,-49.417019,SPRF-SC,DEL04-SC,UOP02-DEL04-SC,2020
"325780,0",2020-12-05,sábado,14:25:00,SC,101,"41,0",JOINVILLE,Falta de Atenção à Condução,Colisão com objeto estático,Com Vítimas Feridas,Pleno dia,Crescente,Chuva,Dupla,Aclive,Sim,2,0,1,0,1,0,1,1,-26.28215489,-48.88973081,SPRF-SC,DEL03-SC,UOP01-DEL03-SC,2020
"325787,0",2020-12-05,sábado,11:55:00,SC,282,"63,8",RANCHO QUEIMADO,Velocidade Incompatível,Saída de leito carroçável,Com Vítimas Feridas,Pleno dia,Crescente,Chuva,Simples,Declive;Curva,Não,3,0,3,0,0,0,3,1,-27.69579752,-49.04336572,SPRF-SC,DEL01-SC,UOP03-DEL01-SC,2020
"325789,0",2020-12-05,sábado,09:50:00,SC,280,"263,0",CANOINHAS,Falta de Atenção à Condução,Saída de leito carroçável,Com Vítimas Feridas,Pleno dia,Crescente,Chuva,Simples,Reta,Não,1,0,1,0,0,0,1,1,-26.262463,-50.668205,SPRF-SC,DEL06-SC,UOP04-DEL06-SC,2020
"325793,0",2020-12-05,sábado,14:30:00,SC,101,"290,2",IMBITUBA,Mal Súbito,Saída de leito carroçável,Com Vítimas Fatais,Pleno dia,Decrescente,Chuva,Dupla,Reta;Declive,Sim,2,1,0,1,0,0,1,1,-28.28041837,-48.70141089,SPRF-SC,DEL02-SC,UOP03-DEL02-SC,2020
"325794,0",2020-12-05,sábado,13:50:00,SC,282,"47,8",AGUAS MORNAS,Pista Escorregadia,Saída de leito carroçável,Com Vítimas Feridas,Pleno dia,Decrescente,Chuva,Simples,Declive;Curva,Não,3,0,2,1,0,0,3,1,-27.721771,-48.934837,SPRF-SC,DEL01-SC,UOP03-DEL01-SC,2020
"325806,0",2020-12-05,sábado,13:25:00,SC,470,"164,1",POUSO REDONDO,Pista Escorregadia,Saída de leito carroçável,Com Vítimas Feridas,Pleno dia,Crescente,Chuva,Simples,Curva,Não,4,0,3,0,1,0,3,1,-27.278645,-49.836048,SPRF-SC,DEL04-SC,UOP02-DEL04-SC,2020
"325821,0",2020-12-05,sábado,15:05:00,SC,153,"94,0",CONCORDIA,Pista Escorregadia,Colisão lateral,Com Vítimas Feridas,Pleno dia,Crescente,Chuva,Simples,Curva,Não,5,0,4,1,0,0,5,2,-27.200716,-51.940483,SPRF-SC,DEL07-SC,UOP04-DEL07-SC,2020
"325835,0",2020-12-05,sábado,16:30:00,SC,470,"157,9",TROMBUDO CENTRAL,Velocidade Incompatível,Saída de leito carroçável,Sem Vítimas,Pleno dia,Decrescente,Garoa/Chuvisco,Simples,Curva,Não,1,0,0,0,1,0,0,1,-27.2851461,-49.7649765,SPRF-SC,DEL04-SC,UOP02-DEL04-SC,2020
"325847,0",2020-12-05,sábado,14:10:00,SC,282,"621,0",IRACEMINHA,Falta de Atenção à Condução,Capotamento,Sem Vítimas,Pleno dia,Crescente,Céu Claro,Simples,Curva,Não,1,0,0,0,1,0,0,1,-26.8032,-53.316132,SPRF-SC,DEL07-SC,UOP02-DEL07-SC,2020
"325880,0",2020-12-05,sábado,16:10:00,SC,282,"377,0",HERVAL DOESTE,Pista Escorregadia,Colisão frontal,Com Vítimas Feridas,Pleno dia,Crescente,Garoa/Chuvisco,Simples,Curva,Não,3,0,1,2,0,0,3,2,-27.21387697,-51.49952888,SPRF-SC,DEL07-SC,UOP05-DEL07-SC,2020
"325898,0",2020-12-05,sábado,20:35:00,SC,470,"60,9",BLUMENAU,Desobediência às normas de trânsito pelo condutor,Colisão transversal,Com Vítimas Feridas,Plena Noite,Decrescente,Chuva,Simples,Reta,Não,2,0,1,0,1,0,1,2,-26.88138,-49.164543,SPRF-SC,DEL04-SC,UOP01-DEL04-SC,2020
"325912,0",2020-12-05,sábado,19:00:00,SC,282,"210,2",LAGES,Pista Escorregadia,Saída de leito carroçável,Com Vítimas Feridas,Plena Noite,Crescente,Chuva,Simples,Reta;Declive,Não,3,0,3,0,0,0,3,1,-27.77864537,-50.23179889,SPRF-SC,DEL05-SC,UOP01-DEL05-SC,2020
"325916,0",2020-12-05,sábado,20:00:00,SC,101,"213,0",PALHOCA,Ingestão de Álcool,Colisão lateral,Sem Vítimas,Plena Noite,Crescente,Chuva,Múltipla,Reta,Não,2,0,0,0,2,0,0,2,-27.63697369,-48.66514142,SPRF-SC,DEL01-SC,UOP02-DEL01-SC,2020
"325934,0",2020-12-05,sábado,22:50:00,SC,101,"200,0",SAO JOSE,Desobediência às normas de trânsito pelo condutor,Colisão transversal,Com Vítimas Feridas,Plena Noite,Crescente,Chuva,Dupla,Reta,Sim,2,0,0,1,1,0,1,2,-27.54018513,-48.62287714,SPRF-SC,DEL01-SC,UOP01-DEL01-SC,2020
"325953,0",2020-12-05,sábado,22:20:00,SC,101,"281,8",IMBITUBA,Desobediência às normas de trânsito pelo condutor,Tombamento,Com Vítimas Feridas,Plena Noite,Crescente,Garoa/Chuvisco,Simples,Reta,Sim,5,0,1,0,4,0,1,3,-28.21229373,-48.69985521,SPRF-SC,DEL02-SC,UOP03-DEL02-SC,2020
"325957,0",2020-12-06,domingo,00:45:00,SC,101,"150,6",ITAPEMA,Ingestão de Álcool,Colisão traseira,Sem Vítimas,Plena Noite,Decrescente,Chuva,Múltipla,Reta,Sim,2,0,0,0,2,0,0,2,-27.11744799,-48.60940987,SPRF-SC,DEL04-SC,UOP03-DEL04-SC,2020
"325962,0",2020-12-05,sábado,23:00:00,SC,280,"227,5",TRES BARRAS,Animais na Pista,Atropelamento de Animal,Com Vítimas Feridas,Plena Noite,Crescente,Garoa/Chuvisco,Simples,Reta,Não,2,0,0,1,1,0,1,1,-26.18271156,-50.33250707,SPRF-SC,DEL06-SC,UOP04-DEL06-SC,2020
"325988,0",2020-12-06,domingo,03:45:00,SC,470,"200,6",PONTE ALTA,Fenômenos da Natureza,Colisão com objeto estático,Sem Vítimas,Plena Noite,Decrescente,Chuva,Simples,Reta,Não,2,0,0,0,2,0,0,2,-27.30029039,-50.14130116,SPRF-SC,DEL05-SC,UOP03-DEL05-SC,2020
"325991,0",2020-12-06,domingo,05:30:00,SC,470,"144,2",RIO DO SUL,Velocidade Incompatível,Capotamento,Com Vítimas Feridas,Amanhecer,Decrescente,Chuva,Simples,Reta,Não,4,0,0,4,0,0,4,1,-27.235138,-49.677608,SPRF-SC,DEL04-SC,UOP02-DEL04-SC,2020
"326002,0",2020-12-06,domingo,05:45:00,SC,280,"92,0",CORUPA,Pista Escorregadia,Saída de leito carroçável,Com Vítimas Feridas,Amanhecer,Decrescente,Chuva,Simples,Curva,Não,4,0,4,0,0,0,4,1,-26.39448258,-49.2950379,SPRF-SC,DEL06-SC,UOP03-DEL06-SC,2020
"326024,0",2020-12-06,domingo,10:40:00,SC,101,"170,0",TIJUCAS,Não guardar distância de segurança,Colisão traseira,Sem Vítimas,Pleno dia,Decrescente,Chuva,Dupla,Reta,Não,2,0,0,0,2,0,0,2,-27.29669601,-48.63147594,SPRF-SC,DEL04-SC,UOP03-DEL04-SC,2020
"326041,0",2020-12-06,domingo,12:10:00,SC,282,"30,4",AGUAS MORNAS,Falta de Atenção à Condução,Capotamento,Com Vítimas Feridas,Pleno dia,Crescente,Chuva,Simples,Reta,Não,1,0,0,1,0,0,1,1,-27.687376,-48.79071,SPRF-SC,DEL01-SC,UOP03-DEL01-SC,2020
"326060,0",2020-12-06,domingo,13:30:00,SC,282,"52,5",AGUAS MORNAS,Pista Escorregadia,Saída de leito carroçável,Com Vítimas Feridas,Pleno dia,Crescente,Chuva,Simples,Curva,Não,2,0,2,0,0,0,2,1,-27.696936,-48.964138,SPRF-SC,DEL01-SC,UOP03-DEL01-SC,2020
"326061,0",2020-12-06,domingo,12:30:00,SC,470,"120,4",IBIRAMA,Falta de Atenção à Condução,Saída de leito carroçável,Com Vítimas Feridas,Pleno dia,Crescente,Chuva,Simples,Aclive;Reta,Não,1,0,1,0,0,0,1,1,-27.09366929,-49.52495098,SPRF-SC,DEL04-SC,UOP02-DEL04-SC,2020
"326085,0",2020-12-06,domingo,15:40:00,SC,101,"385,0",ICARA,Velocidade Incompatível,Saída de leito carroçável,Com Vítimas Feridas,Pleno dia,Crescente,Chuva,Dupla,Reta,Sim,2,0,2,0,0,0,2,1,-28.777197,-49.32187,SPRF-SC,DEL02-SC,UOP02-DEL02-SC,2020
"326089,0",2020-12-06,domingo,12:15:00,SC,470,"86,0",RODEIO,Velocidade Incompatível,Colisão com objeto estático,Com Vítimas Feridas,Pleno dia,Crescente,Garoa/Chuvisco,Simples,Curva;Ponte,Não,1,0,0,1,0,0,1,1,-26.949951,-49.357296,SPRF-SC,DEL04-SC,UOP01-DEL04-SC,2020
"326090,0",2020-12-06,domingo,11:30:00,SC,280,"92,0",CORUPA,Velocidade Incompatível,Colisão com objeto estático,Com Vítimas Feridas,Pleno dia,Decrescente,Chuva,Simples,Curva,Não,5,0,5,0,0,0,5,1,-26.39448258,-49.2950379,SPRF-SC,DEL06-SC,UOP03-DEL06-SC,2020
"326092,0",2020-12-06,domingo,16:00:00,SC,282,"95,7",ALFREDO WAGNER,Pista Escorregadia,Colisão com objeto estático,Sem Vítimas,Pleno dia,Crescente,Chuva,Simples,Reta,Não,1,0,0,0,0,1,0,1,-27.71188,-49.255035,SPRF-SC,DEL01-SC,UOP03-DEL01-SC,2020
"326103,0",2020-12-06,domingo,10:20:00,SC,280,"114,0",SAO BENTO DO SUL,Pista Escorregadia,Saída de leito carroçável,Com Vítimas Feridas,Pleno dia,Decrescente,Chuva,Simples,Curva;Declive,Sim,4,0,4,0,0,0,4,1,-26.29151133,-49.40301807,SPRF-SC,DEL06-SC,UOP03-DEL06-SC,2020
"326107,0",2020-12-06,domingo,16:10:00,SC,101,"251,5",PAULO LOPES,Pista Escorregadia,Saída de leito carroçável,Com Vítimas Feridas,Pleno dia,Decrescente,Chuva,Dupla,Reta,Não,2,0,1,0,1,0,1,1,-27.9490242,-48.67206568,SPRF-SC,DEL02-SC,UOP03-DEL02-SC,2020
"326111,0",2020-12-06,domingo,17:20:00,SC,282,"70,3",RANCHO QUEIMADO,Pista Escorregadia,Colisão lateral,Com Vítimas Feridas,Pleno dia,Decrescente,Chuva,Simples,Curva,Não,6,0,3,0,3,0,3,3,-27.692705,-49.091351,SPRF-SC,DEL01-SC,UOP03-DEL01-SC,2020
"326119,0",2020-12-06,domingo,18:00:00,SC,470,"121,0",IBIRAMA,Falta de Atenção à Condução,Colisão com objeto estático,Com Vítimas Feridas,Pleno dia,Crescente,Chuva,Simples,Aclive;Curva,Não,2,0,1,0,1,0,1,2,-27.09519751,-49.52962875,SPRF-SC,DEL04-SC,UOP02-DEL04-SC,2020
"326142,0",2020-12-06,domingo,16:00:00,SC,282,"398,5",JOACABA,Falta de Atenção à Condução,Colisão traseira,Com Vítimas Feridas,Pleno dia,Crescente,Garoa/Chuvisco,Simples,Reta,Não,5,0,2,0,2,1,2,3,-27.143419,-51.613823,SPRF-SC,DEL07-SC,UOP05-DEL07-SC,2020
"326149,0",2020-12-06,domingo,17:10:00,SC,280,"99,0",CORUPA,Pista Escorregadia,Colisão transversal,Com Vítimas Feridas,Pleno dia,Decrescente,Chuva,Simples,Declive;Curva,Não,4,0,3,0,1,0,3,2,-26.37531616,-49.32563746,SPRF-SC,DEL06-SC,UOP03-DEL06-SC,2020
"326188,0",2020-12-06,domingo,22:50:00,SC,470,"57,0",BLUMENAU,Ingestão de Álcool,Colisão transversal,Com Vítimas Feridas,Plena Noite,Crescente,Chuva,Simples,Interseção de Vias,Não,2,0,1,0,1,0,1,2,-26.880428,-49.136532,SPRF-SC,DEL04-SC,UOP01-DEL04-SC,2020
"326221,0",2020-12-07,segunda-feira,02:15:00,SC,101,"218,5",PALHOCA,Velocidade Incompatível,Colisão com objeto estático,Com Vítimas Feridas,Plena Noite,Crescente,Garoa/Chuvisco,Múltipla,Interseção de Vias,Sim,1,0,1,0,0,0,1,1,-27.6758601,-48.67052525,SPRF-SC,DEL01-SC,UOP02-DEL01-SC,2020
"326222,0",2020-12-07,segunda-feira,03:35:00,SC,282,"25,9",SANTO AMARO DA IMPERATRIZ,Ultrapassagem Indevida,Colisão frontal,Com Vítimas Feridas,Plena Noite,Crescente,Nublado,Simples,Curva,Não,3,0,1,1,1,0,2,2,-27.678228,-48.752895,SPRF-SC,DEL01-SC,UOP03-DEL01-SC,2020
"326224,0",2020-12-07,segunda-feira,02:00:00,SC,101,"189,0",BIGUACU,Ingestão de Álcool,Colisão com objeto estático,Sem Vítimas,Plena Noite,Crescente,Chuva,Dupla,Curva,Não,1,0,0,0,1,0,0,1,-27.46415053,-48.64166737,SPRF-SC,DEL01-SC,UOP01-DEL01-SC,2020
"326242,0",2020-12-07,segunda-feira,06:15:00,SC,101,"213,7",PALHOCA,Falta de Atenção à Condução,Colisão lateral,Com Vítimas Feridas,Pleno dia,Decrescente,Chuva,Múltipla,Reta,Sim,2,0,1,0,0,1,1,2,-27.63697369,-48.66514142,SPRF-SC,DEL01-SC,UOP02-DEL01-SC,2020
"326246,0",2020-12-07,segunda-feira,05:20:00,SC,101,"246,6",PALHOCA,Ingestão de Álcool,Saída de leito carroçável,Com Vítimas Feridas,Amanhecer,Crescente,Chuva,Dupla,Reta,Não,4,0,2,0,2,0,2,1,-27.91036709,-48.64998267,SPRF-SC,DEL02-SC,UOP03-DEL02-SC,2020
"326250,0",2020-12-07,segunda-feira,07:00:00,SC,101,"138,0",BALNEARIO CAMBORIU,Falta de Atenção à Condução,Colisão lateral,Com Vítimas Feridas,Pleno dia,Decrescente,Chuva,Múltipla,Curva,Sim,2,0,1,0,1,0,1,2,-27.02397426,-48.60761649,SPRF-SC,DEL04-SC,UOP03-DEL04-SC,2020
"326261,0",2020-12-07,segunda-feira,08:20:00,SC,101,"209,5",SAO JOSE,Não guardar distância de segurança,Colisão traseira,Com Vítimas Feridas,Pleno dia,Decrescente,Nublado,Dupla,Reta,Sim,3,0,1,0,2,0,1,2,-27.61000542,-48.63895057,SPRF-SC,DEL01-SC,UOP01-DEL01-SC,2020