id,data_inversa,dia_semana,horario,uf,br,km,municipio,causa_acidente,tipo_acidente,classificacao_acidente,fase_dia,sentido_via,condicao_metereologica,tipo_pista,tracado_via,uso_solo,pessoas,mortos,feridos_leves,feridos_graves,ilesos,ignorados,feridos,veiculos,latitude,longitude,regional,delegacia,uop,ano_arquivo
"328513,0",2020-12-17,quinta-feira,14:25:00,SC,280,"23,7",ARAQUARI,Desobediência às normas de trânsito pelo condutor,Colisão transversal,Com Vítimas Feridas,Pleno dia,Decrescente,Nublado,Simples,Interseção de Vias,Sim,3,0,0,2,1,0,2,2,-26.37673195,-48.71892571,SPRF-SC,DEL03-SC,UOP03-DEL03-SC,2020
"328514,0",2020-12-17,quinta-feira,16:30:00,SC,101,"210,0",SAO JOSE,Falta de Atenção à Condução,Colisão lateral,Com Vítimas Feridas,Pleno dia,Decrescente,Chuva,Múltipla,Reta,Sim,3,0,1,0,2,0,1,2,-27.6167305,-48.6457265,SPRF-SC,DEL01-SC,UOP01-DEL01-SC,2020
"328518,0",2020-12-17,quinta-feira,17:10:00,SC,282,"69,7",RANCHO QUEIMADO,Velocidade Incompatível,Saída de leito carroçável,Com Vítimas Feridas,Pleno dia,Decrescente,Chuva,Simples,Curva,Não,4,0,1,0,3,0,1,1,-27.690144,-49.083813,SPRF-SC,DEL01-SC,UOP03-DEL01-SC,2020
"328524,0",2020-12-17,quinta-feira,18:00:00,SC,280,"75,0",JARAGUA DO SUL,Não guardar distância de segurança,Colisão traseira,Com Vítimas Feridas,Plena Noite,Decrescente,Nublado,Simples,Rotatória;Curva,Sim,2,0,1,0,1,0,1,2,-26.458227,-49.180853,SPRF-SC,DEL03-SC,UOP03-DEL03-SC,2020
"328537,0",2020-12-17,quinta-feira,18:10:00,SC,116,"4,0",MAFRA,Falta de Atenção à Condução,Queda de ocupante de veículo,Com Vítimas Feridas,Pleno dia,Decrescente,Céu Claro,Simples,Reta,Não,1,0,1,0,0,0,1,1,-26.13554917,-49.8072652,SPRF-SC,DEL06-SC,UOP01-DEL06-SC,2020
"328546,0",2020-12-17,quinta-feira,20:10:00,SC,101,"419,9",ARARANGUA,Desobediência às normas de trânsito pelo condutor,Colisão frontal,Com Vítimas Feridas,Plena Noite,Decrescente,Nublado,Múltipla,Reta,Sim,2,0,1,0,0,1,1,2,-28.99874002,-49.55577157,SPRF-SC,DEL02-SC,UOP02-DEL02-SC,2020
"328569,0",2020-12-17,quinta-feira,23:35:00,SC,470,"57,0",BLUMENAU,Agressão Externa,Colisão com objeto estático,Com Vítimas Feridas,Plena Noite,Crescente,Céu Claro,Simples,Rotatória,Não,2,0,1,0,1,0,1,1,-26.880428,-49.136532,SPRF-SC,DEL04-SC,UOP01-DEL04-SC,2020
"328574,0",2020-12-18,sexta-feira,00:00:00,SC,470,"7,0",NAVEGANTES,Ingestão de Álcool,Tombamento,Com Vítimas Feridas,Plena Noite,Decrescente,Céu Claro,Dupla,Reta,Não,1,0,1,0,0,0,1,1,-26.84499,-48.71505,SPRF-SC,DEL04-SC,UOP04-DEL04-SC,2020
"328596,0",2020-12-18,sexta-feira,06:55:00,SC,470,"69,2",INDAIAL,Desobediência às normas de trânsito pelo condutor,Colisão lateral,Sem Vítimas,Pleno dia,Crescente,Céu Claro,Simples,Interseção de Vias,Não,2,0,0,0,2,0,0,2,-26.883745,-49.246704,SPRF-SC,DEL04-SC,UOP01-DEL04-SC,2020
"328639,0",2020-12-18,sexta-feira,10:00:00,SC,101,"197,0",BIGUACU,Animais na Pista,Atropelamento de Animal,Com Vítimas Feridas,Pleno dia,Crescente,Sol,Dupla,Reta,Sim,1,0,1,0,0,0,1,1,-27.51844497,-48.63848496,SPRF-SC,DEL01-SC,UOP01-DEL01-SC,2020
"328648,0",2020-12-18,sexta-feira,10:23:00,SC,101,"49,0",JOINVILLE,Velocidade Incompatível,Tombamento,Com Vítimas Feridas,Pleno dia,Crescente,Nublado,Dupla,Viaduto,Não,1,0,1,0,0,0,1,1,-26.36479799,-48.85878798,SPRF-SC,DEL03-SC,UOP01-DEL03-SC,2020
"328653,0",2020-12-18,sexta-feira,11:30:00,SC,280,"34,0",ARAQUARI,Falta de Atenção à Condução,Colisão transversal,Com Vítimas Feridas,Pleno dia,Crescente,Nublado,Simples,Reta,Sim,3,0,1,0,2,0,1,2,-26.42993971,-48.79615614,SPRF-SC,DEL03-SC,UOP03-DEL03-SC,2020
"328664,0",2020-12-18,sexta-feira,11:45:00,SC,101,"215,1",PALHOCA,Desobediência às normas de trânsito pelo condutor,Colisão lateral,Com Vítimas Feridas,Pleno dia,Decrescente,Céu Claro,Dupla,Reta,Não,2,0,1,0,1,0,1,2,-27.65184843,-48.67604941,SPRF-SC,DEL01-SC,UOP02-DEL01-SC,2020
"328675,0",2020-12-18,sexta-feira,13:00:00,SC,282,"535,7",CHAPECO,Ingestão de Álcool,Saída de leito carroçável,Com Vítimas Feridas,Pleno dia,Crescente,Céu Claro,Simples,Rotatória,Não,1,0,1,0,0,0,1,1,-27.00077763,-52.65069008,SPRF-SC,DEL07-SC,UOP01-DEL07-SC,2020
"328680,0",2020-12-18,sexta-feira,14:45:00,SC,101,"120,0",ITAJAI,Falta de Atenção à Condução,Colisão traseira,Com Vítimas Feridas,Pleno dia,Decrescente,Céu Claro,Simples,Reta,Não,2,0,1,0,0,1,1,2,-26.912758,-48.711998,SPRF-SC,DEL04-SC,UOP04-DEL04-SC,2020
"328702,0",2020-12-18,sexta-feira,16:20:00,SC,101,"373,5",ICARA,Falta de Atenção à Condução,Saída de leito carroçável,Com Vítimas Feridas,Pleno dia,Decrescente,Sol,Dupla,Reta,Não,1,0,1,0,0,0,1,1,-28.72153549,-49.23531532,SPRF-SC,DEL02-SC,UOP01-DEL02-SC,2020
"328715,0",2020-12-18,sexta-feira,08:15:00,SC,101,"109,0",PENHA,Falta de Atenção à Condução,Tombamento,Com Vítimas Feridas,Pleno dia,Crescente,Céu Claro,Dupla,Reta,Não,1,0,1,0,0,0,1,1,-26.8333519,-48.69632106,SPRF-SC,DEL03-SC,UOP02-DEL03-SC,2020
"328718,0",2020-12-18,sexta-feira,18:16:00,SC,101,"212,8",PALHOCA,Não guardar distância de segurança,Colisão traseira,Com Vítimas Feridas,Anoitecer,Decrescente,Nublado,Múltipla,Reta,Sim,3,0,2,0,1,0,2,2,-27.62996929,-48.65903871,SPRF-SC,DEL01-SC,UOP02-DEL01-SC,2020
"328734,0",2020-12-18,sexta-feira,19:00:00,SC,101,"328,0",CAPIVARI DE BAIXO,Falta de Atenção à Condução,Tombamento,Com Vítimas Feridas,Anoitecer,Crescente,Céu Claro,Dupla,Reta,Não,1,0,1,0,0,0,1,1,-28.43648094,-48.95989307,SPRF-SC,DEL02-SC,UOP01-DEL02-SC,2020
"328747,0",2020-12-18,sexta-feira,11:20:00,SC,153,"64,8",IRANI,Desobediência às normas de trânsito pelo condutor,Colisão traseira,Com Vítimas Feridas,Pleno dia,Crescente,Céu Claro,Simples,Reta,Sim,2,0,1,0,1,0,1,2,-27.003662,-51.872604,SPRF-SC,DEL07-SC,UOP04-DEL07-SC,2020
"328789,0",2020-12-18,sexta-feira,21:00:00,SC,101,"210,0",SAO JOSE,Ingestão de Álcool,Colisão com objeto estático,Sem Vítimas,Plena Noite,Crescente,Garoa/Chuvisco,Dupla,Reta,Sim,1,0,0,0,1,0,0,1,-27.6167305,-48.6457265,SPRF-SC,DEL01-SC,UOP01-DEL01-SC,2020
"328796,0",2020-12-19,sábado,03:20:00,SC,101,"133,8",BALNEARIO CAMBORIU,Ingestão de Álcool,Colisão traseira,Sem Vítimas,Plena Noite,Decrescente,Nublado,Múltipla,Reta,Sim,2,0,0,0,2,0,0,2,-26.99936,-48.64609,SPRF-SC,DEL04-SC,UOP03-DEL04-SC,2020
"328824,0",2020-12-19,sábado,07:00:00,SC,101,"88,1",BARRA VELHA,Falta de Atenção à Condução,Colisão traseira,Com Vítimas Feridas,Pleno dia,Crescente,Nublado,Simples,Reta,Sim,3,0,1,1,1,0,2,2,-26.65103634,-48.68729711,SPRF-SC,DEL03-SC,UOP02-DEL03-SC,2020
"328831,0",2020-12-18,sexta-feira,20:50:00,SC,101,"210,0",SAO JOSE,Falta de Atenção à Condução,Colisão lateral,Com Vítimas Feridas,Plena Noite,Decrescente,Garoa/Chuvisco,Dupla,Reta,Sim,2,0,1,0,1,0,1,2,-27.6167305,-48.6457265,SPRF-SC,DEL01-SC,UOP01-DEL01-SC,2020
"328834,0",2020-12-19,sábado,02:00:00,SC,470,"320,0",CAMPOS NOVOS,Ingestão de Álcool,Colisão com objeto estático,Sem Vítimas,Plena Noite,Decrescente,Céu Claro,Simples,Reta,Não,3,0,0,0,2,1,0,3,-27.41375,-51.23394,SPRF-SC,DEL07-SC,UOP06-DEL07-SC,2020
"328850,0",2020-12-19,sábado,07:35:00,SC,101,"50,0",JOINVILLE,Ingestão de Álcool,Colisão com objeto estático,Sem Vítimas,Pleno dia,Crescente,Nublado,Dupla,Reta,Não,1,0,0,0,1,0,0,1,-26.37546719,-48.85479619,SPRF-SC,DEL03-SC,UOP01-DEL03-SC,2020
"328867,0",2020-12-19,sábado,09:40:00,SC,101,"280,5",IMBITUBA,Defeito Mecânico no Veículo,Tombamento,Com Vítimas Feridas,Pleno dia,Decrescente,Sol,Dupla,Reta,Não,1,0,1,0,0,0,1,1,-28.199736,-48.697743,SPRF-SC,DEL02-SC,UOP03-DEL02-SC,2020
"328870,0",2020-12-19,sábado,09:55:00,SC,101,"282,5",IMBITUBA,Falta de Atenção à Condução,Colisão transversal,Com Vítimas Feridas,Pleno dia,Decrescente,Céu Claro,Simples,Interseção de Vias,Sim,2,0,1,0,1,0,1,2,-28.21533368,-48.69947802,SPRF-SC,DEL02-SC,UOP03-DEL02-SC,2020
"328872,0",2020-12-19,sábado,09:40:00,SC,101,"120,6",ITAJAI,Não guardar distância de segurança,Colisão traseira,Com Vítimas Feridas,Pleno dia,Decrescente,Céu Claro,Dupla,Reta,Não,3,0,1,0,1,1,1,2,-26.912758,-48.711998,SPRF-SC,DEL04-SC,UOP04-DEL04-SC,2020
"328919,0",2020-12-19,sábado,14:10:00,SC,101,"63,0",ARAQUARI,Ultrapassagem Indevida,Colisão lateral,Com Vítimas Feridas,Pleno dia,Decrescente,Céu Claro,Dupla,Reta,Sim,5,0,1,0,4,0,1,2,-26.45898367,-48.7584088,SPRF-SC,DEL03-SC,UOP02-DEL03-SC,2020
"328924,0",2020-12-19,sábado,14:50:00,SC,101,"115,1",ITAJAI,Falta de Atenção à Condução,Queda de ocupante de veículo,Com Vítimas Feridas,Pleno dia,Decrescente,Nublado,Dupla,Reta,Não,1,0,1,0,0,0,1,1,-26.87064015,-48.72954134,SPRF-SC,DEL04-SC,UOP04-DEL04-SC,2020
"328927,0",2020-12-19,sábado,14:40:00,SC,101,"126,9",ITAJAI,Falta de Atenção à Condução,Colisão lateral,Com Vítimas Feridas,Pleno dia,Crescente,Céu Claro,Dupla,Reta,Não,2,0,0,1,1,0,1,2,-26.95564404,-48.67978366,SPRF-SC,DEL04-SC,UOP04-DEL04-SC,2020
"328931,0",2020-12-19,sábado,14:33:00,SC,101,"101,0",BALNEARIO PICARRAS,Falta de Atenção à Condução,Colisão traseira,Com Vítimas Feridas,Pleno dia,Crescente,Céu Claro,Dupla,Declive,Sim,8,0,3,0,5,0,3,4,-26.76404198,-48.68657667,SPRF-SC,DEL03-SC,UOP02-DEL03-SC,2020
"328934,0",2020-12-19,sábado,16:08:00,SC,101,"124,0",ITAJAI,Não guardar distância de segurança,Colisão traseira,Com Vítimas Feridas,Pleno dia,Crescente,Nublado,Dupla,Reta,Não,2,0,1,0,1,0,1,2,-26.94335064,-48.69198648,SPRF-SC,DEL04-SC,UOP04-DEL04-SC,2020
"328960,0",2020-12-19,sábado,17:35:00,SC,101,"206,8",SAO JOSE,Não guardar distância de segurança,Colisão traseira,Com Vítimas Feridas,Pleno dia,Crescente,Céu Claro,Múltipla,Reta,Não,2,0,0,1,1,0,1,2,-27.59193546,-48.61824557,SPRF-SC,DEL01-SC,UOP01-DEL01-SC,2020
"328997,0",2020-12-19,sábado,16:30:00,SC,153,"71,2",IRANI,Falta de Atenção à Condução,Capotamento,Com Vítimas Feridas,Pleno dia,Crescente,Chuva,Simples,Curva,Não,2,0,1,0,1,0,1,1,-27.05794,-51.890205,SPRF-SC,DEL07-SC,UOP04-DEL07-SC,2020
"329012,0",2020-12-19,sábado,18:00:00,SC,282,"516,3",XAXIM,Ingestão de Álcool,Saída de leito carroçável,Sem Vítimas,Pleno dia,Decrescente,Chuva,Simples,Reta,Não,1,0,0,0,1,0,0,1,-26.930862,-52.499157,SPRF-SC,DEL07-SC,UOP01-DEL07-SC,2020
"329016,0",2020-12-19,sábado,18:25:00,SC,116,"247,7",LAGES,Falta de Atenção à Condução,Colisão frontal,Com Vítimas Feridas,Pleno dia,Crescente,Garoa/Chuvisco,Simples,Reta,Sim,6,0,2,4,0,0,6,2,-27.81657034,-50.37179947,SPRF-SC,DEL05-SC,UOP02-DEL05-SC,2020
"329026,0",2020-12-19,sábado,17:50:00,SC,282,"583,0",PINHALZINHO,Avarias e/ou desgaste excessivo no pneu,Colisão frontal,Com Vítimas Fatais,Anoitecer,Decrescente,Chuva,Simples,Curva,Não,6,1,2,3,0,0,5,4,-26.83096412,-53.01868916,SPRF-SC,DEL07-SC,UOP02-DEL07-SC,2020
"329042,0",2020-12-19,sábado,20:30:00,SC,101,"210,6",SAO JOSE,Desobediência às normas de trânsito pelo condutor,Colisão frontal,Com Vítimas Fatais,Plena Noite,Crescente,Nublado,Múltipla,Reta,Sim,3,1,0,0,0,2,0,3,-27.6219474,-48.6509183,SPRF-SC,DEL01-SC,UOP01-DEL01-SC,2020
"329054,0",2020-12-19,sábado,21:40:00,SC,280,"123,0",RIO NEGRINHO,Ingestão de Álcool,Colisão lateral,Sem Vítimas,Plena Noite,Crescente,Garoa/Chuvisco,Simples,Reta,Não,5,0,0,0,5,0,0,3,-26.239194,-49.47992,SPRF-SC,DEL06-SC,UOP03-DEL06-SC,2020
"329065,0",2020-12-19,sábado,22:20:00,SC,101,"133,5",BALNEARIO CAMBORIU,Falta de Atenção do Pedestre,Atropelamento de Pedestre,Com Vítimas Feridas,Plena Noite,Crescente,Nublado,Múltipla,Reta,Sim,2,0,1,1,0,0,2,2,-26.99936,-48.64609,SPRF-SC,DEL04-SC,UOP03-DEL04-SC,2020
"329067,0",2020-12-19,sábado,21:40:00,SC,101,"218,0",PALHOCA,Falta de Atenção à Condução,Colisão lateral,Com Vítimas Feridas,Plena Noite,Decrescente,Céu Claro,Dupla,Reta,Sim,2,0,1,0,1,0,1,2,-27.6758601,-48.67052525,SPRF-SC,DEL01-SC,UOP02-DEL01-SC,2020
"329068,0",2020-12-19,sábado,23:00:00,SC,101,"404,5",MARACAJA,Defeito Mecânico no Veículo,Incêndio,Sem Vítimas,Plena Noite,Crescente,Nublado,Dupla,Reta,Não,1,0,0,0,1,0,0,1,-28.87801417,-49.45745479,SPRF-SC,DEL02-SC,UOP02-DEL02-SC,2020
"329076,0",2020-12-19,sábado,22:10:00,SC,282,"23,0",SANTO AMARO DA IMPERATRIZ,Desobediência às normas de trânsito pelo condutor,Colisão lateral,Com Vítimas Feridas,Plena Noite,Crescente,Céu Claro,Simples,Reta,Sim,2,0,1,0,1,0,1,2,-27.687958,-48.736794,SPRF-SC,DEL01-SC,UOP02-DEL01-SC,2020
"329084,0",2020-12-20,domingo,01:15:00,SC,101,"211,0",PALHOCA,Ingestão de Álcool,Colisão frontal,Com Vítimas Feridas,Plena Noite,Crescente,Céu Claro,Dupla,Interseção de Vias,Sim,4,0,2,1,1,0,3,3,-27.62329313,-48.65245588,SPRF-SC,DEL01-SC,UOP02-DEL01-SC,2020
"329099,0",2020-12-20,domingo,00:50:00,SC,101,"138,0",BALNEARIO CAMBORIU,Ingestão de Álcool,Colisão lateral,Sem Vítimas,Plena Noite,Decrescente,Nublado,Dupla,Reta,Não,1,0,0,0,1,0,0,1,-27.02397426,-48.60761649,SPRF-SC,DEL04-SC,UOP03-DEL04-SC,2020
"329102,0",2020-12-19,sábado,23:00:00,SC,101,"371,8",ICARA,Ingestão de Álcool,Saída de leito carroçável,Sem Vítimas,Pleno dia,Crescente,Céu Claro,Dupla,Reta,Não,1,0,0,0,1,0,0,1,-28.70403682,-49.2008731,SPRF-SC,DEL02-SC,UOP01-DEL02-SC,2020
"329107,0",2020-12-20,domingo,01:05:00,SC,101,"136,3",BALNEARIO CAMBORIU,Falta de Atenção à Condução,Colisão com objeto estático,Com Vítimas Fatais,Plena Noite,Decrescente,Nublado,Dupla,Curva,Sim,2,1,0,0,0,1,0,2,-27.008113,-48.617245,SPRF-SC,DEL04-SC,UOP03-DEL04-SC,2020
"329131,0",2020-12-20,domingo,04:10:00,SC,101,"48,8",JOINVILLE,Ingestão de álcool e/ou substâncias psicoativas pelo pedestre,Colisão frontal,Sem Vítimas,Amanhecer,Decrescente,Nublado,Dupla,Reta,Não,2,0,0,0,2,0,0,2,-26.35345909,-48.85867862,SPRF-SC,DEL03-SC,UOP01-DEL03-SC,2020
"329178,0",2020-12-20,domingo,08:30:00,SC,282,"286,0",SAO JOSE DO CERRITO,Defeito na Via,Capotamento,Com Vítimas Feridas,Pleno dia,Crescente,Chuva,Simples,Curva,Não,1,0,1,0,0,0,1,1,-27.570518,-50.809422,SPRF-SC,DEL05-SC,UOP02-DEL05-SC,2020
"329180,0",2020-12-20,domingo,09:00:00,SC,282,"286,0",SAO JOSE DO CERRITO,Defeito na Via,Saída de leito carroçável,Com Vítimas Feridas,Pleno dia,Crescente,Chuva,Simples,Curva,Não,3,0,1,0,2,0,1,1,-27.570518,-50.809422,SPRF-SC,DEL05-SC,UOP02-DEL05-SC,2020
"329205,0",2020-12-20,domingo,11:00:00,SC,282,"586,9",PINHALZINHO,Falta de Atenção à Condução,Saída de leito carroçável,Com Vítimas Feridas,Pleno dia,Crescente,Chuva,Simples,Curva;Declive,Não,4,0,4,0,0,0,4,1,-26.83072,-53.044708,SPRF-SC,DEL07-SC,UOP02-DEL07-SC,2020
"329229,0",2020-12-20,domingo,13:10:00,SC,280,"129,0",RIO NEGRINHO,Desobediência às normas de trânsito pelo condutor,Colisão transversal,Com Vítimas Feridas,Pleno dia,Crescente,Chuva,Simples,Reta,Não,3,0,1,0,1,1,1,2,-26.24586437,-49.52284615,SPRF-SC,DEL06-SC,UOP03-DEL06-SC,2020
"329243,0",2020-12-20,domingo,15:20:00,SC,101,"209,5",SAO JOSE,Ingestão de Álcool,Tombamento,Com Vítimas Feridas,Pleno dia,Crescente,Céu Claro,Simples,Reta,Sim,1,0,1,0,0,0,1,1,-27.61000542,-48.63895057,SPRF-SC,DEL01-SC,UOP01-DEL01-SC,2020
"329254,0",2020-12-20,domingo,15:30:00,SC,101,"92,8",BARRA VELHA,Defeito Mecânico no Veículo,Incêndio,Sem Vítimas,Pleno dia,Crescente,Céu Claro,Dupla,Reta,Não,1,0,0,0,1,0,0,1,-26.6806041,-48.6931497,SPRF-SC,DEL03-SC,UOP02-DEL03-SC,2020
"329298,0",2020-12-20,domingo,19:15:00,SC,280,"23,0",ARAQUARI,Ingestão de Álcool,Colisão traseira,Sem Vítimas,Plena Noite,Crescente,Garoa/Chuvisco,Simples,Reta,Sim,2,0,0,0,2,0,0,2,-26.3746846,-48.71651173,SPRF-SC,DEL03-SC,UOP03-DEL03-SC,2020
"329301,0",2020-12-20,domingo,19:00:00,SC,101,"117,5",ITAJAI,Avarias e/ou desgaste excessivo no pneu,Tombamento,Com Vítimas Feridas,Anoitecer,Decrescente,Céu Claro,Simples,Reta,Não,2,0,1,1,0,0,2,1,-26.88747187,-48.72252969,SPRF-SC,DEL04-SC,UOP04-DEL04-SC,2020
"329322,0",2020-12-20,domingo,20:40:00,SC,101,"153,0",PORTO BELO,Falta de Atenção à Condução,Colisão traseira,Sem Vítimas,Plena Noite,Decrescente,Nublado,Dupla,Reta,Não,2,0,0,0,2,0,0,2,-27.144717,-48.61063935,SPRF-SC,DEL04-SC,UOP03-DEL04-SC,2020
"329323,0",2020-12-20,domingo,14:55:00,SC,282,"460,7",PONTE SERRADA,Falta de Atenção à Condução,Colisão transversal,Sem Vítimas,Pleno dia,Decrescente,Chuva,Simples,Rotatória,Sim,2,0,0,0,2,0,0,2,-26.87369346,-52.01828957,SPRF-SC,DEL07-SC,UOP04-DEL07-SC,2020
"329329,0",2020-12-20,domingo,20:35:00,SC,282,"2,0",FLORIANOPOLIS,Ingestão de Álcool,Colisão lateral,Com Vítimas Feridas,Plena Noite,Crescente,Céu Claro,Múltipla,Reta,Sim,2,0,1,0,1,0,1,2,-27.603289,-48.590416,SPRF-SC,DEL01-SC,UOP01-DEL01-SC,2020
"329337,0",2020-12-20,domingo,21:50:00,SC,280,"11,9",SAO FRANCISCO DO SUL,Ultrapassagem Indevida,Saída de leito carroçável,Com Vítimas Feridas,Plena Noite,Crescente,Céu Claro,Simples,Declive;Reta,Não,5,0,5,0,0,0,5,1,-26.312485,-48.644155,SPRF-SC,DEL03-SC,UOP03-DEL03-SC,2020
"329377,0",2020-12-20,domingo,22:50:00,SC,101,"412,0",ARARANGUA,Falta de Atenção à Condução,Colisão traseira,Com Vítimas Feridas,Plena Noite,Decrescente,Ignorado,Simples,Reta,Sim,2,0,0,1,1,0,1,2,-28.95360392,-49.50985011,SPRF-SC,DEL02-SC,UOP02-DEL02-SC,2020
"329431,0",2020-12-21,segunda-feira,08:15:00,SC,280,"70,7",JARAGUA DO SUL,Falta de Atenção à Condução,Colisão transversal,Com Vítimas Feridas,Pleno dia,Crescente,Céu Claro,Simples,Reta,Sim,3,0,2,0,0,1,2,3,-26.46151693,-49.13480597,SPRF-SC,DEL03-SC,UOP03-DEL03-SC,2020
"329445,0",2020-12-21,segunda-feira,09:22:00,SC,101,"203,9",SAO JOSE,Desobediência às normas de trânsito pelo condutor,Colisão transversal,Com Vítimas Feridas,Pleno dia,Crescente,Nublado,Múltipla,Interseção de Vias,Sim,2,0,1,0,1,0,1,2,-27.57365549,-48.61384749,SPRF-SC,DEL01-SC,UOP01-DEL01-SC,2020
"329446,0",2020-12-21,segunda-feira,09:20:00,SC,101,"213,0",PALHOCA,Falta de Atenção à Condução,Colisão traseira,Com Vítimas Feridas,Pleno dia,Decrescente,Nublado,Múltipla,Reta,Sim,3,0,2,1,0,0,3,2,-27.63697369,-48.66514142,SPRF-SC,DEL01-SC,UOP02-DEL01-SC,2020
"329496,0",2020-12-21,segunda-feira,09:10:00,SC,101,"203,9",SAO JOSE,Falta de Atenção à Condução,Tombamento,Com Vítimas Feridas,Pleno dia,Decrescente,Nublado,Múltipla,Reta,Sim,1,0,1,0,0,0,1,1,-27.57365029,-48.61333787,SPRF-SC,DEL01-SC,UOP01-DEL01-SC,2020
"329501,0",2020-12-21,segunda-feira,12:22:00,SC,101,"171,0",TIJUCAS,Defeito Mecânico no Veículo,Colisão lateral,Com Vítimas Feridas,Pleno dia,Decrescente,Céu Claro,Dupla,Reta,Não,2,0,0,2,0,0,2,1,-27.30546499,-48.63258412,SPRF-SC,DEL04-SC,UOP03-DEL04-SC,2020
"329510,0",2020-12-21,segunda-feira,15:20:00,SC,101,"137,0",BALNEARIO CAMBORIU,Não guardar distância de segurança,Colisão lateral,Com Vítimas Feridas,Pleno dia,Decrescente,Céu Claro,Múltipla,Reta,Sim,3,0,2,0,1,0,2,2,-27.0157238,-48.61192763,SPRF-SC,DEL04-SC,UOP03-DEL04-SC,2020
"329512,0",2020-12-21,segunda-feira,15:50:00,SC,280,"31,0",ARAQUARI,Falta de Atenção à Condução,Colisão transversal,Com Vítimas Feridas,Pleno dia,Crescente,Céu Claro,Simples,Reta,Sim,4,0,2,0,1,1,2,3,-26.41649938,-48.77181215,SPRF-SC,DEL03-SC,UOP03-DEL03-SC,2020
"329518,0",2020-12-21,segunda-feira,15:45:00,SC,280,"129,4",RIO NEGRINHO,Desobediência às normas de trânsito pelo condutor,Colisão transversal,Com Vítimas Feridas,Pleno dia,Decrescente,Nublado,Simples,Reta,Sim,3,0,2,0,1,0,2,2,-26.24586437,-49.52284615,SPRF-SC,DEL06-SC,UOP03-DEL06-SC,2020
"329523,0",2020-12-21,segunda-feira,15:57:00,SC,101,"208,9",SAO JOSE,Desobediência às normas de trânsito pelo condutor,Colisão traseira,Com Vítimas Feridas,Pleno dia,Decrescente,Céu Claro,Dupla,Reta,Sim,2,0,0,1,1,0,1,2,-27.60327979,-48.63201818,SPRF-SC,DEL01-SC,UOP01-DEL01-SC,2020
"329538,0",2020-12-21,segunda-feira,16:55:00,SC,101,"145,6",ITAPEMA,Desobediência às normas de trânsito pelo condutor,Colisão traseira,Com Vítimas Feridas,Pleno dia,Crescente,Nublado,Dupla,Aclive,Não,2,0,1,0,1,0,1,2,-27.08139206,-48.60130993,SPRF-SC,DEL04-SC,UOP03-DEL04-SC,2020
"329564,0",2020-12-21,segunda-feira,19:15:00,SC,282,"4,5",SAO JOSE,Falta de Atenção à Condução,Colisão traseira,Com Vítimas Feridas,Plena Noite,Crescente,Nublado,Múltipla,Declive,Sim,2,0,1,0,1,0,1,2,-27.592646,-48.604034,SPRF-SC,DEL01-SC,UOP01-DEL01-SC,2020
"329576,0",2020-12-21,segunda-feira,19:35:00,SC,101,"329,0",CAPIVARI DE BAIXO,Ingestão de Álcool,Saída de leito carroçável,Sem Vítimas,Plena Noite,Crescente,Nublado,Dupla,Curva,Não,1,0,0,0,1,0,0,1,-28.45242074,-48.97494256,SPRF-SC,DEL02-SC,UOP01-DEL02-SC,2020
"329586,0",2020-12-21,segunda-feira,18:10:00,SC,163,"1,8",DIONISIO CERQUEIRA,Falta de Atenção à Condução,Colisão transversal,Com Vítimas Feridas,Pleno dia,Decrescente,Céu Claro,Simples,Reta;Declive;Rotatória,Sim,2,0,0,1,1,0,1,2,-26.2613,-53.6206,SPRF-SC,DEL07-SC,UOP03-DEL07-SC,2020
"329615,0",2020-12-22,terça-feira,04:30:00,SC,163,"71,0",SAO MIGUEL DO OESTE,Falta de Atenção à Condução,Colisão com objeto estático,Sem Vítimas,Amanhecer,Decrescente,Céu Claro,Dupla,Curva,Não,1,0,0,0,0,1,0,1,-26.72772401,-53.51281303,SPRF-SC,DEL07-SC,UOP03-DEL07-SC,2020
"329621,0",2020-12-21,segunda-feira,18:10:00,SC,282,"231,4",LAGES,Velocidade Incompatível,Colisão frontal,Com Vítimas Feridas,Pleno dia,Decrescente,Céu Claro,Simples,Curva,Não,3,0,2,0,1,0,2,2,-27.787624,-50.435722,SPRF-SC,DEL05-SC,UOP02-DEL05-SC,2020
"329626,0",2020-12-22,terça-feira,06:45:00,SC,101,"38,0",JOINVILLE,Avarias e/ou desgaste excessivo no pneu,Colisão com objeto estático,Com Vítimas Fatais,Pleno dia,Decrescente,Garoa/Chuvisco,Simples,Reta,Sim,2,1,0,1,0,0,1,1,-26.25472505,-48.90561309,SPRF-SC,DEL03-SC,UOP01-DEL03-SC,2020
"329633,0",2020-12-20,domingo,06:50:00,SC,282,"531,0",CORDILHEIRA ALTA,Falta de Atenção à Condução,Saída de leito carroçável,Sem Vítimas,Amanhecer,Decrescente,Chuva,Simples,Curva,Não,1,0,0,0,1,0,0,1,-26.990747,-52.609776,SPRF-SC,DEL07-SC,UOP01-DEL07-SC,2020
"329688,0",2020-12-22,terça-feira,11:40:00,SC,101,"287,9",IMBITUBA,Desobediência às normas de trânsito pelo condutor,Atropelamento de Pedestre,Com Vítimas Feridas,Pleno dia,Decrescente,Nublado,Simples,Reta,Não,2,0,1,0,1,0,1,2,-28.23766496,-48.70059767,SPRF-SC,DEL02-SC,UOP03-DEL02-SC,2020
"329696,0",2020-12-22,terça-feira,13:15:00,SC,101,"212,5",PALHOCA,Desobediência às normas de trânsito pelo condutor,Colisão lateral,Com Vítimas Feridas,Pleno dia,Decrescente,Céu Claro,Dupla,Reta,Sim,2,0,0,1,1,0,1,2,-27.62996929,-48.65903871,SPRF-SC,DEL01-SC,UOP02-DEL01-SC,2020
"329714,0",2020-12-22,terça-feira,14:00:00,SC,282,"0,0",FLORIANOPOLIS,Falta de Atenção à Condução,Engavetamento,Com Vítimas Feridas,Pleno dia,Decrescente,Sol,Dupla,Reta,Sim,5,0,2,0,3,0,2,3,-27.59845,-48.571995,SPRF-SC,DEL01-SC,UOP01-DEL01-SC,2020