id,data_inversa,dia_semana,horario,uf,br,km,municipio,causa_acidente,tipo_acidente,classificacao_acidente,fase_dia,sentido_via,condicao_metereologica,tipo_pista,tracado_via,uso_solo,pessoas,mortos,feridos_leves,feridos_graves,ilesos,ignorados,feridos,veiculos,latitude,longitude,regional,delegacia,uop,ano_arquivo
"329716,0",2020-12-22,terça-feira,14:00:00,SC,470,"1,0",NAVEGANTES,Desobediência às normas de trânsito pelo condutor,Colisão lateral,Com Vítimas Feridas,Pleno dia,Crescente,Sol,Simples,Interseção de Vias,Sim,2,0,1,0,1,0,1,2,-26.875383,-48.668285,SPRF-SC,DEL04-SC,UOP04-DEL04-SC,2020
"329725,0",2020-12-22,terça-feira,08:50:00,SC,116,"107,6",SANTA CECILIA,Falta de Atenção à Condução,Saída de leito carroçável,Com Vítimas Feridas,Pleno dia,Crescente,Céu Claro,Simples,Curva,Não,1,0,1,0,0,0,1,1,-26.75568818,-50.32812388,SPRF-SC,DEL06-SC,UOP02-DEL06-SC,2020
"329780,0",2020-12-22,terça-feira,19:35:00,SC,470,"56,2",BLUMENAU,Falta de Atenção à Condução,Colisão transversal,Com Vítimas Feridas,Plena Noite,Crescente,Nublado,Simples,Reta,Sim,2,0,1,0,1,0,1,2,-26.87674,-49.127743,SPRF-SC,DEL04-SC,UOP01-DEL04-SC,2020
"329784,0",2020-12-22,terça-feira,18:30:00,SC,282,"48,0",AGUAS MORNAS,Falta de Atenção à Condução,Colisão traseira,Sem Vítimas,Anoitecer,Decrescente,Garoa/Chuvisco,Simples,Reta,Não,2,0,0,0,1,1,0,2,-27.714352,-48.938072,SPRF-SC,DEL01-SC,UOP03-DEL01-SC,2020
"329785,0",2020-12-22,terça-feira,18:45:00,SC,480,"129,6",CHAPECO,Desobediência às normas de trânsito pelo condutor,Colisão traseira,Com Vítimas Feridas,Pleno dia,Crescente,Céu Claro,Simples,Declive,Sim,2,0,1,0,1,0,1,2,-27.04656607,-52.63577131,SPRF-SC,DEL07-SC,UOP01-DEL07-SC,2020
"329800,0",2020-12-22,terça-feira,17:45:00,SC,470,"247,1",CURITIBANOS,Desobediência às normas de trânsito pelo condutor,Colisão lateral,Com Vítimas Feridas,Pleno dia,Decrescente,Céu Claro,Simples,Interseção de Vias,Sim,3,0,1,0,2,0,1,3,-27.31293745,-50.55882454,SPRF-SC,DEL05-SC,UOP03-DEL05-SC,2020
"329806,0",2020-12-22,terça-feira,21:35:00,SC,101,"25,3",JOINVILLE,Falta de Atenção à Condução,Colisão transversal,Com Vítimas Feridas,Plena Noite,Crescente,Garoa/Chuvisco,Simples,Interseção de Vias,Sim,2,0,1,0,1,0,1,2,-26.1834739,-48.9105912,SPRF-SC,DEL03-SC,UOP01-DEL03-SC,2020
"329868,0",2020-12-23,quarta-feira,05:50:00,SC,101,"300,9",LAGUNA,Velocidade Incompatível,Colisão com objeto estático,Com Vítimas Feridas,Pleno dia,Decrescente,Céu Claro,Dupla,Reta,Não,5,0,2,3,0,0,5,1,-28.336977,-48.732777,SPRF-SC,DEL02-SC,UOP03-DEL02-SC,2020
"329891,0",2020-12-23,quarta-feira,09:00:00,SC,101,"197,2",BIGUACU,Falta de Atenção à Condução,Colisão traseira,Com Vítimas Feridas,Pleno dia,Crescente,Céu Claro,Dupla,Reta,Não,2,0,1,0,1,0,1,2,-27.51844497,-48.63848496,SPRF-SC,DEL01-SC,UOP01-DEL01-SC,2020
"329906,0",2020-12-22,terça-feira,00:30:00,SC,470,"32,0",GASPAR,Falta de Atenção à Condução,Saída de leito carroçável,Com Vítimas Feridas,Plena Noite,Crescente,Céu Claro,Dupla,Reta,Não,1,0,1,0,0,0,1,1,-26.901793,-48.931812,SPRF-SC,DEL04-SC,UOP01-DEL04-SC,2020
"329917,0",2020-12-23,quarta-feira,10:05:00,SC,470,"141,5",RIO DO SUL,Não guardar distância de segurança,Colisão traseira,Com Vítimas Feridas,Pleno dia,Crescente,Céu Claro,Simples,Reta;Aclive,Não,3,0,1,0,2,0,1,3,-27.226065,-49.666161,SPRF-SC,DEL04-SC,UOP02-DEL04-SC,2020
"329936,0",2020-12-23,quarta-feira,11:40:00,SC,280,"46,0",GUARAMIRIM,Falta de Atenção à Condução,Colisão transversal,Com Vítimas Feridas,Pleno dia,Decrescente,Céu Claro,Simples,Reta,Não,2,0,1,0,1,0,1,2,-26.45295055,-48.90788103,SPRF-SC,DEL03-SC,UOP03-DEL03-SC,2020
"329938,0",2020-12-23,quarta-feira,13:00:00,SC,101,"61,0",ARAQUARI,Falta de Atenção à Condução,Colisão com objeto estático,Com Vítimas Feridas,Pleno dia,Crescente,Nublado,Dupla,Curva,Não,1,0,1,0,0,0,1,1,-26.45474174,-48.77699195,SPRF-SC,DEL03-SC,UOP02-DEL03-SC,2020
"329941,0",2020-12-23,quarta-feira,11:30:00,SC,101,"296,7",IMBITUBA,Animais na Pista,Atropelamento de Animal,Com Vítimas Feridas,Pleno dia,Crescente,Sol,Simples,Reta,Sim,1,0,1,0,0,0,1,1,-28.33622583,-48.73305988,SPRF-SC,DEL02-SC,UOP03-DEL02-SC,2020
"329945,0",2020-12-23,quarta-feira,13:30:00,SC,101,"99,0",BALNEARIO PICARRAS,Condutor Dormindo,Colisão transversal,Com Vítimas Feridas,Pleno dia,Crescente,Chuva,Dupla,Reta,Não,3,0,2,1,0,0,3,2,-26.7471002,-48.69654831,SPRF-SC,DEL03-SC,UOP02-DEL03-SC,2020
"329980,0",2020-12-23,quarta-feira,16:10:00,SC,101,"201,8",SAO JOSE,Não guardar distância de segurança,Colisão traseira,Com Vítimas Feridas,Pleno dia,Decrescente,Céu Claro,Múltipla,Reta,Não,3,0,0,2,1,0,2,2,-27.54836599,-48.61977975,SPRF-SC,DEL01-SC,UOP01-DEL01-SC,2020
"329986,0",2020-12-23,quarta-feira,16:48:00,SC,101,"126,2",ITAJAI,Defeito Mecânico no Veículo,Tombamento,Com Vítimas Feridas,Pleno dia,Crescente,Céu Claro,Dupla,Reta,Não,1,0,1,0,0,0,1,1,-26.95564404,-48.67978366,SPRF-SC,DEL04-SC,UOP04-DEL04-SC,2020
"329994,0",2020-12-23,quarta-feira,17:20:00,SC,101,"127,8",ITAJAI,Falta de Atenção à Condução,Colisão lateral,Com Vítimas Feridas,Plena Noite,Crescente,Céu Claro,Dupla,Reta,Não,1,0,1,0,0,0,1,1,-26.9639319,-48.68328024,SPRF-SC,DEL04-SC,UOP04-DEL04-SC,2020
"330022,0",2020-12-23,quarta-feira,19:10:00,SC,470,"51,7",BLUMENAU,Falta de Atenção do Pedestre,Atropelamento de Pedestre,Com Vítimas Feridas,Plena Noite,Decrescente,Nublado,Simples,Reta,Sim,2,0,1,0,1,0,1,2,-26.862339,-49.084038,SPRF-SC,DEL04-SC,UOP01-DEL04-SC,2020
"330052,0",2020-12-23,quarta-feira,22:00:00,SC,101,"5,6",SAO JOSE,Falta de Atenção à Condução,Tombamento,Com Vítimas Feridas,Plena Noite,Crescente,Céu Claro,Múltipla,Aclive,Não,1,0,1,0,0,0,1,1,-27.58852163,-48.61237094,SPRF-SC,DEL03-SC,UOP01-DEL03-SC,2020
"330064,0",2020-12-23,quarta-feira,22:35:00,SC,101,"212,6",PALHOCA,Ingestão de Álcool,Tombamento,Com Vítimas Feridas,Plena Noite,Decrescente,Céu Claro,Múltipla,Reta,Sim,2,0,2,0,0,0,2,1,-27.62996929,-48.65903871,SPRF-SC,DEL01-SC,UOP02-DEL01-SC,2020
"330078,0",2020-12-23,quarta-feira,20:15:00,SC,101,"400,5",MARACAJA,Falta de Atenção à Condução,Colisão traseira,Com Vítimas Feridas,Plena Noite,Crescente,Céu Claro,Dupla,Reta;Declive,Sim,2,0,1,0,1,0,1,2,-28.85760414,-49.44087982,SPRF-SC,DEL02-SC,UOP02-DEL02-SC,2020
"330094,0",2020-12-24,quinta-feira,00:20:00,SC,480,"130,6",CHAPECO,Velocidade Incompatível,Saída de leito carroçável,Com Vítimas Feridas,Plena Noite,Crescente,Céu Claro,Simples,Curva,Não,1,0,0,1,0,0,1,1,-27.05534298,-52.63652069,SPRF-SC,DEL07-SC,UOP01-DEL07-SC,2020
"330098,0",2020-12-24,quinta-feira,02:35:00,SC,470,"100,3",APIUNA,Ingestão de Álcool,Colisão com objeto estático,Com Vítimas Feridas,Plena Noite,Decrescente,Nublado,Simples,Ponte,Não,3,0,2,0,1,0,2,1,-27.045143,-49.394142,SPRF-SC,DEL04-SC,UOP02-DEL04-SC,2020
"330115,0",2020-12-24,quinta-feira,01:10:00,SC,282,"656,0",SAO MIGUEL DO OESTE,Falta de Atenção à Condução,Saída de leito carroçável,Com Vítimas Feridas,Plena Noite,Crescente,Céu Claro,Simples,Reta,Não,1,0,1,0,0,0,1,1,-26.696913,-53.5364,SPRF-SC,DEL07-SC,UOP03-DEL07-SC,2020
"330117,0",2020-12-23,quarta-feira,23:15:00,SC,163,"111,4",GUARUJA DO SUL,Ingestão de Álcool,Saída de leito carroçável,Com Vítimas Fatais,Plena Noite,Decrescente,Céu Claro,Simples,Declive;Reta,Não,2,1,0,1,0,0,1,1,-26.39425308,-53.52212906,SPRF-SC,DEL07-SC,UOP03-DEL07-SC,2020
"330125,0",2020-12-24,quinta-feira,00:10:00,SC,116,"17,8",MAFRA,Ingestão de Álcool,Saída de leito carroçável,Com Vítimas Feridas,Plena Noite,Decrescente,Nublado,Simples,Reta,Não,1,0,1,0,0,0,1,1,-26.2237,-49.89236,SPRF-SC,DEL06-SC,UOP01-DEL06-SC,2020
"330131,0",2020-12-24,quinta-feira,07:20:00,SC,101,"211,8",PALHOCA,Falta de Atenção à Condução,Tombamento,Sem Vítimas,Pleno dia,Decrescente,Chuva,Múltipla,Reta,Não,1,0,0,0,1,0,0,1,-27.62329313,-48.65245588,SPRF-SC,DEL01-SC,UOP02-DEL01-SC,2020
"330156,0",2020-12-24,quinta-feira,08:45:00,SC,101,"197,4",SAO JOSE,Não guardar distância de segurança,Colisão traseira,Com Vítimas Feridas,Pleno dia,Crescente,Garoa/Chuvisco,Múltipla,Curva,Sim,2,0,1,0,1,0,1,2,-27.51844497,-48.63848496,SPRF-SC,DEL01-SC,UOP01-DEL01-SC,2020
"330161,0",2020-12-24,quinta-feira,09:05:00,SC,101,"191,0",BIGUACU,Velocidade Incompatível,Queda de ocupante de veículo,Com Vítimas Feridas,Pleno dia,Crescente,Chuva,Dupla,Curva,Não,3,0,1,0,2,0,1,3,-27.47730273,-48.64127329,SPRF-SC,DEL01-SC,UOP01-DEL01-SC,2020
"330162,0",2020-12-24,quinta-feira,07:50:00,SC,470,"173,1",POUSO REDONDO,Não guardar distância de segurança,Colisão traseira,Com Vítimas Feridas,Pleno dia,Crescente,Sol,Simples,Reta,Sim,3,0,1,0,2,0,1,2,-27.25984,-49.919285,SPRF-SC,DEL04-SC,UOP02-DEL04-SC,2020
"330168,0",2020-12-24,quinta-feira,10:14:00,SC,101,"201,3",SAO JOSE,Falta de Atenção do Pedestre,Atropelamento de Pedestre,Com Vítimas Feridas,Pleno dia,Decrescente,Céu Claro,Múltipla,Reta,Não,2,0,1,0,1,0,1,2,-27.54836599,-48.61977975,SPRF-SC,DEL01-SC,UOP01-DEL01-SC,2020
"330177,0",2020-12-24,quinta-feira,10:50:00,SC,470,"94,7",APIUNA,Falta de Atenção à Condução,Colisão transversal,Com Vítimas Feridas,Pleno dia,Crescente,Nublado,Simples,Reta,Não,2,0,0,1,1,0,1,2,-27.003345,-49.374668,SPRF-SC,DEL04-SC,UOP01-DEL04-SC,2020
"330189,0",2020-12-24,quinta-feira,11:20:00,SC,282,"202,0",LAGES,Avarias e/ou desgaste excessivo no pneu,Saída de leito carroçável,Com Vítimas Feridas,Pleno dia,Decrescente,Céu Claro,Simples,Reta,Não,5,0,1,0,4,0,1,1,-27.763393,-50.152874,SPRF-SC,DEL05-SC,UOP01-DEL05-SC,2020
"330194,0",2020-12-24,quinta-feira,12:00:00,SC,280,"51,8",GUARAMIRIM,Animais na Pista,Atropelamento de Animal,Com Vítimas Feridas,Pleno dia,Crescente,Chuva,Dupla,Em Obras;Reta,Não,1,0,1,0,0,0,1,1,-26.46538871,-48.95544449,SPRF-SC,DEL03-SC,UOP03-DEL03-SC,2020
"330205,0",2020-12-24,quinta-feira,07:10:00,SC,282,"508,0",XANXERE,Falta de Atenção à Condução,Saída de leito carroçável,Com Vítimas Feridas,Pleno dia,Crescente,Céu Claro,Simples,Curva,Não,1,0,1,0,0,0,1,1,-26.897231,-52.463722,SPRF-SC,DEL07-SC,UOP01-DEL07-SC,2020
"330218,0",2020-12-24,quinta-feira,13:20:00,SC,101,"97,0",BALNEARIO PICARRAS,Velocidade Incompatível,Saída de leito carroçável,Com Vítimas Feridas,Pleno dia,Crescente,Sol,Dupla,Curva,Sim,1,0,0,1,0,0,1,1,-26.718427,-48.70233,SPRF-SC,DEL03-SC,UOP02-DEL03-SC,2020
"330248,0",2020-11-10,terça-feira,20:30:00,SC,101,"411,9",ARARANGUA,Desobediência às normas de trânsito pelo pedestre,Atropelamento de Pedestre,Com Vítimas Fatais,Plena Noite,Crescente,Nublado,Dupla,Reta,Não,3,1,0,0,2,0,0,2,-28.9329141,-49.51625174,SPRF-SC,DEL02-SC,UOP02-DEL02-SC,2020
"330259,0",2020-12-24,quinta-feira,16:40:00,SC,282,"3,5",FLORIANOPOLIS,Falta de Atenção à Condução,Queda de ocupante de veículo,Com Vítimas Feridas,Pleno dia,Crescente,Céu Claro,Múltipla,Reta,Sim,1,0,1,0,0,0,1,1,-27.600384,-48.599705,SPRF-SC,DEL01-SC,UOP01-DEL01-SC,2020
"330279,0",2020-12-24,quinta-feira,15:20:00,SC,280,"125,0",RIO NEGRINHO,Desobediência às normas de trânsito pelo condutor,Colisão transversal,Com Vítimas Feridas,Pleno dia,Crescente,Céu Claro,Simples,Reta,Não,2,0,0,1,1,0,1,2,-26.23763684,-49.48434497,SPRF-SC,DEL06-SC,UOP03-DEL06-SC,2020
"330289,0",2020-12-24,quinta-feira,18:30:00,SC,101,"118,5",ITAJAI,Falta de Atenção à Condução,Colisão traseira,Com Vítimas Feridas,Anoitecer,Decrescente,Céu Claro,Dupla,Reta,Sim,3,0,0,3,0,0,3,2,-26.895859,-48.71903,SPRF-SC,DEL04-SC,UOP04-DEL04-SC,2020
"330297,0",2020-12-24,quinta-feira,16:25:00,SC,480,"128,4",CHAPECO,Falta de Atenção à Condução,Colisão transversal,Com Vítimas Feridas,Pleno dia,Crescente,Sol,Simples,Reta,Não,3,0,2,0,1,0,2,2,-27.03781899,-52.63432603,SPRF-SC,DEL07-SC,UOP01-DEL07-SC,2020
"330300,0",2020-12-24,quinta-feira,19:00:00,SC,101,"127,0",ITAJAI,Desobediência às normas de trânsito pelo condutor,Colisão com objeto estático,Com Vítimas Feridas,Anoitecer,Decrescente,Céu Claro,Dupla,Reta,Não,3,0,2,0,1,0,2,1,-26.9639319,-48.68328024,SPRF-SC,DEL04-SC,UOP04-DEL04-SC,2020
"330326,0",2020-12-24,quinta-feira,16:45:00,SC,163,"78,5",SAO MIGUEL DO OESTE,Desobediência às normas de trânsito pelo condutor,Colisão transversal,Com Vítimas Feridas,Pleno dia,Crescente,Sol,Simples,Reta,Sim,2,0,1,1,0,0,2,2,-26.667838,-53.51978017,SPRF-SC,DEL07-SC,UOP03-DEL07-SC,2020
"330341,0",2020-12-24,quinta-feira,21:10:00,SC,163,"71,2",SAO MIGUEL DO OESTE,Ingestão de Álcool,Colisão lateral,Com Vítimas Feridas,Plena Noite,Decrescente,Céu Claro,Dupla,Reta,Sim,1,0,1,0,0,0,1,1,-26.65911819,-53.51816757,SPRF-SC,DEL07-SC,UOP03-DEL07-SC,2020
"330366,0",2020-12-25,sexta-feira,00:50:00,SC,101,"138,0",BALNEARIO CAMBORIU,Avarias e/ou desgaste excessivo no pneu,Queda de ocupante de veículo,Com Vítimas Feridas,Plena Noite,Decrescente,Nublado,Dupla,Reta,Não,2,0,2,0,0,0,2,1,-27.02397426,-48.60761649,SPRF-SC,DEL04-SC,UOP03-DEL04-SC,2020
"330369,0",2020-12-24,quinta-feira,23:30:00,SC,282,"430,2",VARGEM BONITA,Falta de Atenção à Condução,Saída de leito carroçável,Com Vítimas Feridas,Plena Noite,Decrescente,Céu Claro,Simples,Declive;Curva,Não,5,0,2,0,3,0,2,2,-26.98404107,-51.7912674,SPRF-SC,DEL07-SC,UOP05-DEL07-SC,2020
"330373,0",2020-12-25,sexta-feira,02:40:00,SC,101,"218,3",PALHOCA,Ingestão de Álcool,Colisão com objeto estático,Sem Vítimas,Plena Noite,Crescente,Céu Claro,Dupla,Reta,Não,1,0,0,0,1,0,0,1,-27.6758601,-48.67052525,SPRF-SC,DEL01-SC,UOP02-DEL01-SC,2020
"330416,0",2020-12-25,sexta-feira,03:00:00,SC,101,"370,0",ICARA,Falta de Atenção à Condução,Saída de leito carroçável,Com Vítimas Feridas,Plena Noite,Crescente,Ignorado,Dupla,Reta,Não,2,0,0,2,0,0,2,1,-28.69956788,-49.19239904,SPRF-SC,DEL02-SC,UOP01-DEL02-SC,2020
"330451,0",2020-12-25,sexta-feira,11:10:00,SC,101,"307,7",LAGUNA,Falta de Atenção à Condução,Colisão com objeto estático,Com Vítimas Feridas,Pleno dia,Decrescente,Céu Claro,Dupla,Viaduto;Reta;Declive,Não,2,0,2,0,0,0,2,1,-28.39199505,-48.77826295,SPRF-SC,DEL02-SC,UOP03-DEL02-SC,2020
"330514,0",2020-12-25,sexta-feira,17:25:00,SC,282,"646,0",SAO MIGUEL DO OESTE,Falta de Atenção à Condução,Colisão lateral,Sem Vítimas,Pleno dia,Crescente,Céu Claro,Simples,Reta,Sim,4,0,0,0,2,2,0,3,-26.763933,-53.496826,SPRF-SC,DEL07-SC,UOP03-DEL07-SC,2020
"330518,0",2020-12-25,sexta-feira,18:10:00,SC,282,"170,7",BOCAINA DO SUL,Defeito Mecânico no Veículo,Colisão traseira,Com Vítimas Feridas,Pleno dia,Crescente,Sol,Simples,Declive,Não,6,0,3,1,2,0,4,2,-27.741282,-49.843479,SPRF-SC,DEL05-SC,UOP01-DEL05-SC,2020
"330527,0",2020-12-25,sexta-feira,20:25:00,SC,282,"4,0",FLORIANOPOLIS,Mal Súbito,Saída de leito carroçável,Com Vítimas Feridas,Plena Noite,Crescente,Nublado,Múltipla,Interseção de Vias;Curva,Sim,1,0,1,0,0,0,1,1,-27.59331348,-48.60247005,SPRF-SC,DEL01-SC,UOP01-DEL01-SC,2020
"330550,0",2020-12-24,quinta-feira,23:00:00,SC,101,"380,9",ICARA,Falta de Atenção à Condução,Colisão com objeto estático,Com Vítimas Feridas,Plena Noite,Decrescente,Nublado,Dupla,Declive,Sim,1,0,1,0,0,0,1,1,-28.75478409,-49.27732095,SPRF-SC,DEL02-SC,UOP02-DEL02-SC,2020
"330554,0",2020-12-25,sexta-feira,21:50:00,SC,470,"215,0",SAO CRISTOVAO DO SUL,Ultrapassagem Indevida,Colisão frontal,Com Vítimas Feridas,Plena Noite,Decrescente,Céu Claro,Simples,Aclive;Reta,Não,5,0,1,0,2,2,1,3,-27.29988639,-50.28856516,SPRF-SC,DEL05-SC,UOP03-DEL05-SC,2020
"330562,0",2020-12-25,sexta-feira,22:30:00,SC,101,"432,9",SOMBRIO,Falta de Atenção à Condução,Colisão com objeto estático,Com Vítimas Feridas,Plena Noite,Crescente,Nublado,Múltipla,Reta,Sim,1,0,1,0,0,0,1,1,-29.08008398,-49.6291139,SPRF-SC,DEL02-SC,UOP02-DEL02-SC,2020
"330586,0",2020-12-26,sábado,05:00:00,SC,282,"5,0",SAO JOSE,Ingestão de Álcool,Colisão com objeto estático,Com Vítimas Feridas,Plena Noite,Crescente,Nublado,Múltipla,Reta,Sim,2,0,1,0,0,1,1,2,-27.588425,-48.612919,SPRF-SC,DEL01-SC,UOP01-DEL01-SC,2020
"330593,0",2020-12-26,sábado,06:10:00,SC,101,"41,0",JOINVILLE,Falta de Atenção à Condução,Capotamento,Com Vítimas Feridas,Amanhecer,Crescente,Nublado,Dupla,Viaduto,Sim,1,0,1,0,0,0,1,1,-26.28215489,-48.88973081,SPRF-SC,DEL03-SC,UOP01-DEL03-SC,2020
"330596,0",2020-12-26,sábado,07:10:00,SC,101,"117,0",ITAJAI,Pista Escorregadia,Tombamento,Com Vítimas Feridas,Pleno dia,Crescente,Garoa/Chuvisco,Simples,Reta,Não,1,0,1,0,0,0,1,1,-26.88747187,-48.72252969,SPRF-SC,DEL04-SC,UOP04-DEL04-SC,2020
"330606,0",2020-12-26,sábado,09:00:00,SC,101,"115,4",ITAJAI,Falta de Atenção à Condução,Colisão traseira,Com Vítimas Feridas,Pleno dia,Crescente,Garoa/Chuvisco,Dupla,Reta,Sim,2,0,1,0,1,0,1,2,-26.87064015,-48.72954134,SPRF-SC,DEL04-SC,UOP04-DEL04-SC,2020
"330611,0",2020-12-26,sábado,10:20:00,SC,280,"13,0",SAO FRANCISCO DO SUL,Desobediência às normas de trânsito pelo condutor,Colisão traseira,Com Vítimas Feridas,Pleno dia,Crescente,Nublado,Simples,Reta,Não,3,0,2,0,1,0,2,2,-26.32171113,-48.64798666,SPRF-SC,DEL03-SC,UOP03-DEL03-SC,2020
"330645,0",2020-12-26,sábado,14:40:00,SC,101,"214,4",PALHOCA,Falta de Atenção à Condução,Colisão transversal,Com Vítimas Feridas,Pleno dia,Crescente,Céu Claro,Dupla,Viaduto,Sim,2,0,1,0,1,0,1,2,-27.64443,-48.67057,SPRF-SC,DEL01-SC,UOP02-DEL01-SC,2020
"330646,0",2020-12-26,sábado,14:35:00,SC,101,"21,1",JOINVILLE,Pista Escorregadia,Tombamento,Com Vítimas Feridas,Pleno dia,Crescente,Chuva,Dupla,Aclive;Reta,Não,1,0,1,0,0,0,1,1,-26.14793022,-48.90894562,SPRF-SC,DEL03-SC,UOP01-DEL03-SC,2020
"330648,0",2020-12-26,sábado,15:00:00,SC,470,"13,0",NAVEGANTES,Falta de Atenção à Condução,Saída de leito carroçável,Com Vítimas Feridas,Pleno dia,Decrescente,Nublado,Simples,Reta,Não,1,0,1,0,0,0,1,1,-26.839108,-48.766262,SPRF-SC,DEL04-SC,UOP04-DEL04-SC,2020
"330671,0",2020-12-26,sábado,17:00:00,SC,282,"47,0",AGUAS MORNAS,Falta de Atenção à Condução,Saída de leito carroçável,Com Vítimas Feridas,Pleno dia,Decrescente,Chuva,Simples,Curva;Declive,Não,3,0,2,0,1,0,2,1,-27.721771,-48.934837,SPRF-SC,DEL01-SC,UOP03-DEL01-SC,2020
"330677,0",2020-12-26,sábado,15:05:00,SC,282,"575,5",PINHALZINHO,Falta de Atenção à Condução,Colisão frontal,Com Vítimas Fatais,Pleno dia,Decrescente,Céu Claro,Simples,Reta,Não,10,1,2,3,4,0,5,4,-26.868204,-52.963901,SPRF-SC,DEL07-SC,UOP02-DEL07-SC,2020
"330686,0",2020-12-26,sábado,18:25:00,SC,282,"619,6",IRACEMINHA,Avarias e/ou desgaste excessivo no pneu,Saída de leito carroçável,Com Vítimas Feridas,Pleno dia,Crescente,Céu Claro,Simples,Curva,Não,2,0,2,0,0,0,2,1,-26.794798,-53.299477,SPRF-SC,DEL07-SC,UOP02-DEL07-SC,2020
"330700,0",2020-12-26,sábado,19:30:00,SC,101,"151,0",ITAPEMA,Falta de Atenção à Condução,Colisão lateral,Com Vítimas Feridas,Plena Noite,Decrescente,Nublado,Múltipla,Reta,Sim,2,0,1,0,1,0,1,2,-27.126536,-48.609642,SPRF-SC,DEL04-SC,UOP03-DEL04-SC,2020
"330704,0",2020-12-26,sábado,18:45:00,SC,101,"366,0",SANGAO,Falta de Atenção à Condução,Saída de leito carroçável,Com Vítimas Feridas,Pleno dia,Decrescente,Nublado,Dupla,Reta,Não,3,0,3,0,0,0,3,1,-28.68718511,-49.15621795,SPRF-SC,DEL02-SC,UOP01-DEL02-SC,2020
"330720,0",2020-12-26,sábado,21:00:00,SC,101,"87,2",BARRA VELHA,Defeito Mecânico no Veículo,Incêndio,Sem Vítimas,Plena Noite,Decrescente,Nublado,Dupla,Reta,Não,1,0,0,0,1,0,0,1,-26.63713377,-48.69651057,SPRF-SC,DEL03-SC,UOP02-DEL03-SC,2020
"330725,0",2020-12-26,sábado,21:30:00,SC,470,"32,0",GASPAR,Falta de Atenção à Condução,Saída de leito carroçável,Com Vítimas Feridas,Plena Noite,Crescente,Céu Claro,Dupla,Reta,Não,1,0,1,0,0,0,1,1,-26.901793,-48.931812,SPRF-SC,DEL04-SC,UOP01-DEL04-SC,2020
"330740,0",2020-12-26,sábado,23:00:00,SC,101,"459,0",PASSO DE TORRES,Ingestão de Álcool,Capotamento,Sem Vítimas,Plena Noite,Crescente,Céu Claro,Dupla,Reta,Não,1,0,0,0,1,0,0,1,-29.249493,-49.75304901,SPRF-RS,DEL03-RS,UOP02-DEL03-RS,2020
"330746,0",2020-12-27,domingo,00:40:00,SC,101,"157,0",PORTO BELO,Ingestão de Álcool,Engavetamento,Sem Vítimas,Plena Noite,Decrescente,Chuva,Múltipla,Reta,Não,4,0,0,0,4,0,0,4,-27.181625,-48.6121179,SPRF-SC,DEL04-SC,UOP03-DEL04-SC,2020
"330755,0",2020-12-27,domingo,02:45:00,SC,101,"210,0",SAO JOSE,Falta de Atenção à Condução,Colisão traseira,Com Vítimas Feridas,Plena Noite,Crescente,Chuva,Dupla,Reta,Sim,2,0,1,0,1,0,1,2,-27.6167305,-48.6457265,SPRF-SC,DEL01-SC,UOP01-DEL01-SC,2020
"330757,0",2020-12-27,domingo,03:50:00,SC,101,"206,4",SAO JOSE,Ingestão de Álcool,Saída de leito carroçável,Sem Vítimas,Plena Noite,Crescente,Chuva,Dupla,Reta,Sim,1,0,0,0,1,0,0,1,-27.59193546,-48.61824557,SPRF-SC,DEL01-SC,UOP01-DEL01-SC,2020
"330758,0",2020-12-26,sábado,21:50:00,SC,280,"287,7",PORTO UNIAO,Velocidade Incompatível,Colisão com objeto,Com Vítimas Fatais,Plena Noite,Crescente,Céu Claro,Simples,Ponte,Não,4,2,2,0,0,0,2,1,-26.294426,-50.895881,SPRF-SC,DEL06-SC,UOP04-DEL06-SC,2020
"330760,0",2020-12-27,domingo,02:30:00,SC,282,"633,1",DESCANSO,Ingestão de Álcool,Saída de leito carroçável,Com Vítimas Feridas,Plena Noite,Decrescente,Nublado,Múltipla,Declive;Curva,Não,2,0,1,1,0,0,2,1,-26.824224,-53.412407,SPRF-SC,DEL07-SC,UOP03-DEL07-SC,2020
"330779,0",2020-12-27,domingo,07:10:00,SC,101,"138,0",BALNEARIO CAMBORIU,Pista Escorregadia,Saída de leito carroçável,Com Vítimas Feridas,Pleno dia,Decrescente,Chuva,Dupla,Reta,Sim,3,0,1,0,1,1,1,3,-27.02397426,-48.60761649,SPRF-SC,DEL04-SC,UOP03-DEL04-SC,2020
"330785,0",2020-11-13,sexta-feira,07:18:00,SC,101,"212,6",PALHOCA,Velocidade Incompatível,Colisão traseira,Com Vítimas Feridas,Pleno dia,Decrescente,Nublado,Dupla,Reta,Não,2,0,1,1,0,0,2,2,-27.62996929,-48.65903871,SPRF-SC,DEL01-SC,UOP02-DEL01-SC,2020
"330790,0",2020-12-27,domingo,08:17:00,SC,101,"191,0",BIGUACU,Pista Escorregadia,Colisão com objeto estático,Com Vítimas Feridas,Pleno dia,Crescente,Chuva,Dupla,Curva,Não,1,0,0,1,0,0,1,1,-27.47730273,-48.64127329,SPRF-SC,DEL01-SC,UOP01-DEL01-SC,2020
"330796,0",2020-12-27,domingo,07:06:00,SC,101,"48,8",JOINVILLE,Velocidade Incompatível,Saída de leito carroçável,Com Vítimas Feridas,Pleno dia,Crescente,Chuva,Dupla,Reta,Não,2,0,1,0,1,0,1,1,-26.35345909,-48.85867862,SPRF-SC,DEL03-SC,UOP01-DEL03-SC,2020