id,data_inversa,dia_semana,horario,uf,br,km,municipio,causa_acidente,tipo_acidente,classificacao_acidente,fase_dia,sentido_via,condicao_metereologica,tipo_pista,tracado_via,uso_solo,pessoas,mortos,feridos_leves,feridos_graves,ilesos,ignorados,feridos,veiculos,latitude,longitude,regional,delegacia,uop,ano_arquivo
"330803,0",2020-12-27,domingo,10:00:00,SC,280,"51,2",GUARAMIRIM,Falta de Atenção à Condução,Saída de leito carroçável,Com Vítimas Feridas,Pleno dia,Decrescente,Nublado,Dupla,Reta,Não,1,0,1,0,0,0,1,1,-26.46699065,-48.95962715,SPRF-SC,DEL03-SC,UOP03-DEL03-SC,2020
"330809,0",2020-12-27,domingo,11:40:00,SC,101,"80,0",ARAQUARI,Não guardar distância de segurança,Colisão traseira,Com Vítimas Feridas,Pleno dia,Crescente,Chuva,Dupla,Reta,Não,3,0,2,0,1,0,2,2,-26.59441996,-48.72183309,SPRF-SC,DEL03-SC,UOP02-DEL03-SC,2020
"330813,0",2020-12-27,domingo,12:10:00,SC,101,"115,8",ITAJAI,Não guardar distância de segurança,Colisão traseira,Com Vítimas Feridas,Pleno dia,Decrescente,Nublado,Dupla,Reta,Não,3,0,1,0,2,0,1,3,-26.87064015,-48.72954134,SPRF-SC,DEL04-SC,UOP04-DEL04-SC,2020
"330820,0",2020-12-27,domingo,09:25:00,SC,280,"33,9",ARAQUARI,Ingestão de Substâncias Psicoativas,Colisão frontal,Com Vítimas Feridas,Pleno dia,Crescente,Céu Claro,Simples,Reta,Não,6,0,2,0,4,0,2,3,-26.42876856,-48.79337311,SPRF-SC,DEL03-SC,UOP03-DEL03-SC,2020
"330826,0",2020-12-27,domingo,12:40:00,SC,101,"48,1",JOINVILLE,Falta de Atenção à Condução,Tombamento,Com Vítimas Feridas,Pleno dia,Crescente,Céu Claro,Dupla,Declive;Reta,Sim,1,0,0,1,0,0,1,1,-26.35345909,-48.85867862,SPRF-SC,DEL03-SC,UOP01-DEL03-SC,2020
"330844,0",2020-12-27,domingo,15:34:00,SC,101,"214,9",PALHOCA,Velocidade Incompatível,Colisão traseira,Com Vítimas Feridas,Pleno dia,Decrescente,Garoa/Chuvisco,Simples,Reta,Sim,2,0,1,0,1,0,1,2,-27.64443,-48.67057,SPRF-SC,DEL01-SC,UOP02-DEL01-SC,2020
"330856,0",2020-12-27,domingo,16:40:00,SC,101,"4,0",GARUVA,Não guardar distância de segurança,Colisão traseira,Com Vítimas Feridas,Pleno dia,Crescente,Chuva,Dupla,Reta,Não,3,0,1,0,2,0,1,2,-26.00908719,-48.86448735,SPRF-SC,DEL03-SC,UOP01-DEL03-SC,2020
"330873,0",2020-12-27,domingo,14:55:00,SC,282,"64,2",RANCHO QUEIMADO,Velocidade Incompatível,Colisão frontal,Com Vítimas Fatais,Pleno dia,Crescente,Chuva,Simples,Curva,Não,7,1,0,6,0,0,6,2,-27.6972012,-49.0550047,SPRF-SC,DEL01-SC,UOP03-DEL01-SC,2020
"330875,0",2020-12-27,domingo,17:35:00,SC,470,"115,2",IBIRAMA,Desobediência às normas de trânsito pelo condutor,Colisão transversal,Com Vítimas Feridas,Pleno dia,Crescente,Garoa/Chuvisco,Simples,Reta,Não,5,0,0,1,4,0,1,2,-27.080416,-49.485348,SPRF-SC,DEL04-SC,UOP02-DEL04-SC,2020
"330878,0",2020-12-27,domingo,17:10:00,SC,280,"21,9",ARAQUARI,Falta de Atenção à Condução,Tombamento,Com Vítimas Feridas,Pleno dia,Crescente,Céu Claro,Simples,Reta,Não,1,0,1,0,0,0,1,1,-26.37043169,-48.69219602,SPRF-SC,DEL03-SC,UOP03-DEL03-SC,2020
"330901,0",2020-12-27,domingo,20:20:00,SC,101,"43,3",JOINVILLE,Falta de Atenção à Condução,Colisão frontal,Com Vítimas Feridas,Plena Noite,Crescente,Chuva,Dupla,Reta;Interseção de Vias,Sim,5,0,1,0,4,0,1,2,-26.30357106,-48.88225609,SPRF-SC,DEL03-SC,UOP01-DEL03-SC,2020
"330906,0",2020-12-27,domingo,19:50:00,SC,101,"192,2",BIGUACU,Desobediência às normas de trânsito pelo condutor,Colisão com objeto estático,Sem Vítimas,Plena Noite,Decrescente,Chuva,Múltipla,Curva,Sim,1,0,0,0,1,0,0,1,-27.48443781,-48.64765238,SPRF-SC,DEL01-SC,UOP01-DEL01-SC,2020
"330941,0",2020-12-27,domingo,20:00:00,SC,470,"348,1",CAMPOS NOVOS,Ingestão de Álcool,Saída de leito carroçável,Sem Vítimas,Plena Noite,Crescente,Chuva,Simples,Reta,Não,1,0,0,0,1,0,0,1,-27.549416,-51.44669,SPRF-SC,DEL07-SC,UOP06-DEL07-SC,2020
"330949,0",2020-12-28,segunda-feira,01:10:00,SC,101,"44,0",JOINVILLE,Falta de Atenção à Condução,Colisão lateral,Com Vítimas Feridas,Plena Noite,Crescente,Chuva,Dupla,Reta,Não,3,0,2,0,1,0,2,2,-26.31238996,-48.87458997,SPRF-SC,DEL03-SC,UOP01-DEL03-SC,2020
"330954,0",2020-12-28,segunda-feira,03:52:00,SC,470,"1,3",NAVEGANTES,Desobediência às normas de trânsito pelo condutor,Colisão traseira,Com Vítimas Feridas,Plena Noite,Decrescente,Chuva,Dupla,Reta,Sim,5,0,2,0,3,0,2,2,-26.875383,-48.668285,SPRF-SC,DEL04-SC,UOP04-DEL04-SC,2020
"330963,0",2020-12-27,domingo,15:45:00,SC,470,"25,0",ILHOTA,Avarias e/ou desgaste excessivo no pneu,Saída de leito carroçável,Sem Vítimas,Pleno dia,Crescente,Garoa/Chuvisco,Dupla,Curva,Não,1,0,0,0,1,0,0,1,-26.883764,-48.865986,SPRF-SC,DEL04-SC,UOP04-DEL04-SC,2020
"330968,0",2020-12-28,segunda-feira,06:45:00,SC,101,"148,8",ITAPEMA,Falta de Atenção à Condução,Colisão transversal,Com Vítimas Feridas,Pleno dia,Crescente,Nublado,Simples,Interseção de Vias,Sim,2,0,1,0,0,1,1,2,-27.10123686,-48.61807962,SPRF-SC,DEL04-SC,UOP03-DEL04-SC,2020
"330995,0",2020-12-28,segunda-feira,09:40:00,SC,101,"195,0",BIGUACU,Falta de Atenção à Condução,Colisão lateral,Com Vítimas Feridas,Pleno dia,Decrescente,Nublado,Múltipla,Reta,Sim,2,0,1,0,1,0,1,2,-27.5047092,-48.65010819,SPRF-SC,DEL01-SC,UOP01-DEL01-SC,2020
"331005,0",2020-12-28,segunda-feira,10:00:00,SC,470,"173,4",POUSO REDONDO,Falta de Atenção à Condução,Colisão transversal,Com Vítimas Feridas,Pleno dia,Decrescente,Céu Claro,Simples,Reta;Aclive,Sim,2,0,1,0,1,0,1,2,-27.25984,-49.919285,SPRF-SC,DEL04-SC,UOP02-DEL04-SC,2020
"331018,0",2020-12-28,segunda-feira,10:40:00,SC,101,"70,0",ARAQUARI,Objeto estático sobre o leito carroçável,Queda de ocupante de veículo,Com Vítimas Feridas,Pleno dia,Crescente,Nublado,Dupla,Reta,Não,2,0,1,1,0,0,2,1,-26.51082007,-48.72345612,SPRF-SC,DEL03-SC,UOP02-DEL03-SC,2020
"331025,0",2020-12-28,segunda-feira,13:20:00,SC,280,"30,6",ARAQUARI,Ultrapassagem Indevida,Colisão lateral,Com Vítimas Feridas,Pleno dia,Decrescente,Céu Claro,Simples,Reta,Não,2,0,0,1,1,0,1,2,-26.41552,-48.767755,SPRF-SC,DEL03-SC,UOP03-DEL03-SC,2020
"331077,0",2020-12-16,quarta-feira,18:35:00,SC,282,"6,0",SAO JOSE,Falta de Atenção à Condução,Tombamento,Com Vítimas Feridas,Pleno dia,Decrescente,Céu Claro,Dupla,Reta,Sim,2,0,1,1,0,0,2,1,-27.591936,-48.618244,SPRF-SC,DEL01-SC,UOP01-DEL01-SC,2020
"331079,0",2020-12-28,segunda-feira,17:30:00,SC,101,"203,0",SAO JOSE,Defeito Mecânico no Veículo,Danos eventuais,Com Vítimas Feridas,Pleno dia,Decrescente,Chuva,Dupla,Reta,Sim,2,0,1,0,1,0,1,1,-27.5650044,-48.61460082,SPRF-SC,DEL01-SC,UOP01-DEL01-SC,2020
"331086,0",2020-12-28,segunda-feira,18:40:00,SC,101,"134,0",BALNEARIO CAMBORIU,Não guardar distância de segurança,Colisão traseira,Sem Vítimas,Anoitecer,Crescente,Nublado,Dupla,Viaduto,Sim,2,0,0,0,2,0,0,2,-27.00218,-48.636433,SPRF-SC,DEL04-SC,UOP03-DEL04-SC,2020
"331090,0",2020-12-28,segunda-feira,18:10:00,SC,101,"9,6",GARUVA,Pista Escorregadia,Saída de leito carroçável,Com Vítimas Feridas,Anoitecer,Decrescente,Chuva,Dupla,Curva,Não,4,0,1,0,3,0,1,1,-26.053987,-48.859608,SPRF-SC,DEL03-SC,UOP01-DEL03-SC,2020
"331102,0",2020-12-28,segunda-feira,19:58:00,SC,470,"140,4",RIO DO SUL,Falta de Atenção à Condução,Colisão transversal,Com Vítimas Feridas,Plena Noite,Crescente,Nublado,Simples,Interseção de Vias;Reta,Sim,2,0,0,1,1,0,1,2,-27.222485,-49.662827,SPRF-SC,DEL04-SC,UOP02-DEL04-SC,2020
"331115,0",2020-12-28,segunda-feira,19:30:00,SC,101,"114,0",ITAJAI,Ingestão de Substâncias Psicoativas,Colisão lateral,Sem Vítimas,Plena Noite,Decrescente,Garoa/Chuvisco,Dupla,Reta,Não,2,0,0,0,2,0,0,2,-26.86192886,-48.7286704,SPRF-SC,DEL04-SC,UOP04-DEL04-SC,2020
"331120,0",2020-12-28,segunda-feira,20:20:00,SC,101,"108,0",PENHA,Desobediência às normas de trânsito pelo condutor,Colisão lateral,Com Vítimas Feridas,Plena Noite,Crescente,Nublado,Dupla,Curva,Não,2,0,1,0,1,0,1,2,-26.82606902,-48.69052298,SPRF-SC,DEL03-SC,UOP02-DEL03-SC,2020
"331123,0",2020-12-28,segunda-feira,14:20:00,SC,282,"428,3",VARGEM BONITA,Pista Escorregadia,Saída de leito carroçável,Com Vítimas Feridas,Pleno dia,Crescente,Chuva,Simples,Curva,Não,2,0,1,0,1,0,1,1,-26.975683,-51.780529,SPRF-SC,DEL07-SC,UOP05-DEL07-SC,2020
"331129,0",2020-12-28,segunda-feira,21:15:00,SC,101,"308,8",LAGUNA,Desobediência às normas de trânsito pelo condutor,Colisão traseira,Com Vítimas Feridas,Plena Noite,Crescente,Nublado,Dupla,Reta,Não,3,0,2,0,1,0,2,2,-28.42341049,-48.79852295,SPRF-SC,DEL02-SC,UOP01-DEL02-SC,2020
"331131,0",2020-12-29,terça-feira,00:00:00,SC,470,"134,9",RIO DO SUL,Ingestão de Álcool,Colisão transversal,Com Vítimas Feridas,Plena Noite,Decrescente,Nublado,Simples,Reta,Não,3,0,3,0,0,0,3,2,-27.181854,-49.600128,SPRF-SC,DEL04-SC,UOP02-DEL04-SC,2020
"331136,0",2020-12-29,terça-feira,03:00:00,SC,101,"141,0",BALNEARIO CAMBORIU,Condutor Dormindo,Saída de leito carroçável,Com Vítimas Feridas,Plena Noite,Crescente,Nublado,Dupla,Reta,Não,1,0,0,1,0,0,1,1,-27.04761729,-48.59995855,SPRF-SC,DEL04-SC,UOP03-DEL04-SC,2020
"331158,0",2020-12-29,terça-feira,08:00:00,SC,101,"208,0",SAO JOSE,Não guardar distância de segurança,Colisão lateral,Com Vítimas Feridas,Pleno dia,Decrescente,Sol,Múltipla,Curva;Aclive,Sim,3,0,1,0,2,0,1,3,-27.60333672,-48.63190413,SPRF-SC,DEL01-SC,UOP01-DEL01-SC,2020
"331179,0",2020-12-29,terça-feira,08:55:00,SC,101,"110,0",PENHA,Falta de Atenção à Condução,Colisão traseira,Com Vítimas Feridas,Pleno dia,Crescente,Céu Claro,Dupla,Reta,Sim,4,0,3,0,1,0,3,3,-26.83477,-48.706151,SPRF-SC,DEL03-SC,UOP02-DEL03-SC,2020
"331180,0",2020-12-29,terça-feira,08:45:00,SC,101,"357,0",SANGAO,Desobediência às normas de trânsito pelo condutor,Colisão transversal,Com Vítimas Feridas,Pleno dia,Decrescente,Sol,Simples,Interseção de Vias,Não,3,0,1,0,2,0,1,2,-28.635168,-49.09467,SPRF-SC,DEL02-SC,UOP01-DEL02-SC,2020
"331181,0",2020-12-29,terça-feira,08:00:00,SC,101,"315,1",LAGUNA,Falta de Atenção à Condução,Colisão frontal,Com Vítimas Feridas,Pleno dia,Crescente,Céu Claro,Simples,Curva,Não,7,0,2,3,0,2,5,3,-28.43552413,-48.8343121,SPRF-SC,DEL02-SC,UOP01-DEL02-SC,2020
"331186,0",2020-12-29,terça-feira,09:50:00,SC,280,"57,0",GUARAMIRIM,Falta de Atenção à Condução,Colisão traseira,Com Vítimas Feridas,Pleno dia,Crescente,Céu Claro,Simples,Reta,Não,2,0,1,0,1,0,1,2,-26.47811421,-49.01259213,SPRF-SC,DEL03-SC,UOP03-DEL03-SC,2020
"331201,0",2020-12-29,terça-feira,12:00:00,SC,101,"134,0",BALNEARIO CAMBORIU,Não guardar distância de segurança,Colisão traseira,Com Vítimas Feridas,Pleno dia,Crescente,Céu Claro,Dupla,Reta,Sim,2,0,1,0,1,0,1,2,-27.00218,-48.636433,SPRF-SC,DEL04-SC,UOP03-DEL04-SC,2020
"331218,0",2020-12-29,terça-feira,11:20:00,SC,101,"294,9",LAGUNA,Mal Súbito,Saída de leito carroçável,Com Vítimas Feridas,Pleno dia,Crescente,Céu Claro,Simples,Reta,Não,1,0,1,0,0,0,1,1,-28.393944,-48.780373,SPRF-SC,DEL02-SC,UOP03-DEL02-SC,2020
"331236,0",2020-12-29,terça-feira,15:40:00,SC,101,"214,0",PALHOCA,Falta de Atenção à Condução,Colisão lateral,Com Vítimas Feridas,Pleno dia,Decrescente,Nublado,Múltipla,Reta,Sim,2,0,1,0,1,0,1,2,-27.64443,-48.67057,SPRF-SC,DEL01-SC,UOP02-DEL01-SC,2020
"331246,0",2020-12-29,terça-feira,13:10:00,SC,101,"87,0",BARRA VELHA,Desobediência às normas de trânsito pelo condutor,Colisão transversal,Com Vítimas Feridas,Pleno dia,Crescente,Sol,Simples,Declive,Sim,2,0,1,0,1,0,1,2,-26.63713377,-48.69651057,SPRF-SC,DEL03-SC,UOP02-DEL03-SC,2020
"331260,0",2020-12-29,terça-feira,16:10:00,SC,101,"126,2",ITAJAI,Falta de Atenção à Condução,Colisão traseira,Sem Vítimas,Pleno dia,Crescente,Nublado,Dupla,Reta,Não,2,0,0,0,2,0,0,2,-26.95564404,-48.67978366,SPRF-SC,DEL04-SC,UOP04-DEL04-SC,2020
"331279,0",2020-12-29,terça-feira,15:45:00,SC,282,"259,0",SAO JOSE DO CERRITO,Pista Escorregadia,Tombamento,Com Vítimas Feridas,Pleno dia,Decrescente,Chuva,Simples,Curva,Não,2,0,2,0,0,0,2,1,-27.653334,-50.59449,SPRF-SC,DEL05-SC,UOP02-DEL05-SC,2020
"331292,0",2020-12-29,terça-feira,15:10:00,SC,282,"397,0",JOACABA,Pista Escorregadia,Colisão lateral,Com Vítimas Feridas,Pleno dia,Crescente,Chuva,Simples,Reta,Não,4,0,2,0,2,0,2,3,-27.149353,-51.607876,SPRF-SC,DEL07-SC,UOP05-DEL07-SC,2020
"331306,0",2020-12-30,quarta-feira,00:00:00,SC,470,"57,0",BLUMENAU,Agressão Externa,Tombamento,Sem Vítimas,Plena Noite,Crescente,Céu Claro,Simples,Reta,Não,1,0,0,0,1,0,0,1,-26.880428,-49.136532,SPRF-SC,DEL04-SC,UOP01-DEL04-SC,2020
"331328,0",2020-12-30,quarta-feira,07:30:00,SC,101,"213,0",PALHOCA,Desobediência às normas de trânsito pelo condutor,Colisão lateral,Com Vítimas Feridas,Pleno dia,Crescente,Céu Claro,Múltipla,Reta,Sim,3,0,2,0,1,0,2,3,-27.63697369,-48.66514142,SPRF-SC,DEL01-SC,UOP02-DEL01-SC,2020
"331335,0",2020-12-30,quarta-feira,08:10:00,SC,101,"107,9",PENHA,Não guardar distância de segurança,Colisão lateral,Com Vítimas Feridas,Pleno dia,Crescente,Céu Claro,Dupla,Reta,Não,5,0,1,0,4,0,1,3,-26.81930608,-48.68390282,SPRF-SC,DEL03-SC,UOP02-DEL03-SC,2020
"331347,0",2020-12-30,quarta-feira,09:45:00,SC,282,"15,7",PALHOCA,Desobediência às normas de trânsito pelo condutor,Colisão transversal,Com Vítimas Feridas,Pleno dia,Decrescente,Céu Claro,Simples,Reta,Sim,2,0,0,1,1,0,1,2,-27.651848,-48.676048,SPRF-SC,DEL01-SC,UOP02-DEL01-SC,2020
"331372,0",2020-12-27,domingo,02:00:00,SC,282,"603,0",MARAVILHA,Ingestão de Álcool,Saída de leito carroçável,Com Vítimas Feridas,Plena Noite,Decrescente,Céu Claro,Simples,Curva,Não,1,0,1,0,0,0,1,1,-26.803013,-53.188068,SPRF-SC,DEL07-SC,UOP02-DEL07-SC,2020
"331392,0",2020-12-30,quarta-feira,14:25:00,SC,101,"211,2",PALHOCA,Falta de Atenção à Condução,Saída de leito carroçável,Com Vítimas Feridas,Pleno dia,Crescente,Sol,Dupla,Reta,Sim,1,0,1,0,0,0,1,1,-27.62329313,-48.65245588,SPRF-SC,DEL01-SC,UOP02-DEL01-SC,2020
"331397,0",2020-12-30,quarta-feira,14:45:00,SC,101,"215,1",PALHOCA,Mal súbito do condutor,Tombamento,Com Vítimas Feridas,Pleno dia,Decrescente,Céu Claro,Múltipla,Reta,Sim,1,0,0,1,0,0,1,1,-27.65184843,-48.67604941,SPRF-SC,DEL01-SC,UOP02-DEL01-SC,2020
"331401,0",2020-12-30,quarta-feira,14:10:00,SC,280,"125,6",RIO NEGRINHO,Mal Súbito,Colisão frontal,Com Vítimas Feridas,Pleno dia,Decrescente,Sol,Simples,Reta,Não,3,0,2,0,1,0,2,2,-26.23779604,-49.49427399,SPRF-SC,DEL06-SC,UOP03-DEL06-SC,2020
"331409,0",2020-12-30,quarta-feira,15:20:00,SC,101,"414,0",ARARANGUA,Agressão Externa,Saída de leito carroçável,Com Vítimas Feridas,Pleno dia,Decrescente,Sol,Dupla,Reta,Não,4,0,3,0,1,0,3,1,-28.95896221,-49.52430725,SPRF-SC,DEL02-SC,UOP02-DEL02-SC,2020
"331415,0",2020-12-30,quarta-feira,15:45:00,SC,101,"128,0",BALNEARIO CAMBORIU,Ingestão de Álcool,Colisão traseira,Sem Vítimas,Pleno dia,Crescente,Céu Claro,Dupla,Reta,Não,2,0,0,0,2,0,0,2,-26.97284292,-48.68299451,SPRF-SC,DEL04-SC,UOP03-DEL04-SC,2020
"331427,0",2020-12-30,quarta-feira,16:55:00,SC,101,"347,0",JAGUARUNA,Mal Súbito,Colisão frontal,Com Vítimas Feridas,Pleno dia,Decrescente,Céu Claro,Múltipla,Reta;Viaduto,Não,3,0,1,0,2,0,1,2,-28.56402604,-49.05410532,SPRF-SC,DEL02-SC,UOP01-DEL02-SC,2020
"331435,0",2020-12-30,quarta-feira,17:40:00,SC,470,"54,0",BLUMENAU,Ingestão de Álcool,Colisão traseira,Com Vítimas Feridas,Pleno dia,Crescente,Garoa/Chuvisco,Simples,Curva,Não,2,0,1,0,1,0,1,2,-26.871065,-49.110374,SPRF-SC,DEL04-SC,UOP01-DEL04-SC,2020
"331458,0",2020-12-30,quarta-feira,19:25:00,SC,101,"108,0",PENHA,Falta de Atenção à Condução,Colisão lateral,Com Vítimas Feridas,Anoitecer,Crescente,Céu Claro,Dupla,Reta,Não,3,0,2,0,1,0,2,2,-26.82606902,-48.69052298,SPRF-SC,DEL03-SC,UOP02-DEL03-SC,2020
"331465,0",2020-12-30,quarta-feira,20:05:00,SC,282,"207,2",LAGES,Ingestão de Álcool,Atropelamento de Pedestre,Com Vítimas Feridas,Plena Noite,Crescente,Céu Claro,Simples,Em Obras;Reta;Aclive,Não,2,0,0,1,1,0,1,2,-27.77410791,-50.20492315,SPRF-SC,DEL05-SC,UOP01-DEL05-SC,2020
"331469,0",2020-12-30,quarta-feira,08:57:00,SC,101,"124,7",ITAJAI,Não guardar distância de segurança,Engavetamento,Com Vítimas Feridas,Plena Noite,Crescente,Céu Claro,Dupla,Reta,Não,5,0,1,0,4,0,1,4,-26.94335064,-48.69198648,SPRF-SC,DEL04-SC,UOP04-DEL04-SC,2020
"331475,0",2020-12-30,quarta-feira,20:05:00,SC,101,"149,0",ITAPEMA,Não guardar distância de segurança,Colisão traseira,Com Vítimas Feridas,Plena Noite,Decrescente,Céu Claro,Dupla,Reta,Sim,2,0,1,0,1,0,1,2,-27.1089649,-48.61277586,SPRF-SC,DEL04-SC,UOP03-DEL04-SC,2020
"331509,0",2020-12-31,quinta-feira,01:10:00,SC,101,"193,0",BIGUACU,Ingestão de Álcool,Colisão com objeto estático,Com Vítimas Feridas,Plena Noite,Crescente,Céu Claro,Múltipla,Reta,Sim,1,0,0,1,0,0,1,1,-27.489574,-48.655914,SPRF-SC,DEL01-SC,UOP01-DEL01-SC,2020
"331517,0",2020-12-30,quarta-feira,22:30:00,SC,101,"266,0",PAULO LOPES,Não guardar distância de segurança,Colisão traseira,Sem Vítimas,Pleno dia,Decrescente,Céu Claro,Dupla,Reta,Sim,2,0,0,0,1,1,0,2,-28.06847808,-48.71463931,SPRF-SC,DEL02-SC,UOP03-DEL02-SC,2020
"331537,0",2020-12-13,domingo,07:25:00,SC,101,"351,9",JAGUARUNA,Falta de Atenção à Condução,Colisão lateral,Com Vítimas Feridas,Pleno dia,Decrescente,Sol,Dupla,Reta,Não,4,0,2,0,0,2,2,3,-28.5977641,-49.04943589,SPRF-SC,DEL02-SC,UOP01-DEL02-SC,2020
"331546,0",2020-12-31,quinta-feira,06:45:00,SC,470,"120,9",IBIRAMA,Velocidade Incompatível,Colisão frontal,Com Vítimas Feridas,Pleno dia,Crescente,Nublado,Simples,Curva,Não,5,0,3,0,2,0,3,2,-27.09534078,-49.52989697,SPRF-SC,DEL04-SC,UOP02-DEL04-SC,2020
"331575,0",2020-12-31,quinta-feira,11:15:00,SC,101,"158,3",PORTO BELO,Desobediência às normas de trânsito pelo condutor,Colisão com objeto estático,Com Vítimas Feridas,Pleno dia,Decrescente,Nublado,Dupla,Retorno Regulamentado;Reta,Sim,1,0,0,1,0,0,1,1,-27.19096301,-48.61259017,SPRF-SC,DEL04-SC,UOP03-DEL04-SC,2020
"331583,0",2020-12-31,quinta-feira,07:30:00,SC,280,"250,9",CANOINHAS,Falta de Atenção à Condução,Colisão lateral,Com Vítimas Feridas,Pleno dia,Crescente,Chuva,Simples,Reta,Não,4,0,1,0,3,0,1,2,-26.25489922,-50.54258496,SPRF-SC,DEL06-SC,UOP04-DEL06-SC,2020
"331626,0",2020-12-31,quinta-feira,16:20:00,SC,280,"55,4",GUARAMIRIM,Falta de Atenção à Condução,Engavetamento,Com Vítimas Feridas,Pleno dia,Decrescente,Céu Claro,Simples,Em Obras,Não,3,0,1,0,1,1,1,3,-26.47584353,-48.9937858,SPRF-SC,DEL03-SC,UOP03-DEL03-SC,2020
"331633,0",2020-12-31,quinta-feira,16:58:00,SC,470,"149,2",AGRONOMICA,Não guardar distância de segurança,Colisão traseira,Com Vítimas Feridas,Pleno dia,Decrescente,Céu Claro,Simples,Reta,Não,4,0,1,0,3,0,1,2,-27.252104,-49.702129,SPRF-SC,DEL04-SC,UOP02-DEL04-SC,2020
"331655,0",2020-12-31,quinta-feira,17:30:00,SC,282,"307,7",VARGEM,Velocidade Incompatível,Saída de leito carroçável,Com Vítimas Feridas,Pleno dia,Decrescente,Garoa/Chuvisco,Simples,Curva,Não,1,0,1,0,0,0,1,1,-27.495266,-50.962605,SPRF-SC,DEL07-SC,UOP06-DEL07-SC,2020
"331667,0",2020-12-31,quinta-feira,15:30:00,SC,280,"250,9",CANOINHAS,Desobediência às normas de trânsito pelo condutor,Capotamento,Com Vítimas Feridas,Pleno dia,Decrescente,Céu Claro,Simples,Reta,Não,2,0,1,0,1,0,1,1,-26.25489922,-50.54258496,SPRF-SC,DEL06-SC,UOP04-DEL06-SC,2020
"331673,0",2020-12-31,quinta-feira,20:50:00,SC,101,"334,7",TUBARAO,Acessar a via sem observar a presença dos outros veículos,Colisão traseira,Sem Vítimas,Plena Noite,Decrescente,Céu Claro,Simples,Reta,Sim,5,0,0,0,5,0,0,2,-28.46730446,-49.00604302,SPRF-SC,DEL02-SC,UOP01-DEL02-SC,2020
"331678,0",2020-12-31,quinta-feira,21:15:00,SC,116,"177,7",SAO CRISTOVAO DO SUL,Animais na Pista,Saída de leito carroçável,Com Vítimas Feridas,Plena Noite,Crescente,Nublado,Simples,Reta,Não,3,0,1,2,0,0,3,1,-27.24853416,-50.45683421,SPRF-SC,DEL05-SC,UOP03-DEL05-SC,2020
"331681,0",2020-12-31,quinta-feira,19:40:00,SC,101,"411,5",ARARANGUA,Animais na Pista,Atropelamento de Animal,Com Vítimas Feridas,Plena Noite,Decrescente,Nublado,Dupla,Reta,Não,1,0,1,0,0,0,1,1,-28.93112097,-49.4940421,SPRF-SC,DEL02-SC,UOP02-DEL02-SC,2020
"331686,0",2020-12-31,quinta-feira,22:50:00,SC,470,"147,9",AGRONOMICA,Ingestão de Álcool,Colisão com objeto,Sem Vítimas,Plena Noite,Decrescente,Garoa/Chuvisco,Simples,Rotatória;Interseção de Vias;Reta,Não,1,0,0,0,0,1,0,1,-27.243439,-49.690025,SPRF-SC,DEL04-SC,UOP02-DEL04-SC,2020
"331689,0",2020-12-31,quinta-feira,21:20:00,SC,101,"127,7",ITAJAI,Avarias e/ou desgaste excessivo no pneu,Tombamento,Com Vítimas Feridas,Plena Noite,Crescente,Céu Claro,Dupla,Reta,Sim,2,0,2,0,0,0,2,1,-26.9639319,-48.68328024,SPRF-SC,DEL04-SC,UOP04-DEL04-SC,2020
"331698,0",2020-12-31,quinta-feira,19:50:00,SC,101,"119,0",ITAJAI,Ingestão de álcool pelo condutor,Tombamento,Sem Vítimas,Plena Noite,Crescente,Nublado,Múltipla,Reta,Não,1,0,0,0,0,1,0,1,-26.9043179,-48.71555481,SPRF-SC,DEL04-SC,UOP04-DEL04-SC,2020
"331826,0",2020-11-30,segunda-feira,17:10:00,SC,470,"193,9",POUSO REDONDO,Velocidade Incompatível,Saída de leito carroçável,Com Vítimas Fatais,Pleno dia,Crescente,Chuva,Simples,Aclive;Curva,Não,2,1,1,0,0,0,1,1,-27.30031065,-50.08055449,SPRF-SC,DEL04-SC,UOP02-DEL04-SC,2020
"334788,0",2020-12-31,quinta-feira,22:30:00,SC,101,"146,9",ITAPEMA,Avarias e/ou desgaste excessivo no pneu,Colisão com objeto,Com Vítimas Fatais,Plena Noite,Crescente,Garoa/Chuvisco,Dupla,Curva,Sim,1,1,0,0,0,0,0,1,-27.09129094,-48.61669064,SPRF-SC,DEL04-SC,UOP03-DEL04-SC,2020
"335175,0",2020-11-07,sábado,21:10:00,SC,280,"50,0",GUARAMIRIM,Falta de Atenção à Condução,Colisão com objeto estático,Com Vítimas Fatais,Plena Noite,Crescente,Céu Claro,Simples,Curva,Não,1,1,0,0,0,0,0,1,-26.46538871,-48.95544449,SPRF-SC,DEL03-SC,UOP03-DEL03-SC,2020
"335199,0",2020-11-26,quinta-feira,01:25:00,SC,470,"61,7",BLUMENAU,Desobediência às normas de trânsito pelo condutor,Colisão frontal,Com Vítimas Fatais,Plena Noite,Decrescente,Nublado,Simples,Reta,Não,2,1,1,0,0,0,1,2,-26.878952,-49.17421,SPRF-SC,DEL04-SC,UOP01-DEL04-SC,2020
"335289,0",2020-12-21,segunda-feira,12:55:00,SC,282,"101,9",ALFREDO WAGNER,Condutor Dormindo,Saída de leito carroçável,Com Vítimas Feridas,Pleno dia,Decrescente,Céu Claro,Simples,Reta,Não,2,0,2,0,0,0,2,1,-27.694626,-49.305317,SPRF-SC,DEL01-SC,UOP03-DEL01-SC,2020
"335532,0",2020-12-05,sábado,04:30:00,SC,101,"107,3",PENHA,Falta de Atenção à Condução,Saída de leito carroçável,Com Vítimas Fatais,Plena Noite,Crescente,Chuva,Dupla,Reta,Não,1,1,0,0,0,0,0,1,-26.82222,-48.68604,SPRF-SC,DEL03-SC,UOP02-DEL03-SC,2020