id,data_inversa,dia_semana,horario,uf,br,km,municipio,causa_acidente,tipo_acidente,classificacao_acidente,fase_dia,sentido_via,condicao_metereologica,tipo_pista,tracado_via,uso_solo,pessoas,mortos,feridos_leves,feridos_graves,ilesos,ignorados,feridos,veiculos,latitude,longitude,regional,delegacia,uop,ano_arquivo
"334558,0",2021-01-15,sexta-feira,13:15:00,SC,101,"39,0",JOINVILLE,Acessar a via sem observar a presença dos outros veículos,Colisão lateral mesmo sentido,Com Vítimas Feridas,Pleno dia,Decrescente,Garoa/Chuvisco,Dupla,Reta,Sim,8,0,3,1,4,0,4,2,-26.2628107,-48.90192257,SPRF-SC,DEL03-SC,UOP01-DEL03-SC,2021
"334561,0",2021-01-15,sexta-feira,12:15:00,SC,101,"213,9",PALHOCA,Condutor deixou de manter distância do veículo da frente,Colisão traseira,Com Vítimas Feridas,Pleno dia,Decrescente,Céu Claro,Múltipla,Reta,Sim,3,0,1,0,1,1,1,3,-27.63697369,-48.66514142,SPRF-SC,DEL01-SC,UOP02-DEL01-SC,2021
"334574,0",2021-01-15,sexta-feira,13:30:00,SC,101,"185,0",BIGUACU,Condutor deixou de manter distância do veículo da frente,Colisão traseira,Com Vítimas Feridas,Pleno dia,Decrescente,Céu Claro,Dupla,Reta,Sim,2,0,1,0,1,0,1,2,-27.42536698,-48.62465876,SPRF-SC,DEL01-SC,UOP01-DEL01-SC,2021
"334611,0",2021-01-15,sexta-feira,17:00:00,SC,101,"94,1",BARRA VELHA,Reação tardia ou ineficiente do condutor,Colisão traseira,Sem Vítimas,Pleno dia,Decrescente,Nublado,Dupla,Reta;Declive,Não,3,0,0,0,3,0,0,3,-26.70560359,-48.70077252,SPRF-SC,DEL03-SC,UOP02-DEL03-SC,2021
"334690,0",2021-01-15,sexta-feira,21:45:00,SC,101,"90,0",BARRA VELHA,Condutor Dormindo,Colisão traseira,Sem Vítimas,Plena Noite,Crescente,Nublado,Dupla,Reta,Não,2,0,0,0,2,0,0,2,-26.66148503,-48.68866176,SPRF-SC,DEL03-SC,UOP02-DEL03-SC,2021
"334710,0",2021-01-16,sábado,00:10:00,SC,116,"238,9",LAGES,Ingestão de álcool pelo condutor,Colisão lateral,Com Vítimas Feridas,Plena Noite,Crescente,Garoa/Chuvisco,Simples,Reta,Não,3,0,1,0,1,2,1,4,-27.739808,-50.33545902,SPRF-SC,DEL05-SC,UOP01-DEL05-SC,2021
"334745,0",2021-01-15,sexta-feira,16:00:00,SC,280,"277,3",IRINEOPOLIS,Demais falhas mecânicas ou elétricas,Saída de leito carroçável,Sem Vítimas,Pleno dia,Decrescente,Céu Claro,Simples,Reta,Não,1,0,0,0,0,1,0,1,-26.29406241,-50.80003385,SPRF-SC,DEL06-SC,UOP04-DEL06-SC,2021
"334768,0",2021-01-16,sábado,06:45:00,SC,153,"58,5",IRANI,Desrespeitar a preferência no cruzamento,Colisão transversal,Com Vítimas Feridas,Pleno dia,Decrescente,Céu Claro,Simples,Interseção de Vias,Não,6,0,3,0,2,2,3,4,-26.964373,-51.841362,SPRF-SC,DEL07-SC,UOP05-DEL07-SC,2021
"334831,0",2021-01-16,sábado,15:10:00,SC,101,"234,0",PALHOCA,Pedestre andava na pista,Atropelamento de Pedestre,Com Vítimas Feridas,Pleno dia,Crescente,Céu Claro,Dupla,Curva,Não,2,0,1,0,0,1,1,2,-27.81043812,-48.63537111,SPRF-SC,DEL01-SC,UOP02-DEL01-SC,2021
"335005,0",2021-01-17,domingo,14:20:00,SC,470,"158,0",TROMBUDO CENTRAL,Velocidade Incompatível,Colisão frontal,Com Vítimas Feridas,Pleno dia,Decrescente,Nublado,Simples,Curva,Não,5,0,4,0,1,0,4,2,-27.287016,-49.778389,SPRF-SC,DEL04-SC,UOP02-DEL04-SC,2021
"335030,0",2021-01-17,domingo,16:45:00,SC,101,"181,5",BIGUACU,Velocidade Incompatível,Colisão lateral,Com Vítimas Feridas,Pleno dia,Crescente,Chuva,Múltipla,Reta,Não,3,0,1,0,2,0,1,2,-27.3811238,-48.63090648,SPRF-SC,DEL01-SC,UOP01-DEL01-SC,2021
"335037,0",2021-01-17,domingo,16:25:00,SC,101,"201,3",SAO JOSE,Pedestre cruzava a pista fora da faixa,Atropelamento de Pedestre,Com Vítimas Fatais,Pleno dia,Decrescente,Chuva,Dupla,Reta,Sim,4,1,0,0,1,4,0,6,-27.55072307,-48.61952305,SPRF-SC,DEL01-SC,UOP01-DEL01-SC,2021
"335116,0",2021-01-18,segunda-feira,02:05:00,SC,101,"207,4",SAO JOSE,Estacionar ou parar em local proibido,Colisão traseira,Com Vítimas Feridas,Plena Noite,Decrescente,Céu Claro,Múltipla,Declive,Sim,4,0,1,0,2,1,1,3,-27.60001226,-48.6226467,SPRF-SC,DEL01-SC,UOP01-DEL01-SC,2021
"335132,0",2021-01-18,segunda-feira,03:50:00,SC,101,"121,0",ITAJAI,Acessar a via sem observar a presença dos outros veículos,Colisão traseira,Com Vítimas Feridas,Amanhecer,Crescente,Céu Claro,Dupla,Reta,Não,3,0,1,0,1,2,1,4,-26.92103178,-48.70856446,SPRF-SC,DEL04-SC,UOP04-DEL04-SC,2021
"335191,0",2021-01-18,segunda-feira,10:15:00,SC,101,"135,0",BALNEARIO CAMBORIU,Condutor deixou de manter distância do veículo da frente,Engavetamento,Com Vítimas Feridas,Pleno dia,Decrescente,Chuva,Múltipla,Reta,Sim,6,0,1,0,5,0,1,6,-27.0050108,-48.62677494,SPRF-SC,DEL04-SC,UOP03-DEL04-SC,2021
"335238,0",2021-01-18,segunda-feira,14:10:00,SC,280,"53,8",GUARAMIRIM,Velocidade Incompatível,Atropelamento de Pedestre,Com Vítimas Feridas,Pleno dia,Crescente,Garoa/Chuvisco,Dupla,Reta,Não,2,0,0,1,1,0,1,2,-26.47537495,-48.98452878,SPRF-SC,DEL03-SC,UOP03-DEL03-SC,2021
"335271,0",2021-01-08,sexta-feira,00:40:00,SC,280,"31,0",ARAQUARI,Velocidade Incompatível,Colisão traseira,Com Vítimas Feridas,Plena Noite,Decrescente,Nublado,Simples,Reta,Não,3,0,1,0,1,1,1,2,-26.41649938,-48.77181215,SPRF-SC,DEL03-SC,UOP03-DEL03-SC,2021
"335284,0",2021-01-18,segunda-feira,18:42:00,SC,116,"3,5",MAFRA,Ausência de reação do condutor,Colisão frontal,Com Vítimas Feridas,Anoitecer,Decrescente,Chuva,Simples,Reta,Não,3,0,0,1,0,2,1,3,-26.13073161,-49.79922442,SPRF-SC,DEL06-SC,UOP01-DEL06-SC,2021
"335285,0",2021-01-18,segunda-feira,19:30:00,SC,280,"287,6",IRINEOPOLIS,Pedestre andava na pista,Atropelamento de Pedestre,Com Vítimas Feridas,Plena Noite,Crescente,Chuva,Simples,Ponte,Não,2,0,1,0,0,1,1,2,-26.294426,-50.895881,SPRF-SC,DEL06-SC,UOP04-DEL06-SC,2021
"335326,0",2021-01-18,segunda-feira,21:55:00,SC,282,"620,0",IRACEMINHA,Reação tardia ou ineficiente do condutor,Tombamento,Com Vítimas Feridas,Plena Noite,Decrescente,Céu Claro,Simples,Curva,Não,2,0,1,0,1,0,1,1,-26.799355,-53.308002,SPRF-SC,DEL07-SC,UOP02-DEL07-SC,2021
"335386,0",2021-01-19,terça-feira,13:35:00,SC,101,"140,0",BALNEARIO CAMBORIU,Manobra de mudança de faixa,Colisão lateral mesmo sentido,Sem Vítimas,Pleno dia,Crescente,Céu Claro,Múltipla,Curva,Não,4,0,0,0,3,1,0,4,-27.03881189,-48.60025148,SPRF-SC,DEL04-SC,UOP03-DEL04-SC,2021
"335392,0",2021-01-19,terça-feira,13:40:00,SC,470,"60,0",BLUMENAU,Desrespeitar a preferência no cruzamento,Colisão transversal,Com Vítimas Feridas,Pleno dia,Decrescente,Nublado,Simples,Reta,Sim,2,0,1,1,0,0,2,2,-26.88138,-49.164543,SPRF-SC,DEL04-SC,UOP01-DEL04-SC,2021
"335408,0",2021-01-19,terça-feira,12:28:00,SC,101,"115,0",ITAJAI,Condutor deixou de manter distância do veículo da frente,Colisão traseira,Com Vítimas Feridas,Pleno dia,Crescente,Nublado,Dupla,Reta,Não,4,0,1,0,3,0,1,2,-26.87064015,-48.72954134,SPRF-SC,DEL04-SC,UOP04-DEL04-SC,2021
"335461,0",2021-01-19,terça-feira,22:15:00,SC,101,"199,0",BIGUACU,Condutor deixou de manter distância do veículo da frente,Colisão lateral mesmo sentido,Sem Vítimas,Plena Noite,Decrescente,Chuva,Dupla,Reta,Sim,3,0,0,0,2,1,0,3,-27.53413705,-48.63003205,SPRF-SC,DEL01-SC,UOP01-DEL01-SC,2021
"335539,0",2021-01-20,quarta-feira,09:00:00,SC,280,"123,1",RIO NEGRINHO,Reação tardia ou ineficiente do condutor,Colisão lateral sentido oposto,Com Vítimas Feridas,Pleno dia,Decrescente,Chuva,Simples,Reta,Não,2,0,1,0,1,0,1,2,-26.24420169,-49.46557991,SPRF-SC,DEL06-SC,UOP03-DEL06-SC,2021
"335556,0",2021-01-20,quarta-feira,08:15:00,SC,153,"58,7",IRANI,Desrespeitar a preferência no cruzamento,Colisão transversal,Com Vítimas Feridas,Pleno dia,Crescente,Nublado,Simples,Interseção de Vias,Não,4,0,1,1,1,1,2,3,-26.96939294,-51.85439587,SPRF-SC,DEL07-SC,UOP04-DEL07-SC,2021
"335579,0",2021-01-20,quarta-feira,14:05:00,SC,116,"174,7",SAO CRISTOVAO DO SUL,Demais falhas mecânicas ou elétricas,Colisão lateral sentido oposto,Com Vítimas Feridas,Pleno dia,Decrescente,Chuva,Simples,Curva,Não,4,0,1,0,2,3,1,6,-27.22552273,-50.46649712,SPRF-SC,DEL05-SC,UOP03-DEL05-SC,2021
"335617,0",2021-01-20,quarta-feira,18:30:00,SC,101,"118,0",ITAJAI,Trafegar com motocicleta (ou similar) entre as faixas,Colisão lateral mesmo sentido,Com Vítimas Feridas,Anoitecer,Crescente,Garoa/Chuvisco,Múltipla,Reta,Sim,3,0,1,0,1,1,1,3,-26.895859,-48.71903,SPRF-SC,DEL04-SC,UOP04-DEL04-SC,2021
"335620,0",2021-01-20,quarta-feira,14:30:00,SC,101,"362,5",SANGAO,Ausência de reação do condutor,Colisão traseira,Com Vítimas Feridas,Pleno dia,Decrescente,Nublado,Múltipla,Aclive;Curva,Não,4,0,2,0,1,1,2,3,-28.67774003,-49.13622379,SPRF-SC,DEL02-SC,UOP01-DEL02-SC,2021
"335653,0",2021-01-20,quarta-feira,19:50:00,SC,280,"167,6",MAFRA,Transitar na contramão,Colisão frontal,Com Vítimas Fatais,Plena Noite,Decrescente,Chuva,Simples,Declive;Curva,Sim,4,1,1,0,1,2,1,4,-26.149577,-49.812884,SPRF-SC,DEL06-SC,UOP01-DEL06-SC,2021
"335694,0",2021-01-21,quinta-feira,06:00:00,SC,470,"157,8",TROMBUDO CENTRAL,Velocidade Incompatível,Colisão frontal,Com Vítimas Feridas,Pleno dia,Crescente,Chuva,Simples,Reta,Não,3,0,0,1,1,1,1,3,-27.28676706,-49.77774382,SPRF-SC,DEL04-SC,UOP02-DEL04-SC,2021
"335718,0",2021-01-21,quinta-feira,09:47:00,SC,101,"38,0",JOINVILLE,Manobra de mudança de faixa,Colisão lateral,Com Vítimas Feridas,Pleno dia,Decrescente,Nublado,Dupla,Reta,Sim,4,0,1,0,2,1,1,3,-26.25472505,-48.90561309,SPRF-SC,DEL03-SC,UOP01-DEL03-SC,2021
"335764,0",2021-01-21,quinta-feira,15:05:00,SC,101,"335,0",TUBARAO,Manobra de mudança de faixa,Colisão lateral,Com Vítimas Feridas,Pleno dia,Crescente,Chuva,Dupla,Reta,Sim,3,0,1,0,1,1,1,3,-28.47533085,-49.02854919,SPRF-SC,DEL02-SC,UOP01-DEL02-SC,2021
"335783,0",2021-01-21,quinta-feira,17:00:00,SC,470,"60,1",BLUMENAU,Ausência de reação do condutor,Colisão traseira,Com Vítimas Feridas,Pleno dia,Decrescente,Chuva,Simples,Reta,Não,4,0,0,1,2,3,1,6,-26.88138,-49.164543,SPRF-SC,DEL04-SC,UOP01-DEL04-SC,2021
"335814,0",2021-01-21,quinta-feira,21:00:00,SC,280,"25,0",ARAQUARI,Ingestão de álcool pelo condutor,Colisão com objeto,Com Vítimas Feridas,Plena Noite,Crescente,Garoa/Chuvisco,Simples,Ponte,Não,4,0,4,0,0,0,4,2,-26.38352781,-48.72677516,SPRF-SC,DEL03-SC,UOP03-DEL03-SC,2021
"335851,0",2021-01-22,sexta-feira,02:40:00,SC,101,"3,4",GARUVA,Velocidade Incompatível,Tombamento,Com Vítimas Feridas,Plena Noite,Decrescente,Chuva,Dupla,Curva,Não,1,0,1,0,0,0,1,1,-26.00590592,-48.86695683,SPRF-SC,DEL03-SC,UOP01-DEL03-SC,2021
"335907,0",2021-01-22,sexta-feira,08:20:00,SC,470,"166,0",POUSO REDONDO,Velocidade Incompatível,Colisão frontal,Com Vítimas Feridas,Pleno dia,Decrescente,Chuva,Simples,Curva,Não,5,0,2,0,3,0,2,5,-27.275208,-49.855125,SPRF-SC,DEL04-SC,UOP02-DEL04-SC,2021
"335908,0",2021-01-22,sexta-feira,09:00:00,SC,470,"235,2",SAO CRISTOVAO DO SUL,Condutor deixou de manter distância do veículo da frente,Colisão traseira,Sem Vítimas,Pleno dia,Decrescente,Chuva,Simples,Aclive,Não,2,0,0,0,2,0,0,2,-27.302292,-50.439423,SPRF-SC,DEL05-SC,UOP03-DEL05-SC,2021
"335956,0",2021-01-22,sexta-feira,14:01:00,SC,470,"222,7",SAO CRISTOVAO DO SUL,Chuva,Capotamento,Com Vítimas Feridas,Pleno dia,Crescente,Chuva,Simples,Curva,Não,1,0,1,0,0,0,1,1,-27.316019,-50.327316,SPRF-SC,DEL05-SC,UOP03-DEL05-SC,2021
"335970,0",2021-01-22,sexta-feira,18:50:00,SC,280,"136,8",RIO NEGRINHO,Ingestão de álcool pelo condutor,Colisão transversal,Com Vítimas Feridas,Anoitecer,Decrescente,Garoa/Chuvisco,Simples,Declive;Interseção de Vias;Reta,Não,4,0,1,1,1,1,2,3,-26.270102,-49.58121,SPRF-SC,DEL06-SC,UOP03-DEL06-SC,2021
"336028,0",2021-01-23,sábado,03:20:00,SC,101,"157,0",PORTO BELO,Condutor deixou de manter distância do veículo da frente,Engavetamento,Com Vítimas Feridas,Plena Noite,Decrescente,Garoa/Chuvisco,Dupla,Reta,Não,3,0,1,0,2,0,1,3,-27.181625,-48.6121179,SPRF-SC,DEL04-SC,UOP03-DEL04-SC,2021
"336165,0",2021-01-23,sábado,15:20:00,SC,282,"512,1",XANXERE,Ingestão de álcool pelo condutor,Colisão frontal,Com Vítimas Feridas,Pleno dia,Crescente,Sol,Simples,Declive,Não,3,0,2,0,1,0,2,2,-26.910799,-52.472099,SPRF-SC,DEL07-SC,UOP01-DEL07-SC,2021
"336325,0",2021-01-24,domingo,08:22:00,SC,116,"310,0",CAPAO ALTO,Velocidade Incompatível,Tombamento,Com Vítimas Feridas,Pleno dia,Crescente,Nublado,Simples,Curva,Não,2,0,0,1,0,1,1,2,-28.2067337,-50.7582856,SPRF-SC,DEL05-SC,UOP02-DEL05-SC,2021
"336503,0",2021-01-25,segunda-feira,08:15:00,SC,470,"144,0",RIO DO SUL,Velocidade Incompatível,Colisão traseira,Com Vítimas Feridas,Pleno dia,Decrescente,Chuva,Simples,Reta,Não,2,0,0,1,1,0,1,2,-27.235138,-49.677608,SPRF-SC,DEL04-SC,UOP02-DEL04-SC,2021
"336517,0",2021-01-25,segunda-feira,10:05:00,SC,470,"316,9",CAMPOS NOVOS,Ausência de reação do condutor,Colisão frontal,Com Vítimas Fatais,Pleno dia,Decrescente,Nublado,Simples,Curva,Não,3,1,0,0,1,2,0,4,-27.406104,-51.207486,SPRF-SC,DEL07-SC,UOP06-DEL07-SC,2021
"336580,0",2021-01-25,segunda-feira,13:00:00,SC,282,"65,8",RANCHO QUEIMADO,Velocidade Incompatível,Colisão traseira,Com Vítimas Feridas,Pleno dia,Crescente,Chuva,Simples,Reta,Não,3,0,0,1,2,0,1,2,-27.692892,-49.059013,SPRF-SC,DEL01-SC,UOP03-DEL01-SC,2021
"336585,0",2021-01-25,segunda-feira,12:57:00,SC,116,"160,0",SANTA CECILIA,Velocidade Incompatível,Saída de leito carroçável,Com Vítimas Feridas,Pleno dia,Crescente,Chuva,Simples,Reta,Não,2,0,1,0,0,1,1,2,-27.10810008,-50.45597767,SPRF-SC,DEL06-SC,UOP02-DEL06-SC,2021
"336592,0",2021-01-25,segunda-feira,13:40:00,SC,470,"260,6",CURITIBANOS,Velocidade Incompatível,Colisão frontal,Com Vítimas Fatais,Pleno dia,Decrescente,Chuva,Simples,Reta,Não,3,1,0,0,2,0,0,2,-27.30003893,-50.69033861,SPRF-SC,DEL05-SC,UOP03-DEL05-SC,2021
"336598,0",2021-01-25,segunda-feira,18:00:00,SC,101,"352,1",JAGUARUNA,Condutor deixou de manter distância do veículo da frente,Colisão traseira,Com Vítimas Feridas,Pleno dia,Crescente,Nublado,Múltipla,Aclive;Reta,Não,3,0,1,0,1,1,1,3,-28.61553148,-49.06665802,SPRF-SC,DEL02-SC,UOP01-DEL02-SC,2021
"336614,0",2021-01-25,segunda-feira,19:15:00,SC,101,"116,0",ITAJAI,Desrespeitar a preferência no cruzamento,Colisão transversal,Com Vítimas Feridas,Plena Noite,Decrescente,Garoa/Chuvisco,Simples,Interseção de Vias,Sim,2,0,1,0,1,0,1,2,-26.87905605,-48.72603512,SPRF-SC,DEL04-SC,UOP04-DEL04-SC,2021
"336639,0",2021-01-25,segunda-feira,22:35:00,SC,470,"193,0",POUSO REDONDO,Velocidade Incompatível,Saída de leito carroçável,Com Vítimas Feridas,Plena Noite,Decrescente,Nevoeiro/Neblina,Simples,Declive;Curva,Não,2,0,0,1,0,1,1,2,-27.300575,-50.075451,SPRF-SC,DEL04-SC,UOP02-DEL04-SC,2021
"336645,0",2021-01-25,segunda-feira,17:40:00,SC,282,"611,0",MARAVILHA,Velocidade Incompatível,Saída de leito carroçável,Com Vítimas Feridas,Pleno dia,Crescente,Chuva,Simples,Reta,Não,2,0,1,1,0,0,2,1,-26.755428,-53.239933,SPRF-SC,DEL07-SC,UOP02-DEL07-SC,2021
"336759,0",2021-01-26,terça-feira,17:00:00,SC,101,"139,3",BALNEARIO CAMBORIU,Manobra de mudança de faixa,Colisão lateral mesmo sentido,Com Vítimas Feridas,Pleno dia,Crescente,Nublado,Dupla,Aclive,Não,2,0,1,0,1,0,1,2,-27.02982303,-48.60115006,SPRF-SC,DEL04-SC,UOP03-DEL04-SC,2021
"336765,0",2021-01-26,terça-feira,13:50:00,SC,470,"2,5",NAVEGANTES,Retorno proibido,Colisão lateral,Com Vítimas Feridas,Pleno dia,Crescente,Céu Claro,Simples,Reta,Sim,3,0,1,0,1,1,1,3,-26.868551,-48.674831,SPRF-SC,DEL04-SC,UOP04-DEL04-SC,2021
"336825,0",2021-01-26,terça-feira,22:30:00,SC,470,"197,0",PONTE ALTA,Ultrapassagem Indevida,Colisão lateral,Com Vítimas Feridas,Pleno dia,Crescente,Nevoeiro/Neblina,Simples,Aclive,Não,3,0,0,1,1,2,1,4,-27.306166,-50.108849,SPRF-SC,DEL04-SC,UOP02-DEL04-SC,2021
"336834,0",2021-01-27,quarta-feira,05:10:00,SC,470,"147,1",RIO DO SUL,Ingestão de álcool pelo condutor,Colisão frontal,Sem Vítimas,Amanhecer,Decrescente,Nublado,Simples,Reta,Não,2,0,0,0,2,0,0,2,-27.243439,-49.690025,SPRF-SC,DEL04-SC,UOP02-DEL04-SC,2021
"336890,0",2021-01-27,quarta-feira,12:30:00,SC,470,"111,0",IBIRAMA,Velocidade Incompatível,Saída de leito carroçável,Sem Vítimas,Pleno dia,Decrescente,Céu Claro,Simples,Curva,Não,2,0,0,0,1,1,0,2,-27.095388,-49.457878,SPRF-SC,DEL04-SC,UOP02-DEL04-SC,2021
"336965,0",2021-01-27,quarta-feira,21:35:00,SC,101,"273,1",IMBITUBA,Pedestre andava na pista,Atropelamento de Pedestre,Com Vítimas Feridas,Plena Noite,Crescente,Garoa/Chuvisco,Dupla,Reta,Sim,3,0,1,0,1,1,1,3,-28.1359275,-48.69226456,SPRF-SC,DEL02-SC,UOP03-DEL02-SC,2021
"336976,0",2021-01-27,quarta-feira,23:30:00,SC,280,"128,6",RIO NEGRINHO,Desrespeitar a preferência no cruzamento,Colisão transversal,Com Vítimas Feridas,Plena Noite,Crescente,Garoa/Chuvisco,Simples,Declive,Sim,2,0,1,0,1,0,1,2,-26.24317941,-49.51320018,SPRF-SC,DEL06-SC,UOP03-DEL06-SC,2021
"337004,0",2021-01-28,quinta-feira,08:00:00,SC,101,"111,0",NAVEGANTES,Condutor deixou de manter distância do veículo da frente,Colisão lateral,Com Vítimas Feridas,Pleno dia,Crescente,Nublado,Dupla,Interseção de Vias,Não,3,0,0,1,1,1,1,3,-26.83955734,-48.71418074,SPRF-SC,DEL04-SC,UOP04-DEL04-SC,2021
"337075,0",2021-01-28,quinta-feira,14:05:00,SC,101,"395,5",MARACAJA,Frear bruscamente,Colisão com objeto,Com Vítimas Feridas,Pleno dia,Crescente,Chuva,Dupla,Reta,Não,2,0,1,0,0,1,1,2,-28.81906377,-49.39678117,SPRF-SC,DEL02-SC,UOP02-DEL02-SC,2021
"337105,0",2021-01-28,quinta-feira,13:25:00,SC,282,"344,0",CAMPOS NOVOS,Velocidade Incompatível,Tombamento,Sem Vítimas,Pleno dia,Crescente,Nublado,Simples,Rotatória,Sim,2,0,0,0,1,2,0,3,-27.38554344,-51.2352562,SPRF-SC,DEL07-SC,UOP06-DEL07-SC,2021
"337114,0",2021-01-28,quinta-feira,19:00:00,SC,101,"119,0",ITAJAI,Demais falhas mecânicas ou elétricas,Derramamento de carga,Sem Vítimas,Plena Noite,Crescente,Nublado,Múltipla,Reta,Não,1,0,0,0,1,0,0,1,-26.895859,-48.71903,SPRF-SC,DEL04-SC,UOP04-DEL04-SC,2021
"337130,0",2021-01-28,quinta-feira,19:50:00,SC,470,"61,8",BLUMENAU,Acessar a via sem observar a presença dos outros veículos,Colisão transversal,Com Vítimas Feridas,Plena Noite,Decrescente,Garoa/Chuvisco,Simples,Reta,Sim,3,0,1,0,1,1,1,3,-26.87932947,-49.17332524,SPRF-SC,DEL04-SC,UOP01-DEL04-SC,2021
"337163,0",2021-01-29,sexta-feira,00:40:00,SC,282,"211,5",LAGES,Demais falhas mecânicas ou elétricas,Incêndio,Sem Vítimas,Plena Noite,Crescente,Chuva,Simples,Reta;Declive,Não,2,0,0,0,1,1,0,2,-27.78129112,-50.24801211,SPRF-SC,DEL05-SC,UOP01-DEL05-SC,2021
"337222,0",2021-01-29,sexta-feira,10:33:00,SC,101,"326,6",CAPIVARI DE BAIXO,Velocidade Incompatível,Saída de leito carroçável,Com Vítimas Fatais,Pleno dia,Decrescente,Céu Claro,Dupla,Aclive;Reta,Sim,5,2,0,0,1,2,0,4,-28.43553444,-48.95896196,SPRF-SC,DEL02-SC,UOP01-DEL02-SC,2021
"337226,0",2021-01-29,sexta-feira,09:30:00,SC,282,"505,4",XANXERE,Velocidade Incompatível,Colisão traseira,Com Vítimas Feridas,Pleno dia,Crescente,Chuva,Dupla,Reta,Sim,2,0,0,1,1,0,1,2,-26.885883,-52.418762,SPRF-SC,DEL07-SC,UOP01-DEL07-SC,2021
"337269,0",2021-01-29,sexta-feira,15:25:00,SC,282,"552,0",NOVA ITABERABA,Reação tardia ou ineficiente do condutor,Colisão traseira,Sem Vítimas,Pleno dia,Decrescente,Nublado,Simples,Reta;Em Obras,Não,2,0,0,0,2,0,0,2,-26.943676,-52.783813,SPRF-SC,DEL07-SC,UOP01-DEL07-SC,2021
"337306,0",2021-01-29,sexta-feira,18:15:00,SC,101,"148,3",ITAPEMA,Objeto estático sobre o leito carroçável,Colisão com objeto,Com Vítimas Feridas,Pleno dia,Crescente,Nublado,Múltipla,Reta,Sim,2,0,1,0,1,0,1,2,-27.10123686,-48.61807962,SPRF-SC,DEL04-SC,UOP03-DEL04-SC,2021
"337383,0",2021-01-30,sábado,03:00:00,SC,282,"20,5",PALHOCA,Condutor Dormindo,Colisão frontal,Com Vítimas Feridas,Plena Noite,Crescente,Céu Claro,Simples,Reta,Sim,2,0,1,0,1,0,1,2,-27.683958,-48.71006,SPRF-SC,DEL01-SC,UOP02-DEL01-SC,2021
"337396,0",2021-01-30,sábado,02:50:00,SC,470,"126,0",LONTRAS,Ingestão de álcool pelo condutor,Colisão frontal,Com Vítimas Feridas,Pleno dia,Crescente,Nublado,Simples,Reta,Sim,4,0,0,1,1,2,1,4,-27.131,-49.538,SPRF-SC,DEL04-SC,UOP02-DEL04-SC,2021
"337420,0",2021-01-30,sábado,05:00:00,SC,470,"67,7",INDAIAL,Demais falhas na via,Colisão com objeto,Sem Vítimas,Amanhecer,Decrescente,Garoa/Chuvisco,Simples,Em Obras;Desvio Temporário;Curva,Não,1,0,0,0,1,0,0,1,-26.872158,-49.23127,SPRF-SC,DEL04-SC,UOP01-DEL04-SC,2021
"337654,0",2021-01-30,sábado,23:05:00,SC,282,"498,9",XANXERE,Ingestão de álcool e/ou substâncias psicoativas pelo pedestre,Colisão lateral mesmo sentido,Com Vítimas Feridas,Plena Noite,Crescente,Nublado,Simples,Curva,Não,3,0,1,0,1,1,1,3,-26.87978,-52.353825,SPRF-SC,DEL07-SC,UOP01-DEL07-SC,2021
"337762,0",2021-01-31,domingo,16:10:00,SC,470,"60,9",BLUMENAU,Transitar na contramão,Colisão frontal,Com Vítimas Feridas,Pleno dia,Decrescente,Nublado,Simples,Curva,Sim,2,0,0,1,1,0,1,2,-26.88138,-49.164543,SPRF-SC,DEL04-SC,UOP01-DEL04-SC,2021
"337763,0",2021-01-31,domingo,15:30:00,SC,116,"144,0",SANTA CECILIA,Velocidade Incompatível,Tombamento,Sem Vítimas,Anoitecer,Crescente,Céu Claro,Simples,Curva,Não,2,0,0,0,1,1,0,2,-26.99398389,-50.39844506,SPRF-SC,DEL06-SC,UOP02-DEL06-SC,2021
"337796,0",2021-01-31,domingo,19:20:00,SC,282,"46,0",AGUAS MORNAS,Problema com o freio,Colisão traseira,Com Vítimas Feridas,Anoitecer,Decrescente,Céu Claro,Simples,Declive,Não,4,0,1,0,3,0,1,3,-27.721041,-48.925152,SPRF-SC,DEL01-SC,UOP03-DEL01-SC,2021
"337867,0",2021-02-01,segunda-feira,00:20:00,SC,101,"264,0",GAROPABA,Animais na Pista,Atropelamento de Animal,Com Vítimas Feridas,Plena Noite,Crescente,Garoa/Chuvisco,Dupla,Curva,Não,6,0,1,0,4,1,1,3,-28.05555697,-48.71771428,SPRF-SC,DEL02-SC,UOP03-DEL02-SC,2021
"338008,0",2021-02-01,segunda-feira,19:20:00,SC,101,"316,9",LAGUNA,Manobra de mudança de faixa,Colisão lateral,Com Vítimas Feridas,Plena Noite,Crescente,Nublado,Múltipla,Reta,Sim,3,0,2,0,1,0,2,2,-28.4280767,-48.86721432,SPRF-SC,DEL02-SC,UOP01-DEL02-SC,2021
"338093,0",2021-02-02,terça-feira,06:50:00,SC,101,"404,5",ARARANGUA,Condutor deixou de manter distância do veículo da frente,Colisão traseira,Com Vítimas Feridas,Pleno dia,Crescente,Céu Claro,Dupla,Em Obras,Não,5,0,2,1,1,1,3,3,-28.87801417,-49.45745479,SPRF-SC,DEL02-SC,UOP02-DEL02-SC,2021
"338106,0",2021-02-02,terça-feira,07:50:00,SC,470,"136,3",RIO DO SUL,Desrespeitar a preferência no cruzamento,Colisão transversal,Com Vítimas Feridas,Pleno dia,Decrescente,Céu Claro,Simples,Interseção de Vias,Sim,3,0,1,0,1,2,1,4,-27.194323,-49.624554,SPRF-SC,DEL04-SC,UOP02-DEL04-SC,2021