id,data_inversa,dia_semana,horario,uf,br,km,municipio,causa_acidente,tipo_acidente,classificacao_acidente,fase_dia,sentido_via,condicao_metereologica,tipo_pista,tracado_via,uso_solo,pessoas,mortos,feridos_leves,feridos_graves,ilesos,ignorados,feridos,veiculos,latitude,longitude,regional,delegacia,uop,ano_arquivo
"338162,0",2021-02-02,terça-feira,11:20:00,SC,101,"18,4",JOINVILLE,Reação tardia ou ineficiente do condutor,Colisão lateral mesmo sentido,Com Vítimas Feridas,Pleno dia,Decrescente,Céu Claro,Dupla,Reta,Não,3,0,1,0,1,1,1,3,-26.128553,-48.888776,SPRF-SC,DEL03-SC,UOP01-DEL03-SC,2021
"338175,0",2021-02-02,terça-feira,06:40:00,SC,153,"25,5",AGUA DOCE,Pista esburacada,Saída de leito carroçável,Com Vítimas Feridas,Pleno dia,Crescente,Céu Claro,Simples,Ponte;Reta,Não,2,0,0,2,0,0,2,1,-26.750452,-51.662422,SPRF-SC,DEL07-SC,UOP05-DEL07-SC,2021
"338179,0",2021-02-02,terça-feira,11:00:00,SC,101,"1,9",GARUVA,Reação tardia ou ineficiente do condutor,Colisão traseira,Com Vítimas Feridas,Pleno dia,Crescente,Sol,Dupla,Reta,Não,2,0,0,1,1,0,1,2,-25.99715455,-48.87881756,SPRF-SC,DEL03-SC,UOP01-DEL03-SC,2021
"338245,0",2021-02-02,terça-feira,23:10:00,SC,101,"34,1",JOINVILLE,Condutor deixou de manter distância do veículo da frente,Colisão traseira,Com Vítimas Feridas,Plena Noite,Decrescente,Céu Claro,Dupla,Reta,Sim,4,0,1,0,2,2,1,5,-26.23667403,-48.91486706,SPRF-SC,DEL03-SC,UOP01-DEL03-SC,2021
"338249,0",2021-02-02,terça-feira,22:25:00,SC,470,"128,2",LONTRAS,Transitar na contramão,Colisão frontal,Com Vítimas Fatais,Plena Noite,Crescente,Céu Claro,Simples,Curva,Não,4,1,0,0,1,2,0,4,-27.143742,-49.548897,SPRF-SC,DEL04-SC,UOP02-DEL04-SC,2021
"338272,0",2021-02-03,quarta-feira,07:30:00,SC,470,"42,0",GASPAR,Transitar no acostamento,Colisão lateral mesmo sentido,Com Vítimas Feridas,Pleno dia,Decrescente,Céu Claro,Simples,Reta,Sim,2,0,1,0,1,0,1,2,-26.875719,-49.003746,SPRF-SC,DEL04-SC,UOP01-DEL04-SC,2021
"338344,0",2021-02-03,quarta-feira,14:10:00,SC,101,"57,6",ARAQUARI,Reação tardia ou ineficiente do condutor,Colisão transversal,Com Vítimas Feridas,Pleno dia,Decrescente,Céu Claro,Dupla,Curva,Não,2,0,1,0,1,0,1,2,-26.44045074,-48.80161285,SPRF-SC,DEL03-SC,UOP01-DEL03-SC,2021
"338351,0",2021-02-03,quarta-feira,13:30:00,SC,101,"112,0",ITAJAI,Reação tardia ou ineficiente do condutor,Colisão com objeto,Sem Vítimas,Pleno dia,Decrescente,Sol,Dupla,Ponte,Não,1,0,0,0,1,0,0,1,-26.83955734,-48.71418074,SPRF-SC,DEL04-SC,UOP04-DEL04-SC,2021
"338434,0",2021-02-03,quarta-feira,23:20:00,SC,101,"322,0",PESCARIA BRAVA,Manobra de mudança de faixa,Colisão lateral,Sem Vítimas,Plena Noite,Crescente,Céu Claro,Dupla,Reta,Sim,3,0,0,0,2,1,0,3,-28.42491971,-48.90238108,SPRF-SC,DEL02-SC,UOP01-DEL02-SC,2021
"338470,0",2021-02-04,quinta-feira,08:50:00,SC,470,"18,9",ILHOTA,Velocidade Incompatível,Tombamento,Com Vítimas Feridas,Pleno dia,Crescente,Nublado,Dupla,Desvio Temporário;Em Obras;Reta,Não,4,0,3,0,0,1,3,2,-26.86233309,-48.81460547,SPRF-SC,DEL04-SC,UOP04-DEL04-SC,2021
"338485,0",2021-02-04,quinta-feira,10:00:00,SC,101,"214,6",PALHOCA,Condutor deixou de manter distância do veículo da frente,Colisão traseira,Com Vítimas Feridas,Pleno dia,Decrescente,Céu Claro,Dupla,Reta,Sim,4,0,1,0,2,1,1,3,-27.64443,-48.67057,SPRF-SC,DEL01-SC,UOP02-DEL01-SC,2021
"338492,0",2021-02-04,quinta-feira,11:55:00,SC,101,"212,3",PALHOCA,Manobra de mudança de faixa,Colisão lateral,Com Vítimas Feridas,Pleno dia,Decrescente,Céu Claro,Múltipla,Reta,Sim,2,0,1,0,1,0,1,2,-27.62996929,-48.65903871,SPRF-SC,DEL01-SC,UOP02-DEL01-SC,2021
"338524,0",2021-02-04,quinta-feira,12:30:00,SC,282,"445,5",PONTE SERRADA,Velocidade Incompatível,Saída de leito carroçável,Sem Vítimas,Pleno dia,Decrescente,Garoa/Chuvisco,Simples,Reta,Não,1,0,0,0,1,0,0,1,-26.908545,-51.905785,SPRF-SC,DEL07-SC,UOP04-DEL07-SC,2021
"338553,0",2021-02-04,quinta-feira,17:30:00,SC,470,"45,0",BLUMENAU,Desrespeitar a preferência no cruzamento,Colisão transversal,Com Vítimas Feridas,Pleno dia,Crescente,Nublado,Simples,Reta,Não,2,0,1,0,1,0,1,2,-26.867064,-49.031109,SPRF-SC,DEL04-SC,UOP01-DEL04-SC,2021
"338567,0",2021-02-04,quinta-feira,18:30:00,SC,470,"145,0",RIO DO SUL,Condutor deixou de manter distância do veículo da frente,Colisão traseira,Com Vítimas Feridas,Pleno dia,Decrescente,Céu Claro,Simples,Reta,Não,3,0,0,1,2,0,1,3,-27.22888518,-49.6685065,SPRF-SC,DEL04-SC,UOP02-DEL04-SC,2021
"338634,0",2021-02-05,sexta-feira,04:50:00,SC,101,"123,2",ITAJAI,Velocidade Incompatível,Colisão lateral,Com Vítimas Feridas,Amanhecer,Decrescente,Céu Claro,Múltipla,Reta,Sim,3,0,0,1,2,0,1,2,-26.93668609,-48.69876905,SPRF-SC,DEL04-SC,UOP04-DEL04-SC,2021
"338713,0",2021-02-05,sexta-feira,13:45:00,SC,101,"265,5",GAROPABA,Reação tardia ou ineficiente do condutor,Tombamento,Com Vítimas Fatais,Pleno dia,Decrescente,Céu Claro,Múltipla,Declive;Reta;Interseção de Vias,Sim,5,1,1,0,1,2,1,4,-28.067934,-48.714452,SPRF-SC,DEL02-SC,UOP03-DEL02-SC,2021
"338773,0",2021-02-05,sexta-feira,12:55:00,SC,153,"27,4",AGUA DOCE,Condutor Dormindo,Saída de leito carroçável,Com Vítimas Feridas,Pleno dia,Crescente,Céu Claro,Simples,Reta;Declive,Não,2,0,1,0,0,2,1,3,-26.77385688,-51.6786701,SPRF-SC,DEL07-SC,UOP05-DEL07-SC,2021
"338779,0",2021-02-05,sexta-feira,19:30:00,SC,280,"41,0",ARAQUARI,Ultrapassagem Indevida,Colisão lateral,Sem Vítimas,Plena Noite,Decrescente,Céu Claro,Simples,Reta,Não,2,0,0,0,2,0,0,2,-26.45000366,-48.85790902,SPRF-SC,DEL03-SC,UOP03-DEL03-SC,2021
"338801,0",2021-02-05,sexta-feira,20:35:00,SC,282,"486,6",FAXINAL DOS GUEDES,Afundamento ou ondulação no pavimento,Saída de leito carroçável,Com Vítimas Feridas,Plena Noite,Crescente,Céu Claro,Simples,Reta,Sim,2,0,1,0,1,0,1,1,-26.855415,-52.25423,SPRF-SC,DEL07-SC,UOP01-DEL07-SC,2021
"338803,0",2021-02-05,sexta-feira,20:33:00,SC,101,"93,7",BARRA VELHA,Condutor Dormindo,Colisão traseira,Com Vítimas Feridas,Plena Noite,Crescente,Nublado,Dupla,Reta,Não,4,0,2,0,1,1,2,4,-26.6899011,-48.69663873,SPRF-SC,DEL03-SC,UOP02-DEL03-SC,2021
"338809,0",2021-02-05,sexta-feira,21:00:00,SC,470,"3,9",NAVEGANTES,Acessar a via sem observar a presença dos outros veículos,Colisão lateral,Com Vítimas Feridas,Plena Noite,Crescente,Céu Claro,Simples,Rotatória,Não,3,0,2,0,1,0,2,2,-26.861937,-48.681618,SPRF-SC,DEL04-SC,UOP04-DEL04-SC,2021
"338885,0",2021-02-06,sábado,08:30:00,SC,116,"147,0",SANTA CECILIA,Transitar na contramão,Colisão lateral sentido oposto,Sem Vítimas,Pleno dia,Decrescente,Céu Claro,Simples,Curva,Não,3,0,0,0,2,2,0,4,-27.01897725,-50.42319774,SPRF-SC,DEL06-SC,UOP02-DEL06-SC,2021
"338951,0",2021-02-06,sábado,14:45:00,SC,101,"276,8",IMBITUBA,Condutor deixou de manter distância do veículo da frente,Colisão traseira,Com Vítimas Feridas,Pleno dia,Decrescente,Céu Claro,Dupla,Em Obras,Sim,4,0,2,0,1,2,2,4,-28.14644701,-48.69204746,SPRF-SC,DEL02-SC,UOP03-DEL02-SC,2021
"338955,0",2021-02-06,sábado,10:35:00,SC,280,"157,2",MAFRA,Transitar na contramão,Colisão frontal,Com Vítimas Feridas,Pleno dia,Decrescente,Céu Claro,Simples,Declive;Reta,Não,3,0,0,2,1,0,2,2,-26.20203891,-49.76000369,SPRF-SC,DEL06-SC,UOP03-DEL06-SC,2021
"338999,0",2021-02-06,sábado,10:40:00,SC,282,"421,5",VARGEM BONITA,Velocidade Incompatível,Colisão frontal,Com Vítimas Feridas,Pleno dia,Decrescente,Céu Claro,Simples,Curva,Sim,3,0,2,0,0,1,2,3,-26.999937,-51.744019,SPRF-SC,DEL07-SC,UOP05-DEL07-SC,2021
"339003,0",2021-02-06,sábado,18:10:00,SC,280,"7,0",SAO FRANCISCO DO SUL,Acessar a via sem observar a presença dos outros veículos,Colisão transversal,Com Vítimas Feridas,Pleno dia,Crescente,Céu Claro,Simples,Curva;Rotatória,Sim,4,0,2,0,1,1,2,3,-26.270538,-48.640842,SPRF-SC,DEL03-SC,UOP03-DEL03-SC,2021
"339113,0",2021-02-07,domingo,05:15:00,SC,470,"185,5",POUSO REDONDO,Transitar na contramão,Colisão frontal,Com Vítimas Fatais,Amanhecer,Crescente,Nevoeiro/Neblina,Simples,Aclive,Não,5,1,0,1,1,2,1,4,-27.25753855,-50.04682302,SPRF-SC,DEL04-SC,UOP02-DEL04-SC,2021
"339160,0",2021-02-07,domingo,10:29:00,SC,101,"236,0",PALHOCA,Manobra de mudança de faixa,Colisão lateral mesmo sentido,Com Vítimas Feridas,Pleno dia,Crescente,Sol,Dupla,Aclive;Reta,Não,4,0,1,0,2,1,1,3,-27.82629382,-48.63034842,SPRF-SC,DEL01-SC,UOP02-DEL01-SC,2021
"339449,0",2021-02-08,segunda-feira,12:00:00,SC,282,"488,1",FAXINAL DOS GUEDES,Velocidade Incompatível,Tombamento,Com Vítimas Feridas,Pleno dia,Decrescente,Céu Claro,Simples,Rotatória,Sim,2,0,1,0,0,1,1,2,-26.863047,-52.270107,SPRF-SC,DEL07-SC,UOP01-DEL07-SC,2021
"339474,0",2021-02-08,segunda-feira,17:10:00,SC,470,"60,0",BLUMENAU,Retorno proibido,Colisão transversal,Com Vítimas Feridas,Pleno dia,Crescente,Céu Claro,Simples,Em Obras;Reta,Sim,5,0,1,0,3,1,1,4,-26.88013,-49.169151,SPRF-SC,DEL04-SC,UOP01-DEL04-SC,2021
"339497,0",2021-02-08,segunda-feira,14:50:00,SC,153,"86,0",CONCORDIA,Condutor deixou de manter distância do veículo da frente,Colisão lateral,Sem Vítimas,Pleno dia,Decrescente,Céu Claro,Simples,Curva,Não,3,0,0,0,2,1,0,3,-27.14958,-51.911221,SPRF-SC,DEL07-SC,UOP04-DEL07-SC,2021
"339537,0",2021-02-08,segunda-feira,21:50:00,SC,470,"178,0",POUSO REDONDO,Velocidade Incompatível,Colisão lateral,Com Vítimas Feridas,Plena Noite,Crescente,Céu Claro,Simples,Reta,Sim,2,0,1,0,0,1,1,2,-27.248392,-49.967083,SPRF-SC,DEL04-SC,UOP02-DEL04-SC,2021
"339557,0",2021-02-09,terça-feira,07:30:00,SC,101,"113,3",ITAJAI,Reação tardia ou ineficiente do condutor,Colisão traseira,Com Vítimas Feridas,Pleno dia,Decrescente,Nublado,Múltipla,Reta,Sim,2,0,1,0,1,0,1,2,-26.85311393,-48.72689927,SPRF-SC,DEL04-SC,UOP04-DEL04-SC,2021
"339567,0",2021-02-09,terça-feira,09:10:00,SC,470,"129,9",LONTRAS,Condutor deixou de manter distância do veículo da frente,Colisão traseira,Com Vítimas Feridas,Pleno dia,Crescente,Céu Claro,Simples,Reta,Não,2,0,1,0,1,0,1,2,-27.148499,-49.556137,SPRF-SC,DEL04-SC,UOP02-DEL04-SC,2021
"339569,0",2021-02-09,terça-feira,07:35:00,SC,470,"134,8",RIO DO SUL,Condutor deixou de manter distância do veículo da frente,Engavetamento,Com Vítimas Feridas,Pleno dia,Crescente,Sol,Simples,Reta,Sim,3,0,1,0,2,0,1,3,-27.17856888,-49.59533215,SPRF-SC,DEL04-SC,UOP02-DEL04-SC,2021
"339640,0",2021-02-09,terça-feira,14:20:00,SC,101,"104,4",PENHA,Acessar a via sem observar a presença dos outros veículos,Colisão lateral mesmo sentido,Com Vítimas Feridas,Pleno dia,Crescente,Céu Claro,Dupla,Reta,Não,3,0,1,0,1,1,1,3,-26.79281742,-48.68080819,SPRF-SC,DEL03-SC,UOP02-DEL03-SC,2021
"339648,0",2021-01-21,quinta-feira,06:00:00,SC,101,"186,1",BIGUACU,Velocidade Incompatível,Colisão com objeto,Sem Vítimas,Pleno dia,Crescente,Chuva,Múltipla,Curva,Sim,3,0,0,0,2,3,0,5,-27.4341098,-48.62567129,SPRF-SC,DEL01-SC,UOP01-DEL01-SC,2021
"339707,0",2021-02-09,terça-feira,20:20:00,SC,116,"221,1",CORREIA PINTO,Conversão proibida,Colisão transversal,Com Vítimas Feridas,Plena Noite,Crescente,Céu Claro,Simples,Reta,Sim,4,0,0,1,2,1,1,3,-27.58573399,-50.36555188,SPRF-SC,DEL05-SC,UOP03-DEL05-SC,2021
"339710,0",2021-02-09,terça-feira,21:49:00,SC,280,"124,0",RIO NEGRINHO,Deficiência do Sistema de Iluminação/Sinalização,Colisão transversal,Com Vítimas Feridas,Plena Noite,Decrescente,Céu Claro,Simples,Interseção de Vias;Reta,Não,3,0,0,1,1,2,1,4,-26.2394515,-49.47960019,SPRF-SC,DEL06-SC,UOP03-DEL06-SC,2021
"339780,0",2021-02-10,quarta-feira,09:00:00,SC,470,"143,3",RIO DO SUL,Ultrapassagem Indevida,Tombamento,Com Vítimas Feridas,Pleno dia,Crescente,Céu Claro,Simples,Rotatória,Sim,2,0,1,0,1,0,1,2,-27.233143,-49.672886,SPRF-SC,DEL04-SC,UOP02-DEL04-SC,2021
"339811,0",2021-02-10,quarta-feira,11:30:00,SC,116,"180,0",SAO CRISTOVAO DO SUL,Acessar a via sem observar a presença dos outros veículos,Colisão transversal,Com Vítimas Fatais,Pleno dia,Decrescente,Céu Claro,Simples,Interseção de Vias;Reta,Sim,3,1,0,0,1,1,0,3,-27.2676,-50.44154,SPRF-SC,DEL05-SC,UOP03-DEL05-SC,2021
"339880,0",2021-02-10,quarta-feira,17:40:00,SC,470,"193,9",POUSO REDONDO,Transitar na contramão,Colisão lateral,Com Vítimas Feridas,Pleno dia,Crescente,Céu Claro,Simples,Aclive;Curva,Não,4,0,0,2,2,0,2,3,-27.300575,-50.075451,SPRF-SC,DEL04-SC,UOP02-DEL04-SC,2021
"339946,0",2021-02-11,quinta-feira,06:45:00,SC,116,"305,3",CAPAO ALTO,Velocidade Incompatível,Saída de leito carroçável,Com Vítimas Feridas,Pleno dia,Crescente,Nublado,Simples,Curva;Declive,Não,2,0,0,1,0,2,1,3,-28.19959072,-50.72748184,SPRF-SC,DEL05-SC,UOP02-DEL05-SC,2021
"339956,0",2021-02-11,quinta-feira,08:30:00,SC,101,"320,0",PESCARIA BRAVA,Obras na pista,Engavetamento,Sem Vítimas,Pleno dia,Crescente,Céu Claro,Dupla,Reta;Em Obras,Não,8,0,0,0,7,1,0,5,-28.42800492,-48.88171497,SPRF-SC,DEL02-SC,UOP01-DEL02-SC,2021
"339998,0",2021-02-11,quinta-feira,13:20:00,SC,101,"333,8",TUBARAO,Reação tardia ou ineficiente do condutor,Colisão traseira,Com Vítimas Feridas,Pleno dia,Crescente,Sol,Dupla,Reta,Sim,3,0,2,0,1,0,2,2,-28.46929491,-49.01618958,SPRF-SC,DEL02-SC,UOP01-DEL02-SC,2021
"340000,0",2021-02-11,quinta-feira,12:40:00,SC,116,"144,8",SANTA CECILIA,Velocidade Incompatível,Derramamento de carga,Sem Vítimas,Pleno dia,Crescente,Chuva,Simples,Curva,Não,2,0,0,0,1,1,0,2,-26.99398389,-50.39844506,SPRF-SC,DEL06-SC,UOP02-DEL06-SC,2021
"340016,0",2021-02-11,quinta-feira,15:00:00,SC,470,"67,9",INDAIAL,Trafegar com motocicleta (ou similar) entre as faixas,Colisão lateral,Com Vítimas Feridas,Pleno dia,Decrescente,Nublado,Simples,Reta,Sim,2,0,1,0,1,0,1,2,-26.872158,-49.23127,SPRF-SC,DEL04-SC,UOP01-DEL04-SC,2021
"340096,0",2021-02-11,quinta-feira,18:10:00,SC,116,"107,8",MONTE CASTELO,Ultrapassagem Indevida,Colisão frontal,Com Vítimas Feridas,Anoitecer,Decrescente,Garoa/Chuvisco,Simples,Declive;Curva,Não,3,0,1,0,1,3,1,5,-26.75568818,-50.32812388,SPRF-SC,DEL06-SC,UOP02-DEL06-SC,2021
"340116,0",2021-02-11,quinta-feira,23:50:00,SC,101,"24,0",JOINVILLE,Ingestão de álcool pelo condutor,Colisão lateral mesmo sentido,Com Vítimas Feridas,Plena Noite,Decrescente,Garoa/Chuvisco,Dupla,Reta,Sim,3,0,0,1,1,1,1,3,-26.17483309,-48.90767978,SPRF-SC,DEL03-SC,UOP01-DEL03-SC,2021
"340133,0",2021-02-12,sexta-feira,05:45:00,SC,101,"209,0",SAO JOSE,Ingestão de álcool pelo condutor,Colisão traseira,Sem Vítimas,Amanhecer,Crescente,Chuva,Múltipla,Reta,Sim,4,0,0,0,4,0,0,4,-27.61000542,-48.63895057,SPRF-SC,DEL01-SC,UOP01-DEL01-SC,2021
"340158,0",2021-02-12,sexta-feira,07:45:00,SC,470,"140,2",RIO DO SUL,Ultrapassagem Indevida,Tombamento,Com Vítimas Fatais,Pleno dia,Decrescente,Nublado,Simples,Reta,Sim,4,1,0,0,1,2,0,4,-27.20458344,-49.63787198,SPRF-SC,DEL04-SC,UOP02-DEL04-SC,2021
"340166,0",2021-02-12,sexta-feira,10:10:00,SC,101,"216,6",PALHOCA,Reação tardia ou ineficiente do condutor,Colisão traseira,Com Vítimas Feridas,Pleno dia,Decrescente,Nublado,Múltipla,Reta,Sim,3,0,2,0,1,0,2,2,-27.65981409,-48.67747798,SPRF-SC,DEL01-SC,UOP02-DEL01-SC,2021
"340219,0",2021-02-12,sexta-feira,14:18:00,SC,101,"79,8",ARAQUARI,Acessar a via sem observar a presença dos outros veículos,Colisão transversal,Com Vítimas Feridas,Pleno dia,Decrescente,Chuva,Dupla,Curva,Não,5,0,3,0,1,1,3,3,-26.58559601,-48.72192112,SPRF-SC,DEL03-SC,UOP02-DEL03-SC,2021
"340251,0",2021-02-12,sexta-feira,17:30:00,SC,101,"406,0",ARARANGUA,Manobra de mudança de faixa,Colisão transversal,Com Vítimas Feridas,Pleno dia,Decrescente,Nublado,Dupla,Reta,Não,5,0,3,0,2,0,3,2,-28.89284011,-49.46880088,SPRF-SC,DEL02-SC,UOP02-DEL02-SC,2021
"340343,0",2021-02-12,sexta-feira,22:00:00,SC,470,"289,7",BRUNOPOLIS,Desrespeitar a preferência no cruzamento,Colisão transversal,Com Vítimas Feridas,Plena Noite,Decrescente,Garoa/Chuvisco,Simples,Reta,Não,2,0,1,0,1,0,1,2,-27.33517505,-50.95973969,SPRF-SC,DEL07-SC,UOP06-DEL07-SC,2021
"340412,0",2021-02-13,sábado,08:00:00,SC,101,"434,4",SOMBRIO,Condutor Dormindo,Colisão transversal,Com Vítimas Feridas,Pleno dia,Decrescente,Céu Claro,Simples,Reta,Sim,2,0,1,0,1,0,1,2,-29.10098941,-49.63496447,SPRF-SC,DEL02-SC,UOP02-DEL02-SC,2021
"340535,0",2021-02-13,sábado,19:21:00,SC,280,"28,8",ARAQUARI,Acessar a via sem observar a presença dos outros veículos,Colisão transversal,Com Vítimas Feridas,Plena Noite,Crescente,Nublado,Dupla,Reta,Sim,3,0,1,0,2,0,1,3,-26.40955186,-48.7515521,SPRF-SC,DEL03-SC,UOP03-DEL03-SC,2021
"340590,0",2021-02-13,sábado,22:30:00,SC,282,"474,5",VARGEAO,Ingestão de álcool pelo condutor,Colisão lateral,Sem Vítimas,Plena Noite,Crescente,Céu Claro,Simples,Reta,Não,2,0,0,0,2,0,0,2,-26.874346,-52.155285,SPRF-SC,DEL07-SC,UOP01-DEL07-SC,2021
"340595,0",2021-02-13,sábado,22:35:00,SC,282,"474,5",VARGEAO,Ingestão de álcool pelo condutor,Colisão frontal,Com Vítimas Feridas,Plena Noite,Decrescente,Céu Claro,Simples,Reta,Não,3,0,1,0,1,1,1,3,-26.874346,-52.155285,SPRF-SC,DEL07-SC,UOP01-DEL07-SC,2021
"340791,0",2021-02-14,domingo,21:00:00,SC,470,"29,5",GASPAR,Ausência de reação do condutor,Saída de leito carroçável,Sem Vítimas,Plena Noite,Decrescente,Garoa/Chuvisco,Dupla,Reta,Não,1,0,0,0,1,0,0,1,-26.89362,-48.903973,SPRF-SC,DEL04-SC,UOP01-DEL04-SC,2021
"340863,0",2021-02-15,segunda-feira,08:25:00,SC,101,"136,5",BALNEARIO CAMBORIU,Condutor Dormindo,Colisão lateral mesmo sentido,Com Vítimas Feridas,Pleno dia,Crescente,Céu Claro,Múltipla,Reta,Sim,3,0,1,0,2,0,1,2,-27.01264341,-48.61364365,SPRF-SC,DEL04-SC,UOP03-DEL04-SC,2021
"340873,0",2021-02-15,segunda-feira,07:15:00,SC,101,"362,3",SANGAO,Ausência de reação do condutor,Colisão traseira,Com Vítimas Feridas,Pleno dia,Decrescente,Céu Claro,Dupla,Reta;Aclive,Não,3,0,0,1,1,1,1,3,-28.6770859,-49.1340838,SPRF-SC,DEL02-SC,UOP01-DEL02-SC,2021
"340884,0",2021-02-15,segunda-feira,09:19:00,SC,101,"16,2",GARUVA,Demais falhas mecânicas ou elétricas,Saída de leito carroçável,Com Vítimas Feridas,Pleno dia,Decrescente,Céu Claro,Dupla,Reta,Não,2,0,1,0,0,1,1,2,-26.11427473,-48.87647034,SPRF-SC,DEL03-SC,UOP01-DEL03-SC,2021
"340909,0",2021-02-15,segunda-feira,14:45:00,SC,101,"44,0",JOINVILLE,Demais falhas mecânicas ou elétricas,Colisão lateral sentido oposto,Com Vítimas Feridas,Pleno dia,Crescente,Céu Claro,Simples,Reta,Sim,3,0,1,0,2,0,1,2,-26.31238996,-48.87458997,SPRF-SC,DEL03-SC,UOP01-DEL03-SC,2021
"340910,0",2021-02-15,segunda-feira,14:45:00,SC,101,"204,3",SAO JOSE,Reação tardia ou ineficiente do condutor,Colisão traseira,Com Vítimas Feridas,Pleno dia,Decrescente,Nublado,Múltipla,Reta,Sim,2,0,0,1,0,1,1,2,-27.57413014,-48.61363083,SPRF-SC,DEL01-SC,UOP01-DEL01-SC,2021
"340925,0",2021-02-15,segunda-feira,15:45:00,SC,282,"529,7",CORDILHEIRA ALTA,Transitar na contramão,Colisão frontal,Com Vítimas Feridas,Pleno dia,Crescente,Céu Claro,Simples,Curva,Não,3,0,0,2,1,0,2,3,-26.982185,-52.59734,SPRF-SC,DEL07-SC,UOP01-DEL07-SC,2021
"340957,0",2021-02-15,segunda-feira,16:31:00,SC,116,"64,3",PAPANDUVA,Ultrapassagem Indevida,Colisão frontal,Com Vítimas Feridas,Pleno dia,Crescente,Nublado,Simples,Reta;Aclive,Não,3,0,1,0,1,1,1,3,-26.40644298,-50.22649816,SPRF-SC,DEL06-SC,UOP02-DEL06-SC,2021
"341005,0",2021-02-16,terça-feira,00:15:00,SC,101,"277,0",IMBITUBA,Condutor Dormindo,Colisão traseira,Com Vítimas Feridas,Plena Noite,Crescente,Céu Claro,Dupla,Reta,Sim,5,0,2,0,2,1,2,3,-28.15478103,-48.69265474,SPRF-SC,DEL02-SC,UOP03-DEL02-SC,2021
"341021,0",2021-02-16,terça-feira,07:20:00,SC,101,"152,1",ITAPEMA,Condutor deixou de manter distância do veículo da frente,Colisão lateral mesmo sentido,Com Vítimas Feridas,Pleno dia,Decrescente,Céu Claro,Dupla,Reta,Sim,2,0,1,0,0,1,1,2,-27.13563503,-48.61004665,SPRF-SC,DEL04-SC,UOP03-DEL04-SC,2021
"341024,0",2021-02-16,terça-feira,06:30:00,SC,116,"192,0",SAO CRISTOVAO DO SUL,Demais falhas mecânicas ou elétricas,Tombamento,Sem Vítimas,Pleno dia,Decrescente,Sol,Simples,Reta,Não,2,0,0,0,1,1,0,2,-27.36303564,-50.43355252,SPRF-SC,DEL05-SC,UOP03-DEL05-SC,2021
"341066,0",2021-02-16,terça-feira,14:00:00,SC,101,"189,0",BIGUACU,Reação tardia ou ineficiente do condutor,Saída de leito carroçável,Sem Vítimas,Pleno dia,Decrescente,Nublado,Múltipla,Curva,Sim,2,0,0,0,2,0,0,2,-27.459393,-48.638914,SPRF-SC,DEL01-SC,UOP01-DEL01-SC,2021
"341101,0",2021-02-16,terça-feira,17:20:00,SC,116,"3,0",MAFRA,Condutor Dormindo,Saída de leito carroçável,Com Vítimas Feridas,Pleno dia,Crescente,Céu Claro,Simples,Reta,Não,3,0,1,0,1,1,1,3,-26.13073161,-49.79922442,SPRF-SC,DEL06-SC,UOP01-DEL06-SC,2021
"341197,0",2021-02-17,quarta-feira,07:15:00,SC,101,"297,0",LAGUNA,Carga excessiva e/ou mal acondicionada,Tombamento,Sem Vítimas,Pleno dia,Crescente,Céu Claro,Múltipla,Aclive,Sim,2,0,0,0,1,1,0,2,-28.31353989,-48.7240982,SPRF-SC,DEL02-SC,UOP03-DEL02-SC,2021
"341208,0",2021-02-17,quarta-feira,07:45:00,SC,101,"45,0",JOINVILLE,Acessar a via sem observar a presença dos outros veículos,Colisão lateral,Com Vítimas Feridas,Pleno dia,Decrescente,Céu Claro,Dupla,Viaduto;Interseção de Vias;Reta,Sim,2,0,1,0,1,0,1,2,-26.32214492,-48.8689509,SPRF-SC,DEL03-SC,UOP01-DEL03-SC,2021
"341230,0",2021-02-17,quarta-feira,09:30:00,SC,101,"27,5",JOINVILLE,Demais falhas mecânicas ou elétricas,Incêndio,Sem Vítimas,Pleno dia,Crescente,Sol,Dupla,Reta,Não,2,0,0,0,1,2,0,3,-26.20130351,-48.91331794,SPRF-SC,DEL03-SC,UOP01-DEL03-SC,2021
"341327,0",2021-02-17,quarta-feira,22:50:00,SC,101,"41,0",JOINVILLE,Carga excessiva e/ou mal acondicionada,Colisão com objeto,Com Vítimas Feridas,Plena Noite,Decrescente,Nublado,Dupla,Curva,Sim,2,0,1,0,1,0,1,2,-26.28215489,-48.88973081,SPRF-SC,DEL03-SC,UOP01-DEL03-SC,2021
"341343,0",2021-02-18,quinta-feira,02:45:00,SC,116,"143,0",SANTA CECILIA,Velocidade Incompatível,Tombamento,Com Vítimas Feridas,Plena Noite,Crescente,Céu Claro,Simples,Curva,Não,2,0,1,0,0,1,1,2,-26.98647529,-50.39438169,SPRF-SC,DEL06-SC,UOP02-DEL06-SC,2021
"341432,0",2021-02-18,quinta-feira,14:30:00,SC,470,"111,0",APIUNA,Carga excessiva e/ou mal acondicionada,Colisão com objeto,Sem Vítimas,Pleno dia,Decrescente,Céu Claro,Simples,Curva,Não,2,0,0,0,1,1,0,2,-27.099657,-49.461211,SPRF-SC,DEL04-SC,UOP02-DEL04-SC,2021
"341536,0",2021-02-18,quinta-feira,23:00:00,SC,282,"446,0",PONTE SERRADA,Velocidade Incompatível,Tombamento,Com Vítimas Feridas,Plena Noite,Decrescente,Nublado,Simples,Curva,Não,2,0,1,0,0,1,1,2,-26.910217,-51.914951,SPRF-SC,DEL07-SC,UOP04-DEL07-SC,2021