id,data_inversa,dia_semana,horario,uf,br,km,municipio,causa_acidente,tipo_acidente,classificacao_acidente,fase_dia,sentido_via,condicao_metereologica,tipo_pista,tracado_via,uso_solo,pessoas,mortos,feridos_leves,feridos_graves,ilesos,ignorados,feridos,veiculos,latitude,longitude,regional,delegacia,uop,ano_arquivo
"350490,0",2021-04-07,quarta-feira,19:00:00,SC,470,"53,9",BLUMENAU,Transitar na contramão,Colisão frontal,Com Vítimas Feridas,Plena Noite,Crescente,Nublado,Simples,Curva,Não,2,0,0,1,1,0,1,2,-26.867121,-49.102066,SPRF-SC,DEL04-SC,UOP01-DEL04-SC,2021
"350494,0",2021-04-07,quarta-feira,18:20:00,SC,282,"586,9",PINHALZINHO,Velocidade Incompatível,Tombamento,Com Vítimas Feridas,Anoitecer,Decrescente,Céu Claro,Simples,Aclive;Curva,Não,3,0,2,0,0,1,2,2,-26.830345,-53.044727,SPRF-SC,DEL07-SC,UOP02-DEL07-SC,2021
"350522,0",2021-04-07,quarta-feira,23:45:00,SC,101,"136,7",BALNEARIO CAMBORIU,Ausência de reação do condutor,Colisão traseira,Com Vítimas Fatais,Plena Noite,Decrescente,Chuva,Dupla,Reta,Sim,4,1,1,0,1,1,1,3,-27.008113,-48.617245,SPRF-SC,DEL04-SC,UOP03-DEL04-SC,2021
"350572,0",2021-04-08,quinta-feira,09:10:00,SC,101,"28,0",JOINVILLE,Condutor Dormindo,Colisão lateral mesmo sentido,Sem Vítimas,Pleno dia,Crescente,Céu Claro,Dupla,Reta,Sim,3,0,0,0,2,1,0,3,-26.20697505,-48.91482635,SPRF-SC,DEL03-SC,UOP01-DEL03-SC,2021
"350593,0",2021-04-08,quinta-feira,09:40:00,SC,101,"139,8",BALNEARIO CAMBORIU,Condutor deixou de manter distância do veículo da frente,Colisão traseira,Com Vítimas Feridas,Pleno dia,Decrescente,Nublado,Dupla,Reta,Sim,3,0,1,0,1,1,1,3,-27.02982303,-48.60115006,SPRF-SC,DEL04-SC,UOP03-DEL04-SC,2021
"350600,0",2021-04-08,quinta-feira,14:00:00,SC,470,"7,0",NAVEGANTES,Conversão proibida,Colisão transversal,Com Vítimas Feridas,Pleno dia,Crescente,Céu Claro,Simples,Interseção de Vias,Não,3,0,1,0,1,1,1,3,-26.83910155,-48.71716619,SPRF-SC,DEL04-SC,UOP04-DEL04-SC,2021
"350615,0",2021-04-08,quinta-feira,14:30:00,SC,116,"6,8",MAFRA,Frear bruscamente,Colisão lateral mesmo sentido,Com Vítimas Feridas,Pleno dia,Decrescente,Céu Claro,Simples,Reta,Não,4,0,1,0,2,1,1,3,-26.14644691,-49.82305806,SPRF-SC,DEL06-SC,UOP01-DEL06-SC,2021
"350621,0",2021-04-08,quinta-feira,11:50:00,SC,282,"45,0",AGUAS MORNAS,Velocidade Incompatível,Saída de leito carroçável,Sem Vítimas,Pleno dia,Decrescente,Chuva,Simples,Curva,Não,1,0,0,0,1,0,0,1,-27.719851,-48.916126,SPRF-SC,DEL01-SC,UOP03-DEL01-SC,2021
"350641,0",2021-04-08,quinta-feira,18:50:00,SC,101,"203,0",SAO JOSE,Reação tardia ou ineficiente do condutor,Colisão lateral mesmo sentido,Com Vítimas Feridas,Plena Noite,Decrescente,Céu Claro,Dupla,Reta,Sim,4,0,1,0,2,1,1,4,-27.5650044,-48.61460082,SPRF-SC,DEL01-SC,UOP01-DEL01-SC,2021
"350674,0",2021-04-08,quinta-feira,21:40:00,SC,101,"104,0",PENHA,Condutor deixou de manter distância do veículo da frente,Colisão traseira,Com Vítimas Feridas,Plena Noite,Decrescente,Nublado,Dupla,Reta,Não,3,0,0,1,1,2,1,4,-26.7941948,-48.68031263,SPRF-SC,DEL03-SC,UOP02-DEL03-SC,2021
"350689,0",2021-04-09,sexta-feira,00:20:00,SC,101,"377,6",ICARA,Acessar a via sem observar a presença dos outros veículos,Colisão lateral sentido oposto,Com Vítimas Feridas,Plena Noite,Crescente,Céu Claro,Simples,Reta,Sim,2,0,1,0,1,0,1,2,-28.74706262,-49.26215887,SPRF-SC,DEL02-SC,UOP01-DEL02-SC,2021
"350697,0",2021-04-09,sexta-feira,03:45:00,SC,470,"145,0",RIO DO SUL,Ausência de reação do condutor,Colisão transversal,Com Vítimas Fatais,Plena Noite,Crescente,Nublado,Simples,Reta,Sim,7,1,0,3,1,2,3,4,-27.232343,-49.671796,SPRF-SC,DEL04-SC,UOP02-DEL04-SC,2021
"350811,0",2021-04-09,sexta-feira,18:35:00,SC,280,"53,1",GUARAMIRIM,Condutor deixou de manter distância do veículo da frente,Colisão traseira,Com Vítimas Feridas,Anoitecer,Decrescente,Nublado,Dupla,Reta,Sim,4,0,0,1,2,1,1,4,-26.47236756,-48.97426617,SPRF-SC,DEL03-SC,UOP03-DEL03-SC,2021
"350853,0",2021-04-09,sexta-feira,20:45:00,SC,163,"0,9",DIONISIO CERQUEIRA,Ingestão de álcool pelo condutor,Colisão frontal,Com Vítimas Feridas,Plena Noite,Decrescente,Céu Claro,Simples,Reta,Sim,3,0,1,0,1,1,1,3,-26.26457425,-53.62409592,SPRF-SC,DEL07-SC,UOP03-DEL07-SC,2021
"350861,0",2021-04-09,sexta-feira,18:28:00,SC,470,"248,5",CURITIBANOS,Desrespeitar a preferência no cruzamento,Colisão transversal,Com Vítimas Feridas,Plena Noite,Crescente,Nublado,Simples,Interseção de Vias,Sim,4,0,1,0,2,2,1,5,-27.3145294,-50.57193518,SPRF-SC,DEL05-SC,UOP03-DEL05-SC,2021
"350863,0",2021-04-09,sexta-feira,19:55:00,SC,101,"254,0",PAULO LOPES,Acessar a via sem observar a presença dos outros veículos,Colisão traseira,Com Vítimas Feridas,Plena Noite,Crescente,Céu Claro,Dupla,Reta,Sim,3,0,2,0,1,0,2,2,-27.97368802,-48.67940247,SPRF-SC,DEL02-SC,UOP03-DEL02-SC,2021
"350917,0",2021-04-10,sábado,05:35:00,SC,101,"116,1",ITAJAI,Reação tardia ou ineficiente do condutor,Colisão traseira,Com Vítimas Feridas,Amanhecer,Decrescente,Céu Claro,Múltipla,Reta,Sim,5,0,1,2,1,1,3,3,-26.87905605,-48.72603512,SPRF-SC,DEL04-SC,UOP04-DEL04-SC,2021
"350922,0",2021-04-10,sábado,05:30:00,SC,470,"108,0",APIUNA,Ingestão de álcool pelo condutor,Colisão lateral sentido oposto,Com Vítimas Feridas,Plena Noite,Crescente,Nublado,Simples,Curva,Não,3,0,1,0,1,2,1,4,-27.080708,-49.440491,SPRF-SC,DEL04-SC,UOP02-DEL04-SC,2021
"350996,0",2021-04-10,sábado,10:40:00,SC,153,"7,0",AGUA DOCE,Reação tardia ou ineficiente do condutor,Colisão traseira,Com Vítimas Fatais,Pleno dia,Decrescente,Céu Claro,Simples,Reta;Aclive,Não,3,1,0,0,1,1,0,3,-26.6571384,-51.5346286,SPRF-SC,DEL07-SC,UOP05-DEL07-SC,2021
"351092,0",2021-04-10,sábado,22:20:00,SC,470,"111,2",IBIRAMA,Reação tardia ou ineficiente do condutor,Colisão lateral sentido oposto,Com Vítimas Feridas,Plena Noite,Decrescente,Céu Claro,Simples,Reta,Não,6,0,4,0,1,2,4,4,-27.095388,-49.457878,SPRF-SC,DEL04-SC,UOP02-DEL04-SC,2021
"351166,0",2021-04-11,domingo,12:10:00,SC,280,"22,9",ARAQUARI,Acessar a via sem observar a presença dos outros veículos,Colisão transversal,Com Vítimas Feridas,Pleno dia,Decrescente,Céu Claro,Simples,Reta,Não,2,0,1,0,1,0,1,2,-26.37092616,-48.70204099,SPRF-SC,DEL03-SC,UOP03-DEL03-SC,2021
"351318,0",2021-04-12,segunda-feira,02:00:00,SC,280,"3,9",SAO FRANCISCO DO SUL,Transitar na contramão,Colisão lateral sentido oposto,Sem Vítimas,Plena Noite,Decrescente,Nublado,Simples,Reta,Não,3,0,0,0,2,2,0,4,-26.25250865,-48.61836433,SPRF-SC,DEL03-SC,UOP03-DEL03-SC,2021
"351394,0",2021-04-12,segunda-feira,11:30:00,SC,470,"90,0",ASCURRA,Reação tardia ou ineficiente do condutor,Saída de leito carroçável,Com Vítimas Feridas,Pleno dia,Decrescente,Céu Claro,Simples,Reta,Não,2,0,1,0,1,0,1,2,-26.969337,-49.367718,SPRF-SC,DEL04-SC,UOP01-DEL04-SC,2021
"351424,0",2021-03-22,segunda-feira,18:25:00,SC,282,"20,5",PALHOCA,Falta de acostamento,Colisão lateral mesmo sentido,Com Vítimas Fatais,Anoitecer,Crescente,Chuva,Simples,Reta;Declive,Sim,2,1,0,0,1,0,0,2,-27.68810256,-48.71439278,SPRF-SC,DEL01-SC,UOP02-DEL01-SC,2021
"351464,0",2021-04-12,segunda-feira,18:45:00,SC,101,"215,2",PALHOCA,Condutor deixou de manter distância do veículo da frente,Colisão traseira,Com Vítimas Feridas,Plena Noite,Crescente,Céu Claro,Múltipla,Reta,Sim,2,0,0,1,1,0,1,2,-27.65184843,-48.67604941,SPRF-SC,DEL01-SC,UOP02-DEL01-SC,2021
"351485,0",2021-04-12,segunda-feira,20:00:00,SC,470,"55,5",BLUMENAU,Condutor deixou de manter distância do veículo da frente,Engavetamento,Com Vítimas Feridas,Plena Noite,Decrescente,Céu Claro,Simples,Reta,Não,7,0,1,0,5,2,1,7,-26.875601,-49.117992,SPRF-SC,DEL04-SC,UOP01-DEL04-SC,2021
"351493,0",2021-04-12,segunda-feira,15:55:00,SC,116,"48,9",PAPANDUVA,Condutor usando celular,Engavetamento,Com Vítimas Feridas,Pleno dia,Crescente,Céu Claro,Simples,Reta;Em Obras,Não,10,0,2,4,2,3,6,7,-26.36355729,-50.11956966,SPRF-SC,DEL06-SC,UOP01-DEL06-SC,2021
"351495,0",2021-04-12,segunda-feira,17:50:00,SC,116,"107,6",SANTA CECILIA,Velocidade Incompatível,Tombamento,Sem Vítimas,Pleno dia,Decrescente,Céu Claro,Simples,Declive;Curva,Não,1,0,0,0,1,0,0,1,-26.75568818,-50.32812388,SPRF-SC,DEL06-SC,UOP02-DEL06-SC,2021
"351497,0",2021-04-12,segunda-feira,19:50:00,SC,101,"127,7",ITAJAI,Demais falhas mecânicas ou elétricas,Colisão com objeto,Com Vítimas Feridas,Plena Noite,Decrescente,Céu Claro,Dupla,Reta,Não,2,0,1,0,0,1,1,2,-26.9639319,-48.68328024,SPRF-SC,DEL04-SC,UOP04-DEL04-SC,2021
"351498,0",2021-04-12,segunda-feira,21:00:00,SC,470,"118,6",IBIRAMA,Velocidade Incompatível,Tombamento,Com Vítimas Feridas,Plena Noite,Decrescente,Céu Claro,Simples,Curva;Retorno Regulamentado,Sim,2,0,0,1,0,1,1,2,-27.08205408,-49.5205307,SPRF-SC,DEL04-SC,UOP02-DEL04-SC,2021
"351504,0",2021-04-12,segunda-feira,22:45:00,SC,101,"376,0",ICARA,Reação tardia ou ineficiente do condutor,Colisão traseira,Com Vítimas Feridas,Plena Noite,Crescente,Garoa/Chuvisco,Dupla,Reta,Sim,4,0,3,0,1,0,3,2,-28.72736111,-49.24066084,SPRF-SC,DEL02-SC,UOP01-DEL02-SC,2021
"351556,0",2021-04-13,terça-feira,10:30:00,SC,470,"173,0",POUSO REDONDO,Reação tardia ou ineficiente do condutor,Colisão traseira,Com Vítimas Feridas,Pleno dia,Crescente,Céu Claro,Simples,Aclive,Não,5,0,3,0,1,1,3,4,-27.25984,-49.919285,SPRF-SC,DEL04-SC,UOP02-DEL04-SC,2021
"351576,0",2021-04-13,terça-feira,11:20:00,SC,101,"275,0",IMBITUBA,Reação tardia ou ineficiente do condutor,Colisão transversal,Com Vítimas Feridas,Pleno dia,Crescente,Céu Claro,Dupla,Reta,Sim,5,0,4,0,1,0,4,2,-28.138086,-48.69218292,SPRF-SC,DEL02-SC,UOP03-DEL02-SC,2021
"351690,0",2021-04-14,quarta-feira,01:30:00,SC,282,"46,0",AGUAS MORNAS,Velocidade Incompatível,Saída de leito carroçável,Com Vítimas Feridas,Plena Noite,Crescente,Céu Claro,Simples,Declive,Não,4,0,0,1,3,0,1,4,-27.721041,-48.925152,SPRF-SC,DEL01-SC,UOP03-DEL01-SC,2021
"351702,0",2021-04-14,quarta-feira,05:30:00,SC,101,"372,2",ICARA,Condutor Dormindo,Colisão traseira,Com Vítimas Feridas,Plena Noite,Crescente,Nublado,Dupla,Reta,Não,2,0,1,0,1,0,1,2,-28.71462389,-49.22435045,SPRF-SC,DEL02-SC,UOP01-DEL02-SC,2021
"351723,0",2021-04-14,quarta-feira,09:45:00,SC,280,"27,7",ARAQUARI,Ultrapassagem Indevida,Colisão lateral mesmo sentido,Com Vítimas Feridas,Pleno dia,Crescente,Nublado,Simples,Reta,Não,3,0,1,0,2,0,1,3,-26.39685622,-48.74021969,SPRF-SC,DEL03-SC,UOP03-DEL03-SC,2021
"351745,0",2021-04-14,quarta-feira,11:15:00,SC,282,"628,0",IRACEMINHA,Velocidade Incompatível,Colisão traseira,Sem Vítimas,Pleno dia,Decrescente,Nublado,Simples,Curva;Aclive;Em Obras,Não,5,0,0,0,4,1,0,3,-26.818754,-53.365486,SPRF-SC,DEL07-SC,UOP02-DEL07-SC,2021
"351774,0",2021-04-14,quarta-feira,15:20:00,SC,470,"86,0",RODEIO,Desrespeitar a preferência no cruzamento,Colisão transversal,Sem Vítimas,Pleno dia,Crescente,Sol,Simples,Interseção de Vias,Não,2,0,0,0,2,0,0,2,-26.949951,-49.357296,SPRF-SC,DEL04-SC,UOP01-DEL04-SC,2021
"351923,0",2021-04-15,quinta-feira,13:30:00,SC,282,"4,0",FLORIANOPOLIS,Estacionar ou parar em local proibido,Colisão traseira,Com Vítimas Feridas,Pleno dia,Crescente,Céu Claro,Simples,Reta,Sim,2,0,0,1,1,0,1,2,-27.59309176,-48.60263586,SPRF-SC,DEL01-SC,UOP01-DEL01-SC,2021
"352006,0",2021-04-15,quinta-feira,19:30:00,SC,282,"216,8",LAGES,Ingestão de álcool pelo condutor,Colisão lateral sentido oposto,Sem Vítimas,Plena Noite,Crescente,Céu Claro,Simples,Reta,Sim,2,0,0,0,2,0,0,2,-27.797529,-50.291862,SPRF-SC,DEL05-SC,UOP01-DEL05-SC,2021
"352038,0",2021-04-16,sexta-feira,00:30:00,SC,280,"31,0",ARAQUARI,Reação tardia ou ineficiente do condutor,Colisão lateral sentido oposto,Sem Vítimas,Plena Noite,Crescente,Nublado,Simples,Reta,Não,3,0,0,0,1,2,0,3,-26.41528838,-48.76670122,SPRF-SC,DEL03-SC,UOP03-DEL03-SC,2021
"352046,0",2021-04-16,sexta-feira,05:30:00,SC,101,"120,1",ITAJAI,Ingestão de álcool pelo condutor,Colisão traseira,Sem Vítimas,Amanhecer,Crescente,Garoa/Chuvisco,Dupla,Reta,Sim,2,0,0,0,2,0,0,2,-26.912758,-48.711998,SPRF-SC,DEL04-SC,UOP04-DEL04-SC,2021
"352050,0",2021-04-16,sexta-feira,05:45:00,SC,470,"111,5",IBIRAMA,Velocidade Incompatível,Tombamento,Com Vítimas Feridas,Amanhecer,Crescente,Céu Claro,Simples,Curva,Não,1,0,1,0,0,0,1,1,-27.086622,-49.458096,SPRF-SC,DEL04-SC,UOP02-DEL04-SC,2021
"352071,0",2021-04-16,sexta-feira,08:15:00,SC,101,"41,0",JOINVILLE,Condutor deixou de manter distância do veículo da frente,Colisão lateral mesmo sentido,Com Vítimas Feridas,Pleno dia,Decrescente,Céu Claro,Dupla,Curva,Sim,2,0,1,0,0,1,1,2,-26.28215489,-48.88973081,SPRF-SC,DEL03-SC,UOP01-DEL03-SC,2021
"352092,0",2021-04-12,segunda-feira,15:30:00,SC,280,"110,0",SAO BENTO DO SUL,Velocidade Incompatível,Tombamento,Sem Vítimas,Pleno dia,Crescente,Céu Claro,Simples,Curva,Não,1,0,0,0,1,0,0,1,-26.32140672,-49.38932175,SPRF-SC,DEL06-SC,UOP03-DEL06-SC,2021
"352093,0",2021-04-16,sexta-feira,07:20:00,SC,470,"172,0",POUSO REDONDO,Ausência de reação do condutor,Colisão traseira,Com Vítimas Feridas,Pleno dia,Decrescente,Nublado,Simples,Reta,Não,4,0,2,0,2,0,2,3,-27.257526,-49.909592,SPRF-SC,DEL04-SC,UOP02-DEL04-SC,2021
"352104,0",2021-04-16,sexta-feira,11:50:00,SC,470,"87,0",ASCURRA,Ausência de reação do condutor,Colisão frontal,Com Vítimas Feridas,Pleno dia,Crescente,Céu Claro,Simples,Reta,Não,2,0,1,0,1,0,1,2,-26.948483,-49.366833,SPRF-SC,DEL04-SC,UOP01-DEL04-SC,2021
"352145,0",2021-03-19,sexta-feira,18:55:00,SC,101,"219,4",PALHOCA,Reação tardia ou ineficiente do condutor,Colisão traseira,Com Vítimas Feridas,Plena Noite,Crescente,Nublado,Dupla,Reta,Sim,2,0,0,1,1,0,1,2,-27.68392194,-48.66710085,SPRF-SC,DEL01-SC,UOP02-DEL01-SC,2021
"352165,0",2021-04-16,sexta-feira,17:50:00,SC,470,"60,0",BLUMENAU,Acessar a via sem observar a presença dos outros veículos,Colisão lateral mesmo sentido,Com Vítimas Feridas,Plena Noite,Crescente,Céu Claro,Simples,Reta,Sim,2,0,1,0,1,0,1,2,-26.88138,-49.164543,SPRF-SC,DEL04-SC,UOP01-DEL04-SC,2021
"352219,0",2021-04-16,sexta-feira,21:50:00,SC,101,"37,7",JOINVILLE,Velocidade Incompatível,Eventos atípicos,Com Vítimas Feridas,Plena Noite,Decrescente,Céu Claro,Dupla,Reta,Não,4,0,1,0,3,0,1,3,-26.25050176,-48.90863867,SPRF-SC,DEL03-SC,UOP01-DEL03-SC,2021
"352235,0",2021-04-16,sexta-feira,20:10:00,SC,101,"302,0",LAGUNA,Iluminação deficiente,Colisão traseira,Com Vítimas Feridas,Plena Noite,Decrescente,Céu Claro,Dupla,Reta,Não,2,0,1,0,0,1,1,2,-28.35387609,-48.7426239,SPRF-SC,DEL02-SC,UOP03-DEL02-SC,2021
"352238,0",2021-04-16,sexta-feira,20:30:00,SC,470,"240,6",CURITIBANOS,Ausência de reação do condutor,Colisão frontal,Com Vítimas Feridas,Plena Noite,Decrescente,Céu Claro,Simples,Curva,Não,3,0,0,1,1,1,1,3,-27.306107,-50.481949,SPRF-SC,DEL05-SC,UOP03-DEL05-SC,2021
"352382,0",2021-04-17,sábado,10:00:00,SC,116,"107,0",SANTA CECILIA,Ultrapassagem Indevida,Colisão lateral mesmo sentido,Sem Vítimas,Pleno dia,Decrescente,Céu Claro,Simples,Declive;Curva,Não,2,0,0,0,2,0,0,2,-26.75568818,-50.32812388,SPRF-SC,DEL06-SC,UOP02-DEL06-SC,2021
"352401,0",2021-04-17,sábado,19:15:00,SC,470,"237,0",CURITIBANOS,Ingestão de álcool pelo condutor,Colisão frontal,Com Vítimas Feridas,Plena Noite,Crescente,Chuva,Simples,Curva,Sim,2,0,1,0,1,0,1,2,-27.304129,-50.456207,SPRF-SC,DEL05-SC,UOP03-DEL05-SC,2021
"352471,0",2021-04-17,sábado,17:20:00,SC,470,"111,0",APIUNA,Velocidade Incompatível,Colisão lateral sentido oposto,Com Vítimas Feridas,Anoitecer,Decrescente,Garoa/Chuvisco,Simples,Curva,Não,5,0,1,2,1,1,3,3,-27.09962926,-49.46122169,SPRF-SC,DEL04-SC,UOP02-DEL04-SC,2021
"352526,0",2021-04-18,domingo,08:40:00,SC,470,"190,0",POUSO REDONDO,Velocidade Incompatível,Tombamento,Com Vítimas Feridas,Pleno dia,Decrescente,Céu Claro,Simples,Curva;Declive,Não,3,0,0,1,1,1,1,2,-27.281504,-50.069775,SPRF-SC,DEL04-SC,UOP02-DEL04-SC,2021
"352527,0",2021-04-18,domingo,11:25:00,SC,116,"34,1",ITAIOPOLIS,Conversão proibida,Colisão transversal,Com Vítimas Feridas,Pleno dia,Crescente,Céu Claro,Simples,Interseção de Vias,Sim,5,0,3,0,1,1,3,4,-26.33118709,-49.99664695,SPRF-SC,DEL06-SC,UOP01-DEL06-SC,2021
"352532,0",2021-04-18,domingo,11:15:00,SC,116,"184,8",SAO CRISTOVAO DO SUL,Carga excessiva e/ou mal acondicionada,Tombamento,Sem Vítimas,Pleno dia,Decrescente,Nublado,Simples,Rotatória,Não,2,0,0,0,1,1,0,2,-27.301469,-50.42570114,SPRF-SC,DEL05-SC,UOP03-DEL05-SC,2021
"352672,0",2021-04-19,segunda-feira,05:30:00,SC,101,"104,6",PENHA,Reação tardia ou ineficiente do condutor,Colisão traseira,Com Vítimas Feridas,Amanhecer,Crescente,Céu Claro,Dupla,Reta,Não,4,0,0,1,2,3,1,5,-26.79281742,-48.68080819,SPRF-SC,DEL03-SC,UOP02-DEL03-SC,2021
"352676,0",2021-04-18,domingo,22:10:00,SC,280,"189,0",MAFRA,Demais falhas mecânicas ou elétricas,Tombamento,Com Vítimas Feridas,Plena Noite,Decrescente,Nublado,Simples,Curva,Não,2,0,1,0,0,1,1,2,-26.17527846,-49.97184598,SPRF-SC,DEL06-SC,UOP01-DEL06-SC,2021
"352726,0",2021-03-31,quarta-feira,13:30:00,SC,470,"110,8",APIUNA,Mal súbito do condutor,Colisão lateral sentido oposto,Com Vítimas Feridas,Pleno dia,Crescente,Céu Claro,Simples,Curva,Não,4,0,1,0,2,1,1,3,-27.086622,-49.458096,SPRF-SC,DEL04-SC,UOP02-DEL04-SC,2021
"352727,0",2021-04-19,segunda-feira,05:05:00,SC,470,"265,5",CURITIBANOS,Transitar na contramão,Colisão frontal,Com Vítimas Feridas,Plena Noite,Decrescente,Nevoeiro/Neblina,Simples,Curva,Não,3,0,1,0,1,2,1,4,-27.305662,-50.721737,SPRF-SC,DEL05-SC,UOP03-DEL05-SC,2021
"352731,0",2021-04-19,segunda-feira,09:35:00,SC,282,"437,0",IRANI,Desrespeitar a preferência no cruzamento,Colisão transversal,Com Vítimas Feridas,Pleno dia,Decrescente,Céu Claro,Simples,Rotatória,Não,4,0,2,0,2,0,2,2,-26.963764,-51.854839,SPRF-SC,DEL07-SC,UOP04-DEL07-SC,2021
"352784,0",2021-04-19,segunda-feira,09:48:00,SC,282,"528,2",CORDILHEIRA ALTA,Condutor deixou de manter distância do veículo da frente,Engavetamento,Com Vítimas Feridas,Pleno dia,Crescente,Céu Claro,Simples,Reta;Em Obras,Não,6,0,0,1,5,0,1,6,-26.978798,-52.588566,SPRF-SC,DEL07-SC,UOP01-DEL07-SC,2021
"352799,0",2021-04-19,segunda-feira,14:00:00,SC,480,"126,2",CHAPECO,Desrespeitar a preferência no cruzamento,Colisão frontal,Com Vítimas Feridas,Pleno dia,Crescente,Céu Claro,Simples,Reta,Não,4,0,3,0,1,0,3,2,-27.02344387,-52.63509035,SPRF-SC,DEL07-SC,UOP01-DEL07-SC,2021
"352804,0",2021-04-19,segunda-feira,15:25:00,SC,116,"1,1",MAFRA,Desrespeitar a preferência no cruzamento,Colisão transversal,Com Vítimas Feridas,Pleno dia,Crescente,Céu Claro,Simples,Declive;Rotatória,Sim,3,0,1,0,1,1,1,3,-26.14094396,-49.81508303,SPRF-SC,DEL06-SC,UOP01-DEL06-SC,2021
"352813,0",2021-04-19,segunda-feira,19:15:00,SC,470,"57,3",BLUMENAU,Conversão proibida,Colisão transversal,Com Vítimas Feridas,Plena Noite,Crescente,Nublado,Simples,Reta,Sim,2,0,0,1,1,0,1,2,-26.880428,-49.136532,SPRF-SC,DEL04-SC,UOP01-DEL04-SC,2021
"352829,0",2021-04-19,segunda-feira,19:30:00,SC,470,"66,5",INDAIAL,Velocidade Incompatível,Colisão transversal,Com Vítimas Feridas,Plena Noite,Crescente,Nublado,Simples,Rotatória,Sim,2,0,0,1,1,0,1,2,-26.870407,-49.221844,SPRF-SC,DEL04-SC,UOP01-DEL04-SC,2021
"352912,0",2021-04-20,terça-feira,08:00:00,SC,101,"38,0",JOINVILLE,Manobra de mudança de faixa,Colisão transversal,Com Vítimas Feridas,Pleno dia,Crescente,Nublado,Simples,Reta,Sim,2,0,1,0,1,0,1,2,-26.25472505,-48.90561309,SPRF-SC,DEL03-SC,UOP01-DEL03-SC,2021
"352943,0",2021-04-20,terça-feira,14:00:00,SC,470,"148,0",AGRONOMICA,Reação tardia ou ineficiente do condutor,Colisão traseira,Com Vítimas Feridas,Pleno dia,Decrescente,Céu Claro,Simples,Reta,Não,4,0,2,0,2,0,2,3,-27.246288,-49.694355,SPRF-SC,DEL04-SC,UOP02-DEL04-SC,2021
"352989,0",2021-04-20,terça-feira,18:27:00,SC,101,"210,0",SAO JOSE,Trafegar com motocicleta (ou similar) entre as faixas,Colisão lateral mesmo sentido,Com Vítimas Feridas,Pleno dia,Decrescente,Sol,Múltipla,Reta,Sim,3,0,1,0,1,1,1,3,-27.61762192,-48.64618421,SPRF-SC,DEL01-SC,UOP01-DEL01-SC,2021
"353026,0",2021-04-20,terça-feira,14:18:00,SC,282,"509,0",XANXERE,Reação tardia ou ineficiente do condutor,Colisão com objeto,Sem Vítimas,Pleno dia,Crescente,Sol,Simples,Curva,Não,1,0,0,0,1,0,0,1,-26.890533,-52.457096,SPRF-SC,DEL07-SC,UOP01-DEL07-SC,2021
"353072,0",2021-04-21,quarta-feira,00:20:00,SC,101,"112,1",ITAJAI,Ausência de reação do condutor,Colisão traseira,Com Vítimas Feridas,Plena Noite,Decrescente,Céu Claro,Múltipla,Reta;Desvio Temporário;Em Obras,Sim,3,0,1,0,1,1,1,3,-26.84589005,-48.72131295,SPRF-SC,DEL04-SC,UOP04-DEL04-SC,2021
"353093,0",2021-04-21,quarta-feira,08:59:00,SC,101,"297,8",LAGUNA,Manobra de mudança de faixa,Colisão lateral mesmo sentido,Com Vítimas Feridas,Pleno dia,Crescente,Chuva,Dupla,Curva,Não,2,0,1,0,1,0,1,2,-28.3430649,-48.73432159,SPRF-SC,DEL02-SC,UOP03-DEL02-SC,2021
"353100,0",2021-04-21,quarta-feira,09:19:00,SC,101,"235,6",PALHOCA,Reação tardia ou ineficiente do condutor,Saída de leito carroçável,Com Vítimas Feridas,Pleno dia,Decrescente,Chuva,Dupla,Reta,Não,2,0,0,1,0,1,1,2,-27.8177775,-48.6315025,SPRF-SC,DEL01-SC,UOP02-DEL01-SC,2021
"353149,0",2021-04-21,quarta-feira,15:00:00,SC,280,"122,7",RIO NEGRINHO,Velocidade Incompatível,Colisão transversal,Com Vítimas Feridas,Pleno dia,Crescente,Sol,Simples,Reta,Não,3,0,1,0,1,1,1,3,-26.24855895,-49.45712883,SPRF-SC,DEL06-SC,UOP03-DEL06-SC,2021
"353178,0",2021-04-21,quarta-feira,16:50:00,SC,163,"84,0",GUARACIABA,Ultrapassagem Indevida,Colisão lateral mesmo sentido,Com Vítimas Feridas,Pleno dia,Crescente,Sol,Simples,Curva,Não,4,0,1,0,2,2,1,4,-26.61510958,-53.51938248,SPRF-SC,DEL07-SC,UOP03-DEL07-SC,2021
"353183,0",2021-04-21,quarta-feira,17:30:00,SC,101,"390,0",CRICIUMA,Desrespeitar a preferência no cruzamento,Colisão transversal,Com Vítimas Feridas,Pleno dia,Decrescente,Chuva,Simples,Declive;Rotatória,Não,3,0,1,1,0,1,2,3,-28.80733925,-49.37470436,SPRF-SC,DEL02-SC,UOP02-DEL02-SC,2021
"353274,0",2021-04-16,sexta-feira,18:55:00,SC,470,"150,0",RIO DO SUL,Reação tardia ou ineficiente do condutor,Colisão lateral mesmo sentido,Sem Vítimas,Plena Noite,Decrescente,Céu Claro,Simples,Reta,Não,3,0,0,0,2,1,0,3,-27.256508,-49.710876,SPRF-SC,DEL04-SC,UOP02-DEL04-SC,2021
"353294,0",2021-04-22,quinta-feira,11:25:00,SC,101,"150,2",ITAPEMA,Acessar a via sem observar a presença dos outros veículos,Colisão lateral mesmo sentido,Com Vítimas Feridas,Pleno dia,Crescente,Céu Claro,Simples,Interseção de Vias;Reta,Sim,3,0,1,0,2,0,1,2,-27.11744799,-48.60940987,SPRF-SC,DEL04-SC,UOP03-DEL04-SC,2021