id,data_inversa,dia_semana,horario,uf,br,km,municipio,causa_acidente,tipo_acidente,classificacao_acidente,fase_dia,sentido_via,condicao_metereologica,tipo_pista,tracado_via,uso_solo,pessoas,mortos,feridos_leves,feridos_graves,ilesos,ignorados,feridos,veiculos,latitude,longitude,regional,delegacia,uop,ano_arquivo
"353422,0",2021-04-23,sexta-feira,05:45:00,SC,280,"57,8",GUARAMIRIM,Carga excessiva e/ou mal acondicionada,Tombamento,Sem Vítimas,Amanhecer,Crescente,Nublado,Dupla,Rotatória,Sim,2,0,0,0,1,1,0,2,-26.47410726,-49.02082443,SPRF-SC,DEL03-SC,UOP03-DEL03-SC,2021
"353525,0",2021-04-23,sexta-feira,17:50:00,SC,470,"112,8",IBIRAMA,Ultrapassagem Indevida,Colisão lateral sentido oposto,Com Vítimas Feridas,Anoitecer,Crescente,Nublado,Simples,Reta,Não,5,0,0,2,2,3,2,6,-27.09701,-49.462887,SPRF-SC,DEL04-SC,UOP02-DEL04-SC,2021
"353568,0",2021-04-23,sexta-feira,22:00:00,SC,282,"386,0",JOACABA,Velocidade Incompatível,Colisão lateral sentido oposto,Com Vítimas Feridas,Plena Noite,Decrescente,Céu Claro,Simples,Reta,Não,3,0,1,0,1,1,1,3,-27.185896,-51.518845,SPRF-SC,DEL07-SC,UOP05-DEL07-SC,2021
"353574,0",2021-04-23,sexta-feira,23:45:00,SC,101,"314,1",LAGUNA,Condutor deixou de manter distância do veículo da frente,Colisão traseira,Com Vítimas Feridas,Plena Noite,Crescente,Céu Claro,Dupla,Curva;Ponte,Não,2,0,1,0,1,0,1,2,-28.44043981,-48.82497095,SPRF-SC,DEL02-SC,UOP01-DEL02-SC,2021
"353699,0",2021-04-24,sábado,20:10:00,SC,101,"68,7",ARAQUARI,Reação tardia ou ineficiente do condutor,Colisão traseira,Sem Vítimas,Plena Noite,Decrescente,Céu Claro,Dupla,Reta,Não,5,0,0,0,5,0,0,3,-26.49513001,-48.73280803,SPRF-SC,DEL03-SC,UOP02-DEL03-SC,2021
"353729,0",2021-04-24,sábado,23:40:00,SC,101,"207,0",SAO JOSE,Ultrapassagem Indevida,Colisão traseira,Com Vítimas Feridas,Plena Noite,Decrescente,Céu Claro,Dupla,Reta,Sim,2,0,1,0,1,0,1,2,-27.60001226,-48.6226467,SPRF-SC,DEL01-SC,UOP01-DEL01-SC,2021
"353734,0",2021-04-24,sábado,22:00:00,SC,282,"422,0",VARGEM BONITA,Ingestão de álcool pelo condutor,Colisão lateral sentido oposto,Sem Vítimas,Plena Noite,Decrescente,Céu Claro,Simples,Curva,Não,2,0,0,0,2,0,0,2,-26.999937,-51.744019,SPRF-SC,DEL07-SC,UOP05-DEL07-SC,2021
"353776,0",2021-04-24,sábado,14:14:00,SC,470,"111,4",APIUNA,Velocidade Incompatível,Tombamento,Com Vítimas Feridas,Pleno dia,Decrescente,Céu Claro,Simples,Curva,Não,3,0,2,0,0,1,2,2,-27.095388,-49.457878,SPRF-SC,DEL04-SC,UOP02-DEL04-SC,2021
"353788,0",2021-04-25,domingo,07:30:00,SC,282,"531,6",CORDILHEIRA ALTA,Condutor Dormindo,Colisão frontal,Com Vítimas Feridas,Pleno dia,Crescente,Nublado,Simples,Curva,Sim,3,0,0,1,2,0,1,3,-26.990747,-52.609776,SPRF-SC,DEL07-SC,UOP01-DEL07-SC,2021
"353830,0",2021-04-25,domingo,14:10:00,SC,153,"58,8",IRANI,Desrespeitar a preferência no cruzamento,Colisão transversal,Com Vítimas Feridas,Pleno dia,Crescente,Nublado,Simples,Interseção de Vias,Não,4,0,2,0,1,1,2,3,-26.96962243,-51.85465336,SPRF-SC,DEL07-SC,UOP04-DEL07-SC,2021
"353842,0",2021-04-25,domingo,15:45:00,SC,101,"214,8",PALHOCA,Manobra de mudança de faixa,Colisão lateral mesmo sentido,Com Vítimas Feridas,Pleno dia,Crescente,Nublado,Múltipla,Reta,Sim,7,0,5,0,1,1,5,3,-27.65013761,-48.6749053,SPRF-SC,DEL01-SC,UOP02-DEL01-SC,2021
"353976,0",2021-04-26,segunda-feira,08:10:00,SC,101,"201,6",SAO JOSE,Condutor deixou de manter distância do veículo da frente,Colisão traseira,Com Vítimas Feridas,Pleno dia,Crescente,Céu Claro,Dupla,Reta,Não,4,0,1,0,2,2,1,5,-27.54836599,-48.61977975,SPRF-SC,DEL01-SC,UOP01-DEL01-SC,2021
"353991,0",2021-03-09,terça-feira,16:39:00,SC,282,"420,0",VARGEM BONITA,Velocidade Incompatível,Tombamento,Com Vítimas Feridas,Pleno dia,Decrescente,Céu Claro,Simples,Aclive;Curva,Não,2,0,1,0,0,1,1,2,-27.014505,-51.736427,SPRF-SC,DEL07-SC,UOP05-DEL07-SC,2021
"354016,0",2021-04-26,segunda-feira,11:45:00,SC,116,"113,0",SANTA CECILIA,Demais falhas mecânicas ou elétricas,Incêndio,Sem Vítimas,Pleno dia,Crescente,Céu Claro,Simples,Reta,Não,1,0,0,0,1,0,0,1,-26.78591907,-50.34487121,SPRF-SC,DEL06-SC,UOP02-DEL06-SC,2021
"354086,0",2021-04-26,segunda-feira,19:50:00,SC,101,"115,5",ITAJAI,Acessar a via sem observar a presença dos outros veículos,Colisão transversal,Com Vítimas Feridas,Plena Noite,Crescente,Nublado,Múltipla,Reta;Interseção de Vias,Sim,2,0,1,0,1,0,1,2,-26.87064015,-48.72954134,SPRF-SC,DEL04-SC,UOP04-DEL04-SC,2021
"354094,0",2021-04-26,segunda-feira,17:30:00,SC,116,"50,0",PAPANDUVA,Manobra de mudança de faixa,Colisão traseira,Com Vítimas Feridas,Anoitecer,Crescente,Céu Claro,Simples,Reta,Não,2,0,1,0,1,0,1,2,-26.38145129,-50.13486385,SPRF-SC,DEL06-SC,UOP01-DEL06-SC,2021
"354125,0",2021-04-27,terça-feira,04:00:00,SC,101,"248,0",PAULO LOPES,Condutor Dormindo,Saída de leito carroçável,Com Vítimas Feridas,Plena Noite,Decrescente,Céu Claro,Dupla,Reta,Não,2,0,1,1,0,0,2,1,-27.927505,-48.65866,SPRF-SC,DEL02-SC,UOP03-DEL02-SC,2021
"354147,0",2021-04-27,terça-feira,05:20:00,SC,470,"184,1",POUSO REDONDO,Velocidade Incompatível,Tombamento,Com Vítimas Feridas,Amanhecer,Decrescente,Céu Claro,Simples,Reta;Declive,Não,2,0,1,0,0,2,1,3,-27.253036,-50.026642,SPRF-SC,DEL04-SC,UOP02-DEL04-SC,2021
"354154,0",2021-04-22,quinta-feira,13:12:00,SC,101,"8,5",GARUVA,Condutor Dormindo,Colisão com objeto,Com Vítimas Fatais,Pleno dia,Decrescente,Céu Claro,Dupla,Reta,Não,3,1,0,0,1,1,0,3,-26.044942,-48.859703,SPRF-SC,DEL03-SC,UOP01-DEL03-SC,2021
"354164,0",2021-04-27,terça-feira,07:00:00,SC,101,"261,5",PAULO LOPES,Condutor Dormindo,Tombamento,Com Vítimas Feridas,Pleno dia,Decrescente,Céu Claro,Dupla,Reta,Não,2,0,1,0,0,1,1,2,-28.02774,-48.704035,SPRF-SC,DEL02-SC,UOP03-DEL02-SC,2021
"354190,0",2021-04-27,terça-feira,12:00:00,SC,101,"291,0",IMBITUBA,Reação tardia ou ineficiente do condutor,Colisão traseira,Com Vítimas Feridas,Pleno dia,Crescente,Céu Claro,Dupla,Reta,Sim,2,0,0,1,1,0,1,2,-28.289745,-48.708095,SPRF-SC,DEL02-SC,UOP03-DEL02-SC,2021
"354199,0",2021-04-27,terça-feira,12:10:00,SC,280,"109,8",SAO BENTO DO SUL,Acessar a via sem observar a presença dos outros veículos,Colisão transversal,Com Vítimas Feridas,Pleno dia,Crescente,Céu Claro,Simples,Interseção de Vias,Não,3,0,1,0,1,2,1,4,-26.327628,-49.382239,SPRF-SC,DEL06-SC,UOP03-DEL06-SC,2021
"354236,0",2021-04-27,terça-feira,18:20:00,SC,282,"17,9",PALHOCA,Condutor deixou de manter distância do veículo da frente,Colisão traseira,Com Vítimas Feridas,Plena Noite,Decrescente,Céu Claro,Simples,Reta,Não,4,0,1,0,2,1,1,3,-27.665707,-48.688065,SPRF-SC,DEL01-SC,UOP02-DEL01-SC,2021
"354251,0",2021-04-27,terça-feira,17:45:00,SC,101,"337,0",TUBARAO,Desrespeitar a preferência no cruzamento,Colisão transversal,Com Vítimas Feridas,Pleno dia,Decrescente,Céu Claro,Múltipla,Viaduto,Não,2,0,1,0,1,0,1,2,-28.47801624,-49.03246283,SPRF-SC,DEL02-SC,UOP01-DEL02-SC,2021
"354264,0",2021-04-27,terça-feira,21:20:00,SC,280,"2,0",SAO FRANCISCO DO SUL,Desrespeitar a preferência no cruzamento,Colisão transversal,Com Vítimas Feridas,Plena Noite,Decrescente,Nublado,Simples,Reta,Sim,2,0,2,0,0,0,2,2,-26.23700996,-48.61979093,SPRF-SC,DEL03-SC,UOP03-DEL03-SC,2021
"354290,0",2021-04-28,quarta-feira,06:30:00,SC,101,"209,0",SAO JOSE,Condutor deixou de manter distância do veículo da frente,Colisão traseira,Com Vítimas Feridas,Amanhecer,Decrescente,Céu Claro,Dupla,Reta,Não,2,0,1,0,1,0,1,2,-27.61000542,-48.63895057,SPRF-SC,DEL01-SC,UOP01-DEL01-SC,2021
"354293,0",2021-04-27,terça-feira,22:00:00,SC,470,"136,8",RIO DO SUL,Ingestão de álcool pelo condutor,Colisão lateral sentido oposto,Sem Vítimas,Plena Noite,Decrescente,Céu Claro,Simples,Reta,Sim,2,0,0,0,2,0,0,2,-27.194323,-49.624554,SPRF-SC,DEL04-SC,UOP02-DEL04-SC,2021
"354302,0",2021-04-28,quarta-feira,07:10:00,SC,282,"230,0",LAGES,Condutor deixou de manter distância do veículo da frente,Colisão traseira,Com Vítimas Feridas,Pleno dia,Crescente,Sol,Simples,Curva,Não,2,0,1,0,1,0,1,2,-27.78353473,-50.47233939,SPRF-SC,DEL05-SC,UOP02-DEL05-SC,2021
"354322,0",2021-04-28,quarta-feira,07:59:00,SC,101,"135,0",BALNEARIO CAMBORIU,Condutor deixou de manter distância do veículo da frente,Colisão traseira,Com Vítimas Feridas,Pleno dia,Decrescente,Céu Claro,Dupla,Reta,Sim,3,0,1,0,1,1,1,3,-27.0050108,-48.62677494,SPRF-SC,DEL04-SC,UOP03-DEL04-SC,2021
"354391,0",2021-04-28,quarta-feira,13:40:00,SC,282,"442,4",PONTE SERRADA,Condutor Dormindo,Colisão lateral sentido oposto,Com Vítimas Feridas,Pleno dia,Crescente,Sol,Simples,Reta,Não,3,0,2,0,0,2,2,4,-26.92168,-51.880993,SPRF-SC,DEL07-SC,UOP04-DEL07-SC,2021
"354421,0",2021-04-28,quarta-feira,18:42:00,SC,116,"13,9",MAFRA,Velocidade Incompatível,Colisão traseira,Com Vítimas Feridas,Plena Noite,Crescente,Céu Claro,Simples,Reta;Aclive,Não,5,0,2,2,0,1,4,2,-26.18419881,-49.87404087,SPRF-SC,DEL06-SC,UOP01-DEL06-SC,2021
"354428,0",2021-04-28,quarta-feira,15:05:00,SC,280,"157,0",MAFRA,Velocidade Incompatível,Tombamento,Com Vítimas Feridas,Pleno dia,Decrescente,Céu Claro,Simples,Aclive;Curva,Não,3,0,1,0,0,2,1,3,-26.20029393,-49.74239892,SPRF-SC,DEL06-SC,UOP03-DEL06-SC,2021
"354538,0",2021-04-29,quinta-feira,06:55:00,SC,282,"118,2",BOM RETIRO,Velocidade Incompatível,Tombamento,Com Vítimas Feridas,Amanhecer,Crescente,Céu Claro,Simples,Curva,Não,1,0,1,0,0,0,1,1,-27.776798,-49.411194,SPRF-SC,DEL05-SC,UOP01-DEL05-SC,2021
"354570,0",2021-04-29,quinta-feira,17:50:00,SC,280,"34,0",ARAQUARI,Frear bruscamente,Colisão traseira,Com Vítimas Feridas,Anoitecer,Decrescente,Céu Claro,Simples,Reta,Não,4,0,2,1,1,0,3,2,-26.42993971,-48.79615614,SPRF-SC,DEL03-SC,UOP03-DEL03-SC,2021
"354572,0",2021-04-29,quinta-feira,17:30:00,SC,282,"408,9",CATANDUVAS,Ausência de reação do condutor,Colisão lateral mesmo sentido,Com Vítimas Feridas,Pleno dia,Crescente,Céu Claro,Simples,Reta,Sim,2,0,1,0,1,0,1,2,-27.083517,-51.662014,SPRF-SC,DEL07-SC,UOP05-DEL07-SC,2021
"354579,0",2021-04-29,quinta-feira,18:30:00,SC,101,"43,0",JOINVILLE,Desrespeitar a preferência no cruzamento,Colisão frontal,Com Vítimas Feridas,Plena Noite,Crescente,Céu Claro,Simples,Reta,Sim,2,0,0,1,1,0,1,2,-26.30357106,-48.88225609,SPRF-SC,DEL03-SC,UOP01-DEL03-SC,2021
"354638,0",2021-04-30,sexta-feira,07:20:00,SC,101,"206,0",SAO JOSE,Manobra de mudança de faixa,Colisão lateral mesmo sentido,Com Vítimas Feridas,Pleno dia,Decrescente,Céu Claro,Dupla,Reta,Não,2,0,1,0,1,0,1,2,-27.59193546,-48.61824557,SPRF-SC,DEL01-SC,UOP01-DEL01-SC,2021
"354657,0",2021-04-30,sexta-feira,08:40:00,SC,282,"83,0",ALFREDO WAGNER,Ultrapassagem Indevida,Colisão lateral mesmo sentido,Sem Vítimas,Pleno dia,Decrescente,Sol,Simples,Reta,Não,1,0,0,0,1,0,0,1,-27.666153,-49.175022,SPRF-SC,DEL01-SC,UOP03-DEL01-SC,2021
"354705,0",2021-04-30,sexta-feira,13:00:00,SC,470,"185,0",POUSO REDONDO,Velocidade Incompatível,Tombamento,Com Vítimas Feridas,Pleno dia,Decrescente,Céu Claro,Simples,Curva,Não,2,0,0,1,0,1,1,2,-27.254034,-50.036575,SPRF-SC,DEL04-SC,UOP02-DEL04-SC,2021
"354726,0",2021-04-30,sexta-feira,10:50:00,SC,101,"68,1",ARAQUARI,Velocidade Incompatível,Colisão traseira,Com Vítimas Feridas,Pleno dia,Crescente,Céu Claro,Dupla,Reta,Não,4,0,1,0,2,1,1,3,-26.49513001,-48.73280803,SPRF-SC,DEL03-SC,UOP02-DEL03-SC,2021
"354752,0",2021-04-30,sexta-feira,16:30:00,SC,470,"9,9",NAVEGANTES,Ultrapassagem Indevida,Colisão frontal,Com Vítimas Feridas,Pleno dia,Decrescente,Céu Claro,Simples,Reta,Não,2,0,0,1,1,0,1,2,-26.833143,-48.727432,SPRF-SC,DEL04-SC,UOP04-DEL04-SC,2021
"354833,0",2021-04-30,sexta-feira,21:20:00,SC,470,"111,0",APIUNA,Condutor deixou de manter distância do veículo da frente,Colisão traseira,Com Vítimas Feridas,Plena Noite,Crescente,Céu Claro,Simples,Reta,Não,3,0,1,0,1,1,1,3,-27.095388,-49.457878,SPRF-SC,DEL04-SC,UOP02-DEL04-SC,2021
"354844,0",2021-04-30,sexta-feira,17:30:00,SC,282,"502,6",XANXERE,Desrespeitar a preferência no cruzamento,Colisão transversal,Com Vítimas Feridas,Pleno dia,Decrescente,Sol,Simples,Retorno Regulamentado,Sim,3,0,0,1,2,0,1,2,-26.884584,-52.390911,SPRF-SC,DEL07-SC,UOP01-DEL07-SC,2021
"354888,0",2021-05-01,sábado,05:22:00,SC,101,"350,8",JAGUARUNA,Condutor Dormindo,Saída de leito carroçável,Com Vítimas Feridas,Amanhecer,Decrescente,Céu Claro,Múltipla,Declive;Reta,Sim,2,0,1,0,0,1,1,2,-28.58988203,-49.04517307,SPRF-SC,DEL02-SC,UOP01-DEL02-SC,2021
"354906,0",2021-05-01,sábado,08:45:00,SC,101,"126,0",BALNEARIO CAMBORIU,Reação tardia ou ineficiente do condutor,Colisão lateral mesmo sentido,Sem Vítimas,Pleno dia,Crescente,Nublado,Dupla,Reta,Não,3,0,0,0,2,1,0,3,-26.95564404,-48.67978366,SPRF-SC,DEL04-SC,UOP04-DEL04-SC,2021
"354976,0",2021-05-01,sábado,14:20:00,SC,280,"131,0",RIO NEGRINHO,Curva acentuada,Colisão com objeto,Sem Vítimas,Pleno dia,Crescente,Céu Claro,Simples,Rotatória,Sim,2,0,0,0,1,2,0,3,-26.26808433,-49.55406368,SPRF-SC,DEL06-SC,UOP03-DEL06-SC,2021
"354977,0",2021-05-01,sábado,16:40:00,SC,282,"136,4",BOM RETIRO,Reação tardia ou ineficiente do condutor,Colisão traseira,Com Vítimas Feridas,Pleno dia,Decrescente,Céu Claro,Simples,Reta,Não,4,0,2,0,2,0,2,2,-27.817894,-49.558086,SPRF-SC,DEL05-SC,UOP01-DEL05-SC,2021
"355009,0",2021-05-01,sábado,18:25:00,SC,101,"99,8",BALNEARIO PICARRAS,Pedestre andava na pista,Atropelamento de Pedestre,Com Vítimas Fatais,Plena Noite,Decrescente,Nublado,Dupla,Reta,Não,4,1,0,0,2,1,0,4,-26.752696,-48.69108,SPRF-SC,DEL03-SC,UOP02-DEL03-SC,2021
"355163,0",2021-05-02,domingo,11:45:00,SC,470,"341,3",CAMPOS NOVOS,Carga excessiva e/ou mal acondicionada,Derramamento de carga,Sem Vítimas,Pleno dia,Crescente,Sol,Simples,Reta,Não,2,0,0,0,1,1,0,2,-27.527861,-51.380497,SPRF-SC,DEL07-SC,UOP06-DEL07-SC,2021
"355181,0",2021-05-02,domingo,11:00:00,SC,101,"264,0",GAROPABA,Acessar a via sem observar a presença dos outros veículos,Colisão lateral mesmo sentido,Com Vítimas Feridas,Pleno dia,Crescente,Céu Claro,Dupla,Viaduto,Não,5,0,1,1,2,2,2,4,-28.05149404,-48.71632789,SPRF-SC,DEL02-SC,UOP03-DEL02-SC,2021
"355296,0",2021-05-02,domingo,23:00:00,SC,101,"337,6",TUBARAO,Reação tardia ou ineficiente do condutor,Colisão traseira,Com Vítimas Feridas,Plena Noite,Decrescente,Céu Claro,Múltipla,Curva;Viaduto;Aclive,Sim,4,0,3,0,1,0,3,2,-28.47801624,-49.03246283,SPRF-SC,DEL02-SC,UOP01-DEL02-SC,2021
"355299,0",2021-05-03,segunda-feira,00:39:00,SC,470,"59,0",BLUMENAU,Condutor Dormindo,Colisão frontal,Com Vítimas Feridas,Plena Noite,Crescente,Céu Claro,Simples,Reta,Não,2,0,1,0,1,0,1,2,-26.882812,-49.1548,SPRF-SC,DEL04-SC,UOP01-DEL04-SC,2021
"355306,0",2021-05-02,domingo,18:30:00,SC,158,"135,0",PALMITOS,Velocidade Incompatível,Colisão lateral sentido oposto,Sem Vítimas,Anoitecer,Decrescente,Céu Claro,Simples,Aclive;Curva,Não,3,0,0,0,1,2,0,3,-27.15890603,-53.21953297,SPRF-SC,DEL07-SC,UOP02-DEL07-SC,2021
"355341,0",2021-05-03,segunda-feira,09:00:00,SC,101,"205,9",SAO JOSE,Manobra de mudança de faixa,Colisão traseira,Com Vítimas Feridas,Pleno dia,Decrescente,Céu Claro,Múltipla,Reta,Sim,3,0,1,1,0,1,2,2,-27.58313237,-48.61532885,SPRF-SC,DEL01-SC,UOP01-DEL01-SC,2021
"355364,0",2021-05-03,segunda-feira,12:20:00,SC,101,"208,0",SAO JOSE,Falta de acostamento,Colisão traseira,Com Vítimas Feridas,Pleno dia,Decrescente,Sol,Múltipla,Reta,Não,2,0,1,0,1,0,1,2,-27.60327979,-48.63201818,SPRF-SC,DEL01-SC,UOP01-DEL01-SC,2021
"355380,0",2021-05-03,segunda-feira,08:30:00,SC,282,"53,0",AGUAS MORNAS,Ausência de reação do condutor,Colisão traseira,Com Vítimas Feridas,Pleno dia,Decrescente,Céu Claro,Simples,Reta,Não,3,0,1,0,2,0,1,2,-27.691511,-48.970215,SPRF-SC,DEL01-SC,UOP03-DEL01-SC,2021
"355421,0",2021-05-03,segunda-feira,18:00:00,SC,101,"202,8",SAO JOSE,Reação tardia ou ineficiente do condutor,Engavetamento,Com Vítimas Fatais,Plena Noite,Decrescente,Céu Claro,Múltipla,Reta,Sim,6,1,0,0,4,2,0,7,-27.5627686,-48.6157218,SPRF-SC,DEL01-SC,UOP01-DEL01-SC,2021
"355470,0",2021-05-03,segunda-feira,22:28:00,SC,101,"212,8",PALHOCA,Manobra de mudança de faixa,Colisão lateral mesmo sentido,Com Vítimas Feridas,Plena Noite,Decrescente,Céu Claro,Múltipla,Reta,Sim,5,0,4,0,1,0,4,3,-27.62996929,-48.65903871,SPRF-SC,DEL01-SC,UOP02-DEL01-SC,2021
"355512,0",2021-05-03,segunda-feira,23:50:00,SC,153,"40,0",VARGEM BONITA,Ingestão de álcool pelo condutor,Tombamento,Com Vítimas Feridas,Plena Noite,Decrescente,Céu Claro,Múltipla,Reta,Não,2,0,1,0,0,2,1,3,-26.843437,-51.747768,SPRF-SC,DEL07-SC,UOP05-DEL07-SC,2021
"355557,0",2021-05-04,terça-feira,10:50:00,SC,101,"25,9",JOINVILLE,Velocidade Incompatível,Colisão traseira,Com Vítimas Feridas,Pleno dia,Crescente,Céu Claro,Dupla,Reta,Sim,6,0,1,0,4,1,1,5,-26.1834739,-48.9105912,SPRF-SC,DEL03-SC,UOP01-DEL03-SC,2021
"355641,0",2021-05-04,terça-feira,18:30:00,SC,282,"562,2",NOVA ERECHIM,Condutor Dormindo,Colisão frontal,Sem Vítimas,Plena Noite,Decrescente,Céu Claro,Simples,Reta;Declive,Não,3,0,0,0,2,1,0,3,-26.911108,-52.865475,SPRF-SC,DEL07-SC,UOP02-DEL07-SC,2021
"355646,0",2021-05-04,terça-feira,13:30:00,SC,280,"90,8",CORUPA,Problema com o freio,Saída de leito carroçável,Com Vítimas Feridas,Pleno dia,Decrescente,Sol,Simples,Curva,Não,2,0,1,1,0,0,2,1,-26.407423,-49.283504,SPRF-SC,DEL06-SC,UOP03-DEL06-SC,2021
"355682,0",2021-05-05,quarta-feira,06:15:00,SC,101,"275,1",IMBITUBA,Acessar a via sem observar a presença dos outros veículos,Colisão lateral mesmo sentido,Com Vítimas Fatais,Amanhecer,Decrescente,Garoa/Chuvisco,Dupla,Reta,Sim,2,1,0,0,0,1,0,2,-28.150553,-48.691981,SPRF-SC,DEL02-SC,UOP03-DEL02-SC,2021
"355707,0",2021-05-05,quarta-feira,08:15:00,SC,101,"212,0",PALHOCA,Condutor deixou de manter distância do veículo da frente,Colisão traseira,Sem Vítimas,Pleno dia,Decrescente,Nublado,Múltipla,Reta,Sim,3,0,0,0,2,1,0,3,-27.62996929,-48.65903871,SPRF-SC,DEL01-SC,UOP02-DEL01-SC,2021
"355709,0",2021-05-05,quarta-feira,07:45:00,SC,101,"212,5",PALHOCA,Acessar a via sem observar a presença dos outros veículos,Colisão lateral mesmo sentido,Sem Vítimas,Pleno dia,Decrescente,Céu Claro,Múltipla,Reta,Sim,3,0,0,0,2,1,0,3,-27.63363815,-48.66248131,SPRF-SC,DEL01-SC,UOP02-DEL01-SC,2021
"355715,0",2021-05-05,quarta-feira,09:20:00,SC,101,"404,0",ARARANGUA,Pedestre andava na pista,Atropelamento de Pedestre,Com Vítimas Feridas,Pleno dia,Decrescente,Chuva,Múltipla,Reta,Não,3,0,1,0,1,2,1,4,-28.89056201,-49.4671011,SPRF-SC,DEL02-SC,UOP02-DEL02-SC,2021
"355772,0",2021-05-05,quarta-feira,15:20:00,SC,101,"340,8",TUBARAO,Ingestão de álcool pelo condutor,Colisão transversal,Sem Vítimas,Pleno dia,Decrescente,Céu Claro,Simples,Reta,Sim,2,0,0,0,2,0,0,2,-28.501444,-49.04690399,SPRF-SC,DEL02-SC,UOP01-DEL02-SC,2021
"355787,0",2021-05-05,quarta-feira,16:10:00,SC,282,"208,0",LAGES,Carga excessiva e/ou mal acondicionada,Tombamento,Sem Vítimas,Pleno dia,Crescente,Céu Claro,Simples,Rotatória,Sim,2,0,0,0,1,1,0,2,-27.775284,-50.211971,SPRF-SC,DEL05-SC,UOP01-DEL05-SC,2021
"355827,0",2021-05-05,quarta-feira,21:30:00,SC,101,"137,7",BALNEARIO CAMBORIU,Reação tardia ou ineficiente do condutor,Engavetamento,Com Vítimas Fatais,Plena Noite,Decrescente,Nublado,Múltipla,Reta,Sim,6,1,1,1,2,3,2,7,-27.0157238,-48.61192763,SPRF-SC,DEL04-SC,UOP03-DEL04-SC,2021
"355939,0",2021-04-16,sexta-feira,18:15:00,SC,101,"215,0",PALHOCA,Condutor deixou de manter distância do veículo da frente,Colisão traseira,Sem Vítimas,Anoitecer,Crescente,Céu Claro,Múltipla,Reta,Sim,2,0,0,0,1,1,0,2,-27.65184843,-48.67604941,SPRF-SC,DEL01-SC,UOP02-DEL01-SC,2021
"355985,0",2021-05-06,quinta-feira,18:25:00,SC,470,"147,0",RIO DO SUL,Transitar na contramão,Atropelamento de Animal,Com Vítimas Feridas,Plena Noite,Crescente,Chuva,Simples,Reta,Sim,3,0,0,1,1,1,1,3,-27.243439,-49.690025,SPRF-SC,DEL04-SC,UOP02-DEL04-SC,2021
"355997,0",2021-05-06,quinta-feira,15:50:00,SC,101,"56,9",ARAQUARI,Reação tardia ou ineficiente do condutor,Engavetamento,Com Vítimas Feridas,Pleno dia,Crescente,Garoa/Chuvisco,Dupla,Reta,Não,5,0,2,0,2,1,2,4,-26.43207484,-48.82263984,SPRF-SC,DEL03-SC,UOP01-DEL03-SC,2021
"356091,0",2021-05-07,sexta-feira,06:50:00,SC,282,"373,2",ERVAL VELHO,Manobra de mudança de faixa,Colisão lateral mesmo sentido,Com Vítimas Feridas,Pleno dia,Crescente,Céu Claro,Simples,Reta,Não,2,0,1,0,1,0,1,2,-27.248575,-51.448893,SPRF-SC,DEL07-SC,UOP05-DEL07-SC,2021
"356103,0",2021-05-07,sexta-feira,08:45:00,SC,101,"212,4",PALHOCA,Velocidade Incompatível,Colisão com objeto,Com Vítimas Feridas,Pleno dia,Crescente,Céu Claro,Dupla,Reta,Sim,3,0,2,0,0,1,2,3,-27.62996929,-48.65903871,SPRF-SC,DEL01-SC,UOP02-DEL01-SC,2021
"356125,0",2021-05-03,segunda-feira,15:25:00,SC,101,"208,0",SAO JOSE,Manobra de mudança de faixa,Colisão lateral mesmo sentido,Com Vítimas Feridas,Pleno dia,Crescente,Céu Claro,Múltipla,Reta,Sim,3,0,2,0,1,0,2,2,-27.60327979,-48.63201818,SPRF-SC,DEL01-SC,UOP01-DEL01-SC,2021
"356149,0",2021-05-07,sexta-feira,09:30:00,SC,470,"86,1",RODEIO,Reação tardia ou ineficiente do condutor,Colisão traseira,Com Vítimas Feridas,Pleno dia,Decrescente,Sol,Simples,Interseção de Vias,Sim,2,0,1,0,0,1,1,2,-26.949951,-49.357296,SPRF-SC,DEL04-SC,UOP01-DEL04-SC,2021
"356153,0",2021-05-07,sexta-feira,13:50:00,SC,101,"27,3",JOINVILLE,Desrespeitar a preferência no cruzamento,Colisão transversal,Com Vítimas Feridas,Pleno dia,Decrescente,Nublado,Simples,Reta,Sim,4,0,1,0,2,1,1,3,-26.20130351,-48.91331794,SPRF-SC,DEL03-SC,UOP01-DEL03-SC,2021
"356189,0",2021-05-07,sexta-feira,15:35:00,SC,101,"39,5",JOINVILLE,Condutor deixou de manter distância do veículo da frente,Colisão traseira,Com Vítimas Feridas,Pleno dia,Decrescente,Céu Claro,Dupla,Reta,Sim,2,0,1,0,1,0,1,2,-26.2628107,-48.90192257,SPRF-SC,DEL03-SC,UOP01-DEL03-SC,2021
"356266,0",2021-05-07,sexta-feira,19:50:00,SC,101,"139,1",BALNEARIO CAMBORIU,Ausência de reação do condutor,Colisão traseira,Com Vítimas Feridas,Anoitecer,Crescente,Céu Claro,Simples,Aclive,Não,2,0,1,0,0,1,1,2,-27.02982303,-48.60115006,SPRF-SC,DEL04-SC,UOP03-DEL04-SC,2021
"356316,0",2021-05-08,sábado,01:15:00,SC,101,"303,9",LAGUNA,Ausência de reação do condutor,Colisão traseira,Com Vítimas Feridas,Plena Noite,Crescente,Céu Claro,Múltipla,Reta,Sim,1,0,1,0,0,0,1,1,-28.36149723,-48.74974275,SPRF-SC,DEL02-SC,UOP03-DEL02-SC,2021