id,data_inversa,dia_semana,horario,uf,br,km,municipio,causa_acidente,tipo_acidente,classificacao_acidente,fase_dia,sentido_via,condicao_metereologica,tipo_pista,tracado_via,uso_solo,pessoas,mortos,feridos_leves,feridos_graves,ilesos,ignorados,feridos,veiculos,latitude,longitude,regional,delegacia,uop,ano_arquivo
"356423,0",2021-05-08,sábado,10:35:00,SC,153,"5,0",AGUA DOCE,Velocidade Incompatível,Colisão traseira,Sem Vítimas,Pleno dia,Crescente,Céu Claro,Simples,Curva,Não,5,0,0,0,4,2,0,5,-26.643061,-51.51313,SPRF-SC,DEL07-SC,UOP05-DEL07-SC,2021
"356503,0",2021-05-08,sábado,22:30:00,SC,470,"247,8",CURITIBANOS,Transitar na contramão,Colisão frontal,Com Vítimas Feridas,Plena Noite,Crescente,Nublado,Simples,Curva,Sim,3,0,0,2,1,0,2,2,-27.315269,-50.541786,SPRF-SC,DEL05-SC,UOP03-DEL05-SC,2021
"356516,0",2021-05-08,sábado,18:30:00,SC,116,"133,0",SANTA CECILIA,Demais falhas mecânicas ou elétricas,Incêndio,Sem Vítimas,Plena Noite,Decrescente,Ignorado,Simples,Reta,Não,2,0,0,0,1,1,0,2,-26.91588013,-50.44574975,SPRF-SC,DEL06-SC,UOP02-DEL06-SC,2021
"356599,0",2021-05-06,quinta-feira,10:45:00,SC,101,"201,9",SAO JOSE,Acessar a via sem observar a presença dos outros veículos,Capotamento,Com Vítimas Feridas,Pleno dia,Crescente,Chuva,Dupla,Reta,Sim,2,0,1,0,1,0,1,2,-27.5483659909,-48.6197797473,SPRF-SC,DEL01-SC,UOP01-DEL01-SC,2021
"356609,0",2021-05-09,domingo,10:50:00,SC,101,"242,6",PALHOCA,Reação tardia ou ineficiente do condutor,Colisão traseira,Sem Vítimas,Pleno dia,Decrescente,Sol,Dupla,Reta,Não,3,0,0,0,2,1,0,3,-27.88291843,-48.64735365,SPRF-SC,DEL01-SC,UOP02-DEL01-SC,2021
"356804,0",2021-04-21,quarta-feira,21:00:00,SC,101,"229,0",PALHOCA,Condutor deixou de manter distância do veículo da frente,Colisão lateral mesmo sentido,Com Vítimas Feridas,Plena Noite,Decrescente,Nublado,Múltipla,Curva,Sim,4,0,1,0,2,1,1,4,-27.76920953,-48.63229573,SPRF-SC,DEL01-SC,UOP02-DEL01-SC,2021
"356832,0",2021-05-10,segunda-feira,07:55:00,SC,470,"68,5",INDAIAL,Reação tardia ou ineficiente do condutor,Colisão traseira,Com Vítimas Feridas,Pleno dia,Decrescente,Céu Claro,Múltipla,Reta;Declive,Sim,2,0,1,0,1,0,1,2,-26.877615,-49.239231,SPRF-SC,DEL04-SC,UOP01-DEL04-SC,2021
"356850,0",2021-05-10,segunda-feira,10:45:00,SC,101,"108,2",PENHA,Condutor deixou de manter distância do veículo da frente,Colisão traseira,Com Vítimas Feridas,Pleno dia,Decrescente,Chuva,Dupla,Reta,Não,2,0,1,0,1,0,1,2,-26.82985355,-48.69268298,SPRF-SC,DEL03-SC,UOP02-DEL03-SC,2021
"356923,0",2021-05-10,segunda-feira,17:00:00,SC,101,"420,0",ARARANGUA,Condutor deixou de manter distância do veículo da frente,Colisão traseira,Com Vítimas Feridas,Pleno dia,Crescente,Céu Claro,Múltipla,Reta,Sim,2,0,0,1,1,0,1,2,-28.99380392,-49.55081408,SPRF-SC,DEL02-SC,UOP02-DEL02-SC,2021
"356952,0",2021-05-10,segunda-feira,15:30:00,SC,116,"60,1",PAPANDUVA,Acessar a via sem observar a presença dos outros veículos,Colisão transversal,Com Vítimas Feridas,Pleno dia,Decrescente,Céu Claro,Simples,Interseção de Vias,Não,3,0,2,0,0,1,2,3,-26.38296807,-50.21675059,SPRF-SC,DEL06-SC,UOP02-DEL06-SC,2021
"356983,0",2021-05-10,segunda-feira,17:25:00,SC,101,"304,0",LAGUNA,Condutor usando celular,Saída de leito carroçável,Com Vítimas Feridas,Anoitecer,Decrescente,Sol,Simples,Reta,Não,1,0,1,0,0,0,1,1,-28.36912427,-48.75686871,SPRF-SC,DEL02-SC,UOP03-DEL02-SC,2021
"357051,0",2021-05-11,terça-feira,09:10:00,SC,470,"127,0",LONTRAS,Reação tardia ou ineficiente do condutor,Colisão lateral sentido oposto,Com Vítimas Feridas,Pleno dia,Crescente,Nublado,Simples,Aclive,Não,4,0,3,0,0,1,3,3,-27.13163956,-49.53846931,SPRF-SC,DEL04-SC,UOP02-DEL04-SC,2021
"357128,0",2021-05-11,terça-feira,18:00:00,SC,470,"46,6",BLUMENAU,Transitar na contramão,Colisão frontal,Com Vítimas Feridas,Anoitecer,Crescente,Garoa/Chuvisco,Simples,Reta,Não,3,0,0,1,2,0,1,2,-26.864044,-49.046516,SPRF-SC,DEL04-SC,UOP01-DEL04-SC,2021
"357155,0",2021-05-11,terça-feira,21:00:00,SC,101,"24,5",JOINVILLE,Ingestão de álcool pelo condutor,Colisão transversal,Com Vítimas Feridas,Plena Noite,Crescente,Chuva,Simples,Reta,Não,5,0,3,0,1,1,3,3,-26.17483309,-48.90767978,SPRF-SC,DEL03-SC,UOP01-DEL03-SC,2021
"357187,0",2021-05-11,terça-feira,20:10:00,SC,116,"282,5",CAPAO ALTO,Reação tardia ou ineficiente do condutor,Atropelamento de Pedestre,Com Vítimas Feridas,Plena Noite,Crescente,Chuva,Simples,Curva,Não,4,0,0,1,1,2,1,4,-28.05640401,-50.56866393,SPRF-SC,DEL05-SC,UOP02-DEL05-SC,2021
"357191,0",2021-05-12,quarta-feira,04:15:00,SC,101,"392,5",CRICIUMA,Condutor Dormindo,Saída de leito carroçável,Com Vítimas Feridas,Plena Noite,Crescente,Garoa/Chuvisco,Dupla,Curva,Sim,1,0,1,0,0,0,1,1,-28.80489882,-49.3712151,SPRF-SC,DEL02-SC,UOP02-DEL02-SC,2021
"357233,0",2021-05-12,quarta-feira,06:50:00,SC,280,"97,0",SAO BENTO DO SUL,Pista Escorregadia,Colisão transversal,Com Vítimas Feridas,Pleno dia,Decrescente,Chuva,Simples,Curva,Não,2,0,1,0,1,0,1,2,-26.37833107,-49.31732124,SPRF-SC,DEL06-SC,UOP03-DEL06-SC,2021
"357325,0",2021-05-12,quarta-feira,14:05:00,SC,470,"235,4",SAO CRISTOVAO DO SUL,Velocidade Incompatível,Colisão traseira,Com Vítimas Feridas,Pleno dia,Decrescente,Nublado,Simples,Reta,Não,3,0,1,0,1,1,1,3,-27.302292,-50.439423,SPRF-SC,DEL05-SC,UOP03-DEL05-SC,2021
"357336,0",2021-05-12,quarta-feira,18:20:00,SC,282,"104,6",ALFREDO WAGNER,Condutor Dormindo,Colisão traseira,Com Vítimas Feridas,Plena Noite,Crescente,Céu Claro,Simples,Aclive,Não,17,0,10,2,4,1,12,3,-27.69620353,-49.3386898,SPRF-SC,DEL01-SC,UOP03-DEL01-SC,2021
"357419,0",2021-05-13,quinta-feira,08:10:00,SC,163,"72,9",SAO MIGUEL DO OESTE,Acessar a via sem observar a presença dos outros veículos,Colisão transversal,Com Vítimas Feridas,Pleno dia,Decrescente,Nevoeiro/Neblina,Simples,Curva,Sim,2,0,1,0,1,0,1,2,-26.71908804,-53.5157791,SPRF-SC,DEL07-SC,UOP03-DEL07-SC,2021
"357486,0",2021-05-13,quinta-feira,16:35:00,SC,470,"59,9",BLUMENAU,Condutor deixou de manter distância do veículo da frente,Colisão traseira,Com Vítimas Feridas,Pleno dia,Decrescente,Sol,Simples,Reta,Não,2,0,1,0,1,0,1,2,-26.882812,-49.1548,SPRF-SC,DEL04-SC,UOP01-DEL04-SC,2021
"357529,0",2021-05-13,quinta-feira,19:52:00,SC,101,"35,2",JOINVILLE,Reação tardia ou ineficiente do condutor,Colisão traseira,Com Vítimas Feridas,Plena Noite,Crescente,Céu Claro,Dupla,Reta,Não,3,0,1,0,1,2,1,4,-26.271078,-48.89491081,SPRF-SC,DEL03-SC,UOP01-DEL03-SC,2021
"357540,0",2021-05-13,quinta-feira,20:00:00,SC,116,"69,0",MONTE CASTELO,Ingestão de álcool e/ou substâncias psicoativas pelo pedestre,Colisão frontal,Com Vítimas Feridas,Plena Noite,Decrescente,Céu Claro,Simples,Reta,Não,3,0,1,0,1,1,1,3,-26.46036818,-50.22889671,SPRF-SC,DEL06-SC,UOP02-DEL06-SC,2021
"357553,0",2021-05-13,quinta-feira,22:45:00,SC,470,"62,7",INDAIAL,Ausência de reação do condutor,Colisão traseira,Com Vítimas Fatais,Plena Noite,Decrescente,Céu Claro,Simples,Curva,Não,2,1,0,0,0,1,0,2,-26.8721664,-49.1930899,SPRF-SC,DEL04-SC,UOP01-DEL04-SC,2021
"357554,0",2021-05-13,quinta-feira,19:00:00,SC,470,"120,7",IBIRAMA,Transitar na contramão,Colisão lateral sentido oposto,Sem Vítimas,Plena Noite,Decrescente,Nublado,Simples,Curva,Não,3,0,0,0,1,3,0,4,-27.089924,-49.520416,SPRF-SC,DEL04-SC,UOP02-DEL04-SC,2021
"357562,0",2021-05-14,sexta-feira,03:20:00,SC,101,"140,5",BALNEARIO CAMBORIU,Ausência de reação do condutor,Saída de leito carroçável,Sem Vítimas,Plena Noite,Crescente,Céu Claro,Simples,Reta,Não,2,0,0,0,2,0,0,1,-27.03881189,-48.60025148,SPRF-SC,DEL04-SC,UOP03-DEL04-SC,2021
"357568,0",2021-05-14,sexta-feira,06:55:00,SC,470,"45,2",GASPAR,Transitar na contramão,Colisão lateral sentido oposto,Com Vítimas Feridas,Pleno dia,Crescente,Céu Claro,Simples,Reta,Não,4,0,1,0,2,2,1,5,-26.867064,-49.031109,SPRF-SC,DEL04-SC,UOP01-DEL04-SC,2021
"357603,0",2021-05-14,sexta-feira,07:20:00,SC,280,"192,4",MAFRA,Condutor Dormindo,Colisão frontal,Com Vítimas Feridas,Pleno dia,Crescente,Nevoeiro/Neblina,Simples,Curva,Não,5,0,2,1,1,1,3,3,-26.17893079,-49.99673293,SPRF-SC,DEL06-SC,UOP01-DEL06-SC,2021
"357760,0",2021-05-15,sábado,00:20:00,SC,101,"124,6",ITAJAI,Animais na Pista,Atropelamento de Animal,Com Vítimas Feridas,Plena Noite,Decrescente,Céu Claro,Dupla,Reta,Sim,5,0,1,0,3,1,1,5,-26.94335064,-48.69198648,SPRF-SC,DEL04-SC,UOP04-DEL04-SC,2021
"357796,0",2021-05-15,sábado,05:45:00,SC,470,"60,8",BLUMENAU,Ultrapassagem Indevida,Colisão frontal,Com Vítimas Fatais,Plena Noite,Crescente,Nublado,Simples,Curva,Sim,5,3,0,0,1,1,0,3,-26.87946413,-49.17249799,SPRF-SC,DEL04-SC,UOP01-DEL04-SC,2021
"357981,0",2021-05-16,domingo,00:05:00,SC,101,"335,2",TUBARAO,Ingestão de álcool pelo condutor,Colisão frontal,Com Vítimas Feridas,Plena Noite,Decrescente,Céu Claro,Múltipla,Viaduto,Sim,6,0,2,2,1,2,4,5,-28.46927473,-49.01557908,SPRF-SC,DEL02-SC,UOP01-DEL02-SC,2021
"357994,0",2021-05-15,sábado,22:45:00,SC,101,"372,9",ICARA,Neblina,Saída de leito carroçável,Com Vítimas Feridas,Plena Noite,Decrescente,Nevoeiro/Neblina,Dupla,Curva,Não,2,0,0,1,0,1,1,2,-28.71686155,-49.23141003,SPRF-SC,DEL02-SC,UOP01-DEL02-SC,2021
"358056,0",2021-05-16,domingo,10:00:00,SC,101,"209,0",SAO JOSE,Acessar a via sem observar a presença dos outros veículos,Colisão traseira,Sem Vítimas,Pleno dia,Crescente,Sol,Múltipla,Reta,Sim,2,0,0,0,2,0,0,2,-27.61000542,-48.63895057,SPRF-SC,DEL01-SC,UOP01-DEL01-SC,2021
"358115,0",2021-05-16,domingo,17:10:00,SC,101,"127,1",ITAJAI,Ingestão de álcool pelo condutor,Colisão traseira,Sem Vítimas,Anoitecer,Decrescente,Céu Claro,Dupla,Reta,Não,3,0,0,0,3,0,0,3,-26.9639319,-48.68328024,SPRF-SC,DEL04-SC,UOP04-DEL04-SC,2021
"358270,0",2021-05-17,segunda-feira,08:49:00,SC,101,"201,2",SAO JOSE,Condutor Dormindo,Saída de leito carroçável,Com Vítimas Feridas,Pleno dia,Crescente,Sol,Múltipla,Ponte,Sim,2,0,0,1,0,1,1,2,-27.5508329,-48.6197108,SPRF-SC,DEL01-SC,UOP01-DEL01-SC,2021
"358294,0",2021-05-07,sexta-feira,18:15:00,SC,101,"115,0",ITAJAI,Manobra de mudança de faixa,Colisão traseira,Com Vítimas Feridas,Anoitecer,Decrescente,Céu Claro,Dupla,Reta,Sim,3,0,0,2,0,1,2,2,-26.87064015,-48.72954134,SPRF-SC,DEL04-SC,UOP04-DEL04-SC,2021
"358395,0",2021-05-17,segunda-feira,20:25:00,SC,101,"345,0",TUBARAO,Semáforo com defeito,Colisão traseira,Com Vítimas Feridas,Plena Noite,Crescente,Céu Claro,Dupla,Reta,Não,2,0,1,0,1,0,1,2,-28.54565997,-49.05345334,SPRF-SC,DEL02-SC,UOP01-DEL02-SC,2021
"358476,0",2021-05-18,terça-feira,11:40:00,SC,101,"214,4",PALHOCA,Ausência de reação do condutor,Colisão traseira,Com Vítimas Feridas,Pleno dia,Decrescente,Céu Claro,Múltipla,Viaduto,Sim,3,0,0,1,1,1,1,3,-27.64443,-48.67057,SPRF-SC,DEL01-SC,UOP02-DEL01-SC,2021
"358483,0",2021-05-18,terça-feira,09:10:00,SC,101,"121,0",ITAJAI,Manobra de mudança de faixa,Colisão lateral mesmo sentido,Com Vítimas Feridas,Pleno dia,Decrescente,Céu Claro,Dupla,Reta,Sim,2,0,0,1,1,0,1,2,-26.92103178,-48.70856446,SPRF-SC,DEL04-SC,UOP04-DEL04-SC,2021
"358503,0",2021-05-18,terça-feira,13:50:00,SC,101,"34,0",JOINVILLE,Manobra de mudança de faixa,Colisão lateral mesmo sentido,Com Vítimas Feridas,Pleno dia,Decrescente,Céu Claro,Dupla,Reta,Sim,3,0,1,0,1,1,1,3,-26.23667403,-48.91486706,SPRF-SC,DEL03-SC,UOP01-DEL03-SC,2021
"358508,0",2021-05-18,terça-feira,11:00:00,SC,282,"622,7",IRACEMINHA,Reação tardia ou ineficiente do condutor,Saída de leito carroçável,Com Vítimas Feridas,Pleno dia,Crescente,Céu Claro,Simples,Curva,Não,2,0,1,0,0,1,1,2,-26.797441,-53.323349,SPRF-SC,DEL07-SC,UOP02-DEL07-SC,2021
"358523,0",2021-05-18,terça-feira,15:50:00,SC,101,"437,0",SOMBRIO,Manobra de mudança de faixa,Colisão lateral mesmo sentido,Com Vítimas Feridas,Pleno dia,Crescente,Sol,Dupla,Reta,Sim,3,0,2,0,1,0,2,2,-29.116756,-49.640408,SPRF-SC,DEL02-SC,UOP02-DEL02-SC,2021
"358535,0",2021-05-18,terça-feira,11:30:00,SC,470,"256,5",CURITIBANOS,Reação tardia ou ineficiente do condutor,Saída de leito carroçável,Com Vítimas Feridas,Pleno dia,Crescente,Céu Claro,Simples,Reta;Declive,Não,2,0,0,1,0,1,1,2,-27.309309,-50.630985,SPRF-SC,DEL05-SC,UOP03-DEL05-SC,2021
"358552,0",2021-05-18,terça-feira,18:30:00,SC,280,"23,8",ARAQUARI,Ultrapassagem Indevida,Colisão lateral mesmo sentido,Com Vítimas Feridas,Plena Noite,Crescente,Nublado,Simples,Interseção de Vias,Sim,4,0,0,1,2,2,1,5,-26.37624174,-48.71831417,SPRF-SC,DEL03-SC,UOP03-DEL03-SC,2021
"358598,0",2021-05-18,terça-feira,22:15:00,SC,282,"533,2",CORDILHEIRA ALTA,Transitar na contramão,Colisão frontal,Com Vítimas Feridas,Plena Noite,Decrescente,Céu Claro,Simples,Curva,Não,2,0,1,0,0,1,1,2,-26.995323,-52.625305,SPRF-SC,DEL07-SC,UOP01-DEL07-SC,2021
"358643,0",2021-05-19,quarta-feira,08:55:00,SC,282,"526,0",XAXIM,Reação tardia ou ineficiente do condutor,Colisão lateral sentido oposto,Com Vítimas Feridas,Pleno dia,Crescente,Céu Claro,Simples,Reta,Não,4,0,1,0,3,0,1,3,-26.969427,-52.57497,SPRF-SC,DEL07-SC,UOP01-DEL07-SC,2021
"358784,0",2021-05-20,quinta-feira,01:40:00,SC,470,"3,1",NAVEGANTES,Acesso irregular,Saída de leito carroçável,Sem Vítimas,Plena Noite,Crescente,Céu Claro,Simples,Em Obras,Não,2,0,0,0,1,1,0,2,-26.861937,-48.681618,SPRF-SC,DEL04-SC,UOP04-DEL04-SC,2021
"358794,0",2021-05-20,quinta-feira,05:10:00,SC,163,"99,0",SAO JOSE DO CEDRO,Reação tardia ou ineficiente do condutor,Colisão traseira,Com Vítimas Feridas,Plena Noite,Decrescente,Céu Claro,Simples,Reta,Não,3,0,1,0,2,0,1,2,-26.4933708,-53.5016799,SPRF-SC,DEL07-SC,UOP03-DEL07-SC,2021
"358818,0",2021-05-20,quinta-feira,07:35:00,SC,101,"37,1",JOINVILLE,Ausência de reação do condutor,Colisão traseira,Com Vítimas Feridas,Pleno dia,Crescente,Sol,Múltipla,Reta,Sim,4,0,1,0,2,1,1,3,-26.25050176,-48.90863867,SPRF-SC,DEL03-SC,UOP01-DEL03-SC,2021
"358831,0",2021-05-20,quinta-feira,05:00:00,SC,470,"315,0",CAMPOS NOVOS,Ausência de reação do condutor,Tombamento,Com Vítimas Feridas,Plena Noite,Crescente,Céu Claro,Simples,Curva,Não,2,0,1,0,0,2,1,3,-27.393394,-51.192188,SPRF-SC,DEL07-SC,UOP06-DEL07-SC,2021
"358875,0",2021-05-20,quinta-feira,14:40:00,SC,470,"185,1",POUSO REDONDO,Velocidade Incompatível,Tombamento,Com Vítimas Feridas,Pleno dia,Decrescente,Céu Claro,Simples,Curva,Não,2,0,0,1,0,1,1,2,-27.254034,-50.036575,SPRF-SC,DEL04-SC,UOP02-DEL04-SC,2021
"358908,0",2021-05-20,quinta-feira,17:20:00,SC,101,"174,0",GOVERNADOR CELSO RAMOS,Condutor deixou de manter distância do veículo da frente,Colisão traseira,Com Vítimas Feridas,Pleno dia,Decrescente,Nublado,Dupla,Reta,Não,3,0,0,1,2,0,1,2,-27.33081601,-48.62697562,SPRF-SC,DEL01-SC,UOP01-DEL01-SC,2021
"358934,0",2021-05-20,quinta-feira,19:30:00,SC,282,"16,0",PALHOCA,Conversão proibida,Colisão transversal,Com Vítimas Feridas,Plena Noite,Crescente,Nublado,Simples,Reta,Sim,2,0,1,0,1,0,1,2,-27.658611,-48.681847,SPRF-SC,DEL01-SC,UOP02-DEL01-SC,2021
"359006,0",2021-05-21,sexta-feira,02:20:00,SC,280,"124,8",RIO NEGRINHO,Velocidade Incompatível,Saída de leito carroçável,Com Vítimas Feridas,Plena Noite,Decrescente,Céu Claro,Simples,Aclive;Reta,Sim,3,0,0,1,1,1,1,3,-26.23860901,-49.49838102,SPRF-SC,DEL06-SC,UOP03-DEL06-SC,2021
"359044,0",2021-05-21,sexta-feira,07:30:00,SC,470,"111,8",IBIRAMA,Carga excessiva e/ou mal acondicionada,Derramamento de carga,Sem Vítimas,Pleno dia,Decrescente,Céu Claro,Simples,Curva,Não,1,0,0,0,1,0,0,1,-27.095388,-49.457878,SPRF-SC,DEL04-SC,UOP02-DEL04-SC,2021
"359061,0",2021-05-21,sexta-feira,14:00:00,SC,101,"201,0",SAO JOSE,Condutor deixou de manter distância do veículo da frente,Colisão traseira,Com Vítimas Feridas,Pleno dia,Decrescente,Céu Claro,Múltipla,Viaduto,Sim,2,0,1,0,1,0,1,2,-27.54836599,-48.61977975,SPRF-SC,DEL01-SC,UOP01-DEL01-SC,2021
"359088,0",2021-05-21,sexta-feira,16:40:00,SC,282,"494,9",XANXERE,Manobra de mudança de faixa,Colisão lateral mesmo sentido,Com Vítimas Feridas,Pleno dia,Crescente,Nublado,Simples,Curva,Não,4,0,2,0,1,2,2,4,-26.87149,-52.318768,SPRF-SC,DEL07-SC,UOP01-DEL07-SC,2021
"359133,0",2021-05-21,sexta-feira,19:20:00,SC,101,"157,4",ITAPEMA,Carga excessiva e/ou mal acondicionada,Colisão com objeto,Com Vítimas Feridas,Plena Noite,Decrescente,Céu Claro,Dupla,Reta,Sim,3,0,1,0,1,1,1,3,-27.181625,-48.6121179,SPRF-SC,DEL04-SC,UOP03-DEL04-SC,2021
"359235,0",2021-04-20,terça-feira,17:40:00,SC,280,"80,1",CORUPA,Frear bruscamente,Colisão traseira,Com Vítimas Feridas,Anoitecer,Crescente,Nublado,Simples,Reta,Não,2,0,1,0,0,1,1,2,-26.44412189,-49.20975187,SPRF-SC,DEL06-SC,UOP03-DEL06-SC,2021
"359279,0",2021-04-06,terça-feira,11:50:00,SC,470,"5,0",NAVEGANTES,Velocidade Incompatível,Colisão traseira,Com Vítimas Feridas,Pleno dia,Crescente,Nublado,Dupla,Reta,Sim,3,0,0,1,1,1,1,3,-26.855688,-48.700333,SPRF-SC,DEL04-SC,UOP04-DEL04-SC,2021
"359409,0",2021-05-22,sábado,21:15:00,SC,470,"245,9",CURITIBANOS,Velocidade Incompatível,Saída de leito carroçável,Com Vítimas Fatais,Plena Noite,Crescente,Nublado,Simples,Curva,Sim,1,1,0,0,0,0,0,1,-27.31526341,-50.54636836,SPRF-SC,DEL05-SC,UOP03-DEL05-SC,2021
"359479,0",2021-05-23,domingo,08:30:00,SC,282,"499,1",XANXERE,Acessar a via sem observar a presença dos outros veículos,Colisão traseira,Com Vítimas Feridas,Pleno dia,Crescente,Céu Claro,Simples,Rotatória,Não,2,0,1,0,1,0,1,2,-26.88046894,-52.35899448,SPRF-SC,DEL07-SC,UOP01-DEL07-SC,2021
"359545,0",2021-05-23,domingo,10:50:00,SC,470,"111,2",APIUNA,Reação tardia ou ineficiente do condutor,Tombamento,Sem Vítimas,Pleno dia,Decrescente,Céu Claro,Simples,Curva,Não,2,0,0,0,1,2,0,3,-27.095388,-49.457878,SPRF-SC,DEL04-SC,UOP02-DEL04-SC,2021
"359628,0",2021-05-23,domingo,17:50:00,SC,280,"24,8",ARAQUARI,Acessar a via sem observar a presença dos outros veículos,Colisão transversal,Com Vítimas Feridas,Anoitecer,Decrescente,Nublado,Simples,Reta,Não,3,0,1,1,1,0,2,3,-26.37724921,-48.71953282,SPRF-SC,DEL03-SC,UOP03-DEL03-SC,2021
"359634,0",2021-05-23,domingo,23:28:00,SC,101,"136,0",BALNEARIO CAMBORIU,Manobra de mudança de faixa,Colisão lateral mesmo sentido,Com Vítimas Feridas,Plena Noite,Crescente,Nublado,Múltipla,Reta,Sim,2,0,1,0,1,0,1,2,-27.008113,-48.617245,SPRF-SC,DEL04-SC,UOP03-DEL04-SC,2021
"359655,0",2021-05-24,segunda-feira,06:00:00,SC,470,"70,5",INDAIAL,Reação tardia ou ineficiente do condutor,Colisão traseira,Com Vítimas Feridas,Plena Noite,Crescente,Céu Claro,Simples,Em Obras;Reta,Sim,3,0,1,0,0,2,1,3,-26.89089933,-49.25657988,SPRF-SC,DEL04-SC,UOP01-DEL04-SC,2021
"359694,0",2021-05-24,segunda-feira,10:30:00,SC,101,"203,0",SAO JOSE,Transitar no acostamento,Colisão lateral mesmo sentido,Com Vítimas Feridas,Pleno dia,Crescente,Céu Claro,Dupla,Curva,Sim,2,0,1,0,1,0,1,2,-27.5650044,-48.61460082,SPRF-SC,DEL01-SC,UOP01-DEL01-SC,2021
"359735,0",2021-05-24,segunda-feira,13:15:00,SC,101,"41,5",JOINVILLE,Desrespeitar a preferência no cruzamento,Colisão transversal,Com Vítimas Feridas,Pleno dia,Decrescente,Sol,Dupla,Viaduto;Retorno Regulamentado;Interseção de Vias,Sim,2,0,1,0,1,0,1,2,-26.28215489,-48.88973081,SPRF-SC,DEL03-SC,UOP01-DEL03-SC,2021
"359765,0",2021-05-24,segunda-feira,18:50:00,SC,101,"215,3",PALHOCA,Acessar a via sem observar a presença dos outros veículos,Colisão transversal,Com Vítimas Feridas,Anoitecer,Decrescente,Céu Claro,Dupla,Interseção de Vias,Não,3,0,1,0,1,1,1,3,-27.65184843,-48.67604941,SPRF-SC,DEL01-SC,UOP02-DEL01-SC,2021
"359827,0",2021-05-25,terça-feira,07:00:00,SC,280,"20,0",ARAQUARI,Acessar a via sem observar a presença dos outros veículos,Colisão frontal,Com Vítimas Feridas,Pleno dia,Decrescente,Céu Claro,Simples,Reta;Interseção de Vias,Não,3,0,1,0,1,1,1,3,-26.370358,-48.688208,SPRF-SC,DEL03-SC,UOP03-DEL03-SC,2021
"359849,0",2021-05-25,terça-feira,08:15:00,SC,101,"16,2",GARUVA,Objeto estático sobre o leito carroçável,Tombamento,Com Vítimas Feridas,Pleno dia,Crescente,Céu Claro,Dupla,Reta,Não,3,0,2,0,0,1,2,2,-26.11427473,-48.87647034,SPRF-SC,DEL03-SC,UOP01-DEL03-SC,2021
"359885,0",2021-03-03,quarta-feira,13:20:00,SC,101,"21,0",JOINVILLE,Manobra de mudança de faixa,Colisão lateral mesmo sentido,Com Vítimas Feridas,Pleno dia,Crescente,Chuva,Dupla,Reta,Não,3,0,1,0,0,2,1,3,-26.14793022,-48.90894562,SPRF-SC,DEL03-SC,UOP01-DEL03-SC,2021
"359931,0",2021-05-25,terça-feira,19:45:00,SC,101,"124,0",ITAJAI,Demais falhas mecânicas ou elétricas,Tombamento,Com Vítimas Feridas,Plena Noite,Crescente,Céu Claro,Dupla,Viaduto,Sim,6,0,0,1,4,1,1,6,-26.94335064,-48.69198648,SPRF-SC,DEL04-SC,UOP04-DEL04-SC,2021
"359989,0",2021-05-26,quarta-feira,05:30:00,SC,101,"322,0",PESCARIA BRAVA,Condutor deixou de manter distância do veículo da frente,Colisão traseira,Com Vítimas Feridas,Plena Noite,Crescente,Céu Claro,Dupla,Reta,Sim,3,0,2,0,1,0,2,3,-28.42491971,-48.90238108,SPRF-SC,DEL02-SC,UOP01-DEL02-SC,2021
"360026,0",2021-05-26,quarta-feira,08:00:00,SC,116,"12,3",MAFRA,Demais falhas mecânicas ou elétricas,Eventos atípicos,Sem Vítimas,Pleno dia,Crescente,Céu Claro,Simples,Interseção de Vias,Não,2,0,0,0,1,1,0,2,-26.17957843,-49.87103105,SPRF-SC,DEL06-SC,UOP01-DEL06-SC,2021
"360031,0",2021-05-15,sábado,06:10:00,SC,101,"211,2",PALHOCA,Manobra de mudança de faixa,Colisão lateral mesmo sentido,Com Vítimas Feridas,Amanhecer,Decrescente,Nublado,Múltipla,Em Obras,Sim,2,0,0,1,1,0,1,2,-27.62329313,-48.65245588,SPRF-SC,DEL01-SC,UOP02-DEL01-SC,2021
"360068,0",2021-05-26,quarta-feira,14:35:00,SC,101,"213,3",PALHOCA,Ausência de reação do condutor,Colisão traseira,Com Vítimas Feridas,Pleno dia,Decrescente,Céu Claro,Múltipla,Viaduto,Sim,2,0,0,1,1,0,1,2,-27.63697369,-48.66514142,SPRF-SC,DEL01-SC,UOP02-DEL01-SC,2021
"360116,0",2021-05-26,quarta-feira,18:15:00,SC,101,"131,5",BALNEARIO CAMBORIU,Demais falhas mecânicas ou elétricas,Colisão com objeto,Com Vítimas Feridas,Anoitecer,Crescente,Céu Claro,Múltipla,Reta,Sim,2,0,1,0,1,0,1,2,-26.99064209,-48.66310912,SPRF-SC,DEL04-SC,UOP03-DEL04-SC,2021
"360124,0",2021-05-26,quarta-feira,19:10:00,SC,280,"241,1",CANOINHAS,Ingestão de álcool pelo condutor,Colisão traseira,Com Vítimas Feridas,Plena Noite,Crescente,Céu Claro,Simples,Aclive;Reta,Não,3,0,1,0,1,1,1,3,-26.22501599,-50.45997601,SPRF-SC,DEL06-SC,UOP04-DEL06-SC,2021