id,data_inversa,dia_semana,horario,uf,br,km,municipio,causa_acidente,tipo_acidente,classificacao_acidente,fase_dia,sentido_via,condicao_metereologica,tipo_pista,tracado_via,uso_solo,pessoas,mortos,feridos_leves,feridos_graves,ilesos,ignorados,feridos,veiculos,latitude,longitude,regional,delegacia,uop,ano_arquivo
"360156,0",2021-05-26,quarta-feira,18:30:00,SC,282,"516,0",XAXIM,Velocidade Incompatível,Colisão frontal,Com Vítimas Feridas,Plena Noite,Crescente,Céu Claro,Simples,Curva,Não,4,0,2,1,1,0,3,3,-26.930862,-52.499157,SPRF-SC,DEL07-SC,UOP01-DEL07-SC,2021
"360185,0",2021-05-27,quinta-feira,02:03:00,SC,101,"205,9",SAO JOSE,Condutor deixou de manter distância do veículo da frente,Colisão traseira,Com Vítimas Feridas,Plena Noite,Decrescente,Céu Claro,Múltipla,Em Obras;Reta,Sim,4,0,2,0,2,0,2,2,-27.59418524,-48.61890614,SPRF-SC,DEL01-SC,UOP01-DEL01-SC,2021
"360230,0",2021-05-27,quinta-feira,08:20:00,SC,470,"66,2",INDAIAL,Carga excessiva e/ou mal acondicionada,Derramamento de carga,Com Vítimas Feridas,Pleno dia,Crescente,Sol,Simples,Reta,Sim,5,0,2,0,2,1,2,4,-26.870407,-49.221844,SPRF-SC,DEL04-SC,UOP01-DEL04-SC,2021
"360231,0",2021-05-27,quinta-feira,07:40:00,SC,282,"521,2",XAXIM,Condutor deixou de manter distância do veículo da frente,Colisão traseira,Com Vítimas Feridas,Pleno dia,Decrescente,Céu Claro,Simples,Reta,Sim,3,0,1,0,1,2,1,4,-26.950993,-52.534767,SPRF-SC,DEL07-SC,UOP01-DEL07-SC,2021
"360236,0",2021-04-28,quarta-feira,18:11:00,SC,282,"236,4",LAGES,Velocidade Incompatível,Tombamento,Com Vítimas Fatais,Anoitecer,Crescente,Céu Claro,Simples,Curva,Não,3,1,1,0,0,1,1,2,-27.788113,-50.486886,SPRF-SC,DEL05-SC,UOP02-DEL05-SC,2021
"360269,0",2021-05-27,quinta-feira,11:20:00,SC,116,"220,5",CORREIA PINTO,Desrespeitar a preferência no cruzamento,Colisão transversal,Sem Vítimas,Pleno dia,Crescente,Céu Claro,Simples,Rotatória,Sim,2,0,0,0,2,0,0,2,-27.59068608,-50.36285162,SPRF-SC,DEL05-SC,UOP03-DEL05-SC,2021
"360279,0",2021-05-27,quinta-feira,08:50:00,SC,282,"599,7",CUNHA PORA,Transitar na contramão,Colisão frontal,Com Vítimas Fatais,Pleno dia,Crescente,Céu Claro,Simples,Aclive;Curva,Não,3,1,1,0,0,1,1,3,-26.8171642,-53.1627853,SPRF-SC,DEL07-SC,UOP02-DEL07-SC,2021
"360285,0",2021-05-27,quinta-feira,14:45:00,SC,280,"119,8",RIO NEGRINHO,Acessar a via sem observar a presença dos outros veículos,Colisão transversal,Com Vítimas Feridas,Pleno dia,Crescente,Céu Claro,Simples,Reta,Não,3,0,1,0,2,0,1,3,-26.26519673,-49.434177,SPRF-SC,DEL06-SC,UOP03-DEL06-SC,2021
"360293,0",2021-05-27,quinta-feira,17:00:00,SC,101,"212,0",PALHOCA,Manobra de mudança de faixa,Colisão lateral mesmo sentido,Com Vítimas Feridas,Anoitecer,Decrescente,Céu Claro,Múltipla,Desvio Temporário,Sim,2,0,1,0,1,0,1,2,-27.62996929,-48.65903871,SPRF-SC,DEL01-SC,UOP02-DEL01-SC,2021
"360336,0",2021-05-27,quinta-feira,19:55:00,SC,282,"521,6",XAXIM,Condutor usando celular,Saída de leito carroçável,Com Vítimas Feridas,Plena Noite,Crescente,Céu Claro,Simples,Declive;Reta,Não,2,0,1,0,0,1,1,2,-26.952384,-52.537726,SPRF-SC,DEL07-SC,UOP01-DEL07-SC,2021
"360409,0",2021-04-30,sexta-feira,07:40:00,SC,116,"105,0",MONTE CASTELO,Velocidade Incompatível,Colisão frontal,Com Vítimas Feridas,Pleno dia,Crescente,Céu Claro,Simples,Declive;Curva,Não,2,0,1,1,0,0,2,2,-26.75095005,-50.31749478,SPRF-SC,DEL06-SC,UOP02-DEL06-SC,2021
"360424,0",2021-05-28,sexta-feira,06:15:00,SC,470,"190,0",POUSO REDONDO,Demais falhas mecânicas ou elétricas,Incêndio,Sem Vítimas,Pleno dia,Crescente,Nublado,Simples,Aclive,Não,2,0,0,0,1,2,0,3,-27.281504,-50.069775,SPRF-SC,DEL04-SC,UOP02-DEL04-SC,2021
"360436,0",2021-05-28,sexta-feira,10:30:00,SC,101,"337,0",TUBARAO,Velocidade Incompatível,Colisão com objeto,Com Vítimas Feridas,Pleno dia,Crescente,Nublado,Dupla,Reta,Não,3,0,2,0,0,1,2,2,-28.47726932,-49.03148353,SPRF-SC,DEL02-SC,UOP01-DEL02-SC,2021
"360456,0",2021-05-28,sexta-feira,12:10:00,SC,101,"218,6",PALHOCA,Reação tardia ou ineficiente do condutor,Colisão traseira,Com Vítimas Fatais,Pleno dia,Crescente,Nublado,Dupla,Reta,Não,4,2,0,0,1,3,0,6,-27.68217169,-48.66807979,SPRF-SC,DEL01-SC,UOP02-DEL01-SC,2021
"360468,0",2021-05-28,sexta-feira,12:30:00,SC,101,"66,9",ARAQUARI,Condutor deixou de manter distância do veículo da frente,Tombamento,Com Vítimas Feridas,Pleno dia,Decrescente,Nublado,Dupla,Curva,Não,3,0,1,0,1,1,1,3,-26.478474,-48.73863,SPRF-SC,DEL03-SC,UOP02-DEL03-SC,2021
"360614,0",2021-05-29,sábado,01:35:00,SC,470,"157,8",TROMBUDO CENTRAL,Transitar na contramão,Colisão frontal,Com Vítimas Feridas,Plena Noite,Decrescente,Chuva,Simples,Curva;Aclive,Não,4,0,0,1,2,1,1,3,-27.285425,-49.76881,SPRF-SC,DEL04-SC,UOP02-DEL04-SC,2021
"360637,0",2021-05-28,sexta-feira,22:00:00,SC,280,"189,0",MAFRA,Velocidade Incompatível,Saída de leito carroçável,Com Vítimas Feridas,Plena Noite,Decrescente,Céu Claro,Simples,Curva,Não,2,0,1,0,0,1,1,2,-26.17527846,-49.97184598,SPRF-SC,DEL06-SC,UOP01-DEL06-SC,2021
"360660,0",2021-05-29,sábado,07:05:00,SC,470,"136,6",RIO DO SUL,Velocidade Incompatível,Colisão frontal,Com Vítimas Feridas,Pleno dia,Crescente,Chuva,Simples,Curva,Sim,3,0,0,1,1,1,1,3,-27.194323,-49.624554,SPRF-SC,DEL04-SC,UOP02-DEL04-SC,2021
"360797,0",2021-05-29,sábado,18:15:00,SC,101,"139,8",BALNEARIO CAMBORIU,Velocidade Incompatível,Colisão lateral mesmo sentido,Com Vítimas Feridas,Anoitecer,Crescente,Céu Claro,Múltipla,Reta,Não,4,0,0,1,2,2,1,5,-27.02982303,-48.60115006,SPRF-SC,DEL04-SC,UOP03-DEL04-SC,2021
"360816,0",2021-05-29,sábado,18:00:00,SC,280,"124,0",RIO NEGRINHO,Transitar na contramão,Colisão frontal,Com Vítimas Feridas,Anoitecer,Crescente,Garoa/Chuvisco,Simples,Reta,Não,2,0,0,1,1,0,1,2,-26.24130297,-49.47514499,SPRF-SC,DEL06-SC,UOP03-DEL06-SC,2021
"360894,0",2021-05-30,domingo,01:40:00,SC,101,"146,0",ITAPEMA,Ingestão de álcool pelo condutor,Colisão lateral mesmo sentido,Sem Vítimas,Plena Noite,Decrescente,Céu Claro,Dupla,Reta,Não,2,0,0,0,2,0,0,2,-27.08666525,-48.60955587,SPRF-SC,DEL04-SC,UOP03-DEL04-SC,2021
"361007,0",2021-05-30,domingo,18:00:00,SC,280,"262,0",IRINEOPOLIS,Ultrapassagem Indevida,Colisão frontal,Com Vítimas Feridas,Plena Noite,Crescente,Céu Claro,Dupla,Reta,Não,5,0,1,0,1,3,1,4,-26.2622463,-50.65819899,SPRF-SC,DEL06-SC,UOP04-DEL06-SC,2021
"361099,0",2021-05-14,sexta-feira,19:50:00,SC,101,"361,0",SANGAO,Acessar a via sem observar a presença dos outros veículos,Colisão transversal,Com Vítimas Fatais,Plena Noite,Crescente,Céu Claro,Dupla,Declive;Reta,Não,6,1,0,0,4,1,0,3,-28.6718745,-49.1226356,SPRF-SC,DEL02-SC,UOP01-DEL02-SC,2021
"361116,0",2021-05-31,segunda-feira,02:45:00,SC,116,"107,0",SANTA CECILIA,Velocidade Incompatível,Tombamento,Sem Vítimas,Plena Noite,Decrescente,Céu Claro,Simples,Curva,Não,1,0,0,0,1,0,0,1,-26.75568818,-50.32812388,SPRF-SC,DEL06-SC,UOP02-DEL06-SC,2021
"361121,0",2021-05-31,segunda-feira,06:25:00,SC,280,"37,1",ARAQUARI,Desvio temporário,Colisão lateral sentido oposto,Sem Vítimas,Amanhecer,Crescente,Garoa/Chuvisco,Simples,Declive;Curva;Desvio Temporário,Não,2,0,0,0,2,0,0,2,-26.44572892,-48.81862707,SPRF-SC,DEL03-SC,UOP03-DEL03-SC,2021
"361303,0",2021-05-31,segunda-feira,19:30:00,SC,282,"44,0",AGUAS MORNAS,Problema com o freio,Incêndio,Sem Vítimas,Plena Noite,Decrescente,Céu Claro,Simples,Declive,Não,1,0,0,0,1,0,0,1,-27.722137,-48.90694,SPRF-SC,DEL01-SC,UOP03-DEL01-SC,2021
"361312,0",2021-06-01,terça-feira,06:20:00,SC,101,"162,0",TIJUCAS,Ultrapassagem Indevida,Colisão lateral mesmo sentido,Com Vítimas Feridas,Pleno dia,Decrescente,Céu Claro,Múltipla,Reta,Sim,3,0,1,0,1,1,1,3,-27.22554009,-48.6279367,SPRF-SC,DEL04-SC,UOP03-DEL04-SC,2021
"361333,0",2021-06-01,terça-feira,08:20:00,SC,470,"89,9",ASCURRA,Velocidade Incompatível,Tombamento,Com Vítimas Feridas,Pleno dia,Decrescente,Céu Claro,Simples,Curva,Sim,2,0,1,0,0,2,1,3,-26.97162908,-49.36679261,SPRF-SC,DEL04-SC,UOP01-DEL04-SC,2021
"361337,0",2021-06-01,terça-feira,07:15:00,SC,282,"26,9",SANTO AMARO DA IMPERATRIZ,Pedestre cruzava a pista fora da faixa,Atropelamento de Pedestre,Com Vítimas Feridas,Pleno dia,Crescente,Nevoeiro/Neblina,Simples,Curva,Sim,3,0,0,1,1,1,1,2,-27.680267,-48.762482,SPRF-SC,DEL01-SC,UOP03-DEL01-SC,2021
"361377,0",2021-06-01,terça-feira,13:25:00,SC,101,"211,0",PALHOCA,Reação tardia ou ineficiente do condutor,Queda de ocupante de veículo,Com Vítimas Feridas,Pleno dia,Decrescente,Céu Claro,Dupla,Em Obras;Desvio Temporário,Sim,2,0,1,0,1,0,1,2,-27.62329313,-48.65245588,SPRF-SC,DEL01-SC,UOP02-DEL01-SC,2021
"361416,0",2021-06-01,terça-feira,16:30:00,SC,480,"123,7",CHAPECO,Manobra de mudança de faixa,Colisão traseira,Sem Vítimas,Pleno dia,Decrescente,Céu Claro,Dupla,Aclive,Não,3,0,0,0,2,1,0,3,-27.00216692,-52.64455318,SPRF-SC,DEL07-SC,UOP01-DEL07-SC,2021
"361472,0",2021-06-01,terça-feira,19:20:00,SC,470,"111,5",IBIRAMA,Velocidade Incompatível,Tombamento,Com Vítimas Feridas,Plena Noite,Crescente,Céu Claro,Simples,Curva,Não,2,0,1,0,0,1,1,2,-27.095388,-49.457878,SPRF-SC,DEL04-SC,UOP02-DEL04-SC,2021
"361550,0",2021-06-02,quarta-feira,06:50:00,SC,280,"284,3",IRINEOPOLIS,Ultrapassagem Indevida,Colisão frontal,Com Vítimas Feridas,Pleno dia,Crescente,Nevoeiro/Neblina,Simples,Reta,Não,3,0,2,0,1,0,2,2,-26.29310313,-50.86810503,SPRF-SC,DEL06-SC,UOP04-DEL06-SC,2021
"361552,0",2021-06-02,quarta-feira,12:00:00,SC,101,"404,0",ARARANGUA,Reação tardia ou ineficiente do condutor,Colisão traseira,Com Vítimas Feridas,Pleno dia,Decrescente,Céu Claro,Múltipla,Reta,Não,4,0,1,0,3,0,1,3,-28.87801417,-49.45745479,SPRF-SC,DEL02-SC,UOP02-DEL02-SC,2021
"361564,0",2021-06-02,quarta-feira,12:30:00,SC,470,"129,3",LONTRAS,Condutor deixou de manter distância do veículo da frente,Colisão traseira,Com Vítimas Feridas,Pleno dia,Crescente,Nublado,Simples,Reta,Não,2,0,1,0,1,0,1,2,-27.148499,-49.556137,SPRF-SC,DEL04-SC,UOP02-DEL04-SC,2021
"361565,0",2021-06-02,quarta-feira,10:28:00,SC,280,"155,7",MAFRA,Transitar na contramão,Colisão frontal,Com Vítimas Fatais,Pleno dia,Decrescente,Céu Claro,Simples,Declive;Reta,Não,4,1,0,0,1,2,0,3,-26.1996667,-49.746722,SPRF-SC,DEL06-SC,UOP03-DEL06-SC,2021
"361610,0",2021-06-02,quarta-feira,11:35:00,SC,158,"116,8",CUNHA PORA,Reação tardia ou ineficiente do condutor,Tombamento,Com Vítimas Feridas,Pleno dia,Crescente,Chuva,Simples,Aclive;Curva,Não,2,0,1,0,0,1,1,2,-26.84425606,-53.17106511,SPRF-SC,DEL07-SC,UOP02-DEL07-SC,2021
"361664,0",2021-06-02,quarta-feira,21:35:00,SC,280,"3,6",SAO FRANCISCO DO SUL,Ultrapassagem Indevida,Colisão lateral mesmo sentido,Com Vítimas Feridas,Plena Noite,Crescente,Nublado,Simples,Reta,Não,3,0,1,0,1,1,1,3,-26.24531966,-48.61556107,SPRF-SC,DEL03-SC,UOP03-DEL03-SC,2021
"361678,0",2021-06-02,quarta-feira,21:40:00,SC,101,"234,5",PALHOCA,Ausência de reação do condutor,Colisão traseira,Sem Vítimas,Plena Noite,Decrescente,Céu Claro,Dupla,Reta,Não,3,0,0,0,2,2,0,4,-27.81043812,-48.63537111,SPRF-SC,DEL01-SC,UOP02-DEL01-SC,2021
"361679,0",2021-06-02,quarta-feira,20:00:00,SC,153,"115,0",CONCORDIA,Ingestão de álcool pelo condutor,Colisão frontal,Sem Vítimas,Plena Noite,Decrescente,Chuva,Simples,Curva,Não,4,0,0,0,4,0,0,2,-27.347181,-51.987637,SPRF-SC,DEL07-SC,UOP04-DEL07-SC,2021
"361712,0",2021-06-03,quinta-feira,04:30:00,SC,282,"162,3",BOCAINA DO SUL,Condutor Dormindo,Saída de leito carroçável,Com Vítimas Feridas,Plena Noite,Crescente,Nublado,Simples,Reta,Não,1,0,1,0,0,0,1,1,-27.729252,-49.77306,SPRF-SC,DEL05-SC,UOP01-DEL05-SC,2021
"361728,0",2021-06-03,quinta-feira,05:45:00,SC,280,"152,0",MAFRA,Condutor Dormindo,Saída de leito carroçável,Com Vítimas Feridas,Amanhecer,Crescente,Nevoeiro/Neblina,Simples,Declive,Não,2,0,1,0,0,1,1,2,-26.22730215,-49.7063452,SPRF-SC,DEL06-SC,UOP03-DEL06-SC,2021
"361731,0",2021-06-03,quinta-feira,06:00:00,SC,282,"344,0",CAMPOS NOVOS,Problema com o freio,Tombamento,Com Vítimas Feridas,Pleno dia,Decrescente,Nevoeiro/Neblina,Simples,Rotatória,Sim,2,0,1,0,0,1,1,2,-27.38575302,-51.23556733,SPRF-SC,DEL07-SC,UOP06-DEL07-SC,2021
"361798,0",2021-06-03,quinta-feira,15:50:00,SC,101,"207,3",SAO JOSE,Condutor deixou de manter distância do veículo da frente,Colisão traseira,Com Vítimas Feridas,Pleno dia,Crescente,Céu Claro,Múltipla,Reta,Sim,4,0,1,0,2,1,1,3,-27.60001226,-48.6226467,SPRF-SC,DEL01-SC,UOP01-DEL01-SC,2021
"361846,0",2021-06-03,quinta-feira,10:35:00,SC,101,"214,4",PALHOCA,Ausência de reação do condutor,Colisão traseira,Com Vítimas Feridas,Pleno dia,Decrescente,Céu Claro,Múltipla,Viaduto,Sim,3,0,1,0,2,0,1,3,-27.64443,-48.67057,SPRF-SC,DEL01-SC,UOP02-DEL01-SC,2021
"361849,0",2021-06-03,quinta-feira,20:00:00,SC,101,"176,7",GOVERNADOR CELSO RAMOS,Acessar a via sem observar a presença dos outros veículos,Colisão lateral mesmo sentido,Sem Vítimas,Plena Noite,Decrescente,Céu Claro,Dupla,Reta,Não,2,0,0,0,1,1,0,2,-27.34972332,-48.63253176,SPRF-SC,DEL01-SC,UOP01-DEL01-SC,2021
"361864,0",2021-06-03,quinta-feira,21:10:00,SC,470,"158,0",TROMBUDO CENTRAL,Acessar a via sem observar a presença dos outros veículos,Colisão transversal,Com Vítimas Feridas,Plena Noite,Crescente,Céu Claro,Simples,Retorno Regulamentado,Sim,3,0,2,0,1,0,2,2,-27.28636659,-49.78317261,SPRF-SC,DEL04-SC,UOP02-DEL04-SC,2021
"361997,0",2021-06-04,sexta-feira,16:45:00,SC,280,"38,0",ARAQUARI,Acesso irregular,Saída de leito carroçável,Com Vítimas Fatais,Pleno dia,Crescente,Nublado,Simples,Reta,Não,4,1,0,0,1,3,0,5,-26.44812855,-48.82794004,SPRF-SC,DEL03-SC,UOP03-DEL03-SC,2021
"362010,0",2021-06-04,sexta-feira,17:25:00,SC,101,"385,0",ICARA,Carga excessiva e/ou mal acondicionada,Derramamento de carga,Sem Vítimas,Anoitecer,Decrescente,Céu Claro,Dupla,Reta,Não,2,0,0,0,2,0,0,2,-28.77270929,-49.31110382,SPRF-SC,DEL02-SC,UOP02-DEL02-SC,2021
"362078,0",2021-06-04,sexta-feira,21:20:00,SC,470,"119,5",IBIRAMA,Demais falhas mecânicas ou elétricas,Tombamento,Com Vítimas Feridas,Plena Noite,Decrescente,Nublado,Simples,Curva,Não,2,0,1,0,0,1,1,2,-27.081554,-49.520206,SPRF-SC,DEL04-SC,UOP02-DEL04-SC,2021
"362084,0",2021-06-05,sábado,00:59:00,SC,101,"196,0",BIGUACU,Velocidade Incompatível,Colisão traseira,Sem Vítimas,Plena Noite,Crescente,Nublado,Múltipla,Curva,Sim,3,0,0,0,2,1,0,3,-27.51101091,-48.64322292,SPRF-SC,DEL01-SC,UOP01-DEL01-SC,2021
"362126,0",2021-06-05,sábado,05:40:00,SC,282,"496,9",XANXERE,Condutor deixou de manter distância do veículo da frente,Colisão lateral mesmo sentido,Com Vítimas Feridas,Amanhecer,Decrescente,Nublado,Simples,Reta,Não,4,0,2,0,1,1,2,3,-26.878679,-52.335735,SPRF-SC,DEL07-SC,UOP01-DEL07-SC,2021
"362194,0",2021-06-05,sábado,15:10:00,SC,470,"66,2",INDAIAL,Ultrapassagem Indevida,Colisão lateral mesmo sentido,Com Vítimas Feridas,Pleno dia,Decrescente,Céu Claro,Simples,Rotatória,Sim,2,0,1,0,1,0,1,2,-26.87000888,-49.22488689,SPRF-SC,DEL04-SC,UOP01-DEL04-SC,2021
"362220,0",2021-06-05,sábado,17:00:00,SC,470,"146,3",RIO DO SUL,Condutor deixou de manter distância do veículo da frente,Colisão traseira,Sem Vítimas,Anoitecer,Crescente,Céu Claro,Simples,Reta,Sim,3,0,0,0,2,1,0,3,-27.240673,-49.685822,SPRF-SC,DEL04-SC,UOP02-DEL04-SC,2021
"362258,0",2021-06-05,sábado,07:35:00,SC,282,"437,3",IRANI,Desrespeitar a preferência no cruzamento,Colisão transversal,Com Vítimas Feridas,Pleno dia,Crescente,Céu Claro,Simples,Rotatória,Não,3,0,1,0,2,0,1,2,-26.963764,-51.854839,SPRF-SC,DEL07-SC,UOP04-DEL07-SC,2021
"362278,0",2021-06-05,sábado,20:40:00,SC,470,"12,6",NAVEGANTES,Restrição de visibilidade em curvas horizontais,Tombamento,Sem Vítimas,Plena Noite,Decrescente,Céu Claro,Simples,Em Obras,Não,2,0,0,0,1,1,0,2,-26.835169,-48.757267,SPRF-SC,DEL04-SC,UOP04-DEL04-SC,2021
"362280,0",2021-06-05,sábado,16:30:00,SC,101,"41,6",JOINVILLE,Ausência de reação do condutor,Saída de leito carroçável,Com Vítimas Fatais,Pleno dia,Decrescente,Sol,Dupla,Reta;Aclive;Viaduto,Sim,1,1,0,0,0,0,0,1,-26.319357,-48.87102887,SPRF-SC,DEL03-SC,UOP01-DEL03-SC,2021
"362376,0",2021-06-06,domingo,06:37:00,SC,101,"138,6",BALNEARIO CAMBORIU,Velocidade Incompatível,Colisão lateral mesmo sentido,Com Vítimas Fatais,Pleno dia,Crescente,Nublado,Múltipla,Curva,Não,6,4,1,0,0,1,1,5,-27.0285155,-48.6046301,SPRF-SC,DEL04-SC,UOP03-DEL04-SC,2021
"362415,0",2021-06-06,domingo,14:20:00,SC,101,"136,0",BALNEARIO CAMBORIU,Velocidade Incompatível,Colisão traseira,Com Vítimas Feridas,Pleno dia,Crescente,Nublado,Dupla,Reta,Não,3,0,0,1,1,1,1,3,-27.008113,-48.617245,SPRF-SC,DEL04-SC,UOP03-DEL04-SC,2021
"362594,0",2021-06-07,segunda-feira,06:34:00,SC,116,"107,8",MONTE CASTELO,Velocidade Incompatível,Colisão com objeto,Sem Vítimas,Amanhecer,Decrescente,Chuva,Simples,Curva;Declive,Não,2,0,0,0,1,1,0,2,-26.75241268,-50.32493591,SPRF-SC,DEL06-SC,UOP02-DEL06-SC,2021
"362620,0",2021-06-07,segunda-feira,12:19:00,SC,101,"203,0",SAO JOSE,Condutor deixou de manter distância do veículo da frente,Colisão com objeto,Com Vítimas Feridas,Pleno dia,Decrescente,Garoa/Chuvisco,Múltipla,Curva,Sim,3,0,2,0,1,0,2,2,-27.56564759,-48.61421227,SPRF-SC,DEL01-SC,UOP01-DEL01-SC,2021
"362674,0",2021-06-07,segunda-feira,12:10:00,SC,480,"125,9",CHAPECO,Desrespeitar a preferência no cruzamento,Colisão frontal,Com Vítimas Feridas,Pleno dia,Crescente,Céu Claro,Simples,Interseção de Vias,Sim,3,0,0,1,1,1,1,3,-27.01164515,-52.63953123,SPRF-SC,DEL07-SC,UOP01-DEL07-SC,2021
"362689,0",2021-06-07,segunda-feira,15:05:00,SC,116,"148,0",SANTA CECILIA,Demais falhas mecânicas ou elétricas,Tombamento,Sem Vítimas,Pleno dia,Crescente,Céu Claro,Simples,Curva,Não,2,0,0,0,1,3,0,4,-27.02472456,-50.42003632,SPRF-SC,DEL06-SC,UOP02-DEL06-SC,2021
"362712,0",2021-06-07,segunda-feira,19:40:00,SC,101,"206,6",SAO JOSE,Ausência de sinalização,Colisão traseira,Com Vítimas Feridas,Plena Noite,Crescente,Garoa/Chuvisco,Múltipla,Reta,Sim,3,0,0,1,2,0,1,3,-27.59193546,-48.61824557,SPRF-SC,DEL01-SC,UOP01-DEL01-SC,2021
"362719,0",2021-06-07,segunda-feira,16:30:00,SC,470,"356,1",CAMPOS NOVOS,Reação tardia ou ineficiente do condutor,Tombamento,Com Vítimas Feridas,Pleno dia,Crescente,Nublado,Simples,Curva,Não,2,0,0,1,0,1,1,2,-27.596577,-51.473782,SPRF-SC,DEL07-SC,UOP06-DEL07-SC,2021
"362734,0",2021-06-07,segunda-feira,18:10:00,SC,101,"383,4",ICARA,Demais falhas mecânicas ou elétricas,Colisão traseira,Com Vítimas Feridas,Anoitecer,Decrescente,Chuva,Múltipla,Reta,Sim,3,0,1,1,1,0,2,2,-28.7644284,-49.29379981,SPRF-SC,DEL02-SC,UOP02-DEL02-SC,2021
"362771,0",2021-06-08,terça-feira,06:30:00,SC,470,"65,1",INDAIAL,Entrada inopinada do pedestre,Atropelamento de Pedestre,Com Vítimas Fatais,Pleno dia,Crescente,Garoa/Chuvisco,Simples,Reta,Sim,2,1,0,0,1,0,0,2,-26.87058,-49.21413,SPRF-SC,DEL04-SC,UOP01-DEL04-SC,2021
"362816,0",2021-06-08,terça-feira,08:30:00,SC,101,"362,2",SANGAO,Reação tardia ou ineficiente do condutor,Colisão traseira,Com Vítimas Feridas,Pleno dia,Decrescente,Céu Claro,Dupla,Reta;Aclive,Não,3,0,0,1,1,1,1,3,-28.67656343,-49.13076282,SPRF-SC,DEL02-SC,UOP01-DEL02-SC,2021
"362872,0",2021-06-08,terça-feira,11:15:00,SC,470,"190,0",POUSO REDONDO,Velocidade Incompatível,Colisão frontal,Com Vítimas Feridas,Pleno dia,Decrescente,Chuva,Simples,Curva,Não,2,0,1,1,0,0,2,2,-27.281504,-50.069775,SPRF-SC,DEL04-SC,UOP02-DEL04-SC,2021
"362899,0",2021-06-08,terça-feira,18:30:00,SC,282,"15,5",PALHOCA,Ausência de reação do condutor,Colisão traseira,Com Vítimas Feridas,Plena Noite,Crescente,Chuva,Simples,Reta,Sim,2,0,1,0,1,0,1,2,-27.651848,-48.676048,SPRF-SC,DEL01-SC,UOP02-DEL01-SC,2021
"362913,0",2021-06-08,terça-feira,13:10:00,SC,280,"90,8",CORUPA,Curva acentuada,Tombamento,Sem Vítimas,Pleno dia,Decrescente,Chuva,Simples,Curva,Não,2,0,0,0,1,2,0,3,-26.407423,-49.283504,SPRF-SC,DEL06-SC,UOP03-DEL06-SC,2021
"362931,0",2021-06-08,terça-feira,13:40:00,SC,470,"92,5",APIUNA,Ausência de reação do condutor,Colisão lateral sentido oposto,Com Vítimas Feridas,Pleno dia,Decrescente,Sol,Simples,Reta,Sim,3,0,1,0,1,1,1,3,-26.98592,-49.373047,SPRF-SC,DEL04-SC,UOP01-DEL04-SC,2021
"362947,0",2021-06-08,terça-feira,20:20:00,SC,470,"128,6",LONTRAS,Reação tardia ou ineficiente do condutor,Colisão frontal,Com Vítimas Fatais,Plena Noite,Crescente,Chuva,Simples,Curva,Não,2,1,0,0,1,0,0,2,-27.14733577,-49.5552063,SPRF-SC,DEL04-SC,UOP02-DEL04-SC,2021
"363041,0",2021-06-09,quarta-feira,09:05:00,SC,470,"225,5",SAO CRISTOVAO DO SUL,Velocidade Incompatível,Tombamento,Com Vítimas Feridas,Pleno dia,Crescente,Chuva,Simples,Curva,Não,2,0,1,0,0,1,1,2,-27.328018,-50.351475,SPRF-SC,DEL05-SC,UOP03-DEL05-SC,2021
"363108,0",2021-06-09,quarta-feira,16:35:00,SC,116,"225,7",CORREIA PINTO,Velocidade Incompatível,Tombamento,Com Vítimas Feridas,Pleno dia,Decrescente,Céu Claro,Simples,Reta,Não,2,0,1,0,0,2,1,3,-27.63183218,-50.34047127,SPRF-SC,DEL05-SC,UOP03-DEL05-SC,2021
"363112,0",2021-06-09,quarta-feira,09:30:00,SC,101,"113,9",ITAJAI,Manobra de mudança de faixa,Colisão lateral mesmo sentido,Com Vítimas Feridas,Pleno dia,Crescente,Nublado,Múltipla,Reta,Sim,2,0,0,1,1,0,1,2,-26.85311393,-48.72689927,SPRF-SC,DEL04-SC,UOP04-DEL04-SC,2021
"363123,0",2021-06-09,quarta-feira,20:30:00,SC,101,"198,5",BIGUACU,Ingestão de álcool pelo condutor,Colisão traseira,Com Vítimas Feridas,Plena Noite,Crescente,Céu Claro,Dupla,Reta,Não,3,0,1,0,1,1,1,3,-27.52658712,-48.63506019,SPRF-SC,DEL01-SC,UOP01-DEL01-SC,2021
"363142,0",2021-06-09,quarta-feira,15:15:00,SC,470,"111,2",IBIRAMA,Velocidade Incompatível,Tombamento,Com Vítimas Feridas,Pleno dia,Crescente,Sol,Simples,Curva,Não,5,0,2,0,2,2,2,6,-27.09978207,-49.46122169,SPRF-SC,DEL04-SC,UOP02-DEL04-SC,2021
"363150,0",2021-06-10,quinta-feira,00:00:00,SC,282,"118,7",ALFREDO WAGNER,Ingestão de álcool pelo condutor,Colisão lateral sentido oposto,Com Vítimas Feridas,Plena Noite,Decrescente,Céu Claro,Simples,Reta,Não,2,0,1,0,1,0,1,2,-27.776798,-49.411194,SPRF-SC,DEL05-SC,UOP01-DEL05-SC,2021
"363201,0",2021-06-10,quinta-feira,07:00:00,SC,470,"208,6",SAO CRISTOVAO DO SUL,Condutor Dormindo,Colisão frontal,Com Vítimas Fatais,Pleno dia,Crescente,Nublado,Simples,Curva,Não,3,1,0,1,1,0,1,2,-27.29054284,-50.19739151,SPRF-SC,DEL05-SC,UOP03-DEL05-SC,2021