id,data_inversa,dia_semana,horario,uf,br,km,municipio,causa_acidente,tipo_acidente,classificacao_acidente,fase_dia,sentido_via,condicao_metereologica,tipo_pista,tracado_via,uso_solo,pessoas,mortos,feridos_leves,feridos_graves,ilesos,ignorados,feridos,veiculos,latitude,longitude,regional,delegacia,uop,ano_arquivo
"363221,0",2021-06-10,quinta-feira,10:35:00,SC,101,"193,0",BIGUACU,Carga excessiva e/ou mal acondicionada,Colisão lateral mesmo sentido,Sem Vítimas,Pleno dia,Decrescente,Nublado,Dupla,Reta,Sim,3,0,0,0,2,2,0,4,-27.48952354,-48.65565777,SPRF-SC,DEL01-SC,UOP01-DEL01-SC,2021
"363241,0",2021-06-10,quinta-feira,11:40:00,SC,116,"5,0",MAFRA,Desrespeitar a preferência no cruzamento,Colisão transversal,Com Vítimas Feridas,Pleno dia,Crescente,Nublado,Simples,Reta;Interseção de Vias,Sim,2,0,1,0,0,1,1,2,-26.14094396,-49.81508303,SPRF-SC,DEL06-SC,UOP01-DEL06-SC,2021
"363251,0",2021-05-15,sábado,01:20:00,SC,282,"601,4",CUNHA PORA,Ingestão de álcool pelo condutor,Colisão frontal,Com Vítimas Feridas,Plena Noite,Decrescente,Céu Claro,Simples,Reta,Não,3,0,2,0,1,0,2,2,-26.809002,-53.169399,SPRF-SC,DEL07-SC,UOP02-DEL07-SC,2021
"363267,0",2021-06-10,quinta-feira,16:30:00,SC,470,"126,5",LONTRAS,Acessar a via sem observar a presença dos outros veículos,Tombamento,Com Vítimas Feridas,Pleno dia,Decrescente,Chuva,Simples,Declive;Reta,Sim,3,0,1,0,0,2,1,3,-27.135,-49.541,SPRF-SC,DEL04-SC,UOP02-DEL04-SC,2021
"363297,0",2021-06-10,quinta-feira,16:30:00,SC,163,"73,7",SAO MIGUEL DO OESTE,Transitar na contramão,Colisão lateral sentido oposto,Com Vítimas Feridas,Pleno dia,Crescente,Nublado,Simples,Curva;Declive;Em Obras,Não,4,0,2,1,0,4,3,6,-26.70448132,-53.51344943,SPRF-SC,DEL07-SC,UOP03-DEL07-SC,2021
"363380,0",2021-06-11,sexta-feira,06:40:00,SC,470,"1,0",NAVEGANTES,Condutor deixou de manter distância do veículo da frente,Colisão traseira,Com Vítimas Feridas,Pleno dia,Crescente,Céu Claro,Dupla,Reta,Não,2,0,1,0,0,1,1,2,-26.875383,-48.668285,SPRF-SC,DEL04-SC,UOP04-DEL04-SC,2021
"363486,0",2021-06-11,sexta-feira,15:45:00,SC,101,"141,5",BALNEARIO CAMBORIU,Condutor deixou de manter distância do veículo da frente,Colisão traseira,Com Vítimas Feridas,Pleno dia,Crescente,Nublado,Dupla,Declive,Não,2,0,1,0,1,0,1,2,-27.04761729,-48.59995855,SPRF-SC,DEL04-SC,UOP03-DEL04-SC,2021
"363618,0",2021-06-12,sábado,07:40:00,SC,101,"367,3",SANGAO,Velocidade Incompatível,Colisão lateral mesmo sentido,Com Vítimas Feridas,Pleno dia,Crescente,Céu Claro,Múltipla,Aclive,Sim,4,0,1,0,3,0,1,3,-28.69145778,-49.16484911,SPRF-SC,DEL02-SC,UOP01-DEL02-SC,2021
"363638,0",2021-06-12,sábado,07:30:00,SC,101,"210,0",SAO JOSE,Condutor deixou de manter distância do veículo da frente,Colisão lateral mesmo sentido,Com Vítimas Feridas,Pleno dia,Decrescente,Céu Claro,Dupla,Reta,Sim,3,0,1,0,0,2,1,3,-27.6167305,-48.6457265,SPRF-SC,DEL01-SC,UOP01-DEL01-SC,2021
"363664,0",2021-06-12,sábado,13:00:00,SC,101,"111,0",NAVEGANTES,Acessar a via sem observar a presença dos outros veículos,Colisão lateral mesmo sentido,Com Vítimas Feridas,Pleno dia,Decrescente,Céu Claro,Dupla,Curva,Sim,3,0,0,1,1,1,1,3,-26.83955734,-48.71418074,SPRF-SC,DEL04-SC,UOP04-DEL04-SC,2021
"363732,0",2021-05-13,quinta-feira,11:28:00,SC,101,"282,0",IMBITUBA,Manobra de mudança de faixa,Colisão transversal,Com Vítimas Feridas,Pleno dia,Crescente,Céu Claro,Simples,Interseção de Vias;Reta,Sim,4,0,1,1,1,1,2,3,-28.19626005,-48.69739859,SPRF-SC,DEL02-SC,UOP03-DEL02-SC,2021
"363775,0",2021-06-12,sábado,20:25:00,SC,101,"201,0",SAO JOSE,Pedestre andava na pista,Atropelamento de Pedestre,Com Vítimas Feridas,Plena Noite,Decrescente,Céu Claro,Dupla,Reta,Sim,3,0,0,1,1,1,1,2,-27.54836599,-48.61977975,SPRF-SC,DEL01-SC,UOP01-DEL01-SC,2021
"363788,0",2021-06-12,sábado,20:40:00,SC,101,"290,0",IMBITUBA,Reação tardia ou ineficiente do condutor,Colisão lateral mesmo sentido,Sem Vítimas,Plena Noite,Decrescente,Céu Claro,Dupla,Reta,Sim,3,0,0,0,1,2,0,3,-28.26202477,-48.70403355,SPRF-SC,DEL02-SC,UOP03-DEL02-SC,2021
"363876,0",2021-06-13,domingo,10:25:00,SC,116,"233,0",CORREIA PINTO,Carga excessiva e/ou mal acondicionada,Colisão com objeto,Sem Vítimas,Pleno dia,Decrescente,Céu Claro,Simples,Reta,Não,2,0,0,0,1,1,0,2,-27.69306795,-50.33623941,SPRF-SC,DEL05-SC,UOP01-DEL05-SC,2021
"363956,0",2021-06-13,domingo,18:10:00,SC,470,"153,8",AGRONOMICA,Velocidade Incompatível,Engavetamento,Com Vítimas Feridas,Plena Noite,Crescente,Céu Claro,Simples,Curva,Não,5,0,1,0,3,2,1,6,-27.27664404,-49.74035785,SPRF-SC,DEL04-SC,UOP02-DEL04-SC,2021
"363975,0",2021-06-13,domingo,18:10:00,SC,116,"4,0",MAFRA,Acessar a via sem observar a presença dos outros veículos,Colisão lateral mesmo sentido,Com Vítimas Feridas,Plena Noite,Decrescente,Céu Claro,Simples,Reta,Sim,4,0,1,0,2,1,1,3,-26.13554917,-49.8072652,SPRF-SC,DEL06-SC,UOP01-DEL06-SC,2021
"364053,0",2021-06-14,segunda-feira,02:35:00,SC,101,"395,0",CRICIUMA,Condutor Dormindo,Colisão traseira,Com Vítimas Feridas,Plena Noite,Decrescente,Nevoeiro/Neblina,Dupla,Reta,Não,2,0,1,0,1,0,1,2,-28.83053855,-49.413414,SPRF-SC,DEL02-SC,UOP02-DEL02-SC,2021
"364074,0",2021-06-13,domingo,22:00:00,SC,116,"127,5",SANTA CECILIA,Ingestão de álcool pelo condutor,Colisão transversal,Com Vítimas Feridas,Plena Noite,Crescente,Nublado,Simples,Interseção de Vias,Não,3,0,1,0,1,1,1,3,-26.87270031,-50.41550285,SPRF-SC,DEL06-SC,UOP02-DEL06-SC,2021
"364090,0",2021-06-14,segunda-feira,06:35:00,SC,116,"235,0",CORREIA PINTO,Reação tardia ou ineficiente do condutor,Colisão frontal,Com Vítimas Feridas,Amanhecer,Crescente,Nevoeiro/Neblina,Simples,Reta,Sim,3,0,1,0,1,1,1,3,-27.711685,-50.33625903,SPRF-SC,DEL05-SC,UOP01-DEL05-SC,2021
"364102,0",2021-06-11,sexta-feira,17:00:00,SC,101,"35,0",JOINVILLE,Manobra de mudança de faixa,Colisão lateral mesmo sentido,Com Vítimas Feridas,Pleno dia,Crescente,Céu Claro,Dupla,Reta,Não,3,0,1,0,1,1,1,3,-26.27425277,-48.89396667,SPRF-SC,DEL03-SC,UOP01-DEL03-SC,2021
"364188,0",2021-06-14,segunda-feira,12:45:00,SC,282,"569,2",NOVA ERECHIM,Pista esburacada,Colisão frontal,Com Vítimas Fatais,Pleno dia,Crescente,Sol,Simples,Reta,Não,4,2,0,0,1,1,0,3,-26.9007,-52.9152,SPRF-SC,DEL07-SC,UOP02-DEL07-SC,2021
"364189,0",2021-06-14,segunda-feira,16:50:00,SC,470,"8,7",NAVEGANTES,Ausência de reação do condutor,Colisão lateral sentido oposto,Com Vítimas Feridas,Pleno dia,Decrescente,Céu Claro,Simples,Reta,Não,3,0,1,0,1,1,1,3,-26.83688,-48.718853,SPRF-SC,DEL04-SC,UOP04-DEL04-SC,2021
"364193,0",2021-06-14,segunda-feira,16:45:00,SC,101,"89,1",BARRA VELHA,Pedestre cruzava a pista fora da faixa,Atropelamento de Pedestre,Com Vítimas Fatais,Pleno dia,Decrescente,Sol,Múltipla,Reta,Sim,3,1,0,0,1,1,0,3,-26.660558,-48.688372,SPRF-SC,DEL03-SC,UOP02-DEL03-SC,2021
"364208,0",2021-06-14,segunda-feira,17:15:00,SC,280,"122,4",RIO NEGRINHO,Condutor deixou de manter distância do veículo da frente,Colisão traseira,Com Vítimas Feridas,Pleno dia,Crescente,Céu Claro,Simples,Reta,Não,2,0,0,1,0,1,1,2,-26.24855895,-49.45712883,SPRF-SC,DEL06-SC,UOP03-DEL06-SC,2021
"364223,0",2021-05-21,sexta-feira,18:05:00,SC,280,"92,0",CORUPA,Ultrapassagem Indevida,Colisão lateral mesmo sentido,Com Vítimas Feridas,Plena Noite,Decrescente,Nublado,Simples,Reta;Declive,Não,2,0,0,1,0,1,1,2,-26.40198057,-49.29053774,SPRF-SC,DEL06-SC,UOP03-DEL06-SC,2021
"364224,0",2021-06-14,segunda-feira,10:20:00,SC,282,"488,1",FAXINAL DOS GUEDES,Velocidade Incompatível,Tombamento,Sem Vítimas,Pleno dia,Decrescente,Sol,Simples,Rotatória,Não,2,0,0,0,1,1,0,2,-26.863047,-52.270107,SPRF-SC,DEL07-SC,UOP01-DEL07-SC,2021
"364230,0",2021-06-14,segunda-feira,13:30:00,SC,282,"111,7",ALFREDO WAGNER,Reação tardia ou ineficiente do condutor,Saída de leito carroçável,Com Vítimas Feridas,Pleno dia,Decrescente,Céu Claro,Simples,Curva,Não,2,0,1,0,0,1,1,2,-27.733616,-49.367538,SPRF-SC,DEL01-SC,UOP03-DEL01-SC,2021
"364254,0",2021-06-14,segunda-feira,21:15:00,SC,470,"73,4",INDAIAL,Pedestre andava na pista,Atropelamento de Pedestre,Com Vítimas Fatais,Plena Noite,Crescente,Nublado,Simples,Reta,Sim,2,1,0,0,0,1,0,2,-26.908962,-49.275089,SPRF-SC,DEL04-SC,UOP01-DEL04-SC,2021
"364259,0",2021-06-14,segunda-feira,19:25:00,SC,116,"104,9",MONTE CASTELO,Velocidade Incompatível,Tombamento,Com Vítimas Feridas,Plena Noite,Decrescente,Céu Claro,Simples,Reta,Não,1,0,0,1,0,0,1,1,-26.742656,-50.31436699,SPRF-SC,DEL06-SC,UOP02-DEL06-SC,2021
"364299,0",2021-05-11,terça-feira,07:50:00,SC,470,"7,0",NAVEGANTES,Acesso irregular,Colisão transversal,Com Vítimas Feridas,Pleno dia,Decrescente,Nublado,Simples,Reta,Sim,5,0,0,2,1,2,2,4,-26.84499,-48.71505,SPRF-SC,DEL04-SC,UOP04-DEL04-SC,2021
"364308,0",2021-06-15,terça-feira,08:40:00,SC,470,"3,8",NAVEGANTES,Manobra de mudança de faixa,Colisão lateral mesmo sentido,Com Vítimas Feridas,Pleno dia,Decrescente,Céu Claro,Múltipla,Rotatória,Sim,4,0,2,0,1,1,2,3,-26.85886546,-48.68978668,SPRF-SC,DEL04-SC,UOP04-DEL04-SC,2021
"364379,0",2021-06-15,terça-feira,13:20:00,SC,470,"175,9",POUSO REDONDO,Velocidade Incompatível,Colisão traseira,Com Vítimas Feridas,Pleno dia,Crescente,Céu Claro,Múltipla,Reta,Sim,3,0,2,0,1,0,2,2,-27.25617,-49.938969,SPRF-SC,DEL04-SC,UOP02-DEL04-SC,2021
"364432,0",2021-06-15,terça-feira,18:35:00,SC,282,"513,6",XAXIM,Acessar a via sem observar a presença dos outros veículos,Colisão transversal,Com Vítimas Fatais,Plena Noite,Crescente,Céu Claro,Simples,Reta,Não,3,1,0,0,1,1,0,3,-26.915344,-52.4851546,SPRF-SC,DEL07-SC,UOP01-DEL07-SC,2021
"364515,0",2021-06-16,quarta-feira,15:15:00,SC,101,"209,0",SAO JOSE,Condutor deixou de manter distância do veículo da frente,Colisão traseira,Com Vítimas Feridas,Pleno dia,Crescente,Céu Claro,Múltipla,Reta,Sim,2,0,1,0,1,0,1,2,-27.61000542,-48.63895057,SPRF-SC,DEL01-SC,UOP01-DEL01-SC,2021
"364596,0",2021-06-17,quinta-feira,05:40:00,SC,101,"83,0",BARRA VELHA,Reação tardia ou ineficiente do condutor,Colisão traseira,Com Vítimas Feridas,Plena Noite,Decrescente,Garoa/Chuvisco,Dupla,Reta,Não,3,0,1,0,1,1,1,3,-26.61865655,-48.71834126,SPRF-SC,DEL03-SC,UOP02-DEL03-SC,2021
"364605,0",2021-06-17,quinta-feira,03:15:00,SC,470,"215,0",SAO CRISTOVAO DO SUL,Neblina,Colisão traseira,Com Vítimas Feridas,Plena Noite,Decrescente,Nevoeiro/Neblina,Simples,Reta,Não,25,0,1,1,23,0,2,2,-27.30350919,-50.27560472,SPRF-SC,DEL05-SC,UOP03-DEL05-SC,2021
"364638,0",2021-06-17,quinta-feira,09:50:00,SC,101,"53,5",JOINVILLE,Estacionar ou parar em local proibido,Colisão traseira,Com Vítimas Feridas,Pleno dia,Decrescente,Nublado,Múltipla,Reta,Não,2,0,0,1,1,0,1,2,-26.40231201,-48.83969703,SPRF-SC,DEL03-SC,UOP01-DEL03-SC,2021
"364642,0",2021-06-17,quinta-feira,10:50:00,SC,101,"55,0",JOINVILLE,Reação tardia ou ineficiente do condutor,Colisão lateral mesmo sentido,Sem Vítimas,Pleno dia,Decrescente,Nublado,Dupla,Curva,Não,4,0,0,0,3,2,0,4,-26.42280898,-48.82977496,SPRF-SC,DEL03-SC,UOP01-DEL03-SC,2021
"364651,0",2021-06-17,quinta-feira,12:10:00,SC,470,"81,8",RODEIO,Velocidade Incompatível,Tombamento,Com Vítimas Feridas,Pleno dia,Decrescente,Nublado,Simples,Curva,Não,2,0,1,0,0,1,1,2,-26.959075,-49.32492256,SPRF-SC,DEL04-SC,UOP01-DEL04-SC,2021
"364676,0",2021-06-17,quinta-feira,14:00:00,SC,101,"236,4",PALHOCA,Manobra de mudança de faixa,Colisão transversal,Com Vítimas Feridas,Pleno dia,Crescente,Nublado,Dupla,Reta,Não,2,0,1,0,1,0,1,2,-27.82629382,-48.63034842,SPRF-SC,DEL01-SC,UOP02-DEL01-SC,2021
"364686,0",2021-06-17,quinta-feira,14:25:00,SC,480,"125,0",CHAPECO,Manobra de mudança de faixa,Colisão lateral mesmo sentido,Sem Vítimas,Pleno dia,Crescente,Nublado,Dupla,Reta,Sim,3,0,0,0,2,1,0,3,-26.99739704,-52.64201951,SPRF-SC,DEL07-SC,UOP01-DEL07-SC,2021
"364694,0",2021-06-17,quinta-feira,15:10:00,SC,101,"257,0",PAULO LOPES,Demais falhas mecânicas ou elétricas,Incêndio,Sem Vítimas,Pleno dia,Decrescente,Céu Claro,Simples,Curva,Não,2,0,0,0,2,0,0,1,-27.99885386,-48.68886352,SPRF-SC,DEL02-SC,UOP03-DEL02-SC,2021
"364735,0",2021-06-17,quinta-feira,16:20:00,SC,163,"68,3",SAO MIGUEL DO OESTE,Ausência de reação do condutor,Saída de leito carroçável,Com Vítimas Feridas,Pleno dia,Crescente,Céu Claro,Dupla,Declive;Reta,Sim,2,0,1,0,1,0,1,1,-26.75038301,-53.50086841,SPRF-SC,DEL07-SC,UOP03-DEL07-SC,2021
"364742,0",2021-06-17,quinta-feira,20:50:00,SC,101,"288,0",IMBITUBA,Objeto estático sobre o leito carroçável,Colisão com objeto,Com Vítimas Feridas,Plena Noite,Decrescente,Céu Claro,Simples,Reta,Sim,2,0,0,1,1,0,1,2,-28.24598003,-48.70010284,SPRF-SC,DEL02-SC,UOP03-DEL02-SC,2021
"364770,0",2021-06-17,quinta-feira,22:45:00,SC,470,"234,0",SAO CRISTOVAO DO SUL,Velocidade Incompatível,Colisão frontal,Com Vítimas Feridas,Plena Noite,Decrescente,Nublado,Simples,Curva,Não,3,0,0,1,1,1,1,3,-27.29992205,-50.44023314,SPRF-SC,DEL05-SC,UOP03-DEL05-SC,2021
"364777,0",2021-06-17,quinta-feira,23:20:00,SC,282,"544,4",CHAPECO,Ingestão de álcool pelo condutor,Saída de leito carroçável,Sem Vítimas,Plena Noite,Crescente,Garoa/Chuvisco,Simples,Reta,Não,1,0,0,0,1,0,0,1,-26.992517,-52.724781,SPRF-SC,DEL07-SC,UOP01-DEL07-SC,2021
"364793,0",2021-06-18,sexta-feira,06:45:00,SC,470,"9,9",NAVEGANTES,Acessar a via sem observar a presença dos outros veículos,Colisão transversal,Com Vítimas Fatais,Amanhecer,Decrescente,Nublado,Simples,Interseção de Vias,Não,4,2,0,0,2,0,0,3,-26.833693,-48.73724,SPRF-SC,DEL04-SC,UOP04-DEL04-SC,2021
"364801,0",2021-06-18,sexta-feira,06:30:00,SC,282,"411,6",CATANDUVAS,Ultrapassagem Indevida,Colisão frontal,Com Vítimas Feridas,Amanhecer,Decrescente,Céu Claro,Simples,Declive;Curva,Não,5,0,1,1,2,3,2,7,-27.059202,-51.680046,SPRF-SC,DEL07-SC,UOP05-DEL07-SC,2021
"364846,0",2021-04-26,segunda-feira,17:45:00,SC,282,"580,3",PINHALZINHO,Reação tardia ou ineficiente do condutor,Engavetamento,Com Vítimas Feridas,Anoitecer,Decrescente,Céu Claro,Simples,Reta,Sim,4,0,2,0,2,0,2,3,-26.835988,-52.989708,SPRF-SC,DEL07-SC,UOP02-DEL07-SC,2021
"364853,0",2021-06-18,sexta-feira,13:10:00,SC,280,"57,4",GUARAMIRIM,Ausência de reação do condutor,Colisão transversal,Com Vítimas Feridas,Pleno dia,Crescente,Nublado,Dupla,Rotatória,Sim,2,0,1,0,1,0,1,2,-26.4742033,-49.01977301,SPRF-SC,DEL03-SC,UOP03-DEL03-SC,2021
"364855,0",2021-06-18,sexta-feira,11:29:00,SC,282,"334,3",CAMPOS NOVOS,Ultrapassagem Indevida,Colisão lateral mesmo sentido,Com Vítimas Feridas,Pleno dia,Crescente,Céu Claro,Simples,Reta,Não,4,0,0,1,2,2,1,5,-27.3943,-51.145859,SPRF-SC,DEL07-SC,UOP06-DEL07-SC,2021
"364866,0",2021-06-03,quinta-feira,00:45:00,SC,116,"124,6",SANTA CECILIA,Ultrapassagem Indevida,Colisão lateral sentido oposto,Com Vítimas Feridas,Plena Noite,Decrescente,Nevoeiro/Neblina,Simples,Curva,Não,5,0,2,1,1,3,3,6,-26.85025694,-50.40504834,SPRF-SC,DEL06-SC,UOP02-DEL06-SC,2021
"364887,0",2021-06-18,sexta-feira,14:00:00,SC,101,"57,8",ARAQUARI,Velocidade Incompatível,Tombamento,Com Vítimas Feridas,Pleno dia,Crescente,Nublado,Dupla,Curva,Não,3,0,1,0,1,3,1,5,-26.43938006,-48.80226195,SPRF-SC,DEL03-SC,UOP01-DEL03-SC,2021
"364915,0",2021-06-18,sexta-feira,17:40:00,SC,470,"52,0",BLUMENAU,Ausência de reação do condutor,Colisão lateral mesmo sentido,Sem Vítimas,Anoitecer,Decrescente,Nublado,Simples,Interseção de Vias,Não,3,0,0,0,2,1,0,3,-26.862286,-49.093903,SPRF-SC,DEL04-SC,UOP01-DEL04-SC,2021
"364936,0",2021-06-18,sexta-feira,17:00:00,SC,470,"68,0",INDAIAL,Ausência de reação do condutor,Colisão traseira,Com Vítimas Feridas,Anoitecer,Decrescente,Nublado,Simples,Reta,Não,2,0,0,1,1,0,1,2,-26.877615,-49.239231,SPRF-SC,DEL04-SC,UOP01-DEL04-SC,2021
"364995,0",2021-04-29,quinta-feira,19:10:00,SC,280,"36,5",ARAQUARI,Iluminação deficiente,Colisão traseira,Com Vítimas Feridas,Plena Noite,Crescente,Nublado,Simples,Reta,Não,4,0,0,1,1,2,1,3,-26.44335189,-48.813833,SPRF-SC,DEL03-SC,UOP03-DEL03-SC,2021
"365015,0",2021-06-18,sexta-feira,23:40:00,SC,470,"2,0",NAVEGANTES,Ingestão de álcool pelo condutor,Saída de leito carroçável,Sem Vítimas,Plena Noite,Crescente,Chuva,Simples,Reta,Não,2,0,0,0,1,1,0,2,-26.868551,-48.674831,SPRF-SC,DEL04-SC,UOP04-DEL04-SC,2021
"365089,0",2021-06-19,sábado,11:40:00,SC,101,"139,0",BALNEARIO CAMBORIU,Avarias e/ou desgaste excessivo no pneu,Colisão com objeto,Sem Vítimas,Pleno dia,Decrescente,Chuva,Múltipla,Curva,Sim,2,0,0,0,2,0,0,2,-27.02982303,-48.60115006,SPRF-SC,DEL04-SC,UOP03-DEL04-SC,2021
"365118,0",2021-06-19,sábado,10:41:00,SC,280,"22,0",ARAQUARI,Acumulo de água sobre o pavimento,Colisão traseira,Com Vítimas Feridas,Pleno dia,Decrescente,Chuva,Simples,Reta,Sim,2,0,1,0,0,1,1,2,-26.37092616,-48.70204099,SPRF-SC,DEL03-SC,UOP03-DEL03-SC,2021
"365159,0",2021-06-19,sábado,18:30:00,SC,116,"50,2",PAPANDUVA,Transitar na contramão,Colisão frontal,Com Vítimas Feridas,Plena Noite,Crescente,Chuva,Simples,Declive;Reta,Não,3,0,1,1,1,0,2,2,-26.37798337,-50.13162356,SPRF-SC,DEL06-SC,UOP01-DEL06-SC,2021
"365204,0",2021-06-19,sábado,19:30:00,SC,280,"193,2",MAFRA,Velocidade Incompatível,Saída de leito carroçável,Sem Vítimas,Plena Noite,Decrescente,Chuva,Simples,Reta,Não,1,0,0,0,1,0,0,1,-26.17717048,-50.00641103,SPRF-SC,DEL06-SC,UOP01-DEL06-SC,2021
"365309,0",2021-05-21,sexta-feira,18:03:00,SC,153,"64,2",IRANI,Ausência de reação do condutor,Colisão lateral sentido oposto,Com Vítimas Fatais,Pleno dia,Decrescente,Céu Claro,Simples,Curva,Sim,4,1,2,0,0,1,2,4,-27.01258667,-51.877315,SPRF-SC,DEL07-SC,UOP04-DEL07-SC,2021
"365331,0",2021-06-20,domingo,08:45:00,SC,470,"122,0",IBIRAMA,Pista Escorregadia,Colisão lateral mesmo sentido,Com Vítimas Feridas,Pleno dia,Decrescente,Nublado,Simples,Declive;Reta,Não,4,0,1,0,2,1,1,4,-27.099888,-49.527679,SPRF-SC,DEL04-SC,UOP02-DEL04-SC,2021
"365362,0",2021-06-20,domingo,16:00:00,SC,101,"287,5",IMBITUBA,Acessar a via sem observar a presença dos outros veículos,Colisão lateral mesmo sentido,Com Vítimas Feridas,Pleno dia,Decrescente,Céu Claro,Múltipla,Aclive;Curva,Não,3,0,0,1,1,1,1,3,-28.26153485,-48.70406996,SPRF-SC,DEL02-SC,UOP03-DEL02-SC,2021
"365391,0",2021-06-20,domingo,11:59:00,SC,153,"83,0",CONCORDIA,Demais falhas mecânicas ou elétricas,Incêndio,Sem Vítimas,Pleno dia,Crescente,Céu Claro,Simples,Curva;Declive,Não,2,0,0,0,1,1,0,2,-27.126955,-51.918659,SPRF-SC,DEL07-SC,UOP04-DEL07-SC,2021
"365465,0",2021-06-21,segunda-feira,00:04:00,SC,101,"107,9",PENHA,Velocidade Incompatível,Colisão traseira,Com Vítimas Fatais,Plena Noite,Crescente,Nublado,Dupla,Em Obras,Não,3,1,0,0,1,1,0,3,-26.8252197,-48.68958235,SPRF-SC,DEL03-SC,UOP02-DEL03-SC,2021
"365504,0",2021-06-17,quinta-feira,22:50:00,SC,282,"69,4",RANCHO QUEIMADO,Problema com o freio,Saída de leito carroçável,Com Vítimas Feridas,Plena Noite,Decrescente,Nublado,Simples,Reta,Não,2,0,1,0,0,1,1,2,-27.690144,-49.083813,SPRF-SC,DEL01-SC,UOP03-DEL01-SC,2021
"365538,0",2021-06-21,segunda-feira,08:30:00,SC,282,"449,6",PONTE SERRADA,Condutor Dormindo,Colisão frontal,Com Vítimas Feridas,Pleno dia,Crescente,Céu Claro,Simples,Reta,Não,3,0,0,1,1,1,1,3,-26.919342,-51.944427,SPRF-SC,DEL07-SC,UOP04-DEL07-SC,2021
"365579,0",2021-06-21,segunda-feira,15:35:00,SC,101,"186,0",BIGUACU,Manobra de mudança de faixa,Colisão lateral mesmo sentido,Com Vítimas Feridas,Pleno dia,Crescente,Céu Claro,Dupla,Curva,Não,4,0,1,0,3,0,1,2,-27.4341098,-48.62567129,SPRF-SC,DEL01-SC,UOP01-DEL01-SC,2021
"365610,0",2021-06-21,segunda-feira,16:20:00,SC,101,"157,1",PORTO BELO,Manobra de mudança de faixa,Colisão traseira,Sem Vítimas,Pleno dia,Crescente,Nublado,Dupla,Reta,Não,2,0,0,0,2,0,0,2,-27.181625,-48.6121179,SPRF-SC,DEL04-SC,UOP03-DEL04-SC,2021
"365655,0",2021-06-21,segunda-feira,14:20:00,SC,282,"535,0",CHAPECO,Velocidade Incompatível,Tombamento,Com Vítimas Feridas,Pleno dia,Crescente,Chuva,Dupla,Viaduto,Sim,1,0,0,1,0,0,1,1,-26.99938514,-52.64625907,SPRF-SC,DEL07-SC,UOP01-DEL07-SC,2021
"365698,0",2021-06-22,terça-feira,08:00:00,SC,101,"200,0",SAO JOSE,Ausência de reação do condutor,Colisão lateral mesmo sentido,Com Vítimas Feridas,Pleno dia,Crescente,Céu Claro,Múltipla,Reta,Não,4,0,2,0,2,0,2,3,-27.54018513,-48.62287714,SPRF-SC,DEL01-SC,UOP01-DEL01-SC,2021
"365717,0",2021-06-02,quarta-feira,15:00:00,SC,116,"173,7",SAO CRISTOVAO DO SUL,Velocidade Incompatível,Colisão frontal,Com Vítimas Feridas,Pleno dia,Decrescente,Chuva,Simples,Declive;Curva,Não,3,0,0,1,1,1,1,3,-27.2217135,-50.46180684,SPRF-SC,DEL05-SC,UOP03-DEL05-SC,2021
"365744,0",2021-06-22,terça-feira,10:50:00,SC,101,"33,7",JOINVILLE,Demais falhas mecânicas ou elétricas,Colisão com objeto,Com Vítimas Feridas,Pleno dia,Decrescente,Céu Claro,Dupla,Viaduto,Não,3,0,1,0,2,0,1,3,-26.25656042,-48.90468478,SPRF-SC,DEL03-SC,UOP01-DEL03-SC,2021
"365837,0",2021-06-22,terça-feira,22:30:00,SC,282,"197,0",LAGES,Reação tardia ou ineficiente do condutor,Colisão lateral mesmo sentido,Com Vítimas Feridas,Plena Noite,Crescente,Céu Claro,Simples,Reta,Não,4,0,1,0,2,1,1,3,-27.753368,-50.103615,SPRF-SC,DEL05-SC,UOP01-DEL05-SC,2021
"365847,0",2021-06-22,terça-feira,18:45:00,SC,282,"632,4",DESCANSO,Demais falhas mecânicas ou elétricas,Saída de leito carroçável,Com Vítimas Feridas,Plena Noite,Decrescente,Céu Claro,Simples,Curva;Declive,Não,1,0,0,1,0,0,1,1,-26.82284525,-53.40857506,SPRF-SC,DEL07-SC,UOP03-DEL07-SC,2021
"365900,0",2021-06-23,quarta-feira,11:00:00,SC,101,"204,0",SAO JOSE,Velocidade Incompatível,Engavetamento,Com Vítimas Feridas,Pleno dia,Crescente,Céu Claro,Múltipla,Reta,Sim,4,0,1,0,3,0,1,4,-27.57413014,-48.61363083,SPRF-SC,DEL01-SC,UOP01-DEL01-SC,2021
"365950,0",2021-06-23,quarta-feira,16:00:00,SC,101,"202,8",SAO JOSE,Condutor deixou de manter distância do veículo da frente,Colisão traseira,Com Vítimas Feridas,Pleno dia,Decrescente,Nublado,Múltipla,Reta,Sim,6,0,4,0,2,0,4,3,-27.55711595,-48.61897889,SPRF-SC,DEL01-SC,UOP01-DEL01-SC,2021
"365951,0",2021-06-23,quarta-feira,04:00:00,SC,282,"432,0",VARGEM BONITA,Demais falhas mecânicas ou elétricas,Incêndio,Com Vítimas Feridas,Plena Noite,Decrescente,Ignorado,Simples,Reta,Não,1,0,1,0,0,0,1,1,-26.981241,-51.814842,SPRF-SC,DEL07-SC,UOP05-DEL07-SC,2021
"366098,0",2021-06-24,quinta-feira,07:00:00,SC,101,"125,0",ITAJAI,Condutor deixou de manter distância do veículo da frente,Engavetamento,Com Vítimas Feridas,Pleno dia,Crescente,Nublado,Múltipla,Reta,Sim,5,0,1,0,4,0,1,5,-26.94802427,-48.68338515,SPRF-SC,DEL04-SC,UOP04-DEL04-SC,2021