id,data_inversa,dia_semana,horario,uf,br,km,municipio,causa_acidente,tipo_acidente,classificacao_acidente,fase_dia,sentido_via,condicao_metereologica,tipo_pista,tracado_via,uso_solo,pessoas,mortos,feridos_leves,feridos_graves,ilesos,ignorados,feridos,veiculos,latitude,longitude,regional,delegacia,uop,ano_arquivo
"369675,0",2021-07-10,sábado,17:50:00,SC,101,"208,0",SAO JOSE,Condutor deixou de manter distância do veículo da frente,Colisão lateral mesmo sentido,Com Vítimas Feridas,Anoitecer,Decrescente,Céu Claro,Dupla,Reta,Sim,3,0,1,0,2,0,1,2,-27.60327979,-48.63201818,SPRF-SC,DEL01-SC,UOP01-DEL01-SC,2021
"369963,0",2021-07-11,domingo,17:40:00,SC,101,"148,6",ITAPEMA,Ingestão de álcool pelo condutor,Colisão lateral mesmo sentido,Com Vítimas Feridas,Anoitecer,Decrescente,Céu Claro,Dupla,Reta,Sim,4,0,1,0,3,0,1,3,-27.10123686,-48.61807962,SPRF-SC,DEL04-SC,UOP03-DEL04-SC,2021
"370007,0",2021-07-11,domingo,18:30:00,SC,282,"507,1",XANXERE,Deficiência do Sistema de Iluminação/Sinalização,Colisão frontal,Com Vítimas Feridas,Anoitecer,Decrescente,Céu Claro,Simples,Interseção de Vias,Não,3,0,0,1,1,2,1,4,-26.886171,-52.43911,SPRF-SC,DEL07-SC,UOP01-DEL07-SC,2021
"370021,0",2021-07-11,domingo,21:10:00,SC,470,"91,0",ASCURRA,Ingestão de álcool pelo condutor,Colisão frontal,Sem Vítimas,Plena Noite,Crescente,Céu Claro,Simples,Reta,Não,5,0,0,0,2,3,0,4,-26.98009761,-49.37077945,SPRF-SC,DEL04-SC,UOP01-DEL04-SC,2021
"370153,0",2021-07-12,segunda-feira,07:50:00,SC,282,"84,7",ALFREDO WAGNER,Reação tardia ou ineficiente do condutor,Colisão traseira,Com Vítimas Feridas,Pleno dia,Decrescente,Céu Claro,Múltipla,Reta;Aclive,Não,2,0,1,0,1,0,1,2,-27.666992,-49.183552,SPRF-SC,DEL01-SC,UOP03-DEL01-SC,2021
"370168,0",2021-07-12,segunda-feira,11:20:00,SC,470,"3,2",NAVEGANTES,Ausência de reação do condutor,Eventos atípicos,Sem Vítimas,Pleno dia,Crescente,Céu Claro,Dupla,Reta,Não,2,0,0,0,1,1,0,2,-26.861937,-48.681618,SPRF-SC,DEL04-SC,UOP04-DEL04-SC,2021
"370195,0",2021-07-12,segunda-feira,13:40:00,SC,101,"268,4",PAULO LOPES,Reação tardia ou ineficiente do condutor,Colisão traseira,Com Vítimas Feridas,Pleno dia,Crescente,Céu Claro,Dupla,Curva;Declive,Sim,3,0,1,0,1,1,1,3,-28.07699803,-48.71234311,SPRF-SC,DEL02-SC,UOP03-DEL02-SC,2021
"370238,0",2021-07-12,segunda-feira,18:55:00,SC,101,"209,4",SAO JOSE,Ausência de reação do condutor,Colisão lateral mesmo sentido,Com Vítimas Feridas,Plena Noite,Decrescente,Céu Claro,Múltipla,Reta;Em Obras,Sim,2,0,1,0,1,0,1,2,-27.61000542,-48.63895057,SPRF-SC,DEL01-SC,UOP01-DEL01-SC,2021
"370259,0",2021-07-12,segunda-feira,19:15:00,SC,280,"30,5",ARAQUARI,Reação tardia ou ineficiente do condutor,Colisão traseira,Com Vítimas Feridas,Plena Noite,Crescente,Céu Claro,Simples,Reta,Não,3,0,1,0,2,0,1,2,-26.41432751,-48.76232386,SPRF-SC,DEL03-SC,UOP03-DEL03-SC,2021
"370269,0",2021-07-12,segunda-feira,19:00:00,SC,116,"255,0",LAGES,Ingestão de álcool pelo condutor,Colisão traseira,Com Vítimas Feridas,Plena Noite,Decrescente,Céu Claro,Simples,Reta,Não,4,0,1,1,2,0,2,2,-27.87404015,-50.40241986,SPRF-SC,DEL05-SC,UOP02-DEL05-SC,2021
"370308,0",2021-07-13,terça-feira,05:50:00,SC,282,"26,0",SANTO AMARO DA IMPERATRIZ,Mal súbito do condutor,Colisão transversal,Com Vítimas Feridas,Amanhecer,Crescente,Céu Claro,Simples,Reta,Não,3,0,1,0,1,1,1,3,-27.680267,-48.762482,SPRF-SC,DEL01-SC,UOP03-DEL01-SC,2021
"370376,0",2021-06-21,segunda-feira,18:10:00,SC,101,"340,4",TUBARAO,Reação tardia ou ineficiente do condutor,Colisão traseira,Com Vítimas Feridas,Plena Noite,Crescente,Nublado,Simples,Reta,Sim,3,0,1,0,1,1,1,3,-28.51837923,-49.054057,SPRF-SC,DEL02-SC,UOP01-DEL02-SC,2021
"370388,0",2021-07-13,terça-feira,13:20:00,SC,116,"14,0",MAFRA,Velocidade Incompatível,Tombamento,Com Vítimas Feridas,Pleno dia,Crescente,Céu Claro,Simples,Declive,Não,2,0,1,0,0,2,1,3,-26.1927121,-49.87729374,SPRF-SC,DEL06-SC,UOP01-DEL06-SC,2021
"370421,0",2021-07-13,terça-feira,09:25:00,SC,470,"204,3",PONTE ALTA,Velocidade Incompatível,Saída de leito carroçável,Com Vítimas Fatais,Pleno dia,Decrescente,Céu Claro,Simples,Curva,Não,2,1,0,0,0,1,0,2,-27.28919606,-50.17001152,SPRF-SC,DEL05-SC,UOP03-DEL05-SC,2021
"370443,0",2021-07-13,terça-feira,06:20:00,SC,282,"487,3",FAXINAL DOS GUEDES,Condutor Dormindo,Saída de leito carroçável,Sem Vítimas,Amanhecer,Crescente,Céu Claro,Simples,Reta,Sim,1,0,0,0,1,0,0,1,-26.85758,-52.263203,SPRF-SC,DEL07-SC,UOP01-DEL07-SC,2021
"370491,0",2021-07-14,quarta-feira,04:00:00,SC,101,"268,0",IMBITUBA,Condutor Dormindo,Tombamento,Com Vítimas Feridas,Plena Noite,Decrescente,Nublado,Dupla,Reta,Não,2,0,1,0,0,1,1,2,-28.08561143,-48.71063232,SPRF-SC,DEL02-SC,UOP03-DEL02-SC,2021
"370525,0",2021-07-14,quarta-feira,11:25:00,SC,101,"213,7",PALHOCA,Reação tardia ou ineficiente do condutor,Colisão traseira,Com Vítimas Feridas,Pleno dia,Decrescente,Céu Claro,Dupla,Em Obras,Sim,3,0,1,0,2,0,1,2,-27.63697369,-48.66514142,SPRF-SC,DEL01-SC,UOP02-DEL01-SC,2021
"370587,0",2021-07-14,quarta-feira,15:28:00,SC,101,"39,0",JOINVILLE,Reação tardia ou ineficiente do condutor,Colisão traseira,Sem Vítimas,Pleno dia,Crescente,Céu Claro,Dupla,Curva,Sim,5,0,0,0,5,0,0,5,-26.29772415,-48.88401031,SPRF-SC,DEL03-SC,UOP01-DEL03-SC,2021
"370599,0",2021-07-14,quarta-feira,11:00:00,SC,153,"50,5",VARGEM BONITA,Problema com o freio,Colisão traseira,Com Vítimas Feridas,Pleno dia,Crescente,Céu Claro,Simples,Reta,Não,5,0,0,1,3,1,1,5,-26.911882,-51.791336,SPRF-SC,DEL07-SC,UOP05-DEL07-SC,2021
"370605,0",2021-06-05,sábado,02:00:00,SC,116,"156,7",PONTE ALTA DO NORTE,Velocidade Incompatível,Tombamento,Com Vítimas Feridas,Plena Noite,Decrescente,Céu Claro,Simples,Curva,Não,2,0,1,0,0,1,1,2,-27.08005798,-50.43641901,SPRF-SC,DEL06-SC,UOP02-DEL06-SC,2021
"370638,0",2021-07-14,quarta-feira,18:35:00,SC,116,"9,3",MAFRA,Condutor deixou de manter distância do veículo da frente,Colisão traseira,Com Vítimas Feridas,Plena Noite,Crescente,Céu Claro,Múltipla,Reta,Não,2,0,1,0,1,0,1,2,-26.16297778,-49.84696715,SPRF-SC,DEL06-SC,UOP01-DEL06-SC,2021
"370658,0",2021-07-15,quinta-feira,00:00:00,SC,101,"232,7",PALHOCA,Ausência de reação do condutor,Colisão lateral mesmo sentido,Com Vítimas Feridas,Plena Noite,Decrescente,Céu Claro,Dupla,Reta,Sim,2,0,1,0,1,0,1,2,-27.795666,-48.638153,SPRF-SC,DEL01-SC,UOP02-DEL01-SC,2021
"370701,0",2021-07-14,quarta-feira,18:45:00,SC,101,"115,0",ITAJAI,Velocidade Incompatível,Engavetamento,Sem Vítimas,Plena Noite,Decrescente,Céu Claro,Dupla,Reta,Não,7,0,0,0,6,3,0,9,-26.87064015,-48.72954134,SPRF-SC,DEL04-SC,UOP04-DEL04-SC,2021
"370780,0",2021-07-15,quinta-feira,12:20:00,SC,282,"275,1",SAO JOSE DO CERRITO,Chuva,Colisão frontal,Com Vítimas Feridas,Pleno dia,Decrescente,Chuva,Simples,Curva,Não,3,0,1,1,1,0,2,2,-27.606421,-50.720207,SPRF-SC,DEL05-SC,UOP02-DEL05-SC,2021
"370818,0",2021-06-15,terça-feira,18:00:00,SC,153,"99,9",CONCORDIA,Manobra de mudança de faixa,Colisão transversal,Com Vítimas Feridas,Anoitecer,Decrescente,Céu Claro,Simples,Reta,Sim,2,0,0,1,1,0,1,2,-27.235508,-51.951069,SPRF-SC,DEL07-SC,UOP04-DEL07-SC,2021
"370857,0",2021-07-15,quinta-feira,23:40:00,SC,101,"65,2",ARAQUARI,Pedestre andava na pista,Atropelamento de Pedestre,Com Vítimas Fatais,Plena Noite,Crescente,Chuva,Múltipla,Reta,Não,3,1,0,0,1,1,0,3,-26.474543,-48.74214,SPRF-SC,DEL03-SC,UOP02-DEL03-SC,2021
"370873,0",2021-07-16,sexta-feira,02:24:00,SC,280,"179,0",MAFRA,Condutor Dormindo,Tombamento,Sem Vítimas,Plena Noite,Crescente,Chuva,Simples,Reta,Não,1,0,0,0,1,0,0,1,-26.17768641,-49.87831496,SPRF-SC,DEL06-SC,UOP01-DEL06-SC,2021
"370886,0",2021-07-16,sexta-feira,07:45:00,SC,470,"138,2",RIO DO SUL,Desrespeitar a preferência no cruzamento,Colisão transversal,Com Vítimas Feridas,Pleno dia,Decrescente,Nevoeiro/Neblina,Simples,Interseção de Vias,Não,2,0,1,0,1,0,1,2,-27.207214,-49.648476,SPRF-SC,DEL04-SC,UOP02-DEL04-SC,2021
"370976,0",2021-07-16,sexta-feira,11:05:00,SC,470,"199,4",PONTE ALTA,Desrespeitar a preferência no cruzamento,Colisão transversal,Com Vítimas Fatais,Pleno dia,Crescente,Nublado,Simples,Reta;Interseção de Vias,Não,3,1,0,0,1,1,0,3,-27.30795812,-50.13401265,SPRF-SC,DEL05-SC,UOP03-DEL05-SC,2021
"370977,0",2021-07-16,sexta-feira,11:00:00,SC,282,"599,8",CUNHA PORA,Faixas de trânsito com largura insuficiente,Colisão frontal,Com Vítimas Feridas,Pleno dia,Crescente,Céu Claro,Simples,Curva,Não,2,0,1,0,1,0,1,2,-26.816374,-53.163918,SPRF-SC,DEL07-SC,UOP02-DEL07-SC,2021
"371012,0",2021-07-16,sexta-feira,16:50:00,SC,282,"410,7",CATANDUVAS,Velocidade Incompatível,Saída de leito carroçável,Sem Vítimas,Pleno dia,Decrescente,Nublado,Simples,Curva,Não,3,0,0,0,2,1,0,3,-27.061399,-51.671875,SPRF-SC,DEL07-SC,UOP05-DEL07-SC,2021
"371042,0",2021-07-16,sexta-feira,14:20:00,SC,153,"86,2",CONCORDIA,Velocidade Incompatível,Tombamento,Com Vítimas Feridas,Pleno dia,Decrescente,Céu Claro,Simples,Curva,Não,2,0,0,1,0,1,1,2,-27.14958,-51.911221,SPRF-SC,DEL07-SC,UOP04-DEL07-SC,2021
"371071,0",2021-07-16,sexta-feira,21:40:00,SC,101,"207,5",SAO JOSE,Trafegar com motocicleta (ou similar) entre as faixas,Colisão lateral mesmo sentido,Com Vítimas Fatais,Plena Noite,Decrescente,Garoa/Chuvisco,Múltipla,Curva;Declive,Sim,5,1,0,0,1,4,0,6,-27.60132584,-48.62459779,SPRF-SC,DEL01-SC,UOP01-DEL01-SC,2021
"371093,0",2021-07-17,sábado,00:30:00,SC,280,"52,2",GUARAMIRIM,Reação tardia ou ineficiente do condutor,Colisão com objeto,Com Vítimas Feridas,Plena Noite,Decrescente,Garoa/Chuvisco,Simples,Reta,Sim,2,0,1,0,0,2,1,3,-26.470502,-48.968909,SPRF-SC,DEL03-SC,UOP03-DEL03-SC,2021
"371112,0",2021-07-17,sábado,03:45:00,SC,101,"135,1",BALNEARIO CAMBORIU,Manobra de mudança de faixa,Colisão lateral mesmo sentido,Sem Vítimas,Plena Noite,Decrescente,Garoa/Chuvisco,Dupla,Reta,Sim,2,0,0,0,2,0,0,2,-27.0050108,-48.62677494,SPRF-SC,DEL04-SC,UOP03-DEL04-SC,2021
"371121,0",2021-07-17,sábado,01:35:00,SC,470,"134,1",RIO DO SUL,Carga excessiva e/ou mal acondicionada,Derramamento de carga,Sem Vítimas,Plena Noite,Crescente,Garoa/Chuvisco,Simples,Rotatória,Sim,2,0,0,0,1,1,0,2,-27.181854,-49.600128,SPRF-SC,DEL04-SC,UOP02-DEL04-SC,2021
"371136,0",2021-07-17,sábado,05:30:00,SC,101,"152,7",PORTO BELO,Ausência de reação do condutor,Colisão com objeto,Sem Vítimas,Amanhecer,Crescente,Garoa/Chuvisco,Dupla,Reta,Sim,2,0,0,0,1,2,0,3,-27.13563503,-48.61004665,SPRF-SC,DEL04-SC,UOP03-DEL04-SC,2021
"371185,0",2021-07-17,sábado,11:14:00,SC,101,"325,5",CAPIVARI DE BAIXO,Ausência de reação do condutor,Colisão traseira,Com Vítimas Feridas,Pleno dia,Decrescente,Céu Claro,Múltipla,Reta,Sim,4,0,1,0,2,1,1,4,-28.42516271,-48.93259193,SPRF-SC,DEL02-SC,UOP01-DEL02-SC,2021
"371212,0",2021-07-17,sábado,13:44:00,SC,101,"127,0",ITAJAI,Obstrução na via,Colisão traseira,Com Vítimas Feridas,Pleno dia,Decrescente,Céu Claro,Dupla,Aclive,Não,2,0,0,1,1,0,1,2,-26.9639319,-48.68328024,SPRF-SC,DEL04-SC,UOP04-DEL04-SC,2021
"371252,0",2021-07-17,sábado,13:50:00,SC,282,"322,6",CAMPOS NOVOS,Problema com o freio,Tombamento,Com Vítimas Feridas,Pleno dia,Decrescente,Sol,Simples,Interseção de Vias,Não,4,0,2,0,1,1,2,3,-27.37481611,-51.06616974,SPRF-SC,DEL07-SC,UOP06-DEL07-SC,2021
"371256,0",2021-07-17,sábado,18:10:00,SC,101,"117,0",ITAJAI,Acessar a via sem observar a presença dos outros veículos,Colisão traseira,Com Vítimas Feridas,Anoitecer,Decrescente,Céu Claro,Dupla,Reta,Sim,4,0,0,2,1,2,2,4,-26.88747187,-48.72252969,SPRF-SC,DEL04-SC,UOP04-DEL04-SC,2021
"371288,0",2021-07-17,sábado,14:55:00,SC,280,"90,0",CORUPA,Velocidade Incompatível,Tombamento,Com Vítimas Feridas,Pleno dia,Crescente,Céu Claro,Simples,Aclive;Curva,Não,2,0,1,0,0,1,1,2,-26.39604541,-49.29448485,SPRF-SC,DEL06-SC,UOP03-DEL06-SC,2021
"371486,0",2021-07-18,domingo,20:19:00,SC,101,"412,0",ARARANGUA,Acessar a via sem observar a presença dos outros veículos,Colisão lateral mesmo sentido,Sem Vítimas,Plena Noite,Decrescente,Céu Claro,Dupla,Reta,Não,2,0,0,0,1,1,0,2,-28.93996042,-49.52316999,SPRF-SC,DEL02-SC,UOP02-DEL02-SC,2021
"371517,0",2021-07-18,domingo,20:20:00,SC,280,"221,2",TRES BARRAS,Transitar na contramão,Colisão lateral sentido oposto,Com Vítimas Feridas,Plena Noite,Crescente,Céu Claro,Simples,Reta,Não,3,0,0,1,1,1,1,3,-26.173056,-50.27445,SPRF-SC,DEL06-SC,UOP04-DEL06-SC,2021
"371585,0",2021-07-19,segunda-feira,07:05:00,SC,470,"122,7",IBIRAMA,Acumulo de areia ou detritos sobre o pavimento,Tombamento,Com Vítimas Feridas,Pleno dia,Decrescente,Céu Claro,Simples,Curva,Não,4,0,1,0,2,1,1,3,-27.099888,-49.527679,SPRF-SC,DEL04-SC,UOP02-DEL04-SC,2021
"371613,0",2021-07-19,segunda-feira,08:45:00,SC,282,"485,9",FAXINAL DOS GUEDES,Manobra de mudança de faixa,Capotamento,Com Vítimas Feridas,Pleno dia,Decrescente,Sol,Simples,Curva,Não,3,0,2,0,1,0,2,2,-26.857132,-52.245258,SPRF-SC,DEL07-SC,UOP01-DEL07-SC,2021
"371774,0",2021-06-25,sexta-feira,18:45:00,SC,470,"5,0",NAVEGANTES,Condutor deixou de manter distância do veículo da frente,Colisão traseira,Sem Vítimas,Plena Noite,Decrescente,Nublado,Dupla,Reta,Sim,2,0,0,0,2,0,0,2,-26.855688,-48.700333,SPRF-SC,DEL04-SC,UOP04-DEL04-SC,2021
"371783,0",2021-07-20,terça-feira,06:50:00,SC,282,"498,9",XANXERE,Condutor deixou de manter distância do veículo da frente,Colisão traseira,Com Vítimas Feridas,Pleno dia,Crescente,Sol,Simples,Reta;Declive,Sim,4,0,1,0,2,1,1,4,-26.87978,-52.353825,SPRF-SC,DEL07-SC,UOP01-DEL07-SC,2021
"371854,0",2021-07-20,terça-feira,17:25:00,SC,101,"335,3",TUBARAO,Desrespeitar a preferência no cruzamento,Colisão transversal,Com Vítimas Feridas,Pleno dia,Decrescente,Céu Claro,Simples,Rotatória,Sim,2,0,1,0,1,0,1,2,-28.46927473,-49.01557908,SPRF-SC,DEL02-SC,UOP01-DEL02-SC,2021
"371951,0",2021-07-21,quarta-feira,08:35:00,SC,101,"96,4",BARRA VELHA,Reação tardia ou ineficiente do condutor,Colisão traseira,Com Vítimas Feridas,Pleno dia,Crescente,Céu Claro,Dupla,Em Obras;Reta,Não,6,0,4,0,1,1,4,3,-26.718427,-48.70233,SPRF-SC,DEL03-SC,UOP02-DEL03-SC,2021
"371958,0",2021-07-21,quarta-feira,09:15:00,SC,280,"52,0",GUARAMIRIM,Acessar a via sem observar a presença dos outros veículos,Colisão transversal,Com Vítimas Feridas,Pleno dia,Decrescente,Céu Claro,Simples,Em Obras;Reta;Interseção de Vias,Sim,2,0,0,1,1,0,1,2,-26.47137976,-48.97140741,SPRF-SC,DEL03-SC,UOP03-DEL03-SC,2021
"371984,0",2021-07-21,quarta-feira,12:20:00,SC,101,"37,0",JOINVILLE,Reação tardia ou ineficiente do condutor,Colisão traseira,Com Vítimas Feridas,Pleno dia,Crescente,Sol,Dupla,Reta,Sim,3,0,1,1,1,0,2,2,-26.28476738,-48.88826966,SPRF-SC,DEL03-SC,UOP01-DEL03-SC,2021
"372074,0",2021-07-21,quarta-feira,13:30:00,SC,282,"93,0",ALFREDO WAGNER,Transitar na contramão,Queda de ocupante de veículo,Com Vítimas Feridas,Pleno dia,Decrescente,Céu Claro,Simples,Curva,Não,2,0,1,0,0,1,1,2,-27.704929,-49.239353,SPRF-SC,DEL01-SC,UOP03-DEL01-SC,2021
"372106,0",2021-07-22,quinta-feira,03:15:00,SC,101,"18,5",JOINVILLE,Entrada inopinada do pedestre,Atropelamento de Pedestre,Com Vítimas Fatais,Plena Noite,Crescente,Céu Claro,Dupla,Curva,Não,2,1,0,0,1,0,0,2,-26.1309817,-48.8935699,SPRF-SC,DEL03-SC,UOP01-DEL03-SC,2021
"372128,0",2021-07-22,quinta-feira,08:25:00,SC,101,"198,0",SAO JOSE,Acessar a via sem observar a presença dos outros veículos,Colisão transversal,Com Vítimas Feridas,Pleno dia,Decrescente,Céu Claro,Múltipla,Reta,Sim,4,0,1,0,2,1,1,3,-27.52658712,-48.63506019,SPRF-SC,DEL01-SC,UOP01-DEL01-SC,2021
"372156,0",2021-07-22,quinta-feira,09:55:00,SC,470,"253,0",CURITIBANOS,Pista esburacada,Colisão lateral mesmo sentido,Com Vítimas Feridas,Pleno dia,Decrescente,Céu Claro,Simples,Declive;Reta,Não,2,0,1,0,1,0,1,2,-27.312477,-50.600216,SPRF-SC,DEL05-SC,UOP03-DEL05-SC,2021
"372159,0",2021-07-22,quinta-feira,11:55:00,SC,101,"214,0",PALHOCA,Manobra de mudança de faixa,Colisão lateral mesmo sentido,Com Vítimas Feridas,Pleno dia,Decrescente,Céu Claro,Múltipla,Reta,Sim,2,0,1,0,1,0,1,2,-27.64443,-48.67057,SPRF-SC,DEL01-SC,UOP02-DEL01-SC,2021
"372166,0",2021-07-22,quinta-feira,11:25:00,SC,116,"251,0",LAGES,Acessar a via sem observar a presença dos outros veículos,Colisão transversal,Com Vítimas Feridas,Pleno dia,Crescente,Sol,Simples,Reta,Não,6,0,2,1,2,1,3,3,-27.84512201,-50.37880391,SPRF-SC,DEL05-SC,UOP02-DEL05-SC,2021
"372186,0",2021-07-22,quinta-feira,14:50:00,SC,101,"216,4",PALHOCA,Retorno proibido,Colisão com objeto,Sem Vítimas,Pleno dia,Crescente,Céu Claro,Múltipla,Curva;Viaduto,Sim,2,0,0,0,1,1,0,2,-27.68016954,-48.66903126,SPRF-SC,DEL01-SC,UOP02-DEL01-SC,2021
"372224,0",2021-07-22,quinta-feira,18:30:00,SC,280,"21,0",ARAQUARI,Ausência de reação do condutor,Colisão traseira,Com Vítimas Feridas,Anoitecer,Crescente,Céu Claro,Simples,Reta,Não,3,0,0,1,1,4,1,6,-26.37043169,-48.69219602,SPRF-SC,DEL03-SC,UOP03-DEL03-SC,2021
"372279,0",2021-07-23,sexta-feira,04:30:00,SC,101,"117,9",ITAJAI,Velocidade Incompatível,Colisão traseira,Sem Vítimas,Plena Noite,Crescente,Céu Claro,Múltipla,Reta,Sim,3,0,0,0,1,2,0,3,-26.88747187,-48.72252969,SPRF-SC,DEL04-SC,UOP04-DEL04-SC,2021
"372330,0",2021-07-23,sexta-feira,11:20:00,SC,101,"206,4",SAO JOSE,Trafegar com motocicleta (ou similar) entre as faixas,Colisão lateral mesmo sentido,Com Vítimas Feridas,Pleno dia,Crescente,Sol,Múltipla,Reta,Sim,4,0,0,1,1,2,1,4,-27.59193546,-48.61824557,SPRF-SC,DEL01-SC,UOP01-DEL01-SC,2021
"372358,0",2021-07-23,sexta-feira,12:10:00,SC,101,"410,0",ARARANGUA,Velocidade Incompatível,Tombamento,Com Vítimas Feridas,Pleno dia,Decrescente,Céu Claro,Simples,Aclive;Viaduto;Curva,Não,2,0,1,0,0,1,1,2,-28.9308859,-49.51289713,SPRF-SC,DEL02-SC,UOP02-DEL02-SC,2021
"372461,0",2021-07-23,sexta-feira,22:55:00,SC,101,"132,9",BALNEARIO CAMBORIU,Reação tardia ou ineficiente do condutor,Colisão traseira,Com Vítimas Feridas,Plena Noite,Decrescente,Céu Claro,Múltipla,Reta,Não,3,0,1,0,1,1,1,3,-26.99654133,-48.65564711,SPRF-SC,DEL04-SC,UOP03-DEL04-SC,2021
"372583,0",2021-07-16,sexta-feira,16:22:00,SC,480,"126,8",CHAPECO,Acessar a via sem observar a presença dos outros veículos,Colisão transversal,Com Vítimas Feridas,Pleno dia,Crescente,Céu Claro,Simples,Viaduto;Reta;Declive;Retorno Regulamentado,Sim,3,0,0,2,1,0,2,2,-27.020083,-52.636024,SPRF-SC,DEL07-SC,UOP01-DEL07-SC,2021
"372602,0",2021-07-24,sábado,14:16:00,SC,282,"525,9",XAXIM,Ingestão de álcool e/ou substâncias psicoativas pelo pedestre,Colisão frontal,Sem Vítimas,Pleno dia,Crescente,Céu Claro,Simples,Curva,Não,3,0,0,0,2,1,0,3,-26.965441,-52.566383,SPRF-SC,DEL07-SC,UOP01-DEL07-SC,2021
"372605,0",2021-07-24,sábado,12:20:00,SC,101,"56,4",ARAQUARI,Ultrapassagem Indevida,Colisão lateral mesmo sentido,Com Vítimas Feridas,Pleno dia,Crescente,Sol,Dupla,Reta,Sim,3,0,0,1,2,0,1,3,-26.43207484,-48.82263984,SPRF-SC,DEL03-SC,UOP01-DEL03-SC,2021
"372610,0",2021-07-24,sábado,14:31:00,SC,101,"32,1",JOINVILLE,Trafegar com motocicleta (ou similar) entre as faixas,Colisão lateral mesmo sentido,Com Vítimas Feridas,Pleno dia,Decrescente,Sol,Dupla,Reta,Sim,2,0,0,1,1,0,1,2,-26.226987,-48.91657,SPRF-SC,DEL03-SC,UOP01-DEL03-SC,2021
"372646,0",2021-07-24,sábado,15:45:00,SC,282,"528,3",CORDILHEIRA ALTA,Transitar na contramão,Colisão frontal,Com Vítimas Fatais,Pleno dia,Crescente,Sol,Simples,Reta,Não,5,3,0,0,2,0,0,3,-26.978798,-52.588566,SPRF-SC,DEL07-SC,UOP01-DEL07-SC,2021
"372685,0",2021-07-24,sábado,22:00:00,SC,101,"145,0",ITAPEMA,Condutor deixou de manter distância do veículo da frente,Colisão traseira,Sem Vítimas,Plena Noite,Crescente,Nublado,Dupla,Reta,Não,3,0,0,0,3,0,0,2,-27.08139206,-48.60130993,SPRF-SC,DEL04-SC,UOP03-DEL04-SC,2021
"372793,0",2021-07-25,domingo,08:40:00,SC,282,"512,1",XANXERE,Manobra de mudança de faixa,Colisão transversal,Com Vítimas Feridas,Pleno dia,Decrescente,Céu Claro,Simples,Aclive;Reta,Não,5,0,1,0,3,1,1,4,-26.910799,-52.472099,SPRF-SC,DEL07-SC,UOP01-DEL07-SC,2021
"372972,0",2021-07-26,segunda-feira,03:05:00,SC,280,"147,8",MAFRA,Ingestão de álcool pelo condutor,Colisão frontal,Com Vítimas Feridas,Plena Noite,Decrescente,Céu Claro,Dupla,Reta,Não,3,0,0,1,1,1,1,3,-26.23672282,-49.68392551,SPRF-SC,DEL06-SC,UOP03-DEL06-SC,2021
"373051,0",2021-05-31,segunda-feira,21:00:00,SC,101,"123,2",ITAJAI,Acessar a via sem observar a presença dos outros veículos,Colisão transversal,Com Vítimas Feridas,Plena Noite,Decrescente,Céu Claro,Múltipla,Interseção de Vias,Não,2,0,1,0,1,0,1,2,-26.93668609,-48.69876905,SPRF-SC,DEL04-SC,UOP04-DEL04-SC,2021
"373062,0",2021-06-19,sábado,09:20:00,SC,163,"69,5",SAO MIGUEL DO OESTE,Acesso irregular,Colisão frontal,Com Vítimas Feridas,Pleno dia,Decrescente,Garoa/Chuvisco,Dupla,Reta,Sim,3,0,0,1,2,0,1,3,-26.74132699,-53.50120591,SPRF-SC,DEL07-SC,UOP03-DEL07-SC,2021
"373101,0",2021-07-26,segunda-feira,18:00:00,SC,282,"23,5",SANTO AMARO DA IMPERATRIZ,Acessar a via sem observar a presença dos outros veículos,Colisão transversal,Com Vítimas Feridas,Plena Noite,Decrescente,Nublado,Dupla,Reta,Sim,2,0,1,0,1,0,1,2,-27.68505293,-48.74298513,SPRF-SC,DEL01-SC,UOP03-DEL01-SC,2021
"373110,0",2021-07-26,segunda-feira,14:45:00,SC,282,"460,0",PONTE SERRADA,Reação tardia ou ineficiente do condutor,Colisão traseira,Com Vítimas Feridas,Pleno dia,Decrescente,Céu Claro,Simples,Reta,Sim,3,0,2,0,1,0,2,2,-26.856062,-52.03215,SPRF-SC,DEL07-SC,UOP04-DEL07-SC,2021
"373134,0",2021-07-26,segunda-feira,16:30:00,SC,116,"106,3",SANTA CECILIA,Velocidade Incompatível,Derramamento de carga,Com Vítimas Fatais,Pleno dia,Decrescente,Céu Claro,Simples,Curva,Não,1,1,0,0,0,0,0,1,-26.75604307,-50.31916109,SPRF-SC,DEL06-SC,UOP02-DEL06-SC,2021
"373211,0",2021-07-27,terça-feira,10:42:00,SC,101,"103,1",BALNEARIO PICARRAS,Ausência de reação do condutor,Colisão traseira,Com Vítimas Feridas,Pleno dia,Decrescente,Nublado,Dupla,Reta,Sim,2,0,1,0,1,0,1,2,-26.7832381,-48.68314632,SPRF-SC,DEL03-SC,UOP02-DEL03-SC,2021
"373230,0",2021-07-27,terça-feira,14:10:00,SC,101,"45,8",JOINVILLE,Manobra de mudança de faixa,Colisão traseira,Com Vítimas Feridas,Pleno dia,Crescente,Chuva,Dupla,Reta;Aclive,Sim,3,0,0,1,1,1,1,3,-26.32214492,-48.8689509,SPRF-SC,DEL03-SC,UOP01-DEL03-SC,2021