id,data_inversa,dia_semana,horario,uf,br,km,municipio,causa_acidente,tipo_acidente,classificacao_acidente,fase_dia,sentido_via,condicao_metereologica,tipo_pista,tracado_via,uso_solo,pessoas,mortos,feridos_leves,feridos_graves,ilesos,ignorados,feridos,veiculos,latitude,longitude,regional,delegacia,uop,ano_arquivo
"373243,0",2021-07-27,terça-feira,15:50:00,SC,280,"22,2",ARAQUARI,Acessar a via sem observar a presença dos outros veículos,Colisão transversal,Com Vítimas Feridas,Pleno dia,Decrescente,Chuva,Simples,Reta,Não,2,0,1,0,1,0,1,2,-26.37092616,-48.70204099,SPRF-SC,DEL03-SC,UOP03-DEL03-SC,2021
"373245,0",2021-07-16,sexta-feira,06:00:00,SC,470,"16,0",ILHOTA,Transitar na contramão,Colisão frontal,Com Vítimas Fatais,Plena Noite,Decrescente,Chuva,Simples,Desvio Temporário;Em Obras;Reta,Não,9,1,3,1,1,3,4,6,-26.843019,-48.794434,SPRF-SC,DEL04-SC,UOP04-DEL04-SC,2021
"373273,0",2021-07-27,terça-feira,15:25:00,SC,282,"604,5",MARAVILHA,Acessar a via sem observar a presença dos outros veículos,Colisão transversal,Com Vítimas Feridas,Pleno dia,Crescente,Céu Claro,Simples,Em Obras;Declive;Reta,Sim,3,0,1,1,1,0,2,3,-26.78990427,-53.19464207,SPRF-SC,DEL07-SC,UOP02-DEL07-SC,2021
"373286,0",2021-07-27,terça-feira,20:10:00,SC,280,"50,2",GUARAMIRIM,Ausência de reação do condutor,Saída de leito carroçável,Com Vítimas Feridas,Plena Noite,Crescente,Chuva,Simples,Reta,Não,2,0,1,0,0,2,1,3,-26.4619489,-48.94618404,SPRF-SC,DEL03-SC,UOP03-DEL03-SC,2021
"373292,0",2021-07-27,terça-feira,21:30:00,SC,470,"139,0",RIO DO SUL,Ausência de reação do condutor,Colisão frontal,Com Vítimas Feridas,Plena Noite,Decrescente,Nublado,Simples,Curva,Não,4,0,1,1,1,1,2,3,-27.217564,-49.65461,SPRF-SC,DEL04-SC,UOP02-DEL04-SC,2021
"373307,0",2021-07-28,quarta-feira,00:20:00,SC,101,"97,6",BALNEARIO PICARRAS,Condutor Dormindo,Saída de leito carroçável,Com Vítimas Fatais,Plena Noite,Crescente,Nublado,Dupla,Declive;Reta,Não,3,1,0,0,0,2,0,3,-26.72823703,-48.70224928,SPRF-SC,DEL03-SC,UOP02-DEL03-SC,2021
"373330,0",2021-07-28,quarta-feira,07:20:00,SC,282,"529,7",CORDILHEIRA ALTA,Condutor usando celular,Saída de leito carroçável,Com Vítimas Feridas,Pleno dia,Crescente,Céu Claro,Simples,Aclive;Curva,Não,1,0,0,1,0,0,1,1,-26.982185,-52.59734,SPRF-SC,DEL07-SC,UOP01-DEL07-SC,2021
"373338,0",2021-07-28,quarta-feira,07:30:00,SC,101,"382,4",ICARA,Estacionar ou parar em local proibido,Colisão traseira,Com Vítimas Feridas,Pleno dia,Decrescente,Céu Claro,Simples,Reta,Não,3,0,1,0,1,1,1,3,-28.75966988,-49.28552404,SPRF-SC,DEL02-SC,UOP02-DEL02-SC,2021
"373380,0",2021-07-09,sexta-feira,17:40:00,SC,101,"112,5",ITAJAI,Trafegar com motocicleta (ou similar) entre as faixas,Tombamento,Com Vítimas Feridas,Anoitecer,Crescente,Céu Claro,Dupla,Reta,Não,3,0,1,0,1,1,1,3,-26.84589005,-48.72131295,SPRF-SC,DEL04-SC,UOP04-DEL04-SC,2021
"373394,0",2021-07-28,quarta-feira,14:55:00,SC,101,"144,3",ITAPEMA,Condutor deixou de manter distância do veículo da frente,Colisão traseira,Com Vítimas Feridas,Pleno dia,Crescente,Sol,Múltipla,Reta,Não,2,0,1,0,1,0,1,2,-27.0732659,-48.59672716,SPRF-SC,DEL04-SC,UOP03-DEL04-SC,2021
"373479,0",2021-07-28,quarta-feira,21:50:00,SC,470,"145,9",RIO DO SUL,Condutor deixou de manter distância do veículo da frente,Engavetamento,Sem Vítimas,Plena Noite,Crescente,Vento,Simples,Reta,Não,4,0,0,0,3,1,0,4,-27.17310945,-49.63142395,SPRF-SC,DEL04-SC,UOP02-DEL04-SC,2021
"373540,0",2021-07-29,quinta-feira,08:15:00,SC,470,"140,8",RIO DO SUL,Condutor deixou de manter distância do veículo da frente,Colisão traseira,Com Vítimas Feridas,Pleno dia,Decrescente,Sol,Simples,Aclive,Sim,4,0,1,0,2,1,1,4,-27.20641549,-49.64713097,SPRF-SC,DEL04-SC,UOP02-DEL04-SC,2021
"373606,0",2021-07-29,quinta-feira,15:50:00,SC,116,"223,9",CORREIA PINTO,Acessar a via sem observar a presença dos outros veículos,Colisão transversal,Com Vítimas Feridas,Pleno dia,Crescente,Céu Claro,Simples,Reta,Não,4,0,1,1,1,1,2,3,-27.60213889,-50.35543366,SPRF-SC,DEL05-SC,UOP03-DEL05-SC,2021
"373642,0",2021-07-29,quinta-feira,17:55:00,SC,282,"211,9",LAGES,Ultrapassagem Indevida,Colisão frontal,Com Vítimas Feridas,Anoitecer,Crescente,Céu Claro,Simples,Declive;Interseção de Vias;Curva,Não,3,0,0,3,0,0,3,2,-27.780222,-50.241741,SPRF-SC,DEL05-SC,UOP01-DEL05-SC,2021
"373696,0",2021-07-30,sexta-feira,02:00:00,SC,101,"3,9",GARUVA,Reação tardia ou ineficiente do condutor,Colisão traseira,Com Vítimas Feridas,Plena Noite,Crescente,Nublado,Dupla,Aclive,Não,3,0,0,1,1,2,1,4,-26.00380807,-48.87233005,SPRF-SC,DEL03-SC,UOP01-DEL03-SC,2021
"373708,0",2021-07-29,quinta-feira,22:35:00,SC,158,"100,9",CUNHA PORA,Ausência de reação do condutor,Saída de leito carroçável,Sem Vítimas,Plena Noite,Decrescente,Céu Claro,Simples,Interseção de Vias,Não,2,0,0,0,0,2,0,2,-26.8059407,-53.18140453,SPRF-SC,DEL07-SC,UOP02-DEL07-SC,2021
"373721,0",2021-07-30,sexta-feira,06:00:00,SC,282,"195,2",LAGES,Demais falhas mecânicas ou elétricas,Incêndio,Sem Vítimas,Amanhecer,Crescente,Céu Claro,Simples,Reta,Não,1,0,0,0,1,0,0,1,-27.746756,-50.084789,SPRF-SC,DEL05-SC,UOP01-DEL05-SC,2021
"373772,0",2021-07-30,sexta-feira,11:15:00,SC,101,"33,9",JOINVILLE,Estacionar ou parar em local proibido,Colisão traseira,Com Vítimas Feridas,Pleno dia,Crescente,Céu Claro,Dupla,Reta,Não,4,0,0,2,1,2,2,4,-26.25864744,-48.90428782,SPRF-SC,DEL03-SC,UOP01-DEL03-SC,2021
"373854,0",2021-07-30,sexta-feira,17:03:00,SC,116,"233,1",CORREIA PINTO,Demais falhas mecânicas ou elétricas,Colisão com objeto,Com Vítimas Feridas,Pleno dia,Crescente,Céu Claro,Múltipla,Reta,Sim,1,0,1,0,0,0,1,1,-27.69766418,-50.33566475,SPRF-SC,DEL05-SC,UOP01-DEL05-SC,2021
"373895,0",2021-07-30,sexta-feira,19:20:00,SC,282,"175,7",BOCAINA DO SUL,Entrada inopinada do pedestre,Atropelamento de Pedestre,Com Vítimas Fatais,Plena Noite,Decrescente,Nublado,Simples,Reta,Não,9,1,0,0,7,1,0,5,-27.740575,-49.898779,SPRF-SC,DEL05-SC,UOP01-DEL05-SC,2021
"373943,0",2021-07-31,sábado,01:10:00,SC,470,"111,3",IBIRAMA,Velocidade Incompatível,Tombamento,Com Vítimas Feridas,Plena Noite,Decrescente,Céu Claro,Simples,Curva;Aclive,Não,3,0,2,0,0,1,2,2,-27.095388,-49.457878,SPRF-SC,DEL04-SC,UOP02-DEL04-SC,2021
"373984,0",2021-07-15,quinta-feira,17:47:00,SC,282,"445,7",PONTE SERRADA,Velocidade Incompatível,Colisão frontal,Com Vítimas Fatais,Anoitecer,Decrescente,Garoa/Chuvisco,Simples,Curva;Aclive,Não,3,1,0,0,1,2,0,4,-26.91525866,-51.90503597,SPRF-SC,DEL07-SC,UOP04-DEL07-SC,2021
"374066,0",2021-07-31,sábado,16:00:00,SC,470,"176,6",POUSO REDONDO,Velocidade Incompatível,Colisão frontal,Com Vítimas Feridas,Pleno dia,Crescente,Sol,Simples,Reta;Aclive,Sim,3,0,1,1,1,0,2,2,-27.25272202,-49.95135784,SPRF-SC,DEL04-SC,UOP02-DEL04-SC,2021
"374068,0",2021-07-31,sábado,16:25:00,SC,280,"37,5",ARAQUARI,Ingestão de álcool pelo condutor,Colisão lateral sentido oposto,Com Vítimas Feridas,Pleno dia,Decrescente,Céu Claro,Simples,Curva,Não,2,0,1,0,1,0,1,2,-26.44572892,-48.81862707,SPRF-SC,DEL03-SC,UOP03-DEL03-SC,2021
"374073,0",2021-07-31,sábado,17:50:00,SC,101,"333,7",TUBARAO,Reação tardia ou ineficiente do condutor,Colisão traseira,Com Vítimas Feridas,Anoitecer,Crescente,Céu Claro,Simples,Rotatória,Sim,3,0,1,0,1,1,1,2,-28.46916464,-49.01595354,SPRF-SC,DEL02-SC,UOP01-DEL02-SC,2021
"374379,0",2021-08-01,domingo,19:30:00,SC,282,"526,0",XAXIM,Transitar na contramão,Colisão frontal,Com Vítimas Feridas,Plena Noite,Crescente,Céu Claro,Simples,Curva,Não,4,0,0,2,1,1,2,3,-26.95543147,-52.52838135,SPRF-SC,DEL07-SC,UOP01-DEL07-SC,2021
"374382,0",2021-08-01,domingo,22:00:00,SC,280,"94,1",CORUPA,Ingestão de álcool pelo condutor,Colisão traseira,Sem Vítimas,Plena Noite,Decrescente,Nublado,Simples,Aclive;Reta,Não,3,0,0,0,2,2,0,4,-26.39198268,-49.30187441,SPRF-SC,DEL06-SC,UOP03-DEL06-SC,2021
"374404,0",2021-08-02,segunda-feira,01:40:00,SC,101,"337,8",TUBARAO,Reação tardia ou ineficiente do condutor,Colisão traseira,Com Vítimas Feridas,Plena Noite,Decrescente,Céu Claro,Dupla,Reta;Aclive,Não,3,0,1,0,1,1,1,3,-28.47801624,-49.03246283,SPRF-SC,DEL02-SC,UOP01-DEL02-SC,2021
"374456,0",2021-08-02,segunda-feira,07:20:00,SC,116,"138,5",SANTA CECILIA,Pedestre andava na pista,Atropelamento de Pedestre,Com Vítimas Fatais,Pleno dia,Crescente,Nevoeiro/Neblina,Simples,Declive;Reta,Sim,4,1,0,0,2,1,0,3,-26.9555605,-50.4213361,SPRF-SC,DEL06-SC,UOP02-DEL06-SC,2021
"374471,0",2021-08-02,segunda-feira,06:20:00,SC,480,"126,9",CHAPECO,Acessar a via sem observar a presença dos outros veículos,Colisão transversal,Com Vítimas Feridas,Pleno dia,Decrescente,Céu Claro,Dupla,Reta;Interseção de Vias,Sim,2,0,1,0,0,1,1,2,-27.020083,-52.636024,SPRF-SC,DEL07-SC,UOP01-DEL07-SC,2021
"374476,0",2021-08-02,segunda-feira,08:39:00,SC,280,"80,0",CORUPA,Acessar a via sem observar a presença dos outros veículos,Colisão transversal,Com Vítimas Feridas,Pleno dia,Decrescente,Céu Claro,Simples,Reta,Não,3,0,1,0,1,2,1,4,-26.44412189,-49.20975187,SPRF-SC,DEL06-SC,UOP03-DEL06-SC,2021
"374485,0",2021-08-02,segunda-feira,13:45:00,SC,282,"247,0",SAO JOSE DO CERRITO,Ultrapassagem Indevida,Colisão frontal,Com Vítimas Fatais,Pleno dia,Decrescente,Céu Claro,Simples,Curva,Não,3,1,0,0,2,0,0,3,-27.71616753,-50.52886963,SPRF-SC,DEL05-SC,UOP02-DEL05-SC,2021
"374493,0",2021-08-02,segunda-feira,12:30:00,SC,280,"55,3",GUARAMIRIM,Reação tardia ou ineficiente do condutor,Colisão traseira,Com Vítimas Feridas,Pleno dia,Decrescente,Sol,Dupla,Reta,Sim,3,0,1,1,1,0,2,2,-26.47843848,-48.99916291,SPRF-SC,DEL03-SC,UOP03-DEL03-SC,2021
"374560,0",2021-08-02,segunda-feira,19:40:00,SC,280,"1,0",SAO FRANCISCO DO SUL,Modificação proibida,Colisão frontal,Com Vítimas Feridas,Plena Noite,Decrescente,Céu Claro,Simples,Reta,Não,3,0,0,1,1,1,1,3,-26.23513098,-48.62815601,SPRF-SC,DEL03-SC,UOP03-DEL03-SC,2021
"374572,0",2021-08-02,segunda-feira,21:00:00,SC,280,"139,5",MAFRA,Velocidade Incompatível,Tombamento,Com Vítimas Feridas,Plena Noite,Decrescente,Céu Claro,Simples,Declive;Curva,Não,2,0,1,0,0,1,1,2,-26.25610729,-49.62475061,SPRF-SC,DEL06-SC,UOP03-DEL06-SC,2021
"374613,0",2021-07-01,quinta-feira,04:00:00,SC,282,"438,7",IRANI,Transitar na contramão,Colisão lateral sentido oposto,Com Vítimas Feridas,Plena Noite,Crescente,Céu Claro,Simples,Reta,Não,3,0,1,0,1,2,1,4,-26.95389,-51.855713,SPRF-SC,DEL07-SC,UOP04-DEL07-SC,2021
"374637,0",2021-08-03,terça-feira,11:30:00,SC,101,"141,0",BALNEARIO CAMBORIU,Manobra de mudança de faixa,Colisão lateral mesmo sentido,Com Vítimas Feridas,Pleno dia,Crescente,Sol,Múltipla,Declive,Não,4,0,1,0,2,1,1,3,-27.04761729,-48.59995855,SPRF-SC,DEL04-SC,UOP03-DEL04-SC,2021
"374651,0",2021-08-03,terça-feira,13:15:00,SC,282,"23,2",SANTO AMARO DA IMPERATRIZ,Mal súbito do condutor,Colisão frontal,Com Vítimas Fatais,Pleno dia,Crescente,Céu Claro,Simples,Reta,Sim,4,1,1,0,1,1,1,4,-27.6864825,-48.739861,SPRF-SC,DEL01-SC,UOP02-DEL01-SC,2021
"374664,0",2021-07-06,terça-feira,07:50:00,SC,282,"412,0",CATANDUVAS,Velocidade Incompatível,Tombamento,Com Vítimas Feridas,Pleno dia,Crescente,Céu Claro,Simples,Curva,Não,4,0,0,1,2,2,1,5,-27.055775,-51.688843,SPRF-SC,DEL07-SC,UOP05-DEL07-SC,2021
"374676,0",2021-08-03,terça-feira,14:40:00,SC,101,"214,0",PALHOCA,Reação tardia ou ineficiente do condutor,Colisão traseira,Com Vítimas Feridas,Pleno dia,Decrescente,Sol,Múltipla,Reta,Sim,3,0,1,0,1,2,1,4,-27.64443,-48.67057,SPRF-SC,DEL01-SC,UOP02-DEL01-SC,2021
"374721,0",2021-08-03,terça-feira,17:20:00,SC,101,"349,7",JAGUARUNA,Ingestão de álcool pelo condutor,Saída de leito carroçável,Sem Vítimas,Anoitecer,Decrescente,Nublado,Dupla,Aclive,Sim,2,0,0,0,1,1,0,2,-28.5820168,-49.05059372,SPRF-SC,DEL02-SC,UOP01-DEL02-SC,2021
"374732,0",2021-08-03,terça-feira,20:10:00,SC,101,"211,0",PALHOCA,Trafegar com motocicleta (ou similar) entre as faixas,Colisão lateral mesmo sentido,Com Vítimas Feridas,Plena Noite,Decrescente,Nublado,Múltipla,Reta;Ponte;Em Obras,Sim,2,0,1,0,0,1,1,2,-27.6234604,-48.65241498,SPRF-SC,DEL01-SC,UOP02-DEL01-SC,2021
"374763,0",2021-08-04,quarta-feira,00:40:00,SC,101,"33,8",JOINVILLE,Ausência de reação do condutor,Tombamento,Com Vítimas Feridas,Plena Noite,Crescente,Nublado,Dupla,Reta,Não,5,0,1,0,3,2,1,5,-26.23200799,-48.91678053,SPRF-SC,DEL03-SC,UOP01-DEL03-SC,2021
"374776,0",2021-08-04,quarta-feira,05:40:00,SC,282,"406,0",CATANDUVAS,Demais falhas mecânicas ou elétricas,Incêndio,Sem Vítimas,Amanhecer,Decrescente,Nublado,Simples,Aclive,Não,2,0,0,0,1,1,0,2,-27.092703,-51.659904,SPRF-SC,DEL07-SC,UOP05-DEL07-SC,2021
"374800,0",2021-08-04,quarta-feira,10:00:00,SC,101,"204,5",SAO JOSE,Condutor deixou de manter distância do veículo da frente,Engavetamento,Com Vítimas Feridas,Pleno dia,Crescente,Céu Claro,Múltipla,Reta,Sim,4,0,1,0,3,0,1,3,-27.57413014,-48.61363083,SPRF-SC,DEL01-SC,UOP01-DEL01-SC,2021
"374808,0",2021-06-01,terça-feira,22:00:00,SC,101,"185,0",BIGUACU,Ausência de reação do condutor,Colisão traseira,Sem Vítimas,Plena Noite,Decrescente,Céu Claro,Dupla,Reta,Não,4,0,0,0,3,2,0,5,-27.42536698,-48.62465876,SPRF-SC,DEL01-SC,UOP01-DEL01-SC,2021
"374901,0",2021-05-20,quinta-feira,12:00:00,SC,101,"336,4",TUBARAO,Manobra de mudança de faixa,Colisão transversal,Com Vítimas Feridas,Pleno dia,Crescente,Sol,Múltipla,Reta,Não,3,0,0,1,1,1,1,3,-28.47311347,-49.02437375,SPRF-SC,DEL02-SC,UOP01-DEL02-SC,2021
"374961,0",2021-08-04,quarta-feira,14:45:00,SC,282,"421,0",VARGEM BONITA,Conversão proibida,Colisão lateral mesmo sentido,Com Vítimas Feridas,Pleno dia,Decrescente,Céu Claro,Simples,Reta,Sim,3,0,1,0,2,0,1,2,-27.0083994,-51.73650742,SPRF-SC,DEL07-SC,UOP05-DEL07-SC,2021
"374989,0",2021-08-05,quinta-feira,07:40:00,SC,282,"601,5",CUNHA PORA,Acessar a via sem observar a presença dos outros veículos,Colisão transversal,Com Vítimas Feridas,Pleno dia,Crescente,Céu Claro,Simples,Interseção de Vias,Não,5,0,4,0,1,0,4,2,-26.80583971,-53.18086624,SPRF-SC,DEL07-SC,UOP02-DEL07-SC,2021
"375099,0",2021-08-05,quinta-feira,20:30:00,SC,101,"140,0",BALNEARIO CAMBORIU,Manobra de mudança de faixa,Colisão lateral mesmo sentido,Com Vítimas Feridas,Plena Noite,Decrescente,Céu Claro,Dupla,Reta,Sim,3,0,1,0,1,1,1,3,-27.03881189,-48.60025148,SPRF-SC,DEL04-SC,UOP03-DEL04-SC,2021
"375108,0",2021-08-05,quinta-feira,21:25:00,SC,101,"143,6",ITAPEMA,Reação tardia ou ineficiente do condutor,Tombamento,Sem Vítimas,Plena Noite,Decrescente,Céu Claro,Dupla,Curva,Sim,2,0,0,0,1,1,0,2,-27.06436,-48.59599405,SPRF-SC,DEL04-SC,UOP03-DEL04-SC,2021
"375153,0",2021-08-06,sexta-feira,04:00:00,SC,282,"427,5",VARGEM BONITA,Condutor Dormindo,Saída de leito carroçável,Com Vítimas Feridas,Plena Noite,Decrescente,Céu Claro,Simples,Curva,Não,1,0,0,1,0,0,1,1,-26.975946,-51.771011,SPRF-SC,DEL07-SC,UOP05-DEL07-SC,2021
"375158,0",2021-08-06,sexta-feira,05:55:00,SC,101,"8,9",GARUVA,Velocidade Incompatível,Colisão traseira,Com Vítimas Feridas,Amanhecer,Crescente,Céu Claro,Dupla,Reta,Sim,5,0,3,0,1,2,3,4,-26.05298532,-48.85965586,SPRF-SC,DEL03-SC,UOP01-DEL03-SC,2021
"375191,0",2021-07-01,quinta-feira,00:05:00,SC,101,"191,1",BIGUACU,Condutor Dormindo,Tombamento,Com Vítimas Feridas,Plena Noite,Crescente,Céu Claro,Dupla,Curva,Não,2,0,1,0,0,1,1,2,-27.47730273,-48.64127329,SPRF-SC,DEL01-SC,UOP01-DEL01-SC,2021
"375240,0",2021-08-06,sexta-feira,14:30:00,SC,101,"353,8",JAGUARUNA,Reação tardia ou ineficiente do condutor,Colisão lateral mesmo sentido,Com Vítimas Feridas,Pleno dia,Decrescente,Céu Claro,Dupla,Declive,Não,3,0,0,2,1,0,2,2,-28.622,-49.076,SPRF-SC,DEL02-SC,UOP01-DEL02-SC,2021
"375262,0",2021-08-06,sexta-feira,15:30:00,SC,101,"298,0",IMBITUBA,Acessar a via sem observar a presença dos outros veículos,Colisão lateral mesmo sentido,Sem Vítimas,Pleno dia,Crescente,Nublado,Dupla,Reta,Não,2,0,0,0,2,0,0,2,-28.32102597,-48.72829906,SPRF-SC,DEL02-SC,UOP03-DEL02-SC,2021
"375268,0",2021-08-06,sexta-feira,16:15:00,SC,470,"3,0",NAVEGANTES,Condutor deixou de manter distância do veículo da frente,Colisão traseira,Com Vítimas Feridas,Pleno dia,Crescente,Céu Claro,Dupla,Reta,Não,2,0,0,1,1,0,1,2,-26.861937,-48.681618,SPRF-SC,DEL04-SC,UOP04-DEL04-SC,2021
"375311,0",2021-02-16,terça-feira,04:40:00,SC,116,"188,0",SAO CRISTOVAO DO SUL,Manobra de mudança de faixa,Colisão frontal,Com Vítimas Fatais,Plena Noite,Decrescente,Céu Claro,Simples,Reta,Não,3,1,1,0,0,1,1,3,-27.32965789,-50.42513021,SPRF-SC,DEL05-SC,UOP03-DEL05-SC,2021
"375333,0",2021-08-06,sexta-feira,20:00:00,SC,280,"50,0",GUARAMIRIM,Transitar na contramão,Colisão lateral sentido oposto,Com Vítimas Feridas,Plena Noite,Decrescente,Nublado,Simples,Reta,Não,2,0,0,1,1,0,1,2,-26.46445507,-48.95286798,SPRF-SC,DEL03-SC,UOP03-DEL03-SC,2021
"375336,0",2021-08-06,sexta-feira,19:30:00,SC,282,"589,0",SAUDADES,Acessar a via sem observar a presença dos outros veículos,Colisão lateral mesmo sentido,Com Vítimas Feridas,Plena Noite,Crescente,Céu Claro,Simples,Reta,Não,4,0,1,0,2,1,1,3,-26.82575586,-53.06445837,SPRF-SC,DEL07-SC,UOP02-DEL07-SC,2021
"375340,0",2021-08-06,sexta-feira,22:15:00,SC,101,"83,9",BARRA VELHA,Pedestre andava na pista,Atropelamento de Pedestre,Com Vítimas Feridas,Plena Noite,Decrescente,Garoa/Chuvisco,Dupla,Reta;Declive,Não,3,0,0,1,1,1,1,3,-26.61865655,-48.71834126,SPRF-SC,DEL03-SC,UOP02-DEL03-SC,2021
"375344,0",2021-08-06,sexta-feira,19:23:00,SC,470,"273,5",BRUNOPOLIS,Velocidade Incompatível,Colisão traseira,Com Vítimas Feridas,Plena Noite,Decrescente,Céu Claro,Simples,Reta,Sim,3,0,2,0,1,0,2,2,-27.32579,-50.793224,SPRF-SC,DEL07-SC,UOP06-DEL07-SC,2021
"375348,0",2021-08-06,sexta-feira,21:10:00,SC,101,"334,0",TUBARAO,Reação tardia ou ineficiente do condutor,Colisão traseira,Com Vítimas Feridas,Plena Noite,Decrescente,Ignorado,Dupla,Reta,Não,2,0,1,0,1,0,1,2,-28.468,-49.009,SPRF-SC,DEL02-SC,UOP01-DEL02-SC,2021
"375413,0",2021-08-07,sábado,06:20:00,SC,470,"28,4",GASPAR,Condutor Dormindo,Colisão traseira,Com Vítimas Feridas,Amanhecer,Crescente,Nublado,Dupla,Reta,Não,2,0,1,0,0,1,1,2,-26.893761,-48.893917,SPRF-SC,DEL04-SC,UOP01-DEL04-SC,2021
"375456,0",2021-08-07,sábado,08:25:00,SC,470,"165,0",POUSO REDONDO,Ausência de reação do condutor,Colisão lateral sentido oposto,Com Vítimas Fatais,Pleno dia,Crescente,Nublado,Simples,Reta;Declive,Não,3,1,0,0,1,1,0,3,-27.27667861,-49.85012054,SPRF-SC,DEL04-SC,UOP02-DEL04-SC,2021
"375503,0",2021-08-07,sábado,14:10:00,SC,101,"335,5",TUBARAO,Ausência de reação do condutor,Colisão com objeto,Com Vítimas Feridas,Pleno dia,Decrescente,Céu Claro,Múltipla,Reta,Sim,3,0,2,0,0,1,2,2,-28.47801624,-49.03246283,SPRF-SC,DEL02-SC,UOP01-DEL02-SC,2021
"375649,0",2021-08-08,domingo,02:20:00,SC,101,"396,9",MARACAJA,Ingestão de álcool pelo condutor,Colisão traseira,Com Vítimas Feridas,Plena Noite,Crescente,Céu Claro,Dupla,Aclive,Sim,4,0,2,0,1,1,2,3,-28.82459572,-49.40472033,SPRF-SC,DEL02-SC,UOP02-DEL02-SC,2021
"375761,0",2021-08-08,domingo,13:45:00,SC,101,"301,9",LAGUNA,Entrada inopinada do pedestre,Atropelamento de Pedestre,Com Vítimas Fatais,Pleno dia,Decrescente,Céu Claro,Múltipla,Reta,Não,3,1,0,0,1,2,0,4,-28.37288798,-48.76032385,SPRF-SC,DEL02-SC,UOP03-DEL02-SC,2021
"375800,0",2021-08-08,domingo,16:10:00,SC,470,"141,0",RIO DO SUL,Demais falhas mecânicas ou elétricas,Tombamento,Sem Vítimas,Pleno dia,Crescente,Céu Claro,Simples,Curva,Não,2,0,0,0,1,1,0,2,-27.226065,-49.666161,SPRF-SC,DEL04-SC,UOP02-DEL04-SC,2021
"375820,0",2021-08-08,domingo,17:50:00,SC,282,"72,5",RANCHO QUEIMADO,Reação tardia ou ineficiente do condutor,Colisão frontal,Com Vítimas Feridas,Anoitecer,Crescente,Céu Claro,Simples,Curva;Aclive,Não,2,0,0,1,1,0,1,2,-27.683439,-49.105259,SPRF-SC,DEL01-SC,UOP03-DEL01-SC,2021
"375863,0",2021-08-08,domingo,17:30:00,SC,282,"506,0",XANXERE,Velocidade Incompatível,Colisão traseira,Com Vítimas Feridas,Pleno dia,Decrescente,Céu Claro,Dupla,Reta,Não,3,0,1,1,0,1,2,2,-26.885712,-52.42907,SPRF-SC,DEL07-SC,UOP01-DEL07-SC,2021
"375868,0",2021-08-08,domingo,17:00:00,SC,282,"281,3",SAO JOSE DO CERRITO,Carga excessiva e/ou mal acondicionada,Saída de leito carroçável,Com Vítimas Feridas,Anoitecer,Crescente,Céu Claro,Simples,Curva,Não,2,0,1,1,0,0,2,1,-27.580057,-50.76429,SPRF-SC,DEL05-SC,UOP02-DEL05-SC,2021
"375937,0",2021-08-08,domingo,21:10:00,SC,116,"140,7",SANTA CECILIA,Ausência de reação do condutor,Colisão traseira,Com Vítimas Fatais,Plena Noite,Crescente,Céu Claro,Simples,Reta;Aclive,Sim,5,1,0,1,2,1,1,3,-26.96999,-50.40666,SPRF-SC,DEL06-SC,UOP02-DEL06-SC,2021
"376019,0",2021-08-09,segunda-feira,12:00:00,SC,280,"56,0",GUARAMIRIM,Reação tardia ou ineficiente do condutor,Colisão traseira,Com Vítimas Feridas,Pleno dia,Crescente,Céu Claro,Simples,Reta,Sim,4,0,0,1,2,1,1,4,-26.47947677,-49.00298702,SPRF-SC,DEL03-SC,UOP03-DEL03-SC,2021
"376021,0",2021-07-09,sexta-feira,12:45:00,SC,282,"223,2",LAGES,Velocidade Incompatível,Colisão transversal,Com Vítimas Feridas,Pleno dia,Decrescente,Sol,Simples,Interseção de Vias,Sim,3,0,0,1,1,1,1,3,-27.800127,-50.362751,SPRF-SC,DEL05-SC,UOP01-DEL05-SC,2021
"376073,0",2021-08-09,segunda-feira,11:30:00,SC,153,"36,9",PONTE SERRADA,Ausência de reação do condutor,Capotamento,Com Vítimas Feridas,Pleno dia,Decrescente,Céu Claro,Simples,Curva,Não,2,0,1,0,0,1,1,2,-26.821478,-51.720905,SPRF-SC,DEL07-SC,UOP05-DEL07-SC,2021
"376089,0",2021-08-09,segunda-feira,18:25:00,SC,101,"207,0",SAO JOSE,Condutor deixou de manter distância do veículo da frente,Colisão traseira,Com Vítimas Feridas,Plena Noite,Crescente,Céu Claro,Dupla,Curva,Sim,3,0,1,0,2,0,1,3,-27.60001226,-48.6226467,SPRF-SC,DEL01-SC,UOP01-DEL01-SC,2021
"376104,0",2021-08-09,segunda-feira,19:00:00,SC,101,"203,5",SAO JOSE,Manobra de mudança de faixa,Colisão com objeto,Com Vítimas Feridas,Plena Noite,Decrescente,Céu Claro,Múltipla,Em Obras;Reta;Declive,Sim,3,0,1,1,0,1,2,2,-27.57009296,-48.61376166,SPRF-SC,DEL01-SC,UOP01-DEL01-SC,2021
"376230,0",2021-08-10,terça-feira,11:40:00,SC,470,"128,6",LONTRAS,Acumulo de óleo sobre o pavimento,Tombamento,Com Vítimas Feridas,Pleno dia,Decrescente,Céu Claro,Simples,Curva,Não,3,0,1,0,1,1,1,3,-27.143742,-49.548897,SPRF-SC,DEL04-SC,UOP02-DEL04-SC,2021
"376280,0",2021-08-10,terça-feira,11:30:00,SC,153,"58,7",IRANI,Desrespeitar a preferência no cruzamento,Colisão transversal,Sem Vítimas,Pleno dia,Decrescente,Céu Claro,Simples,Interseção de Vias,Não,3,0,0,0,2,3,0,5,-26.96979455,-51.85441732,SPRF-SC,DEL07-SC,UOP04-DEL07-SC,2021