id,data_inversa,dia_semana,horario,uf,br,km,municipio,causa_acidente,tipo_acidente,classificacao_acidente,fase_dia,sentido_via,condicao_metereologica,tipo_pista,tracado_via,uso_solo,pessoas,mortos,feridos_leves,feridos_graves,ilesos,ignorados,feridos,veiculos,latitude,longitude,regional,delegacia,uop,ano_arquivo
"376289,0",2021-07-23,sexta-feira,14:00:00,SC,470,"215,2",SAO CRISTOVAO DO SUL,Transitar na contramão,Colisão lateral sentido oposto,Com Vítimas Feridas,Pleno dia,Crescente,Céu Claro,Simples,Reta;Aclive,Não,3,0,0,1,1,1,1,3,-27.30341386,-50.27180672,SPRF-SC,DEL05-SC,UOP03-DEL05-SC,2021
"376290,0",2021-08-10,terça-feira,17:05:00,SC,470,"38,0",GASPAR,Mal súbito do condutor,Colisão lateral sentido oposto,Com Vítimas Feridas,Pleno dia,Crescente,Céu Claro,Simples,Curva,Sim,2,0,1,0,1,0,1,2,-26.904108,-48.980164,SPRF-SC,DEL04-SC,UOP01-DEL04-SC,2021
"376322,0",2021-08-10,terça-feira,18:10:00,SC,101,"323,4",PESCARIA BRAVA,Ausência de reação do condutor,Tombamento,Com Vítimas Feridas,Anoitecer,Decrescente,Chuva,Dupla,Aclive,Não,2,0,1,0,0,1,1,2,-28.4252221,-48.93585205,SPRF-SC,DEL02-SC,UOP01-DEL02-SC,2021
"376327,0",2021-08-10,terça-feira,18:40:00,SC,101,"303,8",LAGUNA,Condutor Dormindo,Saída de leito carroçável,Com Vítimas Feridas,Plena Noite,Crescente,Garoa/Chuvisco,Múltipla,Reta,Sim,4,0,3,0,1,0,3,3,-28.36149723,-48.74974275,SPRF-SC,DEL02-SC,UOP03-DEL02-SC,2021
"376355,0",2021-08-10,terça-feira,22:00:00,SC,116,"22,2",ITAIOPOLIS,Condutor Dormindo,Colisão frontal,Com Vítimas Feridas,Plena Noite,Decrescente,Nublado,Simples,Reta,Não,4,0,0,1,2,1,1,4,-26.2574752,-49.91194265,SPRF-SC,DEL06-SC,UOP01-DEL06-SC,2021
"376416,0",2021-08-11,quarta-feira,08:20:00,SC,101,"363,7",SANGAO,Ingestão de álcool pelo condutor,Colisão com objeto,Sem Vítimas,Pleno dia,Decrescente,Chuva,Dupla,Curva,Sim,3,0,0,0,2,1,0,2,-28.67634681,-49.12963202,SPRF-SC,DEL02-SC,UOP01-DEL02-SC,2021
"376459,0",2021-08-11,quarta-feira,10:42:00,SC,101,"57,8",ARAQUARI,Mal súbito do condutor,Saída de leito carroçável,Com Vítimas Feridas,Pleno dia,Decrescente,Nublado,Dupla,Curva,Não,1,0,1,0,0,0,1,1,-26.4393652,-48.80196691,SPRF-SC,DEL03-SC,UOP01-DEL03-SC,2021
"376503,0",2021-08-11,quarta-feira,12:05:00,SC,282,"424,7",VARGEM BONITA,Reação tardia ou ineficiente do condutor,Colisão lateral sentido oposto,Com Vítimas Feridas,Pleno dia,Crescente,Céu Claro,Simples,Curva,Não,4,0,1,1,1,1,2,3,-26.988014,-51.753124,SPRF-SC,DEL07-SC,UOP05-DEL07-SC,2021
"376526,0",2021-08-11,quarta-feira,18:05:00,SC,101,"22,0",JOINVILLE,Velocidade Incompatível,Colisão com objeto,Com Vítimas Feridas,Anoitecer,Decrescente,Garoa/Chuvisco,Dupla,Reta,Não,2,0,1,0,0,1,1,2,-26.15679993,-48.90786269,SPRF-SC,DEL03-SC,UOP01-DEL03-SC,2021
"376531,0",2021-08-11,quarta-feira,19:45:00,SC,282,"495,8",XANXERE,Ultrapassagem Indevida,Colisão frontal,Com Vítimas Feridas,Plena Noite,Decrescente,Nublado,Simples,Reta,Não,5,0,0,1,3,1,1,4,-26.875349,-52.327076,SPRF-SC,DEL07-SC,UOP01-DEL07-SC,2021
"376532,0",2021-08-11,quarta-feira,18:50:00,SC,470,"95,0",APIUNA,Ausência de reação do condutor,Colisão lateral sentido oposto,Sem Vítimas,Plena Noite,Crescente,Nublado,Simples,Curva,Não,3,0,0,0,2,1,0,3,-27.02105238,-49.40952368,SPRF-SC,DEL04-SC,UOP01-DEL04-SC,2021
"376568,0",2021-08-11,quarta-feira,18:00:00,SC,101,"438,0",SOMBRIO,Ingestão de álcool pelo condutor,Saída de leito carroçável,Com Vítimas Feridas,Anoitecer,Crescente,Céu Claro,Dupla,Reta,Sim,2,0,1,0,1,0,1,2,-29.12329351,-49.64670312,SPRF-SC,DEL02-SC,UOP02-DEL02-SC,2021
"376570,0",2021-08-12,quinta-feira,03:50:00,SC,101,"36,0",JOINVILLE,Entrada inopinada do pedestre,Atropelamento de Pedestre,Com Vítimas Feridas,Plena Noite,Decrescente,Garoa/Chuvisco,Dupla,Reta,Não,3,0,1,0,1,1,1,3,-26.24573198,-48.9101069,SPRF-SC,DEL03-SC,UOP01-DEL03-SC,2021
"376607,0",2021-08-12,quinta-feira,07:53:00,SC,282,"410,9",CATANDUVAS,Carga excessiva e/ou mal acondicionada,Tombamento,Sem Vítimas,Pleno dia,Crescente,Nublado,Simples,Curva,Não,2,0,0,0,1,2,0,3,-27.061399,-51.671875,SPRF-SC,DEL07-SC,UOP05-DEL07-SC,2021
"376616,0",2021-08-12,quinta-feira,10:00:00,SC,101,"142,0",BALNEARIO CAMBORIU,Carga excessiva e/ou mal acondicionada,Eventos atípicos,Sem Vítimas,Pleno dia,Crescente,Céu Claro,Dupla,Curva,Sim,2,0,0,0,2,0,0,2,-27.056089,-48.599449,SPRF-SC,DEL04-SC,UOP03-DEL04-SC,2021
"376628,0",2021-08-12,quinta-feira,06:18:00,SC,282,"426,8",VARGEM BONITA,Deficiência do Sistema de Iluminação/Sinalização,Colisão traseira,Com Vítimas Feridas,Amanhecer,Crescente,Nublado,Simples,Aclive,Não,4,0,3,0,0,1,3,3,-26.98136,-51.786282,SPRF-SC,DEL07-SC,UOP05-DEL07-SC,2021
"376728,0",2021-08-12,quinta-feira,21:25:00,SC,282,"216,3",LAGES,Velocidade Incompatível,Colisão traseira,Com Vítimas Fatais,Plena Noite,Decrescente,Garoa/Chuvisco,Simples,Reta,Sim,2,1,0,0,0,1,0,2,-27.795704,-50.286456,SPRF-SC,DEL05-SC,UOP01-DEL05-SC,2021
"376736,0",2021-08-12,quinta-feira,16:00:00,SC,153,"38,0",PONTE SERRADA,Velocidade Incompatível,Colisão traseira,Com Vítimas Feridas,Pleno dia,Decrescente,Nublado,Simples,Reta,Não,5,0,1,0,3,4,1,8,-26.833155,-51.734047,SPRF-SC,DEL07-SC,UOP05-DEL07-SC,2021
"376770,0",2021-08-13,sexta-feira,06:15:00,SC,101,"158,0",PORTO BELO,Reação tardia ou ineficiente do condutor,Colisão traseira,Com Vítimas Feridas,Pleno dia,Decrescente,Garoa/Chuvisco,Dupla,Reta,Não,3,0,0,1,1,2,1,4,-27.19096301,-48.61259017,SPRF-SC,DEL04-SC,UOP03-DEL04-SC,2021
"376875,0",2021-07-30,sexta-feira,20:50:00,SC,470,"20,0",ILHOTA,Deficiência do Sistema de Iluminação/Sinalização,Colisão lateral sentido oposto,Com Vítimas Feridas,Plena Noite,Decrescente,Céu Claro,Simples,Reta,Não,3,0,0,1,1,1,1,3,-26.870115,-48.820484,SPRF-SC,DEL04-SC,UOP04-DEL04-SC,2021
"376953,0",2021-08-13,sexta-feira,23:50:00,SC,101,"189,3",BIGUACU,Chuva,Saída de leito carroçável,Com Vítimas Feridas,Plena Noite,Decrescente,Chuva,Dupla,Reta,Não,1,0,0,1,0,0,1,1,-27.46344771,-48.64113629,SPRF-SC,DEL01-SC,UOP01-DEL01-SC,2021
"376962,0",2021-08-14,sábado,00:30:00,SC,101,"113,1",ITAJAI,Ausência de reação do condutor,Tombamento,Sem Vítimas,Plena Noite,Decrescente,Chuva,Dupla,Reta,Não,2,0,0,0,1,1,0,2,-26.85311393,-48.72689927,SPRF-SC,DEL04-SC,UOP04-DEL04-SC,2021
"376969,0",2021-08-13,sexta-feira,22:28:00,SC,101,"21,2",JOINVILLE,Reação tardia ou ineficiente do condutor,Tombamento,Com Vítimas Feridas,Plena Noite,Decrescente,Chuva,Dupla,Reta,Sim,5,0,1,0,3,1,1,5,-26.15010271,-48.90911579,SPRF-SC,DEL03-SC,UOP01-DEL03-SC,2021
"377301,0",2021-08-15,domingo,17:30:00,SC,282,"504,0",XANXERE,Ingestão de substâncias psicoativas pelo condutor,Saída de leito carroçável,Com Vítimas Feridas,Pleno dia,Decrescente,Céu Claro,Simples,Interseção de Vias;Reta,Sim,3,0,1,0,1,1,1,3,-26.884279,-52.408466,SPRF-SC,DEL07-SC,UOP01-DEL07-SC,2021
"377311,0",2021-08-15,domingo,18:30:00,SC,470,"289,5",BRUNOPOLIS,Acessar a via sem observar a presença dos outros veículos,Colisão transversal,Com Vítimas Feridas,Plena Noite,Crescente,Céu Claro,Simples,Reta,Não,4,0,2,0,1,1,2,3,-27.333546,-50.95219,SPRF-SC,DEL07-SC,UOP06-DEL07-SC,2021
"377541,0",2021-08-16,segunda-feira,17:20:00,SC,116,"102,6",MONTE CASTELO,Transitar na contramão,Colisão frontal,Com Vítimas Feridas,Pleno dia,Crescente,Nublado,Simples,Reta,Não,3,0,0,1,1,1,1,3,-26.72522599,-50.31042602,SPRF-SC,DEL06-SC,UOP02-DEL06-SC,2021
"377550,0",2021-07-15,quinta-feira,08:15:00,SC,101,"211,7",PALHOCA,Condutor deixou de manter distância do veículo da frente,Queda de ocupante de veículo,Com Vítimas Fatais,Pleno dia,Decrescente,Céu Claro,Dupla,Reta,Sim,2,1,0,0,1,0,0,2,-27.62329313,-48.65245588,SPRF-SC,DEL01-SC,UOP02-DEL01-SC,2021
"377556,0",2021-07-23,sexta-feira,11:00:00,SC,282,"45,5",AGUAS MORNAS,Problema com o freio,Colisão traseira,Com Vítimas Feridas,Pleno dia,Decrescente,Sol,Simples,Declive;Curva,Não,11,0,3,5,3,0,8,8,-27.719851,-48.916126,SPRF-SC,DEL01-SC,UOP03-DEL01-SC,2021
"377583,0",2021-08-16,segunda-feira,23:55:00,SC,470,"144,9",RIO DO SUL,Falta de acostamento,Colisão traseira,Com Vítimas Feridas,Plena Noite,Crescente,Céu Claro,Simples,Reta,Não,3,0,1,0,1,1,1,3,-27.235138,-49.677608,SPRF-SC,DEL04-SC,UOP02-DEL04-SC,2021
"377661,0",2021-08-17,terça-feira,10:15:00,SC,280,"113,8",SAO BENTO DO SUL,Desrespeitar a preferência no cruzamento,Colisão transversal,Sem Vítimas,Pleno dia,Crescente,Sol,Simples,Reta,Não,2,0,0,0,2,0,0,2,-26.29873518,-49.39799743,SPRF-SC,DEL06-SC,UOP03-DEL06-SC,2021
"377738,0",2021-08-17,terça-feira,20:55:00,SC,116,"53,2",PAPANDUVA,Transitar na contramão,Colisão frontal,Com Vítimas Feridas,Plena Noite,Decrescente,Céu Claro,Simples,Aclive;Reta,Não,5,0,0,1,4,0,1,3,-26.3932492,-50.15515026,SPRF-SC,DEL06-SC,UOP01-DEL06-SC,2021
"377760,0",2021-08-18,quarta-feira,06:55:00,SC,101,"25,3",JOINVILLE,Ultrapassagem Indevida,Colisão lateral mesmo sentido,Com Vítimas Feridas,Pleno dia,Crescente,Céu Claro,Dupla,Reta,Sim,4,0,2,0,1,1,2,3,-26.18900408,-48.91184092,SPRF-SC,DEL03-SC,UOP01-DEL03-SC,2021
"377764,0",2021-08-18,quarta-feira,07:00:00,SC,101,"210,0",SAO JOSE,Condutor deixou de manter distância do veículo da frente,Colisão traseira,Com Vítimas Feridas,Pleno dia,Crescente,Céu Claro,Dupla,Reta,Não,3,0,2,0,0,1,2,2,-27.6167305,-48.6457265,SPRF-SC,DEL01-SC,UOP01-DEL01-SC,2021
"377772,0",2021-08-18,quarta-feira,07:25:00,SC,101,"217,0",PALHOCA,Trafegar com motocicleta (ou similar) entre as faixas,Colisão lateral mesmo sentido,Sem Vítimas,Pleno dia,Decrescente,Nublado,Dupla,Reta,Sim,2,0,0,0,2,0,0,2,-27.66779034,-48.67393586,SPRF-SC,DEL01-SC,UOP02-DEL01-SC,2021
"377854,0",2021-08-18,quarta-feira,13:10:00,SC,470,"242,8",CURITIBANOS,Demais falhas mecânicas ou elétricas,Incêndio,Com Vítimas Feridas,Pleno dia,Decrescente,Céu Claro,Simples,Reta,Não,1,0,1,0,0,0,1,1,-27.315144,-50.506874,SPRF-SC,DEL05-SC,UOP03-DEL05-SC,2021
"377870,0",2021-08-18,quarta-feira,17:00:00,SC,280,"6,6",SAO FRANCISCO DO SUL,Trafegar com motocicleta (ou similar) entre as faixas,Colisão lateral sentido oposto,Com Vítimas Fatais,Pleno dia,Decrescente,Céu Claro,Simples,Reta,Sim,4,1,0,0,2,2,0,5,-26.26569095,-48.63361804,SPRF-SC,DEL03-SC,UOP03-DEL03-SC,2021
"377952,0",2021-07-28,quarta-feira,06:15:00,SC,116,"60,8",PAPANDUVA,Condutor Dormindo,Saída de leito carroçável,Com Vítimas Fatais,Amanhecer,Crescente,Céu Claro,Simples,Curva;Declive,Não,2,1,0,0,0,1,0,2,-26.38910178,-50.22468567,SPRF-SC,DEL06-SC,UOP02-DEL06-SC,2021
"377965,0",2021-05-24,segunda-feira,08:45:00,SC,101,"111,9",ITAJAI,Ausência de reação do condutor,Colisão traseira,Com Vítimas Feridas,Pleno dia,Crescente,Céu Claro,Dupla,Ponte,Não,5,0,1,0,4,0,1,3,-26.83955734,-48.71418074,SPRF-SC,DEL04-SC,UOP04-DEL04-SC,2021
"377970,0",2021-08-19,quinta-feira,04:35:00,SC,116,"123,0",SANTA CECILIA,Transitar na contramão,Colisão com objeto,Com Vítimas Feridas,Plena Noite,Crescente,Céu Claro,Simples,Reta,Não,4,0,2,0,1,2,2,4,-26.84459638,-50.40029526,SPRF-SC,DEL06-SC,UOP02-DEL06-SC,2021
"378018,0",2021-08-19,quinta-feira,14:20:00,SC,101,"290,0",IMBITUBA,Manobra de mudança de faixa,Colisão lateral mesmo sentido,Com Vítimas Feridas,Pleno dia,Decrescente,Céu Claro,Dupla,Reta,Sim,5,0,1,0,3,1,1,3,-28.26202477,-48.70403355,SPRF-SC,DEL02-SC,UOP03-DEL02-SC,2021
"378022,0",2021-08-19,quinta-feira,15:50:00,SC,470,"7,2",NAVEGANTES,Condutor deixou de manter distância do veículo da frente,Colisão traseira,Com Vítimas Feridas,Pleno dia,Crescente,Céu Claro,Simples,Declive,Não,4,0,1,0,2,1,1,3,-26.84499,-48.71505,SPRF-SC,DEL04-SC,UOP04-DEL04-SC,2021
"378026,0",2021-08-19,quinta-feira,15:55:00,SC,282,"0,5",FLORIANOPOLIS,Manobra de mudança de faixa,Tombamento,Com Vítimas Feridas,Pleno dia,Crescente,Sol,Dupla,Reta;Aclive,Não,2,0,1,0,1,0,1,2,-27.59845,-48.571995,SPRF-SC,DEL01-SC,UOP01-DEL01-SC,2021
"378108,0",2021-08-20,sexta-feira,00:15:00,SC,101,"103,0",BALNEARIO PICARRAS,Acessar a via sem observar a presença dos outros veículos,Colisão traseira,Com Vítimas Feridas,Plena Noite,Decrescente,Nublado,Dupla,Reta,Não,4,0,1,1,1,1,2,4,-26.7832381,-48.68314632,SPRF-SC,DEL03-SC,UOP02-DEL03-SC,2021
"378184,0",2021-08-20,sexta-feira,11:25:00,SC,101,"359,8",SANGAO,Reação tardia ou ineficiente do condutor,Colisão com objeto,Com Vítimas Feridas,Pleno dia,Decrescente,Céu Claro,Dupla,Reta,Não,4,0,2,0,1,1,2,3,-28.664227,-49.111359,SPRF-SC,DEL02-SC,UOP01-DEL02-SC,2021
"378242,0",2021-08-20,sexta-feira,11:50:00,SC,282,"522,7",XAXIM,Condutor deixou de manter distância do veículo da frente,Colisão traseira,Com Vítimas Feridas,Pleno dia,Decrescente,Céu Claro,Simples,Reta,Sim,3,0,0,1,2,0,1,2,-26.956238,-52.542637,SPRF-SC,DEL07-SC,UOP01-DEL07-SC,2021
"378246,0",2021-08-20,sexta-feira,16:25:00,SC,470,"79,4",RODEIO,Transitar na contramão,Colisão lateral sentido oposto,Com Vítimas Feridas,Pleno dia,Decrescente,Céu Claro,Simples,Reta,Não,6,0,1,0,4,1,1,5,-26.951565,-49.306534,SPRF-SC,DEL04-SC,UOP01-DEL04-SC,2021
"378257,0",2021-08-20,sexta-feira,14:20:00,SC,282,"560,1",NOVA ITABERABA,Acessar a via sem observar a presença dos outros veículos,Colisão traseira,Sem Vítimas,Pleno dia,Crescente,Céu Claro,Simples,Reta,Não,2,0,0,0,2,0,0,2,-26.927135,-52.856205,SPRF-SC,DEL07-SC,UOP01-DEL07-SC,2021
"378287,0",2021-08-20,sexta-feira,16:15:00,SC,282,"455,5",PONTE SERRADA,Velocidade Incompatível,Colisão traseira,Com Vítimas Feridas,Pleno dia,Crescente,Céu Claro,Simples,Reta,Não,4,0,2,0,1,1,2,3,-26.888617,-51.99427,SPRF-SC,DEL07-SC,UOP04-DEL07-SC,2021
"378291,0",2021-08-20,sexta-feira,18:55:00,SC,280,"26,8",ARAQUARI,Ultrapassagem Indevida,Colisão lateral mesmo sentido,Com Vítimas Feridas,Plena Noite,Decrescente,Nublado,Simples,Reta,Não,3,0,1,0,2,0,1,3,-26.38972308,-48.73411593,SPRF-SC,DEL03-SC,UOP03-DEL03-SC,2021
"378346,0",2021-08-21,sábado,02:50:00,SC,280,"196,0",MAFRA,Condutor Dormindo,Colisão frontal,Com Vítimas Fatais,Plena Noite,Crescente,Céu Claro,Simples,Reta,Não,3,1,0,0,1,1,0,3,-26.17463654,-50.03363399,SPRF-SC,DEL06-SC,UOP01-DEL06-SC,2021
"378364,0",2021-08-21,sábado,05:35:00,SC,470,"83,5",RODEIO,Ingestão de álcool pelo condutor,Colisão lateral sentido oposto,Sem Vítimas,Plena Noite,Decrescente,Céu Claro,Simples,Reta,Não,2,0,0,0,1,1,0,2,-26.96184389,-49.34049195,SPRF-SC,DEL04-SC,UOP01-DEL04-SC,2021
"378410,0",2021-08-21,sábado,10:25:00,SC,280,"54,9",GUARAMIRIM,Manobra de mudança de faixa,Colisão traseira,Com Vítimas Feridas,Pleno dia,Decrescente,Céu Claro,Dupla,Reta,Sim,3,0,1,0,2,0,1,2,-26.47539893,-48.983748,SPRF-SC,DEL03-SC,UOP03-DEL03-SC,2021
"378421,0",2021-08-21,sábado,08:25:00,SC,158,"107,8",CUNHA PORA,Conversão proibida,Colisão frontal,Com Vítimas Feridas,Pleno dia,Crescente,Céu Claro,Simples,Reta,Sim,4,0,1,0,3,0,1,2,-26.87748,-53.16833,SPRF-SC,DEL07-SC,UOP02-DEL07-SC,2021
"378431,0",2021-08-21,sábado,12:40:00,SC,101,"216,5",PALHOCA,Manobra de mudança de faixa,Colisão lateral mesmo sentido,Com Vítimas Feridas,Pleno dia,Crescente,Sol,Dupla,Reta,Sim,3,0,1,0,1,1,1,3,-27.65981409,-48.67747798,SPRF-SC,DEL01-SC,UOP02-DEL01-SC,2021
"378452,0",2021-08-21,sábado,14:50:00,SC,470,"68,2",INDAIAL,Acesso irregular,Tombamento,Com Vítimas Feridas,Pleno dia,Decrescente,Céu Claro,Simples,Em Obras,Não,3,0,2,0,0,1,2,2,-26.877615,-49.239231,SPRF-SC,DEL04-SC,UOP01-DEL04-SC,2021
"378565,0",2021-08-22,domingo,00:10:00,SC,101,"136,0",BALNEARIO CAMBORIU,Ingestão de álcool pelo condutor,Colisão lateral mesmo sentido,Com Vítimas Feridas,Plena Noite,Crescente,Céu Claro,Dupla,Reta,Sim,2,0,1,0,1,0,1,2,-27.008113,-48.617245,SPRF-SC,DEL04-SC,UOP03-DEL04-SC,2021
"378581,0",2021-08-22,domingo,00:05:00,SC,470,"73,7",INDAIAL,Afundamento ou ondulação no pavimento,Colisão frontal,Com Vítimas Fatais,Plena Noite,Decrescente,Nublado,Simples,Curva,Não,3,1,0,0,1,1,0,3,-26.914745,-49.280188,SPRF-SC,DEL04-SC,UOP01-DEL04-SC,2021
"378635,0",2021-08-03,terça-feira,20:30:00,SC,153,"92,0",CONCORDIA,Ausência de reação do condutor,Colisão traseira,Com Vítimas Feridas,Plena Noite,Decrescente,Céu Claro,Simples,Em Obras;Reta,Não,5,0,2,0,3,0,2,3,-27.18551687,-51.92718029,SPRF-SC,DEL07-SC,UOP04-DEL07-SC,2021
"378660,0",2021-08-22,domingo,08:45:00,SC,153,"58,7",IRANI,Desrespeitar a preferência no cruzamento,Colisão transversal,Sem Vítimas,Pleno dia,Crescente,Céu Claro,Simples,Interseção de Vias,Não,6,0,0,0,5,1,0,3,-26.96956685,-51.85436033,SPRF-SC,DEL07-SC,UOP04-DEL07-SC,2021
"378949,0",2021-08-23,segunda-feira,17:10:00,SC,282,"204,0",LAGES,Manobra de mudança de faixa,Colisão lateral sentido oposto,Com Vítimas Feridas,Anoitecer,Crescente,Céu Claro,Simples,Reta,Não,3,0,1,0,1,2,1,4,-27.768663,-50.172195,SPRF-SC,DEL05-SC,UOP01-DEL05-SC,2021
"378964,0",2021-08-23,segunda-feira,15:20:00,SC,282,"113,0",ALFREDO WAGNER,Transitar na contramão,Colisão lateral sentido oposto,Com Vítimas Feridas,Pleno dia,Crescente,Céu Claro,Simples,Reta,Não,4,0,0,1,2,1,1,4,-27.740337,-49.384186,SPRF-SC,DEL01-SC,UOP03-DEL01-SC,2021
"378986,0",2021-08-23,segunda-feira,19:45:00,SC,101,"387,0",ICARA,Ingestão de substâncias psicoativas pelo condutor,Colisão lateral mesmo sentido,Com Vítimas Feridas,Plena Noite,Decrescente,Céu Claro,Dupla,Reta,Não,2,0,1,0,0,1,1,2,-28.78085074,-49.32874013,SPRF-SC,DEL02-SC,UOP02-DEL02-SC,2021
"378987,0",2021-08-23,segunda-feira,22:30:00,SC,101,"209,5",SAO JOSE,Trafegar com motocicleta (ou similar) entre as faixas,Colisão com objeto,Com Vítimas Feridas,Plena Noite,Decrescente,Céu Claro,Múltipla,Reta,Não,2,0,1,0,1,0,1,2,-27.61000542,-48.63895057,SPRF-SC,DEL01-SC,UOP01-DEL01-SC,2021
"379076,0",2021-08-24,terça-feira,14:07:00,SC,101,"192,8",BIGUACU,Ausência de reação do condutor,Colisão lateral mesmo sentido,Com Vítimas Feridas,Pleno dia,Decrescente,Nublado,Dupla,Curva,Sim,5,0,2,0,2,1,2,3,-27.48443781,-48.64765238,SPRF-SC,DEL01-SC,UOP01-DEL01-SC,2021
"379094,0",2021-08-24,terça-feira,10:15:00,SC,282,"420,8",VARGEM BONITA,Ultrapassagem Indevida,Colisão frontal,Com Vítimas Fatais,Pleno dia,Crescente,Nublado,Simples,Curva,Não,3,2,0,0,1,0,0,2,-27.01585065,-51.73611229,SPRF-SC,DEL07-SC,UOP05-DEL07-SC,2021
"379338,0",2021-08-25,quarta-feira,16:00:00,SC,470,"11,7",NAVEGANTES,Condutor deixou de manter distância do veículo da frente,Colisão traseira,Com Vítimas Feridas,Pleno dia,Decrescente,Nublado,Dupla,Reta;Em Obras,Não,6,0,2,0,4,0,2,2,-26.834309,-48.747269,SPRF-SC,DEL04-SC,UOP04-DEL04-SC,2021
"379353,0",2021-08-25,quarta-feira,21:30:00,SC,101,"18,1",JOINVILLE,Demais falhas mecânicas ou elétricas,Incêndio,Sem Vítimas,Plena Noite,Decrescente,Nublado,Dupla,Reta,Não,1,0,0,0,1,0,0,1,-26.13008848,-48.89074802,SPRF-SC,DEL03-SC,UOP01-DEL03-SC,2021
"379401,0",2021-07-15,quinta-feira,11:15:00,SC,116,"155,0",SANTA CECILIA,Velocidade Incompatível,Tombamento,Com Vítimas Feridas,Pleno dia,Decrescente,Nublado,Simples,Curva,Não,5,0,1,1,0,3,2,4,-27.07453696,-50.42919788,SPRF-SC,DEL06-SC,UOP02-DEL06-SC,2021
"379434,0",2021-08-26,quinta-feira,13:30:00,SC,101,"76,0",ARAQUARI,Avarias e/ou desgaste excessivo no pneu,Tombamento,Com Vítimas Feridas,Pleno dia,Decrescente,Nublado,Dupla,Reta,Não,3,0,3,0,0,0,3,1,-26.55954801,-48.72063404,SPRF-SC,DEL03-SC,UOP02-DEL03-SC,2021
"379444,0",2021-08-26,quinta-feira,13:55:00,SC,470,"45,0",GASPAR,Transitar na contramão,Colisão frontal,Com Vítimas Feridas,Pleno dia,Decrescente,Nublado,Simples,Reta,Sim,3,0,0,1,1,1,1,3,-26.867064,-49.031109,SPRF-SC,DEL04-SC,UOP01-DEL04-SC,2021
"379473,0",2021-08-26,quinta-feira,08:32:00,SC,116,"156,5",SANTA CECILIA,Velocidade Incompatível,Colisão frontal,Com Vítimas Feridas,Pleno dia,Decrescente,Garoa/Chuvisco,Simples,Curva;Declive,Não,3,0,1,0,1,2,1,4,-27.08390724,-50.44267416,SPRF-SC,DEL06-SC,UOP02-DEL06-SC,2021
"379540,0",2021-08-27,sexta-feira,02:25:00,SC,101,"121,4",ITAJAI,Ausência de reação do condutor,Colisão traseira,Sem Vítimas,Plena Noite,Decrescente,Nublado,Múltipla,Reta,Não,3,0,0,0,2,1,0,3,-26.92103178,-48.70856446,SPRF-SC,DEL04-SC,UOP04-DEL04-SC,2021
"379558,0",2021-08-27,sexta-feira,07:30:00,SC,280,"52,3",GUARAMIRIM,Acessar a via sem observar a presença dos outros veículos,Colisão transversal,Com Vítimas Feridas,Pleno dia,Decrescente,Céu Claro,Simples,Interseção de Vias;Em Obras;Reta,Sim,2,0,0,1,0,1,1,2,-26.468904,-48.96492,SPRF-SC,DEL03-SC,UOP03-DEL03-SC,2021
"379596,0",2021-08-27,sexta-feira,11:35:00,SC,470,"62,9",INDAIAL,Demais falhas mecânicas ou elétricas,Colisão com objeto,Com Vítimas Feridas,Pleno dia,Crescente,Nublado,Simples,Reta;Declive,Não,3,0,1,0,1,2,1,4,-26.874521,-49.182938,SPRF-SC,DEL04-SC,UOP01-DEL04-SC,2021
"379845,0",2021-07-27,terça-feira,10:42:00,SC,470,"275,7",BRUNOPOLIS,Condutor Dormindo,Colisão lateral sentido oposto,Com Vítimas Feridas,Pleno dia,Crescente,Chuva,Simples,Reta,Não,4,0,0,1,2,2,1,5,-27.329201,-50.813515,SPRF-SC,DEL07-SC,UOP06-DEL07-SC,2021
"379937,0",2021-08-04,quarta-feira,18:06:00,SC,282,"532,2",CORDILHEIRA ALTA,Acessar a via sem observar a presença dos outros veículos,Colisão transversal,Com Vítimas Fatais,Anoitecer,Crescente,Céu Claro,Simples,Interseção de Vias;Reta,Não,6,1,1,1,2,1,2,5,-26.996822,-52.615528,SPRF-SC,DEL07-SC,UOP01-DEL07-SC,2021
"380063,0",2021-08-29,domingo,08:35:00,SC,101,"312,4",LAGUNA,Ausência de reação do condutor,Colisão lateral mesmo sentido,Com Vítimas Feridas,Pleno dia,Decrescente,Céu Claro,Dupla,Reta;Ponte,Não,3,0,1,0,1,1,1,3,-28.44122326,-48.82564545,SPRF-SC,DEL02-SC,UOP01-DEL02-SC,2021
"380105,0",2021-08-29,domingo,15:40:00,SC,101,"126,5",ITAJAI,Reação tardia ou ineficiente do condutor,Colisão traseira,Com Vítimas Feridas,Pleno dia,Crescente,Nublado,Dupla,Reta,Não,7,0,1,0,5,1,1,6,-26.95564404,-48.67978366,SPRF-SC,DEL04-SC,UOP04-DEL04-SC,2021
"380142,0",2021-08-29,domingo,19:10:00,SC,101,"139,9",BALNEARIO CAMBORIU,Trafegar com motocicleta (ou similar) entre as faixas,Colisão lateral mesmo sentido,Com Vítimas Fatais,Plena Noite,Crescente,Nublado,Simples,Aclive,Não,5,1,0,0,1,3,0,5,-27.02982303,-48.60115006,SPRF-SC,DEL04-SC,UOP03-DEL04-SC,2021