id,data_inversa,dia_semana,horario,uf,br,km,municipio,causa_acidente,tipo_acidente,classificacao_acidente,fase_dia,sentido_via,condicao_metereologica,tipo_pista,tracado_via,uso_solo,pessoas,mortos,feridos_leves,feridos_graves,ilesos,ignorados,feridos,veiculos,latitude,longitude,regional,delegacia,uop,ano_arquivo
"380206,0",2021-08-30,segunda-feira,03:45:00,SC,470,"66,3",INDAIAL,Reação tardia ou ineficiente do condutor,Tombamento,Com Vítimas Feridas,Plena Noite,Crescente,Ignorado,Simples,Rotatória,Sim,1,0,1,0,0,0,1,1,-26.86984185,-49.22466343,SPRF-SC,DEL04-SC,UOP01-DEL04-SC,2021
"380211,0",2021-08-30,segunda-feira,05:40:00,SC,101,"208,0",SAO JOSE,Condutor deixou de manter distância do veículo da frente,Colisão traseira,Com Vítimas Feridas,Amanhecer,Crescente,Chuva,Dupla,Reta,Sim,4,0,1,1,2,0,2,2,-27.60327979,-48.63201818,SPRF-SC,DEL01-SC,UOP01-DEL01-SC,2021
"380217,0",2021-08-30,segunda-feira,03:10:00,SC,470,"281,8",BRUNOPOLIS,Reação tardia ou ineficiente do condutor,Saída de leito carroçável,Com Vítimas Fatais,Plena Noite,Crescente,Nublado,Simples,Curva,Não,4,3,1,0,0,0,1,2,-27.3345,-50.8832,SPRF-SC,DEL07-SC,UOP06-DEL07-SC,2021
"380259,0",2021-08-30,segunda-feira,09:25:00,SC,101,"100,8",BALNEARIO PICARRAS,Reação tardia ou ineficiente do condutor,Colisão traseira,Com Vítimas Feridas,Pleno dia,Crescente,Garoa/Chuvisco,Dupla,Reta;Viaduto,Não,4,0,1,0,2,1,1,4,-26.75482787,-48.68993675,SPRF-SC,DEL03-SC,UOP02-DEL03-SC,2021
"380330,0",2021-08-30,segunda-feira,12:45:00,SC,116,"208,7",CAPAO ALTO,Velocidade Incompatível,Tombamento,Com Vítimas Feridas,Pleno dia,Decrescente,Céu Claro,Simples,Curva,Não,1,0,1,0,0,0,1,1,-28.19710481,-50.75929284,SPRF-SC,DEL05-SC,UOP03-DEL05-SC,2021
"380355,0",2021-08-30,segunda-feira,18:25:00,SC,101,"148,0",ITAPEMA,Manobra de mudança de faixa,Colisão lateral mesmo sentido,Com Vítimas Feridas,Plena Noite,Decrescente,Nublado,Dupla,Curva,Sim,4,0,2,0,1,1,2,3,-27.10123686,-48.61807962,SPRF-SC,DEL04-SC,UOP03-DEL04-SC,2021
"380417,0",2021-08-30,segunda-feira,21:30:00,SC,153,"40,0",VARGEM BONITA,Ingestão de álcool pelo condutor,Colisão com objeto,Sem Vítimas,Plena Noite,Crescente,Céu Claro,Simples,Reta,Não,1,0,0,0,1,0,0,1,-26.843437,-51.747768,SPRF-SC,DEL07-SC,UOP05-DEL07-SC,2021
"380513,0",2021-06-08,terça-feira,12:30:00,SC,153,"4,0",AGUA DOCE,Carga excessiva e/ou mal acondicionada,Colisão com objeto,Sem Vítimas,Pleno dia,Crescente,Chuva,Simples,Reta,Não,3,0,0,0,2,1,0,3,-26.61676897,-51.49875641,SPRF-SC,DEL07-SC,UOP05-DEL07-SC,2021
"380537,0",2021-08-31,terça-feira,15:25:00,SC,282,"409,0",CATANDUVAS,Velocidade Incompatível,Atropelamento de Pedestre,Com Vítimas Fatais,Pleno dia,Decrescente,Céu Claro,Simples,Rotatória,Sim,3,1,0,0,1,1,0,3,-27.07030391,-51.66277885,SPRF-SC,DEL07-SC,UOP05-DEL07-SC,2021
"380584,0",2021-08-31,terça-feira,21:00:00,SC,282,"503,2",XANXERE,Condutor deixou de manter distância do veículo da frente,Colisão traseira,Com Vítimas Feridas,Plena Noite,Decrescente,Céu Claro,Dupla,Reta,Sim,2,0,1,0,1,0,1,2,-26.88492,-52.399788,SPRF-SC,DEL07-SC,UOP01-DEL07-SC,2021
"380588,0",2021-08-31,terça-feira,20:30:00,SC,282,"578,0",PINHALZINHO,Entrada inopinada do pedestre,Atropelamento de Pedestre,Com Vítimas Feridas,Plena Noite,Decrescente,Céu Claro,Simples,Reta,Sim,3,0,0,1,1,2,1,4,-26.84905,-52.980209,SPRF-SC,DEL07-SC,UOP02-DEL07-SC,2021
"380603,0",2021-09-01,quarta-feira,03:15:00,SC,470,"225,3",SAO CRISTOVAO DO SUL,Animais na Pista,Atropelamento de Animal,Sem Vítimas,Plena Noite,Crescente,Garoa/Chuvisco,Simples,Curva,Não,1,0,0,0,1,0,0,1,-27.328018,-50.351475,SPRF-SC,DEL05-SC,UOP03-DEL05-SC,2021
"380610,0",2021-09-01,quarta-feira,04:20:00,SC,282,"127,9",BOM RETIRO,Condutor deixou de manter distância do veículo da frente,Colisão traseira,Com Vítimas Feridas,Plena Noite,Crescente,Nublado,Simples,Declive,Sim,3,0,1,0,1,1,1,3,-27.80365494,-49.48685288,SPRF-SC,DEL05-SC,UOP01-DEL05-SC,2021
"380633,0",2021-09-01,quarta-feira,05:50:00,SC,282,"624,2",IRACEMINHA,Acessar a via sem observar a presença dos outros veículos,Colisão transversal,Com Vítimas Feridas,Amanhecer,Decrescente,Céu Claro,Simples,Reta,Não,4,0,2,0,2,0,2,2,-26.798008,-53.34169,SPRF-SC,DEL07-SC,UOP02-DEL07-SC,2021
"380684,0",2021-09-01,quarta-feira,07:15:00,SC,101,"310,0",LAGUNA,Condutor deixou de manter distância do veículo da frente,Eventos atípicos,Com Vítimas Feridas,Pleno dia,Decrescente,Céu Claro,Múltipla,Reta,Não,2,0,0,1,0,1,1,2,-28.43544953,-48.80749226,SPRF-SC,DEL02-SC,UOP01-DEL02-SC,2021
"380759,0",2021-09-01,quarta-feira,20:00:00,SC,470,"125,7",LONTRAS,Condutor deixou de manter distância do veículo da frente,Colisão traseira,Com Vítimas Feridas,Plena Noite,Decrescente,Céu Claro,Simples,Reta,Não,3,0,2,0,0,1,2,2,-27.120506,-49.534946,SPRF-SC,DEL04-SC,UOP02-DEL04-SC,2021
"380784,0",2021-09-02,quinta-feira,00:15:00,SC,101,"367,3",ICARA,Condutor Dormindo,Colisão traseira,Com Vítimas Feridas,Plena Noite,Crescente,Nublado,Dupla,Curva;Aclive,Não,3,0,1,1,0,2,2,4,-28.71505496,-49.22415733,SPRF-SC,DEL02-SC,UOP01-DEL02-SC,2021
"380785,0",2021-09-01,quarta-feira,16:15:00,SC,153,"35,3",AGUA DOCE,Velocidade Incompatível,Colisão lateral sentido oposto,Sem Vítimas,Pleno dia,Crescente,Nublado,Simples,Curva,Não,3,0,0,0,2,2,0,4,-26.79574146,-51.69404805,SPRF-SC,DEL07-SC,UOP05-DEL07-SC,2021
"380787,0",2021-09-01,quarta-feira,23:30:00,SC,101,"105,4",PENHA,Demais falhas mecânicas ou elétricas,Saída de leito carroçável,Com Vítimas Feridas,Plena Noite,Crescente,Nublado,Dupla,Curva,Não,1,0,1,0,0,0,1,1,-26.80215497,-48.67891041,SPRF-SC,DEL03-SC,UOP02-DEL03-SC,2021
"380887,0",2021-09-02,quinta-feira,16:59:00,SC,101,"123,5",ITAJAI,Velocidade Incompatível,Engavetamento,Com Vítimas Feridas,Pleno dia,Decrescente,Céu Claro,Dupla,Reta,Não,6,0,1,0,5,0,1,5,-26.93668609,-48.69876905,SPRF-SC,DEL04-SC,UOP04-DEL04-SC,2021
"380955,0",2021-09-02,quinta-feira,21:50:00,SC,101,"40,9",JOINVILLE,Velocidade Incompatível,Tombamento,Com Vítimas Feridas,Plena Noite,Decrescente,Céu Claro,Dupla,Curva;Viaduto,Sim,2,0,1,0,0,1,1,2,-26.27176094,-48.89468382,SPRF-SC,DEL03-SC,UOP01-DEL03-SC,2021
"381046,0",2021-08-16,segunda-feira,21:30:00,SC,280,"90,8",CORUPA,Velocidade Incompatível,Saída de leito carroçável,Com Vítimas Feridas,Plena Noite,Decrescente,Céu Claro,Simples,Curva;Declive,Não,3,0,1,1,0,1,2,2,-26.39826146,-49.29613709,SPRF-SC,DEL06-SC,UOP03-DEL06-SC,2021
"381105,0",2021-09-03,sexta-feira,17:40:00,SC,101,"142,0",BALNEARIO CAMBORIU,Ultrapassagem Indevida,Colisão lateral mesmo sentido,Com Vítimas Feridas,Anoitecer,Decrescente,Nublado,Simples,Reta,Não,3,0,1,0,2,0,1,3,-27.056089,-48.599449,SPRF-SC,DEL04-SC,UOP03-DEL04-SC,2021
"381167,0",2021-09-03,sexta-feira,16:06:00,SC,101,"55,0",JOINVILLE,Reação tardia ou ineficiente do condutor,Engavetamento,Com Vítimas Feridas,Pleno dia,Crescente,Céu Claro,Dupla,Reta,Não,14,0,2,0,11,2,2,7,-26.42280898,-48.82977496,SPRF-SC,DEL03-SC,UOP01-DEL03-SC,2021
"381171,0",2021-09-03,sexta-feira,18:00:00,SC,280,"5,9",SAO FRANCISCO DO SUL,Reação tardia ou ineficiente do condutor,Colisão traseira,Com Vítimas Feridas,Pleno dia,Crescente,Nublado,Simples,Reta,Sim,3,0,2,0,1,0,2,2,-26.26525735,-48.63297701,SPRF-SC,DEL03-SC,UOP03-DEL03-SC,2021
"381252,0",2021-09-04,sábado,06:00:00,SC,163,"85,9",GUARACIABA,Ausência de reação do condutor,Colisão lateral sentido oposto,Sem Vítimas,Amanhecer,Crescente,Céu Claro,Simples,Declive;Reta,Sim,3,0,0,0,2,2,0,4,-26.60730301,-53.51704391,SPRF-SC,DEL07-SC,UOP03-DEL07-SC,2021
"381343,0",2021-09-04,sábado,08:30:00,SC,158,"100,7",CUNHA PORA,Reação tardia ou ineficiente do condutor,Saída de leito carroçável,Com Vítimas Feridas,Pleno dia,Decrescente,Céu Claro,Simples,Declive;Reta,Não,1,0,1,0,0,0,1,1,-26.82899985,-53.18089264,SPRF-SC,DEL07-SC,UOP02-DEL07-SC,2021
"381397,0",2021-09-04,sábado,15:00:00,SC,470,"119,3",IBIRAMA,Demais falhas mecânicas ou elétricas,Tombamento,Sem Vítimas,Pleno dia,Decrescente,Céu Claro,Simples,Curva;Aclive,Não,1,0,0,0,1,0,0,1,-27.081554,-49.520206,SPRF-SC,DEL04-SC,UOP02-DEL04-SC,2021
"381427,0",2021-09-04,sábado,19:00:00,SC,101,"138,5",BALNEARIO CAMBORIU,Reação tardia ou ineficiente do condutor,Tombamento,Sem Vítimas,Plena Noite,Decrescente,Nublado,Dupla,Curva,Sim,2,0,0,0,1,1,0,2,-27.02397426,-48.60761649,SPRF-SC,DEL04-SC,UOP03-DEL04-SC,2021
"381435,0",2021-09-04,sábado,18:45:00,SC,282,"495,0",XANXERE,Ultrapassagem Indevida,Colisão lateral sentido oposto,Com Vítimas Fatais,Plena Noite,Decrescente,Chuva,Simples,Reta,Não,4,1,2,0,1,0,2,3,-26.87471746,-52.32554197,SPRF-SC,DEL07-SC,UOP01-DEL07-SC,2021
"381439,0",2021-09-04,sábado,18:50:00,SC,101,"357,6",SANGAO,Velocidade Incompatível,Colisão traseira,Com Vítimas Feridas,Plena Noite,Decrescente,Nublado,Dupla,Reta,Não,3,0,0,1,1,1,1,3,-28.635168,-49.09467,SPRF-SC,DEL02-SC,UOP01-DEL02-SC,2021
"381526,0",2021-09-05,domingo,05:15:00,SC,101,"312,4",LAGUNA,Ingestão de álcool e/ou substâncias psicoativas pelo pedestre,Colisão traseira,Sem Vítimas,Pleno dia,Crescente,Céu Claro,Dupla,Reta;Ponte,Não,2,0,0,0,2,0,0,2,-28.44061948,-48.82457256,SPRF-SC,DEL02-SC,UOP01-DEL02-SC,2021
"381550,0",2021-09-05,domingo,01:40:00,SC,116,"73,0",MONTE CASTELO,Chuva,Colisão lateral sentido oposto,Com Vítimas Feridas,Plena Noite,Decrescente,Chuva,Simples,Reta;Declive,Não,3,0,1,0,2,0,1,3,-26.49609399,-50.23312331,SPRF-SC,DEL06-SC,UOP02-DEL06-SC,2021
"381593,0",2021-09-05,domingo,13:10:00,SC,101,"9,3",GARUVA,Transitar na contramão,Colisão frontal,Com Vítimas Fatais,Pleno dia,Decrescente,Céu Claro,Dupla,Reta,Não,3,1,0,0,1,1,0,3,-26.0563995,-48.859498,SPRF-SC,DEL03-SC,UOP01-DEL03-SC,2021
"381627,0",2021-09-05,domingo,16:15:00,SC,101,"100,0",BALNEARIO PICARRAS,Manobra de mudança de faixa,Colisão lateral mesmo sentido,Com Vítimas Feridas,Pleno dia,Decrescente,Céu Claro,Dupla,Reta;Declive,Não,4,0,2,0,1,2,2,4,-26.75482787,-48.68993675,SPRF-SC,DEL03-SC,UOP02-DEL03-SC,2021
"381628,0",2021-09-05,domingo,16:25:00,SC,470,"144,6",RIO DO SUL,Ultrapassagem Indevida,Colisão lateral mesmo sentido,Com Vítimas Feridas,Pleno dia,Decrescente,Céu Claro,Simples,Reta,Não,3,0,1,0,1,1,1,2,-27.235138,-49.677608,SPRF-SC,DEL04-SC,UOP02-DEL04-SC,2021
"381776,0",2021-09-06,segunda-feira,00:00:00,SC,280,"124,7",RIO NEGRINHO,Desrespeitar a preferência no cruzamento,Colisão transversal,Com Vítimas Feridas,Plena Noite,Decrescente,Nublado,Simples,Aclive;Reta,Sim,4,0,1,0,2,2,1,4,-26.23943953,-49.50420708,SPRF-SC,DEL06-SC,UOP03-DEL06-SC,2021
"381856,0",2021-09-06,segunda-feira,10:25:00,SC,282,"606,6",MARAVILHA,Reação tardia ou ineficiente do condutor,Colisão transversal,Com Vítimas Feridas,Pleno dia,Decrescente,Céu Claro,Simples,Reta,Sim,2,0,0,1,1,0,1,2,-26.778643,-53.198692,SPRF-SC,DEL07-SC,UOP02-DEL07-SC,2021
"381904,0",2021-09-06,segunda-feira,17:10:00,SC,280,"46,5",GUARAMIRIM,Ultrapassagem Indevida,Colisão frontal,Com Vítimas Fatais,Pleno dia,Crescente,Nublado,Simples,Reta,Não,3,1,1,0,0,1,1,3,-26.45315954,-48.91135812,SPRF-SC,DEL03-SC,UOP03-DEL03-SC,2021
"382040,0",2021-09-07,terça-feira,12:00:00,SC,282,"89,0",ALFREDO WAGNER,Velocidade Incompatível,Colisão frontal,Com Vítimas Feridas,Pleno dia,Decrescente,Chuva,Simples,Curva,Não,4,0,2,0,1,1,2,3,-27.677973,-49.215893,SPRF-SC,DEL01-SC,UOP03-DEL01-SC,2021
"382262,0",2021-09-08,quarta-feira,12:20:00,SC,280,"120,0",RIO NEGRINHO,Entrada inopinada do pedestre,Atropelamento de Pedestre,Com Vítimas Feridas,Pleno dia,Crescente,Sol,Simples,Rotatória,Não,2,0,1,0,1,0,1,2,-26.26094075,-49.44273982,SPRF-SC,DEL06-SC,UOP03-DEL06-SC,2021
"382301,0",2021-09-08,quarta-feira,05:00:00,SC,153,"4,8",AGUA DOCE,Ausência de reação do condutor,Tombamento,Com Vítimas Feridas,Amanhecer,Crescente,Nublado,Simples,Reta,Não,2,0,1,0,0,1,1,2,-26.635151,-51.508949,SPRF-SC,DEL07-SC,UOP05-DEL07-SC,2021
"382425,0",2021-09-06,segunda-feira,04:50:00,SC,101,"11,0",GARUVA,Reação tardia ou ineficiente do condutor,Colisão traseira,Com Vítimas Feridas,Plena Noite,Crescente,Nublado,Dupla,Reta,Não,2,0,1,0,1,0,1,2,-26.07202503,-48.86100853,SPRF-SC,DEL03-SC,UOP01-DEL03-SC,2021
"382465,0",2021-09-09,quinta-feira,10:25:00,SC,153,"95,0",CONCORDIA,Acessar a via sem observar a presença dos outros veículos,Colisão transversal,Com Vítimas Feridas,Pleno dia,Crescente,Céu Claro,Simples,Reta,Não,2,0,1,0,1,0,1,2,-27.21089053,-51.95169568,SPRF-SC,DEL07-SC,UOP04-DEL07-SC,2021
"382595,0",2021-09-10,sexta-feira,07:45:00,SC,101,"204,8",SAO JOSE,Trafegar com motocicleta (ou similar) entre as faixas,Colisão lateral mesmo sentido,Com Vítimas Fatais,Pleno dia,Crescente,Sol,Múltipla,Declive;Reta,Sim,4,1,0,0,2,3,0,6,-27.58041615,-48.61440539,SPRF-SC,DEL01-SC,UOP01-DEL01-SC,2021
"382638,0",2021-09-10,sexta-feira,12:50:00,SC,470,"57,3",BLUMENAU,Acessar a via sem observar a presença dos outros veículos,Colisão lateral mesmo sentido,Sem Vítimas,Pleno dia,Decrescente,Céu Claro,Simples,Curva,Sim,3,0,0,0,2,1,0,3,-26.880428,-49.136532,SPRF-SC,DEL04-SC,UOP01-DEL04-SC,2021
"382832,0",2021-09-11,sábado,11:45:00,SC,470,"100,0",APIUNA,Reação tardia ou ineficiente do condutor,Colisão traseira,Com Vítimas Feridas,Pleno dia,Decrescente,Céu Claro,Simples,Reta,Sim,3,0,1,0,2,0,1,2,-27.045143,-49.394142,SPRF-SC,DEL04-SC,UOP02-DEL04-SC,2021
"382934,0",2021-09-11,sábado,16:30:00,SC,158,"116,6",CUNHA PORA,Mal súbito do condutor,Colisão frontal,Com Vítimas Feridas,Pleno dia,Decrescente,Sol,Simples,Reta,Não,4,0,1,1,1,1,2,3,-26.939083,-53.204106,SPRF-SC,DEL07-SC,UOP02-DEL07-SC,2021
"382936,0",2021-09-11,sábado,18:35:00,SC,101,"232,1",PALHOCA,Condutor deixou de manter distância do veículo da frente,Colisão com objeto,Sem Vítimas,Plena Noite,Decrescente,Céu Claro,Dupla,Reta,Não,2,0,0,0,1,1,0,2,-27.795666,-48.638153,SPRF-SC,DEL01-SC,UOP02-DEL01-SC,2021
"382949,0",2021-09-11,sábado,19:45:00,SC,470,"282,0",BRUNOPOLIS,Ultrapassagem Indevida,Colisão frontal,Com Vítimas Feridas,Plena Noite,Crescente,Céu Claro,Simples,Curva,Não,2,0,1,0,1,0,1,2,-27.334911,-50.882519,SPRF-SC,DEL07-SC,UOP06-DEL07-SC,2021
"382997,0",2021-09-12,domingo,03:55:00,SC,101,"153,0",ITAPEMA,Reação tardia ou ineficiente do condutor,Colisão transversal,Com Vítimas Feridas,Plena Noite,Decrescente,Céu Claro,Múltipla,Reta,Sim,3,0,0,1,1,1,1,3,-27.144717,-48.61063935,SPRF-SC,DEL04-SC,UOP03-DEL04-SC,2021
"383003,0",2021-09-12,domingo,05:00:00,SC,280,"15,0",SAO FRANCISCO DO SUL,Ultrapassagem Indevida,Colisão frontal,Com Vítimas Feridas,Amanhecer,Decrescente,Céu Claro,Simples,Ponte,Não,4,0,0,2,1,2,2,4,-26.33868901,-48.65489598,SPRF-SC,DEL03-SC,UOP03-DEL03-SC,2021
"383086,0",2021-09-12,domingo,14:39:00,SC,470,"98,0",APIUNA,Demais falhas mecânicas ou elétricas,Incêndio,Sem Vítimas,Pleno dia,Decrescente,Sol,Simples,Reta,Sim,2,0,0,0,1,1,0,2,-27.032537,-49.385468,SPRF-SC,DEL04-SC,UOP01-DEL04-SC,2021
"383139,0",2021-09-12,domingo,18:10:00,SC,101,"165,0",TIJUCAS,Ingestão de álcool pelo condutor,Colisão lateral mesmo sentido,Com Vítimas Feridas,Plena Noite,Crescente,Céu Claro,Dupla,Reta,Não,3,0,0,1,1,1,1,3,-27.252663,-48.63154894,SPRF-SC,DEL04-SC,UOP03-DEL04-SC,2021
"383201,0",2021-09-12,domingo,18:45:00,SC,282,"451,7",PONTE SERRADA,Ausência de reação do condutor,Saída de leito carroçável,Com Vítimas Feridas,Plena Noite,Decrescente,Céu Claro,Simples,Curva,Sim,2,0,1,0,0,1,1,2,-26.912806,-51.962536,SPRF-SC,DEL07-SC,UOP04-DEL07-SC,2021
"383207,0",2021-09-12,domingo,22:25:00,SC,470,"111,2",IBIRAMA,Velocidade Incompatível,Tombamento,Com Vítimas Feridas,Plena Noite,Decrescente,Nublado,Simples,Declive;Curva,Não,2,0,1,0,0,1,1,2,-27.09974387,-49.4606638,SPRF-SC,DEL04-SC,UOP02-DEL04-SC,2021
"383217,0",2021-09-12,domingo,21:30:00,SC,282,"293,9",VARGEM,Velocidade Incompatível,Colisão com objeto,Com Vítimas Feridas,Plena Noite,Decrescente,Céu Claro,Simples,Curva,Não,6,0,0,2,4,0,2,2,-27.538227,-50.860825,SPRF-SC,DEL07-SC,UOP06-DEL07-SC,2021
"383225,0",2021-09-13,segunda-feira,02:15:00,SC,470,"48,6",BLUMENAU,Ultrapassagem Indevida,Tombamento,Com Vítimas Feridas,Plena Noite,Decrescente,Nublado,Dupla,Ponte;Reta,Sim,4,0,2,0,1,1,2,3,-26.859823,-49.055393,SPRF-SC,DEL04-SC,UOP01-DEL04-SC,2021
"383248,0",2021-09-13,segunda-feira,07:25:00,SC,101,"344,9",TUBARAO,Manobra de mudança de faixa,Colisão lateral mesmo sentido,Com Vítimas Feridas,Pleno dia,Crescente,Céu Claro,Múltipla,Reta,Não,2,0,1,0,1,0,1,2,-28.55587761,-49.05464172,SPRF-SC,DEL02-SC,UOP01-DEL02-SC,2021
"383297,0",2021-09-13,segunda-feira,11:55:00,SC,101,"190,2",BIGUACU,Acumulo de areia ou detritos sobre o pavimento,Colisão com objeto,Sem Vítimas,Pleno dia,Crescente,Nublado,Múltipla,Reta,Sim,4,0,0,0,3,1,0,3,-27.468056,-48.641712,SPRF-SC,DEL01-SC,UOP01-DEL01-SC,2021
"383325,0",2021-09-13,segunda-feira,14:30:00,SC,470,"151,0",AGRONOMICA,Reação tardia ou ineficiente do condutor,Colisão traseira,Com Vítimas Feridas,Pleno dia,Decrescente,Céu Claro,Simples,Reta,Não,4,0,1,0,2,2,1,5,-27.260792,-49.719761,SPRF-SC,DEL04-SC,UOP02-DEL04-SC,2021
"383331,0",2021-09-13,segunda-feira,15:40:00,SC,101,"114,6",ITAJAI,Acesso irregular,Colisão traseira,Com Vítimas Feridas,Pleno dia,Crescente,Nublado,Dupla,Reta,Sim,3,0,1,0,1,1,1,3,-26.86192886,-48.7286704,SPRF-SC,DEL04-SC,UOP04-DEL04-SC,2021
"383337,0",2021-09-13,segunda-feira,16:00:00,SC,116,"308,9",CAPAO ALTO,Velocidade Incompatível,Tombamento,Com Vítimas Feridas,Pleno dia,Crescente,Nublado,Simples,Curva,Não,3,0,3,0,0,0,3,1,-28.1980022,-50.75984001,SPRF-SC,DEL05-SC,UOP02-DEL05-SC,2021
"383350,0",2021-07-14,quarta-feira,18:10:00,SC,101,"51,6",JOINVILLE,Reação tardia ou ineficiente do condutor,Colisão traseira,Com Vítimas Fatais,Anoitecer,Decrescente,Céu Claro,Dupla,Reta,Sim,3,1,0,0,1,1,0,3,-26.39111608,-48.83984239,SPRF-SC,DEL03-SC,UOP01-DEL03-SC,2021
"383373,0",2021-09-13,segunda-feira,17:20:00,SC,101,"134,9",BALNEARIO CAMBORIU,Ausência de reação do condutor,Colisão lateral mesmo sentido,Com Vítimas Feridas,Anoitecer,Crescente,Nublado,Simples,Reta,Sim,2,0,0,1,1,0,1,2,-27.00218,-48.636433,SPRF-SC,DEL04-SC,UOP03-DEL04-SC,2021
"383441,0",2021-09-14,terça-feira,08:11:00,SC,101,"216,5",PALHOCA,Ausência de reação do condutor,Colisão com objeto,Com Vítimas Feridas,Pleno dia,Decrescente,Nublado,Dupla,Viaduto,Não,2,0,1,0,0,1,1,2,-27.65981409,-48.67747798,SPRF-SC,DEL01-SC,UOP02-DEL01-SC,2021
"383492,0",2021-09-14,terça-feira,14:00:00,SC,282,"51,9",RANCHO QUEIMADO,Problema com o freio,Saída de leito carroçável,Com Vítimas Feridas,Pleno dia,Decrescente,Garoa/Chuvisco,Simples,Curva,Não,1,0,1,0,0,0,1,1,-27.703712,-48.959267,SPRF-SC,DEL01-SC,UOP03-DEL01-SC,2021
"383519,0",2021-09-14,terça-feira,10:49:00,SC,282,"530,8",CORDILHEIRA ALTA,Velocidade Incompatível,Colisão lateral mesmo sentido,Sem Vítimas,Pleno dia,Crescente,Chuva,Simples,Declive;Curva,Sim,3,0,0,0,2,1,0,3,-26.986555,-52.60524,SPRF-SC,DEL07-SC,UOP01-DEL07-SC,2021
"383681,0",2021-09-15,quarta-feira,13:30:00,SC,280,"24,7",ARAQUARI,Desrespeitar a preferência no cruzamento,Colisão frontal,Com Vítimas Feridas,Pleno dia,Crescente,Nublado,Simples,Interseção de Vias;Reta,Sim,3,0,0,1,1,2,1,4,-26.37724921,-48.71953282,SPRF-SC,DEL03-SC,UOP03-DEL03-SC,2021
"383738,0",2021-09-15,quarta-feira,17:50:00,SC,282,"628,2",IRACEMINHA,Faixas de trânsito com largura insuficiente,Colisão frontal,Com Vítimas Feridas,Anoitecer,Crescente,Céu Claro,Simples,Curva;Declive,Não,3,0,1,0,1,3,1,5,-26.818754,-53.365486,SPRF-SC,DEL07-SC,UOP02-DEL07-SC,2021
"383762,0",2021-09-16,quinta-feira,04:15:00,SC,101,"216,4",PALHOCA,Acessar a via sem observar a presença dos outros veículos,Colisão transversal,Com Vítimas Feridas,Plena Noite,Crescente,Nublado,Dupla,Interseção de Vias,Sim,2,0,0,1,1,0,1,2,-27.65981409,-48.67747798,SPRF-SC,DEL01-SC,UOP02-DEL01-SC,2021
"383808,0",2021-09-16,quinta-feira,08:15:00,SC,470,"68,9",INDAIAL,Acumulo de óleo sobre o pavimento,Colisão traseira,Com Vítimas Feridas,Pleno dia,Decrescente,Nublado,Dupla,Reta;Declive,Sim,3,0,1,0,1,1,1,3,-26.88456466,-49.24827576,SPRF-SC,DEL04-SC,UOP01-DEL04-SC,2021
"383811,0",2021-09-16,quinta-feira,08:55:00,SC,101,"200,0",SAO JOSE,Transitar no acostamento,Colisão lateral mesmo sentido,Sem Vítimas,Pleno dia,Crescente,Nublado,Múltipla,Reta,Sim,3,0,0,0,2,1,0,3,-27.54018513,-48.62287714,SPRF-SC,DEL01-SC,UOP01-DEL01-SC,2021
"383833,0",2021-09-16,quinta-feira,11:00:00,SC,101,"197,0",BIGUACU,Manobra de mudança de faixa,Colisão traseira,Com Vítimas Feridas,Pleno dia,Crescente,Nublado,Dupla,Reta,Sim,5,0,3,0,1,1,3,3,-27.51844497,-48.63848496,SPRF-SC,DEL01-SC,UOP01-DEL01-SC,2021
"383878,0",2021-09-16,quinta-feira,14:45:00,SC,101,"33,0",JOINVILLE,Condutor deixou de manter distância do veículo da frente,Colisão traseira,Com Vítimas Feridas,Pleno dia,Decrescente,Chuva,Dupla,Reta,Não,3,0,1,0,2,0,1,3,-26.23200799,-48.91678053,SPRF-SC,DEL03-SC,UOP01-DEL03-SC,2021
"383904,0",2021-09-16,quinta-feira,17:20:00,SC,101,"38,0",JOINVILLE,Manobra de mudança de faixa,Colisão lateral mesmo sentido,Com Vítimas Feridas,Pleno dia,Crescente,Nublado,Dupla,Reta,Sim,3,0,1,0,1,1,1,3,-26.25472505,-48.90561309,SPRF-SC,DEL03-SC,UOP01-DEL03-SC,2021
"383920,0",2021-09-16,quinta-feira,18:40:00,SC,101,"28,6",JOINVILLE,Condutor deixou de manter distância do veículo da frente,Engavetamento,Com Vítimas Feridas,Plena Noite,Crescente,Chuva,Dupla,Reta,Não,5,0,2,0,3,0,2,4,-26.20697505,-48.91482635,SPRF-SC,DEL03-SC,UOP01-DEL03-SC,2021
"383954,0",2021-09-16,quinta-feira,18:42:00,SC,480,"126,3",CHAPECO,Velocidade Incompatível,Saída de leito carroçável,Sem Vítimas,Plena Noite,Crescente,Chuva,Dupla,Reta,Sim,2,0,0,0,2,0,0,2,-27.043449,-52.636152,SPRF-SC,DEL07-SC,UOP01-DEL07-SC,2021
"384006,0",2021-09-17,sexta-feira,09:30:00,SC,280,"50,0",GUARAMIRIM,Acessar a via sem observar a presença dos outros veículos,Colisão transversal,Com Vítimas Feridas,Pleno dia,Decrescente,Nublado,Simples,Interseção de Vias,Sim,2,0,1,0,1,0,1,2,-26.4619489,-48.94618404,SPRF-SC,DEL03-SC,UOP03-DEL03-SC,2021
"384053,0",2021-09-17,sexta-feira,08:00:00,SC,116,"141,3",SANTA CECILIA,Acessar a via sem observar a presença dos outros veículos,Colisão transversal,Com Vítimas Feridas,Pleno dia,Crescente,Garoa/Chuvisco,Simples,Reta,Não,5,0,3,0,1,1,3,3,-26.97282394,-50.40309796,SPRF-SC,DEL06-SC,UOP02-DEL06-SC,2021