id,data_inversa,dia_semana,horario,uf,br,km,municipio,causa_acidente,tipo_acidente,classificacao_acidente,fase_dia,sentido_via,condicao_metereologica,tipo_pista,tracado_via,uso_solo,pessoas,mortos,feridos_leves,feridos_graves,ilesos,ignorados,feridos,veiculos,latitude,longitude,regional,delegacia,uop,ano_arquivo
"384088,0",2021-09-17,sexta-feira,15:55:00,SC,101,"206,7",SAO JOSE,Velocidade Incompatível,Colisão traseira,Com Vítimas Feridas,Pleno dia,Crescente,Chuva,Múltipla,Reta,Sim,3,0,0,1,1,1,1,3,-27.59193546,-48.61824557,SPRF-SC,DEL01-SC,UOP01-DEL01-SC,2021
"384093,0",2021-09-17,sexta-feira,16:00:00,SC,101,"158,0",PORTO BELO,Velocidade Incompatível,Colisão traseira,Com Vítimas Feridas,Pleno dia,Crescente,Chuva,Dupla,Reta,Não,2,0,0,1,1,0,1,2,-27.19096301,-48.61259017,SPRF-SC,DEL04-SC,UOP03-DEL04-SC,2021
"384167,0",2021-09-17,sexta-feira,16:49:00,SC,116,"305,3",CAPAO ALTO,Chuva,Colisão lateral sentido oposto,Com Vítimas Feridas,Pleno dia,Decrescente,Chuva,Simples,Declive;Curva,Não,3,0,0,1,1,4,1,6,-28.19840483,-50.72325701,SPRF-SC,DEL05-SC,UOP02-DEL05-SC,2021
"384254,0",2021-09-18,sábado,08:15:00,SC,116,"267,7",CAPAO ALTO,Acessar a via sem observar a presença dos outros veículos,Colisão transversal,Sem Vítimas,Pleno dia,Crescente,Nublado,Simples,Interseção de Vias,Não,3,0,0,0,2,1,0,3,-27.95653869,-50.48440933,SPRF-SC,DEL05-SC,UOP02-DEL05-SC,2021
"384396,0",2021-09-18,sábado,15:00:00,SC,116,"107,0",MONTE CASTELO,Problema com o freio,Colisão traseira,Com Vítimas Feridas,Pleno dia,Decrescente,Nublado,Simples,Declive,Não,4,0,2,0,1,1,2,4,-26.75568818,-50.32812388,SPRF-SC,DEL06-SC,UOP02-DEL06-SC,2021
"384454,0",2021-09-18,sábado,18:30:00,SC,101,"167,5",TIJUCAS,Condutor deixou de manter distância do veículo da frente,Colisão lateral mesmo sentido,Com Vítimas Fatais,Plena Noite,Decrescente,Céu Claro,Dupla,Reta,Não,4,2,0,0,1,3,0,5,-27.27029501,-48.63176618,SPRF-SC,DEL04-SC,UOP03-DEL04-SC,2021
"384538,0",2021-09-19,domingo,14:25:00,SC,116,"209,1",PONTE ALTA,Demais falhas mecânicas ou elétricas,Colisão traseira,Com Vítimas Feridas,Pleno dia,Crescente,Nublado,Simples,Reta,Não,3,0,1,0,1,1,1,3,-27.49607258,-50.37005465,SPRF-SC,DEL05-SC,UOP03-DEL05-SC,2021
"384709,0",2021-09-20,segunda-feira,09:30:00,SC,101,"366,5",SANGAO,Manobra de mudança de faixa,Colisão lateral mesmo sentido,Com Vítimas Feridas,Pleno dia,Crescente,Nublado,Dupla,Reta,Não,5,0,4,0,1,0,4,2,-28.694473,-49.171465,SPRF-SC,DEL02-SC,UOP01-DEL02-SC,2021
"384725,0",2021-09-20,segunda-feira,11:50:00,SC,101,"215,3",PALHOCA,Condutor deixou de manter distância do veículo da frente,Colisão traseira,Com Vítimas Feridas,Pleno dia,Crescente,Céu Claro,Dupla,Curva,Sim,4,0,1,0,3,0,1,3,-27.65184843,-48.67604941,SPRF-SC,DEL01-SC,UOP02-DEL01-SC,2021
"384805,0",2021-09-20,segunda-feira,18:30:00,SC,101,"118,0",ITAJAI,Reação tardia ou ineficiente do condutor,Colisão traseira,Com Vítimas Feridas,Plena Noite,Decrescente,Nublado,Dupla,Reta,Não,2,0,1,0,0,1,1,2,-26.895859,-48.71903,SPRF-SC,DEL04-SC,UOP04-DEL04-SC,2021
"384807,0",2021-09-20,segunda-feira,01:45:00,SC,282,"92,3",ALFREDO WAGNER,Velocidade Incompatível,Saída de leito carroçável,Sem Vítimas,Plena Noite,Crescente,Chuva,Simples,Curva,Não,2,0,0,0,1,1,0,2,-27.697363,-49.23542,SPRF-SC,DEL01-SC,UOP03-DEL01-SC,2021
"384899,0",2021-09-21,terça-feira,07:10:00,SC,470,"180,8",POUSO REDONDO,Ausência de reação do condutor,Colisão com objeto,Com Vítimas Feridas,Pleno dia,Crescente,Garoa/Chuvisco,Simples,Reta,Não,2,0,1,0,0,1,1,2,-27.249525,-49.987041,SPRF-SC,DEL04-SC,UOP02-DEL04-SC,2021
"384910,0",2021-09-21,terça-feira,10:35:00,SC,282,"532,5",CORDILHEIRA ALTA,Ultrapassagem Indevida,Colisão frontal,Com Vítimas Fatais,Pleno dia,Crescente,Chuva,Simples,Aclive,Não,3,1,1,0,0,2,1,4,-26.99616354,-52.62077808,SPRF-SC,DEL07-SC,UOP01-DEL07-SC,2021
"384911,0",2021-09-21,terça-feira,14:35:00,SC,101,"195,5",BIGUACU,Velocidade Incompatível,Colisão traseira,Com Vítimas Feridas,Pleno dia,Crescente,Nublado,Múltipla,Reta,Sim,2,0,0,1,1,0,1,2,-27.5047092,-48.65010819,SPRF-SC,DEL01-SC,UOP01-DEL01-SC,2021
"384934,0",2021-09-21,terça-feira,16:40:00,SC,282,"416,5",CATANDUVAS,Reação tardia ou ineficiente do condutor,Colisão lateral sentido oposto,Com Vítimas Feridas,Pleno dia,Crescente,Nublado,Simples,Aclive,Não,2,0,1,0,1,0,1,2,-27.037748,-51.718472,SPRF-SC,DEL07-SC,UOP05-DEL07-SC,2021
"384938,0",2021-09-21,terça-feira,17:55:00,SC,101,"34,3",JOINVILLE,Manobra de mudança de faixa,Colisão lateral mesmo sentido,Com Vítimas Feridas,Anoitecer,Crescente,Chuva,Dupla,Reta;Aclive,Não,3,0,1,0,1,1,1,3,-26.23667403,-48.91486706,SPRF-SC,DEL03-SC,UOP01-DEL03-SC,2021
"384991,0",2021-09-21,terça-feira,23:15:00,SC,101,"227,0",PALHOCA,Sinalização mal posicionada,Colisão traseira,Com Vítimas Feridas,Plena Noite,Decrescente,Nublado,Dupla,Reta,Sim,3,0,2,0,1,0,2,3,-27.75198748,-48.63409281,SPRF-SC,DEL01-SC,UOP02-DEL01-SC,2021
"385043,0",2021-09-22,quarta-feira,06:40:00,SC,153,"12,3",AGUA DOCE,Transitar na contramão,Colisão frontal,Com Vítimas Fatais,Pleno dia,Crescente,Céu Claro,Simples,Reta,Não,7,4,0,0,1,2,0,4,-26.6910162,-51.567317,SPRF-SC,DEL07-SC,UOP05-DEL07-SC,2021
"385076,0",2021-09-22,quarta-feira,14:00:00,SC,282,"5,3",SAO JOSE,Trafegar com motocicleta (ou similar) entre as faixas,Colisão lateral mesmo sentido,Com Vítimas Feridas,Pleno dia,Crescente,Sol,Dupla,Reta,Sim,3,0,1,0,2,0,1,3,-27.58732944,-48.614856,SPRF-SC,DEL01-SC,UOP01-DEL01-SC,2021
"385168,0",2021-09-23,quinta-feira,02:05:00,SC,101,"360,0",SANGAO,Condutor Dormindo,Colisão traseira,Com Vítimas Feridas,Plena Noite,Crescente,Ignorado,Dupla,Reta,Não,3,0,1,0,1,2,1,4,-28.65823109,-49.10991486,SPRF-SC,DEL02-SC,UOP01-DEL02-SC,2021
"385171,0",2021-09-23,quinta-feira,03:40:00,SC,101,"206,2",SAO JOSE,Condutor deixou de manter distância do veículo da frente,Colisão traseira,Sem Vítimas,Plena Noite,Decrescente,Nublado,Múltipla,Reta,Sim,2,0,0,0,0,2,0,2,-27.59189368,-48.61812294,SPRF-SC,DEL01-SC,UOP01-DEL01-SC,2021
"385186,0",2021-09-22,quarta-feira,23:05:00,SC,280,"236,9",CANOINHAS,Ingestão de álcool pelo condutor,Colisão frontal,Com Vítimas Feridas,Plena Noite,Decrescente,Céu Claro,Simples,Reta;Em Obras,Não,2,0,2,0,0,0,2,2,-26.19655176,-50.42861938,SPRF-SC,DEL06-SC,UOP04-DEL06-SC,2021
"385220,0",2021-09-23,quinta-feira,11:10:00,SC,101,"211,1",PALHOCA,Acesso irregular,Colisão lateral mesmo sentido,Com Vítimas Feridas,Pleno dia,Decrescente,Nublado,Múltipla,Em Obras,Sim,4,0,0,1,1,2,1,4,-27.62329313,-48.65245588,SPRF-SC,DEL01-SC,UOP02-DEL01-SC,2021
"385280,0",2021-09-23,quinta-feira,17:20:00,SC,101,"211,4",PALHOCA,Manobra de mudança de faixa,Colisão com objeto,Com Vítimas Fatais,Pleno dia,Decrescente,Nublado,Dupla,Desvio Temporário,Sim,5,2,0,0,1,2,0,4,-27.6263174,-48.6551893,SPRF-SC,DEL01-SC,UOP02-DEL01-SC,2021
"385289,0",2021-09-23,quinta-feira,16:45:00,SC,282,"317,4",VARGEM,Acessar a via sem observar a presença dos outros veículos,Colisão transversal,Com Vítimas Feridas,Pleno dia,Crescente,Céu Claro,Simples,Curva,Não,3,0,1,0,2,0,1,2,-27.436216,-51.019936,SPRF-SC,DEL07-SC,UOP06-DEL07-SC,2021
"385294,0",2021-09-23,quinta-feira,16:30:00,SC,101,"115,3",ITAJAI,Acessar a via sem observar a presença dos outros veículos,Colisão traseira,Sem Vítimas,Pleno dia,Decrescente,Sol,Dupla,Interseção de Vias,Não,2,0,0,0,2,0,0,2,-26.87064015,-48.72954134,SPRF-SC,DEL04-SC,UOP04-DEL04-SC,2021
"385310,0",2021-09-23,quinta-feira,15:10:00,SC,116,"235,0",CORREIA PINTO,Velocidade Incompatível,Colisão lateral sentido oposto,Com Vítimas Feridas,Pleno dia,Decrescente,Céu Claro,Simples,Curva,Não,2,0,1,0,1,0,1,2,-27.711685,-50.33625903,SPRF-SC,DEL05-SC,UOP01-DEL05-SC,2021
"385424,0",2021-09-24,sexta-feira,07:40:00,SC,163,"103,9",SAO JOSE DO CEDRO,Faixas de trânsito com largura insuficiente,Colisão lateral sentido oposto,Com Vítimas Feridas,Pleno dia,Crescente,Céu Claro,Simples,Curva;Em Obras,Sim,3,0,1,0,1,2,1,4,-26.46209088,-53.5077059,SPRF-SC,DEL07-SC,UOP03-DEL07-SC,2021
"385436,0",2021-09-24,sexta-feira,14:00:00,SC,101,"309,0",LAGUNA,Demais falhas mecânicas ou elétricas,Incêndio,Sem Vítimas,Pleno dia,Crescente,Céu Claro,Dupla,Reta,Não,1,0,0,0,1,0,0,1,-28.40755485,-48.79169438,SPRF-SC,DEL02-SC,UOP01-DEL02-SC,2021
"385450,0",2021-09-24,sexta-feira,14:50:00,SC,470,"98,3",APIUNA,Desrespeitar a preferência no cruzamento,Colisão transversal,Com Vítimas Feridas,Pleno dia,Decrescente,Sol,Simples,Reta,Sim,2,0,1,0,1,0,1,2,-27.032537,-49.385468,SPRF-SC,DEL04-SC,UOP01-DEL04-SC,2021
"385486,0",2021-09-24,sexta-feira,19:30:00,SC,101,"101,4",BALNEARIO PICARRAS,Ausência de reação do condutor,Colisão traseira,Com Vítimas Feridas,Plena Noite,Crescente,Nublado,Múltipla,Reta,Sim,2,0,1,0,1,0,1,2,-26.76404198,-48.68657667,SPRF-SC,DEL03-SC,UOP02-DEL03-SC,2021
"385548,0",2021-09-25,sábado,00:50:00,SC,101,"191,1",BIGUACU,Demais falhas mecânicas ou elétricas,Colisão com objeto,Com Vítimas Feridas,Plena Noite,Decrescente,Nublado,Dupla,Curva,Sim,3,0,1,0,2,0,1,1,-27.47730273,-48.64127329,SPRF-SC,DEL01-SC,UOP01-DEL01-SC,2021
"385588,0",2021-09-25,sábado,05:30:00,SC,280,"4,0",SAO FRANCISCO DO SUL,Ingestão de álcool pelo condutor,Colisão frontal,Com Vítimas Feridas,Amanhecer,Crescente,Céu Claro,Simples,Reta,Sim,4,0,1,2,1,0,3,2,-26.25329566,-48.61916042,SPRF-SC,DEL03-SC,UOP03-DEL03-SC,2021
"385618,0",2021-09-25,sábado,08:50:00,SC,101,"287,1",IMBITUBA,Manobra de mudança de faixa,Colisão transversal,Com Vítimas Feridas,Pleno dia,Crescente,Céu Claro,Dupla,Reta,Não,4,0,2,0,1,1,2,3,-28.23766496,-48.70059767,SPRF-SC,DEL02-SC,UOP03-DEL02-SC,2021
"385638,0",2021-09-25,sábado,11:05:00,SC,280,"24,3",ARAQUARI,Condutor deixou de manter distância do veículo da frente,Colisão traseira,Sem Vítimas,Pleno dia,Decrescente,Céu Claro,Simples,Reta,Não,3,0,0,0,3,0,0,3,-26.37724921,-48.71953282,SPRF-SC,DEL03-SC,UOP03-DEL03-SC,2021
"385695,0",2021-09-25,sábado,16:20:00,SC,101,"38,8",JOINVILLE,Estacionar ou parar em local proibido,Colisão traseira,Com Vítimas Feridas,Pleno dia,Decrescente,Céu Claro,Dupla,Reta,Sim,3,0,1,0,1,1,1,3,-26.25472505,-48.90561309,SPRF-SC,DEL03-SC,UOP01-DEL03-SC,2021
"385801,0",2021-09-26,domingo,03:25:00,SC,480,"126,0",CHAPECO,Velocidade Incompatível,Colisão traseira,Com Vítimas Feridas,Plena Noite,Crescente,Céu Claro,Dupla,Reta,Sim,3,0,1,1,1,0,2,2,-27.020083,-52.636024,SPRF-SC,DEL07-SC,UOP01-DEL07-SC,2021
"385869,0",2021-09-26,domingo,12:38:00,SC,101,"227,3",PALHOCA,Reação tardia ou ineficiente do condutor,Colisão traseira,Com Vítimas Fatais,Pleno dia,Crescente,Sol,Dupla,Reta,Não,4,1,0,0,1,2,0,4,-27.7525426,-48.6339793,SPRF-SC,DEL01-SC,UOP02-DEL01-SC,2021
"385907,0",2021-09-26,domingo,16:10:00,SC,101,"237,0",PALHOCA,Condutor deixou de manter distância do veículo da frente,Colisão traseira,Com Vítimas Feridas,Pleno dia,Decrescente,Céu Claro,Dupla,Reta,Não,2,0,1,0,1,0,1,2,-27.8373684,-48.63192558,SPRF-SC,DEL01-SC,UOP02-DEL01-SC,2021
"385953,0",2021-09-26,domingo,19:00:00,SC,101,"135,0",BALNEARIO CAMBORIU,Ingestão de álcool pelo condutor,Colisão lateral mesmo sentido,Com Vítimas Feridas,Plena Noite,Crescente,Céu Claro,Dupla,Reta,Sim,2,0,1,0,1,0,1,2,-27.0050108,-48.62677494,SPRF-SC,DEL04-SC,UOP03-DEL04-SC,2021
"386037,0",2021-09-27,segunda-feira,00:10:00,SC,158,"142,9",PALMITOS,Velocidade Incompatível,Derramamento de carga,Sem Vítimas,Plena Noite,Crescente,Céu Claro,Simples,Curva,Não,2,0,0,0,1,1,0,2,-27.14296532,-53.21392829,SPRF-SC,DEL07-SC,UOP02-DEL07-SC,2021
"386038,0",2021-09-27,segunda-feira,05:55:00,SC,101,"155,8",PORTO BELO,Mal súbito do condutor,Colisão lateral mesmo sentido,Com Vítimas Feridas,Amanhecer,Crescente,Céu Claro,Dupla,Reta,Não,3,0,1,0,1,1,1,3,-27.16292,-48.61129,SPRF-SC,DEL04-SC,UOP03-DEL04-SC,2021
"386071,0",2021-09-27,segunda-feira,08:50:00,SC,470,"60,0",BLUMENAU,Velocidade Incompatível,Engavetamento,Com Vítimas Feridas,Pleno dia,Decrescente,Céu Claro,Simples,Reta,Sim,7,0,5,0,1,1,5,6,-26.88138,-49.164543,SPRF-SC,DEL04-SC,UOP01-DEL04-SC,2021
"386098,0",2021-09-27,segunda-feira,08:58:00,SC,101,"334,2",TUBARAO,Acessar a via sem observar a presença dos outros veículos,Colisão lateral mesmo sentido,Com Vítimas Feridas,Pleno dia,Crescente,Sol,Múltipla,Reta,Sim,2,0,1,0,1,0,1,2,-28.46730446,-49.00604302,SPRF-SC,DEL02-SC,UOP01-DEL02-SC,2021
"386229,0",2021-09-28,terça-feira,01:00:00,SC,163,"69,5",SAO MIGUEL DO OESTE,Condutor Dormindo,Colisão com objeto,Sem Vítimas,Plena Noite,Crescente,Céu Claro,Dupla,Curva,Sim,1,0,0,0,1,0,0,1,-26.74132699,-53.50120591,SPRF-SC,DEL07-SC,UOP03-DEL07-SC,2021
"386322,0",2021-09-28,terça-feira,16:20:00,SC,101,"147,2",ITAPEMA,Manobra de mudança de faixa,Colisão traseira,Com Vítimas Feridas,Pleno dia,Crescente,Sol,Dupla,Reta,Sim,3,0,1,0,2,0,1,3,-27.09237407,-48.61730888,SPRF-SC,DEL04-SC,UOP03-DEL04-SC,2021
"386347,0",2021-09-28,terça-feira,12:50:00,SC,280,"244,8",CANOINHAS,Ausência de sinalização,Engavetamento,Com Vítimas Feridas,Pleno dia,Crescente,Céu Claro,Simples,Reta,Não,5,0,1,2,2,0,3,4,-26.23737332,-50.48596079,SPRF-SC,DEL06-SC,UOP04-DEL06-SC,2021
"386450,0",2021-09-29,quarta-feira,12:10:00,SC,101,"345,0",TUBARAO,Manobra de mudança de faixa,Colisão lateral mesmo sentido,Com Vítimas Feridas,Pleno dia,Crescente,Nublado,Dupla,Reta,Não,2,0,1,0,1,0,1,2,-28.54565997,-49.05345334,SPRF-SC,DEL02-SC,UOP01-DEL02-SC,2021
"386453,0",2021-09-29,quarta-feira,11:00:00,SC,101,"88,5",BARRA VELHA,Manobra de mudança de faixa,Colisão lateral mesmo sentido,Com Vítimas Feridas,Pleno dia,Decrescente,Céu Claro,Dupla,Reta,Sim,5,0,0,1,2,2,1,3,-26.65414,-48.68729,SPRF-SC,DEL03-SC,UOP02-DEL03-SC,2021
"386485,0",2021-09-29,quarta-feira,16:45:00,SC,280,"70,0",JARAGUA DO SUL,Mal súbito do condutor,Colisão frontal,Com Vítimas Feridas,Pleno dia,Crescente,Nublado,Simples,Reta,Não,5,0,2,1,2,0,3,3,-26.4615632,-49.1346653,SPRF-SC,DEL03-SC,UOP03-DEL03-SC,2021
"386521,0",2021-05-24,segunda-feira,15:10:00,SC,116,"2,3",MAFRA,Desrespeitar a preferência no cruzamento,Colisão transversal,Com Vítimas Feridas,Pleno dia,Crescente,Céu Claro,Simples,Retorno Regulamentado,Sim,4,0,2,0,2,0,2,2,-26.12391791,-49.79303212,SPRF-SC,DEL06-SC,UOP01-DEL06-SC,2021
"386645,0",2021-09-30,quinta-feira,12:40:00,SC,470,"119,6",IBIRAMA,Condutor deixou de manter distância do veículo da frente,Colisão traseira,Com Vítimas Feridas,Pleno dia,Crescente,Nublado,Simples,Reta,Não,3,0,1,0,2,0,1,3,-27.081554,-49.520206,SPRF-SC,DEL04-SC,UOP02-DEL04-SC,2021
"386707,0",2021-09-30,quinta-feira,15:45:00,SC,116,"6,2",MAFRA,Ausência de reação do condutor,Engavetamento,Com Vítimas Fatais,Pleno dia,Decrescente,Nublado,Simples,Reta,Sim,5,2,0,0,2,5,0,8,-26.14644691,-49.82305806,SPRF-SC,DEL06-SC,UOP01-DEL06-SC,2021
"386801,0",2021-10-01,sexta-feira,09:17:00,SC,101,"156,0",PORTO BELO,Condutor deixou de manter distância do veículo da frente,Colisão traseira,Com Vítimas Feridas,Pleno dia,Crescente,Nublado,Dupla,Reta,Não,4,0,1,0,2,2,1,4,-27.172272,-48.61170204,SPRF-SC,DEL04-SC,UOP03-DEL04-SC,2021
"386815,0",2021-10-01,sexta-feira,10:40:00,SC,280,"126,0",RIO NEGRINHO,Condutor deixou de manter distância do veículo da frente,Colisão traseira,Com Vítimas Feridas,Pleno dia,Decrescente,Nublado,Simples,Reta,Sim,3,0,1,0,2,0,1,3,-26.23779604,-49.49427399,SPRF-SC,DEL06-SC,UOP03-DEL06-SC,2021
"386884,0",2021-10-01,sexta-feira,14:55:00,SC,116,"117,7",SANTA CECILIA,Carga excessiva e/ou mal acondicionada,Derramamento de carga,Sem Vítimas,Pleno dia,Crescente,Nublado,Simples,Curva;Declive,Não,2,0,0,0,1,1,0,2,-26.81731599,-50.35097407,SPRF-SC,DEL06-SC,UOP02-DEL06-SC,2021
"386899,0",2021-10-01,sexta-feira,15:00:00,SC,116,"35,5",ITAIOPOLIS,Conversão proibida,Colisão transversal,Sem Vítimas,Pleno dia,Crescente,Nublado,Simples,Reta;Declive,Não,2,0,0,0,2,0,0,2,-26.33588885,-50.00519808,SPRF-SC,DEL06-SC,UOP01-DEL06-SC,2021
"387012,0",2021-10-02,sábado,01:20:00,SC,280,"99,0",SAO BENTO DO SUL,Ingestão de álcool pelo condutor,Tombamento,Com Vítimas Feridas,Plena Noite,Decrescente,Céu Claro,Simples,Curva,Não,1,0,0,1,0,0,1,1,-26.36454434,-49.33549047,SPRF-SC,DEL06-SC,UOP03-DEL06-SC,2021
"387039,0",2021-05-07,sexta-feira,22:45:00,SC,101,"36,5",JOINVILLE,Deficiência do Sistema de Iluminação/Sinalização,Colisão traseira,Com Vítimas Fatais,Plena Noite,Decrescente,Nublado,Múltipla,Reta,Não,3,1,0,0,1,1,0,3,-26.28043851,-48.89057636,SPRF-SC,DEL03-SC,UOP01-DEL03-SC,2021
"387054,0",2021-09-30,quinta-feira,15:00:00,SC,470,"342,7",CAMPOS NOVOS,Velocidade Incompatível,Saída de leito carroçável,Com Vítimas Feridas,Pleno dia,Crescente,Nublado,Simples,Retorno Regulamentado,Não,1,0,1,0,0,0,1,1,-27.530297,-51.388535,SPRF-SC,DEL07-SC,UOP06-DEL07-SC,2021
"387086,0",2021-10-02,sábado,11:40:00,SC,470,"121,2",IBIRAMA,Reação tardia ou ineficiente do condutor,Colisão traseira,Com Vítimas Feridas,Pleno dia,Decrescente,Nublado,Simples,Reta,Sim,2,0,1,0,1,0,1,2,-27.095861,-49.526859,SPRF-SC,DEL04-SC,UOP02-DEL04-SC,2021
"387114,0",2021-10-02,sábado,15:55:00,SC,101,"12,0",GARUVA,Manobra de mudança de faixa,Colisão lateral mesmo sentido,Com Vítimas Feridas,Pleno dia,Decrescente,Chuva,Dupla,Reta,Não,3,0,0,1,1,1,1,3,-26.0866965,-48.86195183,SPRF-SC,DEL03-SC,UOP01-DEL03-SC,2021
"387253,0",2021-10-02,sábado,21:15:00,SC,158,"126,9",CAIBI,Velocidade Incompatível,Colisão frontal,Com Vítimas Fatais,Plena Noite,Decrescente,Nublado,Simples,Curva,Não,3,1,0,0,1,1,0,3,-27.0172725,-53.2293434,SPRF-SC,DEL07-SC,UOP02-DEL07-SC,2021
"387359,0",2021-10-03,domingo,11:20:00,SC,282,"345,0",CAMPOS NOVOS,Velocidade Incompatível,Saída de leito carroçável,Sem Vítimas,Pleno dia,Decrescente,Chuva,Simples,Reta,Sim,1,0,0,0,1,0,0,1,-27.374619,-51.247044,SPRF-SC,DEL07-SC,UOP06-DEL07-SC,2021
"387420,0",2021-10-03,domingo,19:10:00,SC,282,"377,0",ERVAL VELHO,Reação tardia ou ineficiente do condutor,Saída de leito carroçável,Com Vítimas Feridas,Plena Noite,Crescente,Chuva,Simples,Reta,Não,1,0,1,0,0,0,1,1,-27.216974,-51.470055,SPRF-SC,DEL07-SC,UOP05-DEL07-SC,2021
"387509,0",2021-10-04,segunda-feira,07:45:00,SC,101,"44,6",JOINVILLE,Falta de acostamento,Colisão lateral mesmo sentido,Com Vítimas Feridas,Pleno dia,Crescente,Chuva,Simples,Reta,Sim,2,0,1,0,0,1,1,2,-26.34483533,-48.85786414,SPRF-SC,DEL03-SC,UOP01-DEL03-SC,2021
"387521,0",2021-10-04,segunda-feira,06:45:00,SC,470,"118,7",IBIRAMA,Velocidade Incompatível,Saída de leito carroçável,Com Vítimas Feridas,Pleno dia,Crescente,Garoa/Chuvisco,Simples,Rotatória,Não,1,0,0,1,0,0,1,1,-27.082176,-49.511818,SPRF-SC,DEL04-SC,UOP02-DEL04-SC,2021
"387522,0",2021-08-08,domingo,19:45:00,SC,470,"147,0",RIO DO SUL,Transitar na contramão,Colisão frontal,Com Vítimas Feridas,Plena Noite,Decrescente,Céu Claro,Simples,Reta,Sim,3,0,1,0,1,1,1,3,-27.243439,-49.690025,SPRF-SC,DEL04-SC,UOP02-DEL04-SC,2021
"387584,0",2021-10-04,segunda-feira,14:50:00,SC,101,"143,5",ITAPEMA,Reação tardia ou ineficiente do condutor,Queda de ocupante de veículo,Com Vítimas Feridas,Pleno dia,Decrescente,Garoa/Chuvisco,Dupla,Reta,Sim,2,0,1,0,0,1,1,2,-27.06436,-48.59599405,SPRF-SC,DEL04-SC,UOP03-DEL04-SC,2021
"387591,0",2021-09-10,sexta-feira,23:40:00,SC,282,"136,0",BOM RETIRO,Reação tardia ou ineficiente do condutor,Tombamento,Com Vítimas Feridas,Plena Noite,Crescente,Nublado,Simples,Rotatória,Sim,2,0,1,0,0,2,1,3,-27.817894,-49.558086,SPRF-SC,DEL05-SC,UOP01-DEL05-SC,2021
"387636,0",2021-10-04,segunda-feira,16:05:00,SC,282,"534,7",CORDILHEIRA ALTA,Acessar a via sem observar a presença dos outros veículos,Colisão transversal,Sem Vítimas,Pleno dia,Crescente,Céu Claro,Simples,Interseção de Vias,Não,2,0,0,0,2,0,0,2,-26.9997962,-52.64717102,SPRF-SC,DEL07-SC,UOP01-DEL07-SC,2021
"387644,0",2021-10-04,segunda-feira,16:00:00,SC,282,"97,0",ALFREDO WAGNER,Reação tardia ou ineficiente do condutor,Colisão frontal,Com Vítimas Feridas,Pleno dia,Crescente,Nublado,Simples,Reta,Não,3,0,1,1,1,0,2,2,-27.707966,-49.272182,SPRF-SC,DEL01-SC,UOP03-DEL01-SC,2021
"387656,0",2021-10-04,segunda-feira,21:55:00,SC,101,"213,4",PALHOCA,Ultrapassagem Indevida,Colisão com objeto,Com Vítimas Fatais,Plena Noite,Decrescente,Nublado,Múltipla,Reta,Sim,2,1,0,0,0,1,0,2,-27.6408944,-48.6678421,SPRF-SC,DEL01-SC,UOP02-DEL01-SC,2021
"387658,0",2021-10-05,terça-feira,00:25:00,SC,280,"50,5",GUARAMIRIM,Pedestre andava na pista,Atropelamento de Pedestre,Com Vítimas Feridas,Plena Noite,Decrescente,Nublado,Simples,Reta,Não,2,0,0,1,1,0,1,2,-26.4619489,-48.94618404,SPRF-SC,DEL03-SC,UOP03-DEL03-SC,2021
"387753,0",2021-10-05,terça-feira,13:20:00,SC,101,"83,7",BARRA VELHA,Reação tardia ou ineficiente do condutor,Colisão lateral mesmo sentido,Com Vítimas Feridas,Pleno dia,Crescente,Nevoeiro/Neblina,Simples,Reta,Não,3,0,1,0,2,0,1,2,-26.61865655,-48.71834126,SPRF-SC,DEL03-SC,UOP02-DEL03-SC,2021
"387757,0",2021-08-27,sexta-feira,05:35:00,SC,116,"245,1",LAGES,Velocidade Incompatível,Colisão transversal,Com Vítimas Feridas,Amanhecer,Crescente,Céu Claro,Simples,Declive;Curva,Sim,3,0,1,0,1,1,1,3,-27.79544281,-50.36187437,SPRF-SC,DEL05-SC,UOP01-DEL05-SC,2021
"387786,0",2021-10-05,terça-feira,17:50:00,SC,470,"9,6",NAVEGANTES,Ultrapassagem Indevida,Colisão lateral mesmo sentido,Com Vítimas Feridas,Pleno dia,Decrescente,Céu Claro,Simples,Reta,Sim,2,0,1,0,1,0,1,2,-26.83347762,-48.73434925,SPRF-SC,DEL04-SC,UOP04-DEL04-SC,2021
"387883,0",2021-10-06,quarta-feira,07:30:00,SC,101,"118,9",ITAJAI,Acessar a via sem observar a presença dos outros veículos,Colisão lateral mesmo sentido,Sem Vítimas,Pleno dia,Decrescente,Céu Claro,Múltipla,Reta,Sim,4,0,0,0,2,2,0,4,-26.895859,-48.71903,SPRF-SC,DEL04-SC,UOP04-DEL04-SC,2021
"387911,0",2021-10-06,quarta-feira,07:55:00,SC,163,"93,6",GUARACIABA,Transitar na contramão,Colisão frontal,Com Vítimas Feridas,Pleno dia,Decrescente,Céu Claro,Simples,Curva;Aclive,Não,2,0,1,0,1,0,1,2,-26.54289607,-53.52035746,SPRF-SC,DEL07-SC,UOP03-DEL07-SC,2021
"387959,0",2021-10-06,quarta-feira,12:15:00,SC,282,"448,5",PONTE SERRADA,Velocidade Incompatível,Colisão lateral sentido oposto,Com Vítimas Feridas,Pleno dia,Crescente,Chuva,Simples,Curva,Não,3,0,1,0,1,2,1,4,-26.919491,-51.933693,SPRF-SC,DEL07-SC,UOP04-DEL07-SC,2021