id,data_inversa,dia_semana,horario,uf,br,km,municipio,causa_acidente,tipo_acidente,classificacao_acidente,fase_dia,sentido_via,condicao_metereologica,tipo_pista,tracado_via,uso_solo,pessoas,mortos,feridos_leves,feridos_graves,ilesos,ignorados,feridos,veiculos,latitude,longitude,regional,delegacia,uop,ano_arquivo
"398476,0",2021-11-28,domingo,14:05:00,SC,116,"57,9",PAPANDUVA,Acessar a via sem observar a presença dos outros veículos,Colisão transversal,Com Vítimas Feridas,Pleno dia,Decrescente,Céu Claro,Simples,Interseção de Vias,Não,4,0,1,0,2,1,1,3,-26.37756818,-50.19634008,SPRF-SC,DEL06-SC,UOP02-DEL06-SC,2021
"398513,0",2021-11-28,domingo,18:15:00,SC,101,"225,0",PALHOCA,Manobra de mudança de faixa,Colisão traseira,Com Vítimas Feridas,Plena Noite,Decrescente,Nublado,Dupla,Reta,Sim,2,0,1,0,1,0,1,2,-27.73292191,-48.6409567,SPRF-SC,DEL01-SC,UOP02-DEL01-SC,2021
"398526,0",2021-11-28,domingo,15:45:00,SC,163,"99,4",SAO JOSE DO CEDRO,Demais falhas mecânicas ou elétricas,Tombamento,Sem Vítimas,Pleno dia,Decrescente,Nublado,Simples,Declive;Em Obras;Curva,Não,2,0,0,0,1,1,0,2,-26.4880895,-53.50466251,SPRF-SC,DEL07-SC,UOP03-DEL07-SC,2021
"398531,0",2021-11-28,domingo,15:40:00,SC,101,"104,0",BALNEARIO PICARRAS,Ingestão de álcool pelo condutor,Colisão com objeto,Com Vítimas Feridas,Pleno dia,Decrescente,Céu Claro,Dupla,Reta,Não,1,0,0,1,0,0,1,1,-26.79281742,-48.68080819,SPRF-SC,DEL03-SC,UOP02-DEL03-SC,2021
"398557,0",2021-11-28,domingo,19:50:00,SC,470,"324,6",CAMPOS NOVOS,Manobra de mudança de faixa,Colisão transversal,Com Vítimas Feridas,Plena Noite,Decrescente,Céu Claro,Simples,Reta,Não,4,0,0,1,2,1,1,3,-27.446829,-51.24725,SPRF-SC,DEL07-SC,UOP06-DEL07-SC,2021
"398683,0",2021-11-28,domingo,06:20:00,SC,470,"170,0",POUSO REDONDO,Reação tardia ou ineficiente do condutor,Capotamento,Com Vítimas Feridas,Pleno dia,Crescente,Céu Claro,Simples,Reta,Não,3,0,3,0,0,0,3,1,-27.265903,-49.892441,SPRF-SC,DEL04-SC,UOP02-DEL04-SC,2021
"398763,0",2021-11-29,segunda-feira,22:30:00,SC,470,"248,3",CURITIBANOS,Ingestão de álcool pelo condutor,Colisão frontal,Com Vítimas Feridas,Plena Noite,Crescente,Céu Claro,Simples,Reta,Sim,4,0,1,1,1,1,2,3,-27.314163,-50.550713,SPRF-SC,DEL05-SC,UOP03-DEL05-SC,2021
"398897,0",2021-11-30,terça-feira,18:00:00,SC,470,"141,7",RIO DO SUL,Acessar a via sem observar a presença dos outros veículos,Colisão transversal,Com Vítimas Feridas,Pleno dia,Decrescente,Céu Claro,Simples,Reta,Não,3,0,0,1,1,1,1,3,-27.226065,-49.666161,SPRF-SC,DEL04-SC,UOP02-DEL04-SC,2021
"398980,0",2021-12-01,quarta-feira,08:45:00,SC,101,"119,0",ITAJAI,Trafegar com motocicleta (ou similar) entre as faixas,Colisão lateral mesmo sentido,Com Vítimas Feridas,Pleno dia,Decrescente,Céu Claro,Dupla,Reta,Sim,4,0,0,1,2,1,1,4,-26.9043179,-48.71555481,SPRF-SC,DEL04-SC,UOP04-DEL04-SC,2021
"398987,0",2021-12-01,quarta-feira,09:00:00,SC,101,"210,6",SAO JOSE,Trafegar com motocicleta (ou similar) entre as faixas,Colisão lateral mesmo sentido,Com Vítimas Feridas,Pleno dia,Decrescente,Sol,Múltipla,Reta,Sim,2,0,1,0,1,0,1,2,-27.62214984,-48.6506474,SPRF-SC,DEL01-SC,UOP01-DEL01-SC,2021
"399027,0",2021-12-01,quarta-feira,13:50:00,SC,163,"87,6",GUARACIABA,Condutor deixou de manter distância do veículo da frente,Colisão traseira,Com Vítimas Feridas,Pleno dia,Decrescente,Céu Claro,Simples,Em Obras;Reta;Aclive,Não,4,0,2,0,2,0,2,2,-26.59023103,-53.51574204,SPRF-SC,DEL07-SC,UOP03-DEL07-SC,2021
"399052,0",2021-12-01,quarta-feira,09:15:00,SC,101,"307,2",LAGUNA,Reação tardia ou ineficiente do condutor,Colisão com objeto,Com Vítimas Feridas,Pleno dia,Decrescente,Céu Claro,Simples,Reta,Não,2,0,1,0,1,0,1,1,-28.39199505,-48.77826295,SPRF-SC,DEL02-SC,UOP03-DEL02-SC,2021
"399117,0",2021-12-02,quinta-feira,05:45:00,SC,470,"77,7",RODEIO,Velocidade Incompatível,Colisão frontal,Com Vítimas Feridas,Amanhecer,Decrescente,Nublado,Simples,Curva,Sim,2,0,2,0,0,0,2,2,-26.94861087,-49.29677747,SPRF-SC,DEL04-SC,UOP01-DEL04-SC,2021
"399150,0",2021-12-02,quinta-feira,08:00:00,SC,101,"200,7",SAO JOSE,Reação tardia ou ineficiente do condutor,Colisão traseira,Sem Vítimas,Pleno dia,Crescente,Nublado,Dupla,Reta,Sim,2,0,0,0,2,0,0,2,-27.54018513,-48.62287714,SPRF-SC,DEL01-SC,UOP01-DEL01-SC,2021
"399225,0",2021-12-02,quinta-feira,16:00:00,SC,101,"357,0",SANGAO,Condutor deixou de manter distância do veículo da frente,Colisão traseira,Com Vítimas Feridas,Pleno dia,Crescente,Céu Claro,Múltipla,Reta,Não,2,0,1,0,0,1,1,2,-28.635168,-49.09467,SPRF-SC,DEL02-SC,UOP01-DEL02-SC,2021
"399274,0",2021-12-02,quinta-feira,20:20:00,SC,280,"55,0",GUARAMIRIM,Acessar a via sem observar a presença dos outros veículos,Colisão transversal,Com Vítimas Feridas,Plena Noite,Crescente,Garoa/Chuvisco,Dupla,Viaduto,Sim,2,0,0,1,1,0,1,2,-26.47584353,-48.9937858,SPRF-SC,DEL03-SC,UOP03-DEL03-SC,2021
"399275,0",2021-12-02,quinta-feira,22:00:00,SC,101,"46,1",JOINVILLE,Condutor deixou de manter distância do veículo da frente,Colisão traseira,Com Vítimas Fatais,Plena Noite,Crescente,Nublado,Dupla,Reta,Sim,3,1,0,0,2,0,0,3,-26.35938796,-48.8589853,SPRF-SC,DEL03-SC,UOP01-DEL03-SC,2021
"399364,0",2021-12-03,sexta-feira,10:00:00,SC,282,"16,3",PALHOCA,Demais falhas na via,Colisão transversal,Com Vítimas Feridas,Pleno dia,Crescente,Céu Claro,Simples,Reta,Sim,2,0,0,1,1,0,1,2,-27.658611,-48.681847,SPRF-SC,DEL01-SC,UOP02-DEL01-SC,2021
"399368,0",2021-12-03,sexta-feira,10:20:00,SC,282,"16,0",PALHOCA,Desvio temporário,Colisão lateral mesmo sentido,Sem Vítimas,Pleno dia,Crescente,Nublado,Simples,Reta,Sim,3,0,0,0,2,2,0,4,-27.658611,-48.681847,SPRF-SC,DEL01-SC,UOP02-DEL01-SC,2021
"399393,0",2021-11-05,sexta-feira,17:00:00,SC,470,"259,4",CURITIBANOS,Reação tardia ou ineficiente do condutor,Colisão frontal,Com Vítimas Fatais,Pleno dia,Crescente,Nublado,Simples,Declive,Não,6,1,2,0,2,1,2,4,-27.3003605,-50.6785363,SPRF-SC,DEL05-SC,UOP03-DEL05-SC,2021
"399408,0",2021-12-03,sexta-feira,14:45:00,SC,101,"406,9",ARARANGUA,Condutor Dormindo,Saída de leito carroçável,Com Vítimas Feridas,Pleno dia,Decrescente,Nublado,Dupla,Reta,Não,2,0,1,0,0,1,1,2,-28.91252654,-49.48385417,SPRF-SC,DEL02-SC,UOP02-DEL02-SC,2021
"399463,0",2021-12-03,sexta-feira,19:15:00,SC,470,"140,9",RIO DO SUL,Demais falhas mecânicas ou elétricas,Colisão frontal,Com Vítimas Fatais,Plena Noite,Crescente,Céu Claro,Simples,Reta;Declive,Sim,7,1,0,2,2,3,2,6,-27.20611671,-49.64672904,SPRF-SC,DEL04-SC,UOP02-DEL04-SC,2021
"399472,0",2021-12-03,sexta-feira,11:10:00,SC,280,"276,6",IRINEOPOLIS,Acessar a via sem observar a presença dos outros veículos,Colisão traseira,Com Vítimas Feridas,Pleno dia,Crescente,Nublado,Simples,Reta,Não,5,0,1,1,3,0,2,3,-26.29126407,-50.79052397,SPRF-SC,DEL06-SC,UOP04-DEL06-SC,2021
"399520,0",2021-12-04,sábado,01:14:00,SC,101,"190,0",BIGUACU,Acessar a via sem observar a presença dos outros veículos,Colisão com objeto,Com Vítimas Feridas,Plena Noite,Crescente,Chuva,Dupla,Reta,Sim,2,0,1,0,0,1,1,2,-27.468056,-48.641712,SPRF-SC,DEL01-SC,UOP01-DEL01-SC,2021
"399536,0",2021-12-04,sábado,00:10:00,SC,116,"69,0",MONTE CASTELO,Ausência de reação do condutor,Colisão lateral mesmo sentido,Com Vítimas Feridas,Plena Noite,Crescente,Nublado,Simples,Reta,Não,2,0,1,0,1,0,1,2,-26.46036818,-50.22889671,SPRF-SC,DEL06-SC,UOP02-DEL06-SC,2021
"399544,0",2021-12-04,sábado,03:30:00,SC,101,"159,9",PORTO BELO,Velocidade Incompatível,Colisão traseira,Sem Vítimas,Plena Noite,Crescente,Garoa/Chuvisco,Dupla,Reta,Não,3,0,0,0,1,2,0,3,-27.1998778,-48.61534236,SPRF-SC,DEL04-SC,UOP03-DEL04-SC,2021
"399553,0",2021-12-04,sábado,05:00:00,SC,470,"7,8",NAVEGANTES,Desvio temporário,Colisão frontal,Com Vítimas Fatais,Amanhecer,Crescente,Chuva,Simples,Reta,Sim,2,1,0,0,1,0,0,2,-26.84499,-48.71505,SPRF-SC,DEL04-SC,UOP04-DEL04-SC,2021
"399661,0",2021-12-04,sábado,06:00:00,SC,101,"215,0",PALHOCA,Reação tardia ou ineficiente do condutor,Colisão traseira,Com Vítimas Feridas,Amanhecer,Decrescente,Céu Claro,Dupla,Em Obras,Sim,2,0,1,0,1,0,1,2,-27.65184843,-48.67604941,SPRF-SC,DEL01-SC,UOP02-DEL01-SC,2021
"399738,0",2021-12-04,sábado,17:30:00,SC,470,"119,4",IBIRAMA,Carga excessiva e/ou mal acondicionada,Tombamento,Com Vítimas Feridas,Pleno dia,Crescente,Céu Claro,Múltipla,Reta,Sim,2,0,2,0,0,0,2,1,-27.081554,-49.520206,SPRF-SC,DEL04-SC,UOP02-DEL04-SC,2021
"399836,0",2021-12-05,domingo,07:50:00,SC,101,"22,8",JOINVILLE,Ingestão de álcool pelo condutor,Colisão lateral mesmo sentido,Com Vítimas Feridas,Amanhecer,Crescente,Sol,Dupla,Reta,Sim,4,0,1,1,2,0,2,2,-26.15679993,-48.90786269,SPRF-SC,DEL03-SC,UOP01-DEL03-SC,2021
"399862,0",2021-11-27,sábado,04:45:00,SC,282,"615,1",MARAVILHA,Ingestão de álcool pelo condutor,Colisão lateral sentido oposto,Com Vítimas Feridas,Plena Noite,Decrescente,Céu Claro,Simples,Reta,Não,3,0,1,0,1,1,1,3,-26.774349,-53.271767,SPRF-SC,DEL07-SC,UOP02-DEL07-SC,2021
"399906,0",2021-12-05,domingo,15:30:00,SC,101,"137,0",BALNEARIO CAMBORIU,Trafegar com motocicleta (ou similar) entre as faixas,Colisão lateral mesmo sentido,Com Vítimas Fatais,Pleno dia,Decrescente,Nublado,Dupla,Reta,Não,4,1,0,0,2,2,0,5,-27.0157238,-48.61192763,SPRF-SC,DEL04-SC,UOP03-DEL04-SC,2021
"399946,0",2021-12-05,domingo,05:00:00,SC,480,"127,4",CHAPECO,Ingestão de álcool pelo condutor,Colisão traseira,Sem Vítimas,Amanhecer,Crescente,Céu Claro,Simples,Reta,Sim,3,0,0,0,2,1,0,3,-27.02885905,-52.63380035,SPRF-SC,DEL07-SC,UOP01-DEL07-SC,2021
"399955,0",2021-12-05,domingo,19:30:00,SC,282,"211,0",LAGES,Acessar a via sem observar a presença dos outros veículos,Colisão transversal,Sem Vítimas,Anoitecer,Decrescente,Céu Claro,Simples,Interseção de Vias,Não,4,0,0,0,4,0,0,2,-27.780222,-50.241741,SPRF-SC,DEL05-SC,UOP01-DEL05-SC,2021
"399972,0",2021-12-05,domingo,20:40:00,SC,116,"4,3",MAFRA,Retorno proibido,Colisão transversal,Com Vítimas Feridas,Plena Noite,Decrescente,Céu Claro,Simples,Reta,Não,6,0,4,0,1,1,4,3,-26.13554917,-49.8072652,SPRF-SC,DEL06-SC,UOP01-DEL06-SC,2021
"400020,0",2021-12-05,domingo,23:05:00,SC,470,"90,2",ASCURRA,Transitar na contramão,Colisão frontal,Com Vítimas Fatais,Plena Noite,Crescente,Nublado,Simples,Reta;Em Obras,Sim,3,1,0,0,1,1,0,3,-26.97417387,-49.36745167,SPRF-SC,DEL04-SC,UOP01-DEL04-SC,2021
"400130,0",2021-12-06,segunda-feira,13:10:00,SC,101,"126,0",ITAJAI,Manobra de mudança de faixa,Colisão lateral mesmo sentido,Com Vítimas Feridas,Pleno dia,Crescente,Nublado,Dupla,Reta,Não,3,0,1,0,1,2,1,4,-26.95564404,-48.67978366,SPRF-SC,DEL04-SC,UOP04-DEL04-SC,2021
"400153,0",2021-12-06,segunda-feira,08:30:00,SC,282,"541,0",CHAPECO,Demais falhas na via,Colisão traseira,Com Vítimas Feridas,Pleno dia,Decrescente,Céu Claro,Simples,Reta,Não,4,0,1,0,3,0,1,4,-26.997713,-52.699165,SPRF-SC,DEL07-SC,UOP01-DEL07-SC,2021
"400156,0",2021-12-06,segunda-feira,14:30:00,SC,470,"74,5",INDAIAL,Ultrapassagem Indevida,Colisão frontal,Com Vítimas Feridas,Pleno dia,Crescente,Chuva,Simples,Reta,Não,3,0,0,1,1,2,1,4,-26.916288,-49.280807,SPRF-SC,DEL04-SC,UOP01-DEL04-SC,2021
"400171,0",2021-12-06,segunda-feira,12:30:00,SC,116,"239,0",LAGES,Velocidade Incompatível,Tombamento,Com Vítimas Feridas,Pleno dia,Decrescente,Céu Claro,Simples,Rotatória;Interseção de Vias,Não,3,0,2,0,0,1,2,2,-27.74920303,-50.33493086,SPRF-SC,DEL05-SC,UOP01-DEL05-SC,2021
"400193,0",2021-12-06,segunda-feira,16:30:00,SC,470,"103,5",APIUNA,Acessar a via sem observar a presença dos outros veículos,Colisão lateral mesmo sentido,Com Vítimas Feridas,Pleno dia,Decrescente,Chuva,Simples,Reta,Não,4,0,2,0,1,1,2,3,-27.064796,-49.401424,SPRF-SC,DEL04-SC,UOP02-DEL04-SC,2021
"400236,0",2021-12-07,terça-feira,01:15:00,SC,101,"186,0",BIGUACU,Condutor Dormindo,Colisão com objeto,Com Vítimas Feridas,Plena Noite,Crescente,Nublado,Dupla,Curva,Sim,1,0,1,0,0,0,1,1,-27.43435302,-48.62592276,SPRF-SC,DEL01-SC,UOP01-DEL01-SC,2021
"400249,0",2021-12-07,terça-feira,05:45:00,SC,470,"153,0",AGRONOMICA,Velocidade Incompatível,Colisão lateral sentido oposto,Com Vítimas Feridas,Pleno dia,Crescente,Céu Claro,Simples,Reta,Não,2,0,0,1,1,0,1,2,-27.272911,-49.734741,SPRF-SC,DEL04-SC,UOP02-DEL04-SC,2021
"400392,0",2021-08-31,terça-feira,15:30:00,SC,101,"204,9",SAO JOSE,Condutor deixou de manter distância do veículo da frente,Engavetamento,Sem Vítimas,Pleno dia,Decrescente,Céu Claro,Múltipla,Reta,Não,5,0,0,0,4,1,0,5,-27.57413014,-48.61363083,SPRF-SC,DEL01-SC,UOP01-DEL01-SC,2021
"400397,0",2021-12-07,terça-feira,21:00:00,SC,101,"464,7",PASSO DE TORRES,Reação tardia ou ineficiente do condutor,Colisão traseira,Com Vítimas Feridas,Plena Noite,Decrescente,Nublado,Dupla,Reta,Não,3,0,1,0,1,1,1,3,-29.294722,-49.765005,SPRF-RS,DEL03-RS,UOP02-DEL03-RS,2021
"400413,0",2021-12-08,quarta-feira,04:20:00,SC,101,"205,2",SAO JOSE,Reação tardia ou ineficiente do condutor,Colisão traseira,Com Vítimas Feridas,Plena Noite,Decrescente,Nublado,Múltipla,Reta,Sim,4,0,1,0,2,1,1,3,-27.58313237,-48.61532885,SPRF-SC,DEL01-SC,UOP01-DEL01-SC,2021
"400429,0",2021-12-07,terça-feira,20:00:00,SC,116,"117,8",SANTA CECILIA,Velocidade Incompatível,Tombamento,Com Vítimas Feridas,Anoitecer,Crescente,Céu Claro,Simples,Curva,Não,2,0,1,0,0,1,1,2,-26.81731599,-50.35097407,SPRF-SC,DEL06-SC,UOP02-DEL06-SC,2021
"400435,0",2021-12-08,quarta-feira,07:30:00,SC,101,"132,0",BALNEARIO CAMBORIU,Reação tardia ou ineficiente do condutor,Colisão traseira,Com Vítimas Feridas,Pleno dia,Crescente,Céu Claro,Dupla,Reta,Sim,2,0,1,0,1,0,1,2,-26.99654133,-48.65564711,SPRF-SC,DEL04-SC,UOP03-DEL04-SC,2021
"400449,0",2021-12-08,quarta-feira,09:00:00,SC,101,"192,0",BIGUACU,Condutor deixou de manter distância do veículo da frente,Colisão traseira,Com Vítimas Feridas,Pleno dia,Crescente,Céu Claro,Dupla,Interseção de Vias,Sim,3,0,1,0,2,0,1,3,-27.48443781,-48.64765238,SPRF-SC,DEL01-SC,UOP01-DEL01-SC,2021
"400468,0",2021-12-08,quarta-feira,07:30:00,SC,282,"248,6",SAO JOSE DO CERRITO,Acessar a via sem observar a presença dos outros veículos,Colisão transversal,Com Vítimas Feridas,Pleno dia,Decrescente,Céu Claro,Simples,Reta;Declive,Não,5,0,4,0,1,0,4,2,-27.70765714,-50.53852558,SPRF-SC,DEL05-SC,UOP02-DEL05-SC,2021
"400487,0",2021-12-08,quarta-feira,12:30:00,SC,101,"180,0",BIGUACU,Ausência de reação do condutor,Colisão com objeto,Sem Vítimas,Pleno dia,Decrescente,Céu Claro,Dupla,Reta,Não,1,0,0,0,1,0,0,1,-27.3811238,-48.63090648,SPRF-SC,DEL01-SC,UOP01-DEL01-SC,2021
"400491,0",2021-12-08,quarta-feira,10:45:00,SC,101,"192,6",BIGUACU,Acessar a via sem observar a presença dos outros veículos,Colisão lateral mesmo sentido,Sem Vítimas,Pleno dia,Decrescente,Sol,Dupla,Ponte,Sim,4,0,0,0,2,4,0,6,-27.48829295,-48.65333498,SPRF-SC,DEL01-SC,UOP01-DEL01-SC,2021
"400495,0",2021-12-08,quarta-feira,13:50:00,SC,101,"199,1",BIGUACU,Condutor deixou de manter distância do veículo da frente,Colisão traseira,Com Vítimas Feridas,Pleno dia,Decrescente,Sol,Múltipla,Reta,Sim,2,0,1,0,1,0,1,2,-27.53188446,-48.63154471,SPRF-SC,DEL01-SC,UOP01-DEL01-SC,2021
"400531,0",2021-12-08,quarta-feira,16:45:00,SC,116,"224,1",CORREIA PINTO,Manobra de mudança de faixa,Colisão lateral mesmo sentido,Com Vítimas Feridas,Pleno dia,Decrescente,Sol,Simples,Reta,Não,4,0,3,0,1,0,3,2,-27.61065825,-50.35094133,SPRF-SC,DEL05-SC,UOP03-DEL05-SC,2021
"400533,0",2021-12-08,quarta-feira,17:18:00,SC,101,"318,6",PESCARIA BRAVA,Reação tardia ou ineficiente do condutor,Colisão traseira,Com Vítimas Feridas,Pleno dia,Decrescente,Céu Claro,Dupla,Viaduto,Sim,6,0,2,0,3,1,2,5,-28.4266481,-48.86160099,SPRF-SC,DEL02-SC,UOP01-DEL02-SC,2021
"400549,0",2021-12-08,quarta-feira,08:35:00,SC,282,"437,0",IRANI,Desrespeitar a preferência no cruzamento,Colisão transversal,Com Vítimas Feridas,Pleno dia,Decrescente,Céu Claro,Simples,Interseção de Vias,Não,3,0,1,0,1,1,1,3,-26.963764,-51.854839,SPRF-SC,DEL07-SC,UOP04-DEL07-SC,2021
"400577,0",2021-12-08,quarta-feira,14:30:00,SC,116,"107,0",SANTA CECILIA,Problema com o freio,Incêndio,Sem Vítimas,Pleno dia,Decrescente,Sol,Simples,Curva,Não,2,0,0,0,1,1,0,2,-26.75568818,-50.32812388,SPRF-SC,DEL06-SC,UOP02-DEL06-SC,2021
"400598,0",2021-12-09,quinta-feira,00:15:00,SC,282,"25,0",SANTO AMARO DA IMPERATRIZ,Transitar na contramão,Colisão lateral sentido oposto,Com Vítimas Feridas,Plena Noite,Decrescente,Céu Claro,Simples,Curva,Não,3,0,1,0,2,0,1,3,-27.678228,-48.752895,SPRF-SC,DEL01-SC,UOP03-DEL01-SC,2021
"400609,0",2021-12-09,quinta-feira,06:25:00,SC,470,"59,0",BLUMENAU,Ausência de reação do condutor,Colisão lateral sentido oposto,Com Vítimas Feridas,Pleno dia,Crescente,Sol,Simples,Reta,Sim,2,0,1,0,1,0,1,2,-26.882812,-49.1548,SPRF-SC,DEL04-SC,UOP01-DEL04-SC,2021
"400632,0",2021-12-09,quinta-feira,07:55:00,SC,470,"140,2",RIO DO SUL,Acessar a via sem observar a presença dos outros veículos,Colisão transversal,Com Vítimas Feridas,Pleno dia,Crescente,Céu Claro,Simples,Reta,Sim,2,0,0,1,1,0,1,2,-27.222485,-49.662827,SPRF-SC,DEL04-SC,UOP02-DEL04-SC,2021
"400643,0",2021-12-09,quinta-feira,10:50:00,SC,101,"204,0",SAO JOSE,Condutor deixou de manter distância do veículo da frente,Engavetamento,Com Vítimas Feridas,Pleno dia,Crescente,Céu Claro,Múltipla,Reta,Sim,6,0,2,0,3,2,2,6,-27.57413014,-48.61363083,SPRF-SC,DEL01-SC,UOP01-DEL01-SC,2021
"400654,0",2021-11-22,segunda-feira,19:30:00,SC,101,"303,7",LAGUNA,Demais falhas mecânicas ou elétricas,Eventos atípicos,Com Vítimas Feridas,Plena Noite,Crescente,Nublado,Dupla,Reta,Não,5,0,0,1,2,2,1,4,-28.386294,-48.773106,SPRF-SC,DEL02-SC,UOP03-DEL02-SC,2021
"400660,0",2021-12-09,quinta-feira,11:05:00,SC,470,"263,5",CURITIBANOS,Transitar na contramão,Colisão frontal,Com Vítimas Feridas,Pleno dia,Decrescente,Céu Claro,Simples,Reta,Não,2,0,0,1,1,0,1,2,-27.302788,-50.701061,SPRF-SC,DEL05-SC,UOP03-DEL05-SC,2021
"400664,0",2021-12-09,quinta-feira,11:50:00,SC,282,"409,9",CATANDUVAS,Acessar a via sem observar a presença dos outros veículos,Colisão transversal,Com Vítimas Feridas,Pleno dia,Crescente,Céu Claro,Simples,Rotatória,Sim,6,0,1,0,4,1,1,3,-27.065756,-51.664165,SPRF-SC,DEL07-SC,UOP05-DEL07-SC,2021
"400776,0",2021-12-10,sexta-feira,05:50:00,SC,101,"208,0",SAO JOSE,Condutor deixou de manter distância do veículo da frente,Colisão traseira,Com Vítimas Feridas,Amanhecer,Crescente,Céu Claro,Dupla,Curva,Sim,2,0,1,0,0,1,1,2,-27.60327979,-48.63201818,SPRF-SC,DEL01-SC,UOP01-DEL01-SC,2021
"400782,0",2021-12-10,sexta-feira,05:15:00,SC,101,"328,0",CAPIVARI DE BAIXO,Ingestão de álcool pelo condutor,Colisão traseira,Com Vítimas Feridas,Pleno dia,Crescente,Nublado,Dupla,Reta,Sim,4,0,0,1,2,1,1,3,-28.43648094,-48.95989307,SPRF-SC,DEL02-SC,UOP01-DEL02-SC,2021
"400860,0",2021-12-10,sexta-feira,07:56:00,SC,282,"519,3",XAXIM,Acessar a via sem observar a presença dos outros veículos,Colisão traseira,Com Vítimas Feridas,Pleno dia,Decrescente,Sol,Simples,Reta;Declive,Sim,7,0,2,1,4,0,3,7,-26.947527,-52.517536,SPRF-SC,DEL07-SC,UOP01-DEL07-SC,2021
"400866,0",2021-12-10,sexta-feira,11:30:00,SC,101,"450,1",SAO JOAO DO SUL,Transitar na contramão,Colisão lateral sentido oposto,Com Vítimas Feridas,Pleno dia,Crescente,Sol,Dupla,Curva,Não,5,0,0,1,2,4,1,7,-29.18007951,-49.75471973,SPRF-SC,DEL02-SC,UOP02-DEL02-SC,2021
"400949,0",2021-12-10,sexta-feira,23:00:00,SC,282,"16,4",PALHOCA,Acessar a via sem observar a presença dos outros veículos,Colisão transversal,Com Vítimas Feridas,Plena Noite,Crescente,Céu Claro,Simples,Reta,Sim,3,0,0,1,1,2,1,4,-27.658611,-48.681847,SPRF-SC,DEL01-SC,UOP02-DEL01-SC,2021
"400956,0",2021-12-10,sexta-feira,20:40:00,SC,470,"317,4",CAMPOS NOVOS,Ingestão de álcool pelo condutor,Colisão transversal,Sem Vítimas,Plena Noite,Decrescente,Céu Claro,Simples,Reta,Sim,3,0,0,0,2,1,0,3,-27.404869,-51.206257,SPRF-SC,DEL07-SC,UOP06-DEL07-SC,2021
"400967,0",2021-12-11,sábado,00:45:00,SC,101,"305,3",LAGUNA,Condutor Dormindo,Colisão traseira,Com Vítimas Feridas,Plena Noite,Crescente,Céu Claro,Dupla,Reta,Não,3,0,0,1,1,1,1,3,-28.397281,-48.783351,SPRF-SC,DEL02-SC,UOP03-DEL02-SC,2021
"400968,0",2021-12-11,sábado,02:40:00,SC,101,"231,1",PALHOCA,Condutor Dormindo,Colisão com objeto,Com Vítimas Feridas,Plena Noite,Crescente,Nublado,Dupla,Reta,Não,3,0,1,0,1,1,1,2,-27.78669984,-48.6356424,SPRF-SC,DEL01-SC,UOP02-DEL01-SC,2021
"401018,0",2021-12-10,sexta-feira,23:00:00,SC,153,"2,0",AGUA DOCE,Condutor Dormindo,Colisão frontal,Com Vítimas Fatais,Plena Noite,Crescente,Céu Claro,Simples,Curva,Não,4,1,1,0,1,1,1,3,-26.613638,-51.497171,SPRF-SC,DEL07-SC,UOP05-DEL07-SC,2021
"401052,0",2021-12-11,sábado,13:10:00,SC,101,"131,0",BALNEARIO CAMBORIU,Sinalização mal posicionada,Colisão frontal,Com Vítimas Feridas,Pleno dia,Crescente,Céu Claro,Dupla,Interseção de Vias,Sim,2,0,1,0,1,0,1,2,-26.99064209,-48.66310912,SPRF-SC,DEL04-SC,UOP03-DEL04-SC,2021
"401137,0",2021-12-11,sábado,15:10:00,SC,282,"604,5",MARAVILHA,Demais falhas mecânicas ou elétricas,Incêndio,Sem Vítimas,Pleno dia,Crescente,Céu Claro,Simples,Curva;Declive,Sim,2,0,0,0,1,1,0,2,-26.78818035,-53.19481373,SPRF-SC,DEL07-SC,UOP02-DEL07-SC,2021
"401154,0",2021-12-11,sábado,22:00:00,SC,101,"216,0",PALHOCA,Condutor deixou de manter distância do veículo da frente,Colisão transversal,Sem Vítimas,Plena Noite,Crescente,Céu Claro,Simples,Interseção de Vias,Sim,3,0,0,0,3,0,0,3,-27.65981409,-48.67747798,SPRF-SC,DEL01-SC,UOP02-DEL01-SC,2021
"401238,0",2021-12-12,domingo,07:00:00,SC,101,"47,5",JOINVILLE,Reação tardia ou ineficiente do condutor,Colisão lateral mesmo sentido,Com Vítimas Feridas,Pleno dia,Crescente,Céu Claro,Dupla,Reta,Não,8,0,1,0,5,2,1,5,-26.36809535,-48.85843277,SPRF-SC,DEL03-SC,UOP01-DEL03-SC,2021
"401276,0",2021-12-12,domingo,12:15:00,SC,470,"35,0",GASPAR,Desrespeitar a preferência no cruzamento,Colisão transversal,Com Vítimas Fatais,Pleno dia,Decrescente,Sol,Simples,Reta;Interseção de Vias,Não,4,1,0,1,1,1,1,3,-26.912857,-48.958965,SPRF-SC,DEL04-SC,UOP01-DEL04-SC,2021
"401316,0",2021-12-12,domingo,11:45:00,SC,116,"297,0",CAPAO ALTO,Demais falhas mecânicas ou elétricas,Colisão com objeto,Com Vítimas Feridas,Pleno dia,Decrescente,Céu Claro,Simples,Reta,Não,1,0,0,1,0,0,1,1,-28.15699494,-50.66550226,SPRF-SC,DEL05-SC,UOP02-DEL05-SC,2021