id,data_inversa,dia_semana,horario,uf,br,km,municipio,causa_acidente,tipo_acidente,classificacao_acidente,fase_dia,sentido_via,condicao_metereologica,tipo_pista,tracado_via,uso_solo,pessoas,mortos,feridos_leves,feridos_graves,ilesos,ignorados,feridos,veiculos,latitude,longitude,regional,delegacia,uop,ano_arquivo
"401407,0",2021-12-12,domingo,23:35:00,SC,116,"220,6",CORREIA PINTO,Ingestão de álcool pelo condutor,Colisão transversal,Sem Vítimas,Plena Noite,Decrescente,Nublado,Simples,Rotatória,Sim,3,0,0,0,2,1,0,3,-27.59083821,-50.36252975,SPRF-SC,DEL05-SC,UOP03-DEL05-SC,2021
"401416,0",2021-12-13,segunda-feira,02:00:00,SC,282,"560,2",NOVA ITABERABA,Transitar na contramão,Colisão frontal,Com Vítimas Fatais,Plena Noite,Crescente,Céu Claro,Simples,Curva,Não,5,1,1,1,2,0,2,2,-26.9261052,-52.8490165,SPRF-SC,DEL07-SC,UOP01-DEL07-SC,2021
"401463,0",2021-12-13,segunda-feira,08:50:00,SC,163,"71,6",SAO MIGUEL DO OESTE,Condutor deixou de manter distância do veículo da frente,Colisão traseira,Com Vítimas Feridas,Pleno dia,Crescente,Céu Claro,Dupla,Interseção de Vias;Reta,Sim,2,0,1,0,1,0,1,2,-26.72772401,-53.51281303,SPRF-SC,DEL07-SC,UOP03-DEL07-SC,2021
"401518,0",2021-12-13,segunda-feira,15:00:00,SC,101,"201,4",SAO JOSE,Acessar a via sem observar a presença dos outros veículos,Colisão lateral mesmo sentido,Sem Vítimas,Pleno dia,Crescente,Céu Claro,Múltipla,Viaduto,Não,2,0,0,0,2,0,0,2,-27.54836599,-48.61977975,SPRF-SC,DEL01-SC,UOP01-DEL01-SC,2021
"401540,0",2021-12-13,segunda-feira,11:50:00,SC,282,"297,0",VARGEM,Demais falhas mecânicas ou elétricas,Tombamento,Sem Vítimas,Pleno dia,Decrescente,Céu Claro,Simples,Curva,Não,2,0,0,0,1,1,0,2,-27.529324,-50.89362,SPRF-SC,DEL07-SC,UOP06-DEL07-SC,2021
"401578,0",2021-12-13,segunda-feira,19:30:00,SC,116,"184,8",SAO CRISTOVAO DO SUL,Acessar a via sem observar a presença dos outros veículos,Saída de leito carroçável,Com Vítimas Feridas,Plena Noite,Crescente,Nublado,Simples,Interseção de Vias,Sim,2,0,1,0,1,0,1,1,-27.30258831,-50.42418133,SPRF-SC,DEL05-SC,UOP03-DEL05-SC,2021
"401613,0",2021-12-14,terça-feira,05:17:00,SC,101,"96,8",BALNEARIO PICARRAS,Condutor Dormindo,Colisão traseira,Com Vítimas Feridas,Amanhecer,Decrescente,Nublado,Dupla,Curva,Não,2,0,1,0,1,0,1,2,-26.718427,-48.70233,SPRF-SC,DEL03-SC,UOP02-DEL03-SC,2021
"401615,0",2021-12-14,terça-feira,02:10:00,SC,163,"84,0",GUARACIABA,Condutor Dormindo,Eventos atípicos,Sem Vítimas,Plena Noite,Decrescente,Céu Claro,Simples,Rotatória,Não,2,0,0,0,1,1,0,2,-26.61594101,-53.51942819,SPRF-SC,DEL07-SC,UOP03-DEL07-SC,2021
"401632,0",2021-12-14,terça-feira,06:20:00,SC,101,"384,0",ICARA,Manobra de mudança de faixa,Colisão lateral mesmo sentido,Com Vítimas Feridas,Pleno dia,Decrescente,Nublado,Dupla,Reta;Aclive,Não,4,0,1,0,2,1,1,3,-28.77821061,-49.32295918,SPRF-SC,DEL02-SC,UOP02-DEL02-SC,2021
"401637,0",2021-12-14,terça-feira,05:00:00,SC,282,"400,0",JOACABA,Condutor Dormindo,Saída de leito carroçável,Com Vítimas Fatais,Pleno dia,Crescente,Céu Claro,Simples,Curva,Não,3,1,2,0,0,0,2,1,-27.132223,-51.627563,SPRF-SC,DEL07-SC,UOP05-DEL07-SC,2021
"401710,0",2021-12-14,terça-feira,16:00:00,SC,101,"232,2",PALHOCA,Manobra de mudança de faixa,Colisão lateral mesmo sentido,Com Vítimas Feridas,Pleno dia,Crescente,Nublado,Dupla,Aclive,Não,3,0,1,0,2,0,1,2,-27.795666,-48.638153,SPRF-SC,DEL01-SC,UOP02-DEL01-SC,2021
"401741,0",2021-12-14,terça-feira,17:20:00,SC,101,"443,7",SANTA ROSA DO SUL,Desrespeitar a preferência no cruzamento,Colisão transversal,Com Vítimas Feridas,Pleno dia,Crescente,Nublado,Simples,Interseção de Vias;Reta;Viaduto,Sim,2,0,1,0,1,0,1,2,-29.13223626,-49.69660393,SPRF-SC,DEL02-SC,UOP02-DEL02-SC,2021
"401804,0",2021-12-15,quarta-feira,01:20:00,SC,101,"213,4",PALHOCA,Transitar na contramão,Colisão frontal,Com Vítimas Feridas,Plena Noite,Crescente,Chuva,Múltipla,Reta,Sim,4,0,0,1,2,1,1,4,-27.63697369,-48.66514142,SPRF-SC,DEL01-SC,UOP02-DEL01-SC,2021
"401811,0",2021-12-15,quarta-feira,03:35:00,SC,282,"645,4",SAO MIGUEL DO OESTE,Ingestão de álcool pelo condutor,Colisão frontal,Com Vítimas Feridas,Plena Noite,Decrescente,Céu Claro,Simples,Curva,Não,4,0,1,0,2,2,1,4,-26.765184,-53.487823,SPRF-SC,DEL07-SC,UOP03-DEL07-SC,2021
"401849,0",2021-12-15,quarta-feira,08:10:00,SC,470,"4,0",NAVEGANTES,Acessar a via sem observar a presença dos outros veículos,Colisão lateral mesmo sentido,Com Vítimas Feridas,Pleno dia,Crescente,Céu Claro,Dupla,Reta,Sim,4,0,2,0,2,0,2,2,-26.858473,-48.690788,SPRF-SC,DEL04-SC,UOP04-DEL04-SC,2021
"401894,0",2021-12-15,quarta-feira,15:10:00,SC,101,"163,0",TIJUCAS,Pedestre cruzava a pista fora da faixa,Atropelamento de Pedestre,Com Vítimas Feridas,Pleno dia,Decrescente,Nublado,Dupla,Reta,Sim,3,0,0,1,1,1,1,3,-27.23461699,-48.63039809,SPRF-SC,DEL04-SC,UOP03-DEL04-SC,2021
"401902,0",2021-12-15,quarta-feira,15:25:00,SC,101,"239,0",PALHOCA,Manobra de mudança de faixa,Colisão traseira,Com Vítimas Feridas,Pleno dia,Decrescente,Nublado,Dupla,Reta,Não,3,0,0,1,1,1,1,3,-27.85046883,-48.63955216,SPRF-SC,DEL01-SC,UOP02-DEL01-SC,2021
"401957,0",2021-12-15,quarta-feira,17:00:00,SC,116,"127,2",SANTA CECILIA,Ultrapassagem Indevida,Colisão lateral mesmo sentido,Com Vítimas Feridas,Pleno dia,Crescente,Céu Claro,Simples,Declive;Reta,Não,3,0,1,0,1,1,1,3,-26.87270031,-50.41550285,SPRF-SC,DEL06-SC,UOP02-DEL06-SC,2021
"401964,0",2021-12-15,quarta-feira,22:35:00,SC,101,"202,5",SAO JOSE,Ultrapassagem Indevida,Colisão lateral mesmo sentido,Com Vítimas Feridas,Plena Noite,Decrescente,Nublado,Dupla,Em Obras,Sim,3,0,1,0,1,1,1,3,-27.55711595,-48.61897889,SPRF-SC,DEL01-SC,UOP01-DEL01-SC,2021
"401983,0",2021-12-16,quinta-feira,01:48:00,SC,101,"216,2",PALHOCA,Reação tardia ou ineficiente do condutor,Colisão traseira,Com Vítimas Fatais,Plena Noite,Decrescente,Céu Claro,Dupla,Declive,Sim,8,2,2,2,1,2,4,7,-27.6626928,-48.6760317,SPRF-SC,DEL01-SC,UOP02-DEL01-SC,2021
"401994,0",2021-12-16,quinta-feira,03:30:00,SC,470,"169,2",POUSO REDONDO,Ingestão de álcool pelo condutor,Colisão transversal,Sem Vítimas,Plena Noite,Decrescente,Céu Claro,Simples,Reta,Sim,3,0,0,0,2,1,0,3,-27.265471,-49.882442,SPRF-SC,DEL04-SC,UOP02-DEL04-SC,2021
"402002,0",2021-12-16,quinta-feira,05:20:00,SC,470,"191,8",POUSO REDONDO,Velocidade Incompatível,Tombamento,Com Vítimas Feridas,Amanhecer,Decrescente,Nublado,Simples,Curva,Não,1,0,0,1,0,0,1,1,-27.284445,-50.07766,SPRF-SC,DEL04-SC,UOP02-DEL04-SC,2021
"402007,0",2021-12-16,quinta-feira,06:50:00,SC,101,"156,0",PORTO BELO,Ultrapassagem Indevida,Colisão lateral mesmo sentido,Com Vítimas Feridas,Pleno dia,Decrescente,Céu Claro,Simples,Reta,Sim,2,0,1,0,1,0,1,2,-27.172272,-48.61170204,SPRF-SC,DEL04-SC,UOP03-DEL04-SC,2021
"402011,0",2021-12-15,quarta-feira,22:55:00,SC,282,"420,7",VARGEM BONITA,Ingestão de álcool pelo condutor,Colisão lateral sentido oposto,Com Vítimas Feridas,Plena Noite,Crescente,Chuva,Simples,Curva,Não,3,0,1,0,1,1,1,3,-27.014505,-51.736427,SPRF-SC,DEL07-SC,UOP05-DEL07-SC,2021
"402023,0",2021-12-15,quarta-feira,20:50:00,SC,101,"121,0",ITAJAI,Ausência de reação do condutor,Saída de leito carroçável,Sem Vítimas,Plena Noite,Decrescente,Nublado,Dupla,Reta,Sim,2,0,0,0,1,1,0,2,-26.92103178,-48.70856446,SPRF-SC,DEL04-SC,UOP04-DEL04-SC,2021
"402024,0",2021-12-11,sábado,17:10:00,SC,280,"33,0",ARAQUARI,Ultrapassagem Indevida,Colisão lateral mesmo sentido,Sem Vítimas,Pleno dia,Crescente,Nublado,Simples,Reta,Sim,2,0,0,0,2,0,0,2,-26.42576441,-48.78741376,SPRF-SC,DEL03-SC,UOP03-DEL03-SC,2021
"402085,0",2021-12-16,quinta-feira,15:35:00,SC,101,"201,6",SAO JOSE,Reação tardia ou ineficiente do condutor,Colisão traseira,Com Vítimas Feridas,Pleno dia,Crescente,Sol,Múltipla,Reta,Sim,4,0,1,0,3,0,1,3,-27.55261984,-48.61974835,SPRF-SC,DEL01-SC,UOP01-DEL01-SC,2021
"402110,0",2021-12-16,quinta-feira,14:20:00,SC,101,"116,0",ITAJAI,Condutor deixou de manter distância do veículo da frente,Colisão traseira,Com Vítimas Feridas,Pleno dia,Decrescente,Céu Claro,Múltipla,Reta,Sim,3,0,2,0,1,0,2,2,-26.87905605,-48.72603512,SPRF-SC,DEL04-SC,UOP04-DEL04-SC,2021
"402146,0",2021-12-16,quinta-feira,19:05:00,SC,282,"501,9",XANXERE,Pedestre andava na pista,Atropelamento de Pedestre,Com Vítimas Feridas,Anoitecer,Crescente,Céu Claro,Dupla,Curva,Sim,3,0,0,1,1,1,1,3,-26.882715,-52.381729,SPRF-SC,DEL07-SC,UOP01-DEL07-SC,2021
"402155,0",2021-12-16,quinta-feira,19:00:00,SC,116,"156,5",SANTA CECILIA,Velocidade Incompatível,Tombamento,Com Vítimas Feridas,Plena Noite,Decrescente,Céu Claro,Simples,Curva,Não,2,0,1,0,0,1,1,2,-27.08654843,-50.44183731,SPRF-SC,DEL06-SC,UOP02-DEL06-SC,2021
"402190,0",2021-12-17,sexta-feira,01:50:00,SC,116,"180,7",SAO CRISTOVAO DO SUL,Manobra de mudança de faixa,Colisão traseira,Com Vítimas Feridas,Plena Noite,Crescente,Nublado,Simples,Reta,Sim,3,0,1,0,1,1,1,3,-27.27041426,-50.44097161,SPRF-SC,DEL05-SC,UOP03-DEL05-SC,2021
"402212,0",2021-12-17,sexta-feira,03:45:00,SC,282,"426,2",VARGEM BONITA,Acumulo de óleo sobre o pavimento,Saída de leito carroçável,Com Vítimas Feridas,Plena Noite,Crescente,Nublado,Simples,Curva,Não,2,0,1,0,0,1,1,2,-26.974417,-51.761665,SPRF-SC,DEL07-SC,UOP05-DEL07-SC,2021
"402228,0",2021-12-17,sexta-feira,08:10:00,SC,101,"124,7",ITAJAI,Manobra de mudança de faixa,Colisão lateral mesmo sentido,Com Vítimas Feridas,Pleno dia,Decrescente,Céu Claro,Múltipla,Reta,Não,4,0,1,0,2,1,1,4,-26.94335064,-48.69198648,SPRF-SC,DEL04-SC,UOP04-DEL04-SC,2021
"402249,0",2021-12-17,sexta-feira,10:15:00,SC,101,"270,6",PAULO LOPES,Ausência de reação do condutor,Saída de leito carroçável,Com Vítimas Feridas,Pleno dia,Decrescente,Céu Claro,Dupla,Reta,Não,3,0,1,0,2,0,1,2,-28.1015411,-48.70410641,SPRF-SC,DEL02-SC,UOP03-DEL02-SC,2021
"402258,0",2021-12-17,sexta-feira,11:10:00,SC,101,"85,6",BARRA VELHA,Velocidade Incompatível,Engavetamento,Com Vítimas Feridas,Pleno dia,Crescente,Céu Claro,Simples,Reta,Sim,4,0,0,1,3,0,1,3,-26.62840879,-48.70813584,SPRF-SC,DEL03-SC,UOP02-DEL03-SC,2021
"402259,0",2021-12-17,sexta-feira,12:30:00,SC,101,"192,5",BIGUACU,Manobra de mudança de faixa,Colisão transversal,Com Vítimas Feridas,Pleno dia,Decrescente,Céu Claro,Dupla,Ponte;Reta,Sim,4,0,1,0,2,2,1,4,-27.48443781,-48.64765238,SPRF-SC,DEL01-SC,UOP01-DEL01-SC,2021
"402280,0",2021-12-17,sexta-feira,13:30:00,SC,470,"65,0",INDAIAL,Reação tardia ou ineficiente do condutor,Colisão lateral mesmo sentido,Com Vítimas Feridas,Pleno dia,Crescente,Nublado,Simples,Em Obras;Reta,Sim,3,0,1,0,1,1,1,3,-26.870411,-49.211864,SPRF-SC,DEL04-SC,UOP01-DEL04-SC,2021
"402313,0",2021-12-17,sexta-feira,12:25:00,SC,116,"34,3",ITAIOPOLIS,Condutor deixou de manter distância do veículo da frente,Colisão traseira,Com Vítimas Fatais,Pleno dia,Crescente,Céu Claro,Simples,Reta;Em Obras,Não,4,1,1,0,2,0,1,3,-26.3323522,-49.9988029,SPRF-SC,DEL06-SC,UOP01-DEL06-SC,2021
"402344,0",2021-12-17,sexta-feira,12:15:00,SC,282,"620,5",IRACEMINHA,Reação tardia ou ineficiente do condutor,Saída de leito carroçável,Com Vítimas Feridas,Pleno dia,Decrescente,Sol,Simples,Aclive;Curva,Não,3,0,1,1,1,0,2,2,-26.80325418,-53.31258416,SPRF-SC,DEL07-SC,UOP02-DEL07-SC,2021
"402398,0",2021-12-17,sexta-feira,12:45:00,SC,153,"45,4",VARGEM BONITA,Condutor Dormindo,Colisão lateral sentido oposto,Com Vítimas Feridas,Pleno dia,Decrescente,Sol,Simples,Reta,Não,3,0,1,0,1,3,1,5,-26.883162,-51.757702,SPRF-SC,DEL07-SC,UOP05-DEL07-SC,2021
"402423,0",2021-12-17,sexta-feira,19:10:00,SC,101,"448,0",SANTA ROSA DO SUL,Velocidade Incompatível,Tombamento,Sem Vítimas,Pleno dia,Decrescente,Nublado,Dupla,Curva,Não,2,0,0,0,1,2,0,3,-29.15898991,-49.73540906,SPRF-SC,DEL02-SC,UOP02-DEL02-SC,2021
"402460,0",2021-12-17,sexta-feira,19:50:00,SC,153,"59,0",IRANI,Desrespeitar a preferência no cruzamento,Colisão transversal,Com Vítimas Feridas,Plena Noite,Crescente,Céu Claro,Simples,Interseção de Vias,Não,4,0,2,0,1,2,2,4,-26.967562,-51.850391,SPRF-SC,DEL07-SC,UOP04-DEL07-SC,2021
"402510,0",2021-12-18,sábado,10:50:00,SC,101,"119,0",ITAJAI,Transitar na calçada,Tombamento,Com Vítimas Feridas,Pleno dia,Crescente,Céu Claro,Dupla,Reta,Não,2,0,1,0,1,0,1,2,-26.9043179,-48.71555481,SPRF-SC,DEL04-SC,UOP04-DEL04-SC,2021
"402519,0",2021-12-18,sábado,10:20:00,SC,116,"12,4",MAFRA,Ausência de reação do condutor,Colisão transversal,Com Vítimas Feridas,Pleno dia,Crescente,Céu Claro,Simples,Interseção de Vias,Sim,3,0,1,1,1,0,2,2,-26.17877859,-49.86720998,SPRF-SC,DEL06-SC,UOP01-DEL06-SC,2021
"402538,0",2021-12-18,sábado,08:45:00,SC,101,"376,2",ICARA,Reação tardia ou ineficiente do condutor,Capotamento,Com Vítimas Feridas,Pleno dia,Crescente,Nublado,Dupla,Curva,Não,3,0,1,1,1,0,2,2,-28.72736111,-49.24066084,SPRF-SC,DEL02-SC,UOP01-DEL02-SC,2021
"402557,0",2021-12-18,sábado,14:35:00,SC,282,"637,6",DESCANSO,Conversão proibida,Colisão traseira,Com Vítimas Feridas,Pleno dia,Decrescente,Céu Claro,Simples,Curva,Não,3,0,2,0,1,0,2,2,-26.806643,-53.441025,SPRF-SC,DEL07-SC,UOP03-DEL07-SC,2021
"402646,0",2021-12-18,sábado,13:20:00,SC,282,"95,0",ALFREDO WAGNER,Velocidade Incompatível,Tombamento,Com Vítimas Feridas,Pleno dia,Decrescente,Nublado,Simples,Curva,Não,2,0,1,0,0,2,1,3,-27.704929,-49.239353,SPRF-SC,DEL01-SC,UOP03-DEL01-SC,2021
"402656,0",2021-12-18,sábado,20:20:00,SC,101,"327,9",CAPIVARI DE BAIXO,Manobra de mudança de faixa,Colisão traseira,Com Vítimas Fatais,Plena Noite,Crescente,Nublado,Múltipla,Aclive;Reta,Não,5,1,1,0,2,2,1,4,-28.44305185,-48.96535814,SPRF-SC,DEL02-SC,UOP01-DEL02-SC,2021
"402794,0",2021-12-19,domingo,13:50:00,SC,101,"186,0",BIGUACU,Manobra de mudança de faixa,Saída de leito carroçável,Com Vítimas Feridas,Pleno dia,Crescente,Céu Claro,Dupla,Curva,Não,2,0,0,1,0,1,1,2,-27.4341098,-48.62567129,SPRF-SC,DEL01-SC,UOP01-DEL01-SC,2021
"402852,0",2021-12-19,domingo,18:20:00,SC,470,"108,1",APIUNA,Manobra de mudança de faixa,Colisão frontal,Com Vítimas Feridas,Anoitecer,Decrescente,Céu Claro,Simples,Reta,Não,3,0,0,1,1,1,1,3,-27.080708,-49.440491,SPRF-SC,DEL04-SC,UOP02-DEL04-SC,2021
"402881,0",2021-12-19,domingo,17:50:00,SC,101,"2,0",GARUVA,Manobra de mudança de faixa,Colisão lateral mesmo sentido,Com Vítimas Feridas,Pleno dia,Decrescente,Nublado,Dupla,Reta;Declive,Não,4,0,1,0,2,1,1,3,-25.99699834,-48.87891655,SPRF-SC,DEL03-SC,UOP01-DEL03-SC,2021
"402931,0",2021-12-19,domingo,20:35:00,SC,101,"61,3",ARAQUARI,Pedestre cruzava a pista fora da faixa,Atropelamento de Pedestre,Com Vítimas Fatais,Plena Noite,Crescente,Céu Claro,Dupla,Reta,Sim,2,1,0,0,1,0,0,2,-26.454912,-48.77454,SPRF-SC,DEL03-SC,UOP02-DEL03-SC,2021
"402977,0",2021-12-20,segunda-feira,07:00:00,SC,101,"197,8",BIGUACU,Frear bruscamente,Colisão traseira,Com Vítimas Feridas,Pleno dia,Crescente,Céu Claro,Múltipla,Reta,Sim,3,0,1,0,2,0,1,3,-27.51844497,-48.63848496,SPRF-SC,DEL01-SC,UOP01-DEL01-SC,2021
"403001,0",2021-12-20,segunda-feira,08:30:00,SC,101,"149,7",ITAPEMA,Condutor deixou de manter distância do veículo da frente,Colisão lateral mesmo sentido,Com Vítimas Feridas,Pleno dia,Decrescente,Céu Claro,Simples,Reta,Sim,2,0,1,0,1,0,1,2,-27.1089649,-48.61277586,SPRF-SC,DEL04-SC,UOP03-DEL04-SC,2021
"403058,0",2021-12-20,segunda-feira,15:40:00,SC,101,"184,8",BIGUACU,Ausência de reação do condutor,Colisão traseira,Com Vítimas Feridas,Pleno dia,Crescente,Céu Claro,Dupla,Reta,Sim,2,0,1,0,1,0,1,2,-27.41613807,-48.6266443,SPRF-SC,DEL01-SC,UOP01-DEL01-SC,2021
"403065,0",2021-12-20,segunda-feira,16:20:00,SC,470,"7,5",NAVEGANTES,Condutor deixou de manter distância do veículo da frente,Colisão traseira,Com Vítimas Feridas,Pleno dia,Decrescente,Sol,Simples,Viaduto,Não,3,0,1,0,2,0,1,2,-26.84499,-48.71505,SPRF-SC,DEL04-SC,UOP04-DEL04-SC,2021
"403122,0",2021-12-20,segunda-feira,17:05:00,SC,282,"437,0",IRANI,Desrespeitar a preferência no cruzamento,Colisão transversal,Com Vítimas Feridas,Pleno dia,Decrescente,Nublado,Simples,Interseção de Vias,Não,3,0,2,0,0,2,2,4,-26.963764,-51.854839,SPRF-SC,DEL07-SC,UOP04-DEL07-SC,2021
"403135,0",2021-12-20,segunda-feira,20:40:00,SC,470,"192,3",POUSO REDONDO,Velocidade Incompatível,Saída de leito carroçável,Com Vítimas Feridas,Plena Noite,Decrescente,Céu Claro,Simples,Curva,Não,1,0,0,1,0,0,1,1,-27.293324,-50.078678,SPRF-SC,DEL04-SC,UOP02-DEL04-SC,2021
"403186,0",2021-12-21,terça-feira,12:40:00,SC,280,"66,0",JARAGUA DO SUL,Desrespeitar a preferência no cruzamento,Colisão transversal,Com Vítimas Feridas,Pleno dia,Crescente,Sol,Simples,Rotatória,Sim,2,0,1,0,1,0,1,2,-26.47606607,-49.09568797,SPRF-SC,DEL03-SC,UOP03-DEL03-SC,2021
"403204,0",2021-12-21,terça-feira,14:15:00,SC,101,"112,0",ITAJAI,Declive acentuado,Colisão lateral sentido oposto,Com Vítimas Feridas,Pleno dia,Decrescente,Nublado,Dupla,Viaduto;Reta,Sim,2,0,0,1,1,0,1,2,-26.84589005,-48.72131295,SPRF-SC,DEL04-SC,UOP04-DEL04-SC,2021
"403221,0",2021-12-21,terça-feira,17:30:00,SC,101,"207,0",SAO JOSE,Condutor deixou de manter distância do veículo da frente,Colisão traseira,Com Vítimas Feridas,Anoitecer,Crescente,Nublado,Dupla,Reta,Sim,2,0,0,1,1,0,1,2,-27.60001226,-48.6226467,SPRF-SC,DEL01-SC,UOP01-DEL01-SC,2021
"403330,0",2021-12-22,quarta-feira,09:05:00,SC,101,"41,1",JOINVILLE,Condutor deixou de manter distância do veículo da frente,Colisão traseira,Com Vítimas Feridas,Pleno dia,Decrescente,Nublado,Dupla,Declive;Reta;Viaduto,Sim,5,0,1,0,3,1,1,4,-26.28215489,-48.88973081,SPRF-SC,DEL03-SC,UOP01-DEL03-SC,2021
"403331,0",2021-12-22,quarta-feira,10:30:00,SC,101,"212,6",PALHOCA,Ausência de reação do condutor,Colisão lateral mesmo sentido,Com Vítimas Feridas,Pleno dia,Decrescente,Céu Claro,Múltipla,Reta,Sim,3,0,1,0,1,1,1,3,-27.62996929,-48.65903871,SPRF-SC,DEL01-SC,UOP02-DEL01-SC,2021
"403344,0",2021-12-22,quarta-feira,13:20:00,SC,101,"208,6",SAO JOSE,Velocidade Incompatível,Colisão traseira,Com Vítimas Feridas,Pleno dia,Crescente,Sol,Múltipla,Reta,Sim,2,0,0,1,1,0,1,2,-27.60327979,-48.63201818,SPRF-SC,DEL01-SC,UOP01-DEL01-SC,2021
"403362,0",2021-12-22,quarta-feira,14:15:00,SC,282,"561,0",NOVA ERECHIM,Condutor deixou de manter distância do veículo da frente,Colisão traseira,Sem Vítimas,Pleno dia,Decrescente,Sol,Simples,Ponte,Não,3,0,0,0,3,0,0,2,-26.919464,-52.861614,SPRF-SC,DEL07-SC,UOP02-DEL07-SC,2021
"403398,0",2021-12-22,quarta-feira,17:00:00,SC,101,"461,8",PASSO DE TORRES,Acessar a via sem observar a presença dos outros veículos,Colisão lateral mesmo sentido,Com Vítimas Feridas,Pleno dia,Crescente,Céu Claro,Dupla,Reta,Não,2,0,0,1,1,0,1,2,-29.26681993,-49.75517865,SPRF-RS,DEL03-RS,UOP02-DEL03-RS,2021
"403469,0",2021-12-22,quarta-feira,22:10:00,SC,282,"631,3",DESCANSO,Declive acentuado,Incêndio,Sem Vítimas,Plena Noite,Crescente,Céu Claro,Simples,Reta,Não,2,0,0,0,1,1,0,2,-26.82544948,-53.39913368,SPRF-SC,DEL07-SC,UOP03-DEL07-SC,2021
"403472,0",2021-12-23,quinta-feira,00:10:00,SC,101,"343,5",TUBARAO,Ausência de reação do condutor,Colisão traseira,Com Vítimas Feridas,Plena Noite,Crescente,Nublado,Dupla,Reta,Não,9,0,5,0,3,1,5,5,-28.52765702,-49.05615309,SPRF-SC,DEL02-SC,UOP01-DEL02-SC,2021
"403493,0",2021-12-23,quinta-feira,07:05:00,SC,280,"49,5",GUARAMIRIM,Acessar a via sem observar a presença dos outros veículos,Colisão transversal,Com Vítimas Feridas,Pleno dia,Decrescente,Céu Claro,Simples,Reta,Sim,2,0,0,1,1,0,1,2,-26.45850039,-48.93692786,SPRF-SC,DEL03-SC,UOP03-DEL03-SC,2021
"403537,0",2021-12-23,quinta-feira,10:00:00,SC,101,"404,7",ARARANGUA,Manobra de mudança de faixa,Colisão lateral mesmo sentido,Com Vítimas Feridas,Pleno dia,Crescente,Céu Claro,Dupla,Reta,Não,5,0,2,0,2,1,2,4,-28.88548916,-49.4630158,SPRF-SC,DEL02-SC,UOP02-DEL02-SC,2021
"403603,0",2021-12-23,quinta-feira,11:19:00,SC,116,"305,4",CAPAO ALTO,Velocidade Incompatível,Tombamento,Com Vítimas Fatais,Pleno dia,Decrescente,Sol,Simples,Curva,Não,2,1,0,0,0,1,0,2,-28.19943943,-50.72662354,SPRF-SC,DEL05-SC,UOP02-DEL05-SC,2021
"403621,0",2021-12-21,terça-feira,10:00:00,SC,101,"111,0",NAVEGANTES,Demais falhas mecânicas ou elétricas,Engavetamento,Sem Vítimas,Pleno dia,Crescente,Céu Claro,Dupla,Reta,Não,2,0,0,0,1,1,0,2,-26.83955734,-48.71418074,SPRF-SC,DEL04-SC,UOP04-DEL04-SC,2021
"403782,0",2021-12-24,sexta-feira,11:00:00,SC,101,"37,3",JOINVILLE,Ausência de reação do condutor,Colisão traseira,Com Vítimas Feridas,Pleno dia,Decrescente,Céu Claro,Dupla,Reta,Não,4,0,1,0,2,2,1,4,-26.25050176,-48.90863867,SPRF-SC,DEL03-SC,UOP01-DEL03-SC,2021
"403809,0",2021-12-24,sexta-feira,13:40:00,SC,470,"46,4",BLUMENAU,Transitar na contramão,Colisão lateral sentido oposto,Com Vítimas Fatais,Pleno dia,Decrescente,Sol,Simples,Reta;Em Obras,Não,8,3,0,1,2,2,1,6,-26.861778,-49.041872,SPRF-SC,DEL04-SC,UOP01-DEL04-SC,2021
"403812,0",2021-12-24,sexta-feira,14:10:00,SC,470,"118,8",IBIRAMA,Velocidade Incompatível,Tombamento,Com Vítimas Feridas,Pleno dia,Decrescente,Sol,Simples,Retorno Regulamentado,Sim,2,0,1,0,0,1,1,2,-27.08243617,-49.52055216,SPRF-SC,DEL04-SC,UOP02-DEL04-SC,2021
"403819,0",2021-12-24,sexta-feira,15:20:00,SC,116,"67,3",PAPANDUVA,Ultrapassagem Indevida,Colisão lateral sentido oposto,Com Vítimas Feridas,Pleno dia,Decrescente,Céu Claro,Simples,Reta,Não,4,0,1,0,1,2,1,4,-26.44247501,-50.2284382,SPRF-SC,DEL06-SC,UOP02-DEL06-SC,2021
"404102,0",2021-12-26,domingo,06:45:00,SC,282,"620,0",IRACEMINHA,Ingestão de álcool pelo condutor,Colisão traseira,Com Vítimas Feridas,Pleno dia,Decrescente,Céu Claro,Simples,Reta;Aclive,Não,3,0,1,0,1,2,1,4,-26.799355,-53.308002,SPRF-SC,DEL07-SC,UOP02-DEL07-SC,2021
"404279,0",2021-12-27,segunda-feira,06:50:00,SC,101,"222,0",PALHOCA,Manobra de mudança de faixa,Colisão lateral mesmo sentido,Com Vítimas Feridas,Pleno dia,Crescente,Céu Claro,Múltipla,Reta,Não,4,0,1,0,2,1,1,3,-27.70865409,-48.65586407,SPRF-SC,DEL01-SC,UOP02-DEL01-SC,2021
"404314,0",2021-12-27,segunda-feira,10:15:00,SC,101,"215,0",PALHOCA,Ausência de sinalização,Colisão transversal,Com Vítimas Feridas,Pleno dia,Crescente,Sol,Simples,Interseção de Vias,Sim,3,0,1,0,1,1,1,3,-27.65184843,-48.67604941,SPRF-SC,DEL01-SC,UOP02-DEL01-SC,2021