id,data_inversa,dia_semana,horario,uf,br,km,municipio,causa_acidente,tipo_acidente,classificacao_acidente,fase_dia,sentido_via,condicao_metereologica,tipo_pista,tracado_via,uso_solo,pessoas,mortos,feridos_leves,feridos_graves,ilesos,ignorados,feridos,veiculos,latitude,longitude,regional,delegacia,uop,ano_arquivo
"404338,0",2021-12-27,segunda-feira,11:30:00,SC,282,"84,4",ALFREDO WAGNER,Condutor deixou de manter distância do veículo da frente,Colisão traseira,Com Vítimas Feridas,Pleno dia,Decrescente,Céu Claro,Simples,Reta,Não,3,0,1,0,2,0,1,3,-27.666992,-49.183552,SPRF-SC,DEL01-SC,UOP03-DEL01-SC,2021
"404417,0",2021-12-27,segunda-feira,20:05:00,SC,280,"189,0",MAFRA,Velocidade Incompatível,Tombamento,Com Vítimas Feridas,Plena Noite,Decrescente,Nublado,Simples,Declive;Curva,Não,2,0,1,0,0,1,1,2,-26.17527846,-49.97184598,SPRF-SC,DEL06-SC,UOP01-DEL06-SC,2021
"404462,0",2021-12-28,terça-feira,08:10:00,SC,101,"121,1",ITAJAI,Condutor deixou de manter distância do veículo da frente,Colisão traseira,Com Vítimas Feridas,Pleno dia,Crescente,Céu Claro,Dupla,Reta,Sim,3,0,1,0,1,2,1,4,-26.92103178,-48.70856446,SPRF-SC,DEL04-SC,UOP04-DEL04-SC,2021
"404585,0",2021-12-29,quarta-feira,00:02:00,SC,280,"235,8",CANOINHAS,Ingestão de álcool pelo condutor,Colisão frontal,Sem Vítimas,Plena Noite,Crescente,Nublado,Simples,Curva;Aclive,Sim,3,0,0,0,2,1,0,3,-26.19206283,-50.41295701,SPRF-SC,DEL06-SC,UOP04-DEL06-SC,2021
"404623,0",2021-12-29,quarta-feira,09:52:00,SC,101,"81,3",BARRA VELHA,Reação tardia ou ineficiente do condutor,Tombamento,Com Vítimas Fatais,Pleno dia,Crescente,Garoa/Chuvisco,Dupla,Reta,Não,4,1,0,0,1,2,0,4,-26.60571866,-48.72436523,SPRF-SC,DEL03-SC,UOP02-DEL03-SC,2021
"404628,0",2021-12-29,quarta-feira,10:00:00,SC,282,"58,7",VARGEM BONITA,Desrespeitar a preferência no cruzamento,Colisão transversal,Com Vítimas Feridas,Pleno dia,Decrescente,Sol,Simples,Interseção de Vias,Não,5,0,2,0,2,1,2,3,-26.96981367,-51.85409546,SPRF-SC,DEL01-SC,UOP03-DEL01-SC,2021
"404682,0",2021-12-29,quarta-feira,16:45:00,SC,101,"128,1",BALNEARIO CAMBORIU,Trafegar com motocicleta (ou similar) entre as faixas,Colisão lateral mesmo sentido,Com Vítimas Fatais,Pleno dia,Crescente,Céu Claro,Dupla,Reta;Declive,Não,4,1,0,0,1,2,0,4,-26.97284292,-48.68299451,SPRF-SC,DEL04-SC,UOP03-DEL04-SC,2021
"404732,0",2021-12-29,quarta-feira,22:00:00,SC,101,"283,9",IMBITUBA,Ausência de reação do condutor,Colisão lateral mesmo sentido,Sem Vítimas,Plena Noite,Crescente,Céu Claro,Múltipla,Declive;Reta,Não,4,0,0,0,4,0,0,2,-28.21285498,-48.69962617,SPRF-SC,DEL02-SC,UOP03-DEL02-SC,2021
"404785,0",2021-12-30,quinta-feira,09:20:00,SC,101,"194,0",BIGUACU,Velocidade Incompatível,Colisão traseira,Com Vítimas Feridas,Pleno dia,Crescente,Céu Claro,Dupla,Reta,Não,3,0,1,0,1,1,1,3,-27.49815117,-48.65661236,SPRF-SC,DEL01-SC,UOP01-DEL01-SC,2021
"404837,0",2021-12-30,quinta-feira,12:50:00,SC,101,"139,0",BALNEARIO CAMBORIU,Ausência de reação do condutor,Colisão lateral mesmo sentido,Com Vítimas Feridas,Pleno dia,Crescente,Nublado,Simples,Reta,Sim,2,0,0,1,0,1,1,2,-27.02982303,-48.60115006,SPRF-SC,DEL04-SC,UOP03-DEL04-SC,2021
"404841,0",2021-12-30,quinta-feira,14:55:00,SC,280,"129,4",RIO NEGRINHO,Reação tardia ou ineficiente do condutor,Colisão traseira,Com Vítimas Feridas,Pleno dia,Decrescente,Nublado,Simples,Reta,Sim,4,0,2,0,2,0,2,3,-26.24586437,-49.52284615,SPRF-SC,DEL06-SC,UOP03-DEL06-SC,2021
"404928,0",2021-12-30,quinta-feira,21:00:00,SC,282,"21,6",SANTO AMARO DA IMPERATRIZ,Condutor deixou de manter distância do veículo da frente,Engavetamento,Com Vítimas Feridas,Plena Noite,Decrescente,Nublado,Simples,Reta,Sim,4,0,1,0,3,0,1,4,-27.68907,-48.717541,SPRF-SC,DEL01-SC,UOP02-DEL01-SC,2021
"405068,0",2021-12-31,sexta-feira,11:30:00,SC,101,"10,0",GARUVA,Velocidade Incompatível,Tombamento,Com Vítimas Feridas,Pleno dia,Crescente,Céu Claro,Simples,Curva,Sim,2,0,1,0,0,1,1,2,-26.06703764,-48.86137247,SPRF-SC,DEL03-SC,UOP01-DEL03-SC,2021
"405726,0",2021-12-14,terça-feira,21:00:00,SC,116,"217,2",CORREIA PINTO,Acessar a via sem observar a presença dos outros veículos,Colisão transversal,Sem Vítimas,Plena Noite,Crescente,Nublado,Simples,Reta,Sim,2,0,0,0,1,1,0,2,-27.56414783,-50.37509322,SPRF-SC,DEL05-SC,UOP03-DEL05-SC,2021
"405785,0",2021-12-09,quinta-feira,21:07:00,SC,280,"243,0",CANOINHAS,Reação tardia ou ineficiente do condutor,Colisão com objeto,Sem Vítimas,Plena Noite,Crescente,Céu Claro,Simples,Reta,Não,2,0,0,0,1,1,0,2,-26.23350047,-50.47668595,SPRF-SC,DEL06-SC,UOP04-DEL06-SC,2021
"405881,0",2021-12-10,sexta-feira,16:25:00,SC,101,"218,9",PALHOCA,Ultrapassagem Indevida,Colisão com objeto,Com Vítimas Feridas,Pleno dia,Decrescente,Céu Claro,Múltipla,Reta,Sim,4,0,0,1,1,3,1,5,-27.6758601,-48.67052525,SPRF-SC,DEL01-SC,UOP02-DEL01-SC,2021
"405938,0",2021-12-15,quarta-feira,19:30:00,SC,101,"168,0",TIJUCAS,Pedestre andava na pista,Atropelamento de Pedestre,Com Vítimas Fatais,Plena Noite,Decrescente,Nublado,Dupla,Reta,Não,3,1,0,0,1,2,0,4,-27.2777157,-48.6312927,SPRF-SC,DEL04-SC,UOP03-DEL04-SC,2021
"406148,0",2021-12-08,quarta-feira,14:05:00,SC,101,"204,0",SAO JOSE,Ausência de reação do condutor,Colisão traseira,Sem Vítimas,Pleno dia,Decrescente,Céu Claro,Dupla,Reta,Sim,3,0,0,0,3,0,0,3,-27.57413014,-48.61363083,SPRF-SC,DEL01-SC,UOP01-DEL01-SC,2021
"408045,0",2021-09-18,sábado,20:15:00,SC,116,"105,6",MONTE CASTELO,Problema com o freio,Saída de leito carroçável,Com Vítimas Feridas,Plena Noite,Decrescente,Nublado,Simples,Curva,Não,2,0,0,2,0,0,2,1,-26.75095005,-50.31749478,SPRF-SC,DEL06-SC,UOP02-DEL06-SC,2021
"408563,0",2021-12-23,quinta-feira,21:00:00,SC,101,"151,8",ITAPEMA,Ausência de reação do condutor,Colisão transversal,Sem Vítimas,Plena Noite,Decrescente,Céu Claro,Simples,Interseção de Vias,Sim,2,0,0,0,2,0,0,2,-27.126536,-48.609642,SPRF-SC,DEL04-SC,UOP03-DEL04-SC,2021
"409400,0",2021-12-20,segunda-feira,17:30:00,SC,101,"155,1",PORTO BELO,Velocidade Incompatível,Saída de leito carroçável,Com Vítimas Feridas,Pleno dia,Crescente,Nublado,Simples,Retorno Regulamentado,Não,3,0,0,2,1,0,2,2,-27.16480525,-48.61200213,SPRF-SC,DEL04-SC,UOP03-DEL04-SC,2021
"410035,0",2021-11-26,sexta-feira,12:50:00,SC,101,"119,0",ITAJAI,Acessar a via sem observar a presença dos outros veículos,Colisão transversal,Com Vítimas Feridas,Pleno dia,Decrescente,Céu Claro,Dupla,Reta,Sim,3,0,0,1,1,1,1,3,-26.9043179,-48.71555481,SPRF-SC,DEL04-SC,UOP04-DEL04-SC,2021
"410689,0",2021-10-04,segunda-feira,05:10:00,SC,116,"139,0",SANTA CECILIA,Velocidade Incompatível,Colisão transversal,Com Vítimas Feridas,Plena Noite,Crescente,Chuva,Simples,Interseção de Vias,Sim,3,0,1,0,1,1,1,3,-26.96007677,-50.41626976,SPRF-SC,DEL06-SC,UOP02-DEL06-SC,2021
"411154,0",2021-11-24,quarta-feira,02:00:00,SC,282,"179,8",BOCAINA DO SUL,Condutor deixou de manter distância do veículo da frente,Colisão traseira,Com Vítimas Feridas,Plena Noite,Crescente,Céu Claro,Simples,Reta,Não,5,0,3,0,2,0,3,2,-27.740141,-49.930519,SPRF-SC,DEL05-SC,UOP01-DEL05-SC,2021
"411716,0",2021-12-03,sexta-feira,09:30:00,SC,101,"207,0",SAO JOSE,Trafegar com motocicleta (ou similar) entre as faixas,Colisão lateral mesmo sentido,Com Vítimas Feridas,Pleno dia,Crescente,Nublado,Dupla,Reta,Sim,3,0,1,0,1,1,1,3,-27.60001226,-48.6226467,SPRF-SC,DEL01-SC,UOP01-DEL01-SC,2021
"413659,0",2021-11-26,sexta-feira,19:45:00,SC,282,"154,0",BOM RETIRO,Transitar na contramão,Colisão frontal,Com Vítimas Fatais,Plena Noite,Crescente,Céu Claro,Simples,Reta,Não,8,2,3,0,2,2,3,7,-27.754339,-49.698449,SPRF-SC,DEL05-SC,UOP01-DEL05-SC,2021
"413741,0",2021-12-22,quarta-feira,22:10:00,SC,280,"100,0",SAO BENTO DO SUL,Chuva,Saída de leito carroçável,Com Vítimas Feridas,Plena Noite,Crescente,Garoa/Chuvisco,Simples,Reta;Aclive,Não,1,0,1,0,0,0,1,1,-26.37158361,-49.33137101,SPRF-SC,DEL06-SC,UOP03-DEL06-SC,2021
"413937,0",2021-11-24,quarta-feira,23:40:00,SC,101,"72,6",ARAQUARI,Velocidade Incompatível,Colisão traseira,Com Vítimas Fatais,Plena Noite,Crescente,Nublado,Dupla,Reta,Não,7,1,5,0,1,0,5,2,-26.533821,-48.713676,SPRF-SC,DEL03-SC,UOP02-DEL03-SC,2021
"414062,0",2021-12-24,sexta-feira,09:45:00,SC,101,"253,0",PAULO LOPES,Manobra de mudança de faixa,Colisão lateral mesmo sentido,Com Vítimas Feridas,Pleno dia,Crescente,Céu Claro,Múltipla,Reta,Sim,6,0,2,0,3,1,2,3,-27.96492999,-48.67962057,SPRF-SC,DEL02-SC,UOP03-DEL02-SC,2021
"414108,0",2021-11-24,quarta-feira,23:30:00,SC,101,"73,1",ARAQUARI,Reação tardia ou ineficiente do condutor,Colisão lateral mesmo sentido,Com Vítimas Fatais,Plena Noite,Crescente,Nublado,Dupla,Reta;Em Obras,Não,6,2,1,0,2,1,1,3,-26.538948,-48.712374,SPRF-SC,DEL03-SC,UOP02-DEL03-SC,2021
"414191,0",2021-07-20,terça-feira,17:40:00,SC,101,"62,2",ARAQUARI,Animais na Pista,Atropelamento de Animal,Com Vítimas Feridas,Anoitecer,Crescente,Nublado,Dupla,Declive;Viaduto;Curva,Não,3,0,0,1,1,1,1,2,-26.45692574,-48.76201272,SPRF-SC,DEL03-SC,UOP02-DEL03-SC,2021
"414238,0",2021-12-22,quarta-feira,21:00:00,SC,101,"126,0",ITAJAI,Velocidade Incompatível,Colisão traseira,Com Vítimas Feridas,Plena Noite,Decrescente,Chuva,Dupla,Curva,Não,3,0,1,0,1,2,1,4,-26.95564404,-48.67978366,SPRF-SC,DEL04-SC,UOP04-DEL04-SC,2021
"417049,0",2021-11-12,sexta-feira,00:10:00,SC,116,"291,4",CAPAO ALTO,Condutor Dormindo,Colisão lateral sentido oposto,Com Vítimas Feridas,Plena Noite,Decrescente,Garoa/Chuvisco,Simples,Reta,Não,3,0,1,0,1,3,1,5,-28.11696218,-50.62700277,SPRF-SC,DEL05-SC,UOP02-DEL05-SC,2021
"417449,0",2021-12-13,segunda-feira,16:30:00,SC,282,"97,0",ALFREDO WAGNER,Problema com o freio,Colisão lateral sentido oposto,Com Vítimas Feridas,Pleno dia,Decrescente,Nublado,Simples,Curva,Não,3,0,1,0,1,2,1,4,-27.707966,-49.272182,SPRF-SC,DEL01-SC,UOP03-DEL01-SC,2021
"420902,0",2021-12-21,terça-feira,18:00:00,SC,101,"113,0",NAVEGANTES,Ultrapassagem Indevida,Colisão lateral mesmo sentido,Com Vítimas Feridas,Plena Noite,Decrescente,Chuva,Simples,Reta,Não,2,0,0,1,1,0,1,2,-26.85311393,-48.72689927,SPRF-SC,DEL04-SC,UOP04-DEL04-SC,2021
"422083,0",2021-12-16,quinta-feira,17:45:00,SC,101,"136,5",BALNEARIO CAMBORIU,Manobra de mudança de faixa,Colisão traseira,Com Vítimas Feridas,Pleno dia,Crescente,Céu Claro,Dupla,Reta,Não,3,0,1,0,1,1,1,3,-27.008113,-48.617245,SPRF-SC,DEL04-SC,UOP03-DEL04-SC,2021
"425123,0",2021-12-05,domingo,18:15:00,SC,282,"197,0",LAGES,Manobra de mudança de faixa,Colisão lateral mesmo sentido,Com Vítimas Feridas,Pleno dia,Decrescente,Nublado,Simples,Reta,Não,4,0,1,0,2,1,1,4,-27.753368,-50.103615,SPRF-SC,DEL05-SC,UOP01-DEL05-SC,2021
"449375,0",2021-11-30,terça-feira,09:15:00,SC,470,"3,9",NAVEGANTES,Transitar no acostamento,Colisão transversal,Com Vítimas Feridas,Pleno dia,Decrescente,Sol,Simples,Interseção de Vias,Sim,2,0,0,1,1,0,1,2,-26.861937,-48.681618,SPRF-SC,DEL04-SC,UOP04-DEL04-SC,2021
"455977,0",2021-01-14,quinta-feira,14:00:00,SC,116,"115,5",SANTA CECILIA,Reação tardia ou ineficiente do condutor,Colisão traseira,Com Vítimas Feridas,Pleno dia,Crescente,Garoa/Chuvisco,Simples,Aclive;Reta,Não,5,0,3,0,1,1,3,3,-26.80262399,-50.33936901,SPRF-SC,DEL06-SC,UOP02-DEL06-SC,2021
"472121,0",2021-08-14,sábado,18:10:00,SC,101,"111,0",NAVEGANTES,Manobra de mudança de faixa,Colisão traseira,Com Vítimas Feridas,Anoitecer,Decrescente,Céu Claro,Dupla,Interseção de Vias,Não,4,0,1,2,0,2,3,4,-26.84265835,-48.71733248,SPRF-SC,DEL04-SC,UOP04-DEL04-SC,2021
"514759,0",2021-10-26,terça-feira,14:32:00,SC,282,"450,0",PONTE SERRADA,Transitar na contramão,Colisão frontal,Com Vítimas Fatais,Pleno dia,Crescente,Céu Claro,Simples,Reta,Não,3,1,0,0,1,1,0,3,-26.919556,-51.954494,SPRF-SC,DEL07-SC,UOP04-DEL07-SC,2021
"538449,0",2021-08-13,sexta-feira,19:15:00,SC,280,"196,3",MAFRA,Demais falhas na via,Colisão frontal,Com Vítimas Feridas,Plena Noite,Decrescente,Chuva,Simples,Curva;Declive,Não,2,0,0,1,1,0,1,2,-26.17463654,-50.03363399,SPRF-SC,DEL06-SC,UOP01-DEL06-SC,2021
"581418,0",2021-10-25,segunda-feira,00:45:00,SC,101,"212,9",PALHOCA,Ausência de reação do condutor,Colisão traseira,Sem Vítimas,Plena Noite,Decrescente,Céu Claro,Dupla,Em Obras,Sim,3,0,0,0,2,1,0,3,-27.62996929,-48.65903871,SPRF-SC,DEL01-SC,UOP02-DEL01-SC,2021
"588763,0",2021-11-22,segunda-feira,11:10:00,SC,101,"133,1",BALNEARIO CAMBORIU,Reação tardia ou ineficiente do condutor,Colisão traseira,Com Vítimas Feridas,Pleno dia,Decrescente,Céu Claro,Múltipla,Reta,Sim,5,0,2,0,2,3,2,6,-26.99936,-48.64609,SPRF-SC,DEL04-SC,UOP03-DEL04-SC,2021
"591787,0",2021-04-12,segunda-feira,14:30:00,SC,101,"411,4",ARARANGUA,Ingestão de álcool pelo condutor,Tombamento,Sem Vítimas,Pleno dia,Crescente,Céu Claro,Simples,Rotatória,Sim,1,0,0,0,1,0,0,1,-28.93112097,-49.4940421,SPRF-SC,DEL02-SC,UOP02-DEL02-SC,2021
"334766,0",2021-01-16,sábado,07:20:00,SC,101,"317,9",PESCARIA BRAVA,Velocidade Incompatível,Colisão traseira,Sem Vítimas,Pleno dia,Decrescente,Céu Claro,Dupla,Viaduto,Sim,2,0,0,0,0,2,0,2,-28.42708421,-48.85211624,SPRF-SC,DEL02-SC,UOP01-DEL02-SC,2021
"356092,0",2021-03-04,quinta-feira,20:01:00,SC,280,"129,6",RIO NEGRINHO,Ausência de reação do condutor,Colisão traseira,Com Vítimas Fatais,Plena Noite,Decrescente,Céu Claro,Simples,Reta,Sim,3,1,0,1,0,1,1,2,-26.2568,-49.5417,SPRF-SC,DEL06-SC,UOP03-DEL06-SC,2021
"393387,0",2021-11-01,segunda-feira,20:50:00,SC,101,"416,4",ARARANGUA,Manobra de mudança de faixa,Colisão lateral mesmo sentido,Sem Vítimas,Plena Noite,Crescente,Céu Claro,Múltipla,Reta,Sim,3,0,0,0,1,2,0,3,-28.96708874,-49.52338825,SPRF-SC,DEL02-SC,UOP02-DEL02-SC,2021
"332482,0",2021-01-04,segunda-feira,14:15:00,SC,280,"77,3",CORUPA,Demais falhas mecânicas ou elétricas,Colisão frontal,Com Vítimas Feridas,Pleno dia,Crescente,Céu Claro,Simples,Curva,Não,5,0,1,0,3,1,1,4,-26.45514314,-49.18726132,SPRF-SC,DEL03-SC,UOP03-DEL03-SC,2021
"341915,0",2021-02-20,sábado,18:25:00,SC,470,"139,0",RIO DO SUL,Ingestão de álcool pelo condutor,Colisão frontal,Com Vítimas Feridas,Anoitecer,Crescente,Céu Claro,Simples,Reta,Não,3,0,1,0,1,1,1,3,-27.217564,-49.65461,SPRF-SC,DEL04-SC,UOP02-DEL04-SC,2021
"344568,0",2021-03-06,sábado,09:20:00,SC,470,"99,8",APIUNA,Ingestão de álcool pelo condutor,Colisão traseira,Com Vítimas Feridas,Pleno dia,Decrescente,Céu Claro,Simples,Reta,Sim,4,0,2,0,1,1,2,3,-27.037956,-49.393417,SPRF-SC,DEL04-SC,UOP01-DEL04-SC,2021
"346064,0",2021-03-13,sábado,17:15:00,SC,101,"367,3",ICARA,Condutor deixou de manter distância do veículo da frente,Colisão traseira,Com Vítimas Feridas,Pleno dia,Crescente,Nublado,Dupla,Aclive,Sim,4,0,1,0,2,1,1,3,-28.6973929,-49.17902112,SPRF-SC,DEL02-SC,UOP01-DEL02-SC,2021
"347264,0",2021-03-20,sábado,16:20:00,SC,280,"24,0",ARAQUARI,Retorno proibido,Colisão transversal,Com Vítimas Feridas,Pleno dia,Crescente,Céu Claro,Simples,Reta,Não,3,0,0,1,1,1,1,3,-26.37724921,-48.71953282,SPRF-SC,DEL03-SC,UOP03-DEL03-SC,2021
"347453,0",2021-03-21,domingo,18:15:00,SC,470,"8,1",NAVEGANTES,Retorno proibido,Colisão transversal,Com Vítimas Feridas,Plena Noite,Decrescente,Céu Claro,Simples,Curva,Não,6,0,1,0,4,1,1,6,-26.83688,-48.718853,SPRF-SC,DEL04-SC,UOP04-DEL04-SC,2021
"350783,0",2021-04-09,sexta-feira,15:45:00,SC,101,"206,0",SAO JOSE,Manobra de mudança de faixa,Colisão lateral mesmo sentido,Sem Vítimas,Pleno dia,Crescente,Sol,Dupla,Reta,Sim,3,0,0,0,2,1,0,3,-27.59193546,-48.61824557,SPRF-SC,DEL01-SC,UOP01-DEL01-SC,2021
"353141,0",2021-04-21,quarta-feira,15:20:00,SC,101,"27,2",JOINVILLE,Velocidade Incompatível,Colisão com objeto,Com Vítimas Feridas,Pleno dia,Decrescente,Nublado,Dupla,Viaduto,Sim,2,0,1,0,0,1,1,2,-26.20130351,-48.91331794,SPRF-SC,DEL03-SC,UOP01-DEL03-SC,2021
"354308,0",2021-04-28,quarta-feira,08:20:00,SC,101,"202,0",SAO JOSE,Manobra de mudança de faixa,Colisão lateral mesmo sentido,Com Vítimas Feridas,Pleno dia,Crescente,Céu Claro,Dupla,Reta,Sim,3,0,1,0,1,1,1,3,-27.55711595,-48.61897889,SPRF-SC,DEL01-SC,UOP01-DEL01-SC,2021
"355108,0",2021-05-02,domingo,01:10:00,SC,101,"309,1",LAGUNA,Pedestre andava na pista,Atropelamento de Pedestre,Com Vítimas Fatais,Plena Noite,Decrescente,Céu Claro,Dupla,Reta,Não,4,1,0,0,2,1,0,3,-28.4258694,-48.8008718,SPRF-SC,DEL02-SC,UOP01-DEL02-SC,2021
"355308,0",2021-05-03,segunda-feira,06:10:00,SC,101,"202,5",SAO JOSE,Frear bruscamente,Colisão lateral mesmo sentido,Com Vítimas Feridas,Pleno dia,Crescente,Céu Claro,Dupla,Reta,Sim,3,0,1,0,1,1,1,3,-27.55711595,-48.61897889,SPRF-SC,DEL01-SC,UOP01-DEL01-SC,2021
"361212,0",2021-05-31,segunda-feira,16:40:00,SC,101,"203,0",SAO JOSE,Condutor deixou de manter distância do veículo da frente,Engavetamento,Sem Vítimas,Pleno dia,Decrescente,Sol,Dupla,Aclive,Sim,4,0,0,0,3,1,0,4,-27.5650044,-48.61460082,SPRF-SC,DEL01-SC,UOP01-DEL01-SC,2021
"363711,0",2021-06-12,sábado,14:40:00,SC,280,"22,0",ARAQUARI,Condutor deixou de manter distância do veículo da frente,Colisão lateral mesmo sentido,Com Vítimas Feridas,Pleno dia,Crescente,Céu Claro,Simples,Reta,Sim,5,0,1,0,3,1,1,3,-26.37092616,-48.70204099,SPRF-SC,DEL03-SC,UOP03-DEL03-SC,2021
"367379,0",2021-06-30,quarta-feira,14:10:00,SC,470,"145,7",RIO DO SUL,Reação tardia ou ineficiente do condutor,Engavetamento,Com Vítimas Feridas,Pleno dia,Crescente,Sol,Simples,Reta,Sim,6,0,2,0,3,1,2,5,-27.240673,-49.685822,SPRF-SC,DEL04-SC,UOP02-DEL04-SC,2021
"367616,0",2021-06-15,terça-feira,17:15:00,SC,116,"4,5",MAFRA,Acessar a via sem observar a presença dos outros veículos,Colisão transversal,Com Vítimas Feridas,Pleno dia,Crescente,Céu Claro,Simples,Rotatória,Não,3,0,1,0,1,1,1,3,-26.13554917,-49.8072652,SPRF-SC,DEL06-SC,UOP01-DEL06-SC,2021
"368033,0",2021-07-03,sábado,10:30:00,SC,280,"23,4",ARAQUARI,Carga excessiva e/ou mal acondicionada,Colisão frontal,Com Vítimas Feridas,Pleno dia,Decrescente,Céu Claro,Simples,Reta,Não,5,0,2,1,1,1,3,3,-26.37146,-48.711887,SPRF-SC,DEL03-SC,UOP03-DEL03-SC,2021
"369953,0",2021-07-11,domingo,18:00:00,SC,470,"144,4",RIO DO SUL,Transitar na contramão,Colisão frontal,Com Vítimas Fatais,Anoitecer,Crescente,Céu Claro,Simples,Reta,Não,5,1,0,1,1,2,1,5,-27.235138,-49.677608,SPRF-SC,DEL04-SC,UOP02-DEL04-SC,2021
"370629,0",2021-07-14,quarta-feira,18:40:00,SC,101,"292,8",IMBITUBA,Manobra de mudança de faixa,Colisão lateral mesmo sentido,Com Vítimas Feridas,Plena Noite,Decrescente,Nublado,Múltipla,Curva,Não,4,0,0,1,1,2,1,4,-28.30204319,-48.719464,SPRF-SC,DEL02-SC,UOP03-DEL02-SC,2021
"371621,0",2021-07-19,segunda-feira,13:10:00,SC,116,"245,5",LAGES,Desrespeitar a preferência no cruzamento,Colisão transversal,Com Vítimas Feridas,Pleno dia,Crescente,Sol,Simples,Rotatória,Sim,4,0,2,0,1,1,2,3,-27.80081733,-50.36373138,SPRF-SC,DEL05-SC,UOP02-DEL05-SC,2021
"373382,0",2021-06-20,domingo,09:50:00,SC,470,"90,2",ASCURRA,Pista esburacada,Colisão lateral sentido oposto,Com Vítimas Feridas,Pleno dia,Decrescente,Nublado,Simples,Reta,Sim,3,0,0,1,1,1,1,3,-26.97142,-49.36687,SPRF-SC,DEL04-SC,UOP01-DEL04-SC,2021
"379826,0",2021-08-28,sábado,07:20:00,SC,280,"95,9",CORUPA,Chuva,Saída de leito carroçável,Com Vítimas Feridas,Pleno dia,Decrescente,Chuva,Simples,Aclive;Curva,Não,4,0,3,0,0,1,3,2,-26.38583849,-49.30283476,SPRF-SC,DEL06-SC,UOP03-DEL06-SC,2021
"381773,0",2021-09-06,segunda-feira,07:00:00,SC,280,"4,6",SAO FRANCISCO DO SUL,Acessar a via sem observar a presença dos outros veículos,Colisão transversal,Com Vítimas Feridas,Amanhecer,Decrescente,Nublado,Simples,Rotatória,Não,3,0,1,0,1,1,1,3,-26.25329566,-48.61916042,SPRF-SC,DEL03-SC,UOP03-DEL03-SC,2021
"383839,0",2021-08-21,sábado,16:30:00,SC,282,"73,3",RANCHO QUEIMADO,Manobra de mudança de faixa,Colisão frontal,Com Vítimas Feridas,Pleno dia,Crescente,Céu Claro,Simples,Reta,Não,5,0,1,1,1,3,2,5,-27.681437,-49.113388,SPRF-SC,DEL01-SC,UOP03-DEL01-SC,2021
"395832,0",2021-11-14,domingo,17:00:00,SC,470,"139,9",RIO DO SUL,Conversão proibida,Colisão lateral mesmo sentido,Sem Vítimas,Pleno dia,Decrescente,Céu Claro,Simples,Reta,Sim,3,0,0,0,2,1,0,3,-27.217564,-49.65461,SPRF-SC,DEL04-SC,UOP02-DEL04-SC,2021
"397335,0",2021-11-22,segunda-feira,11:55:00,SC,470,"160,0",TROMBUDO CENTRAL,Reação tardia ou ineficiente do condutor,Colisão traseira,Com Vítimas Feridas,Pleno dia,Decrescente,Sol,Simples,Reta,Sim,4,0,0,1,1,2,1,4,-27.286278,-49.798035,SPRF-SC,DEL04-SC,UOP02-DEL04-SC,2021
"397777,0",2021-11-25,quinta-feira,05:20:00,SC,282,"16,7",PALHOCA,Condutor deixou de manter distância do veículo da frente,Colisão traseira,Com Vítimas Feridas,Pleno dia,Decrescente,Nublado,Simples,Reta,Sim,3,0,1,0,1,1,1,3,-27.658611,-48.681847,SPRF-SC,DEL01-SC,UOP02-DEL01-SC,2021
"399460,0",2021-12-03,sexta-feira,19:19:00,SC,280,"26,0",ARAQUARI,Pedestre cruzava a pista fora da faixa,Atropelamento de Pedestre,Com Vítimas Feridas,Plena Noite,Crescente,Garoa/Chuvisco,Simples,Reta,Não,3,0,1,0,1,1,1,3,-26.38972308,-48.73411593,SPRF-SC,DEL03-SC,UOP03-DEL03-SC,2021
"399775,0",2021-12-05,domingo,01:45:00,SC,101,"308,9",LAGUNA,Condutor deixou de manter distância do veículo da frente,Colisão traseira,Com Vítimas Feridas,Plena Noite,Crescente,Céu Claro,Dupla,Reta,Não,3,0,1,0,1,1,1,3,-28.399616,-48.7854,SPRF-SC,DEL02-SC,UOP01-DEL02-SC,2021
"403244,0",2021-12-21,terça-feira,18:15:00,SC,470,"155,0",TROMBUDO CENTRAL,Ausência de reação do condutor,Colisão frontal,Com Vítimas Feridas,Pleno dia,Decrescente,Chuva,Simples,Reta,Não,4,0,2,0,1,1,2,3,-27.277105,-49.751972,SPRF-SC,DEL04-SC,UOP02-DEL04-SC,2021
"331693,0",2021-01-01,sexta-feira,00:02:00,SC,101,"314,9",LAGUNA,Ingestão de álcool pelo condutor,Colisão traseira,Com Vítimas Feridas,Plena Noite,Crescente,Nublado,Dupla,Reta,Não,3,0,1,0,2,0,1,2,-28.43029392,-48.84925073,SPRF-SC,DEL02-SC,UOP01-DEL02-SC,2021
"331699,0",2021-01-01,sexta-feira,01:20:00,SC,101,"111,0",NAVEGANTES,Manobra de mudança de faixa,Colisão lateral,Com Vítimas Feridas,Plena Noite,Crescente,Nublado,Múltipla,Curva,Sim,3,0,2,0,1,0,2,2,-26.83955734,-48.71418074,SPRF-SC,DEL04-SC,UOP04-DEL04-SC,2021
"331732,0",2021-01-01,sexta-feira,05:00:00,SC,101,"369,0",ICARA,Ingestão de álcool pelo condutor,Saída de leito carroçável,Com Vítimas Feridas,Amanhecer,Decrescente,Nublado,Dupla,Reta,Não,1,0,1,0,0,0,1,1,-28.69775604,-49.182934,SPRF-SC,DEL02-SC,UOP01-DEL02-SC,2021