id,data_inversa,dia_semana,horario,uf,br,km,municipio,causa_acidente,tipo_acidente,classificacao_acidente,fase_dia,sentido_via,condicao_metereologica,tipo_pista,tracado_via,uso_solo,pessoas,mortos,feridos_leves,feridos_graves,ilesos,ignorados,feridos,veiculos,latitude,longitude,regional,delegacia,uop,ano_arquivo
"332567,0",2021-01-05,terça-feira,10:30:00,SC,280,"58,1",GUARAMIRIM,Condutor deixou de manter distância do veículo da frente,Colisão traseira,Com Vítimas Feridas,Pleno dia,Decrescente,Céu Claro,Simples,Reta,Não,3,0,0,2,1,0,2,2,-26.47415593,-49.021211,SPRF-SC,DEL03-SC,UOP03-DEL03-SC,2021
"332570,0",2021-01-05,terça-feira,10:20:00,SC,101,"349,5",JAGUARUNA,Reação tardia ou ineficiente do condutor,Tombamento,Com Vítimas Feridas,Plena Noite,Decrescente,Céu Claro,Dupla,Reta;Aclive,Não,2,0,0,1,1,0,1,2,-28.59507285,-49.04708862,SPRF-SC,DEL02-SC,UOP01-DEL02-SC,2021
"332591,0",2021-01-04,segunda-feira,10:19:00,SC,101,"134,0",BALNEARIO CAMBORIU,Mal súbito do condutor,Tombamento,Com Vítimas Feridas,Pleno dia,Crescente,Céu Claro,Simples,Interseção de Vias,Não,1,0,1,0,0,0,1,1,-27.00218,-48.636433,SPRF-SC,DEL04-SC,UOP03-DEL04-SC,2021
"332605,0",2021-01-05,terça-feira,11:20:00,SC,101,"461,0",PASSO DE TORRES,Condutor Dormindo,Saída de leito carroçável,Com Vítimas Feridas,Pleno dia,Crescente,Nublado,Dupla,Reta,Não,1,0,1,0,0,0,1,1,-29.274764,-49.755105,SPRF-RS,DEL03-RS,UOP02-DEL03-RS,2021
"332616,0",2021-01-05,terça-feira,14:10:00,SC,282,"428,3",VARGEM BONITA,Velocidade Incompatível,Saída de leito carroçável,Com Vítimas Feridas,Pleno dia,Crescente,Chuva,Simples,Curva,Não,3,0,1,0,2,0,1,1,-26.975683,-51.780529,SPRF-SC,DEL07-SC,UOP05-DEL07-SC,2021
"332621,0",2021-01-05,terça-feira,16:10:00,SC,470,"57,2",BLUMENAU,Acessar a via sem observar a presença dos outros veículos,Colisão transversal,Com Vítimas Feridas,Pleno dia,Crescente,Chuva,Simples,Interseção de Vias,Não,2,0,1,0,0,1,1,2,-26.880428,-49.136532,SPRF-SC,DEL04-SC,UOP01-DEL04-SC,2021
"332630,0",2021-01-05,terça-feira,17:10:00,SC,470,"122,6",IBIRAMA,Avarias e/ou desgaste excessivo no pneu,Tombamento,Com Vítimas Feridas,Pleno dia,Crescente,Chuva,Simples,Curva;Aclive,Não,2,0,2,0,0,0,2,1,-27.09618219,-49.53094136,SPRF-SC,DEL04-SC,UOP02-DEL04-SC,2021
"332631,0",2021-01-05,terça-feira,17:50:00,SC,101,"117,1",ITAJAI,Manobra de mudança de faixa,Colisão lateral,Com Vítimas Feridas,Pleno dia,Crescente,Nublado,Dupla,Reta,Sim,2,0,1,0,1,0,1,2,-26.88747187,-48.72252969,SPRF-SC,DEL04-SC,UOP04-DEL04-SC,2021
"332654,0",2021-01-05,terça-feira,16:50:00,SC,101,"150,3",ITAPEMA,Reação tardia ou ineficiente do condutor,Colisão lateral,Com Vítimas Feridas,Pleno dia,Decrescente,Nublado,Simples,Reta,Sim,2,0,1,0,1,0,1,2,-27.11744799,-48.60940987,SPRF-SC,DEL04-SC,UOP03-DEL04-SC,2021
"332655,0",2021-01-05,terça-feira,19:21:00,SC,101,"144,0",ITAPEMA,Condutor deixou de manter distância do veículo da frente,Colisão lateral,Com Vítimas Feridas,Plena Noite,Decrescente,Garoa/Chuvisco,Dupla,Reta,Sim,2,0,1,0,1,0,1,2,-27.0732659,-48.59672716,SPRF-SC,DEL04-SC,UOP03-DEL04-SC,2021
"332676,0",2021-01-05,terça-feira,16:50:00,SC,470,"155,5",TROMBUDO CENTRAL,Ingestão de álcool pelo condutor,Colisão com objeto,Com Vítimas Feridas,Pleno dia,Decrescente,Nublado,Simples,Curva,Não,2,0,1,0,1,0,1,2,-27.277105,-49.751972,SPRF-SC,DEL04-SC,UOP02-DEL04-SC,2021
"332687,0",2021-01-06,quarta-feira,03:00:00,SC,101,"139,0",BALNEARIO CAMBORIU,Pista Escorregadia,Capotamento,Com Vítimas Feridas,Plena Noite,Crescente,Nublado,Dupla,Curva,Não,5,0,2,0,3,0,2,1,-27.02982303,-48.60115006,SPRF-SC,DEL04-SC,UOP03-DEL04-SC,2021
"332703,0",2021-01-06,quarta-feira,07:15:00,SC,101,"113,8",ITAJAI,Acessar a via sem observar a presença dos outros veículos,Saída de leito carroçável,Com Vítimas Feridas,Pleno dia,Decrescente,Céu Claro,Dupla,Reta,Sim,1,0,0,1,0,0,1,1,-26.85311393,-48.72689927,SPRF-SC,DEL04-SC,UOP04-DEL04-SC,2021
"332716,0",2021-01-06,quarta-feira,08:45:00,SC,282,"16,8",PALHOCA,Condutor deixou de manter distância do veículo da frente,Colisão traseira,Com Vítimas Feridas,Pleno dia,Crescente,Céu Claro,Simples,Reta,Não,3,0,1,0,2,0,1,3,-27.658611,-48.681847,SPRF-SC,DEL01-SC,UOP02-DEL01-SC,2021
"332720,0",2021-01-06,quarta-feira,07:50:00,SC,101,"235,6",PALHOCA,Chuva,Colisão com objeto,Com Vítimas Feridas,Pleno dia,Decrescente,Chuva,Dupla,Reta,Sim,2,0,1,0,1,0,1,1,-27.8177775,-48.6315025,SPRF-SC,DEL01-SC,UOP02-DEL01-SC,2021
"332721,0",2021-01-06,quarta-feira,08:40:00,SC,101,"133,0",BALNEARIO CAMBORIU,Acessar a via sem observar a presença dos outros veículos,Colisão transversal,Com Vítimas Feridas,Pleno dia,Decrescente,Céu Claro,Múltipla,Reta,Sim,2,0,2,0,0,0,2,2,-26.99936,-48.64609,SPRF-SC,DEL04-SC,UOP03-DEL04-SC,2021
"332769,0",2021-01-06,quarta-feira,14:15:00,SC,470,"93,7",APIUNA,Velocidade Incompatível,Saída de leito carroçável,Com Vítimas Feridas,Pleno dia,Decrescente,Chuva,Simples,Reta,Sim,3,0,0,1,2,0,1,2,-26.994484,-49.375908,SPRF-SC,DEL04-SC,UOP01-DEL04-SC,2021
"332770,0",2021-01-06,quarta-feira,06:30:00,SC,282,"51,9",AGUAS MORNAS,Chuva,Saída de leito carroçável,Com Vítimas Feridas,Pleno dia,Decrescente,Chuva,Simples,Curva,Não,1,0,1,0,0,0,1,1,-27.69660973,-48.9641118,SPRF-SC,DEL01-SC,UOP03-DEL01-SC,2021
"332780,0",2021-01-06,quarta-feira,15:20:00,SC,280,"50,0",GUARAMIRIM,Acessar a via sem observar a presença dos outros veículos,Colisão lateral mesmo sentido,Com Vítimas Feridas,Pleno dia,Decrescente,Garoa/Chuvisco,Simples,Aclive,Não,3,0,2,0,1,0,2,2,-26.4619489,-48.94618404,SPRF-SC,DEL03-SC,UOP03-DEL03-SC,2021
"332788,0",2021-01-06,quarta-feira,15:50:00,SC,470,"63,0",INDAIAL,Reação tardia ou ineficiente do condutor,Saída de leito carroçável,Com Vítimas Feridas,Pleno dia,Decrescente,Nublado,Simples,Curva,Não,1,0,1,0,0,0,1,1,-26.872396,-49.19228,SPRF-SC,DEL04-SC,UOP01-DEL04-SC,2021
"332807,0",2021-01-06,quarta-feira,17:20:00,SC,101,"214,0",PALHOCA,Condutor deixou de manter distância do veículo da frente,Colisão traseira,Com Vítimas Feridas,Pleno dia,Decrescente,Céu Claro,Múltipla,Reta,Sim,3,0,1,0,2,0,1,2,-27.64443,-48.67057,SPRF-SC,DEL01-SC,UOP02-DEL01-SC,2021
"332810,0",2021-01-06,quarta-feira,18:05:00,SC,101,"208,9",SAO JOSE,Velocidade Incompatível,Colisão com objeto,Com Vítimas Feridas,Anoitecer,Crescente,Nublado,Múltipla,Interseção de Vias,Sim,1,0,1,0,0,0,1,1,-27.60327979,-48.63201818,SPRF-SC,DEL01-SC,UOP01-DEL01-SC,2021
"332824,0",2021-01-06,quarta-feira,19:55:00,SC,101,"205,0",SAO JOSE,Condutor deixou de manter distância do veículo da frente,Colisão traseira,Sem Vítimas,Plena Noite,Decrescente,Nublado,Dupla,Reta,Sim,4,0,0,0,4,0,0,4,-27.58313237,-48.61532885,SPRF-SC,DEL01-SC,UOP01-DEL01-SC,2021
"332827,0",2021-01-06,quarta-feira,18:15:00,SC,153,"96,6",CONCORDIA,Desrespeitar a preferência no cruzamento,Colisão transversal,Com Vítimas Feridas,Pleno dia,Crescente,Céu Claro,Simples,Rotatória,Não,2,0,1,0,1,0,1,2,-27.212648,-51.952137,SPRF-SC,DEL07-SC,UOP04-DEL07-SC,2021
"332857,0",2021-01-07,quinta-feira,02:55:00,SC,101,"215,4",PALHOCA,Reação tardia ou ineficiente do condutor,Colisão com objeto,Com Vítimas Feridas,Plena Noite,Decrescente,Nublado,Múltipla,Viaduto,Sim,3,0,1,2,0,0,3,1,-27.65184843,-48.67604941,SPRF-SC,DEL01-SC,UOP02-DEL01-SC,2021
"332866,0",2021-01-07,quinta-feira,07:10:00,SC,470,"68,0",INDAIAL,Conversão proibida,Colisão transversal,Com Vítimas Feridas,Pleno dia,Decrescente,Céu Claro,Simples,Reta,Sim,2,0,1,0,1,0,1,2,-26.877615,-49.239231,SPRF-SC,DEL04-SC,UOP01-DEL04-SC,2021
"332867,0",2021-01-07,quinta-feira,06:20:00,SC,101,"214,6",PALHOCA,Ausência de reação do condutor,Atropelamento de Pedestre,Com Vítimas Fatais,Amanhecer,Decrescente,Sol,Múltipla,Retorno Regulamentado;Interseção de Vias,Sim,2,1,0,0,1,0,0,2,-27.64711543,-48.67223918,SPRF-SC,DEL01-SC,UOP02-DEL01-SC,2021
"332870,0",2021-01-06,quarta-feira,21:00:00,SC,280,"80,8",CORUPA,Chuva,Saída de leito carroçável,Com Vítimas Feridas,Plena Noite,Decrescente,Chuva,Simples,Reta,Não,1,0,0,1,0,0,1,1,-26.44412189,-49.20975187,SPRF-SC,DEL06-SC,UOP03-DEL06-SC,2021
"332880,0",2021-01-07,quinta-feira,07:50:00,SC,101,"214,0",PALHOCA,Manobra de mudança de faixa,Colisão lateral mesmo sentido,Com Vítimas Feridas,Pleno dia,Decrescente,Sol,Dupla,Reta,Sim,2,0,1,0,1,0,1,2,-27.64443,-48.67057,SPRF-SC,DEL01-SC,UOP02-DEL01-SC,2021
"332888,0",2021-01-07,quinta-feira,09:00:00,SC,470,"140,0",RIO DO SUL,Desrespeitar a preferência no cruzamento,Colisão transversal,Com Vítimas Feridas,Pleno dia,Crescente,Sol,Simples,Retorno Regulamentado,Não,2,0,1,0,1,0,1,2,-27.222485,-49.662827,SPRF-SC,DEL04-SC,UOP02-DEL04-SC,2021
"332939,0",2021-01-07,quinta-feira,15:35:00,SC,101,"62,0",ARAQUARI,Velocidade Incompatível,Saída de leito carroçável,Com Vítimas Feridas,Pleno dia,Crescente,Nublado,Dupla,Curva,Não,1,0,1,0,0,0,1,1,-26.45504246,-48.76711901,SPRF-SC,DEL03-SC,UOP02-DEL03-SC,2021
"332956,0",2021-01-07,quinta-feira,16:15:00,SC,101,"45,2",JOINVILLE,Ausência de reação do condutor,Colisão traseira,Com Vítimas Feridas,Pleno dia,Crescente,Nublado,Dupla,Reta,Sim,2,0,0,1,1,0,1,2,-26.32214492,-48.8689509,SPRF-SC,DEL03-SC,UOP01-DEL03-SC,2021
"332972,0",2021-01-07,quinta-feira,17:40:00,SC,280,"129,1",RIO NEGRINHO,Pedestre cruzava a pista fora da faixa,Atropelamento de Pedestre,Com Vítimas Feridas,Pleno dia,Crescente,Céu Claro,Simples,Aclive;Reta,Sim,2,0,2,0,0,0,2,2,-26.24586437,-49.52284615,SPRF-SC,DEL06-SC,UOP03-DEL06-SC,2021
"332974,0",2021-01-07,quinta-feira,17:45:00,SC,101,"336,8",TUBARAO,Condutor Dormindo,Saída de leito carroçável,Com Vítimas Feridas,Pleno dia,Crescente,Chuva,Dupla,Aclive,Sim,1,0,1,0,0,0,1,1,-28.48636795,-49.03769888,SPRF-SC,DEL02-SC,UOP01-DEL02-SC,2021
"332985,0",2021-01-07,quinta-feira,17:55:00,SC,163,"70,9",SAO MIGUEL DO OESTE,Acessar a via sem observar a presença dos outros veículos,Colisão transversal,Com Vítimas Feridas,Pleno dia,Crescente,Nublado,Simples,Reta;Interseção de Vias,Sim,2,0,1,0,1,0,1,2,-26.72872742,-53.51215124,SPRF-SC,DEL07-SC,UOP03-DEL07-SC,2021
"333010,0",2021-01-07,quinta-feira,21:35:00,SC,101,"273,0",IMBITUBA,Transitar na contramão,Colisão frontal,Com Vítimas Feridas,Plena Noite,Decrescente,Céu Claro,Dupla,Reta,Não,5,0,1,4,0,0,5,2,-28.12382408,-48.69625015,SPRF-SC,DEL02-SC,UOP03-DEL02-SC,2021
"333013,0",2021-01-07,quinta-feira,21:40:00,SC,282,"5,5",SAO JOSE,Frear bruscamente,Colisão lateral,Com Vítimas Feridas,Plena Noite,Decrescente,Nublado,Dupla,Reta,Sim,2,0,1,0,1,0,1,2,-27.588425,-48.612919,SPRF-SC,DEL01-SC,UOP01-DEL01-SC,2021
"333014,0",2021-01-07,quinta-feira,21:00:00,SC,101,"113,7",ITAJAI,Manobra de mudança de faixa,Colisão lateral mesmo sentido,Com Vítimas Feridas,Plena Noite,Decrescente,Chuva,Múltipla,Curva,Não,2,0,1,0,1,0,1,2,-26.85311393,-48.72689927,SPRF-SC,DEL04-SC,UOP04-DEL04-SC,2021
"333024,0",2021-01-07,quinta-feira,22:35:00,SC,101,"131,1",BALNEARIO CAMBORIU,Manobra de mudança de faixa,Colisão traseira,Com Vítimas Feridas,Plena Noite,Decrescente,Céu Claro,Dupla,Reta,Sim,2,0,1,0,1,0,1,2,-26.99064209,-48.66310912,SPRF-SC,DEL04-SC,UOP03-DEL04-SC,2021
"333028,0",2021-01-07,quinta-feira,22:00:00,SC,280,"75,0",JARAGUA DO SUL,Reação tardia ou ineficiente do condutor,Colisão lateral sentido oposto,Sem Vítimas,Plena Noite,Crescente,Nublado,Simples,Reta,Sim,3,0,0,0,3,0,0,2,-26.458391,-49.170483,SPRF-SC,DEL03-SC,UOP03-DEL03-SC,2021
"333079,0",2021-01-08,sexta-feira,10:00:00,SC,101,"205,0",SAO JOSE,Acessar a via sem observar a presença dos outros veículos,Colisão transversal,Com Vítimas Feridas,Pleno dia,Decrescente,Céu Claro,Múltipla,Interseção de Vias,Não,2,0,1,0,1,0,1,2,-27.58313237,-48.61532885,SPRF-SC,DEL01-SC,UOP01-DEL01-SC,2021
"333080,0",2021-01-08,sexta-feira,09:50:00,SC,101,"312,1",LAGUNA,Obras na pista,Colisão traseira,Com Vítimas Feridas,Pleno dia,Crescente,Sol,Simples,Em Obras;Reta,Não,2,0,0,1,1,0,1,2,-28.433701,-48.806344,SPRF-SC,DEL02-SC,UOP01-DEL02-SC,2021
"333083,0",2021-01-08,sexta-feira,10:40:00,SC,101,"115,0",ITAJAI,Velocidade Incompatível,Tombamento,Com Vítimas Feridas,Pleno dia,Decrescente,Céu Claro,Múltipla,Reta,Sim,1,0,1,0,0,0,1,1,-26.87064015,-48.72954134,SPRF-SC,DEL04-SC,UOP04-DEL04-SC,2021
"333090,0",2021-01-08,sexta-feira,11:50:00,SC,470,"126,4",LONTRAS,Desrespeitar a preferência no cruzamento,Colisão transversal,Com Vítimas Feridas,Pleno dia,Decrescente,Céu Claro,Simples,Reta;Aclive,Não,3,0,2,0,1,0,2,2,-27.129,-49.538277,SPRF-SC,DEL04-SC,UOP02-DEL04-SC,2021
"333108,0",2021-01-08,sexta-feira,14:05:00,SC,101,"147,0",ITAPEMA,Manobra de mudança de faixa,Colisão lateral,Com Vítimas Feridas,Pleno dia,Decrescente,Nublado,Dupla,Reta,Sim,2,0,1,0,1,0,1,2,-27.09237407,-48.61730888,SPRF-SC,DEL04-SC,UOP03-DEL04-SC,2021
"333120,0",2021-01-08,sexta-feira,15:05:00,SC,101,"125,8",ITAJAI,Reação tardia ou ineficiente do condutor,Colisão lateral mesmo sentido,Com Vítimas Feridas,Pleno dia,Decrescente,Nublado,Dupla,Reta,Não,2,0,1,0,1,0,1,2,-26.94802427,-48.68338515,SPRF-SC,DEL04-SC,UOP04-DEL04-SC,2021
"333123,0",2021-01-08,sexta-feira,13:30:00,SC,280,"71,6",JARAGUA DO SUL,Reação tardia ou ineficiente do condutor,Colisão traseira,Com Vítimas Feridas,Pleno dia,Crescente,Nublado,Simples,Aclive;Reta,Não,2,0,1,0,1,0,1,2,-26.46151693,-49.13480597,SPRF-SC,DEL03-SC,UOP03-DEL03-SC,2021
"333152,0",2021-01-08,sexta-feira,16:50:00,SC,101,"133,8",BALNEARIO CAMBORIU,Desrespeitar a preferência no cruzamento,Colisão transversal,Com Vítimas Feridas,Pleno dia,Crescente,Nublado,Simples,Interseção de Vias;Reta,Sim,2,0,1,0,1,0,1,2,-26.99936,-48.64609,SPRF-SC,DEL04-SC,UOP03-DEL04-SC,2021
"333168,0",2021-01-08,sexta-feira,17:25:00,SC,101,"40,5",JOINVILLE,Reação tardia ou ineficiente do condutor,Colisão lateral,Com Vítimas Feridas,Pleno dia,Crescente,Chuva,Dupla,Aclive,Sim,3,0,1,0,2,0,1,3,-26.27176094,-48.89468382,SPRF-SC,DEL03-SC,UOP01-DEL03-SC,2021
"333171,0",2021-01-08,sexta-feira,18:00:00,SC,280,"114,0",SAO BENTO DO SUL,Acessar a via sem observar a presença dos outros veículos,Colisão transversal,Com Vítimas Feridas,Pleno dia,Crescente,Céu Claro,Simples,Interseção de Vias,Sim,3,0,2,0,1,0,2,2,-26.29151133,-49.40301807,SPRF-SC,DEL06-SC,UOP03-DEL06-SC,2021
"333183,0",2021-01-08,sexta-feira,18:45:00,SC,101,"136,8",BALNEARIO CAMBORIU,Condutor deixou de manter distância do veículo da frente,Colisão traseira,Com Vítimas Feridas,Anoitecer,Decrescente,Céu Claro,Dupla,Reta,Sim,2,0,1,0,1,0,1,2,-27.008113,-48.617245,SPRF-SC,DEL04-SC,UOP03-DEL04-SC,2021
"333185,0",2021-01-08,sexta-feira,19:40:00,SC,101,"123,0",ITAJAI,Velocidade Incompatível,Colisão lateral,Com Vítimas Feridas,Plena Noite,Decrescente,Céu Claro,Múltipla,Reta,Sim,2,0,1,0,1,0,1,2,-26.93668609,-48.69876905,SPRF-SC,DEL04-SC,UOP04-DEL04-SC,2021
"333199,0",2021-01-08,sexta-feira,20:30:00,SC,101,"120,5",ITAJAI,Trafegar com motocicleta (ou similar) entre as faixas,Colisão traseira,Com Vítimas Feridas,Plena Noite,Crescente,Nublado,Múltipla,Reta,Sim,2,0,1,0,1,0,1,2,-26.912758,-48.711998,SPRF-SC,DEL04-SC,UOP04-DEL04-SC,2021
"333206,0",2021-01-08,sexta-feira,21:30:00,SC,280,"52,6",GUARAMIRIM,Ingestão de álcool pelo condutor,Colisão transversal,Com Vítimas Feridas,Plena Noite,Crescente,Nublado,Simples,Reta,Sim,2,0,1,0,1,0,1,2,-26.47169669,-48.97245884,SPRF-SC,DEL03-SC,UOP03-DEL03-SC,2021
"333229,0",2021-01-08,sexta-feira,21:50:00,SC,282,"522,0",XAXIM,Acessar a via sem observar a presença dos outros veículos,Colisão lateral,Com Vítimas Feridas,Plena Noite,Decrescente,Céu Claro,Simples,Rotatória,Sim,3,0,2,0,0,1,2,2,-26.9495786,-52.52943277,SPRF-SC,DEL07-SC,UOP01-DEL07-SC,2021
"333231,0",2021-01-09,sábado,01:00:00,SC,101,"331,4",TUBARAO,Ingestão de álcool pelo condutor,Saída de leito carroçável,Sem Vítimas,Plena Noite,Crescente,Céu Claro,Simples,Reta,Sim,1,0,0,0,1,0,0,1,-28.464688,-48.99437249,SPRF-SC,DEL02-SC,UOP01-DEL02-SC,2021
"333255,0",2021-01-09,sábado,05:15:00,SC,101,"203,4",SAO JOSE,Velocidade Incompatível,Saída de leito carroçável,Com Vítimas Feridas,Amanhecer,Decrescente,Céu Claro,Múltipla,Curva,Não,2,0,0,1,1,0,1,1,-27.5650044,-48.61460082,SPRF-SC,DEL01-SC,UOP01-DEL01-SC,2021
"333300,0",2021-01-09,sábado,09:45:00,SC,153,"100,1",CONCORDIA,Condutor deixou de manter distância do veículo da frente,Colisão traseira,Com Vítimas Feridas,Pleno dia,Crescente,Céu Claro,Simples,Reta,Sim,3,0,2,0,1,0,2,2,-27.24623607,-51.95254326,SPRF-SC,DEL07-SC,UOP04-DEL07-SC,2021
"333307,0",2021-01-09,sábado,10:45:00,SC,280,"28,8",ARAQUARI,Reação tardia ou ineficiente do condutor,Colisão transversal,Com Vítimas Feridas,Pleno dia,Decrescente,Sol,Simples,Interseção de Vias;Reta,Sim,2,0,0,1,1,0,1,2,-26.40450077,-48.74561031,SPRF-SC,DEL03-SC,UOP03-DEL03-SC,2021
"333313,0",2021-01-09,sábado,12:00:00,SC,470,"76,2",INDAIAL,Manobra de mudança de faixa,Colisão lateral sentido oposto,Com Vítimas Feridas,Pleno dia,Crescente,Céu Claro,Simples,Reta,Não,3,0,1,0,2,0,1,2,-26.933308,-49.287426,SPRF-SC,DEL04-SC,UOP01-DEL04-SC,2021
"333342,0",2021-01-09,sábado,15:00:00,SC,470,"107,0",APIUNA,Velocidade Incompatível,Saída de leito carroçável,Com Vítimas Feridas,Pleno dia,Decrescente,Céu Claro,Simples,Curva,Não,1,0,0,1,0,0,1,1,-27.08419381,-49.45529938,SPRF-SC,DEL04-SC,UOP02-DEL04-SC,2021
"333343,0",2021-01-09,sábado,15:45:00,SC,470,"31,9",GASPAR,Acessar a via sem observar a presença dos outros veículos,Colisão lateral,Com Vítimas Feridas,Pleno dia,Decrescente,Céu Claro,Dupla,Reta,Sim,4,0,1,0,3,0,1,2,-26.897331,-48.923069,SPRF-SC,DEL04-SC,UOP01-DEL04-SC,2021
"333365,0",2021-01-09,sábado,17:30:00,SC,101,"200,0",SAO JOSE,Demais falhas mecânicas ou elétricas,Queda de ocupante de veículo,Com Vítimas Feridas,Pleno dia,Decrescente,Céu Claro,Dupla,Reta,Sim,2,0,2,0,0,0,2,1,-27.54018513,-48.62287714,SPRF-SC,DEL01-SC,UOP01-DEL01-SC,2021
"333388,0",2021-01-09,sábado,18:15:00,SC,470,"134,2",RIO DO SUL,Desrespeitar a preferência no cruzamento,Colisão transversal,Com Vítimas Feridas,Anoitecer,Decrescente,Céu Claro,Simples,Interseção de Vias,Sim,2,0,1,0,0,1,1,2,-27.181854,-49.600128,SPRF-SC,DEL04-SC,UOP02-DEL04-SC,2021
"333391,0",2021-01-09,sábado,19:50:00,SC,280,"46,0",GUARAMIRIM,Ultrapassagem Indevida,Colisão lateral mesmo sentido,Com Vítimas Feridas,Plena Noite,Crescente,Nublado,Simples,Reta,Não,3,0,2,0,1,0,2,3,-26.45295055,-48.90788103,SPRF-SC,DEL03-SC,UOP03-DEL03-SC,2021
"333403,0",2021-01-09,sábado,16:35:00,SC,282,"637,6",DESCANSO,Avarias e/ou desgaste excessivo no pneu,Saída de leito carroçável,Com Vítimas Feridas,Pleno dia,Decrescente,Nublado,Simples,Curva,Não,1,0,1,0,0,0,1,1,-26.80243063,-53.44676971,SPRF-SC,DEL07-SC,UOP03-DEL07-SC,2021
"333415,0",2021-01-09,sábado,14:00:00,SC,116,"123,4",SANTA CECILIA,Ultrapassagem Indevida,Saída de leito carroçável,Com Vítimas Feridas,Pleno dia,Crescente,Céu Claro,Simples,Curva,Não,2,0,1,0,1,0,1,1,-26.8430109,-50.39949918,SPRF-SC,DEL06-SC,UOP02-DEL06-SC,2021
"333417,0",2021-01-09,sábado,20:40:00,SC,282,"444,1",PONTE SERRADA,Acumulo de água sobre o pavimento,Saída de leito carroçável,Com Vítimas Feridas,Plena Noite,Decrescente,Chuva,Simples,Declive;Reta,Não,2,0,2,0,0,0,2,1,-26.91786076,-51.88988686,SPRF-SC,DEL07-SC,UOP04-DEL07-SC,2021
"333418,0",2021-01-09,sábado,21:40:00,SC,470,"147,0",RIO DO SUL,Conversão proibida,Colisão transversal,Com Vítimas Feridas,Plena Noite,Crescente,Céu Claro,Simples,Reta,Não,3,0,0,2,1,0,2,2,-27.243439,-49.690025,SPRF-SC,DEL04-SC,UOP02-DEL04-SC,2021
"333428,0",2021-01-09,sábado,20:20:00,SC,101,"359,0",SANGAO,Ingestão de álcool pelo condutor,Tombamento,Com Vítimas Feridas,Plena Noite,Decrescente,Céu Claro,Simples,Reta,Não,1,0,1,0,0,0,1,1,-28.65057609,-49.10516385,SPRF-SC,DEL02-SC,UOP01-DEL02-SC,2021
"333433,0",2021-01-09,sábado,19:50:00,SC,280,"235,5",CANOINHAS,Condutor deixou de manter distância do veículo da frente,Colisão traseira,Com Vítimas Feridas,Plena Noite,Crescente,Chuva,Simples,Declive;Rotatória;Reta,Sim,3,0,1,0,2,0,1,2,-26.19252767,-50.41598082,SPRF-SC,DEL06-SC,UOP04-DEL06-SC,2021
"333444,0",2021-01-09,sábado,14:30:00,SC,153,"112,0",CONCORDIA,Velocidade Incompatível,Colisão traseira,Com Vítimas Feridas,Pleno dia,Crescente,Céu Claro,Simples,Reta,Não,3,0,1,0,1,1,1,3,-27.327526,-51.979298,SPRF-SC,DEL07-SC,UOP04-DEL07-SC,2021
"333447,0",2021-01-09,sábado,23:40:00,SC,470,"91,7",ASCURRA,Velocidade Incompatível,Saída de leito carroçável,Com Vítimas Feridas,Plena Noite,Decrescente,Nublado,Simples,Reta,Não,2,0,0,2,0,0,2,1,-26.97769,-49.369198,SPRF-SC,DEL04-SC,UOP01-DEL04-SC,2021
"333464,0",2021-01-10,domingo,01:30:00,SC,470,"124,8",LONTRAS,Ingestão de álcool pelo condutor,Saída de leito carroçável,Sem Vítimas,Plena Noite,Decrescente,Nublado,Simples,Reta,Não,1,0,0,0,1,0,0,1,-27.113192,-49.529163,SPRF-SC,DEL04-SC,UOP02-DEL04-SC,2021
"333470,0",2021-01-10,domingo,02:50:00,SC,101,"330,0",TUBARAO,Condutor Dormindo,Colisão com objeto,Sem Vítimas,Plena Noite,Crescente,Céu Claro,Dupla,Reta,Não,1,0,0,0,0,1,0,1,-28.45115639,-48.97286879,SPRF-SC,DEL02-SC,UOP01-DEL02-SC,2021
"333472,0",2021-01-10,domingo,01:30:00,SC,163,"87,4",GUARACIABA,Ingestão de álcool pelo condutor,Saída de leito carroçável,Com Vítimas Feridas,Plena Noite,Crescente,Nublado,Simples,Curva;Em Obras,Não,1,0,1,0,0,0,1,1,-26.58507318,-53.51843834,SPRF-SC,DEL07-SC,UOP03-DEL07-SC,2021
"333474,0",2021-01-09,sábado,20:15:00,SC,101,"375,4",ICARA,Ingestão de álcool pelo condutor,Saída de leito carroçável,Sem Vítimas,Plena Noite,Decrescente,Céu Claro,Dupla,Reta,Não,1,0,0,0,1,0,0,1,-28.73214104,-49.24415588,SPRF-SC,DEL02-SC,UOP01-DEL02-SC,2021
"333477,0",2021-01-10,domingo,04:10:00,SC,101,"200,3",SAO JOSE,Problema com o freio,Queda de ocupante de veículo,Com Vítimas Feridas,Plena Noite,Crescente,Ignorado,Múltipla,Reta,Sim,2,0,2,0,0,0,2,1,-27.54018513,-48.62287714,SPRF-SC,DEL01-SC,UOP01-DEL01-SC,2021
"333478,0",2021-01-10,domingo,03:50:00,SC,470,"14,6",ILHOTA,Condutor Dormindo,Colisão frontal,Com Vítimas Feridas,Amanhecer,Crescente,Céu Claro,Simples,Reta,Não,3,0,2,1,0,0,3,2,-26.837988,-48.775795,SPRF-SC,DEL04-SC,UOP04-DEL04-SC,2021
"333507,0",2021-01-10,domingo,03:25:00,SC,101,"203,0",SAO JOSE,Pedestre cruzava a pista fora da faixa,Atropelamento de Pedestre,Com Vítimas Fatais,Plena Noite,Crescente,Nublado,Múltipla,Reta,Sim,2,1,0,0,1,0,0,2,-27.5650044,-48.61460082,SPRF-SC,DEL01-SC,UOP01-DEL01-SC,2021