id,data_inversa,dia_semana,horario,uf,br,km,municipio,causa_acidente,tipo_acidente,classificacao_acidente,fase_dia,sentido_via,condicao_metereologica,tipo_pista,tracado_via,uso_solo,pessoas,mortos,feridos_leves,feridos_graves,ilesos,ignorados,feridos,veiculos,latitude,longitude,regional,delegacia,uop,ano_arquivo
"334484,0",2021-01-15,sexta-feira,07:00:00,SC,280,"125,1",RIO NEGRINHO,Ultrapassagem Indevida,Colisão lateral mesmo sentido,Com Vítimas Feridas,Pleno dia,Crescente,Céu Claro,Simples,Reta,Não,3,0,2,0,1,0,2,2,-26.23763684,-49.48434497,SPRF-SC,DEL06-SC,UOP03-DEL06-SC,2021
"334507,0",2021-01-15,sexta-feira,08:53:00,SC,101,"215,9",PALHOCA,Manobra de mudança de faixa,Colisão lateral,Com Vítimas Feridas,Pleno dia,Crescente,Céu Claro,Múltipla,Reta,Sim,2,0,1,0,1,0,1,2,-27.65184843,-48.67604941,SPRF-SC,DEL01-SC,UOP02-DEL01-SC,2021
"334516,0",2021-01-15,sexta-feira,09:00:00,SC,101,"132,8",BALNEARIO CAMBORIU,Condutor deixou de manter distância do veículo da frente,Colisão traseira,Com Vítimas Feridas,Pleno dia,Crescente,Chuva,Simples,Reta,Sim,3,0,1,1,1,0,2,2,-26.99654133,-48.65564711,SPRF-SC,DEL04-SC,UOP03-DEL04-SC,2021
"334539,0",2021-01-15,sexta-feira,11:45:00,SC,101,"214,2",PALHOCA,Demais falhas mecânicas ou elétricas,Colisão traseira,Com Vítimas Feridas,Pleno dia,Crescente,Céu Claro,Múltipla,Reta,Sim,2,0,2,0,0,0,2,2,-27.64443,-48.67057,SPRF-SC,DEL01-SC,UOP02-DEL01-SC,2021
"334557,0",2021-01-15,sexta-feira,12:45:00,SC,101,"48,0",JOINVILLE,Manobra de mudança de faixa,Colisão com objeto,Com Vítimas Feridas,Pleno dia,Decrescente,Nublado,Dupla,Curva,Não,2,0,1,0,1,0,1,1,-26.35345909,-48.85867862,SPRF-SC,DEL03-SC,UOP01-DEL03-SC,2021
"334577,0",2021-01-15,sexta-feira,11:55:00,SC,282,"459,0",PONTE SERRADA,Velocidade Incompatível,Saída de leito carroçável,Com Vítimas Feridas,Pleno dia,Decrescente,Céu Claro,Simples,Curva,Sim,2,0,0,1,0,1,1,2,-26.863695,-52.024818,SPRF-SC,DEL07-SC,UOP04-DEL07-SC,2021
"334599,0",2021-01-15,sexta-feira,16:20:00,SC,101,"202,0",SAO JOSE,Ausência de reação do condutor,Saída de leito carroçável,Com Vítimas Feridas,Pleno dia,Decrescente,Sol,Dupla,Reta,Sim,2,0,2,0,0,0,2,2,-27.55711595,-48.61897889,SPRF-SC,DEL01-SC,UOP01-DEL01-SC,2021
"334601,0",2021-01-15,sexta-feira,16:35:00,SC,101,"133,0",BALNEARIO CAMBORIU,Trafegar com motocicleta (ou similar) entre as faixas,Colisão traseira,Com Vítimas Feridas,Pleno dia,Crescente,Céu Claro,Simples,Reta,Sim,2,0,1,0,1,0,1,2,-26.99936,-48.64609,SPRF-SC,DEL04-SC,UOP03-DEL04-SC,2021
"334613,0",2021-01-15,sexta-feira,16:40:00,SC,101,"371,0",ICARA,Demais falhas na via,Saída de leito carroçável,Com Vítimas Feridas,Pleno dia,Decrescente,Sol,Dupla,Reta,Não,3,0,3,0,0,0,3,1,-28.70403682,-49.2008731,SPRF-SC,DEL02-SC,UOP01-DEL02-SC,2021
"334621,0",2021-01-15,sexta-feira,16:40:00,SC,280,"5,0",SAO FRANCISCO DO SUL,Acessar a via sem observar a presença dos outros veículos,Colisão transversal,Com Vítimas Feridas,Pleno dia,Crescente,Nublado,Simples,Reta,Sim,3,0,2,0,1,0,2,2,-26.26011706,-48.62571995,SPRF-SC,DEL03-SC,UOP03-DEL03-SC,2021
"334627,0",2021-01-15,sexta-feira,15:50:00,SC,101,"46,0",JOINVILLE,Velocidade Incompatível,Saída de leito carroçável,Com Vítimas Feridas,Pleno dia,Crescente,Chuva,Dupla,Reta,Não,1,0,0,1,0,0,1,1,-26.33150083,-48.86187762,SPRF-SC,DEL03-SC,UOP01-DEL03-SC,2021
"334649,0",2021-01-15,sexta-feira,19:30:00,SC,101,"122,0",ITAJAI,Condutor deixou de manter distância do veículo da frente,Colisão traseira,Com Vítimas Feridas,Plena Noite,Crescente,Nublado,Dupla,Reta,Sim,5,0,1,0,4,0,1,2,-26.92955916,-48.70499836,SPRF-SC,DEL04-SC,UOP04-DEL04-SC,2021
"334707,0",2021-01-15,sexta-feira,23:30:00,SC,280,"129,0",RIO NEGRINHO,Acessar a via sem observar a presença dos outros veículos,Colisão transversal,Com Vítimas Feridas,Plena Noite,Crescente,Nublado,Simples,Reta,Sim,2,0,1,0,1,0,1,2,-26.24586437,-49.52284615,SPRF-SC,DEL06-SC,UOP03-DEL06-SC,2021
"334708,0",2021-01-16,sábado,01:15:00,SC,282,"492,0",FAXINAL DOS GUEDES,Falta de acostamento,Tombamento,Com Vítimas Feridas,Plena Noite,Decrescente,Céu Claro,Simples,Reta,Não,1,0,0,1,0,0,1,1,-26.871534,-52.300915,SPRF-SC,DEL07-SC,UOP01-DEL07-SC,2021
"334714,0",2021-01-15,sexta-feira,23:20:00,SC,116,"221,4",CORREIA PINTO,Velocidade Incompatível,Saída de leito carroçável,Com Vítimas Feridas,Plena Noite,Decrescente,Garoa/Chuvisco,Simples,Reta,Sim,3,0,2,0,0,1,2,1,-27.59671445,-50.3578949,SPRF-SC,DEL05-SC,UOP03-DEL05-SC,2021
"334715,0",2021-01-16,sábado,01:40:00,SC,282,"605,0",MARAVILHA,Ingestão de álcool pelo condutor,Capotamento,Com Vítimas Feridas,Plena Noite,Crescente,Nublado,Simples,Reta,Sim,1,0,1,0,0,0,1,1,-26.786951,-53.195248,SPRF-SC,DEL07-SC,UOP02-DEL07-SC,2021
"334716,0",2021-01-16,sábado,01:50:00,SC,101,"140,0",BALNEARIO CAMBORIU,Condutor Dormindo,Colisão traseira,Com Vítimas Feridas,Plena Noite,Crescente,Céu Claro,Múltipla,Reta,Não,3,0,0,1,2,0,1,2,-27.03881189,-48.60025148,SPRF-SC,DEL04-SC,UOP03-DEL04-SC,2021
"334717,0",2021-01-16,sábado,02:00:00,SC,163,"70,6",SAO MIGUEL DO OESTE,Ingestão de álcool pelo condutor,Saída de leito carroçável,Com Vítimas Feridas,Plena Noite,Crescente,Céu Claro,Dupla,Reta,Sim,3,0,1,0,2,0,1,1,-26.73183732,-53.51021469,SPRF-SC,DEL07-SC,UOP03-DEL07-SC,2021
"334718,0",2021-01-16,sábado,01:00:00,SC,101,"87,0",BARRA VELHA,Transitar na contramão,Colisão frontal,Com Vítimas Feridas,Plena Noite,Crescente,Nublado,Simples,Reta,Sim,4,0,2,2,0,0,4,2,-26.63713377,-48.69651057,SPRF-SC,DEL03-SC,UOP02-DEL03-SC,2021
"334725,0",2021-01-16,sábado,03:20:00,SC,101,"217,5",PALHOCA,Ingestão de álcool pelo condutor,Saída de leito carroçável,Com Vítimas Feridas,Plena Noite,Decrescente,Nublado,Múltipla,Reta,Sim,1,0,1,0,0,0,1,1,-27.67157558,-48.6721909,SPRF-SC,DEL01-SC,UOP02-DEL01-SC,2021
"334726,0",2021-01-15,sexta-feira,18:00:00,SC,470,"147,0",RIO DO SUL,Transitar no acostamento,Saída de leito carroçável,Sem Vítimas,Pleno dia,Crescente,Garoa/Chuvisco,Simples,Reta,Não,1,0,0,0,0,1,0,1,-27.243439,-49.690025,SPRF-SC,DEL04-SC,UOP02-DEL04-SC,2021
"334731,0",2021-01-16,sábado,04:25:00,SC,470,"60,0",BLUMENAU,Ingestão de álcool pelo condutor,Colisão com objeto,Sem Vítimas,Plena Noite,Crescente,Nublado,Simples,Reta,Sim,1,0,0,0,0,1,0,1,-26.88138,-49.164543,SPRF-SC,DEL04-SC,UOP01-DEL04-SC,2021
"334732,0",2021-01-16,sábado,04:40:00,SC,470,"60,0",BLUMENAU,Ingestão de álcool pelo condutor,Colisão traseira,Sem Vítimas,Plena Noite,Crescente,Céu Claro,Simples,Reta,Não,2,0,0,0,2,0,0,2,-26.88138,-49.164543,SPRF-SC,DEL04-SC,UOP01-DEL04-SC,2021
"334733,0",2021-01-16,sábado,04:50:00,SC,470,"4,0",NAVEGANTES,Chuva,Queda de ocupante de veículo,Com Vítimas Feridas,Amanhecer,Crescente,Chuva,Dupla,Reta,Não,1,0,1,0,0,0,1,1,-26.858473,-48.690788,SPRF-SC,DEL04-SC,UOP04-DEL04-SC,2021
"334734,0",2021-01-16,sábado,03:10:00,SC,280,"127,0",RIO NEGRINHO,Ingestão de álcool pelo condutor,Colisão frontal,Com Vítimas Feridas,Plena Noite,Crescente,Céu Claro,Simples,Reta,Sim,4,0,1,0,1,2,1,2,-26.24317941,-49.51320018,SPRF-SC,DEL06-SC,UOP03-DEL06-SC,2021
"334749,0",2021-01-16,sábado,06:00:00,SC,101,"136,4",BALNEARIO CAMBORIU,Ausência de reação do condutor,Saída de leito carroçável,Sem Vítimas,Pleno dia,Crescente,Céu Claro,Dupla,Reta,Sim,1,0,0,0,1,0,0,1,-27.008113,-48.617245,SPRF-SC,DEL04-SC,UOP03-DEL04-SC,2021
"334751,0",2021-01-16,sábado,06:05:00,SC,163,"70,7",SAO MIGUEL DO OESTE,Ingestão de álcool pelo condutor,Saída de leito carroçável,Sem Vítimas,Pleno dia,Decrescente,Céu Claro,Dupla,Reta,Sim,1,0,0,0,0,1,0,1,-26.731123,-53.51067066,SPRF-SC,DEL07-SC,UOP03-DEL07-SC,2021
"334779,0",2021-01-16,sábado,07:35:00,SC,101,"97,0",BALNEARIO PICARRAS,Ingestão de álcool pelo condutor,Saída de leito carroçável,Sem Vítimas,Pleno dia,Crescente,Nublado,Dupla,Declive,Não,1,0,0,0,1,0,0,1,-26.72823703,-48.70224928,SPRF-SC,DEL03-SC,UOP02-DEL03-SC,2021
"334785,0",2021-01-16,sábado,07:20:00,SC,282,"372,0",ERVAL VELHO,Mal súbito do condutor,Saída de leito carroçável,Com Vítimas Fatais,Pleno dia,Decrescente,Céu Claro,Simples,Reta,Não,1,1,0,0,0,0,0,1,-27.246429,-51.448463,SPRF-SC,DEL07-SC,UOP05-DEL07-SC,2021
"334786,0",2021-01-16,sábado,10:30:00,SC,101,"209,0",SAO JOSE,Condutor deixou de manter distância do veículo da frente,Colisão traseira,Com Vítimas Feridas,Pleno dia,Decrescente,Nublado,Múltipla,Reta,Sim,2,0,1,0,1,0,1,2,-27.61000542,-48.63895057,SPRF-SC,DEL01-SC,UOP01-DEL01-SC,2021
"334795,0",2021-01-16,sábado,11:15:00,SC,101,"305,0",LAGUNA,Demais falhas mecânicas ou elétricas,Tombamento,Com Vítimas Feridas,Pleno dia,Decrescente,Céu Claro,Dupla,Reta,Não,1,0,1,0,0,0,1,1,-28.39442061,-48.78032684,SPRF-SC,DEL02-SC,UOP03-DEL02-SC,2021
"334797,0",2021-01-16,sábado,11:20:00,SC,280,"51,4",GUARAMIRIM,Manobra de mudança de faixa,Colisão lateral,Com Vítimas Feridas,Pleno dia,Crescente,Nublado,Simples,Interseção de Vias,Não,5,0,4,0,1,0,4,2,-26.46538871,-48.95544449,SPRF-SC,DEL03-SC,UOP03-DEL03-SC,2021
"334813,0",2021-01-16,sábado,10:07:00,SC,101,"333,7",TUBARAO,Acessar a via sem observar a presença dos outros veículos,Colisão lateral,Com Vítimas Feridas,Pleno dia,Crescente,Céu Claro,Dupla,Rotatória;Reta,Sim,2,0,1,0,1,0,1,2,-28.46630107,-48.99653096,SPRF-SC,DEL02-SC,UOP01-DEL02-SC,2021
"334816,0",2021-01-16,sábado,13:55:00,SC,470,"152,8",AGRONOMICA,Transitar na contramão,Colisão frontal,Com Vítimas Feridas,Pleno dia,Crescente,Céu Claro,Simples,Reta,Não,8,0,1,3,3,1,4,5,-27.266434,-49.727642,SPRF-SC,DEL04-SC,UOP02-DEL04-SC,2021
"334818,0",2021-01-16,sábado,14:00:00,SC,470,"54,5",BLUMENAU,Desrespeitar a preferência no cruzamento,Colisão lateral,Com Vítimas Feridas,Pleno dia,Crescente,Nublado,Simples,Interseção de Vias;Rotatória,Sim,2,0,1,0,1,0,1,2,-26.87404117,-49.11509871,SPRF-SC,DEL04-SC,UOP01-DEL04-SC,2021
"334823,0",2021-01-16,sábado,10:45:00,SC,101,"318,5",PESCARIA BRAVA,Velocidade Incompatível,Colisão traseira,Com Vítimas Feridas,Pleno dia,Decrescente,Sol,Dupla,Reta,Sim,2,0,1,0,0,1,1,2,-28.4266481,-48.86160099,SPRF-SC,DEL02-SC,UOP01-DEL02-SC,2021
"334836,0",2021-01-16,sábado,08:00:00,SC,280,"81,0",CORUPA,Mal súbito do condutor,Saída de leito carroçável,Com Vítimas Feridas,Pleno dia,Crescente,Nublado,Simples,Reta,Não,2,0,2,0,0,0,2,1,-26.44057489,-49.217056,SPRF-SC,DEL06-SC,UOP03-DEL06-SC,2021
"334849,0",2021-01-16,sábado,13:30:00,SC,282,"644,9",SAO MIGUEL DO OESTE,Obras na pista,Colisão frontal,Com Vítimas Feridas,Pleno dia,Decrescente,Chuva,Simples,Reta,Não,3,0,1,0,1,1,1,3,-26.769157,-53.479385,SPRF-SC,DEL07-SC,UOP03-DEL07-SC,2021
"334854,0",2021-01-16,sábado,18:10:00,SC,101,"275,0",IMBITUBA,Ingestão de álcool pelo condutor,Colisão com objeto,Com Vítimas Feridas,Pleno dia,Crescente,Céu Claro,Dupla,Reta,Sim,2,0,1,0,1,0,1,1,-28.151297,-48.692254,SPRF-SC,DEL02-SC,UOP03-DEL02-SC,2021
"334859,0",2021-01-16,sábado,17:10:00,SC,470,"39,9",GASPAR,Ultrapassagem Indevida,Colisão traseira,Com Vítimas Feridas,Pleno dia,Decrescente,Nublado,Simples,Reta,Não,3,0,2,0,1,0,2,2,-26.897341,-48.986881,SPRF-SC,DEL04-SC,UOP01-DEL04-SC,2021
"334889,0",2021-01-16,sábado,20:40:00,SC,470,"54,5",BLUMENAU,Desrespeitar a preferência no cruzamento,Colisão transversal,Com Vítimas Feridas,Plena Noite,Crescente,Chuva,Simples,Interseção de Vias,Sim,2,0,1,0,1,0,1,2,-26.87319581,-49.11420822,SPRF-SC,DEL04-SC,UOP01-DEL04-SC,2021
"334893,0",2021-01-16,sábado,21:00:00,SC,282,"500,1",XANXERE,Ingestão de álcool pelo condutor,Capotamento,Sem Vítimas,Plena Noite,Decrescente,Chuva,Dupla,Rotatória,Sim,1,0,0,0,0,1,0,1,-26.881372,-52.37252,SPRF-SC,DEL07-SC,UOP01-DEL07-SC,2021
"334900,0",2021-01-16,sábado,17:40:00,SC,280,"229,7",CANOINHAS,Ingestão de álcool pelo condutor,Capotamento,Com Vítimas Feridas,Pleno dia,Decrescente,Chuva,Simples,Reta,Não,1,0,1,0,0,0,1,1,-26.18663571,-50.35523415,SPRF-SC,DEL06-SC,UOP04-DEL06-SC,2021
"334902,0",2021-01-16,sábado,20:50:00,SC,101,"259,5",PAULO LOPES,Velocidade Incompatível,Colisão com objeto,Com Vítimas Feridas,Plena Noite,Crescente,Nublado,Dupla,Curva,Não,6,0,3,2,1,0,5,1,-28.013062,-48.695152,SPRF-SC,DEL02-SC,UOP03-DEL02-SC,2021
"334926,0",2021-01-17,domingo,00:05:00,SC,480,"123,7",CHAPECO,Ingestão de álcool pelo condutor,Colisão com objeto,Sem Vítimas,Plena Noite,Crescente,Céu Claro,Dupla,Reta;Declive;Viaduto,Não,1,0,0,0,0,1,0,1,-26.99739704,-52.64201951,SPRF-SC,DEL07-SC,UOP01-DEL07-SC,2021
"334927,0",2021-01-17,domingo,01:30:00,SC,101,"257,3",PAULO LOPES,Avarias e/ou desgaste excessivo no pneu,Saída de leito carroçável,Com Vítimas Feridas,Plena Noite,Decrescente,Chuva,Simples,Curva;Declive,Não,2,0,2,0,0,0,2,1,-28.001034,-48.689733,SPRF-SC,DEL02-SC,UOP03-DEL02-SC,2021
"334929,0",2021-01-17,domingo,02:15:00,SC,101,"442,1",SANTA ROSA DO SUL,Condutor Dormindo,Colisão com objeto,Com Vítimas Feridas,Plena Noite,Crescente,Nublado,Dupla,Reta,Sim,1,0,1,0,0,0,1,1,-29.13192564,-49.69564861,SPRF-SC,DEL02-SC,UOP02-DEL02-SC,2021
"334937,0",2021-01-17,domingo,03:50:00,SC,101,"80,7",BARRA VELHA,Ingestão de substâncias psicoativas pelo condutor,Colisão traseira,Com Vítimas Feridas,Plena Noite,Decrescente,Céu Claro,Dupla,Curva;Declive,Não,2,0,1,0,1,0,1,2,-26.59441996,-48.72183309,SPRF-SC,DEL03-SC,UOP02-DEL03-SC,2021
"334943,0",2021-01-17,domingo,05:00:00,SC,116,"52,1",PAPANDUVA,Ingestão de álcool e/ou substâncias psicoativas pelo pedestre,Tombamento,Sem Vítimas,Amanhecer,Crescente,Chuva,Simples,Reta,Não,1,0,0,0,1,0,0,1,-26.39008273,-50.14576709,SPRF-SC,DEL06-SC,UOP01-DEL06-SC,2021
"334952,0",2021-01-17,domingo,02:05:00,SC,101,"163,0",TIJUCAS,Ausência de reação do condutor,Saída de leito carroçável,Sem Vítimas,Plena Noite,Decrescente,Chuva,Dupla,Reta,Sim,1,0,0,0,0,1,0,1,-27.23461699,-48.63039809,SPRF-SC,DEL04-SC,UOP03-DEL04-SC,2021
"334964,0",2021-01-17,domingo,07:00:00,SC,101,"368,4",SANGAO,Condutor Dormindo,Saída de leito carroçável,Com Vítimas Feridas,Pleno dia,Crescente,Sol,Dupla,Curva,Sim,1,0,1,0,0,0,1,1,-28.70052584,-49.19471741,SPRF-SC,DEL02-SC,UOP01-DEL02-SC,2021
"334979,0",2021-01-17,domingo,11:30:00,SC,101,"153,0",PORTO BELO,Reação tardia ou ineficiente do condutor,Colisão lateral mesmo sentido,Com Vítimas Feridas,Pleno dia,Decrescente,Nublado,Dupla,Reta,Sim,2,0,1,0,1,0,1,2,-27.144717,-48.61063935,SPRF-SC,DEL04-SC,UOP03-DEL04-SC,2021
"334980,0",2021-01-17,domingo,12:00:00,SC,282,"16,4",PALHOCA,Acessar a via sem observar a presença dos outros veículos,Colisão transversal,Com Vítimas Feridas,Pleno dia,Crescente,Céu Claro,Simples,Reta,Sim,2,0,2,0,0,0,2,2,-27.658611,-48.681847,SPRF-SC,DEL01-SC,UOP02-DEL01-SC,2021
"335002,0",2021-01-17,domingo,14:45:00,SC,470,"141,8",RIO DO SUL,Ausência de reação do condutor,Tombamento,Com Vítimas Feridas,Pleno dia,Crescente,Nublado,Simples,Reta,Não,2,0,2,0,0,0,2,1,-27.226065,-49.666161,SPRF-SC,DEL04-SC,UOP02-DEL04-SC,2021
"335020,0",2021-01-17,domingo,15:50:00,SC,101,"80,0",ARAQUARI,Frear bruscamente,Colisão traseira,Com Vítimas Feridas,Pleno dia,Decrescente,Sol,Dupla,Reta,Não,3,0,2,0,1,0,2,2,-26.59441996,-48.72183309,SPRF-SC,DEL03-SC,UOP02-DEL03-SC,2021
"335028,0",2021-01-17,domingo,16:35:00,SC,470,"110,4",APIUNA,Ingestão de álcool pelo condutor,Colisão lateral,Com Vítimas Feridas,Pleno dia,Decrescente,Nublado,Simples,Reta,Não,5,0,4,1,0,0,5,2,-27.086622,-49.458096,SPRF-SC,DEL04-SC,UOP02-DEL04-SC,2021
"335044,0",2021-01-17,domingo,17:10:00,SC,282,"175,0",BOCAINA DO SUL,Velocidade Incompatível,Saída de leito carroçável,Com Vítimas Feridas,Pleno dia,Decrescente,Chuva,Simples,Reta,Não,1,0,1,0,0,0,1,1,-27.741552,-49.891914,SPRF-SC,DEL05-SC,UOP01-DEL05-SC,2021
"335047,0",2021-01-17,domingo,18:15:00,SC,280,"14,8",SAO FRANCISCO DO SUL,Desrespeitar a preferência no cruzamento,Colisão transversal,Com Vítimas Feridas,Pleno dia,Decrescente,Céu Claro,Simples,Reta,Não,2,0,1,0,1,0,1,2,-26.3301861,-48.65148076,SPRF-SC,DEL03-SC,UOP03-DEL03-SC,2021
"335125,0",2021-01-18,segunda-feira,04:00:00,SC,101,"134,0",BALNEARIO CAMBORIU,Ingestão de álcool pelo condutor,Colisão com objeto,Sem Vítimas,Plena Noite,Decrescente,Nublado,Dupla,Interseção de Vias,Não,1,0,0,0,1,0,0,1,-27.00218,-48.636433,SPRF-SC,DEL04-SC,UOP03-DEL04-SC,2021
"335131,0",2021-01-18,segunda-feira,05:00:00,SC,101,"206,0",SAO JOSE,Acumulo de água sobre o pavimento,Colisão lateral,Com Vítimas Feridas,Amanhecer,Crescente,Chuva,Simples,Reta,Sim,2,0,1,0,1,0,1,2,-27.59193546,-48.61824557,SPRF-SC,DEL01-SC,UOP01-DEL01-SC,2021
"335194,0",2021-01-18,segunda-feira,09:20:00,SC,280,"90,0",CORUPA,Pista Escorregadia,Colisão lateral sentido oposto,Com Vítimas Feridas,Pleno dia,Crescente,Garoa/Chuvisco,Simples,Curva,Não,4,0,1,0,3,0,1,3,-26.407423,-49.283504,SPRF-SC,DEL06-SC,UOP03-DEL06-SC,2021
"335203,0",2021-01-18,segunda-feira,11:15:00,SC,282,"16,6",PALHOCA,Reação tardia ou ineficiente do condutor,Colisão transversal,Com Vítimas Feridas,Pleno dia,Crescente,Nublado,Simples,Reta,Sim,2,0,0,1,1,0,1,2,-27.658611,-48.681847,SPRF-SC,DEL01-SC,UOP02-DEL01-SC,2021
"335224,0",2021-01-18,segunda-feira,08:25:00,SC,163,"67,0",SAO MIGUEL DO OESTE,Manobra de mudança de faixa,Colisão transversal,Com Vítimas Feridas,Pleno dia,Crescente,Céu Claro,Dupla,Reta,Sim,2,0,1,0,1,0,1,2,-26.759436,-53.50055292,SPRF-SC,DEL07-SC,UOP03-DEL07-SC,2021
"335235,0",2021-01-18,segunda-feira,13:45:00,SC,280,"125,8",RIO NEGRINHO,Manobra de mudança de faixa,Colisão lateral mesmo sentido,Com Vítimas Feridas,Pleno dia,Decrescente,Nublado,Simples,Reta,Não,2,0,1,0,1,0,1,2,-26.23763684,-49.48434497,SPRF-SC,DEL06-SC,UOP03-DEL06-SC,2021
"335274,0",2021-01-18,segunda-feira,18:30:00,SC,101,"32,0",JOINVILLE,Chuva,Colisão lateral,Sem Vítimas,Anoitecer,Decrescente,Chuva,Dupla,Reta,Não,1,0,0,0,1,0,0,1,-26.226987,-48.91657,SPRF-SC,DEL03-SC,UOP01-DEL03-SC,2021
"335283,0",2021-01-18,segunda-feira,17:50:00,SC,280,"178,9",MAFRA,Velocidade Incompatível,Saída de leito carroçável,Com Vítimas Feridas,Pleno dia,Decrescente,Chuva,Simples,Curva,Não,1,0,1,0,0,0,1,1,-26.1782401,-49.87415314,SPRF-SC,DEL06-SC,UOP01-DEL06-SC,2021
"335287,0",2021-01-18,segunda-feira,18:45:00,SC,101,"206,3",SAO JOSE,Reação tardia ou ineficiente do condutor,Colisão traseira,Com Vítimas Feridas,Anoitecer,Crescente,Garoa/Chuvisco,Múltipla,Reta,Sim,2,0,1,0,0,1,1,2,-27.59193546,-48.61824557,SPRF-SC,DEL01-SC,UOP01-DEL01-SC,2021
"335290,0",2021-01-18,segunda-feira,19:35:00,SC,101,"148,5",ITAPEMA,Condutor deixou de manter distância do veículo da frente,Colisão traseira,Com Vítimas Feridas,Plena Noite,Decrescente,Chuva,Simples,Reta,Sim,2,0,1,0,1,0,1,2,-27.10123686,-48.61807962,SPRF-SC,DEL04-SC,UOP03-DEL04-SC,2021
"335322,0",2021-01-19,terça-feira,03:00:00,SC,282,"224,4",LAGES,Ingestão de álcool pelo condutor,Saída de leito carroçável,Sem Vítimas,Plena Noite,Decrescente,Céu Claro,Simples,Curva,Sim,1,0,0,0,1,0,0,1,-27.79261727,-50.37428856,SPRF-SC,DEL05-SC,UOP02-DEL05-SC,2021
"335344,0",2021-01-16,sábado,03:00:00,SC,470,"68,0",INDAIAL,Ingestão de álcool pelo condutor,Colisão frontal,Com Vítimas Feridas,Plena Noite,Crescente,Céu Claro,Simples,Reta;Em Obras,Não,2,0,1,0,1,0,1,2,-26.877615,-49.239231,SPRF-SC,DEL04-SC,UOP01-DEL04-SC,2021
"335347,0",2021-01-19,terça-feira,08:30:00,SC,101,"119,0",ITAJAI,Trafegar com motocicleta (ou similar) entre as faixas,Queda de ocupante de veículo,Com Vítimas Feridas,Pleno dia,Crescente,Chuva,Múltipla,Reta,Não,1,0,1,0,0,0,1,1,-26.9043179,-48.71555481,SPRF-SC,DEL04-SC,UOP04-DEL04-SC,2021
"335358,0",2021-01-19,terça-feira,09:40:00,SC,101,"61,3",ARAQUARI,Velocidade Incompatível,Saída de leito carroçável,Com Vítimas Feridas,Pleno dia,Crescente,Chuva,Dupla,Curva,Não,1,0,1,0,0,0,1,1,-26.45474174,-48.77699195,SPRF-SC,DEL03-SC,UOP02-DEL03-SC,2021
"335417,0",2021-01-19,terça-feira,16:05:00,SC,101,"255,0",PAULO LOPES,Reação tardia ou ineficiente do condutor,Colisão traseira,Com Vítimas Feridas,Pleno dia,Crescente,Chuva,Dupla,Reta,Não,2,0,1,0,1,0,1,2,-27.98242299,-48.67898469,SPRF-SC,DEL02-SC,UOP03-DEL02-SC,2021
"335419,0",2021-01-19,terça-feira,17:40:00,SC,101,"206,1",SAO JOSE,Acessar a via sem observar a presença dos outros veículos,Colisão transversal,Com Vítimas Feridas,Pleno dia,Crescente,Nublado,Múltipla,Interseção de Vias,Não,2,0,1,0,1,0,1,2,-27.59193546,-48.61824557,SPRF-SC,DEL01-SC,UOP01-DEL01-SC,2021
"335420,0",2021-01-19,terça-feira,17:40:00,SC,470,"135,8",RIO DO SUL,Condutor deixou de manter distância do veículo da frente,Colisão traseira,Com Vítimas Feridas,Pleno dia,Crescente,Chuva,Simples,Reta,Sim,3,0,1,0,2,0,1,2,-27.18504923,-49.60505247,SPRF-SC,DEL04-SC,UOP02-DEL04-SC,2021
"335423,0",2021-01-19,terça-feira,16:00:00,SC,280,"124,0",RIO NEGRINHO,Pedestre cruzava a pista fora da faixa,Atropelamento de Pedestre,Com Vítimas Feridas,Anoitecer,Decrescente,Garoa/Chuvisco,Simples,Reta,Sim,2,0,1,0,1,0,1,2,-26.24130297,-49.47514499,SPRF-SC,DEL06-SC,UOP03-DEL06-SC,2021
"335440,0",2021-01-19,terça-feira,19:30:00,SC,282,"3,0",FLORIANOPOLIS,Condutor deixou de manter distância do veículo da frente,Colisão traseira,Com Vítimas Feridas,Plena Noite,Crescente,Chuva,Múltipla,Reta,Sim,2,0,1,0,1,0,1,2,-27.600384,-48.599705,SPRF-SC,DEL01-SC,UOP01-DEL01-SC,2021
"335448,0",2021-01-19,terça-feira,19:55:00,SC,101,"138,0",BALNEARIO CAMBORIU,Velocidade Incompatível,Colisão com objeto,Sem Vítimas,Plena Noite,Decrescente,Chuva,Múltipla,Reta,Sim,1,0,0,0,1,0,0,1,-27.02397426,-48.60761649,SPRF-SC,DEL04-SC,UOP03-DEL04-SC,2021
"335465,0",2021-01-19,terça-feira,16:20:00,SC,282,"617,0",IRACEMINHA,Velocidade Incompatível,Saída de leito carroçável,Com Vítimas Feridas,Pleno dia,Decrescente,Chuva,Simples,Curva;Em Obras,Não,1,0,1,0,0,0,1,1,-26.782682,-53.285789,SPRF-SC,DEL07-SC,UOP02-DEL07-SC,2021
"335467,0",2021-01-19,terça-feira,22:45:00,SC,101,"191,0",BIGUACU,Velocidade Incompatível,Colisão com objeto,Sem Vítimas,Plena Noite,Crescente,Chuva,Dupla,Reta,Sim,1,0,0,0,1,0,0,1,-27.47730273,-48.64127329,SPRF-SC,DEL01-SC,UOP01-DEL01-SC,2021
"335475,0",2021-01-20,quarta-feira,00:21:00,SC,101,"56,8",ARAQUARI,Acumulo de água sobre o pavimento,Colisão com objeto,Com Vítimas Feridas,Plena Noite,Crescente,Chuva,Dupla,Reta,Sim,2,0,1,0,1,0,1,1,-26.43207484,-48.82263984,SPRF-SC,DEL03-SC,UOP01-DEL03-SC,2021