id,data_inversa,dia_semana,horario,uf,br,km,municipio,causa_acidente,tipo_acidente,classificacao_acidente,fase_dia,sentido_via,condicao_metereologica,tipo_pista,tracado_via,uso_solo,pessoas,mortos,feridos_leves,feridos_graves,ilesos,ignorados,feridos,veiculos,latitude,longitude,regional,delegacia,uop,ano_arquivo
"335495,0",2021-01-20,quarta-feira,07:25:00,SC,101,"205,0",SAO JOSE,Velocidade Incompatível,Queda de ocupante de veículo,Com Vítimas Feridas,Pleno dia,Crescente,Chuva,Múltipla,Curva,Sim,1,0,1,0,0,0,1,1,-27.58313237,-48.61532885,SPRF-SC,DEL01-SC,UOP01-DEL01-SC,2021
"335496,0",2021-01-20,quarta-feira,07:40:00,SC,101,"203,8",SAO JOSE,Avarias e/ou desgaste excessivo no pneu,Colisão lateral mesmo sentido,Com Vítimas Feridas,Pleno dia,Crescente,Chuva,Múltipla,Retorno Regulamentado,Sim,2,0,1,0,1,0,1,2,-27.5650044,-48.61460082,SPRF-SC,DEL01-SC,UOP01-DEL01-SC,2021
"335522,0",2021-01-20,quarta-feira,09:45:00,SC,282,"522,7",XAXIM,Mal súbito do condutor,Saída de leito carroçável,Com Vítimas Feridas,Pleno dia,Decrescente,Nublado,Dupla,Rotatória,Sim,1,0,1,0,0,0,1,1,-26.956238,-52.542637,SPRF-SC,DEL07-SC,UOP01-DEL07-SC,2021
"335529,0",2021-01-20,quarta-feira,07:30:00,SC,280,"91,5",CORUPA,Chuva,Capotamento,Com Vítimas Feridas,Amanhecer,Decrescente,Garoa/Chuvisco,Simples,Curva;Declive,Não,3,0,3,0,0,0,3,1,-26.40198057,-49.29053774,SPRF-SC,DEL06-SC,UOP03-DEL06-SC,2021
"335550,0",2021-01-20,quarta-feira,11:10:00,SC,163,"104,2",SAO JOSE DO CEDRO,Condutor deixou de manter distância do veículo da frente,Colisão traseira,Com Vítimas Feridas,Pleno dia,Decrescente,Chuva,Simples,Reta;Declive;Em Obras;Desvio Temporário,Sim,3,0,1,0,2,0,1,3,-26.45056602,-53.51275206,SPRF-SC,DEL07-SC,UOP03-DEL07-SC,2021
"335597,0",2021-01-20,quarta-feira,15:20:00,SC,101,"233,5",PALHOCA,Chuva,Tombamento,Com Vítimas Feridas,Pleno dia,Crescente,Chuva,Dupla,Curva,Não,1,0,1,0,0,0,1,1,-27.80376397,-48.63826211,SPRF-SC,DEL01-SC,UOP02-DEL01-SC,2021
"335600,0",2021-01-20,quarta-feira,17:15:00,SC,470,"62,9",INDAIAL,Desrespeitar a preferência no cruzamento,Colisão transversal,Com Vítimas Feridas,Pleno dia,Decrescente,Garoa/Chuvisco,Simples,Reta,Sim,2,0,1,0,1,0,1,2,-26.87211253,-49.19366406,SPRF-SC,DEL04-SC,UOP01-DEL04-SC,2021
"335609,0",2021-01-20,quarta-feira,18:00:00,SC,470,"52,0",BLUMENAU,Entrada inopinada do pedestre,Atropelamento de Pedestre,Com Vítimas Feridas,Anoitecer,Decrescente,Nublado,Simples,Interseção de Vias,Não,2,0,1,0,1,0,1,2,-26.862286,-49.093903,SPRF-SC,DEL04-SC,UOP01-DEL04-SC,2021
"335622,0",2021-01-20,quarta-feira,18:30:00,SC,101,"132,6",BALNEARIO CAMBORIU,Trafegar com motocicleta (ou similar) entre as faixas,Tombamento,Com Vítimas Feridas,Pleno dia,Crescente,Garoa/Chuvisco,Dupla,Reta,Sim,1,0,1,0,0,0,1,1,-26.99654133,-48.65564711,SPRF-SC,DEL04-SC,UOP03-DEL04-SC,2021
"335624,0",2021-01-20,quarta-feira,17:55:00,SC,101,"257,1",PAULO LOPES,Velocidade Incompatível,Saída de leito carroçável,Com Vítimas Feridas,Anoitecer,Decrescente,Chuva,Simples,Curva;Declive,Não,1,0,1,0,0,0,1,1,-27.99927068,-48.68894935,SPRF-SC,DEL02-SC,UOP03-DEL02-SC,2021
"335643,0",2021-01-20,quarta-feira,18:45:00,SC,282,"216,8",LAGES,Ingestão de álcool pelo condutor,Tombamento,Com Vítimas Feridas,Anoitecer,Crescente,Garoa/Chuvisco,Simples,Curva,Sim,1,0,1,0,0,0,1,1,-27.797292,-50.29068557,SPRF-SC,DEL05-SC,UOP01-DEL05-SC,2021
"335661,0",2021-01-20,quarta-feira,22:30:00,SC,101,"196,5",BIGUACU,Ingestão de álcool pelo condutor,Colisão frontal,Com Vítimas Feridas,Plena Noite,Crescente,Chuva,Múltipla,Aclive,Sim,2,0,0,1,1,0,1,2,-27.51101091,-48.64322292,SPRF-SC,DEL01-SC,UOP01-DEL01-SC,2021
"335670,0",2021-01-21,quinta-feira,00:29:00,SC,101,"197,0",BIGUACU,Acumulo de água sobre o pavimento,Tombamento,Com Vítimas Feridas,Plena Noite,Crescente,Chuva,Dupla,Reta,Sim,1,0,1,0,0,0,1,1,-27.51844497,-48.63848496,SPRF-SC,DEL01-SC,UOP01-DEL01-SC,2021
"335673,0",2021-01-21,quinta-feira,00:30:00,SC,101,"205,0",SAO JOSE,Ingestão de álcool pelo condutor,Colisão com objeto,Sem Vítimas,Plena Noite,Crescente,Garoa/Chuvisco,Múltipla,Curva,Sim,1,0,0,0,0,1,0,1,-27.58313237,-48.61532885,SPRF-SC,DEL01-SC,UOP01-DEL01-SC,2021
"335683,0",2021-01-21,quinta-feira,05:20:00,SC,282,"507,2",XANXERE,Acumulo de areia ou detritos sobre o pavimento,Tombamento,Com Vítimas Feridas,Amanhecer,Crescente,Nublado,Simples,Reta,Não,1,0,0,1,0,0,1,1,-26.886171,-52.43911,SPRF-SC,DEL07-SC,UOP01-DEL07-SC,2021
"335689,0",2021-01-21,quinta-feira,07:00:00,SC,101,"120,8",ITAJAI,Acumulo de óleo sobre o pavimento,Tombamento,Com Vítimas Feridas,Amanhecer,Crescente,Chuva,Simples,Curva;Declive,Não,3,0,2,0,1,0,2,3,-26.912758,-48.711998,SPRF-SC,DEL04-SC,UOP04-DEL04-SC,2021
"335698,0",2021-01-21,quinta-feira,07:20:00,SC,101,"206,0",SAO JOSE,Manobra de mudança de faixa,Queda de ocupante de veículo,Com Vítimas Feridas,Pleno dia,Decrescente,Chuva,Múltipla,Reta,Sim,1,0,1,0,0,0,1,1,-27.59193546,-48.61824557,SPRF-SC,DEL01-SC,UOP01-DEL01-SC,2021
"335711,0",2021-01-18,segunda-feira,07:30:00,SC,470,"140,6",RIO DO SUL,Condutor deixou de manter distância do veículo da frente,Tombamento,Com Vítimas Feridas,Pleno dia,Decrescente,Nublado,Simples,Reta,Não,1,0,1,0,0,0,1,1,-27.205,-49.641,SPRF-SC,DEL04-SC,UOP02-DEL04-SC,2021
"335729,0",2021-01-05,terça-feira,12:30:00,SC,282,"377,0",HERVAL DOESTE,Velocidade Incompatível,Saída de leito carroçável,Com Vítimas Feridas,Pleno dia,Decrescente,Chuva,Simples,Curva;Declive,Não,2,0,2,0,0,0,2,1,-27.216974,-51.470055,SPRF-SC,DEL07-SC,UOP05-DEL07-SC,2021
"335737,0",2021-01-21,quinta-feira,11:18:00,SC,101,"119,0",ITAJAI,Condutor deixou de manter distância do veículo da frente,Colisão traseira,Com Vítimas Feridas,Pleno dia,Crescente,Chuva,Múltipla,Reta,Não,2,0,1,0,1,0,1,2,-26.9043179,-48.71555481,SPRF-SC,DEL04-SC,UOP04-DEL04-SC,2021
"335785,0",2021-01-21,quinta-feira,18:10:00,SC,101,"203,5",SAO JOSE,Condutor deixou de manter distância do veículo da frente,Colisão traseira,Com Vítimas Feridas,Pleno dia,Decrescente,Chuva,Dupla,Reta,Sim,3,0,1,0,2,0,1,3,-27.5650044,-48.61460082,SPRF-SC,DEL01-SC,UOP01-DEL01-SC,2021
"335799,0",2021-01-21,quinta-feira,12:30:00,SC,282,"72,1",RANCHO QUEIMADO,Velocidade Incompatível,Colisão transversal,Com Vítimas Feridas,Pleno dia,Decrescente,Chuva,Simples,Curva,Não,4,0,0,4,0,0,4,2,-27.683439,-49.105259,SPRF-SC,DEL01-SC,UOP03-DEL01-SC,2021
"335815,0",2021-01-21,quinta-feira,17:40:00,SC,282,"307,6",VARGEM,Velocidade Incompatível,Saída de leito carroçável,Com Vítimas Feridas,Anoitecer,Crescente,Chuva,Simples,Declive;Curva,Não,1,0,0,1,0,0,1,1,-27.495266,-50.962605,SPRF-SC,DEL07-SC,UOP06-DEL07-SC,2021
"335817,0",2021-01-21,quinta-feira,17:55:00,SC,282,"307,6",VARGEM,Pista Escorregadia,Saída de leito carroçável,Com Vítimas Feridas,Pleno dia,Crescente,Chuva,Simples,Curva;Declive,Não,3,0,3,0,0,0,3,1,-27.495266,-50.962605,SPRF-SC,DEL07-SC,UOP06-DEL07-SC,2021
"335827,0",2021-01-21,quinta-feira,14:52:00,SC,101,"208,0",SAO JOSE,Condutor deixou de manter distância do veículo da frente,Queda de ocupante de veículo,Com Vítimas Feridas,Pleno dia,Decrescente,Nublado,Dupla,Reta,Não,1,0,1,0,0,0,1,1,-27.60327979,-48.63201818,SPRF-SC,DEL01-SC,UOP01-DEL01-SC,2021
"335842,0",2021-01-22,sexta-feira,02:45:00,SC,101,"124,0",ITAJAI,Ingestão de álcool pelo condutor,Colisão com objeto,Sem Vítimas,Plena Noite,Decrescente,Garoa/Chuvisco,Dupla,Reta,Não,1,0,0,0,1,0,0,1,-26.94335064,-48.69198648,SPRF-SC,DEL04-SC,UOP04-DEL04-SC,2021
"335844,0",2021-01-22,sexta-feira,03:05:00,SC,101,"215,4",PALHOCA,Velocidade Incompatível,Colisão com objeto,Sem Vítimas,Plena Noite,Crescente,Garoa/Chuvisco,Múltipla,Curva;Aclive,Sim,1,0,0,0,1,0,0,1,-27.65443314,-48.67803812,SPRF-SC,DEL01-SC,UOP02-DEL01-SC,2021
"335939,0",2021-01-22,sexta-feira,13:40:00,SC,101,"138,5",BALNEARIO CAMBORIU,Reação tardia ou ineficiente do condutor,Colisão com objeto,Com Vítimas Feridas,Pleno dia,Decrescente,Chuva,Dupla,Curva,Sim,3,0,3,0,0,0,3,1,-27.02397426,-48.60761649,SPRF-SC,DEL04-SC,UOP03-DEL04-SC,2021
"335948,0",2021-01-22,sexta-feira,18:00:00,SC,101,"120,7",ITAJAI,Trafegar com motocicleta (ou similar) entre as faixas,Colisão lateral,Com Vítimas Feridas,Pleno dia,Decrescente,Chuva,Múltipla,Reta,Sim,2,0,1,0,1,0,1,2,-26.912758,-48.711998,SPRF-SC,DEL04-SC,UOP04-DEL04-SC,2021
"335984,0",2021-01-22,sexta-feira,21:00:00,SC,101,"347,2",TREZE DE MAIO,Iluminação deficiente,Colisão traseira,Com Vítimas Feridas,Plena Noite,Crescente,Céu Claro,Simples,Reta,Não,2,0,0,1,1,0,1,2,-28.56402604,-49.05410532,SPRF-SC,DEL02-SC,UOP01-DEL02-SC,2021
"336004,0",2021-01-22,sexta-feira,23:20:00,SC,101,"134,5",BALNEARIO CAMBORIU,Pista Escorregadia,Tombamento,Com Vítimas Feridas,Plena Noite,Crescente,Nublado,Múltipla,Reta,Não,1,0,1,0,0,0,1,1,-27.00400229,-48.63128185,SPRF-SC,DEL04-SC,UOP03-DEL04-SC,2021
"336006,0",2021-01-22,sexta-feira,22:45:00,SC,116,"212,7",PONTE ALTA,Velocidade Incompatível,Capotamento,Com Vítimas Feridas,Pleno dia,Crescente,Chuva,Dupla,Reta,Não,2,0,2,0,0,0,2,1,-27.51804376,-50.36466561,SPRF-SC,DEL05-SC,UOP03-DEL05-SC,2021
"336011,0",2021-01-23,sábado,01:15:00,SC,101,"203,0",SAO JOSE,Transitar na contramão,Colisão frontal,Com Vítimas Feridas,Plena Noite,Decrescente,Chuva,Dupla,Reta,Sim,2,0,2,0,0,0,2,2,-27.5650044,-48.61460082,SPRF-SC,DEL01-SC,UOP01-DEL01-SC,2021
"336013,0",2021-01-23,sábado,01:10:00,SC,101,"140,8",BALNEARIO CAMBORIU,Ingestão de álcool pelo condutor,Colisão com objeto,Com Vítimas Feridas,Plena Noite,Decrescente,Chuva,Dupla,Reta;Túnel,Sim,2,0,1,0,1,0,1,1,-27.03881189,-48.60025148,SPRF-SC,DEL04-SC,UOP03-DEL04-SC,2021
"336014,0",2021-01-23,sábado,01:28:00,SC,101,"203,0",SAO JOSE,Ingestão de álcool pelo condutor,Colisão com objeto,Sem Vítimas,Plena Noite,Decrescente,Chuva,Múltipla,Curva,Sim,1,0,0,0,1,0,0,1,-27.5650044,-48.61460082,SPRF-SC,DEL01-SC,UOP01-DEL01-SC,2021
"336026,0",2021-01-23,sábado,03:15:00,SC,101,"214,0",PALHOCA,Entrada inopinada do pedestre,Atropelamento de Pedestre,Com Vítimas Feridas,Plena Noite,Decrescente,Chuva,Múltipla,Reta,Sim,2,0,1,0,0,1,1,2,-27.64443,-48.67057,SPRF-SC,DEL01-SC,UOP02-DEL01-SC,2021
"336036,0",2021-01-23,sábado,03:00:00,SC,101,"214,0",PALHOCA,Velocidade Incompatível,Saída de leito carroçável,Sem Vítimas,Plena Noite,Decrescente,Chuva,Múltipla,Reta,Sim,1,0,0,0,0,1,0,1,-27.64443,-48.67057,SPRF-SC,DEL01-SC,UOP02-DEL01-SC,2021
"336044,0",2021-01-23,sábado,06:13:00,SC,101,"151,7",ITAPEMA,Desrespeitar a preferência no cruzamento,Colisão transversal,Com Vítimas Feridas,Pleno dia,Decrescente,Chuva,Simples,Rotatória,Não,2,0,1,0,1,0,1,2,-27.126536,-48.609642,SPRF-SC,DEL04-SC,UOP03-DEL04-SC,2021
"336052,0",2021-01-23,sábado,07:50:00,SC,101,"127,0",ITAJAI,Acessar a via sem observar a presença dos outros veículos,Atropelamento de Pedestre,Com Vítimas Feridas,Pleno dia,Crescente,Nublado,Dupla,Curva,Não,2,0,1,0,0,1,1,2,-26.9639319,-48.68328024,SPRF-SC,DEL04-SC,UOP04-DEL04-SC,2021
"336082,0",2021-01-23,sábado,10:00:00,SC,101,"209,6",SAO JOSE,Manobra de mudança de faixa,Colisão lateral,Com Vítimas Feridas,Pleno dia,Crescente,Chuva,Múltipla,Interseção de Vias,Sim,2,0,1,0,1,0,1,2,-27.61000542,-48.63895057,SPRF-SC,DEL01-SC,UOP01-DEL01-SC,2021
"336088,0",2021-01-23,sábado,09:50:00,SC,101,"135,5",BALNEARIO CAMBORIU,Transitar na contramão,Colisão frontal,Com Vítimas Feridas,Pleno dia,Crescente,Nublado,Simples,Curva,Sim,2,0,0,1,1,0,1,2,-27.0050108,-48.62677494,SPRF-SC,DEL04-SC,UOP03-DEL04-SC,2021
"336102,0",2021-01-23,sábado,11:58:00,SC,280,"58,0",GUARAMIRIM,Trafegar com motocicleta (ou similar) entre as faixas,Colisão transversal,Com Vítimas Feridas,Pleno dia,Crescente,Nublado,Simples,Reta,Sim,2,0,1,0,1,0,1,2,-26.47415593,-49.021211,SPRF-SC,DEL03-SC,UOP03-DEL03-SC,2021
"336104,0",2021-01-23,sábado,12:35:00,SC,101,"212,4",PALHOCA,Demais falhas mecânicas ou elétricas,Tombamento,Com Vítimas Feridas,Pleno dia,Decrescente,Garoa/Chuvisco,Dupla,Reta,Sim,2,0,1,1,0,0,2,1,-27.62996929,-48.65903871,SPRF-SC,DEL01-SC,UOP02-DEL01-SC,2021
"336112,0",2021-01-23,sábado,13:30:00,SC,101,"194,0",BIGUACU,Pista Escorregadia,Tombamento,Com Vítimas Feridas,Pleno dia,Crescente,Chuva,Múltipla,Reta,Sim,2,0,2,0,0,0,2,1,-27.49815117,-48.65661236,SPRF-SC,DEL01-SC,UOP01-DEL01-SC,2021
"336122,0",2021-01-23,sábado,14:10:00,SC,101,"214,6",PALHOCA,Ausência de reação do condutor,Colisão lateral,Com Vítimas Feridas,Pleno dia,Decrescente,Chuva,Múltipla,Reta,Sim,2,0,1,0,1,0,1,2,-27.64698757,-48.67210692,SPRF-SC,DEL01-SC,UOP02-DEL01-SC,2021
"336133,0",2021-01-23,sábado,15:40:00,SC,101,"186,0",GOVERNADOR CELSO RAMOS,Avarias e/ou desgaste excessivo no pneu,Capotamento,Sem Vítimas,Pleno dia,Crescente,Nublado,Dupla,Reta,Não,1,0,0,0,1,0,0,1,-27.4341098,-48.62567129,SPRF-SC,DEL01-SC,UOP01-DEL01-SC,2021
"336136,0",2021-01-23,sábado,16:05:00,SC,101,"121,0",ITAJAI,Demais falhas mecânicas ou elétricas,Saída de leito carroçável,Com Vítimas Feridas,Pleno dia,Crescente,Nublado,Dupla,Reta,Sim,1,0,1,0,0,0,1,1,-26.92103178,-48.70856446,SPRF-SC,DEL04-SC,UOP04-DEL04-SC,2021
"336151,0",2021-01-23,sábado,16:35:00,SC,101,"435,2",SOMBRIO,Demais falhas mecânicas ou elétricas,Tombamento,Com Vítimas Feridas,Pleno dia,Decrescente,Nublado,Dupla,Declive,Sim,2,0,2,0,0,0,2,1,-29.09949414,-49.63480552,SPRF-SC,DEL02-SC,UOP02-DEL02-SC,2021
"336160,0",2021-01-23,sábado,16:20:00,SC,280,"99,9",CORUPA,Velocidade Incompatível,Saída de leito carroçável,Com Vítimas Feridas,Pleno dia,Decrescente,Chuva,Simples,Curva,Não,1,0,1,0,0,0,1,1,-26.37531616,-49.32563746,SPRF-SC,DEL06-SC,UOP03-DEL06-SC,2021
"336213,0",2021-01-23,sábado,22:40:00,SC,280,"43,0",GUARAMIRIM,Ingestão de álcool pelo condutor,Colisão transversal,Sem Vítimas,Plena Noite,Decrescente,Nublado,Simples,Reta,Não,4,0,0,0,4,0,0,2,-26.45118786,-48.87789901,SPRF-SC,DEL03-SC,UOP03-DEL03-SC,2021
"336236,0",2021-01-23,sábado,23:30:00,SC,163,"74,4",SAO MIGUEL DO OESTE,Transitar na contramão,Colisão frontal,Com Vítimas Fatais,Plena Noite,Decrescente,Nevoeiro/Neblina,Simples,Reta,Não,3,1,1,1,0,0,2,2,-26.69838,-53.51458,SPRF-SC,DEL07-SC,UOP03-DEL07-SC,2021
"336240,0",2021-01-24,domingo,02:45:00,SC,101,"203,0",SAO JOSE,Ingestão de álcool pelo condutor,Colisão com objeto,Sem Vítimas,Plena Noite,Crescente,Chuva,Múltipla,Reta,Sim,1,0,0,0,0,1,0,1,-27.5650044,-48.61460082,SPRF-SC,DEL01-SC,UOP01-DEL01-SC,2021
"336248,0",2021-01-24,domingo,04:45:00,SC,101,"196,0",BIGUACU,Chuva,Colisão com objeto,Com Vítimas Feridas,Plena Noite,Decrescente,Chuva,Múltipla,Curva,Não,1,0,0,1,0,0,1,1,-27.51101091,-48.64322292,SPRF-SC,DEL01-SC,UOP01-DEL01-SC,2021
"336254,0",2021-01-24,domingo,04:00:00,SC,101,"160,0",PORTO BELO,Velocidade Incompatível,Colisão com objeto,Sem Vítimas,Plena Noite,Crescente,Nublado,Dupla,Reta,Não,1,0,0,0,0,1,0,1,-27.20831288,-48.61987922,SPRF-SC,DEL04-SC,UOP03-DEL04-SC,2021
"336255,0",2021-01-24,domingo,05:27:00,SC,163,"75,2",SAO MIGUEL DO OESTE,Ingestão de álcool pelo condutor,Saída de leito carroçável,Com Vítimas Feridas,Amanhecer,Decrescente,Céu Claro,Simples,Curva,Não,2,0,1,1,0,0,2,1,-26.70200479,-53.51350653,SPRF-SC,DEL07-SC,UOP03-DEL07-SC,2021
"336266,0",2021-01-24,domingo,05:20:00,SC,101,"129,0",BALNEARIO CAMBORIU,Condutor deixou de manter distância do veículo da frente,Colisão traseira,Sem Vítimas,Amanhecer,Decrescente,Chuva,Dupla,Reta,Sim,2,0,0,0,0,2,0,2,-26.98064277,-48.6790679,SPRF-SC,DEL04-SC,UOP03-DEL04-SC,2021
"336268,0",2021-01-24,domingo,07:30:00,SC,101,"128,0",ITAJAI,Ingestão de álcool pelo condutor,Colisão com objeto,Com Vítimas Feridas,Pleno dia,Decrescente,Nublado,Dupla,Reta,Não,1,0,1,0,0,0,1,1,-26.97284292,-48.68299451,SPRF-SC,DEL04-SC,UOP03-DEL04-SC,2021
"336306,0",2021-01-24,domingo,11:40:00,SC,101,"235,0",PALHOCA,Chuva,Colisão com objeto,Com Vítimas Feridas,Pleno dia,Decrescente,Chuva,Dupla,Curva,Não,2,0,1,1,0,0,2,1,-27.8177775,-48.6315025,SPRF-SC,DEL01-SC,UOP02-DEL01-SC,2021
"336315,0",2021-01-24,domingo,13:15:00,SC,101,"335,6",TUBARAO,Velocidade Incompatível,Colisão com objeto,Com Vítimas Feridas,Pleno dia,Crescente,Chuva,Dupla,Curva;Aclive,Sim,3,0,2,1,0,0,3,1,-28.47882022,-49.0336132,SPRF-SC,DEL02-SC,UOP01-DEL02-SC,2021
"336348,0",2021-01-24,domingo,17:35:00,SC,282,"1,4",FLORIANOPOLIS,Velocidade Incompatível,Saída de leito carroçável,Com Vítimas Feridas,Pleno dia,Crescente,Chuva,Múltipla,Reta,Sim,3,0,2,0,1,0,2,2,-27.602955,-48.580509,SPRF-SC,DEL01-SC,UOP01-DEL01-SC,2021
"336353,0",2021-01-24,domingo,17:10:00,SC,101,"310,0",LAGUNA,Ingestão de álcool e/ou substâncias psicoativas pelo pedestre,Saída de leito carroçável,Com Vítimas Feridas,Pleno dia,Crescente,Nublado,Dupla,Reta,Sim,3,0,2,0,1,0,2,1,-28.41679416,-48.79529064,SPRF-SC,DEL02-SC,UOP01-DEL02-SC,2021
"336355,0",2021-01-24,domingo,18:15:00,SC,101,"209,1",SAO JOSE,Pista esburacada,Tombamento,Com Vítimas Feridas,Anoitecer,Decrescente,Chuva,Múltipla,Reta,Sim,1,0,1,0,0,0,1,1,-27.61000542,-48.63895057,SPRF-SC,DEL01-SC,UOP01-DEL01-SC,2021
"336363,0",2021-01-24,domingo,18:40:00,SC,101,"123,1",ITAJAI,Desrespeitar a preferência no cruzamento,Colisão transversal,Com Vítimas Feridas,Anoitecer,Decrescente,Nublado,Dupla,Interseção de Vias;Rotatória,Sim,2,0,1,0,1,0,1,2,-26.93668609,-48.69876905,SPRF-SC,DEL04-SC,UOP04-DEL04-SC,2021
"336384,0",2021-01-24,domingo,17:30:00,SC,282,"363,6",ERVAL VELHO,Ausência de reação do condutor,Saída de leito carroçável,Com Vítimas Feridas,Pleno dia,Crescente,Nublado,Simples,Reta,Não,1,0,1,0,0,0,1,1,-27.302458,-51.390484,SPRF-SC,DEL07-SC,UOP05-DEL07-SC,2021
"336388,0",2021-01-24,domingo,14:00:00,SC,282,"307,0",VARGEM,Velocidade Incompatível,Saída de leito carroçável,Com Vítimas Feridas,Pleno dia,Decrescente,Garoa/Chuvisco,Simples,Curva,Sim,3,0,2,1,0,0,3,1,-27.48996134,-50.9787941,SPRF-SC,DEL07-SC,UOP06-DEL07-SC,2021
"336405,0",2021-01-24,domingo,20:37:00,SC,101,"163,4",TIJUCAS,Ingestão de álcool pelo condutor,Tombamento,Sem Vítimas,Plena Noite,Crescente,Nublado,Simples,Reta,Sim,1,0,0,0,1,0,0,1,-27.23461699,-48.63039809,SPRF-SC,DEL04-SC,UOP03-DEL04-SC,2021
"336418,0",2021-01-24,domingo,22:20:00,SC,470,"51,0",BLUMENAU,Ingestão de álcool pelo condutor,Colisão com objeto,Sem Vítimas,Plena Noite,Crescente,Nublado,Dupla,Reta,Sim,2,0,0,0,2,0,0,2,-26.862339,-49.084038,SPRF-SC,DEL04-SC,UOP01-DEL04-SC,2021
"336421,0",2021-01-24,domingo,23:00:00,SC,101,"191,0",BIGUACU,Velocidade Incompatível,Saída de leito carroçável,Com Vítimas Feridas,Plena Noite,Decrescente,Chuva,Dupla,Curva,Sim,2,0,1,1,0,0,2,1,-27.47730273,-48.64127329,SPRF-SC,DEL01-SC,UOP01-DEL01-SC,2021
"336435,0",2021-01-24,domingo,22:45:00,SC,101,"447,0",SANTA ROSA DO SUL,Reação tardia ou ineficiente do condutor,Atropelamento de Pedestre,Com Vítimas Feridas,Plena Noite,Decrescente,Nublado,Dupla,Aclive,Não,2,0,0,1,1,0,1,2,-29.15289482,-49.72792624,SPRF-SC,DEL02-SC,UOP02-DEL02-SC,2021
"336443,0",2021-01-25,segunda-feira,00:30:00,SC,101,"119,0",ITAJAI,Ingestão de álcool e/ou substâncias psicoativas pelo pedestre,Colisão com objeto,Com Vítimas Feridas,Plena Noite,Decrescente,Garoa/Chuvisco,Múltipla,Reta,Não,1,0,1,0,0,0,1,1,-26.9043179,-48.71555481,SPRF-SC,DEL04-SC,UOP04-DEL04-SC,2021
"336468,0",2021-01-25,segunda-feira,07:10:00,SC,470,"53,5",BLUMENAU,Ultrapassagem Indevida,Tombamento,Com Vítimas Feridas,Pleno dia,Crescente,Nublado,Simples,Reta,Sim,2,0,1,0,0,1,1,2,-26.86998757,-49.1058782,SPRF-SC,DEL04-SC,UOP01-DEL04-SC,2021
"336474,0",2021-01-05,terça-feira,20:55:00,SC,280,"57,7",GUARAMIRIM,Chuva,Colisão com objeto,Com Vítimas Feridas,Plena Noite,Crescente,Chuva,Simples,Rotatória,Não,1,0,0,1,0,0,1,1,-26.47411687,-49.02074933,SPRF-SC,DEL03-SC,UOP03-DEL03-SC,2021
"336483,0",2021-01-25,segunda-feira,07:20:00,SC,163,"77,9",SAO MIGUEL DO OESTE,Manobra de mudança de faixa,Colisão transversal,Com Vítimas Feridas,Pleno dia,Crescente,Nublado,Simples,Reta,Sim,2,0,2,0,0,0,2,2,-26.67615498,-53.51669997,SPRF-SC,DEL07-SC,UOP03-DEL07-SC,2021
"336521,0",2021-01-25,segunda-feira,12:20:00,SC,101,"117,0",ITAJAI,Desrespeitar a preferência no cruzamento,Colisão transversal,Sem Vítimas,Pleno dia,Crescente,Nublado,Dupla,Viaduto,Sim,2,0,0,0,2,0,0,2,-26.88747187,-48.72252969,SPRF-SC,DEL04-SC,UOP04-DEL04-SC,2021
"336533,0",2021-01-25,segunda-feira,12:45:00,SC,101,"29,9",JOINVILLE,Avarias e/ou desgaste excessivo no pneu,Queda de ocupante de veículo,Com Vítimas Feridas,Pleno dia,Decrescente,Garoa/Chuvisco,Dupla,Reta,Não,2,0,2,0,0,0,2,1,-26.211903,-48.91589904,SPRF-SC,DEL03-SC,UOP01-DEL03-SC,2021
"336534,0",2021-01-25,segunda-feira,13:25:00,SC,101,"344,1",TUBARAO,Desrespeitar a preferência no cruzamento,Colisão transversal,Com Vítimas Feridas,Pleno dia,Decrescente,Nublado,Dupla,Curva,Não,3,0,2,0,1,0,2,2,-28.53647889,-49.0531826,SPRF-SC,DEL02-SC,UOP01-DEL02-SC,2021
"336536,0",2021-01-25,segunda-feira,13:55:00,SC,101,"206,2",SAO JOSE,Chuva,Queda de ocupante de veículo,Com Vítimas Feridas,Pleno dia,Decrescente,Chuva,Simples,Reta,Sim,1,0,1,0,0,0,1,1,-27.59193546,-48.61824557,SPRF-SC,DEL01-SC,UOP01-DEL01-SC,2021
"336539,0",2021-01-25,segunda-feira,11:30:00,SC,470,"89,8",ASCURRA,Ausência de reação do condutor,Tombamento,Com Vítimas Feridas,Pleno dia,Decrescente,Nublado,Simples,Reta,Não,1,0,1,0,0,0,1,1,-26.961573,-49.371918,SPRF-SC,DEL04-SC,UOP01-DEL04-SC,2021
"336563,0",2021-01-25,segunda-feira,15:10:00,SC,101,"24,5",JOINVILLE,Acessar a via sem observar a presença dos outros veículos,Colisão transversal,Com Vítimas Feridas,Pleno dia,Decrescente,Chuva,Simples,Reta,Sim,5,0,0,1,3,1,1,3,-26.17483309,-48.90767978,SPRF-SC,DEL03-SC,UOP01-DEL03-SC,2021
"336569,0",2021-01-25,segunda-feira,13:00:00,SC,282,"618,5",IRACEMINHA,Velocidade Incompatível,Saída de leito carroçável,Com Vítimas Feridas,Pleno dia,Crescente,Chuva,Simples,Curva;Declive,Não,1,0,0,1,0,0,1,1,-26.788088,-53.293259,SPRF-SC,DEL07-SC,UOP02-DEL07-SC,2021
"336587,0",2021-01-25,segunda-feira,13:00:00,SC,282,"54,3",RANCHO QUEIMADO,Pista Escorregadia,Colisão com objeto,Com Vítimas Feridas,Pleno dia,Crescente,Chuva,Simples,Curva,Não,1,0,1,0,0,0,1,1,-27.685799,-48.974514,SPRF-SC,DEL01-SC,UOP03-DEL01-SC,2021