id,data_inversa,dia_semana,horario,uf,br,km,municipio,causa_acidente,tipo_acidente,classificacao_acidente,fase_dia,sentido_via,condicao_metereologica,tipo_pista,tracado_via,uso_solo,pessoas,mortos,feridos_leves,feridos_graves,ilesos,ignorados,feridos,veiculos,latitude,longitude,regional,delegacia,uop,ano_arquivo
"338616,0",2021-02-04,quinta-feira,10:40:00,SC,101,"298,0",IMBITUBA,Pedestre cruzava a pista fora da faixa,Atropelamento de Pedestre,Com Vítimas Feridas,Pleno dia,Crescente,Céu Claro,Simples,Reta,Não,2,0,0,1,1,0,1,2,-28.32102597,-48.72829906,SPRF-SC,DEL02-SC,UOP03-DEL02-SC,2021
"338626,0",2021-02-04,quinta-feira,20:45:00,SC,101,"331,5",TUBARAO,Ingestão de álcool pelo condutor,Saída de leito carroçável,Com Vítimas Feridas,Plena Noite,Crescente,Céu Claro,Dupla,Viaduto;Reta;Rotatória,Não,1,0,1,0,0,0,1,1,-28.46537136,-48.99580479,SPRF-SC,DEL02-SC,UOP01-DEL02-SC,2021
"338633,0",2021-02-04,quinta-feira,07:48:00,SC,470,"144,0",RIO DO SUL,Demais falhas na via,Queda de ocupante de veículo,Com Vítimas Feridas,Pleno dia,Crescente,Céu Claro,Simples,Reta,Não,1,0,1,0,0,0,1,1,-27.235138,-49.677608,SPRF-SC,DEL04-SC,UOP02-DEL04-SC,2021
"338643,0",2021-02-05,sexta-feira,07:20:00,SC,101,"133,0",BALNEARIO CAMBORIU,Acessar a via sem observar a presença dos outros veículos,Colisão lateral,Com Vítimas Feridas,Pleno dia,Decrescente,Sol,Múltipla,Reta,Sim,2,0,1,0,1,0,1,2,-26.99936,-48.64609,SPRF-SC,DEL04-SC,UOP03-DEL04-SC,2021
"338649,0",2021-02-05,sexta-feira,07:45:00,SC,470,"51,0",BLUMENAU,Manobra de mudança de faixa,Colisão lateral mesmo sentido,Com Vítimas Feridas,Pleno dia,Crescente,Céu Claro,Simples,Reta,Sim,2,0,1,0,1,0,1,2,-26.86226609,-49.09182787,SPRF-SC,DEL04-SC,UOP01-DEL04-SC,2021
"338685,0",2021-02-05,sexta-feira,07:20:00,SC,101,"332,6",TUBARAO,Ausência de reação do condutor,Colisão com objeto,Com Vítimas Feridas,Pleno dia,Decrescente,Céu Claro,Dupla,Reta,Sim,1,0,0,1,0,0,1,1,-28.46808768,-49.01138306,SPRF-SC,DEL02-SC,UOP01-DEL02-SC,2021
"338695,0",2021-02-05,sexta-feira,10:40:00,SC,116,"7,0",MAFRA,Acessar a via sem observar a presença dos outros veículos,Colisão transversal,Com Vítimas Feridas,Pleno dia,Crescente,Sol,Simples,Interseção de Vias,Sim,2,0,1,0,1,0,1,2,-26.15234663,-49.83170986,SPRF-SC,DEL06-SC,UOP01-DEL06-SC,2021
"338697,0",2021-02-05,sexta-feira,13:10:00,SC,470,"37,7",GASPAR,Transitar na contramão,Colisão frontal,Com Vítimas Feridas,Pleno dia,Decrescente,Céu Claro,Simples,Desvio Temporário;Em Obras,Não,2,0,1,0,1,0,1,2,-26.912727,-48.978043,SPRF-SC,DEL04-SC,UOP01-DEL04-SC,2021
"338707,0",2021-02-05,sexta-feira,14:40:00,SC,280,"28,3",ARAQUARI,Acessar a via sem observar a presença dos outros veículos,Colisão lateral,Com Vítimas Feridas,Pleno dia,Decrescente,Sol,Simples,Reta,Sim,3,0,2,0,1,0,2,2,-26.40704385,-48.74837637,SPRF-SC,DEL03-SC,UOP03-DEL03-SC,2021
"338722,0",2021-02-05,sexta-feira,15:00:00,SC,101,"135,5",BALNEARIO CAMBORIU,Trafegar com motocicleta (ou similar) entre as faixas,Tombamento,Com Vítimas Feridas,Pleno dia,Decrescente,Céu Claro,Dupla,Ponte,Sim,1,0,1,0,0,0,1,1,-27.0050108,-48.62677494,SPRF-SC,DEL04-SC,UOP03-DEL04-SC,2021
"338756,0",2021-02-05,sexta-feira,17:00:00,SC,282,"224,0",LAGES,Acessar a via sem observar a presença dos outros veículos,Colisão transversal,Com Vítimas Feridas,Pleno dia,Crescente,Céu Claro,Simples,Reta,Não,2,0,0,1,1,0,1,2,-27.79836963,-50.36570354,SPRF-SC,DEL05-SC,UOP02-DEL05-SC,2021
"338761,0",2021-02-05,sexta-feira,16:00:00,SC,280,"32,7",ARAQUARI,Ultrapassagem Indevida,Colisão transversal,Com Vítimas Feridas,Pleno dia,Decrescente,Sol,Simples,Reta,Não,2,0,1,0,1,0,1,2,-26.420618,-48.779335,SPRF-SC,DEL03-SC,UOP03-DEL03-SC,2021
"338765,0",2021-02-05,sexta-feira,17:50:00,SC,101,"210,0",SAO JOSE,Manobra de mudança de faixa,Queda de ocupante de veículo,Com Vítimas Feridas,Anoitecer,Crescente,Céu Claro,Dupla,Reta,Sim,2,0,0,1,1,0,1,2,-27.6167305,-48.6457265,SPRF-SC,DEL01-SC,UOP01-DEL01-SC,2021
"338770,0",2021-02-05,sexta-feira,18:10:00,SC,470,"134,2",RIO DO SUL,Desrespeitar a preferência no cruzamento,Colisão transversal,Sem Vítimas,Pleno dia,Decrescente,Sol,Simples,Interseção de Vias;Rotatória,Sim,2,0,0,0,2,0,0,2,-27.17484657,-49.58951712,SPRF-SC,DEL04-SC,UOP02-DEL04-SC,2021
"338783,0",2021-02-05,sexta-feira,18:10:00,SC,163,"70,9",SAO MIGUEL DO OESTE,Acessar a via sem observar a presença dos outros veículos,Colisão transversal,Com Vítimas Feridas,Pleno dia,Decrescente,Sol,Dupla,Reta;Interseção de Vias,Sim,4,0,0,1,3,0,1,3,-26.72865076,-53.51230145,SPRF-SC,DEL07-SC,UOP03-DEL07-SC,2021
"338788,0",2021-02-05,sexta-feira,18:00:00,SC,116,"12,3",MAFRA,Acessar a via sem observar a presença dos outros veículos,Colisão transversal,Com Vítimas Feridas,Pleno dia,Decrescente,Sol,Simples,Interseção de Vias,Não,2,0,1,0,1,0,1,2,-26.17982876,-49.87119198,SPRF-SC,DEL06-SC,UOP01-DEL06-SC,2021
"338799,0",2021-02-05,sexta-feira,22:00:00,SC,282,"0,7",FLORIANOPOLIS,Condutor deixou de manter distância do veículo da frente,Colisão traseira,Com Vítimas Feridas,Plena Noite,Decrescente,Nublado,Múltipla,Reta,Não,4,0,2,0,1,1,2,3,-27.59845,-48.571995,SPRF-SC,DEL01-SC,UOP01-DEL01-SC,2021
"338833,0",2021-02-06,sábado,01:20:00,SC,101,"200,5",SAO JOSE,Demais falhas mecânicas ou elétricas,Tombamento,Com Vítimas Feridas,Plena Noite,Decrescente,Céu Claro,Múltipla,Reta,Sim,2,0,1,1,0,0,2,1,-27.54018513,-48.62287714,SPRF-SC,DEL01-SC,UOP01-DEL01-SC,2021
"338834,0",2021-02-06,sábado,01:10:00,SC,101,"134,1",BALNEARIO CAMBORIU,Ultrapassagem Indevida,Colisão lateral,Com Vítimas Feridas,Plena Noite,Crescente,Nublado,Simples,Interseção de Vias,Sim,2,0,0,1,1,0,1,2,-27.00218,-48.636433,SPRF-SC,DEL04-SC,UOP03-DEL04-SC,2021
"338848,0",2021-02-06,sábado,03:15:00,SC,470,"237,9",SAO CRISTOVAO DO SUL,Ingestão de álcool pelo condutor,Colisão frontal,Com Vítimas Feridas,Plena Noite,Decrescente,Céu Claro,Simples,Curva,Não,2,0,0,1,1,0,1,2,-27.30352826,-50.45230865,SPRF-SC,DEL05-SC,UOP03-DEL05-SC,2021
"338868,0",2021-02-06,sábado,05:40:00,SC,280,"84,0",CORUPA,Acumulo de areia ou detritos sobre o pavimento,Queda de ocupante de veículo,Com Vítimas Feridas,Amanhecer,Decrescente,Céu Claro,Simples,Curva;Aclive,Não,1,0,0,1,0,0,1,1,-26.43589072,-49.24351466,SPRF-SC,DEL06-SC,UOP03-DEL06-SC,2021
"338873,0",2021-02-06,sábado,06:30:00,SC,101,"104,6",BALNEARIO PICARRAS,Acumulo de água sobre o pavimento,Tombamento,Com Vítimas Feridas,Amanhecer,Crescente,Céu Claro,Simples,Viaduto,Não,1,0,1,0,0,0,1,1,-26.79281742,-48.68080819,SPRF-SC,DEL03-SC,UOP02-DEL03-SC,2021
"338881,0",2021-02-06,sábado,07:30:00,SC,280,"32,0",ARAQUARI,Condutor deixou de manter distância do veículo da frente,Colisão traseira,Sem Vítimas,Pleno dia,Decrescente,Céu Claro,Simples,Reta,Não,3,0,0,0,3,0,0,3,-26.422658,-48.7882008,SPRF-SC,DEL03-SC,UOP03-DEL03-SC,2021
"338884,0",2021-02-06,sábado,06:30:00,SC,282,"233,2",LAGES,Ingestão de álcool pelo condutor,Saída de leito carroçável,Com Vítimas Feridas,Amanhecer,Crescente,Céu Claro,Simples,Curva,Não,3,0,1,0,2,0,1,1,-27.786306,-50.455296,SPRF-SC,DEL05-SC,UOP02-DEL05-SC,2021
"338907,0",2021-02-06,sábado,10:35:00,SC,101,"134,0",BALNEARIO CAMBORIU,Trafegar com motocicleta (ou similar) entre as faixas,Queda de ocupante de veículo,Com Vítimas Feridas,Pleno dia,Crescente,Sol,Múltipla,Reta,Sim,1,0,1,0,0,0,1,1,-27.00218,-48.636433,SPRF-SC,DEL04-SC,UOP03-DEL04-SC,2021
"338932,0",2021-02-06,sábado,13:10:00,SC,101,"170,0",TIJUCAS,Demais falhas mecânicas ou elétricas,Queda de ocupante de veículo,Com Vítimas Feridas,Pleno dia,Decrescente,Céu Claro,Dupla,Reta,Não,2,0,2,0,0,0,2,1,-27.29669601,-48.63147594,SPRF-SC,DEL04-SC,UOP03-DEL04-SC,2021
"338936,0",2021-02-06,sábado,13:05:00,SC,101,"131,0",CAMBORIU,Manobra de mudança de faixa,Colisão transversal,Com Vítimas Feridas,Pleno dia,Crescente,Céu Claro,Dupla,Reta,Não,2,0,1,0,1,0,1,2,-26.99064209,-48.66310912,SPRF-SC,DEL04-SC,UOP03-DEL04-SC,2021
"338974,0",2021-02-06,sábado,16:20:00,SC,101,"214,4",PALHOCA,Acessar a via sem observar a presença dos outros veículos,Colisão transversal,Com Vítimas Feridas,Pleno dia,Crescente,Sol,Dupla,Reta,Sim,2,0,1,0,1,0,1,2,-27.64443,-48.67057,SPRF-SC,DEL01-SC,UOP02-DEL01-SC,2021
"338987,0",2021-02-06,sábado,16:10:00,SC,282,"145,0",BOM RETIRO,Curva acentuada,Saída de leito carroçável,Com Vítimas Feridas,Pleno dia,Decrescente,Céu Claro,Simples,Curva,Não,3,0,1,0,2,0,1,1,-27.802912,-49.632038,SPRF-SC,DEL05-SC,UOP01-DEL05-SC,2021
"338996,0",2021-02-06,sábado,17:20:00,SC,470,"177,0",POUSO REDONDO,Ingestão de álcool ou de substâncias psicoativas pelo pedestre,Colisão com objeto,Com Vítimas Feridas,Pleno dia,Crescente,Céu Claro,Simples,Interseção de Vias,Não,2,0,1,1,0,0,2,1,-27.25063842,-49.95987838,SPRF-SC,DEL04-SC,UOP02-DEL04-SC,2021
"338998,0",2021-02-06,sábado,17:00:00,SC,480,"127,8",CHAPECO,Ingestão de álcool pelo condutor,Colisão traseira,Sem Vítimas,Pleno dia,Crescente,Sol,Dupla,Reta,Sim,2,0,0,0,1,1,0,2,-27.02885905,-52.63380035,SPRF-SC,DEL07-SC,UOP01-DEL07-SC,2021
"339005,0",2021-02-06,sábado,16:45:00,SC,282,"302,5",VARGEM,Acessar a via sem observar a presença dos outros veículos,Saída de leito carroçável,Com Vítimas Feridas,Pleno dia,Crescente,Céu Claro,Simples,Curva,Não,2,0,0,1,0,1,1,2,-27.505852,-50.926998,SPRF-SC,DEL07-SC,UOP06-DEL07-SC,2021
"339030,0",2021-02-06,sábado,20:20:00,SC,101,"138,0",BALNEARIO CAMBORIU,Ingestão de álcool ou de substâncias psicoativas pelo pedestre,Colisão traseira,Sem Vítimas,Plena Noite,Decrescente,Céu Claro,Dupla,Reta,Sim,2,0,0,0,2,0,0,2,-27.02397426,-48.60761649,SPRF-SC,DEL04-SC,UOP03-DEL04-SC,2021
"339034,0",2021-02-06,sábado,17:50:00,SC,470,"33,8",GASPAR,Ausência de reação do condutor,Saída de leito carroçável,Com Vítimas Feridas,Pleno dia,Crescente,Sol,Dupla,Reta,Não,7,0,1,6,0,0,7,1,-26.906223,-48.940575,SPRF-SC,DEL04-SC,UOP01-DEL04-SC,2021
"339036,0",2021-02-06,sábado,21:00:00,SC,116,"60,0",PAPANDUVA,Conversão proibida,Colisão transversal,Com Vítimas Feridas,Plena Noite,Crescente,Céu Claro,Simples,Aclive;Reta,Não,3,0,3,0,0,0,3,2,-26.38296807,-50.21675059,SPRF-SC,DEL06-SC,UOP02-DEL06-SC,2021
"339043,0",2021-02-06,sábado,17:30:00,SC,470,"33,0",GASPAR,Velocidade Incompatível,Saída de leito carroçável,Com Vítimas Feridas,Pleno dia,Decrescente,Céu Claro,Dupla,Reta,Sim,1,0,0,1,0,0,1,1,-26.906223,-48.940575,SPRF-SC,DEL04-SC,UOP01-DEL04-SC,2021
"339045,0",2021-02-06,sábado,19:50:00,SC,282,"103,8",ALFREDO WAGNER,Pista esburacada,Colisão com objeto,Com Vítimas Feridas,Plena Noite,Decrescente,Céu Claro,Simples,Reta,Sim,2,0,2,0,0,0,2,1,-27.69592146,-49.3308717,SPRF-SC,DEL01-SC,UOP03-DEL01-SC,2021
"339070,0",2021-02-06,sábado,23:10:00,SC,101,"246,0",PAULO LOPES,Velocidade Incompatível,Colisão com objeto,Com Vítimas Feridas,Plena Noite,Decrescente,Céu Claro,Dupla,Reta,Não,5,0,3,0,2,0,3,1,-27.91036709,-48.64998267,SPRF-SC,DEL02-SC,UOP03-DEL02-SC,2021
"339073,0",2021-02-06,sábado,23:40:00,SC,282,"2,5",FLORIANOPOLIS,Reação tardia ou ineficiente do condutor,Colisão traseira,Com Vítimas Feridas,Plena Noite,Decrescente,Céu Claro,Dupla,Reta,Sim,2,0,1,0,1,0,1,2,-27.603289,-48.590416,SPRF-SC,DEL01-SC,UOP01-DEL01-SC,2021
"339075,0",2021-02-06,sábado,23:45:00,SC,470,"71,7",INDAIAL,Desrespeitar a preferência no cruzamento,Colisão transversal,Com Vítimas Feridas,Plena Noite,Decrescente,Nublado,Simples,Reta,Sim,2,0,1,0,1,0,1,2,-26.895243,-49.262104,SPRF-SC,DEL04-SC,UOP01-DEL04-SC,2021
"339076,0",2021-02-07,domingo,00:11:00,SC,470,"74,3",INDAIAL,Demais Fenômenos da natureza,Colisão com objeto,Com Vítimas Feridas,Plena Noite,Decrescente,Céu Claro,Simples,Reta,Não,1,0,0,1,0,0,1,1,-26.916288,-49.280807,SPRF-SC,DEL04-SC,UOP01-DEL04-SC,2021
"339094,0",2021-02-06,sábado,23:30:00,SC,282,"277,0",SAO JOSE DO CERRITO,Ingestão de álcool pelo condutor,Saída de leito carroçável,Com Vítimas Fatais,Plena Noite,Decrescente,Céu Claro,Simples,Declive;Curva,Não,1,1,0,0,0,0,0,1,-27.593215,-50.736011,SPRF-SC,DEL05-SC,UOP02-DEL05-SC,2021
"339104,0",2021-02-07,domingo,03:15:00,SC,101,"353,7",SANGAO,Ausência de reação do condutor,Saída de leito carroçável,Com Vítimas Feridas,Plena Noite,Decrescente,Céu Claro,Dupla,Reta,Não,1,0,0,1,0,0,1,1,-28.61232036,-49.06197674,SPRF-SC,DEL02-SC,UOP01-DEL02-SC,2021
"339105,0",2021-02-07,domingo,02:50:00,SC,282,"18,3",PALHOCA,Acessar a via sem observar a presença dos outros veículos,Colisão transversal,Com Vítimas Feridas,Plena Noite,Decrescente,Céu Claro,Simples,Reta,Sim,4,0,4,0,0,0,4,2,-27.67551872,-48.69714618,SPRF-SC,DEL01-SC,UOP02-DEL01-SC,2021
"339118,0",2021-02-07,domingo,05:45:00,SC,470,"147,4",RIO DO SUL,Ingestão de álcool pelo condutor,Colisão com objeto,Sem Vítimas,Amanhecer,Crescente,Nevoeiro/Neblina,Simples,Ponte,Não,1,0,0,0,1,0,0,1,-27.24425205,-49.69144106,SPRF-SC,DEL04-SC,UOP02-DEL04-SC,2021
"339133,0",2021-02-07,domingo,02:35:00,SC,163,"71,2",SAO MIGUEL DO OESTE,Velocidade Incompatível,Colisão com objeto,Sem Vítimas,Plena Noite,Crescente,Céu Claro,Dupla,Reta,Sim,1,0,0,0,1,0,0,1,-26.72772401,-53.51281303,SPRF-SC,DEL07-SC,UOP03-DEL07-SC,2021
"339161,0",2021-02-07,domingo,10:20:00,SC,101,"217,0",PALHOCA,Condutor deixou de manter distância do veículo da frente,Engavetamento,Com Vítimas Feridas,Pleno dia,Crescente,Céu Claro,Dupla,Reta,Sim,3,0,2,0,1,0,2,3,-27.66779034,-48.67393586,SPRF-SC,DEL01-SC,UOP02-DEL01-SC,2021
"339163,0",2021-02-07,domingo,07:00:00,SC,282,"582,0",PINHALZINHO,Condutor Dormindo,Saída de leito carroçável,Sem Vítimas,Pleno dia,Crescente,Sol,Simples,Reta,Não,1,0,0,0,0,1,0,1,-26.826683,-53.002621,SPRF-SC,DEL07-SC,UOP02-DEL07-SC,2021
"339165,0",2021-02-07,domingo,07:45:00,SC,101,"252,2",PAULO LOPES,Ingestão de álcool pelo condutor,Capotamento,Com Vítimas Feridas,Pleno dia,Crescente,Sol,Dupla,Curva,Sim,1,0,1,0,0,0,1,1,-27.9606326,-48.67934704,SPRF-SC,DEL02-SC,UOP03-DEL02-SC,2021
"339176,0",2021-02-07,domingo,11:30:00,SC,101,"225,0",PALHOCA,Ausência de reação do condutor,Tombamento,Com Vítimas Feridas,Pleno dia,Crescente,Céu Claro,Dupla,Reta,Não,1,0,1,0,0,0,1,1,-27.73292191,-48.6409567,SPRF-SC,DEL01-SC,UOP02-DEL01-SC,2021
"339197,0",2021-02-07,domingo,11:10:00,SC,470,"107,0",APIUNA,Ausência de reação do condutor,Colisão com objeto,Com Vítimas Feridas,Pleno dia,Decrescente,Céu Claro,Simples,Curva,Não,2,0,1,0,1,0,1,1,-27.077623,-49.43145,SPRF-SC,DEL04-SC,UOP02-DEL04-SC,2021
"339231,0",2021-02-07,domingo,16:35:00,SC,101,"214,1",PALHOCA,Velocidade Incompatível,Colisão traseira,Com Vítimas Feridas,Pleno dia,Decrescente,Chuva,Múltipla,Reta,Sim,3,0,1,0,2,0,1,3,-27.64443,-48.67057,SPRF-SC,DEL01-SC,UOP02-DEL01-SC,2021
"339244,0",2021-02-07,domingo,17:50:00,SC,101,"215,0",PALHOCA,Ingestão de álcool pelo condutor,Colisão traseira,Com Vítimas Feridas,Pleno dia,Crescente,Céu Claro,Simples,Reta,Sim,4,0,3,0,1,0,3,3,-27.65184843,-48.67604941,SPRF-SC,DEL01-SC,UOP02-DEL01-SC,2021
"339271,0",2021-02-07,domingo,19:45:00,SC,101,"206,0",SAO JOSE,Condutor deixou de manter distância do veículo da frente,Colisão traseira,Com Vítimas Feridas,Plena Noite,Decrescente,Céu Claro,Dupla,Reta,Sim,2,0,1,0,1,0,1,2,-27.59193546,-48.61824557,SPRF-SC,DEL01-SC,UOP01-DEL01-SC,2021
"339284,0",2021-02-07,domingo,19:30:00,SC,470,"143,9",RIO DO SUL,Condutor deixou de manter distância do veículo da frente,Colisão traseira,Com Vítimas Feridas,Plena Noite,Decrescente,Céu Claro,Simples,Reta,Não,3,0,1,0,1,1,1,3,-27.233143,-49.672886,SPRF-SC,DEL04-SC,UOP02-DEL04-SC,2021
"339292,0",2021-02-07,domingo,20:30:00,SC,101,"207,9",SAO JOSE,Trafegar com motocicleta (ou similar) entre as faixas,Colisão lateral,Com Vítimas Feridas,Plena Noite,Decrescente,Nublado,Dupla,Reta,Sim,2,0,0,1,1,0,1,2,-27.60001226,-48.6226467,SPRF-SC,DEL01-SC,UOP01-DEL01-SC,2021
"339293,0",2021-02-07,domingo,17:30:00,SC,282,"605,4",MARAVILHA,Reação tardia ou ineficiente do condutor,Colisão com objeto,Com Vítimas Feridas,Pleno dia,Crescente,Céu Claro,Simples,Rotatória;Em Obras;Declive,Sim,1,0,0,1,0,0,1,1,-26.786951,-53.195248,SPRF-SC,DEL07-SC,UOP02-DEL07-SC,2021
"339296,0",2021-02-07,domingo,20:40:00,SC,101,"116,2",ITAJAI,Frear bruscamente,Colisão com objeto,Com Vítimas Feridas,Plena Noite,Decrescente,Céu Claro,Múltipla,Reta,Sim,3,0,1,0,2,0,1,2,-26.87905605,-48.72603512,SPRF-SC,DEL04-SC,UOP04-DEL04-SC,2021
"339329,0",2021-02-05,sexta-feira,22:00:00,SC,470,"57,0",BLUMENAU,Reação tardia ou ineficiente do condutor,Tombamento,Com Vítimas Feridas,Plena Noite,Crescente,Céu Claro,Simples,Interseção de Vias,Sim,1,0,1,0,0,0,1,1,-26.880428,-49.136532,SPRF-SC,DEL04-SC,UOP01-DEL04-SC,2021
"339330,0",2021-02-08,segunda-feira,00:20:00,SC,101,"200,4",SAO JOSE,Pedestre cruzava a pista fora da faixa,Atropelamento de Pedestre,Com Vítimas Feridas,Plena Noite,Crescente,Céu Claro,Dupla,Reta,Sim,2,0,1,0,1,0,1,2,-27.54442581,-48.6205101,SPRF-SC,DEL01-SC,UOP01-DEL01-SC,2021
"339332,0",2021-02-08,segunda-feira,00:00:00,SC,101,"363,0",SANGAO,Iluminação deficiente,Atropelamento de Animal,Com Vítimas Feridas,Plena Noite,Crescente,Céu Claro,Dupla,Declive,Não,2,0,1,0,1,0,1,1,-28.67634681,-49.12963202,SPRF-SC,DEL02-SC,UOP01-DEL02-SC,2021
"339333,0",2021-02-08,segunda-feira,00:15:00,SC,470,"6,6",NAVEGANTES,Animais na Pista,Atropelamento de Animal,Com Vítimas Feridas,Plena Noite,Decrescente,Nublado,Dupla,Reta,Não,2,0,1,0,1,0,1,1,-26.852238,-48.709545,SPRF-SC,DEL04-SC,UOP04-DEL04-SC,2021
"339349,0",2021-02-08,segunda-feira,03:00:00,SC,101,"224,0",PALHOCA,Ingestão de álcool pelo condutor,Tombamento,Com Vítimas Feridas,Plena Noite,Decrescente,Céu Claro,Dupla,Reta,Não,1,0,0,1,0,0,1,1,-27.72384789,-48.64386769,SPRF-SC,DEL01-SC,UOP02-DEL01-SC,2021
"339377,0",2021-02-08,segunda-feira,07:25:00,SC,163,"67,3",SAO MIGUEL DO OESTE,Condutor deixou de manter distância do veículo da frente,Colisão traseira,Com Vítimas Feridas,Pleno dia,Crescente,Céu Claro,Dupla,Reta,Sim,2,0,1,0,1,0,1,2,-26.75672379,-53.50058556,SPRF-SC,DEL07-SC,UOP03-DEL07-SC,2021
"339380,0",2021-02-08,segunda-feira,06:30:00,SC,282,"190,0",LAGES,Condutor Dormindo,Saída de leito carroçável,Com Vítimas Feridas,Amanhecer,Crescente,Céu Claro,Simples,Curva,Não,2,0,2,0,0,0,2,1,-27.736708,-50.036961,SPRF-SC,DEL05-SC,UOP01-DEL05-SC,2021
"339382,0",2021-02-08,segunda-feira,08:24:00,SC,101,"207,6",SAO JOSE,Condutor deixou de manter distância do veículo da frente,Colisão traseira,Sem Vítimas,Pleno dia,Crescente,Céu Claro,Múltipla,Reta,Não,2,0,0,0,2,0,0,2,-27.60001226,-48.6226467,SPRF-SC,DEL01-SC,UOP01-DEL01-SC,2021
"339383,0",2021-02-08,segunda-feira,06:50:00,SC,470,"148,9",RIO DO SUL,Demais falhas mecânicas ou elétricas,Colisão transversal,Com Vítimas Feridas,Amanhecer,Crescente,Nublado,Simples,Reta,Não,2,0,1,0,1,0,1,2,-27.246288,-49.694355,SPRF-SC,DEL04-SC,UOP02-DEL04-SC,2021
"339401,0",2021-02-08,segunda-feira,08:40:00,SC,101,"139,0",BALNEARIO CAMBORIU,Reação tardia ou ineficiente do condutor,Colisão traseira,Com Vítimas Feridas,Pleno dia,Decrescente,Céu Claro,Dupla,Reta,Não,2,0,1,0,1,0,1,2,-27.02982303,-48.60115006,SPRF-SC,DEL04-SC,UOP03-DEL04-SC,2021
"339419,0",2021-02-08,segunda-feira,11:20:00,SC,101,"210,3",SAO JOSE,Reação tardia ou ineficiente do condutor,Colisão lateral,Sem Vítimas,Pleno dia,Decrescente,Sol,Dupla,Reta,Sim,5,0,0,0,5,0,0,2,-27.61884735,-48.64756823,SPRF-SC,DEL01-SC,UOP01-DEL01-SC,2021
"339421,0",2021-02-08,segunda-feira,11:25:00,SC,101,"263,8",GAROPABA,Ausência de reação do condutor,Saída de leito carroçável,Com Vítimas Feridas,Pleno dia,Crescente,Sol,Dupla,Reta,Não,3,0,2,0,1,0,2,1,-28.0431009,-48.71350524,SPRF-SC,DEL02-SC,UOP03-DEL02-SC,2021
"339431,0",2021-02-08,segunda-feira,13:00:00,SC,282,"26,0",SANTO AMARO DA IMPERATRIZ,Desrespeitar a preferência no cruzamento,Colisão transversal,Com Vítimas Feridas,Pleno dia,Crescente,Céu Claro,Simples,Reta,Não,4,0,4,0,0,0,4,2,-27.680267,-48.762482,SPRF-SC,DEL01-SC,UOP03-DEL01-SC,2021
"339455,0",2021-02-08,segunda-feira,16:00:00,SC,101,"205,0",SAO JOSE,Condutor deixou de manter distância do veículo da frente,Tombamento,Com Vítimas Feridas,Pleno dia,Decrescente,Céu Claro,Dupla,Reta,Sim,2,0,2,0,0,0,2,1,-27.58313237,-48.61532885,SPRF-SC,DEL01-SC,UOP01-DEL01-SC,2021
"339470,0",2021-02-08,segunda-feira,17:30:00,SC,282,"1,0",FLORIANOPOLIS,Condutor deixou de manter distância do veículo da frente,Colisão traseira,Com Vítimas Feridas,Pleno dia,Decrescente,Céu Claro,Dupla,Reta,Sim,2,0,1,0,1,0,1,2,-27.602955,-48.580509,SPRF-SC,DEL01-SC,UOP01-DEL01-SC,2021
"339472,0",2021-02-08,segunda-feira,17:10:00,SC,282,"51,0",RANCHO QUEIMADO,Ultrapassagem Indevida,Tombamento,Com Vítimas Feridas,Pleno dia,Decrescente,Nublado,Simples,Curva,Não,2,0,1,0,0,1,1,2,-27.703712,-48.959267,SPRF-SC,DEL01-SC,UOP03-DEL01-SC,2021
"339481,0",2021-02-08,segunda-feira,18:15:00,SC,282,"1,0",FLORIANOPOLIS,Condutor deixou de manter distância do veículo da frente,Colisão traseira,Com Vítimas Feridas,Pleno dia,Crescente,Sol,Dupla,Reta,Sim,3,0,0,2,1,0,2,2,-27.60160157,-48.57856035,SPRF-SC,DEL01-SC,UOP01-DEL01-SC,2021
"339506,0",2021-02-08,segunda-feira,21:25:00,SC,101,"127,4",ITAJAI,Avarias e/ou desgaste excessivo no pneu,Tombamento,Com Vítimas Feridas,Plena Noite,Crescente,Nublado,Dupla,Reta,Não,2,0,2,0,0,0,2,1,-26.9639319,-48.68328024,SPRF-SC,DEL04-SC,UOP04-DEL04-SC,2021
"339513,0",2021-02-08,segunda-feira,19:30:00,SC,470,"52,0",BLUMENAU,Ausência de reação do condutor,Colisão lateral,Com Vítimas Feridas,Plena Noite,Crescente,Céu Claro,Simples,Reta,Sim,2,0,0,1,1,0,1,2,-26.862286,-49.093903,SPRF-SC,DEL04-SC,UOP01-DEL04-SC,2021
"339514,0",2021-02-08,segunda-feira,19:20:00,SC,101,"314,0",LAGUNA,Objeto estático sobre o leito carroçável,Tombamento,Com Vítimas Feridas,Plena Noite,Decrescente,Nublado,Dupla,Curva;Ponte,Não,1,0,0,1,0,0,1,1,-28.43483718,-48.84369504,SPRF-SC,DEL02-SC,UOP01-DEL02-SC,2021
"339547,0",2021-02-09,terça-feira,06:50:00,SC,101,"201,0",SAO JOSE,Ausência de reação do condutor,Saída de leito carroçável,Com Vítimas Feridas,Pleno dia,Decrescente,Sol,Múltipla,Reta,Sim,1,0,1,0,0,0,1,1,-27.54836599,-48.61977975,SPRF-SC,DEL01-SC,UOP01-DEL01-SC,2021