id,data_inversa,dia_semana,horario,uf,br,km,municipio,causa_acidente,tipo_acidente,classificacao_acidente,fase_dia,sentido_via,condicao_metereologica,tipo_pista,tracado_via,uso_solo,pessoas,mortos,feridos_leves,feridos_graves,ilesos,ignorados,feridos,veiculos,latitude,longitude,regional,delegacia,uop,ano_arquivo
"340617,0",2021-02-14,domingo,04:20:00,SC,101,"36,5",JOINVILLE,Avarias e/ou desgaste excessivo no pneu,Saída de leito carroçável,Sem Vítimas,Plena Noite,Decrescente,Nublado,Dupla,Reta,Sim,1,0,0,0,1,0,0,1,-26.24573198,-48.9101069,SPRF-SC,DEL03-SC,UOP01-DEL03-SC,2021
"340623,0",2021-02-14,domingo,06:00:00,SC,101,"199,0",SAO JOSE,Ingestão de álcool pelo condutor,Colisão traseira,Sem Vítimas,Pleno dia,Crescente,Céu Claro,Dupla,Reta,Sim,2,0,0,0,2,0,0,2,-27.53413705,-48.63003205,SPRF-SC,DEL01-SC,UOP01-DEL01-SC,2021
"340638,0",2021-02-14,domingo,07:30:00,SC,101,"133,0",BALNEARIO CAMBORIU,Velocidade Incompatível,Engavetamento,Sem Vítimas,Pleno dia,Crescente,Céu Claro,Simples,Reta,Sim,4,0,0,0,4,0,0,4,-26.99936,-48.64609,SPRF-SC,DEL04-SC,UOP03-DEL04-SC,2021
"340641,0",2021-02-14,domingo,10:00:00,SC,282,"529,3",CORDILHEIRA ALTA,Acumulo de areia ou detritos sobre o pavimento,Queda de ocupante de veículo,Com Vítimas Feridas,Pleno dia,Decrescente,Céu Claro,Simples,Reta,Não,1,0,1,0,0,0,1,1,-26.982185,-52.59734,SPRF-SC,DEL07-SC,UOP01-DEL07-SC,2021
"340643,0",2021-02-14,domingo,07:00:00,SC,101,"327,3",CAPIVARI DE BAIXO,Ingestão de substâncias psicoativas pelo condutor,Colisão com objeto,Com Vítimas Fatais,Pleno dia,Crescente,Sol,Múltipla,Viaduto;Reta;Aclive,Sim,6,2,0,4,0,0,4,1,-28.43937419,-48.96254539,SPRF-SC,DEL02-SC,UOP01-DEL02-SC,2021
"340671,0",2021-02-10,quarta-feira,16:55:00,SC,101,"421,0",ARARANGUA,Frear bruscamente,Tombamento,Com Vítimas Feridas,Pleno dia,Decrescente,Céu Claro,Múltipla,Reta,Sim,1,0,1,0,0,0,1,1,-29.00048611,-49.5576719,SPRF-SC,DEL02-SC,UOP02-DEL02-SC,2021
"340685,0",2021-02-14,domingo,13:45:00,SC,101,"103,5",BALNEARIO PICARRAS,Avarias e/ou desgaste excessivo no pneu,Tombamento,Com Vítimas Feridas,Pleno dia,Crescente,Céu Claro,Dupla,Reta,Não,2,0,1,1,0,0,2,1,-26.7832381,-48.68314632,SPRF-SC,DEL03-SC,UOP02-DEL03-SC,2021
"340687,0",2021-02-14,domingo,12:30:00,SC,101,"234,0",PALHOCA,Demais falhas mecânicas ou elétricas,Incêndio,Sem Vítimas,Pleno dia,Crescente,Chuva,Dupla,Declive,Não,1,0,0,0,0,1,0,1,-27.81043812,-48.63537111,SPRF-SC,DEL01-SC,UOP02-DEL01-SC,2021
"340692,0",2021-02-14,domingo,15:00:00,SC,280,"69,0",JARAGUA DO SUL,Ingestão de álcool pelo condutor,Colisão traseira,Sem Vítimas,Pleno dia,Decrescente,Céu Claro,Simples,Reta;Aclive,Sim,2,0,0,0,2,0,0,2,-26.466791,-49.121376,SPRF-SC,DEL03-SC,UOP03-DEL03-SC,2021
"340712,0",2021-02-14,domingo,15:30:00,SC,101,"367,1",ICARA,Chuva,Saída de leito carroçável,Com Vítimas Feridas,Pleno dia,Decrescente,Chuva,Dupla,Curva,Não,7,0,5,1,1,0,6,1,-28.69145778,-49.16484911,SPRF-SC,DEL02-SC,UOP01-DEL02-SC,2021
"340716,0",2021-02-14,domingo,17:10:00,SC,101,"89,5",BARRA VELHA,Velocidade Incompatível,Colisão lateral,Com Vítimas Feridas,Pleno dia,Decrescente,Nublado,Simples,Reta,Sim,2,0,0,1,1,0,1,2,-26.66468494,-48.68880451,SPRF-SC,DEL03-SC,UOP02-DEL03-SC,2021
"340720,0",2021-02-14,domingo,17:15:00,SC,101,"257,0",PAULO LOPES,Chuva,Colisão com objeto,Com Vítimas Feridas,Pleno dia,Crescente,Chuva,Dupla,Reta;Túnel,Não,2,0,1,0,1,0,1,1,-28.00482282,-48.69190437,SPRF-SC,DEL02-SC,UOP03-DEL02-SC,2021
"340734,0",2021-02-14,domingo,17:45:00,SC,101,"148,0",ITAPEMA,Ingestão de álcool pelo condutor,Colisão lateral,Sem Vítimas,Pleno dia,Decrescente,Céu Claro,Dupla,Reta,Não,1,0,0,0,1,0,0,1,-27.10123686,-48.61807962,SPRF-SC,DEL04-SC,UOP03-DEL04-SC,2021
"340737,0",2021-02-14,domingo,13:50:00,SC,282,"512,2",XANXERE,Condutor deixou de manter distância do veículo da frente,Colisão traseira,Com Vítimas Feridas,Pleno dia,Crescente,Sol,Simples,Aclive;Reta,Não,3,0,2,0,1,0,2,2,-26.910799,-52.472099,SPRF-SC,DEL07-SC,UOP01-DEL07-SC,2021
"340762,0",2021-02-14,domingo,17:20:00,SC,101,"410,0",ARARANGUA,Ingestão de álcool pelo condutor,Colisão transversal,Com Vítimas Feridas,Pleno dia,Decrescente,Céu Claro,Simples,Reta,Sim,4,0,1,1,2,0,2,2,-28.9225061,-49.4913107,SPRF-SC,DEL02-SC,UOP02-DEL02-SC,2021
"340769,0",2021-02-14,domingo,20:40:00,SC,470,"4,0",NAVEGANTES,Manobra de mudança de faixa,Colisão traseira,Com Vítimas Feridas,Plena Noite,Decrescente,Céu Claro,Dupla,Rotatória,Não,3,0,1,0,2,0,1,2,-26.858473,-48.690788,SPRF-SC,DEL04-SC,UOP04-DEL04-SC,2021
"340786,0",2021-02-14,domingo,19:00:00,SC,158,"132,1",CAIBI,Velocidade Incompatível,Saída de leito carroçável,Sem Vítimas,Plena Noite,Crescente,Céu Claro,Simples,Curva,Não,1,0,0,0,0,1,0,1,-27.03315906,-53.23463028,SPRF-SC,DEL07-SC,UOP02-DEL07-SC,2021
"340798,0",2021-02-14,domingo,22:30:00,SC,101,"213,0",PALHOCA,Acessar a via sem observar a presença dos outros veículos,Colisão lateral mesmo sentido,Com Vítimas Feridas,Plena Noite,Decrescente,Nublado,Múltipla,Reta,Sim,2,0,1,0,1,0,1,2,-27.63697369,-48.66514142,SPRF-SC,DEL01-SC,UOP02-DEL01-SC,2021
"340801,0",2021-02-14,domingo,19:00:00,SC,282,"380,0",HERVAL DOESTE,Condutor deixou de manter distância do veículo da frente,Colisão traseira,Com Vítimas Feridas,Plena Noite,Crescente,Céu Claro,Simples,Reta,Não,3,0,1,1,1,0,2,2,-27.21464026,-51.4881134,SPRF-SC,DEL07-SC,UOP05-DEL07-SC,2021
"340807,0",2021-02-14,domingo,23:30:00,SC,280,"50,0",GUARAMIRIM,Falta de elemento de contenção que evite a saída do leito carroçável,Saída de leito carroçável,Com Vítimas Feridas,Plena Noite,Decrescente,Nublado,Simples,Reta,Não,2,0,0,2,0,0,2,1,-26.4619489,-48.94618404,SPRF-SC,DEL03-SC,UOP03-DEL03-SC,2021
"340821,0",2021-02-14,domingo,21:00:00,SC,282,"413,0",CATANDUVAS,Ingestão de álcool pelo condutor,Colisão traseira,Com Vítimas Feridas,Plena Noite,Decrescente,Céu Claro,Simples,Reta;Aclive,Não,4,0,1,0,3,0,1,2,-27.053736,-51.698277,SPRF-SC,DEL07-SC,UOP05-DEL07-SC,2021
"340823,0",2021-02-14,domingo,17:55:00,SC,282,"443,0",PONTE SERRADA,Carga excessiva e/ou mal acondicionada,Saída de leito carroçável,Com Vítimas Feridas,Pleno dia,Crescente,Céu Claro,Simples,Reta,Não,2,0,1,1,0,0,2,1,-26.917578,-51.890999,SPRF-SC,DEL07-SC,UOP04-DEL07-SC,2021
"340841,0",2021-02-15,segunda-feira,04:40:00,SC,101,"192,8",BIGUACU,Condutor Dormindo,Colisão com objeto,Com Vítimas Feridas,Plena Noite,Crescente,Céu Claro,Múltipla,Reta,Sim,1,0,1,0,0,0,1,1,-27.48443781,-48.64765238,SPRF-SC,DEL01-SC,UOP01-DEL01-SC,2021
"340911,0",2021-02-15,segunda-feira,14:50:00,SC,470,"66,5",BLUMENAU,Trafegar com motocicleta (ou similar) entre as faixas,Colisão lateral mesmo sentido,Com Vítimas Feridas,Pleno dia,Decrescente,Sol,Simples,Reta,Sim,2,0,1,0,1,0,1,2,-26.870407,-49.221844,SPRF-SC,DEL04-SC,UOP01-DEL04-SC,2021
"340936,0",2021-02-15,segunda-feira,17:55:00,SC,101,"331,0",TUBARAO,Acessar a via sem observar a presença dos outros veículos,Colisão lateral,Com Vítimas Feridas,Pleno dia,Decrescente,Céu Claro,Dupla,Retorno Regulamentado;Interseção de Vias,Sim,3,0,1,0,2,0,1,2,-28.465768,-48.995367,SPRF-SC,DEL02-SC,UOP01-DEL02-SC,2021
"340942,0",2021-02-15,segunda-feira,18:25:00,SC,101,"214,5",PALHOCA,Trafegar com motocicleta (ou similar) entre as faixas,Colisão lateral,Com Vítimas Feridas,Pleno dia,Decrescente,Nublado,Múltipla,Reta,Sim,2,0,0,1,1,0,1,2,-27.64443,-48.67057,SPRF-SC,DEL01-SC,UOP02-DEL01-SC,2021
"340956,0",2021-02-15,segunda-feira,14:10:00,SC,116,"64,3",PAPANDUVA,Ultrapassagem Indevida,Colisão lateral mesmo sentido,Sem Vítimas,Pleno dia,Decrescente,Chuva,Simples,Aclive;Reta,Não,2,0,0,0,2,0,0,2,-26.41544499,-50.22732716,SPRF-SC,DEL06-SC,UOP02-DEL06-SC,2021
"340959,0",2021-02-15,segunda-feira,19:15:00,SC,101,"333,7",TUBARAO,Desrespeitar a preferência no cruzamento,Colisão transversal,Com Vítimas Feridas,Plena Noite,Decrescente,Céu Claro,Simples,Interseção de Vias,Sim,2,0,1,0,1,0,1,2,-28.46630107,-48.99653096,SPRF-SC,DEL02-SC,UOP01-DEL02-SC,2021
"340980,0",2021-02-15,segunda-feira,17:30:00,SC,163,"100,5",SAO JOSE DO CEDRO,Condutor deixou de manter distância do veículo da frente,Colisão frontal,Com Vítimas Feridas,Pleno dia,Decrescente,Céu Claro,Simples,Em Obras;Reta;Declive,Não,4,0,2,0,2,0,2,2,-26.4861159,-53.50382419,SPRF-SC,DEL07-SC,UOP03-DEL07-SC,2021
"340981,0",2021-02-15,segunda-feira,21:10:00,SC,101,"83,0",BARRA VELHA,Restrição de visibilidade em curvas verticais,Colisão frontal,Com Vítimas Feridas,Plena Noite,Decrescente,Chuva,Simples,Declive,Sim,3,0,3,0,0,0,3,3,-26.62133025,-48.71664584,SPRF-SC,DEL03-SC,UOP02-DEL03-SC,2021
"341015,0",2021-02-16,terça-feira,07:10:00,SC,470,"53,8",BLUMENAU,Acessar a via sem observar a presença dos outros veículos,Colisão com objeto,Com Vítimas Feridas,Pleno dia,Decrescente,Céu Claro,Simples,Curva,Sim,3,0,2,0,1,0,2,2,-26.867121,-49.102066,SPRF-SC,DEL04-SC,UOP01-DEL04-SC,2021
"341018,0",2021-02-16,terça-feira,07:14:00,SC,101,"205,0",SAO JOSE,Condutor deixou de manter distância do veículo da frente,Colisão traseira,Com Vítimas Feridas,Pleno dia,Decrescente,Céu Claro,Múltipla,Reta,Sim,2,0,1,0,0,1,1,2,-27.58313237,-48.61532885,SPRF-SC,DEL01-SC,UOP01-DEL01-SC,2021
"341032,0",2021-02-16,terça-feira,08:04:00,SC,101,"42,0",JOINVILLE,Reação tardia ou ineficiente do condutor,Colisão traseira,Com Vítimas Feridas,Pleno dia,Decrescente,Céu Claro,Dupla,Ponte;Reta,Não,3,0,1,0,2,0,1,2,-26.29251598,-48.88474385,SPRF-SC,DEL03-SC,UOP01-DEL03-SC,2021
"341036,0",2021-01-11,segunda-feira,14:35:00,SC,101,"216,0",PALHOCA,Manobra de mudança de faixa,Queda de ocupante de veículo,Com Vítimas Feridas,Pleno dia,Decrescente,Céu Claro,Múltipla,Reta,Sim,3,0,1,1,1,0,2,2,-27.66608701,-48.67451236,SPRF-SC,DEL01-SC,UOP02-DEL01-SC,2021
"341054,0",2021-02-16,terça-feira,10:50:00,SC,470,"50,8",BLUMENAU,Condutor deixou de manter distância do veículo da frente,Colisão traseira,Com Vítimas Feridas,Pleno dia,Decrescente,Céu Claro,Múltipla,Declive;Interseção de Vias,Sim,2,0,1,0,1,0,1,2,-26.86230437,-49.08200026,SPRF-SC,DEL04-SC,UOP01-DEL04-SC,2021
"341055,0",2021-02-16,terça-feira,12:05:00,SC,101,"251,8",PAULO LOPES,Demais falhas mecânicas ou elétricas,Incêndio,Sem Vítimas,Pleno dia,Crescente,Céu Claro,Múltipla,Reta,Sim,2,0,0,0,2,0,0,1,-27.94186028,-48.66644267,SPRF-SC,DEL02-SC,UOP03-DEL02-SC,2021
"341074,0",2021-02-16,terça-feira,14:50:00,SC,101,"41,0",JOINVILLE,Reação tardia ou ineficiente do condutor,Colisão transversal,Com Vítimas Feridas,Pleno dia,Decrescente,Céu Claro,Dupla,Rotatória,Sim,2,0,1,0,1,0,1,2,-26.31884433,-48.87126446,SPRF-SC,DEL03-SC,UOP01-DEL03-SC,2021
"341089,0",2021-02-16,terça-feira,16:25:00,SC,101,"357,8",SANGAO,Condutor Dormindo,Saída de leito carroçável,Com Vítimas Feridas,Pleno dia,Decrescente,Garoa/Chuvisco,Dupla,Reta,Não,2,0,2,0,0,0,2,1,-28.635168,-49.09467,SPRF-SC,DEL02-SC,UOP01-DEL02-SC,2021
"341103,0",2021-02-12,sexta-feira,11:15:00,SC,282,"49,0",AGUAS MORNAS,Condutor Dormindo,Capotamento,Com Vítimas Feridas,Pleno dia,Decrescente,Chuva,Simples,Declive,Não,2,0,1,0,1,0,1,2,-27.712931,-48.943741,SPRF-SC,DEL01-SC,UOP03-DEL01-SC,2021
"341109,0",2021-02-16,terça-feira,17:08:00,SC,470,"174,8",POUSO REDONDO,Acessar a via sem observar a presença dos outros veículos,Colisão transversal,Com Vítimas Feridas,Pleno dia,Crescente,Sol,Simples,Interseção de Vias,Sim,3,0,1,0,2,0,1,2,-27.258179,-49.929146,SPRF-SC,DEL04-SC,UOP02-DEL04-SC,2021
"341141,0",2021-02-16,terça-feira,20:20:00,SC,470,"68,1",INDAIAL,Acesso irregular,Colisão transversal,Com Vítimas Feridas,Plena Noite,Crescente,Céu Claro,Simples,Reta,Não,3,0,0,2,1,0,2,2,-26.877615,-49.239231,SPRF-SC,DEL04-SC,UOP01-DEL04-SC,2021
"341152,0",2021-02-16,terça-feira,20:00:00,SC,282,"155,5",BOM RETIRO,Animais na Pista,Atropelamento de Animal,Sem Vítimas,Plena Noite,Decrescente,Céu Claro,Simples,Reta,Não,3,0,0,0,3,0,0,2,-27.739244,-49.734146,SPRF-SC,DEL05-SC,UOP01-DEL05-SC,2021
"341157,0",2021-02-16,terça-feira,18:45:00,SC,282,"370,0",ERVAL VELHO,Ingestão de álcool pelo condutor,Colisão transversal,Sem Vítimas,Anoitecer,Decrescente,Céu Claro,Simples,Rotatória,Sim,2,0,0,0,2,0,0,2,-27.268663,-51.443768,SPRF-SC,DEL07-SC,UOP05-DEL07-SC,2021
"341158,0",2021-02-16,terça-feira,18:30:00,SC,282,"396,9",JOACABA,Ausência de reação do condutor,Colisão lateral sentido oposto,Com Vítimas Feridas,Pleno dia,Decrescente,Céu Claro,Simples,Curva,Não,2,0,1,0,1,0,1,2,-27.155375,-51.601593,SPRF-SC,DEL07-SC,UOP05-DEL07-SC,2021
"341167,0",2021-02-16,terça-feira,23:00:00,SC,101,"244,8",PAULO LOPES,Demais falhas mecânicas ou elétricas,Incêndio,Sem Vítimas,Plena Noite,Decrescente,Céu Claro,Dupla,Reta,Não,1,0,0,0,1,0,0,1,-27.89294003,-48.64821868,SPRF-SC,DEL01-SC,UOP02-DEL01-SC,2021
"341169,0",2021-02-17,quarta-feira,00:10:00,SC,280,"72,5",JARAGUA DO SUL,Velocidade Incompatível,Colisão traseira,Com Vítimas Feridas,Plena Noite,Crescente,Nublado,Simples,Reta,Não,3,0,2,0,1,0,2,2,-26.45955419,-49.14342101,SPRF-SC,DEL03-SC,UOP03-DEL03-SC,2021
"341174,0",2021-02-17,quarta-feira,03:40:00,SC,101,"198,4",SAO JOSE,Pedestre andava na pista,Atropelamento de Pedestre,Com Vítimas Feridas,Plena Noite,Decrescente,Céu Claro,Múltipla,Reta,Não,2,0,0,1,1,0,1,2,-27.52658712,-48.63506019,SPRF-SC,DEL01-SC,UOP01-DEL01-SC,2021
"341188,0",2021-02-17,quarta-feira,05:30:00,SC,101,"169,0",TIJUCAS,Mal súbito do condutor,Tombamento,Com Vítimas Feridas,Amanhecer,Decrescente,Céu Claro,Dupla,Reta,Não,1,0,1,0,0,0,1,1,-27.28790602,-48.63095745,SPRF-SC,DEL04-SC,UOP03-DEL04-SC,2021
"341215,0",2021-02-17,quarta-feira,10:15:00,SC,101,"335,3",TUBARAO,Condutor deixou de manter distância do veículo da frente,Colisão traseira,Com Vítimas Feridas,Pleno dia,Crescente,Sol,Simples,Interseção de Vias,Sim,2,0,1,0,1,0,1,2,-28.46927473,-49.01557908,SPRF-SC,DEL02-SC,UOP01-DEL02-SC,2021
"341220,0",2021-02-17,quarta-feira,10:16:00,SC,101,"27,5",JOINVILLE,Reação tardia ou ineficiente do condutor,Colisão transversal,Com Vítimas Feridas,Pleno dia,Decrescente,Céu Claro,Dupla,Reta,Sim,2,0,1,0,1,0,1,2,-26.20130351,-48.91331794,SPRF-SC,DEL03-SC,UOP01-DEL03-SC,2021
"341278,0",2021-02-17,quarta-feira,15:45:00,SC,280,"52,5",GUARAMIRIM,Retorno proibido,Colisão transversal,Com Vítimas Feridas,Pleno dia,Crescente,Sol,Simples,Reta,Sim,2,0,1,0,1,0,1,2,-26.47259946,-48.97474408,SPRF-SC,DEL03-SC,UOP03-DEL03-SC,2021
"341279,0",2021-02-17,quarta-feira,18:10:00,SC,101,"205,6",SAO JOSE,Manobra de mudança de faixa,Colisão lateral,Com Vítimas Feridas,Pleno dia,Crescente,Céu Claro,Múltipla,Reta,Sim,3,0,1,0,2,0,1,3,-27.58313237,-48.61532885,SPRF-SC,DEL01-SC,UOP01-DEL01-SC,2021
"341291,0",2021-02-17,quarta-feira,19:15:00,SC,101,"211,0",PALHOCA,Condutor deixou de manter distância do veículo da frente,Colisão traseira,Com Vítimas Feridas,Plena Noite,Crescente,Céu Claro,Múltipla,Reta,Sim,2,0,1,0,1,0,1,2,-27.62329313,-48.65245588,SPRF-SC,DEL01-SC,UOP02-DEL01-SC,2021
"341310,0",2021-02-17,quarta-feira,21:20:00,SC,282,"217,0",LAGES,Desrespeitar a preferência no cruzamento,Colisão transversal,Com Vítimas Feridas,Plena Noite,Decrescente,Céu Claro,Simples,Reta;Rotatória,Sim,2,0,1,0,1,0,1,2,-27.797916,-50.302944,SPRF-SC,DEL05-SC,UOP01-DEL05-SC,2021
"341318,0",2021-02-17,quarta-feira,22:00:00,SC,101,"24,5",JOINVILLE,Reação tardia ou ineficiente do condutor,Queda de ocupante de veículo,Com Vítimas Feridas,Plena Noite,Crescente,Céu Claro,Dupla,Reta,Sim,1,0,1,0,0,0,1,1,-26.17483309,-48.90767978,SPRF-SC,DEL03-SC,UOP01-DEL03-SC,2021
"341320,0",2021-02-17,quarta-feira,18:10:00,SC,163,"0,5",DIONISIO CERQUEIRA,Acessar a via sem observar a presença dos outros veículos,Colisão transversal,Com Vítimas Feridas,Pleno dia,Crescente,Céu Claro,Simples,Interseção de Vias;Declive;Reta,Sim,3,0,2,0,1,0,2,2,-26.2613,-53.6206,SPRF-SC,DEL07-SC,UOP03-DEL07-SC,2021
"341339,0",2021-02-18,quinta-feira,06:20:00,SC,470,"69,9",INDAIAL,Transitar na contramão,Colisão frontal,Com Vítimas Feridas,Amanhecer,Decrescente,Sol,Simples,Reta;Em Obras;Interseção de Vias,Sim,2,0,1,0,1,0,1,2,-26.88830184,-49.25327724,SPRF-SC,DEL04-SC,UOP01-DEL04-SC,2021
"341340,0",2021-02-18,quinta-feira,06:40:00,SC,470,"55,7",BLUMENAU,Conversão proibida,Colisão transversal,Com Vítimas Feridas,Pleno dia,Crescente,Céu Claro,Simples,Reta,Não,2,0,1,0,1,0,1,2,-26.875601,-49.117992,SPRF-SC,DEL04-SC,UOP01-DEL04-SC,2021
"341367,0",2021-02-18,quinta-feira,07:50:00,SC,101,"151,0",ITAPEMA,Problema com o freio,Colisão traseira,Com Vítimas Feridas,Pleno dia,Decrescente,Sol,Múltipla,Reta,Sim,2,0,1,0,1,0,1,2,-27.126536,-48.609642,SPRF-SC,DEL04-SC,UOP03-DEL04-SC,2021
"341391,0",2021-02-18,quinta-feira,10:40:00,SC,101,"49,0",JOINVILLE,Ingestão de álcool pelo condutor,Colisão com objeto,Sem Vítimas,Pleno dia,Decrescente,Céu Claro,Dupla,Declive,Não,1,0,0,0,1,0,0,1,-26.38085718,-48.85163069,SPRF-SC,DEL03-SC,UOP01-DEL03-SC,2021
"341407,0",2021-02-18,quinta-feira,12:00:00,SC,101,"407,0",ARARANGUA,Reação tardia ou ineficiente do condutor,Saída de leito carroçável,Com Vítimas Feridas,Pleno dia,Decrescente,Céu Claro,Simples,Rotatória,Não,1,0,1,0,0,0,1,1,-28.90009415,-49.47472781,SPRF-SC,DEL02-SC,UOP02-DEL02-SC,2021
"341415,0",2021-02-18,quinta-feira,11:40:00,SC,280,"67,0",JARAGUA DO SUL,Acessar a via sem observar a presença dos outros veículos,Colisão transversal,Com Vítimas Feridas,Pleno dia,Decrescente,Céu Claro,Simples,Reta,Sim,1,0,1,0,0,0,1,1,-26.4775146,-49.10363575,SPRF-SC,DEL03-SC,UOP03-DEL03-SC,2021
"341447,0",2021-02-18,quinta-feira,13:40:00,SC,116,"139,0",SANTA CECILIA,Mal súbito do condutor,Colisão traseira,Com Vítimas Feridas,Pleno dia,Decrescente,Céu Claro,Simples,Reta,Sim,3,0,1,1,0,1,2,2,-26.96007677,-50.41626976,SPRF-SC,DEL06-SC,UOP02-DEL06-SC,2021
"341472,0",2021-02-18,quinta-feira,18:15:00,SC,101,"202,2",SAO JOSE,Trafegar com motocicleta (ou similar) entre as faixas,Colisão lateral,Com Vítimas Feridas,Pleno dia,Crescente,Céu Claro,Dupla,Reta,Sim,3,0,1,0,2,0,1,3,-27.55711595,-48.61897889,SPRF-SC,DEL01-SC,UOP01-DEL01-SC,2021
"341490,0",2021-02-18,quinta-feira,19:28:00,SC,282,"3,7",FLORIANOPOLIS,Condutor deixou de manter distância do veículo da frente,Colisão traseira,Com Vítimas Feridas,Plena Noite,Crescente,Céu Claro,Múltipla,Curva,Sim,2,0,0,1,1,0,1,2,-27.59953836,-48.6000663,SPRF-SC,DEL01-SC,UOP01-DEL01-SC,2021
"341497,0",2021-02-18,quinta-feira,19:50:00,SC,101,"153,0",PORTO BELO,Velocidade Incompatível,Queda de ocupante de veículo,Com Vítimas Feridas,Plena Noite,Crescente,Céu Claro,Múltipla,Reta,Sim,1,0,1,0,0,0,1,1,-27.144717,-48.61063935,SPRF-SC,DEL04-SC,UOP03-DEL04-SC,2021
"341499,0",2021-02-18,quinta-feira,19:50:00,SC,101,"157,9",PORTO BELO,Ausência de reação do condutor,Colisão lateral,Com Vítimas Feridas,Plena Noite,Crescente,Céu Claro,Dupla,Reta,Sim,2,0,0,1,1,0,1,2,-27.181625,-48.6121179,SPRF-SC,DEL04-SC,UOP03-DEL04-SC,2021
"341508,0",2021-02-04,quinta-feira,09:05:00,SC,101,"145,5",ITAPEMA,Condutor deixou de manter distância do veículo da frente,Colisão traseira,Com Vítimas Feridas,Pleno dia,Decrescente,Sol,Dupla,Reta,Não,6,0,2,0,4,0,2,4,-27.08139206,-48.60130993,SPRF-SC,DEL04-SC,UOP03-DEL04-SC,2021
"341509,0",2021-02-18,quinta-feira,20:00:00,SC,116,"138,2",SANTA CECILIA,Desrespeitar a preferência no cruzamento,Colisão transversal,Com Vítimas Feridas,Plena Noite,Decrescente,Céu Claro,Simples,Reta,Não,3,0,3,0,0,0,3,2,-26.95365013,-50.42351412,SPRF-SC,DEL06-SC,UOP02-DEL06-SC,2021
"341519,0",2021-02-18,quinta-feira,23:12:00,SC,101,"142,7",ITAPEMA,Animais na Pista,Atropelamento de Animal,Com Vítimas Feridas,Plena Noite,Crescente,Céu Claro,Múltipla,Reta,Sim,1,0,0,1,0,0,1,1,-27.056089,-48.599449,SPRF-SC,DEL04-SC,UOP03-DEL04-SC,2021
"341520,0",2021-02-18,quinta-feira,22:40:00,SC,163,"79,3",GUARACIABA,Pista esburacada,Tombamento,Com Vítimas Feridas,Plena Noite,Decrescente,Céu Claro,Simples,Reta,Não,1,0,0,1,0,0,1,1,-26.65911819,-53.51816757,SPRF-SC,DEL07-SC,UOP03-DEL07-SC,2021
"341571,0",2021-02-19,sexta-feira,07:50:00,SC,116,"7,2",MAFRA,Acessar a via sem observar a presença dos outros veículos,Colisão transversal,Com Vítimas Feridas,Pleno dia,Crescente,Nublado,Simples,Reta,Sim,2,0,1,0,1,0,1,2,-26.15308817,-49.83291149,SPRF-SC,DEL06-SC,UOP01-DEL06-SC,2021
"341576,0",2021-02-19,sexta-feira,08:15:00,SC,470,"81,8",RODEIO,Velocidade Incompatível,Colisão transversal,Com Vítimas Feridas,Pleno dia,Decrescente,Sol,Simples,Aclive;Curva,Não,2,0,1,0,1,0,1,2,-26.950367,-49.325638,SPRF-SC,DEL04-SC,UOP01-DEL04-SC,2021
"341589,0",2021-01-29,sexta-feira,16:45:00,SC,470,"70,8",INDAIAL,Ultrapassagem Indevida,Colisão transversal,Com Vítimas Feridas,Pleno dia,Crescente,Chuva,Simples,Reta,Não,3,0,1,1,1,0,2,2,-26.889374,-49.254478,SPRF-SC,DEL04-SC,UOP01-DEL04-SC,2021
"341600,0",2021-02-19,sexta-feira,09:25:00,SC,101,"71,2",ARAQUARI,Condutor deixou de manter distância do veículo da frente,Colisão traseira,Com Vítimas Feridas,Pleno dia,Crescente,Céu Claro,Dupla,Reta,Não,3,0,1,0,2,0,1,3,-26.51864822,-48.71874636,SPRF-SC,DEL03-SC,UOP02-DEL03-SC,2021
"341628,0",2021-02-07,domingo,13:45:00,SC,470,"185,0",POUSO REDONDO,Acessar a via sem observar a presença dos outros veículos,Colisão transversal,Com Vítimas Feridas,Pleno dia,Crescente,Céu Claro,Simples,Curva,Não,3,0,1,2,0,0,3,2,-27.254034,-50.036575,SPRF-SC,DEL04-SC,UOP02-DEL04-SC,2021
"341635,0",2021-02-04,quinta-feira,18:01:00,SC,101,"126,0",ITAJAI,Velocidade Incompatível,Colisão traseira,Com Vítimas Feridas,Pleno dia,Crescente,Nublado,Múltipla,Reta,Não,2,0,0,1,1,0,1,2,-26.95564404,-48.67978366,SPRF-SC,DEL04-SC,UOP04-DEL04-SC,2021
"341648,0",2021-02-19,sexta-feira,14:50:00,SC,101,"139,0",BALNEARIO CAMBORIU,Desrespeitar a preferência no cruzamento,Colisão transversal,Com Vítimas Feridas,Pleno dia,Crescente,Céu Claro,Múltipla,Interseção de Vias,Sim,2,0,2,0,0,0,2,2,-27.02982303,-48.60115006,SPRF-SC,DEL04-SC,UOP03-DEL04-SC,2021
"341653,0",2021-02-19,sexta-feira,14:30:00,SC,282,"96,6",ALFREDO WAGNER,Condutor Dormindo,Saída de leito carroçável,Com Vítimas Feridas,Pleno dia,Crescente,Céu Claro,Simples,Curva,Não,2,0,1,0,1,0,1,1,-27.712412,-49.263622,SPRF-SC,DEL01-SC,UOP03-DEL01-SC,2021