id,data_inversa,dia_semana,horario,uf,br,km,municipio,causa_acidente,tipo_acidente,classificacao_acidente,fase_dia,sentido_via,condicao_metereologica,tipo_pista,tracado_via,uso_solo,pessoas,mortos,feridos_leves,feridos_graves,ilesos,ignorados,feridos,veiculos,latitude,longitude,regional,delegacia,uop,ano_arquivo
"342487,0",2021-02-23,terça-feira,13:30:00,SC,470,"194,4",POUSO REDONDO,Velocidade Incompatível,Capotamento,Sem Vítimas,Pleno dia,Decrescente,Céu Claro,Simples,Curva,Não,1,0,0,0,0,1,0,1,-27.300501,-50.080284,SPRF-SC,DEL04-SC,UOP02-DEL04-SC,2021
"342504,0",2021-02-23,terça-feira,17:45:00,SC,101,"206,9",SAO JOSE,Desrespeitar a preferência no cruzamento,Colisão lateral,Com Vítimas Feridas,Pleno dia,Crescente,Céu Claro,Dupla,Reta,Sim,3,0,2,0,1,0,2,2,-27.59193546,-48.61824557,SPRF-SC,DEL01-SC,UOP01-DEL01-SC,2021
"342511,0",2021-02-23,terça-feira,17:30:00,SC,101,"201,8",SAO JOSE,Trafegar com motocicleta (ou similar) entre as faixas,Colisão lateral,Com Vítimas Feridas,Anoitecer,Decrescente,Nublado,Dupla,Reta,Sim,3,0,1,0,1,1,1,3,-27.54836599,-48.61977975,SPRF-SC,DEL01-SC,UOP01-DEL01-SC,2021
"342521,0",2021-02-23,terça-feira,19:00:00,SC,282,"330,0",CAMPOS NOVOS,Condutor Dormindo,Saída de leito carroçável,Com Vítimas Feridas,Anoitecer,Crescente,Nublado,Simples,Reta,Não,1,0,1,0,0,0,1,1,-27.384575,-51.106579,SPRF-SC,DEL07-SC,UOP06-DEL07-SC,2021
"342524,0",2021-02-23,terça-feira,18:45:00,SC,101,"40,0",JOINVILLE,Ausência de sinalização,Colisão lateral,Com Vítimas Feridas,Plena Noite,Crescente,Chuva,Múltipla,Reta,Sim,3,0,1,0,2,0,1,3,-26.27176094,-48.89468382,SPRF-SC,DEL03-SC,UOP01-DEL03-SC,2021
"342525,0",2021-02-23,terça-feira,18:50:00,SC,101,"43,5",JOINVILLE,Demais falhas mecânicas ou elétricas,Queda de ocupante de veículo,Com Vítimas Feridas,Plena Noite,Crescente,Chuva,Dupla,Aclive,Sim,2,0,2,0,0,0,2,1,-26.30357106,-48.88225609,SPRF-SC,DEL03-SC,UOP01-DEL03-SC,2021
"342530,0",2021-02-23,terça-feira,17:45:00,SC,280,"97,6",CORUPA,Velocidade Incompatível,Saída de leito carroçável,Com Vítimas Feridas,Anoitecer,Crescente,Nublado,Simples,Curva,Não,2,0,1,0,1,0,1,1,-26.37833107,-49.31732124,SPRF-SC,DEL06-SC,UOP03-DEL06-SC,2021
"342561,0",2021-02-24,quarta-feira,05:30:00,SC,280,"48,0",GUARAMIRIM,Acessar a via sem observar a presença dos outros veículos,Colisão transversal,Com Vítimas Feridas,Pleno dia,Crescente,Céu Claro,Simples,Reta,Não,2,0,1,0,1,0,1,2,-26.45506795,-48.92766502,SPRF-SC,DEL03-SC,UOP03-DEL03-SC,2021
"342575,0",2021-02-24,quarta-feira,06:50:00,SC,101,"141,0",BALNEARIO CAMBORIU,Condutor Dormindo,Colisão com objeto,Com Vítimas Feridas,Pleno dia,Crescente,Nublado,Simples,Curva;Declive,Sim,1,0,1,0,0,0,1,1,-27.04761729,-48.59995855,SPRF-SC,DEL04-SC,UOP03-DEL04-SC,2021
"342589,0",2021-02-24,quarta-feira,07:05:00,SC,282,"577,4",PINHALZINHO,Acessar a via sem observar a presença dos outros veículos,Colisão transversal,Com Vítimas Feridas,Pleno dia,Decrescente,Nublado,Simples,Reta;Aclive,Sim,5,0,1,0,4,0,1,2,-26.84676,-52.980644,SPRF-SC,DEL07-SC,UOP02-DEL07-SC,2021
"342591,0",2021-02-24,quarta-feira,07:30:00,SC,470,"7,0",NAVEGANTES,Acesso irregular,Colisão transversal,Com Vítimas Feridas,Pleno dia,Decrescente,Nublado,Simples,Reta,Não,2,0,1,0,1,0,1,2,-26.84499,-48.71505,SPRF-SC,DEL04-SC,UOP04-DEL04-SC,2021
"342599,0",2021-02-24,quarta-feira,08:50:00,SC,101,"327,2",CAPIVARI DE BAIXO,Desrespeitar a preferência no cruzamento,Colisão transversal,Com Vítimas Feridas,Pleno dia,Crescente,Garoa/Chuvisco,Simples,Interseção de Vias,Não,2,0,1,0,1,0,1,2,-28.43023306,-48.95205197,SPRF-SC,DEL02-SC,UOP01-DEL02-SC,2021
"342621,0",2021-02-24,quarta-feira,11:30:00,SC,470,"7,0",NAVEGANTES,Velocidade Incompatível,Saída de leito carroçável,Com Vítimas Feridas,Pleno dia,Decrescente,Nublado,Dupla,Reta,Não,1,0,1,0,0,0,1,1,-26.84499,-48.71505,SPRF-SC,DEL04-SC,UOP04-DEL04-SC,2021
"342678,0",2021-02-24,quarta-feira,17:45:00,SC,101,"215,0",PALHOCA,Reação tardia ou ineficiente do condutor,Tombamento,Com Vítimas Feridas,Anoitecer,Crescente,Garoa/Chuvisco,Múltipla,Curva,Sim,1,0,1,0,0,0,1,1,-27.65184843,-48.67604941,SPRF-SC,DEL01-SC,UOP02-DEL01-SC,2021
"342693,0",2021-02-24,quarta-feira,16:40:00,SC,470,"96,0",APIUNA,Desrespeitar a preferência no cruzamento,Colisão transversal,Com Vítimas Feridas,Pleno dia,Decrescente,Nublado,Simples,Curva,Sim,2,0,0,1,1,0,1,2,-27.022933,-49.372043,SPRF-SC,DEL04-SC,UOP01-DEL04-SC,2021
"342705,0",2021-01-25,segunda-feira,14:00:00,SC,282,"48,9",AGUAS MORNAS,Chuva,Saída de leito carroçável,Com Vítimas Feridas,Pleno dia,Crescente,Chuva,Simples,Curva,Não,4,0,2,0,2,0,2,1,-27.714352,-48.938072,SPRF-SC,DEL01-SC,UOP03-DEL01-SC,2021
"342709,0",2021-02-24,quarta-feira,20:00:00,SC,470,"45,1",GASPAR,Manobra de mudança de faixa,Colisão transversal,Com Vítimas Feridas,Plena Noite,Crescente,Nublado,Simples,Reta,Sim,5,0,3,1,1,0,4,2,-26.86682186,-49.03132796,SPRF-SC,DEL04-SC,UOP01-DEL04-SC,2021
"342722,0",2021-02-24,quarta-feira,22:30:00,SC,101,"86,0",BARRA VELHA,Acessar a via sem observar a presença dos outros veículos,Colisão transversal,Com Vítimas Feridas,Plena Noite,Decrescente,Céu Claro,Múltipla,Reta,Sim,2,0,0,1,1,0,1,2,-26.63277317,-48.70232513,SPRF-SC,DEL03-SC,UOP02-DEL03-SC,2021
"342727,0",2021-02-24,quarta-feira,22:44:00,SC,101,"205,0",SAO JOSE,Pista Escorregadia,Queda de ocupante de veículo,Com Vítimas Feridas,Plena Noite,Crescente,Garoa/Chuvisco,Múltipla,Curva,Não,1,0,1,0,0,0,1,1,-27.58313237,-48.61532885,SPRF-SC,DEL01-SC,UOP01-DEL01-SC,2021
"342730,0",2021-02-24,quarta-feira,21:45:00,SC,101,"431,6",SOMBRIO,Ausência de reação do condutor,Saída de leito carroçável,Com Vítimas Feridas,Plena Noite,Crescente,Céu Claro,Múltipla,Reta,Sim,3,0,2,0,0,1,2,2,-29.07188695,-49.62704659,SPRF-SC,DEL02-SC,UOP02-DEL02-SC,2021
"342738,0",2021-02-24,quarta-feira,19:30:00,SC,101,"435,0",SOMBRIO,Reação tardia ou ineficiente do condutor,Colisão transversal,Com Vítimas Feridas,Pleno dia,Crescente,Céu Claro,Simples,Rotatória,Sim,2,0,1,0,1,0,1,2,-29.09949414,-49.63480552,SPRF-SC,DEL02-SC,UOP02-DEL02-SC,2021
"342741,0",2021-01-20,quarta-feira,09:50:00,SC,101,"402,0",MARACAJA,Acessar a via sem observar a presença dos outros veículos,Colisão traseira,Com Vítimas Feridas,Pleno dia,Crescente,Nublado,Dupla,Reta,Sim,2,0,0,1,0,1,1,2,-28.86330994,-49.44595308,SPRF-SC,DEL02-SC,UOP02-DEL02-SC,2021
"342746,0",2021-02-25,quinta-feira,03:00:00,SC,280,"100,0",SAO BENTO DO SUL,Velocidade Incompatível,Saída de leito carroçável,Com Vítimas Feridas,Plena Noite,Decrescente,Garoa/Chuvisco,Simples,Curva,Não,2,0,2,0,0,0,2,1,-26.37158361,-49.33137101,SPRF-SC,DEL06-SC,UOP03-DEL06-SC,2021
"342788,0",2021-02-25,quinta-feira,07:55:00,SC,470,"175,5",POUSO REDONDO,Condutor deixou de manter distância do veículo da frente,Colisão traseira,Com Vítimas Feridas,Pleno dia,Decrescente,Céu Claro,Simples,Reta,Não,2,0,1,0,1,0,1,2,-27.25617,-49.938969,SPRF-SC,DEL04-SC,UOP02-DEL04-SC,2021
"342798,0",2021-02-25,quinta-feira,11:40:00,SC,280,"78,0",CORUPA,Acessar a via sem observar a presença dos outros veículos,Colisão frontal,Com Vítimas Feridas,Pleno dia,Crescente,Céu Claro,Simples,Curva;Interseção de Vias,Não,2,0,1,0,1,0,1,2,-26.45019273,-49.1935729,SPRF-SC,DEL06-SC,UOP03-DEL06-SC,2021
"342802,0",2021-02-25,quinta-feira,11:10:00,SC,101,"435,8",SOMBRIO,Animais na Pista,Atropelamento de Animal,Com Vítimas Feridas,Pleno dia,Crescente,Nublado,Simples,Reta,Sim,1,0,0,1,0,0,1,1,-29.09949414,-49.63480552,SPRF-SC,DEL02-SC,UOP02-DEL02-SC,2021
"342806,0",2021-02-25,quinta-feira,10:50:00,SC,101,"88,0",BARRA VELHA,Ausência de reação do condutor,Atropelamento de Pedestre,Com Vítimas Feridas,Pleno dia,Decrescente,Chuva,Dupla,Interseção de Vias,Sim,3,0,2,0,1,0,2,3,-26.64253985,-48.68950684,SPRF-SC,DEL03-SC,UOP02-DEL03-SC,2021
"342814,0",2021-02-25,quinta-feira,13:30:00,SC,163,"71,4",SAO MIGUEL DO OESTE,Acessar a via sem observar a presença dos outros veículos,Colisão transversal,Com Vítimas Feridas,Pleno dia,Decrescente,Céu Claro,Dupla,Aclive;Interseção de Vias;Reta,Sim,2,0,1,0,1,0,1,2,-26.72435775,-53.51368546,SPRF-SC,DEL07-SC,UOP03-DEL07-SC,2021
"342815,0",2021-02-25,quinta-feira,13:50:00,SC,101,"132,4",BALNEARIO CAMBORIU,Ingestão de álcool pelo condutor,Colisão traseira,Com Vítimas Feridas,Pleno dia,Crescente,Chuva,Dupla,Reta,Sim,2,0,1,0,1,0,1,2,-26.99654133,-48.65564711,SPRF-SC,DEL04-SC,UOP03-DEL04-SC,2021
"342819,0",2021-02-25,quinta-feira,14:10:00,SC,101,"205,0",SAO JOSE,Condutor deixou de manter distância do veículo da frente,Engavetamento,Sem Vítimas,Pleno dia,Crescente,Céu Claro,Múltipla,Reta,Sim,4,0,0,0,4,0,0,4,-27.58313237,-48.61532885,SPRF-SC,DEL01-SC,UOP01-DEL01-SC,2021
"342858,0",2021-02-25,quinta-feira,16:00:00,SC,470,"119,2",IBIRAMA,Avarias e/ou desgaste excessivo no pneu,Saída de leito carroçável,Com Vítimas Feridas,Pleno dia,Crescente,Chuva,Simples,Curva,Sim,1,0,1,0,0,0,1,1,-27.087709,-49.51915741,SPRF-SC,DEL04-SC,UOP02-DEL04-SC,2021
"342872,0",2021-02-25,quinta-feira,18:00:00,SC,282,"223,0",LAGES,Desrespeitar a preferência no cruzamento,Colisão transversal,Com Vítimas Feridas,Pleno dia,Decrescente,Céu Claro,Simples,Declive,Sim,2,0,1,0,1,0,1,2,-27.800127,-50.362751,SPRF-SC,DEL05-SC,UOP01-DEL05-SC,2021
"342876,0",2021-02-25,quinta-feira,17:00:00,SC,101,"270,9",IMBITUBA,Reação tardia ou ineficiente do condutor,Colisão com objeto,Com Vítimas Feridas,Pleno dia,Decrescente,Chuva,Dupla,Curva,Não,3,0,3,0,0,0,3,1,-28.09045764,-48.70960236,SPRF-SC,DEL02-SC,UOP03-DEL02-SC,2021
"342887,0",2021-02-25,quinta-feira,18:50:00,SC,101,"218,0",PALHOCA,Reação tardia ou ineficiente do condutor,Colisão transversal,Com Vítimas Feridas,Anoitecer,Decrescente,Chuva,Dupla,Reta,Sim,2,0,1,0,1,0,1,2,-27.6758601,-48.67052525,SPRF-SC,DEL01-SC,UOP02-DEL01-SC,2021
"342888,0",2021-02-25,quinta-feira,17:00:00,SC,282,"496,7",XANXERE,Ausência de reação do condutor,Saída de leito carroçável,Com Vítimas Feridas,Pleno dia,Crescente,Sol,Simples,Reta,Não,2,0,2,0,0,0,2,1,-26.878679,-52.335735,SPRF-SC,DEL07-SC,UOP01-DEL07-SC,2021
"342894,0",2021-02-25,quinta-feira,19:19:00,SC,101,"305,0",LAGUNA,Demais falhas mecânicas ou elétricas,Incêndio,Sem Vítimas,Plena Noite,Crescente,Garoa/Chuvisco,Múltipla,Reta,Sim,1,0,0,0,1,0,0,1,-28.4000267,-48.78612041,SPRF-SC,DEL02-SC,UOP03-DEL02-SC,2021
"342897,0",2021-02-25,quinta-feira,18:00:00,SC,470,"174,4",POUSO REDONDO,Transitar no acostamento,Colisão transversal,Com Vítimas Feridas,Pleno dia,Decrescente,Chuva,Simples,Reta,Não,2,0,1,0,1,0,1,2,-27.258179,-49.929146,SPRF-SC,DEL04-SC,UOP02-DEL04-SC,2021
"342903,0",2021-02-25,quinta-feira,18:40:00,SC,101,"390,4",ICARA,Reação tardia ou ineficiente do condutor,Colisão com objeto,Com Vítimas Feridas,Plena Noite,Decrescente,Nublado,Dupla,Reta,Não,1,0,1,0,0,0,1,1,-28.79513029,-49.35435084,SPRF-SC,DEL02-SC,UOP02-DEL02-SC,2021
"342925,0",2021-02-25,quinta-feira,22:20:00,SC,101,"369,0",ICARA,Reação tardia ou ineficiente do condutor,Saída de leito carroçável,Com Vítimas Feridas,Plena Noite,Decrescente,Nublado,Dupla,Interseção de Vias,Não,2,0,1,0,1,0,1,1,-28.70127869,-49.19514656,SPRF-SC,DEL02-SC,UOP01-DEL02-SC,2021
"342926,0",2021-02-25,quinta-feira,22:25:00,SC,470,"56,0",BLUMENAU,Conversão proibida,Colisão frontal,Sem Vítimas,Plena Noite,Crescente,Céu Claro,Simples,Interseção de Vias,Não,2,0,0,0,2,0,0,2,-26.87674,-49.127743,SPRF-SC,DEL04-SC,UOP01-DEL04-SC,2021
"342935,0",2021-02-25,quinta-feira,22:50:00,SC,101,"210,0",SAO JOSE,Velocidade Incompatível,Colisão traseira,Sem Vítimas,Plena Noite,Decrescente,Céu Claro,Múltipla,Reta,Sim,3,0,0,0,1,2,0,3,-27.6167305,-48.6457265,SPRF-SC,DEL01-SC,UOP01-DEL01-SC,2021
"342978,0",2021-02-26,sexta-feira,08:45:00,SC,470,"42,4",GASPAR,Reação tardia ou ineficiente do condutor,Colisão traseira,Com Vítimas Feridas,Pleno dia,Decrescente,Céu Claro,Simples,Reta,Sim,2,0,1,0,1,0,1,2,-26.875719,-49.003746,SPRF-SC,DEL04-SC,UOP01-DEL04-SC,2021
"342982,0",2021-02-26,sexta-feira,09:15:00,SC,101,"142,2",ITAPEMA,Acessar a via sem observar a presença dos outros veículos,Colisão traseira,Com Vítimas Feridas,Pleno dia,Decrescente,Nublado,Dupla,Curva,Sim,5,0,2,0,3,0,2,4,-27.057905,-48.597552,SPRF-SC,DEL04-SC,UOP03-DEL04-SC,2021
"343004,0",2021-02-07,domingo,20:45:00,SC,282,"215,0",LAGES,Velocidade Incompatível,Queda de ocupante de veículo,Com Vítimas Feridas,Plena Noite,Decrescente,Céu Claro,Dupla,Reta,Sim,1,0,1,0,0,0,1,1,-27.793665,-50.281799,SPRF-SC,DEL05-SC,UOP01-DEL05-SC,2021
"343017,0",2021-02-26,sexta-feira,12:50:00,SC,101,"137,0",BALNEARIO CAMBORIU,Condutor deixou de manter distância do veículo da frente,Colisão traseira,Com Vítimas Feridas,Pleno dia,Decrescente,Céu Claro,Múltipla,Reta,Sim,2,0,1,0,1,0,1,2,-27.0157238,-48.61192763,SPRF-SC,DEL04-SC,UOP03-DEL04-SC,2021
"343034,0",2021-02-26,sexta-feira,13:30:00,SC,280,"96,1",SAO BENTO DO SUL,Velocidade Incompatível,Saída de leito carroçável,Com Vítimas Feridas,Pleno dia,Crescente,Chuva,Simples,Curva,Não,3,0,3,0,0,0,3,1,-26.3833143,-49.31223107,SPRF-SC,DEL06-SC,UOP03-DEL06-SC,2021
"343037,0",2021-02-26,sexta-feira,13:20:00,SC,101,"378,9",ICARA,Condutor Dormindo,Colisão com objeto,Com Vítimas Feridas,Pleno dia,Crescente,Nublado,Dupla,Reta,Sim,2,0,2,0,0,0,2,1,-28.75291155,-49.27471161,SPRF-SC,DEL02-SC,UOP02-DEL02-SC,2021
"343049,0",2021-02-26,sexta-feira,14:20:00,SC,101,"63,8",ARAQUARI,Objeto estático sobre o leito carroçável,Colisão com objeto,Com Vítimas Feridas,Pleno dia,Decrescente,Sol,Dupla,Curva,Sim,1,0,1,0,0,0,1,1,-26.45898367,-48.7584088,SPRF-SC,DEL03-SC,UOP02-DEL03-SC,2021
"343052,0",2021-02-26,sexta-feira,15:20:00,SC,280,"89,0",CORUPA,Reação tardia ou ineficiente do condutor,Saída de leito carroçável,Sem Vítimas,Pleno dia,Decrescente,Nublado,Simples,Reta,Não,1,0,0,0,1,0,0,1,-26.41222834,-49.27628914,SPRF-SC,DEL06-SC,UOP03-DEL06-SC,2021
"343065,0",2021-02-26,sexta-feira,15:20:00,SC,282,"134,6",BOM RETIRO,Manobra de mudança de faixa,Saída de leito carroçável,Com Vítimas Feridas,Pleno dia,Decrescente,Céu Claro,Simples,Reta,Não,2,0,1,0,1,0,1,2,-27.813074,-49.540077,SPRF-SC,DEL05-SC,UOP01-DEL05-SC,2021
"343092,0",2021-02-26,sexta-feira,17:50:00,SC,101,"141,0",ITAPEMA,Manobra de mudança de faixa,Queda de ocupante de veículo,Com Vítimas Feridas,Pleno dia,Decrescente,Céu Claro,Dupla,Reta,Sim,1,0,1,0,0,0,1,1,-27.04761729,-48.59995855,SPRF-SC,DEL04-SC,UOP03-DEL04-SC,2021
"343102,0",2021-02-26,sexta-feira,17:45:00,SC,282,"3,0",FLORIANOPOLIS,Ingestão de álcool pelo condutor,Engavetamento,Com Vítimas Feridas,Anoitecer,Crescente,Chuva,Múltipla,Reta,Sim,4,0,1,0,3,0,1,4,-27.600384,-48.599705,SPRF-SC,DEL01-SC,UOP01-DEL01-SC,2021
"343108,0",2021-02-26,sexta-feira,19:10:00,SC,470,"56,0",BLUMENAU,Ausência de reação do condutor,Colisão frontal,Com Vítimas Feridas,Plena Noite,Crescente,Céu Claro,Simples,Interseção de Vias,Sim,2,0,1,0,1,0,1,2,-26.8771494,-49.12989724,SPRF-SC,DEL04-SC,UOP01-DEL04-SC,2021
"343113,0",2021-02-26,sexta-feira,20:10:00,SC,470,"49,0",BLUMENAU,Ausência de reação do condutor,Colisão frontal,Com Vítimas Feridas,Plena Noite,Decrescente,Nublado,Simples,Reta,Não,3,0,2,0,1,0,2,2,-26.860662,-49.065159,SPRF-SC,DEL04-SC,UOP01-DEL04-SC,2021
"343116,0",2021-02-26,sexta-feira,19:05:00,SC,163,"85,1",GUARACIABA,Acessar a via sem observar a presença dos outros veículos,Colisão transversal,Com Vítimas Feridas,Anoitecer,Crescente,Céu Claro,Simples,Rotatória;Declive,Sim,2,0,1,0,1,0,1,2,-26.60730301,-53.51704391,SPRF-SC,DEL07-SC,UOP03-DEL07-SC,2021
"343118,0",2021-02-26,sexta-feira,20:30:00,SC,282,"3,0",FLORIANOPOLIS,Ingestão de álcool pelo condutor,Engavetamento,Sem Vítimas,Plena Noite,Crescente,Chuva,Dupla,Reta,Sim,6,0,0,0,6,0,0,3,-27.600384,-48.599705,SPRF-SC,DEL01-SC,UOP01-DEL01-SC,2021
"343129,0",2021-02-26,sexta-feira,20:00:00,SC,101,"218,0",PALHOCA,Mal súbito do condutor,Colisão traseira,Com Vítimas Feridas,Plena Noite,Crescente,Garoa/Chuvisco,Múltipla,Reta,Sim,2,0,1,0,1,0,1,2,-27.6758601,-48.67052525,SPRF-SC,DEL01-SC,UOP02-DEL01-SC,2021
"343164,0",2021-02-27,sábado,01:11:00,SC,101,"165,2",TIJUCAS,Reação tardia ou ineficiente do condutor,Colisão com objeto,Com Vítimas Feridas,Plena Noite,Crescente,Nublado,Dupla,Reta,Não,2,0,1,1,0,0,2,1,-27.252663,-48.63154894,SPRF-SC,DEL04-SC,UOP03-DEL04-SC,2021
"343170,0",2021-02-27,sábado,00:39:00,SC,470,"91,6",APIUNA,Ingestão de álcool pelo condutor,Colisão com objeto,Sem Vítimas,Plena Noite,Decrescente,Chuva,Simples,Reta,Sim,1,0,0,0,1,0,0,1,-26.97769,-49.369198,SPRF-SC,DEL04-SC,UOP01-DEL04-SC,2021
"343180,0",2021-02-27,sábado,02:00:00,SC,470,"49,0",BLUMENAU,Avarias e/ou desgaste excessivo no pneu,Saída de leito carroçável,Sem Vítimas,Plena Noite,Crescente,Chuva,Simples,Curva,Sim,1,0,0,0,0,1,0,1,-26.860662,-49.065159,SPRF-SC,DEL04-SC,UOP01-DEL04-SC,2021
"343223,0",2021-02-27,sábado,10:25:00,SC,470,"55,6",BLUMENAU,Transitar no acostamento,Colisão lateral mesmo sentido,Com Vítimas Feridas,Pleno dia,Decrescente,Nublado,Simples,Declive;Reta,Não,4,0,1,0,3,0,1,2,-26.875601,-49.117992,SPRF-SC,DEL04-SC,UOP01-DEL04-SC,2021
"343226,0",2021-02-27,sábado,10:35:00,SC,101,"158,5",PORTO BELO,Condutor deixou de manter distância do veículo da frente,Colisão lateral mesmo sentido,Com Vítimas Feridas,Pleno dia,Decrescente,Chuva,Dupla,Reta,Não,3,0,1,0,2,0,1,2,-27.19096301,-48.61259017,SPRF-SC,DEL04-SC,UOP03-DEL04-SC,2021
"343241,0",2021-02-27,sábado,12:30:00,SC,101,"212,9",PALHOCA,Condutor deixou de manter distância do veículo da frente,Colisão traseira,Com Vítimas Feridas,Pleno dia,Crescente,Nublado,Múltipla,Reta,Sim,3,0,1,0,2,0,1,3,-27.62996929,-48.65903871,SPRF-SC,DEL01-SC,UOP02-DEL01-SC,2021
"343244,0",2021-02-26,sexta-feira,14:00:00,SC,470,"131,0",LONTRAS,Velocidade Incompatível,Saída de leito carroçável,Sem Vítimas,Pleno dia,Decrescente,Sol,Simples,Curva,Sim,1,0,0,0,0,1,0,1,-27.16738248,-49.559412,SPRF-SC,DEL04-SC,UOP02-DEL04-SC,2021
"343246,0",2021-02-27,sábado,11:30:00,SC,101,"53,1",JOINVILLE,Velocidade Incompatível,Saída de leito carroçável,Com Vítimas Feridas,Pleno dia,Decrescente,Chuva,Dupla,Reta,Não,1,0,1,0,0,0,1,1,-26.40231201,-48.83969703,SPRF-SC,DEL03-SC,UOP01-DEL03-SC,2021
"343255,0",2021-02-27,sábado,13:00:00,SC,101,"383,0",ICARA,Velocidade Incompatível,Saída de leito carroçável,Sem Vítimas,Pleno dia,Crescente,Nublado,Múltipla,Reta,Não,1,0,0,0,0,1,0,1,-28.77578442,-49.31591034,SPRF-SC,DEL02-SC,UOP02-DEL02-SC,2021
"343260,0",2021-02-27,sábado,14:17:00,SC,101,"194,0",BIGUACU,Ultrapassagem Indevida,Colisão traseira,Com Vítimas Feridas,Pleno dia,Decrescente,Céu Claro,Dupla,Reta,Sim,2,0,0,1,1,0,1,2,-27.49815117,-48.65661236,SPRF-SC,DEL01-SC,UOP01-DEL01-SC,2021
"343269,0",2021-02-15,segunda-feira,08:40:00,SC,101,"200,8",SAO JOSE,Ausência de reação do condutor,Colisão traseira,Com Vítimas Feridas,Pleno dia,Crescente,Sol,Múltipla,Reta,Sim,2,0,1,0,1,0,1,2,-27.54018513,-48.62287714,SPRF-SC,DEL01-SC,UOP01-DEL01-SC,2021
"343270,0",2021-02-27,sábado,14:20:00,SC,280,"118,4",SAO BENTO DO SUL,Ultrapassagem Indevida,Colisão frontal,Com Vítimas Feridas,Pleno dia,Crescente,Chuva,Simples,Aclive,Não,4,0,3,0,1,0,3,2,-26.26608202,-49.42467403,SPRF-SC,DEL06-SC,UOP03-DEL06-SC,2021
"343271,0",2021-02-07,domingo,11:40:00,SC,101,"88,9",BARRA VELHA,Manobra de mudança de faixa,Colisão traseira,Com Vítimas Feridas,Pleno dia,Crescente,Céu Claro,Simples,Reta,Sim,2,0,1,0,1,0,1,2,-26.65221487,-48.68737221,SPRF-SC,DEL03-SC,UOP02-DEL03-SC,2021
"343310,0",2021-02-27,sábado,18:20:00,SC,101,"214,6",PALHOCA,Desrespeitar a preferência no cruzamento,Colisão transversal,Com Vítimas Feridas,Pleno dia,Decrescente,Nublado,Múltipla,Viaduto,Sim,3,0,2,0,1,0,2,2,-27.64727788,-48.67229819,SPRF-SC,DEL01-SC,UOP02-DEL01-SC,2021
"343328,0",2021-02-27,sábado,19:40:00,SC,282,"38,6",AGUAS MORNAS,Transitar na contramão,Colisão lateral sentido oposto,Sem Vítimas,Plena Noite,Decrescente,Nublado,Simples,Curva,Não,2,0,0,0,2,0,0,2,-27.709209,-48.852467,SPRF-SC,DEL01-SC,UOP03-DEL01-SC,2021
"343355,0",2021-02-27,sábado,20:30:00,SC,282,"643,2",SAO MIGUEL DO OESTE,Velocidade Incompatível,Saída de leito carroçável,Sem Vítimas,Plena Noite,Crescente,Céu Claro,Simples,Curva,Não,1,0,0,0,0,1,0,1,-26.768974,-53.469772,SPRF-SC,DEL07-SC,UOP03-DEL07-SC,2021
"343371,0",2021-02-27,sábado,20:20:00,SC,282,"408,0",CATANDUVAS,Ingestão de álcool pelo condutor,Saída de leito carroçável,Sem Vítimas,Plena Noite,Decrescente,Céu Claro,Simples,Curva,Não,1,0,0,0,1,0,0,1,-27.074812,-51.663269,SPRF-SC,DEL07-SC,UOP05-DEL07-SC,2021
"343373,0",2021-02-27,sábado,21:30:00,SC,101,"331,0",TUBARAO,Manobra de mudança de faixa,Colisão lateral mesmo sentido,Com Vítimas Feridas,Plena Noite,Crescente,Nublado,Dupla,Reta,Não,4,0,1,0,3,0,1,2,-28.45567521,-48.9812689,SPRF-SC,DEL02-SC,UOP01-DEL02-SC,2021
"343374,0",2021-02-27,sábado,23:30:00,SC,101,"330,0",CAPIVARI DE BAIXO,Ausência de reação do condutor,Colisão traseira,Com Vítimas Feridas,Plena Noite,Decrescente,Céu Claro,Dupla,Reta,Não,2,0,1,0,0,1,1,2,-28.45115639,-48.97286879,SPRF-SC,DEL02-SC,UOP01-DEL02-SC,2021
"343383,0",2021-02-27,sábado,23:30:00,SC,101,"38,0",JOINVILLE,Desrespeitar a preferência no cruzamento,Colisão transversal,Com Vítimas Fatais,Plena Noite,Crescente,Chuva,Múltipla,Interseção de Vias,Sim,4,1,3,0,0,0,3,2,-26.29672383,-48.88407469,SPRF-SC,DEL03-SC,UOP01-DEL03-SC,2021
"343386,0",2021-02-28,domingo,02:29:00,SC,101,"210,1",SAO JOSE,Velocidade Incompatível,Colisão com objeto,Com Vítimas Feridas,Plena Noite,Decrescente,Chuva,Dupla,Reta,Sim,2,0,1,0,1,0,1,1,-27.6167305,-48.6457265,SPRF-SC,DEL01-SC,UOP01-DEL01-SC,2021
"343390,0",2021-02-28,domingo,02:45:00,SC,282,"504,0",XANXERE,Velocidade Incompatível,Capotamento,Sem Vítimas,Plena Noite,Crescente,Céu Claro,Dupla,Curva,Sim,3,0,0,0,3,0,0,1,-26.88429672,-52.40851879,SPRF-SC,DEL07-SC,UOP01-DEL07-SC,2021
"343431,0",2021-02-28,domingo,09:30:00,SC,101,"79,5",ARAQUARI,Acumulo de óleo sobre o pavimento,Colisão com objeto,Com Vítimas Feridas,Pleno dia,Decrescente,Garoa/Chuvisco,Múltipla,Interseção de Vias,Sim,2,0,1,0,1,0,1,1,-26.58559601,-48.72192112,SPRF-SC,DEL03-SC,UOP02-DEL03-SC,2021