id,data_inversa,dia_semana,horario,uf,br,km,municipio,causa_acidente,tipo_acidente,classificacao_acidente,fase_dia,sentido_via,condicao_metereologica,tipo_pista,tracado_via,uso_solo,pessoas,mortos,feridos_leves,feridos_graves,ilesos,ignorados,feridos,veiculos,latitude,longitude,regional,delegacia,uop,ano_arquivo
"344725,0",2021-03-06,sábado,21:30:00,SC,282,"591,0",SAUDADES,Velocidade Incompatível,Saída de leito carroçável,Com Vítimas Feridas,Plena Noite,Decrescente,Céu Claro,Simples,Curva,Não,1,0,1,0,0,0,1,1,-26.8275175,-53.07645321,SPRF-SC,DEL07-SC,UOP02-DEL07-SC,2021
"344734,0",2021-03-06,sábado,22:50:00,SC,470,"118,7",IBIRAMA,Acessar a via sem observar a presença dos outros veículos,Colisão transversal,Com Vítimas Feridas,Plena Noite,Crescente,Céu Claro,Simples,Interseção de Vias,Sim,5,0,4,0,1,0,4,2,-27.082176,-49.511818,SPRF-SC,DEL04-SC,UOP02-DEL04-SC,2021
"344738,0",2021-03-06,sábado,22:30:00,SC,101,"24,8",JOINVILLE,Desrespeitar a preferência no cruzamento,Colisão transversal,Com Vítimas Feridas,Plena Noite,Crescente,Nublado,Simples,Interseção de Vias,Sim,2,0,1,0,1,0,1,2,-26.1834739,-48.9105912,SPRF-SC,DEL03-SC,UOP01-DEL03-SC,2021
"344742,0",2021-03-06,sábado,22:00:00,SC,282,"504,4",XANXERE,Ingestão de álcool pelo condutor,Colisão frontal,Com Vítimas Feridas,Plena Noite,Crescente,Céu Claro,Simples,Reta,Sim,3,0,3,0,0,0,3,2,-26.884584,-52.390911,SPRF-SC,DEL07-SC,UOP01-DEL07-SC,2021
"344749,0",2021-03-06,sábado,23:30:00,SC,470,"110,8",APIUNA,Velocidade Incompatível,Colisão com objeto,Com Vítimas Fatais,Plena Noite,Decrescente,Céu Claro,Simples,Curva;Ponte,Não,1,1,0,0,0,0,0,1,-27.09782933,-49.45833027,SPRF-SC,DEL04-SC,UOP02-DEL04-SC,2021
"344756,0",2021-03-07,domingo,01:00:00,SC,101,"38,5",JOINVILLE,Desrespeitar a preferência no cruzamento,Colisão transversal,Com Vítimas Feridas,Plena Noite,Crescente,Nublado,Dupla,Rotatória;Interseção de Vias;Viaduto,Sim,3,0,2,0,1,0,2,2,-26.29628137,-48.88435364,SPRF-SC,DEL03-SC,UOP01-DEL03-SC,2021
"344763,0",2021-03-07,domingo,01:50:00,SC,101,"219,9",PALHOCA,Ingestão de álcool pelo condutor,Saída de leito carroçável,Com Vítimas Feridas,Plena Noite,Crescente,Nublado,Simples,Curva,Não,1,0,1,0,0,0,1,1,-27.68392194,-48.66710085,SPRF-SC,DEL01-SC,UOP02-DEL01-SC,2021
"344782,0",2021-03-07,domingo,03:10:00,SC,101,"331,5",TUBARAO,Ingestão de álcool pelo condutor,Saída de leito carroçável,Com Vítimas Feridas,Plena Noite,Decrescente,Céu Claro,Simples,Reta,Sim,1,0,1,0,0,0,1,1,-28.45567521,-48.9812689,SPRF-SC,DEL02-SC,UOP01-DEL02-SC,2021
"344785,0",2021-03-07,domingo,04:45:00,SC,101,"50,3",JOINVILLE,Ingestão de álcool pelo condutor,Colisão com objeto,Com Vítimas Feridas,Plena Noite,Decrescente,Céu Claro,Dupla,Curva,Não,1,0,1,0,0,0,1,1,-26.37546719,-48.85479619,SPRF-SC,DEL03-SC,UOP01-DEL03-SC,2021
"344819,0",2021-03-07,domingo,08:20:00,SC,101,"136,2",BALNEARIO CAMBORIU,Condutor deixou de manter distância do veículo da frente,Colisão traseira,Com Vítimas Feridas,Pleno dia,Crescente,Céu Claro,Dupla,Reta,Sim,7,0,5,1,1,0,6,2,-27.008113,-48.617245,SPRF-SC,DEL04-SC,UOP03-DEL04-SC,2021
"344829,0",2021-03-07,domingo,12:20:00,SC,101,"208,0",SAO JOSE,Demais falhas mecânicas ou elétricas,Tombamento,Com Vítimas Feridas,Pleno dia,Decrescente,Céu Claro,Dupla,Curva,Sim,2,0,2,0,0,0,2,1,-27.60327979,-48.63201818,SPRF-SC,DEL01-SC,UOP01-DEL01-SC,2021
"344837,0",2021-03-07,domingo,13:30:00,SC,101,"192,0",BIGUACU,Ingestão de álcool pelo condutor,Queda de ocupante de veículo,Com Vítimas Feridas,Pleno dia,Crescente,Céu Claro,Simples,Declive,Sim,2,0,1,0,1,0,1,2,-27.48443781,-48.64765238,SPRF-SC,DEL01-SC,UOP01-DEL01-SC,2021
"344849,0",2021-02-05,sexta-feira,00:35:00,SC,282,"26,6",SANTO AMARO DA IMPERATRIZ,Ingestão de álcool pelo condutor,Colisão com objeto,Com Vítimas Fatais,Plena Noite,Decrescente,Céu Claro,Simples,Reta,Sim,5,1,0,1,1,2,1,4,-27.6744009,-48.7690255,SPRF-SC,DEL01-SC,UOP03-DEL01-SC,2021
"344887,0",2021-03-07,domingo,15:35:00,SC,163,"70,0",SAO MIGUEL DO OESTE,Velocidade Incompatível,Saída de leito carroçável,Com Vítimas Feridas,Pleno dia,Crescente,Céu Claro,Dupla,Reta,Sim,1,0,0,1,0,0,1,1,-26.73461723,-53.50680015,SPRF-SC,DEL07-SC,UOP03-DEL07-SC,2021
"344895,0",2021-03-07,domingo,15:40:00,SC,282,"225,0",LAGES,Desrespeitar a preferência no cruzamento,Colisão transversal,Com Vítimas Feridas,Pleno dia,Crescente,Sol,Simples,Rotatória,Sim,2,0,1,0,1,0,1,2,-27.79975439,-50.36338806,SPRF-SC,DEL05-SC,UOP02-DEL05-SC,2021
"344902,0",2021-03-07,domingo,12:15:00,SC,101,"272,8",IMBITUBA,Acumulo de óleo sobre o pavimento,Tombamento,Com Vítimas Feridas,Pleno dia,Crescente,Céu Claro,Simples,Rotatória,Sim,1,0,1,0,0,0,1,1,-28.11780197,-48.69928995,SPRF-SC,DEL02-SC,UOP03-DEL02-SC,2021
"344933,0",2021-03-07,domingo,17:05:00,SC,470,"274,9",BRUNOPOLIS,Manobra de mudança de faixa,Colisão lateral mesmo sentido,Com Vítimas Feridas,Pleno dia,Crescente,Céu Claro,Simples,Reta,Não,5,0,2,0,3,0,2,2,-27.328598,-50.803162,SPRF-SC,DEL07-SC,UOP06-DEL07-SC,2021
"344935,0",2021-03-07,domingo,20:18:00,SC,101,"327,0",CAPIVARI DE BAIXO,Velocidade Incompatível,Tombamento,Com Vítimas Feridas,Plena Noite,Decrescente,Céu Claro,Simples,Reta,Sim,1,0,1,0,0,0,1,1,-28.43023306,-48.95205197,SPRF-SC,DEL02-SC,UOP01-DEL02-SC,2021
"344960,0",2021-03-07,domingo,21:45:00,SC,280,"27,0",ARAQUARI,Obras na pista,Saída de leito carroçável,Com Vítimas Feridas,Plena Noite,Decrescente,Chuva,Simples,Em Obras,Sim,2,0,1,0,1,0,1,1,-26.39685622,-48.74021969,SPRF-SC,DEL03-SC,UOP03-DEL03-SC,2021
"344995,0",2021-03-08,segunda-feira,07:30:00,SC,470,"45,3",GASPAR,Reação tardia ou ineficiente do condutor,Colisão traseira,Com Vítimas Feridas,Pleno dia,Crescente,Céu Claro,Dupla,Reta,Sim,4,0,1,1,2,0,2,3,-26.867064,-49.031109,SPRF-SC,DEL04-SC,UOP01-DEL04-SC,2021
"344998,0",2021-03-08,segunda-feira,07:20:00,SC,101,"79,5",ARAQUARI,Reação tardia ou ineficiente do condutor,Colisão traseira,Sem Vítimas,Pleno dia,Crescente,Céu Claro,Dupla,Retorno Regulamentado,Não,2,0,0,0,2,0,0,2,-26.58559601,-48.72192112,SPRF-SC,DEL03-SC,UOP02-DEL03-SC,2021
"344999,0",2021-03-08,segunda-feira,07:30:00,SC,101,"208,0",SAO JOSE,Demais falhas mecânicas ou elétricas,Queda de ocupante de veículo,Com Vítimas Feridas,Pleno dia,Decrescente,Céu Claro,Múltipla,Reta,Sim,2,0,2,0,0,0,2,1,-27.60327979,-48.63201818,SPRF-SC,DEL01-SC,UOP01-DEL01-SC,2021
"345005,0",2021-03-08,segunda-feira,08:00:00,SC,470,"54,0",BLUMENAU,Conversão proibida,Colisão transversal,Com Vítimas Feridas,Pleno dia,Crescente,Sol,Simples,Curva,Sim,2,0,1,0,1,0,1,2,-26.871065,-49.110374,SPRF-SC,DEL04-SC,UOP01-DEL04-SC,2021
"345008,0",2021-03-04,quinta-feira,07:50:00,SC,101,"205,0",SAO JOSE,Trafegar com motocicleta (ou similar) entre as faixas,Colisão traseira,Sem Vítimas,Pleno dia,Crescente,Céu Claro,Múltipla,Reta,Sim,2,0,0,0,2,0,0,2,-27.58313237,-48.61532885,SPRF-SC,DEL01-SC,UOP01-DEL01-SC,2021
"345025,0",2021-03-08,segunda-feira,08:00:00,SC,280,"69,0",JARAGUA DO SUL,Trafegar com motocicleta (ou similar) entre as faixas,Colisão transversal,Com Vítimas Feridas,Pleno dia,Decrescente,Céu Claro,Simples,Interseção de Vias,Sim,2,0,1,0,1,0,1,2,-26.46803296,-49.11833097,SPRF-SC,DEL03-SC,UOP03-DEL03-SC,2021
"345031,0",2021-03-04,quinta-feira,22:30:00,SC,101,"215,1",PALHOCA,Reação tardia ou ineficiente do condutor,Colisão traseira,Sem Vítimas,Plena Noite,Crescente,Nublado,Múltipla,Reta,Sim,2,0,0,0,2,0,0,2,-27.65234717,-48.67658973,SPRF-SC,DEL01-SC,UOP02-DEL01-SC,2021
"345040,0",2021-03-08,segunda-feira,11:00:00,SC,282,"16,3",PALHOCA,Transitar no acostamento,Colisão frontal,Com Vítimas Feridas,Pleno dia,Crescente,Céu Claro,Simples,Reta,Sim,2,0,1,0,1,0,1,2,-27.658611,-48.681847,SPRF-SC,DEL01-SC,UOP02-DEL01-SC,2021
"345051,0",2021-03-08,segunda-feira,08:40:00,SC,470,"115,0",IBIRAMA,Ultrapassagem Indevida,Saída de leito carroçável,Com Vítimas Feridas,Pleno dia,Crescente,Nublado,Simples,Reta,Não,1,0,1,0,0,0,1,1,-27.080416,-49.485348,SPRF-SC,DEL04-SC,UOP02-DEL04-SC,2021
"345074,0",2021-03-08,segunda-feira,15:20:00,SC,101,"143,6",ITAPEMA,Demais falhas mecânicas ou elétricas,Incêndio,Sem Vítimas,Pleno dia,Crescente,Céu Claro,Dupla,Reta,Sim,1,0,0,0,1,0,0,1,-27.06436,-48.59599405,SPRF-SC,DEL04-SC,UOP03-DEL04-SC,2021
"345102,0",2021-03-08,segunda-feira,18:50:00,SC,101,"206,0",SAO JOSE,Condutor deixou de manter distância do veículo da frente,Colisão traseira,Sem Vítimas,Anoitecer,Crescente,Nublado,Múltipla,Reta,Sim,3,0,0,0,3,0,0,2,-27.59193546,-48.61824557,SPRF-SC,DEL01-SC,UOP01-DEL01-SC,2021
"345105,0",2021-03-08,segunda-feira,18:30:00,SC,101,"120,8",ITAJAI,Ingestão de álcool pelo condutor,Saída de leito carroçável,Sem Vítimas,Plena Noite,Crescente,Céu Claro,Simples,Viaduto,Não,1,0,0,0,1,0,0,1,-26.912758,-48.711998,SPRF-SC,DEL04-SC,UOP04-DEL04-SC,2021
"345107,0",2021-03-08,segunda-feira,19:25:00,SC,101,"192,4",BIGUACU,Objeto estático sobre o leito carroçável,Colisão com objeto,Com Vítimas Feridas,Plena Noite,Crescente,Nublado,Dupla,Curva,Não,1,0,1,0,0,0,1,1,-27.48443781,-48.64765238,SPRF-SC,DEL01-SC,UOP01-DEL01-SC,2021
"345108,0",2021-03-08,segunda-feira,14:15:00,SC,282,"407,7",CATANDUVAS,Transitar na contramão,Colisão lateral sentido oposto,Com Vítimas Feridas,Pleno dia,Decrescente,Céu Claro,Simples,Curva,Não,3,0,0,2,1,0,2,2,-27.083517,-51.662014,SPRF-SC,DEL07-SC,UOP05-DEL07-SC,2021
"345122,0",2021-03-08,segunda-feira,20:40:00,SC,101,"123,8",ITAJAI,Demais falhas mecânicas ou elétricas,Queda de ocupante de veículo,Com Vítimas Feridas,Plena Noite,Crescente,Céu Claro,Dupla,Declive,Não,2,0,2,0,0,0,2,1,-26.93668609,-48.69876905,SPRF-SC,DEL04-SC,UOP04-DEL04-SC,2021
"345130,0",2021-03-08,segunda-feira,21:00:00,SC,101,"135,0",BALNEARIO CAMBORIU,Reação tardia ou ineficiente do condutor,Capotamento,Com Vítimas Feridas,Plena Noite,Decrescente,Nublado,Múltipla,Reta,Sim,4,0,2,2,0,0,4,1,-27.0050108,-48.62677494,SPRF-SC,DEL04-SC,UOP03-DEL04-SC,2021
"345131,0",2021-03-08,segunda-feira,21:30:00,SC,101,"124,0",ITAJAI,Reação tardia ou ineficiente do condutor,Colisão traseira,Com Vítimas Feridas,Plena Noite,Crescente,Nublado,Múltipla,Reta,Sim,3,0,1,0,2,0,1,3,-26.94335064,-48.69198648,SPRF-SC,DEL04-SC,UOP04-DEL04-SC,2021
"345148,0",2021-03-09,terça-feira,00:55:00,SC,282,"5,0",SAO JOSE,Acumulo de água sobre o pavimento,Colisão traseira,Com Vítimas Feridas,Plena Noite,Crescente,Chuva,Múltipla,Reta,Sim,2,0,1,0,1,0,1,2,-27.588425,-48.612919,SPRF-SC,DEL01-SC,UOP01-DEL01-SC,2021
"345150,0",2021-03-08,segunda-feira,23:35:00,SC,101,"208,4",SAO JOSE,Chuva,Queda de ocupante de veículo,Com Vítimas Feridas,Plena Noite,Decrescente,Chuva,Múltipla,Reta,Sim,1,0,0,1,0,0,1,1,-27.60327979,-48.63201818,SPRF-SC,DEL01-SC,UOP01-DEL01-SC,2021
"345157,0",2021-03-09,terça-feira,02:40:00,SC,101,"152,0",ITAPEMA,Acumulo de água sobre o pavimento,Colisão com objeto,Com Vítimas Feridas,Plena Noite,Crescente,Chuva,Dupla,Reta,Sim,1,0,1,0,0,0,1,1,-27.13563503,-48.61004665,SPRF-SC,DEL04-SC,UOP03-DEL04-SC,2021
"345187,0",2021-03-09,terça-feira,08:30:00,SC,470,"67,9",INDAIAL,Retorno proibido,Colisão transversal,Com Vítimas Feridas,Pleno dia,Crescente,Nublado,Simples,Reta,Sim,2,0,0,1,1,0,1,2,-26.872158,-49.23127,SPRF-SC,DEL04-SC,UOP01-DEL04-SC,2021
"345191,0",2021-03-09,terça-feira,08:00:00,SC,101,"135,8",BALNEARIO CAMBORIU,Reação tardia ou ineficiente do condutor,Colisão com objeto,Com Vítimas Feridas,Pleno dia,Decrescente,Céu Claro,Dupla,Reta,Não,2,0,2,0,0,0,2,1,-27.0050108,-48.62677494,SPRF-SC,DEL04-SC,UOP03-DEL04-SC,2021
"345210,0",2021-02-17,quarta-feira,19:05:00,SC,101,"128,6",BALNEARIO CAMBORIU,Demais falhas mecânicas ou elétricas,Tombamento,Com Vítimas Feridas,Plena Noite,Decrescente,Céu Claro,Dupla,Reta,Sim,2,0,2,0,0,0,2,1,-26.97284292,-48.68299451,SPRF-SC,DEL04-SC,UOP03-DEL04-SC,2021
"345231,0",2021-03-09,terça-feira,10:45:00,SC,101,"211,8",PALHOCA,Condutor deixou de manter distância do veículo da frente,Queda de ocupante de veículo,Com Vítimas Fatais,Pleno dia,Decrescente,Céu Claro,Dupla,Reta,Sim,3,1,0,0,1,1,0,3,-27.6291214,-48.6580042,SPRF-SC,DEL01-SC,UOP02-DEL01-SC,2021
"345244,0",2021-03-09,terça-feira,12:45:00,SC,101,"373,0",ICARA,Manobra de mudança de faixa,Saída de leito carroçável,Com Vítimas Feridas,Pleno dia,Decrescente,Céu Claro,Dupla,Reta,Sim,2,0,0,2,0,0,2,1,-28.7132671,-49.21763596,SPRF-SC,DEL02-SC,UOP01-DEL02-SC,2021
"345247,0",2021-03-09,terça-feira,12:30:00,SC,280,"23,5",ARAQUARI,Trafegar com motocicleta (ou similar) entre as faixas,Colisão frontal,Com Vítimas Feridas,Pleno dia,Crescente,Sol,Simples,Reta,Sim,2,0,1,0,1,0,1,2,-26.37670312,-48.71885061,SPRF-SC,DEL03-SC,UOP03-DEL03-SC,2021
"345255,0",2021-03-09,terça-feira,12:10:00,SC,282,"504,9",XANXERE,Desrespeitar a preferência no cruzamento,Colisão transversal,Com Vítimas Feridas,Pleno dia,Decrescente,Sol,Simples,Interseção de Vias,Sim,2,0,1,0,1,0,1,2,-26.884279,-52.408466,SPRF-SC,DEL07-SC,UOP01-DEL07-SC,2021
"345264,0",2021-03-09,terça-feira,11:10:00,SC,280,"56,0",GUARAMIRIM,Entrada inopinada do pedestre,Atropelamento de Pedestre,Com Vítimas Feridas,Pleno dia,Decrescente,Céu Claro,Simples,Reta,Sim,2,0,1,0,1,0,1,2,-26.47947677,-49.00298702,SPRF-SC,DEL03-SC,UOP03-DEL03-SC,2021
"345301,0",2021-03-09,terça-feira,18:15:00,SC,470,"60,2",BLUMENAU,Acessar a via sem observar a presença dos outros veículos,Colisão transversal,Com Vítimas Feridas,Pleno dia,Crescente,Nublado,Simples,Reta;Rotatória,Sim,2,0,1,0,1,0,1,2,-26.88073689,-49.16707993,SPRF-SC,DEL04-SC,UOP01-DEL04-SC,2021
"345307,0",2021-03-09,terça-feira,18:00:00,SC,280,"126,0",RIO NEGRINHO,Ingestão de álcool e/ou substâncias psicoativas pelo pedestre,Colisão traseira,Sem Vítimas,Anoitecer,Crescente,Nublado,Simples,Reta,Não,2,0,0,0,2,0,0,2,-26.23779604,-49.49427399,SPRF-SC,DEL06-SC,UOP03-DEL06-SC,2021
"345314,0",2021-03-09,terça-feira,10:20:00,SC,470,"325,9",CAMPOS NOVOS,Velocidade Incompatível,Capotamento,Com Vítimas Feridas,Pleno dia,Crescente,Céu Claro,Simples,Reta,Não,2,0,1,0,1,0,1,2,-27.454107,-51.253307,SPRF-SC,DEL07-SC,UOP06-DEL07-SC,2021
"345350,0",2021-03-10,quarta-feira,00:15:00,SC,101,"137,3",BALNEARIO CAMBORIU,Ingestão de álcool pelo condutor,Colisão com objeto,Com Vítimas Feridas,Plena Noite,Crescente,Nublado,Dupla,Reta,Sim,1,0,0,1,0,0,1,1,-27.0157238,-48.61192763,SPRF-SC,DEL04-SC,UOP03-DEL04-SC,2021
"345353,0",2021-03-10,quarta-feira,01:10:00,SC,101,"221,9",PALHOCA,Pedestre andava na pista,Atropelamento de Pedestre,Com Vítimas Fatais,Pleno dia,Crescente,Céu Claro,Múltipla,Reta,Não,2,1,0,0,0,1,0,2,-27.70955683,-48.65492821,SPRF-SC,DEL01-SC,UOP02-DEL01-SC,2021
"345387,0",2021-03-08,segunda-feira,15:49:00,SC,480,"127,9",CHAPECO,Velocidade Incompatível,Saída de leito carroçável,Sem Vítimas,Pleno dia,Crescente,Céu Claro,Dupla,Reta,Sim,2,0,0,0,2,0,0,1,-27.02885905,-52.63380035,SPRF-SC,DEL07-SC,UOP01-DEL07-SC,2021
"345389,0",2021-03-10,quarta-feira,07:10:00,SC,282,"1,0",FLORIANOPOLIS,Manobra de mudança de faixa,Colisão traseira,Com Vítimas Feridas,Pleno dia,Decrescente,Céu Claro,Dupla,Reta,Sim,4,0,2,0,2,0,2,4,-27.602955,-48.580509,SPRF-SC,DEL01-SC,UOP01-DEL01-SC,2021
"345391,0",2021-01-13,quarta-feira,10:00:00,SC,280,"268,0",IRINEOPOLIS,Conversão proibida,Colisão frontal,Com Vítimas Feridas,Pleno dia,Decrescente,Nublado,Simples,Reta,Não,2,0,0,1,1,0,1,2,-26.26348261,-50.71794494,SPRF-SC,DEL06-SC,UOP04-DEL06-SC,2021
"345393,0",2021-03-10,quarta-feira,08:15:00,SC,101,"213,0",PALHOCA,Manobra de mudança de faixa,Colisão lateral mesmo sentido,Com Vítimas Feridas,Pleno dia,Decrescente,Céu Claro,Múltipla,Reta,Sim,2,0,1,0,1,0,1,2,-27.63697369,-48.66514142,SPRF-SC,DEL01-SC,UOP02-DEL01-SC,2021
"345396,0",2021-03-10,quarta-feira,08:00:00,SC,101,"327,0",CAPIVARI DE BAIXO,Ausência de reação do condutor,Colisão traseira,Com Vítimas Feridas,Pleno dia,Crescente,Sol,Simples,Reta,Não,5,0,3,0,2,0,3,2,-28.43023306,-48.95205197,SPRF-SC,DEL02-SC,UOP01-DEL02-SC,2021
"345399,0",2021-03-10,quarta-feira,08:40:00,SC,101,"207,0",SAO JOSE,Manobra de mudança de faixa,Colisão traseira,Com Vítimas Feridas,Pleno dia,Decrescente,Céu Claro,Múltipla,Reta,Sim,2,0,1,0,1,0,1,2,-27.60001226,-48.6226467,SPRF-SC,DEL01-SC,UOP01-DEL01-SC,2021
"345418,0",2021-03-10,quarta-feira,08:10:00,SC,470,"149,6",AGRONOMICA,Condutor deixou de manter distância do veículo da frente,Colisão traseira,Com Vítimas Feridas,Pleno dia,Decrescente,Sol,Simples,Reta,Não,2,0,0,1,1,0,1,2,-27.252104,-49.702129,SPRF-SC,DEL04-SC,UOP02-DEL04-SC,2021
"345442,0",2021-03-10,quarta-feira,11:50:00,SC,470,"140,1",RIO DO SUL,Desrespeitar a preferência no cruzamento,Colisão lateral mesmo sentido,Com Vítimas Feridas,Pleno dia,Crescente,Céu Claro,Simples,Interseção de Vias,Sim,2,0,1,0,1,0,1,2,-27.222485,-49.662827,SPRF-SC,DEL04-SC,UOP02-DEL04-SC,2021
"345460,0",2021-03-10,quarta-feira,14:00:00,SC,101,"197,0",BIGUACU,Demais falhas mecânicas ou elétricas,Tombamento,Com Vítimas Feridas,Pleno dia,Crescente,Sol,Dupla,Reta,Sim,2,0,2,0,0,0,2,1,-27.51844497,-48.63848496,SPRF-SC,DEL01-SC,UOP01-DEL01-SC,2021
"345463,0",2021-03-10,quarta-feira,14:05:00,SC,101,"133,3",BALNEARIO CAMBORIU,Trafegar com motocicleta (ou similar) entre as faixas,Colisão lateral mesmo sentido,Com Vítimas Feridas,Pleno dia,Decrescente,Céu Claro,Simples,Reta,Sim,2,0,1,0,1,0,1,2,-26.99936,-48.64609,SPRF-SC,DEL04-SC,UOP03-DEL04-SC,2021
"345467,0",2021-03-10,quarta-feira,13:15:00,SC,470,"121,7",IBIRAMA,Pista esburacada,Tombamento,Com Vítimas Feridas,Pleno dia,Decrescente,Sol,Simples,Reta,Não,1,0,0,1,0,0,1,1,-27.095861,-49.526859,SPRF-SC,DEL04-SC,UOP02-DEL04-SC,2021
"345481,0",2021-02-06,sábado,14:46:00,SC,280,"31,0",ARAQUARI,Acessar a via sem observar a presença dos outros veículos,Colisão transversal,Sem Vítimas,Pleno dia,Crescente,Céu Claro,Simples,Reta,Sim,2,0,0,0,2,0,0,2,-26.41638376,-48.77142191,SPRF-SC,DEL03-SC,UOP03-DEL03-SC,2021
"345511,0",2021-03-10,quarta-feira,17:20:00,SC,101,"110,2",PENHA,Demais falhas mecânicas ou elétricas,Tombamento,Com Vítimas Feridas,Pleno dia,Decrescente,Sol,Dupla,Curva,Sim,2,0,2,0,0,0,2,1,-26.83477,-48.706151,SPRF-SC,DEL03-SC,UOP02-DEL03-SC,2021
"345516,0",2021-03-10,quarta-feira,17:50:00,SC,470,"158,2",TROMBUDO CENTRAL,Pedestre cruzava a pista fora da faixa,Atropelamento de Pedestre,Com Vítimas Feridas,Pleno dia,Crescente,Céu Claro,Simples,Interseção de Vias,Sim,2,0,1,0,1,0,1,2,-27.2856896,-49.78317261,SPRF-SC,DEL04-SC,UOP02-DEL04-SC,2021
"345518,0",2021-03-10,quarta-feira,14:15:00,SC,153,"85,9",CONCORDIA,Velocidade Incompatível,Saída de leito carroçável,Com Vítimas Feridas,Pleno dia,Crescente,Céu Claro,Simples,Curva,Não,1,0,1,0,0,0,1,1,-27.142017,-51.913219,SPRF-SC,DEL07-SC,UOP04-DEL07-SC,2021
"345527,0",2021-03-10,quarta-feira,06:45:00,SC,101,"86,3",BARRA VELHA,Desrespeitar a preferência no cruzamento,Colisão transversal,Com Vítimas Feridas,Pleno dia,Crescente,Céu Claro,Dupla,Interseção de Vias,Sim,2,0,1,0,0,1,1,2,-26.63965278,-48.69378805,SPRF-SC,DEL03-SC,UOP02-DEL03-SC,2021
"345529,0",2021-03-10,quarta-feira,17:20:00,SC,282,"463,0",PONTE SERRADA,Demais Fenômenos da natureza,Colisão transversal,Com Vítimas Feridas,Pleno dia,Crescente,Céu Claro,Simples,Reta,Sim,2,0,2,0,0,0,2,2,-26.8559681,-52.03218341,SPRF-SC,DEL07-SC,UOP04-DEL07-SC,2021
"345599,0",2021-03-11,quinta-feira,11:06:00,SC,101,"207,8",SAO JOSE,Condutor deixou de manter distância do veículo da frente,Tombamento,Com Vítimas Feridas,Pleno dia,Decrescente,Sol,Múltipla,Reta,Sim,2,0,2,0,0,0,2,1,-27.60273388,-48.63041282,SPRF-SC,DEL01-SC,UOP01-DEL01-SC,2021
"345607,0",2021-03-11,quinta-feira,11:30:00,SC,101,"123,0",ITAJAI,Desrespeitar a preferência no cruzamento,Colisão transversal,Com Vítimas Feridas,Pleno dia,Decrescente,Céu Claro,Simples,Interseção de Vias,Sim,2,0,1,0,1,0,1,2,-26.93668609,-48.69876905,SPRF-SC,DEL04-SC,UOP04-DEL04-SC,2021
"345618,0",2021-03-11,quinta-feira,13:00:00,SC,282,"220,0",LAGES,Condutor deixou de manter distância do veículo da frente,Colisão traseira,Com Vítimas Feridas,Pleno dia,Crescente,Céu Claro,Dupla,Rotatória,Sim,2,0,1,0,1,0,1,2,-27.794014,-50.33363,SPRF-SC,DEL05-SC,UOP01-DEL05-SC,2021
"345629,0",2021-03-11,quinta-feira,14:30:00,SC,280,"125,3",RIO NEGRINHO,Conversão proibida,Colisão transversal,Com Vítimas Feridas,Pleno dia,Crescente,Sol,Simples,Reta,Sim,3,0,0,1,1,1,1,3,-26.23763684,-49.48434497,SPRF-SC,DEL06-SC,UOP03-DEL06-SC,2021
"345642,0",2021-03-11,quinta-feira,12:00:00,SC,282,"457,4",PONTE SERRADA,Conversão proibida,Colisão transversal,Com Vítimas Feridas,Pleno dia,Crescente,Céu Claro,Simples,Reta,Não,3,0,1,2,0,0,3,2,-26.880604,-52.013371,SPRF-SC,DEL07-SC,UOP04-DEL07-SC,2021
"345658,0",2021-03-11,quinta-feira,16:00:00,SC,116,"181,9",SAO CRISTOVAO DO SUL,Mal súbito do condutor,Saída de leito carroçável,Com Vítimas Feridas,Pleno dia,Decrescente,Sol,Simples,Curva,Não,1,0,1,0,0,0,1,1,-27.27682777,-50.43717597,SPRF-SC,DEL05-SC,UOP03-DEL05-SC,2021
"345668,0",2021-03-11,quinta-feira,18:35:00,SC,101,"213,3",PALHOCA,Ausência de reação do condutor,Colisão traseira,Com Vítimas Feridas,Plena Noite,Crescente,Céu Claro,Simples,Reta,Sim,2,0,1,0,1,0,1,2,-27.63697369,-48.66514142,SPRF-SC,DEL01-SC,UOP02-DEL01-SC,2021
"345675,0",2021-03-11,quinta-feira,18:30:00,SC,280,"72,0",JARAGUA DO SUL,Condutor deixou de manter distância do veículo da frente,Colisão traseira,Com Vítimas Feridas,Plena Noite,Crescente,Céu Claro,Simples,Reta,Sim,2,0,1,0,0,1,1,2,-26.45955419,-49.14342101,SPRF-SC,DEL03-SC,UOP03-DEL03-SC,2021
"345676,0",2021-03-11,quinta-feira,17:55:00,SC,280,"59,0",GUARAMIRIM,Objeto estático sobre o leito carroçável,Queda de ocupante de veículo,Com Vítimas Feridas,Anoitecer,Crescente,Céu Claro,Simples,Em Obras,Sim,1,0,1,0,0,0,1,1,-26.47525778,-49.03098916,SPRF-SC,DEL03-SC,UOP03-DEL03-SC,2021
"345681,0",2021-03-11,quinta-feira,18:20:00,SC,101,"118,1",ITAJAI,Reação tardia ou ineficiente do condutor,Colisão traseira,Com Vítimas Feridas,Pleno dia,Crescente,Céu Claro,Múltipla,Reta,Não,2,0,1,0,1,0,1,2,-26.895859,-48.71903,SPRF-SC,DEL04-SC,UOP04-DEL04-SC,2021
"345686,0",2021-03-11,quinta-feira,19:10:00,SC,101,"64,9",ARAQUARI,Acessar a via sem observar a presença dos outros veículos,Colisão transversal,Com Vítimas Fatais,Plena Noite,Decrescente,Céu Claro,Múltipla,Reta,Não,2,1,0,0,1,0,0,2,-26.46433196,-48.75063097,SPRF-SC,DEL03-SC,UOP02-DEL03-SC,2021