id,data_inversa,dia_semana,horario,uf,br,km,municipio,causa_acidente,tipo_acidente,classificacao_acidente,fase_dia,sentido_via,condicao_metereologica,tipo_pista,tracado_via,uso_solo,pessoas,mortos,feridos_leves,feridos_graves,ilesos,ignorados,feridos,veiculos,latitude,longitude,regional,delegacia,uop,ano_arquivo
"348852,0",2021-03-29,segunda-feira,17:50:00,SC,101,"117,4",ITAJAI,Velocidade Incompatível,Tombamento,Com Vítimas Feridas,Pleno dia,Decrescente,Nublado,Múltipla,Reta,Sim,1,0,1,0,0,0,1,1,-26.88747187,-48.72252969,SPRF-SC,DEL04-SC,UOP04-DEL04-SC,2021
"348856,0",2021-03-29,segunda-feira,17:40:00,SC,101,"132,9",BALNEARIO CAMBORIU,Avarias e/ou desgaste excessivo no pneu,Tombamento,Com Vítimas Feridas,Pleno dia,Decrescente,Nublado,Dupla,Reta,Sim,2,0,2,0,0,0,2,1,-26.99654133,-48.65564711,SPRF-SC,DEL04-SC,UOP03-DEL04-SC,2021
"348883,0",2021-03-29,segunda-feira,17:20:00,SC,280,"22,2",ARAQUARI,Reação tardia ou ineficiente do condutor,Colisão traseira,Com Vítimas Feridas,Anoitecer,Decrescente,Nublado,Simples,Reta,Sim,2,0,1,0,1,0,1,2,-26.37118576,-48.70576143,SPRF-SC,DEL03-SC,UOP03-DEL03-SC,2021
"348893,0",2021-03-29,segunda-feira,18:33:00,SC,282,"493,0",FAXINAL DOS GUEDES,Chuva,Capotamento,Sem Vítimas,Plena Noite,Crescente,Garoa/Chuvisco,Dupla,Rotatória,Não,1,0,0,0,1,0,0,1,-26.87126261,-52.30130553,SPRF-SC,DEL07-SC,UOP01-DEL07-SC,2021
"348897,0",2021-03-29,segunda-feira,17:20:00,SC,163,"71,0",SAO MIGUEL DO OESTE,Conversão proibida,Colisão transversal,Com Vítimas Feridas,Pleno dia,Crescente,Céu Claro,Dupla,Reta;Interseção de Vias,Sim,2,0,1,0,1,0,1,2,-26.72772401,-53.51281303,SPRF-SC,DEL07-SC,UOP03-DEL07-SC,2021
"348902,0",2021-03-29,segunda-feira,19:00:00,SC,282,"262,1",SAO JOSE DO CERRITO,Problema na suspensão,Colisão lateral sentido oposto,Com Vítimas Feridas,Plena Noite,Crescente,Nublado,Simples,Reta,Não,2,0,1,0,1,0,1,2,-27.631268,-50.605614,SPRF-SC,DEL05-SC,UOP02-DEL05-SC,2021
"348905,0",2021-03-30,terça-feira,00:20:00,SC,101,"182,3",BIGUACU,Velocidade Incompatível,Capotamento,Sem Vítimas,Plena Noite,Crescente,Nublado,Dupla,Declive,Sim,1,0,0,0,0,1,0,1,-27.39798985,-48.6303592,SPRF-SC,DEL01-SC,UOP01-DEL01-SC,2021
"348931,0",2021-03-30,terça-feira,07:20:00,SC,101,"202,0",SAO JOSE,Trafegar com motocicleta (ou similar) entre as faixas,Colisão traseira,Com Vítimas Feridas,Pleno dia,Crescente,Céu Claro,Dupla,Reta,Sim,2,0,1,0,1,0,1,2,-27.55711595,-48.61897889,SPRF-SC,DEL01-SC,UOP01-DEL01-SC,2021
"348938,0",2021-03-30,terça-feira,06:37:00,SC,282,"20,4",PALHOCA,Desrespeitar a preferência no cruzamento,Colisão transversal,Com Vítimas Feridas,Amanhecer,Decrescente,Céu Claro,Simples,Retorno Regulamentado;Aclive,Não,2,0,1,0,1,0,1,2,-27.68694827,-48.71350765,SPRF-SC,DEL01-SC,UOP02-DEL01-SC,2021
"348939,0",2021-03-30,terça-feira,07:35:00,SC,101,"79,4",BARRA VELHA,Condutor Dormindo,Colisão com objeto,Com Vítimas Feridas,Pleno dia,Crescente,Céu Claro,Dupla,Reta,Sim,1,0,1,0,0,0,1,1,-26.58559601,-48.72192112,SPRF-SC,DEL03-SC,UOP02-DEL03-SC,2021
"348942,0",2021-03-30,terça-feira,07:50:00,SC,101,"134,0",BALNEARIO CAMBORIU,Reação tardia ou ineficiente do condutor,Colisão traseira,Com Vítimas Feridas,Pleno dia,Decrescente,Céu Claro,Dupla,Reta,Sim,2,0,1,0,1,0,1,2,-27.00218,-48.636433,SPRF-SC,DEL04-SC,UOP03-DEL04-SC,2021
"348947,0",2021-03-30,terça-feira,08:50:00,SC,101,"200,0",SAO JOSE,Trafegar com motocicleta (ou similar) entre as faixas,Queda de ocupante de veículo,Com Vítimas Feridas,Pleno dia,Crescente,Céu Claro,Múltipla,Reta,Sim,1,0,1,0,0,0,1,1,-27.54018513,-48.62287714,SPRF-SC,DEL01-SC,UOP01-DEL01-SC,2021
"348955,0",2021-03-23,terça-feira,13:05:00,SC,282,"180,9",BOCAINA DO SUL,Velocidade Incompatível,Colisão frontal,Com Vítimas Fatais,Pleno dia,Decrescente,Céu Claro,Simples,Reta,Sim,3,2,0,0,0,1,0,3,-27.741526,-49.942579,SPRF-SC,DEL05-SC,UOP01-DEL05-SC,2021
"348962,0",2021-03-30,terça-feira,10:30:00,SC,101,"200,0",SAO JOSE,Condutor deixou de manter distância do veículo da frente,Colisão traseira,Com Vítimas Feridas,Pleno dia,Crescente,Céu Claro,Simples,Aclive,Sim,2,0,1,0,1,0,1,2,-27.54018513,-48.62287714,SPRF-SC,DEL01-SC,UOP01-DEL01-SC,2021
"348968,0",2021-03-30,terça-feira,09:50:00,SC,101,"161,0",TIJUCAS,Avarias e/ou desgaste excessivo no pneu,Tombamento,Com Vítimas Feridas,Pleno dia,Decrescente,Sol,Dupla,Reta,Sim,1,0,1,0,0,0,1,1,-27.21673911,-48.6244238,SPRF-SC,DEL04-SC,UOP03-DEL04-SC,2021
"348972,0",2021-03-24,quarta-feira,21:30:00,SC,282,"596,0",CUNHA PORA,Ingestão de álcool pelo condutor,Colisão lateral mesmo sentido,Sem Vítimas,Plena Noite,Decrescente,Céu Claro,Simples,Reta,Não,2,0,0,0,1,1,0,2,-26.829437,-53.127995,SPRF-SC,DEL07-SC,UOP02-DEL07-SC,2021
"348975,0",2021-03-30,terça-feira,11:00:00,SC,101,"57,9",ARAQUARI,Velocidade Incompatível,Colisão com objeto,Com Vítimas Fatais,Pleno dia,Crescente,Sol,Dupla,Curva,Sim,1,1,0,0,0,0,0,1,-26.43846742,-48.80315244,SPRF-SC,DEL03-SC,UOP01-DEL03-SC,2021
"348980,0",2021-03-18,quinta-feira,20:40:00,SC,280,"207,8",MAFRA,Reação tardia ou ineficiente do condutor,Saída de leito carroçável,Com Vítimas Fatais,Plena Noite,Decrescente,Céu Claro,Simples,Reta,Não,3,1,0,2,0,0,2,1,-26.16432499,-50.14053801,SPRF-SC,DEL06-SC,UOP04-DEL06-SC,2021
"349002,0",2021-03-30,terça-feira,14:20:00,SC,101,"213,0",PALHOCA,Manobra de mudança de faixa,Colisão traseira,Com Vítimas Feridas,Pleno dia,Decrescente,Nublado,Dupla,Reta,Sim,2,0,1,0,1,0,1,2,-27.63697369,-48.66514142,SPRF-SC,DEL01-SC,UOP02-DEL01-SC,2021
"349022,0",2021-03-30,terça-feira,16:15:00,SC,116,"66,3",MONTE CASTELO,Ingestão de álcool pelo condutor,Colisão com objeto,Sem Vítimas,Pleno dia,Crescente,Céu Claro,Simples,Reta;Declive,Não,2,0,0,0,1,1,0,2,-26.43345701,-50.22890485,SPRF-SC,DEL06-SC,UOP02-DEL06-SC,2021
"349026,0",2021-03-30,terça-feira,12:30:00,SC,101,"191,0",BIGUACU,Reação tardia ou ineficiente do condutor,Queda de ocupante de veículo,Com Vítimas Feridas,Pleno dia,Decrescente,Céu Claro,Dupla,Curva,Sim,2,0,1,0,1,0,1,1,-27.47730273,-48.64127329,SPRF-SC,DEL01-SC,UOP01-DEL01-SC,2021
"349041,0",2021-03-30,terça-feira,17:25:00,SC,101,"123,0",ITAJAI,Avarias e/ou desgaste excessivo no pneu,Queda de ocupante de veículo,Com Vítimas Feridas,Pleno dia,Crescente,Céu Claro,Dupla,Reta,Sim,1,0,0,1,0,0,1,1,-26.93668609,-48.69876905,SPRF-SC,DEL04-SC,UOP04-DEL04-SC,2021
"349050,0",2021-03-30,terça-feira,18:00:00,SC,101,"125,9",ITAJAI,Velocidade Incompatível,Colisão com objeto,Com Vítimas Feridas,Anoitecer,Crescente,Céu Claro,Dupla,Curva,Não,1,0,1,0,0,0,1,1,-26.94802427,-48.68338515,SPRF-SC,DEL04-SC,UOP04-DEL04-SC,2021
"349074,0",2021-03-30,terça-feira,19:25:00,SC,101,"147,0",ITAPEMA,Condutor deixou de manter distância do veículo da frente,Colisão traseira,Com Vítimas Feridas,Plena Noite,Decrescente,Céu Claro,Dupla,Reta,Sim,2,0,0,1,1,0,1,2,-27.09237407,-48.61730888,SPRF-SC,DEL04-SC,UOP03-DEL04-SC,2021
"349120,0",2021-03-31,quarta-feira,07:00:00,SC,101,"212,0",PALHOCA,Ultrapassagem Indevida,Queda de ocupante de veículo,Com Vítimas Feridas,Pleno dia,Crescente,Céu Claro,Dupla,Reta,Sim,1,0,1,0,0,0,1,1,-27.62996929,-48.65903871,SPRF-SC,DEL01-SC,UOP02-DEL01-SC,2021
"349128,0",2021-03-31,quarta-feira,07:45:00,SC,101,"205,0",SAO JOSE,Condutor deixou de manter distância do veículo da frente,Colisão traseira,Com Vítimas Feridas,Pleno dia,Decrescente,Céu Claro,Múltipla,Reta,Sim,2,0,1,0,1,0,1,2,-27.58313237,-48.61532885,SPRF-SC,DEL01-SC,UOP01-DEL01-SC,2021
"349182,0",2021-03-31,quarta-feira,13:25:00,SC,101,"290,0",IMBITUBA,Desrespeitar a preferência no cruzamento,Colisão frontal,Com Vítimas Feridas,Pleno dia,Crescente,Céu Claro,Simples,Interseção de Vias,Sim,2,0,1,0,1,0,1,2,-28.26202477,-48.70403355,SPRF-SC,DEL02-SC,UOP03-DEL02-SC,2021
"349193,0",2021-03-31,quarta-feira,15:10:00,SC,101,"193,2",BIGUACU,Condutor deixou de manter distância do veículo da frente,Colisão com objeto,Com Vítimas Feridas,Pleno dia,Decrescente,Céu Claro,Dupla,Reta,Sim,1,0,0,1,0,0,1,1,-27.489574,-48.655914,SPRF-SC,DEL01-SC,UOP01-DEL01-SC,2021
"349226,0",2021-03-31,quarta-feira,18:00:00,SC,101,"123,1",ITAJAI,Acessar a via sem observar a presença dos outros veículos,Colisão transversal,Com Vítimas Feridas,Pleno dia,Crescente,Céu Claro,Dupla,Retorno Regulamentado,Não,2,0,1,0,1,0,1,2,-26.93668609,-48.69876905,SPRF-SC,DEL04-SC,UOP04-DEL04-SC,2021
"349236,0",2021-03-31,quarta-feira,19:30:00,SC,101,"134,0",BALNEARIO CAMBORIU,Condutor deixou de manter distância do veículo da frente,Colisão traseira,Com Vítimas Feridas,Plena Noite,Decrescente,Céu Claro,Dupla,Reta,Sim,2,0,1,0,1,0,1,2,-27.00218,-48.636433,SPRF-SC,DEL04-SC,UOP03-DEL04-SC,2021
"349241,0",2021-03-31,quarta-feira,20:20:00,SC,101,"195,0",BIGUACU,Acessar a via sem observar a presença dos outros veículos,Colisão transversal,Com Vítimas Feridas,Plena Noite,Decrescente,Céu Claro,Simples,Reta,Sim,2,0,1,0,1,0,1,2,-27.5047092,-48.65010819,SPRF-SC,DEL01-SC,UOP01-DEL01-SC,2021
"349268,0",2021-03-31,quarta-feira,18:00:00,SC,280,"31,0",ARAQUARI,Reação tardia ou ineficiente do condutor,Colisão transversal,Com Vítimas Feridas,Anoitecer,Crescente,Nublado,Simples,Interseção de Vias,Não,2,0,1,0,1,0,1,2,-26.41639337,-48.77144337,SPRF-SC,DEL03-SC,UOP03-DEL03-SC,2021
"349271,0",2021-03-31,quarta-feira,23:15:00,SC,101,"211,0",SAO JOSE,Objeto estático sobre o leito carroçável,Colisão com objeto,Com Vítimas Feridas,Plena Noite,Decrescente,Céu Claro,Dupla,Reta,Sim,1,0,1,0,0,0,1,1,-27.62329313,-48.65245588,SPRF-SC,DEL01-SC,UOP02-DEL01-SC,2021
"349284,0",2021-03-31,quarta-feira,19:00:00,SC,101,"183,0",BIGUACU,Ausência de reação do condutor,Colisão traseira,Com Vítimas Feridas,Plena Noite,Crescente,Céu Claro,Dupla,Reta,Não,5,0,1,0,4,0,1,4,-27.40688892,-48.6285296,SPRF-SC,DEL01-SC,UOP01-DEL01-SC,2021
"349297,0",2021-04-01,quinta-feira,07:05:00,SC,101,"216,2",PALHOCA,Reação tardia ou ineficiente do condutor,Colisão traseira,Com Vítimas Feridas,Pleno dia,Decrescente,Céu Claro,Múltipla,Declive,Sim,3,0,1,0,2,0,1,3,-27.65981409,-48.67747798,SPRF-SC,DEL01-SC,UOP02-DEL01-SC,2021
"349302,0",2021-04-01,quinta-feira,06:30:00,SC,101,"123,0",ITAJAI,Acesso irregular,Colisão lateral mesmo sentido,Com Vítimas Feridas,Pleno dia,Crescente,Céu Claro,Múltipla,Viaduto,Sim,2,0,0,1,1,0,1,2,-26.93668609,-48.69876905,SPRF-SC,DEL04-SC,UOP04-DEL04-SC,2021
"349332,0",2021-04-01,quinta-feira,11:20:00,SC,101,"119,1",ITAJAI,Condutor deixou de manter distância do veículo da frente,Colisão lateral mesmo sentido,Com Vítimas Feridas,Pleno dia,Decrescente,Céu Claro,Dupla,Reta,Não,1,0,0,1,0,0,1,1,-26.9043179,-48.71555481,SPRF-SC,DEL04-SC,UOP04-DEL04-SC,2021
"349338,0",2021-04-01,quinta-feira,11:30:00,SC,101,"206,0",SAO JOSE,Acessar a via sem observar a presença dos outros veículos,Atropelamento de Pedestre,Com Vítimas Feridas,Pleno dia,Decrescente,Céu Claro,Dupla,Reta,Sim,3,0,0,1,2,0,1,3,-27.59193546,-48.61824557,SPRF-SC,DEL01-SC,UOP01-DEL01-SC,2021
"349353,0",2021-04-01,quinta-feira,11:30:00,SC,101,"145,0",ITAPEMA,Condutor deixou de manter distância do veículo da frente,Colisão traseira,Com Vítimas Feridas,Pleno dia,Decrescente,Céu Claro,Dupla,Aclive,Sim,2,0,1,0,1,0,1,2,-27.08139206,-48.60130993,SPRF-SC,DEL04-SC,UOP03-DEL04-SC,2021
"349359,0",2021-04-01,quinta-feira,09:10:00,SC,116,"229,4",CORREIA PINTO,Velocidade Incompatível,Saída de leito carroçável,Com Vítimas Feridas,Pleno dia,Crescente,Céu Claro,Simples,Reta,Não,2,0,2,0,0,0,2,1,-27.66528526,-50.33613682,SPRF-SC,DEL05-SC,UOP03-DEL05-SC,2021
"349381,0",2021-04-01,quinta-feira,14:50:00,SC,101,"202,4",SAO JOSE,Ausência de reação do condutor,Colisão lateral mesmo sentido,Sem Vítimas,Pleno dia,Decrescente,Céu Claro,Dupla,Reta,Não,4,0,0,0,3,1,0,3,-27.55711595,-48.61897889,SPRF-SC,DEL01-SC,UOP01-DEL01-SC,2021
"349387,0",2021-04-01,quinta-feira,14:19:00,SC,153,"81,5",IRANI,Velocidade Incompatível,Colisão com objeto,Com Vítimas Feridas,Pleno dia,Decrescente,Céu Claro,Simples,Curva,Não,1,0,1,0,0,0,1,1,-27.120626,-51.922867,SPRF-SC,DEL07-SC,UOP04-DEL07-SC,2021
"349390,0",2021-04-01,quinta-feira,16:15:00,SC,101,"41,8",JOINVILLE,Manobra de mudança de faixa,Colisão traseira,Com Vítimas Feridas,Pleno dia,Decrescente,Céu Claro,Dupla,Aclive;Reta,Não,2,0,1,0,1,0,1,2,-26.28215489,-48.88973081,SPRF-SC,DEL03-SC,UOP01-DEL03-SC,2021
"349395,0",2021-04-01,quinta-feira,16:50:00,SC,101,"121,0",ITAJAI,Manobra de mudança de faixa,Colisão lateral mesmo sentido,Com Vítimas Feridas,Pleno dia,Decrescente,Céu Claro,Múltipla,Reta,Sim,3,0,0,1,1,1,1,3,-26.92103178,-48.70856446,SPRF-SC,DEL04-SC,UOP04-DEL04-SC,2021
"349399,0",2021-04-01,quinta-feira,16:30:00,SC,282,"30,0",AGUAS MORNAS,Condutor deixou de manter distância do veículo da frente,Colisão traseira,Com Vítimas Feridas,Pleno dia,Crescente,Céu Claro,Simples,Curva,Não,2,0,0,1,1,0,1,2,-27.687376,-48.79071,SPRF-SC,DEL01-SC,UOP03-DEL01-SC,2021
"349419,0",2021-04-01,quinta-feira,18:05:00,SC,101,"212,8",PALHOCA,Trafegar com motocicleta (ou similar) entre as faixas,Colisão lateral mesmo sentido,Com Vítimas Feridas,Anoitecer,Decrescente,Nublado,Múltipla,Reta,Sim,3,0,1,0,2,0,1,3,-27.62996929,-48.65903871,SPRF-SC,DEL01-SC,UOP02-DEL01-SC,2021
"349442,0",2021-04-01,quinta-feira,19:40:00,SC,282,"15,7",PALHOCA,Reação tardia ou ineficiente do condutor,Colisão traseira,Com Vítimas Feridas,Plena Noite,Crescente,Nublado,Simples,Reta,Não,2,0,1,0,0,1,1,2,-27.651848,-48.676048,SPRF-SC,DEL01-SC,UOP02-DEL01-SC,2021
"349446,0",2021-04-01,quinta-feira,19:30:00,SC,101,"416,4",ARARANGUA,Manobra de mudança de faixa,Colisão frontal,Com Vítimas Feridas,Plena Noite,Decrescente,Nublado,Simples,Interseção de Vias,Sim,2,0,0,1,1,0,1,2,-28.96708874,-49.52338825,SPRF-SC,DEL02-SC,UOP02-DEL02-SC,2021
"349452,0",2021-04-01,quinta-feira,16:20:00,SC,158,"119,7",CAIBI,Velocidade Incompatível,Colisão traseira,Com Vítimas Feridas,Pleno dia,Crescente,Céu Claro,Simples,Reta,Não,2,0,1,0,0,1,1,2,-26.96422931,-53.21073532,SPRF-SC,DEL07-SC,UOP02-DEL07-SC,2021
"349454,0",2021-04-01,quinta-feira,20:10:00,SC,101,"115,0",ITAJAI,Condutor deixou de manter distância do veículo da frente,Engavetamento,Com Vítimas Feridas,Plena Noite,Decrescente,Céu Claro,Múltipla,Reta,Não,4,0,1,0,3,0,1,4,-26.87064015,-48.72954134,SPRF-SC,DEL04-SC,UOP04-DEL04-SC,2021
"349456,0",2021-04-01,quinta-feira,20:00:00,SC,101,"132,0",BALNEARIO CAMBORIU,Condutor deixou de manter distância do veículo da frente,Colisão traseira,Com Vítimas Feridas,Plena Noite,Crescente,Nublado,Múltipla,Reta,Sim,2,0,1,0,1,0,1,2,-26.99654133,-48.65564711,SPRF-SC,DEL04-SC,UOP03-DEL04-SC,2021
"349468,0",2021-04-01,quinta-feira,19:05:00,SC,158,"102,3",CUNHA PORA,Falta de acostamento,Saída de leito carroçável,Com Vítimas Feridas,Plena Noite,Decrescente,Céu Claro,Simples,Aclive,Não,1,0,1,0,0,0,1,1,-26.83499985,-53.17651754,SPRF-SC,DEL07-SC,UOP02-DEL07-SC,2021
"349472,0",2021-04-01,quinta-feira,21:30:00,SC,101,"117,0",ITAJAI,Reação tardia ou ineficiente do condutor,Engavetamento,Com Vítimas Feridas,Plena Noite,Decrescente,Céu Claro,Dupla,Viaduto,Sim,5,0,2,0,3,0,2,4,-26.88747187,-48.72252969,SPRF-SC,DEL04-SC,UOP04-DEL04-SC,2021
"349473,0",2021-04-01,quinta-feira,20:50:00,SC,470,"51,0",BLUMENAU,Reação tardia ou ineficiente do condutor,Colisão traseira,Com Vítimas Feridas,Pleno dia,Decrescente,Céu Claro,Simples,Em Obras;Desvio Temporário,Sim,2,0,1,0,1,0,1,2,-26.862794,-49.090391,SPRF-SC,DEL04-SC,UOP01-DEL04-SC,2021
"349476,0",2021-04-01,quinta-feira,20:45:00,SC,280,"58,0",GUARAMIRIM,Acessar a via sem observar a presença dos outros veículos,Colisão transversal,Sem Vítimas,Plena Noite,Decrescente,Céu Claro,Simples,Desvio Temporário,Sim,2,0,0,0,2,0,0,2,-26.47610483,-49.01623249,SPRF-SC,DEL03-SC,UOP03-DEL03-SC,2021
"349479,0",2021-04-01,quinta-feira,19:30:00,SC,282,"494,6",XANXERE,Ausência de reação do condutor,Saída de leito carroçável,Com Vítimas Feridas,Plena Noite,Decrescente,Céu Claro,Simples,Curva,Não,1,0,1,0,0,0,1,1,-26.87149,-52.318768,SPRF-SC,DEL07-SC,UOP01-DEL07-SC,2021
"349508,0",2021-04-02,sexta-feira,01:10:00,SC,282,"15,5",PALHOCA,Retorno proibido,Colisão transversal,Com Vítimas Feridas,Plena Noite,Decrescente,Nublado,Simples,Reta,Sim,2,0,1,0,1,0,1,2,-27.6572508,-48.68058085,SPRF-SC,DEL01-SC,UOP02-DEL01-SC,2021
"349514,0",2021-04-01,quinta-feira,21:00:00,SC,101,"328,0",CAPIVARI DE BAIXO,Reação tardia ou ineficiente do condutor,Saída de leito carroçável,Com Vítimas Feridas,Plena Noite,Decrescente,Céu Claro,Dupla,Reta,Não,1,0,1,0,0,0,1,1,-28.43648094,-48.95989307,SPRF-SC,DEL02-SC,UOP01-DEL02-SC,2021
"349517,0",2021-04-01,quinta-feira,19:20:00,SC,101,"334,0",TUBARAO,Desrespeitar a preferência no cruzamento,Colisão lateral mesmo sentido,Com Vítimas Feridas,Plena Noite,Decrescente,Nublado,Dupla,Interseção de Vias,Sim,2,0,1,0,0,1,1,2,-28.46730446,-49.00604302,SPRF-SC,DEL02-SC,UOP01-DEL02-SC,2021
"349520,0",2021-04-02,sexta-feira,05:30:00,SC,282,"26,7",SANTO AMARO DA IMPERATRIZ,Desrespeitar a preferência no cruzamento,Colisão transversal,Sem Vítimas,Amanhecer,Crescente,Céu Claro,Simples,Reta,Sim,2,0,0,0,2,0,0,2,-27.680267,-48.762482,SPRF-SC,DEL01-SC,UOP03-DEL01-SC,2021
"349533,0",2021-04-02,sexta-feira,08:30:00,SC,101,"201,0",SAO JOSE,Manobra de mudança de faixa,Colisão lateral mesmo sentido,Com Vítimas Feridas,Pleno dia,Crescente,Céu Claro,Múltipla,Reta,Sim,2,0,1,0,1,0,1,2,-27.54836599,-48.61977975,SPRF-SC,DEL01-SC,UOP01-DEL01-SC,2021
"349535,0",2021-04-02,sexta-feira,08:20:00,SC,101,"232,0",PALHOCA,Demais falhas mecânicas ou elétricas,Colisão traseira,Com Vítimas Feridas,Pleno dia,Crescente,Céu Claro,Dupla,Reta,Não,3,0,1,0,2,0,1,3,-27.795666,-48.638153,SPRF-SC,DEL01-SC,UOP02-DEL01-SC,2021
"349538,0",2021-04-02,sexta-feira,07:40:00,SC,282,"53,7",AGUAS MORNAS,Condutor deixou de manter distância do veículo da frente,Colisão traseira,Com Vítimas Feridas,Pleno dia,Crescente,Sol,Simples,Curva,Não,5,0,2,0,3,0,2,2,-27.691511,-48.970215,SPRF-SC,DEL01-SC,UOP03-DEL01-SC,2021
"349542,0",2021-04-02,sexta-feira,06:35:00,SC,282,"601,0",CUNHA PORA,Condutor Dormindo,Colisão frontal,Com Vítimas Fatais,Pleno dia,Decrescente,Céu Claro,Simples,Reta,Não,4,1,3,0,0,0,3,2,-26.808609,-53.169883,SPRF-SC,DEL07-SC,UOP02-DEL07-SC,2021
"349547,0",2021-04-02,sexta-feira,09:00:00,SC,101,"134,0",BALNEARIO CAMBORIU,Desrespeitar a preferência no cruzamento,Colisão lateral mesmo sentido,Com Vítimas Feridas,Pleno dia,Decrescente,Céu Claro,Dupla,Reta,Não,2,0,2,0,0,0,2,2,-27.00218,-48.636433,SPRF-SC,DEL04-SC,UOP03-DEL04-SC,2021
"349560,0",2021-04-02,sexta-feira,08:25:00,SC,280,"273,5",IRINEOPOLIS,Ultrapassagem Indevida,Colisão lateral mesmo sentido,Com Vítimas Feridas,Pleno dia,Crescente,Céu Claro,Simples,Reta,Não,7,0,6,0,1,0,6,3,-26.2799492,-50.76336593,SPRF-SC,DEL06-SC,UOP04-DEL06-SC,2021
"349568,0",2021-04-02,sexta-feira,13:00:00,SC,470,"16,7",ILHOTA,Ingestão de álcool pelo condutor,Colisão traseira,Com Vítimas Feridas,Pleno dia,Crescente,Céu Claro,Simples,Ponte,Não,2,0,1,0,1,0,1,2,-26.843019,-48.794434,SPRF-SC,DEL04-SC,UOP04-DEL04-SC,2021
"349571,0",2021-04-02,sexta-feira,10:05:00,SC,282,"280,8",SAO JOSE DO CERRITO,Conversão proibida,Saída de leito carroçável,Com Vítimas Feridas,Pleno dia,Decrescente,Céu Claro,Simples,Curva;Aclive,Não,3,0,2,0,0,1,2,2,-27.583397,-50.754917,SPRF-SC,DEL05-SC,UOP02-DEL05-SC,2021
"349581,0",2021-04-02,sexta-feira,14:30:00,SC,101,"139,4",BALNEARIO CAMBORIU,Avarias e/ou desgaste excessivo no pneu,Tombamento,Com Vítimas Feridas,Pleno dia,Crescente,Nublado,Múltipla,Aclive,Não,2,0,2,0,0,0,2,1,-27.02982303,-48.60115006,SPRF-SC,DEL04-SC,UOP03-DEL04-SC,2021
"349630,0",2021-04-02,sexta-feira,20:55:00,SC,101,"192,5",BIGUACU,Desrespeitar a preferência no cruzamento,Colisão lateral sentido oposto,Sem Vítimas,Plena Noite,Crescente,Céu Claro,Múltipla,Retorno Regulamentado,Não,2,0,0,0,2,0,0,2,-27.48443781,-48.64765238,SPRF-SC,DEL01-SC,UOP01-DEL01-SC,2021
"349637,0",2021-04-02,sexta-feira,21:40:00,SC,101,"193,7",BIGUACU,Velocidade Incompatível,Saída de leito carroçável,Com Vítimas Feridas,Plena Noite,Decrescente,Chuva,Múltipla,Reta,Sim,1,0,1,0,0,0,1,1,-27.489574,-48.655914,SPRF-SC,DEL01-SC,UOP01-DEL01-SC,2021
"349645,0",2021-04-02,sexta-feira,22:10:00,SC,116,"65,8",PAPANDUVA,Velocidade Incompatível,Capotamento,Com Vítimas Feridas,Anoitecer,Crescente,Céu Claro,Simples,Declive,Não,1,0,0,1,0,0,1,1,-26.42445099,-50.2281171,SPRF-SC,DEL06-SC,UOP02-DEL06-SC,2021
"349661,0",2021-04-03,sábado,05:30:00,SC,282,"602,1",MARAVILHA,Ausência de reação do condutor,Saída de leito carroçável,Com Vítimas Feridas,Amanhecer,Crescente,Céu Claro,Simples,Interseção de Vias,Não,6,0,4,2,0,0,6,1,-26.80629935,-53.18138123,SPRF-SC,DEL07-SC,UOP02-DEL07-SC,2021
"349680,0",2021-04-03,sábado,11:20:00,SC,101,"131,0",BALNEARIO CAMBORIU,Avarias e/ou desgaste excessivo no pneu,Queda de ocupante de veículo,Com Vítimas Feridas,Pleno dia,Crescente,Sol,Dupla,Reta,Não,1,0,1,0,0,0,1,1,-26.99064209,-48.66310912,SPRF-SC,DEL04-SC,UOP03-DEL04-SC,2021
"349681,0",2021-04-03,sábado,11:20:00,SC,101,"135,0",BALNEARIO CAMBORIU,Animais na Pista,Engavetamento,Com Vítimas Feridas,Pleno dia,Crescente,Garoa/Chuvisco,Dupla,Reta,Sim,5,0,1,0,4,0,1,4,-27.0050108,-48.62677494,SPRF-SC,DEL04-SC,UOP03-DEL04-SC,2021
"349702,0",2021-04-03,sábado,13:50:00,SC,101,"138,0",BALNEARIO CAMBORIU,Velocidade Incompatível,Capotamento,Com Vítimas Feridas,Pleno dia,Decrescente,Garoa/Chuvisco,Dupla,Curva,Não,4,0,4,0,0,0,4,1,-27.02397426,-48.60761649,SPRF-SC,DEL04-SC,UOP03-DEL04-SC,2021
"349726,0",2021-04-03,sábado,14:28:00,SC,101,"138,6",BALNEARIO CAMBORIU,Acumulo de óleo sobre o pavimento,Colisão com objeto,Com Vítimas Feridas,Pleno dia,Crescente,Garoa/Chuvisco,Dupla,Curva,Não,1,0,1,0,0,0,1,1,-27.02397426,-48.60761649,SPRF-SC,DEL04-SC,UOP03-DEL04-SC,2021
"349731,0",2021-04-03,sábado,14:30:00,SC,101,"142,0",BALNEARIO CAMBORIU,Acumulo de óleo sobre o pavimento,Tombamento,Com Vítimas Feridas,Pleno dia,Crescente,Garoa/Chuvisco,Dupla,Reta,Sim,2,0,1,1,0,0,2,1,-27.056089,-48.599449,SPRF-SC,DEL04-SC,UOP03-DEL04-SC,2021