id,data_inversa,dia_semana,horario,uf,br,km,municipio,causa_acidente,tipo_acidente,classificacao_acidente,fase_dia,sentido_via,condicao_metereologica,tipo_pista,tracado_via,uso_solo,pessoas,mortos,feridos_leves,feridos_graves,ilesos,ignorados,feridos,veiculos,latitude,longitude,regional,delegacia,uop,ano_arquivo
"349732,0",2021-04-03,sábado,16:50:00,SC,101,"14,5",GARUVA,Acessar a via sem observar a presença dos outros veículos,Colisão transversal,Com Vítimas Feridas,Pleno dia,Crescente,Nublado,Dupla,Declive;Reta;Retorno Regulamentado,Não,3,0,1,0,2,0,1,2,-26.09803515,-48.86773972,SPRF-SC,DEL03-SC,UOP01-DEL03-SC,2021
"349744,0",2021-04-03,sábado,16:45:00,SC,116,"9,5",MAFRA,Acessar a via sem observar a presença dos outros veículos,Colisão transversal,Com Vítimas Feridas,Pleno dia,Crescente,Céu Claro,Simples,Curva,Não,2,0,1,0,1,0,1,2,-26.16297778,-49.84696715,SPRF-SC,DEL06-SC,UOP01-DEL06-SC,2021
"349763,0",2021-04-03,sábado,17:00:00,SC,101,"278,8",IMBITUBA,Ingestão de álcool pelo condutor,Tombamento,Com Vítimas Feridas,Pleno dia,Crescente,Céu Claro,Simples,Curva,Sim,1,0,1,0,0,0,1,1,-28.17131302,-48.69463482,SPRF-SC,DEL02-SC,UOP03-DEL02-SC,2021
"349771,0",2021-04-03,sábado,19:45:00,SC,101,"309,4",LAGUNA,Iluminação deficiente,Colisão traseira,Com Vítimas Feridas,Plena Noite,Decrescente,Nublado,Simples,Reta,Sim,2,0,1,0,1,0,1,2,-28.42629949,-48.80094767,SPRF-SC,DEL02-SC,UOP01-DEL02-SC,2021
"349773,0",2021-04-03,sábado,20:15:00,SC,101,"420,5",ARARANGUA,Ausência de reação do condutor,Colisão frontal,Com Vítimas Feridas,Plena Noite,Decrescente,Céu Claro,Simples,Interseção de Vias,Sim,3,0,1,0,2,0,1,2,-28.99380392,-49.55081408,SPRF-SC,DEL02-SC,UOP02-DEL02-SC,2021
"349781,0",2021-04-03,sábado,21:00:00,SC,280,"25,5",ARAQUARI,Ultrapassagem Indevida,Colisão lateral mesmo sentido,Com Vítimas Feridas,Plena Noite,Crescente,Nublado,Simples,Reta,Não,5,0,4,0,1,0,4,2,-26.38352781,-48.72677516,SPRF-SC,DEL03-SC,UOP03-DEL03-SC,2021
"349797,0",2021-04-03,sábado,22:30:00,SC,282,"17,4",PALHOCA,Ingestão de álcool pelo condutor,Saída de leito carroçável,Sem Vítimas,Plena Noite,Decrescente,Nublado,Simples,Reta,Não,1,0,0,0,1,0,0,1,-27.665707,-48.688065,SPRF-SC,DEL01-SC,UOP02-DEL01-SC,2021
"349801,0",2021-04-03,sábado,22:55:00,SC,101,"312,0",LAGUNA,Ingestão de álcool pelo condutor,Tombamento,Com Vítimas Feridas,Plena Noite,Crescente,Céu Claro,Simples,Reta,Não,1,0,1,0,0,0,1,1,-28.433701,-48.806344,SPRF-SC,DEL02-SC,UOP01-DEL02-SC,2021
"349804,0",2021-04-03,sábado,23:30:00,SC,101,"434,0",SOMBRIO,Entrada inopinada do pedestre,Atropelamento de Pedestre,Com Vítimas Feridas,Plena Noite,Decrescente,Ignorado,Dupla,Reta,Sim,2,0,1,0,1,0,1,2,-29.09075196,-49.63226114,SPRF-SC,DEL02-SC,UOP02-DEL02-SC,2021
"349820,0",2021-04-04,domingo,04:00:00,SC,470,"49,2",BLUMENAU,Ausência de reação do condutor,Colisão com objeto,Sem Vítimas,Plena Noite,Crescente,Nublado,Dupla,Reta,Sim,1,0,0,0,0,1,0,1,-26.860662,-49.065159,SPRF-SC,DEL04-SC,UOP01-DEL04-SC,2021
"349827,0",2021-04-04,domingo,03:20:00,SC,101,"202,0",SAO JOSE,Ingestão de álcool pelo condutor,Colisão traseira,Sem Vítimas,Plena Noite,Decrescente,Céu Claro,Dupla,Interseção de Vias,Sim,2,0,0,0,2,0,0,2,-27.55711595,-48.61897889,SPRF-SC,DEL01-SC,UOP01-DEL01-SC,2021
"349862,0",2021-04-04,domingo,11:15:00,SC,101,"317,0",PESCARIA BRAVA,Ausência de reação do condutor,Colisão com objeto,Com Vítimas Feridas,Pleno dia,Crescente,Sol,Dupla,Reta,Não,1,0,1,0,0,0,1,1,-28.42708421,-48.85211624,SPRF-SC,DEL02-SC,UOP01-DEL02-SC,2021
"349866,0",2021-04-04,domingo,10:35:00,SC,101,"134,0",BALNEARIO CAMBORIU,Condutor deixou de manter distância do veículo da frente,Colisão traseira,Com Vítimas Feridas,Pleno dia,Decrescente,Céu Claro,Múltipla,Reta,Sim,3,0,2,0,1,0,2,2,-27.00218,-48.636433,SPRF-SC,DEL04-SC,UOP03-DEL04-SC,2021
"349888,0",2021-02-27,sábado,01:10:00,SC,101,"135,0",BALNEARIO CAMBORIU,Reação tardia ou ineficiente do condutor,Colisão com objeto,Sem Vítimas,Plena Noite,Crescente,Céu Claro,Múltipla,Interseção de Vias,Sim,1,0,0,0,1,0,0,1,-27.0050108,-48.62677494,SPRF-SC,DEL04-SC,UOP03-DEL04-SC,2021
"349896,0",2021-04-04,domingo,14:20:00,SC,282,"160,3",BOM RETIRO,Acessar a via sem observar a presença dos outros veículos,Colisão lateral mesmo sentido,Com Vítimas Feridas,Pleno dia,Crescente,Céu Claro,Simples,Reta,Não,2,0,1,0,1,0,1,2,-27.734652,-49.753586,SPRF-SC,DEL05-SC,UOP01-DEL05-SC,2021
"349897,0",2021-04-04,domingo,17:05:00,SC,101,"9,0",GARUVA,Ingestão de álcool pelo condutor,Colisão transversal,Com Vítimas Feridas,Pleno dia,Crescente,Garoa/Chuvisco,Dupla,Reta,Não,3,0,3,0,0,0,3,2,-26.053987,-48.859608,SPRF-SC,DEL03-SC,UOP01-DEL03-SC,2021
"349904,0",2021-04-04,domingo,15:04:00,SC,280,"31,9",ARAQUARI,Ultrapassagem Indevida,Colisão lateral mesmo sentido,Com Vítimas Feridas,Pleno dia,Decrescente,Nublado,Simples,Declive;Curva,Não,2,0,1,0,1,0,1,2,-26.41994849,-48.77877116,SPRF-SC,DEL03-SC,UOP03-DEL03-SC,2021
"349912,0",2021-04-04,domingo,18:00:00,SC,101,"207,5",SAO JOSE,Reação tardia ou ineficiente do condutor,Colisão lateral mesmo sentido,Com Vítimas Feridas,Pleno dia,Decrescente,Céu Claro,Dupla,Reta,Sim,2,0,1,0,1,0,1,2,-27.60001226,-48.6226467,SPRF-SC,DEL01-SC,UOP01-DEL01-SC,2021
"349947,0",2021-04-04,domingo,18:50:00,SC,153,"64,0",IRANI,Ausência de sinalização,Colisão frontal,Com Vítimas Feridas,Plena Noite,Decrescente,Céu Claro,Simples,Reta,Sim,5,0,5,0,0,0,5,2,-27.003662,-51.872604,SPRF-SC,DEL07-SC,UOP04-DEL07-SC,2021
"349948,0",2021-04-04,domingo,16:30:00,SC,101,"56,0",JOINVILLE,Reação tardia ou ineficiente do condutor,Colisão traseira,Com Vítimas Feridas,Pleno dia,Decrescente,Céu Claro,Dupla,Reta,Não,5,0,1,0,4,0,1,2,-26.43207484,-48.82263984,SPRF-SC,DEL03-SC,UOP01-DEL03-SC,2021
"349950,0",2021-04-04,domingo,18:30:00,SC,101,"28,0",JOINVILLE,Ingestão de álcool e/ou substâncias psicoativas pelo pedestre,Atropelamento de Pedestre,Com Vítimas Feridas,Anoitecer,Crescente,Céu Claro,Dupla,Reta,Sim,3,0,1,1,1,0,2,2,-26.20697505,-48.91482635,SPRF-SC,DEL03-SC,UOP01-DEL03-SC,2021
"349957,0",2021-04-04,domingo,21:20:00,SC,470,"21,0",ILHOTA,Condutor deixou de manter distância do veículo da frente,Colisão traseira,Com Vítimas Feridas,Plena Noite,Crescente,Céu Claro,Dupla,Reta,Não,4,0,2,0,2,0,2,3,-26.876698,-48.827362,SPRF-SC,DEL04-SC,UOP04-DEL04-SC,2021
"349972,0",2021-04-04,domingo,22:30:00,SC,101,"162,4",TIJUCAS,Condutor deixou de manter distância do veículo da frente,Colisão traseira,Com Vítimas Feridas,Plena Noite,Decrescente,Garoa/Chuvisco,Múltipla,Reta,Sim,3,0,1,0,2,0,1,2,-27.22554009,-48.6279367,SPRF-SC,DEL04-SC,UOP03-DEL04-SC,2021
"349985,0",2021-04-04,domingo,21:55:00,SC,101,"300,5",LAGUNA,Pedestre cruzava a pista fora da faixa,Atropelamento de Pedestre,Com Vítimas Fatais,Plena Noite,Crescente,Céu Claro,Múltipla,Reta,Não,2,1,0,0,1,0,0,2,-28.36225584,-48.75049531,SPRF-SC,DEL02-SC,UOP03-DEL02-SC,2021
"349991,0",2021-04-04,domingo,23:30:00,SC,101,"369,2",ICARA,Reação tardia ou ineficiente do condutor,Colisão traseira,Com Vítimas Feridas,Plena Noite,Decrescente,Nublado,Dupla,Reta,Não,2,0,1,1,0,0,2,2,-28.703038,-49.198526,SPRF-SC,DEL02-SC,UOP01-DEL02-SC,2021
"350015,0",2021-04-05,segunda-feira,06:48:00,SC,101,"212,0",PALHOCA,Trafegar com motocicleta (ou similar) entre as faixas,Colisão lateral mesmo sentido,Com Vítimas Feridas,Pleno dia,Decrescente,Céu Claro,Múltipla,Reta,Não,3,0,1,1,1,0,2,2,-27.62996929,-48.65903871,SPRF-SC,DEL01-SC,UOP02-DEL01-SC,2021
"350021,0",2021-04-05,segunda-feira,07:45:00,SC,101,"211,4",PALHOCA,Trafegar com motocicleta (ou similar) entre as faixas,Colisão com objeto,Com Vítimas Feridas,Pleno dia,Decrescente,Sol,Múltipla,Reta;Em Obras;Desvio Temporário,Sim,1,0,1,0,0,0,1,1,-27.6249243,-48.65383655,SPRF-SC,DEL01-SC,UOP02-DEL01-SC,2021
"350024,0",2021-04-05,segunda-feira,07:00:00,SC,101,"14,0",GARUVA,Acessar a via sem observar a presença dos outros veículos,Colisão transversal,Sem Vítimas,Amanhecer,Decrescente,Garoa/Chuvisco,Dupla,Retorno Regulamentado,Não,2,0,0,0,2,0,0,2,-26.09803515,-48.86773972,SPRF-SC,DEL03-SC,UOP01-DEL03-SC,2021
"350026,0",2021-04-05,segunda-feira,07:50:00,SC,282,"2,0",SAO JOSE,Trafegar com motocicleta (ou similar) entre as faixas,Queda de ocupante de veículo,Com Vítimas Feridas,Pleno dia,Decrescente,Céu Claro,Dupla,Reta,Sim,2,0,2,0,0,0,2,1,-27.603289,-48.590416,SPRF-SC,DEL01-SC,UOP01-DEL01-SC,2021
"350028,0",2021-04-05,segunda-feira,07:50:00,SC,101,"208,5",SAO JOSE,Condutor deixou de manter distância do veículo da frente,Colisão traseira,Com Vítimas Feridas,Pleno dia,Crescente,Céu Claro,Dupla,Declive;Curva,Sim,3,0,1,0,2,0,1,3,-27.60327979,-48.63201818,SPRF-SC,DEL01-SC,UOP01-DEL01-SC,2021
"350036,0",2021-04-05,segunda-feira,08:05:00,SC,101,"208,0",SAO JOSE,Condutor deixou de manter distância do veículo da frente,Colisão traseira,Sem Vítimas,Pleno dia,Crescente,Céu Claro,Múltipla,Reta,Sim,2,0,0,0,2,0,0,2,-27.60327979,-48.63201818,SPRF-SC,DEL01-SC,UOP01-DEL01-SC,2021
"350039,0",2021-04-05,segunda-feira,07:50:00,SC,101,"132,5",BALNEARIO CAMBORIU,Frear bruscamente,Colisão lateral mesmo sentido,Com Vítimas Feridas,Pleno dia,Crescente,Céu Claro,Múltipla,Reta,Não,2,0,1,0,1,0,1,2,-26.99654133,-48.65564711,SPRF-SC,DEL04-SC,UOP03-DEL04-SC,2021
"350046,0",2021-04-05,segunda-feira,07:40:00,SC,280,"125,0",RIO NEGRINHO,Conversão proibida,Colisão transversal,Com Vítimas Feridas,Pleno dia,Crescente,Nublado,Simples,Reta,Não,2,0,1,0,1,0,1,2,-26.23763684,-49.48434497,SPRF-SC,DEL06-SC,UOP03-DEL06-SC,2021
"350052,0",2021-04-05,segunda-feira,09:05:00,SC,470,"54,0",BLUMENAU,Pedestre cruzava a pista fora da faixa,Atropelamento de Pedestre,Com Vítimas Feridas,Pleno dia,Decrescente,Sol,Simples,Curva,Sim,2,0,0,1,1,0,1,2,-26.871065,-49.110374,SPRF-SC,DEL04-SC,UOP01-DEL04-SC,2021
"350069,0",2021-04-05,segunda-feira,08:19:00,SC,282,"470,5",VARGEAO,Ultrapassagem Indevida,Capotamento,Com Vítimas Feridas,Pleno dia,Decrescente,Céu Claro,Simples,Reta;Em Obras,Não,5,0,2,0,2,1,2,3,-26.862293,-52.12109,SPRF-SC,DEL07-SC,UOP01-DEL07-SC,2021
"350079,0",2021-04-05,segunda-feira,12:55:00,SC,282,"22,2",SANTO AMARO DA IMPERATRIZ,Acessar a via sem observar a presença dos outros veículos,Colisão transversal,Com Vítimas Feridas,Pleno dia,Crescente,Céu Claro,Simples,Reta,Sim,2,0,0,1,1,0,1,2,-27.688507,-48.72739,SPRF-SC,DEL01-SC,UOP02-DEL01-SC,2021
"350082,0",2021-04-05,segunda-feira,12:40:00,SC,282,"515,0",XAXIM,Condutor usando celular,Colisão com objeto,Com Vítimas Feridas,Pleno dia,Decrescente,Sol,Simples,Reta,Não,2,0,1,0,1,0,1,2,-26.922623,-52.496132,SPRF-SC,DEL07-SC,UOP01-DEL07-SC,2021
"350085,0",2021-04-05,segunda-feira,10:50:00,SC,116,"220,5",CORREIA PINTO,Desrespeitar a preferência no cruzamento,Colisão transversal,Com Vítimas Feridas,Pleno dia,Crescente,Céu Claro,Simples,Rotatória,Sim,2,0,1,0,1,0,1,2,-27.57771319,-50.36993036,SPRF-SC,DEL05-SC,UOP03-DEL05-SC,2021
"350087,0",2021-04-05,segunda-feira,14:45:00,SC,101,"206,0",SAO JOSE,Condutor deixou de manter distância do veículo da frente,Colisão traseira,Com Vítimas Feridas,Pleno dia,Decrescente,Céu Claro,Dupla,Reta,Sim,2,0,1,0,1,0,1,2,-27.59193546,-48.61824557,SPRF-SC,DEL01-SC,UOP01-DEL01-SC,2021
"350091,0",2021-04-05,segunda-feira,14:40:00,SC,116,"32,5",ITAIOPOLIS,Ausência de reação do condutor,Saída de leito carroçável,Com Vítimas Fatais,Pleno dia,Crescente,Sol,Simples,Reta,Não,1,1,0,0,0,0,0,1,-26.32428725,-49.98408079,SPRF-SC,DEL06-SC,UOP01-DEL06-SC,2021
"350109,0",2021-04-05,segunda-feira,17:30:00,SC,163,"78,5",SAO MIGUEL DO OESTE,Acesso irregular,Colisão frontal,Com Vítimas Feridas,Pleno dia,Decrescente,Céu Claro,Simples,Curva,Não,2,0,1,0,1,0,1,2,-26.667838,-53.51978017,SPRF-SC,DEL07-SC,UOP03-DEL07-SC,2021
"350110,0",2021-04-05,segunda-feira,17:30:00,SC,470,"6,0",NAVEGANTES,Trafegar com motocicleta (ou similar) entre as faixas,Colisão traseira,Com Vítimas Feridas,Pleno dia,Decrescente,Céu Claro,Dupla,Em Obras,Não,2,0,1,0,1,0,1,2,-26.852238,-48.709545,SPRF-SC,DEL04-SC,UOP04-DEL04-SC,2021
"350145,0",2021-04-05,segunda-feira,19:50:00,SC,101,"204,0",SAO JOSE,Ausência de reação do condutor,Colisão traseira,Com Vítimas Feridas,Plena Noite,Decrescente,Céu Claro,Simples,Reta,Sim,2,0,1,0,1,0,1,2,-27.57413014,-48.61363083,SPRF-SC,DEL01-SC,UOP01-DEL01-SC,2021
"350150,0",2021-04-05,segunda-feira,20:30:00,SC,101,"194,0",BIGUACU,Ausência de reação do condutor,Colisão traseira,Com Vítimas Feridas,Plena Noite,Decrescente,Chuva,Dupla,Reta,Sim,2,0,1,0,1,0,1,2,-27.49815117,-48.65661236,SPRF-SC,DEL01-SC,UOP01-DEL01-SC,2021
"350161,0",2021-04-05,segunda-feira,17:40:00,SC,470,"137,5",RIO DO SUL,Ultrapassagem Indevida,Colisão lateral sentido oposto,Com Vítimas Feridas,Anoitecer,Decrescente,Céu Claro,Simples,Reta,Não,3,0,1,0,0,2,1,3,-27.203201,-49.635063,SPRF-SC,DEL04-SC,UOP02-DEL04-SC,2021
"350162,0",2021-04-05,segunda-feira,19:40:00,SC,470,"70,9",INDAIAL,Desrespeitar a preferência no cruzamento,Colisão transversal,Com Vítimas Feridas,Plena Noite,Crescente,Céu Claro,Simples,Interseção de Vias,Sim,2,0,1,0,1,0,1,2,-26.894687,-49.261394,SPRF-SC,DEL04-SC,UOP01-DEL04-SC,2021
"350169,0",2021-04-05,segunda-feira,22:55:00,SC,101,"217,8",PALHOCA,Conversão proibida,Colisão transversal,Com Vítimas Feridas,Plena Noite,Crescente,Nublado,Múltipla,Interseção de Vias,Sim,2,0,1,0,1,0,1,2,-27.67529069,-48.67111802,SPRF-SC,DEL01-SC,UOP02-DEL01-SC,2021
"350189,0",2021-04-06,terça-feira,07:00:00,SC,116,"5,0",MAFRA,Acesso irregular,Colisão transversal,Com Vítimas Feridas,Pleno dia,Crescente,Céu Claro,Simples,Rotatória,Não,3,0,1,0,2,0,1,2,-26.14094396,-49.81508303,SPRF-SC,DEL06-SC,UOP01-DEL06-SC,2021
"350200,0",2021-04-06,terça-feira,07:30:00,SC,101,"211,0",PALHOCA,Desvio temporário,Colisão com objeto,Com Vítimas Feridas,Pleno dia,Decrescente,Nublado,Dupla,Reta,Sim,2,0,1,0,1,0,1,1,-27.62329313,-48.65245588,SPRF-SC,DEL01-SC,UOP02-DEL01-SC,2021
"350214,0",2021-04-06,terça-feira,10:45:00,SC,101,"209,0",SAO JOSE,Manobra de mudança de faixa,Colisão lateral mesmo sentido,Com Vítimas Feridas,Pleno dia,Decrescente,Nublado,Múltipla,Reta,Não,2,0,0,1,1,0,1,2,-27.61000542,-48.63895057,SPRF-SC,DEL01-SC,UOP01-DEL01-SC,2021
"350259,0",2021-04-06,terça-feira,15:43:00,SC,101,"118,2",ITAJAI,Mal súbito do condutor,Tombamento,Com Vítimas Feridas,Pleno dia,Crescente,Céu Claro,Dupla,Reta,Sim,1,0,1,0,0,0,1,1,-26.895859,-48.71903,SPRF-SC,DEL04-SC,UOP04-DEL04-SC,2021
"350284,0",2021-04-06,terça-feira,17:28:00,SC,101,"205,2",SAO JOSE,Velocidade Incompatível,Colisão traseira,Com Vítimas Feridas,Anoitecer,Crescente,Nublado,Dupla,Reta,Sim,2,0,0,1,1,0,1,2,-27.58313237,-48.61532885,SPRF-SC,DEL01-SC,UOP01-DEL01-SC,2021
"350288,0",2021-04-06,terça-feira,17:50:00,SC,280,"74,4",JARAGUA DO SUL,Acessar a via sem observar a presença dos outros veículos,Colisão transversal,Com Vítimas Feridas,Pleno dia,Crescente,Céu Claro,Simples,Rotatória,Sim,2,0,1,0,1,0,1,2,-26.45877322,-49.16147801,SPRF-SC,DEL03-SC,UOP03-DEL03-SC,2021
"350289,0",2021-04-06,terça-feira,17:25:00,SC,280,"23,9",ARAQUARI,Trafegar com motocicleta (ou similar) entre as faixas,Colisão frontal,Com Vítimas Feridas,Pleno dia,Crescente,Garoa/Chuvisco,Simples,Interseção de Vias;Reta,Sim,3,0,1,0,2,0,1,2,-26.37146,-48.711887,SPRF-SC,DEL03-SC,UOP03-DEL03-SC,2021
"350291,0",2021-04-06,terça-feira,15:00:00,SC,101,"6,0",GARUVA,Reação tardia ou ineficiente do condutor,Tombamento,Com Vítimas Feridas,Pleno dia,Crescente,Nublado,Simples,Curva,Sim,1,0,1,0,0,0,1,1,-26.02692002,-48.86142017,SPRF-SC,DEL03-SC,UOP01-DEL03-SC,2021
"350318,0",2021-04-06,terça-feira,18:15:00,SC,101,"46,0",JOINVILLE,Demais falhas mecânicas ou elétricas,Incêndio,Sem Vítimas,Plena Noite,Crescente,Chuva,Dupla,Interseção de Vias,Sim,1,0,0,0,1,0,0,1,-26.33150083,-48.86187762,SPRF-SC,DEL03-SC,UOP01-DEL03-SC,2021
"350363,0",2021-04-07,quarta-feira,05:25:00,SC,101,"210,8",SAO JOSE,Condutor Dormindo,Colisão com objeto,Sem Vítimas,Amanhecer,Decrescente,Céu Claro,Múltipla,Reta,Sim,1,0,0,0,1,0,0,1,-27.6167305,-48.6457265,SPRF-SC,DEL01-SC,UOP01-DEL01-SC,2021
"350364,0",2021-04-07,quarta-feira,05:40:00,SC,470,"134,1",RIO DO SUL,Velocidade Incompatível,Queda de ocupante de veículo,Com Vítimas Feridas,Amanhecer,Crescente,Nublado,Simples,Rotatória,Sim,1,0,1,0,0,0,1,1,-27.181854,-49.600128,SPRF-SC,DEL04-SC,UOP02-DEL04-SC,2021
"350366,0",2021-04-07,quarta-feira,06:10:00,SC,282,"204,0",LAGES,Velocidade Incompatível,Colisão lateral mesmo sentido,Sem Vítimas,Amanhecer,Crescente,Nublado,Simples,Reta,Não,2,0,0,0,2,0,0,2,-27.768663,-50.172195,SPRF-SC,DEL05-SC,UOP01-DEL05-SC,2021
"350373,0",2021-04-07,quarta-feira,07:20:00,SC,101,"131,9",BALNEARIO CAMBORIU,Reação tardia ou ineficiente do condutor,Tombamento,Com Vítimas Feridas,Pleno dia,Crescente,Nublado,Dupla,Reta,Sim,1,0,1,0,0,0,1,1,-26.99064209,-48.66310912,SPRF-SC,DEL04-SC,UOP03-DEL04-SC,2021
"350398,0",2021-04-07,quarta-feira,12:00:00,SC,101,"117,0",ITAJAI,Desrespeitar a preferência no cruzamento,Colisão transversal,Com Vítimas Feridas,Pleno dia,Decrescente,Céu Claro,Dupla,Interseção de Vias,Não,2,0,2,0,0,0,2,2,-26.88747187,-48.72252969,SPRF-SC,DEL04-SC,UOP04-DEL04-SC,2021
"350399,0",2021-04-02,sexta-feira,10:05:00,SC,163,"67,3",SAO MIGUEL DO OESTE,Condutor deixou de manter distância do veículo da frente,Colisão traseira,Com Vítimas Feridas,Pleno dia,Crescente,Sol,Dupla,Reta,Sim,4,0,2,0,2,0,2,3,-26.75670463,-53.5005641,SPRF-SC,DEL07-SC,UOP03-DEL07-SC,2021
"350400,0",2021-04-07,quarta-feira,08:50:00,SC,101,"67,6",ARAQUARI,Velocidade Incompatível,Saída de leito carroçável,Com Vítimas Feridas,Pleno dia,Crescente,Céu Claro,Dupla,Curva,Não,1,0,1,0,0,0,1,1,-26.48645,-48.73483602,SPRF-SC,DEL03-SC,UOP02-DEL03-SC,2021
"350407,0",2021-04-01,quinta-feira,08:40:00,SC,480,"128,0",CHAPECO,Desrespeitar a preferência no cruzamento,Colisão frontal,Com Vítimas Feridas,Pleno dia,Decrescente,Céu Claro,Simples,Reta,Sim,2,0,1,0,1,0,1,2,-27.05952707,-52.63540685,SPRF-SC,DEL07-SC,UOP01-DEL07-SC,2021
"350412,0",2021-04-07,quarta-feira,12:20:00,SC,101,"242,0",PALHOCA,Ausência de reação do condutor,Queda de ocupante de veículo,Com Vítimas Feridas,Pleno dia,Crescente,Céu Claro,Dupla,Curva,Não,1,0,1,0,0,0,1,1,-27.87545797,-48.64678433,SPRF-SC,DEL01-SC,UOP02-DEL01-SC,2021
"350428,0",2021-04-07,quarta-feira,14:10:00,SC,470,"32,0",GASPAR,Ausência de sinalização,Colisão transversal,Com Vítimas Feridas,Pleno dia,Decrescente,Céu Claro,Dupla,Em Obras;Reta;Interseção de Vias,Sim,5,0,2,2,1,0,4,3,-26.901793,-48.931812,SPRF-SC,DEL04-SC,UOP01-DEL04-SC,2021
"350430,0",2021-04-07,quarta-feira,14:15:00,SC,280,"28,8",ARAQUARI,Acessar a via sem observar a presença dos outros veículos,Colisão transversal,Com Vítimas Feridas,Pleno dia,Crescente,Céu Claro,Simples,Reta,Não,2,0,1,1,0,0,2,2,-26.40450077,-48.74561031,SPRF-SC,DEL03-SC,UOP03-DEL03-SC,2021
"350459,0",2021-04-07,quarta-feira,17:10:00,SC,470,"61,0",BLUMENAU,Ausência de reação do condutor,Colisão transversal,Sem Vítimas,Pleno dia,Crescente,Céu Claro,Simples,Rotatória,Não,2,0,0,0,1,1,0,2,-26.88052202,-49.16762894,SPRF-SC,DEL04-SC,UOP01-DEL04-SC,2021
"350464,0",2021-04-07,quarta-feira,18:25:00,SC,101,"337,8",TUBARAO,Acumulo de óleo sobre o pavimento,Tombamento,Com Vítimas Feridas,Plena Noite,Crescente,Céu Claro,Simples,Declive,Sim,1,0,1,0,0,0,1,1,-28.49455102,-49.04329062,SPRF-SC,DEL02-SC,UOP01-DEL02-SC,2021
"350465,0",2021-04-07,quarta-feira,18:00:00,SC,101,"339,2",TUBARAO,Desrespeitar a preferência no cruzamento,Colisão transversal,Com Vítimas Feridas,Amanhecer,Crescente,Céu Claro,Simples,Viaduto,Sim,2,0,1,0,1,0,1,2,-28.49351117,-49.04178985,SPRF-SC,DEL02-SC,UOP01-DEL02-SC,2021
"350467,0",2021-04-07,quarta-feira,18:10:00,SC,101,"141,6",BALNEARIO CAMBORIU,Manobra de mudança de faixa,Colisão lateral mesmo sentido,Com Vítimas Feridas,Anoitecer,Decrescente,Garoa/Chuvisco,Dupla,Reta,Não,2,0,1,0,1,0,1,2,-27.04928429,-48.59774351,SPRF-SC,DEL04-SC,UOP03-DEL04-SC,2021
"350476,0",2021-04-07,quarta-feira,19:45:00,SC,101,"143,0",ITAPEMA,Condutor deixou de manter distância do veículo da frente,Colisão traseira,Com Vítimas Feridas,Plena Noite,Decrescente,Chuva,Dupla,Reta,Não,4,0,1,0,3,0,1,3,-27.06436,-48.59599405,SPRF-SC,DEL04-SC,UOP03-DEL04-SC,2021
"350480,0",2021-04-07,quarta-feira,19:40:00,SC,101,"36,0",JOINVILLE,Acessar a via sem observar a presença dos outros veículos,Atropelamento de Pedestre,Com Vítimas Feridas,Plena Noite,Decrescente,Nublado,Dupla,Reta,Sim,2,0,1,0,1,0,1,2,-26.24573198,-48.9101069,SPRF-SC,DEL03-SC,UOP01-DEL03-SC,2021
"350511,0",2021-04-07,quarta-feira,23:00:00,SC,101,"129,0",BALNEARIO CAMBORIU,Chuva,Saída de leito carroçável,Com Vítimas Feridas,Plena Noite,Decrescente,Chuva,Dupla,Curva,Não,1,0,1,0,0,0,1,1,-26.98064277,-48.6790679,SPRF-SC,DEL04-SC,UOP03-DEL04-SC,2021
"350526,0",2021-04-08,quinta-feira,02:30:00,SC,101,"117,8",ITAJAI,Objeto estático sobre o leito carroçável,Colisão com objeto,Com Vítimas Feridas,Plena Noite,Decrescente,Céu Claro,Dupla,Aclive,Não,2,0,0,2,0,0,2,1,-26.88747187,-48.72252969,SPRF-SC,DEL04-SC,UOP04-DEL04-SC,2021
"350543,0",2021-04-08,quinta-feira,07:10:00,SC,101,"118,0",ITAJAI,Restrição de visibilidade em curvas verticais,Colisão traseira,Com Vítimas Feridas,Pleno dia,Crescente,Céu Claro,Dupla,Viaduto,Sim,3,0,2,0,1,0,2,2,-26.895859,-48.71903,SPRF-SC,DEL04-SC,UOP04-DEL04-SC,2021
"350544,0",2021-04-08,quinta-feira,06:50:00,SC,101,"142,0",ITAPEMA,Avarias e/ou desgaste excessivo no pneu,Colisão lateral mesmo sentido,Com Vítimas Feridas,Pleno dia,Crescente,Céu Claro,Dupla,Reta,Não,2,0,1,1,0,0,2,2,-27.056089,-48.599449,SPRF-SC,DEL04-SC,UOP03-DEL04-SC,2021
"350549,0",2021-04-08,quinta-feira,06:30:00,SC,101,"235,0",PALHOCA,Chuva,Colisão com objeto,Com Vítimas Feridas,Pleno dia,Decrescente,Chuva,Dupla,Curva,Não,2,0,1,0,1,0,1,1,-27.8177775,-48.6315025,SPRF-SC,DEL01-SC,UOP02-DEL01-SC,2021
"350554,0",2021-04-08,quinta-feira,08:10:00,SC,101,"210,9",SAO JOSE,Reação tardia ou ineficiente do condutor,Colisão traseira,Com Vítimas Feridas,Pleno dia,Decrescente,Chuva,Dupla,Reta,Sim,2,0,1,0,1,0,1,2,-27.6167305,-48.6457265,SPRF-SC,DEL01-SC,UOP01-DEL01-SC,2021