id,data_inversa,dia_semana,horario,uf,br,km,municipio,causa_acidente,tipo_acidente,classificacao_acidente,fase_dia,sentido_via,condicao_metereologica,tipo_pista,tracado_via,uso_solo,pessoas,mortos,feridos_leves,feridos_graves,ilesos,ignorados,feridos,veiculos,latitude,longitude,regional,delegacia,uop,ano_arquivo
"350564,0",2021-04-08,quinta-feira,08:00:00,SC,101,"116,3",ITAJAI,Condutor deixou de manter distância do veículo da frente,Colisão traseira,Com Vítimas Feridas,Pleno dia,Crescente,Chuva,Dupla,Reta,Não,3,0,2,0,1,0,2,2,-26.87905605,-48.72603512,SPRF-SC,DEL04-SC,UOP04-DEL04-SC,2021
"350575,0",2021-03-31,quarta-feira,23:30:00,SC,101,"219,0",PALHOCA,Ausência de reação do condutor,Tombamento,Com Vítimas Feridas,Plena Noite,Crescente,Nublado,Dupla,Reta,Sim,1,0,1,0,0,0,1,1,-27.68392194,-48.66710085,SPRF-SC,DEL01-SC,UOP02-DEL01-SC,2021
"350581,0",2021-04-08,quinta-feira,09:10:00,SC,101,"220,0",PALHOCA,Demais falhas mecânicas ou elétricas,Tombamento,Com Vítimas Feridas,Pleno dia,Decrescente,Chuva,Dupla,Reta,Não,2,0,0,1,1,0,1,1,-27.69198941,-48.66368358,SPRF-SC,DEL01-SC,UOP02-DEL01-SC,2021
"350597,0",2021-04-08,quinta-feira,11:00:00,SC,101,"328,0",CAPIVARI DE BAIXO,Reação tardia ou ineficiente do condutor,Colisão com objeto,Com Vítimas Feridas,Pleno dia,Decrescente,Sol,Dupla,Reta;Ponte,Não,5,0,3,1,0,1,4,3,-28.43648094,-48.95989307,SPRF-SC,DEL02-SC,UOP01-DEL02-SC,2021
"350608,0",2021-04-08,quinta-feira,11:20:00,SC,101,"38,9",JOINVILLE,Reação tardia ou ineficiente do condutor,Colisão com objeto,Com Vítimas Feridas,Pleno dia,Decrescente,Garoa/Chuvisco,Dupla,Interseção de Vias,Sim,1,0,1,0,0,0,1,1,-26.25472505,-48.90561309,SPRF-SC,DEL03-SC,UOP01-DEL03-SC,2021
"350610,0",2021-04-08,quinta-feira,15:40:00,SC,101,"200,0",SAO JOSE,Ausência de reação do condutor,Queda de ocupante de veículo,Com Vítimas Feridas,Pleno dia,Crescente,Céu Claro,Múltipla,Reta,Sim,1,0,1,0,0,0,1,1,-27.54018513,-48.62287714,SPRF-SC,DEL01-SC,UOP01-DEL01-SC,2021
"350619,0",2021-04-08,quinta-feira,16:30:00,SC,101,"135,0",BALNEARIO CAMBORIU,Condutor deixou de manter distância do veículo da frente,Colisão traseira,Com Vítimas Feridas,Pleno dia,Decrescente,Céu Claro,Dupla,Reta,Sim,2,0,1,0,1,0,1,2,-27.0050108,-48.62677494,SPRF-SC,DEL04-SC,UOP03-DEL04-SC,2021
"350649,0",2021-04-08,quinta-feira,19:10:00,SC,116,"283,0",CAPAO ALTO,Mal súbito do condutor,Colisão com objeto,Com Vítimas Feridas,Plena Noite,Decrescente,Nublado,Simples,Reta,Não,1,0,1,0,0,0,1,1,-28.06415598,-50.57357403,SPRF-SC,DEL05-SC,UOP02-DEL05-SC,2021
"350653,0",2021-04-08,quinta-feira,17:50:00,SC,101,"139,0",BALNEARIO CAMBORIU,Reação tardia ou ineficiente do condutor,Tombamento,Com Vítimas Feridas,Anoitecer,Decrescente,Nublado,Dupla,Reta,Sim,1,0,1,0,0,0,1,1,-27.02982303,-48.60115006,SPRF-SC,DEL04-SC,UOP03-DEL04-SC,2021
"350684,0",2021-04-08,quinta-feira,15:00:00,SC,280,"75,1",JARAGUA DO SUL,Reação tardia ou ineficiente do condutor,Saída de leito carroçável,Com Vítimas Feridas,Pleno dia,Crescente,Céu Claro,Simples,Reta,Sim,4,0,3,1,0,0,4,1,-26.458391,-49.170483,SPRF-SC,DEL03-SC,UOP03-DEL03-SC,2021
"350712,0",2021-04-09,sexta-feira,07:50:00,SC,101,"199,0",BIGUACU,Reação tardia ou ineficiente do condutor,Colisão traseira,Com Vítimas Feridas,Pleno dia,Crescente,Sol,Múltipla,Reta,Sim,2,0,0,1,1,0,1,2,-27.53413705,-48.63003205,SPRF-SC,DEL01-SC,UOP01-DEL01-SC,2021
"350785,0",2021-04-09,sexta-feira,12:30:00,SC,470,"67,0",INDAIAL,Acessar a via sem observar a presença dos outros veículos,Colisão transversal,Com Vítimas Feridas,Pleno dia,Decrescente,Sol,Simples,Em Obras;Reta,Sim,2,0,0,1,1,0,1,2,-26.872158,-49.23127,SPRF-SC,DEL04-SC,UOP01-DEL04-SC,2021
"350806,0",2021-01-07,quinta-feira,21:20:00,SC,101,"197,8",BIGUACU,Acessar a via sem observar a presença dos outros veículos,Colisão lateral,Com Vítimas Fatais,Plena Noite,Crescente,Céu Claro,Múltipla,Interseção de Vias,Sim,3,1,0,0,1,1,0,3,-27.5247378,-48.6363316,SPRF-SC,DEL01-SC,UOP01-DEL01-SC,2021
"350815,0",2021-04-09,sexta-feira,16:00:00,SC,280,"79,0",CORUPA,Manobra de mudança de faixa,Colisão transversal,Com Vítimas Feridas,Pleno dia,Decrescente,Nublado,Simples,Reta,Não,1,0,1,0,0,0,1,1,-26.44657315,-49.20157809,SPRF-SC,DEL06-SC,UOP03-DEL06-SC,2021
"350819,0",2021-04-09,sexta-feira,16:01:00,SC,280,"124,9",RIO NEGRINHO,Desrespeitar a preferência no cruzamento,Colisão transversal,Com Vítimas Feridas,Pleno dia,Crescente,Céu Claro,Simples,Interseção de Vias,Sim,2,0,0,1,1,0,1,2,-26.24130297,-49.47514499,SPRF-SC,DEL06-SC,UOP03-DEL06-SC,2021
"350826,0",2021-04-09,sexta-feira,19:20:00,SC,470,"1,0",NAVEGANTES,Ingestão de álcool ou de substâncias psicoativas pelo pedestre,Atropelamento de Pedestre,Com Vítimas Feridas,Plena Noite,Crescente,Nublado,Dupla,Reta,Sim,2,0,2,0,0,0,2,2,-26.875383,-48.668285,SPRF-SC,DEL04-SC,UOP04-DEL04-SC,2021
"350832,0",2021-04-09,sexta-feira,18:40:00,SC,101,"367,8",ICARA,Ultrapassagem Indevida,Colisão frontal,Com Vítimas Feridas,Plena Noite,Decrescente,Céu Claro,Simples,Reta,Não,3,0,0,2,1,0,2,3,-28.69841782,-49.18544769,SPRF-SC,DEL02-SC,UOP01-DEL02-SC,2021
"350845,0",2021-04-09,sexta-feira,21:25:00,SC,280,"48,0",GUARAMIRIM,Acessar a via sem observar a presença dos outros veículos,Colisão transversal,Com Vítimas Feridas,Plena Noite,Decrescente,Nublado,Simples,Reta,Não,6,0,4,0,2,0,4,2,-26.45506795,-48.92766502,SPRF-SC,DEL03-SC,UOP03-DEL03-SC,2021
"350847,0",2021-04-09,sexta-feira,19:20:00,SC,116,"216,1",PONTE ALTA,Ultrapassagem Indevida,Colisão frontal,Com Vítimas Feridas,Plena Noite,Crescente,Céu Claro,Simples,Reta,Não,2,0,1,0,1,0,1,2,-27.54634396,-50.3770563,SPRF-SC,DEL05-SC,UOP03-DEL05-SC,2021
"350877,0",2021-04-09,sexta-feira,18:55:00,SC,470,"66,6",INDAIAL,Área urbana sem a presença de local apropriado para a travessia de pedestres,Colisão transversal,Com Vítimas Feridas,Plena Noite,Decrescente,Céu Claro,Simples,Reta,Sim,2,0,0,2,0,0,2,2,-26.870547,-49.228216,SPRF-SC,DEL04-SC,UOP01-DEL04-SC,2021
"350879,0",2021-04-09,sexta-feira,23:10:00,SC,101,"333,1",TUBARAO,Ingestão de álcool pelo condutor,Colisão lateral mesmo sentido,Com Vítimas Feridas,Plena Noite,Decrescente,Nublado,Simples,Reta,Sim,2,0,1,0,1,0,1,2,-28.46630107,-48.99653096,SPRF-SC,DEL02-SC,UOP01-DEL02-SC,2021
"350885,0",2021-04-10,sábado,00:30:00,SC,280,"4,0",SAO FRANCISCO DO SUL,Velocidade Incompatível,Colisão frontal,Com Vítimas Feridas,Plena Noite,Decrescente,Nublado,Simples,Rotatória,Sim,3,0,2,1,0,0,3,2,-26.25329566,-48.61916042,SPRF-SC,DEL03-SC,UOP03-DEL03-SC,2021
"350886,0",2021-04-09,sexta-feira,23:00:00,SC,282,"503,8",XANXERE,Velocidade Incompatível,Saída de leito carroçável,Com Vítimas Feridas,Plena Noite,Decrescente,Céu Claro,Dupla,Curva,Sim,1,0,1,0,0,0,1,1,-26.88248811,-52.40392685,SPRF-SC,DEL07-SC,UOP01-DEL07-SC,2021
"350887,0",2021-04-10,sábado,00:15:00,SC,101,"365,4",SANGAO,Reação tardia ou ineficiente do condutor,Saída de leito carroçável,Com Vítimas Fatais,Plena Noite,Crescente,Céu Claro,Dupla,Reta,Não,2,1,0,1,0,0,1,1,-28.68915708,-49.16055679,SPRF-SC,DEL02-SC,UOP01-DEL02-SC,2021
"350900,0",2021-04-10,sábado,01:10:00,SC,101,"193,0",BIGUACU,Ausência de reação do condutor,Saída de leito carroçável,Com Vítimas Feridas,Plena Noite,Crescente,Céu Claro,Múltipla,Curva,Sim,1,0,0,1,0,0,1,1,-27.489574,-48.655914,SPRF-SC,DEL01-SC,UOP01-DEL01-SC,2021
"350901,0",2021-04-10,sábado,01:30:00,SC,101,"193,0",BIGUACU,Ausência de reação do condutor,Colisão com objeto,Com Vítimas Feridas,Plena Noite,Crescente,Céu Claro,Múltipla,Curva,Sim,1,0,1,0,0,0,1,1,-27.489574,-48.655914,SPRF-SC,DEL01-SC,UOP01-DEL01-SC,2021
"350914,0",2021-04-10,sábado,02:00:00,SC,101,"277,0",IMBITUBA,Desrespeitar a preferência no cruzamento,Colisão frontal,Com Vítimas Feridas,Plena Noite,Decrescente,Céu Claro,Simples,Reta,Sim,2,0,1,0,1,0,1,2,-28.15478103,-48.69265474,SPRF-SC,DEL02-SC,UOP03-DEL02-SC,2021
"350915,0",2021-04-10,sábado,03:30:00,SC,282,"2,8",FLORIANOPOLIS,Velocidade Incompatível,Colisão com objeto,Sem Vítimas,Plena Noite,Crescente,Céu Claro,Múltipla,Curva,Sim,1,0,0,0,1,0,0,1,-27.603289,-48.590416,SPRF-SC,DEL01-SC,UOP01-DEL01-SC,2021
"350921,0",2021-04-10,sábado,03:00:00,SC,470,"116,7",IBIRAMA,Deficiência do Sistema de Iluminação/Sinalização,Colisão traseira,Com Vítimas Fatais,Plena Noite,Crescente,Céu Claro,Simples,Reta,Não,2,1,0,0,1,0,0,2,-27.07756,-49.49448,SPRF-SC,DEL04-SC,UOP02-DEL04-SC,2021
"350926,0",2021-04-10,sábado,02:30:00,SC,116,"242,0",LAGES,Ingestão de álcool pelo condutor,Saída de leito carroçável,Com Vítimas Feridas,Plena Noite,Decrescente,Céu Claro,Simples,Declive,Não,3,0,3,0,0,0,3,1,-27.77666295,-50.34027011,SPRF-SC,DEL05-SC,UOP01-DEL05-SC,2021
"350931,0",2021-04-10,sábado,05:45:00,SC,101,"329,0",TUBARAO,Reação tardia ou ineficiente do condutor,Saída de leito carroçável,Com Vítimas Feridas,Amanhecer,Crescente,Céu Claro,Dupla,Reta,Não,2,0,2,0,0,0,2,1,-28.44404822,-48.96611372,SPRF-SC,DEL02-SC,UOP01-DEL02-SC,2021
"350940,0",2021-04-10,sábado,06:45:00,SC,101,"133,0",BALNEARIO CAMBORIU,Condutor Dormindo,Engavetamento,Com Vítimas Feridas,Pleno dia,Crescente,Céu Claro,Simples,Reta,Sim,4,0,1,0,3,0,1,3,-26.99936,-48.64609,SPRF-SC,DEL04-SC,UOP03-DEL04-SC,2021
"350951,0",2021-04-10,sábado,09:10:00,SC,280,"127,0",RIO NEGRINHO,Trafegar com motocicleta (ou similar) entre as faixas,Colisão lateral mesmo sentido,Com Vítimas Feridas,Pleno dia,Crescente,Céu Claro,Simples,Reta,Sim,3,0,2,0,1,0,2,2,-26.23943953,-49.50420708,SPRF-SC,DEL06-SC,UOP03-DEL06-SC,2021
"350955,0",2021-04-10,sábado,09:25:00,SC,470,"150,0",AGRONOMICA,Acesso irregular,Colisão traseira,Com Vítimas Feridas,Pleno dia,Crescente,Céu Claro,Simples,Reta,Não,3,0,0,1,2,0,1,2,-27.256508,-49.710876,SPRF-SC,DEL04-SC,UOP02-DEL04-SC,2021
"350975,0",2021-04-10,sábado,11:50:00,SC,101,"119,8",ITAJAI,Condutor deixou de manter distância do veículo da frente,Colisão lateral mesmo sentido,Com Vítimas Feridas,Pleno dia,Decrescente,Sol,Múltipla,Reta,Sim,2,0,1,0,1,0,1,2,-26.9043179,-48.71555481,SPRF-SC,DEL04-SC,UOP04-DEL04-SC,2021
"350979,0",2021-04-10,sábado,11:15:00,SC,101,"367,0",ICARA,Pedestre cruzava a pista fora da faixa,Atropelamento de Pedestre,Com Vítimas Fatais,Pleno dia,Decrescente,Céu Claro,Múltipla,Curva,Não,4,1,1,0,1,1,1,2,-28.69686501,-49.17580247,SPRF-SC,DEL02-SC,UOP01-DEL02-SC,2021
"350983,0",2021-04-10,sábado,13:10:00,SC,101,"112,8",ITAJAI,Condutor deixou de manter distância do veículo da frente,Colisão lateral mesmo sentido,Com Vítimas Feridas,Pleno dia,Decrescente,Céu Claro,Dupla,Reta,Não,2,0,1,0,1,0,1,2,-26.84589005,-48.72131295,SPRF-SC,DEL04-SC,UOP04-DEL04-SC,2021
"350986,0",2021-04-10,sábado,05:00:00,SC,282,"67,0",RANCHO QUEIMADO,Condutor Dormindo,Saída de leito carroçável,Sem Vítimas,Amanhecer,Crescente,Céu Claro,Simples,Curva,Não,1,0,0,0,1,0,0,1,-27.695963,-49.0695,SPRF-SC,DEL01-SC,UOP03-DEL01-SC,2021
"350990,0",2021-04-10,sábado,12:55:00,SC,101,"164,7",TIJUCAS,Demais falhas mecânicas ou elétricas,Tombamento,Com Vítimas Feridas,Pleno dia,Crescente,Céu Claro,Dupla,Reta,Sim,2,0,1,0,1,0,1,1,-27.243868,-48.6309,SPRF-SC,DEL04-SC,UOP03-DEL04-SC,2021
"350991,0",2021-04-10,sábado,14:30:00,SC,101,"342,6",TUBARAO,Demais falhas mecânicas ou elétricas,Tombamento,Com Vítimas Feridas,Pleno dia,Decrescente,Céu Claro,Múltipla,Reta,Não,2,0,1,0,1,0,1,1,-28.53858888,-49.05287683,SPRF-SC,DEL02-SC,UOP01-DEL02-SC,2021
"351008,0",2021-04-10,sábado,14:30:00,SC,101,"98,6",BALNEARIO PICARRAS,Ausência de reação do condutor,Saída de leito carroçável,Com Vítimas Feridas,Pleno dia,Crescente,Céu Claro,Dupla,Reta,Não,1,0,1,0,0,0,1,1,-26.73760897,-48.69918789,SPRF-SC,DEL03-SC,UOP02-DEL03-SC,2021
"351009,0",2021-04-10,sábado,13:30:00,SC,101,"91,0",BARRA VELHA,Desrespeitar a preferência no cruzamento,Colisão transversal,Com Vítimas Feridas,Pleno dia,Decrescente,Céu Claro,Dupla,Interseção de Vias;Viaduto,Sim,3,0,1,0,2,0,1,2,-26.67187033,-48.69022608,SPRF-SC,DEL03-SC,UOP02-DEL03-SC,2021
"351076,0",2021-04-10,sábado,22:00:00,SC,101,"237,0",PALHOCA,Ausência de reação do condutor,Capotamento,Com Vítimas Feridas,Plena Noite,Crescente,Céu Claro,Dupla,Reta,Não,1,0,1,0,0,0,1,1,-27.83490593,-48.63077716,SPRF-SC,DEL01-SC,UOP02-DEL01-SC,2021
"351088,0",2021-04-10,sábado,06:00:00,SC,282,"490,3",FAXINAL DOS GUEDES,Ingestão de álcool pelo condutor,Saída de leito carroçável,Sem Vítimas,Amanhecer,Crescente,Céu Claro,Simples,Reta,Não,1,0,0,0,0,1,0,1,-26.874599,-52.282806,SPRF-SC,DEL07-SC,UOP01-DEL07-SC,2021
"351091,0",2021-04-10,sábado,22:10:00,SC,470,"114,0",IBIRAMA,Velocidade Incompatível,Colisão traseira,Com Vítimas Feridas,Plena Noite,Decrescente,Céu Claro,Simples,Reta,Sim,2,0,1,0,1,0,1,2,-27.086386,-49.478001,SPRF-SC,DEL04-SC,UOP02-DEL04-SC,2021
"351094,0",2021-04-10,sábado,20:30:00,SC,101,"12,0",GARUVA,Velocidade Incompatível,Saída de leito carroçável,Com Vítimas Fatais,Plena Noite,Crescente,Céu Claro,Dupla,Reta,Não,1,1,0,0,0,0,0,1,-26.08104399,-48.86175612,SPRF-SC,DEL03-SC,UOP01-DEL03-SC,2021
"351096,0",2021-04-10,sábado,17:45:00,SC,101,"409,0",ARARANGUA,Frear bruscamente,Tombamento,Com Vítimas Feridas,Anoitecer,Decrescente,Céu Claro,Simples,Rotatória,Sim,2,0,2,0,0,0,2,1,-28.93996042,-49.4978714,SPRF-SC,DEL02-SC,UOP02-DEL02-SC,2021
"351098,0",2021-04-10,sábado,18:55:00,SC,101,"434,0",SOMBRIO,Ingestão de álcool pelo condutor,Colisão traseira,Com Vítimas Feridas,Plena Noite,Crescente,Céu Claro,Dupla,Reta,Sim,4,0,1,0,2,1,1,4,-29.09075196,-49.63226114,SPRF-SC,DEL02-SC,UOP02-DEL02-SC,2021
"351113,0",2021-04-11,domingo,02:00:00,SC,101,"329,2",CAPIVARI DE BAIXO,Ausência de reação do condutor,Saída de leito carroçável,Com Vítimas Feridas,Plena Noite,Decrescente,Céu Claro,Dupla,Reta,Não,2,0,1,0,1,0,1,1,-28.44404822,-48.96611372,SPRF-SC,DEL02-SC,UOP01-DEL02-SC,2021
"351114,0",2021-04-11,domingo,03:10:00,SC,282,"603,0",MARAVILHA,Velocidade Incompatível,Colisão com objeto,Com Vítimas Feridas,Plena Noite,Decrescente,Céu Claro,Simples,Reta,Não,1,0,0,1,0,0,1,1,-26.803013,-53.188068,SPRF-SC,DEL07-SC,UOP02-DEL07-SC,2021
"351191,0",2021-04-11,domingo,14:00:00,SC,470,"42,7",GASPAR,Condutor deixou de manter distância do veículo da frente,Colisão traseira,Com Vítimas Feridas,Pleno dia,Crescente,Céu Claro,Simples,Reta;Aclive;Em Obras,Não,2,0,0,1,1,0,1,2,-26.8478271,-48.90123546,SPRF-SC,DEL04-SC,UOP01-DEL04-SC,2021
"351200,0",2021-04-11,domingo,16:30:00,SC,282,"218,0",LAGES,Ingestão de álcool pelo condutor,Colisão traseira,Sem Vítimas,Pleno dia,Decrescente,Céu Claro,Simples,Reta,Sim,3,0,0,0,3,0,0,2,-27.797235,-50.31361,SPRF-SC,DEL05-SC,UOP01-DEL05-SC,2021
"351202,0",2021-04-11,domingo,17:00:00,SC,101,"145,0",ITAPEMA,Trafegar com motocicleta (ou similar) entre as faixas,Colisão lateral mesmo sentido,Com Vítimas Feridas,Pleno dia,Decrescente,Céu Claro,Dupla,Reta,Sim,3,0,1,0,2,0,1,2,-27.08139206,-48.60130993,SPRF-SC,DEL04-SC,UOP03-DEL04-SC,2021
"351205,0",2021-04-11,domingo,17:30:00,SC,470,"57,5",BLUMENAU,Ingestão de álcool pelo condutor,Colisão traseira,Com Vítimas Feridas,Pleno dia,Decrescente,Céu Claro,Simples,Reta,Não,2,0,1,0,1,0,1,2,-26.880428,-49.136532,SPRF-SC,DEL04-SC,UOP01-DEL04-SC,2021
"351213,0",2021-03-30,terça-feira,05:25:00,SC,163,"82,3",GUARACIABA,Manobra de mudança de faixa,Colisão transversal,Com Vítimas Feridas,Amanhecer,Crescente,Céu Claro,Simples,Reta,Não,2,0,0,1,1,0,1,2,-26.64162493,-53.51842645,SPRF-SC,DEL07-SC,UOP03-DEL07-SC,2021
"351218,0",2021-04-11,domingo,17:20:00,SC,280,"4,0",SAO FRANCISCO DO SUL,Condutor deixou de manter distância do veículo da frente,Engavetamento,Com Vítimas Feridas,Pleno dia,Crescente,Céu Claro,Simples,Reta,Sim,4,0,1,0,3,0,1,3,-26.25329566,-48.61916042,SPRF-SC,DEL03-SC,UOP03-DEL03-SC,2021
"351220,0",2021-04-11,domingo,17:30:00,SC,101,"158,0",PORTO BELO,Manobra de mudança de faixa,Colisão com objeto,Com Vítimas Feridas,Pleno dia,Decrescente,Céu Claro,Dupla,Reta,Não,3,0,2,0,1,0,2,2,-27.19096301,-48.61259017,SPRF-SC,DEL04-SC,UOP03-DEL04-SC,2021
"351240,0",2021-04-11,domingo,18:15:00,SC,282,"517,6",XAXIM,Ingestão de álcool pelo condutor,Colisão transversal,Sem Vítimas,Plena Noite,Crescente,Céu Claro,Simples,Interseção de Vias,Sim,2,0,0,0,2,0,0,2,-26.939375,-52.500057,SPRF-SC,DEL07-SC,UOP01-DEL07-SC,2021
"351251,0",2021-04-11,domingo,20:00:00,SC,101,"147,0",ITAPEMA,Condutor deixou de manter distância do veículo da frente,Colisão traseira,Sem Vítimas,Plena Noite,Decrescente,Céu Claro,Dupla,Reta,Sim,2,0,0,0,2,0,0,2,-27.09237407,-48.61730888,SPRF-SC,DEL04-SC,UOP03-DEL04-SC,2021
"351263,0",2021-04-11,domingo,21:15:00,SC,470,"68,1",INDAIAL,Conversão proibida,Colisão traseira,Com Vítimas Feridas,Plena Noite,Decrescente,Céu Claro,Simples,Em Obras,Sim,2,0,1,0,1,0,1,2,-26.87825483,-49.24007784,SPRF-SC,DEL04-SC,UOP01-DEL04-SC,2021
"351273,0",2021-04-11,domingo,20:55:00,SC,101,"145,0",ITAPEMA,Ingestão de álcool pelo condutor,Colisão traseira,Sem Vítimas,Plena Noite,Decrescente,Nublado,Dupla,Reta,Não,2,0,0,0,2,0,0,2,-27.08666525,-48.60955587,SPRF-SC,DEL04-SC,UOP03-DEL04-SC,2021
"351282,0",2021-04-11,domingo,22:00:00,SC,101,"123,5",ITAJAI,Demais falhas mecânicas ou elétricas,Tombamento,Com Vítimas Feridas,Plena Noite,Crescente,Céu Claro,Dupla,Reta,Não,2,0,2,0,0,0,2,1,-26.93668609,-48.69876905,SPRF-SC,DEL04-SC,UOP04-DEL04-SC,2021
"351284,0",2021-04-11,domingo,18:55:00,SC,158,"104,5",CUNHA PORA,Transitar na contramão,Colisão frontal,Com Vítimas Feridas,Plena Noite,Decrescente,Céu Claro,Simples,Curva,Não,3,0,0,1,1,1,1,2,-26.86046001,-53.16404912,SPRF-SC,DEL07-SC,UOP02-DEL07-SC,2021
"351287,0",2021-04-11,domingo,21:10:00,SC,101,"73,0",ARAQUARI,Reação tardia ou ineficiente do condutor,Colisão lateral mesmo sentido,Com Vítimas Feridas,Plena Noite,Crescente,Nublado,Dupla,Reta,Não,3,0,1,0,2,0,1,2,-26.53567108,-48.71326731,SPRF-SC,DEL03-SC,UOP02-DEL03-SC,2021
"351291,0",2021-04-11,domingo,19:35:00,SC,101,"311,4",LAGUNA,Pedestre andava na pista,Atropelamento de Pedestre,Com Vítimas Fatais,Plena Noite,Decrescente,Céu Claro,Dupla,Reta,Sim,2,1,1,0,0,0,1,2,-28.44104731,-48.81588382,SPRF-SC,DEL02-SC,UOP01-DEL02-SC,2021
"351333,0",2021-04-11,domingo,20:55:00,SC,101,"333,0",TUBARAO,Velocidade Incompatível,Tombamento,Com Vítimas Feridas,Plena Noite,Crescente,Céu Claro,Simples,Rotatória,Sim,1,0,1,0,0,0,1,1,-28.46630107,-48.99653096,SPRF-SC,DEL02-SC,UOP01-DEL02-SC,2021
"351334,0",2021-04-12,segunda-feira,05:30:00,SC,101,"126,0",ITAJAI,Demais falhas mecânicas ou elétricas,Tombamento,Com Vítimas Feridas,Plena Noite,Decrescente,Céu Claro,Dupla,Curva,Não,1,0,1,0,0,0,1,1,-26.95564404,-48.67978366,SPRF-SC,DEL04-SC,UOP04-DEL04-SC,2021
"351335,0",2021-04-12,segunda-feira,05:40:00,SC,101,"264,0",GAROPABA,Velocidade Incompatível,Saída de leito carroçável,Com Vítimas Feridas,Plena Noite,Crescente,Garoa/Chuvisco,Dupla,Curva,Não,1,0,1,0,0,0,1,1,-28.05149404,-48.71632789,SPRF-SC,DEL02-SC,UOP03-DEL02-SC,2021
"351346,0",2021-04-12,segunda-feira,07:05:00,SC,101,"117,5",ITAJAI,Condutor deixou de manter distância do veículo da frente,Colisão traseira,Com Vítimas Feridas,Pleno dia,Decrescente,Céu Claro,Simples,Reta,Sim,2,0,1,0,1,0,1,2,-26.88747187,-48.72252969,SPRF-SC,DEL04-SC,UOP04-DEL04-SC,2021
"351365,0",2021-04-12,segunda-feira,08:20:00,SC,280,"58,6",GUARAMIRIM,Reação tardia ou ineficiente do condutor,Colisão transversal,Com Vítimas Feridas,Pleno dia,Crescente,Nublado,Simples,Interseção de Vias,Sim,2,0,1,0,1,0,1,2,-26.4754998,-49.03126359,SPRF-SC,DEL03-SC,UOP03-DEL03-SC,2021
"351372,0",2021-04-12,segunda-feira,09:20:00,SC,282,"104,0",ALFREDO WAGNER,Acessar a via sem observar a presença dos outros veículos,Colisão traseira,Com Vítimas Feridas,Pleno dia,Crescente,Céu Claro,Simples,Reta,Sim,3,0,2,0,1,0,2,2,-27.696043,-49.334038,SPRF-SC,DEL01-SC,UOP03-DEL01-SC,2021
"351373,0",2021-04-12,segunda-feira,10:15:00,SC,101,"212,5",PALHOCA,Trafegar com motocicleta (ou similar) entre as faixas,Colisão lateral mesmo sentido,Com Vítimas Feridas,Pleno dia,Decrescente,Céu Claro,Múltipla,Reta,Sim,3,0,1,0,1,1,1,3,-27.63342904,-48.66224527,SPRF-SC,DEL01-SC,UOP02-DEL01-SC,2021
"351374,0",2021-03-31,quarta-feira,20:00:00,SC,101,"201,1",SAO JOSE,Ausência de reação do condutor,Colisão traseira,Com Vítimas Feridas,Plena Noite,Crescente,Nublado,Dupla,Reta,Sim,2,0,1,0,1,0,1,2,-27.54836599,-48.61977975,SPRF-SC,DEL01-SC,UOP01-DEL01-SC,2021
"351379,0",2021-04-12,segunda-feira,07:50:00,SC,101,"133,2",BALNEARIO CAMBORIU,Trafegar com motocicleta (ou similar) entre as faixas,Colisão lateral mesmo sentido,Com Vítimas Feridas,Pleno dia,Crescente,Nublado,Múltipla,Reta,Sim,2,0,1,0,1,0,1,2,-26.99936,-48.64609,SPRF-SC,DEL04-SC,UOP03-DEL04-SC,2021
"351383,0",2021-04-12,segunda-feira,09:00:00,SC,101,"211,0",PALHOCA,Manobra de mudança de faixa,Tombamento,Com Vítimas Feridas,Pleno dia,Decrescente,Céu Claro,Dupla,Desvio Temporário;Em Obras,Sim,1,0,1,0,0,0,1,1,-27.62329313,-48.65245588,SPRF-SC,DEL01-SC,UOP02-DEL01-SC,2021
"351407,0",2021-04-12,segunda-feira,12:13:00,SC,480,"129,5",CHAPECO,Ausência de sinalização,Colisão transversal,Com Vítimas Feridas,Pleno dia,Decrescente,Sol,Simples,Reta;Declive,Não,4,0,1,0,3,0,1,2,-27.05039792,-52.63539612,SPRF-SC,DEL07-SC,UOP01-DEL07-SC,2021
"351408,0",2021-04-04,domingo,19:42:00,SC,282,"504,7",XANXERE,Desrespeitar a preferência no cruzamento,Colisão transversal,Com Vítimas Feridas,Plena Noite,Decrescente,Céu Claro,Simples,Reta;Interseção de Vias,Sim,3,0,0,2,1,0,2,2,-26.88513448,-52.41080588,SPRF-SC,DEL07-SC,UOP01-DEL07-SC,2021
"351413,0",2021-04-12,segunda-feira,12:30:00,SC,101,"368,0",SANGAO,Velocidade Incompatível,Colisão com objeto,Com Vítimas Feridas,Pleno dia,Decrescente,Sol,Dupla,Aclive;Curva,Não,1,0,1,0,0,0,1,1,-28.6957326,-49.17347228,SPRF-SC,DEL02-SC,UOP01-DEL02-SC,2021
"351423,0",2021-04-12,segunda-feira,13:30:00,SC,101,"198,7",SAO JOSE,Acessar a via sem observar a presença dos outros veículos,Colisão traseira,Com Vítimas Feridas,Pleno dia,Crescente,Sol,Múltipla,Reta,Sim,2,0,1,0,1,0,1,2,-27.52658712,-48.63506019,SPRF-SC,DEL01-SC,UOP01-DEL01-SC,2021