id,data_inversa,dia_semana,horario,uf,br,km,municipio,causa_acidente,tipo_acidente,classificacao_acidente,fase_dia,sentido_via,condicao_metereologica,tipo_pista,tracado_via,uso_solo,pessoas,mortos,feridos_leves,feridos_graves,ilesos,ignorados,feridos,veiculos,latitude,longitude,regional,delegacia,uop,ano_arquivo
"355363,0",2021-05-03,segunda-feira,11:50:00,SC,101,"149,0",ITAPEMA,Velocidade Incompatível,Tombamento,Com Vítimas Feridas,Pleno dia,Decrescente,Céu Claro,Múltipla,Reta,Não,2,0,1,0,1,0,1,2,-27.1089649,-48.61277586,SPRF-SC,DEL04-SC,UOP03-DEL04-SC,2021
"355414,0",2021-05-03,segunda-feira,18:03:00,SC,280,"125,2",RIO NEGRINHO,Conversão proibida,Colisão transversal,Com Vítimas Feridas,Plena Noite,Decrescente,Céu Claro,Simples,Reta,Não,2,0,0,1,1,0,1,2,-26.23765103,-49.48465347,SPRF-SC,DEL06-SC,UOP03-DEL06-SC,2021
"355419,0",2021-05-03,segunda-feira,18:00:00,SC,280,"109,8",SAO BENTO DO SUL,Transitar na contramão,Colisão frontal,Com Vítimas Feridas,Pleno dia,Crescente,Céu Claro,Simples,Interseção de Vias,Não,3,0,1,0,2,0,1,2,-26.3100351,-49.38766479,SPRF-SC,DEL06-SC,UOP03-DEL06-SC,2021
"355453,0",2021-05-03,segunda-feira,08:15:00,SC,153,"100,0",CONCORDIA,Acesso irregular,Colisão transversal,Com Vítimas Feridas,Pleno dia,Crescente,Céu Claro,Simples,Reta,Sim,2,0,2,0,0,0,2,2,-27.242643,-51.95171,SPRF-SC,DEL07-SC,UOP04-DEL07-SC,2021
"355464,0",2021-05-03,segunda-feira,21:50:00,SC,101,"139,0",BALNEARIO CAMBORIU,Ingestão de álcool pelo condutor,Colisão com objeto,Sem Vítimas,Plena Noite,Crescente,Céu Claro,Múltipla,Curva,Não,1,0,0,0,1,0,0,1,-27.02982303,-48.60115006,SPRF-SC,DEL04-SC,UOP03-DEL04-SC,2021
"355472,0",2021-05-03,segunda-feira,19:00:00,SC,280,"226,0",CANOINHAS,Demais falhas mecânicas ou elétricas,Saída de leito carroçável,Com Vítimas Feridas,Plena Noite,Crescente,Céu Claro,Simples,Reta,Não,2,0,1,0,1,0,1,1,-26.18105839,-50.32269294,SPRF-SC,DEL06-SC,UOP04-DEL06-SC,2021
"355474,0",2021-05-03,segunda-feira,22:00:00,SC,101,"129,8",BALNEARIO CAMBORIU,Velocidade Incompatível,Saída de leito carroçável,Com Vítimas Feridas,Plena Noite,Crescente,Céu Claro,Múltipla,Reta,Não,1,0,0,1,0,0,1,1,-26.98064277,-48.6790679,SPRF-SC,DEL04-SC,UOP03-DEL04-SC,2021
"355478,0",2021-05-03,segunda-feira,20:50:00,SC,116,"251,3",LAGES,Velocidade Incompatível,Colisão com objeto,Com Vítimas Feridas,Plena Noite,Crescente,Nublado,Simples,Curva,Não,1,0,1,0,0,0,1,1,-27.84598249,-50.37871957,SPRF-SC,DEL05-SC,UOP02-DEL05-SC,2021
"355531,0",2021-05-04,terça-feira,08:30:00,SC,101,"212,8",PALHOCA,Reação tardia ou ineficiente do condutor,Tombamento,Com Vítimas Feridas,Pleno dia,Crescente,Céu Claro,Múltipla,Reta,Sim,2,0,2,0,0,0,2,1,-27.63448409,-48.66337717,SPRF-SC,DEL01-SC,UOP02-DEL01-SC,2021
"355573,0",2021-02-21,domingo,20:50:00,SC,470,"68,0",INDAIAL,Condutor deixou de manter distância do veículo da frente,Colisão traseira,Sem Vítimas,Plena Noite,Decrescente,Céu Claro,Simples,Em Obras;Interseção de Vias,Não,2,0,0,0,1,1,0,2,-26.877615,-49.239231,SPRF-SC,DEL04-SC,UOP01-DEL04-SC,2021
"355601,0",2021-05-04,terça-feira,17:25:00,SC,101,"146,5",ITAPEMA,Manobra de mudança de faixa,Colisão lateral mesmo sentido,Com Vítimas Feridas,Anoitecer,Decrescente,Céu Claro,Dupla,Reta,Sim,2,0,1,1,0,0,2,2,-27.08666525,-48.60955587,SPRF-SC,DEL04-SC,UOP03-DEL04-SC,2021
"355603,0",2021-05-04,terça-feira,17:35:00,SC,101,"209,1",SAO JOSE,Manobra de mudança de faixa,Colisão lateral mesmo sentido,Sem Vítimas,Anoitecer,Decrescente,Céu Claro,Dupla,Reta,Não,1,0,0,0,1,0,0,1,-27.61000542,-48.63895057,SPRF-SC,DEL01-SC,UOP01-DEL01-SC,2021
"355606,0",2021-05-04,terça-feira,14:40:00,SC,282,"210,0",LAGES,Ausência de reação do condutor,Saída de leito carroçável,Com Vítimas Feridas,Pleno dia,Crescente,Céu Claro,Simples,Reta,Não,1,0,1,0,0,0,1,1,-27.778582,-50.231815,SPRF-SC,DEL05-SC,UOP01-DEL05-SC,2021
"355656,0",2021-05-04,terça-feira,14:40:00,SC,101,"44,0",JOINVILLE,Ausência de reação do condutor,Colisão traseira,Sem Vítimas,Pleno dia,Crescente,Céu Claro,Dupla,Curva,Não,3,0,0,0,3,0,0,2,-26.31238996,-48.87458997,SPRF-SC,DEL03-SC,UOP01-DEL03-SC,2021
"355660,0",2021-05-04,terça-feira,20:40:00,SC,101,"31,7",JOINVILLE,Ingestão de álcool pelo condutor,Colisão com objeto,Com Vítimas Feridas,Plena Noite,Decrescente,Céu Claro,Dupla,Reta,Sim,1,0,1,0,0,0,1,1,-26.22195899,-48.91634925,SPRF-SC,DEL03-SC,UOP01-DEL03-SC,2021
"355665,0",2021-05-04,terça-feira,23:45:00,SC,101,"120,0",ITAJAI,Acessar a via sem observar a presença dos outros veículos,Colisão transversal,Com Vítimas Feridas,Plena Noite,Crescente,Céu Claro,Dupla,Reta,Não,2,0,1,0,1,0,1,2,-26.912758,-48.711998,SPRF-SC,DEL04-SC,UOP04-DEL04-SC,2021
"355674,0",2021-05-05,quarta-feira,03:30:00,SC,280,"48,1",GUARAMIRIM,Pedestre cruzava a pista fora da faixa,Atropelamento de Pedestre,Com Vítimas Feridas,Plena Noite,Crescente,Nublado,Simples,Reta,Não,2,0,1,0,0,1,1,2,-26.45506795,-48.92766502,SPRF-SC,DEL03-SC,UOP03-DEL03-SC,2021
"355681,0",2021-05-05,quarta-feira,06:40:00,SC,282,"2,0",FLORIANOPOLIS,Manobra de mudança de faixa,Colisão lateral mesmo sentido,Com Vítimas Feridas,Pleno dia,Crescente,Nublado,Múltipla,Reta,Não,2,0,1,0,1,0,1,2,-27.603289,-48.590416,SPRF-SC,DEL01-SC,UOP01-DEL01-SC,2021
"355697,0",2021-05-05,quarta-feira,02:30:00,SC,101,"116,6",ITAJAI,Ingestão de álcool pelo condutor,Saída de leito carroçável,Com Vítimas Feridas,Plena Noite,Crescente,Nevoeiro/Neblina,Múltipla,Reta,Sim,1,0,1,0,0,0,1,1,-26.87905605,-48.72603512,SPRF-SC,DEL04-SC,UOP04-DEL04-SC,2021
"355699,0",2021-04-07,quarta-feira,08:10:00,SC,101,"210,1",SAO JOSE,Ingestão de substâncias psicoativas pelo condutor,Colisão lateral mesmo sentido,Com Vítimas Feridas,Pleno dia,Decrescente,Céu Claro,Dupla,Em Obras,Sim,2,0,1,0,1,0,1,2,-27.6167305,-48.6457265,SPRF-SC,DEL01-SC,UOP01-DEL01-SC,2021
"355701,0",2021-05-05,quarta-feira,07:00:00,SC,101,"378,0",ICARA,Manobra de mudança de faixa,Colisão frontal,Com Vítimas Feridas,Pleno dia,Crescente,Céu Claro,Simples,Reta,Não,2,0,1,0,1,0,1,2,-28.741853,-49.251657,SPRF-SC,DEL02-SC,UOP02-DEL02-SC,2021
"355722,0",2021-05-05,quarta-feira,10:15:00,SC,280,"37,5",ARAQUARI,Conversão proibida,Colisão transversal,Com Vítimas Feridas,Pleno dia,Decrescente,Céu Claro,Simples,Reta,Não,2,0,1,0,1,0,1,2,-26.44572892,-48.81862707,SPRF-SC,DEL03-SC,UOP03-DEL03-SC,2021
"355734,0",2021-05-05,quarta-feira,11:20:00,SC,101,"327,0",CAPIVARI DE BAIXO,Desrespeitar a preferência no cruzamento,Colisão transversal,Com Vítimas Feridas,Pleno dia,Decrescente,Garoa/Chuvisco,Múltipla,Interseção de Vias,Sim,3,0,1,0,2,0,1,2,-28.43023306,-48.95205197,SPRF-SC,DEL02-SC,UOP01-DEL02-SC,2021
"355746,0",2021-05-05,quarta-feira,13:15:00,SC,101,"100,9",BALNEARIO PICARRAS,Reação tardia ou ineficiente do condutor,Colisão transversal,Sem Vítimas,Pleno dia,Decrescente,Nublado,Simples,Reta,Sim,2,0,0,0,2,0,0,2,-26.75482787,-48.68993675,SPRF-SC,DEL03-SC,UOP02-DEL03-SC,2021
"355750,0",2021-05-05,quarta-feira,14:10:00,SC,280,"55,6",GUARAMIRIM,Condutor deixou de manter distância do veículo da frente,Colisão traseira,Com Vítimas Feridas,Pleno dia,Decrescente,Céu Claro,Simples,Retorno Regulamentado,Não,2,0,1,0,1,0,1,2,-26.47951406,-49.00524616,SPRF-SC,DEL03-SC,UOP03-DEL03-SC,2021
"355779,0",2021-05-05,quarta-feira,17:55:00,SC,101,"205,0",SAO JOSE,Ausência de reação do condutor,Colisão traseira,Com Vítimas Feridas,Plena Noite,Decrescente,Céu Claro,Dupla,Reta,Sim,2,0,1,0,1,0,1,2,-27.58313237,-48.61532885,SPRF-SC,DEL01-SC,UOP01-DEL01-SC,2021
"355786,0",2021-05-05,quarta-feira,18:44:00,SC,101,"205,6",SAO JOSE,Trafegar com motocicleta (ou similar) entre as faixas,Colisão traseira,Com Vítimas Feridas,Plena Noite,Crescente,Céu Claro,Múltipla,Reta,Sim,2,0,1,0,1,0,1,2,-27.58313237,-48.61532885,SPRF-SC,DEL01-SC,UOP01-DEL01-SC,2021
"355803,0",2021-05-05,quarta-feira,19:15:00,SC,101,"435,0",SOMBRIO,Ausência de reação do condutor,Saída de leito carroçável,Com Vítimas Feridas,Plena Noite,Crescente,Chuva,Dupla,Reta,Sim,2,0,2,0,0,0,2,1,-29.09949414,-49.63480552,SPRF-SC,DEL02-SC,UOP02-DEL02-SC,2021
"355820,0",2021-05-05,quarta-feira,18:40:00,SC,282,"306,0",VARGEM,Chuva,Capotamento,Com Vítimas Feridas,Plena Noite,Crescente,Chuva,Simples,Curva,Não,1,0,1,0,0,0,1,1,-27.495869,-50.952518,SPRF-SC,DEL07-SC,UOP06-DEL07-SC,2021
"355822,0",2021-02-20,sábado,11:40:00,SC,101,"197,5",BIGUACU,Declive acentuado,Queda de ocupante de veículo,Com Vítimas Feridas,Pleno dia,Crescente,Sol,Múltipla,Reta,Sim,1,0,1,0,0,0,1,1,-27.52046578,-48.63777816,SPRF-SC,DEL01-SC,UOP01-DEL01-SC,2021
"355825,0",2021-05-01,sábado,19:50:00,SC,282,"16,0",PALHOCA,Condutor deixou de manter distância do veículo da frente,Colisão traseira,Sem Vítimas,Plena Noite,Decrescente,Céu Claro,Simples,Interseção de Vias,Sim,3,0,0,0,1,2,0,3,-27.658611,-48.681847,SPRF-SC,DEL01-SC,UOP02-DEL01-SC,2021
"355839,0",2021-05-05,quarta-feira,22:20:00,SC,101,"235,1",PALHOCA,Chuva,Colisão com objeto,Com Vítimas Feridas,Plena Noite,Decrescente,Chuva,Dupla,Curva;Aclive,Não,1,0,0,1,0,0,1,1,-27.81894258,-48.63101363,SPRF-SC,DEL01-SC,UOP02-DEL01-SC,2021
"355857,0",2021-05-06,quinta-feira,00:10:00,SC,470,"269,0",BRUNOPOLIS,Declive acentuado,Saída de leito carroçável,Com Vítimas Feridas,Plena Noite,Crescente,Chuva,Simples,Curva,Não,1,0,1,0,0,0,1,1,-27.313988,-50.758327,SPRF-SC,DEL07-SC,UOP06-DEL07-SC,2021
"355859,0",2021-05-06,quinta-feira,05:00:00,SC,470,"58,2",BLUMENAU,Ausência de reação do condutor,Colisão lateral mesmo sentido,Com Vítimas Feridas,Plena Noite,Crescente,Nublado,Simples,Reta,Não,2,0,0,1,1,0,1,2,-26.883879,-49.145622,SPRF-SC,DEL04-SC,UOP01-DEL04-SC,2021
"355860,0",2021-05-06,quinta-feira,02:45:00,SC,470,"145,0",RIO DO SUL,Ingestão de álcool pelo condutor,Colisão com objeto,Sem Vítimas,Plena Noite,Decrescente,Chuva,Simples,Reta,Não,1,0,0,0,1,0,0,1,-27.237301,-49.682217,SPRF-SC,DEL04-SC,UOP02-DEL04-SC,2021
"355861,0",2021-05-06,quinta-feira,05:15:00,SC,280,"50,0",GUARAMIRIM,Reação tardia ou ineficiente do condutor,Saída de leito carroçável,Com Vítimas Feridas,Amanhecer,Decrescente,Garoa/Chuvisco,Simples,Em Obras,Sim,1,0,1,0,0,0,1,1,-26.4619489,-48.94618404,SPRF-SC,DEL03-SC,UOP03-DEL03-SC,2021
"355864,0",2021-05-06,quinta-feira,06:30:00,SC,280,"48,1",GUARAMIRIM,Acessar a via sem observar a presença dos outros veículos,Colisão transversal,Com Vítimas Feridas,Amanhecer,Decrescente,Garoa/Chuvisco,Simples,Declive,Não,2,0,0,1,1,0,1,2,-26.45601234,-48.93016577,SPRF-SC,DEL03-SC,UOP03-DEL03-SC,2021
"355875,0",2021-05-06,quinta-feira,07:20:00,SC,101,"21,0",JOINVILLE,Velocidade Incompatível,Colisão com objeto,Com Vítimas Feridas,Pleno dia,Crescente,Chuva,Dupla,Curva,Sim,1,0,1,0,0,0,1,1,-26.14793022,-48.90894562,SPRF-SC,DEL03-SC,UOP01-DEL03-SC,2021
"355877,0",2021-04-26,segunda-feira,08:44:00,SC,101,"131,2",CAMBORIU,Acessar a via sem observar a presença dos outros veículos,Colisão transversal,Com Vítimas Feridas,Pleno dia,Crescente,Céu Claro,Simples,Reta,Sim,2,0,0,1,1,0,1,2,-26.99382136,-48.66029263,SPRF-SC,DEL04-SC,UOP03-DEL04-SC,2021
"355881,0",2021-05-06,quinta-feira,05:30:00,SC,470,"42,8",GASPAR,Conversão proibida,Colisão transversal,Sem Vítimas,Plena Noite,Decrescente,Nublado,Simples,Curva,Não,2,0,0,0,1,1,0,2,-26.897341,-48.986881,SPRF-SC,DEL04-SC,UOP01-DEL04-SC,2021
"355889,0",2021-05-06,quinta-feira,07:40:00,SC,101,"119,0",ITAJAI,Condutor deixou de manter distância do veículo da frente,Colisão traseira,Com Vítimas Feridas,Pleno dia,Crescente,Céu Claro,Múltipla,Reta,Sim,2,0,1,0,1,0,1,2,-26.9043179,-48.71555481,SPRF-SC,DEL04-SC,UOP04-DEL04-SC,2021
"355900,0",2021-04-07,quarta-feira,13:45:00,SC,116,"220,0",CORREIA PINTO,Acessar a via sem observar a presença dos outros veículos,Colisão transversal,Com Vítimas Feridas,Pleno dia,Crescente,Nublado,Simples,Reta,Sim,2,0,0,1,1,0,1,2,-27.58756716,-50.36506176,SPRF-SC,DEL05-SC,UOP03-DEL05-SC,2021
"355913,0",2021-05-06,quinta-feira,10:30:00,SC,101,"187,0",BIGUACU,Condutor deixou de manter distância do veículo da frente,Colisão traseira,Sem Vítimas,Pleno dia,Decrescente,Garoa/Chuvisco,Dupla,Reta,Sim,2,0,0,0,2,0,0,2,-27.44307116,-48.62848475,SPRF-SC,DEL01-SC,UOP01-DEL01-SC,2021
"355923,0",2021-05-06,quinta-feira,10:25:00,SC,101,"246,8",PAULO LOPES,Demais falhas mecânicas ou elétricas,Tombamento,Com Vítimas Feridas,Pleno dia,Crescente,Chuva,Dupla,Reta,Não,1,0,1,0,0,0,1,1,-27.91036709,-48.64998267,SPRF-SC,DEL02-SC,UOP03-DEL02-SC,2021
"355925,0",2021-05-06,quinta-feira,10:10:00,SC,470,"120,6",IBIRAMA,Velocidade Incompatível,Colisão com objeto,Com Vítimas Feridas,Pleno dia,Decrescente,Chuva,Simples,Curva,Não,1,0,1,0,0,0,1,1,-27.089924,-49.520416,SPRF-SC,DEL04-SC,UOP02-DEL04-SC,2021
"355930,0",2021-05-06,quinta-feira,11:10:00,SC,101,"428,0",SOMBRIO,Animais na Pista,Saída de leito carroçável,Com Vítimas Feridas,Pleno dia,Crescente,Chuva,Múltipla,Reta,Não,1,0,1,0,0,0,1,1,-29.0402251,-49.61223688,SPRF-SC,DEL02-SC,UOP02-DEL02-SC,2021
"355932,0",2021-05-06,quinta-feira,12:55:00,SC,101,"192,3",BIGUACU,Condutor deixou de manter distância do veículo da frente,Colisão traseira,Com Vítimas Feridas,Pleno dia,Crescente,Chuva,Múltipla,Curva,Sim,2,0,1,0,1,0,1,2,-27.4899951,-48.65603864,SPRF-SC,DEL01-SC,UOP01-DEL01-SC,2021
"355942,0",2021-05-06,quinta-feira,12:15:00,SC,101,"206,0",SAO JOSE,Ausência de reação do condutor,Colisão lateral mesmo sentido,Com Vítimas Feridas,Pleno dia,Crescente,Chuva,Dupla,Reta,Sim,2,0,1,0,0,1,1,2,-27.59193546,-48.61824557,SPRF-SC,DEL01-SC,UOP01-DEL01-SC,2021
"355945,0",2021-05-06,quinta-feira,10:45:00,SC,282,"48,8",AGUAS MORNAS,Chuva,Colisão frontal,Com Vítimas Feridas,Pleno dia,Crescente,Chuva,Simples,Curva,Não,4,0,1,1,2,0,2,2,-27.714352,-48.938072,SPRF-SC,DEL01-SC,UOP03-DEL01-SC,2021
"355995,0",2021-05-06,quinta-feira,09:15:00,SC,101,"36,0",JOINVILLE,Condutor deixou de manter distância do veículo da frente,Colisão traseira,Sem Vítimas,Pleno dia,Decrescente,Garoa/Chuvisco,Dupla,Reta,Sim,3,0,0,0,3,0,0,3,-26.24573198,-48.9101069,SPRF-SC,DEL03-SC,UOP01-DEL03-SC,2021
"355998,0",2021-05-06,quinta-feira,20:30:00,SC,101,"41,0",JOINVILLE,Desrespeitar a preferência no cruzamento,Colisão transversal,Com Vítimas Feridas,Plena Noite,Decrescente,Chuva,Dupla,Interseção de Vias,Sim,2,0,1,0,1,0,1,2,-26.28215489,-48.88973081,SPRF-SC,DEL03-SC,UOP01-DEL03-SC,2021
"356024,0",2021-05-06,quinta-feira,20:00:00,SC,101,"440,9",SANTA ROSA DO SUL,Condutor deixou de manter distância do veículo da frente,Colisão traseira,Com Vítimas Feridas,Plena Noite,Decrescente,Nublado,Múltipla,Reta,Sim,2,0,1,0,1,0,1,2,-29.12420083,-49.66719602,SPRF-SC,DEL02-SC,UOP02-DEL02-SC,2021
"356031,0",2021-05-06,quinta-feira,20:15:00,SC,282,"55,0",AGUAS MORNAS,Velocidade Incompatível,Saída de leito carroçável,Com Vítimas Feridas,Plena Noite,Decrescente,Chuva,Simples,Curva,Não,4,0,2,2,0,0,4,1,-27.689514,-48.982376,SPRF-SC,DEL01-SC,UOP03-DEL01-SC,2021
"356033,0",2021-05-06,quinta-feira,21:20:00,SC,282,"525,8",XAXIM,Ingestão de álcool pelo condutor,Saída de leito carroçável,Sem Vítimas,Plena Noite,Crescente,Chuva,Simples,Curva,Não,1,0,0,0,1,0,0,1,-26.965441,-52.566383,SPRF-SC,DEL07-SC,UOP01-DEL07-SC,2021
"356044,0",2021-05-07,sexta-feira,00:01:00,SC,282,"504,0",XANXERE,Velocidade Incompatível,Colisão com objeto,Com Vítimas Feridas,Plena Noite,Decrescente,Nublado,Dupla,Curva,Sim,2,0,1,0,1,0,1,1,-26.884279,-52.408466,SPRF-SC,DEL07-SC,UOP01-DEL07-SC,2021
"356054,0",2021-05-07,sexta-feira,01:30:00,SC,101,"133,5",BALNEARIO CAMBORIU,Ingestão de álcool pelo condutor,Colisão com objeto,Com Vítimas Feridas,Plena Noite,Decrescente,Nublado,Dupla,Reta,Sim,5,0,2,0,3,0,2,1,-27.00067567,-48.6411202,SPRF-SC,DEL04-SC,UOP03-DEL04-SC,2021
"356089,0",2021-05-06,quinta-feira,17:00:00,SC,282,"81,4",RANCHO QUEIMADO,Chuva,Saída de leito carroçável,Com Vítimas Feridas,Anoitecer,Crescente,Chuva,Simples,Declive;Curva,Não,3,0,1,0,2,0,1,1,-27.662018,-49.168583,SPRF-SC,DEL01-SC,UOP03-DEL01-SC,2021
"356097,0",2021-05-07,sexta-feira,08:35:00,SC,101,"213,4",PALHOCA,Manobra de mudança de faixa,Colisão lateral mesmo sentido,Com Vítimas Feridas,Pleno dia,Crescente,Céu Claro,Múltipla,Reta,Sim,1,0,1,0,0,0,1,1,-27.63697369,-48.66514142,SPRF-SC,DEL01-SC,UOP02-DEL01-SC,2021
"356132,0",2021-01-13,quarta-feira,12:15:00,SC,480,"125,6",CHAPECO,Mal súbito do condutor,Saída de leito carroçável,Com Vítimas Fatais,Pleno dia,Crescente,Sol,Dupla,Reta,Não,1,1,0,0,0,0,0,1,-27.01588191,-52.63788729,SPRF-SC,DEL07-SC,UOP01-DEL07-SC,2021
"356135,0",2021-05-07,sexta-feira,09:59:00,SC,101,"137,0",BALNEARIO CAMBORIU,Manobra de mudança de faixa,Colisão traseira,Com Vítimas Feridas,Pleno dia,Crescente,Sol,Múltipla,Reta,Sim,2,0,1,0,0,1,1,2,-27.0157238,-48.61192763,SPRF-SC,DEL04-SC,UOP03-DEL04-SC,2021
"356152,0",2021-05-07,sexta-feira,13:45:00,SC,101,"287,9",PAULO LOPES,Avarias e/ou desgaste excessivo no pneu,Tombamento,Com Vítimas Feridas,Pleno dia,Crescente,Céu Claro,Simples,Retorno Regulamentado,Sim,1,0,1,0,0,0,1,1,-28.0771049,-48.712515,SPRF-SC,DEL02-SC,UOP03-DEL02-SC,2021
"356166,0",2021-05-07,sexta-feira,15:30:00,SC,101,"206,0",SAO JOSE,Condutor deixou de manter distância do veículo da frente,Colisão traseira,Com Vítimas Feridas,Pleno dia,Crescente,Céu Claro,Múltipla,Reta,Sim,3,0,2,0,1,0,2,2,-27.59193546,-48.61824557,SPRF-SC,DEL01-SC,UOP01-DEL01-SC,2021
"356173,0",2021-05-07,sexta-feira,15:35:00,SC,280,"123,9",RIO NEGRINHO,Reação tardia ou ineficiente do condutor,Engavetamento,Com Vítimas Feridas,Pleno dia,Crescente,Céu Claro,Simples,Reta,Sim,6,0,1,0,5,0,1,5,-26.24420169,-49.46557991,SPRF-SC,DEL06-SC,UOP03-DEL06-SC,2021
"356188,0",2021-05-07,sexta-feira,17:02:00,SC,101,"123,0",ITAJAI,Condutor deixou de manter distância do veículo da frente,Colisão traseira,Com Vítimas Feridas,Pleno dia,Decrescente,Céu Claro,Dupla,Viaduto,Sim,1,0,1,0,0,0,1,1,-26.93668609,-48.69876905,SPRF-SC,DEL04-SC,UOP04-DEL04-SC,2021
"356192,0",2021-05-07,sexta-feira,17:03:00,SC,280,"52,0",GUARAMIRIM,Trafegar com motocicleta (ou similar) entre as faixas,Colisão transversal,Com Vítimas Feridas,Pleno dia,Decrescente,Céu Claro,Simples,Interseção de Vias,Sim,2,0,2,0,0,0,2,2,-26.4712768703,-48.9712472372,SPRF-SC,DEL03-SC,UOP03-DEL03-SC,2021
"356207,0",2021-05-07,sexta-feira,17:30:00,SC,280,"50,0",GUARAMIRIM,Acessar a via sem observar a presença dos outros veículos,Colisão transversal,Com Vítimas Feridas,Anoitecer,Crescente,Céu Claro,Simples,Interseção de Vias;Em Obras,Sim,2,0,0,1,1,0,1,2,-26.4619489,-48.94618404,SPRF-SC,DEL03-SC,UOP03-DEL03-SC,2021
"356212,0",2021-05-07,sexta-feira,16:00:00,SC,101,"155,2",PORTO BELO,Avarias e/ou desgaste excessivo no pneu,Tombamento,Com Vítimas Feridas,Pleno dia,Crescente,Céu Claro,Simples,Curva,Não,1,0,1,0,0,0,1,1,-27.16292,-48.61129,SPRF-SC,DEL04-SC,UOP03-DEL04-SC,2021
"356219,0",2021-05-07,sexta-feira,18:40:00,SC,101,"217,0",PALHOCA,Acessar a via sem observar a presença dos outros veículos,Colisão transversal,Com Vítimas Feridas,Plena Noite,Crescente,Nublado,Dupla,Interseção de Vias,Sim,2,0,1,0,0,1,1,2,-27.66779034,-48.67393586,SPRF-SC,DEL01-SC,UOP02-DEL01-SC,2021
"356220,0",2021-05-07,sexta-feira,18:00:00,SC,470,"174,0",POUSO REDONDO,Acessar a via sem observar a presença dos outros veículos,Colisão transversal,Com Vítimas Feridas,Plena Noite,Crescente,Céu Claro,Simples,Reta,Sim,4,0,0,1,3,0,1,4,-27.258179,-49.929146,SPRF-SC,DEL04-SC,UOP02-DEL04-SC,2021
"356221,0",2021-05-07,sexta-feira,18:30:00,SC,101,"210,0",SAO JOSE,Frear bruscamente,Queda de ocupante de veículo,Com Vítimas Feridas,Plena Noite,Crescente,Céu Claro,Dupla,Reta,Sim,1,0,1,0,0,0,1,1,-27.6167305,-48.6457265,SPRF-SC,DEL01-SC,UOP01-DEL01-SC,2021
"356240,0",2021-05-07,sexta-feira,18:15:00,SC,163,"70,4",SAO MIGUEL DO OESTE,Desrespeitar a preferência no cruzamento,Colisão transversal,Com Vítimas Feridas,Plena Noite,Decrescente,Céu Claro,Dupla,Retorno Regulamentado;Interseção de Vias;Curva,Sim,2,0,1,0,1,0,1,2,-26.73461723,-53.50680015,SPRF-SC,DEL07-SC,UOP03-DEL07-SC,2021
"356263,0",2021-05-07,sexta-feira,21:10:00,SC,101,"148,0",ITAPEMA,Acessar a via sem observar a presença dos outros veículos,Colisão lateral mesmo sentido,Com Vítimas Feridas,Plena Noite,Crescente,Nublado,Dupla,Reta,Sim,2,0,2,0,0,0,2,2,-27.10123686,-48.61807962,SPRF-SC,DEL04-SC,UOP03-DEL04-SC,2021
"356279,0",2021-05-07,sexta-feira,22:30:00,SC,101,"101,0",BALNEARIO PICARRAS,Ingestão de álcool pelo condutor,Colisão com objeto,Sem Vítimas,Plena Noite,Decrescente,Céu Claro,Dupla,Reta,Não,1,0,0,0,1,0,0,1,-26.76404198,-48.68657667,SPRF-SC,DEL03-SC,UOP02-DEL03-SC,2021
"356283,0",2021-05-07,sexta-feira,14:50:00,SC,470,"170,0",POUSO REDONDO,Acesso irregular,Colisão lateral mesmo sentido,Com Vítimas Feridas,Pleno dia,Crescente,Céu Claro,Simples,Reta,Não,3,0,2,0,1,0,2,2,-27.265903,-49.892441,SPRF-SC,DEL04-SC,UOP02-DEL04-SC,2021
"356284,0",2021-05-07,sexta-feira,20:18:00,SC,470,"72,3",INDAIAL,Acessar a via sem observar a presença dos outros veículos,Colisão transversal,Com Vítimas Feridas,Plena Noite,Crescente,Céu Claro,Simples,Em Obras;Desvio Temporário,Sim,2,0,0,1,1,0,1,2,-26.904654,-49.271233,SPRF-SC,DEL04-SC,UOP01-DEL04-SC,2021
"356289,0",2021-05-07,sexta-feira,23:00:00,SC,280,"127,1",RIO NEGRINHO,Ingestão de álcool pelo condutor,Saída de leito carroçável,Com Vítimas Feridas,Pleno dia,Crescente,Nublado,Simples,Declive,Sim,1,0,1,0,0,0,1,1,-26.23943953,-49.50420708,SPRF-SC,DEL06-SC,UOP03-DEL06-SC,2021
"356297,0",2021-05-07,sexta-feira,19:20:00,SC,116,"5,0",MAFRA,Ausência de reação do condutor,Colisão traseira,Com Vítimas Feridas,Pleno dia,Crescente,Céu Claro,Simples,Reta,Sim,2,0,1,0,1,0,1,2,-26.14094396,-49.81508303,SPRF-SC,DEL06-SC,UOP01-DEL06-SC,2021
"356303,0",2021-05-07,sexta-feira,23:00:00,SC,153,"65,1",IRANI,Transitar na contramão,Colisão frontal,Com Vítimas Feridas,Plena Noite,Decrescente,Céu Claro,Simples,Reta,Sim,2,0,0,2,0,0,2,2,-27.011721,-51.876862,SPRF-SC,DEL07-SC,UOP04-DEL07-SC,2021