id,data_inversa,dia_semana,horario,uf,br,km,municipio,causa_acidente,tipo_acidente,classificacao_acidente,fase_dia,sentido_via,condicao_metereologica,tipo_pista,tracado_via,uso_solo,pessoas,mortos,feridos_leves,feridos_graves,ilesos,ignorados,feridos,veiculos,latitude,longitude,regional,delegacia,uop,ano_arquivo
"356321,0",2021-05-08,sábado,01:50:00,SC,282,"347,0",CAMPOS NOVOS,Ingestão de álcool e/ou substâncias psicoativas pelo pedestre,Saída de leito carroçável,Sem Vítimas,Plena Noite,Crescente,Céu Claro,Simples,Reta,Sim,1,0,0,0,0,1,0,1,-27.365206,-51.263924,SPRF-SC,DEL07-SC,UOP06-DEL07-SC,2021
"356326,0",2021-05-08,sábado,02:50:00,SC,101,"194,0",BIGUACU,Reação tardia ou ineficiente do condutor,Saída de leito carroçável,Com Vítimas Feridas,Plena Noite,Decrescente,Céu Claro,Simples,Reta,Não,2,0,1,0,1,0,1,1,-27.49815117,-48.65661236,SPRF-SC,DEL01-SC,UOP01-DEL01-SC,2021
"356327,0",2021-05-08,sábado,06:40:00,SC,101,"46,8",JOINVILLE,Velocidade Incompatível,Colisão traseira,Com Vítimas Feridas,Pleno dia,Crescente,Céu Claro,Dupla,Declive,Sim,3,0,1,0,2,0,1,2,-26.33150083,-48.86187762,SPRF-SC,DEL03-SC,UOP01-DEL03-SC,2021
"356331,0",2021-05-08,sábado,04:00:00,SC,470,"203,0",PONTE ALTA,Condutor Dormindo,Saída de leito carroçável,Com Vítimas Feridas,Plena Noite,Decrescente,Céu Claro,Simples,Curva;Declive,Não,1,0,1,0,0,0,1,1,-27.287977,-50.163498,SPRF-SC,DEL05-SC,UOP03-DEL05-SC,2021
"356342,0",2021-05-08,sábado,08:30:00,SC,101,"134,2",BALNEARIO CAMBORIU,Acessar a via sem observar a presença dos outros veículos,Colisão transversal,Com Vítimas Feridas,Pleno dia,Crescente,Céu Claro,Simples,Reta;Interseção de Vias,Sim,2,0,1,0,1,0,1,2,-27.00218,-48.636433,SPRF-SC,DEL04-SC,UOP03-DEL04-SC,2021
"356345,0",2021-05-08,sábado,07:30:00,SC,101,"360,0",SANGAO,Ingestão de álcool e/ou substâncias psicoativas pelo pedestre,Saída de leito carroçável,Sem Vítimas,Pleno dia,Crescente,Sol,Múltipla,Reta,Não,1,0,0,0,1,0,0,1,-28.664474,-49.113218,SPRF-SC,DEL02-SC,UOP01-DEL02-SC,2021
"356349,0",2021-05-08,sábado,08:40:00,SC,101,"298,2",LAGUNA,Demais falhas mecânicas ou elétricas,Incêndio,Sem Vítimas,Pleno dia,Decrescente,Céu Claro,Múltipla,Reta,Não,1,0,0,0,1,0,0,1,-28.34487788,-48.73414993,SPRF-SC,DEL02-SC,UOP03-DEL02-SC,2021
"356350,0",2021-05-08,sábado,08:00:00,SC,282,"216,0",LAGES,Acessar a via sem observar a presença dos outros veículos,Colisão transversal,Com Vítimas Feridas,Pleno dia,Decrescente,Céu Claro,Simples,Rotatória,Sim,3,0,1,0,2,0,1,2,-27.79476903,-50.28390884,SPRF-SC,DEL05-SC,UOP01-DEL05-SC,2021
"356363,0",2021-05-08,sábado,11:00:00,SC,101,"216,0",PALHOCA,Ausência de reação do condutor,Colisão traseira,Sem Vítimas,Pleno dia,Crescente,Céu Claro,Dupla,Reta,Sim,2,0,0,0,2,0,0,2,-27.65981409,-48.67747798,SPRF-SC,DEL01-SC,UOP02-DEL01-SC,2021
"356378,0",2021-05-08,sábado,11:15:00,SC,470,"247,4",CURITIBANOS,Condutor deixou de manter distância do veículo da frente,Colisão traseira,Sem Vítimas,Pleno dia,Decrescente,Nublado,Simples,Rotatória,Sim,2,0,0,0,2,0,0,2,-27.31290885,-50.56148529,SPRF-SC,DEL05-SC,UOP03-DEL05-SC,2021
"356387,0",2021-05-08,sábado,09:25:00,SC,163,"68,8",SAO MIGUEL DO OESTE,Condutor deixou de manter distância do veículo da frente,Colisão traseira,Com Vítimas Feridas,Pleno dia,Decrescente,Céu Claro,Dupla,Reta,Sim,2,0,1,0,1,0,1,2,-26.75038301,-53.50086841,SPRF-SC,DEL07-SC,UOP03-DEL07-SC,2021
"356398,0",2021-05-08,sábado,14:45:00,SC,470,"67,2",INDAIAL,Conversão proibida,Colisão transversal,Com Vítimas Feridas,Pleno dia,Decrescente,Nublado,Simples,Reta,Sim,2,0,1,0,1,0,1,2,-26.87327419,-49.2334904,SPRF-SC,DEL04-SC,UOP01-DEL04-SC,2021
"356404,0",2021-05-08,sábado,15:30:00,SC,470,"61,4",BLUMENAU,Conversão proibida,Colisão transversal,Com Vítimas Feridas,Pleno dia,Decrescente,Sol,Simples,Reta,Não,3,0,1,0,2,0,1,2,-26.878952,-49.17421,SPRF-SC,DEL04-SC,UOP01-DEL04-SC,2021
"356405,0",2021-05-08,sábado,14:20:00,SC,280,"59,9",GUARAMIRIM,Acesso irregular,Colisão traseira,Com Vítimas Feridas,Pleno dia,Decrescente,Céu Claro,Simples,Curva,Sim,3,0,2,0,1,0,2,2,-26.47525778,-49.03098916,SPRF-SC,DEL03-SC,UOP03-DEL03-SC,2021
"356421,0",2021-05-08,sábado,16:00:00,SC,280,"33,1",ARAQUARI,Reação tardia ou ineficiente do condutor,Colisão transversal,Sem Vítimas,Pleno dia,Crescente,Nublado,Simples,Reta,Não,2,0,0,0,2,0,0,2,-26.42633347,-48.78846467,SPRF-SC,DEL03-SC,UOP03-DEL03-SC,2021
"356435,0",2021-05-08,sábado,04:50:00,SC,470,"129,0",LONTRAS,Reação tardia ou ineficiente do condutor,Capotamento,Sem Vítimas,Plena Noite,Decrescente,Céu Claro,Simples,Reta,Não,1,0,0,0,0,1,0,1,-27.148499,-49.556137,SPRF-SC,DEL04-SC,UOP02-DEL04-SC,2021
"356438,0",2021-05-08,sábado,17:30:00,SC,282,"24,6",SANTO AMARO DA IMPERATRIZ,Condutor deixou de manter distância do veículo da frente,Engavetamento,Com Vítimas Feridas,Anoitecer,Crescente,Céu Claro,Simples,Reta,Não,12,0,2,0,10,0,2,4,-27.68268,-48.744614,SPRF-SC,DEL01-SC,UOP03-DEL01-SC,2021
"356445,0",2021-05-08,sábado,19:20:00,SC,101,"350,8",JAGUARUNA,Velocidade Incompatível,Colisão traseira,Com Vítimas Feridas,Plena Noite,Crescente,Céu Claro,Dupla,Reta,Não,5,0,4,0,1,0,4,2,-28.58988203,-49.04517307,SPRF-SC,DEL02-SC,UOP01-DEL02-SC,2021
"356451,0",2021-05-08,sábado,19:00:00,SC,282,"38,5",AGUAS MORNAS,Velocidade Incompatível,Colisão frontal,Com Vítimas Feridas,Plena Noite,Decrescente,Nublado,Simples,Curva,Não,3,0,0,3,0,0,3,2,-27.709209,-48.852467,SPRF-SC,DEL01-SC,UOP03-DEL01-SC,2021
"356457,0",2021-05-08,sábado,20:00:00,SC,470,"67,2",INDAIAL,Ultrapassagem Indevida,Colisão transversal,Com Vítimas Feridas,Plena Noite,Crescente,Céu Claro,Simples,Curva,Não,2,0,1,0,1,0,1,2,-26.872158,-49.23127,SPRF-SC,DEL04-SC,UOP01-DEL04-SC,2021
"356458,0",2021-05-08,sábado,20:00:00,SC,116,"275,6",CAPAO ALTO,Desrespeitar a preferência no cruzamento,Colisão transversal,Com Vítimas Feridas,Plena Noite,Decrescente,Céu Claro,Simples,Reta,Sim,3,0,1,0,2,0,1,2,-28.00281979,-50.53720819,SPRF-SC,DEL05-SC,UOP02-DEL05-SC,2021
"356505,0",2021-05-09,domingo,00:00:00,SC,163,"74,0",SAO MIGUEL DO OESTE,Ingestão de álcool pelo condutor,Saída de leito carroçável,Sem Vítimas,Plena Noite,Decrescente,Céu Claro,Simples,Reta,Não,1,0,0,0,1,0,0,1,-26.70200479,-53.51350653,SPRF-SC,DEL07-SC,UOP03-DEL07-SC,2021
"356515,0",2021-05-08,sábado,21:40:00,SC,280,"305,0",PORTO UNIAO,Transitar na contramão,Colisão frontal,Com Vítimas Feridas,Plena Noite,Crescente,Nublado,Simples,Reta,Sim,2,0,1,0,1,0,1,2,-26.21753153,-51.06382549,SPRF-SC,DEL06-SC,UOP04-DEL06-SC,2021
"356525,0",2021-05-09,domingo,03:05:00,SC,101,"24,8",JOINVILLE,Ingestão de álcool pelo condutor,Capotamento,Com Vítimas Feridas,Plena Noite,Crescente,Chuva,Dupla,Reta,Não,3,0,1,0,2,0,1,1,-26.17483309,-48.90767978,SPRF-SC,DEL03-SC,UOP01-DEL03-SC,2021
"356526,0",2021-05-09,domingo,02:50:00,SC,101,"41,0",JOINVILLE,Ingestão de álcool pelo condutor,Colisão com objeto,Com Vítimas Feridas,Plena Noite,Decrescente,Chuva,Dupla,Curva,Sim,2,0,0,1,1,0,1,1,-26.31620932,-48.87343168,SPRF-SC,DEL03-SC,UOP01-DEL03-SC,2021
"356534,0",2021-05-09,domingo,04:20:00,SC,280,"68,8",JARAGUA DO SUL,Reação tardia ou ineficiente do condutor,Saída de leito carroçável,Com Vítimas Feridas,Plena Noite,Decrescente,Nublado,Simples,Reta,Não,1,0,1,0,0,0,1,1,-26.47277719,-49.11098612,SPRF-SC,DEL03-SC,UOP03-DEL03-SC,2021
"356540,0",2021-05-09,domingo,04:00:00,SC,470,"194,3",POUSO REDONDO,Velocidade Incompatível,Saída de leito carroçável,Sem Vítimas,Pleno dia,Decrescente,Nevoeiro/Neblina,Simples,Curva;Declive,Não,1,0,0,0,1,0,0,1,-27.300501,-50.080284,SPRF-SC,DEL04-SC,UOP02-DEL04-SC,2021
"356571,0",2021-05-09,domingo,06:30:00,SC,282,"629,5",IRACEMINHA,Velocidade Incompatível,Tombamento,Com Vítimas Feridas,Pleno dia,Crescente,Nevoeiro/Neblina,Simples,Curva,Não,1,0,1,0,0,0,1,1,-26.82048675,-53.38162059,SPRF-SC,DEL07-SC,UOP03-DEL07-SC,2021
"356588,0",2021-05-09,domingo,10:25:00,SC,280,"65,9",JARAGUA DO SUL,Desrespeitar a preferência no cruzamento,Colisão transversal,Com Vítimas Feridas,Pleno dia,Decrescente,Céu Claro,Simples,Rotatória,Sim,3,0,1,0,2,0,1,2,-26.47771822,-49.10335064,SPRF-SC,DEL03-SC,UOP03-DEL03-SC,2021
"356597,0",2021-05-09,domingo,11:15:00,SC,470,"75,9",INDAIAL,Acessar a via sem observar a presença dos outros veículos,Colisão transversal,Com Vítimas Feridas,Pleno dia,Crescente,Nublado,Simples,Reta,Não,2,0,1,0,1,0,1,2,-26.924833,-49.284004,SPRF-SC,DEL04-SC,UOP01-DEL04-SC,2021
"356601,0",2021-05-09,domingo,11:50:00,SC,470,"89,0",APIUNA,Acumulo de areia ou detritos sobre o pavimento,Colisão traseira,Com Vítimas Feridas,Pleno dia,Crescente,Céu Claro,Simples,Ponte,Não,3,0,1,0,2,0,1,2,-26.961573,-49.371918,SPRF-SC,DEL04-SC,UOP01-DEL04-SC,2021
"356612,0",2021-05-09,domingo,12:00:00,SC,282,"46,1",AGUAS MORNAS,Reação tardia ou ineficiente do condutor,Colisão frontal,Com Vítimas Feridas,Pleno dia,Crescente,Céu Claro,Simples,Curva,Não,5,0,2,1,2,0,3,2,-27.721041,-48.925152,SPRF-SC,DEL01-SC,UOP03-DEL01-SC,2021
"356619,0",2021-05-09,domingo,14:00:00,SC,101,"165,0",TIJUCAS,Condutor usando celular,Capotamento,Com Vítimas Feridas,Pleno dia,Crescente,Nublado,Dupla,Curva,Não,1,0,1,0,0,0,1,1,-27.252663,-48.63154894,SPRF-SC,DEL04-SC,UOP03-DEL04-SC,2021
"356620,0",2021-05-09,domingo,15:00:00,SC,101,"213,5",PALHOCA,Ausência de reação do condutor,Colisão traseira,Com Vítimas Feridas,Pleno dia,Decrescente,Garoa/Chuvisco,Múltipla,Reta,Não,2,0,0,1,1,0,1,2,-27.63697369,-48.66514142,SPRF-SC,DEL01-SC,UOP02-DEL01-SC,2021
"356632,0",2021-05-09,domingo,15:30:00,SC,470,"108,9",APIUNA,Conversão proibida,Colisão traseira,Com Vítimas Feridas,Pleno dia,Crescente,Céu Claro,Simples,Reta,Não,4,0,1,1,2,0,2,3,-27.080708,-49.440491,SPRF-SC,DEL04-SC,UOP02-DEL04-SC,2021
"356636,0",2021-05-09,domingo,16:00:00,SC,101,"199,0",SAO JOSE,Condutor deixou de manter distância do veículo da frente,Tombamento,Com Vítimas Feridas,Pleno dia,Decrescente,Chuva,Dupla,Reta,Sim,2,0,1,0,0,1,1,2,-27.53413705,-48.63003205,SPRF-SC,DEL01-SC,UOP01-DEL01-SC,2021
"356644,0",2021-05-09,domingo,16:00:00,SC,470,"147,5",AGRONOMICA,Condutor deixou de manter distância do veículo da frente,Colisão traseira,Com Vítimas Feridas,Pleno dia,Decrescente,Sol,Simples,Reta,Sim,4,0,2,0,2,0,2,3,-27.243439,-49.690025,SPRF-SC,DEL04-SC,UOP02-DEL04-SC,2021
"356675,0",2021-05-09,domingo,18:00:00,SC,116,"221,0",CORREIA PINTO,Ingestão de álcool pelo condutor,Saída de leito carroçável,Com Vítimas Feridas,Plena Noite,Decrescente,Céu Claro,Simples,Rotatória,Sim,1,0,1,0,0,0,1,1,-27.59091948,-50.36235994,SPRF-SC,DEL05-SC,UOP03-DEL05-SC,2021
"356681,0",2021-05-09,domingo,19:35:00,SC,101,"115,1",ITAJAI,Condutor deixou de manter distância do veículo da frente,Engavetamento,Com Vítimas Feridas,Plena Noite,Crescente,Chuva,Dupla,Reta,Sim,4,0,3,0,1,0,3,3,-26.87064015,-48.72954134,SPRF-SC,DEL04-SC,UOP04-DEL04-SC,2021
"356687,0",2021-05-09,domingo,15:30:00,SC,480,"125,5",CHAPECO,Ingestão de álcool pelo condutor,Colisão transversal,Sem Vítimas,Pleno dia,Decrescente,Céu Claro,Simples,Interseção de Vias,Sim,2,0,0,0,2,0,0,2,-27.01164515,-52.63953123,SPRF-SC,DEL07-SC,UOP01-DEL07-SC,2021
"356697,0",2021-05-09,domingo,18:20:00,SC,282,"508,3",XANXERE,Acesso irregular,Saída de leito carroçável,Com Vítimas Feridas,Plena Noite,Crescente,Nublado,Simples,Aclive,Não,5,0,2,0,1,2,2,3,-26.887014,-52.448372,SPRF-SC,DEL07-SC,UOP01-DEL07-SC,2021
"356701,0",2021-05-09,domingo,17:50:00,SC,282,"367,8",ERVAL VELHO,Ausência de reação do condutor,Saída de leito carroçável,Com Vítimas Feridas,Pleno dia,Crescente,Céu Claro,Simples,Reta,Sim,1,0,1,0,0,0,1,1,-27.283747,-51.434963,SPRF-SC,DEL07-SC,UOP05-DEL07-SC,2021
"356704,0",2021-05-09,domingo,20:50:00,SC,101,"154,8",PORTO BELO,Ingestão de álcool pelo condutor,Saída de leito carroçável,Sem Vítimas,Plena Noite,Decrescente,Chuva,Dupla,Reta,Não,1,0,0,0,1,0,0,1,-27.153819,-48.61086393,SPRF-SC,DEL04-SC,UOP03-DEL04-SC,2021
"356710,0",2021-05-09,domingo,20:36:00,SC,101,"41,8",JOINVILLE,Ingestão de álcool pelo condutor,Colisão com objeto,Com Vítimas Feridas,Plena Noite,Crescente,Chuva,Dupla,Reta,Sim,3,0,1,0,2,0,1,1,-26.32293135,-48.86849642,SPRF-SC,DEL03-SC,UOP01-DEL03-SC,2021
"356715,0",2021-05-09,domingo,20:00:00,SC,101,"360,2",SANGAO,Reação tardia ou ineficiente do condutor,Colisão traseira,Com Vítimas Feridas,Plena Noite,Crescente,Nublado,Simples,Interseção de Vias,Sim,2,0,1,0,1,0,1,2,-28.66765,-49.11775029,SPRF-SC,DEL02-SC,UOP01-DEL02-SC,2021
"356720,0",2021-05-09,domingo,20:15:00,SC,101,"185,0",BIGUACU,Pista Escorregadia,Colisão com objeto,Sem Vítimas,Plena Noite,Crescente,Chuva,Dupla,Reta,Não,1,0,0,0,1,0,0,1,-27.42536698,-48.62465876,SPRF-SC,DEL01-SC,UOP01-DEL01-SC,2021
"356734,0",2021-05-09,domingo,18:00:00,SC,470,"175,4",POUSO REDONDO,Acessar a via sem observar a presença dos outros veículos,Colisão traseira,Com Vítimas Feridas,Anoitecer,Crescente,Nublado,Simples,Reta,Sim,3,0,2,0,1,0,2,2,-27.25617,-49.938969,SPRF-SC,DEL04-SC,UOP02-DEL04-SC,2021
"356747,0",2021-05-09,domingo,22:05:00,SC,101,"42,1",JOINVILLE,Velocidade Incompatível,Colisão lateral mesmo sentido,Com Vítimas Feridas,Plena Noite,Decrescente,Garoa/Chuvisco,Dupla,Reta,Sim,3,0,1,0,2,0,1,2,-26.32357564,-48.86753082,SPRF-SC,DEL03-SC,UOP01-DEL03-SC,2021
"356771,0",2021-05-10,segunda-feira,00:30:00,SC,101,"195,1",BIGUACU,Ingestão de álcool pelo condutor,Saída de leito carroçável,Com Vítimas Feridas,Plena Noite,Decrescente,Chuva,Múltipla,Reta,Sim,1,0,1,0,0,0,1,1,-27.5047092,-48.65010819,SPRF-SC,DEL01-SC,UOP01-DEL01-SC,2021
"356780,0",2021-05-10,segunda-feira,03:40:00,SC,101,"158,0",TIJUCAS,Ausência de reação do condutor,Colisão lateral mesmo sentido,Com Vítimas Feridas,Plena Noite,Decrescente,Garoa/Chuvisco,Dupla,Reta,Não,2,0,1,0,0,1,1,2,-27.19096301,-48.61259017,SPRF-SC,DEL04-SC,UOP03-DEL04-SC,2021
"356781,0",2021-05-10,segunda-feira,03:50:00,SC,101,"208,1",SAO JOSE,Ingestão de álcool pelo condutor,Colisão com objeto,Com Vítimas Feridas,Plena Noite,Crescente,Chuva,Múltipla,Curva,Sim,1,0,1,0,0,0,1,1,-27.60327979,-48.63201818,SPRF-SC,DEL01-SC,UOP01-DEL01-SC,2021
"356789,0",2021-05-10,segunda-feira,04:30:00,SC,282,"0,5",FLORIANOPOLIS,Velocidade Incompatível,Colisão com objeto,Com Vítimas Feridas,Plena Noite,Crescente,Chuva,Dupla,Declive;Curva,Não,1,0,1,0,0,0,1,1,-27.59845,-48.571995,SPRF-SC,DEL01-SC,UOP01-DEL01-SC,2021
"356815,0",2021-05-10,segunda-feira,07:50:00,SC,470,"62,4",INDAIAL,Acessar a via sem observar a presença dos outros veículos,Colisão transversal,Com Vítimas Feridas,Pleno dia,Decrescente,Chuva,Simples,Reta,Sim,2,0,0,1,1,0,1,2,-26.874521,-49.182938,SPRF-SC,DEL04-SC,UOP01-DEL04-SC,2021
"356836,0",2021-05-10,segunda-feira,07:30:00,SC,116,"174,9",SAO CRISTOVAO DO SUL,Mal súbito do condutor,Queda de ocupante de veículo,Com Vítimas Feridas,Pleno dia,Decrescente,Céu Claro,Simples,Reta,Não,1,0,1,0,0,0,1,1,-27.24164321,-50.46329137,SPRF-SC,DEL05-SC,UOP03-DEL05-SC,2021
"356854,0",2021-05-10,segunda-feira,09:10:00,SC,101,"437,7",SOMBRIO,Manobra de mudança de faixa,Colisão com objeto,Com Vítimas Feridas,Pleno dia,Crescente,Céu Claro,Múltipla,Reta,Sim,3,0,2,1,0,0,3,2,-29.12374811,-49.65056419,SPRF-SC,DEL02-SC,UOP02-DEL02-SC,2021
"356877,0",2021-05-10,segunda-feira,13:45:00,SC,282,"221,5",LAGES,Acessar a via sem observar a presença dos outros veículos,Colisão transversal,Com Vítimas Feridas,Pleno dia,Crescente,Céu Claro,Simples,Rotatória;Declive,Sim,2,0,1,0,1,0,1,2,-27.79510393,-50.33897996,SPRF-SC,DEL05-SC,UOP01-DEL05-SC,2021
"356879,0",2021-04-15,quinta-feira,21:00:00,SC,101,"45,8",JOINVILLE,Velocidade Incompatível,Colisão com objeto,Com Vítimas Feridas,Plena Noite,Crescente,Nublado,Dupla,Declive,Sim,1,0,1,0,0,0,1,1,-26.33150083,-48.86187762,SPRF-SC,DEL03-SC,UOP01-DEL03-SC,2021
"356883,0",2021-05-10,segunda-feira,10:55:00,SC,470,"53,0",BLUMENAU,Demais falhas mecânicas ou elétricas,Incêndio,Sem Vítimas,Pleno dia,Crescente,Céu Claro,Simples,Reta,Não,1,0,0,0,1,0,0,1,-26.867121,-49.102066,SPRF-SC,DEL04-SC,UOP01-DEL04-SC,2021
"356884,0",2021-05-10,segunda-feira,11:00:00,SC,282,"70,3",RANCHO QUEIMADO,Velocidade Incompatível,Saída de leito carroçável,Com Vítimas Feridas,Pleno dia,Crescente,Garoa/Chuvisco,Simples,Curva,Não,2,0,2,0,0,0,2,1,-27.69021636,-49.09240723,SPRF-SC,DEL01-SC,UOP03-DEL01-SC,2021
"356905,0",2021-05-10,segunda-feira,17:15:00,SC,101,"211,7",PALHOCA,Ausência de reação do condutor,Colisão traseira,Com Vítimas Feridas,Pleno dia,Crescente,Nublado,Múltipla,Reta,Sim,2,0,0,1,1,0,1,2,-27.62329313,-48.65245588,SPRF-SC,DEL01-SC,UOP02-DEL01-SC,2021
"356918,0",2021-05-10,segunda-feira,16:45:00,SC,116,"182,6",SAO CRISTOVAO DO SUL,Ultrapassagem Indevida,Colisão com objeto,Com Vítimas Feridas,Pleno dia,Decrescente,Céu Claro,Simples,Reta,Não,3,0,0,1,2,0,1,2,-27.28432303,-50.43403407,SPRF-SC,DEL05-SC,UOP03-DEL05-SC,2021
"356958,0",2021-05-10,segunda-feira,20:30:00,SC,101,"198,6",BIGUACU,Ingestão de álcool pelo condutor,Colisão frontal,Com Vítimas Feridas,Plena Noite,Crescente,Céu Claro,Múltipla,Reta,Não,2,0,0,1,1,0,1,2,-27.52658712,-48.63506019,SPRF-SC,DEL01-SC,UOP01-DEL01-SC,2021
"356968,0",2021-05-10,segunda-feira,21:20:00,SC,101,"440,8",SANTA ROSA DO SUL,Desrespeitar a preferência no cruzamento,Colisão frontal,Com Vítimas Feridas,Plena Noite,Crescente,Céu Claro,Múltipla,Interseção de Vias,Sim,2,0,0,1,1,0,1,2,-29.12794685,-49.68206406,SPRF-SC,DEL02-SC,UOP02-DEL02-SC,2021
"356980,0",2021-05-10,segunda-feira,22:30:00,SC,470,"119,0",IBIRAMA,Velocidade Incompatível,Saída de leito carroçável,Com Vítimas Feridas,Plena Noite,Decrescente,Céu Claro,Simples,Curva,Sim,1,0,0,1,0,0,1,1,-27.081554,-49.520206,SPRF-SC,DEL04-SC,UOP02-DEL04-SC,2021
"356982,0",2021-05-10,segunda-feira,23:10:00,SC,470,"36,8",GASPAR,Ingestão de álcool pelo condutor,Colisão frontal,Com Vítimas Feridas,Plena Noite,Decrescente,Nublado,Dupla,Curva,Sim,4,0,2,0,1,1,2,3,-26.914196,-48.968948,SPRF-SC,DEL04-SC,UOP01-DEL04-SC,2021
"356993,0",2021-05-11,terça-feira,02:00:00,SC,101,"111,8",NAVEGANTES,Ingestão de álcool pelo condutor,Saída de leito carroçável,Com Vítimas Feridas,Plena Noite,Decrescente,Céu Claro,Múltipla,Curva,Não,1,0,1,0,0,0,1,1,-26.83955734,-48.71418074,SPRF-SC,DEL04-SC,UOP04-DEL04-SC,2021
"356999,0",2021-05-11,terça-feira,05:30:00,SC,470,"59,9",BLUMENAU,Pedestre andava na pista,Atropelamento de Pedestre,Com Vítimas Feridas,Plena Noite,Crescente,Céu Claro,Simples,Reta,Não,3,0,1,2,0,0,3,2,-26.882812,-49.1548,SPRF-SC,DEL04-SC,UOP01-DEL04-SC,2021
"357006,0",2021-05-11,terça-feira,06:45:00,SC,101,"206,8",SAO JOSE,Trafegar com motocicleta (ou similar) entre as faixas,Colisão traseira,Com Vítimas Feridas,Amanhecer,Decrescente,Céu Claro,Múltipla,Reta,Sim,2,0,1,0,1,0,1,2,-27.59193546,-48.61824557,SPRF-SC,DEL01-SC,UOP01-DEL01-SC,2021
"357012,0",2021-05-11,terça-feira,06:35:00,SC,101,"206,9",SAO JOSE,Manobra de mudança de faixa,Colisão traseira,Com Vítimas Feridas,Pleno dia,Crescente,Céu Claro,Múltipla,Reta,Sim,2,0,1,0,1,0,1,2,-27.59193546,-48.61824557,SPRF-SC,DEL01-SC,UOP01-DEL01-SC,2021
"357031,0",2021-05-04,terça-feira,18:30:00,SC,101,"333,4",TUBARAO,Reação tardia ou ineficiente do condutor,Tombamento,Com Vítimas Feridas,Plena Noite,Decrescente,Céu Claro,Múltipla,Viaduto,Sim,1,0,0,1,0,0,1,1,-28.46630107,-48.99653096,SPRF-SC,DEL02-SC,UOP01-DEL02-SC,2021
"357052,0",2021-05-11,terça-feira,10:50:00,SC,280,"23,7",ARAQUARI,Acessar a via sem observar a presença dos outros veículos,Colisão transversal,Com Vítimas Feridas,Pleno dia,Decrescente,Sol,Simples,Reta,Sim,2,0,1,0,1,0,1,2,-26.37146,-48.711887,SPRF-SC,DEL03-SC,UOP03-DEL03-SC,2021
"357061,0",2021-05-11,terça-feira,12:20:00,SC,101,"115,0",ITAJAI,Ausência de reação do condutor,Tombamento,Com Vítimas Feridas,Pleno dia,Crescente,Céu Claro,Múltipla,Reta,Sim,1,0,1,0,0,0,1,1,-26.87064015,-48.72954134,SPRF-SC,DEL04-SC,UOP04-DEL04-SC,2021
"357065,0",2021-05-11,terça-feira,07:30:00,SC,158,"117,9",CAIBI,Ausência de reação do condutor,Colisão frontal,Com Vítimas Feridas,Pleno dia,Crescente,Nublado,Simples,Curva;Declive,Não,3,0,2,1,0,0,3,2,-26.9491578,-53.20464134,SPRF-SC,DEL07-SC,UOP02-DEL07-SC,2021
"357081,0",2021-05-11,terça-feira,14:18:00,SC,470,"56,0",BLUMENAU,Acesso irregular,Colisão transversal,Com Vítimas Feridas,Pleno dia,Crescente,Nublado,Simples,Aclive;Reta,Sim,2,0,1,0,1,0,1,2,-26.87837318,-49.13313389,SPRF-SC,DEL04-SC,UOP01-DEL04-SC,2021
"357089,0",2021-05-11,terça-feira,14:55:00,SC,101,"434,6",SOMBRIO,Reação tardia ou ineficiente do condutor,Colisão transversal,Com Vítimas Feridas,Pleno dia,Crescente,Nublado,Múltipla,Interseção de Vias,Sim,2,0,1,0,1,0,1,2,-29.09075196,-49.63226114,SPRF-SC,DEL02-SC,UOP02-DEL02-SC,2021
"357091,0",2021-05-11,terça-feira,15:30:00,SC,101,"214,9",PALHOCA,Avarias e/ou desgaste excessivo no pneu,Tombamento,Com Vítimas Feridas,Pleno dia,Crescente,Nublado,Múltipla,Declive,Sim,1,0,0,1,0,0,1,1,-27.64443,-48.67057,SPRF-SC,DEL01-SC,UOP02-DEL01-SC,2021
"357134,0",2021-05-11,terça-feira,18:00:00,SC,101,"336,0",TUBARAO,Ingestão de álcool pelo condutor,Saída de leito carroçável,Sem Vítimas,Plena Noite,Crescente,Nublado,Múltipla,Aclive,Sim,1,0,0,0,1,0,0,1,-28.47311347,-49.02437375,SPRF-SC,DEL02-SC,UOP01-DEL02-SC,2021
"357136,0",2021-05-11,terça-feira,18:10:00,SC,101,"411,2",ARARANGUA,Acessar a via sem observar a presença dos outros veículos,Colisão transversal,Com Vítimas Feridas,Plena Noite,Crescente,Nublado,Simples,Reta,Sim,3,0,1,1,1,0,2,2,-28.94841026,-49.5062077,SPRF-SC,DEL02-SC,UOP02-DEL02-SC,2021
"357137,0",2021-05-11,terça-feira,18:25:00,SC,101,"209,0",SAO JOSE,Ausência de reação do condutor,Colisão traseira,Com Vítimas Feridas,Plena Noite,Crescente,Chuva,Simples,Reta,Sim,2,0,0,1,1,0,1,2,-27.61000542,-48.63895057,SPRF-SC,DEL01-SC,UOP01-DEL01-SC,2021
"357142,0",2021-05-11,terça-feira,17:00:00,SC,101,"250,0",PAULO LOPES,Reação tardia ou ineficiente do condutor,Queda de ocupante de veículo,Com Vítimas Feridas,Anoitecer,Decrescente,Céu Claro,Dupla,Reta,Não,1,0,1,0,0,0,1,1,-27.94186028,-48.66644267,SPRF-SC,DEL02-SC,UOP03-DEL02-SC,2021