id,data_inversa,dia_semana,horario,uf,br,km,municipio,causa_acidente,tipo_acidente,classificacao_acidente,fase_dia,sentido_via,condicao_metereologica,tipo_pista,tracado_via,uso_solo,pessoas,mortos,feridos_leves,feridos_graves,ilesos,ignorados,feridos,veiculos,latitude,longitude,regional,delegacia,uop,ano_arquivo
"359311,0",2021-05-22,sábado,16:05:00,SC,101,"148,5",ITAPEMA,Acessar a via sem observar a presença dos outros veículos,Colisão transversal,Com Vítimas Feridas,Pleno dia,Crescente,Nublado,Múltipla,Reta;Interseção de Vias,Sim,2,0,0,1,1,0,1,2,-27.10123686,-48.61807962,SPRF-SC,DEL04-SC,UOP03-DEL04-SC,2021
"359349,0",2021-05-22,sábado,19:40:00,SC,280,"29,0",ARAQUARI,Acumulo de água sobre o pavimento,Queda de ocupante de veículo,Com Vítimas Feridas,Plena Noite,Crescente,Chuva,Simples,Interseção de Vias;Reta,Sim,2,0,1,0,1,0,1,1,-26.41066264,-48.75295628,SPRF-SC,DEL03-SC,UOP03-DEL03-SC,2021
"359374,0",2021-05-22,sábado,20:30:00,SC,101,"206,2",SAO JOSE,Ingestão de álcool pelo condutor,Colisão com objeto,Com Vítimas Feridas,Plena Noite,Crescente,Nublado,Múltipla,Declive,Sim,3,0,1,0,2,0,1,3,-27.59193546,-48.61824557,SPRF-SC,DEL01-SC,UOP01-DEL01-SC,2021
"359415,0",2021-05-22,sábado,22:45:00,SC,101,"135,0",BALNEARIO CAMBORIU,Manobra de mudança de faixa,Colisão lateral mesmo sentido,Sem Vítimas,Plena Noite,Decrescente,Nublado,Múltipla,Reta,Sim,2,0,0,0,2,0,0,2,-27.0050108,-48.62677494,SPRF-SC,DEL04-SC,UOP03-DEL04-SC,2021
"359416,0",2021-05-23,domingo,00:05:00,SC,101,"207,5",SAO JOSE,Velocidade Incompatível,Engavetamento,Com Vítimas Feridas,Plena Noite,Decrescente,Nublado,Múltipla,Reta;Declive,Sim,3,0,1,0,2,0,1,3,-27.60001226,-48.6226467,SPRF-SC,DEL01-SC,UOP01-DEL01-SC,2021
"359429,0",2021-05-23,domingo,01:00:00,SC,101,"280,1",IMBITUBA,Ingestão de álcool pelo condutor,Saída de leito carroçável,Com Vítimas Feridas,Plena Noite,Crescente,Céu Claro,Simples,Reta,Sim,1,0,1,0,0,0,1,1,-28.18068771,-48.69606256,SPRF-SC,DEL02-SC,UOP03-DEL02-SC,2021
"359431,0",2021-05-22,sábado,23:00:00,SC,282,"603,0",MARAVILHA,Ingestão de álcool pelo condutor,Saída de leito carroçável,Com Vítimas Feridas,Plena Noite,Decrescente,Céu Claro,Simples,Reta,Não,1,0,1,0,0,0,1,1,-26.803013,-53.188068,SPRF-SC,DEL07-SC,UOP02-DEL07-SC,2021
"359432,0",2021-05-23,domingo,02:30:00,SC,101,"215,5",PALHOCA,Velocidade Incompatível,Colisão traseira,Com Vítimas Feridas,Plena Noite,Decrescente,Céu Claro,Dupla,Viaduto,Sim,10,0,3,1,6,0,4,5,-27.65184843,-48.67604941,SPRF-SC,DEL01-SC,UOP02-DEL01-SC,2021
"359434,0",2021-05-23,domingo,00:20:00,SC,163,"120,0",DIONISIO CERQUEIRA,Velocidade Incompatível,Saída de leito carroçável,Com Vítimas Feridas,Plena Noite,Crescente,Céu Claro,Simples,Declive,Não,1,0,0,1,0,0,1,1,-26.329211,-53.544462,SPRF-SC,DEL07-SC,UOP03-DEL07-SC,2021
"359440,0",2021-05-22,sábado,23:40:00,SC,470,"90,8",ASCURRA,Condutor Dormindo,Colisão frontal,Com Vítimas Feridas,Plena Noite,Decrescente,Céu Claro,Simples,Reta,Sim,4,0,2,0,0,2,2,3,-26.969337,-49.367718,SPRF-SC,DEL04-SC,UOP01-DEL04-SC,2021
"359474,0",2021-05-22,sábado,20:30:00,SC,116,"141,9",SANTA CECILIA,Ingestão de álcool pelo condutor,Colisão frontal,Sem Vítimas,Plena Noite,Crescente,Nublado,Simples,Curva;Aclive,Não,2,0,0,0,2,0,0,2,-26.97282394,-50.40309796,SPRF-SC,DEL06-SC,UOP02-DEL06-SC,2021
"359501,0",2021-05-23,domingo,12:15:00,SC,101,"104,0",BALNEARIO PICARRAS,Acessar a via sem observar a presença dos outros veículos,Colisão lateral mesmo sentido,Com Vítimas Feridas,Pleno dia,Decrescente,Sol,Dupla,Reta,Não,2,0,2,0,0,0,2,2,-26.79281742,-48.68080819,SPRF-SC,DEL03-SC,UOP02-DEL03-SC,2021
"359508,0",2021-05-23,domingo,05:20:00,SC,282,"305,5",VARGEM,Reação tardia ou ineficiente do condutor,Saída de leito carroçável,Com Vítimas Feridas,Plena Noite,Crescente,Céu Claro,Simples,Curva,Não,4,0,4,0,0,0,4,1,-27.49662336,-50.95064163,SPRF-SC,DEL07-SC,UOP06-DEL07-SC,2021
"359511,0",2021-05-23,domingo,13:20:00,SC,101,"125,0",ITAJAI,Manobra de mudança de faixa,Colisão lateral mesmo sentido,Com Vítimas Feridas,Pleno dia,Decrescente,Céu Claro,Dupla,Reta,Sim,5,0,1,1,3,0,2,2,-26.94802427,-48.68338515,SPRF-SC,DEL04-SC,UOP04-DEL04-SC,2021
"359514,0",2021-05-23,domingo,13:40:00,SC,280,"23,8",ARAQUARI,Acessar a via sem observar a presença dos outros veículos,Colisão transversal,Com Vítimas Feridas,Pleno dia,Decrescente,Céu Claro,Simples,Reta,Não,2,0,1,0,1,0,1,2,-26.37146,-48.711887,SPRF-SC,DEL03-SC,UOP03-DEL03-SC,2021
"359519,0",2021-05-23,domingo,14:30:00,SC,282,"46,7",AGUAS MORNAS,Ultrapassagem Indevida,Colisão lateral sentido oposto,Com Vítimas Feridas,Pleno dia,Crescente,Céu Claro,Simples,Curva,Não,2,0,0,1,0,1,1,2,-27.721041,-48.925152,SPRF-SC,DEL01-SC,UOP03-DEL01-SC,2021
"359533,0",2021-05-23,domingo,16:00:00,SC,101,"112,2",ITAJAI,Demais falhas mecânicas ou elétricas,Queda de ocupante de veículo,Com Vítimas Feridas,Anoitecer,Crescente,Céu Claro,Múltipla,Reta,Não,2,0,2,0,0,0,2,1,-26.84589005,-48.72131295,SPRF-SC,DEL04-SC,UOP04-DEL04-SC,2021
"359544,0",2021-05-23,domingo,16:45:00,SC,101,"210,0",SAO JOSE,Ingestão de álcool pelo condutor,Saída de leito carroçável,Sem Vítimas,Pleno dia,Crescente,Céu Claro,Múltipla,Reta,Sim,1,0,0,0,1,0,0,1,-27.6167305,-48.6457265,SPRF-SC,DEL01-SC,UOP01-DEL01-SC,2021
"359553,0",2021-05-23,domingo,18:00:00,SC,280,"48,0",GUARAMIRIM,Ingestão de álcool pelo condutor,Colisão traseira,Sem Vítimas,Anoitecer,Crescente,Céu Claro,Simples,Aclive;Reta,Não,2,0,0,0,2,0,0,2,-26.45506795,-48.92766502,SPRF-SC,DEL03-SC,UOP03-DEL03-SC,2021
"359559,0",2021-05-23,domingo,17:50:00,SC,101,"381,4",ICARA,Reação tardia ou ineficiente do condutor,Saída de leito carroçável,Com Vítimas Feridas,Anoitecer,Decrescente,Céu Claro,Múltipla,Aclive;Reta,Sim,1,0,1,0,0,0,1,1,-28.75478409,-49.27732095,SPRF-SC,DEL02-SC,UOP02-DEL02-SC,2021
"359560,0",2021-05-23,domingo,16:30:00,SC,282,"535,2",CHAPECO,Desrespeitar a preferência no cruzamento,Colisão transversal,Sem Vítimas,Pleno dia,Decrescente,Sol,Simples,Interseção de Vias,Sim,2,0,0,0,2,0,0,2,-26.998245,-52.643768,SPRF-SC,DEL07-SC,UOP01-DEL07-SC,2021
"359562,0",2021-05-23,domingo,18:45:00,SC,101,"215,3",PALHOCA,Manobra de mudança de faixa,Colisão lateral mesmo sentido,Com Vítimas Feridas,Plena Noite,Decrescente,Céu Claro,Dupla,Reta,Sim,2,0,0,1,1,0,1,2,-27.65184843,-48.67604941,SPRF-SC,DEL01-SC,UOP02-DEL01-SC,2021
"359563,0",2021-05-23,domingo,16:40:00,SC,101,"337,8",TUBARAO,Objeto estático sobre o leito carroçável,Colisão com objeto,Com Vítimas Feridas,Pleno dia,Decrescente,Céu Claro,Dupla,Aclive,Sim,1,0,1,0,0,0,1,1,-28.47801624,-49.03246283,SPRF-SC,DEL02-SC,UOP01-DEL02-SC,2021
"359565,0",2021-05-23,domingo,18:00:00,SC,101,"140,5",BALNEARIO CAMBORIU,Condutor deixou de manter distância do veículo da frente,Colisão traseira,Com Vítimas Feridas,Plena Noite,Decrescente,Céu Claro,Simples,Túnel,Não,3,0,2,0,1,0,2,2,-27.03881189,-48.60025148,SPRF-SC,DEL04-SC,UOP03-DEL04-SC,2021
"359571,0",2021-05-23,domingo,19:00:00,SC,282,"22,6",SANTO AMARO DA IMPERATRIZ,Trafegar com motocicleta (ou similar) entre as faixas,Colisão transversal,Com Vítimas Feridas,Plena Noite,Crescente,Nublado,Simples,Interseção de Vias,Sim,2,0,1,0,1,0,1,2,-27.68913809,-48.73496532,SPRF-SC,DEL01-SC,UOP02-DEL01-SC,2021
"359580,0",2021-05-23,domingo,18:20:00,SC,101,"129,1",CAMBORIU,Ausência de reação do condutor,Colisão traseira,Sem Vítimas,Anoitecer,Crescente,Céu Claro,Dupla,Reta,Sim,2,0,0,0,2,0,0,2,-26.98064277,-48.6790679,SPRF-SC,DEL04-SC,UOP03-DEL04-SC,2021
"359581,0",2021-05-23,domingo,17:30:00,SC,282,"113,3",ALFREDO WAGNER,Ultrapassagem Indevida,Colisão frontal,Com Vítimas Fatais,Anoitecer,Crescente,Céu Claro,Simples,Reta,Não,7,1,0,6,0,0,6,2,-27.743142,-49.3862693,SPRF-SC,DEL01-SC,UOP03-DEL01-SC,2021
"359584,0",2021-05-23,domingo,18:30:00,SC,470,"176,0",POUSO REDONDO,Velocidade Incompatível,Colisão traseira,Com Vítimas Feridas,Plena Noite,Decrescente,Céu Claro,Simples,Reta,Sim,3,0,0,1,1,1,1,3,-27.254238,-49.948658,SPRF-SC,DEL04-SC,UOP02-DEL04-SC,2021
"359598,0",2021-05-23,domingo,20:40:00,SC,282,"16,2",PALHOCA,Acessar a via sem observar a presença dos outros veículos,Colisão transversal,Com Vítimas Feridas,Plena Noite,Decrescente,Céu Claro,Simples,Reta,Sim,2,0,0,1,1,0,1,2,-27.658611,-48.681847,SPRF-SC,DEL01-SC,UOP02-DEL01-SC,2021
"359607,0",2021-05-23,domingo,21:45:00,SC,282,"16,3",PALHOCA,Reação tardia ou ineficiente do condutor,Colisão traseira,Com Vítimas Feridas,Plena Noite,Crescente,Nublado,Simples,Interseção de Vias,Sim,2,0,0,1,1,0,1,2,-27.66169335,-48.68453979,SPRF-SC,DEL01-SC,UOP02-DEL01-SC,2021
"359611,0",2021-05-23,domingo,15:30:00,SC,158,"140,9",PALMITOS,Acessar a via sem observar a presença dos outros veículos,Colisão transversal,Com Vítimas Feridas,Pleno dia,Crescente,Céu Claro,Simples,Reta;Declive,Não,4,0,1,0,3,0,1,2,-27.12575601,-53.21242903,SPRF-SC,DEL07-SC,UOP02-DEL07-SC,2021
"359635,0",2021-05-23,domingo,23:10:00,SC,101,"376,4",ICARA,Condutor Dormindo,Saída de leito carroçável,Com Vítimas Feridas,Plena Noite,Crescente,Céu Claro,Dupla,Curva,Não,2,0,2,0,0,0,2,1,-28.74294424,-49.25321102,SPRF-SC,DEL02-SC,UOP01-DEL02-SC,2021
"359638,0",2021-05-23,domingo,20:25:00,SC,470,"129,0",LONTRAS,Reação tardia ou ineficiente do condutor,Saída de leito carroçável,Sem Vítimas,Plena Noite,Decrescente,Céu Claro,Simples,Reta,Não,1,0,0,0,1,0,0,1,-27.148499,-49.556137,SPRF-SC,DEL04-SC,UOP02-DEL04-SC,2021
"359653,0",2021-05-23,domingo,18:00:00,SC,470,"33,4",GASPAR,Desvio temporário,Saída de leito carroçável,Com Vítimas Feridas,Anoitecer,Crescente,Céu Claro,Dupla,Interseção de Vias;Reta,Não,2,0,1,0,1,0,1,1,-26.90835,-48.94395,SPRF-SC,DEL04-SC,UOP01-DEL04-SC,2021
"359654,0",2021-05-23,domingo,19:00:00,SC,470,"56,0",BLUMENAU,Trafegar com motocicleta (ou similar) entre as faixas,Colisão frontal,Com Vítimas Feridas,Plena Noite,Crescente,Nublado,Simples,Reta,Não,2,0,2,0,0,0,2,2,-26.87674,-49.127743,SPRF-SC,DEL04-SC,UOP01-DEL04-SC,2021
"359691,0",2021-05-24,segunda-feira,08:00:00,SC,470,"140,0",RIO DO SUL,Conversão proibida,Colisão transversal,Com Vítimas Feridas,Pleno dia,Decrescente,Céu Claro,Simples,Reta,Não,2,0,1,0,1,0,1,2,-27.222485,-49.662827,SPRF-SC,DEL04-SC,UOP02-DEL04-SC,2021
"359716,0",2021-05-24,segunda-feira,13:30:00,SC,101,"214,0",PALHOCA,Pedestre andava na pista,Atropelamento de Pedestre,Com Vítimas Feridas,Pleno dia,Crescente,Céu Claro,Dupla,Reta,Sim,3,0,1,0,2,0,1,3,-27.64443,-48.67057,SPRF-SC,DEL01-SC,UOP02-DEL01-SC,2021
"359721,0",2021-05-24,segunda-feira,08:25:00,SC,101,"113,4",ITAJAI,Condutor deixou de manter distância do veículo da frente,Colisão traseira,Com Vítimas Feridas,Pleno dia,Crescente,Sol,Múltipla,Reta,Sim,2,0,1,0,1,0,1,2,-26.85311393,-48.72689927,SPRF-SC,DEL04-SC,UOP04-DEL04-SC,2021
"359730,0",2021-05-24,segunda-feira,14:50:00,SC,470,"60,1",BLUMENAU,Reação tardia ou ineficiente do condutor,Colisão transversal,Com Vítimas Feridas,Pleno dia,Decrescente,Céu Claro,Simples,Interseção de Vias,Não,2,0,1,0,1,0,1,2,-26.88138,-49.164543,SPRF-SC,DEL04-SC,UOP01-DEL04-SC,2021
"359740,0",2021-05-24,segunda-feira,15:40:00,SC,101,"357,0",SANGAO,Desrespeitar a preferência no cruzamento,Colisão transversal,Com Vítimas Feridas,Pleno dia,Crescente,Céu Claro,Simples,Declive;Interseção de Vias,Não,3,0,1,0,2,0,1,2,-28.6434352,-49.09949899,SPRF-SC,DEL02-SC,UOP01-DEL02-SC,2021
"359741,0",2021-05-24,segunda-feira,15:30:00,SC,163,"70,8",SAO MIGUEL DO OESTE,Acessar a via sem observar a presença dos outros veículos,Colisão transversal,Com Vítimas Feridas,Pleno dia,Decrescente,Céu Claro,Simples,Reta;Interseção de Vias,Sim,2,0,1,1,0,0,2,2,-26.72965691,-53.51157188,SPRF-SC,DEL07-SC,UOP03-DEL07-SC,2021
"359743,0",2021-05-24,segunda-feira,16:30:00,SC,101,"212,5",PALHOCA,Velocidade Incompatível,Colisão traseira,Com Vítimas Feridas,Pleno dia,Decrescente,Céu Claro,Dupla,Reta,Sim,3,0,2,0,1,0,2,2,-27.63487379,-48.66351128,SPRF-SC,DEL01-SC,UOP02-DEL01-SC,2021
"359757,0",2021-05-24,segunda-feira,17:40:00,SC,101,"282,5",IMBITUBA,Desrespeitar a preferência no cruzamento,Colisão transversal,Com Vítimas Feridas,Anoitecer,Crescente,Céu Claro,Dupla,Rotatória,Sim,2,0,0,1,1,0,1,2,-28.21495035,-48.70016282,SPRF-SC,DEL02-SC,UOP03-DEL02-SC,2021
"359824,0",2021-05-25,terça-feira,08:40:00,SC,101,"208,3",SAO JOSE,Condutor deixou de manter distância do veículo da frente,Queda de ocupante de veículo,Com Vítimas Feridas,Pleno dia,Crescente,Sol,Múltipla,Aclive,Sim,1,0,1,0,0,0,1,1,-27.60327979,-48.63201818,SPRF-SC,DEL01-SC,UOP01-DEL01-SC,2021
"359837,0",2021-05-25,terça-feira,07:15:00,SC,470,"135,6",RIO DO SUL,Transitar na contramão,Atropelamento de Pedestre,Com Vítimas Feridas,Pleno dia,Decrescente,Céu Claro,Simples,Reta,Não,2,0,1,1,0,0,2,2,-27.188492,-49.61232,SPRF-SC,DEL04-SC,UOP02-DEL04-SC,2021
"359852,0",2021-05-25,terça-feira,09:25:00,SC,101,"214,0",PALHOCA,Trafegar com motocicleta (ou similar) entre as faixas,Colisão lateral mesmo sentido,Com Vítimas Feridas,Pleno dia,Decrescente,Céu Claro,Múltipla,Reta;Declive,Sim,3,0,2,0,1,0,2,2,-27.64449233,-48.67046356,SPRF-SC,DEL01-SC,UOP02-DEL01-SC,2021
"359879,0",2021-05-25,terça-feira,12:15:00,SC,101,"132,7",BALNEARIO CAMBORIU,Ultrapassagem Indevida,Colisão lateral mesmo sentido,Com Vítimas Feridas,Pleno dia,Crescente,Céu Claro,Simples,Reta,Sim,2,0,1,0,1,0,1,2,-26.99654133,-48.65564711,SPRF-SC,DEL04-SC,UOP03-DEL04-SC,2021
"359915,0",2021-05-25,terça-feira,16:55:00,SC,101,"211,6",PALHOCA,Manobra de mudança de faixa,Colisão traseira,Com Vítimas Feridas,Pleno dia,Crescente,Sol,Múltipla,Aclive,Sim,2,0,1,0,1,0,1,2,-27.62329313,-48.65245588,SPRF-SC,DEL01-SC,UOP02-DEL01-SC,2021
"359921,0",2021-05-25,terça-feira,18:30:00,SC,282,"2,0",FLORIANOPOLIS,Acessar a via sem observar a presença dos outros veículos,Colisão transversal,Com Vítimas Feridas,Plena Noite,Crescente,Céu Claro,Simples,Reta,Sim,2,0,1,0,1,0,1,2,-27.60358753,-48.5900364,SPRF-SC,DEL01-SC,UOP01-DEL01-SC,2021
"359940,0",2021-05-25,terça-feira,20:00:00,SC,101,"206,0",SAO JOSE,Manobra de mudança de faixa,Colisão lateral mesmo sentido,Com Vítimas Feridas,Plena Noite,Decrescente,Céu Claro,Dupla,Reta,Não,2,0,1,0,1,0,1,2,-27.59193546,-48.61824557,SPRF-SC,DEL01-SC,UOP01-DEL01-SC,2021
"359986,0",2021-05-26,quarta-feira,04:00:00,SC,101,"84,0",BARRA VELHA,Reação tardia ou ineficiente do condutor,Colisão com objeto,Com Vítimas Feridas,Plena Noite,Crescente,Nublado,Múltipla,Reta,Sim,1,0,1,0,0,0,1,1,-26.62404682,-48.71394986,SPRF-SC,DEL03-SC,UOP02-DEL03-SC,2021
"359998,0",2021-05-26,quarta-feira,07:15:00,SC,101,"191,0",BIGUACU,Condutor deixou de manter distância do veículo da frente,Colisão traseira,Com Vítimas Feridas,Pleno dia,Decrescente,Céu Claro,Dupla,Reta,Sim,2,0,1,0,1,0,1,2,-27.47730273,-48.64127329,SPRF-SC,DEL01-SC,UOP01-DEL01-SC,2021
"360058,0",2021-05-06,quinta-feira,09:55:00,SC,101,"114,0",ITAJAI,Manobra de mudança de faixa,Colisão traseira,Com Vítimas Feridas,Pleno dia,Decrescente,Nublado,Múltipla,Reta,Não,2,0,1,0,1,0,1,2,-26.86192886,-48.7286704,SPRF-SC,DEL04-SC,UOP04-DEL04-SC,2021
"360076,0",2021-05-26,quarta-feira,14:00:00,SC,280,"195,0",MAFRA,Demais falhas mecânicas ou elétricas,Incêndio,Sem Vítimas,Pleno dia,Decrescente,Céu Claro,Simples,Curva,Não,1,0,0,0,1,0,0,1,-26.17921779,-50.02536489,SPRF-SC,DEL06-SC,UOP01-DEL06-SC,2021
"360090,0",2021-05-26,quarta-feira,13:30:00,SC,163,"72,2",SAO MIGUEL DO OESTE,Acessar a via sem observar a presença dos outros veículos,Colisão transversal,Com Vítimas Feridas,Pleno dia,Crescente,Céu Claro,Dupla,Interseção de Vias;Aclive;Reta,Sim,4,0,0,1,2,1,1,3,-26.71815752,-53.51604581,SPRF-SC,DEL07-SC,UOP03-DEL07-SC,2021
"360100,0",2021-05-26,quarta-feira,17:00:00,SC,101,"204,1",SAO JOSE,Acessar a via sem observar a presença dos outros veículos,Colisão transversal,Com Vítimas Feridas,Pleno dia,Decrescente,Sol,Múltipla,Reta;Declive,Sim,2,0,1,0,0,1,1,2,-27.57606066,-48.61309648,SPRF-SC,DEL01-SC,UOP01-DEL01-SC,2021
"360101,0",2021-05-26,quarta-feira,17:20:00,SC,101,"112,4",ITAJAI,Avarias e/ou desgaste excessivo no pneu,Tombamento,Com Vítimas Feridas,Pleno dia,Crescente,Céu Claro,Múltipla,Reta,Sim,2,0,1,0,1,0,1,1,-26.84589005,-48.72131295,SPRF-SC,DEL04-SC,UOP04-DEL04-SC,2021
"360110,0",2021-05-26,quarta-feira,18:15:00,SC,101,"22,0",JOINVILLE,Ultrapassagem Indevida,Colisão lateral mesmo sentido,Com Vítimas Feridas,Plena Noite,Decrescente,Céu Claro,Simples,Reta,Sim,2,0,1,0,1,0,1,2,-26.15679993,-48.90786269,SPRF-SC,DEL03-SC,UOP01-DEL03-SC,2021
"360115,0",2021-05-26,quarta-feira,18:40:00,SC,101,"202,5",SAO JOSE,Reação tardia ou ineficiente do condutor,Colisão lateral mesmo sentido,Com Vítimas Feridas,Plena Noite,Crescente,Céu Claro,Múltipla,Reta,Sim,2,0,1,0,1,0,1,2,-27.55711595,-48.61897889,SPRF-SC,DEL01-SC,UOP01-DEL01-SC,2021
"360121,0",2021-05-26,quarta-feira,18:10:00,SC,116,"1,1",MAFRA,Desrespeitar a preferência no cruzamento,Colisão transversal,Com Vítimas Feridas,Anoitecer,Crescente,Céu Claro,Simples,Interseção de Vias,Sim,2,0,1,0,0,1,1,2,-26.11852913,-49.78842974,SPRF-SC,DEL06-SC,UOP01-DEL06-SC,2021
"360123,0",2021-05-26,quarta-feira,18:50:00,SC,101,"373,0",ICARA,Condutor deixou de manter distância do veículo da frente,Colisão traseira,Com Vítimas Feridas,Plena Noite,Crescente,Céu Claro,Dupla,Curva,Não,4,0,1,0,1,2,1,3,-28.7132671,-49.21763596,SPRF-SC,DEL02-SC,UOP01-DEL02-SC,2021
"360134,0",2021-05-26,quarta-feira,19:40:00,SC,101,"199,6",SAO JOSE,Acessar a via sem observar a presença dos outros veículos,Colisão lateral mesmo sentido,Com Vítimas Feridas,Plena Noite,Crescente,Céu Claro,Simples,Reta,Sim,2,0,1,0,1,0,1,2,-27.53413705,-48.63003205,SPRF-SC,DEL01-SC,UOP01-DEL01-SC,2021
"360146,0",2021-05-26,quarta-feira,19:25:00,SC,163,"71,2",SAO MIGUEL DO OESTE,Reação tardia ou ineficiente do condutor,Colisão transversal,Com Vítimas Feridas,Plena Noite,Decrescente,Céu Claro,Dupla,Curva,Sim,2,0,1,0,1,0,1,2,-26.72772401,-53.51281303,SPRF-SC,DEL07-SC,UOP03-DEL07-SC,2021
"360160,0",2021-05-26,quarta-feira,22:00:00,SC,282,"2,0",FLORIANOPOLIS,Ingestão de álcool pelo condutor,Colisão traseira,Sem Vítimas,Plena Noite,Crescente,Céu Claro,Múltipla,Reta,Sim,3,0,0,0,3,0,0,3,-27.603289,-48.590416,SPRF-SC,DEL01-SC,UOP01-DEL01-SC,2021
"360171,0",2021-05-26,quarta-feira,22:20:00,SC,282,"38,6",AGUAS MORNAS,Velocidade Incompatível,Saída de leito carroçável,Com Vítimas Feridas,Plena Noite,Decrescente,Céu Claro,Simples,Curva,Não,1,0,1,0,0,0,1,1,-27.712921,-48.85729551,SPRF-SC,DEL01-SC,UOP03-DEL01-SC,2021
"360179,0",2021-05-27,quinta-feira,01:00:00,SC,282,"5,0",SAO JOSE,Reação tardia ou ineficiente do condutor,Colisão com objeto,Com Vítimas Feridas,Pleno dia,Crescente,Céu Claro,Múltipla,Reta,Sim,1,0,0,1,0,0,1,1,-27.588425,-48.612919,SPRF-SC,DEL01-SC,UOP01-DEL01-SC,2021
"360206,0",2021-05-19,quarta-feira,13:50:00,SC,101,"185,0",BIGUACU,Demais falhas na via,Eventos atípicos,Sem Vítimas,Pleno dia,Decrescente,Sol,Múltipla,Reta,Sim,1,0,0,0,1,0,0,1,-27.42536698,-48.62465876,SPRF-SC,DEL01-SC,UOP01-DEL01-SC,2021
"360207,0",2021-05-03,segunda-feira,19:40:00,SC,101,"215,5",PALHOCA,Condutor deixou de manter distância do veículo da frente,Colisão traseira,Com Vítimas Feridas,Plena Noite,Decrescente,Céu Claro,Dupla,Reta,Sim,2,0,0,1,1,0,1,2,-27.65184843,-48.67604941,SPRF-SC,DEL01-SC,UOP02-DEL01-SC,2021
"360209,0",2021-05-27,quinta-feira,07:40:00,SC,101,"133,0",BALNEARIO CAMBORIU,Velocidade Incompatível,Colisão traseira,Com Vítimas Feridas,Pleno dia,Decrescente,Sol,Múltipla,Reta,Sim,3,0,1,0,2,0,1,3,-26.99936,-48.64609,SPRF-SC,DEL04-SC,UOP03-DEL04-SC,2021
"360217,0",2021-05-27,quinta-feira,08:20:00,SC,101,"119,0",ITAJAI,Manobra de mudança de faixa,Colisão traseira,Com Vítimas Feridas,Pleno dia,Crescente,Céu Claro,Múltipla,Reta,Sim,3,0,2,0,1,0,2,2,-26.9043179,-48.71555481,SPRF-SC,DEL04-SC,UOP04-DEL04-SC,2021
"360238,0",2021-05-27,quinta-feira,09:00:00,SC,280,"231,9",CANOINHAS,Condutor deixou de manter distância do veículo da frente,Colisão traseira,Com Vítimas Feridas,Pleno dia,Decrescente,Céu Claro,Simples,Reta,Não,2,0,1,0,1,0,1,2,-26.19002459,-50.38022161,SPRF-SC,DEL06-SC,UOP04-DEL06-SC,2021
"360240,0",2021-05-27,quinta-feira,10:10:00,SC,101,"207,0",SAO JOSE,Condutor deixou de manter distância do veículo da frente,Colisão traseira,Com Vítimas Feridas,Pleno dia,Crescente,Sol,Múltipla,Reta,Sim,3,0,0,1,2,0,1,3,-27.60001226,-48.6226467,SPRF-SC,DEL01-SC,UOP01-DEL01-SC,2021
"360252,0",2021-05-27,quinta-feira,11:50:00,SC,101,"434,1",SOMBRIO,Transitar na contramão,Colisão transversal,Com Vítimas Feridas,Pleno dia,Decrescente,Céu Claro,Simples,Reta,Sim,2,0,1,0,1,0,1,2,-29.09075196,-49.63226114,SPRF-SC,DEL02-SC,UOP02-DEL02-SC,2021
"360258,0",2021-05-27,quinta-feira,12:15:00,SC,282,"217,0",LAGES,Condutor deixou de manter distância do veículo da frente,Colisão traseira,Com Vítimas Feridas,Pleno dia,Decrescente,Céu Claro,Dupla,Reta,Não,2,0,1,0,1,0,1,2,-27.797916,-50.302944,SPRF-SC,DEL05-SC,UOP01-DEL05-SC,2021
"360289,0",2021-05-27,quinta-feira,16:25:00,SC,280,"31,0",ARAQUARI,Condutor deixou de manter distância do veículo da frente,Colisão traseira,Com Vítimas Feridas,Pleno dia,Decrescente,Céu Claro,Simples,Aclive,Sim,2,0,1,0,1,0,1,2,-26.41649938,-48.77181215,SPRF-SC,DEL03-SC,UOP03-DEL03-SC,2021
"360311,0",2021-05-27,quinta-feira,18:11:00,SC,470,"60,0",BLUMENAU,Trafegar com motocicleta (ou similar) entre as faixas,Colisão transversal,Com Vítimas Feridas,Anoitecer,Decrescente,Céu Claro,Simples,Retorno Regulamentado,Sim,2,0,1,0,1,0,1,2,-26.88069861,-49.16707993,SPRF-SC,DEL04-SC,UOP01-DEL04-SC,2021
"360315,0",2021-05-27,quinta-feira,18:30:00,SC,101,"208,0",SAO JOSE,Condutor deixou de manter distância do veículo da frente,Colisão traseira,Com Vítimas Feridas,Anoitecer,Crescente,Céu Claro,Múltipla,Reta,Sim,2,0,1,1,0,0,2,2,-27.60327979,-48.63201818,SPRF-SC,DEL01-SC,UOP01-DEL01-SC,2021