id,data_inversa,dia_semana,horario,uf,br,km,municipio,causa_acidente,tipo_acidente,classificacao_acidente,fase_dia,sentido_via,condicao_metereologica,tipo_pista,tracado_via,uso_solo,pessoas,mortos,feridos_leves,feridos_graves,ilesos,ignorados,feridos,veiculos,latitude,longitude,regional,delegacia,uop,ano_arquivo
"361373,0",2021-06-01,terça-feira,12:05:00,SC,101,"353,2",JAGUARUNA,Avarias e/ou desgaste excessivo no pneu,Saída de leito carroçável,Com Vítimas Feridas,Pleno dia,Crescente,Sol,Dupla,Reta,Não,1,0,1,0,0,0,1,1,-28.61754875,-49.0698123,SPRF-SC,DEL02-SC,UOP01-DEL02-SC,2021
"361388,0",2021-06-01,terça-feira,14:10:00,SC,101,"207,0",SAO JOSE,Trafegar com motocicleta (ou similar) entre as faixas,Colisão traseira,Com Vítimas Feridas,Pleno dia,Decrescente,Céu Claro,Dupla,Reta,Não,2,0,2,0,0,0,2,2,-27.60001226,-48.6226467,SPRF-SC,DEL01-SC,UOP01-DEL01-SC,2021
"361389,0",2021-06-01,terça-feira,06:00:00,SC,282,"208,8",LAGES,Neblina,Saída de leito carroçável,Sem Vítimas,Plena Noite,Decrescente,Nevoeiro/Neblina,Simples,Reta,Não,1,0,0,0,0,1,0,1,-27.775284,-50.211971,SPRF-SC,DEL05-SC,UOP01-DEL05-SC,2021
"361390,0",2021-06-01,terça-feira,14:30:00,SC,101,"51,4",GUARAMIRIM,Desrespeitar a preferência no cruzamento,Colisão transversal,Com Vítimas Feridas,Pleno dia,Crescente,Céu Claro,Dupla,Interseção de Vias,Sim,2,0,1,0,1,0,1,2,-26.46687105,-48.95988649,SPRF-SC,DEL03-SC,UOP01-DEL03-SC,2021
"361396,0",2021-05-16,domingo,08:00:00,SC,282,"37,3",AGUAS MORNAS,Velocidade Incompatível,Saída de leito carroçável,Com Vítimas Feridas,Pleno dia,Crescente,Céu Claro,Simples,Curva,Não,1,0,0,1,0,0,1,1,-27.707325,-48.842983,SPRF-SC,DEL01-SC,UOP03-DEL01-SC,2021
"361429,0",2021-06-01,terça-feira,18:00:00,SC,101,"211,1",PALHOCA,Modificação proibida,Colisão transversal,Com Vítimas Feridas,Anoitecer,Decrescente,Céu Claro,Dupla,Em Obras,Não,2,0,1,0,1,0,1,2,-27.62329313,-48.65245588,SPRF-SC,DEL01-SC,UOP02-DEL01-SC,2021
"361442,0",2021-06-01,terça-feira,16:20:00,SC,282,"88,0",ALFREDO WAGNER,Condutor Dormindo,Saída de leito carroçável,Com Vítimas Feridas,Pleno dia,Crescente,Céu Claro,Simples,Curva,Não,2,0,2,0,0,0,2,1,-27.66399295,-49.20291424,SPRF-SC,DEL01-SC,UOP03-DEL01-SC,2021
"361451,0",2021-06-01,terça-feira,19:30:00,SC,470,"69,8",INDAIAL,Retorno proibido,Colisão transversal,Com Vítimas Feridas,Plena Noite,Decrescente,Céu Claro,Simples,Declive;Reta;Em Obras,Sim,2,0,1,0,0,1,1,2,-26.88809827,-49.25274524,SPRF-SC,DEL04-SC,UOP01-DEL04-SC,2021
"361461,0",2021-06-01,terça-feira,18:20:00,SC,101,"113,2",ITAJAI,Condutor deixou de manter distância do veículo da frente,Colisão traseira,Com Vítimas Feridas,Plena Noite,Decrescente,Nublado,Múltipla,Reta,Sim,2,0,1,0,1,0,1,2,-26.85311393,-48.72689927,SPRF-SC,DEL04-SC,UOP04-DEL04-SC,2021
"361473,0",2021-06-01,terça-feira,18:30:00,SC,282,"341,5",CAMPOS NOVOS,Velocidade Incompatível,Colisão traseira,Com Vítimas Fatais,Plena Noite,Crescente,Céu Claro,Simples,Reta,Sim,6,1,1,1,3,0,2,2,-27.389957,-51.213387,SPRF-SC,DEL07-SC,UOP06-DEL07-SC,2021
"361482,0",2021-06-01,terça-feira,22:30:00,SC,101,"329,5",TUBARAO,Velocidade Incompatível,Colisão com objeto,Com Vítimas Feridas,Plena Noite,Decrescente,Nublado,Múltipla,Reta,Não,1,0,1,0,0,0,1,1,-28.44404822,-48.96611372,SPRF-SC,DEL02-SC,UOP01-DEL02-SC,2021
"361496,0",2021-06-02,quarta-feira,05:55:00,SC,101,"173,1",TIJUCAS,Entrada inopinada do pedestre,Atropelamento de Pedestre,Com Vítimas Fatais,Amanhecer,Crescente,Céu Claro,Dupla,Reta,Não,2,1,0,0,1,0,0,2,-27.3233683,-48.6273495,SPRF-SC,DEL04-SC,UOP03-DEL04-SC,2021
"361498,0",2021-06-02,quarta-feira,06:50:00,SC,280,"56,0",GUARAMIRIM,Manobra de mudança de faixa,Colisão lateral mesmo sentido,Com Vítimas Feridas,Amanhecer,Crescente,Nublado,Simples,Reta,Sim,2,0,1,0,1,0,1,2,-26.47947677,-49.00298702,SPRF-SC,DEL03-SC,UOP03-DEL03-SC,2021
"361503,0",2021-06-02,quarta-feira,06:45:00,SC,101,"331,6",TUBARAO,Desrespeitar a preferência no cruzamento,Colisão transversal,Com Vítimas Feridas,Pleno dia,Crescente,Céu Claro,Dupla,Rotatória,Sim,2,0,1,0,1,0,1,2,-28.46657862,-48.99559021,SPRF-SC,DEL02-SC,UOP01-DEL02-SC,2021
"361506,0",2021-06-02,quarta-feira,07:40:00,SC,470,"57,0",BLUMENAU,Trafegar com motocicleta (ou similar) entre as faixas,Colisão transversal,Com Vítimas Feridas,Pleno dia,Decrescente,Céu Claro,Simples,Reta;Interseção de Vias,Sim,3,0,2,0,1,0,2,2,-26.88413982,-49.14705038,SPRF-SC,DEL04-SC,UOP01-DEL04-SC,2021
"361508,0",2021-06-02,quarta-feira,07:45:00,SC,101,"198,9",SAO JOSE,Trafegar com motocicleta (ou similar) entre as faixas,Colisão traseira,Com Vítimas Feridas,Pleno dia,Crescente,Sol,Dupla,Reta,Sim,2,0,1,0,1,0,1,2,-27.52658712,-48.63506019,SPRF-SC,DEL01-SC,UOP01-DEL01-SC,2021
"361509,0",2021-06-02,quarta-feira,07:50:00,SC,101,"327,0",CAPIVARI DE BAIXO,Condutor deixou de manter distância do veículo da frente,Colisão traseira,Com Vítimas Feridas,Pleno dia,Crescente,Céu Claro,Simples,Reta,Não,3,0,1,0,2,0,1,2,-28.43023306,-48.95205197,SPRF-SC,DEL02-SC,UOP01-DEL02-SC,2021
"361511,0",2021-06-02,quarta-feira,07:40:00,SC,101,"213,8",PALHOCA,Manobra de mudança de faixa,Colisão lateral mesmo sentido,Com Vítimas Feridas,Pleno dia,Decrescente,Sol,Dupla,Reta,Não,2,0,1,0,1,0,1,2,-27.63697369,-48.66514142,SPRF-SC,DEL01-SC,UOP02-DEL01-SC,2021
"361512,0",2021-06-02,quarta-feira,07:25:00,SC,280,"128,2",RIO NEGRINHO,Acessar a via sem observar a presença dos outros veículos,Colisão transversal,Com Vítimas Feridas,Amanhecer,Crescente,Nevoeiro/Neblina,Simples,Interseção de Vias;Reta;Aclive,Sim,2,0,1,0,1,0,1,2,-26.25329766,-49.53052998,SPRF-SC,DEL06-SC,UOP03-DEL06-SC,2021
"361514,0",2021-06-02,quarta-feira,08:15:00,SC,101,"200,7",SAO JOSE,Ausência de reação do condutor,Colisão lateral mesmo sentido,Com Vítimas Feridas,Pleno dia,Crescente,Céu Claro,Múltipla,Reta,Sim,3,0,2,0,1,0,2,2,-27.54018513,-48.62287714,SPRF-SC,DEL01-SC,UOP01-DEL01-SC,2021
"361560,0",2021-06-02,quarta-feira,12:29:00,SC,280,"16,0",SAO FRANCISCO DO SUL,Reação tardia ou ineficiente do condutor,Colisão transversal,Com Vítimas Feridas,Pleno dia,Decrescente,Céu Claro,Simples,Reta,Não,2,0,2,0,0,0,2,2,-26.34734469,-48.65795374,SPRF-SC,DEL03-SC,UOP03-DEL03-SC,2021
"361569,0",2021-06-02,quarta-feira,13:25:00,SC,101,"122,3",ITAJAI,Condutor deixou de manter distância do veículo da frente,Tombamento,Com Vítimas Feridas,Pleno dia,Crescente,Nublado,Dupla,Reta,Não,1,0,1,0,0,0,1,1,-26.92955916,-48.70499836,SPRF-SC,DEL04-SC,UOP04-DEL04-SC,2021
"361576,0",2021-06-02,quarta-feira,14:10:00,SC,101,"137,0",BALNEARIO CAMBORIU,Demais falhas mecânicas ou elétricas,Incêndio,Sem Vítimas,Pleno dia,Decrescente,Céu Claro,Múltipla,Reta,Sim,1,0,0,0,1,0,0,1,-27.0157238,-48.61192763,SPRF-SC,DEL04-SC,UOP03-DEL04-SC,2021
"361590,0",2021-06-02,quarta-feira,13:20:00,SC,101,"282,5",IMBITUBA,Ultrapassagem Indevida,Colisão lateral mesmo sentido,Com Vítimas Feridas,Pleno dia,Decrescente,Céu Claro,Múltipla,Rotatória,Sim,2,0,1,0,1,0,1,2,-28.21503544,-48.6995942,SPRF-SC,DEL02-SC,UOP03-DEL02-SC,2021
"361619,0",2021-06-02,quarta-feira,17:30:00,SC,101,"109,9",PENHA,Reação tardia ou ineficiente do condutor,Tombamento,Com Vítimas Feridas,Anoitecer,Crescente,Céu Claro,Dupla,Curva,Não,1,0,0,1,0,0,1,1,-26.8333519,-48.69632106,SPRF-SC,DEL03-SC,UOP02-DEL03-SC,2021
"361623,0",2021-06-02,quarta-feira,18:00:00,SC,101,"145,0",ITAPEMA,Ausência de reação do condutor,Colisão lateral mesmo sentido,Com Vítimas Feridas,Plena Noite,Decrescente,Céu Claro,Dupla,Curva,Não,2,0,1,0,1,0,1,2,-27.08139206,-48.60130993,SPRF-SC,DEL04-SC,UOP03-DEL04-SC,2021
"361627,0",2021-06-02,quarta-feira,18:50:00,SC,282,"1,0",FLORIANOPOLIS,Reação tardia ou ineficiente do condutor,Engavetamento,Com Vítimas Feridas,Anoitecer,Decrescente,Céu Claro,Múltipla,Declive,Sim,3,0,1,0,2,0,1,3,-27.602955,-48.580509,SPRF-SC,DEL01-SC,UOP01-DEL01-SC,2021
"361632,0",2021-06-02,quarta-feira,18:20:00,SC,101,"217,1",PALHOCA,Trafegar com motocicleta (ou similar) entre as faixas,Tombamento,Com Vítimas Feridas,Plena Noite,Crescente,Céu Claro,Múltipla,Reta,Sim,2,0,1,0,1,0,1,2,-27.66965622,-48.67342472,SPRF-SC,DEL01-SC,UOP02-DEL01-SC,2021
"361648,0",2021-06-02,quarta-feira,18:10:00,SC,282,"223,4",LAGES,Reação tardia ou ineficiente do condutor,Colisão traseira,Com Vítimas Feridas,Anoitecer,Crescente,Nublado,Simples,Aclive,Não,2,0,0,1,1,0,1,2,-27.79839294,-50.35710281,SPRF-SC,DEL05-SC,UOP01-DEL05-SC,2021
"361649,0",2021-06-02,quarta-feira,20:45:00,SC,470,"6,5",NAVEGANTES,Pedestre cruzava a pista fora da faixa,Atropelamento de Pedestre,Com Vítimas Feridas,Plena Noite,Decrescente,Nublado,Dupla,Reta,Sim,2,0,0,1,1,0,1,2,-26.852238,-48.709545,SPRF-SC,DEL04-SC,UOP04-DEL04-SC,2021
"361676,0",2021-06-02,quarta-feira,21:25:00,SC,101,"397,9",MARACAJA,Reação tardia ou ineficiente do condutor,Colisão traseira,Com Vítimas Feridas,Plena Noite,Decrescente,Ignorado,Simples,Reta,Não,2,0,1,1,0,0,2,2,-28.83036461,-49.41244828,SPRF-SC,DEL02-SC,UOP02-DEL02-SC,2021
"361680,0",2021-06-02,quarta-feira,15:16:00,SC,282,"423,0",VARGEM BONITA,Mal súbito do condutor,Colisão frontal,Com Vítimas Feridas,Pleno dia,Crescente,Chuva,Simples,Aclive;Curva,Não,3,0,0,1,2,0,1,3,-26.99556,-51.752289,SPRF-SC,DEL07-SC,UOP05-DEL07-SC,2021
"361691,0",2021-06-03,quinta-feira,00:10:00,SC,101,"208,0",SAO JOSE,Ingestão de álcool pelo condutor,Colisão com objeto,Com Vítimas Feridas,Plena Noite,Crescente,Céu Claro,Múltipla,Reta,Sim,1,0,1,0,0,0,1,1,-27.60327979,-48.63201818,SPRF-SC,DEL01-SC,UOP01-DEL01-SC,2021
"361693,0",2021-06-02,quarta-feira,22:30:00,SC,101,"281,9",IMBITUBA,Ingestão de álcool pelo condutor,Colisão traseira,Com Vítimas Feridas,Plena Noite,Crescente,Céu Claro,Múltipla,Reta,Sim,4,0,1,0,3,0,1,3,-28.21164139,-48.69975865,SPRF-SC,DEL02-SC,UOP03-DEL02-SC,2021
"361696,0",2021-06-03,quinta-feira,00:06:00,SC,282,"506,7",XANXERE,Mal súbito do condutor,Saída de leito carroçável,Com Vítimas Feridas,Plena Noite,Crescente,Nublado,Simples,Reta;Interseção de Vias,Não,1,0,0,1,0,0,1,1,-26.88495789,-52.4331988,SPRF-SC,DEL07-SC,UOP01-DEL07-SC,2021
"361701,0",2021-06-02,quarta-feira,23:40:00,SC,101,"307,4",LAGUNA,Transitar na contramão,Colisão frontal,Com Vítimas Feridas,Plena Noite,Decrescente,Céu Claro,Múltipla,Reta,Não,2,0,1,0,1,0,1,2,-28.41326255,-48.79361451,SPRF-SC,DEL02-SC,UOP03-DEL02-SC,2021
"361706,0",2021-06-02,quarta-feira,22:50:00,SC,101,"286,0",IMBITUBA,Velocidade Incompatível,Capotamento,Com Vítimas Feridas,Plena Noite,Crescente,Céu Claro,Dupla,Curva,Não,1,0,1,0,0,0,1,1,-28.22947996,-48.70163526,SPRF-SC,DEL02-SC,UOP03-DEL02-SC,2021
"361711,0",2021-06-03,quinta-feira,05:20:00,SC,101,"27,0",JOINVILLE,Reação tardia ou ineficiente do condutor,Colisão traseira,Com Vítimas Feridas,Plena Noite,Decrescente,Nublado,Dupla,Reta;Viaduto;Aclive,Sim,2,0,1,0,1,0,1,2,-26.20130351,-48.91331794,SPRF-SC,DEL03-SC,UOP01-DEL03-SC,2021
"361748,0",2021-06-03,quinta-feira,08:50:00,SC,101,"71,4",ARAQUARI,Velocidade Incompatível,Tombamento,Com Vítimas Feridas,Pleno dia,Crescente,Céu Claro,Dupla,Viaduto,Não,1,0,1,0,0,0,1,1,-26.51082007,-48.72345612,SPRF-SC,DEL03-SC,UOP02-DEL03-SC,2021
"361753,0",2021-06-03,quinta-feira,09:30:00,SC,101,"205,4",SAO JOSE,Sinalização mal posicionada,Colisão com objeto,Com Vítimas Feridas,Pleno dia,Decrescente,Sol,Múltipla,Interseção de Vias,Sim,1,0,0,1,0,0,1,1,-27.58828554,-48.6167711,SPRF-SC,DEL01-SC,UOP01-DEL01-SC,2021
"361756,0",2021-06-03,quinta-feira,07:35:00,SC,282,"590,4",SAUDADES,Neblina,Saída de leito carroçável,Com Vítimas Feridas,Pleno dia,Crescente,Nevoeiro/Neblina,Simples,Curva,Não,1,0,1,0,0,0,1,1,-26.825788,-53.072556,SPRF-SC,DEL07-SC,UOP02-DEL07-SC,2021
"361796,0",2021-06-03,quinta-feira,10:15:00,SC,101,"350,8",JAGUARUNA,Manobra de mudança de faixa,Saída de leito carroçável,Com Vítimas Fatais,Pleno dia,Decrescente,Céu Claro,Dupla,Reta,Não,6,1,4,1,0,0,5,1,-28.6048793,-49.0558625,SPRF-SC,DEL02-SC,UOP01-DEL02-SC,2021
"361810,0",2021-06-03,quinta-feira,16:50:00,SC,101,"136,0",BALNEARIO CAMBORIU,Manobra de mudança de faixa,Colisão lateral mesmo sentido,Com Vítimas Feridas,Pleno dia,Decrescente,Sol,Múltipla,Reta,Sim,2,0,0,1,1,0,1,2,-27.008113,-48.617245,SPRF-SC,DEL04-SC,UOP03-DEL04-SC,2021
"361815,0",2021-05-26,quarta-feira,18:35:00,SC,101,"212,0",PALHOCA,Condutor deixou de manter distância do veículo da frente,Colisão lateral mesmo sentido,Sem Vítimas,Plena Noite,Decrescente,Ignorado,Dupla,Reta,Sim,3,0,0,0,1,2,0,2,-27.62996929,-48.65903871,SPRF-SC,DEL01-SC,UOP02-DEL01-SC,2021
"361829,0",2021-06-03,quinta-feira,16:35:00,SC,116,"250,0",LAGES,Velocidade Incompatível,Queda de ocupante de veículo,Com Vítimas Feridas,Pleno dia,Decrescente,Céu Claro,Simples,Reta,Não,1,0,1,0,0,0,1,1,-27.83626507,-50.38045026,SPRF-SC,DEL05-SC,UOP02-DEL05-SC,2021
"361865,0",2021-06-03,quinta-feira,20:46:00,SC,101,"27,0",JOINVILLE,Ingestão de álcool pelo condutor,Colisão lateral mesmo sentido,Sem Vítimas,Plena Noite,Crescente,Céu Claro,Dupla,Ponte,Sim,2,0,0,0,2,0,0,2,-26.20130351,-48.91331794,SPRF-SC,DEL03-SC,UOP01-DEL03-SC,2021
"361890,0",2021-06-03,quinta-feira,22:32:00,SC,470,"65,0",INDAIAL,Ingestão de álcool pelo condutor,Colisão transversal,Com Vítimas Feridas,Plena Noite,Crescente,Nublado,Simples,Reta,Sim,2,0,1,0,1,0,1,2,-26.870411,-49.211864,SPRF-SC,DEL04-SC,UOP01-DEL04-SC,2021
"361937,0",2021-06-04,sexta-feira,08:30:00,SC,101,"204,0",SAO JOSE,Condutor deixou de manter distância do veículo da frente,Colisão traseira,Com Vítimas Feridas,Pleno dia,Crescente,Sol,Dupla,Reta,Sim,2,0,1,0,1,0,1,2,-27.57413014,-48.61363083,SPRF-SC,DEL01-SC,UOP01-DEL01-SC,2021
"361968,0",2021-06-04,sexta-feira,13:30:00,SC,282,"35,0",AGUAS MORNAS,Reação tardia ou ineficiente do condutor,Saída de leito carroçável,Com Vítimas Feridas,Pleno dia,Crescente,Céu Claro,Simples,Declive,Não,1,0,1,0,0,0,1,1,-27.702084,-48.826664,SPRF-SC,DEL01-SC,UOP03-DEL01-SC,2021
"361985,0",2021-06-04,sexta-feira,15:00:00,SC,101,"195,0",BIGUACU,Avarias e/ou desgaste excessivo no pneu,Tombamento,Com Vítimas Feridas,Pleno dia,Decrescente,Céu Claro,Múltipla,Reta,Não,2,0,2,0,0,0,2,1,-27.5047092,-48.65010819,SPRF-SC,DEL01-SC,UOP01-DEL01-SC,2021
"362014,0",2021-06-04,sexta-feira,18:25:00,SC,101,"162,0",TIJUCAS,Ausência de reação do condutor,Colisão traseira,Com Vítimas Feridas,Plena Noite,Crescente,Nublado,Múltipla,Reta,Sim,3,0,1,0,2,0,1,2,-27.22554009,-48.6279367,SPRF-SC,DEL04-SC,UOP03-DEL04-SC,2021
"362020,0",2021-06-04,sexta-feira,19:10:00,SC,101,"180,0",BIGUACU,Entrada inopinada do pedestre,Atropelamento de Pedestre,Com Vítimas Feridas,Plena Noite,Crescente,Nublado,Múltipla,Reta,Sim,2,0,1,1,0,0,2,2,-27.3811238,-48.63090648,SPRF-SC,DEL01-SC,UOP01-DEL01-SC,2021
"362029,0",2021-06-04,sexta-feira,19:15:00,SC,101,"207,0",SAO JOSE,Ausência de reação do condutor,Colisão traseira,Com Vítimas Feridas,Plena Noite,Crescente,Céu Claro,Múltipla,Reta,Sim,2,0,1,0,1,0,1,2,-27.60001226,-48.6226467,SPRF-SC,DEL01-SC,UOP01-DEL01-SC,2021
"362048,0",2021-06-04,sexta-feira,20:15:00,SC,470,"54,5",BLUMENAU,Ausência de reação do condutor,Tombamento,Com Vítimas Feridas,Plena Noite,Crescente,Nublado,Simples,Curva,Não,1,0,1,0,0,0,1,1,-26.871065,-49.110374,SPRF-SC,DEL04-SC,UOP01-DEL04-SC,2021
"362069,0",2021-06-04,sexta-feira,00:50:00,SC,470,"5,0",NAVEGANTES,Ausência de reação do condutor,Colisão com objeto,Com Vítimas Feridas,Plena Noite,Decrescente,Céu Claro,Múltipla,Em Obras,Sim,1,0,1,0,0,0,1,1,-26.85702098,-48.69552612,SPRF-SC,DEL04-SC,UOP04-DEL04-SC,2021
"362070,0",2021-06-04,sexta-feira,23:50:00,SC,101,"132,0",BALNEARIO CAMBORIU,Ausência de reação do condutor,Tombamento,Com Vítimas Feridas,Plena Noite,Decrescente,Nublado,Múltipla,Reta,Sim,1,0,1,0,0,0,1,1,-26.99795643,-48.65138954,SPRF-SC,DEL04-SC,UOP03-DEL04-SC,2021
"362075,0",2021-06-05,sábado,00:05:00,SC,282,"599,0",CUNHA PORA,Ingestão de álcool pelo condutor,Saída de leito carroçável,Com Vítimas Feridas,Plena Noite,Decrescente,Céu Claro,Simples,Curva,Não,1,0,1,0,0,0,1,1,-26.820206,-53.155052,SPRF-SC,DEL07-SC,UOP02-DEL07-SC,2021
"362089,0",2021-06-05,sábado,01:50:00,SC,101,"368,5",ICARA,Reação tardia ou ineficiente do condutor,Saída de leito carroçável,Com Vítimas Feridas,Plena Noite,Decrescente,Céu Claro,Múltipla,Curva,Sim,2,0,2,0,0,0,2,1,-28.6957326,-49.17347228,SPRF-SC,DEL02-SC,UOP01-DEL02-SC,2021
"362092,0",2021-06-05,sábado,02:45:00,SC,470,"130,4",LONTRAS,Reação tardia ou ineficiente do condutor,Saída de leito carroçável,Sem Vítimas,Plena Noite,Crescente,Céu Claro,Simples,Curva,Sim,1,0,0,0,0,1,0,1,-27.16295342,-49.55692291,SPRF-SC,DEL04-SC,UOP02-DEL04-SC,2021
"362105,0",2021-06-05,sábado,03:15:00,SC,280,"49,0",GUARAMIRIM,Ingestão de álcool pelo condutor,Capotamento,Com Vítimas Feridas,Plena Noite,Crescente,Nublado,Simples,Curva,Sim,1,0,1,0,0,0,1,1,-26.45850039,-48.93692786,SPRF-SC,DEL03-SC,UOP03-DEL03-SC,2021
"362113,0",2021-06-05,sábado,06:05:00,SC,101,"110,9",ITAJAI,Demais falhas mecânicas ou elétricas,Queda de ocupante de veículo,Com Vítimas Feridas,Amanhecer,Crescente,Céu Claro,Dupla,Reta,Não,2,0,2,0,0,0,2,1,-26.83477,-48.706151,SPRF-SC,DEL04-SC,UOP04-DEL04-SC,2021
"362117,0",2021-06-05,sábado,07:15:00,SC,101,"259,7",PAULO LOPES,Velocidade Incompatível,Tombamento,Com Vítimas Feridas,Amanhecer,Crescente,Céu Claro,Dupla,Curva,Não,1,0,1,0,0,0,1,1,-28.02019982,-48.69860714,SPRF-SC,DEL02-SC,UOP03-DEL02-SC,2021
"362118,0",2021-06-05,sábado,06:20:00,SC,282,"371,8",ERVAL VELHO,Reação tardia ou ineficiente do condutor,Colisão traseira,Com Vítimas Feridas,Amanhecer,Crescente,Nublado,Simples,Curva,Não,2,0,1,0,1,0,1,2,-27.259993,-51.442684,SPRF-SC,DEL07-SC,UOP05-DEL07-SC,2021
"362129,0",2021-06-05,sábado,04:15:00,SC,282,"507,7",XANXERE,Pedestre andava na pista,Atropelamento de Pedestre,Com Vítimas Fatais,Plena Noite,Decrescente,Céu Claro,Simples,Reta,Não,2,1,0,0,0,1,0,2,-26.886171,-52.43911,SPRF-SC,DEL07-SC,UOP01-DEL07-SC,2021
"362136,0",2021-05-08,sábado,07:50:00,SC,282,"45,0",AGUAS MORNAS,Condutor deixou de manter distância do veículo da frente,Colisão traseira,Com Vítimas Feridas,Pleno dia,Crescente,Sol,Simples,Reta,Não,3,0,0,1,2,0,1,2,-27.719851,-48.916126,SPRF-SC,DEL01-SC,UOP03-DEL01-SC,2021
"362144,0",2021-06-05,sábado,07:05:00,SC,101,"378,0",ICARA,Reação tardia ou ineficiente do condutor,Capotamento,Com Vítimas Feridas,Pleno dia,Decrescente,Céu Claro,Dupla,Reta,Não,1,0,0,1,0,0,1,1,-28.741853,-49.251657,SPRF-SC,DEL02-SC,UOP02-DEL02-SC,2021
"362158,0",2021-06-05,sábado,10:45:00,SC,470,"140,5",RIO DO SUL,Condutor deixou de manter distância do veículo da frente,Engavetamento,Com Vítimas Feridas,Pleno dia,Crescente,Sol,Simples,Reta;Aclive,Sim,4,0,1,0,3,0,1,4,-27.20524183,-49.64311838,SPRF-SC,DEL04-SC,UOP02-DEL04-SC,2021
"362159,0",2021-06-05,sábado,10:10:00,SC,101,"197,8",BIGUACU,Mal súbito do condutor,Queda de ocupante de veículo,Com Vítimas Feridas,Pleno dia,Crescente,Céu Claro,Simples,Reta,Não,2,0,2,0,0,0,2,1,-27.52658712,-48.63506019,SPRF-SC,DEL01-SC,UOP01-DEL01-SC,2021
"362166,0",2021-06-05,sábado,12:10:00,SC,470,"106,1",APIUNA,Acessar a via sem observar a presença dos outros veículos,Colisão transversal,Com Vítimas Feridas,Pleno dia,Decrescente,Sol,Simples,Reta,Não,2,0,1,0,1,0,1,2,-27.073105,-49.422935,SPRF-SC,DEL04-SC,UOP02-DEL04-SC,2021
"362173,0",2021-06-05,sábado,12:45:00,SC,101,"212,8",PALHOCA,Mal súbito do condutor,Tombamento,Com Vítimas Feridas,Pleno dia,Decrescente,Céu Claro,Dupla,Reta,Sim,1,0,1,0,0,0,1,1,-27.62996929,-48.65903871,SPRF-SC,DEL01-SC,UOP02-DEL01-SC,2021
"362177,0",2021-06-05,sábado,12:40:00,SC,280,"66,5",JARAGUA DO SUL,Reação tardia ou ineficiente do condutor,Colisão transversal,Com Vítimas Feridas,Pleno dia,Crescente,Céu Claro,Simples,Reta,Não,2,0,1,0,1,0,1,2,-26.47606607,-49.09568797,SPRF-SC,DEL03-SC,UOP03-DEL03-SC,2021
"362180,0",2021-06-05,sábado,11:45:00,SC,280,"305,0",PORTO UNIAO,Acessar a via sem observar a presença dos outros veículos,Colisão transversal,Com Vítimas Feridas,Pleno dia,Crescente,Céu Claro,Simples,Rotatória,Sim,2,0,1,0,1,0,1,2,-26.26625102,-51.05981502,SPRF-SC,DEL06-SC,UOP04-DEL06-SC,2021
"362195,0",2021-06-05,sábado,14:40:00,SC,101,"4,1",GARUVA,Manobra de mudança de faixa,Colisão com objeto,Sem Vítimas,Pleno dia,Decrescente,Céu Claro,Dupla,Reta,Não,2,0,0,0,2,0,0,1,-26.00908719,-48.86448735,SPRF-SC,DEL03-SC,UOP01-DEL03-SC,2021
"362201,0",2021-06-05,sábado,16:00:00,SC,101,"148,8",ITAPEMA,Ausência de reação do condutor,Colisão lateral mesmo sentido,Com Vítimas Feridas,Pleno dia,Crescente,Céu Claro,Múltipla,Reta,Não,2,0,1,0,0,1,1,2,-27.10123686,-48.61807962,SPRF-SC,DEL04-SC,UOP03-DEL04-SC,2021
"362203,0",2021-06-05,sábado,12:30:00,SC,282,"377,5",HERVAL DOESTE,Manobra de mudança de faixa,Colisão lateral mesmo sentido,Com Vítimas Feridas,Pleno dia,Crescente,Céu Claro,Simples,Curva,Não,2,0,1,0,1,0,1,2,-27.216974,-51.470055,SPRF-SC,DEL07-SC,UOP05-DEL07-SC,2021
"362209,0",2021-06-05,sábado,16:50:00,SC,282,"20,0",PALHOCA,Ingestão de álcool pelo condutor,Colisão lateral sentido oposto,Sem Vítimas,Pleno dia,Crescente,Céu Claro,Múltipla,Curva,Sim,4,0,0,0,4,0,0,4,-27.683958,-48.71006,SPRF-SC,DEL01-SC,UOP02-DEL01-SC,2021
"362219,0",2021-06-05,sábado,17:30:00,SC,101,"216,0",PALHOCA,Ingestão de álcool pelo condutor,Tombamento,Com Vítimas Feridas,Plena Noite,Crescente,Céu Claro,Dupla,Reta,Sim,1,0,1,0,0,0,1,1,-27.65981409,-48.67747798,SPRF-SC,DEL01-SC,UOP02-DEL01-SC,2021
"362224,0",2021-06-05,sábado,17:15:00,SC,282,"508,6",XANXERE,Ingestão de álcool pelo condutor,Saída de leito carroçável,Sem Vítimas,Pleno dia,Crescente,Céu Claro,Simples,Aclive,Não,1,0,0,0,1,0,0,1,-26.887014,-52.448372,SPRF-SC,DEL07-SC,UOP01-DEL07-SC,2021
"362231,0",2021-06-05,sábado,18:00:00,SC,101,"211,1",PALHOCA,Condutor deixou de manter distância do veículo da frente,Colisão traseira,Com Vítimas Feridas,Plena Noite,Decrescente,Céu Claro,Dupla,Em Obras;Reta,Sim,2,0,1,0,1,0,1,2,-27.62329313,-48.65245588,SPRF-SC,DEL01-SC,UOP02-DEL01-SC,2021
"362253,0",2021-06-05,sábado,19:20:00,SC,101,"217,4",PALHOCA,Ingestão de álcool pelo condutor,Colisão traseira,Com Vítimas Feridas,Plena Noite,Decrescente,Céu Claro,Dupla,Reta,Não,3,0,1,0,2,0,1,3,-27.66779034,-48.67393586,SPRF-SC,DEL01-SC,UOP02-DEL01-SC,2021