id,data_inversa,dia_semana,horario,uf,br,km,municipio,causa_acidente,tipo_acidente,classificacao_acidente,fase_dia,sentido_via,condicao_metereologica,tipo_pista,tracado_via,uso_solo,pessoas,mortos,feridos_leves,feridos_graves,ilesos,ignorados,feridos,veiculos,latitude,longitude,regional,delegacia,uop,ano_arquivo
"363115,0",2021-06-09,quarta-feira,20:00:00,SC,280,"130,5",RIO NEGRINHO,Reação tardia ou ineficiente do condutor,Queda de ocupante de veículo,Com Vítimas Feridas,Plena Noite,Decrescente,Céu Claro,Simples,Reta,Não,1,0,0,1,0,0,1,1,-26.2530246,-49.52924913,SPRF-SC,DEL06-SC,UOP03-DEL06-SC,2021
"363116,0",2021-06-09,quarta-feira,18:35:00,SC,101,"116,2",ITAJAI,Manobra de mudança de faixa,Colisão traseira,Com Vítimas Feridas,Plena Noite,Decrescente,Céu Claro,Múltipla,Reta,Sim,2,0,0,1,1,0,1,2,-26.87905605,-48.72603512,SPRF-SC,DEL04-SC,UOP04-DEL04-SC,2021
"363121,0",2021-06-09,quarta-feira,19:30:00,SC,101,"366,0",SANGAO,Condutor Dormindo,Saída de leito carroçável,Com Vítimas Feridas,Plena Noite,Crescente,Nublado,Dupla,Reta,Não,2,0,2,0,0,0,2,1,-28.69261201,-49.16747689,SPRF-SC,DEL02-SC,UOP01-DEL02-SC,2021
"363129,0",2021-06-09,quarta-feira,20:34:00,SC,101,"113,1",ITAJAI,Pista esburacada,Tombamento,Com Vítimas Feridas,Plena Noite,Crescente,Céu Claro,Dupla,Reta,Não,1,0,1,0,0,0,1,1,-26.85311393,-48.72689927,SPRF-SC,DEL04-SC,UOP04-DEL04-SC,2021
"363144,0",2021-06-09,quarta-feira,22:30:00,SC,101,"306,5",LAGUNA,Reação tardia ou ineficiente do condutor,Saída de leito carroçável,Sem Vítimas,Plena Noite,Crescente,Nublado,Múltipla,Reta,Não,1,0,0,0,0,1,0,1,-28.38437001,-48.77113299,SPRF-SC,DEL02-SC,UOP03-DEL02-SC,2021
"363145,0",2021-06-09,quarta-feira,23:10:00,SC,101,"428,5",SOMBRIO,Acumulo de areia ou detritos sobre o pavimento,Tombamento,Com Vítimas Feridas,Plena Noite,Crescente,Nevoeiro/Neblina,Múltipla,Reta,Não,1,0,1,0,0,0,1,1,-29.040103,-49.61249828,SPRF-SC,DEL02-SC,UOP02-DEL02-SC,2021
"363151,0",2021-06-09,quarta-feira,23:50:00,SC,116,"237,9",CORREIA PINTO,Mal súbito do condutor,Tombamento,Com Vítimas Feridas,Plena Noite,Decrescente,Céu Claro,Simples,Reta,Não,1,0,0,1,0,0,1,1,-27.73034899,-50.3359778,SPRF-SC,DEL05-SC,UOP01-DEL05-SC,2021
"363152,0",2021-06-10,quinta-feira,00:15:00,SC,101,"335,0",TUBARAO,Manobra de mudança de faixa,Saída de leito carroçável,Com Vítimas Feridas,Plena Noite,Crescente,Céu Claro,Dupla,Reta,Sim,2,0,0,1,0,1,1,2,-28.47311347,-49.02437375,SPRF-SC,DEL02-SC,UOP01-DEL02-SC,2021
"363156,0",2021-06-10,quinta-feira,00:30:00,SC,282,"516,5",XAXIM,Ingestão de álcool pelo condutor,Saída de leito carroçável,Sem Vítimas,Plena Noite,Decrescente,Céu Claro,Simples,Curva,Não,1,0,0,0,1,0,0,1,-26.930862,-52.499157,SPRF-SC,DEL07-SC,UOP01-DEL07-SC,2021
"363165,0",2021-06-10,quinta-feira,05:40:00,SC,101,"217,0",PALHOCA,Condutor Dormindo,Saída de leito carroçável,Com Vítimas Feridas,Plena Noite,Decrescente,Céu Claro,Dupla,Reta,Sim,1,0,1,0,0,0,1,1,-27.66779034,-48.67393586,SPRF-SC,DEL01-SC,UOP02-DEL01-SC,2021
"363177,0",2021-06-10,quinta-feira,06:40:00,SC,470,"92,0",APIUNA,Reação tardia ou ineficiente do condutor,Capotamento,Com Vítimas Feridas,Pleno dia,Decrescente,Sol,Simples,Reta,Não,1,0,1,0,0,0,1,1,-26.98592,-49.373047,SPRF-SC,DEL04-SC,UOP01-DEL04-SC,2021
"363179,0",2021-06-10,quinta-feira,07:35:00,SC,470,"54,1",BLUMENAU,Conversão proibida,Colisão transversal,Com Vítimas Feridas,Pleno dia,Crescente,Nublado,Simples,Curva;Interseção de Vias,Sim,2,0,1,0,1,0,1,2,-26.87161237,-49.11187118,SPRF-SC,DEL04-SC,UOP01-DEL04-SC,2021
"363234,0",2021-06-10,quinta-feira,10:30:00,SC,116,"192,5",PONTE ALTA,Velocidade Incompatível,Colisão frontal,Com Vítimas Feridas,Pleno dia,Decrescente,Chuva,Simples,Curva,Não,3,0,0,2,1,0,2,2,-27.36303564,-50.43355252,SPRF-SC,DEL05-SC,UOP03-DEL05-SC,2021
"363294,0",2021-06-10,quinta-feira,11:30:00,SC,163,"1,2",DIONISIO CERQUEIRA,Desrespeitar a preferência no cruzamento,Colisão transversal,Com Vítimas Feridas,Pleno dia,Decrescente,Céu Claro,Múltipla,Rotatória,Sim,2,0,1,0,1,0,1,2,-26.2613,-53.6206,SPRF-SC,DEL07-SC,UOP03-DEL07-SC,2021
"363313,0",2021-06-10,quinta-feira,18:20:00,SC,280,"125,0",RIO NEGRINHO,Conversão proibida,Colisão lateral sentido oposto,Com Vítimas Feridas,Plena Noite,Decrescente,Garoa/Chuvisco,Simples,Reta,Não,2,0,1,0,1,0,1,2,-26.23763684,-49.48434497,SPRF-SC,DEL06-SC,UOP03-DEL06-SC,2021
"363316,0",2021-06-10,quinta-feira,20:05:00,SC,101,"214,9",PALHOCA,Reação tardia ou ineficiente do condutor,Saída de leito carroçável,Com Vítimas Feridas,Plena Noite,Decrescente,Chuva,Dupla,Reta,Sim,1,0,1,0,0,0,1,1,-27.64443,-48.67057,SPRF-SC,DEL01-SC,UOP02-DEL01-SC,2021
"363353,0",2021-06-10,quinta-feira,23:45:00,SC,101,"334,5",TUBARAO,Manobra de mudança de faixa,Tombamento,Com Vítimas Feridas,Plena Noite,Crescente,Céu Claro,Dupla,Reta,Sim,2,0,2,0,0,0,2,1,-28.46730446,-49.00604302,SPRF-SC,DEL02-SC,UOP01-DEL02-SC,2021
"363358,0",2021-06-11,sexta-feira,02:05:00,SC,101,"134,2",BALNEARIO CAMBORIU,Ausência de reação do condutor,Colisão com objeto,Com Vítimas Feridas,Plena Noite,Decrescente,Garoa/Chuvisco,Simples,Curva,Sim,1,0,1,0,0,0,1,1,-27.00218,-48.636433,SPRF-SC,DEL04-SC,UOP03-DEL04-SC,2021
"363362,0",2021-06-10,quinta-feira,23:30:00,SC,280,"297,8",PORTO UNIAO,Transitar na contramão,Colisão frontal,Com Vítimas Feridas,Plena Noite,Crescente,Nevoeiro/Neblina,Simples,Curva,Não,5,0,2,2,1,0,4,2,-26.28202088,-50.9918289,SPRF-SC,DEL06-SC,UOP04-DEL06-SC,2021
"363378,0",2021-06-11,sexta-feira,07:45:00,SC,470,"57,5",BLUMENAU,Reação tardia ou ineficiente do condutor,Colisão lateral mesmo sentido,Com Vítimas Feridas,Pleno dia,Crescente,Céu Claro,Simples,Rotatória,Sim,2,0,1,0,1,0,1,2,-26.880428,-49.136532,SPRF-SC,DEL04-SC,UOP01-DEL04-SC,2021
"363395,0",2021-06-11,sexta-feira,08:20:00,SC,470,"135,9",RIO DO SUL,Condutor deixou de manter distância do veículo da frente,Colisão traseira,Sem Vítimas,Pleno dia,Crescente,Céu Claro,Simples,Reta,Sim,2,0,0,0,2,0,0,2,-27.188492,-49.61232,SPRF-SC,DEL04-SC,UOP02-DEL04-SC,2021
"363430,0",2021-05-01,sábado,21:30:00,SC,101,"89,8",BARRA VELHA,Ingestão de álcool pelo condutor,Colisão traseira,Com Vítimas Feridas,Plena Noite,Decrescente,Garoa/Chuvisco,Dupla,Reta,Sim,2,0,0,1,1,0,1,2,-26.65386414,-48.68713617,SPRF-SC,DEL03-SC,UOP02-DEL03-SC,2021
"363441,0",2021-06-11,sexta-feira,11:30:00,SC,282,"50,1",AGUAS MORNAS,Condutor deixou de manter distância do veículo da frente,Engavetamento,Com Vítimas Feridas,Pleno dia,Crescente,Sol,Simples,Reta;Aclive,Não,5,0,1,0,3,1,1,4,-27.708536,-48.952251,SPRF-SC,DEL01-SC,UOP03-DEL01-SC,2021
"363445,0",2021-06-11,sexta-feira,12:35:00,SC,101,"213,8",PALHOCA,Demais falhas mecânicas ou elétricas,Colisão com objeto,Com Vítimas Feridas,Pleno dia,Crescente,Céu Claro,Múltipla,Reta,Sim,1,0,1,0,0,0,1,1,-27.63697369,-48.66514142,SPRF-SC,DEL01-SC,UOP02-DEL01-SC,2021
"363451,0",2021-06-11,sexta-feira,08:40:00,SC,101,"113,4",ITAJAI,Manobra de mudança de faixa,Colisão lateral mesmo sentido,Com Vítimas Feridas,Pleno dia,Crescente,Céu Claro,Múltipla,Reta,Sim,2,0,0,1,0,1,1,2,-26.85311393,-48.72689927,SPRF-SC,DEL04-SC,UOP04-DEL04-SC,2021
"363452,0",2021-06-11,sexta-feira,12:10:00,SC,470,"123,1",IBIRAMA,Manobra de mudança de faixa,Colisão lateral mesmo sentido,Com Vítimas Feridas,Pleno dia,Decrescente,Sol,Dupla,Reta,Não,4,0,2,1,0,1,3,3,-27.106783,-49.522049,SPRF-SC,DEL04-SC,UOP02-DEL04-SC,2021
"363462,0",2021-06-05,sábado,19:15:00,SC,101,"309,0",LAGUNA,Velocidade Incompatível,Colisão traseira,Com Vítimas Feridas,Plena Noite,Decrescente,Nublado,Simples,Reta,Não,3,0,1,0,1,1,1,3,-28.40755485,-48.79169438,SPRF-SC,DEL02-SC,UOP01-DEL02-SC,2021
"363467,0",2021-06-11,sexta-feira,13:15:00,SC,470,"57,4",BLUMENAU,Ingestão de álcool pelo condutor,Colisão lateral mesmo sentido,Com Vítimas Feridas,Pleno dia,Decrescente,Céu Claro,Simples,Rotatória,Sim,2,0,1,0,1,0,1,2,-26.88104312,-49.13744688,SPRF-SC,DEL04-SC,UOP01-DEL04-SC,2021
"363468,0",2021-04-27,terça-feira,18:00:00,SC,101,"341,0",TUBARAO,Ultrapassagem Indevida,Colisão frontal,Com Vítimas Feridas,Anoitecer,Decrescente,Céu Claro,Simples,Curva,Sim,3,0,0,2,1,0,2,2,-28.50999405,-49.05070686,SPRF-SC,DEL02-SC,UOP01-DEL02-SC,2021
"363482,0",2021-06-11,sexta-feira,16:15:00,SC,282,"4,9",SAO JOSE,Trafegar com motocicleta (ou similar) entre as faixas,Colisão traseira,Com Vítimas Feridas,Pleno dia,Crescente,Sol,Dupla,Reta,Sim,2,0,1,0,1,0,1,2,-27.58930819,-48.6106503,SPRF-SC,DEL01-SC,UOP01-DEL01-SC,2021
"363491,0",2021-06-11,sexta-feira,16:00:00,SC,101,"72,0",ARAQUARI,Demais falhas mecânicas ou elétricas,Tombamento,Com Vítimas Feridas,Pleno dia,Crescente,Sol,Dupla,Reta,Não,1,0,1,0,0,0,1,1,-26.52700004,-48.71551117,SPRF-SC,DEL03-SC,UOP02-DEL03-SC,2021
"363504,0",2021-06-11,sexta-feira,17:50:00,SC,282,"19,2",PALHOCA,Pedestre cruzava a pista fora da faixa,Atropelamento de Pedestre,Com Vítimas Feridas,Anoitecer,Crescente,Céu Claro,Simples,Aclive,Não,2,0,0,1,1,0,1,2,-27.678635,-48.70192,SPRF-SC,DEL01-SC,UOP02-DEL01-SC,2021
"363510,0",2021-06-11,sexta-feira,17:20:00,SC,480,"130,0",CHAPECO,Desrespeitar a preferência no cruzamento,Colisão transversal,Com Vítimas Feridas,Pleno dia,Decrescente,Céu Claro,Simples,Interseção de Vias,Não,2,0,0,1,1,0,1,2,-27.05534739,-52.63627237,SPRF-SC,DEL07-SC,UOP01-DEL07-SC,2021
"363533,0",2021-06-11,sexta-feira,19:52:00,SC,101,"215,1",PALHOCA,Frear bruscamente,Queda de ocupante de veículo,Com Vítimas Feridas,Pleno dia,Decrescente,Céu Claro,Simples,Retorno Regulamentado,Sim,2,0,1,0,1,0,1,1,-27.65184843,-48.67604941,SPRF-SC,DEL01-SC,UOP02-DEL01-SC,2021
"363534,0",2021-06-11,sexta-feira,17:20:00,SC,101,"141,0",BALNEARIO CAMBORIU,Ausência de reação do condutor,Tombamento,Com Vítimas Feridas,Anoitecer,Crescente,Céu Claro,Dupla,Declive,Não,1,0,0,1,0,0,1,1,-27.05385878,-48.60045522,SPRF-SC,DEL04-SC,UOP03-DEL04-SC,2021
"363545,0",2021-06-11,sexta-feira,20:40:00,SC,101,"113,6",ITAJAI,Ausência de reação do condutor,Tombamento,Com Vítimas Feridas,Plena Noite,Decrescente,Céu Claro,Múltipla,Reta,Sim,1,0,1,0,0,0,1,1,-26.91383312,-48.71800907,SPRF-SC,DEL04-SC,UOP04-DEL04-SC,2021
"363558,0",2021-06-11,sexta-feira,20:15:00,SC,101,"400,5",MARACAJA,Pedestre cruzava a pista fora da faixa,Atropelamento de Pedestre,Com Vítimas Feridas,Plena Noite,Crescente,Céu Claro,Múltipla,Reta,Sim,2,0,0,1,1,0,1,2,-28.86824049,-49.44946289,SPRF-SC,DEL02-SC,UOP02-DEL02-SC,2021
"363565,0",2021-06-11,sexta-feira,20:25:00,SC,101,"61,8",ARAQUARI,Deficiência do Sistema de Iluminação/Sinalização,Colisão traseira,Com Vítimas Feridas,Plena Noite,Crescente,Céu Claro,Simples,Reta,Não,4,0,0,2,0,2,2,3,-26.45484575,-48.77107322,SPRF-SC,DEL03-SC,UOP02-DEL03-SC,2021
"363574,0",2021-06-11,sexta-feira,22:46:00,SC,116,"141,9",SANTA CECILIA,Transitar na contramão,Colisão frontal,Sem Vítimas,Plena Noite,Crescente,Céu Claro,Simples,Curva,Sim,2,0,0,0,1,1,0,2,-26.97282394,-50.40309796,SPRF-SC,DEL06-SC,UOP02-DEL06-SC,2021
"363585,0",2021-06-12,sábado,01:30:00,SC,101,"204,1",SAO JOSE,Ingestão de álcool pelo condutor,Colisão com objeto,Sem Vítimas,Plena Noite,Decrescente,Céu Claro,Múltipla,Curva,Sim,1,0,0,0,1,0,0,1,-27.57413014,-48.61363083,SPRF-SC,DEL01-SC,UOP01-DEL01-SC,2021
"363593,0",2021-06-12,sábado,04:05:00,SC,101,"148,8",ITAPEMA,Ingestão de álcool pelo condutor,Colisão com objeto,Com Vítimas Feridas,Plena Noite,Decrescente,Céu Claro,Múltipla,Reta,Sim,1,0,1,0,0,0,1,1,-27.10123686,-48.61807962,SPRF-SC,DEL04-SC,UOP03-DEL04-SC,2021
"363608,0",2021-06-12,sábado,06:05:00,SC,163,"79,2",SAO MIGUEL DO OESTE,Ausência de sinalização,Saída de leito carroçável,Com Vítimas Feridas,Amanhecer,Crescente,Céu Claro,Simples,Rotatória,Não,1,0,1,0,0,0,1,1,-26.656338,-53.51723671,SPRF-SC,DEL07-SC,UOP03-DEL07-SC,2021
"363611,0",2021-06-12,sábado,01:30:00,SC,101,"130,0",BALNEARIO CAMBORIU,Chuva,Tombamento,Com Vítimas Feridas,Plena Noite,Decrescente,Garoa/Chuvisco,Dupla,Reta,Sim,1,0,1,0,0,0,1,1,-26.98407618,-48.66977107,SPRF-SC,DEL04-SC,UOP03-DEL04-SC,2021
"363622,0",2021-05-07,sexta-feira,18:20:00,SC,101,"121,8",ITAJAI,Condutor deixou de manter distância do veículo da frente,Engavetamento,Com Vítimas Feridas,Plena Noite,Decrescente,Céu Claro,Múltipla,Reta,Sim,3,0,2,0,1,0,2,3,-26.92103178,-48.70856446,SPRF-SC,DEL04-SC,UOP04-DEL04-SC,2021
"363639,0",2021-06-12,sábado,10:10:00,SC,101,"139,5",BALNEARIO CAMBORIU,Reação tardia ou ineficiente do condutor,Tombamento,Com Vítimas Feridas,Pleno dia,Crescente,Sol,Dupla,Aclive,Não,1,0,1,0,0,0,1,1,-27.03903579,-48.60017359,SPRF-SC,DEL04-SC,UOP03-DEL04-SC,2021
"363641,0",2021-06-12,sábado,05:15:00,SC,101,"135,0",BALNEARIO CAMBORIU,Ausência de reação do condutor,Colisão com objeto,Sem Vítimas,Plena Noite,Decrescente,Nublado,Dupla,Reta,Não,1,0,0,0,0,1,0,1,-27.0050108,-48.62677494,SPRF-SC,DEL04-SC,UOP03-DEL04-SC,2021
"363643,0",2021-06-12,sábado,09:05:00,SC,101,"210,5",SAO JOSE,Condutor deixou de manter distância do veículo da frente,Colisão traseira,Com Vítimas Feridas,Pleno dia,Crescente,Céu Claro,Dupla,Reta,Sim,4,0,1,0,3,0,1,2,-27.6167305,-48.6457265,SPRF-SC,DEL01-SC,UOP01-DEL01-SC,2021
"363645,0",2021-06-12,sábado,10:45:00,SC,101,"434,7",SOMBRIO,Desrespeitar a preferência no cruzamento,Colisão transversal,Com Vítimas Feridas,Pleno dia,Decrescente,Céu Claro,Múltipla,Viaduto,Sim,3,0,1,0,2,0,1,2,-29.09168952,-49.63279724,SPRF-SC,DEL02-SC,UOP02-DEL02-SC,2021
"363659,0",2021-06-12,sábado,11:15:00,SC,101,"27,0",JOINVILLE,Manobra de mudança de faixa,Colisão com objeto,Sem Vítimas,Pleno dia,Decrescente,Céu Claro,Dupla,Reta,Não,1,0,0,0,1,0,0,1,-26.20130351,-48.91331794,SPRF-SC,DEL03-SC,UOP01-DEL03-SC,2021
"363667,0",2021-06-12,sábado,13:00:00,SC,282,"1,0",FLORIANOPOLIS,Condutor deixou de manter distância do veículo da frente,Colisão lateral mesmo sentido,Com Vítimas Feridas,Pleno dia,Crescente,Sol,Dupla,Reta,Não,2,0,1,0,1,0,1,2,-27.602955,-48.580509,SPRF-SC,DEL01-SC,UOP01-DEL01-SC,2021
"363687,0",2021-06-12,sábado,14:45:00,SC,101,"287,9",IMBITUBA,Acessar a via sem observar a presença dos outros veículos,Colisão lateral mesmo sentido,Com Vítimas Feridas,Pleno dia,Crescente,Céu Claro,Simples,Interseção de Vias;Declive;Curva,Sim,3,0,1,0,2,0,1,2,-28.23766496,-48.70059767,SPRF-SC,DEL02-SC,UOP03-DEL02-SC,2021
"363688,0",2021-06-12,sábado,15:45:00,SC,101,"119,0",ITAJAI,Condutor deixou de manter distância do veículo da frente,Colisão traseira,Com Vítimas Feridas,Pleno dia,Crescente,Céu Claro,Múltipla,Reta,Sim,4,0,1,0,3,0,1,2,-26.9043179,-48.71555481,SPRF-SC,DEL04-SC,UOP04-DEL04-SC,2021
"363701,0",2021-06-12,sábado,16:00:00,SC,101,"384,1",ICARA,Manobra de mudança de faixa,Colisão lateral mesmo sentido,Com Vítimas Feridas,Pleno dia,Crescente,Sol,Dupla,Curva,Sim,3,0,2,0,1,0,2,2,-28.77690863,-49.32053631,SPRF-SC,DEL02-SC,UOP02-DEL02-SC,2021
"363708,0",2021-06-12,sábado,14:20:00,SC,282,"564,0",NOVA ERECHIM,Ingestão de álcool pelo condutor,Colisão frontal,Com Vítimas Fatais,Pleno dia,Crescente,Céu Claro,Simples,Reta,Não,4,1,2,1,0,0,3,3,-26.90385,-52.8680665,SPRF-SC,DEL07-SC,UOP02-DEL07-SC,2021
"363738,0",2021-06-12,sábado,18:10:00,SC,280,"75,0",JARAGUA DO SUL,Acessar a via sem observar a presença dos outros veículos,Colisão transversal,Com Vítimas Feridas,Plena Noite,Crescente,Céu Claro,Simples,Reta,Sim,2,0,2,0,0,0,2,1,-26.458391,-49.170483,SPRF-SC,DEL03-SC,UOP03-DEL03-SC,2021
"363743,0",2021-06-12,sábado,18:55:00,SC,101,"147,5",ITAPEMA,Condutor deixou de manter distância do veículo da frente,Colisão traseira,Com Vítimas Feridas,Plena Noite,Decrescente,Nublado,Múltipla,Reta,Sim,2,0,1,0,1,0,1,2,-27.09237407,-48.61730888,SPRF-SC,DEL04-SC,UOP03-DEL04-SC,2021
"363762,0",2021-06-12,sábado,20:00:00,SC,282,"502,4",XANXERE,Desrespeitar a preferência no cruzamento,Colisão transversal,Com Vítimas Feridas,Plena Noite,Decrescente,Nublado,Simples,Interseção de Vias,Sim,2,0,1,0,1,0,1,2,-26.88282483,-52.38124609,SPRF-SC,DEL07-SC,UOP01-DEL07-SC,2021
"363786,0",2021-06-12,sábado,21:10:00,SC,101,"326,8",CAPIVARI DE BAIXO,Ingestão de álcool pelo condutor,Saída de leito carroçável,Com Vítimas Feridas,Plena Noite,Decrescente,Céu Claro,Dupla,Aclive,Não,2,0,2,0,0,0,2,1,-28.43583045,-48.95924091,SPRF-SC,DEL02-SC,UOP01-DEL02-SC,2021
"363795,0",2021-06-12,sábado,20:20:00,SC,101,"403,0",MARACAJA,Ingestão de álcool pelo condutor,Saída de leito carroçável,Sem Vítimas,Plena Noite,Decrescente,Céu Claro,Dupla,Reta,Não,1,0,0,0,1,0,0,1,-28.87065022,-49.45169172,SPRF-SC,DEL02-SC,UOP02-DEL02-SC,2021
"363803,0",2021-06-12,sábado,23:45:00,SC,101,"148,5",ITAPEMA,Ausência de reação do condutor,Tombamento,Com Vítimas Feridas,Plena Noite,Decrescente,Céu Claro,Múltipla,Reta,Sim,1,0,1,0,0,0,1,1,-27.10123686,-48.61807962,SPRF-SC,DEL04-SC,UOP03-DEL04-SC,2021
"363805,0",2021-06-12,sábado,23:55:00,SC,101,"208,0",SAO JOSE,Condutor deixou de manter distância do veículo da frente,Colisão traseira,Sem Vítimas,Plena Noite,Decrescente,Nublado,Dupla,Reta,Não,2,0,0,0,2,0,0,2,-27.60327979,-48.63201818,SPRF-SC,DEL01-SC,UOP01-DEL01-SC,2021
"363809,0",2021-06-12,sábado,22:30:00,SC,163,"1,4",DIONISIO CERQUEIRA,Ausência de reação do condutor,Saída de leito carroçável,Sem Vítimas,Plena Noite,Crescente,Céu Claro,Simples,Declive;Reta,Sim,1,0,0,0,0,1,0,1,-26.2613,-53.6206,SPRF-SC,DEL07-SC,UOP03-DEL07-SC,2021
"363813,0",2021-06-13,domingo,01:45:00,SC,101,"214,0",PALHOCA,Ingestão de álcool pelo condutor,Colisão com objeto,Sem Vítimas,Plena Noite,Decrescente,Céu Claro,Dupla,Reta,Não,1,0,0,0,1,0,0,1,-27.64443,-48.67057,SPRF-SC,DEL01-SC,UOP02-DEL01-SC,2021
"363819,0",2021-06-13,domingo,02:00:00,SC,282,"106,0",ALFREDO WAGNER,Ingestão de álcool pelo condutor,Colisão lateral sentido oposto,Com Vítimas Feridas,Plena Noite,Crescente,Céu Claro,Simples,Curva,Não,3,0,2,0,1,0,2,3,-27.697609,-49.344734,SPRF-SC,DEL01-SC,UOP03-DEL01-SC,2021
"363825,0",2021-06-13,domingo,04:15:00,SC,101,"204,4",SAO JOSE,Demais falhas mecânicas ou elétricas,Colisão com objeto,Sem Vítimas,Plena Noite,Crescente,Céu Claro,Dupla,Reta,Sim,2,0,0,0,2,0,0,1,-27.57413014,-48.61363083,SPRF-SC,DEL01-SC,UOP01-DEL01-SC,2021
"363836,0",2021-06-13,domingo,03:20:00,SC,116,"59,9",PAPANDUVA,Ausência de reação do condutor,Colisão com objeto,Com Vítimas Feridas,Plena Noite,Crescente,Nevoeiro/Neblina,Simples,Interseção de Vias,Não,2,0,1,0,1,0,1,1,-26.38233554,-50.21575928,SPRF-SC,DEL06-SC,UOP02-DEL06-SC,2021
"363845,0",2021-06-13,domingo,07:30:00,SC,282,"516,4",XAXIM,Ultrapassagem Indevida,Colisão lateral sentido oposto,Sem Vítimas,Amanhecer,Crescente,Céu Claro,Dupla,Aclive,Não,3,0,0,0,3,0,0,1,-26.930862,-52.499157,SPRF-SC,DEL07-SC,UOP01-DEL07-SC,2021
"363878,0",2021-06-13,domingo,11:18:00,SC,101,"127,9",BALNEARIO CAMBORIU,Ausência de reação do condutor,Engavetamento,Com Vítimas Feridas,Pleno dia,Decrescente,Céu Claro,Dupla,Reta,Não,5,0,3,0,2,0,3,3,-26.9639319,-48.68328024,SPRF-SC,DEL04-SC,UOP04-DEL04-SC,2021
"363897,0",2021-06-13,domingo,09:00:00,SC,282,"137,6",BOM RETIRO,Reação tardia ou ineficiente do condutor,Colisão com objeto,Com Vítimas Feridas,Pleno dia,Decrescente,Céu Claro,Simples,Rotatória,Sim,2,0,1,0,1,0,1,2,-27.82497259,-49.56590831,SPRF-SC,DEL05-SC,UOP01-DEL05-SC,2021
"363902,0",2021-06-13,domingo,10:50:00,SC,470,"190,3",POUSO REDONDO,Afundamento ou ondulação no pavimento,Tombamento,Com Vítimas Feridas,Pleno dia,Crescente,Céu Claro,Simples,Aclive;Curva,Não,2,0,2,0,0,0,2,1,-27.281504,-50.069775,SPRF-SC,DEL04-SC,UOP02-DEL04-SC,2021
"363904,0",2021-06-13,domingo,14:09:00,SC,282,"5,8",SAO JOSE,Reação tardia ou ineficiente do condutor,Colisão com objeto,Com Vítimas Feridas,Pleno dia,Decrescente,Céu Claro,Dupla,Curva,Sim,2,0,1,1,0,0,2,2,-27.588425,-48.612919,SPRF-SC,DEL01-SC,UOP01-DEL01-SC,2021
"363918,0",2021-06-13,domingo,15:10:00,SC,280,"105,3",SAO BENTO DO SUL,Acessar a via sem observar a presença dos outros veículos,Colisão traseira,Com Vítimas Feridas,Pleno dia,Crescente,Céu Claro,Simples,Reta,Não,3,0,3,0,0,0,3,2,-26.35641481,-49.36407482,SPRF-SC,DEL06-SC,UOP03-DEL06-SC,2021
"363923,0",2021-06-13,domingo,16:20:00,SC,101,"111,5",NAVEGANTES,Velocidade Incompatível,Tombamento,Com Vítimas Feridas,Pleno dia,Decrescente,Céu Claro,Simples,Curva,Sim,1,0,1,0,0,0,1,1,-26.83955734,-48.71418074,SPRF-SC,DEL04-SC,UOP04-DEL04-SC,2021
"363941,0",2021-06-13,domingo,15:00:00,SC,470,"257,8",CURITIBANOS,Falta de elemento de contenção que evite a saída do leito carroçável,Saída de leito carroçável,Com Vítimas Feridas,Pleno dia,Crescente,Céu Claro,Simples,Declive,Não,2,0,1,0,1,0,1,1,-27.308815,-50.641468,SPRF-SC,DEL05-SC,UOP03-DEL05-SC,2021
"363949,0",2021-06-13,domingo,18:20:00,SC,101,"276,7",IMBITUBA,Acessar a via sem observar a presença dos outros veículos,Colisão transversal,Sem Vítimas,Plena Noite,Crescente,Céu Claro,Múltipla,Interseção de Vias,Não,6,0,0,0,5,1,0,2,-28.16472299,-48.69386315,SPRF-SC,DEL02-SC,UOP03-DEL02-SC,2021
"363953,0",2021-06-13,domingo,16:45:00,SC,282,"466,1",PASSOS MAIA,Ultrapassagem Indevida,Colisão frontal,Com Vítimas Fatais,Pleno dia,Crescente,Céu Claro,Simples,Reta,Não,2,1,0,0,1,0,0,2,-26.8540096,-52.0615531,SPRF-SC,DEL07-SC,UOP04-DEL07-SC,2021
"363965,0",2021-06-13,domingo,18:50:00,SC,280,"56,8",GUARAMIRIM,Transitar na contramão,Colisão frontal,Com Vítimas Fatais,Plena Noite,Decrescente,Nublado,Simples,Ponte,Sim,2,1,1,0,0,0,1,2,-26.477008,-49.014567,SPRF-SC,DEL03-SC,UOP03-DEL03-SC,2021
"363972,0",2021-06-13,domingo,19:00:00,SC,101,"144,1",ITAPEMA,Velocidade Incompatível,Colisão traseira,Com Vítimas Feridas,Plena Noite,Decrescente,Céu Claro,Dupla,Reta,Não,2,0,1,0,1,0,1,2,-27.0732659,-48.59672716,SPRF-SC,DEL04-SC,UOP03-DEL04-SC,2021
"363973,0",2021-06-13,domingo,19:35:00,SC,282,"17,2",PALHOCA,Ingestão de álcool pelo condutor,Colisão transversal,Com Vítimas Feridas,Plena Noite,Decrescente,Céu Claro,Simples,Reta,Sim,2,0,1,0,1,0,1,2,-27.665707,-48.688065,SPRF-SC,DEL01-SC,UOP02-DEL01-SC,2021
"363980,0",2021-06-13,domingo,17:10:00,SC,470,"7,4",NAVEGANTES,Restrição de visibilidade em curvas horizontais,Colisão traseira,Com Vítimas Feridas,Anoitecer,Crescente,Céu Claro,Simples,Curva,Não,2,0,1,0,1,0,1,2,-26.84499,-48.71505,SPRF-SC,DEL04-SC,UOP04-DEL04-SC,2021