id,data_inversa,dia_semana,horario,uf,br,km,municipio,causa_acidente,tipo_acidente,classificacao_acidente,fase_dia,sentido_via,condicao_metereologica,tipo_pista,tracado_via,uso_solo,pessoas,mortos,feridos_leves,feridos_graves,ilesos,ignorados,feridos,veiculos,latitude,longitude,regional,delegacia,uop,ano_arquivo
"363986,0",2021-06-13,domingo,19:05:00,SC,470,"20,0",ILHOTA,Ingestão de álcool pelo condutor,Saída de leito carroçável,Sem Vítimas,Plena Noite,Decrescente,Nublado,Simples,Reta,Não,1,0,0,0,1,0,0,1,-26.870115,-48.820484,SPRF-SC,DEL04-SC,UOP04-DEL04-SC,2021
"363993,0",2021-06-13,domingo,20:00:00,SC,101,"406,0",ARARANGUA,Manobra de mudança de faixa,Colisão transversal,Com Vítimas Feridas,Plena Noite,Decrescente,Céu Claro,Dupla,Reta,Não,4,0,4,0,0,0,4,2,-28.91387936,-49.48547423,SPRF-SC,DEL02-SC,UOP02-DEL02-SC,2021
"364011,0",2021-05-03,segunda-feira,06:20:00,SC,470,"242,7",CURITIBANOS,Velocidade Incompatível,Capotamento,Com Vítimas Feridas,Amanhecer,Decrescente,Nevoeiro/Neblina,Simples,Rotatória,Não,1,0,1,0,0,0,1,1,-27.311794,-50.498703,SPRF-SC,DEL05-SC,UOP03-DEL05-SC,2021
"364016,0",2021-04-30,sexta-feira,07:00:00,SC,470,"67,4",INDAIAL,Acessar a via sem observar a presença dos outros veículos,Colisão transversal,Com Vítimas Feridas,Pleno dia,Decrescente,Sol,Simples,Reta,Sim,2,0,1,0,1,0,1,2,-26.872158,-49.23127,SPRF-SC,DEL04-SC,UOP01-DEL04-SC,2021
"364019,0",2021-04-30,sexta-feira,17:47:00,SC,470,"60,8",BLUMENAU,Ultrapassagem Indevida,Colisão transversal,Com Vítimas Feridas,Anoitecer,Crescente,Céu Claro,Simples,Reta,Sim,3,0,0,1,1,1,1,3,-26.88138,-49.164543,SPRF-SC,DEL04-SC,UOP01-DEL04-SC,2021
"364026,0",2021-04-19,segunda-feira,06:50:00,SC,470,"57,3",BLUMENAU,Conversão proibida,Colisão lateral mesmo sentido,Com Vítimas Feridas,Pleno dia,Decrescente,Sol,Simples,Reta,Sim,2,0,0,1,1,0,1,2,-26.880428,-49.136532,SPRF-SC,DEL04-SC,UOP01-DEL04-SC,2021
"364033,0",2021-06-13,domingo,23:40:00,SC,470,"38,8",GASPAR,Iluminação deficiente,Queda de ocupante de veículo,Com Vítimas Feridas,Plena Noite,Crescente,Nublado,Simples,Curva,Não,1,0,0,1,0,0,1,1,-26.904108,-48.980164,SPRF-SC,DEL04-SC,UOP01-DEL04-SC,2021
"364064,0",2021-06-14,segunda-feira,06:00:00,SC,101,"191,2",BIGUACU,Velocidade Incompatível,Colisão traseira,Com Vítimas Feridas,Amanhecer,Crescente,Nublado,Dupla,Curva,Sim,1,0,0,1,0,0,1,1,-27.47730273,-48.64127329,SPRF-SC,DEL01-SC,UOP01-DEL01-SC,2021
"364073,0",2021-06-13,domingo,19:00:00,SC,116,"43,7",ITAIOPOLIS,Ingestão de álcool pelo condutor,Colisão transversal,Com Vítimas Feridas,Plena Noite,Decrescente,Céu Claro,Simples,Declive;Curva,Não,2,0,1,0,1,0,1,2,-26.33660064,-50.08635342,SPRF-SC,DEL06-SC,UOP01-DEL06-SC,2021
"364094,0",2021-06-14,segunda-feira,07:30:00,SC,470,"67,0",INDAIAL,Conversão proibida,Colisão transversal,Com Vítimas Feridas,Pleno dia,Decrescente,Céu Claro,Simples,Desvio Temporário,Sim,2,0,0,1,1,0,1,2,-26.872158,-49.23127,SPRF-SC,DEL04-SC,UOP01-DEL04-SC,2021
"364130,0",2021-06-14,segunda-feira,09:30:00,SC,101,"36,8",JOINVILLE,Pista Escorregadia,Tombamento,Com Vítimas Feridas,Pleno dia,Decrescente,Sol,Dupla,Interseção de Vias,Sim,1,0,1,0,0,0,1,1,-26.24573198,-48.9101069,SPRF-SC,DEL03-SC,UOP01-DEL03-SC,2021
"364139,0",2021-06-14,segunda-feira,11:05:00,SC,101,"207,3",SAO JOSE,Reação tardia ou ineficiente do condutor,Colisão traseira,Com Vítimas Feridas,Pleno dia,Crescente,Céu Claro,Múltipla,Reta,Sim,2,0,1,0,1,0,1,2,-27.60001226,-48.6226467,SPRF-SC,DEL01-SC,UOP01-DEL01-SC,2021
"364159,0",2021-06-14,segunda-feira,13:30:00,SC,101,"194,0",BIGUACU,Reação tardia ou ineficiente do condutor,Colisão transversal,Com Vítimas Feridas,Pleno dia,Decrescente,Sol,Simples,Viaduto,Sim,3,0,2,0,1,0,2,2,-27.49815117,-48.65661236,SPRF-SC,DEL01-SC,UOP01-DEL01-SC,2021
"364174,0",2021-06-14,segunda-feira,15:00:00,SC,101,"203,0",SAO JOSE,Condutor deixou de manter distância do veículo da frente,Colisão traseira,Com Vítimas Feridas,Pleno dia,Decrescente,Céu Claro,Múltipla,Reta,Sim,2,0,1,0,1,0,1,2,-27.5650044,-48.61460082,SPRF-SC,DEL01-SC,UOP01-DEL01-SC,2021
"364194,0",2021-06-14,segunda-feira,16:45:00,SC,101,"47,5",JOINVILLE,Reação tardia ou ineficiente do condutor,Colisão traseira,Com Vítimas Feridas,Pleno dia,Crescente,Céu Claro,Simples,Reta,Não,2,0,1,0,1,0,1,2,-26.34234997,-48.85840089,SPRF-SC,DEL03-SC,UOP01-DEL03-SC,2021
"364205,0",2021-06-14,segunda-feira,15:45:00,SC,116,"0,6",MAFRA,Condutor deixou de manter distância do veículo da frente,Colisão traseira,Com Vítimas Feridas,Pleno dia,Decrescente,Sol,Simples,Declive;Reta,Sim,2,0,1,0,1,0,1,2,-26.108942,-49.784187,SPRF-SC,DEL06-SC,UOP01-DEL06-SC,2021
"364214,0",2021-06-14,segunda-feira,18:30:00,SC,470,"135,7",RIO DO SUL,Desrespeitar a preferência no cruzamento,Colisão transversal,Com Vítimas Feridas,Plena Noite,Crescente,Céu Claro,Simples,Interseção de Vias,Sim,2,0,1,0,1,0,1,2,-27.188492,-49.61232,SPRF-SC,DEL04-SC,UOP02-DEL04-SC,2021
"364215,0",2021-06-14,segunda-feira,18:00:00,SC,470,"35,0",GASPAR,Ausência de reação do condutor,Colisão transversal,Com Vítimas Feridas,Anoitecer,Decrescente,Céu Claro,Simples,Interseção de Vias,Não,6,0,1,3,2,0,4,4,-26.912857,-48.958965,SPRF-SC,DEL04-SC,UOP01-DEL04-SC,2021
"364255,0",2021-06-14,segunda-feira,20:00:00,SC,101,"51,0",JOINVILLE,Reação tardia ou ineficiente do condutor,Saída de leito carroçável,Com Vítimas Feridas,Plena Noite,Decrescente,Céu Claro,Dupla,Reta,Não,1,0,1,0,0,0,1,1,-26.38506771,-48.84917582,SPRF-SC,DEL03-SC,UOP01-DEL03-SC,2021
"364267,0",2021-06-15,terça-feira,01:20:00,SC,101,"215,0",PALHOCA,Ingestão de álcool pelo condutor,Colisão com objeto,Com Vítimas Feridas,Plena Noite,Decrescente,Céu Claro,Múltipla,Reta,Sim,2,0,0,1,1,0,1,1,-27.65253248,-48.67623568,SPRF-SC,DEL01-SC,UOP02-DEL01-SC,2021
"364282,0",2021-06-15,terça-feira,07:05:00,SC,101,"213,8",PALHOCA,Ausência de reação do condutor,Colisão traseira,Com Vítimas Feridas,Pleno dia,Decrescente,Céu Claro,Múltipla,Reta,Sim,2,0,0,1,1,0,1,2,-27.63697369,-48.66514142,SPRF-SC,DEL01-SC,UOP02-DEL01-SC,2021
"364286,0",2021-06-15,terça-feira,07:30:00,SC,101,"215,5",PALHOCA,Desrespeitar a preferência no cruzamento,Colisão transversal,Com Vítimas Feridas,Pleno dia,Crescente,Céu Claro,Simples,Rotatória,Não,2,0,1,0,1,0,1,2,-27.65184843,-48.67604941,SPRF-SC,DEL01-SC,UOP02-DEL01-SC,2021
"364306,0",2021-06-15,terça-feira,09:15:00,SC,101,"215,8",PALHOCA,Condutor deixou de manter distância do veículo da frente,Colisão traseira,Com Vítimas Feridas,Pleno dia,Crescente,Céu Claro,Dupla,Reta,Sim,3,0,1,0,2,0,1,2,-27.65184843,-48.67604941,SPRF-SC,DEL01-SC,UOP02-DEL01-SC,2021
"364312,0",2021-06-15,terça-feira,06:40:00,SC,280,"71,9",JARAGUA DO SUL,Reação tardia ou ineficiente do condutor,Colisão lateral mesmo sentido,Com Vítimas Feridas,Amanhecer,Crescente,Nublado,Simples,Reta;Aclive,Não,3,0,0,1,2,0,1,3,-26.45918204,-49.15212393,SPRF-SC,DEL03-SC,UOP03-DEL03-SC,2021
"364328,0",2021-06-15,terça-feira,07:08:00,SC,101,"333,7",TUBARAO,Entrada inopinada do pedestre,Atropelamento de Pedestre,Com Vítimas Feridas,Pleno dia,Crescente,Céu Claro,Simples,Viaduto,Não,2,0,0,1,0,1,1,2,-28.4689931,-49.01721954,SPRF-SC,DEL02-SC,UOP01-DEL02-SC,2021
"364337,0",2021-06-15,terça-feira,12:10:00,SC,280,"113,0",SAO BENTO DO SUL,Condutor deixou de manter distância do veículo da frente,Colisão traseira,Com Vítimas Feridas,Pleno dia,Decrescente,Céu Claro,Simples,Interseção de Vias,Não,7,0,0,2,4,1,2,4,-26.28245867,-49.4137466,SPRF-SC,DEL06-SC,UOP03-DEL06-SC,2021
"364344,0",2021-06-15,terça-feira,12:45:00,SC,101,"87,0",BARRA VELHA,Reação tardia ou ineficiente do condutor,Colisão frontal,Com Vítimas Feridas,Pleno dia,Crescente,Sol,Dupla,Interseção de Vias,Sim,2,0,0,1,1,0,1,2,-26.63713377,-48.69651057,SPRF-SC,DEL03-SC,UOP02-DEL03-SC,2021
"364350,0",2021-06-15,terça-feira,14:05:00,SC,101,"202,7",SAO JOSE,Transitar na contramão,Colisão lateral sentido oposto,Com Vítimas Feridas,Pleno dia,Crescente,Céu Claro,Dupla,Reta,Sim,2,0,0,1,1,0,1,2,-27.55711595,-48.61897889,SPRF-SC,DEL01-SC,UOP01-DEL01-SC,2021
"364355,0",2021-06-15,terça-feira,14:45:00,SC,280,"22,0",ARAQUARI,Reação tardia ou ineficiente do condutor,Colisão transversal,Com Vítimas Feridas,Pleno dia,Crescente,Céu Claro,Simples,Reta,Sim,2,0,0,1,1,0,1,2,-26.37092616,-48.70204099,SPRF-SC,DEL03-SC,UOP03-DEL03-SC,2021
"364368,0",2021-06-15,terça-feira,15:39:00,SC,101,"208,7",SAO JOSE,Velocidade Incompatível,Colisão lateral mesmo sentido,Com Vítimas Feridas,Pleno dia,Decrescente,Céu Claro,Múltipla,Reta,Sim,2,0,1,0,0,1,1,2,-27.60327979,-48.63201818,SPRF-SC,DEL01-SC,UOP01-DEL01-SC,2021
"364376,0",2021-06-15,terça-feira,13:35:00,SC,470,"149,0",AGRONOMICA,Retorno proibido,Colisão lateral mesmo sentido,Com Vítimas Feridas,Pleno dia,Crescente,Sol,Simples,Reta,Sim,4,0,2,0,2,0,2,2,-27.25371395,-49.70369339,SPRF-SC,DEL04-SC,UOP02-DEL04-SC,2021
"364389,0",2021-06-15,terça-feira,16:20:00,SC,282,"207,0",LAGES,Velocidade Incompatível,Colisão com objeto,Com Vítimas Feridas,Pleno dia,Decrescente,Céu Claro,Simples,Interseção de Vias;Rotatória,Não,2,0,1,0,0,1,1,2,-27.77373769,-50.20227313,SPRF-SC,DEL05-SC,UOP01-DEL05-SC,2021
"364400,0",2021-06-15,terça-feira,18:10:00,SC,101,"275,6",IMBITUBA,Ingestão de álcool pelo condutor,Saída de leito carroçável,Com Vítimas Feridas,Plena Noite,Crescente,Nublado,Múltipla,Reta,Sim,1,0,1,0,0,0,1,1,-28.138086,-48.69218292,SPRF-SC,DEL02-SC,UOP03-DEL02-SC,2021
"364406,0",2021-06-15,terça-feira,15:02:00,SC,282,"642,5",SAO MIGUEL DO OESTE,Ausência de reação do condutor,Saída de leito carroçável,Com Vítimas Feridas,Pleno dia,Crescente,Céu Claro,Simples,Curva,Não,1,0,1,0,0,0,1,1,-26.772327,-53.461613,SPRF-SC,DEL07-SC,UOP03-DEL07-SC,2021
"364414,0",2021-06-15,terça-feira,15:02:00,SC,280,"167,7",MAFRA,Ausência de reação do condutor,Colisão traseira,Com Vítimas Feridas,Pleno dia,Crescente,Sol,Simples,Reta,Sim,2,0,0,1,1,0,1,2,-26.16857105,-49.81820938,SPRF-SC,DEL06-SC,UOP01-DEL06-SC,2021
"364419,0",2021-06-15,terça-feira,12:20:00,SC,282,"51,0",RANCHO QUEIMADO,Mal súbito do condutor,Saída de leito carroçável,Com Vítimas Feridas,Pleno dia,Decrescente,Chuva,Simples,Declive,Não,1,0,1,0,0,0,1,1,-27.703712,-48.959267,SPRF-SC,DEL01-SC,UOP03-DEL01-SC,2021
"364428,0",2021-06-15,terça-feira,16:00:00,SC,470,"199,0",PONTE ALTA,Acessar a via sem observar a presença dos outros veículos,Colisão transversal,Com Vítimas Feridas,Pleno dia,Decrescente,Céu Claro,Simples,Interseção de Vias,Não,2,0,0,1,1,0,1,2,-27.30924823,-50.13336182,SPRF-SC,DEL05-SC,UOP03-DEL05-SC,2021
"364436,0",2021-06-15,terça-feira,17:45:00,SC,116,"139,0",SANTA CECILIA,Acessar a via sem observar a presença dos outros veículos,Colisão transversal,Sem Vítimas,Anoitecer,Decrescente,Céu Claro,Simples,Aclive,Não,2,0,0,0,2,0,0,2,-26.96007677,-50.41626976,SPRF-SC,DEL06-SC,UOP02-DEL06-SC,2021
"364444,0",2021-06-15,terça-feira,19:30:00,SC,282,"589,9",SAUDADES,Ingestão de álcool pelo condutor,Saída de leito carroçável,Com Vítimas Feridas,Plena Noite,Crescente,Céu Claro,Simples,Reta,Não,1,0,1,0,0,0,1,1,-26.82596,-53.062588,SPRF-SC,DEL07-SC,UOP02-DEL07-SC,2021
"364471,0",2021-06-16,quarta-feira,08:00:00,SC,282,"0,0",FLORIANOPOLIS,Condutor deixou de manter distância do veículo da frente,Colisão traseira,Com Vítimas Feridas,Pleno dia,Decrescente,Céu Claro,Dupla,Reta,Sim,1,0,1,0,0,0,1,1,-27.59845,-48.571995,SPRF-SC,DEL01-SC,UOP01-DEL01-SC,2021
"364472,0",2021-05-14,sexta-feira,19:10:00,SC,282,"496,0",XANXERE,Acessar a via sem observar a presença dos outros veículos,Colisão transversal,Com Vítimas Feridas,Plena Noite,Crescente,Céu Claro,Simples,Reta;Interseção de Vias,Não,2,0,1,0,1,0,1,2,-26.87723437,-52.33226895,SPRF-SC,DEL07-SC,UOP01-DEL07-SC,2021
"364474,0",2021-06-16,quarta-feira,08:15:00,SC,101,"210,0",SAO JOSE,Acessar a via sem observar a presença dos outros veículos,Colisão transversal,Com Vítimas Feridas,Pleno dia,Decrescente,Nublado,Múltipla,Interseção de Vias,Sim,2,0,1,0,1,0,1,2,-27.6167305,-48.6457265,SPRF-SC,DEL01-SC,UOP01-DEL01-SC,2021
"364488,0",2021-06-16,quarta-feira,05:40:00,SC,101,"214,0",PALHOCA,Acessar a via sem observar a presença dos outros veículos,Colisão lateral mesmo sentido,Sem Vítimas,Amanhecer,Decrescente,Céu Claro,Múltipla,Reta,Sim,3,0,0,0,1,2,0,2,-27.6423634,-48.66875768,SPRF-SC,DEL01-SC,UOP02-DEL01-SC,2021
"364494,0",2021-06-16,quarta-feira,12:05:00,SC,101,"194,0",BIGUACU,Condutor deixou de manter distância do veículo da frente,Colisão traseira,Com Vítimas Feridas,Pleno dia,Decrescente,Céu Claro,Dupla,Reta,Sim,2,0,1,0,1,0,1,2,-27.49815117,-48.65661236,SPRF-SC,DEL01-SC,UOP01-DEL01-SC,2021
"364503,0",2021-06-16,quarta-feira,13:00:00,SC,101,"140,8",BALNEARIO CAMBORIU,Ausência de reação do condutor,Tombamento,Com Vítimas Feridas,Pleno dia,Crescente,Nublado,Dupla,Declive,Não,1,0,0,1,0,0,1,1,-27.03881189,-48.60025148,SPRF-SC,DEL04-SC,UOP03-DEL04-SC,2021
"364569,0",2021-06-16,quarta-feira,21:00:00,SC,101,"362,9",SANGAO,Manobra de mudança de faixa,Colisão traseira,Sem Vítimas,Plena Noite,Decrescente,Nublado,Dupla,Aclive,Não,2,0,0,0,1,1,0,2,-28.67136197,-49.12225505,SPRF-SC,DEL02-SC,UOP01-DEL02-SC,2021
"364584,0",2021-06-17,quinta-feira,00:40:00,SC,101,"162,5",TIJUCAS,Desrespeitar a preferência no cruzamento,Colisão transversal,Com Vítimas Feridas,Plena Noite,Decrescente,Nublado,Múltipla,Interseção de Vias,Sim,2,0,1,0,1,0,1,2,-27.240303,-48.630445,SPRF-SC,DEL04-SC,UOP03-DEL04-SC,2021
"364585,0",2021-06-17,quinta-feira,00:20:00,SC,282,"480,0",VARGEAO,Reação tardia ou ineficiente do condutor,Colisão traseira,Sem Vítimas,Plena Noite,Crescente,Céu Claro,Simples,Rotatória,Não,2,0,0,0,2,0,0,2,-26.87790426,-52.18977928,SPRF-SC,DEL07-SC,UOP01-DEL07-SC,2021
"364599,0",2021-05-12,quarta-feira,11:15:00,SC,101,"194,9",BIGUACU,Condutor deixou de manter distância do veículo da frente,Colisão traseira,Com Vítimas Feridas,Pleno dia,Crescente,Chuva,Múltipla,Reta,Sim,2,0,1,0,1,0,1,2,-27.49815117,-48.65661236,SPRF-SC,DEL01-SC,UOP01-DEL01-SC,2021
"364600,0",2021-06-17,quinta-feira,06:50:00,SC,101,"151,4",ITAPEMA,Reação tardia ou ineficiente do condutor,Colisão traseira,Com Vítimas Feridas,Pleno dia,Crescente,Garoa/Chuvisco,Múltipla,Reta,Não,4,0,0,1,3,0,1,2,-27.126536,-48.609642,SPRF-SC,DEL04-SC,UOP03-DEL04-SC,2021
"364603,0",2021-06-17,quinta-feira,07:12:00,SC,101,"208,1",SAO JOSE,Manobra de mudança de faixa,Queda de ocupante de veículo,Com Vítimas Feridas,Pleno dia,Decrescente,Garoa/Chuvisco,Múltipla,Reta,Sim,1,0,1,0,0,0,1,1,-27.60327979,-48.63201818,SPRF-SC,DEL01-SC,UOP01-DEL01-SC,2021
"364616,0",2021-06-17,quinta-feira,08:05:00,SC,101,"208,9",SAO JOSE,Reação tardia ou ineficiente do condutor,Tombamento,Com Vítimas Feridas,Pleno dia,Crescente,Nublado,Múltipla,Reta,Sim,1,0,1,0,0,0,1,1,-27.60327979,-48.63201818,SPRF-SC,DEL01-SC,UOP01-DEL01-SC,2021
"364632,0",2021-05-31,segunda-feira,06:20:00,SC,280,"37,0",GUARAMIRIM,Condutor Dormindo,Colisão transversal,Com Vítimas Feridas,Pleno dia,Crescente,Céu Claro,Simples,Curva,Não,2,0,0,2,0,0,2,2,-26.44572892,-48.81862707,SPRF-SC,DEL03-SC,UOP03-DEL03-SC,2021
"364647,0",2021-06-17,quinta-feira,11:20:00,SC,282,"5,5",SAO JOSE,Reação tardia ou ineficiente do condutor,Colisão lateral mesmo sentido,Com Vítimas Feridas,Pleno dia,Decrescente,Nublado,Múltipla,Reta,Sim,2,0,1,0,1,0,1,2,-27.588425,-48.612919,SPRF-SC,DEL01-SC,UOP01-DEL01-SC,2021
"364658,0",2021-06-17,quinta-feira,13:10:00,SC,101,"213,0",PALHOCA,Acessar a via sem observar a presença dos outros veículos,Colisão transversal,Com Vítimas Feridas,Pleno dia,Crescente,Nublado,Dupla,Viaduto,Sim,2,0,1,0,1,0,1,2,-27.63697369,-48.66514142,SPRF-SC,DEL01-SC,UOP02-DEL01-SC,2021
"364680,0",2021-06-16,quarta-feira,09:25:00,SC,470,"43,0",BLUMENAU,Velocidade Incompatível,Engavetamento,Sem Vítimas,Pleno dia,Decrescente,Nublado,Simples,Aclive,Não,4,0,0,0,4,0,0,4,-26.874519,-49.013454,SPRF-SC,DEL04-SC,UOP01-DEL04-SC,2021
"364695,0",2021-06-17,quinta-feira,15:30:00,SC,101,"216,0",PALHOCA,Ingestão de álcool pelo condutor,Colisão traseira,Com Vítimas Feridas,Pleno dia,Crescente,Nublado,Dupla,Reta,Sim,2,0,1,0,1,0,1,2,-27.65981409,-48.67747798,SPRF-SC,DEL01-SC,UOP02-DEL01-SC,2021
"364705,0",2021-06-17,quinta-feira,17:00:00,SC,101,"204,0",SAO JOSE,Manobra de mudança de faixa,Colisão traseira,Com Vítimas Feridas,Anoitecer,Decrescente,Garoa/Chuvisco,Múltipla,Reta,Sim,3,0,1,1,1,0,2,2,-27.57413014,-48.61363083,SPRF-SC,DEL01-SC,UOP01-DEL01-SC,2021
"364711,0",2021-06-17,quinta-feira,17:45:00,SC,101,"149,0",ITAPEMA,Ingestão de álcool pelo condutor,Tombamento,Com Vítimas Feridas,Anoitecer,Crescente,Nublado,Múltipla,Interseção de Vias,Sim,2,0,1,0,1,0,1,2,-27.1089649,-48.61277586,SPRF-SC,DEL04-SC,UOP03-DEL04-SC,2021
"364765,0",2021-06-18,sexta-feira,00:05:00,SC,280,"78,6",CORUPA,Pista Escorregadia,Queda de ocupante de veículo,Com Vítimas Feridas,Pleno dia,Decrescente,Nublado,Simples,Reta,Não,1,0,0,1,0,0,1,1,-26.44312314,-49.21044588,SPRF-SC,DEL06-SC,UOP03-DEL06-SC,2021
"364768,0",2021-06-17,quinta-feira,23:15:00,SC,280,"35,0",ARAQUARI,Condutor deixou de manter distância do veículo da frente,Colisão traseira,Com Vítimas Feridas,Plena Noite,Decrescente,Nublado,Simples,Reta,Não,3,0,2,0,1,0,2,2,-26.43447549,-48.80453914,SPRF-SC,DEL03-SC,UOP03-DEL03-SC,2021
"364789,0",2021-06-18,sexta-feira,06:50:00,SC,470,"125,0",LONTRAS,Conversão proibida,Colisão transversal,Com Vítimas Feridas,Pleno dia,Crescente,Nublado,Simples,Reta,Não,2,0,1,0,1,0,1,2,-27.120506,-49.534946,SPRF-SC,DEL04-SC,UOP02-DEL04-SC,2021
"364795,0",2021-06-18,sexta-feira,08:15:00,SC,280,"52,3",GUARAMIRIM,Acessar a via sem observar a presença dos outros veículos,Colisão transversal,Com Vítimas Feridas,Pleno dia,Crescente,Nublado,Simples,Interseção de Vias,Sim,2,0,1,0,1,0,1,2,-26.468904,-48.96492,SPRF-SC,DEL03-SC,UOP03-DEL03-SC,2021
"364821,0",2021-06-18,sexta-feira,09:50:00,SC,101,"418,7",ARARANGUA,Desrespeitar a preferência no cruzamento,Colisão transversal,Com Vítimas Feridas,Pleno dia,Decrescente,Céu Claro,Simples,Interseção de Vias;Viaduto,Sim,2,0,1,0,1,0,1,2,-28.99080867,-49.54742789,SPRF-SC,DEL02-SC,UOP02-DEL02-SC,2021
"364828,0",2021-06-18,sexta-feira,10:20:00,SC,101,"227,0",PALHOCA,Manobra de mudança de faixa,Colisão traseira,Com Vítimas Feridas,Pleno dia,Decrescente,Nublado,Múltipla,Reta,Não,2,0,1,0,1,0,1,2,-27.7509149,-48.63460277,SPRF-SC,DEL01-SC,UOP02-DEL01-SC,2021
"364854,0",2021-06-18,sexta-feira,11:55:00,SC,163,"70,0",SAO MIGUEL DO OESTE,Condutor deixou de manter distância do veículo da frente,Tombamento,Com Vítimas Feridas,Pleno dia,Crescente,Céu Claro,Dupla,Aclive;Reta,Sim,1,0,1,0,0,0,1,1,-26.73461723,-53.50680015,SPRF-SC,DEL07-SC,UOP03-DEL07-SC,2021
"364862,0",2021-06-18,sexta-feira,13:25:00,SC,163,"81,9",GUARACIABA,Manobra de mudança de faixa,Colisão lateral mesmo sentido,Com Vítimas Feridas,Pleno dia,Crescente,Nublado,Simples,Reta;Declive,Não,2,0,0,1,1,0,1,2,-26.63288211,-53.51861,SPRF-SC,DEL07-SC,UOP03-DEL07-SC,2021
"364864,0",2021-06-18,sexta-feira,13:15:00,SC,101,"161,1",TIJUCAS,Reação tardia ou ineficiente do condutor,Colisão lateral mesmo sentido,Com Vítimas Feridas,Pleno dia,Decrescente,Céu Claro,Dupla,Reta,Sim,3,0,1,0,1,1,1,3,-27.21673911,-48.6244238,SPRF-SC,DEL04-SC,UOP03-DEL04-SC,2021
"364873,0",2021-06-18,sexta-feira,14:25:00,SC,101,"214,2",PALHOCA,Trafegar com motocicleta (ou similar) entre as faixas,Colisão traseira,Com Vítimas Feridas,Pleno dia,Decrescente,Nublado,Dupla,Declive,Não,2,0,1,0,1,0,1,2,-27.64443,-48.67057,SPRF-SC,DEL01-SC,UOP02-DEL01-SC,2021
"364876,0",2021-06-18,sexta-feira,10:50:00,SC,470,"82,6",RODEIO,Ausência de reação do condutor,Colisão transversal,Com Vítimas Feridas,Pleno dia,Decrescente,Nublado,Simples,Reta,Não,2,0,1,0,1,0,1,2,-26.958838,-49.324978,SPRF-SC,DEL04-SC,UOP01-DEL04-SC,2021
"364883,0",2021-05-24,segunda-feira,06:30:00,SC,282,"522,1",XAXIM,Deficiência do Sistema de Iluminação/Sinalização,Colisão traseira,Com Vítimas Feridas,Amanhecer,Crescente,Céu Claro,Dupla,Declive,Sim,1,0,1,0,0,0,1,1,-26.956238,-52.542637,SPRF-SC,DEL07-SC,UOP01-DEL07-SC,2021
"364886,0",2021-05-11,terça-feira,19:58:00,SC,470,"137,5",RIO DO SUL,Conversão proibida,Colisão frontal,Com Vítimas Feridas,Plena Noite,Crescente,Garoa/Chuvisco,Simples,Curva,Não,3,0,1,1,1,0,2,2,-27.18971599,-49.61915016,SPRF-SC,DEL04-SC,UOP02-DEL04-SC,2021
"364890,0",2021-05-26,quarta-feira,13:50:00,SC,470,"156,8",TROMBUDO CENTRAL,Acessar a via sem observar a presença dos outros veículos,Colisão transversal,Com Vítimas Feridas,Pleno dia,Crescente,Céu Claro,Simples,Interseção de Vias,Não,2,0,1,1,0,0,2,2,-27.281332,-49.760201,SPRF-SC,DEL04-SC,UOP02-DEL04-SC,2021
"364891,0",2021-06-18,sexta-feira,15:30:00,SC,280,"27,9",ARAQUARI,Reação tardia ou ineficiente do condutor,Colisão transversal,Com Vítimas Feridas,Pleno dia,Decrescente,Nublado,Simples,Reta,Não,2,0,2,0,0,0,2,2,-26.40450077,-48.74561031,SPRF-SC,DEL03-SC,UOP03-DEL03-SC,2021
"364906,0",2021-06-18,sexta-feira,17:10:00,SC,101,"119,0",ITAJAI,Condutor deixou de manter distância do veículo da frente,Engavetamento,Com Vítimas Feridas,Pleno dia,Crescente,Nublado,Dupla,Reta,Sim,4,0,1,0,3,0,1,3,-26.9043179,-48.71555481,SPRF-SC,DEL04-SC,UOP04-DEL04-SC,2021
"364913,0",2021-06-18,sexta-feira,17:25:00,SC,282,"23,3",SANTO AMARO DA IMPERATRIZ,Ultrapassagem Indevida,Atropelamento de Pedestre,Com Vítimas Feridas,Anoitecer,Crescente,Céu Claro,Simples,Reta,Sim,2,0,1,0,1,0,1,2,-27.68628325,-48.74017954,SPRF-SC,DEL01-SC,UOP02-DEL01-SC,2021
"364919,0",2021-06-18,sexta-feira,14:40:00,SC,282,"413,2",CATANDUVAS,Condutor Dormindo,Saída de leito carroçável,Com Vítimas Feridas,Pleno dia,Decrescente,Céu Claro,Simples,Reta,Não,1,0,1,0,0,0,1,1,-27.053736,-51.698277,SPRF-SC,DEL07-SC,UOP05-DEL07-SC,2021
"364931,0",2021-06-18,sexta-feira,17:15:00,SC,282,"23,5",SANTO AMARO DA IMPERATRIZ,Trafegar com motocicleta (ou similar) entre as faixas,Colisão transversal,Com Vítimas Feridas,Pleno dia,Decrescente,Nublado,Simples,Reta,Não,2,0,1,0,1,0,1,2,-27.687958,-48.736794,SPRF-SC,DEL01-SC,UOP03-DEL01-SC,2021