id,data_inversa,dia_semana,horario,uf,br,km,municipio,causa_acidente,tipo_acidente,classificacao_acidente,fase_dia,sentido_via,condicao_metereologica,tipo_pista,tracado_via,uso_solo,pessoas,mortos,feridos_leves,feridos_graves,ilesos,ignorados,feridos,veiculos,latitude,longitude,regional,delegacia,uop,ano_arquivo
"365856,0",2021-06-23,quarta-feira,07:35:00,SC,101,"198,5",BIGUACU,Trafegar com motocicleta (ou similar) entre as faixas,Colisão lateral mesmo sentido,Com Vítimas Feridas,Pleno dia,Crescente,Céu Claro,Dupla,Reta,Sim,2,0,1,0,1,0,1,2,-27.52658712,-48.63506019,SPRF-SC,DEL01-SC,UOP01-DEL01-SC,2021
"365890,0",2021-06-23,quarta-feira,10:15:00,SC,101,"210,5",SAO JOSE,Avarias e/ou desgaste excessivo no pneu,Tombamento,Com Vítimas Feridas,Pleno dia,Crescente,Sol,Múltipla,Reta,Sim,2,0,2,0,0,0,2,1,-27.6204738,-48.64972472,SPRF-SC,DEL01-SC,UOP01-DEL01-SC,2021
"365893,0",2021-06-23,quarta-feira,07:30:00,SC,101,"119,7",ITAJAI,Condutor deixou de manter distância do veículo da frente,Colisão traseira,Com Vítimas Feridas,Pleno dia,Decrescente,Céu Claro,Múltipla,Reta;Interseção de Vias,Sim,3,0,1,0,1,1,1,3,-26.90078545,-48.71677888,SPRF-SC,DEL04-SC,UOP04-DEL04-SC,2021
"365895,0",2021-06-23,quarta-feira,10:10:00,SC,101,"115,9",ITAJAI,Condutor deixou de manter distância do veículo da frente,Colisão traseira,Com Vítimas Feridas,Pleno dia,Crescente,Céu Claro,Dupla,Reta,Sim,2,0,0,1,1,0,1,2,-26.87064015,-48.72954134,SPRF-SC,DEL04-SC,UOP04-DEL04-SC,2021
"365902,0",2021-06-23,quarta-feira,08:00:00,SC,101,"95,0",BARRA VELHA,Velocidade Incompatível,Saída de leito carroçável,Com Vítimas Feridas,Pleno dia,Decrescente,Céu Claro,Simples,Curva,Sim,1,0,0,1,0,0,1,1,-26.70876413,-48.70221065,SPRF-SC,DEL03-SC,UOP02-DEL03-SC,2021
"365938,0",2021-06-23,quarta-feira,14:40:00,SC,280,"57,0",GUARAMIRIM,Conversão proibida,Colisão transversal,Com Vítimas Feridas,Pleno dia,Decrescente,Garoa/Chuvisco,Simples,Reta,Não,4,0,0,1,2,1,1,3,-26.47811421,-49.01259213,SPRF-SC,DEL03-SC,UOP03-DEL03-SC,2021
"365946,0",2021-06-20,domingo,05:40:00,SC,101,"40,8",JOINVILLE,Velocidade Incompatível,Colisão transversal,Com Vítimas Feridas,Plena Noite,Crescente,Garoa/Chuvisco,Dupla,Curva,Sim,3,0,2,0,1,0,2,2,-26.31344142,-48.87356043,SPRF-SC,DEL03-SC,UOP01-DEL03-SC,2021
"365955,0",2021-06-23,quarta-feira,11:50:00,SC,470,"56,0",BLUMENAU,Desrespeitar a preferência no cruzamento,Colisão transversal,Com Vítimas Feridas,Pleno dia,Decrescente,Chuva,Simples,Reta,Sim,2,0,1,0,1,0,1,2,-26.87743534,-49.12999034,SPRF-SC,DEL04-SC,UOP01-DEL04-SC,2021
"365965,0",2021-06-23,quarta-feira,16:40:00,SC,101,"164,1",TIJUCAS,Ausência de reação do condutor,Colisão traseira,Com Vítimas Feridas,Pleno dia,Crescente,Céu Claro,Dupla,Ponte,Não,2,0,0,1,1,0,1,2,-27.243868,-48.6309,SPRF-SC,DEL04-SC,UOP03-DEL04-SC,2021
"365981,0",2021-06-23,quarta-feira,18:10:00,SC,280,"275,6",IRINEOPOLIS,Desrespeitar a preferência no cruzamento,Colisão transversal,Com Vítimas Feridas,Anoitecer,Crescente,Nublado,Simples,Interseção de Vias;Reta,Não,2,0,2,0,0,0,2,2,-26.28674797,-50.78186002,SPRF-SC,DEL06-SC,UOP04-DEL06-SC,2021
"365985,0",2021-06-23,quarta-feira,17:30:00,SC,282,"3,4",FLORIANOPOLIS,Reação tardia ou ineficiente do condutor,Colisão lateral mesmo sentido,Com Vítimas Feridas,Plena Noite,Crescente,Nublado,Múltipla,Reta,Sim,2,0,1,0,1,0,1,2,-27.600384,-48.599705,SPRF-SC,DEL01-SC,UOP01-DEL01-SC,2021
"366020,0",2021-06-23,quarta-feira,21:20:00,SC,282,"502,1",XANXERE,Desrespeitar a preferência no cruzamento,Colisão frontal,Com Vítimas Feridas,Plena Noite,Decrescente,Céu Claro,Simples,Reta,Sim,2,0,1,0,1,0,1,2,-26.883707,-52.388397,SPRF-SC,DEL07-SC,UOP01-DEL07-SC,2021
"366021,0",2021-05-13,quinta-feira,12:00:00,SC,280,"126,0",RIO NEGRINHO,Condutor deixou de manter distância do veículo da frente,Engavetamento,Com Vítimas Feridas,Pleno dia,Decrescente,Céu Claro,Simples,Reta,Sim,3,0,1,0,2,0,1,3,-26.23779604,-49.49427399,SPRF-SC,DEL06-SC,UOP03-DEL06-SC,2021
"366045,0",2021-06-24,quinta-feira,01:20:00,SC,101,"129,1",BALNEARIO CAMBORIU,Entrada inopinada do pedestre,Atropelamento de Pedestre,Com Vítimas Fatais,Plena Noite,Decrescente,Nublado,Dupla,Reta,Não,3,1,0,0,1,1,0,2,-26.98064277,-48.6790679,SPRF-SC,DEL04-SC,UOP03-DEL04-SC,2021
"366060,0",2021-05-29,sábado,19:40:00,SC,470,"56,8",BLUMENAU,Reação tardia ou ineficiente do condutor,Atropelamento de Pedestre,Com Vítimas Feridas,Plena Noite,Crescente,Nublado,Simples,Reta,Sim,3,0,0,1,1,1,1,3,-26.87674,-49.127743,SPRF-SC,DEL04-SC,UOP01-DEL04-SC,2021
"366062,0",2021-06-24,quinta-feira,04:30:00,SC,470,"5,0",NAVEGANTES,Acumulo de água sobre o pavimento,Tombamento,Sem Vítimas,Plena Noite,Crescente,Chuva,Simples,Reta,Sim,1,0,0,0,0,1,0,1,-26.855688,-48.700333,SPRF-SC,DEL04-SC,UOP04-DEL04-SC,2021
"366073,0",2021-05-07,sexta-feira,11:55:00,SC,101,"208,0",SAO JOSE,Ausência de reação do condutor,Colisão traseira,Com Vítimas Feridas,Pleno dia,Crescente,Céu Claro,Múltipla,Reta,Sim,2,0,1,0,1,0,1,2,-27.60327979,-48.63201818,SPRF-SC,DEL01-SC,UOP01-DEL01-SC,2021
"366082,0",2021-06-23,quarta-feira,22:00:00,SC,101,"197,0",BIGUACU,Demais falhas mecânicas ou elétricas,Colisão com objeto,Com Vítimas Feridas,Plena Noite,Decrescente,Chuva,Dupla,Reta,Sim,1,0,1,0,0,0,1,1,-27.51844497,-48.63848496,SPRF-SC,DEL01-SC,UOP01-DEL01-SC,2021
"366084,0",2021-06-04,sexta-feira,16:00:00,SC,282,"64,7",RANCHO QUEIMADO,Velocidade Incompatível,Saída de leito carroçável,Com Vítimas Feridas,Pleno dia,Crescente,Céu Claro,Simples,Curva,Não,2,0,0,1,0,1,1,2,-27.696323,-49.052456,SPRF-SC,DEL01-SC,UOP03-DEL01-SC,2021
"366104,0",2021-06-24,quinta-feira,09:50:00,SC,101,"203,0",SAO JOSE,Ausência de reação do condutor,Colisão traseira,Com Vítimas Feridas,Pleno dia,Crescente,Céu Claro,Múltipla,Reta,Sim,2,0,1,0,1,0,1,2,-27.5650044,-48.61460082,SPRF-SC,DEL01-SC,UOP01-DEL01-SC,2021
"366109,0",2021-06-24,quinta-feira,10:33:00,SC,101,"89,4",BARRA VELHA,Reação tardia ou ineficiente do condutor,Saída de leito carroçável,Com Vítimas Feridas,Pleno dia,Decrescente,Nublado,Múltipla,Reta,Sim,1,0,1,0,0,0,1,1,-26.65175997,-48.68721921,SPRF-SC,DEL03-SC,UOP02-DEL03-SC,2021
"366123,0",2021-06-24,quinta-feira,11:07:00,SC,101,"211,0",SAO JOSE,Ausência de reação do condutor,Colisão traseira,Com Vítimas Feridas,Pleno dia,Decrescente,Nublado,Múltipla,Ponte,Sim,3,0,1,0,2,0,1,2,-27.62329313,-48.65245588,SPRF-SC,DEL01-SC,UOP02-DEL01-SC,2021
"366132,0",2021-06-24,quinta-feira,12:10:00,SC,101,"335,3",TUBARAO,Ausência de reação do condutor,Colisão traseira,Com Vítimas Feridas,Pleno dia,Decrescente,Nublado,Múltipla,Reta,Sim,3,0,0,1,1,1,1,3,-28.46927473,-49.01557908,SPRF-SC,DEL02-SC,UOP01-DEL02-SC,2021
"366145,0",2021-06-24,quinta-feira,13:45:00,SC,101,"211,0",PALHOCA,Ausência de reação do condutor,Queda de ocupante de veículo,Com Vítimas Feridas,Pleno dia,Decrescente,Nublado,Dupla,Reta,Sim,1,0,1,0,0,0,1,1,-27.62329313,-48.65245588,SPRF-SC,DEL01-SC,UOP02-DEL01-SC,2021
"366147,0",2021-06-24,quinta-feira,13:09:00,SC,101,"142,0",ITAPEMA,Condutor deixou de manter distância do veículo da frente,Colisão traseira,Com Vítimas Feridas,Pleno dia,Decrescente,Nublado,Dupla,Curva,Sim,2,0,1,0,1,0,1,2,-27.056089,-48.599449,SPRF-SC,DEL04-SC,UOP03-DEL04-SC,2021
"366152,0",2021-06-24,quinta-feira,14:25:00,SC,101,"213,0",PALHOCA,Ausência de reação do condutor,Colisão traseira,Com Vítimas Feridas,Pleno dia,Decrescente,Nublado,Múltipla,Reta,Sim,2,0,0,1,1,0,1,2,-27.63697369,-48.66514142,SPRF-SC,DEL01-SC,UOP02-DEL01-SC,2021
"366161,0",2021-06-24,quinta-feira,15:38:00,SC,280,"70,2",JARAGUA DO SUL,Conversão proibida,Colisão transversal,Com Vítimas Feridas,Pleno dia,Crescente,Céu Claro,Simples,Reta,Sim,3,0,1,0,2,0,1,2,-26.462549,-49.13252419,SPRF-SC,DEL03-SC,UOP03-DEL03-SC,2021
"366164,0",2021-06-24,quinta-feira,15:20:00,SC,470,"124,0",IBIRAMA,Mal súbito do condutor,Colisão frontal,Com Vítimas Feridas,Pleno dia,Decrescente,Nublado,Simples,Reta,Não,2,0,1,0,1,0,1,2,-27.113192,-49.529163,SPRF-SC,DEL04-SC,UOP02-DEL04-SC,2021
"366170,0",2021-06-24,quinta-feira,16:20:00,SC,101,"272,9",IMBITUBA,Pedestre cruzava a pista fora da faixa,Atropelamento de Pedestre,Com Vítimas Fatais,Pleno dia,Decrescente,Nublado,Múltipla,Viaduto;Reta,Não,4,1,0,0,1,2,0,2,-28.1298396,-48.6929745,SPRF-SC,DEL02-SC,UOP03-DEL02-SC,2021
"366176,0",2021-06-24,quinta-feira,16:29:00,SC,101,"123,0",ITAJAI,Acessar a via sem observar a presença dos outros veículos,Colisão transversal,Com Vítimas Feridas,Pleno dia,Decrescente,Nublado,Múltipla,Rotatória,Sim,2,0,1,0,1,0,1,2,-26.93668609,-48.69876905,SPRF-SC,DEL04-SC,UOP04-DEL04-SC,2021
"366201,0",2021-06-24,quinta-feira,18:40:00,SC,280,"50,0",GUARAMIRIM,Transitar na contramão,Colisão transversal,Com Vítimas Feridas,Plena Noite,Crescente,Nublado,Simples,Desvio Temporário,Sim,6,0,1,0,5,0,1,2,-26.4619489,-48.94618404,SPRF-SC,DEL03-SC,UOP03-DEL03-SC,2021
"366245,0",2021-06-25,sexta-feira,00:20:00,SC,101,"90,0",BARRA VELHA,Velocidade Incompatível,Saída de leito carroçável,Com Vítimas Feridas,Plena Noite,Decrescente,Nublado,Simples,Reta,Não,1,0,1,0,0,0,1,1,-26.66148503,-48.68866176,SPRF-SC,DEL03-SC,UOP02-DEL03-SC,2021
"366280,0",2021-06-24,quinta-feira,09:25:00,SC,101,"124,0",ITAJAI,Demais falhas na via,Colisão traseira,Sem Vítimas,Pleno dia,Decrescente,Céu Claro,Dupla,Declive,Não,2,0,0,0,2,0,0,2,-26.94335064,-48.69198648,SPRF-SC,DEL04-SC,UOP04-DEL04-SC,2021
"366283,0",2021-05-02,domingo,00:45:00,SC,101,"412,0",ARARANGUA,Ausência de reação do condutor,Saída de leito carroçável,Com Vítimas Feridas,Plena Noite,Crescente,Ignorado,Simples,Rotatória,Sim,2,0,0,2,0,0,2,1,-28.939333,-49.497513,SPRF-SC,DEL02-SC,UOP02-DEL02-SC,2021
"366296,0",2021-06-09,quarta-feira,09:00:00,SC,101,"207,0",SAO JOSE,Desrespeitar a preferência no cruzamento,Colisão transversal,Com Vítimas Feridas,Pleno dia,Crescente,Chuva,Múltipla,Viaduto,Sim,3,0,3,0,0,0,3,2,-27.60001226,-48.6226467,SPRF-SC,DEL01-SC,UOP01-DEL01-SC,2021
"366299,0",2021-06-25,sexta-feira,07:00:00,SC,282,"62,0",RANCHO QUEIMADO,Demais falhas mecânicas ou elétricas,Incêndio,Com Vítimas Feridas,Amanhecer,Decrescente,Céu Claro,Simples,Reta,Não,1,0,1,0,0,0,1,1,-27.688046,-49.037033,SPRF-SC,DEL01-SC,UOP03-DEL01-SC,2021
"366304,0",2021-06-25,sexta-feira,06:40:00,SC,280,"74,0",JARAGUA DO SUL,Acessar a via sem observar a presença dos outros veículos,Colisão transversal,Com Vítimas Feridas,Pleno dia,Decrescente,Nevoeiro/Neblina,Simples,Declive,Sim,4,0,4,0,0,0,4,2,-26.45877322,-49.16147801,SPRF-SC,DEL03-SC,UOP03-DEL03-SC,2021
"366334,0",2021-06-25,sexta-feira,07:15:00,SC,282,"550,6",NOVA ITABERABA,Condutor deixou de manter distância do veículo da frente,Colisão traseira,Sem Vítimas,Pleno dia,Decrescente,Sol,Simples,Reta,Não,2,0,0,0,2,0,0,2,-26.958057,-52.771416,SPRF-SC,DEL07-SC,UOP01-DEL07-SC,2021
"366336,0",2021-06-25,sexta-feira,12:50:00,SC,282,"5,0",SAO JOSE,Reação tardia ou ineficiente do condutor,Queda de ocupante de veículo,Com Vítimas Feridas,Pleno dia,Decrescente,Céu Claro,Simples,Curva,Sim,2,0,1,0,1,0,1,2,-27.58468679,-48.61785304,SPRF-SC,DEL01-SC,UOP01-DEL01-SC,2021
"366337,0",2021-06-25,sexta-feira,09:20:00,SC,101,"106,3",PENHA,Carga excessiva e/ou mal acondicionada,Colisão com objeto,Com Vítimas Feridas,Pleno dia,Decrescente,Céu Claro,Dupla,Reta,Não,3,0,1,0,2,0,1,2,-26.81031601,-48.68293896,SPRF-SC,DEL03-SC,UOP02-DEL03-SC,2021
"366366,0",2021-06-25,sexta-feira,15:10:00,SC,101,"206,1",SAO JOSE,Velocidade Incompatível,Colisão traseira,Com Vítimas Feridas,Pleno dia,Decrescente,Céu Claro,Múltipla,Reta,Sim,2,0,0,1,0,1,1,2,-27.59193546,-48.61824557,SPRF-SC,DEL01-SC,UOP01-DEL01-SC,2021
"366367,0",2021-06-05,sábado,22:50:00,SC,101,"390,0",CRICIUMA,Reação tardia ou ineficiente do condutor,Saída de leito carroçável,Com Vítimas Feridas,Plena Noite,Crescente,Vento,Dupla,Aclive,Não,1,0,1,0,0,0,1,1,-28.80853406,-49.37836289,SPRF-SC,DEL02-SC,UOP02-DEL02-SC,2021
"366369,0",2021-06-18,sexta-feira,11:55:00,SC,101,"119,0",ITAJAI,Condutor deixou de manter distância do veículo da frente,Colisão traseira,Com Vítimas Feridas,Pleno dia,Crescente,Nublado,Dupla,Reta,Não,2,0,1,0,1,0,1,2,-26.9043179,-48.71555481,SPRF-SC,DEL04-SC,UOP04-DEL04-SC,2021
"366378,0",2021-06-25,sexta-feira,15:45:00,SC,101,"139,0",BALNEARIO CAMBORIU,Desrespeitar a preferência no cruzamento,Colisão transversal,Com Vítimas Feridas,Pleno dia,Crescente,Nublado,Simples,Interseção de Vias,Sim,2,0,1,0,1,0,1,2,-27.02982303,-48.60115006,SPRF-SC,DEL04-SC,UOP03-DEL04-SC,2021
"366386,0",2021-06-25,sexta-feira,15:35:00,SC,116,"180,0",SAO CRISTOVAO DO SUL,Desrespeitar a preferência no cruzamento,Colisão transversal,Com Vítimas Feridas,Pleno dia,Crescente,Céu Claro,Simples,Reta,Sim,3,0,1,0,2,0,1,2,-27.27041426,-50.44097161,SPRF-SC,DEL05-SC,UOP03-DEL05-SC,2021
"366387,0",2021-06-25,sexta-feira,16:30:00,SC,101,"215,5",PALHOCA,Manobra de mudança de faixa,Tombamento,Com Vítimas Feridas,Pleno dia,Decrescente,Nublado,Múltipla,Em Obras;Curva;Aclive,Sim,1,0,1,0,0,0,1,1,-27.65312689,-48.67687404,SPRF-SC,DEL01-SC,UOP02-DEL01-SC,2021
"366428,0",2021-06-25,sexta-feira,20:00:00,SC,101,"410,3",ARARANGUA,Condutor deixou de manter distância do veículo da frente,Colisão traseira,Com Vítimas Feridas,Plena Noite,Crescente,Céu Claro,Simples,Reta,Não,3,0,1,0,2,0,1,2,-28.9225061,-49.4913107,SPRF-SC,DEL02-SC,UOP02-DEL02-SC,2021
"366432,0",2021-06-25,sexta-feira,18:40:00,SC,280,"54,8",GUARAMIRIM,Pedestre cruzava a pista fora da faixa,Atropelamento de Pedestre,Com Vítimas Feridas,Plena Noite,Crescente,Céu Claro,Dupla,Reta,Sim,3,0,1,0,1,1,1,2,-26.47539893,-48.983748,SPRF-SC,DEL03-SC,UOP03-DEL03-SC,2021
"366451,0",2021-06-25,sexta-feira,13:35:00,SC,480,"130,8",CHAPECO,Conversão proibida,Colisão transversal,Com Vítimas Feridas,Pleno dia,Decrescente,Sol,Simples,Reta,Sim,2,0,1,0,1,0,1,2,-27.05534298,-52.63652069,SPRF-SC,DEL07-SC,UOP01-DEL07-SC,2021
"366465,0",2021-06-25,sexta-feira,18:30:00,SC,163,"69,3",SAO MIGUEL DO OESTE,Conversão proibida,Colisão transversal,Com Vítimas Feridas,Plena Noite,Crescente,Céu Claro,Dupla,Curva,Sim,2,0,0,1,1,0,1,2,-26.74132699,-53.50120591,SPRF-SC,DEL07-SC,UOP03-DEL07-SC,2021
"366471,0",2021-06-25,sexta-feira,23:15:00,SC,470,"68,9",INDAIAL,Ausência de reação do condutor,Colisão com objeto,Sem Vítimas,Plena Noite,Decrescente,Céu Claro,Dupla,Reta,Sim,1,0,0,0,1,0,0,1,-26.88391753,-49.24700305,SPRF-SC,DEL04-SC,UOP01-DEL04-SC,2021
"366477,0",2021-06-25,sexta-feira,23:15:00,SC,280,"146,0",MAFRA,Iluminação deficiente,Queda de ocupante de veículo,Com Vítimas Feridas,Plena Noite,Decrescente,Nevoeiro/Neblina,Simples,Reta,Não,1,0,0,1,0,0,1,1,-26.25518456,-49.6620649,SPRF-SC,DEL06-SC,UOP03-DEL06-SC,2021
"366482,0",2021-06-26,sábado,02:00:00,SC,470,"67,9",INDAIAL,Ausência de reação do condutor,Saída de leito carroçável,Sem Vítimas,Plena Noite,Decrescente,Garoa/Chuvisco,Simples,Em Obras;Desvio Temporário,Sim,1,0,0,0,1,0,0,1,-26.87771776,-49.23899812,SPRF-SC,DEL04-SC,UOP01-DEL04-SC,2021
"366485,0",2021-06-26,sábado,01:15:00,SC,101,"307,0",LAGUNA,Transitar na contramão,Colisão frontal,Sem Vítimas,Plena Noite,Crescente,Céu Claro,Dupla,Reta,Sim,3,0,0,0,3,0,0,2,-28.39211769,-48.77822399,SPRF-SC,DEL02-SC,UOP03-DEL02-SC,2021
"366489,0",2021-06-26,sábado,02:15:00,SC,101,"373,8",ICARA,Ingestão de álcool pelo condutor,Colisão com objeto,Com Vítimas Feridas,Plena Noite,Decrescente,Ignorado,Dupla,Reta,Não,1,0,1,0,0,0,1,1,-28.71016196,-49.21016693,SPRF-SC,DEL02-SC,UOP01-DEL02-SC,2021
"366491,0",2021-06-26,sábado,03:45:00,SC,101,"266,0",PAULO LOPES,Ingestão de álcool pelo condutor,Colisão com objeto,Com Vítimas Feridas,Plena Noite,Decrescente,Céu Claro,Dupla,Reta,Sim,1,0,1,0,0,0,1,1,-28.07721335,-48.71223682,SPRF-SC,DEL02-SC,UOP03-DEL02-SC,2021
"366494,0",2021-06-26,sábado,04:00:00,SC,101,"83,8",BARRA VELHA,Mal súbito do condutor,Tombamento,Com Vítimas Feridas,Plena Noite,Decrescente,Chuva,Dupla,Reta,Não,1,0,0,1,0,0,1,1,-26.61865655,-48.71834126,SPRF-SC,DEL03-SC,UOP02-DEL03-SC,2021
"366525,0",2021-06-26,sábado,07:00:00,SC,470,"44,7",BLUMENAU,Condutor Dormindo,Saída de leito carroçável,Com Vítimas Feridas,Pleno dia,Crescente,Garoa/Chuvisco,Simples,Reta,Não,1,0,1,0,0,0,1,1,-26.870665,-49.021896,SPRF-SC,DEL04-SC,UOP01-DEL04-SC,2021
"366552,0",2021-06-26,sábado,10:50:00,SC,101,"255,3",PAULO LOPES,Velocidade Incompatível,Saída de leito carroçável,Com Vítimas Feridas,Pleno dia,Decrescente,Nublado,Dupla,Curva;Declive,Não,1,0,1,0,0,0,1,1,-27.98242299,-48.67898469,SPRF-SC,DEL02-SC,UOP03-DEL02-SC,2021
"366555,0",2021-06-26,sábado,11:45:00,SC,282,"528,0",CORDILHEIRA ALTA,Avarias e/ou desgaste excessivo no pneu,Tombamento,Com Vítimas Feridas,Pleno dia,Crescente,Céu Claro,Simples,Curva,Não,2,0,0,1,1,0,1,2,-26.978798,-52.588566,SPRF-SC,DEL07-SC,UOP01-DEL07-SC,2021
"366561,0",2021-06-26,sábado,12:40:00,SC,101,"135,0",BALNEARIO CAMBORIU,Reação tardia ou ineficiente do condutor,Colisão lateral mesmo sentido,Com Vítimas Feridas,Pleno dia,Crescente,Nublado,Dupla,Reta,Sim,2,0,0,1,1,0,1,2,-27.0050108,-48.62677494,SPRF-SC,DEL04-SC,UOP03-DEL04-SC,2021
"366566,0",2021-06-26,sábado,12:45:00,SC,101,"213,2",PALHOCA,Acumulo de óleo sobre o pavimento,Tombamento,Com Vítimas Feridas,Pleno dia,Crescente,Nublado,Múltipla,Reta,Não,1,0,1,0,0,0,1,1,-27.63697369,-48.66514142,SPRF-SC,DEL01-SC,UOP02-DEL01-SC,2021
"366582,0",2021-06-26,sábado,14:00:00,SC,101,"242,4",PALHOCA,Reação tardia ou ineficiente do condutor,Saída de leito carroçável,Com Vítimas Feridas,Pleno dia,Crescente,Céu Claro,Dupla,Reta,Não,2,0,2,0,0,0,2,1,-27.88248042,-48.64731073,SPRF-SC,DEL01-SC,UOP02-DEL01-SC,2021
"366583,0",2021-06-26,sábado,07:32:00,SC,480,"125,8",CHAPECO,Ingestão de álcool pelo condutor,Colisão com objeto,Com Vítimas Feridas,Pleno dia,Crescente,Céu Claro,Dupla,Reta,Sim,2,0,0,1,1,0,1,1,-27.00882521,-52.64176553,SPRF-SC,DEL07-SC,UOP01-DEL07-SC,2021
"366584,0",2021-06-26,sábado,11:15:00,SC,280,"101,2",SAO BENTO DO SUL,Manobra de mudança de faixa,Colisão com objeto,Com Vítimas Feridas,Pleno dia,Crescente,Céu Claro,Simples,Curva,Não,2,0,1,0,1,0,1,2,-26.3647522,-49.33526222,SPRF-SC,DEL06-SC,UOP03-DEL06-SC,2021
"366586,0",2021-06-26,sábado,12:55:00,SC,101,"275,2",IMBITUBA,Condutor deixou de manter distância do veículo da frente,Colisão lateral mesmo sentido,Com Vítimas Feridas,Pleno dia,Decrescente,Céu Claro,Dupla,Reta,Sim,3,0,1,0,2,0,1,3,-28.138086,-48.69218292,SPRF-SC,DEL02-SC,UOP03-DEL02-SC,2021
"366596,0",2021-06-26,sábado,15:15:00,SC,101,"117,0",ITAJAI,Acumulo de óleo sobre o pavimento,Tombamento,Com Vítimas Feridas,Pleno dia,Decrescente,Céu Claro,Dupla,Viaduto,Sim,1,0,1,0,0,0,1,1,-26.88747187,-48.72252969,SPRF-SC,DEL04-SC,UOP04-DEL04-SC,2021
"366600,0",2021-06-26,sábado,15:40:00,SC,101,"44,0",JOINVILLE,Acessar a via sem observar a presença dos outros veículos,Engavetamento,Com Vítimas Feridas,Pleno dia,Decrescente,Nublado,Dupla,Reta,Não,8,0,1,0,7,0,1,3,-26.34586588,-48.85720968,SPRF-SC,DEL03-SC,UOP01-DEL03-SC,2021
"366603,0",2021-06-26,sábado,16:30:00,SC,101,"117,0",ITAJAI,Desrespeitar a preferência no cruzamento,Colisão transversal,Com Vítimas Feridas,Pleno dia,Crescente,Nublado,Simples,Interseção de Vias,Não,2,0,1,0,1,0,1,2,-26.88747187,-48.72252969,SPRF-SC,DEL04-SC,UOP04-DEL04-SC,2021
"366604,0",2021-06-26,sábado,14:40:00,SC,101,"281,2",IMBITUBA,Condutor Dormindo,Saída de leito carroçável,Com Vítimas Fatais,Pleno dia,Crescente,Nublado,Múltipla,Reta,Sim,4,1,1,2,0,0,3,1,-28.2040408,-48.6985276,SPRF-SC,DEL02-SC,UOP03-DEL02-SC,2021
"366612,0",2021-05-28,sexta-feira,14:30:00,SC,280,"24,0",ARAQUARI,Reação tardia ou ineficiente do condutor,Colisão transversal,Com Vítimas Feridas,Pleno dia,Crescente,Céu Claro,Simples,Reta;Interseção de Vias,Sim,2,0,1,0,1,0,1,2,-26.378135,-48.72052,SPRF-SC,DEL03-SC,UOP03-DEL03-SC,2021
"366637,0",2021-06-26,sábado,09:30:00,SC,153,"110,4",CONCORDIA,Velocidade Incompatível,Saída de leito carroçável,Com Vítimas Feridas,Pleno dia,Decrescente,Nublado,Simples,Curva,Não,1,0,1,0,0,0,1,1,-27.313625,-51.984699,SPRF-SC,DEL07-SC,UOP04-DEL07-SC,2021
"366646,0",2021-06-26,sábado,19:30:00,SC,101,"206,8",SAO JOSE,Acessar a via sem observar a presença dos outros veículos,Colisão lateral mesmo sentido,Com Vítimas Feridas,Plena Noite,Decrescente,Céu Claro,Múltipla,Interseção de Vias,Sim,2,0,1,0,1,0,1,2,-27.59193546,-48.61824557,SPRF-SC,DEL01-SC,UOP01-DEL01-SC,2021
"366650,0",2021-06-26,sábado,19:10:00,SC,280,"69,2",JARAGUA DO SUL,Acessar a via sem observar a presença dos outros veículos,Colisão transversal,Com Vítimas Feridas,Plena Noite,Crescente,Nublado,Simples,Reta,Sim,2,0,1,0,1,0,1,2,-26.46592456,-49.12446499,SPRF-SC,DEL03-SC,UOP03-DEL03-SC,2021
"366660,0",2021-06-26,sábado,18:40:00,SC,163,"72,0",SAO MIGUEL DO OESTE,Manobra de mudança de faixa,Colisão lateral mesmo sentido,Com Vítimas Feridas,Plena Noite,Crescente,Céu Claro,Dupla,Reta;Aclive;Interseção de Vias,Sim,2,0,1,0,1,0,1,2,-26.71908804,-53.5157791,SPRF-SC,DEL07-SC,UOP03-DEL07-SC,2021
"366664,0",2021-06-26,sábado,21:00:00,SC,116,"246,0",LAGES,Condutor deixou de manter distância do veículo da frente,Colisão traseira,Com Vítimas Feridas,Plena Noite,Crescente,Céu Claro,Simples,Reta,Sim,2,0,1,0,1,0,1,2,-27.80419942,-50.36509464,SPRF-SC,DEL05-SC,UOP02-DEL05-SC,2021
"366668,0",2021-06-26,sábado,12:55:00,SC,116,"128,7",SANTA CECILIA,Ausência de reação do condutor,Engavetamento,Com Vítimas Feridas,Pleno dia,Crescente,Céu Claro,Simples,Reta,Não,3,0,1,0,2,0,1,3,-26.87529113,-50.42492594,SPRF-SC,DEL06-SC,UOP02-DEL06-SC,2021
"366688,0",2021-06-26,sábado,22:20:00,SC,101,"216,0",PALHOCA,Ingestão de álcool pelo condutor,Colisão com objeto,Sem Vítimas,Plena Noite,Decrescente,Céu Claro,Múltipla,Reta;Em Obras,Sim,1,0,0,0,1,0,0,1,-27.66016342,-48.67715836,SPRF-SC,DEL01-SC,UOP02-DEL01-SC,2021
"366695,0",2021-06-27,domingo,00:01:00,SC,280,"65,0",JARAGUA DO SUL,Ingestão de álcool pelo condutor,Colisão transversal,Com Vítimas Feridas,Plena Noite,Crescente,Céu Claro,Simples,Reta,Sim,2,0,1,0,1,0,1,2,-26.48033994,-49.08159256,SPRF-SC,DEL03-SC,UOP03-DEL03-SC,2021