id,data_inversa,dia_semana,horario,uf,br,km,municipio,causa_acidente,tipo_acidente,classificacao_acidente,fase_dia,sentido_via,condicao_metereologica,tipo_pista,tracado_via,uso_solo,pessoas,mortos,feridos_leves,feridos_graves,ilesos,ignorados,feridos,veiculos,latitude,longitude,regional,delegacia,uop,ano_arquivo
"367757,0",2021-07-02,sexta-feira,10:00:00,SC,280,"52,0",GUARAMIRIM,Acessar a via sem observar a presença dos outros veículos,Colisão transversal,Com Vítimas Feridas,Pleno dia,Decrescente,Céu Claro,Simples,Reta,Sim,2,0,1,0,1,0,1,2,-26.468904,-48.96492,SPRF-SC,DEL03-SC,UOP03-DEL03-SC,2021
"367759,0",2021-07-02,sexta-feira,10:14:00,SC,282,"609,1",MARAVILHA,Frear bruscamente,Colisão traseira,Sem Vítimas,Pleno dia,Crescente,Céu Claro,Simples,Reta,Não,3,0,0,0,2,1,0,3,-26.761354,-53.221897,SPRF-SC,DEL07-SC,UOP02-DEL07-SC,2021
"367768,0",2021-07-02,sexta-feira,09:00:00,SC,163,"77,0",SAO MIGUEL DO OESTE,Pista esburacada,Saída de leito carroçável,Com Vítimas Feridas,Pleno dia,Crescente,Céu Claro,Simples,Reta,Não,2,0,1,0,1,0,1,2,-26.67615498,-53.51669997,SPRF-SC,DEL07-SC,UOP03-DEL07-SC,2021
"367769,0",2021-07-02,sexta-feira,10:30:00,SC,163,"68,0",SAO MIGUEL DO OESTE,Condutor deixou de manter distância do veículo da frente,Colisão traseira,Sem Vítimas,Pleno dia,Decrescente,Céu Claro,Dupla,Reta,Não,1,0,0,0,1,0,0,1,-26.75038301,-53.50086841,SPRF-SC,DEL07-SC,UOP03-DEL07-SC,2021
"367784,0",2021-07-02,sexta-feira,13:30:00,SC,101,"202,0",SAO JOSE,Reação tardia ou ineficiente do condutor,Colisão traseira,Com Vítimas Feridas,Pleno dia,Crescente,Sol,Dupla,Reta,Sim,4,0,3,0,1,0,3,3,-27.55711595,-48.61897889,SPRF-SC,DEL01-SC,UOP01-DEL01-SC,2021
"367787,0",2021-07-02,sexta-feira,13:40:00,SC,280,"128,0",RIO NEGRINHO,Acessar a via sem observar a presença dos outros veículos,Colisão transversal,Com Vítimas Feridas,Pleno dia,Decrescente,Sol,Simples,Interseção de Vias,Sim,2,0,1,0,1,0,1,2,-26.24317941,-49.51320018,SPRF-SC,DEL06-SC,UOP03-DEL06-SC,2021
"367788,0",2021-07-02,sexta-feira,13:29:00,SC,101,"435,7",SOMBRIO,Desrespeitar a preferência no cruzamento,Colisão transversal,Com Vítimas Feridas,Pleno dia,Decrescente,Céu Claro,Simples,Interseção de Vias,Sim,2,0,2,0,0,0,2,2,-29.09967698,-49.63457823,SPRF-SC,DEL02-SC,UOP02-DEL02-SC,2021
"367826,0",2021-07-02,sexta-feira,00:10:00,SC,116,"135,8",SANTA CECILIA,Ausência de reação do condutor,Saída de leito carroçável,Com Vítimas Feridas,Plena Noite,Decrescente,Ignorado,Simples,Curva,Não,1,0,1,0,0,0,1,1,-26.92904296,-50.4345818,SPRF-SC,DEL06-SC,UOP02-DEL06-SC,2021
"367827,0",2021-07-02,sexta-feira,16:40:00,SC,101,"114,6",ITAJAI,Trafegar com motocicleta (ou similar) entre as faixas,Colisão lateral mesmo sentido,Com Vítimas Feridas,Pleno dia,Crescente,Céu Claro,Dupla,Reta,Sim,2,0,1,0,1,0,1,2,-26.86192886,-48.7286704,SPRF-SC,DEL04-SC,UOP04-DEL04-SC,2021
"367828,0",2021-05-19,quarta-feira,18:00:00,SC,280,"52,0",GUARAMIRIM,Acessar a via sem observar a presença dos outros veículos,Colisão transversal,Com Vítimas Feridas,Plena Noite,Crescente,Céu Claro,Simples,Interseção de Vias;Em Obras,Sim,2,0,1,0,1,0,1,2,-26.468904,-48.96492,SPRF-SC,DEL03-SC,UOP03-DEL03-SC,2021
"367859,0",2021-07-02,sexta-feira,18:30:00,SC,480,"124,1",CHAPECO,Condutor deixou de manter distância do veículo da frente,Colisão traseira,Sem Vítimas,Plena Noite,Decrescente,Céu Claro,Dupla,Reta,Sim,2,0,0,0,2,0,0,2,-27.00359519,-52.64391044,SPRF-SC,DEL07-SC,UOP01-DEL07-SC,2021
"367861,0",2021-07-02,sexta-feira,19:40:00,SC,282,"1,5",SAO JOSE,Condutor deixou de manter distância do veículo da frente,Colisão traseira,Com Vítimas Feridas,Plena Noite,Crescente,Nublado,Dupla,Reta,Sim,3,0,2,0,1,0,2,3,-27.602955,-48.580509,SPRF-SC,DEL01-SC,UOP01-DEL01-SC,2021
"367866,0",2021-07-02,sexta-feira,19:40:00,SC,101,"215,0",PALHOCA,Acesso irregular,Colisão lateral mesmo sentido,Sem Vítimas,Plena Noite,Decrescente,Céu Claro,Dupla,Reta,Sim,2,0,0,0,2,0,0,2,-27.65184843,-48.67604941,SPRF-SC,DEL01-SC,UOP02-DEL01-SC,2021
"367868,0",2021-07-02,sexta-feira,20:00:00,SC,282,"16,0",PALHOCA,Desrespeitar a preferência no cruzamento,Colisão lateral mesmo sentido,Com Vítimas Feridas,Plena Noite,Crescente,Céu Claro,Dupla,Reta,Sim,3,0,1,1,1,0,2,2,-27.658611,-48.681847,SPRF-SC,DEL01-SC,UOP02-DEL01-SC,2021
"367872,0",2021-07-02,sexta-feira,19:30:00,SC,101,"105,2",PENHA,Reação tardia ou ineficiente do condutor,Colisão traseira,Sem Vítimas,Plena Noite,Crescente,Céu Claro,Dupla,Reta,Não,2,0,0,0,2,0,0,2,-26.80215497,-48.67891041,SPRF-SC,DEL03-SC,UOP02-DEL03-SC,2021
"367885,0",2021-07-02,sexta-feira,19:50:00,SC,163,"68,5",SAO MIGUEL DO OESTE,Ingestão de álcool pelo condutor,Colisão transversal,Com Vítimas Feridas,Plena Noite,Decrescente,Céu Claro,Dupla,Reta;Aclive,Sim,2,0,1,0,1,0,1,2,-26.75038301,-53.50086841,SPRF-SC,DEL07-SC,UOP03-DEL07-SC,2021
"367897,0",2021-07-02,sexta-feira,20:45:00,SC,282,"580,8",PINHALZINHO,Acessar a via sem observar a presença dos outros veículos,Colisão transversal,Com Vítimas Feridas,Plena Noite,Crescente,Céu Claro,Simples,Declive;Reta,Sim,2,0,0,1,1,0,1,2,-26.832148,-52.994308,SPRF-SC,DEL07-SC,UOP02-DEL07-SC,2021
"367908,0",2021-07-03,sábado,00:20:00,SC,101,"205,0",SAO JOSE,Transitar na contramão,Colisão com objeto,Sem Vítimas,Plena Noite,Decrescente,Céu Claro,Dupla,Reta,Não,1,0,0,0,1,0,0,1,-27.58313237,-48.61532885,SPRF-SC,DEL01-SC,UOP01-DEL01-SC,2021
"367912,0",2021-07-02,sexta-feira,22:40:00,SC,163,"67,5",SAO MIGUEL DO OESTE,Acessar a via sem observar a presença dos outros veículos,Colisão transversal,Com Vítimas Feridas,Plena Noite,Crescente,Céu Claro,Dupla,Reta,Sim,2,0,1,0,1,0,1,2,-26.759436,-53.50055292,SPRF-SC,DEL07-SC,UOP03-DEL07-SC,2021
"367919,0",2021-07-02,sexta-feira,23:40:00,SC,282,"430,5",VARGEM BONITA,Condutor Dormindo,Saída de leito carroçável,Com Vítimas Feridas,Plena Noite,Decrescente,Céu Claro,Simples,Curva,Não,1,0,1,0,0,0,1,1,-26.980852,-51.795891,SPRF-SC,DEL07-SC,UOP05-DEL07-SC,2021
"367920,0",2021-07-03,sábado,00:15:00,SC,116,"206,0",PONTE ALTA,Condutor Dormindo,Colisão com objeto,Com Vítimas Feridas,Plena Noite,Crescente,Céu Claro,Simples,Rotatória,Sim,1,0,1,0,0,0,1,1,-27.47335386,-50.3816746,SPRF-SC,DEL05-SC,UOP03-DEL05-SC,2021
"367923,0",2021-07-03,sábado,01:00:00,SC,282,"501,3",XANXERE,Ingestão de álcool pelo condutor,Saída de leito carroçável,Sem Vítimas,Plena Noite,Decrescente,Nublado,Simples,Reta,Sim,1,0,0,0,0,1,0,1,-26.882715,-52.381729,SPRF-SC,DEL07-SC,UOP01-DEL07-SC,2021
"367936,0",2021-07-03,sábado,02:00:00,SC,101,"441,0",SANTA ROSA DO SUL,Condutor Dormindo,Saída de leito carroçável,Sem Vítimas,Plena Noite,Decrescente,Céu Claro,Dupla,Reta,Não,1,0,0,0,0,1,0,1,-29.12676736,-49.67703089,SPRF-SC,DEL02-SC,UOP02-DEL02-SC,2021
"367940,0",2021-07-02,sexta-feira,22:45:00,SC,101,"431,0",SOMBRIO,Condutor deixou de manter distância do veículo da frente,Colisão traseira,Com Vítimas Feridas,Plena Noite,Crescente,Céu Claro,Dupla,Reta,Sim,3,0,1,1,1,0,2,2,-29.064526,-49.62464101,SPRF-SC,DEL02-SC,UOP02-DEL02-SC,2021
"367970,0",2021-07-03,sábado,07:40:00,SC,116,"258,8",CAPAO ALTO,Ingestão de álcool pelo condutor,Colisão transversal,Sem Vítimas,Pleno dia,Crescente,Céu Claro,Simples,Aclive,Não,2,0,0,0,2,0,0,2,-27.89324692,-50.42299606,SPRF-SC,DEL05-SC,UOP02-DEL05-SC,2021
"368029,0",2021-07-03,sábado,13:30:00,SC,470,"54,0",BLUMENAU,Manobra de mudança de faixa,Colisão lateral mesmo sentido,Com Vítimas Feridas,Pleno dia,Crescente,Céu Claro,Simples,Reta,Sim,2,0,1,0,1,0,1,2,-26.871065,-49.110374,SPRF-SC,DEL04-SC,UOP01-DEL04-SC,2021
"368039,0",2021-07-03,sábado,12:00:00,SC,101,"118,5",ITAJAI,Reação tardia ou ineficiente do condutor,Colisão traseira,Com Vítimas Feridas,Pleno dia,Crescente,Sol,Múltipla,Reta,Sim,4,0,2,0,2,0,2,3,-26.895859,-48.71903,SPRF-SC,DEL04-SC,UOP04-DEL04-SC,2021
"368068,0",2021-07-03,sábado,16:35:00,SC,101,"41,9",JOINVILLE,Ausência de reação do condutor,Colisão com objeto,Com Vítimas Feridas,Pleno dia,Crescente,Céu Claro,Dupla,Reta,Sim,1,0,1,0,0,0,1,1,-26.32335447,-48.86813164,SPRF-SC,DEL03-SC,UOP01-DEL03-SC,2021
"368075,0",2021-07-03,sábado,16:30:00,SC,470,"101,0",APIUNA,Condutor deixou de manter distância do veículo da frente,Colisão traseira,Com Vítimas Feridas,Pleno dia,Crescente,Céu Claro,Simples,Reta,Não,2,0,1,0,0,1,1,2,-27.053085,-49.390018,SPRF-SC,DEL04-SC,UOP02-DEL04-SC,2021
"368088,0",2021-07-03,sábado,17:58:00,SC,101,"46,0",JOINVILLE,Reação tardia ou ineficiente do condutor,Colisão com objeto,Com Vítimas Feridas,Anoitecer,Crescente,Céu Claro,Dupla,Reta,Sim,1,0,1,0,0,0,1,1,-26.35700233,-48.85897458,SPRF-SC,DEL03-SC,UOP01-DEL03-SC,2021
"368090,0",2021-07-03,sábado,18:00:00,SC,101,"356,7",SANGAO,Manobra de mudança de faixa,Colisão transversal,Com Vítimas Feridas,Plena Noite,Decrescente,Céu Claro,Simples,Curva,Não,2,0,0,1,0,1,1,2,-28.64093909,-49.0989089,SPRF-SC,DEL02-SC,UOP01-DEL02-SC,2021
"368092,0",2021-07-03,sábado,17:20:00,SC,101,"281,5",IMBITUBA,Velocidade Incompatível,Colisão com objeto,Com Vítimas Feridas,Anoitecer,Crescente,Céu Claro,Simples,Reta,Não,1,0,1,0,0,0,1,1,-28.20505152,-48.69902557,SPRF-SC,DEL02-SC,UOP03-DEL02-SC,2021
"368093,0",2021-07-03,sábado,17:20:00,SC,280,"180,4",MAFRA,Acessar a via sem observar a presença dos outros veículos,Colisão transversal,Com Vítimas Feridas,Pleno dia,Crescente,Céu Claro,Simples,Reta,Não,3,0,1,0,1,1,1,3,-26.1759124,-49.8879912,SPRF-SC,DEL06-SC,UOP01-DEL06-SC,2021
"368096,0",2021-07-03,sábado,18:00:00,SC,101,"96,7",BALNEARIO PICARRAS,Acessar a via sem observar a presença dos outros veículos,Colisão transversal,Com Vítimas Fatais,Plena Noite,Crescente,Céu Claro,Dupla,Reta,Não,2,1,1,0,0,0,1,2,-26.72918,-48.702088,SPRF-SC,DEL03-SC,UOP02-DEL03-SC,2021
"368100,0",2021-07-03,sábado,18:45:00,SC,282,"17,7",PALHOCA,Ingestão de álcool pelo condutor,Colisão traseira,Sem Vítimas,Plena Noite,Decrescente,Nublado,Simples,Reta,Sim,2,0,0,0,2,0,0,2,-27.665707,-48.688065,SPRF-SC,DEL01-SC,UOP02-DEL01-SC,2021
"368119,0",2021-07-03,sábado,18:45:00,SC,282,"184,0",BOCAINA DO SUL,Pedestre andava na pista,Atropelamento de Pedestre,Com Vítimas Feridas,Plena Noite,Crescente,Céu Claro,Simples,Reta,Não,2,0,1,0,1,0,1,2,-27.73336,-49.978264,SPRF-SC,DEL05-SC,UOP01-DEL05-SC,2021
"368121,0",2021-05-11,terça-feira,10:00:00,SC,101,"92,4",BARRA VELHA,Acessar a via sem observar a presença dos outros veículos,Saída de leito carroçável,Com Vítimas Feridas,Pleno dia,Decrescente,Céu Claro,Dupla,Reta,Sim,1,0,1,0,0,0,1,1,-26.6806041,-48.6931497,SPRF-SC,DEL03-SC,UOP02-DEL03-SC,2021
"368128,0",2021-07-03,sábado,20:15:00,SC,101,"416,3",ARARANGUA,Pedestre cruzava a pista fora da faixa,Atropelamento de Pedestre,Com Vítimas Feridas,Plena Noite,Decrescente,Ignorado,Simples,Interseção de Vias,Sim,2,0,0,1,1,0,1,2,-28.97386829,-49.53074455,SPRF-SC,DEL02-SC,UOP02-DEL02-SC,2021
"368140,0",2021-07-03,sábado,19:00:00,SC,282,"522,1",XAXIM,Ingestão de álcool pelo condutor,Colisão traseira,Sem Vítimas,Plena Noite,Decrescente,Céu Claro,Simples,Declive,Sim,2,0,0,0,2,0,0,2,-26.956238,-52.542637,SPRF-SC,DEL07-SC,UOP01-DEL07-SC,2021
"368147,0",2021-07-03,sábado,18:48:00,SC,101,"41,8",JOINVILLE,Ingestão de álcool pelo condutor,Saída de leito carroçável,Sem Vítimas,Plena Noite,Crescente,Nublado,Simples,Reta,Sim,1,0,0,0,1,0,0,1,-26.28215489,-48.88973081,SPRF-SC,DEL03-SC,UOP01-DEL03-SC,2021
"368166,0",2021-07-03,sábado,20:50:00,SC,101,"14,9",GARUVA,Acessar a via sem observar a presença dos outros veículos,Colisão transversal,Com Vítimas Feridas,Plena Noite,Decrescente,Céu Claro,Dupla,Retorno Regulamentado,Não,6,0,2,0,4,0,2,2,-26.10523447,-48.87144685,SPRF-SC,DEL03-SC,UOP01-DEL03-SC,2021
"368172,0",2021-07-04,domingo,00:00:00,SC,470,"66,2",INDAIAL,Ingestão de álcool pelo condutor,Colisão com objeto,Com Vítimas Feridas,Plena Noite,Crescente,Céu Claro,Simples,Rotatória,Sim,1,0,0,1,0,0,1,1,-26.86971037,-49.22518986,SPRF-SC,DEL04-SC,UOP01-DEL04-SC,2021
"368178,0",2021-07-03,sábado,23:35:00,SC,282,"599,2",CUNHA PORA,Ingestão de álcool pelo condutor,Tombamento,Com Vítimas Feridas,Plena Noite,Crescente,Céu Claro,Simples,Aclive,Não,1,0,1,0,0,0,1,1,-26.818916,-53.157808,SPRF-SC,DEL07-SC,UOP02-DEL07-SC,2021
"368189,0",2021-07-04,domingo,01:15:00,SC,101,"328,0",CAPIVARI DE BAIXO,Condutor deixou de manter distância do veículo da frente,Colisão traseira,Com Vítimas Feridas,Plena Noite,Decrescente,Céu Claro,Dupla,Reta,Não,1,0,1,0,0,0,1,1,-28.43648094,-48.95989307,SPRF-SC,DEL02-SC,UOP01-DEL02-SC,2021
"368196,0",2021-07-03,sábado,21:20:00,SC,470,"278,0",BRUNOPOLIS,Reação tardia ou ineficiente do condutor,Capotamento,Sem Vítimas,Plena Noite,Decrescente,Céu Claro,Simples,Curva,Não,1,0,0,0,0,1,0,1,-27.33501,-50.85,SPRF-SC,DEL07-SC,UOP06-DEL07-SC,2021
"368201,0",2021-07-04,domingo,00:45:00,SC,101,"411,0",ARARANGUA,Ingestão de álcool pelo condutor,Colisão com objeto,Com Vítimas Feridas,Plena Noite,Crescente,Céu Claro,Simples,Rotatória,Sim,2,0,1,0,1,0,1,1,-28.93112097,-49.4940421,SPRF-SC,DEL02-SC,UOP02-DEL02-SC,2021
"368206,0",2021-07-04,domingo,04:10:00,SC,282,"215,0",LAGES,Ingestão de álcool pelo condutor,Colisão com objeto,Sem Vítimas,Amanhecer,Decrescente,Nublado,Simples,Rotatória,Sim,1,0,0,0,1,0,0,1,-27.793665,-50.281799,SPRF-SC,DEL05-SC,UOP01-DEL05-SC,2021
"368210,0",2021-07-04,domingo,05:45:00,SC,101,"373,0",ICARA,Ingestão de álcool pelo condutor,Saída de leito carroçável,Com Vítimas Feridas,Plena Noite,Crescente,Nevoeiro/Neblina,Dupla,Reta,Não,1,0,1,0,0,0,1,1,-28.7132671,-49.21763596,SPRF-SC,DEL02-SC,UOP01-DEL02-SC,2021
"368211,0",2021-07-04,domingo,05:15:00,SC,282,"644,0",SAO MIGUEL DO OESTE,Ingestão de álcool pelo condutor,Colisão transversal,Com Vítimas Feridas,Plena Noite,Decrescente,Nevoeiro/Neblina,Simples,Curva;Declive,Não,7,0,1,0,6,0,1,2,-26.76557542,-53.4844923,SPRF-SC,DEL07-SC,UOP03-DEL07-SC,2021
"368239,0",2021-07-04,domingo,02:00:00,SC,470,"144,5",RIO DO SUL,Pista em desnível,Saída de leito carroçável,Com Vítimas Feridas,Plena Noite,Decrescente,Ignorado,Simples,Reta,Sim,1,0,1,0,0,0,1,1,-27.235138,-49.677608,SPRF-SC,DEL04-SC,UOP02-DEL04-SC,2021
"368266,0",2021-07-04,domingo,14:15:00,SC,101,"108,0",PENHA,Avarias e/ou desgaste excessivo no pneu,Tombamento,Com Vítimas Feridas,Pleno dia,Crescente,Nublado,Dupla,Reta,Não,2,0,1,0,1,0,1,1,-26.82606902,-48.69052298,SPRF-SC,DEL03-SC,UOP02-DEL03-SC,2021
"368268,0",2021-07-04,domingo,14:00:00,SC,101,"206,9",SAO JOSE,Desrespeitar a preferência no cruzamento,Colisão transversal,Com Vítimas Feridas,Pleno dia,Crescente,Sol,Múltipla,Viaduto;Interseção de Vias,Sim,2,0,1,0,1,0,1,2,-27.59912951,-48.62207115,SPRF-SC,DEL01-SC,UOP01-DEL01-SC,2021
"368278,0",2021-07-04,domingo,15:15:00,SC,101,"214,2",PALHOCA,Ingestão de álcool pelo condutor,Colisão traseira,Com Vítimas Feridas,Pleno dia,Decrescente,Sol,Dupla,Declive,Sim,3,0,2,0,1,0,2,2,-27.64443,-48.67057,SPRF-SC,DEL01-SC,UOP02-DEL01-SC,2021
"368311,0",2021-07-04,domingo,18:25:00,SC,101,"155,1",PORTO BELO,Transitar na contramão,Colisão frontal,Com Vítimas Fatais,Anoitecer,Decrescente,Nublado,Simples,Reta,Não,3,1,0,1,1,0,1,2,-27.16292,-48.61129,SPRF-SC,DEL04-SC,UOP03-DEL04-SC,2021
"368326,0",2021-07-04,domingo,18:30:00,SC,280,"6,3",SAO FRANCISCO DO SUL,Acessar a via sem observar a presença dos outros veículos,Colisão transversal,Com Vítimas Feridas,Plena Noite,Crescente,Nublado,Simples,Reta,Sim,2,0,1,0,1,0,1,2,-26.26569095,-48.63361804,SPRF-SC,DEL03-SC,UOP03-DEL03-SC,2021
"368332,0",2021-07-04,domingo,05:30:00,SC,101,"215,5",PALHOCA,Reação tardia ou ineficiente do condutor,Colisão com objeto,Sem Vítimas,Amanhecer,Crescente,Céu Claro,Múltipla,Rotatória,Sim,1,0,0,0,1,0,0,1,-27.65555451,-48.67902517,SPRF-SC,DEL01-SC,UOP02-DEL01-SC,2021
"368344,0",2021-07-04,domingo,20:00:00,SC,101,"123,0",ITAJAI,Desrespeitar a preferência no cruzamento,Colisão transversal,Com Vítimas Feridas,Plena Noite,Decrescente,Céu Claro,Dupla,Viaduto,Sim,4,0,2,0,1,1,2,2,-26.93668609,-48.69876905,SPRF-SC,DEL04-SC,UOP04-DEL04-SC,2021
"368388,0",2021-07-04,domingo,23:00:00,SC,282,"21,1",PALHOCA,Ingestão de álcool pelo condutor,Colisão lateral sentido oposto,Sem Vítimas,Plena Noite,Crescente,Nublado,Simples,Reta,Sim,2,0,0,0,2,0,0,2,-27.68907,-48.717541,SPRF-SC,DEL01-SC,UOP02-DEL01-SC,2021
"368402,0",2021-07-04,domingo,21:45:00,SC,101,"400,9",MARACAJA,Desrespeitar a preferência no cruzamento,Colisão frontal,Com Vítimas Feridas,Plena Noite,Decrescente,Céu Claro,Simples,Curva;Interseção de Vias,Sim,3,0,1,1,1,0,2,2,-28.8713034,-49.4517374,SPRF-SC,DEL02-SC,UOP02-DEL02-SC,2021
"368408,0",2021-07-04,domingo,23:10:00,SC,282,"115,8",ALFREDO WAGNER,Condutor Dormindo,Saída de leito carroçável,Com Vítimas Feridas,Plena Noite,Decrescente,Céu Claro,Simples,Curva,Não,1,0,1,0,0,0,1,1,-27.755424,-49.39444,SPRF-SC,DEL01-SC,UOP03-DEL01-SC,2021
"368438,0",2021-07-05,segunda-feira,06:45:00,SC,470,"32,0",GASPAR,Ausência de reação do condutor,Colisão transversal,Com Vítimas Feridas,Amanhecer,Decrescente,Céu Claro,Dupla,Reta,Não,2,0,0,2,0,0,2,2,-26.901793,-48.931812,SPRF-SC,DEL04-SC,UOP01-DEL04-SC,2021
"368476,0",2021-07-05,segunda-feira,07:45:00,SC,280,"68,4",JARAGUA DO SUL,Acessar a via sem observar a presença dos outros veículos,Colisão transversal,Com Vítimas Feridas,Pleno dia,Crescente,Céu Claro,Simples,Reta;Interseção de Vias,Sim,2,0,1,0,1,0,1,2,-26.47165828,-49.112674,SPRF-SC,DEL03-SC,UOP03-DEL03-SC,2021
"368482,0",2021-07-05,segunda-feira,10:15:00,SC,101,"410,9",ARARANGUA,Desrespeitar a preferência no cruzamento,Colisão transversal,Com Vítimas Feridas,Pleno dia,Crescente,Céu Claro,Simples,Reta,Sim,2,0,1,0,1,0,1,2,-28.94581905,-49.50405121,SPRF-SC,DEL02-SC,UOP02-DEL02-SC,2021
"368519,0",2021-07-05,segunda-feira,07:30:00,SC,163,"70,0",SAO MIGUEL DO OESTE,Desrespeitar a preferência no cruzamento,Colisão frontal,Com Vítimas Feridas,Pleno dia,Crescente,Sol,Dupla,Reta,Sim,2,0,1,0,1,0,1,2,-26.73461723,-53.50680015,SPRF-SC,DEL07-SC,UOP03-DEL07-SC,2021
"368527,0",2021-07-05,segunda-feira,12:50:00,SC,116,"12,3",MAFRA,Acessar a via sem observar a presença dos outros veículos,Colisão transversal,Com Vítimas Feridas,Pleno dia,Decrescente,Nublado,Simples,Interseção de Vias,Não,3,0,1,0,2,0,1,2,-26.17985765,-49.87127781,SPRF-SC,DEL06-SC,UOP01-DEL06-SC,2021
"368529,0",2021-07-05,segunda-feira,09:30:00,SC,101,"133,8",BALNEARIO CAMBORIU,Acessar a via sem observar a presença dos outros veículos,Colisão frontal,Com Vítimas Feridas,Pleno dia,Decrescente,Céu Claro,Simples,Viaduto,Não,2,0,0,1,1,0,1,2,-26.99936,-48.64609,SPRF-SC,DEL04-SC,UOP03-DEL04-SC,2021
"368623,0",2021-07-05,segunda-feira,17:10:00,SC,470,"172,9",POUSO REDONDO,Pedestre cruzava a pista fora da faixa,Atropelamento de Pedestre,Com Vítimas Feridas,Anoitecer,Decrescente,Céu Claro,Simples,Reta,Não,2,0,1,0,1,0,1,2,-27.257526,-49.909592,SPRF-SC,DEL04-SC,UOP02-DEL04-SC,2021
"368637,0",2021-07-06,terça-feira,02:20:00,SC,101,"152,5",PORTO BELO,Ingestão de álcool pelo condutor,Colisão traseira,Com Vítimas Feridas,Plena Noite,Decrescente,Garoa/Chuvisco,Simples,Reta,Sim,2,0,0,1,1,0,1,2,-27.13563503,-48.61004665,SPRF-SC,DEL04-SC,UOP03-DEL04-SC,2021
"368674,0",2021-07-06,terça-feira,08:55:00,SC,101,"265,5",PAULO LOPES,Demais falhas mecânicas ou elétricas,Incêndio,Sem Vítimas,Pleno dia,Crescente,Céu Claro,Dupla,Aclive,Sim,1,0,0,0,1,0,0,1,-28.067827,-48.714918,SPRF-SC,DEL02-SC,UOP03-DEL02-SC,2021
"368698,0",2021-07-06,terça-feira,11:30:00,SC,101,"130,0",BALNEARIO CAMBORIU,Condutor deixou de manter distância do veículo da frente,Engavetamento,Com Vítimas Feridas,Pleno dia,Crescente,Nublado,Múltipla,Reta,Sim,3,0,1,0,2,0,1,3,-26.98407618,-48.66977107,SPRF-SC,DEL04-SC,UOP03-DEL04-SC,2021
"368702,0",2021-07-06,terça-feira,07:20:00,SC,163,"71,4",SAO MIGUEL DO OESTE,Acessar a via sem observar a presença dos outros veículos,Colisão transversal,Com Vítimas Feridas,Pleno dia,Decrescente,Céu Claro,Dupla,Interseção de Vias;Reta,Sim,2,0,1,0,1,0,1,2,-26.72772401,-53.51281303,SPRF-SC,DEL07-SC,UOP03-DEL07-SC,2021
"368720,0",2021-07-06,terça-feira,13:00:00,SC,470,"140,5",RIO DO SUL,Acessar a via sem observar a presença dos outros veículos,Colisão transversal,Com Vítimas Feridas,Pleno dia,Decrescente,Céu Claro,Simples,Reta,Sim,2,0,0,1,1,0,1,2,-27.222485,-49.662827,SPRF-SC,DEL04-SC,UOP02-DEL04-SC,2021
"368774,0",2021-07-06,terça-feira,17:20:00,SC,280,"27,3",ARAQUARI,Reação tardia ou ineficiente do condutor,Colisão transversal,Com Vítimas Feridas,Pleno dia,Decrescente,Nublado,Simples,Reta,Sim,2,0,1,0,1,0,1,2,-26.39685622,-48.74021969,SPRF-SC,DEL03-SC,UOP03-DEL03-SC,2021
"368789,0",2021-07-06,terça-feira,18:25:00,SC,101,"118,0",ITAJAI,Condutor deixou de manter distância do veículo da frente,Colisão traseira,Sem Vítimas,Anoitecer,Crescente,Nublado,Dupla,Reta,Sim,2,0,0,0,0,2,0,2,-26.895859,-48.71903,SPRF-SC,DEL04-SC,UOP04-DEL04-SC,2021
"368819,0",2021-07-06,terça-feira,21:14:00,SC,280,"54,0",GUARAMIRIM,Acessar a via sem observar a presença dos outros veículos,Colisão lateral mesmo sentido,Com Vítimas Feridas,Plena Noite,Crescente,Nublado,Simples,Reta,Sim,2,0,1,0,1,0,1,2,-26.47539893,-48.983748,SPRF-SC,DEL03-SC,UOP03-DEL03-SC,2021
"368824,0",2021-07-06,terça-feira,21:40:00,SC,101,"217,3",PALHOCA,Avarias e/ou desgaste excessivo no pneu,Colisão transversal,Com Vítimas Feridas,Plena Noite,Crescente,Chuva,Múltipla,Interseção de Vias,Sim,2,0,1,0,1,0,1,2,-27.66985575,-48.67333889,SPRF-SC,DEL01-SC,UOP02-DEL01-SC,2021
"368826,0",2021-07-06,terça-feira,22:00:00,SC,470,"52,8",BLUMENAU,Transitar na contramão,Colisão frontal,Com Vítimas Feridas,Plena Noite,Crescente,Nublado,Simples,Rotatória,Sim,2,0,1,0,0,1,1,2,-26.862286,-49.093903,SPRF-SC,DEL04-SC,UOP01-DEL04-SC,2021
"368827,0",2021-07-06,terça-feira,18:40:00,SC,101,"305,8",LAGUNA,Ausência de sinalização,Colisão com objeto,Com Vítimas Feridas,Plena Noite,Decrescente,Céu Claro,Múltipla,Reta,Não,3,0,0,1,1,1,1,3,-28.40063605,-48.78656387,SPRF-SC,DEL02-SC,UOP03-DEL02-SC,2021