id,data_inversa,dia_semana,horario,uf,br,km,municipio,causa_acidente,tipo_acidente,classificacao_acidente,fase_dia,sentido_via,condicao_metereologica,tipo_pista,tracado_via,uso_solo,pessoas,mortos,feridos_leves,feridos_graves,ilesos,ignorados,feridos,veiculos,latitude,longitude,regional,delegacia,uop,ano_arquivo
"368870,0",2021-07-06,terça-feira,20:50:00,SC,101,"405,3",ARARANGUA,Ingestão de álcool pelo condutor,Colisão traseira,Com Vítimas Feridas,Plena Noite,Decrescente,Céu Claro,Dupla,Reta,Não,3,0,1,0,2,0,1,2,-28.89284011,-49.46880088,SPRF-SC,DEL02-SC,UOP02-DEL02-SC,2021
"368886,0",2021-07-07,quarta-feira,05:15:00,SC,163,"78,0",SAO MIGUEL DO OESTE,Pista esburacada,Tombamento,Com Vítimas Feridas,Plena Noite,Decrescente,Céu Claro,Simples,Reta,Não,1,0,1,0,0,0,1,1,-26.667838,-53.51978017,SPRF-SC,DEL07-SC,UOP03-DEL07-SC,2021
"368909,0",2021-06-09,quarta-feira,17:50:00,SC,101,"111,1",NAVEGANTES,Demais falhas mecânicas ou elétricas,Tombamento,Com Vítimas Feridas,Plena Noite,Crescente,Céu Claro,Dupla,Reta,Não,2,0,2,0,0,0,2,1,-26.83955734,-48.71418074,SPRF-SC,DEL04-SC,UOP04-DEL04-SC,2021
"368919,0",2021-07-07,quarta-feira,07:55:00,SC,101,"209,2",SAO JOSE,Trafegar com motocicleta (ou similar) entre as faixas,Colisão lateral mesmo sentido,Com Vítimas Feridas,Pleno dia,Decrescente,Céu Claro,Dupla,Reta,Não,3,0,1,0,2,0,1,2,-27.61000542,-48.63895057,SPRF-SC,DEL01-SC,UOP01-DEL01-SC,2021
"368937,0",2021-07-07,quarta-feira,10:58:00,SC,282,"50,4",GUARAMIRIM,Ultrapassagem Indevida,Colisão lateral sentido oposto,Com Vítimas Feridas,Pleno dia,Crescente,Céu Claro,Simples,Reta,Sim,2,0,1,0,1,0,1,2,-26.46457993,-48.95336151,SPRF-SC,DEL01-SC,UOP03-DEL01-SC,2021
"368944,0",2021-07-07,quarta-feira,11:40:00,SC,470,"174,3",POUSO REDONDO,Transitar no acostamento,Colisão transversal,Com Vítimas Feridas,Pleno dia,Crescente,Céu Claro,Simples,Reta,Não,3,0,1,0,2,0,1,2,-27.258179,-49.929146,SPRF-SC,DEL04-SC,UOP02-DEL04-SC,2021
"368958,0",2021-07-07,quarta-feira,11:40:00,SC,280,"125,0",RIO NEGRINHO,Acessar a via sem observar a presença dos outros veículos,Colisão transversal,Com Vítimas Feridas,Pleno dia,Decrescente,Sol,Simples,Interseção de Vias;Reta,Sim,2,0,1,0,1,0,1,2,-26.2390368,-49.50078964,SPRF-SC,DEL06-SC,UOP03-DEL06-SC,2021
"368965,0",2021-07-07,quarta-feira,13:10:00,SC,470,"126,0",LONTRAS,Frear bruscamente,Colisão traseira,Com Vítimas Feridas,Pleno dia,Crescente,Céu Claro,Simples,Reta,Não,2,0,1,0,1,0,1,2,-27.129,-49.538277,SPRF-SC,DEL04-SC,UOP02-DEL04-SC,2021
"368988,0",2021-07-07,quarta-feira,16:00:00,SC,101,"193,0",BIGUACU,Objeto estático sobre o leito carroçável,Queda de ocupante de veículo,Com Vítimas Feridas,Pleno dia,Crescente,Sol,Dupla,Curva,Sim,1,0,1,0,0,0,1,1,-27.489574,-48.655914,SPRF-SC,DEL01-SC,UOP01-DEL01-SC,2021
"368989,0",2021-07-07,quarta-feira,14:00:00,SC,282,"530,3",CORDILHEIRA ALTA,Acessar a via sem observar a presença dos outros veículos,Colisão traseira,Com Vítimas Feridas,Pleno dia,Crescente,Céu Claro,Simples,Reta,Não,6,0,3,0,3,0,3,2,-26.994078,-52.611341,SPRF-SC,DEL07-SC,UOP01-DEL07-SC,2021
"368994,0",2021-07-07,quarta-feira,15:40:00,SC,101,"192,0",BIGUACU,Condutor deixou de manter distância do veículo da frente,Colisão traseira,Com Vítimas Feridas,Pleno dia,Crescente,Céu Claro,Dupla,Reta,Não,1,0,1,0,0,0,1,1,-27.48443781,-48.64765238,SPRF-SC,DEL01-SC,UOP01-DEL01-SC,2021
"369011,0",2021-07-07,quarta-feira,17:05:00,SC,101,"359,2",SANGAO,Desrespeitar a preferência no cruzamento,Colisão transversal,Com Vítimas Feridas,Pleno dia,Crescente,Nublado,Simples,Interseção de Vias,Não,4,0,2,0,2,0,2,2,-28.660287,-49.1111709,SPRF-SC,DEL02-SC,UOP01-DEL02-SC,2021
"369029,0",2021-07-07,quarta-feira,18:45:00,SC,280,"52,5",GUARAMIRIM,Condutor deixou de manter distância do veículo da frente,Colisão traseira,Com Vítimas Feridas,Anoitecer,Decrescente,Céu Claro,Simples,Reta,Sim,2,0,1,0,1,0,1,2,-26.468904,-48.96492,SPRF-SC,DEL03-SC,UOP03-DEL03-SC,2021
"369031,0",2021-07-07,quarta-feira,18:20:00,SC,101,"309,0",LAGUNA,Ausência de reação do condutor,Colisão traseira,Com Vítimas Feridas,Plena Noite,Decrescente,Céu Claro,Múltipla,Declive;Reta,Não,2,0,0,1,1,0,1,2,-28.426097,-48.800888,SPRF-SC,DEL02-SC,UOP01-DEL02-SC,2021
"369033,0",2021-07-07,quarta-feira,12:00:00,SC,282,"488,6",FAXINAL DOS GUEDES,Desrespeitar a preferência no cruzamento,Tombamento,Com Vítimas Feridas,Pleno dia,Crescente,Sol,Simples,Rotatória,Sim,1,0,1,0,0,0,1,1,-26.863047,-52.270107,SPRF-SC,DEL07-SC,UOP01-DEL07-SC,2021
"369039,0",2021-07-07,quarta-feira,19:40:00,SC,101,"202,4",SAO JOSE,Manobra de mudança de faixa,Queda de ocupante de veículo,Com Vítimas Feridas,Plena Noite,Crescente,Céu Claro,Dupla,Reta,Sim,2,0,1,0,1,0,1,2,-27.55711595,-48.61897889,SPRF-SC,DEL01-SC,UOP01-DEL01-SC,2021
"369047,0",2021-07-07,quarta-feira,20:05:00,SC,101,"206,1",SAO JOSE,Condutor deixou de manter distância do veículo da frente,Colisão traseira,Com Vítimas Feridas,Plena Noite,Crescente,Céu Claro,Dupla,Reta,Não,3,0,1,0,2,0,1,3,-27.59193546,-48.61824557,SPRF-SC,DEL01-SC,UOP01-DEL01-SC,2021
"369056,0",2021-07-07,quarta-feira,13:30:00,SC,101,"413,0",ARARANGUA,Entrada inopinada do pedestre,Colisão transversal,Com Vítimas Feridas,Pleno dia,Decrescente,Céu Claro,Simples,Reta,Sim,2,0,1,0,0,1,1,2,-28.94605997,-49.50428402,SPRF-SC,DEL02-SC,UOP02-DEL02-SC,2021
"369075,0",2021-07-08,quinta-feira,01:30:00,SC,470,"3,0",NAVEGANTES,Ingestão de álcool pelo condutor,Saída de leito carroçável,Sem Vítimas,Plena Noite,Crescente,Céu Claro,Simples,Reta,Não,1,0,0,0,1,0,0,1,-26.861937,-48.681618,SPRF-SC,DEL04-SC,UOP04-DEL04-SC,2021
"369087,0",2021-07-08,quinta-feira,05:40:00,SC,282,"564,3",NOVA ERECHIM,Condutor Dormindo,Capotamento,Sem Vítimas,Plena Noite,Crescente,Céu Claro,Simples,Reta,Não,1,0,0,0,1,0,0,1,-26.898739,-52.877975,SPRF-SC,DEL07-SC,UOP02-DEL07-SC,2021
"369111,0",2021-07-08,quinta-feira,08:35:00,SC,101,"112,5",ITAJAI,Demais falhas na via,Tombamento,Com Vítimas Feridas,Pleno dia,Crescente,Nublado,Dupla,Reta,Não,2,0,0,1,0,1,1,2,-26.84589005,-48.72131295,SPRF-SC,DEL04-SC,UOP04-DEL04-SC,2021
"369123,0",2021-07-08,quinta-feira,08:50:00,SC,282,"242,2",SAO JOSE DO CERRITO,Condutor Dormindo,Saída de leito carroçável,Sem Vítimas,Pleno dia,Crescente,Céu Claro,Simples,Curva;Declive,Sim,1,0,0,0,1,0,0,1,-27.74678439,-50.50558531,SPRF-SC,DEL05-SC,UOP02-DEL05-SC,2021
"369129,0",2021-07-08,quinta-feira,09:50:00,SC,101,"214,8",PALHOCA,Manobra de mudança de faixa,Colisão lateral mesmo sentido,Com Vítimas Feridas,Pleno dia,Decrescente,Sol,Múltipla,Reta,Sim,2,0,1,0,1,0,1,2,-27.64443,-48.67057,SPRF-SC,DEL01-SC,UOP02-DEL01-SC,2021
"369158,0",2021-07-08,quinta-feira,11:15:00,SC,282,"535,3",CHAPECO,Conversão proibida,Colisão transversal,Com Vítimas Feridas,Pleno dia,Decrescente,Céu Claro,Simples,Interseção de Vias,Sim,5,0,1,0,4,0,1,2,-26.999437,-52.646027,SPRF-SC,DEL07-SC,UOP01-DEL07-SC,2021
"369179,0",2021-07-08,quinta-feira,14:30:00,SC,101,"207,0",SAO JOSE,Demais falhas mecânicas ou elétricas,Tombamento,Com Vítimas Feridas,Pleno dia,Crescente,Céu Claro,Múltipla,Reta,Sim,2,0,2,0,0,0,2,1,-27.60001226,-48.6226467,SPRF-SC,DEL01-SC,UOP01-DEL01-SC,2021
"369220,0",2021-07-08,quinta-feira,18:00:00,SC,101,"101,1",BALNEARIO PICARRAS,Conversão proibida,Tombamento,Com Vítimas Feridas,Anoitecer,Crescente,Céu Claro,Simples,Reta,Sim,2,0,1,0,1,0,1,2,-26.76592551,-48.68656218,SPRF-SC,DEL03-SC,UOP02-DEL03-SC,2021
"369221,0",2021-07-08,quinta-feira,18:10:00,SC,101,"116,0",ITAJAI,Demais falhas mecânicas ou elétricas,Tombamento,Com Vítimas Feridas,Plena Noite,Decrescente,Céu Claro,Dupla,Reta,Sim,1,0,1,0,0,0,1,1,-26.87905605,-48.72603512,SPRF-SC,DEL04-SC,UOP04-DEL04-SC,2021
"369226,0",2021-07-08,quinta-feira,18:15:00,SC,101,"133,8",BALNEARIO CAMBORIU,Velocidade Incompatível,Colisão traseira,Com Vítimas Feridas,Plena Noite,Crescente,Céu Claro,Dupla,Reta,Sim,2,0,0,1,1,0,1,2,-26.99936,-48.64609,SPRF-SC,DEL04-SC,UOP03-DEL04-SC,2021
"369233,0",2021-07-08,quinta-feira,16:20:00,SC,480,"129,5",CHAPECO,Desrespeitar a preferência no cruzamento,Colisão transversal,Com Vítimas Feridas,Pleno dia,Decrescente,Sol,Simples,Viaduto,Não,2,0,1,0,1,0,1,2,-27.04656607,-52.63577131,SPRF-SC,DEL07-SC,UOP01-DEL07-SC,2021
"369249,0",2021-07-08,quinta-feira,20:15:00,SC,282,"4,8",SAO JOSE,Ingestão de álcool pelo condutor,Saída de leito carroçável,Com Vítimas Feridas,Plena Noite,Crescente,Céu Claro,Dupla,Aclive;Reta,Sim,3,0,3,0,0,0,3,1,-27.59725642,-48.60092998,SPRF-SC,DEL01-SC,UOP01-DEL01-SC,2021
"369259,0",2021-07-08,quinta-feira,20:45:00,SC,280,"125,0",RIO NEGRINHO,Conversão proibida,Colisão lateral mesmo sentido,Com Vítimas Feridas,Plena Noite,Crescente,Nublado,Simples,Reta,Sim,2,0,1,0,1,0,1,2,-26.23763684,-49.48434497,SPRF-SC,DEL06-SC,UOP03-DEL06-SC,2021
"369275,0",2021-07-08,quinta-feira,22:40:00,SC,101,"129,1",CAMBORIU,Reação tardia ou ineficiente do condutor,Saída de leito carroçável,Com Vítimas Fatais,Plena Noite,Decrescente,Nublado,Dupla,Reta,Não,3,1,0,0,1,1,0,3,-26.98057044,-48.67893934,SPRF-SC,DEL04-SC,UOP03-DEL04-SC,2021
"369297,0",2021-07-09,sexta-feira,06:50:00,SC,101,"144,0",ITAPEMA,Velocidade Incompatível,Colisão traseira,Com Vítimas Feridas,Pleno dia,Crescente,Céu Claro,Dupla,Reta,Sim,2,0,1,0,1,0,1,2,-27.0732659,-48.59672716,SPRF-SC,DEL04-SC,UOP03-DEL04-SC,2021
"369309,0",2021-07-09,sexta-feira,07:40:00,SC,101,"153,0",PORTO BELO,Acessar a via sem observar a presença dos outros veículos,Colisão transversal,Com Vítimas Feridas,Pleno dia,Decrescente,Céu Claro,Múltipla,Rotatória,Sim,2,0,0,1,1,0,1,2,-27.144717,-48.61063935,SPRF-SC,DEL04-SC,UOP03-DEL04-SC,2021
"369312,0",2021-06-03,quinta-feira,10:30:00,SC,101,"277,0",IMBITUBA,Desrespeitar a preferência no cruzamento,Colisão transversal,Com Vítimas Feridas,Pleno dia,Decrescente,Céu Claro,Simples,Interseção de Vias,Não,3,0,0,1,2,0,1,3,-28.15478103,-48.69265474,SPRF-SC,DEL02-SC,UOP03-DEL02-SC,2021
"369314,0",2021-07-09,sexta-feira,08:20:00,SC,101,"134,9",BALNEARIO CAMBORIU,Condutor deixou de manter distância do veículo da frente,Colisão traseira,Com Vítimas Feridas,Pleno dia,Decrescente,Céu Claro,Múltipla,Reta,Sim,2,0,0,1,1,0,1,2,-27.00218,-48.636433,SPRF-SC,DEL04-SC,UOP03-DEL04-SC,2021
"369322,0",2021-07-09,sexta-feira,09:20:00,SC,101,"203,0",SAO JOSE,Pedestre cruzava a pista fora da faixa,Atropelamento de Pedestre,Com Vítimas Feridas,Pleno dia,Crescente,Céu Claro,Dupla,Reta,Sim,3,0,1,0,1,1,1,2,-27.5650044,-48.61460082,SPRF-SC,DEL01-SC,UOP01-DEL01-SC,2021
"369335,0",2021-07-09,sexta-feira,10:15:00,SC,101,"197,6",BIGUACU,Ausência de reação do condutor,Colisão traseira,Com Vítimas Feridas,Pleno dia,Crescente,Céu Claro,Dupla,Reta,Sim,3,0,2,0,1,0,2,2,-27.51844497,-48.63848496,SPRF-SC,DEL01-SC,UOP01-DEL01-SC,2021
"369365,0",2021-06-04,sexta-feira,16:29:00,SC,163,"71,8",SAO MIGUEL DO OESTE,Acessar a via sem observar a presença dos outros veículos,Colisão traseira,Com Vítimas Feridas,Pleno dia,Decrescente,Céu Claro,Dupla,Reta,Sim,2,0,1,0,1,0,1,2,-26.72772401,-53.51281303,SPRF-SC,DEL07-SC,UOP03-DEL07-SC,2021
"369378,0",2021-07-09,sexta-feira,14:15:00,SC,470,"70,0",INDAIAL,Conversão proibida,Colisão transversal,Com Vítimas Feridas,Pleno dia,Crescente,Sol,Simples,Reta,Sim,2,0,1,0,1,0,1,2,-26.889374,-49.254478,SPRF-SC,DEL04-SC,UOP01-DEL04-SC,2021
"369384,0",2021-07-09,sexta-feira,14:10:00,SC,470,"67,0",INDAIAL,Acessar a via sem observar a presença dos outros veículos,Colisão transversal,Com Vítimas Feridas,Pleno dia,Decrescente,Céu Claro,Simples,Reta,Não,2,0,1,0,1,0,1,2,-26.872158,-49.23127,SPRF-SC,DEL04-SC,UOP01-DEL04-SC,2021
"369435,0",2021-07-09,sexta-feira,14:40:00,SC,101,"116,7",ITAJAI,Trafegar com motocicleta (ou similar) entre as faixas,Tombamento,Com Vítimas Feridas,Pleno dia,Crescente,Céu Claro,Dupla,Reta,Não,1,0,1,0,0,0,1,1,-26.87905605,-48.72603512,SPRF-SC,DEL04-SC,UOP04-DEL04-SC,2021
"369436,0",2021-07-09,sexta-feira,16:40:00,SC,280,"25,5",ARAQUARI,Reação tardia ou ineficiente do condutor,Colisão transversal,Com Vítimas Feridas,Pleno dia,Decrescente,Sol,Simples,Reta,Não,3,0,0,1,2,0,1,3,-26.38667021,-48.73046994,SPRF-SC,DEL03-SC,UOP03-DEL03-SC,2021
"369456,0",2021-07-09,sexta-feira,19:35:00,SC,470,"57,5",BLUMENAU,Conversão proibida,Colisão lateral mesmo sentido,Com Vítimas Feridas,Plena Noite,Decrescente,Céu Claro,Simples,Reta,Sim,2,0,1,0,0,1,1,2,-26.880428,-49.136532,SPRF-SC,DEL04-SC,UOP01-DEL04-SC,2021
"369465,0",2021-07-09,sexta-feira,19:00:00,SC,116,"220,5",CORREIA PINTO,Desrespeitar a preferência no cruzamento,Colisão transversal,Com Vítimas Feridas,Plena Noite,Decrescente,Nublado,Simples,Rotatória,Sim,2,0,0,1,1,0,1,2,-27.57771319,-50.36993036,SPRF-SC,DEL05-SC,UOP03-DEL05-SC,2021
"369488,0",2021-07-09,sexta-feira,21:30:00,SC,101,"195,0",BIGUACU,Acessar a via sem observar a presença dos outros veículos,Colisão lateral mesmo sentido,Com Vítimas Feridas,Plena Noite,Crescente,Céu Claro,Dupla,Reta,Sim,2,0,1,0,0,1,1,2,-27.5047092,-48.65010819,SPRF-SC,DEL01-SC,UOP01-DEL01-SC,2021
"369501,0",2021-07-09,sexta-feira,18:25:00,SC,101,"120,5",ITAJAI,Manobra de mudança de faixa,Colisão traseira,Com Vítimas Feridas,Plena Noite,Crescente,Céu Claro,Múltipla,Reta,Sim,2,0,0,1,0,1,1,2,-26.912758,-48.711998,SPRF-SC,DEL04-SC,UOP04-DEL04-SC,2021
"369516,0",2021-07-09,sexta-feira,23:55:00,SC,470,"65,5",INDAIAL,Desrespeitar a preferência no cruzamento,Colisão transversal,Com Vítimas Feridas,Plena Noite,Crescente,Céu Claro,Simples,Reta,Sim,2,0,1,0,1,0,1,2,-26.870411,-49.211864,SPRF-SC,DEL04-SC,UOP01-DEL04-SC,2021
"369523,0",2021-07-10,sábado,00:10:00,SC,470,"21,1",ILHOTA,Animais na Pista,Atropelamento de Animal,Com Vítimas Feridas,Plena Noite,Crescente,Nevoeiro/Neblina,Dupla,Reta,Não,1,0,0,1,0,0,1,1,-26.876698,-48.827362,SPRF-SC,DEL04-SC,UOP04-DEL04-SC,2021
"369532,0",2021-07-09,sexta-feira,22:00:00,SC,282,"293,7",VARGEM,Velocidade Incompatível,Saída de leito carroçável,Com Vítimas Feridas,Plena Noite,Decrescente,Céu Claro,Simples,Curva,Não,1,0,0,1,0,0,1,1,-27.538227,-50.860825,SPRF-SC,DEL07-SC,UOP06-DEL07-SC,2021
"369534,0",2021-07-10,sábado,01:55:00,SC,101,"200,0",SAO JOSE,Ausência de reação do condutor,Colisão com objeto,Com Vítimas Feridas,Plena Noite,Crescente,Céu Claro,Múltipla,Reta,Sim,1,0,1,0,0,0,1,1,-27.54018513,-48.62287714,SPRF-SC,DEL01-SC,UOP01-DEL01-SC,2021
"369543,0",2021-07-10,sábado,04:30:00,SC,101,"217,0",PALHOCA,Ingestão de álcool pelo condutor,Saída de leito carroçável,Sem Vítimas,Plena Noite,Decrescente,Céu Claro,Dupla,Reta,Não,1,0,0,0,1,0,0,1,-27.66779034,-48.67393586,SPRF-SC,DEL01-SC,UOP02-DEL01-SC,2021
"369560,0",2021-07-10,sábado,08:00:00,SC,101,"188,1",BIGUACU,Ausência de reação do condutor,Colisão com objeto,Com Vítimas Feridas,Pleno dia,Decrescente,Céu Claro,Dupla,Reta,Sim,2,0,2,0,0,0,2,2,-27.45123421,-48.63370766,SPRF-SC,DEL01-SC,UOP01-DEL01-SC,2021
"369574,0",2021-07-10,sábado,06:30:00,SC,101,"218,5",PALHOCA,Velocidade Incompatível,Colisão com objeto,Com Vítimas Feridas,Pleno dia,Decrescente,Nublado,Múltipla,Interseção de Vias,Sim,3,0,1,0,2,0,1,1,-27.68033106,-48.66905808,SPRF-SC,DEL01-SC,UOP02-DEL01-SC,2021
"369576,0",2021-07-10,sábado,08:50:00,SC,101,"212,7",PALHOCA,Ausência de reação do condutor,Colisão transversal,Com Vítimas Feridas,Pleno dia,Decrescente,Sol,Múltipla,Reta,Sim,2,0,1,0,0,1,1,2,-27.62996929,-48.65903871,SPRF-SC,DEL01-SC,UOP02-DEL01-SC,2021
"369581,0",2021-07-10,sábado,09:25:00,SC,101,"206,0",SAO JOSE,Frear bruscamente,Colisão traseira,Com Vítimas Feridas,Pleno dia,Crescente,Sol,Dupla,Reta,Sim,3,0,2,0,1,0,2,2,-27.59193546,-48.61824557,SPRF-SC,DEL01-SC,UOP01-DEL01-SC,2021
"369585,0",2021-07-10,sábado,09:05:00,SC,101,"97,6",BALNEARIO PICARRAS,Objeto estático sobre o leito carroçável,Queda de ocupante de veículo,Com Vítimas Feridas,Pleno dia,Decrescente,Céu Claro,Múltipla,Reta,Sim,1,0,1,0,0,0,1,1,-26.72823703,-48.70224928,SPRF-SC,DEL03-SC,UOP02-DEL03-SC,2021
"369589,0",2021-07-10,sábado,09:30:00,SC,280,"57,0",GUARAMIRIM,Acessar a via sem observar a presença dos outros veículos,Colisão transversal,Com Vítimas Feridas,Pleno dia,Crescente,Céu Claro,Simples,Reta,Sim,4,0,1,0,3,0,1,2,-26.47811421,-49.01259213,SPRF-SC,DEL03-SC,UOP03-DEL03-SC,2021
"369602,0",2021-07-10,sábado,10:00:00,SC,101,"230,0",PALHOCA,Manobra de mudança de faixa,Colisão com objeto,Com Vítimas Feridas,Pleno dia,Crescente,Céu Claro,Dupla,Reta,Não,1,0,1,0,0,0,1,1,-27.77893014,-48.63512278,SPRF-SC,DEL01-SC,UOP02-DEL01-SC,2021
"369614,0",2021-07-10,sábado,12:00:00,SC,101,"133,0",BALNEARIO CAMBORIU,Acessar a via sem observar a presença dos outros veículos,Colisão lateral mesmo sentido,Com Vítimas Feridas,Pleno dia,Decrescente,Sol,Múltipla,Interseção de Vias,Sim,2,0,1,0,1,0,1,2,-26.99936,-48.64609,SPRF-SC,DEL04-SC,UOP03-DEL04-SC,2021
"369616,0",2021-07-10,sábado,09:10:00,SC,101,"364,5",SANGAO,Condutor Dormindo,Saída de leito carroçável,Com Vítimas Fatais,Pleno dia,Crescente,Céu Claro,Dupla,Reta,Não,3,2,0,0,0,1,0,2,-28.6853485,-49.15246,SPRF-SC,DEL02-SC,UOP01-DEL02-SC,2021
"369620,0",2021-07-10,sábado,08:15:00,SC,280,"253,8",CANOINHAS,Condutor Dormindo,Saída de leito carroçável,Com Vítimas Feridas,Pleno dia,Decrescente,Céu Claro,Simples,Reta,Não,2,0,1,0,1,0,1,1,-26.23350047,-50.47668595,SPRF-SC,DEL06-SC,UOP04-DEL06-SC,2021
"369621,0",2021-07-10,sábado,11:15:00,SC,163,"79,2",GUARACIABA,Condutor deixou de manter distância do veículo da frente,Colisão traseira,Com Vítimas Feridas,Pleno dia,Crescente,Céu Claro,Simples,Interseção de Vias;Reta;Declive,Não,4,0,2,0,2,0,2,2,-26.65911819,-53.51816757,SPRF-SC,DEL07-SC,UOP03-DEL07-SC,2021
"369628,0",2021-07-10,sábado,14:00:00,SC,101,"212,8",PALHOCA,Trafegar com motocicleta (ou similar) entre as faixas,Tombamento,Sem Vítimas,Pleno dia,Crescente,Sol,Múltipla,Reta,Sim,3,0,0,0,2,1,0,3,-27.62996929,-48.65903871,SPRF-SC,DEL01-SC,UOP02-DEL01-SC,2021
"369633,0",2021-07-10,sábado,14:30:00,SC,101,"146,0",ITAPEMA,Trafegar com motocicleta (ou similar) entre as faixas,Tombamento,Com Vítimas Feridas,Pleno dia,Decrescente,Céu Claro,Dupla,Reta,Sim,1,0,0,1,0,0,1,1,-27.08666525,-48.60955587,SPRF-SC,DEL04-SC,UOP03-DEL04-SC,2021
"369635,0",2021-07-10,sábado,14:20:00,SC,101,"107,9",PENHA,Avarias e/ou desgaste excessivo no pneu,Tombamento,Com Vítimas Feridas,Pleno dia,Crescente,Sol,Dupla,Reta,Não,2,0,2,0,0,0,2,1,-26.81930608,-48.68390282,SPRF-SC,DEL03-SC,UOP02-DEL03-SC,2021
"369647,0",2021-07-10,sábado,15:55:00,SC,101,"207,0",SAO JOSE,Manobra de mudança de faixa,Colisão traseira,Com Vítimas Feridas,Amanhecer,Decrescente,Céu Claro,Múltipla,Aclive,Sim,2,0,1,0,1,0,1,2,-27.60001226,-48.6226467,SPRF-SC,DEL01-SC,UOP01-DEL01-SC,2021
"369666,0",2021-07-10,sábado,17:00:00,SC,101,"206,0",SAO JOSE,Entrada inopinada do pedestre,Atropelamento de Pedestre,Com Vítimas Feridas,Anoitecer,Crescente,Céu Claro,Múltipla,Reta,Sim,2,0,1,0,1,0,1,2,-27.59193546,-48.61824557,SPRF-SC,DEL01-SC,UOP01-DEL01-SC,2021
"369680,0",2021-07-10,sábado,18:50:00,SC,101,"201,0",SAO JOSE,Ausência de reação do condutor,Saída de leito carroçável,Com Vítimas Feridas,Plena Noite,Decrescente,Céu Claro,Múltipla,Reta,Sim,1,0,1,0,0,0,1,1,-27.54836599,-48.61977975,SPRF-SC,DEL01-SC,UOP01-DEL01-SC,2021
"369682,0",2021-07-10,sábado,17:30:00,SC,282,"461,4",PONTE SERRADA,Ingestão de álcool pelo condutor,Colisão traseira,Com Vítimas Feridas,Anoitecer,Decrescente,Céu Claro,Simples,Declive,Sim,4,0,3,0,1,0,3,2,-26.857594,-52.050583,SPRF-SC,DEL07-SC,UOP04-DEL07-SC,2021
"369691,0",2021-07-10,sábado,19:20:00,SC,101,"82,4",BARRA VELHA,Reação tardia ou ineficiente do condutor,Saída de leito carroçável,Com Vítimas Feridas,Plena Noite,Crescente,Nublado,Dupla,Reta,Não,1,0,1,0,0,0,1,1,-26.61725816,-48.71916175,SPRF-SC,DEL03-SC,UOP02-DEL03-SC,2021
"369693,0",2021-07-10,sábado,14:10:00,SC,282,"675,0",PARAISO,Velocidade Incompatível,Saída de leito carroçável,Com Vítimas Feridas,Pleno dia,Decrescente,Céu Claro,Simples,Curva,Não,1,0,0,1,0,0,1,1,-26.6134,-53.677826,SPRF-SC,DEL07-SC,UOP03-DEL07-SC,2021
"369711,0",2021-07-10,sábado,18:00:00,SC,116,"11,0",MAFRA,Ingestão de álcool pelo condutor,Colisão transversal,Com Vítimas Feridas,Plena Noite,Crescente,Céu Claro,Simples,Curva,Não,2,0,0,1,1,0,1,2,-26.17627262,-49.8580203,SPRF-SC,DEL06-SC,UOP01-DEL06-SC,2021
"369716,0",2021-07-10,sábado,20:00:00,SC,280,"52,0",GUARAMIRIM,Acessar a via sem observar a presença dos outros veículos,Colisão transversal,Com Vítimas Feridas,Plena Noite,Crescente,Céu Claro,Simples,Interseção de Vias,Sim,2,0,1,0,1,0,1,2,-26.468904,-48.96492,SPRF-SC,DEL03-SC,UOP03-DEL03-SC,2021
"369718,0",2021-07-10,sábado,18:00:00,SC,282,"463,0",PONTE SERRADA,Desrespeitar a preferência no cruzamento,Colisão transversal,Com Vítimas Feridas,Anoitecer,Decrescente,Céu Claro,Simples,Rotatória,Sim,2,0,2,0,0,0,2,2,-26.855036,-52.059551,SPRF-SC,DEL07-SC,UOP04-DEL07-SC,2021
"369745,0",2021-07-10,sábado,21:20:00,SC,101,"330,3",TUBARAO,Velocidade Incompatível,Colisão traseira,Com Vítimas Feridas,Plena Noite,Decrescente,Céu Claro,Múltipla,Reta,Sim,3,0,0,1,0,2,1,3,-28.45115639,-48.97286879,SPRF-SC,DEL02-SC,UOP01-DEL02-SC,2021
"369746,0",2021-07-10,sábado,22:20:00,SC,101,"24,0",JOINVILLE,Velocidade Incompatível,Saída de leito carroçável,Sem Vítimas,Plena Noite,Crescente,Céu Claro,Dupla,Reta,Sim,1,0,0,0,1,0,0,1,-26.17483309,-48.90767978,SPRF-SC,DEL03-SC,UOP01-DEL03-SC,2021
"369748,0",2021-07-10,sábado,21:30:00,SC,470,"22,0",ILHOTA,Deficiência do Sistema de Iluminação/Sinalização,Saída de leito carroçável,Sem Vítimas,Plena Noite,Decrescente,Nevoeiro/Neblina,Dupla,Em Obras,Não,1,0,0,0,0,1,0,1,-26.880066,-48.836224,SPRF-SC,DEL04-SC,UOP04-DEL04-SC,2021
"369794,0",2021-07-11,domingo,01:25:00,SC,480,"130,0",CHAPECO,Ingestão de álcool pelo condutor,Capotamento,Sem Vítimas,Plena Noite,Crescente,Céu Claro,Dupla,Reta,Sim,1,0,0,0,0,1,0,1,-27.05534298,-52.63652069,SPRF-SC,DEL07-SC,UOP01-DEL07-SC,2021
"369799,0",2021-07-11,domingo,03:10:00,SC,101,"135,0",BALNEARIO CAMBORIU,Ingestão de álcool pelo condutor,Colisão com objeto,Com Vítimas Feridas,Plena Noite,Crescente,Céu Claro,Dupla,Reta,Sim,1,0,1,0,0,0,1,1,-27.0050108,-48.62677494,SPRF-SC,DEL04-SC,UOP03-DEL04-SC,2021