id,data_inversa,dia_semana,horario,uf,br,km,municipio,causa_acidente,tipo_acidente,classificacao_acidente,fase_dia,sentido_via,condicao_metereologica,tipo_pista,tracado_via,uso_solo,pessoas,mortos,feridos_leves,feridos_graves,ilesos,ignorados,feridos,veiculos,latitude,longitude,regional,delegacia,uop,ano_arquivo
"369808,0",2021-07-11,domingo,01:55:00,SC,101,"136,0",BALNEARIO CAMBORIU,Velocidade Incompatível,Capotamento,Sem Vítimas,Plena Noite,Crescente,Céu Claro,Dupla,Reta,Não,1,0,0,0,1,0,0,1,-27.008113,-48.617245,SPRF-SC,DEL04-SC,UOP03-DEL04-SC,2021
"369815,0",2021-07-11,domingo,01:55:00,SC,101,"149,4",ITAPEMA,Ingestão de álcool pelo condutor,Colisão com objeto,Sem Vítimas,Plena Noite,Crescente,Céu Claro,Dupla,Reta,Sim,1,0,0,0,1,0,0,1,-27.10123686,-48.61807962,SPRF-SC,DEL04-SC,UOP03-DEL04-SC,2021
"369816,0",2021-07-11,domingo,05:45:00,SC,101,"19,5",JOINVILLE,Ingestão de álcool pelo condutor,Saída de leito carroçável,Sem Vítimas,Amanhecer,Decrescente,Nevoeiro/Neblina,Dupla,Reta,Não,1,0,0,0,1,0,0,1,-26.13376586,-48.89661416,SPRF-SC,DEL03-SC,UOP01-DEL03-SC,2021
"369874,0",2021-07-11,domingo,07:40:00,SC,101,"82,7",BARRA VELHA,Velocidade Incompatível,Saída de leito carroçável,Com Vítimas Feridas,Amanhecer,Decrescente,Nublado,Dupla,Declive;Curva;Interseção de Vias,Não,2,0,0,2,0,0,2,1,-26.61085222,-48.72204472,SPRF-SC,DEL03-SC,UOP02-DEL03-SC,2021
"369909,0",2021-07-11,domingo,12:15:00,SC,163,"70,4",SAO MIGUEL DO OESTE,Curva acentuada,Saída de leito carroçável,Com Vítimas Feridas,Pleno dia,Crescente,Céu Claro,Dupla,Curva,Sim,1,0,0,1,0,0,1,1,-26.73240701,-53.51011276,SPRF-SC,DEL07-SC,UOP03-DEL07-SC,2021
"369914,0",2021-07-11,domingo,15:00:00,SC,470,"172,5",POUSO REDONDO,Conversão proibida,Colisão transversal,Com Vítimas Feridas,Pleno dia,Crescente,Céu Claro,Simples,Reta,Sim,4,0,0,3,1,0,3,3,-27.257526,-49.909592,SPRF-SC,DEL04-SC,UOP02-DEL04-SC,2021
"369934,0",2021-07-11,domingo,11:35:00,SC,101,"406,0",ARARANGUA,Ingestão de álcool pelo condutor,Saída de leito carroçável,Com Vítimas Feridas,Pleno dia,Decrescente,Sol,Simples,Reta,Não,1,0,1,0,0,0,1,1,-28.90390002,-49.47692871,SPRF-SC,DEL02-SC,UOP02-DEL02-SC,2021
"369935,0",2021-07-11,domingo,12:00:00,SC,101,"408,5",ARARANGUA,Carga excessiva e/ou mal acondicionada,Tombamento,Com Vítimas Feridas,Pleno dia,Crescente,Nublado,Dupla,Reta,Não,2,0,1,0,1,0,1,1,-28.90746181,-49.48048824,SPRF-SC,DEL02-SC,UOP02-DEL02-SC,2021
"369939,0",2021-07-11,domingo,16:39:00,SC,101,"145,0",ITAPEMA,Condutor deixou de manter distância do veículo da frente,Colisão lateral mesmo sentido,Com Vítimas Feridas,Pleno dia,Decrescente,Céu Claro,Dupla,Reta,Sim,2,0,1,0,0,1,1,2,-27.08139206,-48.60130993,SPRF-SC,DEL04-SC,UOP03-DEL04-SC,2021
"369940,0",2021-07-11,domingo,17:00:00,SC,470,"94,8",APIUNA,Reação tardia ou ineficiente do condutor,Colisão traseira,Com Vítimas Feridas,Pleno dia,Crescente,Céu Claro,Simples,Reta,Não,5,0,1,0,4,0,1,4,-27.01413815,-49.37152045,SPRF-SC,DEL04-SC,UOP01-DEL04-SC,2021
"369945,0",2021-07-11,domingo,17:25:00,SC,280,"73,4",JARAGUA DO SUL,Desrespeitar a preferência no cruzamento,Colisão transversal,Com Vítimas Feridas,Anoitecer,Crescente,Nublado,Simples,Rotatória,Não,3,0,1,0,2,0,1,2,-26.45917102,-49.15245,SPRF-SC,DEL03-SC,UOP03-DEL03-SC,2021
"369952,0",2021-07-11,domingo,16:00:00,SC,282,"460,1",PONTE SERRADA,Acessar a via sem observar a presença dos outros veículos,Saída de leito carroçável,Com Vítimas Feridas,Pleno dia,Crescente,Céu Claro,Simples,Reta,Sim,1,0,1,0,0,0,1,1,-26.856062,-52.03215,SPRF-SC,DEL07-SC,UOP04-DEL07-SC,2021
"369956,0",2021-07-11,domingo,15:45:00,SC,101,"312,1",LAGUNA,Condutor deixou de manter distância do veículo da frente,Colisão traseira,Com Vítimas Feridas,Pleno dia,Decrescente,Sol,Dupla,Declive,Sim,3,0,1,0,2,0,1,2,-28.44078458,-48.82478714,SPRF-SC,DEL02-SC,UOP01-DEL02-SC,2021
"369959,0",2021-07-11,domingo,17:45:00,SC,282,"24,0",SANTO AMARO DA IMPERATRIZ,Condutor deixou de manter distância do veículo da frente,Colisão traseira,Sem Vítimas,Anoitecer,Decrescente,Céu Claro,Simples,Reta,Sim,2,0,0,0,2,0,0,2,-27.68268,-48.744614,SPRF-SC,DEL01-SC,UOP03-DEL01-SC,2021
"369983,0",2021-07-11,domingo,17:45:00,SC,282,"128,8",BOM RETIRO,Transitar na contramão,Colisão lateral sentido oposto,Com Vítimas Feridas,Plena Noite,Crescente,Céu Claro,Simples,Reta,Não,4,0,1,0,3,0,1,2,-27.80123847,-49.49531123,SPRF-SC,DEL05-SC,UOP01-DEL05-SC,2021
"369999,0",2021-07-11,domingo,20:10:00,SC,282,"145,9",BOM RETIRO,Conversão proibida,Colisão transversal,Com Vítimas Feridas,Plena Noite,Decrescente,Céu Claro,Simples,Curva,Não,8,0,2,0,6,0,2,2,-27.802912,-49.632038,SPRF-SC,DEL05-SC,UOP01-DEL05-SC,2021
"370011,0",2021-07-11,domingo,20:20:00,SC,101,"411,2",ARARANGUA,Ingestão de álcool pelo condutor,Colisão com objeto,Com Vítimas Feridas,Plena Noite,Crescente,Nevoeiro/Neblina,Simples,Rotatória,Sim,1,0,1,0,0,0,1,1,-28.9494242,-49.50696945,SPRF-SC,DEL02-SC,UOP02-DEL02-SC,2021
"370013,0",2021-07-11,domingo,20:20:00,SC,280,"19,0",ARAQUARI,Ausência de reação do condutor,Colisão lateral mesmo sentido,Com Vítimas Feridas,Plena Noite,Crescente,Céu Claro,Simples,Reta,Não,2,0,1,0,1,0,1,1,-26.3693676,-48.67221803,SPRF-SC,DEL03-SC,UOP03-DEL03-SC,2021
"370016,0",2021-07-11,domingo,19:35:00,SC,116,"30,0",ITAIOPOLIS,Ingestão de álcool pelo condutor,Capotamento,Sem Vítimas,Plena Noite,Decrescente,Céu Claro,Simples,Reta,Não,1,0,0,0,1,0,0,1,-26.31187517,-49.96286886,SPRF-SC,DEL06-SC,UOP01-DEL06-SC,2021
"370017,0",2021-07-11,domingo,20:30:00,SC,101,"218,0",PALHOCA,Condutor deixou de manter distância do veículo da frente,Colisão traseira,Sem Vítimas,Plena Noite,Decrescente,Céu Claro,Múltipla,Reta,Sim,2,0,0,0,2,0,0,2,-27.6758601,-48.67052525,SPRF-SC,DEL01-SC,UOP02-DEL01-SC,2021
"370020,0",2021-07-11,domingo,19:30:00,SC,101,"97,2",BALNEARIO PICARRAS,Condutor deixou de manter distância do veículo da frente,Colisão traseira,Com Vítimas Feridas,Plena Noite,Crescente,Nublado,Dupla,Reta;Aclive,Não,2,0,1,0,1,0,1,2,-26.72823703,-48.70224928,SPRF-SC,DEL03-SC,UOP02-DEL03-SC,2021
"370022,0",2021-07-11,domingo,18:25:00,SC,101,"72,2",ARAQUARI,Velocidade Incompatível,Colisão traseira,Com Vítimas Fatais,Anoitecer,Decrescente,Céu Claro,Dupla,Reta,Não,3,1,0,0,2,0,0,3,-26.5307997,-48.7144222,SPRF-SC,DEL03-SC,UOP02-DEL03-SC,2021
"370039,0",2021-07-11,domingo,20:40:00,SC,101,"327,7",CAPIVARI DE BAIXO,Desrespeitar a preferência no cruzamento,Colisão lateral mesmo sentido,Com Vítimas Feridas,Plena Noite,Decrescente,Nublado,Simples,Aclive;Reta,Não,5,0,0,2,2,1,2,4,-28.44695893,-48.96812439,SPRF-SC,DEL02-SC,UOP01-DEL02-SC,2021
"370053,0",2021-07-11,domingo,23:15:00,SC,480,"130,9",CHAPECO,Velocidade Incompatível,Colisão com objeto,Com Vítimas Feridas,Plena Noite,Decrescente,Céu Claro,Dupla,Reta,Não,1,0,0,1,0,0,1,1,-27.05534298,-52.63652069,SPRF-SC,DEL07-SC,UOP01-DEL07-SC,2021
"370056,0",2021-07-11,domingo,21:30:00,SC,282,"580,4",PINHALZINHO,Condutor usando celular,Colisão frontal,Com Vítimas Fatais,Plena Noite,Crescente,Céu Claro,Simples,Reta,Sim,3,1,2,0,0,0,2,2,-26.835557,-52.990347,SPRF-SC,DEL07-SC,UOP02-DEL07-SC,2021
"370057,0",2021-07-11,domingo,23:30:00,SC,101,"108,7",PENHA,Ingestão de álcool pelo condutor,Saída de leito carroçável,Com Vítimas Feridas,Plena Noite,Crescente,Céu Claro,Dupla,Curva,Não,1,0,1,0,0,0,1,1,-26.82606902,-48.69052298,SPRF-SC,DEL03-SC,UOP02-DEL03-SC,2021
"370066,0",2021-07-12,segunda-feira,01:50:00,SC,101,"41,1",JOINVILLE,Ingestão de álcool pelo condutor,Colisão traseira,Sem Vítimas,Plena Noite,Crescente,Céu Claro,Dupla,Interseção de Vias,Sim,5,0,0,0,5,0,0,2,-26.31871495,-48.87169898,SPRF-SC,DEL03-SC,UOP01-DEL03-SC,2021
"370067,0",2021-07-12,segunda-feira,01:15:00,SC,280,"8,0",SAO FRANCISCO DO SUL,Ingestão de álcool pelo condutor,Capotamento,Com Vítimas Feridas,Plena Noite,Decrescente,Nublado,Simples,Curva,Não,1,0,1,0,0,0,1,1,-26.27887292,-48.64668626,SPRF-SC,DEL03-SC,UOP03-DEL03-SC,2021
"370075,0",2021-07-12,segunda-feira,04:50:00,SC,470,"54,4",BLUMENAU,Desrespeitar a preferência no cruzamento,Colisão transversal,Com Vítimas Feridas,Plena Noite,Crescente,Céu Claro,Simples,Reta;Interseção de Vias,Sim,2,0,1,0,1,0,1,2,-26.87318943,-49.11418421,SPRF-SC,DEL04-SC,UOP01-DEL04-SC,2021
"370093,0",2021-07-11,domingo,15:10:00,SC,101,"124,0",ITAJAI,Condutor deixou de manter distância do veículo da frente,Tombamento,Com Vítimas Feridas,Pleno dia,Crescente,Céu Claro,Múltipla,Reta,Sim,1,0,1,0,0,0,1,1,-26.94335064,-48.69198648,SPRF-SC,DEL04-SC,UOP04-DEL04-SC,2021
"370102,0",2021-07-12,segunda-feira,07:00:00,SC,282,"4,0",SAO JOSE,Condutor deixou de manter distância do veículo da frente,Colisão traseira,Com Vítimas Feridas,Pleno dia,Crescente,Sol,Múltipla,Curva,Sim,3,0,2,0,1,0,2,2,-27.59319635,-48.6030972,SPRF-SC,DEL01-SC,UOP01-DEL01-SC,2021
"370137,0",2021-07-12,segunda-feira,07:30:00,SC,163,"100,7",SAO JOSE DO CEDRO,Condutor deixou de manter distância do veículo da frente,Colisão traseira,Com Vítimas Feridas,Pleno dia,Crescente,Céu Claro,Simples,Reta;Declive,Não,3,0,1,1,1,0,2,2,-26.4799462,-53.50571394,SPRF-SC,DEL07-SC,UOP03-DEL07-SC,2021
"370141,0",2021-07-05,segunda-feira,01:00:00,SC,280,"238,1",CANOINHAS,Ingestão de álcool ou de substâncias psicoativas pelo pedestre,Saída de leito carroçável,Sem Vítimas,Plena Noite,Crescente,Nevoeiro/Neblina,Simples,Reta,Não,1,0,0,0,1,0,0,1,-26.20536399,-50.438846,SPRF-SC,DEL06-SC,UOP04-DEL06-SC,2021
"370156,0",2021-07-12,segunda-feira,09:50:00,SC,101,"138,0",BALNEARIO CAMBORIU,Condutor deixou de manter distância do veículo da frente,Colisão traseira,Sem Vítimas,Pleno dia,Decrescente,Céu Claro,Dupla,Reta,Sim,2,0,0,0,2,0,0,2,-27.02397426,-48.60761649,SPRF-SC,DEL04-SC,UOP03-DEL04-SC,2021
"370167,0",2021-07-12,segunda-feira,09:10:00,SC,282,"600,9",CUNHA PORA,Demais falhas na via,Colisão frontal,Com Vítimas Fatais,Pleno dia,Decrescente,Sol,Simples,Reta,Sim,2,1,0,1,0,0,1,2,-26.816374,-53.163918,SPRF-SC,DEL07-SC,UOP02-DEL07-SC,2021
"370179,0",2021-07-12,segunda-feira,11:00:00,SC,153,"37,0",AGUA DOCE,Ausência de reação do condutor,Capotamento,Com Vítimas Feridas,Pleno dia,Crescente,Céu Claro,Simples,Declive,Não,2,0,1,0,1,0,1,1,-26.827137,-51.726971,SPRF-SC,DEL07-SC,UOP05-DEL07-SC,2021
"370180,0",2021-07-12,segunda-feira,13:30:00,SC,101,"100,0",BALNEARIO PICARRAS,Acessar a via sem observar a presença dos outros veículos,Colisão lateral mesmo sentido,Com Vítimas Feridas,Pleno dia,Decrescente,Céu Claro,Dupla,Reta,Sim,3,0,2,0,1,0,2,2,-26.75648429,-48.68891716,SPRF-SC,DEL03-SC,UOP02-DEL03-SC,2021
"370211,0",2021-07-12,segunda-feira,17:00:00,SC,101,"119,7",ITAJAI,Trafegar com motocicleta (ou similar) entre as faixas,Colisão traseira,Com Vítimas Feridas,Pleno dia,Decrescente,Céu Claro,Dupla,Reta,Sim,2,0,0,1,1,0,1,2,-26.9043179,-48.71555481,SPRF-SC,DEL04-SC,UOP04-DEL04-SC,2021
"370214,0",2021-07-12,segunda-feira,16:55:00,SC,101,"215,0",PALHOCA,Obras na pista,Queda de ocupante de veículo,Com Vítimas Feridas,Pleno dia,Decrescente,Céu Claro,Dupla,Declive,Sim,1,0,1,0,0,0,1,1,-27.653262,-48.676984,SPRF-SC,DEL01-SC,UOP02-DEL01-SC,2021
"370235,0",2021-07-12,segunda-feira,18:20:00,SC,101,"122,0",ITAJAI,Acessar a via sem observar a presença dos outros veículos,Colisão traseira,Com Vítimas Feridas,Plena Noite,Decrescente,Céu Claro,Dupla,Reta,Sim,2,0,0,1,1,0,1,2,-26.92955916,-48.70499836,SPRF-SC,DEL04-SC,UOP04-DEL04-SC,2021
"370241,0",2021-07-12,segunda-feira,16:15:00,SC,470,"140,3",RIO DO SUL,Conversão proibida,Colisão transversal,Com Vítimas Feridas,Pleno dia,Crescente,Nublado,Múltipla,Reta,Sim,2,0,1,0,1,0,1,2,-27.222485,-49.662827,SPRF-SC,DEL04-SC,UOP02-DEL04-SC,2021
"370243,0",2021-07-12,segunda-feira,19:15:00,SC,101,"129,8",BALNEARIO CAMBORIU,Reação tardia ou ineficiente do condutor,Colisão lateral mesmo sentido,Com Vítimas Feridas,Plena Noite,Crescente,Céu Claro,Dupla,Reta,Sim,4,0,1,0,3,0,1,4,-26.98064277,-48.6790679,SPRF-SC,DEL04-SC,UOP03-DEL04-SC,2021
"370251,0",2021-07-12,segunda-feira,18:50:00,SC,101,"131,0",BALNEARIO CAMBORIU,Trafegar com motocicleta (ou similar) entre as faixas,Colisão traseira,Com Vítimas Feridas,Plena Noite,Decrescente,Céu Claro,Dupla,Reta,Sim,2,0,0,1,1,0,1,2,-26.99064209,-48.66310912,SPRF-SC,DEL04-SC,UOP03-DEL04-SC,2021
"370252,0",2021-07-12,segunda-feira,19:50:00,SC,101,"117,8",ITAJAI,Manobra de mudança de faixa,Tombamento,Com Vítimas Feridas,Plena Noite,Crescente,Céu Claro,Dupla,Reta,Não,3,0,2,0,0,1,2,2,-26.88747187,-48.72252969,SPRF-SC,DEL04-SC,UOP04-DEL04-SC,2021
"370253,0",2021-06-30,quarta-feira,19:25:00,SC,282,"407,7",CATANDUVAS,Ausência de reação do condutor,Colisão com objeto,Com Vítimas Feridas,Plena Noite,Decrescente,Céu Claro,Simples,Curva,Não,1,0,0,1,0,0,1,1,-27.083517,-51.662014,SPRF-SC,DEL07-SC,UOP05-DEL07-SC,2021
"370256,0",2021-07-12,segunda-feira,18:45:00,SC,101,"10,1",GARUVA,Demais falhas mecânicas ou elétricas,Incêndio,Com Vítimas Feridas,Plena Noite,Crescente,Céu Claro,Dupla,Reta,Sim,1,0,1,0,0,0,1,1,-26.063011,-48.86020605,SPRF-SC,DEL03-SC,UOP01-DEL03-SC,2021
"370275,0",2021-07-12,segunda-feira,18:00:00,SC,101,"149,0",ITAPEMA,Ausência de reação do condutor,Queda de ocupante de veículo,Com Vítimas Feridas,Anoitecer,Crescente,Céu Claro,Dupla,Reta,Sim,1,0,1,0,0,0,1,1,-27.1089649,-48.61277586,SPRF-SC,DEL04-SC,UOP03-DEL04-SC,2021
"370280,0",2021-07-12,segunda-feira,22:30:00,SC,101,"134,0",BALNEARIO CAMBORIU,Desrespeitar a preferência no cruzamento,Colisão lateral mesmo sentido,Com Vítimas Feridas,Plena Noite,Crescente,Céu Claro,Dupla,Reta,Sim,2,0,2,0,0,0,2,2,-27.00218,-48.636433,SPRF-SC,DEL04-SC,UOP03-DEL04-SC,2021
"370282,0",2021-06-25,sexta-feira,18:30:00,SC,163,"0,7",DIONISIO CERQUEIRA,Transitar na contramão,Colisão frontal,Com Vítimas Feridas,Plena Noite,Decrescente,Céu Claro,Simples,Reta;Declive;Interseção de Vias,Sim,2,0,1,0,1,0,1,2,-26.26309258,-53.62248659,SPRF-SC,DEL07-SC,UOP03-DEL07-SC,2021
"370284,0",2021-07-12,segunda-feira,21:09:00,SC,470,"130,0",LONTRAS,Ingestão de álcool pelo condutor,Saída de leito carroçável,Sem Vítimas,Plena Noite,Decrescente,Céu Claro,Simples,Reta,Não,1,0,0,0,1,0,0,1,-27.15756,-49.556488,SPRF-SC,DEL04-SC,UOP02-DEL04-SC,2021
"370305,0",2021-07-13,terça-feira,06:05:00,SC,470,"53,4",BLUMENAU,Ausência de reação do condutor,Saída de leito carroçável,Com Vítimas Feridas,Plena Noite,Crescente,Nublado,Simples,Reta,Não,1,0,0,1,0,0,1,1,-26.867121,-49.102066,SPRF-SC,DEL04-SC,UOP01-DEL04-SC,2021
"370318,0",2021-07-13,terça-feira,07:55:00,SC,282,"16,3",PALHOCA,Desrespeitar a preferência no cruzamento,Colisão transversal,Com Vítimas Feridas,Pleno dia,Crescente,Céu Claro,Simples,Reta,Não,2,0,0,1,1,0,1,2,-27.66179788,-48.6846149,SPRF-SC,DEL01-SC,UOP02-DEL01-SC,2021
"370369,0",2021-07-13,terça-feira,14:30:00,SC,101,"201,8",SAO JOSE,Ausência de reação do condutor,Colisão traseira,Com Vítimas Feridas,Pleno dia,Decrescente,Céu Claro,Múltipla,Reta,Sim,4,0,3,0,1,0,3,3,-27.54836599,-48.61977975,SPRF-SC,DEL01-SC,UOP01-DEL01-SC,2021
"370373,0",2021-07-13,terça-feira,13:00:00,SC,280,"33,0",ARAQUARI,Ultrapassagem Indevida,Colisão traseira,Com Vítimas Feridas,Pleno dia,Decrescente,Céu Claro,Simples,Reta,Não,2,0,0,1,1,0,1,2,-26.42576441,-48.78741376,SPRF-SC,DEL03-SC,UOP03-DEL03-SC,2021
"370389,0",2021-07-13,terça-feira,14:30:00,SC,101,"354,8",SANGAO,Condutor deixou de manter distância do veículo da frente,Colisão traseira,Sem Vítimas,Pleno dia,Decrescente,Céu Claro,Dupla,Aclive,Não,2,0,0,0,2,0,0,2,-28.61806302,-49.07013199,SPRF-SC,DEL02-SC,UOP01-DEL02-SC,2021
"370405,0",2021-07-13,terça-feira,16:20:00,SC,101,"136,9",BALNEARIO CAMBORIU,Condutor deixou de manter distância do veículo da frente,Colisão lateral mesmo sentido,Com Vítimas Feridas,Pleno dia,Crescente,Céu Claro,Múltipla,Reta,Sim,2,0,0,1,1,0,1,2,-27.008113,-48.617245,SPRF-SC,DEL04-SC,UOP03-DEL04-SC,2021
"370416,0",2021-07-13,terça-feira,17:00:00,SC,470,"66,6",INDAIAL,Acessar a via sem observar a presença dos outros veículos,Colisão transversal,Com Vítimas Feridas,Anoitecer,Crescente,Sol,Simples,Retorno Regulamentado,Sim,2,0,1,0,1,0,1,2,-26.870407,-49.221844,SPRF-SC,DEL04-SC,UOP01-DEL04-SC,2021
"370441,0",2021-06-11,sexta-feira,19:35:00,SC,280,"52,3",GUARAMIRIM,Acessar a via sem observar a presença dos outros veículos,Colisão transversal,Com Vítimas Feridas,Plena Noite,Decrescente,Céu Claro,Simples,Em Obras,Sim,2,0,0,1,0,1,1,2,-26.468904,-48.96492,SPRF-SC,DEL03-SC,UOP03-DEL03-SC,2021
"370446,0",2021-07-13,terça-feira,18:30:00,SC,101,"430,9",SOMBRIO,Manobra de mudança de faixa,Colisão transversal,Com Vítimas Feridas,Anoitecer,Crescente,Nublado,Múltipla,Reta,Sim,3,0,1,1,1,0,2,3,-29.07080623,-49.62630361,SPRF-SC,DEL02-SC,UOP02-DEL02-SC,2021
"370459,0",2021-07-13,terça-feira,19:45:00,SC,282,"632,7",DESCANSO,Ultrapassagem Indevida,Colisão lateral sentido oposto,Com Vítimas Feridas,Plena Noite,Crescente,Céu Claro,Simples,Reta;Aclive,Não,3,0,0,1,1,1,1,3,-26.822578,-53.410618,SPRF-SC,DEL07-SC,UOP03-DEL07-SC,2021
"370487,0",2021-07-14,quarta-feira,01:50:00,SC,163,"68,4",SAO MIGUEL DO OESTE,Velocidade Incompatível,Colisão com objeto,Com Vítimas Feridas,Plena Noite,Crescente,Céu Claro,Dupla,Reta,Sim,1,0,1,0,0,0,1,1,-26.75038301,-53.50086841,SPRF-SC,DEL07-SC,UOP03-DEL07-SC,2021
"370498,0",2021-06-25,sexta-feira,12:55:00,SC,101,"416,2",ARARANGUA,Desrespeitar a preferência no cruzamento,Colisão frontal,Com Vítimas Feridas,Pleno dia,Decrescente,Céu Claro,Múltipla,Interseção de Vias,Não,3,0,3,0,0,0,3,2,-28.9733896,-49.53009009,SPRF-SC,DEL02-SC,UOP02-DEL02-SC,2021
"370499,0",2021-07-14,quarta-feira,08:00:00,SC,101,"210,6",SAO JOSE,Ausência de reação do condutor,Colisão traseira,Com Vítimas Feridas,Pleno dia,Decrescente,Céu Claro,Múltipla,Reta,Sim,2,0,1,0,1,0,1,2,-27.6167305,-48.6457265,SPRF-SC,DEL01-SC,UOP01-DEL01-SC,2021
"370501,0",2021-07-14,quarta-feira,08:20:00,SC,101,"202,0",SAO JOSE,Manobra de mudança de faixa,Colisão lateral mesmo sentido,Com Vítimas Feridas,Pleno dia,Decrescente,Céu Claro,Múltipla,Reta,Não,3,0,2,0,0,1,2,3,-27.55711595,-48.61897889,SPRF-SC,DEL01-SC,UOP01-DEL01-SC,2021
"370507,0",2021-07-14,quarta-feira,07:50:00,SC,101,"117,0",ITAJAI,Acessar a via sem observar a presença dos outros veículos,Colisão transversal,Com Vítimas Feridas,Pleno dia,Crescente,Céu Claro,Múltipla,Reta,Sim,2,0,1,0,0,1,1,2,-26.88747187,-48.72252969,SPRF-SC,DEL04-SC,UOP04-DEL04-SC,2021
"370518,0",2021-07-14,quarta-feira,09:50:00,SC,101,"352,8",JAGUARUNA,Demais falhas mecânicas ou elétricas,Tombamento,Com Vítimas Feridas,Pleno dia,Crescente,Nublado,Dupla,Reta,Não,1,0,1,0,0,0,1,1,-28.60489869,-49.05593332,SPRF-SC,DEL02-SC,UOP01-DEL02-SC,2021
"370540,0",2021-06-19,sábado,19:30:00,SC,280,"127,8",RIO NEGRINHO,Ingestão de álcool pelo condutor,Colisão com objeto,Sem Vítimas,Plena Noite,Crescente,Chuva,Simples,Curva,Sim,1,0,0,0,1,0,0,1,-26.24945927,-49.52637792,SPRF-SC,DEL06-SC,UOP03-DEL06-SC,2021
"370564,0",2021-07-14,quarta-feira,09:30:00,SC,101,"212,0",PALHOCA,Condutor deixou de manter distância do veículo da frente,Colisão traseira,Com Vítimas Feridas,Pleno dia,Decrescente,Sol,Múltipla,Reta,Sim,2,0,1,0,1,0,1,2,-27.62996929,-48.65903871,SPRF-SC,DEL01-SC,UOP02-DEL01-SC,2021
"370572,0",2021-07-14,quarta-feira,15:05:00,SC,101,"428,5",SOMBRIO,Manobra de mudança de faixa,Colisão lateral sentido oposto,Com Vítimas Feridas,Pleno dia,Decrescente,Sol,Dupla,Reta,Não,3,0,2,0,1,0,2,2,-29.049432,-49.619662,SPRF-SC,DEL02-SC,UOP02-DEL02-SC,2021
"370581,0",2021-07-14,quarta-feira,17:29:00,SC,101,"207,0",SAO JOSE,Manobra de mudança de faixa,Colisão lateral mesmo sentido,Com Vítimas Feridas,Anoitecer,Decrescente,Céu Claro,Múltipla,Reta,Sim,2,0,1,0,1,0,1,2,-27.60001226,-48.6226467,SPRF-SC,DEL01-SC,UOP01-DEL01-SC,2021
"370601,0",2021-07-14,quarta-feira,18:20:00,SC,101,"211,3",PALHOCA,Ausência de sinalização,Engavetamento,Com Vítimas Feridas,Plena Noite,Crescente,Céu Claro,Múltipla,Reta,Não,4,0,1,0,3,0,1,3,-27.62329313,-48.65245588,SPRF-SC,DEL01-SC,UOP02-DEL01-SC,2021
"370606,0",2021-07-14,quarta-feira,17:50:00,SC,101,"217,0",PALHOCA,Manobra de mudança de faixa,Colisão traseira,Com Vítimas Feridas,Plena Noite,Crescente,Céu Claro,Múltipla,Reta,Não,2,0,1,0,1,0,1,2,-27.66779034,-48.67393586,SPRF-SC,DEL01-SC,UOP02-DEL01-SC,2021
"370614,0",2021-07-14,quarta-feira,19:25:00,SC,101,"209,7",SAO JOSE,Desrespeitar a preferência no cruzamento,Colisão transversal,Com Vítimas Feridas,Plena Noite,Decrescente,Céu Claro,Múltipla,Interseção de Vias,Não,2,0,1,0,0,1,1,2,-27.61000542,-48.63895057,SPRF-SC,DEL01-SC,UOP01-DEL01-SC,2021
"370621,0",2021-07-14,quarta-feira,19:00:00,SC,101,"147,0",ITAPEMA,Ingestão de álcool pelo condutor,Colisão traseira,Sem Vítimas,Plena Noite,Crescente,Céu Claro,Múltipla,Reta,Sim,2,0,0,0,2,0,0,2,-27.09237407,-48.61730888,SPRF-SC,DEL04-SC,UOP03-DEL04-SC,2021
"370663,0",2021-07-15,quinta-feira,01:15:00,SC,282,"29,8",AGUAS MORNAS,Condutor Dormindo,Saída de leito carroçável,Com Vítimas Feridas,Plena Noite,Decrescente,Céu Claro,Simples,Curva,Não,1,0,1,0,0,0,1,1,-27.67478,-48.778904,SPRF-SC,DEL01-SC,UOP03-DEL01-SC,2021
"370702,0",2021-07-15,quinta-feira,08:35:00,SC,101,"202,1",SAO JOSE,Condutor deixou de manter distância do veículo da frente,Colisão traseira,Sem Vítimas,Pleno dia,Crescente,Céu Claro,Dupla,Reta,Não,4,0,0,0,4,0,0,4,-27.55711595,-48.61897889,SPRF-SC,DEL01-SC,UOP01-DEL01-SC,2021
"370708,0",2021-06-29,terça-feira,11:05:00,SC,280,"130,0",RIO NEGRINHO,Velocidade Incompatível,Colisão traseira,Com Vítimas Feridas,Pleno dia,Crescente,Céu Claro,Simples,Aclive,Não,3,0,1,0,2,0,1,2,-26.2530246,-49.52924913,SPRF-SC,DEL06-SC,UOP03-DEL06-SC,2021
"370710,0",2021-07-15,quinta-feira,08:15:00,SC,282,"222,0",LAGES,Velocidade Incompatível,Saída de leito carroçável,Com Vítimas Feridas,Pleno dia,Decrescente,Chuva,Simples,Curva,Não,3,0,2,0,1,0,2,1,-27.797739,-50.353409,SPRF-SC,DEL05-SC,UOP01-DEL05-SC,2021