id,data_inversa,dia_semana,horario,uf,br,km,municipio,causa_acidente,tipo_acidente,classificacao_acidente,fase_dia,sentido_via,condicao_metereologica,tipo_pista,tracado_via,uso_solo,pessoas,mortos,feridos_leves,feridos_graves,ilesos,ignorados,feridos,veiculos,latitude,longitude,regional,delegacia,uop,ano_arquivo
"372690,0",2021-07-24,sábado,18:30:00,SC,282,"563,4",NOVA ERECHIM,Manobra de mudança de faixa,Colisão lateral mesmo sentido,Com Vítimas Feridas,Anoitecer,Crescente,Céu Claro,Dupla,Reta;Aclive,Não,2,0,0,1,1,0,1,2,-26.902191,-52.868835,SPRF-SC,DEL07-SC,UOP02-DEL07-SC,2021
"372701,0",2021-07-24,sábado,23:15:00,SC,101,"331,2",TUBARAO,Reação tardia ou ineficiente do condutor,Saída de leito carroçável,Com Vítimas Feridas,Plena Noite,Crescente,Céu Claro,Dupla,Curva,Não,4,0,2,1,1,0,3,1,-28.45567521,-48.9812689,SPRF-SC,DEL02-SC,UOP01-DEL02-SC,2021
"372702,0",2021-07-24,sábado,18:10:00,SC,280,"251,0",CANOINHAS,Condutor Dormindo,Saída de leito carroçável,Com Vítimas Feridas,Plena Noite,Crescente,Céu Claro,Simples,Reta,Não,1,0,1,0,0,0,1,1,-26.25669092,-50.55239702,SPRF-SC,DEL06-SC,UOP04-DEL06-SC,2021
"372704,0",2021-07-24,sábado,15:50:00,SC,116,"18,9",MAFRA,Condutor Dormindo,Saída de leito carroçável,Com Vítimas Feridas,Pleno dia,Decrescente,Céu Claro,Simples,Declive,Não,2,0,2,0,0,0,2,1,-26.22553498,-49.89348004,SPRF-SC,DEL06-SC,UOP01-DEL06-SC,2021
"372706,0",2021-07-25,domingo,00:00:00,SC,101,"203,1",SAO JOSE,Ingestão de álcool pelo condutor,Colisão com objeto,Sem Vítimas,Plena Noite,Decrescente,Céu Claro,Múltipla,Curva;Aclive;Viaduto,Sim,1,0,0,0,1,0,0,1,-27.56617456,-48.61409962,SPRF-SC,DEL01-SC,UOP01-DEL01-SC,2021
"372718,0",2021-07-24,sábado,23:00:00,SC,470,"166,3",POUSO REDONDO,Ingestão de álcool pelo condutor,Colisão traseira,Sem Vítimas,Plena Noite,Crescente,Nevoeiro/Neblina,Simples,Interseção de Vias,Não,2,0,0,0,2,0,0,2,-27.275208,-49.855125,SPRF-SC,DEL04-SC,UOP02-DEL04-SC,2021
"372728,0",2021-07-25,domingo,00:40:00,SC,480,"126,3",CHAPECO,Desrespeitar a preferência no cruzamento,Colisão transversal,Sem Vítimas,Pleno dia,Crescente,Céu Claro,Simples,Declive;Interseção de Vias;Reta,Não,2,0,0,0,2,0,0,2,-27.020083,-52.636024,SPRF-SC,DEL07-SC,UOP01-DEL07-SC,2021
"372730,0",2021-07-25,domingo,02:17:00,SC,101,"216,5",PALHOCA,Desrespeitar a preferência no cruzamento,Colisão transversal,Com Vítimas Feridas,Plena Noite,Crescente,Céu Claro,Dupla,Interseção de Vias,Sim,2,0,1,0,1,0,1,2,-27.65981409,-48.67747798,SPRF-SC,DEL01-SC,UOP02-DEL01-SC,2021
"372740,0",2021-07-25,domingo,02:45:00,SC,470,"48,1",BLUMENAU,Reação tardia ou ineficiente do condutor,Colisão com objeto,Com Vítimas Fatais,Plena Noite,Crescente,Nublado,Simples,Curva;Desvio Temporário;Em Obras,Sim,1,1,0,0,0,0,0,1,-26.859823,-49.055393,SPRF-SC,DEL04-SC,UOP01-DEL04-SC,2021
"372744,0",2021-07-25,domingo,03:55:00,SC,470,"57,5",BLUMENAU,Velocidade Incompatível,Capotamento,Sem Vítimas,Plena Noite,Crescente,Nublado,Simples,Rotatória,Sim,1,0,0,0,1,0,0,1,-26.880428,-49.136532,SPRF-SC,DEL04-SC,UOP01-DEL04-SC,2021
"372754,0",2021-07-25,domingo,04:15:00,SC,470,"66,4",INDAIAL,Ausência de sinalização,Saída de leito carroçável,Com Vítimas Feridas,Plena Noite,Decrescente,Nublado,Simples,Em Obras;Rotatória,Não,1,0,0,1,0,0,1,1,-26.870407,-49.221844,SPRF-SC,DEL04-SC,UOP01-DEL04-SC,2021
"372756,0",2021-07-25,domingo,04:20:00,SC,101,"321,0",CAPIVARI DE BAIXO,Reação tardia ou ineficiente do condutor,Saída de leito carroçável,Sem Vítimas,Plena Noite,Decrescente,Ignorado,Dupla,Reta,Não,1,0,0,0,1,0,0,1,-28.42532339,-48.8919091,SPRF-SC,DEL02-SC,UOP01-DEL02-SC,2021
"372760,0",2021-07-24,sábado,23:00:00,SC,101,"290,0",IMBITUBA,Reação tardia ou ineficiente do condutor,Colisão traseira,Com Vítimas Feridas,Plena Noite,Crescente,Céu Claro,Dupla,Reta,Sim,3,0,1,0,2,0,1,2,-28.26202477,-48.70403355,SPRF-SC,DEL02-SC,UOP03-DEL02-SC,2021
"372767,0",2021-07-25,domingo,04:15:00,SC,101,"111,0",NAVEGANTES,Ingestão de álcool pelo condutor,Colisão com objeto,Sem Vítimas,Plena Noite,Decrescente,Céu Claro,Dupla,Curva,Sim,1,0,0,0,0,1,0,1,-26.83955734,-48.71418074,SPRF-SC,DEL04-SC,UOP04-DEL04-SC,2021
"372770,0",2021-07-25,domingo,05:50:00,SC,280,"142,9",RIO NEGRINHO,Condutor Dormindo,Capotamento,Sem Vítimas,Amanhecer,Decrescente,Sol,Simples,Reta,Não,1,0,0,0,1,0,0,1,-26.25076506,-49.62912012,SPRF-SC,DEL06-SC,UOP03-DEL06-SC,2021
"372771,0",2021-07-25,domingo,05:45:00,SC,470,"145,1",RIO DO SUL,Ingestão de álcool pelo condutor,Saída de leito carroçável,Com Vítimas Feridas,Plena Noite,Crescente,Garoa/Chuvisco,Simples,Curva,Não,1,0,1,0,0,0,1,1,-27.237301,-49.682217,SPRF-SC,DEL04-SC,UOP02-DEL04-SC,2021
"372779,0",2021-07-25,domingo,07:20:00,SC,101,"136,0",BALNEARIO CAMBORIU,Reação tardia ou ineficiente do condutor,Tombamento,Com Vítimas Feridas,Pleno dia,Crescente,Nublado,Dupla,Reta,Sim,1,0,1,0,0,0,1,1,-27.008113,-48.617245,SPRF-SC,DEL04-SC,UOP03-DEL04-SC,2021
"372781,0",2021-07-25,domingo,07:00:00,SC,282,"530,3",CORDILHEIRA ALTA,Ingestão de álcool pelo condutor,Saída de leito carroçável,Com Vítimas Feridas,Pleno dia,Decrescente,Céu Claro,Simples,Reta,Não,2,0,0,2,0,0,2,1,-26.986555,-52.60524,SPRF-SC,DEL07-SC,UOP01-DEL07-SC,2021
"372805,0",2021-07-25,domingo,10:30:00,SC,470,"1,3",NAVEGANTES,Ausência de reação do condutor,Colisão transversal,Com Vítimas Feridas,Pleno dia,Crescente,Nublado,Simples,Reta,Não,3,0,1,1,1,0,2,2,-26.875383,-48.668285,SPRF-SC,DEL04-SC,UOP04-DEL04-SC,2021
"372814,0",2021-07-25,domingo,06:00:00,SC,470,"177,0",POUSO REDONDO,Velocidade Incompatível,Saída de leito carroçável,Sem Vítimas,Pleno dia,Crescente,Nevoeiro/Neblina,Simples,Rotatória,Sim,1,0,0,0,0,1,0,1,-27.251858,-49.958,SPRF-SC,DEL04-SC,UOP02-DEL04-SC,2021
"372815,0",2021-07-25,domingo,11:00:00,SC,470,"192,2",POUSO REDONDO,Transitar no acostamento,Colisão traseira,Sem Vítimas,Pleno dia,Crescente,Sol,Simples,Reta,Sim,2,0,0,0,2,0,0,2,-27.293324,-50.078678,SPRF-SC,DEL04-SC,UOP02-DEL04-SC,2021
"372849,0",2021-07-25,domingo,08:00:00,SC,101,"321,0",PESCARIA BRAVA,Ingestão de álcool pelo condutor,Saída de leito carroçável,Com Vítimas Feridas,Pleno dia,Decrescente,Céu Claro,Dupla,Reta,Não,1,0,1,0,0,0,1,1,-28.42532339,-48.8919091,SPRF-SC,DEL02-SC,UOP01-DEL02-SC,2021
"372881,0",2021-07-25,domingo,15:15:00,SC,470,"206,6",SAO CRISTOVAO DO SUL,Reação tardia ou ineficiente do condutor,Capotamento,Com Vítimas Feridas,Pleno dia,Crescente,Céu Claro,Simples,Reta,Não,2,0,1,0,1,0,1,1,-27.294376,-50.184925,SPRF-SC,DEL05-SC,UOP03-DEL05-SC,2021
"372883,0",2021-07-25,domingo,15:30:00,SC,282,"43,8",AGUAS MORNAS,Transitar na contramão,Queda de ocupante de veículo,Com Vítimas Feridas,Pleno dia,Crescente,Céu Claro,Simples,Curva,Não,2,0,2,0,0,0,2,1,-27.719458,-48.897526,SPRF-SC,DEL01-SC,UOP03-DEL01-SC,2021
"372898,0",2021-07-25,domingo,18:30:00,SC,470,"3,9",NAVEGANTES,Reação tardia ou ineficiente do condutor,Engavetamento,Com Vítimas Feridas,Plena Noite,Crescente,Nublado,Dupla,Reta,Sim,5,0,0,1,4,0,1,4,-26.861937,-48.681618,SPRF-SC,DEL04-SC,UOP04-DEL04-SC,2021
"372907,0",2021-07-25,domingo,19:55:00,SC,101,"205,1",FLORIANOPOLIS,Ingestão de álcool pelo condutor,Colisão com objeto,Com Vítimas Feridas,Plena Noite,Crescente,Céu Claro,Múltipla,Curva;Interseção de Vias,Sim,1,0,1,0,0,0,1,1,-27.58313237,-48.61532885,SPRF-SC,DEL01-SC,UOP01-DEL01-SC,2021
"372910,0",2021-07-25,domingo,20:15:00,SC,101,"216,1",PALHOCA,Condutor deixou de manter distância do veículo da frente,Colisão traseira,Com Vítimas Feridas,Plena Noite,Crescente,Céu Claro,Dupla,Reta,Sim,2,0,1,0,1,0,1,2,-27.65981409,-48.67747798,SPRF-SC,DEL01-SC,UOP02-DEL01-SC,2021
"372913,0",2021-07-25,domingo,17:40:00,SC,280,"28,0",ARAQUARI,Acessar a via sem observar a presença dos outros veículos,Colisão transversal,Com Vítimas Feridas,Anoitecer,Decrescente,Céu Claro,Simples,Reta;Em Obras;Interseção de Vias,Sim,3,0,2,0,1,0,2,2,-26.40450077,-48.74561031,SPRF-SC,DEL03-SC,UOP03-DEL03-SC,2021
"372921,0",2021-07-25,domingo,20:50:00,SC,101,"72,8",ARAQUARI,Pedestre andava na pista,Atropelamento de Pedestre,Com Vítimas Fatais,Plena Noite,Decrescente,Céu Claro,Dupla,Reta,Não,4,1,0,1,2,0,1,3,-26.5355345,-48.7131932,SPRF-SC,DEL03-SC,UOP02-DEL03-SC,2021
"372922,0",2021-07-25,domingo,21:05:00,SC,101,"346,0",JAGUARUNA,Reação tardia ou ineficiente do condutor,Colisão lateral mesmo sentido,Com Vítimas Feridas,Plena Noite,Crescente,Nublado,Dupla,Reta,Sim,4,0,2,0,2,0,2,2,-28.55485199,-49.0540891,SPRF-SC,DEL02-SC,UOP01-DEL02-SC,2021
"372942,0",2021-07-25,domingo,20:00:00,SC,280,"232,3",CANOINHAS,Transitar na contramão,Colisão frontal,Com Vítimas Feridas,Plena Noite,Crescente,Céu Claro,Simples,Reta,Sim,5,0,1,4,0,0,5,2,-26.19014736,-50.38186997,SPRF-SC,DEL06-SC,UOP04-DEL06-SC,2021
"372966,0",2021-07-26,segunda-feira,02:35:00,SC,470,"57,5",BLUMENAU,Ingestão de álcool pelo condutor,Capotamento,Sem Vítimas,Plena Noite,Crescente,Nevoeiro/Neblina,Simples,Rotatória,Sim,1,0,0,0,1,0,0,1,-26.880428,-49.136532,SPRF-SC,DEL04-SC,UOP01-DEL04-SC,2021
"372968,0",2021-07-26,segunda-feira,03:05:00,SC,101,"216,3",PALHOCA,Ausência de reação do condutor,Tombamento,Com Vítimas Feridas,Plena Noite,Decrescente,Céu Claro,Múltipla,Reta,Sim,1,0,0,1,0,0,1,1,-27.65981409,-48.67747798,SPRF-SC,DEL01-SC,UOP02-DEL01-SC,2021
"372971,0",2021-07-26,segunda-feira,03:00:00,SC,101,"192,6",BIGUACU,Ingestão de álcool pelo condutor,Colisão com objeto,Com Vítimas Feridas,Plena Noite,Crescente,Nublado,Múltipla,Ponte,Sim,1,0,1,0,0,0,1,1,-27.48443781,-48.64765238,SPRF-SC,DEL01-SC,UOP01-DEL01-SC,2021
"372973,0",2021-07-26,segunda-feira,03:40:00,SC,101,"203,0",SAO JOSE,Velocidade Incompatível,Capotamento,Com Vítimas Feridas,Plena Noite,Crescente,Céu Claro,Dupla,Reta,Sim,1,0,0,1,0,0,1,1,-27.5650044,-48.61460082,SPRF-SC,DEL01-SC,UOP01-DEL01-SC,2021
"372974,0",2021-03-12,sexta-feira,02:10:00,SC,101,"383,2",ICARA,Condutor deixou de manter distância do veículo da frente,Colisão traseira,Com Vítimas Feridas,Plena Noite,Crescente,Céu Claro,Múltipla,Reta,Sim,3,0,3,0,0,0,3,2,-28.77157137,-49.31041718,SPRF-SC,DEL02-SC,UOP02-DEL02-SC,2021
"373022,0",2021-07-26,segunda-feira,10:59:00,SC,101,"212,0",PALHOCA,Manobra de mudança de faixa,Colisão lateral mesmo sentido,Com Vítimas Feridas,Pleno dia,Decrescente,Céu Claro,Múltipla,Reta,Sim,2,0,1,0,1,0,1,2,-27.62996929,-48.65903871,SPRF-SC,DEL01-SC,UOP02-DEL01-SC,2021
"373026,0",2021-07-26,segunda-feira,07:50:00,SC,470,"64,2",INDAIAL,Acessar a via sem observar a presença dos outros veículos,Colisão transversal,Com Vítimas Feridas,Pleno dia,Decrescente,Sol,Simples,Reta,Não,2,0,1,0,1,0,1,2,-26.869867,-49.201859,SPRF-SC,DEL04-SC,UOP01-DEL04-SC,2021
"373033,0",2021-06-25,sexta-feira,21:40:00,SC,101,"199,2",SAO JOSE,Ingestão de álcool pelo condutor,Colisão traseira,Sem Vítimas,Plena Noite,Crescente,Céu Claro,Dupla,Reta,Sim,2,0,0,0,2,0,0,2,-27.53413705,-48.63003205,SPRF-SC,DEL01-SC,UOP01-DEL01-SC,2021
"373037,0",2021-07-26,segunda-feira,12:05:00,SC,101,"334,5",TUBARAO,Velocidade Incompatível,Colisão traseira,Com Vítimas Feridas,Pleno dia,Decrescente,Nublado,Múltipla,Reta,Sim,2,0,1,1,0,0,2,2,-28.46730446,-49.00604302,SPRF-SC,DEL02-SC,UOP01-DEL02-SC,2021
"373063,0",2021-07-26,segunda-feira,13:30:00,SC,101,"150,0",ITAPEMA,Condutor deixou de manter distância do veículo da frente,Colisão traseira,Com Vítimas Feridas,Pleno dia,Decrescente,Sol,Simples,Reta,Sim,2,0,1,0,1,0,1,2,-27.11700636,-48.60917157,SPRF-SC,DEL04-SC,UOP03-DEL04-SC,2021
"373066,0",2021-07-26,segunda-feira,14:40:00,SC,282,"402,3",JOACABA,Demais falhas mecânicas ou elétricas,Incêndio,Sem Vítimas,Pleno dia,Crescente,Céu Claro,Simples,Curva,Não,1,0,0,0,1,0,0,1,-27.115656,-51.631065,SPRF-SC,DEL07-SC,UOP05-DEL07-SC,2021
"373078,0",2021-07-26,segunda-feira,16:15:00,SC,101,"210,0",SAO JOSE,Condutor deixou de manter distância do veículo da frente,Colisão traseira,Com Vítimas Feridas,Pleno dia,Decrescente,Sol,Múltipla,Reta,Sim,2,0,0,1,1,0,1,2,-27.6167305,-48.6457265,SPRF-SC,DEL01-SC,UOP01-DEL01-SC,2021
"373105,0",2021-07-26,segunda-feira,16:45:00,SC,101,"366,1",SANGAO,Demais falhas mecânicas ou elétricas,Saída de leito carroçável,Com Vítimas Feridas,Pleno dia,Decrescente,Céu Claro,Dupla,Reta,Não,2,0,0,1,1,0,1,1,-28.69359932,-49.16862488,SPRF-SC,DEL02-SC,UOP01-DEL02-SC,2021
"373107,0",2021-07-26,segunda-feira,18:15:00,SC,101,"211,0",SAO JOSE,Pedestre cruzava a pista fora da faixa,Atropelamento de Pedestre,Com Vítimas Feridas,Anoitecer,Crescente,Céu Claro,Dupla,Reta,Sim,2,0,0,1,1,0,1,2,-27.62329313,-48.65245588,SPRF-SC,DEL01-SC,UOP02-DEL01-SC,2021
"373108,0",2021-07-07,quarta-feira,18:35:00,SC,101,"37,1",JOINVILLE,Ausência de reação do condutor,Colisão traseira,Com Vítimas Feridas,Anoitecer,Crescente,Céu Claro,Dupla,Reta,Sim,3,0,1,0,0,2,1,3,-26.28569611,-48.88777077,SPRF-SC,DEL03-SC,UOP01-DEL03-SC,2021
"373128,0",2021-07-26,segunda-feira,20:20:00,SC,280,"56,0",GUARAMIRIM,Acessar a via sem observar a presença dos outros veículos,Colisão transversal,Com Vítimas Feridas,Plena Noite,Decrescente,Céu Claro,Dupla,Rotatória,Sim,3,0,2,0,1,0,2,2,-26.47947677,-49.00298702,SPRF-SC,DEL03-SC,UOP03-DEL03-SC,2021
"373135,0",2021-07-26,segunda-feira,19:05:00,SC,282,"644,0",SAO MIGUEL DO OESTE,Pedestre andava na pista,Atropelamento de Pedestre,Com Vítimas Fatais,Plena Noite,Decrescente,Céu Claro,Simples,Reta;Aclive,Não,4,1,0,0,0,3,0,2,-26.769157,-53.479385,SPRF-SC,DEL07-SC,UOP03-DEL07-SC,2021
"373139,0",2021-07-26,segunda-feira,20:45:00,SC,101,"137,0",BALNEARIO CAMBORIU,Manobra de mudança de faixa,Colisão lateral mesmo sentido,Com Vítimas Feridas,Plena Noite,Crescente,Céu Claro,Múltipla,Interseção de Vias;Reta,Sim,3,0,2,0,1,0,2,2,-27.0157238,-48.61192763,SPRF-SC,DEL04-SC,UOP03-DEL04-SC,2021
"373164,0",2021-06-29,terça-feira,06:50:00,SC,101,"411,3",ARARANGUA,Desrespeitar a preferência no cruzamento,Colisão transversal,Com Vítimas Feridas,Amanhecer,Crescente,Céu Claro,Simples,Interseção de Vias,Sim,2,0,1,0,1,0,1,2,-28.93112097,-49.4940421,SPRF-SC,DEL02-SC,UOP02-DEL02-SC,2021
"373167,0",2021-07-27,terça-feira,05:25:00,SC,282,"565,9",NOVA ERECHIM,Ingestão de álcool pelo condutor,Saída de leito carroçável,Sem Vítimas,Plena Noite,Crescente,Chuva,Simples,Reta,Não,1,0,0,0,1,0,0,1,-26.900272,-52.888309,SPRF-SC,DEL07-SC,UOP02-DEL07-SC,2021
"373176,0",2021-07-27,terça-feira,00:40:00,SC,101,"135,0",BALNEARIO CAMBORIU,Transitar na contramão,Colisão frontal,Com Vítimas Feridas,Plena Noite,Crescente,Céu Claro,Simples,Curva,Sim,2,0,1,0,1,0,1,2,-27.00654066,-48.622132,SPRF-SC,DEL04-SC,UOP03-DEL04-SC,2021
"373188,0",2021-07-27,terça-feira,07:55:00,SC,101,"212,0",PALHOCA,Manobra de mudança de faixa,Colisão traseira,Com Vítimas Feridas,Pleno dia,Decrescente,Céu Claro,Múltipla,Reta,Não,2,0,1,0,1,0,1,2,-27.62996929,-48.65903871,SPRF-SC,DEL01-SC,UOP02-DEL01-SC,2021
"373194,0",2021-07-27,terça-feira,08:40:00,SC,101,"200,4",BIGUACU,Manobra de mudança de faixa,Colisão lateral mesmo sentido,Com Vítimas Feridas,Pleno dia,Crescente,Nublado,Múltipla,Reta,Sim,2,0,1,0,1,0,1,2,-27.54018513,-48.62287714,SPRF-SC,DEL01-SC,UOP01-DEL01-SC,2021
"373216,0",2021-07-16,sexta-feira,11:30:00,SC,101,"211,9",PALHOCA,Condutor deixou de manter distância do veículo da frente,Colisão traseira,Com Vítimas Feridas,Pleno dia,Crescente,Nublado,Múltipla,Reta,Sim,2,0,1,0,1,0,1,2,-27.62996929,-48.65903871,SPRF-SC,DEL01-SC,UOP02-DEL01-SC,2021
"373222,0",2021-07-27,terça-feira,12:00:00,SC,101,"425,0",ARARANGUA,Demais falhas mecânicas ou elétricas,Tombamento,Com Vítimas Feridas,Pleno dia,Decrescente,Nublado,Dupla,Viaduto,Não,1,0,1,0,0,0,1,1,-29.02645418,-49.59983826,SPRF-SC,DEL02-SC,UOP02-DEL02-SC,2021
"373229,0",2021-07-27,terça-feira,13:50:00,SC,101,"139,4",BALNEARIO CAMBORIU,Acumulo de água sobre o pavimento,Saída de leito carroçável,Com Vítimas Feridas,Pleno dia,Crescente,Chuva,Simples,Reta;Aclive,Não,1,0,1,0,0,0,1,1,-27.02982303,-48.60115006,SPRF-SC,DEL04-SC,UOP03-DEL04-SC,2021
"373265,0",2021-07-27,terça-feira,18:00:00,SC,101,"41,9",JOINVILLE,Manobra de mudança de faixa,Colisão traseira,Com Vítimas Feridas,Plena Noite,Crescente,Chuva,Simples,Reta,Sim,2,0,1,0,1,0,1,2,-26.28215489,-48.88973081,SPRF-SC,DEL03-SC,UOP01-DEL03-SC,2021
"373276,0",2021-06-13,domingo,05:15:00,SC,101,"138,0",BALNEARIO CAMBORIU,Reação tardia ou ineficiente do condutor,Colisão com objeto,Com Vítimas Feridas,Plena Noite,Decrescente,Nublado,Múltipla,Reta,Sim,1,0,0,1,0,0,1,1,-27.02397426,-48.60761649,SPRF-SC,DEL04-SC,UOP03-DEL04-SC,2021
"373287,0",2021-07-27,terça-feira,20:30:00,SC,101,"212,3",PALHOCA,Reação tardia ou ineficiente do condutor,Colisão traseira,Com Vítimas Feridas,Plena Noite,Decrescente,Nublado,Dupla,Reta,Não,2,0,1,0,1,0,1,2,-27.62996929,-48.65903871,SPRF-SC,DEL01-SC,UOP02-DEL01-SC,2021
"373290,0",2021-07-27,terça-feira,19:15:00,SC,101,"131,7",CAMBORIU,Transitar na contramão,Colisão frontal,Com Vítimas Feridas,Plena Noite,Crescente,Nublado,Dupla,Reta,Sim,2,0,0,1,1,0,1,2,-26.99064209,-48.66310912,SPRF-SC,DEL04-SC,UOP03-DEL04-SC,2021
"373317,0",2021-07-28,quarta-feira,06:45:00,SC,101,"214,4",PALHOCA,Trafegar com motocicleta (ou similar) entre as faixas,Colisão lateral mesmo sentido,Com Vítimas Feridas,Amanhecer,Decrescente,Céu Claro,Múltipla,Reta;Aclive,Não,3,0,1,0,2,0,1,2,-27.64854099,-48.67340326,SPRF-SC,DEL01-SC,UOP02-DEL01-SC,2021
"373328,0",2021-07-28,quarta-feira,08:00:00,SC,101,"210,0",SAO JOSE,Ausência de reação do condutor,Colisão traseira,Com Vítimas Feridas,Pleno dia,Decrescente,Céu Claro,Dupla,Reta,Sim,2,0,1,0,1,0,1,2,-27.6167305,-48.6457265,SPRF-SC,DEL01-SC,UOP01-DEL01-SC,2021
"373364,0",2021-07-28,quarta-feira,11:20:00,SC,282,"17,0",PALHOCA,Condutor deixou de manter distância do veículo da frente,Colisão traseira,Com Vítimas Feridas,Pleno dia,Decrescente,Céu Claro,Simples,Reta,Não,2,0,1,0,1,0,1,2,-27.665707,-48.688065,SPRF-SC,DEL01-SC,UOP02-DEL01-SC,2021
"373376,0",2021-07-28,quarta-feira,08:00:00,SC,101,"427,0",ARARANGUA,Conversão proibida,Colisão frontal,Com Vítimas Feridas,Pleno dia,Decrescente,Céu Claro,Simples,Reta,Não,2,0,1,0,1,0,1,2,-29.0329064,-49.60623553,SPRF-SC,DEL02-SC,UOP02-DEL02-SC,2021
"373408,0",2021-07-28,quarta-feira,16:30:00,SC,101,"194,0",BIGUACU,Acessar a via sem observar a presença dos outros veículos,Colisão transversal,Com Vítimas Feridas,Pleno dia,Crescente,Sol,Simples,Reta,Sim,2,0,1,0,1,0,1,2,-27.49898352,-48.65649462,SPRF-SC,DEL01-SC,UOP01-DEL01-SC,2021
"373420,0",2021-07-23,sexta-feira,11:40:00,SC,116,"90,0",MONTE CASTELO,Ultrapassagem Indevida,Colisão frontal,Com Vítimas Feridas,Pleno dia,Crescente,Céu Claro,Simples,Reta,Não,2,0,2,0,0,0,2,2,-26.63695731,-50.25471279,SPRF-SC,DEL06-SC,UOP02-DEL06-SC,2021
"373448,0",2021-07-28,quarta-feira,18:40:00,SC,101,"174,0",BIGUACU,Ausência de reação do condutor,Saída de leito carroçável,Sem Vítimas,Plena Noite,Crescente,Céu Claro,Dupla,Retorno Regulamentado,Não,1,0,0,0,1,0,0,1,-27.33081601,-48.62697562,SPRF-SC,DEL01-SC,UOP01-DEL01-SC,2021
"373450,0",2021-07-28,quarta-feira,19:00:00,SC,470,"56,0",BLUMENAU,Ausência de reação do condutor,Colisão traseira,Com Vítimas Feridas,Plena Noite,Crescente,Nublado,Simples,Reta,Não,2,0,1,0,1,0,1,2,-26.87674,-49.127743,SPRF-SC,DEL04-SC,UOP01-DEL04-SC,2021
"373452,0",2021-07-28,quarta-feira,17:30:00,SC,282,"15,7",PALHOCA,Ausência de reação do condutor,Colisão transversal,Com Vítimas Feridas,Pleno dia,Decrescente,Céu Claro,Simples,Reta,Sim,2,0,1,0,1,0,1,2,-27.651848,-48.676048,SPRF-SC,DEL01-SC,UOP02-DEL01-SC,2021
"373456,0",2021-07-28,quarta-feira,19:20:00,SC,101,"117,0",ITAJAI,Manobra de mudança de faixa,Colisão traseira,Com Vítimas Feridas,Plena Noite,Crescente,Céu Claro,Dupla,Reta,Sim,2,0,1,0,1,0,1,2,-26.88747187,-48.72252969,SPRF-SC,DEL04-SC,UOP04-DEL04-SC,2021
"373468,0",2021-07-28,quarta-feira,21:30:00,SC,470,"61,1",BLUMENAU,Ultrapassagem Indevida,Saída de leito carroçável,Com Vítimas Feridas,Plena Noite,Decrescente,Céu Claro,Simples,Reta,Não,4,0,3,0,0,1,3,3,-26.878952,-49.17421,SPRF-SC,DEL04-SC,UOP01-DEL04-SC,2021
"373495,0",2021-07-29,quinta-feira,01:45:00,SC,101,"148,0",ITAPEMA,Ingestão de álcool pelo condutor,Saída de leito carroçável,Com Vítimas Feridas,Plena Noite,Crescente,Nublado,Dupla,Reta,Sim,1,0,1,0,0,0,1,1,-27.10123686,-48.61807962,SPRF-SC,DEL04-SC,UOP03-DEL04-SC,2021
"373503,0",2021-07-29,quinta-feira,02:45:00,SC,282,"183,0",BOCAINA DO SUL,Animais na Pista,Atropelamento de Animal,Com Vítimas Feridas,Plena Noite,Crescente,Neve,Simples,Reta,Não,1,0,1,0,0,0,1,1,-27.735399,-49.958389,SPRF-SC,DEL05-SC,UOP01-DEL05-SC,2021
"373513,0",2021-07-17,sábado,07:00:00,SC,282,"3,9",FLORIANOPOLIS,Transitar na contramão,Colisão transversal,Com Vítimas Feridas,Pleno dia,Crescente,Nublado,Dupla,Interseção de Vias,Sim,3,0,2,0,1,0,2,3,-27.600384,-48.599705,SPRF-SC,DEL01-SC,UOP01-DEL01-SC,2021
"373524,0",2021-05-25,terça-feira,17:30:00,SC,101,"137,2",BALNEARIO CAMBORIU,Manobra de mudança de faixa,Tombamento,Com Vítimas Feridas,Pleno dia,Crescente,Céu Claro,Dupla,Reta,Sim,1,0,0,1,0,0,1,1,-27.0660285,-48.5956539,SPRF-SC,DEL04-SC,UOP03-DEL04-SC,2021
"373534,0",2021-07-29,quinta-feira,07:25:00,SC,470,"140,0",RIO DO SUL,Ingestão de álcool pelo condutor,Colisão frontal,Com Vítimas Feridas,Pleno dia,Decrescente,Céu Claro,Simples,Curva,Sim,3,0,2,0,1,0,2,2,-27.222485,-49.662827,SPRF-SC,DEL04-SC,UOP02-DEL04-SC,2021
"373565,0",2021-07-29,quinta-feira,12:50:00,SC,101,"209,8",SAO JOSE,Ausência de reação do condutor,Colisão traseira,Com Vítimas Feridas,Pleno dia,Crescente,Céu Claro,Múltipla,Declive,Sim,3,0,2,0,1,0,2,2,-27.61000542,-48.63895057,SPRF-SC,DEL01-SC,UOP01-DEL01-SC,2021
"373566,0",2021-07-29,quinta-feira,12:01:00,SC,470,"56,4",BLUMENAU,Acessar a via sem observar a presença dos outros veículos,Colisão transversal,Com Vítimas Feridas,Pleno dia,Decrescente,Céu Claro,Simples,Reta,Não,2,0,1,0,1,0,1,2,-26.87674,-49.127743,SPRF-SC,DEL04-SC,UOP01-DEL04-SC,2021
"373584,0",2021-06-30,quarta-feira,11:30:00,SC,282,"2,9",FLORIANOPOLIS,Trafegar com motocicleta (ou similar) entre as faixas,Colisão lateral mesmo sentido,Com Vítimas Feridas,Pleno dia,Decrescente,Céu Claro,Múltipla,Curva,Sim,3,0,0,1,1,1,1,3,-27.60146415,-48.59823167,SPRF-SC,DEL01-SC,UOP01-DEL01-SC,2021