id,data_inversa,dia_semana,horario,uf,br,km,municipio,causa_acidente,tipo_acidente,classificacao_acidente,fase_dia,sentido_via,condicao_metereologica,tipo_pista,tracado_via,uso_solo,pessoas,mortos,feridos_leves,feridos_graves,ilesos,ignorados,feridos,veiculos,latitude,longitude,regional,delegacia,uop,ano_arquivo
"374523,0",2021-08-02,segunda-feira,16:50:00,SC,101,"211,7",PALHOCA,Trafegar com motocicleta (ou similar) entre as faixas,Colisão lateral mesmo sentido,Com Vítimas Feridas,Anoitecer,Crescente,Garoa/Chuvisco,Dupla,Reta,Sim,2,0,1,0,1,0,1,2,-27.62329313,-48.65245588,SPRF-SC,DEL01-SC,UOP02-DEL01-SC,2021
"374527,0",2021-08-02,segunda-feira,12:10:00,SC,101,"204,0",SAO JOSE,Acumulo de areia ou detritos sobre o pavimento,Tombamento,Com Vítimas Feridas,Pleno dia,Decrescente,Céu Claro,Simples,Interseção de Vias,Sim,1,0,1,0,0,0,1,1,-27.57413014,-48.61363083,SPRF-SC,DEL01-SC,UOP01-DEL01-SC,2021
"374532,0",2021-08-02,segunda-feira,17:40:00,SC,101,"104,0",PENHA,Ausência de reação do condutor,Colisão traseira,Com Vítimas Feridas,Plena Noite,Decrescente,Nublado,Dupla,Aclive,Não,2,0,1,0,1,0,1,2,-26.79281742,-48.68080819,SPRF-SC,DEL03-SC,UOP02-DEL03-SC,2021
"374533,0",2021-08-02,segunda-feira,17:05:00,SC,101,"211,4",SAO JOSE,Ausência de reação do condutor,Tombamento,Com Vítimas Feridas,Anoitecer,Crescente,Chuva,Múltipla,Reta,Sim,1,0,1,0,0,0,1,1,-27.62329313,-48.65245588,SPRF-SC,DEL01-SC,UOP02-DEL01-SC,2021
"374545,0",2021-08-02,segunda-feira,18:15:00,SC,470,"1,5",NAVEGANTES,Ausência de reação do condutor,Colisão lateral mesmo sentido,Com Vítimas Feridas,Plena Noite,Decrescente,Céu Claro,Simples,Reta,Não,2,0,1,0,1,0,1,2,-26.875383,-48.668285,SPRF-SC,DEL04-SC,UOP04-DEL04-SC,2021
"374556,0",2021-08-02,segunda-feira,18:35:00,SC,101,"51,1",JOINVILLE,Ingestão de substâncias psicoativas pelo condutor,Colisão com objeto,Com Vítimas Feridas,Plena Noite,Crescente,Céu Claro,Dupla,Curva,Não,1,0,1,0,0,0,1,1,-26.38506771,-48.84917582,SPRF-SC,DEL03-SC,UOP01-DEL03-SC,2021
"374571,0",2021-08-02,segunda-feira,22:15:00,SC,101,"215,5",PALHOCA,Transitar na contramão,Colisão frontal,Com Vítimas Feridas,Plena Noite,Decrescente,Nublado,Múltipla,Viaduto,Sim,2,0,2,0,0,0,2,2,-27.65184843,-48.67604941,SPRF-SC,DEL01-SC,UOP02-DEL01-SC,2021
"374576,0",2021-08-02,segunda-feira,20:30:00,SC,470,"18,6",ILHOTA,Condutor deixou de manter distância do veículo da frente,Colisão traseira,Com Vítimas Feridas,Plena Noite,Decrescente,Céu Claro,Simples,Ponte,Não,2,0,1,1,0,0,2,2,-26.86039428,-48.81282713,SPRF-SC,DEL04-SC,UOP04-DEL04-SC,2021
"374586,0",2021-08-02,segunda-feira,21:45:00,SC,101,"277,0",IMBITUBA,Ausência de reação do condutor,Colisão com objeto,Com Vítimas Feridas,Plena Noite,Crescente,Céu Claro,Dupla,Reta,Não,3,0,3,0,0,0,3,1,-28.15478103,-48.69265474,SPRF-SC,DEL02-SC,UOP03-DEL02-SC,2021
"374587,0",2021-08-02,segunda-feira,21:15:00,SC,101,"331,6",TUBARAO,Desrespeitar a preferência no cruzamento,Colisão transversal,Com Vítimas Feridas,Plena Noite,Crescente,Nublado,Simples,Rotatória,Sim,2,0,1,0,1,0,1,2,-28.465771,-48.995973,SPRF-SC,DEL02-SC,UOP01-DEL02-SC,2021
"374601,0",2021-08-03,terça-feira,07:10:00,SC,101,"209,0",SAO JOSE,Condutor deixou de manter distância do veículo da frente,Colisão traseira,Com Vítimas Feridas,Amanhecer,Decrescente,Céu Claro,Múltipla,Reta,Sim,3,0,3,0,0,0,3,2,-27.61000542,-48.63895057,SPRF-SC,DEL01-SC,UOP01-DEL01-SC,2021
"374654,0",2021-08-03,terça-feira,13:00:00,SC,101,"38,3",JOINVILLE,Desrespeitar a preferência no cruzamento,Colisão lateral mesmo sentido,Com Vítimas Feridas,Pleno dia,Decrescente,Céu Claro,Simples,Reta,Sim,2,0,1,0,1,0,1,2,-26.25472505,-48.90561309,SPRF-SC,DEL03-SC,UOP01-DEL03-SC,2021
"374660,0",2021-08-03,terça-feira,14:35:00,SC,282,"19,0",PALHOCA,Ausência de reação do condutor,Colisão traseira,Com Vítimas Feridas,Pleno dia,Crescente,Céu Claro,Dupla,Reta,Não,3,0,1,1,1,0,2,2,-27.678635,-48.70192,SPRF-SC,DEL01-SC,UOP02-DEL01-SC,2021
"374696,0",2021-08-03,terça-feira,17:50:00,SC,101,"210,0",SAO JOSE,Trafegar com motocicleta (ou similar) entre as faixas,Colisão lateral mesmo sentido,Com Vítimas Feridas,Anoitecer,Decrescente,Céu Claro,Múltipla,Reta,Sim,2,0,1,0,1,0,1,2,-27.6167305,-48.6457265,SPRF-SC,DEL01-SC,UOP01-DEL01-SC,2021
"374704,0",2021-08-03,terça-feira,18:50:00,SC,282,"5,5",SAO JOSE,Manobra de mudança de faixa,Colisão lateral mesmo sentido,Com Vítimas Feridas,Plena Noite,Crescente,Céu Claro,Múltipla,Reta,Sim,2,0,1,0,1,0,1,2,-27.588425,-48.612919,SPRF-SC,DEL01-SC,UOP01-DEL01-SC,2021
"374725,0",2021-07-10,sábado,22:00:00,SC,101,"131,7",BALNEARIO CAMBORIU,Ingestão de álcool pelo condutor,Colisão com objeto,Com Vítimas Feridas,Plena Noite,Crescente,Céu Claro,Dupla,Reta,Sim,1,0,1,0,0,0,1,1,-26.99064209,-48.66310912,SPRF-SC,DEL04-SC,UOP03-DEL04-SC,2021
"374765,0",2021-08-03,terça-feira,23:30:00,SC,282,"575,4",PINHALZINHO,Ingestão de álcool pelo condutor,Saída de leito carroçável,Com Vítimas Feridas,Plena Noite,Crescente,Céu Claro,Simples,Reta,Não,2,0,0,2,0,0,2,1,-26.863194,-52.974529,SPRF-SC,DEL07-SC,UOP02-DEL07-SC,2021
"374768,0",2021-08-04,quarta-feira,03:00:00,SC,101,"194,0",BIGUACU,Ingestão de álcool pelo condutor,Saída de leito carroçável,Sem Vítimas,Plena Noite,Decrescente,Céu Claro,Múltipla,Reta,Sim,1,0,0,0,1,0,0,1,-27.49815117,-48.65661236,SPRF-SC,DEL01-SC,UOP01-DEL01-SC,2021
"374793,0",2021-08-04,quarta-feira,07:50:00,SC,101,"63,7",ARAQUARI,Condutor Dormindo,Colisão com objeto,Sem Vítimas,Pleno dia,Decrescente,Nublado,Dupla,Curva,Não,1,0,0,0,1,0,0,1,-26.45898367,-48.7584088,SPRF-SC,DEL03-SC,UOP02-DEL03-SC,2021
"374805,0",2021-08-04,quarta-feira,11:05:00,SC,101,"125,0",ITAJAI,Condutor deixou de manter distância do veículo da frente,Colisão com objeto,Com Vítimas Feridas,Pleno dia,Crescente,Céu Claro,Dupla,Reta,Sim,2,0,1,0,1,0,1,2,-26.94802427,-48.68338515,SPRF-SC,DEL04-SC,UOP04-DEL04-SC,2021
"374809,0",2021-08-04,quarta-feira,11:45:00,SC,101,"208,6",SAO JOSE,Ausência de reação do condutor,Colisão traseira,Com Vítimas Feridas,Pleno dia,Crescente,Nublado,Múltipla,Reta,Sim,2,0,1,0,1,0,1,2,-27.60327979,-48.63201818,SPRF-SC,DEL01-SC,UOP01-DEL01-SC,2021
"374811,0",2021-08-04,quarta-feira,11:45:00,SC,470,"123,3",IBIRAMA,Conversão proibida,Colisão transversal,Com Vítimas Feridas,Pleno dia,Crescente,Sol,Simples,Aclive;Curva,Sim,2,0,1,0,1,0,1,2,-27.106783,-49.522049,SPRF-SC,DEL04-SC,UOP02-DEL04-SC,2021
"374856,0",2021-08-04,quarta-feira,14:50:00,SC,280,"124,0",RIO NEGRINHO,Acessar a via sem observar a presença dos outros veículos,Colisão frontal,Com Vítimas Feridas,Pleno dia,Decrescente,Céu Claro,Simples,Reta,Sim,2,0,1,0,1,0,1,2,-26.23816909,-49.49633896,SPRF-SC,DEL06-SC,UOP03-DEL06-SC,2021
"374859,0",2021-08-04,quarta-feira,16:15:00,SC,101,"276,3",IMBITUBA,Desrespeitar a preferência no cruzamento,Colisão transversal,Com Vítimas Feridas,Pleno dia,Decrescente,Céu Claro,Simples,Interseção de Vias,Não,2,0,0,1,1,0,1,2,-28.16017926,-48.69306352,SPRF-SC,DEL02-SC,UOP03-DEL02-SC,2021
"374879,0",2021-08-04,quarta-feira,18:10:00,SC,101,"154,0",PORTO BELO,Afundamento ou ondulação no pavimento,Tombamento,Com Vítimas Feridas,Anoitecer,Decrescente,Nublado,Múltipla,Reta;Interseção de Vias,Não,1,0,1,0,0,0,1,1,-27.153819,-48.61086393,SPRF-SC,DEL04-SC,UOP03-DEL04-SC,2021
"374916,0",2021-08-04,quarta-feira,18:30:00,SC,280,"50,3",GUARAMIRIM,Transitar na contramão,Colisão frontal,Com Vítimas Feridas,Plena Noite,Decrescente,Garoa/Chuvisco,Simples,Reta,Não,2,0,0,1,1,0,1,2,-26.4619489,-48.94618404,SPRF-SC,DEL03-SC,UOP03-DEL03-SC,2021
"374929,0",2021-08-04,quarta-feira,19:00:00,SC,280,"47,5",GUARAMIRIM,Reação tardia ou ineficiente do condutor,Saída de leito carroçável,Com Vítimas Feridas,Plena Noite,Crescente,Garoa/Chuvisco,Simples,Reta,Não,1,0,1,0,0,0,1,1,-26.45353692,-48.917876,SPRF-SC,DEL03-SC,UOP03-DEL03-SC,2021
"374937,0",2021-08-04,quarta-feira,21:50:00,SC,101,"281,9",IMBITUBA,Ingestão de álcool pelo condutor,Colisão transversal,Com Vítimas Feridas,Plena Noite,Crescente,Garoa/Chuvisco,Múltipla,Reta,Sim,2,0,1,0,1,0,1,2,-28.19951508,-48.69844437,SPRF-SC,DEL02-SC,UOP03-DEL02-SC,2021
"374938,0",2021-08-04,quarta-feira,20:45:00,SC,116,"27,3",ITAIOPOLIS,Acessar a via sem observar a presença dos outros veículos,Colisão transversal,Sem Vítimas,Plena Noite,Crescente,Nublado,Simples,Reta,Não,2,0,0,0,2,0,0,2,-26.29228969,-49.94234725,SPRF-SC,DEL06-SC,UOP01-DEL06-SC,2021
"374952,0",2021-08-05,quinta-feira,02:30:00,SC,101,"163,9",TIJUCAS,Velocidade Incompatível,Saída de leito carroçável,Com Vítimas Feridas,Plena Noite,Crescente,Chuva,Dupla,Reta,Não,1,0,1,0,0,0,1,1,-27.23461699,-48.63039809,SPRF-SC,DEL04-SC,UOP03-DEL04-SC,2021
"374964,0",2021-08-05,quinta-feira,05:10:00,SC,101,"41,7",JOINVILLE,Desrespeitar a preferência no cruzamento,Colisão transversal,Com Vítimas Feridas,Amanhecer,Decrescente,Garoa/Chuvisco,Simples,Rotatória,Sim,2,0,0,1,1,0,1,2,-26.31881548,-48.8713932,SPRF-SC,DEL03-SC,UOP01-DEL03-SC,2021
"374965,0",2021-08-05,quinta-feira,06:30:00,SC,163,"85,4",GUARACIABA,Acessar a via sem observar a presença dos outros veículos,Colisão transversal,Com Vítimas Feridas,Plena Noite,Decrescente,Céu Claro,Simples,Interseção de Vias;Curva;Declive,Sim,2,0,0,1,1,0,1,2,-26.60220765,-53.51660371,SPRF-SC,DEL07-SC,UOP03-DEL07-SC,2021
"374970,0",2021-08-05,quinta-feira,07:10:00,SC,101,"216,2",PALHOCA,Trafegar com motocicleta (ou similar) entre as faixas,Tombamento,Com Vítimas Feridas,Pleno dia,Decrescente,Garoa/Chuvisco,Simples,Reta,Sim,3,0,2,0,1,0,2,2,-27.65981409,-48.67747798,SPRF-SC,DEL01-SC,UOP02-DEL01-SC,2021
"374996,0",2021-08-05,quinta-feira,07:05:00,SC,282,"19,8",PALHOCA,Mal súbito do condutor,Tombamento,Com Vítimas Feridas,Pleno dia,Decrescente,Chuva,Simples,Reta,Não,1,0,1,0,0,0,1,1,-27.678635,-48.70192,SPRF-SC,DEL01-SC,UOP02-DEL01-SC,2021
"375019,0",2021-08-05,quinta-feira,09:10:00,SC,282,"408,2",CATANDUVAS,Condutor Dormindo,Colisão frontal,Com Vítimas Feridas,Pleno dia,Decrescente,Sol,Simples,Curva,Sim,5,0,4,0,1,0,4,2,-27.074812,-51.663269,SPRF-SC,DEL07-SC,UOP05-DEL07-SC,2021
"375061,0",2021-08-05,quinta-feira,16:30:00,SC,101,"35,5",JOINVILLE,Desrespeitar a preferência no cruzamento,Colisão transversal,Com Vítimas Feridas,Pleno dia,Crescente,Sol,Simples,Interseção de Vias,Sim,3,0,1,0,2,0,1,3,-26.2411301,-48.91227415,SPRF-SC,DEL03-SC,UOP01-DEL03-SC,2021
"375078,0",2021-08-05,quinta-feira,11:30:00,SC,282,"497,2",XANXERE,Reação tardia ou ineficiente do condutor,Saída de leito carroçável,Com Vítimas Feridas,Pleno dia,Decrescente,Sol,Simples,Curva;Aclive,Não,1,0,1,0,0,0,1,1,-26.880062,-52.344685,SPRF-SC,DEL07-SC,UOP01-DEL07-SC,2021
"375081,0",2021-08-05,quinta-feira,18:15:00,SC,101,"131,5",BALNEARIO CAMBORIU,Animais na Pista,Colisão traseira,Com Vítimas Feridas,Plena Noite,Decrescente,Céu Claro,Dupla,Reta,Sim,2,0,1,0,1,0,1,2,-26.99064209,-48.66310912,SPRF-SC,DEL04-SC,UOP03-DEL04-SC,2021
"375083,0",2021-08-05,quinta-feira,16:55:00,SC,470,"88,2",ASCURRA,Condutor deixou de manter distância do veículo da frente,Colisão traseira,Com Vítimas Feridas,Pleno dia,Crescente,Ignorado,Simples,Reta,Sim,3,0,1,1,1,0,2,2,-26.955355,-49.373169,SPRF-SC,DEL04-SC,UOP01-DEL04-SC,2021
"375084,0",2021-08-05,quinta-feira,19:20:00,SC,280,"57,0",GUARAMIRIM,Reação tardia ou ineficiente do condutor,Saída de leito carroçável,Com Vítimas Feridas,Plena Noite,Decrescente,Céu Claro,Dupla,Reta,Sim,1,0,1,0,0,0,1,1,-26.47811421,-49.01259213,SPRF-SC,DEL03-SC,UOP03-DEL03-SC,2021
"375085,0",2021-08-05,quinta-feira,18:45:00,SC,470,"87,8",ASCURRA,Acessar a via sem observar a presença dos outros veículos,Colisão transversal,Com Vítimas Feridas,Plena Noite,Crescente,Céu Claro,Simples,Rotatória,Sim,2,0,1,0,1,0,1,2,-26.955355,-49.373169,SPRF-SC,DEL04-SC,UOP01-DEL04-SC,2021
"375092,0",2021-08-05,quinta-feira,19:40:00,SC,101,"207,0",SAO JOSE,Manobra de mudança de faixa,Colisão lateral mesmo sentido,Com Vítimas Feridas,Plena Noite,Crescente,Céu Claro,Dupla,Curva,Sim,2,0,1,0,1,0,1,2,-27.60001226,-48.6226467,SPRF-SC,DEL01-SC,UOP01-DEL01-SC,2021
"375096,0",2021-08-05,quinta-feira,19:10:00,SC,101,"26,9",JOINVILLE,Reação tardia ou ineficiente do condutor,Colisão traseira,Com Vítimas Feridas,Plena Noite,Decrescente,Céu Claro,Dupla,Viaduto;Reta,Sim,2,0,1,0,1,0,1,2,-26.20130351,-48.91331794,SPRF-SC,DEL03-SC,UOP01-DEL03-SC,2021
"375118,0",2021-08-05,quinta-feira,22:40:00,SC,470,"67,1",INDAIAL,Retorno proibido,Colisão transversal,Com Vítimas Feridas,Plena Noite,Decrescente,Céu Claro,Simples,Em Obras,Sim,2,0,1,0,1,0,1,2,-26.872158,-49.23127,SPRF-SC,DEL04-SC,UOP01-DEL04-SC,2021
"375137,0",2021-08-06,sexta-feira,05:35:00,SC,101,"198,8",SAO JOSE,Ingestão de álcool pelo condutor,Saída de leito carroçável,Sem Vítimas,Plena Noite,Decrescente,Céu Claro,Múltipla,Curva,Sim,1,0,0,0,1,0,0,1,-27.53413705,-48.63003205,SPRF-SC,DEL01-SC,UOP01-DEL01-SC,2021
"375143,0",2021-08-06,sexta-feira,00:50:00,SC,282,"379,0",HERVAL DOESTE,Condutor Dormindo,Capotamento,Com Vítimas Feridas,Plena Noite,Crescente,Céu Claro,Simples,Rotatória,Não,1,0,1,0,0,0,1,1,-27.214668,-51.489677,SPRF-SC,DEL07-SC,UOP05-DEL07-SC,2021
"375145,0",2021-08-06,sexta-feira,04:50:00,SC,101,"341,9",TUBARAO,Ingestão de álcool e/ou substâncias psicoativas pelo pedestre,Colisão transversal,Com Vítimas Feridas,Plena Noite,Decrescente,Nevoeiro/Neblina,Dupla,Reta,Não,2,0,2,0,0,0,2,2,-28.50999405,-49.05070686,SPRF-SC,DEL02-SC,UOP01-DEL02-SC,2021
"375155,0",2021-08-06,sexta-feira,07:15:00,SC,101,"198,0",BIGUACU,Trafegar com motocicleta (ou similar) entre as faixas,Colisão lateral mesmo sentido,Com Vítimas Feridas,Pleno dia,Decrescente,Nublado,Múltipla,Reta,Sim,2,0,1,0,1,0,1,2,-27.52658712,-48.63506019,SPRF-SC,DEL01-SC,UOP01-DEL01-SC,2021
"375199,0",2021-08-06,sexta-feira,11:30:00,SC,470,"145,0",RIO DO SUL,Desrespeitar a preferência no cruzamento,Colisão transversal,Com Vítimas Feridas,Pleno dia,Crescente,Nublado,Simples,Curva,Sim,2,0,1,0,1,0,1,2,-27.23303408,-49.67236519,SPRF-SC,DEL04-SC,UOP02-DEL04-SC,2021
"375205,0",2021-08-06,sexta-feira,10:50:00,SC,101,"335,5",TUBARAO,Desrespeitar a preferência no cruzamento,Colisão transversal,Com Vítimas Feridas,Pleno dia,Decrescente,Céu Claro,Simples,Interseção de Vias,Sim,2,0,1,0,1,0,1,2,-28.46927473,-49.01557908,SPRF-SC,DEL02-SC,UOP01-DEL02-SC,2021
"375221,0",2021-08-06,sexta-feira,11:00:00,SC,282,"517,0",XAXIM,Manobra de mudança de faixa,Colisão lateral mesmo sentido,Sem Vítimas,Pleno dia,Decrescente,Céu Claro,Simples,Reta,Não,2,0,0,0,2,0,0,2,-26.939375,-52.500057,SPRF-SC,DEL07-SC,UOP01-DEL07-SC,2021
"375224,0",2021-08-06,sexta-feira,13:50:00,SC,470,"133,1",RIO DO SUL,Desrespeitar a preferência no cruzamento,Colisão transversal,Com Vítimas Feridas,Pleno dia,Decrescente,Céu Claro,Simples,Reta,Não,3,0,2,0,1,0,2,2,-27.174187,-49.588497,SPRF-SC,DEL04-SC,UOP02-DEL04-SC,2021
"375243,0",2021-08-06,sexta-feira,14:30:00,SC,280,"58,0",GUARAMIRIM,Acessar a via sem observar a presença dos outros veículos,Colisão transversal,Com Vítimas Feridas,Pleno dia,Crescente,Céu Claro,Simples,Curva,Não,2,0,0,1,1,0,1,2,-26.47415593,-49.021211,SPRF-SC,DEL03-SC,UOP03-DEL03-SC,2021
"375254,0",2021-08-06,sexta-feira,11:35:00,SC,280,"66,2",JARAGUA DO SUL,Reação tardia ou ineficiente do condutor,Colisão transversal,Com Vítimas Feridas,Pleno dia,Crescente,Nublado,Simples,Interseção de Vias,Sim,2,0,0,1,1,0,1,2,-26.4768347,-49.1047132,SPRF-SC,DEL03-SC,UOP03-DEL03-SC,2021
"375259,0",2021-08-06,sexta-feira,16:00:00,SC,101,"210,7",SAO JOSE,Ausência de reação do condutor,Colisão traseira,Com Vítimas Feridas,Pleno dia,Crescente,Nublado,Múltipla,Reta,Sim,2,0,1,0,1,0,1,2,-27.6167305,-48.6457265,SPRF-SC,DEL01-SC,UOP01-DEL01-SC,2021
"375260,0",2021-08-06,sexta-feira,16:25:00,SC,101,"201,9",BIGUACU,Frear bruscamente,Tombamento,Com Vítimas Feridas,Pleno dia,Decrescente,Nublado,Múltipla,Reta,Não,1,0,1,0,0,0,1,1,-27.54836599,-48.61977975,SPRF-SC,DEL01-SC,UOP01-DEL01-SC,2021
"375281,0",2021-08-06,sexta-feira,13:35:00,SC,280,"122,0",RIO NEGRINHO,Acessar a via sem observar a presença dos outros veículos,Colisão traseira,Com Vítimas Feridas,Pleno dia,Crescente,Céu Claro,Simples,Reta,Sim,2,0,1,0,1,0,1,2,-26.24855895,-49.45712883,SPRF-SC,DEL06-SC,UOP03-DEL06-SC,2021
"375283,0",2021-08-06,sexta-feira,16:30:00,SC,101,"91,6",BARRA VELHA,Animais na Pista,Tombamento,Com Vítimas Feridas,Pleno dia,Decrescente,Nublado,Simples,Reta,Sim,1,0,1,0,0,0,1,1,-26.67120698,-48.69011814,SPRF-SC,DEL03-SC,UOP02-DEL03-SC,2021
"375286,0",2021-08-06,sexta-feira,18:00:00,SC,101,"329,1",TUBARAO,Reação tardia ou ineficiente do condutor,Engavetamento,Sem Vítimas,Anoitecer,Decrescente,Ignorado,Dupla,Reta,Não,3,0,0,0,3,0,0,3,-28.452,-48.975,SPRF-SC,DEL02-SC,UOP01-DEL02-SC,2021
"375299,0",2021-08-06,sexta-feira,17:50:00,SC,282,"36,9",AGUAS MORNAS,Manobra de mudança de faixa,Colisão traseira,Com Vítimas Feridas,Anoitecer,Crescente,Nublado,Simples,Interseção de Vias,Não,2,0,1,0,1,0,1,2,-27.704855,-48.834026,SPRF-SC,DEL01-SC,UOP03-DEL01-SC,2021
"375313,0",2021-08-06,sexta-feira,17:50:00,SC,101,"329,0",TUBARAO,Avarias e/ou desgaste excessivo no pneu,Saída de leito carroçável,Com Vítimas Feridas,Plena Noite,Decrescente,Céu Claro,Simples,Reta,Não,1,0,0,1,0,0,1,1,-28.44404822,-48.96611372,SPRF-SC,DEL02-SC,UOP01-DEL02-SC,2021
"375334,0",2021-08-06,sexta-feira,19:45:00,SC,280,"85,0",CORUPA,Ingestão de álcool pelo condutor,Saída de leito carroçável,Com Vítimas Feridas,Plena Noite,Decrescente,Céu Claro,Simples,Curva,Sim,2,0,1,1,0,0,2,2,-26.43471548,-49.24842596,SPRF-SC,DEL06-SC,UOP03-DEL06-SC,2021
"375335,0",2021-08-06,sexta-feira,21:45:00,SC,280,"53,0",GUARAMIRIM,Ingestão de álcool e/ou substâncias psicoativas pelo pedestre,Colisão transversal,Com Vítimas Feridas,Plena Noite,Decrescente,Céu Claro,Simples,Reta,Sim,2,0,0,1,1,0,1,2,-26.47236756,-48.97426617,SPRF-SC,DEL03-SC,UOP03-DEL03-SC,2021
"375359,0",2021-08-06,sexta-feira,23:45:00,SC,101,"138,5",BALNEARIO CAMBORIU,Velocidade Incompatível,Colisão com objeto,Com Vítimas Feridas,Plena Noite,Crescente,Garoa/Chuvisco,Dupla,Curva,Sim,2,0,0,1,1,0,1,2,-27.02397426,-48.60761649,SPRF-SC,DEL04-SC,UOP03-DEL04-SC,2021
"375364,0",2021-08-07,sábado,01:00:00,SC,470,"140,0",RIO DO SUL,Conversão proibida,Colisão lateral mesmo sentido,Com Vítimas Feridas,Plena Noite,Decrescente,Nublado,Simples,Reta,Sim,3,0,2,0,1,0,2,2,-27.20504145,-49.64094043,SPRF-SC,DEL04-SC,UOP02-DEL04-SC,2021
"375371,0",2021-08-07,sábado,01:50:00,SC,101,"189,0",BIGUACU,Acumulo de água sobre o pavimento,Colisão com objeto,Com Vítimas Feridas,Plena Noite,Crescente,Garoa/Chuvisco,Dupla,Curva,Não,2,0,1,0,1,0,1,1,-27.459393,-48.638914,SPRF-SC,DEL01-SC,UOP01-DEL01-SC,2021
"375372,0",2021-08-07,sábado,03:10:00,SC,470,"5,0",NAVEGANTES,Reação tardia ou ineficiente do condutor,Saída de leito carroçável,Com Vítimas Feridas,Plena Noite,Crescente,Céu Claro,Simples,Em Obras,Sim,1,0,1,0,0,0,1,1,-26.85855243,-48.69069815,SPRF-SC,DEL04-SC,UOP04-DEL04-SC,2021
"375375,0",2021-08-07,sábado,01:05:00,SC,101,"88,0",BARRA VELHA,Ingestão de álcool pelo condutor,Saída de leito carroçável,Com Vítimas Feridas,Plena Noite,Decrescente,Nublado,Dupla,Reta,Não,1,0,1,0,0,0,1,1,-26.64253985,-48.68950684,SPRF-SC,DEL03-SC,UOP02-DEL03-SC,2021
"375393,0",2021-08-07,sábado,04:40:00,SC,101,"199,1",SAO JOSE,Acessar a via sem observar a presença dos outros veículos,Colisão transversal,Sem Vítimas,Plena Noite,Crescente,Garoa/Chuvisco,Múltipla,Reta,Sim,1,0,0,0,0,1,0,1,-27.53413705,-48.63003205,SPRF-SC,DEL01-SC,UOP01-DEL01-SC,2021
"375404,0",2021-08-07,sábado,05:10:00,SC,101,"144,0",ITAPEMA,Reação tardia ou ineficiente do condutor,Colisão com objeto,Sem Vítimas,Amanhecer,Decrescente,Nublado,Dupla,Reta,Sim,1,0,0,0,1,0,0,1,-27.0732659,-48.59672716,SPRF-SC,DEL04-SC,UOP03-DEL04-SC,2021
"375410,0",2021-08-07,sábado,06:00:00,SC,470,"168,2",POUSO REDONDO,Velocidade Incompatível,Capotamento,Com Vítimas Feridas,Amanhecer,Crescente,Chuva,Simples,Reta,Não,1,0,0,1,0,0,1,1,-27.266994,-49.872524,SPRF-SC,DEL04-SC,UOP02-DEL04-SC,2021
"375425,0",2021-08-07,sábado,07:40:00,SC,101,"194,0",BIGUACU,Ausência de reação do condutor,Queda de ocupante de veículo,Com Vítimas Feridas,Pleno dia,Crescente,Nublado,Múltipla,Reta,Não,1,0,1,0,0,0,1,1,-27.49815117,-48.65661236,SPRF-SC,DEL01-SC,UOP01-DEL01-SC,2021
"375434,0",2021-08-07,sábado,08:30:00,SC,280,"127,0",RIO NEGRINHO,Velocidade Incompatível,Colisão com objeto,Com Vítimas Feridas,Pleno dia,Decrescente,Céu Claro,Simples,Rotatória,Sim,2,0,1,0,1,0,1,1,-26.23943953,-49.50420708,SPRF-SC,DEL06-SC,UOP03-DEL06-SC,2021
"375447,0",2021-08-07,sábado,07:15:00,SC,101,"46,0",JOINVILLE,Acessar a via sem observar a presença dos outros veículos,Colisão traseira,Com Vítimas Feridas,Pleno dia,Crescente,Chuva,Dupla,Reta,Sim,6,0,3,0,3,0,3,3,-26.33150083,-48.86187762,SPRF-SC,DEL03-SC,UOP01-DEL03-SC,2021
"375453,0",2021-08-07,sábado,09:30:00,SC,282,"5,0",SAO JOSE,Trafegar com motocicleta (ou similar) entre as faixas,Colisão lateral mesmo sentido,Com Vítimas Feridas,Pleno dia,Decrescente,Céu Claro,Dupla,Aclive,Sim,4,0,2,0,1,1,2,3,-27.588425,-48.612919,SPRF-SC,DEL01-SC,UOP01-DEL01-SC,2021
"375459,0",2021-08-07,sábado,10:15:00,SC,101,"452,7",SAO JOAO DO SUL,Condutor Dormindo,Saída de leito carroçável,Com Vítimas Feridas,Pleno dia,Crescente,Céu Claro,Dupla,Curva,Sim,2,0,1,0,1,0,1,1,-29.20154277,-49.75221455,SPRF-SC,DEL02-SC,UOP02-DEL02-SC,2021
"375473,0",2021-08-07,sábado,11:25:00,SC,282,"72,0",RANCHO QUEIMADO,Velocidade Incompatível,Saída de leito carroçável,Com Vítimas Feridas,Pleno dia,Crescente,Chuva,Simples,Curva,Não,5,0,3,1,1,0,4,1,-27.683439,-49.105259,SPRF-SC,DEL01-SC,UOP03-DEL01-SC,2021
"375484,0",2021-08-07,sábado,12:45:00,SC,282,"1,9",FLORIANOPOLIS,Mal súbito do condutor,Colisão com objeto,Com Vítimas Fatais,Pleno dia,Crescente,Nublado,Múltipla,Reta,Sim,4,1,0,0,2,1,0,4,-27.603346,-48.5883,SPRF-SC,DEL01-SC,UOP01-DEL01-SC,2021
"375532,0",2021-08-07,sábado,14:50:00,SC,101,"61,0",ARAQUARI,Ingestão de álcool pelo condutor,Saída de leito carroçável,Com Vítimas Feridas,Pleno dia,Crescente,Nublado,Dupla,Reta,Não,1,0,1,0,0,0,1,1,-26.45474174,-48.77699195,SPRF-SC,DEL03-SC,UOP02-DEL03-SC,2021