id,data_inversa,dia_semana,horario,uf,br,km,municipio,causa_acidente,tipo_acidente,classificacao_acidente,fase_dia,sentido_via,condicao_metereologica,tipo_pista,tracado_via,uso_solo,pessoas,mortos,feridos_leves,feridos_graves,ilesos,ignorados,feridos,veiculos,latitude,longitude,regional,delegacia,uop,ano_arquivo
"375534,0",2021-08-07,sábado,17:40:00,SC,116,"226,0",CORREIA PINTO,Acessar a via sem observar a presença dos outros veículos,Colisão transversal,Com Vítimas Feridas,Pleno dia,Crescente,Céu Claro,Simples,Reta,Não,5,0,1,0,4,0,1,2,-27.627321,-50.34153899,SPRF-SC,DEL05-SC,UOP03-DEL05-SC,2021
"375542,0",2021-08-07,sábado,18:15:00,SC,470,"77,7",RODEIO,Ausência de reação do condutor,Saída de leito carroçável,Sem Vítimas,Plena Noite,Decrescente,Chuva,Simples,Reta,Não,1,0,0,0,1,0,0,1,-26.940817,-49.29287,SPRF-SC,DEL04-SC,UOP01-DEL04-SC,2021
"375545,0",2021-08-07,sábado,17:30:00,SC,282,"111,1",ALFREDO WAGNER,Velocidade Incompatível,Saída de leito carroçável,Com Vítimas Feridas,Anoitecer,Crescente,Garoa/Chuvisco,Simples,Curva,Não,1,0,0,1,0,0,1,1,-27.733616,-49.367538,SPRF-SC,DEL01-SC,UOP03-DEL01-SC,2021
"375557,0",2021-08-07,sábado,19:20:00,SC,101,"182,1",BIGUACU,Animais na Pista,Atropelamento de Animal,Com Vítimas Feridas,Plena Noite,Crescente,Ignorado,Múltipla,Reta,Não,4,0,2,0,2,0,2,3,-27.39798985,-48.6303592,SPRF-SC,DEL01-SC,UOP01-DEL01-SC,2021
"375565,0",2021-08-07,sábado,19:10:00,SC,101,"319,1",PESCARIA BRAVA,Desrespeitar a preferência no cruzamento,Colisão transversal,Com Vítimas Feridas,Plena Noite,Decrescente,Nublado,Simples,Reta;Interseção de Vias,Sim,2,0,1,0,1,0,1,2,-28.426439,-48.888725,SPRF-SC,DEL02-SC,UOP01-DEL02-SC,2021
"375569,0",2021-08-07,sábado,20:00:00,SC,280,"55,5",GUARAMIRIM,Condutor deixou de manter distância do veículo da frente,Colisão traseira,Com Vítimas Feridas,Plena Noite,Decrescente,Céu Claro,Dupla,Interseção de Vias,Sim,2,0,1,0,1,0,1,2,-26.47584353,-48.9937858,SPRF-SC,DEL03-SC,UOP03-DEL03-SC,2021
"375586,0",2021-08-07,sábado,18:55:00,SC,101,"5,7",GARUVA,Velocidade Incompatível,Colisão traseira,Sem Vítimas,Plena Noite,Decrescente,Nublado,Dupla,Reta,Não,2,0,0,0,2,0,0,2,-26.01779797,-48.86233322,SPRF-SC,DEL03-SC,UOP01-DEL03-SC,2021
"375587,0",2021-08-07,sábado,20:45:00,SC,282,"29,1",SANTO AMARO DA IMPERATRIZ,Velocidade Incompatível,Saída de leito carroçável,Com Vítimas Feridas,Plena Noite,Crescente,Nublado,Simples,Reta,Não,2,0,0,2,0,0,2,1,-27.679737,-48.786785,SPRF-SC,DEL01-SC,UOP03-DEL01-SC,2021
"375589,0",2021-08-07,sábado,19:15:00,SC,163,"98,8",SAO JOSE DO CEDRO,Velocidade Incompatível,Colisão traseira,Com Vítimas Feridas,Plena Noite,Crescente,Céu Claro,Simples,Curva,Não,3,0,1,0,2,0,1,3,-26.4935136,-53.5016135,SPRF-SC,DEL07-SC,UOP03-DEL07-SC,2021
"375600,0",2021-08-07,sábado,17:45:00,SC,282,"589,7",SAUDADES,Velocidade Incompatível,Saída de leito carroçável,Sem Vítimas,Plena Noite,Decrescente,Céu Claro,Simples,Reta,Não,1,0,0,0,1,0,0,1,-26.82596,-53.062588,SPRF-SC,DEL07-SC,UOP02-DEL07-SC,2021
"375621,0",2021-08-07,sábado,19:30:00,SC,116,"64,7",PAPANDUVA,Manobra de mudança de faixa,Colisão frontal,Com Vítimas Feridas,Plena Noite,Crescente,Céu Claro,Simples,Reta;Aclive,Não,3,0,2,1,0,0,3,2,-26.41544499,-50.22732716,SPRF-SC,DEL06-SC,UOP02-DEL06-SC,2021
"375629,0",2021-08-08,domingo,00:10:00,SC,101,"214,9",PALHOCA,Condutor deixou de manter distância do veículo da frente,Colisão traseira,Com Vítimas Feridas,Plena Noite,Crescente,Céu Claro,Dupla,Reta,Sim,1,0,0,1,0,0,1,1,-27.64443,-48.67057,SPRF-SC,DEL01-SC,UOP02-DEL01-SC,2021
"375641,0",2021-08-07,sábado,23:30:00,SC,101,"37,9",JOINVILLE,Transitar na contramão,Colisão frontal,Com Vítimas Fatais,Plena Noite,Decrescente,Céu Claro,Dupla,Reta;Aclive,Não,10,2,3,2,1,2,5,3,-26.2927994,-48.88435364,SPRF-SC,DEL03-SC,UOP01-DEL03-SC,2021
"375643,0",2021-08-08,domingo,01:50:00,SC,101,"434,8",SOMBRIO,Ingestão de álcool pelo condutor,Colisão traseira,Com Vítimas Feridas,Plena Noite,Crescente,Céu Claro,Dupla,Declive,Sim,2,0,1,0,1,0,1,2,-29.09075196,-49.63226114,SPRF-SC,DEL02-SC,UOP02-DEL02-SC,2021
"375653,0",2021-08-08,domingo,02:10:00,SC,116,"239,0",LAGES,Ingestão de álcool pelo condutor,Saída de leito carroçável,Sem Vítimas,Plena Noite,Decrescente,Garoa/Chuvisco,Simples,Rotatória,Não,1,0,0,0,1,0,0,1,-27.74920303,-50.33493086,SPRF-SC,DEL05-SC,UOP01-DEL05-SC,2021
"375654,0",2021-08-07,sábado,21:44:00,SC,101,"209,0",SAO JOSE,Velocidade Incompatível,Colisão com objeto,Sem Vítimas,Plena Noite,Decrescente,Ignorado,Múltipla,Reta,Não,1,0,0,0,1,0,0,1,-27.61000542,-48.63895057,SPRF-SC,DEL01-SC,UOP01-DEL01-SC,2021
"375711,0",2021-08-08,domingo,07:50:00,SC,101,"108,2",PENHA,Ingestão de álcool pelo condutor,Saída de leito carroçável,Com Vítimas Feridas,Pleno dia,Decrescente,Céu Claro,Dupla,Reta,Não,2,0,1,1,0,0,2,1,-26.82606902,-48.69052298,SPRF-SC,DEL03-SC,UOP02-DEL03-SC,2021
"375726,0",2021-08-08,domingo,09:30:00,SC,101,"110,8",NAVEGANTES,Reação tardia ou ineficiente do condutor,Tombamento,Com Vítimas Feridas,Pleno dia,Crescente,Céu Claro,Dupla,Reta,Não,2,0,1,0,1,0,1,2,-26.83477,-48.706151,SPRF-SC,DEL04-SC,UOP04-DEL04-SC,2021
"375734,0",2021-08-08,domingo,10:35:00,SC,101,"112,0",ITAJAI,Condutor deixou de manter distância do veículo da frente,Engavetamento,Com Vítimas Feridas,Pleno dia,Decrescente,Céu Claro,Dupla,Ponte,Sim,7,0,2,0,5,0,2,5,-26.84589005,-48.72131295,SPRF-SC,DEL04-SC,UOP04-DEL04-SC,2021
"375740,0",2021-08-08,domingo,11:00:00,SC,101,"128,0",ITAJAI,Reação tardia ou ineficiente do condutor,Colisão traseira,Com Vítimas Feridas,Pleno dia,Crescente,Céu Claro,Dupla,Declive;Reta,Não,5,0,3,0,2,0,3,3,-26.97284292,-48.68299451,SPRF-SC,DEL04-SC,UOP03-DEL04-SC,2021
"375751,0",2021-08-08,domingo,05:40:00,SC,282,"574,2",PINHALZINHO,Ausência de sinalização,Colisão com objeto,Sem Vítimas,Plena Noite,Decrescente,Céu Claro,Simples,Desvio Temporário;Em Obras,Não,1,0,0,0,0,1,0,1,-26.867399,-52.965149,SPRF-SC,DEL07-SC,UOP02-DEL07-SC,2021
"375753,0",2021-08-08,domingo,12:50:00,SC,101,"206,3",SAO JOSE,Avarias e/ou desgaste excessivo no pneu,Queda de ocupante de veículo,Com Vítimas Feridas,Pleno dia,Crescente,Céu Claro,Múltipla,Reta,Sim,2,0,2,0,0,0,2,1,-27.59193546,-48.61824557,SPRF-SC,DEL01-SC,UOP01-DEL01-SC,2021
"375779,0",2021-08-08,domingo,14:20:00,SC,163,"77,7",SAO MIGUEL DO OESTE,Velocidade Incompatível,Colisão traseira,Com Vítimas Feridas,Pleno dia,Decrescente,Céu Claro,Simples,Em Obras;Reta,Não,2,0,1,0,1,0,1,2,-26.6693201,-53.51981163,SPRF-SC,DEL07-SC,UOP03-DEL07-SC,2021
"375781,0",2021-08-08,domingo,11:30:00,SC,101,"60,0",ARAQUARI,Velocidade Incompatível,Colisão com objeto,Com Vítimas Feridas,Pleno dia,Decrescente,Nublado,Dupla,Reta;Declive,Não,1,0,0,1,0,0,1,1,-26.45072823,-48.78570317,SPRF-SC,DEL03-SC,UOP02-DEL03-SC,2021
"375784,0",2021-08-08,domingo,10:45:00,SC,282,"105,0",ALFREDO WAGNER,Ingestão de álcool pelo condutor,Colisão traseira,Sem Vítimas,Pleno dia,Crescente,Céu Claro,Simples,Reta,Não,3,0,0,0,3,0,0,2,-27.694309,-49.34338,SPRF-SC,DEL01-SC,UOP03-DEL01-SC,2021
"375785,0",2021-08-08,domingo,10:50:00,SC,101,"390,7",CRICIUMA,Velocidade Incompatível,Tombamento,Com Vítimas Feridas,Pleno dia,Crescente,Sol,Simples,Viaduto,Não,2,0,1,0,1,0,1,1,-28.80004819,-49.36282789,SPRF-SC,DEL02-SC,UOP02-DEL02-SC,2021
"375798,0",2021-08-08,domingo,16:45:00,SC,470,"70,5",INDAIAL,Conversão proibida,Colisão lateral mesmo sentido,Com Vítimas Feridas,Pleno dia,Crescente,Céu Claro,Simples,Reta,Sim,3,0,0,2,1,0,2,2,-26.889374,-49.254478,SPRF-SC,DEL04-SC,UOP01-DEL04-SC,2021
"375810,0",2021-08-08,domingo,17:00:00,SC,282,"17,9",PALHOCA,Acessar a via sem observar a presença dos outros veículos,Colisão transversal,Com Vítimas Feridas,Pleno dia,Decrescente,Céu Claro,Simples,Reta,Sim,5,0,3,2,0,0,5,3,-27.665707,-48.688065,SPRF-SC,DEL01-SC,UOP02-DEL01-SC,2021
"375841,0",2021-08-08,domingo,18:40:00,SC,470,"89,1",ASCURRA,Pista esburacada,Tombamento,Com Vítimas Feridas,Plena Noite,Decrescente,Céu Claro,Simples,Curva,Não,1,0,1,0,0,0,1,1,-26.96290198,-49.37003346,SPRF-SC,DEL04-SC,UOP01-DEL04-SC,2021
"375864,0",2021-08-08,domingo,19:25:00,SC,282,"330,0",CAMPOS NOVOS,Condutor deixou de manter distância do veículo da frente,Colisão lateral mesmo sentido,Com Vítimas Feridas,Plena Noite,Crescente,Céu Claro,Simples,Reta,Não,4,0,1,0,3,0,1,2,-27.384575,-51.106579,SPRF-SC,DEL07-SC,UOP06-DEL07-SC,2021
"375865,0",2021-08-08,domingo,19:56:00,SC,101,"463,0",PASSO DE TORRES,Ingestão de álcool pelo condutor,Colisão traseira,Sem Vítimas,Plena Noite,Crescente,Céu Claro,Dupla,Reta,Sim,2,0,0,0,2,0,0,2,-29.28473398,-49.75620716,SPRF-RS,DEL03-RS,UOP02-DEL03-RS,2021
"375884,0",2021-08-08,domingo,17:45:00,SC,153,"82,9",IRANI,Velocidade Incompatível,Saída de leito carroçável,Com Vítimas Fatais,Pleno dia,Crescente,Céu Claro,Simples,Reta,Não,2,1,1,0,0,0,1,1,-27.1328965,-51.9159456,SPRF-SC,DEL07-SC,UOP04-DEL07-SC,2021
"375888,0",2021-08-08,domingo,20:30:00,SC,470,"324,4",CAMPOS NOVOS,Ingestão de álcool pelo condutor,Saída de leito carroçável,Com Vítimas Feridas,Plena Noite,Crescente,Céu Claro,Simples,Reta,Não,1,0,1,0,0,0,1,1,-27.446829,-51.24725,SPRF-SC,DEL07-SC,UOP06-DEL07-SC,2021
"375889,0",2021-08-08,domingo,21:00:00,SC,101,"434,0",SOMBRIO,Manobra de mudança de faixa,Colisão transversal,Com Vítimas Feridas,Plena Noite,Crescente,Céu Claro,Simples,Reta,Sim,2,0,1,0,1,0,1,2,-29.10291116,-49.63600516,SPRF-SC,DEL02-SC,UOP02-DEL02-SC,2021
"375892,0",2021-08-08,domingo,20:25:00,SC,101,"148,7",ITAPEMA,Demais falhas mecânicas ou elétricas,Tombamento,Com Vítimas Feridas,Plena Noite,Decrescente,Céu Claro,Múltipla,Reta;Declive,Sim,1,0,1,0,0,0,1,1,-27.10123686,-48.61807962,SPRF-SC,DEL04-SC,UOP03-DEL04-SC,2021
"375900,0",2021-08-08,domingo,21:35:00,SC,280,"47,0",GUARAMIRIM,Ingestão de álcool pelo condutor,Atropelamento de Pedestre,Com Vítimas Feridas,Plena Noite,Decrescente,Nublado,Simples,Reta,Não,2,0,0,1,1,0,1,2,-26.45353692,-48.917876,SPRF-SC,DEL03-SC,UOP03-DEL03-SC,2021
"375903,0",2021-08-08,domingo,19:20:00,SC,280,"22,1",ARAQUARI,Condutor deixou de manter distância do veículo da frente,Colisão traseira,Com Vítimas Feridas,Plena Noite,Crescente,Nublado,Simples,Reta,Não,3,0,1,0,2,0,1,2,-26.37092616,-48.70204099,SPRF-SC,DEL03-SC,UOP03-DEL03-SC,2021
"375925,0",2021-08-08,domingo,23:11:00,SC,101,"233,8",PALHOCA,Ingestão de álcool ou de substâncias psicoativas pelo pedestre,Capotamento,Sem Vítimas,Plena Noite,Crescente,Céu Claro,Dupla,Reta,Não,1,0,0,0,1,0,0,1,-27.80376397,-48.63826211,SPRF-SC,DEL01-SC,UOP02-DEL01-SC,2021
"375940,0",2021-08-08,domingo,19:30:00,SC,101,"442,3",SANTA ROSA DO SUL,Deficiência do Sistema de Iluminação/Sinalização,Colisão traseira,Com Vítimas Feridas,Plena Noite,Decrescente,Nublado,Simples,Reta,Sim,3,0,1,1,1,0,2,2,-29.12959329,-49.68678391,SPRF-SC,DEL02-SC,UOP02-DEL02-SC,2021
"375944,0",2021-08-09,segunda-feira,05:15:00,SC,470,"45,0",GASPAR,Reação tardia ou ineficiente do condutor,Queda de ocupante de veículo,Com Vítimas Feridas,Plena Noite,Crescente,Céu Claro,Simples,Reta,Sim,1,0,1,0,0,0,1,1,-26.867064,-49.031109,SPRF-SC,DEL04-SC,UOP01-DEL04-SC,2021
"375948,0",2021-08-09,segunda-feira,00:30:00,SC,480,"130,0",CHAPECO,Ingestão de álcool pelo condutor,Colisão traseira,Com Vítimas Feridas,Plena Noite,Decrescente,Céu Claro,Dupla,Reta,Não,2,0,1,0,0,1,1,2,-27.05534298,-52.63652069,SPRF-SC,DEL07-SC,UOP01-DEL07-SC,2021
"375950,0",2021-08-09,segunda-feira,05:00:00,SC,101,"201,3",SAO JOSE,Velocidade Incompatível,Colisão com objeto,Com Vítimas Feridas,Plena Noite,Crescente,Céu Claro,Múltipla,Reta,Sim,3,0,1,0,2,0,1,3,-27.54836599,-48.61977975,SPRF-SC,DEL01-SC,UOP01-DEL01-SC,2021
"375951,0",2021-08-09,segunda-feira,04:50:00,SC,101,"159,0",PORTO BELO,Ausência de reação do condutor,Colisão com objeto,Sem Vítimas,Plena Noite,Decrescente,Céu Claro,Dupla,Reta,Não,2,0,0,0,2,0,0,2,-27.1998778,-48.61534236,SPRF-SC,DEL04-SC,UOP03-DEL04-SC,2021
"375982,0",2021-08-09,segunda-feira,06:55:00,SC,280,"1,0",SAO FRANCISCO DO SUL,Reação tardia ou ineficiente do condutor,Tombamento,Com Vítimas Feridas,Pleno dia,Crescente,Céu Claro,Simples,Curva,Não,1,0,1,0,0,0,1,1,-26.23513098,-48.62815601,SPRF-SC,DEL03-SC,UOP03-DEL03-SC,2021
"376001,0",2021-08-09,segunda-feira,08:25:00,SC,101,"137,8",BALNEARIO CAMBORIU,Reação tardia ou ineficiente do condutor,Tombamento,Com Vítimas Feridas,Pleno dia,Crescente,Céu Claro,Dupla,Reta,Sim,1,0,0,1,0,0,1,1,-27.0157238,-48.61192763,SPRF-SC,DEL04-SC,UOP03-DEL04-SC,2021
"376004,0",2021-07-24,sábado,21:39:00,SC,101,"208,4",SAO JOSE,Ingestão de álcool pelo condutor,Colisão traseira,Com Vítimas Feridas,Plena Noite,Crescente,Céu Claro,Múltipla,Reta,Sim,3,0,2,0,1,0,2,3,-27.60539986,-48.63421619,SPRF-SC,DEL01-SC,UOP01-DEL01-SC,2021
"376018,0",2021-08-09,segunda-feira,10:30:00,SC,282,"21,5",PALHOCA,Reação tardia ou ineficiente do condutor,Colisão traseira,Com Vítimas Feridas,Pleno dia,Crescente,Céu Claro,Simples,Reta,Sim,2,0,1,0,1,0,1,2,-27.68907,-48.717541,SPRF-SC,DEL01-SC,UOP02-DEL01-SC,2021
"376020,0",2021-08-09,segunda-feira,12:00:00,SC,101,"206,8",SAO JOSE,Mal súbito do condutor,Colisão com objeto,Sem Vítimas,Pleno dia,Crescente,Sol,Simples,Reta;Viaduto,Sim,1,0,0,0,1,0,0,1,-27.59193546,-48.61824557,SPRF-SC,DEL01-SC,UOP01-DEL01-SC,2021
"376024,0",2021-08-09,segunda-feira,11:50:00,SC,470,"58,4",BLUMENAU,Ausência de reação do condutor,Colisão lateral sentido oposto,Com Vítimas Feridas,Pleno dia,Decrescente,Nublado,Simples,Reta,Não,2,0,1,0,1,0,1,2,-26.883879,-49.145622,SPRF-SC,DEL04-SC,UOP01-DEL04-SC,2021
"376031,0",2021-08-09,segunda-feira,09:20:00,SC,101,"367,4",ICARA,Condutor deixou de manter distância do veículo da frente,Colisão com objeto,Com Vítimas Feridas,Pleno dia,Decrescente,Céu Claro,Dupla,Reta;Aclive,Não,1,0,1,0,0,0,1,1,-28.69841782,-49.18441772,SPRF-SC,DEL02-SC,UOP01-DEL02-SC,2021
"376077,0",2021-08-09,segunda-feira,15:00:00,SC,470,"71,0",INDAIAL,Acessar a via sem observar a presença dos outros veículos,Colisão lateral mesmo sentido,Com Vítimas Feridas,Pleno dia,Decrescente,Céu Claro,Simples,Reta,Não,2,0,1,0,1,0,1,2,-26.895243,-49.262104,SPRF-SC,DEL04-SC,UOP01-DEL04-SC,2021
"376087,0",2021-08-09,segunda-feira,09:55:00,SC,101,"25,5",JOINVILLE,Reação tardia ou ineficiente do condutor,Colisão lateral mesmo sentido,Sem Vítimas,Pleno dia,Decrescente,Céu Claro,Dupla,Reta;Interseção de Vias,Sim,2,0,0,0,2,0,0,2,-26.1834739,-48.9105912,SPRF-SC,DEL03-SC,UOP01-DEL03-SC,2021
"376115,0",2021-08-09,segunda-feira,19:45:00,SC,280,"24,9",ARAQUARI,Acumulo de areia ou detritos sobre o pavimento,Colisão com objeto,Com Vítimas Feridas,Plena Noite,Crescente,Nublado,Simples,Ponte,Sim,1,0,1,0,0,0,1,1,-26.38325823,-48.726511,SPRF-SC,DEL03-SC,UOP03-DEL03-SC,2021
"376124,0",2021-08-09,segunda-feira,19:20:00,SC,116,"5,5",MAFRA,Acessar a via sem observar a presença dos outros veículos,Colisão transversal,Com Vítimas Feridas,Plena Noite,Decrescente,Céu Claro,Simples,Interseção de Vias,Não,2,0,0,1,1,0,1,2,-26.14094396,-49.81508303,SPRF-SC,DEL06-SC,UOP01-DEL06-SC,2021
"376141,0",2021-08-09,segunda-feira,23:00:00,SC,101,"216,0",PALHOCA,Acessar a via sem observar a presença dos outros veículos,Colisão transversal,Com Vítimas Feridas,Plena Noite,Crescente,Céu Claro,Simples,Interseção de Vias,Sim,3,0,1,0,1,1,1,3,-27.65981409,-48.67747798,SPRF-SC,DEL01-SC,UOP02-DEL01-SC,2021
"376167,0",2021-08-09,segunda-feira,08:18:00,SC,101,"47,4",JOINVILLE,Acessar a via sem observar a presença dos outros veículos,Tombamento,Com Vítimas Feridas,Pleno dia,Decrescente,Céu Claro,Dupla,Reta,Sim,1,0,1,0,0,0,1,1,-26.34234997,-48.85840089,SPRF-SC,DEL03-SC,UOP01-DEL03-SC,2021
"376179,0",2021-08-10,terça-feira,06:35:00,SC,101,"210,2",SAO JOSE,Manobra de mudança de faixa,Colisão lateral mesmo sentido,Com Vítimas Feridas,Amanhecer,Crescente,Nublado,Múltipla,Reta,Sim,2,0,0,1,1,0,1,2,-27.6167305,-48.6457265,SPRF-SC,DEL01-SC,UOP01-DEL01-SC,2021
"376180,0",2021-08-10,terça-feira,06:45:00,SC,101,"210,2",SAO JOSE,Reação tardia ou ineficiente do condutor,Colisão traseira,Com Vítimas Feridas,Amanhecer,Crescente,Nublado,Múltipla,Reta,Sim,3,0,1,0,2,0,1,2,-27.61798227,-48.64705324,SPRF-SC,DEL01-SC,UOP01-DEL01-SC,2021
"376192,0",2021-08-10,terça-feira,08:10:00,SC,101,"213,4",PALHOCA,Ausência de reação do condutor,Colisão traseira,Com Vítimas Feridas,Pleno dia,Decrescente,Nublado,Múltipla,Viaduto,Sim,2,0,1,0,1,0,1,2,-27.63697369,-48.66514142,SPRF-SC,DEL01-SC,UOP02-DEL01-SC,2021
"376202,0",2021-08-10,terça-feira,08:00:00,SC,282,"1,2",FLORIANOPOLIS,Manobra de mudança de faixa,Colisão lateral mesmo sentido,Com Vítimas Feridas,Pleno dia,Decrescente,Céu Claro,Múltipla,Reta,Sim,2,0,0,1,0,1,1,2,-27.602955,-48.580509,SPRF-SC,DEL01-SC,UOP01-DEL01-SC,2021
"376226,0",2021-08-10,terça-feira,08:30:00,SC,470,"163,5",TROMBUDO CENTRAL,Condutor deixou de manter distância do veículo da frente,Colisão traseira,Com Vítimas Feridas,Pleno dia,Crescente,Céu Claro,Simples,Curva,Sim,2,0,1,0,1,0,1,2,-27.27646405,-49.85406876,SPRF-SC,DEL04-SC,UOP02-DEL04-SC,2021
"376232,0",2021-08-10,terça-feira,11:30:00,SC,280,"52,0",GUARAMIRIM,Acessar a via sem observar a presença dos outros veículos,Colisão transversal,Com Vítimas Feridas,Pleno dia,Crescente,Céu Claro,Simples,Interseção de Vias,Sim,3,0,0,1,2,0,1,2,-26.47153703,-48.97142887,SPRF-SC,DEL03-SC,UOP03-DEL03-SC,2021
"376240,0",2021-07-05,segunda-feira,16:45:00,SC,101,"104,7",PENHA,Acumulo de areia ou detritos sobre o pavimento,Tombamento,Com Vítimas Feridas,Pleno dia,Crescente,Sol,Simples,Viaduto,Sim,1,0,1,0,0,0,1,1,-26.79851479,-48.67963672,SPRF-SC,DEL03-SC,UOP02-DEL03-SC,2021
"376253,0",2021-08-10,terça-feira,13:00:00,SC,282,"517,2",XAXIM,Condutor deixou de manter distância do veículo da frente,Colisão traseira,Com Vítimas Feridas,Pleno dia,Decrescente,Nublado,Simples,Aclive;Curva,Não,2,0,1,0,1,0,1,2,-26.939375,-52.500057,SPRF-SC,DEL07-SC,UOP01-DEL07-SC,2021
"376285,0",2021-08-10,terça-feira,17:00:00,SC,101,"37,0",JOINVILLE,Avarias e/ou desgaste excessivo no pneu,Queda de ocupante de veículo,Com Vítimas Feridas,Anoitecer,Crescente,Nublado,Dupla,Reta,Não,2,0,2,0,0,0,2,1,-26.25050176,-48.90863867,SPRF-SC,DEL03-SC,UOP01-DEL03-SC,2021
"376316,0",2021-08-10,terça-feira,18:40:00,SC,282,"2,0",FLORIANOPOLIS,Ausência de reação do condutor,Queda de ocupante de veículo,Com Vítimas Feridas,Plena Noite,Crescente,Garoa/Chuvisco,Dupla,Reta,Sim,1,0,1,0,0,0,1,1,-27.603289,-48.590416,SPRF-SC,DEL01-SC,UOP01-DEL01-SC,2021
"376325,0",2021-08-10,terça-feira,19:30:00,SC,101,"443,6",SANTA ROSA DO SUL,Acessar a via sem observar a presença dos outros veículos,Colisão transversal,Sem Vítimas,Plena Noite,Crescente,Garoa/Chuvisco,Múltipla,Interseção de Vias,Sim,2,0,0,0,1,1,0,2,-29.13223626,-49.69660393,SPRF-SC,DEL02-SC,UOP02-DEL02-SC,2021
"376334,0",2021-08-10,terça-feira,20:50:00,SC,101,"157,2",PORTO BELO,Objeto estático sobre o leito carroçável,Colisão com objeto,Com Vítimas Feridas,Plena Noite,Decrescente,Nublado,Dupla,Reta,Não,1,0,1,0,0,0,1,1,-27.14360323,-48.59973907,SPRF-SC,DEL04-SC,UOP03-DEL04-SC,2021
"376344,0",2021-08-10,terça-feira,19:40:00,SC,101,"449,9",SANTA ROSA DO SUL,Chuva,Saída de leito carroçável,Com Vítimas Feridas,Plena Noite,Crescente,Chuva,Dupla,Reta,Sim,1,0,1,0,0,0,1,1,-29.16497725,-49.74303669,SPRF-SC,DEL02-SC,UOP02-DEL02-SC,2021
"376359,0",2021-08-10,terça-feira,23:20:00,SC,470,"111,2",IBIRAMA,Velocidade Incompatível,Capotamento,Com Vítimas Feridas,Plena Noite,Crescente,Chuva,Simples,Curva,Não,2,0,1,1,0,0,2,1,-27.095388,-49.457878,SPRF-SC,DEL04-SC,UOP02-DEL04-SC,2021
"376361,0",2021-08-11,quarta-feira,00:25:00,SC,101,"210,0",SAO JOSE,Ingestão de álcool pelo condutor,Saída de leito carroçável,Sem Vítimas,Plena Noite,Crescente,Chuva,Múltipla,Reta,Sim,1,0,0,0,1,0,0,1,-27.6167305,-48.6457265,SPRF-SC,DEL01-SC,UOP01-DEL01-SC,2021
"376378,0",2021-08-11,quarta-feira,06:10:00,SC,101,"219,9",PALHOCA,Manobra de mudança de faixa,Colisão lateral mesmo sentido,Com Vítimas Feridas,Amanhecer,Decrescente,Nublado,Dupla,Reta,Sim,4,0,2,0,1,1,2,2,-27.69344203,-48.6630553,SPRF-SC,DEL01-SC,UOP02-DEL01-SC,2021
"376380,0",2021-08-11,quarta-feira,04:50:00,SC,280,"41,0",GUARAMIRIM,Ingestão de álcool pelo condutor,Saída de leito carroçável,Sem Vítimas,Plena Noite,Crescente,Céu Claro,Simples,Reta,Não,1,0,0,0,1,0,0,1,-26.45000366,-48.85790902,SPRF-SC,DEL03-SC,UOP03-DEL03-SC,2021
"376386,0",2021-08-11,quarta-feira,06:20:00,SC,280,"8,6",SAO FRANCISCO DO SUL,Ausência de reação do condutor,Colisão frontal,Com Vítimas Feridas,Amanhecer,Decrescente,Nublado,Simples,Reta,Sim,2,0,0,2,0,0,2,2,-26.27887292,-48.64668626,SPRF-SC,DEL03-SC,UOP03-DEL03-SC,2021
"376405,0",2021-08-11,quarta-feira,08:20:00,SC,280,"34,0",ARAQUARI,Acessar a via sem observar a presença dos outros veículos,Colisão transversal,Com Vítimas Feridas,Pleno dia,Crescente,Nublado,Simples,Retorno Regulamentado,Sim,2,0,1,0,1,0,1,2,-26.42993971,-48.79615614,SPRF-SC,DEL03-SC,UOP03-DEL03-SC,2021
"376446,0",2021-08-11,quarta-feira,06:00:00,SC,282,"118,1",BOM RETIRO,Curva acentuada,Saída de leito carroçável,Com Vítimas Feridas,Amanhecer,Decrescente,Nublado,Simples,Curva,Não,2,0,1,0,1,0,1,1,-27.776798,-49.411194,SPRF-SC,DEL05-SC,UOP01-DEL05-SC,2021
"376463,0",2021-08-11,quarta-feira,13:30:00,SC,282,"518,9",XAXIM,Acesso irregular,Colisão transversal,Com Vítimas Feridas,Pleno dia,Crescente,Céu Claro,Simples,Reta,Sim,3,0,1,0,2,0,1,2,-26.944099,-52.508427,SPRF-SC,DEL07-SC,UOP01-DEL07-SC,2021
"376465,0",2021-08-11,quarta-feira,14:15:00,SC,101,"200,0",SAO JOSE,Manobra de mudança de faixa,Colisão transversal,Com Vítimas Feridas,Pleno dia,Crescente,Nublado,Múltipla,Reta,Sim,2,0,1,0,1,0,1,2,-27.54018513,-48.62287714,SPRF-SC,DEL01-SC,UOP01-DEL01-SC,2021
"376488,0",2021-08-11,quarta-feira,14:20:00,SC,163,"73,6",SAO MIGUEL DO OESTE,Acessar a via sem observar a presença dos outros veículos,Colisão lateral mesmo sentido,Com Vítimas Feridas,Pleno dia,Decrescente,Céu Claro,Dupla,Reta,Sim,2,0,1,0,0,1,1,2,-26.71084646,-53.51502434,SPRF-SC,DEL07-SC,UOP03-DEL07-SC,2021