id,data_inversa,dia_semana,horario,uf,br,km,municipio,causa_acidente,tipo_acidente,classificacao_acidente,fase_dia,sentido_via,condicao_metereologica,tipo_pista,tracado_via,uso_solo,pessoas,mortos,feridos_leves,feridos_graves,ilesos,ignorados,feridos,veiculos,latitude,longitude,regional,delegacia,uop,ano_arquivo
"376511,0",2021-08-11,quarta-feira,18:30:00,SC,470,"5,0",NAVEGANTES,Velocidade Incompatível,Saída de leito carroçável,Com Vítimas Feridas,Plena Noite,Decrescente,Céu Claro,Dupla,Reta,Não,2,0,1,1,0,0,2,1,-26.855688,-48.700333,SPRF-SC,DEL04-SC,UOP04-DEL04-SC,2021
"376552,0",2021-08-11,quarta-feira,12:00:00,SC,282,"395,7",JOACABA,Demais falhas mecânicas ou elétricas,Incêndio,Sem Vítimas,Pleno dia,Crescente,Céu Claro,Simples,Reta,Não,1,0,0,0,1,0,0,1,-27.156887,-51.592079,SPRF-SC,DEL07-SC,UOP05-DEL07-SC,2021
"376554,0",2021-08-11,quarta-feira,22:00:00,SC,101,"199,5",SAO JOSE,Demais falhas mecânicas ou elétricas,Queda de ocupante de veículo,Com Vítimas Feridas,Plena Noite,Decrescente,Nublado,Múltipla,Curva;Aclive,Sim,1,0,0,1,0,0,1,1,-27.53413705,-48.63003205,SPRF-SC,DEL01-SC,UOP01-DEL01-SC,2021
"376567,0",2021-08-12,quinta-feira,01:45:00,SC,282,"108,3",ALFREDO WAGNER,Velocidade Incompatível,Saída de leito carroçável,Com Vítimas Feridas,Plena Noite,Crescente,Nublado,Simples,Curva,Não,3,0,2,0,1,0,2,1,-27.710777,-49.356228,SPRF-SC,DEL01-SC,UOP03-DEL01-SC,2021
"376575,0",2021-08-12,quinta-feira,04:40:00,SC,470,"56,0",BLUMENAU,Conversão proibida,Colisão frontal,Com Vítimas Feridas,Plena Noite,Decrescente,Céu Claro,Simples,Reta,Não,2,0,0,1,1,0,1,2,-26.87674,-49.127743,SPRF-SC,DEL04-SC,UOP01-DEL04-SC,2021
"376605,0",2021-08-12,quinta-feira,07:20:00,SC,163,"68,3",SAO MIGUEL DO OESTE,Avarias e/ou desgaste excessivo no pneu,Tombamento,Com Vítimas Feridas,Pleno dia,Crescente,Céu Claro,Dupla,Reta,Sim,2,0,2,0,0,0,2,1,-26.74777567,-53.50081086,SPRF-SC,DEL07-SC,UOP03-DEL07-SC,2021
"376630,0",2021-08-12,quinta-feira,10:15:00,SC,470,"63,2",INDAIAL,Demais Fenômenos da natureza,Incêndio,Sem Vítimas,Pleno dia,Decrescente,Céu Claro,Simples,Reta,Sim,2,0,0,0,0,2,0,2,-26.872396,-49.19228,SPRF-SC,DEL04-SC,UOP01-DEL04-SC,2021
"376641,0",2021-07-25,domingo,08:30:00,SC,282,"209,0",LAGES,Ausência de reação do condutor,Saída de leito carroçável,Com Vítimas Feridas,Pleno dia,Crescente,Sol,Simples,Reta,Não,1,0,0,1,0,0,1,1,-27.776926,-50.221893,SPRF-SC,DEL05-SC,UOP01-DEL05-SC,2021
"376645,0",2021-08-12,quinta-feira,13:40:00,SC,470,"57,0",BLUMENAU,Desrespeitar a preferência no cruzamento,Colisão transversal,Com Vítimas Feridas,Pleno dia,Crescente,Nublado,Simples,Interseção de Vias,Sim,2,0,1,0,1,0,1,2,-26.880428,-49.136532,SPRF-SC,DEL04-SC,UOP01-DEL04-SC,2021
"376651,0",2021-08-12,quinta-feira,14:35:00,SC,101,"194,7",BIGUACU,Ausência de reação do condutor,Saída de leito carroçável,Com Vítimas Feridas,Pleno dia,Decrescente,Nublado,Simples,Reta,Não,1,0,1,0,0,0,1,1,-27.49815117,-48.65661236,SPRF-SC,DEL01-SC,UOP01-DEL01-SC,2021
"376655,0",2021-08-12,quinta-feira,15:45:00,SC,101,"200,7",SAO JOSE,Frear bruscamente,Saída de leito carroçável,Com Vítimas Feridas,Pleno dia,Crescente,Nublado,Múltipla,Reta,Sim,1,0,1,0,0,0,1,1,-27.54018513,-48.62287714,SPRF-SC,DEL01-SC,UOP01-DEL01-SC,2021
"376662,0",2021-08-12,quinta-feira,16:10:00,SC,470,"156,6",TROMBUDO CENTRAL,Pista Escorregadia,Tombamento,Com Vítimas Feridas,Pleno dia,Crescente,Nublado,Simples,Curva,Não,1,0,1,0,0,0,1,1,-27.281332,-49.760201,SPRF-SC,DEL04-SC,UOP02-DEL04-SC,2021
"376691,0",2021-08-12,quinta-feira,18:50:00,SC,470,"71,0",INDAIAL,Transitar na contramão,Colisão frontal,Com Vítimas Feridas,Plena Noite,Crescente,Céu Claro,Simples,Reta,Sim,3,0,1,1,1,0,2,2,-26.895243,-49.262104,SPRF-SC,DEL04-SC,UOP01-DEL04-SC,2021
"376697,0",2021-08-12,quinta-feira,19:30:00,SC,101,"150,0",ITAPEMA,Demais falhas mecânicas ou elétricas,Tombamento,Com Vítimas Feridas,Plena Noite,Decrescente,Nublado,Dupla,Reta,Sim,2,0,2,0,0,0,2,1,-27.11744799,-48.60940987,SPRF-SC,DEL04-SC,UOP03-DEL04-SC,2021
"376712,0",2021-08-12,quinta-feira,21:00:00,SC,101,"133,0",BALNEARIO CAMBORIU,Reação tardia ou ineficiente do condutor,Tombamento,Com Vítimas Feridas,Plena Noite,Crescente,Céu Claro,Dupla,Reta,Não,1,0,1,0,0,0,1,1,-26.99936,-48.64609,SPRF-SC,DEL04-SC,UOP03-DEL04-SC,2021
"376723,0",2021-08-12,quinta-feira,22:00:00,SC,282,"511,9",XANXERE,Ingestão de álcool pelo condutor,Colisão frontal,Sem Vítimas,Plena Noite,Decrescente,Chuva,Simples,Aclive,Não,3,0,0,0,1,2,0,2,-26.905405,-52.464199,SPRF-SC,DEL07-SC,UOP01-DEL07-SC,2021
"376745,0",2021-08-13,sexta-feira,03:20:00,SC,101,"206,0",SAO JOSE,Velocidade Incompatível,Colisão com objeto,Sem Vítimas,Plena Noite,Crescente,Chuva,Múltipla,Reta,Sim,2,0,0,0,2,0,0,2,-27.59193546,-48.61824557,SPRF-SC,DEL01-SC,UOP01-DEL01-SC,2021
"376747,0",2021-08-13,sexta-feira,02:30:00,SC,116,"310,0",CAPAO ALTO,Condutor Dormindo,Saída de leito carroçável,Com Vítimas Feridas,Plena Noite,Decrescente,Nublado,Simples,Curva,Não,1,0,1,0,0,0,1,1,-28.2067337,-50.7582856,SPRF-SC,DEL05-SC,UOP02-DEL05-SC,2021
"376753,0",2021-08-13,sexta-feira,05:15:00,SC,101,"209,7",SAO JOSE,Acessar a via sem observar a presença dos outros veículos,Colisão transversal,Sem Vítimas,Plena Noite,Crescente,Céu Claro,Dupla,Reta,Sim,2,0,0,0,2,0,0,2,-27.61000542,-48.63895057,SPRF-SC,DEL01-SC,UOP01-DEL01-SC,2021
"376769,0",2021-08-13,sexta-feira,06:40:00,SC,470,"7,6",NAVEGANTES,Reação tardia ou ineficiente do condutor,Colisão frontal,Com Vítimas Feridas,Pleno dia,Crescente,Chuva,Simples,Reta;Viaduto,Não,2,0,0,1,1,0,1,2,-26.84164677,-48.71613702,SPRF-SC,DEL04-SC,UOP04-DEL04-SC,2021
"376773,0",2021-08-13,sexta-feira,05:10:00,SC,280,"26,0",ARAQUARI,Acesso irregular,Colisão lateral mesmo sentido,Com Vítimas Feridas,Plena Noite,Decrescente,Garoa/Chuvisco,Simples,Reta,Não,2,0,1,0,1,0,1,2,-26.38972308,-48.73411593,SPRF-SC,DEL03-SC,UOP03-DEL03-SC,2021
"376783,0",2021-08-13,sexta-feira,07:15:00,SC,101,"206,2",SAO JOSE,Trafegar com motocicleta (ou similar) entre as faixas,Colisão traseira,Com Vítimas Feridas,Pleno dia,Decrescente,Nublado,Dupla,Reta,Sim,2,0,1,0,1,0,1,2,-27.59193546,-48.61824557,SPRF-SC,DEL01-SC,UOP01-DEL01-SC,2021
"376785,0",2021-07-23,sexta-feira,15:20:00,SC,280,"31,2",ARAQUARI,Condutor deixou de manter distância do veículo da frente,Colisão traseira,Sem Vítimas,Pleno dia,Decrescente,Sol,Simples,Reta,Sim,3,0,0,0,2,1,0,3,-26.41649938,-48.77181215,SPRF-SC,DEL03-SC,UOP03-DEL03-SC,2021
"376792,0",2021-08-13,sexta-feira,08:35:00,SC,101,"139,8",BALNEARIO CAMBORIU,Ultrapassagem Indevida,Colisão lateral mesmo sentido,Com Vítimas Feridas,Pleno dia,Crescente,Céu Claro,Simples,Reta,Não,3,0,1,0,2,0,1,3,-27.02982303,-48.60115006,SPRF-SC,DEL04-SC,UOP03-DEL04-SC,2021
"376797,0",2021-08-13,sexta-feira,09:20:00,SC,101,"215,0",PALHOCA,Frear bruscamente,Colisão com objeto,Com Vítimas Feridas,Pleno dia,Crescente,Garoa/Chuvisco,Simples,Viaduto,Sim,2,0,1,0,1,0,1,1,-27.65184843,-48.67604941,SPRF-SC,DEL01-SC,UOP02-DEL01-SC,2021
"376826,0",2021-08-13,sexta-feira,11:30:00,SC,470,"68,6",INDAIAL,Acessar a via sem observar a presença dos outros veículos,Colisão lateral mesmo sentido,Sem Vítimas,Pleno dia,Crescente,Nublado,Simples,Em Obras;Reta;Viaduto,Sim,2,0,0,0,2,0,0,2,-26.877615,-49.239231,SPRF-SC,DEL04-SC,UOP01-DEL04-SC,2021
"376827,0",2021-08-13,sexta-feira,07:20:00,SC,163,"69,3",SAO MIGUEL DO OESTE,Condutor deixou de manter distância do veículo da frente,Colisão traseira,Com Vítimas Feridas,Amanhecer,Crescente,Nevoeiro/Neblina,Dupla,Aclive;Reta,Sim,2,0,0,1,0,1,1,2,-26.74038862,-53.50116491,SPRF-SC,DEL07-SC,UOP03-DEL07-SC,2021
"376846,0",2021-08-13,sexta-feira,13:45:00,SC,101,"216,8",PALHOCA,Condutor deixou de manter distância do veículo da frente,Colisão traseira,Com Vítimas Feridas,Pleno dia,Crescente,Nublado,Dupla,Viaduto,Sim,2,0,1,0,1,0,1,2,-27.65981409,-48.67747798,SPRF-SC,DEL01-SC,UOP02-DEL01-SC,2021
"376942,0",2021-08-13,sexta-feira,14:10:00,SC,280,"240,7",CANOINHAS,Transitar na contramão,Colisão frontal,Com Vítimas Fatais,Pleno dia,Decrescente,Chuva,Simples,Reta,Não,2,1,1,0,0,0,1,2,-26.2173631,-50.45390288,SPRF-SC,DEL06-SC,UOP04-DEL06-SC,2021
"376957,0",2021-08-13,sexta-feira,20:30:00,SC,101,"49,1",JOINVILLE,Ingestão de álcool pelo condutor,Colisão com objeto,Sem Vítimas,Plena Noite,Decrescente,Chuva,Dupla,Curva;Declive,Não,1,0,0,0,1,0,0,1,-26.36479799,-48.85878798,SPRF-SC,DEL03-SC,UOP01-DEL03-SC,2021
"376960,0",2021-08-14,sábado,01:15:00,SC,470,"33,3",GASPAR,Acessar a via sem observar a presença dos outros veículos,Colisão transversal,Com Vítimas Feridas,Plena Noite,Crescente,Nublado,Dupla,Reta;Em Obras,Sim,2,0,1,0,0,1,1,2,-26.906223,-48.940575,SPRF-SC,DEL04-SC,UOP01-DEL04-SC,2021
"376970,0",2021-08-14,sábado,03:50:00,SC,101,"217,8",PALHOCA,Ingestão de álcool pelo condutor,Colisão traseira,Sem Vítimas,Plena Noite,Crescente,Chuva,Simples,Reta,Não,2,0,0,0,2,0,0,2,-27.66779034,-48.67393586,SPRF-SC,DEL01-SC,UOP02-DEL01-SC,2021
"376971,0",2021-08-14,sábado,03:50:00,SC,101,"208,0",SAO JOSE,Ausência de reação do condutor,Capotamento,Sem Vítimas,Plena Noite,Crescente,Nublado,Simples,Interseção de Vias,Sim,1,0,0,0,1,0,0,1,-27.60327979,-48.63201818,SPRF-SC,DEL01-SC,UOP01-DEL01-SC,2021
"376973,0",2021-08-14,sábado,04:47:00,SC,101,"209,6",SAO JOSE,Ingestão de álcool pelo condutor,Colisão com objeto,Sem Vítimas,Plena Noite,Crescente,Chuva,Simples,Interseção de Vias,Sim,1,0,0,0,1,0,0,1,-27.61000542,-48.63895057,SPRF-SC,DEL01-SC,UOP01-DEL01-SC,2021
"376976,0",2021-08-14,sábado,05:00:00,SC,101,"108,9",PENHA,Reação tardia ou ineficiente do condutor,Saída de leito carroçável,Sem Vítimas,Amanhecer,Crescente,Chuva,Dupla,Curva,Sim,1,0,0,0,0,1,0,1,-26.82606902,-48.69052298,SPRF-SC,DEL03-SC,UOP02-DEL03-SC,2021
"376997,0",2021-08-14,sábado,06:30:00,SC,101,"280,2",IMBITUBA,Velocidade Incompatível,Colisão com objeto,Com Vítimas Feridas,Amanhecer,Crescente,Céu Claro,Simples,Interseção de Vias;Declive,Sim,1,0,0,1,0,0,1,1,-28.17962805,-48.6956297,SPRF-SC,DEL02-SC,UOP03-DEL02-SC,2021
"377006,0",2021-08-14,sábado,07:50:00,SC,101,"214,3",PALHOCA,Desrespeitar a preferência no cruzamento,Colisão transversal,Com Vítimas Feridas,Pleno dia,Decrescente,Garoa/Chuvisco,Simples,Interseção de Vias,Sim,3,0,1,0,2,0,1,2,-27.64443,-48.67057,SPRF-SC,DEL01-SC,UOP02-DEL01-SC,2021
"377025,0",2021-08-14,sábado,07:10:00,SC,163,"67,5",SAO MIGUEL DO OESTE,Manobra de mudança de faixa,Colisão lateral mesmo sentido,Com Vítimas Feridas,Pleno dia,Decrescente,Céu Claro,Dupla,Reta;Declive,Sim,4,0,3,0,1,0,3,2,-26.759436,-53.50055292,SPRF-SC,DEL07-SC,UOP03-DEL07-SC,2021
"377026,0",2021-08-14,sábado,09:35:00,SC,282,"22,9",SANTO AMARO DA IMPERATRIZ,Ausência de reação do condutor,Engavetamento,Com Vítimas Feridas,Pleno dia,Decrescente,Nublado,Simples,Reta,Sim,4,0,1,0,3,0,1,3,-27.688507,-48.72739,SPRF-SC,DEL01-SC,UOP02-DEL01-SC,2021
"377027,0",2021-08-14,sábado,10:00:00,SC,101,"25,0",JOINVILLE,Reação tardia ou ineficiente do condutor,Colisão transversal,Com Vítimas Feridas,Pleno dia,Crescente,Céu Claro,Dupla,Interseção de Vias,Sim,2,0,1,0,1,0,1,2,-26.1814997,-48.90976489,SPRF-SC,DEL03-SC,UOP01-DEL03-SC,2021
"377029,0",2021-08-14,sábado,08:30:00,SC,153,"35,4",PONTE SERRADA,Chuva,Saída de leito carroçável,Sem Vítimas,Pleno dia,Decrescente,Chuva,Simples,Curva,Não,1,0,0,0,1,0,0,1,-26.813108,-51.724167,SPRF-SC,DEL07-SC,UOP05-DEL07-SC,2021
"377043,0",2021-08-14,sábado,11:30:00,SC,101,"215,1",PALHOCA,Afundamento ou ondulação no pavimento,Queda de ocupante de veículo,Sem Vítimas,Pleno dia,Decrescente,Nublado,Simples,Reta,Sim,1,0,0,0,1,0,0,1,-27.65184843,-48.67604941,SPRF-SC,DEL01-SC,UOP02-DEL01-SC,2021
"377058,0",2021-08-14,sábado,01:00:00,SC,282,"413,2",CATANDUVAS,Transitar na contramão,Saída de leito carroçável,Sem Vítimas,Plena Noite,Crescente,Ignorado,Simples,Curva,Não,1,0,0,0,1,0,0,1,-27.053736,-51.698277,SPRF-SC,DEL07-SC,UOP05-DEL07-SC,2021
"377061,0",2021-08-14,sábado,11:40:00,SC,470,"159,9",TROMBUDO CENTRAL,Desrespeitar a preferência no cruzamento,Colisão transversal,Com Vítimas Feridas,Pleno dia,Decrescente,Nublado,Simples,Reta,Sim,4,0,2,2,0,0,4,2,-27.285877,-49.788143,SPRF-SC,DEL04-SC,UOP02-DEL04-SC,2021
"377146,0",2021-08-14,sábado,19:50:00,SC,282,"544,0",CHAPECO,Condutor Dormindo,Saída de leito carroçável,Com Vítimas Feridas,Plena Noite,Decrescente,Céu Claro,Simples,Curva,Não,1,0,0,1,0,0,1,1,-26.992517,-52.724781,SPRF-SC,DEL07-SC,UOP01-DEL07-SC,2021
"377188,0",2021-08-15,domingo,03:30:00,SC,101,"200,9",SAO JOSE,Velocidade Incompatível,Colisão traseira,Sem Vítimas,Plena Noite,Crescente,Nublado,Múltipla,Reta,Sim,2,0,0,0,1,1,0,2,-27.54018513,-48.62287714,SPRF-SC,DEL01-SC,UOP01-DEL01-SC,2021
"377198,0",2021-08-15,domingo,01:50:00,SC,101,"68,8",ARAQUARI,Ausência de reação do condutor,Atropelamento de Pedestre,Com Vítimas Fatais,Plena Noite,Crescente,Nevoeiro/Neblina,Dupla,Reta,Não,2,1,0,0,0,1,0,2,-26.503503,-48.727913,SPRF-SC,DEL03-SC,UOP02-DEL03-SC,2021
"377208,0",2021-08-15,domingo,03:00:00,SC,282,"638,8",DESCANSO,Ingestão de álcool e/ou substâncias psicoativas pelo pedestre,Colisão lateral sentido oposto,Sem Vítimas,Plena Noite,Crescente,Nevoeiro/Neblina,Simples,Curva,Não,3,0,0,0,3,0,0,1,-26.7939,-53.45031,SPRF-SC,DEL07-SC,UOP03-DEL07-SC,2021
"377215,0",2021-08-14,sábado,22:05:00,SC,101,"27,0",JOINVILLE,Iluminação deficiente,Colisão frontal,Com Vítimas Feridas,Plena Noite,Decrescente,Garoa/Chuvisco,Dupla,Reta,Sim,2,0,2,0,0,0,2,2,-26.20130351,-48.91331794,SPRF-SC,DEL03-SC,UOP01-DEL03-SC,2021
"377217,0",2021-08-15,domingo,07:10:00,SC,101,"206,0",SAO JOSE,Acessar a via sem observar a presença dos outros veículos,Tombamento,Com Vítimas Feridas,Pleno dia,Decrescente,Nublado,Múltipla,Reta,Sim,1,0,0,1,0,0,1,1,-27.59193546,-48.61824557,SPRF-SC,DEL01-SC,UOP01-DEL01-SC,2021
"377223,0",2021-08-15,domingo,01:00:00,SC,282,"425,6",VARGEM BONITA,Ausência de reação do condutor,Saída de leito carroçável,Com Vítimas Feridas,Plena Noite,Crescente,Nublado,Simples,Curva,Não,1,0,1,0,0,0,1,1,-26.980412,-51.756256,SPRF-SC,DEL07-SC,UOP05-DEL07-SC,2021
"377229,0",2021-07-23,sexta-feira,06:45:00,SC,280,"18,5",ARAQUARI,Ultrapassagem Indevida,Colisão frontal,Com Vítimas Feridas,Pleno dia,Crescente,Céu Claro,Simples,Curva,Não,2,0,0,1,1,0,1,2,-26.36910056,-48.6707918,SPRF-SC,DEL03-SC,UOP03-DEL03-SC,2021
"377233,0",2021-08-15,domingo,07:29:00,SC,101,"192,0",BIGUACU,Reação tardia ou ineficiente do condutor,Colisão com objeto,Sem Vítimas,Pleno dia,Crescente,Nublado,Múltipla,Reta,Sim,1,0,0,0,1,0,0,1,-27.48443781,-48.64765238,SPRF-SC,DEL01-SC,UOP01-DEL01-SC,2021
"377248,0",2021-08-15,domingo,08:30:00,SC,101,"139,0",BALNEARIO CAMBORIU,Reação tardia ou ineficiente do condutor,Capotamento,Com Vítimas Feridas,Pleno dia,Crescente,Chuva,Dupla,Reta,Não,1,0,1,0,0,0,1,1,-27.02982303,-48.60115006,SPRF-SC,DEL04-SC,UOP03-DEL04-SC,2021
"377268,0",2021-08-15,domingo,13:00:00,SC,101,"141,5",BALNEARIO CAMBORIU,Reação tardia ou ineficiente do condutor,Tombamento,Com Vítimas Feridas,Pleno dia,Decrescente,Nublado,Simples,Curva,Sim,2,0,2,0,0,0,2,1,-27.04761729,-48.59995855,SPRF-SC,DEL04-SC,UOP03-DEL04-SC,2021
"377271,0",2021-08-15,domingo,13:40:00,SC,280,"129,0",RIO NEGRINHO,Acessar a via sem observar a presença dos outros veículos,Colisão frontal,Com Vítimas Feridas,Pleno dia,Crescente,Céu Claro,Simples,Reta,Sim,2,0,1,0,1,0,1,2,-26.24586437,-49.52284615,SPRF-SC,DEL06-SC,UOP03-DEL06-SC,2021
"377316,0",2021-08-15,domingo,16:00:00,SC,282,"499,1",XANXERE,Ingestão de álcool pelo condutor,Colisão com objeto,Sem Vítimas,Pleno dia,Decrescente,Céu Claro,Dupla,Reta,Sim,1,0,0,0,0,1,0,1,-26.880869,-52.363121,SPRF-SC,DEL07-SC,UOP01-DEL07-SC,2021
"377320,0",2021-08-15,domingo,18:43:00,SC,101,"189,0",BIGUACU,Condutor deixou de manter distância do veículo da frente,Colisão traseira,Com Vítimas Feridas,Plena Noite,Crescente,Nublado,Múltipla,Reta,Sim,2,0,1,0,1,0,1,2,-27.459393,-48.638914,SPRF-SC,DEL01-SC,UOP01-DEL01-SC,2021
"377326,0",2021-08-15,domingo,19:00:00,SC,101,"188,0",BIGUACU,Condutor deixou de manter distância do veículo da frente,Colisão traseira,Com Vítimas Feridas,Plena Noite,Crescente,Céu Claro,Dupla,Reta,Sim,6,0,2,0,4,0,2,5,-27.45123421,-48.63370766,SPRF-SC,DEL01-SC,UOP01-DEL01-SC,2021
"377348,0",2021-08-15,domingo,20:10:00,SC,101,"152,7",ITAPEMA,Reação tardia ou ineficiente do condutor,Capotamento,Com Vítimas Feridas,Plena Noite,Crescente,Céu Claro,Dupla,Reta,Sim,1,0,1,0,0,0,1,1,-27.13563503,-48.61004665,SPRF-SC,DEL04-SC,UOP03-DEL04-SC,2021
"377349,0",2021-08-15,domingo,20:40:00,SC,101,"283,1",IMBITUBA,Reação tardia ou ineficiente do condutor,Saída de leito carroçável,Com Vítimas Feridas,Plena Noite,Crescente,Nublado,Múltipla,Reta,Sim,1,0,1,0,0,0,1,1,-28.20457404,-48.6984006,SPRF-SC,DEL02-SC,UOP03-DEL02-SC,2021
"377350,0",2021-08-14,sábado,23:00:00,SC,282,"234,0",LAGES,Ingestão de álcool pelo condutor,Saída de leito carroçável,Com Vítimas Feridas,Plena Noite,Decrescente,Nublado,Simples,Curva,Não,2,0,0,1,0,1,1,2,-27.78289788,-50.46020508,SPRF-SC,DEL05-SC,UOP02-DEL05-SC,2021
"377359,0",2021-06-24,quinta-feira,18:30:00,SC,101,"113,0",ITAJAI,Ultrapassagem Indevida,Colisão lateral mesmo sentido,Com Vítimas Feridas,Plena Noite,Decrescente,Nevoeiro/Neblina,Dupla,Reta,Não,2,0,1,0,1,0,1,2,-26.85311393,-48.72689927,SPRF-SC,DEL04-SC,UOP04-DEL04-SC,2021
"377362,0",2021-07-05,segunda-feira,18:25:00,SC,101,"120,0",ITAJAI,Trafegar com motocicleta (ou similar) entre as faixas,Colisão lateral mesmo sentido,Com Vítimas Feridas,Plena Noite,Crescente,Céu Claro,Simples,Reta,Não,2,0,1,0,1,0,1,2,-26.912758,-48.711998,SPRF-SC,DEL04-SC,UOP04-DEL04-SC,2021
"377385,0",2021-08-16,segunda-feira,00:25:00,SC,101,"206,4",SAO JOSE,Ausência de sinalização,Colisão traseira,Com Vítimas Feridas,Plena Noite,Crescente,Nublado,Múltipla,Reta,Não,4,0,1,0,3,0,1,2,-27.59193546,-48.61824557,SPRF-SC,DEL01-SC,UOP01-DEL01-SC,2021
"377405,0",2021-08-16,segunda-feira,04:10:00,SC,282,"633,0",DESCANSO,Condutor Dormindo,Saída de leito carroçável,Com Vítimas Feridas,Plena Noite,Decrescente,Céu Claro,Simples,Curva,Não,2,0,1,0,0,1,1,1,-26.824224,-53.412407,SPRF-SC,DEL07-SC,UOP03-DEL07-SC,2021
"377432,0",2021-08-16,segunda-feira,07:05:00,SC,282,"393,0",JOACABA,Condutor Dormindo,Colisão com objeto,Com Vítimas Feridas,Amanhecer,Crescente,Nublado,Simples,Curva,Não,1,0,1,0,0,0,1,1,-27.160221,-51.573895,SPRF-SC,DEL07-SC,UOP05-DEL07-SC,2021
"377442,0",2021-08-16,segunda-feira,07:30:00,SC,101,"86,3",BARRA VELHA,Reação tardia ou ineficiente do condutor,Queda de ocupante de veículo,Com Vítimas Feridas,Pleno dia,Crescente,Céu Claro,Simples,Rotatória,Sim,1,0,1,0,0,0,1,1,-26.63277317,-48.70232513,SPRF-SC,DEL03-SC,UOP02-DEL03-SC,2021
"377445,0",2021-08-16,segunda-feira,08:45:00,SC,101,"216,0",PALHOCA,Condutor deixou de manter distância do veículo da frente,Colisão traseira,Com Vítimas Feridas,Pleno dia,Crescente,Nublado,Dupla,Reta,Sim,2,0,1,0,1,0,1,2,-27.65981409,-48.67747798,SPRF-SC,DEL01-SC,UOP02-DEL01-SC,2021
"377448,0",2021-07-20,terça-feira,18:25:00,SC,101,"95,9",BALNEARIO PICARRAS,Transitar no acostamento,Colisão frontal,Com Vítimas Feridas,Anoitecer,Decrescente,Céu Claro,Múltipla,Reta,Sim,2,0,0,2,0,0,2,2,-26.70876413,-48.70221065,SPRF-SC,DEL03-SC,UOP02-DEL03-SC,2021
"377451,0",2021-07-20,terça-feira,05:30:00,SC,280,"57,8",GUARAMIRIM,Animais na Pista,Atropelamento de Animal,Com Vítimas Feridas,Plena Noite,Decrescente,Nublado,Dupla,Reta,Sim,3,0,2,0,1,0,2,3,-26.47811421,-49.01259213,SPRF-SC,DEL03-SC,UOP03-DEL03-SC,2021
"377455,0",2021-08-16,segunda-feira,09:30:00,SC,101,"210,0",SAO JOSE,Manobra de mudança de faixa,Colisão lateral mesmo sentido,Com Vítimas Feridas,Pleno dia,Crescente,Céu Claro,Dupla,Reta,Sim,2,0,1,0,1,0,1,2,-27.6167305,-48.6457265,SPRF-SC,DEL01-SC,UOP01-DEL01-SC,2021
"377458,0",2021-08-16,segunda-feira,09:35:00,SC,101,"210,8",SAO JOSE,Desvio temporário,Colisão lateral mesmo sentido,Com Vítimas Feridas,Pleno dia,Decrescente,Céu Claro,Simples,Interseção de Vias,Não,2,0,1,0,1,0,1,2,-27.6167305,-48.6457265,SPRF-SC,DEL01-SC,UOP01-DEL01-SC,2021
"377474,0",2021-08-16,segunda-feira,12:25:00,SC,101,"137,0",BALNEARIO CAMBORIU,Chuva,Tombamento,Com Vítimas Feridas,Pleno dia,Crescente,Chuva,Dupla,Viaduto,Sim,1,0,1,0,0,0,1,1,-27.0157238,-48.61192763,SPRF-SC,DEL04-SC,UOP03-DEL04-SC,2021
"377481,0",2021-08-16,segunda-feira,13:20:00,SC,470,"171,6",POUSO REDONDO,Frear bruscamente,Colisão traseira,Com Vítimas Feridas,Pleno dia,Decrescente,Nublado,Simples,Reta,Não,6,0,1,0,4,1,1,2,-27.260828,-49.900455,SPRF-SC,DEL04-SC,UOP02-DEL04-SC,2021
"377489,0",2021-08-16,segunda-feira,14:20:00,SC,470,"59,7",BLUMENAU,Condutor deixou de manter distância do veículo da frente,Colisão traseira,Com Vítimas Feridas,Pleno dia,Crescente,Nublado,Simples,Reta,Sim,2,0,1,0,1,0,1,2,-26.882812,-49.1548,SPRF-SC,DEL04-SC,UOP01-DEL04-SC,2021
"377504,0",2021-08-16,segunda-feira,16:00:00,SC,282,"16,2",PALHOCA,Ausência de reação do condutor,Colisão traseira,Com Vítimas Feridas,Pleno dia,Crescente,Céu Claro,Simples,Reta,Sim,3,0,1,0,2,0,1,3,-27.658611,-48.681847,SPRF-SC,DEL01-SC,UOP02-DEL01-SC,2021
"377513,0",2021-08-16,segunda-feira,13:45:00,SC,163,"106,9",GUARUJA DO SUL,Acessar a via sem observar a presença dos outros veículos,Colisão transversal,Com Vítimas Feridas,Pleno dia,Crescente,Céu Claro,Simples,Em Obras;Curva,Não,2,0,2,0,0,0,2,2,-26.42763486,-53.52078795,SPRF-SC,DEL07-SC,UOP03-DEL07-SC,2021
"377587,0",2021-08-16,segunda-feira,23:30:00,SC,470,"176,9",POUSO REDONDO,Velocidade Incompatível,Saída de leito carroçável,Com Vítimas Feridas,Pleno dia,Crescente,Nublado,Simples,Rotatória,Não,3,0,1,0,2,0,1,1,-27.254238,-49.948658,SPRF-SC,DEL04-SC,UOP02-DEL04-SC,2021
"377642,0",2021-08-17,terça-feira,11:10:00,SC,101,"207,0",SAO JOSE,Pedestre cruzava a pista fora da faixa,Atropelamento de Pedestre,Com Vítimas Feridas,Pleno dia,Crescente,Céu Claro,Múltipla,Viaduto;Interseção de Vias,Sim,2,0,1,0,1,0,1,2,-27.60001226,-48.6226467,SPRF-SC,DEL01-SC,UOP01-DEL01-SC,2021