id,data_inversa,dia_semana,horario,uf,br,km,municipio,causa_acidente,tipo_acidente,classificacao_acidente,fase_dia,sentido_via,condicao_metereologica,tipo_pista,tracado_via,uso_solo,pessoas,mortos,feridos_leves,feridos_graves,ilesos,ignorados,feridos,veiculos,latitude,longitude,regional,delegacia,uop,ano_arquivo
"380863,0",2021-09-02,quinta-feira,11:50:00,SC,116,"217,0",PONTE ALTA,Velocidade Incompatível,Saída de leito carroçável,Com Vítimas Feridas,Pleno dia,Crescente,Céu Claro,Simples,Curva,Sim,1,0,1,0,0,0,1,1,-27.55447701,-50.37698044,SPRF-SC,DEL05-SC,UOP03-DEL05-SC,2021
"380874,0",2021-09-02,quinta-feira,14:25:00,SC,101,"134,2",BALNEARIO CAMBORIU,Reação tardia ou ineficiente do condutor,Colisão transversal,Com Vítimas Feridas,Pleno dia,Crescente,Céu Claro,Simples,Reta,Sim,2,0,0,1,1,0,1,2,-27.00218,-48.636433,SPRF-SC,DEL04-SC,UOP03-DEL04-SC,2021
"380910,0",2021-09-02,quinta-feira,19:50:00,SC,470,"67,1",INDAIAL,Ingestão de álcool pelo condutor,Tombamento,Com Vítimas Feridas,Plena Noite,Decrescente,Céu Claro,Simples,Em Obras,Não,1,0,1,0,0,0,1,1,-26.87240028,-49.23175693,SPRF-SC,DEL04-SC,UOP01-DEL04-SC,2021
"380939,0",2021-09-02,quinta-feira,19:25:00,SC,101,"435,0",SOMBRIO,Reação tardia ou ineficiente do condutor,Colisão frontal,Com Vítimas Feridas,Anoitecer,Decrescente,Céu Claro,Simples,Reta,Sim,2,0,1,0,1,0,1,2,-29.09949414,-49.63480552,SPRF-SC,DEL02-SC,UOP02-DEL02-SC,2021
"380957,0",2021-09-03,sexta-feira,01:08:00,SC,116,"230,2",CORREIA PINTO,Manobra de mudança de faixa,Colisão transversal,Com Vítimas Feridas,Plena Noite,Decrescente,Nublado,Simples,Reta,Não,2,0,0,1,1,0,1,2,-27.66481801,-50.33623837,SPRF-SC,DEL05-SC,UOP03-DEL05-SC,2021
"380958,0",2021-09-02,quinta-feira,17:45:00,SC,282,"385,1",JOACABA,Ingestão de álcool pelo condutor,Colisão lateral mesmo sentido,Com Vítimas Feridas,Plena Noite,Crescente,Céu Claro,Simples,Curva,Sim,3,0,1,0,2,0,1,2,-27.200093,-51.51565,SPRF-SC,DEL07-SC,UOP05-DEL07-SC,2021
"380963,0",2021-09-03,sexta-feira,03:15:00,SC,280,"25,8",ARAQUARI,Reação tardia ou ineficiente do condutor,Saída de leito carroçável,Com Vítimas Feridas,Plena Noite,Decrescente,Nevoeiro/Neblina,Simples,Reta,Não,1,0,1,0,0,0,1,1,-26.38352781,-48.72677516,SPRF-SC,DEL03-SC,UOP03-DEL03-SC,2021
"380964,0",2021-09-02,quinta-feira,19:40:00,SC,101,"364,0",SANGAO,Animais na Pista,Tombamento,Com Vítimas Feridas,Plena Noite,Crescente,Céu Claro,Múltipla,Declive,Sim,1,0,1,0,0,0,1,1,-28.67821759,-49.13926425,SPRF-SC,DEL02-SC,UOP01-DEL02-SC,2021
"380972,0",2021-09-02,quinta-feira,21:50:00,SC,101,"344,7",TUBARAO,Demais falhas mecânicas ou elétricas,Incêndio,Sem Vítimas,Plena Noite,Decrescente,Céu Claro,Múltipla,Reta,Não,1,0,0,0,1,0,0,1,-28.53647889,-49.0531826,SPRF-SC,DEL02-SC,UOP01-DEL02-SC,2021
"380977,0",2021-09-03,sexta-feira,06:50:00,SC,101,"207,4",SAO JOSE,Manobra de mudança de faixa,Colisão lateral mesmo sentido,Com Vítimas Feridas,Pleno dia,Crescente,Céu Claro,Múltipla,Aclive,Não,2,0,0,1,1,0,1,2,-27.60001226,-48.6226467,SPRF-SC,DEL01-SC,UOP01-DEL01-SC,2021
"380982,0",2021-09-02,quinta-feira,22:30:00,SC,470,"66,8",INDAIAL,Acessar a via sem observar a presença dos outros veículos,Colisão transversal,Com Vítimas Feridas,Plena Noite,Crescente,Nublado,Simples,Reta,Sim,2,0,2,0,0,0,2,2,-26.870407,-49.221844,SPRF-SC,DEL04-SC,UOP01-DEL04-SC,2021
"380990,0",2021-09-03,sexta-feira,07:40:00,SC,153,"97,5",CONCORDIA,Acessar a via sem observar a presença dos outros veículos,Colisão transversal,Com Vítimas Feridas,Pleno dia,Crescente,Céu Claro,Simples,Curva,Não,2,0,1,0,1,0,1,2,-27.220152,-51.948879,SPRF-SC,DEL07-SC,UOP04-DEL07-SC,2021
"381021,0",2021-09-03,sexta-feira,11:10:00,SC,101,"118,2",ITAJAI,Manobra de mudança de faixa,Tombamento,Com Vítimas Feridas,Pleno dia,Crescente,Céu Claro,Dupla,Reta,Sim,3,0,2,0,1,0,2,2,-26.895859,-48.71903,SPRF-SC,DEL04-SC,UOP04-DEL04-SC,2021
"381027,0",2021-09-03,sexta-feira,12:00:00,SC,101,"197,0",BIGUACU,Área urbana sem a presença de local apropriado para a travessia de pedestres,Atropelamento de Pedestre,Com Vítimas Feridas,Pleno dia,Decrescente,Céu Claro,Dupla,Reta,Sim,4,0,0,1,1,2,1,2,-27.51844497,-48.63848496,SPRF-SC,DEL01-SC,UOP01-DEL01-SC,2021
"381031,0",2021-09-03,sexta-feira,12:45:00,SC,101,"134,0",BALNEARIO CAMBORIU,Reação tardia ou ineficiente do condutor,Colisão com objeto,Com Vítimas Feridas,Pleno dia,Decrescente,Nublado,Múltipla,Reta,Sim,1,0,1,0,0,0,1,1,-27.00218,-48.636433,SPRF-SC,DEL04-SC,UOP03-DEL04-SC,2021
"381057,0",2021-09-03,sexta-feira,13:10:00,SC,101,"54,0",JOINVILLE,Velocidade Incompatível,Queda de ocupante de veículo,Com Vítimas Feridas,Pleno dia,Decrescente,Sol,Dupla,Reta,Não,1,0,1,0,0,0,1,1,-26.41319508,-48.83617332,SPRF-SC,DEL03-SC,UOP01-DEL03-SC,2021
"381065,0",2021-09-03,sexta-feira,15:05:00,SC,101,"131,5",BALNEARIO CAMBORIU,Reação tardia ou ineficiente do condutor,Colisão traseira,Com Vítimas Feridas,Pleno dia,Crescente,Céu Claro,Dupla,Reta,Sim,2,0,1,0,1,0,1,2,-26.99064209,-48.66310912,SPRF-SC,DEL04-SC,UOP03-DEL04-SC,2021
"381074,0",2021-09-03,sexta-feira,15:37:00,SC,282,"3,5",FLORIANOPOLIS,Condutor deixou de manter distância do veículo da frente,Colisão traseira,Com Vítimas Feridas,Pleno dia,Crescente,Nublado,Múltipla,Reta,Sim,2,0,1,0,1,0,1,2,-27.600384,-48.599705,SPRF-SC,DEL01-SC,UOP01-DEL01-SC,2021
"381076,0",2021-09-03,sexta-feira,15:30:00,SC,280,"55,0",GUARAMIRIM,Área urbana sem a presença de local apropriado para a travessia de pedestres,Atropelamento de Pedestre,Com Vítimas Feridas,Pleno dia,Crescente,Céu Claro,Simples,Reta,Sim,2,0,0,1,1,0,1,2,-26.47584353,-48.9937858,SPRF-SC,DEL03-SC,UOP03-DEL03-SC,2021
"381078,0",2021-09-03,sexta-feira,15:20:00,SC,282,"3,8",FLORIANOPOLIS,Trafegar com motocicleta (ou similar) entre as faixas,Colisão lateral mesmo sentido,Com Vítimas Feridas,Pleno dia,Crescente,Céu Claro,Múltipla,Curva,Sim,2,0,0,1,1,0,1,2,-27.593919,-48.6019814,SPRF-SC,DEL01-SC,UOP01-DEL01-SC,2021
"381092,0",2021-09-03,sexta-feira,16:00:00,SC,101,"94,4",BARRA VELHA,Manobra de mudança de faixa,Colisão traseira,Com Vítimas Feridas,Pleno dia,Crescente,Céu Claro,Dupla,Reta,Não,4,0,2,0,2,0,2,2,-26.69940401,-48.69902784,SPRF-SC,DEL03-SC,UOP02-DEL03-SC,2021
"381094,0",2021-09-03,sexta-feira,15:50:00,SC,470,"55,5",BLUMENAU,Conversão proibida,Colisão transversal,Com Vítimas Feridas,Pleno dia,Crescente,Sol,Simples,Reta,Sim,3,0,2,0,0,1,2,2,-26.87641614,-49.12289858,SPRF-SC,DEL04-SC,UOP01-DEL04-SC,2021
"381100,0",2021-09-03,sexta-feira,16:40:00,SC,101,"215,5",PALHOCA,Trafegar com motocicleta (ou similar) entre as faixas,Colisão transversal,Com Vítimas Feridas,Pleno dia,Crescente,Nublado,Simples,Interseção de Vias,Sim,2,0,1,0,1,0,1,2,-27.65184843,-48.67604941,SPRF-SC,DEL01-SC,UOP02-DEL01-SC,2021
"381102,0",2021-09-03,sexta-feira,17:35:00,SC,101,"202,0",SAO JOSE,Desrespeitar a preferência no cruzamento,Atropelamento de Pedestre,Com Vítimas Feridas,Pleno dia,Crescente,Céu Claro,Múltipla,Interseção de Vias,Sim,3,0,1,0,0,2,1,2,-27.55711595,-48.61897889,SPRF-SC,DEL01-SC,UOP01-DEL01-SC,2021
"381114,0",2021-09-03,sexta-feira,17:50:00,SC,101,"200,5",SAO JOSE,Ingestão de álcool pelo condutor,Saída de leito carroçável,Com Vítimas Feridas,Anoitecer,Crescente,Nublado,Múltipla,Reta,Não,1,0,1,0,0,0,1,1,-27.54018513,-48.62287714,SPRF-SC,DEL01-SC,UOP01-DEL01-SC,2021
"381118,0",2021-09-03,sexta-feira,17:30:00,SC,470,"97,0",APIUNA,Reação tardia ou ineficiente do condutor,Colisão traseira,Com Vítimas Feridas,Anoitecer,Crescente,Céu Claro,Simples,Reta,Sim,6,0,2,1,3,0,3,4,-27.026621,-49.378124,SPRF-SC,DEL04-SC,UOP01-DEL04-SC,2021
"381120,0",2021-09-03,sexta-feira,13:30:00,SC,163,"72,1",SAO MIGUEL DO OESTE,Manobra de mudança de faixa,Colisão lateral mesmo sentido,Sem Vítimas,Pleno dia,Crescente,Sol,Dupla,Reta,Sim,2,0,0,0,2,0,0,2,-26.71908804,-53.5157791,SPRF-SC,DEL07-SC,UOP03-DEL07-SC,2021
"381127,0",2021-09-03,sexta-feira,18:30:00,SC,282,"17,5",PALHOCA,Ausência de reação do condutor,Colisão transversal,Com Vítimas Feridas,Plena Noite,Crescente,Nublado,Simples,Reta,Sim,3,0,0,1,2,0,1,2,-27.665707,-48.688065,SPRF-SC,DEL01-SC,UOP02-DEL01-SC,2021
"381129,0",2021-09-03,sexta-feira,18:10:00,SC,101,"413,2",ARARANGUA,Reação tardia ou ineficiente do condutor,Colisão traseira,Com Vítimas Feridas,Plena Noite,Crescente,Nublado,Simples,Reta,Sim,2,0,0,1,1,0,1,2,-28.96224348,-49.51830447,SPRF-SC,DEL02-SC,UOP02-DEL02-SC,2021
"381131,0",2021-09-03,sexta-feira,16:15:00,SC,470,"60,0",BLUMENAU,Desrespeitar a preferência no cruzamento,Colisão transversal,Com Vítimas Feridas,Pleno dia,Crescente,Sol,Simples,Retorno Regulamentado,Sim,3,0,1,0,2,0,1,2,-26.8806699,-49.16702628,SPRF-SC,DEL04-SC,UOP01-DEL04-SC,2021
"381139,0",2021-09-03,sexta-feira,18:30:00,SC,101,"195,0",BIGUACU,Condutor deixou de manter distância do veículo da frente,Colisão lateral mesmo sentido,Com Vítimas Feridas,Plena Noite,Decrescente,Céu Claro,Dupla,Reta,Sim,2,0,1,0,1,0,1,2,-27.5047092,-48.65010819,SPRF-SC,DEL01-SC,UOP01-DEL01-SC,2021
"381155,0",2021-09-03,sexta-feira,14:00:00,SC,282,"558,6",NOVA ITABERABA,Velocidade Incompatível,Saída de leito carroçável,Com Vítimas Feridas,Pleno dia,Crescente,Céu Claro,Simples,Curva,Não,2,0,0,2,0,0,2,1,-26.93232429,-52.83694267,SPRF-SC,DEL07-SC,UOP01-DEL07-SC,2021
"381170,0",2021-09-03,sexta-feira,19:45:00,SC,470,"167,3",POUSO REDONDO,Demais falhas mecânicas ou elétricas,Incêndio,Sem Vítimas,Plena Noite,Crescente,Céu Claro,Simples,Reta,Não,1,0,0,0,1,0,0,1,-27.269835,-49.863087,SPRF-SC,DEL04-SC,UOP02-DEL04-SC,2021
"381172,0",2021-09-03,sexta-feira,19:40:00,SC,280,"166,0",MAFRA,Transitar na contramão,Colisão frontal,Com Vítimas Feridas,Plena Noite,Decrescente,Céu Claro,Simples,Curva,Não,5,0,0,2,3,0,2,3,-26.17713619,-49.81611416,SPRF-SC,DEL06-SC,UOP01-DEL06-SC,2021
"381178,0",2021-09-03,sexta-feira,22:00:00,SC,101,"344,0",TUBARAO,Reação tardia ou ineficiente do condutor,Saída de leito carroçável,Com Vítimas Feridas,Plena Noite,Decrescente,Céu Claro,Múltipla,Reta,Sim,2,0,1,0,1,0,1,1,-28.53647889,-49.0531826,SPRF-SC,DEL02-SC,UOP01-DEL02-SC,2021
"381182,0",2021-09-03,sexta-feira,21:50:00,SC,116,"71,0",MONTE CASTELO,Velocidade Incompatível,Capotamento,Sem Vítimas,Plena Noite,Crescente,Céu Claro,Simples,Reta,Não,1,0,0,0,0,1,0,1,-26.47804399,-50.23238915,SPRF-SC,DEL06-SC,UOP02-DEL06-SC,2021
"381193,0",2021-09-03,sexta-feira,20:30:00,SC,101,"104,2",BALNEARIO PICARRAS,Ingestão de álcool pelo condutor,Saída de leito carroçável,Sem Vítimas,Plena Noite,Decrescente,Nublado,Dupla,Reta,Não,2,0,0,0,2,0,0,1,-26.79281742,-48.68080819,SPRF-SC,DEL03-SC,UOP02-DEL03-SC,2021
"381203,0",2021-09-03,sexta-feira,23:40:00,SC,282,"528,0",CORDILHEIRA ALTA,Ingestão de álcool pelo condutor,Tombamento,Com Vítimas Feridas,Plena Noite,Decrescente,Céu Claro,Simples,Curva,Não,1,0,0,1,0,0,1,1,-26.97817237,-52.58812688,SPRF-SC,DEL07-SC,UOP01-DEL07-SC,2021
"381217,0",2021-09-04,sábado,01:40:00,SC,101,"330,7",TUBARAO,Ingestão de álcool pelo condutor,Colisão traseira,Com Vítimas Feridas,Plena Noite,Crescente,Nublado,Dupla,Curva,Sim,3,0,1,1,1,0,2,2,-28.45115639,-48.97286879,SPRF-SC,DEL02-SC,UOP01-DEL02-SC,2021
"381218,0",2021-09-04,sábado,02:25:00,SC,101,"95,5",BARRA VELHA,Ingestão de álcool pelo condutor,Saída de leito carroçável,Com Vítimas Feridas,Plena Noite,Crescente,Céu Claro,Simples,Reta,Não,1,0,1,0,0,0,1,1,-26.70876413,-48.70221065,SPRF-SC,DEL03-SC,UOP02-DEL03-SC,2021
"381219,0",2021-09-04,sábado,01:30:00,SC,282,"506,0",XANXERE,Ingestão de álcool pelo condutor,Capotamento,Sem Vítimas,Plena Noite,Crescente,Céu Claro,Dupla,Interseção de Vias,Não,1,0,0,0,0,1,0,1,-26.885712,-52.42907,SPRF-SC,DEL07-SC,UOP01-DEL07-SC,2021
"381242,0",2021-09-04,sábado,04:30:00,SC,101,"228,0",PALHOCA,Condutor Dormindo,Colisão com objeto,Sem Vítimas,Plena Noite,Crescente,Céu Claro,Dupla,Reta,Não,1,0,0,0,1,0,0,1,-27.7597249,-48.63078869,SPRF-SC,DEL01-SC,UOP02-DEL01-SC,2021
"381267,0",2021-09-04,sábado,07:50:00,SC,470,"10,8",NAVEGANTES,Condutor deixou de manter distância do veículo da frente,Colisão traseira,Com Vítimas Feridas,Pleno dia,Decrescente,Chuva,Simples,Reta,Não,2,0,1,0,1,0,1,2,-26.833693,-48.73724,SPRF-SC,DEL04-SC,UOP04-DEL04-SC,2021
"381292,0",2021-09-04,sábado,10:20:00,SC,101,"119,0",ITAJAI,Condutor deixou de manter distância do veículo da frente,Colisão traseira,Com Vítimas Feridas,Pleno dia,Decrescente,Céu Claro,Múltipla,Reta,Não,3,0,1,0,2,0,1,3,-26.9043179,-48.71555481,SPRF-SC,DEL04-SC,UOP04-DEL04-SC,2021
"381310,0",2021-09-04,sábado,10:00:00,SC,282,"569,9",NOVA ERECHIM,Acessar a via sem observar a presença dos outros veículos,Colisão transversal,Com Vítimas Feridas,Pleno dia,Crescente,Céu Claro,Simples,Interseção de Vias,Sim,3,0,2,0,1,0,2,2,-26.894342,-52.923874,SPRF-SC,DEL07-SC,UOP02-DEL07-SC,2021
"381318,0",2021-09-04,sábado,10:30:00,SC,101,"222,1",PALHOCA,Condutor deixou de manter distância do veículo da frente,Colisão traseira,Com Vítimas Feridas,Pleno dia,Decrescente,Nublado,Dupla,Reta,Não,2,0,1,0,1,0,1,2,-27.71552634,-48.64881251,SPRF-SC,DEL01-SC,UOP02-DEL01-SC,2021
"381331,0",2021-09-04,sábado,07:50:00,SC,470,"282,0",BRUNOPOLIS,Demais falhas mecânicas ou elétricas,Incêndio,Sem Vítimas,Pleno dia,Decrescente,Céu Claro,Simples,Curva,Não,1,0,0,0,1,0,0,1,-27.334911,-50.882519,SPRF-SC,DEL07-SC,UOP06-DEL07-SC,2021
"381332,0",2021-09-04,sábado,08:30:00,SC,101,"324,1",CAPIVARI DE BAIXO,Velocidade Incompatível,Colisão traseira,Com Vítimas Feridas,Pleno dia,Crescente,Nublado,Dupla,Reta,Não,4,0,1,0,3,0,1,4,-28.42890047,-48.92285509,SPRF-SC,DEL02-SC,UOP01-DEL02-SC,2021
"381336,0",2021-09-04,sábado,08:45:00,SC,470,"64,0",INDAIAL,Reação tardia ou ineficiente do condutor,Colisão traseira,Com Vítimas Feridas,Pleno dia,Crescente,Nublado,Simples,Curva,Sim,3,0,1,0,2,0,1,2,-26.869867,-49.201859,SPRF-SC,DEL04-SC,UOP01-DEL04-SC,2021
"381342,0",2021-09-04,sábado,08:50:00,SC,101,"66,9",ARAQUARI,Reação tardia ou ineficiente do condutor,Saída de leito carroçável,Sem Vítimas,Pleno dia,Decrescente,Nublado,Múltipla,Curva,Sim,1,0,0,0,1,0,0,1,-26.478474,-48.73863,SPRF-SC,DEL03-SC,UOP02-DEL03-SC,2021
"381387,0",2021-09-04,sábado,17:30:00,SC,101,"217,1",PALHOCA,Manobra de mudança de faixa,Colisão traseira,Sem Vítimas,Anoitecer,Decrescente,Nublado,Múltipla,Reta,Sim,4,0,0,0,3,1,0,2,-27.66947568,-48.67322624,SPRF-SC,DEL01-SC,UOP02-DEL01-SC,2021
"381405,0",2021-09-04,sábado,18:20:00,SC,101,"358,8",SANGAO,Ingestão de álcool e/ou substâncias psicoativas pelo pedestre,Saída de leito carroçável,Sem Vítimas,Anoitecer,Decrescente,Nublado,Múltipla,Interseção de Vias,Sim,1,0,0,0,1,0,0,1,-28.642765,-49.100403,SPRF-SC,DEL02-SC,UOP01-DEL02-SC,2021
"381418,0",2021-09-04,sábado,14:15:00,SC,158,"129,3",CAIBI,Reação tardia ou ineficiente do condutor,Colisão transversal,Com Vítimas Feridas,Pleno dia,Crescente,Chuva,Simples,Reta,Não,4,0,2,1,1,0,3,2,-26.99551347,-53.21502686,SPRF-SC,DEL07-SC,UOP02-DEL07-SC,2021
"381432,0",2021-09-04,sábado,20:08:00,SC,470,"70,0",INDAIAL,Retorno proibido,Colisão transversal,Com Vítimas Feridas,Plena Noite,Crescente,Chuva,Simples,Em Obras,Sim,2,0,0,1,1,0,1,2,-26.889374,-49.254478,SPRF-SC,DEL04-SC,UOP01-DEL04-SC,2021
"381434,0",2021-09-04,sábado,19:50:00,SC,282,"219,2",LAGES,Velocidade Incompatível,Colisão com objeto,Sem Vítimas,Plena Noite,Decrescente,Chuva,Simples,Reta,Sim,1,0,0,0,0,1,0,1,-27.797235,-50.31361,SPRF-SC,DEL05-SC,UOP01-DEL05-SC,2021
"381443,0",2021-09-04,sábado,18:20:00,SC,280,"231,9",CANOINHAS,Desrespeitar a preferência no cruzamento,Colisão transversal,Com Vítimas Feridas,Plena Noite,Crescente,Garoa/Chuvisco,Simples,Rotatória;Interseção de Vias,Sim,5,0,1,0,4,0,1,2,-26.18983204,-50.37520051,SPRF-SC,DEL06-SC,UOP04-DEL06-SC,2021
"381446,0",2021-09-04,sábado,21:10:00,SC,101,"142,4",BALNEARIO CAMBORIU,Reação tardia ou ineficiente do condutor,Tombamento,Com Vítimas Feridas,Plena Noite,Decrescente,Nublado,Simples,Curva,Sim,1,0,1,0,0,0,1,1,-27.056089,-48.599449,SPRF-SC,DEL04-SC,UOP03-DEL04-SC,2021
"381448,0",2021-09-04,sábado,18:07:00,SC,116,"4,9",MAFRA,Animais na Pista,Atropelamento de Animal,Com Vítimas Feridas,Plena Noite,Decrescente,Céu Claro,Simples,Interseção de Vias,Sim,1,0,1,0,0,0,1,1,-26.13554917,-49.8072652,SPRF-SC,DEL06-SC,UOP01-DEL06-SC,2021
"381455,0",2021-09-04,sábado,21:30:00,SC,101,"328,9",TUBARAO,Ingestão de álcool pelo condutor,Saída de leito carroçável,Com Vítimas Feridas,Plena Noite,Decrescente,Nublado,Múltipla,Reta,Sim,1,0,0,1,0,0,1,1,-28.43648094,-48.95989307,SPRF-SC,DEL02-SC,UOP01-DEL02-SC,2021
"381466,0",2021-09-04,sábado,21:35:00,SC,282,"335,8",CAMPOS NOVOS,Ausência de reação do condutor,Colisão frontal,Com Vítimas Feridas,Plena Noite,Crescente,Chuva,Simples,Curva,Não,2,0,1,1,0,0,2,2,-27.392326,-51.155804,SPRF-SC,DEL07-SC,UOP06-DEL07-SC,2021
"381467,0",2021-09-04,sábado,21:30:00,SC,280,"118,0",SAO BENTO DO SUL,Velocidade Incompatível,Capotamento,Sem Vítimas,Plena Noite,Crescente,Garoa/Chuvisco,Simples,Curva,Não,1,0,0,0,0,1,0,1,-26.26608202,-49.42467403,SPRF-SC,DEL06-SC,UOP03-DEL06-SC,2021
"381473,0",2021-09-05,domingo,00:10:00,SC,101,"199,0",SAO JOSE,Velocidade Incompatível,Saída de leito carroçável,Com Vítimas Feridas,Plena Noite,Crescente,Chuva,Múltipla,Reta,Sim,1,0,1,0,0,0,1,1,-27.53413705,-48.63003205,SPRF-SC,DEL01-SC,UOP01-DEL01-SC,2021
"381500,0",2021-09-05,domingo,01:30:00,SC,101,"341,0",TUBARAO,Ingestão de álcool pelo condutor,Saída de leito carroçável,Sem Vítimas,Plena Noite,Crescente,Chuva,Múltipla,Interseção de Vias,Sim,1,0,0,0,0,1,0,1,-28.50999405,-49.05070686,SPRF-SC,DEL02-SC,UOP01-DEL02-SC,2021
"381503,0",2021-09-05,domingo,01:29:00,SC,470,"103,6",APIUNA,Ingestão de álcool pelo condutor,Colisão frontal,Com Vítimas Feridas,Plena Noite,Crescente,Garoa/Chuvisco,Simples,Reta,Não,2,0,1,0,1,0,1,2,-27.064796,-49.401424,SPRF-SC,DEL04-SC,UOP02-DEL04-SC,2021
"381517,0",2021-09-05,domingo,04:30:00,SC,101,"209,0",SAO JOSE,Ausência de reação do condutor,Saída de leito carroçável,Sem Vítimas,Plena Noite,Decrescente,Garoa/Chuvisco,Múltipla,Reta,Sim,1,0,0,0,1,0,0,1,-27.61000542,-48.63895057,SPRF-SC,DEL01-SC,UOP01-DEL01-SC,2021
"381518,0",2021-09-05,domingo,04:00:00,SC,101,"162,8",TIJUCAS,Velocidade Incompatível,Colisão com objeto,Sem Vítimas,Plena Noite,Decrescente,Chuva,Múltipla,Reta,Sim,1,0,0,0,0,1,0,1,-27.22554009,-48.6279367,SPRF-SC,DEL04-SC,UOP03-DEL04-SC,2021
"381536,0",2021-09-05,domingo,05:30:00,SC,101,"308,0",LAGUNA,Desrespeitar a preferência no cruzamento,Colisão transversal,Sem Vítimas,Plena Noite,Crescente,Céu Claro,Múltipla,Interseção de Vias;Reta,Não,2,0,0,0,1,1,0,2,-28.41527,-48.794878,SPRF-SC,DEL02-SC,UOP01-DEL02-SC,2021
"381538,0",2021-09-05,domingo,06:50:00,SC,163,"81,8",GUARACIABA,Pista esburacada,Tombamento,Com Vítimas Feridas,Pleno dia,Decrescente,Céu Claro,Simples,Aclive;Em Obras;Reta,Não,1,0,1,0,0,0,1,1,-26.63357262,-53.51895332,SPRF-SC,DEL07-SC,UOP03-DEL07-SC,2021
"381542,0",2021-09-05,domingo,00:20:00,SC,116,"139,0",SANTA CECILIA,Chuva,Queda de ocupante de veículo,Com Vítimas Feridas,Plena Noite,Crescente,Chuva,Simples,Reta,Sim,1,0,1,0,0,0,1,1,-26.96007677,-50.41626976,SPRF-SC,DEL06-SC,UOP02-DEL06-SC,2021
"381553,0",2021-09-05,domingo,07:00:00,SC,282,"517,2",XAXIM,Ingestão de álcool pelo condutor,Colisão com objeto,Sem Vítimas,Pleno dia,Decrescente,Céu Claro,Simples,Reta;Aclive,Não,3,0,0,0,3,0,0,1,-26.939375,-52.500057,SPRF-SC,DEL07-SC,UOP01-DEL07-SC,2021
"381562,0",2021-09-05,domingo,08:10:00,SC,101,"138,5",BALNEARIO CAMBORIU,Velocidade Incompatível,Colisão com objeto,Com Vítimas Feridas,Pleno dia,Crescente,Nublado,Simples,Curva,Não,1,0,1,0,0,0,1,1,-27.02397426,-48.60761649,SPRF-SC,DEL04-SC,UOP03-DEL04-SC,2021
"381566,0",2021-09-05,domingo,06:00:00,SC,116,"4,5",MAFRA,Ingestão de álcool pelo condutor,Colisão com objeto,Com Vítimas Feridas,Amanhecer,Crescente,Nublado,Simples,Rotatória,Sim,2,0,2,0,0,0,2,1,-26.13915213,-49.81263399,SPRF-SC,DEL06-SC,UOP01-DEL06-SC,2021
"381575,0",2021-09-05,domingo,10:35:00,SC,101,"211,0",SAO JOSE,Condutor deixou de manter distância do veículo da frente,Colisão traseira,Com Vítimas Feridas,Pleno dia,Crescente,Céu Claro,Simples,Reta,Não,4,0,1,0,3,0,1,3,-27.62329313,-48.65245588,SPRF-SC,DEL01-SC,UOP02-DEL01-SC,2021
"381581,0",2021-09-05,domingo,10:50:00,SC,101,"256,0",PAULO LOPES,Desrespeitar a preferência no cruzamento,Colisão transversal,Sem Vítimas,Pleno dia,Crescente,Céu Claro,Dupla,Curva,Não,2,0,0,0,2,0,0,2,-27.99084416,-48.68056684,SPRF-SC,DEL02-SC,UOP03-DEL02-SC,2021
"381582,0",2021-09-05,domingo,11:05:00,SC,101,"129,0",BALNEARIO CAMBORIU,Manobra de mudança de faixa,Colisão lateral mesmo sentido,Com Vítimas Feridas,Pleno dia,Crescente,Céu Claro,Dupla,Reta,Não,5,0,1,0,4,0,1,4,-26.98064277,-48.6790679,SPRF-SC,DEL04-SC,UOP03-DEL04-SC,2021
"381583,0",2021-09-05,domingo,11:20:00,SC,101,"120,0",ITAJAI,Manobra de mudança de faixa,Colisão traseira,Com Vítimas Feridas,Pleno dia,Crescente,Céu Claro,Dupla,Reta,Sim,4,0,2,0,2,0,2,2,-26.912758,-48.711998,SPRF-SC,DEL04-SC,UOP04-DEL04-SC,2021
"381591,0",2021-09-05,domingo,13:30:00,SC,101,"198,9",BIGUACU,Reação tardia ou ineficiente do condutor,Saída de leito carroçável,Com Vítimas Feridas,Pleno dia,Decrescente,Céu Claro,Múltipla,Reta,Sim,1,0,1,0,0,0,1,1,-27.52658712,-48.63506019,SPRF-SC,DEL01-SC,UOP01-DEL01-SC,2021
"381605,0",2021-09-05,domingo,14:45:00,SC,101,"331,0",TUBARAO,Velocidade Incompatível,Saída de leito carroçável,Com Vítimas Feridas,Pleno dia,Decrescente,Nublado,Dupla,Aclive,Sim,1,0,0,1,0,0,1,1,-28.45567521,-48.9812689,SPRF-SC,DEL02-SC,UOP01-DEL02-SC,2021
"381623,0",2021-09-05,domingo,16:10:00,SC,101,"216,0",PALHOCA,Reação tardia ou ineficiente do condutor,Colisão traseira,Com Vítimas Feridas,Pleno dia,Decrescente,Nublado,Simples,Em Obras,Sim,5,0,1,0,4,0,1,2,-27.65519339,-48.67793083,SPRF-SC,DEL01-SC,UOP02-DEL01-SC,2021
"381624,0",2021-09-05,domingo,15:45:00,SC,101,"244,1",PALHOCA,Demais falhas mecânicas ou elétricas,Queda de ocupante de veículo,Com Vítimas Feridas,Pleno dia,Decrescente,Céu Claro,Dupla,Reta,Não,2,0,1,0,1,0,1,1,-27.89294003,-48.64821868,SPRF-SC,DEL01-SC,UOP02-DEL01-SC,2021