id,data_inversa,dia_semana,horario,uf,br,km,municipio,causa_acidente,tipo_acidente,classificacao_acidente,fase_dia,sentido_via,condicao_metereologica,tipo_pista,tracado_via,uso_solo,pessoas,mortos,feridos_leves,feridos_graves,ilesos,ignorados,feridos,veiculos,latitude,longitude,regional,delegacia,uop,ano_arquivo
"382528,0",2021-09-09,quinta-feira,20:00:00,SC,282,"645,8",SAO MIGUEL DO OESTE,Ingestão de álcool pelo condutor,Saída de leito carroçável,Com Vítimas Feridas,Plena Noite,Decrescente,Céu Claro,Simples,Reta;Declive,Não,1,0,0,1,0,0,1,1,-26.76420078,-53.49654078,SPRF-SC,DEL07-SC,UOP03-DEL07-SC,2021
"382560,0",2021-09-10,sexta-feira,01:00:00,SC,101,"57,8",ARAQUARI,Objeto estático sobre o leito carroçável,Colisão com objeto,Com Vítimas Feridas,Plena Noite,Crescente,Nublado,Dupla,Reta;Aclive,Não,1,0,0,1,0,0,1,1,-26.43646093,-48.81113029,SPRF-SC,DEL03-SC,UOP01-DEL03-SC,2021
"382566,0",2021-09-10,sexta-feira,06:10:00,SC,101,"213,8",PALHOCA,Trafegar com motocicleta (ou similar) entre as faixas,Colisão lateral mesmo sentido,Com Vítimas Feridas,Pleno dia,Decrescente,Céu Claro,Múltipla,Em Obras,Sim,2,0,0,1,1,0,1,2,-27.63697369,-48.66514142,SPRF-SC,DEL01-SC,UOP02-DEL01-SC,2021
"382568,0",2021-09-10,sexta-feira,06:45:00,SC,101,"209,2",SAO JOSE,Ausência de reação do condutor,Colisão traseira,Com Vítimas Feridas,Pleno dia,Decrescente,Nublado,Múltipla,Reta,Sim,2,0,0,1,1,0,1,2,-27.61000542,-48.63895057,SPRF-SC,DEL01-SC,UOP01-DEL01-SC,2021
"382593,0",2021-09-10,sexta-feira,07:25:00,SC,282,"586,9",PINHALZINHO,Transitar na contramão,Colisão frontal,Com Vítimas Feridas,Pleno dia,Crescente,Sol,Simples,Declive;Curva,Não,3,0,0,1,2,0,1,2,-26.83295545,-53.03203583,SPRF-SC,DEL07-SC,UOP02-DEL07-SC,2021
"382602,0",2021-09-10,sexta-feira,09:30:00,SC,101,"205,8",SAO JOSE,Reação tardia ou ineficiente do condutor,Colisão traseira,Com Vítimas Feridas,Pleno dia,Decrescente,Céu Claro,Múltipla,Reta,Sim,2,0,1,0,1,0,1,2,-27.58313237,-48.61532885,SPRF-SC,DEL01-SC,UOP01-DEL01-SC,2021
"382630,0",2021-09-10,sexta-feira,11:20:00,SC,280,"72,5",JARAGUA DO SUL,Ultrapassagem Indevida,Colisão lateral mesmo sentido,Com Vítimas Feridas,Pleno dia,Decrescente,Sol,Simples,Reta,Não,2,0,1,0,1,0,1,2,-26.45955419,-49.14342101,SPRF-SC,DEL03-SC,UOP03-DEL03-SC,2021
"382635,0",2021-08-05,quinta-feira,19:20:00,SC,101,"203,0",SAO JOSE,Acessar a via sem observar a presença dos outros veículos,Colisão lateral mesmo sentido,Com Vítimas Feridas,Plena Noite,Decrescente,Nublado,Múltipla,Interseção de Vias,Sim,2,0,1,0,1,0,1,2,-27.5650044,-48.61460082,SPRF-SC,DEL01-SC,UOP01-DEL01-SC,2021
"382640,0",2021-09-10,sexta-feira,13:00:00,SC,282,"27,0",SANTO AMARO DA IMPERATRIZ,Condutor usando celular,Colisão frontal,Com Vítimas Feridas,Pleno dia,Decrescente,Céu Claro,Simples,Reta,Sim,4,0,1,0,3,0,1,2,-27.673981,-48.769676,SPRF-SC,DEL01-SC,UOP03-DEL01-SC,2021
"382641,0",2021-07-24,sábado,18:15:00,SC,101,"210,8",SAO JOSE,Condutor deixou de manter distância do veículo da frente,Colisão traseira,Com Vítimas Feridas,Plena Noite,Crescente,Céu Claro,Múltipla,Reta,Sim,2,0,0,1,0,1,1,2,-27.62219351,-48.65140915,SPRF-SC,DEL01-SC,UOP01-DEL01-SC,2021
"382648,0",2021-09-07,terça-feira,15:45:00,SC,153,"117,0",CONCORDIA,Condutor deixou de manter distância do veículo da frente,Colisão lateral mesmo sentido,Com Vítimas Feridas,Pleno dia,Decrescente,Céu Claro,Simples,Aclive,Não,3,0,2,1,0,0,3,2,-27.359379,-51.99279,SPRF-SC,DEL07-SC,UOP04-DEL07-SC,2021
"382651,0",2021-09-10,sexta-feira,13:50:00,SC,101,"409,0",ARARANGUA,Acessar a via sem observar a presença dos outros veículos,Colisão traseira,Com Vítimas Feridas,Pleno dia,Decrescente,Céu Claro,Simples,Rotatória,Sim,2,0,1,0,1,0,1,2,-28.91482796,-49.48625305,SPRF-SC,DEL02-SC,UOP02-DEL02-SC,2021
"382656,0",2021-09-10,sexta-feira,13:30:00,SC,101,"134,0",BALNEARIO CAMBORIU,Ausência de reação do condutor,Tombamento,Com Vítimas Feridas,Pleno dia,Decrescente,Céu Claro,Dupla,Reta,Sim,1,0,1,0,0,0,1,1,-27.00218,-48.636433,SPRF-SC,DEL04-SC,UOP03-DEL04-SC,2021
"382663,0",2021-09-10,sexta-feira,16:15:00,SC,101,"123,3",ITAJAI,Desrespeitar a preferência no cruzamento,Colisão transversal,Com Vítimas Feridas,Pleno dia,Decrescente,Céu Claro,Múltipla,Interseção de Vias,Sim,2,0,1,0,1,0,1,2,-26.93668609,-48.69876905,SPRF-SC,DEL04-SC,UOP04-DEL04-SC,2021
"382664,0",2021-04-23,sexta-feira,21:34:00,SC,282,"590,5",SAUDADES,Neblina,Saída de leito carroçável,Com Vítimas Feridas,Plena Noite,Decrescente,Nevoeiro/Neblina,Simples,Reta,Não,1,0,0,1,0,0,1,1,-26.82626329,-53.08428526,SPRF-SC,DEL07-SC,UOP02-DEL07-SC,2021
"382667,0",2021-09-10,sexta-feira,16:55:00,SC,470,"65,9",INDAIAL,Trafegar com motocicleta (ou similar) entre as faixas,Colisão lateral mesmo sentido,Com Vítimas Feridas,Pleno dia,Crescente,Sol,Simples,Reta,Sim,2,0,1,0,1,0,1,2,-26.870411,-49.211864,SPRF-SC,DEL04-SC,UOP01-DEL04-SC,2021
"382673,0",2021-09-10,sexta-feira,16:20:00,SC,280,"124,0",RIO NEGRINHO,Acessar a via sem observar a presença dos outros veículos,Colisão transversal,Com Vítimas Feridas,Pleno dia,Crescente,Céu Claro,Simples,Reta,Sim,2,0,0,1,1,0,1,2,-26.23884373,-49.5003397,SPRF-SC,DEL06-SC,UOP03-DEL06-SC,2021
"382688,0",2021-09-10,sexta-feira,17:15:00,SC,280,"33,0",ARAQUARI,Reação tardia ou ineficiente do condutor,Saída de leito carroçável,Com Vítimas Feridas,Anoitecer,Crescente,Céu Claro,Simples,Reta,Não,1,0,1,0,0,0,1,1,-26.42576441,-48.78741376,SPRF-SC,DEL03-SC,UOP03-DEL03-SC,2021
"382692,0",2021-09-10,sexta-feira,18:15:00,SC,101,"131,5",CAMBORIU,Ausência de reação do condutor,Colisão transversal,Com Vítimas Feridas,Anoitecer,Crescente,Céu Claro,Simples,Reta,Não,2,0,0,1,1,0,1,2,-26.99064209,-48.66310912,SPRF-SC,DEL04-SC,UOP03-DEL04-SC,2021
"382702,0",2021-09-10,sexta-feira,14:40:00,SC,280,"28,5",ARAQUARI,Acesso irregular,Colisão lateral mesmo sentido,Com Vítimas Feridas,Pleno dia,Decrescente,Sol,Simples,Reta,Sim,2,0,1,0,1,0,1,2,-26.40826423,-48.74995351,SPRF-SC,DEL03-SC,UOP03-DEL03-SC,2021
"382710,0",2021-09-10,sexta-feira,19:50:00,SC,470,"135,8",LONTRAS,Desrespeitar a preferência no cruzamento,Colisão transversal,Com Vítimas Feridas,Plena Noite,Crescente,Céu Claro,Simples,Interseção de Vias,Não,2,0,1,0,1,0,1,2,-27.188492,-49.61232,SPRF-SC,DEL04-SC,UOP02-DEL04-SC,2021
"382712,0",2021-09-10,sexta-feira,19:15:00,SC,280,"33,2",ARAQUARI,Acessar a via sem observar a presença dos outros veículos,Colisão transversal,Com Vítimas Feridas,Plena Noite,Crescente,Céu Claro,Simples,Reta,Não,3,0,2,0,1,0,2,2,-26.42636665,-48.78847003,SPRF-SC,DEL03-SC,UOP03-DEL03-SC,2021
"382713,0",2021-09-10,sexta-feira,19:27:00,SC,101,"203,0",BIGUACU,Ausência de reação do condutor,Colisão lateral mesmo sentido,Com Vítimas Feridas,Plena Noite,Decrescente,Céu Claro,Dupla,Reta,Sim,3,0,2,0,1,0,2,2,-27.5650044,-48.61460082,SPRF-SC,DEL01-SC,UOP01-DEL01-SC,2021
"382728,0",2021-09-10,sexta-feira,21:00:00,SC,282,"221,9",LAGES,Reação tardia ou ineficiente do condutor,Saída de leito carroçável,Com Vítimas Feridas,Plena Noite,Decrescente,Nublado,Simples,Declive;Reta,Sim,1,0,1,0,0,0,1,1,-27.796358,-50.343426,SPRF-SC,DEL05-SC,UOP01-DEL05-SC,2021
"382736,0",2021-09-10,sexta-feira,19:55:00,SC,280,"303,0",PORTO UNIAO,Ausência de reação do condutor,Colisão traseira,Com Vítimas Feridas,Plena Noite,Crescente,Céu Claro,Simples,Reta,Não,2,0,1,0,0,1,1,2,-26.27999553,-51.05063229,SPRF-SC,DEL06-SC,UOP04-DEL06-SC,2021
"382759,0",2021-09-11,sábado,02:00:00,SC,470,"135,4",RIO DO SUL,Ingestão de álcool pelo condutor,Colisão traseira,Com Vítimas Feridas,Plena Noite,Crescente,Céu Claro,Simples,Reta,Sim,3,0,0,2,1,0,2,2,-27.188492,-49.61232,SPRF-SC,DEL04-SC,UOP02-DEL04-SC,2021
"382783,0",2021-09-11,sábado,05:40:00,SC,101,"204,0",SAO JOSE,Ausência de reação do condutor,Colisão traseira,Com Vítimas Feridas,Amanhecer,Decrescente,Nublado,Dupla,Reta,Sim,3,0,1,0,2,0,1,3,-27.57413014,-48.61363083,SPRF-SC,DEL01-SC,UOP01-DEL01-SC,2021
"382784,0",2021-09-11,sábado,05:20:00,SC,282,"512,8",XANXERE,Ingestão de álcool pelo condutor,Saída de leito carroçável,Com Vítimas Feridas,Plena Noite,Crescente,Céu Claro,Simples,Declive,Não,1,0,1,0,0,0,1,1,-26.91034309,-52.47178338,SPRF-SC,DEL07-SC,UOP01-DEL07-SC,2021
"382806,0",2021-07-30,sexta-feira,18:10:00,SC,101,"216,8",PALHOCA,Condutor deixou de manter distância do veículo da frente,Colisão traseira,Com Vítimas Feridas,Plena Noite,Decrescente,Céu Claro,Dupla,Reta,Não,2,0,1,1,0,0,2,2,-27.65981409,-48.67747798,SPRF-SC,DEL01-SC,UOP02-DEL01-SC,2021
"382820,0",2021-09-11,sábado,11:25:00,SC,101,"167,4",TIJUCAS,Avarias e/ou desgaste excessivo no pneu,Queda de ocupante de veículo,Com Vítimas Feridas,Pleno dia,Decrescente,Sol,Dupla,Reta,Sim,1,0,1,0,0,0,1,1,-27.27029501,-48.63176618,SPRF-SC,DEL04-SC,UOP03-DEL04-SC,2021
"382826,0",2021-09-11,sábado,09:40:00,SC,480,"125,0",CHAPECO,Velocidade Incompatível,Saída de leito carroçável,Com Vítimas Feridas,Pleno dia,Crescente,Céu Claro,Simples,Curva,Não,1,0,1,0,0,0,1,1,-27.01296839,-52.63944626,SPRF-SC,DEL07-SC,UOP01-DEL07-SC,2021
"382852,0",2021-09-11,sábado,15:00:00,SC,470,"131,0",LONTRAS,Demais falhas mecânicas ou elétricas,Tombamento,Com Vítimas Feridas,Pleno dia,Crescente,Sol,Simples,Curva,Sim,2,0,2,0,0,0,2,1,-27.168108,-49.560719,SPRF-SC,DEL04-SC,UOP02-DEL04-SC,2021
"382857,0",2021-09-11,sábado,13:15:00,SC,280,"80,0",CORUPA,Acessar a via sem observar a presença dos outros veículos,Colisão transversal,Com Vítimas Feridas,Pleno dia,Crescente,Céu Claro,Simples,Ponte,Não,3,0,1,2,0,0,3,2,-26.44412189,-49.20975187,SPRF-SC,DEL06-SC,UOP03-DEL06-SC,2021
"382861,0",2021-09-11,sábado,16:40:00,SC,101,"39,4",JOINVILLE,Acessar a via sem observar a presença dos outros veículos,Colisão transversal,Com Vítimas Feridas,Pleno dia,Crescente,Nublado,Dupla,Interseção de Vias,Sim,2,0,1,1,0,0,2,2,-26.30344262,-48.882317,SPRF-SC,DEL03-SC,UOP01-DEL03-SC,2021
"382862,0",2021-09-11,sábado,15:50:00,SC,101,"346,0",TREZE DE MAIO,Reação tardia ou ineficiente do condutor,Saída de leito carroçável,Com Vítimas Feridas,Pleno dia,Decrescente,Céu Claro,Dupla,Reta,Não,2,0,2,0,0,0,2,2,-28.55485199,-49.0540891,SPRF-SC,DEL02-SC,UOP01-DEL02-SC,2021
"382885,0",2021-09-11,sábado,17:19:00,SC,470,"56,0",BLUMENAU,Acessar a via sem observar a presença dos outros veículos,Colisão transversal,Com Vítimas Feridas,Pleno dia,Crescente,Céu Claro,Simples,Reta,Sim,3,0,2,0,1,0,2,2,-26.87710983,-49.12910775,SPRF-SC,DEL04-SC,UOP01-DEL04-SC,2021
"382904,0",2021-09-11,sábado,08:25:00,SC,101,"132,0",BALNEARIO CAMBORIU,Condutor deixou de manter distância do veículo da frente,Colisão lateral mesmo sentido,Com Vítimas Feridas,Anoitecer,Crescente,Céu Claro,Múltipla,Interseção de Vias,Sim,3,0,1,0,1,1,1,3,-26.99654133,-48.65564711,SPRF-SC,DEL04-SC,UOP03-DEL04-SC,2021
"382928,0",2021-09-11,sábado,20:50:00,SC,470,"8,6",NAVEGANTES,Reação tardia ou ineficiente do condutor,Colisão transversal,Com Vítimas Feridas,Plena Noite,Crescente,Céu Claro,Simples,Reta,Não,3,0,1,0,2,0,1,2,-26.83688,-48.718853,SPRF-SC,DEL04-SC,UOP04-DEL04-SC,2021
"382933,0",2021-09-11,sábado,18:53:00,SC,470,"70,0",INDAIAL,Conversão proibida,Colisão lateral mesmo sentido,Com Vítimas Feridas,Plena Noite,Crescente,Céu Claro,Simples,Reta,Sim,2,0,1,0,1,0,1,2,-26.889374,-49.254478,SPRF-SC,DEL04-SC,UOP01-DEL04-SC,2021
"382951,0",2021-09-11,sábado,21:00:00,SC,280,"69,0",JARAGUA DO SUL,Acessar a via sem observar a presença dos outros veículos,Colisão lateral mesmo sentido,Com Vítimas Feridas,Plena Noite,Decrescente,Céu Claro,Simples,Reta;Interseção de Vias,Sim,2,0,0,1,1,0,1,2,-26.46803296,-49.11833097,SPRF-SC,DEL03-SC,UOP03-DEL03-SC,2021
"382952,0",2021-09-11,sábado,22:20:00,SC,101,"158,0",PORTO BELO,Acessar a via sem observar a presença dos outros veículos,Colisão lateral mesmo sentido,Com Vítimas Feridas,Plena Noite,Decrescente,Céu Claro,Dupla,Reta,Sim,2,0,1,0,1,0,1,2,-27.19096301,-48.61259017,SPRF-SC,DEL04-SC,UOP03-DEL04-SC,2021
"382954,0",2021-09-11,sábado,23:30:00,SC,101,"200,8",SAO JOSE,Ingestão de álcool pelo condutor,Colisão traseira,Sem Vítimas,Plena Noite,Decrescente,Céu Claro,Múltipla,Reta,Sim,2,0,0,0,2,0,0,2,-27.54018513,-48.62287714,SPRF-SC,DEL01-SC,UOP01-DEL01-SC,2021
"382981,0",2021-09-12,domingo,02:30:00,SC,101,"209,6",SAO JOSE,Condutor deixou de manter distância do veículo da frente,Colisão traseira,Com Vítimas Feridas,Plena Noite,Decrescente,Nublado,Múltipla,Reta,Sim,2,0,0,1,1,0,1,2,-27.61000542,-48.63895057,SPRF-SC,DEL01-SC,UOP01-DEL01-SC,2021
"382982,0",2021-09-12,domingo,01:30:00,SC,282,"486,6",FAXINAL DOS GUEDES,Ingestão de álcool pelo condutor,Colisão com objeto,Sem Vítimas,Pleno dia,Crescente,Céu Claro,Simples,Aclive;Reta,Sim,1,0,0,0,0,1,0,1,-26.855415,-52.25423,SPRF-SC,DEL07-SC,UOP01-DEL07-SC,2021
"382985,0",2021-09-12,domingo,02:00:00,SC,101,"98,0",BALNEARIO PICARRAS,Reação tardia ou ineficiente do condutor,Queda de ocupante de veículo,Com Vítimas Feridas,Plena Noite,Decrescente,Nevoeiro/Neblina,Múltipla,Reta,Não,1,0,1,0,0,0,1,1,-26.73760897,-48.69918789,SPRF-SC,DEL03-SC,UOP02-DEL03-SC,2021
"382986,0",2021-09-12,domingo,01:55:00,SC,163,"94,2",GUARACIABA,Ingestão de álcool pelo condutor,Saída de leito carroçável,Com Vítimas Feridas,Plena Noite,Crescente,Céu Claro,Simples,Reta,Não,1,0,1,0,0,0,1,1,-26.53391703,-53.52174016,SPRF-SC,DEL07-SC,UOP03-DEL07-SC,2021
"382987,0",2021-09-12,domingo,02:30:00,SC,101,"411,0",ARARANGUA,Acessar a via sem observar a presença dos outros veículos,Colisão transversal,Com Vítimas Feridas,Plena Noite,Crescente,Nublado,Simples,Reta,Sim,2,0,0,1,1,0,1,2,-28.94662221,-49.50499719,SPRF-SC,DEL02-SC,UOP02-DEL02-SC,2021
"382991,0",2021-09-12,domingo,00:45:00,SC,101,"111,0",NAVEGANTES,Mal súbito do condutor,Saída de leito carroçável,Com Vítimas Feridas,Plena Noite,Crescente,Céu Claro,Dupla,Reta,Não,1,0,1,0,0,0,1,1,-26.83955734,-48.71418074,SPRF-SC,DEL04-SC,UOP04-DEL04-SC,2021
"382996,0",2021-09-12,domingo,03:15:00,SC,282,"501,0",XANXERE,Condutor Dormindo,Saída de leito carroçável,Com Vítimas Feridas,Plena Noite,Decrescente,Céu Claro,Dupla,Reta,Não,1,0,1,0,0,0,1,1,-26.88173212,-52.37534523,SPRF-SC,DEL07-SC,UOP01-DEL07-SC,2021
"383000,0",2021-09-12,domingo,04:15:00,SC,101,"209,0",SAO JOSE,Ingestão de álcool pelo condutor,Colisão traseira,Sem Vítimas,Plena Noite,Crescente,Céu Claro,Simples,Declive,Sim,2,0,0,0,2,0,0,2,-27.61000542,-48.63895057,SPRF-SC,DEL01-SC,UOP01-DEL01-SC,2021
"383042,0",2021-09-12,domingo,07:15:00,SC,282,"216,0",LAGES,Ingestão de álcool pelo condutor,Colisão com objeto,Com Vítimas Feridas,Amanhecer,Crescente,Céu Claro,Simples,Reta,Sim,1,0,1,0,0,0,1,1,-27.797529,-50.291862,SPRF-SC,DEL05-SC,UOP01-DEL05-SC,2021
"383047,0",2021-09-12,domingo,09:20:00,SC,470,"70,6",INDAIAL,Conversão proibida,Colisão transversal,Com Vítimas Feridas,Pleno dia,Crescente,Nublado,Simples,Em Obras;Reta,Sim,3,0,2,0,1,0,2,2,-26.89285,-49.25917,SPRF-SC,DEL04-SC,UOP01-DEL04-SC,2021
"383056,0",2021-09-12,domingo,11:25:00,SC,101,"30,2",JOINVILLE,Reação tardia ou ineficiente do condutor,Colisão traseira,Com Vítimas Feridas,Pleno dia,Decrescente,Céu Claro,Dupla,Reta;Declive;Viaduto,Não,4,0,2,0,2,0,2,3,-26.216931,-48.91612807,SPRF-SC,DEL03-SC,UOP01-DEL03-SC,2021
"383083,0",2021-09-12,domingo,14:10:00,SC,101,"225,6",PALHOCA,Manobra de mudança de faixa,Capotamento,Com Vítimas Feridas,Pleno dia,Crescente,Sol,Dupla,Reta,Não,1,0,0,1,0,0,1,1,-27.73292191,-48.6409567,SPRF-SC,DEL01-SC,UOP02-DEL01-SC,2021
"383097,0",2021-09-12,domingo,16:35:00,SC,101,"146,0",ITAPEMA,Reação tardia ou ineficiente do condutor,Engavetamento,Com Vítimas Feridas,Pleno dia,Decrescente,Sol,Múltipla,Reta,Sim,4,0,1,0,3,0,1,4,-27.08666525,-48.60955587,SPRF-SC,DEL04-SC,UOP03-DEL04-SC,2021
"383100,0",2021-09-12,domingo,16:30:00,SC,101,"414,1",ARARANGUA,Reação tardia ou ineficiente do condutor,Saída de leito carroçável,Com Vítimas Feridas,Pleno dia,Crescente,Céu Claro,Dupla,Reta,Sim,2,0,2,0,0,0,2,1,-28.95715982,-49.52666759,SPRF-SC,DEL02-SC,UOP02-DEL02-SC,2021
"383106,0",2021-09-12,domingo,15:50:00,SC,116,"271,6",CAPAO ALTO,Ingestão de álcool pelo condutor,Colisão traseira,Com Vítimas Feridas,Pleno dia,Decrescente,Céu Claro,Simples,Curva,Não,4,0,2,0,2,0,2,2,-27.97707988,-50.50914813,SPRF-SC,DEL05-SC,UOP02-DEL05-SC,2021
"383120,0",2021-09-12,domingo,16:20:00,SC,163,"81,8",GUARACIABA,Pista esburacada,Tombamento,Com Vítimas Feridas,Pleno dia,Crescente,Céu Claro,Simples,Declive;Reta,Não,1,0,1,0,0,0,1,1,-26.64162493,-53.51842645,SPRF-SC,DEL07-SC,UOP03-DEL07-SC,2021
"383141,0",2021-09-12,domingo,19:18:00,SC,101,"135,5",BALNEARIO CAMBORIU,Reação tardia ou ineficiente do condutor,Engavetamento,Com Vítimas Feridas,Plena Noite,Decrescente,Céu Claro,Dupla,Reta,Sim,7,0,3,2,2,0,5,3,-27.0050108,-48.62677494,SPRF-SC,DEL04-SC,UOP03-DEL04-SC,2021
"383158,0",2021-09-12,domingo,16:00:00,SC,153,"87,2",CONCORDIA,Acumulo de óleo sobre o pavimento,Saída de leito carroçável,Com Vítimas Feridas,Pleno dia,Crescente,Céu Claro,Simples,Aclive;Reta,Não,2,0,1,0,1,0,1,1,-27.126955,-51.918659,SPRF-SC,DEL07-SC,UOP04-DEL07-SC,2021
"383173,0",2021-09-12,domingo,21:45:00,SC,101,"205,1",SAO JOSE,Desrespeitar a preferência no cruzamento,Colisão transversal,Com Vítimas Feridas,Plena Noite,Crescente,Céu Claro,Dupla,Curva,Sim,2,0,2,0,0,0,2,2,-27.58313237,-48.61532885,SPRF-SC,DEL01-SC,UOP01-DEL01-SC,2021
"383181,0",2021-09-12,domingo,18:45:00,SC,480,"130,5",CHAPECO,Ingestão de álcool pelo condutor,Colisão traseira,Sem Vítimas,Plena Noite,Decrescente,Céu Claro,Simples,Reta,Sim,3,0,0,0,3,0,0,2,-27.05534298,-52.63652069,SPRF-SC,DEL07-SC,UOP01-DEL07-SC,2021
"383197,0",2021-09-12,domingo,23:00:00,SC,101,"119,7",ITAJAI,Avarias e/ou desgaste excessivo no pneu,Tombamento,Com Vítimas Feridas,Plena Noite,Decrescente,Céu Claro,Múltipla,Reta,Sim,2,0,2,0,0,0,2,1,-26.9043179,-48.71555481,SPRF-SC,DEL04-SC,UOP04-DEL04-SC,2021
"383206,0",2021-09-12,domingo,20:30:00,SC,282,"226,6",LAGES,Transitar na contramão,Colisão frontal,Com Vítimas Fatais,Plena Noite,Crescente,Céu Claro,Simples,Curva,Não,17,3,4,3,7,0,7,2,-27.79691,-50.394604,SPRF-SC,DEL05-SC,UOP02-DEL05-SC,2021
"383211,0",2021-09-12,domingo,23:45:00,SC,470,"65,0",INDAIAL,Ausência de reação do condutor,Capotamento,Com Vítimas Feridas,Plena Noite,Crescente,Nublado,Simples,Reta,Não,1,0,1,0,0,0,1,1,-26.870411,-49.211864,SPRF-SC,DEL04-SC,UOP01-DEL04-SC,2021
"383218,0",2021-09-13,segunda-feira,01:10:00,SC,282,"43,8",AGUAS MORNAS,Reação tardia ou ineficiente do condutor,Saída de leito carroçável,Com Vítimas Fatais,Plena Noite,Decrescente,Céu Claro,Simples,Curva,Não,2,1,0,1,0,0,1,1,-27.7221451,-48.906275,SPRF-SC,DEL01-SC,UOP03-DEL01-SC,2021
"383228,0",2021-09-13,segunda-feira,05:00:00,SC,280,"24,0",ARAQUARI,Condutor Dormindo,Colisão com objeto,Com Vítimas Feridas,Amanhecer,Crescente,Céu Claro,Simples,Reta,Sim,2,0,1,1,0,0,2,1,-26.37724921,-48.71953282,SPRF-SC,DEL03-SC,UOP03-DEL03-SC,2021
"383230,0",2021-09-13,segunda-feira,04:00:00,SC,101,"101,0",BALNEARIO PICARRAS,Animais na Pista,Colisão com objeto,Sem Vítimas,Plena Noite,Decrescente,Nublado,Dupla,Aclive,Sim,1,0,0,0,1,0,0,1,-26.76404198,-48.68657667,SPRF-SC,DEL03-SC,UOP02-DEL03-SC,2021
"383232,0",2021-09-12,domingo,14:30:00,SC,282,"606,0",MARAVILHA,Ultrapassagem Indevida,Colisão lateral mesmo sentido,Com Vítimas Feridas,Pleno dia,Crescente,Céu Claro,Simples,Reta,Não,2,0,1,0,1,0,1,2,-26.778643,-53.198692,SPRF-SC,DEL07-SC,UOP02-DEL07-SC,2021
"383277,0",2021-09-13,segunda-feira,09:25:00,SC,101,"150,9",ITAPEMA,Acessar a via sem observar a presença dos outros veículos,Colisão frontal,Com Vítimas Feridas,Pleno dia,Decrescente,Nublado,Simples,Reta,Sim,2,0,0,1,1,0,1,2,-27.11744799,-48.60940987,SPRF-SC,DEL04-SC,UOP03-DEL04-SC,2021
"383284,0",2021-09-13,segunda-feira,11:30:00,SC,470,"54,0",BLUMENAU,Desrespeitar a preferência no cruzamento,Colisão transversal,Com Vítimas Feridas,Pleno dia,Crescente,Nublado,Simples,Curva,Sim,2,0,1,0,0,1,1,2,-26.87116079,-49.11094228,SPRF-SC,DEL04-SC,UOP01-DEL04-SC,2021
"383405,0",2021-09-14,terça-feira,04:45:00,SC,101,"214,7",PALHOCA,Ingestão de álcool e/ou substâncias psicoativas pelo pedestre,Colisão com objeto,Sem Vítimas,Plena Noite,Crescente,Chuva,Simples,Reta,Não,1,0,0,0,1,0,0,1,-27.64443,-48.67057,SPRF-SC,DEL01-SC,UOP02-DEL01-SC,2021
"383408,0",2021-09-14,terça-feira,04:50:00,SC,280,"52,0",GUARAMIRIM,Manobra de mudança de faixa,Colisão frontal,Com Vítimas Feridas,Plena Noite,Decrescente,Céu Claro,Simples,Reta,Sim,3,0,2,0,1,0,2,2,-26.468904,-48.96492,SPRF-SC,DEL03-SC,UOP03-DEL03-SC,2021
"383434,0",2021-08-12,quinta-feira,14:30:00,SC,101,"41,2",JOINVILLE,Desrespeitar a preferência no cruzamento,Colisão transversal,Com Vítimas Feridas,Pleno dia,Crescente,Nublado,Dupla,Interseção de Vias;Rotatória;Viaduto,Sim,2,0,0,1,1,0,1,2,-26.28215489,-48.88973081,SPRF-SC,DEL03-SC,UOP01-DEL03-SC,2021
"383439,0",2021-09-14,terça-feira,08:43:00,SC,101,"205,4",SAO JOSE,Acumulo de água sobre o pavimento,Tombamento,Com Vítimas Feridas,Pleno dia,Crescente,Chuva,Simples,Curva,Sim,1,0,1,0,0,0,1,1,-27.58689202,-48.6167872,SPRF-SC,DEL01-SC,UOP01-DEL01-SC,2021
"383450,0",2021-09-14,terça-feira,09:15:00,SC,282,"69,5",RANCHO QUEIMADO,Pista Escorregadia,Tombamento,Com Vítimas Feridas,Pleno dia,Decrescente,Chuva,Múltipla,Curva;Declive,Não,3,0,1,0,2,0,1,1,-27.690144,-49.083813,SPRF-SC,DEL01-SC,UOP03-DEL01-SC,2021
"383455,0",2021-09-14,terça-feira,11:05:00,SC,101,"146,6",ITAPEMA,Reação tardia ou ineficiente do condutor,Colisão transversal,Com Vítimas Feridas,Pleno dia,Crescente,Céu Claro,Simples,Interseção de Vias,Não,2,0,1,0,1,0,1,2,-27.08666525,-48.60955587,SPRF-SC,DEL04-SC,UOP03-DEL04-SC,2021
"383473,0",2021-09-14,terça-feira,12:35:00,SC,280,"52,3",GUARAMIRIM,Reação tardia ou ineficiente do condutor,Colisão transversal,Com Vítimas Feridas,Pleno dia,Crescente,Chuva,Simples,Reta,Não,2,0,0,1,1,0,1,2,-26.468904,-48.96492,SPRF-SC,DEL03-SC,UOP03-DEL03-SC,2021
"383476,0",2021-09-14,terça-feira,11:20:00,SC,101,"401,0",MARACAJA,Reação tardia ou ineficiente do condutor,Colisão lateral mesmo sentido,Com Vítimas Feridas,Pleno dia,Decrescente,Nublado,Múltipla,Reta,Sim,2,0,1,0,1,0,1,2,-28.85594274,-49.44019434,SPRF-SC,DEL02-SC,UOP02-DEL02-SC,2021