id,data_inversa,dia_semana,horario,uf,br,km,municipio,causa_acidente,tipo_acidente,classificacao_acidente,fase_dia,sentido_via,condicao_metereologica,tipo_pista,tracado_via,uso_solo,pessoas,mortos,feridos_leves,feridos_graves,ilesos,ignorados,feridos,veiculos,latitude,longitude,regional,delegacia,uop,ano_arquivo
"385531,0",2021-09-24,sexta-feira,19:20:00,SC,280,"258,0",CANOINHAS,Animais na Pista,Atropelamento de Animal,Com Vítimas Feridas,Plena Noite,Decrescente,Nublado,Simples,Reta,Não,1,0,1,0,0,0,1,1,-26.26304631,-50.61827002,SPRF-SC,DEL06-SC,UOP04-DEL06-SC,2021
"385533,0",2021-09-24,sexta-feira,11:40:00,SC,153,"8,9",AGUA DOCE,Velocidade Incompatível,Saída de leito carroçável,Sem Vítimas,Pleno dia,Crescente,Céu Claro,Simples,Curva,Não,1,0,0,0,1,0,0,1,-26.66602198,-51.54793739,SPRF-SC,DEL07-SC,UOP05-DEL07-SC,2021
"385535,0",2021-09-24,sexta-feira,19:15:00,SC,470,"69,8",INDAIAL,Ingestão de álcool pelo condutor,Colisão traseira,Sem Vítimas,Plena Noite,Crescente,Nublado,Simples,Em Obras,Não,2,0,0,0,2,0,0,2,-26.883745,-49.246704,SPRF-SC,DEL04-SC,UOP01-DEL04-SC,2021
"385549,0",2021-09-25,sábado,01:00:00,SC,101,"216,0",PALHOCA,Ingestão de álcool pelo condutor,Saída de leito carroçável,Sem Vítimas,Plena Noite,Crescente,Céu Claro,Dupla,Reta,Sim,1,0,0,0,1,0,0,1,-27.65981409,-48.67747798,SPRF-SC,DEL01-SC,UOP02-DEL01-SC,2021
"385566,0",2021-09-25,sábado,04:20:00,SC,101,"366,0",SANGAO,Deficiência do Sistema de Iluminação/Sinalização,Colisão traseira,Com Vítimas Feridas,Plena Noite,Decrescente,Céu Claro,Dupla,Reta,Não,4,0,2,0,2,0,2,3,-28.68718511,-49.15621795,SPRF-SC,DEL02-SC,UOP01-DEL02-SC,2021
"385575,0",2021-09-25,sábado,03:30:00,SC,101,"276,9",IMBITUBA,Velocidade Incompatível,Tombamento,Com Vítimas Feridas,Plena Noite,Decrescente,Céu Claro,Dupla,Reta,Sim,1,0,0,1,0,0,1,1,-28.14644701,-48.69204746,SPRF-SC,DEL02-SC,UOP03-DEL02-SC,2021
"385613,0",2021-09-25,sábado,09:20:00,SC,101,"153,0",PORTO BELO,Avarias e/ou desgaste excessivo no pneu,Tombamento,Com Vítimas Feridas,Pleno dia,Crescente,Céu Claro,Dupla,Reta,Não,2,0,2,0,0,0,2,1,-27.144717,-48.61063935,SPRF-SC,DEL04-SC,UOP03-DEL04-SC,2021
"385614,0",2021-09-25,sábado,04:30:00,SC,470,"174,5",POUSO REDONDO,Ingestão de álcool pelo condutor,Colisão com objeto,Com Vítimas Feridas,Plena Noite,Crescente,Nublado,Simples,Reta,Sim,1,0,1,0,0,0,1,1,-27.258179,-49.929146,SPRF-SC,DEL04-SC,UOP02-DEL04-SC,2021
"385617,0",2021-09-25,sábado,09:35:00,SC,470,"58,5",BLUMENAU,Trafegar com motocicleta (ou similar) entre as faixas,Colisão transversal,Com Vítimas Feridas,Pleno dia,Decrescente,Nublado,Simples,Curva;Aclive,Sim,2,0,1,0,1,0,1,2,-26.8840142,-49.15113483,SPRF-SC,DEL04-SC,UOP01-DEL04-SC,2021
"385622,0",2021-09-25,sábado,09:50:00,SC,282,"331,0",CAMPOS NOVOS,Condutor deixou de manter distância do veículo da frente,Colisão traseira,Com Vítimas Feridas,Pleno dia,Decrescente,Sol,Simples,Reta,Não,2,0,1,0,1,0,1,2,-27.387941,-51.116081,SPRF-SC,DEL07-SC,UOP06-DEL07-SC,2021
"385630,0",2021-09-25,sábado,10:30:00,SC,101,"59,0",ARAQUARI,Avarias e/ou desgaste excessivo no pneu,Tombamento,Com Vítimas Feridas,Pleno dia,Decrescente,Céu Claro,Dupla,Reta,Não,2,0,0,1,1,0,1,1,-26.44651734,-48.79426826,SPRF-SC,DEL03-SC,UOP02-DEL03-SC,2021
"385637,0",2021-09-25,sábado,11:08:00,SC,101,"210,3",SAO JOSE,Mal súbito do condutor,Colisão com objeto,Sem Vítimas,Pleno dia,Crescente,Céu Claro,Dupla,Reta,Sim,1,0,0,0,1,0,0,1,-27.6167305,-48.6457265,SPRF-SC,DEL01-SC,UOP01-DEL01-SC,2021
"385645,0",2021-09-25,sábado,07:40:00,SC,282,"604,4",MARAVILHA,Acessar a via sem observar a presença dos outros veículos,Colisão transversal,Com Vítimas Feridas,Pleno dia,Decrescente,Céu Claro,Simples,Aclive;Em Obras;Reta,Não,5,0,3,1,0,1,4,3,-26.79025428,-53.19479764,SPRF-SC,DEL07-SC,UOP02-DEL07-SC,2021
"385646,0",2021-09-25,sábado,08:25:00,SC,282,"624,4",IRACEMINHA,Ingestão de álcool pelo condutor,Colisão traseira,Sem Vítimas,Pleno dia,Decrescente,Nublado,Simples,Interseção de Vias,Não,3,0,0,0,3,0,0,2,-26.798008,-53.34169,SPRF-SC,DEL07-SC,UOP02-DEL07-SC,2021
"385647,0",2021-09-25,sábado,12:20:00,SC,101,"202,7",SAO JOSE,Condutor deixou de manter distância do veículo da frente,Colisão traseira,Sem Vítimas,Pleno dia,Decrescente,Céu Claro,Múltipla,Reta,Sim,2,0,0,0,2,0,0,2,-27.55711595,-48.61897889,SPRF-SC,DEL01-SC,UOP01-DEL01-SC,2021
"385686,0",2021-09-25,sábado,16:09:00,SC,101,"276,2",IMBITUBA,Ingestão de álcool pelo condutor,Atropelamento de Pedestre,Com Vítimas Feridas,Pleno dia,Decrescente,Nublado,Múltipla,Interseção de Vias;Reta;Viaduto,Sim,3,0,2,0,0,1,2,2,-28.146765,-48.69176215,SPRF-SC,DEL02-SC,UOP03-DEL02-SC,2021
"385700,0",2021-09-25,sábado,17:30:00,SC,101,"71,0",ARAQUARI,Velocidade Incompatível,Colisão traseira,Com Vítimas Feridas,Pleno dia,Decrescente,Céu Claro,Dupla,Reta,Não,2,0,1,0,1,0,1,2,-26.51864822,-48.71874636,SPRF-SC,DEL03-SC,UOP02-DEL03-SC,2021
"385724,0",2021-09-25,sábado,15:00:00,SC,282,"676,4",PARAISO,Velocidade Incompatível,Saída de leito carroçável,Com Vítimas Feridas,Pleno dia,Decrescente,Céu Claro,Simples,Curva,Não,1,0,1,0,0,0,1,1,-26.614067,-53.68462,SPRF-SC,DEL07-SC,UOP03-DEL07-SC,2021
"385736,0",2021-09-25,sábado,13:10:00,SC,282,"539,4",CHAPECO,Ingestão de álcool pelo condutor,Colisão frontal,Sem Vítimas,Pleno dia,Crescente,Sol,Simples,Curva,Não,2,0,0,0,2,0,0,2,-26.993254,-52.681767,SPRF-SC,DEL07-SC,UOP01-DEL07-SC,2021
"385749,0",2021-09-25,sábado,19:05:00,SC,101,"384,0",ICARA,Condutor Dormindo,Saída de leito carroçável,Com Vítimas Feridas,Plena Noite,Decrescente,Céu Claro,Dupla,Aclive,Não,1,0,0,1,0,0,1,1,-28.77884066,-49.32489038,SPRF-SC,DEL02-SC,UOP02-DEL02-SC,2021
"385751,0",2021-09-25,sábado,19:15:00,SC,101,"344,9",TUBARAO,Ausência de reação do condutor,Saída de leito carroçável,Com Vítimas Feridas,Plena Noite,Crescente,Céu Claro,Dupla,Reta,Não,1,0,1,0,0,0,1,1,-28.53647889,-49.0531826,SPRF-SC,DEL02-SC,UOP01-DEL02-SC,2021
"385753,0",2021-09-25,sábado,17:40:00,SC,470,"170,4",POUSO REDONDO,Ingestão de álcool pelo condutor,Tombamento,Com Vítimas Feridas,Anoitecer,Crescente,Nevoeiro/Neblina,Simples,Reta,Não,1,0,1,0,0,0,1,1,-27.265903,-49.892441,SPRF-SC,DEL04-SC,UOP02-DEL04-SC,2021
"385754,0",2021-09-25,sábado,17:50:00,SC,470,"109,1",APIUNA,Ingestão de álcool pelo condutor,Colisão com objeto,Com Vítimas Feridas,Pleno dia,Decrescente,Céu Claro,Simples,Curva,Sim,2,0,0,1,1,0,1,2,-27.083876,-49.449543,SPRF-SC,DEL04-SC,UOP02-DEL04-SC,2021
"385770,0",2021-09-26,domingo,01:30:00,SC,101,"213,1",PALHOCA,Ingestão de álcool e/ou substâncias psicoativas pelo pedestre,Colisão com objeto,Sem Vítimas,Plena Noite,Crescente,Céu Claro,Múltipla,Reta,Sim,1,0,0,0,0,1,0,1,-27.63697369,-48.66514142,SPRF-SC,DEL01-SC,UOP02-DEL01-SC,2021
"385793,0",2021-09-25,sábado,23:45:00,SC,101,"403,5",ARARANGUA,Ingestão de álcool pelo condutor,Capotamento,Sem Vítimas,Plena Noite,Decrescente,Nublado,Dupla,Reta,Não,1,0,0,0,1,0,0,1,-28.87065022,-49.45169172,SPRF-SC,DEL02-SC,UOP02-DEL02-SC,2021
"385802,0",2021-09-26,domingo,01:50:00,SC,280,"242,0",CANOINHAS,Ingestão de álcool pelo condutor,Colisão frontal,Com Vítimas Feridas,Plena Noite,Decrescente,Nublado,Simples,Reta,Não,3,0,1,0,2,0,1,3,-26.23241075,-50.46635011,SPRF-SC,DEL06-SC,UOP04-DEL06-SC,2021
"385803,0",2021-09-26,domingo,05:20:00,SC,470,"43,1",GASPAR,Reação tardia ou ineficiente do condutor,Capotamento,Sem Vítimas,Plena Noite,Decrescente,Nublado,Simples,Curva,Não,3,0,0,0,1,2,0,1,-26.87227,-49.01517,SPRF-SC,DEL04-SC,UOP01-DEL04-SC,2021
"385815,0",2021-09-26,domingo,05:50:00,SC,101,"66,9",ARAQUARI,Condutor Dormindo,Colisão com objeto,Sem Vítimas,Amanhecer,Decrescente,Céu Claro,Dupla,Reta,Não,1,0,0,0,1,0,0,1,-26.48645,-48.73483602,SPRF-SC,DEL03-SC,UOP02-DEL03-SC,2021
"385842,0",2021-09-26,domingo,07:20:00,SC,282,"216,0",LAGES,Pista Escorregadia,Tombamento,Com Vítimas Feridas,Pleno dia,Crescente,Garoa/Chuvisco,Simples,Rotatória,Sim,3,0,2,0,1,0,2,2,-27.7947053,-50.28472424,SPRF-SC,DEL05-SC,UOP01-DEL05-SC,2021
"385858,0",2021-09-26,domingo,10:55:00,SC,282,"16,0",PALHOCA,Retorno proibido,Colisão lateral mesmo sentido,Com Vítimas Feridas,Pleno dia,Decrescente,Céu Claro,Múltipla,Reta,Sim,3,0,1,0,2,0,1,3,-27.65915613,-48.6822331,SPRF-SC,DEL01-SC,UOP02-DEL01-SC,2021
"385872,0",2021-09-26,domingo,13:00:00,SC,101,"88,0",BARRA VELHA,Demais falhas mecânicas ou elétricas,Saída de leito carroçável,Com Vítimas Feridas,Pleno dia,Crescente,Sol,Dupla,Reta;Declive,Sim,3,0,2,0,1,0,2,1,-26.64253985,-48.68950684,SPRF-SC,DEL03-SC,UOP02-DEL03-SC,2021
"385873,0",2021-09-26,domingo,13:29:00,SC,282,"510,7",XANXERE,Reação tardia ou ineficiente do condutor,Colisão lateral mesmo sentido,Com Vítimas Feridas,Pleno dia,Crescente,Céu Claro,Simples,Reta,Não,4,0,2,0,2,0,2,2,-26.90027628,-52.46327877,SPRF-SC,DEL07-SC,UOP01-DEL07-SC,2021
"385890,0",2021-09-26,domingo,09:45:00,SC,101,"243,8",PALHOCA,Reação tardia ou ineficiente do condutor,Colisão lateral mesmo sentido,Com Vítimas Feridas,Pleno dia,Crescente,Sol,Dupla,Reta,Não,3,0,0,1,0,2,1,3,-27.88419902,-48.64750077,SPRF-SC,DEL01-SC,UOP02-DEL01-SC,2021
"385896,0",2021-09-26,domingo,15:20:00,SC,282,"225,1",LAGES,Conversão proibida,Colisão transversal,Com Vítimas Feridas,Pleno dia,Decrescente,Céu Claro,Simples,Reta,Não,2,0,1,0,1,0,1,2,-27.794176,-50.379559,SPRF-SC,DEL05-SC,UOP02-DEL05-SC,2021
"385898,0",2021-09-26,domingo,16:20:00,SC,101,"139,0",BALNEARIO CAMBORIU,Avarias e/ou desgaste excessivo no pneu,Tombamento,Com Vítimas Feridas,Pleno dia,Decrescente,Céu Claro,Dupla,Reta,Não,2,0,1,1,0,0,2,1,-27.02982303,-48.60115006,SPRF-SC,DEL04-SC,UOP03-DEL04-SC,2021
"385904,0",2021-09-26,domingo,15:30:00,SC,101,"148,5",ITAPEMA,Ausência de reação do condutor,Engavetamento,Sem Vítimas,Pleno dia,Decrescente,Céu Claro,Dupla,Reta,Sim,3,0,0,0,3,0,0,3,-27.10123686,-48.61807962,SPRF-SC,DEL04-SC,UOP03-DEL04-SC,2021
"385922,0",2021-09-26,domingo,17:54:00,SC,101,"141,9",BALNEARIO CAMBORIU,Ausência de reação do condutor,Colisão lateral mesmo sentido,Com Vítimas Feridas,Pleno dia,Decrescente,Céu Claro,Dupla,Reta,Não,3,0,1,1,1,0,2,2,-27.04761729,-48.59995855,SPRF-SC,DEL04-SC,UOP03-DEL04-SC,2021
"385930,0",2021-09-26,domingo,17:10:00,SC,101,"141,2",ITAPEMA,Velocidade Incompatível,Colisão traseira,Com Vítimas Feridas,Pleno dia,Decrescente,Céu Claro,Simples,Reta,Não,2,0,1,0,1,0,1,2,-27.04761729,-48.59995855,SPRF-SC,DEL04-SC,UOP03-DEL04-SC,2021
"385943,0",2021-09-26,domingo,18:00:00,SC,153,"65,5",IRANI,Acessar a via sem observar a presença dos outros veículos,Colisão traseira,Com Vítimas Feridas,Pleno dia,Decrescente,Céu Claro,Simples,Curva,Sim,3,0,2,0,1,0,2,2,-27.02192971,-51.88545962,SPRF-SC,DEL07-SC,UOP04-DEL07-SC,2021
"385958,0",2021-09-26,domingo,19:30:00,SC,101,"201,2",SAO JOSE,Ingestão de álcool e/ou substâncias psicoativas pelo pedestre,Saída de leito carroçável,Sem Vítimas,Plena Noite,Decrescente,Céu Claro,Múltipla,Reta,Não,2,0,0,0,1,1,0,2,-27.54836599,-48.61977975,SPRF-SC,DEL01-SC,UOP01-DEL01-SC,2021
"385982,0",2021-09-26,domingo,20:10:00,SC,101,"378,1",ICARA,Pedestre andava na pista,Atropelamento de Pedestre,Com Vítimas Feridas,Plena Noite,Crescente,Céu Claro,Simples,Reta,Não,3,0,0,1,1,1,1,2,-28.74991099,-49.26793098,SPRF-SC,DEL02-SC,UOP02-DEL02-SC,2021
"385988,0",2021-09-26,domingo,21:05:00,SC,280,"117,6",SAO BENTO DO SUL,Ultrapassagem Indevida,Colisão frontal,Com Vítimas Feridas,Plena Noite,Crescente,Nublado,Simples,Curva,Não,7,0,7,0,0,0,7,2,-26.2747362,-49.42277912,SPRF-SC,DEL06-SC,UOP03-DEL06-SC,2021
"385989,0",2021-09-26,domingo,22:20:00,SC,280,"5,0",SAO FRANCISCO DO SUL,Acessar a via sem observar a presença dos outros veículos,Colisão transversal,Com Vítimas Feridas,Plena Noite,Crescente,Céu Claro,Simples,Reta,Sim,3,0,1,0,2,0,1,2,-26.26011706,-48.62571995,SPRF-SC,DEL03-SC,UOP03-DEL03-SC,2021
"385991,0",2021-09-26,domingo,19:10:00,SC,101,"318,2",PESCARIA BRAVA,Condutor deixou de manter distância do veículo da frente,Colisão traseira,Com Vítimas Feridas,Plena Noite,Crescente,Nublado,Dupla,Reta,Não,7,0,2,0,5,0,2,2,-28.428863,-48.879132,SPRF-SC,DEL02-SC,UOP01-DEL02-SC,2021
"386003,0",2021-09-26,domingo,21:10:00,SC,101,"278,1",IMBITUBA,Velocidade Incompatível,Capotamento,Sem Vítimas,Plena Noite,Crescente,Céu Claro,Dupla,Reta,Não,1,0,0,0,1,0,0,1,-28.16300604,-48.6939345,SPRF-SC,DEL02-SC,UOP03-DEL02-SC,2021
"386016,0",2021-09-27,segunda-feira,00:15:00,SC,116,"107,0",MONTE CASTELO,Velocidade Incompatível,Capotamento,Com Vítimas Feridas,Plena Noite,Decrescente,Nublado,Simples,Declive,Não,3,0,3,0,0,0,3,1,-26.75568818,-50.32812388,SPRF-SC,DEL06-SC,UOP02-DEL06-SC,2021
"386024,0",2021-09-27,segunda-feira,01:00:00,SC,470,"3,0",NAVEGANTES,Ingestão de álcool pelo condutor,Tombamento,Com Vítimas Feridas,Plena Noite,Crescente,Céu Claro,Simples,Reta;Em Obras,Não,1,0,1,0,0,0,1,1,-26.861937,-48.681618,SPRF-SC,DEL04-SC,UOP04-DEL04-SC,2021
"386050,0",2021-09-27,segunda-feira,07:30:00,SC,282,"17,0",PALHOCA,Acessar a via sem observar a presença dos outros veículos,Colisão transversal,Com Vítimas Feridas,Pleno dia,Decrescente,Sol,Simples,Reta,Não,2,0,1,0,1,0,1,2,-27.665707,-48.688065,SPRF-SC,DEL01-SC,UOP02-DEL01-SC,2021
"386052,0",2021-09-27,segunda-feira,07:20:00,SC,101,"443,4",SANTA ROSA DO SUL,Desrespeitar a preferência no cruzamento,Colisão lateral mesmo sentido,Com Vítimas Feridas,Amanhecer,Crescente,Nublado,Múltipla,Interseção de Vias,Sim,3,0,1,0,1,1,1,3,-29.13533174,-49.70815659,SPRF-SC,DEL02-SC,UOP02-DEL02-SC,2021
"386078,0",2021-09-27,segunda-feira,09:05:00,SC,101,"273,0",IMBITUBA,Reação tardia ou ineficiente do condutor,Colisão traseira,Com Vítimas Feridas,Pleno dia,Crescente,Céu Claro,Múltipla,Curva,Não,5,0,1,0,4,0,1,2,-28.12869904,-48.69356275,SPRF-SC,DEL02-SC,UOP03-DEL02-SC,2021
"386118,0",2021-09-27,segunda-feira,11:00:00,SC,280,"29,0",ARAQUARI,Transitar no acostamento,Colisão transversal,Com Vítimas Feridas,Pleno dia,Decrescente,Céu Claro,Simples,Reta,Sim,2,0,0,1,1,0,1,2,-26.41066264,-48.75295628,SPRF-SC,DEL03-SC,UOP03-DEL03-SC,2021
"386135,0",2021-09-27,segunda-feira,11:37:00,SC,470,"68,2",INDAIAL,Ausência de reação do condutor,Colisão com objeto,Com Vítimas Feridas,Pleno dia,Decrescente,Céu Claro,Dupla,Reta,Sim,1,0,1,0,0,0,1,1,-26.877615,-49.239231,SPRF-SC,DEL04-SC,UOP01-DEL04-SC,2021
"386139,0",2021-09-27,segunda-feira,15:20:00,SC,101,"207,5",SAO JOSE,Reação tardia ou ineficiente do condutor,Colisão traseira,Com Vítimas Feridas,Pleno dia,Decrescente,Céu Claro,Dupla,Aclive,Sim,2,0,1,0,1,0,1,2,-27.60001226,-48.6226467,SPRF-SC,DEL01-SC,UOP01-DEL01-SC,2021
"386167,0",2021-09-27,segunda-feira,17:30:00,SC,101,"206,3",SAO JOSE,Reação tardia ou ineficiente do condutor,Colisão traseira,Com Vítimas Feridas,Plena Noite,Crescente,Céu Claro,Múltipla,Reta,Sim,2,0,2,0,0,0,2,2,-27.59193546,-48.61824557,SPRF-SC,DEL01-SC,UOP01-DEL01-SC,2021
"386172,0",2021-09-27,segunda-feira,19:10:00,SC,101,"123,3",ITAJAI,Manobra de mudança de faixa,Colisão traseira,Com Vítimas Feridas,Plena Noite,Decrescente,Céu Claro,Múltipla,Reta;Interseção de Vias,Sim,5,0,1,2,1,1,3,4,-26.93668609,-48.69876905,SPRF-SC,DEL04-SC,UOP04-DEL04-SC,2021
"386179,0",2021-09-27,segunda-feira,19:35:00,SC,101,"123,0",ITAJAI,Ausência de reação do condutor,Colisão lateral mesmo sentido,Com Vítimas Feridas,Plena Noite,Crescente,Céu Claro,Simples,Interseção de Vias;Viaduto;Reta,Não,2,0,1,0,1,0,1,2,-26.93668609,-48.69876905,SPRF-SC,DEL04-SC,UOP04-DEL04-SC,2021
"386191,0",2021-09-27,segunda-feira,14:55:00,SC,282,"654,0",SAO MIGUEL DO OESTE,Frear bruscamente,Tombamento,Com Vítimas Feridas,Pleno dia,Crescente,Céu Claro,Simples,Reta,Não,2,0,2,0,0,0,2,2,-26.70812,-53.522144,SPRF-SC,DEL07-SC,UOP03-DEL07-SC,2021
"386237,0",2021-09-28,terça-feira,07:10:00,SC,282,"21,0",SANTO AMARO DA IMPERATRIZ,Condutor deixou de manter distância do veículo da frente,Colisão traseira,Com Vítimas Feridas,Pleno dia,Decrescente,Céu Claro,Simples,Reta,Sim,2,0,1,0,1,0,1,2,-27.68907,-48.717541,SPRF-SC,DEL01-SC,UOP02-DEL01-SC,2021
"386241,0",2021-09-28,terça-feira,07:50:00,SC,101,"213,3",PALHOCA,Desrespeitar a preferência no cruzamento,Colisão transversal,Com Vítimas Feridas,Pleno dia,Decrescente,Céu Claro,Múltipla,Reta,Sim,3,0,2,0,1,0,2,2,-27.63697369,-48.66514142,SPRF-SC,DEL01-SC,UOP02-DEL01-SC,2021
"386247,0",2021-09-28,terça-feira,07:50:00,SC,101,"193,0",BIGUACU,Manobra de mudança de faixa,Colisão traseira,Com Vítimas Feridas,Pleno dia,Crescente,Céu Claro,Dupla,Reta,Sim,1,0,1,0,0,0,1,1,-27.489574,-48.655914,SPRF-SC,DEL01-SC,UOP01-DEL01-SC,2021
"386260,0",2021-09-28,terça-feira,07:30:00,SC,101,"150,8",ITAPEMA,Reação tardia ou ineficiente do condutor,Saída de leito carroçável,Com Vítimas Feridas,Pleno dia,Crescente,Sol,Múltipla,Reta,Sim,1,0,1,0,0,0,1,1,-27.11744799,-48.60940987,SPRF-SC,DEL04-SC,UOP03-DEL04-SC,2021
"386267,0",2021-09-28,terça-feira,09:50:00,SC,101,"137,0",BALNEARIO CAMBORIU,Ingestão de substâncias psicoativas pelo condutor,Saída de leito carroçável,Sem Vítimas,Pleno dia,Crescente,Céu Claro,Dupla,Reta,Sim,1,0,0,0,0,1,0,1,-27.0157238,-48.61192763,SPRF-SC,DEL04-SC,UOP03-DEL04-SC,2021
"386274,0",2021-09-28,terça-feira,11:30:00,SC,282,"46,0",AGUAS MORNAS,Condutor deixou de manter distância do veículo da frente,Engavetamento,Com Vítimas Feridas,Pleno dia,Decrescente,Céu Claro,Simples,Curva,Não,3,0,0,1,2,0,1,3,-27.721041,-48.925152,SPRF-SC,DEL01-SC,UOP03-DEL01-SC,2021
"386287,0",2021-09-28,terça-feira,10:45:00,SC,282,"130,5",BOM RETIRO,Ultrapassagem Indevida,Saída de leito carroçável,Com Vítimas Feridas,Pleno dia,Crescente,Céu Claro,Simples,Curva,Não,1,0,1,0,0,0,1,1,-27.80734656,-49.53160286,SPRF-SC,DEL05-SC,UOP01-DEL05-SC,2021
"386338,0",2021-09-28,terça-feira,18:20:00,SC,280,"24,8",ARAQUARI,Transitar no acostamento,Colisão transversal,Com Vítimas Feridas,Plena Noite,Crescente,Garoa/Chuvisco,Simples,Reta,Sim,2,0,1,0,1,0,1,2,-26.37724921,-48.71953282,SPRF-SC,DEL03-SC,UOP03-DEL03-SC,2021
"386348,0",2021-09-28,terça-feira,20:00:00,SC,101,"209,9",SAO JOSE,Frear bruscamente,Colisão traseira,Com Vítimas Feridas,Plena Noite,Crescente,Nublado,Múltipla,Reta,Sim,2,0,1,0,1,0,1,2,-27.61000542,-48.63895057,SPRF-SC,DEL01-SC,UOP01-DEL01-SC,2021
"386373,0",2021-09-28,terça-feira,23:25:00,SC,101,"293,0",IMBITUBA,Avarias e/ou desgaste excessivo no pneu,Queda de ocupante de veículo,Com Vítimas Feridas,Plena Noite,Decrescente,Nublado,Dupla,Reta,Não,1,0,1,0,0,0,1,1,-28.2856298,-48.70438133,SPRF-SC,DEL02-SC,UOP03-DEL02-SC,2021
"386374,0",2021-09-28,terça-feira,22:30:00,SC,282,"16,0",PALHOCA,Ausência de reação do condutor,Saída de leito carroçável,Sem Vítimas,Plena Noite,Crescente,Chuva,Simples,Reta,Sim,1,0,0,0,0,1,0,1,-27.658611,-48.681847,SPRF-SC,DEL01-SC,UOP02-DEL01-SC,2021
"386383,0",2021-09-29,quarta-feira,05:15:00,SC,101,"206,1",SAO JOSE,Reação tardia ou ineficiente do condutor,Colisão traseira,Com Vítimas Feridas,Plena Noite,Decrescente,Chuva,Múltipla,Reta,Sim,3,0,0,3,0,0,3,2,-27.59193546,-48.61824557,SPRF-SC,DEL01-SC,UOP01-DEL01-SC,2021
"386404,0",2021-09-29,quarta-feira,07:25:00,SC,101,"208,6",SAO JOSE,Ausência de reação do condutor,Colisão lateral mesmo sentido,Com Vítimas Feridas,Pleno dia,Crescente,Céu Claro,Múltipla,Reta,Sim,3,0,2,0,1,0,2,2,-27.60327979,-48.63201818,SPRF-SC,DEL01-SC,UOP01-DEL01-SC,2021
"386405,0",2021-09-29,quarta-feira,07:15:00,SC,101,"208,5",SAO JOSE,Reação tardia ou ineficiente do condutor,Tombamento,Com Vítimas Feridas,Pleno dia,Crescente,Céu Claro,Múltipla,Reta,Sim,2,0,1,0,1,0,1,2,-27.60756101,-48.63643907,SPRF-SC,DEL01-SC,UOP01-DEL01-SC,2021
"386415,0",2021-09-29,quarta-feira,08:10:00,SC,101,"38,5",JOINVILLE,Desrespeitar a preferência no cruzamento,Colisão lateral mesmo sentido,Com Vítimas Feridas,Pleno dia,Decrescente,Nublado,Simples,Reta,Sim,3,0,1,0,2,0,1,2,-26.25472505,-48.90561309,SPRF-SC,DEL03-SC,UOP01-DEL03-SC,2021
"386421,0",2021-09-29,quarta-feira,09:15:00,SC,101,"201,3",SAO JOSE,Trafegar com motocicleta (ou similar) entre as faixas,Colisão lateral mesmo sentido,Com Vítimas Feridas,Pleno dia,Crescente,Sol,Múltipla,Reta,Sim,3,0,1,0,2,0,1,3,-27.54836599,-48.61977975,SPRF-SC,DEL01-SC,UOP01-DEL01-SC,2021
"386433,0",2021-09-29,quarta-feira,10:30:00,SC,470,"4,1",NAVEGANTES,Retorno proibido,Tombamento,Com Vítimas Feridas,Pleno dia,Decrescente,Céu Claro,Simples,Reta,Sim,2,0,1,0,1,0,1,2,-26.858473,-48.690788,SPRF-SC,DEL04-SC,UOP04-DEL04-SC,2021
"386448,0",2021-09-29,quarta-feira,12:00:00,SC,101,"331,0",TUBARAO,Desrespeitar a preferência no cruzamento,Colisão transversal,Com Vítimas Feridas,Pleno dia,Decrescente,Nublado,Simples,Interseção de Vias,Sim,2,0,1,0,1,0,1,2,-28.46600329,-48.99560094,SPRF-SC,DEL02-SC,UOP01-DEL02-SC,2021
"386472,0",2021-09-29,quarta-feira,14:45:00,SC,280,"29,3",ARAQUARI,Condutor deixou de manter distância do veículo da frente,Tombamento,Com Vítimas Feridas,Pleno dia,Crescente,Céu Claro,Simples,Reta,Sim,1,0,0,1,0,0,1,1,-26.41066264,-48.75295628,SPRF-SC,DEL03-SC,UOP03-DEL03-SC,2021
"386480,0",2021-09-29,quarta-feira,16:45:00,SC,470,"36,5",GASPAR,Acessar a via sem observar a presença dos outros veículos,Colisão frontal,Com Vítimas Feridas,Pleno dia,Crescente,Nublado,Simples,Reta,Não,2,0,1,0,1,0,1,2,-26.91447926,-48.97427201,SPRF-SC,DEL04-SC,UOP01-DEL04-SC,2021
"386496,0",2021-09-29,quarta-feira,18:00:00,SC,282,"4,0",FLORIANOPOLIS,Ausência de reação do condutor,Colisão traseira,Com Vítimas Feridas,Anoitecer,Crescente,Nublado,Dupla,Reta,Sim,3,0,1,0,2,0,1,2,-27.592646,-48.604034,SPRF-SC,DEL01-SC,UOP01-DEL01-SC,2021
"386516,0",2021-09-29,quarta-feira,20:00:00,SC,101,"202,2",SAO JOSE,Mal súbito do condutor,Tombamento,Com Vítimas Feridas,Plena Noite,Crescente,Céu Claro,Dupla,Reta,Sim,1,0,1,0,0,0,1,1,-27.55711595,-48.61897889,SPRF-SC,DEL01-SC,UOP01-DEL01-SC,2021
"386539,0",2021-08-25,quarta-feira,04:20:00,SC,282,"4,5",SAO JOSE,Acessar a via sem observar a presença dos outros veículos,Queda de ocupante de veículo,Com Vítimas Feridas,Plena Noite,Decrescente,Céu Claro,Múltipla,Reta,Sim,2,0,1,0,1,0,1,2,-27.59133787,-48.60722244,SPRF-SC,DEL01-SC,UOP01-DEL01-SC,2021