id,data_inversa,dia_semana,horario,uf,br,km,municipio,causa_acidente,tipo_acidente,classificacao_acidente,fase_dia,sentido_via,condicao_metereologica,tipo_pista,tracado_via,uso_solo,pessoas,mortos,feridos_leves,feridos_graves,ilesos,ignorados,feridos,veiculos,latitude,longitude,regional,delegacia,uop,ano_arquivo
"386565,0",2021-09-30,quinta-feira,04:15:00,SC,101,"159,0",PORTO BELO,Ausência de reação do condutor,Colisão traseira,Com Vítimas Feridas,Amanhecer,Decrescente,Nublado,Dupla,Reta,Sim,3,0,1,0,2,0,1,2,-27.1998778,-48.61534236,SPRF-SC,DEL04-SC,UOP03-DEL04-SC,2021
"386578,0",2021-09-30,quinta-feira,06:40:00,SC,101,"213,8",PALHOCA,Manobra de mudança de faixa,Colisão traseira,Com Vítimas Feridas,Pleno dia,Decrescente,Nublado,Dupla,Reta,Não,2,0,1,0,1,0,1,2,-27.63697369,-48.66514142,SPRF-SC,DEL01-SC,UOP02-DEL01-SC,2021
"386588,0",2021-09-30,quinta-feira,07:20:00,SC,280,"57,5",GUARAMIRIM,Acessar a via sem observar a presença dos outros veículos,Colisão traseira,Com Vítimas Feridas,Pleno dia,Decrescente,Nublado,Dupla,Rotatória,Sim,2,0,1,0,1,0,1,2,-26.47439538,-49.02013779,SPRF-SC,DEL03-SC,UOP03-DEL03-SC,2021
"386606,0",2021-09-30,quinta-feira,07:55:00,SC,101,"120,7",ITAJAI,Ausência de reação do condutor,Saída de leito carroçável,Com Vítimas Feridas,Pleno dia,Crescente,Céu Claro,Dupla,Reta,Não,2,0,2,0,0,0,2,1,-26.912758,-48.711998,SPRF-SC,DEL04-SC,UOP04-DEL04-SC,2021
"386620,0",2021-09-30,quinta-feira,09:22:00,SC,101,"205,1",SAO JOSE,Ausência de reação do condutor,Colisão traseira,Com Vítimas Feridas,Pleno dia,Decrescente,Nublado,Dupla,Reta,Sim,2,0,1,0,1,0,1,2,-27.58313237,-48.61532885,SPRF-SC,DEL01-SC,UOP01-DEL01-SC,2021
"386622,0",2021-09-30,quinta-feira,08:00:00,SC,470,"7,8",NAVEGANTES,Reação tardia ou ineficiente do condutor,Colisão com objeto,Com Vítimas Feridas,Pleno dia,Crescente,Céu Claro,Dupla,Declive;Interseção de Vias;Viaduto;Em Obras,Sim,1,0,1,0,0,0,1,1,-26.84499,-48.71505,SPRF-SC,DEL04-SC,UOP04-DEL04-SC,2021
"386624,0",2021-09-30,quinta-feira,10:05:00,SC,282,"17,2",PALHOCA,Ausência de reação do condutor,Colisão traseira,Com Vítimas Feridas,Pleno dia,Crescente,Nublado,Múltipla,Reta,Sim,2,0,0,1,1,0,1,2,-27.66803138,-48.69017243,SPRF-SC,DEL01-SC,UOP02-DEL01-SC,2021
"386648,0",2021-09-30,quinta-feira,13:45:00,SC,101,"201,0",SAO JOSE,Acessar a via sem observar a presença dos outros veículos,Colisão transversal,Com Vítimas Feridas,Pleno dia,Decrescente,Chuva,Simples,Reta,Não,2,0,1,0,1,0,1,2,-27.54836599,-48.61977975,SPRF-SC,DEL01-SC,UOP01-DEL01-SC,2021
"386656,0",2021-09-30,quinta-feira,12:15:00,SC,282,"424,9",VARGEM BONITA,Velocidade Incompatível,Colisão com objeto,Com Vítimas Feridas,Pleno dia,Crescente,Chuva,Simples,Curva,Não,2,0,2,0,0,0,2,1,-26.988014,-51.753124,SPRF-SC,DEL07-SC,UOP05-DEL07-SC,2021
"386692,0",2021-09-30,quinta-feira,05:30:00,SC,282,"633,0",DESCANSO,Velocidade Incompatível,Saída de leito carroçável,Com Vítimas Feridas,Plena Noite,Decrescente,Nublado,Simples,Declive;Curva,Não,1,0,0,1,0,0,1,1,-26.82567926,-53.4133172,SPRF-SC,DEL07-SC,UOP03-DEL07-SC,2021
"386699,0",2021-09-30,quinta-feira,19:30:00,SC,101,"94,6",BARRA VELHA,Manobra de mudança de faixa,Colisão lateral mesmo sentido,Sem Vítimas,Plena Noite,Crescente,Chuva,Dupla,Reta,Não,2,0,0,0,2,0,0,2,-26.69940401,-48.69902784,SPRF-SC,DEL03-SC,UOP02-DEL03-SC,2021
"386721,0",2021-09-30,quinta-feira,22:10:00,SC,470,"70,0",INDAIAL,Animais na Pista,Atropelamento de Animal,Com Vítimas Feridas,Plena Noite,Crescente,Chuva,Dupla,Reta;Em Obras,Sim,1,0,0,1,0,0,1,1,-26.889374,-49.254478,SPRF-SC,DEL04-SC,UOP01-DEL04-SC,2021
"386732,0",2021-10-01,sexta-feira,00:30:00,SC,101,"208,0",SAO JOSE,Manobra de mudança de faixa,Tombamento,Com Vítimas Feridas,Plena Noite,Crescente,Chuva,Múltipla,Curva;Interseção de Vias,Sim,2,0,1,0,0,1,1,2,-27.60327979,-48.63201818,SPRF-SC,DEL01-SC,UOP01-DEL01-SC,2021
"386748,0",2021-09-30,quinta-feira,19:00:00,SC,101,"433,0",SOMBRIO,Manobra de mudança de faixa,Colisão traseira,Com Vítimas Feridas,Plena Noite,Crescente,Chuva,Múltipla,Reta,Sim,2,0,1,0,1,0,1,2,-29.08200809,-49.6297237,SPRF-SC,DEL02-SC,UOP02-DEL02-SC,2021
"386754,0",2021-10-01,sexta-feira,05:15:00,SC,280,"52,3",GUARAMIRIM,Conversão proibida,Colisão transversal,Com Vítimas Feridas,Amanhecer,Crescente,Chuva,Simples,Reta,Não,2,0,2,0,0,0,2,2,-26.468904,-48.96492,SPRF-SC,DEL03-SC,UOP03-DEL03-SC,2021
"386756,0",2021-09-30,quinta-feira,20:50:00,SC,101,"355,7",SANGAO,Ingestão de álcool e/ou substâncias psicoativas pelo pedestre,Tombamento,Com Vítimas Feridas,Plena Noite,Decrescente,Chuva,Dupla,Reta,Não,1,0,1,0,0,0,1,1,-28.62380715,-49.07828489,SPRF-SC,DEL02-SC,UOP01-DEL02-SC,2021
"386767,0",2021-10-01,sexta-feira,06:20:00,SC,101,"155,0",PORTO BELO,Ausência de reação do condutor,Tombamento,Com Vítimas Feridas,Amanhecer,Crescente,Garoa/Chuvisco,Simples,Curva,Não,1,0,1,0,0,0,1,1,-27.16292,-48.61129,SPRF-SC,DEL04-SC,UOP03-DEL04-SC,2021
"386786,0",2021-10-01,sexta-feira,06:55:00,SC,280,"126,8",RIO NEGRINHO,Acessar a via sem observar a presença dos outros veículos,Colisão transversal,Com Vítimas Feridas,Amanhecer,Decrescente,Chuva,Simples,Aclive;Reta,Sim,2,0,1,0,1,0,1,2,-26.23779604,-49.49427399,SPRF-SC,DEL06-SC,UOP03-DEL06-SC,2021
"386789,0",2021-10-01,sexta-feira,08:40:00,SC,101,"202,8",SAO JOSE,Ausência de reação do condutor,Tombamento,Com Vítimas Feridas,Pleno dia,Crescente,Garoa/Chuvisco,Múltipla,Reta,Sim,1,0,1,0,0,0,1,1,-27.55711595,-48.61897889,SPRF-SC,DEL01-SC,UOP01-DEL01-SC,2021
"386798,0",2021-10-01,sexta-feira,09:10:00,SC,101,"413,8",ARARANGUA,Ausência de reação do condutor,Tombamento,Com Vítimas Feridas,Pleno dia,Decrescente,Nublado,Dupla,Reta,Sim,2,0,1,0,1,0,1,1,-28.94605997,-49.50428402,SPRF-SC,DEL02-SC,UOP02-DEL02-SC,2021
"386811,0",2021-10-01,sexta-feira,08:30:00,SC,101,"57,1",ARAQUARI,Reação tardia ou ineficiente do condutor,Tombamento,Com Vítimas Feridas,Pleno dia,Decrescente,Chuva,Dupla,Curva,Não,1,0,1,0,0,0,1,1,-26.43702115,-48.8087368,SPRF-SC,DEL03-SC,UOP01-DEL03-SC,2021
"386824,0",2021-10-01,sexta-feira,11:50:00,SC,101,"213,1",PALHOCA,Ausência de reação do condutor,Colisão transversal,Com Vítimas Feridas,Pleno dia,Decrescente,Nublado,Múltipla,Reta,Sim,2,0,1,0,1,0,1,2,-27.63697369,-48.66514142,SPRF-SC,DEL01-SC,UOP02-DEL01-SC,2021
"386836,0",2021-10-01,sexta-feira,12:00:00,SC,116,"5,5",MAFRA,Desrespeitar a preferência no cruzamento,Queda de ocupante de veículo,Com Vítimas Feridas,Pleno dia,Crescente,Céu Claro,Simples,Interseção de Vias,Não,1,0,1,0,0,0,1,1,-26.14094396,-49.81508303,SPRF-SC,DEL06-SC,UOP01-DEL06-SC,2021
"386850,0",2021-10-01,sexta-feira,13:10:00,SC,280,"198,5",MAFRA,Velocidade Incompatível,Colisão frontal,Com Vítimas Feridas,Pleno dia,Decrescente,Chuva,Simples,Declive,Não,7,0,1,0,6,0,1,2,-26.17672999,-50.053464,SPRF-SC,DEL06-SC,UOP01-DEL06-SC,2021
"386853,0",2021-10-01,sexta-feira,14:40:00,SC,101,"213,0",PALHOCA,Condutor deixou de manter distância do veículo da frente,Colisão traseira,Com Vítimas Feridas,Pleno dia,Decrescente,Nublado,Dupla,Reta,Sim,5,0,1,0,3,1,1,4,-27.63697369,-48.66514142,SPRF-SC,DEL01-SC,UOP02-DEL01-SC,2021
"386869,0",2021-10-01,sexta-feira,14:25:00,SC,282,"506,0",XANXERE,Acessar a via sem observar a presença dos outros veículos,Colisão transversal,Sem Vítimas,Pleno dia,Decrescente,Nublado,Dupla,Interseção de Vias,Sim,2,0,0,0,2,0,0,2,-26.885712,-52.42907,SPRF-SC,DEL07-SC,UOP01-DEL07-SC,2021
"386914,0",2021-10-01,sexta-feira,18:00:00,SC,470,"152,8",AGRONOMICA,Acessar a via sem observar a presença dos outros veículos,Colisão transversal,Com Vítimas Feridas,Anoitecer,Decrescente,Nublado,Simples,Reta,Não,2,0,1,0,1,0,1,2,-27.266434,-49.727642,SPRF-SC,DEL04-SC,UOP02-DEL04-SC,2021
"386916,0",2021-10-01,sexta-feira,07:15:00,SC,282,"596,5",CUNHA PORA,Acumulo de água sobre o pavimento,Saída de leito carroçável,Com Vítimas Feridas,Pleno dia,Decrescente,Chuva,Simples,Reta,Não,2,0,1,0,1,0,1,1,-26.829437,-53.127995,SPRF-SC,DEL07-SC,UOP02-DEL07-SC,2021
"386917,0",2021-10-01,sexta-feira,11:45:00,SC,158,"107,0",CUNHA PORA,Ultrapassagem Indevida,Saída de leito carroçável,Com Vítimas Feridas,Pleno dia,Crescente,Chuva,Simples,Curva,Não,1,0,1,0,0,0,1,1,-26.87195078,-53.1625325,SPRF-SC,DEL07-SC,UOP02-DEL07-SC,2021
"386920,0",2021-10-01,sexta-feira,15:20:00,SC,163,"105,7",SAO JOSE DO CEDRO,Transitar na contramão,Colisão frontal,Com Vítimas Feridas,Pleno dia,Crescente,Garoa/Chuvisco,Simples,Reta;Em Obras,Não,3,0,2,0,1,0,2,2,-26.4392211,-53.51569176,SPRF-SC,DEL07-SC,UOP03-DEL07-SC,2021
"386935,0",2021-10-01,sexta-feira,19:00:00,SC,101,"144,0",ITAPEMA,Ingestão de álcool pelo condutor,Colisão com objeto,Sem Vítimas,Anoitecer,Decrescente,Céu Claro,Dupla,Curva,Sim,2,0,0,0,2,0,0,2,-27.0732659,-48.59672716,SPRF-SC,DEL04-SC,UOP03-DEL04-SC,2021
"386965,0",2021-10-01,sexta-feira,18:10:00,SC,280,"25,0",ARAQUARI,Condutor deixou de manter distância do veículo da frente,Colisão traseira,Sem Vítimas,Anoitecer,Decrescente,Céu Claro,Simples,Reta;Em Obras,Sim,2,0,0,0,2,0,0,2,-26.38352781,-48.72677516,SPRF-SC,DEL03-SC,UOP03-DEL03-SC,2021
"386996,0",2021-10-02,sábado,02:30:00,SC,470,"132,6",RIO DO SUL,Condutor deixou de manter distância do veículo da frente,Colisão traseira,Sem Vítimas,Plena Noite,Crescente,Nublado,Simples,Reta,Não,2,0,0,0,2,0,0,2,-27.170237,-49.574718,SPRF-SC,DEL04-SC,UOP02-DEL04-SC,2021
"386999,0",2021-10-02,sábado,03:00:00,SC,101,"331,0",TUBARAO,Ingestão de álcool pelo condutor,Colisão com objeto,Sem Vítimas,Plena Noite,Decrescente,Nublado,Dupla,Reta,Sim,1,0,0,0,1,0,0,1,-28.45567521,-48.9812689,SPRF-SC,DEL02-SC,UOP01-DEL02-SC,2021
"387008,0",2021-10-02,sábado,04:30:00,SC,282,"506,0",XANXERE,Ingestão de álcool pelo condutor,Colisão frontal,Sem Vítimas,Plena Noite,Crescente,Céu Claro,Dupla,Reta,Não,3,0,0,0,2,1,0,2,-26.885712,-52.42907,SPRF-SC,DEL07-SC,UOP01-DEL07-SC,2021
"387009,0",2021-10-02,sábado,04:30:00,SC,101,"322,8",LAGUNA,Ingestão de álcool pelo condutor,Tombamento,Com Vítimas Feridas,Plena Noite,Crescente,Nublado,Simples,Reta,Não,1,0,1,0,0,0,1,1,-28.42491971,-48.90238108,SPRF-SC,DEL02-SC,UOP01-DEL02-SC,2021
"387017,0",2021-10-02,sábado,04:00:00,SC,470,"169,3",POUSO REDONDO,Ingestão de álcool pelo condutor,Colisão frontal,Sem Vítimas,Plena Noite,Decrescente,Nublado,Simples,Reta,Não,2,0,0,0,1,1,0,2,-27.265471,-49.882442,SPRF-SC,DEL04-SC,UOP02-DEL04-SC,2021
"387022,0",2021-10-02,sábado,01:20:00,SC,470,"67,0",INDAIAL,Ingestão de álcool pelo condutor,Saída de leito carroçável,Com Vítimas Feridas,Plena Noite,Decrescente,Nublado,Simples,Curva,Sim,3,0,3,0,0,0,3,1,-26.872158,-49.23127,SPRF-SC,DEL04-SC,UOP01-DEL04-SC,2021
"387030,0",2021-10-02,sábado,04:10:00,SC,101,"114,7",ITAJAI,Ausência de reação do condutor,Saída de leito carroçável,Sem Vítimas,Amanhecer,Crescente,Céu Claro,Dupla,Reta,Não,1,0,0,0,0,1,0,1,-26.86192886,-48.7286704,SPRF-SC,DEL04-SC,UOP04-DEL04-SC,2021
"387060,0",2021-10-02,sábado,11:00:00,SC,101,"340,0",TUBARAO,Ingestão de álcool pelo condutor,Colisão traseira,Com Vítimas Feridas,Pleno dia,Decrescente,Nublado,Dupla,Reta,Sim,4,0,2,0,0,2,2,3,-28.51202037,-49.05132343,SPRF-SC,DEL02-SC,UOP01-DEL02-SC,2021
"387076,0",2021-10-02,sábado,12:10:00,SC,101,"208,0",SAO JOSE,Manobra de mudança de faixa,Colisão lateral mesmo sentido,Com Vítimas Feridas,Pleno dia,Crescente,Céu Claro,Dupla,Reta,Sim,2,0,1,0,1,0,1,2,-27.60327979,-48.63201818,SPRF-SC,DEL01-SC,UOP01-DEL01-SC,2021
"387080,0",2021-10-02,sábado,13:00:00,SC,101,"216,8",PALHOCA,Pista Escorregadia,Tombamento,Com Vítimas Feridas,Pleno dia,Decrescente,Nublado,Múltipla,Reta,Sim,1,0,0,1,0,0,1,1,-27.66636851,-48.67426157,SPRF-SC,DEL01-SC,UOP02-DEL01-SC,2021
"387085,0",2021-10-02,sábado,11:45:00,SC,470,"57,0",BLUMENAU,Ultrapassagem Indevida,Colisão transversal,Com Vítimas Feridas,Pleno dia,Crescente,Céu Claro,Simples,Reta,Não,4,0,1,1,2,0,2,2,-26.880428,-49.136532,SPRF-SC,DEL04-SC,UOP01-DEL04-SC,2021
"387126,0",2021-10-02,sábado,15:30:00,SC,101,"136,9",BALNEARIO CAMBORIU,Ingestão de álcool pelo condutor,Colisão traseira,Com Vítimas Feridas,Pleno dia,Decrescente,Céu Claro,Dupla,Reta,Não,2,0,1,0,1,0,1,2,-27.008113,-48.617245,SPRF-SC,DEL04-SC,UOP03-DEL04-SC,2021
"387145,0",2021-09-21,terça-feira,20:00:00,SC,101,"213,2",PALHOCA,Ausência de sinalização,Colisão transversal,Com Vítimas Feridas,Plena Noite,Decrescente,Nublado,Dupla,Interseção de Vias,Sim,3,0,0,1,2,0,1,3,-27.63961557,-48.66667132,SPRF-SC,DEL01-SC,UOP02-DEL01-SC,2021
"387150,0",2021-10-02,sábado,17:55:00,SC,480,"128,9",CHAPECO,Manobra de mudança de faixa,Saída de leito carroçável,Sem Vítimas,Anoitecer,Crescente,Céu Claro,Dupla,Reta,Sim,3,0,0,0,3,0,0,1,-27.03781899,-52.63432603,SPRF-SC,DEL07-SC,UOP01-DEL07-SC,2021
"387174,0",2021-10-02,sábado,15:55:00,SC,470,"120,0",LONTRAS,Velocidade Incompatível,Colisão traseira,Com Vítimas Feridas,Pleno dia,Crescente,Céu Claro,Simples,Reta,Não,4,0,2,0,2,0,2,3,-27.089924,-49.520416,SPRF-SC,DEL04-SC,UOP02-DEL04-SC,2021
"387184,0",2021-10-02,sábado,19:30:00,SC,282,"453,0",PONTE SERRADA,Ingestão de álcool pelo condutor,Saída de leito carroçável,Com Vítimas Feridas,Plena Noite,Decrescente,Céu Claro,Simples,Reta,Não,1,0,1,0,0,0,1,1,-26.89823,-51.976665,SPRF-SC,DEL07-SC,UOP04-DEL07-SC,2021
"387185,0",2021-10-02,sábado,22:25:00,SC,101,"325,5",CAPIVARI DE BAIXO,Ingestão de álcool pelo condutor,Colisão lateral mesmo sentido,Sem Vítimas,Plena Noite,Decrescente,Nublado,Múltipla,Reta,Sim,2,0,0,0,2,0,0,2,-28.42909053,-48.94987464,SPRF-SC,DEL02-SC,UOP01-DEL02-SC,2021
"387188,0",2021-10-02,sábado,22:10:00,SC,101,"2,0",NAVEGANTES,Retorno proibido,Saída de leito carroçável,Com Vítimas Feridas,Plena Noite,Decrescente,Nublado,Simples,Interseção de Vias,Não,1,0,1,0,0,0,1,1,-26.86847326,-48.67510026,SPRF-SC,DEL03-SC,UOP01-DEL03-SC,2021
"387199,0",2021-10-02,sábado,22:50:00,SC,101,"6,0",GARUVA,Transitar na contramão,Colisão transversal,Com Vítimas Feridas,Pleno dia,Crescente,Nublado,Dupla,Interseção de Vias,Sim,2,0,1,0,1,0,1,2,-26.02692002,-48.86142017,SPRF-SC,DEL03-SC,UOP01-DEL03-SC,2021
"387205,0",2021-10-03,domingo,00:50:00,SC,101,"417,3",ARARANGUA,Iluminação deficiente,Colisão com objeto,Com Vítimas Feridas,Plena Noite,Crescente,Garoa/Chuvisco,Múltipla,Reta,Sim,5,0,4,0,1,0,4,1,-28.97376391,-49.53023409,SPRF-SC,DEL02-SC,UOP02-DEL02-SC,2021
"387228,0",2021-10-03,domingo,03:20:00,SC,101,"201,0",SAO JOSE,Velocidade Incompatível,Colisão com objeto,Sem Vítimas,Plena Noite,Decrescente,Céu Claro,Múltipla,Reta,Sim,1,0,0,0,1,0,0,1,-27.54836599,-48.61977975,SPRF-SC,DEL01-SC,UOP01-DEL01-SC,2021
"387233,0",2021-10-03,domingo,01:00:00,SC,470,"242,3",CURITIBANOS,Transitar na contramão,Colisão traseira,Com Vítimas Feridas,Plena Noite,Crescente,Nublado,Simples,Curva,Não,4,0,2,0,2,0,2,2,-27.311794,-50.498703,SPRF-SC,DEL05-SC,UOP03-DEL05-SC,2021
"387234,0",2021-10-02,sábado,22:05:00,SC,116,"210,0",PONTE ALTA,Ingestão de álcool pelo condutor,Capotamento,Com Vítimas Feridas,Plena Noite,Decrescente,Céu Claro,Simples,Curva,Não,1,0,1,0,0,0,1,1,-27.50285695,-50.36575969,SPRF-SC,DEL05-SC,UOP03-DEL05-SC,2021
"387285,0",2021-10-03,domingo,06:15:00,SC,282,"566,9",NOVA ERECHIM,Ingestão de álcool pelo condutor,Saída de leito carroçável,Sem Vítimas,Amanhecer,Crescente,Chuva,Simples,Reta,Não,2,0,0,0,2,0,0,1,-26.905043,-52.89735,SPRF-SC,DEL07-SC,UOP02-DEL07-SC,2021
"387322,0",2021-10-03,domingo,13:20:00,SC,116,"7,0",MAFRA,Acessar a via sem observar a presença dos outros veículos,Colisão transversal,Sem Vítimas,Pleno dia,Decrescente,Chuva,Simples,Reta,Sim,3,0,0,0,3,0,0,2,-26.1528763,-49.83188152,SPRF-SC,DEL06-SC,UOP01-DEL06-SC,2021
"387323,0",2021-10-03,domingo,13:30:00,SC,101,"280,0",IMBITUBA,Acessar a via sem observar a presença dos outros veículos,Colisão transversal,Com Vítimas Feridas,Pleno dia,Crescente,Nublado,Múltipla,Reta;Interseção de Vias,Não,2,0,1,0,1,0,1,2,-28.19365257,-48.69758606,SPRF-SC,DEL02-SC,UOP03-DEL02-SC,2021
"387326,0",2021-10-03,domingo,14:00:00,SC,101,"124,0",ITAJAI,Avarias e/ou desgaste excessivo no pneu,Tombamento,Com Vítimas Feridas,Pleno dia,Crescente,Nublado,Múltipla,Reta,Sim,2,0,2,0,0,0,2,1,-26.94335064,-48.69198648,SPRF-SC,DEL04-SC,UOP04-DEL04-SC,2021
"387339,0",2021-10-03,domingo,11:25:00,SC,282,"394,9",JOACABA,Pista Escorregadia,Saída de leito carroçável,Sem Vítimas,Pleno dia,Decrescente,Chuva,Simples,Curva,Não,1,0,0,0,1,0,0,1,-27.16017,-51.58284,SPRF-SC,DEL07-SC,UOP05-DEL07-SC,2021
"387385,0",2021-10-03,domingo,19:15:00,SC,101,"213,0",PALHOCA,Frear bruscamente,Engavetamento,Com Vítimas Feridas,Plena Noite,Decrescente,Céu Claro,Múltipla,Reta,Sim,4,0,1,0,3,0,1,3,-27.63697369,-48.66514142,SPRF-SC,DEL01-SC,UOP02-DEL01-SC,2021
"387388,0",2021-10-03,domingo,17:15:00,SC,158,"101,0",CUNHA PORA,Ultrapassagem Indevida,Colisão traseira,Com Vítimas Feridas,Anoitecer,Decrescente,Chuva,Simples,Reta,Não,6,0,1,1,3,1,2,4,-26.83661705,-53.17563409,SPRF-SC,DEL07-SC,UOP02-DEL07-SC,2021
"387390,0",2021-10-03,domingo,19:10:00,SC,280,"23,8",ARAQUARI,Desrespeitar a preferência no cruzamento,Colisão transversal,Com Vítimas Feridas,Plena Noite,Crescente,Nublado,Simples,Reta,Não,2,0,0,1,1,0,1,2,-26.37146,-48.711887,SPRF-SC,DEL03-SC,UOP03-DEL03-SC,2021
"387418,0",2021-10-03,domingo,17:10:00,SC,282,"590,0",PINHALZINHO,Condutor deixou de manter distância do veículo da frente,Colisão traseira,Com Vítimas Feridas,Anoitecer,Crescente,Chuva,Simples,Reta,Não,3,0,2,0,1,0,2,2,-26.825788,-53.072556,SPRF-SC,DEL07-SC,UOP02-DEL07-SC,2021
"387444,0",2021-10-03,domingo,21:00:00,SC,480,"129,0",CHAPECO,Ingestão de álcool pelo condutor,Colisão frontal,Com Vítimas Feridas,Plena Noite,Crescente,Chuva,Simples,Reta,Sim,3,0,0,1,2,0,1,2,-27.04656607,-52.63577131,SPRF-SC,DEL07-SC,UOP01-DEL07-SC,2021
"387449,0",2021-10-03,domingo,20:20:00,SC,101,"435,5",SOMBRIO,Desrespeitar a preferência no cruzamento,Colisão transversal,Com Vítimas Feridas,Plena Noite,Crescente,Nublado,Simples,Rotatória,Sim,2,0,1,0,1,0,1,2,-29.11167575,-49.63880539,SPRF-SC,DEL02-SC,UOP02-DEL02-SC,2021
"387455,0",2021-10-03,domingo,21:00:00,SC,282,"640,8",DESCANSO,Ingestão de álcool pelo condutor,Colisão frontal,Com Vítimas Feridas,Plena Noite,Decrescente,Chuva,Simples,Reta,Não,4,0,1,1,2,0,2,2,-26.779519,-53.46069,SPRF-SC,DEL07-SC,UOP03-DEL07-SC,2021
"387466,0",2021-10-04,segunda-feira,00:25:00,SC,101,"227,0",PALHOCA,Ausência de reação do condutor,Capotamento,Com Vítimas Feridas,Plena Noite,Crescente,Nublado,Dupla,Reta,Não,1,0,1,0,0,0,1,1,-27.7509149,-48.63460277,SPRF-SC,DEL01-SC,UOP02-DEL01-SC,2021
"387470,0",2021-10-04,segunda-feira,00:10:00,SC,101,"134,7",BALNEARIO CAMBORIU,Manobra de mudança de faixa,Colisão lateral mesmo sentido,Sem Vítimas,Plena Noite,Crescente,Nublado,Dupla,Reta,Não,3,0,0,0,2,1,0,2,-27.00218,-48.636433,SPRF-SC,DEL04-SC,UOP03-DEL04-SC,2021
"387471,0",2021-10-04,segunda-feira,01:00:00,SC,101,"88,2",BARRA VELHA,Velocidade Incompatível,Colisão com objeto,Sem Vítimas,Plena Noite,Decrescente,Nublado,Múltipla,Reta;Interseção de Vias,Sim,2,0,0,0,1,1,0,2,-26.65139982,-48.68678212,SPRF-SC,DEL03-SC,UOP02-DEL03-SC,2021
"387490,0",2021-10-04,segunda-feira,06:50:00,SC,101,"204,0",SAO JOSE,Trafegar com motocicleta (ou similar) entre as faixas,Queda de ocupante de veículo,Com Vítimas Feridas,Pleno dia,Decrescente,Céu Claro,Múltipla,Reta,Sim,1,0,1,0,0,0,1,1,-27.57413014,-48.61363083,SPRF-SC,DEL01-SC,UOP01-DEL01-SC,2021
"387498,0",2021-10-04,segunda-feira,07:50:00,SC,101,"202,5",SAO JOSE,Ausência de reação do condutor,Colisão traseira,Com Vítimas Feridas,Pleno dia,Crescente,Nublado,Dupla,Reta,Sim,3,0,2,0,1,0,2,2,-27.55711595,-48.61897889,SPRF-SC,DEL01-SC,UOP01-DEL01-SC,2021
"387523,0",2021-10-04,segunda-feira,09:40:00,SC,101,"144,0",ITAPEMA,Mal súbito do condutor,Capotamento,Com Vítimas Feridas,Pleno dia,Decrescente,Nublado,Dupla,Reta,Sim,1,0,1,0,0,0,1,1,-27.0732659,-48.59672716,SPRF-SC,DEL04-SC,UOP03-DEL04-SC,2021
"387535,0",2021-10-04,segunda-feira,11:10:00,SC,470,"57,3",BLUMENAU,Ausência de reação do condutor,Colisão lateral mesmo sentido,Com Vítimas Feridas,Pleno dia,Crescente,Chuva,Simples,Reta,Não,2,0,1,0,1,0,1,2,-26.880428,-49.136532,SPRF-SC,DEL04-SC,UOP01-DEL04-SC,2021
"387585,0",2021-10-04,segunda-feira,14:40:00,SC,101,"155,5",PORTO BELO,Transitar na contramão,Colisão frontal,Com Vítimas Feridas,Pleno dia,Decrescente,Chuva,Simples,Reta,Sim,2,0,1,0,1,0,1,2,-27.16292,-48.61129,SPRF-SC,DEL04-SC,UOP03-DEL04-SC,2021
"387588,0",2021-10-04,segunda-feira,10:30:00,SC,101,"98,8",BALNEARIO PICARRAS,Velocidade Incompatível,Saída de leito carroçável,Com Vítimas Feridas,Pleno dia,Crescente,Chuva,Dupla,Curva,Não,1,0,1,0,0,0,1,1,-26.73760897,-48.69918789,SPRF-SC,DEL03-SC,UOP02-DEL03-SC,2021
"387603,0",2021-10-04,segunda-feira,16:35:00,SC,101,"158,0",PORTO BELO,Velocidade Incompatível,Colisão traseira,Com Vítimas Feridas,Pleno dia,Decrescente,Garoa/Chuvisco,Dupla,Reta,Sim,3,0,1,0,2,0,1,2,-27.19096301,-48.61259017,SPRF-SC,DEL04-SC,UOP03-DEL04-SC,2021
"387653,0",2021-10-04,segunda-feira,22:20:00,SC,282,"46,0",RANCHO QUEIMADO,Ultrapassagem Indevida,Saída de leito carroçável,Com Vítimas Feridas,Plena Noite,Decrescente,Nublado,Simples,Curva,Não,1,0,1,0,0,0,1,1,-27.69690422,-48.96469116,SPRF-SC,DEL01-SC,UOP03-DEL01-SC,2021
"387675,0",2021-10-05,terça-feira,05:30:00,SC,153,"105,1",CONCORDIA,Reação tardia ou ineficiente do condutor,Saída de leito carroçável,Com Vítimas Feridas,Amanhecer,Decrescente,Nevoeiro/Neblina,Simples,Curva,Não,2,0,1,0,1,0,1,1,-27.2819,-51.969429,SPRF-SC,DEL07-SC,UOP04-DEL07-SC,2021
"387691,0",2021-10-05,terça-feira,06:50:00,SC,101,"131,0",BALNEARIO CAMBORIU,Reação tardia ou ineficiente do condutor,Colisão frontal,Com Vítimas Feridas,Pleno dia,Crescente,Nublado,Simples,Reta,Sim,2,0,0,1,1,0,1,2,-26.99064209,-48.66310912,SPRF-SC,DEL04-SC,UOP03-DEL04-SC,2021
"387705,0",2021-09-07,terça-feira,20:20:00,SC,282,"458,1",PONTE SERRADA,Transitar na contramão,Colisão lateral sentido oposto,Com Vítimas Feridas,Plena Noite,Crescente,Céu Claro,Simples,Curva,Não,3,0,2,1,0,0,3,2,-26.872128,-52.019024,SPRF-SC,DEL07-SC,UOP04-DEL07-SC,2021