id,data_inversa,dia_semana,horario,uf,br,km,municipio,causa_acidente,tipo_acidente,classificacao_acidente,fase_dia,sentido_via,condicao_metereologica,tipo_pista,tracado_via,uso_solo,pessoas,mortos,feridos_leves,feridos_graves,ilesos,ignorados,feridos,veiculos,latitude,longitude,regional,delegacia,uop,ano_arquivo
"387718,0",2021-09-10,sexta-feira,04:40:00,SC,470,"41,0",GASPAR,Obras na pista,Queda de ocupante de veículo,Com Vítimas Feridas,Plena Noite,Decrescente,Ignorado,Simples,Reta,Não,1,0,0,1,0,0,1,1,-26.89727192,-48.98803711,SPRF-SC,DEL04-SC,UOP01-DEL04-SC,2021
"387721,0",2021-10-05,terça-feira,10:20:00,SC,470,"40,0",GASPAR,Condutor Dormindo,Colisão frontal,Com Vítimas Feridas,Pleno dia,Crescente,Céu Claro,Simples,Reta,Sim,4,0,3,1,0,0,4,2,-26.889574,-48.99094,SPRF-SC,DEL04-SC,UOP01-DEL04-SC,2021
"387744,0",2021-09-06,segunda-feira,11:40:00,SC,282,"647,0",SAO MIGUEL DO OESTE,Acessar a via sem observar a presença dos outros veículos,Colisão transversal,Com Vítimas Feridas,Pleno dia,Crescente,Nublado,Dupla,Interseção de Vias,Sim,2,0,1,0,1,0,1,2,-26.756721,-53.500633,SPRF-SC,DEL07-SC,UOP03-DEL07-SC,2021
"387748,0",2021-09-11,sábado,18:10:00,SC,101,"411,0",ARARANGUA,Acessar a via sem observar a presença dos outros veículos,Colisão transversal,Com Vítimas Feridas,Plena Noite,Decrescente,Céu Claro,Simples,Interseção de Vias,Sim,2,0,0,1,1,0,1,2,-28.93112097,-49.4940421,SPRF-SC,DEL02-SC,UOP02-DEL02-SC,2021
"387754,0",2021-10-05,terça-feira,14:10:00,SC,101,"211,5",PALHOCA,Avarias e/ou desgaste excessivo no pneu,Tombamento,Com Vítimas Feridas,Pleno dia,Decrescente,Sol,Múltipla,Reta,Sim,1,0,1,0,0,0,1,1,-27.62432804,-48.65292728,SPRF-SC,DEL01-SC,UOP02-DEL01-SC,2021
"387791,0",2021-10-05,terça-feira,18:30:00,SC,101,"132,0",BALNEARIO CAMBORIU,Acessar a via sem observar a presença dos outros veículos,Colisão transversal,Com Vítimas Feridas,Anoitecer,Decrescente,Céu Claro,Múltipla,Interseção de Vias,Sim,2,0,0,1,1,0,1,2,-26.99654133,-48.65564711,SPRF-SC,DEL04-SC,UOP03-DEL04-SC,2021
"387871,0",2021-10-06,quarta-feira,07:00:00,SC,101,"136,0",BALNEARIO CAMBORIU,Acessar a via sem observar a presença dos outros veículos,Colisão lateral mesmo sentido,Com Vítimas Feridas,Pleno dia,Decrescente,Nublado,Dupla,Reta,Sim,2,0,2,0,0,0,2,2,-27.008113,-48.617245,SPRF-SC,DEL04-SC,UOP03-DEL04-SC,2021
"387879,0",2021-10-06,quarta-feira,07:15:00,SC,280,"59,0",GUARAMIRIM,Acessar a via sem observar a presença dos outros veículos,Colisão transversal,Com Vítimas Feridas,Pleno dia,Crescente,Nublado,Dupla,Reta,Sim,2,0,1,0,1,0,1,2,-26.47525778,-49.03098916,SPRF-SC,DEL03-SC,UOP03-DEL03-SC,2021
"387930,0",2021-10-06,quarta-feira,15:15:00,SC,101,"123,0",ITAJAI,Chuva,Colisão traseira,Com Vítimas Feridas,Pleno dia,Decrescente,Chuva,Múltipla,Viaduto,Sim,2,0,1,0,1,0,1,2,-26.93668609,-48.69876905,SPRF-SC,DEL04-SC,UOP04-DEL04-SC,2021
"387947,0",2021-10-06,quarta-feira,16:00:00,SC,280,"23,0",ARAQUARI,Acessar a via sem observar a presença dos outros veículos,Colisão transversal,Com Vítimas Feridas,Pleno dia,Decrescente,Nublado,Simples,Reta,Não,2,0,1,0,1,0,1,2,-26.37146,-48.711887,SPRF-SC,DEL03-SC,UOP03-DEL03-SC,2021
"387952,0",2021-10-06,quarta-feira,17:10:00,SC,101,"138,0",BALNEARIO CAMBORIU,Reação tardia ou ineficiente do condutor,Colisão com objeto,Com Vítimas Feridas,Pleno dia,Decrescente,Chuva,Múltipla,Reta,Sim,1,0,1,0,0,0,1,1,-27.02397426,-48.60761649,SPRF-SC,DEL04-SC,UOP03-DEL04-SC,2021
"387958,0",2021-10-06,quarta-feira,18:15:00,SC,470,"163,0",TROMBUDO CENTRAL,Ultrapassagem Indevida,Saída de leito carroçável,Com Vítimas Feridas,Anoitecer,Crescente,Chuva,Simples,Reta,Não,1,0,1,0,0,0,1,1,-27.278976,-49.825996,SPRF-SC,DEL04-SC,UOP02-DEL04-SC,2021
"387968,0",2021-10-06,quarta-feira,18:45:00,SC,101,"351,8",JAGUARUNA,Ausência de reação do condutor,Colisão com objeto,Com Vítimas Feridas,Plena Noite,Decrescente,Nublado,Dupla,Curva,Não,2,0,0,1,0,1,1,2,-28.61116128,-49.06046748,SPRF-SC,DEL02-SC,UOP01-DEL02-SC,2021
"387969,0",2021-10-06,quarta-feira,19:30:00,SC,101,"207,0",SAO JOSE,Manobra de mudança de faixa,Colisão traseira,Com Vítimas Feridas,Plena Noite,Crescente,Chuva,Múltipla,Aclive,Sim,2,0,1,0,1,0,1,2,-27.6167305,-48.6457265,SPRF-SC,DEL01-SC,UOP01-DEL01-SC,2021
"387973,0",2021-10-06,quarta-feira,19:15:00,SC,101,"40,0",JOINVILLE,Objeto estático sobre o leito carroçável,Colisão com objeto,Sem Vítimas,Plena Noite,Crescente,Chuva,Múltipla,Reta,Sim,1,0,0,0,1,0,0,1,-26.27176094,-48.89468382,SPRF-SC,DEL03-SC,UOP01-DEL03-SC,2021
"388020,0",2021-10-07,quinta-feira,02:00:00,SC,116,"264,4",CAPAO ALTO,Velocidade Incompatível,Saída de leito carroçável,Com Vítimas Feridas,Plena Noite,Decrescente,Nublado,Simples,Curva,Não,1,0,1,0,0,0,1,1,-27.93262143,-50.46174687,SPRF-SC,DEL05-SC,UOP02-DEL05-SC,2021
"388024,0",2021-10-07,quinta-feira,02:55:00,SC,470,"234,0",SAO CRISTOVAO DO SUL,Velocidade Incompatível,Saída de leito carroçável,Sem Vítimas,Plena Noite,Decrescente,Chuva,Simples,Curva,Não,1,0,0,0,1,0,0,1,-27.30131646,-50.43213844,SPRF-SC,DEL05-SC,UOP03-DEL05-SC,2021
"388026,0",2021-10-07,quinta-feira,06:50:00,SC,101,"134,5",BALNEARIO CAMBORIU,Ausência de reação do condutor,Colisão traseira,Com Vítimas Feridas,Pleno dia,Decrescente,Céu Claro,Simples,Reta,Sim,2,0,1,0,1,0,1,2,-27.00218,-48.636433,SPRF-SC,DEL04-SC,UOP03-DEL04-SC,2021
"388038,0",2021-10-07,quinta-feira,07:55:00,SC,470,"85,0",RODEIO,Reação tardia ou ineficiente do condutor,Colisão traseira,Com Vítimas Feridas,Pleno dia,Decrescente,Nublado,Simples,Reta,Não,3,0,2,0,1,0,2,2,-26.95488909,-49.35166546,SPRF-SC,DEL04-SC,UOP01-DEL04-SC,2021
"388042,0",2021-09-26,domingo,01:31:00,SC,101,"175,1",BIGUACU,Pedestre andava na pista,Atropelamento de Pedestre,Com Vítimas Feridas,Plena Noite,Decrescente,Nublado,Dupla,Curva,Sim,2,0,1,1,0,0,2,2,-27.33963303,-48.62734885,SPRF-SC,DEL01-SC,UOP01-DEL01-SC,2021
"388044,0",2021-08-16,segunda-feira,17:55:00,SC,101,"215,1",PALHOCA,Condutor deixou de manter distância do veículo da frente,Colisão lateral mesmo sentido,Com Vítimas Feridas,Anoitecer,Crescente,Céu Claro,Múltipla,Reta,Sim,2,0,1,0,1,0,1,2,-27.65184843,-48.67604941,SPRF-SC,DEL01-SC,UOP02-DEL01-SC,2021
"388049,0",2021-10-07,quinta-feira,07:50:00,SC,101,"411,5",ARARANGUA,Ultrapassagem Indevida,Colisão lateral sentido oposto,Com Vítimas Feridas,Pleno dia,Decrescente,Nublado,Simples,Reta,Sim,2,0,0,2,0,0,2,2,-28.93112097,-49.4940421,SPRF-SC,DEL02-SC,UOP02-DEL02-SC,2021
"388057,0",2021-10-07,quinta-feira,07:40:00,SC,470,"123,0",IBIRAMA,Ingestão de álcool pelo condutor,Capotamento,Com Vítimas Feridas,Pleno dia,Decrescente,Chuva,Simples,Reta,Não,5,0,4,0,1,0,4,1,-27.106783,-49.522049,SPRF-SC,DEL04-SC,UOP02-DEL04-SC,2021
"388059,0",2021-10-07,quinta-feira,10:00:00,SC,101,"203,4",SAO JOSE,Acessar a via sem observar a presença dos outros veículos,Colisão transversal,Com Vítimas Feridas,Pleno dia,Decrescente,Céu Claro,Múltipla,Reta,Sim,2,0,1,0,1,0,1,2,-27.5650044,-48.61460082,SPRF-SC,DEL01-SC,UOP01-DEL01-SC,2021
"388068,0",2021-10-07,quinta-feira,10:55:00,SC,101,"203,5",SAO JOSE,Ausência de reação do condutor,Queda de ocupante de veículo,Com Vítimas Feridas,Pleno dia,Crescente,Céu Claro,Simples,Viaduto,Sim,1,0,1,0,0,0,1,1,-27.5650044,-48.61460082,SPRF-SC,DEL01-SC,UOP01-DEL01-SC,2021
"388075,0",2021-10-07,quinta-feira,11:00:00,SC,101,"345,0",JAGUARUNA,Manobra de mudança de faixa,Colisão lateral mesmo sentido,Com Vítimas Feridas,Pleno dia,Decrescente,Céu Claro,Dupla,Reta,Não,4,0,3,0,1,0,3,2,-28.56411359,-49.05412674,SPRF-SC,DEL02-SC,UOP01-DEL02-SC,2021
"388082,0",2021-10-07,quinta-feira,10:30:00,SC,101,"41,6",JOINVILLE,Demais falhas mecânicas ou elétricas,Saída de leito carroçável,Com Vítimas Feridas,Pleno dia,Decrescente,Nublado,Dupla,Reta,Sim,1,0,1,0,0,0,1,1,-26.28215489,-48.88973081,SPRF-SC,DEL03-SC,UOP01-DEL03-SC,2021
"388084,0",2021-10-07,quinta-feira,11:40:00,SC,101,"331,8",TUBARAO,Desrespeitar a preferência no cruzamento,Colisão transversal,Com Vítimas Feridas,Pleno dia,Crescente,Nublado,Múltipla,Rotatória;Viaduto;Reta;Interseção de Vias,Sim,2,0,2,0,0,0,2,2,-28.45567521,-48.9812689,SPRF-SC,DEL02-SC,UOP01-DEL02-SC,2021
"388085,0",2021-10-07,quinta-feira,11:15:00,SC,470,"56,0",BLUMENAU,Acessar a via sem observar a presença dos outros veículos,Colisão transversal,Com Vítimas Feridas,Pleno dia,Crescente,Nublado,Simples,Interseção de Vias,Sim,3,0,1,0,2,0,1,3,-26.87674,-49.127743,SPRF-SC,DEL04-SC,UOP01-DEL04-SC,2021
"388119,0",2021-10-07,quinta-feira,15:20:00,SC,101,"328,0",CAPIVARI DE BAIXO,Condutor deixou de manter distância do veículo da frente,Colisão traseira,Com Vítimas Feridas,Pleno dia,Decrescente,Nublado,Dupla,Reta,Não,2,0,1,0,1,0,1,2,-28.44938329,-48.97050619,SPRF-SC,DEL02-SC,UOP01-DEL02-SC,2021
"388137,0",2021-10-07,quinta-feira,17:55:00,SC,101,"229,0",PALHOCA,Transitar na contramão,Colisão frontal,Com Vítimas Feridas,Anoitecer,Crescente,Céu Claro,Simples,Reta,Não,2,0,1,0,1,0,1,2,-27.7688932,-48.63205379,SPRF-SC,DEL01-SC,UOP02-DEL01-SC,2021
"388147,0",2021-10-07,quinta-feira,18:30:00,SC,101,"201,1",SAO JOSE,Reação tardia ou ineficiente do condutor,Saída de leito carroçável,Com Vítimas Feridas,Anoitecer,Decrescente,Nublado,Múltipla,Reta,Sim,2,0,2,0,0,0,2,1,-27.54836599,-48.61977975,SPRF-SC,DEL01-SC,UOP01-DEL01-SC,2021
"388173,0",2021-10-07,quinta-feira,18:00:00,SC,163,"69,6",SAO MIGUEL DO OESTE,Reação tardia ou ineficiente do condutor,Colisão traseira,Com Vítimas Feridas,Pleno dia,Decrescente,Sol,Dupla,Reta,Sim,2,0,1,0,1,0,1,2,-26.74450856,-53.50101471,SPRF-SC,DEL07-SC,UOP03-DEL07-SC,2021
"388221,0",2021-10-08,sexta-feira,06:15:00,SC,470,"61,0",BLUMENAU,Ultrapassagem Indevida,Colisão lateral mesmo sentido,Com Vítimas Feridas,Pleno dia,Decrescente,Nublado,Simples,Reta,Não,2,0,1,0,0,1,1,2,-26.878952,-49.17421,SPRF-SC,DEL04-SC,UOP01-DEL04-SC,2021
"388257,0",2021-10-08,sexta-feira,08:40:00,SC,101,"116,0",ITAJAI,Reação tardia ou ineficiente do condutor,Tombamento,Com Vítimas Feridas,Pleno dia,Crescente,Nublado,Múltipla,Reta,Sim,1,0,1,0,0,0,1,1,-26.87905605,-48.72603512,SPRF-SC,DEL04-SC,UOP04-DEL04-SC,2021
"388342,0",2021-10-08,sexta-feira,17:40:00,SC,101,"194,0",BIGUACU,Reação tardia ou ineficiente do condutor,Colisão frontal,Com Vítimas Feridas,Anoitecer,Decrescente,Chuva,Simples,Viaduto,Sim,3,0,1,0,2,0,1,2,-27.49815117,-48.65661236,SPRF-SC,DEL01-SC,UOP01-DEL01-SC,2021
"388362,0",2021-10-08,sexta-feira,18:50:00,SC,282,"0,1",FLORIANOPOLIS,Ausência de reação do condutor,Colisão lateral mesmo sentido,Com Vítimas Feridas,Plena Noite,Decrescente,Chuva,Múltipla,Reta,Sim,2,0,1,0,1,0,1,2,-27.59845,-48.571995,SPRF-SC,DEL01-SC,UOP01-DEL01-SC,2021
"388366,0",2021-10-08,sexta-feira,18:45:00,SC,282,"2,8",FLORIANOPOLIS,Manobra de mudança de faixa,Colisão traseira,Com Vítimas Feridas,Plena Noite,Crescente,Chuva,Múltipla,Reta,Sim,2,0,0,1,1,0,1,2,-27.603289,-48.590416,SPRF-SC,DEL01-SC,UOP01-DEL01-SC,2021
"388367,0",2021-10-08,sexta-feira,18:40:00,SC,101,"206,1",SAO JOSE,Chuva,Colisão lateral mesmo sentido,Com Vítimas Feridas,Plena Noite,Crescente,Chuva,Múltipla,Reta,Sim,2,0,1,0,1,0,1,2,-27.59193546,-48.61824557,SPRF-SC,DEL01-SC,UOP01-DEL01-SC,2021
"388377,0",2021-10-08,sexta-feira,15:00:00,SC,282,"275,4",SAO JOSE DO CERRITO,Velocidade Incompatível,Saída de leito carroçável,Com Vítimas Feridas,Pleno dia,Decrescente,Nublado,Simples,Aclive;Curva,Não,1,0,1,0,0,0,1,1,-27.606421,-50.720207,SPRF-SC,DEL05-SC,UOP02-DEL05-SC,2021
"388386,0",2021-10-08,sexta-feira,18:50:00,SC,116,"5,5",MAFRA,Desrespeitar a preferência no cruzamento,Colisão transversal,Com Vítimas Feridas,Plena Noite,Crescente,Nublado,Simples,Interseção de Vias;Reta,Sim,3,0,1,0,2,0,1,2,-26.14094396,-49.81508303,SPRF-SC,DEL06-SC,UOP01-DEL06-SC,2021
"388396,0",2021-09-10,sexta-feira,09:55:00,SC,153,"77,5",IRANI,Acessar a via sem observar a presença dos outros veículos,Colisão transversal,Com Vítimas Fatais,Pleno dia,Decrescente,Céu Claro,Simples,Reta,Não,2,1,0,0,1,0,0,2,-27.10861587,-51.90279524,SPRF-SC,DEL07-SC,UOP04-DEL07-SC,2021
"388400,0",2021-10-08,sexta-feira,20:40:00,SC,101,"43,6",JOINVILLE,Avarias e/ou desgaste excessivo no pneu,Colisão com objeto,Sem Vítimas,Plena Noite,Decrescente,Chuva,Dupla,Aclive;Reta,Sim,1,0,0,0,0,1,0,1,-26.30357106,-48.88225609,SPRF-SC,DEL03-SC,UOP01-DEL03-SC,2021
"388413,0",2021-10-08,sexta-feira,23:25:00,SC,470,"41,8",GASPAR,Ausência de reação do condutor,Saída de leito carroçável,Com Vítimas Feridas,Plena Noite,Decrescente,Chuva,Simples,Reta,Não,3,0,2,1,0,0,3,1,-26.882343,-48.996975,SPRF-SC,DEL04-SC,UOP01-DEL04-SC,2021
"388414,0",2021-10-08,sexta-feira,21:50:00,SC,280,"27,6",ARAQUARI,Ultrapassagem Indevida,Colisão frontal,Com Vítimas Feridas,Plena Noite,Decrescente,Chuva,Simples,Em Obras,Sim,2,0,0,1,1,0,1,2,-26.39685622,-48.74021969,SPRF-SC,DEL03-SC,UOP03-DEL03-SC,2021
"388416,0",2021-10-08,sexta-feira,22:10:00,SC,282,"521,6",XAXIM,Ingestão de álcool pelo condutor,Saída de leito carroçável,Com Vítimas Feridas,Plena Noite,Crescente,Chuva,Simples,Rotatória,Sim,1,0,0,1,0,0,1,1,-26.950993,-52.534767,SPRF-SC,DEL07-SC,UOP01-DEL07-SC,2021
"388417,0",2021-10-08,sexta-feira,22:50:00,SC,101,"232,5",PALHOCA,Reação tardia ou ineficiente do condutor,Colisão com objeto,Sem Vítimas,Plena Noite,Decrescente,Chuva,Dupla,Reta;Declive,Não,1,0,0,0,1,0,0,1,-27.79774238,-48.63750458,SPRF-SC,DEL01-SC,UOP02-DEL01-SC,2021
"388421,0",2021-10-08,sexta-feira,19:05:00,SC,101,"431,5",SOMBRIO,Ausência de reação do condutor,Tombamento,Com Vítimas Feridas,Plena Noite,Decrescente,Chuva,Múltipla,Reta,Não,3,0,2,0,1,0,2,1,-29.064526,-49.62464101,SPRF-SC,DEL02-SC,UOP02-DEL02-SC,2021
"388426,0",2021-10-08,sexta-feira,22:09:00,SC,282,"521,2",XAXIM,Velocidade Incompatível,Colisão traseira,Sem Vítimas,Plena Noite,Crescente,Chuva,Simples,Curva,Sim,2,0,0,0,2,0,0,2,-26.950993,-52.534767,SPRF-SC,DEL07-SC,UOP01-DEL07-SC,2021
"388428,0",2021-10-09,sábado,00:28:00,SC,101,"335,0",TUBARAO,Ingestão de álcool pelo condutor,Saída de leito carroçável,Sem Vítimas,Plena Noite,Decrescente,Céu Claro,Simples,Interseção de Vias,Sim,1,0,0,0,1,0,0,1,-28.46927473,-49.01557908,SPRF-SC,DEL02-SC,UOP01-DEL02-SC,2021
"388444,0",2021-10-04,segunda-feira,12:15:00,SC,101,"423,0",ARARANGUA,Ausência de reação do condutor,Colisão transversal,Com Vítimas Feridas,Pleno dia,Crescente,Chuva,Múltipla,Interseção de Vias,Não,2,0,1,0,1,0,1,2,-29.01106757,-49.57413825,SPRF-SC,DEL02-SC,UOP02-DEL02-SC,2021
"388453,0",2021-10-09,sábado,03:45:00,SC,282,"4,0",FLORIANOPOLIS,Chuva,Capotamento,Com Vítimas Feridas,Plena Noite,Crescente,Chuva,Dupla,Curva,Sim,1,0,0,1,0,0,1,1,-27.592646,-48.604034,SPRF-SC,DEL01-SC,UOP01-DEL01-SC,2021
"388459,0",2021-10-09,sábado,04:45:00,SC,101,"198,0",BIGUACU,Acumulo de água sobre o pavimento,Saída de leito carroçável,Sem Vítimas,Plena Noite,Decrescente,Chuva,Dupla,Reta,Não,1,0,0,0,1,0,0,1,-27.52658712,-48.63506019,SPRF-SC,DEL01-SC,UOP01-DEL01-SC,2021
"388474,0",2021-10-09,sábado,03:50:00,SC,470,"105,8",APIUNA,Ingestão de álcool pelo condutor,Saída de leito carroçável,Sem Vítimas,Plena Noite,Crescente,Chuva,Simples,Reta,Não,1,0,0,0,1,0,0,1,-27.066006,-49.417019,SPRF-SC,DEL04-SC,UOP02-DEL04-SC,2021
"388479,0",2021-10-09,sábado,05:50:00,SC,101,"148,0",ITAPEMA,Chuva,Colisão com objeto,Com Vítimas Feridas,Pleno dia,Decrescente,Chuva,Dupla,Reta,Sim,2,0,1,0,0,1,1,2,-27.10123686,-48.61807962,SPRF-SC,DEL04-SC,UOP03-DEL04-SC,2021
"388489,0",2021-10-09,sábado,05:20:00,SC,470,"18,7",ILHOTA,Reação tardia ou ineficiente do condutor,Saída de leito carroçável,Sem Vítimas,Amanhecer,Crescente,Chuva,Dupla,Reta,Não,1,0,0,0,0,1,0,1,-26.855534,-48.808922,SPRF-SC,DEL04-SC,UOP04-DEL04-SC,2021
"388503,0",2021-10-09,sábado,07:40:00,SC,470,"96,7",APIUNA,Frear bruscamente,Tombamento,Com Vítimas Feridas,Pleno dia,Crescente,Chuva,Simples,Reta,Sim,2,0,1,1,0,0,2,1,-27.020767,-49.371342,SPRF-SC,DEL04-SC,UOP01-DEL04-SC,2021
"388506,0",2021-10-09,sábado,06:10:00,SC,282,"646,2",SAO MIGUEL DO OESTE,Reação tardia ou ineficiente do condutor,Saída de leito carroçável,Sem Vítimas,Amanhecer,Crescente,Nevoeiro/Neblina,Simples,Rotatória,Sim,1,0,0,0,1,0,0,1,-26.763933,-53.496826,SPRF-SC,DEL07-SC,UOP03-DEL07-SC,2021
"388515,0",2021-10-09,sábado,08:45:00,SC,101,"216,3",PALHOCA,Acessar a via sem observar a presença dos outros veículos,Colisão transversal,Com Vítimas Feridas,Pleno dia,Decrescente,Nublado,Dupla,Interseção de Vias,Sim,2,0,1,0,1,0,1,2,-27.65981409,-48.67747798,SPRF-SC,DEL01-SC,UOP02-DEL01-SC,2021
"388521,0",2021-08-30,segunda-feira,07:45:00,SC,101,"112,6",ITAJAI,Trafegar com motocicleta (ou similar) entre as faixas,Colisão lateral mesmo sentido,Com Vítimas Feridas,Pleno dia,Crescente,Garoa/Chuvisco,Dupla,Reta,Não,2,0,1,0,1,0,1,2,-26.84589005,-48.72131295,SPRF-SC,DEL04-SC,UOP04-DEL04-SC,2021
"388522,0",2021-10-09,sábado,06:50:00,SC,282,"522,0",XAXIM,Chuva,Saída de leito carroçável,Sem Vítimas,Pleno dia,Crescente,Chuva,Simples,Curva,Não,2,0,0,0,2,0,0,1,-26.956238,-52.542637,SPRF-SC,DEL07-SC,UOP01-DEL07-SC,2021
"388554,0",2021-10-09,sábado,08:30:00,SC,470,"334,0",CAMPOS NOVOS,Ausência de reação do condutor,Saída de leito carroçável,Com Vítimas Feridas,Plena Noite,Crescente,Chuva,Simples,Reta,Não,2,0,1,0,1,0,1,1,-27.491199,-51.331421,SPRF-SC,DEL07-SC,UOP06-DEL07-SC,2021
"388560,0",2021-10-09,sábado,13:00:00,SC,101,"209,1",SAO JOSE,Velocidade Incompatível,Colisão traseira,Com Vítimas Feridas,Pleno dia,Crescente,Chuva,Múltipla,Reta,Sim,3,0,0,1,2,0,1,3,-27.61000542,-48.63895057,SPRF-SC,DEL01-SC,UOP01-DEL01-SC,2021
"388595,0",2021-10-09,sábado,15:15:00,SC,282,"33,0",AGUAS MORNAS,Ingestão de álcool pelo condutor,Saída de leito carroçável,Com Vítimas Feridas,Pleno dia,Decrescente,Chuva,Simples,Curva;Declive,Sim,2,0,1,0,1,0,1,1,-27.706587,-48.808144,SPRF-SC,DEL01-SC,UOP03-DEL01-SC,2021
"388602,0",2021-10-09,sábado,15:50:00,SC,101,"148,0",ITAPEMA,Avarias e/ou desgaste excessivo no pneu,Tombamento,Com Vítimas Feridas,Pleno dia,Decrescente,Chuva,Dupla,Reta,Não,1,0,1,0,0,0,1,1,-27.10123686,-48.61807962,SPRF-SC,DEL04-SC,UOP03-DEL04-SC,2021
"388664,0",2021-10-09,sábado,17:00:00,SC,282,"54,0",AGUAS MORNAS,Reação tardia ou ineficiente do condutor,Saída de leito carroçável,Com Vítimas Feridas,Anoitecer,Crescente,Chuva,Simples,Reta,Não,1,0,1,0,0,0,1,1,-27.685799,-48.974514,SPRF-SC,DEL01-SC,UOP03-DEL01-SC,2021
"388681,0",2021-10-09,sábado,20:50:00,SC,101,"195,5",SAO JOSE,Ingestão de álcool pelo condutor,Colisão traseira,Com Vítimas Feridas,Plena Noite,Decrescente,Garoa/Chuvisco,Múltipla,Reta,Sim,2,0,1,0,1,0,1,2,-27.5047092,-48.65010819,SPRF-SC,DEL01-SC,UOP01-DEL01-SC,2021
"388691,0",2021-10-09,sábado,18:25:00,SC,101,"325,7",CAPIVARI DE BAIXO,Ingestão de álcool pelo condutor,Colisão traseira,Sem Vítimas,Plena Noite,Crescente,Chuva,Múltipla,Reta,Sim,2,0,0,0,2,0,0,2,-28.42516271,-48.93259193,SPRF-SC,DEL02-SC,UOP01-DEL02-SC,2021
"388695,0",2021-10-09,sábado,21:20:00,SC,101,"62,8",ARAQUARI,Ingestão de álcool pelo condutor,Saída de leito carroçável,Sem Vítimas,Plena Noite,Decrescente,Nublado,Múltipla,Interseção de Vias,Sim,1,0,0,0,1,0,0,1,-26.45504246,-48.76711901,SPRF-SC,DEL03-SC,UOP02-DEL03-SC,2021
"388699,0",2021-10-09,sábado,22:15:00,SC,101,"377,0",ICARA,Reação tardia ou ineficiente do condutor,Capotamento,Com Vítimas Feridas,Plena Noite,Decrescente,Nublado,Múltipla,Reta,Sim,1,0,1,0,0,0,1,1,-28.7345708,-49.24624124,SPRF-SC,DEL02-SC,UOP01-DEL02-SC,2021
"388747,0",2021-10-10,domingo,00:20:00,SC,116,"6,9",MAFRA,Ingestão de álcool pelo condutor,Colisão frontal,Sem Vítimas,Plena Noite,Decrescente,Nublado,Simples,Retorno Regulamentado,Sim,3,0,0,0,3,0,0,2,-26.15258739,-49.83175278,SPRF-SC,DEL06-SC,UOP01-DEL06-SC,2021
"388758,0",2021-10-10,domingo,03:30:00,SC,101,"207,0",SAO JOSE,Chuva,Capotamento,Com Vítimas Feridas,Plena Noite,Decrescente,Chuva,Múltipla,Declive,Não,1,0,1,0,0,0,1,1,-27.60003366,-48.62221599,SPRF-SC,DEL01-SC,UOP01-DEL01-SC,2021
"388765,0",2021-10-10,domingo,04:15:00,SC,101,"210,0",SAO JOSE,Condutor deixou de manter distância do veículo da frente,Colisão traseira,Com Vítimas Feridas,Plena Noite,Crescente,Garoa/Chuvisco,Múltipla,Reta,Sim,2,0,1,0,1,0,1,2,-27.6167305,-48.6457265,SPRF-SC,DEL01-SC,UOP01-DEL01-SC,2021
"388769,0",2021-10-10,domingo,04:55:00,SC,101,"207,8",SAO JOSE,Demais falhas mecânicas ou elétricas,Incêndio,Sem Vítimas,Plena Noite,Crescente,Nublado,Múltipla,Curva,Sim,1,0,0,0,1,0,0,1,-27.60001226,-48.6226467,SPRF-SC,DEL01-SC,UOP01-DEL01-SC,2021
"388774,0",2021-10-10,domingo,04:40:00,SC,280,"56,9",GUARAMIRIM,Condutor Dormindo,Colisão com objeto,Com Vítimas Feridas,Plena Noite,Crescente,Garoa/Chuvisco,Simples,Viaduto,Sim,2,0,1,0,1,0,1,1,-26.47717911,-49.01451542,SPRF-SC,DEL03-SC,UOP03-DEL03-SC,2021
"388777,0",2021-10-10,domingo,05:15:00,SC,101,"149,5",ITAPEMA,Condutor Dormindo,Tombamento,Com Vítimas Feridas,Amanhecer,Decrescente,Garoa/Chuvisco,Múltipla,Reta,Sim,1,0,1,0,0,0,1,1,-27.1089649,-48.61277586,SPRF-SC,DEL04-SC,UOP03-DEL04-SC,2021
"388780,0",2021-10-10,domingo,06:00:00,SC,101,"207,5",SAO JOSE,Ingestão de álcool pelo condutor,Colisão traseira,Com Vítimas Feridas,Pleno dia,Crescente,Chuva,Múltipla,Aclive,Sim,4,0,4,0,0,0,4,2,-27.60001226,-48.6226467,SPRF-SC,DEL01-SC,UOP01-DEL01-SC,2021
"388781,0",2021-10-10,domingo,06:20:00,SC,101,"215,2",PALHOCA,Velocidade Incompatível,Colisão traseira,Com Vítimas Feridas,Pleno dia,Decrescente,Garoa/Chuvisco,Dupla,Curva,Sim,2,0,1,0,0,1,1,2,-27.65184843,-48.67604941,SPRF-SC,DEL01-SC,UOP02-DEL01-SC,2021
"388782,0",2021-10-10,domingo,06:00:00,SC,470,"130,3",LONTRAS,Velocidade Incompatível,Saída de leito carroçável,Com Vítimas Feridas,Amanhecer,Decrescente,Nublado,Simples,Curva,Sim,1,0,1,0,0,0,1,1,-27.1675352,-49.55872536,SPRF-SC,DEL04-SC,UOP02-DEL04-SC,2021
"388784,0",2021-10-09,sábado,19:35:00,SC,470,"62,0",INDAIAL,Velocidade Incompatível,Capotamento,Com Vítimas Feridas,Plena Noite,Crescente,Chuva,Simples,Curva,Sim,1,0,1,0,0,0,1,1,-26.87294265,-49.19135392,SPRF-SC,DEL04-SC,UOP01-DEL04-SC,2021