id,data_inversa,dia_semana,horario,uf,br,km,municipio,causa_acidente,tipo_acidente,classificacao_acidente,fase_dia,sentido_via,condicao_metereologica,tipo_pista,tracado_via,uso_solo,pessoas,mortos,feridos_leves,feridos_graves,ilesos,ignorados,feridos,veiculos,latitude,longitude,regional,delegacia,uop,ano_arquivo
"388822,0",2021-10-10,domingo,07:00:00,SC,116,"122,0",SANTA CECILIA,Chuva,Colisão com objeto,Com Vítimas Feridas,Pleno dia,Decrescente,Garoa/Chuvisco,Simples,Aclive,Não,1,0,0,1,0,0,1,1,-26.83694681,-50.39216836,SPRF-SC,DEL06-SC,UOP02-DEL06-SC,2021
"388839,0",2021-10-10,domingo,11:10:00,SC,282,"54,0",AGUAS MORNAS,Reação tardia ou ineficiente do condutor,Capotamento,Com Vítimas Feridas,Pleno dia,Crescente,Chuva,Simples,Curva,Sim,2,0,2,0,0,0,2,1,-27.685799,-48.974514,SPRF-SC,DEL01-SC,UOP03-DEL01-SC,2021
"388866,0",2021-10-10,domingo,14:15:00,SC,101,"208,5",SAO JOSE,Acessar a via sem observar a presença dos outros veículos,Colisão lateral mesmo sentido,Com Vítimas Feridas,Pleno dia,Crescente,Garoa/Chuvisco,Múltipla,Declive,Sim,3,0,1,0,2,0,1,2,-27.60327979,-48.63201818,SPRF-SC,DEL01-SC,UOP01-DEL01-SC,2021
"388908,0",2021-10-10,domingo,15:42:00,SC,101,"194,1",BIGUACU,Desrespeitar a preferência no cruzamento,Colisão transversal,Com Vítimas Feridas,Pleno dia,Crescente,Nublado,Múltipla,Viaduto,Sim,3,0,0,2,1,0,2,2,-27.49815117,-48.65661236,SPRF-SC,DEL01-SC,UOP01-DEL01-SC,2021
"388915,0",2021-10-10,domingo,17:40:00,SC,101,"134,0",BALNEARIO CAMBORIU,Ultrapassagem Indevida,Tombamento,Com Vítimas Feridas,Pleno dia,Crescente,Nublado,Múltipla,Interseção de Vias,Não,2,0,1,0,1,0,1,2,-27.00218,-48.636433,SPRF-SC,DEL04-SC,UOP03-DEL04-SC,2021
"388919,0",2021-10-10,domingo,17:50:00,SC,101,"334,0",TUBARAO,Reação tardia ou ineficiente do condutor,Colisão transversal,Com Vítimas Feridas,Anoitecer,Crescente,Nublado,Múltipla,Reta,Sim,2,0,1,0,1,0,1,2,-28.47311347,-49.02437375,SPRF-SC,DEL02-SC,UOP01-DEL02-SC,2021
"388925,0",2021-10-10,domingo,18:05:00,SC,101,"187,0",BIGUACU,Ingestão de álcool pelo condutor,Colisão lateral mesmo sentido,Sem Vítimas,Anoitecer,Crescente,Chuva,Dupla,Curva,Sim,2,0,0,0,2,0,0,2,-27.44307116,-48.62848475,SPRF-SC,DEL01-SC,UOP01-DEL01-SC,2021
"388929,0",2021-10-10,domingo,18:50:00,SC,101,"97,0",BALNEARIO PICARRAS,Ausência de reação do condutor,Colisão com objeto,Com Vítimas Feridas,Plena Noite,Decrescente,Chuva,Múltipla,Curva,Não,2,0,2,0,0,0,2,1,-26.72823703,-48.70224928,SPRF-SC,DEL03-SC,UOP02-DEL03-SC,2021
"388938,0",2021-10-10,domingo,19:05:00,SC,470,"66,5",INDAIAL,Transitar na contramão,Colisão frontal,Com Vítimas Feridas,Plena Noite,Crescente,Nublado,Simples,Rotatória;Em Obras,Sim,3,0,2,0,1,0,2,2,-26.8703087,-49.22782882,SPRF-SC,DEL04-SC,UOP01-DEL04-SC,2021
"388943,0",2021-10-10,domingo,19:30:00,SC,101,"200,0",BIGUACU,Ingestão de álcool pelo condutor,Colisão traseira,Com Vítimas Feridas,Plena Noite,Crescente,Chuva,Dupla,Curva,Sim,2,0,1,0,1,0,1,2,-27.53413705,-48.63003205,SPRF-SC,DEL01-SC,UOP01-DEL01-SC,2021
"388945,0",2021-10-10,domingo,20:25:00,SC,101,"132,0",BALNEARIO CAMBORIU,Demais falhas mecânicas ou elétricas,Incêndio,Sem Vítimas,Plena Noite,Crescente,Chuva,Dupla,Reta,Não,1,0,0,0,0,1,0,1,-26.99654133,-48.65564711,SPRF-SC,DEL04-SC,UOP03-DEL04-SC,2021
"388947,0",2021-10-10,domingo,19:00:00,SC,470,"56,0",BLUMENAU,Transitar na contramão,Colisão frontal,Com Vítimas Feridas,Plena Noite,Crescente,Garoa/Chuvisco,Simples,Reta,Não,2,0,1,0,1,0,1,2,-26.87674,-49.127743,SPRF-SC,DEL04-SC,UOP01-DEL04-SC,2021
"388948,0",2021-10-10,domingo,20:00:00,SC,470,"4,0",NAVEGANTES,Ingestão de álcool pelo condutor,Saída de leito carroçável,Sem Vítimas,Plena Noite,Decrescente,Chuva,Simples,Reta,Sim,1,0,0,0,1,0,0,1,-26.858473,-48.690788,SPRF-SC,DEL04-SC,UOP04-DEL04-SC,2021
"388962,0",2021-10-10,domingo,22:30:00,SC,101,"213,4",PALHOCA,Demais falhas mecânicas ou elétricas,Colisão traseira,Sem Vítimas,Plena Noite,Crescente,Garoa/Chuvisco,Múltipla,Reta,Sim,4,0,0,0,4,0,0,2,-27.64030167,-48.6675906,SPRF-SC,DEL01-SC,UOP02-DEL01-SC,2021
"388968,0",2021-10-10,domingo,23:16:00,SC,101,"214,2",PALHOCA,Ingestão de álcool pelo condutor,Colisão transversal,Sem Vítimas,Plena Noite,Crescente,Garoa/Chuvisco,Múltipla,Reta,Sim,2,0,0,0,2,0,0,2,-27.64443,-48.67057,SPRF-SC,DEL01-SC,UOP02-DEL01-SC,2021
"388970,0",2021-10-10,domingo,23:40:00,SC,101,"178,0",GOVERNADOR CELSO RAMOS,Ingestão de álcool e/ou substâncias psicoativas pelo pedestre,Saída de leito carroçável,Sem Vítimas,Plena Noite,Decrescente,Garoa/Chuvisco,Dupla,Reta,Não,1,0,0,0,1,0,0,1,-27.36408098,-48.63391212,SPRF-SC,DEL01-SC,UOP01-DEL01-SC,2021
"388976,0",2021-10-10,domingo,23:30:00,SC,101,"203,0",SAO JOSE,Ingestão de álcool pelo condutor,Capotamento,Com Vítimas Feridas,Plena Noite,Decrescente,Chuva,Dupla,Declive,Sim,1,0,1,0,0,0,1,1,-27.5650044,-48.61460082,SPRF-SC,DEL01-SC,UOP01-DEL01-SC,2021
"389032,0",2021-10-11,segunda-feira,07:15:00,SC,280,"52,3",GUARAMIRIM,Acessar a via sem observar a presença dos outros veículos,Colisão transversal,Com Vítimas Feridas,Pleno dia,Crescente,Garoa/Chuvisco,Simples,Interseção de Vias,Sim,3,0,2,0,1,0,2,2,-26.468904,-48.96492,SPRF-SC,DEL03-SC,UOP03-DEL03-SC,2021
"389046,0",2021-10-11,segunda-feira,06:30:00,SC,282,"83,0",RANCHO QUEIMADO,Chuva,Colisão lateral sentido oposto,Com Vítimas Feridas,Pleno dia,Crescente,Chuva,Simples,Curva,Não,2,0,2,0,0,0,2,2,-27.666153,-49.175022,SPRF-SC,DEL01-SC,UOP03-DEL01-SC,2021
"389086,0",2021-10-11,segunda-feira,12:55:00,SC,101,"136,0",BALNEARIO CAMBORIU,Condutor deixou de manter distância do veículo da frente,Colisão traseira,Com Vítimas Feridas,Pleno dia,Decrescente,Nublado,Dupla,Reta;Ponte,Sim,2,0,1,0,1,0,1,2,-27.008113,-48.617245,SPRF-SC,DEL04-SC,UOP03-DEL04-SC,2021
"389087,0",2021-10-11,segunda-feira,12:50:00,SC,101,"327,2",CAPIVARI DE BAIXO,Desrespeitar a preferência no cruzamento,Colisão transversal,Com Vítimas Feridas,Pleno dia,Decrescente,Nublado,Múltipla,Rotatória,Sim,2,0,2,0,0,0,2,2,-28.43023306,-48.95205197,SPRF-SC,DEL02-SC,UOP01-DEL02-SC,2021
"389100,0",2021-10-11,segunda-feira,13:00:00,SC,101,"214,2",PALHOCA,Manobra de mudança de faixa,Colisão lateral mesmo sentido,Com Vítimas Feridas,Pleno dia,Decrescente,Chuva,Múltipla,Em Obras,Sim,3,0,3,0,0,0,3,2,-27.64443,-48.67057,SPRF-SC,DEL01-SC,UOP02-DEL01-SC,2021
"389111,0",2021-10-11,segunda-feira,11:40:00,SC,282,"622,6",IRACEMINHA,Velocidade Incompatível,Saída de leito carroçável,Com Vítimas Feridas,Pleno dia,Crescente,Céu Claro,Simples,Aclive;Curva,Não,4,0,4,0,0,0,4,1,-26.799697,-53.330249,SPRF-SC,DEL07-SC,UOP02-DEL07-SC,2021
"389115,0",2021-10-11,segunda-feira,14:40:00,SC,470,"64,0",INDAIAL,Acessar a via sem observar a presença dos outros veículos,Colisão traseira,Sem Vítimas,Pleno dia,Crescente,Nublado,Simples,Reta,Sim,2,0,0,0,2,0,0,2,-26.869867,-49.201859,SPRF-SC,DEL04-SC,UOP01-DEL04-SC,2021
"389120,0",2021-10-11,segunda-feira,14:20:00,SC,101,"285,5",IMBITUBA,Ausência de reação do condutor,Colisão com objeto,Com Vítimas Feridas,Pleno dia,Crescente,Garoa/Chuvisco,Dupla,Curva,Não,1,0,1,0,0,0,1,1,-28.244008,-48.699934,SPRF-SC,DEL02-SC,UOP03-DEL02-SC,2021
"389122,0",2021-10-11,segunda-feira,16:10:00,SC,101,"212,5",PALHOCA,Condutor deixou de manter distância do veículo da frente,Engavetamento,Com Vítimas Feridas,Pleno dia,Decrescente,Chuva,Dupla,Reta,Sim,5,0,1,0,4,0,1,4,-27.62996929,-48.65903871,SPRF-SC,DEL01-SC,UOP02-DEL01-SC,2021
"389156,0",2021-10-11,segunda-feira,17:45:00,SC,101,"121,7",ITAJAI,Ausência de reação do condutor,Colisão traseira,Com Vítimas Feridas,Anoitecer,Decrescente,Chuva,Dupla,Reta,Sim,2,0,1,0,1,0,1,2,-26.92103178,-48.70856446,SPRF-SC,DEL04-SC,UOP04-DEL04-SC,2021
"389159,0",2021-10-11,segunda-feira,19:00:00,SC,101,"218,0",PALHOCA,Chuva,Tombamento,Com Vítimas Feridas,Pleno dia,Crescente,Chuva,Múltipla,Reta,Sim,1,0,1,0,0,0,1,1,-27.6758601,-48.67052525,SPRF-SC,DEL01-SC,UOP02-DEL01-SC,2021
"389166,0",2021-10-11,segunda-feira,19:30:00,SC,280,"50,0",GUARAMIRIM,Chuva,Queda de ocupante de veículo,Com Vítimas Feridas,Plena Noite,Crescente,Chuva,Simples,Rotatória,Sim,1,0,1,0,0,0,1,1,-26.46773019,-48.9622879,SPRF-SC,DEL03-SC,UOP03-DEL03-SC,2021
"389167,0",2021-10-11,segunda-feira,19:20:00,SC,282,"4,8",FLORIANOPOLIS,Trafegar com motocicleta (ou similar) entre as faixas,Colisão traseira,Sem Vítimas,Plena Noite,Crescente,Chuva,Dupla,Reta,Sim,2,0,0,0,1,1,0,2,-27.592646,-48.604034,SPRF-SC,DEL01-SC,UOP01-DEL01-SC,2021
"389178,0",2021-10-11,segunda-feira,19:15:00,SC,280,"57,0",GUARAMIRIM,Chuva,Queda de ocupante de veículo,Com Vítimas Feridas,Plena Noite,Decrescente,Chuva,Dupla,Rotatória,Sim,1,0,1,0,0,0,1,1,-26.47442,-49.020052,SPRF-SC,DEL03-SC,UOP03-DEL03-SC,2021
"389212,0",2021-10-12,terça-feira,02:00:00,SC,101,"138,0",BALNEARIO CAMBORIU,Velocidade Incompatível,Capotamento,Com Vítimas Feridas,Plena Noite,Decrescente,Chuva,Dupla,Curva,Não,1,0,1,0,0,0,1,1,-27.02397426,-48.60761649,SPRF-SC,DEL04-SC,UOP03-DEL04-SC,2021
"389217,0",2021-10-12,terça-feira,02:40:00,SC,101,"201,0",SAO JOSE,Chuva,Saída de leito carroçável,Sem Vítimas,Plena Noite,Decrescente,Chuva,Dupla,Reta,Sim,1,0,0,0,0,1,0,1,-27.54836599,-48.61977975,SPRF-SC,DEL01-SC,UOP01-DEL01-SC,2021
"389218,0",2021-10-12,terça-feira,02:45:00,SC,101,"135,0",BALNEARIO CAMBORIU,Condutor deixou de manter distância do veículo da frente,Colisão traseira,Sem Vítimas,Plena Noite,Crescente,Garoa/Chuvisco,Múltipla,Reta,Sim,2,0,0,0,2,0,0,2,-27.0050108,-48.62677494,SPRF-SC,DEL04-SC,UOP03-DEL04-SC,2021
"389219,0",2021-10-12,terça-feira,02:40:00,SC,101,"434,9",SOMBRIO,Ingestão de álcool pelo condutor,Saída de leito carroçável,Sem Vítimas,Plena Noite,Crescente,Nublado,Dupla,Reta,Sim,1,0,0,0,1,0,0,1,-29.09949414,-49.63480552,SPRF-SC,DEL02-SC,UOP02-DEL02-SC,2021
"389221,0",2021-10-12,terça-feira,02:00:00,SC,282,"500,5",XANXERE,Ingestão de álcool pelo condutor,Colisão traseira,Sem Vítimas,Plena Noite,Crescente,Nublado,Dupla,Reta,Não,2,0,0,0,2,0,0,2,-26.881372,-52.37252,SPRF-SC,DEL07-SC,UOP01-DEL07-SC,2021
"389223,0",2021-10-12,terça-feira,03:50:00,SC,101,"216,0",PALHOCA,Ingestão de álcool pelo condutor,Saída de leito carroçável,Sem Vítimas,Plena Noite,Decrescente,Chuva,Simples,Reta,Sim,1,0,0,0,1,0,0,1,-27.65981409,-48.67747798,SPRF-SC,DEL01-SC,UOP02-DEL01-SC,2021
"389224,0",2021-10-12,terça-feira,04:10:00,SC,101,"275,5",IMBITUBA,Ausência de reação do condutor,Colisão com objeto,Sem Vítimas,Plena Noite,Decrescente,Céu Claro,Dupla,Reta,Não,1,0,0,0,1,0,0,1,-28.138086,-48.69218292,SPRF-SC,DEL02-SC,UOP03-DEL02-SC,2021
"389240,0",2021-10-12,terça-feira,06:45:00,SC,282,"6,0",SAO JOSE,Ingestão de álcool pelo condutor,Saída de leito carroçável,Sem Vítimas,Pleno dia,Decrescente,Chuva,Dupla,Curva,Sim,1,0,0,0,1,0,0,1,-27.591936,-48.618244,SPRF-SC,DEL01-SC,UOP01-DEL01-SC,2021
"389245,0",2021-10-12,terça-feira,08:20:00,SC,101,"129,0",ITAJAI,Ingestão de álcool e/ou substâncias psicoativas pelo pedestre,Colisão traseira,Com Vítimas Feridas,Pleno dia,Crescente,Chuva,Dupla,Reta,Não,3,0,1,0,2,0,1,2,-26.98064277,-48.6790679,SPRF-SC,DEL04-SC,UOP03-DEL04-SC,2021
"389253,0",2021-10-12,terça-feira,08:40:00,SC,101,"210,0",SAO JOSE,Velocidade Incompatível,Tombamento,Com Vítimas Feridas,Pleno dia,Crescente,Chuva,Múltipla,Aclive,Sim,1,0,1,0,0,0,1,1,-27.6167305,-48.6457265,SPRF-SC,DEL01-SC,UOP01-DEL01-SC,2021
"389267,0",2021-10-12,terça-feira,12:10:00,SC,282,"69,6",RANCHO QUEIMADO,Condutor deixou de manter distância do veículo da frente,Colisão traseira,Sem Vítimas,Pleno dia,Decrescente,Chuva,Múltipla,Curva,Não,2,0,0,0,2,0,0,2,-27.69266305,-49.08998787,SPRF-SC,DEL01-SC,UOP03-DEL01-SC,2021
"389270,0",2021-10-12,terça-feira,10:30:00,SC,101,"100,0",BALNEARIO PICARRAS,Condutor deixou de manter distância do veículo da frente,Colisão traseira,Com Vítimas Feridas,Pleno dia,Crescente,Nublado,Simples,Reta;Declive;Interseção de Vias,Sim,3,0,2,0,1,0,2,2,-26.75482787,-48.68993675,SPRF-SC,DEL03-SC,UOP02-DEL03-SC,2021
"389273,0",2021-10-12,terça-feira,10:50:00,SC,101,"255,0",PAULO LOPES,Acumulo de água sobre o pavimento,Saída de leito carroçável,Com Vítimas Feridas,Pleno dia,Decrescente,Chuva,Dupla,Reta,Sim,3,0,2,1,0,0,3,1,-27.98242299,-48.67898469,SPRF-SC,DEL02-SC,UOP03-DEL02-SC,2021
"389281,0",2021-10-12,terça-feira,14:10:00,SC,280,"46,4",GUARAMIRIM,Reação tardia ou ineficiente do condutor,Saída de leito carroçável,Com Vítimas Feridas,Pleno dia,Crescente,Nublado,Simples,Reta,Não,1,0,1,0,0,0,1,1,-26.45295055,-48.90788103,SPRF-SC,DEL03-SC,UOP03-DEL03-SC,2021
"389282,0",2021-09-22,quarta-feira,04:30:00,SC,101,"93,2",BARRA VELHA,Ingestão de álcool pelo condutor,Saída de leito carroçável,Com Vítimas Feridas,Amanhecer,Crescente,Nublado,Dupla,Reta,Não,1,0,1,0,0,0,1,1,-26.6899011,-48.69663873,SPRF-SC,DEL03-SC,UOP02-DEL03-SC,2021
"389291,0",2021-10-12,terça-feira,11:15:00,SC,101,"42,3",JOINVILLE,Reação tardia ou ineficiente do condutor,Engavetamento,Com Vítimas Feridas,Pleno dia,Decrescente,Chuva,Dupla,Reta,Sim,5,0,1,0,4,0,1,4,-26.29251598,-48.88474385,SPRF-SC,DEL03-SC,UOP01-DEL03-SC,2021
"389293,0",2021-10-12,terça-feira,13:50:00,SC,101,"21,0",JOINVILLE,Demais falhas mecânicas ou elétricas,Incêndio,Sem Vítimas,Pleno dia,Decrescente,Garoa/Chuvisco,Dupla,Declive;Reta,Não,1,0,0,0,1,0,0,1,-26.151205,-48.908999,SPRF-SC,DEL03-SC,UOP01-DEL03-SC,2021
"389294,0",2021-10-12,terça-feira,15:20:00,SC,101,"229,4",PALHOCA,Acumulo de água sobre o pavimento,Colisão com objeto,Com Vítimas Feridas,Pleno dia,Decrescente,Chuva,Dupla,Reta,Não,1,0,1,0,0,0,1,1,-27.7688932,-48.63205379,SPRF-SC,DEL01-SC,UOP02-DEL01-SC,2021
"389298,0",2021-10-12,terça-feira,15:30:00,SC,101,"117,3",ITAJAI,Desrespeitar a preferência no cruzamento,Colisão transversal,Com Vítimas Feridas,Pleno dia,Crescente,Nublado,Simples,Interseção de Vias,Não,3,0,2,0,1,0,2,2,-26.88998596,-48.72180289,SPRF-SC,DEL04-SC,UOP04-DEL04-SC,2021
"389316,0",2021-10-12,terça-feira,16:20:00,SC,101,"233,5",PALHOCA,Velocidade Incompatível,Colisão com objeto,Com Vítimas Feridas,Pleno dia,Crescente,Chuva,Dupla,Curva;Declive,Não,1,0,1,0,0,0,1,1,-27.80904524,-48.63791227,SPRF-SC,DEL01-SC,UOP02-DEL01-SC,2021
"389334,0",2021-10-12,terça-feira,17:40:00,SC,101,"210,0",SAO JOSE,Reação tardia ou ineficiente do condutor,Tombamento,Com Vítimas Feridas,Pleno dia,Decrescente,Chuva,Múltipla,Reta,Sim,2,0,1,0,1,0,1,2,-27.6167305,-48.6457265,SPRF-SC,DEL01-SC,UOP01-DEL01-SC,2021
"389340,0",2021-10-12,terça-feira,19:20:00,SC,101,"357,8",SANGAO,Reação tardia ou ineficiente do condutor,Colisão traseira,Sem Vítimas,Plena Noite,Decrescente,Céu Claro,Múltipla,Reta,Não,2,0,0,0,2,0,0,2,-28.64799,-49.104019,SPRF-SC,DEL02-SC,UOP01-DEL02-SC,2021
"389347,0",2021-10-12,terça-feira,20:05:00,SC,470,"145,0",RIO DO SUL,Transitar no acostamento,Colisão frontal,Com Vítimas Feridas,Plena Noite,Decrescente,Nublado,Simples,Reta,Sim,2,0,1,1,0,0,2,2,-27.237301,-49.682217,SPRF-SC,DEL04-SC,UOP02-DEL04-SC,2021
"389361,0",2021-10-12,terça-feira,21:25:00,SC,101,"179,6",GOVERNADOR CELSO RAMOS,Acessar a via sem observar a presença dos outros veículos,Colisão transversal,Sem Vítimas,Plena Noite,Decrescente,Chuva,Simples,Viaduto,Não,2,0,0,0,2,0,0,2,-27.37281717,-48.63322708,SPRF-SC,DEL01-SC,UOP01-DEL01-SC,2021
"389380,0",2021-10-13,quarta-feira,00:05:00,SC,101,"189,0",BIGUACU,Velocidade Incompatível,Saída de leito carroçável,Com Vítimas Feridas,Plena Noite,Decrescente,Chuva,Dupla,Curva,Não,2,0,1,0,1,0,1,1,-27.459393,-48.638914,SPRF-SC,DEL01-SC,UOP01-DEL01-SC,2021
"389387,0",2021-10-13,quarta-feira,01:10:00,SC,101,"92,8",BARRA VELHA,Ingestão de álcool pelo condutor,Saída de leito carroçável,Sem Vítimas,Plena Noite,Crescente,Garoa/Chuvisco,Dupla,Reta,Não,1,0,0,0,1,0,0,1,-26.69121566,-48.69724274,SPRF-SC,DEL03-SC,UOP02-DEL03-SC,2021
"389401,0",2021-10-13,quarta-feira,05:00:00,SC,282,"64,8",RANCHO QUEIMADO,Curva acentuada,Saída de leito carroçável,Com Vítimas Feridas,Amanhecer,Crescente,Chuva,Simples,Curva,Não,3,0,2,0,1,0,2,1,-27.696323,-49.052456,SPRF-SC,DEL01-SC,UOP03-DEL01-SC,2021
"389411,0",2021-10-13,quarta-feira,06:40:00,SC,101,"200,2",SAO JOSE,Trafegar com motocicleta (ou similar) entre as faixas,Colisão traseira,Com Vítimas Feridas,Pleno dia,Crescente,Céu Claro,Múltipla,Aclive,Sim,2,0,1,0,1,0,1,2,-27.54135835,-48.62211406,SPRF-SC,DEL01-SC,UOP01-DEL01-SC,2021
"389431,0",2021-10-13,quarta-feira,09:15:00,SC,101,"47,9",JOINVILLE,Condutor deixou de manter distância do veículo da frente,Colisão traseira,Com Vítimas Feridas,Pleno dia,Crescente,Garoa/Chuvisco,Dupla,Reta,Não,3,0,2,0,1,0,2,2,-26.34234997,-48.85840089,SPRF-SC,DEL03-SC,UOP01-DEL03-SC,2021
"389434,0",2021-10-13,quarta-feira,09:00:00,SC,101,"138,5",BALNEARIO CAMBORIU,Reação tardia ou ineficiente do condutor,Colisão traseira,Com Vítimas Feridas,Pleno dia,Decrescente,Nublado,Dupla,Curva,Sim,2,0,1,0,1,0,1,2,-27.02397426,-48.60761649,SPRF-SC,DEL04-SC,UOP03-DEL04-SC,2021
"389436,0",2021-10-13,quarta-feira,10:19:00,SC,101,"207,0",SAO JOSE,Ausência de reação do condutor,Colisão lateral mesmo sentido,Com Vítimas Feridas,Pleno dia,Crescente,Nublado,Múltipla,Reta,Sim,2,0,1,0,1,0,1,2,-27.60001226,-48.6226467,SPRF-SC,DEL01-SC,UOP01-DEL01-SC,2021
"389439,0",2021-10-13,quarta-feira,10:25:00,SC,101,"137,8",BALNEARIO CAMBORIU,Trafegar com motocicleta (ou similar) entre as faixas,Colisão traseira,Com Vítimas Feridas,Pleno dia,Decrescente,Nublado,Dupla,Reta,Sim,2,0,1,0,1,0,1,2,-27.022716,-48.608143,SPRF-SC,DEL04-SC,UOP03-DEL04-SC,2021
"389510,0",2021-10-13,quarta-feira,17:45:00,SC,101,"327,2",CAPIVARI DE BAIXO,Acessar a via sem observar a presença dos outros veículos,Colisão transversal,Com Vítimas Feridas,Anoitecer,Decrescente,Nublado,Simples,Rotatória,Sim,2,0,0,1,1,0,1,2,-28.43023306,-48.95205197,SPRF-SC,DEL02-SC,UOP01-DEL02-SC,2021
"389518,0",2021-10-12,terça-feira,06:30:00,SC,282,"274,6",SAO JOSE DO CERRITO,Reação tardia ou ineficiente do condutor,Saída de leito carroçável,Com Vítimas Feridas,Amanhecer,Decrescente,Chuva,Simples,Curva,Não,1,0,1,0,0,0,1,1,-27.614197,-50.716843,SPRF-SC,DEL05-SC,UOP02-DEL05-SC,2021
"389520,0",2021-10-13,quarta-feira,12:20:00,SC,280,"147,0",MAFRA,Manobra de mudança de faixa,Saída de leito carroçável,Com Vítimas Feridas,Pleno dia,Crescente,Céu Claro,Simples,Reta,Não,1,0,1,0,0,0,1,1,-26.25387109,-49.67124709,SPRF-SC,DEL06-SC,UOP03-DEL06-SC,2021
"389539,0",2021-10-13,quarta-feira,20:30:00,SC,101,"236,0",PALHOCA,Ausência de reação do condutor,Tombamento,Com Vítimas Feridas,Plena Noite,Crescente,Nublado,Dupla,Declive,Não,1,0,0,1,0,0,1,1,-27.82629382,-48.63034842,SPRF-SC,DEL01-SC,UOP02-DEL01-SC,2021
"389547,0",2021-10-13,quarta-feira,19:00:00,SC,158,"106,3",CUNHA PORA,Ultrapassagem Indevida,Colisão frontal,Com Vítimas Feridas,Plena Noite,Crescente,Céu Claro,Simples,Curva,Não,2,0,1,0,1,0,1,2,-26.867246,-53.163855,SPRF-SC,DEL07-SC,UOP02-DEL07-SC,2021
"389553,0",2021-10-13,quarta-feira,22:15:00,SC,116,"210,0",PONTE ALTA,Falta de acostamento,Colisão traseira,Com Vítimas Fatais,Plena Noite,Decrescente,Garoa/Chuvisco,Simples,Reta,Não,2,1,0,0,0,1,0,2,-27.50285695,-50.36575969,SPRF-SC,DEL05-SC,UOP03-DEL05-SC,2021
"389564,0",2021-10-14,quinta-feira,02:00:00,SC,101,"24,8",JOINVILLE,Ingestão de álcool pelo condutor,Capotamento,Sem Vítimas,Plena Noite,Crescente,Nublado,Dupla,Reta,Não,1,0,0,0,1,0,0,1,-26.17483309,-48.90767978,SPRF-SC,DEL03-SC,UOP01-DEL03-SC,2021
"389565,0",2021-10-14,quinta-feira,01:30:00,SC,280,"151,8",MAFRA,Ausência de reação do condutor,Saída de leito carroçável,Sem Vítimas,Plena Noite,Decrescente,Céu Claro,Simples,Curva,Não,1,0,0,0,0,1,0,1,-26.2269108,-49.70661163,SPRF-SC,DEL06-SC,UOP03-DEL06-SC,2021
"389570,0",2021-10-14,quinta-feira,02:45:00,SC,282,"68,5",RANCHO QUEIMADO,Velocidade Incompatível,Saída de leito carroçável,Sem Vítimas,Plena Noite,Decrescente,Chuva,Simples,Curva,Não,2,0,0,0,2,0,0,1,-27.692406,-49.075939,SPRF-SC,DEL01-SC,UOP03-DEL01-SC,2021
"389588,0",2021-10-14,quinta-feira,08:25:00,SC,101,"94,5",BARRA VELHA,Objeto estático sobre o leito carroçável,Colisão traseira,Sem Vítimas,Pleno dia,Crescente,Nublado,Múltipla,Aclive,Sim,2,0,0,0,2,0,0,2,-26.69940401,-48.69902784,SPRF-SC,DEL03-SC,UOP02-DEL03-SC,2021
"389602,0",2021-10-14,quinta-feira,09:40:00,SC,101,"153,0",PORTO BELO,Avarias e/ou desgaste excessivo no pneu,Tombamento,Com Vítimas Feridas,Pleno dia,Decrescente,Nublado,Múltipla,Reta,Não,2,0,2,0,0,0,2,1,-27.144717,-48.61063935,SPRF-SC,DEL04-SC,UOP03-DEL04-SC,2021
"389649,0",2021-09-16,quinta-feira,20:20:00,SC,116,"210,0",PONTE ALTA,Ultrapassagem Indevida,Colisão com objeto,Com Vítimas Feridas,Plena Noite,Crescente,Chuva,Simples,Curva,Não,1,0,1,0,0,0,1,1,-27.50285695,-50.36575969,SPRF-SC,DEL05-SC,UOP03-DEL05-SC,2021
"389666,0",2021-10-14,quinta-feira,17:50:00,SC,101,"211,1",PALHOCA,Reação tardia ou ineficiente do condutor,Tombamento,Com Vítimas Feridas,Pleno dia,Crescente,Céu Claro,Múltipla,Reta,Sim,1,0,1,0,0,0,1,1,-27.62329313,-48.65245588,SPRF-SC,DEL01-SC,UOP02-DEL01-SC,2021
"389673,0",2021-10-14,quinta-feira,15:55:00,SC,101,"11,0",GARUVA,Manobra de mudança de faixa,Colisão lateral mesmo sentido,Com Vítimas Feridas,Pleno dia,Decrescente,Nublado,Dupla,Ponte,Não,8,0,2,0,6,0,2,2,-26.07202503,-48.86100853,SPRF-SC,DEL03-SC,UOP01-DEL03-SC,2021
"389674,0",2021-10-14,quinta-feira,18:05:00,SC,101,"208,6",SAO JOSE,Demais falhas mecânicas ou elétricas,Incêndio,Sem Vítimas,Plena Noite,Decrescente,Nublado,Múltipla,Reta,Sim,1,0,0,0,1,0,0,1,-27.60327979,-48.63201818,SPRF-SC,DEL01-SC,UOP01-DEL01-SC,2021
"389679,0",2021-10-14,quinta-feira,18:50:00,SC,101,"202,8",SAO JOSE,Manobra de mudança de faixa,Colisão lateral mesmo sentido,Com Vítimas Feridas,Plena Noite,Crescente,Nublado,Múltipla,Reta;Interseção de Vias,Sim,3,0,2,0,1,0,2,2,-27.56346868,-48.61560702,SPRF-SC,DEL01-SC,UOP01-DEL01-SC,2021
"389688,0",2021-10-14,quinta-feira,19:00:00,SC,101,"117,2",ITAJAI,Trafegar com motocicleta (ou similar) entre as faixas,Colisão lateral mesmo sentido,Com Vítimas Feridas,Plena Noite,Crescente,Céu Claro,Múltipla,Aclive,Sim,2,0,1,0,1,0,1,2,-26.88747187,-48.72252969,SPRF-SC,DEL04-SC,UOP04-DEL04-SC,2021