id,data_inversa,dia_semana,horario,uf,br,km,municipio,causa_acidente,tipo_acidente,classificacao_acidente,fase_dia,sentido_via,condicao_metereologica,tipo_pista,tracado_via,uso_solo,pessoas,mortos,feridos_leves,feridos_graves,ilesos,ignorados,feridos,veiculos,latitude,longitude,regional,delegacia,uop,ano_arquivo
"393499,0",2021-11-02,terça-feira,17:06:00,SC,101,"207,7",SAO JOSE,Condutor deixou de manter distância do veículo da frente,Colisão traseira,Com Vítimas Feridas,Pleno dia,Crescente,Céu Claro,Dupla,Reta,Sim,2,0,1,0,1,0,1,2,-27.60001226,-48.6226467,SPRF-SC,DEL01-SC,UOP01-DEL01-SC,2021
"393501,0",2021-11-02,terça-feira,15:45:00,SC,470,"257,5",CURITIBANOS,Transitar na contramão,Colisão frontal,Com Vítimas Feridas,Pleno dia,Crescente,Céu Claro,Simples,Curva,Não,11,0,3,3,3,2,6,5,-27.308815,-50.641468,SPRF-SC,DEL05-SC,UOP03-DEL05-SC,2021
"393512,0",2021-11-02,terça-feira,18:05:00,SC,101,"334,0",TUBARAO,Reação tardia ou ineficiente do condutor,Colisão lateral mesmo sentido,Com Vítimas Feridas,Pleno dia,Crescente,Céu Claro,Dupla,Reta,Sim,3,0,1,0,2,0,1,2,-28.46730446,-49.00604302,SPRF-SC,DEL02-SC,UOP01-DEL02-SC,2021
"393514,0",2021-11-02,terça-feira,17:00:00,SC,101,"25,0",JOINVILLE,Velocidade Incompatível,Saída de leito carroçável,Com Vítimas Feridas,Pleno dia,Crescente,Céu Claro,Dupla,Viaduto,Sim,1,0,0,1,0,0,1,1,-26.1834739,-48.9105912,SPRF-SC,DEL03-SC,UOP01-DEL03-SC,2021
"393531,0",2021-11-02,terça-feira,17:15:00,SC,101,"216,0",PALHOCA,Velocidade Incompatível,Colisão lateral mesmo sentido,Com Vítimas Feridas,Pleno dia,Decrescente,Céu Claro,Dupla,Reta,Sim,3,0,1,1,1,0,2,2,-27.65981409,-48.67747798,SPRF-SC,DEL01-SC,UOP02-DEL01-SC,2021
"393539,0",2021-11-02,terça-feira,21:15:00,SC,282,"5,0",SAO JOSE,Acessar a via sem observar a presença dos outros veículos,Colisão lateral mesmo sentido,Com Vítimas Feridas,Plena Noite,Decrescente,Nublado,Múltipla,Reta,Sim,2,0,1,0,1,0,1,2,-27.588425,-48.612919,SPRF-SC,DEL01-SC,UOP01-DEL01-SC,2021
"393551,0",2021-11-02,terça-feira,22:13:00,SC,101,"141,8",BALNEARIO CAMBORIU,Declive acentuado,Colisão com objeto,Com Vítimas Feridas,Plena Noite,Crescente,Nublado,Dupla,Curva,Não,1,0,0,1,0,0,1,1,-27.04761729,-48.59995855,SPRF-SC,DEL04-SC,UOP03-DEL04-SC,2021
"393571,0",2021-11-03,quarta-feira,03:10:00,SC,101,"342,9",TUBARAO,Ausência de reação do condutor,Saída de leito carroçável,Com Vítimas Feridas,Plena Noite,Crescente,Céu Claro,Simples,Curva,Sim,1,0,1,0,0,0,1,1,-28.51875992,-49.05388322,SPRF-SC,DEL02-SC,UOP01-DEL02-SC,2021
"393597,0",2021-11-03,quarta-feira,07:30:00,SC,101,"339,0",TUBARAO,Condutor Dormindo,Colisão com objeto,Com Vítimas Feridas,Pleno dia,Decrescente,Céu Claro,Múltipla,Ponte,Sim,2,0,0,1,0,1,1,2,-28.49351117,-49.04178985,SPRF-SC,DEL02-SC,UOP01-DEL02-SC,2021
"393616,0",2021-11-03,quarta-feira,09:00:00,SC,101,"215,7",PALHOCA,Condutor deixou de manter distância do veículo da frente,Engavetamento,Com Vítimas Feridas,Pleno dia,Decrescente,Céu Claro,Dupla,Reta,Sim,4,0,1,0,3,0,1,3,-27.65184843,-48.67604941,SPRF-SC,DEL01-SC,UOP02-DEL01-SC,2021
"393620,0",2021-11-03,quarta-feira,07:20:00,SC,282,"501,3",XANXERE,Mal súbito do condutor,Colisão transversal,Com Vítimas Feridas,Pleno dia,Decrescente,Sol,Dupla,Rotatória,Não,2,0,1,0,1,0,1,2,-26.882715,-52.381729,SPRF-SC,DEL07-SC,UOP01-DEL07-SC,2021
"393623,0",2021-11-03,quarta-feira,09:45:00,SC,280,"30,0",ARAQUARI,Acessar a via sem observar a presença dos outros veículos,Colisão transversal,Com Vítimas Feridas,Pleno dia,Crescente,Céu Claro,Simples,Interseção de Vias,Sim,2,0,1,0,1,0,1,2,-26.4141523,-48.76209493,SPRF-SC,DEL03-SC,UOP03-DEL03-SC,2021
"393626,0",2021-11-03,quarta-feira,10:00:00,SC,101,"201,0",SAO JOSE,Trafegar com motocicleta (ou similar) entre as faixas,Colisão traseira,Com Vítimas Feridas,Pleno dia,Crescente,Céu Claro,Múltipla,Reta,Sim,2,0,0,1,0,1,1,2,-27.54836599,-48.61977975,SPRF-SC,DEL01-SC,UOP01-DEL01-SC,2021
"393642,0",2021-11-03,quarta-feira,08:20:00,SC,101,"73,5",ARAQUARI,Reação tardia ou ineficiente do condutor,Colisão lateral mesmo sentido,Sem Vítimas,Pleno dia,Decrescente,Nublado,Múltipla,Curva,Sim,2,0,0,0,2,0,0,2,-26.53567108,-48.71326731,SPRF-SC,DEL03-SC,UOP02-DEL03-SC,2021
"393650,0",2021-11-03,quarta-feira,12:20:00,SC,282,"6,0",SAO JOSE,Trafegar com motocicleta (ou similar) entre as faixas,Colisão lateral mesmo sentido,Com Vítimas Feridas,Pleno dia,Decrescente,Sol,Múltipla,Curva,Não,3,0,1,0,2,0,1,3,-27.591936,-48.618244,SPRF-SC,DEL01-SC,UOP01-DEL01-SC,2021
"393678,0",2021-11-03,quarta-feira,16:00:00,SC,101,"117,0",ITAJAI,Acessar a via sem observar a presença dos outros veículos,Colisão transversal,Com Vítimas Feridas,Pleno dia,Decrescente,Céu Claro,Múltipla,Interseção de Vias;Viaduto;Rotatória,Sim,4,0,2,0,2,0,2,2,-26.88747187,-48.72252969,SPRF-SC,DEL04-SC,UOP04-DEL04-SC,2021
"393682,0",2021-11-03,quarta-feira,16:15:00,SC,101,"200,0",SAO JOSE,Demais falhas mecânicas ou elétricas,Tombamento,Com Vítimas Feridas,Pleno dia,Decrescente,Céu Claro,Dupla,Reta,Sim,1,0,1,0,0,0,1,1,-27.54018513,-48.62287714,SPRF-SC,DEL01-SC,UOP01-DEL01-SC,2021
"393683,0",2021-11-03,quarta-feira,13:20:00,SC,470,"138,9",RIO DO SUL,Manobra de mudança de faixa,Colisão lateral mesmo sentido,Com Vítimas Feridas,Pleno dia,Decrescente,Céu Claro,Simples,Em Obras;Reta,Sim,2,0,1,0,1,0,1,2,-27.19775115,-49.62844133,SPRF-SC,DEL04-SC,UOP02-DEL04-SC,2021
"393688,0",2021-11-03,quarta-feira,16:20:00,SC,101,"97,0",BARRA VELHA,Demais falhas mecânicas ou elétricas,Queda de ocupante de veículo,Com Vítimas Feridas,Pleno dia,Decrescente,Céu Claro,Dupla,Reta,Não,2,0,2,0,0,0,2,1,-26.72823703,-48.70224928,SPRF-SC,DEL03-SC,UOP02-DEL03-SC,2021
"393733,0",2021-11-03,quarta-feira,19:00:00,SC,116,"6,9",MAFRA,Velocidade Incompatível,Capotamento,Com Vítimas Feridas,Plena Noite,Crescente,Céu Claro,Simples,Reta,Sim,2,0,1,1,0,0,2,1,-26.14644691,-49.82305806,SPRF-SC,DEL06-SC,UOP01-DEL06-SC,2021
"393776,0",2021-11-04,quinta-feira,08:55:00,SC,101,"118,6",ITAJAI,Manobra de mudança de faixa,Colisão traseira,Com Vítimas Feridas,Pleno dia,Crescente,Céu Claro,Dupla,Reta,Sim,2,0,1,0,1,0,1,2,-26.895859,-48.71903,SPRF-SC,DEL04-SC,UOP04-DEL04-SC,2021
"393781,0",2021-11-04,quinta-feira,07:50:00,SC,101,"207,5",SAO JOSE,Condutor deixou de manter distância do veículo da frente,Colisão traseira,Com Vítimas Feridas,Pleno dia,Decrescente,Céu Claro,Dupla,Reta,Sim,2,0,1,0,1,0,1,2,-27.60001226,-48.6226467,SPRF-SC,DEL01-SC,UOP01-DEL01-SC,2021
"393785,0",2021-11-04,quinta-feira,09:30:00,SC,280,"58,2",GUARAMIRIM,Condutor deixou de manter distância do veículo da frente,Colisão traseira,Com Vítimas Feridas,Pleno dia,Crescente,Nublado,Dupla,Reta,Não,2,0,1,0,1,0,1,2,-26.47415593,-49.021211,SPRF-SC,DEL03-SC,UOP03-DEL03-SC,2021
"393801,0",2021-10-11,segunda-feira,11:50:00,SC,280,"26,0",ARAQUARI,Ultrapassagem Indevida,Colisão transversal,Com Vítimas Feridas,Pleno dia,Decrescente,Nublado,Simples,Reta,Sim,2,0,0,1,1,0,1,2,-26.389697,-48.734109,SPRF-SC,DEL03-SC,UOP03-DEL03-SC,2021
"393856,0",2021-11-04,quinta-feira,14:50:00,SC,282,"561,0",NOVA ITABERABA,Avarias e/ou desgaste excessivo no pneu,Colisão com objeto,Sem Vítimas,Pleno dia,Decrescente,Céu Claro,Simples,Ponte,Não,1,0,0,0,0,1,0,1,-26.92643196,-52.8565979,SPRF-SC,DEL07-SC,UOP02-DEL07-SC,2021
"393863,0",2021-11-04,quinta-feira,19:10:00,SC,101,"117,2",ITAJAI,Ingestão de álcool pelo condutor,Colisão transversal,Com Vítimas Feridas,Plena Noite,Decrescente,Céu Claro,Simples,Reta,Sim,2,0,2,0,0,0,2,2,-26.88747187,-48.72252969,SPRF-SC,DEL04-SC,UOP04-DEL04-SC,2021
"393876,0",2021-11-04,quinta-feira,20:37:00,SC,282,"22,6",SANTO AMARO DA IMPERATRIZ,Ingestão de álcool pelo condutor,Colisão traseira,Com Vítimas Feridas,Plena Noite,Decrescente,Nublado,Simples,Reta,Sim,2,0,1,0,1,0,1,2,-27.688507,-48.72739,SPRF-SC,DEL01-SC,UOP02-DEL01-SC,2021
"393883,0",2021-11-04,quinta-feira,22:00:00,SC,470,"66,0",INDAIAL,Acessar a via sem observar a presença dos outros veículos,Queda de ocupante de veículo,Com Vítimas Feridas,Plena Noite,Crescente,Nublado,Simples,Reta,Sim,2,0,0,1,1,0,1,2,-26.870407,-49.221844,SPRF-SC,DEL04-SC,UOP01-DEL04-SC,2021
"393885,0",2021-11-04,quinta-feira,21:40:00,SC,101,"83,0",BARRA VELHA,Ingestão de álcool pelo condutor,Saída de leito carroçável,Com Vítimas Feridas,Plena Noite,Decrescente,Céu Claro,Dupla,Reta,Não,2,0,1,0,0,1,1,2,-26.61865655,-48.71834126,SPRF-SC,DEL03-SC,UOP02-DEL03-SC,2021
"393892,0",2021-11-04,quinta-feira,23:30:00,SC,101,"208,2",SAO JOSE,Acessar a via sem observar a presença dos outros veículos,Colisão lateral mesmo sentido,Com Vítimas Feridas,Plena Noite,Crescente,Nublado,Dupla,Reta,Sim,4,0,0,2,2,0,2,3,-27.60327979,-48.63201818,SPRF-SC,DEL01-SC,UOP01-DEL01-SC,2021
"393897,0",2021-11-04,quinta-feira,22:25:00,SC,480,"130,5",CHAPECO,Velocidade Incompatível,Colisão com objeto,Com Vítimas Feridas,Plena Noite,Decrescente,Céu Claro,Simples,Reta,Sim,1,0,1,0,0,0,1,1,-27.05534298,-52.63652069,SPRF-SC,DEL07-SC,UOP01-DEL07-SC,2021
"393904,0",2021-11-05,sexta-feira,00:30:00,SC,101,"297,9",LAGUNA,Reação tardia ou ineficiente do condutor,Colisão com objeto,Com Vítimas Feridas,Plena Noite,Decrescente,Céu Claro,Dupla,Curva,Não,2,0,1,0,1,0,1,1,-28.3463509,-48.73553395,SPRF-SC,DEL02-SC,UOP03-DEL02-SC,2021
"393910,0",2021-11-05,sexta-feira,03:30:00,SC,101,"172,9",TIJUCAS,Condutor Dormindo,Saída de leito carroçável,Sem Vítimas,Plena Noite,Decrescente,Chuva,Dupla,Reta,Não,1,0,0,0,1,0,0,1,-27.31398818,-48.63155831,SPRF-SC,DEL04-SC,UOP03-DEL04-SC,2021
"393920,0",2021-11-05,sexta-feira,06:10:00,SC,470,"56,2",BLUMENAU,Ingestão de álcool pelo condutor,Saída de leito carroçável,Sem Vítimas,Amanhecer,Decrescente,Nublado,Simples,Aclive;Reta,Sim,1,0,0,0,0,1,0,1,-26.87798605,-49.13195556,SPRF-SC,DEL04-SC,UOP01-DEL04-SC,2021
"393924,0",2021-11-05,sexta-feira,06:50:00,SC,280,"126,9",RIO NEGRINHO,Condutor deixou de manter distância do veículo da frente,Colisão traseira,Sem Vítimas,Pleno dia,Decrescente,Céu Claro,Simples,Reta,Sim,2,0,0,0,2,0,0,2,-26.23779604,-49.49427399,SPRF-SC,DEL06-SC,UOP03-DEL06-SC,2021
"393929,0",2021-11-05,sexta-feira,06:50:00,SC,101,"133,1",BALNEARIO CAMBORIU,Reação tardia ou ineficiente do condutor,Colisão traseira,Com Vítimas Feridas,Pleno dia,Crescente,Nublado,Dupla,Reta,Não,2,0,1,0,1,0,1,2,-26.99936,-48.64609,SPRF-SC,DEL04-SC,UOP03-DEL04-SC,2021
"393941,0",2021-11-05,sexta-feira,08:45:00,SC,116,"246,1",LAGES,Desrespeitar a preferência no cruzamento,Tombamento,Com Vítimas Feridas,Pleno dia,Crescente,Céu Claro,Simples,Reta,Sim,2,0,1,0,0,1,1,2,-27.80419942,-50.36509464,SPRF-SC,DEL05-SC,UOP02-DEL05-SC,2021
"393962,0",2021-11-05,sexta-feira,12:00:00,SC,101,"123,0",ITAJAI,Desrespeitar a preferência no cruzamento,Colisão transversal,Com Vítimas Feridas,Pleno dia,Crescente,Céu Claro,Múltipla,Interseção de Vias,Sim,4,0,1,1,2,0,2,2,-26.93668609,-48.69876905,SPRF-SC,DEL04-SC,UOP04-DEL04-SC,2021
"394002,0",2021-11-05,sexta-feira,16:20:00,SC,101,"210,0",PALHOCA,Trafegar com motocicleta (ou similar) entre as faixas,Tombamento,Com Vítimas Feridas,Pleno dia,Decrescente,Sol,Dupla,Reta,Sim,1,0,1,0,0,0,1,1,-27.6167305,-48.6457265,SPRF-SC,DEL01-SC,UOP01-DEL01-SC,2021
"394005,0",2021-11-05,sexta-feira,16:35:00,SC,101,"213,0",PALHOCA,Manobra de mudança de faixa,Queda de ocupante de veículo,Com Vítimas Feridas,Pleno dia,Decrescente,Céu Claro,Dupla,Reta,Sim,1,0,1,0,0,0,1,1,-27.63697369,-48.66514142,SPRF-SC,DEL01-SC,UOP02-DEL01-SC,2021
"394023,0",2021-11-05,sexta-feira,18:20:00,SC,101,"119,0",ITAJAI,Condutor deixou de manter distância do veículo da frente,Colisão traseira,Com Vítimas Feridas,Anoitecer,Crescente,Nublado,Múltipla,Reta;Interseção de Vias,Sim,3,0,2,0,1,0,2,3,-26.9043179,-48.71555481,SPRF-SC,DEL04-SC,UOP04-DEL04-SC,2021
"394030,0",2021-11-05,sexta-feira,18:15:00,SC,101,"195,3",BIGUACU,Trafegar com motocicleta (ou similar) entre as faixas,Colisão lateral mesmo sentido,Com Vítimas Feridas,Plena Noite,Crescente,Céu Claro,Múltipla,Reta,Sim,2,0,1,0,1,0,1,2,-27.5047092,-48.65010819,SPRF-SC,DEL01-SC,UOP01-DEL01-SC,2021
"394041,0",2021-11-05,sexta-feira,18:55:00,SC,101,"127,0",ITAJAI,Trafegar com motocicleta (ou similar) entre as faixas,Colisão lateral mesmo sentido,Com Vítimas Feridas,Plena Noite,Crescente,Céu Claro,Dupla,Reta,Não,2,0,2,0,0,0,2,1,-26.9639319,-48.68328024,SPRF-SC,DEL04-SC,UOP04-DEL04-SC,2021
"394046,0",2021-11-05,sexta-feira,19:00:00,SC,101,"361,0",SANGAO,Acumulo de areia ou detritos sobre o pavimento,Tombamento,Com Vítimas Feridas,Plena Noite,Decrescente,Céu Claro,Simples,Reta,Sim,1,0,1,0,0,0,1,1,-28.66584041,-49.1146566,SPRF-SC,DEL02-SC,UOP01-DEL02-SC,2021
"394050,0",2021-11-05,sexta-feira,19:15:00,SC,101,"24,6",JOINVILLE,Acessar a via sem observar a presença dos outros veículos,Colisão transversal,Com Vítimas Feridas,Plena Noite,Decrescente,Céu Claro,Simples,Reta,Sim,2,0,2,0,0,0,2,2,-26.17483309,-48.90767978,SPRF-SC,DEL03-SC,UOP01-DEL03-SC,2021
"394062,0",2021-11-05,sexta-feira,19:30:00,SC,163,"72,5",SAO MIGUEL DO OESTE,Condutor deixou de manter distância do veículo da frente,Colisão traseira,Com Vítimas Feridas,Plena Noite,Crescente,Chuva,Simples,Reta,Sim,4,0,2,0,2,0,2,2,-26.71908804,-53.5157791,SPRF-SC,DEL07-SC,UOP03-DEL07-SC,2021
"394063,0",2021-11-05,sexta-feira,20:50:00,SC,101,"227,0",PALHOCA,Desrespeitar a preferência no cruzamento,Colisão transversal,Com Vítimas Feridas,Plena Noite,Decrescente,Garoa/Chuvisco,Múltipla,Interseção de Vias,Não,2,0,1,0,1,0,1,2,-27.7509149,-48.63460277,SPRF-SC,DEL01-SC,UOP02-DEL01-SC,2021
"394077,0",2021-11-05,sexta-feira,23:15:00,SC,282,"22,0",SANTO AMARO DA IMPERATRIZ,Ausência de reação do condutor,Colisão com objeto,Com Vítimas Feridas,Plena Noite,Crescente,Chuva,Simples,Curva,Sim,1,0,1,0,0,0,1,1,-27.688507,-48.72739,SPRF-SC,DEL01-SC,UOP02-DEL01-SC,2021
"394135,0",2021-11-06,sábado,07:00:00,SC,101,"116,4",ITAJAI,Reação tardia ou ineficiente do condutor,Colisão traseira,Com Vítimas Feridas,Pleno dia,Decrescente,Nublado,Múltipla,Reta,Não,2,0,1,0,1,0,1,2,-26.87905605,-48.72603512,SPRF-SC,DEL04-SC,UOP04-DEL04-SC,2021
"394138,0",2021-11-06,sábado,08:25:00,SC,101,"264,2",GAROPABA,Ingestão de álcool pelo condutor,Saída de leito carroçável,Com Vítimas Feridas,Pleno dia,Decrescente,Garoa/Chuvisco,Múltipla,Curva,Não,2,0,1,0,1,0,1,2,-28.05656318,-48.71757925,SPRF-SC,DEL02-SC,UOP03-DEL02-SC,2021
"394158,0",2021-11-06,sábado,12:15:00,SC,101,"327,0",CAPIVARI DE BAIXO,Condutor deixou de manter distância do veículo da frente,Colisão traseira,Com Vítimas Feridas,Pleno dia,Decrescente,Nublado,Simples,Declive;Reta,Não,2,0,1,0,1,0,1,2,-28.44244966,-48.96443367,SPRF-SC,DEL02-SC,UOP01-DEL02-SC,2021
"394161,0",2021-11-06,sábado,13:00:00,SC,101,"144,9",ITAPEMA,Ingestão de álcool pelo condutor,Colisão com objeto,Com Vítimas Feridas,Pleno dia,Decrescente,Nublado,Dupla,Reta,Não,1,0,1,0,0,0,1,1,-27.0732659,-48.59672716,SPRF-SC,DEL04-SC,UOP03-DEL04-SC,2021
"394165,0",2021-11-06,sábado,13:20:00,SC,101,"145,2",ITAPEMA,Reação tardia ou ineficiente do condutor,Tombamento,Com Vítimas Feridas,Pleno dia,Decrescente,Nublado,Dupla,Aclive,Sim,1,0,1,0,0,0,1,1,-27.08139206,-48.60130993,SPRF-SC,DEL04-SC,UOP03-DEL04-SC,2021
"394188,0",2021-11-06,sábado,14:45:00,SC,101,"121,8",ITAJAI,Velocidade Incompatível,Colisão lateral mesmo sentido,Com Vítimas Feridas,Pleno dia,Decrescente,Nublado,Dupla,Reta,Não,3,0,1,0,2,0,1,3,-26.92103178,-48.70856446,SPRF-SC,DEL04-SC,UOP04-DEL04-SC,2021
"394231,0",2021-11-06,sábado,18:00:00,SC,101,"155,0",PORTO BELO,Velocidade Incompatível,Colisão com objeto,Sem Vítimas,Anoitecer,Crescente,Chuva,Dupla,Viaduto,Sim,1,0,0,0,0,1,0,1,-27.16292,-48.61129,SPRF-SC,DEL04-SC,UOP03-DEL04-SC,2021
"394233,0",2021-11-06,sábado,17:00:00,SC,280,"28,0",ARAQUARI,Condutor deixou de manter distância do veículo da frente,Engavetamento,Com Vítimas Feridas,Pleno dia,Crescente,Nublado,Simples,Reta,Sim,6,0,1,0,5,0,1,3,-26.40450077,-48.74561031,SPRF-SC,DEL03-SC,UOP03-DEL03-SC,2021
"394245,0",2021-11-06,sábado,18:00:00,SC,470,"101,3",APIUNA,Velocidade Incompatível,Saída de leito carroçável,Sem Vítimas,Pleno dia,Crescente,Nublado,Simples,Reta,Sim,2,0,0,0,1,1,0,2,-27.05836143,-49.38972473,SPRF-SC,DEL04-SC,UOP02-DEL04-SC,2021
"394248,0",2021-11-06,sábado,19:00:00,SC,470,"54,5",BLUMENAU,Demais falhas mecânicas ou elétricas,Colisão lateral sentido oposto,Com Vítimas Feridas,Anoitecer,Crescente,Sol,Simples,Reta,Sim,2,0,1,0,1,0,1,2,-26.871065,-49.110374,SPRF-SC,DEL04-SC,UOP01-DEL04-SC,2021
"394279,0",2021-11-06,sábado,23:10:00,SC,101,"55,6",JOINVILLE,Velocidade Incompatível,Colisão com objeto,Com Vítimas Feridas,Plena Noite,Crescente,Chuva,Dupla,Curva,Não,2,0,1,0,1,0,1,1,-26.43086479,-48.82402204,SPRF-SC,DEL03-SC,UOP01-DEL03-SC,2021
"394284,0",2021-11-06,sábado,23:20:00,SC,101,"327,0",CAPIVARI DE BAIXO,Iluminação deficiente,Atropelamento de Pedestre,Com Vítimas Feridas,Plena Noite,Crescente,Nublado,Dupla,Reta;Aclive;Interseção de Vias,Não,2,0,0,1,0,1,1,2,-28.44176099,-48.96455169,SPRF-SC,DEL02-SC,UOP01-DEL02-SC,2021
"394287,0",2021-11-06,sábado,22:15:00,SC,101,"162,7",TIJUCAS,Pedestre cruzava a pista fora da faixa,Atropelamento de Pedestre,Com Vítimas Fatais,Plena Noite,Crescente,Chuva,Múltipla,Reta;Viaduto,Sim,2,1,0,0,1,0,0,2,-27.22956162,-48.62914681,SPRF-SC,DEL04-SC,UOP03-DEL04-SC,2021
"394299,0",2021-11-07,domingo,02:20:00,SC,101,"329,0",TUBARAO,Acumulo de água sobre o pavimento,Saída de leito carroçável,Com Vítimas Feridas,Plena Noite,Decrescente,Chuva,Dupla,Reta,Não,1,0,1,0,0,0,1,1,-28.44404822,-48.96611372,SPRF-SC,DEL02-SC,UOP01-DEL02-SC,2021
"394301,0",2021-11-06,sábado,19:40:00,SC,101,"347,0",JAGUARUNA,Condutor deixou de manter distância do veículo da frente,Colisão traseira,Sem Vítimas,Plena Noite,Decrescente,Céu Claro,Dupla,Reta,Sim,2,0,0,0,2,0,0,2,-28.56402604,-49.05410532,SPRF-SC,DEL02-SC,UOP01-DEL02-SC,2021
"394316,0",2021-11-07,domingo,05:10:00,SC,101,"199,2",SAO JOSE,Ingestão de álcool pelo condutor,Saída de leito carroçável,Com Vítimas Feridas,Pleno dia,Crescente,Nublado,Dupla,Reta,Sim,2,0,2,0,0,0,2,1,-27.53413705,-48.63003205,SPRF-SC,DEL01-SC,UOP01-DEL01-SC,2021
"394318,0",2021-11-07,domingo,05:50:00,SC,470,"65,9",INDAIAL,Reação tardia ou ineficiente do condutor,Capotamento,Com Vítimas Feridas,Pleno dia,Decrescente,Céu Claro,Simples,Curva,Não,2,0,2,0,0,0,2,1,-26.874521,-49.182938,SPRF-SC,DEL04-SC,UOP01-DEL04-SC,2021
"394327,0",2021-11-07,domingo,04:45:00,SC,101,"116,1",ITAJAI,Pedestre andava na pista,Atropelamento de Pedestre,Com Vítimas Fatais,Plena Noite,Crescente,Chuva,Múltipla,Reta,Sim,2,1,0,0,1,0,0,2,-26.87905605,-48.72603512,SPRF-SC,DEL04-SC,UOP04-DEL04-SC,2021
"394331,0",2021-11-06,sábado,22:20:00,SC,101,"40,0",JOINVILLE,Ingestão de álcool e/ou substâncias psicoativas pelo pedestre,Colisão com objeto,Sem Vítimas,Plena Noite,Decrescente,Garoa/Chuvisco,Simples,Curva,Sim,1,0,0,0,1,0,0,1,-26.27176094,-48.89468382,SPRF-SC,DEL03-SC,UOP01-DEL03-SC,2021
"394349,0",2021-11-07,domingo,09:14:00,SC,282,"92,0",ALFREDO WAGNER,Trafegar com motocicleta (ou similar) entre as faixas,Colisão lateral mesmo sentido,Com Vítimas Feridas,Pleno dia,Decrescente,Nublado,Simples,Reta,Não,2,0,1,0,1,0,1,2,-27.697363,-49.23542,SPRF-SC,DEL01-SC,UOP03-DEL01-SC,2021
"394372,0",2021-11-07,domingo,10:45:00,SC,101,"158,2",PORTO BELO,Reação tardia ou ineficiente do condutor,Colisão com objeto,Com Vítimas Feridas,Pleno dia,Crescente,Nublado,Dupla,Reta,Sim,3,0,0,2,1,0,2,2,-27.19096301,-48.61259017,SPRF-SC,DEL04-SC,UOP03-DEL04-SC,2021
"394378,0",2021-11-07,domingo,12:35:00,SC,101,"307,1",LAGUNA,Ingestão de álcool pelo condutor,Saída de leito carroçável,Com Vítimas Feridas,Pleno dia,Decrescente,Céu Claro,Simples,Reta,Não,2,0,1,1,0,0,2,1,-28.39199505,-48.77826295,SPRF-SC,DEL02-SC,UOP03-DEL02-SC,2021
"394393,0",2021-11-07,domingo,12:45:00,SC,470,"73,2",INDAIAL,Ausência de reação do condutor,Saída de leito carroçável,Com Vítimas Feridas,Pleno dia,Decrescente,Nublado,Simples,Reta,Sim,1,0,1,0,0,0,1,1,-26.91150847,-49.27745819,SPRF-SC,DEL04-SC,UOP01-DEL04-SC,2021
"394398,0",2021-11-07,domingo,11:45:00,SC,470,"145,2",RIO DO SUL,Acessar a via sem observar a presença dos outros veículos,Colisão transversal,Com Vítimas Feridas,Pleno dia,Crescente,Nublado,Simples,Curva,Não,2,0,1,0,1,0,1,2,-27.237301,-49.682217,SPRF-SC,DEL04-SC,UOP02-DEL04-SC,2021
"394400,0",2021-11-07,domingo,14:45:00,SC,101,"379,0",ICARA,Reação tardia ou ineficiente do condutor,Colisão com objeto,Com Vítimas Feridas,Pleno dia,Decrescente,Céu Claro,Múltipla,Reta,Sim,4,0,2,0,2,0,2,3,-28.75470381,-49.27695578,SPRF-SC,DEL02-SC,UOP02-DEL02-SC,2021
"394458,0",2021-11-07,domingo,17:30:00,SC,470,"63,0",INDAIAL,Entrada inopinada do pedestre,Atropelamento de Pedestre,Com Vítimas Feridas,Pleno dia,Crescente,Nublado,Dupla,Reta,Não,2,0,1,0,1,0,1,2,-26.872396,-49.19228,SPRF-SC,DEL04-SC,UOP01-DEL04-SC,2021
"394466,0",2021-11-07,domingo,21:35:00,SC,101,"208,4",SAO JOSE,Condutor desrespeitou a iluminação vermelha do semáforo,Colisão transversal,Com Vítimas Feridas,Plena Noite,Crescente,Céu Claro,Dupla,Curva,Sim,2,0,1,0,1,0,1,2,-27.60327979,-48.63201818,SPRF-SC,DEL01-SC,UOP01-DEL01-SC,2021
"394483,0",2021-11-07,domingo,21:20:00,SC,116,"107,0",MONTE CASTELO,Velocidade Incompatível,Tombamento,Com Vítimas Feridas,Plena Noite,Decrescente,Céu Claro,Simples,Curva,Não,2,0,2,0,0,0,2,1,-26.75568818,-50.32812388,SPRF-SC,DEL06-SC,UOP02-DEL06-SC,2021
"394496,0",2021-11-08,segunda-feira,00:55:00,SC,101,"137,2",BALNEARIO CAMBORIU,Ingestão de álcool pelo condutor,Colisão com objeto,Sem Vítimas,Plena Noite,Decrescente,Nublado,Dupla,Reta,Sim,1,0,0,0,1,0,0,1,-27.0157238,-48.61192763,SPRF-SC,DEL04-SC,UOP03-DEL04-SC,2021
"394497,0",2021-11-08,segunda-feira,02:15:00,SC,101,"370,9",ICARA,Condutor Dormindo,Colisão com objeto,Com Vítimas Fatais,Plena Noite,Decrescente,Nublado,Dupla,Reta,Sim,1,1,0,0,0,0,0,1,-28.71063245,-49.21215177,SPRF-SC,DEL02-SC,UOP01-DEL02-SC,2021