id,data_inversa,dia_semana,horario,uf,br,km,municipio,causa_acidente,tipo_acidente,classificacao_acidente,fase_dia,sentido_via,condicao_metereologica,tipo_pista,tracado_via,uso_solo,pessoas,mortos,feridos_leves,feridos_graves,ilesos,ignorados,feridos,veiculos,latitude,longitude,regional,delegacia,uop,ano_arquivo
"396421,0",2021-11-09,terça-feira,17:00:00,SC,470,"248,6",CURITIBANOS,Desrespeitar a preferência no cruzamento,Colisão transversal,Com Vítimas Feridas,Pleno dia,Decrescente,Sol,Simples,Interseção de Vias,Não,3,0,1,0,2,0,1,3,-27.314163,-50.550713,SPRF-SC,DEL05-SC,UOP03-DEL05-SC,2021
"396431,0",2021-11-17,quarta-feira,19:15:00,SC,101,"407,0",ARARANGUA,Manobra de mudança de faixa,Colisão com objeto,Com Vítimas Feridas,Plena Noite,Crescente,Chuva,Dupla,Reta;Viaduto,Sim,1,0,1,0,0,0,1,1,-28.90009415,-49.47472781,SPRF-SC,DEL02-SC,UOP02-DEL02-SC,2021
"396436,0",2021-11-17,quarta-feira,15:40:00,SC,470,"133,6",RIO DO SUL,Ingestão de álcool pelo condutor,Saída de leito carroçável,Com Vítimas Feridas,Pleno dia,Decrescente,Nublado,Simples,Interseção de Vias,Não,1,0,1,0,0,0,1,1,-27.174187,-49.588497,SPRF-SC,DEL04-SC,UOP02-DEL04-SC,2021
"396456,0",2021-11-18,quinta-feira,00:10:00,SC,101,"145,0",ITAPEMA,Reação tardia ou ineficiente do condutor,Colisão traseira,Com Vítimas Feridas,Plena Noite,Decrescente,Garoa/Chuvisco,Múltipla,Reta,Sim,2,0,1,0,1,0,1,2,-27.08139206,-48.60130993,SPRF-SC,DEL04-SC,UOP03-DEL04-SC,2021
"396483,0",2021-11-18,quinta-feira,07:30:00,SC,101,"22,4",JOINVILLE,Pista Escorregadia,Tombamento,Com Vítimas Feridas,Pleno dia,Crescente,Garoa/Chuvisco,Dupla,Reta,Não,1,0,1,0,0,0,1,1,-26.15679993,-48.90786269,SPRF-SC,DEL03-SC,UOP01-DEL03-SC,2021
"396496,0",2021-11-18,quinta-feira,09:50:00,SC,101,"204,0",SAO JOSE,Chuva,Tombamento,Com Vítimas Feridas,Pleno dia,Decrescente,Chuva,Múltipla,Declive,Sim,2,0,1,1,0,0,2,1,-27.57413014,-48.61363083,SPRF-SC,DEL01-SC,UOP01-DEL01-SC,2021
"396503,0",2021-11-18,quinta-feira,06:15:00,SC,101,"139,0",BALNEARIO CAMBORIU,Ausência de reação do condutor,Queda de ocupante de veículo,Sem Vítimas,Pleno dia,Crescente,Nublado,Dupla,Curva,Sim,1,0,0,0,0,1,0,1,-27.02982303,-48.60115006,SPRF-SC,DEL04-SC,UOP03-DEL04-SC,2021
"396508,0",2021-11-18,quinta-feira,08:00:00,SC,116,"247,3",LAGES,Reação tardia ou ineficiente do condutor,Colisão lateral sentido oposto,Com Vítimas Feridas,Pleno dia,Crescente,Chuva,Simples,Reta,Não,2,0,2,0,0,0,2,2,-27.81262488,-50.36859817,SPRF-SC,DEL05-SC,UOP02-DEL05-SC,2021
"396514,0",2021-11-18,quinta-feira,11:20:00,SC,101,"129,9",BALNEARIO CAMBORIU,Reação tardia ou ineficiente do condutor,Saída de leito carroçável,Com Vítimas Feridas,Pleno dia,Decrescente,Chuva,Dupla,Reta,Não,2,0,1,0,1,0,1,1,-26.98064277,-48.6790679,SPRF-SC,DEL04-SC,UOP03-DEL04-SC,2021
"396525,0",2021-11-18,quinta-feira,11:30:00,SC,101,"100,6",BALNEARIO PICARRAS,Reação tardia ou ineficiente do condutor,Tombamento,Com Vítimas Feridas,Pleno dia,Crescente,Chuva,Dupla,Aclive,Sim,2,0,1,0,1,0,1,1,-26.75482787,-48.68993675,SPRF-SC,DEL03-SC,UOP02-DEL03-SC,2021
"396526,0",2021-11-18,quinta-feira,08:30:00,SC,470,"246,3",CURITIBANOS,Reação tardia ou ineficiente do condutor,Colisão traseira,Com Vítimas Feridas,Pleno dia,Decrescente,Chuva,Simples,Reta,Não,2,0,1,0,1,0,1,2,-27.315086,-50.532715,SPRF-SC,DEL05-SC,UOP03-DEL05-SC,2021
"396528,0",2021-11-18,quinta-feira,09:25:00,SC,470,"210,7",SAO CRISTOVAO DO SUL,Velocidade Incompatível,Saída de leito carroçável,Com Vítimas Feridas,Pleno dia,Crescente,Chuva,Simples,Curva,Não,1,0,1,0,0,0,1,1,-27.302412,-50.219173,SPRF-SC,DEL05-SC,UOP03-DEL05-SC,2021
"396559,0",2021-11-18,quinta-feira,14:30:00,SC,470,"136,0",RIO DO SUL,Transitar no acostamento,Colisão transversal,Com Vítimas Feridas,Pleno dia,Decrescente,Nublado,Simples,Reta,Sim,2,0,1,0,1,0,1,2,-27.18253922,-49.60086823,SPRF-SC,DEL04-SC,UOP02-DEL04-SC,2021
"396569,0",2021-11-18,quinta-feira,16:50:00,SC,101,"394,0",CRICIUMA,Chuva,Colisão lateral mesmo sentido,Com Vítimas Feridas,Pleno dia,Crescente,Chuva,Múltipla,Interseção de Vias,Sim,3,0,1,0,2,0,1,2,-28.81326275,-49.38911611,SPRF-SC,DEL02-SC,UOP02-DEL02-SC,2021
"396580,0",2021-11-18,quinta-feira,15:45:00,SC,282,"307,3",VARGEM,Avarias e/ou desgaste excessivo no pneu,Saída de leito carroçável,Com Vítimas Feridas,Pleno dia,Crescente,Chuva,Simples,Curva;Declive,Não,1,0,0,1,0,0,1,1,-27.495266,-50.962605,SPRF-SC,DEL07-SC,UOP06-DEL07-SC,2021
"396603,0",2021-11-18,quinta-feira,19:40:00,SC,101,"216,4",PALHOCA,Demais falhas mecânicas ou elétricas,Colisão com objeto,Com Vítimas Feridas,Plena Noite,Decrescente,Garoa/Chuvisco,Múltipla,Interseção de Vias,Sim,1,0,0,1,0,0,1,1,-27.66271101,-48.6757673,SPRF-SC,DEL01-SC,UOP02-DEL01-SC,2021
"396616,0",2021-11-18,quinta-feira,21:40:00,SC,280,"50,9",GUARAMIRIM,Ausência de sinalização,Colisão com objeto,Com Vítimas Feridas,Plena Noite,Crescente,Chuva,Dupla,Reta;Em Obras,Sim,3,0,2,1,0,0,3,1,-26.4619489,-48.94618404,SPRF-SC,DEL03-SC,UOP03-DEL03-SC,2021
"396621,0",2021-11-18,quinta-feira,22:40:00,SC,101,"323,3",PESCARIA BRAVA,Ingestão de álcool pelo condutor,Tombamento,Com Vítimas Feridas,Plena Noite,Decrescente,Chuva,Dupla,Reta,Não,1,0,1,0,0,0,1,1,-28.42612789,-48.9320755,SPRF-SC,DEL02-SC,UOP01-DEL02-SC,2021
"396623,0",2021-11-18,quinta-feira,14:55:00,SC,282,"137,1",BOM RETIRO,Velocidade Incompatível,Saída de leito carroçável,Com Vítimas Feridas,Pleno dia,Decrescente,Nublado,Simples,Rotatória,Não,2,0,0,2,0,0,2,1,-27.82281397,-49.56948638,SPRF-SC,DEL05-SC,UOP01-DEL05-SC,2021
"396629,0",2021-11-19,sexta-feira,02:15:00,SC,282,"645,8",SAO MIGUEL DO OESTE,Ingestão de álcool pelo condutor,Colisão com objeto,Sem Vítimas,Plena Noite,Crescente,Nublado,Simples,Interseção de Vias,Sim,1,0,0,0,0,1,0,1,-26.76148411,-53.50007642,SPRF-SC,DEL07-SC,UOP03-DEL07-SC,2021
"396631,0",2021-11-19,sexta-feira,02:45:00,SC,101,"121,9",ITAJAI,Condutor deixou de manter distância do veículo da frente,Colisão traseira,Com Vítimas Feridas,Plena Noite,Crescente,Nublado,Dupla,Reta,Sim,3,0,1,0,2,0,1,3,-26.92103178,-48.70856446,SPRF-SC,DEL04-SC,UOP04-DEL04-SC,2021
"396669,0",2021-11-19,sexta-feira,09:50:00,SC,282,"24,7",SANTO AMARO DA IMPERATRIZ,Desrespeitar a preferência no cruzamento,Colisão transversal,Com Vítimas Feridas,Plena Noite,Decrescente,Nublado,Múltipla,Reta,Sim,2,0,0,1,1,0,1,2,-27.678228,-48.752895,SPRF-SC,DEL01-SC,UOP03-DEL01-SC,2021
"396681,0",2021-09-26,domingo,19:17:00,SC,101,"118,0",ITAJAI,Velocidade Incompatível,Tombamento,Com Vítimas Feridas,Plena Noite,Decrescente,Ignorado,Múltipla,Reta,Sim,1,0,1,0,0,0,1,1,-26.895859,-48.71903,SPRF-SC,DEL04-SC,UOP04-DEL04-SC,2021
"396688,0",2021-11-15,segunda-feira,00:30:00,SC,101,"333,9",TUBARAO,Reação tardia ou ineficiente do condutor,Colisão traseira,Com Vítimas Feridas,Plena Noite,Crescente,Nublado,Múltipla,Rotatória,Sim,4,0,4,0,0,0,4,2,-28.46993978,-49.01503086,SPRF-SC,DEL02-SC,UOP01-DEL02-SC,2021
"396706,0",2021-11-19,sexta-feira,14:00:00,SC,470,"175,0",POUSO REDONDO,Conversão proibida,Colisão lateral mesmo sentido,Com Vítimas Feridas,Pleno dia,Crescente,Céu Claro,Simples,Reta,Sim,3,0,2,0,1,0,2,2,-27.25617,-49.938969,SPRF-SC,DEL04-SC,UOP02-DEL04-SC,2021
"396725,0",2021-11-19,sexta-feira,16:15:00,SC,101,"163,5",TIJUCAS,Reação tardia ou ineficiente do condutor,Atropelamento de Pedestre,Com Vítimas Feridas,Pleno dia,Decrescente,Nublado,Múltipla,Reta,Sim,2,0,1,0,1,0,1,2,-27.23461699,-48.63039809,SPRF-SC,DEL04-SC,UOP03-DEL04-SC,2021
"396761,0",2021-11-19,sexta-feira,19:00:00,SC,101,"117,0",ITAJAI,Ausência de reação do condutor,Engavetamento,Com Vítimas Feridas,Anoitecer,Decrescente,Nublado,Dupla,Viaduto,Sim,5,0,1,0,4,0,1,3,-26.88747187,-48.72252969,SPRF-SC,DEL04-SC,UOP04-DEL04-SC,2021
"396762,0",2021-11-19,sexta-feira,18:00:00,SC,470,"175,0",POUSO REDONDO,Pedestre cruzava a pista fora da faixa,Atropelamento de Pedestre,Com Vítimas Feridas,Anoitecer,Decrescente,Céu Claro,Simples,Declive,Sim,2,0,0,1,1,0,1,2,-27.25617,-49.938969,SPRF-SC,DEL04-SC,UOP02-DEL04-SC,2021
"396787,0",2021-11-19,sexta-feira,17:00:00,SC,280,"13,5",SAO FRANCISCO DO SUL,Reação tardia ou ineficiente do condutor,Colisão transversal,Com Vítimas Feridas,Pleno dia,Decrescente,Nublado,Simples,Interseção de Vias,Não,3,0,0,2,1,0,2,2,-26.32783559,-48.65043283,SPRF-SC,DEL03-SC,UOP03-DEL03-SC,2021
"396791,0",2021-11-19,sexta-feira,19:30:00,SC,101,"400,8",MARACAJA,Ingestão de álcool pelo condutor,Colisão traseira,Sem Vítimas,Plena Noite,Decrescente,Nublado,Múltipla,Interseção de Vias,Sim,2,0,0,0,2,0,0,2,-28.84846615,-49.4346268,SPRF-SC,DEL02-SC,UOP02-DEL02-SC,2021
"396792,0",2021-11-19,sexta-feira,19:00:00,SC,101,"336,0",TUBARAO,Ausência de reação do condutor,Colisão traseira,Com Vítimas Feridas,Anoitecer,Crescente,Céu Claro,Simples,Reta,Sim,2,0,0,1,1,0,1,2,-28.47311347,-49.02437375,SPRF-SC,DEL02-SC,UOP01-DEL02-SC,2021
"396793,0",2021-11-19,sexta-feira,19:35:00,SC,101,"19,0",JOINVILLE,Transitar no acostamento,Colisão traseira,Com Vítimas Feridas,Plena Noite,Decrescente,Chuva,Dupla,Aclive;Reta,Não,2,0,1,0,1,0,1,2,-26.13376586,-48.89661416,SPRF-SC,DEL03-SC,UOP01-DEL03-SC,2021
"396810,0",2021-11-19,sexta-feira,23:45:00,SC,101,"243,0",PALHOCA,Reação tardia ou ineficiente do condutor,Colisão traseira,Com Vítimas Feridas,Plena Noite,Crescente,Céu Claro,Dupla,Reta,Não,4,0,1,0,3,0,1,3,-27.88419902,-48.64750077,SPRF-SC,DEL01-SC,UOP02-DEL01-SC,2021
"396831,0",2021-11-20,sábado,03:16:00,SC,101,"198,5",BIGUACU,Ingestão de álcool pelo condutor,Colisão transversal,Com Vítimas Feridas,Plena Noite,Crescente,Céu Claro,Múltipla,Reta,Sim,2,0,0,1,1,0,1,2,-27.52658712,-48.63506019,SPRF-SC,DEL01-SC,UOP01-DEL01-SC,2021
"396841,0",2021-11-20,sábado,05:00:00,SC,101,"195,0",BIGUACU,Ingestão de álcool pelo condutor,Colisão com objeto,Sem Vítimas,Pleno dia,Crescente,Céu Claro,Dupla,Reta,Sim,1,0,0,0,1,0,0,1,-27.5047092,-48.65010819,SPRF-SC,DEL01-SC,UOP01-DEL01-SC,2021
"396842,0",2021-11-20,sábado,04:20:00,SC,470,"47,0",BLUMENAU,Ausência de reação do condutor,Colisão traseira,Com Vítimas Feridas,Amanhecer,Decrescente,Céu Claro,Simples,Curva,Não,5,0,0,2,3,0,2,2,-26.864044,-49.046516,SPRF-SC,DEL04-SC,UOP01-DEL04-SC,2021
"396844,0",2021-11-20,sábado,05:05:00,SC,101,"115,0",ITAJAI,Condutor Dormindo,Colisão com objeto,Sem Vítimas,Amanhecer,Decrescente,Céu Claro,Dupla,Reta,Sim,1,0,0,0,1,0,0,1,-26.87064015,-48.72954134,SPRF-SC,DEL04-SC,UOP04-DEL04-SC,2021
"396846,0",2021-11-20,sábado,05:00:00,SC,101,"436,0",SOMBRIO,Reação tardia ou ineficiente do condutor,Colisão transversal,Com Vítimas Feridas,Amanhecer,Decrescente,Céu Claro,Simples,Interseção de Vias,Sim,2,0,1,0,1,0,1,2,-29.10817487,-49.63739835,SPRF-SC,DEL02-SC,UOP02-DEL02-SC,2021
"396872,0",2021-11-08,segunda-feira,22:05:00,SC,101,"415,5",ARARANGUA,Desrespeitar a preferência no cruzamento,Colisão transversal,Com Vítimas Feridas,Plena Noite,Decrescente,Nublado,Simples,Reta,Sim,2,0,0,1,1,0,1,2,-28.96933474,-49.52526212,SPRF-SC,DEL02-SC,UOP02-DEL02-SC,2021
"396899,0",2021-11-20,sábado,04:40:00,SC,163,"119,8",DIONISIO CERQUEIRA,Ingestão de álcool pelo condutor,Saída de leito carroçável,Com Vítimas Feridas,Amanhecer,Decrescente,Céu Claro,Simples,Curva;Declive,Não,4,0,3,0,0,1,3,1,-26.33696105,-53.54629684,SPRF-SC,DEL07-SC,UOP03-DEL07-SC,2021
"396907,0",2021-11-20,sábado,11:50:00,SC,101,"206,8",SAO JOSE,Condutor deixou de manter distância do veículo da frente,Colisão traseira,Com Vítimas Feridas,Pleno dia,Crescente,Céu Claro,Dupla,Reta,Sim,3,0,2,0,1,0,2,2,-27.59193546,-48.61824557,SPRF-SC,DEL01-SC,UOP01-DEL01-SC,2021
"396912,0",2021-11-20,sábado,12:25:00,SC,101,"206,4",SAO JOSE,Reação tardia ou ineficiente do condutor,Colisão lateral mesmo sentido,Com Vítimas Feridas,Pleno dia,Crescente,Céu Claro,Múltipla,Reta,Sim,2,0,1,0,1,0,1,2,-27.59193546,-48.61824557,SPRF-SC,DEL01-SC,UOP01-DEL01-SC,2021
"396920,0",2021-11-20,sábado,12:45:00,SC,101,"203,8",SAO JOSE,Frear bruscamente,Tombamento,Com Vítimas Feridas,Pleno dia,Crescente,Céu Claro,Dupla,Reta,Sim,1,0,1,0,0,0,1,1,-27.57413014,-48.61363083,SPRF-SC,DEL01-SC,UOP01-DEL01-SC,2021
"396927,0",2021-11-20,sábado,13:20:00,SC,282,"120,0",SAO BENTO DO SUL,Ingestão de álcool pelo condutor,Colisão transversal,Sem Vítimas,Pleno dia,Crescente,Céu Claro,Simples,Rotatória,Sim,2,0,0,0,2,0,0,2,-26.24546409,-49.46034729,SPRF-SC,DEL05-SC,UOP01-DEL05-SC,2021
"396949,0",2021-11-20,sábado,15:30:00,SC,470,"166,1",POUSO REDONDO,Conversão proibida,Colisão lateral mesmo sentido,Com Vítimas Feridas,Pleno dia,Decrescente,Céu Claro,Simples,Reta,Não,3,0,1,0,2,0,1,2,-27.275208,-49.855125,SPRF-SC,DEL04-SC,UOP02-DEL04-SC,2021
"396955,0",2021-11-20,sábado,16:50:00,SC,470,"68,0",INDAIAL,Retorno proibido,Colisão transversal,Com Vítimas Feridas,Pleno dia,Decrescente,Nublado,Simples,Em Obras;Reta,Sim,2,0,1,0,1,0,1,2,-26.8781435,-49.23993945,SPRF-SC,DEL04-SC,UOP01-DEL04-SC,2021
"396990,0",2021-11-09,terça-feira,12:10:00,SC,101,"151,0",ITAPEMA,Condutor deixou de manter distância do veículo da frente,Colisão traseira,Com Vítimas Feridas,Pleno dia,Decrescente,Nublado,Simples,Reta,Sim,2,0,1,0,1,0,1,2,-27.126536,-48.609642,SPRF-SC,DEL04-SC,UOP03-DEL04-SC,2021
"396992,0",2021-11-20,sábado,20:30:00,SC,101,"188,0",BIGUACU,Demais falhas mecânicas ou elétricas,Incêndio,Sem Vítimas,Plena Noite,Crescente,Nublado,Múltipla,Reta,Sim,1,0,0,0,1,0,0,1,-27.45123421,-48.63370766,SPRF-SC,DEL01-SC,UOP01-DEL01-SC,2021
"397024,0",2021-11-20,sábado,23:25:00,SC,470,"138,7",RIO DO SUL,Reação tardia ou ineficiente do condutor,Colisão transversal,Sem Vítimas,Plena Noite,Decrescente,Nublado,Simples,Reta,Sim,2,0,0,0,2,0,0,2,-27.19666045,-49.62739175,SPRF-SC,DEL04-SC,UOP02-DEL04-SC,2021
"397031,0",2021-11-20,sábado,22:00:00,SC,101,"138,6",BALNEARIO CAMBORIU,Obras na pista,Colisão traseira,Sem Vítimas,Plena Noite,Crescente,Céu Claro,Múltipla,Curva,Não,2,0,0,0,2,0,0,2,-27.02397426,-48.60761649,SPRF-SC,DEL04-SC,UOP03-DEL04-SC,2021
"397032,0",2021-11-21,domingo,00:15:00,SC,101,"216,0",PALHOCA,Manobra de mudança de faixa,Colisão lateral mesmo sentido,Com Vítimas Feridas,Plena Noite,Crescente,Nublado,Múltipla,Reta,Sim,2,0,2,0,0,0,2,1,-27.65981409,-48.67747798,SPRF-SC,DEL01-SC,UOP02-DEL01-SC,2021
"397053,0",2021-11-21,domingo,02:40:00,SC,101,"139,4",BALNEARIO CAMBORIU,Animais na Pista,Atropelamento de Animal,Com Vítimas Feridas,Plena Noite,Decrescente,Nublado,Dupla,Reta,Não,1,0,1,0,0,0,1,1,-27.02982303,-48.60115006,SPRF-SC,DEL04-SC,UOP03-DEL04-SC,2021
"397058,0",2021-11-21,domingo,04:00:00,SC,470,"111,2",IBIRAMA,Velocidade Incompatível,Saída de leito carroçável,Sem Vítimas,Plena Noite,Crescente,Céu Claro,Simples,Curva,Não,2,0,0,0,2,0,0,1,-27.095388,-49.457878,SPRF-SC,DEL04-SC,UOP02-DEL04-SC,2021
"397064,0",2021-11-21,domingo,03:00:00,SC,101,"116,0",ITAJAI,Ingestão de álcool pelo condutor,Saída de leito carroçável,Sem Vítimas,Plena Noite,Crescente,Nublado,Dupla,Reta,Não,1,0,0,0,0,1,0,1,-26.87905605,-48.72603512,SPRF-SC,DEL04-SC,UOP04-DEL04-SC,2021
"397079,0",2021-11-21,domingo,05:25:00,SC,101,"89,0",BARRA VELHA,Ausência de reação do condutor,Colisão com objeto,Com Vítimas Feridas,Amanhecer,Decrescente,Céu Claro,Dupla,Reta,Sim,1,0,1,0,0,0,1,1,-26.65175997,-48.68721921,SPRF-SC,DEL03-SC,UOP02-DEL03-SC,2021
"397082,0",2021-11-21,domingo,04:30:00,SC,101,"372,0",ICARA,Ingestão de álcool pelo condutor,Tombamento,Com Vítimas Feridas,Plena Noite,Decrescente,Céu Claro,Dupla,Reta,Não,3,0,1,0,2,0,1,1,-28.70864509,-49.20924696,SPRF-SC,DEL02-SC,UOP01-DEL02-SC,2021
"397086,0",2021-11-21,domingo,00:30:00,SC,101,"388,0",CRICIUMA,Ingestão de álcool pelo condutor,Saída de leito carroçável,Sem Vítimas,Plena Noite,Decrescente,Ignorado,Dupla,Reta,Sim,1,0,0,0,1,0,0,1,-28.78529329,-49.33739925,SPRF-SC,DEL02-SC,UOP02-DEL02-SC,2021
"397112,0",2021-11-21,domingo,09:20:00,SC,101,"67,0",ARAQUARI,Reação tardia ou ineficiente do condutor,Tombamento,Com Vítimas Feridas,Pleno dia,Decrescente,Sol,Dupla,Reta,Não,1,0,1,0,0,0,1,1,-26.48645,-48.73483602,SPRF-SC,DEL03-SC,UOP02-DEL03-SC,2021
"397115,0",2021-11-21,domingo,08:55:00,SC,101,"50,9",JOINVILLE,Ingestão de álcool pelo condutor,Atropelamento de Pedestre,Com Vítimas Feridas,Pleno dia,Crescente,Céu Claro,Dupla,Reta,Não,3,0,1,0,0,2,1,2,-26.39393113,-48.83886337,SPRF-SC,DEL03-SC,UOP01-DEL03-SC,2021
"397121,0",2021-11-21,domingo,10:30:00,SC,470,"173,4",POUSO REDONDO,Acessar a via sem observar a presença dos outros veículos,Tombamento,Com Vítimas Feridas,Pleno dia,Crescente,Sol,Simples,Interseção de Vias,Sim,3,0,1,1,1,0,2,2,-27.254238,-49.948658,SPRF-SC,DEL04-SC,UOP02-DEL04-SC,2021
"397130,0",2021-11-21,domingo,13:30:00,SC,101,"224,0",PALHOCA,Manobra de mudança de faixa,Colisão lateral mesmo sentido,Com Vítimas Feridas,Pleno dia,Decrescente,Sol,Dupla,Reta,Não,8,0,2,0,6,0,2,2,-27.72384789,-48.64386769,SPRF-SC,DEL01-SC,UOP02-DEL01-SC,2021
"397131,0",2021-11-21,domingo,13:35:00,SC,101,"57,6",ARAQUARI,Velocidade Incompatível,Colisão com objeto,Com Vítimas Feridas,Pleno dia,Decrescente,Céu Claro,Dupla,Curva,Não,2,0,1,1,0,0,2,1,-26.43847177,-48.80367279,SPRF-SC,DEL03-SC,UOP01-DEL03-SC,2021
"397134,0",2021-11-21,domingo,11:45:00,SC,480,"129,7",CHAPECO,Velocidade Incompatível,Colisão com objeto,Com Vítimas Fatais,Pleno dia,Crescente,Céu Claro,Dupla,Reta;Aclive,Sim,1,1,0,0,0,0,0,1,-27.052397,-52.635884,SPRF-SC,DEL07-SC,UOP01-DEL07-SC,2021
"397136,0",2021-11-21,domingo,11:40:00,SC,470,"30,9",GASPAR,Ausência de reação do condutor,Saída de leito carroçável,Com Vítimas Feridas,Pleno dia,Decrescente,Sol,Dupla,Reta,Não,1,0,1,0,0,0,1,1,-26.893518,-48.914028,SPRF-SC,DEL04-SC,UOP01-DEL04-SC,2021
"397137,0",2021-11-21,domingo,13:50:00,SC,101,"149,0",ITAPEMA,Ausência de reação do condutor,Colisão traseira,Com Vítimas Feridas,Pleno dia,Decrescente,Céu Claro,Simples,Reta,Sim,3,0,0,2,1,0,2,2,-27.1089649,-48.61277586,SPRF-SC,DEL04-SC,UOP03-DEL04-SC,2021
"397138,0",2021-11-21,domingo,14:00:00,SC,280,"27,2",ARAQUARI,Reação tardia ou ineficiente do condutor,Colisão transversal,Com Vítimas Feridas,Pleno dia,Decrescente,Sol,Simples,Reta,Não,2,0,0,1,1,0,1,2,-26.39685622,-48.74021969,SPRF-SC,DEL03-SC,UOP03-DEL03-SC,2021
"397144,0",2021-11-21,domingo,15:15:00,SC,101,"145,0",ITAPEMA,Manobra de mudança de faixa,Colisão lateral mesmo sentido,Com Vítimas Feridas,Pleno dia,Decrescente,Céu Claro,Dupla,Reta,Sim,3,0,2,0,1,0,2,2,-27.08139206,-48.60130993,SPRF-SC,DEL04-SC,UOP03-DEL04-SC,2021
"397146,0",2021-11-21,domingo,06:30:00,SC,116,"126,0",SANTA CECILIA,Velocidade Incompatível,Tombamento,Com Vítimas Feridas,Pleno dia,Decrescente,Sol,Simples,Curva,Não,1,0,1,0,0,0,1,1,-26.86727993,-50.40768508,SPRF-SC,DEL06-SC,UOP02-DEL06-SC,2021
"397154,0",2021-11-21,domingo,15:30:00,SC,470,"168,7",POUSO REDONDO,Ingestão de álcool pelo condutor,Colisão transversal,Sem Vítimas,Pleno dia,Decrescente,Sol,Simples,Interseção de Vias,Não,3,0,0,0,3,0,0,3,-27.266994,-49.872524,SPRF-SC,DEL04-SC,UOP02-DEL04-SC,2021
"397162,0",2021-10-12,terça-feira,20:25:00,SC,282,"499,2",XANXERE,Acessar a via sem observar a presença dos outros veículos,Colisão transversal,Com Vítimas Feridas,Pleno dia,Crescente,Céu Claro,Simples,Rotatória,Não,3,0,2,0,1,0,2,2,-26.88046,-52.35953,SPRF-SC,DEL07-SC,UOP01-DEL07-SC,2021
"397167,0",2021-11-21,domingo,17:30:00,SC,101,"126,7",ITAJAI,Ausência de reação do condutor,Colisão traseira,Com Vítimas Feridas,Pleno dia,Decrescente,Nublado,Dupla,Reta,Sim,3,0,1,0,2,0,1,2,-26.95564404,-48.67978366,SPRF-SC,DEL04-SC,UOP04-DEL04-SC,2021
"397192,0",2021-11-21,domingo,19:20:00,SC,101,"142,0",BALNEARIO CAMBORIU,Velocidade Incompatível,Colisão traseira,Com Vítimas Feridas,Plena Noite,Decrescente,Céu Claro,Simples,Reta,Sim,3,0,1,0,2,0,1,2,-27.056089,-48.599449,SPRF-SC,DEL04-SC,UOP03-DEL04-SC,2021
"397196,0",2021-11-21,domingo,18:30:00,SC,280,"52,0",GUARAMIRIM,Ausência de reação do condutor,Colisão traseira,Com Vítimas Feridas,Pleno dia,Crescente,Sol,Dupla,Interseção de Vias,Não,3,0,2,0,1,0,2,2,-26.46772058,-48.96233082,SPRF-SC,DEL03-SC,UOP03-DEL03-SC,2021
"397199,0",2021-11-21,domingo,15:40:00,SC,101,"109,7",PENHA,Velocidade Incompatível,Colisão com objeto,Com Vítimas Feridas,Pleno dia,Crescente,Sol,Dupla,Curva,Não,3,0,1,0,2,0,1,2,-26.8333519,-48.69632106,SPRF-SC,DEL03-SC,UOP02-DEL03-SC,2021
"397204,0",2021-11-21,domingo,15:48:00,SC,282,"463,0",PONTE SERRADA,Desrespeitar a preferência no cruzamento,Colisão transversal,Com Vítimas Feridas,Pleno dia,Crescente,Céu Claro,Simples,Rotatória,Sim,3,0,3,0,0,0,3,2,-26.855036,-52.059551,SPRF-SC,DEL07-SC,UOP04-DEL07-SC,2021
"397222,0",2021-10-23,sábado,06:30:00,SC,282,"6,0",SAO JOSE,Velocidade Incompatível,Saída de leito carroçável,Sem Vítimas,Pleno dia,Crescente,Sol,Múltipla,Declive;Curva,Sim,1,0,0,0,0,1,0,1,-27.591936,-48.618244,SPRF-SC,DEL01-SC,UOP01-DEL01-SC,2021
"397223,0",2021-11-21,domingo,17:15:00,SC,470,"31,7",GASPAR,Manobra de mudança de faixa,Colisão traseira,Com Vítimas Feridas,Pleno dia,Crescente,Céu Claro,Dupla,Reta,Não,4,0,1,3,0,0,4,2,-26.89730451,-48.92347466,SPRF-SC,DEL04-SC,UOP01-DEL04-SC,2021
"397225,0",2021-11-21,domingo,17:05:00,SC,282,"571,6",NOVA ERECHIM,Conversão proibida,Colisão transversal,Com Vítimas Feridas,Pleno dia,Crescente,Sol,Simples,Reta,Não,2,0,1,0,1,0,1,2,-26.883053,-52.939816,SPRF-SC,DEL07-SC,UOP02-DEL07-SC,2021
"397227,0",2021-10-15,sexta-feira,23:20:00,SC,101,"208,6",SAO JOSE,Desrespeitar a preferência no cruzamento,Colisão transversal,Com Vítimas Feridas,Plena Noite,Decrescente,Céu Claro,Dupla,Interseção de Vias,Sim,2,0,1,0,1,0,1,2,-27.60327979,-48.63201818,SPRF-SC,DEL01-SC,UOP01-DEL01-SC,2021
"397228,0",2021-11-21,domingo,21:00:00,SC,101,"198,0",BIGUACU,Ingestão de álcool pelo condutor,Colisão lateral mesmo sentido,Com Vítimas Feridas,Plena Noite,Decrescente,Céu Claro,Dupla,Reta,Sim,4,0,4,0,0,0,4,2,-27.52658712,-48.63506019,SPRF-SC,DEL01-SC,UOP01-DEL01-SC,2021
"397245,0",2021-11-21,domingo,22:50:00,SC,101,"276,0",IMBITUBA,Pedestre cruzava a pista fora da faixa,Atropelamento de Pedestre,Com Vítimas Feridas,Plena Noite,Decrescente,Céu Claro,Dupla,Reta,Sim,2,0,0,1,1,0,1,2,-28.14644701,-48.69204746,SPRF-SC,DEL02-SC,UOP03-DEL02-SC,2021