id,data_inversa,dia_semana,horario,uf,br,km,municipio,causa_acidente,tipo_acidente,classificacao_acidente,fase_dia,sentido_via,condicao_metereologica,tipo_pista,tracado_via,uso_solo,pessoas,mortos,feridos_leves,feridos_graves,ilesos,ignorados,feridos,veiculos,latitude,longitude,regional,delegacia,uop,ano_arquivo
"397262,0",2021-11-22,segunda-feira,04:45:00,SC,280,"31,4",ARAQUARI,Reação tardia ou ineficiente do condutor,Colisão lateral mesmo sentido,Com Vítimas Feridas,Amanhecer,Crescente,Nublado,Simples,Reta,Não,3,0,3,0,0,0,3,3,-26.41649938,-48.77181215,SPRF-SC,DEL03-SC,UOP03-DEL03-SC,2021
"397273,0",2021-11-22,segunda-feira,05:00:00,SC,470,"70,8",INDAIAL,Ausência de reação do condutor,Colisão transversal,Com Vítimas Feridas,Amanhecer,Decrescente,Nublado,Simples,Reta,Não,2,0,0,1,1,0,1,2,-26.889374,-49.254478,SPRF-SC,DEL04-SC,UOP01-DEL04-SC,2021
"397278,0",2021-11-22,segunda-feira,07:15:00,SC,101,"198,7",BIGUACU,Manobra de mudança de faixa,Colisão lateral mesmo sentido,Com Vítimas Feridas,Pleno dia,Crescente,Céu Claro,Múltipla,Reta,Sim,2,0,1,0,1,0,1,2,-27.52658712,-48.63506019,SPRF-SC,DEL01-SC,UOP01-DEL01-SC,2021
"397283,0",2021-11-22,segunda-feira,06:25:00,SC,470,"27,0",ILHOTA,Ausência de reação do condutor,Saída de leito carroçável,Com Vítimas Feridas,Pleno dia,Crescente,Céu Claro,Dupla,Reta,Não,2,0,1,0,0,1,1,2,-26.891006,-48.884411,SPRF-SC,DEL04-SC,UOP04-DEL04-SC,2021
"397285,0",2021-11-22,segunda-feira,07:30:00,SC,101,"207,0",SAO JOSE,Demais falhas mecânicas ou elétricas,Tombamento,Com Vítimas Feridas,Pleno dia,Decrescente,Céu Claro,Múltipla,Reta,Sim,2,0,2,0,0,0,2,1,-27.60001226,-48.6226467,SPRF-SC,DEL01-SC,UOP01-DEL01-SC,2021
"397288,0",2021-11-22,segunda-feira,08:04:00,SC,101,"206,9",SAO JOSE,Condutor deixou de manter distância do veículo da frente,Colisão traseira,Sem Vítimas,Pleno dia,Crescente,Céu Claro,Múltipla,Reta,Sim,2,0,0,0,2,0,0,2,-27.59193546,-48.61824557,SPRF-SC,DEL01-SC,UOP01-DEL01-SC,2021
"397312,0",2021-11-22,segunda-feira,09:16:00,SC,101,"257,0",PAULO LOPES,Ausência de reação do condutor,Colisão traseira,Com Vítimas Feridas,Pleno dia,Crescente,Céu Claro,Dupla,Reta;Aclive,Não,3,0,1,0,1,1,1,3,-27.99701205,-48.68755194,SPRF-SC,DEL02-SC,UOP03-DEL02-SC,2021
"397324,0",2021-11-22,segunda-feira,09:30:00,SC,280,"109,0",SAO BENTO DO SUL,Acessar a via sem observar a presença dos outros veículos,Colisão transversal,Com Vítimas Feridas,Pleno dia,Crescente,Céu Claro,Simples,Interseção de Vias,Não,3,0,1,0,2,0,1,2,-26.30893871,-49.38811541,SPRF-SC,DEL06-SC,UOP03-DEL06-SC,2021
"397363,0",2021-11-22,segunda-feira,14:25:00,SC,280,"33,1",ARAQUARI,Desrespeitar a preferência no cruzamento,Colisão transversal,Com Vítimas Feridas,Pleno dia,Decrescente,Sol,Simples,Interseção de Vias,Não,4,0,2,0,2,0,2,2,-26.42530979,-48.78659248,SPRF-SC,DEL03-SC,UOP03-DEL03-SC,2021
"397380,0",2021-11-22,segunda-feira,15:35:00,SC,470,"70,0",INDAIAL,Conversão proibida,Colisão transversal,Com Vítimas Feridas,Pleno dia,Crescente,Céu Claro,Simples,Em Obras,Sim,2,0,0,1,1,0,1,2,-26.889374,-49.254478,SPRF-SC,DEL04-SC,UOP01-DEL04-SC,2021
"397381,0",2021-11-22,segunda-feira,18:55:00,SC,101,"112,6",ITAJAI,Manobra de mudança de faixa,Colisão lateral mesmo sentido,Com Vítimas Feridas,Anoitecer,Decrescente,Céu Claro,Múltipla,Reta,Sim,3,0,1,0,2,0,1,2,-26.84589005,-48.72131295,SPRF-SC,DEL04-SC,UOP04-DEL04-SC,2021
"397388,0",2021-11-22,segunda-feira,20:20:00,SC,101,"206,9",SAO JOSE,Desrespeitar a preferência no cruzamento,Colisão transversal,Com Vítimas Feridas,Plena Noite,Decrescente,Nublado,Dupla,Viaduto,Sim,5,0,5,0,0,0,5,2,-27.59193546,-48.61824557,SPRF-SC,DEL01-SC,UOP01-DEL01-SC,2021
"397390,0",2021-11-22,segunda-feira,19:50:00,SC,163,"82,1",GUARACIABA,Animais na Pista,Atropelamento de Animal,Com Vítimas Feridas,Pleno dia,Crescente,Céu Claro,Simples,Declive;Reta,Não,1,0,0,1,0,0,1,1,-26.63150107,-53.51783752,SPRF-SC,DEL07-SC,UOP03-DEL07-SC,2021
"397396,0",2021-11-22,segunda-feira,18:30:00,SC,282,"529,1",CORDILHEIRA ALTA,Acessar a via sem observar a presença dos outros veículos,Colisão transversal,Com Vítimas Feridas,Anoitecer,Crescente,Céu Claro,Simples,Declive;Interseção de Vias;Reta,Sim,3,0,2,1,0,0,3,2,-26.982185,-52.59734,SPRF-SC,DEL07-SC,UOP01-DEL07-SC,2021
"397397,0",2021-11-22,segunda-feira,20:20:00,SC,470,"125,5",LONTRAS,Transitar na contramão,Colisão frontal,Com Vítimas Feridas,Plena Noite,Decrescente,Céu Claro,Simples,Reta,Não,2,0,1,1,0,0,2,2,-27.120506,-49.534946,SPRF-SC,DEL04-SC,UOP02-DEL04-SC,2021
"397426,0",2021-11-23,terça-feira,07:20:00,SC,101,"214,9",PALHOCA,Acessar a via sem observar a presença dos outros veículos,Colisão lateral mesmo sentido,Com Vítimas Feridas,Pleno dia,Decrescente,Sol,Dupla,Reta,Sim,4,0,2,0,2,0,2,3,-27.64443,-48.67057,SPRF-SC,DEL01-SC,UOP02-DEL01-SC,2021
"397434,0",2021-11-22,segunda-feira,14:40:00,SC,101,"9,6",GARUVA,Avarias e/ou desgaste excessivo no pneu,Tombamento,Com Vítimas Feridas,Pleno dia,Crescente,Sol,Dupla,Reta,Não,2,0,1,0,1,0,1,1,-26.053987,-48.859608,SPRF-SC,DEL03-SC,UOP01-DEL03-SC,2021
"397470,0",2021-11-23,terça-feira,12:00:00,SC,470,"171,0",POUSO REDONDO,Acessar a via sem observar a presença dos outros veículos,Colisão transversal,Com Vítimas Feridas,Pleno dia,Crescente,Nublado,Simples,Reta,Não,2,0,1,0,1,0,1,2,-27.260828,-49.900455,SPRF-SC,DEL04-SC,UOP02-DEL04-SC,2021
"397474,0",2021-11-23,terça-feira,12:40:00,SC,101,"205,0",SAO JOSE,Condutor deixou de manter distância do veículo da frente,Colisão traseira,Com Vítimas Feridas,Pleno dia,Decrescente,Céu Claro,Múltipla,Reta,Sim,2,0,0,1,1,0,1,2,-27.58313237,-48.61532885,SPRF-SC,DEL01-SC,UOP01-DEL01-SC,2021
"397480,0",2021-11-23,terça-feira,07:30:00,SC,470,"89,7",ASCURRA,Acessar a via sem observar a presença dos outros veículos,Colisão transversal,Com Vítimas Feridas,Pleno dia,Crescente,Sol,Simples,Reta,Sim,5,0,4,1,0,0,5,2,-26.961573,-49.371918,SPRF-SC,DEL04-SC,UOP01-DEL04-SC,2021
"397487,0",2021-09-05,domingo,06:40:00,SC,101,"130,5",CAMBORIU,Reação tardia ou ineficiente do condutor,Capotamento,Com Vítimas Feridas,Pleno dia,Crescente,Chuva,Dupla,Curva,Sim,1,0,1,0,0,0,1,1,-26.98407618,-48.66977107,SPRF-SC,DEL04-SC,UOP03-DEL04-SC,2021
"397500,0",2021-11-23,terça-feira,14:50:00,SC,101,"212,3",PALHOCA,Reação tardia ou ineficiente do condutor,Colisão traseira,Com Vítimas Feridas,Pleno dia,Crescente,Céu Claro,Múltipla,Reta,Sim,3,0,2,0,1,0,2,2,-27.63204226,-48.66131258,SPRF-SC,DEL01-SC,UOP02-DEL01-SC,2021
"397501,0",2021-11-23,terça-feira,15:40:00,SC,101,"195,0",BIGUACU,Condutor deixou de manter distância do veículo da frente,Colisão traseira,Com Vítimas Feridas,Pleno dia,Decrescente,Céu Claro,Dupla,Reta,Sim,2,0,1,0,1,0,1,2,-27.5047092,-48.65010819,SPRF-SC,DEL01-SC,UOP01-DEL01-SC,2021
"397516,0",2021-11-23,terça-feira,16:35:00,SC,280,"52,0",GUARAMIRIM,Desvio temporário,Colisão lateral mesmo sentido,Com Vítimas Feridas,Pleno dia,Crescente,Chuva,Simples,Rotatória;Desvio Temporário,Não,2,0,1,0,1,0,1,2,-26.468904,-48.96492,SPRF-SC,DEL03-SC,UOP03-DEL03-SC,2021
"397525,0",2021-11-23,terça-feira,17:50:00,SC,101,"211,0",PALHOCA,Acessar a via sem observar a presença dos outros veículos,Colisão lateral mesmo sentido,Com Vítimas Feridas,Pleno dia,Crescente,Sol,Dupla,Reta,Sim,2,0,1,0,1,0,1,2,-27.62329313,-48.65245588,SPRF-SC,DEL01-SC,UOP02-DEL01-SC,2021
"397535,0",2021-11-23,terça-feira,14:00:00,SC,101,"134,0",BALNEARIO CAMBORIU,Acessar a via sem observar a presença dos outros veículos,Colisão com objeto,Com Vítimas Feridas,Pleno dia,Crescente,Céu Claro,Dupla,Reta,Não,2,0,1,0,1,0,1,2,-27.00218,-48.636433,SPRF-SC,DEL04-SC,UOP03-DEL04-SC,2021
"397536,0",2021-11-23,terça-feira,17:30:00,SC,101,"134,1",BALNEARIO CAMBORIU,Reação tardia ou ineficiente do condutor,Colisão transversal,Com Vítimas Feridas,Pleno dia,Crescente,Céu Claro,Múltipla,Reta,Não,2,0,2,0,0,0,2,2,-27.00218,-48.636433,SPRF-SC,DEL04-SC,UOP03-DEL04-SC,2021
"397538,0",2021-11-23,terça-feira,19:12:00,SC,101,"208,6",SAO JOSE,Reação tardia ou ineficiente do condutor,Colisão traseira,Com Vítimas Feridas,Plena Noite,Crescente,Nublado,Múltipla,Reta,Não,2,0,0,1,1,0,1,2,-27.60327979,-48.63201818,SPRF-SC,DEL01-SC,UOP01-DEL01-SC,2021
"397561,0",2021-11-11,quinta-feira,16:30:00,SC,101,"193,0",SAO JOSE,Velocidade Incompatível,Colisão traseira,Com Vítimas Feridas,Pleno dia,Crescente,Céu Claro,Dupla,Reta,Sim,2,0,0,1,1,0,1,2,-27.489574,-48.655914,SPRF-SC,DEL01-SC,UOP01-DEL01-SC,2021
"397566,0",2021-11-23,terça-feira,17:05:00,SC,280,"286,0",IRINEOPOLIS,Acessar a via sem observar a presença dos outros veículos,Colisão transversal,Com Vítimas Feridas,Pleno dia,Decrescente,Céu Claro,Simples,Aclive;Retorno Regulamentado;Reta,Não,4,0,2,0,2,0,2,2,-26.29133732,-50.88060379,SPRF-SC,DEL06-SC,UOP04-DEL06-SC,2021
"397569,0",2021-11-23,terça-feira,20:50:00,SC,470,"68,0",INDAIAL,Retorno proibido,Colisão transversal,Sem Vítimas,Plena Noite,Crescente,Céu Claro,Simples,Em Obras,Não,2,0,0,0,1,1,0,2,-26.877615,-49.239231,SPRF-SC,DEL04-SC,UOP01-DEL04-SC,2021
"397597,0",2021-11-24,quarta-feira,06:40:00,SC,101,"203,0",SAO JOSE,Transitar na calçada,Atropelamento de Pedestre,Com Vítimas Feridas,Pleno dia,Decrescente,Nublado,Múltipla,Reta,Sim,2,0,1,1,0,0,2,2,-27.5650044,-48.61460082,SPRF-SC,DEL01-SC,UOP01-DEL01-SC,2021
"397607,0",2021-11-24,quarta-feira,08:10:00,SC,101,"112,0",ITAJAI,Condutor deixou de manter distância do veículo da frente,Colisão traseira,Com Vítimas Feridas,Pleno dia,Crescente,Nublado,Dupla,Reta,Sim,2,0,1,0,1,0,1,2,-26.84589005,-48.72131295,SPRF-SC,DEL04-SC,UOP04-DEL04-SC,2021
"397609,0",2021-11-24,quarta-feira,07:50:00,SC,101,"135,7",BALNEARIO CAMBORIU,Reação tardia ou ineficiente do condutor,Colisão com objeto,Com Vítimas Feridas,Pleno dia,Crescente,Nublado,Múltipla,Reta,Não,1,0,0,1,0,0,1,1,-27.0050108,-48.62677494,SPRF-SC,DEL04-SC,UOP03-DEL04-SC,2021
"397663,0",2021-11-24,quarta-feira,13:05:00,SC,282,"6,2",SAO JOSE,Manobra de mudança de faixa,Colisão lateral mesmo sentido,Com Vítimas Feridas,Pleno dia,Decrescente,Céu Claro,Simples,Curva,Sim,2,0,1,0,1,0,1,2,-27.591936,-48.618244,SPRF-SC,DEL01-SC,UOP01-DEL01-SC,2021
"397671,0",2021-11-24,quarta-feira,14:45:00,SC,282,"18,0",PALHOCA,Mal súbito do condutor,Colisão traseira,Com Vítimas Feridas,Pleno dia,Decrescente,Nublado,Simples,Reta,Sim,2,0,1,0,1,0,1,2,-27.672798,-48.694286,SPRF-SC,DEL01-SC,UOP02-DEL01-SC,2021
"397681,0",2021-11-16,terça-feira,17:15:00,SC,282,"3,0",FLORIANOPOLIS,Condutor deixou de manter distância do veículo da frente,Colisão traseira,Com Vítimas Feridas,Pleno dia,Crescente,Nublado,Múltipla,Curva,Sim,2,0,0,1,1,0,1,2,-27.600384,-48.599705,SPRF-SC,DEL01-SC,UOP01-DEL01-SC,2021
"397694,0",2021-11-24,quarta-feira,16:30:00,SC,101,"38,7",JOINVILLE,Desrespeitar a preferência no cruzamento,Colisão transversal,Com Vítimas Feridas,Pleno dia,Crescente,Nublado,Dupla,Viaduto;Rotatória;Interseção de Vias,Sim,2,0,1,0,1,0,1,2,-26.25472505,-48.90561309,SPRF-SC,DEL03-SC,UOP01-DEL03-SC,2021
"397725,0",2021-11-24,quarta-feira,18:20:00,SC,101,"382,8",ICARA,Ausência de reação do condutor,Colisão lateral sentido oposto,Com Vítimas Feridas,Pleno dia,Decrescente,Céu Claro,Simples,Reta,Não,2,0,1,0,0,1,1,2,-28.75966988,-49.28552404,SPRF-SC,DEL02-SC,UOP02-DEL02-SC,2021
"397760,0",2021-11-24,quarta-feira,23:30:00,SC,163,"71,0",SAO MIGUEL DO OESTE,Ingestão de álcool e/ou substâncias psicoativas pelo pedestre,Saída de leito carroçável,Sem Vítimas,Plena Noite,Crescente,Céu Claro,Dupla,Curva,Sim,1,0,0,0,1,0,0,1,-26.72772401,-53.51281303,SPRF-SC,DEL07-SC,UOP03-DEL07-SC,2021
"397775,0",2021-11-25,quinta-feira,05:30:00,SC,282,"16,0",PALHOCA,Desrespeitar a preferência no cruzamento,Colisão transversal,Com Vítimas Feridas,Pleno dia,Crescente,Nublado,Dupla,Reta,Sim,4,0,2,0,2,0,2,2,-27.658611,-48.681847,SPRF-SC,DEL01-SC,UOP02-DEL01-SC,2021
"397786,0",2021-11-25,quinta-feira,07:35:00,SC,101,"193,6",BIGUACU,Ausência de reação do condutor,Colisão traseira,Com Vítimas Feridas,Pleno dia,Crescente,Nublado,Múltipla,Interseção de Vias,Sim,3,0,1,0,0,2,1,3,-27.489574,-48.655914,SPRF-SC,DEL01-SC,UOP01-DEL01-SC,2021
"397812,0",2021-11-25,quinta-feira,08:50:00,SC,101,"98,5",BALNEARIO PICARRAS,Condutor Dormindo,Saída de leito carroçável,Com Vítimas Feridas,Pleno dia,Crescente,Nublado,Dupla,Reta,Não,1,0,1,0,0,0,1,1,-26.73760897,-48.69918789,SPRF-SC,DEL03-SC,UOP02-DEL03-SC,2021
"397819,0",2021-11-25,quinta-feira,07:50:00,SC,116,"18,0",MAFRA,Reação tardia ou ineficiente do condutor,Saída de leito carroçável,Com Vítimas Feridas,Pleno dia,Crescente,Nublado,Simples,Reta;Declive,Não,1,0,1,0,0,0,1,1,-26.22553498,-49.89348004,SPRF-SC,DEL06-SC,UOP01-DEL06-SC,2021
"397823,0",2021-11-25,quinta-feira,11:30:00,SC,101,"205,0",SAO JOSE,Ausência de reação do condutor,Saída de leito carroçável,Com Vítimas Feridas,Pleno dia,Crescente,Nublado,Múltipla,Curva,Sim,1,0,1,0,0,0,1,1,-27.58313237,-48.61532885,SPRF-SC,DEL01-SC,UOP01-DEL01-SC,2021
"397828,0",2021-11-25,quinta-feira,11:10:00,SC,163,"70,9",SAO MIGUEL DO OESTE,Conversão proibida,Colisão transversal,Com Vítimas Feridas,Pleno dia,Crescente,Céu Claro,Dupla,Interseção de Vias;Reta,Sim,2,0,1,0,1,0,1,2,-26.72866992,-53.51222634,SPRF-SC,DEL07-SC,UOP03-DEL07-SC,2021
"397833,0",2021-11-25,quinta-feira,10:55:00,SC,101,"338,0",TUBARAO,Ausência de reação do condutor,Colisão com objeto,Com Vítimas Feridas,Pleno dia,Decrescente,Sol,Múltipla,Reta,Sim,1,0,1,0,0,0,1,1,-28.485725,-49.03726,SPRF-SC,DEL02-SC,UOP01-DEL02-SC,2021
"397834,0",2021-11-25,quinta-feira,11:40:00,SC,101,"150,8",ITAPEMA,Condutor deixou de manter distância do veículo da frente,Colisão lateral mesmo sentido,Com Vítimas Feridas,Pleno dia,Decrescente,Céu Claro,Simples,Reta,Sim,2,0,1,0,1,0,1,2,-27.11744799,-48.60940987,SPRF-SC,DEL04-SC,UOP03-DEL04-SC,2021
"397854,0",2021-11-25,quinta-feira,14:45:00,SC,101,"458,0",SAO JOAO DO SUL,Acessar a via sem observar a presença dos outros veículos,Colisão lateral mesmo sentido,Com Vítimas Feridas,Pleno dia,Crescente,Céu Claro,Dupla,Reta,Não,2,0,1,0,1,0,1,2,-29.24075694,-49.75535784,SPRF-SC,DEL02-SC,UOP02-DEL02-SC,2021
"397911,0",2021-11-25,quinta-feira,20:00:00,SC,470,"237,4",SAO CRISTOVAO DO SUL,Reação tardia ou ineficiente do condutor,Colisão traseira,Sem Vítimas,Plena Noite,Decrescente,Chuva,Simples,Reta,Não,2,0,0,0,1,1,0,2,-27.304129,-50.456207,SPRF-SC,DEL05-SC,UOP03-DEL05-SC,2021
"397944,0",2021-11-25,quinta-feira,22:00:00,SC,282,"616,7",IRACEMINHA,Ausência de reação do condutor,Saída de leito carroçável,Sem Vítimas,Plena Noite,Crescente,Céu Claro,Simples,Rotatória,Não,1,0,0,0,0,1,0,1,-26.782682,-53.285789,SPRF-SC,DEL07-SC,UOP02-DEL07-SC,2021
"397945,0",2021-11-15,segunda-feira,10:00:00,SC,470,"140,9",RIO DO SUL,Acessar a via sem observar a presença dos outros veículos,Colisão lateral mesmo sentido,Com Vítimas Feridas,Pleno dia,Crescente,Céu Claro,Simples,Declive,Sim,3,0,2,1,0,0,3,2,-27.222485,-49.662827,SPRF-SC,DEL04-SC,UOP02-DEL04-SC,2021
"397952,0",2021-11-26,sexta-feira,07:45:00,SC,470,"53,8",BLUMENAU,Retorno proibido,Tombamento,Com Vítimas Feridas,Pleno dia,Decrescente,Céu Claro,Simples,Reta,Sim,2,0,1,0,1,0,1,2,-26.87103965,-49.10734713,SPRF-SC,DEL04-SC,UOP01-DEL04-SC,2021
"397956,0",2021-11-26,sexta-feira,07:55:00,SC,101,"201,0",SAO JOSE,Ausência de reação do condutor,Colisão com objeto,Com Vítimas Feridas,Pleno dia,Crescente,Céu Claro,Múltipla,Reta,Sim,1,0,1,0,0,0,1,1,-27.54836599,-48.61977975,SPRF-SC,DEL01-SC,UOP01-DEL01-SC,2021
"397998,0",2021-11-26,sexta-feira,11:00:00,SC,282,"2,0",FLORIANOPOLIS,Manobra de mudança de faixa,Colisão lateral mesmo sentido,Com Vítimas Feridas,Pleno dia,Decrescente,Nublado,Múltipla,Reta,Sim,2,0,0,1,1,0,1,2,-27.603289,-48.590416,SPRF-SC,DEL01-SC,UOP01-DEL01-SC,2021
"398000,0",2021-11-26,sexta-feira,11:00:00,SC,101,"117,0",ITAJAI,Transitar na contramão,Colisão transversal,Com Vítimas Feridas,Pleno dia,Decrescente,Céu Claro,Múltipla,Interseção de Vias,Sim,2,0,1,0,1,0,1,2,-26.88747187,-48.72252969,SPRF-SC,DEL04-SC,UOP04-DEL04-SC,2021
"398012,0",2021-11-26,sexta-feira,12:15:00,SC,101,"199,0",BIGUACU,Reação tardia ou ineficiente do condutor,Engavetamento,Sem Vítimas,Pleno dia,Crescente,Nublado,Múltipla,Reta;Aclive,Sim,3,0,0,0,2,1,0,3,-27.53413705,-48.63003205,SPRF-SC,DEL01-SC,UOP01-DEL01-SC,2021
"398039,0",2021-11-26,sexta-feira,16:00:00,SC,101,"180,0",BIGUACU,Velocidade Incompatível,Colisão com objeto,Com Vítimas Feridas,Pleno dia,Decrescente,Céu Claro,Dupla,Declive,Não,1,0,0,1,0,0,1,1,-27.3811238,-48.63090648,SPRF-SC,DEL01-SC,UOP01-DEL01-SC,2021
"398042,0",2021-11-26,sexta-feira,15:10:00,SC,470,"62,0",INDAIAL,Ausência de reação do condutor,Saída de leito carroçável,Com Vítimas Feridas,Pleno dia,Decrescente,Sol,Dupla,Reta,Sim,1,0,1,0,0,0,1,1,-26.874521,-49.182938,SPRF-SC,DEL04-SC,UOP01-DEL04-SC,2021
"398047,0",2021-11-26,sexta-feira,16:30:00,SC,101,"69,3",ARAQUARI,Avarias e/ou desgaste excessivo no pneu,Tombamento,Com Vítimas Feridas,Pleno dia,Crescente,Céu Claro,Dupla,Reta,Não,2,0,2,0,0,0,2,1,-26.50298009,-48.72814515,SPRF-SC,DEL03-SC,UOP02-DEL03-SC,2021
"398056,0",2021-11-26,sexta-feira,16:30:00,SC,101,"275,0",IMBITUBA,Animais na Pista,Atropelamento de Animal,Com Vítimas Feridas,Pleno dia,Decrescente,Céu Claro,Múltipla,Reta,Sim,1,0,0,1,0,0,1,1,-28.138086,-48.69218292,SPRF-SC,DEL02-SC,UOP03-DEL02-SC,2021
"398076,0",2021-11-26,sexta-feira,15:45:00,SC,280,"23,0",ARAQUARI,Manobra de mudança de faixa,Colisão transversal,Com Vítimas Feridas,Pleno dia,Decrescente,Sol,Simples,Reta,Sim,3,0,1,0,1,1,1,3,-26.37146,-48.711887,SPRF-SC,DEL03-SC,UOP03-DEL03-SC,2021
"398098,0",2021-11-26,sexta-feira,19:20:00,SC,101,"132,3",BALNEARIO CAMBORIU,Condutor deixou de manter distância do veículo da frente,Colisão traseira,Com Vítimas Feridas,Plena Noite,Crescente,Nublado,Dupla,Reta,Sim,3,0,1,0,2,0,1,2,-26.99654133,-48.65564711,SPRF-SC,DEL04-SC,UOP03-DEL04-SC,2021
"398107,0",2021-11-26,sexta-feira,22:10:00,SC,101,"204,0",SAO JOSE,Ingestão de álcool pelo condutor,Capotamento,Com Vítimas Feridas,Plena Noite,Crescente,Nublado,Múltipla,Reta,Sim,1,0,1,0,0,0,1,1,-27.57413014,-48.61363083,SPRF-SC,DEL01-SC,UOP01-DEL01-SC,2021
"398124,0",2021-11-26,sexta-feira,22:00:00,SC,101,"38,0",JOINVILLE,Ingestão de álcool pelo condutor,Tombamento,Com Vítimas Feridas,Plena Noite,Decrescente,Céu Claro,Simples,Reta,Sim,1,0,1,0,0,0,1,1,-26.25472505,-48.90561309,SPRF-SC,DEL03-SC,UOP01-DEL03-SC,2021
"398128,0",2021-11-27,sábado,00:30:00,SC,163,"108,0",GUARUJA DO SUL,Ausência de sinalização,Colisão frontal,Com Vítimas Feridas,Plena Noite,Decrescente,Céu Claro,Simples,Reta,Não,3,0,1,0,2,0,1,2,-26.42169886,-53.52568081,SPRF-SC,DEL07-SC,UOP03-DEL07-SC,2021
"398137,0",2021-11-27,sábado,03:00:00,SC,101,"211,0",PALHOCA,Ingestão de álcool pelo condutor,Capotamento,Com Vítimas Feridas,Plena Noite,Crescente,Chuva,Dupla,Reta,Sim,1,0,1,0,0,0,1,1,-27.62329313,-48.65245588,SPRF-SC,DEL01-SC,UOP02-DEL01-SC,2021
"398142,0",2021-11-26,sexta-feira,22:05:00,SC,282,"154,2",BOM RETIRO,Velocidade Incompatível,Colisão traseira,Com Vítimas Feridas,Plena Noite,Decrescente,Garoa/Chuvisco,Simples,Reta,Não,3,0,1,0,1,1,1,2,-27.754395,-49.69775,SPRF-SC,DEL05-SC,UOP01-DEL05-SC,2021
"398146,0",2021-11-27,sábado,05:00:00,SC,101,"326,0",CAPIVARI DE BAIXO,Ingestão de álcool pelo condutor,Colisão com objeto,Com Vítimas Feridas,Amanhecer,Crescente,Céu Claro,Múltipla,Reta,Não,3,0,3,0,0,0,3,1,-28.42524483,-48.94302707,SPRF-SC,DEL02-SC,UOP01-DEL02-SC,2021
"398147,0",2021-11-27,sábado,04:45:00,SC,101,"200,0",SAO JOSE,Velocidade Incompatível,Colisão com objeto,Sem Vítimas,Plena Noite,Decrescente,Chuva,Dupla,Reta,Sim,1,0,0,0,0,1,0,1,-27.54018513,-48.62287714,SPRF-SC,DEL01-SC,UOP01-DEL01-SC,2021
"398170,0",2021-11-27,sábado,07:30:00,SC,101,"123,0",ITAJAI,Desrespeitar a preferência no cruzamento,Colisão transversal,Com Vítimas Feridas,Pleno dia,Crescente,Céu Claro,Dupla,Interseção de Vias,Sim,2,0,1,0,1,0,1,2,-26.93668609,-48.69876905,SPRF-SC,DEL04-SC,UOP04-DEL04-SC,2021
"398197,0",2021-11-27,sábado,09:45:00,SC,101,"205,2",SAO JOSE,Manobra de mudança de faixa,Colisão lateral mesmo sentido,Com Vítimas Feridas,Pleno dia,Crescente,Céu Claro,Múltipla,Reta,Sim,2,0,1,0,1,0,1,2,-27.58313237,-48.61532885,SPRF-SC,DEL01-SC,UOP01-DEL01-SC,2021
"398206,0",2021-11-27,sábado,10:10:00,SC,101,"386,6",ICARA,Reação tardia ou ineficiente do condutor,Saída de leito carroçável,Com Vítimas Feridas,Pleno dia,Decrescente,Nublado,Dupla,Reta,Não,1,0,1,0,0,0,1,1,-28.77675081,-49.31999808,SPRF-SC,DEL02-SC,UOP02-DEL02-SC,2021
"398207,0",2021-11-27,sábado,10:00:00,SC,101,"206,2",SAO JOSE,Manobra de mudança de faixa,Colisão transversal,Com Vítimas Feridas,Pleno dia,Crescente,Céu Claro,Múltipla,Reta,Sim,2,0,1,0,1,0,1,2,-27.59367178,-48.61901879,SPRF-SC,DEL01-SC,UOP01-DEL01-SC,2021
"398218,0",2021-11-27,sábado,12:10:00,SC,101,"78,5",ARAQUARI,Ausência de reação do condutor,Colisão traseira,Com Vítimas Feridas,Pleno dia,Crescente,Sol,Dupla,Reta,Não,4,0,2,0,2,0,2,3,-26.57672096,-48.72270551,SPRF-SC,DEL03-SC,UOP02-DEL03-SC,2021
"398228,0",2021-11-27,sábado,11:25:00,SC,101,"262,0",PAULO LOPES,Ausência de reação do condutor,Colisão com objeto,Com Vítimas Feridas,Pleno dia,Decrescente,Céu Claro,Dupla,Reta,Não,2,0,1,0,1,0,1,1,-28.0353863,-48.70884453,SPRF-SC,DEL02-SC,UOP03-DEL02-SC,2021
"398229,0",2021-11-27,sábado,13:10:00,SC,282,"51,8",AGUAS MORNAS,Velocidade Incompatível,Tombamento,Com Vítimas Feridas,Pleno dia,Crescente,Nublado,Simples,Curva,Não,1,0,1,0,0,0,1,1,-27.703712,-48.959267,SPRF-SC,DEL01-SC,UOP03-DEL01-SC,2021
"398252,0",2021-11-27,sábado,15:45:00,SC,101,"149,0",ITAPEMA,Condutor deixou de manter distância do veículo da frente,Colisão traseira,Com Vítimas Feridas,Pleno dia,Crescente,Céu Claro,Simples,Reta,Sim,2,0,0,1,1,0,1,2,-27.1089649,-48.61277586,SPRF-SC,DEL04-SC,UOP03-DEL04-SC,2021