id,data_inversa,dia_semana,horario,uf,br,km,municipio,causa_acidente,tipo_acidente,classificacao_acidente,fase_dia,sentido_via,condicao_metereologica,tipo_pista,tracado_via,uso_solo,pessoas,mortos,feridos_leves,feridos_graves,ilesos,ignorados,feridos,veiculos,latitude,longitude,regional,delegacia,uop,ano_arquivo
"401046,0",2021-12-11,sábado,11:20:00,SC,101,"52,1",JOINVILLE,Frear bruscamente,Colisão com objeto,Com Vítimas Feridas,Pleno dia,Decrescente,Céu Claro,Dupla,Reta,Não,1,0,1,0,0,0,1,1,-26.40632314,-48.83797288,SPRF-SC,DEL03-SC,UOP01-DEL03-SC,2021
"401064,0",2021-12-11,sábado,14:30:00,SC,101,"164,0",TIJUCAS,Acessar a via sem observar a presença dos outros veículos,Colisão transversal,Com Vítimas Feridas,Pleno dia,Decrescente,Céu Claro,Dupla,Interseção de Vias,Sim,2,0,0,1,1,0,1,2,-27.243868,-48.6309,SPRF-SC,DEL04-SC,UOP03-DEL04-SC,2021
"401071,0",2021-12-11,sábado,15:20:00,SC,282,"459,8",PONTE SERRADA,Acessar a via sem observar a presença dos outros veículos,Colisão transversal,Com Vítimas Feridas,Pleno dia,Decrescente,Céu Claro,Simples,Reta,Não,4,0,2,0,2,0,2,2,-26.863695,-52.024818,SPRF-SC,DEL07-SC,UOP04-DEL07-SC,2021
"401075,0",2021-12-11,sábado,15:30:00,SC,470,"139,7",RIO DO SUL,Acessar a via sem observar a presença dos outros veículos,Colisão transversal,Com Vítimas Feridas,Pleno dia,Crescente,Céu Claro,Dupla,Retorno Regulamentado;Reta,Sim,4,0,1,0,3,0,1,2,-27.217564,-49.65461,SPRF-SC,DEL04-SC,UOP02-DEL04-SC,2021
"401101,0",2021-12-11,sábado,17:55:00,SC,470,"139,8",RIO DO SUL,Ultrapassagem Indevida,Colisão frontal,Com Vítimas Fatais,Pleno dia,Crescente,Sol,Simples,Reta,Sim,5,1,1,0,0,3,1,3,-27.20289,-49.63477,SPRF-SC,DEL04-SC,UOP02-DEL04-SC,2021
"401103,0",2021-12-11,sábado,17:20:00,SC,101,"155,0",PORTO BELO,Velocidade Incompatível,Saída de leito carroçável,Com Vítimas Feridas,Pleno dia,Crescente,Nublado,Dupla,Curva,Não,1,0,1,0,0,0,1,1,-27.16292,-48.61129,SPRF-SC,DEL04-SC,UOP03-DEL04-SC,2021
"401111,0",2021-12-11,sábado,17:54:00,SC,101,"220,0",PALHOCA,Ultrapassagem Indevida,Colisão traseira,Com Vítimas Feridas,Pleno dia,Decrescente,Céu Claro,Dupla,Reta,Sim,2,0,0,1,0,1,1,2,-27.69198941,-48.66368358,SPRF-SC,DEL01-SC,UOP02-DEL01-SC,2021
"401132,0",2021-12-11,sábado,19:40:00,SC,101,"195,0",BIGUACU,Acumulo de água sobre o pavimento,Colisão lateral mesmo sentido,Com Vítimas Feridas,Plena Noite,Crescente,Chuva,Dupla,Reta,Sim,3,0,2,0,1,0,2,2,-27.5047092,-48.65010819,SPRF-SC,DEL01-SC,UOP01-DEL01-SC,2021
"401133,0",2021-12-11,sábado,11:45:00,SC,158,"139,2",PALMITOS,Acessar a via sem observar a presença dos outros veículos,Colisão frontal,Com Vítimas Feridas,Pleno dia,Crescente,Céu Claro,Simples,Declive;Reta,Não,2,0,1,0,0,1,1,2,-27.11399301,-53.21605682,SPRF-SC,DEL07-SC,UOP02-DEL07-SC,2021
"401136,0",2021-12-11,sábado,19:45:00,SC,282,"69,0",SAO MIGUEL DO OESTE,Demais falhas na via,Tombamento,Com Vítimas Feridas,Plena Noite,Crescente,Céu Claro,Dupla,Aclive;Reta,Sim,1,0,1,0,0,0,1,1,-26.73177458,-53.510499,SPRF-SC,DEL01-SC,UOP03-DEL01-SC,2021
"401147,0",2021-12-11,sábado,21:20:00,SC,101,"127,6",ITAJAI,Ausência de reação do condutor,Tombamento,Com Vítimas Feridas,Plena Noite,Decrescente,Céu Claro,Dupla,Reta,Não,2,0,2,0,0,0,2,1,-26.9639319,-48.68328024,SPRF-SC,DEL04-SC,UOP04-DEL04-SC,2021
"401157,0",2021-12-11,sábado,22:00:00,SC,101,"280,1",IMBITUBA,Ausência de reação do condutor,Saída de leito carroçável,Com Vítimas Feridas,Plena Noite,Decrescente,Chuva,Dupla,Reta,Sim,1,0,1,0,0,0,1,1,-28.17962805,-48.6956297,SPRF-SC,DEL02-SC,UOP03-DEL02-SC,2021
"401158,0",2021-12-11,sábado,22:50:00,SC,101,"131,0",BALNEARIO CAMBORIU,Acessar a via sem observar a presença dos outros veículos,Colisão transversal,Com Vítimas Feridas,Plena Noite,Crescente,Nublado,Dupla,Interseção de Vias,Sim,2,0,0,1,1,0,1,2,-26.99064209,-48.66310912,SPRF-SC,DEL04-SC,UOP03-DEL04-SC,2021
"401182,0",2021-12-12,domingo,00:10:00,SC,101,"119,7",ITAJAI,Condutor deixou de manter distância do veículo da frente,Colisão traseira,Com Vítimas Feridas,Plena Noite,Decrescente,Nublado,Múltipla,Reta,Sim,4,0,2,0,1,1,2,3,-26.9043179,-48.71555481,SPRF-SC,DEL04-SC,UOP04-DEL04-SC,2021
"401190,0",2021-12-11,sábado,23:30:00,SC,101,"392,9",CRICIUMA,Condutor deixou de manter distância do veículo da frente,Colisão traseira,Com Vítimas Feridas,Plena Noite,Crescente,Céu Claro,Dupla,Reta,Não,2,0,1,0,1,0,1,2,-28.81841784,-49.39459026,SPRF-SC,DEL02-SC,UOP02-DEL02-SC,2021
"401200,0",2021-12-12,domingo,03:00:00,SC,280,"55,7",GUARAMIRIM,Desrespeitar a preferência no cruzamento,Colisão transversal,Com Vítimas Feridas,Plena Noite,Decrescente,Céu Claro,Dupla,Rotatória,Sim,4,0,3,0,1,0,3,2,-26.47584353,-48.9937858,SPRF-SC,DEL03-SC,UOP03-DEL03-SC,2021
"401205,0",2021-12-12,domingo,02:30:00,SC,470,"178,1",POUSO REDONDO,Velocidade Incompatível,Saída de leito carroçável,Com Vítimas Feridas,Plena Noite,Crescente,Chuva,Simples,Reta,Não,1,0,1,0,0,0,1,1,-27.248392,-49.967083,SPRF-SC,DEL04-SC,UOP02-DEL04-SC,2021
"401208,0",2021-12-12,domingo,04:00:00,SC,280,"26,0",ARAQUARI,Transitar na contramão,Colisão frontal,Com Vítimas Feridas,Plena Noite,Crescente,Nublado,Simples,Reta,Não,5,0,4,1,0,0,5,2,-26.38972308,-48.73411593,SPRF-SC,DEL03-SC,UOP03-DEL03-SC,2021
"401211,0",2021-12-12,domingo,03:25:00,SC,282,"216,8",LAGES,Retorno proibido,Colisão transversal,Com Vítimas Fatais,Plena Noite,Decrescente,Garoa/Chuvisco,Simples,Interseção de Vias,Sim,7,1,0,0,1,5,0,5,-27.797529,-50.291862,SPRF-SC,DEL05-SC,UOP01-DEL05-SC,2021
"401223,0",2021-12-12,domingo,05:10:00,SC,470,"1,8",NAVEGANTES,Condutor deixou de manter distância do veículo da frente,Colisão traseira,Com Vítimas Feridas,Pleno dia,Decrescente,Céu Claro,Simples,Reta,Não,3,0,2,0,0,1,2,2,-26.875383,-48.668285,SPRF-SC,DEL04-SC,UOP04-DEL04-SC,2021
"401225,0",2021-12-12,domingo,03:00:00,SC,282,"202,0",LAGES,Ausência de reação do condutor,Saída de leito carroçável,Sem Vítimas,Plena Noite,Decrescente,Garoa/Chuvisco,Simples,Interseção de Vias,Não,1,0,0,0,0,1,0,1,-27.763393,-50.152874,SPRF-SC,DEL05-SC,UOP01-DEL05-SC,2021
"401226,0",2021-12-12,domingo,06:20:00,SC,101,"126,0",ITAJAI,Acessar a via sem observar a presença dos outros veículos,Colisão frontal,Com Vítimas Feridas,Pleno dia,Decrescente,Céu Claro,Múltipla,Reta,Não,3,0,0,1,2,0,1,2,-26.95564404,-48.67978366,SPRF-SC,DEL04-SC,UOP04-DEL04-SC,2021
"401230,0",2021-12-12,domingo,05:10:00,SC,470,"294,6",CAMPOS NOVOS,Ingestão de álcool pelo condutor,Colisão frontal,Com Vítimas Feridas,Amanhecer,Crescente,Chuva,Simples,Curva;Declive,Não,3,0,2,0,1,0,2,2,-27.344725,-51.000042,SPRF-SC,DEL07-SC,UOP06-DEL07-SC,2021
"401252,0",2021-12-12,domingo,09:20:00,SC,101,"112,0",ITAJAI,Condutor deixou de manter distância do veículo da frente,Colisão traseira,Com Vítimas Feridas,Pleno dia,Crescente,Céu Claro,Dupla,Reta,Não,2,0,1,0,1,0,1,2,-26.84589005,-48.72131295,SPRF-SC,DEL04-SC,UOP04-DEL04-SC,2021
"401259,0",2021-12-12,domingo,08:00:00,SC,282,"332,8",CAMPOS NOVOS,Ingestão de álcool pelo condutor,Saída de leito carroçável,Com Vítimas Feridas,Pleno dia,Crescente,Chuva,Simples,Curva,Não,1,0,1,0,0,0,1,1,-27.392469,-51.135845,SPRF-SC,DEL07-SC,UOP06-DEL07-SC,2021
"401264,0",2021-12-12,domingo,11:00:00,SC,101,"204,5",SAO JOSE,Velocidade Incompatível,Saída de leito carroçável,Com Vítimas Feridas,Pleno dia,Crescente,Céu Claro,Múltipla,Reta,Sim,1,0,1,0,0,0,1,1,-27.57923131,-48.61416936,SPRF-SC,DEL01-SC,UOP01-DEL01-SC,2021
"401272,0",2021-12-12,domingo,11:30:00,SC,101,"115,0",ITAJAI,Condutor deixou de manter distância do veículo da frente,Engavetamento,Com Vítimas Feridas,Pleno dia,Decrescente,Sol,Dupla,Reta,Não,5,0,1,0,4,0,1,4,-26.87064015,-48.72954134,SPRF-SC,DEL04-SC,UOP04-DEL04-SC,2021
"401293,0",2021-12-12,domingo,14:50:00,SC,470,"129,5",LONTRAS,Condutor deixou de manter distância do veículo da frente,Colisão traseira,Com Vítimas Feridas,Pleno dia,Decrescente,Sol,Simples,Reta,Sim,2,0,1,0,1,0,1,2,-27.148499,-49.556137,SPRF-SC,DEL04-SC,UOP02-DEL04-SC,2021
"401296,0",2021-12-12,domingo,15:00:00,SC,101,"344,0",TUBARAO,Demais falhas mecânicas ou elétricas,Tombamento,Com Vítimas Feridas,Pleno dia,Decrescente,Céu Claro,Múltipla,Reta,Não,2,0,1,0,1,0,1,1,-28.53647889,-49.0531826,SPRF-SC,DEL02-SC,UOP01-DEL02-SC,2021
"401304,0",2021-12-12,domingo,15:10:00,SC,101,"201,6",SAO JOSE,Ausência de reação do condutor,Colisão traseira,Sem Vítimas,Pleno dia,Crescente,Nublado,Múltipla,Reta,Sim,4,0,0,0,4,0,0,4,-27.54836599,-48.61977975,SPRF-SC,DEL01-SC,UOP01-DEL01-SC,2021
"401307,0",2021-12-12,domingo,06:00:00,SC,282,"237,9",LAGES,Ausência de reação do condutor,Saída de leito carroçável,Com Vítimas Feridas,Pleno dia,Crescente,Nublado,Simples,Aclive;Curva,Não,1,0,1,0,0,0,1,1,-27.78855497,-50.48539639,SPRF-SC,DEL05-SC,UOP02-DEL05-SC,2021
"401312,0",2021-12-12,domingo,13:40:00,SC,101,"106,0",PENHA,Acessar a via sem observar a presença dos outros veículos,Colisão com objeto,Com Vítimas Feridas,Pleno dia,Crescente,Sol,Dupla,Declive,Não,1,0,1,0,0,0,1,1,-26.81221709,-48.68335962,SPRF-SC,DEL03-SC,UOP02-DEL03-SC,2021
"401314,0",2021-12-12,domingo,14:15:00,SC,470,"65,0",INDAIAL,Acessar a via sem observar a presença dos outros veículos,Colisão transversal,Com Vítimas Feridas,Pleno dia,Crescente,Céu Claro,Simples,Reta,Sim,2,0,0,1,1,0,1,2,-26.870411,-49.211864,SPRF-SC,DEL04-SC,UOP01-DEL04-SC,2021
"401315,0",2021-12-12,domingo,14:20:00,SC,470,"3,5",NAVEGANTES,Acesso irregular,Saída de leito carroçável,Com Vítimas Feridas,Pleno dia,Crescente,Céu Claro,Dupla,Reta,Não,1,0,1,0,0,0,1,1,-26.861937,-48.681618,SPRF-SC,DEL04-SC,UOP04-DEL04-SC,2021
"401317,0",2021-12-12,domingo,07:00:00,SC,282,"273,7",SAO JOSE DO CERRITO,Ausência de reação do condutor,Saída de leito carroçável,Com Vítimas Feridas,Pleno dia,Crescente,Chuva,Simples,Curva,Não,4,0,4,0,0,0,4,1,-27.61403706,-50.71769714,SPRF-SC,DEL05-SC,UOP02-DEL05-SC,2021
"401323,0",2021-12-12,domingo,15:55:00,SC,101,"406,0",ARARANGUA,Transitar na contramão,Saída de leito carroçável,Com Vítimas Feridas,Pleno dia,Decrescente,Céu Claro,Dupla,Reta,Não,3,0,1,1,0,1,2,2,-28.89284011,-49.46880088,SPRF-SC,DEL02-SC,UOP02-DEL02-SC,2021
"401325,0",2021-12-12,domingo,17:00:00,SC,101,"132,5",BALNEARIO CAMBORIU,Ingestão de álcool pelo condutor,Tombamento,Com Vítimas Feridas,Pleno dia,Crescente,Céu Claro,Simples,Reta,Sim,1,0,1,0,0,0,1,1,-26.99654133,-48.65564711,SPRF-SC,DEL04-SC,UOP03-DEL04-SC,2021
"401348,0",2021-12-12,domingo,17:30:00,SC,101,"109,4",PENHA,Manobra de mudança de faixa,Colisão lateral mesmo sentido,Com Vítimas Fatais,Anoitecer,Decrescente,Céu Claro,Dupla,Curva,Não,3,1,0,0,1,1,0,3,-26.83488631,-48.70072465,SPRF-SC,DEL03-SC,UOP02-DEL03-SC,2021
"401355,0",2021-12-12,domingo,20:40:00,SC,101,"336,0",TUBARAO,Ingestão de álcool pelo condutor,Colisão traseira,Sem Vítimas,Plena Noite,Crescente,Nublado,Dupla,Declive;Curva,Não,4,0,0,0,3,1,0,4,-28.47311347,-49.02437375,SPRF-SC,DEL02-SC,UOP01-DEL02-SC,2021
"401357,0",2021-12-12,domingo,19:15:00,SC,280,"46,0",GUARAMIRIM,Ingestão de álcool pelo condutor,Saída de leito carroçável,Com Vítimas Feridas,Plena Noite,Crescente,Céu Claro,Simples,Reta,Não,1,0,1,0,0,0,1,1,-26.45312917,-48.9094233,SPRF-SC,DEL03-SC,UOP03-DEL03-SC,2021
"401358,0",2021-12-12,domingo,14:15:00,SC,480,"123,5",CHAPECO,Ingestão de álcool pelo condutor,Colisão com objeto,Sem Vítimas,Pleno dia,Crescente,Céu Claro,Simples,Curva;Viaduto,Não,3,0,0,0,3,0,0,1,-26.99739704,-52.64201951,SPRF-SC,DEL07-SC,UOP01-DEL07-SC,2021
"401367,0",2021-12-12,domingo,17:28:00,SC,280,"23,4",ARAQUARI,Condutor deixou de manter distância do veículo da frente,Colisão lateral mesmo sentido,Com Vítimas Feridas,Pleno dia,Decrescente,Céu Claro,Simples,Interseção de Vias,Sim,2,0,2,0,0,0,2,2,-26.37146,-48.711887,SPRF-SC,DEL03-SC,UOP03-DEL03-SC,2021
"401394,0",2021-12-12,domingo,21:10:00,SC,280,"157,6",MAFRA,Ultrapassagem Indevida,Colisão frontal,Com Vítimas Feridas,Plena Noite,Crescente,Céu Claro,Simples,Aclive;Reta,Não,3,0,1,0,2,0,1,2,-26.20463229,-49.78208899,SPRF-SC,DEL06-SC,UOP03-DEL06-SC,2021
"401408,0",2021-12-13,segunda-feira,00:10:00,SC,101,"10,0",GARUVA,Falta de elemento de contenção que evite a saída do leito carroçável,Saída de leito carroçável,Com Vítimas Feridas,Plena Noite,Decrescente,Céu Claro,Simples,Reta,Sim,2,0,1,0,1,0,1,1,-26.063011,-48.86020605,SPRF-SC,DEL03-SC,UOP01-DEL03-SC,2021
"401409,0",2021-12-13,segunda-feira,00:40:00,SC,101,"48,1",JOINVILLE,Obras na pista,Tombamento,Com Vítimas Feridas,Plena Noite,Crescente,Nublado,Dupla,Reta,Sim,2,0,0,2,0,0,2,1,-26.35345909,-48.85867862,SPRF-SC,DEL03-SC,UOP01-DEL03-SC,2021
"401418,0",2021-12-13,segunda-feira,03:30:00,SC,101,"165,5",TIJUCAS,Ingestão de álcool pelo condutor,Saída de leito carroçável,Sem Vítimas,Plena Noite,Crescente,Céu Claro,Dupla,Reta,Não,1,0,0,0,1,0,0,1,-27.252663,-48.63154894,SPRF-SC,DEL04-SC,UOP03-DEL04-SC,2021
"401420,0",2021-12-12,domingo,20:30:00,SC,101,"124,5",ITAJAI,Problema na suspensão,Saída de leito carroçável,Sem Vítimas,Plena Noite,Crescente,Céu Claro,Dupla,Reta,Sim,1,0,0,0,0,1,0,1,-26.94335064,-48.69198648,SPRF-SC,DEL04-SC,UOP04-DEL04-SC,2021
"401423,0",2021-12-13,segunda-feira,06:40:00,SC,101,"113,4",ITAJAI,Ausência de reação do condutor,Colisão com objeto,Com Vítimas Feridas,Pleno dia,Crescente,Sol,Dupla,Reta,Não,1,0,1,0,0,0,1,1,-26.85311393,-48.72689927,SPRF-SC,DEL04-SC,UOP04-DEL04-SC,2021
"401429,0",2021-12-13,segunda-feira,06:45:00,SC,470,"3,0",NAVEGANTES,Acesso irregular,Queda de ocupante de veículo,Com Vítimas Feridas,Amanhecer,Decrescente,Céu Claro,Dupla,Em Obras;Reta,Não,1,0,1,0,0,0,1,1,-26.868551,-48.674831,SPRF-SC,DEL04-SC,UOP04-DEL04-SC,2021
"401478,0",2021-12-13,segunda-feira,08:25:00,SC,282,"217,0",LAGES,Reação tardia ou ineficiente do condutor,Saída de leito carroçável,Com Vítimas Feridas,Pleno dia,Crescente,Céu Claro,Simples,Ponte,Sim,1,0,1,0,0,0,1,1,-27.797916,-50.302944,SPRF-SC,DEL05-SC,UOP01-DEL05-SC,2021
"401489,0",2021-12-13,segunda-feira,10:40:00,SC,101,"115,0",ITAJAI,Reação tardia ou ineficiente do condutor,Colisão traseira,Com Vítimas Feridas,Pleno dia,Decrescente,Céu Claro,Dupla,Reta,Sim,2,0,1,0,1,0,1,2,-26.87064015,-48.72954134,SPRF-SC,DEL04-SC,UOP04-DEL04-SC,2021
"401542,0",2021-12-13,segunda-feira,12:10:00,SC,101,"256,0",PAULO LOPES,Deficiência do Sistema de Iluminação/Sinalização,Colisão traseira,Com Vítimas Feridas,Pleno dia,Crescente,Céu Claro,Dupla,Curva,Não,2,0,1,0,1,0,1,2,-27.99084416,-48.68056684,SPRF-SC,DEL02-SC,UOP03-DEL02-SC,2021
"401547,0",2021-12-13,segunda-feira,18:20:00,SC,101,"131,0",BALNEARIO CAMBORIU,Pista Escorregadia,Queda de ocupante de veículo,Com Vítimas Feridas,Anoitecer,Crescente,Céu Claro,Simples,Reta,Sim,1,0,1,0,0,0,1,1,-26.99064209,-48.66310912,SPRF-SC,DEL04-SC,UOP03-DEL04-SC,2021
"401588,0",2021-12-13,segunda-feira,18:23:00,SC,280,"268,7",IRINEOPOLIS,Ultrapassagem Indevida,Colisão frontal,Com Vítimas Feridas,Anoitecer,Crescente,Céu Claro,Simples,Reta,Não,3,0,2,1,0,0,3,2,-26.26348261,-50.71794494,SPRF-SC,DEL06-SC,UOP04-DEL06-SC,2021
"401589,0",2021-12-13,segunda-feira,21:30:00,SC,101,"447,1",SANTA ROSA DO SUL,Ausência de reação do condutor,Colisão com objeto,Com Vítimas Feridas,Plena Noite,Crescente,Nublado,Dupla,Interseção de Vias,Não,2,0,1,0,1,0,1,2,-29.15289482,-49.72792624,SPRF-SC,DEL02-SC,UOP02-DEL02-SC,2021
"401620,0",2021-12-14,terça-feira,06:00:00,SC,282,"6,0",SAO JOSE,Ausência de reação do condutor,Colisão com objeto,Com Vítimas Feridas,Pleno dia,Decrescente,Nublado,Dupla,Curva,Sim,1,0,1,0,0,0,1,1,-27.58512332,-48.61783862,SPRF-SC,DEL01-SC,UOP01-DEL01-SC,2021
"401649,0",2021-12-14,terça-feira,07:50:00,SC,101,"295,5",IMBITUBA,Ausência de reação do condutor,Saída de leito carroçável,Com Vítimas Feridas,Pleno dia,Crescente,Céu Claro,Simples,Reta,Sim,1,0,0,1,0,0,1,1,-28.32320511,-48.72963309,SPRF-SC,DEL02-SC,UOP03-DEL02-SC,2021
"401660,0",2021-12-14,terça-feira,09:13:00,SC,101,"213,0",PALHOCA,Desrespeitar a preferência no cruzamento,Colisão transversal,Com Vítimas Feridas,Pleno dia,Decrescente,Nublado,Múltipla,Interseção de Vias,Sim,3,0,0,2,1,0,2,2,-27.63697369,-48.66514142,SPRF-SC,DEL01-SC,UOP02-DEL01-SC,2021
"401665,0",2021-12-14,terça-feira,09:20:00,SC,101,"138,7",BALNEARIO CAMBORIU,Velocidade Incompatível,Colisão traseira,Com Vítimas Feridas,Pleno dia,Crescente,Céu Claro,Simples,Reta,Sim,2,0,1,0,1,0,1,2,-27.02397426,-48.60761649,SPRF-SC,DEL04-SC,UOP03-DEL04-SC,2021
"401671,0",2021-12-14,terça-feira,11:00:00,SC,280,"25,3",ARAQUARI,Conversão proibida,Colisão transversal,Com Vítimas Feridas,Pleno dia,Crescente,Nublado,Simples,Reta,Sim,2,0,1,0,1,0,1,2,-26.38352781,-48.72677516,SPRF-SC,DEL03-SC,UOP03-DEL03-SC,2021
"401685,0",2021-12-14,terça-feira,10:00:00,SC,282,"382,9",HERVAL DOESTE,Velocidade Incompatível,Colisão com objeto,Com Vítimas Feridas,Pleno dia,Crescente,Chuva,Simples,Curva,Não,2,0,2,0,0,0,2,1,-27.19607,-51.503044,SPRF-SC,DEL07-SC,UOP05-DEL07-SC,2021
"401694,0",2021-12-14,terça-feira,14:34:00,SC,470,"137,5",RIO DO SUL,Conversão proibida,Colisão frontal,Com Vítimas Feridas,Pleno dia,Crescente,Garoa/Chuvisco,Simples,Reta,Não,3,0,3,0,0,0,3,2,-27.203201,-49.635063,SPRF-SC,DEL04-SC,UOP02-DEL04-SC,2021
"401731,0",2021-12-14,terça-feira,17:00:00,SC,101,"230,0",PALHOCA,Ausência de reação do condutor,Tombamento,Com Vítimas Feridas,Pleno dia,Decrescente,Nublado,Múltipla,Reta,Sim,1,0,0,1,0,0,1,1,-27.77781898,-48.63489608,SPRF-SC,DEL01-SC,UOP02-DEL01-SC,2021
"401737,0",2021-12-14,terça-feira,17:00:00,SC,101,"21,0",JOINVILLE,Chuva,Colisão com objeto,Com Vítimas Feridas,Pleno dia,Crescente,Chuva,Dupla,Curva,Não,1,0,1,0,0,0,1,1,-26.14793022,-48.90894562,SPRF-SC,DEL03-SC,UOP01-DEL03-SC,2021
"401743,0",2021-12-14,terça-feira,17:10:00,SC,282,"23,3",SANTO AMARO DA IMPERATRIZ,Trafegar com motocicleta (ou similar) entre as faixas,Colisão transversal,Com Vítimas Feridas,Pleno dia,Decrescente,Nublado,Simples,Reta,Sim,2,0,1,0,1,0,1,2,-27.687958,-48.736794,SPRF-SC,DEL01-SC,UOP02-DEL01-SC,2021
"401751,0",2021-12-14,terça-feira,18:20:00,SC,101,"278,3",IMBITUBA,Desrespeitar a preferência no cruzamento,Colisão lateral mesmo sentido,Com Vítimas Feridas,Anoitecer,Crescente,Nublado,Simples,Interseção de Vias,Sim,3,0,2,0,1,0,2,2,-28.17800852,-48.69566744,SPRF-SC,DEL02-SC,UOP03-DEL02-SC,2021
"401790,0",2021-12-14,terça-feira,22:00:00,SC,101,"208,3",SAO JOSE,Condutor desrespeitou a iluminação vermelha do semáforo,Colisão transversal,Com Vítimas Feridas,Plena Noite,Decrescente,Chuva,Múltipla,Interseção de Vias,Sim,2,0,1,0,1,0,1,2,-27.60327979,-48.63201818,SPRF-SC,DEL01-SC,UOP01-DEL01-SC,2021
"401792,0",2021-12-14,terça-feira,22:10:00,SC,280,"21,3",ARAQUARI,Ultrapassagem Indevida,Colisão frontal,Com Vítimas Fatais,Plena Noite,Decrescente,Garoa/Chuvisco,Simples,Reta,Não,5,3,0,1,0,1,1,2,-26.370628,-48.69503,SPRF-SC,DEL03-SC,UOP03-DEL03-SC,2021
"401806,0",2021-12-14,terça-feira,18:35:00,SC,280,"105,3",SAO BENTO DO SUL,Velocidade Incompatível,Capotamento,Sem Vítimas,Anoitecer,Decrescente,Nevoeiro/Neblina,Simples,Curva,Não,2,0,0,0,2,0,0,1,-26.35641481,-49.36407482,SPRF-SC,DEL06-SC,UOP03-DEL06-SC,2021
"401814,0",2021-12-15,quarta-feira,04:45:00,SC,470,"67,9",INDAIAL,Ausência de reação do condutor,Colisão com objeto,Com Vítimas Feridas,Amanhecer,Decrescente,Garoa/Chuvisco,Simples,Interseção de Vias;Em Obras;Reta,Sim,2,0,1,0,1,0,1,1,-26.87832077,-49.24004112,SPRF-SC,DEL04-SC,UOP01-DEL04-SC,2021
"401819,0",2021-12-15,quarta-feira,06:10:00,SC,280,"4,6",SAO FRANCISCO DO SUL,Desrespeitar a preferência no cruzamento,Colisão traseira,Com Vítimas Feridas,Pleno dia,Crescente,Céu Claro,Simples,Rotatória,Sim,2,0,1,0,1,0,1,2,-26.25776,-48.623039,SPRF-SC,DEL03-SC,UOP03-DEL03-SC,2021
"401830,0",2021-12-15,quarta-feira,07:20:00,SC,101,"198,5",BIGUACU,Transitar no acostamento,Colisão lateral mesmo sentido,Com Vítimas Feridas,Pleno dia,Crescente,Nublado,Múltipla,Reta,Sim,3,0,2,0,1,0,2,2,-27.52658712,-48.63506019,SPRF-SC,DEL01-SC,UOP01-DEL01-SC,2021
"401834,0",2021-12-15,quarta-feira,07:50:00,SC,101,"206,0",SAO JOSE,Manobra de mudança de faixa,Colisão lateral mesmo sentido,Com Vítimas Feridas,Pleno dia,Decrescente,Nublado,Dupla,Curva;Declive,Sim,2,0,2,0,0,0,2,1,-27.59193546,-48.61824557,SPRF-SC,DEL01-SC,UOP01-DEL01-SC,2021
"401842,0",2021-12-15,quarta-feira,08:05:00,SC,101,"211,8",PALHOCA,Manobra de mudança de faixa,Colisão traseira,Com Vítimas Feridas,Pleno dia,Decrescente,Céu Claro,Simples,Reta,Sim,2,0,1,0,1,0,1,2,-27.62329313,-48.65245588,SPRF-SC,DEL01-SC,UOP02-DEL01-SC,2021
"401850,0",2021-12-15,quarta-feira,07:30:00,SC,101,"54,8",JOINVILLE,Demais falhas mecânicas ou elétricas,Colisão com objeto,Com Vítimas Feridas,Pleno dia,Crescente,Nublado,Dupla,Reta,Sim,1,0,1,0,0,0,1,1,-26.41319508,-48.83617332,SPRF-SC,DEL03-SC,UOP01-DEL03-SC,2021
"401852,0",2021-12-15,quarta-feira,08:50:00,SC,101,"213,7",PALHOCA,Ausência de reação do condutor,Queda de ocupante de veículo,Com Vítimas Feridas,Pleno dia,Decrescente,Nublado,Simples,Reta,Sim,1,0,1,0,0,0,1,1,-27.63697369,-48.66514142,SPRF-SC,DEL01-SC,UOP02-DEL01-SC,2021
"401855,0",2021-12-15,quarta-feira,09:20:00,SC,101,"149,0",ITAPEMA,Reação tardia ou ineficiente do condutor,Colisão traseira,Com Vítimas Feridas,Pleno dia,Decrescente,Nublado,Simples,Reta,Sim,4,0,0,2,2,0,2,4,-27.1089649,-48.61277586,SPRF-SC,DEL04-SC,UOP03-DEL04-SC,2021
"401862,0",2021-12-15,quarta-feira,10:30:00,SC,101,"197,0",BIGUACU,Condutor deixou de manter distância do veículo da frente,Colisão traseira,Sem Vítimas,Pleno dia,Crescente,Céu Claro,Dupla,Reta,Sim,3,0,0,0,3,0,0,3,-27.51844497,-48.63848496,SPRF-SC,DEL01-SC,UOP01-DEL01-SC,2021
"401878,0",2021-12-15,quarta-feira,10:45:00,SC,101,"205,0",SAO JOSE,Acessar a via sem observar a presença dos outros veículos,Colisão transversal,Com Vítimas Feridas,Pleno dia,Crescente,Céu Claro,Múltipla,Reta,Sim,2,0,1,0,1,0,1,2,-27.58313237,-48.61532885,SPRF-SC,DEL01-SC,UOP01-DEL01-SC,2021