id,data_inversa,dia_semana,horario,uf,br,km,municipio,causa_acidente,tipo_acidente,classificacao_acidente,fase_dia,sentido_via,condicao_metereologica,tipo_pista,tracado_via,uso_solo,pessoas,mortos,feridos_leves,feridos_graves,ilesos,ignorados,feridos,veiculos,latitude,longitude,regional,delegacia,uop,ano_arquivo
"401881,0",2021-12-15,quarta-feira,13:00:00,SC,101,"218,0",PALHOCA,Reação tardia ou ineficiente do condutor,Queda de ocupante de veículo,Com Vítimas Feridas,Pleno dia,Crescente,Céu Claro,Simples,Reta,Sim,1,0,1,0,0,0,1,1,-27.6758601,-48.67052525,SPRF-SC,DEL01-SC,UOP02-DEL01-SC,2021
"401892,0",2021-12-15,quarta-feira,13:40:00,SC,470,"92,0",APIUNA,Acessar a via sem observar a presença dos outros veículos,Colisão transversal,Com Vítimas Feridas,Pleno dia,Crescente,Céu Claro,Simples,Em Obras,Não,2,0,0,1,1,0,1,2,-26.98592,-49.373047,SPRF-SC,DEL04-SC,UOP01-DEL04-SC,2021
"401915,0",2021-12-15,quarta-feira,16:20:00,SC,470,"104,0",APIUNA,Condutor Dormindo,Colisão lateral sentido oposto,Com Vítimas Feridas,Pleno dia,Crescente,Sol,Simples,Curva,Não,4,0,3,0,1,0,3,3,-27.064796,-49.401424,SPRF-SC,DEL04-SC,UOP02-DEL04-SC,2021
"401926,0",2021-12-15,quarta-feira,18:20:00,SC,101,"208,1",SAO JOSE,Manobra de mudança de faixa,Colisão lateral mesmo sentido,Com Vítimas Feridas,Anoitecer,Crescente,Nublado,Múltipla,Reta,Sim,2,0,1,0,1,0,1,2,-27.60327979,-48.63201818,SPRF-SC,DEL01-SC,UOP01-DEL01-SC,2021
"401927,0",2021-12-15,quarta-feira,19:00:00,SC,101,"132,0",BALNEARIO CAMBORIU,Ausência de reação do condutor,Colisão traseira,Com Vítimas Feridas,Plena Noite,Decrescente,Nublado,Dupla,Reta,Sim,2,0,1,0,0,1,1,2,-26.99654133,-48.65564711,SPRF-SC,DEL04-SC,UOP03-DEL04-SC,2021
"401929,0",2021-12-15,quarta-feira,18:30:00,SC,101,"209,0",SAO JOSE,Manobra de mudança de faixa,Colisão lateral mesmo sentido,Com Vítimas Feridas,Plena Noite,Decrescente,Céu Claro,Dupla,Reta,Sim,2,0,1,0,1,0,1,2,-27.61000542,-48.63895057,SPRF-SC,DEL01-SC,UOP01-DEL01-SC,2021
"401940,0",2021-12-15,quarta-feira,16:35:00,SC,470,"77,2",INDAIAL,Velocidade Incompatível,Colisão transversal,Com Vítimas Fatais,Pleno dia,Decrescente,Nublado,Simples,Reta,Não,5,1,0,0,1,3,0,3,-26.940817,-49.29287,SPRF-SC,DEL04-SC,UOP01-DEL04-SC,2021
"401961,0",2021-12-15,quarta-feira,18:30:00,SC,101,"104,6",PENHA,Desrespeitar a preferência no cruzamento,Colisão transversal,Com Vítimas Feridas,Pleno dia,Decrescente,Céu Claro,Dupla,Interseção de Vias,Não,2,0,0,1,1,0,1,2,-26.79848517,-48.67915392,SPRF-SC,DEL03-SC,UOP02-DEL03-SC,2021
"401965,0",2021-12-15,quarta-feira,20:25:00,SC,470,"76,2",INDAIAL,Objeto estático sobre o leito carroçável,Saída de leito carroçável,Com Vítimas Feridas,Plena Noite,Decrescente,Nublado,Simples,Reta,Não,1,0,0,1,0,0,1,1,-26.933308,-49.287426,SPRF-SC,DEL04-SC,UOP01-DEL04-SC,2021
"401979,0",2021-12-16,quinta-feira,01:20:00,SC,101,"103,9",PENHA,Ingestão de álcool pelo condutor,Tombamento,Com Vítimas Feridas,Plena Noite,Decrescente,Nublado,Dupla,Reta,Não,1,0,1,0,0,0,1,1,-26.7832381,-48.68314632,SPRF-SC,DEL03-SC,UOP02-DEL03-SC,2021
"401987,0",2021-12-16,quinta-feira,00:43:00,SC,101,"47,9",JOINVILLE,Ingestão de álcool e/ou substâncias psicoativas pelo pedestre,Saída de leito carroçável,Sem Vítimas,Plena Noite,Decrescente,Céu Claro,Dupla,Curva,Sim,1,0,0,0,1,0,0,1,-26.3744229,-48.8555251,SPRF-SC,DEL03-SC,UOP01-DEL03-SC,2021
"401990,0",2021-12-16,quinta-feira,02:50:00,SC,282,"212,0",LAGES,Ingestão de álcool pelo condutor,Colisão transversal,Sem Vítimas,Plena Noite,Crescente,Nublado,Simples,Interseção de Vias,Não,3,0,0,0,3,0,0,2,-27.78274037,-50.25277745,SPRF-SC,DEL05-SC,UOP01-DEL05-SC,2021
"401997,0",2021-12-16,quinta-feira,04:10:00,SC,101,"66,9",ARAQUARI,Velocidade Incompatível,Saída de leito carroçável,Com Vítimas Feridas,Amanhecer,Decrescente,Nublado,Dupla,Curva,Não,1,0,0,1,0,0,1,1,-26.48593849,-48.73440742,SPRF-SC,DEL03-SC,UOP02-DEL03-SC,2021
"402022,0",2021-12-16,quinta-feira,07:30:00,SC,101,"6,0",SAO JOSE,Reação tardia ou ineficiente do condutor,Tombamento,Com Vítimas Feridas,Pleno dia,Crescente,Nublado,Dupla,Curva,Sim,1,0,1,0,0,0,1,1,-27.58474964,-48.61749714,SPRF-SC,DEL03-SC,UOP01-DEL03-SC,2021
"402036,0",2021-12-16,quinta-feira,07:40:00,SC,470,"33,3",GASPAR,Acesso irregular,Colisão frontal,Com Vítimas Feridas,Pleno dia,Crescente,Sol,Dupla,Reta,Sim,2,0,1,0,1,0,1,2,-26.906223,-48.940575,SPRF-SC,DEL04-SC,UOP01-DEL04-SC,2021
"402059,0",2021-12-16,quinta-feira,09:20:00,SC,116,"5,5",MAFRA,Acessar a via sem observar a presença dos outros veículos,Colisão frontal,Com Vítimas Feridas,Pleno dia,Crescente,Céu Claro,Simples,Interseção de Vias,Sim,2,0,1,0,1,0,1,2,-26.14094396,-49.81508303,SPRF-SC,DEL06-SC,UOP01-DEL06-SC,2021
"402063,0",2021-12-16,quinta-feira,12:50:00,SC,282,"16,4",PALHOCA,Desrespeitar a preferência no cruzamento,Colisão frontal,Com Vítimas Feridas,Pleno dia,Crescente,Nublado,Simples,Interseção de Vias,Sim,2,0,1,0,1,0,1,2,-27.658611,-48.681847,SPRF-SC,DEL01-SC,UOP02-DEL01-SC,2021
"402065,0",2021-12-16,quinta-feira,12:40:00,SC,101,"275,0",IMBITUBA,Acessar a via sem observar a presença dos outros veículos,Colisão lateral sentido oposto,Com Vítimas Feridas,Pleno dia,Decrescente,Céu Claro,Simples,Reta,Sim,3,0,1,0,2,0,1,2,-28.138086,-48.69218292,SPRF-SC,DEL02-SC,UOP03-DEL02-SC,2021
"402080,0",2021-12-16,quinta-feira,11:45:00,SC,280,"25,0",ARAQUARI,Acessar a via sem observar a presença dos outros veículos,Colisão transversal,Com Vítimas Feridas,Pleno dia,Decrescente,Céu Claro,Simples,Reta,Não,3,0,1,0,2,0,1,2,-26.38352781,-48.72677516,SPRF-SC,DEL03-SC,UOP03-DEL03-SC,2021
"402084,0",2021-12-16,quinta-feira,13:25:00,SC,280,"49,2",GUARAMIRIM,Acessar a via sem observar a presença dos outros veículos,Colisão lateral mesmo sentido,Com Vítimas Feridas,Pleno dia,Decrescente,Céu Claro,Simples,Reta,Sim,3,0,2,0,1,0,2,2,-26.45850039,-48.93692786,SPRF-SC,DEL03-SC,UOP03-DEL03-SC,2021
"402116,0",2021-12-16,quinta-feira,17:30:00,SC,282,"5,0",SAO JOSE,Manobra de mudança de faixa,Colisão traseira,Com Vítimas Feridas,Pleno dia,Crescente,Céu Claro,Múltipla,Reta,Sim,2,0,1,0,1,0,1,2,-27.588425,-48.612919,SPRF-SC,DEL01-SC,UOP01-DEL01-SC,2021
"402118,0",2021-12-16,quinta-feira,14:12:00,SC,470,"70,4",INDAIAL,Conversão proibida,Colisão lateral mesmo sentido,Com Vítimas Feridas,Pleno dia,Crescente,Céu Claro,Simples,Reta,Sim,2,0,1,0,1,0,1,2,-26.889374,-49.254478,SPRF-SC,DEL04-SC,UOP01-DEL04-SC,2021
"402132,0",2021-12-16,quinta-feira,18:00:00,SC,101,"138,8",BALNEARIO CAMBORIU,Acumulo de areia ou detritos sobre o pavimento,Tombamento,Com Vítimas Feridas,Plena Noite,Crescente,Nublado,Dupla,Curva,Não,1,0,1,0,0,0,1,1,-27.02397426,-48.60761649,SPRF-SC,DEL04-SC,UOP03-DEL04-SC,2021
"402148,0",2021-12-16,quinta-feira,20:00:00,SC,470,"170,4",POUSO REDONDO,Chuva,Saída de leito carroçável,Com Vítimas Feridas,Plena Noite,Crescente,Chuva,Simples,Reta,Não,1,0,1,0,0,0,1,1,-27.265903,-49.892441,SPRF-SC,DEL04-SC,UOP02-DEL04-SC,2021
"402157,0",2021-12-16,quinta-feira,21:30:00,SC,101,"287,7",IMBITUBA,Ingestão de álcool pelo condutor,Colisão traseira,Com Vítimas Feridas,Plena Noite,Crescente,Chuva,Dupla,Curva,Não,2,0,1,0,1,0,1,2,-28.23766496,-48.70059767,SPRF-SC,DEL02-SC,UOP03-DEL02-SC,2021
"402163,0",2021-12-16,quinta-feira,18:00:00,SC,163,"0,3",DIONISIO CERQUEIRA,Entrada inopinada do pedestre,Atropelamento de Pedestre,Com Vítimas Feridas,Pleno dia,Crescente,Céu Claro,Simples,Declive;Reta,Sim,2,0,0,1,1,0,1,2,-26.26088928,-53.62016916,SPRF-SC,DEL07-SC,UOP03-DEL07-SC,2021
"402172,0",2021-12-16,quinta-feira,22:50:00,SC,101,"253,0",PAULO LOPES,Ingestão de álcool pelo condutor,Colisão lateral mesmo sentido,Com Vítimas Feridas,Pleno dia,Decrescente,Garoa/Chuvisco,Simples,Reta,Não,3,0,1,0,2,0,1,2,-27.96492999,-48.67962057,SPRF-SC,DEL02-SC,UOP03-DEL02-SC,2021
"402179,0",2021-12-17,sexta-feira,00:25:00,SC,470,"134,1",RIO DO SUL,Ausência de sinalização,Saída de leito carroçável,Com Vítimas Feridas,Plena Noite,Crescente,Céu Claro,Simples,Rotatória;Interseção de Vias;Retorno Regulamentado,Sim,25,0,2,0,23,0,2,1,-27.17448388,-49.58910942,SPRF-SC,DEL04-SC,UOP02-DEL04-SC,2021
"402189,0",2021-12-17,sexta-feira,01:20:00,SC,470,"320,0",CAMPOS NOVOS,Ausência de reação do condutor,Tombamento,Com Vítimas Feridas,Plena Noite,Decrescente,Céu Claro,Simples,Reta,Não,1,0,1,0,0,0,1,1,-27.41375,-51.23394,SPRF-SC,DEL07-SC,UOP06-DEL07-SC,2021
"402202,0",2021-12-17,sexta-feira,03:50:00,SC,116,"225,0",CORREIA PINTO,Ingestão de álcool pelo condutor,Colisão com objeto,Com Vítimas Feridas,Plena Noite,Decrescente,Nublado,Simples,Rotatória,Não,1,0,0,1,0,0,1,1,-27.62814411,-50.34128666,SPRF-SC,DEL05-SC,UOP03-DEL05-SC,2021
"402207,0",2021-12-17,sexta-feira,03:00:00,SC,101,"137,1",BALNEARIO CAMBORIU,Ausência de reação do condutor,Colisão com objeto,Sem Vítimas,Plena Noite,Decrescente,Nublado,Dupla,Reta,Não,1,0,0,0,0,1,0,1,-27.0157238,-48.61192763,SPRF-SC,DEL04-SC,UOP03-DEL04-SC,2021
"402223,0",2021-12-17,sexta-feira,08:10:00,SC,101,"123,0",ITAJAI,Ausência de reação do condutor,Colisão transversal,Com Vítimas Feridas,Pleno dia,Decrescente,Céu Claro,Múltipla,Interseção de Vias,Sim,1,0,1,0,0,0,1,1,-26.93668609,-48.69876905,SPRF-SC,DEL04-SC,UOP04-DEL04-SC,2021
"402252,0",2021-12-17,sexta-feira,11:30:00,SC,101,"120,0",ITAJAI,Condutor deixou de manter distância do veículo da frente,Colisão traseira,Com Vítimas Feridas,Pleno dia,Decrescente,Céu Claro,Múltipla,Reta,Sim,2,0,1,0,1,0,1,2,-26.912758,-48.711998,SPRF-SC,DEL04-SC,UOP04-DEL04-SC,2021
"402282,0",2021-12-17,sexta-feira,15:00:00,SC,101,"206,0",SAO JOSE,Ingestão de álcool pelo condutor,Colisão traseira,Com Vítimas Feridas,Pleno dia,Decrescente,Céu Claro,Dupla,Reta,Sim,4,0,1,1,1,1,2,4,-27.59193546,-48.61824557,SPRF-SC,DEL01-SC,UOP01-DEL01-SC,2021
"402286,0",2021-12-17,sexta-feira,09:00:00,SC,282,"267,4",SAO JOSE DO CERRITO,Mal súbito do condutor,Saída de leito carroçável,Com Vítimas Feridas,Pleno dia,Crescente,Céu Claro,Simples,Reta,Não,1,0,1,0,0,0,1,1,-27.62322016,-50.65690756,SPRF-SC,DEL05-SC,UOP02-DEL05-SC,2021
"402291,0",2021-12-17,sexta-feira,14:05:00,SC,101,"149,0",ITAPEMA,Ausência de reação do condutor,Tombamento,Com Vítimas Feridas,Pleno dia,Crescente,Céu Claro,Múltipla,Reta,Sim,2,0,1,0,1,0,1,2,-27.1089649,-48.61277586,SPRF-SC,DEL04-SC,UOP03-DEL04-SC,2021
"402305,0",2021-12-17,sexta-feira,16:30:00,SC,101,"206,0",SAO JOSE,Manobra de mudança de faixa,Colisão transversal,Com Vítimas Feridas,Pleno dia,Crescente,Céu Claro,Dupla,Reta,Sim,2,0,1,0,1,0,1,2,-27.59193546,-48.61824557,SPRF-SC,DEL01-SC,UOP01-DEL01-SC,2021
"402319,0",2021-12-17,sexta-feira,17:30:00,SC,282,"42,0",AGUAS MORNAS,Avarias e/ou desgaste excessivo no pneu,Tombamento,Com Vítimas Feridas,Pleno dia,Crescente,Céu Claro,Simples,Reta,Não,1,0,1,0,0,0,1,1,-27.72077,-48.887478,SPRF-SC,DEL01-SC,UOP03-DEL01-SC,2021
"402324,0",2021-12-17,sexta-feira,17:45:00,SC,101,"197,0",SAO JOSE,Ingestão de álcool pelo condutor,Colisão com objeto,Com Vítimas Feridas,Pleno dia,Decrescente,Céu Claro,Dupla,Reta,Sim,1,0,0,1,0,0,1,1,-27.51844497,-48.63848496,SPRF-SC,DEL01-SC,UOP01-DEL01-SC,2021
"402333,0",2021-12-17,sexta-feira,15:40:00,SC,101,"42,0",JOINVILLE,Ausência de reação do condutor,Tombamento,Com Vítimas Feridas,Pleno dia,Decrescente,Nublado,Múltipla,Reta,Sim,1,0,1,0,0,0,1,1,-26.29251598,-48.88474385,SPRF-SC,DEL03-SC,UOP01-DEL03-SC,2021
"402336,0",2021-12-17,sexta-feira,11:20:00,SC,158,"104,0",CUNHA PORA,Ausência de reação do condutor,Saída de leito carroçável,Com Vítimas Feridas,Pleno dia,Crescente,Céu Claro,Simples,Curva,Não,1,0,1,0,0,0,1,1,-26.86046001,-53.16404912,SPRF-SC,DEL07-SC,UOP02-DEL07-SC,2021
"402352,0",2021-12-17,sexta-feira,15:50:00,SC,282,"633,9",DESCANSO,Velocidade Incompatível,Saída de leito carroçável,Com Vítimas Feridas,Pleno dia,Crescente,Céu Claro,Simples,Aclive;Curva,Não,1,0,1,0,0,0,1,1,-26.824224,-53.412407,SPRF-SC,DEL07-SC,UOP03-DEL07-SC,2021
"402369,0",2021-12-17,sexta-feira,19:50:00,SC,280,"30,0",ARAQUARI,Condutor deixou de manter distância do veículo da frente,Colisão traseira,Com Vítimas Feridas,Plena Noite,Decrescente,Nublado,Simples,Reta,Sim,6,0,3,1,2,0,4,2,-26.4141523,-48.76209493,SPRF-SC,DEL03-SC,UOP03-DEL03-SC,2021
"402370,0",2021-12-17,sexta-feira,20:00:00,SC,280,"28,5",ARAQUARI,Velocidade Incompatível,Colisão lateral mesmo sentido,Com Vítimas Feridas,Plena Noite,Crescente,Nublado,Simples,Reta,Sim,1,0,1,0,0,0,1,1,-26.40450077,-48.74561031,SPRF-SC,DEL03-SC,UOP03-DEL03-SC,2021
"402372,0",2021-12-17,sexta-feira,20:35:00,SC,101,"118,0",ITAJAI,Reação tardia ou ineficiente do condutor,Colisão traseira,Com Vítimas Feridas,Plena Noite,Crescente,Céu Claro,Múltipla,Reta,Sim,3,0,1,0,2,0,1,2,-26.895859,-48.71903,SPRF-SC,DEL04-SC,UOP04-DEL04-SC,2021
"402382,0",2021-12-17,sexta-feira,21:15:00,SC,101,"204,0",SAO JOSE,Acessar a via sem observar a presença dos outros veículos,Colisão transversal,Com Vítimas Feridas,Plena Noite,Decrescente,Chuva,Dupla,Reta,Sim,2,0,1,0,1,0,1,2,-27.57413014,-48.61363083,SPRF-SC,DEL01-SC,UOP01-DEL01-SC,2021
"402385,0",2021-12-17,sexta-feira,21:15:00,SC,470,"141,6",RIO DO SUL,Transitar na contramão,Colisão frontal,Com Vítimas Feridas,Plena Noite,Crescente,Céu Claro,Simples,Reta,Sim,2,0,1,0,1,0,1,2,-27.21050887,-49.6519053,SPRF-SC,DEL04-SC,UOP02-DEL04-SC,2021
"402401,0",2021-12-17,sexta-feira,21:00:00,SC,101,"213,0",PALHOCA,Reação tardia ou ineficiente do condutor,Tombamento,Com Vítimas Feridas,Pleno dia,Crescente,Chuva,Dupla,Reta,Sim,1,0,1,0,0,0,1,1,-27.63697369,-48.66514142,SPRF-SC,DEL01-SC,UOP02-DEL01-SC,2021
"402428,0",2021-12-18,sábado,00:30:00,SC,101,"207,0",SAO JOSE,Ingestão de álcool pelo condutor,Colisão transversal,Sem Vítimas,Plena Noite,Decrescente,Céu Claro,Dupla,Reta,Sim,3,0,0,0,3,0,0,2,-27.59193546,-48.61824557,SPRF-SC,DEL01-SC,UOP01-DEL01-SC,2021
"402432,0",2021-12-18,sábado,01:40:00,SC,101,"41,8",JOINVILLE,Ingestão de álcool pelo condutor,Saída de leito carroçável,Sem Vítimas,Plena Noite,Crescente,Garoa/Chuvisco,Dupla,Reta,Sim,1,0,0,0,1,0,0,1,-26.28215489,-48.88973081,SPRF-SC,DEL03-SC,UOP01-DEL03-SC,2021
"402435,0",2021-12-18,sábado,01:30:00,SC,101,"130,5",CAMBORIU,Acumulo de água sobre o pavimento,Capotamento,Com Vítimas Feridas,Plena Noite,Decrescente,Chuva,Dupla,Reta,Não,2,0,0,2,0,0,2,1,-26.98407618,-48.66977107,SPRF-SC,DEL04-SC,UOP03-DEL04-SC,2021
"402447,0",2021-12-17,sexta-feira,20:15:00,SC,101,"418,0",ARARANGUA,Conversão proibida,Colisão frontal,Com Vítimas Feridas,Plena Noite,Crescente,Chuva,Múltipla,Reta,Sim,3,0,1,1,1,0,2,2,-28.98044384,-49.53709515,SPRF-SC,DEL02-SC,UOP02-DEL02-SC,2021
"402449,0",2021-12-18,sábado,04:40:00,SC,101,"123,0",ITAJAI,Ingestão de álcool pelo condutor,Colisão traseira,Com Vítimas Feridas,Amanhecer,Crescente,Nublado,Múltipla,Interseção de Vias,Sim,3,0,0,1,2,0,1,3,-26.93668609,-48.69876905,SPRF-SC,DEL04-SC,UOP04-DEL04-SC,2021
"402465,0",2021-12-18,sábado,03:10:00,SC,101,"93,0",BARRA VELHA,Reação tardia ou ineficiente do condutor,Colisão com objeto,Sem Vítimas,Plena Noite,Decrescente,Nublado,Dupla,Reta,Não,1,0,0,0,1,0,0,1,-26.6899011,-48.69663873,SPRF-SC,DEL03-SC,UOP02-DEL03-SC,2021
"402468,0",2021-12-18,sábado,05:00:00,SC,280,"136,0",RIO NEGRINHO,Velocidade Incompatível,Colisão traseira,Com Vítimas Feridas,Pleno dia,Decrescente,Céu Claro,Simples,Reta,Não,2,0,1,0,1,0,1,2,-26.270102,-49.58121,SPRF-SC,DEL06-SC,UOP03-DEL06-SC,2021
"402541,0",2021-12-18,sábado,02:10:00,SC,280,"114,6",SAO BENTO DO SUL,Transitar na contramão,Colisão frontal,Com Vítimas Fatais,Plena Noite,Crescente,Nevoeiro/Neblina,Simples,Curva,Não,5,1,1,0,0,3,1,3,-26.276803,-49.4197252,SPRF-SC,DEL06-SC,UOP03-DEL06-SC,2021
"402544,0",2021-12-18,sábado,14:00:00,SC,101,"135,3",BALNEARIO CAMBORIU,Trafegar com motocicleta (ou similar) entre as faixas,Colisão traseira,Com Vítimas Feridas,Pleno dia,Crescente,Céu Claro,Dupla,Reta,Sim,2,0,1,0,1,0,1,2,-27.0050108,-48.62677494,SPRF-SC,DEL04-SC,UOP03-DEL04-SC,2021
"402548,0",2021-12-18,sábado,07:50:00,SC,163,"115,3",DIONISIO CERQUEIRA,Velocidade Incompatível,Saída de leito carroçável,Com Vítimas Feridas,Pleno dia,Decrescente,Céu Claro,Simples,Declive;Reta,Não,1,0,1,0,0,0,1,1,-26.36827905,-53.53348015,SPRF-SC,DEL07-SC,UOP03-DEL07-SC,2021
"402552,0",2021-12-18,sábado,13:38:00,SC,101,"89,2",BARRA VELHA,Ingestão de álcool pelo condutor,Colisão com objeto,Com Vítimas Feridas,Pleno dia,Crescente,Sol,Múltipla,Reta,Sim,1,0,1,0,0,0,1,1,-26.65175997,-48.68721921,SPRF-SC,DEL03-SC,UOP02-DEL03-SC,2021
"402556,0",2021-12-18,sábado,15:45:00,SC,101,"118,9",ITAJAI,Reação tardia ou ineficiente do condutor,Engavetamento,Com Vítimas Feridas,Pleno dia,Crescente,Nublado,Múltipla,Reta,Sim,3,0,1,0,1,1,1,3,-26.895859,-48.71903,SPRF-SC,DEL04-SC,UOP04-DEL04-SC,2021
"402567,0",2021-12-18,sábado,15:00:00,SC,101,"217,0",PALHOCA,Velocidade Incompatível,Colisão lateral mesmo sentido,Sem Vítimas,Pleno dia,Decrescente,Garoa/Chuvisco,Múltipla,Reta,Sim,2,0,0,0,1,1,0,2,-27.66779034,-48.67393586,SPRF-SC,DEL01-SC,UOP02-DEL01-SC,2021
"402569,0",2021-12-18,sábado,15:50:00,SC,101,"142,6",ITAPEMA,Manobra de mudança de faixa,Colisão lateral mesmo sentido,Com Vítimas Feridas,Pleno dia,Crescente,Nublado,Simples,Reta,Sim,2,0,0,1,1,0,1,2,-27.056089,-48.599449,SPRF-SC,DEL04-SC,UOP03-DEL04-SC,2021
"402596,0",2021-12-18,sábado,17:40:00,SC,101,"257,1",PAULO LOPES,Velocidade Incompatível,Saída de leito carroçável,Com Vítimas Feridas,Anoitecer,Decrescente,Chuva,Múltipla,Declive;Curva,Não,5,0,4,1,0,0,5,1,-27.99895525,-48.68886536,SPRF-SC,DEL02-SC,UOP03-DEL02-SC,2021
"402599,0",2021-12-18,sábado,15:20:00,SC,280,"25,0",ARAQUARI,Retorno proibido,Colisão lateral mesmo sentido,Com Vítimas Feridas,Pleno dia,Decrescente,Garoa/Chuvisco,Simples,Reta,Sim,3,0,1,1,1,0,2,2,-26.38352781,-48.72677516,SPRF-SC,DEL03-SC,UOP03-DEL03-SC,2021
"402627,0",2021-12-18,sábado,18:00:00,SC,480,"124,7",CHAPECO,Acessar a via sem observar a presença dos outros veículos,Colisão lateral mesmo sentido,Com Vítimas Feridas,Pleno dia,Crescente,Sol,Múltipla,Reta,Não,3,0,1,0,2,0,1,3,-27.00359519,-52.64391044,SPRF-SC,DEL07-SC,UOP01-DEL07-SC,2021
"402641,0",2021-12-18,sábado,20:40:00,SC,101,"327,5",CAPIVARI DE BAIXO,Ausência de reação do condutor,Colisão traseira,Com Vítimas Feridas,Plena Noite,Crescente,Nublado,Dupla,Reta,Não,6,0,1,0,5,0,1,3,-28.43023306,-48.95205197,SPRF-SC,DEL02-SC,UOP01-DEL02-SC,2021
"402643,0",2021-12-18,sábado,19:50:00,SC,101,"93,0",BARRA VELHA,Acessar a via sem observar a presença dos outros veículos,Colisão traseira,Com Vítimas Feridas,Plena Noite,Crescente,Garoa/Chuvisco,Dupla,Reta,Não,4,0,0,1,0,3,1,3,-26.6899011,-48.69663873,SPRF-SC,DEL03-SC,UOP02-DEL03-SC,2021
"402654,0",2021-12-18,sábado,14:30:00,SC,282,"374,0",ERVAL VELHO,Velocidade Incompatível,Saída de leito carroçável,Com Vítimas Feridas,Pleno dia,Crescente,Céu Claro,Simples,Curva,Não,1,0,1,0,0,0,1,1,-27.236115,-51.452618,SPRF-SC,DEL07-SC,UOP05-DEL07-SC,2021
"402662,0",2021-12-18,sábado,21:50:00,SC,101,"40,0",JOINVILLE,Velocidade Incompatível,Colisão com objeto,Com Vítimas Feridas,Plena Noite,Decrescente,Chuva,Dupla,Curva,Sim,1,0,1,0,0,0,1,1,-26.31569677,-48.87354434,SPRF-SC,DEL03-SC,UOP01-DEL03-SC,2021
"402673,0",2021-12-18,sábado,21:50:00,SC,163,"114,0",GUARUJA DO SUL,Ingestão de álcool pelo condutor,Colisão lateral sentido oposto,Sem Vítimas,Plena Noite,Decrescente,Céu Claro,Simples,Reta,Não,2,0,0,0,0,2,0,2,-26.37430012,-53.52974653,SPRF-SC,DEL07-SC,UOP03-DEL07-SC,2021
"402684,0",2021-12-18,sábado,23:00:00,SC,470,"63,0",INDAIAL,Pedestre cruzava a pista fora da faixa,Atropelamento de Pedestre,Com Vítimas Fatais,Plena Noite,Decrescente,Céu Claro,Simples,Reta;Declive,Sim,3,1,0,0,0,2,0,2,-26.872396,-49.19228,SPRF-SC,DEL04-SC,UOP01-DEL04-SC,2021
"402685,0",2021-12-19,domingo,00:15:00,SC,116,"212,0",PONTE ALTA,Ingestão de álcool pelo condutor,Saída de leito carroçável,Sem Vítimas,Plena Noite,Decrescente,Garoa/Chuvisco,Simples,Curva,Não,1,0,0,0,1,0,0,1,-27.51804376,-50.36466561,SPRF-SC,DEL05-SC,UOP03-DEL05-SC,2021
"402692,0",2021-12-19,domingo,01:20:00,SC,101,"206,8",SAO JOSE,Ingestão de álcool pelo condutor,Colisão com objeto,Com Vítimas Feridas,Plena Noite,Crescente,Nublado,Dupla,Reta,Sim,1,0,1,0,0,0,1,1,-27.59193546,-48.61824557,SPRF-SC,DEL01-SC,UOP01-DEL01-SC,2021
"402709,0",2021-12-19,domingo,04:00:00,SC,470,"141,9",RIO DO SUL,Velocidade Incompatível,Saída de leito carroçável,Sem Vítimas,Plena Noite,Crescente,Nublado,Simples,Curva,Não,1,0,0,0,0,1,0,1,-27.226065,-49.666161,SPRF-SC,DEL04-SC,UOP02-DEL04-SC,2021
"402716,0",2021-12-18,sábado,21:20:00,SC,101,"292,7",IMBITUBA,Velocidade Incompatível,Saída de leito carroçável,Com Vítimas Feridas,Plena Noite,Decrescente,Céu Claro,Dupla,Curva,Não,1,0,1,0,0,0,1,1,-28.2856298,-48.70438133,SPRF-SC,DEL02-SC,UOP03-DEL02-SC,2021
"402727,0",2021-12-19,domingo,06:00:00,SC,280,"133,3",RIO NEGRINHO,Ingestão de álcool pelo condutor,Colisão frontal,Com Vítimas Feridas,Amanhecer,Crescente,Céu Claro,Simples,Declive;Curva,Não,9,0,5,4,0,0,9,2,-26.274631,-49.5707014,SPRF-SC,DEL06-SC,UOP03-DEL06-SC,2021
"402735,0",2021-12-19,domingo,05:00:00,SC,282,"164,0",BOM RETIRO,Ausência de reação do condutor,Saída de leito carroçável,Com Vítimas Feridas,Amanhecer,Crescente,Garoa/Chuvisco,Simples,Reta,Não,3,0,1,0,2,0,1,1,-27.733187,-49.792793,SPRF-SC,DEL05-SC,UOP01-DEL05-SC,2021
"402759,0",2021-12-19,domingo,08:50:00,SC,116,"221,9",CORREIA PINTO,Mal súbito do condutor,Saída de leito carroçável,Com Vítimas Feridas,Pleno dia,Decrescente,Céu Claro,Simples,Reta,Não,1,0,1,0,0,0,1,1,-27.60219105,-50.35547018,SPRF-SC,DEL05-SC,UOP03-DEL05-SC,2021
"402762,0",2021-12-19,domingo,07:00:00,SC,470,"157,9",TROMBUDO CENTRAL,Velocidade Incompatível,Tombamento,Com Vítimas Feridas,Pleno dia,Crescente,Garoa/Chuvisco,Simples,Curva,Não,3,0,2,0,1,0,2,1,-27.285425,-49.76881,SPRF-SC,DEL04-SC,UOP02-DEL04-SC,2021
"402772,0",2021-12-19,domingo,10:50:00,SC,101,"81,6",BARRA VELHA,Trafegar com motocicleta (ou similar) entre as faixas,Queda de ocupante de veículo,Com Vítimas Feridas,Pleno dia,Crescente,Céu Claro,Dupla,Aclive;Reta,Não,2,0,1,1,0,0,2,1,-26.60256101,-48.72553524,SPRF-SC,DEL03-SC,UOP02-DEL03-SC,2021