id,data_inversa,dia_semana,horario,uf,br,km,municipio,causa_acidente,tipo_acidente,classificacao_acidente,fase_dia,sentido_via,condicao_metereologica,tipo_pista,tracado_via,uso_solo,pessoas,mortos,feridos_leves,feridos_graves,ilesos,ignorados,feridos,veiculos,latitude,longitude,regional,delegacia,uop,ano_arquivo
"403670,0",2021-12-23,quinta-feira,16:10:00,SC,470,"92,4",APIUNA,Ausência de reação do condutor,Tombamento,Com Vítimas Feridas,Pleno dia,Crescente,Céu Claro,Simples,Reta,Sim,1,0,1,0,0,0,1,1,-26.994484,-49.375908,SPRF-SC,DEL04-SC,UOP01-DEL04-SC,2021
"403673,0",2021-12-23,quinta-feira,20:05:00,SC,153,"35,8",VARGEM BONITA,Ultrapassagem Indevida,Colisão frontal,Com Vítimas Feridas,Plena Noite,Crescente,Céu Claro,Simples,Reta,Não,3,0,1,0,2,0,1,2,-26.813108,-51.724167,SPRF-SC,DEL07-SC,UOP05-DEL07-SC,2021
"403679,0",2021-12-23,quinta-feira,18:00:00,SC,280,"293,8",PORTO UNIAO,Condutor deixou de manter distância do veículo da frente,Colisão lateral mesmo sentido,Com Vítimas Feridas,Pleno dia,Crescente,Céu Claro,Simples,Reta,Não,2,0,1,0,1,0,1,2,-26.29680504,-50.95533402,SPRF-SC,DEL06-SC,UOP04-DEL06-SC,2021
"403680,0",2021-12-23,quinta-feira,19:45:00,SC,280,"123,0",RIO NEGRINHO,Acessar a via sem observar a presença dos outros veículos,Atropelamento de Pedestre,Com Vítimas Feridas,Plena Noite,Crescente,Céu Claro,Simples,Reta,Sim,2,0,1,0,0,1,1,2,-26.23705438,-49.49001789,SPRF-SC,DEL06-SC,UOP03-DEL06-SC,2021
"403691,0",2021-12-23,quinta-feira,23:20:00,SC,101,"213,2",PALHOCA,Velocidade Incompatível,Colisão lateral mesmo sentido,Com Vítimas Feridas,Plena Noite,Crescente,Nublado,Múltipla,Reta,Sim,3,0,2,0,0,1,2,2,-27.63697369,-48.66514142,SPRF-SC,DEL01-SC,UOP02-DEL01-SC,2021
"403710,0",2021-12-24,sexta-feira,03:30:00,SC,101,"210,5",SAO JOSE,Ingestão de álcool pelo condutor,Colisão lateral mesmo sentido,Sem Vítimas,Plena Noite,Crescente,Céu Claro,Dupla,Reta,Sim,2,0,0,0,2,0,0,2,-27.6167305,-48.6457265,SPRF-SC,DEL01-SC,UOP01-DEL01-SC,2021
"403734,0",2021-12-24,sexta-feira,02:30:00,SC,116,"11,0",MAFRA,Ausência de reação do condutor,Saída de leito carroçável,Sem Vítimas,Pleno dia,Decrescente,Céu Claro,Simples,Curva,Não,1,0,0,0,1,0,0,1,-26.17627262,-49.8580203,SPRF-SC,DEL06-SC,UOP01-DEL06-SC,2021
"403754,0",2021-12-24,sexta-feira,08:00:00,SC,116,"5,5",MAFRA,Acessar a via sem observar a presença dos outros veículos,Colisão transversal,Sem Vítimas,Plena Noite,Crescente,Céu Claro,Simples,Interseção de Vias,Sim,2,0,0,0,1,1,0,2,-26.14094396,-49.81508303,SPRF-SC,DEL06-SC,UOP01-DEL06-SC,2021
"403758,0",2021-12-24,sexta-feira,09:00:00,SC,101,"140,0",BALNEARIO CAMBORIU,Reação tardia ou ineficiente do condutor,Colisão com objeto,Com Vítimas Feridas,Pleno dia,Crescente,Céu Claro,Simples,Curva,Não,1,0,0,1,0,0,1,1,-27.03881189,-48.60025148,SPRF-SC,DEL04-SC,UOP03-DEL04-SC,2021
"403763,0",2021-12-24,sexta-feira,09:40:00,SC,470,"9,9",NAVEGANTES,Desrespeitar a preferência no cruzamento,Colisão transversal,Com Vítimas Feridas,Pleno dia,Decrescente,Céu Claro,Simples,Reta;Em Obras;Interseção de Vias,Sim,2,0,0,1,1,0,1,2,-26.83365231,-48.73636699,SPRF-SC,DEL04-SC,UOP04-DEL04-SC,2021
"403770,0",2021-12-24,sexta-feira,10:35:00,SC,280,"162,4",MAFRA,Ultrapassagem Indevida,Colisão lateral mesmo sentido,Com Vítimas Feridas,Pleno dia,Decrescente,Céu Claro,Simples,Reta,Não,6,0,2,0,3,1,2,4,-26.20386631,-49.79088509,SPRF-SC,DEL06-SC,UOP03-DEL06-SC,2021
"403791,0",2021-12-24,sexta-feira,12:40:00,SC,101,"117,3",ITAJAI,Desrespeitar a preferência no cruzamento,Colisão transversal,Com Vítimas Feridas,Pleno dia,Crescente,Sol,Dupla,Interseção de Vias,Não,2,0,1,0,1,0,1,2,-26.88747187,-48.72252969,SPRF-SC,DEL04-SC,UOP04-DEL04-SC,2021
"403795,0",2021-12-24,sexta-feira,09:00:00,SC,153,"58,8",IRANI,Desrespeitar a preferência no cruzamento,Colisão transversal,Com Vítimas Feridas,Pleno dia,Crescente,Céu Claro,Dupla,Rotatória,Não,5,0,0,1,4,0,1,2,-26.964373,-51.841362,SPRF-SC,DEL07-SC,UOP04-DEL07-SC,2021
"403798,0",2021-12-24,sexta-feira,11:15:00,SC,282,"474,4",VARGEAO,Ingestão de álcool pelo condutor,Saída de leito carroçável,Com Vítimas Feridas,Pleno dia,Crescente,Céu Claro,Simples,Reta,Sim,1,0,1,0,0,0,1,1,-26.874346,-52.155285,SPRF-SC,DEL07-SC,UOP01-DEL07-SC,2021
"403817,0",2021-12-24,sexta-feira,14:00:00,SC,280,"52,5",GUARAMIRIM,Retorno proibido,Colisão lateral mesmo sentido,Com Vítimas Feridas,Pleno dia,Decrescente,Sol,Dupla,Reta;Em Obras,Não,4,0,0,2,2,0,2,2,-26.47282995,-48.97535563,SPRF-SC,DEL03-SC,UOP03-DEL03-SC,2021
"403823,0",2021-12-24,sexta-feira,08:50:00,SC,282,"644,1",SAO MIGUEL DO OESTE,Ingestão de álcool e/ou substâncias psicoativas pelo pedestre,Atropelamento de Pedestre,Com Vítimas Feridas,Pleno dia,Crescente,Céu Claro,Simples,Reta,Não,2,0,1,0,0,1,1,2,-26.769157,-53.479385,SPRF-SC,DEL07-SC,UOP03-DEL07-SC,2021
"403834,0",2021-12-24,sexta-feira,15:05:00,SC,101,"374,6",ICARA,Reação tardia ou ineficiente do condutor,Saída de leito carroçável,Com Vítimas Feridas,Pleno dia,Decrescente,Céu Claro,Dupla,Reta,Não,1,0,0,1,0,0,1,1,-28.71534412,-49.22723198,SPRF-SC,DEL02-SC,UOP01-DEL02-SC,2021
"403839,0",2021-12-24,sexta-feira,16:00:00,SC,101,"415,8",ARARANGUA,Manobra de mudança de faixa,Colisão frontal,Com Vítimas Feridas,Pleno dia,Crescente,Céu Claro,Múltipla,Interseção de Vias,Sim,3,0,3,0,0,0,3,2,-28.97082717,-49.52791214,SPRF-SC,DEL02-SC,UOP02-DEL02-SC,2021
"403854,0",2021-12-24,sexta-feira,18:37:00,SC,470,"53,1",BLUMENAU,Acessar a via sem observar a presença dos outros veículos,Colisão transversal,Com Vítimas Feridas,Anoitecer,Decrescente,Céu Claro,Simples,Curva,Sim,3,0,1,1,1,0,2,2,-26.8688969,-49.10477422,SPRF-SC,DEL04-SC,UOP01-DEL04-SC,2021
"403861,0",2021-12-24,sexta-feira,16:30:00,SC,101,"4,0",GARUVA,Demais falhas mecânicas ou elétricas,Incêndio,Sem Vítimas,Pleno dia,Decrescente,Nublado,Dupla,Reta,Sim,1,0,0,0,1,0,0,1,-26.00908719,-48.86448735,SPRF-SC,DEL03-SC,UOP01-DEL03-SC,2021
"403862,0",2021-12-24,sexta-feira,16:30:00,SC,470,"168,6",POUSO REDONDO,Reação tardia ou ineficiente do condutor,Tombamento,Sem Vítimas,Pleno dia,Crescente,Céu Claro,Simples,Reta,Não,2,0,0,0,2,0,0,1,-27.266994,-49.872524,SPRF-SC,DEL04-SC,UOP02-DEL04-SC,2021
"403877,0",2021-12-24,sexta-feira,21:20:00,SC,470,"55,5",BLUMENAU,Conversão proibida,Colisão transversal,Com Vítimas Feridas,Plena Noite,Decrescente,Céu Claro,Simples,Reta,Sim,2,0,0,1,1,0,1,2,-26.875601,-49.117992,SPRF-SC,DEL04-SC,UOP01-DEL04-SC,2021
"403882,0",2021-12-24,sexta-feira,10:45:00,SC,280,"69,2",JARAGUA DO SUL,Reação tardia ou ineficiente do condutor,Colisão traseira,Sem Vítimas,Pleno dia,Crescente,Céu Claro,Simples,Reta,Não,2,0,0,0,2,0,0,2,-26.46803296,-49.11833097,SPRF-SC,DEL03-SC,UOP03-DEL03-SC,2021
"403890,0",2021-12-24,sexta-feira,20:50:00,SC,470,"103,9",APIUNA,Transitar na contramão,Colisão frontal,Com Vítimas Feridas,Plena Noite,Crescente,Céu Claro,Simples,Reta,Não,4,0,2,0,1,1,2,3,-27.064796,-49.401424,SPRF-SC,DEL04-SC,UOP02-DEL04-SC,2021
"403897,0",2021-12-24,sexta-feira,22:45:00,SC,101,"455,6",SAO JOAO DO SUL,Reação tardia ou ineficiente do condutor,Saída de leito carroçável,Com Vítimas Feridas,Plena Noite,Crescente,Nublado,Múltipla,Rotatória;Interseção de Vias,Sim,2,0,2,0,0,0,2,1,-29.22733458,-49.75970188,SPRF-SC,DEL02-SC,UOP02-DEL02-SC,2021
"403909,0",2021-12-25,sábado,00:55:00,SC,101,"211,8",PALHOCA,Reação tardia ou ineficiente do condutor,Colisão lateral mesmo sentido,Com Vítimas Feridas,Plena Noite,Decrescente,Nublado,Múltipla,Reta,Sim,2,0,0,1,0,1,1,2,-27.62963171,-48.65852773,SPRF-SC,DEL01-SC,UOP02-DEL01-SC,2021
"403925,0",2021-12-25,sábado,02:10:00,SC,101,"138,4",BALNEARIO CAMBORIU,Transitar na contramão,Colisão com objeto,Com Vítimas Fatais,Plena Noite,Decrescente,Nublado,Dupla,Reta,Sim,1,1,0,0,0,0,0,1,-27.02794534,-48.60553265,SPRF-SC,DEL04-SC,UOP03-DEL04-SC,2021
"403930,0",2021-12-25,sábado,03:10:00,SC,282,"20,4",PALHOCA,Ingestão de álcool pelo condutor,Saída de leito carroçável,Com Vítimas Feridas,Plena Noite,Crescente,Céu Claro,Simples,Reta,Sim,2,0,0,1,0,1,1,1,-27.683958,-48.71006,SPRF-SC,DEL01-SC,UOP02-DEL01-SC,2021
"403938,0",2021-12-25,sábado,04:10:00,SC,282,"190,0",LAGES,Ingestão de álcool pelo condutor,Colisão frontal,Com Vítimas Feridas,Plena Noite,Crescente,Céu Claro,Simples,Curva;Declive,Não,2,0,1,0,1,0,1,2,-27.73763052,-50.02212524,SPRF-SC,DEL05-SC,UOP01-DEL05-SC,2021
"403949,0",2021-12-25,sábado,07:50:00,SC,101,"203,0",SAO JOSE,Demais falhas mecânicas ou elétricas,Queda de ocupante de veículo,Com Vítimas Feridas,Pleno dia,Crescente,Sol,Dupla,Reta,Não,2,0,2,0,0,0,2,1,-27.5650044,-48.61460082,SPRF-SC,DEL01-SC,UOP01-DEL01-SC,2021
"403959,0",2021-12-25,sábado,08:35:00,SC,101,"196,5",BIGUACU,Velocidade Incompatível,Colisão lateral mesmo sentido,Com Vítimas Feridas,Pleno dia,Decrescente,Céu Claro,Múltipla,Reta,Sim,2,0,0,1,1,0,1,2,-27.51101091,-48.64322292,SPRF-SC,DEL01-SC,UOP01-DEL01-SC,2021
"403971,0",2021-12-25,sábado,10:45:00,SC,101,"136,3",BALNEARIO CAMBORIU,Ingestão de álcool pelo condutor,Colisão com objeto,Com Vítimas Feridas,Pleno dia,Decrescente,Céu Claro,Múltipla,Reta,Sim,2,0,1,0,1,0,1,2,-27.008113,-48.617245,SPRF-SC,DEL04-SC,UOP03-DEL04-SC,2021
"403975,0",2021-12-25,sábado,09:08:00,SC,470,"92,0",ASCURRA,Acessar a via sem observar a presença dos outros veículos,Colisão lateral mesmo sentido,Com Vítimas Feridas,Pleno dia,Decrescente,Céu Claro,Simples,Reta,Não,3,0,2,1,0,0,3,2,-26.98592,-49.373047,SPRF-SC,DEL04-SC,UOP01-DEL04-SC,2021
"403976,0",2021-12-25,sábado,00:50:00,SC,101,"131,0",BALNEARIO CAMBORIU,Entrada inopinada do pedestre,Atropelamento de Pedestre,Com Vítimas Feridas,Plena Noite,Crescente,Nublado,Dupla,Reta,Não,2,0,1,0,0,1,1,2,-26.99064209,-48.66310912,SPRF-SC,DEL04-SC,UOP03-DEL04-SC,2021
"403977,0",2021-12-25,sábado,12:15:00,SC,280,"33,2",ARAQUARI,Acessar a via sem observar a presença dos outros veículos,Colisão transversal,Com Vítimas Feridas,Pleno dia,Crescente,Céu Claro,Simples,Reta,Não,5,0,4,0,1,0,4,2,-26.42576441,-48.78741376,SPRF-SC,DEL03-SC,UOP03-DEL03-SC,2021
"403979,0",2021-12-25,sábado,09:45:00,SC,101,"166,0",TIJUCAS,Manobra de mudança de faixa,Colisão lateral mesmo sentido,Sem Vítimas,Pleno dia,Decrescente,Céu Claro,Dupla,Retorno Regulamentado,Não,2,0,0,0,1,1,0,2,-27.26147697,-48.63180349,SPRF-SC,DEL04-SC,UOP03-DEL04-SC,2021
"403992,0",2021-12-25,sábado,14:20:00,SC,470,"18,0",ILHOTA,Condutor deixou de manter distância do veículo da frente,Colisão traseira,Com Vítimas Feridas,Pleno dia,Crescente,Céu Claro,Simples,Reta,Não,2,0,0,1,1,0,1,2,-26.855534,-48.808922,SPRF-SC,DEL04-SC,UOP04-DEL04-SC,2021
"403997,0",2021-12-25,sábado,15:15:00,SC,101,"138,2",BALNEARIO CAMBORIU,Reação tardia ou ineficiente do condutor,Colisão com objeto,Com Vítimas Feridas,Pleno dia,Crescente,Céu Claro,Dupla,Curva,Sim,1,0,1,0,0,0,1,1,-27.02397426,-48.60761649,SPRF-SC,DEL04-SC,UOP03-DEL04-SC,2021
"403999,0",2021-12-25,sábado,15:50:00,SC,280,"30,0",ARAQUARI,Velocidade Incompatível,Colisão traseira,Com Vítimas Feridas,Pleno dia,Decrescente,Sol,Simples,Reta,Sim,3,0,1,1,1,0,2,2,-26.4141523,-48.76209493,SPRF-SC,DEL03-SC,UOP03-DEL03-SC,2021
"404004,0",2021-12-25,sábado,15:50:00,SC,101,"290,0",IMBITUBA,Entrada inopinada do pedestre,Atropelamento de Pedestre,Com Vítimas Feridas,Pleno dia,Crescente,Sol,Dupla,Aclive,Sim,2,0,0,1,1,0,1,2,-28.26202477,-48.70403355,SPRF-SC,DEL02-SC,UOP03-DEL02-SC,2021
"404011,0",2021-12-25,sábado,17:45:00,SC,280,"53,0",GUARAMIRIM,Acessar a via sem observar a presença dos outros veículos,Atropelamento de Pedestre,Com Vítimas Feridas,Pleno dia,Crescente,Céu Claro,Dupla,Reta,Sim,3,0,0,1,1,1,1,2,-26.47236756,-48.97426617,SPRF-SC,DEL03-SC,UOP03-DEL03-SC,2021
"404030,0",2021-12-25,sábado,20:00:00,SC,280,"56,1",GUARAMIRIM,Manobra de mudança de faixa,Colisão lateral mesmo sentido,Sem Vítimas,Plena Noite,Crescente,Nublado,Dupla,Reta,Não,2,0,0,0,2,0,0,2,-26.47947677,-49.00298702,SPRF-SC,DEL03-SC,UOP03-DEL03-SC,2021
"404040,0",2021-12-25,sábado,17:50:00,SC,470,"164,5",POUSO REDONDO,Ultrapassagem Indevida,Saída de leito carroçável,Com Vítimas Feridas,Pleno dia,Crescente,Céu Claro,Simples,Reta,Não,3,0,0,2,0,1,2,2,-27.278645,-49.836048,SPRF-SC,DEL04-SC,UOP02-DEL04-SC,2021
"404042,0",2021-12-25,sábado,19:40:00,SC,163,"71,0",SAO MIGUEL DO OESTE,Ingestão de álcool pelo condutor,Capotamento,Com Vítimas Feridas,Plena Noite,Crescente,Céu Claro,Simples,Curva,Sim,1,0,1,0,0,0,1,1,-26.72772401,-53.51281303,SPRF-SC,DEL07-SC,UOP03-DEL07-SC,2021
"404051,0",2021-12-25,sábado,20:05:00,SC,101,"358,0",SANGAO,Velocidade Incompatível,Tombamento,Com Vítimas Feridas,Plena Noite,Decrescente,Nublado,Múltipla,Reta,Não,1,0,0,1,0,0,1,1,-28.650546,-49.104671,SPRF-SC,DEL02-SC,UOP01-DEL02-SC,2021
"404052,0",2021-12-25,sábado,22:20:00,SC,101,"204,0",SAO JOSE,Condutor usando celular,Colisão traseira,Com Vítimas Feridas,Plena Noite,Decrescente,Céu Claro,Dupla,Aclive,Sim,2,0,0,1,1,0,1,2,-27.57413014,-48.61363083,SPRF-SC,DEL01-SC,UOP01-DEL01-SC,2021
"404082,0",2021-12-26,domingo,04:50:00,SC,280,"58,0",GUARAMIRIM,Ingestão de álcool pelo condutor,Colisão com objeto,Com Vítimas Feridas,Amanhecer,Decrescente,Céu Claro,Dupla,Curva,Sim,1,0,1,0,0,0,1,1,-26.47415593,-49.021211,SPRF-SC,DEL03-SC,UOP03-DEL03-SC,2021
"404086,0",2021-12-26,domingo,07:20:00,SC,101,"95,9",BARRA VELHA,Condutor Dormindo,Colisão traseira,Com Vítimas Feridas,Pleno dia,Decrescente,Céu Claro,Múltipla,Declive;Reta,Sim,3,0,1,0,2,0,1,2,-26.70876413,-48.70221065,SPRF-SC,DEL03-SC,UOP02-DEL03-SC,2021
"404087,0",2021-12-26,domingo,01:15:00,SC,280,"230,2",CANOINHAS,Velocidade Incompatível,Colisão com objeto,Com Vítimas Feridas,Plena Noite,Crescente,Céu Claro,Simples,Rotatória;Reta,Sim,1,0,1,0,0,0,1,1,-26.18756479,-50.36192211,SPRF-SC,DEL06-SC,UOP04-DEL06-SC,2021
"404088,0",2021-12-26,domingo,04:00:00,SC,282,"349,0",CAMPOS NOVOS,Condutor Dormindo,Saída de leito carroçável,Sem Vítimas,Plena Noite,Crescente,Céu Claro,Simples,Reta,Não,1,0,0,0,1,0,0,1,-27.358049,-51.282482,SPRF-SC,DEL07-SC,UOP06-DEL07-SC,2021
"404098,0",2021-12-26,domingo,09:20:00,SC,101,"148,7",ITAPEMA,Pista Escorregadia,Tombamento,Com Vítimas Feridas,Pleno dia,Crescente,Sol,Múltipla,Reta,Não,1,0,1,0,0,0,1,1,-27.10123686,-48.61807962,SPRF-SC,DEL04-SC,UOP03-DEL04-SC,2021
"404124,0",2021-12-26,domingo,13:00:00,SC,101,"192,0",BIGUACU,Condutor deixou de manter distância do veículo da frente,Colisão traseira,Sem Vítimas,Pleno dia,Decrescente,Céu Claro,Múltipla,Reta,Sim,3,0,0,0,3,0,0,3,-27.48443781,-48.64765238,SPRF-SC,DEL01-SC,UOP01-DEL01-SC,2021
"404129,0",2021-12-26,domingo,11:00:00,SC,101,"326,0",PESCARIA BRAVA,Ausência de reação do condutor,Colisão traseira,Com Vítimas Feridas,Pleno dia,Decrescente,Céu Claro,Dupla,Aclive,Não,3,0,1,0,2,0,1,3,-28.42524483,-48.94302707,SPRF-SC,DEL02-SC,UOP01-DEL02-SC,2021
"404130,0",2021-12-26,domingo,10:30:00,SC,101,"342,4",TUBARAO,Reação tardia ou ineficiente do condutor,Capotamento,Com Vítimas Feridas,Pleno dia,Crescente,Céu Claro,Múltipla,Reta,Sim,3,0,3,0,0,0,3,1,-28.53917751,-49.05309677,SPRF-SC,DEL02-SC,UOP01-DEL02-SC,2021
"404131,0",2021-12-26,domingo,09:40:00,SC,282,"41,0",AGUAS MORNAS,Desrespeitar a preferência no cruzamento,Colisão transversal,Com Vítimas Fatais,Pleno dia,Decrescente,Céu Claro,Simples,Reta,Sim,3,1,0,0,2,0,0,2,-27.717094,-48.8809425,SPRF-SC,DEL01-SC,UOP03-DEL01-SC,2021
"404138,0",2021-12-26,domingo,14:00:00,SC,101,"192,7",BIGUACU,Velocidade Incompatível,Engavetamento,Com Vítimas Feridas,Pleno dia,Decrescente,Céu Claro,Múltipla,Reta,Sim,4,0,0,1,3,0,1,3,-27.48443781,-48.64765238,SPRF-SC,DEL01-SC,UOP01-DEL01-SC,2021
"404144,0",2021-12-26,domingo,12:15:00,SC,282,"135,0",BOM RETIRO,Reação tardia ou ineficiente do condutor,Colisão transversal,Com Vítimas Feridas,Pleno dia,Decrescente,Céu Claro,Simples,Curva,Não,3,0,1,0,2,0,1,2,-27.81822,-49.548347,SPRF-SC,DEL05-SC,UOP01-DEL05-SC,2021
"404148,0",2021-12-26,domingo,15:45:00,SC,101,"125,0",ITAJAI,Condutor deixou de manter distância do veículo da frente,Colisão traseira,Com Vítimas Feridas,Pleno dia,Crescente,Céu Claro,Dupla,Reta,Não,2,0,1,0,1,0,1,2,-26.94802427,-48.68338515,SPRF-SC,DEL04-SC,UOP04-DEL04-SC,2021
"404156,0",2021-12-26,domingo,14:30:00,SC,101,"55,4",ARAQUARI,Trafegar com motocicleta (ou similar) entre as faixas,Colisão lateral mesmo sentido,Com Vítimas Feridas,Pleno dia,Crescente,Sol,Dupla,Reta,Não,2,0,1,0,1,0,1,2,-26.42280898,-48.82977496,SPRF-SC,DEL03-SC,UOP01-DEL03-SC,2021
"404162,0",2021-12-26,domingo,16:30:00,SC,101,"145,0",ITAPEMA,Manobra de mudança de faixa,Colisão lateral mesmo sentido,Com Vítimas Feridas,Pleno dia,Decrescente,Céu Claro,Dupla,Reta,Não,3,0,2,0,1,0,2,2,-27.08139206,-48.60130993,SPRF-SC,DEL04-SC,UOP03-DEL04-SC,2021
"404163,0",2021-12-26,domingo,17:10:00,SC,101,"148,0",ITAPEMA,Reação tardia ou ineficiente do condutor,Engavetamento,Com Vítimas Feridas,Pleno dia,Crescente,Sol,Múltipla,Reta,Sim,7,0,3,0,3,1,3,5,-27.10123686,-48.61807962,SPRF-SC,DEL04-SC,UOP03-DEL04-SC,2021
"404195,0",2021-12-26,domingo,16:35:00,SC,280,"113,3",SAO BENTO DO SUL,Ausência de reação do condutor,Capotamento,Com Vítimas Feridas,Pleno dia,Decrescente,Nublado,Simples,Curva,Não,2,0,1,0,1,0,1,1,-26.29873518,-49.39799743,SPRF-SC,DEL06-SC,UOP03-DEL06-SC,2021
"404201,0",2021-12-26,domingo,18:30:00,SC,470,"111,2",IBIRAMA,Velocidade Incompatível,Saída de leito carroçável,Com Vítimas Feridas,Anoitecer,Decrescente,Céu Claro,Simples,Curva,Não,1,0,1,0,0,0,1,1,-27.095388,-49.457878,SPRF-SC,DEL04-SC,UOP02-DEL04-SC,2021
"404220,0",2021-12-26,domingo,21:05:00,SC,101,"209,0",SAO JOSE,Condutor deixou de manter distância do veículo da frente,Engavetamento,Com Vítimas Feridas,Plena Noite,Decrescente,Nublado,Dupla,Reta,Sim,4,0,1,0,3,0,1,3,-27.61000542,-48.63895057,SPRF-SC,DEL01-SC,UOP01-DEL01-SC,2021
"404232,0",2021-12-26,domingo,21:15:00,SC,116,"217,3",CORREIA PINTO,Acessar a via sem observar a presença dos outros veículos,Colisão transversal,Sem Vítimas,Plena Noite,Decrescente,Nublado,Simples,Reta,Sim,2,0,0,0,2,0,0,2,-27.56458816,-50.37489474,SPRF-SC,DEL05-SC,UOP03-DEL05-SC,2021
"404235,0",2021-12-26,domingo,18:45:00,SC,101,"96,2",BARRA VELHA,Manobra de mudança de faixa,Colisão lateral mesmo sentido,Com Vítimas Feridas,Plena Noite,Crescente,Céu Claro,Dupla,Reta,Não,4,0,0,1,3,0,1,2,-26.718427,-48.70233,SPRF-SC,DEL03-SC,UOP02-DEL03-SC,2021
"404244,0",2021-12-26,domingo,18:30:00,SC,101,"456,0",SAO JOAO DO SUL,Demais falhas mecânicas ou elétricas,Queda de ocupante de veículo,Com Vítimas Feridas,Pleno dia,Crescente,Céu Claro,Múltipla,Reta,Não,1,0,1,0,0,0,1,1,-29.22330598,-49.76018824,SPRF-SC,DEL02-SC,UOP02-DEL02-SC,2021
"404248,0",2021-12-26,domingo,18:45:00,SC,101,"365,7",ICARA,Velocidade Incompatível,Colisão traseira,Com Vítimas Feridas,Anoitecer,Crescente,Ignorado,Dupla,Reta,Não,3,0,2,0,1,0,2,2,-28.68290284,-49.14759308,SPRF-SC,DEL02-SC,UOP01-DEL02-SC,2021
"404281,0",2021-12-27,segunda-feira,06:00:00,SC,470,"239,9",CURITIBANOS,Velocidade Incompatível,Colisão com objeto,Com Vítimas Feridas,Amanhecer,Crescente,Nublado,Simples,Aclive;Curva,Não,1,0,1,0,0,0,1,1,-27.305603,-50.47327,SPRF-SC,DEL05-SC,UOP03-DEL05-SC,2021
"404300,0",2021-12-15,quarta-feira,18:00:00,SC,280,"26,0",ARAQUARI,Acessar a via sem observar a presença dos outros veículos,Colisão transversal,Com Vítimas Feridas,Pleno dia,Crescente,Céu Claro,Simples,Reta,Sim,2,0,1,0,1,0,1,2,-26.39390711,-48.73824835,SPRF-SC,DEL03-SC,UOP03-DEL03-SC,2021
"404308,0",2021-12-27,segunda-feira,09:15:00,SC,101,"37,2",JOINVILLE,Condutor deixou de manter distância do veículo da frente,Engavetamento,Com Vítimas Feridas,Pleno dia,Crescente,Céu Claro,Dupla,Reta,Não,5,0,1,0,4,0,1,4,-26.28868246,-48.88600588,SPRF-SC,DEL03-SC,UOP01-DEL03-SC,2021
"404311,0",2021-12-27,segunda-feira,09:20:00,SC,101,"26,5",JOINVILLE,Trafegar com motocicleta (ou similar) entre as faixas,Colisão lateral mesmo sentido,Com Vítimas Feridas,Pleno dia,Crescente,Céu Claro,Dupla,Reta,Sim,3,0,2,0,1,0,2,2,-26.19234802,-48.91210384,SPRF-SC,DEL03-SC,UOP01-DEL03-SC,2021
"404319,0",2021-12-27,segunda-feira,10:50:00,SC,282,"19,0",PALHOCA,Condutor deixou de manter distância do veículo da frente,Colisão traseira,Com Vítimas Feridas,Pleno dia,Crescente,Céu Claro,Simples,Reta,Sim,4,0,3,0,1,0,3,2,-27.678635,-48.70192,SPRF-SC,DEL01-SC,UOP02-DEL01-SC,2021
"404322,0",2021-12-27,segunda-feira,10:40:00,SC,280,"31,0",ARAQUARI,Acessar a via sem observar a presença dos outros veículos,Colisão transversal,Com Vítimas Feridas,Pleno dia,Decrescente,Sol,Simples,Reta,Sim,2,0,1,0,1,0,1,2,-26.41644142,-48.77133608,SPRF-SC,DEL03-SC,UOP03-DEL03-SC,2021
"404325,0",2021-12-27,segunda-feira,07:43:00,SC,480,"129,0",CHAPECO,Transitar na contramão,Colisão lateral sentido oposto,Sem Vítimas,Pleno dia,Crescente,Sol,Dupla,Reta,Não,2,0,0,0,2,0,0,2,-27.04656607,-52.63577131,SPRF-SC,DEL07-SC,UOP01-DEL07-SC,2021
"404329,0",2021-12-27,segunda-feira,11:00:00,SC,101,"205,0",SAO JOSE,Condutor deixou de manter distância do veículo da frente,Colisão lateral mesmo sentido,Com Vítimas Feridas,Pleno dia,Decrescente,Céu Claro,Dupla,Reta,Sim,3,0,2,0,1,0,2,2,-27.58313237,-48.61532885,SPRF-SC,DEL01-SC,UOP01-DEL01-SC,2021
"404330,0",2021-12-27,segunda-feira,11:30:00,SC,101,"149,0",ITAPEMA,Ausência de reação do condutor,Colisão traseira,Com Vítimas Feridas,Pleno dia,Decrescente,Céu Claro,Dupla,Reta,Sim,4,0,2,0,1,1,2,3,-27.1089649,-48.61277586,SPRF-SC,DEL04-SC,UOP03-DEL04-SC,2021
"404332,0",2021-12-27,segunda-feira,12:00:00,SC,101,"146,0",ITAPEMA,Manobra de mudança de faixa,Colisão lateral mesmo sentido,Com Vítimas Feridas,Pleno dia,Decrescente,Céu Claro,Dupla,Reta,Sim,3,0,2,0,1,0,2,2,-27.08666525,-48.60955587,SPRF-SC,DEL04-SC,UOP03-DEL04-SC,2021
"404333,0",2021-12-27,segunda-feira,12:15:00,SC,101,"433,9",SOMBRIO,Acessar a via sem observar a presença dos outros veículos,Colisão transversal,Com Vítimas Feridas,Pleno dia,Crescente,Céu Claro,Simples,Viaduto;Reta;Rotatória;Interseção de Vias;Retorno Regulamentado,Sim,2,0,1,0,1,0,1,2,-29.09949414,-49.63480552,SPRF-SC,DEL02-SC,UOP02-DEL02-SC,2021