id,data_inversa,dia_semana,horario,uf,br,km,municipio,causa_acidente,tipo_acidente,classificacao_acidente,fase_dia,sentido_via,condicao_metereologica,tipo_pista,tracado_via,uso_solo,pessoas,mortos,feridos_leves,feridos_graves,ilesos,ignorados,feridos,veiculos,latitude,longitude,regional,delegacia,uop,ano_arquivo
"405130,0",2021-12-31,sexta-feira,17:25:00,SC,470,"171,8",POUSO REDONDO,Velocidade Incompatível,Saída de leito carroçável,Com Vítimas Feridas,Pleno dia,Crescente,Céu Claro,Simples,Declive;Curva,Não,2,0,1,0,1,0,1,1,-27.260828,-49.900455,SPRF-SC,DEL04-SC,UOP02-DEL04-SC,2021
"405131,0",2021-12-31,sexta-feira,21:15:00,SC,470,"119,2",IBIRAMA,Ingestão de álcool pelo condutor,Colisão frontal,Com Vítimas Feridas,Plena Noite,Crescente,Céu Claro,Simples,Declive,Sim,3,0,1,0,2,0,1,2,-27.081554,-49.520206,SPRF-SC,DEL04-SC,UOP02-DEL04-SC,2021
"405148,0",2021-12-31,sexta-feira,23:25:00,SC,101,"360,0",SANGAO,Ingestão de álcool pelo condutor,Saída de leito carroçável,Sem Vítimas,Plena Noite,Crescente,Céu Claro,Dupla,Reta,Sim,1,0,0,0,1,0,0,1,-28.65823109,-49.10991486,SPRF-SC,DEL02-SC,UOP01-DEL02-SC,2021
"405572,0",2021-12-05,domingo,10:15:00,SC,101,"57,3",ARAQUARI,Velocidade Incompatível,Saída de leito carroçável,Com Vítimas Fatais,Pleno dia,Decrescente,Céu Claro,Dupla,Curva,Não,1,1,0,0,0,0,0,1,-26.43781,-48.804,SPRF-SC,DEL03-SC,UOP01-DEL03-SC,2021
"405605,0",2021-12-18,sábado,14:20:00,SC,470,"54,5",BLUMENAU,Desrespeitar a preferência no cruzamento,Colisão transversal,Com Vítimas Feridas,Pleno dia,Crescente,Nublado,Simples,Reta;Interseção de Vias,Sim,2,0,1,0,1,0,1,2,-26.87321495,-49.11419749,SPRF-SC,DEL04-SC,UOP01-DEL04-SC,2021
"405713,0",2021-11-12,sexta-feira,20:30:00,SC,282,"27,0",SANTO AMARO DA IMPERATRIZ,Condutor deixou de manter distância do veículo da frente,Queda de ocupante de veículo,Com Vítimas Feridas,Plena Noite,Decrescente,Ignorado,Simples,Reta,Não,1,0,0,1,0,0,1,1,-27.67711969,-48.78299296,SPRF-SC,DEL01-SC,UOP03-DEL01-SC,2021
"405730,0",2021-09-25,sábado,17:45:00,SC,470,"218,0",SAO CRISTOVAO DO SUL,Velocidade Incompatível,Saída de leito carroçável,Com Vítimas Feridas,Pleno dia,Crescente,Ignorado,Simples,Reta,Não,1,0,0,1,0,0,1,1,-27.297842,-50.294914,SPRF-SC,DEL05-SC,UOP03-DEL05-SC,2021
"405743,0",2021-10-31,domingo,15:26:00,SC,282,"56,0",RANCHO QUEIMADO,Velocidade Incompatível,Colisão frontal,Com Vítimas Feridas,Pleno dia,Decrescente,Chuva,Simples,Curva,Não,4,0,0,4,0,0,4,2,-27.691633,-48.991375,SPRF-SC,DEL01-SC,UOP03-DEL01-SC,2021
"405906,0",2021-11-27,sábado,21:00:00,SC,101,"324,8",CAPIVARI DE BAIXO,Desrespeitar a preferência no cruzamento,Colisão transversal,Com Vítimas Feridas,Plena Noite,Decrescente,Céu Claro,Múltipla,Interseção de Vias,Sim,3,0,0,1,1,1,1,3,-28.4257203,-48.94329424,SPRF-SC,DEL02-SC,UOP01-DEL02-SC,2021
"406133,0",2021-12-04,sábado,12:35:00,SC,280,"118,7",SAO BENTO DO SUL,Ultrapassagem Indevida,Colisão lateral mesmo sentido,Com Vítimas Feridas,Pleno dia,Crescente,Sol,Simples,Reta;Declive,Não,3,0,1,1,1,0,2,2,-26.26608202,-49.42467403,SPRF-SC,DEL06-SC,UOP03-DEL06-SC,2021
"407160,0",2021-11-29,segunda-feira,07:45:00,SC,282,"279,0",SAO JOSE DO CERRITO,Chuva,Saída de leito carroçável,Com Vítimas Feridas,Pleno dia,Crescente,Chuva,Simples,Curva,Sim,2,0,1,0,1,0,1,1,-27.584951,-50.744953,SPRF-SC,DEL05-SC,UOP02-DEL05-SC,2021
"407648,0",2021-11-29,segunda-feira,21:00:00,SC,101,"200,7",SAO JOSE,Objeto estático sobre o leito carroçável,Queda de ocupante de veículo,Com Vítimas Feridas,Plena Noite,Decrescente,Céu Claro,Dupla,Reta,Sim,2,0,2,0,0,0,2,1,-27.54018513,-48.62287714,SPRF-SC,DEL01-SC,UOP01-DEL01-SC,2021
"408066,0",2021-12-02,quinta-feira,22:00:00,SC,101,"46,0",JOINVILLE,Participar de racha,Queda de ocupante de veículo,Com Vítimas Feridas,Plena Noite,Crescente,Nublado,Dupla,Reta,Não,5,0,0,2,1,2,2,4,-26.33150083,-48.86187762,SPRF-SC,DEL03-SC,UOP01-DEL03-SC,2021
"408194,0",2021-11-17,quarta-feira,07:35:00,SC,280,"70,5",JARAGUA DO SUL,Reação tardia ou ineficiente do condutor,Colisão transversal,Com Vítimas Feridas,Amanhecer,Crescente,Nublado,Simples,Curva,Não,3,0,0,1,1,1,1,3,-26.46522052,-49.12675918,SPRF-SC,DEL03-SC,UOP03-DEL03-SC,2021
"408216,0",2021-11-24,quarta-feira,22:30:00,SC,280,"135,0",RIO NEGRINHO,Ultrapassagem Indevida,Colisão lateral mesmo sentido,Com Vítimas Feridas,Plena Noite,Decrescente,Nevoeiro/Neblina,Simples,Reta,Não,2,0,1,0,1,0,1,2,-26.274445,-49.57251,SPRF-SC,DEL06-SC,UOP03-DEL06-SC,2021
"408243,0",2021-12-20,segunda-feira,11:35:00,SC,282,"1,0",FLORIANOPOLIS,Condutor deixou de manter distância do veículo da frente,Colisão traseira,Com Vítimas Feridas,Pleno dia,Decrescente,Céu Claro,Dupla,Reta,Sim,3,0,1,1,1,0,2,2,-27.602955,-48.580509,SPRF-SC,DEL01-SC,UOP01-DEL01-SC,2021
"408342,0",2021-11-27,sábado,02:50:00,SC,282,"48,4",AGUAS MORNAS,Demais falhas mecânicas ou elétricas,Incêndio,Sem Vítimas,Plena Noite,Crescente,Garoa/Chuvisco,Simples,Curva,Não,1,0,0,0,1,0,0,1,-27.714352,-48.938072,SPRF-SC,DEL01-SC,UOP03-DEL01-SC,2021
"408369,0",2021-12-20,segunda-feira,14:45:00,SC,280,"12,5",SAO FRANCISCO DO SUL,Ultrapassagem Indevida,Colisão frontal,Com Vítimas Feridas,Pleno dia,Crescente,Sol,Simples,Reta,Não,8,0,0,8,0,0,8,2,-26.31562269,-48.64548683,SPRF-SC,DEL03-SC,UOP03-DEL03-SC,2021
"408392,0",2021-11-26,sexta-feira,15:00:00,SC,282,"35,5",AGUAS MORNAS,Conversão proibida,Colisão transversal,Com Vítimas Feridas,Pleno dia,Crescente,Céu Claro,Simples,Curva,Não,2,0,0,1,1,0,1,2,-27.702084,-48.826664,SPRF-SC,DEL01-SC,UOP03-DEL01-SC,2021
"408414,0",2021-12-16,quinta-feira,17:30:00,SC,101,"135,3",BALNEARIO CAMBORIU,Acessar a via sem observar a presença dos outros veículos,Colisão frontal,Com Vítimas Feridas,Pleno dia,Crescente,Céu Claro,Simples,Interseção de Vias,Sim,2,0,1,0,1,0,1,2,-27.0050108,-48.62677494,SPRF-SC,DEL04-SC,UOP03-DEL04-SC,2021
"408533,0",2021-11-26,sexta-feira,10:13:00,SC,101,"113,0",ITAJAI,Acumulo de areia ou detritos sobre o pavimento,Colisão com objeto,Com Vítimas Feridas,Pleno dia,Crescente,Céu Claro,Múltipla,Reta,Sim,1,0,0,1,0,0,1,1,-26.85311393,-48.72689927,SPRF-SC,DEL04-SC,UOP04-DEL04-SC,2021
"409669,0",2021-12-23,quinta-feira,17:50:00,SC,470,"289,6",BRUNOPOLIS,Desrespeitar a preferência no cruzamento,Colisão transversal,Com Vítimas Feridas,Pleno dia,Crescente,Céu Claro,Simples,Interseção de Vias,Não,3,0,0,2,1,0,2,2,-27.333546,-50.95219,SPRF-SC,DEL07-SC,UOP06-DEL07-SC,2021
"409822,0",2021-11-08,segunda-feira,10:45:00,SC,280,"25,0",ARAQUARI,Condutor deixou de manter distância do veículo da frente,Colisão traseira,Sem Vítimas,Pleno dia,Crescente,Céu Claro,Simples,Reta,Sim,2,0,0,0,2,0,0,2,-26.38352781,-48.72677516,SPRF-SC,DEL03-SC,UOP03-DEL03-SC,2021
"409892,0",2021-05-28,sexta-feira,08:00:00,SC,470,"140,0",RIO DO SUL,Ausência de reação do condutor,Colisão lateral mesmo sentido,Com Vítimas Feridas,Pleno dia,Crescente,Céu Claro,Simples,Reta,Sim,3,0,0,2,1,0,2,2,-27.222485,-49.662827,SPRF-SC,DEL04-SC,UOP02-DEL04-SC,2021
"410608,0",2021-12-22,quarta-feira,21:10:00,SC,470,"114,0",IBIRAMA,Conversão proibida,Colisão transversal,Com Vítimas Feridas,Plena Noite,Crescente,Céu Claro,Simples,Reta,Não,2,0,0,1,0,1,1,2,-27.086386,-49.478001,SPRF-SC,DEL04-SC,UOP02-DEL04-SC,2021
"411057,0",2021-12-18,sábado,21:30:00,SC,282,"0,0",FLORIANOPOLIS,Acessar a via sem observar a presença dos outros veículos,Colisão traseira,Sem Vítimas,Plena Noite,Decrescente,Céu Claro,Múltipla,Desvio Temporário,Sim,2,0,0,0,2,0,0,2,-27.59845,-48.571995,SPRF-SC,DEL01-SC,UOP01-DEL01-SC,2021
"411058,0",2021-12-04,sábado,14:45:00,SC,101,"60,0",ARAQUARI,Avarias e/ou desgaste excessivo no pneu,Colisão com objeto,Com Vítimas Feridas,Pleno dia,Decrescente,Sol,Múltipla,Curva,Não,2,0,2,0,0,0,2,1,-26.45072823,-48.78570317,SPRF-SC,DEL03-SC,UOP02-DEL03-SC,2021
"412364,0",2021-11-27,sábado,02:45:00,SC,116,"203,0",MONTE CASTELO,Condutor deixou de manter distância do veículo da frente,Colisão traseira,Com Vítimas Feridas,Plena Noite,Decrescente,Ignorado,Simples,Reta,Não,2,0,1,0,0,1,1,2,-26.7337591,-50.31370975,SPRF-SC,DEL05-SC,UOP03-DEL05-SC,2021
"412514,0",2021-12-07,terça-feira,16:30:00,SC,101,"328,0",CAPIVARI DE BAIXO,Acessar a via sem observar a presença dos outros veículos,Colisão transversal,Com Vítimas Feridas,Pleno dia,Decrescente,Céu Claro,Simples,Interseção de Vias,Sim,2,0,1,0,1,0,1,2,-28.43648094,-48.95989307,SPRF-SC,DEL02-SC,UOP01-DEL02-SC,2021
"412807,0",2021-12-27,segunda-feira,07:30:00,SC,470,"101,3",APIUNA,Condutor Dormindo,Saída de leito carroçável,Com Vítimas Fatais,Pleno dia,Decrescente,Sol,Simples,Reta,Não,4,2,0,2,0,0,2,1,-27.058,-49.39,SPRF-SC,DEL04-SC,UOP02-DEL04-SC,2021
"413647,0",2021-10-27,quarta-feira,06:40:00,SC,470,"54,0",BLUMENAU,Ultrapassagem Indevida,Colisão traseira,Com Vítimas Feridas,Pleno dia,Crescente,Nublado,Simples,Reta,Sim,3,0,0,1,2,0,1,3,-26.871065,-49.110374,SPRF-SC,DEL04-SC,UOP01-DEL04-SC,2021
"414004,0",2021-11-29,segunda-feira,11:05:00,SC,101,"211,0",SAO JOSE,Reação tardia ou ineficiente do condutor,Colisão traseira,Com Vítimas Feridas,Pleno dia,Crescente,Céu Claro,Múltipla,Reta,Sim,2,0,0,1,1,0,1,2,-27.62329313,-48.65245588,SPRF-SC,DEL01-SC,UOP02-DEL01-SC,2021
"414013,0",2021-12-10,sexta-feira,22:10:00,SC,470,"52,0",BLUMENAU,Desrespeitar a preferência no cruzamento,Colisão transversal,Com Vítimas Feridas,Plena Noite,Crescente,Céu Claro,Simples,Retorno Regulamentado,Sim,2,0,1,0,1,0,1,2,-26.862286,-49.093903,SPRF-SC,DEL04-SC,UOP01-DEL04-SC,2021
"414232,0",2021-12-25,sábado,16:20:00,SC,282,"124,7",BOM RETIRO,Retorno proibido,Colisão transversal,Com Vítimas Feridas,Pleno dia,Crescente,Céu Claro,Simples,Reta,Não,2,0,0,1,1,0,1,2,-27.805086,-49.450378,SPRF-SC,DEL05-SC,UOP01-DEL05-SC,2021
"414938,0",2021-07-03,sábado,10:40:00,SC,470,"117,0",IBIRAMA,Conversão proibida,Colisão transversal,Com Vítimas Feridas,Pleno dia,Crescente,Sol,Simples,Reta,Não,2,0,1,0,1,0,1,2,-27.081692,-49.502277,SPRF-SC,DEL04-SC,UOP02-DEL04-SC,2021
"416492,0",2021-09-03,sexta-feira,18:30:00,SC,101,"415,1",ARARANGUA,Reação tardia ou ineficiente do condutor,Colisão traseira,Com Vítimas Feridas,Plena Noite,Decrescente,Céu Claro,Múltipla,Interseção de Vias,Sim,2,0,0,1,1,0,1,2,-28.96399372,-49.52087402,SPRF-SC,DEL02-SC,UOP02-DEL02-SC,2021
"416627,0",2021-08-23,segunda-feira,08:10:00,SC,101,"134,0",BALNEARIO CAMBORIU,Reação tardia ou ineficiente do condutor,Colisão traseira,Com Vítimas Feridas,Pleno dia,Decrescente,Céu Claro,Múltipla,Reta,Sim,2,0,1,0,1,0,1,2,-27.00237544,-48.63541245,SPRF-SC,DEL04-SC,UOP03-DEL04-SC,2021
"416689,0",2021-12-09,quinta-feira,17:30:00,SC,101,"123,2",ITAJAI,Desrespeitar a preferência no cruzamento,Colisão transversal,Com Vítimas Feridas,Anoitecer,Decrescente,Ignorado,Múltipla,Interseção de Vias,Não,2,0,1,0,1,0,1,2,-26.93719536,-48.69864564,SPRF-SC,DEL04-SC,UOP04-DEL04-SC,2021
"416799,0",2021-11-28,domingo,19:40:00,SC,101,"86,5",BARRA VELHA,Condutor deixou de manter distância do veículo da frente,Colisão traseira,Com Vítimas Feridas,Anoitecer,Crescente,Céu Claro,Simples,Rotatória,Não,5,0,3,0,2,0,3,3,-26.63277317,-48.70232513,SPRF-SC,DEL03-SC,UOP02-DEL03-SC,2021
"417081,0",2021-12-20,segunda-feira,03:30:00,SC,101,"144,0",ITAPEMA,Objeto estático sobre o leito carroçável,Colisão com objeto,Com Vítimas Feridas,Plena Noite,Decrescente,Ignorado,Dupla,Reta,Sim,1,0,0,1,0,0,1,1,-27.0732659,-48.59672716,SPRF-SC,DEL04-SC,UOP03-DEL04-SC,2021
"418764,0",2021-12-24,sexta-feira,06:30:00,SC,282,"364,1",ERVAL VELHO,Reação tardia ou ineficiente do condutor,Colisão traseira,Com Vítimas Feridas,Pleno dia,Decrescente,Céu Claro,Simples,Reta,Não,3,0,1,0,2,0,1,2,-27.297649,-51.398533,SPRF-SC,DEL07-SC,UOP05-DEL07-SC,2021
"421927,0",2021-10-09,sábado,05:00:00,SC,470,"44,0",GASPAR,Ausência de reação do condutor,Colisão com objeto,Com Vítimas Feridas,Plena Noite,Decrescente,Chuva,Simples,Reta;Desvio Temporário;Em Obras,Não,1,0,0,1,0,0,1,1,-26.87183593,-49.01604122,SPRF-SC,DEL04-SC,UOP01-DEL04-SC,2021
"423713,0",2021-12-26,domingo,13:15:00,SC,101,"165,8",TIJUCAS,Demais falhas mecânicas ou elétricas,Colisão transversal,Com Vítimas Feridas,Pleno dia,Crescente,Céu Claro,Dupla,Reta,Não,3,0,2,0,1,0,2,2,-27.252663,-48.63154894,SPRF-SC,DEL04-SC,UOP03-DEL04-SC,2021
"458469,0",2021-12-24,sexta-feira,16:30:00,SC,282,"503,0",XANXERE,Avarias e/ou desgaste excessivo no pneu,Queda de ocupante de veículo,Com Vítimas Feridas,Pleno dia,Crescente,Céu Claro,Dupla,Reta,Sim,2,0,2,0,0,0,2,1,-26.88268817,-52.40328848,SPRF-SC,DEL07-SC,UOP01-DEL07-SC,2021
"490892,0",2021-10-09,sábado,03:40:00,SC,101,"294,0",IMBITUBA,Chuva,Capotamento,Com Vítimas Feridas,Plena Noite,Decrescente,Chuva,Dupla,Reta,Não,2,0,1,0,1,0,1,1,-28.29220304,-48.71018095,SPRF-SC,DEL02-SC,UOP03-DEL02-SC,2021
"516027,0",2021-01-30,sábado,15:15:00,SC,470,"64,0",INDAIAL,Desrespeitar a preferência no cruzamento,Colisão transversal,Com Vítimas Feridas,Pleno dia,Crescente,Nublado,Simples,Reta,Não,3,0,2,1,0,0,3,2,-26.869867,-49.201859,SPRF-SC,DEL04-SC,UOP01-DEL04-SC,2021
"576384,0",2021-05-16,domingo,21:15:00,SC,282,"19,0",PALHOCA,Ingestão de álcool pelo condutor,Colisão traseira,Com Vítimas Feridas,Plena Noite,Decrescente,Céu Claro,Simples,Reta,Sim,3,0,0,1,2,0,1,2,-27.678635,-48.70192,SPRF-SC,DEL01-SC,UOP02-DEL01-SC,2021
"576593,0",2021-08-28,sábado,10:00:00,SC,101,"180,0",BIGUACU,Ingestão de álcool pelo condutor,Colisão com objeto,Com Vítimas Feridas,Pleno dia,Crescente,Chuva,Simples,Reta,Não,1,0,1,0,0,0,1,1,-27.3811238,-48.63090648,SPRF-SC,DEL01-SC,UOP01-DEL01-SC,2021
"576663,0",2021-05-16,domingo,02:55:00,SC,101,"205,7",SAO JOSE,Ingestão de álcool pelo condutor,Colisão traseira,Sem Vítimas,Pleno dia,Decrescente,Céu Claro,Múltipla,Reta,Sim,2,0,0,0,2,0,0,2,-27.58313237,-48.61532885,SPRF-SC,DEL01-SC,UOP01-DEL01-SC,2021
"586287,0",2021-07-17,sábado,13:40:00,SC,282,"20,0",PALHOCA,Ingestão de álcool pelo condutor,Colisão lateral mesmo sentido,Com Vítimas Feridas,Pleno dia,Crescente,Sol,Simples,Interseção de Vias,Sim,2,0,1,0,1,0,1,2,-27.683958,-48.71006,SPRF-SC,DEL01-SC,UOP02-DEL01-SC,2021
"587035,0",2021-11-07,domingo,18:10:00,SC,101,"339,2",TUBARAO,Ingestão de álcool pelo condutor,Colisão com objeto,Sem Vítimas,Pleno dia,Decrescente,Nublado,Múltipla,Viaduto,Sim,1,0,0,0,1,0,0,1,-28.49351117,-49.04178985,SPRF-SC,DEL02-SC,UOP01-DEL02-SC,2021
"587168,0",2021-01-01,sexta-feira,17:30:00,SC,101,"332,5",TUBARAO,Ingestão de álcool pelo condutor,Colisão com objeto,Com Vítimas Feridas,Pleno dia,Decrescente,Céu Claro,Simples,Reta,Sim,4,0,4,0,0,0,4,1,-28.46016431,-48.98968873,SPRF-SC,DEL02-SC,UOP01-DEL02-SC,2021
"591829,0",2021-11-21,domingo,07:20:00,SC,101,"443,0",SANTA ROSA DO SUL,Ingestão de substâncias psicoativas pelo condutor,Colisão com objeto,Sem Vítimas,Pleno dia,Crescente,Sol,Múltipla,Reta,Sim,1,0,0,0,1,0,0,1,-29.13502248,-49.70726609,SPRF-SC,DEL02-SC,UOP02-DEL02-SC,2021
"405234,0",2022-01-01,sábado,08:05:00,SC,163,"80,1",GUARACIABA,Ausência de reação do condutor,Colisão frontal,Com Vítimas Fatais,Pleno dia,Crescente,Céu Claro,Simples,Declive;Curva,Não,4,1,1,1,0,1,2,3,-26.65043908,-53.5185463,SPRF-SC,DEL07-SC,UOP03-DEL07-SC,2022
"405247,0",2022-01-01,sábado,12:20:00,SC,101,"139,7",BALNEARIO CAMBORIU,Condutor deixou de manter distância do veículo da frente,Colisão traseira,Com Vítimas Feridas,Pleno dia,Crescente,Céu Claro,Simples,Aclive,Não,5,0,1,0,3,1,1,4,-27.02982303,-48.60115006,SPRF-SC,DEL04-SC,UOP03-DEL04-SC,2022
"405408,0",2022-01-02,domingo,08:20:00,SC,470,"204,1",PONTE ALTA,Velocidade Incompatível,Colisão lateral sentido oposto,Com Vítimas Feridas,Pleno dia,Crescente,Céu Claro,Simples,Curva,Não,4,0,3,0,1,0,3,2,-27.289373,-50.166328,SPRF-SC,DEL05-SC,UOP03-DEL05-SC,2022
"405416,0",2022-01-02,domingo,10:30:00,SC,470,"289,7",CAMPOS NOVOS,Acessar a via sem observar a presença dos outros veículos,Colisão transversal,Com Vítimas Feridas,Pleno dia,Decrescente,Céu Claro,Simples,Interseção de Vias,Não,6,0,1,0,4,1,1,3,-27.3354991,-50.96000791,SPRF-SC,DEL07-SC,UOP06-DEL07-SC,2022
"405424,0",2022-01-02,domingo,13:50:00,SC,101,"101,8",BALNEARIO PICARRAS,Ingestão de álcool pelo condutor,Colisão traseira,Com Vítimas Feridas,Pleno dia,Crescente,Sol,Múltipla,Aclive,Não,4,0,1,1,2,0,2,2,-26.77383397,-48.68594062,SPRF-SC,DEL03-SC,UOP02-DEL03-SC,2022
"405442,0",2022-01-02,domingo,12:00:00,SC,116,"54,0",PAPANDUVA,Velocidade Incompatível,Tombamento,Com Vítimas Feridas,Pleno dia,Crescente,Sol,Simples,Rotatória,Sim,4,0,2,0,1,1,2,2,-26.39448417,-50.16480003,SPRF-SC,DEL06-SC,UOP02-DEL06-SC,2022
"405558,0",2022-01-02,domingo,23:00:00,SC,101,"118,0",ITAJAI,Ingestão de álcool pelo condutor,Colisão traseira,Com Vítimas Feridas,Plena Noite,Decrescente,Nublado,Dupla,Reta,Sim,2,0,1,0,1,0,1,2,-26.895859,-48.71903,SPRF-SC,DEL04-SC,UOP04-DEL04-SC,2022
"405580,0",2022-01-03,segunda-feira,03:15:00,SC,101,"158,9",PORTO BELO,Manobra de mudança de faixa,Colisão traseira,Com Vítimas Feridas,Plena Noite,Crescente,Nublado,Dupla,Reta,Não,3,0,1,0,1,2,1,4,-27.19096301,-48.61259017,SPRF-SC,DEL04-SC,UOP03-DEL04-SC,2022
"405589,0",2022-01-03,segunda-feira,03:30:00,SC,101,"329,0",CAPIVARI DE BAIXO,Ingestão de álcool pelo condutor,Colisão lateral mesmo sentido,Com Vítimas Feridas,Plena Noite,Decrescente,Céu Claro,Dupla,Reta,Não,3,0,1,0,1,1,1,3,-28.45039264,-48.97180974,SPRF-SC,DEL02-SC,UOP01-DEL02-SC,2022
"405599,0",2022-01-03,segunda-feira,07:20:00,SC,101,"120,0",ITAJAI,Condutor deixou de manter distância do veículo da frente,Colisão traseira,Com Vítimas Feridas,Pleno dia,Decrescente,Céu Claro,Dupla,Reta,Sim,3,0,1,0,1,1,1,3,-26.912758,-48.711998,SPRF-SC,DEL04-SC,UOP04-DEL04-SC,2022
"405607,0",2022-01-03,segunda-feira,06:35:00,SC,101,"122,0",ITAJAI,Ausência de reação do condutor,Colisão lateral mesmo sentido,Sem Vítimas,Pleno dia,Crescente,Céu Claro,Dupla,Reta,Sim,2,0,0,0,1,1,0,2,-26.92955916,-48.70499836,SPRF-SC,DEL04-SC,UOP04-DEL04-SC,2022
"405734,0",2022-01-03,segunda-feira,16:50:00,SC,101,"238,1",PALHOCA,Desrespeitar a preferência no cruzamento,Colisão transversal,Com Vítimas Feridas,Pleno dia,Crescente,Céu Claro,Dupla,Viaduto,Sim,2,0,1,0,1,0,1,2,-27.84293889,-48.63471922,SPRF-SC,DEL01-SC,UOP02-DEL01-SC,2022
"405742,0",2022-01-03,segunda-feira,15:55:00,SC,101,"123,0",ITAJAI,Condutor deixou de manter distância do veículo da frente,Colisão traseira,Com Vítimas Feridas,Pleno dia,Decrescente,Céu Claro,Dupla,Interseção de Vias,Sim,2,0,1,0,1,0,1,2,-26.93668609,-48.69876905,SPRF-SC,DEL04-SC,UOP04-DEL04-SC,2022
"405908,0",2022-01-04,terça-feira,14:20:00,SC,470,"140,4",RIO DO SUL,Manobra de mudança de faixa,Colisão transversal,Com Vítimas Feridas,Pleno dia,Crescente,Céu Claro,Simples,Declive;Reta,Sim,4,0,1,1,1,1,2,3,-27.222485,-49.662827,SPRF-SC,DEL04-SC,UOP02-DEL04-SC,2022
"405961,0",2022-01-04,terça-feira,19:10:00,SC,470,"141,0",RIO DO SUL,Ausência de reação do condutor,Colisão frontal,Com Vítimas Feridas,Plena Noite,Decrescente,Chuva,Simples,Reta,Não,3,0,0,1,1,1,1,3,-27.226065,-49.666161,SPRF-SC,DEL04-SC,UOP02-DEL04-SC,2022
"405980,0",2022-01-04,terça-feira,21:20:00,SC,470,"70,0",INDAIAL,Conversão proibida,Colisão transversal,Com Vítimas Feridas,Plena Noite,Crescente,Chuva,Simples,Em Obras;Reta,Sim,3,0,0,1,1,1,1,3,-26.889374,-49.254478,SPRF-SC,DEL04-SC,UOP01-DEL04-SC,2022
"405987,0",2022-01-04,terça-feira,19:30:00,SC,282,"105,8",ALFREDO WAGNER,Pista Escorregadia,Saída de leito carroçável,Com Vítimas Feridas,Plena Noite,Decrescente,Chuva,Simples,Declive;Curva,Não,2,0,1,0,0,3,1,4,-27.694309,-49.34338,SPRF-SC,DEL01-SC,UOP03-DEL01-SC,2022
"405993,0",2022-01-04,terça-feira,22:10:00,SC,101,"151,0",ITAPEMA,Reação tardia ou ineficiente do condutor,Colisão traseira,Com Vítimas Feridas,Plena Noite,Decrescente,Nublado,Dupla,Reta,Sim,6,0,1,3,1,3,4,6,-27.126536,-48.609642,SPRF-SC,DEL04-SC,UOP03-DEL04-SC,2022
"405998,0",2022-01-05,quarta-feira,00:35:00,SC,101,"38,9",JOINVILLE,Reação tardia ou ineficiente do condutor,Colisão traseira,Com Vítimas Feridas,Plena Noite,Crescente,Nublado,Dupla,Reta;Declive,Sim,5,0,2,0,2,1,2,4,-26.30141757,-48.88349533,SPRF-SC,DEL03-SC,UOP01-DEL03-SC,2022
"406023,0",2022-01-05,quarta-feira,07:00:00,SC,282,"388,9",JOACABA,Manobra de mudança de faixa,Colisão lateral sentido oposto,Com Vítimas Feridas,Pleno dia,Decrescente,Céu Claro,Simples,Curva,Sim,3,0,1,1,1,0,2,3,-27.179003,-51.531616,SPRF-SC,DEL07-SC,UOP05-DEL07-SC,2022
"406149,0",2022-01-05,quarta-feira,15:50:00,SC,470,"128,3",LONTRAS,Velocidade Incompatível,Saída de leito carroçável,Sem Vítimas,Pleno dia,Crescente,Chuva,Simples,Curva,Não,1,0,0,0,1,0,0,1,-27.143742,-49.548897,SPRF-SC,DEL04-SC,UOP02-DEL04-SC,2022
"406970,0",2022-01-06,quinta-feira,06:30:00,SC,282,"82,9",ALFREDO WAGNER,Acumulo de água sobre o pavimento,Colisão frontal,Com Vítimas Feridas,Amanhecer,Decrescente,Chuva,Simples,Curva,Não,5,0,2,2,1,0,4,2,-27.662027,-49.178356,SPRF-SC,DEL01-SC,UOP03-DEL01-SC,2022
"407054,0",2022-01-06,quinta-feira,06:50:00,SC,282,"510,0",XANXERE,Ultrapassagem Indevida,Colisão lateral mesmo sentido,Sem Vítimas,Pleno dia,Decrescente,Sol,Múltipla,Aclive,Não,2,0,0,0,2,0,0,2,-26.897114,-52.463585,SPRF-SC,DEL07-SC,UOP01-DEL07-SC,2022
"407056,0",2022-01-06,quinta-feira,13:30:00,SC,101,"266,7",PAULO LOPES,Desrespeitar a preferência no cruzamento,Colisão transversal,Com Vítimas Feridas,Pleno dia,Crescente,Nublado,Simples,Interseção de Vias,Não,3,0,1,0,2,0,1,2,-28.06847808,-48.71463931,SPRF-SC,DEL02-SC,UOP03-DEL02-SC,2022
"407167,0",2022-01-06,quinta-feira,12:09:00,SC,101,"117,0",ITAJAI,Condutor deixou de manter distância do veículo da frente,Colisão transversal,Com Vítimas Feridas,Pleno dia,Crescente,Sol,Múltipla,Reta,Sim,3,0,1,0,1,1,1,3,-26.88747187,-48.72252969,SPRF-SC,DEL04-SC,UOP04-DEL04-SC,2022
"407191,0",2022-01-06,quinta-feira,20:25:00,SC,158,"135,0",PALMITOS,Reação tardia ou ineficiente do condutor,Engavetamento,Com Vítimas Feridas,Plena Noite,Decrescente,Céu Claro,Simples,Reta;Ponte;Declive,Não,6,0,1,0,4,3,1,7,-27.07876798,-53.22663546,SPRF-SC,DEL07-SC,UOP02-DEL07-SC,2022