id,data_inversa,dia_semana,horario,uf,br,km,municipio,causa_acidente,tipo_acidente,classificacao_acidente,fase_dia,sentido_via,condicao_metereologica,tipo_pista,tracado_via,uso_solo,pessoas,mortos,feridos_leves,feridos_graves,ilesos,ignorados,feridos,veiculos,latitude,longitude,regional,delegacia,uop,ano_arquivo
"407273,0",2022-01-07,sexta-feira,11:15:00,SC,282,"322,9",CAMPOS NOVOS,Acessar a via sem observar a presença dos outros veículos,Colisão transversal,Com Vítimas Feridas,Pleno dia,Crescente,Sol,Simples,Reta,Não,5,0,4,0,1,0,4,2,-27.39855,-51.040504,SPRF-SC,DEL07-SC,UOP06-DEL07-SC,2022
"407306,0",2022-01-07,sexta-feira,16:15:00,SC,282,"4,7",SAO JOSE,Condutor deixou de manter distância do veículo da frente,Colisão traseira,Com Vítimas Feridas,Pleno dia,Crescente,Nublado,Múltipla,Reta,Sim,2,0,1,0,1,0,1,2,-27.592646,-48.604034,SPRF-SC,DEL01-SC,UOP01-DEL01-SC,2022
"407311,0",2022-01-07,sexta-feira,13:30:00,SC,101,"63,2",ARAQUARI,Velocidade Incompatível,Colisão traseira,Com Vítimas Feridas,Pleno dia,Crescente,Sol,Dupla,Curva,Não,4,0,2,0,1,1,2,3,-26.45898367,-48.7584088,SPRF-SC,DEL03-SC,UOP02-DEL03-SC,2022
"407338,0",2022-01-07,sexta-feira,18:00:00,SC,470,"141,3",RIO DO SUL,Ausência de reação do condutor,Colisão com objeto,Sem Vítimas,Pleno dia,Crescente,Céu Claro,Simples,Reta;Túnel,Sim,2,0,0,0,1,1,0,2,-27.226065,-49.666161,SPRF-SC,DEL04-SC,UOP02-DEL04-SC,2022
"407343,0",2022-01-07,sexta-feira,19:00:00,SC,101,"128,0",ITAJAI,Reação tardia ou ineficiente do condutor,Colisão traseira,Com Vítimas Feridas,Plena Noite,Crescente,Nublado,Dupla,Reta,Não,2,0,1,0,1,0,1,2,-26.97284292,-48.68299451,SPRF-SC,DEL04-SC,UOP03-DEL04-SC,2022
"407347,0",2022-01-07,sexta-feira,14:30:00,SC,280,"125,0",RIO NEGRINHO,Reação tardia ou ineficiente do condutor,Colisão transversal,Com Vítimas Feridas,Pleno dia,Crescente,Céu Claro,Simples,Reta,Sim,2,0,1,0,1,0,1,2,-26.23836031,-49.49757636,SPRF-SC,DEL06-SC,UOP03-DEL06-SC,2022
"407578,0",2022-01-08,sábado,15:45:00,SC,101,"234,0",PALHOCA,Manobra de mudança de faixa,Tombamento,Com Vítimas Feridas,Pleno dia,Crescente,Céu Claro,Dupla,Curva,Não,2,0,1,0,0,1,1,2,-27.81043812,-48.63537111,SPRF-SC,DEL01-SC,UOP02-DEL01-SC,2022
"407622,0",2022-01-09,domingo,04:50:00,SC,470,"120,5",IBIRAMA,Condutor Dormindo,Tombamento,Com Vítimas Feridas,Amanhecer,Decrescente,Nevoeiro/Neblina,Simples,Declive;Reta,Não,2,0,0,1,0,2,1,3,-27.089924,-49.520416,SPRF-SC,DEL04-SC,UOP02-DEL04-SC,2022
"407646,0",2022-01-08,sábado,16:30:00,SC,116,"105,8",MONTE CASTELO,Problema com o freio,Tombamento,Com Vítimas Fatais,Pleno dia,Decrescente,Céu Claro,Simples,Declive;Curva,Não,2,2,0,0,0,0,0,1,-26.757324,-50.317226,SPRF-SC,DEL06-SC,UOP02-DEL06-SC,2022
"407781,0",2022-01-09,domingo,20:10:00,SC,470,"242,5",CURITIBANOS,Ingestão de álcool e/ou substâncias psicoativas pelo pedestre,Colisão frontal,Com Vítimas Feridas,Plena Noite,Crescente,Garoa/Chuvisco,Simples,Rotatória;Declive,Não,3,0,1,0,1,1,1,3,-27.31465154,-50.5160024,SPRF-SC,DEL05-SC,UOP03-DEL05-SC,2022
"407794,0",2022-01-09,domingo,19:50:00,SC,282,"343,4",CAMPOS NOVOS,Transitar no acostamento,Atropelamento de Pedestre,Com Vítimas Feridas,Plena Noite,Decrescente,Céu Claro,Simples,Reta,Sim,2,0,0,1,0,1,1,2,-27.387402,-51.232861,SPRF-SC,DEL07-SC,UOP06-DEL07-SC,2022
"407888,0",2022-01-10,segunda-feira,08:05:00,SC,470,"3,2",NAVEGANTES,Reação tardia ou ineficiente do condutor,Colisão com objeto,Sem Vítimas,Pleno dia,Decrescente,Chuva,Múltipla,Reta,Sim,3,0,0,0,2,1,0,3,-26.861937,-48.681618,SPRF-SC,DEL04-SC,UOP04-DEL04-SC,2022
"408055,0",2022-01-11,terça-feira,09:20:00,SC,101,"132,0",BALNEARIO CAMBORIU,Manobra de mudança de faixa,Colisão lateral mesmo sentido,Com Vítimas Feridas,Pleno dia,Decrescente,Nublado,Dupla,Reta,Sim,3,0,1,0,0,2,1,3,-26.99654133,-48.65564711,SPRF-SC,DEL04-SC,UOP03-DEL04-SC,2022
"408068,0",2022-01-11,terça-feira,11:10:00,SC,101,"207,0",SAO JOSE,Trafegar com motocicleta (ou similar) entre as faixas,Colisão lateral mesmo sentido,Com Vítimas Feridas,Pleno dia,Crescente,Céu Claro,Múltipla,Curva,Sim,3,0,1,0,2,0,1,3,-27.60001226,-48.6226467,SPRF-SC,DEL01-SC,UOP01-DEL01-SC,2022
"408079,0",2022-01-11,terça-feira,11:00:00,SC,470,"111,2",IBIRAMA,Velocidade Incompatível,Tombamento,Com Vítimas Feridas,Pleno dia,Decrescente,Céu Claro,Simples,Curva,Não,2,0,1,0,0,1,1,2,-27.095388,-49.457878,SPRF-SC,DEL04-SC,UOP02-DEL04-SC,2022
"408122,0",2022-01-11,terça-feira,17:05:00,SC,470,"199,4",PONTE ALTA,Reação tardia ou ineficiente do condutor,Colisão transversal,Com Vítimas Feridas,Pleno dia,Decrescente,Céu Claro,Simples,Rotatória,Não,2,0,0,1,1,0,1,2,-27.309647,-50.128212,SPRF-SC,DEL05-SC,UOP03-DEL05-SC,2022
"408170,0",2022-01-12,quarta-feira,06:20:00,SC,101,"217,0",PALHOCA,Ausência de reação do condutor,Colisão lateral mesmo sentido,Com Vítimas Feridas,Pleno dia,Crescente,Sol,Múltipla,Reta,Sim,3,0,1,0,1,1,1,3,-27.66779034,-48.67393586,SPRF-SC,DEL01-SC,UOP02-DEL01-SC,2022
"408171,0",2022-01-11,terça-feira,23:00:00,SC,470,"211,4",SAO CRISTOVAO DO SUL,Velocidade Incompatível,Tombamento,Com Vítimas Feridas,Plena Noite,Crescente,Céu Claro,Simples,Curva,Não,2,0,1,0,0,2,1,3,-27.30964295,-50.23497462,SPRF-SC,DEL05-SC,UOP03-DEL05-SC,2022
"408188,0",2022-01-12,quarta-feira,08:05:00,SC,101,"131,7",BALNEARIO CAMBORIU,Velocidade Incompatível,Engavetamento,Com Vítimas Feridas,Pleno dia,Decrescente,Céu Claro,Dupla,Reta,Sim,8,0,1,0,6,1,1,7,-26.99064209,-48.66310912,SPRF-SC,DEL04-SC,UOP03-DEL04-SC,2022
"408202,0",2022-01-12,quarta-feira,09:25:00,SC,470,"174,4",POUSO REDONDO,Desrespeitar a preferência no cruzamento,Colisão transversal,Com Vítimas Feridas,Pleno dia,Crescente,Céu Claro,Simples,Reta,Sim,4,0,1,0,3,0,1,3,-27.258179,-49.929146,SPRF-SC,DEL04-SC,UOP02-DEL04-SC,2022
"408210,0",2022-01-12,quarta-feira,11:00:00,SC,470,"122,1",IBIRAMA,Ultrapassagem Indevida,Colisão lateral mesmo sentido,Com Vítimas Feridas,Pleno dia,Crescente,Sol,Simples,Reta,Não,2,0,1,0,1,0,1,2,-27.106783,-49.522049,SPRF-SC,DEL04-SC,UOP02-DEL04-SC,2022
"408280,0",2022-01-12,quarta-feira,19:15:00,SC,101,"206,0",SAO JOSE,Ausência de reação do condutor,Colisão lateral mesmo sentido,Com Vítimas Feridas,Plena Noite,Crescente,Céu Claro,Múltipla,Reta,Sim,3,0,1,0,1,1,1,3,-27.59193546,-48.61824557,SPRF-SC,DEL01-SC,UOP01-DEL01-SC,2022
"408352,0",2022-01-13,quinta-feira,07:17:00,SC,101,"6,0",GARUVA,Ingestão de álcool pelo condutor,Colisão com objeto,Sem Vítimas,Pleno dia,Crescente,Céu Claro,Dupla,Reta,Não,2,0,0,0,1,1,0,2,-26.02692002,-48.86142017,SPRF-SC,DEL03-SC,UOP01-DEL03-SC,2022
"408366,0",2022-01-13,quinta-feira,09:20:00,SC,101,"115,8",ITAJAI,Acessar a via sem observar a presença dos outros veículos,Colisão transversal,Sem Vítimas,Pleno dia,Decrescente,Sol,Múltipla,Reta,Não,3,0,0,0,2,1,0,3,-26.87064015,-48.72954134,SPRF-SC,DEL04-SC,UOP04-DEL04-SC,2022
"408416,0",2022-01-13,quinta-feira,15:50:00,SC,282,"179,0",BOCAINA DO SUL,Ultrapassagem Indevida,Colisão lateral mesmo sentido,Com Vítimas Fatais,Pleno dia,Decrescente,Sol,Simples,Curva,Não,5,1,1,1,1,1,2,3,-27.73996651,-49.93217468,SPRF-SC,DEL05-SC,UOP01-DEL05-SC,2022
"408546,0",2022-01-14,sexta-feira,08:33:00,SC,470,"39,0",GASPAR,Ultrapassagem Indevida,Colisão com objeto,Com Vítimas Feridas,Pleno dia,Decrescente,Nublado,Dupla,Reta;Em Obras,Não,2,0,0,1,1,0,1,2,-26.894512,-48.987876,SPRF-SC,DEL04-SC,UOP01-DEL04-SC,2022
"408604,0",2022-01-14,sexta-feira,12:25:00,SC,282,"428,5",VARGEM BONITA,Acumulo de água sobre o pavimento,Saída de leito carroçável,Com Vítimas Fatais,Pleno dia,Decrescente,Chuva,Simples,Curva,Não,2,1,0,1,0,0,1,1,-26.975227,-51.777028,SPRF-SC,DEL07-SC,UOP05-DEL07-SC,2022
"408658,0",2022-01-14,sexta-feira,19:15:00,SC,470,"134,4",RIO DO SUL,Desrespeitar a preferência no cruzamento,Colisão transversal,Com Vítimas Fatais,Anoitecer,Decrescente,Chuva,Simples,Retorno Regulamentado;Em Obras,Não,6,1,1,2,1,1,3,3,-27.17835891,-49.59478498,SPRF-SC,DEL04-SC,UOP02-DEL04-SC,2022
"408730,0",2022-01-15,sábado,04:35:00,SC,101,"129,8",BALNEARIO CAMBORIU,Ingestão de álcool pelo condutor,Colisão traseira,Sem Vítimas,Amanhecer,Decrescente,Céu Claro,Dupla,Reta,Sim,3,0,0,0,2,1,0,3,-26.98064277,-48.6790679,SPRF-SC,DEL04-SC,UOP03-DEL04-SC,2022
"408798,0",2022-01-15,sábado,12:20:00,SC,101,"113,8",ITAJAI,Reação tardia ou ineficiente do condutor,Colisão traseira,Com Vítimas Feridas,Pleno dia,Decrescente,Céu Claro,Dupla,Reta,Não,7,0,2,2,3,0,4,3,-26.85311393,-48.72689927,SPRF-SC,DEL04-SC,UOP04-DEL04-SC,2022
"408875,0",2022-01-15,sábado,16:30:00,SC,153,"16,9",AGUA DOCE,Reação tardia ou ineficiente do condutor,Colisão traseira,Com Vítimas Feridas,Pleno dia,Crescente,Céu Claro,Simples,Reta,Não,3,0,2,0,0,1,2,2,-26.71016374,-51.6063679,SPRF-SC,DEL07-SC,UOP05-DEL07-SC,2022
"408913,0",2022-01-15,sábado,23:30:00,SC,116,"23,0",ITAIOPOLIS,Ingestão de álcool pelo condutor,Colisão com objeto,Com Vítimas Feridas,Plena Noite,Crescente,Garoa/Chuvisco,Simples,Rotatória,Não,5,0,0,1,3,1,1,4,-26.26545939,-49.91656109,SPRF-SC,DEL06-SC,UOP01-DEL06-SC,2022
"408918,0",2022-01-16,domingo,01:30:00,SC,282,"461,5",PONTE SERRADA,Desrespeitar a preferência no cruzamento,Colisão transversal,Com Vítimas Feridas,Plena Noite,Crescente,Céu Claro,Simples,Reta,Sim,4,0,3,0,1,0,3,2,-26.857594,-52.050583,SPRF-SC,DEL07-SC,UOP04-DEL07-SC,2022
"408942,0",2022-01-15,sábado,23:35:00,SC,282,"122,2",BOM RETIRO,Ingestão de álcool pelo condutor,Colisão frontal,Com Vítimas Feridas,Plena Noite,Crescente,Céu Claro,Simples,Reta,Não,2,0,1,0,1,0,1,2,-27.799711,-49.430939,SPRF-SC,DEL05-SC,UOP01-DEL05-SC,2022
"409077,0",2022-01-16,domingo,15:15:00,SC,282,"541,3",CHAPECO,Velocidade Incompatível,Tombamento,Com Vítimas Feridas,Pleno dia,Decrescente,Céu Claro,Simples,Declive;Em Obras;Curva,Não,7,0,3,3,0,1,6,3,-26.997214,-52.702384,SPRF-SC,DEL07-SC,UOP01-DEL07-SC,2022
"409379,0",2022-01-17,segunda-feira,06:55:00,SC,101,"211,0",PALHOCA,Ausência de reação do condutor,Colisão traseira,Com Vítimas Feridas,Pleno dia,Decrescente,Nublado,Múltipla,Reta,Sim,2,0,1,0,0,1,1,2,-27.62329313,-48.65245588,SPRF-SC,DEL01-SC,UOP02-DEL01-SC,2022
"409441,0",2022-01-17,segunda-feira,09:30:00,SC,101,"253,0",PAULO LOPES,Ingestão de álcool pelo condutor,Colisão traseira,Sem Vítimas,Pleno dia,Crescente,Céu Claro,Dupla,Reta,Sim,3,0,0,0,2,1,0,3,-27.96492999,-48.67962057,SPRF-SC,DEL02-SC,UOP03-DEL02-SC,2022
"409447,0",2022-01-17,segunda-feira,14:40:00,SC,101,"213,0",PALHOCA,Condutor deixou de manter distância do veículo da frente,Colisão lateral mesmo sentido,Com Vítimas Feridas,Pleno dia,Decrescente,Sol,Dupla,Reta,Não,4,0,2,0,2,0,2,3,-27.63697369,-48.66514142,SPRF-SC,DEL01-SC,UOP02-DEL01-SC,2022
"409520,0",2022-01-17,segunda-feira,15:30:00,SC,280,"95,9",CORUPA,Demais falhas mecânicas ou elétricas,Incêndio,Sem Vítimas,Pleno dia,Crescente,Nublado,Simples,Declive,Não,1,0,0,0,1,0,0,1,-26.38348891,-49.32080269,SPRF-SC,DEL06-SC,UOP03-DEL06-SC,2022
"409527,0",2022-01-17,segunda-feira,16:55:00,SC,470,"138,0",RIO DO SUL,Trafegar com motocicleta (ou similar) entre as faixas,Colisão transversal,Com Vítimas Feridas,Pleno dia,Crescente,Sol,Simples,Retorno Regulamentado,Sim,2,0,1,0,1,0,1,2,-27.19420796,-49.62456286,SPRF-SC,DEL04-SC,UOP02-DEL04-SC,2022
"409559,0",2022-01-17,segunda-feira,17:00:00,SC,282,"412,0",CATANDUVAS,Velocidade Incompatível,Colisão lateral sentido oposto,Com Vítimas Feridas,Pleno dia,Crescente,Sol,Simples,Curva,Não,3,0,1,0,1,2,1,4,-27.055775,-51.688843,SPRF-SC,DEL07-SC,UOP05-DEL07-SC,2022
"409639,0",2022-01-18,terça-feira,07:10:00,SC,101,"126,6",ITAJAI,Condutor deixou de manter distância do veículo da frente,Colisão traseira,Com Vítimas Feridas,Pleno dia,Decrescente,Céu Claro,Dupla,Reta,Não,3,0,1,0,1,1,1,3,-26.95564404,-48.67978366,SPRF-SC,DEL04-SC,UOP04-DEL04-SC,2022
"409782,0",2022-01-18,terça-feira,10:15:00,SC,470,"188,0",POUSO REDONDO,Demais falhas mecânicas ou elétricas,Saída de leito carroçável,Com Vítimas Feridas,Pleno dia,Decrescente,Sol,Simples,Declive;Reta,Não,2,0,1,0,1,0,1,1,-27.26126287,-50.05441904,SPRF-SC,DEL04-SC,UOP02-DEL04-SC,2022
"409828,0",2022-01-19,quarta-feira,09:20:00,SC,101,"209,0",SAO JOSE,Ausência de reação do condutor,Colisão traseira,Com Vítimas Feridas,Pleno dia,Decrescente,Céu Claro,Múltipla,Reta,Sim,3,0,1,0,1,1,1,3,-27.61000542,-48.63895057,SPRF-SC,DEL01-SC,UOP01-DEL01-SC,2022
"409872,0",2022-01-19,quarta-feira,14:15:00,SC,163,"72,2",SAO MIGUEL DO OESTE,Manobra de mudança de faixa,Colisão lateral mesmo sentido,Com Vítimas Feridas,Pleno dia,Crescente,Céu Claro,Dupla,Reta;Aclive,Sim,4,0,1,0,2,2,1,4,-26.71724231,-53.51634622,SPRF-SC,DEL07-SC,UOP03-DEL07-SC,2022
"409882,0",2022-01-19,quarta-feira,16:20:00,SC,101,"125,7",ITAJAI,Condutor deixou de manter distância do veículo da frente,Colisão traseira,Com Vítimas Feridas,Pleno dia,Crescente,Sol,Dupla,Retorno Regulamentado,Não,2,0,0,1,1,0,1,2,-26.94802427,-48.68338515,SPRF-SC,DEL04-SC,UOP04-DEL04-SC,2022
"409934,0",2022-01-19,quarta-feira,16:00:00,SC,116,"105,0",MONTE CASTELO,Ausência de reação do condutor,Colisão traseira,Com Vítimas Feridas,Pleno dia,Decrescente,Céu Claro,Simples,Declive,Não,3,0,1,0,1,3,1,5,-26.75095005,-50.31749478,SPRF-SC,DEL06-SC,UOP02-DEL06-SC,2022
"409959,0",2022-01-20,quinta-feira,02:10:00,SC,101,"56,7",ARAQUARI,Ausência de reação do condutor,Colisão traseira,Com Vítimas Feridas,Plena Noite,Decrescente,Céu Claro,Dupla,Reta,Sim,3,0,2,0,0,1,2,2,-26.43207484,-48.82263984,SPRF-SC,DEL03-SC,UOP01-DEL03-SC,2022
"409971,0",2022-01-20,quinta-feira,07:00:00,SC,116,"4,5",MAFRA,Velocidade Incompatível,Tombamento,Sem Vítimas,Pleno dia,Crescente,Céu Claro,Simples,Rotatória,Sim,2,0,0,0,1,1,0,2,-26.13554917,-49.8072652,SPRF-SC,DEL06-SC,UOP01-DEL06-SC,2022
"409993,0",2022-01-20,quinta-feira,09:30:00,SC,101,"214,9",PALHOCA,Manobra de mudança de faixa,Colisão lateral mesmo sentido,Com Vítimas Feridas,Pleno dia,Crescente,Céu Claro,Múltipla,Reta,Sim,4,0,1,0,2,1,1,4,-27.64443,-48.67057,SPRF-SC,DEL01-SC,UOP02-DEL01-SC,2022
"410040,0",2022-01-20,quinta-feira,14:55:00,SC,101,"153,0",PORTO BELO,Ausência de reação do condutor,Colisão traseira,Com Vítimas Feridas,Pleno dia,Decrescente,Céu Claro,Dupla,Reta,Sim,4,0,1,0,2,1,1,3,-27.144717,-48.61063935,SPRF-SC,DEL04-SC,UOP03-DEL04-SC,2022
"410084,0",2022-01-20,quinta-feira,13:00:00,SC,280,"264,3",CANOINHAS,Velocidade Incompatível,Colisão traseira,Com Vítimas Feridas,Pleno dia,Crescente,Céu Claro,Simples,Reta,Não,2,0,1,0,1,0,1,2,-26.2624955,-50.67821301,SPRF-SC,DEL06-SC,UOP04-DEL06-SC,2022
"410222,0",2022-01-21,sexta-feira,11:00:00,SC,280,"7,0",SAO FRANCISCO DO SUL,Condutor Dormindo,Colisão lateral sentido oposto,Com Vítimas Feridas,Pleno dia,Decrescente,Céu Claro,Simples,Reta,Não,3,0,1,0,2,0,1,2,-26.27127101,-48.64129599,SPRF-SC,DEL03-SC,UOP03-DEL03-SC,2022
"410272,0",2022-01-21,sexta-feira,16:40:00,SC,116,"267,0",CAPAO ALTO,Desrespeitar a preferência no cruzamento,Colisão transversal,Com Vítimas Feridas,Pleno dia,Crescente,Céu Claro,Simples,Rotatória,Não,3,0,1,0,0,2,1,3,-27.95247066,-50.47994924,SPRF-SC,DEL05-SC,UOP02-DEL05-SC,2022
"410287,0",2022-01-21,sexta-feira,21:30:00,SC,101,"123,8",ITAJAI,Demais falhas mecânicas ou elétricas,Incêndio,Sem Vítimas,Plena Noite,Decrescente,Céu Claro,Múltipla,Reta,Sim,2,0,0,0,1,1,0,2,-26.93668609,-48.69876905,SPRF-SC,DEL04-SC,UOP04-DEL04-SC,2022
"410410,0",2022-01-22,sábado,12:45:00,SC,282,"248,8",SAO JOSE DO CERRITO,Ausência de reação do condutor,Saída de leito carroçável,Com Vítimas Feridas,Pleno dia,Crescente,Sol,Simples,Curva,Não,3,0,0,1,2,0,1,3,-27.711969,-50.5327,SPRF-SC,DEL05-SC,UOP02-DEL05-SC,2022
"410417,0",2022-01-22,sábado,13:30:00,SC,101,"57,8",ARAQUARI,Afundamento ou ondulação no pavimento,Capotamento,Com Vítimas Feridas,Pleno dia,Decrescente,Sol,Múltipla,Declive;Curva,Não,1,0,1,0,0,0,1,1,-26.43646093,-48.81113029,SPRF-SC,DEL03-SC,UOP01-DEL03-SC,2022
"410433,0",2022-01-22,sábado,15:50:00,SC,101,"181,8",BIGUACU,Condutor deixou de manter distância do veículo da frente,Colisão traseira,Com Vítimas Feridas,Pleno dia,Decrescente,Céu Claro,Múltipla,Reta,Não,2,0,1,0,1,0,1,2,-27.38958699,-48.63197593,SPRF-SC,DEL01-SC,UOP01-DEL01-SC,2022
"410467,0",2022-01-22,sábado,14:55:00,SC,282,"411,9",CATANDUVAS,Acumulo de água sobre o pavimento,Colisão frontal,Com Vítimas Fatais,Pleno dia,Crescente,Chuva,Simples,Curva,Não,8,2,0,1,5,0,1,3,-27.0600048,-51.6784721,SPRF-SC,DEL07-SC,UOP05-DEL07-SC,2022
"410566,0",2022-01-23,domingo,03:20:00,SC,101,"140,0",BALNEARIO CAMBORIU,Ausência de reação do condutor,Colisão traseira,Com Vítimas Feridas,Plena Noite,Crescente,Nublado,Dupla,Aclive,Não,3,0,1,0,2,0,1,2,-27.03881189,-48.60025148,SPRF-SC,DEL04-SC,UOP03-DEL04-SC,2022
"410574,0",2022-01-22,sábado,20:55:00,SC,101,"279,1",IMBITUBA,Condutor deixou de manter distância do veículo da frente,Colisão traseira,Com Vítimas Feridas,Plena Noite,Decrescente,Céu Claro,Dupla,Reta,Não,4,0,1,0,2,2,1,5,-28.17131302,-48.69463482,SPRF-SC,DEL02-SC,UOP03-DEL02-SC,2022
"410597,0",2022-01-23,domingo,04:15:00,SC,282,"350,0",CAMPOS NOVOS,Ingestão de substâncias psicoativas pelo condutor,Colisão frontal,Com Vítimas Feridas,Plena Noite,Decrescente,Céu Claro,Simples,Reta,Não,5,0,0,1,3,1,1,3,-27.358767,-51.29229,SPRF-SC,DEL07-SC,UOP06-DEL07-SC,2022
"410754,0",2022-01-23,domingo,21:00:00,SC,153,"73,7",IRANI,Chuva,Colisão frontal,Com Vítimas Feridas,Plena Noite,Decrescente,Chuva,Simples,Curva,Não,4,0,0,2,1,1,2,3,-27.071501,-51.899914,SPRF-SC,DEL07-SC,UOP04-DEL07-SC,2022
"410792,0",2022-01-24,segunda-feira,05:30:00,SC,470,"205,0",PONTE ALTA,Velocidade Incompatível,Engavetamento,Com Vítimas Feridas,Amanhecer,Decrescente,Garoa/Chuvisco,Simples,Curva;Declive,Não,5,0,3,0,2,0,3,3,-27.29212,-50.175362,SPRF-SC,DEL05-SC,UOP03-DEL05-SC,2022
"410912,0",2022-01-24,segunda-feira,16:10:00,SC,470,"46,6",BLUMENAU,Ausência de reação do condutor,Colisão traseira,Com Vítimas Feridas,Pleno dia,Crescente,Céu Claro,Simples,Em Obras;Reta,Sim,5,0,1,0,3,1,1,4,-26.860388,-49.037617,SPRF-SC,DEL04-SC,UOP01-DEL04-SC,2022
"410967,0",2022-01-24,segunda-feira,23:30:00,SC,101,"389,0",CRICIUMA,Acessar a via sem observar a presença dos outros veículos,Atropelamento de Pedestre,Com Vítimas Feridas,Plena Noite,Crescente,Céu Claro,Dupla,Reta,Sim,2,0,0,1,0,1,1,2,-28.79023471,-49.34585818,SPRF-SC,DEL02-SC,UOP02-DEL02-SC,2022
"410974,0",2022-01-25,terça-feira,01:30:00,SC,282,"339,7",CAMPOS NOVOS,Ingestão de álcool pelo condutor,Colisão frontal,Sem Vítimas,Plena Noite,Crescente,Céu Claro,Simples,Reta;Aclive,Sim,3,0,0,0,2,2,0,4,-27.392731,-51.195118,SPRF-SC,DEL07-SC,UOP06-DEL07-SC,2022
"411044,0",2022-01-25,terça-feira,11:20:00,SC,101,"444,5",SANTA ROSA DO SUL,Ausência de reação do condutor,Colisão traseira,Com Vítimas Feridas,Pleno dia,Crescente,Céu Claro,Simples,Interseção de Vias,Sim,2,0,1,0,1,0,1,2,-29.13479517,-49.70645294,SPRF-SC,DEL02-SC,UOP02-DEL02-SC,2022
"411093,0",2022-01-25,terça-feira,13:15:00,SC,101,"148,0",ITAPEMA,Condutor deixou de manter distância do veículo da frente,Colisão traseira,Com Vítimas Feridas,Pleno dia,Decrescente,Céu Claro,Dupla,Reta,Não,2,0,0,1,1,0,1,2,-27.10123686,-48.61807962,SPRF-SC,DEL04-SC,UOP03-DEL04-SC,2022
"411115,0",2022-01-25,terça-feira,21:20:00,SC,282,"53,3",AGUAS MORNAS,Deficiência do Sistema de Iluminação/Sinalização,Saída de leito carroçável,Com Vítimas Feridas,Plena Noite,Decrescente,Chuva,Simples,Reta,Não,2,0,1,0,0,1,1,2,-27.691511,-48.970215,SPRF-SC,DEL01-SC,UOP03-DEL01-SC,2022
"411122,0",2022-01-25,terça-feira,13:25:00,SC,470,"72,0",INDAIAL,Velocidade Incompatível,Tombamento,Com Vítimas Feridas,Pleno dia,Crescente,Céu Claro,Simples,Rotatória,Não,2,0,1,0,0,1,1,2,-26.901979,-49.268745,SPRF-SC,DEL04-SC,UOP01-DEL04-SC,2022
"411129,0",2022-01-25,terça-feira,14:10:00,SC,101,"125,6",ITAJAI,Ultrapassagem Indevida,Colisão transversal,Com Vítimas Feridas,Pleno dia,Crescente,Céu Claro,Múltipla,Viaduto,Sim,2,0,0,1,1,0,1,2,-26.94802427,-48.68338515,SPRF-SC,DEL04-SC,UOP04-DEL04-SC,2022
"411225,0",2022-01-26,quarta-feira,15:20:00,SC,101,"270,6",IMBITUBA,Ingestão de álcool pelo condutor,Colisão lateral mesmo sentido,Sem Vítimas,Pleno dia,Decrescente,Céu Claro,Dupla,Reta,Não,3,0,0,0,2,1,0,3,-28.1015411,-48.70410641,SPRF-SC,DEL02-SC,UOP03-DEL02-SC,2022
"411232,0",2022-01-26,quarta-feira,17:40:00,SC,101,"120,5",ITAJAI,Trafegar com motocicleta (ou similar) entre as faixas,Colisão lateral mesmo sentido,Com Vítimas Feridas,Pleno dia,Decrescente,Céu Claro,Múltipla,Reta,Sim,3,0,1,1,0,1,2,2,-26.912758,-48.711998,SPRF-SC,DEL04-SC,UOP04-DEL04-SC,2022
"411237,0",2022-01-26,quarta-feira,16:50:00,SC,101,"101,5",BALNEARIO PICARRAS,Ausência de reação do condutor,Colisão traseira,Sem Vítimas,Pleno dia,Decrescente,Céu Claro,Dupla,Aclive,Não,3,0,0,0,2,1,0,3,-26.76404198,-48.68657667,SPRF-SC,DEL03-SC,UOP02-DEL03-SC,2022
"411295,0",2022-01-26,quarta-feira,22:00:00,SC,470,"250,5",CURITIBANOS,Reação tardia ou ineficiente do condutor,Colisão frontal,Com Vítimas Fatais,Plena Noite,Decrescente,Nublado,Simples,Aclive;Reta,Não,3,1,0,0,1,1,0,3,-27.3118745,-50.5915377,SPRF-SC,DEL05-SC,UOP03-DEL05-SC,2022
"411300,0",2022-01-26,quarta-feira,20:20:00,SC,470,"212,6",SAO CRISTOVAO DO SUL,Ultrapassagem Indevida,Colisão frontal,Com Vítimas Fatais,Plena Noite,Decrescente,Nublado,Simples,Reta;Declive,Não,2,1,0,1,0,0,1,2,-27.306029,-50.248785,SPRF-SC,DEL05-SC,UOP03-DEL05-SC,2022
"411351,0",2022-01-27,quinta-feira,11:15:00,SC,280,"26,0",ARAQUARI,Acessar a via sem observar a presença dos outros veículos,Colisão transversal,Com Vítimas Feridas,Pleno dia,Crescente,Garoa/Chuvisco,Simples,Reta,Sim,3,0,0,1,2,0,1,2,-26.38972308,-48.73411593,SPRF-SC,DEL03-SC,UOP03-DEL03-SC,2022
"411356,0",2022-01-27,quinta-feira,11:45:00,SC,101,"205,0",SAO JOSE,Manobra de mudança de faixa,Colisão lateral mesmo sentido,Sem Vítimas,Pleno dia,Crescente,Céu Claro,Múltipla,Reta,Sim,3,0,0,0,2,1,0,3,-27.58313237,-48.61532885,SPRF-SC,DEL01-SC,UOP01-DEL01-SC,2022