id,data_inversa,dia_semana,horario,uf,br,km,municipio,causa_acidente,tipo_acidente,classificacao_acidente,fase_dia,sentido_via,condicao_metereologica,tipo_pista,tracado_via,uso_solo,pessoas,mortos,feridos_leves,feridos_graves,ilesos,ignorados,feridos,veiculos,latitude,longitude,regional,delegacia,uop,ano_arquivo
"411375,0",2022-01-27,quinta-feira,12:05:00,SC,101,"339,6",TUBARAO,Desrespeitar a preferência no cruzamento,Saída de leito carroçável,Com Vítimas Feridas,Pleno dia,Decrescente,Chuva,Simples,Interseção de Vias,Sim,2,0,1,0,0,1,1,2,-28.49351117,-49.04178985,SPRF-SC,DEL02-SC,UOP01-DEL02-SC,2022
"411439,0",2022-01-27,quinta-feira,16:00:00,SC,470,"111,3",IBIRAMA,Transitar na contramão,Colisão frontal,Com Vítimas Feridas,Pleno dia,Decrescente,Chuva,Simples,Curva,Não,6,0,2,0,3,3,2,5,-27.095388,-49.457878,SPRF-SC,DEL04-SC,UOP02-DEL04-SC,2022
"411518,0",2022-01-27,quinta-feira,22:10:00,SC,280,"224,4",TRES BARRAS,Condutor deixou de manter distância do veículo da frente,Colisão traseira,Com Vítimas Feridas,Plena Noite,Decrescente,Chuva,Simples,Reta,Não,2,0,0,1,1,0,1,2,-26.17513189,-50.30394805,SPRF-SC,DEL06-SC,UOP04-DEL06-SC,2022
"411520,0",2022-01-28,sexta-feira,01:20:00,SC,280,"277,1",IRINEOPOLIS,Transitar na contramão,Colisão frontal,Com Vítimas Fatais,Plena Noite,Decrescente,Chuva,Simples,Reta;Aclive,Não,3,1,0,0,1,2,0,4,-26.2921589,-50.7930042,SPRF-SC,DEL06-SC,UOP04-DEL06-SC,2022
"411577,0",2022-01-28,sexta-feira,10:00:00,SC,470,"289,7",CAMPOS NOVOS,Desrespeitar a preferência no cruzamento,Colisão frontal,Com Vítimas Feridas,Pleno dia,Crescente,Garoa/Chuvisco,Simples,Interseção de Vias,Não,2,0,1,1,0,0,2,2,-27.333546,-50.95219,SPRF-SC,DEL07-SC,UOP06-DEL07-SC,2022
"411637,0",2022-01-28,sexta-feira,16:30:00,SC,280,"162,0",MAFRA,Conversão proibida,Colisão traseira,Com Vítimas Feridas,Pleno dia,Decrescente,Garoa/Chuvisco,Simples,Reta,Sim,3,0,1,0,2,0,1,2,-26.20386631,-49.79088509,SPRF-SC,DEL06-SC,UOP03-DEL06-SC,2022
"411664,0",2022-01-28,sexta-feira,19:20:00,SC,282,"19,0",PALHOCA,Condutor deixou de manter distância do veículo da frente,Engavetamento,Com Vítimas Fatais,Plena Noite,Crescente,Garoa/Chuvisco,Múltipla,Reta,Não,6,1,0,3,2,0,3,3,-27.678635,-48.70192,SPRF-SC,DEL01-SC,UOP02-DEL01-SC,2022
"411679,0",2022-01-28,sexta-feira,20:00:00,SC,470,"114,7",IBIRAMA,Condutor deixou de manter distância do veículo da frente,Saída de leito carroçável,Com Vítimas Feridas,Plena Noite,Decrescente,Garoa/Chuvisco,Simples,Curva,Não,2,0,1,0,0,1,1,2,-27.086386,-49.478001,SPRF-SC,DEL04-SC,UOP02-DEL04-SC,2022
"411756,0",2022-01-29,sábado,07:45:00,SC,470,"178,3",POUSO REDONDO,Ingestão de álcool pelo condutor,Colisão traseira,Com Vítimas Feridas,Pleno dia,Crescente,Garoa/Chuvisco,Simples,Reta,Sim,3,0,1,0,1,1,1,3,-27.248392,-49.967083,SPRF-SC,DEL04-SC,UOP02-DEL04-SC,2022
"411772,0",2022-01-29,sábado,07:40:00,SC,282,"227,5",LAGES,Manobra de mudança de faixa,Colisão lateral mesmo sentido,Com Vítimas Feridas,Pleno dia,Crescente,Nublado,Simples,Reta,Não,5,0,3,0,1,1,3,3,-27.795815,-50.399048,SPRF-SC,DEL05-SC,UOP02-DEL05-SC,2022
"411914,0",2022-01-30,domingo,06:20:00,SC,101,"192,1",BIGUACU,Velocidade Incompatível,Derramamento de carga,Sem Vítimas,Pleno dia,Decrescente,Céu Claro,Dupla,Curva,Sim,2,0,0,0,1,1,0,2,-27.48591352,-48.64816368,SPRF-SC,DEL01-SC,UOP01-DEL01-SC,2022
"411928,0",2022-01-30,domingo,08:40:00,SC,101,"178,0",BIGUACU,Manobra de mudança de faixa,Colisão lateral mesmo sentido,Com Vítimas Feridas,Pleno dia,Decrescente,Céu Claro,Dupla,Reta,Não,4,0,1,0,2,2,1,4,-27.36408098,-48.63391212,SPRF-SC,DEL01-SC,UOP01-DEL01-SC,2022
"412143,0",2022-01-31,segunda-feira,09:50:00,SC,153,"97,0",CONCORDIA,Mal súbito do condutor,Colisão frontal,Com Vítimas Feridas,Pleno dia,Decrescente,Céu Claro,Simples,Reta,Não,3,0,0,1,1,1,1,3,-27.220152,-51.948879,SPRF-SC,DEL07-SC,UOP04-DEL07-SC,2022
"412170,0",2022-01-31,segunda-feira,14:30:00,SC,101,"193,0",BIGUACU,Acessar a via sem observar a presença dos outros veículos,Colisão frontal,Com Vítimas Feridas,Pleno dia,Crescente,Céu Claro,Múltipla,Interseção de Vias,Sim,3,0,1,0,2,0,1,3,-27.489574,-48.655914,SPRF-SC,DEL01-SC,UOP01-DEL01-SC,2022
"412173,0",2022-01-31,segunda-feira,11:54:00,SC,282,"522,5",XAXIM,Reação tardia ou ineficiente do condutor,Colisão lateral mesmo sentido,Com Vítimas Feridas,Pleno dia,Crescente,Sol,Simples,Rotatória,Sim,2,0,1,0,1,0,1,2,-26.956238,-52.542637,SPRF-SC,DEL07-SC,UOP01-DEL07-SC,2022
"412190,0",2022-01-31,segunda-feira,15:45:00,SC,101,"221,9",PALHOCA,Velocidade Incompatível,Colisão transversal,Com Vítimas Feridas,Pleno dia,Crescente,Chuva,Dupla,Curva,Sim,3,0,1,0,1,1,1,3,-27.70012652,-48.66021182,SPRF-SC,DEL01-SC,UOP02-DEL01-SC,2022
"412204,0",2022-01-31,segunda-feira,17:55:00,SC,101,"113,9",ITAJAI,Trafegar com motocicleta (ou similar) entre as faixas,Colisão lateral mesmo sentido,Com Vítimas Fatais,Pleno dia,Decrescente,Céu Claro,Dupla,Reta,Sim,4,1,0,0,1,5,0,7,-26.8610812,-48.7782864,SPRF-SC,DEL04-SC,UOP04-DEL04-SC,2022
"412221,0",2022-01-31,segunda-feira,19:30:00,SC,470,"132,0",LONTRAS,Ingestão de álcool pelo condutor,Colisão frontal,Com Vítimas Feridas,Plena Noite,Crescente,Nublado,Simples,Reta,Não,3,0,1,0,1,2,1,4,-27.170237,-49.574718,SPRF-SC,DEL04-SC,UOP02-DEL04-SC,2022
"412222,0",2022-01-31,segunda-feira,18:40:00,SC,116,"117,8",SANTA CECILIA,Velocidade Incompatível,Tombamento,Sem Vítimas,Anoitecer,Crescente,Céu Claro,Simples,Curva;Declive,Não,2,0,0,0,1,2,0,3,-26.81731599,-50.35097407,SPRF-SC,DEL06-SC,UOP02-DEL06-SC,2022
"412252,0",2022-02-01,terça-feira,01:30:00,SC,101,"199,9",SAO JOSE,Velocidade Incompatível,Colisão traseira,Sem Vítimas,Plena Noite,Crescente,Nublado,Dupla,Aclive,Sim,3,0,0,0,1,2,0,3,-27.53413705,-48.63003205,SPRF-SC,DEL01-SC,UOP01-DEL01-SC,2022
"412258,0",2022-01-31,segunda-feira,19:20:00,SC,282,"530,4",CORDILHEIRA ALTA,Condutor usando celular,Saída de leito carroçável,Sem Vítimas,Pleno dia,Decrescente,Céu Claro,Simples,Reta,Sim,1,0,0,0,1,0,0,1,-26.986555,-52.60524,SPRF-SC,DEL07-SC,UOP01-DEL07-SC,2022
"412260,0",2022-01-31,segunda-feira,22:40:00,SC,101,"111,0",NAVEGANTES,Carga excessiva e/ou mal acondicionada,Saída de leito carroçável,Com Vítimas Feridas,Plena Noite,Crescente,Céu Claro,Simples,Curva,Sim,2,0,1,0,0,1,1,2,-26.83955734,-48.71418074,SPRF-SC,DEL04-SC,UOP04-DEL04-SC,2022
"412397,0",2022-02-01,terça-feira,22:30:00,SC,101,"233,0",PALHOCA,Carga excessiva e/ou mal acondicionada,Tombamento,Com Vítimas Feridas,Plena Noite,Crescente,Céu Claro,Dupla,Declive,Não,3,0,1,0,1,1,1,2,-27.80376397,-48.63826211,SPRF-SC,DEL01-SC,UOP02-DEL01-SC,2022
"412398,0",2022-02-01,terça-feira,20:50:00,SC,282,"412,8",CATANDUVAS,Transitar na contramão,Colisão frontal,Com Vítimas Feridas,Plena Noite,Decrescente,Céu Claro,Simples,Curva,Não,3,0,1,0,1,1,1,3,-27.055775,-51.688843,SPRF-SC,DEL07-SC,UOP05-DEL07-SC,2022
"412422,0",2022-02-02,quarta-feira,05:10:00,SC,101,"282,5",IMBITUBA,Manobra de mudança de faixa,Colisão traseira,Com Vítimas Feridas,Amanhecer,Decrescente,Céu Claro,Múltipla,Reta,Não,2,0,1,0,0,1,1,2,-28.19626005,-48.69739859,SPRF-SC,DEL02-SC,UOP03-DEL02-SC,2022
"412438,0",2022-02-02,quarta-feira,08:30:00,SC,101,"210,0",SAO JOSE,Manobra de mudança de faixa,Colisão lateral mesmo sentido,Sem Vítimas,Pleno dia,Decrescente,Sol,Múltipla,Reta,Sim,2,0,0,0,1,1,0,2,-27.6167305,-48.6457265,SPRF-SC,DEL01-SC,UOP01-DEL01-SC,2022
"412450,0",2022-02-02,quarta-feira,05:50:00,SC,282,"107,8",ALFREDO WAGNER,Transitar na contramão,Colisão frontal,Com Vítimas Fatais,Amanhecer,Crescente,Céu Claro,Simples,Reta,Não,3,1,0,1,1,0,1,3,-27.710195,-49.355078,SPRF-SC,DEL01-SC,UOP03-DEL01-SC,2022
"412462,0",2022-02-02,quarta-feira,11:20:00,SC,101,"144,8",ITAPEMA,Transitar no acostamento,Colisão lateral mesmo sentido,Sem Vítimas,Pleno dia,Decrescente,Sol,Dupla,Reta,Sim,3,0,0,0,2,1,0,3,-27.0732659,-48.59672716,SPRF-SC,DEL04-SC,UOP03-DEL04-SC,2022
"412534,0",2022-02-02,quarta-feira,15:05:00,SC,163,"112,5",GUARUJA DO SUL,Acesso irregular,Colisão transversal,Com Vítimas Feridas,Pleno dia,Crescente,Céu Claro,Simples,Interseção de Vias;Reta,Sim,3,0,2,0,0,1,2,2,-26.40317121,-53.52406025,SPRF-SC,DEL07-SC,UOP03-DEL07-SC,2022
"412542,0",2022-02-02,quarta-feira,19:15:00,SC,101,"326,4",CAPIVARI DE BAIXO,Avarias e/ou desgaste excessivo no pneu,Colisão com objeto,Com Vítimas Feridas,Plena Noite,Crescente,Céu Claro,Dupla,Declive;Reta,Sim,6,0,2,0,3,1,2,3,-28.43590239,-48.95940185,SPRF-SC,DEL02-SC,UOP01-DEL02-SC,2022
"412545,0",2022-02-02,quarta-feira,11:00:00,SC,282,"68,0",RANCHO QUEIMADO,Ausência de reação do condutor,Tombamento,Com Vítimas Feridas,Pleno dia,Crescente,Céu Claro,Simples,Curva,Não,3,0,2,0,0,1,2,3,-27.692406,-49.075939,SPRF-SC,DEL01-SC,UOP03-DEL01-SC,2022
"412644,0",2022-02-03,quinta-feira,10:38:00,SC,282,"655,8",SAO MIGUEL DO OESTE,Reação tardia ou ineficiente do condutor,Colisão transversal,Com Vítimas Feridas,Pleno dia,Decrescente,Céu Claro,Simples,Curva,Não,3,0,0,2,1,0,2,2,-26.70121,-53.528481,SPRF-SC,DEL07-SC,UOP03-DEL07-SC,2022
"412657,0",2022-02-03,quinta-feira,09:15:00,SC,153,"14,2",AGUA DOCE,Condutor deixou de manter distância do veículo da frente,Colisão traseira,Com Vítimas Feridas,Pleno dia,Crescente,Céu Claro,Simples,Reta,Não,3,0,1,0,1,1,1,3,-26.697666,-51.57309,SPRF-SC,DEL07-SC,UOP05-DEL07-SC,2022
"412678,0",2022-02-03,quinta-feira,17:20:00,SC,101,"375,0",GAROPABA,Demais falhas mecânicas ou elétricas,Incêndio,Sem Vítimas,Pleno dia,Crescente,Céu Claro,Dupla,Reta,Sim,1,0,0,0,1,0,0,1,-28.1497688,-48.6924764,SPRF-SC,DEL02-SC,UOP01-DEL02-SC,2022
"412712,0",2022-02-03,quinta-feira,12:55:00,SC,470,"53,0",BLUMENAU,Condutor Dormindo,Colisão frontal,Sem Vítimas,Pleno dia,Crescente,Céu Claro,Simples,Reta,Não,3,0,0,0,2,1,0,3,-26.867121,-49.102066,SPRF-SC,DEL04-SC,UOP01-DEL04-SC,2022
"412730,0",2022-02-03,quinta-feira,23:10:00,SC,470,"78,7",RODEIO,Carga excessiva e/ou mal acondicionada,Derramamento de carga,Sem Vítimas,Plena Noite,Decrescente,Nublado,Simples,Reta,Não,2,0,0,0,1,2,0,3,-26.951647,-49.304474,SPRF-SC,DEL04-SC,UOP01-DEL04-SC,2022
"412731,0",2022-02-04,sexta-feira,00:50:00,SC,101,"213,0",PALHOCA,Objeto estático sobre o leito carroçável,Queda de ocupante de veículo,Com Vítimas Feridas,Plena Noite,Decrescente,Garoa/Chuvisco,Dupla,Reta,Sim,2,0,1,0,1,0,1,2,-27.63697369,-48.66514142,SPRF-SC,DEL01-SC,UOP02-DEL01-SC,2022
"412829,0",2022-02-04,sexta-feira,15:00:00,SC,101,"203,2",SAO JOSE,Manobra de mudança de faixa,Colisão lateral mesmo sentido,Com Vítimas Feridas,Pleno dia,Decrescente,Garoa/Chuvisco,Múltipla,Reta,Sim,2,0,0,1,1,0,1,2,-27.5650044,-48.61460082,SPRF-SC,DEL01-SC,UOP01-DEL01-SC,2022
"412872,0",2022-02-04,sexta-feira,16:20:00,SC,282,"406,8",CATANDUVAS,Velocidade Incompatível,Colisão lateral sentido oposto,Com Vítimas Feridas,Pleno dia,Crescente,Chuva,Simples,Aclive,Não,4,0,1,1,1,1,2,3,-27.092703,-51.659904,SPRF-SC,DEL07-SC,UOP05-DEL07-SC,2022
"412918,0",2022-02-04,sexta-feira,20:30:00,SC,282,"49,5",AGUAS MORNAS,Velocidade Incompatível,Colisão frontal,Sem Vítimas,Plena Noite,Crescente,Chuva,Simples,Curva,Não,2,0,0,0,2,0,0,2,-27.712931,-48.943741,SPRF-SC,DEL01-SC,UOP03-DEL01-SC,2022
"412935,0",2022-02-05,sábado,00:00:00,SC,470,"141,0",RIO DO SUL,Ingestão de álcool pelo condutor,Colisão frontal,Sem Vítimas,Plena Noite,Decrescente,Chuva,Simples,Curva,Não,4,0,0,0,2,2,0,2,-27.226065,-49.666161,SPRF-SC,DEL04-SC,UOP02-DEL04-SC,2022
"412949,0",2022-02-05,sábado,01:25:00,SC,101,"216,5",PALHOCA,Pedestre andava na pista,Atropelamento de Pedestre,Com Vítimas Feridas,Plena Noite,Decrescente,Nublado,Dupla,Viaduto;Reta;Declive,Sim,2,0,1,0,1,0,1,2,-27.663551,-48.675636,SPRF-SC,DEL01-SC,UOP02-DEL01-SC,2022
"413006,0",2022-02-05,sábado,08:40:00,SC,101,"146,7",ITAPEMA,Demais falhas mecânicas ou elétricas,Colisão com objeto,Com Vítimas Feridas,Pleno dia,Decrescente,Céu Claro,Simples,Reta,Sim,3,0,3,0,0,0,3,1,-27.08666525,-48.60955587,SPRF-SC,DEL04-SC,UOP03-DEL04-SC,2022
"413015,0",2022-02-05,sábado,10:20:00,SC,101,"270,1",IMBITUBA,Reação tardia ou ineficiente do condutor,Colisão traseira,Com Vítimas Feridas,Pleno dia,Crescente,Céu Claro,Dupla,Reta,Não,3,0,2,0,1,0,2,3,-28.1015411,-48.70410641,SPRF-SC,DEL02-SC,UOP03-DEL02-SC,2022
"413035,0",2022-02-05,sábado,09:00:00,SC,470,"116,7",IBIRAMA,Velocidade Incompatível,Saída de leito carroçável,Com Vítimas Feridas,Pleno dia,Decrescente,Céu Claro,Simples,Curva,Não,2,0,0,1,0,1,1,2,-27.08197407,-49.50096868,SPRF-SC,DEL04-SC,UOP02-DEL04-SC,2022
"413037,0",2022-02-05,sábado,12:50:00,SC,101,"27,0",JOINVILLE,Manobra de mudança de faixa,Colisão lateral mesmo sentido,Com Vítimas Feridas,Pleno dia,Decrescente,Céu Claro,Dupla,Reta,Sim,5,0,2,0,2,1,2,3,-26.20130351,-48.91331794,SPRF-SC,DEL03-SC,UOP01-DEL03-SC,2022
"413063,0",2022-02-05,sábado,15:35:00,SC,280,"51,5",GUARAMIRIM,Velocidade Incompatível,Tombamento,Com Vítimas Feridas,Pleno dia,Crescente,Chuva,Dupla,Interseção de Vias,Não,1,0,1,0,0,0,1,1,-26.46673133,-48.9600563,SPRF-SC,DEL03-SC,UOP03-DEL03-SC,2022
"413078,0",2022-02-05,sábado,15:40:00,SC,470,"10,6",ILHOTA,Velocidade Incompatível,Colisão traseira,Com Vítimas Feridas,Pleno dia,Decrescente,Nublado,Simples,Reta,Não,3,0,0,1,2,0,1,3,-26.833693,-48.73724,SPRF-SC,DEL04-SC,UOP04-DEL04-SC,2022
"413081,0",2022-02-05,sábado,17:45:00,SC,101,"128,5",ITAJAI,Ingestão de álcool pelo condutor,Colisão com objeto,Com Vítimas Feridas,Pleno dia,Crescente,Chuva,Dupla,Reta,Sim,2,0,1,0,0,1,1,2,-26.97284292,-48.68299451,SPRF-SC,DEL04-SC,UOP03-DEL04-SC,2022
"413177,0",2022-02-06,domingo,03:15:00,SC,470,"119,0",IBIRAMA,Velocidade Incompatível,Tombamento,Com Vítimas Feridas,Plena Noite,Decrescente,Céu Claro,Simples,Reta;Retorno Regulamentado,Não,2,0,1,0,0,2,1,3,-27.081554,-49.520206,SPRF-SC,DEL04-SC,UOP02-DEL04-SC,2022
"413238,0",2022-02-06,domingo,12:00:00,SC,101,"233,0",PALHOCA,Frear bruscamente,Colisão com objeto,Com Vítimas Feridas,Pleno dia,Crescente,Céu Claro,Dupla,Curva;Declive,Não,2,0,1,0,0,1,1,2,-27.80376397,-48.63826211,SPRF-SC,DEL01-SC,UOP02-DEL01-SC,2022
"413340,0",2022-02-06,domingo,20:20:00,SC,101,"291,9",IMBITUBA,Ingestão de substâncias psicoativas pelo condutor,Saída de leito carroçável,Com Vítimas Feridas,Plena Noite,Crescente,Céu Claro,Dupla,Reta,Não,2,0,1,0,0,1,1,2,-28.26980586,-48.70081551,SPRF-SC,DEL02-SC,UOP03-DEL02-SC,2022
"413363,0",2022-02-06,domingo,22:00:00,SC,163,"110,1",GUARUJA DO SUL,Velocidade Incompatível,Colisão traseira,Com Vítimas Fatais,Plena Noite,Decrescente,Céu Claro,Simples,Reta,Não,3,1,0,0,1,2,0,4,-26.401796,-53.5245873,SPRF-SC,DEL07-SC,UOP03-DEL07-SC,2022
"413460,0",2022-02-07,segunda-feira,06:20:00,SC,280,"96,0",CORUPA,Condutor Dormindo,Saída de leito carroçável,Com Vítimas Feridas,Amanhecer,Crescente,Céu Claro,Simples,Declive;Reta,Não,1,0,1,0,0,0,1,1,-26.38512958,-49.30811584,SPRF-SC,DEL06-SC,UOP03-DEL06-SC,2022
"413506,0",2022-02-07,segunda-feira,14:15:00,SC,280,"28,4",ARAQUARI,Condutor deixou de manter distância do veículo da frente,Colisão traseira,Com Vítimas Feridas,Pleno dia,Crescente,Céu Claro,Simples,Reta,Não,4,0,2,0,2,0,2,2,-26.40450077,-48.74561031,SPRF-SC,DEL03-SC,UOP03-DEL03-SC,2022
"413518,0",2022-02-07,segunda-feira,13:20:00,SC,470,"204,2",PONTE ALTA,Velocidade Incompatível,Tombamento,Com Vítimas Feridas,Pleno dia,Crescente,Céu Claro,Simples,Curva;Declive,Não,1,0,1,0,0,0,1,1,-27.289373,-50.166328,SPRF-SC,DEL05-SC,UOP03-DEL05-SC,2022
"413547,0",2022-02-07,segunda-feira,14:15:00,SC,282,"68,5",RANCHO QUEIMADO,Velocidade Incompatível,Tombamento,Com Vítimas Feridas,Pleno dia,Decrescente,Céu Claro,Simples,Curva,Não,2,0,0,1,0,2,1,3,-27.692406,-49.075939,SPRF-SC,DEL01-SC,UOP03-DEL01-SC,2022
"413613,0",2022-02-08,terça-feira,04:45:00,SC,101,"354,4",JAGUARUNA,Condutor Dormindo,Colisão traseira,Com Vítimas Feridas,Plena Noite,Decrescente,Céu Claro,Dupla,Reta,Não,2,0,0,1,1,0,1,2,-28.61806302,-49.07013199,SPRF-SC,DEL02-SC,UOP01-DEL02-SC,2022
"413635,0",2022-02-08,terça-feira,07:45:00,SC,470,"37,0",GASPAR,Ultrapassagem Indevida,Colisão lateral mesmo sentido,Com Vítimas Feridas,Pleno dia,Crescente,Céu Claro,Dupla,Curva,Não,2,0,1,0,1,0,1,2,-26.912727,-48.978043,SPRF-SC,DEL04-SC,UOP01-DEL04-SC,2022
"413644,0",2022-02-08,terça-feira,08:50:00,SC,101,"198,1",BIGUACU,Reação tardia ou ineficiente do condutor,Colisão traseira,Com Vítimas Feridas,Pleno dia,Crescente,Céu Claro,Dupla,Reta,Sim,2,0,1,0,1,0,1,2,-27.52658712,-48.63506019,SPRF-SC,DEL01-SC,UOP01-DEL01-SC,2022
"413694,0",2022-02-08,terça-feira,13:25:00,SC,101,"119,2",ITAJAI,Condutor deixou de manter distância do veículo da frente,Colisão traseira,Com Vítimas Feridas,Pleno dia,Crescente,Céu Claro,Dupla,Interseção de Vias,Sim,3,0,0,1,1,1,1,3,-26.9043179,-48.71555481,SPRF-SC,DEL04-SC,UOP04-DEL04-SC,2022
"413697,0",2022-02-08,terça-feira,13:30:00,SC,470,"81,6",RODEIO,Reação tardia ou ineficiente do condutor,Colisão frontal,Com Vítimas Fatais,Pleno dia,Crescente,Céu Claro,Simples,Curva,Não,4,1,2,0,1,0,2,3,-26.950367,-49.325638,SPRF-SC,DEL04-SC,UOP01-DEL04-SC,2022
"413702,0",2022-02-08,terça-feira,13:30:00,SC,116,"246,8",LAGES,Condutor Dormindo,Colisão frontal,Com Vítimas Feridas,Pleno dia,Decrescente,Sol,Simples,Aclive;Reta,Sim,6,0,5,0,1,0,5,3,-27.80419942,-50.36509464,SPRF-SC,DEL05-SC,UOP02-DEL05-SC,2022
"413747,0",2022-02-08,terça-feira,19:55:00,SC,470,"192,3",POUSO REDONDO,Velocidade Incompatível,Saída de leito carroçável,Com Vítimas Feridas,Plena Noite,Decrescente,Nublado,Simples,Declive;Curva,Não,2,0,0,1,0,1,1,2,-27.293324,-50.078678,SPRF-SC,DEL04-SC,UOP02-DEL04-SC,2022
"413784,0",2022-02-09,quarta-feira,01:00:00,SC,470,"266,7",CURITIBANOS,Velocidade Incompatível,Tombamento,Com Vítimas Fatais,Plena Noite,Crescente,Céu Claro,Simples,Curva;Declive,Não,2,1,0,0,0,1,0,2,-27.311328,-50.745584,SPRF-SC,DEL05-SC,UOP03-DEL05-SC,2022
"413822,0",2022-02-09,quarta-feira,06:20:00,SC,116,"176,1",SAO CRISTOVAO DO SUL,Velocidade Incompatível,Tombamento,Com Vítimas Feridas,Pleno dia,Decrescente,Sol,Simples,Curva;Declive,Não,2,0,1,0,0,1,1,2,-27.24164321,-50.46329137,SPRF-SC,DEL05-SC,UOP03-DEL05-SC,2022
"413867,0",2022-02-09,quarta-feira,12:40:00,SC,282,"534,2",CORDILHEIRA ALTA,Manobra de mudança de faixa,Colisão transversal,Com Vítimas Feridas,Pleno dia,Crescente,Céu Claro,Simples,Reta,Sim,3,0,1,0,1,1,1,3,-26.996832,-52.634586,SPRF-SC,DEL07-SC,UOP01-DEL07-SC,2022
"413933,0",2022-02-09,quarta-feira,16:45:00,SC,470,"100,9",APIUNA,Reação tardia ou ineficiente do condutor,Colisão traseira,Com Vítimas Feridas,Pleno dia,Crescente,Sol,Simples,Reta,Não,2,0,0,1,1,0,1,2,-27.045143,-49.394142,SPRF-SC,DEL04-SC,UOP02-DEL04-SC,2022
"413966,0",2022-02-09,quarta-feira,23:10:00,SC,101,"338,0",TUBARAO,Reação tardia ou ineficiente do condutor,Colisão lateral mesmo sentido,Sem Vítimas,Plena Noite,Decrescente,Céu Claro,Múltipla,Reta,Não,2,0,0,0,2,0,0,2,-28.485725,-49.03726,SPRF-SC,DEL02-SC,UOP01-DEL02-SC,2022
"414005,0",2022-01-28,sexta-feira,14:30:00,SC,282,"54,0",RANCHO QUEIMADO,Velocidade Incompatível,Colisão frontal,Com Vítimas Feridas,Pleno dia,Crescente,Chuva,Simples,Curva,Não,4,0,0,2,2,0,2,3,-27.685799,-48.974514,SPRF-SC,DEL01-SC,UOP03-DEL01-SC,2022
"414051,0",2022-02-10,quinta-feira,13:40:00,SC,282,"497,0",XANXERE,Condutor Dormindo,Colisão lateral sentido oposto,Sem Vítimas,Pleno dia,Decrescente,Céu Claro,Simples,Reta,Não,2,0,0,0,2,0,0,2,-26.880062,-52.344685,SPRF-SC,DEL07-SC,UOP01-DEL07-SC,2022
"414057,0",2022-02-10,quinta-feira,15:00:00,SC,470,"7,9",NAVEGANTES,Ausência de reação do condutor,Colisão lateral mesmo sentido,Com Vítimas Feridas,Pleno dia,Crescente,Sol,Simples,Reta,Não,3,0,0,1,1,1,1,3,-26.84499,-48.71505,SPRF-SC,DEL04-SC,UOP04-DEL04-SC,2022
"414096,0",2022-02-10,quinta-feira,17:40:00,SC,163,"69,6",SAO MIGUEL DO OESTE,Acessar a via sem observar a presença dos outros veículos,Colisão transversal,Com Vítimas Feridas,Pleno dia,Crescente,Céu Claro,Dupla,Aclive;Reta,Sim,3,0,1,0,2,0,1,2,-26.74132699,-53.50120591,SPRF-SC,DEL07-SC,UOP03-DEL07-SC,2022
"414127,0",2022-02-10,quinta-feira,23:25:00,SC,470,"63,0",INDAIAL,Velocidade Incompatível,Colisão traseira,Com Vítimas Feridas,Plena Noite,Crescente,Céu Claro,Simples,Reta,Sim,3,0,0,1,1,1,1,3,-26.872396,-49.19228,SPRF-SC,DEL04-SC,UOP01-DEL04-SC,2022
"414233,0",2022-02-11,sexta-feira,07:00:00,SC,280,"251,0",CANOINHAS,Manobra de mudança de faixa,Colisão frontal,Com Vítimas Feridas,Pleno dia,Crescente,Céu Claro,Simples,Aclive;Reta,Não,6,0,4,0,1,1,4,3,-26.25669092,-50.55239702,SPRF-SC,DEL06-SC,UOP04-DEL06-SC,2022
"414400,0",2022-02-12,sábado,00:40:00,SC,101,"362,2",SANGAO,Condutor deixou de manter distância do veículo da frente,Colisão traseira,Com Vítimas Feridas,Plena Noite,Decrescente,Nublado,Dupla,Aclive;Reta,Não,2,0,0,1,1,0,1,2,-28.67136197,-49.12225505,SPRF-SC,DEL02-SC,UOP01-DEL02-SC,2022
"414415,0",2022-02-12,sábado,07:18:00,SC,101,"135,0",BALNEARIO CAMBORIU,Reação tardia ou ineficiente do condutor,Engavetamento,Com Vítimas Feridas,Pleno dia,Decrescente,Céu Claro,Dupla,Reta,Sim,4,0,2,0,1,1,2,3,-27.0050108,-48.62677494,SPRF-SC,DEL04-SC,UOP03-DEL04-SC,2022
"414428,0",2022-02-12,sábado,06:20:00,SC,282,"568,0",NOVA ERECHIM,Ingestão de álcool pelo condutor,Colisão lateral sentido oposto,Com Vítimas Feridas,Amanhecer,Decrescente,Céu Claro,Simples,Reta,Não,2,0,0,1,1,0,1,2,-26.899681,-52.915756,SPRF-SC,DEL07-SC,UOP02-DEL07-SC,2022
"414528,0",2022-02-12,sábado,07:40:00,SC,280,"10,0",SAO FRANCISCO DO SUL,Ingestão de álcool pelo condutor,Colisão traseira,Com Vítimas Feridas,Amanhecer,Decrescente,Céu Claro,Simples,Reta,Não,2,0,0,1,1,0,1,2,-26.29625399,-48.64238799,SPRF-SC,DEL03-SC,UOP03-DEL03-SC,2022
"414812,0",2022-02-13,domingo,13:30:00,SC,116,"108,2",SANTA CECILIA,Velocidade Incompatível,Tombamento,Com Vítimas Feridas,Pleno dia,Decrescente,Chuva,Simples,Curva,Não,2,0,1,0,0,1,1,2,-26.7520839,-50.33425198,SPRF-SC,DEL06-SC,UOP02-DEL06-SC,2022
"414924,0",2022-02-14,segunda-feira,06:55:00,SC,282,"537,3",CHAPECO,Ultrapassagem Indevida,Colisão frontal,Com Vítimas Feridas,Amanhecer,Crescente,Céu Claro,Simples,Reta,Não,4,0,2,0,2,0,2,4,-26.999933,-52.663895,SPRF-SC,DEL07-SC,UOP01-DEL07-SC,2022