id,data_inversa,dia_semana,horario,uf,br,km,municipio,causa_acidente,tipo_acidente,classificacao_acidente,fase_dia,sentido_via,condicao_metereologica,tipo_pista,tracado_via,uso_solo,pessoas,mortos,feridos_leves,feridos_graves,ilesos,ignorados,feridos,veiculos,latitude,longitude,regional,delegacia,uop,ano_arquivo
"422350,0",2022-03-23,quarta-feira,18:30:00,SC,470,"33,0",GASPAR,Condutor deixou de manter distância do veículo da frente,Colisão traseira,Com Vítimas Feridas,Anoitecer,Decrescente,Chuva,Dupla,Reta;Em Obras,Sim,3,0,1,0,2,0,1,3,-26.906223,-48.940575,SPRF-SC,DEL04-SC,UOP01-DEL04-SC,2022
"422353,0",2022-03-23,quarta-feira,22:22:00,SC,280,"212,1",TRES BARRAS,Acessar a via sem observar a presença dos outros veículos,Colisão traseira,Com Vítimas Fatais,Plena Noite,Decrescente,Nublado,Simples,Reta,Não,4,3,0,0,1,0,0,2,-26.17859527,-50.18749694,SPRF-SC,DEL06-SC,UOP04-DEL06-SC,2022
"422356,0",2022-03-23,quarta-feira,20:10:00,SC,282,"459,4",PONTE SERRADA,Transitar na contramão,Colisão frontal,Com Vítimas Feridas,Plena Noite,Crescente,Chuva,Simples,Reta,Sim,3,0,1,1,1,0,2,2,-26.863695,-52.024818,SPRF-SC,DEL07-SC,UOP04-DEL07-SC,2022
"422370,0",2022-03-24,quinta-feira,03:00:00,SC,101,"183,0",BIGUACU,Animais na Pista,Atropelamento de Animal,Sem Vítimas,Plena Noite,Crescente,Céu Claro,Dupla,Reta,Sim,1,0,0,0,1,0,0,1,-27.40688892,-48.6285296,SPRF-SC,DEL01-SC,UOP01-DEL01-SC,2022
"422402,0",2022-03-24,quinta-feira,05:40:00,SC,282,"552,0",NOVA ITABERABA,Ausência de sinalização,Colisão traseira,Com Vítimas Feridas,Plena Noite,Decrescente,Chuva,Simples,Reta,Não,3,0,1,1,1,0,2,2,-26.943676,-52.783813,SPRF-SC,DEL07-SC,UOP01-DEL07-SC,2022
"422428,0",2022-03-24,quinta-feira,11:10:00,SC,101,"204,4",SAO JOSE,Reação tardia ou ineficiente do condutor,Saída de leito carroçável,Com Vítimas Feridas,Pleno dia,Crescente,Nublado,Múltipla,Reta,Sim,4,0,0,1,3,0,1,3,-27.57413014,-48.61363083,SPRF-SC,DEL01-SC,UOP01-DEL01-SC,2022
"422446,0",2022-03-24,quinta-feira,12:30:00,SC,101,"104,6",PENHA,Condutor deixou de manter distância do veículo da frente,Colisão traseira,Com Vítimas Feridas,Pleno dia,Decrescente,Nublado,Múltipla,Viaduto;Reta;Aclive,Não,3,0,1,0,1,2,1,4,-26.79281742,-48.68080819,SPRF-SC,DEL03-SC,UOP02-DEL03-SC,2022
"422463,0",2022-03-24,quinta-feira,07:35:00,SC,282,"553,0",NOVA ITABERABA,Condutor deixou de manter distância do veículo da frente,Colisão transversal,Com Vítimas Feridas,Pleno dia,Decrescente,Chuva,Simples,Curva,Não,3,0,1,0,1,1,1,3,-26.93815,-52.791916,SPRF-SC,DEL07-SC,UOP01-DEL07-SC,2022
"422465,0",2022-03-24,quinta-feira,13:50:00,SC,101,"53,4",JOINVILLE,Ausência de reação do condutor,Saída de leito carroçável,Com Vítimas Feridas,Pleno dia,Crescente,Chuva,Dupla,Aclive;Reta,Sim,2,0,1,0,0,1,1,2,-26.40231201,-48.83969703,SPRF-SC,DEL03-SC,UOP01-DEL03-SC,2022
"422475,0",2022-03-24,quinta-feira,12:20:00,SC,470,"184,9",POUSO REDONDO,Demais falhas mecânicas ou elétricas,Saída de leito carroçável,Com Vítimas Feridas,Pleno dia,Decrescente,Chuva,Simples,Curva,Não,2,0,1,1,0,0,2,1,-27.253036,-50.026642,SPRF-SC,DEL04-SC,UOP02-DEL04-SC,2022
"422531,0",2022-03-24,quinta-feira,19:27:00,SC,116,"32,5",ITAIOPOLIS,Pedestre andava na pista,Atropelamento de Pedestre,Com Vítimas Fatais,Plena Noite,Crescente,Chuva,Simples,Reta,Não,5,1,0,0,3,1,0,3,-26.3236828,-49.9831135,SPRF-SC,DEL06-SC,UOP01-DEL06-SC,2022
"422546,0",2022-03-25,sexta-feira,02:10:00,SC,101,"202,0",SAO JOSE,Ingestão de álcool pelo condutor,Colisão lateral mesmo sentido,Sem Vítimas,Plena Noite,Crescente,Céu Claro,Dupla,Reta,Sim,2,0,0,0,2,0,0,2,-27.55711595,-48.61897889,SPRF-SC,DEL01-SC,UOP01-DEL01-SC,2022
"422645,0",2022-03-25,sexta-feira,11:10:00,SC,116,"77,0",MONTE CASTELO,Reação tardia ou ineficiente do condutor,Colisão traseira,Com Vítimas Feridas,Pleno dia,Decrescente,Nublado,Simples,Aclive;Em Obras,Não,4,0,2,0,1,1,2,3,-26.52947196,-50.22592053,SPRF-SC,DEL06-SC,UOP02-DEL06-SC,2022
"422665,0",2022-03-25,sexta-feira,16:30:00,SC,470,"57,0",BLUMENAU,Trafegar com motocicleta (ou similar) entre as faixas,Colisão lateral mesmo sentido,Com Vítimas Feridas,Pleno dia,Crescente,Nublado,Simples,Rotatória,Sim,2,0,1,0,1,0,1,2,-26.88253596,-49.14198518,SPRF-SC,DEL04-SC,UOP01-DEL04-SC,2022
"422686,0",2022-03-25,sexta-feira,18:30:00,SC,101,"134,0",BALNEARIO CAMBORIU,Manobra de mudança de faixa,Colisão lateral mesmo sentido,Com Vítimas Feridas,Plena Noite,Crescente,Nublado,Dupla,Reta,Sim,2,0,0,1,1,0,1,2,-27.00218,-48.636433,SPRF-SC,DEL04-SC,UOP03-DEL04-SC,2022
"422709,0",2022-03-25,sexta-feira,19:30:00,SC,282,"571,8",PINHALZINHO,Iluminação deficiente,Colisão transversal,Com Vítimas Feridas,Plena Noite,Decrescente,Céu Claro,Simples,Reta,Não,3,0,2,0,1,0,2,2,-26.883053,-52.939816,SPRF-SC,DEL07-SC,UOP02-DEL07-SC,2022
"422713,0",2022-03-25,sexta-feira,21:30:00,SC,101,"127,1",ITAJAI,Pedestre andava na pista,Atropelamento de Pedestre,Com Vítimas Feridas,Plena Noite,Decrescente,Céu Claro,Dupla,Reta,Sim,2,0,0,1,0,1,1,2,-26.9639319,-48.68328024,SPRF-SC,DEL04-SC,UOP04-DEL04-SC,2022
"422724,0",2022-03-25,sexta-feira,21:45:00,SC,470,"144,9",RIO DO SUL,Condutor deixou de manter distância do veículo da frente,Colisão transversal,Sem Vítimas,Plena Noite,Crescente,Chuva,Simples,Reta,Não,3,0,0,0,2,1,0,3,-27.235138,-49.677608,SPRF-SC,DEL04-SC,UOP02-DEL04-SC,2022
"422765,0",2022-03-26,sábado,00:00:00,SC,470,"144,8",RIO DO SUL,Ingestão de álcool pelo condutor,Colisão frontal,Com Vítimas Feridas,Plena Noite,Crescente,Nublado,Simples,Reta,Sim,3,0,0,1,1,1,1,3,-27.235138,-49.677608,SPRF-SC,DEL04-SC,UOP02-DEL04-SC,2022
"422821,0",2022-03-26,sábado,10:40:00,SC,470,"66,0",INDAIAL,Pedestre andava na pista,Atropelamento de Pedestre,Com Vítimas Feridas,Pleno dia,Crescente,Céu Claro,Simples,Reta,Sim,3,0,0,1,1,2,1,4,-26.870407,-49.221844,SPRF-SC,DEL04-SC,UOP01-DEL04-SC,2022
"422910,0",2022-03-26,sábado,21:30:00,SC,101,"138,3",BALNEARIO CAMBORIU,Velocidade Incompatível,Colisão lateral mesmo sentido,Com Vítimas Feridas,Plena Noite,Decrescente,Céu Claro,Múltipla,Curva,Sim,5,0,0,2,1,3,2,5,-27.02397426,-48.60761649,SPRF-SC,DEL04-SC,UOP03-DEL04-SC,2022
"423101,0",2022-03-27,domingo,20:20:00,SC,101,"46,0",JOINVILLE,Manobra de mudança de faixa,Colisão lateral mesmo sentido,Sem Vítimas,Plena Noite,Crescente,Nublado,Dupla,Curva,Não,3,0,0,0,1,2,0,3,-26.33150083,-48.86187762,SPRF-SC,DEL03-SC,UOP01-DEL03-SC,2022
"423272,0",2022-03-28,segunda-feira,14:45:00,SC,470,"144,9",RIO DO SUL,Transitar na contramão,Colisão lateral sentido oposto,Com Vítimas Feridas,Pleno dia,Decrescente,Sol,Simples,Curva,Sim,5,0,1,0,3,2,1,6,-27.23219176,-49.67146933,SPRF-SC,DEL04-SC,UOP02-DEL04-SC,2022
"423305,0",2022-03-28,segunda-feira,18:35:00,SC,470,"11,0",NAVEGANTES,Transitar no acostamento,Colisão transversal,Com Vítimas Feridas,Anoitecer,Decrescente,Céu Claro,Simples,Interseção de Vias;Reta;Em Obras,Não,3,0,2,0,1,0,2,2,-26.834309,-48.747269,SPRF-SC,DEL04-SC,UOP04-DEL04-SC,2022
"423336,0",2022-03-28,segunda-feira,21:00:00,SC,116,"124,0",SANTA CECILIA,Curva acentuada,Saída de leito carroçável,Com Vítimas Feridas,Plena Noite,Crescente,Nublado,Simples,Curva,Não,1,0,1,0,0,0,1,1,-26.85025694,-50.40504834,SPRF-SC,DEL06-SC,UOP02-DEL06-SC,2022
"423347,0",2022-03-29,terça-feira,01:31:00,SC,101,"192,0",BIGUACU,Condutor Dormindo,Tombamento,Com Vítimas Feridas,Plena Noite,Decrescente,Nublado,Múltipla,Curva,Sim,2,0,0,1,0,1,1,2,-27.48443781,-48.64765238,SPRF-SC,DEL01-SC,UOP01-DEL01-SC,2022
"423354,0",2022-03-29,terça-feira,06:05:00,SC,470,"61,6",BLUMENAU,Condutor Dormindo,Colisão frontal,Com Vítimas Feridas,Amanhecer,Crescente,Nublado,Simples,Curva,Sim,3,0,1,1,0,1,2,3,-26.87583716,-49.18076992,SPRF-SC,DEL04-SC,UOP01-DEL04-SC,2022
"423360,0",2022-03-27,domingo,08:00:00,SC,282,"537,0",CHAPECO,Carga excessiva e/ou mal acondicionada,Derramamento de carga,Sem Vítimas,Amanhecer,Decrescente,Céu Claro,Simples,Reta,Não,2,0,0,0,1,2,0,3,-26.99623718,-52.6763553,SPRF-SC,DEL07-SC,UOP01-DEL07-SC,2022
"423365,0",2022-03-29,terça-feira,07:15:00,SC,101,"121,6",ITAJAI,Condutor deixou de manter distância do veículo da frente,Colisão traseira,Com Vítimas Feridas,Pleno dia,Crescente,Nublado,Dupla,Reta,Sim,3,0,1,0,1,1,1,3,-26.92103178,-48.70856446,SPRF-SC,DEL04-SC,UOP04-DEL04-SC,2022
"423374,0",2022-03-29,terça-feira,09:04:00,SC,282,"516,6",XAXIM,Velocidade Incompatível,Colisão traseira,Com Vítimas Feridas,Pleno dia,Crescente,Céu Claro,Simples,Reta,Não,7,0,3,0,3,1,3,5,-26.930862,-52.499157,SPRF-SC,DEL07-SC,UOP01-DEL07-SC,2022
"423407,0",2022-03-29,terça-feira,13:20:00,SC,480,"126,8",CHAPECO,Desrespeitar a preferência no cruzamento,Colisão transversal,Com Vítimas Feridas,Pleno dia,Decrescente,Sol,Simples,Interseção de Vias,Sim,2,0,0,1,1,0,1,2,-27.020083,-52.636024,SPRF-SC,DEL07-SC,UOP01-DEL07-SC,2022
"423408,0",2022-03-29,terça-feira,12:00:00,SC,101,"35,5",JOINVILLE,Manobra de mudança de faixa,Colisão com objeto,Com Vítimas Feridas,Pleno dia,Crescente,Céu Claro,Dupla,Reta,Não,2,0,1,0,0,1,1,2,-26.2411301,-48.91227415,SPRF-SC,DEL03-SC,UOP01-DEL03-SC,2022
"423488,0",2022-03-29,terça-feira,10:10:00,SC,282,"137,2",BOM RETIRO,Velocidade Incompatível,Saída de leito carroçável,Sem Vítimas,Pleno dia,Decrescente,Céu Claro,Simples,Rotatória,Não,2,0,0,0,1,1,0,2,-27.823,-49.5705,SPRF-SC,DEL05-SC,UOP01-DEL05-SC,2022
"423493,0",2022-03-30,quarta-feira,01:55:00,SC,282,"80,5",RANCHO QUEIMADO,Demais falhas mecânicas ou elétricas,Incêndio,Sem Vítimas,Plena Noite,Crescente,Nevoeiro/Neblina,Simples,Curva,Não,1,0,0,0,1,0,0,1,-27.661347,-49.164067,SPRF-SC,DEL01-SC,UOP03-DEL01-SC,2022
"423518,0",2022-03-30,quarta-feira,05:50:00,SC,470,"126,9",LONTRAS,Ultrapassagem Indevida,Saída de leito carroçável,Com Vítimas Feridas,Amanhecer,Decrescente,Nublado,Simples,Reta,Não,3,0,1,0,1,1,1,3,-27.129,-49.538277,SPRF-SC,DEL04-SC,UOP02-DEL04-SC,2022
"423593,0",2022-03-30,quarta-feira,12:00:00,SC,280,"66,5",JARAGUA DO SUL,Transitar no acostamento,Colisão traseira,Com Vítimas Feridas,Pleno dia,Decrescente,Nublado,Simples,Reta,Sim,3,0,0,1,0,2,1,3,-26.47465182,-49.10828054,SPRF-SC,DEL03-SC,UOP03-DEL03-SC,2022
"423609,0",2022-03-30,quarta-feira,18:40:00,SC,101,"210,0",SAO JOSE,Ausência de reação do condutor,Colisão lateral mesmo sentido,Com Vítimas Feridas,Plena Noite,Crescente,Nublado,Múltipla,Reta,Sim,2,0,1,0,1,0,1,2,-27.6167305,-48.6457265,SPRF-SC,DEL01-SC,UOP01-DEL01-SC,2022
"423619,0",2022-02-18,sexta-feira,17:00:00,SC,470,"7,0",NAVEGANTES,Acessar a via sem observar a presença dos outros veículos,Colisão transversal,Sem Vítimas,Pleno dia,Crescente,Céu Claro,Simples,Interseção de Vias,Não,2,0,0,0,2,0,0,2,-26.9315655,-48.6935223,SPRF-SC,DEL04-SC,UOP04-DEL04-SC,2022
"423626,0",2022-03-30,quarta-feira,17:25:00,SC,153,"53,5",IRANI,Frear bruscamente,Colisão traseira,Com Vítimas Feridas,Pleno dia,Crescente,Nublado,Simples,Reta,Não,3,0,1,0,1,2,1,4,-26.93777154,-51.81944668,SPRF-SC,DEL07-SC,UOP05-DEL07-SC,2022
"423633,0",2022-03-30,quarta-feira,19:00:00,SC,470,"200,2",PONTE ALTA,Velocidade Incompatível,Colisão transversal,Sem Vítimas,Plena Noite,Decrescente,Nublado,Simples,Reta,Não,6,0,0,0,5,1,0,3,-27.305405,-50.136627,SPRF-SC,DEL05-SC,UOP03-DEL05-SC,2022
"423644,0",2022-03-30,quarta-feira,19:00:00,SC,280,"13,4",SAO FRANCISCO DO SUL,Ultrapassagem Indevida,Colisão frontal,Com Vítimas Fatais,Plena Noite,Crescente,Nublado,Simples,Reta,Não,4,1,0,0,2,4,0,7,-26.32171113,-48.64798666,SPRF-SC,DEL03-SC,UOP03-DEL03-SC,2022
"423646,0",2022-03-30,quarta-feira,17:00:00,SC,280,"21,7",ARAQUARI,Condutor deixou de manter distância do veículo da frente,Colisão traseira,Com Vítimas Feridas,Pleno dia,Crescente,Céu Claro,Simples,Reta,Sim,3,0,0,1,1,3,1,5,-26.37043169,-48.69219602,SPRF-SC,DEL03-SC,UOP03-DEL03-SC,2022
"423662,0",2022-03-31,quinta-feira,01:10:00,SC,101,"451,0",SAO JOAO DO SUL,Ingestão de álcool pelo condutor,Colisão frontal,Com Vítimas Feridas,Plena Noite,Crescente,Nublado,Dupla,Interseção de Vias;Curva,Não,2,0,1,0,1,0,1,2,-29.17982211,-49.75464372,SPRF-SC,DEL02-SC,UOP02-DEL02-SC,2022
"423710,0",2022-03-31,quinta-feira,07:05:00,SC,116,"176,0",SAO CRISTOVAO DO SUL,Demais falhas mecânicas ou elétricas,Tombamento,Sem Vítimas,Pleno dia,Crescente,Nublado,Simples,Curva,Não,2,0,0,0,1,2,0,3,-27.24164321,-50.46329137,SPRF-SC,DEL05-SC,UOP03-DEL05-SC,2022
"423767,0",2022-03-31,quinta-feira,16:20:00,SC,101,"215,0",PALHOCA,Manobra de mudança de faixa,Colisão lateral mesmo sentido,Com Vítimas Feridas,Pleno dia,Crescente,Céu Claro,Dupla,Declive,Sim,2,0,1,0,1,0,1,2,-27.65184843,-48.67604941,SPRF-SC,DEL01-SC,UOP02-DEL01-SC,2022
"423770,0",2022-03-31,quinta-feira,14:55:00,SC,282,"377,5",HERVAL DOESTE,Condutor deixou de manter distância do veículo da frente,Colisão traseira,Com Vítimas Feridas,Pleno dia,Decrescente,Nublado,Simples,Reta,Não,3,0,1,0,1,1,1,3,-27.217245,-51.46933,SPRF-SC,DEL07-SC,UOP05-DEL07-SC,2022
"423828,0",2022-03-31,quinta-feira,23:55:00,SC,470,"20,0",ILHOTA,Condutor Dormindo,Tombamento,Com Vítimas Feridas,Plena Noite,Decrescente,Garoa/Chuvisco,Dupla,Reta,Não,2,0,1,0,0,1,1,2,-26.870115,-48.820484,SPRF-SC,DEL04-SC,UOP04-DEL04-SC,2022
"423843,0",2022-04-01,sexta-feira,04:45:00,SC,101,"124,0",ITAJAI,Condutor deixou de manter distância do veículo da frente,Colisão lateral mesmo sentido,Com Vítimas Feridas,Plena Noite,Decrescente,Garoa/Chuvisco,Múltipla,Curva,Não,3,0,1,0,1,2,1,4,-26.94335064,-48.69198648,SPRF-SC,DEL04-SC,UOP04-DEL04-SC,2022
"423852,0",2022-04-01,sexta-feira,06:15:00,SC,101,"194,0",BIGUACU,Manobra de mudança de faixa,Colisão lateral mesmo sentido,Sem Vítimas,Amanhecer,Crescente,Céu Claro,Dupla,Reta,Sim,2,0,0,0,2,0,0,2,-27.49815117,-48.65661236,SPRF-SC,DEL01-SC,UOP01-DEL01-SC,2022
"423920,0",2022-04-01,sexta-feira,12:22:00,SC,280,"26,9",ARAQUARI,Demais falhas mecânicas ou elétricas,Colisão com objeto,Com Vítimas Feridas,Pleno dia,Decrescente,Céu Claro,Simples,Reta,Sim,3,0,0,2,1,0,2,2,-26.38972308,-48.73411593,SPRF-SC,DEL03-SC,UOP03-DEL03-SC,2022
"423926,0",2022-04-01,sexta-feira,15:00:00,SC,470,"62,9",INDAIAL,Conversão proibida,Colisão lateral mesmo sentido,Com Vítimas Feridas,Pleno dia,Decrescente,Nublado,Simples,Reta,Não,2,0,1,0,1,0,1,2,-26.874521,-49.182938,SPRF-SC,DEL04-SC,UOP01-DEL04-SC,2022
"424005,0",2022-04-01,sexta-feira,20:50:00,SC,282,"257,0",SAO JOSE DO CERRITO,Velocidade Incompatível,Tombamento,Com Vítimas Feridas,Plena Noite,Decrescente,Chuva,Simples,Curva,Não,1,0,1,0,0,0,1,1,-27.65554323,-50.59642576,SPRF-SC,DEL05-SC,UOP02-DEL05-SC,2022
"424050,0",2022-04-02,sábado,04:08:00,SC,470,"59,0",BLUMENAU,Ultrapassagem Indevida,Colisão frontal,Com Vítimas Feridas,Plena Noite,Decrescente,Chuva,Simples,Reta,Sim,3,0,1,2,0,0,3,2,-26.882812,-49.1548,SPRF-SC,DEL04-SC,UOP01-DEL04-SC,2022
"424063,0",2022-04-02,sábado,04:15:00,SC,282,"403,0",JOACABA,Condutor Dormindo,Colisão lateral sentido oposto,Com Vítimas Feridas,Plena Noite,Decrescente,Céu Claro,Simples,Curva,Não,6,0,2,1,2,1,3,3,-27.108929,-51.635838,SPRF-SC,DEL07-SC,UOP05-DEL07-SC,2022
"424108,0",2022-04-02,sábado,10:40:00,SC,282,"596,0",CUNHA PORA,Acessar a via sem observar a presença dos outros veículos,Colisão traseira,Com Vítimas Feridas,Pleno dia,Decrescente,Sol,Dupla,Curva,Não,5,0,2,0,2,2,2,4,-26.829437,-53.127995,SPRF-SC,DEL07-SC,UOP02-DEL07-SC,2022
"424210,0",2022-04-02,sábado,18:20:00,SC,470,"174,4",POUSO REDONDO,Manobra de mudança de faixa,Colisão lateral mesmo sentido,Sem Vítimas,Plena Noite,Decrescente,Chuva,Simples,Reta,Sim,3,0,0,0,2,1,0,3,-27.258179,-49.929146,SPRF-SC,DEL04-SC,UOP02-DEL04-SC,2022
"424255,0",2022-04-02,sábado,22:10:00,SC,116,"8,8",MAFRA,Condutor deixou de manter distância do veículo da frente,Colisão lateral mesmo sentido,Com Vítimas Feridas,Plena Noite,Crescente,Nublado,Simples,Reta,Não,5,0,2,0,2,2,2,4,-26.15748603,-49.83898198,SPRF-SC,DEL06-SC,UOP01-DEL06-SC,2022
"424283,0",2022-04-03,domingo,03:00:00,SC,101,"136,9",BALNEARIO CAMBORIU,Ingestão de álcool pelo condutor,Colisão traseira,Com Vítimas Feridas,Plena Noite,Decrescente,Nublado,Dupla,Reta,Sim,5,0,3,0,1,1,3,3,-27.008113,-48.617245,SPRF-SC,DEL04-SC,UOP03-DEL04-SC,2022
"424287,0",2022-04-03,domingo,02:55:00,SC,101,"136,6",BALNEARIO CAMBORIU,Ausência de reação do condutor,Colisão traseira,Com Vítimas Feridas,Plena Noite,Decrescente,Nublado,Dupla,Reta,Sim,4,0,0,3,1,0,3,2,-27.008113,-48.617245,SPRF-SC,DEL04-SC,UOP03-DEL04-SC,2022
"424487,0",2022-04-03,domingo,16:10:00,SC,282,"510,8",XANXERE,Condutor deixou de manter distância do veículo da frente,Colisão traseira,Sem Vítimas,Pleno dia,Decrescente,Céu Claro,Simples,Reta,Não,3,0,0,0,2,1,0,3,-26.897114,-52.463585,SPRF-SC,DEL07-SC,UOP01-DEL07-SC,2022
"424603,0",2022-04-04,segunda-feira,12:50:00,SC,280,"188,0",MAFRA,Velocidade Incompatível,Colisão frontal,Com Vítimas Feridas,Pleno dia,Crescente,Chuva,Simples,Curva,Não,3,0,2,0,0,1,2,3,-26.17143885,-49.9631671,SPRF-SC,DEL06-SC,UOP01-DEL06-SC,2022
"424646,0",2022-04-04,segunda-feira,21:20:00,SC,470,"129,3",LONTRAS,Pedestre andava na pista,Atropelamento de Pedestre,Com Vítimas Fatais,Plena Noite,Decrescente,Nublado,Simples,Reta,Não,3,1,0,0,0,2,0,2,-27.151358,-49.556393,SPRF-SC,DEL04-SC,UOP02-DEL04-SC,2022
"424659,0",2022-04-04,segunda-feira,23:30:00,SC,101,"276,4",IMBITUBA,Ausência de reação do condutor,Colisão traseira,Com Vítimas Feridas,Plena Noite,Decrescente,Garoa/Chuvisco,Múltipla,Reta;Aclive,Sim,3,0,1,0,1,3,1,5,-28.14856388,-48.69185871,SPRF-SC,DEL02-SC,UOP03-DEL02-SC,2022
"424722,0",2022-04-05,terça-feira,11:30:00,SC,101,"144,0",ITAPEMA,Condutor deixou de manter distância do veículo da frente,Colisão traseira,Com Vítimas Feridas,Pleno dia,Crescente,Céu Claro,Dupla,Reta,Sim,4,0,1,0,3,0,1,4,-27.0732659,-48.59672716,SPRF-SC,DEL04-SC,UOP03-DEL04-SC,2022
"424788,0",2022-04-05,terça-feira,18:25:00,SC,101,"435,0",SOMBRIO,Ausência de reação do condutor,Colisão lateral mesmo sentido,Com Vítimas Feridas,Plena Noite,Crescente,Céu Claro,Dupla,Reta,Sim,2,0,0,1,1,0,1,2,-29.09949414,-49.63480552,SPRF-SC,DEL02-SC,UOP02-DEL02-SC,2022
"424791,0",2022-04-05,terça-feira,19:10:00,SC,101,"464,0",PASSO DE TORRES,Acessar a via sem observar a presença dos outros veículos,Colisão lateral mesmo sentido,Com Vítimas Feridas,Plena Noite,Decrescente,Céu Claro,Dupla,Curva,Sim,3,0,1,0,1,1,1,3,-29.29019213,-49.75878382,SPRF-RS,DEL03-RS,UOP02-DEL03-RS,2022
"424814,0",2022-04-05,terça-feira,19:25:00,SC,101,"133,0",BALNEARIO CAMBORIU,Acessar a via sem observar a presença dos outros veículos,Colisão lateral mesmo sentido,Sem Vítimas,Pleno dia,Crescente,Céu Claro,Dupla,Reta,Não,3,0,0,0,2,1,0,3,-26.99936,-48.64609,SPRF-SC,DEL04-SC,UOP03-DEL04-SC,2022
"424836,0",2022-04-05,terça-feira,21:30:00,SC,116,"49,0",PAPANDUVA,Acessar a via sem observar a presença dos outros veículos,Colisão transversal,Com Vítimas Feridas,Plena Noite,Decrescente,Céu Claro,Simples,Reta,Não,6,0,1,0,4,1,1,3,-26.37076692,-50.1256021,SPRF-SC,DEL06-SC,UOP01-DEL06-SC,2022
"424885,0",2022-04-06,quarta-feira,10:30:00,SC,282,"35,3",AGUAS MORNAS,Demais falhas mecânicas ou elétricas,Colisão lateral sentido oposto,Com Vítimas Feridas,Pleno dia,Crescente,Nublado,Simples,Curva,Não,4,0,1,0,2,1,1,3,-27.702084,-48.826664,SPRF-SC,DEL01-SC,UOP03-DEL01-SC,2022
"425021,0",2022-04-06,quarta-feira,23:45:00,SC,101,"319,2",PESCARIA BRAVA,Condutor Dormindo,Colisão traseira,Com Vítimas Feridas,Plena Noite,Crescente,Céu Claro,Múltipla,Reta,Não,4,0,2,0,1,2,2,4,-28.42978736,-48.87148792,SPRF-SC,DEL02-SC,UOP01-DEL02-SC,2022
"426072,0",2022-04-07,quinta-feira,17:00:00,SC,280,"127,0",RIO NEGRINHO,Demais falhas mecânicas ou elétricas,Colisão com objeto,Sem Vítimas,Anoitecer,Decrescente,Nublado,Simples,Reta,Sim,2,0,0,0,1,1,0,2,-26.23943953,-49.50420708,SPRF-SC,DEL06-SC,UOP03-DEL06-SC,2022
"426176,0",2022-04-07,quinta-feira,15:00:00,SC,282,"536,8",CHAPECO,Condutor deixou de manter distância do veículo da frente,Colisão traseira,Com Vítimas Feridas,Pleno dia,Crescente,Chuva,Simples,Declive,Não,3,0,1,0,2,0,1,2,-27.000677,-52.653439,SPRF-SC,DEL07-SC,UOP01-DEL07-SC,2022
"426629,0",2022-04-03,domingo,07:00:00,SC,158,"143,9",PALMITOS,Ingestão de álcool pelo condutor,Colisão frontal,Com Vítimas Fatais,Pleno dia,Decrescente,Garoa/Chuvisco,Simples,Ponte;Curva,Não,4,1,0,0,2,1,0,3,-27.1441163,-53.2129147,SPRF-SC,DEL07-SC,UOP02-DEL07-SC,2022
"426975,0",2022-04-08,sexta-feira,07:50:00,SC,280,"93,0",CORUPA,Reação tardia ou ineficiente do condutor,Colisão frontal,Com Vítimas Feridas,Pleno dia,Crescente,Garoa/Chuvisco,Simples,Curva,Não,4,0,1,0,2,1,1,4,-26.39962904,-49.29783103,SPRF-SC,DEL06-SC,UOP03-DEL06-SC,2022
"429938,0",2022-04-08,sexta-feira,19:20:00,SC,101,"131,0",BALNEARIO CAMBORIU,Velocidade Incompatível,Engavetamento,Com Vítimas Feridas,Plena Noite,Crescente,Chuva,Dupla,Declive,Não,6,0,3,0,2,1,3,5,-26.99064209,-48.66310912,SPRF-SC,DEL04-SC,UOP03-DEL04-SC,2022
"442667,0",2022-04-10,domingo,19:00:00,SC,282,"587,0",PINHALZINHO,Ingestão de álcool pelo condutor,Colisão com objeto,Sem Vítimas,Plena Noite,Crescente,Nublado,Simples,Curva,Não,1,0,0,0,1,0,0,1,-26.830677,-53.04443,SPRF-SC,DEL07-SC,UOP02-DEL07-SC,2022
"442757,0",2022-04-11,segunda-feira,03:25:00,SC,280,"2,5",SAO FRANCISCO DO SUL,Reação tardia ou ineficiente do condutor,Colisão frontal,Com Vítimas Fatais,Plena Noite,Crescente,Garoa/Chuvisco,Simples,Reta,Sim,7,1,4,0,0,2,4,3,-26.241363,-48.6173748,SPRF-SC,DEL03-SC,UOP03-DEL03-SC,2022
"442769,0",2022-04-10,domingo,10:30:00,SC,470,"53,3",BLUMENAU,Transitar na contramão,Colisão frontal,Com Vítimas Feridas,Pleno dia,Crescente,Nublado,Simples,Reta,Sim,4,0,1,1,1,2,2,4,-26.867121,-49.102066,SPRF-SC,DEL04-SC,UOP01-DEL04-SC,2022
"442770,0",2022-04-11,segunda-feira,06:15:00,SC,280,"50,0",GUARAMIRIM,Reação tardia ou ineficiente do condutor,Colisão transversal,Com Vítimas Feridas,Amanhecer,Crescente,Nublado,Simples,Reta,Sim,4,0,2,0,2,0,2,4,-26.46379956,-48.95111007,SPRF-SC,DEL03-SC,UOP03-DEL03-SC,2022