id,data_inversa,dia_semana,horario,uf,br,km,municipio,causa_acidente,tipo_acidente,classificacao_acidente,fase_dia,sentido_via,condicao_metereologica,tipo_pista,tracado_via,uso_solo,pessoas,mortos,feridos_leves,feridos_graves,ilesos,ignorados,feridos,veiculos,latitude,longitude,regional,delegacia,uop,ano_arquivo
"442774,0",2022-04-11,segunda-feira,04:45:00,SC,470,"111,3",APIUNA,Velocidade Incompatível,Colisão lateral sentido oposto,Sem Vítimas,Plena Noite,Crescente,Garoa/Chuvisco,Simples,Curva,Não,2,0,0,0,2,0,0,2,-27.095388,-49.457878,SPRF-SC,DEL04-SC,UOP02-DEL04-SC,2022
"442814,0",2022-04-11,segunda-feira,07:55:00,SC,101,"194,9",BIGUACU,Demais falhas mecânicas ou elétricas,Eventos atípicos,Com Vítimas Feridas,Pleno dia,Crescente,Garoa/Chuvisco,Múltipla,Reta,Sim,7,0,2,0,4,1,2,6,-27.49815117,-48.65661236,SPRF-SC,DEL01-SC,UOP01-DEL01-SC,2022
"442832,0",2022-04-07,quinta-feira,10:45:00,SC,101,"136,0",BALNEARIO CAMBORIU,Condutor deixou de manter distância do veículo da frente,Colisão com objeto,Sem Vítimas,Pleno dia,Crescente,Céu Claro,Simples,Reta,Sim,4,0,0,0,3,1,0,4,-27.01407432,-48.6130482,SPRF-SC,DEL04-SC,UOP03-DEL04-SC,2022
"442850,0",2022-04-09,sábado,10:20:00,SC,101,"84,8",BARRA VELHA,Reação tardia ou ineficiente do condutor,Engavetamento,Com Vítimas Feridas,Pleno dia,Crescente,Céu Claro,Dupla,Reta,Sim,12,0,2,2,7,1,4,5,-26.62404682,-48.71394986,SPRF-SC,DEL03-SC,UOP02-DEL03-SC,2022
"442883,0",2022-04-10,domingo,00:31:00,SC,282,"126,7",BOM RETIRO,Transitar na contramão,Colisão lateral sentido oposto,Com Vítimas Fatais,Plena Noite,Decrescente,Nevoeiro/Neblina,Simples,Reta,Não,6,1,4,0,1,0,4,3,-27.79994,-49.47589,SPRF-SC,DEL05-SC,UOP01-DEL05-SC,2022
"442888,0",2022-04-09,sábado,06:10:00,SC,470,"62,7",BLUMENAU,Condutor Dormindo,Colisão frontal,Com Vítimas Feridas,Pleno dia,Decrescente,Nublado,Simples,Curva,Não,4,0,2,2,0,0,4,2,-26.874521,-49.182938,SPRF-SC,DEL04-SC,UOP01-DEL04-SC,2022
"442961,0",2022-04-11,segunda-feira,16:50:00,SC,101,"144,0",ITAPEMA,Ausência de reação do condutor,Colisão com objeto,Com Vítimas Feridas,Pleno dia,Decrescente,Garoa/Chuvisco,Dupla,Reta,Sim,1,0,1,0,0,0,1,1,-27.0732659,-48.59672716,SPRF-SC,DEL04-SC,UOP03-DEL04-SC,2022
"442962,0",2022-04-11,segunda-feira,17:10:00,SC,101,"132,0",BALNEARIO CAMBORIU,Reação tardia ou ineficiente do condutor,Colisão lateral mesmo sentido,Sem Vítimas,Pleno dia,Crescente,Nublado,Simples,Interseção de Vias,Sim,3,0,0,0,2,1,0,3,-26.99654133,-48.65564711,SPRF-SC,DEL04-SC,UOP03-DEL04-SC,2022
"442977,0",2022-04-11,segunda-feira,17:15:00,SC,101,"120,0",ITAJAI,Manobra de mudança de faixa,Colisão traseira,Com Vítimas Feridas,Anoitecer,Crescente,Céu Claro,Dupla,Reta,Não,2,0,1,0,1,0,1,2,-26.912758,-48.711998,SPRF-SC,DEL04-SC,UOP04-DEL04-SC,2022
"443000,0",2022-04-11,segunda-feira,19:00:00,SC,470,"45,0",BLUMENAU,Ingestão de álcool ou de substâncias psicoativas pelo pedestre,Colisão transversal,Sem Vítimas,Plena Noite,Crescente,Nublado,Simples,Reta,Não,2,0,0,0,2,0,0,2,-26.86201,-49.03472,SPRF-SC,DEL04-SC,UOP01-DEL04-SC,2022
"443002,0",2022-04-11,segunda-feira,19:20:00,SC,101,"48,7",JOINVILLE,Manobra de mudança de faixa,Colisão lateral mesmo sentido,Com Vítimas Feridas,Plena Noite,Decrescente,Garoa/Chuvisco,Dupla,Reta,Não,6,0,2,0,2,3,2,5,-26.35345909,-48.85867862,SPRF-SC,DEL03-SC,UOP01-DEL03-SC,2022
"443040,0",2022-04-11,segunda-feira,21:15:00,SC,282,"341,5",CAMPOS NOVOS,Ingestão de álcool pelo condutor,Colisão frontal,Com Vítimas Feridas,Plena Noite,Crescente,Nublado,Simples,Aclive;Reta,Sim,3,0,1,0,1,1,1,3,-27.389957,-51.213387,SPRF-SC,DEL07-SC,UOP06-DEL07-SC,2022
"443049,0",2022-04-11,segunda-feira,23:20:00,SC,282,"22,0",SANTO AMARO DA IMPERATRIZ,Ausência de reação do condutor,Colisão lateral sentido oposto,Com Vítimas Feridas,Plena Noite,Decrescente,Nublado,Simples,Reta,Sim,2,0,1,0,0,1,1,2,-27.688507,-48.72739,SPRF-SC,DEL01-SC,UOP02-DEL01-SC,2022
"443050,0",2022-04-12,terça-feira,00:10:00,SC,282,"524,9",XAXIM,Ingestão de álcool pelo condutor,Colisão lateral sentido oposto,Com Vítimas Feridas,Plena Noite,Crescente,Chuva,Simples,Reta,Não,5,0,3,0,1,1,3,3,-26.965002,-52.557384,SPRF-SC,DEL07-SC,UOP01-DEL07-SC,2022
"443063,0",2022-04-12,terça-feira,05:45:00,SC,101,"135,0",BALNEARIO CAMBORIU,Ausência de reação do condutor,Colisão traseira,Com Vítimas Feridas,Pleno dia,Crescente,Céu Claro,Dupla,Reta,Sim,4,0,1,0,3,0,1,4,-27.0050108,-48.62677494,SPRF-SC,DEL04-SC,UOP03-DEL04-SC,2022
"443097,0",2022-04-12,terça-feira,12:02:00,SC,470,"114,1",IBIRAMA,Transitar na contramão,Colisão lateral sentido oposto,Com Vítimas Feridas,Pleno dia,Crescente,Nublado,Simples,Curva,Não,2,0,1,0,0,1,1,2,-27.086386,-49.478001,SPRF-SC,DEL04-SC,UOP02-DEL04-SC,2022
"443129,0",2022-04-12,terça-feira,07:50:00,SC,470,"288,0",BRUNOPOLIS,Ausência de reação do condutor,Saída de leito carroçável,Com Vítimas Feridas,Amanhecer,Crescente,Chuva,Simples,Reta,Não,2,0,1,0,0,1,1,2,-27.331753,-50.942055,SPRF-SC,DEL07-SC,UOP06-DEL07-SC,2022
"443195,0",2022-04-12,terça-feira,14:05:00,SC,101,"15,0",JOINVILLE,Ausência de reação do condutor,Colisão traseira,Com Vítimas Feridas,Pleno dia,Decrescente,Nublado,Dupla,Reta,Não,2,0,1,0,0,1,1,2,-26.10609917,-48.87224159,SPRF-SC,DEL03-SC,UOP01-DEL03-SC,2022
"443222,0",2022-04-12,terça-feira,15:15:00,SC,101,"71,2",ARAQUARI,Ausência de reação do condutor,Atropelamento de Pedestre,Com Vítimas Feridas,Pleno dia,Decrescente,Nublado,Dupla,Reta,Não,2,0,0,1,0,1,1,2,-26.51864822,-48.71874636,SPRF-SC,DEL03-SC,UOP02-DEL03-SC,2022
"443315,0",2022-04-13,quarta-feira,07:20:00,SC,101,"210,1",SAO JOSE,Reação tardia ou ineficiente do condutor,Colisão lateral mesmo sentido,Com Vítimas Feridas,Pleno dia,Decrescente,Céu Claro,Múltipla,Reta,Sim,2,0,0,1,1,0,1,2,-27.6167305,-48.6457265,SPRF-SC,DEL01-SC,UOP01-DEL01-SC,2022
"443420,0",2022-04-09,sábado,10:10:00,SC,282,"531,9",CORDILHEIRA ALTA,Velocidade Incompatível,Colisão frontal,Com Vítimas Feridas,Pleno dia,Crescente,Nublado,Simples,Curva,Não,2,0,0,1,1,0,1,2,-26.990747,-52.609776,SPRF-SC,DEL07-SC,UOP01-DEL07-SC,2022
"443422,0",2022-04-09,sábado,06:30:00,SC,282,"528,0",CORDILHEIRA ALTA,Velocidade Incompatível,Tombamento,Sem Vítimas,Pleno dia,Decrescente,Nublado,Simples,Curva,Não,2,0,0,0,1,1,0,2,-26.978798,-52.588566,SPRF-SC,DEL07-SC,UOP01-DEL07-SC,2022
"443468,0",2022-04-13,quarta-feira,11:50:00,SC,470,"141,1",RIO DO SUL,Acesso irregular,Colisão transversal,Com Vítimas Fatais,Pleno dia,Crescente,Céu Claro,Simples,Aclive;Reta,Sim,4,1,0,0,3,0,0,2,-27.207191,-49.648592,SPRF-SC,DEL04-SC,UOP02-DEL04-SC,2022
"443562,0",2022-04-13,quarta-feira,18:40:00,SC,282,"461,5",PONTE SERRADA,Acessar a via sem observar a presença dos outros veículos,Colisão transversal,Com Vítimas Feridas,Plena Noite,Crescente,Céu Claro,Simples,Reta,Sim,4,0,3,0,1,0,3,2,-26.86650603,-52.02288151,SPRF-SC,DEL07-SC,UOP04-DEL07-SC,2022
"443574,0",2022-04-13,quarta-feira,21:15:00,SC,101,"401,0",MARACAJA,Ausência de sinalização,Colisão traseira,Com Vítimas Feridas,Pleno dia,Decrescente,Chuva,Simples,Reta,Não,3,0,1,0,1,3,1,5,-28.85594274,-49.44019434,SPRF-SC,DEL02-SC,UOP02-DEL02-SC,2022
"443577,0",2022-04-13,quarta-feira,19:10:00,SC,280,"267,9",IRINEOPOLIS,Desrespeitar a preferência no cruzamento,Saída de leito carroçável,Sem Vítimas,Plena Noite,Decrescente,Garoa/Chuvisco,Simples,Reta,Não,3,0,0,0,2,1,0,3,-26.264107,-50.707958,SPRF-SC,DEL06-SC,UOP04-DEL06-SC,2022
"443629,0",2022-04-14,quinta-feira,04:50:00,SC,280,"32,0",ARAQUARI,Ausência de reação do condutor,Saída de leito carroçável,Com Vítimas Feridas,Amanhecer,Decrescente,Nublado,Simples,Curva,Não,2,0,1,0,0,1,1,2,-26.420618,-48.779335,SPRF-SC,DEL03-SC,UOP03-DEL03-SC,2022
"443724,0",2022-04-14,quinta-feira,17:20:00,SC,101,"199,2",SAO JOSE,Carga excessiva e/ou mal acondicionada,Colisão lateral mesmo sentido,Com Vítimas Feridas,Pleno dia,Crescente,Céu Claro,Dupla,Reta,Sim,3,0,1,0,1,1,1,3,-27.53413705,-48.63003205,SPRF-SC,DEL01-SC,UOP01-DEL01-SC,2022
"443758,0",2022-04-14,quinta-feira,15:15:00,SC,282,"349,0",CAMPOS NOVOS,Mal súbito do condutor,Colisão frontal,Com Vítimas Feridas,Pleno dia,Decrescente,Céu Claro,Simples,Reta,Não,4,0,0,1,1,2,1,4,-27.358049,-51.282482,SPRF-SC,DEL07-SC,UOP06-DEL07-SC,2022
"443810,0",2022-04-14,quinta-feira,16:40:00,SC,282,"492,0",FAXINAL DOS GUEDES,Reação tardia ou ineficiente do condutor,Tombamento,Com Vítimas Feridas,Pleno dia,Decrescente,Céu Claro,Simples,Curva,Não,2,0,1,0,0,1,1,2,-26.871534,-52.300915,SPRF-SC,DEL07-SC,UOP01-DEL07-SC,2022
"443834,0",2022-04-15,sexta-feira,00:20:00,SC,101,"224,5",PALHOCA,Condutor Dormindo,Engavetamento,Com Vítimas Feridas,Plena Noite,Decrescente,Nublado,Dupla,Reta,Sim,4,0,1,0,2,1,1,4,-27.71552634,-48.64881251,SPRF-SC,DEL01-SC,UOP02-DEL01-SC,2022
"443857,0",2022-04-15,sexta-feira,05:30:00,SC,101,"370,8",ICARA,Condutor Dormindo,Saída de leito carroçável,Com Vítimas Fatais,Amanhecer,Decrescente,Céu Claro,Dupla,Reta,Não,4,1,2,1,0,0,3,1,-28.711222,-49.213583,SPRF-SC,DEL02-SC,UOP01-DEL02-SC,2022
"443931,0",2022-02-09,quarta-feira,07:40:00,SC,101,"209,0",SAO JOSE,Manobra de mudança de faixa,Colisão traseira,Com Vítimas Feridas,Pleno dia,Decrescente,Céu Claro,Múltipla,Reta,Sim,4,0,0,1,1,3,1,5,-27.61000542,-48.63895057,SPRF-SC,DEL01-SC,UOP01-DEL01-SC,2022
"444052,0",2022-04-16,sábado,08:50:00,SC,101,"366,2",SANGAO,Demais falhas mecânicas ou elétricas,Saída de leito carroçável,Com Vítimas Feridas,Pleno dia,Crescente,Nublado,Dupla,Reta,Não,3,0,2,0,0,1,2,2,-28.68718511,-49.15621795,SPRF-SC,DEL02-SC,UOP01-DEL02-SC,2022
"444077,0",2022-04-16,sábado,14:10:00,SC,101,"95,3",BARRA VELHA,Demais falhas mecânicas ou elétricas,Incêndio,Sem Vítimas,Pleno dia,Crescente,Céu Claro,Dupla,Reta;Declive,Não,2,0,0,0,1,2,0,3,-26.70876413,-48.70221065,SPRF-SC,DEL03-SC,UOP02-DEL03-SC,2022
"444212,0",2022-04-17,domingo,07:20:00,SC,470,"68,0",INDAIAL,Ingestão de álcool pelo condutor,Colisão transversal,Com Vítimas Feridas,Pleno dia,Crescente,Nublado,Simples,Reta;Interseção de Vias;Em Obras;Declive,Sim,4,0,2,0,1,3,2,5,-26.87834163,-49.24026316,SPRF-SC,DEL04-SC,UOP01-DEL04-SC,2022
"444506,0",2022-04-15,sexta-feira,02:20:00,SC,101,"40,3",JOINVILLE,Condutor Dormindo,Colisão traseira,Sem Vítimas,Plena Noite,Crescente,Chuva,Dupla,Reta,Não,3,0,0,0,2,1,0,3,-26.30526476,-48.88152122,SPRF-SC,DEL03-SC,UOP01-DEL03-SC,2022
"444544,0",2022-04-18,segunda-feira,09:50:00,SC,153,"108,3",CONCORDIA,Reação tardia ou ineficiente do condutor,Tombamento,Com Vítimas Feridas,Pleno dia,Crescente,Sol,Simples,Curva,Não,2,0,1,0,1,0,1,1,-27.300037,-51.979839,SPRF-SC,DEL07-SC,UOP04-DEL07-SC,2022
"444686,0",2022-03-31,quinta-feira,00:10:00,SC,470,"193,7",POUSO REDONDO,Velocidade Incompatível,Tombamento,Com Vítimas Fatais,Plena Noite,Crescente,Chuva,Simples,Curva;Aclive,Não,3,1,0,1,0,2,1,4,-27.30101138,-50.07971764,SPRF-SC,DEL04-SC,UOP02-DEL04-SC,2022
"444769,0",2022-04-19,terça-feira,11:00:00,SC,282,"69,5",RANCHO QUEIMADO,Demais falhas mecânicas ou elétricas,Tombamento,Sem Vítimas,Pleno dia,Decrescente,Sol,Simples,Curva;Declive,Não,2,0,0,0,1,1,0,2,-27.692705,-49.091351,SPRF-SC,DEL01-SC,UOP03-DEL01-SC,2022
"444798,0",2022-04-19,terça-feira,17:10:00,SC,101,"117,8",ITAJAI,Acessar a via sem observar a presença dos outros veículos,Colisão transversal,Com Vítimas Feridas,Anoitecer,Decrescente,Céu Claro,Dupla,Interseção de Vias,Sim,2,0,1,0,1,0,1,2,-26.88747187,-48.72252969,SPRF-SC,DEL04-SC,UOP04-DEL04-SC,2022
"444805,0",2022-04-19,terça-feira,16:40:00,SC,101,"127,6",ITAJAI,Condutor deixou de manter distância do veículo da frente,Colisão traseira,Com Vítimas Feridas,Pleno dia,Crescente,Céu Claro,Dupla,Reta,Não,3,0,2,0,1,0,2,2,-26.9639319,-48.68328024,SPRF-SC,DEL04-SC,UOP04-DEL04-SC,2022
"444861,0",2022-04-19,terça-feira,23:45:00,SC,282,"169,0",BOCAINA DO SUL,Ingestão de álcool pelo condutor,Colisão lateral sentido oposto,Com Vítimas Feridas,Plena Noite,Decrescente,Nevoeiro/Neblina,Simples,Curva,Não,6,0,2,0,3,1,2,3,-27.740545,-49.833633,SPRF-SC,DEL05-SC,UOP01-DEL05-SC,2022
"444925,0",2022-04-09,sábado,07:45:00,SC,101,"216,0",PALHOCA,Reação tardia ou ineficiente do condutor,Colisão transversal,Com Vítimas Feridas,Pleno dia,Decrescente,Céu Claro,Múltipla,Reta;Interseção de Vias;Viaduto,Sim,2,0,0,1,1,0,1,2,-27.65981409,-48.67747798,SPRF-SC,DEL01-SC,UOP02-DEL01-SC,2022
"445000,0",2022-04-20,quarta-feira,16:50:00,SC,470,"11,0",NAVEGANTES,Condutor deixou de manter distância do veículo da frente,Engavetamento,Com Vítimas Feridas,Pleno dia,Decrescente,Céu Claro,Simples,Reta,Sim,4,0,1,0,3,0,1,3,-26.834309,-48.747269,SPRF-SC,DEL04-SC,UOP04-DEL04-SC,2022
"445001,0",2022-04-20,quarta-feira,17:15:00,SC,282,"52,0",AGUAS MORNAS,Demais falhas mecânicas ou elétricas,Incêndio,Sem Vítimas,Pleno dia,Decrescente,Nublado,Simples,Declive,Não,1,0,0,0,1,0,0,1,-27.696936,-48.964138,SPRF-SC,DEL01-SC,UOP03-DEL01-SC,2022
"445037,0",2022-04-20,quarta-feira,14:45:00,SC,470,"111,2",IBIRAMA,Velocidade Incompatível,Capotamento,Com Vítimas Feridas,Pleno dia,Decrescente,Céu Claro,Simples,Curva,Não,1,0,1,0,0,0,1,1,-27.09969432,-49.46127199,SPRF-SC,DEL04-SC,UOP02-DEL04-SC,2022
"445099,0",2022-03-03,quinta-feira,22:50:00,SC,101,"306,0",LAGUNA,Ingestão de álcool e/ou substâncias psicoativas pelo pedestre,Tombamento,Com Vítimas Feridas,Plena Noite,Crescente,Garoa/Chuvisco,Múltipla,Reta,Não,3,0,1,0,1,1,1,3,-28.39991064,-48.78567165,SPRF-SC,DEL02-SC,UOP03-DEL02-SC,2022
"445139,0",2022-04-21,quinta-feira,10:45:00,SC,470,"91,2",ASCURRA,Ultrapassagem Indevida,Colisão lateral sentido oposto,Com Vítimas Feridas,Pleno dia,Decrescente,Céu Claro,Simples,Reta,Sim,5,0,0,1,3,1,1,5,-26.98153611,-49.37148571,SPRF-SC,DEL04-SC,UOP01-DEL04-SC,2022
"445176,0",2022-04-21,quinta-feira,09:00:00,SC,282,"588,0",SAUDADES,Chuva,Saída de leito carroçável,Sem Vítimas,Pleno dia,Decrescente,Chuva,Dupla,Reta,Não,1,0,0,0,0,1,0,1,-26.826273,-53.052547,SPRF-SC,DEL07-SC,UOP02-DEL07-SC,2022
"445333,0",2022-04-22,sexta-feira,09:00:00,SC,470,"190,0",POUSO REDONDO,Reação tardia ou ineficiente do condutor,Saída de leito carroçável,Com Vítimas Feridas,Pleno dia,Decrescente,Céu Claro,Simples,Curva,Não,2,0,0,1,0,1,1,2,-27.281504,-50.069775,SPRF-SC,DEL04-SC,UOP02-DEL04-SC,2022
"445359,0",2022-04-22,sexta-feira,13:40:00,SC,163,"110,3",GUARUJA DO SUL,Manobra de mudança de faixa,Colisão transversal,Com Vítimas Feridas,Pleno dia,Crescente,Garoa/Chuvisco,Simples,Em Obras;Declive;Reta,Não,3,0,0,1,1,1,1,3,-26.40172014,-53.52458596,SPRF-SC,DEL07-SC,UOP03-DEL07-SC,2022
"445366,0",2022-04-22,sexta-feira,14:00:00,SC,282,"618,7",IRACEMINHA,Ausência de reação do condutor,Colisão frontal,Com Vítimas Feridas,Pleno dia,Decrescente,Chuva,Simples,Curva,Não,3,0,0,1,1,2,1,4,-26.788088,-53.293259,SPRF-SC,DEL07-SC,UOP02-DEL07-SC,2022
"445416,0",2022-04-22,sexta-feira,18:40:00,SC,116,"142,7",SANTA CECILIA,Transitar na contramão,Colisão frontal,Com Vítimas Feridas,Plena Noite,Decrescente,Chuva,Dupla,Reta,Não,3,0,2,0,1,0,2,2,-26.97880161,-50.3961135,SPRF-SC,DEL06-SC,UOP02-DEL06-SC,2022
"445423,0",2022-04-22,sexta-feira,22:10:00,SC,470,"111,4",IBIRAMA,Velocidade Incompatível,Tombamento,Com Vítimas Feridas,Plena Noite,Crescente,Chuva,Simples,Curva,Não,1,0,1,0,0,0,1,1,-27.095388,-49.457878,SPRF-SC,DEL04-SC,UOP02-DEL04-SC,2022
"445428,0",2022-04-22,sexta-feira,21:40:00,SC,101,"78,9",ARAQUARI,Avarias e/ou desgaste excessivo no pneu,Colisão traseira,Com Vítimas Fatais,Plena Noite,Crescente,Chuva,Dupla,Curva,Não,4,1,0,0,1,2,0,4,-26.587052,-48.721793,SPRF-SC,DEL03-SC,UOP02-DEL03-SC,2022
"445429,0",2022-04-22,sexta-feira,23:00:00,SC,470,"10,0",NAVEGANTES,Acesso irregular,Colisão transversal,Com Vítimas Feridas,Plena Noite,Crescente,Chuva,Simples,Reta;Interseção de Vias;Em Obras,Não,2,0,0,1,1,0,1,2,-26.833693,-48.73724,SPRF-SC,DEL04-SC,UOP04-DEL04-SC,2022
"445439,0",2022-04-22,sexta-feira,18:15:00,SC,470,"276,0",BRUNOPOLIS,Reação tardia ou ineficiente do condutor,Colisão frontal,Sem Vítimas,Plena Noite,Decrescente,Chuva,Simples,Reta;Aclive,Não,5,0,0,0,3,2,0,5,-27.329716,-50.823788,SPRF-SC,DEL07-SC,UOP06-DEL07-SC,2022
"445441,0",2022-04-23,sábado,01:30:00,SC,470,"111,0",APIUNA,Ausência de reação do condutor,Colisão frontal,Com Vítimas Feridas,Plena Noite,Decrescente,Chuva,Simples,Curva,Não,2,0,0,1,1,0,1,2,-27.095388,-49.457878,SPRF-SC,DEL04-SC,UOP02-DEL04-SC,2022
"445465,0",2022-04-23,sábado,05:05:00,SC,101,"265,7",PAULO LOPES,Manobra de mudança de faixa,Colisão lateral mesmo sentido,Sem Vítimas,Plena Noite,Decrescente,Nublado,Dupla,Reta,Sim,3,0,0,0,2,2,0,4,-28.06905225,-48.71427124,SPRF-SC,DEL02-SC,UOP03-DEL02-SC,2022
"445527,0",2022-04-23,sábado,12:21:00,SC,101,"113,7",ITAJAI,Trafegar com motocicleta (ou similar) entre as faixas,Colisão lateral mesmo sentido,Com Vítimas Feridas,Pleno dia,Decrescente,Sol,Dupla,Reta,Não,3,0,1,0,1,1,1,3,-26.85311393,-48.72689927,SPRF-SC,DEL04-SC,UOP04-DEL04-SC,2022
"445533,0",2022-04-23,sábado,14:00:00,SC,101,"201,1",SAO JOSE,Ausência de reação do condutor,Colisão traseira,Sem Vítimas,Pleno dia,Crescente,Céu Claro,Dupla,Reta,Não,2,0,0,0,2,0,0,2,-27.54836599,-48.61977975,SPRF-SC,DEL01-SC,UOP01-DEL01-SC,2022
"445555,0",2022-04-23,sábado,15:00:00,SC,101,"118,0",ITAJAI,Ingestão de álcool pelo condutor,Colisão transversal,Sem Vítimas,Pleno dia,Decrescente,Céu Claro,Dupla,Interseção de Vias;Reta,Não,3,0,0,0,2,1,0,3,-26.895859,-48.71903,SPRF-SC,DEL04-SC,UOP04-DEL04-SC,2022
"445791,0",2022-04-24,domingo,16:35:00,SC,153,"58,0",IRANI,Acessar a via sem observar a presença dos outros veículos,Colisão transversal,Com Vítimas Feridas,Pleno dia,Decrescente,Céu Claro,Simples,Interseção de Vias,Não,4,0,0,2,1,1,2,3,-26.96972762,-51.85402036,SPRF-SC,DEL07-SC,UOP05-DEL07-SC,2022
"445930,0",2022-04-25,segunda-feira,07:45:00,SC,101,"269,7",IMBITUBA,Condutor Dormindo,Saída de leito carroçável,Com Vítimas Feridas,Pleno dia,Crescente,Céu Claro,Múltipla,Reta,Não,4,0,2,0,1,2,2,4,-28.10297634,-48.70366042,SPRF-SC,DEL02-SC,UOP03-DEL02-SC,2022
"445961,0",2022-04-25,segunda-feira,09:50:00,SC,101,"29,3",JOINVILLE,Manobra de mudança de faixa,Colisão traseira,Com Vítimas Feridas,Pleno dia,Crescente,Céu Claro,Dupla,Reta,Sim,3,0,1,0,1,1,1,3,-26.211903,-48.91589904,SPRF-SC,DEL03-SC,UOP01-DEL03-SC,2022
"446034,0",2022-04-25,segunda-feira,17:15:00,SC,101,"425,5",ARARANGUA,Manobra de mudança de faixa,Colisão lateral mesmo sentido,Com Vítimas Feridas,Pleno dia,Decrescente,Sol,Dupla,Viaduto;Aclive;Curva,Sim,2,0,1,0,0,1,1,2,-29.02095789,-49.59124506,SPRF-SC,DEL02-SC,UOP02-DEL02-SC,2022
"446051,0",2022-04-25,segunda-feira,18:25:00,SC,101,"20,5",JOINVILLE,Ausência de reação do condutor,Colisão lateral mesmo sentido,Com Vítimas Feridas,Plena Noite,Decrescente,Céu Claro,Dupla,Reta,Sim,3,0,1,0,1,3,1,5,-26.140675,-48.902995,SPRF-SC,DEL03-SC,UOP01-DEL03-SC,2022
"446115,0",2022-04-26,terça-feira,06:15:00,SC,101,"311,5",LAGUNA,Manobra de mudança de faixa,Colisão lateral mesmo sentido,Com Vítimas Feridas,Amanhecer,Decrescente,Céu Claro,Múltipla,Reta,Não,3,0,1,0,1,1,1,3,-28.4409049,-48.818285,SPRF-SC,DEL02-SC,UOP01-DEL02-SC,2022
"446184,0",2022-04-11,segunda-feira,19:10:00,SC,101,"147,1",ITAPEMA,Pedestre cruzava a pista fora da faixa,Atropelamento de Pedestre,Com Vítimas Fatais,Plena Noite,Crescente,Céu Claro,Dupla,Reta;Ponte,Sim,2,1,0,0,1,0,0,2,-27.094016,-48.617804,SPRF-SC,DEL04-SC,UOP03-DEL04-SC,2022
"446202,0",2022-04-26,terça-feira,17:00:00,SC,101,"121,0",ITAJAI,Ausência de reação do condutor,Colisão lateral mesmo sentido,Com Vítimas Feridas,Pleno dia,Decrescente,Céu Claro,Múltipla,Reta,Não,2,0,0,1,1,0,1,2,-26.92103178,-48.70856446,SPRF-SC,DEL04-SC,UOP04-DEL04-SC,2022
"446300,0",2022-04-27,quarta-feira,07:15:00,SC,280,"238,6",CANOINHAS,Neblina,Colisão frontal,Com Vítimas Feridas,Amanhecer,Crescente,Nevoeiro/Neblina,Simples,Reta,Não,5,0,1,0,3,2,1,4,-26.20536399,-50.438846,SPRF-SC,DEL06-SC,UOP04-DEL06-SC,2022
"446303,0",2022-04-27,quarta-feira,06:45:00,SC,282,"304,8",VARGEM,Velocidade Incompatível,Colisão frontal,Com Vítimas Feridas,Amanhecer,Decrescente,Nevoeiro/Neblina,Simples,Curva,Não,2,0,1,0,1,0,1,2,-27.496103,-50.940418,SPRF-SC,DEL07-SC,UOP06-DEL07-SC,2022
"446334,0",2022-04-27,quarta-feira,13:45:00,SC,470,"49,9",BLUMENAU,Condutor deixou de manter distância do veículo da frente,Colisão traseira,Com Vítimas Feridas,Pleno dia,Decrescente,Céu Claro,Dupla,Reta,Não,2,0,1,0,1,0,1,2,-26.860662,-49.065159,SPRF-SC,DEL04-SC,UOP01-DEL04-SC,2022
"446368,0",2022-04-27,quarta-feira,16:00:00,SC,101,"116,8",ITAJAI,Ingestão de álcool pelo condutor,Colisão transversal,Com Vítimas Fatais,Pleno dia,Decrescente,Céu Claro,Múltipla,Interseção de Vias,Sim,4,1,0,1,1,1,1,3,-26.8841055,-48.723618,SPRF-SC,DEL04-SC,UOP04-DEL04-SC,2022
"446483,0",2022-04-28,quinta-feira,12:15:00,SC,280,"41,0",ARAQUARI,Transitar no acostamento,Colisão traseira,Com Vítimas Feridas,Pleno dia,Crescente,Céu Claro,Simples,Reta,Não,3,0,0,1,2,0,1,2,-26.45000366,-48.85790902,SPRF-SC,DEL03-SC,UOP03-DEL03-SC,2022
"446485,0",2022-04-28,quinta-feira,08:20:00,SC,282,"494,9",XANXERE,Manobra de mudança de faixa,Colisão lateral mesmo sentido,Com Vítimas Feridas,Pleno dia,Crescente,Céu Claro,Simples,Declive,Não,3,0,1,0,1,1,1,3,-26.875349,-52.327076,SPRF-SC,DEL07-SC,UOP01-DEL07-SC,2022
"446489,0",2022-04-28,quinta-feira,13:05:00,SC,101,"207,0",SAO JOSE,Trafegar com motocicleta (ou similar) entre as faixas,Colisão traseira,Com Vítimas Feridas,Pleno dia,Crescente,Céu Claro,Múltipla,Aclive;Reta,Sim,3,0,1,0,1,1,1,3,-27.60001226,-48.6226467,SPRF-SC,DEL01-SC,UOP01-DEL01-SC,2022
"446576,0",2022-04-28,quinta-feira,22:00:00,SC,470,"90,0",RODEIO,Condutor Dormindo,Saída de leito carroçável,Com Vítimas Feridas,Plena Noite,Decrescente,Garoa/Chuvisco,Simples,Interseção de Vias;Reta,Não,2,0,1,0,0,2,1,3,-26.94954991,-49.35928702,SPRF-SC,DEL04-SC,UOP01-DEL04-SC,2022
"446594,0",2022-04-29,sexta-feira,00:30:00,SC,101,"283,3",IMBITUBA,Acessar a via sem observar a presença dos outros veículos,Colisão traseira,Com Vítimas Feridas,Plena Noite,Crescente,Nublado,Dupla,Reta,Não,3,0,1,0,1,2,1,4,-28.222869,-48.701007,SPRF-SC,DEL02-SC,UOP03-DEL02-SC,2022