id,data_inversa,dia_semana,horario,uf,br,km,municipio,causa_acidente,tipo_acidente,classificacao_acidente,fase_dia,sentido_via,condicao_metereologica,tipo_pista,tracado_via,uso_solo,pessoas,mortos,feridos_leves,feridos_graves,ilesos,ignorados,feridos,veiculos,latitude,longitude,regional,delegacia,uop,ano_arquivo
"446597,0",2022-04-28,quinta-feira,14:00:00,SC,101,"39,0",JOINVILLE,Desrespeitar a preferência no cruzamento,Colisão transversal,Sem Vítimas,Pleno dia,Crescente,Céu Claro,Simples,Reta,Sim,2,0,0,0,2,0,0,2,-26.2628107,-48.90192257,SPRF-SC,DEL03-SC,UOP01-DEL03-SC,2022
"446626,0",2022-04-28,quinta-feira,21:00:00,SC,470,"181,0",POUSO REDONDO,Condutor deixou de manter distância do veículo da frente,Colisão traseira,Sem Vítimas,Plena Noite,Decrescente,Garoa/Chuvisco,Simples,Reta,Não,3,0,0,0,2,1,0,3,-27.251818,-49.996815,SPRF-SC,DEL04-SC,UOP02-DEL04-SC,2022
"446637,0",2022-02-28,segunda-feira,12:35:00,SC,282,"451,9",PONTE SERRADA,Velocidade Incompatível,Colisão lateral sentido oposto,Com Vítimas Feridas,Pleno dia,Decrescente,Nublado,Simples,Curva,Não,3,0,1,0,1,2,1,4,-26.912806,-51.962536,SPRF-SC,DEL07-SC,UOP04-DEL07-SC,2022
"446665,0",2022-04-29,sexta-feira,10:50:00,SC,282,"425,0",VARGEM BONITA,Demais falhas mecânicas ou elétricas,Incêndio,Sem Vítimas,Pleno dia,Crescente,Nublado,Simples,Reta,Não,2,0,0,0,1,1,0,2,-26.980412,-51.756256,SPRF-SC,DEL07-SC,UOP05-DEL07-SC,2022
"446686,0",2022-04-29,sexta-feira,11:33:00,SC,101,"337,0",TUBARAO,Trafegar com motocicleta (ou similar) entre as faixas,Colisão traseira,Com Vítimas Feridas,Pleno dia,Crescente,Sol,Dupla,Reta,Sim,6,0,0,1,3,2,1,5,-28.47801624,-49.03246283,SPRF-SC,DEL02-SC,UOP01-DEL02-SC,2022
"446719,0",2022-04-29,sexta-feira,11:50:00,SC,470,"281,0",BRUNOPOLIS,Demais falhas mecânicas ou elétricas,Incêndio,Sem Vítimas,Pleno dia,Decrescente,Nublado,Simples,Curva,Não,2,0,0,0,1,1,0,2,-27.331482,-50.902504,SPRF-SC,DEL07-SC,UOP06-DEL07-SC,2022
"446726,0",2022-04-29,sexta-feira,18:05:00,SC,101,"22,4",JOINVILLE,Transitar na contramão,Colisão lateral sentido oposto,Com Vítimas Feridas,Plena Noite,Decrescente,Garoa/Chuvisco,Dupla,Reta,Não,3,0,1,0,1,2,1,4,-26.16582501,-48.90742427,SPRF-SC,DEL03-SC,UOP01-DEL03-SC,2022
"446773,0",2022-04-29,sexta-feira,19:45:00,SC,282,"228,4",LAGES,Ultrapassagem Indevida,Colisão frontal,Com Vítimas Feridas,Plena Noite,Crescente,Nublado,Simples,Curva,Não,4,0,1,1,2,0,2,3,-27.79024089,-50.411468,SPRF-SC,DEL05-SC,UOP02-DEL05-SC,2022
"446800,0",2022-04-29,sexta-feira,23:05:00,SC,280,"124,8",RIO NEGRINHO,Acessar a via sem observar a presença dos outros veículos,Colisão transversal,Com Vítimas Feridas,Plena Noite,Decrescente,Nublado,Simples,Retorno Regulamentado,Sim,2,0,0,1,1,0,1,2,-26.24130297,-49.47514499,SPRF-SC,DEL06-SC,UOP03-DEL06-SC,2022
"446801,0",2022-04-29,sexta-feira,21:35:00,SC,101,"348,5",JAGUARUNA,Ausência de reação do condutor,Colisão traseira,Com Vítimas Feridas,Plena Noite,Crescente,Céu Claro,Simples,Reta,Sim,3,0,1,0,1,1,1,3,-28.57317505,-49.05292143,SPRF-SC,DEL02-SC,UOP01-DEL02-SC,2022
"446808,0",2022-04-30,sábado,01:30:00,SC,101,"290,5",IMBITUBA,Reação tardia ou ineficiente do condutor,Colisão traseira,Com Vítimas Feridas,Plena Noite,Crescente,Céu Claro,Dupla,Reta;Aclive,Não,4,0,1,0,2,1,1,3,-28.28591998,-48.70455,SPRF-SC,DEL02-SC,UOP03-DEL02-SC,2022
"446814,0",2022-04-30,sábado,01:30:00,SC,280,"105,4",SAO BENTO DO SUL,Condutor Dormindo,Tombamento,Sem Vítimas,Plena Noite,Decrescente,Garoa/Chuvisco,Simples,Curva;Declive,Não,1,0,0,0,1,0,0,1,-26.35641481,-49.36407482,SPRF-SC,DEL06-SC,UOP03-DEL06-SC,2022
"446816,0",2022-04-30,sábado,04:40:00,SC,101,"330,9",TUBARAO,Ingestão de álcool pelo condutor,Colisão lateral mesmo sentido,Sem Vítimas,Plena Noite,Crescente,Nublado,Dupla,Curva,Não,2,0,0,0,2,0,0,2,-28.463032,-48.992278,SPRF-SC,DEL02-SC,UOP01-DEL02-SC,2022
"446948,0",2022-04-30,sábado,17:50:00,SC,101,"284,0",IMBITUBA,Manobra de mudança de faixa,Colisão traseira,Com Vítimas Feridas,Pleno dia,Decrescente,Chuva,Dupla,Reta,Sim,3,0,1,0,2,0,1,2,-28.21285498,-48.69962617,SPRF-SC,DEL02-SC,UOP03-DEL02-SC,2022
"447183,0",2022-05-01,domingo,18:48:00,SC,470,"85,1",RODEIO,Condutor Dormindo,Colisão lateral sentido oposto,Com Vítimas Feridas,Plena Noite,Decrescente,Nublado,Simples,Reta,Não,5,0,2,0,3,0,2,4,-26.956114,-49.350414,SPRF-SC,DEL04-SC,UOP01-DEL04-SC,2022
"447231,0",2022-05-01,domingo,21:25:00,SC,470,"188,0",POUSO REDONDO,Ausência de reação do condutor,Colisão traseira,Sem Vítimas,Plena Noite,Decrescente,Nublado,Simples,Reta,Não,6,0,0,0,4,3,0,5,-27.265138,-50.058824,SPRF-SC,DEL04-SC,UOP02-DEL04-SC,2022
"447234,0",2022-05-02,segunda-feira,01:00:00,SC,101,"42,5",JOINVILLE,Reação tardia ou ineficiente do condutor,Colisão traseira,Com Vítimas Feridas,Plena Noite,Crescente,Chuva,Múltipla,Reta,Sim,3,0,1,0,1,2,1,4,-26.29251598,-48.88474385,SPRF-SC,DEL03-SC,UOP01-DEL03-SC,2022
"447324,0",2022-05-02,segunda-feira,10:50:00,SC,116,"124,0",SANTA CECILIA,Ultrapassagem Indevida,Colisão frontal,Com Vítimas Feridas,Pleno dia,Decrescente,Nublado,Simples,Curva,Não,5,0,1,0,3,1,1,4,-26.85025694,-50.40504834,SPRF-SC,DEL06-SC,UOP02-DEL06-SC,2022
"447338,0",2022-05-02,segunda-feira,11:15:00,SC,282,"216,8",LAGES,Acessar a via sem observar a presença dos outros veículos,Colisão lateral mesmo sentido,Com Vítimas Feridas,Pleno dia,Decrescente,Chuva,Simples,Aclive;Reta,Sim,3,0,1,1,1,0,2,2,-27.797529,-50.291862,SPRF-SC,DEL05-SC,UOP01-DEL05-SC,2022
"447399,0",2022-05-02,segunda-feira,13:30:00,SC,153,"54,0",VARGEM BONITA,Ultrapassagem Indevida,Colisão frontal,Com Vítimas Feridas,Pleno dia,Decrescente,Chuva,Simples,Reta,Não,3,0,1,0,1,1,1,3,-26.936235,-51.817795,SPRF-SC,DEL07-SC,UOP05-DEL07-SC,2022
"447449,0",2022-05-02,segunda-feira,21:40:00,SC,101,"84,1",BARRA VELHA,Transitar na contramão,Colisão frontal,Com Vítimas Feridas,Plena Noite,Decrescente,Chuva,Dupla,Reta,Não,3,0,0,1,1,1,1,3,-26.62404682,-48.71394986,SPRF-SC,DEL03-SC,UOP02-DEL03-SC,2022
"447457,0",2022-05-02,segunda-feira,21:45:00,SC,101,"84,8",BARRA VELHA,Obstrução na via,Colisão traseira,Com Vítimas Feridas,Plena Noite,Decrescente,Chuva,Dupla,Reta,Sim,3,0,1,0,1,1,1,3,-26.62404682,-48.71394986,SPRF-SC,DEL03-SC,UOP02-DEL03-SC,2022
"447462,0",2022-05-02,segunda-feira,21:15:00,SC,101,"251,9",PAULO LOPES,Chuva,Colisão com objeto,Com Vítimas Fatais,Plena Noite,Decrescente,Chuva,Dupla,Reta,Sim,3,1,0,0,1,1,0,3,-27.9570537,-48.67683113,SPRF-SC,DEL02-SC,UOP03-DEL02-SC,2022
"447466,0",2022-05-02,segunda-feira,22:30:00,SC,101,"142,0",BALNEARIO CAMBORIU,Reação tardia ou ineficiente do condutor,Tombamento,Com Vítimas Feridas,Plena Noite,Decrescente,Chuva,Dupla,Curva,Não,2,0,1,0,1,0,1,2,-27.056089,-48.599449,SPRF-SC,DEL04-SC,UOP03-DEL04-SC,2022
"447475,0",2022-05-03,terça-feira,00:35:00,SC,470,"266,4",CURITIBANOS,Reação tardia ou ineficiente do condutor,Saída de leito carroçável,Com Vítimas Feridas,Plena Noite,Decrescente,Chuva,Simples,Curva,Não,2,0,1,0,0,1,1,2,-27.31275633,-50.74203014,SPRF-SC,DEL05-SC,UOP03-DEL05-SC,2022
"447529,0",2022-05-03,terça-feira,09:10:00,SC,101,"135,9",BALNEARIO CAMBORIU,Condutor deixou de manter distância do veículo da frente,Colisão lateral mesmo sentido,Com Vítimas Feridas,Pleno dia,Decrescente,Chuva,Dupla,Reta,Sim,4,0,0,1,2,1,1,4,-27.0050108,-48.62677494,SPRF-SC,DEL04-SC,UOP03-DEL04-SC,2022
"447546,0",2022-05-02,segunda-feira,05:30:00,SC,280,"187,0",MAFRA,Reação tardia ou ineficiente do condutor,Saída de leito carroçável,Sem Vítimas,Plena Noite,Decrescente,Ignorado,Simples,Ponte,Não,2,0,0,0,1,1,0,2,-26.16790438,-49.95451995,SPRF-SC,DEL06-SC,UOP01-DEL06-SC,2022
"447558,0",2022-05-03,terça-feira,10:00:00,SC,116,"245,3",LAGES,Transitar na contramão,Colisão frontal,Com Vítimas Feridas,Pleno dia,Decrescente,Chuva,Simples,Reta,Sim,3,0,1,0,1,1,1,3,-27.79544281,-50.36187437,SPRF-SC,DEL05-SC,UOP01-DEL05-SC,2022
"447600,0",2022-05-03,terça-feira,16:42:00,SC,116,"115,0",SANTA CECILIA,Reação tardia ou ineficiente do condutor,Colisão com objeto,Com Vítimas Feridas,Pleno dia,Decrescente,Chuva,Simples,Curva,Não,2,0,1,0,0,1,1,2,-26.80262399,-50.33936901,SPRF-SC,DEL06-SC,UOP02-DEL06-SC,2022
"447650,0",2022-05-04,quarta-feira,02:10:00,SC,101,"6,8",GARUVA,Condutor Dormindo,Colisão traseira,Com Vítimas Feridas,Plena Noite,Decrescente,Chuva,Dupla,Reta,Sim,2,0,0,1,1,0,1,2,-26.02692002,-48.86142017,SPRF-SC,DEL03-SC,UOP01-DEL03-SC,2022
"447651,0",2022-05-04,quarta-feira,03:15:00,SC,101,"311,9",LAGUNA,Pedestre andava na pista,Atropelamento de Pedestre,Com Vítimas Feridas,Plena Noite,Decrescente,Chuva,Dupla,Curva,Sim,2,0,0,1,1,0,1,2,-28.44082143,-48.81534945,SPRF-SC,DEL02-SC,UOP01-DEL02-SC,2022
"447652,0",2022-05-04,quarta-feira,02:40:00,SC,101,"29,1",JOINVILLE,Condutor Dormindo,Colisão traseira,Com Vítimas Feridas,Plena Noite,Crescente,Chuva,Dupla,Reta,Não,4,0,1,0,2,1,1,4,-26.211903,-48.91589904,SPRF-SC,DEL03-SC,UOP01-DEL03-SC,2022
"447717,0",2022-04-21,quinta-feira,22:40:00,SC,282,"411,8",CATANDUVAS,Chuva,Saída de leito carroçável,Com Vítimas Feridas,Plena Noite,Crescente,Chuva,Simples,Aclive,Não,2,0,1,0,0,1,1,2,-27.059853,-51.678147,SPRF-SC,DEL07-SC,UOP05-DEL07-SC,2022
"447751,0",2022-05-04,quarta-feira,17:15:00,SC,101,"20,5",JOINVILLE,Condutor deixou de manter distância do veículo da frente,Colisão traseira,Com Vítimas Feridas,Amanhecer,Decrescente,Chuva,Dupla,Reta,Não,2,0,1,0,0,1,1,2,-26.140675,-48.902995,SPRF-SC,DEL03-SC,UOP01-DEL03-SC,2022
"447792,0",2022-05-04,quarta-feira,18:40:00,SC,282,"421,5",VARGEM BONITA,Velocidade Incompatível,Tombamento,Com Vítimas Feridas,Plena Noite,Decrescente,Ignorado,Simples,Curva,Sim,2,0,1,0,0,1,1,2,-27.006414,-51.737789,SPRF-SC,DEL07-SC,UOP05-DEL07-SC,2022
"447799,0",2022-05-04,quarta-feira,22:50:00,SC,280,"41,0",ARAQUARI,Reação tardia ou ineficiente do condutor,Colisão traseira,Com Vítimas Feridas,Plena Noite,Decrescente,Nublado,Simples,Reta,Não,2,0,1,0,1,0,1,2,-26.45000366,-48.85790902,SPRF-SC,DEL03-SC,UOP03-DEL03-SC,2022
"447893,0",2022-05-05,quinta-feira,10:45:00,SC,116,"44,0",PAPANDUVA,Velocidade Incompatível,Tombamento,Sem Vítimas,Pleno dia,Decrescente,Céu Claro,Simples,Curva,Não,1,0,0,0,1,0,0,1,-26.33854104,-50.09182698,SPRF-SC,DEL06-SC,UOP01-DEL06-SC,2022
"447913,0",2022-05-05,quinta-feira,17:10:00,SC,101,"206,0",SAO JOSE,Condutor deixou de manter distância do veículo da frente,Colisão lateral mesmo sentido,Com Vítimas Feridas,Pleno dia,Crescente,Céu Claro,Dupla,Reta,Sim,2,0,1,0,1,0,1,2,-27.59193546,-48.61824557,SPRF-SC,DEL01-SC,UOP01-DEL01-SC,2022
"447919,0",2022-04-27,quarta-feira,19:50:00,SC,101,"332,2",TUBARAO,Pedestre andava na pista,Atropelamento de Pedestre,Com Vítimas Fatais,Plena Noite,Crescente,Céu Claro,Múltipla,Reta;Rotatória;Desvio Temporário;Interseção de Vias,Não,4,1,0,0,2,1,0,3,-28.46756,-49.000621,SPRF-SC,DEL02-SC,UOP01-DEL02-SC,2022
"447941,0",2022-05-05,quinta-feira,17:30:00,SC,280,"242,4",CANOINHAS,Acessar a via sem observar a presença dos outros veículos,Colisão transversal,Com Vítimas Feridas,Anoitecer,Decrescente,Céu Claro,Simples,Interseção de Vias,Não,3,0,0,1,1,1,1,3,-26.23241075,-50.46635011,SPRF-SC,DEL06-SC,UOP04-DEL06-SC,2022
"448040,0",2022-04-08,sexta-feira,18:15:00,SC,470,"20,0",ILHOTA,Iluminação deficiente,Tombamento,Com Vítimas Feridas,Plena Noite,Decrescente,Chuva,Dupla,Em Obras;Reta,Não,2,0,1,0,0,2,1,3,-26.870115,-48.820484,SPRF-SC,DEL04-SC,UOP04-DEL04-SC,2022
"448047,0",2022-02-08,terça-feira,10:30:00,SC,282,"485,6",FAXINAL DOS GUEDES,Condutor Dormindo,Colisão frontal,Com Vítimas Fatais,Pleno dia,Decrescente,Céu Claro,Simples,Curva,Não,3,1,1,0,0,1,1,3,-26.8613372,-52.2382918,SPRF-SC,DEL07-SC,UOP01-DEL07-SC,2022
"448111,0",2022-05-06,sexta-feira,16:05:00,SC,101,"423,7",ARARANGUA,Desrespeitar a preferência no cruzamento,Colisão transversal,Com Vítimas Feridas,Pleno dia,Decrescente,Céu Claro,Simples,Viaduto;Interseção de Vias,Não,3,0,1,1,1,0,2,2,-29.01805763,-49.58621264,SPRF-SC,DEL02-SC,UOP02-DEL02-SC,2022
"448168,0",2022-05-06,sexta-feira,17:00:00,SC,470,"129,6",LONTRAS,Ultrapassagem Indevida,Colisão frontal,Com Vítimas Fatais,Anoitecer,Decrescente,Nublado,Simples,Aclive,Não,6,1,2,0,2,2,2,5,-27.154456,-49.556492,SPRF-SC,DEL04-SC,UOP02-DEL04-SC,2022
"448179,0",2022-05-06,sexta-feira,23:00:00,SC,101,"238,0",PALHOCA,Acesso irregular,Colisão traseira,Com Vítimas Feridas,Plena Noite,Crescente,Céu Claro,Dupla,Reta,Não,2,0,1,0,1,0,1,2,-27.84293889,-48.63471922,SPRF-SC,DEL01-SC,UOP02-DEL01-SC,2022
"448208,0",2022-05-07,sábado,01:30:00,SC,101,"33,0",JOINVILLE,Velocidade Incompatível,Tombamento,Com Vítimas Feridas,Plena Noite,Decrescente,Céu Claro,Simples,Curva,Sim,1,0,1,0,0,0,1,1,-26.25574166,-48.90460968,SPRF-SC,DEL03-SC,UOP01-DEL03-SC,2022
"448212,0",2022-05-07,sábado,04:10:00,SC,101,"40,6",JOINVILLE,Estacionar ou parar em local proibido,Colisão traseira,Com Vítimas Fatais,Plena Noite,Crescente,Nublado,Dupla,Curva,Não,3,1,0,0,1,1,0,3,-26.313294,-48.873971,SPRF-SC,DEL03-SC,UOP01-DEL03-SC,2022
"448267,0",2022-05-07,sábado,10:10:00,SC,470,"140,0",RIO DO SUL,Acessar a via sem observar a presença dos outros veículos,Colisão frontal,Com Vítimas Feridas,Pleno dia,Crescente,Céu Claro,Simples,Reta,Sim,2,0,0,1,1,0,1,2,-27.222485,-49.662827,SPRF-SC,DEL04-SC,UOP02-DEL04-SC,2022
"448296,0",2022-05-07,sábado,09:30:00,SC,101,"41,0",JOINVILLE,Desrespeitar a preferência no cruzamento,Colisão transversal,Com Vítimas Feridas,Pleno dia,Crescente,Céu Claro,Simples,Rotatória,Sim,7,0,2,0,4,1,2,3,-26.28215489,-48.88973081,SPRF-SC,DEL03-SC,UOP01-DEL03-SC,2022
"448298,0",2022-05-07,sábado,10:30:00,SC,101,"45,2",JOINVILLE,Frear bruscamente,Colisão com objeto,Com Vítimas Feridas,Pleno dia,Decrescente,Sol,Dupla,Reta;Declive,Não,2,0,0,1,0,1,1,2,-26.35169029,-48.8580358,SPRF-SC,DEL03-SC,UOP01-DEL03-SC,2022
"448307,0",2022-05-07,sábado,14:50:00,SC,101,"63,1",ARAQUARI,Pedestre andava na pista,Atropelamento de Pedestre,Com Vítimas Feridas,Pleno dia,Crescente,Céu Claro,Dupla,Aclive;Curva,Não,5,0,0,1,1,3,1,2,-26.45898367,-48.7584088,SPRF-SC,DEL03-SC,UOP02-DEL03-SC,2022
"448314,0",2022-05-07,sábado,15:10:00,SC,101,"132,0",BALNEARIO CAMBORIU,Manobra de mudança de faixa,Colisão traseira,Com Vítimas Feridas,Pleno dia,Crescente,Céu Claro,Múltipla,Reta,Não,4,0,0,1,2,1,1,4,-26.99654133,-48.65564711,SPRF-SC,DEL04-SC,UOP03-DEL04-SC,2022
"448354,0",2022-05-07,sábado,18:45:00,SC,101,"206,0",SAO JOSE,Manobra de mudança de faixa,Colisão lateral mesmo sentido,Com Vítimas Feridas,Plena Noite,Decrescente,Céu Claro,Múltipla,Reta,Sim,3,0,1,0,2,0,1,3,-27.59193546,-48.61824557,SPRF-SC,DEL01-SC,UOP01-DEL01-SC,2022
"448439,0",2022-05-08,domingo,03:00:00,SC,282,"529,9",CORDILHEIRA ALTA,Ingestão de álcool pelo condutor,Saída de leito carroçável,Com Vítimas Feridas,Plena Noite,Crescente,Céu Claro,Simples,Curva,Não,2,0,1,0,0,1,1,2,-26.982185,-52.59734,SPRF-SC,DEL07-SC,UOP01-DEL07-SC,2022
"448570,0",2022-05-08,domingo,16:25:00,SC,282,"390,2",JOACABA,Demais falhas mecânicas ou elétricas,Colisão lateral mesmo sentido,Sem Vítimas,Pleno dia,Decrescente,Céu Claro,Simples,Curva,Não,3,0,0,0,2,1,0,3,-27.175066,-51.550556,SPRF-SC,DEL07-SC,UOP05-DEL07-SC,2022
"448647,0",2022-04-24,domingo,18:38:00,SC,470,"111,3",IBIRAMA,Velocidade Incompatível,Tombamento,Com Vítimas Fatais,Anoitecer,Crescente,Nublado,Simples,Curva,Não,4,1,2,0,0,1,2,3,-27.09972,-49.460916,SPRF-SC,DEL04-SC,UOP02-DEL04-SC,2022
"448673,0",2022-05-09,segunda-feira,05:50:00,SC,282,"513,6",XAXIM,Acessar a via sem observar a presença dos outros veículos,Colisão transversal,Sem Vítimas,Amanhecer,Decrescente,Céu Claro,Simples,Declive;Reta,Não,4,0,0,0,2,2,0,4,-26.915269,-52.48425,SPRF-SC,DEL07-SC,UOP01-DEL07-SC,2022
"448749,0",2022-05-09,segunda-feira,10:30:00,SC,101,"404,4",ARARANGUA,Manobra de mudança de faixa,Colisão lateral mesmo sentido,Com Vítimas Feridas,Pleno dia,Crescente,Céu Claro,Dupla,Reta,Não,2,0,0,2,0,0,2,2,-28.89653614,-49.47126389,SPRF-SC,DEL02-SC,UOP02-DEL02-SC,2022
"448804,0",2022-05-09,segunda-feira,17:50:00,SC,282,"382,7",HERVAL DOESTE,Problema com o freio,Tombamento,Com Vítimas Feridas,Anoitecer,Crescente,Céu Claro,Simples,Curva,Não,1,0,1,0,0,0,1,1,-27.19607,-51.503044,SPRF-SC,DEL07-SC,UOP05-DEL07-SC,2022
"448827,0",2022-05-09,segunda-feira,17:00:00,SC,116,"121,5",SANTA CECILIA,Acesso irregular,Colisão frontal,Com Vítimas Feridas,Pleno dia,Decrescente,Nublado,Simples,Curva,Não,2,0,1,0,1,0,1,2,-26.8303456,-50.38617912,SPRF-SC,DEL06-SC,UOP02-DEL06-SC,2022
"448842,0",2022-05-09,segunda-feira,18:20:00,SC,470,"317,4",CAMPOS NOVOS,Reação tardia ou ineficiente do condutor,Colisão transversal,Com Vítimas Feridas,Plena Noite,Decrescente,Nublado,Simples,Reta,Sim,5,0,3,0,1,1,3,3,-27.404869,-51.206257,SPRF-SC,DEL07-SC,UOP06-DEL07-SC,2022
"448890,0",2022-05-10,terça-feira,08:15:00,SC,282,"223,6",LAGES,Condutor deixou de manter distância do veículo da frente,Colisão traseira,Sem Vítimas,Pleno dia,Crescente,Céu Claro,Simples,Rotatória;Reta,Sim,3,0,0,0,2,1,0,3,-27.800127,-50.362751,SPRF-SC,DEL05-SC,UOP02-DEL05-SC,2022
"448920,0",2022-05-10,terça-feira,11:45:00,SC,101,"25,8",JOINVILLE,Problema com o freio,Colisão com objeto,Sem Vítimas,Pleno dia,Crescente,Céu Claro,Dupla,Reta,Não,3,0,0,0,2,1,0,2,-26.1834739,-48.9105912,SPRF-SC,DEL03-SC,UOP01-DEL03-SC,2022
"448927,0",2022-05-10,terça-feira,12:20:00,SC,101,"25,0",JOINVILLE,Condutor deixou de manter distância do veículo da frente,Colisão traseira,Com Vítimas Feridas,Pleno dia,Decrescente,Céu Claro,Dupla,Reta;Ponte,Sim,3,0,1,0,1,2,1,4,-26.1834739,-48.9105912,SPRF-SC,DEL03-SC,UOP01-DEL03-SC,2022
"448942,0",2022-05-10,terça-feira,13:30:00,SC,470,"139,3",RIO DO SUL,Manobra de mudança de faixa,Colisão lateral mesmo sentido,Sem Vítimas,Pleno dia,Decrescente,Nublado,Simples,Rotatória,Sim,3,0,0,0,1,3,0,4,-27.20167025,-49.63290989,SPRF-SC,DEL04-SC,UOP02-DEL04-SC,2022
"448989,0",2022-05-10,terça-feira,16:30:00,SC,101,"309,4",LAGUNA,Estacionar ou parar em local proibido,Colisão traseira,Com Vítimas Feridas,Pleno dia,Crescente,Nublado,Múltipla,Reta,Sim,2,0,0,1,1,0,1,2,-28.40755485,-48.79169438,SPRF-SC,DEL02-SC,UOP01-DEL02-SC,2022
"449062,0",2022-05-11,quarta-feira,05:30:00,SC,101,"354,0",SANGAO,Condutor Dormindo,Colisão traseira,Com Vítimas Feridas,Amanhecer,Crescente,Nublado,Múltipla,Aclive;Reta,Não,4,0,2,0,1,3,2,6,-28.61806302,-49.07013199,SPRF-SC,DEL02-SC,UOP01-DEL02-SC,2022
"449063,0",2022-05-11,quarta-feira,06:50:00,SC,280,"48,0",GUARAMIRIM,Acessar a via sem observar a presença dos outros veículos,Colisão transversal,Com Vítimas Feridas,Amanhecer,Crescente,Nublado,Simples,Reta;Aclive,Não,2,0,1,0,1,0,1,2,-26.45506795,-48.92766502,SPRF-SC,DEL03-SC,UOP03-DEL03-SC,2022
"449072,0",2022-05-11,quarta-feira,07:58:00,SC,282,"17,6",PALHOCA,Condutor deixou de manter distância do veículo da frente,Colisão traseira,Com Vítimas Feridas,Pleno dia,Decrescente,Chuva,Simples,Reta,Sim,2,0,1,0,1,0,1,2,-27.665707,-48.688065,SPRF-SC,DEL01-SC,UOP02-DEL01-SC,2022
"449077,0",2022-05-11,quarta-feira,05:50:00,SC,470,"341,7",CAMPOS NOVOS,Desrespeitar a preferência no cruzamento,Colisão transversal,Com Vítimas Fatais,Amanhecer,Crescente,Nublado,Simples,Reta,Não,5,1,0,2,1,1,2,3,-27.5300913,-51.3883967,SPRF-SC,DEL07-SC,UOP06-DEL07-SC,2022
"449085,0",2022-05-11,quarta-feira,08:20:00,SC,101,"234,0",PALHOCA,Pista Escorregadia,Queda de ocupante de veículo,Com Vítimas Feridas,Pleno dia,Decrescente,Garoa/Chuvisco,Dupla,Reta,Não,3,0,0,1,1,1,1,3,-27.81043812,-48.63537111,SPRF-SC,DEL01-SC,UOP02-DEL01-SC,2022
"449147,0",2022-02-15,terça-feira,12:55:00,SC,116,"221,0",CORREIA PINTO,Condutor deixou de manter distância do veículo da frente,Colisão traseira,Com Vítimas Feridas,Pleno dia,Decrescente,Céu Claro,Simples,Reta;Declive,Sim,2,0,1,0,1,0,1,2,-27.58573399,-50.36555188,SPRF-SC,DEL05-SC,UOP03-DEL05-SC,2022
"449173,0",2022-02-17,quinta-feira,11:45:00,SC,282,"494,9",XANXERE,Condutor usando celular,Saída de leito carroçável,Com Vítimas Feridas,Pleno dia,Crescente,Céu Claro,Simples,Declive,Não,1,0,1,0,0,0,1,1,-26.8861,-52.42499,SPRF-SC,DEL07-SC,UOP01-DEL07-SC,2022
"449180,0",2022-02-18,sexta-feira,06:30:00,SC,101,"160,0",TIJUCAS,Reação tardia ou ineficiente do condutor,Colisão com objeto,Sem Vítimas,Pleno dia,Crescente,Céu Claro,Dupla,Reta,Sim,3,0,0,0,2,1,0,3,-27.20831288,-48.61987922,SPRF-SC,DEL04-SC,UOP03-DEL04-SC,2022
"449200,0",2022-02-21,segunda-feira,16:10:00,SC,101,"152,4",PORTO BELO,Ultrapassagem Indevida,Colisão lateral mesmo sentido,Com Vítimas Feridas,Pleno dia,Crescente,Céu Claro,Múltipla,Reta,Sim,3,0,1,0,1,1,1,3,-27.13563503,-48.61004665,SPRF-SC,DEL04-SC,UOP03-DEL04-SC,2022
"449215,0",2022-05-11,quarta-feira,07:45:00,SC,116,"65,1",PAPANDUVA,Transitar na contramão,Colisão frontal,Com Vítimas Feridas,Pleno dia,Crescente,Nublado,Dupla,Reta,Não,6,0,1,2,2,1,3,4,-26.42445099,-50.2281171,SPRF-SC,DEL06-SC,UOP02-DEL06-SC,2022
"449245,0",2022-05-11,quarta-feira,16:55:00,SC,101,"118,0",ITAJAI,Ausência de reação do condutor,Colisão traseira,Com Vítimas Feridas,Pleno dia,Decrescente,Céu Claro,Múltipla,Reta,Sim,5,0,2,0,2,1,2,3,-26.88747187,-48.72252969,SPRF-SC,DEL04-SC,UOP04-DEL04-SC,2022
"449320,0",2022-05-11,quarta-feira,23:30:00,SC,116,"237,6",CORREIA PINTO,Ausência de reação do condutor,Saída de leito carroçável,Sem Vítimas,Plena Noite,Crescente,Nublado,Simples,Reta,Não,1,0,0,0,1,0,0,1,-27.73034899,-50.3359778,SPRF-SC,DEL05-SC,UOP01-DEL05-SC,2022
"449324,0",2022-05-11,quarta-feira,19:00:00,SC,282,"67,7",RANCHO QUEIMADO,Velocidade Incompatível,Tombamento,Com Vítimas Fatais,Plena Noite,Crescente,Céu Claro,Simples,Curva;Declive,Não,4,1,0,0,0,3,0,3,-27.6912307,-49.0732832,SPRF-SC,DEL01-SC,UOP03-DEL01-SC,2022
"449357,0",2022-05-12,quinta-feira,07:20:00,SC,101,"113,6",ITAJAI,Acessar a via sem observar a presença dos outros veículos,Colisão transversal,Com Vítimas Feridas,Pleno dia,Crescente,Céu Claro,Múltipla,Reta,Não,3,0,1,0,1,1,1,3,-26.85311393,-48.72689927,SPRF-SC,DEL04-SC,UOP04-DEL04-SC,2022