id,data_inversa,dia_semana,horario,uf,br,km,municipio,causa_acidente,tipo_acidente,classificacao_acidente,fase_dia,sentido_via,condicao_metereologica,tipo_pista,tracado_via,uso_solo,pessoas,mortos,feridos_leves,feridos_graves,ilesos,ignorados,feridos,veiculos,latitude,longitude,regional,delegacia,uop,ano_arquivo
"452398,0",2022-05-27,sexta-feira,21:30:00,SC,101,"88,0",BARRA VELHA,Demais falhas mecânicas ou elétricas,Incêndio,Sem Vítimas,Plena Noite,Crescente,Céu Claro,Múltipla,Reta,Sim,2,0,0,0,1,1,0,2,-26.64253985,-48.68950684,SPRF-SC,DEL03-SC,UOP02-DEL03-SC,2022
"452400,0",2022-05-27,sexta-feira,22:30:00,SC,101,"215,0",PALHOCA,Manobra de mudança de faixa,Colisão lateral mesmo sentido,Com Vítimas Feridas,Plena Noite,Crescente,Garoa/Chuvisco,Múltipla,Curva,Sim,2,0,1,0,1,0,1,2,-27.65184843,-48.67604941,SPRF-SC,DEL01-SC,UOP02-DEL01-SC,2022
"452403,0",2022-05-27,sexta-feira,23:00:00,SC,101,"147,0",ITAPEMA,Ausência de reação do condutor,Colisão traseira,Com Vítimas Feridas,Plena Noite,Decrescente,Céu Claro,Dupla,Curva,Sim,3,0,1,0,1,1,1,3,-27.09237407,-48.61730888,SPRF-SC,DEL04-SC,UOP03-DEL04-SC,2022
"452421,0",2022-05-28,sábado,02:10:00,SC,101,"24,5",JOINVILLE,Condutor Dormindo,Colisão traseira,Com Vítimas Feridas,Plena Noite,Crescente,Céu Claro,Dupla,Reta,Sim,3,0,1,0,1,1,1,3,-26.17483309,-48.90767978,SPRF-SC,DEL03-SC,UOP01-DEL03-SC,2022
"452670,0",2022-05-29,domingo,03:45:00,SC,282,"617,5",IRACEMINHA,Ausência de reação do condutor,Saída de leito carroçável,Com Vítimas Feridas,Plena Noite,Crescente,Garoa/Chuvisco,Simples,Curva,Não,2,0,0,1,0,2,1,3,-26.78270194,-53.28635216,SPRF-SC,DEL07-SC,UOP02-DEL07-SC,2022
"452687,0",2022-05-29,domingo,06:10:00,SC,470,"116,4",IBIRAMA,Velocidade Incompatível,Tombamento,Com Vítimas Feridas,Amanhecer,Decrescente,Nublado,Simples,Curva,Não,2,0,1,0,0,1,1,2,-27.07756,-49.49448,SPRF-SC,DEL04-SC,UOP02-DEL04-SC,2022
"452691,0",2022-05-28,sábado,18:25:00,SC,282,"600,9",CUNHA PORA,Pista esburacada,Colisão com objeto,Com Vítimas Feridas,Plena Noite,Decrescente,Chuva,Simples,Reta,Não,3,0,0,1,1,1,1,3,-26.809002,-53.169399,SPRF-SC,DEL07-SC,UOP02-DEL07-SC,2022
"452693,0",2022-05-28,sábado,01:58:00,SC,282,"586,8",PINHALZINHO,Condutor Dormindo,Saída de leito carroçável,Com Vítimas Feridas,Plena Noite,Decrescente,Chuva,Simples,Curva,Não,1,0,1,0,0,0,1,1,-26.832605,-53.03474,SPRF-SC,DEL07-SC,UOP02-DEL07-SC,2022
"452733,0",2022-05-29,domingo,10:30:00,SC,470,"97,0",APIUNA,Velocidade Incompatível,Saída de leito carroçável,Com Vítimas Feridas,Pleno dia,Crescente,Chuva,Simples,Curva,Sim,4,0,3,0,1,0,3,1,-27.026621,-49.378124,SPRF-SC,DEL04-SC,UOP01-DEL04-SC,2022
"452754,0",2022-05-29,domingo,17:45:00,SC,101,"210,8",SAO JOSE,Chuva,Colisão com objeto,Sem Vítimas,Plena Noite,Crescente,Chuva,Dupla,Reta,Sim,2,0,0,0,2,0,0,2,-27.6167305,-48.6457265,SPRF-SC,DEL01-SC,UOP01-DEL01-SC,2022
"452792,0",2022-05-29,domingo,18:00:00,SC,101,"327,2",CAPIVARI DE BAIXO,Desrespeitar a preferência no cruzamento,Colisão transversal,Sem Vítimas,Anoitecer,Crescente,Chuva,Simples,Interseção de Vias,Sim,6,0,0,0,3,3,0,4,-28.43023306,-48.95205197,SPRF-SC,DEL02-SC,UOP01-DEL02-SC,2022
"452810,0",2022-05-29,domingo,17:30:00,SC,116,"284,5",CAPAO ALTO,Acessar a via sem observar a presença dos outros veículos,Colisão transversal,Com Vítimas Feridas,Plena Noite,Crescente,Chuva,Simples,Reta,Não,3,0,1,0,1,1,1,3,-28.071781,-50.57883399,SPRF-SC,DEL05-SC,UOP02-DEL05-SC,2022
"452835,0",2022-05-29,domingo,19:40:00,SC,470,"245,7",CURITIBANOS,Ingestão de álcool pelo condutor,Colisão lateral sentido oposto,Sem Vítimas,Plena Noite,Crescente,Chuva,Simples,Reta,Não,3,0,0,0,2,1,0,3,-27.316158,-50.524006,SPRF-SC,DEL05-SC,UOP03-DEL05-SC,2022
"452851,0",2022-05-29,domingo,23:20:00,SC,470,"176,0",POUSO REDONDO,Transitar na contramão,Colisão frontal,Com Vítimas Feridas,Plena Noite,Crescente,Chuva,Simples,Retorno Regulamentado,Sim,5,0,3,0,1,1,3,3,-27.254238,-49.948658,SPRF-SC,DEL04-SC,UOP02-DEL04-SC,2022
"452872,0",2022-05-30,segunda-feira,05:30:00,SC,101,"367,2",ICARA,Ausência de reação do condutor,Colisão traseira,Com Vítimas Feridas,Plena Noite,Crescente,Nublado,Múltipla,Aclive,Não,4,0,0,1,3,0,1,2,-28.69744,-49.17897,SPRF-SC,DEL02-SC,UOP01-DEL02-SC,2022
"452938,0",2022-05-30,segunda-feira,13:20:00,SC,282,"48,0",AGUAS MORNAS,Acumulo de óleo sobre o pavimento,Colisão frontal,Com Vítimas Feridas,Pleno dia,Decrescente,Garoa/Chuvisco,Simples,Curva,Não,6,0,0,4,1,1,4,3,-27.714352,-48.938072,SPRF-SC,DEL01-SC,UOP03-DEL01-SC,2022
"452954,0",2022-05-30,segunda-feira,10:50:00,SC,116,"143,1",SANTA CECILIA,Manobra de mudança de faixa,Colisão frontal,Com Vítimas Fatais,Pleno dia,Decrescente,Garoa/Chuvisco,Simples,Aclive;Curva;Interseção de Vias,Não,4,1,0,2,1,0,2,2,-26.9852768,-50.3933149,SPRF-SC,DEL06-SC,UOP02-DEL06-SC,2022
"453040,0",2022-05-30,segunda-feira,21:25:00,SC,470,"125,1",LONTRAS,Ingestão de álcool pelo condutor,Colisão frontal,Com Vítimas Feridas,Plena Noite,Crescente,Nublado,Simples,Aclive;Reta,Sim,3,0,2,0,1,0,2,2,-27.120506,-49.534946,SPRF-SC,DEL04-SC,UOP02-DEL04-SC,2022
"453063,0",2022-05-31,terça-feira,06:45:00,SC,101,"127,0",ITAJAI,Condutor deixou de manter distância do veículo da frente,Colisão traseira,Com Vítimas Feridas,Pleno dia,Crescente,Nublado,Dupla,Reta,Não,2,0,1,0,1,0,1,2,-26.9639319,-48.68328024,SPRF-SC,DEL04-SC,UOP04-DEL04-SC,2022
"453090,0",2022-05-31,terça-feira,09:30:00,SC,280,"7,0",SAO FRANCISCO DO SUL,Acessar a via sem observar a presença dos outros veículos,Colisão transversal,Com Vítimas Feridas,Pleno dia,Decrescente,Nublado,Simples,Rotatória,Não,3,0,1,0,2,0,1,2,-26.27017365,-48.64059448,SPRF-SC,DEL03-SC,UOP03-DEL03-SC,2022
"453121,0",2022-05-31,terça-feira,13:15:00,SC,101,"201,9",SAO JOSE,Condutor Dormindo,Colisão traseira,Com Vítimas Feridas,Pleno dia,Crescente,Nublado,Múltipla,Reta,Sim,2,0,1,0,1,0,1,2,-27.55667755,-48.61912608,SPRF-SC,DEL01-SC,UOP01-DEL01-SC,2022
"453142,0",2022-05-31,terça-feira,15:40:00,SC,282,"531,0",CORDILHEIRA ALTA,Ingestão de álcool pelo condutor,Saída de leito carroçável,Sem Vítimas,Pleno dia,Decrescente,Céu Claro,Dupla,Curva,Sim,2,0,0,0,1,1,0,2,-26.98676,-52.605201,SPRF-SC,DEL07-SC,UOP01-DEL07-SC,2022
"453176,0",2022-05-31,terça-feira,18:45:00,SC,282,"51,0",RANCHO QUEIMADO,Acumulo de óleo sobre o pavimento,Colisão frontal,Com Vítimas Feridas,Plena Noite,Decrescente,Nevoeiro/Neblina,Simples,Curva,Não,3,0,0,2,1,0,2,2,-27.703712,-48.959267,SPRF-SC,DEL01-SC,UOP03-DEL01-SC,2022
"453202,0",2022-05-31,terça-feira,22:15:00,SC,101,"115,2",ITAJAI,Reação tardia ou ineficiente do condutor,Tombamento,Com Vítimas Feridas,Plena Noite,Decrescente,Chuva,Múltipla,Reta,Não,2,0,1,0,0,1,1,2,-26.87064015,-48.72954134,SPRF-SC,DEL04-SC,UOP04-DEL04-SC,2022
"453209,0",2022-05-31,terça-feira,22:00:00,SC,282,"116,0",ALFREDO WAGNER,Velocidade Incompatível,Colisão frontal,Com Vítimas Feridas,Plena Noite,Crescente,Chuva,Simples,Curva,Não,4,0,1,0,1,2,1,4,-27.755424,-49.39444,SPRF-SC,DEL01-SC,UOP03-DEL01-SC,2022
"453285,0",2022-06-01,quarta-feira,13:45:00,SC,101,"207,3",SAO JOSE,Manobra de mudança de faixa,Colisão lateral mesmo sentido,Com Vítimas Feridas,Pleno dia,Crescente,Chuva,Dupla,Reta,Sim,3,0,1,0,1,1,1,3,-27.60001226,-48.6226467,SPRF-SC,DEL01-SC,UOP01-DEL01-SC,2022
"453344,0",2022-06-01,quarta-feira,18:20:00,SC,470,"140,4",RIO DO SUL,Reação tardia ou ineficiente do condutor,Engavetamento,Sem Vítimas,Plena Noite,Decrescente,Garoa/Chuvisco,Simples,Reta,Sim,3,0,0,0,3,0,0,3,-27.205287,-49.641124,SPRF-SC,DEL04-SC,UOP02-DEL04-SC,2022
"453347,0",2022-06-01,quarta-feira,19:20:00,SC,101,"112,0",ITAJAI,Reação tardia ou ineficiente do condutor,Colisão traseira,Com Vítimas Feridas,Plena Noite,Decrescente,Chuva,Dupla,Reta;Ponte,Não,3,0,1,0,1,2,1,4,-26.84589005,-48.72131295,SPRF-SC,DEL04-SC,UOP04-DEL04-SC,2022
"453400,0",2022-06-02,quinta-feira,05:24:00,SC,470,"126,6",LONTRAS,Desrespeitar a preferência no cruzamento,Colisão transversal,Com Vítimas Feridas,Amanhecer,Decrescente,Garoa/Chuvisco,Simples,Interseção de Vias,Não,3,0,1,0,1,1,1,3,-27.129,-49.538277,SPRF-SC,DEL04-SC,UOP02-DEL04-SC,2022
"453401,0",2022-06-02,quinta-feira,04:30:00,SC,101,"118,9",ITAJAI,Acumulo de água sobre o pavimento,Colisão com objeto,Com Vítimas Feridas,Plena Noite,Crescente,Chuva,Dupla,Reta,Sim,2,0,1,0,0,1,1,2,-26.895859,-48.71903,SPRF-SC,DEL04-SC,UOP04-DEL04-SC,2022
"453402,0",2022-06-02,quinta-feira,05:30:00,SC,101,"368,0",ICARA,Condutor Dormindo,Colisão com objeto,Com Vítimas Feridas,Plena Noite,Decrescente,Chuva,Dupla,Reta,Não,3,0,1,0,1,1,1,2,-28.6957326,-49.17347228,SPRF-SC,DEL02-SC,UOP01-DEL02-SC,2022
"453515,0",2022-06-02,quinta-feira,14:00:00,SC,280,"95,0",CORUPA,Problema com o freio,Saída de leito carroçável,Com Vítimas Feridas,Pleno dia,Crescente,Chuva,Simples,Curva,Não,2,0,0,1,0,1,1,2,-26.38583849,-49.30283476,SPRF-SC,DEL06-SC,UOP03-DEL06-SC,2022
"453548,0",2022-06-02,quinta-feira,19:03:00,SC,480,"123,9",CHAPECO,Acessar a via sem observar a presença dos outros veículos,Colisão traseira,Com Vítimas Feridas,Plena Noite,Crescente,Garoa/Chuvisco,Dupla,Reta,Sim,7,0,3,0,2,3,3,8,-27.0017626,-52.64497697,SPRF-SC,DEL07-SC,UOP01-DEL07-SC,2022
"453571,0",2022-06-02,quinta-feira,20:45:00,SC,153,"5,0",AGUA DOCE,Velocidade Incompatível,Colisão com objeto,Com Vítimas Feridas,Plena Noite,Crescente,Chuva,Simples,Curva,Não,2,0,1,0,0,1,1,2,-26.643061,-51.51313,SPRF-SC,DEL07-SC,UOP05-DEL07-SC,2022
"453601,0",2022-03-23,quarta-feira,20:30:00,SC,101,"182,2",BIGUACU,Estacionar ou parar em local proibido,Engavetamento,Com Vítimas Feridas,Plena Noite,Decrescente,Céu Claro,Dupla,Reta;Declive,Não,4,0,1,0,2,2,1,5,-27.39798985,-48.6303592,SPRF-SC,DEL01-SC,UOP01-DEL01-SC,2022
"453665,0",2022-06-03,sexta-feira,13:00:00,SC,101,"90,0",BARRA VELHA,Manobra de mudança de faixa,Colisão lateral mesmo sentido,Com Vítimas Feridas,Pleno dia,Crescente,Céu Claro,Dupla,Reta,Sim,2,0,1,0,1,0,1,2,-26.66148503,-48.68866176,SPRF-SC,DEL03-SC,UOP02-DEL03-SC,2022
"453667,0",2022-06-03,sexta-feira,14:01:00,SC,116,"14,3",MAFRA,Manobra de mudança de faixa,Colisão lateral mesmo sentido,Com Vítimas Feridas,Pleno dia,Crescente,Nublado,Simples,Declive;Reta,Não,3,0,2,0,0,1,2,2,-26.1927121,-49.87729374,SPRF-SC,DEL06-SC,UOP01-DEL06-SC,2022
"453680,0",2022-06-03,sexta-feira,12:00:00,SC,470,"138,0",RIO DO SUL,Acessar a via sem observar a presença dos outros veículos,Colisão transversal,Com Vítimas Feridas,Pleno dia,Decrescente,Nublado,Simples,Interseção de Vias,Sim,3,0,1,0,1,3,1,5,-27.207214,-49.648476,SPRF-SC,DEL04-SC,UOP02-DEL04-SC,2022
"453710,0",2022-06-03,sexta-feira,16:00:00,SC,470,"141,4",RIO DO SUL,Ausência de reação do condutor,Colisão com objeto,Sem Vítimas,Pleno dia,Crescente,Céu Claro,Simples,Túnel,Sim,1,0,0,0,0,1,0,1,-27.226065,-49.666161,SPRF-SC,DEL04-SC,UOP02-DEL04-SC,2022
"453723,0",2022-05-04,quarta-feira,20:00:00,SC,101,"120,0",ITAJAI,Condutor deixou de manter distância do veículo da frente,Engavetamento,Com Vítimas Feridas,Plena Noite,Decrescente,Chuva,Dupla,Reta,Sim,2,0,1,0,1,0,1,2,-26.912464,-48.711908,SPRF-SC,DEL04-SC,UOP04-DEL04-SC,2022
"453925,0",2022-06-04,sábado,18:10:00,SC,280,"28,0",ARAQUARI,Acessar a via sem observar a presença dos outros veículos,Colisão transversal,Com Vítimas Feridas,Plena Noite,Decrescente,Garoa/Chuvisco,Simples,Interseção de Vias,Sim,2,0,1,0,1,0,1,2,-26.40450077,-48.74561031,SPRF-SC,DEL03-SC,UOP03-DEL03-SC,2022
"453966,0",2022-06-04,sábado,15:40:00,SC,280,"221,0",TRES BARRAS,Velocidade Incompatível,Capotamento,Com Vítimas Feridas,Pleno dia,Crescente,Nublado,Dupla,Rotatória,Não,2,0,2,0,0,0,2,1,-26.173056,-50.27445,SPRF-SC,DEL06-SC,UOP04-DEL06-SC,2022
"454057,0",2022-06-02,quinta-feira,12:00:00,SC,470,"7,2",NAVEGANTES,Manobra de mudança de faixa,Colisão lateral mesmo sentido,Sem Vítimas,Pleno dia,Crescente,Chuva,Simples,Viaduto;Em Obras,Sim,2,0,0,0,2,0,0,2,-26.84257392,-48.71557344,SPRF-SC,DEL04-SC,UOP04-DEL04-SC,2022
"454126,0",2022-06-05,domingo,18:00:00,SC,101,"334,5",TUBARAO,Reação tardia ou ineficiente do condutor,Colisão traseira,Com Vítimas Feridas,Plena Noite,Decrescente,Chuva,Múltipla,Interseção de Vias,Sim,2,0,1,0,1,0,1,2,-28.46927473,-49.01557908,SPRF-SC,DEL02-SC,UOP01-DEL02-SC,2022
"454255,0",2022-03-26,sábado,19:45:00,SC,116,"57,3",PAPANDUVA,Ingestão de álcool pelo condutor,Colisão traseira,Com Vítimas Feridas,Plena Noite,Decrescente,Céu Claro,Simples,Reta,Não,2,0,1,0,0,1,1,2,-26.38204782,-50.18999277,SPRF-SC,DEL06-SC,UOP02-DEL06-SC,2022
"454258,0",2022-06-06,segunda-feira,08:45:00,SC,470,"95,0",APIUNA,Ingestão de álcool pelo condutor,Tombamento,Com Vítimas Feridas,Pleno dia,Decrescente,Céu Claro,Simples,Reta,Não,2,0,1,0,0,1,1,2,-27.011988,-49.372101,SPRF-SC,DEL04-SC,UOP01-DEL04-SC,2022
"454321,0",2022-06-06,segunda-feira,16:40:00,SC,101,"125,4",ITAJAI,Manobra de mudança de faixa,Colisão lateral mesmo sentido,Com Vítimas Feridas,Anoitecer,Decrescente,Chuva,Dupla,Reta,Não,6,0,1,0,4,1,1,5,-26.94802427,-48.68338515,SPRF-SC,DEL04-SC,UOP04-DEL04-SC,2022
"454337,0",2022-06-06,segunda-feira,15:00:00,SC,282,"57,0",RANCHO QUEIMADO,Ausência de reação do condutor,Saída de leito carroçável,Com Vítimas Feridas,Pleno dia,Decrescente,Chuva,Simples,Curva,Não,2,0,1,1,0,0,2,1,-27.688864,-48.998455,SPRF-SC,DEL01-SC,UOP03-DEL01-SC,2022
"454395,0",2022-06-07,terça-feira,02:50:00,SC,470,"121,0",IBIRAMA,Velocidade Incompatível,Tombamento,Com Vítimas Feridas,Plena Noite,Decrescente,Nublado,Simples,Curva,Não,2,0,1,0,0,1,1,2,-27.095861,-49.526859,SPRF-SC,DEL04-SC,UOP02-DEL04-SC,2022
"454551,0",2022-06-07,terça-feira,17:30:00,SC,116,"144,6",SANTA CECILIA,Reação tardia ou ineficiente do condutor,Tombamento,Com Vítimas Feridas,Pleno dia,Decrescente,Garoa/Chuvisco,Simples,Declive;Curva,Não,4,0,1,0,2,2,1,5,-26.99601058,-50.40248394,SPRF-SC,DEL06-SC,UOP02-DEL06-SC,2022
"454558,0",2022-06-07,terça-feira,18:55:00,SC,282,"582,1",PINHALZINHO,Reação tardia ou ineficiente do condutor,Saída de leito carroçável,Sem Vítimas,Plena Noite,Crescente,Nublado,Simples,Rotatória,Não,2,0,0,0,1,1,0,2,-26.82647392,-53.00326109,SPRF-SC,DEL07-SC,UOP02-DEL07-SC,2022
"454567,0",2022-06-07,terça-feira,21:00:00,SC,101,"153,7",PORTO BELO,Demais falhas mecânicas ou elétricas,Colisão traseira,Com Vítimas Feridas,Plena Noite,Decrescente,Nublado,Dupla,Reta,Sim,4,0,1,0,2,1,1,4,-27.144717,-48.61063935,SPRF-SC,DEL04-SC,UOP03-DEL04-SC,2022
"454574,0",2022-06-08,quarta-feira,01:30:00,SC,101,"102,0",BALNEARIO PICARRAS,Reação tardia ou ineficiente do condutor,Colisão lateral mesmo sentido,Com Vítimas Feridas,Plena Noite,Decrescente,Nublado,Dupla,Reta,Não,4,0,2,0,1,1,2,3,-26.77383397,-48.68594062,SPRF-SC,DEL03-SC,UOP02-DEL03-SC,2022
"454604,0",2022-06-08,quarta-feira,10:20:00,SC,101,"106,5",PENHA,Demais falhas mecânicas ou elétricas,Colisão traseira,Com Vítimas Feridas,Pleno dia,Crescente,Nublado,Dupla,Reta,Não,5,0,1,1,2,1,2,5,-26.81031601,-48.68293896,SPRF-SC,DEL03-SC,UOP02-DEL03-SC,2022
"454617,0",2022-06-08,quarta-feira,10:40:00,SC,101,"331,7",TUBARAO,Ausência de reação do condutor,Colisão traseira,Com Vítimas Feridas,Pleno dia,Crescente,Céu Claro,Dupla,Reta;Viaduto,Sim,2,0,1,0,1,0,1,2,-28.46574863,-48.9956975,SPRF-SC,DEL02-SC,UOP01-DEL02-SC,2022
"454648,0",2022-06-08,quarta-feira,15:15:00,SC,101,"402,2",MARACAJA,Demais falhas mecânicas ou elétricas,Incêndio,Sem Vítimas,Pleno dia,Decrescente,Nublado,Dupla,Reta,Não,2,0,0,0,1,1,0,2,-28.86330994,-49.44595308,SPRF-SC,DEL02-SC,UOP02-DEL02-SC,2022
"454655,0",2022-06-08,quarta-feira,14:40:00,SC,101,"242,1",PALHOCA,Reação tardia ou ineficiente do condutor,Colisão lateral mesmo sentido,Com Vítimas Feridas,Pleno dia,Decrescente,Nublado,Dupla,Reta,Não,4,0,2,0,2,0,2,2,-27.8852258,-48.64768088,SPRF-SC,DEL01-SC,UOP02-DEL01-SC,2022
"454707,0",2022-06-08,quarta-feira,18:20:00,SC,101,"43,0",JOINVILLE,Desrespeitar a preferência no cruzamento,Colisão transversal,Com Vítimas Feridas,Plena Noite,Crescente,Nublado,Simples,Reta,Sim,2,0,0,1,1,0,1,2,-26.30357106,-48.88225609,SPRF-SC,DEL03-SC,UOP01-DEL03-SC,2022
"454739,0",2022-06-09,quinta-feira,03:50:00,SC,101,"264,0",GAROPABA,Entrada inopinada do pedestre,Atropelamento de Pedestre,Com Vítimas Fatais,Plena Noite,Decrescente,Nublado,Dupla,Reta,Não,3,1,0,0,1,1,0,3,-28.0544661,-48.7172716,SPRF-SC,DEL02-SC,UOP03-DEL02-SC,2022
"454765,0",2022-06-09,quinta-feira,07:50:00,SC,101,"56,4",ARAQUARI,Ultrapassagem Indevida,Colisão lateral mesmo sentido,Com Vítimas Feridas,Pleno dia,Crescente,Nublado,Dupla,Reta,Não,3,0,1,0,1,1,1,3,-26.43207484,-48.82263984,SPRF-SC,DEL03-SC,UOP01-DEL03-SC,2022
"454975,0",2022-06-10,sexta-feira,08:50:00,SC,470,"5,0",NAVEGANTES,Acessar a via sem observar a presença dos outros veículos,Colisão transversal,Sem Vítimas,Pleno dia,Decrescente,Nublado,Dupla,Interseção de Vias,Sim,2,0,0,0,2,0,0,2,-26.855688,-48.700333,SPRF-SC,DEL04-SC,UOP04-DEL04-SC,2022
"455015,0",2022-06-10,sexta-feira,14:40:00,SC,470,"172,0",POUSO REDONDO,Pista esburacada,Colisão frontal,Com Vítimas Feridas,Pleno dia,Crescente,Nublado,Simples,Curva,Sim,3,0,0,1,1,1,1,3,-27.257526,-49.909592,SPRF-SC,DEL04-SC,UOP02-DEL04-SC,2022
"455039,0",2022-06-10,sexta-feira,15:00:00,SC,480,"129,1",CHAPECO,Desrespeitar a preferência no cruzamento,Colisão transversal,Com Vítimas Feridas,Pleno dia,Crescente,Céu Claro,Simples,Declive,Não,3,0,1,1,1,0,2,2,-27.04656607,-52.63577131,SPRF-SC,DEL07-SC,UOP01-DEL07-SC,2022
"455328,0",2022-06-12,domingo,04:30:00,SC,101,"218,0",PALHOCA,Ausência de reação do condutor,Colisão traseira,Com Vítimas Feridas,Plena Noite,Crescente,Céu Claro,Múltipla,Reta,Sim,2,0,1,0,1,0,1,2,-27.6758601,-48.67052525,SPRF-SC,DEL01-SC,UOP02-DEL01-SC,2022
"455410,0",2022-06-12,domingo,11:30:00,SC,470,"220,0",SAO CRISTOVAO DO SUL,Ausência de reação do condutor,Saída de leito carroçável,Com Vítimas Feridas,Pleno dia,Decrescente,Céu Claro,Simples,Curva,Não,2,0,1,0,0,1,1,2,-27.32696,-50.342205,SPRF-SC,DEL05-SC,UOP03-DEL05-SC,2022
"455435,0",2022-06-12,domingo,08:15:00,SC,470,"270,8",BRUNOPOLIS,Velocidade Incompatível,Tombamento,Com Vítimas Feridas,Pleno dia,Decrescente,Nublado,Simples,Curva,Não,2,0,1,0,0,1,1,2,-27.325869,-50.778515,SPRF-SC,DEL07-SC,UOP06-DEL07-SC,2022
"455581,0",2022-06-13,segunda-feira,09:30:00,SC,282,"209,0",LAGES,Reação tardia ou ineficiente do condutor,Engavetamento,Com Vítimas Feridas,Pleno dia,Decrescente,Céu Claro,Simples,Reta,Não,8,0,1,0,6,1,1,4,-27.776926,-50.221893,SPRF-SC,DEL05-SC,UOP01-DEL05-SC,2022
"455607,0",2022-06-13,segunda-feira,11:50:00,SC,282,"278,0",SAO JOSE DO CERRITO,Acessar a via sem observar a presença dos outros veículos,Colisão transversal,Sem Vítimas,Pleno dia,Crescente,Céu Claro,Simples,Reta,Sim,2,0,0,0,1,1,0,2,-27.5835106,-50.7542647,SPRF-SC,DEL05-SC,UOP02-DEL05-SC,2022
"455658,0",2022-06-13,segunda-feira,13:00:00,SC,470,"255,9",CURITIBANOS,Transitar na contramão,Colisão frontal,Com Vítimas Fatais,Pleno dia,Decrescente,Céu Claro,Simples,Curva,Não,5,1,0,0,3,2,0,5,-27.3089026,-50.6459737,SPRF-SC,DEL05-SC,UOP03-DEL05-SC,2022
"455672,0",2022-06-13,segunda-feira,19:50:00,SC,280,"10,0",SAO FRANCISCO DO SUL,Velocidade Incompatível,Colisão com objeto,Com Vítimas Feridas,Plena Noite,Decrescente,Céu Claro,Simples,Reta,Sim,3,0,0,1,1,1,1,3,-26.29625399,-48.64238799,SPRF-SC,DEL03-SC,UOP03-DEL03-SC,2022
"455696,0",2022-05-16,segunda-feira,22:35:00,SC,470,"226,5",SAO CRISTOVAO DO SUL,Ausência de reação do condutor,Colisão frontal,Com Vítimas Fatais,Plena Noite,Decrescente,Nublado,Simples,Curva,Não,3,1,0,0,1,2,0,4,-27.3278415,-50.36595693,SPRF-SC,DEL05-SC,UOP03-DEL05-SC,2022
"455784,0",2022-06-14,terça-feira,11:10:00,SC,470,"54,8",BLUMENAU,Acessar a via sem observar a presença dos outros veículos,Colisão traseira,Com Vítimas Fatais,Pleno dia,Decrescente,Nublado,Simples,Reta;Interseção de Vias,Sim,3,1,0,0,1,1,0,3,-26.8751528,-49.116953,SPRF-SC,DEL04-SC,UOP01-DEL04-SC,2022
"455821,0",2022-06-14,terça-feira,15:15:00,SC,282,"446,4",PONTE SERRADA,Velocidade Incompatível,Colisão lateral sentido oposto,Com Vítimas Feridas,Pleno dia,Crescente,Céu Claro,Simples,Curva,Não,3,0,0,1,1,1,1,3,-26.910217,-51.914951,SPRF-SC,DEL07-SC,UOP04-DEL07-SC,2022
"455871,0",2022-06-14,terça-feira,20:12:00,SC,282,"475,9",VARGEAO,Transitar na contramão,Colisão frontal,Com Vítimas Feridas,Plena Noite,Decrescente,Ignorado,Simples,Rotatória,Sim,3,0,1,0,1,2,1,4,-26.87366191,-52.15373576,SPRF-SC,DEL07-SC,UOP01-DEL07-SC,2022
"456040,0",2022-06-15,quarta-feira,18:30:00,SC,101,"204,0",SAO JOSE,Reação tardia ou ineficiente do condutor,Colisão lateral mesmo sentido,Com Vítimas Feridas,Plena Noite,Decrescente,Céu Claro,Múltipla,Reta,Sim,4,0,1,0,2,1,1,4,-27.57413014,-48.61363083,SPRF-SC,DEL01-SC,UOP01-DEL01-SC,2022
"456075,0",2022-06-15,quarta-feira,20:30:00,SC,101,"119,0",ITAJAI,Acessar a via sem observar a presença dos outros veículos,Colisão transversal,Com Vítimas Feridas,Plena Noite,Decrescente,Céu Claro,Dupla,Reta,Sim,2,0,0,1,0,1,1,2,-26.9043179,-48.71555481,SPRF-SC,DEL04-SC,UOP04-DEL04-SC,2022
"456076,0",2022-06-15,quarta-feira,18:10:00,SC,282,"218,7",LAGES,Ingestão de álcool e/ou substâncias psicoativas pelo pedestre,Atropelamento de Pedestre,Com Vítimas Feridas,Plena Noite,Crescente,Céu Claro,Dupla,Declive;Interseção de Vias;Reta,Sim,2,0,0,1,1,0,1,2,-27.79778983,-50.3094542,SPRF-SC,DEL05-SC,UOP01-DEL05-SC,2022
"456079,0",2022-06-15,quarta-feira,15:49:00,SC,282,"569,2",NOVA ERECHIM,Reação tardia ou ineficiente do condutor,Colisão frontal,Com Vítimas Fatais,Pleno dia,Decrescente,Céu Claro,Simples,Aclive;Reta,Não,5,1,0,0,4,0,0,2,-26.9009642,-52.9150206,SPRF-SC,DEL07-SC,UOP02-DEL07-SC,2022
"456210,0",2022-06-16,quinta-feira,15:10:00,SC,470,"167,8",POUSO REDONDO,Manobra de mudança de faixa,Colisão lateral mesmo sentido,Com Vítimas Feridas,Pleno dia,Decrescente,Céu Claro,Simples,Reta;Aclive,Não,4,0,1,1,1,1,2,3,-27.266994,-49.872524,SPRF-SC,DEL04-SC,UOP02-DEL04-SC,2022
"456217,0",2022-06-16,quinta-feira,16:20:00,SC,470,"192,0",POUSO REDONDO,Velocidade Incompatível,Tombamento,Com Vítimas Feridas,Pleno dia,Decrescente,Céu Claro,Simples,Curva,Não,2,0,1,0,0,1,1,2,-27.293324,-50.078678,SPRF-SC,DEL04-SC,UOP02-DEL04-SC,2022