id,data_inversa,dia_semana,horario,uf,br,km,municipio,causa_acidente,tipo_acidente,classificacao_acidente,fase_dia,sentido_via,condicao_metereologica,tipo_pista,tracado_via,uso_solo,pessoas,mortos,feridos_leves,feridos_graves,ilesos,ignorados,feridos,veiculos,latitude,longitude,regional,delegacia,uop,ano_arquivo
"460192,0",2022-07-07,quinta-feira,10:50:00,SC,470,"18,0",ILHOTA,Condutor deixou de manter distância do veículo da frente,Colisão traseira,Com Vítimas Feridas,Pleno dia,Crescente,Céu Claro,Simples,Reta,Não,4,0,2,0,2,0,2,2,-26.855534,-48.808922,SPRF-SC,DEL04-SC,UOP04-DEL04-SC,2022
"460202,0",2022-07-07,quinta-feira,10:20:00,SC,470,"18,0",ILHOTA,Manobra de mudança de faixa,Colisão frontal,Com Vítimas Fatais,Pleno dia,Crescente,Céu Claro,Simples,Reta,Não,2,1,1,0,0,0,1,2,-26.855534,-48.808922,SPRF-SC,DEL04-SC,UOP04-DEL04-SC,2022
"460213,0",2022-07-07,quinta-feira,14:18:00,SC,101,"196,8",BIGUACU,Ausência de reação do condutor,Colisão lateral mesmo sentido,Com Vítimas Feridas,Pleno dia,Crescente,Céu Claro,Dupla,Reta,Sim,3,0,1,0,1,1,1,3,-27.51101091,-48.64322292,SPRF-SC,DEL01-SC,UOP01-DEL01-SC,2022
"460276,0",2022-07-07,quinta-feira,20:07:00,SC,280,"245,5",CANOINHAS,Carga excessiva e/ou mal acondicionada,Colisão lateral sentido oposto,Sem Vítimas,Plena Noite,Crescente,Nublado,Simples,Reta,Não,3,0,0,0,3,0,0,3,-26.22501599,-50.45997601,SPRF-SC,DEL06-SC,UOP04-DEL06-SC,2022
"460321,0",2022-07-08,sexta-feira,04:00:00,SC,470,"55,4",BLUMENAU,Ausência de reação do condutor,Colisão traseira,Sem Vítimas,Plena Noite,Crescente,Céu Claro,Simples,Reta,Não,3,0,0,0,2,1,0,3,-26.875601,-49.117992,SPRF-SC,DEL04-SC,UOP01-DEL04-SC,2022
"460357,0",2022-06-02,quinta-feira,14:55:00,SC,280,"162,1",MAFRA,Transitar na contramão,Colisão frontal,Com Vítimas Fatais,Pleno dia,Crescente,Chuva,Simples,Reta,Não,2,1,0,0,1,0,0,2,-26.1928161,-49.8031002,SPRF-SC,DEL06-SC,UOP03-DEL06-SC,2022
"460403,0",2022-07-08,sexta-feira,07:10:00,SC,163,"72,0",SAO MIGUEL DO OESTE,Desrespeitar a preferência no cruzamento,Colisão transversal,Com Vítimas Feridas,Pleno dia,Decrescente,Céu Claro,Dupla,Reta;Interseção de Vias,Sim,3,0,1,0,1,1,1,3,-26.71908804,-53.5157791,SPRF-SC,DEL07-SC,UOP03-DEL07-SC,2022
"460511,0",2022-07-08,sexta-feira,19:40:00,SC,282,"624,4",IRACEMINHA,Acessar a via sem observar a presença dos outros veículos,Colisão transversal,Com Vítimas Feridas,Plena Noite,Crescente,Nublado,Simples,Interseção de Vias,Não,4,0,0,3,0,1,3,3,-26.79847275,-53.34561288,SPRF-SC,DEL07-SC,UOP02-DEL07-SC,2022
"460570,0",2022-07-09,sábado,02:20:00,SC,470,"35,0",GASPAR,Acessar a via sem observar a presença dos outros veículos,Colisão transversal,Com Vítimas Feridas,Plena Noite,Crescente,Céu Claro,Simples,Reta,Não,3,0,0,1,1,1,1,3,-26.912857,-48.958965,SPRF-SC,DEL04-SC,UOP01-DEL04-SC,2022
"460740,0",2022-07-09,sábado,18:00:00,SC,153,"58,7",IRANI,Desrespeitar a preferência no cruzamento,Colisão transversal,Com Vítimas Feridas,Plena Noite,Decrescente,Céu Claro,Simples,Rotatória,Não,3,0,1,0,1,1,1,3,-26.964373,-51.841362,SPRF-SC,DEL07-SC,UOP04-DEL07-SC,2022
"460759,0",2022-07-09,sábado,16:06:00,SC,163,"123,7",DIONISIO CERQUEIRA,Ingestão de álcool pelo condutor,Colisão lateral sentido oposto,Com Vítimas Feridas,Pleno dia,Crescente,Céu Claro,Simples,Reta,Não,2,0,1,0,1,0,1,2,-26.30476469,-53.5506378,SPRF-SC,DEL07-SC,UOP03-DEL07-SC,2022
"460776,0",2022-07-05,terça-feira,20:00:00,SC,280,"130,0",RIO NEGRINHO,Manobra de mudança de faixa,Colisão com objeto,Sem Vítimas,Plena Noite,Crescente,Céu Claro,Simples,Reta,Sim,1,0,0,0,1,0,0,1,-26.2530246,-49.52924913,SPRF-SC,DEL06-SC,UOP03-DEL06-SC,2022
"460885,0",2022-07-10,domingo,12:00:00,SC,282,"160,0",BOM RETIRO,Demais falhas mecânicas ou elétricas,Saída de leito carroçável,Com Vítimas Feridas,Pleno dia,Crescente,Céu Claro,Simples,Reta,Não,1,0,1,0,0,0,1,1,-27.734652,-49.753586,SPRF-SC,DEL05-SC,UOP01-DEL05-SC,2022
"461048,0",2022-07-11,segunda-feira,08:15:00,SC,470,"59,2",BLUMENAU,Demais falhas mecânicas ou elétricas,Colisão frontal,Com Vítimas Feridas,Pleno dia,Crescente,Céu Claro,Simples,Reta,Não,2,0,0,1,1,0,1,2,-26.882812,-49.1548,SPRF-SC,DEL04-SC,UOP01-DEL04-SC,2022
"461072,0",2022-07-11,segunda-feira,10:50:00,SC,101,"203,0",SAO JOSE,Ausência de reação do condutor,Colisão lateral mesmo sentido,Com Vítimas Feridas,Pleno dia,Crescente,Nublado,Múltipla,Reta,Sim,2,0,1,0,0,1,1,2,-27.5650044,-48.61460082,SPRF-SC,DEL01-SC,UOP01-DEL01-SC,2022
"461091,0",2022-05-20,sexta-feira,18:35:00,SC,101,"209,0",SAO JOSE,Velocidade Incompatível,Colisão traseira,Com Vítimas Feridas,Plena Noite,Decrescente,Céu Claro,Múltipla,Reta,Sim,3,0,0,1,1,1,1,3,-27.61080472,-48.63940358,SPRF-SC,DEL01-SC,UOP01-DEL01-SC,2022
"461125,0",2022-07-11,segunda-feira,12:00:00,SC,158,"104,0",CUNHA PORA,Ingestão de substâncias psicoativas pelo condutor,Colisão frontal,Com Vítimas Feridas,Pleno dia,Crescente,Céu Claro,Simples,Reta,Não,3,0,0,1,1,1,1,3,-26.86046001,-53.16404912,SPRF-SC,DEL07-SC,UOP02-DEL07-SC,2022
"461140,0",2022-07-10,domingo,23:30:00,SC,470,"211,6",SAO CRISTOVAO DO SUL,Velocidade Incompatível,Saída de leito carroçável,Com Vítimas Feridas,Plena Noite,Decrescente,Céu Claro,Simples,Declive;Curva,Não,2,0,1,0,0,1,1,2,-27.30955328,-50.2345562,SPRF-SC,DEL05-SC,UOP03-DEL05-SC,2022
"461141,0",2022-07-11,segunda-feira,16:40:00,SC,280,"29,7",ARAQUARI,Reação tardia ou ineficiente do condutor,Colisão frontal,Sem Vítimas,Pleno dia,Decrescente,Céu Claro,Simples,Reta,Não,2,0,0,0,1,1,0,2,-26.41066264,-48.75295628,SPRF-SC,DEL03-SC,UOP03-DEL03-SC,2022
"461142,0",2022-07-11,segunda-feira,16:25:00,SC,101,"122,9",ITAJAI,Trafegar com motocicleta (ou similar) entre as faixas,Colisão lateral mesmo sentido,Com Vítimas Feridas,Pleno dia,Decrescente,Nublado,Simples,Reta,Não,3,0,1,0,1,1,1,3,-26.93677202,-48.69817615,SPRF-SC,DEL04-SC,UOP04-DEL04-SC,2022
"461163,0",2022-07-11,segunda-feira,16:30:00,SC,101,"132,0",BALNEARIO CAMBORIU,Pedestre cruzava a pista fora da faixa,Atropelamento de Pedestre,Com Vítimas Feridas,Pleno dia,Crescente,Céu Claro,Dupla,Reta,Sim,2,0,1,0,1,0,1,2,-26.99654133,-48.65564711,SPRF-SC,DEL04-SC,UOP03-DEL04-SC,2022
"461174,0",2022-07-11,segunda-feira,19:45:00,SC,280,"16,1",SAO FRANCISCO DO SUL,Reação tardia ou ineficiente do condutor,Colisão frontal,Com Vítimas Feridas,Plena Noite,Decrescente,Céu Claro,Simples,Reta,Não,3,0,0,1,1,3,1,5,-26.34729908,-48.65797872,SPRF-SC,DEL03-SC,UOP03-DEL03-SC,2022
"461176,0",2022-07-11,segunda-feira,20:10:00,SC,101,"118,8",ITAJAI,Acessar a via sem observar a presença dos outros veículos,Colisão lateral mesmo sentido,Com Vítimas Feridas,Plena Noite,Decrescente,Nublado,Dupla,Reta,Não,3,0,1,0,1,1,1,3,-26.9009432,-48.71670669,SPRF-SC,DEL04-SC,UOP04-DEL04-SC,2022
"461185,0",2022-07-11,segunda-feira,18:50:00,SC,101,"349,9",JAGUARUNA,Manobra de mudança de faixa,Colisão traseira,Com Vítimas Feridas,Plena Noite,Crescente,Céu Claro,Dupla,Declive,Não,3,0,0,1,1,1,1,3,-28.5983887,-49.05052185,SPRF-SC,DEL02-SC,UOP01-DEL02-SC,2022
"461211,0",2022-07-12,terça-feira,03:40:00,SC,470,"220,3",SAO CRISTOVAO DO SUL,Pista Escorregadia,Colisão frontal,Com Vítimas Feridas,Plena Noite,Crescente,Chuva,Simples,Curva,Não,3,0,3,0,0,0,3,2,-27.31184118,-50.31206131,SPRF-SC,DEL05-SC,UOP03-DEL05-SC,2022
"461222,0",2022-07-12,terça-feira,07:00:00,SC,101,"205,8",SAO JOSE,Trafegar com motocicleta (ou similar) entre as faixas,Tombamento,Com Vítimas Feridas,Pleno dia,Crescente,Céu Claro,Múltipla,Reta,Sim,3,0,0,1,1,1,1,3,-27.59193546,-48.61824557,SPRF-SC,DEL01-SC,UOP01-DEL01-SC,2022
"461226,0",2022-06-18,sábado,19:40:00,SC,282,"50,8",AGUAS MORNAS,Velocidade Incompatível,Colisão frontal,Com Vítimas Fatais,Plena Noite,Decrescente,Céu Claro,Simples,Curva;Declive,Não,8,1,1,3,2,2,4,5,-27.7037593,-48.9592645,SPRF-SC,DEL01-SC,UOP03-DEL01-SC,2022
"461336,0",2022-07-12,terça-feira,19:50:00,SC,101,"209,9",SAO JOSE,Trafegar com motocicleta (ou similar) entre as faixas,Colisão lateral mesmo sentido,Com Vítimas Feridas,Plena Noite,Decrescente,Céu Claro,Múltipla,Reta;Aclive,Sim,3,0,1,1,0,1,2,2,-27.61000542,-48.63895057,SPRF-SC,DEL01-SC,UOP01-DEL01-SC,2022
"461466,0",2022-07-13,quarta-feira,13:15:00,SC,101,"269,7",IMBITUBA,Condutor usando celular,Colisão traseira,Sem Vítimas,Pleno dia,Decrescente,Nublado,Dupla,Reta,Não,3,0,0,0,2,1,0,3,-28.10211793,-48.70362639,SPRF-SC,DEL02-SC,UOP03-DEL02-SC,2022
"461486,0",2022-07-12,terça-feira,13:40:00,SC,101,"39,0",JOINVILLE,Avarias e/ou desgaste excessivo no pneu,Colisão lateral mesmo sentido,Com Vítimas Feridas,Pleno dia,Decrescente,Céu Claro,Dupla,Reta,Sim,6,0,2,0,3,2,2,4,-26.2628107,-48.90192257,SPRF-SC,DEL03-SC,UOP01-DEL03-SC,2022
"461488,0",2022-07-13,quarta-feira,16:00:00,SC,101,"215,0",PALHOCA,Ausência de reação do condutor,Colisão transversal,Com Vítimas Feridas,Pleno dia,Decrescente,Céu Claro,Múltipla,Reta,Sim,4,0,2,0,1,3,2,6,-27.65184843,-48.67604941,SPRF-SC,DEL01-SC,UOP02-DEL01-SC,2022
"461545,0",2022-07-13,quarta-feira,22:20:00,SC,101,"356,1",SANGAO,Ingestão de álcool pelo condutor,Saída de leito carroçável,Com Vítimas Feridas,Plena Noite,Decrescente,Céu Claro,Dupla,Curva,Não,2,0,1,0,0,1,1,2,-28.62930081,-49.08665412,SPRF-SC,DEL02-SC,UOP01-DEL02-SC,2022
"461623,0",2022-07-14,quinta-feira,08:50:00,SC,101,"101,0",BALNEARIO PICARRAS,Condutor deixou de manter distância do veículo da frente,Colisão traseira,Com Vítimas Feridas,Pleno dia,Crescente,Garoa/Chuvisco,Dupla,Ponte,Sim,5,0,1,0,3,2,1,4,-26.76404198,-48.68657667,SPRF-SC,DEL03-SC,UOP02-DEL03-SC,2022
"461634,0",2022-07-14,quinta-feira,12:05:00,SC,470,"12,0",NAVEGANTES,Carga excessiva e/ou mal acondicionada,Derramamento de carga,Sem Vítimas,Pleno dia,Decrescente,Chuva,Dupla,Reta,Não,2,0,0,0,1,1,0,2,-26.835169,-48.757267,SPRF-SC,DEL04-SC,UOP04-DEL04-SC,2022
"461660,0",2022-07-14,quinta-feira,16:30:00,SC,470,"62,1",INDAIAL,Acessar a via sem observar a presença dos outros veículos,Colisão transversal,Com Vítimas Feridas,Pleno dia,Crescente,Chuva,Simples,Reta;Interseção de Vias,Sim,3,0,1,0,1,1,1,3,-26.874521,-49.182938,SPRF-SC,DEL04-SC,UOP01-DEL04-SC,2022
"461687,0",2022-07-14,quinta-feira,16:35:00,SC,282,"420,1",VARGEM BONITA,Velocidade Incompatível,Capotamento,Com Vítimas Feridas,Pleno dia,Crescente,Céu Claro,Simples,Curva,Não,2,0,1,0,0,1,1,2,-27.014505,-51.736427,SPRF-SC,DEL07-SC,UOP05-DEL07-SC,2022
"461689,0",2022-07-14,quinta-feira,17:30:00,SC,470,"277,0",BRUNOPOLIS,Ausência de reação do condutor,Colisão lateral sentido oposto,Com Vítimas Feridas,Pleno dia,Decrescente,Nublado,Simples,Reta,Não,3,0,1,0,1,2,1,4,-27.332188,-50.862553,SPRF-SC,DEL07-SC,UOP06-DEL07-SC,2022
"461701,0",2022-07-14,quinta-feira,18:31:00,SC,280,"200,0",MAFRA,Conversão proibida,Colisão transversal,Com Vítimas Feridas,Anoitecer,Crescente,Nublado,Simples,Reta,Não,2,0,0,1,1,0,1,2,-26.17433755,-50.07245636,SPRF-SC,DEL06-SC,UOP01-DEL06-SC,2022
"461709,0",2022-07-14,quinta-feira,19:40:00,SC,116,"75,0",MONTE CASTELO,Reação tardia ou ineficiente do condutor,Incêndio,Sem Vítimas,Plena Noite,Crescente,Garoa/Chuvisco,Simples,Reta,Não,1,0,0,0,1,0,0,1,-26.51214597,-50.22707097,SPRF-SC,DEL06-SC,UOP02-DEL06-SC,2022
"461721,0",2022-07-14,quinta-feira,17:10:00,SC,470,"119,1",IBIRAMA,Velocidade Incompatível,Tombamento,Com Vítimas Feridas,Anoitecer,Decrescente,Nublado,Dupla,Curva;Declive,Não,2,0,1,0,0,2,1,3,-27.08238841,-49.52047706,SPRF-SC,DEL04-SC,UOP02-DEL04-SC,2022
"461730,0",2022-07-14,quinta-feira,20:00:00,SC,282,"179,0",BOCAINA DO SUL,Demais falhas mecânicas ou elétricas,Incêndio,Sem Vítimas,Plena Noite,Decrescente,Garoa/Chuvisco,Simples,Reta,Não,2,0,0,0,1,1,0,2,-27.740141,-49.930519,SPRF-SC,DEL05-SC,UOP01-DEL05-SC,2022
"461731,0",2022-07-14,quinta-feira,23:55:00,SC,116,"139,0",SANTA CECILIA,Acessar a via sem observar a presença dos outros veículos,Colisão frontal,Com Vítimas Feridas,Plena Noite,Crescente,Nublado,Simples,Reta,Sim,3,0,1,0,1,1,1,3,-26.96007677,-50.41626976,SPRF-SC,DEL06-SC,UOP02-DEL06-SC,2022
"461738,0",2022-07-14,quinta-feira,20:20:00,SC,470,"275,0",BRUNOPOLIS,Ingestão de substâncias psicoativas pelo condutor,Colisão frontal,Com Vítimas Feridas,Plena Noite,Decrescente,Nublado,Simples,Reta,Não,4,0,1,1,1,1,2,3,-27.329201,-50.813515,SPRF-SC,DEL07-SC,UOP06-DEL07-SC,2022
"461777,0",2022-07-15,sexta-feira,07:30:00,SC,282,"90,7",ALFREDO WAGNER,Velocidade Incompatível,Colisão frontal,Sem Vítimas,Amanhecer,Decrescente,Nublado,Simples,Curva,Não,3,0,0,0,2,1,0,3,-27.683796,-49.222366,SPRF-SC,DEL01-SC,UOP03-DEL01-SC,2022
"461802,0",2022-07-15,sexta-feira,12:20:00,SC,282,"397,0",JOACABA,Condutor deixou de manter distância do veículo da frente,Colisão traseira,Com Vítimas Feridas,Pleno dia,Crescente,Céu Claro,Simples,Aclive;Reta,Não,3,0,1,0,1,2,1,4,-27.149391,-51.607558,SPRF-SC,DEL07-SC,UOP05-DEL07-SC,2022
"461821,0",2022-07-15,sexta-feira,09:00:00,SC,280,"96,1",CORUPA,Velocidade Incompatível,Colisão com objeto,Com Vítimas Feridas,Pleno dia,Crescente,Céu Claro,Simples,Declive,Não,3,0,0,2,0,1,2,2,-26.3833143,-49.31223107,SPRF-SC,DEL06-SC,UOP03-DEL06-SC,2022
"461872,0",2022-07-15,sexta-feira,18:10:00,SC,101,"253,5",PAULO LOPES,Pedestre andava na pista,Atropelamento de Pedestre,Com Vítimas Fatais,Plena Noite,Decrescente,Céu Claro,Dupla,Reta,Sim,5,1,0,0,2,2,0,3,-27.9715655,-48.679463,SPRF-SC,DEL02-SC,UOP03-DEL02-SC,2022
"461915,0",2022-07-16,sábado,01:00:00,SC,470,"61,8",BLUMENAU,Ingestão de álcool pelo condutor,Colisão frontal,Sem Vítimas,Plena Noite,Crescente,Nevoeiro/Neblina,Simples,Curva,Não,3,0,0,0,2,1,0,3,-26.878952,-49.17421,SPRF-SC,DEL04-SC,UOP01-DEL04-SC,2022
"461918,0",2022-07-15,sexta-feira,15:50:00,SC,280,"221,0",TRES BARRAS,Velocidade Incompatível,Tombamento,Sem Vítimas,Pleno dia,Decrescente,Céu Claro,Simples,Interseção de Vias;Rotatória;Aclive,Não,2,0,0,0,1,1,0,2,-26.173056,-50.27445,SPRF-SC,DEL06-SC,UOP04-DEL06-SC,2022
"461958,0",2022-07-16,sábado,07:25:00,SC,470,"141,0",RIO DO SUL,Ingestão de álcool pelo condutor,Colisão lateral mesmo sentido,Com Vítimas Feridas,Pleno dia,Crescente,Garoa/Chuvisco,Simples,Reta,Sim,5,0,2,0,2,1,2,4,-27.226065,-49.666161,SPRF-SC,DEL04-SC,UOP02-DEL04-SC,2022
"461997,0",2022-07-16,sábado,08:55:00,SC,470,"234,7",SAO CRISTOVAO DO SUL,Reação tardia ou ineficiente do condutor,Colisão lateral sentido oposto,Com Vítimas Feridas,Pleno dia,Crescente,Chuva,Simples,Curva,Não,4,0,1,0,2,1,1,4,-27.30118299,-50.44463569,SPRF-SC,DEL05-SC,UOP03-DEL05-SC,2022
"462019,0",2022-07-16,sábado,13:40:00,SC,101,"196,0",BIGUACU,Manobra de mudança de faixa,Colisão lateral mesmo sentido,Com Vítimas Feridas,Pleno dia,Decrescente,Céu Claro,Dupla,Reta,Não,2,0,1,0,1,0,1,2,-27.51101091,-48.64322292,SPRF-SC,DEL01-SC,UOP01-DEL01-SC,2022
"462021,0",2022-07-16,sábado,10:40:00,SC,470,"83,0",RODEIO,Transitar na contramão,Colisão lateral sentido oposto,Com Vítimas Feridas,Pleno dia,Crescente,Céu Claro,Simples,Reta,Não,3,0,0,1,1,1,1,3,-26.963474,-49.332661,SPRF-SC,DEL04-SC,UOP01-DEL04-SC,2022
"462028,0",2022-07-16,sábado,13:20:00,SC,116,"105,6",MONTE CASTELO,Problema com o freio,Tombamento,Com Vítimas Feridas,Pleno dia,Decrescente,Céu Claro,Simples,Curva,Não,1,0,1,0,0,0,1,1,-26.75095005,-50.31749478,SPRF-SC,DEL06-SC,UOP02-DEL06-SC,2022
"462043,0",2022-06-20,segunda-feira,07:30:00,SC,470,"11,0",NAVEGANTES,Reação tardia ou ineficiente do condutor,Colisão traseira,Sem Vítimas,Pleno dia,Crescente,Nublado,Simples,Reta,Não,2,0,0,0,1,1,0,2,-26.83425,-48.74816,SPRF-SC,DEL04-SC,UOP04-DEL04-SC,2022
"462070,0",2022-07-16,sábado,19:30:00,SC,101,"211,9",PALHOCA,Manobra de mudança de faixa,Queda de ocupante de veículo,Com Vítimas Feridas,Plena Noite,Crescente,Nublado,Múltipla,Reta,Sim,2,0,1,0,1,0,1,2,-27.62329313,-48.65245588,SPRF-SC,DEL01-SC,UOP02-DEL01-SC,2022
"462215,0",2022-07-17,domingo,12:50:00,SC,280,"301,5",PORTO UNIAO,Transitar na contramão,Saída de leito carroçável,Sem Vítimas,Pleno dia,Crescente,Sol,Simples,Reta,Não,5,0,0,0,3,3,0,5,-26.28105521,-51.04051996,SPRF-SC,DEL06-SC,UOP04-DEL06-SC,2022
"462270,0",2022-07-17,domingo,17:30:00,SC,282,"401,0",JOACABA,Falta de elemento de contenção que evite a saída do leito carroçável,Saída de leito carroçável,Com Vítimas Feridas,Pleno dia,Crescente,Céu Claro,Simples,Reta,Não,2,0,1,0,1,0,1,1,-27.123957,-51.630913,SPRF-SC,DEL07-SC,UOP05-DEL07-SC,2022
"462390,0",2022-07-18,segunda-feira,09:30:00,SC,470,"36,7",GASPAR,Manobra de mudança de faixa,Colisão lateral mesmo sentido,Com Vítimas Fatais,Pleno dia,Crescente,Nublado,Dupla,Em Obras;Desvio Temporário;Reta,Não,2,1,0,0,0,1,0,2,-26.914196,-48.968948,SPRF-SC,DEL04-SC,UOP01-DEL04-SC,2022
"462415,0",2022-07-18,segunda-feira,11:30:00,SC,282,"219,0",LAGES,Acesso irregular,Colisão lateral mesmo sentido,Sem Vítimas,Pleno dia,Decrescente,Céu Claro,Simples,Reta,Sim,3,0,0,0,2,2,0,4,-27.795521,-50.323608,SPRF-SC,DEL05-SC,UOP01-DEL05-SC,2022
"462424,0",2022-07-18,segunda-feira,10:15:00,SC,101,"127,0",ITAJAI,Manobra de mudança de faixa,Colisão lateral mesmo sentido,Com Vítimas Feridas,Pleno dia,Decrescente,Nublado,Dupla,Reta,Sim,2,0,1,0,0,1,1,2,-26.9639319,-48.68328024,SPRF-SC,DEL04-SC,UOP04-DEL04-SC,2022
"462441,0",2022-06-27,segunda-feira,18:08:00,SC,158,"105,0",CUNHA PORA,Pista esburacada,Tombamento,Com Vítimas Fatais,Anoitecer,Crescente,Céu Claro,Simples,Reta;Declive,Não,3,1,0,0,1,1,0,3,-26.8544057,-53.1670382,SPRF-SC,DEL07-SC,UOP02-DEL07-SC,2022
"462515,0",2022-07-18,segunda-feira,22:20:00,SC,116,"115,0",SANTA CECILIA,Velocidade Incompatível,Colisão com objeto,Com Vítimas Fatais,Plena Noite,Decrescente,Chuva,Simples,Curva;Declive,Não,1,1,0,0,0,0,0,1,-26.80262399,-50.33936901,SPRF-SC,DEL06-SC,UOP02-DEL06-SC,2022
"462550,0",2022-07-19,terça-feira,06:05:00,SC,116,"119,7",SANTA CECILIA,Ausência de reação do condutor,Colisão com objeto,Sem Vítimas,Pleno dia,Crescente,Céu Claro,Simples,Reta,Não,1,0,0,0,1,0,0,1,-26.82456089,-50.36708403,SPRF-SC,DEL06-SC,UOP02-DEL06-SC,2022
"462569,0",2022-07-19,terça-feira,10:45:00,SC,282,"534,7",CHAPECO,Ausência de reação do condutor,Colisão com objeto,Sem Vítimas,Pleno dia,Decrescente,Céu Claro,Dupla,Reta,Sim,1,0,0,0,1,0,0,1,-26.9997953,-52.64586747,SPRF-SC,DEL07-SC,UOP01-DEL07-SC,2022
"462594,0",2022-07-19,terça-feira,13:35:00,SC,101,"210,5",SAO JOSE,Reação tardia ou ineficiente do condutor,Colisão traseira,Com Vítimas Feridas,Pleno dia,Decrescente,Céu Claro,Múltipla,Reta,Sim,5,0,2,1,1,1,3,4,-27.6167305,-48.6457265,SPRF-SC,DEL01-SC,UOP01-DEL01-SC,2022
"462610,0",2022-07-19,terça-feira,15:40:00,SC,101,"203,0",SAO JOSE,Ausência de reação do condutor,Colisão traseira,Com Vítimas Feridas,Pleno dia,Decrescente,Céu Claro,Dupla,Reta,Sim,3,0,1,0,1,1,1,3,-27.57413014,-48.61363083,SPRF-SC,DEL01-SC,UOP01-DEL01-SC,2022
"462655,0",2022-07-19,terça-feira,16:30:00,SC,282,"535,0",CHAPECO,Entrada inopinada do pedestre,Atropelamento de Pedestre,Com Vítimas Feridas,Pleno dia,Crescente,Céu Claro,Simples,Reta,Não,3,0,0,1,2,0,1,2,-26.998245,-52.643768,SPRF-SC,DEL07-SC,UOP01-DEL07-SC,2022
"462680,0",2022-07-20,quarta-feira,03:20:00,SC,101,"239,1",PALHOCA,Condutor Dormindo,Saída de leito carroçável,Com Vítimas Feridas,Plena Noite,Crescente,Nublado,Dupla,Curva,Não,3,0,1,0,1,1,1,2,-27.85046883,-48.63955216,SPRF-SC,DEL01-SC,UOP02-DEL01-SC,2022
"462691,0",2022-07-20,quarta-feira,06:10:00,SC,101,"143,8",ITAPEMA,Acessar a via sem observar a presença dos outros veículos,Colisão lateral mesmo sentido,Com Vítimas Feridas,Amanhecer,Crescente,Céu Claro,Dupla,Reta,Sim,4,0,0,1,2,1,1,4,-27.06436,-48.59599405,SPRF-SC,DEL04-SC,UOP03-DEL04-SC,2022
"462765,0",2022-07-20,quarta-feira,08:10:00,SC,282,"613,8",MARAVILHA,Acessar a via sem observar a presença dos outros veículos,Colisão transversal,Com Vítimas Feridas,Pleno dia,Decrescente,Céu Claro,Simples,Curva,Não,3,0,1,0,2,0,1,2,-26.765053,-53.255871,SPRF-SC,DEL07-SC,UOP02-DEL07-SC,2022
"462767,0",2022-07-20,quarta-feira,09:20:00,SC,101,"119,2",ITAJAI,Acessar a via sem observar a presença dos outros veículos,Colisão lateral mesmo sentido,Com Vítimas Feridas,Pleno dia,Crescente,Sol,Dupla,Reta,Não,2,0,1,0,1,0,1,2,-26.9043179,-48.71555481,SPRF-SC,DEL04-SC,UOP04-DEL04-SC,2022
"462830,0",2022-07-20,quarta-feira,17:45:00,SC,101,"176,0",BIGUACU,Condutor usando celular,Colisão lateral mesmo sentido,Com Vítimas Feridas,Anoitecer,Decrescente,Céu Claro,Dupla,Curva,Não,2,0,1,0,1,0,1,2,-27.34661396,-48.63300917,SPRF-SC,DEL01-SC,UOP01-DEL01-SC,2022
"462869,0",2022-07-20,quarta-feira,14:20:00,SC,153,"85,9",CONCORDIA,Ausência de reação do condutor,Tombamento,Com Vítimas Feridas,Pleno dia,Decrescente,Céu Claro,Simples,Curva,Não,2,0,0,1,0,1,1,2,-27.142017,-51.913219,SPRF-SC,DEL07-SC,UOP04-DEL07-SC,2022
"462870,0",2022-07-19,terça-feira,21:30:00,SC,282,"374,0",ERVAL VELHO,Condutor Dormindo,Saída de leito carroçável,Sem Vítimas,Plena Noite,Crescente,Céu Claro,Simples,Aclive,Não,2,0,0,0,1,2,0,3,-27.247312,-51.448596,SPRF-SC,DEL07-SC,UOP05-DEL07-SC,2022
"462883,0",2022-07-20,quarta-feira,16:00:00,SC,280,"35,2",ARAQUARI,Retorno proibido,Colisão transversal,Com Vítimas Feridas,Pleno dia,Decrescente,Céu Claro,Simples,Interseção de Vias,Não,2,0,0,1,1,0,1,2,-26.43447549,-48.80453914,SPRF-SC,DEL03-SC,UOP03-DEL03-SC,2022
"462908,0",2022-07-21,quinta-feira,00:30:00,SC,101,"44,6",JOINVILLE,Participar de racha,Colisão com objeto,Com Vítimas Feridas,Plena Noite,Crescente,Nublado,Dupla,Reta,Não,6,0,3,1,0,2,4,5,-26.31368967,-48.87366772,SPRF-SC,DEL03-SC,UOP01-DEL03-SC,2022
"462914,0",2022-07-20,quarta-feira,22:50:00,SC,280,"138,5",RIO NEGRINHO,Ausência de reação do condutor,Saída de leito carroçável,Com Vítimas Feridas,Plena Noite,Crescente,Céu Claro,Simples,Declive,Não,2,0,0,1,0,1,1,2,-26.26237708,-49.59785109,SPRF-SC,DEL06-SC,UOP03-DEL06-SC,2022
"462942,0",2022-07-21,quinta-feira,07:14:00,SC,280,"52,5",GUARAMIRIM,Ausência de reação do condutor,Colisão lateral mesmo sentido,Com Vítimas Feridas,Pleno dia,Crescente,Nublado,Dupla,Em Obras,Sim,2,0,1,0,0,1,1,2,-26.468904,-48.96492,SPRF-SC,DEL03-SC,UOP03-DEL03-SC,2022