id,data_inversa,dia_semana,horario,uf,br,km,municipio,causa_acidente,tipo_acidente,classificacao_acidente,fase_dia,sentido_via,condicao_metereologica,tipo_pista,tracado_via,uso_solo,pessoas,mortos,feridos_leves,feridos_graves,ilesos,ignorados,feridos,veiculos,latitude,longitude,regional,delegacia,uop,ano_arquivo
"462946,0",2022-05-30,segunda-feira,10:00:00,SC,282,"628,4",IRACEMINHA,Condutor deixou de manter distância do veículo da frente,Colisão traseira,Com Vítimas Feridas,Pleno dia,Crescente,Céu Claro,Simples,Declive,Não,5,0,1,2,2,0,3,2,-26.818754,-53.365486,SPRF-SC,DEL07-SC,UOP02-DEL07-SC,2022
"462980,0",2022-07-21,quinta-feira,10:50:00,SC,101,"195,8",BIGUACU,Acessar a via sem observar a presença dos outros veículos,Colisão traseira,Com Vítimas Feridas,Pleno dia,Crescente,Céu Claro,Dupla,Reta,Sim,2,0,1,0,1,0,1,2,-27.5047092,-48.65010819,SPRF-SC,DEL01-SC,UOP01-DEL01-SC,2022
"462982,0",2022-07-21,quinta-feira,06:20:00,SC,282,"28,5",SANTO AMARO DA IMPERATRIZ,Velocidade Incompatível,Saída de leito carroçável,Com Vítimas Feridas,Amanhecer,Decrescente,Céu Claro,Simples,Rotatória,Sim,2,0,1,0,0,2,1,3,-27.67478,-48.778904,SPRF-SC,DEL01-SC,UOP03-DEL01-SC,2022
"463006,0",2022-07-21,quinta-feira,08:55:00,SC,116,"140,1",SANTA CECILIA,Acumulo de areia ou detritos sobre o pavimento,Colisão com objeto,Com Vítimas Feridas,Pleno dia,Decrescente,Céu Claro,Simples,Aclive;Reta,Sim,1,0,0,1,0,0,1,1,-26.96625517,-50.40928315,SPRF-SC,DEL06-SC,UOP02-DEL06-SC,2022
"463041,0",2022-07-21,quinta-feira,17:00:00,SC,101,"204,0",SAO JOSE,Trafegar com motocicleta (ou similar) entre as faixas,Colisão traseira,Com Vítimas Feridas,Anoitecer,Crescente,Céu Claro,Múltipla,Reta,Não,4,0,1,0,2,1,1,3,-27.57413014,-48.61363083,SPRF-SC,DEL01-SC,UOP01-DEL01-SC,2022
"463096,0",2022-07-21,quinta-feira,22:52:00,SC,282,"334,5",CAMPOS NOVOS,Manobra de mudança de faixa,Colisão frontal,Com Vítimas Feridas,Plena Noite,Crescente,Céu Claro,Simples,Reta,Não,5,0,2,0,2,2,2,4,-27.390564,-51.125843,SPRF-SC,DEL07-SC,UOP06-DEL07-SC,2022
"463130,0",2022-07-22,sexta-feira,06:00:00,SC,282,"572,0",NOVA ERECHIM,Ingestão de álcool pelo condutor,Colisão lateral sentido oposto,Sem Vítimas,Amanhecer,Crescente,Céu Claro,Simples,Reta,Não,2,0,0,0,2,0,0,2,-26.879332,-52.949421,SPRF-SC,DEL07-SC,UOP02-DEL07-SC,2022
"463135,0",2022-07-22,sexta-feira,04:43:00,SC,280,"78,0",CORUPA,Conversão proibida,Colisão frontal,Com Vítimas Feridas,Plena Noite,Crescente,Nevoeiro/Neblina,Simples,Reta,Não,3,0,1,1,0,1,2,3,-26.44340953,-49.21046734,SPRF-SC,DEL06-SC,UOP03-DEL06-SC,2022
"463313,0",2022-07-22,sexta-feira,18:33:00,SC,116,"140,6",SANTA CECILIA,Reação tardia ou ineficiente do condutor,Colisão transversal,Com Vítimas Feridas,Plena Noite,Decrescente,Céu Claro,Simples,Interseção de Vias,Sim,2,0,0,1,1,0,1,2,-26.96625517,-50.40928315,SPRF-SC,DEL06-SC,UOP02-DEL06-SC,2022
"463343,0",2022-07-22,sexta-feira,17:00:00,SC,280,"181,0",MAFRA,Acostamento em desnível,Tombamento,Sem Vítimas,Pleno dia,Crescente,Céu Claro,Simples,Curva,Não,2,0,0,0,1,2,0,3,-26.17201114,-49.89655396,SPRF-SC,DEL06-SC,UOP01-DEL06-SC,2022
"463377,0",2022-07-23,sábado,02:30:00,SC,470,"56,2",BLUMENAU,Ingestão de álcool pelo condutor,Colisão lateral sentido oposto,Com Vítimas Feridas,Plena Noite,Decrescente,Céu Claro,Simples,Reta,Sim,5,0,2,0,2,1,2,4,-26.87674,-49.127743,SPRF-SC,DEL04-SC,UOP01-DEL04-SC,2022
"463413,0",2022-07-23,sábado,08:45:00,SC,101,"111,3",NAVEGANTES,Manobra de mudança de faixa,Colisão lateral mesmo sentido,Sem Vítimas,Pleno dia,Decrescente,Nublado,Dupla,Interseção de Vias;Reta,Não,4,0,0,0,3,1,0,3,-26.83955734,-48.71418074,SPRF-SC,DEL04-SC,UOP04-DEL04-SC,2022
"463468,0",2022-07-23,sábado,11:00:00,SC,101,"245,0",PAULO LOPES,Ausência de reação do condutor,Colisão lateral mesmo sentido,Com Vítimas Feridas,Pleno dia,Crescente,Sol,Dupla,Reta,Não,4,0,1,0,1,3,1,5,-27.901682,-48.64892,SPRF-SC,DEL02-SC,UOP03-DEL02-SC,2022
"463505,0",2022-07-23,sábado,17:10:00,SC,101,"102,6",BALNEARIO PICARRAS,Manobra de mudança de faixa,Colisão lateral mesmo sentido,Com Vítimas Feridas,Anoitecer,Decrescente,Nublado,Dupla,Declive;Reta,Sim,3,0,1,1,0,1,2,2,-26.7786187,-48.68497472,SPRF-SC,DEL03-SC,UOP02-DEL03-SC,2022
"463551,0",2022-07-23,sábado,21:20:00,SC,470,"146,8",RIO DO SUL,Ingestão de álcool pelo condutor,Colisão frontal,Com Vítimas Feridas,Plena Noite,Decrescente,Nublado,Simples,Reta,Não,4,0,1,1,1,1,2,4,-27.241883,-49.687497,SPRF-SC,DEL04-SC,UOP02-DEL04-SC,2022
"463672,0",2022-07-24,domingo,11:35:00,SC,101,"134,0",BALNEARIO CAMBORIU,Condutor deixou de manter distância do veículo da frente,Colisão traseira,Com Vítimas Feridas,Pleno dia,Decrescente,Sol,Múltipla,Reta,Sim,2,0,1,0,1,0,1,2,-27.00218,-48.636433,SPRF-SC,DEL04-SC,UOP03-DEL04-SC,2022
"463856,0",2022-07-24,domingo,22:30:00,SC,101,"397,5",MARACAJA,Mal súbito do condutor,Colisão com objeto,Com Vítimas Fatais,Plena Noite,Crescente,Céu Claro,Múltipla,Reta,Não,2,1,0,0,0,1,0,2,-28.84537851,-49.43266153,SPRF-SC,DEL02-SC,UOP02-DEL02-SC,2022
"463921,0",2022-07-25,segunda-feira,08:00:00,SC,153,"111,0",CONCORDIA,Neblina,Colisão transversal,Sem Vítimas,Pleno dia,Decrescente,Nevoeiro/Neblina,Simples,Reta,Não,2,0,0,0,2,0,0,2,-27.319271,-51.983299,SPRF-SC,DEL07-SC,UOP04-DEL07-SC,2022
"464016,0",2022-07-25,segunda-feira,18:00:00,SC,280,"235,5",CANOINHAS,Acessar a via sem observar a presença dos outros veículos,Colisão lateral mesmo sentido,Sem Vítimas,Anoitecer,Crescente,Nublado,Simples,Reta,Sim,5,0,0,0,4,2,0,4,-26.19206283,-50.41295701,SPRF-SC,DEL06-SC,UOP04-DEL06-SC,2022
"464036,0",2022-07-25,segunda-feira,20:15:00,SC,470,"91,8",ASCURRA,Reação tardia ou ineficiente do condutor,Colisão frontal,Com Vítimas Feridas,Plena Noite,Decrescente,Céu Claro,Simples,Reta,Não,3,0,1,0,1,1,1,3,-26.98537958,-49.372859,SPRF-SC,DEL04-SC,UOP01-DEL04-SC,2022
"464055,0",2022-07-25,segunda-feira,21:00:00,SC,116,"193,2",PONTE ALTA,Velocidade Incompatível,Tombamento,Com Vítimas Fatais,Plena Noite,Decrescente,Céu Claro,Simples,Curva,Não,1,1,0,0,0,0,0,1,-27.37132903,-50.42959571,SPRF-SC,DEL05-SC,UOP03-DEL05-SC,2022
"464105,0",2022-07-26,terça-feira,09:35:00,SC,101,"16,0",GARUVA,Reação tardia ou ineficiente do condutor,Colisão traseira,Com Vítimas Feridas,Pleno dia,Decrescente,Nublado,Dupla,Reta;Aclive,Não,3,0,1,0,1,1,1,3,-26.11427473,-48.87647034,SPRF-SC,DEL03-SC,UOP01-DEL03-SC,2022
"464115,0",2022-07-26,terça-feira,11:00:00,SC,101,"206,4",SAO JOSE,Ausência de reação do condutor,Colisão lateral mesmo sentido,Com Vítimas Feridas,Pleno dia,Decrescente,Céu Claro,Múltipla,Reta,Sim,2,0,1,0,1,0,1,2,-27.59193546,-48.61824557,SPRF-SC,DEL01-SC,UOP01-DEL01-SC,2022
"464135,0",2022-07-26,terça-feira,12:05:00,SC,282,"583,0",PINHALZINHO,Ultrapassagem Indevida,Colisão lateral mesmo sentido,Com Vítimas Feridas,Pleno dia,Crescente,Céu Claro,Simples,Curva,Não,3,0,1,0,1,1,1,3,-26.828905,-53.009552,SPRF-SC,DEL07-SC,UOP02-DEL07-SC,2022
"464158,0",2022-07-26,terça-feira,10:41:00,SC,282,"412,0",CATANDUVAS,Reação tardia ou ineficiente do condutor,Tombamento,Com Vítimas Feridas,Pleno dia,Decrescente,Céu Claro,Simples,Curva,Não,2,0,1,0,0,1,1,2,-27.055775,-51.688843,SPRF-SC,DEL07-SC,UOP05-DEL07-SC,2022
"464163,0",2022-07-26,terça-feira,12:45:00,SC,282,"553,4",NOVA ITABERABA,Transitar na contramão,Colisão frontal,Com Vítimas Feridas,Pleno dia,Decrescente,Sol,Simples,Reta;Aclive,Não,4,0,0,2,1,2,2,4,-26.940194,-52.79012,SPRF-SC,DEL07-SC,UOP01-DEL07-SC,2022
"464178,0",2022-07-26,terça-feira,19:00:00,SC,470,"116,7",IBIRAMA,Ausência de reação do condutor,Tombamento,Sem Vítimas,Anoitecer,Decrescente,Céu Claro,Simples,Curva,Sim,2,0,0,0,1,1,0,2,-27.07756,-49.49448,SPRF-SC,DEL04-SC,UOP02-DEL04-SC,2022
"464199,0",2022-07-26,terça-feira,22:30:00,SC,280,"9,6",SAO FRANCISCO DO SUL,Ausência de reação do condutor,Colisão lateral mesmo sentido,Com Vítimas Feridas,Plena Noite,Crescente,Nublado,Simples,Reta,Sim,3,0,1,0,1,1,1,3,-26.2926,-48.644275,SPRF-SC,DEL03-SC,UOP03-DEL03-SC,2022
"464286,0",2022-07-27,quarta-feira,09:50:00,SC,101,"283,0",IMBITUBA,Manobra de mudança de faixa,Saída de leito carroçável,Com Vítimas Feridas,Pleno dia,Crescente,Céu Claro,Dupla,Reta,Sim,2,0,1,0,1,0,1,2,-28.20457404,-48.6984006,SPRF-SC,DEL02-SC,UOP03-DEL02-SC,2022
"464371,0",2022-07-27,quarta-feira,17:50:00,SC,470,"75,2",INDAIAL,Ausência de reação do condutor,Saída de leito carroçável,Com Vítimas Feridas,Anoitecer,Decrescente,Céu Claro,Simples,Reta,Não,1,0,1,0,0,0,1,1,-26.924833,-49.284004,SPRF-SC,DEL04-SC,UOP01-DEL04-SC,2022
"464398,0",2022-07-27,quarta-feira,23:40:00,SC,470,"268,3",CURITIBANOS,Reação tardia ou ineficiente do condutor,Saída de leito carroçável,Sem Vítimas,Plena Noite,Crescente,Céu Claro,Simples,Reta,Não,1,0,0,0,0,1,0,1,-27.311771,-50.748844,SPRF-SC,DEL05-SC,UOP03-DEL05-SC,2022
"464463,0",2022-07-28,quinta-feira,08:30:00,SC,282,"557,9",NOVA ITABERABA,Acessar a via sem observar a presença dos outros veículos,Colisão transversal,Com Vítimas Feridas,Pleno dia,Decrescente,Céu Claro,Simples,Curva,Não,4,0,1,0,3,0,1,2,-26.932125,-52.829117,SPRF-SC,DEL07-SC,UOP01-DEL07-SC,2022
"464475,0",2022-07-28,quinta-feira,13:35:00,SC,101,"202,2",SAO JOSE,Manobra de mudança de faixa,Colisão traseira,Com Vítimas Feridas,Pleno dia,Crescente,Céu Claro,Múltipla,Reta,Sim,4,0,1,0,2,1,1,3,-27.55711595,-48.61897889,SPRF-SC,DEL01-SC,UOP01-DEL01-SC,2022
"464560,0",2022-07-28,quinta-feira,22:10:00,SC,282,"496,1",XANXERE,Transitar na contramão,Colisão frontal,Com Vítimas Fatais,Plena Noite,Crescente,Chuva,Simples,Reta,Não,3,1,0,0,1,1,0,3,-26.876416,-52.33005,SPRF-SC,DEL07-SC,UOP01-DEL07-SC,2022
"464569,0",2022-07-29,sexta-feira,03:40:00,SC,470,"141,0",RIO DO SUL,Ingestão de álcool pelo condutor,Colisão frontal,Com Vítimas Feridas,Plena Noite,Crescente,Nublado,Simples,Curva,Sim,4,0,1,0,2,2,1,5,-27.20952609,-49.65187311,SPRF-SC,DEL04-SC,UOP02-DEL04-SC,2022
"464570,0",2022-07-29,sexta-feira,04:05:00,SC,101,"103,0",BALNEARIO PICARRAS,Manobra de mudança de faixa,Colisão lateral mesmo sentido,Com Vítimas Feridas,Plena Noite,Decrescente,Chuva,Dupla,Reta,Não,7,0,3,1,2,1,4,3,-26.7832381,-48.68314632,SPRF-SC,DEL03-SC,UOP02-DEL03-SC,2022
"464605,0",2022-07-29,sexta-feira,08:20:00,SC,101,"201,3",SAO JOSE,Manobra de mudança de faixa,Colisão lateral mesmo sentido,Sem Vítimas,Pleno dia,Crescente,Céu Claro,Dupla,Reta,Sim,3,0,0,0,2,1,0,3,-27.54836599,-48.61977975,SPRF-SC,DEL01-SC,UOP01-DEL01-SC,2022
"464620,0",2022-07-29,sexta-feira,09:40:00,SC,101,"213,2",PALHOCA,Ausência de reação do condutor,Colisão traseira,Com Vítimas Feridas,Pleno dia,Decrescente,Céu Claro,Dupla,Reta,Sim,2,0,1,0,1,0,1,2,-27.63697369,-48.66514142,SPRF-SC,DEL01-SC,UOP02-DEL01-SC,2022
"464644,0",2022-07-29,sexta-feira,11:19:00,SC,101,"119,0",ITAJAI,Condutor deixou de manter distância do veículo da frente,Engavetamento,Com Vítimas Feridas,Pleno dia,Decrescente,Céu Claro,Dupla,Reta,Sim,5,0,1,0,3,1,1,4,-26.9043179,-48.71555481,SPRF-SC,DEL04-SC,UOP04-DEL04-SC,2022
"464654,0",2022-07-29,sexta-feira,13:20:00,SC,101,"202,0",SAO JOSE,Condutor deixou de manter distância do veículo da frente,Colisão traseira,Com Vítimas Feridas,Pleno dia,Decrescente,Céu Claro,Múltipla,Reta,Sim,3,0,1,0,2,0,1,3,-27.55711595,-48.61897889,SPRF-SC,DEL01-SC,UOP01-DEL01-SC,2022
"464751,0",2022-07-29,sexta-feira,18:40:00,SC,116,"9,5",MAFRA,Demais falhas mecânicas ou elétricas,Incêndio,Sem Vítimas,Anoitecer,Decrescente,Céu Claro,Simples,Reta,Não,2,0,0,0,1,3,0,4,-26.16297778,-49.84696715,SPRF-SC,DEL06-SC,UOP01-DEL06-SC,2022
"464757,0",2022-07-29,sexta-feira,18:35:00,SC,101,"214,0",PALHOCA,Condutor deixou de manter distância do veículo da frente,Colisão traseira,Com Vítimas Feridas,Plena Noite,Crescente,Céu Claro,Múltipla,Reta,Sim,4,0,0,1,2,1,1,4,-27.64443,-48.67057,SPRF-SC,DEL01-SC,UOP02-DEL01-SC,2022
"464786,0",2022-07-30,sábado,00:05:00,SC,163,"79,2",SAO MIGUEL DO OESTE,Desrespeitar a preferência no cruzamento,Colisão transversal,Sem Vítimas,Plena Noite,Decrescente,Céu Claro,Simples,Interseção de Vias,Não,2,0,0,0,1,1,0,2,-26.65654895,-53.517344,SPRF-SC,DEL07-SC,UOP03-DEL07-SC,2022
"464842,0",2022-07-30,sábado,09:24:00,SC,282,"393,0",JOACABA,Velocidade Incompatível,Tombamento,Com Vítimas Feridas,Pleno dia,Decrescente,Nublado,Simples,Curva,Não,3,0,1,0,1,1,1,2,-27.160221,-51.573895,SPRF-SC,DEL07-SC,UOP05-DEL07-SC,2022
"464902,0",2022-07-30,sábado,15:30:00,SC,153,"84,9",CONCORDIA,Velocidade Incompatível,Tombamento,Com Vítimas Feridas,Pleno dia,Decrescente,Céu Claro,Simples,Curva,Não,2,0,1,0,0,1,1,2,-27.13419,-51.916466,SPRF-SC,DEL07-SC,UOP04-DEL07-SC,2022
"464930,0",2022-07-30,sábado,19:00:00,SC,101,"83,0",BARRA VELHA,Pedestre andava na pista,Atropelamento de Pedestre,Com Vítimas Fatais,Plena Noite,Decrescente,Céu Claro,Dupla,Curva,Não,4,1,0,0,1,2,0,3,-26.6219458,-48.7163043,SPRF-SC,DEL03-SC,UOP02-DEL03-SC,2022
"464971,0",2022-07-30,sábado,22:20:00,SC,470,"120,1",IBIRAMA,Ingestão de álcool pelo condutor,Colisão frontal,Com Vítimas Feridas,Plena Noite,Crescente,Nublado,Simples,Aclive;Curva,Não,5,0,1,0,3,2,1,4,-27.089924,-49.520416,SPRF-SC,DEL04-SC,UOP02-DEL04-SC,2022
"465084,0",2022-07-31,domingo,13:10:00,SC,101,"147,0",ITAPEMA,Condutor deixou de manter distância do veículo da frente,Colisão traseira,Com Vítimas Feridas,Pleno dia,Decrescente,Céu Claro,Dupla,Reta,Não,2,0,1,0,0,1,1,2,-27.09237407,-48.61730888,SPRF-SC,DEL04-SC,UOP03-DEL04-SC,2022
"465144,0",2022-07-31,domingo,17:40:00,SC,101,"160,5",PORTO BELO,Manobra de mudança de faixa,Saída de leito carroçável,Com Vítimas Feridas,Anoitecer,Decrescente,Céu Claro,Dupla,Reta,Não,7,0,0,3,2,2,3,3,-27.20831288,-48.61987922,SPRF-SC,DEL04-SC,UOP03-DEL04-SC,2022
"465379,0",2022-08-01,segunda-feira,13:00:00,SC,470,"121,0",IBIRAMA,Demais falhas mecânicas ou elétricas,Colisão lateral sentido oposto,Com Vítimas Feridas,Pleno dia,Crescente,Céu Claro,Simples,Reta,Não,9,0,3,3,2,1,6,6,-27.095861,-49.526859,SPRF-SC,DEL04-SC,UOP02-DEL04-SC,2022
"465421,0",2022-08-01,segunda-feira,20:20:00,SC,280,"257,0",CANOINHAS,Ultrapassagem Indevida,Colisão lateral mesmo sentido,Sem Vítimas,Plena Noite,Decrescente,Céu Claro,Simples,Declive,Não,5,0,0,0,4,3,0,6,-26.26373765,-50.60830397,SPRF-SC,DEL06-SC,UOP04-DEL06-SC,2022
"465449,0",2022-07-06,quarta-feira,20:05:00,SC,101,"145,8",ITAPEMA,Reação tardia ou ineficiente do condutor,Tombamento,Com Vítimas Fatais,Plena Noite,Decrescente,Céu Claro,Dupla,Reta;Aclive,Não,3,1,0,0,2,0,0,2,-27.0849148,-48.606322,SPRF-SC,DEL04-SC,UOP03-DEL04-SC,2022
"465531,0",2022-08-02,terça-feira,16:20:00,SC,470,"8,0",NAVEGANTES,Avarias e/ou desgaste excessivo no pneu,Incêndio,Sem Vítimas,Pleno dia,Crescente,Sol,Simples,Reta,Não,2,0,0,0,1,1,0,2,-26.83688,-48.718853,SPRF-SC,DEL04-SC,UOP04-DEL04-SC,2022
"465559,0",2022-08-02,terça-feira,13:25:00,SC,282,"535,0",CHAPECO,Desrespeitar a preferência no cruzamento,Colisão transversal,Com Vítimas Feridas,Pleno dia,Decrescente,Céu Claro,Dupla,Rotatória;Reta,Não,3,0,1,0,1,1,1,3,-27.00002563,-52.64695644,SPRF-SC,DEL07-SC,UOP01-DEL07-SC,2022
"465577,0",2022-08-02,terça-feira,19:15:00,SC,282,"362,0",ERVAL VELHO,Ultrapassagem Indevida,Colisão frontal,Com Vítimas Feridas,Plena Noite,Crescente,Céu Claro,Simples,Reta;Declive,Não,7,0,5,0,2,0,5,4,-27.304995,-51.38102,SPRF-SC,DEL07-SC,UOP05-DEL07-SC,2022
"465591,0",2022-08-03,quarta-feira,01:10:00,SC,101,"162,0",TIJUCAS,Reação tardia ou ineficiente do condutor,Colisão traseira,Com Vítimas Feridas,Plena Noite,Decrescente,Céu Claro,Múltipla,Aclive,Sim,6,0,1,4,1,0,5,2,-27.22554009,-48.6279367,SPRF-SC,DEL04-SC,UOP03-DEL04-SC,2022
"465729,0",2022-08-03,quarta-feira,17:30:00,SC,101,"58,0",ARAQUARI,Ausência de reação do condutor,Colisão com objeto,Com Vítimas Feridas,Anoitecer,Decrescente,Céu Claro,Dupla,Curva,Não,3,0,1,0,1,1,1,3,-26.44025049,-48.80129043,SPRF-SC,DEL03-SC,UOP02-DEL03-SC,2022
"465770,0",2022-08-03,quarta-feira,17:40:00,SC,116,"247,8",LAGES,Desrespeitar a preferência no cruzamento,Colisão transversal,Com Vítimas Feridas,Anoitecer,Crescente,Céu Claro,Simples,Interseção de Vias;Reta,Sim,3,0,0,1,1,1,1,3,-27.81797471,-50.37297964,SPRF-SC,DEL05-SC,UOP02-DEL05-SC,2022
"465807,0",2022-08-04,quinta-feira,02:28:00,SC,116,"159,9",SANTA CECILIA,Animais na Pista,Tombamento,Com Vítimas Feridas,Plena Noite,Crescente,Céu Claro,Simples,Reta,Não,2,0,1,0,0,1,1,2,-27.09960799,-50.45374278,SPRF-SC,DEL06-SC,UOP02-DEL06-SC,2022
"465939,0",2022-08-04,quinta-feira,17:00:00,SC,153,"96,0",CONCORDIA,Ingestão de álcool pelo condutor,Colisão lateral sentido oposto,Sem Vítimas,Pleno dia,Crescente,Nublado,Simples,Reta,Não,3,0,0,0,2,2,0,4,-27.21025125,-51.95172787,SPRF-SC,DEL07-SC,UOP04-DEL07-SC,2022
"465998,0",2022-08-05,sexta-feira,05:43:00,SC,101,"212,5",PALHOCA,Condutor deixou de manter distância do veículo da frente,Colisão lateral mesmo sentido,Com Vítimas Fatais,Amanhecer,Decrescente,Céu Claro,Múltipla,Reta,Sim,5,1,0,0,2,2,0,5,-27.633577,-48.662523,SPRF-SC,DEL01-SC,UOP02-DEL01-SC,2022
"466024,0",2022-08-05,sexta-feira,06:30:00,SC,101,"355,0",SANGAO,Ausência de reação do condutor,Colisão traseira,Com Vítimas Feridas,Amanhecer,Decrescente,Céu Claro,Dupla,Aclive,Não,6,0,2,2,1,2,4,4,-28.62380715,-49.07828489,SPRF-SC,DEL02-SC,UOP01-DEL02-SC,2022
"466168,0",2022-08-05,sexta-feira,03:40:00,SC,153,"4,2",AGUA DOCE,Velocidade Incompatível,Saída de leito carroçável,Sem Vítimas,Plena Noite,Crescente,Garoa/Chuvisco,Simples,Curva,Não,2,0,0,0,1,2,0,3,-26.641814,-51.512882,SPRF-SC,DEL07-SC,UOP05-DEL07-SC,2022
"466176,0",2022-08-05,sexta-feira,20:50:00,SC,101,"6,0",GARUVA,Reação tardia ou ineficiente do condutor,Colisão lateral mesmo sentido,Com Vítimas Feridas,Plena Noite,Crescente,Garoa/Chuvisco,Dupla,Reta,Não,5,0,1,0,3,1,1,3,-26.02692002,-48.86142017,SPRF-SC,DEL03-SC,UOP01-DEL03-SC,2022
"466219,0",2022-08-06,sábado,06:10:00,SC,101,"185,0",BIGUACU,Condutor deixou de manter distância do veículo da frente,Colisão traseira,Sem Vítimas,Amanhecer,Crescente,Nublado,Dupla,Reta,Não,3,0,0,0,2,2,0,4,-27.42536698,-48.62465876,SPRF-SC,DEL01-SC,UOP01-DEL01-SC,2022
"466249,0",2022-08-06,sábado,05:00:00,SC,282,"580,0",PINHALZINHO,Ingestão de álcool pelo condutor,Colisão frontal,Sem Vítimas,Plena Noite,Crescente,Ignorado,Simples,Curva,Sim,3,0,0,0,2,1,0,2,-26.8462782,-52.9813359,SPRF-SC,DEL07-SC,UOP02-DEL07-SC,2022
"466253,0",2022-08-06,sábado,10:20:00,SC,282,"157,0",BOM RETIRO,Ultrapassagem Indevida,Colisão traseira,Com Vítimas Feridas,Pleno dia,Decrescente,Nublado,Simples,Reta,Não,9,0,6,0,2,1,6,4,-27.7435,-49.725227,SPRF-SC,DEL05-SC,UOP01-DEL05-SC,2022
"466279,0",2022-08-06,sábado,06:50:00,SC,158,"122,8",CAIBI,Transitar na contramão,Colisão frontal,Com Vítimas Feridas,Pleno dia,Decrescente,Céu Claro,Simples,Reta,Não,3,0,0,1,1,1,1,3,-26.98511887,-53.22452164,SPRF-SC,DEL07-SC,UOP02-DEL07-SC,2022
"466296,0",2022-08-06,sábado,08:35:00,SC,280,"52,0",GUARAMIRIM,Desrespeitar a preferência no cruzamento,Colisão transversal,Com Vítimas Feridas,Pleno dia,Crescente,Nublado,Dupla,Retorno Regulamentado,Sim,2,0,1,0,1,0,1,2,-26.46700026,-48.96007776,SPRF-SC,DEL03-SC,UOP03-DEL03-SC,2022
"466303,0",2022-08-06,sábado,14:50:00,SC,282,"95,1",ALFREDO WAGNER,Velocidade Incompatível,Colisão lateral sentido oposto,Com Vítimas Feridas,Pleno dia,Decrescente,Nublado,Simples,Curva,Não,3,0,1,0,1,1,1,3,-27.71188,-49.255035,SPRF-SC,DEL01-SC,UOP03-DEL01-SC,2022
"466490,0",2022-07-15,sexta-feira,03:15:00,SC,470,"19,0",ILHOTA,Animais na Pista,Atropelamento de Animal,Sem Vítimas,Plena Noite,Decrescente,Nublado,Dupla,Reta,Não,2,0,0,0,1,1,0,2,-26.862995,-48.814396,SPRF-SC,DEL04-SC,UOP04-DEL04-SC,2022
"466598,0",2022-08-07,domingo,20:05:00,SC,470,"69,9",INDAIAL,Transitar na contramão,Colisão lateral sentido oposto,Com Vítimas Fatais,Plena Noite,Crescente,Chuva,Simples,Em Obras;Reta,Sim,3,1,1,0,0,1,1,3,-26.88901427,-49.25408006,SPRF-SC,DEL04-SC,UOP01-DEL04-SC,2022
"466600,0",2022-08-07,domingo,20:00:00,SC,101,"24,0",JOINVILLE,Desrespeitar a preferência no cruzamento,Colisão transversal,Com Vítimas Feridas,Plena Noite,Decrescente,Chuva,Simples,Interseção de Vias,Sim,3,0,1,0,1,1,1,3,-26.18474867,-48.91078949,SPRF-SC,DEL03-SC,UOP01-DEL03-SC,2022
"466634,0",2022-08-07,domingo,23:10:00,SC,470,"128,0",LONTRAS,Velocidade Incompatível,Saída de leito carroçável,Com Vítimas Feridas,Plena Noite,Crescente,Garoa/Chuvisco,Simples,Reta,Não,2,0,1,0,0,1,1,2,-27.143742,-49.548897,SPRF-SC,DEL04-SC,UOP02-DEL04-SC,2022
"466696,0",2022-08-08,segunda-feira,07:45:00,SC,101,"106,2",PENHA,Velocidade Incompatível,Saída de leito carroçável,Com Vítimas Feridas,Pleno dia,Crescente,Garoa/Chuvisco,Dupla,Declive;Curva,Não,4,0,3,0,0,1,3,2,-26.81210996,-48.68335962,SPRF-SC,DEL03-SC,UOP02-DEL03-SC,2022
"466762,0",2022-08-08,segunda-feira,12:45:00,SC,101,"206,0",SAO JOSE,Manobra de mudança de faixa,Colisão lateral mesmo sentido,Com Vítimas Feridas,Pleno dia,Decrescente,Nublado,Múltipla,Reta,Sim,3,0,1,0,2,0,1,3,-27.59193546,-48.61824557,SPRF-SC,DEL01-SC,UOP01-DEL01-SC,2022
"466778,0",2022-08-08,segunda-feira,15:30:00,SC,101,"113,1",ITAJAI,Reação tardia ou ineficiente do condutor,Tombamento,Com Vítimas Feridas,Pleno dia,Crescente,Céu Claro,Múltipla,Reta,Sim,2,0,1,0,0,1,1,2,-26.85311393,-48.72689927,SPRF-SC,DEL04-SC,UOP04-DEL04-SC,2022
"466780,0",2022-08-05,sexta-feira,01:15:00,SC,282,"552,4",NOVA ITABERABA,Ingestão de álcool pelo condutor,Colisão lateral sentido oposto,Sem Vítimas,Pleno dia,Decrescente,Céu Claro,Simples,Curva,Não,3,0,0,0,2,1,0,3,-26.947606,-52.781065,SPRF-SC,DEL07-SC,UOP01-DEL07-SC,2022
"466792,0",2022-07-28,quinta-feira,17:00:00,SC,101,"121,5",ITAJAI,Trafegar com motocicleta (ou similar) entre as faixas,Tombamento,Com Vítimas Fatais,Pleno dia,Crescente,Céu Claro,Múltipla,Reta,Sim,5,1,0,0,1,3,0,4,-26.925767,-48.706547,SPRF-SC,DEL04-SC,UOP04-DEL04-SC,2022
"466824,0",2022-08-08,segunda-feira,08:40:00,SC,101,"400,0",MARACAJA,Desrespeitar a preferência no cruzamento,Colisão transversal,Com Vítimas Feridas,Pleno dia,Crescente,Chuva,Simples,Interseção de Vias,Sim,4,0,2,0,2,0,2,2,-28.84846615,-49.4346268,SPRF-SC,DEL02-SC,UOP02-DEL02-SC,2022