id,data_inversa,dia_semana,horario,uf,br,km,municipio,causa_acidente,tipo_acidente,classificacao_acidente,fase_dia,sentido_via,condicao_metereologica,tipo_pista,tracado_via,uso_solo,pessoas,mortos,feridos_leves,feridos_graves,ilesos,ignorados,feridos,veiculos,latitude,longitude,regional,delegacia,uop,ano_arquivo
"466835,0",2022-08-08,segunda-feira,20:20:00,SC,470,"108,0",APIUNA,Ingestão de álcool pelo condutor,Colisão traseira,Com Vítimas Feridas,Plena Noite,Decrescente,Céu Claro,Simples,Reta,Sim,4,0,0,2,2,0,2,3,-27.077623,-49.43145,SPRF-SC,DEL04-SC,UOP02-DEL04-SC,2022
"466872,0",2022-08-09,terça-feira,06:25:00,SC,101,"186,0",BIGUACU,Reação tardia ou ineficiente do condutor,Colisão lateral mesmo sentido,Com Vítimas Feridas,Pleno dia,Crescente,Chuva,Dupla,Curva,Não,3,0,1,0,1,1,1,2,-27.4341098,-48.62567129,SPRF-SC,DEL01-SC,UOP01-DEL01-SC,2022
"466927,0",2022-08-09,terça-feira,08:00:00,SC,280,"291,5",PORTO UNIAO,Desrespeitar a preferência no cruzamento,Colisão transversal,Com Vítimas Feridas,Pleno dia,Crescente,Chuva,Simples,Interseção de Vias,Não,2,0,1,0,1,0,1,2,-26.29569109,-50.93533704,SPRF-SC,DEL06-SC,UOP04-DEL06-SC,2022
"466942,0",2022-06-11,sábado,14:20:00,SC,101,"205,0",SAO JOSE,Reação tardia ou ineficiente do condutor,Colisão lateral mesmo sentido,Com Vítimas Feridas,Pleno dia,Decrescente,Céu Claro,Múltipla,Reta,Sim,2,0,1,0,1,0,1,2,-27.58313237,-48.61532885,SPRF-SC,DEL01-SC,UOP01-DEL01-SC,2022
"466954,0",2022-08-09,terça-feira,14:20:00,SC,101,"199,0",BIGUACU,Velocidade Incompatível,Engavetamento,Com Vítimas Feridas,Pleno dia,Decrescente,Chuva,Dupla,Reta,Sim,7,0,3,0,3,2,3,6,-27.53413705,-48.63003205,SPRF-SC,DEL01-SC,UOP01-DEL01-SC,2022
"466955,0",2022-08-09,terça-feira,14:20:00,SC,101,"329,5",TUBARAO,Acumulo de água sobre o pavimento,Saída de leito carroçável,Com Vítimas Feridas,Pleno dia,Crescente,Chuva,Múltipla,Reta,Sim,1,0,1,0,0,0,1,1,-28.44404822,-48.96611372,SPRF-SC,DEL02-SC,UOP01-DEL02-SC,2022
"467078,0",2022-08-10,quarta-feira,06:00:00,SC,101,"144,0",ITAPEMA,Chuva,Eventos atípicos,Com Vítimas Feridas,Amanhecer,Decrescente,Chuva,Dupla,Reta,Não,1,0,1,0,0,0,1,1,-27.0732659,-48.59672716,SPRF-SC,DEL04-SC,UOP03-DEL04-SC,2022
"467118,0",2022-08-10,quarta-feira,11:15:00,SC,282,"491,3",FAXINAL DOS GUEDES,Ultrapassagem Indevida,Colisão frontal,Com Vítimas Feridas,Pleno dia,Crescente,Céu Claro,Simples,Curva,Não,4,0,1,0,2,2,1,5,-26.874846,-52.285244,SPRF-SC,DEL07-SC,UOP01-DEL07-SC,2022
"467222,0",2022-08-10,quarta-feira,23:10:00,SC,101,"135,0",BALNEARIO CAMBORIU,Reação tardia ou ineficiente do condutor,Colisão lateral mesmo sentido,Com Vítimas Feridas,Plena Noite,Decrescente,Céu Claro,Múltipla,Reta,Sim,3,0,0,1,1,1,1,3,-27.0050108,-48.62677494,SPRF-SC,DEL04-SC,UOP03-DEL04-SC,2022
"467234,0",2022-08-11,quinta-feira,02:30:00,SC,101,"431,8",SOMBRIO,Reação tardia ou ineficiente do condutor,Colisão lateral sentido oposto,Sem Vítimas,Plena Noite,Crescente,Garoa/Chuvisco,Múltipla,Reta,Sim,3,0,0,0,2,1,0,3,-29.07213837,-49.62672472,SPRF-SC,DEL02-SC,UOP02-DEL02-SC,2022
"467285,0",2022-08-11,quinta-feira,07:40:00,SC,470,"33,0",GASPAR,Acessar a via sem observar a presença dos outros veículos,Colisão traseira,Com Vítimas Feridas,Pleno dia,Decrescente,Céu Claro,Dupla,Reta,Não,2,0,0,1,1,0,1,2,-26.906223,-48.940575,SPRF-SC,DEL04-SC,UOP01-DEL04-SC,2022
"467297,0",2022-08-11,quinta-feira,08:15:00,SC,470,"49,0",BLUMENAU,Trafegar com motocicleta (ou similar) entre as faixas,Colisão lateral mesmo sentido,Com Vítimas Feridas,Pleno dia,Decrescente,Céu Claro,Simples,Em Obras;Reta,Não,2,0,0,1,1,0,1,2,-26.860662,-49.065159,SPRF-SC,DEL04-SC,UOP01-DEL04-SC,2022
"467336,0",2022-08-11,quinta-feira,15:25:00,SC,101,"197,2",BIGUACU,Acessar a via sem observar a presença dos outros veículos,Colisão transversal,Sem Vítimas,Pleno dia,Crescente,Nublado,Múltipla,Interseção de Vias,Sim,3,0,0,0,3,0,0,2,-27.52044155,-48.63782644,SPRF-SC,DEL01-SC,UOP01-DEL01-SC,2022
"467347,0",2022-08-11,quinta-feira,16:05:00,SC,282,"500,1",XANXERE,Velocidade Incompatível,Colisão traseira,Sem Vítimas,Pleno dia,Decrescente,Céu Claro,Dupla,Retorno Regulamentado,Sim,3,0,0,0,2,2,0,4,-26.88138762,-52.36998081,SPRF-SC,DEL07-SC,UOP01-DEL07-SC,2022
"467367,0",2022-07-30,sábado,06:00:00,SC,153,"59,4",IRANI,Acessar a via sem observar a presença dos outros veículos,Colisão transversal,Com Vítimas Feridas,Amanhecer,Decrescente,Céu Claro,Simples,Rotatória,Não,3,0,1,1,0,2,2,4,-26.96955,-51.854069,SPRF-SC,DEL07-SC,UOP04-DEL07-SC,2022
"467456,0",2022-08-12,sexta-feira,05:30:00,SC,470,"88,0",ASCURRA,Velocidade Incompatível,Saída de leito carroçável,Com Vítimas Feridas,Amanhecer,Crescente,Chuva,Simples,Reta;Ponte,Sim,1,0,1,0,0,0,1,1,-26.95703808,-49.37448978,SPRF-SC,DEL04-SC,UOP01-DEL04-SC,2022
"467510,0",2022-08-12,sexta-feira,09:50:00,SC,101,"116,0",ITAJAI,Manobra de mudança de faixa,Colisão lateral mesmo sentido,Com Vítimas Feridas,Pleno dia,Crescente,Céu Claro,Dupla,Reta,Sim,3,0,1,0,1,1,1,3,-26.87905605,-48.72603512,SPRF-SC,DEL04-SC,UOP04-DEL04-SC,2022
"467528,0",2022-08-12,sexta-feira,11:30:00,SC,280,"29,6",ARAQUARI,Reação tardia ou ineficiente do condutor,Colisão transversal,Com Vítimas Feridas,Pleno dia,Crescente,Garoa/Chuvisco,Simples,Interseção de Vias,Não,4,0,2,0,1,1,2,3,-26.41066264,-48.75295628,SPRF-SC,DEL03-SC,UOP03-DEL03-SC,2022
"467530,0",2022-08-12,sexta-feira,12:15:00,SC,470,"9,0",NAVEGANTES,Acesso irregular,Colisão frontal,Com Vítimas Feridas,Pleno dia,Decrescente,Céu Claro,Simples,Curva,Sim,2,0,0,1,1,0,1,2,-26.833143,-48.727432,SPRF-SC,DEL04-SC,UOP04-DEL04-SC,2022
"467588,0",2022-08-12,sexta-feira,14:30:00,SC,101,"392,5",CRICIUMA,Demais falhas mecânicas ou elétricas,Colisão traseira,Com Vítimas Feridas,Pleno dia,Crescente,Céu Claro,Múltipla,Reta,Não,4,0,1,0,2,1,1,3,-28.80489882,-49.3712151,SPRF-SC,DEL02-SC,UOP02-DEL02-SC,2022
"467666,0",2022-08-12,sexta-feira,18:45:00,SC,116,"186,0",SAO CRISTOVAO DO SUL,Ausência de reação do condutor,Colisão com objeto,Com Vítimas Feridas,Plena Noite,Decrescente,Nublado,Simples,Aclive;Curva,Não,2,0,0,1,0,1,1,2,-27.31340181,-50.41996231,SPRF-SC,DEL05-SC,UOP03-DEL05-SC,2022
"467668,0",2022-08-12,sexta-feira,23:30:00,SC,282,"46,0",AGUAS MORNAS,Problema com o freio,Tombamento,Sem Vítimas,Plena Noite,Decrescente,Nublado,Simples,Declive;Curva,Não,1,0,0,0,1,0,0,1,-27.721041,-48.925152,SPRF-SC,DEL01-SC,UOP03-DEL01-SC,2022
"467717,0",2022-08-13,sábado,05:40:00,SC,280,"44,7",GUARAMIRIM,Manobra de mudança de faixa,Colisão frontal,Com Vítimas Feridas,Amanhecer,Crescente,Céu Claro,Simples,Reta,Não,4,0,2,1,0,1,3,3,-26.4517722,-48.88789399,SPRF-SC,DEL03-SC,UOP03-DEL03-SC,2022
"467805,0",2022-08-13,sábado,10:40:00,SC,101,"404,0",ARARANGUA,Ausência de reação do condutor,Colisão frontal,Com Vítimas Feridas,Pleno dia,Crescente,Céu Claro,Dupla,Reta,Não,4,0,1,0,2,1,1,3,-28.87801417,-49.45745479,SPRF-SC,DEL02-SC,UOP02-DEL02-SC,2022
"467806,0",2022-08-13,sábado,11:25:00,SC,282,"366,9",ERVAL VELHO,Ultrapassagem Indevida,Colisão frontal,Com Vítimas Fatais,Pleno dia,Decrescente,Nublado,Simples,Reta,Não,5,1,0,0,1,3,0,4,-27.291122,-51.416472,SPRF-SC,DEL07-SC,UOP05-DEL07-SC,2022
"467962,0",2022-08-14,domingo,04:30:00,SC,101,"87,9",BARRA VELHA,Acessar a via sem observar a presença dos outros veículos,Colisão lateral mesmo sentido,Com Vítimas Feridas,Plena Noite,Decrescente,Nublado,Múltipla,Viaduto,Sim,3,0,1,0,1,1,1,3,-26.63713377,-48.69651057,SPRF-SC,DEL03-SC,UOP02-DEL03-SC,2022
"467976,0",2022-08-14,domingo,03:55:00,SC,282,"402,3",JOACABA,Condutor Dormindo,Colisão frontal,Com Vítimas Fatais,Plena Noite,Crescente,Céu Claro,Simples,Reta,Não,3,1,0,0,1,1,0,3,-27.119895,-51.632552,SPRF-SC,DEL07-SC,UOP05-DEL07-SC,2022
"468095,0",2022-08-14,domingo,18:00:00,SC,163,"85,1",GUARACIABA,Ingestão de álcool pelo condutor,Colisão transversal,Sem Vítimas,Pleno dia,Decrescente,Céu Claro,Simples,Rotatória,Sim,3,0,0,0,2,2,0,4,-26.60730301,-53.51704391,SPRF-SC,DEL07-SC,UOP03-DEL07-SC,2022
"468104,0",2022-08-14,domingo,16:25:00,SC,280,"34,0",ARAQUARI,Ultrapassagem Indevida,Colisão lateral mesmo sentido,Com Vítimas Feridas,Pleno dia,Crescente,Sol,Simples,Reta,Não,3,0,1,0,1,1,1,3,-26.42993971,-48.79615614,SPRF-SC,DEL03-SC,UOP03-DEL03-SC,2022
"468274,0",2022-08-15,segunda-feira,10:55:00,SC,163,"68,3",SAO MIGUEL DO OESTE,Reação tardia ou ineficiente do condutor,Saída de leito carroçável,Sem Vítimas,Pleno dia,Crescente,Céu Claro,Dupla,Reta,Sim,2,0,0,0,1,1,0,2,-26.74738285,-53.50073576,SPRF-SC,DEL07-SC,UOP03-DEL07-SC,2022
"468291,0",2022-08-15,segunda-feira,10:00:00,SC,282,"550,2",NOVA ITABERABA,Ausência de reação do condutor,Saída de leito carroçável,Com Vítimas Feridas,Pleno dia,Decrescente,Nublado,Simples,Reta,Não,1,0,1,0,0,0,1,1,-26.959664,-52.76788,SPRF-SC,DEL07-SC,UOP01-DEL07-SC,2022
"468341,0",2022-08-15,segunda-feira,18:45:00,SC,101,"119,0",ITAJAI,Ingestão de álcool pelo condutor,Colisão traseira,Sem Vítimas,Plena Noite,Crescente,Nublado,Dupla,Reta,Não,5,0,0,0,4,1,0,5,-26.9043179,-48.71555481,SPRF-SC,DEL04-SC,UOP04-DEL04-SC,2022
"468381,0",2022-08-16,terça-feira,05:15:00,SC,282,"607,0",MARAVILHA,Transitar na contramão,Colisão frontal,Com Vítimas Fatais,Plena Noite,Crescente,Céu Claro,Simples,Reta,Não,3,1,0,0,1,1,0,3,-26.772648,-53.2062,SPRF-SC,DEL07-SC,UOP02-DEL07-SC,2022
"468383,0",2022-08-16,terça-feira,04:20:00,SC,101,"385,0",ICARA,Reação tardia ou ineficiente do condutor,Colisão traseira,Com Vítimas Feridas,Plena Noite,Decrescente,Nublado,Dupla,Reta,Não,3,0,0,1,1,1,1,3,-28.77262259,-49.3112922,SPRF-SC,DEL02-SC,UOP02-DEL02-SC,2022
"468420,0",2022-08-16,terça-feira,07:50:00,SC,470,"136,2",RIO DO SUL,Trafegar com motocicleta (ou similar) entre as faixas,Colisão lateral mesmo sentido,Com Vítimas Feridas,Pleno dia,Crescente,Garoa/Chuvisco,Simples,Reta,Sim,2,0,1,0,1,0,1,2,-27.194323,-49.624554,SPRF-SC,DEL04-SC,UOP02-DEL04-SC,2022
"468428,0",2022-08-16,terça-feira,07:30:00,SC,101,"111,4",NAVEGANTES,Reação tardia ou ineficiente do condutor,Tombamento,Com Vítimas Feridas,Pleno dia,Decrescente,Céu Claro,Múltipla,Interseção de Vias;Viaduto,Sim,2,0,1,0,0,1,1,2,-26.83955734,-48.71418074,SPRF-SC,DEL04-SC,UOP04-DEL04-SC,2022
"468432,0",2022-08-16,terça-feira,08:00:00,SC,280,"32,5",ARAQUARI,Reação tardia ou ineficiente do condutor,Colisão lateral mesmo sentido,Com Vítimas Feridas,Pleno dia,Decrescente,Garoa/Chuvisco,Simples,Reta,Sim,3,0,1,0,1,2,1,4,-26.42373409,-48.78394246,SPRF-SC,DEL03-SC,UOP03-DEL03-SC,2022
"468455,0",2022-05-30,segunda-feira,22:20:00,SC,101,"213,7",PALHOCA,Manobra de mudança de faixa,Colisão lateral mesmo sentido,Com Vítimas Feridas,Plena Noite,Crescente,Garoa/Chuvisco,Múltipla,Reta,Sim,3,0,1,0,2,0,1,3,-27.63697369,-48.66514142,SPRF-SC,DEL01-SC,UOP02-DEL01-SC,2022
"468491,0",2022-08-16,terça-feira,15:00:00,SC,101,"111,6",ITAJAI,Velocidade Incompatível,Colisão traseira,Com Vítimas Feridas,Pleno dia,Crescente,Chuva,Múltipla,Aclive,Sim,2,0,1,0,1,0,1,2,-26.84429005,-48.71955872,SPRF-SC,DEL04-SC,UOP04-DEL04-SC,2022
"468526,0",2022-08-16,terça-feira,17:45:00,SC,163,"68,6",SAO MIGUEL DO OESTE,Condutor deixou de manter distância do veículo da frente,Colisão traseira,Com Vítimas Feridas,Pleno dia,Crescente,Nublado,Dupla,Reta;Interseção de Vias;Declive,Sim,4,0,1,0,2,1,1,4,-26.74467144,-53.50088244,SPRF-SC,DEL07-SC,UOP03-DEL07-SC,2022
"468567,0",2022-08-16,terça-feira,23:15:00,SC,101,"248,4",PAULO LOPES,Problema com o freio,Incêndio,Sem Vítimas,Plena Noite,Decrescente,Garoa/Chuvisco,Dupla,Reta,Não,1,0,0,0,1,0,0,1,-27.92619305,-48.65828191,SPRF-SC,DEL02-SC,UOP03-DEL02-SC,2022
"468579,0",2022-08-17,quarta-feira,05:45:00,SC,101,"72,9",ARAQUARI,Condutor deixou de manter distância do veículo da frente,Colisão traseira,Com Vítimas Feridas,Amanhecer,Crescente,Nublado,Dupla,Reta,Não,4,0,1,0,2,1,1,4,-26.53251033,-48.71424459,SPRF-SC,DEL03-SC,UOP02-DEL03-SC,2022
"468672,0",2022-08-17,quarta-feira,16:25:00,SC,116,"12,1",MAFRA,Desrespeitar a preferência no cruzamento,Colisão transversal,Com Vítimas Feridas,Pleno dia,Decrescente,Chuva,Simples,Rotatória,Não,2,0,1,0,1,0,1,2,-26.17877859,-49.86720998,SPRF-SC,DEL06-SC,UOP01-DEL06-SC,2022
"468688,0",2022-08-17,quarta-feira,07:30:00,SC,280,"40,0",ARAQUARI,Ausência de reação do condutor,Eventos atípicos,Sem Vítimas,Pleno dia,Decrescente,Garoa/Chuvisco,Simples,Reta,Não,2,0,0,0,1,1,0,2,-26.44938176,-48.84792002,SPRF-SC,DEL03-SC,UOP03-DEL03-SC,2022
"468701,0",2022-08-17,quarta-feira,16:51:00,SC,163,"71,2",SAO MIGUEL DO OESTE,Acessar a via sem observar a presença dos outros veículos,Colisão frontal,Com Vítimas Feridas,Pleno dia,Decrescente,Garoa/Chuvisco,Dupla,Reta,Sim,5,0,2,0,2,1,2,4,-26.71908804,-53.5157791,SPRF-SC,DEL07-SC,UOP03-DEL07-SC,2022
"468724,0",2022-08-17,quarta-feira,20:30:00,SC,282,"617,0",IRACEMINHA,Reação tardia ou ineficiente do condutor,Saída de leito carroçável,Com Vítimas Feridas,Plena Noite,Crescente,Chuva,Simples,Reta,Não,2,0,1,0,0,2,1,3,-26.782682,-53.285789,SPRF-SC,DEL07-SC,UOP02-DEL07-SC,2022
"468738,0",2022-08-17,quarta-feira,22:30:00,SC,116,"104,6",MONTE CASTELO,Chuva,Saída de leito carroçável,Com Vítimas Feridas,Plena Noite,Decrescente,Chuva,Simples,Reta,Não,1,0,1,0,0,0,1,1,-26.742656,-50.31436699,SPRF-SC,DEL06-SC,UOP02-DEL06-SC,2022
"468769,0",2022-08-18,quinta-feira,06:50:00,SC,101,"138,0",BALNEARIO CAMBORIU,Avarias e/ou desgaste excessivo no pneu,Colisão com objeto,Com Vítimas Feridas,Pleno dia,Decrescente,Chuva,Dupla,Curva,Sim,2,0,0,1,1,0,1,2,-27.02397426,-48.60761649,SPRF-SC,DEL04-SC,UOP03-DEL04-SC,2022
"468846,0",2022-08-18,quinta-feira,11:50:00,SC,470,"168,0",POUSO REDONDO,Condutor deixou de manter distância do veículo da frente,Colisão traseira,Com Vítimas Feridas,Pleno dia,Decrescente,Nublado,Simples,Interseção de Vias,Não,5,0,2,0,3,0,2,3,-27.266994,-49.872524,SPRF-SC,DEL04-SC,UOP02-DEL04-SC,2022
"468853,0",2022-08-18,quinta-feira,09:30:00,SC,116,"239,0",LAGES,Velocidade Incompatível,Tombamento,Com Vítimas Feridas,Pleno dia,Crescente,Chuva,Simples,Rotatória,Não,2,0,1,0,0,1,1,2,-27.74920303,-50.33493086,SPRF-SC,DEL05-SC,UOP01-DEL05-SC,2022
"468886,0",2022-08-18,quinta-feira,18:30:00,SC,470,"48,5",BLUMENAU,Condutor deixou de manter distância do veículo da frente,Colisão lateral mesmo sentido,Com Vítimas Feridas,Plena Noite,Decrescente,Nublado,Dupla,Reta;Em Obras,Não,3,0,2,0,0,1,2,2,-26.859823,-49.055393,SPRF-SC,DEL04-SC,UOP01-DEL04-SC,2022
"468933,0",2022-08-19,sexta-feira,00:15:00,SC,282,"70,3",RANCHO QUEIMADO,Demais falhas mecânicas ou elétricas,Saída de leito carroçável,Com Vítimas Feridas,Plena Noite,Decrescente,Céu Claro,Simples,Declive,Não,1,0,1,0,0,0,1,1,-27.692705,-49.091351,SPRF-SC,DEL01-SC,UOP03-DEL01-SC,2022
"468936,0",2022-08-19,sexta-feira,00:40:00,SC,280,"232,5",CANOINHAS,Reação tardia ou ineficiente do condutor,Colisão traseira,Sem Vítimas,Plena Noite,Decrescente,Nublado,Simples,Reta,Sim,3,0,0,0,1,2,0,2,-26.18756479,-50.36192211,SPRF-SC,DEL06-SC,UOP04-DEL06-SC,2022
"468957,0",2022-08-19,sexta-feira,06:00:00,SC,470,"37,8",GASPAR,Ultrapassagem Indevida,Queda de ocupante de veículo,Com Vítimas Fatais,Amanhecer,Crescente,Céu Claro,Simples,Desvio Temporário;Em Obras,Sim,2,1,0,0,1,0,0,2,-26.90355662,-48.98082289,SPRF-SC,DEL04-SC,UOP01-DEL04-SC,2022
"469174,0",2022-08-20,sábado,01:45:00,SC,101,"55,7",JOINVILLE,Ausência de reação do condutor,Colisão traseira,Com Vítimas Feridas,Plena Noite,Crescente,Nublado,Dupla,Reta,Não,2,0,0,1,1,0,1,2,-26.42280898,-48.82977496,SPRF-SC,DEL03-SC,UOP01-DEL03-SC,2022
"469179,0",2022-08-20,sábado,02:09:00,SC,280,"1,8",SAO FRANCISCO DO SUL,Ausência de reação do condutor,Colisão frontal,Com Vítimas Feridas,Amanhecer,Crescente,Nublado,Simples,Curva,Sim,3,0,1,1,0,1,2,3,-26.234988,-48.621402,SPRF-SC,DEL03-SC,UOP03-DEL03-SC,2022
"469271,0",2022-08-20,sábado,15:30:00,SC,101,"26,3",JOINVILLE,Carga excessiva e/ou mal acondicionada,Colisão lateral mesmo sentido,Com Vítimas Feridas,Pleno dia,Decrescente,Nublado,Dupla,Ponte,Não,3,0,1,0,1,1,1,3,-26.19545429,-48.91216278,SPRF-SC,DEL03-SC,UOP01-DEL03-SC,2022
"469366,0",2022-08-21,domingo,02:00:00,SC,101,"58,5",ARAQUARI,Ausência de reação do condutor,Colisão lateral mesmo sentido,Com Vítimas Feridas,Plena Noite,Crescente,Nublado,Dupla,Reta,Não,6,0,3,0,2,1,3,3,-26.44025049,-48.80129043,SPRF-SC,DEL03-SC,UOP02-DEL03-SC,2022
"469430,0",2022-08-21,domingo,05:57:00,SC,116,"23,1",ITAIOPOLIS,Transitar na contramão,Colisão lateral sentido oposto,Com Vítimas Feridas,Amanhecer,Crescente,Nublado,Simples,Reta,Não,3,0,1,0,1,1,1,3,-26.26545939,-49.91656109,SPRF-SC,DEL06-SC,UOP01-DEL06-SC,2022
"469628,0",2022-07-25,segunda-feira,13:30:00,SC,280,"109,6",SAO BENTO DO SUL,Reação tardia ou ineficiente do condutor,Tombamento,Sem Vítimas,Pleno dia,Crescente,Céu Claro,Simples,Interseção de Vias;Curva;Aclive,Não,2,0,0,0,1,1,0,2,-26.327628,-49.382239,SPRF-SC,DEL06-SC,UOP03-DEL06-SC,2022
"469658,0",2022-08-22,segunda-feira,12:45:00,SC,101,"127,0",ITAJAI,Carga excessiva e/ou mal acondicionada,Colisão traseira,Sem Vítimas,Pleno dia,Crescente,Nublado,Dupla,Reta,Não,3,0,0,0,2,1,0,3,-26.9639319,-48.68328024,SPRF-SC,DEL04-SC,UOP04-DEL04-SC,2022
"469671,0",2022-08-22,segunda-feira,14:00:00,SC,470,"130,0",LONTRAS,Acessar a via sem observar a presença dos outros veículos,Colisão transversal,Com Vítimas Feridas,Pleno dia,Decrescente,Nublado,Simples,Interseção de Vias,Não,3,0,1,0,1,1,1,3,-27.15810417,-49.55651522,SPRF-SC,DEL04-SC,UOP02-DEL04-SC,2022
"469698,0",2022-08-22,segunda-feira,16:30:00,SC,101,"44,0",JOINVILLE,Reação tardia ou ineficiente do condutor,Colisão lateral mesmo sentido,Com Vítimas Feridas,Pleno dia,Decrescente,Nublado,Dupla,Reta,Sim,6,0,1,0,4,1,1,3,-26.31238996,-48.87458997,SPRF-SC,DEL03-SC,UOP01-DEL03-SC,2022
"469784,0",2022-08-08,segunda-feira,05:30:00,SC,101,"329,0",TUBARAO,Manobra de mudança de faixa,Colisão lateral mesmo sentido,Com Vítimas Feridas,Plena Noite,Decrescente,Chuva,Dupla,Reta,Não,2,0,1,0,0,1,1,2,-28.45414695,-48.97778034,SPRF-SC,DEL02-SC,UOP01-DEL02-SC,2022
"469849,0",2022-08-23,terça-feira,11:30:00,SC,101,"154,0",PORTO BELO,Velocidade Incompatível,Colisão frontal,Com Vítimas Feridas,Pleno dia,Crescente,Chuva,Simples,Curva,Sim,2,0,0,1,1,0,1,2,-27.153819,-48.61086393,SPRF-SC,DEL04-SC,UOP03-DEL04-SC,2022
"469865,0",2022-08-23,terça-feira,12:30:00,SC,101,"393,5",CRICIUMA,Velocidade Incompatível,Colisão lateral mesmo sentido,Sem Vítimas,Pleno dia,Crescente,Céu Claro,Simples,Curva,Não,2,0,0,0,2,0,0,2,-28.8094198,-49.37995008,SPRF-SC,DEL02-SC,UOP02-DEL02-SC,2022
"469896,0",2022-08-23,terça-feira,17:00:00,SC,280,"235,0",CANOINHAS,Acessar a via sem observar a presença dos outros veículos,Colisão transversal,Com Vítimas Feridas,Pleno dia,Decrescente,Nublado,Simples,Retorno Regulamentado,Não,3,0,1,0,1,2,1,4,-26.19206283,-50.41295701,SPRF-SC,DEL06-SC,UOP04-DEL06-SC,2022
"469898,0",2022-06-12,domingo,09:30:00,SC,116,"53,9",PAPANDUVA,Reação tardia ou ineficiente do condutor,Tombamento,Com Vítimas Feridas,Pleno dia,Decrescente,Céu Claro,Dupla,Rotatória,Não,2,0,1,0,0,1,1,2,-26.3932492,-50.15515026,SPRF-SC,DEL06-SC,UOP02-DEL06-SC,2022
"469934,0",2022-08-23,terça-feira,21:40:00,SC,280,"1,0",SAO FRANCISCO DO SUL,Condutor deixou de manter distância do veículo da frente,Colisão traseira,Com Vítimas Feridas,Plena Noite,Decrescente,Nublado,Simples,Curva,Não,3,0,1,0,1,1,1,3,-26.23513098,-48.62815601,SPRF-SC,DEL03-SC,UOP03-DEL03-SC,2022
"470002,0",2022-08-24,quarta-feira,10:30:00,SC,101,"115,0",ITAJAI,Condutor deixou de manter distância do veículo da frente,Colisão traseira,Com Vítimas Feridas,Pleno dia,Crescente,Céu Claro,Dupla,Reta,Não,4,0,0,2,1,1,2,3,-26.87328792,-48.72841403,SPRF-SC,DEL04-SC,UOP04-DEL04-SC,2022
"470029,0",2022-08-24,quarta-feira,13:00:00,SC,101,"114,0",ITAJAI,Ausência de reação do condutor,Colisão traseira,Com Vítimas Feridas,Pleno dia,Crescente,Céu Claro,Múltipla,Reta,Sim,4,0,1,0,2,1,1,4,-26.86192886,-48.7286704,SPRF-SC,DEL04-SC,UOP04-DEL04-SC,2022
"470035,0",2022-08-24,quarta-feira,10:40:00,SC,280,"302,4",PORTO UNIAO,Transitar no acostamento,Colisão traseira,Com Vítimas Feridas,Pleno dia,Decrescente,Sol,Simples,Reta,Não,2,0,0,1,1,0,1,2,-26.28105521,-51.04051996,SPRF-SC,DEL06-SC,UOP04-DEL06-SC,2022
"470047,0",2022-08-24,quarta-feira,15:45:00,SC,101,"227,0",PALHOCA,Manobra de mudança de faixa,Colisão com objeto,Sem Vítimas,Pleno dia,Decrescente,Céu Claro,Dupla,Reta,Sim,2,0,0,0,1,1,0,2,-27.7509149,-48.63460277,SPRF-SC,DEL01-SC,UOP02-DEL01-SC,2022
"470058,0",2022-08-24,quarta-feira,17:00:00,SC,101,"140,0",BALNEARIO CAMBORIU,Reação tardia ou ineficiente do condutor,Colisão traseira,Com Vítimas Feridas,Pleno dia,Crescente,Céu Claro,Dupla,Reta,Sim,4,0,0,1,2,1,1,4,-27.03881189,-48.60025148,SPRF-SC,DEL04-SC,UOP03-DEL04-SC,2022
"470103,0",2022-08-24,quarta-feira,19:15:00,SC,282,"483,7",FAXINAL DOS GUEDES,Ultrapassagem Indevida,Colisão lateral mesmo sentido,Com Vítimas Feridas,Plena Noite,Decrescente,Céu Claro,Simples,Reta,Não,4,0,1,0,2,1,1,3,-26.861937,-52.227974,SPRF-SC,DEL07-SC,UOP01-DEL07-SC,2022
"470118,0",2022-08-24,quarta-feira,22:20:00,SC,282,"142,0",BOM RETIRO,Manobra de mudança de faixa,Colisão frontal,Com Vítimas Feridas,Plena Noite,Crescente,Céu Claro,Simples,Curva,Não,2,0,1,0,1,0,1,2,-27.813843,-49.606209,SPRF-SC,DEL05-SC,UOP01-DEL05-SC,2022
"470154,0",2022-08-25,quinta-feira,05:00:00,SC,282,"177,8",BOCAINA DO SUL,Reação tardia ou ineficiente do condutor,Colisão frontal,Com Vítimas Fatais,Plena Noite,Crescente,Nublado,Simples,Curva;Declive,Não,5,3,1,0,0,1,1,3,-27.74212,-49.91927,SPRF-SC,DEL05-SC,UOP01-DEL05-SC,2022
"470157,0",2022-08-25,quinta-feira,09:00:00,SC,101,"328,0",CAPIVARI DE BAIXO,Ausência de reação do condutor,Colisão transversal,Com Vítimas Feridas,Pleno dia,Crescente,Céu Claro,Simples,Reta,Não,2,0,1,0,1,0,1,2,-28.43648094,-48.95989307,SPRF-SC,DEL02-SC,UOP01-DEL02-SC,2022
"470178,0",2022-08-25,quinta-feira,10:35:00,SC,280,"7,0",SAO FRANCISCO DO SUL,Desrespeitar a preferência no cruzamento,Colisão transversal,Sem Vítimas,Pleno dia,Crescente,Céu Claro,Simples,Interseção de Vias,Sim,3,0,0,0,2,1,0,3,-26.27127101,-48.64129599,SPRF-SC,DEL03-SC,UOP03-DEL03-SC,2022