id,data_inversa,dia_semana,horario,uf,br,km,municipio,causa_acidente,tipo_acidente,classificacao_acidente,fase_dia,sentido_via,condicao_metereologica,tipo_pista,tracado_via,uso_solo,pessoas,mortos,feridos_leves,feridos_graves,ilesos,ignorados,feridos,veiculos,latitude,longitude,regional,delegacia,uop,ano_arquivo
"470202,0",2022-08-25,quinta-feira,13:20:00,SC,282,"621,0",IRACEMINHA,Manobra de mudança de faixa,Colisão lateral mesmo sentido,Sem Vítimas,Pleno dia,Decrescente,Céu Claro,Simples,Reta,Não,3,0,0,0,2,1,0,3,-26.8032,-53.316132,SPRF-SC,DEL07-SC,UOP02-DEL07-SC,2022
"470203,0",2022-08-25,quinta-feira,13:20:00,SC,101,"274,0",IMBITUBA,Acesso irregular,Colisão traseira,Com Vítimas Feridas,Pleno dia,Decrescente,Céu Claro,Dupla,Reta,Não,3,0,0,1,1,2,1,4,-28.139772,-48.691952,SPRF-SC,DEL02-SC,UOP03-DEL02-SC,2022
"470223,0",2022-08-25,quinta-feira,13:23:00,SC,153,"86,0",CONCORDIA,Velocidade Incompatível,Saída de leito carroçável,Sem Vítimas,Pleno dia,Decrescente,Céu Claro,Simples,Declive;Curva,Não,2,0,0,0,1,3,0,4,-27.14958,-51.911221,SPRF-SC,DEL07-SC,UOP04-DEL07-SC,2022
"470252,0",2022-08-25,quinta-feira,17:00:00,SC,470,"70,0",INDAIAL,Ausência de reação do condutor,Colisão lateral mesmo sentido,Com Vítimas Feridas,Pleno dia,Crescente,Céu Claro,Simples,Reta,Não,2,0,0,1,1,0,1,2,-26.889374,-49.254478,SPRF-SC,DEL04-SC,UOP01-DEL04-SC,2022
"470301,0",2022-08-25,quinta-feira,21:00:00,SC,101,"56,9",JOINVILLE,Estacionar ou parar em local proibido,Colisão traseira,Com Vítimas Feridas,Plena Noite,Crescente,Nublado,Múltipla,Interseção de Vias,Sim,2,0,1,0,1,0,1,2,-26.43207484,-48.82263984,SPRF-SC,DEL03-SC,UOP01-DEL03-SC,2022
"470309,0",2022-08-26,sexta-feira,05:25:00,SC,101,"23,9",JOINVILLE,Demais falhas mecânicas ou elétricas,Incêndio,Sem Vítimas,Plena Noite,Crescente,Nevoeiro/Neblina,Múltipla,Curva,Não,2,0,0,0,1,2,0,3,-26.16582501,-48.90742427,SPRF-SC,DEL03-SC,UOP01-DEL03-SC,2022
"470357,0",2022-08-26,sexta-feira,09:02:00,SC,282,"510,0",XANXERE,Frear bruscamente,Tombamento,Com Vítimas Feridas,Pleno dia,Decrescente,Céu Claro,Simples,Curva,Não,2,0,1,0,1,0,1,2,-26.897114,-52.463585,SPRF-SC,DEL07-SC,UOP01-DEL07-SC,2022
"470365,0",2022-08-26,sexta-feira,08:00:00,SC,163,"114,5",GUARUJA DO SUL,Ultrapassagem Indevida,Colisão frontal,Com Vítimas Feridas,Pleno dia,Crescente,Céu Claro,Simples,Reta,Não,3,0,1,0,1,2,1,4,-26.376165,-53.5287321,SPRF-SC,DEL07-SC,UOP03-DEL07-SC,2022
"470392,0",2022-08-26,sexta-feira,11:55:00,SC,282,"506,0",XANXERE,Ausência de reação do condutor,Colisão lateral mesmo sentido,Sem Vítimas,Pleno dia,Crescente,Céu Claro,Dupla,Reta,Não,3,0,0,0,2,1,0,3,-26.885712,-52.42907,SPRF-SC,DEL07-SC,UOP01-DEL07-SC,2022
"470468,0",2022-08-26,sexta-feira,16:50:00,SC,101,"127,0",ITAJAI,Reação tardia ou ineficiente do condutor,Colisão traseira,Com Vítimas Feridas,Pleno dia,Crescente,Céu Claro,Dupla,Reta,Não,3,0,0,2,0,1,2,2,-26.9639319,-48.68328024,SPRF-SC,DEL04-SC,UOP04-DEL04-SC,2022
"470535,0",2022-08-26,sexta-feira,22:30:00,SC,282,"426,4",VARGEM BONITA,Transitar na contramão,Colisão lateral sentido oposto,Com Vítimas Fatais,Plena Noite,Decrescente,Céu Claro,Simples,Curva,Não,19,1,0,1,16,1,1,4,-26.978425,-51.759594,SPRF-SC,DEL07-SC,UOP05-DEL07-SC,2022
"470557,0",2022-08-19,sexta-feira,16:35:00,SC,101,"207,0",SAO JOSE,Condutor deixou de manter distância do veículo da frente,Colisão com objeto,Com Vítimas Feridas,Pleno dia,Decrescente,Céu Claro,Múltipla,Declive;Reta,Sim,5,0,1,0,4,0,1,4,-27.60001226,-48.6226467,SPRF-SC,DEL01-SC,UOP01-DEL01-SC,2022
"470559,0",2022-08-27,sábado,02:15:00,SC,116,"81,0",MONTE CASTELO,Reação tardia ou ineficiente do condutor,Colisão com objeto,Sem Vítimas,Plena Noite,Decrescente,Céu Claro,Múltipla,Reta,Não,1,0,0,0,1,0,0,1,-26.57054621,-50.22160649,SPRF-SC,DEL06-SC,UOP02-DEL06-SC,2022
"470619,0",2022-08-27,sábado,10:35:00,SC,116,"94,8",MONTE CASTELO,Transitar na contramão,Colisão frontal,Com Vítimas Fatais,Pleno dia,Crescente,Sol,Simples,Reta;Declive,Não,2,1,0,0,1,0,0,2,-26.670652,-50.284847,SPRF-SC,DEL06-SC,UOP02-DEL06-SC,2022
"470654,0",2022-08-27,sábado,17:30:00,SC,101,"41,0",JOINVILLE,Ausência de reação do condutor,Colisão com objeto,Com Vítimas Feridas,Pleno dia,Decrescente,Céu Claro,Dupla,Curva;Aclive,Sim,2,0,0,1,0,1,1,2,-26.28215489,-48.88973081,SPRF-SC,DEL03-SC,UOP01-DEL03-SC,2022
"470679,0",2022-08-27,sábado,19:40:00,SC,101,"100,0",BALNEARIO PICARRAS,Ultrapassagem Indevida,Colisão com objeto,Sem Vítimas,Plena Noite,Decrescente,Céu Claro,Dupla,Reta,Não,2,0,0,0,1,1,0,2,-26.75482787,-48.68993675,SPRF-SC,DEL03-SC,UOP02-DEL03-SC,2022
"470821,0",2022-08-28,domingo,08:22:00,SC,101,"404,2",ARARANGUA,Mal súbito do condutor,Saída de leito carroçável,Com Vítimas Feridas,Pleno dia,Decrescente,Garoa/Chuvisco,Múltipla,Reta,Sim,3,0,0,1,1,1,1,3,-28.896121,-49.471658,SPRF-SC,DEL02-SC,UOP02-DEL02-SC,2022
"470864,0",2022-08-28,domingo,09:45:00,SC,470,"281,0",BRUNOPOLIS,Reação tardia ou ineficiente do condutor,Colisão frontal,Com Vítimas Feridas,Pleno dia,Crescente,Chuva,Simples,Curva,Não,3,0,1,0,1,1,1,3,-27.334003,-50.872852,SPRF-SC,DEL07-SC,UOP06-DEL07-SC,2022
"470918,0",2022-08-28,domingo,19:30:00,SC,101,"16,0",GARUVA,Demais falhas mecânicas ou elétricas,Incêndio,Sem Vítimas,Plena Noite,Crescente,Chuva,Dupla,Declive,Não,2,0,0,0,1,1,0,2,-26.11427473,-48.87647034,SPRF-SC,DEL03-SC,UOP01-DEL03-SC,2022
"470989,0",2022-08-29,segunda-feira,03:18:00,SC,101,"132,0",CAMBORIU,Reação tardia ou ineficiente do condutor,Colisão traseira,Com Vítimas Feridas,Plena Noite,Crescente,Nublado,Múltipla,Reta,Sim,3,0,1,0,1,1,1,3,-26.99654133,-48.65564711,SPRF-SC,DEL04-SC,UOP03-DEL04-SC,2022
"471014,0",2022-08-29,segunda-feira,07:35:00,SC,116,"8,2",MAFRA,Manobra de mudança de faixa,Colisão lateral mesmo sentido,Sem Vítimas,Pleno dia,Crescente,Céu Claro,Simples,Reta,Sim,3,0,0,0,2,1,0,3,-26.15748603,-49.83898198,SPRF-SC,DEL06-SC,UOP01-DEL06-SC,2022
"471049,0",2022-08-29,segunda-feira,11:00:00,SC,282,"30,0",SANTO AMARO DA IMPERATRIZ,Retorno proibido,Colisão transversal,Com Vítimas Feridas,Pleno dia,Decrescente,Céu Claro,Simples,Reta,Não,4,0,1,0,3,0,1,3,-27.687376,-48.79071,SPRF-SC,DEL01-SC,UOP03-DEL01-SC,2022
"471085,0",2022-08-29,segunda-feira,11:20:00,SC,282,"571,4",NOVA ERECHIM,Pista esburacada,Colisão lateral sentido oposto,Com Vítimas Feridas,Pleno dia,Crescente,Sol,Simples,Reta,Não,3,0,1,0,1,1,1,3,-26.883053,-52.939816,SPRF-SC,DEL07-SC,UOP02-DEL07-SC,2022
"471087,0",2022-08-24,quarta-feira,00:40:00,SC,470,"65,0",BLUMENAU,Transitar na contramão,Colisão frontal,Com Vítimas Feridas,Plena Noite,Decrescente,Nublado,Simples,Reta,Não,3,0,1,0,1,1,1,3,-26.870411,-49.211864,SPRF-SC,DEL04-SC,UOP01-DEL04-SC,2022
"471155,0",2022-08-29,segunda-feira,19:30:00,SC,101,"43,9",JOINVILLE,Reação tardia ou ineficiente do condutor,Tombamento,Com Vítimas Fatais,Plena Noite,Crescente,Céu Claro,Múltipla,Reta,Não,2,1,0,0,0,1,0,2,-26.33940975,-48.85917842,SPRF-SC,DEL03-SC,UOP01-DEL03-SC,2022
"471185,0",2022-08-30,terça-feira,05:00:00,SC,470,"69,0",INDAIAL,Acessar a via sem observar a presença dos outros veículos,Colisão transversal,Com Vítimas Feridas,Amanhecer,Crescente,Céu Claro,Simples,Em Obras;Reta,Sim,3,0,1,0,1,1,1,3,-26.883745,-49.246704,SPRF-SC,DEL04-SC,UOP01-DEL04-SC,2022
"471266,0",2022-08-30,terça-feira,14:05:00,SC,101,"203,3",SAO JOSE,Acessar a via sem observar a presença dos outros veículos,Colisão lateral mesmo sentido,Com Vítimas Feridas,Pleno dia,Crescente,Céu Claro,Dupla,Viaduto,Sim,4,0,0,1,2,1,1,4,-27.5650044,-48.61460082,SPRF-SC,DEL01-SC,UOP01-DEL01-SC,2022
"471400,0",2022-08-31,quarta-feira,10:40:00,SC,280,"52,0",GUARAMIRIM,Manobra de mudança de faixa,Colisão lateral mesmo sentido,Com Vítimas Feridas,Pleno dia,Crescente,Nublado,Simples,Reta,Sim,2,0,1,0,1,0,1,2,-26.470872,-48.970795,SPRF-SC,DEL03-SC,UOP03-DEL03-SC,2022
"471401,0",2022-08-31,quarta-feira,11:10:00,SC,101,"82,8",BARRA VELHA,Acessar a via sem observar a presença dos outros veículos,Atropelamento de Pedestre,Com Vítimas Feridas,Pleno dia,Decrescente,Nublado,Dupla,Em Obras,Sim,3,0,0,1,2,0,1,2,-26.61085222,-48.72204472,SPRF-SC,DEL03-SC,UOP02-DEL03-SC,2022
"471446,0",2022-08-31,quarta-feira,15:35:00,SC,101,"169,0",TIJUCAS,Manobra de mudança de faixa,Colisão lateral mesmo sentido,Sem Vítimas,Pleno dia,Crescente,Céu Claro,Dupla,Reta,Não,3,0,0,0,2,1,0,3,-27.32475977,-48.62729073,SPRF-SC,DEL04-SC,UOP03-DEL04-SC,2022
"471485,0",2022-08-31,quarta-feira,17:50:00,SC,101,"429,8",SOMBRIO,Transitar no acostamento,Tombamento,Com Vítimas Fatais,Anoitecer,Crescente,Ignorado,Múltipla,Reta,Não,5,1,1,0,2,1,1,4,-29.06192519,-49.62408727,SPRF-SC,DEL02-SC,UOP02-DEL02-SC,2022
"471523,0",2022-08-31,quarta-feira,21:40:00,SC,163,"68,6",SAO MIGUEL DO OESTE,Manobra de mudança de faixa,Colisão lateral mesmo sentido,Sem Vítimas,Plena Noite,Crescente,Céu Claro,Dupla,Reta;Interseção de Vias;Declive,Sim,3,0,0,0,1,3,0,4,-26.74470018,-53.50095034,SPRF-SC,DEL07-SC,UOP03-DEL07-SC,2022
"471662,0",2022-09-01,quinta-feira,10:30:00,SC,282,"310,8",VARGEM,Velocidade Incompatível,Colisão frontal,Com Vítimas Fatais,Pleno dia,Decrescente,Céu Claro,Simples,Curva;Aclive,Não,3,1,0,0,2,0,0,2,-27.4739124,-50.9824937,SPRF-SC,DEL07-SC,UOP06-DEL07-SC,2022
"471683,0",2022-09-01,quinta-feira,21:05:00,SC,470,"48,4",BLUMENAU,Ausência de reação do condutor,Tombamento,Com Vítimas Feridas,Plena Noite,Decrescente,Nublado,Simples,Reta,Não,3,0,0,1,1,1,1,3,-26.859823,-49.055393,SPRF-SC,DEL04-SC,UOP01-DEL04-SC,2022
"471712,0",2022-09-02,sexta-feira,02:10:00,SC,101,"181,0",BIGUACU,Acessar a via sem observar a presença dos outros veículos,Colisão traseira,Com Vítimas Feridas,Plena Noite,Crescente,Céu Claro,Dupla,Reta;Em Obras,Não,2,0,0,1,1,0,1,2,-27.38958699,-48.63197593,SPRF-SC,DEL01-SC,UOP01-DEL01-SC,2022
"471738,0",2022-06-23,quinta-feira,07:00:00,SC,101,"111,0",NAVEGANTES,Velocidade Incompatível,Tombamento,Sem Vítimas,Pleno dia,Decrescente,Ignorado,Dupla,Interseção de Vias,Não,1,0,0,0,1,0,0,1,-26.83955734,-48.71418074,SPRF-SC,DEL04-SC,UOP04-DEL04-SC,2022
"471763,0",2022-09-02,sexta-feira,08:15:00,SC,282,"575,7",PINHALZINHO,Condutor Dormindo,Colisão lateral sentido oposto,Com Vítimas Feridas,Pleno dia,Crescente,Chuva,Simples,Reta,Não,4,0,1,1,1,1,2,3,-26.86744217,-52.9649806,SPRF-SC,DEL07-SC,UOP02-DEL07-SC,2022
"471771,0",2022-09-02,sexta-feira,11:15:00,SC,101,"206,3",SAO JOSE,Desrespeitar a preferência no cruzamento,Colisão transversal,Com Vítimas Fatais,Pleno dia,Decrescente,Céu Claro,Múltipla,Reta,Sim,4,1,0,0,1,2,0,4,-27.5949941,-48.6189754,SPRF-SC,DEL01-SC,UOP01-DEL01-SC,2022
"471873,0",2022-09-02,sexta-feira,17:40:00,SC,280,"128,0",RIO NEGRINHO,Velocidade Incompatível,Colisão lateral sentido oposto,Com Vítimas Feridas,Anoitecer,Decrescente,Chuva,Simples,Reta,Sim,4,0,2,0,2,0,2,2,-26.24317941,-49.51320018,SPRF-SC,DEL06-SC,UOP03-DEL06-SC,2022
"472016,0",2022-09-03,sábado,10:30:00,SC,101,"152,0",PORTO BELO,Reação tardia ou ineficiente do condutor,Colisão traseira,Sem Vítimas,Pleno dia,Crescente,Céu Claro,Dupla,Reta,Não,4,0,0,0,3,1,0,4,-27.13563503,-48.61004665,SPRF-SC,DEL04-SC,UOP03-DEL04-SC,2022
"472184,0",2022-09-04,domingo,03:50:00,SC,101,"123,9",ITAJAI,Condutor deixou de manter distância do veículo da frente,Colisão lateral mesmo sentido,Com Vítimas Feridas,Plena Noite,Crescente,Céu Claro,Dupla,Reta,Não,4,0,1,0,1,2,1,3,-26.93668609,-48.69876905,SPRF-SC,DEL04-SC,UOP04-DEL04-SC,2022
"472201,0",2022-09-04,domingo,06:15:00,SC,101,"441,7",SANTA ROSA DO SUL,Ausência de reação do condutor,Colisão com objeto,Com Vítimas Feridas,Amanhecer,Crescente,Nublado,Múltipla,Reta,Não,3,0,0,1,1,2,1,4,-29.13076501,-49.69096011,SPRF-SC,DEL02-SC,UOP02-DEL02-SC,2022
"472234,0",2022-09-04,domingo,06:58:00,SC,116,"120,7",SANTA CECILIA,Acessar a via sem observar a presença dos outros veículos,Colisão lateral mesmo sentido,Com Vítimas Feridas,Pleno dia,Decrescente,Céu Claro,Simples,Reta,Não,3,0,1,0,1,1,1,3,-26.82744878,-50.37663407,SPRF-SC,DEL06-SC,UOP02-DEL06-SC,2022
"472452,0",2022-09-04,domingo,21:30:00,SC,280,"2,0",SAO FRANCISCO DO SUL,Manobra de mudança de faixa,Colisão frontal,Com Vítimas Feridas,Plena Noite,Decrescente,Nublado,Simples,Reta,Não,3,0,1,0,1,1,1,3,-26.23700996,-48.61979093,SPRF-SC,DEL03-SC,UOP03-DEL03-SC,2022
"472467,0",2022-09-05,segunda-feira,00:45:00,SC,101,"192,9",BIGUACU,Entrada inopinada do pedestre,Atropelamento de Pedestre,Com Vítimas Feridas,Plena Noite,Decrescente,Céu Claro,Múltipla,Desvio Temporário;Curva;Em Obras,Sim,2,0,0,1,1,0,1,2,-27.4887938,-48.6549731,SPRF-SC,DEL01-SC,UOP01-DEL01-SC,2022
"472584,0",2022-09-05,segunda-feira,12:00:00,SC,153,"45,0",VARGEM BONITA,Transitar na contramão,Colisão lateral sentido oposto,Com Vítimas Feridas,Pleno dia,Decrescente,Nublado,Simples,Reta,Não,2,0,0,1,1,0,1,2,-26.883162,-51.757702,SPRF-SC,DEL07-SC,UOP05-DEL07-SC,2022
"472587,0",2022-09-05,segunda-feira,09:25:00,SC,282,"424,9",VARGEM BONITA,Transitar na contramão,Colisão lateral sentido oposto,Com Vítimas Feridas,Pleno dia,Crescente,Nublado,Simples,Curva,Não,2,0,1,0,0,1,1,2,-26.980412,-51.756256,SPRF-SC,DEL07-SC,UOP05-DEL07-SC,2022
"472613,0",2022-09-05,segunda-feira,18:20:00,SC,101,"128,6",BALNEARIO CAMBORIU,Condutor deixou de manter distância do veículo da frente,Colisão lateral mesmo sentido,Com Vítimas Feridas,Plena Noite,Decrescente,Nublado,Dupla,Curva,Sim,3,0,1,0,1,1,1,3,-26.97284292,-48.68299451,SPRF-SC,DEL04-SC,UOP03-DEL04-SC,2022
"472658,0",2022-09-05,segunda-feira,23:00:00,SC,101,"195,9",BIGUACU,Pedestre andava na pista,Atropelamento de Pedestre,Com Vítimas Feridas,Plena Noite,Decrescente,Chuva,Múltipla,Reta,Sim,2,0,0,1,0,1,1,2,-27.51101091,-48.64322292,SPRF-SC,DEL01-SC,UOP01-DEL01-SC,2022
"472685,0",2022-09-06,terça-feira,03:30:00,SC,101,"276,5",IMBITUBA,Ausência de reação do condutor,Colisão traseira,Com Vítimas Feridas,Plena Noite,Decrescente,Garoa/Chuvisco,Dupla,Reta,Sim,3,0,0,1,1,1,1,3,-28.14644701,-48.69204746,SPRF-SC,DEL02-SC,UOP03-DEL02-SC,2022
"472699,0",2022-09-06,terça-feira,05:20:00,SC,470,"178,3",POUSO REDONDO,Ausência de reação do condutor,Saída de leito carroçável,Com Vítimas Feridas,Amanhecer,Crescente,Chuva,Simples,Reta,Não,2,0,0,1,0,1,1,2,-27.248392,-49.967083,SPRF-SC,DEL04-SC,UOP02-DEL04-SC,2022
"472752,0",2022-08-05,sexta-feira,19:00:00,SC,116,"89,9",MONTE CASTELO,Transitar na contramão,Colisão frontal,Com Vítimas Fatais,Plena Noite,Crescente,Céu Claro,Simples,Reta,Não,3,1,0,0,1,2,0,4,-26.6357988,-50.2529397,SPRF-SC,DEL06-SC,UOP02-DEL06-SC,2022
"472766,0",2022-09-06,terça-feira,15:11:00,SC,470,"58,1",BLUMENAU,Desrespeitar a preferência no cruzamento,Colisão transversal,Com Vítimas Feridas,Pleno dia,Crescente,Chuva,Simples,Interseção de Vias,Sim,5,0,0,1,3,1,1,4,-26.883879,-49.145622,SPRF-SC,DEL04-SC,UOP01-DEL04-SC,2022
"472782,0",2022-07-13,quarta-feira,14:10:00,SC,101,"212,0",PALHOCA,Reação tardia ou ineficiente do condutor,Engavetamento,Com Vítimas Feridas,Pleno dia,Decrescente,Nublado,Dupla,Reta,Sim,4,0,1,0,2,1,1,4,-27.62996929,-48.65903871,SPRF-SC,DEL01-SC,UOP02-DEL01-SC,2022
"472793,0",2022-09-06,terça-feira,17:00:00,SC,101,"327,0",CAPIVARI DE BAIXO,Reação tardia ou ineficiente do condutor,Colisão lateral mesmo sentido,Com Vítimas Feridas,Pleno dia,Crescente,Nublado,Dupla,Reta;Aclive,Não,5,0,1,0,3,1,1,5,-28.43023306,-48.95205197,SPRF-SC,DEL02-SC,UOP01-DEL02-SC,2022
"472816,0",2022-09-06,terça-feira,17:05:00,SC,101,"100,2",BALNEARIO PICARRAS,Reação tardia ou ineficiente do condutor,Colisão traseira,Com Vítimas Feridas,Anoitecer,Crescente,Garoa/Chuvisco,Dupla,Reta,Sim,3,0,0,1,1,3,1,5,-26.75926695,-48.68765545,SPRF-SC,DEL03-SC,UOP02-DEL03-SC,2022
"472892,0",2022-09-07,quarta-feira,04:40:00,SC,101,"333,0",TUBARAO,Pedestre andava na pista,Atropelamento de Pedestre,Com Vítimas Fatais,Plena Noite,Decrescente,Nublado,Dupla,Curva,Sim,3,1,0,0,1,1,0,3,-28.4674448,-49.0077866,SPRF-SC,DEL02-SC,UOP01-DEL02-SC,2022
"472927,0",2022-09-07,quarta-feira,05:00:00,SC,282,"155,0",BOM RETIRO,Manobra de mudança de faixa,Colisão lateral sentido oposto,Com Vítimas Feridas,Plena Noite,Crescente,Garoa/Chuvisco,Simples,Reta,Não,3,0,0,1,1,1,1,3,-27.75168,-49.707371,SPRF-SC,DEL05-SC,UOP01-DEL05-SC,2022
"473023,0",2022-09-07,quarta-feira,22:00:00,SC,101,"200,0",SAO JOSE,Ingestão de álcool pelo condutor,Colisão traseira,Sem Vítimas,Plena Noite,Crescente,Chuva,Dupla,Reta,Sim,3,0,0,0,2,1,0,3,-27.54018513,-48.62287714,SPRF-SC,DEL01-SC,UOP01-DEL01-SC,2022
"473025,0",2022-09-07,quarta-feira,21:25:00,SC,101,"111,9",ITAJAI,Ingestão de álcool pelo condutor,Colisão lateral mesmo sentido,Com Vítimas Feridas,Plena Noite,Crescente,Nublado,Dupla,Reta,Não,5,0,1,0,3,2,1,5,-26.83955734,-48.71418074,SPRF-SC,DEL04-SC,UOP04-DEL04-SC,2022
"473047,0",2022-09-08,quinta-feira,04:20:00,SC,101,"170,0",TIJUCAS,Condutor Dormindo,Colisão traseira,Com Vítimas Feridas,Plena Noite,Decrescente,Céu Claro,Dupla,Reta,Não,3,0,0,1,1,1,1,3,-27.29669601,-48.63147594,SPRF-SC,DEL04-SC,UOP03-DEL04-SC,2022
"473052,0",2022-09-08,quinta-feira,04:00:00,SC,101,"374,9",ICARA,Problema com o freio,Incêndio,Sem Vítimas,Plena Noite,Decrescente,Nevoeiro/Neblina,Dupla,Reta,Sim,2,0,0,0,1,1,0,2,-28.73148911,-49.24351752,SPRF-SC,DEL02-SC,UOP01-DEL02-SC,2022
"473104,0",2022-09-08,quinta-feira,09:10:00,SC,101,"298,8",LAGUNA,Reação tardia ou ineficiente do condutor,Colisão traseira,Com Vítimas Feridas,Pleno dia,Crescente,Céu Claro,Múltipla,Reta,Sim,4,0,1,0,3,0,1,2,-28.35061877,-48.73946071,SPRF-SC,DEL02-SC,UOP03-DEL02-SC,2022
"473109,0",2022-09-08,quinta-feira,10:00:00,SC,101,"46,4",JOINVILLE,Demais falhas mecânicas ou elétricas,Saída de leito carroçável,Com Vítimas Fatais,Pleno dia,Decrescente,Céu Claro,Múltipla,Reta,Não,1,1,0,0,0,0,0,1,-26.36316594,-48.8588351,SPRF-SC,DEL03-SC,UOP01-DEL03-SC,2022
"473162,0",2022-09-04,domingo,22:15:00,SC,101,"216,3",PALHOCA,Acessar a via sem observar a presença dos outros veículos,Colisão transversal,Sem Vítimas,Plena Noite,Crescente,Nublado,Múltipla,Reta,Sim,2,0,0,0,2,0,0,2,-27.65981409,-48.67747798,SPRF-SC,DEL01-SC,UOP02-DEL01-SC,2022
"473203,0",2022-09-08,quinta-feira,19:00:00,SC,282,"582,1",PINHALZINHO,Ultrapassagem Indevida,Colisão lateral mesmo sentido,Com Vítimas Feridas,Plena Noite,Decrescente,Nublado,Simples,Rotatória,Não,3,0,1,0,1,2,1,4,-26.826683,-53.002621,SPRF-SC,DEL07-SC,UOP02-DEL07-SC,2022
"473259,0",2022-09-09,sexta-feira,08:00:00,SC,470,"138,4",RIO DO SUL,Desrespeitar a preferência no cruzamento,Colisão transversal,Com Vítimas Feridas,Pleno dia,Crescente,Chuva,Simples,Interseção de Vias,Sim,4,0,0,2,2,0,2,3,-27.207214,-49.648476,SPRF-SC,DEL04-SC,UOP02-DEL04-SC,2022
"473266,0",2022-09-09,sexta-feira,06:00:00,SC,282,"75,0",RANCHO QUEIMADO,Pista Escorregadia,Saída de leito carroçável,Com Vítimas Fatais,Amanhecer,Decrescente,Chuva,Simples,Reta;Declive,Não,6,1,1,0,3,2,1,4,-27.690931,-49.129143,SPRF-SC,DEL01-SC,UOP03-DEL01-SC,2022
"473275,0",2022-09-09,sexta-feira,08:10:00,SC,470,"122,5",IBIRAMA,Reação tardia ou ineficiente do condutor,Colisão traseira,Com Vítimas Feridas,Pleno dia,Crescente,Chuva,Simples,Reta,Não,4,0,1,0,2,1,1,4,-27.082176,-49.511818,SPRF-SC,DEL04-SC,UOP02-DEL04-SC,2022
"473276,0",2022-09-09,sexta-feira,08:00:00,SC,163,"72,0",SAO MIGUEL DO OESTE,Desrespeitar a preferência no cruzamento,Colisão frontal,Com Vítimas Feridas,Pleno dia,Decrescente,Nublado,Dupla,Reta,Sim,2,0,1,0,1,0,1,2,-26.71908804,-53.5157791,SPRF-SC,DEL07-SC,UOP03-DEL07-SC,2022
"473283,0",2022-09-09,sexta-feira,10:15:00,SC,282,"213,4",LAGES,Entrada inopinada do pedestre,Atropelamento de Pedestre,Com Vítimas Fatais,Pleno dia,Decrescente,Céu Claro,Simples,Reta,Sim,5,1,0,0,1,3,0,3,-27.7872198,-50.2669977,SPRF-SC,DEL05-SC,UOP01-DEL05-SC,2022
"473407,0",2022-09-09,sexta-feira,16:45:00,SC,116,"71,9",MONTE CASTELO,Condutor deixou de manter distância do veículo da frente,Colisão traseira,Com Vítimas Feridas,Pleno dia,Decrescente,Céu Claro,Simples,Aclive,Não,3,0,0,1,1,1,1,3,-26.47804399,-50.23238915,SPRF-SC,DEL06-SC,UOP02-DEL06-SC,2022
"473440,0",2022-09-10,sábado,02:30:00,SC,101,"77,5",ARAQUARI,Ausência de reação do condutor,Colisão traseira,Com Vítimas Fatais,Plena Noite,Decrescente,Chuva,Dupla,Curva,Sim,3,1,0,0,1,1,0,3,-26.577618,-48.7224401,SPRF-SC,DEL03-SC,UOP02-DEL03-SC,2022
"473506,0",2022-09-10,sábado,11:00:00,SC,280,"38,0",ARAQUARI,Ultrapassagem Indevida,Colisão lateral mesmo sentido,Com Vítimas Feridas,Pleno dia,Decrescente,Chuva,Simples,Reta,Não,2,0,1,0,0,1,1,2,-26.44812855,-48.82794004,SPRF-SC,DEL03-SC,UOP03-DEL03-SC,2022
"473621,0",2022-09-10,sábado,21:30:00,SC,101,"306,0",LAGUNA,Reação tardia ou ineficiente do condutor,Colisão traseira,Com Vítimas Feridas,Plena Noite,Decrescente,Céu Claro,Múltipla,Reta,Não,3,0,0,1,1,1,1,3,-28.38437001,-48.77113299,SPRF-SC,DEL02-SC,UOP03-DEL02-SC,2022
"473849,0",2022-09-11,domingo,21:15:00,SC,116,"138,0",SANTA CECILIA,Transitar na contramão,Colisão lateral sentido oposto,Sem Vítimas,Plena Noite,Crescente,Chuva,Dupla,Reta,Não,3,0,0,0,2,1,0,3,-26.95365013,-50.42351412,SPRF-SC,DEL06-SC,UOP02-DEL06-SC,2022
"473967,0",2022-09-12,segunda-feira,13:20:00,SC,153,"99,1",CONCORDIA,Acessar a via sem observar a presença dos outros veículos,Colisão transversal,Com Vítimas Feridas,Pleno dia,Crescente,Nublado,Simples,Curva,Sim,4,0,1,1,1,2,2,4,-27.24852527,-51.95297241,SPRF-SC,DEL07-SC,UOP04-DEL07-SC,2022
"473993,0",2022-08-06,sábado,20:10:00,SC,116,"232,0",CORREIA PINTO,Condutor deixou de manter distância do veículo da frente,Colisão traseira,Com Vítimas Feridas,Plena Noite,Decrescente,Chuva,Simples,Reta,Não,4,0,1,0,2,1,1,3,-27.69629625,-50.3358686,SPRF-SC,DEL05-SC,UOP03-DEL05-SC,2022
"474046,0",2022-09-12,segunda-feira,20:35:00,SC,101,"33,0",JOINVILLE,Condutor deixou de manter distância do veículo da frente,Colisão traseira,Com Vítimas Feridas,Plena Noite,Decrescente,Chuva,Dupla,Viaduto,Sim,4,0,2,0,1,1,2,3,-26.25644635,-48.90460243,SPRF-SC,DEL03-SC,UOP01-DEL03-SC,2022