id,data_inversa,dia_semana,horario,uf,br,km,municipio,causa_acidente,tipo_acidente,classificacao_acidente,fase_dia,sentido_via,condicao_metereologica,tipo_pista,tracado_via,uso_solo,pessoas,mortos,feridos_leves,feridos_graves,ilesos,ignorados,feridos,veiculos,latitude,longitude,regional,delegacia,uop,ano_arquivo
"474074,0",2022-09-12,segunda-feira,20:30:00,SC,282,"213,0",LAGES,Transitar na contramão,Colisão lateral sentido oposto,Com Vítimas Feridas,Plena Noite,Crescente,Chuva,Simples,Reta,Sim,10,0,4,0,5,1,4,4,-27.785299,-50.261921,SPRF-SC,DEL05-SC,UOP01-DEL05-SC,2022
"474152,0",2022-09-13,terça-feira,11:04:00,SC,470,"144,5",RIO DO SUL,Velocidade Incompatível,Colisão traseira,Com Vítimas Feridas,Pleno dia,Decrescente,Céu Claro,Simples,Reta,Sim,4,0,1,1,2,0,2,3,-27.243439,-49.690025,SPRF-SC,DEL04-SC,UOP02-DEL04-SC,2022
"474253,0",2022-09-13,terça-feira,22:30:00,SC,282,"437,0",IRANI,Velocidade Incompatível,Tombamento,Com Vítimas Feridas,Plena Noite,Decrescente,Nublado,Simples,Interseção de Vias,Não,1,0,1,0,0,0,1,1,-26.963764,-51.854839,SPRF-SC,DEL07-SC,UOP04-DEL07-SC,2022
"474261,0",2022-09-13,terça-feira,23:20:00,SC,282,"129,8",BOM RETIRO,Transitar na contramão,Colisão frontal,Com Vítimas Fatais,Plena Noite,Decrescente,Nublado,Simples,Reta,Não,3,1,0,0,1,1,0,3,-27.80233579,-49.50370789,SPRF-SC,DEL05-SC,UOP01-DEL05-SC,2022
"474310,0",2022-09-14,quarta-feira,09:20:00,SC,280,"27,5",ARAQUARI,Condutor deixou de manter distância do veículo da frente,Colisão traseira,Com Vítimas Feridas,Pleno dia,Decrescente,Nublado,Simples,Reta;Em Obras,Sim,2,0,0,1,1,0,1,2,-26.39685622,-48.74021969,SPRF-SC,DEL03-SC,UOP03-DEL03-SC,2022
"474318,0",2022-09-14,quarta-feira,08:36:00,SC,282,"624,4",IRACEMINHA,Ausência de reação do condutor,Colisão lateral mesmo sentido,Sem Vítimas,Pleno dia,Decrescente,Céu Claro,Simples,Reta;Interseção de Vias;Declive,Não,5,0,0,0,4,1,0,5,-26.798008,-53.34169,SPRF-SC,DEL07-SC,UOP02-DEL07-SC,2022
"474325,0",2022-09-14,quarta-feira,10:20:00,SC,470,"9,9",NAVEGANTES,Acessar a via sem observar a presença dos outros veículos,Colisão transversal,Com Vítimas Feridas,Pleno dia,Crescente,Nublado,Simples,Reta;Em Obras;Interseção de Vias,Sim,6,0,4,0,1,1,4,3,-26.83372134,-48.73646736,SPRF-SC,DEL04-SC,UOP04-DEL04-SC,2022
"474337,0",2022-09-14,quarta-feira,10:30:00,SC,282,"574,5",PINHALZINHO,Velocidade Incompatível,Saída de leito carroçável,Com Vítimas Feridas,Pleno dia,Crescente,Céu Claro,Simples,Reta,Não,2,0,1,0,0,1,1,2,-26.867399,-52.965149,SPRF-SC,DEL07-SC,UOP02-DEL07-SC,2022
"474352,0",2022-09-14,quarta-feira,12:27:00,SC,163,"72,2",SAO MIGUEL DO OESTE,Acessar a via sem observar a presença dos outros veículos,Colisão transversal,Com Vítimas Feridas,Pleno dia,Crescente,Céu Claro,Simples,Interseção de Vias,Sim,3,0,1,0,1,1,1,3,-26.71908804,-53.5157791,SPRF-SC,DEL07-SC,UOP03-DEL07-SC,2022
"474363,0",2022-09-14,quarta-feira,10:20:00,SC,470,"141,0",RIO DO SUL,Acesso irregular,Colisão com objeto,Sem Vítimas,Pleno dia,Crescente,Nublado,Simples,Túnel,Sim,1,0,0,0,1,0,0,1,-27.20960242,-49.65180874,SPRF-SC,DEL04-SC,UOP02-DEL04-SC,2022
"474409,0",2022-09-14,quarta-feira,15:50:00,SC,282,"439,0",IRANI,Transitar na contramão,Colisão lateral sentido oposto,Com Vítimas Feridas,Pleno dia,Crescente,Céu Claro,Simples,Reta,Não,3,0,1,0,1,1,1,3,-26.945671,-51.861717,SPRF-SC,DEL07-SC,UOP04-DEL07-SC,2022
"474455,0",2022-09-15,quinta-feira,01:10:00,SC,116,"236,0",LAGES,Ausência de reação do condutor,Saída de leito carroçável,Com Vítimas Feridas,Plena Noite,Crescente,Nublado,Simples,Reta,Não,1,0,1,0,0,0,1,1,-27.72090493,-50.33607643,SPRF-SC,DEL05-SC,UOP01-DEL05-SC,2022
"474476,0",2022-09-15,quinta-feira,06:05:00,SC,101,"460,0",PASSO DE TORRES,Ausência de reação do condutor,Saída de leito carroçável,Com Vítimas Feridas,Amanhecer,Decrescente,Chuva,Dupla,Reta,Não,2,0,0,1,0,1,1,2,-29.26510828,-49.75543857,SPRF-RS,DEL03-RS,UOP02-DEL03-RS,2022
"474575,0",2022-09-15,quinta-feira,18:00:00,SC,280,"11,0",SAO FRANCISCO DO SUL,Demais falhas mecânicas ou elétricas,Colisão com objeto,Com Vítimas Feridas,Plena Noite,Decrescente,Chuva,Simples,Reta;Aclive,Não,7,0,2,0,3,3,2,6,-26.304752,-48.641014,SPRF-SC,DEL03-SC,UOP03-DEL03-SC,2022
"474607,0",2022-09-15,quinta-feira,20:00:00,SC,101,"154,0",PORTO BELO,Reação tardia ou ineficiente do condutor,Colisão traseira,Com Vítimas Feridas,Plena Noite,Crescente,Nublado,Dupla,Reta,Não,2,0,1,0,1,0,1,2,-27.153819,-48.61086393,SPRF-SC,DEL04-SC,UOP03-DEL04-SC,2022
"474611,0",2022-09-15,quinta-feira,21:30:00,SC,101,"120,0",ITAJAI,Manobra de mudança de faixa,Colisão lateral mesmo sentido,Com Vítimas Feridas,Plena Noite,Decrescente,Céu Claro,Simples,Reta,Sim,3,0,1,0,1,1,1,3,-26.912758,-48.711998,SPRF-SC,DEL04-SC,UOP04-DEL04-SC,2022
"474675,0",2022-09-16,sexta-feira,07:50:00,SC,101,"204,0",SAO JOSE,Reação tardia ou ineficiente do condutor,Colisão traseira,Sem Vítimas,Pleno dia,Crescente,Nublado,Múltipla,Reta,Não,2,0,0,0,2,0,0,2,-27.57413014,-48.61363083,SPRF-SC,DEL01-SC,UOP01-DEL01-SC,2022
"474779,0",2022-09-16,sexta-feira,15:30:00,SC,282,"351,1",CAMPOS NOVOS,Ultrapassagem Indevida,Colisão lateral sentido oposto,Com Vítimas Feridas,Pleno dia,Crescente,Céu Claro,Simples,Reta,Não,5,0,2,1,1,1,3,5,-27.361374,-51.301975,SPRF-SC,DEL07-SC,UOP06-DEL07-SC,2022
"474911,0",2022-09-17,sábado,05:50:00,SC,101,"228,0",PALHOCA,Ausência de reação do condutor,Colisão traseira,Com Vítimas Feridas,Amanhecer,Crescente,Chuva,Dupla,Reta,Não,4,0,3,0,1,0,3,2,-27.7597249,-48.63078869,SPRF-SC,DEL01-SC,UOP02-DEL01-SC,2022
"475088,0",2022-09-17,sábado,22:30:00,SC,116,"211,9",PONTE ALTA,Ingestão de álcool pelo condutor,Colisão transversal,Sem Vítimas,Plena Noite,Decrescente,Céu Claro,Simples,Curva,Não,3,0,0,0,2,1,0,3,-27.51040007,-50.36397936,SPRF-SC,DEL05-SC,UOP03-DEL05-SC,2022
"475113,0",2022-09-18,domingo,03:00:00,SC,101,"287,2",IMBITUBA,Condutor Dormindo,Saída de leito carroçável,Com Vítimas Fatais,Plena Noite,Decrescente,Céu Claro,Dupla,Reta,Não,1,1,0,0,0,0,0,1,-28.2588648,-48.7044101,SPRF-SC,DEL02-SC,UOP03-DEL02-SC,2022
"475158,0",2022-09-18,domingo,07:30:00,SC,101,"118,0",ITAJAI,Entrada inopinada do pedestre,Atropelamento de Pedestre,Com Vítimas Feridas,Pleno dia,Decrescente,Chuva,Múltipla,Reta,Sim,3,0,0,1,1,1,1,3,-26.895859,-48.71903,SPRF-SC,DEL04-SC,UOP04-DEL04-SC,2022
"475243,0",2022-09-18,domingo,16:10:00,SC,116,"59,8",PAPANDUVA,Acessar a via sem observar a presença dos outros veículos,Colisão transversal,Com Vítimas Feridas,Pleno dia,Crescente,Céu Claro,Simples,Reta,Não,7,0,4,1,2,0,5,3,-26.38218176,-50.21541595,SPRF-SC,DEL06-SC,UOP02-DEL06-SC,2022
"475291,0",2022-09-18,domingo,17:48:00,SC,163,"88,0",GUARACIABA,Ultrapassagem Indevida,Colisão lateral mesmo sentido,Sem Vítimas,Pleno dia,Decrescente,Céu Claro,Simples,Reta;Aclive;Em Obras,Não,4,0,0,0,3,3,0,6,-26.58233094,-53.51749809,SPRF-SC,DEL07-SC,UOP03-DEL07-SC,2022
"475312,0",2022-09-18,domingo,20:00:00,SC,101,"97,3",BALNEARIO PICARRAS,Reação tardia ou ineficiente do condutor,Colisão lateral mesmo sentido,Sem Vítimas,Plena Noite,Decrescente,Nublado,Dupla,Reta,Não,3,0,0,0,2,1,0,3,-26.72823703,-48.70224928,SPRF-SC,DEL03-SC,UOP02-DEL03-SC,2022
"475583,0",2022-09-20,terça-feira,07:45:00,SC,101,"56,5",ARAQUARI,Ausência de reação do condutor,Colisão lateral mesmo sentido,Com Vítimas Feridas,Pleno dia,Crescente,Céu Claro,Simples,Interseção de Vias,Não,2,0,0,1,1,0,1,2,-26.43601701,-48.8143442,SPRF-SC,DEL03-SC,UOP01-DEL03-SC,2022
"475598,0",2022-09-20,terça-feira,13:35:00,SC,101,"189,1",BIGUACU,Condutor deixou de manter distância do veículo da frente,Tombamento,Com Vítimas Feridas,Pleno dia,Crescente,Céu Claro,Dupla,Reta,Sim,2,0,1,0,1,0,1,2,-27.459393,-48.638914,SPRF-SC,DEL01-SC,UOP01-DEL01-SC,2022
"475678,0",2022-09-20,terça-feira,18:20:00,SC,153,"69,6",IRANI,Ingestão de álcool pelo condutor,Saída de leito carroçável,Sem Vítimas,Anoitecer,Decrescente,Céu Claro,Simples,Curva,Não,2,0,0,0,1,1,0,2,-27.041891,-51.882576,SPRF-SC,DEL07-SC,UOP04-DEL07-SC,2022
"475680,0",2022-09-20,terça-feira,20:30:00,SC,470,"82,6",RODEIO,Pedestre andava na pista,Atropelamento de Pedestre,Com Vítimas Feridas,Plena Noite,Decrescente,Céu Claro,Simples,Reta,Não,2,0,0,1,1,0,1,2,-26.9630818,-49.33075905,SPRF-SC,DEL04-SC,UOP01-DEL04-SC,2022
"475707,0",2022-09-21,quarta-feira,04:30:00,SC,470,"61,0",BLUMENAU,Velocidade Incompatível,Colisão frontal,Sem Vítimas,Amanhecer,Decrescente,Nublado,Simples,Curva,Sim,3,0,0,0,1,2,0,3,-26.878952,-49.17421,SPRF-SC,DEL04-SC,UOP01-DEL04-SC,2022
"475711,0",2022-09-21,quarta-feira,06:00:00,SC,280,"37,1",ARAQUARI,Demais falhas mecânicas ou elétricas,Colisão frontal,Com Vítimas Feridas,Pleno dia,Decrescente,Céu Claro,Simples,Reta,Não,3,0,2,0,0,1,2,3,-26.44572892,-48.81862707,SPRF-SC,DEL03-SC,UOP03-DEL03-SC,2022
"475732,0",2022-09-21,quarta-feira,06:10:00,SC,101,"76,0",ARAQUARI,Ausência de reação do condutor,Colisão traseira,Com Vítimas Feridas,Amanhecer,Decrescente,Céu Claro,Dupla,Reta,Não,2,0,0,1,1,0,1,2,-26.55954801,-48.72063404,SPRF-SC,DEL03-SC,UOP02-DEL03-SC,2022
"475827,0",2022-09-21,quarta-feira,16:50:00,SC,282,"500,0",XANXERE,Velocidade Incompatível,Colisão com objeto,Sem Vítimas,Pleno dia,Decrescente,Chuva,Dupla,Reta,Sim,3,0,0,0,2,1,0,2,-26.881372,-52.37252,SPRF-SC,DEL07-SC,UOP01-DEL07-SC,2022
"475837,0",2022-09-21,quarta-feira,18:09:00,SC,116,"239,0",LAGES,Reação tardia ou ineficiente do condutor,Tombamento,Com Vítimas Feridas,Anoitecer,Decrescente,Chuva,Simples,Curva,Sim,1,0,1,0,0,0,1,1,-27.74920303,-50.33493086,SPRF-SC,DEL05-SC,UOP01-DEL05-SC,2022
"475840,0",2022-09-21,quarta-feira,20:00:00,SC,282,"220,6",LAGES,Reação tardia ou ineficiente do condutor,Colisão traseira,Sem Vítimas,Plena Noite,Decrescente,Chuva,Simples,Declive;Reta,Sim,3,0,0,0,2,1,0,3,-27.794014,-50.33363,SPRF-SC,DEL05-SC,UOP01-DEL05-SC,2022
"475855,0",2022-09-21,quarta-feira,17:50:00,SC,101,"335,8",TUBARAO,Manobra de mudança de faixa,Colisão lateral mesmo sentido,Com Vítimas Feridas,Anoitecer,Decrescente,Nublado,Múltipla,Curva,Sim,4,0,1,0,2,1,1,3,-28.47887681,-49.03335571,SPRF-SC,DEL02-SC,UOP01-DEL02-SC,2022
"475856,0",2022-09-22,quinta-feira,03:00:00,SC,101,"197,0",BIGUACU,Entrada inopinada do pedestre,Atropelamento de Pedestre,Com Vítimas Feridas,Plena Noite,Crescente,Nublado,Múltipla,Reta,Sim,3,0,1,0,0,2,1,2,-27.51844497,-48.63848496,SPRF-SC,DEL01-SC,UOP01-DEL01-SC,2022
"475899,0",2022-09-22,quinta-feira,07:30:00,SC,101,"25,0",JOINVILLE,Acessar a via sem observar a presença dos outros veículos,Colisão lateral mesmo sentido,Com Vítimas Feridas,Pleno dia,Crescente,Céu Claro,Dupla,Interseção de Vias,Sim,2,0,1,0,1,0,1,2,-26.1834739,-48.9105912,SPRF-SC,DEL03-SC,UOP01-DEL03-SC,2022
"475933,0",2022-09-22,quinta-feira,10:30:00,SC,101,"126,3",ITAJAI,Ausência de reação do condutor,Engavetamento,Com Vítimas Feridas,Pleno dia,Decrescente,Céu Claro,Dupla,Reta,Não,6,0,3,0,2,3,3,6,-26.95564404,-48.67978366,SPRF-SC,DEL04-SC,UOP04-DEL04-SC,2022
"475935,0",2022-08-25,quinta-feira,09:00:00,SC,101,"328,0",CAPIVARI DE BAIXO,Transitar na contramão,Colisão transversal,Com Vítimas Feridas,Pleno dia,Crescente,Céu Claro,Simples,Reta,Não,2,0,1,0,1,0,1,2,-28.43648094,-48.95989307,SPRF-SC,DEL02-SC,UOP01-DEL02-SC,2022
"475970,0",2022-09-22,quinta-feira,12:00:00,SC,470,"135,6",RIO DO SUL,Retorno proibido,Colisão transversal,Com Vítimas Feridas,Pleno dia,Crescente,Nublado,Simples,Reta,Sim,2,0,1,0,1,0,1,2,-27.18608949,-49.60638285,SPRF-SC,DEL04-SC,UOP02-DEL04-SC,2022
"475972,0",2022-09-22,quinta-feira,12:30:00,SC,282,"497,1",XANXERE,Manobra de mudança de faixa,Colisão lateral mesmo sentido,Sem Vítimas,Pleno dia,Decrescente,Céu Claro,Simples,Curva,Não,2,0,0,0,2,0,0,2,-26.880062,-52.344685,SPRF-SC,DEL07-SC,UOP01-DEL07-SC,2022
"475989,0",2022-09-22,quinta-feira,08:20:00,SC,282,"534,8",CHAPECO,Ultrapassagem Indevida,Colisão frontal,Com Vítimas Fatais,Pleno dia,Crescente,Garoa/Chuvisco,Simples,Reta,Não,4,1,1,0,1,1,1,4,-26.996832,-52.634586,SPRF-SC,DEL07-SC,UOP01-DEL07-SC,2022
"475993,0",2022-09-22,quinta-feira,10:10:00,SC,101,"41,0",JOINVILLE,Reação tardia ou ineficiente do condutor,Engavetamento,Com Vítimas Feridas,Pleno dia,Crescente,Céu Claro,Dupla,Declive,Sim,4,0,1,1,1,2,2,5,-26.28215489,-48.88973081,SPRF-SC,DEL03-SC,UOP01-DEL03-SC,2022
"475994,0",2022-09-22,quinta-feira,08:40:00,SC,101,"48,0",JOINVILLE,Demais falhas mecânicas ou elétricas,Colisão com objeto,Com Vítimas Feridas,Pleno dia,Crescente,Céu Claro,Múltipla,Reta,Não,3,0,2,0,1,0,2,2,-26.3769338,-48.85345459,SPRF-SC,DEL03-SC,UOP01-DEL03-SC,2022
"476064,0",2022-09-22,quinta-feira,19:35:00,SC,282,"376,0",HERVAL DOESTE,Velocidade Incompatível,Saída de leito carroçável,Com Vítimas Feridas,Plena Noite,Decrescente,Céu Claro,Simples,Reta,Não,3,0,1,0,2,0,1,2,-27.226302,-51.457033,SPRF-SC,DEL07-SC,UOP05-DEL07-SC,2022
"476113,0",2022-09-23,sexta-feira,07:00:00,SC,101,"317,0",PESCARIA BRAVA,Avarias e/ou desgaste excessivo no pneu,Colisão com objeto,Com Vítimas Feridas,Pleno dia,Crescente,Céu Claro,Dupla,Curva,Não,6,0,2,0,3,1,2,3,-28.42708421,-48.85211624,SPRF-SC,DEL02-SC,UOP01-DEL02-SC,2022
"476155,0",2022-08-18,quinta-feira,20:40:00,SC,470,"103,6",APIUNA,Ultrapassagem Indevida,Colisão frontal,Com Vítimas Fatais,Plena Noite,Decrescente,Céu Claro,Simples,Reta,Não,3,1,0,0,1,1,0,3,-27.06221,-49.40906,SPRF-SC,DEL04-SC,UOP02-DEL04-SC,2022
"476193,0",2022-09-23,sexta-feira,13:00:00,SC,116,"93,1",MONTE CASTELO,Ultrapassagem Indevida,Saída de leito carroçável,Com Vítimas Feridas,Pleno dia,Decrescente,Céu Claro,Simples,Reta,Não,2,0,1,0,0,1,1,2,-26.65724415,-50.27454781,SPRF-SC,DEL06-SC,UOP02-DEL06-SC,2022
"476211,0",2022-09-23,sexta-feira,12:05:00,SC,101,"320,5",PESCARIA BRAVA,Condutor deixou de manter distância do veículo da frente,Colisão traseira,Com Vítimas Feridas,Pleno dia,Decrescente,Céu Claro,Dupla,Reta,Sim,4,0,1,1,1,1,2,3,-28.42926979,-48.87858152,SPRF-SC,DEL02-SC,UOP01-DEL02-SC,2022
"476218,0",2022-09-23,sexta-feira,17:10:00,SC,282,"599,6",CUNHA PORA,Ausência de reação do condutor,Colisão traseira,Com Vítimas Feridas,Pleno dia,Crescente,Sol,Simples,Curva;Aclive,Não,3,0,0,1,1,1,1,3,-26.820206,-53.155052,SPRF-SC,DEL07-SC,UOP02-DEL07-SC,2022
"476229,0",2022-09-23,sexta-feira,16:40:00,SC,280,"157,6",MAFRA,Reação tardia ou ineficiente do condutor,Colisão traseira,Com Vítimas Feridas,Pleno dia,Decrescente,Céu Claro,Simples,Aclive;Reta,Não,7,0,1,0,6,0,1,4,-26.233981,-49.689027,SPRF-SC,DEL06-SC,UOP03-DEL06-SC,2022
"476272,0",2022-09-23,sexta-feira,20:00:00,SC,470,"173,5",POUSO REDONDO,Reação tardia ou ineficiente do condutor,Colisão frontal,Com Vítimas Feridas,Plena Noite,Decrescente,Céu Claro,Simples,Declive,Não,2,0,1,0,1,0,1,2,-27.25984,-49.919285,SPRF-SC,DEL04-SC,UOP02-DEL04-SC,2022
"476308,0",2022-09-24,sábado,02:15:00,SC,101,"268,6",IMBITUBA,Condutor Dormindo,Saída de leito carroçável,Com Vítimas Feridas,Plena Noite,Crescente,Céu Claro,Dupla,Curva,Não,1,0,1,0,0,0,1,1,-28.09462883,-48.70882099,SPRF-SC,DEL02-SC,UOP03-DEL02-SC,2022
"476338,0",2022-09-24,sábado,07:18:00,SC,101,"215,3",PALHOCA,Manobra de mudança de faixa,Colisão lateral mesmo sentido,Sem Vítimas,Pleno dia,Crescente,Céu Claro,Múltipla,Curva,Sim,3,0,0,0,2,1,0,3,-27.65474496,-48.6782527,SPRF-SC,DEL01-SC,UOP02-DEL01-SC,2022
"476389,0",2022-09-24,sábado,06:35:00,SC,282,"570,0",NOVA ERECHIM,Ultrapassagem Indevida,Colisão lateral mesmo sentido,Com Vítimas Feridas,Amanhecer,Decrescente,Céu Claro,Simples,Reta,Não,4,0,3,0,1,0,3,2,-26.89006,-52.93306,SPRF-SC,DEL07-SC,UOP02-DEL07-SC,2022
"476390,0",2022-09-24,sábado,07:30:00,SC,101,"44,0",JOINVILLE,Demais falhas mecânicas ou elétricas,Eventos atípicos,Com Vítimas Feridas,Pleno dia,Crescente,Sol,Simples,Reta,Sim,4,0,1,0,2,3,1,6,-26.33939802,-48.8589405,SPRF-SC,DEL03-SC,UOP01-DEL03-SC,2022
"476431,0",2022-09-24,sábado,11:10:00,SC,101,"333,8",TUBARAO,Ingestão de álcool pelo condutor,Colisão lateral mesmo sentido,Com Vítimas Feridas,Pleno dia,Decrescente,Céu Claro,Dupla,Viaduto;Reta,Sim,3,0,1,0,1,1,1,3,-28.46528176,-48.99736583,SPRF-SC,DEL02-SC,UOP01-DEL02-SC,2022
"476510,0",2022-09-24,sábado,17:00:00,SC,101,"334,1",TUBARAO,Ingestão de álcool pelo condutor,Colisão lateral mesmo sentido,Com Vítimas Feridas,Pleno dia,Crescente,Céu Claro,Dupla,Reta,Sim,3,0,1,0,1,1,1,3,-28.47055871,-49.01964426,SPRF-SC,DEL02-SC,UOP01-DEL02-SC,2022
"476676,0",2022-09-24,sábado,23:30:00,SC,153,"58,6",IRANI,Desrespeitar a preferência no cruzamento,Colisão transversal,Com Vítimas Feridas,Plena Noite,Decrescente,Nublado,Simples,Interseção de Vias,Não,6,0,4,0,1,2,4,4,-26.96965112,-51.85406327,SPRF-SC,DEL07-SC,UOP05-DEL07-SC,2022
"476774,0",2022-09-25,domingo,08:50:00,SC,101,"20,0",JOINVILLE,Demais falhas mecânicas ou elétricas,Incêndio,Sem Vítimas,Pleno dia,Crescente,Garoa/Chuvisco,Simples,Reta,Não,2,0,0,0,1,1,0,2,-26.140675,-48.902995,SPRF-SC,DEL03-SC,UOP01-DEL03-SC,2022
"476784,0",2022-09-25,domingo,15:10:00,SC,282,"391,0",JOACABA,Condutor deixou de manter distância do veículo da frente,Colisão com objeto,Sem Vítimas,Pleno dia,Crescente,Chuva,Simples,Reta,Não,1,0,0,0,1,0,0,1,-27.170649,-51.559193,SPRF-SC,DEL07-SC,UOP05-DEL07-SC,2022
"476815,0",2022-09-25,domingo,15:17:00,SC,282,"486,9",FAXINAL DOS GUEDES,Velocidade Incompatível,Colisão frontal,Sem Vítimas,Pleno dia,Crescente,Chuva,Simples,Curva,Não,3,0,0,0,2,1,0,3,-26.855315,-52.250354,SPRF-SC,DEL07-SC,UOP01-DEL07-SC,2022
"476886,0",2022-09-25,domingo,20:00:00,SC,153,"38,0",AGUA DOCE,Pista esburacada,Saída de leito carroçável,Sem Vítimas,Plena Noite,Crescente,Céu Claro,Simples,Curva,Não,2,0,0,0,1,1,0,2,-26.833155,-51.734047,SPRF-SC,DEL07-SC,UOP05-DEL07-SC,2022
"476975,0",2022-09-26,segunda-feira,10:20:00,SC,282,"526,0",XAXIM,Transitar na contramão,Colisão frontal,Sem Vítimas,Pleno dia,Crescente,Céu Claro,Simples,Curva,Sim,4,0,0,0,4,0,0,4,-26.969427,-52.57497,SPRF-SC,DEL07-SC,UOP01-DEL07-SC,2022
"477017,0",2022-09-26,segunda-feira,14:10:00,SC,101,"90,7",BARRA VELHA,Condutor deixou de manter distância do veículo da frente,Colisão traseira,Com Vítimas Feridas,Pleno dia,Decrescente,Céu Claro,Múltipla,Curva,Sim,4,0,1,0,2,2,1,5,-26.66148503,-48.68866176,SPRF-SC,DEL03-SC,UOP02-DEL03-SC,2022
"477036,0",2022-09-26,segunda-feira,15:00:00,SC,101,"214,1",PALHOCA,Manobra de mudança de faixa,Colisão lateral mesmo sentido,Com Vítimas Feridas,Pleno dia,Crescente,Nublado,Dupla,Reta,Sim,4,0,1,0,0,3,1,4,-27.64443,-48.67057,SPRF-SC,DEL01-SC,UOP02-DEL01-SC,2022
"477041,0",2022-09-26,segunda-feira,15:05:00,SC,101,"39,0",JOINVILLE,Estacionar ou parar em local proibido,Colisão traseira,Com Vítimas Feridas,Pleno dia,Crescente,Céu Claro,Simples,Reta,Não,3,0,1,0,1,2,1,4,-26.2628107,-48.90192257,SPRF-SC,DEL03-SC,UOP01-DEL03-SC,2022
"477055,0",2022-09-26,segunda-feira,17:15:00,SC,280,"46,4",GUARAMIRIM,Obras na pista,Colisão traseira,Com Vítimas Feridas,Pleno dia,Crescente,Céu Claro,Simples,Em Obras,Sim,3,0,1,0,1,1,1,3,-26.45295055,-48.90788103,SPRF-SC,DEL03-SC,UOP03-DEL03-SC,2022
"477131,0",2022-09-27,terça-feira,05:40:00,SC,470,"139,0",RIO DO SUL,Condutor Dormindo,Colisão transversal,Com Vítimas Feridas,Amanhecer,Crescente,Nublado,Simples,Reta,Sim,2,0,1,0,0,1,1,2,-27.217564,-49.65461,SPRF-SC,DEL04-SC,UOP02-DEL04-SC,2022
"477156,0",2022-09-27,terça-feira,08:08:00,SC,101,"134,0",BALNEARIO CAMBORIU,Trafegar com motocicleta (ou similar) entre as faixas,Colisão lateral mesmo sentido,Com Vítimas Feridas,Pleno dia,Crescente,Sol,Simples,Reta,Sim,3,0,0,1,2,0,1,3,-27.00218,-48.636433,SPRF-SC,DEL04-SC,UOP03-DEL04-SC,2022
"477213,0",2022-08-02,terça-feira,12:40:00,SC,470,"73,5",INDAIAL,Ultrapassagem Indevida,Colisão frontal,Com Vítimas Fatais,Pleno dia,Crescente,Nublado,Simples,Em Obras;Curva,Não,2,1,0,0,1,0,0,2,-26.91466889,-49.28019497,SPRF-SC,DEL04-SC,UOP01-DEL04-SC,2022
"477220,0",2022-09-03,sábado,03:50:00,SC,101,"277,6",IMBITUBA,Ausência de reação do condutor,Colisão traseira,Com Vítimas Fatais,Plena Noite,Decrescente,Nublado,Múltipla,Reta,Sim,4,1,0,0,2,1,0,4,-28.1728439,-48.6947075,SPRF-SC,DEL02-SC,UOP03-DEL02-SC,2022
"477232,0",2022-09-27,terça-feira,13:10:00,SC,101,"58,0",ARAQUARI,Velocidade Incompatível,Colisão lateral mesmo sentido,Sem Vítimas,Pleno dia,Crescente,Céu Claro,Dupla,Curva,Não,4,0,0,0,4,0,0,4,-26.44025049,-48.80129043,SPRF-SC,DEL03-SC,UOP02-DEL03-SC,2022
"477256,0",2022-08-17,quarta-feira,22:15:00,SC,101,"52,0",JOINVILLE,Ausência de reação do condutor,Tombamento,Com Vítimas Fatais,Plena Noite,Crescente,Chuva,Dupla,Reta,Não,4,1,0,0,2,1,0,4,-26.4087923,-48.8371207,SPRF-SC,DEL03-SC,UOP01-DEL03-SC,2022
"477325,0",2022-09-28,quarta-feira,01:00:00,SC,101,"5,0",GARUVA,Condutor Dormindo,Saída de leito carroçável,Com Vítimas Feridas,Plena Noite,Decrescente,Céu Claro,Dupla,Ponte,Não,2,0,1,0,0,1,1,2,-26.01779797,-48.86233322,SPRF-SC,DEL03-SC,UOP01-DEL03-SC,2022
"477386,0",2022-09-04,domingo,21:00:00,SC,480,"125,1",CHAPECO,Desrespeitar a preferência no cruzamento,Colisão frontal,Com Vítimas Fatais,Plena Noite,Crescente,Céu Claro,Múltipla,Interseção de Vias,Sim,4,1,1,0,1,1,1,3,-27.0126038,-52.6392545,SPRF-SC,DEL07-SC,UOP01-DEL07-SC,2022
"477394,0",2022-09-28,quarta-feira,13:15:00,SC,282,"364,4",ERVAL VELHO,Transitar na contramão,Colisão lateral sentido oposto,Com Vítimas Feridas,Pleno dia,Decrescente,Chuva,Simples,Reta,Não,2,0,1,0,1,0,1,2,-27.297649,-51.398533,SPRF-SC,DEL07-SC,UOP05-DEL07-SC,2022
"477409,0",2022-09-28,quarta-feira,15:55:00,SC,101,"192,9",BIGUACU,Reação tardia ou ineficiente do condutor,Colisão lateral mesmo sentido,Com Vítimas Feridas,Pleno dia,Decrescente,Céu Claro,Múltipla,Em Obras,Sim,2,0,1,0,1,0,1,2,-27.48443781,-48.64765238,SPRF-SC,DEL01-SC,UOP01-DEL01-SC,2022
"477493,0",2022-09-29,quinta-feira,00:02:00,SC,116,"170,0",PONTE ALTA DO NORTE,Ausência de reação do condutor,Tombamento,Com Vítimas Feridas,Plena Noite,Decrescente,Nublado,Múltipla,Curva,Não,2,0,1,0,0,2,1,3,-27.194962,-50.463425,SPRF-SC,DEL05-SC,UOP03-DEL05-SC,2022
"477532,0",2022-09-21,quarta-feira,10:50:00,SC,116,"131,8",SANTA CECILIA,Transitar na contramão,Colisão frontal,Com Vítimas Fatais,Pleno dia,Decrescente,Nublado,Simples,Reta,Não,3,1,0,0,1,1,0,3,-26.9043042,-50.43928,SPRF-SC,DEL06-SC,UOP02-DEL06-SC,2022