id,data_inversa,dia_semana,horario,uf,br,km,municipio,causa_acidente,tipo_acidente,classificacao_acidente,fase_dia,sentido_via,condicao_metereologica,tipo_pista,tracado_via,uso_solo,pessoas,mortos,feridos_leves,feridos_graves,ilesos,ignorados,feridos,veiculos,latitude,longitude,regional,delegacia,uop,ano_arquivo
"477597,0",2022-09-29,quinta-feira,17:45:00,SC,280,"29,5",ARAQUARI,Ausência de reação do condutor,Colisão lateral sentido oposto,Com Vítimas Fatais,Pleno dia,Decrescente,Céu Claro,Múltipla,Reta;Interseção de Vias,Sim,3,1,0,0,1,1,0,3,-26.4130747,-48.7571644,SPRF-SC,DEL03-SC,UOP03-DEL03-SC,2022
"477608,0",2022-09-29,quinta-feira,15:55:00,SC,470,"192,4",POUSO REDONDO,Problema com o freio,Tombamento,Com Vítimas Feridas,Pleno dia,Decrescente,Chuva,Simples,Curva;Declive,Não,2,0,1,0,0,1,1,2,-27.293324,-50.078678,SPRF-SC,DEL04-SC,UOP02-DEL04-SC,2022
"477672,0",2022-09-29,quinta-feira,22:15:00,SC,101,"419,9",ARARANGUA,Ingestão de álcool pelo condutor,Colisão lateral mesmo sentido,Com Vítimas Feridas,Plena Noite,Decrescente,Ignorado,Múltipla,Reta,Não,2,0,0,1,1,0,1,2,-28.98712406,-49.54395294,SPRF-SC,DEL02-SC,UOP02-DEL02-SC,2022
"477676,0",2022-09-30,sexta-feira,01:00:00,SC,101,"319,0",PESCARIA BRAVA,Ausência de reação do condutor,Saída de leito carroçável,Com Vítimas Feridas,Plena Noite,Decrescente,Nublado,Dupla,Curva,Sim,2,0,0,1,0,2,1,3,-28.42978736,-48.87148792,SPRF-SC,DEL02-SC,UOP01-DEL02-SC,2022
"477677,0",2022-09-29,quinta-feira,21:45:00,SC,101,"416,7",ARARANGUA,Ausência de reação do condutor,Colisão com objeto,Sem Vítimas,Plena Noite,Crescente,Nublado,Múltipla,Reta,Sim,2,0,0,0,1,1,0,2,-28.96708874,-49.52338825,SPRF-SC,DEL02-SC,UOP02-DEL02-SC,2022
"477679,0",2022-09-30,sexta-feira,00:25:00,SC,280,"26,7",ARAQUARI,Transitar na contramão,Colisão frontal,Com Vítimas Feridas,Plena Noite,Crescente,Nublado,Simples,Reta,Sim,3,0,1,0,1,2,1,4,-26.39568503,-48.73947144,SPRF-SC,DEL03-SC,UOP03-DEL03-SC,2022
"477693,0",2022-09-30,sexta-feira,06:20:00,SC,470,"129,1",LONTRAS,Velocidade Incompatível,Tombamento,Com Vítimas Feridas,Amanhecer,Crescente,Garoa/Chuvisco,Simples,Curva,Não,3,0,2,0,0,1,2,2,-27.143742,-49.548897,SPRF-SC,DEL04-SC,UOP02-DEL04-SC,2022
"477701,0",2022-09-30,sexta-feira,07:20:00,SC,101,"196,0",BIGUACU,Manobra de mudança de faixa,Colisão lateral mesmo sentido,Com Vítimas Feridas,Pleno dia,Crescente,Nublado,Dupla,Reta,Sim,2,0,1,0,0,1,1,2,-27.51844497,-48.63848496,SPRF-SC,DEL01-SC,UOP01-DEL01-SC,2022
"477796,0",2022-09-30,sexta-feira,17:30:00,SC,480,"130,9",CHAPECO,Ingestão de álcool pelo condutor,Colisão traseira,Sem Vítimas,Anoitecer,Crescente,Garoa/Chuvisco,Dupla,Reta,Sim,4,0,0,0,4,0,0,3,-27.06241246,-52.63338447,SPRF-SC,DEL07-SC,UOP01-DEL07-SC,2022
"477831,0",2022-09-30,sexta-feira,18:40:00,SC,280,"119,0",SAO BENTO DO SUL,Ultrapassagem Indevida,Colisão lateral mesmo sentido,Com Vítimas Feridas,Plena Noite,Decrescente,Chuva,Simples,Aclive,Não,3,0,0,1,1,1,1,3,-26.26519673,-49.434177,SPRF-SC,DEL06-SC,UOP03-DEL06-SC,2022
"477867,0",2022-10-01,sábado,00:00:00,SC,101,"209,0",SAO JOSE,Ausência de reação do condutor,Colisão traseira,Com Vítimas Feridas,Plena Noite,Crescente,Céu Claro,Múltipla,Reta,Sim,2,0,1,0,1,0,1,2,-27.61000542,-48.63895057,SPRF-SC,DEL01-SC,UOP01-DEL01-SC,2022
"477881,0",2022-10-01,sábado,00:30:00,SC,282,"42,0",AGUAS MORNAS,Problema com o freio,Incêndio,Sem Vítimas,Plena Noite,Decrescente,Nublado,Simples,Declive,Não,2,0,0,0,1,1,0,2,-27.72077,-48.887478,SPRF-SC,DEL01-SC,UOP03-DEL01-SC,2022
"477970,0",2022-10-01,sábado,11:35:00,SC,101,"41,0",JOINVILLE,Velocidade Incompatível,Tombamento,Com Vítimas Feridas,Pleno dia,Decrescente,Céu Claro,Dupla,Declive;Curva,Sim,3,0,0,1,1,1,1,3,-26.31579294,-48.8734585,SPRF-SC,DEL03-SC,UOP01-DEL03-SC,2022
"478009,0",2022-10-01,sábado,15:10:00,SC,280,"6,0",SAO FRANCISCO DO SUL,Acessar a via sem observar a presença dos outros veículos,Colisão transversal,Com Vítimas Feridas,Pleno dia,Crescente,Céu Claro,Simples,Reta,Sim,3,0,1,0,1,1,1,3,-26.26569095,-48.63361804,SPRF-SC,DEL03-SC,UOP03-DEL03-SC,2022
"478115,0",2022-10-02,domingo,01:35:00,SC,101,"3,0",GARUVA,Ingestão de álcool pelo condutor,Colisão traseira,Com Vítimas Feridas,Plena Noite,Crescente,Nublado,Dupla,Reta,Não,3,0,1,0,1,2,1,4,-26.00380807,-48.87233005,SPRF-SC,DEL03-SC,UOP01-DEL03-SC,2022
"478249,0",2022-09-16,sexta-feira,19:35:00,SC,101,"206,0",SAO JOSE,Faixas de trânsito com largura insuficiente,Colisão lateral mesmo sentido,Sem Vítimas,Plena Noite,Crescente,Nublado,Múltipla,Reta,Sim,4,0,0,0,1,3,0,4,-27.59193546,-48.61824557,SPRF-SC,DEL01-SC,UOP01-DEL01-SC,2022
"478294,0",2022-10-02,domingo,17:50:00,SC,280,"245,1",BELA VISTA DO TOLDO,Transitar na contramão,Colisão frontal,Com Vítimas Feridas,Anoitecer,Crescente,Céu Claro,Simples,Reta,Não,7,0,5,0,1,1,5,4,-26.24263646,-50.49461672,SPRF-SC,DEL06-SC,UOP04-DEL06-SC,2022
"478359,0",2022-10-03,segunda-feira,07:10:00,SC,280,"126,5",RIO NEGRINHO,Trafegar com motocicleta (ou similar) entre as faixas,Tombamento,Com Vítimas Fatais,Pleno dia,Crescente,Nublado,Simples,Reta,Sim,4,1,0,0,2,1,0,3,-26.2443319,-49.5166376,SPRF-SC,DEL06-SC,UOP03-DEL06-SC,2022
"478372,0",2022-09-23,sexta-feira,01:50:00,SC,101,"196,2",BIGUACU,Pedestre andava na pista,Atropelamento de Pedestre,Com Vítimas Fatais,Plena Noite,Crescente,Céu Claro,Dupla,Reta,Sim,2,1,0,0,0,1,0,2,-27.51241,-48.641676,SPRF-SC,DEL01-SC,UOP01-DEL01-SC,2022
"478439,0",2022-10-03,segunda-feira,15:05:00,SC,470,"166,4",TROMBUDO CENTRAL,Velocidade Incompatível,Colisão lateral sentido oposto,Com Vítimas Feridas,Pleno dia,Crescente,Céu Claro,Simples,Reta,Não,3,0,0,2,1,0,2,2,-27.27663,-49.845661,SPRF-SC,DEL04-SC,UOP02-DEL04-SC,2022
"478447,0",2022-10-03,segunda-feira,15:45:00,SC,101,"332,0",TUBARAO,Condutor deixou de manter distância do veículo da frente,Colisão traseira,Com Vítimas Feridas,Pleno dia,Decrescente,Céu Claro,Dupla,Curva,Sim,3,0,0,1,1,1,1,3,-28.46016431,-48.98968873,SPRF-SC,DEL02-SC,UOP01-DEL02-SC,2022
"478521,0",2022-10-04,terça-feira,00:50:00,SC,470,"170,0",POUSO REDONDO,Ingestão de álcool pelo condutor,Saída de leito carroçável,Com Vítimas Feridas,Plena Noite,Decrescente,Chuva,Simples,Reta,Não,2,0,1,0,0,1,1,2,-27.265903,-49.892441,SPRF-SC,DEL04-SC,UOP02-DEL04-SC,2022
"478565,0",2022-10-04,terça-feira,08:45:00,SC,101,"358,0",SANGAO,Condutor deixou de manter distância do veículo da frente,Colisão traseira,Com Vítimas Feridas,Pleno dia,Decrescente,Nublado,Dupla,Reta,Não,3,0,1,0,2,0,1,2,-28.642765,-49.100403,SPRF-SC,DEL02-SC,UOP01-DEL02-SC,2022
"478618,0",2022-10-04,terça-feira,13:20:00,SC,282,"67,5",RANCHO QUEIMADO,Problema com o freio,Tombamento,Com Vítimas Feridas,Pleno dia,Crescente,Nublado,Simples,Curva,Não,2,0,0,1,0,1,1,2,-27.695963,-49.0695,SPRF-SC,DEL01-SC,UOP03-DEL01-SC,2022
"478679,0",2022-10-04,terça-feira,22:00:00,SC,280,"212,0",TRES BARRAS,Acessar a via sem observar a presença dos outros veículos,Colisão transversal,Com Vítimas Feridas,Plena Noite,Crescente,Nevoeiro/Neblina,Simples,Interseção de Vias,Sim,2,0,0,1,1,0,1,2,-26.17859527,-50.18749694,SPRF-SC,DEL06-SC,UOP04-DEL06-SC,2022
"478774,0",2022-10-05,quarta-feira,13:20:00,SC,116,"107,6",MONTE CASTELO,Velocidade Incompatível,Tombamento,Com Vítimas Feridas,Pleno dia,Decrescente,Nublado,Simples,Curva,Não,2,0,1,0,0,1,1,2,-26.75568818,-50.32812388,SPRF-SC,DEL06-SC,UOP02-DEL06-SC,2022
"478865,0",2022-10-06,quinta-feira,06:00:00,SC,282,"501,3",XANXERE,Acessar a via sem observar a presença dos outros veículos,Colisão transversal,Com Vítimas Feridas,Amanhecer,Decrescente,Chuva,Dupla,Rotatória,Sim,2,0,1,0,1,0,1,2,-26.882715,-52.381729,SPRF-SC,DEL07-SC,UOP01-DEL07-SC,2022
"478873,0",2022-10-06,quinta-feira,02:50:00,SC,153,"49,0",VARGEM BONITA,Pista Escorregadia,Colisão frontal,Com Vítimas Feridas,Plena Noite,Decrescente,Chuva,Simples,Reta;Declive,Não,3,0,0,1,1,3,1,5,-26.908381,-51.783154,SPRF-SC,DEL07-SC,UOP05-DEL07-SC,2022
"478883,0",2022-10-06,quinta-feira,08:20:00,SC,101,"211,0",SAO JOSE,Chuva,Colisão traseira,Sem Vítimas,Pleno dia,Decrescente,Chuva,Dupla,Reta,Sim,2,0,0,0,2,0,0,2,-27.62329313,-48.65245588,SPRF-SC,DEL01-SC,UOP02-DEL01-SC,2022
"478940,0",2022-04-13,quarta-feira,23:30:00,SC,280,"188,9",MAFRA,Condutor Dormindo,Colisão com objeto,Com Vítimas Fatais,Plena Noite,Decrescente,Garoa/Chuvisco,Simples,Declive;Curva,Não,2,1,0,0,0,1,0,2,-26.174618,-49.967928,SPRF-SC,DEL06-SC,UOP01-DEL06-SC,2022
"478972,0",2022-10-06,quinta-feira,07:09:00,SC,470,"191,0",POUSO REDONDO,Velocidade Incompatível,Tombamento,Com Vítimas Feridas,Pleno dia,Decrescente,Garoa/Chuvisco,Simples,Curva,Não,2,0,1,0,0,1,1,2,-27.28352512,-50.07101655,SPRF-SC,DEL04-SC,UOP02-DEL04-SC,2022
"478973,0",2022-10-06,quinta-feira,13:00:00,SC,282,"470,0",VARGEAO,Acessar a via sem observar a presença dos outros veículos,Saída de leito carroçável,Com Vítimas Feridas,Pleno dia,Crescente,Nublado,Simples,Reta,Sim,3,0,1,0,1,1,1,3,-26.862293,-52.12109,SPRF-SC,DEL07-SC,UOP01-DEL07-SC,2022
"479044,0",2022-10-06,quinta-feira,22:40:00,SC,470,"126,0",LONTRAS,Acessar a via sem observar a presença dos outros veículos,Colisão transversal,Com Vítimas Feridas,Plena Noite,Decrescente,Nevoeiro/Neblina,Simples,Reta,Sim,3,0,1,1,1,0,2,2,-27.129,-49.538277,SPRF-SC,DEL04-SC,UOP02-DEL04-SC,2022
"479168,0",2022-09-26,segunda-feira,02:20:00,SC,282,"524,2",XAXIM,Transitar na contramão,Colisão frontal,Com Vítimas Fatais,Plena Noite,Decrescente,Nublado,Simples,Curva,Não,4,1,0,1,1,1,1,3,-26.963935,-52.55865,SPRF-SC,DEL07-SC,UOP01-DEL07-SC,2022
"479182,0",2022-10-07,sexta-feira,15:30:00,SC,101,"148,8",ITAPEMA,Mal súbito do condutor,Colisão transversal,Com Vítimas Fatais,Pleno dia,Crescente,Céu Claro,Múltipla,Interseção de Vias;Reta,Sim,2,1,0,0,1,0,0,2,-27.106556,-48.614972,SPRF-SC,DEL04-SC,UOP03-DEL04-SC,2022
"479212,0",2022-10-07,sexta-feira,17:00:00,SC,116,"179,9",SAO CRISTOVAO DO SUL,Acessar a via sem observar a presença dos outros veículos,Colisão transversal,Com Vítimas Feridas,Pleno dia,Crescente,Céu Claro,Simples,Reta,Sim,3,0,1,0,1,1,1,3,-27.26584537,-50.44222355,SPRF-SC,DEL05-SC,UOP03-DEL05-SC,2022
"479242,0",2022-10-07,sexta-feira,20:07:00,SC,116,"70,4",MONTE CASTELO,Ultrapassagem Indevida,Colisão com objeto,Com Vítimas Feridas,Plena Noite,Crescente,Nublado,Simples,Reta,Não,2,0,0,1,1,0,1,2,-26.47804399,-50.23238915,SPRF-SC,DEL06-SC,UOP02-DEL06-SC,2022
"479329,0",2022-10-08,sábado,02:35:00,SC,116,"218,9",CORREIA PINTO,Reação tardia ou ineficiente do condutor,Colisão lateral sentido oposto,Com Vítimas Fatais,Plena Noite,Decrescente,Céu Claro,Simples,Declive,Não,5,2,0,0,2,4,0,7,-27.5778318,-50.3698725,SPRF-SC,DEL05-SC,UOP03-DEL05-SC,2022
"479336,0",2022-10-08,sábado,05:30:00,SC,101,"82,3",BARRA VELHA,Reação tardia ou ineficiente do condutor,Colisão traseira,Com Vítimas Feridas,Pleno dia,Decrescente,Céu Claro,Dupla,Reta,Não,3,0,1,0,1,2,1,4,-26.61444228,-48.72020049,SPRF-SC,DEL03-SC,UOP02-DEL03-SC,2022
"479417,0",2022-10-08,sábado,09:25:00,SC,282,"521,6",XAXIM,Acessar a via sem observar a presença dos outros veículos,Colisão transversal,Com Vítimas Fatais,Pleno dia,Decrescente,Céu Claro,Simples,Rotatória,Sim,5,1,1,0,1,2,1,4,-26.95324056,-52.53856653,SPRF-SC,DEL07-SC,UOP01-DEL07-SC,2022
"479574,0",2022-10-09,domingo,04:50:00,SC,101,"70,9",ARAQUARI,Reação tardia ou ineficiente do condutor,Tombamento,Com Vítimas Feridas,Plena Noite,Crescente,Céu Claro,Dupla,Reta,Não,4,0,1,0,2,1,1,3,-26.51853246,-48.71896327,SPRF-SC,DEL03-SC,UOP02-DEL03-SC,2022
"479637,0",2022-10-09,domingo,10:50:00,SC,101,"71,0",ARAQUARI,Condutor deixou de manter distância do veículo da frente,Colisão traseira,Com Vítimas Feridas,Pleno dia,Crescente,Sol,Múltipla,Curva,Sim,3,0,2,0,1,0,2,2,-26.51864822,-48.71874636,SPRF-SC,DEL03-SC,UOP02-DEL03-SC,2022
"479680,0",2022-10-09,domingo,15:50:00,SC,470,"0,9",GASPAR,Ultrapassagem Indevida,Colisão lateral mesmo sentido,Sem Vítimas,Pleno dia,Crescente,Nublado,Simples,Reta,Sim,3,0,0,0,3,0,0,2,-26.921414,-48.958918,SPRF-SC,DEL04-SC,UOP04-DEL04-SC,2022
"479934,0",2022-10-10,segunda-feira,18:05:00,SC,282,"92,5",ALFREDO WAGNER,Velocidade Incompatível,Colisão frontal,Com Vítimas Feridas,Pleno dia,Crescente,Chuva,Simples,Curva,Não,3,0,1,1,1,0,2,2,-27.704929,-49.239353,SPRF-SC,DEL01-SC,UOP03-DEL01-SC,2022
"479945,0",2022-09-11,domingo,18:00:00,SC,116,"142,0",SANTA CECILIA,Ingestão de álcool e/ou substâncias psicoativas pelo pedestre,Colisão transversal,Sem Vítimas,Plena Noite,Decrescente,Nublado,Simples,Reta,Não,3,0,0,0,2,1,0,3,-26.97880161,-50.3961135,SPRF-SC,DEL06-SC,UOP02-DEL06-SC,2022
"480024,0",2022-10-11,terça-feira,10:45:00,SC,158,"115,2",CUNHA PORA,Condutor deixou de manter distância do veículo da frente,Colisão traseira,Com Vítimas Feridas,Pleno dia,Decrescente,Chuva,Simples,Reta,Não,2,0,1,0,1,0,1,2,-26.929314,-53.199386,SPRF-SC,DEL07-SC,UOP02-DEL07-SC,2022
"480063,0",2022-10-11,terça-feira,16:00:00,SC,470,"84,2",RODEIO,Ausência de reação do condutor,Colisão frontal,Com Vítimas Feridas,Pleno dia,Decrescente,Chuva,Simples,Reta,Não,4,0,1,2,0,1,3,3,-26.96137,-49.342415,SPRF-SC,DEL04-SC,UOP01-DEL04-SC,2022
"480079,0",2022-06-15,quarta-feira,03:40:00,SC,101,"20,9",JOINVILLE,Condutor Dormindo,Colisão traseira,Com Vítimas Feridas,Plena Noite,Crescente,Céu Claro,Dupla,Reta,Não,4,0,1,0,2,2,1,5,-26.14723273,-48.90821457,SPRF-SC,DEL03-SC,UOP01-DEL03-SC,2022
"480098,0",2022-10-11,terça-feira,14:45:00,SC,282,"629,8",DESCANSO,Manobra de mudança de faixa,Colisão lateral sentido oposto,Com Vítimas Fatais,Pleno dia,Decrescente,Chuva,Simples,Ponte;Reta,Não,6,1,2,2,1,0,4,4,-26.82154312,-53.38361979,SPRF-SC,DEL07-SC,UOP03-DEL07-SC,2022
"480129,0",2022-10-11,terça-feira,20:39:00,SC,153,"94,0",CONCORDIA,Transitar na contramão,Colisão frontal,Com Vítimas Feridas,Plena Noite,Crescente,Céu Claro,Simples,Curva,Sim,3,0,0,1,1,1,1,3,-27.200716,-51.940483,SPRF-SC,DEL07-SC,UOP04-DEL07-SC,2022
"480141,0",2022-10-11,terça-feira,18:20:00,SC,470,"153,7",AGRONOMICA,Desrespeitar a preferência no cruzamento,Colisão transversal,Com Vítimas Feridas,Anoitecer,Crescente,Chuva,Simples,Curva,Não,4,0,0,3,1,0,3,2,-27.272911,-49.734741,SPRF-SC,DEL04-SC,UOP02-DEL04-SC,2022
"480150,0",2022-10-11,terça-feira,22:30:00,SC,280,"84,0",CORUPA,Velocidade Incompatível,Colisão lateral sentido oposto,Com Vítimas Feridas,Plena Noite,Decrescente,Garoa/Chuvisco,Simples,Curva,Não,3,0,1,0,1,1,1,3,-26.43589072,-49.24351466,SPRF-SC,DEL06-SC,UOP03-DEL06-SC,2022
"480153,0",2022-10-11,terça-feira,23:00:00,SC,282,"207,6",LAGES,Ausência de reação do condutor,Colisão com objeto,Sem Vítimas,Plena Noite,Crescente,Chuva,Simples,Aclive,Não,1,0,0,0,1,0,0,1,-27.77505719,-50.21053433,SPRF-SC,DEL05-SC,UOP01-DEL05-SC,2022
"480232,0",2022-10-12,quarta-feira,08:00:00,SC,116,"211,0",CORREIA PINTO,Velocidade Incompatível,Saída de leito carroçável,Com Vítimas Feridas,Amanhecer,Crescente,Chuva,Simples,Curva,Não,4,0,3,0,0,1,3,2,-27.51040007,-50.36397936,SPRF-SC,DEL05-SC,UOP03-DEL05-SC,2022
"480286,0",2022-10-12,quarta-feira,18:40:00,SC,101,"36,0",JOINVILLE,Ausência de reação do condutor,Colisão traseira,Sem Vítimas,Plena Noite,Crescente,Nublado,Dupla,Reta,Sim,2,0,0,0,1,1,0,2,-26.24573198,-48.9101069,SPRF-SC,DEL03-SC,UOP01-DEL03-SC,2022
"480335,0",2022-10-13,quinta-feira,05:15:00,SC,470,"141,8",RIO DO SUL,Animais na Pista,Atropelamento de Animal,Sem Vítimas,Amanhecer,Crescente,Nublado,Simples,Ponte;Curva,Não,3,0,0,0,2,1,0,3,-27.20956426,-49.65189457,SPRF-SC,DEL04-SC,UOP02-DEL04-SC,2022
"480358,0",2022-10-13,quinta-feira,07:35:00,SC,101,"413,2",ARARANGUA,Condutor deixou de manter distância do veículo da frente,Colisão traseira,Com Vítimas Feridas,Pleno dia,Decrescente,Céu Claro,Simples,Rotatória,Sim,6,0,1,1,3,1,2,4,-28.96316767,-49.51914668,SPRF-SC,DEL02-SC,UOP02-DEL02-SC,2022
"480381,0",2022-08-03,quarta-feira,14:20:00,SC,470,"246,0",CURITIBANOS,Reação tardia ou ineficiente do condutor,Colisão traseira,Com Vítimas Feridas,Pleno dia,Decrescente,Céu Claro,Simples,Reta,Sim,2,0,1,0,1,0,1,2,-27.315086,-50.532715,SPRF-SC,DEL05-SC,UOP03-DEL05-SC,2022
"480391,0",2022-10-13,quinta-feira,11:00:00,SC,282,"21,0",PALHOCA,Acessar a via sem observar a presença dos outros veículos,Colisão lateral mesmo sentido,Com Vítimas Feridas,Pleno dia,Crescente,Nublado,Simples,Reta,Sim,2,0,0,1,1,0,1,2,-27.68907,-48.717541,SPRF-SC,DEL01-SC,UOP02-DEL01-SC,2022
"480406,0",2022-10-13,quinta-feira,14:52:00,SC,470,"58,0",BLUMENAU,Acesso irregular,Colisão transversal,Com Vítimas Feridas,Pleno dia,Decrescente,Céu Claro,Simples,Em Obras;Reta,Não,2,0,0,1,1,0,1,2,-26.883879,-49.145622,SPRF-SC,DEL04-SC,UOP01-DEL04-SC,2022
"480427,0",2022-10-13,quinta-feira,14:45:00,SC,116,"271,6",CAPAO ALTO,Pedestre andava na pista,Atropelamento de Pedestre,Com Vítimas Feridas,Pleno dia,Decrescente,Céu Claro,Simples,Reta,Não,2,0,0,1,0,1,1,2,-27.97707988,-50.50914813,SPRF-SC,DEL05-SC,UOP02-DEL05-SC,2022
"480465,0",2022-10-13,quinta-feira,19:20:00,SC,470,"12,0",NAVEGANTES,Acessar a via sem observar a presença dos outros veículos,Colisão transversal,Sem Vítimas,Plena Noite,Decrescente,Nublado,Simples,Interseção de Vias,Sim,3,0,0,0,2,1,0,3,-26.835169,-48.757267,SPRF-SC,DEL04-SC,UOP04-DEL04-SC,2022
"480489,0",2022-10-13,quinta-feira,23:00:00,SC,470,"115,1",IBIRAMA,Reação tardia ou ineficiente do condutor,Colisão lateral sentido oposto,Com Vítimas Feridas,Plena Noite,Decrescente,Chuva,Simples,Reta,Sim,3,0,1,0,1,1,1,3,-27.07865334,-49.4886446,SPRF-SC,DEL04-SC,UOP02-DEL04-SC,2022
"480499,0",2022-10-14,sexta-feira,03:45:00,SC,101,"151,0",ITAPEMA,Ingestão de álcool pelo condutor,Colisão traseira,Sem Vítimas,Plena Noite,Crescente,Chuva,Dupla,Reta,Sim,3,0,0,0,2,2,0,4,-27.11744799,-48.60940987,SPRF-SC,DEL04-SC,UOP03-DEL04-SC,2022
"480519,0",2022-10-14,sexta-feira,07:15:00,SC,470,"119,0",IBIRAMA,Velocidade Incompatível,Tombamento,Com Vítimas Feridas,Pleno dia,Decrescente,Garoa/Chuvisco,Simples,Interseção de Vias,Sim,2,0,1,0,0,1,1,2,-27.08241707,-49.52055216,SPRF-SC,DEL04-SC,UOP02-DEL04-SC,2022
"480559,0",2022-10-14,sexta-feira,11:00:00,SC,470,"64,5",INDAIAL,Condutor deixou de manter distância do veículo da frente,Colisão traseira,Com Vítimas Feridas,Pleno dia,Crescente,Chuva,Simples,Reta,Não,3,0,1,0,2,0,1,3,-26.869867,-49.201859,SPRF-SC,DEL04-SC,UOP01-DEL04-SC,2022
"480579,0",2022-10-14,sexta-feira,11:45:00,SC,163,"71,4",SAO MIGUEL DO OESTE,Manobra de mudança de faixa,Colisão lateral mesmo sentido,Com Vítimas Feridas,Pleno dia,Crescente,Nublado,Dupla,Declive,Sim,2,0,1,0,1,0,1,2,-26.72772401,-53.51281303,SPRF-SC,DEL07-SC,UOP03-DEL07-SC,2022
"480654,0",2022-10-14,sexta-feira,06:45:00,SC,282,"453,4",PONTE SERRADA,Reação tardia ou ineficiente do condutor,Tombamento,Com Vítimas Feridas,Pleno dia,Decrescente,Céu Claro,Simples,Reta,Não,2,0,1,0,0,1,1,2,-26.89823,-51.976665,SPRF-SC,DEL07-SC,UOP04-DEL07-SC,2022
"480658,0",2022-10-14,sexta-feira,16:10:00,SC,282,"560,0",NOVA ERECHIM,Problema com o freio,Colisão traseira,Com Vítimas Feridas,Pleno dia,Decrescente,Céu Claro,Simples,Declive,Não,18,0,16,1,1,0,17,2,-26.927135,-52.856205,SPRF-SC,DEL07-SC,UOP01-DEL07-SC,2022
"480662,0",2022-10-14,sexta-feira,19:20:00,SC,470,"60,8",BLUMENAU,Transitar na contramão,Colisão frontal,Com Vítimas Fatais,Plena Noite,Decrescente,Nublado,Simples,Reta,Sim,3,1,0,0,1,1,0,3,-26.878952,-49.17421,SPRF-SC,DEL04-SC,UOP01-DEL04-SC,2022
"480705,0",2022-10-14,sexta-feira,23:10:00,SC,282,"143,1",BOM RETIRO,Transitar na contramão,Colisão frontal,Com Vítimas Fatais,Plena Noite,Crescente,Nublado,Simples,Reta,Não,2,1,0,0,1,0,0,2,-27.811066,-49.615063,SPRF-SC,DEL05-SC,UOP01-DEL05-SC,2022
"480778,0",2022-10-15,sábado,10:20:00,SC,101,"203,3",SAO JOSE,Condutor deixou de manter distância do veículo da frente,Colisão traseira,Com Vítimas Feridas,Pleno dia,Decrescente,Nublado,Múltipla,Reta,Sim,6,0,4,0,2,0,4,3,-27.5650044,-48.61460082,SPRF-SC,DEL01-SC,UOP01-DEL01-SC,2022
"480798,0",2022-10-15,sábado,10:00:00,SC,153,"81,0",IRANI,Reação tardia ou ineficiente do condutor,Tombamento,Com Vítimas Feridas,Pleno dia,Crescente,Céu Claro,Simples,Curva,Não,2,0,1,0,0,1,1,2,-27.120626,-51.922867,SPRF-SC,DEL07-SC,UOP04-DEL07-SC,2022
"480890,0",2022-10-15,sábado,20:40:00,SC,101,"207,8",SAO JOSE,Manobra de mudança de faixa,Colisão lateral mesmo sentido,Com Vítimas Feridas,Plena Noite,Crescente,Chuva,Dupla,Curva,Sim,6,0,1,0,3,2,1,5,-27.60001226,-48.6226467,SPRF-SC,DEL01-SC,UOP01-DEL01-SC,2022
"481037,0",2022-10-16,domingo,13:20:00,SC,101,"16,6",GARUVA,Ausência de reação do condutor,Colisão traseira,Com Vítimas Feridas,Pleno dia,Crescente,Nublado,Dupla,Reta,Não,3,0,0,1,1,1,1,3,-26.11427473,-48.87647034,SPRF-SC,DEL03-SC,UOP01-DEL03-SC,2022
"481108,0",2022-10-16,domingo,19:50:00,SC,282,"406,0",CATANDUVAS,Ingestão de álcool pelo condutor,Colisão traseira,Com Vítimas Feridas,Plena Noite,Decrescente,Nublado,Simples,Aclive,Sim,3,0,1,0,1,2,1,4,-27.092703,-51.659904,SPRF-SC,DEL07-SC,UOP05-DEL07-SC,2022
"481148,0",2022-10-16,domingo,23:15:00,SC,101,"158,8",PORTO BELO,Acessar a via sem observar a presença dos outros veículos,Colisão transversal,Com Vítimas Feridas,Plena Noite,Crescente,Céu Claro,Dupla,Reta,Não,3,0,1,0,1,1,1,3,-27.19096301,-48.61259017,SPRF-SC,DEL04-SC,UOP03-DEL04-SC,2022
"481209,0",2022-10-17,segunda-feira,06:00:00,SC,282,"564,0",NOVA ERECHIM,Pedestre andava na pista,Atropelamento de Pedestre,Com Vítimas Feridas,Amanhecer,Decrescente,Nublado,Simples,Declive,Não,2,0,1,0,1,0,1,2,-26.898739,-52.877975,SPRF-SC,DEL07-SC,UOP02-DEL07-SC,2022
"481252,0",2022-09-04,domingo,04:20:00,SC,101,"9,0",GARUVA,Reação tardia ou ineficiente do condutor,Colisão traseira,Com Vítimas Feridas,Plena Noite,Decrescente,Nublado,Dupla,Reta,Não,7,0,1,1,2,3,2,5,-26.063011,-48.86020605,SPRF-SC,DEL03-SC,UOP01-DEL03-SC,2022
"481254,0",2022-10-17,segunda-feira,13:40:00,SC,282,"19,0",PALHOCA,Condutor deixou de manter distância do veículo da frente,Engavetamento,Com Vítimas Feridas,Pleno dia,Crescente,Céu Claro,Simples,Reta,Sim,5,0,2,0,3,0,2,5,-27.678635,-48.70192,SPRF-SC,DEL01-SC,UOP02-DEL01-SC,2022