id,data_inversa,dia_semana,horario,uf,br,km,municipio,causa_acidente,tipo_acidente,classificacao_acidente,fase_dia,sentido_via,condicao_metereologica,tipo_pista,tracado_via,uso_solo,pessoas,mortos,feridos_leves,feridos_graves,ilesos,ignorados,feridos,veiculos,latitude,longitude,regional,delegacia,uop,ano_arquivo
"481263,0",2022-04-20,quarta-feira,11:10:00,SC,282,"104,0",ALFREDO WAGNER,Desrespeitar a preferência no cruzamento,Colisão transversal,Com Vítimas Feridas,Pleno dia,Crescente,Céu Claro,Simples,Interseção de Vias;Reta;Aclive,Sim,8,0,2,3,1,3,5,6,-27.696043,-49.334038,SPRF-SC,DEL01-SC,UOP03-DEL01-SC,2022
"481277,0",2022-10-17,segunda-feira,15:15:00,SC,101,"92,7",BARRA VELHA,Condutor deixou de manter distância do veículo da frente,Colisão traseira,Com Vítimas Feridas,Pleno dia,Decrescente,Céu Claro,Simples,Reta,Sim,2,0,1,0,1,0,1,2,-26.6806041,-48.6931497,SPRF-SC,DEL03-SC,UOP02-DEL03-SC,2022
"481316,0",2022-10-17,segunda-feira,19:25:00,SC,282,"19,5",PALHOCA,Pedestre andava na pista,Atropelamento de Pedestre,Com Vítimas Feridas,Plena Noite,Crescente,Nublado,Simples,Reta,Sim,2,0,0,1,1,0,1,2,-27.678635,-48.70192,SPRF-SC,DEL01-SC,UOP02-DEL01-SC,2022
"481397,0",2022-10-18,terça-feira,08:40:00,SC,101,"215,0",PALHOCA,Reação tardia ou ineficiente do condutor,Colisão traseira,Com Vítimas Feridas,Pleno dia,Decrescente,Nublado,Múltipla,Reta,Sim,2,0,1,0,1,0,1,2,-27.65184843,-48.67604941,SPRF-SC,DEL01-SC,UOP02-DEL01-SC,2022
"481405,0",2022-10-18,terça-feira,11:25:00,SC,101,"117,0",ITAJAI,Velocidade Incompatível,Tombamento,Sem Vítimas,Pleno dia,Decrescente,Nublado,Múltipla,Rotatória,Sim,2,0,0,0,1,1,0,2,-26.88747187,-48.72252969,SPRF-SC,DEL04-SC,UOP04-DEL04-SC,2022
"481437,0",2022-10-18,terça-feira,15:30:00,SC,101,"122,0",ITAJAI,Pista Escorregadia,Colisão com objeto,Sem Vítimas,Pleno dia,Decrescente,Chuva,Dupla,Reta,Sim,2,0,0,0,1,1,0,2,-26.92955916,-48.70499836,SPRF-SC,DEL04-SC,UOP04-DEL04-SC,2022
"481467,0",2022-10-18,terça-feira,19:30:00,SC,101,"155,5",PORTO BELO,Condutor usando celular,Colisão traseira,Com Vítimas Fatais,Plena Noite,Decrescente,Garoa/Chuvisco,Múltipla,Reta,Sim,3,1,0,0,1,1,0,3,-27.1668103,-48.6113562,SPRF-SC,DEL04-SC,UOP03-DEL04-SC,2022
"481612,0",2022-10-19,quarta-feira,17:15:00,SC,101,"44,0",JOINVILLE,Condutor deixou de manter distância do veículo da frente,Colisão traseira,Com Vítimas Feridas,Anoitecer,Decrescente,Céu Claro,Dupla,Reta;Declive,Sim,3,0,1,0,1,1,1,3,-26.31238996,-48.87458997,SPRF-SC,DEL03-SC,UOP01-DEL03-SC,2022
"481645,0",2022-10-19,quarta-feira,20:10:00,SC,282,"372,8",ERVAL VELHO,Ingestão de álcool pelo condutor,Tombamento,Sem Vítimas,Plena Noite,Crescente,Garoa/Chuvisco,Simples,Aclive;Reta,Não,2,0,0,0,1,1,0,2,-27.251827,-51.446991,SPRF-SC,DEL07-SC,UOP05-DEL07-SC,2022
"481665,0",2022-10-19,quarta-feira,22:53:00,SC,101,"32,5",JOINVILLE,Ingestão de álcool pelo condutor,Colisão traseira,Sem Vítimas,Plena Noite,Crescente,Céu Claro,Dupla,Reta,Sim,2,0,0,0,1,1,0,2,-26.226987,-48.91657,SPRF-SC,DEL03-SC,UOP01-DEL03-SC,2022
"481683,0",2022-10-20,quinta-feira,01:30:00,SC,101,"366,0",SANGAO,Ingestão de álcool pelo condutor,Colisão traseira,Com Vítimas Feridas,Plena Noite,Crescente,Céu Claro,Dupla,Reta,Não,5,0,1,1,2,1,2,3,-28.68718511,-49.15621795,SPRF-SC,DEL02-SC,UOP01-DEL02-SC,2022
"481788,0",2022-10-20,quinta-feira,14:06:00,SC,282,"450,4",PONTE SERRADA,Condutor deixou de manter distância do veículo da frente,Colisão traseira,Com Vítimas Feridas,Pleno dia,Crescente,Chuva,Dupla,Aclive,Não,5,0,2,0,2,1,2,3,-26.920099,-51.937246,SPRF-SC,DEL07-SC,UOP04-DEL07-SC,2022
"481814,0",2022-10-20,quinta-feira,16:20:00,SC,163,"108,7",GUARUJA DO SUL,Transitar na contramão,Colisão frontal,Com Vítimas Feridas,Pleno dia,Decrescente,Chuva,Simples,Em Obras;Aclive;Reta,Não,3,0,0,1,1,1,1,3,-26.42169886,-53.52568081,SPRF-SC,DEL07-SC,UOP03-DEL07-SC,2022
"481832,0",2022-10-20,quinta-feira,21:20:00,SC,280,"26,3",ARAQUARI,Conversão proibida,Colisão transversal,Com Vítimas Feridas,Plena Noite,Crescente,Garoa/Chuvisco,Simples,Reta;Em Obras,Sim,6,0,2,2,1,2,4,4,-26.38972308,-48.73411593,SPRF-SC,DEL03-SC,UOP03-DEL03-SC,2022
"481851,0",2022-10-20,quinta-feira,21:45:00,SC,282,"228,3",LAGES,Ingestão de álcool pelo condutor,Colisão traseira,Com Vítimas Feridas,Pleno dia,Decrescente,Nublado,Simples,Curva,Não,2,0,1,0,1,0,1,2,-27.791557,-50.4077,SPRF-SC,DEL05-SC,UOP02-DEL05-SC,2022
"481876,0",2022-10-20,quinta-feira,23:00:00,SC,101,"5,0",GARUVA,Demais falhas mecânicas ou elétricas,Incêndio,Sem Vítimas,Plena Noite,Crescente,Garoa/Chuvisco,Dupla,Reta,Não,2,0,0,0,1,1,0,2,-26.01779797,-48.86233322,SPRF-SC,DEL03-SC,UOP01-DEL03-SC,2022
"481965,0",2022-10-21,sexta-feira,07:31:00,SC,101,"337,9",TUBARAO,Condutor Dormindo,Colisão traseira,Com Vítimas Feridas,Pleno dia,Crescente,Nublado,Dupla,Curva;Declive,Sim,4,0,1,0,2,1,1,4,-28.47801624,-49.03246283,SPRF-SC,DEL02-SC,UOP01-DEL02-SC,2022
"481989,0",2022-10-21,sexta-feira,14:40:00,SC,101,"25,0",JOINVILLE,Ingestão de álcool pelo condutor,Colisão traseira,Sem Vítimas,Pleno dia,Crescente,Céu Claro,Dupla,Reta,Sim,2,0,0,0,2,0,0,2,-26.1834739,-48.9105912,SPRF-SC,DEL03-SC,UOP01-DEL03-SC,2022
"481998,0",2022-10-21,sexta-feira,14:30:00,SC,101,"460,0",PASSO DE TORRES,Ausência de reação do condutor,Colisão traseira,Com Vítimas Feridas,Pleno dia,Crescente,Chuva,Dupla,Reta,Não,6,0,4,0,1,1,4,3,-29.25788799,-49.7565232,SPRF-RS,DEL03-RS,UOP02-DEL03-RS,2022
"482055,0",2022-10-21,sexta-feira,18:30:00,SC,101,"119,0",ITAJAI,Ausência de reação do condutor,Colisão traseira,Com Vítimas Feridas,Plena Noite,Decrescente,Chuva,Dupla,Reta,Sim,3,0,1,0,2,0,1,2,-26.9043179,-48.71555481,SPRF-SC,DEL04-SC,UOP04-DEL04-SC,2022
"482101,0",2022-10-21,sexta-feira,17:30:00,SC,116,"234,0",CORREIA PINTO,Transitar na contramão,Colisão frontal,Com Vítimas Feridas,Pleno dia,Decrescente,Céu Claro,Dupla,Reta,Não,5,0,1,0,3,1,1,4,-27.70240496,-50.33486119,SPRF-SC,DEL05-SC,UOP01-DEL05-SC,2022
"482145,0",2022-10-22,sábado,03:10:00,SC,282,"455,0",PONTE SERRADA,Ausência de sinalização,Colisão lateral sentido oposto,Com Vítimas Feridas,Plena Noite,Crescente,Céu Claro,Simples,Em Obras;Reta,Não,2,0,1,0,0,1,1,2,-26.888617,-51.99427,SPRF-SC,DEL07-SC,UOP04-DEL07-SC,2022
"482219,0",2022-10-22,sábado,11:25:00,SC,163,"100,5",SAO JOSE DO CEDRO,Ingestão de álcool pelo condutor,Colisão traseira,Com Vítimas Feridas,Pleno dia,Decrescente,Céu Claro,Simples,Em Obras;Reta,Não,5,0,1,0,3,1,1,5,-26.48079129,-53.50526333,SPRF-SC,DEL07-SC,UOP03-DEL07-SC,2022
"482239,0",2022-10-13,quinta-feira,05:40:00,SC,282,"601,0",MARAVILHA,Velocidade Incompatível,Tombamento,Com Vítimas Feridas,Amanhecer,Decrescente,Nublado,Simples,Curva,Não,1,0,1,0,0,0,1,1,-26.809002,-53.169399,SPRF-SC,DEL07-SC,UOP02-DEL07-SC,2022
"482254,0",2022-10-22,sábado,15:20:00,SC,101,"211,3",PALHOCA,Ingestão de álcool pelo condutor,Colisão traseira,Sem Vítimas,Pleno dia,Decrescente,Céu Claro,Múltipla,Interseção de Vias,Sim,2,0,0,0,2,0,0,2,-27.62329313,-48.65245588,SPRF-SC,DEL01-SC,UOP02-DEL01-SC,2022
"482279,0",2022-10-22,sábado,18:55:00,SC,101,"215,4",PALHOCA,Ingestão de álcool e/ou substâncias psicoativas pelo pedestre,Colisão com objeto,Sem Vítimas,Plena Noite,Crescente,Nublado,Múltipla,Curva;Aclive,Sim,2,0,0,0,1,1,0,2,-27.65184843,-48.67604941,SPRF-SC,DEL01-SC,UOP02-DEL01-SC,2022
"482289,0",2022-10-22,sábado,18:20:00,SC,282,"207,7",LAGES,Restrição de visibilidade em curvas verticais,Colisão traseira,Com Vítimas Feridas,Anoitecer,Crescente,Céu Claro,Simples,Aclive;Reta,Não,3,0,1,0,1,1,1,3,-27.77689876,-50.22125244,SPRF-SC,DEL05-SC,UOP01-DEL05-SC,2022
"482334,0",2022-10-22,sábado,19:20:00,SC,282,"46,0",AGUAS MORNAS,Ausência de reação do condutor,Tombamento,Com Vítimas Fatais,Plena Noite,Decrescente,Nublado,Simples,Reta;Declive,Não,3,1,0,0,0,2,0,3,-27.7211487,-48.9274286,SPRF-SC,DEL01-SC,UOP03-DEL01-SC,2022
"482417,0",2022-08-08,segunda-feira,21:30:00,SC,101,"77,7",ARAQUARI,Ausência de reação do condutor,Colisão com objeto,Com Vítimas Feridas,Plena Noite,Crescente,Garoa/Chuvisco,Dupla,Reta,Não,7,0,3,0,4,0,3,3,-26.56833103,-48.72029393,SPRF-SC,DEL03-SC,UOP02-DEL03-SC,2022
"482615,0",2022-10-24,segunda-feira,02:20:00,SC,101,"206,8",SAO JOSE,Condutor deixou de manter distância do veículo da frente,Colisão traseira,Com Vítimas Feridas,Plena Noite,Decrescente,Chuva,Dupla,Curva,Sim,3,0,0,2,1,0,2,3,-27.59193546,-48.61824557,SPRF-SC,DEL01-SC,UOP01-DEL01-SC,2022
"482710,0",2022-10-24,segunda-feira,11:00:00,SC,282,"215,0",LAGES,Condutor deixou de manter distância do veículo da frente,Colisão traseira,Com Vítimas Feridas,Pleno dia,Decrescente,Sol,Simples,Reta,Sim,4,0,1,0,3,0,1,3,-27.793665,-50.281799,SPRF-SC,DEL05-SC,UOP01-DEL05-SC,2022
"482724,0",2022-10-24,segunda-feira,09:30:00,SC,282,"560,0",NOVA ITABERABA,Ausência de reação do condutor,Colisão lateral mesmo sentido,Com Vítimas Feridas,Pleno dia,Crescente,Céu Claro,Simples,Reta,Não,2,0,0,1,1,0,1,2,-26.927247,-52.846077,SPRF-SC,DEL07-SC,UOP01-DEL07-SC,2022
"482768,0",2022-10-24,segunda-feira,17:45:00,SC,101,"113,0",ITAJAI,Acessar a via sem observar a presença dos outros veículos,Colisão lateral mesmo sentido,Sem Vítimas,Pleno dia,Decrescente,Nublado,Dupla,Reta,Sim,2,0,0,0,1,1,0,2,-26.85638925,-48.72728348,SPRF-SC,DEL04-SC,UOP04-DEL04-SC,2022
"482806,0",2022-10-24,segunda-feira,20:40:00,SC,470,"134,0",RIO DO SUL,Transitar na contramão,Colisão lateral sentido oposto,Com Vítimas Feridas,Plena Noite,Decrescente,Céu Claro,Simples,Retorno Regulamentado,Sim,2,0,1,0,1,0,1,2,-27.17871592,-49.59536433,SPRF-SC,DEL04-SC,UOP02-DEL04-SC,2022
"482889,0",2022-10-25,terça-feira,13:00:00,SC,101,"104,0",BALNEARIO PICARRAS,Condutor deixou de manter distância do veículo da frente,Colisão traseira,Com Vítimas Feridas,Pleno dia,Crescente,Sol,Dupla,Reta,Não,3,0,1,0,1,2,1,4,-26.79281742,-48.68080819,SPRF-SC,DEL03-SC,UOP02-DEL03-SC,2022
"482901,0",2022-10-25,terça-feira,14:15:00,SC,101,"137,6",BALNEARIO CAMBORIU,Reação tardia ou ineficiente do condutor,Engavetamento,Com Vítimas Feridas,Pleno dia,Decrescente,Céu Claro,Dupla,Aclive,Sim,5,0,2,1,1,3,3,6,-27.0157238,-48.61192763,SPRF-SC,DEL04-SC,UOP03-DEL04-SC,2022
"482903,0",2022-10-25,terça-feira,14:20:00,SC,116,"246,8",LAGES,Reação tardia ou ineficiente do condutor,Colisão transversal,Sem Vítimas,Pleno dia,Decrescente,Céu Claro,Simples,Reta,Não,2,0,0,0,2,0,0,2,-27.80419942,-50.36509464,SPRF-SC,DEL05-SC,UOP02-DEL05-SC,2022
"482923,0",2022-10-25,terça-feira,16:20:00,SC,101,"143,0",ITAPEMA,Trafegar com motocicleta (ou similar) entre as faixas,Colisão lateral mesmo sentido,Com Vítimas Feridas,Pleno dia,Decrescente,Céu Claro,Dupla,Curva,Sim,3,0,1,0,1,2,1,4,-27.06436,-48.59599405,SPRF-SC,DEL04-SC,UOP03-DEL04-SC,2022
"482993,0",2022-10-26,quarta-feira,05:15:00,SC,101,"57,8",ARAQUARI,Reação tardia ou ineficiente do condutor,Colisão com objeto,Com Vítimas Fatais,Amanhecer,Decrescente,Nublado,Dupla,Curva,Não,3,1,0,0,1,1,0,3,-26.43815475,-48.80371571,SPRF-SC,DEL03-SC,UOP01-DEL03-SC,2022
"483043,0",2022-10-26,quarta-feira,07:15:00,SC,282,"544,4",CHAPECO,Ultrapassagem Indevida,Colisão frontal,Com Vítimas Fatais,Pleno dia,Crescente,Sol,Simples,Curva,Não,14,1,0,1,10,2,1,6,-26.991974,-52.725281,SPRF-SC,DEL07-SC,UOP01-DEL07-SC,2022
"483047,0",2022-10-26,quarta-feira,08:15:00,SC,116,"59,9",PAPANDUVA,Manobra de mudança de faixa,Colisão lateral mesmo sentido,Com Vítimas Feridas,Pleno dia,Crescente,Céu Claro,Simples,Reta,Não,3,0,1,0,1,1,1,3,-26.35046931,-50.1543045,SPRF-SC,DEL06-SC,UOP02-DEL06-SC,2022
"483073,0",2022-10-26,quarta-feira,15:00:00,SC,101,"198,0",BIGUACU,Ausência de reação do condutor,Engavetamento,Com Vítimas Feridas,Pleno dia,Crescente,Céu Claro,Dupla,Reta,Sim,3,0,1,0,2,0,1,3,-27.52658712,-48.63506019,SPRF-SC,DEL01-SC,UOP01-DEL01-SC,2022
"483163,0",2022-10-27,quinta-feira,03:50:00,SC,470,"282,2",BRUNOPOLIS,Curva acentuada,Tombamento,Com Vítimas Feridas,Plena Noite,Crescente,Céu Claro,Simples,Curva,Não,2,0,1,0,0,1,1,2,-27.334911,-50.882519,SPRF-SC,DEL07-SC,UOP06-DEL07-SC,2022
"483318,0",2022-10-27,quinta-feira,22:30:00,SC,470,"272,4",BRUNOPOLIS,Manobra de mudança de faixa,Colisão lateral sentido oposto,Com Vítimas Feridas,Plena Noite,Decrescente,Céu Claro,Simples,Reta,Não,5,0,2,0,2,2,2,5,-27.325785,-50.78363,SPRF-SC,DEL07-SC,UOP06-DEL07-SC,2022
"483362,0",2022-10-28,sexta-feira,07:50:00,SC,101,"208,7",SAO JOSE,Ausência de reação do condutor,Tombamento,Com Vítimas Fatais,Pleno dia,Decrescente,Sol,Múltipla,Reta,Sim,2,1,0,0,1,0,0,2,-27.6082989,-48.6370609,SPRF-SC,DEL01-SC,UOP01-DEL01-SC,2022
"483391,0",2022-10-28,sexta-feira,12:50:00,SC,280,"31,0",ARAQUARI,Velocidade Incompatível,Tombamento,Com Vítimas Feridas,Pleno dia,Crescente,Sol,Simples,Rotatória,Não,3,0,1,0,1,2,1,4,-26.41649938,-48.77181215,SPRF-SC,DEL03-SC,UOP03-DEL03-SC,2022
"483466,0",2022-10-28,sexta-feira,16:30:00,SC,101,"41,0",JOINVILLE,Desrespeitar a preferência no cruzamento,Colisão transversal,Com Vítimas Feridas,Pleno dia,Decrescente,Céu Claro,Simples,Rotatória,Sim,4,0,1,1,1,1,2,3,-26.31878663,-48.87142539,SPRF-SC,DEL03-SC,UOP01-DEL03-SC,2022
"483479,0",2022-10-28,sexta-feira,15:10:00,SC,153,"38,7",PONTE SERRADA,Afundamento ou ondulação no pavimento,Colisão lateral sentido oposto,Com Vítimas Fatais,Pleno dia,Crescente,Céu Claro,Simples,Aclive;Reta,Não,4,1,0,0,2,6,0,9,-26.8402364,-51.7469502,SPRF-SC,DEL07-SC,UOP07-DEL07-SC,2022
"483595,0",2022-10-29,sábado,06:05:00,SC,470,"244,5",CURITIBANOS,Ingestão de álcool pelo condutor,Colisão lateral sentido oposto,Com Vítimas Feridas,Amanhecer,Crescente,Nublado,Simples,Curva,Não,8,0,4,0,3,1,4,7,-27.315066,-50.532113,SPRF-SC,DEL05-SC,UOP03-DEL05-SC,2022
"483606,0",2022-10-29,sábado,12:00:00,SC,101,"207,0",SAO JOSE,Trafegar com motocicleta (ou similar) entre as faixas,Colisão lateral mesmo sentido,Com Vítimas Feridas,Pleno dia,Crescente,Céu Claro,Dupla,Aclive,Sim,3,0,1,0,2,0,1,3,-27.60001226,-48.6226467,SPRF-SC,DEL01-SC,UOP01-DEL01-SC,2022
"483756,0",2022-10-29,sábado,20:15:00,SC,116,"138,5",SANTA CECILIA,Acessar a via sem observar a presença dos outros veículos,Colisão transversal,Sem Vítimas,Plena Noite,Decrescente,Chuva,Simples,Reta,Não,2,0,0,0,1,1,0,2,-26.95365013,-50.42351412,SPRF-SC,DEL06-SC,UOP02-DEL06-SC,2022
"483909,0",2022-10-30,domingo,14:35:00,SC,280,"161,0",MAFRA,Entrada inopinada do pedestre,Atropelamento de Pedestre,Com Vítimas Feridas,Pleno dia,Decrescente,Céu Claro,Simples,Reta,Não,5,0,1,0,1,4,1,4,-26.20444373,-49.78114403,SPRF-SC,DEL06-SC,UOP03-DEL06-SC,2022
"484193,0",2022-10-31,segunda-feira,21:20:00,SC,101,"152,5",PORTO BELO,Ingestão de álcool pelo condutor,Colisão traseira,Com Vítimas Feridas,Plena Noite,Decrescente,Céu Claro,Dupla,Reta,Sim,3,0,1,0,2,0,1,2,-27.13563503,-48.61004665,SPRF-SC,DEL04-SC,UOP03-DEL04-SC,2022
"484195,0",2022-10-15,sábado,04:50:00,SC,101,"207,0",SAO JOSE,Objeto estático sobre o leito carroçável,Engavetamento,Com Vítimas Feridas,Plena Noite,Decrescente,Garoa/Chuvisco,Múltipla,Aclive,Não,5,0,0,1,3,1,1,4,-27.60001226,-48.6226467,SPRF-SC,DEL01-SC,UOP01-DEL01-SC,2022
"484295,0",2022-11-01,terça-feira,16:15:00,SC,280,"33,4",ARAQUARI,Objeto estático sobre o leito carroçável,Derramamento de carga,Com Vítimas Feridas,Pleno dia,Crescente,Nublado,Simples,Túnel,Não,2,0,1,0,1,0,1,2,-26.42576441,-48.78741376,SPRF-SC,DEL03-SC,UOP03-DEL03-SC,2022
"484399,0",2022-11-02,quarta-feira,11:45:00,SC,101,"445,0",SANTA ROSA DO SUL,Obstrução na via,Atropelamento de Pedestre,Com Vítimas Feridas,Pleno dia,Decrescente,Céu Claro,Múltipla,Reta,Não,3,0,0,1,1,1,1,3,-29.13876138,-49.71567783,SPRF-SC,DEL02-SC,UOP02-DEL02-SC,2022
"484484,0",2022-11-03,quinta-feira,01:00:00,SC,153,"66,5",IRANI,Conversão proibida,Colisão frontal,Com Vítimas Fatais,Plena Noite,Crescente,Nublado,Simples,Reta,Não,2,1,0,0,1,0,0,2,-27.028358,-51.88303,SPRF-SC,DEL07-SC,UOP04-DEL07-SC,2022
"484502,0",2022-11-03,quinta-feira,06:45:00,SC,101,"441,0",SANTA ROSA DO SUL,Ausência de reação do condutor,Colisão traseira,Com Vítimas Fatais,Pleno dia,Crescente,Céu Claro,Múltipla,Aclive;Reta,Não,4,1,0,1,1,1,1,3,-29.129092,-49.685166,SPRF-SC,DEL02-SC,UOP02-DEL02-SC,2022
"484655,0",2022-11-03,quinta-feira,23:30:00,SC,116,"107,6",MONTE CASTELO,Curva acentuada,Tombamento,Com Vítimas Feridas,Plena Noite,Decrescente,Nublado,Simples,Curva,Não,1,0,1,0,0,0,1,1,-26.75568818,-50.32812388,SPRF-SC,DEL06-SC,UOP02-DEL06-SC,2022
"484678,0",2022-11-04,sexta-feira,07:40:00,SC,101,"192,9",BIGUACU,Acessar a via sem observar a presença dos outros veículos,Colisão traseira,Com Vítimas Feridas,Pleno dia,Crescente,Céu Claro,Simples,Reta,Sim,3,0,1,0,2,0,1,3,-27.48443781,-48.64765238,SPRF-SC,DEL01-SC,UOP01-DEL01-SC,2022
"484697,0",2022-11-04,sexta-feira,07:56:00,SC,282,"2,0",FLORIANOPOLIS,Condutor deixou de manter distância do veículo da frente,Colisão traseira,Com Vítimas Feridas,Pleno dia,Decrescente,Céu Claro,Dupla,Reta,Não,2,0,1,0,1,0,1,2,-27.603289,-48.590416,SPRF-SC,DEL01-SC,UOP01-DEL01-SC,2022
"484718,0",2022-11-04,sexta-feira,10:00:00,SC,101,"379,0",ICARA,Manobra de mudança de faixa,Colisão transversal,Com Vítimas Feridas,Pleno dia,Decrescente,Céu Claro,Simples,Declive;Reta,Sim,3,0,1,0,1,1,1,3,-28.75600607,-49.27867055,SPRF-SC,DEL02-SC,UOP02-DEL02-SC,2022
"484721,0",2022-11-04,sexta-feira,10:30:00,SC,282,"16,0",PALHOCA,Retorno proibido,Colisão transversal,Com Vítimas Feridas,Pleno dia,Crescente,Sol,Simples,Reta,Sim,2,0,0,1,1,0,1,2,-27.65743611,-48.68096709,SPRF-SC,DEL01-SC,UOP02-DEL01-SC,2022
"484745,0",2022-04-13,quarta-feira,19:30:00,SC,101,"194,0",BIGUACU,Manobra de mudança de faixa,Colisão lateral mesmo sentido,Com Vítimas Feridas,Plena Noite,Decrescente,Céu Claro,Dupla,Reta,Sim,5,0,1,1,2,1,2,3,-27.49815117,-48.65661236,SPRF-SC,DEL01-SC,UOP01-DEL01-SC,2022
"484769,0",2022-11-04,sexta-feira,15:00:00,SC,470,"141,9",RIO DO SUL,Desrespeitar a preferência no cruzamento,Colisão transversal,Com Vítimas Feridas,Pleno dia,Decrescente,Sol,Simples,Reta,Sim,3,0,1,0,1,1,1,3,-27.226065,-49.666161,SPRF-SC,DEL04-SC,UOP02-DEL04-SC,2022
"484901,0",2022-11-05,sábado,04:00:00,SC,470,"54,6",BLUMENAU,Ingestão de álcool pelo condutor,Colisão transversal,Sem Vítimas,Amanhecer,Decrescente,Céu Claro,Simples,Rotatória,Sim,3,0,0,0,1,2,0,3,-26.871065,-49.110374,SPRF-SC,DEL04-SC,UOP01-DEL04-SC,2022
"484912,0",2022-11-03,quinta-feira,13:15:00,SC,158,"109,5",CUNHA PORA,Condutor deixou de manter distância do veículo da frente,Colisão traseira,Com Vítimas Feridas,Pleno dia,Crescente,Céu Claro,Simples,Curva,Não,3,0,1,0,1,1,1,3,-26.88165557,-53.1746006,SPRF-SC,DEL07-SC,UOP02-DEL07-SC,2022
"484960,0",2022-10-31,segunda-feira,01:50:00,SC,470,"173,0",POUSO REDONDO,Condutor deixou de manter distância do veículo da frente,Colisão traseira,Com Vítimas Feridas,Plena Noite,Decrescente,Céu Claro,Simples,Reta,Não,2,0,0,1,1,0,1,2,-27.25984,-49.919285,SPRF-SC,DEL04-SC,UOP02-DEL04-SC,2022
"484961,0",2022-11-05,sábado,09:14:00,SC,280,"67,2",JARAGUA DO SUL,Transitar no acostamento,Colisão traseira,Com Vítimas Feridas,Pleno dia,Decrescente,Céu Claro,Simples,Reta,Sim,2,0,0,1,1,0,1,2,-26.4775146,-49.10363575,SPRF-SC,DEL03-SC,UOP03-DEL03-SC,2022
"485071,0",2022-11-05,sábado,21:22:00,SC,280,"38,3",ARAQUARI,Ingestão de álcool pelo condutor,Colisão com objeto,Sem Vítimas,Pleno dia,Decrescente,Nublado,Simples,Ponte,Não,2,0,0,0,2,0,0,2,-26.44812855,-48.82794004,SPRF-SC,DEL03-SC,UOP03-DEL03-SC,2022
"485199,0",2022-11-06,domingo,15:15:00,SC,116,"8,5",MAFRA,Demais falhas mecânicas ou elétricas,Incêndio,Sem Vítimas,Pleno dia,Crescente,Céu Claro,Simples,Reta,Sim,2,0,0,0,1,1,0,2,-26.15748603,-49.83898198,SPRF-SC,DEL06-SC,UOP01-DEL06-SC,2022
"485230,0",2022-11-06,domingo,19:25:00,SC,101,"216,5",PALHOCA,Ultrapassagem Indevida,Tombamento,Com Vítimas Feridas,Plena Noite,Crescente,Nublado,Simples,Rotatória,Sim,1,0,1,0,0,0,1,1,-27.65981409,-48.67747798,SPRF-SC,DEL01-SC,UOP02-DEL01-SC,2022
"485334,0",2022-11-07,segunda-feira,08:50:00,SC,282,"130,0",CHAPECO,Condutor usando celular,Colisão lateral mesmo sentido,Com Vítimas Feridas,Pleno dia,Crescente,Céu Claro,Dupla,Reta,Sim,3,0,1,0,1,1,1,3,-27.06298481,-52.63269061,SPRF-SC,DEL05-SC,UOP01-DEL05-SC,2022
"485383,0",2022-09-16,sexta-feira,08:20:00,SC,101,"38,7",JOINVILLE,Condutor deixou de manter distância do veículo da frente,Engavetamento,Com Vítimas Feridas,Pleno dia,Crescente,Chuva,Dupla,Viaduto;Reta,Sim,8,0,2,0,5,1,2,6,-26.25472505,-48.90561309,SPRF-SC,DEL03-SC,UOP01-DEL03-SC,2022
"485387,0",2022-11-07,segunda-feira,09:10:00,SC,101,"372,0",ICARA,Condutor Dormindo,Colisão traseira,Com Vítimas Feridas,Pleno dia,Crescente,Céu Claro,Dupla,Reta,Não,3,0,1,0,2,0,1,2,-28.70864509,-49.20924696,SPRF-SC,DEL02-SC,UOP01-DEL02-SC,2022
"485463,0",2022-11-08,terça-feira,02:45:00,SC,282,"356,0",CAMPOS NOVOS,Ausência de reação do condutor,Saída de leito carroçável,Com Vítimas Feridas,Plena Noite,Decrescente,Céu Claro,Simples,Curva,Não,1,0,1,0,0,0,1,1,-27.342428,-51.340664,SPRF-SC,DEL07-SC,UOP05-DEL07-SC,2022
"485504,0",2022-11-08,terça-feira,09:30:00,SC,282,"267,1",SAO JOSE DO CERRITO,Velocidade Incompatível,Tombamento,Com Vítimas Feridas,Pleno dia,Decrescente,Nublado,Simples,Curva,Não,2,0,1,0,0,1,1,2,-27.624544,-50.651848,SPRF-SC,DEL05-SC,UOP02-DEL05-SC,2022
"485514,0",2022-11-08,terça-feira,11:00:00,SC,470,"60,1",BLUMENAU,Condutor deixou de manter distância do veículo da frente,Colisão traseira,Com Vítimas Feridas,Pleno dia,Decrescente,Sol,Simples,Reta;Rotatória,Sim,2,0,1,0,1,0,1,2,-26.88081345,-49.16690826,SPRF-SC,DEL04-SC,UOP01-DEL04-SC,2022
"485521,0",2022-11-08,terça-feira,08:40:00,SC,480,"127,5",CHAPECO,Manobra de mudança de faixa,Colisão lateral mesmo sentido,Sem Vítimas,Pleno dia,Crescente,Sol,Dupla,Reta,Não,2,0,0,0,2,0,0,2,-27.03388969,-52.63368487,SPRF-SC,DEL07-SC,UOP01-DEL07-SC,2022