id,data_inversa,dia_semana,horario,uf,br,km,municipio,causa_acidente,tipo_acidente,classificacao_acidente,fase_dia,sentido_via,condicao_metereologica,tipo_pista,tracado_via,uso_solo,pessoas,mortos,feridos_leves,feridos_graves,ilesos,ignorados,feridos,veiculos,latitude,longitude,regional,delegacia,uop,ano_arquivo
"485531,0",2022-11-08,terça-feira,12:50:00,SC,470,"254,0",CURITIBANOS,Demais falhas mecânicas ou elétricas,Incêndio,Sem Vítimas,Pleno dia,Decrescente,Céu Claro,Simples,Curva,Não,2,0,0,0,1,1,0,2,-27.30934,-50.610031,SPRF-SC,DEL05-SC,UOP03-DEL05-SC,2022
"485546,0",2022-11-08,terça-feira,15:30:00,SC,101,"117,3",ITAJAI,Transitar na contramão,Colisão transversal,Com Vítimas Feridas,Pleno dia,Crescente,Nublado,Dupla,Interseção de Vias,Não,3,0,2,0,1,0,2,3,-26.89017988,-48.72198343,SPRF-SC,DEL04-SC,UOP04-DEL04-SC,2022
"485547,0",2022-11-08,terça-feira,15:40:00,SC,101,"61,0",ARAQUARI,Reação tardia ou ineficiente do condutor,Colisão lateral mesmo sentido,Com Vítimas Feridas,Pleno dia,Decrescente,Nublado,Dupla,Reta,Não,3,0,1,0,2,0,1,3,-26.45475405,-48.77534866,SPRF-SC,DEL03-SC,UOP02-DEL03-SC,2022
"485570,0",2022-11-08,terça-feira,18:00:00,SC,101,"165,0",TIJUCAS,Velocidade Incompatível,Saída de leito carroçável,Com Vítimas Feridas,Anoitecer,Crescente,Chuva,Dupla,Reta,Sim,3,0,1,2,0,0,3,1,-27.252663,-48.63154894,SPRF-SC,DEL04-SC,UOP03-DEL04-SC,2022
"485575,0",2022-11-08,terça-feira,17:50:00,SC,101,"210,3",SAO JOSE,Pedestre cruzava a pista fora da faixa,Atropelamento de Pedestre,Com Vítimas Fatais,Pleno dia,Crescente,Céu Claro,Múltipla,Reta,Sim,5,1,0,0,3,1,0,4,-27.619778,-48.648756,SPRF-SC,DEL01-SC,UOP01-DEL01-SC,2022
"485605,0",2022-11-08,terça-feira,20:40:00,SC,101,"344,0",TUBARAO,Acesso irregular,Colisão frontal,Com Vítimas Feridas,Plena Noite,Decrescente,Ignorado,Múltipla,Reta,Não,2,0,1,0,1,0,1,2,-28.53647889,-49.0531826,SPRF-SC,DEL02-SC,UOP01-DEL02-SC,2022
"485615,0",2022-11-08,terça-feira,21:15:00,SC,101,"123,0",ITAJAI,Manobra de mudança de faixa,Tombamento,Com Vítimas Feridas,Plena Noite,Decrescente,Céu Claro,Múltipla,Reta,Sim,2,0,1,0,0,1,1,2,-26.93668609,-48.69876905,SPRF-SC,DEL04-SC,UOP04-DEL04-SC,2022
"485741,0",2022-11-09,quarta-feira,13:40:00,SC,101,"249,0",PAULO LOPES,Avarias e/ou desgaste excessivo no pneu,Saída de leito carroçável,Com Vítimas Feridas,Pleno dia,Crescente,Nublado,Dupla,Reta,Não,4,0,2,0,2,0,2,2,-27.93414102,-48.66237393,SPRF-SC,DEL02-SC,UOP03-DEL02-SC,2022
"485792,0",2022-11-09,quarta-feira,20:40:00,SC,101,"202,0",SAO JOSE,Condutor deixou de manter distância do veículo da frente,Colisão lateral mesmo sentido,Com Vítimas Feridas,Plena Noite,Crescente,Céu Claro,Dupla,Reta,Sim,3,0,1,0,1,1,1,3,-27.55711595,-48.61897889,SPRF-SC,DEL01-SC,UOP01-DEL01-SC,2022
"485794,0",2022-11-09,quarta-feira,20:40:00,SC,116,"190,1",SAO CRISTOVAO DO SUL,Ultrapassagem Indevida,Colisão lateral mesmo sentido,Sem Vítimas,Plena Noite,Crescente,Céu Claro,Simples,Curva,Não,3,0,0,0,2,2,0,4,-27.34581721,-50.43271975,SPRF-SC,DEL05-SC,UOP03-DEL05-SC,2022
"485796,0",2022-11-09,quarta-feira,18:30:00,SC,101,"39,0",JOINVILLE,Condutor Dormindo,Saída de leito carroçável,Sem Vítimas,Plena Noite,Decrescente,Nublado,Simples,Curva,Sim,2,0,0,0,1,1,0,2,-26.30234091,-48.88265848,SPRF-SC,DEL03-SC,UOP01-DEL03-SC,2022
"485812,0",2022-11-09,quarta-feira,22:16:00,SC,101,"75,2",ARAQUARI,Acessar a via sem observar a presença dos outros veículos,Colisão transversal,Com Vítimas Fatais,Plena Noite,Crescente,Nublado,Múltipla,Interseção de Vias,Sim,4,1,0,0,1,2,0,4,-26.556042,-48.7205813,SPRF-SC,DEL03-SC,UOP02-DEL03-SC,2022
"485821,0",2022-11-10,quinta-feira,00:45:00,SC,470,"53,3",BLUMENAU,Transitar na contramão,Colisão frontal,Com Vítimas Feridas,Plena Noite,Decrescente,Céu Claro,Simples,Declive,Sim,4,0,1,1,1,1,2,4,-26.867121,-49.102066,SPRF-SC,DEL04-SC,UOP01-DEL04-SC,2022
"485859,0",2022-11-10,quinta-feira,09:20:00,SC,101,"212,0",PALHOCA,Condutor deixou de manter distância do veículo da frente,Colisão traseira,Com Vítimas Feridas,Pleno dia,Decrescente,Céu Claro,Múltipla,Reta,Sim,2,0,1,0,0,1,1,2,-27.62996929,-48.65903871,SPRF-SC,DEL01-SC,UOP02-DEL01-SC,2022
"485887,0",2022-10-25,terça-feira,14:00:00,SC,282,"220,1",LAGES,Acessar a via sem observar a presença dos outros veículos,Eventos atípicos,Sem Vítimas,Pleno dia,Crescente,Céu Claro,Simples,Reta;Interseção de Vias,Sim,4,0,0,0,3,1,0,2,-27.794014,-50.33363,SPRF-SC,DEL05-SC,UOP01-DEL05-SC,2022
"485896,0",2022-11-10,quinta-feira,14:15:00,SC,282,"619,8",MARAVILHA,Faixas de trânsito com largura insuficiente,Colisão lateral sentido oposto,Com Vítimas Feridas,Pleno dia,Decrescente,Céu Claro,Simples,Curva,Não,5,0,1,0,3,1,1,3,-26.798042,-53.306549,SPRF-SC,DEL07-SC,UOP02-DEL07-SC,2022
"485904,0",2022-11-10,quinta-feira,14:50:00,SC,101,"97,0",BALNEARIO PICARRAS,Ausência de reação do condutor,Colisão traseira,Com Vítimas Feridas,Pleno dia,Crescente,Céu Claro,Dupla,Aclive,Não,5,0,1,0,3,1,1,5,-26.72823703,-48.70224928,SPRF-SC,DEL03-SC,UOP02-DEL03-SC,2022
"485919,0",2022-11-10,quinta-feira,14:55:00,SC,116,"308,7",CAPAO ALTO,Reação tardia ou ineficiente do condutor,Tombamento,Com Vítimas Feridas,Pleno dia,Decrescente,Céu Claro,Simples,Curva,Não,4,0,1,0,0,3,1,3,-28.196981,-50.75833797,SPRF-SC,DEL05-SC,UOP02-DEL05-SC,2022
"485926,0",2022-11-10,quinta-feira,16:00:00,SC,101,"135,0",BALNEARIO CAMBORIU,Velocidade Incompatível,Colisão traseira,Com Vítimas Feridas,Pleno dia,Crescente,Céu Claro,Dupla,Ponte,Não,5,0,0,1,2,2,1,5,-27.0050108,-48.62677494,SPRF-SC,DEL04-SC,UOP03-DEL04-SC,2022
"485978,0",2022-11-10,quinta-feira,17:30:00,SC,282,"349,7",CAMPOS NOVOS,Velocidade Incompatível,Tombamento,Com Vítimas Feridas,Anoitecer,Crescente,Céu Claro,Simples,Curva,Não,2,0,1,0,0,1,1,2,-27.358049,-51.282482,SPRF-SC,DEL07-SC,UOP06-DEL07-SC,2022
"486007,0",2022-11-11,sexta-feira,04:00:00,SC,101,"340,2",TUBARAO,Ingestão de álcool pelo condutor,Colisão traseira,Sem Vítimas,Plena Noite,Crescente,Céu Claro,Múltipla,Reta,Sim,3,0,0,0,1,2,0,3,-28.51197292,-49.0515089,SPRF-SC,DEL02-SC,UOP01-DEL02-SC,2022
"486117,0",2022-11-11,sexta-feira,14:40:00,SC,101,"88,5",BARRA VELHA,Ultrapassagem Indevida,Colisão transversal,Com Vítimas Feridas,Pleno dia,Crescente,Garoa/Chuvisco,Dupla,Reta,Sim,2,0,0,1,1,0,1,2,-26.64253985,-48.68950684,SPRF-SC,DEL03-SC,UOP02-DEL03-SC,2022
"486135,0",2022-11-11,sexta-feira,17:11:00,SC,470,"143,0",RIO DO SUL,Acessar a via sem observar a presença dos outros veículos,Colisão transversal,Com Vítimas Feridas,Pleno dia,Decrescente,Nublado,Simples,Rotatória,Sim,3,0,1,0,1,1,1,3,-27.221564,-49.660691,SPRF-SC,DEL04-SC,UOP02-DEL04-SC,2022
"486180,0",2022-11-11,sexta-feira,20:00:00,SC,470,"121,8",IBIRAMA,Ultrapassagem Indevida,Colisão frontal,Sem Vítimas,Plena Noite,Crescente,Nublado,Simples,Reta,Não,5,0,0,0,4,1,0,5,-27.099888,-49.527679,SPRF-SC,DEL04-SC,UOP02-DEL04-SC,2022
"486305,0",2022-11-12,sábado,14:00:00,SC,101,"215,0",PALHOCA,Reação tardia ou ineficiente do condutor,Colisão lateral mesmo sentido,Sem Vítimas,Pleno dia,Decrescente,Céu Claro,Múltipla,Curva,Sim,3,0,0,0,2,1,0,3,-27.65184843,-48.67604941,SPRF-SC,DEL01-SC,UOP02-DEL01-SC,2022
"486337,0",2022-11-12,sábado,16:30:00,SC,101,"88,0",BARRA VELHA,Carga excessiva e/ou mal acondicionada,Colisão lateral mesmo sentido,Com Vítimas Feridas,Pleno dia,Decrescente,Sol,Múltipla,Reta,Sim,3,0,1,0,1,1,1,3,-26.64253985,-48.68950684,SPRF-SC,DEL03-SC,UOP02-DEL03-SC,2022
"486342,0",2022-11-12,sábado,16:30:00,SC,101,"207,0",SAO JOSE,Ausência de reação do condutor,Colisão lateral mesmo sentido,Sem Vítimas,Pleno dia,Decrescente,Sol,Dupla,Reta,Sim,4,0,0,0,3,1,0,4,-27.60327979,-48.63201818,SPRF-SC,DEL01-SC,UOP01-DEL01-SC,2022
"486392,0",2022-11-12,sábado,16:15:00,SC,470,"258,0",CURITIBANOS,Reação tardia ou ineficiente do condutor,Tombamento,Com Vítimas Feridas,Anoitecer,Decrescente,Céu Claro,Simples,Curva,Não,2,0,1,0,0,1,1,2,-27.300754,-50.677346,SPRF-SC,DEL05-SC,UOP03-DEL05-SC,2022
"486428,0",2022-11-12,sábado,19:00:00,SC,282,"580,0",PINHALZINHO,Ingestão de álcool pelo condutor,Tombamento,Com Vítimas Feridas,Plena Noite,Decrescente,Chuva,Simples,Rotatória,Sim,2,0,1,0,0,1,1,2,-26.832148,-52.994308,SPRF-SC,DEL07-SC,UOP02-DEL07-SC,2022
"486454,0",2022-11-13,domingo,00:27:00,SC,101,"12,5",GARUVA,Condutor deixou de manter distância do veículo da frente,Colisão traseira,Com Vítimas Feridas,Plena Noite,Crescente,Céu Claro,Dupla,Reta;Aclive,Não,4,0,1,1,1,1,2,3,-26.08104399,-48.86175612,SPRF-SC,DEL03-SC,UOP01-DEL03-SC,2022
"486514,0",2022-11-13,domingo,07:30:00,SC,101,"216,0",PALHOCA,Manobra de mudança de faixa,Colisão lateral mesmo sentido,Com Vítimas Feridas,Pleno dia,Crescente,Céu Claro,Múltipla,Reta,Sim,4,0,2,0,1,3,2,5,-27.65981409,-48.67747798,SPRF-SC,DEL01-SC,UOP02-DEL01-SC,2022
"486668,0",2022-11-13,domingo,19:35:00,SC,280,"159,8",MAFRA,Ultrapassagem Indevida,Capotamento,Com Vítimas Feridas,Plena Noite,Crescente,Céu Claro,Simples,Reta;Aclive,Não,5,0,2,0,1,2,2,4,-26.20208315,-49.76143098,SPRF-SC,DEL06-SC,UOP03-DEL06-SC,2022
"486713,0",2022-11-14,segunda-feira,01:25:00,SC,116,"277,0",CAPAO ALTO,Ingestão de álcool pelo condutor,Colisão lateral mesmo sentido,Sem Vítimas,Plena Noite,Crescente,Nublado,Simples,Reta,Não,4,0,0,0,4,0,0,2,-28.02261627,-50.55760353,SPRF-SC,DEL05-SC,UOP02-DEL05-SC,2022
"486758,0",2022-11-14,segunda-feira,09:00:00,SC,101,"32,0",JOINVILLE,Acesso irregular,Colisão traseira,Com Vítimas Feridas,Pleno dia,Decrescente,Garoa/Chuvisco,Dupla,Reta,Sim,4,0,0,1,1,2,1,4,-26.226987,-48.91657,SPRF-SC,DEL03-SC,UOP01-DEL03-SC,2022
"486775,0",2022-11-14,segunda-feira,10:10:00,SC,280,"32,2",ARAQUARI,Reação tardia ou ineficiente do condutor,Colisão traseira,Com Vítimas Feridas,Pleno dia,Decrescente,Céu Claro,Simples,Aclive;Reta,Não,4,0,2,0,2,0,2,3,-26.420618,-48.779335,SPRF-SC,DEL03-SC,UOP03-DEL03-SC,2022
"486812,0",2022-11-14,segunda-feira,14:20:00,SC,282,"526,9",XAXIM,Condutor Dormindo,Colisão frontal,Com Vítimas Fatais,Pleno dia,Crescente,Sol,Simples,Curva,Não,4,1,0,1,0,2,1,4,-26.9716247,-52.5825442,SPRF-SC,DEL07-SC,UOP01-DEL07-SC,2022
"486843,0",2022-11-14,segunda-feira,17:20:00,SC,101,"214,0",PALHOCA,Trafegar com motocicleta (ou similar) entre as faixas,Colisão lateral mesmo sentido,Com Vítimas Feridas,Anoitecer,Crescente,Céu Claro,Dupla,Reta,Sim,3,0,0,1,2,0,1,3,-27.64443,-48.67057,SPRF-SC,DEL01-SC,UOP02-DEL01-SC,2022
"486920,0",2022-11-15,terça-feira,02:30:00,SC,101,"112,0",ITAJAI,Ingestão de álcool pelo condutor,Colisão lateral mesmo sentido,Sem Vítimas,Plena Noite,Crescente,Céu Claro,Dupla,Reta,Não,3,0,0,0,2,1,0,3,-26.84589005,-48.72131295,SPRF-SC,DEL04-SC,UOP04-DEL04-SC,2022
"486927,0",2022-11-15,terça-feira,02:30:00,SC,470,"200,1",PONTE ALTA,Objeto estático sobre o leito carroçável,Colisão com objeto,Com Vítimas Feridas,Plena Noite,Crescente,Céu Claro,Simples,Reta,Não,3,0,1,0,1,2,1,4,-27.305405,-50.136627,SPRF-SC,DEL05-SC,UOP03-DEL05-SC,2022
"486934,0",2022-11-15,terça-feira,06:33:00,SC,101,"204,0",SAO JOSE,Manobra de mudança de faixa,Colisão lateral mesmo sentido,Com Vítimas Feridas,Pleno dia,Crescente,Céu Claro,Dupla,Curva,Sim,3,0,1,0,1,1,1,3,-27.578213,-48.613662,SPRF-SC,DEL01-SC,UOP01-DEL01-SC,2022
"486949,0",2022-11-15,terça-feira,06:45:00,SC,101,"43,0",JOINVILLE,Manobra de mudança de faixa,Engavetamento,Com Vítimas Feridas,Pleno dia,Decrescente,Céu Claro,Dupla,Reta,Sim,8,0,1,0,4,3,1,6,-26.3343454,-48.86100769,SPRF-SC,DEL03-SC,UOP01-DEL03-SC,2022
"486974,0",2022-11-15,terça-feira,10:50:00,SC,101,"63,0",ARAQUARI,Reação tardia ou ineficiente do condutor,Engavetamento,Com Vítimas Feridas,Pleno dia,Decrescente,Céu Claro,Dupla,Reta,Não,4,0,1,0,3,0,1,4,-26.454818,-48.771179,SPRF-SC,DEL03-SC,UOP02-DEL03-SC,2022
"486990,0",2022-11-15,terça-feira,09:30:00,SC,116,"63,0",PAPANDUVA,Condutor deixou de manter distância do veículo da frente,Colisão lateral mesmo sentido,Com Vítimas Feridas,Pleno dia,Crescente,Céu Claro,Simples,Reta,Não,3,0,1,0,2,0,1,2,-26.40644298,-50.22649816,SPRF-SC,DEL06-SC,UOP02-DEL06-SC,2022
"487065,0",2022-11-15,terça-feira,08:50:00,SC,282,"587,0",PINHALZINHO,Velocidade Incompatível,Tombamento,Com Vítimas Feridas,Pleno dia,Decrescente,Céu Claro,Simples,Curva,Não,2,0,0,1,0,2,1,3,-26.830677,-53.04443,SPRF-SC,DEL07-SC,UOP02-DEL07-SC,2022
"487179,0",2022-11-16,quarta-feira,08:45:00,SC,470,"22,0",ILHOTA,Velocidade Incompatível,Tombamento,Com Vítimas Feridas,Pleno dia,Decrescente,Céu Claro,Simples,Viaduto;Retorno Regulamentado;Curva,Não,2,0,1,0,0,1,1,2,-26.880066,-48.836224,SPRF-SC,DEL04-SC,UOP04-DEL04-SC,2022
"487187,0",2022-11-16,quarta-feira,07:50:00,SC,470,"168,8",POUSO REDONDO,Desrespeitar a preferência no cruzamento,Colisão transversal,Com Vítimas Feridas,Pleno dia,Crescente,Céu Claro,Simples,Interseção de Vias,Sim,3,0,1,0,1,1,1,3,-27.266994,-49.872524,SPRF-SC,DEL04-SC,UOP02-DEL04-SC,2022
"487205,0",2022-11-16,quarta-feira,12:00:00,SC,282,"49,8",AGUAS MORNAS,Condutor Dormindo,Saída de leito carroçável,Com Vítimas Feridas,Pleno dia,Decrescente,Céu Claro,Simples,Curva,Não,1,0,1,0,0,0,1,1,-27.712931,-48.943741,SPRF-SC,DEL01-SC,UOP03-DEL01-SC,2022
"487320,0",2022-11-12,sábado,01:20:00,SC,101,"307,9",LAGUNA,Estacionar ou parar em local proibido,Colisão com objeto,Com Vítimas Feridas,Plena Noite,Decrescente,Céu Claro,Simples,Reta,Não,4,0,1,0,2,2,1,4,-28.39199505,-48.77826295,SPRF-SC,DEL02-SC,UOP01-DEL02-SC,2022
"487324,0",2022-11-16,quarta-feira,19:30:00,SC,280,"268,7",IRINEOPOLIS,Demais falhas mecânicas ou elétricas,Colisão com objeto,Com Vítimas Feridas,Plena Noite,Crescente,Céu Claro,Simples,Reta,Não,2,0,1,0,0,1,1,2,-26.26348261,-50.71794494,SPRF-SC,DEL06-SC,UOP04-DEL06-SC,2022
"487325,0",2022-11-16,quarta-feira,23:30:00,SC,101,"196,0",BIGUACU,Reação tardia ou ineficiente do condutor,Colisão traseira,Com Vítimas Feridas,Plena Noite,Crescente,Nublado,Dupla,Reta,Sim,2,0,1,0,1,0,1,2,-27.51101091,-48.64322292,SPRF-SC,DEL01-SC,UOP01-DEL01-SC,2022
"487372,0",2022-11-17,quinta-feira,08:15:00,SC,282,"617,8",IRACEMINHA,Transitar na contramão,Colisão lateral sentido oposto,Com Vítimas Feridas,Pleno dia,Decrescente,Céu Claro,Simples,Curva,Não,3,0,0,1,2,0,1,3,-26.78530217,-53.29149767,SPRF-SC,DEL07-SC,UOP02-DEL07-SC,2022
"487396,0",2022-11-17,quinta-feira,12:20:00,SC,101,"145,0",ITAPEMA,Manobra de mudança de faixa,Tombamento,Com Vítimas Feridas,Pleno dia,Crescente,Sol,Dupla,Reta,Não,2,0,1,0,1,0,1,2,-27.08139206,-48.60130993,SPRF-SC,DEL04-SC,UOP03-DEL04-SC,2022
"487402,0",2022-11-17,quinta-feira,13:05:00,SC,101,"192,0",BIGUACU,Reação tardia ou ineficiente do condutor,Colisão traseira,Com Vítimas Feridas,Pleno dia,Crescente,Céu Claro,Simples,Reta,Sim,2,0,1,0,1,0,1,2,-27.48443781,-48.64765238,SPRF-SC,DEL01-SC,UOP01-DEL01-SC,2022
"487421,0",2022-11-17,quinta-feira,14:20:00,SC,282,"46,1",AGUAS MORNAS,Velocidade Incompatível,Colisão traseira,Sem Vítimas,Pleno dia,Decrescente,Céu Claro,Simples,Curva,Não,3,0,0,0,2,1,0,3,-27.721041,-48.925152,SPRF-SC,DEL01-SC,UOP03-DEL01-SC,2022
"487425,0",2022-11-17,quinta-feira,15:20:00,SC,101,"216,1",PALHOCA,Ultrapassagem Indevida,Colisão lateral mesmo sentido,Com Vítimas Feridas,Pleno dia,Crescente,Céu Claro,Múltipla,Viaduto,Não,2,0,0,1,1,0,1,2,-27.65981409,-48.67747798,SPRF-SC,DEL01-SC,UOP02-DEL01-SC,2022
"487428,0",2022-11-17,quinta-feira,13:10:00,SC,101,"258,0",PAULO LOPES,Demais falhas mecânicas ou elétricas,Eventos atípicos,Sem Vítimas,Pleno dia,Decrescente,Céu Claro,Múltipla,Aclive,Não,2,0,0,0,1,1,0,2,-28.00482282,-48.69190437,SPRF-SC,DEL02-SC,UOP03-DEL02-SC,2022
"487430,0",2022-11-17,quinta-feira,15:10:00,SC,163,"73,2",SAO MIGUEL DO OESTE,Ultrapassagem Indevida,Colisão lateral mesmo sentido,Sem Vítimas,Pleno dia,Crescente,Céu Claro,Simples,Declive,Não,2,0,0,0,1,1,0,2,-26.71084646,-53.51502434,SPRF-SC,DEL07-SC,UOP03-DEL07-SC,2022
"487445,0",2022-11-17,quinta-feira,16:34:00,SC,470,"167,2",POUSO REDONDO,Reação tardia ou ineficiente do condutor,Colisão traseira,Com Vítimas Feridas,Pleno dia,Decrescente,Céu Claro,Simples,Reta;Declive,Não,4,0,1,0,2,4,1,7,-27.269835,-49.863087,SPRF-SC,DEL04-SC,UOP02-DEL04-SC,2022
"487448,0",2022-11-17,quinta-feira,16:30:00,SC,470,"73,0",INDAIAL,Transitar na contramão,Colisão frontal,Com Vítimas Fatais,Pleno dia,Crescente,Céu Claro,Dupla,Reta,Não,3,1,0,0,1,1,0,3,-26.909461,-49.275692,SPRF-SC,DEL04-SC,UOP01-DEL04-SC,2022
"487504,0",2022-04-08,sexta-feira,19:35:00,SC,280,"128,0",RIO NEGRINHO,Velocidade Incompatível,Colisão transversal,Com Vítimas Feridas,Plena Noite,Decrescente,Chuva,Simples,Ponte,Sim,7,0,2,1,1,3,3,4,-26.24338645,-49.51358914,SPRF-SC,DEL06-SC,UOP03-DEL06-SC,2022
"487514,0",2022-11-17,quinta-feira,22:20:00,SC,101,"388,5",CRICIUMA,Reação tardia ou ineficiente do condutor,Tombamento,Com Vítimas Feridas,Plena Noite,Decrescente,Ignorado,Múltipla,Reta,Sim,2,0,1,0,0,1,1,2,-28.79737362,-49.35805321,SPRF-SC,DEL02-SC,UOP02-DEL02-SC,2022
"487556,0",2022-11-18,sexta-feira,05:50:00,SC,282,"161,3",BOM RETIRO,Reação tardia ou ineficiente do condutor,Colisão traseira,Com Vítimas Feridas,Amanhecer,Decrescente,Sol,Simples,Reta;Declive,Não,7,0,1,0,6,0,1,3,-27.731232,-49.763027,SPRF-SC,DEL05-SC,UOP01-DEL05-SC,2022
"487566,0",2022-11-18,sexta-feira,08:30:00,SC,101,"201,0",SAO JOSE,Reação tardia ou ineficiente do condutor,Colisão lateral mesmo sentido,Com Vítimas Feridas,Pleno dia,Crescente,Céu Claro,Dupla,Reta,Sim,3,0,0,1,2,0,1,3,-27.54836599,-48.61977975,SPRF-SC,DEL01-SC,UOP01-DEL01-SC,2022
"487576,0",2022-11-18,sexta-feira,07:00:00,SC,101,"357,0",SANGAO,Desrespeitar a preferência no cruzamento,Colisão transversal,Com Vítimas Feridas,Pleno dia,Decrescente,Céu Claro,Simples,Interseção de Vias,Sim,2,0,1,0,1,0,1,2,-28.64374504,-49.09996033,SPRF-SC,DEL02-SC,UOP01-DEL02-SC,2022
"487601,0",2022-11-18,sexta-feira,10:15:00,SC,101,"419,3",ARARANGUA,Reação tardia ou ineficiente do condutor,Colisão lateral mesmo sentido,Com Vítimas Feridas,Pleno dia,Decrescente,Céu Claro,Múltipla,Reta,Sim,2,0,1,0,0,1,1,2,-28.98712406,-49.54395294,SPRF-SC,DEL02-SC,UOP02-DEL02-SC,2022
"487611,0",2022-11-18,sexta-feira,12:30:00,SC,101,"118,0",ITAJAI,Acessar a via sem observar a presença dos outros veículos,Colisão transversal,Sem Vítimas,Pleno dia,Crescente,Céu Claro,Simples,Interseção de Vias,Sim,3,0,0,0,2,1,0,3,-26.895859,-48.71903,SPRF-SC,DEL04-SC,UOP04-DEL04-SC,2022
"487626,0",2022-11-18,sexta-feira,14:20:00,SC,101,"193,0",BIGUACU,Condutor deixou de manter distância do veículo da frente,Colisão lateral mesmo sentido,Com Vítimas Feridas,Pleno dia,Decrescente,Céu Claro,Múltipla,Desvio Temporário;Em Obras;Curva,Sim,4,0,1,0,0,3,1,4,-27.489574,-48.655914,SPRF-SC,DEL01-SC,UOP01-DEL01-SC,2022
"487634,0",2022-11-18,sexta-feira,15:00:00,SC,101,"215,0",PALHOCA,Acesso irregular,Colisão transversal,Com Vítimas Feridas,Pleno dia,Crescente,Céu Claro,Dupla,Reta,Não,2,0,0,1,1,0,1,2,-27.6512709,-48.6743474,SPRF-SC,DEL01-SC,UOP02-DEL01-SC,2022
"487700,0",2022-11-18,sexta-feira,17:50:00,SC,480,"124,5",CHAPECO,Demais falhas mecânicas ou elétricas,Colisão com objeto,Com Vítimas Feridas,Pleno dia,Crescente,Céu Claro,Dupla,Declive,Não,2,0,2,0,0,0,2,1,-27.00359519,-52.64391044,SPRF-SC,DEL07-SC,UOP01-DEL07-SC,2022
"487835,0",2022-11-19,sábado,12:40:00,SC,282,"331,0",CAMPOS NOVOS,Reação tardia ou ineficiente do condutor,Colisão com objeto,Sem Vítimas,Pleno dia,Crescente,Nublado,Simples,Reta,Não,3,0,0,0,2,1,0,2,-27.387941,-51.116081,SPRF-SC,DEL07-SC,UOP06-DEL07-SC,2022
"487855,0",2022-11-19,sábado,13:00:00,SC,101,"104,0",BALNEARIO PICARRAS,Manobra de mudança de faixa,Colisão lateral mesmo sentido,Com Vítimas Feridas,Pleno dia,Decrescente,Céu Claro,Dupla,Reta,Não,6,0,3,0,2,2,3,4,-26.79281742,-48.68080819,SPRF-SC,DEL03-SC,UOP02-DEL03-SC,2022
"487877,0",2022-11-19,sábado,16:08:00,SC,153,"9,1",AGUA DOCE,Ultrapassagem Indevida,Saída de leito carroçável,Com Vítimas Feridas,Pleno dia,Crescente,Céu Claro,Simples,Reta,Não,6,0,1,2,2,1,3,3,-26.669853,-51.549504,SPRF-SC,DEL07-SC,UOP07-DEL07-SC,2022
"487903,0",2022-11-19,sábado,19:20:00,SC,282,"486,7",FAXINAL DOS GUEDES,Manobra de mudança de faixa,Colisão lateral mesmo sentido,Com Vítimas Feridas,Anoitecer,Decrescente,Céu Claro,Simples,Reta;Aclive,Sim,2,0,1,0,1,0,1,2,-26.855415,-52.25423,SPRF-SC,DEL07-SC,UOP01-DEL07-SC,2022
"487906,0",2022-11-19,sábado,20:15:00,SC,163,"109,1",GUARUJA DO SUL,Ingestão de álcool pelo condutor,Colisão transversal,Com Vítimas Feridas,Plena Noite,Crescente,Céu Claro,Simples,Reta,Não,3,0,1,0,1,2,1,4,-26.41337297,-53.52364405,SPRF-SC,DEL07-SC,UOP03-DEL07-SC,2022
"487916,0",2022-11-19,sábado,18:30:00,SC,116,"105,9",MONTE CASTELO,Demais falhas mecânicas ou elétricas,Tombamento,Com Vítimas Feridas,Pleno dia,Decrescente,Céu Claro,Simples,Curva,Não,3,0,1,0,1,1,1,2,-26.75726027,-50.31686783,SPRF-SC,DEL06-SC,UOP02-DEL06-SC,2022
"487928,0",2022-11-19,sábado,21:30:00,SC,158,"145,9",PALMITOS,Transitar na contramão,Colisão frontal,Com Vítimas Feridas,Plena Noite,Crescente,Céu Claro,Simples,Curva,Não,3,0,0,1,1,1,1,3,-27.16705,-53.22246,SPRF-SC,DEL07-SC,UOP02-DEL07-SC,2022
"487963,0",2022-11-20,domingo,04:50:00,SC,101,"317,3",PESCARIA BRAVA,Ingestão de álcool pelo condutor,Colisão traseira,Com Vítimas Feridas,Plena Noite,Crescente,Céu Claro,Dupla,Curva,Não,5,0,3,1,1,0,4,2,-28.42982645,-48.87259483,SPRF-SC,DEL02-SC,UOP01-DEL02-SC,2022
"488079,0",2022-11-20,domingo,16:20:00,SC,470,"10,0",NAVEGANTES,Transitar na contramão,Colisão frontal,Com Vítimas Fatais,Pleno dia,Decrescente,Céu Claro,Simples,Reta,Sim,2,1,0,0,1,0,0,2,-26.833932,-48.7420371,SPRF-SC,DEL04-SC,UOP04-DEL04-SC,2022
"488120,0",2022-11-24,quinta-feira,20:40:00,SC,101,"115,0",ITAJAI,Ingestão de álcool pelo condutor,Colisão traseira,Sem Vítimas,Plena Noite,Decrescente,Céu Claro,Dupla,Reta,Não,3,0,0,0,2,2,0,4,-26.87064015,-48.72954134,SPRF-SC,DEL04-SC,UOP04-DEL04-SC,2022
"488136,0",2022-11-24,quinta-feira,11:50:00,SC,470,"276,1",BRUNOPOLIS,Conversão proibida,Colisão transversal,Com Vítimas Fatais,Pleno dia,Decrescente,Céu Claro,Simples,Interseção de Vias,Não,4,1,1,0,1,2,1,5,-27.328242,-50.832061,SPRF-SC,DEL07-SC,UOP06-DEL07-SC,2022