id,data_inversa,dia_semana,horario,uf,br,km,municipio,causa_acidente,tipo_acidente,classificacao_acidente,fase_dia,sentido_via,condicao_metereologica,tipo_pista,tracado_via,uso_solo,pessoas,mortos,feridos_leves,feridos_graves,ilesos,ignorados,feridos,veiculos,latitude,longitude,regional,delegacia,uop,ano_arquivo
"488148,0",2022-11-20,domingo,21:00:00,SC,101,"276,0",IMBITUBA,Mal súbito do condutor,Saída de leito carroçável,Com Vítimas Feridas,Plena Noite,Decrescente,Céu Claro,Múltipla,Aclive,Não,2,0,1,0,0,1,1,2,-28.14644701,-48.69204746,SPRF-SC,DEL02-SC,UOP03-DEL02-SC,2022
"488162,0",2022-11-22,terça-feira,18:50:00,SC,282,"1,1",FLORIANOPOLIS,Trafegar com motocicleta (ou similar) entre as faixas,Colisão lateral mesmo sentido,Com Vítimas Feridas,Anoitecer,Crescente,Nublado,Múltipla,Reta,Sim,3,0,1,0,2,0,1,3,-27.602955,-48.580509,SPRF-SC,DEL01-SC,UOP01-DEL01-SC,2022
"488188,0",2022-11-25,sexta-feira,07:00:00,SC,101,"111,0",ITAJAI,Ingestão de álcool pelo condutor,Saída de leito carroçável,Sem Vítimas,Pleno dia,Decrescente,Céu Claro,Múltipla,Curva,Sim,1,0,0,0,1,0,0,1,-26.84555364,-48.72050285,SPRF-SC,DEL04-SC,UOP04-DEL04-SC,2022
"488204,0",2022-11-24,quinta-feira,09:50:00,SC,153,"106,3",CONCORDIA,Transitar na contramão,Colisão lateral sentido oposto,Com Vítimas Feridas,Pleno dia,Crescente,Céu Claro,Simples,Curva,Não,3,0,0,1,1,1,1,3,-27.290276,-51.967644,SPRF-SC,DEL07-SC,UOP04-DEL07-SC,2022
"488297,0",2022-11-22,terça-feira,06:30:00,SC,101,"51,0",JOINVILLE,Manobra de mudança de faixa,Colisão lateral mesmo sentido,Com Vítimas Feridas,Pleno dia,Decrescente,Céu Claro,Dupla,Reta,Sim,3,0,1,0,1,1,1,3,-26.38506771,-48.84917582,SPRF-SC,DEL03-SC,UOP01-DEL03-SC,2022
"488301,0",2022-11-22,terça-feira,14:00:00,SC,280,"22,0",ARAQUARI,Acesso irregular,Colisão frontal,Com Vítimas Feridas,Pleno dia,Crescente,Céu Claro,Simples,Reta,Não,2,0,1,0,1,0,1,2,-26.37092616,-48.70204099,SPRF-SC,DEL03-SC,UOP03-DEL03-SC,2022
"488310,0",2022-11-21,segunda-feira,20:45:00,SC,280,"35,7",ARAQUARI,Acessar a via sem observar a presença dos outros veículos,Colisão com objeto,Com Vítimas Feridas,Plena Noite,Decrescente,Nublado,Simples,Reta;Declive,Não,4,0,2,1,1,0,3,2,-26.43447549,-48.80453914,SPRF-SC,DEL03-SC,UOP03-DEL03-SC,2022
"488318,0",2022-11-22,terça-feira,17:00:00,SC,101,"41,0",JOINVILLE,Velocidade Incompatível,Derramamento de carga,Sem Vítimas,Pleno dia,Crescente,Céu Claro,Dupla,Curva,Sim,3,0,0,0,2,1,0,3,-26.28215489,-48.88973081,SPRF-SC,DEL03-SC,UOP01-DEL03-SC,2022
"488320,0",2022-11-21,segunda-feira,20:56:00,SC,101,"17,0",GARUVA,Velocidade Incompatível,Colisão traseira,Com Vítimas Feridas,Plena Noite,Decrescente,Céu Claro,Dupla,Reta;Declive,Não,7,0,2,0,5,0,2,3,-26.12141519,-48.88262078,SPRF-SC,DEL03-SC,UOP01-DEL03-SC,2022
"488372,0",2022-11-21,segunda-feira,16:25:00,SC,280,"7,9",SAO FRANCISCO DO SUL,Ausência de reação do condutor,Colisão frontal,Com Vítimas Feridas,Pleno dia,Crescente,Céu Claro,Simples,Curva,Sim,3,0,1,1,1,0,2,2,-26.278816,-48.646638,SPRF-SC,DEL03-SC,UOP03-DEL03-SC,2022
"488621,0",2022-11-26,sábado,02:30:00,SC,101,"282,0",IMBITUBA,Desrespeitar a preferência no cruzamento,Colisão transversal,Com Vítimas Feridas,Plena Noite,Decrescente,Garoa/Chuvisco,Dupla,Viaduto,Sim,4,0,0,1,1,2,1,4,-28.19626005,-48.69739859,SPRF-SC,DEL02-SC,UOP03-DEL02-SC,2022
"488625,0",2022-11-26,sábado,04:30:00,SC,282,"323,0",CAMPOS NOVOS,Condutor Dormindo,Tombamento,Com Vítimas Feridas,Amanhecer,Crescente,Céu Claro,Simples,Rotatória,Não,1,0,1,0,0,0,1,1,-27.394375,-51.0495,SPRF-SC,DEL07-SC,UOP06-DEL07-SC,2022
"488628,0",2022-11-26,sábado,04:51:00,SC,101,"213,0",PALHOCA,Ausência de reação do condutor,Colisão traseira,Com Vítimas Feridas,Amanhecer,Crescente,Nublado,Múltipla,Reta,Sim,3,0,0,1,1,1,1,3,-27.63697369,-48.66514142,SPRF-SC,DEL01-SC,UOP02-DEL01-SC,2022
"488634,0",2022-11-26,sábado,05:45:00,SC,470,"60,8",BLUMENAU,Ingestão de álcool pelo condutor,Colisão lateral sentido oposto,Sem Vítimas,Pleno dia,Crescente,Garoa/Chuvisco,Simples,Reta,Sim,4,0,0,0,3,1,0,4,-26.87936843,-49.17327046,SPRF-SC,DEL04-SC,UOP01-DEL04-SC,2022
"488697,0",2022-11-26,sábado,08:35:00,SC,101,"127,4",ITAJAI,Condutor deixou de manter distância do veículo da frente,Tombamento,Com Vítimas Fatais,Pleno dia,Crescente,Chuva,Dupla,Interseção de Vias;Reta,Não,2,1,0,0,1,0,0,2,-26.9680142,-48.683697,SPRF-SC,DEL04-SC,UOP04-DEL04-SC,2022
"488734,0",2022-11-26,sábado,10:30:00,SC,101,"212,0",PALHOCA,Manobra de mudança de faixa,Colisão traseira,Com Vítimas Feridas,Pleno dia,Decrescente,Chuva,Dupla,Reta,Sim,2,0,0,1,1,0,1,2,-27.62996929,-48.65903871,SPRF-SC,DEL01-SC,UOP02-DEL01-SC,2022
"488771,0",2022-11-22,terça-feira,06:50:00,SC,282,"223,0",LAGES,Velocidade Incompatível,Colisão frontal,Com Vítimas Feridas,Amanhecer,Decrescente,Garoa/Chuvisco,Simples,Curva,Não,2,0,1,0,1,0,1,2,-27.79846367,-50.35883904,SPRF-SC,DEL05-SC,UOP01-DEL05-SC,2022
"488790,0",2022-11-21,segunda-feira,17:22:00,SC,101,"289,6",IMBITUBA,Manobra de mudança de faixa,Colisão lateral mesmo sentido,Com Vítimas Feridas,Pleno dia,Decrescente,Céu Claro,Dupla,Reta,Sim,4,0,2,0,1,1,2,3,-28.25395282,-48.70289554,SPRF-SC,DEL02-SC,UOP03-DEL02-SC,2022
"488802,0",2022-11-23,quarta-feira,01:30:00,SC,101,"164,0",TIJUCAS,Reação tardia ou ineficiente do condutor,Colisão traseira,Com Vítimas Feridas,Plena Noite,Crescente,Garoa/Chuvisco,Dupla,Ponte,Não,4,0,1,0,2,3,1,5,-27.243868,-48.6309,SPRF-SC,DEL04-SC,UOP03-DEL04-SC,2022
"488828,0",2022-11-26,sábado,12:00:00,SC,280,"237,4",CANOINHAS,Reação tardia ou ineficiente do condutor,Saída de leito carroçável,Com Vítimas Feridas,Pleno dia,Decrescente,Nublado,Simples,Reta;Declive,Não,1,0,1,0,0,0,1,1,-26.19844599,-50.43216601,SPRF-SC,DEL06-SC,UOP04-DEL06-SC,2022
"488832,0",2022-11-26,sábado,09:50:00,SC,470,"194,4",POUSO REDONDO,Velocidade Incompatível,Colisão frontal,Com Vítimas Fatais,Pleno dia,Crescente,Nublado,Simples,Curva,Não,3,1,0,0,1,2,0,4,-27.30249863,-50.08512497,SPRF-SC,DEL04-SC,UOP02-DEL04-SC,2022
"488838,0",2022-11-26,sábado,12:20:00,SC,470,"128,7",LONTRAS,Manobra de mudança de faixa,Colisão lateral mesmo sentido,Com Vítimas Feridas,Pleno dia,Decrescente,Nublado,Simples,Aclive;Curva,Não,3,0,1,0,1,2,1,4,-27.14828091,-49.55601096,SPRF-SC,DEL04-SC,UOP02-DEL04-SC,2022
"488887,0",2022-11-22,terça-feira,16:00:00,SC,280,"140,5",MAFRA,Condutor deixou de manter distância do veículo da frente,Engavetamento,Sem Vítimas,Pleno dia,Crescente,Céu Claro,Simples,Declive,Não,3,0,0,0,3,0,0,3,-26.25385392,-49.612674,SPRF-SC,DEL06-SC,UOP03-DEL06-SC,2022
"488905,0",2022-11-26,sábado,18:35:00,SC,116,"193,3",PONTE ALTA,Velocidade Incompatível,Colisão lateral sentido oposto,Sem Vítimas,Pleno dia,Decrescente,Garoa/Chuvisco,Simples,Reta,Não,3,0,0,0,3,0,0,2,-27.37129308,-50.42970441,SPRF-SC,DEL05-SC,UOP03-DEL05-SC,2022
"488945,0",2022-11-26,sábado,21:30:00,SC,282,"642,0",SAO MIGUEL DO OESTE,Ingestão de álcool pelo condutor,Colisão frontal,Com Vítimas Feridas,Plena Noite,Crescente,Céu Claro,Simples,Reta,Não,3,0,1,0,1,1,1,3,-26.76975192,-53.46419334,SPRF-SC,DEL07-SC,UOP03-DEL07-SC,2022
"489031,0",2022-11-23,quarta-feira,14:30:00,SC,101,"200,9",SAO JOSE,Manobra de mudança de faixa,Colisão lateral mesmo sentido,Com Vítimas Feridas,Pleno dia,Crescente,Céu Claro,Múltipla,Reta,Sim,7,0,3,0,3,1,3,3,-27.54018513,-48.62287714,SPRF-SC,DEL01-SC,UOP01-DEL01-SC,2022
"489133,0",2022-11-23,quarta-feira,14:10:00,SC,101,"3,9",GARUVA,Condutor Dormindo,Saída de leito carroçável,Com Vítimas Feridas,Pleno dia,Decrescente,Chuva,Dupla,Curva,Não,2,0,0,1,0,2,1,3,-26.00380807,-48.87233005,SPRF-SC,DEL03-SC,UOP01-DEL03-SC,2022
"489183,0",2022-11-27,domingo,17:20:00,SC,282,"55,0",AGUAS MORNAS,Pista Escorregadia,Colisão lateral sentido oposto,Com Vítimas Feridas,Pleno dia,Crescente,Chuva,Simples,Curva,Não,2,0,1,0,1,0,1,2,-27.689514,-48.982376,SPRF-SC,DEL01-SC,UOP03-DEL01-SC,2022
"489252,0",2022-11-27,domingo,21:15:00,SC,470,"139,9",RIO DO SUL,Acessar a via sem observar a presença dos outros veículos,Colisão traseira,Sem Vítimas,Plena Noite,Crescente,Chuva,Dupla,Reta,Sim,2,0,0,0,2,0,0,2,-27.201712,-49.633815,SPRF-SC,DEL04-SC,UOP02-DEL04-SC,2022
"489266,0",2022-11-27,domingo,21:15:00,SC,116,"74,1",MONTE CASTELO,Entrada inopinada do pedestre,Atropelamento de Pedestre,Com Vítimas Fatais,Plena Noite,Decrescente,Chuva,Simples,Curva,Não,3,1,0,0,1,1,0,3,-26.50510886,-50.23328349,SPRF-SC,DEL06-SC,UOP02-DEL06-SC,2022
"489295,0",2022-11-22,terça-feira,19:00:00,SC,101,"379,7",ICARA,Reação tardia ou ineficiente do condutor,Colisão transversal,Com Vítimas Feridas,Plena Noite,Crescente,Garoa/Chuvisco,Múltipla,Reta,Sim,3,0,1,0,1,1,1,3,-28.74651646,-49.2599038,SPRF-SC,DEL02-SC,UOP02-DEL02-SC,2022
"489405,0",2022-11-28,segunda-feira,12:20:00,SC,280,"246,1",CANOINHAS,Entrada inopinada do pedestre,Atropelamento de Pedestre,Com Vítimas Feridas,Pleno dia,Crescente,Nublado,Simples,Reta,Não,4,0,1,0,0,3,1,2,-26.24768921,-50.5033452,SPRF-SC,DEL06-SC,UOP04-DEL06-SC,2022
"489457,0",2022-11-28,segunda-feira,17:05:00,SC,101,"199,9",SAO JOSE,Reação tardia ou ineficiente do condutor,Colisão traseira,Com Vítimas Feridas,Pleno dia,Decrescente,Garoa/Chuvisco,Múltipla,Declive,Sim,2,0,0,1,0,1,1,2,-27.53413705,-48.63003205,SPRF-SC,DEL01-SC,UOP01-DEL01-SC,2022
"489552,0",2022-11-20,domingo,20:50:00,SC,163,"69,0",SAO MIGUEL DO OESTE,Manobra de mudança de faixa,Colisão lateral mesmo sentido,Sem Vítimas,Plena Noite,Decrescente,Céu Claro,Dupla,Reta,Sim,3,0,0,0,2,1,0,3,-26.74132699,-53.50120591,SPRF-SC,DEL07-SC,UOP03-DEL07-SC,2022
"489566,0",2022-11-29,terça-feira,05:55:00,SC,101,"298,0",LAGUNA,Condutor deixou de manter distância do veículo da frente,Colisão traseira,Com Vítimas Feridas,Pleno dia,Crescente,Céu Claro,Múltipla,Reta,Sim,3,0,1,0,2,0,1,2,-28.32102597,-48.72829906,SPRF-SC,DEL02-SC,UOP03-DEL02-SC,2022
"489569,0",2022-11-29,terça-feira,05:45:00,SC,116,"305,2",CAPAO ALTO,Velocidade Incompatível,Saída de leito carroçável,Com Vítimas Feridas,Amanhecer,Crescente,Céu Claro,Simples,Declive;Curva,Não,2,0,1,0,0,1,1,2,-28.19914632,-50.72618365,SPRF-SC,DEL05-SC,UOP02-DEL05-SC,2022
"489578,0",2022-11-29,terça-feira,06:15:00,SC,470,"109,6",APIUNA,Velocidade Incompatível,Tombamento,Com Vítimas Feridas,Pleno dia,Decrescente,Céu Claro,Simples,Reta,Não,2,0,1,0,0,1,1,2,-27.083876,-49.449543,SPRF-SC,DEL04-SC,UOP02-DEL04-SC,2022
"489587,0",2022-11-23,quarta-feira,16:00:00,SC,470,"111,0",IBIRAMA,Pista Escorregadia,Colisão frontal,Com Vítimas Feridas,Pleno dia,Crescente,Nevoeiro/Neblina,Simples,Curva,Não,3,0,1,0,1,2,1,4,-27.095388,-49.457878,SPRF-SC,DEL04-SC,UOP02-DEL04-SC,2022
"489592,0",2022-11-29,terça-feira,08:30:00,SC,101,"102,8",BALNEARIO PICARRAS,Velocidade Incompatível,Engavetamento,Com Vítimas Feridas,Pleno dia,Crescente,Chuva,Dupla,Reta,Sim,5,0,1,0,3,1,1,5,-26.77383397,-48.68594062,SPRF-SC,DEL03-SC,UOP02-DEL03-SC,2022
"489595,0",2022-11-29,terça-feira,09:05:00,SC,101,"106,0",PENHA,Acessar a via sem observar a presença dos outros veículos,Colisão lateral mesmo sentido,Com Vítimas Feridas,Pleno dia,Crescente,Chuva,Dupla,Interseção de Vias,Não,4,0,1,0,2,1,1,4,-26.81031601,-48.68293896,SPRF-SC,DEL03-SC,UOP02-DEL03-SC,2022
"489624,0",2022-11-29,terça-feira,11:10:00,SC,101,"212,0",PALHOCA,Reação tardia ou ineficiente do condutor,Colisão traseira,Com Vítimas Feridas,Pleno dia,Crescente,Garoa/Chuvisco,Múltipla,Reta,Não,3,0,1,0,2,0,1,2,-27.62996929,-48.65903871,SPRF-SC,DEL01-SC,UOP02-DEL01-SC,2022
"489637,0",2022-11-29,terça-feira,10:10:00,SC,282,"338,6",CAMPOS NOVOS,Manobra de mudança de faixa,Colisão lateral sentido oposto,Com Vítimas Feridas,Pleno dia,Crescente,Céu Claro,Simples,Curva,Não,4,0,2,0,1,1,2,3,-27.394457,-51.185211,SPRF-SC,DEL07-SC,UOP06-DEL07-SC,2022
"489678,0",2022-11-29,terça-feira,15:30:00,SC,470,"146,0",RIO DO SUL,Condutor deixou de manter distância do veículo da frente,Colisão traseira,Com Vítimas Feridas,Pleno dia,Crescente,Garoa/Chuvisco,Simples,Reta,Não,4,0,1,0,1,2,1,4,-27.240673,-49.685822,SPRF-SC,DEL04-SC,UOP02-DEL04-SC,2022
"489788,0",2022-11-30,quarta-feira,06:00:00,SC,470,"83,8",RODEIO,Deficiência do Sistema de Iluminação/Sinalização,Colisão frontal,Com Vítimas Feridas,Pleno dia,Decrescente,Garoa/Chuvisco,Simples,Reta,Não,2,0,0,1,1,0,1,2,-26.96159344,-49.34163809,SPRF-SC,DEL04-SC,UOP01-DEL04-SC,2022
"489823,0",2022-11-30,quarta-feira,08:40:00,SC,282,"50,0",AGUAS MORNAS,Ausência de reação do condutor,Colisão transversal,Com Vítimas Feridas,Pleno dia,Crescente,Chuva,Simples,Curva,Não,4,0,2,0,2,0,2,4,-27.708536,-48.952251,SPRF-SC,DEL01-SC,UOP03-DEL01-SC,2022
"489827,0",2022-11-18,sexta-feira,18:10:00,SC,470,"319,6",CAMPOS NOVOS,Acessar a via sem observar a presença dos outros veículos,Colisão transversal,Com Vítimas Feridas,Anoitecer,Decrescente,Céu Claro,Simples,Interseção de Vias,Sim,2,0,0,1,1,0,1,2,-27.41181432,-51.23066425,SPRF-SC,DEL07-SC,UOP06-DEL07-SC,2022
"489848,0",2022-11-28,segunda-feira,14:25:00,SC,163,"72,3",SAO MIGUEL DO OESTE,Manobra de mudança de faixa,Colisão transversal,Com Vítimas Feridas,Pleno dia,Crescente,Céu Claro,Dupla,Reta;Interseção de Vias,Sim,2,0,1,0,1,0,1,2,-26.71908804,-53.5157791,SPRF-SC,DEL07-SC,UOP03-DEL07-SC,2022
"489866,0",2022-11-30,quarta-feira,13:20:00,SC,101,"399,2",MARACAJA,Acumulo de água sobre o pavimento,Colisão com objeto,Com Vítimas Feridas,Pleno dia,Decrescente,Chuva,Múltipla,Reta,Não,2,0,1,0,1,0,1,1,-28.84171475,-49.42814418,SPRF-SC,DEL02-SC,UOP02-DEL02-SC,2022
"489908,0",2022-11-30,quarta-feira,09:00:00,SC,116,"87,0",MONTE CASTELO,Condutor Dormindo,Colisão traseira,Com Vítimas Feridas,Pleno dia,Decrescente,Chuva,Simples,Reta,Não,3,0,0,1,1,1,1,3,-26.61710581,-50.23483816,SPRF-SC,DEL06-SC,UOP02-DEL06-SC,2022
"489934,0",2022-11-30,quarta-feira,18:35:00,SC,282,"406,8",CATANDUVAS,Condutor Dormindo,Saída de leito carroçável,Sem Vítimas,Plena Noite,Crescente,Chuva,Simples,Reta,Não,1,0,0,0,1,0,0,1,-27.092703,-51.659904,SPRF-SC,DEL07-SC,UOP05-DEL07-SC,2022
"489954,0",2022-11-30,quarta-feira,21:30:00,SC,470,"101,0",APIUNA,Transitar na contramão,Colisão frontal,Com Vítimas Feridas,Plena Noite,Crescente,Chuva,Simples,Reta,Não,2,0,1,0,1,0,1,2,-27.053085,-49.390018,SPRF-SC,DEL04-SC,UOP02-DEL04-SC,2022
"489955,0",2022-11-30,quarta-feira,20:00:00,SC,470,"119,5",IBIRAMA,Demais falhas mecânicas ou elétricas,Colisão frontal,Com Vítimas Feridas,Plena Noite,Crescente,Chuva,Simples,Reta,Não,8,0,3,2,1,2,5,6,-27.08858778,-49.51954365,SPRF-SC,DEL04-SC,UOP02-DEL04-SC,2022
"489990,0",2022-12-01,quinta-feira,07:30:00,SC,101,"216,2",PALHOCA,Ultrapassagem Indevida,Colisão lateral mesmo sentido,Com Vítimas Feridas,Pleno dia,Crescente,Chuva,Múltipla,Interseção de Vias,Sim,2,0,1,0,1,0,1,2,-27.65981409,-48.67747798,SPRF-SC,DEL01-SC,UOP02-DEL01-SC,2022
"490023,0",2022-12-01,quinta-feira,11:30:00,SC,470,"59,5",BLUMENAU,Condutor deixou de manter distância do veículo da frente,Colisão traseira,Com Vítimas Feridas,Pleno dia,Crescente,Céu Claro,Simples,Reta,Não,3,0,0,1,1,1,1,3,-26.882812,-49.1548,SPRF-SC,DEL04-SC,UOP01-DEL04-SC,2022
"490223,0",2022-12-02,sexta-feira,11:30:00,SC,470,"56,0",BLUMENAU,Ausência de reação do condutor,Colisão traseira,Com Vítimas Feridas,Pleno dia,Crescente,Nublado,Simples,Reta,Não,4,0,0,1,2,2,1,5,-26.87674,-49.127743,SPRF-SC,DEL04-SC,UOP01-DEL04-SC,2022
"490230,0",2022-12-02,sexta-feira,12:25:00,SC,101,"285,5",IMBITUBA,Manobra de mudança de faixa,Colisão traseira,Com Vítimas Feridas,Pleno dia,Crescente,Céu Claro,Dupla,Reta,Não,4,0,1,0,2,1,1,3,-28.22947996,-48.70163526,SPRF-SC,DEL02-SC,UOP03-DEL02-SC,2022
"490301,0",2022-12-02,sexta-feira,16:30:00,SC,470,"68,1",INDAIAL,Pedestre andava na pista,Atropelamento de Pedestre,Com Vítimas Feridas,Pleno dia,Crescente,Nublado,Simples,Reta,Não,3,0,1,0,1,1,1,3,-26.877615,-49.239231,SPRF-SC,DEL04-SC,UOP01-DEL04-SC,2022
"490328,0",2022-12-02,sexta-feira,17:00:00,SC,101,"276,0",IMBITUBA,Desrespeitar a preferência no cruzamento,Colisão transversal,Com Vítimas Feridas,Pleno dia,Decrescente,Céu Claro,Simples,Interseção de Vias,Sim,4,0,1,1,1,3,2,5,-28.14644701,-48.69204746,SPRF-SC,DEL02-SC,UOP03-DEL02-SC,2022
"490362,0",2022-12-02,sexta-feira,22:00:00,SC,470,"54,4",BLUMENAU,Ultrapassagem Indevida,Colisão lateral mesmo sentido,Com Vítimas Feridas,Plena Noite,Crescente,Nublado,Simples,Reta,Sim,5,0,1,1,2,1,2,4,-26.871065,-49.110374,SPRF-SC,DEL04-SC,UOP01-DEL04-SC,2022
"490369,0",2022-11-28,segunda-feira,12:23:00,SC,282,"54,0",AGUAS MORNAS,Pista Escorregadia,Colisão frontal,Com Vítimas Feridas,Pleno dia,Decrescente,Garoa/Chuvisco,Simples,Curva,Não,2,0,1,0,1,0,1,2,-27.685799,-48.974514,SPRF-SC,DEL01-SC,UOP03-DEL01-SC,2022
"490456,0",2022-12-02,sexta-feira,22:10:00,SC,282,"500,1",XANXERE,Acessar a via sem observar a presença dos outros veículos,Colisão transversal,Sem Vítimas,Plena Noite,Crescente,Céu Claro,Dupla,Interseção de Vias,Não,5,0,0,0,4,1,0,3,-26.88073689,-52.35877991,SPRF-SC,DEL07-SC,UOP01-DEL07-SC,2022
"490605,0",2022-12-03,sábado,11:45:00,SC,116,"68,4",MONTE CASTELO,Transitar na contramão,Colisão frontal,Com Vítimas Fatais,Pleno dia,Decrescente,Nublado,Simples,Reta,Sim,5,3,0,0,1,1,0,3,-26.4550454,-50.2275973,SPRF-SC,DEL06-SC,UOP02-DEL06-SC,2022
"490662,0",2022-12-03,sábado,23:10:00,SC,470,"168,6",POUSO REDONDO,Ingestão de álcool pelo condutor,Colisão frontal,Com Vítimas Feridas,Plena Noite,Crescente,Chuva,Simples,Reta,Sim,3,0,0,1,1,1,1,3,-27.266994,-49.872524,SPRF-SC,DEL04-SC,UOP02-DEL04-SC,2022
"490738,0",2022-11-30,quarta-feira,07:20:00,SC,282,"467,1",PONTE SERRADA,Mal súbito do condutor,Saída de leito carroçável,Com Vítimas Feridas,Pleno dia,Crescente,Céu Claro,Simples,Reta,Não,1,0,1,0,0,0,1,1,-26.85426433,-52.09612727,SPRF-SC,DEL07-SC,UOP04-DEL07-SC,2022
"490936,0",2022-12-05,segunda-feira,08:00:00,SC,158,"136,5",PALMITOS,Faixas de trânsito com largura insuficiente,Saída de leito carroçável,Sem Vítimas,Pleno dia,Crescente,Céu Claro,Simples,Curva,Não,4,0,0,0,1,3,0,4,-27.08534008,-53.21966171,SPRF-SC,DEL07-SC,UOP02-DEL07-SC,2022
"490974,0",2022-12-05,segunda-feira,07:55:00,SC,470,"8,0",NAVEGANTES,Ultrapassagem Indevida,Colisão frontal,Com Vítimas Feridas,Pleno dia,Crescente,Nublado,Simples,Viaduto,Não,5,0,0,1,3,2,1,6,-26.83688,-48.718853,SPRF-SC,DEL04-SC,UOP04-DEL04-SC,2022
"491021,0",2022-12-05,segunda-feira,21:15:00,SC,116,"172,0",PONTE ALTA DO NORTE,Manobra de mudança de faixa,Colisão lateral mesmo sentido,Com Vítimas Feridas,Plena Noite,Decrescente,Céu Claro,Simples,Aclive,Não,5,0,1,0,3,1,1,3,-27.21243998,-50.4652468,SPRF-SC,DEL05-SC,UOP03-DEL05-SC,2022
"491108,0",2022-11-08,terça-feira,13:50:00,SC,101,"119,0",ITAJAI,Condutor deixou de manter distância do veículo da frente,Colisão lateral mesmo sentido,Com Vítimas Feridas,Pleno dia,Decrescente,Céu Claro,Múltipla,Reta,Sim,2,0,1,0,1,0,1,2,-26.9043179,-48.71555481,SPRF-SC,DEL04-SC,UOP04-DEL04-SC,2022
"491115,0",2022-11-05,sábado,01:30:00,SC,101,"376,0",ICARA,Estacionar ou parar em local proibido,Colisão traseira,Com Vítimas Feridas,Plena Noite,Decrescente,Céu Claro,Dupla,Reta,Sim,4,0,2,1,1,0,3,2,-28.740265,-49.250273,SPRF-SC,DEL02-SC,UOP01-DEL02-SC,2022
"491133,0",2022-12-06,terça-feira,09:10:00,SC,470,"65,5",INDAIAL,Ausência de reação do condutor,Colisão traseira,Com Vítimas Feridas,Pleno dia,Decrescente,Nublado,Simples,Reta,Sim,2,0,1,0,0,1,1,2,-26.870411,-49.211864,SPRF-SC,DEL04-SC,UOP01-DEL04-SC,2022
"491138,0",2022-12-06,terça-feira,12:35:00,SC,282,"339,6",CAMPOS NOVOS,Desrespeitar a preferência no cruzamento,Colisão transversal,Com Vítimas Feridas,Pleno dia,Decrescente,Céu Claro,Simples,Interseção de Vias,Não,4,0,2,1,1,0,3,2,-27.388266,-51.203793,SPRF-SC,DEL07-SC,UOP06-DEL07-SC,2022
"491139,0",2022-12-06,terça-feira,09:00:00,SC,153,"56,0",IRANI,Demais falhas mecânicas ou elétricas,Tombamento,Sem Vítimas,Pleno dia,Crescente,Céu Claro,Simples,Curva,Não,2,0,0,0,1,1,0,2,-26.950708,-51.829006,SPRF-SC,DEL07-SC,UOP07-DEL07-SC,2022
"491194,0",2022-12-06,terça-feira,13:17:00,SC,116,"2,0",MAFRA,Ausência de reação do condutor,Colisão lateral mesmo sentido,Sem Vítimas,Pleno dia,Decrescente,Céu Claro,Simples,Reta,Sim,4,0,0,0,3,1,0,2,-26.12391791,-49.79303212,SPRF-SC,DEL06-SC,UOP01-DEL06-SC,2022
"491205,0",2022-12-06,terça-feira,17:00:00,SC,470,"119,8",IBIRAMA,Problema com o freio,Saída de leito carroçável,Com Vítimas Feridas,Pleno dia,Decrescente,Chuva,Simples,Curva,Não,2,0,0,1,0,1,1,2,-27.081554,-49.520206,SPRF-SC,DEL04-SC,UOP02-DEL04-SC,2022
"491252,0",2022-12-07,quarta-feira,03:40:00,SC,282,"244,8",SAO JOSE DO CERRITO,Condutor Dormindo,Tombamento,Com Vítimas Feridas,Plena Noite,Crescente,Céu Claro,Simples,Curva,Não,1,0,1,0,0,0,1,1,-27.73609,-50.51841,SPRF-SC,DEL05-SC,UOP02-DEL05-SC,2022
"491324,0",2022-12-07,quarta-feira,06:30:00,SC,116,"37,2",ITAIOPOLIS,Ausência de reação do condutor,Colisão traseira,Com Vítimas Feridas,Pleno dia,Decrescente,Céu Claro,Simples,Aclive,Não,4,0,0,1,2,1,1,3,-26.34065776,-50.02444605,SPRF-SC,DEL06-SC,UOP01-DEL06-SC,2022
"491325,0",2022-12-07,quarta-feira,11:25:00,SC,116,"3,0",MAFRA,Condutor deixou de manter distância do veículo da frente,Colisão traseira,Sem Vítimas,Pleno dia,Decrescente,Nublado,Simples,Reta,Sim,4,0,0,0,3,1,0,4,-26.13073161,-49.79922442,SPRF-SC,DEL06-SC,UOP01-DEL06-SC,2022
"491331,0",2022-12-07,quarta-feira,05:00:00,SC,282,"626,5",FLOR DO SERTAO,Demais falhas mecânicas ou elétricas,Incêndio,Sem Vítimas,Amanhecer,Decrescente,Céu Claro,Simples,Reta,Não,1,0,0,0,1,0,0,1,-26.803452,-53.360672,SPRF-SC,DEL07-SC,UOP02-DEL07-SC,2022
"491363,0",2022-12-07,quarta-feira,15:55:00,SC,101,"141,9",BALNEARIO CAMBORIU,Velocidade Incompatível,Colisão traseira,Com Vítimas Feridas,Pleno dia,Crescente,Céu Claro,Simples,Reta,Não,3,0,1,1,1,0,2,2,-27.04761729,-48.59995855,SPRF-SC,DEL04-SC,UOP03-DEL04-SC,2022
"491401,0",2022-12-07,quarta-feira,11:00:00,SC,282,"408,0",CATANDUVAS,Curva acentuada,Saída de leito carroçável,Com Vítimas Feridas,Pleno dia,Crescente,Céu Claro,Dupla,Curva,Não,3,0,1,0,1,2,1,3,-27.074812,-51.663269,SPRF-SC,DEL07-SC,UOP05-DEL07-SC,2022