id,data_inversa,dia_semana,horario,uf,br,km,municipio,causa_acidente,tipo_acidente,classificacao_acidente,fase_dia,sentido_via,condicao_metereologica,tipo_pista,tracado_via,uso_solo,pessoas,mortos,feridos_leves,feridos_graves,ilesos,ignorados,feridos,veiculos,latitude,longitude,regional,delegacia,uop,ano_arquivo
"491426,0",2022-12-07,quarta-feira,17:20:00,SC,470,"124,8",LONTRAS,Desrespeitar a preferência no cruzamento,Colisão transversal,Com Vítimas Feridas,Pleno dia,Crescente,Céu Claro,Simples,Reta,Sim,4,0,1,0,2,1,1,3,-27.113192,-49.529163,SPRF-SC,DEL04-SC,UOP02-DEL04-SC,2022
"491599,0",2022-12-08,quinta-feira,19:15:00,SC,101,"225,4",PALHOCA,Trafegar com motocicleta (ou similar) entre as faixas,Colisão lateral mesmo sentido,Com Vítimas Feridas,Plena Noite,Crescente,Céu Claro,Dupla,Reta;Declive,Não,4,0,2,0,1,1,2,3,-27.73292191,-48.6409567,SPRF-SC,DEL01-SC,UOP02-DEL01-SC,2022
"491634,0",2022-12-08,quinta-feira,22:45:00,SC,101,"388,5",CRICIUMA,Reação tardia ou ineficiente do condutor,Colisão traseira,Com Vítimas Feridas,Plena Noite,Crescente,Céu Claro,Múltipla,Reta,Não,3,0,1,0,1,1,1,3,-28.78529329,-49.33739925,SPRF-SC,DEL02-SC,UOP02-DEL02-SC,2022
"491680,0",2022-12-09,sexta-feira,08:00:00,SC,101,"331,2",CAPIVARI DE BAIXO,Condutor deixou de manter distância do veículo da frente,Colisão traseira,Com Vítimas Feridas,Pleno dia,Crescente,Céu Claro,Dupla,Reta,Não,3,0,1,0,1,1,1,3,-28.45567521,-48.9812689,SPRF-SC,DEL02-SC,UOP01-DEL02-SC,2022
"491763,0",2022-12-09,sexta-feira,17:00:00,SC,101,"46,0",JOINVILLE,Ingestão de álcool e/ou substâncias psicoativas pelo pedestre,Atropelamento de Pedestre,Com Vítimas Feridas,Pleno dia,Crescente,Nublado,Dupla,Reta,Sim,2,0,0,1,1,0,1,2,-26.35894494,-48.85897631,SPRF-SC,DEL03-SC,UOP01-DEL03-SC,2022
"491804,0",2022-12-09,sexta-feira,17:30:00,SC,101,"359,3",SANGAO,Reação tardia ou ineficiente do condutor,Atropelamento de Pedestre,Com Vítimas Feridas,Pleno dia,Crescente,Céu Claro,Simples,Curva,Não,3,0,0,1,1,1,1,3,-28.64378271,-49.09991741,SPRF-SC,DEL02-SC,UOP01-DEL02-SC,2022
"491840,0",2022-12-09,sexta-feira,23:45:00,SC,101,"116,0",ITAJAI,Condutor Dormindo,Tombamento,Sem Vítimas,Plena Noite,Crescente,Nublado,Múltipla,Reta,Sim,2,0,0,0,1,2,0,3,-26.87905605,-48.72603512,SPRF-SC,DEL04-SC,UOP04-DEL04-SC,2022
"492002,0",2022-12-10,sábado,18:20:00,SC,116,"5,6",MAFRA,Acessar a via sem observar a presença dos outros veículos,Colisão transversal,Com Vítimas Feridas,Anoitecer,Decrescente,Céu Claro,Simples,Reta;Interseção de Vias,Sim,3,0,1,0,1,1,1,3,-26.14094396,-49.81508303,SPRF-SC,DEL06-SC,UOP01-DEL06-SC,2022
"492013,0",2022-12-10,sábado,19:55:00,SC,101,"14,0",GARUVA,Avarias e/ou desgaste excessivo no pneu,Colisão com objeto,Sem Vítimas,Plena Noite,Decrescente,Céu Claro,Dupla,Reta,Não,4,0,0,0,3,1,0,3,-26.09803515,-48.86773972,SPRF-SC,DEL03-SC,UOP01-DEL03-SC,2022
"492096,0",2022-12-11,domingo,04:40:00,SC,101,"192,5",BIGUACU,Ausência de reação do condutor,Colisão frontal,Com Vítimas Feridas,Plena Noite,Decrescente,Nublado,Múltipla,Reta,Sim,7,0,3,1,2,1,4,3,-27.48443781,-48.64765238,SPRF-SC,DEL01-SC,UOP01-DEL01-SC,2022
"492247,0",2022-12-11,domingo,17:30:00,SC,470,"289,7",CAMPOS NOVOS,Desrespeitar a preferência no cruzamento,Colisão lateral mesmo sentido,Com Vítimas Feridas,Anoitecer,Decrescente,Céu Claro,Simples,Reta;Interseção de Vias,Não,6,0,4,0,1,1,4,3,-27.333546,-50.95219,SPRF-SC,DEL07-SC,UOP06-DEL07-SC,2022
"492376,0",2022-12-12,segunda-feira,09:50:00,SC,282,"21,6",SANTO AMARO DA IMPERATRIZ,Condutor deixou de manter distância do veículo da frente,Colisão traseira,Sem Vítimas,Pleno dia,Decrescente,Céu Claro,Simples,Curva,Sim,3,0,0,0,2,1,0,3,-27.68907,-48.717541,SPRF-SC,DEL01-SC,UOP02-DEL01-SC,2022
"492385,0",2022-12-12,segunda-feira,11:50:00,SC,282,"501,9",XANXERE,Manobra de mudança de faixa,Colisão frontal,Com Vítimas Feridas,Pleno dia,Crescente,Nublado,Simples,Reta,Sim,3,0,0,2,1,0,2,2,-26.882715,-52.381729,SPRF-SC,DEL07-SC,UOP01-DEL07-SC,2022
"492390,0",2022-12-02,sexta-feira,18:25:00,SC,153,"92,0",CONCORDIA,Chuva,Colisão lateral sentido oposto,Com Vítimas Feridas,Anoitecer,Crescente,Chuva,Simples,Curva,Não,3,0,1,0,1,1,1,3,-27.185669,-51.931538,SPRF-SC,DEL07-SC,UOP04-DEL07-SC,2022
"492427,0",2022-12-12,segunda-feira,15:40:00,SC,282,"421,0",VARGEM BONITA,Velocidade Incompatível,Saída de leito carroçável,Com Vítimas Feridas,Pleno dia,Crescente,Céu Claro,Simples,Curva,Não,1,0,1,0,0,0,1,1,-27.006414,-51.737789,SPRF-SC,DEL07-SC,UOP05-DEL07-SC,2022
"492520,0",2022-09-08,quinta-feira,06:40:00,SC,101,"105,0",PENHA,Ausência de reação do condutor,Colisão traseira,Com Vítimas Feridas,Pleno dia,Decrescente,Céu Claro,Dupla,Reta,Não,5,0,2,0,3,0,2,4,-26.80215497,-48.67891041,SPRF-SC,DEL03-SC,UOP02-DEL03-SC,2022
"492580,0",2022-12-13,terça-feira,14:00:00,SC,101,"192,3",BIGUACU,Manobra de mudança de faixa,Colisão lateral mesmo sentido,Com Vítimas Feridas,Pleno dia,Decrescente,Sol,Múltipla,Reta;Em Obras;Desvio Temporário,Sim,4,0,0,1,2,1,1,3,-27.48443781,-48.64765238,SPRF-SC,DEL01-SC,UOP01-DEL01-SC,2022
"492591,0",2022-12-13,terça-feira,14:10:00,SC,101,"234,0",PALHOCA,Ultrapassagem Indevida,Colisão lateral mesmo sentido,Com Vítimas Feridas,Pleno dia,Decrescente,Sol,Dupla,Reta;Em Obras;Declive,Não,4,0,2,0,1,1,2,3,-27.81043812,-48.63537111,SPRF-SC,DEL01-SC,UOP02-DEL01-SC,2022
"492605,0",2022-12-13,terça-feira,14:30:00,SC,282,"412,0",CATANDUVAS,Manobra de mudança de faixa,Engavetamento,Com Vítimas Feridas,Pleno dia,Decrescente,Céu Claro,Múltipla,Reta,Não,5,0,2,0,2,1,2,4,-27.055775,-51.688843,SPRF-SC,DEL07-SC,UOP05-DEL07-SC,2022
"492618,0",2022-12-13,terça-feira,17:30:00,SC,101,"122,0",ITAJAI,Velocidade Incompatível,Colisão lateral mesmo sentido,Com Vítimas Feridas,Pleno dia,Decrescente,Nublado,Dupla,Reta,Sim,2,0,0,1,1,0,1,2,-26.92955916,-48.70499836,SPRF-SC,DEL04-SC,UOP04-DEL04-SC,2022
"492627,0",2022-12-13,terça-feira,17:10:00,SC,280,"116,8",SAO BENTO DO SUL,Acessar a via sem observar a presença dos outros veículos,Colisão lateral mesmo sentido,Com Vítimas Feridas,Anoitecer,Decrescente,Céu Claro,Simples,Curva,Não,2,0,1,0,1,0,1,2,-26.2808956,-49.4169527,SPRF-SC,DEL06-SC,UOP03-DEL06-SC,2022
"492738,0",2022-11-23,quarta-feira,18:00:00,SC,153,"38,5",PONTE SERRADA,Demais falhas mecânicas ou elétricas,Colisão traseira,Com Vítimas Feridas,Anoitecer,Crescente,Céu Claro,Simples,Reta,Não,3,0,0,1,1,1,1,3,-26.83793363,-51.74526215,SPRF-SC,DEL07-SC,UOP07-DEL07-SC,2022
"492748,0",2022-12-14,quarta-feira,13:20:00,SC,101,"145,0",ITAPEMA,Manobra de mudança de faixa,Colisão lateral mesmo sentido,Com Vítimas Feridas,Pleno dia,Crescente,Céu Claro,Dupla,Reta,Sim,3,0,1,0,1,2,1,4,-27.08139206,-48.60130993,SPRF-SC,DEL04-SC,UOP03-DEL04-SC,2022
"492749,0",2022-12-14,quarta-feira,12:20:00,SC,101,"202,0",SAO JOSE,Reação tardia ou ineficiente do condutor,Colisão traseira,Com Vítimas Feridas,Pleno dia,Crescente,Céu Claro,Dupla,Reta,Sim,4,0,2,0,1,1,2,3,-27.55711595,-48.61897889,SPRF-SC,DEL01-SC,UOP01-DEL01-SC,2022
"492750,0",2022-12-14,quarta-feira,11:00:00,SC,101,"116,0",ITAJAI,Condutor deixou de manter distância do veículo da frente,Colisão traseira,Com Vítimas Feridas,Pleno dia,Crescente,Nublado,Dupla,Reta,Sim,3,0,1,0,1,3,1,5,-26.87905605,-48.72603512,SPRF-SC,DEL04-SC,UOP04-DEL04-SC,2022
"492814,0",2022-11-08,terça-feira,07:40:00,SC,470,"280,2",BRUNOPOLIS,Velocidade Incompatível,Tombamento,Com Vítimas Fatais,Pleno dia,Crescente,Céu Claro,Simples,Reta,Não,7,1,2,0,3,1,2,3,-27.33318,-50.86818,SPRF-SC,DEL07-SC,UOP06-DEL07-SC,2022
"492843,0",2022-12-14,quarta-feira,22:35:00,SC,280,"55,4",GUARAMIRIM,Desrespeitar a preferência no cruzamento,Colisão transversal,Com Vítimas Feridas,Plena Noite,Decrescente,Nublado,Dupla,Interseção de Vias;Em Obras;Rotatória,Sim,3,0,0,1,1,1,1,3,-26.47584353,-48.9937858,SPRF-SC,DEL03-SC,UOP03-DEL03-SC,2022
"492846,0",2022-12-14,quarta-feira,07:30:00,SC,282,"137,5",BOM RETIRO,Velocidade Incompatível,Tombamento,Com Vítimas Feridas,Pleno dia,Decrescente,Céu Claro,Simples,Rotatória;Reta,Não,1,0,1,0,0,0,1,1,-27.82256727,-49.5692718,SPRF-SC,DEL05-SC,UOP01-DEL05-SC,2022
"492854,0",2022-12-14,quarta-feira,23:00:00,SC,470,"115,7",IBIRAMA,Carga excessiva e/ou mal acondicionada,Tombamento,Com Vítimas Feridas,Plena Noite,Decrescente,Céu Claro,Simples,Reta,Não,2,0,1,0,0,1,1,2,-27.07813418,-49.49101646,SPRF-SC,DEL04-SC,UOP02-DEL04-SC,2022
"492869,0",2022-12-15,quinta-feira,06:20:00,SC,470,"130,4",LONTRAS,Ultrapassagem Indevida,Colisão lateral mesmo sentido,Sem Vítimas,Pleno dia,Crescente,Céu Claro,Simples,Interseção de Vias,Sim,2,0,0,0,2,0,0,2,-27.170237,-49.574718,SPRF-SC,DEL04-SC,UOP02-DEL04-SC,2022
"492890,0",2022-12-15,quinta-feira,06:10:00,SC,470,"81,1",RODEIO,Transitar na contramão,Colisão frontal,Com Vítimas Fatais,Pleno dia,Crescente,Nublado,Simples,Curva,Não,2,1,1,0,0,0,1,2,-26.9516061,-49.32681084,SPRF-SC,DEL04-SC,UOP01-DEL04-SC,2022
"492953,0",2022-11-13,domingo,19:17:00,SC,280,"236,5",CANOINHAS,Ausência de reação do condutor,Atropelamento de Animal,Com Vítimas Feridas,Plena Noite,Crescente,Garoa/Chuvisco,Simples,Reta,Sim,3,0,0,1,1,2,1,4,-26.19473731,-50.42288587,SPRF-SC,DEL06-SC,UOP04-DEL06-SC,2022
"492964,0",2022-12-15,quinta-feira,14:40:00,SC,101,"46,0",JOINVILLE,Manobra de mudança de faixa,Colisão lateral mesmo sentido,Com Vítimas Feridas,Pleno dia,Decrescente,Céu Claro,Múltipla,Reta,Não,2,0,1,0,0,1,1,2,-26.35443414,-48.85874391,SPRF-SC,DEL03-SC,UOP01-DEL03-SC,2022
"492967,0",2022-12-15,quinta-feira,16:00:00,SC,470,"56,3",BLUMENAU,Reação tardia ou ineficiente do condutor,Engavetamento,Com Vítimas Feridas,Pleno dia,Decrescente,Céu Claro,Simples,Reta,Sim,5,0,1,0,4,0,1,4,-26.87674,-49.127743,SPRF-SC,DEL04-SC,UOP01-DEL04-SC,2022
"493012,0",2022-12-15,quinta-feira,18:15:00,SC,163,"72,0",SAO MIGUEL DO OESTE,Acessar a via sem observar a presença dos outros veículos,Colisão transversal,Com Vítimas Feridas,Anoitecer,Decrescente,Céu Claro,Dupla,Interseção de Vias,Sim,2,0,1,0,1,0,1,2,-26.71908804,-53.5157791,SPRF-SC,DEL07-SC,UOP03-DEL07-SC,2022
"493049,0",2022-12-15,quinta-feira,23:30:00,SC,116,"187,9",SAO CRISTOVAO DO SUL,Condutor deixou de manter distância do veículo da frente,Colisão traseira,Com Vítimas Feridas,Plena Noite,Crescente,Nublado,Simples,Curva,Não,3,0,1,0,1,1,1,3,-27.32788196,-50.42344809,SPRF-SC,DEL05-SC,UOP03-DEL05-SC,2022
"493050,0",2022-12-16,sexta-feira,01:00:00,SC,101,"193,0",BIGUACU,Ausência de reação do condutor,Colisão lateral mesmo sentido,Com Vítimas Feridas,Plena Noite,Decrescente,Céu Claro,Dupla,Em Obras;Curva,Sim,2,0,1,0,1,0,1,2,-27.489574,-48.655914,SPRF-SC,DEL01-SC,UOP01-DEL01-SC,2022
"493062,0",2022-12-16,sexta-feira,03:50:00,SC,280,"12,1",SAO FRANCISCO DO SUL,Ingestão de álcool pelo condutor,Colisão lateral sentido oposto,Sem Vítimas,Amanhecer,Crescente,Nublado,Simples,Reta,Não,2,0,0,0,1,1,0,2,-26.31323107,-48.64449483,SPRF-SC,DEL03-SC,UOP03-DEL03-SC,2022
"493106,0",2022-11-27,domingo,10:40:00,SC,470,"129,0",LONTRAS,Pista em desnível,Colisão frontal,Com Vítimas Feridas,Pleno dia,Crescente,Chuva,Simples,Curva,Não,3,0,1,0,2,0,1,3,-27.148499,-49.556137,SPRF-SC,DEL04-SC,UOP02-DEL04-SC,2022
"493124,0",2022-12-16,sexta-feira,10:35:00,SC,282,"337,6",CAMPOS NOVOS,Demais falhas mecânicas ou elétricas,Colisão frontal,Com Vítimas Feridas,Pleno dia,Crescente,Céu Claro,Simples,Reta,Não,3,0,1,0,1,2,1,4,-27.392557,-51.165817,SPRF-SC,DEL07-SC,UOP06-DEL07-SC,2022
"493149,0",2022-12-16,sexta-feira,12:00:00,SC,470,"33,0",GASPAR,Condutor Dormindo,Colisão traseira,Com Vítimas Feridas,Pleno dia,Crescente,Sol,Dupla,Reta,Sim,2,0,1,0,1,0,1,2,-26.906223,-48.940575,SPRF-SC,DEL04-SC,UOP01-DEL04-SC,2022
"493169,0",2022-12-16,sexta-feira,14:55:00,SC,101,"59,4",ARAQUARI,Problema com o freio,Colisão lateral mesmo sentido,Com Vítimas Fatais,Pleno dia,Crescente,Nublado,Dupla,Reta,Não,13,2,1,2,4,5,3,11,-26.4483984,-48.7893867,SPRF-SC,DEL03-SC,UOP02-DEL03-SC,2022
"493183,0",2022-12-16,sexta-feira,16:50:00,SC,101,"157,0",PORTO BELO,Conversão proibida,Colisão traseira,Com Vítimas Feridas,Pleno dia,Crescente,Céu Claro,Dupla,Reta,Não,5,0,1,0,2,2,1,5,-27.181625,-48.6121179,SPRF-SC,DEL04-SC,UOP03-DEL04-SC,2022
"493194,0",2022-12-16,sexta-feira,16:40:00,SC,470,"249,2",CURITIBANOS,Desrespeitar a preferência no cruzamento,Colisão transversal,Com Vítimas Feridas,Pleno dia,Crescente,Céu Claro,Simples,Rotatória,Sim,4,0,1,0,3,0,1,2,-27.31262287,-50.56127071,SPRF-SC,DEL05-SC,UOP03-DEL05-SC,2022
"493200,0",2022-12-16,sexta-feira,15:00:00,SC,470,"185,3",POUSO REDONDO,Demais falhas mecânicas ou elétricas,Colisão traseira,Com Vítimas Feridas,Pleno dia,Decrescente,Nublado,Simples,Reta;Declive,Não,3,0,1,0,2,0,1,2,-27.25520184,-50.0413084,SPRF-SC,DEL04-SC,UOP02-DEL04-SC,2022
"493208,0",2022-12-16,sexta-feira,17:15:00,SC,101,"121,0",ITAJAI,Reação tardia ou ineficiente do condutor,Colisão traseira,Com Vítimas Feridas,Pleno dia,Decrescente,Garoa/Chuvisco,Dupla,Reta,Sim,2,0,1,0,1,0,1,2,-26.92103178,-48.70856446,SPRF-SC,DEL04-SC,UOP04-DEL04-SC,2022
"493218,0",2022-12-16,sexta-feira,17:45:00,SC,280,"167,4",MAFRA,Transitar na contramão,Colisão frontal,Com Vítimas Fatais,Pleno dia,Crescente,Nublado,Simples,Declive;Reta,Sim,4,1,0,0,1,3,0,5,-26.1515663,-49.8130401,SPRF-SC,DEL06-SC,UOP01-DEL06-SC,2022
"493237,0",2022-12-16,sexta-feira,20:40:00,SC,101,"75,0",ARAQUARI,Reação tardia ou ineficiente do condutor,Colisão traseira,Com Vítimas Feridas,Plena Noite,Decrescente,Nublado,Dupla,Curva,Não,7,0,3,2,1,2,5,4,-26.5519717,-48.71688324,SPRF-SC,DEL03-SC,UOP02-DEL03-SC,2022
"493247,0",2022-12-16,sexta-feira,17:50:00,SC,470,"45,0",GASPAR,Ultrapassagem Indevida,Colisão lateral sentido oposto,Com Vítimas Feridas,Pleno dia,Decrescente,Céu Claro,Simples,Aclive;Curva;Em Obras,Não,4,0,0,1,2,1,1,3,-26.867064,-49.031109,SPRF-SC,DEL04-SC,UOP01-DEL04-SC,2022
"493261,0",2022-12-16,sexta-feira,22:15:00,SC,470,"144,0",RIO DO SUL,Ultrapassagem Indevida,Colisão lateral sentido oposto,Com Vítimas Feridas,Plena Noite,Crescente,Céu Claro,Simples,Reta,Não,2,0,0,1,1,0,1,2,-27.235138,-49.677608,SPRF-SC,DEL04-SC,UOP02-DEL04-SC,2022
"493274,0",2022-12-17,sábado,00:30:00,SC,101,"24,0",JOINVILLE,Desrespeitar a preferência no cruzamento,Colisão transversal,Com Vítimas Feridas,Plena Noite,Decrescente,Nublado,Simples,Reta;Interseção de Vias,Não,2,0,1,0,1,0,1,2,-26.1834739,-48.9105912,SPRF-SC,DEL03-SC,UOP01-DEL03-SC,2022
"493287,0",2022-12-17,sábado,02:00:00,SC,101,"214,0",PALHOCA,Condutor deixou de manter distância do veículo da frente,Colisão traseira,Com Vítimas Feridas,Plena Noite,Crescente,Nublado,Múltipla,Reta,Sim,2,0,1,0,1,0,1,2,-27.64443,-48.67057,SPRF-SC,DEL01-SC,UOP02-DEL01-SC,2022
"493333,0",2022-12-17,sábado,07:30:00,SC,101,"280,0",IMBITUBA,Acessar a via sem observar a presença dos outros veículos,Colisão lateral mesmo sentido,Com Vítimas Feridas,Pleno dia,Crescente,Céu Claro,Dupla,Reta,Não,4,0,1,0,2,1,1,4,-28.17962805,-48.6956297,SPRF-SC,DEL02-SC,UOP03-DEL02-SC,2022
"493363,0",2022-12-17,sábado,09:12:00,SC,101,"226,5",PALHOCA,Trafegar com motocicleta (ou similar) entre as faixas,Colisão lateral mesmo sentido,Com Vítimas Feridas,Pleno dia,Crescente,Céu Claro,Dupla,Reta,Não,3,0,0,1,2,0,1,3,-27.74200001,-48.63806504,SPRF-SC,DEL01-SC,UOP02-DEL01-SC,2022
"493365,0",2022-12-17,sábado,11:15:00,SC,101,"125,2",ITAJAI,Velocidade Incompatível,Colisão traseira,Com Vítimas Feridas,Pleno dia,Crescente,Céu Claro,Dupla,Reta,Não,2,0,0,1,1,0,1,2,-26.94802427,-48.68338515,SPRF-SC,DEL04-SC,UOP04-DEL04-SC,2022
"493379,0",2022-12-17,sábado,12:30:00,SC,101,"201,6",SAO JOSE,Reação tardia ou ineficiente do condutor,Colisão traseira,Com Vítimas Feridas,Pleno dia,Decrescente,Sol,Múltipla,Reta,Sim,4,0,1,0,2,2,1,5,-27.54836599,-48.61977975,SPRF-SC,DEL01-SC,UOP01-DEL01-SC,2022
"493395,0",2022-12-17,sábado,13:15:00,SC,101,"109,4",PENHA,Condutor deixou de manter distância do veículo da frente,Engavetamento,Com Vítimas Feridas,Pleno dia,Crescente,Céu Claro,Dupla,Reta,Não,5,0,1,0,3,1,1,4,-26.8346657,-48.700977,SPRF-SC,DEL03-SC,UOP02-DEL03-SC,2022
"493399,0",2022-12-17,sábado,13:40:00,SC,101,"214,4",PALHOCA,Reação tardia ou ineficiente do condutor,Colisão com objeto,Com Vítimas Feridas,Pleno dia,Crescente,Céu Claro,Dupla,Reta,Sim,5,0,2,0,2,1,2,4,-27.64443,-48.67057,SPRF-SC,DEL01-SC,UOP02-DEL01-SC,2022
"493462,0",2022-12-17,sábado,17:30:00,SC,470,"56,0",BLUMENAU,Acessar a via sem observar a presença dos outros veículos,Colisão lateral mesmo sentido,Com Vítimas Feridas,Pleno dia,Crescente,Céu Claro,Simples,Reta;Interseção de Vias,Sim,2,0,1,0,1,0,1,2,-26.87674,-49.127743,SPRF-SC,DEL04-SC,UOP01-DEL04-SC,2022
"493557,0",2022-12-18,domingo,04:25:00,SC,282,"127,9",BOM RETIRO,Transitar na contramão,Colisão frontal,Com Vítimas Fatais,Amanhecer,Decrescente,Céu Claro,Simples,Reta;Aclive,Sim,3,1,0,0,1,1,0,3,-27.803208,-49.485504,SPRF-SC,DEL05-SC,UOP01-DEL05-SC,2022
"493583,0",2022-11-08,terça-feira,20:10:00,SC,282,"611,2",MARAVILHA,Transitar na contramão,Colisão frontal,Com Vítimas Fatais,Pleno dia,Decrescente,Céu Claro,Simples,Reta;Declive,Não,3,1,1,0,0,1,1,3,-26.755428,-53.239933,SPRF-SC,DEL07-SC,UOP02-DEL07-SC,2022
"493623,0",2022-12-18,domingo,12:25:00,SC,101,"233,0",PALHOCA,Manobra de mudança de faixa,Colisão traseira,Com Vítimas Feridas,Pleno dia,Crescente,Chuva,Dupla,Desvio Temporário;Reta,Não,4,0,1,0,2,1,1,3,-27.80376397,-48.63826211,SPRF-SC,DEL01-SC,UOP02-DEL01-SC,2022
"493674,0",2022-12-18,domingo,17:30:00,SC,101,"196,0",BIGUACU,Ausência de reação do condutor,Colisão transversal,Sem Vítimas,Pleno dia,Decrescente,Garoa/Chuvisco,Simples,Reta,Sim,3,0,0,0,3,0,0,2,-27.51101091,-48.64322292,SPRF-SC,DEL01-SC,UOP01-DEL01-SC,2022
"493719,0",2022-12-18,domingo,19:40:00,SC,101,"269,9",IMBITUBA,Animais na Pista,Atropelamento de Animal,Com Vítimas Feridas,Plena Noite,Crescente,Chuva,Dupla,Reta,Não,8,0,1,0,5,2,1,5,-28.1015411,-48.70410641,SPRF-SC,DEL02-SC,UOP03-DEL02-SC,2022
"493729,0",2022-12-18,domingo,18:00:00,SC,470,"111,2",IBIRAMA,Ingestão de álcool pelo condutor,Colisão frontal,Com Vítimas Feridas,Pleno dia,Decrescente,Garoa/Chuvisco,Simples,Curva,Não,3,0,1,0,1,1,1,3,-27.09961015,-49.46085691,SPRF-SC,DEL04-SC,UOP02-DEL04-SC,2022
"493742,0",2022-12-18,domingo,21:00:00,SC,282,"618,0",IRACEMINHA,Neblina,Colisão transversal,Com Vítimas Feridas,Plena Noite,Decrescente,Nevoeiro/Neblina,Simples,Reta,Não,6,0,0,1,2,4,1,6,-26.788088,-53.293259,SPRF-SC,DEL07-SC,UOP02-DEL07-SC,2022
"493752,0",2022-12-18,domingo,22:00:00,SC,470,"65,9",INDAIAL,Condutor deixou de manter distância do veículo da frente,Colisão lateral mesmo sentido,Com Vítimas Feridas,Pleno dia,Crescente,Garoa/Chuvisco,Simples,Interseção de Vias,Não,5,0,1,1,2,1,2,4,-26.870411,-49.211864,SPRF-SC,DEL04-SC,UOP01-DEL04-SC,2022
"493771,0",2022-12-19,segunda-feira,04:45:00,SC,470,"66,6",INDAIAL,Ausência de sinalização,Atropelamento de Pedestre,Com Vítimas Feridas,Plena Noite,Crescente,Garoa/Chuvisco,Simples,Em Obras,Sim,3,0,0,1,2,0,1,2,-26.870407,-49.221844,SPRF-SC,DEL04-SC,UOP01-DEL04-SC,2022
"493818,0",2022-11-18,sexta-feira,21:30:00,SC,282,"18,0",PALHOCA,Conversão proibida,Tombamento,Com Vítimas Feridas,Plena Noite,Crescente,Céu Claro,Simples,Reta,Não,2,0,0,1,0,1,1,2,-27.672798,-48.694286,SPRF-SC,DEL01-SC,UOP02-DEL01-SC,2022
"493830,0",2022-12-19,segunda-feira,07:40:00,SC,470,"290,0",CAMPOS NOVOS,Ultrapassagem Indevida,Saída de leito carroçável,Com Vítimas Feridas,Pleno dia,Decrescente,Céu Claro,Simples,Reta,Não,2,0,1,1,0,0,2,1,-27.335585,-50.962185,SPRF-SC,DEL07-SC,UOP06-DEL07-SC,2022
"493882,0",2022-12-19,segunda-feira,14:30:00,SC,470,"135,0",RIO DO SUL,Carga excessiva e/ou mal acondicionada,Derramamento de carga,Sem Vítimas,Pleno dia,Crescente,Céu Claro,Simples,Reta,Sim,1,0,0,0,1,0,0,1,-27.188492,-49.61232,SPRF-SC,DEL04-SC,UOP02-DEL04-SC,2022
"493907,0",2022-12-19,segunda-feira,17:49:00,SC,470,"138,0",RIO DO SUL,Área urbana sem a presença de local apropriado para a travessia de pedestres,Atropelamento de Pedestre,Com Vítimas Feridas,Anoitecer,Crescente,Chuva,Simples,Reta;Declive,Sim,3,0,1,0,1,1,1,3,-27.19583036,-49.62688078,SPRF-SC,DEL04-SC,UOP02-DEL04-SC,2022
"493910,0",2022-12-19,segunda-feira,17:50:00,SC,280,"164,4",MAFRA,Acessar a via sem observar a presença dos outros veículos,Colisão transversal,Com Vítimas Feridas,Pleno dia,Decrescente,Céu Claro,Simples,Interseção de Vias,Não,2,0,0,1,1,0,1,2,-26.19131398,-49.80487298,SPRF-SC,DEL06-SC,UOP01-DEL06-SC,2022
"493913,0",2022-12-19,segunda-feira,13:55:00,SC,282,"375,2",ERVAL VELHO,Pista Escorregadia,Colisão frontal,Com Vítimas Fatais,Pleno dia,Crescente,Chuva,Simples,Curva,Não,3,1,0,0,1,1,0,3,-27.232734,-51.453235,SPRF-SC,DEL07-SC,UOP05-DEL07-SC,2022
"493996,0",2022-12-20,terça-feira,12:35:00,SC,282,"636,9",DESCANSO,Condutor Dormindo,Colisão lateral sentido oposto,Com Vítimas Feridas,Pleno dia,Decrescente,Sol,Simples,Reta;Declive,Não,5,0,2,0,2,1,2,3,-26.806304,-53.441074,SPRF-SC,DEL07-SC,UOP03-DEL07-SC,2022
"494066,0",2022-12-20,terça-feira,19:15:00,SC,101,"219,0",PALHOCA,Chuva,Colisão lateral mesmo sentido,Com Vítimas Feridas,Plena Noite,Crescente,Chuva,Dupla,Reta,Não,2,0,1,0,1,0,1,2,-27.68392194,-48.66710085,SPRF-SC,DEL01-SC,UOP02-DEL01-SC,2022
"494078,0",2022-12-20,terça-feira,20:00:00,SC,101,"120,0",ITAJAI,Trafegar com motocicleta (ou similar) entre as faixas,Colisão lateral mesmo sentido,Com Vítimas Fatais,Plena Noite,Decrescente,Garoa/Chuvisco,Dupla,Reta,Não,3,1,0,0,1,2,0,4,-26.919075,-48.709216,SPRF-SC,DEL04-SC,UOP04-DEL04-SC,2022
"494086,0",2022-12-20,terça-feira,17:30:00,SC,282,"57,8",RANCHO QUEIMADO,Condutor Dormindo,Colisão frontal,Com Vítimas Feridas,Pleno dia,Decrescente,Chuva,Simples,Curva,Não,4,0,0,1,1,4,1,6,-27.688864,-48.998455,SPRF-SC,DEL01-SC,UOP03-DEL01-SC,2022
"494088,0",2022-12-20,terça-feira,10:40:00,SC,282,"254,0",SAO JOSE DO CERRITO,Acessar a via sem observar a presença dos outros veículos,Colisão transversal,Com Vítimas Feridas,Pleno dia,Crescente,Céu Claro,Simples,Rotatória,Não,5,0,3,0,2,0,3,2,-27.67416002,-50.57420969,SPRF-SC,DEL05-SC,UOP02-DEL05-SC,2022