id,data_inversa,dia_semana,horario,uf,br,km,municipio,causa_acidente,tipo_acidente,classificacao_acidente,fase_dia,sentido_via,condicao_metereologica,tipo_pista,tracado_via,uso_solo,pessoas,mortos,feridos_leves,feridos_graves,ilesos,ignorados,feridos,veiculos,latitude,longitude,regional,delegacia,uop,ano_arquivo
"494108,0",2022-12-20,terça-feira,14:00:00,SC,282,"252,0",SAO JOSE DO CERRITO,Ausência de reação do condutor,Colisão lateral sentido oposto,Com Vítimas Feridas,Pleno dia,Decrescente,Céu Claro,Simples,Declive,Não,2,0,1,0,1,0,1,2,-27.691267,-50.561481,SPRF-SC,DEL05-SC,UOP02-DEL05-SC,2022
"494151,0",2022-12-19,segunda-feira,15:45:00,SC,280,"110,4",SAO BENTO DO SUL,Ausência de reação do condutor,Tombamento,Com Vítimas Feridas,Pleno dia,Crescente,Garoa/Chuvisco,Simples,Curva,Não,2,0,1,0,0,1,1,2,-26.32140672,-49.38932175,SPRF-SC,DEL06-SC,UOP03-DEL06-SC,2022
"494188,0",2022-12-21,quarta-feira,09:20:00,SC,101,"114,0",ITAJAI,Transitar na contramão,Colisão transversal,Com Vítimas Feridas,Pleno dia,Crescente,Nublado,Dupla,Reta,Sim,2,0,1,0,1,0,1,2,-26.86192886,-48.7286704,SPRF-SC,DEL04-SC,UOP04-DEL04-SC,2022
"494208,0",2022-12-21,quarta-feira,11:20:00,SC,101,"122,0",ITAJAI,Demais falhas mecânicas ou elétricas,Saída de leito carroçável,Sem Vítimas,Pleno dia,Crescente,Garoa/Chuvisco,Dupla,Reta,Sim,2,0,0,0,1,1,0,2,-26.92955916,-48.70499836,SPRF-SC,DEL04-SC,UOP04-DEL04-SC,2022
"494209,0",2022-12-21,quarta-feira,09:00:00,SC,101,"29,0",JOINVILLE,Condutor deixou de manter distância do veículo da frente,Colisão com objeto,Com Vítimas Feridas,Pleno dia,Decrescente,Nublado,Dupla,Reta,Não,1,0,1,0,0,0,1,1,-26.211903,-48.91589904,SPRF-SC,DEL03-SC,UOP01-DEL03-SC,2022
"494214,0",2022-12-21,quarta-feira,11:30:00,SC,101,"282,0",IMBITUBA,Transitar na contramão,Colisão traseira,Com Vítimas Feridas,Pleno dia,Crescente,Nublado,Dupla,Reta,Não,4,0,1,0,2,1,1,4,-28.2130449,-48.6999464,SPRF-SC,DEL02-SC,UOP03-DEL02-SC,2022
"494220,0",2022-12-21,quarta-feira,12:00:00,SC,470,"49,5",BLUMENAU,Velocidade Incompatível,Colisão com objeto,Sem Vítimas,Pleno dia,Crescente,Nublado,Dupla,Curva,Sim,1,0,0,0,1,0,0,1,-26.860662,-49.065159,SPRF-SC,DEL04-SC,UOP01-DEL04-SC,2022
"494222,0",2022-12-21,quarta-feira,07:45:00,SC,153,"105,4",CONCORDIA,Carga excessiva e/ou mal acondicionada,Derramamento de carga,Sem Vítimas,Pleno dia,Decrescente,Sol,Simples,Curva,Não,2,0,0,0,1,1,0,2,-27.2819,-51.969429,SPRF-SC,DEL07-SC,UOP04-DEL07-SC,2022
"494236,0",2022-12-21,quarta-feira,08:40:00,SC,101,"49,0",JOINVILLE,Ultrapassagem Indevida,Colisão lateral mesmo sentido,Com Vítimas Feridas,Pleno dia,Crescente,Nublado,Múltipla,Reta;Viaduto,Não,3,0,1,0,1,1,1,3,-26.36479799,-48.85878798,SPRF-SC,DEL03-SC,UOP01-DEL03-SC,2022
"494300,0",2022-12-21,quarta-feira,19:00:00,SC,282,"19,0",PALHOCA,Ausência de reação do condutor,Engavetamento,Com Vítimas Feridas,Anoitecer,Decrescente,Garoa/Chuvisco,Simples,Reta,Não,8,0,2,0,5,1,2,4,-27.67952823,-48.70316505,SPRF-SC,DEL01-SC,UOP02-DEL01-SC,2022
"494322,0",2022-12-21,quarta-feira,14:50:00,SC,101,"75,0",ARAQUARI,Ingestão de álcool pelo condutor,Colisão lateral mesmo sentido,Sem Vítimas,Pleno dia,Decrescente,Céu Claro,Dupla,Reta,Não,3,0,0,0,2,3,0,5,-26.5519717,-48.71688324,SPRF-SC,DEL03-SC,UOP02-DEL03-SC,2022
"494325,0",2022-12-21,quarta-feira,20:30:00,SC,282,"361,5",ERVAL VELHO,Demais falhas mecânicas ou elétricas,Incêndio,Sem Vítimas,Plena Noite,Decrescente,Céu Claro,Simples,Reta,Não,2,0,0,0,2,0,0,1,-27.308971,-51.375222,SPRF-SC,DEL07-SC,UOP05-DEL07-SC,2022
"494390,0",2022-12-22,quinta-feira,08:07:00,SC,101,"214,6",PALHOCA,Condutor Dormindo,Colisão traseira,Com Vítimas Feridas,Pleno dia,Crescente,Céu Claro,Múltipla,Reta,Sim,3,0,1,0,1,3,1,5,-27.64443,-48.67057,SPRF-SC,DEL01-SC,UOP02-DEL01-SC,2022
"494553,0",2022-12-22,quinta-feira,23:43:00,SC,470,"174,0",POUSO REDONDO,Condutor deixou de manter distância do veículo da frente,Colisão traseira,Com Vítimas Feridas,Plena Noite,Decrescente,Céu Claro,Simples,Reta;Ponte,Sim,3,0,1,0,1,1,1,3,-27.258179,-49.929146,SPRF-SC,DEL04-SC,UOP02-DEL04-SC,2022
"494563,0",2022-12-23,sexta-feira,00:15:00,SC,101,"292,0",IMBITUBA,Ingestão de álcool pelo condutor,Colisão traseira,Sem Vítimas,Plena Noite,Decrescente,Céu Claro,Dupla,Curva,Não,3,0,0,0,2,1,0,3,-28.300752,-48.718214,SPRF-SC,DEL02-SC,UOP03-DEL02-SC,2022
"494567,0",2022-12-23,sexta-feira,00:40:00,SC,101,"150,0",ITAPEMA,Ingestão de álcool pelo condutor,Colisão com objeto,Com Vítimas Feridas,Anoitecer,Crescente,Céu Claro,Dupla,Reta,Não,3,0,0,2,0,1,2,2,-27.11744799,-48.60940987,SPRF-SC,DEL04-SC,UOP03-DEL04-SC,2022
"494601,0",2022-12-23,sexta-feira,05:30:00,SC,101,"138,0",BALNEARIO CAMBORIU,Pedestre andava na pista,Atropelamento de Pedestre,Com Vítimas Feridas,Pleno dia,Decrescente,Céu Claro,Dupla,Reta,Sim,3,0,0,1,1,1,1,3,-27.02397426,-48.60761649,SPRF-SC,DEL04-SC,UOP03-DEL04-SC,2022
"494617,0",2022-12-23,sexta-feira,07:00:00,SC,101,"122,0",ITAJAI,Velocidade Incompatível,Colisão traseira,Com Vítimas Feridas,Pleno dia,Decrescente,Céu Claro,Múltipla,Reta,Não,2,0,1,0,1,0,1,2,-26.92955916,-48.70499836,SPRF-SC,DEL04-SC,UOP04-DEL04-SC,2022
"494643,0",2022-12-23,sexta-feira,06:50:00,SC,163,"68,0",SAO MIGUEL DO OESTE,Manobra de mudança de faixa,Colisão lateral mesmo sentido,Com Vítimas Feridas,Pleno dia,Decrescente,Céu Claro,Dupla,Reta,Sim,2,0,1,0,1,0,1,2,-26.74288935,-53.50114346,SPRF-SC,DEL07-SC,UOP03-DEL07-SC,2022
"494696,0",2022-12-23,sexta-feira,12:05:00,SC,101,"213,0",PALHOCA,Manobra de mudança de faixa,Colisão traseira,Com Vítimas Feridas,Pleno dia,Decrescente,Céu Claro,Múltipla,Reta;Declive,Não,3,0,1,0,1,1,1,3,-27.640851,-48.668007,SPRF-SC,DEL01-SC,UOP02-DEL01-SC,2022
"494699,0",2022-12-23,sexta-feira,11:15:00,SC,282,"277,0",SAO JOSE DO CERRITO,Ausência de reação do condutor,Colisão traseira,Com Vítimas Feridas,Pleno dia,Decrescente,Céu Claro,Simples,Curva,Não,4,0,2,0,1,1,2,3,-27.595413,-50.73349,SPRF-SC,DEL05-SC,UOP02-DEL05-SC,2022
"494808,0",2022-12-23,sexta-feira,13:40:00,SC,470,"280,8",BRUNOPOLIS,Velocidade Incompatível,Tombamento,Com Vítimas Feridas,Pleno dia,Decrescente,Céu Claro,Simples,Curva,Não,2,0,1,0,0,1,1,2,-27.332188,-50.862553,SPRF-SC,DEL07-SC,UOP06-DEL07-SC,2022
"494863,0",2022-12-23,sexta-feira,22:00:00,SC,280,"46,6",GUARAMIRIM,Transitar na contramão,Colisão frontal,Com Vítimas Fatais,Plena Noite,Crescente,Chuva,Simples,Reta;Declive,Não,3,1,0,0,2,0,0,2,-26.4533642,-48.9143169,SPRF-SC,DEL03-SC,UOP03-DEL03-SC,2022
"494901,0",2022-12-24,sábado,02:00:00,SC,470,"139,0",RIO DO SUL,Ingestão de álcool pelo condutor,Colisão transversal,Com Vítimas Feridas,Plena Noite,Decrescente,Céu Claro,Simples,Rotatória,Sim,4,0,2,0,2,0,2,2,-27.217564,-49.65461,SPRF-SC,DEL04-SC,UOP02-DEL04-SC,2022
"495016,0",2022-12-24,sábado,09:30:00,SC,282,"502,6",XANXERE,Velocidade Incompatível,Colisão com objeto,Com Vítimas Feridas,Pleno dia,Crescente,Céu Claro,Dupla,Curva,Sim,3,0,1,0,1,1,1,3,-26.884584,-52.390911,SPRF-SC,DEL07-SC,UOP01-DEL07-SC,2022
"495038,0",2022-10-26,quarta-feira,13:05:00,SC,101,"435,1",SOMBRIO,Entrada inopinada do pedestre,Atropelamento de Pedestre,Com Vítimas Fatais,Pleno dia,Decrescente,Céu Claro,Múltipla,Reta,Sim,2,1,0,0,1,0,0,2,-29.107615,-49.637162,SPRF-SC,DEL02-SC,UOP02-DEL02-SC,2022
"495116,0",2022-12-25,domingo,06:20:00,SC,282,"561,0",NOVA ERECHIM,Velocidade Incompatível,Saída de leito carroçável,Com Vítimas Feridas,Pleno dia,Decrescente,Céu Claro,Simples,Curva,Não,2,0,1,0,0,2,1,3,-26.919464,-52.861614,SPRF-SC,DEL07-SC,UOP02-DEL07-SC,2022
"495289,0",2022-12-25,domingo,22:27:00,SC,470,"236,6",SAO CRISTOVAO DO SUL,Ausência de reação do condutor,Colisão frontal,Com Vítimas Feridas,Plena Noite,Decrescente,Garoa/Chuvisco,Simples,Reta,Não,3,0,0,1,1,1,1,3,-27.30307,-50.447491,SPRF-SC,DEL05-SC,UOP03-DEL05-SC,2022
"495343,0",2022-12-26,segunda-feira,07:30:00,SC,470,"86,9",RODEIO,Velocidade Incompatível,Capotamento,Com Vítimas Fatais,Pleno dia,Crescente,Céu Claro,Simples,Ponte;Curva,Não,1,1,0,0,0,0,0,1,-26.9480484,-49.3654561,SPRF-SC,DEL04-SC,UOP01-DEL04-SC,2022
"495362,0",2022-12-26,segunda-feira,08:10:00,SC,470,"138,0",RIO DO SUL,Reação tardia ou ineficiente do condutor,Colisão traseira,Com Vítimas Feridas,Pleno dia,Crescente,Sol,Simples,Reta,Sim,5,0,3,0,1,1,3,3,-27.207214,-49.648476,SPRF-SC,DEL04-SC,UOP02-DEL04-SC,2022
"495383,0",2022-12-26,segunda-feira,11:45:00,SC,282,"25,1",SANTO AMARO DA IMPERATRIZ,Condutor deixou de manter distância do veículo da frente,Colisão traseira,Com Vítimas Feridas,Pleno dia,Crescente,Chuva,Simples,Reta,Não,3,0,0,1,2,0,1,3,-27.678228,-48.752895,SPRF-SC,DEL01-SC,UOP03-DEL01-SC,2022
"495435,0",2022-12-09,sexta-feira,01:00:00,SC,101,"170,0",TIJUCAS,Condutor deixou de manter distância do veículo da frente,Colisão traseira,Com Vítimas Feridas,Pleno dia,Crescente,Céu Claro,Dupla,Reta,Não,3,0,0,1,1,2,1,4,-27.29669601,-48.63147594,SPRF-SC,DEL04-SC,UOP03-DEL04-SC,2022
"495479,0",2022-12-26,segunda-feira,15:15:00,SC,101,"159,0",PORTO BELO,Condutor deixou de manter distância do veículo da frente,Colisão traseira,Com Vítimas Feridas,Pleno dia,Decrescente,Céu Claro,Múltipla,Reta,Não,2,0,0,1,1,0,1,2,-27.203385,-48.616976,SPRF-SC,DEL04-SC,UOP03-DEL04-SC,2022
"495500,0",2022-12-26,segunda-feira,18:50:00,SC,101,"184,7",BIGUACU,Manobra de mudança de faixa,Eventos atípicos,Com Vítimas Feridas,Anoitecer,Decrescente,Céu Claro,Dupla,Reta,Não,2,0,1,0,0,1,1,2,-27.41613807,-48.6266443,SPRF-SC,DEL01-SC,UOP01-DEL01-SC,2022
"495549,0",2022-12-27,terça-feira,06:10:00,SC,470,"73,9",INDAIAL,Condutor Dormindo,Colisão frontal,Com Vítimas Feridas,Pleno dia,Decrescente,Céu Claro,Simples,Reta,Não,4,0,1,1,1,1,2,3,-26.908962,-49.275089,SPRF-SC,DEL04-SC,UOP01-DEL04-SC,2022
"495598,0",2022-12-27,terça-feira,08:40:00,SC,101,"111,1",NAVEGANTES,Velocidade Incompatível,Tombamento,Com Vítimas Feridas,Pleno dia,Decrescente,Céu Claro,Dupla,Curva,Sim,2,0,1,0,0,1,1,2,-26.83955734,-48.71418074,SPRF-SC,DEL04-SC,UOP04-DEL04-SC,2022
"495624,0",2022-12-27,terça-feira,09:00:00,SC,470,"184,9",POUSO REDONDO,Ausência de reação do condutor,Tombamento,Com Vítimas Fatais,Pleno dia,Decrescente,Céu Claro,Simples,Curva,Não,2,1,0,0,0,1,0,2,-27.2534,-50.0381,SPRF-SC,DEL04-SC,UOP02-DEL04-SC,2022
"495820,0",2022-12-28,quarta-feira,10:25:00,SC,101,"12,0",GARUVA,Condutor deixou de manter distância do veículo da frente,Colisão traseira,Com Vítimas Feridas,Pleno dia,Crescente,Nublado,Dupla,Reta,Não,6,0,1,0,5,0,1,5,-26.08104399,-48.86175612,SPRF-SC,DEL03-SC,UOP01-DEL03-SC,2022
"495841,0",2022-12-28,quarta-feira,14:10:00,SC,101,"214,0",PALHOCA,Condutor deixou de manter distância do veículo da frente,Colisão traseira,Com Vítimas Feridas,Pleno dia,Decrescente,Céu Claro,Múltipla,Reta,Sim,2,0,1,0,0,1,1,2,-27.64443,-48.67057,SPRF-SC,DEL01-SC,UOP02-DEL01-SC,2022
"495863,0",2022-12-28,quarta-feira,16:50:00,SC,282,"3,5",FLORIANOPOLIS,Acumulo de água sobre o pavimento,Colisão frontal,Com Vítimas Feridas,Pleno dia,Decrescente,Chuva,Múltipla,Reta,Sim,2,0,1,0,1,0,1,2,-27.600384,-48.599705,SPRF-SC,DEL01-SC,UOP01-DEL01-SC,2022
"495866,0",2022-12-28,quarta-feira,15:50:00,SC,470,"52,0",BLUMENAU,Desrespeitar a preferência no cruzamento,Colisão transversal,Com Vítimas Feridas,Pleno dia,Crescente,Sol,Simples,Interseção de Vias,Sim,3,0,1,0,1,1,1,3,-26.86532881,-49.09970284,SPRF-SC,DEL04-SC,UOP01-DEL04-SC,2022
"495911,0",2022-12-28,quarta-feira,23:48:00,SC,101,"136,0",BALNEARIO CAMBORIU,Entrada inopinada do pedestre,Atropelamento de Pedestre,Com Vítimas Fatais,Plena Noite,Decrescente,Céu Claro,Múltipla,Curva,Sim,2,1,0,0,1,0,0,2,-27.0102883,-48.6146903,SPRF-SC,DEL04-SC,UOP03-DEL04-SC,2022
"495924,0",2022-11-19,sábado,21:00:00,SC,158,"140,9",PALMITOS,Demais falhas mecânicas ou elétricas,Saída de leito carroçável,Com Vítimas Feridas,Plena Noite,Crescente,Céu Claro,Simples,Reta,Não,2,0,1,0,0,1,1,2,-27.12575601,-53.21242903,SPRF-SC,DEL07-SC,UOP02-DEL07-SC,2022
"495967,0",2022-12-29,quinta-feira,09:30:00,SC,101,"13,5",GARUVA,Desrespeitar a preferência no cruzamento,Colisão transversal,Com Vítimas Feridas,Pleno dia,Crescente,Sol,Dupla,Retorno Regulamentado,Não,4,0,2,0,1,1,2,3,-26.08986803,-48.86345096,SPRF-SC,DEL03-SC,UOP01-DEL03-SC,2022
"496003,0",2022-12-29,quinta-feira,13:23:00,SC,101,"280,0",IMBITUBA,Condutor deixou de manter distância do veículo da frente,Colisão traseira,Com Vítimas Feridas,Pleno dia,Crescente,Céu Claro,Dupla,Reta,Não,3,0,1,0,2,0,1,3,-28.17962805,-48.6956297,SPRF-SC,DEL02-SC,UOP03-DEL02-SC,2022
"496009,0",2022-11-30,quarta-feira,23:02:00,SC,470,"39,0",GASPAR,Mal súbito do condutor,Colisão com objeto,Com Vítimas Fatais,Plena Noite,Decrescente,Chuva,Dupla,Curva,Não,1,1,0,0,0,0,0,1,-26.8928663,-48.9878279,SPRF-SC,DEL04-SC,UOP01-DEL04-SC,2022
"496097,0",2022-12-29,quinta-feira,17:05:00,SC,282,"498,8",XANXERE,Manobra de mudança de faixa,Colisão lateral mesmo sentido,Com Vítimas Feridas,Plena Noite,Crescente,Céu Claro,Simples,Reta,Não,4,0,2,0,2,0,2,2,-26.87978,-52.353825,SPRF-SC,DEL07-SC,UOP01-DEL07-SC,2022
"497088,0",2022-08-19,sexta-feira,18:46:00,SC,101,"140,0",ITAPEMA,Reação tardia ou ineficiente do condutor,Colisão lateral mesmo sentido,Sem Vítimas,Plena Noite,Decrescente,Nublado,Simples,Reta,Não,3,0,0,0,3,0,0,3,-27.03881189,-48.60025148,SPRF-SC,DEL04-SC,UOP03-DEL04-SC,2022
"497187,0",2022-12-19,segunda-feira,21:00:00,SC,153,"17,5",AGUA DOCE,Reação tardia ou ineficiente do condutor,Saída de leito carroçável,Com Vítimas Feridas,Plena Noite,Decrescente,Céu Claro,Simples,Reta,Não,2,0,1,0,0,1,1,2,-26.70455515,-51.59642821,SPRF-SC,DEL07-SC,UOP07-DEL07-SC,2022
"497242,0",2022-12-09,sexta-feira,11:15:00,SC,116,"179,5",SAO CRISTOVAO DO SUL,Reação tardia ou ineficiente do condutor,Colisão frontal,Com Vítimas Feridas,Pleno dia,Crescente,Nublado,Simples,Curva,Sim,3,0,0,1,1,1,1,3,-27.26318459,-50.44326425,SPRF-SC,DEL05-SC,UOP03-DEL05-SC,2022
"498751,0",2022-12-24,sábado,06:20:00,SC,116,"53,9",PAPANDUVA,Ausência de reação do condutor,Colisão com objeto,Com Vítimas Feridas,Pleno dia,Decrescente,Nublado,Simples,Rotatória,Sim,2,0,1,0,1,0,1,1,-26.39507957,-50.16237259,SPRF-SC,DEL06-SC,UOP02-DEL06-SC,2022
"498841,0",2022-12-20,terça-feira,12:45:00,SC,101,"114,1",ITAJAI,Condutor deixou de manter distância do veículo da frente,Colisão traseira,Com Vítimas Feridas,Pleno dia,Decrescente,Chuva,Dupla,Reta,Sim,4,0,1,0,2,1,1,3,-26.86192886,-48.7286704,SPRF-SC,DEL04-SC,UOP04-DEL04-SC,2022
"499479,0",2022-12-10,sábado,06:30:00,SC,116,"135,1",ITAIOPOLIS,Transitar na contramão,Colisão lateral sentido oposto,Com Vítimas Feridas,Pleno dia,Decrescente,Céu Claro,Simples,Reta,Não,3,0,1,0,1,1,1,3,-26.33741538,-50.00966309,SPRF-SC,DEL06-SC,UOP02-DEL06-SC,2022
"500038,0",2022-12-12,segunda-feira,02:50:00,SC,101,"221,5",PALHOCA,Reação tardia ou ineficiente do condutor,Colisão traseira,Com Vítimas Fatais,Plena Noite,Crescente,Céu Claro,Dupla,Reta,Sim,4,2,0,0,2,0,0,3,-27.7059977,-48.6579512,SPRF-SC,DEL01-SC,UOP02-DEL01-SC,2022
"500762,0",2022-10-25,terça-feira,17:10:00,SC,470,"269,2",BRUNOPOLIS,Velocidade Incompatível,Colisão lateral sentido oposto,Com Vítimas Feridas,Pleno dia,Decrescente,Céu Claro,Simples,Aclive;Curva,Não,3,0,0,1,1,1,1,3,-27.313988,-50.758327,SPRF-SC,DEL07-SC,UOP06-DEL07-SC,2022
"500902,0",2022-10-13,quinta-feira,07:20:00,SC,282,"393,7",JOACABA,Ausência de reação do condutor,Colisão frontal,Com Vítimas Fatais,Amanhecer,Decrescente,Céu Claro,Simples,Curva,Não,3,1,0,0,1,1,0,3,-27.1606142,-51.5736502,SPRF-SC,DEL07-SC,UOP05-DEL07-SC,2022
"502351,0",2022-12-13,terça-feira,15:00:00,SC,470,"348,5",CAMPOS NOVOS,Velocidade Incompatível,Saída de leito carroçável,Com Vítimas Feridas,Pleno dia,Crescente,Céu Claro,Simples,Curva,Não,2,0,0,1,0,1,1,2,-27.549416,-51.44669,SPRF-SC,DEL07-SC,UOP06-DEL07-SC,2022
"503002,0",2022-12-19,segunda-feira,19:25:00,SC,101,"210,0",SAO JOSE,Reação tardia ou ineficiente do condutor,Colisão lateral mesmo sentido,Com Vítimas Feridas,Plena Noite,Crescente,Chuva,Múltipla,Reta,Sim,4,0,0,1,0,3,1,4,-27.6167305,-48.6457265,SPRF-SC,DEL01-SC,UOP01-DEL01-SC,2022
"503520,0",2022-11-01,terça-feira,21:10:00,SC,116,"3,0",MAFRA,Transitar na contramão,Colisão frontal,Com Vítimas Feridas,Plena Noite,Decrescente,Garoa/Chuvisco,Simples,Reta,Não,5,0,1,1,1,2,2,4,-26.13073161,-49.79922442,SPRF-SC,DEL06-SC,UOP01-DEL06-SC,2022
"507489,0",2022-12-17,sábado,05:40:00,SC,470,"89,0",ASCURRA,Ausência de reação do condutor,Colisão lateral sentido oposto,Com Vítimas Feridas,Pleno dia,Crescente,Céu Claro,Simples,Declive,Sim,5,0,2,0,2,3,2,6,-26.961573,-49.371918,SPRF-SC,DEL04-SC,UOP01-DEL04-SC,2022
"509098,0",2022-11-23,quarta-feira,14:20:00,SC,101,"198,0",BIGUACU,Ausência de reação do condutor,Engavetamento,Com Vítimas Feridas,Pleno dia,Crescente,Céu Claro,Múltipla,Reta,Sim,3,0,0,1,2,0,1,3,-27.52658712,-48.63506019,SPRF-SC,DEL01-SC,UOP01-DEL01-SC,2022
"511063,0",2022-11-16,quarta-feira,11:00:00,SC,101,"86,0",BARRA VELHA,Condutor deixou de manter distância do veículo da frente,Colisão traseira,Com Vítimas Feridas,Pleno dia,Crescente,Sol,Múltipla,Interseção de Vias,Sim,3,0,0,1,2,0,1,3,-26.63754014,-48.69618595,SPRF-SC,DEL03-SC,UOP02-DEL03-SC,2022
"516636,0",2022-12-07,quarta-feira,03:10:00,SC,101,"326,0",CAPIVARI DE BAIXO,Condutor Dormindo,Colisão traseira,Com Vítimas Feridas,Plena Noite,Crescente,Céu Claro,Dupla,Reta,Sim,3,0,1,0,1,2,1,4,-28.42524483,-48.94302707,SPRF-SC,DEL02-SC,UOP01-DEL02-SC,2022
"520948,0",2022-06-12,domingo,19:20:00,SC,101,"111,0",ITAJAI,Ausência de reação do condutor,Colisão lateral mesmo sentido,Com Vítimas Feridas,Plena Noite,Crescente,Céu Claro,Múltipla,Reta,Não,5,0,2,0,2,1,2,4,-26.83955734,-48.71418074,SPRF-SC,DEL04-SC,UOP04-DEL04-SC,2022
"526810,0",2022-11-12,sábado,06:20:00,SC,282,"377,5",ERVAL VELHO,Ausência de reação do condutor,Colisão frontal,Com Vítimas Feridas,Amanhecer,Decrescente,Céu Claro,Simples,Curva,Não,2,0,0,1,1,0,1,2,-27.240368,-51.450195,SPRF-SC,DEL07-SC,UOP05-DEL07-SC,2022
"527574,0",2022-10-15,sábado,23:30:00,SC,101,"275,2",IMBITUBA,Ausência de reação do condutor,Colisão traseira,Com Vítimas Feridas,Plena Noite,Decrescente,Céu Claro,Dupla,Reta,Sim,3,0,0,1,1,2,1,4,-28.138086,-48.69218292,SPRF-SC,DEL02-SC,UOP03-DEL02-SC,2022
"529599,0",2022-12-20,terça-feira,07:25:00,SC,101,"212,0",PALHOCA,Trafegar com motocicleta (ou similar) entre as faixas,Colisão traseira,Com Vítimas Feridas,Pleno dia,Crescente,Chuva,Dupla,Reta,Sim,3,0,1,0,2,0,1,3,-27.62996929,-48.65903871,SPRF-SC,DEL01-SC,UOP02-DEL01-SC,2022
"532104,0",2022-12-22,quinta-feira,22:00:00,SC,470,"57,1",BLUMENAU,Demais falhas na via,Colisão lateral sentido oposto,Com Vítimas Feridas,Plena Noite,Crescente,Nublado,Simples,Reta,Sim,4,0,1,0,2,1,1,3,-26.880428,-49.136532,SPRF-SC,DEL04-SC,UOP01-DEL04-SC,2022
"535109,0",2022-10-23,domingo,15:00:00,SC,153,"69,7",IRANI,Transitar na contramão,Colisão frontal,Com Vítimas Fatais,Pleno dia,Decrescente,Céu Claro,Simples,Curva,Não,4,1,1,1,0,1,2,3,-27.053975,-51.888517,SPRF-SC,DEL07-SC,UOP04-DEL07-SC,2022
"536393,0",2022-11-25,sexta-feira,03:30:00,SC,470,"52,6",BLUMENAU,Ausência de reação do condutor,Colisão transversal,Sem Vítimas,Plena Noite,Crescente,Nublado,Simples,Interseção de Vias,Não,2,0,0,0,1,1,0,2,-26.862286,-49.093903,SPRF-SC,DEL04-SC,UOP01-DEL04-SC,2022
"542813,0",2022-01-11,terça-feira,10:00:00,SC,470,"154,2",TROMBUDO CENTRAL,Reação tardia ou ineficiente do condutor,Eventos atípicos,Com Vítimas Feridas,Pleno dia,Crescente,Céu Claro,Simples,Reta,Não,2,0,0,1,1,0,1,2,-27.275414,-49.742989,SPRF-SC,DEL04-SC,UOP02-DEL04-SC,2022
"581142,0",2022-11-10,quinta-feira,21:10:00,SC,101,"194,5",BIGUACU,Reação tardia ou ineficiente do condutor,Colisão traseira,Com Vítimas Feridas,Plena Noite,Decrescente,Céu Claro,Dupla,Reta,Sim,5,0,1,0,3,1,1,5,-27.49815117,-48.65661236,SPRF-SC,DEL01-SC,UOP01-DEL01-SC,2022
"585159,0",2022-07-15,sexta-feira,14:10:00,SC,470,"174,9",POUSO REDONDO,Carga excessiva e/ou mal acondicionada,Derramamento de carga,Com Vítimas Feridas,Pleno dia,Decrescente,Céu Claro,Simples,Desvio Temporário,Não,2,0,0,1,1,0,1,2,-27.258179,-49.929146,SPRF-SC,DEL04-SC,UOP02-DEL04-SC,2022
"585294,0",2022-11-12,sábado,11:40:00,SC,101,"227,4",PALHOCA,Condutor deixou de manter distância do veículo da frente,Colisão traseira,Com Vítimas Feridas,Pleno dia,Crescente,Sol,Múltipla,Reta,Não,5,0,1,0,3,1,1,4,-27.7597249,-48.63078869,SPRF-SC,DEL01-SC,UOP02-DEL01-SC,2022
"609931,0",2022-12-29,quinta-feira,12:45:00,SC,101,"332,3",TUBARAO,Problema na suspensão,Colisão com objeto,Com Vítimas Feridas,Pleno dia,Crescente,Céu Claro,Dupla,Reta,Não,2,0,1,0,0,1,1,2,-28.467402,-49.003676,SPRF-SC,DEL02-SC,UOP01-DEL02-SC,2022
"446828,0",2022-04-30,sábado,02:45:00,SC,470,"160,0",TROMBUDO CENTRAL,Velocidade Incompatível,Saída de leito carroçável,Sem Vítimas,Plena Noite,Crescente,Nublado,Simples,Curva,Não,2,0,0,0,1,1,0,2,-27.286278,-49.798035,SPRF-SC,DEL04-SC,UOP02-DEL04-SC,2022
"458022,0",2022-06-26,domingo,00:52:00,SC,101,"182,1",BIGUACU,Ausência de reação do condutor,Colisão com objeto,Com Vítimas Feridas,Plena Noite,Crescente,Nublado,Dupla,Reta,Sim,4,0,2,0,0,2,2,3,-27.39798985,-48.6303592,SPRF-SC,DEL01-SC,UOP01-DEL01-SC,2022
"460915,0",2022-07-10,domingo,16:30:00,SC,101,"111,0",NAVEGANTES,Reação tardia ou ineficiente do condutor,Colisão lateral mesmo sentido,Sem Vítimas,Pleno dia,Decrescente,Nublado,Dupla,Reta,Não,3,0,0,0,3,0,0,2,-26.83955734,-48.71418074,SPRF-SC,DEL04-SC,UOP04-DEL04-SC,2022
"461330,0",2022-07-12,terça-feira,18:50:00,SC,101,"206,0",SAO JOSE,Trafegar com motocicleta (ou similar) entre as faixas,Colisão lateral mesmo sentido,Com Vítimas Feridas,Plena Noite,Crescente,Nublado,Dupla,Reta,Sim,4,0,2,0,2,0,2,3,-27.59193546,-48.61824557,SPRF-SC,DEL01-SC,UOP01-DEL01-SC,2022
"462959,0",2022-05-09,segunda-feira,01:20:00,SC,101,"140,0",BALNEARIO CAMBORIU,Reação tardia ou ineficiente do condutor,Colisão traseira,Com Vítimas Fatais,Plena Noite,Crescente,Céu Claro,Simples,Aclive,Não,2,1,0,0,0,1,0,2,-27.03881189,-48.60025148,SPRF-SC,DEL04-SC,UOP03-DEL04-SC,2022