id,data_inversa,dia_semana,horario,uf,br,km,municipio,causa_acidente,tipo_acidente,classificacao_acidente,fase_dia,sentido_via,condicao_metereologica,tipo_pista,tracado_via,uso_solo,pessoas,mortos,feridos_leves,feridos_graves,ilesos,ignorados,feridos,veiculos,latitude,longitude,regional,delegacia,uop,ano_arquivo
"463380,0",2022-07-23,sábado,03:15:00,SC,101,"114,0",ITAJAI,Velocidade Incompatível,Saída de leito carroçável,Com Vítimas Feridas,Plena Noite,Crescente,Nublado,Múltipla,Interseção de Vias,Sim,4,0,1,1,0,2,2,3,-26.86192886,-48.7286704,SPRF-SC,DEL04-SC,UOP04-DEL04-SC,2022
"468078,0",2022-08-14,domingo,17:20:00,SC,101,"200,0",SAO JOSE,Manobra de mudança de faixa,Colisão lateral mesmo sentido,Com Vítimas Feridas,Pleno dia,Decrescente,Céu Claro,Dupla,Reta,Sim,6,0,0,2,2,2,2,4,-27.54018513,-48.62287714,SPRF-SC,DEL01-SC,UOP01-DEL01-SC,2022
"470189,0",2022-08-25,quinta-feira,13:10:00,SC,101,"187,0",BIGUACU,Ausência de reação do condutor,Colisão traseira,Com Vítimas Feridas,Pleno dia,Crescente,Céu Claro,Dupla,Reta,Sim,3,0,1,0,2,0,1,3,-27.44307116,-48.62848475,SPRF-SC,DEL01-SC,UOP01-DEL01-SC,2022
"478428,0",2022-08-23,terça-feira,12:10:00,SC,101,"117,8",ITAJAI,Trafegar com motocicleta (ou similar) entre as faixas,Colisão lateral mesmo sentido,Com Vítimas Feridas,Pleno dia,Crescente,Nublado,Dupla,Reta,Sim,2,0,1,0,0,1,1,2,-26.88747187,-48.72252969,SPRF-SC,DEL04-SC,UOP04-DEL04-SC,2022
"484021,0",2022-10-31,segunda-feira,00:00:00,SC,116,"141,0",SANTA CECILIA,Velocidade Incompatível,Colisão transversal,Sem Vítimas,Plena Noite,Crescente,Garoa/Chuvisco,Simples,Reta,Não,2,0,0,0,1,1,0,2,-26.97282394,-50.40309796,SPRF-SC,DEL06-SC,UOP02-DEL06-SC,2022
"459248,0",2022-07-02,sábado,16:00:00,SC,101,"417,0",ARARANGUA,Ingestão de álcool pelo condutor,Colisão com objeto,Sem Vítimas,Pleno dia,Decrescente,Sol,Dupla,Reta,Não,4,0,0,0,3,1,0,2,-28.97376391,-49.53023409,SPRF-SC,DEL02-SC,UOP02-DEL02-SC,2022
"486867,0",2022-11-14,segunda-feira,18:30:00,SC,101,"128,0",BALNEARIO CAMBORIU,Carga excessiva e/ou mal acondicionada,Tombamento,Com Vítimas Feridas,Anoitecer,Decrescente,Céu Claro,Dupla,Reta,Sim,4,0,2,0,1,2,2,4,-26.97284292,-48.68299451,SPRF-SC,DEL04-SC,UOP04-DEL04-SC,2022
"407847,0",2022-01-05,quarta-feira,13:00:00,SC,101,"334,8",TUBARAO,Acessar a via sem observar a presença dos outros veículos,Colisão lateral mesmo sentido,Com Vítimas Feridas,Pleno dia,Decrescente,Céu Claro,Múltipla,Reta,Sim,3,0,1,0,1,1,1,3,-28.46730446,-49.00604302,SPRF-SC,DEL02-SC,UOP01-DEL02-SC,2022
"410041,0",2022-01-20,quinta-feira,12:05:00,SC,282,"502,2",XANXERE,Acessar a via sem observar a presença dos outros veículos,Colisão traseira,Com Vítimas Feridas,Pleno dia,Decrescente,Céu Claro,Dupla,Rotatória,Sim,3,0,1,1,0,1,2,3,-26.88242112,-52.380023,SPRF-SC,DEL07-SC,UOP01-DEL07-SC,2022
"416095,0",2022-02-20,domingo,16:45:00,SC,101,"212,0",PALHOCA,Manobra de mudança de faixa,Colisão lateral mesmo sentido,Com Vítimas Feridas,Pleno dia,Crescente,Céu Claro,Múltipla,Reta,Sim,3,0,0,1,1,1,1,3,-27.62996929,-48.65903871,SPRF-SC,DEL01-SC,UOP02-DEL01-SC,2022
"418173,0",2022-02-28,segunda-feira,14:35:00,SC,470,"171,1",POUSO REDONDO,Transitar na contramão,Colisão frontal,Com Vítimas Feridas,Pleno dia,Decrescente,Céu Claro,Simples,Curva;Aclive,Não,6,0,1,1,3,1,2,4,-27.260828,-49.900455,SPRF-SC,DEL04-SC,UOP02-DEL04-SC,2022
"419372,0",2022-03-08,terça-feira,16:10:00,SC,101,"80,0",BARRA VELHA,Carga excessiva e/ou mal acondicionada,Colisão lateral mesmo sentido,Com Vítimas Feridas,Pleno dia,Decrescente,Céu Claro,Dupla,Reta,Não,4,0,2,0,1,1,2,3,-26.59441996,-48.72183309,SPRF-SC,DEL03-SC,UOP02-DEL03-SC,2022
"422646,0",2022-03-25,sexta-feira,12:55:00,SC,282,"446,6",PONTE SERRADA,Reação tardia ou ineficiente do condutor,Colisão frontal,Sem Vítimas,Pleno dia,Crescente,Garoa/Chuvisco,Simples,Aclive,Não,3,0,0,0,2,1,0,3,-26.910217,-51.914951,SPRF-SC,DEL07-SC,UOP04-DEL07-SC,2022
"442858,0",2022-04-11,segunda-feira,06:00:00,SC,116,"244,0",LAGES,Ingestão de álcool pelo condutor,Colisão frontal,Com Vítimas Feridas,Amanhecer,Crescente,Chuva,Simples,Reta,Não,7,0,1,1,4,1,2,3,-27.78925388,-50.35413817,SPRF-SC,DEL05-SC,UOP01-DEL05-SC,2022
"443083,0",2022-04-08,sexta-feira,22:10:00,SC,101,"223,0",PALHOCA,Carga excessiva e/ou mal acondicionada,Derramamento de carga,Sem Vítimas,Plena Noite,Crescente,Céu Claro,Dupla,Reta,Não,3,0,0,0,2,1,0,3,-27.71552634,-48.64881251,SPRF-SC,DEL01-SC,UOP02-DEL01-SC,2022
"445437,0",2022-04-22,sexta-feira,22:20:00,SC,470,"75,0",RODEIO,Mal súbito do condutor,Colisão lateral sentido oposto,Sem Vítimas,Plena Noite,Crescente,Chuva,Simples,Curva,Não,6,0,0,0,5,1,0,6,-26.924833,-49.284004,SPRF-SC,DEL04-SC,UOP01-DEL04-SC,2022
"449374,0",2022-05-12,quinta-feira,07:20:00,SC,101,"327,1",CAPIVARI DE BAIXO,Condutor deixou de manter distância do veículo da frente,Colisão traseira,Com Vítimas Feridas,Pleno dia,Crescente,Céu Claro,Dupla,Reta,Não,4,0,2,0,1,1,2,3,-28.43023306,-48.95205197,SPRF-SC,DEL02-SC,UOP01-DEL02-SC,2022
"455257,0",2022-06-11,sábado,18:45:00,SC,101,"329,4",TUBARAO,Manobra de mudança de faixa,Queda de ocupante de veículo,Com Vítimas Feridas,Plena Noite,Crescente,Céu Claro,Dupla,Reta,Não,4,0,1,0,1,2,1,3,-28.453948,-48.977893,SPRF-SC,DEL02-SC,UOP01-DEL02-SC,2022
"456632,0",2022-06-18,sábado,19:10:00,SC,101,"216,0",PALHOCA,Ausência de reação do condutor,Colisão lateral mesmo sentido,Com Vítimas Feridas,Plena Noite,Crescente,Céu Claro,Dupla,Curva,Sim,4,0,1,0,1,2,1,4,-27.65737755,-48.678434,SPRF-SC,DEL01-SC,UOP02-DEL01-SC,2022
"457973,0",2022-06-25,sábado,18:55:00,SC,101,"391,0",CRICIUMA,Reação tardia ou ineficiente do condutor,Colisão com objeto,Com Vítimas Feridas,Plena Noite,Crescente,Ignorado,Dupla,Reta,Não,4,0,1,0,2,1,1,4,-28.80004819,-49.36282789,SPRF-SC,DEL02-SC,UOP02-DEL02-SC,2022
"458538,0",2022-06-28,terça-feira,17:50:00,SC,101,"49,7",JOINVILLE,Condutor deixou de manter distância do veículo da frente,Colisão traseira,Com Vítimas Feridas,Anoitecer,Crescente,Céu Claro,Múltipla,Reta;Viaduto,Não,4,0,1,0,2,1,1,4,-26.36479799,-48.85878798,SPRF-SC,DEL03-SC,UOP01-DEL03-SC,2022
"460157,0",2022-07-07,quinta-feira,07:40:00,SC,282,"19,4",PALHOCA,Condutor deixou de manter distância do veículo da frente,Colisão traseira,Com Vítimas Feridas,Pleno dia,Decrescente,Sol,Simples,Reta,Sim,5,0,1,0,3,1,1,4,-27.678635,-48.70192,SPRF-SC,DEL01-SC,UOP02-DEL01-SC,2022
"464405,0",2022-07-28,quinta-feira,02:45:00,SC,282,"18,2",PALHOCA,Ausência de reação do condutor,Colisão traseira,Sem Vítimas,Plena Noite,Decrescente,Ignorado,Simples,Reta,Sim,3,0,0,0,2,1,0,3,-27.672798,-48.694286,SPRF-SC,DEL01-SC,UOP02-DEL01-SC,2022
"468182,0",2022-08-14,domingo,19:40:00,SC,280,"263,5",CANOINHAS,Manobra de mudança de faixa,Colisão frontal,Com Vítimas Fatais,Plena Noite,Crescente,Céu Claro,Simples,Aclive;Reta,Não,11,4,0,4,1,2,4,5,-26.262451,-50.666047,SPRF-SC,DEL06-SC,UOP04-DEL06-SC,2022
"470342,0",2022-08-26,sexta-feira,07:20:00,SC,101,"251,0",PAULO LOPES,Demais falhas mecânicas ou elétricas,Atropelamento de Pedestre,Com Vítimas Feridas,Pleno dia,Decrescente,Céu Claro,Dupla,Ponte,Não,4,0,0,2,1,1,2,3,-27.9490242,-48.67206568,SPRF-SC,DEL02-SC,UOP03-DEL02-SC,2022
"471679,0",2022-09-01,quinta-feira,20:10:00,SC,101,"343,0",TUBARAO,Iluminação deficiente,Saída de leito carroçável,Com Vítimas Feridas,Plena Noite,Crescente,Céu Claro,Dupla,Rotatória;Retorno Regulamentado;Curva,Sim,3,0,2,0,0,1,2,2,-28.52765702,-49.05615309,SPRF-SC,DEL02-SC,UOP01-DEL02-SC,2022
"474962,0",2022-09-17,sábado,13:15:00,SC,280,"33,5",ARAQUARI,Reação tardia ou ineficiente do condutor,Colisão frontal,Com Vítimas Feridas,Pleno dia,Crescente,Nublado,Simples,Reta,Não,6,0,3,0,2,1,3,4,-26.42642429,-48.78835201,SPRF-SC,DEL03-SC,UOP03-DEL03-SC,2022
"476800,0",2022-09-25,domingo,17:10:00,SC,101,"40,0",JOINVILLE,Reação tardia ou ineficiente do condutor,Colisão traseira,Sem Vítimas,Pleno dia,Crescente,Chuva,Dupla,Reta,Sim,4,0,0,0,3,1,0,3,-26.27176094,-48.89468382,SPRF-SC,DEL03-SC,UOP01-DEL03-SC,2022
"477176,0",2022-08-12,sexta-feira,13:10:00,SC,280,"97,6",SAO BENTO DO SUL,Velocidade Incompatível,Colisão transversal,Com Vítimas Feridas,Pleno dia,Decrescente,Garoa/Chuvisco,Simples,Curva;Declive,Não,7,0,1,3,2,1,4,3,-26.37113,-49.326654,SPRF-SC,DEL06-SC,UOP03-DEL06-SC,2022
"477755,0",2022-09-30,sexta-feira,14:30:00,SC,280,"5,7",SAO FRANCISCO DO SUL,Ausência de reação do condutor,Colisão transversal,Com Vítimas Feridas,Pleno dia,Crescente,Nublado,Simples,Reta,Não,4,0,0,1,2,1,1,4,-26.26011706,-48.62571995,SPRF-SC,DEL03-SC,UOP03-DEL03-SC,2022
"481313,0",2022-10-17,segunda-feira,17:10:00,SC,282,"58,2",RANCHO QUEIMADO,Ingestão de álcool pelo condutor,Colisão lateral mesmo sentido,Sem Vítimas,Pleno dia,Crescente,Nublado,Simples,Interseção de Vias;Aclive;Curva,Sim,4,0,0,0,3,1,0,3,-27.683594,-49.005539,SPRF-SC,DEL01-SC,UOP03-DEL01-SC,2022
"487157,0",2022-11-16,quarta-feira,06:45:00,SC,101,"119,0",ITAJAI,Velocidade Incompatível,Colisão lateral mesmo sentido,Com Vítimas Feridas,Pleno dia,Crescente,Céu Claro,Dupla,Reta,Sim,5,0,1,1,2,1,2,4,-26.9043179,-48.71555481,SPRF-SC,DEL04-SC,UOP04-DEL04-SC,2022
"488644,0",2022-11-23,quarta-feira,02:25:00,SC,282,"53,6",AGUAS MORNAS,Demais falhas mecânicas ou elétricas,Incêndio,Sem Vítimas,Plena Noite,Crescente,Céu Claro,Múltipla,Reta;Aclive,Não,2,0,0,0,1,1,0,2,-27.691511,-48.970215,SPRF-SC,DEL01-SC,UOP03-DEL01-SC,2022
"489968,0",2022-11-30,quarta-feira,17:42:00,SC,280,"122,8",RIO NEGRINHO,Deficiência do Sistema de Iluminação/Sinalização,Colisão lateral mesmo sentido,Com Vítimas Feridas,Pleno dia,Crescente,Céu Claro,Simples,Reta,Não,3,0,0,1,1,1,1,3,-26.24855895,-49.45712883,SPRF-SC,DEL06-SC,UOP03-DEL06-SC,2022
"490255,0",2022-12-02,sexta-feira,13:30:00,SC,282,"331,0",CAMPOS NOVOS,Transitar na contramão,Colisão lateral sentido oposto,Com Vítimas Feridas,Pleno dia,Crescente,Céu Claro,Simples,Curva,Não,11,0,2,2,4,3,4,5,-27.387941,-51.116081,SPRF-SC,DEL07-SC,UOP06-DEL07-SC,2022
"532942,0",2022-09-11,domingo,19:00:00,SC,282,"599,5",CUNHA PORA,Transitar na contramão,Colisão transversal,Com Vítimas Feridas,Plena Noite,Crescente,Nublado,Simples,Declive;Reta,Não,4,0,0,1,1,2,1,4,-26.820206,-53.155052,SPRF-SC,DEL07-SC,UOP02-DEL07-SC,2022
"405165,0",2022-01-01,sábado,04:35:00,SC,101,"213,4",PALHOCA,Ingestão de álcool pelo condutor,Colisão com objeto,Sem Vítimas,Amanhecer,Decrescente,Céu Claro,Múltipla,Declive,Sim,1,0,0,0,0,1,0,1,-27.63697369,-48.66514142,SPRF-SC,DEL01-SC,UOP02-DEL01-SC,2022
"405171,0",2022-01-01,sábado,00:45:00,SC,282,"607,2",MARAVILHA,Conversão proibida,Colisão transversal,Com Vítimas Feridas,Plena Noite,Crescente,Céu Claro,Simples,Reta;Aclive;Interseção de Vias,Não,3,0,0,2,0,1,2,2,-26.77013508,-53.2094264,SPRF-SC,DEL07-SC,UOP02-DEL07-SC,2022
"405180,0",2022-01-01,sábado,05:00:00,SC,101,"281,0",IMBITUBA,Ingestão de álcool pelo condutor,Capotamento,Com Vítimas Feridas,Amanhecer,Crescente,Céu Claro,Dupla,Reta,Não,1,0,0,1,0,0,1,1,-28.18793595,-48.69652041,SPRF-SC,DEL02-SC,UOP03-DEL02-SC,2022
"405181,0",2022-01-01,sábado,06:44:00,SC,101,"202,8",SAO JOSE,Reação tardia ou ineficiente do condutor,Colisão traseira,Com Vítimas Feridas,Pleno dia,Decrescente,Céu Claro,Múltipla,Reta,Sim,3,0,2,0,1,0,2,2,-27.55711595,-48.61897889,SPRF-SC,DEL01-SC,UOP01-DEL01-SC,2022
"405189,0",2022-01-01,sábado,06:30:00,SC,282,"109,8",ALFREDO WAGNER,Velocidade Incompatível,Saída de leito carroçável,Com Vítimas Feridas,Pleno dia,Decrescente,Céu Claro,Simples,Curva;Declive,Não,2,0,2,0,0,0,2,1,-27.719378,-49.3582,SPRF-SC,DEL01-SC,UOP03-DEL01-SC,2022
"405208,0",2022-01-01,sábado,08:00:00,SC,101,"116,1",ITAJAI,Reação tardia ou ineficiente do condutor,Saída de leito carroçável,Sem Vítimas,Pleno dia,Decrescente,Céu Claro,Múltipla,Reta,Sim,4,0,0,0,4,0,0,1,-26.87905605,-48.72603512,SPRF-SC,DEL04-SC,UOP04-DEL04-SC,2022
"405211,0",2022-01-01,sábado,06:35:00,SC,280,"72,7",JARAGUA DO SUL,Ingestão de álcool pelo condutor,Saída de leito carroçável,Com Vítimas Feridas,Pleno dia,Decrescente,Céu Claro,Simples,Reta,Não,1,0,1,0,0,0,1,1,-26.45955419,-49.14342101,SPRF-SC,DEL03-SC,UOP03-DEL03-SC,2022
"405214,0",2022-01-01,sábado,08:30:00,SC,282,"252,6",SAO JOSE DO CERRITO,Ausência de reação do condutor,Saída de leito carroçável,Com Vítimas Feridas,Pleno dia,Crescente,Céu Claro,Simples,Reta;Declive,Não,1,0,1,0,0,0,1,1,-27.691267,-50.561481,SPRF-SC,DEL05-SC,UOP02-DEL05-SC,2022
"405227,0",2022-01-01,sábado,06:15:00,SC,470,"16,0",ILHOTA,Velocidade Incompatível,Colisão traseira,Com Vítimas Fatais,Pleno dia,Crescente,Céu Claro,Dupla,Em Obras;Curva,Não,5,1,0,2,2,0,2,2,-26.842903,-48.7943664,SPRF-SC,DEL04-SC,UOP04-DEL04-SC,2022
"405228,0",2022-01-01,sábado,10:20:00,SC,101,"165,7",TIJUCAS,Condutor deixou de manter distância do veículo da frente,Colisão traseira,Com Vítimas Feridas,Pleno dia,Decrescente,Céu Claro,Dupla,Reta,Não,2,0,1,0,1,0,1,2,-27.252663,-48.63154894,SPRF-SC,DEL04-SC,UOP03-DEL04-SC,2022
"405230,0",2022-01-01,sábado,09:00:00,SC,101,"128,0",ITAJAI,Reação tardia ou ineficiente do condutor,Colisão com objeto,Sem Vítimas,Pleno dia,Crescente,Sol,Dupla,Reta,Não,1,0,0,0,0,1,0,1,-26.97284292,-48.68299451,SPRF-SC,DEL04-SC,UOP03-DEL04-SC,2022
"405248,0",2022-01-01,sábado,11:10:00,SC,470,"158,3",TROMBUDO CENTRAL,Acessar a via sem observar a presença dos outros veículos,Colisão transversal,Com Vítimas Feridas,Pleno dia,Crescente,Céu Claro,Simples,Interseção de Vias,Não,2,0,1,0,1,0,1,2,-27.287016,-49.778389,SPRF-SC,DEL04-SC,UOP02-DEL04-SC,2022
"405258,0",2022-01-01,sábado,14:20:00,SC,101,"208,5",SAO JOSE,Demais falhas mecânicas ou elétricas,Tombamento,Com Vítimas Feridas,Pleno dia,Decrescente,Céu Claro,Múltipla,Reta,Sim,2,0,0,2,0,0,2,1,-27.60327979,-48.63201818,SPRF-SC,DEL01-SC,UOP01-DEL01-SC,2022
"405266,0",2022-01-01,sábado,15:50:00,SC,101,"215,5",PALHOCA,Manobra de mudança de faixa,Tombamento,Com Vítimas Feridas,Pleno dia,Crescente,Céu Claro,Múltipla,Declive,Sim,3,0,2,0,0,1,2,2,-27.65184843,-48.67604941,SPRF-SC,DEL01-SC,UOP02-DEL01-SC,2022
"405267,0",2022-01-01,sábado,15:00:00,SC,101,"58,0",ARAQUARI,Demais falhas mecânicas ou elétricas,Queda de ocupante de veículo,Com Vítimas Feridas,Pleno dia,Crescente,Sol,Múltipla,Aclive,Não,2,0,2,0,0,0,2,1,-26.44025049,-48.80129043,SPRF-SC,DEL03-SC,UOP02-DEL03-SC,2022
"405270,0",2022-01-01,sábado,12:10:00,SC,280,"163,0",MAFRA,Condutor deixou de manter distância do veículo da frente,Engavetamento,Com Vítimas Feridas,Pleno dia,Crescente,Céu Claro,Simples,Reta,Não,12,0,2,0,10,0,2,3,-26.19739326,-49.79756122,SPRF-SC,DEL06-SC,UOP01-DEL06-SC,2022
"405283,0",2022-01-01,sábado,18:40:00,SC,101,"203,8",SAO JOSE,Reação tardia ou ineficiente do condutor,Colisão traseira,Sem Vítimas,Anoitecer,Crescente,Céu Claro,Múltipla,Reta,Sim,2,0,0,0,2,0,0,2,-27.5650044,-48.61460082,SPRF-SC,DEL01-SC,UOP01-DEL01-SC,2022
"405284,0",2022-01-01,sábado,18:40:00,SC,101,"136,0",BALNEARIO CAMBORIU,Ingestão de álcool ou de substâncias psicoativas pelo pedestre,Colisão lateral mesmo sentido,Com Vítimas Feridas,Pleno dia,Crescente,Céu Claro,Múltipla,Reta,Sim,2,0,1,0,1,0,1,2,-27.008113,-48.617245,SPRF-SC,DEL04-SC,UOP03-DEL04-SC,2022
"405295,0",2022-01-01,sábado,18:00:00,SC,282,"606,3",MARAVILHA,Ingestão de álcool pelo condutor,Colisão lateral mesmo sentido,Sem Vítimas,Pleno dia,Decrescente,Céu Claro,Simples,Reta,Sim,2,0,0,0,2,0,0,2,-26.778643,-53.198692,SPRF-SC,DEL07-SC,UOP02-DEL07-SC,2022
"405301,0",2022-01-01,sábado,16:15:00,SC,282,"444,7",PONTE SERRADA,Reação tardia ou ineficiente do condutor,Saída de leito carroçável,Com Vítimas Feridas,Pleno dia,Crescente,Nublado,Simples,Reta,Não,3,0,3,0,0,0,3,1,-26.915865,-51.901859,SPRF-SC,DEL07-SC,UOP04-DEL07-SC,2022
"405315,0",2022-01-02,domingo,00:00:00,SC,101,"199,0",BIGUACU,Velocidade Incompatível,Colisão lateral mesmo sentido,Com Vítimas Feridas,Plena Noite,Decrescente,Nublado,Múltipla,Reta,Sim,2,0,2,0,0,0,2,1,-27.53413705,-48.63003205,SPRF-SC,DEL01-SC,UOP01-DEL01-SC,2022
"405324,0",2022-01-02,domingo,01:40:00,SC,101,"282,8",IMBITUBA,Demais falhas mecânicas ou elétricas,Capotamento,Com Vítimas Feridas,Plena Noite,Crescente,Céu Claro,Simples,Reta,Sim,2,0,2,0,0,0,2,1,-28.19626005,-48.69739859,SPRF-SC,DEL02-SC,UOP03-DEL02-SC,2022
"405330,0",2022-01-01,sábado,18:30:00,SC,101,"318,0",PESCARIA BRAVA,Ausência de reação do condutor,Colisão frontal,Com Vítimas Feridas,Anoitecer,Decrescente,Céu Claro,Simples,Reta,Sim,2,0,0,1,1,0,1,2,-28.4266481,-48.86160099,SPRF-SC,DEL02-SC,UOP01-DEL02-SC,2022
"405332,0",2022-01-02,domingo,05:00:00,SC,101,"431,8",SOMBRIO,Condutor Dormindo,Saída de leito carroçável,Sem Vítimas,Amanhecer,Crescente,Nevoeiro/Neblina,Múltipla,Reta,Sim,1,0,0,0,1,0,0,1,-29.06569787,-49.62481499,SPRF-SC,DEL02-SC,UOP02-DEL02-SC,2022
"405334,0",2022-01-02,domingo,05:25:00,SC,282,"5,0",SAO JOSE,Reação tardia ou ineficiente do condutor,Colisão com objeto,Com Vítimas Feridas,Pleno dia,Crescente,Céu Claro,Dupla,Reta,Sim,2,0,0,1,1,0,1,2,-27.588425,-48.612919,SPRF-SC,DEL01-SC,UOP01-DEL01-SC,2022
"405363,0",2022-01-02,domingo,08:50:00,SC,101,"212,0",PALHOCA,Ausência de reação do condutor,Queda de ocupante de veículo,Com Vítimas Feridas,Pleno dia,Decrescente,Céu Claro,Dupla,Reta,Sim,2,0,1,0,1,0,1,1,-27.62996929,-48.65903871,SPRF-SC,DEL01-SC,UOP02-DEL01-SC,2022
"405366,0",2022-01-02,domingo,08:45:00,SC,101,"232,6",PALHOCA,Condutor Dormindo,Colisão com objeto,Com Vítimas Feridas,Pleno dia,Decrescente,Sol,Dupla,Reta,Sim,5,0,1,0,4,0,1,1,-27.80109255,-48.63751531,SPRF-SC,DEL01-SC,UOP02-DEL01-SC,2022
"405380,0",2022-01-02,domingo,10:30:00,SC,101,"222,9",PALHOCA,Ausência de reação do condutor,Colisão traseira,Com Vítimas Feridas,Pleno dia,Crescente,Céu Claro,Dupla,Declive,Sim,3,0,1,0,1,1,1,2,-27.70865409,-48.65586407,SPRF-SC,DEL01-SC,UOP02-DEL01-SC,2022
"405387,0",2022-01-02,domingo,10:00:00,SC,282,"203,0",LAGES,Condutor deixou de manter distância do veículo da frente,Engavetamento,Com Vítimas Feridas,Pleno dia,Crescente,Céu Claro,Simples,Reta,Não,15,0,3,0,12,0,3,5,-27.766741,-50.162296,SPRF-SC,DEL05-SC,UOP01-DEL05-SC,2022
"405406,0",2022-01-02,domingo,11:50:00,SC,101,"145,6",ITAPEMA,Reação tardia ou ineficiente do condutor,Colisão traseira,Sem Vítimas,Pleno dia,Decrescente,Céu Claro,Dupla,Reta,Sim,4,0,0,0,4,0,0,3,-27.08139206,-48.60130993,SPRF-SC,DEL04-SC,UOP03-DEL04-SC,2022
"405436,0",2022-01-02,domingo,14:30:00,SC,101,"351,5",JAGUARUNA,Manobra de mudança de faixa,Colisão traseira,Com Vítimas Feridas,Pleno dia,Decrescente,Céu Claro,Dupla,Reta,Não,3,0,2,0,1,0,2,2,-28.5977641,-49.04943589,SPRF-SC,DEL02-SC,UOP01-DEL02-SC,2022
"405437,0",2022-01-02,domingo,13:50:00,SC,101,"108,2",PENHA,Condutor deixou de manter distância do veículo da frente,Colisão traseira,Com Vítimas Fatais,Pleno dia,Decrescente,Sol,Dupla,Reta,Não,5,1,0,1,3,0,1,2,-26.82606902,-48.69052298,SPRF-SC,DEL03-SC,UOP02-DEL03-SC,2022
"405447,0",2022-01-02,domingo,15:50:00,SC,101,"194,0",BIGUACU,Ingestão de álcool pelo condutor,Colisão traseira,Com Vítimas Feridas,Pleno dia,Decrescente,Céu Claro,Dupla,Reta,Sim,2,0,0,1,1,0,1,2,-27.49815117,-48.65661236,SPRF-SC,DEL01-SC,UOP01-DEL01-SC,2022
"405451,0",2022-01-02,domingo,14:15:00,SC,101,"43,0",JOINVILLE,Condutor deixou de manter distância do veículo da frente,Colisão traseira,Sem Vítimas,Pleno dia,Decrescente,Céu Claro,Dupla,Reta,Não,2,0,0,0,2,0,0,2,-26.33130689,-48.86173725,SPRF-SC,DEL03-SC,UOP01-DEL03-SC,2022
"405452,0",2022-01-02,domingo,15:15:00,SC,101,"323,9",CAPIVARI DE BAIXO,Condutor deixou de manter distância do veículo da frente,Colisão traseira,Com Vítimas Feridas,Pleno dia,Crescente,Céu Claro,Dupla,Reta,Não,3,0,2,0,1,0,2,2,-28.42789556,-48.91248313,SPRF-SC,DEL02-SC,UOP01-DEL02-SC,2022
"405456,0",2022-01-02,domingo,14:50:00,SC,282,"203,8",LAGES,Reação tardia ou ineficiente do condutor,Colisão lateral mesmo sentido,Com Vítimas Feridas,Pleno dia,Crescente,Céu Claro,Simples,Declive,Não,14,0,2,1,11,0,3,5,-27.766741,-50.162296,SPRF-SC,DEL05-SC,UOP01-DEL05-SC,2022
"405465,0",2022-01-02,domingo,15:50:00,SC,101,"131,5",BALNEARIO CAMBORIU,Condutor deixou de manter distância do veículo da frente,Engavetamento,Com Vítimas Feridas,Pleno dia,Decrescente,Céu Claro,Dupla,Reta,Sim,4,0,1,0,3,0,1,3,-26.99064209,-48.66310912,SPRF-SC,DEL04-SC,UOP03-DEL04-SC,2022
"405476,0",2022-01-02,domingo,11:45:00,SC,470,"185,2",POUSO REDONDO,Condutor deixou de manter distância do veículo da frente,Colisão traseira,Com Vítimas Feridas,Pleno dia,Decrescente,Céu Claro,Simples,Declive,Não,3,0,1,1,0,1,2,2,-27.254034,-50.036575,SPRF-SC,DEL04-SC,UOP02-DEL04-SC,2022
"405477,0",2022-01-02,domingo,15:45:00,SC,470,"111,2",IBIRAMA,Ultrapassagem Indevida,Capotamento,Com Vítimas Feridas,Pleno dia,Crescente,Céu Claro,Simples,Curva,Não,2,0,2,0,0,0,2,1,-27.095388,-49.457878,SPRF-SC,DEL04-SC,UOP02-DEL04-SC,2022
"405515,0",2022-01-02,domingo,20:10:00,SC,470,"9,8",NAVEGANTES,Acessar a via sem observar a presença dos outros veículos,Colisão traseira,Sem Vítimas,Plena Noite,Decrescente,Céu Claro,Simples,Interseção de Vias,Não,2,0,0,0,1,1,0,2,-26.833143,-48.727432,SPRF-SC,DEL04-SC,UOP04-DEL04-SC,2022
"405520,0",2022-01-02,domingo,20:25:00,SC,101,"69,0",ARAQUARI,Reação tardia ou ineficiente do condutor,Queda de ocupante de veículo,Com Vítimas Feridas,Plena Noite,Decrescente,Céu Claro,Múltipla,Reta,Não,2,0,1,1,0,0,2,1,-26.50298009,-48.72814515,SPRF-SC,DEL03-SC,UOP02-DEL03-SC,2022
"405530,0",2022-01-02,domingo,19:08:00,SC,101,"344,2",TUBARAO,Pedestre cruzava a pista fora da faixa,Atropelamento de Pedestre,Com Vítimas Feridas,Anoitecer,Crescente,Nublado,Múltipla,Reta,Sim,2,0,0,1,1,0,1,2,-28.53647889,-49.0531826,SPRF-SC,DEL02-SC,UOP01-DEL02-SC,2022
"405537,0",2022-01-02,domingo,21:00:00,SC,282,"81,0",ALFREDO WAGNER,Acumulo de água sobre o pavimento,Saída de leito carroçável,Com Vítimas Feridas,Plena Noite,Crescente,Garoa/Chuvisco,Simples,Curva,Não,2,0,2,0,0,0,2,1,-27.662018,-49.168583,SPRF-SC,DEL01-SC,UOP03-DEL01-SC,2022