id,data_inversa,dia_semana,horario,uf,br,km,municipio,causa_acidente,tipo_acidente,classificacao_acidente,fase_dia,sentido_via,condicao_metereologica,tipo_pista,tracado_via,uso_solo,pessoas,mortos,feridos_leves,feridos_graves,ilesos,ignorados,feridos,veiculos,latitude,longitude,regional,delegacia,uop,ano_arquivo
"407390,0",2022-01-08,sábado,00:30:00,SC,101,"132,5",BALNEARIO CAMBORIU,Reação tardia ou ineficiente do condutor,Colisão com objeto,Com Vítimas Feridas,Plena Noite,Decrescente,Céu Claro,Múltipla,Reta,Sim,1,0,1,0,0,0,1,1,-26.99654133,-48.65564711,SPRF-SC,DEL04-SC,UOP03-DEL04-SC,2022
"407411,0",2022-01-08,sábado,04:25:00,SC,282,"531,9",CORDILHEIRA ALTA,Ingestão de álcool e/ou substâncias psicoativas pelo pedestre,Colisão frontal,Com Vítimas Feridas,Plena Noite,Crescente,Céu Claro,Simples,Curva,Não,6,0,0,1,4,1,1,3,-26.990747,-52.609776,SPRF-SC,DEL07-SC,UOP01-DEL07-SC,2022
"407413,0",2022-01-08,sábado,06:40:00,SC,282,"16,0",PALHOCA,Ingestão de álcool pelo condutor,Colisão lateral mesmo sentido,Com Vítimas Feridas,Amanhecer,Crescente,Céu Claro,Simples,Reta,Sim,2,0,1,0,1,0,1,2,-27.658611,-48.681847,SPRF-SC,DEL01-SC,UOP02-DEL01-SC,2022
"407423,0",2022-01-08,sábado,05:20:00,SC,470,"0,1",NAVEGANTES,Ingestão de álcool pelo condutor,Colisão traseira,Com Vítimas Feridas,Pleno dia,Decrescente,Céu Claro,Simples,Rotatória,Sim,2,0,1,0,1,0,1,2,-26.88232,-48.66183,SPRF-SC,DEL04-SC,UOP04-DEL04-SC,2022
"407424,0",2022-01-08,sábado,05:45:00,SC,280,"233,6",CANOINHAS,Ingestão de álcool pelo condutor,Colisão lateral sentido oposto,Sem Vítimas,Amanhecer,Decrescente,Céu Claro,Simples,Reta,Não,3,0,0,0,2,1,0,3,-26.19146187,-50.39215,SPRF-SC,DEL06-SC,UOP04-DEL06-SC,2022
"407444,0",2022-01-08,sábado,09:05:00,SC,101,"216,4",PALHOCA,Acessar a via sem observar a presença dos outros veículos,Colisão lateral mesmo sentido,Com Vítimas Feridas,Pleno dia,Crescente,Nublado,Múltipla,Reta,Sim,2,0,1,0,1,0,1,2,-27.66232052,-48.67652535,SPRF-SC,DEL01-SC,UOP02-DEL01-SC,2022
"407469,0",2022-01-08,sábado,12:00:00,SC,101,"191,0",BIGUACU,Ausência de reação do condutor,Colisão traseira,Com Vítimas Feridas,Pleno dia,Decrescente,Céu Claro,Dupla,Reta,Não,4,0,2,0,2,0,2,2,-27.47730273,-48.64127329,SPRF-SC,DEL01-SC,UOP01-DEL01-SC,2022
"407480,0",2022-01-08,sábado,11:00:00,SC,116,"160,2",PONTE ALTA DO NORTE,Condutor Dormindo,Saída de leito carroçável,Com Vítimas Feridas,Pleno dia,Decrescente,Céu Claro,Simples,Reta,Não,1,0,1,0,0,0,1,1,-27.10810008,-50.45597767,SPRF-SC,DEL06-SC,UOP02-DEL06-SC,2022
"407486,0",2022-01-08,sábado,09:00:00,SC,163,"89,9",GUARACIABA,Condutor deixou de manter distância do veículo da frente,Colisão traseira,Com Vítimas Fatais,Pleno dia,Decrescente,Céu Claro,Simples,Em Obras;Reta;Interseção de Vias;Aclive,Não,5,1,0,3,1,0,3,3,-26.56512451,-53.50941539,SPRF-SC,DEL07-SC,UOP03-DEL07-SC,2022
"407495,0",2022-01-08,sábado,11:55:00,SC,101,"323,0",CAPIVARI DE BAIXO,Reação tardia ou ineficiente do condutor,Colisão com objeto,Sem Vítimas,Pleno dia,Crescente,Nublado,Simples,Reta,Sim,1,0,0,0,1,0,0,1,-28.42789556,-48.91248313,SPRF-SC,DEL02-SC,UOP01-DEL02-SC,2022
"407505,0",2022-01-08,sábado,15:45:00,SC,101,"202,0",SAO JOSE,Transitar no acostamento,Colisão traseira,Com Vítimas Feridas,Pleno dia,Crescente,Céu Claro,Simples,Reta,Sim,3,0,1,0,1,1,1,3,-27.55711595,-48.61897889,SPRF-SC,DEL01-SC,UOP01-DEL01-SC,2022
"407513,0",2022-01-08,sábado,16:29:00,SC,101,"146,0",ITAPEMA,Ingestão de álcool pelo condutor,Colisão traseira,Sem Vítimas,Pleno dia,Decrescente,Céu Claro,Dupla,Reta,Sim,2,0,0,0,2,0,0,2,-27.08666525,-48.60955587,SPRF-SC,DEL04-SC,UOP03-DEL04-SC,2022
"407549,0",2022-01-08,sábado,18:00:00,SC,470,"126,3",LONTRAS,Velocidade Incompatível,Colisão transversal,Com Vítimas Feridas,Pleno dia,Crescente,Sol,Simples,Reta,Sim,3,0,2,0,1,0,2,2,-27.129,-49.538277,SPRF-SC,DEL04-SC,UOP02-DEL04-SC,2022
"407596,0",2022-01-08,sábado,23:27:00,SC,101,"201,5",SAO JOSE,Avarias e/ou desgaste excessivo no pneu,Tombamento,Com Vítimas Feridas,Plena Noite,Crescente,Nublado,Múltipla,Reta,Sim,2,0,2,0,0,0,2,1,-27.55305353,-48.61952305,SPRF-SC,DEL01-SC,UOP01-DEL01-SC,2022
"407611,0",2022-01-09,domingo,01:00:00,SC,280,"122,0",RIO NEGRINHO,Ingestão de álcool pelo condutor,Colisão traseira,Com Vítimas Feridas,Plena Noite,Crescente,Nublado,Simples,Reta,Não,2,0,0,1,1,0,1,2,-26.24855895,-49.45712883,SPRF-SC,DEL06-SC,UOP03-DEL06-SC,2022
"407626,0",2022-01-09,domingo,03:00:00,SC,101,"424,8",ARARANGUA,Reação tardia ou ineficiente do condutor,Saída de leito carroçável,Sem Vítimas,Plena Noite,Crescente,Ignorado,Simples,Reta,Sim,1,0,0,0,1,0,0,1,-29.01601155,-49.58269226,SPRF-SC,DEL02-SC,UOP02-DEL02-SC,2022
"407628,0",2022-01-09,domingo,05:50:00,SC,470,"7,2",NAVEGANTES,Ingestão de álcool pelo condutor,Colisão traseira,Com Vítimas Feridas,Amanhecer,Crescente,Garoa/Chuvisco,Simples,Em Obras;Viaduto;Desvio Temporário;Curva,Não,2,0,0,1,1,0,1,2,-26.84499,-48.71505,SPRF-SC,DEL04-SC,UOP04-DEL04-SC,2022
"407629,0",2022-01-09,domingo,03:30:00,SC,282,"646,0",SAO MIGUEL DO OESTE,Ingestão de álcool pelo condutor,Capotamento,Com Vítimas Feridas,Plena Noite,Crescente,Céu Claro,Simples,Interseção de Vias;Rotatória,Sim,1,0,1,0,0,0,1,1,-26.76143708,-53.50005984,SPRF-SC,DEL07-SC,UOP03-DEL07-SC,2022
"407630,0",2022-01-09,domingo,04:00:00,SC,282,"350,0",CAMPOS NOVOS,Ausência de reação do condutor,Saída de leito carroçável,Com Vítimas Feridas,Plena Noite,Crescente,Céu Claro,Simples,Curva,Não,1,0,1,0,0,0,1,1,-27.358767,-51.29229,SPRF-SC,DEL07-SC,UOP06-DEL07-SC,2022
"407635,0",2022-01-09,domingo,06:15:00,SC,101,"48,0",JOINVILLE,Velocidade Incompatível,Colisão com objeto,Com Vítimas Feridas,Pleno dia,Crescente,Nublado,Dupla,Curva;Declive,Não,1,0,1,0,0,0,1,1,-26.37872159,-48.85173798,SPRF-SC,DEL03-SC,UOP01-DEL03-SC,2022
"407642,0",2022-01-08,sábado,22:50:00,SC,116,"131,0",SANTA CECILIA,Ingestão de álcool pelo condutor,Saída de leito carroçável,Com Vítimas Feridas,Plena Noite,Crescente,Nublado,Simples,Reta,Não,1,0,1,0,0,0,1,1,-26.89968986,-50.43667825,SPRF-SC,DEL06-SC,UOP02-DEL06-SC,2022
"407659,0",2022-01-09,domingo,07:30:00,SC,101,"371,5",ICARA,Ingestão de álcool pelo condutor,Saída de leito carroçável,Sem Vítimas,Pleno dia,Crescente,Céu Claro,Dupla,Curva,Não,1,0,0,0,1,0,0,1,-28.70403682,-49.2008731,SPRF-SC,DEL02-SC,UOP01-DEL02-SC,2022
"407682,0",2022-01-09,domingo,12:00:00,SC,101,"289,0",IMBITUBA,Acesso irregular,Colisão transversal,Sem Vítimas,Pleno dia,Decrescente,Nublado,Múltipla,Retorno Regulamentado;Viaduto;Curva;Rotatória;Interseção de Vias,Sim,3,0,0,0,3,0,0,2,-28.25395282,-48.70289554,SPRF-SC,DEL02-SC,UOP03-DEL02-SC,2022
"407688,0",2022-01-09,domingo,09:30:00,SC,101,"135,3",BALNEARIO CAMBORIU,Transitar no acostamento,Colisão com objeto,Com Vítimas Feridas,Pleno dia,Decrescente,Nublado,Múltipla,Reta,Sim,1,0,1,0,0,0,1,1,-27.0050108,-48.62677494,SPRF-SC,DEL04-SC,UOP03-DEL04-SC,2022
"407689,0",2022-01-09,domingo,11:46:00,SC,101,"117,3",ITAJAI,Desrespeitar a preferência no cruzamento,Colisão transversal,Com Vítimas Feridas,Pleno dia,Decrescente,Nublado,Dupla,Rotatória,Não,4,0,2,0,0,2,2,3,-26.88747187,-48.72252969,SPRF-SC,DEL04-SC,UOP04-DEL04-SC,2022
"407696,0",2022-01-09,domingo,11:00:00,SC,101,"335,3",TUBARAO,Transitar na contramão,Colisão frontal,Com Vítimas Feridas,Pleno dia,Decrescente,Nublado,Múltipla,Interseção de Vias,Sim,2,0,1,0,1,0,1,2,-28.46927473,-49.01557908,SPRF-SC,DEL02-SC,UOP01-DEL02-SC,2022
"407700,0",2022-01-09,domingo,13:00:00,SC,101,"125,6",ITAJAI,Condutor deixou de manter distância do veículo da frente,Colisão traseira,Com Vítimas Feridas,Pleno dia,Decrescente,Céu Claro,Dupla,Declive,Não,2,0,1,0,1,0,1,2,-26.94802427,-48.68338515,SPRF-SC,DEL04-SC,UOP04-DEL04-SC,2022
"407701,0",2022-01-09,domingo,15:10:00,SC,101,"190,9",BIGUACU,Velocidade Incompatível,Colisão com objeto,Com Vítimas Feridas,Pleno dia,Crescente,Garoa/Chuvisco,Dupla,Curva,Sim,2,0,1,0,1,0,1,1,-27.468056,-48.641712,SPRF-SC,DEL01-SC,UOP01-DEL01-SC,2022
"407714,0",2022-01-09,domingo,13:00:00,SC,282,"568,0",NOVA ERECHIM,Condutor deixou de manter distância do veículo da frente,Colisão traseira,Com Vítimas Feridas,Pleno dia,Decrescente,Nublado,Simples,Reta,Sim,2,0,2,0,0,0,2,2,-26.899681,-52.915756,SPRF-SC,DEL07-SC,UOP02-DEL07-SC,2022
"407715,0",2022-01-09,domingo,15:15:00,SC,101,"210,5",SAO JOSE,Condutor deixou de manter distância do veículo da frente,Colisão traseira,Com Vítimas Feridas,Pleno dia,Crescente,Garoa/Chuvisco,Múltipla,Interseção de Vias,Sim,4,0,1,0,2,1,1,3,-27.62007751,-48.64916682,SPRF-SC,DEL01-SC,UOP01-DEL01-SC,2022
"407718,0",2022-01-09,domingo,17:00:00,SC,101,"409,3",ARARANGUA,Condutor deixou de manter distância do veículo da frente,Colisão traseira,Com Vítimas Feridas,Pleno dia,Decrescente,Nublado,Simples,Reta,Sim,2,0,1,0,1,0,1,2,-28.93875861,-49.49718475,SPRF-SC,DEL02-SC,UOP02-DEL02-SC,2022
"407724,0",2022-01-09,domingo,17:20:00,SC,101,"142,0",ITAPEMA,Acumulo de água sobre o pavimento,Colisão com objeto,Com Vítimas Feridas,Pleno dia,Crescente,Chuva,Dupla,Curva,Sim,2,0,0,1,1,0,1,1,-27.056089,-48.599449,SPRF-SC,DEL04-SC,UOP03-DEL04-SC,2022
"407727,0",2022-01-09,domingo,16:45:00,SC,470,"124,5",LONTRAS,Acessar a via sem observar a presença dos outros veículos,Colisão frontal,Com Vítimas Feridas,Pleno dia,Crescente,Nublado,Simples,Reta,Não,7,0,6,0,1,0,6,3,-27.113192,-49.529163,SPRF-SC,DEL04-SC,UOP02-DEL04-SC,2022
"407749,0",2022-01-09,domingo,19:20:00,SC,163,"70,4",SAO MIGUEL DO OESTE,Acessar a via sem observar a presença dos outros veículos,Colisão lateral mesmo sentido,Com Vítimas Feridas,Anoitecer,Crescente,Céu Claro,Simples,Curva,Sim,2,0,1,0,1,0,1,2,-26.73461723,-53.50680015,SPRF-SC,DEL07-SC,UOP03-DEL07-SC,2022
"407757,0",2022-01-09,domingo,11:40:00,SC,280,"293,0",PORTO UNIAO,Ausência de reação do condutor,Queda de ocupante de veículo,Com Vítimas Feridas,Pleno dia,Crescente,Céu Claro,Simples,Reta,Não,2,0,2,0,0,0,2,1,-26.29680504,-50.95533402,SPRF-SC,DEL06-SC,UOP04-DEL06-SC,2022
"407765,0",2022-01-09,domingo,21:10:00,SC,101,"200,9",SAO JOSE,Ausência de sinalização,Colisão traseira,Com Vítimas Feridas,Plena Noite,Decrescente,Chuva,Dupla,Reta,Sim,3,0,1,0,2,0,1,2,-27.54018513,-48.62287714,SPRF-SC,DEL01-SC,UOP01-DEL01-SC,2022
"407767,0",2022-01-09,domingo,21:10:00,SC,101,"75,0",ARAQUARI,Acumulo de água sobre o pavimento,Colisão com objeto,Com Vítimas Feridas,Plena Noite,Crescente,Chuva,Dupla,Reta,Não,2,0,2,0,0,0,2,1,-26.5519717,-48.71688324,SPRF-SC,DEL03-SC,UOP02-DEL03-SC,2022
"407795,0",2022-01-09,domingo,21:40:00,SC,101,"114,0",ITAJAI,Velocidade Incompatível,Saída de leito carroçável,Sem Vítimas,Plena Noite,Crescente,Chuva,Múltipla,Reta,Sim,1,0,0,0,0,1,0,1,-26.86192886,-48.7286704,SPRF-SC,DEL04-SC,UOP04-DEL04-SC,2022
"407805,0",2022-01-09,domingo,20:10:00,SC,280,"141,0",MAFRA,Ingestão de álcool pelo condutor,Colisão frontal,Com Vítimas Feridas,Plena Noite,Crescente,Chuva,Simples,Reta,Não,7,0,3,0,4,0,3,3,-26.25554922,-49.62558746,SPRF-SC,DEL06-SC,UOP03-DEL06-SC,2022
"407806,0",2022-01-09,domingo,18:30:00,SC,280,"91,5",CORUPA,Transitar na contramão,Colisão frontal,Com Vítimas Feridas,Anoitecer,Crescente,Chuva,Simples,Curva;Declive,Não,4,0,3,0,1,0,3,2,-26.40198057,-49.29053774,SPRF-SC,DEL06-SC,UOP03-DEL06-SC,2022
"407827,0",2022-01-10,segunda-feira,04:35:00,SC,101,"63,7",ARAQUARI,Chuva,Colisão frontal,Com Vítimas Feridas,Amanhecer,Crescente,Chuva,Dupla,Curva,Sim,9,0,5,1,3,0,6,2,-26.45898367,-48.7584088,SPRF-SC,DEL03-SC,UOP02-DEL03-SC,2022
"407830,0",2022-01-10,segunda-feira,02:30:00,SC,280,"74,5",JARAGUA DO SUL,Transitar na contramão,Colisão frontal,Com Vítimas Feridas,Plena Noite,Crescente,Chuva,Simples,Reta,Não,2,0,1,0,0,1,1,2,-26.45877322,-49.16147801,SPRF-SC,DEL03-SC,UOP03-DEL03-SC,2022
"407840,0",2022-01-10,segunda-feira,01:00:00,SC,470,"172,0",POUSO REDONDO,Velocidade Incompatível,Saída de leito carroçável,Com Vítimas Feridas,Plena Noite,Decrescente,Garoa/Chuvisco,Simples,Reta,Não,2,0,1,0,1,0,1,1,-27.257526,-49.909592,SPRF-SC,DEL04-SC,UOP02-DEL04-SC,2022
"407929,0",2022-01-10,segunda-feira,13:00:00,SC,101,"215,6",PALHOCA,Acessar a via sem observar a presença dos outros veículos,Colisão lateral mesmo sentido,Com Vítimas Feridas,Pleno dia,Crescente,Nublado,Múltipla,Interseção de Vias,Sim,2,0,1,0,1,0,1,2,-27.65184843,-48.67604941,SPRF-SC,DEL01-SC,UOP02-DEL01-SC,2022
"407947,0",2022-01-10,segunda-feira,13:30:00,SC,101,"327,2",CAPIVARI DE BAIXO,Desrespeitar a preferência no cruzamento,Colisão transversal,Com Vítimas Feridas,Pleno dia,Crescente,Céu Claro,Múltipla,Reta;Rotatória;Interseção de Vias,Sim,2,0,1,0,1,0,1,2,-28.439628,-48.962641,SPRF-SC,DEL02-SC,UOP01-DEL02-SC,2022
"407953,0",2022-01-10,segunda-feira,13:45:00,SC,101,"149,1",ITAPEMA,Acessar a via sem observar a presença dos outros veículos,Colisão transversal,Com Vítimas Feridas,Pleno dia,Crescente,Chuva,Múltipla,Reta,Sim,2,0,0,1,1,0,1,2,-27.1089649,-48.61277586,SPRF-SC,DEL04-SC,UOP03-DEL04-SC,2022
"407958,0",2022-01-10,segunda-feira,15:35:00,SC,101,"120,8",ITAJAI,Trafegar com motocicleta (ou similar) entre as faixas,Colisão lateral mesmo sentido,Com Vítimas Feridas,Pleno dia,Decrescente,Céu Claro,Múltipla,Reta,Sim,4,0,1,0,3,0,1,2,-26.912758,-48.711998,SPRF-SC,DEL04-SC,UOP04-DEL04-SC,2022
"407995,0",2022-01-10,segunda-feira,17:40:00,SC,101,"97,8",BALNEARIO PICARRAS,Reação tardia ou ineficiente do condutor,Queda de ocupante de veículo,Com Vítimas Feridas,Pleno dia,Decrescente,Nublado,Dupla,Reta,Não,1,0,1,0,0,0,1,1,-26.738063,-48.698609,SPRF-SC,DEL03-SC,UOP02-DEL03-SC,2022
"407998,0",2022-01-10,segunda-feira,16:20:00,SC,101,"50,0",JOINVILLE,Frear bruscamente,Colisão traseira,Com Vítimas Feridas,Pleno dia,Decrescente,Chuva,Dupla,Reta,Sim,3,0,1,0,2,0,1,2,-26.37546719,-48.85479619,SPRF-SC,DEL03-SC,UOP01-DEL03-SC,2022
"408004,0",2022-01-10,segunda-feira,19:15:00,SC,101,"223,5",PALHOCA,Pista Escorregadia,Colisão com objeto,Com Vítimas Feridas,Plena Noite,Crescente,Garoa/Chuvisco,Dupla,Reta,Não,1,0,1,0,0,0,1,1,-27.71552634,-48.64881251,SPRF-SC,DEL01-SC,UOP02-DEL01-SC,2022
"408007,0",2022-01-10,segunda-feira,19:10:00,SC,282,"17,8",PALHOCA,Acesso irregular,Colisão lateral mesmo sentido,Com Vítimas Feridas,Plena Noite,Crescente,Nublado,Simples,Interseção de Vias,Sim,2,0,1,0,1,0,1,2,-27.67272053,-48.69419575,SPRF-SC,DEL01-SC,UOP02-DEL01-SC,2022
"408014,0",2022-01-10,segunda-feira,18:20:00,SC,101,"335,0",TUBARAO,Ausência de reação do condutor,Atropelamento de Animal,Com Vítimas Feridas,Pleno dia,Decrescente,Céu Claro,Múltipla,Reta,Sim,1,0,1,0,0,0,1,1,-28.46927473,-49.01557908,SPRF-SC,DEL02-SC,UOP01-DEL02-SC,2022
"408015,0",2022-01-10,segunda-feira,16:45:00,SC,470,"45,0",GASPAR,Desrespeitar a preferência no cruzamento,Colisão traseira,Com Vítimas Feridas,Pleno dia,Decrescente,Céu Claro,Simples,Reta,Não,2,0,2,0,0,0,2,2,-26.867064,-49.031109,SPRF-SC,DEL04-SC,UOP01-DEL04-SC,2022
"408038,0",2022-01-11,terça-feira,04:45:00,SC,280,"54,0",GUARAMIRIM,Retorno proibido,Colisão transversal,Com Vítimas Feridas,Plena Noite,Crescente,Chuva,Dupla,Reta;Em Obras,Sim,3,0,1,0,2,0,1,2,-26.47539893,-48.983748,SPRF-SC,DEL03-SC,UOP03-DEL03-SC,2022
"408049,0",2022-01-11,terça-feira,08:50:00,SC,101,"132,3",BALNEARIO CAMBORIU,Condutor deixou de manter distância do veículo da frente,Colisão transversal,Com Vítimas Feridas,Pleno dia,Decrescente,Nublado,Dupla,Reta,Sim,2,0,1,0,1,0,1,2,-26.99654133,-48.65564711,SPRF-SC,DEL04-SC,UOP03-DEL04-SC,2022
"408052,0",2022-01-11,terça-feira,09:00:00,SC,101,"200,0",SAO JOSE,Ausência de reação do condutor,Colisão traseira,Com Vítimas Feridas,Pleno dia,Crescente,Sol,Múltipla,Reta,Sim,3,0,1,0,2,0,1,2,-27.54018513,-48.62287714,SPRF-SC,DEL01-SC,UOP01-DEL01-SC,2022
"408053,0",2022-01-11,terça-feira,07:15:00,SC,101,"118,9",ITAJAI,Reação tardia ou ineficiente do condutor,Colisão traseira,Com Vítimas Feridas,Pleno dia,Decrescente,Céu Claro,Simples,Reta,Não,2,0,0,1,1,0,1,2,-26.895859,-48.71903,SPRF-SC,DEL04-SC,UOP04-DEL04-SC,2022
"408078,0",2022-01-11,terça-feira,12:30:00,SC,101,"123,2",ITAJAI,Desrespeitar a preferência no cruzamento,Colisão transversal,Com Vítimas Feridas,Pleno dia,Crescente,Céu Claro,Simples,Interseção de Vias,Sim,2,0,1,0,1,0,1,2,-26.93668609,-48.69876905,SPRF-SC,DEL04-SC,UOP04-DEL04-SC,2022
"408081,0",2022-01-11,terça-feira,13:00:00,SC,101,"41,0",JOINVILLE,Velocidade Incompatível,Colisão com objeto,Com Vítimas Feridas,Pleno dia,Crescente,Nublado,Dupla,Curva,Sim,1,0,1,0,0,0,1,1,-26.28215489,-48.88973081,SPRF-SC,DEL03-SC,UOP01-DEL03-SC,2022
"408097,0",2022-01-11,terça-feira,14:55:00,SC,470,"54,0",BLUMENAU,Conversão proibida,Colisão transversal,Com Vítimas Feridas,Pleno dia,Crescente,Nublado,Simples,Curva,Sim,2,0,0,1,1,0,1,2,-26.87114776,-49.11098957,SPRF-SC,DEL04-SC,UOP01-DEL04-SC,2022
"408099,0",2022-01-11,terça-feira,15:00:00,SC,101,"134,0",BALNEARIO CAMBORIU,Ausência de reação do condutor,Colisão traseira,Sem Vítimas,Pleno dia,Decrescente,Céu Claro,Simples,Declive,Sim,3,0,0,0,3,0,0,3,-27.00218,-48.636433,SPRF-SC,DEL04-SC,UOP03-DEL04-SC,2022
"408103,0",2022-01-11,terça-feira,13:30:00,SC,101,"432,3",SOMBRIO,Demais falhas mecânicas ou elétricas,Tombamento,Com Vítimas Feridas,Pleno dia,Decrescente,Céu Claro,Dupla,Reta,Não,2,0,1,1,0,0,2,1,-29.07326609,-49.62717768,SPRF-SC,DEL02-SC,UOP02-DEL02-SC,2022
"408107,0",2022-01-11,terça-feira,16:30:00,SC,282,"6,0",SAO JOSE,Acumulo de óleo sobre o pavimento,Tombamento,Com Vítimas Feridas,Pleno dia,Crescente,Nublado,Dupla,Declive,Sim,1,0,0,1,0,0,1,1,-27.591936,-48.618244,SPRF-SC,DEL01-SC,UOP01-DEL01-SC,2022
"408119,0",2022-01-11,terça-feira,17:30:00,SC,282,"23,8",PALHOCA,Velocidade Incompatível,Colisão transversal,Com Vítimas Feridas,Pleno dia,Decrescente,Céu Claro,Simples,Reta,Sim,3,0,2,0,1,0,2,2,-27.687958,-48.736794,SPRF-SC,DEL01-SC,UOP03-DEL01-SC,2022
"408136,0",2022-01-11,terça-feira,16:30:00,SC,163,"70,8",SAO MIGUEL DO OESTE,Acessar a via sem observar a presença dos outros veículos,Colisão transversal,Com Vítimas Feridas,Pleno dia,Decrescente,Céu Claro,Dupla,Interseção de Vias,Sim,3,0,2,0,1,0,2,2,-26.72967323,-53.5115236,SPRF-SC,DEL07-SC,UOP03-DEL07-SC,2022
"408159,0",2022-01-12,quarta-feira,00:35:00,SC,282,"1,0",FLORIANOPOLIS,Pedestre cruzava a pista fora da faixa,Atropelamento de Pedestre,Com Vítimas Feridas,Plena Noite,Crescente,Céu Claro,Dupla,Reta,Sim,2,0,0,1,1,0,1,2,-27.602955,-48.580509,SPRF-SC,DEL01-SC,UOP01-DEL01-SC,2022
"408163,0",2022-01-12,quarta-feira,03:00:00,SC,101,"219,8",PALHOCA,Condutor Dormindo,Tombamento,Com Vítimas Feridas,Plena Noite,Decrescente,Nublado,Dupla,Reta,Sim,1,0,1,0,0,0,1,1,-27.68392194,-48.66710085,SPRF-SC,DEL01-SC,UOP02-DEL01-SC,2022
"408186,0",2022-01-12,quarta-feira,07:35:00,SC,280,"29,0",ARAQUARI,Acessar a via sem observar a presença dos outros veículos,Colisão transversal,Com Vítimas Feridas,Pleno dia,Crescente,Céu Claro,Simples,Interseção de Vias,Sim,2,0,1,0,1,0,1,2,-26.41066264,-48.75295628,SPRF-SC,DEL03-SC,UOP03-DEL03-SC,2022
"408187,0",2022-01-12,quarta-feira,07:40:00,SC,101,"45,2",JOINVILLE,Reação tardia ou ineficiente do condutor,Colisão traseira,Com Vítimas Feridas,Pleno dia,Decrescente,Céu Claro,Dupla,Declive,Sim,2,0,1,0,1,0,1,2,-26.32214492,-48.8689509,SPRF-SC,DEL03-SC,UOP01-DEL03-SC,2022
"408192,0",2022-01-12,quarta-feira,09:00:00,SC,101,"149,0",ITAPEMA,Manobra de mudança de faixa,Colisão lateral mesmo sentido,Com Vítimas Feridas,Pleno dia,Decrescente,Céu Claro,Dupla,Reta,Sim,2,0,1,0,1,0,1,2,-27.1089649,-48.61277586,SPRF-SC,DEL04-SC,UOP03-DEL04-SC,2022
"408196,0",2022-01-12,quarta-feira,09:30:00,SC,101,"148,0",ITAPEMA,Transitar no acostamento,Colisão lateral mesmo sentido,Com Vítimas Feridas,Pleno dia,Decrescente,Céu Claro,Dupla,Reta,Sim,2,0,1,0,0,1,1,2,-27.10123686,-48.61807962,SPRF-SC,DEL04-SC,UOP03-DEL04-SC,2022
"408197,0",2022-01-12,quarta-feira,09:00:00,SC,101,"125,2",ITAJAI,Condutor deixou de manter distância do veículo da frente,Colisão traseira,Com Vítimas Feridas,Pleno dia,Crescente,Chuva,Múltipla,Reta,Não,2,0,0,1,1,0,1,2,-26.94802427,-48.68338515,SPRF-SC,DEL04-SC,UOP04-DEL04-SC,2022
"408203,0",2022-01-12,quarta-feira,09:10:00,SC,101,"127,3",ITAJAI,Trafegar com motocicleta (ou similar) entre as faixas,Colisão lateral mesmo sentido,Com Vítimas Feridas,Pleno dia,Crescente,Céu Claro,Dupla,Reta,Não,3,0,2,0,1,0,2,3,-26.9639319,-48.68328024,SPRF-SC,DEL04-SC,UOP04-DEL04-SC,2022
"408235,0",2022-01-12,quarta-feira,13:50:00,SC,101,"162,0",TIJUCAS,Reação tardia ou ineficiente do condutor,Colisão transversal,Com Vítimas Feridas,Pleno dia,Decrescente,Céu Claro,Simples,Interseção de Vias,Sim,2,0,1,0,1,0,1,2,-27.22554009,-48.6279367,SPRF-SC,DEL04-SC,UOP03-DEL04-SC,2022
"408257,0",2022-01-12,quarta-feira,16:51:00,SC,101,"46,8",JOINVILLE,Reação tardia ou ineficiente do condutor,Tombamento,Com Vítimas Feridas,Pleno dia,Decrescente,Céu Claro,Dupla,Reta,Sim,1,0,1,0,0,0,1,1,-26.32942221,-48.86281013,SPRF-SC,DEL03-SC,UOP01-DEL03-SC,2022
"408259,0",2022-01-12,quarta-feira,17:00:00,SC,101,"110,0",PENHA,Reação tardia ou ineficiente do condutor,Saída de leito carroçável,Com Vítimas Feridas,Pleno dia,Crescente,Sol,Dupla,Reta,Sim,1,0,0,1,0,0,1,1,-26.83477,-48.706151,SPRF-SC,DEL03-SC,UOP02-DEL03-SC,2022
"408262,0",2022-01-12,quarta-feira,17:03:00,SC,101,"150,0",ITAPEMA,Ingestão de álcool pelo condutor,Saída de leito carroçável,Sem Vítimas,Pleno dia,Decrescente,Céu Claro,Dupla,Reta,Sim,1,0,0,0,1,0,0,1,-27.11744799,-48.60940987,SPRF-SC,DEL04-SC,UOP03-DEL04-SC,2022
"408266,0",2022-01-12,quarta-feira,17:40:00,SC,101,"212,3",PALHOCA,Acessar a via sem observar a presença dos outros veículos,Colisão lateral mesmo sentido,Com Vítimas Feridas,Pleno dia,Crescente,Nublado,Múltipla,Reta,Sim,2,0,1,1,0,0,2,2,-27.62996929,-48.65903871,SPRF-SC,DEL01-SC,UOP02-DEL01-SC,2022
"408271,0",2022-01-12,quarta-feira,18:30:00,SC,101,"207,8",SAO JOSE,Condutor deixou de manter distância do veículo da frente,Colisão traseira,Com Vítimas Feridas,Pleno dia,Crescente,Céu Claro,Múltipla,Aclive,Sim,2,0,1,0,1,0,1,2,-27.60001226,-48.6226467,SPRF-SC,DEL01-SC,UOP01-DEL01-SC,2022