id,data_inversa,dia_semana,horario,uf,br,km,municipio,causa_acidente,tipo_acidente,classificacao_acidente,fase_dia,sentido_via,condicao_metereologica,tipo_pista,tracado_via,uso_solo,pessoas,mortos,feridos_leves,feridos_graves,ilesos,ignorados,feridos,veiculos,latitude,longitude,regional,delegacia,uop,ano_arquivo
"408284,0",2022-01-12,quarta-feira,19:13:00,SC,101,"104,2",BALNEARIO PICARRAS,Acessar a via sem observar a presença dos outros veículos,Colisão lateral mesmo sentido,Com Vítimas Feridas,Anoitecer,Decrescente,Céu Claro,Dupla,Reta,Não,5,0,0,2,3,0,2,3,-26.79281742,-48.68080819,SPRF-SC,DEL03-SC,UOP02-DEL03-SC,2022
"408286,0",2022-01-12,quarta-feira,19:50:00,SC,470,"67,0",INDAIAL,Conversão proibida,Colisão frontal,Com Vítimas Feridas,Plena Noite,Decrescente,Céu Claro,Simples,Reta,Sim,3,0,1,0,2,0,1,3,-26.872158,-49.23127,SPRF-SC,DEL04-SC,UOP01-DEL04-SC,2022
"408296,0",2022-01-12,quarta-feira,22:00:00,SC,101,"165,0",TIJUCAS,Reação tardia ou ineficiente do condutor,Saída de leito carroçável,Com Vítimas Feridas,Plena Noite,Decrescente,Nublado,Dupla,Reta,Sim,1,0,1,0,0,0,1,1,-27.252663,-48.63154894,SPRF-SC,DEL04-SC,UOP03-DEL04-SC,2022
"408310,0",2022-01-12,quarta-feira,22:45:00,SC,282,"247,2",SAO JOSE DO CERRITO,Velocidade Incompatível,Saída de leito carroçável,Com Vítimas Feridas,Plena Noite,Decrescente,Céu Claro,Simples,Declive;Curva,Não,4,0,3,0,1,0,3,1,-27.719036,-50.527447,SPRF-SC,DEL05-SC,UOP02-DEL05-SC,2022
"408328,0",2022-01-13,quinta-feira,03:00:00,SC,470,"341,7",CAMPOS NOVOS,Ausência de reação do condutor,Saída de leito carroçável,Com Vítimas Feridas,Plena Noite,Decrescente,Céu Claro,Simples,Interseção de Vias,Não,1,0,0,1,0,0,1,1,-27.527861,-51.380497,SPRF-SC,DEL07-SC,UOP06-DEL07-SC,2022
"408356,0",2022-01-13,quinta-feira,08:50:00,SC,101,"317,7",PESCARIA BRAVA,Manobra de mudança de faixa,Saída de leito carroçável,Com Vítimas Feridas,Pleno dia,Crescente,Céu Claro,Simples,Reta,Sim,2,0,2,0,0,0,2,1,-28.42708421,-48.85211624,SPRF-SC,DEL02-SC,UOP01-DEL02-SC,2022
"408360,0",2022-01-13,quinta-feira,07:40:00,SC,282,"646,1",SAO MIGUEL DO OESTE,Acessar a via sem observar a presença dos outros veículos,Colisão traseira,Com Vítimas Feridas,Pleno dia,Decrescente,Céu Claro,Simples,Reta,Sim,2,0,1,0,1,0,1,2,-26.76195438,-53.49951267,SPRF-SC,DEL07-SC,UOP03-DEL07-SC,2022
"408361,0",2022-01-13,quinta-feira,09:00:00,SC,470,"10,9",NAVEGANTES,Conversão proibida,Colisão transversal,Com Vítimas Feridas,Pleno dia,Decrescente,Céu Claro,Simples,Reta,Não,2,0,0,1,1,0,1,2,-26.833693,-48.73724,SPRF-SC,DEL04-SC,UOP04-DEL04-SC,2022
"408379,0",2022-01-13,quinta-feira,12:07:00,SC,280,"56,5",GUARAMIRIM,Reação tardia ou ineficiente do condutor,Colisão lateral mesmo sentido,Com Vítimas Feridas,Pleno dia,Crescente,Nublado,Simples,Curva,Sim,2,0,0,1,1,0,1,2,-26.47932199,-49.01025653,SPRF-SC,DEL03-SC,UOP03-DEL03-SC,2022
"408382,0",2022-01-13,quinta-feira,07:10:00,SC,470,"190,0",POUSO REDONDO,Avarias e/ou desgaste excessivo no pneu,Saída de leito carroçável,Sem Vítimas,Pleno dia,Decrescente,Nublado,Simples,Reta,Não,1,0,0,0,1,0,0,1,-27.281504,-50.069775,SPRF-SC,DEL04-SC,UOP02-DEL04-SC,2022
"408423,0",2022-01-13,quinta-feira,12:00:00,SC,101,"134,0",BALNEARIO CAMBORIU,Ingestão de álcool pelo condutor,Colisão lateral mesmo sentido,Com Vítimas Feridas,Pleno dia,Crescente,Céu Claro,Simples,Reta,Sim,2,0,0,1,1,0,1,2,-27.00218,-48.636433,SPRF-SC,DEL04-SC,UOP03-DEL04-SC,2022
"408428,0",2022-01-13,quinta-feira,17:15:00,SC,470,"56,0",BLUMENAU,Conversão proibida,Colisão transversal,Com Vítimas Feridas,Pleno dia,Crescente,Nublado,Simples,Reta,Sim,2,0,1,0,1,0,1,2,-26.87674,-49.127743,SPRF-SC,DEL04-SC,UOP01-DEL04-SC,2022
"408437,0",2022-01-13,quinta-feira,17:55:00,SC,282,"131,0",CHAPECO,Condutor deixou de manter distância do veículo da frente,Colisão traseira,Com Vítimas Feridas,Pleno dia,Crescente,Nublado,Dupla,Declive,Sim,3,0,2,0,1,0,2,3,-27.0335946,-52.6341383,SPRF-SC,DEL05-SC,UOP01-DEL05-SC,2022
"408457,0",2022-01-13,quinta-feira,13:45:00,SC,153,"69,0",IRANI,Velocidade Incompatível,Saída de leito carroçável,Com Vítimas Feridas,Pleno dia,Crescente,Garoa/Chuvisco,Simples,Reta;Declive,Não,2,0,2,0,0,0,2,1,-27.041891,-51.882576,SPRF-SC,DEL07-SC,UOP04-DEL07-SC,2022
"408471,0",2022-01-13,quinta-feira,21:00:00,SC,101,"207,7",SAO JOSE,Reação tardia ou ineficiente do condutor,Colisão traseira,Com Vítimas Feridas,Plena Noite,Crescente,Céu Claro,Dupla,Reta;Aclive,Não,2,0,0,1,1,0,1,2,-27.60001226,-48.6226467,SPRF-SC,DEL01-SC,UOP01-DEL01-SC,2022
"408475,0",2022-01-13,quinta-feira,19:50:00,SC,280,"167,0",MAFRA,Desrespeitar a preferência no cruzamento,Colisão transversal,Com Vítimas Feridas,Plena Noite,Crescente,Nublado,Simples,Interseção de Vias,Sim,2,0,1,0,1,0,1,2,-26.16857105,-49.81820938,SPRF-SC,DEL06-SC,UOP01-DEL06-SC,2022
"408477,0",2022-01-13,quinta-feira,22:40:00,SC,101,"227,3",PALHOCA,Manobra de mudança de faixa,Colisão lateral mesmo sentido,Com Vítimas Feridas,Plena Noite,Crescente,Nublado,Múltipla,Reta,Sim,1,0,1,0,0,0,1,1,-27.7509149,-48.63460277,SPRF-SC,DEL01-SC,UOP02-DEL01-SC,2022
"408478,0",2022-01-13,quinta-feira,21:30:00,SC,101,"247,0",PAULO LOPES,Avarias e/ou desgaste excessivo no pneu,Queda de ocupante de veículo,Com Vítimas Feridas,Plena Noite,Crescente,Céu Claro,Dupla,Reta,Não,2,0,2,0,0,0,2,1,-27.91824491,-48.65414317,SPRF-SC,DEL02-SC,UOP03-DEL02-SC,2022
"408479,0",2022-01-10,segunda-feira,00:50:00,SC,101,"216,0",PALHOCA,Condutor deixou de manter distância do veículo da frente,Colisão com objeto,Sem Vítimas,Plena Noite,Decrescente,Céu Claro,Múltipla,Reta,Sim,1,0,0,0,0,1,0,1,-27.65981409,-48.67747798,SPRF-SC,DEL01-SC,UOP02-DEL01-SC,2022
"408491,0",2022-01-14,sexta-feira,02:45:00,SC,101,"203,1",SAO JOSE,Ingestão de álcool pelo condutor,Colisão com objeto,Sem Vítimas,Plena Noite,Decrescente,Céu Claro,Múltipla,Interseção de Vias,Sim,1,0,0,0,1,0,0,1,-27.5650044,-48.61460082,SPRF-SC,DEL01-SC,UOP01-DEL01-SC,2022
"408498,0",2022-01-14,sexta-feira,04:45:00,SC,101,"205,0",SAO JOSE,Ingestão de álcool pelo condutor,Saída de leito carroçável,Com Vítimas Feridas,Plena Noite,Decrescente,Céu Claro,Múltipla,Interseção de Vias;Curva,Sim,1,0,1,0,0,0,1,1,-27.58509197,-48.6155802,SPRF-SC,DEL01-SC,UOP01-DEL01-SC,2022
"408549,0",2022-01-14,sexta-feira,10:05:00,SC,101,"134,0",BALNEARIO CAMBORIU,Reação tardia ou ineficiente do condutor,Colisão traseira,Com Vítimas Feridas,Pleno dia,Crescente,Céu Claro,Múltipla,Reta,Sim,3,0,2,0,1,0,2,2,-27.00218,-48.636433,SPRF-SC,DEL04-SC,UOP03-DEL04-SC,2022
"408561,0",2022-01-09,domingo,23:45:00,SC,282,"385,8",JOACABA,Ingestão de álcool e/ou substâncias psicoativas pelo pedestre,Saída de leito carroçável,Sem Vítimas,Plena Noite,Crescente,Céu Claro,Simples,Reta,Não,2,0,0,0,0,2,0,1,-27.194431,-51.515869,SPRF-SC,DEL07-SC,UOP05-DEL07-SC,2022
"408595,0",2022-01-14,sexta-feira,09:45:00,SC,470,"98,0",APIUNA,Condutor deixou de manter distância do veículo da frente,Colisão com objeto,Com Vítimas Feridas,Pleno dia,Crescente,Nublado,Simples,Reta,Não,2,0,1,0,1,0,1,1,-27.032537,-49.385468,SPRF-SC,DEL04-SC,UOP01-DEL04-SC,2022
"408626,0",2022-01-14,sexta-feira,18:00:00,SC,101,"118,0",ITAJAI,Trafegar com motocicleta (ou similar) entre as faixas,Colisão lateral mesmo sentido,Com Vítimas Feridas,Pleno dia,Decrescente,Chuva,Múltipla,Reta,Não,2,0,1,0,0,1,1,2,-26.895859,-48.71903,SPRF-SC,DEL04-SC,UOP04-DEL04-SC,2022
"408653,0",2022-01-14,sexta-feira,20:00:00,SC,101,"150,4",ITAPEMA,Transitar no acostamento,Colisão lateral mesmo sentido,Com Vítimas Feridas,Plena Noite,Decrescente,Chuva,Múltipla,Reta,Sim,2,0,1,0,1,0,1,2,-27.11744799,-48.60940987,SPRF-SC,DEL04-SC,UOP03-DEL04-SC,2022
"408656,0",2022-01-14,sexta-feira,15:30:00,SC,470,"214,0",SAO CRISTOVAO DO SUL,Acessar a via sem observar a presença dos outros veículos,Colisão traseira,Sem Vítimas,Pleno dia,Crescente,Nublado,Simples,Reta,Não,2,0,0,0,2,0,0,2,-27.303566,-50.256378,SPRF-SC,DEL05-SC,UOP03-DEL05-SC,2022
"408674,0",2022-01-14,sexta-feira,21:20:00,SC,101,"57,5",ARAQUARI,Velocidade Incompatível,Capotamento,Com Vítimas Feridas,Pleno dia,Decrescente,Nublado,Dupla,Curva,Não,1,0,1,0,0,0,1,1,-26.43983592,-48.80298615,SPRF-SC,DEL03-SC,UOP01-DEL03-SC,2022
"408679,0",2022-01-14,sexta-feira,22:20:00,SC,116,"241,9",LAGES,Manobra de mudança de faixa,Colisão traseira,Com Vítimas Feridas,Plena Noite,Crescente,Céu Claro,Simples,Reta;Aclive,Não,3,0,2,0,1,0,2,2,-27.76776602,-50.33668491,SPRF-SC,DEL05-SC,UOP01-DEL05-SC,2022
"408686,0",2022-01-14,sexta-feira,20:25:00,SC,101,"383,0",ICARA,Pedestre andava na pista,Atropelamento de Pedestre,Com Vítimas Fatais,Plena Noite,Crescente,Céu Claro,Múltipla,Reta,Não,4,1,0,0,0,3,0,2,-28.77210742,-49.31057811,SPRF-SC,DEL02-SC,UOP02-DEL02-SC,2022
"408691,0",2022-01-15,sábado,00:15:00,SC,282,"1,0",FLORIANOPOLIS,Ingestão de álcool pelo condutor,Capotamento,Sem Vítimas,Plena Noite,Crescente,Céu Claro,Múltipla,Aclive,Sim,1,0,0,0,1,0,0,1,-27.602955,-48.580509,SPRF-SC,DEL01-SC,UOP01-DEL01-SC,2022
"408697,0",2022-01-15,sábado,00:45:00,SC,101,"213,1",PALHOCA,Frear bruscamente,Saída de leito carroçável,Com Vítimas Feridas,Plena Noite,Crescente,Nublado,Simples,Reta,Sim,1,0,1,0,0,0,1,1,-27.63697369,-48.66514142,SPRF-SC,DEL01-SC,UOP02-DEL01-SC,2022
"408711,0",2022-01-15,sábado,02:45:00,SC,101,"266,1",PAULO LOPES,Ingestão de álcool pelo condutor,Saída de leito carroçável,Sem Vítimas,Plena Noite,Decrescente,Céu Claro,Dupla,Reta,Sim,1,0,0,0,1,0,0,1,-28.06847808,-48.71463931,SPRF-SC,DEL02-SC,UOP03-DEL02-SC,2022
"408725,0",2022-01-15,sábado,04:00:00,SC,101,"311,1",LAGUNA,Condutor deixou de manter distância do veículo da frente,Colisão traseira,Sem Vítimas,Plena Noite,Crescente,Céu Claro,Dupla,Reta,Sim,2,0,0,0,2,0,0,2,-28.43351369,-48.80595468,SPRF-SC,DEL02-SC,UOP01-DEL02-SC,2022
"408731,0",2022-01-15,sábado,05:00:00,SC,101,"150,0",ITAPEMA,Velocidade Incompatível,Colisão com objeto,Sem Vítimas,Amanhecer,Decrescente,Céu Claro,Simples,Retorno Regulamentado,Sim,1,0,0,0,1,0,0,1,-27.11744799,-48.60940987,SPRF-SC,DEL04-SC,UOP03-DEL04-SC,2022
"408763,0",2022-01-15,sábado,08:50:00,SC,470,"54,5",BLUMENAU,Reação tardia ou ineficiente do condutor,Colisão transversal,Com Vítimas Feridas,Pleno dia,Crescente,Nublado,Simples,Interseção de Vias,Sim,4,0,4,0,0,0,4,2,-26.87329151,-49.11420822,SPRF-SC,DEL04-SC,UOP01-DEL04-SC,2022
"408789,0",2022-01-15,sábado,12:00:00,SC,101,"407,0",ARARANGUA,Manobra de mudança de faixa,Colisão lateral mesmo sentido,Com Vítimas Feridas,Pleno dia,Decrescente,Céu Claro,Dupla,Reta,Não,4,0,1,0,3,0,1,2,-28.91620989,-49.48727667,SPRF-SC,DEL02-SC,UOP02-DEL02-SC,2022
"408795,0",2022-01-15,sábado,12:20:00,SC,101,"126,0",ITAJAI,Condutor deixou de manter distância do veículo da frente,Colisão traseira,Com Vítimas Feridas,Pleno dia,Crescente,Céu Claro,Dupla,Reta,Não,6,0,3,0,3,0,3,3,-26.95564404,-48.67978366,SPRF-SC,DEL04-SC,UOP04-DEL04-SC,2022
"408802,0",2022-01-15,sábado,12:45:00,SC,101,"110,3",PENHA,Manobra de mudança de faixa,Tombamento,Com Vítimas Feridas,Pleno dia,Crescente,Céu Claro,Dupla,Reta,Não,1,0,0,1,0,0,1,1,-26.83477,-48.706151,SPRF-SC,DEL03-SC,UOP02-DEL03-SC,2022
"408804,0",2022-01-15,sábado,12:15:00,SC,101,"117,5",ITAJAI,Desrespeitar a preferência no cruzamento,Colisão transversal,Com Vítimas Feridas,Pleno dia,Decrescente,Céu Claro,Simples,Interseção de Vias,Sim,2,0,0,1,1,0,1,2,-26.89061227,-48.72054577,SPRF-SC,DEL04-SC,UOP04-DEL04-SC,2022
"408835,0",2022-01-15,sábado,15:40:00,SC,101,"336,3",TUBARAO,Ingestão de substâncias psicoativas pelo condutor,Colisão traseira,Sem Vítimas,Pleno dia,Crescente,Céu Claro,Dupla,Aclive;Curva,Sim,2,0,0,0,2,0,0,2,-28.47311347,-49.02437375,SPRF-SC,DEL02-SC,UOP01-DEL02-SC,2022
"408836,0",2022-01-15,sábado,17:00:00,SC,282,"28,9",ARAQUARI,Acessar a via sem observar a presença dos outros veículos,Colisão transversal,Com Vítimas Feridas,Pleno dia,Crescente,Céu Claro,Simples,Reta,Não,4,0,2,0,1,1,2,3,-26.409572,-48.751582,SPRF-SC,DEL01-SC,UOP03-DEL01-SC,2022
"408838,0",2022-01-15,sábado,15:15:00,SC,470,"210,3",SAO CRISTOVAO DO SUL,Chuva,Saída de leito carroçável,Com Vítimas Feridas,Pleno dia,Crescente,Chuva,Simples,Curva;Declive,Não,2,0,2,0,0,0,2,1,-27.302412,-50.219173,SPRF-SC,DEL05-SC,UOP03-DEL05-SC,2022
"408845,0",2022-01-15,sábado,18:00:00,SC,101,"152,6",ITAPEMA,Ingestão de álcool pelo condutor,Tombamento,Com Vítimas Feridas,Pleno dia,Decrescente,Céu Claro,Simples,Reta,Sim,2,0,1,0,1,0,1,1,-27.13563503,-48.61004665,SPRF-SC,DEL04-SC,UOP03-DEL04-SC,2022
"408855,0",2022-01-15,sábado,17:20:00,SC,282,"308,0",VARGEM,Velocidade Incompatível,Saída de leito carroçável,Com Vítimas Feridas,Pleno dia,Crescente,Garoa/Chuvisco,Simples,Curva,Não,6,0,6,0,0,0,6,1,-27.49292,-50.971973,SPRF-SC,DEL07-SC,UOP06-DEL07-SC,2022
"408858,0",2022-01-15,sábado,15:30:00,SC,282,"305,5",VARGEM,Velocidade Incompatível,Saída de leito carroçável,Com Vítimas Feridas,Pleno dia,Crescente,Chuva,Simples,Curva,Não,3,0,1,0,2,0,1,1,-27.50141977,-50.95132828,SPRF-SC,DEL07-SC,UOP06-DEL07-SC,2022
"408861,0",2022-01-15,sábado,19:40:00,SC,101,"149,0",ITAPEMA,Manobra de mudança de faixa,Tombamento,Com Vítimas Feridas,Plena Noite,Decrescente,Nublado,Dupla,Reta,Sim,1,0,1,0,0,0,1,1,-27.1089649,-48.61277586,SPRF-SC,DEL04-SC,UOP03-DEL04-SC,2022
"408865,0",2022-01-15,sábado,19:40:00,SC,282,"90,2",ALFREDO WAGNER,Pista Escorregadia,Colisão frontal,Com Vítimas Feridas,Plena Noite,Crescente,Nublado,Simples,Curva,Não,5,0,3,1,1,0,4,2,-27.683796,-49.222366,SPRF-SC,DEL01-SC,UOP03-DEL01-SC,2022
"408871,0",2022-01-15,sábado,20:00:00,SC,282,"43,0",AGUAS MORNAS,Reação tardia ou ineficiente do condutor,Saída de leito carroçável,Com Vítimas Feridas,Plena Noite,Crescente,Chuva,Simples,Curva,Sim,1,0,0,1,0,0,1,1,-27.719458,-48.897526,SPRF-SC,DEL01-SC,UOP03-DEL01-SC,2022
"408881,0",2022-01-15,sábado,16:00:00,SC,470,"193,9",POUSO REDONDO,Velocidade Incompatível,Colisão frontal,Com Vítimas Feridas,Pleno dia,Crescente,Chuva,Simples,Curva;Declive,Não,3,0,1,0,2,0,1,3,-27.300575,-50.075451,SPRF-SC,DEL04-SC,UOP02-DEL04-SC,2022
"408894,0",2022-01-15,sábado,22:45:00,SC,101,"133,0",BALNEARIO CAMBORIU,Manobra de mudança de faixa,Colisão lateral mesmo sentido,Com Vítimas Feridas,Plena Noite,Crescente,Céu Claro,Simples,Reta,Sim,3,0,1,0,2,0,1,2,-26.99936,-48.64609,SPRF-SC,DEL04-SC,UOP03-DEL04-SC,2022
"408901,0",2022-01-15,sábado,23:40:00,SC,101,"61,0",ARAQUARI,Ausência de reação do condutor,Saída de leito carroçável,Sem Vítimas,Plena Noite,Decrescente,Nublado,Dupla,Reta,Não,1,0,0,0,1,0,0,1,-26.45474174,-48.77699195,SPRF-SC,DEL03-SC,UOP02-DEL03-SC,2022
"408905,0",2022-01-15,sábado,14:50:00,SC,282,"108,0",ALFREDO WAGNER,Chuva,Saída de leito carroçável,Com Vítimas Feridas,Pleno dia,Crescente,Nublado,Simples,Curva,Não,5,0,5,0,0,0,5,1,-27.710777,-49.356228,SPRF-SC,DEL01-SC,UOP03-DEL01-SC,2022
"408934,0",2022-01-16,domingo,05:25:00,SC,470,"3,0",NAVEGANTES,Mal súbito do condutor,Colisão com objeto,Com Vítimas Feridas,Amanhecer,Crescente,Céu Claro,Simples,Reta;Em Obras,Não,1,0,1,0,0,0,1,1,-26.861937,-48.681618,SPRF-SC,DEL04-SC,UOP04-DEL04-SC,2022
"408944,0",2022-01-16,domingo,05:30:00,SC,101,"156,0",PORTO BELO,Ausência de reação do condutor,Colisão com objeto,Com Vítimas Feridas,Plena Noite,Crescente,Nublado,Dupla,Reta,Não,1,0,0,1,0,0,1,1,-27.172272,-48.61170204,SPRF-SC,DEL04-SC,UOP03-DEL04-SC,2022
"408952,0",2022-01-16,domingo,07:10:00,SC,101,"88,0",BARRA VELHA,Ingestão de álcool pelo condutor,Colisão traseira,Sem Vítimas,Amanhecer,Crescente,Céu Claro,Simples,Interseção de Vias,Sim,2,0,0,0,2,0,0,2,-26.64253985,-48.68950684,SPRF-SC,DEL03-SC,UOP02-DEL03-SC,2022
"408977,0",2022-01-16,domingo,04:15:00,SC,116,"143,7",SANTA CECILIA,Ingestão de álcool pelo condutor,Saída de leito carroçável,Com Vítimas Feridas,Plena Noite,Decrescente,Céu Claro,Simples,Reta,Não,1,0,1,0,0,0,1,1,-26.98647529,-50.39438169,SPRF-SC,DEL06-SC,UOP02-DEL06-SC,2022
"408980,0",2022-01-16,domingo,11:13:00,SC,101,"211,6",PALHOCA,Condutor deixou de manter distância do veículo da frente,Colisão traseira,Sem Vítimas,Pleno dia,Crescente,Céu Claro,Múltipla,Reta,Sim,3,0,0,0,3,0,0,3,-27.62329313,-48.65245588,SPRF-SC,DEL01-SC,UOP02-DEL01-SC,2022
"409003,0",2022-01-16,domingo,15:30:00,SC,280,"51,6",GUARAMIRIM,Desrespeitar a preferência no cruzamento,Colisão transversal,Com Vítimas Feridas,Pleno dia,Decrescente,Céu Claro,Simples,Reta,Não,2,0,1,0,1,0,1,2,-26.46538871,-48.95544449,SPRF-SC,DEL03-SC,UOP03-DEL03-SC,2022
"409018,0",2022-01-16,domingo,13:30:00,SC,282,"51,7",AGUAS MORNAS,Pista Escorregadia,Colisão lateral sentido oposto,Com Vítimas Feridas,Pleno dia,Crescente,Chuva,Simples,Curva,Não,2,0,1,0,1,0,1,2,-27.703712,-48.959267,SPRF-SC,DEL01-SC,UOP03-DEL01-SC,2022
"409024,0",2022-01-16,domingo,15:45:00,SC,101,"289,5",IMBITUBA,Ingestão de álcool pelo condutor,Tombamento,Com Vítimas Feridas,Pleno dia,Decrescente,Céu Claro,Dupla,Reta,Sim,2,0,2,0,0,0,2,1,-28.25395282,-48.70289554,SPRF-SC,DEL02-SC,UOP03-DEL02-SC,2022
"409036,0",2022-01-16,domingo,16:10:00,SC,280,"15,0",SAO FRANCISCO DO SUL,Demais falhas mecânicas ou elétricas,Queda de ocupante de veículo,Com Vítimas Feridas,Pleno dia,Decrescente,Nublado,Simples,Reta,Não,2,0,2,0,0,0,2,1,-26.33868901,-48.65489598,SPRF-SC,DEL03-SC,UOP03-DEL03-SC,2022
"409060,0",2022-01-16,domingo,17:30:00,SC,101,"41,3",JOINVILLE,Desrespeitar a preferência no cruzamento,Colisão transversal,Sem Vítimas,Pleno dia,Decrescente,Céu Claro,Dupla,Interseção de Vias,Sim,4,0,0,0,4,0,0,2,-26.31884433,-48.87127519,SPRF-SC,DEL03-SC,UOP01-DEL03-SC,2022
"409065,0",2022-01-16,domingo,18:30:00,SC,280,"57,2",GUARAMIRIM,Reação tardia ou ineficiente do condutor,Tombamento,Com Vítimas Feridas,Pleno dia,Decrescente,Céu Claro,Dupla,Rotatória,Não,1,0,1,0,0,0,1,1,-26.47811421,-49.01259213,SPRF-SC,DEL03-SC,UOP03-DEL03-SC,2022
"409069,0",2022-01-16,domingo,20:00:00,SC,470,"135,4",RIO DO SUL,Ingestão de álcool pelo condutor,Colisão traseira,Com Vítimas Feridas,Plena Noite,Crescente,Chuva,Simples,Reta,Sim,2,0,0,1,1,0,1,2,-27.188492,-49.61232,SPRF-SC,DEL04-SC,UOP02-DEL04-SC,2022
"409073,0",2022-01-16,domingo,20:00:00,SC,101,"27,6",JOINVILLE,Ausência de reação do condutor,Colisão com objeto,Com Vítimas Feridas,Plena Noite,Crescente,Nublado,Dupla,Reta,Sim,1,0,1,0,0,0,1,1,-26.20542735,-48.91460896,SPRF-SC,DEL03-SC,UOP01-DEL03-SC,2022
"409074,0",2022-01-16,domingo,14:40:00,SC,282,"484,4",FAXINAL DOS GUEDES,Ausência de reação do condutor,Tombamento,Com Vítimas Feridas,Pleno dia,Decrescente,Céu Claro,Simples,Reta,Sim,3,0,2,0,0,1,2,2,-26.861582,-52.237385,SPRF-SC,DEL07-SC,UOP01-DEL07-SC,2022
"409200,0",2022-01-16,domingo,21:30:00,SC,470,"40,0",GASPAR,Ausência de reação do condutor,Colisão traseira,Sem Vítimas,Plena Noite,Crescente,Nublado,Simples,Reta,Não,3,0,0,0,3,0,0,3,-26.889574,-48.99094,SPRF-SC,DEL04-SC,UOP01-DEL04-SC,2022
"409229,0",2022-01-16,domingo,21:35:00,SC,282,"16,3",PALHOCA,Acessar a via sem observar a presença dos outros veículos,Colisão transversal,Com Vítimas Feridas,Plena Noite,Crescente,Céu Claro,Simples,Reta,Não,2,0,1,0,1,0,1,2,-27.66172186,-48.6846149,SPRF-SC,DEL01-SC,UOP02-DEL01-SC,2022
"409360,0",2022-01-17,segunda-feira,04:29:00,SC,101,"204,0",SAO JOSE,Velocidade Incompatível,Colisão traseira,Com Vítimas Feridas,Plena Noite,Decrescente,Céu Claro,Múltipla,Reta,Sim,4,0,4,0,0,0,4,2,-27.57413014,-48.61363083,SPRF-SC,DEL01-SC,UOP01-DEL01-SC,2022
"409378,0",2022-01-17,segunda-feira,06:40:00,SC,101,"212,2",PALHOCA,Trafegar com motocicleta (ou similar) entre as faixas,Colisão lateral mesmo sentido,Com Vítimas Feridas,Pleno dia,Decrescente,Céu Claro,Dupla,Reta,Não,2,0,1,0,0,1,1,2,-27.63519696,-48.66343617,SPRF-SC,DEL01-SC,UOP02-DEL01-SC,2022
"409390,0",2022-01-17,segunda-feira,07:20:00,SC,101,"212,2",PALHOCA,Manobra de mudança de faixa,Colisão lateral mesmo sentido,Com Vítimas Feridas,Pleno dia,Decrescente,Céu Claro,Múltipla,Reta,Sim,3,0,0,2,1,0,2,2,-27.62996929,-48.65903871,SPRF-SC,DEL01-SC,UOP02-DEL01-SC,2022
"409395,0",2022-01-17,segunda-feira,07:20:00,SC,101,"41,3",JOINVILLE,Reação tardia ou ineficiente do condutor,Colisão traseira,Com Vítimas Feridas,Pleno dia,Decrescente,Céu Claro,Dupla,Reta,Sim,1,0,1,0,0,0,1,1,-26.28215489,-48.88973081,SPRF-SC,DEL03-SC,UOP01-DEL03-SC,2022
"409439,0",2022-01-17,segunda-feira,13:15:00,SC,101,"134,5",BALNEARIO CAMBORIU,Condutor deixou de manter distância do veículo da frente,Colisão traseira,Com Vítimas Feridas,Pleno dia,Crescente,Céu Claro,Múltipla,Reta,Sim,2,0,1,0,1,0,1,2,-27.00218,-48.636433,SPRF-SC,DEL04-SC,UOP03-DEL04-SC,2022
"409449,0",2022-01-17,segunda-feira,14:30:00,SC,101,"48,5",JOINVILLE,Entrada inopinada do pedestre,Atropelamento de Pedestre,Com Vítimas Feridas,Pleno dia,Crescente,Sol,Simples,Aclive,Sim,2,0,0,1,1,0,1,2,-26.35345909,-48.85867862,SPRF-SC,DEL03-SC,UOP01-DEL03-SC,2022
"409457,0",2022-01-17,segunda-feira,15:30:00,SC,101,"234,0",PALHOCA,Reação tardia ou ineficiente do condutor,Tombamento,Com Vítimas Feridas,Pleno dia,Decrescente,Céu Claro,Dupla,Aclive,Não,1,0,1,0,0,0,1,1,-27.81043812,-48.63537111,SPRF-SC,DEL01-SC,UOP02-DEL01-SC,2022
"409460,0",2022-01-17,segunda-feira,15:55:00,SC,470,"135,0",RIO DO SUL,Avarias e/ou desgaste excessivo no pneu,Tombamento,Sem Vítimas,Pleno dia,Crescente,Sol,Simples,Reta,Sim,1,0,0,0,1,0,0,1,-27.18322354,-49.60239708,SPRF-SC,DEL04-SC,UOP02-DEL04-SC,2022
"409488,0",2022-01-17,segunda-feira,15:00:00,SC,101,"117,3",ITAJAI,Desrespeitar a preferência no cruzamento,Colisão transversal,Com Vítimas Feridas,Pleno dia,Crescente,Sol,Dupla,Interseção de Vias,Não,2,0,1,0,1,0,1,2,-26.88747187,-48.72252969,SPRF-SC,DEL04-SC,UOP04-DEL04-SC,2022
"409525,0",2022-01-17,segunda-feira,17:30:00,SC,101,"43,0",JOINVILLE,Acessar a via sem observar a presença dos outros veículos,Colisão transversal,Com Vítimas Feridas,Pleno dia,Crescente,Céu Claro,Simples,Declive;Reta,Sim,2,0,1,0,1,0,1,2,-26.30357106,-48.88225609,SPRF-SC,DEL03-SC,UOP01-DEL03-SC,2022