id,data_inversa,dia_semana,horario,uf,br,km,municipio,causa_acidente,tipo_acidente,classificacao_acidente,fase_dia,sentido_via,condicao_metereologica,tipo_pista,tracado_via,uso_solo,pessoas,mortos,feridos_leves,feridos_graves,ilesos,ignorados,feridos,veiculos,latitude,longitude,regional,delegacia,uop,ano_arquivo
"410516,0",2022-01-22,sábado,22:50:00,SC,101,"208,1",SAO JOSE,Condutor deixou de manter distância do veículo da frente,Colisão traseira,Com Vítimas Feridas,Pleno dia,Crescente,Céu Claro,Múltipla,Reta,Não,2,0,1,0,1,0,1,2,-27.60327979,-48.63201818,SPRF-SC,DEL01-SC,UOP01-DEL01-SC,2022
"410522,0",2022-01-22,sábado,23:00:00,SC,101,"450,3",SAO JOAO DO SUL,Ingestão de álcool pelo condutor,Colisão traseira,Sem Vítimas,Plena Noite,Crescente,Céu Claro,Dupla,Curva,Não,2,0,0,0,2,0,0,2,-29.17229091,-49.74904711,SPRF-SC,DEL02-SC,UOP02-DEL02-SC,2022
"410529,0",2022-01-22,sábado,22:15:00,SC,470,"161,5",TROMBUDO CENTRAL,Ingestão de álcool pelo condutor,Colisão frontal,Sem Vítimas,Plena Noite,Crescente,Nublado,Simples,Declive;Reta,Não,3,0,0,0,1,2,0,3,-27.285444,-49.807579,SPRF-SC,DEL04-SC,UOP02-DEL04-SC,2022
"410551,0",2022-01-23,domingo,01:10:00,SC,101,"204,0",SAO JOSE,Condutor deixou de manter distância do veículo da frente,Colisão traseira,Com Vítimas Feridas,Plena Noite,Crescente,Céu Claro,Múltipla,Interseção de Vias,Não,2,0,1,0,1,0,1,2,-27.57413014,-48.61363083,SPRF-SC,DEL01-SC,UOP01-DEL01-SC,2022
"410570,0",2022-01-23,domingo,03:30:00,SC,101,"308,8",LAGUNA,Velocidade Incompatível,Queda de ocupante de veículo,Com Vítimas Feridas,Plena Noite,Decrescente,Céu Claro,Simples,Reta,Não,1,0,1,0,0,0,1,1,-28.399616,-48.7854,SPRF-SC,DEL02-SC,UOP01-DEL02-SC,2022
"410578,0",2022-01-22,sábado,08:50:00,SC,470,"114,0",IBIRAMA,Acessar a via sem observar a presença dos outros veículos,Colisão lateral mesmo sentido,Com Vítimas Feridas,Pleno dia,Decrescente,Céu Claro,Simples,Reta,Não,2,0,1,0,1,0,1,2,-27.086386,-49.478001,SPRF-SC,DEL04-SC,UOP02-DEL04-SC,2022
"410585,0",2022-01-23,domingo,06:45:00,SC,280,"37,0",ARAQUARI,Manobra de mudança de faixa,Colisão frontal,Com Vítimas Feridas,Pleno dia,Decrescente,Céu Claro,Simples,Declive;Reta,Sim,4,0,3,0,1,0,3,3,-26.44572892,-48.81862707,SPRF-SC,DEL03-SC,UOP03-DEL03-SC,2022
"410593,0",2022-01-23,domingo,07:30:00,SC,101,"117,0",ITAJAI,Ingestão de álcool pelo condutor,Saída de leito carroçável,Com Vítimas Feridas,Pleno dia,Crescente,Céu Claro,Múltipla,Reta,Não,1,0,1,0,0,0,1,1,-26.88747187,-48.72252969,SPRF-SC,DEL04-SC,UOP04-DEL04-SC,2022
"410600,0",2022-01-06,quinta-feira,16:10:00,SC,101,"147,0",BALNEARIO CAMBORIU,Reação tardia ou ineficiente do condutor,Colisão traseira,Com Vítimas Feridas,Pleno dia,Decrescente,Sol,Dupla,Reta,Não,2,0,1,0,1,0,1,2,-27.09237407,-48.61730888,SPRF-SC,DEL04-SC,UOP03-DEL04-SC,2022
"410604,0",2022-01-23,domingo,07:00:00,SC,282,"223,0",LAGES,Ingestão de álcool e/ou substâncias psicoativas pelo pedestre,Saída de leito carroçável,Sem Vítimas,Pleno dia,Decrescente,Céu Claro,Simples,Reta,Não,1,0,0,0,1,0,0,1,-27.800127,-50.362751,SPRF-SC,DEL05-SC,UOP01-DEL05-SC,2022
"410615,0",2022-01-23,domingo,10:20:00,SC,101,"200,0",SAO JOSE,Demais falhas mecânicas ou elétricas,Tombamento,Com Vítimas Feridas,Pleno dia,Decrescente,Sol,Múltipla,Reta,Sim,2,0,2,0,0,0,2,1,-27.54018513,-48.62287714,SPRF-SC,DEL01-SC,UOP01-DEL01-SC,2022
"410626,0",2022-01-23,domingo,09:30:00,SC,101,"233,3",PALHOCA,Demais falhas mecânicas ou elétricas,Tombamento,Com Vítimas Feridas,Pleno dia,Crescente,Céu Claro,Dupla,Curva,Não,2,0,0,2,0,0,2,1,-27.80376397,-48.63826211,SPRF-SC,DEL01-SC,UOP02-DEL01-SC,2022
"410661,0",2022-01-23,domingo,15:20:00,SC,470,"95,9",APIUNA,Ultrapassagem Indevida,Colisão traseira,Com Vítimas Feridas,Pleno dia,Decrescente,Sol,Simples,Curva,Sim,3,0,2,0,1,0,2,2,-27.02309888,-49.37209265,SPRF-SC,DEL04-SC,UOP01-DEL04-SC,2022
"410681,0",2022-01-23,domingo,17:40:00,SC,101,"239,5",PALHOCA,Velocidade Incompatível,Colisão traseira,Com Vítimas Feridas,Pleno dia,Decrescente,Céu Claro,Dupla,Reta,Não,3,0,1,0,2,0,1,2,-27.84293889,-48.63471922,SPRF-SC,DEL01-SC,UOP02-DEL01-SC,2022
"410710,0",2022-01-23,domingo,12:51:00,SC,101,"208,0",SAO JOSE,Velocidade Incompatível,Queda de ocupante de veículo,Com Vítimas Feridas,Pleno dia,Crescente,Céu Claro,Simples,Rotatória,Sim,1,0,0,1,0,0,1,1,-27.60327979,-48.63201818,SPRF-SC,DEL01-SC,UOP01-DEL01-SC,2022
"410722,0",2022-01-23,domingo,17:30:00,SC,101,"110,0",PENHA,Trafegar com motocicleta (ou similar) entre as faixas,Colisão traseira,Com Vítimas Feridas,Anoitecer,Crescente,Céu Claro,Dupla,Reta,Não,3,0,1,0,2,0,1,2,-26.83477,-48.706151,SPRF-SC,DEL03-SC,UOP02-DEL03-SC,2022
"410724,0",2022-01-23,domingo,20:20:00,SC,282,"37,2",AGUAS MORNAS,Ingestão de álcool pelo condutor,Colisão lateral sentido oposto,Com Vítimas Feridas,Plena Noite,Crescente,Céu Claro,Simples,Curva,Não,5,0,1,1,3,0,2,3,-27.707325,-48.842983,SPRF-SC,DEL01-SC,UOP03-DEL01-SC,2022
"410725,0",2022-01-23,domingo,18:30:00,SC,282,"509,6",XANXERE,Afundamento ou ondulação no pavimento,Tombamento,Com Vítimas Feridas,Anoitecer,Crescente,Céu Claro,Simples,Reta,Não,1,0,1,0,0,0,1,1,-26.890533,-52.457096,SPRF-SC,DEL07-SC,UOP01-DEL07-SC,2022
"410732,0",2022-01-23,domingo,17:20:00,SC,101,"79,0",ARAQUARI,Manobra de mudança de faixa,Colisão traseira,Com Vítimas Feridas,Pleno dia,Decrescente,Céu Claro,Dupla,Retorno Regulamentado,Não,3,0,0,2,1,0,2,2,-26.595225,-48.722207,SPRF-SC,DEL03-SC,UOP02-DEL03-SC,2022
"410748,0",2022-01-23,domingo,20:23:00,SC,163,"70,5",SAO MIGUEL DO OESTE,Pedestre andava na pista,Atropelamento de Pedestre,Sem Vítimas,Plena Noite,Crescente,Nublado,Dupla,Curva;Declive,Sim,2,0,0,0,0,2,0,2,-26.73173626,-53.51028442,SPRF-SC,DEL07-SC,UOP03-DEL07-SC,2022
"410750,0",2022-01-23,domingo,17:40:00,SC,153,"106,0",CONCORDIA,Velocidade Incompatível,Saída de leito carroçável,Com Vítimas Feridas,Pleno dia,Decrescente,Nublado,Simples,Curva,Não,2,0,2,0,0,0,2,1,-27.29136281,-51.96764946,SPRF-SC,DEL07-SC,UOP04-DEL07-SC,2022
"410767,0",2022-01-23,domingo,22:15:00,SC,280,"271,9",IRINEOPOLIS,Condutor Dormindo,Tombamento,Com Vítimas Feridas,Plena Noite,Crescente,Céu Claro,Simples,Reta,Não,1,0,1,0,0,0,1,1,-26.2720695,-50.74536523,SPRF-SC,DEL06-SC,UOP04-DEL06-SC,2022
"410778,0",2022-01-24,segunda-feira,04:50:00,SC,470,"57,5",BLUMENAU,Reação tardia ou ineficiente do condutor,Tombamento,Com Vítimas Feridas,Plena Noite,Crescente,Céu Claro,Simples,Ponte;Reta,Sim,1,0,0,1,0,0,1,1,-26.880428,-49.136532,SPRF-SC,DEL04-SC,UOP01-DEL04-SC,2022
"410780,0",2022-01-24,segunda-feira,05:30:00,SC,101,"270,9",IMBITUBA,Reação tardia ou ineficiente do condutor,Saída de leito carroçável,Com Vítimas Feridas,Amanhecer,Decrescente,Céu Claro,Dupla,Curva,Não,1,0,1,0,0,0,1,1,-28.11428515,-48.70059198,SPRF-SC,DEL02-SC,UOP03-DEL02-SC,2022
"410802,0",2022-01-24,segunda-feira,08:55:00,SC,101,"204,0",SAO JOSE,Condutor deixou de manter distância do veículo da frente,Colisão traseira,Com Vítimas Feridas,Pleno dia,Crescente,Céu Claro,Múltipla,Reta,Sim,2,0,1,0,1,0,1,2,-27.57413014,-48.61363083,SPRF-SC,DEL01-SC,UOP01-DEL01-SC,2022
"410841,0",2022-01-24,segunda-feira,08:40:00,SC,101,"117,3",ITAJAI,Ausência de reação do condutor,Colisão traseira,Com Vítimas Feridas,Pleno dia,Crescente,Sol,Dupla,Declive,Não,3,0,1,0,2,0,1,3,-26.88747187,-48.72252969,SPRF-SC,DEL04-SC,UOP04-DEL04-SC,2022
"410856,0",2022-01-24,segunda-feira,08:20:00,SC,101,"33,5",JOINVILLE,Condutor deixou de manter distância do veículo da frente,Colisão traseira,Com Vítimas Feridas,Pleno dia,Decrescente,Sol,Dupla,Reta,Sim,3,0,1,0,2,0,1,2,-26.23667403,-48.91486706,SPRF-SC,DEL03-SC,UOP01-DEL03-SC,2022
"410861,0",2022-01-24,segunda-feira,09:10:00,SC,163,"69,7",SAO MIGUEL DO OESTE,Acessar a via sem observar a presença dos outros veículos,Colisão transversal,Com Vítimas Feridas,Pleno dia,Crescente,Céu Claro,Dupla,Aclive;Reta,Sim,2,0,2,0,0,0,2,2,-26.74206536,-53.50110054,SPRF-SC,DEL07-SC,UOP03-DEL07-SC,2022
"410867,0",2022-01-24,segunda-feira,11:50:00,SC,101,"213,0",PALHOCA,Acessar a via sem observar a presença dos outros veículos,Colisão lateral mesmo sentido,Com Vítimas Feridas,Pleno dia,Crescente,Céu Claro,Múltipla,Reta,Sim,2,0,1,0,1,0,1,2,-27.63697369,-48.66514142,SPRF-SC,DEL01-SC,UOP02-DEL01-SC,2022
"410870,0",2022-01-24,segunda-feira,12:50:00,SC,470,"136,7",RIO DO SUL,Desrespeitar a preferência no cruzamento,Colisão transversal,Sem Vítimas,Pleno dia,Crescente,Sol,Simples,Reta,Não,2,0,0,0,2,0,0,2,-27.194323,-49.624554,SPRF-SC,DEL04-SC,UOP02-DEL04-SC,2022
"410890,0",2022-01-24,segunda-feira,14:19:00,SC,101,"145,0",ITAPEMA,Velocidade Incompatível,Engavetamento,Com Vítimas Feridas,Pleno dia,Decrescente,Céu Claro,Dupla,Reta,Sim,6,0,1,0,5,0,1,6,-27.08139206,-48.60130993,SPRF-SC,DEL04-SC,UOP03-DEL04-SC,2022
"410897,0",2022-01-24,segunda-feira,15:10:00,SC,101,"147,0",ITAPEMA,Manobra de mudança de faixa,Colisão lateral mesmo sentido,Com Vítimas Feridas,Pleno dia,Decrescente,Céu Claro,Dupla,Reta,Sim,3,0,2,0,1,0,2,2,-27.09237407,-48.61730888,SPRF-SC,DEL04-SC,UOP03-DEL04-SC,2022
"410901,0",2022-01-24,segunda-feira,15:22:00,SC,101,"216,0",PALHOCA,Manobra de mudança de faixa,Colisão traseira,Com Vítimas Feridas,Pleno dia,Crescente,Céu Claro,Simples,Reta,Sim,2,0,1,0,1,0,1,2,-27.65981409,-48.67747798,SPRF-SC,DEL01-SC,UOP02-DEL01-SC,2022
"410918,0",2022-01-24,segunda-feira,17:00:00,SC,101,"119,6",ITAJAI,Velocidade Incompatível,Colisão traseira,Com Vítimas Feridas,Pleno dia,Decrescente,Céu Claro,Múltipla,Reta,Sim,2,0,0,1,1,0,1,2,-26.9043179,-48.71555481,SPRF-SC,DEL04-SC,UOP04-DEL04-SC,2022
"410923,0",2022-01-24,segunda-feira,16:40:00,SC,470,"166,7",POUSO REDONDO,Desrespeitar a preferência no cruzamento,Colisão transversal,Com Vítimas Feridas,Pleno dia,Crescente,Sol,Simples,Reta,Sim,2,0,1,0,1,0,1,2,-27.26714237,-49.8713851,SPRF-SC,DEL04-SC,UOP02-DEL04-SC,2022
"410930,0",2022-01-24,segunda-feira,13:30:00,SC,282,"588,1",SAUDADES,Velocidade Incompatível,Saída de leito carroçável,Com Vítimas Fatais,Pleno dia,Decrescente,Chuva,Simples,Reta;Declive,Não,1,1,0,0,0,0,0,1,-26.826351,-53.055081,SPRF-SC,DEL07-SC,UOP02-DEL07-SC,2022
"410933,0",2022-01-24,segunda-feira,19:15:00,SC,101,"148,0",ITAPEMA,Reação tardia ou ineficiente do condutor,Colisão frontal,Com Vítimas Feridas,Plena Noite,Decrescente,Nublado,Dupla,Reta,Sim,2,0,0,1,1,0,1,2,-27.11744799,-48.60940987,SPRF-SC,DEL04-SC,UOP03-DEL04-SC,2022
"410946,0",2022-01-24,segunda-feira,20:15:00,SC,101,"463,5",PASSO DE TORRES,Falta de elemento de contenção que evite a saída do leito carroçável,Saída de leito carroçável,Com Vítimas Feridas,Plena Noite,Decrescente,Céu Claro,Dupla,Reta,Não,2,0,1,0,1,0,1,1,-29.28473398,-49.75620716,SPRF-RS,DEL03-RS,UOP02-DEL03-RS,2022
"410969,0",2022-01-24,segunda-feira,23:40:00,SC,470,"45,0",GASPAR,Demais falhas mecânicas ou elétricas,Incêndio,Sem Vítimas,Plena Noite,Decrescente,Céu Claro,Dupla,Reta,Não,1,0,0,0,1,0,0,1,-26.867064,-49.031109,SPRF-SC,DEL04-SC,UOP01-DEL04-SC,2022
"410994,0",2022-01-25,terça-feira,06:50:00,SC,470,"53,0",BLUMENAU,Desrespeitar a preferência no cruzamento,Colisão transversal,Com Vítimas Feridas,Pleno dia,Decrescente,Céu Claro,Simples,Retorno Regulamentado,Sim,2,0,1,0,1,0,1,2,-26.867121,-49.102066,SPRF-SC,DEL04-SC,UOP01-DEL04-SC,2022
"411038,0",2022-01-25,terça-feira,07:00:00,SC,470,"53,0",BLUMENAU,Desrespeitar a preferência no cruzamento,Colisão transversal,Com Vítimas Feridas,Pleno dia,Decrescente,Céu Claro,Simples,Rotatória,Sim,2,0,1,0,1,0,1,2,-26.867121,-49.102066,SPRF-SC,DEL04-SC,UOP01-DEL04-SC,2022
"411042,0",2022-01-25,terça-feira,10:50:00,SC,101,"365,5",SANGAO,Condutor Dormindo,Saída de leito carroçável,Com Vítimas Feridas,Pleno dia,Decrescente,Céu Claro,Dupla,Reta,Não,1,0,1,0,0,0,1,1,-28.68290284,-49.14759308,SPRF-SC,DEL02-SC,UOP01-DEL02-SC,2022
"411070,0",2022-01-25,terça-feira,15:45:00,SC,101,"203,6",SAO JOSE,Manobra de mudança de faixa,Colisão transversal,Com Vítimas Feridas,Pleno dia,Decrescente,Sol,Múltipla,Reta,Sim,2,0,0,1,1,0,1,2,-27.56980007,-48.61361682,SPRF-SC,DEL01-SC,UOP01-DEL01-SC,2022
"411100,0",2022-01-25,terça-feira,20:45:00,SC,101,"111,0",ITAJAI,Acumulo de areia ou detritos sobre o pavimento,Tombamento,Com Vítimas Feridas,Plena Noite,Crescente,Céu Claro,Dupla,Reta,Não,1,0,1,0,0,0,1,1,-26.83955734,-48.71418074,SPRF-SC,DEL04-SC,UOP04-DEL04-SC,2022
"411106,0",2022-01-25,terça-feira,20:20:00,SC,101,"68,0",ARAQUARI,Reação tardia ou ineficiente do condutor,Colisão com objeto,Com Vítimas Feridas,Plena Noite,Crescente,Céu Claro,Múltipla,Reta,Não,1,0,1,0,0,0,1,1,-26.49513001,-48.73280803,SPRF-SC,DEL03-SC,UOP02-DEL03-SC,2022
"411123,0",2022-01-25,terça-feira,18:30:00,SC,282,"481,0",VARGEAO,Ultrapassagem Indevida,Saída de leito carroçável,Com Vítimas Feridas,Anoitecer,Decrescente,Céu Claro,Simples,Reta,Não,2,0,1,0,0,1,1,2,-26.87218,-52.19586,SPRF-SC,DEL07-SC,UOP01-DEL07-SC,2022
"411148,0",2022-01-26,quarta-feira,07:10:00,SC,280,"52,0",GUARAMIRIM,Acessar a via sem observar a presença dos outros veículos,Colisão transversal,Com Vítimas Feridas,Pleno dia,Crescente,Nublado,Dupla,Retorno Regulamentado;Reta;Interseção de Vias,Não,2,0,1,0,1,0,1,2,-26.468904,-48.96492,SPRF-SC,DEL03-SC,UOP03-DEL03-SC,2022
"411174,0",2022-01-26,quarta-feira,10:15:00,SC,282,"16,0",PALHOCA,Conversão proibida,Colisão lateral mesmo sentido,Com Vítimas Feridas,Pleno dia,Decrescente,Sol,Simples,Reta,Sim,3,0,2,0,1,0,2,2,-27.658611,-48.681847,SPRF-SC,DEL01-SC,UOP02-DEL01-SC,2022
"411240,0",2022-01-26,quarta-feira,12:00:00,SC,101,"253,0",PAULO LOPES,Desrespeitar a preferência no cruzamento,Colisão transversal,Com Vítimas Feridas,Pleno dia,Decrescente,Sol,Múltipla,Interseção de Vias,Sim,2,0,1,0,1,0,1,2,-27.96492999,-48.67962057,SPRF-SC,DEL02-SC,UOP03-DEL02-SC,2022
"411253,0",2022-01-26,quarta-feira,18:50:00,SC,101,"122,0",ITAJAI,Manobra de mudança de faixa,Colisão lateral mesmo sentido,Com Vítimas Feridas,Anoitecer,Decrescente,Nublado,Dupla,Reta,Não,3,0,2,0,1,0,2,2,-26.92955916,-48.70499836,SPRF-SC,DEL04-SC,UOP04-DEL04-SC,2022
"411257,0",2022-01-26,quarta-feira,18:39:00,SC,101,"194,7",BIGUACU,Reação tardia ou ineficiente do condutor,Colisão traseira,Com Vítimas Feridas,Anoitecer,Decrescente,Nublado,Múltipla,Reta,Sim,1,0,1,0,0,0,1,1,-27.49815117,-48.65661236,SPRF-SC,DEL01-SC,UOP01-DEL01-SC,2022
"411304,0",2022-01-27,quinta-feira,01:00:00,SC,470,"55,5",BLUMENAU,Ingestão de álcool pelo condutor,Saída de leito carroçável,Com Vítimas Feridas,Plena Noite,Decrescente,Nublado,Simples,Reta,Sim,2,0,2,0,0,0,2,1,-26.875601,-49.117992,SPRF-SC,DEL04-SC,UOP01-DEL04-SC,2022
"411313,0",2022-01-27,quinta-feira,02:30:00,SC,101,"346,3",TREZE DE MAIO,Condutor Dormindo,Saída de leito carroçável,Com Vítimas Feridas,Plena Noite,Decrescente,Céu Claro,Dupla,Reta,Não,4,0,2,0,2,0,2,1,-28.56545164,-49.05404091,SPRF-SC,DEL02-SC,UOP01-DEL02-SC,2022
"411321,0",2022-01-27,quinta-feira,05:00:00,SC,470,"67,0",INDAIAL,Transitar na contramão,Colisão frontal,Com Vítimas Feridas,Amanhecer,Decrescente,Nublado,Simples,Desvio Temporário;Reta;Em Obras,Sim,2,0,1,0,1,0,1,2,-26.87530124,-49.23602343,SPRF-SC,DEL04-SC,UOP01-DEL04-SC,2022
"411336,0",2022-01-27,quinta-feira,07:20:00,SC,470,"9,5",NAVEGANTES,Condutor deixou de manter distância do veículo da frente,Colisão lateral mesmo sentido,Sem Vítimas,Pleno dia,Crescente,Céu Claro,Simples,Em Obras;Reta,Não,2,0,0,0,2,0,0,2,-26.833143,-48.727432,SPRF-SC,DEL04-SC,UOP04-DEL04-SC,2022
"411370,0",2022-01-27,quinta-feira,12:30:00,SC,101,"338,4",TUBARAO,Condutor deixou de manter distância do veículo da frente,Colisão lateral mesmo sentido,Com Vítimas Feridas,Pleno dia,Crescente,Chuva,Dupla,Reta,Sim,2,0,1,0,0,1,1,2,-28.47801624,-49.03246283,SPRF-SC,DEL02-SC,UOP01-DEL02-SC,2022
"411438,0",2022-01-17,segunda-feira,17:00:00,SC,116,"173,1",SAO CRISTOVAO DO SUL,Velocidade Incompatível,Colisão com objeto,Com Vítimas Feridas,Pleno dia,Crescente,Chuva,Simples,Curva,Não,4,0,2,0,2,0,2,2,-27.21838033,-50.46621323,SPRF-SC,DEL05-SC,UOP03-DEL05-SC,2022
"411450,0",2022-01-27,quinta-feira,18:45:00,SC,101,"304,9",LAGUNA,Ingestão de álcool e/ou substâncias psicoativas pelo pedestre,Tombamento,Com Vítimas Feridas,Anoitecer,Crescente,Chuva,Múltipla,Reta,Não,1,0,0,1,0,0,1,1,-28.394334,-48.78072,SPRF-SC,DEL02-SC,UOP03-DEL02-SC,2022
"411453,0",2022-01-27,quinta-feira,13:30:00,SC,101,"392,9",ICARA,Demais falhas mecânicas ou elétricas,Capotamento,Com Vítimas Feridas,Pleno dia,Decrescente,Chuva,Dupla,Reta,Não,2,0,2,0,0,0,2,1,-28.80489882,-49.3712151,SPRF-SC,DEL02-SC,UOP02-DEL02-SC,2022
"411458,0",2022-01-27,quinta-feira,17:50:00,SC,470,"158,1",TROMBUDO CENTRAL,Reação tardia ou ineficiente do condutor,Colisão transversal,Com Vítimas Feridas,Pleno dia,Crescente,Nublado,Simples,Interseção de Vias,Sim,2,0,1,0,1,0,1,2,-27.28590891,-49.78324771,SPRF-SC,DEL04-SC,UOP02-DEL04-SC,2022
"411459,0",2022-01-20,quinta-feira,12:10:00,SC,470,"136,8",RIO DO SUL,Desrespeitar a preferência no cruzamento,Colisão transversal,Com Vítimas Feridas,Pleno dia,Decrescente,Sol,Simples,Reta,Não,2,0,0,1,1,0,1,2,-27.194323,-49.624554,SPRF-SC,DEL04-SC,UOP02-DEL04-SC,2022
"411514,0",2022-01-28,sexta-feira,04:50:00,SC,101,"322,0",PESCARIA BRAVA,Ingestão de álcool pelo condutor,Capotamento,Com Vítimas Feridas,Plena Noite,Decrescente,Chuva,Múltipla,Reta,Sim,1,0,1,0,0,0,1,1,-28.42491971,-48.90238108,SPRF-SC,DEL02-SC,UOP01-DEL02-SC,2022
"411515,0",2022-01-28,sexta-feira,04:40:00,SC,116,"247,8",LAGES,Velocidade Incompatível,Colisão transversal,Sem Vítimas,Plena Noite,Crescente,Chuva,Simples,Reta,Sim,2,0,0,0,2,0,0,2,-27.81786084,-50.37287235,SPRF-SC,DEL05-SC,UOP02-DEL05-SC,2022
"411517,0",2022-01-28,sexta-feira,05:30:00,SC,101,"208,0",SAO JOSE,Ingestão de álcool pelo condutor,Colisão lateral mesmo sentido,Sem Vítimas,Amanhecer,Crescente,Garoa/Chuvisco,Múltipla,Reta,Sim,2,0,0,0,2,0,0,2,-27.60327979,-48.63201818,SPRF-SC,DEL01-SC,UOP01-DEL01-SC,2022
"411527,0",2022-01-28,sexta-feira,01:30:00,SC,101,"159,8",PORTO BELO,Ausência de reação do condutor,Saída de leito carroçável,Com Vítimas Feridas,Plena Noite,Crescente,Nublado,Dupla,Reta,Não,1,0,1,0,0,0,1,1,-27.1998778,-48.61534236,SPRF-SC,DEL04-SC,UOP03-DEL04-SC,2022
"411534,0",2022-01-28,sexta-feira,08:05:00,SC,101,"212,1",PALHOCA,Condutor deixou de manter distância do veículo da frente,Colisão traseira,Com Vítimas Feridas,Pleno dia,Decrescente,Chuva,Dupla,Reta,Sim,2,0,0,1,1,0,1,2,-27.62996929,-48.65903871,SPRF-SC,DEL01-SC,UOP02-DEL01-SC,2022
"411537,0",2022-01-28,sexta-feira,07:50:00,SC,101,"168,0",TIJUCAS,Ausência de reação do condutor,Colisão com objeto,Com Vítimas Feridas,Pleno dia,Decrescente,Chuva,Dupla,Reta,Sim,1,0,1,0,0,0,1,1,-27.279105,-48.631554,SPRF-SC,DEL04-SC,UOP03-DEL04-SC,2022
"411552,0",2022-01-28,sexta-feira,10:10:00,SC,282,"5,3",SAO JOSE,Condutor deixou de manter distância do veículo da frente,Colisão traseira,Com Vítimas Feridas,Pleno dia,Crescente,Chuva,Múltipla,Reta,Sim,3,0,1,0,2,0,1,3,-27.588425,-48.612919,SPRF-SC,DEL01-SC,UOP01-DEL01-SC,2022
"411573,0",2022-01-28,sexta-feira,11:40:00,SC,101,"61,0",ARAQUARI,Reação tardia ou ineficiente do condutor,Colisão com objeto,Com Vítimas Feridas,Pleno dia,Crescente,Chuva,Dupla,Curva,Sim,2,0,2,0,0,0,2,1,-26.45474174,-48.77699195,SPRF-SC,DEL03-SC,UOP02-DEL03-SC,2022
"411575,0",2022-01-28,sexta-feira,11:20:00,SC,282,"81,0",ALFREDO WAGNER,Velocidade Incompatível,Capotamento,Com Vítimas Feridas,Pleno dia,Crescente,Chuva,Simples,Curva,Não,2,0,2,0,0,0,2,1,-27.662018,-49.168583,SPRF-SC,DEL01-SC,UOP03-DEL01-SC,2022
"411578,0",2022-01-05,quarta-feira,13:55:00,SC,470,"122,0",IBIRAMA,Ultrapassagem Indevida,Colisão lateral mesmo sentido,Com Vítimas Feridas,Pleno dia,Crescente,Céu Claro,Simples,Reta,Não,3,0,1,0,2,0,1,2,-27.099888,-49.527679,SPRF-SC,DEL04-SC,UOP02-DEL04-SC,2022
"411579,0",2022-01-28,sexta-feira,12:45:00,SC,280,"48,0",GUARAMIRIM,Manobra de mudança de faixa,Tombamento,Com Vítimas Feridas,Pleno dia,Decrescente,Chuva,Simples,Reta,Sim,1,0,1,0,0,0,1,1,-26.45506795,-48.92766502,SPRF-SC,DEL03-SC,UOP03-DEL03-SC,2022
"411595,0",2022-01-28,sexta-feira,13:15:00,SC,280,"129,0",RIO NEGRINHO,Ingestão de álcool pelo condutor,Colisão traseira,Sem Vítimas,Pleno dia,Decrescente,Chuva,Simples,Reta,Sim,2,0,0,0,2,0,0,2,-26.24586437,-49.52284615,SPRF-SC,DEL06-SC,UOP03-DEL06-SC,2022
"411600,0",2022-01-28,sexta-feira,11:06:00,SC,282,"262,0",SAO JOSE DO CERRITO,Chuva,Capotamento,Com Vítimas Feridas,Pleno dia,Crescente,Chuva,Simples,Reta,Não,3,0,1,0,2,0,1,1,-27.631268,-50.605614,SPRF-SC,DEL05-SC,UOP02-DEL05-SC,2022
"411613,0",2022-01-28,sexta-feira,09:30:00,SC,101,"306,8",LAGUNA,Velocidade Incompatível,Colisão com objeto,Com Vítimas Feridas,Pleno dia,Crescente,Chuva,Múltipla,Curva,Sim,1,0,1,0,0,0,1,1,-28.38437001,-48.77113299,SPRF-SC,DEL02-SC,UOP03-DEL02-SC,2022
"411616,0",2022-01-28,sexta-feira,15:30:00,SC,280,"74,1",JARAGUA DO SUL,Acesso irregular,Colisão traseira,Com Vítimas Feridas,Pleno dia,Crescente,Chuva,Simples,Retorno Regulamentado,Sim,2,0,1,0,1,0,1,2,-26.45877322,-49.16147801,SPRF-SC,DEL03-SC,UOP03-DEL03-SC,2022
"411624,0",2022-01-28,sexta-feira,14:30:00,SC,280,"99,1",SAO BENTO DO SUL,Velocidade Incompatível,Colisão frontal,Com Vítimas Fatais,Pleno dia,Decrescente,Chuva,Simples,Declive;Curva,Não,2,1,0,0,1,0,0,2,-26.3645918,-49.3354995,SPRF-SC,DEL06-SC,UOP03-DEL06-SC,2022
"411638,0",2022-01-28,sexta-feira,16:30:00,SC,101,"39,0",JOINVILLE,Chuva,Colisão com objeto,Sem Vítimas,Pleno dia,Crescente,Chuva,Dupla,Reta,Sim,1,0,0,0,1,0,0,1,-26.2628107,-48.90192257,SPRF-SC,DEL03-SC,UOP01-DEL03-SC,2022
"411642,0",2022-01-28,sexta-feira,17:50:00,SC,470,"55,7",BLUMENAU,Acessar a via sem observar a presença dos outros veículos,Colisão transversal,Com Vítimas Feridas,Pleno dia,Decrescente,Chuva,Simples,Reta,Sim,2,0,1,0,1,0,1,2,-26.875601,-49.117992,SPRF-SC,DEL04-SC,UOP01-DEL04-SC,2022
"411654,0",2022-01-28,sexta-feira,18:35:00,SC,282,"3,6",FLORIANOPOLIS,Manobra de mudança de faixa,Colisão lateral mesmo sentido,Com Vítimas Feridas,Plena Noite,Crescente,Chuva,Dupla,Reta,Sim,2,0,1,0,1,0,1,2,-27.600384,-48.599705,SPRF-SC,DEL01-SC,UOP01-DEL01-SC,2022