id,data_inversa,dia_semana,horario,uf,br,km,municipio,causa_acidente,tipo_acidente,classificacao_acidente,fase_dia,sentido_via,condicao_metereologica,tipo_pista,tracado_via,uso_solo,pessoas,mortos,feridos_leves,feridos_graves,ilesos,ignorados,feridos,veiculos,latitude,longitude,regional,delegacia,uop,ano_arquivo
"416705,0",2022-02-13,domingo,08:25:00,SC,470,"38,0",GASPAR,Ultrapassagem Indevida,Colisão frontal,Com Vítimas Feridas,Pleno dia,Decrescente,Céu Claro,Simples,Reta,Não,2,0,1,0,1,0,1,2,-26.904108,-48.980164,SPRF-SC,DEL04-SC,UOP01-DEL04-SC,2022
"416708,0",2022-02-23,quarta-feira,17:55:00,SC,470,"56,0",BLUMENAU,Trafegar com motocicleta (ou similar) entre as faixas,Colisão transversal,Com Vítimas Feridas,Pleno dia,Crescente,Nublado,Simples,Reta,Sim,2,0,1,0,1,0,1,2,-26.87670802,-49.12774801,SPRF-SC,DEL04-SC,UOP01-DEL04-SC,2022
"416721,0",2022-02-23,quarta-feira,20:00:00,SC,101,"94,0",BARRA VELHA,Acesso irregular,Colisão traseira,Sem Vítimas,Plena Noite,Decrescente,Céu Claro,Dupla,Reta,Não,2,0,0,0,2,0,0,2,-26.69940401,-48.69902784,SPRF-SC,DEL03-SC,UOP02-DEL03-SC,2022
"416723,0",2022-02-23,quarta-feira,17:00:00,SC,282,"87,9",ALFREDO WAGNER,Reação tardia ou ineficiente do condutor,Capotamento,Com Vítimas Feridas,Pleno dia,Crescente,Céu Claro,Simples,Curva,Não,3,0,2,1,0,0,3,1,-27.664766,-49.20578,SPRF-SC,DEL01-SC,UOP03-DEL01-SC,2022
"416724,0",2022-02-23,quarta-feira,20:25:00,SC,101,"207,0",SAO JOSE,Condutor deixou de manter distância do veículo da frente,Colisão traseira,Com Vítimas Feridas,Plena Noite,Crescente,Céu Claro,Múltipla,Reta,Sim,2,0,1,0,1,0,1,2,-27.60001226,-48.6226467,SPRF-SC,DEL01-SC,UOP01-DEL01-SC,2022
"416731,0",2022-02-23,quarta-feira,21:10:00,SC,101,"116,4",ITAJAI,Reação tardia ou ineficiente do condutor,Atropelamento de Animal,Sem Vítimas,Plena Noite,Decrescente,Céu Claro,Múltipla,Reta,Sim,1,0,0,0,1,0,0,1,-26.87905605,-48.72603512,SPRF-SC,DEL04-SC,UOP04-DEL04-SC,2022
"416732,0",2022-02-23,quarta-feira,20:20:00,SC,101,"206,0",SAO JOSE,Manobra de mudança de faixa,Colisão lateral mesmo sentido,Com Vítimas Feridas,Plena Noite,Decrescente,Céu Claro,Múltipla,Reta,Sim,2,0,1,0,1,0,1,2,-27.59193546,-48.61824557,SPRF-SC,DEL01-SC,UOP01-DEL01-SC,2022
"416742,0",2022-02-23,quarta-feira,20:35:00,SC,101,"268,0",PAULO LOPES,Velocidade Incompatível,Saída de leito carroçável,Com Vítimas Feridas,Plena Noite,Crescente,Céu Claro,Múltipla,Viaduto;Curva,Não,1,0,1,0,0,0,1,1,-28.08561804,-48.71086526,SPRF-SC,DEL02-SC,UOP03-DEL02-SC,2022
"416750,0",2022-02-24,quinta-feira,00:40:00,SC,101,"339,5",TUBARAO,Ingestão de álcool pelo condutor,Tombamento,Com Vítimas Feridas,Plena Noite,Crescente,Nublado,Múltipla,Reta,Sim,1,0,1,0,0,0,1,1,-28.501444,-49.04690399,SPRF-SC,DEL02-SC,UOP01-DEL02-SC,2022
"416766,0",2022-02-24,quinta-feira,06:00:00,SC,101,"373,2",ICARA,Condutor Dormindo,Capotamento,Com Vítimas Feridas,Amanhecer,Crescente,Nublado,Dupla,Curva,Não,3,0,3,0,0,0,3,1,-28.71796831,-49.23369929,SPRF-SC,DEL02-SC,UOP01-DEL02-SC,2022
"416769,0",2022-02-24,quinta-feira,05:30:00,SC,116,"242,0",LAGES,Ingestão de álcool pelo condutor,Colisão com objeto,Com Vítimas Feridas,Amanhecer,Crescente,Garoa/Chuvisco,Simples,Curva,Não,1,0,1,0,0,0,1,1,-27.77666295,-50.34027011,SPRF-SC,DEL05-SC,UOP01-DEL05-SC,2022
"416786,0",2022-02-24,quinta-feira,08:30:00,SC,101,"195,3",BIGUACU,Velocidade Incompatível,Colisão traseira,Com Vítimas Feridas,Pleno dia,Crescente,Sol,Múltipla,Reta,Sim,4,0,2,0,2,0,2,3,-27.5047092,-48.65010819,SPRF-SC,DEL01-SC,UOP01-DEL01-SC,2022
"416807,0",2022-02-24,quinta-feira,10:20:00,SC,101,"335,0",TUBARAO,Acessar a via sem observar a presença dos outros veículos,Colisão lateral mesmo sentido,Com Vítimas Feridas,Pleno dia,Crescente,Nublado,Múltipla,Reta,Não,2,0,1,0,1,0,1,2,-28.47805354,-49.03195208,SPRF-SC,DEL02-SC,UOP01-DEL02-SC,2022
"416822,0",2022-02-24,quinta-feira,12:00:00,SC,470,"70,7",INDAIAL,Obras na pista,Tombamento,Com Vítimas Feridas,Pleno dia,Crescente,Nublado,Simples,Reta;Em Obras,Sim,1,0,1,0,0,0,1,1,-26.89450668,-49.26140785,SPRF-SC,DEL04-SC,UOP01-DEL04-SC,2022
"416839,0",2022-02-24,quinta-feira,14:20:00,SC,101,"17,5",JOINVILLE,Reação tardia ou ineficiente do condutor,Colisão com objeto,Com Vítimas Feridas,Pleno dia,Decrescente,Nublado,Dupla,Reta,Não,3,0,1,0,2,0,1,2,-26.12141519,-48.88262078,SPRF-SC,DEL03-SC,UOP01-DEL03-SC,2022
"416845,0",2022-02-24,quinta-feira,12:56:00,SC,163,"115,8",GUARUJA DO SUL,Pista esburacada,Saída de leito carroçável,Com Vítimas Feridas,Pleno dia,Decrescente,Céu Claro,Simples,Declive,Não,4,0,1,0,3,0,1,1,-26.36827905,-53.53348015,SPRF-SC,DEL07-SC,UOP03-DEL07-SC,2022
"416862,0",2022-02-24,quinta-feira,17:30:00,SC,101,"202,0",SAO JOSE,Condutor deixou de manter distância do veículo da frente,Colisão traseira,Com Vítimas Feridas,Pleno dia,Crescente,Céu Claro,Múltipla,Interseção de Vias;Reta,Sim,3,0,3,0,0,0,3,2,-27.55711595,-48.61897889,SPRF-SC,DEL01-SC,UOP01-DEL01-SC,2022
"416863,0",2022-02-24,quinta-feira,17:40:00,SC,101,"217,5",PALHOCA,Acessar a via sem observar a presença dos outros veículos,Colisão lateral mesmo sentido,Com Vítimas Feridas,Pleno dia,Decrescente,Nublado,Múltipla,Reta,Sim,2,0,1,0,1,0,1,2,-27.66779034,-48.67393586,SPRF-SC,DEL01-SC,UOP02-DEL01-SC,2022
"416875,0",2022-02-24,quinta-feira,18:40:00,SC,470,"3,0",NAVEGANTES,Condutor deixou de manter distância do veículo da frente,Colisão lateral mesmo sentido,Com Vítimas Feridas,Pleno dia,Decrescente,Ignorado,Dupla,Reta;Em Obras,Sim,2,0,1,0,1,0,1,2,-26.861937,-48.681618,SPRF-SC,DEL04-SC,UOP04-DEL04-SC,2022
"416888,0",2022-02-24,quinta-feira,18:25:00,SC,101,"120,6",ITAJAI,Trafegar com motocicleta (ou similar) entre as faixas,Colisão traseira,Com Vítimas Feridas,Anoitecer,Crescente,Céu Claro,Dupla,Reta,Sim,2,0,1,0,1,0,1,2,-26.912758,-48.711998,SPRF-SC,DEL04-SC,UOP04-DEL04-SC,2022
"416889,0",2022-02-24,quinta-feira,20:25:00,SC,101,"206,8",SAO JOSE,Trafegar com motocicleta (ou similar) entre as faixas,Tombamento,Com Vítimas Feridas,Plena Noite,Crescente,Céu Claro,Dupla,Reta,Sim,1,0,1,0,0,0,1,1,-27.59193546,-48.61824557,SPRF-SC,DEL01-SC,UOP01-DEL01-SC,2022
"416900,0",2022-02-24,quinta-feira,18:55:00,SC,163,"78,3",SAO MIGUEL DO OESTE,Ultrapassagem Indevida,Colisão frontal,Com Vítimas Feridas,Anoitecer,Crescente,Nublado,Simples,Curva,Não,3,0,0,2,0,1,2,3,-26.66344287,-53.51969361,SPRF-SC,DEL07-SC,UOP03-DEL07-SC,2022
"416901,0",2022-02-24,quinta-feira,21:15:00,SC,101,"442,0",SANTA ROSA DO SUL,Ausência de reação do condutor,Saída de leito carroçável,Com Vítimas Feridas,Pleno dia,Decrescente,Céu Claro,Dupla,Reta,Não,2,0,2,0,0,0,2,1,-29.13464763,-49.70562458,SPRF-SC,DEL02-SC,UOP02-DEL02-SC,2022
"416904,0",2022-02-24,quinta-feira,22:10:00,SC,101,"195,0",BIGUACU,Acessar a via sem observar a presença dos outros veículos,Colisão lateral mesmo sentido,Com Vítimas Feridas,Plena Noite,Crescente,Céu Claro,Dupla,Reta,Sim,2,0,1,0,1,0,1,2,-27.5047092,-48.65010819,SPRF-SC,DEL01-SC,UOP01-DEL01-SC,2022
"416995,0",2022-02-25,sexta-feira,01:30:00,SC,280,"4,0",SAO FRANCISCO DO SUL,Desrespeitar a preferência no cruzamento,Colisão transversal,Com Vítimas Feridas,Plena Noite,Crescente,Nublado,Simples,Rotatória,Sim,2,0,1,0,1,0,1,2,-26.25329566,-48.61916042,SPRF-SC,DEL03-SC,UOP03-DEL03-SC,2022
"416997,0",2022-02-25,sexta-feira,01:20:00,SC,101,"210,2",SAO JOSE,Ingestão de álcool pelo condutor,Colisão com objeto,Com Vítimas Feridas,Plena Noite,Decrescente,Céu Claro,Múltipla,Reta,Sim,1,0,1,0,0,0,1,1,-27.6167305,-48.6457265,SPRF-SC,DEL01-SC,UOP01-DEL01-SC,2022
"417016,0",2022-02-25,sexta-feira,04:50:00,SC,101,"215,0",PALHOCA,Reação tardia ou ineficiente do condutor,Colisão com objeto,Sem Vítimas,Plena Noite,Decrescente,Céu Claro,Dupla,Reta,Sim,1,0,0,0,0,1,0,1,-27.65184843,-48.67604941,SPRF-SC,DEL01-SC,UOP02-DEL01-SC,2022
"417027,0",2022-02-25,sexta-feira,07:00:00,SC,101,"214,0",PALHOCA,Acessar a via sem observar a presença dos outros veículos,Colisão transversal,Com Vítimas Feridas,Pleno dia,Decrescente,Céu Claro,Dupla,Reta,Sim,2,0,2,0,0,0,2,2,-27.64443,-48.67057,SPRF-SC,DEL01-SC,UOP02-DEL01-SC,2022
"417034,0",2022-02-25,sexta-feira,08:00:00,SC,101,"203,0",SAO JOSE,Estacionar ou parar em local proibido,Colisão traseira,Com Vítimas Feridas,Pleno dia,Decrescente,Céu Claro,Múltipla,Reta,Sim,2,0,1,0,1,0,1,2,-27.5650044,-48.61460082,SPRF-SC,DEL01-SC,UOP01-DEL01-SC,2022
"417035,0",2022-02-25,sexta-feira,08:00:00,SC,101,"203,0",SAO JOSE,Condutor deixou de manter distância do veículo da frente,Colisão lateral mesmo sentido,Com Vítimas Feridas,Pleno dia,Crescente,Nublado,Múltipla,Reta,Sim,2,0,1,0,1,0,1,2,-27.5650044,-48.61460082,SPRF-SC,DEL01-SC,UOP01-DEL01-SC,2022
"417036,0",2022-02-25,sexta-feira,06:20:00,SC,282,"225,0",LAGES,Acumulo de óleo sobre o pavimento,Colisão frontal,Com Vítimas Feridas,Amanhecer,Decrescente,Chuva,Simples,Curva,Não,4,0,4,0,0,0,4,2,-27.794176,-50.379559,SPRF-SC,DEL05-SC,UOP02-DEL05-SC,2022
"417059,0",2022-02-25,sexta-feira,09:20:00,SC,280,"23,7",ARAQUARI,Conversão proibida,Colisão lateral mesmo sentido,Com Vítimas Feridas,Pleno dia,Decrescente,Nublado,Múltipla,Reta,Sim,2,0,1,0,1,0,1,2,-26.37146,-48.711887,SPRF-SC,DEL03-SC,UOP03-DEL03-SC,2022
"417079,0",2022-02-25,sexta-feira,08:00:00,SC,282,"85,0",ALFREDO WAGNER,Chuva,Saída de leito carroçável,Com Vítimas Feridas,Pleno dia,Crescente,Nublado,Simples,Curva,Não,1,0,1,0,0,0,1,1,-27.667007,-49.192802,SPRF-SC,DEL01-SC,UOP03-DEL01-SC,2022
"417137,0",2022-02-25,sexta-feira,12:30:00,SC,282,"409,4",CATANDUVAS,Acessar a via sem observar a presença dos outros veículos,Colisão transversal,Com Vítimas Feridas,Pleno dia,Decrescente,Céu Claro,Simples,Declive,Sim,2,0,1,0,1,0,1,2,-27.065756,-51.664165,SPRF-SC,DEL07-SC,UOP05-DEL07-SC,2022
"417155,0",2022-02-25,sexta-feira,17:00:00,SC,101,"216,2",PALHOCA,Condutor deixou de manter distância do veículo da frente,Colisão lateral mesmo sentido,Com Vítimas Feridas,Pleno dia,Decrescente,Nublado,Dupla,Reta,Sim,2,0,1,0,1,0,1,2,-27.65981409,-48.67747798,SPRF-SC,DEL01-SC,UOP02-DEL01-SC,2022
"417165,0",2022-02-25,sexta-feira,01:10:00,SC,282,"50,7",AGUAS MORNAS,Reação tardia ou ineficiente do condutor,Saída de leito carroçável,Sem Vítimas,Plena Noite,Crescente,Ignorado,Simples,Curva,Não,2,0,0,0,0,2,0,1,-27.708536,-48.952251,SPRF-SC,DEL01-SC,UOP03-DEL01-SC,2022
"417178,0",2022-02-25,sexta-feira,18:10:00,SC,282,"4,8",SAO JOSE,Condutor deixou de manter distância do veículo da frente,Engavetamento,Com Vítimas Feridas,Pleno dia,Decrescente,Nublado,Múltipla,Reta,Sim,3,0,2,0,1,0,2,3,-27.592646,-48.604034,SPRF-SC,DEL01-SC,UOP01-DEL01-SC,2022
"417179,0",2022-02-25,sexta-feira,08:30:00,SC,101,"133,0",BALNEARIO CAMBORIU,Reação tardia ou ineficiente do condutor,Colisão lateral mesmo sentido,Com Vítimas Feridas,Pleno dia,Crescente,Céu Claro,Simples,Reta,Sim,3,0,1,1,1,0,2,2,-27.00037933,-48.64625931,SPRF-SC,DEL04-SC,UOP03-DEL04-SC,2022
"417216,0",2022-02-25,sexta-feira,20:40:00,SC,101,"388,0",CRICIUMA,Acessar a via sem observar a presença dos outros veículos,Colisão traseira,Com Vítimas Feridas,Plena Noite,Decrescente,Céu Claro,Dupla,Reta,Sim,3,0,1,0,2,0,1,2,-28.78529329,-49.33739925,SPRF-SC,DEL02-SC,UOP02-DEL02-SC,2022
"417226,0",2022-02-25,sexta-feira,21:00:00,SC,101,"341,0",TUBARAO,Velocidade Incompatível,Tombamento,Com Vítimas Feridas,Plena Noite,Decrescente,Céu Claro,Múltipla,Reta,Sim,1,0,0,1,0,0,1,1,-28.50999405,-49.05070686,SPRF-SC,DEL02-SC,UOP01-DEL02-SC,2022
"417231,0",2022-02-25,sexta-feira,22:00:00,SC,101,"132,0",BALNEARIO CAMBORIU,Falta de acostamento,Colisão traseira,Com Vítimas Feridas,Plena Noite,Crescente,Nublado,Dupla,Reta,Sim,3,0,0,1,1,1,1,3,-26.99654133,-48.65564711,SPRF-SC,DEL04-SC,UOP03-DEL04-SC,2022
"417232,0",2022-02-25,sexta-feira,22:45:00,SC,101,"339,2",TUBARAO,Demais falhas mecânicas ou elétricas,Incêndio,Sem Vítimas,Plena Noite,Decrescente,Céu Claro,Múltipla,Reta,Não,1,0,0,0,1,0,0,1,-28.49351117,-49.04178985,SPRF-SC,DEL02-SC,UOP01-DEL02-SC,2022
"417244,0",2022-02-25,sexta-feira,23:30:00,SC,280,"52,8",GUARAMIRIM,Reação tardia ou ineficiente do condutor,Colisão transversal,Com Vítimas Feridas,Plena Noite,Decrescente,Nublado,Dupla,Declive,Não,3,0,3,0,0,0,3,2,-26.468904,-48.96492,SPRF-SC,DEL03-SC,UOP03-DEL03-SC,2022
"417257,0",2022-02-26,sábado,00:40:00,SC,101,"293,0",IMBITUBA,Ausência de reação do condutor,Colisão com objeto,Com Vítimas Feridas,Plena Noite,Decrescente,Céu Claro,Dupla,Reta,Não,2,0,2,0,0,0,2,1,-28.2856298,-48.70438133,SPRF-SC,DEL02-SC,UOP03-DEL02-SC,2022
"417259,0",2022-02-26,sábado,00:50:00,SC,470,"2,7",NAVEGANTES,Transitar na contramão,Colisão frontal,Com Vítimas Fatais,Plena Noite,Decrescente,Céu Claro,Dupla,Em Obras;Reta,Não,3,1,0,0,2,0,0,2,-26.8629423,-48.6802991,SPRF-SC,DEL04-SC,UOP04-DEL04-SC,2022
"417280,0",2022-02-26,sábado,05:10:00,SC,282,"19,0",PALHOCA,Transitar na contramão,Colisão frontal,Com Vítimas Feridas,Plena Noite,Crescente,Céu Claro,Simples,Reta,Sim,2,0,0,1,1,0,1,2,-27.678635,-48.70192,SPRF-SC,DEL01-SC,UOP02-DEL01-SC,2022
"417286,0",2022-02-26,sábado,05:25:00,SC,101,"148,0",ITAPEMA,Condutor Dormindo,Colisão com objeto,Sem Vítimas,Plena Noite,Decrescente,Nublado,Dupla,Curva,Sim,1,0,0,0,0,1,0,1,-27.10123686,-48.61807962,SPRF-SC,DEL04-SC,UOP03-DEL04-SC,2022
"417290,0",2022-02-26,sábado,05:30:00,SC,101,"0,5",FLORIANOPOLIS,Velocidade Incompatível,Saída de leito carroçável,Com Vítimas Feridas,Amanhecer,Crescente,Céu Claro,Dupla,Reta,Sim,1,0,0,1,0,0,1,1,-27.59855725,-48.57420813,SPRF-SC,DEL03-SC,UOP01-DEL03-SC,2022
"417292,0",2022-02-26,sábado,06:20:00,SC,101,"13,8",GARUVA,Condutor Dormindo,Colisão com objeto,Com Vítimas Feridas,Amanhecer,Crescente,Nublado,Dupla,Ponte;Reta,Não,1,0,0,1,0,0,1,1,-26.09639943,-48.86667252,SPRF-SC,DEL03-SC,UOP01-DEL03-SC,2022
"417294,0",2022-02-26,sábado,01:30:00,SC,282,"408,0",CATANDUVAS,Transitar na contramão,Colisão frontal,Sem Vítimas,Plena Noite,Crescente,Céu Claro,Simples,Curva,Não,2,0,0,0,0,2,0,2,-27.074812,-51.663269,SPRF-SC,DEL07-SC,UOP05-DEL07-SC,2022
"417303,0",2022-02-26,sábado,02:00:00,SC,470,"19,0",ILHOTA,Velocidade Incompatível,Saída de leito carroçável,Sem Vítimas,Plena Noite,Crescente,Nublado,Dupla,Desvio Temporário,Não,1,0,0,0,0,1,0,1,-26.862995,-48.814396,SPRF-SC,DEL04-SC,UOP04-DEL04-SC,2022
"417305,0",2022-02-26,sábado,06:59:00,SC,101,"189,0",BIGUACU,Demais falhas mecânicas ou elétricas,Incêndio,Sem Vítimas,Pleno dia,Crescente,Nublado,Dupla,Reta,Não,1,0,0,0,1,0,0,1,-27.459393,-48.638914,SPRF-SC,DEL01-SC,UOP01-DEL01-SC,2022
"417319,0",2022-02-26,sábado,08:00:00,SC,101,"362,0",SANGAO,Condutor deixou de manter distância do veículo da frente,Colisão traseira,Sem Vítimas,Pleno dia,Decrescente,Céu Claro,Dupla,Aclive,Não,2,0,0,0,2,0,0,2,-28.67136197,-49.12225505,SPRF-SC,DEL02-SC,UOP01-DEL02-SC,2022
"417325,0",2022-02-26,sábado,07:50:00,SC,282,"509,1",XANXERE,Reação tardia ou ineficiente do condutor,Atropelamento de Pedestre,Com Vítimas Feridas,Pleno dia,Crescente,Nevoeiro/Neblina,Simples,Em Obras,Não,2,0,1,0,1,0,1,2,-26.890533,-52.457096,SPRF-SC,DEL07-SC,UOP01-DEL07-SC,2022
"417329,0",2022-02-26,sábado,08:50:00,SC,101,"206,2",SAO JOSE,Reação tardia ou ineficiente do condutor,Engavetamento,Com Vítimas Feridas,Pleno dia,Crescente,Sol,Múltipla,Reta,Sim,5,0,1,1,3,0,2,5,-27.59193546,-48.61824557,SPRF-SC,DEL01-SC,UOP01-DEL01-SC,2022
"417338,0",2022-02-26,sábado,06:00:00,SC,282,"588,7",SAUDADES,Velocidade Incompatível,Saída de leito carroçável,Com Vítimas Feridas,Amanhecer,Decrescente,Nevoeiro/Neblina,Simples,Declive,Não,1,0,1,0,0,0,1,1,-26.826273,-53.052547,SPRF-SC,DEL07-SC,UOP02-DEL07-SC,2022
"417350,0",2022-02-26,sábado,10:45:00,SC,101,"353,0",JAGUARUNA,Ingestão de álcool e/ou substâncias psicoativas pelo pedestre,Colisão com objeto,Com Vítimas Feridas,Pleno dia,Decrescente,Sol,Simples,Interseção de Vias,Não,3,0,3,0,0,0,3,1,-28.61232036,-49.06197674,SPRF-SC,DEL02-SC,UOP01-DEL02-SC,2022
"417354,0",2022-02-26,sábado,11:30:00,SC,101,"331,0",TUBARAO,Reação tardia ou ineficiente do condutor,Engavetamento,Sem Vítimas,Pleno dia,Decrescente,Céu Claro,Dupla,Declive,Sim,3,0,0,0,3,0,0,3,-28.45567521,-48.9812689,SPRF-SC,DEL02-SC,UOP01-DEL02-SC,2022
"417357,0",2022-02-26,sábado,11:40:00,SC,470,"22,9",ILHOTA,Reação tardia ou ineficiente do condutor,Tombamento,Com Vítimas Feridas,Pleno dia,Crescente,Sol,Dupla,Reta,Não,1,0,1,0,0,0,1,1,-26.880066,-48.836224,SPRF-SC,DEL04-SC,UOP04-DEL04-SC,2022
"417364,0",2022-02-26,sábado,09:20:00,SC,470,"140,0",RIO DO SUL,Acesso irregular,Colisão frontal,Com Vítimas Feridas,Pleno dia,Decrescente,Sol,Simples,Reta,Não,2,0,0,1,1,0,1,2,-27.2053535,-49.6441108,SPRF-SC,DEL04-SC,UOP02-DEL04-SC,2022
"417378,0",2022-02-26,sábado,13:00:00,SC,470,"31,0",GASPAR,Acessar a via sem observar a presença dos outros veículos,Colisão lateral mesmo sentido,Com Vítimas Feridas,Pleno dia,Decrescente,Céu Claro,Dupla,Reta,Não,3,0,1,1,1,0,2,2,-26.897331,-48.923069,SPRF-SC,DEL04-SC,UOP01-DEL04-SC,2022
"417398,0",2022-02-26,sábado,14:20:00,SC,280,"33,0",ARAQUARI,Acessar a via sem observar a presença dos outros veículos,Colisão transversal,Com Vítimas Feridas,Pleno dia,Crescente,Céu Claro,Simples,Reta,Sim,3,0,3,0,0,0,3,2,-26.42576441,-48.78741376,SPRF-SC,DEL03-SC,UOP03-DEL03-SC,2022
"417399,0",2022-02-26,sábado,14:30:00,SC,280,"49,2",GUARAMIRIM,Acessar a via sem observar a presença dos outros veículos,Colisão transversal,Com Vítimas Feridas,Pleno dia,Decrescente,Céu Claro,Simples,Interseção de Vias;Em Obras;Reta,Sim,4,0,0,1,3,0,1,2,-26.45850039,-48.93692786,SPRF-SC,DEL03-SC,UOP03-DEL03-SC,2022
"417406,0",2022-02-26,sábado,15:00:00,SC,116,"139,9",SANTA CECILIA,Ausência de reação do condutor,Saída de leito carroçável,Sem Vítimas,Pleno dia,Crescente,Céu Claro,Simples,Reta,Sim,2,0,0,0,1,1,0,2,-26.96007677,-50.41626976,SPRF-SC,DEL06-SC,UOP02-DEL06-SC,2022
"417426,0",2022-02-26,sábado,17:20:00,SC,282,"21,2",PALHOCA,Trafegar com motocicleta (ou similar) entre as faixas,Colisão lateral sentido oposto,Com Vítimas Feridas,Pleno dia,Crescente,Nublado,Simples,Reta,Sim,3,0,1,0,1,1,1,3,-27.68860608,-48.72074425,SPRF-SC,DEL01-SC,UOP02-DEL01-SC,2022
"417457,0",2022-02-26,sábado,15:52:00,SC,282,"109,7",ALFREDO WAGNER,Velocidade Incompatível,Colisão frontal,Com Vítimas Fatais,Pleno dia,Crescente,Chuva,Simples,Curva,Não,5,1,1,2,1,0,3,2,-27.7257632,-49.3595816,SPRF-SC,DEL01-SC,UOP03-DEL01-SC,2022
"417462,0",2022-02-26,sábado,20:15:00,SC,101,"411,3",ARARANGUA,Ausência de reação do condutor,Colisão com objeto,Com Vítimas Feridas,Plena Noite,Crescente,Céu Claro,Simples,Rotatória,Sim,1,0,1,0,0,0,1,1,-28.94970232,-49.50715587,SPRF-SC,DEL02-SC,UOP02-DEL02-SC,2022
"417464,0",2022-02-26,sábado,21:05:00,SC,101,"144,9",ITAPEMA,Ausência de reação do condutor,Colisão lateral mesmo sentido,Com Vítimas Feridas,Plena Noite,Decrescente,Nublado,Dupla,Reta,Não,2,0,0,1,1,0,1,2,-27.0732659,-48.59672716,SPRF-SC,DEL04-SC,UOP03-DEL04-SC,2022
"417473,0",2022-02-26,sábado,16:00:00,SC,282,"258,6",SAO JOSE DO CERRITO,Velocidade Incompatível,Saída de leito carroçável,Com Vítimas Fatais,Pleno dia,Decrescente,Céu Claro,Simples,Declive;Curva,Não,1,1,0,0,0,0,0,1,-27.65598301,-50.59680852,SPRF-SC,DEL05-SC,UOP02-DEL05-SC,2022
"417481,0",2022-02-26,sábado,10:50:00,SC,101,"283,0",IMBITUBA,Avarias e/ou desgaste excessivo no pneu,Tombamento,Com Vítimas Feridas,Pleno dia,Decrescente,Céu Claro,Dupla,Reta,Não,2,0,2,0,0,0,2,1,-28.20457404,-48.6984006,SPRF-SC,DEL02-SC,UOP03-DEL02-SC,2022
"417484,0",2022-02-26,sábado,20:00:00,SC,163,"112,2",GUARUJA DO SUL,Condutor deixou de manter distância do veículo da frente,Colisão traseira,Com Vítimas Feridas,Plena Noite,Decrescente,Céu Claro,Simples,Reta,Sim,3,0,2,0,1,0,2,2,-26.38992051,-53.51708056,SPRF-SC,DEL07-SC,UOP03-DEL07-SC,2022
"417485,0",2022-02-26,sábado,20:30:00,SC,116,"246,9",LAGES,Desrespeitar a preferência no cruzamento,Colisão transversal,Sem Vítimas,Plena Noite,Crescente,Céu Claro,Simples,Rotatória,Sim,2,0,0,0,2,0,0,2,-27.8111899,-50.36794782,SPRF-SC,DEL05-SC,UOP02-DEL05-SC,2022
"417488,0",2022-02-26,sábado,23:30:00,SC,470,"100,1",APIUNA,Ausência de reação do condutor,Colisão com objeto,Com Vítimas Feridas,Plena Noite,Crescente,Nublado,Simples,Curva,Sim,1,0,1,0,0,0,1,1,-27.045143,-49.394142,SPRF-SC,DEL04-SC,UOP02-DEL04-SC,2022
"417489,0",2022-02-26,sábado,20:50:00,SC,101,"132,6",BALNEARIO CAMBORIU,Reação tardia ou ineficiente do condutor,Colisão traseira,Com Vítimas Feridas,Plena Noite,Crescente,Nublado,Simples,Reta,Sim,2,0,0,1,1,0,1,2,-26.99654133,-48.65564711,SPRF-SC,DEL04-SC,UOP03-DEL04-SC,2022
"417498,0",2022-02-27,domingo,00:05:00,SC,101,"212,0",PALHOCA,Ausência de sinalização,Colisão traseira,Com Vítimas Feridas,Plena Noite,Decrescente,Céu Claro,Múltipla,Reta,Sim,3,0,0,1,2,0,1,3,-27.62996929,-48.65903871,SPRF-SC,DEL01-SC,UOP02-DEL01-SC,2022
"417500,0",2022-02-26,sábado,23:05:00,SC,101,"371,1",ICARA,Condutor Dormindo,Saída de leito carroçável,Com Vítimas Feridas,Plena Noite,Decrescente,Céu Claro,Dupla,Reta,Não,6,0,4,2,0,0,6,1,-28.70403682,-49.2008731,SPRF-SC,DEL02-SC,UOP01-DEL02-SC,2022
"417516,0",2022-02-27,domingo,00:01:00,SC,280,"27,5",ARAQUARI,Reação tardia ou ineficiente do condutor,Colisão com objeto,Com Vítimas Feridas,Plena Noite,Crescente,Nublado,Simples,Em Obras;Reta,Não,1,0,1,0,0,0,1,1,-26.40258216,-48.74425113,SPRF-SC,DEL03-SC,UOP03-DEL03-SC,2022
"417522,0",2022-02-27,domingo,03:40:00,SC,101,"193,1",BIGUACU,Ausência de reação do condutor,Saída de leito carroçável,Com Vítimas Feridas,Plena Noite,Decrescente,Céu Claro,Múltipla,Curva,Sim,3,0,3,0,0,0,3,1,-27.489574,-48.655914,SPRF-SC,DEL01-SC,UOP01-DEL01-SC,2022
"417530,0",2022-02-27,domingo,04:30:00,SC,101,"201,0",SAO JOSE,Reação tardia ou ineficiente do condutor,Colisão com objeto,Com Vítimas Feridas,Plena Noite,Decrescente,Céu Claro,Múltipla,Reta,Sim,4,0,3,0,0,1,3,1,-27.54836599,-48.61977975,SPRF-SC,DEL01-SC,UOP01-DEL01-SC,2022