id,data_inversa,dia_semana,horario,uf,br,km,municipio,causa_acidente,tipo_acidente,classificacao_acidente,fase_dia,sentido_via,condicao_metereologica,tipo_pista,tracado_via,uso_solo,pessoas,mortos,feridos_leves,feridos_graves,ilesos,ignorados,feridos,veiculos,latitude,longitude,regional,delegacia,uop,ano_arquivo
"417532,0",2022-02-27,domingo,04:15:00,SC,101,"206,8",SAO JOSE,Ingestão de álcool pelo condutor,Saída de leito carroçável,Sem Vítimas,Plena Noite,Decrescente,Nublado,Múltipla,Reta,Sim,1,0,0,0,1,0,0,1,-27.59193546,-48.61824557,SPRF-SC,DEL01-SC,UOP01-DEL01-SC,2022
"417536,0",2022-02-27,domingo,03:20:00,SC,101,"42,0",JOINVILLE,Ingestão de álcool pelo condutor,Saída de leito carroçável,Sem Vítimas,Plena Noite,Crescente,Céu Claro,Simples,Reta,Sim,5,0,0,0,5,0,0,1,-26.29251598,-48.88474385,SPRF-SC,DEL03-SC,UOP01-DEL03-SC,2022
"417541,0",2022-02-27,domingo,03:00:00,SC,101,"41,9",JOINVILLE,Entrada inopinada do pedestre,Atropelamento de Pedestre,Com Vítimas Fatais,Plena Noite,Decrescente,Céu Claro,Dupla,Reta,Sim,2,1,0,0,0,1,0,2,-26.32400537,-48.86726137,SPRF-SC,DEL03-SC,UOP01-DEL03-SC,2022
"417549,0",2022-02-26,sábado,17:50:00,SC,280,"91,0",CORUPA,Acumulo de óleo sobre o pavimento,Queda de ocupante de veículo,Com Vítimas Feridas,Anoitecer,Crescente,Céu Claro,Simples,Aclive;Curva,Não,2,0,2,0,0,0,2,1,-26.40198057,-49.29053774,SPRF-SC,DEL06-SC,UOP03-DEL06-SC,2022
"417550,0",2022-02-27,domingo,04:20:00,SC,280,"91,0",CORUPA,Ingestão de álcool pelo condutor,Colisão frontal,Com Vítimas Feridas,Plena Noite,Crescente,Céu Claro,Simples,Curva;Aclive,Não,2,0,1,0,1,0,1,2,-26.40814892,-49.2830801,SPRF-SC,DEL06-SC,UOP03-DEL06-SC,2022
"417555,0",2022-02-27,domingo,05:45:00,SC,470,"9,9",NAVEGANTES,Transitar na contramão,Colisão frontal,Com Vítimas Feridas,Amanhecer,Crescente,Nevoeiro/Neblina,Simples,Interseção de Vias;Em Obras,Sim,3,0,3,0,0,0,3,2,-26.833143,-48.727432,SPRF-SC,DEL04-SC,UOP04-DEL04-SC,2022
"417584,0",2022-02-27,domingo,06:30:00,SC,116,"223,2",CORREIA PINTO,Ingestão de álcool pelo condutor,Colisão traseira,Sem Vítimas,Pleno dia,Decrescente,Nublado,Simples,Reta,Não,3,0,0,0,3,0,0,3,-27.60213889,-50.35543366,SPRF-SC,DEL05-SC,UOP03-DEL05-SC,2022
"417594,0",2022-02-27,domingo,06:00:00,SC,470,"236,2",SAO CRISTOVAO DO SUL,Pedestre andava na pista,Atropelamento de Pedestre,Com Vítimas Fatais,Amanhecer,Crescente,Céu Claro,Simples,Curva,Não,2,1,0,0,0,1,0,2,-27.30307,-50.447491,SPRF-SC,DEL05-SC,UOP03-DEL05-SC,2022
"417599,0",2022-02-27,domingo,11:00:00,SC,101,"371,9",ICARA,Demais falhas mecânicas ou elétricas,Saída de leito carroçável,Sem Vítimas,Pleno dia,Crescente,Sol,Dupla,Reta,Não,1,0,0,0,1,0,0,1,-28.71350064,-49.21880029,SPRF-SC,DEL02-SC,UOP01-DEL02-SC,2022
"417602,0",2022-02-27,domingo,11:45:00,SC,101,"210,0",SAO JOSE,Desrespeitar a preferência no cruzamento,Colisão transversal,Com Vítimas Feridas,Pleno dia,Crescente,Céu Claro,Dupla,Viaduto,Sim,2,0,1,0,1,0,1,2,-27.6167305,-48.6457265,SPRF-SC,DEL01-SC,UOP01-DEL01-SC,2022
"417631,0",2022-02-27,domingo,16:00:00,SC,470,"7,0",NAVEGANTES,Reação tardia ou ineficiente do condutor,Tombamento,Com Vítimas Feridas,Pleno dia,Crescente,Céu Claro,Simples,Curva,Sim,1,0,1,0,0,0,1,1,-26.84499,-48.71505,SPRF-SC,DEL04-SC,UOP04-DEL04-SC,2022
"417647,0",2022-02-27,domingo,17:30:00,SC,101,"206,8",SAO JOSE,Avarias e/ou desgaste excessivo no pneu,Queda de ocupante de veículo,Com Vítimas Feridas,Pleno dia,Crescente,Céu Claro,Múltipla,Reta,Sim,2,0,2,0,0,0,2,1,-27.60001226,-48.6226467,SPRF-SC,DEL01-SC,UOP01-DEL01-SC,2022
"417657,0",2022-02-27,domingo,17:15:00,SC,101,"104,4",BALNEARIO PICARRAS,Demais falhas mecânicas ou elétricas,Tombamento,Com Vítimas Feridas,Pleno dia,Decrescente,Céu Claro,Dupla,Reta,Não,2,0,2,0,0,0,2,1,-26.79702952,-48.67969036,SPRF-SC,DEL03-SC,UOP02-DEL03-SC,2022
"417658,0",2022-02-27,domingo,18:00:00,SC,280,"139,1",MAFRA,Reação tardia ou ineficiente do condutor,Queda de ocupante de veículo,Com Vítimas Feridas,Pleno dia,Decrescente,Céu Claro,Simples,Declive,Não,1,0,0,1,0,0,1,1,-26.254826,-49.603124,SPRF-SC,DEL06-SC,UOP03-DEL06-SC,2022
"417662,0",2022-02-27,domingo,18:05:00,SC,101,"192,3",BIGUACU,Ingestão de álcool pelo condutor,Tombamento,Com Vítimas Feridas,Anoitecer,Crescente,Céu Claro,Dupla,Curva,Sim,1,0,0,1,0,0,1,1,-27.48443781,-48.64765238,SPRF-SC,DEL01-SC,UOP01-DEL01-SC,2022
"417676,0",2022-02-27,domingo,18:20:00,SC,470,"68,0",INDAIAL,Acumulo de areia ou detritos sobre o pavimento,Tombamento,Com Vítimas Feridas,Pleno dia,Crescente,Nublado,Simples,Interseção de Vias,Sim,1,0,1,0,0,0,1,1,-26.877615,-49.239231,SPRF-SC,DEL04-SC,UOP01-DEL04-SC,2022
"417686,0",2022-02-27,domingo,19:45:00,SC,101,"216,0",PALHOCA,Ingestão de álcool pelo condutor,Colisão com objeto,Sem Vítimas,Plena Noite,Crescente,Nublado,Múltipla,Reta,Sim,1,0,0,0,1,0,0,1,-27.65981409,-48.67747798,SPRF-SC,DEL01-SC,UOP02-DEL01-SC,2022
"417687,0",2022-02-27,domingo,19:30:00,SC,470,"2,2",NAVEGANTES,Condutor deixou de manter distância do veículo da frente,Colisão traseira,Com Vítimas Feridas,Plena Noite,Decrescente,Nublado,Dupla,Reta;Em Obras,Não,2,0,0,1,1,0,1,2,-26.868551,-48.674831,SPRF-SC,DEL04-SC,UOP04-DEL04-SC,2022
"417691,0",2022-02-27,domingo,19:50:00,SC,101,"316,2",PESCARIA BRAVA,Ingestão de álcool pelo condutor,Tombamento,Com Vítimas Feridas,Plena Noite,Crescente,Nublado,Dupla,Declive;Curva,Sim,2,0,2,0,0,0,2,1,-28.42904239,-48.84257464,SPRF-SC,DEL02-SC,UOP01-DEL02-SC,2022
"417693,0",2022-02-27,domingo,19:55:00,SC,101,"140,1",BALNEARIO CAMBORIU,Ingestão de álcool pelo condutor,Tombamento,Com Vítimas Feridas,Plena Noite,Decrescente,Nublado,Dupla,Reta,Sim,1,0,0,1,0,0,1,1,-27.03881189,-48.60025148,SPRF-SC,DEL04-SC,UOP03-DEL04-SC,2022
"417703,0",2022-02-27,domingo,21:10:00,SC,101,"44,0",JOINVILLE,Acessar a via sem observar a presença dos outros veículos,Colisão frontal,Com Vítimas Feridas,Plena Noite,Crescente,Céu Claro,Simples,Interseção de Vias,Sim,2,0,1,0,1,0,1,2,-26.31238996,-48.87458997,SPRF-SC,DEL03-SC,UOP01-DEL03-SC,2022
"417732,0",2022-02-27,domingo,21:50:00,SC,282,"372,0",ERVAL VELHO,Ingestão de álcool pelo condutor,Colisão traseira,Sem Vítimas,Plena Noite,Crescente,Céu Claro,Simples,Reta,Não,2,0,0,0,2,0,0,2,-27.251827,-51.446991,SPRF-SC,DEL07-SC,UOP05-DEL07-SC,2022
"417749,0",2022-02-28,segunda-feira,01:30:00,SC,101,"202,5",SAO JOSE,Ingestão de álcool pelo condutor,Colisão transversal,Com Vítimas Feridas,Plena Noite,Crescente,Céu Claro,Dupla,Reta,Sim,3,0,1,0,1,1,1,3,-27.55711595,-48.61897889,SPRF-SC,DEL01-SC,UOP01-DEL01-SC,2022
"417750,0",2022-02-28,segunda-feira,01:00:00,SC,101,"108,0",PENHA,Reação tardia ou ineficiente do condutor,Colisão traseira,Sem Vítimas,Plena Noite,Decrescente,Nublado,Dupla,Reta,Não,2,0,0,0,2,0,0,2,-26.82606902,-48.69052298,SPRF-SC,DEL03-SC,UOP02-DEL03-SC,2022
"417757,0",2022-02-28,segunda-feira,02:30:00,SC,101,"154,7",PORTO BELO,Condutor Dormindo,Saída de leito carroçável,Com Vítimas Feridas,Plena Noite,Decrescente,Céu Claro,Múltipla,Reta,Sim,2,0,1,0,1,0,1,1,-27.153819,-48.61086393,SPRF-SC,DEL04-SC,UOP03-DEL04-SC,2022
"417770,0",2022-02-27,domingo,20:40:00,SC,280,"23,0",ARAQUARI,Acesso irregular,Colisão transversal,Com Vítimas Feridas,Plena Noite,Crescente,Nublado,Simples,Reta,Sim,3,0,2,0,1,0,2,2,-26.37146,-48.711887,SPRF-SC,DEL03-SC,UOP03-DEL03-SC,2022
"417775,0",2022-02-28,segunda-feira,07:20:00,SC,116,"263,0",CAPAO ALTO,Animais na Pista,Atropelamento de Animal,Sem Vítimas,Amanhecer,Decrescente,Nublado,Simples,Reta,Não,2,0,0,0,2,0,0,1,-27.92670686,-50.45423528,SPRF-SC,DEL05-SC,UOP02-DEL05-SC,2022
"417783,0",2022-02-28,segunda-feira,08:30:00,SC,101,"203,0",SAO JOSE,Objeto estático sobre o leito carroçável,Colisão com objeto,Com Vítimas Feridas,Pleno dia,Crescente,Céu Claro,Múltipla,Reta,Sim,2,0,1,0,1,0,1,2,-27.5650044,-48.61460082,SPRF-SC,DEL01-SC,UOP01-DEL01-SC,2022
"417788,0",2022-02-28,segunda-feira,08:50:00,SC,101,"393,0",CRICIUMA,Avarias e/ou desgaste excessivo no pneu,Tombamento,Com Vítimas Feridas,Pleno dia,Decrescente,Céu Claro,Dupla,Reta,Não,1,0,1,0,0,0,1,1,-28.82233952,-49.40127432,SPRF-SC,DEL02-SC,UOP02-DEL02-SC,2022
"417799,0",2022-02-28,segunda-feira,10:45:00,SC,282,"20,3",PALHOCA,Mal súbito do condutor,Colisão com objeto,Com Vítimas Feridas,Pleno dia,Decrescente,Céu Claro,Simples,Aclive,Sim,1,0,1,0,0,0,1,1,-27.683958,-48.71006,SPRF-SC,DEL01-SC,UOP02-DEL01-SC,2022
"417804,0",2022-02-28,segunda-feira,00:10:00,SC,282,"576,0",PINHALZINHO,Condutor deixou de manter distância do veículo da frente,Colisão traseira,Com Vítimas Feridas,Plena Noite,Decrescente,Céu Claro,Simples,Reta,Sim,2,0,1,0,0,1,1,2,-26.856054,-52.98011,SPRF-SC,DEL07-SC,UOP02-DEL07-SC,2022
"417810,0",2022-02-28,segunda-feira,09:20:00,SC,470,"83,1",RODEIO,Reação tardia ou ineficiente do condutor,Colisão lateral mesmo sentido,Com Vítimas Feridas,Pleno dia,Crescente,Nublado,Simples,Reta,Não,2,0,0,1,1,0,1,2,-26.9629288,-49.33593035,SPRF-SC,DEL04-SC,UOP01-DEL04-SC,2022
"417831,0",2022-02-28,segunda-feira,13:55:00,SC,101,"112,0",NAVEGANTES,Área urbana sem a presença de local apropriado para a travessia de pedestres,Atropelamento de Pedestre,Com Vítimas Feridas,Pleno dia,Decrescente,Céu Claro,Dupla,Reta,Não,3,0,1,0,0,2,1,2,-26.84589005,-48.72131295,SPRF-SC,DEL04-SC,UOP04-DEL04-SC,2022
"417845,0",2022-02-28,segunda-feira,15:35:00,SC,101,"37,0",JOINVILLE,Condutor Dormindo,Saída de leito carroçável,Com Vítimas Feridas,Pleno dia,Crescente,Sol,Dupla,Reta,Sim,2,0,2,0,0,0,2,1,-26.25050176,-48.90863867,SPRF-SC,DEL03-SC,UOP01-DEL03-SC,2022
"417853,0",2022-02-28,segunda-feira,14:20:00,SC,101,"83,0",BARRA VELHA,Demais falhas mecânicas ou elétricas,Queda de ocupante de veículo,Com Vítimas Feridas,Pleno dia,Crescente,Céu Claro,Dupla,Reta,Não,2,0,2,0,0,0,2,1,-26.61865655,-48.71834126,SPRF-SC,DEL03-SC,UOP02-DEL03-SC,2022
"417854,0",2022-02-28,segunda-feira,14:30:00,SC,101,"100,6",BALNEARIO PICARRAS,Avarias e/ou desgaste excessivo no pneu,Tombamento,Com Vítimas Feridas,Pleno dia,Decrescente,Céu Claro,Dupla,Reta,Sim,2,0,2,0,0,0,2,1,-26.75482787,-48.68993675,SPRF-SC,DEL03-SC,UOP02-DEL03-SC,2022
"417866,0",2022-02-28,segunda-feira,17:45:00,SC,101,"205,5",SAO JOSE,Manobra de mudança de faixa,Colisão lateral mesmo sentido,Com Vítimas Feridas,Pleno dia,Crescente,Céu Claro,Múltipla,Reta,Sim,2,0,0,1,1,0,1,2,-27.58313237,-48.61532885,SPRF-SC,DEL01-SC,UOP01-DEL01-SC,2022
"417874,0",2022-02-28,segunda-feira,18:20:00,SC,101,"153,0",PORTO BELO,Condutor deixou de manter distância do veículo da frente,Colisão traseira,Com Vítimas Feridas,Anoitecer,Decrescente,Sol,Dupla,Reta,Sim,2,0,1,0,1,0,1,2,-27.144717,-48.61063935,SPRF-SC,DEL04-SC,UOP03-DEL04-SC,2022
"417878,0",2022-02-28,segunda-feira,18:10:00,SC,101,"34,0",JOINVILLE,Avarias e/ou desgaste excessivo no pneu,Tombamento,Com Vítimas Feridas,Anoitecer,Crescente,Céu Claro,Dupla,Aclive;Curva,Sim,1,0,1,0,0,0,1,1,-26.23667403,-48.91486706,SPRF-SC,DEL03-SC,UOP01-DEL03-SC,2022
"417883,0",2022-02-28,segunda-feira,19:55:00,SC,101,"453,5",SAO JOAO DO SUL,Desrespeitar a preferência no cruzamento,Colisão transversal,Com Vítimas Feridas,Plena Noite,Decrescente,Chuva,Simples,Reta,Sim,2,0,0,1,1,0,1,2,-29.19759996,-49.75264078,SPRF-SC,DEL02-SC,UOP02-DEL02-SC,2022
"417887,0",2022-02-08,terça-feira,22:40:00,SC,101,"207,0",SAO JOSE,Condutor deixou de manter distância do veículo da frente,Colisão traseira,Com Vítimas Feridas,Plena Noite,Decrescente,Céu Claro,Múltipla,Declive;Curva;Em Obras,Sim,2,0,0,1,1,0,1,2,-27.60001226,-48.6226467,SPRF-SC,DEL01-SC,UOP01-DEL01-SC,2022
"417889,0",2022-02-28,segunda-feira,21:00:00,SC,101,"209,5",SAO JOSE,Pedestre cruzava a pista fora da faixa,Atropelamento de Pedestre,Com Vítimas Fatais,Plena Noite,Decrescente,Céu Claro,Múltipla,Reta,Sim,2,1,0,0,1,0,0,2,-27.61411029,-48.64288509,SPRF-SC,DEL01-SC,UOP01-DEL01-SC,2022
"417890,0",2022-02-28,segunda-feira,19:50:00,SC,101,"335,5",TUBARAO,Reação tardia ou ineficiente do condutor,Colisão lateral mesmo sentido,Sem Vítimas,Plena Noite,Crescente,Chuva,Múltipla,Declive;Reta,Não,6,0,0,0,6,0,0,2,-28.47781115,-49.03220773,SPRF-SC,DEL02-SC,UOP01-DEL02-SC,2022
"417923,0",2022-03-01,terça-feira,00:15:00,SC,101,"99,0",BALNEARIO PICARRAS,Demais falhas mecânicas ou elétricas,Tombamento,Com Vítimas Feridas,Plena Noite,Decrescente,Céu Claro,Dupla,Reta,Não,1,0,1,0,0,0,1,1,-26.7471002,-48.69654831,SPRF-SC,DEL03-SC,UOP02-DEL03-SC,2022
"417934,0",2022-03-01,terça-feira,02:45:00,SC,101,"339,8",TUBARAO,Entrada inopinada do pedestre,Atropelamento de Pedestre,Com Vítimas Fatais,Plena Noite,Crescente,Nublado,Múltipla,Reta,Não,2,1,0,0,0,1,0,2,-28.51105704,-49.05117187,SPRF-SC,DEL02-SC,UOP01-DEL02-SC,2022
"417950,0",2022-03-01,terça-feira,07:10:00,SC,101,"189,0",BIGUACU,Ingestão de álcool pelo condutor,Colisão com objeto,Com Vítimas Feridas,Pleno dia,Crescente,Céu Claro,Dupla,Curva,Não,3,0,1,0,2,0,1,1,-27.459393,-48.638914,SPRF-SC,DEL01-SC,UOP01-DEL01-SC,2022
"417952,0",2022-03-01,terça-feira,07:20:00,SC,101,"101,0",BALNEARIO PICARRAS,Ingestão de álcool pelo condutor,Saída de leito carroçável,Sem Vítimas,Amanhecer,Crescente,Céu Claro,Simples,Reta,Sim,1,0,0,0,1,0,0,1,-26.76404198,-48.68657667,SPRF-SC,DEL03-SC,UOP02-DEL03-SC,2022
"417955,0",2022-03-01,terça-feira,08:35:00,SC,101,"332,0",TUBARAO,Desrespeitar a preferência no cruzamento,Colisão transversal,Com Vítimas Feridas,Pleno dia,Crescente,Céu Claro,Dupla,Viaduto;Rotatória,Sim,2,0,1,0,1,0,1,2,-28.46016431,-48.98968873,SPRF-SC,DEL02-SC,UOP01-DEL02-SC,2022
"417957,0",2022-03-01,terça-feira,07:45:00,SC,470,"129,3",LONTRAS,Ultrapassagem Indevida,Colisão lateral sentido oposto,Com Vítimas Feridas,Pleno dia,Decrescente,Céu Claro,Simples,Reta,Sim,3,0,2,1,0,0,3,2,-27.148499,-49.556137,SPRF-SC,DEL04-SC,UOP02-DEL04-SC,2022
"417969,0",2022-03-01,terça-feira,09:50:00,SC,101,"447,3",SANTA ROSA DO SUL,Avarias e/ou desgaste excessivo no pneu,Tombamento,Com Vítimas Feridas,Pleno dia,Crescente,Céu Claro,Dupla,Reta,Não,2,0,2,0,0,0,2,1,-29.15289482,-49.72792624,SPRF-SC,DEL02-SC,UOP02-DEL02-SC,2022
"417988,0",2022-03-01,terça-feira,13:20:00,SC,101,"437,6",SOMBRIO,Condutor deixou de manter distância do veículo da frente,Colisão traseira,Com Vítimas Feridas,Pleno dia,Crescente,Nublado,Dupla,Reta,Não,4,0,2,0,2,0,2,2,-29.116756,-49.640408,SPRF-SC,DEL02-SC,UOP02-DEL02-SC,2022
"417991,0",2022-03-01,terça-feira,13:45:00,SC,101,"336,0",TUBARAO,Condutor deixou de manter distância do veículo da frente,Engavetamento,Com Vítimas Feridas,Pleno dia,Crescente,Nublado,Dupla,Viaduto,Sim,6,0,1,0,5,0,1,5,-28.47311347,-49.02437375,SPRF-SC,DEL02-SC,UOP01-DEL02-SC,2022
"418011,0",2022-03-01,terça-feira,14:21:00,SC,101,"148,5",ITAPEMA,Trafegar com motocicleta (ou similar) entre as faixas,Colisão lateral mesmo sentido,Com Vítimas Feridas,Pleno dia,Decrescente,Céu Claro,Dupla,Reta,Sim,1,0,0,1,0,0,1,1,-27.10123686,-48.61807962,SPRF-SC,DEL04-SC,UOP03-DEL04-SC,2022
"418014,0",2022-03-01,terça-feira,16:00:00,SC,101,"434,2",SOMBRIO,Acesso irregular,Colisão transversal,Com Vítimas Feridas,Pleno dia,Crescente,Céu Claro,Dupla,Reta,Sim,3,0,1,0,2,0,1,2,-29.09075196,-49.63226114,SPRF-SC,DEL02-SC,UOP02-DEL02-SC,2022
"418022,0",2022-03-01,terça-feira,16:30:00,SC,116,"107,0",MONTE CASTELO,Velocidade Incompatível,Queda de ocupante de veículo,Com Vítimas Feridas,Pleno dia,Crescente,Nublado,Simples,Curva;Aclive,Não,1,0,1,0,0,0,1,1,-26.75726027,-50.33042908,SPRF-SC,DEL06-SC,UOP02-DEL06-SC,2022
"418034,0",2022-03-01,terça-feira,18:35:00,SC,101,"195,0",BIGUACU,Acessar a via sem observar a presença dos outros veículos,Colisão transversal,Com Vítimas Feridas,Plena Noite,Crescente,Garoa/Chuvisco,Múltipla,Interseção de Vias,Sim,2,0,1,0,1,0,1,2,-27.5047092,-48.65010819,SPRF-SC,DEL01-SC,UOP01-DEL01-SC,2022
"418045,0",2022-03-01,terça-feira,18:15:00,SC,101,"4,1",GARUVA,Reação tardia ou ineficiente do condutor,Colisão traseira,Com Vítimas Feridas,Amanhecer,Decrescente,Chuva,Dupla,Reta,Não,2,0,1,0,1,0,1,2,-26.00897657,-48.86430144,SPRF-SC,DEL03-SC,UOP01-DEL03-SC,2022
"418054,0",2022-03-01,terça-feira,20:10:00,SC,101,"423,0",ARARANGUA,Demais falhas mecânicas ou elétricas,Incêndio,Com Vítimas Feridas,Plena Noite,Decrescente,Chuva,Múltipla,Viaduto;Reta,Sim,5,0,3,0,2,0,3,3,-29.01106757,-49.57413825,SPRF-SC,DEL02-SC,UOP02-DEL02-SC,2022
"418060,0",2022-03-01,terça-feira,21:20:00,SC,470,"128,7",LONTRAS,Velocidade Incompatível,Colisão frontal,Com Vítimas Feridas,Plena Noite,Crescente,Chuva,Simples,Curva,Não,2,0,0,1,1,0,1,2,-27.143742,-49.548897,SPRF-SC,DEL04-SC,UOP02-DEL04-SC,2022
"418065,0",2022-03-01,terça-feira,21:45:00,SC,282,"252,0",SAO JOSE DO CERRITO,Ultrapassagem Indevida,Colisão frontal,Com Vítimas Feridas,Plena Noite,Crescente,Nublado,Simples,Reta,Não,2,0,1,1,0,0,2,2,-27.691267,-50.561481,SPRF-SC,DEL05-SC,UOP02-DEL05-SC,2022
"418122,0",2022-03-02,quarta-feira,07:00:00,SC,282,"618,5",IRACEMINHA,Acumulo de água sobre o pavimento,Colisão frontal,Com Vítimas Fatais,Pleno dia,Decrescente,Chuva,Simples,Curva,Não,3,1,1,0,0,1,1,3,-26.79329172,-53.29651421,SPRF-SC,DEL07-SC,UOP02-DEL07-SC,2022
"418148,0",2022-03-02,quarta-feira,11:35:00,SC,101,"331,8",TUBARAO,Desrespeitar a preferência no cruzamento,Colisão transversal,Com Vítimas Feridas,Pleno dia,Decrescente,Nublado,Múltipla,Interseção de Vias,Sim,2,0,1,0,1,0,1,2,-28.45567521,-48.9812689,SPRF-SC,DEL02-SC,UOP01-DEL02-SC,2022
"418160,0",2022-02-26,sábado,10:45:00,SC,470,"231,5",SAO CRISTOVAO DO SUL,Conversão proibida,Colisão transversal,Sem Vítimas,Pleno dia,Crescente,Céu Claro,Simples,Curva,Não,2,0,0,0,2,0,0,2,-27.30423,-50.401447,SPRF-SC,DEL05-SC,UOP03-DEL05-SC,2022
"418187,0",2022-03-02,quarta-feira,16:50:00,SC,101,"53,5",JOINVILLE,Condutor deixou de manter distância do veículo da frente,Engavetamento,Com Vítimas Feridas,Pleno dia,Decrescente,Nublado,Dupla,Reta,Não,5,0,2,0,3,0,2,4,-26.40231201,-48.83969703,SPRF-SC,DEL03-SC,UOP01-DEL03-SC,2022
"418200,0",2022-03-02,quarta-feira,16:50:00,SC,470,"124,8",LONTRAS,Acesso irregular,Colisão transversal,Com Vítimas Feridas,Pleno dia,Crescente,Chuva,Simples,Reta,Sim,2,0,2,0,0,0,2,2,-27.12132698,-49.53550816,SPRF-SC,DEL04-SC,UOP02-DEL04-SC,2022
"418238,0",2022-03-02,quarta-feira,21:00:00,SC,101,"399,1",MARACAJA,Desrespeitar a preferência no cruzamento,Colisão lateral sentido oposto,Com Vítimas Feridas,Pleno dia,Crescente,Nublado,Múltipla,Interseção de Vias,Sim,3,0,2,0,1,0,2,2,-28.84171475,-49.42814418,SPRF-SC,DEL02-SC,UOP02-DEL02-SC,2022
"418250,0",2022-03-02,quarta-feira,18:45:00,SC,470,"173,7",POUSO REDONDO,Velocidade Incompatível,Tombamento,Com Vítimas Feridas,Anoitecer,Crescente,Céu Claro,Simples,Interseção de Vias,Não,3,0,1,0,1,1,1,3,-27.25984,-49.919285,SPRF-SC,DEL04-SC,UOP02-DEL04-SC,2022
"418277,0",2022-03-03,quinta-feira,06:50:00,SC,101,"205,0",SAO JOSE,Manobra de mudança de faixa,Colisão traseira,Com Vítimas Feridas,Pleno dia,Crescente,Céu Claro,Múltipla,Reta,Sim,2,0,0,1,1,0,1,2,-27.58313237,-48.61532885,SPRF-SC,DEL01-SC,UOP01-DEL01-SC,2022
"418282,0",2022-03-02,quarta-feira,20:45:00,SC,470,"59,0",BLUMENAU,Transitar no acostamento,Colisão frontal,Com Vítimas Feridas,Plena Noite,Decrescente,Chuva,Simples,Reta,Sim,2,0,0,1,1,0,1,2,-26.882812,-49.1548,SPRF-SC,DEL04-SC,UOP01-DEL04-SC,2022
"418305,0",2022-03-03,quinta-feira,07:40:00,SC,101,"113,1",ITAJAI,Acessar a via sem observar a presença dos outros veículos,Colisão traseira,Com Vítimas Feridas,Pleno dia,Decrescente,Sol,Dupla,Retorno Regulamentado,Não,2,0,1,0,1,0,1,2,-26.85311393,-48.72689927,SPRF-SC,DEL04-SC,UOP04-DEL04-SC,2022
"418307,0",2022-03-03,quinta-feira,07:50:00,SC,101,"228,0",PALHOCA,Condutor usando celular,Saída de leito carroçável,Com Vítimas Feridas,Pleno dia,Decrescente,Céu Claro,Dupla,Reta,Sim,1,0,1,0,0,0,1,1,-27.7597249,-48.63078869,SPRF-SC,DEL01-SC,UOP02-DEL01-SC,2022
"418331,0",2022-03-03,quinta-feira,10:45:00,SC,101,"200,6",SAO JOSE,Trafegar com motocicleta (ou similar) entre as faixas,Colisão lateral mesmo sentido,Com Vítimas Feridas,Pleno dia,Crescente,Nublado,Dupla,Reta,Sim,2,0,1,0,1,0,1,2,-27.54018513,-48.62287714,SPRF-SC,DEL01-SC,UOP01-DEL01-SC,2022
"418345,0",2022-03-03,quinta-feira,10:20:00,SC,101,"32,0",JOINVILLE,Demais falhas mecânicas ou elétricas,Incêndio,Sem Vítimas,Pleno dia,Crescente,Nublado,Dupla,Curva,Não,1,0,0,0,1,0,0,1,-26.25247016,-48.90804291,SPRF-SC,DEL03-SC,UOP01-DEL03-SC,2022
"418370,0",2022-03-03,quinta-feira,12:15:00,SC,470,"114,0",IBIRAMA,Acessar a via sem observar a presença dos outros veículos,Colisão lateral mesmo sentido,Com Vítimas Feridas,Pleno dia,Decrescente,Céu Claro,Simples,Reta,Não,3,0,2,0,1,0,2,2,-27.086386,-49.478001,SPRF-SC,DEL04-SC,UOP02-DEL04-SC,2022
"418379,0",2022-03-03,quinta-feira,14:00:00,SC,282,"173,0",BOCAINA DO SUL,Ausência de reação do condutor,Colisão com objeto,Com Vítimas Feridas,Pleno dia,Crescente,Nublado,Simples,Reta,Não,2,0,2,0,0,0,2,1,-27.740261,-49.872467,SPRF-SC,DEL05-SC,UOP01-DEL05-SC,2022
"418404,0",2022-03-03,quinta-feira,17:40:00,SC,101,"189,0",BIGUACU,Reação tardia ou ineficiente do condutor,Saída de leito carroçável,Com Vítimas Feridas,Pleno dia,Crescente,Chuva,Dupla,Curva,Não,2,0,2,0,0,0,2,1,-27.459393,-48.638914,SPRF-SC,DEL01-SC,UOP01-DEL01-SC,2022
"418415,0",2022-03-03,quinta-feira,16:15:00,SC,470,"140,6",RIO DO SUL,Acesso irregular,Colisão transversal,Com Vítimas Feridas,Pleno dia,Decrescente,Céu Claro,Simples,Curva,Sim,2,0,1,0,1,0,1,2,-27.222485,-49.662827,SPRF-SC,DEL04-SC,UOP02-DEL04-SC,2022
"418428,0",2022-03-03,quinta-feira,19:00:00,SC,101,"218,0",PALHOCA,Avarias e/ou desgaste excessivo no pneu,Queda de ocupante de veículo,Com Vítimas Fatais,Plena Noite,Crescente,Garoa/Chuvisco,Dupla,Reta,Não,2,1,1,0,0,0,1,1,-27.6758601,-48.67052525,SPRF-SC,DEL01-SC,UOP02-DEL01-SC,2022
"418439,0",2022-03-03,quinta-feira,17:00:00,SC,282,"393,1",JOACABA,Mal súbito do condutor,Saída de leito carroçável,Com Vítimas Feridas,Pleno dia,Decrescente,Céu Claro,Simples,Reta,Não,1,0,0,1,0,0,1,1,-27.156614,-51.597892,SPRF-SC,DEL07-SC,UOP05-DEL07-SC,2022