id,data_inversa,dia_semana,horario,uf,br,km,municipio,causa_acidente,tipo_acidente,classificacao_acidente,fase_dia,sentido_via,condicao_metereologica,tipo_pista,tracado_via,uso_solo,pessoas,mortos,feridos_leves,feridos_graves,ilesos,ignorados,feridos,veiculos,latitude,longitude,regional,delegacia,uop,ano_arquivo
"418456,0",2022-03-03,quinta-feira,18:50:00,SC,101,"44,3",JOINVILLE,Reação tardia ou ineficiente do condutor,Colisão traseira,Com Vítimas Feridas,Plena Noite,Crescente,Chuva,Simples,Reta,Não,5,0,2,0,3,0,2,2,-26.31238996,-48.87458997,SPRF-SC,DEL03-SC,UOP01-DEL03-SC,2022
"418457,0",2022-03-03,quinta-feira,21:20:00,SC,101,"330,0",TUBARAO,Demais falhas mecânicas ou elétricas,Tombamento,Com Vítimas Feridas,Plena Noite,Decrescente,Nublado,Múltipla,Reta,Sim,2,0,2,0,0,0,2,1,-28.45115639,-48.97286879,SPRF-SC,DEL02-SC,UOP01-DEL02-SC,2022
"418460,0",2022-03-03,quinta-feira,22:10:00,SC,101,"201,0",SAO JOSE,Acessar a via sem observar a presença dos outros veículos,Colisão transversal,Com Vítimas Feridas,Plena Noite,Crescente,Nublado,Dupla,Interseção de Vias,Sim,3,0,2,0,1,0,2,2,-27.54836599,-48.61977975,SPRF-SC,DEL01-SC,UOP01-DEL01-SC,2022
"418464,0",2022-02-15,terça-feira,16:50:00,SC,282,"599,0",CUNHA PORA,Transitar na contramão,Colisão frontal,Com Vítimas Fatais,Pleno dia,Crescente,Céu Claro,Simples,Curva,Não,6,1,1,2,2,0,3,5,-26.820206,-53.155052,SPRF-SC,DEL07-SC,UOP02-DEL07-SC,2022
"418466,0",2022-03-03,quinta-feira,21:50:00,SC,282,"537,0",CHAPECO,Ingestão de álcool pelo condutor,Colisão lateral sentido oposto,Sem Vítimas,Plena Noite,Crescente,Céu Claro,Simples,Curva,Não,2,0,0,0,2,0,0,2,-26.999933,-52.663895,SPRF-SC,DEL07-SC,UOP01-DEL07-SC,2022
"418524,0",2022-03-04,sexta-feira,08:20:00,SC,101,"205,1",SAO JOSE,Condutor deixou de manter distância do veículo da frente,Engavetamento,Sem Vítimas,Pleno dia,Crescente,Céu Claro,Múltipla,Reta,Sim,3,0,0,0,3,0,0,3,-27.58313237,-48.61532885,SPRF-SC,DEL01-SC,UOP01-DEL01-SC,2022
"418567,0",2022-03-04,sexta-feira,11:50:00,SC,101,"333,7",TUBARAO,Desrespeitar a preferência no cruzamento,Colisão transversal,Com Vítimas Feridas,Pleno dia,Decrescente,Céu Claro,Dupla,Reta;Interseção de Vias,Sim,2,0,1,0,1,0,1,2,-28.46630107,-48.99653096,SPRF-SC,DEL02-SC,UOP01-DEL02-SC,2022
"418595,0",2022-03-04,sexta-feira,14:00:00,SC,116,"7,0",MAFRA,Acessar a via sem observar a presença dos outros veículos,Colisão transversal,Com Vítimas Feridas,Pleno dia,Decrescente,Nublado,Simples,Interseção de Vias,Sim,2,0,1,0,1,0,1,2,-26.15196176,-49.83102416,SPRF-SC,DEL06-SC,UOP01-DEL06-SC,2022
"418623,0",2022-03-04,sexta-feira,18:40:00,SC,101,"204,2",SAO JOSE,Reação tardia ou ineficiente do condutor,Colisão lateral mesmo sentido,Com Vítimas Feridas,Anoitecer,Crescente,Nublado,Múltipla,Reta,Sim,2,0,0,1,1,0,1,2,-27.57413014,-48.61363083,SPRF-SC,DEL01-SC,UOP01-DEL01-SC,2022
"418643,0",2022-03-04,sexta-feira,20:00:00,SC,101,"278,3",IMBITUBA,Condutor usando celular,Capotamento,Com Vítimas Feridas,Plena Noite,Decrescente,Céu Claro,Dupla,Declive;Reta,Não,1,0,1,0,0,0,1,1,-28.16300604,-48.6939345,SPRF-SC,DEL02-SC,UOP03-DEL02-SC,2022
"418645,0",2022-03-04,sexta-feira,20:00:00,SC,101,"209,5",SAO JOSE,Reação tardia ou ineficiente do condutor,Colisão traseira,Com Vítimas Feridas,Plena Noite,Decrescente,Céu Claro,Múltipla,Reta,Não,2,0,1,0,1,0,1,2,-27.61000542,-48.63895057,SPRF-SC,DEL01-SC,UOP01-DEL01-SC,2022
"418647,0",2022-03-04,sexta-feira,20:50:00,SC,116,"10,6",MAFRA,Reação tardia ou ineficiente do condutor,Tombamento,Com Vítimas Feridas,Plena Noite,Crescente,Nublado,Simples,Curva,Não,1,0,1,0,0,0,1,1,-26.16829411,-49.85476074,SPRF-SC,DEL06-SC,UOP01-DEL06-SC,2022
"418670,0",2022-03-04,sexta-feira,23:00:00,SC,101,"143,0",ITAPEMA,Ingestão de álcool pelo condutor,Colisão traseira,Sem Vítimas,Plena Noite,Decrescente,Nublado,Dupla,Reta,Não,4,0,0,0,4,0,0,2,-27.06436,-48.59599405,SPRF-SC,DEL04-SC,UOP03-DEL04-SC,2022
"418690,0",2022-03-05,sábado,05:00:00,SC,101,"237,8",PALHOCA,Ingestão de álcool pelo condutor,Saída de leito carroçável,Com Vítimas Feridas,Plena Noite,Crescente,Céu Claro,Dupla,Reta,Não,2,0,0,2,0,0,2,1,-27.83490593,-48.63077716,SPRF-SC,DEL01-SC,UOP02-DEL01-SC,2022
"418691,0",2022-03-05,sábado,05:20:00,SC,101,"209,0",SAO JOSE,Ingestão de substâncias psicoativas pelo condutor,Colisão transversal,Com Vítimas Feridas,Amanhecer,Decrescente,Céu Claro,Dupla,Rotatória,Sim,2,0,1,0,1,0,1,2,-27.60631451,-48.63470972,SPRF-SC,DEL01-SC,UOP01-DEL01-SC,2022
"418696,0",2022-03-05,sábado,03:00:00,SC,470,"150,0",RIO DO SUL,Condutor Dormindo,Colisão com objeto,Com Vítimas Feridas,Plena Noite,Crescente,Chuva,Simples,Curva,Não,1,0,1,0,0,0,1,1,-27.256508,-49.710876,SPRF-SC,DEL04-SC,UOP02-DEL04-SC,2022
"418700,0",2022-03-05,sábado,02:20:00,SC,101,"412,5",ARARANGUA,Ingestão de álcool pelo condutor,Saída de leito carroçável,Com Vítimas Feridas,Plena Noite,Decrescente,Céu Claro,Simples,Rotatória,Sim,1,0,1,0,0,0,1,1,-28.9493755,-49.50664759,SPRF-SC,DEL02-SC,UOP02-DEL02-SC,2022
"418702,0",2022-03-05,sábado,01:50:00,SC,101,"308,9",LAGUNA,Reação tardia ou ineficiente do condutor,Saída de leito carroçável,Com Vítimas Feridas,Plena Noite,Decrescente,Céu Claro,Dupla,Reta,Não,2,0,1,0,1,0,1,1,-28.42181116,-48.79823864,SPRF-SC,DEL02-SC,UOP01-DEL02-SC,2022
"418712,0",2022-03-05,sábado,07:45:00,SC,101,"238,5",PALHOCA,Reação tardia ou ineficiente do condutor,Colisão traseira,Com Vítimas Feridas,Pleno dia,Crescente,Céu Claro,Dupla,Reta,Sim,3,0,1,0,2,0,1,2,-27.84293889,-48.63471922,SPRF-SC,DEL01-SC,UOP02-DEL01-SC,2022
"418737,0",2022-03-05,sábado,10:20:00,SC,470,"125,4",LONTRAS,Ausência de reação do condutor,Colisão traseira,Com Vítimas Feridas,Pleno dia,Decrescente,Céu Claro,Simples,Reta,Sim,3,0,1,0,2,0,1,3,-27.120506,-49.534946,SPRF-SC,DEL04-SC,UOP02-DEL04-SC,2022
"418742,0",2022-03-05,sábado,11:00:00,SC,280,"46,8",GUARAMIRIM,Avarias e/ou desgaste excessivo no pneu,Tombamento,Com Vítimas Feridas,Pleno dia,Crescente,Sol,Simples,Reta,Não,1,0,1,0,0,0,1,1,-26.45295055,-48.90788103,SPRF-SC,DEL03-SC,UOP03-DEL03-SC,2022
"418754,0",2022-03-05,sábado,12:40:00,SC,101,"217,0",PALHOCA,Avarias e/ou desgaste excessivo no pneu,Queda de ocupante de veículo,Com Vítimas Feridas,Pleno dia,Crescente,Céu Claro,Dupla,Reta,Sim,2,0,2,0,0,0,2,1,-27.66779034,-48.67393586,SPRF-SC,DEL01-SC,UOP02-DEL01-SC,2022
"418761,0",2022-03-05,sábado,13:30:00,SC,101,"132,0",BALNEARIO CAMBORIU,Manobra de mudança de faixa,Colisão lateral mesmo sentido,Com Vítimas Feridas,Pleno dia,Crescente,Céu Claro,Dupla,Reta,Sim,2,0,1,0,1,0,1,2,-26.99654133,-48.65564711,SPRF-SC,DEL04-SC,UOP03-DEL04-SC,2022
"418767,0",2022-03-05,sábado,14:17:00,SC,101,"133,0",BALNEARIO CAMBORIU,Ingestão de álcool pelo condutor,Colisão traseira,Sem Vítimas,Pleno dia,Crescente,Céu Claro,Dupla,Reta,Sim,2,0,0,0,2,0,0,2,-26.99936,-48.64609,SPRF-SC,DEL04-SC,UOP03-DEL04-SC,2022
"418768,0",2022-03-05,sábado,14:15:00,SC,101,"206,7",SAO JOSE,Ingestão de álcool pelo condutor,Colisão traseira,Sem Vítimas,Pleno dia,Crescente,Sol,Múltipla,Reta,Sim,4,0,0,0,4,0,0,3,-27.59193546,-48.61824557,SPRF-SC,DEL01-SC,UOP01-DEL01-SC,2022
"418769,0",2022-03-05,sábado,03:20:00,SC,282,"25,0",SANTO AMARO DA IMPERATRIZ,Reação tardia ou ineficiente do condutor,Colisão frontal,Com Vítimas Feridas,Plena Noite,Decrescente,Céu Claro,Simples,Declive;Reta,Não,6,0,1,0,5,0,1,3,-27.678228,-48.752895,SPRF-SC,DEL01-SC,UOP03-DEL01-SC,2022
"418775,0",2022-03-05,sábado,14:45:00,SC,470,"62,1",INDAIAL,Conversão proibida,Colisão transversal,Com Vítimas Feridas,Pleno dia,Decrescente,Sol,Simples,Reta,Não,3,0,0,3,0,0,3,2,-26.874521,-49.182938,SPRF-SC,DEL04-SC,UOP01-DEL04-SC,2022
"418811,0",2022-03-05,sábado,17:00:00,SC,163,"79,8",GUARACIABA,Ausência de reação do condutor,Colisão traseira,Sem Vítimas,Pleno dia,Crescente,Nublado,Simples,Aclive;Reta,Não,2,0,0,0,2,0,0,2,-26.64945325,-53.51886749,SPRF-SC,DEL07-SC,UOP03-DEL07-SC,2022
"418815,0",2022-03-05,sábado,14:45:00,SC,101,"38,3",JOINVILLE,Desrespeitar a preferência no cruzamento,Colisão transversal,Com Vítimas Feridas,Pleno dia,Crescente,Céu Claro,Dupla,Rotatória;Viaduto;Interseção de Vias,Sim,2,0,0,1,0,1,1,2,-26.29633908,-48.88425708,SPRF-SC,DEL03-SC,UOP01-DEL03-SC,2022
"418829,0",2022-03-05,sábado,18:50:00,SC,101,"415,0",ARARANGUA,Desrespeitar a preferência no cruzamento,Colisão frontal,Com Vítimas Feridas,Anoitecer,Decrescente,Garoa/Chuvisco,Simples,Reta;Interseção de Vias,Sim,5,0,3,2,0,0,5,2,-28.96040535,-49.51653267,SPRF-SC,DEL02-SC,UOP02-DEL02-SC,2022
"418837,0",2022-03-05,sábado,18:30:00,SC,101,"332,0",TUBARAO,Condutor deixou de manter distância do veículo da frente,Colisão lateral mesmo sentido,Com Vítimas Feridas,Anoitecer,Crescente,Nublado,Múltipla,Aclive;Interseção de Vias,Sim,2,0,1,0,0,1,1,2,-28.46016431,-48.98968873,SPRF-SC,DEL02-SC,UOP01-DEL02-SC,2022
"418849,0",2022-03-05,sábado,21:30:00,SC,282,"20,0",PALHOCA,Ausência de reação do condutor,Colisão lateral mesmo sentido,Com Vítimas Feridas,Plena Noite,Crescente,Nublado,Múltipla,Interseção de Vias,Não,3,0,2,0,0,1,2,2,-27.683958,-48.71006,SPRF-SC,DEL01-SC,UOP02-DEL01-SC,2022
"418853,0",2022-03-05,sábado,20:13:00,SC,101,"108,9",PENHA,Avarias e/ou desgaste excessivo no pneu,Tombamento,Com Vítimas Feridas,Plena Noite,Decrescente,Céu Claro,Dupla,Reta,Não,2,0,2,0,0,0,2,1,-26.82606902,-48.69052298,SPRF-SC,DEL03-SC,UOP02-DEL03-SC,2022
"418872,0",2022-03-05,sábado,23:15:00,SC,101,"44,3",JOINVILLE,Ausência de reação do condutor,Queda de ocupante de veículo,Com Vítimas Feridas,Plena Noite,Crescente,Céu Claro,Simples,Reta,Sim,2,0,1,0,1,0,1,1,-26.31238996,-48.87458997,SPRF-SC,DEL03-SC,UOP01-DEL03-SC,2022
"418881,0",2022-03-06,domingo,00:40:00,SC,101,"221,0",PALHOCA,Reação tardia ou ineficiente do condutor,Colisão traseira,Com Vítimas Feridas,Plena Noite,Decrescente,Céu Claro,Dupla,Reta,Não,2,0,1,0,1,0,1,2,-27.70012652,-48.66021182,SPRF-SC,DEL01-SC,UOP02-DEL01-SC,2022
"418882,0",2022-03-06,domingo,01:00:00,SC,101,"150,0",ITAPEMA,Ultrapassagem Indevida,Colisão lateral mesmo sentido,Com Vítimas Feridas,Plena Noite,Decrescente,Nublado,Dupla,Reta,Sim,2,0,1,0,1,0,1,2,-27.11744799,-48.60940987,SPRF-SC,DEL04-SC,UOP03-DEL04-SC,2022
"418897,0",2022-03-06,domingo,02:40:00,SC,280,"58,6",GUARAMIRIM,Reação tardia ou ineficiente do condutor,Colisão com objeto,Com Vítimas Feridas,Plena Noite,Decrescente,Nublado,Dupla,Curva,Não,1,0,1,0,0,0,1,1,-26.47415593,-49.021211,SPRF-SC,DEL03-SC,UOP03-DEL03-SC,2022
"418907,0",2022-03-05,sábado,21:50:00,SC,470,"66,2",INDAIAL,Transitar na contramão,Colisão frontal,Com Vítimas Feridas,Plena Noite,Crescente,Nublado,Simples,Curva;Em Obras;Desvio Temporário,Sim,5,0,0,4,1,0,4,3,-26.870407,-49.221844,SPRF-SC,DEL04-SC,UOP01-DEL04-SC,2022
"418912,0",2022-03-05,sábado,22:50:00,SC,282,"595,7",SAUDADES,Ingestão de álcool pelo condutor,Colisão lateral sentido oposto,Com Vítimas Feridas,Plena Noite,Crescente,Céu Claro,Simples,Curva,Não,2,0,1,0,0,1,1,2,-26.82897,-53.118107,SPRF-SC,DEL07-SC,UOP02-DEL07-SC,2022
"418915,0",2022-03-06,domingo,06:15:00,SC,282,"216,0",LAGES,Velocidade Incompatível,Saída de leito carroçável,Sem Vítimas,Pleno dia,Decrescente,Nublado,Simples,Rotatória,Não,1,0,0,0,0,1,0,1,-27.797529,-50.291862,SPRF-SC,DEL05-SC,UOP01-DEL05-SC,2022
"418919,0",2022-03-06,domingo,05:30:00,SC,116,"221,0",CORREIA PINTO,Ingestão de álcool pelo condutor,Colisão traseira,Com Vítimas Feridas,Amanhecer,Decrescente,Céu Claro,Simples,Reta,Sim,3,0,2,0,1,0,2,2,-27.5857339857,-50.3655518844,SPRF-SC,DEL05-SC,UOP03-DEL05-SC,2022
"418950,0",2022-03-06,domingo,09:40:00,SC,470,"42,0",GASPAR,Ausência de reação do condutor,Saída de leito carroçável,Com Vítimas Feridas,Pleno dia,Crescente,Céu Claro,Simples,Desvio Temporário,Não,1,0,0,1,0,0,1,1,-26.875719,-49.003746,SPRF-SC,DEL04-SC,UOP01-DEL04-SC,2022
"418960,0",2022-03-06,domingo,10:00:00,SC,163,"76,9",SAO MIGUEL DO OESTE,Acessar a via sem observar a presença dos outros veículos,Colisão traseira,Com Vítimas Feridas,Pleno dia,Crescente,Céu Claro,Simples,Reta,Não,3,0,1,0,0,2,1,3,-26.667838,-53.51978017,SPRF-SC,DEL07-SC,UOP03-DEL07-SC,2022
"418993,0",2022-03-06,domingo,15:20:00,SC,282,"213,6",LAGES,Acessar a via sem observar a presença dos outros veículos,Colisão transversal,Com Vítimas Feridas,Pleno dia,Decrescente,Céu Claro,Simples,Rotatória,Sim,3,0,1,0,2,0,1,2,-27.785299,-50.261921,SPRF-SC,DEL05-SC,UOP01-DEL05-SC,2022
"419005,0",2022-03-06,domingo,16:10:00,SC,282,"179,9",BOCAINA DO SUL,Ausência de reação do condutor,Saída de leito carroçável,Com Vítimas Feridas,Pleno dia,Crescente,Chuva,Simples,Declive;Curva,Não,4,0,3,0,1,0,3,1,-27.74241638,-49.93964195,SPRF-SC,DEL05-SC,UOP01-DEL05-SC,2022
"419006,0",2022-03-06,domingo,17:20:00,SC,101,"120,5",ITAJAI,Velocidade Incompatível,Tombamento,Com Vítimas Feridas,Pleno dia,Decrescente,Sol,Múltipla,Reta,Não,1,0,1,0,0,0,1,1,-26.912758,-48.711998,SPRF-SC,DEL04-SC,UOP04-DEL04-SC,2022
"419027,0",2022-03-06,domingo,18:50:00,SC,470,"32,0",GASPAR,Velocidade Incompatível,Colisão com objeto,Com Vítimas Feridas,Plena Noite,Crescente,Céu Claro,Dupla,Em Obras,Não,1,0,0,1,0,0,1,1,-26.901793,-48.931812,SPRF-SC,DEL04-SC,UOP01-DEL04-SC,2022
"419037,0",2022-03-06,domingo,16:11:00,SC,101,"44,0",JOINVILLE,Reação tardia ou ineficiente do condutor,Colisão traseira,Com Vítimas Feridas,Pleno dia,Crescente,Céu Claro,Simples,Declive,Sim,9,0,1,0,6,2,1,2,-26.31238996,-48.87458997,SPRF-SC,DEL03-SC,UOP01-DEL03-SC,2022
"419041,0",2022-03-06,domingo,19:40:00,SC,101,"258,0",PAULO LOPES,Chuva,Saída de leito carroçável,Sem Vítimas,Plena Noite,Decrescente,Chuva,Dupla,Curva,Não,1,0,0,0,1,0,0,1,-28.00482282,-48.69190437,SPRF-SC,DEL02-SC,UOP03-DEL02-SC,2022
"419045,0",2022-03-06,domingo,19:40:00,SC,280,"19,0",SAO FRANCISCO DO SUL,Condutor deixou de manter distância do veículo da frente,Colisão traseira,Sem Vítimas,Plena Noite,Crescente,Céu Claro,Simples,Reta,Não,2,0,0,0,2,0,0,2,-26.3693676,-48.67221803,SPRF-SC,DEL03-SC,UOP03-DEL03-SC,2022
"419050,0",2022-03-06,domingo,21:15:00,SC,101,"203,0",SAO JOSE,Ingestão de álcool pelo condutor,Saída de leito carroçável,Sem Vítimas,Plena Noite,Crescente,Garoa/Chuvisco,Dupla,Reta,Sim,1,0,0,0,1,0,0,1,-27.5650044,-48.61460082,SPRF-SC,DEL01-SC,UOP01-DEL01-SC,2022
"419064,0",2022-03-06,domingo,20:00:00,SC,282,"176,0",BOCAINA DO SUL,Deficiência do Sistema de Iluminação/Sinalização,Colisão traseira,Sem Vítimas,Plena Noite,Crescente,Chuva,Simples,Reta,Não,3,0,0,0,2,1,0,2,-27.74011,-49.901859,SPRF-SC,DEL05-SC,UOP01-DEL05-SC,2022
"419069,0",2022-03-06,domingo,21:50:00,SC,282,"519,2",XAXIM,Ingestão de álcool e/ou substâncias psicoativas pelo pedestre,Saída de leito carroçável,Com Vítimas Feridas,Plena Noite,Decrescente,Céu Claro,Simples,Reta,Sim,1,0,0,1,0,0,1,1,-26.947527,-52.517536,SPRF-SC,DEL07-SC,UOP01-DEL07-SC,2022
"419077,0",2022-03-06,domingo,18:30:00,SC,280,"125,7",RIO NEGRINHO,Condutor deixou de manter distância do veículo da frente,Engavetamento,Com Vítimas Feridas,Anoitecer,Decrescente,Céu Claro,Simples,Reta,Sim,7,0,1,0,6,0,1,3,-26.23763684,-49.48434497,SPRF-SC,DEL06-SC,UOP03-DEL06-SC,2022
"419085,0",2022-03-06,domingo,19:25:00,SC,280,"124,0",RIO NEGRINHO,Ingestão de álcool pelo condutor,Colisão frontal,Com Vítimas Feridas,Plena Noite,Decrescente,Nublado,Simples,Reta,Sim,3,0,1,0,2,0,1,2,-26.24130297,-49.47514499,SPRF-SC,DEL06-SC,UOP03-DEL06-SC,2022
"419086,0",2022-03-06,domingo,22:10:00,SC,280,"106,0",SAO BENTO DO SUL,Velocidade Incompatível,Saída de leito carroçável,Sem Vítimas,Plena Noite,Decrescente,Chuva,Simples,Curva,Não,4,0,0,0,4,0,0,1,-26.34887721,-49.36904009,SPRF-SC,DEL06-SC,UOP03-DEL06-SC,2022
"419101,0",2022-03-07,segunda-feira,00:30:00,SC,470,"97,0",APIUNA,Ausência de reação do condutor,Tombamento,Com Vítimas Feridas,Plena Noite,Crescente,Chuva,Simples,Reta,Não,1,0,1,0,0,0,1,1,-27.026621,-49.378124,SPRF-SC,DEL04-SC,UOP01-DEL04-SC,2022
"419103,0",2022-03-07,segunda-feira,00:10:00,SC,282,"325,4",CAMPOS NOVOS,Velocidade Incompatível,Colisão com objeto,Com Vítimas Fatais,Plena Noite,Crescente,Céu Claro,Simples,Reta,Não,4,1,1,2,0,0,3,1,-27.37491138,-51.06678128,SPRF-SC,DEL07-SC,UOP06-DEL07-SC,2022
"419122,0",2022-03-07,segunda-feira,07:10:00,SC,101,"199,0",SAO JOSE,Condutor deixou de manter distância do veículo da frente,Colisão traseira,Sem Vítimas,Pleno dia,Crescente,Céu Claro,Dupla,Reta,Sim,2,0,0,0,2,0,0,2,-27.53413705,-48.63003205,SPRF-SC,DEL01-SC,UOP01-DEL01-SC,2022
"419144,0",2022-03-07,segunda-feira,08:45:00,SC,101,"154,7",PORTO BELO,Demais falhas mecânicas ou elétricas,Tombamento,Com Vítimas Feridas,Pleno dia,Decrescente,Sol,Múltipla,Reta,Não,2,0,2,0,0,0,2,1,-27.153819,-48.61086393,SPRF-SC,DEL04-SC,UOP03-DEL04-SC,2022
"419161,0",2022-03-07,segunda-feira,10:40:00,SC,101,"203,0",SAO JOSE,Acessar a via sem observar a presença dos outros veículos,Colisão traseira,Com Vítimas Feridas,Pleno dia,Crescente,Céu Claro,Dupla,Reta,Sim,2,0,0,1,1,0,1,2,-27.5650044,-48.61460082,SPRF-SC,DEL01-SC,UOP01-DEL01-SC,2022
"419170,0",2022-03-07,segunda-feira,09:30:00,SC,280,"127,0",RIO NEGRINHO,Mal súbito do condutor,Saída de leito carroçável,Com Vítimas Feridas,Pleno dia,Decrescente,Chuva,Múltipla,Reta,Sim,1,0,1,0,0,0,1,1,-26.23943953,-49.50420708,SPRF-SC,DEL06-SC,UOP03-DEL06-SC,2022
"419179,0",2022-03-07,segunda-feira,12:30:00,SC,101,"217,8",PALHOCA,Avarias e/ou desgaste excessivo no pneu,Queda de ocupante de veículo,Com Vítimas Feridas,Pleno dia,Crescente,Céu Claro,Dupla,Reta,Sim,1,0,1,0,0,0,1,1,-27.66779034,-48.67393586,SPRF-SC,DEL01-SC,UOP02-DEL01-SC,2022
"419205,0",2022-03-07,segunda-feira,06:50:00,SC,470,"128,0",LONTRAS,Desrespeitar a preferência no cruzamento,Colisão transversal,Com Vítimas Feridas,Amanhecer,Decrescente,Céu Claro,Simples,Curva,Não,2,0,0,1,1,0,1,2,-27.143742,-49.548897,SPRF-SC,DEL04-SC,UOP02-DEL04-SC,2022
"419216,0",2022-03-07,segunda-feira,16:10:00,SC,470,"138,0",RIO DO SUL,Condutor deixou de manter distância do veículo da frente,Colisão traseira,Com Vítimas Feridas,Pleno dia,Decrescente,Sol,Simples,Reta,Sim,2,0,2,0,0,0,2,2,-27.207214,-49.648476,SPRF-SC,DEL04-SC,UOP02-DEL04-SC,2022
"419217,0",2022-03-07,segunda-feira,16:40:00,SC,470,"141,0",RIO DO SUL,Acesso irregular,Colisão lateral mesmo sentido,Com Vítimas Feridas,Pleno dia,Crescente,Céu Claro,Simples,Reta,Não,2,0,1,0,1,0,1,2,-27.226065,-49.666161,SPRF-SC,DEL04-SC,UOP02-DEL04-SC,2022
"419221,0",2022-03-07,segunda-feira,16:50:00,SC,101,"105,9",PENHA,Avarias e/ou desgaste excessivo no pneu,Tombamento,Com Vítimas Feridas,Pleno dia,Decrescente,Céu Claro,Dupla,Declive;Curva,Não,1,0,1,0,0,0,1,1,-26.80215497,-48.67891041,SPRF-SC,DEL03-SC,UOP02-DEL03-SC,2022
"419222,0",2022-03-07,segunda-feira,15:00:00,SC,101,"11,8",GARUVA,Avarias e/ou desgaste excessivo no pneu,Tombamento,Com Vítimas Feridas,Pleno dia,Decrescente,Céu Claro,Múltipla,Reta,Não,1,0,1,0,0,0,1,1,-26.07202503,-48.86100853,SPRF-SC,DEL03-SC,UOP01-DEL03-SC,2022
"419226,0",2022-03-04,sexta-feira,18:50:00,SC,470,"5,0",NAVEGANTES,Desrespeitar a preferência no cruzamento,Colisão transversal,Com Vítimas Feridas,Plena Noite,Decrescente,Nevoeiro/Neblina,Simples,Rotatória,Não,2,0,0,1,1,0,1,2,-26.855688,-48.700333,SPRF-SC,DEL04-SC,UOP04-DEL04-SC,2022
"419234,0",2022-03-07,segunda-feira,07:15:00,SC,470,"147,0",RIO DO SUL,Acessar a via sem observar a presença dos outros veículos,Tombamento,Com Vítimas Feridas,Pleno dia,Crescente,Céu Claro,Simples,Interseção de Vias,Não,1,0,0,1,0,0,1,1,-27.243439,-49.690025,SPRF-SC,DEL04-SC,UOP02-DEL04-SC,2022
"419258,0",2022-03-07,segunda-feira,19:50:00,SC,116,"7,1",MAFRA,Desrespeitar a preferência no cruzamento,Colisão transversal,Sem Vítimas,Plena Noite,Crescente,Nublado,Simples,Interseção de Vias,Sim,2,0,0,0,1,1,0,2,-26.15320283,-49.83280957,SPRF-SC,DEL06-SC,UOP01-DEL06-SC,2022
"419264,0",2022-03-07,segunda-feira,22:45:00,SC,280,"71,0",JARAGUA DO SUL,Conversão proibida,Colisão transversal,Com Vítimas Feridas,Plena Noite,Crescente,Céu Claro,Simples,Reta,Sim,2,0,1,0,1,0,1,2,-26.46151693,-49.13480597,SPRF-SC,DEL03-SC,UOP03-DEL03-SC,2022
"419267,0",2022-03-07,segunda-feira,20:50:00,SC,101,"286,1",IMBITUBA,Ingestão de álcool pelo condutor,Saída de leito carroçável,Com Vítimas Feridas,Plena Noite,Decrescente,Nublado,Dupla,Reta,Não,1,0,1,0,0,0,1,1,-28.22947996,-48.70163526,SPRF-SC,DEL02-SC,UOP03-DEL02-SC,2022
"419270,0",2022-03-08,terça-feira,00:15:00,SC,101,"204,4",SAO JOSE,Condutor Dormindo,Colisão com objeto,Com Vítimas Feridas,Plena Noite,Decrescente,Garoa/Chuvisco,Múltipla,Reta,Não,2,0,0,1,1,0,1,2,-27.57413014,-48.61363083,SPRF-SC,DEL01-SC,UOP01-DEL01-SC,2022
"419277,0",2022-03-07,segunda-feira,19:50:00,SC,101,"277,6",IMBITUBA,Reação tardia ou ineficiente do condutor,Atropelamento de Animal,Com Vítimas Feridas,Plena Noite,Crescente,Nublado,Simples,Reta,Sim,2,0,1,0,1,0,1,2,-28.1679672,-48.69483948,SPRF-SC,DEL02-SC,UOP03-DEL02-SC,2022
"419285,0",2022-03-08,terça-feira,06:40:00,SC,101,"133,0",BALNEARIO CAMBORIU,Desrespeitar a preferência no cruzamento,Colisão transversal,Com Vítimas Feridas,Pleno dia,Crescente,Céu Claro,Múltipla,Interseção de Vias,Sim,2,0,1,0,1,0,1,2,-26.99936,-48.64609,SPRF-SC,DEL04-SC,UOP03-DEL04-SC,2022
"419292,0",2022-03-08,terça-feira,07:45:00,SC,101,"215,2",PALHOCA,Transitar na contramão,Colisão transversal,Com Vítimas Feridas,Pleno dia,Crescente,Sol,Dupla,Reta,Sim,2,0,1,0,1,0,1,2,-27.65184843,-48.67604941,SPRF-SC,DEL01-SC,UOP02-DEL01-SC,2022
"419295,0",2022-03-08,terça-feira,08:36:00,SC,101,"206,0",SAO JOSE,Manobra de mudança de faixa,Colisão lateral mesmo sentido,Com Vítimas Feridas,Pleno dia,Crescente,Céu Claro,Simples,Reta,Sim,2,0,0,1,1,0,1,2,-27.59193546,-48.61824557,SPRF-SC,DEL01-SC,UOP01-DEL01-SC,2022
"419322,0",2022-03-08,terça-feira,11:40:00,SC,101,"204,0",SAO JOSE,Acessar a via sem observar a presença dos outros veículos,Colisão lateral mesmo sentido,Com Vítimas Feridas,Pleno dia,Crescente,Sol,Múltipla,Reta,Sim,2,0,1,0,1,0,1,2,-27.57413014,-48.61363083,SPRF-SC,DEL01-SC,UOP01-DEL01-SC,2022