id,data_inversa,dia_semana,horario,uf,br,km,municipio,causa_acidente,tipo_acidente,classificacao_acidente,fase_dia,sentido_via,condicao_metereologica,tipo_pista,tracado_via,uso_solo,pessoas,mortos,feridos_leves,feridos_graves,ilesos,ignorados,feridos,veiculos,latitude,longitude,regional,delegacia,uop,ano_arquivo
"419341,0",2022-03-08,terça-feira,13:00:00,SC,470,"79,2",RODEIO,Reação tardia ou ineficiente do condutor,Colisão traseira,Com Vítimas Feridas,Pleno dia,Decrescente,Céu Claro,Simples,Reta,Não,2,0,1,0,1,0,1,2,-26.95010324,-49.31181192,SPRF-SC,DEL04-SC,UOP01-DEL04-SC,2022
"419350,0",2022-03-08,terça-feira,13:15:00,SC,282,"46,0",AGUAS MORNAS,Condutor deixou de manter distância do veículo da frente,Colisão traseira,Sem Vítimas,Pleno dia,Decrescente,Sol,Simples,Curva;Declive,Não,3,0,0,0,3,0,0,3,-27.721041,-48.925152,SPRF-SC,DEL01-SC,UOP03-DEL01-SC,2022
"419362,0",2022-03-04,sexta-feira,23:00:00,SC,280,"129,1",RIO NEGRINHO,Acessar a via sem observar a presença dos outros veículos,Colisão transversal,Com Vítimas Feridas,Plena Noite,Crescente,Nublado,Simples,Reta,Sim,2,0,1,0,1,0,1,2,-26.255111,-49.538004,SPRF-SC,DEL06-SC,UOP03-DEL06-SC,2022
"419365,0",2022-03-08,terça-feira,13:00:00,SC,282,"354,7",CAMPOS NOVOS,Mal súbito do condutor,Colisão com objeto,Com Vítimas Feridas,Pleno dia,Decrescente,Céu Claro,Simples,Curva,Não,1,0,1,0,0,0,1,1,-27.35796,-51.330452,SPRF-SC,DEL07-SC,UOP06-DEL07-SC,2022
"419368,0",2022-03-08,terça-feira,13:00:00,SC,282,"235,0",LAGES,Acessar a via sem observar a presença dos outros veículos,Colisão transversal,Com Vítimas Feridas,Pleno dia,Decrescente,Céu Claro,Simples,Curva,Não,2,0,1,1,0,0,2,2,-27.78300229,-50.47059059,SPRF-SC,DEL05-SC,UOP02-DEL05-SC,2022
"419371,0",2022-03-08,terça-feira,11:35:00,SC,280,"117,3",SAO BENTO DO SUL,Reação tardia ou ineficiente do condutor,Saída de leito carroçável,Com Vítimas Feridas,Pleno dia,Decrescente,Sol,Simples,Curva,Não,1,0,1,0,0,0,1,1,-26.2747362,-49.42277912,SPRF-SC,DEL06-SC,UOP03-DEL06-SC,2022
"419407,0",2022-03-08,terça-feira,19:30:00,SC,470,"5,0",NAVEGANTES,Acumulo de areia ou detritos sobre o pavimento,Colisão com objeto,Com Vítimas Feridas,Plena Noite,Decrescente,Céu Claro,Dupla,Reta,Sim,1,0,1,0,0,0,1,1,-26.855688,-48.700333,SPRF-SC,DEL04-SC,UOP04-DEL04-SC,2022
"419423,0",2022-03-08,terça-feira,20:33:00,SC,101,"118,9",ITAJAI,Entrada inopinada do pedestre,Atropelamento de Pedestre,Com Vítimas Feridas,Plena Noite,Crescente,Céu Claro,Dupla,Reta,Não,2,0,1,0,1,0,1,2,-26.895859,-48.71903,SPRF-SC,DEL04-SC,UOP04-DEL04-SC,2022
"419442,0",2022-03-08,terça-feira,20:30:00,SC,101,"98,7",BALNEARIO PICARRAS,Entrada inopinada do pedestre,Atropelamento de Pedestre,Com Vítimas Fatais,Plena Noite,Crescente,Céu Claro,Dupla,Curva,Não,4,1,0,0,2,1,0,2,-26.74656,-48.696777,SPRF-SC,DEL03-SC,UOP02-DEL03-SC,2022
"419444,0",2022-03-09,quarta-feira,00:20:00,SC,470,"68,0",INDAIAL,Ingestão de álcool pelo condutor,Capotamento,Com Vítimas Feridas,Plena Noite,Crescente,Nublado,Simples,Reta,Sim,1,0,1,0,0,0,1,1,-26.877615,-49.239231,SPRF-SC,DEL04-SC,UOP01-DEL04-SC,2022
"419462,0",2022-03-09,quarta-feira,06:30:00,SC,101,"209,0",SAO JOSE,Condutor deixou de manter distância do veículo da frente,Colisão traseira,Com Vítimas Feridas,Pleno dia,Crescente,Céu Claro,Múltipla,Reta,Sim,2,0,1,0,1,0,1,2,-27.61000542,-48.63895057,SPRF-SC,DEL01-SC,UOP01-DEL01-SC,2022
"419464,0",2022-03-09,quarta-feira,05:25:00,SC,280,"34,0",ARAQUARI,Reação tardia ou ineficiente do condutor,Colisão transversal,Com Vítimas Feridas,Amanhecer,Crescente,Nublado,Simples,Reta,Não,2,0,2,0,0,0,2,2,-26.42993971,-48.79615614,SPRF-SC,DEL03-SC,UOP03-DEL03-SC,2022
"419472,0",2022-03-09,quarta-feira,08:15:00,SC,101,"191,0",BIGUACU,Ingestão de álcool pelo condutor,Saída de leito carroçável,Com Vítimas Feridas,Pleno dia,Crescente,Nublado,Dupla,Curva,Sim,1,0,1,0,0,0,1,1,-27.47730273,-48.64127329,SPRF-SC,DEL01-SC,UOP01-DEL01-SC,2022
"419524,0",2022-03-09,quarta-feira,08:50:00,SC,280,"164,0",MAFRA,Transitar na contramão,Colisão frontal,Com Vítimas Feridas,Pleno dia,Decrescente,Céu Claro,Simples,Interseção de Vias,Sim,4,0,0,1,3,0,1,2,-26.17615464,-49.81702209,SPRF-SC,DEL06-SC,UOP01-DEL06-SC,2022
"419541,0",2022-03-09,quarta-feira,15:00:00,SC,101,"87,0",BARRA VELHA,Desrespeitar a preferência no cruzamento,Colisão transversal,Com Vítimas Feridas,Pleno dia,Crescente,Sol,Simples,Interseção de Vias,Sim,2,0,1,0,0,1,1,2,-26.63713377,-48.69651057,SPRF-SC,DEL03-SC,UOP02-DEL03-SC,2022
"419558,0",2022-03-09,quarta-feira,17:25:00,SC,101,"205,5",SAO JOSE,Velocidade Incompatível,Colisão traseira,Com Vítimas Feridas,Pleno dia,Crescente,Nublado,Múltipla,Reta,Sim,2,0,1,1,0,0,2,2,-27.58313237,-48.61532885,SPRF-SC,DEL01-SC,UOP01-DEL01-SC,2022
"419560,0",2022-03-09,quarta-feira,17:15:00,SC,470,"70,0",INDAIAL,Velocidade Incompatível,Colisão transversal,Com Vítimas Feridas,Pleno dia,Crescente,Céu Claro,Simples,Reta;Declive;Em Obras,Sim,2,0,1,0,1,0,1,2,-26.889374,-49.254478,SPRF-SC,DEL04-SC,UOP01-DEL04-SC,2022
"419563,0",2022-03-09,quarta-feira,16:45:00,SC,101,"211,7",PALHOCA,Ausência de reação do condutor,Atropelamento de Pedestre,Com Vítimas Feridas,Pleno dia,Crescente,Nublado,Múltipla,Viaduto,Sim,2,0,0,1,1,0,1,2,-27.62837224,-48.65763187,SPRF-SC,DEL01-SC,UOP02-DEL01-SC,2022
"419566,0",2022-03-09,quarta-feira,18:10:00,SC,101,"199,6",SAO JOSE,Trafegar com motocicleta (ou similar) entre as faixas,Colisão traseira,Com Vítimas Feridas,Amanhecer,Crescente,Nublado,Múltipla,Reta,Sim,2,0,1,0,1,0,1,2,-27.53683437,-48.62673283,SPRF-SC,DEL01-SC,UOP01-DEL01-SC,2022
"419577,0",2022-03-09,quarta-feira,17:55:00,SC,280,"124,2",RIO NEGRINHO,Acessar a via sem observar a presença dos outros veículos,Colisão transversal,Com Vítimas Feridas,Anoitecer,Crescente,Céu Claro,Simples,Interseção de Vias,Sim,2,0,1,0,1,0,1,2,-26.24130297,-49.47514499,SPRF-SC,DEL06-SC,UOP03-DEL06-SC,2022
"419596,0",2022-03-09,quarta-feira,19:15:00,SC,116,"1,0",MAFRA,Desrespeitar a preferência no cruzamento,Colisão transversal,Com Vítimas Feridas,Plena Noite,Crescente,Céu Claro,Simples,Declive;Interseção de Vias;Rotatória,Sim,2,0,1,0,1,0,1,2,-26.11854268,-49.78835464,SPRF-SC,DEL06-SC,UOP01-DEL06-SC,2022
"419616,0",2022-03-09,quarta-feira,21:40:00,SC,101,"342,1",TUBARAO,Iluminação deficiente,Queda de ocupante de veículo,Com Vítimas Feridas,Plena Noite,Crescente,Nublado,Múltipla,Reta,Sim,1,0,1,0,0,0,1,1,-28.51875992,-49.05388322,SPRF-SC,DEL02-SC,UOP01-DEL02-SC,2022
"419634,0",2022-03-10,quinta-feira,05:00:00,SC,470,"55,6",BLUMENAU,Conversão proibida,Colisão transversal,Com Vítimas Feridas,Plena Noite,Decrescente,Céu Claro,Simples,Reta,Sim,2,0,0,1,1,0,1,2,-26.875601,-49.117992,SPRF-SC,DEL04-SC,UOP01-DEL04-SC,2022
"419665,0",2022-02-26,sábado,20:00:00,SC,282,"460,3",PONTE SERRADA,Acessar a via sem observar a presença dos outros veículos,Colisão transversal,Com Vítimas Feridas,Plena Noite,Crescente,Céu Claro,Simples,Reta,Sim,2,0,0,1,1,0,1,2,-26.856062,-52.03215,SPRF-SC,DEL07-SC,UOP04-DEL07-SC,2022
"419701,0",2022-03-10,quinta-feira,13:30:00,SC,101,"203,5",SAO JOSE,Condutor deixou de manter distância do veículo da frente,Colisão traseira,Com Vítimas Feridas,Pleno dia,Crescente,Céu Claro,Dupla,Reta,Sim,2,0,1,0,1,0,1,2,-27.5650044,-48.61460082,SPRF-SC,DEL01-SC,UOP01-DEL01-SC,2022
"419707,0",2022-03-10,quinta-feira,13:40:00,SC,101,"151,4",ITAPEMA,Acessar a via sem observar a presença dos outros veículos,Colisão transversal,Com Vítimas Feridas,Pleno dia,Crescente,Céu Claro,Simples,Interseção de Vias,Sim,2,0,1,0,1,0,1,2,-27.126536,-48.609642,SPRF-SC,DEL04-SC,UOP03-DEL04-SC,2022
"419747,0",2022-03-10,quinta-feira,14:50:00,SC,101,"231,0",PALHOCA,Velocidade Incompatível,Saída de leito carroçável,Sem Vítimas,Pleno dia,Crescente,Céu Claro,Dupla,Curva,Não,1,0,0,0,0,1,0,1,-27.78669984,-48.6356424,SPRF-SC,DEL01-SC,UOP02-DEL01-SC,2022
"419768,0",2022-03-10,quinta-feira,20:30:00,SC,116,"6,0",MAFRA,Desrespeitar a preferência no cruzamento,Colisão transversal,Sem Vítimas,Plena Noite,Crescente,Garoa/Chuvisco,Simples,Reta,Sim,2,0,0,0,2,0,0,2,-26.14644691,-49.82305806,SPRF-SC,DEL06-SC,UOP01-DEL06-SC,2022
"419776,0",2022-03-10,quinta-feira,20:20:00,SC,101,"168,5",TIJUCAS,Entrada inopinada do pedestre,Atropelamento de Pedestre,Com Vítimas Fatais,Plena Noite,Decrescente,Nublado,Dupla,Reta,Não,2,1,0,0,1,0,0,2,-27.28345837,-48.63103509,SPRF-SC,DEL04-SC,UOP03-DEL04-SC,2022
"419778,0",2022-03-10,quinta-feira,19:00:00,SC,101,"256,0",PAULO LOPES,Ingestão de álcool pelo condutor,Colisão traseira,Sem Vítimas,Plena Noite,Decrescente,Chuva,Simples,Curva,Não,1,0,0,0,1,0,0,1,-27.98856558,-48.67917538,SPRF-SC,DEL02-SC,UOP03-DEL02-SC,2022
"419808,0",2022-03-10,quinta-feira,23:30:00,SC,470,"204,0",PONTE ALTA,Objeto estático sobre o leito carroçável,Colisão com objeto,Com Vítimas Feridas,Plena Noite,Decrescente,Garoa/Chuvisco,Simples,Reta,Não,2,0,2,0,0,0,2,1,-27.289373,-50.166328,SPRF-SC,DEL05-SC,UOP03-DEL05-SC,2022
"419818,0",2022-03-11,sexta-feira,06:00:00,SC,101,"139,4",BALNEARIO CAMBORIU,Ausência de reação do condutor,Tombamento,Com Vítimas Feridas,Pleno dia,Crescente,Nublado,Simples,Reta,Sim,1,0,1,0,0,0,1,1,-27.02982303,-48.60115006,SPRF-SC,DEL04-SC,UOP03-DEL04-SC,2022
"419842,0",2022-03-11,sexta-feira,08:00:00,SC,101,"210,0",SAO JOSE,Condutor deixou de manter distância do veículo da frente,Colisão traseira,Com Vítimas Feridas,Pleno dia,Decrescente,Céu Claro,Múltipla,Reta,Não,3,0,1,0,2,0,1,3,-27.6167305,-48.6457265,SPRF-SC,DEL01-SC,UOP01-DEL01-SC,2022
"419859,0",2022-03-11,sexta-feira,09:20:00,SC,470,"9,0",NAVEGANTES,Acessar a via sem observar a presença dos outros veículos,Colisão transversal,Com Vítimas Feridas,Pleno dia,Decrescente,Céu Claro,Simples,Interseção de Vias,Não,2,0,1,0,1,0,1,2,-26.833143,-48.727432,SPRF-SC,DEL04-SC,UOP04-DEL04-SC,2022
"419864,0",2022-03-11,sexta-feira,09:45:00,SC,101,"177,6",BIGUACU,Avarias e/ou desgaste excessivo no pneu,Queda de ocupante de veículo,Com Vítimas Feridas,Pleno dia,Crescente,Céu Claro,Dupla,Reta,Não,1,0,1,0,0,0,1,1,-27.35538202,-48.63241474,SPRF-SC,DEL01-SC,UOP01-DEL01-SC,2022
"419879,0",2022-03-11,sexta-feira,11:35:00,SC,101,"213,7",PALHOCA,Desrespeitar a preferência no cruzamento,Colisão transversal,Com Vítimas Feridas,Pleno dia,Decrescente,Céu Claro,Simples,Interseção de Vias,Sim,3,0,1,0,1,1,1,3,-27.63961239,-48.66660166,SPRF-SC,DEL01-SC,UOP02-DEL01-SC,2022
"419895,0",2022-03-10,quinta-feira,22:00:00,SC,282,"568,0",NOVA ERECHIM,Desrespeitar a preferência no cruzamento,Colisão transversal,Com Vítimas Feridas,Plena Noite,Decrescente,Chuva,Simples,Reta,Não,2,0,1,0,1,0,1,2,-26.899681,-52.915756,SPRF-SC,DEL07-SC,UOP02-DEL07-SC,2022
"419914,0",2022-03-11,sexta-feira,14:35:00,SC,282,"54,3",AGUAS MORNAS,Reação tardia ou ineficiente do condutor,Saída de leito carroçável,Com Vítimas Feridas,Pleno dia,Crescente,Garoa/Chuvisco,Simples,Curva,Não,1,0,0,1,0,0,1,1,-27.685799,-48.974514,SPRF-SC,DEL01-SC,UOP03-DEL01-SC,2022
"419942,0",2022-03-11,sexta-feira,17:05:00,SC,101,"401,4",MARACAJA,Manobra de mudança de faixa,Colisão com objeto,Com Vítimas Feridas,Pleno dia,Decrescente,Chuva,Dupla,Reta,Sim,4,0,1,0,2,1,1,3,-28.85594274,-49.44019434,SPRF-SC,DEL02-SC,UOP02-DEL02-SC,2022
"419949,0",2022-03-11,sexta-feira,17:00:00,SC,282,"33,0",AGUAS MORNAS,Condutor deixou de manter distância do veículo da frente,Engavetamento,Sem Vítimas,Pleno dia,Decrescente,Garoa/Chuvisco,Simples,Reta,Não,3,0,0,0,3,0,0,3,-27.706587,-48.808144,SPRF-SC,DEL01-SC,UOP03-DEL01-SC,2022
"419950,0",2022-03-11,sexta-feira,14:05:00,SC,470,"291,4",BRUNOPOLIS,Acessar a via sem observar a presença dos outros veículos,Colisão transversal,Com Vítimas Feridas,Pleno dia,Decrescente,Céu Claro,Simples,Interseção de Vias,Não,3,0,2,0,1,0,2,2,-27.33555628,-50.95982552,SPRF-SC,DEL07-SC,UOP06-DEL07-SC,2022
"419958,0",2022-03-11,sexta-feira,18:20:00,SC,101,"232,0",PALHOCA,Manobra de mudança de faixa,Colisão lateral mesmo sentido,Com Vítimas Feridas,Plena Noite,Crescente,Chuva,Dupla,Declive,Não,2,0,1,0,1,0,1,2,-27.795666,-48.638153,SPRF-SC,DEL01-SC,UOP02-DEL01-SC,2022
"419960,0",2022-03-11,sexta-feira,10:30:00,SC,282,"135,3",BOM RETIRO,Transitar na contramão,Colisão frontal,Com Vítimas Feridas,Pleno dia,Crescente,Céu Claro,Simples,Curva,Não,3,0,1,2,0,0,3,2,-27.81854405,-49.55104351,SPRF-SC,DEL05-SC,UOP01-DEL05-SC,2022
"419974,0",2022-03-11,sexta-feira,18:00:00,SC,101,"381,1",ICARA,Chuva,Saída de leito carroçável,Sem Vítimas,Pleno dia,Crescente,Chuva,Dupla,Reta,Sim,1,0,0,0,0,1,0,1,-28.75478409,-49.27732095,SPRF-SC,DEL02-SC,UOP02-DEL02-SC,2022
"419993,0",2022-03-11,sexta-feira,16:10:00,SC,470,"122,5",IBIRAMA,Reação tardia ou ineficiente do condutor,Colisão frontal,Com Vítimas Feridas,Pleno dia,Decrescente,Garoa/Chuvisco,Simples,Curva,Não,5,0,1,0,4,0,1,4,-27.099888,-49.527679,SPRF-SC,DEL04-SC,UOP02-DEL04-SC,2022
"420002,0",2022-03-11,sexta-feira,23:30:00,SC,470,"137,9",RIO DO SUL,Transitar na contramão,Colisão frontal,Com Vítimas Feridas,Plena Noite,Crescente,Chuva,Simples,Reta,Não,2,0,0,1,1,0,1,2,-27.203201,-49.635063,SPRF-SC,DEL04-SC,UOP02-DEL04-SC,2022
"420027,0",2022-03-11,sexta-feira,20:05:00,SC,101,"199,0",SAO JOSE,Chuva,Saída de leito carroçável,Com Vítimas Feridas,Plena Noite,Crescente,Chuva,Dupla,Reta,Sim,1,0,1,0,0,0,1,1,-27.53413705,-48.63003205,SPRF-SC,DEL01-SC,UOP01-DEL01-SC,2022
"420029,0",2022-03-11,sexta-feira,13:20:00,SC,101,"327,0",CAPIVARI DE BAIXO,Ausência de reação do condutor,Colisão traseira,Com Vítimas Feridas,Pleno dia,Crescente,Céu Claro,Simples,Reta,Sim,2,0,1,0,1,0,1,2,-28.43023306,-48.95205197,SPRF-SC,DEL02-SC,UOP01-DEL02-SC,2022
"420032,0",2022-03-11,sexta-feira,20:05:00,SC,101,"322,5",PESCARIA BRAVA,Avarias e/ou desgaste excessivo no pneu,Colisão com objeto,Com Vítimas Feridas,Plena Noite,Crescente,Chuva,Múltipla,Reta,Não,3,0,2,0,1,0,2,1,-28.42491971,-48.90238108,SPRF-SC,DEL02-SC,UOP01-DEL02-SC,2022
"420047,0",2022-03-12,sábado,05:15:00,SC,101,"137,0",BALNEARIO CAMBORIU,Desrespeitar a preferência no cruzamento,Colisão transversal,Com Vítimas Feridas,Amanhecer,Decrescente,Garoa/Chuvisco,Múltipla,Reta,Sim,3,0,0,1,2,0,1,3,-27.0157238,-48.61192763,SPRF-SC,DEL04-SC,UOP03-DEL04-SC,2022
"420070,0",2022-03-12,sábado,07:38:00,SC,282,"560,0",NOVA ITABERABA,Acessar a via sem observar a presença dos outros veículos,Colisão lateral mesmo sentido,Com Vítimas Feridas,Pleno dia,Decrescente,Céu Claro,Simples,Aclive,Não,3,0,1,0,2,0,1,2,-26.927135,-52.856205,SPRF-SC,DEL07-SC,UOP01-DEL07-SC,2022
"420075,0",2022-03-12,sábado,08:40:00,SC,101,"3,7",GARUVA,Velocidade Incompatível,Saída de leito carroçável,Com Vítimas Feridas,Pleno dia,Decrescente,Chuva,Dupla,Curva,Não,1,0,1,0,0,0,1,1,-26.00380807,-48.87233005,SPRF-SC,DEL03-SC,UOP01-DEL03-SC,2022
"420079,0",2022-03-12,sábado,04:34:00,SC,101,"119,2",ITAJAI,Velocidade Incompatível,Colisão traseira,Com Vítimas Feridas,Plena Noite,Crescente,Céu Claro,Múltipla,Reta,Não,2,0,1,0,1,0,1,2,-26.9043179,-48.71555481,SPRF-SC,DEL04-SC,UOP04-DEL04-SC,2022
"420097,0",2022-02-21,segunda-feira,04:00:00,SC,101,"231,2",PALHOCA,Condutor Dormindo,Saída de leito carroçável,Com Vítimas Feridas,Plena Noite,Crescente,Céu Claro,Dupla,Reta,Não,2,0,1,1,0,0,2,1,-27.78669984,-48.6356424,SPRF-SC,DEL01-SC,UOP02-DEL01-SC,2022
"420098,0",2022-03-12,sábado,11:15:00,SC,101,"203,0",SAO JOSE,Problema com o freio,Queda de ocupante de veículo,Com Vítimas Feridas,Pleno dia,Decrescente,Chuva,Dupla,Curva,Sim,1,0,1,0,0,0,1,1,-27.5650044,-48.61460082,SPRF-SC,DEL01-SC,UOP01-DEL01-SC,2022
"420115,0",2022-03-12,sábado,12:00:00,SC,101,"119,3",ITAJAI,Manobra de mudança de faixa,Colisão lateral mesmo sentido,Com Vítimas Feridas,Pleno dia,Crescente,Nublado,Dupla,Reta,Não,2,0,1,0,1,0,1,2,-26.9043179,-48.71555481,SPRF-SC,DEL04-SC,UOP04-DEL04-SC,2022
"420117,0",2022-03-12,sábado,13:15:00,SC,280,"28,5",ARAQUARI,Conversão proibida,Colisão transversal,Com Vítimas Feridas,Pleno dia,Crescente,Chuva,Simples,Reta,Sim,2,0,1,0,1,0,1,2,-26.40450077,-48.74561031,SPRF-SC,DEL03-SC,UOP03-DEL03-SC,2022
"420118,0",2022-03-12,sábado,13:40:00,SC,101,"192,0",BIGUACU,Pista Escorregadia,Colisão com objeto,Com Vítimas Feridas,Pleno dia,Crescente,Chuva,Dupla,Curva,Sim,1,0,1,0,0,0,1,1,-27.48443781,-48.64765238,SPRF-SC,DEL01-SC,UOP01-DEL01-SC,2022
"420131,0",2022-03-12,sábado,12:20:00,SC,470,"229,0",SAO CRISTOVAO DO SUL,Velocidade Incompatível,Saída de leito carroçável,Com Vítimas Feridas,Pleno dia,Crescente,Chuva,Simples,Curva,Não,1,0,1,0,0,0,1,1,-27.31464,-50.385643,SPRF-SC,DEL05-SC,UOP03-DEL05-SC,2022
"420136,0",2022-03-12,sábado,14:18:00,SC,101,"206,2",SAO JOSE,Reação tardia ou ineficiente do condutor,Queda de ocupante de veículo,Sem Vítimas,Pleno dia,Decrescente,Garoa/Chuvisco,Múltipla,Reta,Sim,1,0,0,0,1,0,0,1,-27.59193546,-48.61824557,SPRF-SC,DEL01-SC,UOP01-DEL01-SC,2022
"420142,0",2022-03-12,sábado,15:22:00,SC,101,"83,0",BARRA VELHA,Velocidade Incompatível,Tombamento,Com Vítimas Feridas,Pleno dia,Decrescente,Nublado,Dupla,Viaduto,Não,1,0,1,0,0,0,1,1,-26.61865655,-48.71834126,SPRF-SC,DEL03-SC,UOP02-DEL03-SC,2022
"420155,0",2022-03-12,sábado,14:30:00,SC,282,"281,8",SAO JOSE DO CERRITO,Reação tardia ou ineficiente do condutor,Saída de leito carroçável,Com Vítimas Feridas,Pleno dia,Decrescente,Chuva,Simples,Reta,Não,2,0,2,0,0,0,2,1,-27.580057,-50.76429,SPRF-SC,DEL05-SC,UOP02-DEL05-SC,2022
"420165,0",2022-03-12,sábado,15:40:00,SC,101,"57,6",ARAQUARI,Curva acentuada,Capotamento,Com Vítimas Feridas,Pleno dia,Decrescente,Chuva,Dupla,Curva;Declive,Não,3,0,2,0,1,0,2,2,-26.43646093,-48.81113029,SPRF-SC,DEL03-SC,UOP01-DEL03-SC,2022
"420166,0",2022-03-12,sábado,06:55:00,SC,101,"382,0",ICARA,Avarias e/ou desgaste excessivo no pneu,Saída de leito carroçável,Sem Vítimas,Amanhecer,Crescente,Chuva,Dupla,Reta;Aclive,Não,1,0,0,0,0,1,0,1,-28.76738358,-49.30005848,SPRF-SC,DEL02-SC,UOP02-DEL02-SC,2022
"420180,0",2022-03-12,sábado,08:15:00,SC,282,"583,8",PINHALZINHO,Velocidade Incompatível,Saída de leito carroçável,Com Vítimas Feridas,Pleno dia,Decrescente,Nublado,Simples,Reta,Não,1,0,1,0,0,0,1,1,-26.828905,-53.009552,SPRF-SC,DEL07-SC,UOP02-DEL07-SC,2022
"420183,0",2022-03-12,sábado,19:00:00,SC,470,"124,9",LONTRAS,Condutor Dormindo,Tombamento,Com Vítimas Feridas,Plena Noite,Crescente,Chuva,Simples,Reta,Não,1,0,1,0,0,0,1,1,-27.113192,-49.529163,SPRF-SC,DEL04-SC,UOP02-DEL04-SC,2022
"420223,0",2022-03-12,sábado,21:15:00,SC,101,"360,0",SANGAO,Entrada inopinada do pedestre,Atropelamento de Pedestre,Com Vítimas Feridas,Plena Noite,Decrescente,Garoa/Chuvisco,Simples,Reta,Não,3,0,0,1,2,0,1,2,-28.6684935,-49.11788285,SPRF-SC,DEL02-SC,UOP01-DEL02-SC,2022
"420229,0",2022-03-12,sábado,19:50:00,SC,470,"270,2",BRUNOPOLIS,Ingestão de álcool pelo condutor,Colisão frontal,Com Vítimas Feridas,Plena Noite,Crescente,Nublado,Simples,Reta,Não,2,0,1,0,1,0,1,2,-27.319107,-50.767056,SPRF-SC,DEL07-SC,UOP06-DEL07-SC,2022
"420234,0",2022-03-12,sábado,22:40:00,SC,282,"252,3",SAO JOSE DO CERRITO,Ultrapassagem Indevida,Colisão frontal,Com Vítimas Feridas,Plena Noite,Decrescente,Nublado,Simples,Aclive;Curva,Não,5,0,3,0,2,0,3,2,-27.691267,-50.561481,SPRF-SC,DEL05-SC,UOP02-DEL05-SC,2022
"420235,0",2022-03-12,sábado,23:25:00,SC,470,"174,4",POUSO REDONDO,Pedestre andava na pista,Atropelamento de Pedestre,Com Vítimas Feridas,Plena Noite,Crescente,Garoa/Chuvisco,Simples,Reta,Sim,3,0,1,0,2,0,1,2,-27.258179,-49.929146,SPRF-SC,DEL04-SC,UOP02-DEL04-SC,2022
"420239,0",2022-03-12,sábado,23:30:00,SC,101,"115,6",ITAJAI,Ingestão de álcool pelo condutor,Colisão com objeto,Com Vítimas Fatais,Plena Noite,Crescente,Chuva,Dupla,Reta,Não,2,1,1,0,0,0,1,1,-26.875693,-48.727338,SPRF-SC,DEL04-SC,UOP04-DEL04-SC,2022
"420243,0",2022-03-13,domingo,01:35:00,SC,101,"39,0",JOINVILLE,Velocidade Incompatível,Saída de leito carroçável,Com Vítimas Feridas,Plena Noite,Crescente,Chuva,Dupla,Curva,Sim,2,0,1,0,1,0,1,1,-26.2628107,-48.90192257,SPRF-SC,DEL03-SC,UOP01-DEL03-SC,2022
"420253,0",2022-03-13,domingo,02:45:00,SC,470,"64,4",INDAIAL,Pedestre andava na pista,Atropelamento de Pedestre,Com Vítimas Feridas,Plena Noite,Decrescente,Garoa/Chuvisco,Simples,Reta;Aclive,Sim,4,0,2,1,1,0,3,3,-26.86985986,-49.20670918,SPRF-SC,DEL04-SC,UOP01-DEL04-SC,2022
"420257,0",2022-03-13,domingo,04:00:00,SC,101,"215,9",PALHOCA,Condutor Dormindo,Colisão lateral mesmo sentido,Sem Vítimas,Plena Noite,Crescente,Céu Claro,Dupla,Reta,Sim,1,0,0,0,0,1,0,1,-27.65184843,-48.67604941,SPRF-SC,DEL01-SC,UOP02-DEL01-SC,2022
"420262,0",2022-03-13,domingo,00:30:00,SC,282,"343,0",CAMPOS NOVOS,Condutor deixou de manter distância do veículo da frente,Colisão traseira,Com Vítimas Feridas,Plena Noite,Crescente,Céu Claro,Simples,Reta,Sim,2,0,1,0,1,0,1,2,-27.387402,-51.232861,SPRF-SC,DEL07-SC,UOP06-DEL07-SC,2022
"420268,0",2022-03-13,domingo,01:00:00,SC,282,"70,6",SAO MIGUEL DO OESTE,Condutor deixou de manter distância do veículo da frente,Colisão lateral mesmo sentido,Sem Vítimas,Plena Noite,Decrescente,Céu Claro,Simples,Reta,Sim,2,0,0,0,2,0,0,2,-26.73078762,-53.51083159,SPRF-SC,DEL01-SC,UOP03-DEL01-SC,2022
"420276,0",2022-03-13,domingo,06:10:00,SC,101,"149,0",ITAPEMA,Reação tardia ou ineficiente do condutor,Colisão frontal,Com Vítimas Feridas,Pleno dia,Crescente,Garoa/Chuvisco,Dupla,Curva,Não,2,0,0,1,1,0,1,2,-27.1089649,-48.61277586,SPRF-SC,DEL04-SC,UOP03-DEL04-SC,2022
"420279,0",2022-03-13,domingo,07:20:00,SC,101,"149,0",ITAPEMA,Reação tardia ou ineficiente do condutor,Colisão lateral mesmo sentido,Sem Vítimas,Pleno dia,Crescente,Céu Claro,Dupla,Reta,Sim,2,0,0,0,2,0,0,2,-27.1089649,-48.61277586,SPRF-SC,DEL04-SC,UOP03-DEL04-SC,2022
"420287,0",2022-03-13,domingo,00:55:00,SC,101,"117,0",ITAJAI,Ausência de reação do condutor,Queda de ocupante de veículo,Com Vítimas Feridas,Plena Noite,Crescente,Nublado,Dupla,Reta,Sim,1,0,1,0,0,0,1,1,-26.88747187,-48.72252969,SPRF-SC,DEL04-SC,UOP04-DEL04-SC,2022
"420295,0",2022-02-05,sábado,23:10:00,SC,101,"90,1",BARRA VELHA,Pedestre cruzava a pista fora da faixa,Atropelamento de Pedestre,Com Vítimas Fatais,Plena Noite,Crescente,Chuva,Múltipla,Reta,Sim,3,1,0,0,1,1,0,2,-26.6702848,-48.6899895,SPRF-SC,DEL03-SC,UOP02-DEL03-SC,2022