id,data_inversa,dia_semana,horario,uf,br,km,municipio,causa_acidente,tipo_acidente,classificacao_acidente,fase_dia,sentido_via,condicao_metereologica,tipo_pista,tracado_via,uso_solo,pessoas,mortos,feridos_leves,feridos_graves,ilesos,ignorados,feridos,veiculos,latitude,longitude,regional,delegacia,uop,ano_arquivo
"420297,0",2022-03-13,domingo,08:45:00,SC,282,"6,0",SAO JOSE,Chuva,Tombamento,Com Vítimas Feridas,Pleno dia,Crescente,Chuva,Dupla,Curva,Sim,1,0,1,0,0,0,1,1,-27.591936,-48.618244,SPRF-SC,DEL01-SC,UOP01-DEL01-SC,2022
"420306,0",2022-03-13,domingo,08:50:00,SC,101,"138,0",BALNEARIO CAMBORIU,Ingestão de álcool e/ou substâncias psicoativas pelo pedestre,Saída de leito carroçável,Com Vítimas Feridas,Pleno dia,Crescente,Chuva,Múltipla,Curva,Sim,1,0,1,0,0,0,1,1,-27.02397426,-48.60761649,SPRF-SC,DEL04-SC,UOP03-DEL04-SC,2022
"420309,0",2022-03-13,domingo,04:10:00,SC,116,"139,0",SANTA CECILIA,Ultrapassagem Indevida,Colisão frontal,Com Vítimas Feridas,Plena Noite,Crescente,Nublado,Simples,Reta,Sim,2,0,1,0,1,0,1,2,-26.96007677,-50.41626976,SPRF-SC,DEL06-SC,UOP02-DEL06-SC,2022
"420310,0",2022-03-13,domingo,09:30:00,SC,101,"79,0",ARAQUARI,Demais falhas mecânicas ou elétricas,Engavetamento,Com Vítimas Feridas,Pleno dia,Crescente,Chuva,Dupla,Reta,Não,4,0,1,0,3,0,1,3,-26.58559601,-48.72192112,SPRF-SC,DEL03-SC,UOP02-DEL03-SC,2022
"420323,0",2022-03-13,domingo,10:10:00,SC,116,"164,0",PONTE ALTA DO NORTE,Acumulo de água sobre o pavimento,Colisão frontal,Com Vítimas Feridas,Pleno dia,Decrescente,Chuva,Simples,Curva,Não,8,0,4,4,0,0,8,2,-27.14325097,-50.46036547,SPRF-SC,DEL05-SC,UOP03-DEL05-SC,2022
"420337,0",2022-03-13,domingo,12:45:00,SC,280,"122,0",RIO NEGRINHO,Condutor deixou de manter distância do veículo da frente,Colisão traseira,Com Vítimas Feridas,Pleno dia,Crescente,Garoa/Chuvisco,Simples,Reta,Sim,3,0,1,0,2,0,1,2,-26.2404881,-49.47686434,SPRF-SC,DEL06-SC,UOP03-DEL06-SC,2022
"420344,0",2022-03-13,domingo,13:40:00,SC,282,"56,2",RANCHO QUEIMADO,Ingestão de álcool pelo condutor,Saída de leito carroçável,Com Vítimas Feridas,Pleno dia,Crescente,Chuva,Simples,Aclive;Curva,Não,2,0,2,0,0,0,2,1,-27.691633,-48.991375,SPRF-SC,DEL01-SC,UOP03-DEL01-SC,2022
"420345,0",2022-03-13,domingo,12:00:00,SC,101,"56,8",ARAQUARI,Acumulo de água sobre o pavimento,Colisão com objeto,Com Vítimas Feridas,Pleno dia,Crescente,Chuva,Dupla,Reta,Não,2,0,1,0,1,0,1,1,-26.43207484,-48.82263984,SPRF-SC,DEL03-SC,UOP01-DEL03-SC,2022
"420346,0",2022-03-13,domingo,12:40:00,SC,101,"41,1",JOINVILLE,Reação tardia ou ineficiente do condutor,Colisão com objeto,Com Vítimas Feridas,Pleno dia,Crescente,Chuva,Dupla,Curva,Não,2,0,1,0,1,0,1,1,-26.31726718,-48.87300253,SPRF-SC,DEL03-SC,UOP01-DEL03-SC,2022
"420351,0",2022-03-13,domingo,14:34:00,SC,470,"96,0",APIUNA,Chuva,Saída de leito carroçável,Com Vítimas Feridas,Pleno dia,Crescente,Chuva,Simples,Curva,Não,1,0,1,0,0,0,1,1,-27.020767,-49.371342,SPRF-SC,DEL04-SC,UOP01-DEL04-SC,2022
"420359,0",2022-03-13,domingo,15:20:00,SC,282,"6,0",SAO JOSE,Pista Escorregadia,Colisão lateral mesmo sentido,Sem Vítimas,Pleno dia,Crescente,Chuva,Dupla,Curva,Sim,2,0,0,0,2,0,0,2,-27.591936,-48.618244,SPRF-SC,DEL01-SC,UOP01-DEL01-SC,2022
"420361,0",2022-03-13,domingo,13:00:00,SC,470,"93,3",APIUNA,Ausência de reação do condutor,Saída de leito carroçável,Com Vítimas Feridas,Pleno dia,Crescente,Chuva,Simples,Reta,Não,2,0,1,0,1,0,1,1,-26.994484,-49.375908,SPRF-SC,DEL04-SC,UOP01-DEL04-SC,2022
"420367,0",2022-03-13,domingo,09:50:00,SC,470,"234,0",SAO CRISTOVAO DO SUL,Velocidade Incompatível,Colisão com objeto,Com Vítimas Feridas,Pleno dia,Decrescente,Garoa/Chuvisco,Simples,Curva,Não,1,0,1,0,0,0,1,1,-27.301632,-50.43058,SPRF-SC,DEL05-SC,UOP03-DEL05-SC,2022
"420373,0",2022-03-13,domingo,16:10:00,SC,101,"286,7",IMBITUBA,Ingestão de álcool pelo condutor,Colisão com objeto,Com Vítimas Feridas,Pleno dia,Crescente,Chuva,Dupla,Declive;Reta,Não,3,0,0,1,2,0,1,2,-28.25353904,-48.70282173,SPRF-SC,DEL02-SC,UOP03-DEL02-SC,2022
"420379,0",2022-03-13,domingo,17:15:00,SC,101,"127,0",ITAJAI,Avarias e/ou desgaste excessivo no pneu,Tombamento,Com Vítimas Feridas,Pleno dia,Crescente,Chuva,Dupla,Curva,Sim,2,0,2,0,0,0,2,1,-26.9639319,-48.68328024,SPRF-SC,DEL04-SC,UOP04-DEL04-SC,2022
"420383,0",2022-03-13,domingo,16:00:00,SC,470,"46,5",BLUMENAU,Velocidade Incompatível,Colisão lateral sentido oposto,Com Vítimas Feridas,Pleno dia,Crescente,Chuva,Simples,Reta,Sim,5,0,5,0,0,0,5,2,-26.860388,-49.037617,SPRF-SC,DEL04-SC,UOP01-DEL04-SC,2022
"420391,0",2022-03-13,domingo,13:30:00,SC,280,"94,2",CORUPA,Velocidade Incompatível,Saída de leito carroçável,Com Vítimas Feridas,Pleno dia,Decrescente,Chuva,Simples,Curva,Não,1,0,1,0,0,0,1,1,-26.39198268,-49.30187441,SPRF-SC,DEL06-SC,UOP03-DEL06-SC,2022
"420423,0",2022-03-13,domingo,20:10:00,SC,101,"369,0",ICARA,Falta de elemento de contenção que evite a saída do leito carroçável,Saída de leito carroçável,Com Vítimas Feridas,Plena Noite,Crescente,Chuva,Dupla,Reta,Não,2,0,0,1,1,0,1,1,-28.69775604,-49.182934,SPRF-SC,DEL02-SC,UOP01-DEL02-SC,2022
"420436,0",2022-03-13,domingo,21:30:00,SC,101,"164,5",TIJUCAS,Ausência de reação do condutor,Colisão traseira,Sem Vítimas,Plena Noite,Decrescente,Nublado,Dupla,Reta,Sim,2,0,0,0,1,1,0,2,-27.243868,-48.6309,SPRF-SC,DEL04-SC,UOP03-DEL04-SC,2022
"420438,0",2022-03-13,domingo,15:00:00,SC,280,"97,5",CORUPA,Velocidade Incompatível,Saída de leito carroçável,Com Vítimas Feridas,Pleno dia,Decrescente,Chuva,Simples,Curva;Declive,Não,3,0,3,0,0,0,3,1,-26.37833107,-49.31732124,SPRF-SC,DEL06-SC,UOP03-DEL06-SC,2022
"420445,0",2022-03-13,domingo,19:10:00,SC,163,"71,7",SAO MIGUEL DO OESTE,Pedestre cruzava a pista fora da faixa,Atropelamento de Pedestre,Com Vítimas Feridas,Anoitecer,Decrescente,Céu Claro,Simples,Reta,Sim,2,0,0,1,1,0,1,2,-26.72772401,-53.51281303,SPRF-SC,DEL07-SC,UOP03-DEL07-SC,2022
"420449,0",2022-03-13,domingo,16:50:00,SC,116,"270,0",CAPAO ALTO,Acumulo de água sobre o pavimento,Saída de leito carroçável,Sem Vítimas,Anoitecer,Decrescente,Chuva,Simples,Reta,Não,2,0,0,0,2,0,0,1,-27.97013579,-50.50274223,SPRF-SC,DEL05-SC,UOP02-DEL05-SC,2022
"420472,0",2022-03-14,segunda-feira,01:00:00,SC,101,"203,0",SAO JOSE,Ausência de reação do condutor,Saída de leito carroçável,Com Vítimas Feridas,Plena Noite,Crescente,Garoa/Chuvisco,Múltipla,Reta,Sim,2,0,2,0,0,0,2,1,-27.5650044,-48.61460082,SPRF-SC,DEL01-SC,UOP01-DEL01-SC,2022
"420552,0",2022-03-14,segunda-feira,08:55:00,SC,282,"68,9",RANCHO QUEIMADO,Transitar no acostamento,Colisão lateral mesmo sentido,Com Vítimas Feridas,Pleno dia,Crescente,Nublado,Simples,Curva,Não,2,0,0,1,1,0,1,2,-27.690039,-49.084034,SPRF-SC,DEL01-SC,UOP03-DEL01-SC,2022
"420553,0",2022-03-14,segunda-feira,10:45:00,SC,101,"158,5",PORTO BELO,Reação tardia ou ineficiente do condutor,Colisão traseira,Com Vítimas Feridas,Pleno dia,Crescente,Nublado,Dupla,Reta,Sim,4,0,2,0,2,0,2,2,-27.19096301,-48.61259017,SPRF-SC,DEL04-SC,UOP03-DEL04-SC,2022
"420578,0",2022-03-14,segunda-feira,11:00:00,SC,101,"140,5",BALNEARIO CAMBORIU,Condutor deixou de manter distância do veículo da frente,Colisão traseira,Com Vítimas Feridas,Pleno dia,Decrescente,Nublado,Dupla,Reta,Sim,2,0,1,0,1,0,1,2,-27.03881189,-48.60025148,SPRF-SC,DEL04-SC,UOP03-DEL04-SC,2022
"420592,0",2022-02-06,domingo,08:00:00,SC,282,"34,0",AGUAS MORNAS,Curva acentuada,Colisão frontal,Com Vítimas Fatais,Pleno dia,Crescente,Céu Claro,Simples,Curva,Não,2,1,0,0,1,0,0,2,-27.703673,-48.818871,SPRF-SC,DEL01-SC,UOP03-DEL01-SC,2022
"420598,0",2022-03-14,segunda-feira,14:45:00,SC,282,"3,8",SAO JOSE,Ausência de sinalização,Colisão lateral mesmo sentido,Sem Vítimas,Pleno dia,Decrescente,Céu Claro,Múltipla,Curva,Sim,2,0,0,0,2,0,0,2,-27.59457894,-48.60213161,SPRF-SC,DEL01-SC,UOP01-DEL01-SC,2022
"420606,0",2022-03-14,segunda-feira,14:00:00,SC,116,"214,9",PONTE ALTA,Transitar na contramão,Colisão lateral sentido oposto,Com Vítimas Feridas,Pleno dia,Decrescente,Nublado,Simples,Curva,Não,3,0,3,0,0,0,3,2,-27.53188987,-50.37131713,SPRF-SC,DEL05-SC,UOP03-DEL05-SC,2022
"420609,0",2022-03-14,segunda-feira,13:25:00,SC,280,"67,0",JARAGUA DO SUL,Ultrapassagem Indevida,Colisão transversal,Com Vítimas Feridas,Pleno dia,Decrescente,Chuva,Simples,Reta,Não,2,0,0,1,0,1,1,2,-26.4775146,-49.10363575,SPRF-SC,DEL03-SC,UOP03-DEL03-SC,2022
"420623,0",2022-03-14,segunda-feira,11:45:00,SC,280,"55,5",GUARAMIRIM,Desrespeitar a preferência no cruzamento,Colisão transversal,Com Vítimas Feridas,Pleno dia,Decrescente,Nublado,Dupla,Rotatória,Não,2,0,0,1,1,0,1,2,-26.47932199,-49.00125504,SPRF-SC,DEL03-SC,UOP03-DEL03-SC,2022
"420635,0",2022-03-14,segunda-feira,14:30:00,SC,280,"213,9",TRES BARRAS,Velocidade Incompatível,Capotamento,Com Vítimas Feridas,Pleno dia,Crescente,Sol,Simples,Reta,Não,1,0,1,0,0,0,1,1,-26.18089516,-50.19717996,SPRF-SC,DEL06-SC,UOP04-DEL06-SC,2022
"420645,0",2022-03-14,segunda-feira,18:30:00,SC,101,"210,0",SAO JOSE,Manobra de mudança de faixa,Colisão lateral mesmo sentido,Com Vítimas Feridas,Pleno dia,Decrescente,Céu Claro,Dupla,Reta,Sim,2,0,0,1,1,0,1,2,-27.6167305,-48.6457265,SPRF-SC,DEL01-SC,UOP01-DEL01-SC,2022
"420647,0",2022-02-26,sábado,02:30:00,SC,470,"4,0",NAVEGANTES,Acessar a via sem observar a presença dos outros veículos,Colisão traseira,Com Vítimas Fatais,Plena Noite,Decrescente,Céu Claro,Dupla,Rotatória;Interseção de Vias,Sim,2,1,0,0,1,0,0,2,-26.858962,-48.689391,SPRF-SC,DEL04-SC,UOP04-DEL04-SC,2022
"420688,0",2022-03-15,terça-feira,00:20:00,SC,101,"206,5",SAO JOSE,Desrespeitar a preferência no cruzamento,Colisão transversal,Com Vítimas Feridas,Plena Noite,Crescente,Céu Claro,Múltipla,Viaduto,Sim,2,0,0,1,1,0,1,2,-27.59193546,-48.61824557,SPRF-SC,DEL01-SC,UOP01-DEL01-SC,2022
"420689,0",2022-02-01,terça-feira,08:34:00,SC,101,"335,4",TUBARAO,Velocidade Incompatível,Saída de leito carroçável,Com Vítimas Feridas,Pleno dia,Decrescente,Céu Claro,Múltipla,Curva,Sim,2,0,1,1,0,0,2,2,-28.46927473,-49.01557908,SPRF-SC,DEL02-SC,UOP01-DEL02-SC,2022
"420691,0",2022-03-15,terça-feira,01:15:00,SC,101,"424,1",ARARANGUA,Entrada inopinada do pedestre,Atropelamento de Pedestre,Com Vítimas Fatais,Plena Noite,Decrescente,Chuva,Múltipla,Viaduto;Reta,Sim,4,1,0,0,1,2,0,2,-29.0203471,-49.5900224,SPRF-SC,DEL02-SC,UOP02-DEL02-SC,2022
"420701,0",2022-03-15,terça-feira,05:40:00,SC,101,"308,9",LAGUNA,Condutor Dormindo,Saída de leito carroçável,Com Vítimas Feridas,Amanhecer,Decrescente,Céu Claro,Múltipla,Reta,Não,6,0,2,0,4,0,2,1,-28.42444279,-48.79983556,SPRF-SC,DEL02-SC,UOP01-DEL02-SC,2022
"420707,0",2022-03-15,terça-feira,08:00:00,SC,101,"207,0",SAO JOSE,Manobra de mudança de faixa,Colisão transversal,Com Vítimas Feridas,Pleno dia,Crescente,Céu Claro,Múltipla,Reta,Sim,3,0,1,0,2,0,1,2,-27.60001226,-48.6226467,SPRF-SC,DEL01-SC,UOP01-DEL01-SC,2022
"420748,0",2022-03-15,terça-feira,11:45:00,SC,101,"206,9",SAO JOSE,Condutor deixou de manter distância do veículo da frente,Engavetamento,Com Vítimas Feridas,Pleno dia,Crescente,Céu Claro,Múltipla,Declive;Reta,Sim,7,0,2,0,5,0,2,5,-27.59193546,-48.61824557,SPRF-SC,DEL01-SC,UOP01-DEL01-SC,2022
"420767,0",2022-03-05,sábado,19:30:00,SC,116,"6,9",MAFRA,Desrespeitar a preferência no cruzamento,Colisão frontal,Com Vítimas Feridas,Plena Noite,Decrescente,Céu Claro,Simples,Reta,Sim,2,0,0,1,1,0,1,2,-26.14644691,-49.82305806,SPRF-SC,DEL06-SC,UOP01-DEL06-SC,2022
"420776,0",2022-03-15,terça-feira,14:00:00,SC,101,"130,5",BALNEARIO CAMBORIU,Reação tardia ou ineficiente do condutor,Tombamento,Com Vítimas Feridas,Pleno dia,Decrescente,Nublado,Dupla,Reta,Sim,1,0,1,0,0,0,1,1,-26.98407618,-48.66977107,SPRF-SC,DEL04-SC,UOP03-DEL04-SC,2022
"420797,0",2022-03-09,quarta-feira,08:45:00,SC,282,"502,6",XANXERE,Desrespeitar a preferência no cruzamento,Colisão transversal,Com Vítimas Feridas,Pleno dia,Crescente,Nublado,Simples,Interseção de Vias;Reta;Declive,Sim,3,0,1,0,2,0,1,2,-26.885381,-52.393464,SPRF-SC,DEL07-SC,UOP01-DEL07-SC,2022
"420814,0",2022-03-15,terça-feira,18:00:00,SC,101,"211,0",PALHOCA,Manobra de mudança de faixa,Colisão lateral mesmo sentido,Com Vítimas Feridas,Anoitecer,Crescente,Céu Claro,Múltipla,Reta,Não,3,0,2,0,1,0,2,2,-27.62329313,-48.65245588,SPRF-SC,DEL01-SC,UOP02-DEL01-SC,2022
"420830,0",2022-03-15,terça-feira,17:00:00,SC,280,"87,0",CORUPA,Pista Escorregadia,Saída de leito carroçável,Com Vítimas Feridas,Pleno dia,Crescente,Chuva,Simples,Curva;Aclive,Não,2,0,2,0,0,0,2,1,-26.41501369,-49.25741675,SPRF-SC,DEL06-SC,UOP03-DEL06-SC,2022
"420837,0",2022-03-03,quinta-feira,00:30:00,SC,282,"351,4",CAMPOS NOVOS,Transitar na contramão,Colisão frontal,Com Vítimas Fatais,Plena Noite,Crescente,Céu Claro,Simples,Reta,Não,5,1,1,2,1,0,3,2,-27.3603137,-51.2979075,SPRF-SC,DEL07-SC,UOP06-DEL07-SC,2022
"420844,0",2022-03-15,terça-feira,21:20:00,SC,101,"192,4",BIGUACU,Iluminação deficiente,Atropelamento de Pedestre,Com Vítimas Fatais,Plena Noite,Decrescente,Nublado,Dupla,Reta,Sim,2,1,1,0,0,0,1,2,-27.48443781,-48.64765238,SPRF-SC,DEL01-SC,UOP01-DEL01-SC,2022
"420847,0",2022-03-15,terça-feira,20:40:00,SC,101,"341,0",TUBARAO,Ingestão de álcool pelo condutor,Tombamento,Com Vítimas Feridas,Plena Noite,Crescente,Nublado,Múltipla,Reta,Sim,1,0,1,0,0,0,1,1,-28.50999405,-49.05070686,SPRF-SC,DEL02-SC,UOP01-DEL02-SC,2022
"420881,0",2022-03-16,quarta-feira,03:00:00,SC,470,"67,5",INDAIAL,Ausência de reação do condutor,Colisão lateral mesmo sentido,Com Vítimas Feridas,Plena Noite,Decrescente,Chuva,Simples,Desvio Temporário;Reta,Sim,2,0,0,1,0,1,1,2,-26.872158,-49.23127,SPRF-SC,DEL04-SC,UOP01-DEL04-SC,2022
"420891,0",2022-03-16,quarta-feira,07:30:00,SC,101,"213,3",PALHOCA,Reação tardia ou ineficiente do condutor,Queda de ocupante de veículo,Com Vítimas Feridas,Pleno dia,Crescente,Garoa/Chuvisco,Múltipla,Reta,Sim,1,0,1,0,0,0,1,1,-27.63697369,-48.66514142,SPRF-SC,DEL01-SC,UOP02-DEL01-SC,2022
"420935,0",2022-03-16,quarta-feira,11:30:00,SC,101,"442,3",SANTA ROSA DO SUL,Ausência de reação do condutor,Engavetamento,Com Vítimas Feridas,Pleno dia,Crescente,Chuva,Múltipla,Reta,Não,4,0,1,0,3,0,1,3,-29.12959329,-49.68678391,SPRF-SC,DEL02-SC,UOP02-DEL02-SC,2022
"420937,0",2022-03-16,quarta-feira,12:30:00,SC,101,"135,2",BALNEARIO CAMBORIU,Ausência de reação do condutor,Tombamento,Com Vítimas Feridas,Pleno dia,Crescente,Chuva,Múltipla,Reta,Não,2,0,2,0,0,0,2,2,-27.0050108,-48.62677494,SPRF-SC,DEL04-SC,UOP03-DEL04-SC,2022
"420941,0",2022-03-16,quarta-feira,12:35:00,SC,101,"227,3",PALHOCA,Velocidade Incompatível,Colisão traseira,Com Vítimas Feridas,Pleno dia,Crescente,Chuva,Dupla,Reta,Sim,2,0,1,0,1,0,1,2,-27.7509149,-48.63460277,SPRF-SC,DEL01-SC,UOP02-DEL01-SC,2022
"420946,0",2022-03-16,quarta-feira,12:10:00,SC,101,"56,7",ARAQUARI,Acumulo de água sobre o pavimento,Saída de leito carroçável,Com Vítimas Feridas,Pleno dia,Crescente,Chuva,Dupla,Reta,Sim,2,0,2,0,0,0,2,1,-26.43207484,-48.82263984,SPRF-SC,DEL03-SC,UOP01-DEL03-SC,2022
"420963,0",2022-03-16,quarta-feira,14:20:00,SC,101,"10,0",GARUVA,Demais falhas mecânicas ou elétricas,Incêndio,Sem Vítimas,Pleno dia,Crescente,Chuva,Dupla,Reta,Não,1,0,0,0,1,0,0,1,-26.063011,-48.86020605,SPRF-SC,DEL03-SC,UOP01-DEL03-SC,2022
"420976,0",2022-01-19,quarta-feira,07:45:00,SC,101,"208,5",SAO JOSE,Reação tardia ou ineficiente do condutor,Engavetamento,Com Vítimas Feridas,Pleno dia,Decrescente,Sol,Múltipla,Reta,Sim,5,0,1,0,4,0,1,5,-27.60327979,-48.63201818,SPRF-SC,DEL01-SC,UOP01-DEL01-SC,2022
"420996,0",2022-03-16,quarta-feira,18:50:00,SC,101,"155,0",PORTO BELO,Transitar na contramão,Colisão frontal,Com Vítimas Feridas,Plena Noite,Crescente,Céu Claro,Simples,Rotatória,Não,4,0,3,1,0,0,4,2,-27.16292,-48.61129,SPRF-SC,DEL04-SC,UOP03-DEL04-SC,2022
"421015,0",2022-03-16,quarta-feira,21:50:00,SC,101,"168,0",TIJUCAS,Obstrução na via,Tombamento,Com Vítimas Feridas,Plena Noite,Crescente,Nublado,Dupla,Reta,Não,1,0,0,1,0,0,1,1,-27.279105,-48.631554,SPRF-SC,DEL04-SC,UOP03-DEL04-SC,2022
"421056,0",2022-02-26,sábado,12:00:00,SC,282,"99,0",ALFREDO WAGNER,Ultrapassagem Indevida,Queda de ocupante de veículo,Com Vítimas Feridas,Pleno dia,Crescente,Nublado,Simples,Reta,Não,2,0,1,0,1,0,1,2,-27.69452367,-49.3108356,SPRF-SC,DEL01-SC,UOP03-DEL01-SC,2022
"421060,0",2022-03-17,quinta-feira,07:40:00,SC,101,"210,8",SAO JOSE,Condutor deixou de manter distância do veículo da frente,Colisão traseira,Com Vítimas Feridas,Pleno dia,Decrescente,Céu Claro,Múltipla,Reta,Sim,3,0,1,1,0,1,2,2,-27.6167305,-48.6457265,SPRF-SC,DEL01-SC,UOP01-DEL01-SC,2022
"421068,0",2022-03-17,quinta-feira,07:05:00,SC,480,"130,8",CHAPECO,Pedestre cruzava a pista fora da faixa,Atropelamento de Pedestre,Com Vítimas Feridas,Pleno dia,Crescente,Sol,Simples,Reta,Sim,4,0,0,1,1,2,1,2,-27.06195,-52.633484,SPRF-SC,DEL07-SC,UOP01-DEL07-SC,2022
"421072,0",2022-03-09,quarta-feira,18:10:00,SC,280,"24,0",ARAQUARI,Acesso irregular,Colisão transversal,Com Vítimas Feridas,Pleno dia,Decrescente,Nublado,Simples,Reta,Não,2,0,1,0,1,0,1,2,-26.37724921,-48.71953282,SPRF-SC,DEL03-SC,UOP03-DEL03-SC,2022
"421074,0",2022-02-13,domingo,21:00:00,SC,116,"247,5",LAGES,Acessar a via sem observar a presença dos outros veículos,Colisão transversal,Com Vítimas Feridas,Plena Noite,Crescente,Céu Claro,Simples,Reta,Sim,4,0,3,1,0,0,4,2,-27.81262488,-50.36859817,SPRF-SC,DEL05-SC,UOP02-DEL05-SC,2022
"421088,0",2022-03-17,quinta-feira,10:40:00,SC,470,"97,7",APIUNA,Desrespeitar a preferência no cruzamento,Colisão transversal,Com Vítimas Feridas,Pleno dia,Decrescente,Sol,Simples,Interseção de Vias,Sim,2,0,1,0,1,0,1,2,-27.026621,-49.378124,SPRF-SC,DEL04-SC,UOP01-DEL04-SC,2022
"421094,0",2022-03-17,quinta-feira,07:00:00,SC,470,"337,0",CAMPOS NOVOS,Ausência de reação do condutor,Saída de leito carroçável,Com Vítimas Feridas,Amanhecer,Crescente,Céu Claro,Simples,Reta,Não,1,0,1,0,0,0,1,1,-27.513157,-51.348293,SPRF-SC,DEL07-SC,UOP06-DEL07-SC,2022
"421124,0",2022-03-17,quinta-feira,15:50:00,SC,101,"101,5",BALNEARIO PICARRAS,Condutor deixou de manter distância do veículo da frente,Colisão traseira,Com Vítimas Feridas,Pleno dia,Crescente,Sol,Múltipla,Reta,Sim,2,0,1,0,1,0,1,2,-26.76404198,-48.68657667,SPRF-SC,DEL03-SC,UOP02-DEL03-SC,2022
"421129,0",2022-03-17,quinta-feira,16:55:00,SC,470,"63,9",INDAIAL,Área urbana sem a presença de local apropriado para a travessia de pedestres,Atropelamento de Pedestre,Com Vítimas Feridas,Pleno dia,Crescente,Céu Claro,Simples,Em Obras;Reta,Sim,2,0,0,2,0,0,2,2,-26.872396,-49.19228,SPRF-SC,DEL04-SC,UOP01-DEL04-SC,2022
"421138,0",2022-03-17,quinta-feira,18:00:00,SC,101,"145,0",ITAPEMA,Condutor deixou de manter distância do veículo da frente,Colisão lateral mesmo sentido,Com Vítimas Feridas,Pleno dia,Decrescente,Céu Claro,Dupla,Aclive,Sim,3,0,1,0,2,0,1,3,-27.08139206,-48.60130993,SPRF-SC,DEL04-SC,UOP03-DEL04-SC,2022
"421161,0",2022-03-17,quinta-feira,20:10:00,SC,101,"115,0",ITAJAI,Reação tardia ou ineficiente do condutor,Tombamento,Com Vítimas Feridas,Plena Noite,Decrescente,Céu Claro,Dupla,Reta,Não,1,0,1,0,0,0,1,1,-26.87064015,-48.72954134,SPRF-SC,DEL04-SC,UOP04-DEL04-SC,2022
"421166,0",2022-03-17,quinta-feira,17:45:00,SC,282,"602,7",MARAVILHA,Condutor deixou de manter distância do veículo da frente,Colisão traseira,Com Vítimas Feridas,Pleno dia,Decrescente,Sol,Simples,Reta,Sim,2,0,1,0,1,0,1,2,-26.806049,-53.178757,SPRF-SC,DEL07-SC,UOP02-DEL07-SC,2022
"421169,0",2022-03-17,quinta-feira,19:40:00,SC,101,"203,0",SAO JOSE,Acessar a via sem observar a presença dos outros veículos,Colisão transversal,Com Vítimas Feridas,Plena Noite,Decrescente,Céu Claro,Múltipla,Interseção de Vias,Sim,2,0,1,0,1,0,1,2,-27.5650044,-48.61460082,SPRF-SC,DEL01-SC,UOP01-DEL01-SC,2022
"421214,0",2022-03-18,sexta-feira,03:15:00,SC,470,"53,6",BLUMENAU,Ingestão de álcool pelo condutor,Colisão com objeto,Com Vítimas Feridas,Plena Noite,Crescente,Nublado,Simples,Em Obras;Ponte;Curva,Sim,1,0,1,0,0,0,1,1,-26.867121,-49.102066,SPRF-SC,DEL04-SC,UOP01-DEL04-SC,2022
"421220,0",2022-03-18,sexta-feira,03:45:00,SC,101,"325,0",CAPIVARI DE BAIXO,Acessar a via sem observar a presença dos outros veículos,Colisão com objeto,Com Vítimas Feridas,Plena Noite,Decrescente,Céu Claro,Múltipla,Viaduto,Sim,1,0,1,0,0,0,1,1,-28.42516271,-48.93259193,SPRF-SC,DEL02-SC,UOP01-DEL02-SC,2022
"421221,0",2022-03-17,quinta-feira,22:10:00,SC,280,"57,0",GUARAMIRIM,Acessar a via sem observar a presença dos outros veículos,Atropelamento de Pedestre,Com Vítimas Feridas,Plena Noite,Crescente,Nublado,Dupla,Reta,Não,2,0,1,0,1,0,1,2,-26.47811421,-49.01259213,SPRF-SC,DEL03-SC,UOP03-DEL03-SC,2022
"421233,0",2022-03-18,sexta-feira,07:10:00,SC,101,"216,2",PALHOCA,Reação tardia ou ineficiente do condutor,Saída de leito carroçável,Com Vítimas Feridas,Pleno dia,Decrescente,Sol,Múltipla,Reta,Sim,4,0,1,0,3,0,1,3,-27.65965696,-48.67716372,SPRF-SC,DEL01-SC,UOP02-DEL01-SC,2022
"421251,0",2022-03-18,sexta-feira,06:40:00,SC,101,"205,7",SAO JOSE,Acessar a via sem observar a presença dos outros veículos,Colisão transversal,Com Vítimas Feridas,Pleno dia,Decrescente,Céu Claro,Múltipla,Reta,Sim,2,0,1,0,1,0,1,2,-27.58821691,-48.61655573,SPRF-SC,DEL01-SC,UOP01-DEL01-SC,2022
"421261,0",2022-02-26,sábado,14:15:00,SC,101,"54,0",JOINVILLE,Reação tardia ou ineficiente do condutor,Engavetamento,Com Vítimas Feridas,Pleno dia,Crescente,Sol,Dupla,Reta,Sim,5,0,1,0,4,0,1,4,-26.41319508,-48.83617332,SPRF-SC,DEL03-SC,UOP01-DEL03-SC,2022
"421276,0",2022-03-18,sexta-feira,11:05:00,SC,470,"7,8",NAVEGANTES,Condutor deixou de manter distância do veículo da frente,Colisão lateral mesmo sentido,Com Vítimas Feridas,Pleno dia,Crescente,Sol,Simples,Interseção de Vias,Não,2,0,1,0,1,0,1,2,-26.84499,-48.71505,SPRF-SC,DEL04-SC,UOP04-DEL04-SC,2022
"421301,0",2022-03-18,sexta-feira,13:45:00,SC,163,"93,1",GUARACIABA,Manobra de mudança de faixa,Colisão lateral mesmo sentido,Com Vítimas Feridas,Pleno dia,Decrescente,Nublado,Simples,Reta,Não,3,0,2,0,1,0,2,2,-26.54289607,-53.52035746,SPRF-SC,DEL07-SC,UOP03-DEL07-SC,2022