id,data_inversa,dia_semana,horario,uf,br,km,municipio,causa_acidente,tipo_acidente,classificacao_acidente,fase_dia,sentido_via,condicao_metereologica,tipo_pista,tracado_via,uso_solo,pessoas,mortos,feridos_leves,feridos_graves,ilesos,ignorados,feridos,veiculos,latitude,longitude,regional,delegacia,uop,ano_arquivo
"421316,0",2022-03-18,sexta-feira,16:10:00,SC,101,"191,2",BIGUACU,Demais Fenômenos da natureza,Queda de ocupante de veículo,Com Vítimas Feridas,Pleno dia,Decrescente,Céu Claro,Dupla,Curva,Não,1,0,1,0,0,0,1,1,-27.47730273,-48.64127329,SPRF-SC,DEL01-SC,UOP01-DEL01-SC,2022
"421324,0",2022-01-10,segunda-feira,18:40:00,SC,282,"2,8",FLORIANOPOLIS,Frear bruscamente,Tombamento,Com Vítimas Feridas,Anoitecer,Decrescente,Chuva,Dupla,Reta,Sim,2,0,0,1,0,1,1,2,-27.60198997,-48.59706491,SPRF-SC,DEL01-SC,UOP01-DEL01-SC,2022
"421326,0",2022-03-18,sexta-feira,16:00:00,SC,116,"220,5",CORREIA PINTO,Desrespeitar a preferência no cruzamento,Colisão transversal,Com Vítimas Feridas,Pleno dia,Decrescente,Nublado,Simples,Interseção de Vias,Sim,2,0,0,1,1,0,1,2,-27.59088294,-50.36227763,SPRF-SC,DEL05-SC,UOP03-DEL05-SC,2022
"421333,0",2022-03-18,sexta-feira,17:10:00,SC,470,"69,7",INDAIAL,Retorno proibido,Colisão transversal,Com Vítimas Feridas,Pleno dia,Crescente,Céu Claro,Simples,Viaduto,Sim,2,0,1,0,1,0,1,2,-26.889374,-49.254478,SPRF-SC,DEL04-SC,UOP01-DEL04-SC,2022
"421342,0",2022-03-18,sexta-feira,14:15:00,SC,280,"4,6",SAO FRANCISCO DO SUL,Desrespeitar a preferência no cruzamento,Colisão transversal,Com Vítimas Feridas,Pleno dia,Crescente,Céu Claro,Simples,Interseção de Vias;Rotatória,Sim,2,0,0,1,0,1,1,2,-26.25329566,-48.61916042,SPRF-SC,DEL03-SC,UOP03-DEL03-SC,2022
"421360,0",2022-03-18,sexta-feira,18:00:00,SC,101,"288,0",IMBITUBA,Avarias e/ou desgaste excessivo no pneu,Colisão com objeto,Com Vítimas Feridas,Plena Noite,Decrescente,Chuva,Dupla,Curva,Não,4,0,2,0,2,0,2,1,-28.24598003,-48.70010284,SPRF-SC,DEL02-SC,UOP03-DEL02-SC,2022
"421375,0",2022-03-18,sexta-feira,18:45:00,SC,101,"426,8",SOMBRIO,Reação tardia ou ineficiente do condutor,Colisão lateral mesmo sentido,Com Vítimas Feridas,Plena Noite,Decrescente,Nublado,Múltipla,Reta,Sim,2,0,1,0,1,0,1,2,-29.02593927,-49.59976914,SPRF-SC,DEL02-SC,UOP02-DEL02-SC,2022
"421378,0",2022-03-18,sexta-feira,20:10:00,SC,101,"148,7",ITAPEMA,Reação tardia ou ineficiente do condutor,Colisão transversal,Com Vítimas Feridas,Plena Noite,Crescente,Chuva,Simples,Curva,Sim,2,0,1,0,1,0,1,2,-27.10123686,-48.61807962,SPRF-SC,DEL04-SC,UOP03-DEL04-SC,2022
"421387,0",2022-03-18,sexta-feira,22:30:00,SC,101,"194,2",BIGUACU,Ausência de reação do condutor,Atropelamento de Pedestre,Com Vítimas Feridas,Plena Noite,Crescente,Chuva,Múltipla,Reta,Sim,2,0,1,0,1,0,1,2,-27.49815117,-48.65661236,SPRF-SC,DEL01-SC,UOP01-DEL01-SC,2022
"421388,0",2022-03-18,sexta-feira,22:15:00,SC,116,"1,7",MAFRA,Transitar na contramão,Colisão frontal,Com Vítimas Feridas,Plena Noite,Crescente,Chuva,Dupla,Interseção de Vias,Não,2,0,2,0,0,0,2,2,-26.1170929,-49.78694917,SPRF-SC,DEL06-SC,UOP01-DEL06-SC,2022
"421402,0",2022-03-18,sexta-feira,23:30:00,SC,101,"118,5",ITAJAI,Ausência de reação do condutor,Capotamento,Sem Vítimas,Plena Noite,Decrescente,Chuva,Dupla,Reta,Não,1,0,0,0,1,0,0,1,-26.895859,-48.71903,SPRF-SC,DEL04-SC,UOP04-DEL04-SC,2022
"421421,0",2022-03-19,sábado,03:00:00,SC,101,"207,0",SAO JOSE,Ingestão de álcool pelo condutor,Colisão com objeto,Sem Vítimas,Plena Noite,Decrescente,Garoa/Chuvisco,Dupla,Reta,Não,1,0,0,0,1,0,0,1,-27.60001226,-48.6226467,SPRF-SC,DEL01-SC,UOP01-DEL01-SC,2022
"421442,0",2022-03-19,sábado,05:15:00,SC,470,"70,0",INDAIAL,Acessar a via sem observar a presença dos outros veículos,Colisão lateral mesmo sentido,Com Vítimas Feridas,Amanhecer,Crescente,Nublado,Simples,Reta,Não,3,0,1,1,1,0,2,2,-26.889374,-49.254478,SPRF-SC,DEL04-SC,UOP01-DEL04-SC,2022
"421443,0",2022-03-19,sábado,05:20:00,SC,101,"218,5",PALHOCA,Velocidade Incompatível,Colisão traseira,Com Vítimas Feridas,Amanhecer,Crescente,Nublado,Múltipla,Reta,Sim,2,0,0,1,0,1,1,2,-27.6758601,-48.67052525,SPRF-SC,DEL01-SC,UOP02-DEL01-SC,2022
"421445,0",2022-03-19,sábado,05:00:00,SC,116,"210,1",PONTE ALTA,Velocidade Incompatível,Saída de leito carroçável,Com Vítimas Feridas,Amanhecer,Crescente,Chuva,Simples,Reta,Não,1,0,1,0,0,0,1,1,-27.50285695,-50.36575969,SPRF-SC,DEL05-SC,UOP03-DEL05-SC,2022
"421451,0",2022-03-19,sábado,03:30:00,SC,280,"55,5",GUARAMIRIM,Reação tardia ou ineficiente do condutor,Saída de leito carroçável,Sem Vítimas,Plena Noite,Decrescente,Chuva,Simples,Reta;Viaduto;Interseção de Vias,Sim,1,0,0,0,0,1,0,1,-26.47908191,-49.00067568,SPRF-SC,DEL03-SC,UOP03-DEL03-SC,2022
"421457,0",2022-03-19,sábado,05:50:00,SC,101,"155,3",PORTO BELO,Condutor deixou de manter distância do veículo da frente,Colisão traseira,Com Vítimas Feridas,Pleno dia,Decrescente,Nublado,Simples,Reta,Sim,2,0,0,1,1,0,1,2,-27.16292,-48.61129,SPRF-SC,DEL04-SC,UOP03-DEL04-SC,2022
"421511,0",2022-03-19,sábado,11:50:00,SC,470,"55,8",BLUMENAU,Acessar a via sem observar a presença dos outros veículos,Colisão transversal,Com Vítimas Feridas,Pleno dia,Decrescente,Sol,Simples,Reta,Sim,2,0,1,0,1,0,1,2,-26.875601,-49.117992,SPRF-SC,DEL04-SC,UOP01-DEL04-SC,2022
"421517,0",2022-03-19,sábado,12:10:00,SC,101,"40,0",JOINVILLE,Ausência de reação do condutor,Saída de leito carroçável,Com Vítimas Feridas,Pleno dia,Crescente,Céu Claro,Simples,Reta,Não,1,0,1,0,0,0,1,1,-26.30502432,-48.88169289,SPRF-SC,DEL03-SC,UOP01-DEL03-SC,2022
"421521,0",2022-03-19,sábado,11:10:00,SC,101,"270,0",IMBITUBA,Ausência de reação do condutor,Saída de leito carroçável,Com Vítimas Feridas,Pleno dia,Decrescente,Nublado,Dupla,Viaduto;Interseção de Vias,Não,1,0,1,0,0,0,1,1,-28.1015411,-48.70410641,SPRF-SC,DEL02-SC,UOP03-DEL02-SC,2022
"421524,0",2022-03-19,sábado,14:30:00,SC,101,"115,0",ITAJAI,Trafegar com motocicleta (ou similar) entre as faixas,Tombamento,Com Vítimas Feridas,Pleno dia,Decrescente,Céu Claro,Dupla,Reta,Não,1,0,0,1,0,0,1,1,-26.87064015,-48.72954134,SPRF-SC,DEL04-SC,UOP04-DEL04-SC,2022
"421534,0",2022-03-19,sábado,15:40:00,SC,101,"44,0",JOINVILLE,Reação tardia ou ineficiente do condutor,Queda de ocupante de veículo,Com Vítimas Feridas,Pleno dia,Crescente,Nublado,Simples,Reta,Sim,1,0,1,0,0,0,1,1,-26.31238996,-48.87458997,SPRF-SC,DEL03-SC,UOP01-DEL03-SC,2022
"421538,0",2022-03-19,sábado,16:00:00,SC,101,"154,6",PORTO BELO,Manobra de mudança de faixa,Colisão traseira,Com Vítimas Feridas,Pleno dia,Decrescente,Nublado,Múltipla,Reta,Não,2,0,1,0,1,0,1,2,-27.153819,-48.61086393,SPRF-SC,DEL04-SC,UOP03-DEL04-SC,2022
"421553,0",2022-03-19,sábado,13:28:00,SC,101,"197,7",BIGUACU,Velocidade Incompatível,Colisão com objeto,Com Vítimas Fatais,Pleno dia,Crescente,Nublado,Múltipla,Curva,Sim,1,1,0,0,0,0,0,1,-27.524575,-48.636414,SPRF-SC,DEL01-SC,UOP01-DEL01-SC,2022
"421561,0",2022-03-19,sábado,09:05:00,SC,101,"320,0",PESCARIA BRAVA,Desrespeitar a preferência no cruzamento,Colisão transversal,Com Vítimas Feridas,Pleno dia,Decrescente,Nublado,Múltipla,Interseção de Vias,Sim,2,0,1,0,1,0,1,2,-28.42423208,-48.89603426,SPRF-SC,DEL02-SC,UOP01-DEL02-SC,2022
"421569,0",2022-03-19,sábado,18:45:00,SC,280,"26,0",ARAQUARI,Ultrapassagem Indevida,Colisão frontal,Com Vítimas Feridas,Anoitecer,Decrescente,Nublado,Simples,Em Obras,Sim,3,0,2,0,0,1,2,3,-26.38972308,-48.73411593,SPRF-SC,DEL03-SC,UOP03-DEL03-SC,2022
"421592,0",2022-03-19,sábado,20:30:00,SC,280,"48,2",GUARAMIRIM,Acessar a via sem observar a presença dos outros veículos,Colisão transversal,Com Vítimas Feridas,Plena Noite,Crescente,Chuva,Simples,Reta,Sim,2,0,1,0,1,0,1,2,-26.45506795,-48.92766502,SPRF-SC,DEL03-SC,UOP03-DEL03-SC,2022
"421612,0",2022-03-19,sábado,19:25:00,SC,470,"314,0",CAMPOS NOVOS,Condutor Dormindo,Saída de leito carroçável,Com Vítimas Feridas,Plena Noite,Decrescente,Céu Claro,Simples,Reta,Não,2,0,1,0,1,0,1,2,-27.39465989,-51.19271636,SPRF-SC,DEL07-SC,UOP06-DEL07-SC,2022
"421613,0",2022-03-19,sábado,09:40:00,SC,101,"195,0",BIGUACU,Deficiência do Sistema de Iluminação/Sinalização,Tombamento,Com Vítimas Feridas,Pleno dia,Decrescente,Chuva,Dupla,Reta,Sim,2,0,1,0,1,0,1,1,-27.50206689,-48.65235329,SPRF-SC,DEL01-SC,UOP01-DEL01-SC,2022
"421614,0",2022-03-19,sábado,21:13:00,SC,116,"5,4",MAFRA,Ingestão de álcool pelo condutor,Colisão traseira,Com Vítimas Feridas,Plena Noite,Crescente,Nublado,Simples,Reta,Sim,4,0,1,0,3,0,1,2,-26.14094396,-49.81508303,SPRF-SC,DEL06-SC,UOP01-DEL06-SC,2022
"421638,0",2022-03-19,sábado,20:55:00,SC,101,"457,4",SAO JOAO DO SUL,Ingestão de álcool pelo condutor,Colisão com objeto,Sem Vítimas,Plena Noite,Crescente,Nublado,Dupla,Reta,Não,1,0,0,0,1,0,0,1,-29.2321129,-49.7583037,SPRF-SC,DEL02-SC,UOP02-DEL02-SC,2022
"421651,0",2022-03-20,domingo,00:05:00,SC,153,"69,7",IRANI,Velocidade Incompatível,Saída de leito carroçável,Com Vítimas Feridas,Plena Noite,Decrescente,Céu Claro,Simples,Curva,Não,1,0,1,0,0,0,1,1,-27.052947,-51.888056,SPRF-SC,DEL07-SC,UOP04-DEL07-SC,2022
"421657,0",2022-03-19,sábado,23:30:00,SC,470,"243,9",CURITIBANOS,Transitar na contramão,Colisão lateral sentido oposto,Com Vítimas Feridas,Plena Noite,Crescente,Nublado,Simples,Curva,Não,3,0,2,0,1,0,2,2,-27.31655982,-50.52526474,SPRF-SC,DEL05-SC,UOP03-DEL05-SC,2022
"421660,0",2022-03-20,domingo,02:30:00,SC,101,"137,0",BALNEARIO CAMBORIU,Ausência de reação do condutor,Saída de leito carroçável,Com Vítimas Feridas,Plena Noite,Crescente,Nublado,Múltipla,Reta,Sim,2,0,1,1,0,0,2,1,-27.0157238,-48.61192763,SPRF-SC,DEL04-SC,UOP03-DEL04-SC,2022
"421669,0",2022-03-20,domingo,04:10:00,SC,101,"197,0",BIGUACU,Ingestão de álcool pelo condutor,Saída de leito carroçável,Com Vítimas Feridas,Pleno dia,Decrescente,Céu Claro,Dupla,Curva,Sim,2,0,1,1,0,0,2,1,-27.51844497,-48.63848496,SPRF-SC,DEL01-SC,UOP01-DEL01-SC,2022
"421671,0",2022-03-20,domingo,03:20:00,SC,282,"578,0",PINHALZINHO,Velocidade Incompatível,Saída de leito carroçável,Sem Vítimas,Plena Noite,Crescente,Garoa/Chuvisco,Simples,Declive,Não,1,0,0,0,0,1,0,1,-26.838364,-52.985279,SPRF-SC,DEL07-SC,UOP02-DEL07-SC,2022
"421676,0",2022-03-20,domingo,05:10:00,SC,280,"30,0",ARAQUARI,Velocidade Incompatível,Saída de leito carroçável,Sem Vítimas,Plena Noite,Crescente,Garoa/Chuvisco,Simples,Reta,Sim,1,0,0,0,0,1,0,1,-26.4141523,-48.76209493,SPRF-SC,DEL03-SC,UOP03-DEL03-SC,2022
"421693,0",2022-03-20,domingo,07:45:00,SC,101,"119,0",ITAJAI,Reação tardia ou ineficiente do condutor,Saída de leito carroçável,Com Vítimas Feridas,Pleno dia,Decrescente,Céu Claro,Múltipla,Reta,Não,1,0,1,0,0,0,1,1,-26.895859,-48.71903,SPRF-SC,DEL04-SC,UOP04-DEL04-SC,2022
"421745,0",2022-03-20,domingo,12:30:00,SC,101,"288,0",IMBITUBA,Desrespeitar a preferência no cruzamento,Colisão frontal,Com Vítimas Feridas,Pleno dia,Crescente,Nublado,Simples,Interseção de Vias;Reta,Não,2,0,0,1,1,0,1,2,-28.26498312,-48.70276809,SPRF-SC,DEL02-SC,UOP03-DEL02-SC,2022
"421756,0",2022-03-20,domingo,15:20:00,SC,101,"210,8",SAO JOSE,Velocidade Incompatível,Tombamento,Com Vítimas Feridas,Pleno dia,Decrescente,Céu Claro,Simples,Interseção de Vias,Não,2,0,1,1,0,0,2,1,-27.62161275,-48.64984458,SPRF-SC,DEL01-SC,UOP01-DEL01-SC,2022
"421783,0",2022-03-20,domingo,16:38:00,SC,470,"139,8",RIO DO SUL,Ultrapassagem Indevida,Atropelamento de Pedestre,Com Vítimas Feridas,Pleno dia,Decrescente,Sol,Simples,Interseção de Vias;Reta,Sim,4,0,1,1,0,2,2,2,-27.20260822,-49.63431001,SPRF-SC,DEL04-SC,UOP02-DEL04-SC,2022
"421788,0",2022-03-20,domingo,18:45:00,SC,101,"155,0",PORTO BELO,Velocidade Incompatível,Saída de leito carroçável,Com Vítimas Feridas,Plena Noite,Crescente,Céu Claro,Simples,Curva,Não,1,0,0,1,0,0,1,1,-27.16292,-48.61129,SPRF-SC,DEL04-SC,UOP03-DEL04-SC,2022
"421798,0",2022-03-20,domingo,19:48:00,SC,101,"39,3",JOINVILLE,Velocidade Incompatível,Colisão lateral mesmo sentido,Sem Vítimas,Plena Noite,Decrescente,Chuva,Simples,Reta;Declive,Sim,2,0,0,0,2,0,0,2,-26.2628107,-48.90192257,SPRF-SC,DEL03-SC,UOP01-DEL03-SC,2022
"421815,0",2022-03-20,domingo,20:40:00,SC,101,"156,0",PORTO BELO,Ingestão de álcool pelo condutor,Saída de leito carroçável,Com Vítimas Feridas,Plena Noite,Crescente,Chuva,Múltipla,Reta,Não,3,0,1,2,0,0,3,1,-27.172272,-48.61170204,SPRF-SC,DEL04-SC,UOP03-DEL04-SC,2022
"421826,0",2022-03-20,domingo,20:05:00,SC,101,"258,5",PAULO LOPES,Reação tardia ou ineficiente do condutor,Colisão com objeto,Com Vítimas Feridas,Plena Noite,Decrescente,Chuva,Dupla,Reta,Não,1,0,1,0,0,0,1,1,-27.9927444,-48.64643097,SPRF-SC,DEL02-SC,UOP03-DEL02-SC,2022
"421838,0",2022-03-21,segunda-feira,00:40:00,SC,101,"102,2",BALNEARIO PICARRAS,Acumulo de água sobre o pavimento,Tombamento,Com Vítimas Feridas,Plena Noite,Crescente,Chuva,Dupla,Curva,Não,1,0,1,0,0,0,1,1,-26.77383397,-48.68594062,SPRF-SC,DEL03-SC,UOP02-DEL03-SC,2022
"421853,0",2022-03-21,segunda-feira,04:15:00,SC,282,"367,0",ERVAL VELHO,Condutor Dormindo,Tombamento,Com Vítimas Feridas,Plena Noite,Decrescente,Nublado,Simples,Reta,Não,1,0,1,0,0,0,1,1,-27.287449,-51.425842,SPRF-SC,DEL07-SC,UOP05-DEL07-SC,2022
"421854,0",2022-03-21,segunda-feira,04:20:00,SC,470,"58,2",BLUMENAU,Ingestão de álcool e/ou substâncias psicoativas pelo pedestre,Saída de leito carroçável,Com Vítimas Feridas,Plena Noite,Decrescente,Garoa/Chuvisco,Simples,Reta,Sim,1,0,1,0,0,0,1,1,-26.88423452,-49.14931297,SPRF-SC,DEL04-SC,UOP01-DEL04-SC,2022
"421866,0",2022-03-21,segunda-feira,06:10:00,SC,101,"190,7",BIGUACU,Ingestão de álcool pelo condutor,Saída de leito carroçável,Sem Vítimas,Amanhecer,Crescente,Chuva,Dupla,Reta,Não,2,0,0,0,2,0,0,1,-27.468056,-48.641712,SPRF-SC,DEL01-SC,UOP01-DEL01-SC,2022
"421877,0",2022-03-21,segunda-feira,06:50:00,SC,101,"200,0",SAO JOSE,Manobra de mudança de faixa,Colisão lateral mesmo sentido,Com Vítimas Feridas,Pleno dia,Crescente,Chuva,Múltipla,Reta,Não,2,0,0,1,1,0,1,2,-27.54018513,-48.62287714,SPRF-SC,DEL01-SC,UOP01-DEL01-SC,2022
"421944,0",2022-03-21,segunda-feira,12:00:00,SC,163,"3,4",DIONISIO CERQUEIRA,Transitar na contramão,Colisão frontal,Com Vítimas Feridas,Pleno dia,Decrescente,Céu Claro,Simples,Reta,Não,2,0,1,0,1,0,1,2,-26.2613,-53.6206,SPRF-SC,DEL07-SC,UOP03-DEL07-SC,2022
"421962,0",2022-03-21,segunda-feira,17:00:00,SC,101,"108,0",PENHA,Condutor deixou de manter distância do veículo da frente,Tombamento,Com Vítimas Feridas,Pleno dia,Crescente,Chuva,Dupla,Curva,Não,1,0,1,0,0,0,1,1,-26.82606902,-48.69052298,SPRF-SC,DEL03-SC,UOP02-DEL03-SC,2022
"421970,0",2022-03-21,segunda-feira,17:45:00,SC,101,"216,0",PALHOCA,Ausência de reação do condutor,Colisão lateral mesmo sentido,Com Vítimas Feridas,Anoitecer,Crescente,Chuva,Múltipla,Reta,Sim,2,0,1,0,1,0,1,2,-27.65981409,-48.67747798,SPRF-SC,DEL01-SC,UOP02-DEL01-SC,2022
"421986,0",2022-03-21,segunda-feira,18:50:00,SC,101,"146,0",ITAPEMA,Chuva,Queda de ocupante de veículo,Com Vítimas Feridas,Plena Noite,Crescente,Chuva,Dupla,Reta,Sim,1,0,1,0,0,0,1,1,-27.08666525,-48.60955587,SPRF-SC,DEL04-SC,UOP03-DEL04-SC,2022
"421992,0",2022-03-21,segunda-feira,18:50:00,SC,282,"1,8",FLORIANOPOLIS,Demais falhas mecânicas ou elétricas,Incêndio,Sem Vítimas,Plena Noite,Crescente,Chuva,Múltipla,Reta,Sim,1,0,0,0,1,0,0,1,-27.602955,-48.580509,SPRF-SC,DEL01-SC,UOP01-DEL01-SC,2022
"422002,0",2022-03-21,segunda-feira,17:35:00,SC,470,"1,0",GASPAR,Conversão proibida,Colisão lateral mesmo sentido,Com Vítimas Feridas,Anoitecer,Crescente,Nublado,Simples,Reta,Sim,2,0,1,0,1,0,1,2,-26.93187,-48.959316,SPRF-SC,DEL04-SC,UOP01-DEL04-SC,2022
"422013,0",2022-03-21,segunda-feira,22:20:00,SC,280,"56,8",GUARAMIRIM,Reação tardia ou ineficiente do condutor,Saída de leito carroçável,Com Vítimas Feridas,Plena Noite,Decrescente,Chuva,Simples,Reta,Sim,1,0,1,0,0,0,1,1,-26.47833284,-48.99932384,SPRF-SC,DEL03-SC,UOP03-DEL03-SC,2022
"422018,0",2022-03-21,segunda-feira,23:30:00,SC,116,"245,5",LAGES,Reação tardia ou ineficiente do condutor,Saída de leito carroçável,Com Vítimas Feridas,Plena Noite,Crescente,Garoa/Chuvisco,Simples,Rotatória,Sim,1,0,1,0,0,0,1,1,-27.800264,-50.363794,SPRF-SC,DEL05-SC,UOP02-DEL05-SC,2022
"422032,0",2022-03-22,terça-feira,06:00:00,SC,101,"141,6",BALNEARIO CAMBORIU,Reação tardia ou ineficiente do condutor,Colisão com objeto,Com Vítimas Feridas,Pleno dia,Crescente,Nublado,Simples,Reta,Não,2,0,1,0,1,0,1,1,-27.04761729,-48.59995855,SPRF-SC,DEL04-SC,UOP03-DEL04-SC,2022
"422039,0",2022-03-22,terça-feira,07:53:00,SC,101,"180,4",BIGUACU,Acessar a via sem observar a presença dos outros veículos,Colisão transversal,Com Vítimas Fatais,Pleno dia,Crescente,Nublado,Múltipla,Interseção de Vias,Sim,3,1,0,0,1,1,0,3,-27.38560059,-48.6317271,SPRF-SC,DEL01-SC,UOP01-DEL01-SC,2022
"422043,0",2022-03-22,terça-feira,07:40:00,SC,101,"197,9",BIGUACU,Ingestão de álcool pelo condutor,Colisão traseira,Com Vítimas Feridas,Pleno dia,Crescente,Garoa/Chuvisco,Múltipla,Reta,Sim,3,0,1,0,2,0,1,3,-27.51844497,-48.63848496,SPRF-SC,DEL01-SC,UOP01-DEL01-SC,2022
"422044,0",2022-03-22,terça-feira,07:50:00,SC,101,"206,0",SAO JOSE,Condutor deixou de manter distância do veículo da frente,Colisão traseira,Com Vítimas Feridas,Pleno dia,Decrescente,Nublado,Múltipla,Reta,Sim,2,0,1,0,1,0,1,2,-27.59193546,-48.61824557,SPRF-SC,DEL01-SC,UOP01-DEL01-SC,2022
"422061,0",2022-03-22,terça-feira,08:50:00,SC,101,"209,8",SAO JOSE,Condutor deixou de manter distância do veículo da frente,Colisão traseira,Com Vítimas Feridas,Pleno dia,Decrescente,Chuva,Dupla,Reta,Sim,2,0,1,0,1,0,1,2,-27.61000542,-48.63895057,SPRF-SC,DEL01-SC,UOP01-DEL01-SC,2022
"422088,0",2022-03-14,segunda-feira,22:25:00,SC,280,"57,5",GUARAMIRIM,Ingestão de álcool pelo condutor,Colisão traseira,Com Vítimas Feridas,Plena Noite,Crescente,Nublado,Dupla,Reta,Sim,3,0,1,0,1,1,1,3,-26.47811421,-49.01259213,SPRF-SC,DEL03-SC,UOP03-DEL03-SC,2022
"422089,0",2022-01-05,quarta-feira,19:00:00,SC,280,"123,6",RIO NEGRINHO,Demais falhas mecânicas ou elétricas,Saída de leito carroçável,Com Vítimas Feridas,Plena Noite,Crescente,Chuva,Simples,Curva,Não,1,0,0,1,0,0,1,1,-26.23707363,-49.48757172,SPRF-SC,DEL06-SC,UOP03-DEL06-SC,2022
"422118,0",2022-03-22,terça-feira,14:59:00,SC,470,"5,8",NAVEGANTES,Velocidade Incompatível,Colisão traseira,Sem Vítimas,Pleno dia,Decrescente,Céu Claro,Dupla,Reta,Não,2,0,0,0,2,0,0,2,-26.855688,-48.700333,SPRF-SC,DEL04-SC,UOP04-DEL04-SC,2022
"422138,0",2022-01-23,domingo,21:30:00,SC,282,"622,5",IRACEMINHA,Velocidade Incompatível,Colisão frontal,Com Vítimas Feridas,Plena Noite,Decrescente,Nublado,Simples,Curva,Não,2,0,0,1,0,1,1,2,-26.797441,-53.323349,SPRF-SC,DEL07-SC,UOP02-DEL07-SC,2022
"422142,0",2022-03-22,terça-feira,17:20:00,SC,282,"216,0",LAGES,Retorno proibido,Colisão transversal,Com Vítimas Feridas,Pleno dia,Crescente,Céu Claro,Simples,Declive,Sim,3,0,1,0,0,2,1,3,-27.797529,-50.291862,SPRF-SC,DEL05-SC,UOP01-DEL05-SC,2022
"422147,0",2022-03-22,terça-feira,17:30:00,SC,470,"42,9",GASPAR,Conversão proibida,Colisão transversal,Com Vítimas Feridas,Pleno dia,Crescente,Céu Claro,Simples,Em Obras,Não,2,0,1,0,1,0,1,2,-26.875719,-49.003746,SPRF-SC,DEL04-SC,UOP01-DEL04-SC,2022
"422156,0",2022-03-22,terça-feira,17:40:00,SC,282,"395,0",JOACABA,Acessar a via sem observar a presença dos outros veículos,Colisão transversal,Com Vítimas Feridas,Anoitecer,Crescente,Céu Claro,Simples,Curva,Não,3,0,2,0,1,0,2,2,-27.156887,-51.592079,SPRF-SC,DEL07-SC,UOP05-DEL07-SC,2022
"422173,0",2022-03-22,terça-feira,20:10:00,SC,280,"125,3",RIO NEGRINHO,Ingestão de álcool pelo condutor,Colisão traseira,Com Vítimas Feridas,Plena Noite,Crescente,Nublado,Simples,Reta,Não,2,0,1,0,1,0,1,2,-26.23763684,-49.48434497,SPRF-SC,DEL06-SC,UOP03-DEL06-SC,2022
"422195,0",2022-03-23,quarta-feira,00:20:00,SC,101,"196,0",BIGUACU,Reação tardia ou ineficiente do condutor,Saída de leito carroçável,Sem Vítimas,Plena Noite,Crescente,Garoa/Chuvisco,Múltipla,Reta,Sim,1,0,0,0,1,0,0,1,-27.51101091,-48.64322292,SPRF-SC,DEL01-SC,UOP01-DEL01-SC,2022
"422202,0",2022-03-23,quarta-feira,03:10:00,SC,101,"205,0",SAO JOSE,Ingestão de álcool pelo condutor,Colisão com objeto,Sem Vítimas,Plena Noite,Decrescente,Céu Claro,Múltipla,Reta,Sim,1,0,0,0,0,1,0,1,-27.58313237,-48.61532885,SPRF-SC,DEL01-SC,UOP01-DEL01-SC,2022
"422217,0",2022-03-23,quarta-feira,06:45:00,SC,101,"311,7",LAGUNA,Desrespeitar a preferência no cruzamento,Colisão transversal,Com Vítimas Feridas,Pleno dia,Decrescente,Nublado,Dupla,Rotatória,Sim,2,0,1,0,1,0,1,2,-28.42531311,-48.80068884,SPRF-SC,DEL02-SC,UOP01-DEL02-SC,2022
"422257,0",2022-03-23,quarta-feira,12:00:00,SC,101,"56,0",JOINVILLE,Demais falhas mecânicas ou elétricas,Queda de ocupante de veículo,Com Vítimas Feridas,Pleno dia,Crescente,Nublado,Dupla,Reta,Não,1,0,1,0,0,0,1,1,-26.43207484,-48.82263984,SPRF-SC,DEL03-SC,UOP01-DEL03-SC,2022
"422273,0",2022-03-23,quarta-feira,13:40:00,SC,101,"290,0",IMBITUBA,Pedestre andava na pista,Atropelamento de Pedestre,Com Vítimas Feridas,Pleno dia,Decrescente,Nublado,Dupla,Reta,Sim,2,0,1,0,1,0,1,2,-28.25395282,-48.70289554,SPRF-SC,DEL02-SC,UOP03-DEL02-SC,2022
"422279,0",2022-03-15,terça-feira,12:15:00,SC,282,"226,0",LAGES,Acessar a via sem observar a presença dos outros veículos,Colisão frontal,Com Vítimas Feridas,Pleno dia,Crescente,Sol,Simples,Reta,Não,2,0,0,1,1,0,1,2,-27.795473,-50.389488,SPRF-SC,DEL05-SC,UOP02-DEL05-SC,2022
"422292,0",2022-03-23,quarta-feira,17:10:00,SC,280,"28,0",ARAQUARI,Transitar no acostamento,Colisão transversal,Com Vítimas Feridas,Pleno dia,Crescente,Nublado,Simples,Reta,Sim,2,0,1,0,1,0,1,2,-26.40450077,-48.74561031,SPRF-SC,DEL03-SC,UOP03-DEL03-SC,2022
"422311,0",2022-03-23,quarta-feira,18:35:00,SC,116,"6,9",MAFRA,Reação tardia ou ineficiente do condutor,Colisão traseira,Sem Vítimas,Anoitecer,Decrescente,Nublado,Simples,Reta,Sim,2,0,0,0,2,0,0,2,-26.14644691,-49.82305806,SPRF-SC,DEL06-SC,UOP01-DEL06-SC,2022
"422336,0",2022-03-23,quarta-feira,19:00:00,SC,470,"145,1",RIO DO SUL,Entrada inopinada do pedestre,Atropelamento de Pedestre,Com Vítimas Fatais,Plena Noite,Decrescente,Garoa/Chuvisco,Simples,Curva,Sim,3,1,0,0,2,0,0,2,-27.23311994,-49.67275143,SPRF-SC,DEL04-SC,UOP02-DEL04-SC,2022