id,data_inversa,dia_semana,horario,uf,br,km,municipio,causa_acidente,tipo_acidente,classificacao_acidente,fase_dia,sentido_via,condicao_metereologica,tipo_pista,tracado_via,uso_solo,pessoas,mortos,feridos_leves,feridos_graves,ilesos,ignorados,feridos,veiculos,latitude,longitude,regional,delegacia,uop,ano_arquivo
"422338,0",2022-03-23,quarta-feira,20:10:00,SC,101,"397,2",MARACAJA,Velocidade Incompatível,Colisão com objeto,Sem Vítimas,Plena Noite,Decrescente,Chuva,Múltipla,Curva;Viaduto,Sim,1,0,0,0,0,1,0,1,-28.84433257,-49.431476,SPRF-SC,DEL02-SC,UOP02-DEL02-SC,2022
"422345,0",2022-03-23,quarta-feira,22:05:00,SC,101,"201,5",SAO JOSE,Ausência de reação do condutor,Colisão traseira,Com Vítimas Feridas,Plena Noite,Decrescente,Nublado,Múltipla,Reta,Não,2,0,2,0,0,0,2,2,-27.54836599,-48.61977975,SPRF-SC,DEL01-SC,UOP01-DEL01-SC,2022
"422351,0",2022-03-23,quarta-feira,18:10:00,SC,470,"67,0",INDAIAL,Ingestão de álcool pelo condutor,Colisão frontal,Com Vítimas Feridas,Anoitecer,Crescente,Garoa/Chuvisco,Simples,Desvio Temporário,Sim,2,0,1,0,1,0,1,2,-26.872158,-49.23127,SPRF-SC,DEL04-SC,UOP01-DEL04-SC,2022
"422354,0",2022-03-23,quarta-feira,23:15:00,SC,101,"198,2",BIGUACU,Ausência de reação do condutor,Queda de ocupante de veículo,Com Vítimas Feridas,Pleno dia,Decrescente,Nublado,Múltipla,Reta,Não,1,0,1,0,0,0,1,1,-27.52658712,-48.63506019,SPRF-SC,DEL01-SC,UOP01-DEL01-SC,2022
"422365,0",2022-03-23,quarta-feira,22:45:00,SC,101,"207,0",SAO JOSE,Ausência de reação do condutor,Colisão com objeto,Sem Vítimas,Plena Noite,Crescente,Nublado,Múltipla,Aclive,Sim,1,0,0,0,0,1,0,1,-27.60001226,-48.6226467,SPRF-SC,DEL01-SC,UOP01-DEL01-SC,2022
"422373,0",2022-03-24,quinta-feira,02:50:00,SC,101,"107,0",PENHA,Ingestão de álcool e/ou substâncias psicoativas pelo pedestre,Saída de leito carroçável,Com Vítimas Feridas,Plena Noite,Crescente,Nublado,Dupla,Reta,Não,1,0,1,0,0,0,1,1,-26.81930608,-48.68390282,SPRF-SC,DEL03-SC,UOP02-DEL03-SC,2022
"422375,0",2022-03-24,quinta-feira,04:40:00,SC,101,"191,0",BIGUACU,Condutor deixou de manter distância do veículo da frente,Queda de ocupante de veículo,Com Vítimas Feridas,Plena Noite,Decrescente,Céu Claro,Dupla,Reta,Sim,1,0,1,0,0,0,1,1,-27.47730273,-48.64127329,SPRF-SC,DEL01-SC,UOP01-DEL01-SC,2022
"422379,0",2022-03-24,quinta-feira,06:00:00,SC,101,"207,0",SAO JOSE,Ausência de reação do condutor,Queda de ocupante de veículo,Com Vítimas Feridas,Pleno dia,Decrescente,Céu Claro,Dupla,Reta,Sim,1,0,0,1,0,0,1,1,-27.60001226,-48.6226467,SPRF-SC,DEL01-SC,UOP01-DEL01-SC,2022
"422403,0",2022-03-24,quinta-feira,07:20:00,SC,282,"250,0",LAGES,Chuva,Colisão frontal,Com Vítimas Feridas,Amanhecer,Decrescente,Chuva,Simples,Reta,Não,3,0,2,1,0,0,3,2,-27.697491,-50.543484,SPRF-SC,DEL05-SC,UOP02-DEL05-SC,2022
"422421,0",2022-03-24,quinta-feira,09:30:00,SC,101,"327,1",CAPIVARI DE BAIXO,Acumulo de água sobre o pavimento,Capotamento,Com Vítimas Feridas,Pleno dia,Crescente,Chuva,Múltipla,Viaduto;Aclive;Reta,Não,2,0,1,0,1,0,1,1,-28.439056,-48.962198,SPRF-SC,DEL02-SC,UOP01-DEL02-SC,2022
"422426,0",2022-03-24,quinta-feira,10:35:00,SC,101,"460,0",PASSO DE TORRES,Acessar a via sem observar a presença dos outros veículos,Colisão transversal,Com Vítimas Feridas,Pleno dia,Decrescente,Céu Claro,Dupla,Reta,Sim,3,0,1,0,2,0,1,2,-29.25788799,-49.7565232,SPRF-RS,DEL03-RS,UOP02-DEL03-RS,2022
"422435,0",2022-03-24,quinta-feira,10:50:00,SC,101,"204,1",SAO JOSE,Trafegar com motocicleta (ou similar) entre as faixas,Colisão lateral mesmo sentido,Com Vítimas Feridas,Pleno dia,Crescente,Nublado,Múltipla,Reta,Sim,2,0,1,0,1,0,1,2,-27.57637449,-48.61332178,SPRF-SC,DEL01-SC,UOP01-DEL01-SC,2022
"422440,0",2022-03-24,quinta-feira,12:00:00,SC,101,"203,0",SAO JOSE,Manobra de mudança de faixa,Colisão traseira,Com Vítimas Feridas,Pleno dia,Decrescente,Chuva,Dupla,Reta,Sim,2,0,1,0,1,0,1,2,-27.5650044,-48.61460082,SPRF-SC,DEL01-SC,UOP01-DEL01-SC,2022
"422489,0",2022-03-24,quinta-feira,17:30:00,SC,101,"134,5",BALNEARIO CAMBORIU,Reação tardia ou ineficiente do condutor,Colisão transversal,Com Vítimas Feridas,Pleno dia,Decrescente,Chuva,Múltipla,Reta,Não,2,0,1,0,1,0,1,2,-27.00218,-48.636433,SPRF-SC,DEL04-SC,UOP03-DEL04-SC,2022
"422509,0",2022-03-24,quinta-feira,18:45:00,SC,101,"127,5",ITAJAI,Ausência de reação do condutor,Tombamento,Com Vítimas Feridas,Plena Noite,Crescente,Nublado,Dupla,Reta,Não,1,0,0,1,0,0,1,1,-26.9639319,-48.68328024,SPRF-SC,DEL04-SC,UOP04-DEL04-SC,2022
"422563,0",2022-03-25,sexta-feira,06:00:00,SC,282,"1,6",FLORIANOPOLIS,Condutor deixou de manter distância do veículo da frente,Colisão traseira,Com Vítimas Feridas,Pleno dia,Decrescente,Céu Claro,Múltipla,Reta,Sim,2,0,0,1,1,0,1,2,-27.602955,-48.580509,SPRF-SC,DEL01-SC,UOP01-DEL01-SC,2022
"422577,0",2022-03-19,sábado,05:40:00,SC,282,"552,4",NOVA ITABERABA,Obstrução na via,Colisão com objeto,Com Vítimas Feridas,Amanhecer,Crescente,Nublado,Simples,Curva,Não,1,0,1,0,0,0,1,1,-26.943676,-52.783813,SPRF-SC,DEL07-SC,UOP01-DEL07-SC,2022
"422579,0",2022-03-25,sexta-feira,07:20:00,SC,153,"111,0",CONCORDIA,Velocidade Incompatível,Queda de ocupante de veículo,Com Vítimas Feridas,Pleno dia,Crescente,Nublado,Simples,Curva,Não,1,0,1,0,0,0,1,1,-27.319271,-51.983299,SPRF-SC,DEL07-SC,UOP04-DEL07-SC,2022
"422593,0",2022-03-25,sexta-feira,08:25:00,SC,280,"18,0",SAO FRANCISCO DO SUL,Reação tardia ou ineficiente do condutor,Tombamento,Com Vítimas Feridas,Pleno dia,Decrescente,Nublado,Simples,Reta,Não,2,0,2,0,0,0,2,1,-26.36432495,-48.66444809,SPRF-SC,DEL03-SC,UOP03-DEL03-SC,2022
"422619,0",2022-03-25,sexta-feira,11:22:00,SC,101,"357,0",SANGAO,Ausência de reação do condutor,Colisão transversal,Com Vítimas Feridas,Pleno dia,Crescente,Céu Claro,Múltipla,Interseção de Vias;Retorno Regulamentado,Sim,2,0,0,1,1,0,1,2,-28.635168,-49.09467,SPRF-SC,DEL02-SC,UOP01-DEL02-SC,2022
"422621,0",2022-03-25,sexta-feira,11:55:00,SC,282,"6,0",SAO JOSE,Condutor deixou de manter distância do veículo da frente,Colisão lateral mesmo sentido,Com Vítimas Feridas,Pleno dia,Decrescente,Céu Claro,Múltipla,Aclive,Não,2,0,1,0,1,0,1,2,-27.591936,-48.618244,SPRF-SC,DEL01-SC,UOP01-DEL01-SC,2022
"422627,0",2022-03-25,sexta-feira,12:45:00,SC,470,"56,4",BLUMENAU,Ausência de reação do condutor,Colisão frontal,Com Vítimas Feridas,Pleno dia,Crescente,Nublado,Simples,Curva,Sim,6,0,3,0,3,0,3,3,-26.87674,-49.127743,SPRF-SC,DEL04-SC,UOP01-DEL04-SC,2022
"422651,0",2022-03-25,sexta-feira,13:50:00,SC,116,"173,4",SAO CRISTOVAO DO SUL,Ausência de reação do condutor,Saída de leito carroçável,Com Vítimas Feridas,Pleno dia,Crescente,Céu Claro,Múltipla,Curva,Não,1,0,0,1,0,0,1,1,-27.22007858,-50.46215773,SPRF-SC,DEL05-SC,UOP03-DEL05-SC,2022
"422683,0",2022-03-25,sexta-feira,18:25:00,SC,101,"195,5",BIGUACU,Trafegar com motocicleta (ou similar) entre as faixas,Colisão traseira,Com Vítimas Feridas,Plena Noite,Decrescente,Nublado,Múltipla,Reta,Sim,3,0,1,0,2,0,1,2,-27.50770046,-48.64662409,SPRF-SC,DEL01-SC,UOP01-DEL01-SC,2022
"422702,0",2022-03-25,sexta-feira,20:20:00,SC,470,"9,0",NAVEGANTES,Ultrapassagem Indevida,Colisão transversal,Com Vítimas Feridas,Plena Noite,Crescente,Nublado,Simples,Reta,Não,2,0,1,0,1,0,1,2,-26.833143,-48.727432,SPRF-SC,DEL04-SC,UOP04-DEL04-SC,2022
"422703,0",2022-03-25,sexta-feira,19:10:00,SC,470,"7,6",NAVEGANTES,Reação tardia ou ineficiente do condutor,Colisão frontal,Com Vítimas Feridas,Plena Noite,Crescente,Céu Claro,Simples,Reta,Não,3,0,2,1,0,0,3,2,-26.84499,-48.71505,SPRF-SC,DEL04-SC,UOP04-DEL04-SC,2022
"422715,0",2022-03-25,sexta-feira,20:00:00,SC,101,"151,3",ITAPEMA,Acessar a via sem observar a presença dos outros veículos,Colisão lateral mesmo sentido,Com Vítimas Feridas,Plena Noite,Decrescente,Nublado,Dupla,Reta,Sim,2,0,1,0,1,0,1,2,-27.126536,-48.609642,SPRF-SC,DEL04-SC,UOP03-DEL04-SC,2022
"422717,0",2022-01-02,domingo,09:40:00,SC,470,"101,0",APIUNA,Reação tardia ou ineficiente do condutor,Colisão transversal,Com Vítimas Feridas,Pleno dia,Decrescente,Sol,Simples,Reta,Não,4,0,2,1,1,0,3,2,-27.053085,-49.390018,SPRF-SC,DEL04-SC,UOP02-DEL04-SC,2022
"422729,0",2022-03-25,sexta-feira,22:55:00,SC,470,"144,8",RIO DO SUL,Ingestão de álcool pelo condutor,Tombamento,Com Vítimas Feridas,Plena Noite,Decrescente,Nublado,Simples,Reta,Não,1,0,1,0,0,0,1,1,-27.235138,-49.677608,SPRF-SC,DEL04-SC,UOP02-DEL04-SC,2022
"422740,0",2022-03-25,sexta-feira,22:00:00,SC,101,"148,0",ITAPEMA,Acessar a via sem observar a presença dos outros veículos,Colisão transversal,Com Vítimas Feridas,Plena Noite,Decrescente,Nublado,Simples,Reta,Sim,2,0,1,1,0,0,2,2,-27.10123686,-48.61807962,SPRF-SC,DEL04-SC,UOP03-DEL04-SC,2022
"422756,0",2022-03-26,sábado,03:00:00,SC,282,"222,0",LAGES,Ingestão de álcool pelo condutor,Saída de leito carroçável,Sem Vítimas,Pleno dia,Crescente,Nublado,Simples,Curva;Aclive,Não,1,0,0,0,1,0,0,1,-27.797739,-50.353409,SPRF-SC,DEL05-SC,UOP01-DEL05-SC,2022
"422758,0",2022-03-26,sábado,03:30:00,SC,158,"127,0",CAIBI,Ingestão de álcool pelo condutor,Saída de leito carroçável,Com Vítimas Feridas,Plena Noite,Decrescente,Céu Claro,Simples,Curva,Não,2,0,2,0,0,0,2,1,-26.99306612,-53.22738647,SPRF-SC,DEL07-SC,UOP02-DEL07-SC,2022
"422776,0",2022-03-26,sábado,01:15:00,SC,280,"83,7",CORUPA,Ingestão de álcool pelo condutor,Saída de leito carroçável,Com Vítimas Feridas,Plena Noite,Decrescente,Céu Claro,Simples,Curva,Sim,4,0,3,0,0,1,3,1,-26.43144723,-49.25158761,SPRF-SC,DEL06-SC,UOP03-DEL06-SC,2022
"422797,0",2022-03-26,sábado,08:20:00,SC,101,"204,0",SAO JOSE,Acessar a via sem observar a presença dos outros veículos,Colisão traseira,Com Vítimas Feridas,Pleno dia,Crescente,Céu Claro,Múltipla,Interseção de Vias,Sim,2,0,1,0,1,0,1,2,-27.57413014,-48.61363083,SPRF-SC,DEL01-SC,UOP01-DEL01-SC,2022
"422800,0",2022-03-26,sábado,09:00:00,SC,101,"133,8",BALNEARIO CAMBORIU,Acessar a via sem observar a presença dos outros veículos,Colisão transversal,Com Vítimas Feridas,Pleno dia,Crescente,Céu Claro,Dupla,Interseção de Vias,Sim,2,0,1,0,1,0,1,2,-26.99936,-48.64609,SPRF-SC,DEL04-SC,UOP03-DEL04-SC,2022
"422803,0",2022-03-26,sábado,09:49:00,SC,101,"119,0",ITAJAI,Condutor deixou de manter distância do veículo da frente,Colisão traseira,Sem Vítimas,Pleno dia,Decrescente,Céu Claro,Dupla,Reta,Sim,2,0,0,0,2,0,0,2,-26.9043179,-48.71555481,SPRF-SC,DEL04-SC,UOP04-DEL04-SC,2022
"422832,0",2022-03-26,sábado,12:10:00,SC,101,"205,6",SAO JOSE,Velocidade Incompatível,Colisão traseira,Com Vítimas Feridas,Pleno dia,Decrescente,Sol,Múltipla,Interseção de Vias;Reta,Sim,2,0,1,0,1,0,1,2,-27.58313237,-48.61532885,SPRF-SC,DEL01-SC,UOP01-DEL01-SC,2022
"422844,0",2022-03-26,sábado,13:40:00,SC,101,"196,8",BIGUACU,Animais na Pista,Atropelamento de Animal,Sem Vítimas,Pleno dia,Crescente,Sol,Múltipla,Reta,Sim,2,0,0,0,2,0,0,2,-27.51806876,-48.63849163,SPRF-SC,DEL01-SC,UOP01-DEL01-SC,2022
"422868,0",2022-03-26,sábado,15:30:00,SC,480,"130,8",CHAPECO,Condutor deixou de manter distância do veículo da frente,Colisão traseira,Sem Vítimas,Pleno dia,Decrescente,Céu Claro,Dupla,Reta,Sim,3,0,0,0,3,0,0,3,-27.062111,-52.633579,SPRF-SC,DEL07-SC,UOP01-DEL07-SC,2022
"422870,0",2022-03-26,sábado,16:20:00,SC,470,"145,8",AGRONOMICA,Acessar a via sem observar a presença dos outros veículos,Colisão transversal,Com Vítimas Feridas,Pleno dia,Crescente,Céu Claro,Simples,Reta,Sim,3,0,0,1,1,1,1,3,-27.23570513,-49.67880249,SPRF-SC,DEL04-SC,UOP02-DEL04-SC,2022
"422897,0",2022-03-26,sábado,19:40:00,SC,101,"195,0",BIGUACU,Transitar na contramão,Colisão transversal,Com Vítimas Feridas,Plena Noite,Decrescente,Céu Claro,Múltipla,Reta,Sim,2,0,1,0,1,0,1,2,-27.5047092,-48.65010819,SPRF-SC,DEL01-SC,UOP01-DEL01-SC,2022
"422908,0",2022-03-26,sábado,21:00:00,SC,280,"145,0",MAFRA,Manobra de mudança de faixa,Saída de leito carroçável,Com Vítimas Feridas,Plena Noite,Decrescente,Céu Claro,Simples,Curva,Não,1,0,0,1,0,0,1,1,-26.24950759,-49.65448427,SPRF-SC,DEL06-SC,UOP03-DEL06-SC,2022
"422919,0",2022-03-26,sábado,19:00:00,SC,280,"20,6",ARAQUARI,Acessar a via sem observar a presença dos outros veículos,Colisão transversal,Com Vítimas Feridas,Plena Noite,Decrescente,Garoa/Chuvisco,Simples,Interseção de Vias,Sim,2,0,0,1,0,1,1,2,-26.36990477,-48.68224301,SPRF-SC,DEL03-SC,UOP03-DEL03-SC,2022
"422927,0",2022-03-26,sábado,21:30:00,SC,280,"182,0",MAFRA,Ingestão de álcool pelo condutor,Colisão com objeto,Sem Vítimas,Plena Noite,Decrescente,Céu Claro,Simples,Ponte,Não,1,0,0,0,1,0,0,1,-26.17387829,-49.90623301,SPRF-SC,DEL06-SC,UOP01-DEL06-SC,2022
"422929,0",2022-03-26,sábado,19:35:00,SC,470,"289,5",BRUNOPOLIS,Ultrapassagem Indevida,Colisão frontal,Com Vítimas Fatais,Plena Noite,Decrescente,Céu Claro,Simples,Reta,Não,3,1,1,1,0,0,2,2,-27.333546,-50.95219,SPRF-SC,DEL07-SC,UOP06-DEL07-SC,2022
"422935,0",2022-03-26,sábado,22:45:00,SC,101,"107,8",PENHA,Reação tardia ou ineficiente do condutor,Colisão traseira,Sem Vítimas,Plena Noite,Decrescente,Céu Claro,Dupla,Reta,Não,2,0,0,0,1,1,0,2,-26.81930608,-48.68390282,SPRF-SC,DEL03-SC,UOP02-DEL03-SC,2022
"422939,0",2022-03-26,sábado,17:35:00,SC,101,"394,0",CRICIUMA,Reação tardia ou ineficiente do condutor,Saída de leito carroçável,Com Vítimas Feridas,Pleno dia,Decrescente,Céu Claro,Dupla,Reta,Não,6,0,5,1,0,0,6,1,-28.81326275,-49.38911611,SPRF-SC,DEL02-SC,UOP02-DEL02-SC,2022
"422940,0",2022-03-26,sábado,21:30:00,SC,101,"383,0",ICARA,Reação tardia ou ineficiente do condutor,Saída de leito carroçável,Com Vítimas Feridas,Plena Noite,Decrescente,Céu Claro,Dupla,Aclive;Reta,Não,1,0,1,0,0,0,1,1,-28.76882528,-49.30252075,SPRF-SC,DEL02-SC,UOP02-DEL02-SC,2022
"422944,0",2022-03-26,sábado,19:40:00,SC,101,"432,2",SOMBRIO,Ausência de sinalização,Colisão com objeto,Com Vítimas Feridas,Plena Noite,Decrescente,Céu Claro,Múltipla,Reta,Sim,3,0,2,0,1,0,2,2,-29.07326609,-49.62717768,SPRF-SC,DEL02-SC,UOP02-DEL02-SC,2022
"422950,0",2022-03-26,sábado,23:40:00,SC,470,"139,0",RIO DO SUL,Velocidade Incompatível,Tombamento,Com Vítimas Feridas,Pleno dia,Crescente,Céu Claro,Simples,Retorno Regulamentado,Sim,1,0,1,0,0,0,1,1,-27.20218837,-49.63383794,SPRF-SC,DEL04-SC,UOP02-DEL04-SC,2022
"422970,0",2022-03-27,domingo,03:00:00,SC,101,"127,0",ITAJAI,Ingestão de álcool pelo condutor,Colisão traseira,Sem Vítimas,Plena Noite,Decrescente,Céu Claro,Dupla,Curva,Não,2,0,0,0,2,0,0,2,-26.9639319,-48.68328024,SPRF-SC,DEL04-SC,UOP04-DEL04-SC,2022
"422983,0",2022-03-27,domingo,03:50:00,SC,101,"213,4",PALHOCA,Velocidade Incompatível,Colisão traseira,Com Vítimas Feridas,Plena Noite,Crescente,Céu Claro,Múltipla,Reta,Não,3,0,1,0,1,1,1,2,-27.63697369,-48.66514142,SPRF-SC,DEL01-SC,UOP02-DEL01-SC,2022
"422988,0",2022-03-27,domingo,06:00:00,SC,470,"7,0",NAVEGANTES,Reação tardia ou ineficiente do condutor,Capotamento,Sem Vítimas,Amanhecer,Crescente,Céu Claro,Dupla,Reta,Não,1,0,0,0,1,0,0,1,-26.84499,-48.71505,SPRF-SC,DEL04-SC,UOP04-DEL04-SC,2022
"422995,0",2022-03-27,domingo,06:20:00,SC,101,"138,5",BALNEARIO CAMBORIU,Ingestão de álcool pelo condutor,Colisão com objeto,Com Vítimas Feridas,Pleno dia,Decrescente,Céu Claro,Dupla,Curva,Sim,1,0,0,1,0,0,1,1,-27.02397426,-48.60761649,SPRF-SC,DEL04-SC,UOP03-DEL04-SC,2022
"422996,0",2022-03-27,domingo,05:00:00,SC,101,"292,0",IMBITUBA,Ausência de reação do condutor,Saída de leito carroçável,Com Vítimas Feridas,Plena Noite,Decrescente,Céu Claro,Múltipla,Reta,Sim,1,0,1,0,0,0,1,1,-28.278057,-48.700386,SPRF-SC,DEL02-SC,UOP03-DEL02-SC,2022
"422999,0",2022-03-27,domingo,07:15:00,SC,470,"35,0",GASPAR,Ausência de reação do condutor,Saída de leito carroçável,Com Vítimas Feridas,Pleno dia,Crescente,Céu Claro,Simples,Em Obras;Reta,Sim,1,0,0,1,0,0,1,1,-26.912857,-48.958965,SPRF-SC,DEL04-SC,UOP01-DEL04-SC,2022
"423009,0",2022-03-27,domingo,03:20:00,SC,280,"235,6",CANOINHAS,Condutor deixou de manter distância do veículo da frente,Colisão traseira,Com Vítimas Feridas,Plena Noite,Decrescente,Céu Claro,Simples,Reta,Sim,6,0,1,0,4,1,1,2,-26.1925373,-50.4158628,SPRF-SC,DEL06-SC,UOP04-DEL06-SC,2022
"423020,0",2022-03-27,domingo,07:20:00,SC,282,"656,4",SAO MIGUEL DO OESTE,Conversão proibida,Colisão transversal,Com Vítimas Feridas,Pleno dia,Crescente,Céu Claro,Simples,Reta,Não,2,0,0,1,1,0,1,2,-26.69148405,-53.54513168,SPRF-SC,DEL07-SC,UOP03-DEL07-SC,2022
"423028,0",2022-03-27,domingo,11:45:00,SC,280,"305,0",PORTO UNIAO,Ultrapassagem Indevida,Colisão lateral mesmo sentido,Com Vítimas Feridas,Pleno dia,Crescente,Céu Claro,Simples,Reta,Sim,3,0,1,0,2,0,1,2,-26.26625102,-51.05981502,SPRF-SC,DEL06-SC,UOP04-DEL06-SC,2022
"423050,0",2022-03-27,domingo,14:15:00,SC,470,"90,0",ASCURRA,Acessar a via sem observar a presença dos outros veículos,Colisão transversal,Com Vítimas Feridas,Pleno dia,Decrescente,Sol,Simples,Curva,Sim,3,0,0,2,1,0,2,2,-26.969337,-49.367718,SPRF-SC,DEL04-SC,UOP01-DEL04-SC,2022
"423056,0",2022-03-27,domingo,13:40:00,SC,101,"240,0",PALHOCA,Ausência de reação do condutor,Capotamento,Com Vítimas Feridas,Pleno dia,Crescente,Céu Claro,Dupla,Reta,Não,1,0,0,1,0,0,1,1,-27.85825092,-48.64383119,SPRF-SC,DEL01-SC,UOP02-DEL01-SC,2022
"423063,0",2022-03-27,domingo,16:12:00,SC,101,"208,5",SAO JOSE,Condutor deixou de manter distância do veículo da frente,Engavetamento,Sem Vítimas,Pleno dia,Decrescente,Céu Claro,Múltipla,Reta,Sim,5,0,0,0,5,0,0,3,-27.60327979,-48.63201818,SPRF-SC,DEL01-SC,UOP01-DEL01-SC,2022
"423073,0",2022-03-27,domingo,16:30:00,SC,470,"98,0",ASCURRA,Condutor deixou de manter distância do veículo da frente,Colisão traseira,Com Vítimas Feridas,Pleno dia,Crescente,Sol,Simples,Reta,Sim,3,0,1,0,2,0,1,2,-27.032537,-49.385468,SPRF-SC,DEL04-SC,UOP01-DEL04-SC,2022
"423113,0",2022-03-27,domingo,19:10:00,SC,470,"63,0",INDAIAL,Acessar a via sem observar a presença dos outros veículos,Colisão transversal,Com Vítimas Feridas,Plena Noite,Decrescente,Céu Claro,Simples,Reta,Sim,2,0,1,0,1,0,1,2,-26.872396,-49.19228,SPRF-SC,DEL04-SC,UOP01-DEL04-SC,2022
"423147,0",2022-03-27,domingo,22:40:00,SC,101,"37,0",JOINVILLE,Condutor deixou de manter distância do veículo da frente,Colisão traseira,Com Vítimas Feridas,Pleno dia,Decrescente,Nublado,Dupla,Curva;Declive,Não,2,0,1,0,0,1,1,2,-26.28264145,-48.88916016,SPRF-SC,DEL03-SC,UOP01-DEL03-SC,2022
"423163,0",2022-03-28,segunda-feira,02:30:00,SC,470,"68,0",INDAIAL,Ausência de reação do condutor,Saída de leito carroçável,Com Vítimas Feridas,Plena Noite,Crescente,Garoa/Chuvisco,Simples,Rotatória,Sim,1,0,1,0,0,0,1,1,-26.877615,-49.239231,SPRF-SC,DEL04-SC,UOP01-DEL04-SC,2022
"423167,0",2022-03-27,domingo,12:30:00,SC,470,"169,0",POUSO REDONDO,Pista esburacada,Saída de leito carroçável,Com Vítimas Feridas,Pleno dia,Crescente,Céu Claro,Simples,Reta;Declive,Não,1,0,1,0,0,0,1,1,-27.265471,-49.882442,SPRF-SC,DEL04-SC,UOP02-DEL04-SC,2022
"423182,0",2022-03-28,segunda-feira,07:14:00,SC,101,"387,0",CRICIUMA,Avarias e/ou desgaste excessivo no pneu,Tombamento,Com Vítimas Feridas,Amanhecer,Decrescente,Céu Claro,Dupla,Aclive;Reta,Sim,1,0,1,0,0,0,1,1,-28.78085074,-49.32874013,SPRF-SC,DEL02-SC,UOP02-DEL02-SC,2022
"423195,0",2022-03-28,segunda-feira,07:35:00,SC,101,"210,4",SAO JOSE,Manobra de mudança de faixa,Colisão lateral mesmo sentido,Com Vítimas Feridas,Pleno dia,Decrescente,Céu Claro,Múltipla,Reta,Sim,2,0,0,1,1,0,1,2,-27.6167305,-48.6457265,SPRF-SC,DEL01-SC,UOP01-DEL01-SC,2022
"423199,0",2022-03-28,segunda-feira,08:30:00,SC,282,"5,1",SAO JOSE,Manobra de mudança de faixa,Colisão lateral mesmo sentido,Com Vítimas Feridas,Pleno dia,Decrescente,Céu Claro,Múltipla,Reta,Sim,2,0,1,0,1,0,1,2,-27.588425,-48.612919,SPRF-SC,DEL01-SC,UOP01-DEL01-SC,2022
"423200,0",2022-03-28,segunda-feira,07:40:00,SC,163,"69,6",SAO MIGUEL DO OESTE,Condutor deixou de manter distância do veículo da frente,Colisão traseira,Com Vítimas Feridas,Pleno dia,Decrescente,Céu Claro,Dupla,Interseção de Vias;Reta;Declive,Sim,2,0,1,0,1,0,1,2,-26.74132699,-53.50120591,SPRF-SC,DEL07-SC,UOP03-DEL07-SC,2022
"423210,0",2022-03-28,segunda-feira,06:35:00,SC,470,"2,3",ILHOTA,Velocidade Incompatível,Saída de leito carroçável,Com Vítimas Feridas,Pleno dia,Decrescente,Nublado,Simples,Curva,Sim,2,0,2,0,0,0,2,1,-26.89692746,-48.82255554,SPRF-SC,DEL04-SC,UOP04-DEL04-SC,2022
"423224,0",2022-03-28,segunda-feira,08:50:00,SC,282,"628,4",IRACEMINHA,Ultrapassagem Indevida,Colisão frontal,Com Vítimas Feridas,Amanhecer,Crescente,Ignorado,Simples,Reta,Não,4,0,1,0,3,0,1,2,-26.818754,-53.365486,SPRF-SC,DEL07-SC,UOP02-DEL07-SC,2022
"423250,0",2022-03-28,segunda-feira,14:00:00,SC,470,"55,3",BLUMENAU,Conversão proibida,Colisão transversal,Com Vítimas Feridas,Pleno dia,Decrescente,Céu Claro,Simples,Reta,Sim,2,0,1,0,1,0,1,2,-26.87647333,-49.1218727,SPRF-SC,DEL04-SC,UOP01-DEL04-SC,2022
"423253,0",2022-03-28,segunda-feira,14:00:00,SC,470,"142,0",RIO DO SUL,Acesso irregular,Colisão transversal,Com Vítimas Feridas,Pleno dia,Crescente,Céu Claro,Simples,Reta,Não,2,0,0,1,1,0,1,2,-27.229801,-49.6693,SPRF-SC,DEL04-SC,UOP02-DEL04-SC,2022
"423261,0",2022-03-28,segunda-feira,13:30:00,SC,163,"72,0",SAO MIGUEL DO OESTE,Demais falhas mecânicas ou elétricas,Tombamento,Com Vítimas Feridas,Pleno dia,Decrescente,Céu Claro,Dupla,Reta;Declive,Sim,2,0,2,0,0,0,2,1,-26.72772401,-53.51281303,SPRF-SC,DEL07-SC,UOP03-DEL07-SC,2022
"423279,0",2022-03-28,segunda-feira,14:50:00,SC,101,"337,4",TUBARAO,Ausência de reação do condutor,Colisão com objeto,Com Vítimas Feridas,Pleno dia,Crescente,Céu Claro,Múltipla,Declive;Retorno Regulamentado;Curva,Não,1,0,0,1,0,0,1,1,-28.47801624,-49.03246283,SPRF-SC,DEL02-SC,UOP01-DEL02-SC,2022
"423282,0",2022-03-28,segunda-feira,13:50:00,SC,282,"387,0",JOACABA,Retorno proibido,Colisão lateral mesmo sentido,Com Vítimas Feridas,Pleno dia,Crescente,Céu Claro,Simples,Reta,Sim,2,0,1,0,1,0,1,2,-27.17634505,-51.52638316,SPRF-SC,DEL07-SC,UOP05-DEL07-SC,2022
"423283,0",2022-03-28,segunda-feira,12:20:00,SC,282,"461,6",PONTE SERRADA,Acessar a via sem observar a presença dos outros veículos,Colisão transversal,Com Vítimas Feridas,Pleno dia,Decrescente,Céu Claro,Simples,Interseção de Vias,Sim,2,0,0,1,1,0,1,2,-26.856403,-52.041328,SPRF-SC,DEL07-SC,UOP04-DEL07-SC,2022