id,data_inversa,dia_semana,horario,uf,br,km,municipio,causa_acidente,tipo_acidente,classificacao_acidente,fase_dia,sentido_via,condicao_metereologica,tipo_pista,tracado_via,uso_solo,pessoas,mortos,feridos_leves,feridos_graves,ilesos,ignorados,feridos,veiculos,latitude,longitude,regional,delegacia,uop,ano_arquivo
"423340,0",2022-03-28,segunda-feira,20:38:00,SC,280,"20,9",ARAQUARI,Reação tardia ou ineficiente do condutor,Colisão com objeto,Com Vítimas Feridas,Plena Noite,Crescente,Céu Claro,Simples,Interseção de Vias,Não,4,0,1,1,2,0,2,2,-26.37064747,-48.68694305,SPRF-SC,DEL03-SC,UOP03-DEL03-SC,2022
"423346,0",2022-03-29,terça-feira,01:00:00,SC,101,"154,0",PORTO BELO,Ingestão de álcool pelo condutor,Saída de leito carroçável,Com Vítimas Feridas,Plena Noite,Crescente,Nublado,Dupla,Reta,Não,1,0,1,0,0,0,1,1,-27.153819,-48.61086393,SPRF-SC,DEL04-SC,UOP03-DEL04-SC,2022
"423362,0",2022-03-29,terça-feira,07:40:00,SC,101,"205,9",SAO JOSE,Reação tardia ou ineficiente do condutor,Colisão traseira,Com Vítimas Feridas,Pleno dia,Crescente,Céu Claro,Múltipla,Reta,Sim,3,0,0,1,1,1,1,3,-27.58313237,-48.61532885,SPRF-SC,DEL01-SC,UOP01-DEL01-SC,2022
"423399,0",2022-03-29,terça-feira,11:40:00,SC,280,"55,5",GUARAMIRIM,Desrespeitar a preferência no cruzamento,Colisão transversal,Com Vítimas Feridas,Pleno dia,Crescente,Céu Claro,Dupla,Rotatória;Reta,Sim,2,0,1,0,1,0,1,2,-26.47584353,-48.9937858,SPRF-SC,DEL03-SC,UOP03-DEL03-SC,2022
"423423,0",2022-03-29,terça-feira,14:40:00,SC,280,"123,5",RIO NEGRINHO,Condutor deixou de manter distância do veículo da frente,Colisão traseira,Com Vítimas Feridas,Pleno dia,Crescente,Céu Claro,Simples,Reta,Sim,3,0,3,0,0,0,3,2,-26.24420169,-49.46557991,SPRF-SC,DEL06-SC,UOP03-DEL06-SC,2022
"423430,0",2022-03-29,terça-feira,17:00:00,SC,101,"144,3",ITAPEMA,Manobra de mudança de faixa,Colisão lateral mesmo sentido,Com Vítimas Feridas,Pleno dia,Decrescente,Céu Claro,Dupla,Reta,Sim,2,0,1,0,1,0,1,2,-27.0732659,-48.59672716,SPRF-SC,DEL04-SC,UOP03-DEL04-SC,2022
"423439,0",2022-03-29,terça-feira,18:10:00,SC,101,"119,0",ITAJAI,Ausência de reação do condutor,Colisão lateral mesmo sentido,Com Vítimas Feridas,Anoitecer,Crescente,Nublado,Dupla,Túnel,Sim,2,0,1,0,1,0,1,2,-26.9043179,-48.71555481,SPRF-SC,DEL04-SC,UOP04-DEL04-SC,2022
"423442,0",2022-03-29,terça-feira,18:20:00,SC,101,"104,3",BALNEARIO PICARRAS,Reação tardia ou ineficiente do condutor,Colisão com objeto,Sem Vítimas,Anoitecer,Crescente,Céu Claro,Dupla,Reta,Não,2,0,0,0,2,0,0,1,-26.79281742,-48.68080819,SPRF-SC,DEL03-SC,UOP02-DEL03-SC,2022
"423449,0",2022-03-29,terça-feira,18:15:00,SC,101,"196,0",BIGUACU,Condutor deixou de manter distância do veículo da frente,Colisão lateral mesmo sentido,Com Vítimas Feridas,Plena Noite,Crescente,Céu Claro,Simples,Reta,Sim,2,0,1,0,1,0,1,2,-27.51101091,-48.64322292,SPRF-SC,DEL01-SC,UOP01-DEL01-SC,2022
"423474,0",2022-03-29,terça-feira,21:40:00,SC,101,"130,0",BALNEARIO CAMBORIU,Ausência de reação do condutor,Tombamento,Com Vítimas Feridas,Plena Noite,Decrescente,Nublado,Dupla,Reta,Sim,3,0,1,1,1,0,2,2,-26.98407618,-48.66977107,SPRF-SC,DEL04-SC,UOP03-DEL04-SC,2022
"423478,0",2022-03-29,terça-feira,22:40:00,SC,282,"16,4",PALHOCA,Demais falhas na via,Colisão transversal,Com Vítimas Feridas,Plena Noite,Crescente,Céu Claro,Simples,Reta,Sim,2,0,1,0,1,0,1,2,-27.658611,-48.681847,SPRF-SC,DEL01-SC,UOP02-DEL01-SC,2022
"423514,0",2022-03-30,quarta-feira,07:40:00,SC,101,"118,5",ITAJAI,Trafegar com motocicleta (ou similar) entre as faixas,Colisão lateral mesmo sentido,Com Vítimas Feridas,Pleno dia,Crescente,Nublado,Dupla,Reta,Não,2,0,1,0,1,0,1,2,-26.895859,-48.71903,SPRF-SC,DEL04-SC,UOP04-DEL04-SC,2022
"423524,0",2022-03-30,quarta-feira,07:10:00,SC,470,"138,2",RIO DO SUL,Transitar na contramão,Colisão lateral sentido oposto,Com Vítimas Feridas,Pleno dia,Crescente,Nublado,Simples,Interseção de Vias,Sim,2,0,1,0,1,0,1,2,-27.207214,-49.648476,SPRF-SC,DEL04-SC,UOP02-DEL04-SC,2022
"423543,0",2022-03-25,sexta-feira,07:50:00,SC,280,"5,0",SAO FRANCISCO DO SUL,Acessar a via sem observar a presença dos outros veículos,Colisão transversal,Com Vítimas Feridas,Pleno dia,Crescente,Sol,Simples,Reta,Sim,2,0,1,0,1,0,1,2,-26.26011706,-48.62571995,SPRF-SC,DEL03-SC,UOP03-DEL03-SC,2022
"423551,0",2022-03-30,quarta-feira,11:00:00,SC,101,"212,0",PALHOCA,Falta de acostamento,Colisão traseira,Com Vítimas Feridas,Pleno dia,Decrescente,Nublado,Dupla,Reta,Sim,3,0,1,1,1,0,2,2,-27.62996929,-48.65903871,SPRF-SC,DEL01-SC,UOP02-DEL01-SC,2022
"423559,0",2022-03-30,quarta-feira,11:40:00,SC,101,"201,0",SAO JOSE,Ausência de reação do condutor,Queda de ocupante de veículo,Com Vítimas Feridas,Pleno dia,Crescente,Nublado,Múltipla,Reta,Sim,2,0,2,0,0,0,2,1,-27.54836599,-48.61977975,SPRF-SC,DEL01-SC,UOP01-DEL01-SC,2022
"423567,0",2022-03-30,quarta-feira,12:10:00,SC,282,"5,6",SAO JOSE,Área urbana sem a presença de local apropriado para a travessia de pedestres,Atropelamento de Pedestre,Sem Vítimas,Pleno dia,Decrescente,Céu Claro,Dupla,Curva,Não,2,0,0,0,1,1,0,2,-27.588425,-48.612919,SPRF-SC,DEL01-SC,UOP01-DEL01-SC,2022
"423576,0",2022-03-30,quarta-feira,10:30:00,SC,480,"128,1",CHAPECO,Ausência de reação do condutor,Saída de leito carroçável,Com Vítimas Feridas,Pleno dia,Decrescente,Garoa/Chuvisco,Dupla,Reta,Sim,2,0,1,0,1,0,1,1,-27.03781899,-52.63432603,SPRF-SC,DEL07-SC,UOP01-DEL07-SC,2022
"423589,0",2022-03-30,quarta-feira,14:30:00,SC,280,"131,0",RIO NEGRINHO,Acessar a via sem observar a presença dos outros veículos,Colisão lateral mesmo sentido,Com Vítimas Feridas,Pleno dia,Crescente,Garoa/Chuvisco,Simples,Rotatória,Sim,3,0,1,0,2,0,1,2,-26.25581515,-49.53953493,SPRF-SC,DEL06-SC,UOP03-DEL06-SC,2022
"423617,0",2022-03-30,quarta-feira,19:45:00,SC,101,"209,3",SAO JOSE,Trafegar com motocicleta (ou similar) entre as faixas,Colisão traseira,Com Vítimas Feridas,Plena Noite,Crescente,Chuva,Múltipla,Reta,Sim,3,0,1,0,2,0,1,3,-27.61000542,-48.63895057,SPRF-SC,DEL01-SC,UOP01-DEL01-SC,2022
"423631,0",2022-03-30,quarta-feira,21:50:00,SC,282,"18,3",PALHOCA,Acesso irregular,Colisão transversal,Com Vítimas Feridas,Plena Noite,Crescente,Chuva,Simples,Reta,Não,2,0,1,1,0,0,2,2,-27.672798,-48.694286,SPRF-SC,DEL01-SC,UOP02-DEL01-SC,2022
"423632,0",2022-03-30,quarta-feira,10:00:00,SC,153,"76,0",IRANI,Acumulo de água sobre o pavimento,Saída de leito carroçável,Com Vítimas Feridas,Pleno dia,Crescente,Chuva,Simples,Curva,Não,1,0,1,0,0,0,1,1,-27.091108,-51.906189,SPRF-SC,DEL07-SC,UOP04-DEL07-SC,2022
"423639,0",2022-03-30,quarta-feira,21:30:00,SC,101,"303,7",LAGUNA,Ausência de reação do condutor,Saída de leito carroçável,Com Vítimas Feridas,Plena Noite,Crescente,Chuva,Múltipla,Reta,Sim,3,0,1,0,2,0,1,1,-28.36149723,-48.74974275,SPRF-SC,DEL02-SC,UOP03-DEL02-SC,2022
"423649,0",2022-03-31,quinta-feira,00:05:00,SC,101,"200,0",SAO JOSE,Acessar a via sem observar a presença dos outros veículos,Colisão traseira,Com Vítimas Feridas,Plena Noite,Crescente,Chuva,Simples,Reta,Não,2,0,1,0,0,1,1,2,-27.54018513,-48.62287714,SPRF-SC,DEL01-SC,UOP01-DEL01-SC,2022
"423669,0",2022-03-31,quinta-feira,06:20:00,SC,101,"27,0",JOINVILLE,Acessar a via sem observar a presença dos outros veículos,Colisão transversal,Com Vítimas Feridas,Pleno dia,Decrescente,Chuva,Simples,Interseção de Vias,Sim,3,0,1,0,2,0,1,2,-26.20346361,-48.91345024,SPRF-SC,DEL03-SC,UOP01-DEL03-SC,2022
"423671,0",2022-03-31,quinta-feira,06:50:00,SC,101,"148,0",ITAPEMA,Demais falhas mecânicas ou elétricas,Tombamento,Com Vítimas Feridas,Amanhecer,Crescente,Chuva,Dupla,Reta,Não,2,0,1,0,1,0,1,1,-27.10123686,-48.61807962,SPRF-SC,DEL04-SC,UOP03-DEL04-SC,2022
"423674,0",2022-03-31,quinta-feira,07:40:00,SC,101,"198,1",BIGUACU,Acessar a via sem observar a presença dos outros veículos,Colisão traseira,Com Vítimas Feridas,Pleno dia,Crescente,Nublado,Múltipla,Reta,Sim,3,0,1,0,1,1,1,3,-27.52658712,-48.63506019,SPRF-SC,DEL01-SC,UOP01-DEL01-SC,2022
"423700,0",2022-03-31,quinta-feira,08:40:00,SC,101,"93,0",BARRA VELHA,Avarias e/ou desgaste excessivo no pneu,Colisão com objeto,Com Vítimas Feridas,Pleno dia,Decrescente,Chuva,Dupla,Reta,Não,2,0,1,0,1,0,1,1,-26.6899011,-48.69663873,SPRF-SC,DEL03-SC,UOP02-DEL03-SC,2022
"423705,0",2022-03-31,quinta-feira,08:20:00,SC,280,"151,0",MAFRA,Reação tardia ou ineficiente do condutor,Saída de leito carroçável,Com Vítimas Feridas,Pleno dia,Crescente,Chuva,Simples,Curva,Não,1,0,1,0,0,0,1,1,-26.23248274,-49.69867393,SPRF-SC,DEL06-SC,UOP03-DEL06-SC,2022
"423706,0",2022-03-31,quinta-feira,07:55:00,SC,280,"150,0",MAFRA,Chuva,Saída de leito carroçável,Com Vítimas Feridas,Pleno dia,Crescente,Chuva,Simples,Reta,Não,3,0,1,0,2,0,1,1,-26.233981,-49.689027,SPRF-SC,DEL06-SC,UOP03-DEL06-SC,2022
"423708,0",2022-03-31,quinta-feira,10:10:00,SC,101,"214,0",PALHOCA,Manobra de mudança de faixa,Queda de ocupante de veículo,Com Vítimas Feridas,Pleno dia,Decrescente,Nublado,Múltipla,Reta,Sim,2,0,1,0,1,0,1,2,-27.64443,-48.67057,SPRF-SC,DEL01-SC,UOP02-DEL01-SC,2022
"423715,0",2022-02-14,segunda-feira,06:20:00,SC,101,"214,3",PALHOCA,Condutor Dormindo,Colisão com objeto,Com Vítimas Feridas,Pleno dia,Crescente,Céu Claro,Múltipla,Reta,Sim,1,0,0,1,0,0,1,1,-27.64443,-48.67057,SPRF-SC,DEL01-SC,UOP02-DEL01-SC,2022
"423729,0",2022-03-19,sábado,23:10:00,SC,101,"180,9",BIGUACU,Reação tardia ou ineficiente do condutor,Queda de ocupante de veículo,Com Vítimas Feridas,Plena Noite,Crescente,Céu Claro,Dupla,Reta,Não,2,0,2,0,0,0,2,1,-27.3811238,-48.63090648,SPRF-SC,DEL01-SC,UOP01-DEL01-SC,2022
"423741,0",2022-03-31,quinta-feira,11:15:00,SC,101,"278,0",IMBITUBA,Reação tardia ou ineficiente do condutor,Tombamento,Com Vítimas Feridas,Pleno dia,Decrescente,Céu Claro,Simples,Interseção de Vias,Sim,1,0,1,0,0,0,1,1,-28.16300604,-48.6939345,SPRF-SC,DEL02-SC,UOP03-DEL02-SC,2022
"423756,0",2022-03-31,quinta-feira,15:35:00,SC,470,"2,0",NAVEGANTES,Reação tardia ou ineficiente do condutor,Saída de leito carroçável,Com Vítimas Feridas,Pleno dia,Crescente,Céu Claro,Múltipla,Interseção de Vias,Não,1,0,1,0,0,0,1,1,-26.868551,-48.674831,SPRF-SC,DEL04-SC,UOP04-DEL04-SC,2022
"423768,0",2022-03-31,quinta-feira,14:30:00,SC,282,"396,0",JOACABA,Condutor deixou de manter distância do veículo da frente,Tombamento,Com Vítimas Feridas,Pleno dia,Crescente,Sol,Simples,Curva,Não,1,0,1,0,0,0,1,1,-27.15651,-51.593862,SPRF-SC,DEL07-SC,UOP05-DEL07-SC,2022
"423771,0",2022-03-31,quinta-feira,17:30:00,SC,101,"204,0",SAO JOSE,Acessar a via sem observar a presença dos outros veículos,Colisão transversal,Com Vítimas Feridas,Pleno dia,Decrescente,Nublado,Múltipla,Reta,Sim,2,0,1,0,1,0,1,2,-27.57413014,-48.61363083,SPRF-SC,DEL01-SC,UOP01-DEL01-SC,2022
"423798,0",2022-03-31,quinta-feira,19:40:00,SC,282,"5,0",SAO JOSE,Trafegar com motocicleta (ou similar) entre as faixas,Colisão traseira,Com Vítimas Feridas,Pleno dia,Crescente,Céu Claro,Múltipla,Reta,Não,2,0,0,1,1,0,1,2,-27.588425,-48.612919,SPRF-SC,DEL01-SC,UOP01-DEL01-SC,2022
"423803,0",2022-03-31,quinta-feira,19:40:00,SC,101,"333,4",TUBARAO,Demais falhas mecânicas ou elétricas,Tombamento,Com Vítimas Feridas,Plena Noite,Decrescente,Nublado,Dupla,Reta,Sim,1,0,1,0,0,0,1,1,-28.46630107,-48.99653096,SPRF-SC,DEL02-SC,UOP01-DEL02-SC,2022
"423863,0",2022-04-01,sexta-feira,08:00:00,SC,101,"207,0",SAO JOSE,Condutor deixou de manter distância do veículo da frente,Colisão traseira,Com Vítimas Feridas,Pleno dia,Crescente,Céu Claro,Dupla,Reta,Sim,3,0,1,0,2,0,1,2,-27.60001226,-48.6226467,SPRF-SC,DEL01-SC,UOP01-DEL01-SC,2022
"423876,0",2022-04-01,sexta-feira,08:45:00,SC,280,"50,2",GUARAMIRIM,Conversão proibida,Tombamento,Com Vítimas Feridas,Pleno dia,Crescente,Garoa/Chuvisco,Simples,Curva,Não,2,0,1,0,1,0,1,2,-26.4619489,-48.94618404,SPRF-SC,DEL03-SC,UOP03-DEL03-SC,2022
"423885,0",2022-04-01,sexta-feira,10:20:00,SC,101,"206,0",PALHOCA,Reação tardia ou ineficiente do condutor,Saída de leito carroçável,Com Vítimas Feridas,Pleno dia,Decrescente,Céu Claro,Múltipla,Reta,Sim,2,0,2,0,0,0,2,1,-27.59193546,-48.61824557,SPRF-SC,DEL01-SC,UOP01-DEL01-SC,2022
"423899,0",2022-03-19,sábado,10:49:00,SC,282,"279,5",SAO JOSE DO CERRITO,Acessar a via sem observar a presença dos outros veículos,Colisão transversal,Com Vítimas Feridas,Pleno dia,Crescente,Céu Claro,Simples,Reta,Sim,3,0,0,2,1,0,2,3,-27.584951,-50.744953,SPRF-SC,DEL05-SC,UOP02-DEL05-SC,2022
"423922,0",2022-04-01,sexta-feira,14:30:00,SC,101,"215,0",PALHOCA,Velocidade Incompatível,Colisão lateral mesmo sentido,Com Vítimas Feridas,Pleno dia,Crescente,Nublado,Simples,Reta,Sim,2,0,1,0,1,0,1,2,-27.65184843,-48.67604941,SPRF-SC,DEL01-SC,UOP02-DEL01-SC,2022
"423934,0",2022-04-01,sexta-feira,15:45:00,SC,470,"89,0",ASCURRA,Desrespeitar a preferência no cruzamento,Colisão transversal,Com Vítimas Feridas,Pleno dia,Crescente,Garoa/Chuvisco,Simples,Curva,Sim,3,0,3,0,0,0,3,2,-26.961573,-49.371918,SPRF-SC,DEL04-SC,UOP01-DEL04-SC,2022
"423967,0",2022-04-01,sexta-feira,16:00:00,SC,470,"67,8",INDAIAL,Conversão proibida,Colisão lateral mesmo sentido,Com Vítimas Feridas,Pleno dia,Decrescente,Chuva,Simples,Reta,Sim,4,0,2,0,2,0,2,2,-26.872158,-49.23127,SPRF-SC,DEL04-SC,UOP01-DEL04-SC,2022
"423978,0",2022-04-01,sexta-feira,19:20:00,SC,101,"117,0",ITAJAI,Pista Escorregadia,Tombamento,Com Vítimas Feridas,Plena Noite,Crescente,Chuva,Simples,Reta,Não,1,0,1,0,0,0,1,1,-26.88747187,-48.72252969,SPRF-SC,DEL04-SC,UOP04-DEL04-SC,2022
"423980,0",2022-04-01,sexta-feira,20:00:00,SC,470,"57,5",BLUMENAU,Pedestre cruzava a pista fora da faixa,Atropelamento de Pedestre,Com Vítimas Feridas,Plena Noite,Decrescente,Chuva,Simples,Rotatória;Em Obras,Sim,2,0,0,1,1,0,1,2,-26.880428,-49.136532,SPRF-SC,DEL04-SC,UOP01-DEL04-SC,2022
"423981,0",2022-04-01,sexta-feira,18:40:00,SC,470,"128,4",LONTRAS,Ingestão de álcool e/ou substâncias psicoativas pelo pedestre,Colisão frontal,Com Vítimas Feridas,Plena Noite,Decrescente,Garoa/Chuvisco,Simples,Reta,Não,10,0,7,2,0,1,9,3,-27.147122,-49.553226,SPRF-SC,DEL04-SC,UOP02-DEL04-SC,2022
"423982,0",2022-04-01,sexta-feira,19:00:00,SC,282,"41,9",AGUAS MORNAS,Mal súbito do condutor,Saída de leito carroçável,Com Vítimas Feridas,Plena Noite,Crescente,Céu Claro,Simples,Curva,Não,1,0,1,0,0,0,1,1,-27.715973,-48.878979,SPRF-SC,DEL01-SC,UOP03-DEL01-SC,2022
"423987,0",2022-04-01,sexta-feira,19:10:00,SC,101,"61,5",ARAQUARI,Acumulo de água sobre o pavimento,Colisão com objeto,Com Vítimas Feridas,Anoitecer,Crescente,Chuva,Dupla,Reta,Não,1,0,1,0,0,0,1,1,-26.45474174,-48.77699195,SPRF-SC,DEL03-SC,UOP02-DEL03-SC,2022
"424017,0",2022-04-01,sexta-feira,22:00:00,SC,280,"7,3",SAO FRANCISCO DO SUL,Ingestão de álcool pelo condutor,Colisão com objeto,Com Vítimas Feridas,Plena Noite,Crescente,Chuva,Simples,Reta,Não,1,0,1,0,0,0,1,1,-26.27304841,-48.6424613,SPRF-SC,DEL03-SC,UOP03-DEL03-SC,2022
"424018,0",2022-04-01,sexta-feira,22:00:00,SC,101,"155,0",PORTO BELO,Velocidade Incompatível,Colisão com objeto,Sem Vítimas,Plena Noite,Crescente,Chuva,Dupla,Reta,Não,1,0,0,0,0,1,0,1,-27.16292,-48.61129,SPRF-SC,DEL04-SC,UOP03-DEL04-SC,2022
"424039,0",2022-04-02,sábado,03:20:00,SC,101,"83,8",BARRA VELHA,Reação tardia ou ineficiente do condutor,Saída de leito carroçável,Sem Vítimas,Plena Noite,Crescente,Garoa/Chuvisco,Dupla,Reta,Não,1,0,0,0,1,0,0,1,-26.61865655,-48.71834126,SPRF-SC,DEL03-SC,UOP02-DEL03-SC,2022
"424062,0",2022-04-02,sábado,03:15:00,SC,101,"339,0",TUBARAO,Ingestão de álcool pelo condutor,Saída de leito carroçável,Sem Vítimas,Plena Noite,Crescente,Garoa/Chuvisco,Múltipla,Reta,Sim,2,0,0,0,2,0,0,1,-28.50450599,-49.04867649,SPRF-SC,DEL02-SC,UOP01-DEL02-SC,2022
"424072,0",2022-04-02,sábado,07:25:00,SC,282,"28,3",SANTO AMARO DA IMPERATRIZ,Desrespeitar a preferência no cruzamento,Colisão transversal,Com Vítimas Feridas,Pleno dia,Crescente,Nublado,Simples,Rotatória,Sim,2,0,1,0,1,0,1,2,-27.67478,-48.778904,SPRF-SC,DEL01-SC,UOP03-DEL01-SC,2022
"424088,0",2022-04-02,sábado,06:15:00,SC,470,"262,5",CURITIBANOS,Ausência de reação do condutor,Capotamento,Com Vítimas Feridas,Amanhecer,Crescente,Garoa/Chuvisco,Simples,Reta,Não,1,0,1,0,0,0,1,1,-27.300419,-50.69104,SPRF-SC,DEL05-SC,UOP03-DEL05-SC,2022
"424123,0",2022-04-02,sábado,12:30:00,SC,280,"48,7",GUARAMIRIM,Desrespeitar a preferência no cruzamento,Colisão transversal,Com Vítimas Feridas,Pleno dia,Decrescente,Garoa/Chuvisco,Simples,Em Obras,Sim,3,0,3,0,0,0,3,2,-26.45605077,-48.93044472,SPRF-SC,DEL03-SC,UOP03-DEL03-SC,2022
"424125,0",2022-04-02,sábado,12:40:00,SC,282,"49,0",AGUAS MORNAS,Acumulo de óleo sobre o pavimento,Saída de leito carroçável,Com Vítimas Feridas,Pleno dia,Decrescente,Chuva,Simples,Curva,Não,1,0,1,0,0,0,1,1,-27.712931,-48.943741,SPRF-SC,DEL01-SC,UOP03-DEL01-SC,2022
"424136,0",2022-03-26,sábado,01:45:00,SC,101,"411,0",ARARANGUA,Condutor Dormindo,Colisão lateral mesmo sentido,Com Vítimas Feridas,Plena Noite,Crescente,Céu Claro,Simples,Reta,Sim,3,0,2,0,1,0,2,2,-28.94491774,-49.50259209,SPRF-SC,DEL02-SC,UOP02-DEL02-SC,2022
"424140,0",2022-04-02,sábado,14:00:00,SC,101,"210,3",SAO JOSE,Mal súbito do condutor,Colisão com objeto,Com Vítimas Feridas,Pleno dia,Decrescente,Garoa/Chuvisco,Múltipla,Reta,Sim,2,0,0,2,0,0,2,1,-27.6167305,-48.6457265,SPRF-SC,DEL01-SC,UOP01-DEL01-SC,2022
"424206,0",2022-04-02,sábado,19:20:00,SC,101,"142,4",ITAPEMA,Transitar na contramão,Colisão frontal,Com Vítimas Feridas,Plena Noite,Decrescente,Nublado,Dupla,Interseção de Vias,Sim,3,0,1,1,1,0,2,2,-27.056089,-48.599449,SPRF-SC,DEL04-SC,UOP03-DEL04-SC,2022
"424244,0",2022-04-02,sábado,19:20:00,SC,101,"57,8",ARAQUARI,Velocidade Incompatível,Saída de leito carroçável,Com Vítimas Feridas,Plena Noite,Crescente,Garoa/Chuvisco,Dupla,Curva,Não,2,0,0,1,1,0,1,1,-26.439092,-48.802651,SPRF-SC,DEL03-SC,UOP01-DEL03-SC,2022
"424247,0",2022-04-02,sábado,20:20:00,SC,101,"360,0",SANGAO,Ausência de reação do condutor,Saída de leito carroçável,Com Vítimas Feridas,Plena Noite,Crescente,Céu Claro,Múltipla,Curva,Sim,2,0,2,0,0,0,2,1,-28.65823109,-49.10991486,SPRF-SC,DEL02-SC,UOP01-DEL02-SC,2022
"424254,0",2022-04-02,sábado,22:25:00,SC,116,"264,4",CAPAO ALTO,Reação tardia ou ineficiente do condutor,Saída de leito carroçável,Com Vítimas Feridas,Plena Noite,Decrescente,Nublado,Simples,Curva,Não,1,0,1,0,0,0,1,1,-27.93262143,-50.46174687,SPRF-SC,DEL05-SC,UOP02-DEL05-SC,2022
"424258,0",2022-04-02,sábado,23:20:00,SC,101,"123,0",ITAJAI,Reação tardia ou ineficiente do condutor,Colisão traseira,Com Vítimas Feridas,Plena Noite,Decrescente,Garoa/Chuvisco,Dupla,Reta,Sim,2,0,0,1,1,0,1,2,-26.93668609,-48.69876905,SPRF-SC,DEL04-SC,UOP04-DEL04-SC,2022
"424259,0",2022-04-02,sábado,22:00:00,SC,280,"77,5",JARAGUA DO SUL,Ultrapassagem Indevida,Colisão lateral mesmo sentido,Com Vítimas Feridas,Plena Noite,Decrescente,Garoa/Chuvisco,Simples,Reta,Não,5,0,2,0,3,0,2,3,-26.45514314,-49.18726132,SPRF-SC,DEL03-SC,UOP03-DEL03-SC,2022
"424269,0",2022-04-02,sábado,22:30:00,SC,470,"153,4",AGRONOMICA,Velocidade Incompatível,Saída de leito carroçável,Sem Vítimas,Pleno dia,Crescente,Garoa/Chuvisco,Simples,Curva,Não,1,0,0,0,1,0,0,1,-27.272911,-49.734741,SPRF-SC,DEL04-SC,UOP02-DEL04-SC,2022
"424273,0",2022-04-03,domingo,00:30:00,SC,101,"212,0",PALHOCA,Condutor deixou de manter distância do veículo da frente,Colisão traseira,Com Vítimas Feridas,Plena Noite,Crescente,Céu Claro,Dupla,Reta,Sim,2,0,2,0,0,0,2,2,-27.62996929,-48.65903871,SPRF-SC,DEL01-SC,UOP02-DEL01-SC,2022
"424277,0",2022-04-03,domingo,02:15:00,SC,101,"134,4",BALNEARIO CAMBORIU,Ausência de reação do condutor,Colisão traseira,Com Vítimas Fatais,Plena Noite,Decrescente,Ignorado,Dupla,Reta,Sim,2,1,0,0,1,0,0,2,-27.00218,-48.636433,SPRF-SC,DEL04-SC,UOP03-DEL04-SC,2022
"424278,0",2022-04-03,domingo,02:20:00,SC,280,"288,5",PORTO UNIAO,Ausência de reação do condutor,Saída de leito carroçável,Com Vítimas Feridas,Plena Noite,Crescente,Nublado,Simples,Reta,Não,1,0,1,0,0,0,1,1,-26.29662996,-50.905271,SPRF-SC,DEL06-SC,UOP04-DEL06-SC,2022
"424280,0",2022-04-03,domingo,03:45:00,SC,101,"241,7",PALHOCA,Ingestão de álcool pelo condutor,Saída de leito carroçável,Com Vítimas Feridas,Plena Noite,Crescente,Chuva,Dupla,Reta,Não,1,0,1,0,0,0,1,1,-27.86671599,-48.64607012,SPRF-SC,DEL01-SC,UOP02-DEL01-SC,2022
"424293,0",2022-04-03,domingo,05:50:00,SC,101,"205,4",SAO JOSE,Chuva,Queda de ocupante de veículo,Com Vítimas Feridas,Amanhecer,Crescente,Chuva,Dupla,Reta,Não,1,0,1,0,0,0,1,1,-27.58313237,-48.61532885,SPRF-SC,DEL01-SC,UOP01-DEL01-SC,2022
"424298,0",2022-04-03,domingo,02:30:00,SC,101,"412,6",ARARANGUA,Ingestão de álcool pelo condutor,Saída de leito carroçável,Sem Vítimas,Plena Noite,Crescente,Nublado,Múltipla,Reta,Não,1,0,0,0,1,0,0,1,-28.939333,-49.497513,SPRF-SC,DEL02-SC,UOP02-DEL02-SC,2022
"424314,0",2022-04-03,domingo,07:45:00,SC,101,"138,0",BALNEARIO CAMBORIU,Reação tardia ou ineficiente do condutor,Capotamento,Com Vítimas Feridas,Pleno dia,Decrescente,Chuva,Dupla,Curva,Sim,1,0,1,0,0,0,1,1,-27.02397426,-48.60761649,SPRF-SC,DEL04-SC,UOP03-DEL04-SC,2022
"424328,0",2022-02-28,segunda-feira,21:40:00,SC,101,"149,8",ITAPEMA,Trafegar com motocicleta (ou similar) entre as faixas,Colisão lateral mesmo sentido,Com Vítimas Feridas,Plena Noite,Decrescente,Céu Claro,Dupla,Reta,Sim,2,0,1,0,1,0,1,2,-27.1089649,-48.61277586,SPRF-SC,DEL04-SC,UOP03-DEL04-SC,2022
"424334,0",2022-04-03,domingo,11:30:00,SC,101,"441,9",SANTA ROSA DO SUL,Demais falhas mecânicas ou elétricas,Colisão com objeto,Com Vítimas Fatais,Pleno dia,Crescente,Garoa/Chuvisco,Múltipla,Reta,Não,3,1,2,0,0,0,2,1,-29.1239234,-49.6605224,SPRF-SC,DEL02-SC,UOP02-DEL02-SC,2022
"424358,0",2022-04-03,domingo,13:25:00,SC,470,"141,8",RIO DO SUL,Acessar a via sem observar a presença dos outros veículos,Colisão lateral mesmo sentido,Com Vítimas Feridas,Pleno dia,Crescente,Nublado,Simples,Reta,Sim,2,0,1,0,1,0,1,2,-27.226065,-49.666161,SPRF-SC,DEL04-SC,UOP02-DEL04-SC,2022
"424374,0",2022-04-03,domingo,14:25:00,SC,280,"28,0",ARAQUARI,Condutor deixou de manter distância do veículo da frente,Colisão traseira,Com Vítimas Feridas,Pleno dia,Crescente,Chuva,Simples,Reta,Não,3,0,2,0,1,0,2,2,-26.40450077,-48.74561031,SPRF-SC,DEL03-SC,UOP03-DEL03-SC,2022