id,data_inversa,dia_semana,horario,uf,br,km,municipio,causa_acidente,tipo_acidente,classificacao_acidente,fase_dia,sentido_via,condicao_metereologica,tipo_pista,tracado_via,uso_solo,pessoas,mortos,feridos_leves,feridos_graves,ilesos,ignorados,feridos,veiculos,latitude,longitude,regional,delegacia,uop,ano_arquivo
"424382,0",2022-04-03,domingo,17:15:00,SC,101,"215,6",PALHOCA,Velocidade Incompatível,Colisão com objeto,Com Vítimas Feridas,Anoitecer,Crescente,Chuva,Múltipla,Viaduto;Curva;Interseção de Vias,Sim,1,0,1,0,0,0,1,1,-27.65649353,-48.67879651,SPRF-SC,DEL01-SC,UOP02-DEL01-SC,2022
"424385,0",2022-04-03,domingo,17:50:00,SC,101,"195,7",BIGUACU,Ausência de reação do condutor,Queda de ocupante de veículo,Com Vítimas Feridas,Anoitecer,Decrescente,Chuva,Múltipla,Reta,Sim,2,0,2,0,0,0,2,1,-27.5047092,-48.65010819,SPRF-SC,DEL01-SC,UOP01-DEL01-SC,2022
"424407,0",2022-04-03,domingo,12:45:00,SC,282,"31,9",AGUAS MORNAS,Acessar a via sem observar a presença dos outros veículos,Colisão transversal,Com Vítimas Fatais,Pleno dia,Crescente,Garoa/Chuvisco,Simples,Retorno Regulamentado,Sim,5,1,1,2,1,0,3,2,-27.70161,-48.800968,SPRF-SC,DEL01-SC,UOP03-DEL01-SC,2022
"424413,0",2022-04-03,domingo,18:54:00,SC,470,"236,0",SAO CRISTOVAO DO SUL,Ingestão de álcool pelo condutor,Colisão lateral sentido oposto,Com Vítimas Feridas,Plena Noite,Decrescente,Garoa/Chuvisco,Simples,Curva,Não,8,0,2,2,4,0,4,2,-27.30307,-50.447491,SPRF-SC,DEL05-SC,UOP03-DEL05-SC,2022
"424422,0",2022-04-03,domingo,19:30:00,SC,101,"240,4",PALHOCA,Chuva,Saída de leito carroçável,Com Vítimas Feridas,Plena Noite,Crescente,Chuva,Dupla,Reta,Não,2,0,1,0,1,0,1,1,-27.85825092,-48.64383119,SPRF-SC,DEL01-SC,UOP02-DEL01-SC,2022
"424431,0",2022-04-03,domingo,19:00:00,SC,101,"204,5",SAO JOSE,Condutor deixou de manter distância do veículo da frente,Tombamento,Com Vítimas Feridas,Plena Noite,Crescente,Chuva,Múltipla,Reta,Sim,2,0,1,0,0,1,1,2,-27.57413014,-48.61363083,SPRF-SC,DEL01-SC,UOP01-DEL01-SC,2022
"424434,0",2022-04-03,domingo,16:05:00,SC,101,"57,9",ARAQUARI,Velocidade Incompatível,Colisão com objeto,Sem Vítimas,Pleno dia,Crescente,Chuva,Simples,Curva,Não,1,0,0,0,1,0,0,1,-26.43861978,-48.80325437,SPRF-SC,DEL03-SC,UOP01-DEL03-SC,2022
"424463,0",2022-04-03,domingo,17:30:00,SC,282,"502,4",XANXERE,Velocidade Incompatível,Capotamento,Com Vítimas Feridas,Pleno dia,Crescente,Nublado,Dupla,Rotatória,Não,3,0,1,0,2,0,1,1,-26.88467949,-52.3914814,SPRF-SC,DEL07-SC,UOP01-DEL07-SC,2022
"424469,0",2022-04-03,domingo,16:25:00,SC,101,"62,0",ARAQUARI,Ausência de reação do condutor,Colisão com objeto,Com Vítimas Feridas,Pleno dia,Crescente,Chuva,Dupla,Viaduto,Não,1,0,1,0,0,0,1,1,-26.45504246,-48.76711901,SPRF-SC,DEL03-SC,UOP02-DEL03-SC,2022
"424502,0",2022-04-04,segunda-feira,06:55:00,SC,101,"151,0",ITAPEMA,Ausência de reação do condutor,Colisão lateral mesmo sentido,Com Vítimas Feridas,Pleno dia,Crescente,Céu Claro,Múltipla,Declive;Interseção de Vias,Sim,3,0,2,0,1,0,2,2,-27.126536,-48.609642,SPRF-SC,DEL04-SC,UOP03-DEL04-SC,2022
"424529,0",2022-04-04,segunda-feira,09:00:00,SC,101,"151,0",ITAPEMA,Condutor deixou de manter distância do veículo da frente,Colisão traseira,Sem Vítimas,Pleno dia,Crescente,Nublado,Dupla,Reta,Não,2,0,0,0,1,1,0,2,-27.126536,-48.609642,SPRF-SC,DEL04-SC,UOP03-DEL04-SC,2022
"424541,0",2022-04-04,segunda-feira,07:50:00,SC,282,"49,0",AGUAS MORNAS,Velocidade Incompatível,Colisão com objeto,Sem Vítimas,Pleno dia,Crescente,Chuva,Simples,Curva;Aclive,Não,1,0,0,0,1,0,0,1,-27.712931,-48.943741,SPRF-SC,DEL01-SC,UOP03-DEL01-SC,2022
"424557,0",2022-02-23,quarta-feira,08:00:00,SC,101,"202,5",SAO JOSE,Ausência de reação do condutor,Queda de ocupante de veículo,Com Vítimas Feridas,Pleno dia,Decrescente,Ignorado,Dupla,Reta,Sim,1,0,0,1,0,0,1,1,-27.55817484,-48.61818776,SPRF-SC,DEL01-SC,UOP01-DEL01-SC,2022
"424568,0",2022-04-04,segunda-feira,12:45:00,SC,101,"200,0",SAO JOSE,Demais falhas mecânicas ou elétricas,Tombamento,Com Vítimas Feridas,Pleno dia,Decrescente,Chuva,Dupla,Declive,Sim,2,0,2,0,0,0,2,1,-27.54018513,-48.62287714,SPRF-SC,DEL01-SC,UOP01-DEL01-SC,2022
"424643,0",2022-04-04,segunda-feira,16:05:00,SC,101,"233,0",PALHOCA,Velocidade Incompatível,Saída de leito carroçável,Com Vítimas Feridas,Pleno dia,Crescente,Chuva,Dupla,Curva,Sim,2,0,1,0,1,0,1,1,-27.80376397,-48.63826211,SPRF-SC,DEL01-SC,UOP02-DEL01-SC,2022
"424672,0",2022-04-05,terça-feira,06:40:00,SC,101,"202,5",SAO JOSE,Acessar a via sem observar a presença dos outros veículos,Colisão transversal,Com Vítimas Feridas,Pleno dia,Crescente,Céu Claro,Múltipla,Interseção de Vias,Sim,2,0,1,0,1,0,1,2,-27.55711595,-48.61897889,SPRF-SC,DEL01-SC,UOP01-DEL01-SC,2022
"424673,0",2022-04-05,terça-feira,06:40:00,SC,101,"202,5",SAO JOSE,Trafegar com motocicleta (ou similar) entre as faixas,Colisão traseira,Com Vítimas Feridas,Pleno dia,Crescente,Sol,Múltipla,Reta,Sim,2,0,1,0,1,0,1,2,-27.55711595,-48.61897889,SPRF-SC,DEL01-SC,UOP01-DEL01-SC,2022
"424689,0",2022-04-05,terça-feira,08:00:00,SC,101,"132,0",BALNEARIO CAMBORIU,Reação tardia ou ineficiente do condutor,Tombamento,Com Vítimas Feridas,Pleno dia,Crescente,Céu Claro,Múltipla,Reta,Não,1,0,1,0,0,0,1,1,-26.99654133,-48.65564711,SPRF-SC,DEL04-SC,UOP03-DEL04-SC,2022
"424702,0",2022-04-05,terça-feira,09:20:00,SC,280,"39,5",ARAQUARI,Condutor deixou de manter distância do veículo da frente,Colisão traseira,Com Vítimas Feridas,Pleno dia,Crescente,Nublado,Simples,Reta,Não,2,0,1,0,1,0,1,2,-26.44875367,-48.83792802,SPRF-SC,DEL03-SC,UOP03-DEL03-SC,2022
"424716,0",2022-04-05,terça-feira,07:00:00,SC,101,"203,6",SAO JOSE,Acessar a via sem observar a presença dos outros veículos,Colisão lateral mesmo sentido,Com Vítimas Feridas,Pleno dia,Crescente,Céu Claro,Múltipla,Reta,Sim,2,0,1,0,1,0,1,2,-27.5650044,-48.61460082,SPRF-SC,DEL01-SC,UOP01-DEL01-SC,2022
"424718,0",2022-04-05,terça-feira,10:40:00,SC,282,"17,0",PALHOCA,Desrespeitar a preferência no cruzamento,Colisão transversal,Com Vítimas Feridas,Pleno dia,Crescente,Céu Claro,Simples,Reta,Sim,3,0,1,0,2,0,1,2,-27.665707,-48.688065,SPRF-SC,DEL01-SC,UOP02-DEL01-SC,2022
"424727,0",2022-04-05,terça-feira,11:50:00,SC,101,"195,6",BIGUACU,Acumulo de óleo sobre o pavimento,Queda de ocupante de veículo,Com Vítimas Feridas,Pleno dia,Decrescente,Céu Claro,Dupla,Reta,Sim,1,0,1,0,0,0,1,1,-27.50377983,-48.65070105,SPRF-SC,DEL01-SC,UOP01-DEL01-SC,2022
"424752,0",2022-03-24,quinta-feira,21:10:00,SC,101,"82,8",BARRA VELHA,Acessar a via sem observar a presença dos outros veículos,Atropelamento de Pedestre,Com Vítimas Fatais,Plena Noite,Decrescente,Nublado,Dupla,Declive;Reta,Não,3,1,0,0,2,0,0,2,-26.619271,-48.717926,SPRF-SC,DEL03-SC,UOP02-DEL03-SC,2022
"424758,0",2022-04-05,terça-feira,15:15:00,SC,101,"192,0",BIGUACU,Transitar na contramão,Colisão transversal,Com Vítimas Feridas,Pleno dia,Decrescente,Céu Claro,Dupla,Interseção de Vias,Sim,2,0,1,0,1,0,1,2,-27.48661114,-48.64849091,SPRF-SC,DEL01-SC,UOP01-DEL01-SC,2022
"424770,0",2022-04-05,terça-feira,16:30:00,SC,101,"147,0",ITAPEMA,Reação tardia ou ineficiente do condutor,Colisão lateral mesmo sentido,Com Vítimas Feridas,Pleno dia,Crescente,Céu Claro,Múltipla,Viaduto,Não,2,0,1,0,1,0,1,2,-27.09237407,-48.61730888,SPRF-SC,DEL04-SC,UOP03-DEL04-SC,2022
"424801,0",2022-04-05,terça-feira,19:50:00,SC,101,"202,1",SAO JOSE,Transitar na contramão,Colisão frontal,Com Vítimas Feridas,Plena Noite,Crescente,Céu Claro,Múltipla,Reta,Sim,2,0,1,0,1,0,1,2,-27.55711595,-48.61897889,SPRF-SC,DEL01-SC,UOP01-DEL01-SC,2022
"424820,0",2022-04-05,terça-feira,22:00:00,SC,101,"196,0",BIGUACU,Reação tardia ou ineficiente do condutor,Colisão frontal,Sem Vítimas,Plena Noite,Crescente,Céu Claro,Simples,Reta,Sim,1,0,0,0,0,1,0,1,-27.51101091,-48.64322292,SPRF-SC,DEL01-SC,UOP01-DEL01-SC,2022
"424821,0",2022-04-05,terça-feira,22:00:00,SC,470,"7,0",ITAJAI,Ausência de reação do condutor,Saída de leito carroçável,Com Vítimas Feridas,Plena Noite,Crescente,Nublado,Simples,Reta,Não,1,0,1,0,0,0,1,1,-26.84499,-48.71505,SPRF-SC,DEL04-SC,UOP04-DEL04-SC,2022
"424858,0",2022-04-06,quarta-feira,07:30:00,SC,282,"1,0",FLORIANOPOLIS,Ausência de reação do condutor,Colisão traseira,Com Vítimas Feridas,Pleno dia,Decrescente,Nublado,Múltipla,Reta,Sim,3,0,2,0,1,0,2,2,-27.602955,-48.580509,SPRF-SC,DEL01-SC,UOP01-DEL01-SC,2022
"424875,0",2022-04-06,quarta-feira,07:50:00,SC,470,"50,6",BLUMENAU,Ausência de reação do condutor,Tombamento,Com Vítimas Feridas,Pleno dia,Crescente,Nublado,Múltipla,Reta,Não,1,0,0,1,0,0,1,1,-26.859768,-49.074493,SPRF-SC,DEL04-SC,UOP01-DEL04-SC,2022
"424903,0",2022-04-06,quarta-feira,11:15:00,SC,101,"276,0",IMBITUBA,Acessar a via sem observar a presença dos outros veículos,Colisão lateral mesmo sentido,Com Vítimas Feridas,Pleno dia,Crescente,Nublado,Simples,Reta,Sim,2,0,1,0,1,0,1,2,-28.14644701,-48.69204746,SPRF-SC,DEL02-SC,UOP03-DEL02-SC,2022
"424915,0",2022-04-06,quarta-feira,14:00:00,SC,101,"202,5",SAO JOSE,Velocidade Incompatível,Engavetamento,Com Vítimas Feridas,Pleno dia,Crescente,Céu Claro,Múltipla,Reta,Não,5,0,2,0,3,0,2,3,-27.5650044,-48.61460082,SPRF-SC,DEL01-SC,UOP01-DEL01-SC,2022
"424927,0",2022-04-06,quarta-feira,14:15:00,SC,163,"69,3",SAO MIGUEL DO OESTE,Manobra de mudança de faixa,Colisão transversal,Com Vítimas Feridas,Pleno dia,Crescente,Céu Claro,Dupla,Reta;Aclive,Sim,3,0,2,0,1,0,2,2,-26.7405515,-53.50115418,SPRF-SC,DEL07-SC,UOP03-DEL07-SC,2022
"424934,0",2022-04-06,quarta-feira,13:45:00,SC,163,"70,8",SAO MIGUEL DO OESTE,Transitar na contramão,Colisão frontal,Com Vítimas Feridas,Pleno dia,Crescente,Céu Claro,Simples,Reta,Sim,2,0,1,0,1,0,1,2,-26.72994438,-53.51123929,SPRF-SC,DEL07-SC,UOP03-DEL07-SC,2022
"424947,0",2022-04-06,quarta-feira,17:20:00,SC,101,"209,5",SAO JOSE,Condutor deixou de manter distância do veículo da frente,Colisão traseira,Com Vítimas Feridas,Pleno dia,Decrescente,Nublado,Múltipla,Reta,Sim,2,0,0,1,1,0,1,2,-27.61000542,-48.63895057,SPRF-SC,DEL01-SC,UOP01-DEL01-SC,2022
"424959,0",2022-04-06,quarta-feira,18:25:00,SC,101,"135,0",BALNEARIO CAMBORIU,Demais falhas mecânicas ou elétricas,Queda de ocupante de veículo,Com Vítimas Feridas,Plena Noite,Decrescente,Céu Claro,Dupla,Reta,Sim,2,0,1,0,1,0,1,1,-27.0050108,-48.62677494,SPRF-SC,DEL04-SC,UOP03-DEL04-SC,2022
"424960,0",2022-04-06,quarta-feira,16:00:00,SC,282,"430,0",VARGEM BONITA,Animais na Pista,Saída de leito carroçável,Com Vítimas Feridas,Pleno dia,Crescente,Sol,Dupla,Aclive,Não,4,0,1,0,3,0,1,1,-26.980852,-51.795891,SPRF-SC,DEL07-SC,UOP05-DEL07-SC,2022
"424971,0",2022-04-06,quarta-feira,17:45:00,SC,101,"56,0",ARAQUARI,Manobra de mudança de faixa,Tombamento,Com Vítimas Feridas,Pleno dia,Crescente,Céu Claro,Dupla,Reta,Não,2,0,1,0,0,1,1,2,-26.43207484,-48.82263984,SPRF-SC,DEL03-SC,UOP01-DEL03-SC,2022
"424996,0",2022-04-06,quarta-feira,20:25:00,SC,470,"124,9",LONTRAS,Ingestão de álcool pelo condutor,Colisão lateral sentido oposto,Sem Vítimas,Plena Noite,Crescente,Nublado,Simples,Reta,Não,5,0,0,0,5,0,0,2,-27.113192,-49.529163,SPRF-SC,DEL04-SC,UOP02-DEL04-SC,2022
"425016,0",2022-04-06,quarta-feira,22:50:00,SC,101,"218,0",PALHOCA,Ingestão de álcool pelo condutor,Colisão traseira,Com Vítimas Feridas,Plena Noite,Crescente,Nublado,Múltipla,Reta,Sim,4,0,1,0,3,0,1,2,-27.6758601,-48.67052525,SPRF-SC,DEL01-SC,UOP02-DEL01-SC,2022
"425023,0",2022-04-06,quarta-feira,23:10:00,SC,116,"9,2",MAFRA,Transitar na contramão,Tombamento,Com Vítimas Fatais,Plena Noite,Decrescente,Nublado,Simples,Reta;Declive,Não,2,1,0,0,1,0,0,2,-26.16468,-49.85049,SPRF-SC,DEL06-SC,UOP01-DEL06-SC,2022
"425031,0",2022-04-07,quinta-feira,02:50:00,SC,101,"38,0",JOINVILLE,Estacionar ou parar em local proibido,Colisão traseira,Com Vítimas Feridas,Plena Noite,Crescente,Nublado,Dupla,Reta,Sim,2,0,1,0,1,0,1,2,-26.25472505,-48.90561309,SPRF-SC,DEL03-SC,UOP01-DEL03-SC,2022
"425035,0",2022-04-07,quinta-feira,04:20:00,SC,101,"333,7",TUBARAO,Chuva,Colisão transversal,Com Vítimas Feridas,Plena Noite,Crescente,Céu Claro,Múltipla,Rotatória,Sim,2,0,0,1,0,1,1,2,-28.46630107,-48.99653096,SPRF-SC,DEL02-SC,UOP01-DEL02-SC,2022
"425041,0",2022-04-07,quinta-feira,04:30:00,SC,282,"633,8",DESCANSO,Ausência de reação do condutor,Saída de leito carroçável,Com Vítimas Feridas,Plena Noite,Decrescente,Nublado,Simples,Curva;Declive,Não,1,0,1,0,0,0,1,1,-26.82631116,-53.4207201,SPRF-SC,DEL07-SC,UOP03-DEL07-SC,2022
"425042,0",2022-04-06,quarta-feira,23:15:00,SC,101,"45,5",JOINVILLE,Entrada inopinada do pedestre,Atropelamento de Pedestre,Com Vítimas Feridas,Plena Noite,Decrescente,Garoa/Chuvisco,Dupla,Reta;Aclive,Sim,2,0,1,0,0,1,1,2,-26.35237288,-48.85817528,SPRF-SC,DEL03-SC,UOP01-DEL03-SC,2022
"425047,0",2022-04-07,quinta-feira,06:30:00,SC,101,"89,0",BARRA VELHA,Ausência de reação do condutor,Colisão com objeto,Sem Vítimas,Pleno dia,Decrescente,Nublado,Múltipla,Reta,Sim,1,0,0,0,1,0,0,1,-26.65175997,-48.68721921,SPRF-SC,DEL03-SC,UOP02-DEL03-SC,2022
"425052,0",2022-04-07,quinta-feira,07:45:00,SC,101,"211,1",PALHOCA,Trafegar com motocicleta (ou similar) entre as faixas,Colisão traseira,Com Vítimas Feridas,Pleno dia,Decrescente,Nublado,Múltipla,Reta,Sim,4,0,2,0,2,0,2,4,-27.62329313,-48.65245588,SPRF-SC,DEL01-SC,UOP02-DEL01-SC,2022
"425053,0",2022-04-07,quinta-feira,07:15:00,SC,470,"55,9",BLUMENAU,Acessar a via sem observar a presença dos outros veículos,Colisão transversal,Com Vítimas Feridas,Pleno dia,Crescente,Nublado,Simples,Reta,Não,2,0,1,0,1,0,1,2,-26.875601,-49.117992,SPRF-SC,DEL04-SC,UOP01-DEL04-SC,2022
"425079,0",2022-04-07,quinta-feira,08:55:00,SC,101,"212,0",PALHOCA,Acessar a via sem observar a presença dos outros veículos,Colisão lateral mesmo sentido,Com Vítimas Feridas,Pleno dia,Crescente,Sol,Dupla,Reta,Sim,1,0,1,0,0,0,1,1,-27.62996929,-48.65903871,SPRF-SC,DEL01-SC,UOP02-DEL01-SC,2022
"425102,0",2022-04-07,quinta-feira,11:50:00,SC,282,"5,0",SAO JOSE,Conversão proibida,Colisão lateral mesmo sentido,Com Vítimas Feridas,Pleno dia,Decrescente,Céu Claro,Dupla,Curva,Sim,2,0,1,0,1,0,1,2,-27.588425,-48.612919,SPRF-SC,DEL01-SC,UOP01-DEL01-SC,2022
"425108,0",2022-04-07,quinta-feira,08:00:00,SC,282,"461,5",PONTE SERRADA,Acessar a via sem observar a presença dos outros veículos,Colisão transversal,Com Vítimas Feridas,Pleno dia,Decrescente,Nublado,Simples,Rotatória,Sim,2,0,1,0,1,0,1,2,-26.856403,-52.041328,SPRF-SC,DEL07-SC,UOP04-DEL07-SC,2022
"425109,0",2022-04-07,quinta-feira,12:15:00,SC,158,"105,0",CUNHA PORA,Ausência de reação do condutor,Colisão com objeto,Sem Vítimas,Pleno dia,Decrescente,Garoa/Chuvisco,Simples,Reta,Não,1,0,0,0,0,1,0,1,-26.86897509,-53.16247716,SPRF-SC,DEL07-SC,UOP02-DEL07-SC,2022
"426056,0",2022-04-07,quinta-feira,18:20:00,SC,101,"42,0",JOINVILLE,Demais falhas mecânicas ou elétricas,Incêndio,Sem Vítimas,Plena Noite,Crescente,Nublado,Simples,Reta,Sim,1,0,0,0,1,0,0,1,-26.32406322,-48.86771858,SPRF-SC,DEL03-SC,UOP01-DEL03-SC,2022
"426076,0",2022-04-07,quinta-feira,19:15:00,SC,101,"206,0",SAO JOSE,Trafegar com motocicleta (ou similar) entre as faixas,Tombamento,Com Vítimas Feridas,Plena Noite,Crescente,Céu Claro,Dupla,Reta,Sim,1,0,1,0,0,0,1,1,-27.59193546,-48.61824557,SPRF-SC,DEL01-SC,UOP01-DEL01-SC,2022
"426089,0",2022-04-07,quinta-feira,15:05:00,SC,282,"551,5",NOVA ITABERABA,Acumulo de água sobre o pavimento,Saída de leito carroçável,Com Vítimas Feridas,Pleno dia,Decrescente,Chuva,Simples,Aclive;Curva,Não,1,0,0,1,0,0,1,1,-26.95198296,-52.77778756,SPRF-SC,DEL07-SC,UOP01-DEL07-SC,2022
"426102,0",2022-04-07,quinta-feira,18:45:00,SC,101,"396,8",MARACAJA,Manobra de mudança de faixa,Colisão transversal,Com Vítimas Feridas,Plena Noite,Crescente,Nublado,Múltipla,Interseção de Vias,Não,2,0,2,0,0,0,2,2,-28.84223025,-49.42929268,SPRF-SC,DEL02-SC,UOP02-DEL02-SC,2022
"426108,0",2022-04-07,quinta-feira,20:10:00,SC,470,"138,0",RIO DO SUL,Acesso irregular,Colisão transversal,Com Vítimas Feridas,Plena Noite,Crescente,Nublado,Simples,Retorno Regulamentado,Sim,2,0,1,0,1,0,1,2,-27.19377853,-49.62436974,SPRF-SC,DEL04-SC,UOP02-DEL04-SC,2022
"426115,0",2022-04-07,quinta-feira,20:20:00,SC,101,"339,7",TUBARAO,Ausência de reação do condutor,Colisão traseira,Com Vítimas Feridas,Plena Noite,Crescente,Céu Claro,Simples,Reta,Sim,2,0,0,1,1,0,1,2,-28.49351117,-49.04178985,SPRF-SC,DEL02-SC,UOP01-DEL02-SC,2022
"426118,0",2022-04-07,quinta-feira,19:35:00,SC,101,"281,0",IMBITUBA,Ingestão de álcool pelo condutor,Queda de ocupante de veículo,Com Vítimas Feridas,Plena Noite,Decrescente,Nublado,Dupla,Reta,Sim,1,0,0,1,0,0,1,1,-28.18793595,-48.69652041,SPRF-SC,DEL02-SC,UOP03-DEL02-SC,2022
"426158,0",2022-04-08,sexta-feira,02:00:00,SC,101,"208,0",SAO JOSE,Condutor deixou de manter distância do veículo da frente,Tombamento,Com Vítimas Feridas,Plena Noite,Crescente,Céu Claro,Dupla,Reta,Não,1,0,0,1,0,0,1,1,-27.60327979,-48.63201818,SPRF-SC,DEL01-SC,UOP01-DEL01-SC,2022
"426166,0",2022-04-08,sexta-feira,03:30:00,SC,282,"5,0",SAO JOSE,Ingestão de álcool pelo condutor,Colisão com objeto,Sem Vítimas,Plena Noite,Decrescente,Céu Claro,Múltipla,Reta,Não,1,0,0,0,0,1,0,1,-27.588425,-48.612919,SPRF-SC,DEL01-SC,UOP01-DEL01-SC,2022
"426177,0",2022-04-07,quinta-feira,12:00:00,SC,282,"518,6",XAXIM,Avarias e/ou desgaste excessivo no pneu,Colisão lateral sentido oposto,Com Vítimas Feridas,Pleno dia,Crescente,Chuva,Simples,Reta,Não,3,0,0,1,2,0,1,3,-26.94557805,-52.51336634,SPRF-SC,DEL07-SC,UOP01-DEL07-SC,2022
"426178,0",2022-04-08,sexta-feira,05:45:00,SC,101,"41,0",JOINVILLE,Condutor deixou de manter distância do veículo da frente,Colisão traseira,Com Vítimas Feridas,Pleno dia,Crescente,Céu Claro,Dupla,Reta,Sim,2,0,0,1,1,0,1,2,-26.28215489,-48.88973081,SPRF-SC,DEL03-SC,UOP01-DEL03-SC,2022
"426179,0",2022-04-08,sexta-feira,04:30:00,SC,282,"377,0",HERVAL DOESTE,Objeto estático sobre o leito carroçável,Colisão com objeto,Com Vítimas Feridas,Plena Noite,Decrescente,Garoa/Chuvisco,Simples,Curva;Aclive,Não,1,0,1,0,0,0,1,1,-27.216974,-51.470055,SPRF-SC,DEL07-SC,UOP05-DEL07-SC,2022
"426190,0",2022-04-08,sexta-feira,06:45:00,SC,280,"22,0",ARAQUARI,Retorno proibido,Colisão transversal,Com Vítimas Feridas,Pleno dia,Crescente,Nublado,Simples,Rotatória,Sim,2,0,1,0,0,1,1,2,-26.37092616,-48.70204099,SPRF-SC,DEL03-SC,UOP03-DEL03-SC,2022
"426195,0",2022-04-08,sexta-feira,06:50:00,SC,470,"49,0",BLUMENAU,Objeto estático sobre o leito carroçável,Colisão com objeto,Com Vítimas Feridas,Pleno dia,Decrescente,Nublado,Dupla,Reta,Sim,2,0,2,0,0,0,2,2,-26.860662,-49.065159,SPRF-SC,DEL04-SC,UOP01-DEL04-SC,2022
"426972,0",2022-04-08,sexta-feira,10:30:00,SC,470,"225,0",SAO CRISTOVAO DO SUL,Chuva,Saída de leito carroçável,Com Vítimas Feridas,Pleno dia,Crescente,Chuva,Simples,Curva,Não,3,0,1,0,2,0,1,1,-27.328018,-50.351475,SPRF-SC,DEL05-SC,UOP03-DEL05-SC,2022
"426982,0",2022-04-08,sexta-feira,12:10:00,SC,280,"232,4",CANOINHAS,Acessar a via sem observar a presença dos outros veículos,Colisão lateral mesmo sentido,Com Vítimas Feridas,Pleno dia,Crescente,Garoa/Chuvisco,Simples,Ponte;Reta,Sim,2,0,0,2,0,0,2,2,-26.19014736,-50.38186997,SPRF-SC,DEL06-SC,UOP04-DEL06-SC,2022
"426985,0",2022-04-08,sexta-feira,07:08:00,SC,101,"390,0",CRICIUMA,Reação tardia ou ineficiente do condutor,Tombamento,Com Vítimas Feridas,Pleno dia,Decrescente,Nublado,Simples,Curva;Rotatória,Não,1,0,1,0,0,0,1,1,-28.80704782,-49.37402844,SPRF-SC,DEL02-SC,UOP02-DEL02-SC,2022
"426986,0",2022-04-08,sexta-feira,08:00:00,SC,470,"123,3",IBIRAMA,Acessar a via sem observar a presença dos outros veículos,Colisão transversal,Com Vítimas Feridas,Pleno dia,Decrescente,Nublado,Simples,Interseção de Vias,Sim,3,0,1,0,2,0,1,2,-27.106783,-49.522049,SPRF-SC,DEL04-SC,UOP02-DEL04-SC,2022
"426990,0",2022-04-08,sexta-feira,07:00:00,SC,282,"104,0",ALFREDO WAGNER,Condutor deixou de manter distância do veículo da frente,Colisão traseira,Com Vítimas Feridas,Pleno dia,Crescente,Chuva,Simples,Reta,Sim,2,0,0,1,1,0,1,2,-27.696043,-49.334038,SPRF-SC,DEL01-SC,UOP03-DEL01-SC,2022
"428121,0",2022-04-08,sexta-feira,16:30:00,SC,101,"203,0",SAO JOSE,Acessar a via sem observar a presença dos outros veículos,Colisão transversal,Com Vítimas Feridas,Pleno dia,Crescente,Chuva,Dupla,Interseção de Vias,Sim,2,0,1,0,1,0,1,2,-27.5650044,-48.61460082,SPRF-SC,DEL01-SC,UOP01-DEL01-SC,2022
"428224,0",2022-04-08,sexta-feira,07:45:00,SC,470,"130,2",LONTRAS,Acessar a via sem observar a presença dos outros veículos,Colisão transversal,Com Vítimas Feridas,Pleno dia,Decrescente,Nublado,Simples,Reta,Não,3,0,1,0,2,0,1,3,-27.15756,-49.556488,SPRF-SC,DEL04-SC,UOP02-DEL04-SC,2022
"428225,0",2022-04-08,sexta-feira,17:00:00,SC,101,"204,0",SAO JOSE,Condutor deixou de manter distância do veículo da frente,Engavetamento,Com Vítimas Feridas,Pleno dia,Crescente,Nublado,Múltipla,Reta,Sim,3,0,1,0,2,0,1,3,-27.57413014,-48.61363083,SPRF-SC,DEL01-SC,UOP01-DEL01-SC,2022
"429185,0",2022-04-08,sexta-feira,14:00:00,SC,470,"135,0",RIO DO SUL,Acessar a via sem observar a presença dos outros veículos,Colisão transversal,Com Vítimas Feridas,Pleno dia,Decrescente,Chuva,Simples,Reta,Sim,2,0,0,1,1,0,1,2,-27.188492,-49.61232,SPRF-SC,DEL04-SC,UOP02-DEL04-SC,2022
"429444,0",2022-04-08,sexta-feira,18:15:00,SC,153,"69,7",IRANI,Velocidade Incompatível,Saída de leito carroçável,Sem Vítimas,Anoitecer,Crescente,Chuva,Simples,Curva,Não,1,0,0,0,0,1,0,1,-27.041891,-51.882576,SPRF-SC,DEL07-SC,UOP04-DEL07-SC,2022
"429468,0",2022-04-08,sexta-feira,07:50:00,SC,280,"58,0",GUARAMIRIM,Manobra de mudança de faixa,Colisão lateral mesmo sentido,Com Vítimas Feridas,Pleno dia,Crescente,Nublado,Dupla,Rotatória,Sim,3,0,1,0,2,0,1,2,-26.47415593,-49.021211,SPRF-SC,DEL03-SC,UOP03-DEL03-SC,2022
"429962,0",2022-04-08,sexta-feira,06:20:00,SC,280,"224,6",TRES BARRAS,Reação tardia ou ineficiente do condutor,Saída de leito carroçável,Sem Vítimas,Amanhecer,Decrescente,Nublado,Simples,Reta,Não,1,0,0,0,1,0,0,1,-26.17513189,-50.30394805,SPRF-SC,DEL06-SC,UOP04-DEL06-SC,2022