id,data_inversa,dia_semana,horario,uf,br,km,municipio,causa_acidente,tipo_acidente,classificacao_acidente,fase_dia,sentido_via,condicao_metereologica,tipo_pista,tracado_via,uso_solo,pessoas,mortos,feridos_leves,feridos_graves,ilesos,ignorados,feridos,veiculos,latitude,longitude,regional,delegacia,uop,ano_arquivo
"429967,0",2022-04-08,sexta-feira,17:00:00,SC,470,"58,6",BLUMENAU,Desrespeitar a preferência no cruzamento,Colisão transversal,Com Vítimas Feridas,Pleno dia,Decrescente,Chuva,Simples,Interseção de Vias,Sim,3,0,2,0,1,0,2,2,-26.883879,-49.145622,SPRF-SC,DEL04-SC,UOP01-DEL04-SC,2022
"431378,0",2022-04-08,sexta-feira,21:15:00,SC,101,"391,0",CRICIUMA,Entrada inopinada do pedestre,Atropelamento de Pedestre,Com Vítimas Feridas,Plena Noite,Crescente,Nublado,Dupla,Declive;Reta,Não,3,0,1,0,2,0,1,2,-28.80004819,-49.36282789,SPRF-SC,DEL02-SC,UOP02-DEL02-SC,2022
"432053,0",2022-04-09,sábado,00:56:00,SC,101,"404,0",ARARANGUA,Ausência de reação do condutor,Colisão traseira,Sem Vítimas,Plena Noite,Crescente,Céu Claro,Dupla,Reta,Não,4,0,0,0,4,0,0,2,-28.8976633,-49.47310925,SPRF-SC,DEL02-SC,UOP02-DEL02-SC,2022
"432058,0",2022-04-08,sexta-feira,09:50:00,SC,101,"47,0",JOINVILLE,Pedestre cruzava a pista fora da faixa,Colisão transversal,Com Vítimas Feridas,Pleno dia,Crescente,Céu Claro,Dupla,Reta,Sim,3,0,1,0,2,0,1,2,-26.34234997,-48.85840089,SPRF-SC,DEL03-SC,UOP01-DEL03-SC,2022
"432061,0",2022-04-09,sábado,01:30:00,SC,282,"2,6",SAO JOSE,Ausência de reação do condutor,Colisão traseira,Com Vítimas Feridas,Plena Noite,Decrescente,Céu Claro,Múltipla,Reta,Sim,2,0,1,0,1,0,1,2,-27.603289,-48.590416,SPRF-SC,DEL01-SC,UOP01-DEL01-SC,2022
"432063,0",2022-04-08,sexta-feira,23:45:00,SC,101,"212,0",PALHOCA,Ingestão de álcool pelo condutor,Colisão com objeto,Sem Vítimas,Plena Noite,Crescente,Nublado,Dupla,Reta,Sim,1,0,0,0,0,1,0,1,-27.62996929,-48.65903871,SPRF-SC,DEL01-SC,UOP02-DEL01-SC,2022
"432651,0",2022-04-08,sexta-feira,21:45:00,SC,470,"143,0",RIO DO SUL,Chuva,Tombamento,Com Vítimas Feridas,Plena Noite,Decrescente,Chuva,Simples,Reta,Sim,1,0,1,0,0,0,1,1,-27.233143,-49.672886,SPRF-SC,DEL04-SC,UOP02-DEL04-SC,2022
"435029,0",2022-04-09,sábado,12:25:00,SC,101,"163,0",TIJUCAS,Condutor deixou de manter distância do veículo da frente,Colisão traseira,Com Vítimas Feridas,Pleno dia,Crescente,Sol,Múltipla,Reta,Sim,2,0,1,0,1,0,1,2,-27.23461699,-48.63039809,SPRF-SC,DEL04-SC,UOP03-DEL04-SC,2022
"436557,0",2022-04-09,sábado,10:50:00,SC,101,"205,8",SAO JOSE,Condutor deixou de manter distância do veículo da frente,Colisão traseira,Com Vítimas Feridas,Pleno dia,Decrescente,Céu Claro,Múltipla,Reta,Sim,3,0,1,1,1,0,2,2,-27.5885818,-48.61689985,SPRF-SC,DEL01-SC,UOP01-DEL01-SC,2022
"437794,0",2022-04-09,sábado,11:15:00,SC,470,"5,0",NAVEGANTES,Velocidade Incompatível,Colisão frontal,Com Vítimas Feridas,Pleno dia,Crescente,Céu Claro,Dupla,Rotatória,Sim,5,0,1,0,4,0,1,2,-26.855688,-48.700333,SPRF-SC,DEL04-SC,UOP04-DEL04-SC,2022
"442566,0",2022-04-09,sábado,01:40:00,SC,116,"225,0",CORREIA PINTO,Ingestão de álcool pelo condutor,Colisão com objeto,Com Vítimas Feridas,Plena Noite,Decrescente,Ignorado,Simples,Rotatória,Não,2,0,1,0,1,0,1,1,-27.62660421,-50.34186602,SPRF-SC,DEL05-SC,UOP03-DEL05-SC,2022
"442579,0",2022-04-10,domingo,11:30:00,SC,101,"365,0",SANGAO,Mal súbito do condutor,Saída de leito carroçável,Com Vítimas Feridas,Pleno dia,Crescente,Chuva,Dupla,Reta;Declive,Sim,2,0,1,1,0,0,2,1,-28.68290284,-49.14759308,SPRF-SC,DEL02-SC,UOP01-DEL02-SC,2022
"442583,0",2022-04-09,sábado,21:20:00,SC,101,"271,9",IMBITUBA,Ingestão de álcool pelo condutor,Colisão com objeto,Sem Vítimas,Plena Noite,Crescente,Chuva,Dupla,Reta,Não,2,0,0,0,2,0,0,2,-28.11011972,-48.70211279,SPRF-SC,DEL02-SC,UOP03-DEL02-SC,2022
"442584,0",2022-04-10,domingo,18:10:00,SC,282,"34,4",AGUAS MORNAS,Transitar na contramão,Colisão lateral sentido oposto,Sem Vítimas,Plena Noite,Crescente,Garoa/Chuvisco,Simples,Reta,Não,2,0,0,0,2,0,0,2,-27.70116,-48.800175,SPRF-SC,DEL01-SC,UOP03-DEL01-SC,2022
"442600,0",2022-04-10,domingo,16:40:00,SC,101,"219,0",PALHOCA,Velocidade Incompatível,Colisão traseira,Com Vítimas Feridas,Pleno dia,Decrescente,Nublado,Simples,Reta,Não,5,0,1,1,3,0,2,3,-27.68392194,-48.66710085,SPRF-SC,DEL01-SC,UOP02-DEL01-SC,2022
"442603,0",2022-04-10,domingo,11:10:00,SC,101,"125,0",ITAJAI,Ausência de reação do condutor,Colisão com objeto,Com Vítimas Feridas,Pleno dia,Crescente,Céu Claro,Dupla,Reta,Não,3,0,1,0,2,0,1,2,-26.94802427,-48.68338515,SPRF-SC,DEL04-SC,UOP04-DEL04-SC,2022
"442627,0",2022-04-10,domingo,19:15:00,SC,101,"95,0",BARRA VELHA,Acessar a via sem observar a presença dos outros veículos,Colisão lateral mesmo sentido,Com Vítimas Feridas,Plena Noite,Decrescente,Nublado,Dupla,Reta,Não,3,0,1,1,1,0,2,2,-26.71371078,-48.70276809,SPRF-SC,DEL03-SC,UOP02-DEL03-SC,2022
"442634,0",2022-04-10,domingo,19:15:00,SC,282,"19,0",PALHOCA,Ingestão de álcool e/ou substâncias psicoativas pelo pedestre,Colisão traseira,Sem Vítimas,Plena Noite,Decrescente,Céu Claro,Simples,Reta,Não,2,0,0,0,2,0,0,2,-27.678635,-48.70192,SPRF-SC,DEL01-SC,UOP02-DEL01-SC,2022
"442734,0",2022-04-10,domingo,23:40:00,SC,101,"43,9",JOINVILLE,Pista em desnível,Capotamento,Com Vítimas Feridas,Plena Noite,Crescente,Céu Claro,Dupla,Curva,Não,1,0,1,0,0,0,1,1,-26.30357106,-48.88225609,SPRF-SC,DEL03-SC,UOP01-DEL03-SC,2022
"442736,0",2022-04-11,segunda-feira,00:15:00,SC,280,"24,8",ARAQUARI,Reação tardia ou ineficiente do condutor,Colisão lateral mesmo sentido,Com Vítimas Feridas,Plena Noite,Crescente,Garoa/Chuvisco,Simples,Reta,Não,6,0,6,0,0,0,6,2,-26.37724921,-48.71953282,SPRF-SC,DEL03-SC,UOP03-DEL03-SC,2022
"442771,0",2022-04-10,domingo,09:40:00,SC,470,"87,9",ASCURRA,Acessar a via sem observar a presença dos outros veículos,Colisão lateral mesmo sentido,Com Vítimas Feridas,Pleno dia,Crescente,Céu Claro,Simples,Rotatória,Não,2,0,1,0,1,0,1,2,-26.948483,-49.366833,SPRF-SC,DEL04-SC,UOP01-DEL04-SC,2022
"442773,0",2022-04-10,domingo,15:30:00,SC,470,"62,1",BLUMENAU,Condutor deixou de manter distância do veículo da frente,Colisão traseira,Com Vítimas Feridas,Pleno dia,Decrescente,Céu Claro,Simples,Reta,Não,3,0,2,0,0,1,2,2,-26.874521,-49.182938,SPRF-SC,DEL04-SC,UOP01-DEL04-SC,2022
"442776,0",2022-04-11,segunda-feira,06:00:00,SC,101,"196,0",BIGUACU,Ausência de reação do condutor,Colisão traseira,Sem Vítimas,Amanhecer,Crescente,Nublado,Múltipla,Reta,Sim,2,0,0,0,1,1,0,2,-27.51101091,-48.64322292,SPRF-SC,DEL01-SC,UOP01-DEL01-SC,2022
"442788,0",2022-04-11,segunda-feira,07:20:00,SC,101,"118,0",ITAJAI,Reação tardia ou ineficiente do condutor,Queda de ocupante de veículo,Com Vítimas Feridas,Amanhecer,Decrescente,Nublado,Simples,Reta,Não,2,0,1,0,1,0,1,2,-26.895859,-48.71903,SPRF-SC,DEL04-SC,UOP04-DEL04-SC,2022
"442791,0",2022-04-11,segunda-feira,07:30:00,SC,282,"23,6",SANTO AMARO DA IMPERATRIZ,Acessar a via sem observar a presença dos outros veículos,Colisão transversal,Com Vítimas Feridas,Pleno dia,Decrescente,Chuva,Dupla,Interseção de Vias,Sim,2,0,1,0,1,0,1,2,-27.687958,-48.736794,SPRF-SC,DEL01-SC,UOP03-DEL01-SC,2022
"442792,0",2022-04-10,domingo,22:30:00,SC,280,"96,0",CORUPA,Pista Escorregadia,Saída de leito carroçável,Sem Vítimas,Plena Noite,Decrescente,Garoa/Chuvisco,Simples,Curva,Não,2,0,0,0,2,0,0,1,-26.38379647,-49.32174683,SPRF-SC,DEL06-SC,UOP03-DEL06-SC,2022
"442794,0",2022-04-09,sábado,04:15:00,SC,163,"72,8",SAO MIGUEL DO OESTE,Ultrapassagem Indevida,Colisão frontal,Com Vítimas Feridas,Plena Noite,Crescente,Nevoeiro/Neblina,Simples,Curva,Sim,4,0,0,1,3,0,1,2,-26.71908804,-53.5157791,SPRF-SC,DEL07-SC,UOP03-DEL07-SC,2022
"442825,0",2022-04-11,segunda-feira,07:45:00,SC,101,"201,1",SAO JOSE,Condutor deixou de manter distância do veículo da frente,Colisão traseira,Com Vítimas Feridas,Pleno dia,Crescente,Chuva,Dupla,Reta,Não,2,0,1,0,1,0,1,2,-27.54836599,-48.61977975,SPRF-SC,DEL01-SC,UOP01-DEL01-SC,2022
"442838,0",2022-04-09,sábado,17:20:00,SC,282,"236,0",SAO JOSE DO CERRITO,Velocidade Incompatível,Tombamento,Com Vítimas Feridas,Anoitecer,Crescente,Ignorado,Simples,Reta,Não,1,0,1,0,0,0,1,1,-27.787489,-50.482494,SPRF-SC,DEL05-SC,UOP02-DEL05-SC,2022
"442849,0",2022-04-11,segunda-feira,05:55:00,SC,116,"245,0",LAGES,Ingestão de álcool pelo condutor,Colisão lateral sentido oposto,Com Vítimas Feridas,Amanhecer,Crescente,Garoa/Chuvisco,Simples,Reta,Sim,2,0,0,1,1,0,1,2,-27.79544281,-50.36187437,SPRF-SC,DEL05-SC,UOP01-DEL05-SC,2022
"442853,0",2022-04-09,sábado,23:40:00,SC,101,"229,0",TUBARAO,Ingestão de álcool pelo condutor,Saída de leito carroçável,Com Vítimas Feridas,Plena Noite,Crescente,Chuva,Dupla,Reta,Não,1,0,0,1,0,0,1,1,-28.453944,-48.977964,SPRF-SC,DEL01-SC,UOP02-DEL01-SC,2022
"442867,0",2022-04-08,sexta-feira,18:30:00,SC,470,"236,0",SAO CRISTOVAO DO SUL,Chuva,Colisão lateral sentido oposto,Com Vítimas Feridas,Anoitecer,Crescente,Chuva,Simples,Curva,Não,4,0,1,0,3,0,1,2,-27.30307,-50.447491,SPRF-SC,DEL05-SC,UOP03-DEL05-SC,2022
"442874,0",2022-04-08,sexta-feira,14:00:00,SC,280,"97,5",SAO BENTO DO SUL,Pista Escorregadia,Tombamento,Com Vítimas Fatais,Pleno dia,Crescente,Garoa/Chuvisco,Simples,Declive;Curva,Não,2,1,0,0,1,0,0,2,-26.371675,-49.325781,SPRF-SC,DEL06-SC,UOP03-DEL06-SC,2022
"442881,0",2022-04-11,segunda-feira,10:05:00,SC,280,"263,0",CANOINHAS,Manobra de mudança de faixa,Saída de leito carroçável,Com Vítimas Feridas,Pleno dia,Decrescente,Chuva,Simples,Reta,Não,2,0,2,0,0,0,2,1,-26.262463,-50.668205,SPRF-SC,DEL06-SC,UOP04-DEL06-SC,2022
"442882,0",2022-04-08,sexta-feira,16:10:00,SC,280,"125,0",RIO NEGRINHO,Ausência de reação do condutor,Colisão traseira,Com Vítimas Feridas,Anoitecer,Crescente,Garoa/Chuvisco,Simples,Reta,Sim,2,0,1,0,1,0,1,2,-26.23763684,-49.48434497,SPRF-SC,DEL06-SC,UOP03-DEL06-SC,2022
"442902,0",2022-04-10,domingo,00:45:00,SC,280,"229,9",CANOINHAS,Ausência de reação do condutor,Colisão com objeto,Com Vítimas Feridas,Plena Noite,Crescente,Céu Claro,Simples,Reta,Sim,1,0,0,1,0,0,1,1,-26.18601731,-50.35213894,SPRF-SC,DEL06-SC,UOP04-DEL06-SC,2022
"442908,0",2022-04-11,segunda-feira,07:00:00,SC,282,"615,0",MARAVILHA,Objeto estático sobre o leito carroçável,Colisão com objeto,Com Vítimas Feridas,Pleno dia,Crescente,Chuva,Simples,Curva,Não,1,0,1,0,0,0,1,1,-26.774349,-53.271767,SPRF-SC,DEL07-SC,UOP02-DEL07-SC,2022
"442928,0",2022-04-11,segunda-feira,11:35:00,SC,280,"85,0",CORUPA,Manobra de mudança de faixa,Colisão lateral mesmo sentido,Com Vítimas Feridas,Pleno dia,Decrescente,Céu Claro,Simples,Aclive,Não,2,0,1,0,1,0,1,2,-26.43158487,-49.25150957,SPRF-SC,DEL06-SC,UOP03-DEL06-SC,2022
"442934,0",2022-04-11,segunda-feira,15:15:00,SC,101,"211,0",PALHOCA,Ausência de reação do condutor,Atropelamento de Pedestre,Com Vítimas Feridas,Pleno dia,Crescente,Chuva,Dupla,Viaduto,Sim,2,0,1,0,1,0,1,2,-27.62329313,-48.65245588,SPRF-SC,DEL01-SC,UOP02-DEL01-SC,2022
"442963,0",2022-04-11,segunda-feira,16:00:00,SC,101,"138,0",BALNEARIO CAMBORIU,Chuva,Colisão com objeto,Com Vítimas Feridas,Pleno dia,Decrescente,Chuva,Dupla,Curva,Sim,1,0,1,0,0,0,1,1,-27.02397426,-48.60761649,SPRF-SC,DEL04-SC,UOP03-DEL04-SC,2022
"442989,0",2022-04-11,segunda-feira,11:45:00,SC,280,"30,9",ARAQUARI,Reação tardia ou ineficiente do condutor,Colisão transversal,Com Vítimas Feridas,Pleno dia,Decrescente,Nublado,Simples,Reta,Não,2,0,0,1,1,0,1,2,-26.41648946,-48.77129316,SPRF-SC,DEL03-SC,UOP03-DEL03-SC,2022
"442994,0",2022-04-11,segunda-feira,15:45:00,SC,280,"23,0",ARAQUARI,Reação tardia ou ineficiente do condutor,Queda de ocupante de veículo,Com Vítimas Feridas,Pleno dia,Crescente,Céu Claro,Simples,Interseção de Vias,Sim,1,0,1,0,0,0,1,1,-26.37146,-48.711887,SPRF-SC,DEL03-SC,UOP03-DEL03-SC,2022
"443005,0",2022-04-07,quinta-feira,11:45:00,SC,280,"29,7",ARAQUARI,Acessar a via sem observar a presença dos outros veículos,Colisão lateral mesmo sentido,Com Vítimas Feridas,Pleno dia,Crescente,Garoa/Chuvisco,Simples,Reta;Interseção de Vias,Sim,3,0,0,1,2,0,1,2,-26.41066264,-48.75295628,SPRF-SC,DEL03-SC,UOP03-DEL03-SC,2022
"443016,0",2022-04-11,segunda-feira,19:00:00,SC,163,"73,0",SAO MIGUEL DO OESTE,Ingestão de álcool pelo condutor,Colisão frontal,Sem Vítimas,Plena Noite,Crescente,Chuva,Simples,Reta,Sim,4,0,0,0,4,0,0,2,-26.71084646,-53.51502434,SPRF-SC,DEL07-SC,UOP03-DEL07-SC,2022
"443017,0",2022-04-08,sexta-feira,21:45:00,SC,280,"40,0",ARAQUARI,Transitar na contramão,Colisão frontal,Com Vítimas Feridas,Plena Noite,Decrescente,Garoa/Chuvisco,Simples,Reta,Sim,2,0,1,0,1,0,1,2,-26.44938176,-48.84792002,SPRF-SC,DEL03-SC,UOP03-DEL03-SC,2022
"443039,0",2022-04-11,segunda-feira,22:00:00,SC,101,"339,5",TUBARAO,Transitar na contramão,Colisão frontal,Sem Vítimas,Plena Noite,Decrescente,Nublado,Simples,Reta,Sim,2,0,0,0,2,0,0,2,-28.50740829,-49.04938638,SPRF-SC,DEL02-SC,UOP01-DEL02-SC,2022
"443064,0",2022-04-09,sábado,12:10:00,SC,282,"207,0",LAGES,Afundamento ou ondulação no pavimento,Saída de leito carroçável,Com Vítimas Feridas,Pleno dia,Decrescente,Céu Claro,Simples,Rotatória,Sim,1,0,1,0,0,0,1,1,-27.773464,-50.202095,SPRF-SC,DEL05-SC,UOP01-DEL05-SC,2022
"443065,0",2022-04-10,domingo,05:50:00,SC,282,"225,0",LAGES,Transitar na contramão,Colisão frontal,Com Vítimas Fatais,Amanhecer,Decrescente,Céu Claro,Simples,Reta,Não,4,3,0,1,0,0,1,2,-27.794176,-50.379559,SPRF-SC,DEL05-SC,UOP02-DEL05-SC,2022
"443070,0",2022-04-09,sábado,19:00:00,SC,163,"0,0",DIONISIO CERQUEIRA,Acessar a via sem observar a presença dos outros veículos,Colisão transversal,Com Vítimas Feridas,Plena Noite,Crescente,Céu Claro,Simples,Declive,Sim,2,0,1,0,0,1,1,2,-26.2613,-53.6206,SPRF-SC,DEL07-SC,UOP03-DEL07-SC,2022
"443093,0",2022-04-09,sábado,06:30:00,SC,470,"23,0",ILHOTA,Ausência de reação do condutor,Capotamento,Com Vítimas Feridas,Pleno dia,Crescente,Nublado,Dupla,Reta,Não,1,0,0,1,0,0,1,1,-26.880913,-48.846237,SPRF-SC,DEL04-SC,UOP04-DEL04-SC,2022
"443104,0",2022-04-12,terça-feira,08:05:00,SC,116,"236,0",CORREIA PINTO,Avarias e/ou desgaste excessivo no pneu,Saída de leito carroçável,Com Vítimas Feridas,Pleno dia,Crescente,Nublado,Simples,Curva,Não,2,0,2,0,0,0,2,1,-27.72262586,-50.33635139,SPRF-SC,DEL05-SC,UOP01-DEL05-SC,2022
"443111,0",2022-04-08,sexta-feira,22:00:00,SC,280,"75,0",JARAGUA DO SUL,Ingestão de álcool e/ou substâncias psicoativas pelo pedestre,Colisão frontal,Sem Vítimas,Plena Noite,Crescente,Nublado,Simples,Rotatória,Sim,2,0,0,0,2,0,0,2,-26.45844636,-49.16794896,SPRF-SC,DEL03-SC,UOP03-DEL03-SC,2022
"443123,0",2022-04-12,terça-feira,09:45:00,SC,101,"207,5",SAO JOSE,Chuva,Queda de ocupante de veículo,Com Vítimas Feridas,Pleno dia,Decrescente,Chuva,Múltipla,Reta;Declive,Sim,1,0,1,0,0,0,1,1,-27.60001226,-48.6226467,SPRF-SC,DEL01-SC,UOP01-DEL01-SC,2022
"443136,0",2022-04-09,sábado,14:30:00,SC,101,"203,2",SAO JOSE,Desrespeitar a preferência no cruzamento,Colisão transversal,Com Vítimas Feridas,Pleno dia,Crescente,Céu Claro,Múltipla,Interseção de Vias,Sim,3,0,1,0,2,0,1,2,-27.56593203,-48.61471653,SPRF-SC,DEL01-SC,UOP01-DEL01-SC,2022
"443143,0",2022-04-09,sábado,15:00:00,SC,101,"214,0",PALHOCA,Manobra de mudança de faixa,Tombamento,Com Vítimas Feridas,Pleno dia,Crescente,Sol,Múltipla,Reta,Não,2,0,0,1,0,1,1,2,-27.64443,-48.67057,SPRF-SC,DEL01-SC,UOP02-DEL01-SC,2022
"443158,0",2022-04-12,terça-feira,09:15:00,SC,116,"1,9",MAFRA,Velocidade Incompatível,Colisão traseira,Com Vítimas Feridas,Pleno dia,Decrescente,Nublado,Simples,Reta,Sim,3,0,1,0,2,0,1,2,-26.1170929,-49.78694917,SPRF-SC,DEL06-SC,UOP01-DEL06-SC,2022
"443161,0",2022-04-09,sábado,07:00:00,SC,116,"264,0",CAPAO ALTO,Velocidade Incompatível,Saída de leito carroçável,Com Vítimas Feridas,Amanhecer,Decrescente,Céu Claro,Simples,Reta,Não,1,0,1,0,0,0,1,1,-27.93262143,-50.46174687,SPRF-SC,DEL05-SC,UOP02-DEL05-SC,2022
"443172,0",2022-04-09,sábado,05:30:00,SC,282,"213,5",LAGES,Ingestão de álcool pelo condutor,Saída de leito carroçável,Sem Vítimas,Plena Noite,Crescente,Garoa/Chuvisco,Simples,Reta,Sim,1,0,0,0,0,1,0,1,-27.78631495,-50.26459694,SPRF-SC,DEL05-SC,UOP01-DEL05-SC,2022
"443192,0",2022-04-12,terça-feira,14:30:00,SC,282,"207,0",LAGES,Ausência de reação do condutor,Colisão com objeto,Com Vítimas Feridas,Pleno dia,Crescente,Nublado,Simples,Reta,Sim,2,0,2,0,0,0,2,1,-27.773464,-50.202095,SPRF-SC,DEL05-SC,UOP01-DEL05-SC,2022
"443194,0",2022-04-10,domingo,02:50:00,SC,101,"325,5",CAPIVARI DE BAIXO,Chuva,Colisão traseira,Com Vítimas Feridas,Plena Noite,Crescente,Chuva,Múltipla,Reta,Sim,3,0,0,2,1,0,2,2,-28.42516271,-48.93259193,SPRF-SC,DEL02-SC,UOP01-DEL02-SC,2022
"443210,0",2022-04-08,sexta-feira,18:30:00,SC,280,"181,0",MAFRA,Velocidade Incompatível,Saída de leito carroçável,Sem Vítimas,Plena Noite,Crescente,Chuva,Simples,Declive;Reta,Não,1,0,0,0,1,0,0,1,-26.17201114,-49.89655396,SPRF-SC,DEL06-SC,UOP01-DEL06-SC,2022
"443212,0",2022-04-09,sábado,23:45:00,SC,101,"107,0",PENHA,Ingestão de álcool pelo condutor,Saída de leito carroçável,Sem Vítimas,Plena Noite,Crescente,Céu Claro,Dupla,Reta,Não,1,0,0,0,1,0,0,1,-26.81930608,-48.68390282,SPRF-SC,DEL03-SC,UOP02-DEL03-SC,2022
"443236,0",2022-04-12,terça-feira,15:30:00,SC,101,"96,7",BALNEARIO PICARRAS,Reação tardia ou ineficiente do condutor,Colisão com objeto,Com Vítimas Feridas,Pleno dia,Crescente,Garoa/Chuvisco,Dupla,Reta,Não,2,0,2,0,0,0,2,1,-26.718427,-48.70233,SPRF-SC,DEL03-SC,UOP02-DEL03-SC,2022
"443250,0",2022-04-12,terça-feira,18:20:00,SC,101,"199,0",BIGUACU,Ausência de reação do condutor,Colisão lateral mesmo sentido,Com Vítimas Feridas,Plena Noite,Crescente,Céu Claro,Dupla,Reta,Sim,2,0,1,0,1,0,1,2,-27.53413705,-48.63003205,SPRF-SC,DEL01-SC,UOP01-DEL01-SC,2022
"443253,0",2022-04-12,terça-feira,18:25:00,SC,282,"215,0",LAGES,Acessar a via sem observar a presença dos outros veículos,Atropelamento de Pedestre,Com Vítimas Feridas,Anoitecer,Decrescente,Nublado,Simples,Reta,Sim,2,0,1,1,0,0,2,2,-27.793665,-50.281799,SPRF-SC,DEL05-SC,UOP01-DEL05-SC,2022
"443266,0",2022-04-12,terça-feira,18:30:00,SC,101,"214,0",SAO JOSE,Condutor deixou de manter distância do veículo da frente,Colisão traseira,Com Vítimas Feridas,Plena Noite,Crescente,Céu Claro,Múltipla,Reta,Sim,5,0,0,1,4,0,1,4,-27.53413705,-48.63003205,SPRF-SC,DEL01-SC,UOP02-DEL01-SC,2022
"443267,0",2022-04-12,terça-feira,17:15:00,SC,163,"105,6",SAO JOSE DO CEDRO,Ausência de reação do condutor,Colisão transversal,Com Vítimas Feridas,Pleno dia,Decrescente,Garoa/Chuvisco,Simples,Declive;Reta,Não,2,0,0,1,1,0,1,2,-26.44612099,-53.51490283,SPRF-SC,DEL07-SC,UOP03-DEL07-SC,2022
"443272,0",2022-04-12,terça-feira,20:30:00,SC,282,"28,3",SANTO AMARO DA IMPERATRIZ,Acessar a via sem observar a presença dos outros veículos,Colisão transversal,Com Vítimas Feridas,Plena Noite,Decrescente,Nublado,Simples,Rotatória,Sim,2,0,1,0,1,0,1,2,-27.67478,-48.778904,SPRF-SC,DEL01-SC,UOP03-DEL01-SC,2022
"443276,0",2022-04-12,terça-feira,20:20:00,SC,116,"5,0",MAFRA,Reação tardia ou ineficiente do condutor,Colisão traseira,Sem Vítimas,Plena Noite,Decrescente,Nublado,Simples,Retorno Regulamentado;Interseção de Vias;Rotatória,Sim,4,0,0,0,4,0,0,2,-26.14587191,-49.82174462,SPRF-SC,DEL06-SC,UOP01-DEL06-SC,2022
"443289,0",2022-04-12,terça-feira,21:20:00,SC,470,"52,5",BLUMENAU,Desrespeitar a preferência no cruzamento,Colisão transversal,Com Vítimas Feridas,Plena Noite,Crescente,Nublado,Simples,Interseção de Vias,Não,3,0,1,0,2,0,1,2,-26.862286,-49.093903,SPRF-SC,DEL04-SC,UOP01-DEL04-SC,2022
"443291,0",2022-04-12,terça-feira,22:00:00,SC,101,"147,0",ITAPEMA,Ausência de reação do condutor,Colisão traseira,Com Vítimas Feridas,Plena Noite,Decrescente,Nublado,Múltipla,Declive,Sim,2,0,2,0,0,0,2,2,-27.09237407,-48.61730888,SPRF-SC,DEL04-SC,UOP03-DEL04-SC,2022
"443303,0",2022-04-13,quarta-feira,03:50:00,SC,101,"89,0",BARRA VELHA,Ausência de reação do condutor,Saída de leito carroçável,Com Vítimas Feridas,Plena Noite,Crescente,Nublado,Simples,Reta,Não,1,0,1,0,0,0,1,1,-26.65175997,-48.68721921,SPRF-SC,DEL03-SC,UOP02-DEL03-SC,2022
"443312,0",2022-04-10,domingo,02:40:00,SC,282,"679,5",PARAISO,Neblina,Saída de leito carroçável,Com Vítimas Feridas,Plena Noite,Decrescente,Nevoeiro/Neblina,Simples,Curva,Não,2,0,2,0,0,0,2,1,-26.61327,-53.701958,SPRF-SC,DEL07-SC,UOP03-DEL07-SC,2022
"443314,0",2022-04-13,quarta-feira,01:05:00,SC,101,"199,0",SAO JOSE,Ingestão de substâncias psicoativas pelo condutor,Capotamento,Com Vítimas Feridas,Plena Noite,Crescente,Céu Claro,Dupla,Reta,Sim,1,0,1,0,0,0,1,1,-27.53413705,-48.63003205,SPRF-SC,DEL01-SC,UOP01-DEL01-SC,2022
"443321,0",2022-04-09,sábado,21:15:00,SC,282,"4,5",SAO JOSE,Ingestão de álcool pelo condutor,Colisão com objeto,Com Vítimas Feridas,Plena Noite,Crescente,Nublado,Dupla,Reta,Sim,1,0,1,0,0,0,1,1,-27.592646,-48.604034,SPRF-SC,DEL01-SC,UOP01-DEL01-SC,2022
"443323,0",2022-04-09,sábado,22:00:00,SC,101,"294,0",IMBITUBA,Acessar a via sem observar a presença dos outros veículos,Colisão lateral mesmo sentido,Com Vítimas Feridas,Plena Noite,Decrescente,Garoa/Chuvisco,Múltipla,Reta,Não,13,0,5,0,8,0,5,2,-28.31558178,-48.7250689,SPRF-SC,DEL02-SC,UOP03-DEL02-SC,2022
"443325,0",2022-04-13,quarta-feira,07:30:00,SC,470,"134,7",RIO DO SUL,Acessar a via sem observar a presença dos outros veículos,Colisão traseira,Com Vítimas Feridas,Pleno dia,Decrescente,Nublado,Simples,Reta,Sim,2,0,1,0,1,0,1,2,-27.181854,-49.600128,SPRF-SC,DEL04-SC,UOP02-DEL04-SC,2022
"443329,0",2022-04-10,domingo,03:40:00,SC,282,"379,0",HERVAL DOESTE,Reação tardia ou ineficiente do condutor,Colisão com objeto,Sem Vítimas,Plena Noite,Crescente,Nevoeiro/Neblina,Simples,Retorno Regulamentado,Sim,1,0,0,0,0,1,0,1,-27.214485,-51.484738,SPRF-SC,DEL07-SC,UOP05-DEL07-SC,2022
"443340,0",2022-04-09,sábado,17:00:00,SC,101,"216,0",PALHOCA,Ausência de reação do condutor,Colisão traseira,Com Vítimas Feridas,Pleno dia,Crescente,Sol,Dupla,Reta,Sim,2,0,1,0,1,0,1,2,-27.65981409,-48.67747798,SPRF-SC,DEL01-SC,UOP02-DEL01-SC,2022
"443349,0",2022-04-09,sábado,20:16:00,SC,470,"158,0",TROMBUDO CENTRAL,Velocidade Incompatível,Colisão traseira,Com Vítimas Feridas,Plena Noite,Decrescente,Nublado,Simples,Curva,Sim,6,0,5,0,1,0,5,2,-27.287016,-49.778389,SPRF-SC,DEL04-SC,UOP02-DEL04-SC,2022