id,data_inversa,dia_semana,horario,uf,br,km,municipio,causa_acidente,tipo_acidente,classificacao_acidente,fase_dia,sentido_via,condicao_metereologica,tipo_pista,tracado_via,uso_solo,pessoas,mortos,feridos_leves,feridos_graves,ilesos,ignorados,feridos,veiculos,latitude,longitude,regional,delegacia,uop,ano_arquivo
"443350,0",2022-04-10,domingo,01:50:00,SC,101,"27,4",JOINVILLE,Ingestão de álcool pelo condutor,Colisão com objeto,Sem Vítimas,Plena Noite,Crescente,Nublado,Dupla,Viaduto;Reta;Declive,Sim,1,0,0,0,1,0,0,1,-26.20130351,-48.91331794,SPRF-SC,DEL03-SC,UOP01-DEL03-SC,2022
"443353,0",2022-04-02,sábado,00:15:00,SC,470,"5,0",NAVEGANTES,Obras na pista,Saída de leito carroçável,Com Vítimas Feridas,Plena Noite,Crescente,Nublado,Dupla,Em Obras;Reta,Sim,3,0,1,0,1,1,1,1,-26.855688,-48.700333,SPRF-SC,DEL04-SC,UOP04-DEL04-SC,2022
"443358,0",2022-04-09,sábado,08:50:00,SC,470,"65,7",INDAIAL,Acessar a via sem observar a presença dos outros veículos,Colisão transversal,Com Vítimas Feridas,Pleno dia,Decrescente,Céu Claro,Simples,Reta;Retorno Regulamentado,Sim,2,0,1,0,1,0,1,2,-26.870411,-49.211864,SPRF-SC,DEL04-SC,UOP01-DEL04-SC,2022
"443359,0",2022-04-09,sábado,11:15:00,SC,470,"70,0",INDAIAL,Retorno proibido,Colisão transversal,Com Vítimas Feridas,Pleno dia,Crescente,Céu Claro,Simples,Reta;Em Obras,Sim,3,0,1,2,0,0,3,2,-26.8877579,-49.25247258,SPRF-SC,DEL04-SC,UOP01-DEL04-SC,2022
"443360,0",2022-04-09,sábado,23:00:00,SC,470,"31,9",GASPAR,Velocidade Incompatível,Saída de leito carroçável,Sem Vítimas,Plena Noite,Crescente,Nublado,Dupla,Retorno Regulamentado;Reta,Sim,1,0,0,0,0,1,0,1,-26.90129048,-48.93211842,SPRF-SC,DEL04-SC,UOP01-DEL04-SC,2022
"443368,0",2022-04-10,domingo,05:20:00,SC,101,"42,0",JOINVILLE,Ingestão de álcool pelo condutor,Colisão com objeto,Com Vítimas Feridas,Amanhecer,Crescente,Céu Claro,Simples,Curva,Sim,4,0,0,3,1,0,3,1,-26.3264605,-48.86577129,SPRF-SC,DEL03-SC,UOP01-DEL03-SC,2022
"443390,0",2022-04-09,sábado,10:50:00,SC,101,"83,0",BARRA VELHA,Reação tardia ou ineficiente do condutor,Colisão traseira,Com Vítimas Feridas,Pleno dia,Crescente,Nublado,Dupla,Curva,Não,2,0,1,0,1,0,1,2,-26.61865655,-48.71834126,SPRF-SC,DEL03-SC,UOP02-DEL03-SC,2022
"443392,0",2022-04-13,quarta-feira,10:25:00,SC,101,"215,0",PALHOCA,Reação tardia ou ineficiente do condutor,Colisão traseira,Com Vítimas Feridas,Pleno dia,Crescente,Sol,Múltipla,Reta,Sim,2,0,1,0,1,0,1,2,-27.64443,-48.67057,SPRF-SC,DEL01-SC,UOP02-DEL01-SC,2022
"443393,0",2022-04-09,sábado,19:20:00,SC,101,"96,0",BARRA VELHA,Reação tardia ou ineficiente do condutor,Colisão traseira,Com Vítimas Feridas,Plena Noite,Decrescente,Nublado,Dupla,Reta,Não,3,0,2,0,0,1,2,2,-26.718427,-48.70233,SPRF-SC,DEL03-SC,UOP02-DEL03-SC,2022
"443406,0",2022-04-13,quarta-feira,09:40:00,SC,101,"39,5",JOINVILLE,Ausência de reação do condutor,Colisão lateral mesmo sentido,Com Vítimas Feridas,Pleno dia,Crescente,Nublado,Dupla,Interseção de Vias,Sim,2,0,1,0,1,0,1,2,-26.2628107,-48.90192257,SPRF-SC,DEL03-SC,UOP01-DEL03-SC,2022
"443423,0",2022-04-13,quarta-feira,12:25:00,SC,101,"202,8",SAO JOSE,Transitar na contramão,Colisão transversal,Com Vítimas Feridas,Pleno dia,Crescente,Nublado,Simples,Interseção de Vias,Sim,2,0,1,0,1,0,1,2,-27.55711595,-48.61897889,SPRF-SC,DEL01-SC,UOP01-DEL01-SC,2022
"443427,0",2022-04-13,quarta-feira,12:40:00,SC,101,"133,5",BALNEARIO CAMBORIU,Demais falhas mecânicas ou elétricas,Incêndio,Sem Vítimas,Pleno dia,Decrescente,Nublado,Múltipla,Reta,Não,1,0,0,0,1,0,0,1,-26.99936,-48.64609,SPRF-SC,DEL04-SC,UOP03-DEL04-SC,2022
"443438,0",2022-04-09,sábado,22:30:00,SC,101,"132,0",BALNEARIO CAMBORIU,Reação tardia ou ineficiente do condutor,Saída de leito carroçável,Sem Vítimas,Plena Noite,Crescente,Nublado,Múltipla,Reta,Não,1,0,0,0,0,1,0,1,-26.99654133,-48.65564711,SPRF-SC,DEL04-SC,UOP03-DEL04-SC,2022
"443441,0",2022-02-12,sábado,08:00:00,SC,280,"31,0",ARAQUARI,Velocidade Incompatível,Colisão traseira,Com Vítimas Feridas,Pleno dia,Crescente,Sol,Simples,Reta,Sim,7,0,0,2,5,0,2,5,-26.41649938,-48.77181215,SPRF-SC,DEL03-SC,UOP03-DEL03-SC,2022
"443443,0",2022-04-10,domingo,02:00:00,SC,101,"139,0",BALNEARIO CAMBORIU,Reação tardia ou ineficiente do condutor,Saída de leito carroçável,Sem Vítimas,Plena Noite,Crescente,Nublado,Dupla,Reta,Não,1,0,0,0,0,1,0,1,-27.02982303,-48.60115006,SPRF-SC,DEL04-SC,UOP03-DEL04-SC,2022
"443444,0",2022-04-13,quarta-feira,09:50:00,SC,116,"290,5",CAPAO ALTO,Ultrapassagem Indevida,Colisão frontal,Com Vítimas Fatais,Pleno dia,Decrescente,Céu Claro,Simples,Declive;Reta,Não,5,1,2,2,0,0,4,2,-28.11347414,-50.62465668,SPRF-SC,DEL05-SC,UOP02-DEL05-SC,2022
"443448,0",2022-03-27,domingo,17:10:00,SC,282,"461,5",PONTE SERRADA,Acesso irregular,Colisão transversal,Com Vítimas Fatais,Pleno dia,Crescente,Céu Claro,Simples,Aclive,Sim,5,1,4,0,0,0,4,2,-26.86626676,-52.02292442,SPRF-SC,DEL07-SC,UOP04-DEL07-SC,2022
"443479,0",2022-04-13,quarta-feira,16:30:00,SC,101,"193,3",BIGUACU,Manobra de mudança de faixa,Saída de leito carroçável,Com Vítimas Feridas,Pleno dia,Crescente,Céu Claro,Simples,Reta,Não,4,0,2,0,2,0,2,2,-27.489574,-48.655914,SPRF-SC,DEL01-SC,UOP01-DEL01-SC,2022
"443501,0",2022-03-05,sábado,00:40:00,SC,101,"381,5",ICARA,Ingestão de álcool pelo condutor,Capotamento,Com Vítimas Feridas,Plena Noite,Crescente,Ignorado,Simples,Declive,Sim,1,0,1,0,0,0,1,1,-28.75478409,-49.27732095,SPRF-SC,DEL02-SC,UOP02-DEL02-SC,2022
"443504,0",2022-04-09,sábado,19:50:00,SC,280,"28,9",ARAQUARI,Desrespeitar a preferência no cruzamento,Colisão frontal,Com Vítimas Feridas,Plena Noite,Crescente,Céu Claro,Simples,Interseção de Vias,Sim,4,0,1,1,2,0,2,2,-26.40978248,-48.75148773,SPRF-SC,DEL03-SC,UOP03-DEL03-SC,2022
"443505,0",2022-04-13,quarta-feira,17:35:00,SC,470,"70,9",INDAIAL,Reação tardia ou ineficiente do condutor,Colisão transversal,Com Vítimas Feridas,Pleno dia,Crescente,Nublado,Simples,Reta;Em Obras,Sim,2,0,0,1,1,0,1,2,-26.89540611,-49.26244855,SPRF-SC,DEL04-SC,UOP01-DEL04-SC,2022
"443519,0",2022-04-13,quarta-feira,14:30:00,SC,280,"268,2",IRINEOPOLIS,Desrespeitar a preferência no cruzamento,Colisão transversal,Com Vítimas Feridas,Pleno dia,Crescente,Céu Claro,Simples,Interseção de Vias,Sim,4,0,2,1,1,0,3,2,-26.2638614,-50.71221861,SPRF-SC,DEL06-SC,UOP04-DEL06-SC,2022
"443520,0",2022-04-13,quarta-feira,17:45:00,SC,101,"105,6",PENHA,Acessar a via sem observar a presença dos outros veículos,Colisão transversal,Com Vítimas Feridas,Anoitecer,Decrescente,Nublado,Dupla,Interseção de Vias,Não,2,0,1,1,0,0,2,2,-26.80215497,-48.67891041,SPRF-SC,DEL03-SC,UOP02-DEL03-SC,2022
"443528,0",2022-04-13,quarta-feira,18:30:00,SC,282,"23,0",SANTO AMARO DA IMPERATRIZ,Acessar a via sem observar a presença dos outros veículos,Colisão transversal,Com Vítimas Feridas,Plena Noite,Crescente,Céu Claro,Simples,Interseção de Vias,Sim,3,0,1,0,2,0,1,2,-27.687958,-48.736794,SPRF-SC,DEL01-SC,UOP02-DEL01-SC,2022
"443531,0",2022-04-13,quarta-feira,19:15:00,SC,101,"194,0",BIGUACU,Trafegar com motocicleta (ou similar) entre as faixas,Colisão traseira,Com Vítimas Feridas,Plena Noite,Decrescente,Nublado,Simples,Reta,Sim,2,0,1,0,1,0,1,2,-27.49815117,-48.65661236,SPRF-SC,DEL01-SC,UOP01-DEL01-SC,2022
"443606,0",2022-04-14,quinta-feira,04:30:00,SC,101,"161,0",TIJUCAS,Ausência de reação do condutor,Queda de ocupante de veículo,Com Vítimas Feridas,Plena Noite,Decrescente,Céu Claro,Dupla,Reta,Sim,2,0,2,0,0,0,2,1,-27.21673911,-48.6244238,SPRF-SC,DEL04-SC,UOP03-DEL04-SC,2022
"443619,0",2022-04-14,quinta-feira,02:40:00,SC,101,"116,0",ITAJAI,Velocidade Incompatível,Queda de ocupante de veículo,Sem Vítimas,Plena Noite,Crescente,Nublado,Múltipla,Reta,Sim,2,0,0,0,0,2,0,2,-26.87905605,-48.72603512,SPRF-SC,DEL04-SC,UOP04-DEL04-SC,2022
"443622,0",2022-04-14,quinta-feira,06:30:00,SC,101,"119,0",ITAJAI,Pista Escorregadia,Colisão com objeto,Com Vítimas Feridas,Pleno dia,Decrescente,Chuva,Múltipla,Reta,Sim,2,0,1,0,1,0,1,2,-26.9043179,-48.71555481,SPRF-SC,DEL04-SC,UOP04-DEL04-SC,2022
"443632,0",2022-04-03,domingo,00:56:00,SC,470,"6,0",NAVEGANTES,Reação tardia ou ineficiente do condutor,Colisão lateral mesmo sentido,Com Vítimas Fatais,Plena Noite,Crescente,Garoa/Chuvisco,Dupla,Reta,Não,2,1,0,0,1,0,0,2,-26.83133271,-48.70119095,SPRF-SC,DEL04-SC,UOP04-DEL04-SC,2022
"443645,0",2022-04-14,quinta-feira,08:35:00,SC,101,"142,6",ITAPEMA,Desrespeitar a preferência no cruzamento,Colisão transversal,Com Vítimas Feridas,Pleno dia,Crescente,Nublado,Dupla,Interseção de Vias,Sim,2,0,0,1,1,0,1,2,-27.06190325,-48.59645789,SPRF-SC,DEL04-SC,UOP03-DEL04-SC,2022
"443675,0",2022-04-14,quinta-feira,12:20:00,SC,101,"230,8",PALHOCA,Demais falhas mecânicas ou elétricas,Tombamento,Com Vítimas Feridas,Pleno dia,Decrescente,Nublado,Dupla,Curva,Sim,1,0,1,0,0,0,1,1,-27.77781898,-48.63489608,SPRF-SC,DEL01-SC,UOP02-DEL01-SC,2022
"443679,0",2022-04-14,quinta-feira,08:48:00,SC,116,"199,0",PONTE ALTA,Desrespeitar a preferência no cruzamento,Colisão transversal,Com Vítimas Feridas,Pleno dia,Decrescente,Céu Claro,Simples,Interseção de Vias,Não,2,0,1,0,1,0,1,2,-27.42102791,-50.41128862,SPRF-SC,DEL05-SC,UOP03-DEL05-SC,2022
"443683,0",2022-02-12,sábado,14:45:00,SC,101,"130,9",ITAJAI,Ultrapassagem Indevida,Colisão frontal,Com Vítimas Feridas,Pleno dia,Crescente,Céu Claro,Simples,Curva,Não,3,0,2,0,1,0,2,2,-26.98407618,-48.66977107,SPRF-SC,DEL04-SC,UOP03-DEL04-SC,2022
"443692,0",2022-04-14,quinta-feira,14:00:00,SC,101,"204,0",SAO JOSE,Velocidade Incompatível,Queda de ocupante de veículo,Com Vítimas Feridas,Pleno dia,Decrescente,Céu Claro,Dupla,Curva,Sim,1,0,1,0,0,0,1,1,-27.58630914,-48.61544793,SPRF-SC,DEL01-SC,UOP01-DEL01-SC,2022
"443693,0",2022-04-14,quinta-feira,07:15:00,SC,282,"224,8",LAGES,Acessar a via sem observar a presença dos outros veículos,Colisão lateral mesmo sentido,Com Vítimas Feridas,Pleno dia,Crescente,Céu Claro,Simples,Declive;Reta,Não,4,0,2,0,1,1,2,3,-27.79384162,-50.37861228,SPRF-SC,DEL05-SC,UOP02-DEL05-SC,2022
"443730,0",2022-04-09,sábado,12:30:00,SC,101,"163,0",TIJUCAS,Condutor deixou de manter distância do veículo da frente,Colisão traseira,Com Vítimas Feridas,Pleno dia,Crescente,Sol,Múltipla,Reta,Sim,2,0,1,0,1,0,1,2,-27.23461699,-48.63039809,SPRF-SC,DEL04-SC,UOP03-DEL04-SC,2022
"443732,0",2022-04-10,domingo,06:05:00,SC,101,"134,0",BALNEARIO CAMBORIU,Ingestão de álcool pelo condutor,Colisão com objeto,Com Vítimas Feridas,Pleno dia,Crescente,Céu Claro,Múltipla,Reta,Sim,1,0,1,0,0,0,1,1,-27.00218,-48.636433,SPRF-SC,DEL04-SC,UOP03-DEL04-SC,2022
"443757,0",2022-04-14,quinta-feira,17:15:00,SC,470,"92,0",APIUNA,Ausência de reação do condutor,Colisão lateral mesmo sentido,Com Vítimas Feridas,Anoitecer,Crescente,Nublado,Simples,Reta,Não,2,0,0,1,1,0,1,2,-26.98592,-49.373047,SPRF-SC,DEL04-SC,UOP01-DEL04-SC,2022
"443761,0",2022-04-14,quinta-feira,19:10:00,SC,101,"122,0",ITAJAI,Manobra de mudança de faixa,Colisão traseira,Com Vítimas Feridas,Plena Noite,Decrescente,Céu Claro,Dupla,Reta,Não,3,0,0,1,1,1,1,3,-26.92955916,-48.70499836,SPRF-SC,DEL04-SC,UOP04-DEL04-SC,2022
"443766,0",2022-04-14,quinta-feira,19:15:00,SC,101,"202,0",SAO JOSE,Condutor deixou de manter distância do veículo da frente,Colisão traseira,Com Vítimas Feridas,Plena Noite,Crescente,Céu Claro,Dupla,Reta,Sim,3,0,1,0,2,0,1,3,-27.55711595,-48.61897889,SPRF-SC,DEL01-SC,UOP01-DEL01-SC,2022
"443770,0",2022-04-14,quinta-feira,18:41:00,SC,101,"209,0",SAO JOSE,Manobra de mudança de faixa,Colisão lateral mesmo sentido,Com Vítimas Feridas,Plena Noite,Crescente,Ignorado,Simples,Reta,Sim,3,0,2,0,1,0,2,2,-27.61000542,-48.63895057,SPRF-SC,DEL01-SC,UOP01-DEL01-SC,2022
"443785,0",2022-04-14,quinta-feira,20:10:00,SC,282,"3,5",FLORIANOPOLIS,Condutor deixou de manter distância do veículo da frente,Colisão traseira,Com Vítimas Feridas,Plena Noite,Crescente,Nublado,Múltipla,Reta,Sim,2,0,0,1,1,0,1,2,-27.600384,-48.599705,SPRF-SC,DEL01-SC,UOP01-DEL01-SC,2022
"443787,0",2022-04-14,quinta-feira,20:00:00,SC,101,"240,0",PALHOCA,Acessar a via sem observar a presença dos outros veículos,Atropelamento de Pedestre,Com Vítimas Feridas,Plena Noite,Crescente,Céu Claro,Dupla,Reta,Não,2,0,0,1,1,0,1,2,-27.85825092,-48.64383119,SPRF-SC,DEL01-SC,UOP02-DEL01-SC,2022
"443822,0",2022-04-14,quinta-feira,22:30:00,SC,282,"554,7",NOVA ITABERABA,Animais na Pista,Saída de leito carroçável,Com Vítimas Feridas,Plena Noite,Decrescente,Céu Claro,Simples,Interseção de Vias,Não,1,0,1,0,0,0,1,1,-26.936278,-52.800781,SPRF-SC,DEL07-SC,UOP01-DEL07-SC,2022
"443835,0",2022-04-15,sexta-feira,00:40:00,SC,470,"142,1",RIO DO SUL,Condutor Dormindo,Colisão com objeto,Com Vítimas Feridas,Plena Noite,Crescente,Nublado,Simples,Curva,Sim,1,0,0,1,0,0,1,1,-27.229801,-49.6693,SPRF-SC,DEL04-SC,UOP02-DEL04-SC,2022
"443839,0",2022-04-15,sexta-feira,01:45:00,SC,470,"139,9",RIO DO SUL,Velocidade Incompatível,Saída de leito carroçável,Sem Vítimas,Plena Noite,Decrescente,Nublado,Simples,Reta,Não,1,0,0,0,1,0,0,1,-27.226065,-49.666161,SPRF-SC,DEL04-SC,UOP02-DEL04-SC,2022
"443848,0",2022-04-15,sexta-feira,05:40:00,SC,101,"134,0",BALNEARIO CAMBORIU,Ingestão de álcool pelo condutor,Colisão com objeto,Sem Vítimas,Amanhecer,Decrescente,Céu Claro,Múltipla,Interseção de Vias,Sim,1,0,0,0,1,0,0,1,-27.00218,-48.636433,SPRF-SC,DEL04-SC,UOP03-DEL04-SC,2022
"443868,0",2022-04-15,sexta-feira,05:30:00,SC,101,"314,0",LAGUNA,Reação tardia ou ineficiente do condutor,Colisão traseira,Sem Vítimas,Amanhecer,Decrescente,Céu Claro,Dupla,Ponte,Não,2,0,0,0,2,0,0,2,-28.44043981,-48.82497095,SPRF-SC,DEL02-SC,UOP01-DEL02-SC,2022
"443915,0",2022-04-15,sexta-feira,10:30:00,SC,116,"149,0",SANTA CECILIA,Ausência de reação do condutor,Saída de leito carroçável,Com Vítimas Feridas,Pleno dia,Crescente,Céu Claro,Simples,Reta,Não,3,0,2,0,1,0,2,1,-27.02405304,-50.42005513,SPRF-SC,DEL06-SC,UOP02-DEL06-SC,2022
"443918,0",2022-04-15,sexta-feira,12:15:00,SC,101,"232,3",PALHOCA,Condutor Dormindo,Colisão traseira,Com Vítimas Feridas,Pleno dia,Crescente,Sol,Dupla,Reta,Não,3,0,0,1,2,0,1,3,-27.795666,-48.638153,SPRF-SC,DEL01-SC,UOP02-DEL01-SC,2022
"443925,0",2022-04-15,sexta-feira,12:30:00,SC,470,"7,0",NAVEGANTES,Reação tardia ou ineficiente do condutor,Colisão traseira,Com Vítimas Feridas,Pleno dia,Decrescente,Céu Claro,Dupla,Reta,Não,2,0,1,0,1,0,1,2,-26.84499,-48.71505,SPRF-SC,DEL04-SC,UOP04-DEL04-SC,2022
"443943,0",2022-04-15,sexta-feira,15:00:00,SC,101,"111,3",NAVEGANTES,Demais falhas mecânicas ou elétricas,Incêndio,Sem Vítimas,Pleno dia,Decrescente,Céu Claro,Dupla,Reta,Sim,1,0,0,0,1,0,0,1,-26.83955734,-48.71418074,SPRF-SC,DEL04-SC,UOP04-DEL04-SC,2022
"443953,0",2022-04-15,sexta-feira,16:00:00,SC,280,"58,6",GUARAMIRIM,Ausência de reação do condutor,Colisão lateral mesmo sentido,Com Vítimas Feridas,Pleno dia,Crescente,Céu Claro,Simples,Curva;Interseção de Vias,Sim,2,0,1,0,1,0,1,2,-26.47415593,-49.021211,SPRF-SC,DEL03-SC,UOP03-DEL03-SC,2022
"443960,0",2022-04-15,sexta-feira,17:40:00,SC,282,"219,0",LAGES,Demais falhas mecânicas ou elétricas,Queda de ocupante de veículo,Com Vítimas Feridas,Pleno dia,Decrescente,Céu Claro,Simples,Reta,Sim,1,0,1,0,0,0,1,1,-27.795521,-50.323608,SPRF-SC,DEL05-SC,UOP01-DEL05-SC,2022
"443979,0",2022-04-15,sexta-feira,19:50:00,SC,101,"275,0",IMBITUBA,Reação tardia ou ineficiente do condutor,Colisão com objeto,Com Vítimas Feridas,Plena Noite,Decrescente,Céu Claro,Múltipla,Reta,Sim,7,0,4,0,3,0,4,1,-28.138086,-48.69218292,SPRF-SC,DEL02-SC,UOP03-DEL02-SC,2022
"444005,0",2022-04-16,sábado,00:15:00,SC,282,"586,0",PINHALZINHO,Ingestão de álcool pelo condutor,Saída de leito carroçável,Com Vítimas Feridas,Plena Noite,Decrescente,Nublado,Simples,Reta,Não,2,0,0,2,0,0,2,1,-26.832605,-53.03474,SPRF-SC,DEL07-SC,UOP02-DEL07-SC,2022
"444016,0",2022-04-16,sábado,04:10:00,SC,101,"74,9",ARAQUARI,Condutor Dormindo,Saída de leito carroçável,Com Vítimas Fatais,Plena Noite,Decrescente,Céu Claro,Dupla,Reta,Não,4,1,3,0,0,0,3,1,-26.552895,-48.71775,SPRF-SC,DEL03-SC,UOP02-DEL03-SC,2022
"444021,0",2022-04-16,sábado,05:00:00,SC,470,"161,7",TROMBUDO CENTRAL,Ausência de reação do condutor,Capotamento,Com Vítimas Feridas,Plena Noite,Crescente,Nevoeiro/Neblina,Dupla,Curva;Aclive,Não,2,0,1,0,1,0,1,1,-27.285444,-49.807579,SPRF-SC,DEL04-SC,UOP02-DEL04-SC,2022
"444026,0",2022-04-16,sábado,06:00:00,SC,470,"4,0",NAVEGANTES,Velocidade Incompatível,Saída de leito carroçável,Com Vítimas Feridas,Amanhecer,Crescente,Céu Claro,Simples,Reta,Não,1,0,1,0,0,0,1,1,-26.858473,-48.690788,SPRF-SC,DEL04-SC,UOP04-DEL04-SC,2022
"444027,0",2022-04-16,sábado,05:00:00,SC,101,"154,4",PORTO BELO,Condutor Dormindo,Colisão com objeto,Sem Vítimas,Plena Noite,Decrescente,Nublado,Dupla,Reta,Não,1,0,0,0,0,1,0,1,-27.153819,-48.61086393,SPRF-SC,DEL04-SC,UOP03-DEL04-SC,2022
"444037,0",2022-04-16,sábado,07:40:00,SC,101,"324,0",CAPIVARI DE BAIXO,Acumulo de água sobre o pavimento,Saída de leito carroçável,Com Vítimas Feridas,Pleno dia,Crescente,Nublado,Dupla,Curva;Declive,Não,1,0,1,0,0,0,1,1,-28.42890047,-48.92285509,SPRF-SC,DEL02-SC,UOP01-DEL02-SC,2022
"444040,0",2022-04-16,sábado,08:15:00,SC,101,"134,0",BALNEARIO CAMBORIU,Manobra de mudança de faixa,Colisão lateral mesmo sentido,Com Vítimas Feridas,Pleno dia,Crescente,Sol,Múltipla,Reta,Sim,3,0,2,0,1,0,2,2,-27.00218,-48.636433,SPRF-SC,DEL04-SC,UOP03-DEL04-SC,2022
"444063,0",2022-04-16,sábado,11:40:00,SC,116,"221,0",CORREIA PINTO,Entrada inopinada do pedestre,Atropelamento de Pedestre,Com Vítimas Feridas,Pleno dia,Crescente,Céu Claro,Simples,Curva;Declive,Não,3,0,0,1,1,1,1,2,-27.59376686,-50.35965443,SPRF-SC,DEL05-SC,UOP03-DEL05-SC,2022
"444073,0",2022-04-16,sábado,12:50:00,SC,470,"266,6",CURITIBANOS,Avarias e/ou desgaste excessivo no pneu,Saída de leito carroçável,Com Vítimas Feridas,Pleno dia,Crescente,Céu Claro,Simples,Curva,Não,2,0,2,0,0,0,2,1,-27.30028681,-50.68244219,SPRF-SC,DEL05-SC,UOP03-DEL05-SC,2022
"444074,0",2022-04-16,sábado,14:10:00,SC,101,"149,0",ITAPEMA,Demais falhas mecânicas ou elétricas,Tombamento,Com Vítimas Feridas,Pleno dia,Crescente,Sol,Dupla,Reta,Não,2,0,1,0,1,0,1,1,-27.1089649,-48.61277586,SPRF-SC,DEL04-SC,UOP03-DEL04-SC,2022
"444095,0",2022-04-16,sábado,17:05:00,SC,280,"129,5",RIO NEGRINHO,Acessar a via sem observar a presença dos outros veículos,Colisão transversal,Com Vítimas Feridas,Pleno dia,Crescente,Céu Claro,Simples,Aclive;Reta,Sim,2,0,1,0,1,0,1,2,-26.25629973,-49.54067945,SPRF-SC,DEL06-SC,UOP03-DEL06-SC,2022
"444108,0",2022-04-16,sábado,18:26:00,SC,470,"11,0",NAVEGANTES,Velocidade Incompatível,Colisão traseira,Com Vítimas Feridas,Plena Noite,Decrescente,Céu Claro,Simples,Interseção de Vias,Não,3,0,1,1,1,0,2,2,-26.834309,-48.747269,SPRF-SC,DEL04-SC,UOP04-DEL04-SC,2022
"444130,0",2022-04-16,sábado,12:00:00,SC,470,"174,0",POUSO REDONDO,Velocidade Incompatível,Colisão traseira,Com Vítimas Feridas,Pleno dia,Crescente,Céu Claro,Simples,Reta,Sim,2,0,1,0,1,0,1,2,-27.258179,-49.929146,SPRF-SC,DEL04-SC,UOP02-DEL04-SC,2022
"444131,0",2022-04-16,sábado,16:10:00,SC,470,"173,0",POUSO REDONDO,Ultrapassagem Indevida,Colisão frontal,Com Vítimas Feridas,Pleno dia,Crescente,Nublado,Simples,Declive,Sim,2,0,1,0,1,0,1,2,-27.25984,-49.919285,SPRF-SC,DEL04-SC,UOP02-DEL04-SC,2022
"444133,0",2022-04-16,sábado,15:20:00,SC,470,"183,0",POUSO REDONDO,Velocidade Incompatível,Tombamento,Com Vítimas Feridas,Pleno dia,Crescente,Céu Claro,Simples,Curva,Sim,1,0,1,0,0,0,1,1,-27.251547,-50.016747,SPRF-SC,DEL04-SC,UOP02-DEL04-SC,2022
"444134,0",2022-04-16,sábado,18:15:00,SC,470,"107,8",APIUNA,Acessar a via sem observar a presença dos outros veículos,Colisão transversal,Com Vítimas Feridas,Plena Noite,Crescente,Nublado,Simples,Declive,Não,2,0,1,0,1,0,1,2,-27.077623,-49.43145,SPRF-SC,DEL04-SC,UOP02-DEL04-SC,2022
"444153,0",2022-04-16,sábado,23:00:00,SC,101,"316,0",PESCARIA BRAVA,Ingestão de álcool pelo condutor,Colisão traseira,Sem Vítimas,Pleno dia,Crescente,Céu Claro,Dupla,Declive;Curva,Não,2,0,0,0,2,0,0,2,-28.42904239,-48.84257464,SPRF-SC,DEL02-SC,UOP01-DEL02-SC,2022
"444180,0",2022-04-17,domingo,03:00:00,SC,101,"199,0",BIGUACU,Ingestão de álcool pelo condutor,Queda de ocupante de veículo,Com Vítimas Feridas,Plena Noite,Crescente,Céu Claro,Dupla,Reta,Sim,1,0,1,0,0,0,1,1,-27.53413705,-48.63003205,SPRF-SC,DEL01-SC,UOP01-DEL01-SC,2022
"444181,0",2022-04-17,domingo,03:00:00,SC,280,"71,0",JARAGUA DO SUL,Ingestão de álcool pelo condutor,Saída de leito carroçável,Com Vítimas Feridas,Plena Noite,Crescente,Nublado,Simples,Curva,Sim,2,0,2,0,0,0,2,1,-26.46151693,-49.13480597,SPRF-SC,DEL03-SC,UOP03-DEL03-SC,2022
"444191,0",2022-04-17,domingo,05:20:00,SC,101,"178,9",BIGUACU,Manobra de mudança de faixa,Colisão lateral mesmo sentido,Com Vítimas Feridas,Plena Noite,Crescente,Céu Claro,Dupla,Reta,Não,2,0,1,1,0,0,2,1,-27.36408098,-48.63391212,SPRF-SC,DEL01-SC,UOP01-DEL01-SC,2022
"444233,0",2022-04-17,domingo,07:00:00,SC,282,"633,2",DESCANSO,Reação tardia ou ineficiente do condutor,Saída de leito carroçável,Sem Vítimas,Pleno dia,Decrescente,Nublado,Simples,Curva,Não,1,0,0,0,1,0,0,1,-26.824224,-53.412407,SPRF-SC,DEL07-SC,UOP03-DEL07-SC,2022
"444253,0",2022-04-17,domingo,11:10:00,SC,470,"70,8",INDAIAL,Reação tardia ou ineficiente do condutor,Colisão transversal,Sem Vítimas,Pleno dia,Decrescente,Céu Claro,Simples,Em Obras;Reta,Sim,3,0,0,0,3,0,0,2,-26.889374,-49.254478,SPRF-SC,DEL04-SC,UOP01-DEL04-SC,2022
"444262,0",2022-04-17,domingo,11:20:00,SC,101,"149,0",ITAPEMA,Condutor deixou de manter distância do veículo da frente,Colisão traseira,Com Vítimas Feridas,Pleno dia,Decrescente,Céu Claro,Dupla,Reta,Sim,10,0,2,0,8,0,2,4,-27.1089649,-48.61277586,SPRF-SC,DEL04-SC,UOP03-DEL04-SC,2022
"444305,0",2022-04-17,domingo,16:30:00,SC,101,"153,0",ITAPEMA,Ausência de reação do condutor,Colisão traseira,Com Vítimas Feridas,Pleno dia,Decrescente,Céu Claro,Dupla,Reta,Sim,4,0,2,0,2,0,2,2,-27.144717,-48.61063935,SPRF-SC,DEL04-SC,UOP03-DEL04-SC,2022
"444313,0",2022-04-17,domingo,15:40:00,SC,470,"125,0",LONTRAS,Acessar a via sem observar a presença dos outros veículos,Colisão transversal,Sem Vítimas,Pleno dia,Crescente,Nublado,Simples,Reta,Sim,3,0,0,0,3,0,0,3,-27.120506,-49.534946,SPRF-SC,DEL04-SC,UOP02-DEL04-SC,2022