id,data_inversa,dia_semana,horario,uf,br,km,municipio,causa_acidente,tipo_acidente,classificacao_acidente,fase_dia,sentido_via,condicao_metereologica,tipo_pista,tracado_via,uso_solo,pessoas,mortos,feridos_leves,feridos_graves,ilesos,ignorados,feridos,veiculos,latitude,longitude,regional,delegacia,uop,ano_arquivo
"445278,0",2022-04-22,sexta-feira,07:10:00,SC,470,"53,3",BLUMENAU,Ausência de reação do condutor,Colisão transversal,Com Vítimas Fatais,Pleno dia,Decrescente,Nublado,Simples,Curva;Em Obras;Interseção de Vias,Sim,4,1,3,0,0,0,3,3,-26.86865943,-49.1047883,SPRF-SC,DEL04-SC,UOP01-DEL04-SC,2022
"445282,0",2022-04-22,sexta-feira,07:10:00,SC,101,"142,0",ITAPEMA,Condutor Dormindo,Colisão com objeto,Com Vítimas Feridas,Amanhecer,Crescente,Céu Claro,Dupla,Declive,Não,2,0,1,0,1,0,1,1,-27.056089,-48.599449,SPRF-SC,DEL04-SC,UOP03-DEL04-SC,2022
"445292,0",2022-04-15,sexta-feira,08:20:00,SC,280,"148,0",MAFRA,Ultrapassagem Indevida,Queda de ocupante de veículo,Com Vítimas Feridas,Pleno dia,Decrescente,Sol,Simples,Reta,Não,3,0,2,0,0,1,2,2,-26.23725467,-49.68333006,SPRF-SC,DEL06-SC,UOP03-DEL06-SC,2022
"445300,0",2022-04-22,sexta-feira,09:00:00,SC,163,"66,8",SAO MIGUEL DO OESTE,Desrespeitar a preferência no cruzamento,Colisão transversal,Com Vítimas Feridas,Pleno dia,Decrescente,Nublado,Simples,Rotatória;Interseção de Vias,Sim,3,0,2,0,1,0,2,2,-26.76094852,-53.50060701,SPRF-SC,DEL07-SC,UOP03-DEL07-SC,2022
"445319,0",2022-03-14,segunda-feira,09:13:00,SC,101,"208,1",SAO JOSE,Manobra de mudança de faixa,Colisão lateral mesmo sentido,Com Vítimas Feridas,Pleno dia,Decrescente,Nublado,Múltipla,Reta,Sim,3,0,1,0,2,0,1,2,-27.60443485,-48.63285899,SPRF-SC,DEL01-SC,UOP01-DEL01-SC,2022
"445326,0",2022-04-22,sexta-feira,13:00:00,SC,101,"140,0",BALNEARIO CAMBORIU,Reação tardia ou ineficiente do condutor,Colisão lateral mesmo sentido,Com Vítimas Feridas,Pleno dia,Decrescente,Céu Claro,Dupla,Aclive,Não,2,0,1,0,1,0,1,2,-27.03881189,-48.60025148,SPRF-SC,DEL04-SC,UOP03-DEL04-SC,2022
"445335,0",2022-04-22,sexta-feira,12:10:00,SC,470,"88,0",ASCURRA,Conversão proibida,Colisão lateral mesmo sentido,Com Vítimas Feridas,Pleno dia,Decrescente,Nublado,Simples,Reta,Não,2,0,0,1,1,0,1,2,-26.955355,-49.373169,SPRF-SC,DEL04-SC,UOP01-DEL04-SC,2022
"445337,0",2022-04-22,sexta-feira,14:30:00,SC,101,"153,0",PORTO BELO,Velocidade Incompatível,Colisão com objeto,Com Vítimas Feridas,Pleno dia,Crescente,Nublado,Múltipla,Retorno Regulamentado,Sim,1,0,0,1,0,0,1,1,-27.144717,-48.61063935,SPRF-SC,DEL04-SC,UOP03-DEL04-SC,2022
"445398,0",2022-04-22,sexta-feira,19:31:00,SC,101,"206,0",SAO JOSE,Manobra de mudança de faixa,Queda de ocupante de veículo,Com Vítimas Feridas,Plena Noite,Decrescente,Ignorado,Dupla,Reta,Sim,1,0,1,0,0,0,1,1,-27.59193546,-48.61824557,SPRF-SC,DEL01-SC,UOP01-DEL01-SC,2022
"445452,0",2022-04-23,sábado,03:45:00,SC,101,"36,3",AGUAS MORNAS,Reação tardia ou ineficiente do condutor,Saída de leito carroçável,Com Vítimas Feridas,Plena Noite,Crescente,Garoa/Chuvisco,Simples,Aclive;Curva,Não,1,0,1,0,0,0,1,1,-27.70264098,-48.82682593,SPRF-SC,DEL03-SC,UOP01-DEL03-SC,2022
"445463,0",2022-04-23,sábado,04:30:00,SC,116,"167,4",PONTE ALTA DO NORTE,Ingestão de álcool pelo condutor,Saída de leito carroçável,Sem Vítimas,Plena Noite,Decrescente,Nublado,Simples,Reta,Sim,1,0,0,0,1,0,0,1,-27.16859697,-50.46434991,SPRF-SC,DEL05-SC,UOP03-DEL05-SC,2022
"445464,0",2022-04-23,sábado,04:15:00,SC,101,"275,8",IMBITUBA,Reação tardia ou ineficiente do condutor,Colisão com objeto,Sem Vítimas,Plena Noite,Decrescente,Nublado,Dupla,Curva;Aclive,Não,2,0,0,0,0,2,0,1,-28.15384903,-48.69237553,SPRF-SC,DEL02-SC,UOP03-DEL02-SC,2022
"445477,0",2022-04-23,sábado,05:08:00,SC,101,"125,0",ITAJAI,Velocidade Incompatível,Colisão com objeto,Sem Vítimas,Amanhecer,Crescente,Chuva,Dupla,Reta,Sim,1,0,0,0,0,1,0,1,-26.94802427,-48.68338515,SPRF-SC,DEL04-SC,UOP04-DEL04-SC,2022
"445485,0",2022-04-23,sábado,06:00:00,SC,101,"211,4",PALHOCA,Ausência de sinalização,Colisão traseira,Com Vítimas Feridas,Amanhecer,Crescente,Chuva,Múltipla,Reta,Sim,2,0,1,0,1,0,1,2,-27.62329313,-48.65245588,SPRF-SC,DEL01-SC,UOP02-DEL01-SC,2022
"445495,0",2022-04-23,sábado,08:40:00,SC,101,"3,0",GARUVA,Velocidade Incompatível,Colisão com objeto,Com Vítimas Feridas,Pleno dia,Decrescente,Nublado,Dupla,Curva,Não,2,0,1,0,1,0,1,1,-26.00380807,-48.87233005,SPRF-SC,DEL03-SC,UOP01-DEL03-SC,2022
"445508,0",2022-04-23,sábado,07:20:00,SC,101,"205,4",SAO JOSE,Velocidade Incompatível,Tombamento,Com Vítimas Feridas,Pleno dia,Crescente,Garoa/Chuvisco,Múltipla,Declive;Curva,Sim,1,0,1,0,0,0,1,1,-27.58689589,-48.6167872,SPRF-SC,DEL01-SC,UOP01-DEL01-SC,2022
"445525,0",2022-04-23,sábado,12:20:00,SC,101,"339,5",TUBARAO,Desrespeitar a preferência no cruzamento,Colisão transversal,Com Vítimas Feridas,Pleno dia,Decrescente,Céu Claro,Simples,Interseção de Vias,Sim,3,0,1,1,0,1,2,3,-28.507233,-49.049442,SPRF-SC,DEL02-SC,UOP01-DEL02-SC,2022
"445529,0",2022-04-23,sábado,13:00:00,SC,101,"41,0",JOINVILLE,Desrespeitar a preferência no cruzamento,Colisão transversal,Com Vítimas Feridas,Pleno dia,Crescente,Sol,Simples,Interseção de Vias,Sim,3,0,2,0,1,0,2,2,-26.31870969,-48.87135029,SPRF-SC,DEL03-SC,UOP01-DEL03-SC,2022
"445536,0",2022-04-23,sábado,13:30:00,SC,282,"6,0",SAO JOSE,Velocidade Incompatível,Tombamento,Com Vítimas Feridas,Pleno dia,Crescente,Sol,Múltipla,Interseção de Vias;Declive;Curva,Sim,1,0,1,0,0,0,1,1,-27.58480387,-48.61663699,SPRF-SC,DEL01-SC,UOP01-DEL01-SC,2022
"445542,0",2022-04-23,sábado,14:30:00,SC,470,"45,0",BLUMENAU,Mal súbito do condutor,Colisão lateral mesmo sentido,Com Vítimas Feridas,Pleno dia,Crescente,Céu Claro,Dupla,Em Obras,Não,7,0,2,0,5,0,2,4,-26.867064,-49.031109,SPRF-SC,DEL04-SC,UOP01-DEL04-SC,2022
"445548,0",2022-04-23,sábado,14:30:00,SC,282,"403,0",JOACABA,Frear bruscamente,Capotamento,Com Vítimas Feridas,Pleno dia,Decrescente,Sol,Simples,Reta,Não,7,0,7,0,0,0,7,1,-27.108929,-51.635838,SPRF-SC,DEL07-SC,UOP05-DEL07-SC,2022
"445560,0",2022-04-23,sábado,15:30:00,SC,101,"20,0",JOINVILLE,Avarias e/ou desgaste excessivo no pneu,Queda de ocupante de veículo,Com Vítimas Feridas,Pleno dia,Crescente,Céu Claro,Dupla,Reta,Não,2,0,2,0,0,0,2,1,-26.14241147,-48.90462041,SPRF-SC,DEL03-SC,UOP01-DEL03-SC,2022
"445563,0",2022-04-23,sábado,15:15:00,SC,282,"419,9",VARGEM BONITA,Velocidade Incompatível,Tombamento,Com Vítimas Feridas,Pleno dia,Crescente,Céu Claro,Simples,Curva,Não,2,0,0,2,0,0,2,1,-27.019398,-51.729195,SPRF-SC,DEL07-SC,UOP05-DEL07-SC,2022
"445585,0",2022-04-23,sábado,17:50:00,SC,101,"210,0",SAO JOSE,Reação tardia ou ineficiente do condutor,Queda de ocupante de veículo,Com Vítimas Feridas,Anoitecer,Crescente,Céu Claro,Múltipla,Reta,Sim,1,0,1,0,0,0,1,1,-27.6167305,-48.6457265,SPRF-SC,DEL01-SC,UOP01-DEL01-SC,2022
"445589,0",2022-04-23,sábado,17:45:00,SC,101,"88,0",BARRA VELHA,Reação tardia ou ineficiente do condutor,Atropelamento de Pedestre,Com Vítimas Feridas,Anoitecer,Decrescente,Céu Claro,Simples,Reta,Não,2,0,1,0,1,0,1,2,-26.64253985,-48.68950684,SPRF-SC,DEL03-SC,UOP02-DEL03-SC,2022
"445599,0",2022-04-23,sábado,19:00:00,SC,101,"178,2",GOVERNADOR CELSO RAMOS,Transitar na contramão,Colisão lateral sentido oposto,Com Vítimas Feridas,Plena Noite,Decrescente,Nublado,Dupla,Reta,Não,2,0,1,0,1,0,1,2,-27.36408098,-48.63391212,SPRF-SC,DEL01-SC,UOP01-DEL01-SC,2022
"445602,0",2022-04-23,sábado,19:00:00,SC,282,"19,0",PALHOCA,Conversão proibida,Colisão transversal,Com Vítimas Feridas,Plena Noite,Decrescente,Céu Claro,Simples,Reta,Não,2,0,1,0,1,0,1,2,-27.678635,-48.70192,SPRF-SC,DEL01-SC,UOP02-DEL01-SC,2022
"445621,0",2022-04-23,sábado,19:10:00,SC,470,"20,5",ILHOTA,Entrada inopinada do pedestre,Atropelamento de Pedestre,Com Vítimas Feridas,Plena Noite,Decrescente,Céu Claro,Dupla,Em Obras,Não,2,0,0,1,1,0,1,2,-26.870115,-48.820484,SPRF-SC,DEL04-SC,UOP04-DEL04-SC,2022
"445639,0",2022-04-23,sábado,20:10:00,SC,282,"531,0",CORDILHEIRA ALTA,Velocidade Incompatível,Capotamento,Sem Vítimas,Plena Noite,Crescente,Céu Claro,Simples,Curva,Não,1,0,0,0,0,1,0,1,-26.990747,-52.609776,SPRF-SC,DEL07-SC,UOP01-DEL07-SC,2022
"445643,0",2022-04-23,sábado,23:25:00,SC,101,"181,1",GOVERNADOR CELSO RAMOS,Transitar na contramão,Tombamento,Com Vítimas Feridas,Plena Noite,Decrescente,Céu Claro,Dupla,Reta,Não,5,0,1,1,2,1,2,4,-27.38958699,-48.63197593,SPRF-SC,DEL01-SC,UOP01-DEL01-SC,2022
"445653,0",2022-04-23,sábado,21:15:00,SC,163,"0,7",DIONISIO CERQUEIRA,Transitar na contramão,Colisão frontal,Com Vítimas Feridas,Plena Noite,Decrescente,Nublado,Simples,Reta,Sim,3,0,0,1,2,0,1,3,-26.26136073,-53.62058759,SPRF-SC,DEL07-SC,UOP03-DEL07-SC,2022
"445656,0",2022-04-23,sábado,18:30:00,SC,163,"122,4",DIONISIO CERQUEIRA,Manobra de mudança de faixa,Colisão frontal,Com Vítimas Feridas,Plena Noite,Crescente,Céu Claro,Simples,Reta,Não,3,0,2,0,1,0,2,2,-26.31159312,-53.5474062,SPRF-SC,DEL07-SC,UOP03-DEL07-SC,2022
"445663,0",2022-04-23,sábado,23:15:00,SC,280,"22,3",ARAQUARI,Conversão proibida,Colisão frontal,Com Vítimas Feridas,Plena Noite,Decrescente,Céu Claro,Simples,Reta,Não,5,0,1,0,4,0,1,2,-26.37092616,-48.70204099,SPRF-SC,DEL03-SC,UOP03-DEL03-SC,2022
"445669,0",2022-04-24,domingo,01:40:00,SC,101,"376,0",ICARA,Ingestão de álcool pelo condutor,Saída de leito carroçável,Com Vítimas Feridas,Plena Noite,Crescente,Céu Claro,Dupla,Reta,Não,3,0,1,2,0,0,3,1,-28.7273147,-49.24078703,SPRF-SC,DEL02-SC,UOP01-DEL02-SC,2022
"445679,0",2022-04-24,domingo,04:30:00,SC,101,"364,0",SANGAO,Ingestão de álcool pelo condutor,Capotamento,Com Vítimas Feridas,Plena Noite,Decrescente,Céu Claro,Dupla,Reta,Não,2,0,2,0,0,0,2,1,-28.685695,-49.153089,SPRF-SC,DEL02-SC,UOP01-DEL02-SC,2022
"445683,0",2022-04-24,domingo,04:00:00,SC,280,"74,8",JARAGUA DO SUL,Ingestão de álcool pelo condutor,Colisão lateral sentido oposto,Sem Vítimas,Plena Noite,Crescente,Nublado,Simples,Curva,Não,3,0,0,0,3,0,0,3,-26.45916283,-49.17536259,SPRF-SC,DEL03-SC,UOP03-DEL03-SC,2022
"445684,0",2022-04-24,domingo,05:50:00,SC,101,"91,5",BARRA VELHA,Reação tardia ou ineficiente do condutor,Queda de ocupante de veículo,Com Vítimas Feridas,Plena Noite,Decrescente,Céu Claro,Dupla,Reta,Não,1,0,1,0,0,0,1,1,-26.67120698,-48.69011814,SPRF-SC,DEL03-SC,UOP02-DEL03-SC,2022
"445690,0",2022-04-24,domingo,02:30:00,SC,280,"229,0",TRES BARRAS,Demais falhas mecânicas ou elétricas,Incêndio,Sem Vítimas,Plena Noite,Crescente,Nublado,Simples,Reta,Não,1,0,0,0,1,0,0,1,-26.18601731,-50.35213894,SPRF-SC,DEL06-SC,UOP04-DEL06-SC,2022
"445699,0",2022-04-24,domingo,07:00:00,SC,101,"321,4",PESCARIA BRAVA,Ingestão de álcool e/ou substâncias psicoativas pelo pedestre,Colisão com objeto,Com Vítimas Feridas,Amanhecer,Decrescente,Céu Claro,Múltipla,Declive;Reta,Sim,1,0,0,1,0,0,1,1,-28.42731393,-48.91018331,SPRF-SC,DEL02-SC,UOP01-DEL02-SC,2022
"445729,0",2022-04-24,domingo,11:45:00,SC,101,"79,9",ARAQUARI,Ausência de reação do condutor,Colisão transversal,Com Vítimas Feridas,Pleno dia,Decrescente,Céu Claro,Múltipla,Retorno Regulamentado,Sim,3,0,1,0,2,0,1,2,-26.59441996,-48.72183309,SPRF-SC,DEL03-SC,UOP02-DEL03-SC,2022
"445730,0",2022-04-24,domingo,10:52:00,SC,470,"172,0",POUSO REDONDO,Acessar a via sem observar a presença dos outros veículos,Colisão transversal,Com Vítimas Feridas,Pleno dia,Crescente,Nublado,Simples,Reta,Sim,2,0,2,0,0,0,2,2,-27.257526,-49.909592,SPRF-SC,DEL04-SC,UOP02-DEL04-SC,2022
"445733,0",2022-04-24,domingo,11:40:00,SC,101,"134,0",BALNEARIO CAMBORIU,Manobra de mudança de faixa,Colisão lateral mesmo sentido,Com Vítimas Feridas,Pleno dia,Crescente,Céu Claro,Dupla,Reta,Sim,2,0,1,1,0,0,2,2,-27.00218,-48.636433,SPRF-SC,DEL04-SC,UOP03-DEL04-SC,2022
"445741,0",2022-04-24,domingo,13:10:00,SC,101,"149,0",ITAPEMA,Manobra de mudança de faixa,Colisão lateral mesmo sentido,Com Vítimas Feridas,Pleno dia,Decrescente,Céu Claro,Dupla,Reta,Sim,4,0,3,0,1,0,3,3,-27.1089649,-48.61277586,SPRF-SC,DEL04-SC,UOP03-DEL04-SC,2022
"445742,0",2022-04-24,domingo,13:00:00,SC,101,"149,0",ITAPEMA,Condutor deixou de manter distância do veículo da frente,Colisão traseira,Com Vítimas Feridas,Pleno dia,Decrescente,Céu Claro,Dupla,Reta,Sim,3,0,1,0,2,0,1,2,-27.1089649,-48.61277586,SPRF-SC,DEL04-SC,UOP03-DEL04-SC,2022
"445747,0",2022-04-24,domingo,12:12:00,SC,116,"79,0",MONTE CASTELO,Manobra de mudança de faixa,Colisão frontal,Com Vítimas Fatais,Pleno dia,Decrescente,Céu Claro,Simples,Reta,Não,4,1,0,3,0,0,3,2,-26.54745004,-50.22398538,SPRF-SC,DEL06-SC,UOP02-DEL06-SC,2022
"445794,0",2022-04-24,domingo,17:15:00,SC,470,"166,7",POUSO REDONDO,Manobra de mudança de faixa,Colisão frontal,Com Vítimas Feridas,Pleno dia,Decrescente,Céu Claro,Simples,Reta,Não,9,0,2,6,1,0,8,4,-27.275208,-49.855125,SPRF-SC,DEL04-SC,UOP02-DEL04-SC,2022
"445807,0",2022-04-24,domingo,17:10:00,SC,470,"238,0",SAO CRISTOVAO DO SUL,Ingestão de álcool pelo condutor,Saída de leito carroçável,Com Vítimas Feridas,Anoitecer,Crescente,Céu Claro,Simples,Curva,Não,5,0,4,0,1,0,4,1,-27.304041,-50.464909,SPRF-SC,DEL05-SC,UOP03-DEL05-SC,2022
"445816,0",2022-04-24,domingo,12:15:00,SC,282,"124,0",BOM RETIRO,Ingestão de álcool pelo condutor,Colisão com objeto,Sem Vítimas,Pleno dia,Decrescente,Céu Claro,Simples,Reta,Não,4,0,0,0,4,0,0,2,-27.801258,-49.468643,SPRF-SC,DEL05-SC,UOP01-DEL05-SC,2022
"445829,0",2022-04-24,domingo,12:20:00,SC,282,"126,0",BOM RETIRO,Ingestão de álcool pelo condutor,Saída de leito carroçável,Com Vítimas Feridas,Pleno dia,Crescente,Céu Claro,Simples,Reta,Não,1,0,1,0,0,0,1,1,-27.801258,-49.468643,SPRF-SC,DEL05-SC,UOP01-DEL05-SC,2022
"445838,0",2022-04-24,domingo,19:50:00,SC,101,"223,0",PALHOCA,Manobra de mudança de faixa,Colisão lateral mesmo sentido,Com Vítimas Feridas,Plena Noite,Decrescente,Céu Claro,Múltipla,Aclive;Reta,Sim,2,0,1,0,1,0,1,2,-27.71552634,-48.64881251,SPRF-SC,DEL01-SC,UOP02-DEL01-SC,2022
"445844,0",2022-04-24,domingo,20:00:00,SC,101,"460,0",PASSO DE TORRES,Ingestão de álcool pelo condutor,Saída de leito carroçável,Sem Vítimas,Plena Noite,Decrescente,Céu Claro,Dupla,Reta,Não,1,0,0,0,1,0,0,1,-29.25788799,-49.7565232,SPRF-RS,DEL03-RS,UOP02-DEL03-RS,2022
"445850,0",2022-04-24,domingo,21:00:00,SC,101,"149,0",ITAPEMA,Reação tardia ou ineficiente do condutor,Tombamento,Com Vítimas Feridas,Plena Noite,Decrescente,Céu Claro,Dupla,Reta,Sim,1,0,0,1,0,0,1,1,-27.1089649,-48.61277586,SPRF-SC,DEL04-SC,UOP03-DEL04-SC,2022
"445854,0",2022-04-24,domingo,18:45:00,SC,116,"303,0",CAPAO ALTO,Reação tardia ou ineficiente do condutor,Queda de ocupante de veículo,Com Vítimas Feridas,Plena Noite,Crescente,Céu Claro,Simples,Reta,Não,2,0,2,0,0,0,2,1,-28.18586376,-50.71038115,SPRF-SC,DEL05-SC,UOP02-DEL05-SC,2022
"445870,0",2022-04-24,domingo,08:00:00,SC,101,"309,0",LAGUNA,Reação tardia ou ineficiente do condutor,Capotamento,Com Vítimas Feridas,Pleno dia,Decrescente,Céu Claro,Múltipla,Reta,Sim,1,0,0,1,0,0,1,1,-28.42931427,-48.76728058,SPRF-SC,DEL02-SC,UOP01-DEL02-SC,2022
"445877,0",2022-04-24,domingo,23:30:00,SC,470,"70,8",INDAIAL,Transitar na contramão,Colisão frontal,Com Vítimas Fatais,Plena Noite,Decrescente,Céu Claro,Simples,Reta;Em Obras,Sim,3,1,1,1,0,0,2,3,-26.89545731,-49.26237437,SPRF-SC,DEL04-SC,UOP01-DEL04-SC,2022
"445888,0",2022-04-25,segunda-feira,01:30:00,SC,101,"162,0",TIJUCAS,Reação tardia ou ineficiente do condutor,Tombamento,Com Vítimas Feridas,Plena Noite,Crescente,Céu Claro,Dupla,Reta,Não,2,0,0,2,0,0,2,1,-27.22554009,-48.6279367,SPRF-SC,DEL04-SC,UOP03-DEL04-SC,2022
"445911,0",2022-04-25,segunda-feira,07:15:00,SC,282,"18,0",PALHOCA,Velocidade Incompatível,Tombamento,Com Vítimas Feridas,Pleno dia,Decrescente,Céu Claro,Simples,Reta,Sim,1,0,1,0,0,0,1,1,-27.672798,-48.694286,SPRF-SC,DEL01-SC,UOP02-DEL01-SC,2022
"445922,0",2022-04-25,segunda-feira,08:00:00,SC,101,"213,0",PALHOCA,Acessar a via sem observar a presença dos outros veículos,Colisão traseira,Com Vítimas Feridas,Pleno dia,Crescente,Céu Claro,Múltipla,Interseção de Vias,Sim,2,0,1,0,1,0,1,2,-27.63697369,-48.66514142,SPRF-SC,DEL01-SC,UOP02-DEL01-SC,2022
"445934,0",2022-04-25,segunda-feira,07:40:00,SC,282,"19,7",PALHOCA,Condutor deixou de manter distância do veículo da frente,Colisão traseira,Com Vítimas Feridas,Pleno dia,Crescente,Céu Claro,Simples,Reta,Não,2,0,1,0,1,0,1,2,-27.678635,-48.70192,SPRF-SC,DEL01-SC,UOP02-DEL01-SC,2022
"445936,0",2022-04-25,segunda-feira,08:30:00,SC,101,"117,0",ITAJAI,Trafegar com motocicleta (ou similar) entre as faixas,Colisão lateral mesmo sentido,Com Vítimas Feridas,Pleno dia,Crescente,Sol,Múltipla,Reta,Não,2,0,1,0,1,0,1,2,-26.89499187,-48.75232525,SPRF-SC,DEL04-SC,UOP04-DEL04-SC,2022
"445953,0",2022-04-25,segunda-feira,09:50:00,SC,101,"240,0",PALHOCA,Reação tardia ou ineficiente do condutor,Colisão com objeto,Com Vítimas Feridas,Pleno dia,Decrescente,Sol,Dupla,Reta,Não,1,0,1,0,0,0,1,1,-27.85825092,-48.64383119,SPRF-SC,DEL01-SC,UOP02-DEL01-SC,2022
"445971,0",2022-04-25,segunda-feira,08:00:00,SC,280,"291,3",PORTO UNIAO,Ausência de reação do condutor,Colisão transversal,Com Vítimas Feridas,Pleno dia,Decrescente,Céu Claro,Simples,Interseção de Vias,Não,3,0,2,0,1,0,2,2,-26.29586777,-50.93214512,SPRF-SC,DEL06-SC,UOP04-DEL06-SC,2022
"445979,0",2022-04-25,segunda-feira,13:15:00,SC,101,"204,9",SAO JOSE,Condutor deixou de manter distância do veículo da frente,Colisão lateral mesmo sentido,Sem Vítimas,Pleno dia,Crescente,Céu Claro,Múltipla,Reta,Sim,2,0,0,0,2,0,0,2,-27.58313237,-48.61532885,SPRF-SC,DEL01-SC,UOP01-DEL01-SC,2022
"445995,0",2022-04-25,segunda-feira,09:15:00,SC,282,"535,2",CHAPECO,Desrespeitar a preferência no cruzamento,Colisão transversal,Com Vítimas Feridas,Pleno dia,Decrescente,Céu Claro,Simples,Interseção de Vias,Sim,2,0,0,1,1,0,1,2,-26.99971405,-52.64661681,SPRF-SC,DEL07-SC,UOP01-DEL07-SC,2022
"446002,0",2022-04-25,segunda-feira,15:40:00,SC,101,"258,0",PAULO LOPES,Reação tardia ou ineficiente do condutor,Saída de leito carroçável,Com Vítimas Feridas,Pleno dia,Decrescente,Céu Claro,Simples,Aclive;Reta,Não,3,0,3,0,0,0,3,1,-28.00580689,-48.69235039,SPRF-SC,DEL02-SC,UOP03-DEL02-SC,2022
"446011,0",2022-04-25,segunda-feira,16:25:00,SC,101,"196,0",BIGUACU,Acesso irregular,Colisão lateral mesmo sentido,Com Vítimas Feridas,Pleno dia,Decrescente,Céu Claro,Múltipla,Interseção de Vias,Sim,2,0,1,1,0,0,2,2,-27.51101091,-48.64322292,SPRF-SC,DEL01-SC,UOP01-DEL01-SC,2022
"446020,0",2022-04-25,segunda-feira,17:10:00,SC,470,"67,0",INDAIAL,Acessar a via sem observar a presença dos outros veículos,Colisão transversal,Com Vítimas Feridas,Pleno dia,Crescente,Céu Claro,Simples,Desvio Temporário,Sim,2,0,0,1,0,1,1,2,-26.872158,-49.23127,SPRF-SC,DEL04-SC,UOP01-DEL04-SC,2022
"446042,0",2022-04-25,segunda-feira,19:20:00,SC,282,"5,0",SAO JOSE,Condutor deixou de manter distância do veículo da frente,Colisão traseira,Com Vítimas Feridas,Plena Noite,Crescente,Céu Claro,Dupla,Reta,Sim,2,0,1,0,1,0,1,2,-27.588425,-48.612919,SPRF-SC,DEL01-SC,UOP01-DEL01-SC,2022
"446043,0",2022-04-25,segunda-feira,18:20:00,SC,470,"8,0",NAVEGANTES,Reação tardia ou ineficiente do condutor,Colisão lateral mesmo sentido,Com Vítimas Feridas,Anoitecer,Decrescente,Nublado,Simples,Reta,Não,2,0,1,0,1,0,1,2,-26.83688,-48.718853,SPRF-SC,DEL04-SC,UOP04-DEL04-SC,2022
"446053,0",2022-04-25,segunda-feira,19:05:00,SC,101,"111,8",NAVEGANTES,Condutor deixou de manter distância do veículo da frente,Colisão traseira,Com Vítimas Feridas,Plena Noite,Crescente,Nublado,Dupla,Ponte;Reta,Não,2,0,1,0,1,0,1,2,-26.83955734,-48.71418074,SPRF-SC,DEL04-SC,UOP04-DEL04-SC,2022
"446066,0",2022-04-25,segunda-feira,19:45:00,SC,101,"181,4",BIGUACU,Acessar a via sem observar a presença dos outros veículos,Colisão traseira,Sem Vítimas,Plena Noite,Crescente,Céu Claro,Simples,Retorno Regulamentado,Não,2,0,0,0,1,1,0,2,-27.44977902,-48.6310029,SPRF-SC,DEL01-SC,UOP01-DEL01-SC,2022
"446075,0",2022-04-25,segunda-feira,18:40:00,SC,101,"323,6",PESCARIA BRAVA,Ingestão de álcool pelo condutor,Colisão lateral mesmo sentido,Com Vítimas Feridas,Plena Noite,Crescente,Céu Claro,Múltipla,Reta,Não,2,0,1,0,0,1,1,2,-28.42490793,-48.93341845,SPRF-SC,DEL02-SC,UOP01-DEL02-SC,2022
"446104,0",2022-04-25,segunda-feira,21:50:00,SC,282,"259,0",SAO JOSE DO CERRITO,Acostamento em desnível,Saída de leito carroçável,Com Vítimas Feridas,Plena Noite,Decrescente,Céu Claro,Simples,Curva,Não,1,0,0,1,0,0,1,1,-27.653334,-50.59449,SPRF-SC,DEL05-SC,UOP02-DEL05-SC,2022
"446110,0",2022-04-26,terça-feira,03:20:00,SC,282,"499,5",XANXERE,Velocidade Incompatível,Capotamento,Sem Vítimas,Plena Noite,Decrescente,Céu Claro,Dupla,Reta,Sim,1,0,0,0,1,0,0,1,-26.880869,-52.363121,SPRF-SC,DEL07-SC,UOP01-DEL07-SC,2022
"446149,0",2022-04-25,segunda-feira,10:30:00,SC,101,"68,3",ARAQUARI,Objeto estático sobre o leito carroçável,Colisão com objeto,Sem Vítimas,Pleno dia,Crescente,Céu Claro,Dupla,Reta,Não,1,0,0,0,1,0,0,1,-26.49513001,-48.73280803,SPRF-SC,DEL03-SC,UOP02-DEL03-SC,2022
"446153,0",2022-04-26,terça-feira,11:00:00,SC,101,"212,0",PALHOCA,Demais falhas mecânicas ou elétricas,Queda de ocupante de veículo,Com Vítimas Feridas,Pleno dia,Decrescente,Céu Claro,Múltipla,Reta,Sim,2,0,2,0,0,0,2,1,-27.62996929,-48.65903871,SPRF-SC,DEL01-SC,UOP02-DEL01-SC,2022
"446158,0",2022-04-26,terça-feira,11:00:00,SC,101,"144,0",ITAPEMA,Reação tardia ou ineficiente do condutor,Colisão traseira,Com Vítimas Feridas,Pleno dia,Crescente,Nublado,Dupla,Reta,Não,3,0,1,0,2,0,1,3,-27.0732659,-48.59672716,SPRF-SC,DEL04-SC,UOP03-DEL04-SC,2022
"446182,0",2022-04-26,terça-feira,13:45:00,SC,101,"134,0",BALNEARIO CAMBORIU,Manobra de mudança de faixa,Colisão com objeto,Com Vítimas Feridas,Pleno dia,Crescente,Sol,Dupla,Reta,Sim,2,0,1,0,1,0,1,2,-27.00218,-48.636433,SPRF-SC,DEL04-SC,UOP03-DEL04-SC,2022
"446206,0",2022-04-26,terça-feira,17:15:00,SC,101,"130,0",BALNEARIO CAMBORIU,Reação tardia ou ineficiente do condutor,Tombamento,Com Vítimas Feridas,Pleno dia,Decrescente,Céu Claro,Dupla,Reta,Não,1,0,1,0,0,0,1,1,-26.98407618,-48.66977107,SPRF-SC,DEL04-SC,UOP03-DEL04-SC,2022