id,data_inversa,dia_semana,horario,uf,br,km,municipio,causa_acidente,tipo_acidente,classificacao_acidente,fase_dia,sentido_via,condicao_metereologica,tipo_pista,tracado_via,uso_solo,pessoas,mortos,feridos_leves,feridos_graves,ilesos,ignorados,feridos,veiculos,latitude,longitude,regional,delegacia,uop,ano_arquivo
"446229,0",2022-04-26,terça-feira,19:30:00,SC,101,"206,0",SAO JOSE,Reação tardia ou ineficiente do condutor,Colisão lateral mesmo sentido,Com Vítimas Feridas,Plena Noite,Decrescente,Céu Claro,Dupla,Reta,Sim,2,0,1,0,1,0,1,2,-27.59193546,-48.61824557,SPRF-SC,DEL01-SC,UOP01-DEL01-SC,2022
"446234,0",2022-04-26,terça-feira,19:00:00,SC,282,"246,0",SAO JOSE DO CERRITO,Acessar a via sem observar a presença dos outros veículos,Colisão transversal,Com Vítimas Feridas,Plena Noite,Crescente,Nublado,Simples,Curva,Sim,2,0,2,0,0,0,2,2,-27.727213,-50.529724,SPRF-SC,DEL05-SC,UOP02-DEL05-SC,2022
"446277,0",2022-04-27,quarta-feira,06:25:00,SC,470,"133,4",RIO DO SUL,Reação tardia ou ineficiente do condutor,Tombamento,Com Vítimas Feridas,Amanhecer,Decrescente,Chuva,Simples,Reta,Sim,1,0,1,0,0,0,1,1,-27.174187,-49.588497,SPRF-SC,DEL04-SC,UOP02-DEL04-SC,2022
"446294,0",2022-04-27,quarta-feira,07:50:00,SC,101,"210,0",SAO JOSE,Ausência de reação do condutor,Colisão lateral mesmo sentido,Com Vítimas Feridas,Pleno dia,Decrescente,Nublado,Dupla,Reta,Sim,2,0,1,0,1,0,1,2,-27.6167305,-48.6457265,SPRF-SC,DEL01-SC,UOP01-DEL01-SC,2022
"446335,0",2022-04-27,quarta-feira,10:30:00,SC,282,"329,0",CAMPOS NOVOS,Frear bruscamente,Saída de leito carroçável,Com Vítimas Feridas,Pleno dia,Decrescente,Céu Claro,Simples,Reta,Não,2,0,2,0,0,0,2,1,-27.380089,-51.097698,SPRF-SC,DEL07-SC,UOP06-DEL07-SC,2022
"446375,0",2022-04-27,quarta-feira,17:30:00,SC,101,"203,4",SAO JOSE,Condutor deixou de manter distância do veículo da frente,Colisão lateral mesmo sentido,Com Vítimas Feridas,Anoitecer,Crescente,Nublado,Dupla,Reta,Sim,2,0,1,0,1,0,1,2,-27.5650044,-48.61460082,SPRF-SC,DEL01-SC,UOP01-DEL01-SC,2022
"446382,0",2022-04-27,quarta-feira,18:15:00,SC,101,"208,0",SAO JOSE,Manobra de mudança de faixa,Tombamento,Com Vítimas Feridas,Anoitecer,Crescente,Nublado,Múltipla,Reta,Sim,1,0,1,0,0,0,1,1,-27.60327979,-48.63201818,SPRF-SC,DEL01-SC,UOP01-DEL01-SC,2022
"446395,0",2022-04-27,quarta-feira,18:10:00,SC,480,"125,3",CHAPECO,Acessar a via sem observar a presença dos outros veículos,Colisão lateral mesmo sentido,Com Vítimas Feridas,Anoitecer,Decrescente,Céu Claro,Simples,Reta,Não,3,0,1,1,1,0,2,3,-27.01164515,-52.63953123,SPRF-SC,DEL07-SC,UOP01-DEL07-SC,2022
"446412,0",2022-04-27,quarta-feira,23:00:00,SC,101,"40,1",JOINVILLE,Velocidade Incompatível,Saída de leito carroçável,Com Vítimas Feridas,Plena Noite,Decrescente,Céu Claro,Simples,Curva,Não,1,0,1,0,0,0,1,1,-26.3104458,-48.87694538,SPRF-SC,DEL03-SC,UOP01-DEL03-SC,2022
"446415,0",2022-04-27,quarta-feira,16:35:00,SC,280,"24,7",ARAQUARI,Transitar na contramão,Colisão frontal,Com Vítimas Feridas,Pleno dia,Decrescente,Céu Claro,Simples,Reta,Sim,2,0,0,1,1,0,1,2,-26.38252777,-48.72553468,SPRF-SC,DEL03-SC,UOP03-DEL03-SC,2022
"446437,0",2022-04-28,quinta-feira,08:10:00,SC,101,"214,0",PALHOCA,Condutor deixou de manter distância do veículo da frente,Colisão traseira,Com Vítimas Feridas,Pleno dia,Decrescente,Céu Claro,Múltipla,Reta,Sim,2,0,1,0,1,0,1,2,-27.64443,-48.67057,SPRF-SC,DEL01-SC,UOP02-DEL01-SC,2022
"446438,0",2022-04-28,quinta-feira,08:20:00,SC,282,"4,0",FLORIANOPOLIS,Manobra de mudança de faixa,Colisão lateral mesmo sentido,Com Vítimas Feridas,Pleno dia,Decrescente,Sol,Múltipla,Reta,Sim,2,0,1,0,1,0,1,2,-27.592646,-48.604034,SPRF-SC,DEL01-SC,UOP01-DEL01-SC,2022
"446454,0",2022-04-28,quinta-feira,08:15:00,SC,101,"148,0",ITAPEMA,Reação tardia ou ineficiente do condutor,Queda de ocupante de veículo,Com Vítimas Feridas,Pleno dia,Crescente,Sol,Dupla,Reta,Sim,1,0,0,1,0,0,1,1,-27.10123686,-48.61807962,SPRF-SC,DEL04-SC,UOP03-DEL04-SC,2022
"446496,0",2022-04-28,quinta-feira,12:00:00,SC,280,"93,0",CORUPA,Pista Escorregadia,Saída de leito carroçável,Sem Vítimas,Pleno dia,Decrescente,Céu Claro,Simples,Curva,Não,2,0,0,0,2,0,0,1,-26.39962904,-49.29783103,SPRF-SC,DEL06-SC,UOP03-DEL06-SC,2022
"446503,0",2022-04-28,quinta-feira,14:00:00,SC,280,"58,0",GUARAMIRIM,Conversão proibida,Colisão transversal,Com Vítimas Feridas,Pleno dia,Decrescente,Céu Claro,Simples,Rotatória;Reta,Sim,2,0,1,0,1,0,1,2,-26.47415593,-49.021211,SPRF-SC,DEL03-SC,UOP03-DEL03-SC,2022
"446531,0",2022-04-28,quinta-feira,16:55:00,SC,280,"49,2",GUARAMIRIM,Condutor deixou de manter distância do veículo da frente,Colisão traseira,Com Vítimas Feridas,Pleno dia,Decrescente,Céu Claro,Simples,Aclive;Reta;Em Obras,Não,2,0,0,1,1,0,1,2,-26.45850039,-48.93692786,SPRF-SC,DEL03-SC,UOP03-DEL03-SC,2022
"446569,0",2022-04-28,quinta-feira,18:00:00,SC,101,"397,0",MARACAJA,Acumulo de areia ou detritos sobre o pavimento,Tombamento,Com Vítimas Feridas,Plena Noite,Crescente,Chuva,Dupla,Aclive;Reta,Não,2,0,2,0,0,0,2,1,-28.83036461,-49.41244828,SPRF-SC,DEL02-SC,UOP02-DEL02-SC,2022
"446571,0",2022-04-28,quinta-feira,18:00:00,SC,282,"412,0",CATANDUVAS,Ingestão de álcool pelo condutor,Colisão lateral sentido oposto,Sem Vítimas,Plena Noite,Decrescente,Chuva,Simples,Curva,Não,2,0,0,0,2,0,0,2,-27.055775,-51.688843,SPRF-SC,DEL07-SC,UOP05-DEL07-SC,2022
"446582,0",2022-04-28,quinta-feira,20:45:00,SC,101,"388,3",CRICIUMA,Manobra de mudança de faixa,Colisão transversal,Com Vítimas Feridas,Plena Noite,Crescente,Chuva,Dupla,Reta,Não,3,0,3,0,0,0,3,2,-28.78529329,-49.33739925,SPRF-SC,DEL02-SC,UOP02-DEL02-SC,2022
"446588,0",2022-04-29,sexta-feira,00:00:00,SC,282,"1,2",FLORIANOPOLIS,Ingestão de álcool pelo condutor,Saída de leito carroçável,Sem Vítimas,Plena Noite,Crescente,Céu Claro,Múltipla,Curva;Declive,Sim,1,0,0,0,0,1,0,1,-27.602955,-48.580509,SPRF-SC,DEL01-SC,UOP01-DEL01-SC,2022
"446629,0",2022-04-29,sexta-feira,08:00:00,SC,101,"204,0",SAO JOSE,Transitar na contramão,Colisão frontal,Com Vítimas Feridas,Pleno dia,Crescente,Céu Claro,Simples,Reta,Sim,2,0,0,1,1,0,1,2,-27.57413014,-48.61363083,SPRF-SC,DEL01-SC,UOP01-DEL01-SC,2022
"446631,0",2022-04-29,sexta-feira,08:00:00,SC,101,"136,0",BALNEARIO CAMBORIU,Ausência de reação do condutor,Colisão traseira,Com Vítimas Feridas,Pleno dia,Decrescente,Nublado,Dupla,Reta,Sim,2,0,1,0,1,0,1,2,-27.008113,-48.617245,SPRF-SC,DEL04-SC,UOP03-DEL04-SC,2022
"446647,0",2022-02-13,domingo,04:15:00,SC,101,"73,1",ARAQUARI,Condutor Dormindo,Saída de leito carroçável,Com Vítimas Feridas,Plena Noite,Decrescente,Céu Claro,Dupla,Reta,Não,1,0,1,0,0,0,1,1,-26.53567108,-48.71326731,SPRF-SC,DEL03-SC,UOP02-DEL03-SC,2022
"446672,0",2022-04-29,sexta-feira,12:25:00,SC,101,"187,5",BIGUACU,Ausência de reação do condutor,Colisão traseira,Com Vítimas Feridas,Pleno dia,Decrescente,Céu Claro,Múltipla,Reta,Não,3,0,1,0,2,0,1,2,-27.44307116,-48.62848475,SPRF-SC,DEL01-SC,UOP01-DEL01-SC,2022
"446678,0",2022-04-29,sexta-feira,13:15:00,SC,101,"188,0",BIGUACU,Condutor deixou de manter distância do veículo da frente,Engavetamento,Com Vítimas Feridas,Pleno dia,Crescente,Céu Claro,Dupla,Reta,Não,4,0,1,0,3,0,1,3,-27.45123421,-48.63370766,SPRF-SC,DEL01-SC,UOP01-DEL01-SC,2022
"446687,0",2022-04-29,sexta-feira,10:40:00,SC,153,"89,9",CONCORDIA,Pedestre cruzava a pista fora da faixa,Atropelamento de Pedestre,Com Vítimas Feridas,Pleno dia,Decrescente,Nublado,Simples,Reta,Não,3,0,1,0,1,1,1,2,-27.173784,-51.909233,SPRF-SC,DEL07-SC,UOP04-DEL07-SC,2022
"446691,0",2022-04-29,sexta-feira,14:54:00,SC,101,"123,0",ITAJAI,Ausência de reação do condutor,Tombamento,Com Vítimas Feridas,Pleno dia,Decrescente,Nublado,Simples,Reta,Não,2,0,2,0,0,0,2,1,-26.93668609,-48.69876905,SPRF-SC,DEL04-SC,UOP04-DEL04-SC,2022
"446713,0",2022-04-29,sexta-feira,17:00:00,SC,282,"3,0",SAO JOSE,Acessar a via sem observar a presença dos outros veículos,Colisão traseira,Com Vítimas Feridas,Anoitecer,Decrescente,Céu Claro,Dupla,Reta,Sim,2,0,0,1,1,0,1,2,-27.600384,-48.599705,SPRF-SC,DEL01-SC,UOP01-DEL01-SC,2022
"446733,0",2022-04-29,sexta-feira,18:10:00,SC,470,"35,0",GASPAR,Ausência de reação do condutor,Colisão frontal,Com Vítimas Feridas,Plena Noite,Decrescente,Nublado,Simples,Em Obras;Interseção de Vias,Sim,2,0,0,1,1,0,1,2,-26.912857,-48.958965,SPRF-SC,DEL04-SC,UOP01-DEL04-SC,2022
"446745,0",2022-04-29,sexta-feira,19:00:00,SC,101,"204,0",SAO JOSE,Ausência de reação do condutor,Colisão traseira,Com Vítimas Feridas,Plena Noite,Decrescente,Céu Claro,Múltipla,Reta,Sim,3,0,1,0,2,0,1,2,-27.57413014,-48.61363083,SPRF-SC,DEL01-SC,UOP01-DEL01-SC,2022
"446751,0",2022-04-29,sexta-feira,14:30:00,SC,101,"314,0",LAGUNA,Demais falhas mecânicas ou elétricas,Incêndio,Sem Vítimas,Pleno dia,Crescente,Céu Claro,Simples,Reta,Não,1,0,0,0,1,0,0,1,-28.43639297,-48.84075165,SPRF-SC,DEL02-SC,UOP01-DEL02-SC,2022
"446755,0",2022-03-24,quinta-feira,18:30:00,SC,282,"3,0",FLORIANOPOLIS,Reação tardia ou ineficiente do condutor,Tombamento,Com Vítimas Feridas,Plena Noite,Crescente,Nublado,Múltipla,Reta,Sim,1,0,1,0,0,0,1,1,-27.60214737,-48.59603763,SPRF-SC,DEL01-SC,UOP01-DEL01-SC,2022
"446758,0",2022-04-29,sexta-feira,16:45:00,SC,101,"6,0",GARUVA,Pedestre cruzava a pista fora da faixa,Atropelamento de Pedestre,Com Vítimas Feridas,Pleno dia,Crescente,Nublado,Dupla,Viaduto;Reta,Sim,2,0,0,1,1,0,1,2,-26.02692002,-48.86142017,SPRF-SC,DEL03-SC,UOP01-DEL03-SC,2022
"446760,0",2022-04-29,sexta-feira,18:50:00,SC,101,"159,7",PORTO BELO,Reação tardia ou ineficiente do condutor,Tombamento,Com Vítimas Feridas,Plena Noite,Crescente,Nublado,Dupla,Reta,Não,1,0,1,0,0,0,1,1,-27.1998778,-48.61534236,SPRF-SC,DEL04-SC,UOP03-DEL04-SC,2022
"446793,0",2022-04-29,sexta-feira,23:30:00,SC,101,"129,0",BALNEARIO CAMBORIU,Demais falhas mecânicas ou elétricas,Incêndio,Sem Vítimas,Plena Noite,Crescente,Nublado,Dupla,Reta,Sim,1,0,0,0,1,0,0,1,-26.98064277,-48.6790679,SPRF-SC,DEL04-SC,UOP03-DEL04-SC,2022
"446797,0",2022-04-29,sexta-feira,21:25:00,SC,280,"66,0",JARAGUA DO SUL,Conversão proibida,Colisão transversal,Com Vítimas Feridas,Plena Noite,Decrescente,Nublado,Simples,Reta,Não,2,0,1,0,1,0,1,2,-26.47802553,-49.10313606,SPRF-SC,DEL03-SC,UOP03-DEL03-SC,2022
"446798,0",2022-04-29,sexta-feira,20:40:00,SC,101,"424,8",ARARANGUA,Desrespeitar a preferência no cruzamento,Colisão com objeto,Com Vítimas Feridas,Plena Noite,Decrescente,Céu Claro,Simples,Reta;Interseção de Vias,Sim,2,0,0,1,0,1,1,2,-29.01601155,-49.58269226,SPRF-SC,DEL02-SC,UOP02-DEL02-SC,2022
"446799,0",2022-04-29,sexta-feira,20:55:00,SC,101,"424,7",ARARANGUA,Ingestão de álcool pelo condutor,Colisão traseira,Sem Vítimas,Plena Noite,Decrescente,Céu Claro,Simples,Reta;Interseção de Vias,Não,3,0,0,0,3,0,0,3,-29.01601155,-49.58269226,SPRF-SC,DEL02-SC,UOP02-DEL02-SC,2022
"446810,0",2022-04-30,sábado,01:10:00,SC,101,"210,0",SAO JOSE,Demais falhas mecânicas ou elétricas,Incêndio,Sem Vítimas,Plena Noite,Decrescente,Céu Claro,Dupla,Reta,Sim,1,0,0,0,1,0,0,1,-27.62276387,-48.65138769,SPRF-SC,DEL01-SC,UOP01-DEL01-SC,2022
"446817,0",2022-04-30,sábado,02:30:00,SC,101,"323,0",CAPIVARI DE BAIXO,Ingestão de álcool pelo condutor,Colisão com objeto,Com Vítimas Feridas,Plena Noite,Crescente,Céu Claro,Dupla,Curva,Não,2,0,1,1,0,0,2,2,-28.42789556,-48.91248313,SPRF-SC,DEL02-SC,UOP01-DEL02-SC,2022
"446818,0",2022-04-30,sábado,05:20:00,SC,101,"209,0",PALHOCA,Reação tardia ou ineficiente do condutor,Saída de leito carroçável,Sem Vítimas,Plena Noite,Crescente,Nublado,Simples,Reta,Sim,1,0,0,0,1,0,0,1,-27.61000542,-48.63895057,SPRF-SC,DEL01-SC,UOP01-DEL01-SC,2022
"446836,0",2022-04-30,sábado,05:30:00,SC,282,"5,0",SAO FRANCISCO DO SUL,Reação tardia ou ineficiente do condutor,Colisão traseira,Com Vítimas Feridas,Amanhecer,Crescente,Céu Claro,Simples,Reta,Sim,3,0,2,0,1,0,2,2,-26.26074,-48.626315,SPRF-SC,DEL01-SC,UOP01-DEL01-SC,2022
"446841,0",2022-04-30,sábado,06:30:00,SC,163,"71,1",SAO MIGUEL DO OESTE,Manobra de mudança de faixa,Colisão lateral mesmo sentido,Com Vítimas Feridas,Amanhecer,Crescente,Nublado,Simples,Reta,Sim,2,0,1,0,1,0,1,2,-26.72713672,-53.51287007,SPRF-SC,DEL07-SC,UOP03-DEL07-SC,2022
"446891,0",2022-04-30,sábado,11:25:00,SC,153,"59,8",IRANI,Reação tardia ou ineficiente do condutor,Saída de leito carroçável,Com Vítimas Feridas,Pleno dia,Crescente,Chuva,Simples,Reta,Não,3,0,3,0,0,0,3,1,-26.96624414,-51.84556067,SPRF-SC,DEL07-SC,UOP04-DEL07-SC,2022
"446894,0",2022-04-30,sábado,13:10:00,SC,101,"221,6",PALHOCA,Ausência de reação do condutor,Capotamento,Com Vítimas Feridas,Pleno dia,Decrescente,Nublado,Múltipla,Reta,Sim,1,0,1,0,0,0,1,1,-27.70012652,-48.66021182,SPRF-SC,DEL01-SC,UOP02-DEL01-SC,2022
"446898,0",2022-04-30,sábado,13:30:00,SC,101,"216,5",PALHOCA,Reação tardia ou ineficiente do condutor,Colisão transversal,Com Vítimas Feridas,Pleno dia,Decrescente,Nublado,Múltipla,Reta,Sim,3,0,2,1,0,0,3,2,-27.66374588,-48.6753881,SPRF-SC,DEL01-SC,UOP02-DEL01-SC,2022
"446915,0",2022-03-27,domingo,13:10:00,SC,470,"76,8",INDAIAL,Reação tardia ou ineficiente do condutor,Colisão frontal,Com Vítimas Feridas,Pleno dia,Crescente,Céu Claro,Dupla,Reta,Não,3,0,1,0,1,1,1,3,-26.933308,-49.287426,SPRF-SC,DEL04-SC,UOP01-DEL04-SC,2022
"446929,0",2022-04-30,sábado,16:40:00,SC,101,"191,0",BIGUACU,Demais falhas mecânicas ou elétricas,Queda de ocupante de veículo,Com Vítimas Feridas,Pleno dia,Crescente,Nublado,Dupla,Reta,Sim,2,0,1,1,0,0,2,1,-27.47730273,-48.64127329,SPRF-SC,DEL01-SC,UOP01-DEL01-SC,2022
"446964,0",2022-04-30,sábado,19:25:00,SC,101,"199,5",SAO JOSE,Ingestão de álcool pelo condutor,Colisão transversal,Sem Vítimas,Plena Noite,Crescente,Chuva,Simples,Reta,Sim,2,0,0,0,2,0,0,2,-27.53413705,-48.63003205,SPRF-SC,DEL01-SC,UOP01-DEL01-SC,2022
"446973,0",2022-04-30,sábado,20:00:00,SC,101,"149,0",ITAPEMA,Ingestão de álcool e/ou substâncias psicoativas pelo pedestre,Colisão frontal,Com Vítimas Feridas,Plena Noite,Crescente,Chuva,Múltipla,Reta,Não,3,0,0,1,1,1,1,3,-27.1089649,-48.61277586,SPRF-SC,DEL04-SC,UOP03-DEL04-SC,2022
"446978,0",2022-04-30,sábado,18:40:00,SC,101,"272,6",IMBITUBA,Reação tardia ou ineficiente do condutor,Colisão com objeto,Com Vítimas Feridas,Plena Noite,Crescente,Céu Claro,Dupla,Reta,Não,1,0,1,0,0,0,1,1,-28.11780197,-48.69928995,SPRF-SC,DEL02-SC,UOP03-DEL02-SC,2022
"446986,0",2022-04-30,sábado,21:10:00,SC,101,"129,3",BALNEARIO CAMBORIU,Chuva,Queda de ocupante de veículo,Com Vítimas Feridas,Plena Noite,Crescente,Chuva,Múltipla,Curva,Não,1,0,1,0,0,0,1,1,-26.98064277,-48.6790679,SPRF-SC,DEL04-SC,UOP03-DEL04-SC,2022
"446993,0",2022-04-30,sábado,20:50:00,SC,470,"42,6",BLUMENAU,Ingestão de álcool pelo condutor,Tombamento,Com Vítimas Feridas,Plena Noite,Decrescente,Chuva,Simples,Curva;Declive,Sim,1,0,1,0,0,0,1,1,-26.875719,-49.003746,SPRF-SC,DEL04-SC,UOP01-DEL04-SC,2022
"446994,0",2022-04-30,sábado,20:00:00,SC,282,"136,5",BOM RETIRO,Animais na Pista,Atropelamento de Animal,Com Vítimas Feridas,Plena Noite,Crescente,Garoa/Chuvisco,Simples,Reta,Não,3,0,3,0,0,0,3,2,-27.817894,-49.558086,SPRF-SC,DEL05-SC,UOP01-DEL05-SC,2022
"446995,0",2022-04-30,sábado,21:10:00,SC,480,"130,9",CHAPECO,Ingestão de álcool pelo condutor,Colisão frontal,Com Vítimas Feridas,Plena Noite,Crescente,Chuva,Simples,Reta,Sim,5,0,3,1,1,0,4,2,-27.062667,-52.632698,SPRF-SC,DEL07-SC,UOP01-DEL07-SC,2022
"446997,0",2022-04-30,sábado,23:30:00,SC,101,"149,0",ITAPEMA,Chuva,Capotamento,Com Vítimas Feridas,Plena Noite,Decrescente,Chuva,Dupla,Reta,Sim,5,0,2,0,3,0,2,2,-27.1089649,-48.61277586,SPRF-SC,DEL04-SC,UOP03-DEL04-SC,2022
"447011,0",2022-05-01,domingo,01:00:00,SC,282,"37,9",AGUAS MORNAS,Transitar na contramão,Colisão frontal,Com Vítimas Feridas,Plena Noite,Crescente,Chuva,Simples,Reta,Não,4,0,4,0,0,0,4,2,-27.707325,-48.842983,SPRF-SC,DEL01-SC,UOP03-DEL01-SC,2022
"447012,0",2022-05-01,domingo,00:20:00,SC,282,"336,3",CAMPOS NOVOS,Ausência de reação do condutor,Saída de leito carroçável,Com Vítimas Feridas,Plena Noite,Decrescente,Nublado,Simples,Reta,Não,1,0,1,0,0,0,1,1,-27.392557,-51.165817,SPRF-SC,DEL07-SC,UOP06-DEL07-SC,2022
"447030,0",2022-05-01,domingo,04:30:00,SC,101,"139,0",BALNEARIO CAMBORIU,Ingestão de álcool pelo condutor,Colisão com objeto,Sem Vítimas,Plena Noite,Crescente,Céu Claro,Dupla,Reta,Não,1,0,0,0,1,0,0,1,-27.02982303,-48.60115006,SPRF-SC,DEL04-SC,UOP03-DEL04-SC,2022
"447035,0",2022-05-01,domingo,04:50:00,SC,163,"105,7",SAO JOSE DO CEDRO,Ausência de reação do condutor,Saída de leito carroçável,Sem Vítimas,Plena Noite,Crescente,Nublado,Múltipla,Interseção de Vias;Em Obras;Aclive;Curva,Sim,1,0,0,0,0,1,0,1,-26.43986474,-53.5151875,SPRF-SC,DEL07-SC,UOP03-DEL07-SC,2022
"447036,0",2022-05-01,domingo,02:40:00,SC,280,"219,0",TRES BARRAS,Transitar na contramão,Colisão frontal,Com Vítimas Feridas,Plena Noite,Decrescente,Nublado,Simples,Reta,Não,2,0,1,0,1,0,1,2,-26.17156974,-50.25490793,SPRF-SC,DEL06-SC,UOP04-DEL06-SC,2022
"447050,0",2022-05-01,domingo,05:15:00,SC,101,"110,0",NAVEGANTES,Velocidade Incompatível,Saída de leito carroçável,Com Vítimas Feridas,Amanhecer,Decrescente,Nublado,Dupla,Reta,Não,1,0,0,1,0,0,1,1,-26.83477,-48.706151,SPRF-SC,DEL03-SC,UOP02-DEL03-SC,2022
"447051,0",2022-05-01,domingo,04:40:00,SC,116,"62,7",PAPANDUVA,Ingestão de álcool pelo condutor,Saída de leito carroçável,Sem Vítimas,Pleno dia,Crescente,Nublado,Simples,Reta,Não,1,0,0,0,0,1,0,1,-26.39743503,-50.22573664,SPRF-SC,DEL06-SC,UOP02-DEL06-SC,2022
"447067,0",2022-05-01,domingo,06:45:00,SC,282,"3,0",FLORIANOPOLIS,Ingestão de álcool pelo condutor,Capotamento,Com Vítimas Feridas,Pleno dia,Crescente,Céu Claro,Dupla,Curva,Sim,3,0,1,2,0,0,3,1,-27.600384,-48.599705,SPRF-SC,DEL01-SC,UOP01-DEL01-SC,2022
"447079,0",2022-05-01,domingo,05:30:00,SC,101,"339,0",TUBARAO,Transitar na contramão,Saída de leito carroçável,Sem Vítimas,Plena Noite,Crescente,Chuva,Dupla,Reta,Sim,1,0,0,0,1,0,0,1,-28.501444,-49.04690399,SPRF-SC,DEL02-SC,UOP01-DEL02-SC,2022
"447104,0",2022-05-01,domingo,11:55:00,SC,101,"196,7",BIGUACU,Manobra de mudança de faixa,Colisão traseira,Com Vítimas Feridas,Pleno dia,Decrescente,Sol,Dupla,Reta,Sim,4,0,1,1,2,0,2,2,-27.51844497,-48.63848496,SPRF-SC,DEL01-SC,UOP01-DEL01-SC,2022
"447109,0",2022-05-01,domingo,10:15:00,SC,282,"54,0",AGUAS MORNAS,Chuva,Capotamento,Com Vítimas Feridas,Pleno dia,Crescente,Chuva,Simples,Curva,Não,1,0,1,0,0,0,1,1,-27.685799,-48.974514,SPRF-SC,DEL01-SC,UOP03-DEL01-SC,2022
"447137,0",2022-05-01,domingo,15:50:00,SC,101,"78,0",ARAQUARI,Avarias e/ou desgaste excessivo no pneu,Saída de leito carroçável,Com Vítimas Feridas,Pleno dia,Crescente,Nublado,Múltipla,Reta,Não,3,0,3,0,0,0,3,1,-26.57672096,-48.72270551,SPRF-SC,DEL03-SC,UOP02-DEL03-SC,2022
"447138,0",2022-05-01,domingo,14:55:00,SC,101,"57,8",ARAQUARI,Reação tardia ou ineficiente do condutor,Colisão transversal,Com Vítimas Feridas,Pleno dia,Decrescente,Céu Claro,Dupla,Curva,Não,2,0,1,0,1,0,1,2,-26.44025049,-48.80129043,SPRF-SC,DEL03-SC,UOP01-DEL03-SC,2022
"447148,0",2022-05-01,domingo,07:45:00,SC,280,"188,0",MAFRA,Ausência de reação do condutor,Colisão com objeto,Sem Vítimas,Pleno dia,Decrescente,Garoa/Chuvisco,Simples,Curva,Não,1,0,0,0,1,0,0,1,-26.17143885,-49.9631671,SPRF-SC,DEL06-SC,UOP01-DEL06-SC,2022
"447153,0",2022-05-01,domingo,17:50:00,SC,101,"196,0",BIGUACU,Reação tardia ou ineficiente do condutor,Colisão com objeto,Com Vítimas Feridas,Anoitecer,Decrescente,Nublado,Dupla,Reta,Sim,1,0,1,0,0,0,1,1,-27.51101091,-48.64322292,SPRF-SC,DEL01-SC,UOP01-DEL01-SC,2022
"447160,0",2022-05-01,domingo,18:10:00,SC,470,"8,7",NAVEGANTES,Conversão proibida,Colisão transversal,Com Vítimas Feridas,Plena Noite,Crescente,Garoa/Chuvisco,Simples,Reta,Não,2,0,2,0,0,0,2,2,-26.83688,-48.718853,SPRF-SC,DEL04-SC,UOP04-DEL04-SC,2022
"447177,0",2022-05-01,domingo,16:40:00,SC,280,"73,0",JARAGUA DO SUL,Acessar a via sem observar a presença dos outros veículos,Colisão transversal,Com Vítimas Feridas,Pleno dia,Decrescente,Céu Claro,Simples,Reta,Não,3,0,0,2,0,1,2,2,-26.45917102,-49.15245,SPRF-SC,DEL03-SC,UOP03-DEL03-SC,2022
"447195,0",2022-05-01,domingo,19:30:00,SC,101,"46,1",JOINVILLE,Pedestre andava na pista,Atropelamento de Pedestre,Com Vítimas Fatais,Plena Noite,Decrescente,Nublado,Múltipla,Reta,Sim,5,1,1,0,2,1,1,2,-26.358934,-48.858664,SPRF-SC,DEL03-SC,UOP01-DEL03-SC,2022
"447207,0",2022-05-01,domingo,21:40:00,SC,282,"17,9",PALHOCA,Desrespeitar a preferência no cruzamento,Colisão transversal,Com Vítimas Feridas,Plena Noite,Crescente,Garoa/Chuvisco,Simples,Reta;Interseção de Vias,Sim,2,0,0,1,1,0,1,2,-27.665707,-48.688065,SPRF-SC,DEL01-SC,UOP02-DEL01-SC,2022
"447222,0",2022-05-01,domingo,20:50:00,SC,470,"142,4",RIO DO SUL,Transitar na contramão,Colisão frontal,Com Vítimas Fatais,Plena Noite,Crescente,Nublado,Simples,Curva,Não,3,1,0,0,2,0,0,2,-27.21555621,-49.65313911,SPRF-SC,DEL04-SC,UOP02-DEL04-SC,2022
"447237,0",2022-05-02,segunda-feira,03:00:00,SC,101,"41,0",JOINVILLE,Ingestão de álcool pelo condutor,Saída de leito carroçável,Com Vítimas Feridas,Plena Noite,Crescente,Chuva,Dupla,Curva,Não,1,0,1,0,0,0,1,1,-26.31693059,-48.8733995,SPRF-SC,DEL03-SC,UOP01-DEL03-SC,2022
"447251,0",2022-05-02,segunda-feira,00:00:00,SC,282,"659,6",SAO MIGUEL DO OESTE,Ingestão de álcool pelo condutor,Colisão lateral sentido oposto,Com Vítimas Feridas,Plena Noite,Decrescente,Céu Claro,Simples,Reta,Não,3,0,2,1,0,0,3,2,-26.672712,-53.569472,SPRF-SC,DEL07-SC,UOP03-DEL07-SC,2022
"447281,0",2022-04-29,sexta-feira,14:20:00,SC,470,"172,0",POUSO REDONDO,Acessar a via sem observar a presença dos outros veículos,Colisão frontal,Com Vítimas Feridas,Pleno dia,Decrescente,Nublado,Simples,Reta,Não,2,0,0,1,1,0,1,2,-27.257526,-49.909592,SPRF-SC,DEL04-SC,UOP02-DEL04-SC,2022
"447292,0",2022-05-02,segunda-feira,05:50:00,SC,282,"3,5",FLORIANOPOLIS,Condutor Dormindo,Saída de leito carroçável,Sem Vítimas,Amanhecer,Decrescente,Chuva,Dupla,Reta,Sim,1,0,0,0,1,0,0,1,-27.600384,-48.599705,SPRF-SC,DEL01-SC,UOP01-DEL01-SC,2022