id,data_inversa,dia_semana,horario,uf,br,km,municipio,causa_acidente,tipo_acidente,classificacao_acidente,fase_dia,sentido_via,condicao_metereologica,tipo_pista,tracado_via,uso_solo,pessoas,mortos,feridos_leves,feridos_graves,ilesos,ignorados,feridos,veiculos,latitude,longitude,regional,delegacia,uop,ano_arquivo
"448483,0",2022-05-08,domingo,07:25:00,SC,282,"541,3",CHAPECO,Acessar a via sem observar a presença dos outros veículos,Colisão transversal,Com Vítimas Feridas,Pleno dia,Crescente,Sol,Simples,Reta,Não,4,0,2,1,1,0,3,2,-26.997713,-52.699165,SPRF-SC,DEL07-SC,UOP01-DEL07-SC,2022
"448498,0",2022-05-08,domingo,10:35:00,SC,101,"201,0",SAO JOSE,Reação tardia ou ineficiente do condutor,Colisão transversal,Com Vítimas Feridas,Pleno dia,Crescente,Céu Claro,Dupla,Reta,Sim,3,0,1,0,2,0,1,3,-27.54836599,-48.61977975,SPRF-SC,DEL01-SC,UOP01-DEL01-SC,2022
"448499,0",2022-05-08,domingo,10:20:00,SC,101,"47,4",JOINVILLE,Transitar na contramão,Colisão lateral sentido oposto,Com Vítimas Feridas,Pleno dia,Crescente,Céu Claro,Simples,Reta,Não,2,0,1,0,1,0,1,2,-26.34234997,-48.85840089,SPRF-SC,DEL03-SC,UOP01-DEL03-SC,2022
"448511,0",2022-05-08,domingo,11:45:00,SC,470,"42,3",GASPAR,Condutor deixou de manter distância do veículo da frente,Colisão traseira,Com Vítimas Feridas,Pleno dia,Decrescente,Céu Claro,Simples,Em Obras;Curva;Declive,Sim,7,0,1,0,5,1,1,6,-26.860388,-49.037617,SPRF-SC,DEL04-SC,UOP01-DEL04-SC,2022
"448522,0",2022-05-08,domingo,15:15:00,SC,470,"66,0",INDAIAL,Ultrapassagem Indevida,Colisão lateral mesmo sentido,Com Vítimas Feridas,Pleno dia,Crescente,Céu Claro,Simples,Reta,Não,3,0,0,2,1,0,2,2,-26.870407,-49.221844,SPRF-SC,DEL04-SC,UOP01-DEL04-SC,2022
"448535,0",2022-05-08,domingo,16:00:00,SC,101,"205,7",SAO JOSE,Reação tardia ou ineficiente do condutor,Colisão traseira,Com Vítimas Feridas,Pleno dia,Decrescente,Céu Claro,Múltipla,Reta,Sim,2,0,1,0,1,0,1,2,-27.58313237,-48.61532885,SPRF-SC,DEL01-SC,UOP01-DEL01-SC,2022
"448554,0",2022-05-08,domingo,09:30:00,SC,470,"56,0",BLUMENAU,Ultrapassagem Indevida,Colisão lateral mesmo sentido,Com Vítimas Feridas,Pleno dia,Decrescente,Céu Claro,Simples,Reta,Não,3,0,2,0,1,0,2,2,-26.87674,-49.127743,SPRF-SC,DEL04-SC,UOP01-DEL04-SC,2022
"448556,0",2022-05-08,domingo,17:00:00,SC,282,"356,0",CAMPOS NOVOS,Condutor deixou de manter distância do veículo da frente,Engavetamento,Sem Vítimas,Pleno dia,Decrescente,Céu Claro,Simples,Reta,Não,4,0,0,0,4,0,0,3,-27.342428,-51.340664,SPRF-SC,DEL07-SC,UOP05-DEL07-SC,2022
"448576,0",2022-05-08,domingo,18:30:00,SC,101,"410,0",ARARANGUA,Desrespeitar a preferência no cruzamento,Colisão transversal,Com Vítimas Feridas,Plena Noite,Decrescente,Céu Claro,Simples,Reta,Sim,4,0,1,1,2,0,2,2,-28.94346939,-49.50070549,SPRF-SC,DEL02-SC,UOP02-DEL02-SC,2022
"448583,0",2022-05-08,domingo,17:30:00,SC,101,"312,4",LAGUNA,Ausência de reação do condutor,Colisão transversal,Com Vítimas Feridas,Anoitecer,Decrescente,Céu Claro,Simples,Reta;Interseção de Vias,Sim,2,0,1,0,1,0,1,2,-28.43880814,-48.82907867,SPRF-SC,DEL02-SC,UOP01-DEL02-SC,2022
"448598,0",2022-05-08,domingo,18:20:00,SC,280,"67,5",JARAGUA DO SUL,Transitar no acostamento,Colisão transversal,Com Vítimas Feridas,Plena Noite,Crescente,Céu Claro,Simples,Reta,Sim,2,0,1,0,1,0,1,2,-26.4775146,-49.10363575,SPRF-SC,DEL03-SC,UOP03-DEL03-SC,2022
"448601,0",2022-05-08,domingo,20:00:00,SC,101,"424,0",ARARANGUA,Entrada inopinada do pedestre,Atropelamento de Pedestre,Com Vítimas Feridas,Plena Noite,Crescente,Céu Claro,Dupla,Reta,Não,3,0,0,1,2,0,1,2,-29.01601155,-49.58269226,SPRF-SC,DEL02-SC,UOP02-DEL02-SC,2022
"448611,0",2022-05-08,domingo,19:53:00,SC,101,"333,9",TUBARAO,Ausência de reação do condutor,Colisão com objeto,Sem Vítimas,Plena Noite,Decrescente,Nublado,Dupla,Reta,Sim,1,0,0,0,1,0,0,1,-28.46630107,-48.99653096,SPRF-SC,DEL02-SC,UOP01-DEL02-SC,2022
"448622,0",2022-05-08,domingo,19:50:00,SC,101,"450,0",SANTA ROSA DO SUL,Ausência de reação do condutor,Colisão traseira,Com Vítimas Feridas,Pleno dia,Decrescente,Céu Claro,Dupla,Reta,Não,6,0,1,0,5,0,1,3,-29.17229091,-49.74904711,SPRF-SC,DEL02-SC,UOP02-DEL02-SC,2022
"448627,0",2022-05-08,domingo,15:15:00,SC,101,"458,0",SAO JOAO DO SUL,Ausência de reação do condutor,Engavetamento,Sem Vítimas,Pleno dia,Crescente,Céu Claro,Simples,Reta,Não,9,0,0,0,9,0,0,3,-29.24075694,-49.75535784,SPRF-SC,DEL02-SC,UOP02-DEL02-SC,2022
"448636,0",2022-05-05,quinta-feira,06:30:00,SC,101,"397,0",MARACAJA,Animais na Pista,Tombamento,Com Vítimas Feridas,Amanhecer,Decrescente,Chuva,Simples,Reta,Não,1,0,1,0,0,0,1,1,-28.83036461,-49.41244828,SPRF-SC,DEL02-SC,UOP02-DEL02-SC,2022
"448642,0",2022-05-08,domingo,21:20:00,SC,280,"117,8",SAO BENTO DO SUL,Reação tardia ou ineficiente do condutor,Saída de leito carroçável,Com Vítimas Feridas,Plena Noite,Crescente,Céu Claro,Simples,Curva,Não,1,0,1,0,0,0,1,1,-26.2747362,-49.42277912,SPRF-SC,DEL06-SC,UOP03-DEL06-SC,2022
"448648,0",2022-05-09,segunda-feira,00:50:00,SC,282,"526,0",XAXIM,Ingestão de álcool e/ou substâncias psicoativas pelo pedestre,Saída de leito carroçável,Com Vítimas Feridas,Plena Noite,Crescente,Céu Claro,Simples,Curva,Não,1,0,1,0,0,0,1,1,-26.968869,-52.574087,SPRF-SC,DEL07-SC,UOP01-DEL07-SC,2022
"448649,0",2022-05-08,domingo,23:25:00,SC,101,"348,6",JAGUARUNA,Ausência de reação do condutor,Colisão com objeto,Com Vítimas Feridas,Plena Noite,Decrescente,Céu Claro,Dupla,Reta,Sim,1,0,1,0,0,0,1,1,-28.57317505,-49.05292143,SPRF-SC,DEL02-SC,UOP01-DEL02-SC,2022
"448650,0",2022-05-09,segunda-feira,00:30:00,SC,101,"374,7",ICARA,Ausência de reação do condutor,Queda de ocupante de veículo,Com Vítimas Feridas,Plena Noite,Crescente,Céu Claro,Dupla,Reta,Sim,1,0,1,0,0,0,1,1,-28.71534412,-49.22723198,SPRF-SC,DEL02-SC,UOP01-DEL02-SC,2022
"448652,0",2022-05-09,segunda-feira,00:30:00,SC,470,"248,0",CURITIBANOS,Velocidade Incompatível,Capotamento,Sem Vítimas,Plena Noite,Crescente,Céu Claro,Simples,Reta,Sim,1,0,0,0,0,1,0,1,-27.314163,-50.550713,SPRF-SC,DEL05-SC,UOP03-DEL05-SC,2022
"448656,0",2022-05-09,segunda-feira,01:00:00,SC,282,"674,0",PINHALZINHO,Ingestão de álcool pelo condutor,Colisão com objeto,Com Vítimas Feridas,Plena Noite,Decrescente,Nublado,Simples,Rotatória,Não,4,0,1,0,3,0,1,1,-26.82592819,-53.09208512,SPRF-SC,DEL07-SC,UOP03-DEL07-SC,2022
"448670,0",2022-05-09,segunda-feira,03:00:00,SC,280,"267,1",IRINEOPOLIS,Ingestão de álcool pelo condutor,Colisão lateral sentido oposto,Com Vítimas Feridas,Plena Noite,Decrescente,Nublado,Simples,Reta,Não,3,0,1,1,1,0,2,3,-26.264107,-50.707958,SPRF-SC,DEL06-SC,UOP04-DEL06-SC,2022
"448677,0",2022-05-09,segunda-feira,05:05:00,SC,101,"378,7",ICARA,Ausência de reação do condutor,Saída de leito carroçável,Sem Vítimas,Plena Noite,Crescente,Nublado,Dupla,Reta,Não,1,0,0,0,1,0,0,1,-28.741853,-49.251657,SPRF-SC,DEL02-SC,UOP02-DEL02-SC,2022
"448718,0",2022-05-08,domingo,06:50:00,SC,470,"17,0",ILHOTA,Reação tardia ou ineficiente do condutor,Colisão com objeto,Com Vítimas Feridas,Pleno dia,Crescente,Sol,Simples,Desvio Temporário,Não,1,0,1,0,0,0,1,1,-26.849277,-48.801674,SPRF-SC,DEL04-SC,UOP04-DEL04-SC,2022
"448743,0",2022-05-09,segunda-feira,12:40:00,SC,101,"38,0",JOINVILLE,Acessar a via sem observar a presença dos outros veículos,Colisão transversal,Com Vítimas Feridas,Pleno dia,Decrescente,Céu Claro,Dupla,Rotatória,Sim,2,0,1,0,1,0,1,2,-26.25472505,-48.90561309,SPRF-SC,DEL03-SC,UOP01-DEL03-SC,2022
"448747,0",2022-05-09,segunda-feira,12:25:00,SC,280,"23,9",ARAQUARI,Retorno proibido,Colisão transversal,Com Vítimas Feridas,Pleno dia,Decrescente,Céu Claro,Simples,Interseção de Vias;Reta,Sim,2,0,0,1,1,0,1,2,-26.37146,-48.711887,SPRF-SC,DEL03-SC,UOP03-DEL03-SC,2022
"448760,0",2022-03-25,sexta-feira,20:50:00,SC,101,"199,0",SAO JOSE,Acessar a via sem observar a presença dos outros veículos,Colisão lateral mesmo sentido,Com Vítimas Feridas,Plena Noite,Decrescente,Céu Claro,Dupla,Reta,Sim,4,0,1,0,2,1,1,2,-27.53413705,-48.63003205,SPRF-SC,DEL01-SC,UOP01-DEL01-SC,2022
"448767,0",2022-05-09,segunda-feira,13:00:00,SC,280,"235,0",CANOINHAS,Acessar a via sem observar a presença dos outros veículos,Colisão transversal,Com Vítimas Feridas,Pleno dia,Crescente,Céu Claro,Simples,Reta,Sim,2,0,2,0,0,0,2,2,-26.19206283,-50.41295701,SPRF-SC,DEL06-SC,UOP04-DEL06-SC,2022
"448774,0",2022-05-09,segunda-feira,15:30:00,SC,280,"57,5",GUARAMIRIM,Acessar a via sem observar a presença dos outros veículos,Colisão transversal,Com Vítimas Feridas,Pleno dia,Crescente,Céu Claro,Dupla,Curva;Rotatória,Sim,3,0,2,0,1,0,2,2,-26.47811421,-49.01259213,SPRF-SC,DEL03-SC,UOP03-DEL03-SC,2022
"448778,0",2022-05-09,segunda-feira,16:10:00,SC,101,"217,9",PALHOCA,Ausência de reação do condutor,Colisão traseira,Com Vítimas Feridas,Pleno dia,Crescente,Nublado,Dupla,Reta,Sim,2,0,1,0,1,0,1,2,-27.66779034,-48.67393586,SPRF-SC,DEL01-SC,UOP02-DEL01-SC,2022
"448806,0",2022-05-09,segunda-feira,18:10:00,SC,101,"134,0",BALNEARIO CAMBORIU,Reação tardia ou ineficiente do condutor,Colisão lateral mesmo sentido,Com Vítimas Feridas,Plena Noite,Crescente,Céu Claro,Simples,Reta,Sim,3,0,1,1,1,0,2,3,-27.00218,-48.636433,SPRF-SC,DEL04-SC,UOP03-DEL04-SC,2022
"448826,0",2022-05-09,segunda-feira,18:45:00,SC,280,"57,5",GUARAMIRIM,Desrespeitar a preferência no cruzamento,Colisão transversal,Com Vítimas Feridas,Plena Noite,Decrescente,Céu Claro,Dupla,Rotatória,Sim,2,0,1,0,1,0,1,2,-26.47811421,-49.01259213,SPRF-SC,DEL03-SC,UOP03-DEL03-SC,2022
"448833,0",2022-05-09,segunda-feira,21:30:00,SC,101,"214,0",SAO JOSE,Reação tardia ou ineficiente do condutor,Tombamento,Com Vítimas Feridas,Pleno dia,Crescente,Nublado,Dupla,Reta,Sim,2,0,1,0,1,0,1,1,-27.64443,-48.67057,SPRF-SC,DEL01-SC,UOP02-DEL01-SC,2022
"448843,0",2022-05-09,segunda-feira,18:40:00,SC,280,"72,0",JARAGUA DO SUL,Desrespeitar a preferência no cruzamento,Colisão transversal,Com Vítimas Feridas,Anoitecer,Decrescente,Céu Claro,Dupla,Rotatória,Sim,2,0,1,0,1,0,1,2,-26.47335817,-49.1104424,SPRF-SC,DEL03-SC,UOP03-DEL03-SC,2022
"448853,0",2022-05-09,segunda-feira,22:30:00,SC,101,"375,0",ICARA,Condutor Dormindo,Tombamento,Com Vítimas Feridas,Plena Noite,Crescente,Céu Claro,Dupla,Reta,Não,1,0,0,1,0,0,1,1,-28.72014713,-49.23508784,SPRF-SC,DEL02-SC,UOP01-DEL02-SC,2022
"448855,0",2022-05-09,segunda-feira,21:00:00,SC,280,"153,7",MAFRA,Ultrapassagem Indevida,Colisão lateral sentido oposto,Sem Vítimas,Plena Noite,Crescente,Nublado,Simples,Reta,Não,2,0,0,0,2,0,0,2,-26.22099817,-49.71288041,SPRF-SC,DEL06-SC,UOP03-DEL06-SC,2022
"448866,0",2022-05-10,terça-feira,01:00:00,SC,101,"306,0",LAGUNA,Ingestão de álcool pelo condutor,Colisão traseira,Sem Vítimas,Plena Noite,Crescente,Céu Claro,Dupla,Reta,Não,4,0,0,0,4,0,0,2,-28.38437001,-48.77113299,SPRF-SC,DEL02-SC,UOP03-DEL02-SC,2022
"448882,0",2022-05-07,sábado,06:00:00,SC,101,"137,0",BALNEARIO CAMBORIU,Ingestão de álcool pelo condutor,Saída de leito carroçável,Sem Vítimas,Pleno dia,Decrescente,Céu Claro,Dupla,Curva,Sim,1,0,0,0,0,1,0,1,-27.0157238,-48.61192763,SPRF-SC,DEL04-SC,UOP03-DEL04-SC,2022
"448909,0",2022-05-10,terça-feira,10:55:00,SC,101,"415,7",ARARANGUA,Mal súbito do condutor,Queda de ocupante de veículo,Com Vítimas Feridas,Pleno dia,Crescente,Nublado,Dupla,Reta,Sim,2,0,1,0,1,0,1,2,-28.9717658,-49.52748299,SPRF-SC,DEL02-SC,UOP02-DEL02-SC,2022
"448911,0",2022-04-23,sábado,14:30:00,SC,470,"87,0",ASCURRA,Manobra de mudança de faixa,Colisão lateral sentido oposto,Com Vítimas Feridas,Pleno dia,Crescente,Céu Claro,Simples,Reta,Não,2,0,1,0,0,1,1,2,-26.948483,-49.366833,SPRF-SC,DEL04-SC,UOP01-DEL04-SC,2022
"448918,0",2022-05-10,terça-feira,10:10:00,SC,101,"208,0",SAO JOSE,Demais falhas mecânicas ou elétricas,Incêndio,Sem Vítimas,Pleno dia,Crescente,Céu Claro,Dupla,Reta,Sim,1,0,0,0,1,0,0,1,-27.60327979,-48.63201818,SPRF-SC,DEL01-SC,UOP01-DEL01-SC,2022
"448926,0",2022-02-23,quarta-feira,16:05:00,SC,282,"539,7",CHAPECO,Velocidade Incompatível,Colisão frontal,Com Vítimas Fatais,Pleno dia,Decrescente,Sol,Simples,Curva;Aclive,Não,3,2,0,1,0,0,1,2,-26.991355,-52.6814,SPRF-SC,DEL07-SC,UOP01-DEL07-SC,2022
"448929,0",2022-05-10,terça-feira,14:40:00,SC,101,"43,0",JOINVILLE,Acessar a via sem observar a presença dos outros veículos,Colisão transversal,Com Vítimas Feridas,Pleno dia,Crescente,Nublado,Simples,Interseção de Vias,Sim,2,0,1,0,1,0,1,2,-26.33348001,-48.86122227,SPRF-SC,DEL03-SC,UOP01-DEL03-SC,2022
"448941,0",2022-05-10,terça-feira,12:50:00,SC,470,"77,0",INDAIAL,Condutor deixou de manter distância do veículo da frente,Colisão traseira,Com Vítimas Feridas,Pleno dia,Crescente,Nublado,Simples,Em Obras;Reta,Não,2,0,1,0,1,0,1,2,-26.940817,-49.29287,SPRF-SC,DEL04-SC,UOP01-DEL04-SC,2022
"448964,0",2022-05-10,terça-feira,13:50:00,SC,282,"544,8",CHAPECO,Ultrapassagem Indevida,Colisão frontal,Com Vítimas Feridas,Pleno dia,Decrescente,Chuva,Simples,Reta,Não,2,0,0,1,1,0,1,2,-26.99643121,-52.72184372,SPRF-SC,DEL07-SC,UOP01-DEL07-SC,2022
"448981,0",2022-05-10,terça-feira,17:10:00,SC,280,"23,0",ARAQUARI,Acessar a via sem observar a presença dos outros veículos,Colisão transversal,Com Vítimas Feridas,Pleno dia,Crescente,Nublado,Simples,Reta,Sim,3,0,1,0,1,1,1,3,-26.37146,-48.711887,SPRF-SC,DEL03-SC,UOP03-DEL03-SC,2022
"448982,0",2022-05-10,terça-feira,13:35:00,SC,282,"544,7",CHAPECO,Condutor deixou de manter distância do veículo da frente,Colisão traseira,Com Vítimas Feridas,Pleno dia,Crescente,Garoa/Chuvisco,Simples,Reta;Aclive,Não,7,0,1,0,6,0,1,2,-26.992517,-52.724781,SPRF-SC,DEL07-SC,UOP01-DEL07-SC,2022
"448984,0",2022-05-10,terça-feira,15:30:00,SC,101,"92,0",BARRA VELHA,Demais falhas mecânicas ou elétricas,Colisão com objeto,Com Vítimas Feridas,Pleno dia,Crescente,Céu Claro,Simples,Reta,Sim,2,0,0,1,1,0,1,2,-26.6806041,-48.6931497,SPRF-SC,DEL03-SC,UOP02-DEL03-SC,2022
"448997,0",2022-05-10,terça-feira,18:45:00,SC,280,"70,0",JARAGUA DO SUL,Acessar a via sem observar a presença dos outros veículos,Colisão transversal,Com Vítimas Feridas,Plena Noite,Crescente,Nublado,Simples,Reta,Sim,2,0,1,0,1,0,1,2,-26.46522052,-49.12675918,SPRF-SC,DEL03-SC,UOP03-DEL03-SC,2022
"449029,0",2022-05-10,terça-feira,20:10:00,SC,282,"86,9",ALFREDO WAGNER,Velocidade Incompatível,Capotamento,Com Vítimas Feridas,Plena Noite,Decrescente,Chuva,Simples,Aclive;Curva,Não,1,0,1,0,0,0,1,1,-27.661551,-49.197906,SPRF-SC,DEL01-SC,UOP03-DEL01-SC,2022
"449033,0",2022-05-10,terça-feira,22:30:00,SC,101,"328,5",CAPIVARI DE BAIXO,Demais falhas mecânicas ou elétricas,Tombamento,Com Vítimas Feridas,Plena Noite,Decrescente,Chuva,Dupla,Reta,Sim,2,0,2,0,0,0,2,1,-28.43648094,-48.95989307,SPRF-SC,DEL02-SC,UOP01-DEL02-SC,2022
"449038,0",2022-03-30,quarta-feira,06:40:00,SC,470,"56,2",BLUMENAU,Acessar a via sem observar a presença dos outros veículos,Colisão transversal,Com Vítimas Feridas,Pleno dia,Decrescente,Céu Claro,Simples,Reta,Sim,4,0,1,0,2,1,1,3,-26.87674,-49.127743,SPRF-SC,DEL04-SC,UOP01-DEL04-SC,2022
"449060,0",2022-05-11,quarta-feira,05:45:00,SC,101,"112,3",ITAJAI,Ingestão de álcool e/ou substâncias psicoativas pelo pedestre,Saída de leito carroçável,Sem Vítimas,Amanhecer,Crescente,Nublado,Dupla,Reta,Não,1,0,0,0,0,1,0,1,-26.84589005,-48.72131295,SPRF-SC,DEL04-SC,UOP04-DEL04-SC,2022
"449092,0",2022-01-21,sexta-feira,02:15:00,SC,101,"208,0",SAO JOSE,Velocidade Incompatível,Colisão com objeto,Sem Vítimas,Plena Noite,Crescente,Céu Claro,Dupla,Curva,Sim,1,0,0,0,1,0,0,1,-27.60327979,-48.63201818,SPRF-SC,DEL01-SC,UOP01-DEL01-SC,2022
"449105,0",2022-02-09,quarta-feira,11:05:00,SC,101,"221,6",PALHOCA,Demais falhas mecânicas ou elétricas,Saída de leito carroçável,Sem Vítimas,Pleno dia,Decrescente,Céu Claro,Dupla,Reta;Declive,Não,1,0,0,0,0,1,0,1,-27.70742917,-48.65668774,SPRF-SC,DEL01-SC,UOP02-DEL01-SC,2022
"449110,0",2022-02-11,sexta-feira,16:00:00,SC,470,"118,9",IBIRAMA,Reação tardia ou ineficiente do condutor,Colisão traseira,Com Vítimas Feridas,Pleno dia,Crescente,Céu Claro,Simples,Reta;Aclive,Não,3,0,2,0,1,0,2,2,-27.08110838,-49.50008154,SPRF-SC,DEL04-SC,UOP02-DEL04-SC,2022
"449113,0",2022-02-12,sábado,02:50:00,SC,470,"135,9",RIO DO SUL,Transitar na contramão,Colisão frontal,Sem Vítimas,Plena Noite,Crescente,Céu Claro,Simples,Reta,Não,2,0,0,0,1,1,0,2,-27.188492,-49.61232,SPRF-SC,DEL04-SC,UOP02-DEL04-SC,2022
"449120,0",2022-02-12,sábado,20:15:00,SC,116,"58,2",PAPANDUVA,Acessar a via sem observar a presença dos outros veículos,Colisão transversal,Com Vítimas Feridas,Plena Noite,Decrescente,Céu Claro,Simples,Reta,Não,5,0,2,2,1,0,4,2,-26.37775081,-50.19836783,SPRF-SC,DEL06-SC,UOP02-DEL06-SC,2022
"449140,0",2022-02-14,segunda-feira,01:40:00,SC,282,"640,7",DESCANSO,Ausência de reação do condutor,Saída de leito carroçável,Sem Vítimas,Plena Noite,Crescente,Céu Claro,Simples,Curva,Não,1,0,0,0,1,0,0,1,-26.788002,-53.458031,SPRF-SC,DEL07-SC,UOP03-DEL07-SC,2022
"449149,0",2022-02-15,terça-feira,17:50:00,SC,101,"210,0",SAO JOSE,Ausência de reação do condutor,Colisão lateral mesmo sentido,Com Vítimas Feridas,Pleno dia,Crescente,Sol,Dupla,Reta,Não,2,0,1,0,1,0,1,2,-27.6167305,-48.6457265,SPRF-SC,DEL01-SC,UOP01-DEL01-SC,2022
"449159,0",2022-02-16,quarta-feira,16:45:00,SC,101,"411,7",ARARANGUA,Retorno proibido,Colisão transversal,Com Vítimas Feridas,Pleno dia,Decrescente,Céu Claro,Simples,Reta,Sim,2,0,0,1,1,0,1,2,-28.94596927,-49.50370789,SPRF-SC,DEL02-SC,UOP02-DEL02-SC,2022
"449168,0",2022-02-17,quinta-feira,07:40:00,SC,116,"172,2",PONTE ALTA DO NORTE,Mal súbito do condutor,Colisão com objeto,Com Vítimas Feridas,Pleno dia,Decrescente,Céu Claro,Simples,Curva,Não,1,0,1,0,0,0,1,1,-27.21243998,-50.4652468,SPRF-SC,DEL05-SC,UOP03-DEL05-SC,2022
"449175,0",2022-05-11,quarta-feira,12:00:00,SC,101,"338,9",TUBARAO,Animais na Pista,Atropelamento de Animal,Com Vítimas Feridas,Pleno dia,Decrescente,Céu Claro,Dupla,Reta,Não,1,0,1,0,0,0,1,1,-28.485725,-49.03726,SPRF-SC,DEL02-SC,UOP01-DEL02-SC,2022
"449197,0",2022-02-20,domingo,21:15:00,SC,282,"461,5",PONTE SERRADA,Desrespeitar a preferência no cruzamento,Colisão transversal,Com Vítimas Feridas,Plena Noite,Decrescente,Céu Claro,Simples,Reta,Sim,2,0,1,0,1,0,1,2,-26.856403,-52.041328,SPRF-SC,DEL07-SC,UOP04-DEL07-SC,2022
"449204,0",2022-02-21,segunda-feira,21:30:00,SC,101,"47,5",JOINVILLE,Demais falhas mecânicas ou elétricas,Incêndio,Sem Vítimas,Plena Noite,Crescente,Céu Claro,Dupla,Reta,Sim,1,0,0,0,1,0,0,1,-26.34234997,-48.85840089,SPRF-SC,DEL03-SC,UOP01-DEL03-SC,2022
"449208,0",2022-03-24,quinta-feira,19:12:00,SC,470,"139,0",RIO DO SUL,Manobra de mudança de faixa,Colisão transversal,Com Vítimas Feridas,Plena Noite,Decrescente,Nublado,Simples,Rotatória,Sim,2,0,1,0,1,0,1,2,-27.217564,-49.65461,SPRF-SC,DEL04-SC,UOP02-DEL04-SC,2022
"449248,0",2022-05-11,quarta-feira,17:20:00,SC,470,"70,0",INDAIAL,Conversão proibida,Colisão lateral mesmo sentido,Com Vítimas Feridas,Pleno dia,Crescente,Céu Claro,Simples,Reta,Sim,2,0,1,0,1,0,1,2,-26.889374,-49.254478,SPRF-SC,DEL04-SC,UOP01-DEL04-SC,2022
"449277,0",2022-05-07,sábado,05:00:00,SC,282,"515,8",XAXIM,Ingestão de álcool pelo condutor,Saída de leito carroçável,Sem Vítimas,Amanhecer,Decrescente,Céu Claro,Simples,Reta,Não,1,0,0,0,1,0,0,1,-26.92977633,-52.49921367,SPRF-SC,DEL07-SC,UOP01-DEL07-SC,2022
"449291,0",2022-05-11,quarta-feira,17:20:00,SC,163,"110,0",GUARUJA DO SUL,Conversão proibida,Colisão traseira,Com Vítimas Feridas,Anoitecer,Decrescente,Céu Claro,Simples,Reta,Não,5,0,1,0,4,0,1,2,-26.39975011,-53.52470398,SPRF-SC,DEL07-SC,UOP03-DEL07-SC,2022
"449295,0",2022-05-11,quarta-feira,20:18:00,SC,101,"214,0",PALHOCA,Ausência de reação do condutor,Colisão traseira,Com Vítimas Feridas,Plena Noite,Crescente,Céu Claro,Dupla,Reta,Sim,2,0,1,0,1,0,1,2,-27.64443,-48.67057,SPRF-SC,DEL01-SC,UOP02-DEL01-SC,2022
"449297,0",2022-05-11,quarta-feira,19:00:00,SC,101,"35,5",JOINVILLE,Ausência de reação do condutor,Colisão traseira,Com Vítimas Feridas,Plena Noite,Crescente,Nublado,Dupla,Reta;Declive,Sim,4,0,1,0,3,0,1,3,-26.2411301,-48.91227415,SPRF-SC,DEL03-SC,UOP01-DEL03-SC,2022
"449311,0",2022-05-11,quarta-feira,21:25:00,SC,101,"124,0",ITAJAI,Reação tardia ou ineficiente do condutor,Saída de leito carroçável,Com Vítimas Feridas,Plena Noite,Decrescente,Nublado,Simples,Reta,Não,1,0,1,0,0,0,1,1,-26.94335064,-48.69198648,SPRF-SC,DEL04-SC,UOP04-DEL04-SC,2022
"449340,0",2022-05-12,quinta-feira,05:50:00,SC,280,"53,4",GUARAMIRIM,Pedestre andava na pista,Atropelamento de Pedestre,Com Vítimas Fatais,Plena Noite,Decrescente,Céu Claro,Dupla,Reta,Sim,2,1,0,0,1,0,0,2,-26.47519248,-48.98175001,SPRF-SC,DEL03-SC,UOP03-DEL03-SC,2022
"449370,0",2022-05-12,quinta-feira,08:00:00,SC,101,"130,8",BALNEARIO CAMBORIU,Acessar a via sem observar a presença dos outros veículos,Colisão lateral mesmo sentido,Com Vítimas Feridas,Pleno dia,Decrescente,Céu Claro,Dupla,Reta,Não,2,0,1,0,1,0,1,2,-26.98944,-48.66383,SPRF-SC,DEL04-SC,UOP03-DEL04-SC,2022
"449429,0",2022-05-12,quinta-feira,07:15:00,SC,282,"567,0",NOVA ERECHIM,Neblina,Colisão lateral mesmo sentido,Com Vítimas Feridas,Pleno dia,Crescente,Nevoeiro/Neblina,Simples,Reta,Não,1,0,1,0,0,0,1,1,-26.904472,-52.907639,SPRF-SC,DEL07-SC,UOP02-DEL07-SC,2022
"449432,0",2022-04-03,domingo,01:16:00,SC,282,"35,0",AGUAS MORNAS,Animais na Pista,Colisão frontal,Com Vítimas Feridas,Plena Noite,Crescente,Chuva,Simples,Curva,Não,1,0,1,0,0,0,1,1,-27.702084,-48.826664,SPRF-SC,DEL01-SC,UOP03-DEL01-SC,2022
"449451,0",2022-05-12,quinta-feira,16:15:00,SC,101,"130,3",BALNEARIO CAMBORIU,Reação tardia ou ineficiente do condutor,Colisão lateral mesmo sentido,Com Vítimas Feridas,Pleno dia,Decrescente,Céu Claro,Dupla,Reta,Sim,4,0,1,0,3,0,1,3,-26.98407618,-48.66977107,SPRF-SC,DEL04-SC,UOP03-DEL04-SC,2022
"449465,0",2022-05-12,quinta-feira,18:30:00,SC,101,"114,9",ITAJAI,Acessar a via sem observar a presença dos outros veículos,Colisão lateral mesmo sentido,Com Vítimas Feridas,Anoitecer,Crescente,Céu Claro,Dupla,Reta,Sim,2,0,1,0,1,0,1,2,-26.87064015,-48.72954134,SPRF-SC,DEL04-SC,UOP04-DEL04-SC,2022
"449469,0",2022-05-12,quinta-feira,18:00:00,SC,101,"145,2",ITAPEMA,Manobra de mudança de faixa,Engavetamento,Sem Vítimas,Anoitecer,Decrescente,Céu Claro,Múltipla,Reta,Não,3,0,0,0,3,0,0,3,-27.08259,-48.60228,SPRF-SC,DEL04-SC,UOP03-DEL04-SC,2022