id,data_inversa,dia_semana,horario,uf,br,km,municipio,causa_acidente,tipo_acidente,classificacao_acidente,fase_dia,sentido_via,condicao_metereologica,tipo_pista,tracado_via,uso_solo,pessoas,mortos,feridos_leves,feridos_graves,ilesos,ignorados,feridos,veiculos,latitude,longitude,regional,delegacia,uop,ano_arquivo
"452263,0",2022-05-27,sexta-feira,08:30:00,SC,101,"118,0",ITAJAI,Trafegar com motocicleta (ou similar) entre as faixas,Colisão lateral mesmo sentido,Com Vítimas Feridas,Pleno dia,Crescente,Céu Claro,Dupla,Reta,Sim,2,0,1,0,1,0,1,2,-26.895859,-48.71903,SPRF-SC,DEL04-SC,UOP04-DEL04-SC,2022
"452265,0",2022-05-27,sexta-feira,09:40:00,SC,101,"132,9",BALNEARIO CAMBORIU,Acessar a via sem observar a presença dos outros veículos,Colisão lateral mesmo sentido,Com Vítimas Feridas,Pleno dia,Decrescente,Céu Claro,Dupla,Interseção de Vias,Sim,3,0,2,0,1,0,2,2,-26.99654133,-48.65564711,SPRF-SC,DEL04-SC,UOP03-DEL04-SC,2022
"452285,0",2022-05-27,sexta-feira,12:25:00,SC,101,"121,0",ITAJAI,Acesso irregular,Colisão traseira,Com Vítimas Feridas,Pleno dia,Decrescente,Céu Claro,Dupla,Reta,Sim,2,0,0,1,1,0,1,2,-26.92103178,-48.70856446,SPRF-SC,DEL04-SC,UOP04-DEL04-SC,2022
"452288,0",2022-05-27,sexta-feira,10:50:00,SC,101,"89,0",BARRA VELHA,Condutor deixou de manter distância do veículo da frente,Colisão traseira,Sem Vítimas,Pleno dia,Decrescente,Céu Claro,Dupla,Reta,Sim,2,0,0,0,2,0,0,2,-26.65175997,-48.68721921,SPRF-SC,DEL03-SC,UOP02-DEL03-SC,2022
"452313,0",2022-05-27,sexta-feira,15:00:00,SC,101,"214,5",PALHOCA,Manobra de mudança de faixa,Colisão lateral mesmo sentido,Com Vítimas Feridas,Pleno dia,Crescente,Nublado,Múltipla,Reta,Sim,2,0,1,0,1,0,1,1,-27.64443,-48.67057,SPRF-SC,DEL01-SC,UOP02-DEL01-SC,2022
"452316,0",2022-05-27,sexta-feira,14:40:00,SC,116,"6,4",MAFRA,Ausência de reação do condutor,Colisão traseira,Com Vítimas Feridas,Pleno dia,Crescente,Céu Claro,Dupla,Reta,Sim,2,0,1,0,1,0,1,2,-26.14644691,-49.82305806,SPRF-SC,DEL06-SC,UOP01-DEL06-SC,2022
"452319,0",2022-05-27,sexta-feira,16:00:00,SC,280,"52,7",GUARAMIRIM,Ausência de reação do condutor,Colisão traseira,Sem Vítimas,Pleno dia,Decrescente,Céu Claro,Simples,Interseção de Vias,Sim,2,0,0,0,2,0,0,2,-26.47236756,-48.97426617,SPRF-SC,DEL03-SC,UOP03-DEL03-SC,2022
"452325,0",2022-05-27,sexta-feira,16:50:00,SC,101,"209,4",SAO JOSE,Acessar a via sem observar a presença dos outros veículos,Colisão transversal,Com Vítimas Feridas,Amanhecer,Crescente,Nublado,Dupla,Reta,Sim,2,0,1,0,1,0,1,2,-27.61000542,-48.63895057,SPRF-SC,DEL01-SC,UOP01-DEL01-SC,2022
"452333,0",2022-05-27,sexta-feira,17:15:00,SC,282,"22,4",SANTO AMARO DA IMPERATRIZ,Velocidade Incompatível,Colisão transversal,Com Vítimas Feridas,Anoitecer,Decrescente,Chuva,Simples,Reta,Sim,3,0,1,0,1,1,1,3,-27.688507,-48.72739,SPRF-SC,DEL01-SC,UOP02-DEL01-SC,2022
"452335,0",2022-05-27,sexta-feira,17:45:00,SC,101,"214,4",PALHOCA,Ingestão de álcool pelo condutor,Engavetamento,Sem Vítimas,Anoitecer,Decrescente,Nublado,Simples,Reta,Sim,4,0,0,0,4,0,0,4,-27.64443,-48.67057,SPRF-SC,DEL01-SC,UOP02-DEL01-SC,2022
"452339,0",2022-05-27,sexta-feira,17:30:00,SC,282,"4,6",SAO JOSE,Trafegar com motocicleta (ou similar) entre as faixas,Colisão lateral mesmo sentido,Com Vítimas Feridas,Anoitecer,Crescente,Garoa/Chuvisco,Múltipla,Reta,Não,2,0,1,0,1,0,1,2,-27.592646,-48.604034,SPRF-SC,DEL01-SC,UOP01-DEL01-SC,2022
"452438,0",2022-05-28,sábado,04:00:00,SC,470,"10,4",NAVEGANTES,Ausência de reação do condutor,Saída de leito carroçável,Com Vítimas Feridas,Plena Noite,Decrescente,Garoa/Chuvisco,Simples,Reta,Não,1,0,1,0,0,0,1,1,-26.833693,-48.73724,SPRF-SC,DEL04-SC,UOP04-DEL04-SC,2022
"452443,0",2022-05-28,sábado,06:25:00,SC,101,"213,0",PALHOCA,Ingestão de álcool pelo condutor,Colisão com objeto,Com Vítimas Feridas,Amanhecer,Crescente,Nublado,Dupla,Reta,Sim,2,0,0,1,0,1,1,1,-27.63697369,-48.66514142,SPRF-SC,DEL01-SC,UOP02-DEL01-SC,2022
"452460,0",2022-05-28,sábado,02:10:00,SC,282,"308,0",VARGEM,Curva acentuada,Saída de leito carroçável,Com Vítimas Feridas,Plena Noite,Crescente,Nublado,Simples,Curva,Não,1,0,1,0,0,0,1,1,-27.49292,-50.971973,SPRF-SC,DEL07-SC,UOP06-DEL07-SC,2022
"452468,0",2022-05-28,sábado,08:15:00,SC,470,"57,0",BLUMENAU,Ausência de reação do condutor,Colisão transversal,Com Vítimas Feridas,Pleno dia,Crescente,Nublado,Simples,Interseção de Vias,Não,2,0,1,0,1,0,1,2,-26.880428,-49.136532,SPRF-SC,DEL04-SC,UOP01-DEL04-SC,2022
"452481,0",2022-05-28,sábado,07:30:00,SC,282,"631,7",DESCANSO,Chuva,Saída de leito carroçável,Com Vítimas Feridas,Pleno dia,Decrescente,Chuva,Simples,Curva,Não,1,0,1,0,0,0,1,1,-26.82564097,-53.40376854,SPRF-SC,DEL07-SC,UOP03-DEL07-SC,2022
"452490,0",2022-05-28,sábado,11:00:00,SC,101,"195,8",BIGUACU,Trafegar com motocicleta (ou similar) entre as faixas,Atropelamento de Pedestre,Com Vítimas Feridas,Pleno dia,Decrescente,Céu Claro,Múltipla,Reta,Sim,2,0,1,0,1,0,1,2,-27.50965121,-48.64430666,SPRF-SC,DEL01-SC,UOP01-DEL01-SC,2022
"452497,0",2022-05-28,sábado,11:25:00,SC,116,"207,2",PONTE ALTA,Acessar a via sem observar a presença dos outros veículos,Colisão transversal,Com Vítimas Feridas,Pleno dia,Decrescente,Nublado,Simples,Rotatória,Sim,2,0,1,0,1,0,1,2,-27.48199748,-50.37911479,SPRF-SC,DEL05-SC,UOP03-DEL05-SC,2022
"452498,0",2022-05-28,sábado,13:00:00,SC,470,"81,8",RODEIO,Ausência de reação do condutor,Tombamento,Com Vítimas Feridas,Pleno dia,Crescente,Nublado,Simples,Curva,Não,1,0,0,1,0,0,1,1,-26.950367,-49.325638,SPRF-SC,DEL04-SC,UOP01-DEL04-SC,2022
"452505,0",2022-05-28,sábado,13:45:00,SC,101,"144,0",ITAPEMA,Reação tardia ou ineficiente do condutor,Colisão traseira,Com Vítimas Feridas,Pleno dia,Decrescente,Céu Claro,Dupla,Aclive;Reta,Não,2,0,1,0,1,0,1,2,-27.0732659,-48.59672716,SPRF-SC,DEL04-SC,UOP03-DEL04-SC,2022
"452523,0",2022-05-28,sábado,15:20:00,SC,280,"31,6",ARAQUARI,Reação tardia ou ineficiente do condutor,Capotamento,Com Vítimas Feridas,Pleno dia,Crescente,Nublado,Simples,Rotatória,Não,2,0,2,0,0,0,2,1,-26.41649938,-48.77181215,SPRF-SC,DEL03-SC,UOP03-DEL03-SC,2022
"452559,0",2022-05-28,sábado,19:22:00,SC,280,"231,0",CANOINHAS,Pista Escorregadia,Colisão com objeto,Com Vítimas Feridas,Plena Noite,Decrescente,Chuva,Simples,Reta,Sim,1,0,1,0,0,0,1,1,-26.1893047,-50.37170989,SPRF-SC,DEL06-SC,UOP04-DEL06-SC,2022
"452566,0",2022-05-28,sábado,18:00:00,SC,280,"25,4",ARAQUARI,Transitar na contramão,Colisão lateral sentido oposto,Sem Vítimas,Plena Noite,Crescente,Ignorado,Simples,Reta,Sim,2,0,0,0,2,0,0,2,-26.38352781,-48.72677516,SPRF-SC,DEL03-SC,UOP03-DEL03-SC,2022
"452567,0",2022-05-28,sábado,20:15:00,SC,470,"86,9",RODEIO,Ausência de reação do condutor,Colisão com objeto,Com Vítimas Feridas,Plena Noite,Crescente,Chuva,Simples,Ponte,Não,1,0,1,0,0,0,1,1,-26.949951,-49.357296,SPRF-SC,DEL04-SC,UOP01-DEL04-SC,2022
"452568,0",2022-05-28,sábado,19:40:00,SC,101,"122,0",ITAJAI,Reação tardia ou ineficiente do condutor,Colisão traseira,Com Vítimas Feridas,Plena Noite,Crescente,Nublado,Dupla,Reta,Sim,3,0,1,0,2,0,1,2,-26.92955916,-48.70499836,SPRF-SC,DEL04-SC,UOP04-DEL04-SC,2022
"452571,0",2022-05-28,sábado,19:50:00,SC,282,"46,0",AGUAS MORNAS,Ultrapassagem Indevida,Saída de leito carroçável,Com Vítimas Feridas,Plena Noite,Decrescente,Chuva,Simples,Curva,Não,1,0,1,0,0,0,1,1,-27.721041,-48.925152,SPRF-SC,DEL01-SC,UOP03-DEL01-SC,2022
"452575,0",2022-05-28,sábado,17:40:00,SC,470,"244,0",CURITIBANOS,Reação tardia ou ineficiente do condutor,Colisão traseira,Sem Vítimas,Plena Noite,Decrescente,Chuva,Simples,Declive;Reta,Não,2,0,0,0,2,0,0,2,-27.3145294,-50.51640272,SPRF-SC,DEL05-SC,UOP03-DEL05-SC,2022
"452596,0",2022-05-28,sábado,20:20:00,SC,101,"67,8",ARAQUARI,Reação tardia ou ineficiente do condutor,Colisão com objeto,Com Vítimas Feridas,Plena Noite,Crescente,Nublado,Dupla,Curva,Não,1,0,0,1,0,0,1,1,-26.49522221,-48.7327981,SPRF-SC,DEL03-SC,UOP02-DEL03-SC,2022
"452606,0",2022-05-28,sábado,22:50:00,SC,101,"124,0",ITAJAI,Ingestão de álcool e/ou substâncias psicoativas pelo pedestre,Colisão com objeto,Sem Vítimas,Plena Noite,Crescente,Nublado,Dupla,Curva,Sim,5,0,0,0,5,0,0,1,-26.94335064,-48.69198648,SPRF-SC,DEL04-SC,UOP04-DEL04-SC,2022
"452613,0",2022-05-28,sábado,22:10:00,SC,470,"117,7",IBIRAMA,Reação tardia ou ineficiente do condutor,Saída de leito carroçável,Com Vítimas Feridas,Plena Noite,Crescente,Garoa/Chuvisco,Simples,Reta,Não,1,0,1,0,0,0,1,1,-27.081692,-49.502277,SPRF-SC,DEL04-SC,UOP02-DEL04-SC,2022
"452626,0",2022-05-29,domingo,00:20:00,SC,101,"199,0",SAO JOSE,Ingestão de álcool pelo condutor,Saída de leito carroçável,Sem Vítimas,Plena Noite,Decrescente,Nublado,Múltipla,Reta,Sim,2,0,0,0,1,1,0,2,-27.53413705,-48.63003205,SPRF-SC,DEL01-SC,UOP01-DEL01-SC,2022
"452653,0",2022-05-29,domingo,04:00:00,SC,101,"111,0",NAVEGANTES,Reação tardia ou ineficiente do condutor,Saída de leito carroçável,Sem Vítimas,Pleno dia,Crescente,Nublado,Dupla,Reta,Sim,1,0,0,0,1,0,0,1,-26.83955734,-48.71418074,SPRF-SC,DEL04-SC,UOP04-DEL04-SC,2022
"452660,0",2022-05-29,domingo,00:30:00,SC,282,"460,0",PONTE SERRADA,Ingestão de álcool pelo condutor,Colisão frontal,Com Vítimas Feridas,Plena Noite,Decrescente,Chuva,Simples,Reta,Sim,4,0,2,0,2,0,2,2,-26.856062,-52.03215,SPRF-SC,DEL07-SC,UOP04-DEL07-SC,2022
"452668,0",2022-05-29,domingo,04:00:00,SC,282,"400,8",JOACABA,Condutor Dormindo,Saída de leito carroçável,Sem Vítimas,Plena Noite,Crescente,Chuva,Simples,Curva,Não,1,0,0,0,1,0,0,1,-27.132223,-51.627563,SPRF-SC,DEL07-SC,UOP05-DEL07-SC,2022
"452677,0",2022-05-29,domingo,05:45:00,SC,280,"100,8",SAO BENTO DO SUL,Transitar na contramão,Colisão frontal,Com Vítimas Feridas,Pleno dia,Crescente,Céu Claro,Simples,Reta;Aclive,Não,4,0,0,1,3,0,1,2,-26.37158361,-49.33137101,SPRF-SC,DEL06-SC,UOP03-DEL06-SC,2022
"452709,0",2022-05-29,domingo,10:50:00,SC,101,"189,5",BIGUACU,Chuva,Saída de leito carroçável,Com Vítimas Feridas,Pleno dia,Crescente,Chuva,Dupla,Curva,Não,1,0,1,0,0,0,1,1,-27.459393,-48.638914,SPRF-SC,DEL01-SC,UOP01-DEL01-SC,2022
"452714,0",2022-05-29,domingo,11:20:00,SC,101,"186,0",BIGUACU,Chuva,Saída de leito carroçável,Com Vítimas Feridas,Pleno dia,Crescente,Chuva,Dupla,Curva,Não,2,0,2,0,0,0,2,1,-27.4341098,-48.62567129,SPRF-SC,DEL01-SC,UOP01-DEL01-SC,2022
"452718,0",2022-05-29,domingo,12:00:00,SC,101,"189,0",BIGUACU,Chuva,Saída de leito carroçável,Com Vítimas Feridas,Pleno dia,Crescente,Chuva,Dupla,Reta,Não,3,0,1,0,2,0,1,1,-27.459393,-48.638914,SPRF-SC,DEL01-SC,UOP01-DEL01-SC,2022
"452720,0",2022-05-29,domingo,11:00:00,SC,470,"101,5",APIUNA,Velocidade Incompatível,Saída de leito carroçável,Com Vítimas Feridas,Pleno dia,Crescente,Chuva,Simples,Reta,Sim,1,0,1,0,0,0,1,1,-27.053085,-49.390018,SPRF-SC,DEL04-SC,UOP02-DEL04-SC,2022
"452753,0",2022-05-29,domingo,15:00:00,SC,282,"68,0",RANCHO QUEIMADO,Velocidade Incompatível,Saída de leito carroçável,Com Vítimas Feridas,Pleno dia,Decrescente,Chuva,Simples,Curva,Não,2,0,2,0,0,0,2,1,-27.692406,-49.075939,SPRF-SC,DEL01-SC,UOP03-DEL01-SC,2022
"452758,0",2022-05-29,domingo,18:20:00,SC,101,"234,0",PALHOCA,Pista Escorregadia,Saída de leito carroçável,Sem Vítimas,Plena Noite,Crescente,Garoa/Chuvisco,Dupla,Reta,Não,2,0,0,0,2,0,0,1,-27.81043812,-48.63537111,SPRF-SC,DEL01-SC,UOP02-DEL01-SC,2022
"452765,0",2022-05-29,domingo,18:25:00,SC,101,"290,1",IMBITUBA,Ingestão de álcool e/ou substâncias psicoativas pelo pedestre,Atropelamento de Pedestre,Com Vítimas Feridas,Plena Noite,Decrescente,Chuva,Dupla,Reta;Declive,Sim,2,0,0,1,1,0,1,2,-28.26202477,-48.70403355,SPRF-SC,DEL02-SC,UOP03-DEL02-SC,2022
"452779,0",2022-05-29,domingo,18:55:00,SC,280,"54,1",GUARAMIRIM,Reação tardia ou ineficiente do condutor,Colisão com objeto,Sem Vítimas,Plena Noite,Decrescente,Chuva,Dupla,Reta;Em Obras,Sim,1,0,0,0,1,0,0,1,-26.47539893,-48.983748,SPRF-SC,DEL03-SC,UOP03-DEL03-SC,2022
"452794,0",2022-05-29,domingo,10:15:00,SC,282,"374,5",ERVAL VELHO,Acumulo de água sobre o pavimento,Tombamento,Sem Vítimas,Pleno dia,Crescente,Chuva,Simples,Curva,Não,5,0,0,0,5,0,0,1,-27.268663,-51.443768,SPRF-SC,DEL07-SC,UOP05-DEL07-SC,2022
"452801,0",2022-05-29,domingo,20:00:00,SC,101,"307,0",LAGUNA,Ingestão de álcool pelo condutor,Saída de leito carroçável,Sem Vítimas,Plena Noite,Crescente,Chuva,Simples,Reta,Não,1,0,0,0,1,0,0,1,-28.39199505,-48.77826295,SPRF-SC,DEL02-SC,UOP03-DEL02-SC,2022
"452813,0",2022-05-29,domingo,20:00:00,SC,101,"359,0",SANGAO,Transitar na contramão,Colisão frontal,Sem Vítimas,Plena Noite,Crescente,Chuva,Dupla,Reta,Não,4,0,0,0,4,0,0,2,-28.65057609,-49.10516385,SPRF-SC,DEL02-SC,UOP01-DEL02-SC,2022
"452815,0",2022-05-29,domingo,20:40:00,SC,163,"68,5",SAO MIGUEL DO OESTE,Acessar a via sem observar a presença dos outros veículos,Colisão transversal,Sem Vítimas,Plena Noite,Decrescente,Nublado,Dupla,Interseção de Vias;Reta,Sim,5,0,0,0,5,0,0,2,-26.75038301,-53.50086841,SPRF-SC,DEL07-SC,UOP03-DEL07-SC,2022
"452825,0",2022-05-29,domingo,20:20:00,SC,470,"136,0",RIO DO SUL,Acessar a via sem observar a presença dos outros veículos,Colisão transversal,Com Vítimas Feridas,Plena Noite,Decrescente,Chuva,Simples,Reta,Sim,2,0,1,0,1,0,1,2,-27.194323,-49.624554,SPRF-SC,DEL04-SC,UOP02-DEL04-SC,2022
"452826,0",2022-05-29,domingo,17:20:00,SC,470,"193,8",POUSO REDONDO,Velocidade Incompatível,Colisão com objeto,Com Vítimas Feridas,Plena Noite,Decrescente,Chuva,Simples,Curva,Não,2,0,2,0,0,0,2,1,-27.30055376,-50.08006096,SPRF-SC,DEL04-SC,UOP02-DEL04-SC,2022
"452867,0",2022-05-30,segunda-feira,03:30:00,SC,282,"586,9",PINHALZINHO,Reação tardia ou ineficiente do condutor,Colisão com objeto,Sem Vítimas,Plena Noite,Crescente,Nevoeiro/Neblina,Simples,Curva,Não,1,0,0,0,0,1,0,1,-26.832605,-53.03474,SPRF-SC,DEL07-SC,UOP02-DEL07-SC,2022
"452884,0",2022-05-30,segunda-feira,07:10:00,SC,101,"209,2",SAO JOSE,Ultrapassagem Indevida,Colisão lateral mesmo sentido,Com Vítimas Feridas,Pleno dia,Decrescente,Céu Claro,Múltipla,Reta,Não,2,0,1,0,1,0,1,2,-27.61000542,-48.63895057,SPRF-SC,DEL01-SC,UOP01-DEL01-SC,2022
"452885,0",2022-05-30,segunda-feira,07:40:00,SC,101,"206,8",SAO JOSE,Reação tardia ou ineficiente do condutor,Colisão lateral mesmo sentido,Com Vítimas Feridas,Pleno dia,Decrescente,Nublado,Simples,Reta,Não,2,0,1,0,1,0,1,2,-27.59193546,-48.61824557,SPRF-SC,DEL01-SC,UOP01-DEL01-SC,2022
"452889,0",2022-05-10,terça-feira,18:20:00,SC,101,"411,7",ARARANGUA,Transitar na contramão,Colisão frontal,Com Vítimas Feridas,Plena Noite,Crescente,Chuva,Simples,Reta,Sim,2,0,0,1,1,0,1,2,-28.9546627,-49.51096058,SPRF-SC,DEL02-SC,UOP02-DEL02-SC,2022
"452914,0",2022-05-30,segunda-feira,10:40:00,SC,101,"121,0",ITAJAI,Mal súbito do condutor,Colisão com objeto,Com Vítimas Feridas,Pleno dia,Decrescente,Garoa/Chuvisco,Dupla,Reta,Não,2,0,2,0,0,0,2,1,-26.92103178,-48.70856446,SPRF-SC,DEL04-SC,UOP04-DEL04-SC,2022
"452917,0",2022-05-29,domingo,17:00:00,SC,280,"26,0",ARAQUARI,Reação tardia ou ineficiente do condutor,Colisão com objeto,Sem Vítimas,Pleno dia,Decrescente,Chuva,Simples,Reta;Em Obras,Sim,1,0,0,0,1,0,0,1,-26.38972308,-48.73411593,SPRF-SC,DEL03-SC,UOP03-DEL03-SC,2022
"452943,0",2022-05-30,segunda-feira,07:05:00,SC,470,"67,5",INDAIAL,Ultrapassagem Indevida,Colisão frontal,Com Vítimas Feridas,Pleno dia,Crescente,Nublado,Simples,Desvio Temporário;Em Obras,Não,3,0,2,0,1,0,2,2,-26.872158,-49.23127,SPRF-SC,DEL04-SC,UOP01-DEL04-SC,2022
"452945,0",2022-05-30,segunda-feira,13:45:00,SC,101,"417,1",ARARANGUA,Ultrapassagem Indevida,Colisão com objeto,Com Vítimas Feridas,Pleno dia,Decrescente,Nublado,Dupla,Reta,Não,7,0,1,0,4,2,1,6,-28.97376391,-49.53023409,SPRF-SC,DEL02-SC,UOP02-DEL02-SC,2022
"452964,0",2022-05-30,segunda-feira,13:10:00,SC,116,"180,2",SAO CRISTOVAO DO SUL,Acessar a via sem observar a presença dos outros veículos,Colisão frontal,Com Vítimas Feridas,Pleno dia,Crescente,Nublado,Simples,Reta,Sim,2,0,1,0,1,0,1,2,-27.26873497,-50.44132233,SPRF-SC,DEL05-SC,UOP03-DEL05-SC,2022
"452984,0",2022-05-30,segunda-feira,07:00:00,SC,282,"604,8",MARAVILHA,Condutor deixou de manter distância do veículo da frente,Colisão transversal,Com Vítimas Feridas,Pleno dia,Decrescente,Garoa/Chuvisco,Simples,Reta,Não,2,0,1,0,1,0,1,2,-26.795523,-53.192974,SPRF-SC,DEL07-SC,UOP02-DEL07-SC,2022
"452987,0",2022-05-30,segunda-feira,17:45:00,SC,470,"45,3",GASPAR,Ultrapassagem Indevida,Colisão transversal,Com Vítimas Feridas,Anoitecer,Crescente,Nublado,Simples,Reta,Não,2,0,0,1,1,0,1,2,-26.86603085,-49.03233203,SPRF-SC,DEL04-SC,UOP01-DEL04-SC,2022
"453006,0",2022-05-30,segunda-feira,18:45:00,SC,101,"273,1",IMBITUBA,Avarias e/ou desgaste excessivo no pneu,Tombamento,Com Vítimas Feridas,Plena Noite,Decrescente,Nublado,Dupla,Reta,Não,1,0,1,0,0,0,1,1,-28.13290378,-48.69207513,SPRF-SC,DEL02-SC,UOP03-DEL02-SC,2022
"453032,0",2022-05-30,segunda-feira,19:30:00,SC,101,"112,0",ITAJAI,Ingestão de álcool pelo condutor,Saída de leito carroçável,Sem Vítimas,Plena Noite,Decrescente,Garoa/Chuvisco,Simples,Curva,Não,1,0,0,0,1,0,0,1,-26.84589005,-48.72131295,SPRF-SC,DEL04-SC,UOP04-DEL04-SC,2022
"453043,0",2022-05-30,segunda-feira,22:50:00,SC,282,"520,5",XAXIM,Falta de acostamento,Saída de leito carroçável,Com Vítimas Feridas,Plena Noite,Crescente,Nublado,Simples,Rotatória,Sim,1,0,1,0,0,0,1,1,-26.950415,-52.526096,SPRF-SC,DEL07-SC,UOP01-DEL07-SC,2022
"453075,0",2022-05-31,terça-feira,08:20:00,SC,101,"140,1",ITAPEMA,Demais falhas mecânicas ou elétricas,Tombamento,Com Vítimas Feridas,Pleno dia,Decrescente,Nublado,Dupla,Reta,Sim,2,0,2,0,0,0,2,1,-27.03881189,-48.60025148,SPRF-SC,DEL04-SC,UOP03-DEL04-SC,2022
"453080,0",2022-05-27,sexta-feira,07:39:00,SC,470,"47,1",BLUMENAU,Retorno proibido,Eventos atípicos,Sem Vítimas,Pleno dia,Decrescente,Nublado,Simples,Em Obras;Reta,Sim,2,0,0,0,2,0,0,2,-26.86376591,-49.04776638,SPRF-SC,DEL04-SC,UOP01-DEL04-SC,2022
"453105,0",2022-05-31,terça-feira,10:30:00,SC,101,"57,3",ARAQUARI,Demais falhas mecânicas ou elétricas,Tombamento,Com Vítimas Feridas,Pleno dia,Decrescente,Nublado,Múltipla,Curva;Interseção de Vias,Não,1,0,1,0,0,0,1,1,-26.43646093,-48.81113029,SPRF-SC,DEL03-SC,UOP01-DEL03-SC,2022
"453118,0",2022-05-31,terça-feira,12:55:00,SC,163,"70,3",SAO MIGUEL DO OESTE,Manobra de mudança de faixa,Colisão lateral mesmo sentido,Com Vítimas Feridas,Pleno dia,Crescente,Nublado,Dupla,Reta,Sim,2,0,1,0,1,0,1,2,-26.73461723,-53.50680015,SPRF-SC,DEL07-SC,UOP03-DEL07-SC,2022
"453123,0",2022-04-07,quinta-feira,06:15:00,SC,163,"108,0",GUARUJA DO SUL,Pista esburacada,Saída de leito carroçável,Com Vítimas Feridas,Amanhecer,Crescente,Nublado,Simples,Em Obras;Curva;Declive,Não,1,0,1,0,0,0,1,1,-26.42169886,-53.52568081,SPRF-SC,DEL07-SC,UOP03-DEL07-SC,2022
"453159,0",2022-05-31,terça-feira,18:30:00,SC,101,"208,0",SAO JOSE,Frear bruscamente,Colisão traseira,Com Vítimas Feridas,Plena Noite,Decrescente,Nublado,Múltipla,Reta,Sim,3,0,1,0,2,0,1,3,-27.60327979,-48.63201818,SPRF-SC,DEL01-SC,UOP01-DEL01-SC,2022
"453162,0",2022-05-31,terça-feira,18:15:00,SC,470,"61,0",BLUMENAU,Acessar a via sem observar a presença dos outros veículos,Colisão transversal,Com Vítimas Feridas,Plena Noite,Decrescente,Nublado,Simples,Reta,Sim,2,0,1,0,1,0,1,2,-26.88138,-49.164543,SPRF-SC,DEL04-SC,UOP01-DEL04-SC,2022
"453172,0",2022-05-31,terça-feira,19:00:00,SC,280,"51,8",GUARAMIRIM,Reação tardia ou ineficiente do condutor,Colisão com objeto,Com Vítimas Fatais,Plena Noite,Crescente,Garoa/Chuvisco,Dupla,Interseção de Vias;Reta,Não,1,1,0,0,0,0,0,1,-26.4684263,-48.9637652,SPRF-SC,DEL03-SC,UOP03-DEL03-SC,2022
"453173,0",2022-05-31,terça-feira,19:20:00,SC,101,"209,0",SAO JOSE,Manobra de mudança de faixa,Colisão lateral mesmo sentido,Com Vítimas Feridas,Plena Noite,Crescente,Nublado,Múltipla,Reta,Sim,2,0,0,1,1,0,1,2,-27.61000542,-48.63895057,SPRF-SC,DEL01-SC,UOP01-DEL01-SC,2022
"453184,0",2022-05-31,terça-feira,12:30:00,SC,116,"64,9",MONTE CASTELO,Pedestre andava na pista,Atropelamento de Pedestre,Com Vítimas Feridas,Pleno dia,Crescente,Garoa/Chuvisco,Simples,Reta,Não,2,0,0,1,1,0,1,2,-26.41544499,-50.22732716,SPRF-SC,DEL06-SC,UOP02-DEL06-SC,2022
"453212,0",2022-05-31,terça-feira,21:45:00,SC,101,"382,9",ICARA,Demais falhas mecânicas ou elétricas,Colisão com objeto,Com Vítimas Feridas,Plena Noite,Decrescente,Céu Claro,Dupla,Reta,Não,3,0,2,0,1,0,2,1,-28.75966988,-49.28552404,SPRF-SC,DEL02-SC,UOP02-DEL02-SC,2022
"453250,0",2022-06-01,quarta-feira,08:10:00,SC,101,"45,0",JOINVILLE,Acessar a via sem observar a presença dos outros veículos,Colisão lateral mesmo sentido,Com Vítimas Feridas,Pleno dia,Decrescente,Chuva,Dupla,Interseção de Vias;Reta,Sim,2,0,1,0,1,0,1,2,-26.34857247,-48.85700047,SPRF-SC,DEL03-SC,UOP01-DEL03-SC,2022
"453281,0",2022-06-01,quarta-feira,12:30:00,SC,101,"340,0",TUBARAO,Ausência de reação do condutor,Saída de leito carroçável,Com Vítimas Feridas,Pleno dia,Crescente,Sol,Dupla,Reta,Não,1,0,1,0,0,0,1,1,-28.501444,-49.04690399,SPRF-SC,DEL02-SC,UOP01-DEL02-SC,2022
"453294,0",2022-06-01,quarta-feira,13:25:00,SC,163,"69,5",SAO MIGUEL DO OESTE,Acumulo de areia ou detritos sobre o pavimento,Tombamento,Com Vítimas Feridas,Pleno dia,Crescente,Chuva,Dupla,Aclive;Curva,Sim,2,0,2,0,0,0,2,1,-26.738093,-53.501557,SPRF-SC,DEL07-SC,UOP03-DEL07-SC,2022
"453312,0",2022-06-01,quarta-feira,17:00:00,SC,282,"519,5",XAXIM,Conversão proibida,Colisão traseira,Com Vítimas Feridas,Pleno dia,Crescente,Chuva,Simples,Declive,Sim,2,0,0,1,1,0,1,2,-26.947527,-52.517536,SPRF-SC,DEL07-SC,UOP01-DEL07-SC,2022
"453317,0",2022-06-01,quarta-feira,13:00:00,SC,280,"27,5",ARAQUARI,Entrada inopinada do pedestre,Atropelamento de Pedestre,Com Vítimas Feridas,Pleno dia,Crescente,Chuva,Simples,Reta,Sim,2,0,2,0,0,0,2,2,-26.38972308,-48.73411593,SPRF-SC,DEL03-SC,UOP03-DEL03-SC,2022
"453319,0",2022-06-01,quarta-feira,17:45:00,SC,282,"2,5",FLORIANOPOLIS,Chuva,Queda de ocupante de veículo,Com Vítimas Feridas,Pleno dia,Decrescente,Chuva,Simples,Reta,Sim,1,0,1,0,0,0,1,1,-27.603289,-48.590416,SPRF-SC,DEL01-SC,UOP01-DEL01-SC,2022