id,data_inversa,dia_semana,horario,uf,br,km,municipio,causa_acidente,tipo_acidente,classificacao_acidente,fase_dia,sentido_via,condicao_metereologica,tipo_pista,tracado_via,uso_solo,pessoas,mortos,feridos_leves,feridos_graves,ilesos,ignorados,feridos,veiculos,latitude,longitude,regional,delegacia,uop,ano_arquivo
"454205,0",2022-06-06,segunda-feira,01:00:00,SC,101,"193,0",BIGUACU,Ingestão de álcool pelo condutor,Saída de leito carroçável,Sem Vítimas,Plena Noite,Crescente,Chuva,Simples,Reta,Sim,1,0,0,0,1,0,0,1,-27.489574,-48.655914,SPRF-SC,DEL01-SC,UOP01-DEL01-SC,2022
"454213,0",2022-06-06,segunda-feira,06:35:00,SC,101,"208,5",SAO JOSE,Condutor deixou de manter distância do veículo da frente,Queda de ocupante de veículo,Com Vítimas Feridas,Pleno dia,Decrescente,Garoa/Chuvisco,Múltipla,Reta,Não,2,0,1,0,1,0,1,2,-27.60327979,-48.63201818,SPRF-SC,DEL01-SC,UOP01-DEL01-SC,2022
"454216,0",2022-06-06,segunda-feira,06:40:00,SC,101,"206,0",SAO JOSE,Reação tardia ou ineficiente do condutor,Colisão traseira,Com Vítimas Feridas,Pleno dia,Decrescente,Céu Claro,Múltipla,Reta,Sim,2,0,0,1,1,0,1,2,-27.59193546,-48.61824557,SPRF-SC,DEL01-SC,UOP01-DEL01-SC,2022
"454217,0",2022-06-06,segunda-feira,00:05:00,SC,101,"131,6",BALNEARIO CAMBORIU,Ausência de reação do condutor,Colisão com objeto,Sem Vítimas,Plena Noite,Decrescente,Céu Claro,Dupla,Curva,Sim,1,0,0,0,1,0,0,1,-26.99064209,-48.66310912,SPRF-SC,DEL04-SC,UOP03-DEL04-SC,2022
"454236,0",2022-06-06,segunda-feira,07:30:00,SC,101,"339,2",TUBARAO,Reação tardia ou ineficiente do condutor,Saída de leito carroçável,Sem Vítimas,Amanhecer,Crescente,Nublado,Simples,Reta,Sim,1,0,0,0,0,1,0,1,-28.50618,-49.04965,SPRF-SC,DEL02-SC,UOP01-DEL02-SC,2022
"454253,0",2022-06-06,segunda-feira,09:25:00,SC,101,"267,0",PAULO LOPES,Ausência de reação do condutor,Saída de leito carroçável,Com Vítimas Feridas,Pleno dia,Decrescente,Céu Claro,Dupla,Reta,Não,1,0,1,0,0,0,1,1,-28.07699803,-48.71234311,SPRF-SC,DEL02-SC,UOP03-DEL02-SC,2022
"454254,0",2022-05-02,segunda-feira,17:55:00,SC,101,"218,0",PALHOCA,Condutor deixou de manter distância do veículo da frente,Colisão traseira,Com Vítimas Feridas,Anoitecer,Crescente,Chuva,Dupla,Reta,Sim,2,0,1,0,0,1,1,2,-27.6758601,-48.67052525,SPRF-SC,DEL01-SC,UOP02-DEL01-SC,2022
"454259,0",2022-06-06,segunda-feira,09:45:00,SC,101,"331,6",TUBARAO,Desrespeitar a preferência no cruzamento,Colisão transversal,Sem Vítimas,Pleno dia,Crescente,Chuva,Simples,Interseção de Vias,Sim,2,0,0,0,2,0,0,2,-28.465975,-48.99593353,SPRF-SC,DEL02-SC,UOP01-DEL02-SC,2022
"454277,0",2022-06-06,segunda-feira,11:20:00,SC,282,"149,0",BOM RETIRO,Condutor Dormindo,Saída de leito carroçável,Com Vítimas Feridas,Pleno dia,Crescente,Chuva,Simples,Curva,Não,1,0,1,0,0,0,1,1,-27.775295,-49.655903,SPRF-SC,DEL05-SC,UOP01-DEL05-SC,2022
"454289,0",2022-06-06,segunda-feira,13:00:00,SC,101,"141,0",BALNEARIO CAMBORIU,Ingestão de álcool pelo condutor,Colisão lateral mesmo sentido,Com Vítimas Feridas,Pleno dia,Decrescente,Nublado,Dupla,Curva,Não,2,0,1,0,1,0,1,2,-27.04761729,-48.59995855,SPRF-SC,DEL04-SC,UOP03-DEL04-SC,2022
"454328,0",2022-06-06,segunda-feira,17:40:00,SC,280,"120,0",SAO BENTO DO SUL,Acessar a via sem observar a presença dos outros veículos,Colisão transversal,Com Vítimas Feridas,Anoitecer,Decrescente,Chuva,Simples,Interseção de Vias,Não,2,0,0,1,1,0,1,2,-26.26094075,-49.44273982,SPRF-SC,DEL06-SC,UOP03-DEL06-SC,2022
"454342,0",2022-06-06,segunda-feira,13:30:00,SC,101,"40,0",JOINVILLE,Reação tardia ou ineficiente do condutor,Saída de leito carroçável,Com Vítimas Feridas,Pleno dia,Crescente,Nublado,Múltipla,Reta,Sim,1,0,1,0,0,0,1,1,-26.30757302,-48.88057709,SPRF-SC,DEL03-SC,UOP01-DEL03-SC,2022
"454344,0",2022-06-06,segunda-feira,18:50:00,SC,280,"30,8",ARAQUARI,Ausência de reação do condutor,Colisão transversal,Com Vítimas Feridas,Plena Noite,Decrescente,Chuva,Simples,Reta,Sim,2,0,1,0,1,0,1,2,-26.4141523,-48.76209493,SPRF-SC,DEL03-SC,UOP03-DEL03-SC,2022
"454349,0",2022-06-06,segunda-feira,17:20:00,SC,163,"70,0",SAO MIGUEL DO OESTE,Acumulo de água sobre o pavimento,Tombamento,Com Vítimas Feridas,Plena Noite,Decrescente,Chuva,Dupla,Reta,Sim,2,0,1,0,1,0,1,2,-26.73461723,-53.50680015,SPRF-SC,DEL07-SC,UOP03-DEL07-SC,2022
"454358,0",2022-06-06,segunda-feira,20:10:00,SC,101,"217,8",PALHOCA,Demais falhas mecânicas ou elétricas,Saída de leito carroçável,Sem Vítimas,Plena Noite,Decrescente,Garoa/Chuvisco,Múltipla,Reta,Sim,1,0,0,0,1,0,0,1,-27.66779034,-48.67393586,SPRF-SC,DEL01-SC,UOP02-DEL01-SC,2022
"454359,0",2022-06-06,segunda-feira,18:10:00,SC,163,"72,7",SAO MIGUEL DO OESTE,Desrespeitar a preferência no cruzamento,Colisão transversal,Com Vítimas Feridas,Plena Noite,Decrescente,Garoa/Chuvisco,Simples,Reta,Sim,2,0,2,0,0,0,2,2,-26.71908804,-53.5157791,SPRF-SC,DEL07-SC,UOP03-DEL07-SC,2022
"454362,0",2022-06-06,segunda-feira,18:10:00,SC,282,"576,0",PINHALZINHO,Acessar a via sem observar a presença dos outros veículos,Colisão transversal,Com Vítimas Feridas,Plena Noite,Decrescente,Chuva,Simples,Reta;Interseção de Vias,Sim,3,0,1,0,2,0,1,3,-26.856054,-52.98011,SPRF-SC,DEL07-SC,UOP02-DEL07-SC,2022
"454371,0",2022-06-06,segunda-feira,21:30:00,SC,282,"6,0",SAO JOSE,Frear bruscamente,Queda de ocupante de veículo,Com Vítimas Feridas,Plena Noite,Crescente,Chuva,Simples,Curva,Não,1,0,1,0,0,0,1,1,-27.591936,-48.618244,SPRF-SC,DEL01-SC,UOP01-DEL01-SC,2022
"454386,0",2022-06-06,segunda-feira,23:40:00,SC,101,"207,0",SAO JOSE,Objeto estático sobre o leito carroçável,Colisão traseira,Com Vítimas Feridas,Plena Noite,Crescente,Nublado,Dupla,Reta,Sim,2,0,1,0,1,0,1,2,-27.60001226,-48.6226467,SPRF-SC,DEL01-SC,UOP01-DEL01-SC,2022
"454390,0",2022-06-06,segunda-feira,23:45:00,SC,282,"17,0",PALHOCA,Ausência de sinalização,Capotamento,Sem Vítimas,Plena Noite,Decrescente,Chuva,Simples,Interseção de Vias,Sim,1,0,0,0,1,0,0,1,-27.665707,-48.688065,SPRF-SC,DEL01-SC,UOP02-DEL01-SC,2022
"454394,0",2022-06-07,terça-feira,02:00:00,SC,158,"127,3",CAIBI,Condutor Dormindo,Saída de leito carroçável,Com Vítimas Feridas,Plena Noite,Crescente,Garoa/Chuvisco,Simples,Reta,Não,1,0,1,0,0,0,1,1,-27.05706889,-53.2276362,SPRF-SC,DEL07-SC,UOP02-DEL07-SC,2022
"454414,0",2022-06-07,terça-feira,08:01:00,SC,116,"5,5",MAFRA,Acessar a via sem observar a presença dos outros veículos,Colisão transversal,Com Vítimas Feridas,Pleno dia,Decrescente,Chuva,Simples,Rotatória;Interseção de Vias,Não,2,0,1,0,1,0,1,2,-26.14094396,-49.81508303,SPRF-SC,DEL06-SC,UOP01-DEL06-SC,2022
"454421,0",2022-06-07,terça-feira,07:30:00,SC,101,"114,0",ITAJAI,Reação tardia ou ineficiente do condutor,Tombamento,Com Vítimas Feridas,Pleno dia,Crescente,Chuva,Múltipla,Reta,Sim,1,0,1,0,0,0,1,1,-26.86192886,-48.7286704,SPRF-SC,DEL04-SC,UOP04-DEL04-SC,2022
"454454,0",2022-06-07,terça-feira,11:41:00,SC,101,"333,7",TUBARAO,Acessar a via sem observar a presença dos outros veículos,Colisão transversal,Com Vítimas Feridas,Pleno dia,Crescente,Chuva,Simples,Rotatória;Viaduto,Sim,2,0,1,0,1,0,1,2,-28.46630107,-48.99653096,SPRF-SC,DEL02-SC,UOP01-DEL02-SC,2022
"454468,0",2022-06-07,terça-feira,12:55:00,SC,101,"215,0",PALHOCA,Ausência de reação do condutor,Queda de ocupante de veículo,Com Vítimas Feridas,Pleno dia,Crescente,Garoa/Chuvisco,Múltipla,Reta;Aclive;Interseção de Vias,Sim,1,0,1,0,0,0,1,1,-27.65184843,-48.67604941,SPRF-SC,DEL01-SC,UOP02-DEL01-SC,2022
"454507,0",2022-06-07,terça-feira,16:45:00,SC,101,"327,0",CAPIVARI DE BAIXO,Demais falhas mecânicas ou elétricas,Colisão com objeto,Com Vítimas Feridas,Pleno dia,Crescente,Chuva,Dupla,Reta;Viaduto;Aclive,Sim,1,0,1,0,0,0,1,1,-28.43023306,-48.95205197,SPRF-SC,DEL02-SC,UOP01-DEL02-SC,2022
"454531,0",2022-06-07,terça-feira,19:15:00,SC,282,"4,1",FLORIANOPOLIS,Acessar a via sem observar a presença dos outros veículos,Colisão lateral mesmo sentido,Com Vítimas Feridas,Pleno dia,Crescente,Garoa/Chuvisco,Dupla,Reta,Sim,2,0,1,0,1,0,1,2,-27.592646,-48.604034,SPRF-SC,DEL01-SC,UOP01-DEL01-SC,2022
"454539,0",2022-06-07,terça-feira,19:15:00,SC,101,"333,7",TUBARAO,Desrespeitar a preferência no cruzamento,Colisão transversal,Sem Vítimas,Plena Noite,Decrescente,Garoa/Chuvisco,Dupla,Interseção de Vias,Sim,3,0,0,0,3,0,0,2,-28.469651,-49.015033,SPRF-SC,DEL02-SC,UOP01-DEL02-SC,2022
"454550,0",2022-05-14,sábado,19:15:00,SC,116,"244,2",LAGES,Transitar na contramão,Colisão lateral sentido oposto,Com Vítimas Fatais,Plena Noite,Decrescente,Céu Claro,Simples,Curva;Declive,Não,2,1,1,0,0,0,1,2,-27.78925388,-50.35413817,SPRF-SC,DEL05-SC,UOP01-DEL05-SC,2022
"454561,0",2022-06-07,terça-feira,22:30:00,SC,101,"194,2",BIGUACU,Velocidade Incompatível,Colisão com objeto,Sem Vítimas,Plena Noite,Decrescente,Nublado,Dupla,Reta,Sim,1,0,0,0,0,1,0,1,-27.49815117,-48.65661236,SPRF-SC,DEL01-SC,UOP01-DEL01-SC,2022
"454585,0",2022-06-08,quarta-feira,06:27:00,SC,282,"17,4",PALHOCA,Acessar a via sem observar a presença dos outros veículos,Colisão transversal,Com Vítimas Feridas,Amanhecer,Decrescente,Nublado,Simples,Interseção de Vias,Sim,2,0,0,1,1,0,1,2,-27.66922863,-48.69107366,SPRF-SC,DEL01-SC,UOP02-DEL01-SC,2022
"454628,0",2022-06-08,quarta-feira,12:15:00,SC,101,"214,6",PALHOCA,Manobra de mudança de faixa,Colisão lateral mesmo sentido,Sem Vítimas,Pleno dia,Decrescente,Nublado,Dupla,Viaduto,Sim,2,0,0,0,2,0,0,2,-27.64443,-48.67057,SPRF-SC,DEL01-SC,UOP02-DEL01-SC,2022
"454653,0",2022-06-08,quarta-feira,14:00:00,SC,282,"223,0",LAGES,Acessar a via sem observar a presença dos outros veículos,Colisão transversal,Com Vítimas Feridas,Pleno dia,Decrescente,Céu Claro,Simples,Reta,Sim,2,0,1,0,1,0,1,2,-27.800127,-50.362751,SPRF-SC,DEL05-SC,UOP01-DEL05-SC,2022
"454662,0",2022-06-08,quarta-feira,17:25:00,SC,101,"198,5",BIGUACU,Reação tardia ou ineficiente do condutor,Colisão traseira,Com Vítimas Feridas,Anoitecer,Decrescente,Nublado,Múltipla,Reta,Sim,2,0,1,0,1,0,1,2,-27.52658712,-48.63506019,SPRF-SC,DEL01-SC,UOP01-DEL01-SC,2022
"454669,0",2022-06-08,quarta-feira,06:50:00,SC,101,"404,0",ARARANGUA,Demais falhas mecânicas ou elétricas,Incêndio,Sem Vítimas,Pleno dia,Crescente,Nublado,Dupla,Reta,Não,1,0,0,0,1,0,0,1,-28.87801417,-49.45745479,SPRF-SC,DEL02-SC,UOP02-DEL02-SC,2022
"454674,0",2022-06-08,quarta-feira,13:42:00,SC,470,"162,0",TROMBUDO CENTRAL,Conversão proibida,Colisão transversal,Com Vítimas Feridas,Pleno dia,Decrescente,Céu Claro,Simples,Reta,Sim,2,0,0,1,1,0,1,2,-27.282606,-49.817101,SPRF-SC,DEL04-SC,UOP02-DEL04-SC,2022
"454677,0",2022-06-08,quarta-feira,18:10:00,SC,101,"202,0",SAO JOSE,Condutor deixou de manter distância do veículo da frente,Colisão traseira,Com Vítimas Feridas,Anoitecer,Crescente,Céu Claro,Dupla,Reta,Sim,2,0,1,0,1,0,1,2,-27.55711595,-48.61897889,SPRF-SC,DEL01-SC,UOP01-DEL01-SC,2022
"454678,0",2022-06-08,quarta-feira,17:10:00,SC,116,"11,1",MAFRA,Acessar a via sem observar a presença dos outros veículos,Colisão lateral mesmo sentido,Com Vítimas Feridas,Pleno dia,Decrescente,Céu Claro,Simples,Curva,Não,2,0,1,0,1,0,1,2,-26.17627262,-49.8580203,SPRF-SC,DEL06-SC,UOP01-DEL06-SC,2022
"454683,0",2022-06-08,quarta-feira,18:55:00,SC,101,"132,0",BALNEARIO CAMBORIU,Trafegar com motocicleta (ou similar) entre as faixas,Colisão lateral mesmo sentido,Com Vítimas Feridas,Plena Noite,Decrescente,Céu Claro,Dupla,Reta,Sim,2,0,1,0,1,0,1,2,-26.99654133,-48.65564711,SPRF-SC,DEL04-SC,UOP03-DEL04-SC,2022
"454684,0",2022-06-08,quarta-feira,18:05:00,SC,280,"20,6",SAO FRANCISCO DO SUL,Desrespeitar a preferência no cruzamento,Colisão transversal,Sem Vítimas,Anoitecer,Decrescente,Nublado,Simples,Reta,Não,2,0,0,0,2,0,0,2,-26.36990477,-48.68224301,SPRF-SC,DEL03-SC,UOP03-DEL03-SC,2022
"454686,0",2022-06-08,quarta-feira,18:05:00,SC,101,"331,6",TUBARAO,Desrespeitar a preferência no cruzamento,Colisão transversal,Com Vítimas Feridas,Anoitecer,Decrescente,Nublado,Dupla,Rotatória,Sim,2,0,1,0,1,0,1,2,-28.46567318,-48.99559021,SPRF-SC,DEL02-SC,UOP01-DEL02-SC,2022
"454713,0",2022-06-08,quarta-feira,21:00:00,SC,282,"315,0",VARGEM,Objeto estático sobre o leito carroçável,Tombamento,Com Vítimas Feridas,Plena Noite,Decrescente,Nublado,Simples,Reta,Não,2,0,2,0,0,0,2,1,-27.445721,-51.002831,SPRF-SC,DEL07-SC,UOP06-DEL07-SC,2022
"454749,0",2022-06-09,quinta-feira,05:50:00,SC,470,"66,7",INDAIAL,Ausência de reação do condutor,Colisão transversal,Com Vítimas Feridas,Plena Noite,Crescente,Nublado,Simples,Interseção de Vias;Reta;Em Obras,Sim,2,0,1,0,0,1,1,2,-26.8714244,-49.22989931,SPRF-SC,DEL04-SC,UOP01-DEL04-SC,2022
"454755,0",2022-06-09,quinta-feira,07:10:00,SC,101,"134,0",BALNEARIO CAMBORIU,Desrespeitar a preferência no cruzamento,Colisão transversal,Com Vítimas Feridas,Pleno dia,Crescente,Céu Claro,Simples,Interseção de Vias,Sim,2,0,0,1,1,0,1,2,-27.00200158,-48.63809651,SPRF-SC,DEL04-SC,UOP03-DEL04-SC,2022
"454825,0",2022-06-09,quinta-feira,13:20:00,SC,280,"25,7",ARAQUARI,Ausência de reação do condutor,Colisão lateral mesmo sentido,Sem Vítimas,Pleno dia,Decrescente,Chuva,Simples,Reta,Sim,2,0,0,0,2,0,0,2,-26.38352781,-48.72677516,SPRF-SC,DEL03-SC,UOP03-DEL03-SC,2022
"454842,0",2022-06-09,quinta-feira,14:55:00,SC,101,"373,0",ICARA,Ausência de reação do condutor,Saída de leito carroçável,Com Vítimas Feridas,Pleno dia,Crescente,Céu Claro,Dupla,Reta,Não,1,0,0,1,0,0,1,1,-28.7132671,-49.21763596,SPRF-SC,DEL02-SC,UOP01-DEL02-SC,2022
"454853,0",2022-06-09,quinta-feira,14:25:00,SC,282,"191,0",LAGES,Reação tardia ou ineficiente do condutor,Colisão traseira,Sem Vítimas,Pleno dia,Decrescente,Garoa/Chuvisco,Simples,Em Obras;Declive,Não,9,0,0,0,9,0,0,2,-27.739349,-50.046421,SPRF-SC,DEL05-SC,UOP01-DEL05-SC,2022
"454864,0",2022-06-09,quinta-feira,17:10:00,SC,470,"87,1",ASCURRA,Ausência de reação do condutor,Colisão traseira,Com Vítimas Feridas,Anoitecer,Crescente,Chuva,Simples,Reta,Não,2,0,0,1,1,0,1,2,-26.948483,-49.366833,SPRF-SC,DEL04-SC,UOP01-DEL04-SC,2022
"454869,0",2022-06-09,quinta-feira,17:38:00,SC,101,"203,0",SAO JOSE,Desrespeitar a preferência no cruzamento,Colisão transversal,Com Vítimas Feridas,Plena Noite,Decrescente,Céu Claro,Dupla,Rotatória,Sim,2,0,0,1,1,0,1,2,-27.5650044,-48.61460082,SPRF-SC,DEL01-SC,UOP01-DEL01-SC,2022
"454880,0",2022-06-09,quinta-feira,18:00:00,SC,282,"16,9",PALHOCA,Ultrapassagem Indevida,Queda de ocupante de veículo,Com Vítimas Feridas,Plena Noite,Decrescente,Céu Claro,Simples,Reta,Não,2,0,0,1,1,0,1,2,-27.665707,-48.688065,SPRF-SC,DEL01-SC,UOP02-DEL01-SC,2022
"454882,0",2022-06-09,quinta-feira,18:10:00,SC,280,"50,3",GUARAMIRIM,Mal súbito do condutor,Saída de leito carroçável,Com Vítimas Feridas,Plena Noite,Decrescente,Chuva,Simples,Reta,Sim,1,0,1,0,0,0,1,1,-26.46127592,-48.94387722,SPRF-SC,DEL03-SC,UOP03-DEL03-SC,2022
"454884,0",2022-06-09,quinta-feira,18:50:00,SC,101,"123,0",ITAJAI,Ausência de reação do condutor,Colisão traseira,Com Vítimas Feridas,Anoitecer,Decrescente,Céu Claro,Dupla,Ponte,Sim,2,0,0,1,1,0,1,2,-26.93668609,-48.69876905,SPRF-SC,DEL04-SC,UOP04-DEL04-SC,2022
"454886,0",2022-06-09,quinta-feira,19:00:00,SC,101,"123,0",ITAJAI,Manobra de mudança de faixa,Colisão lateral mesmo sentido,Com Vítimas Feridas,Plena Noite,Crescente,Nublado,Dupla,Viaduto,Não,3,0,1,0,2,0,1,2,-26.93668609,-48.69876905,SPRF-SC,DEL04-SC,UOP04-DEL04-SC,2022
"454893,0",2022-06-09,quinta-feira,19:25:00,SC,280,"6,2",SAO FRANCISCO DO SUL,Chuva,Colisão lateral mesmo sentido,Com Vítimas Feridas,Plena Noite,Decrescente,Chuva,Simples,Reta,Sim,2,0,0,1,1,0,1,2,-26.26569095,-48.63361804,SPRF-SC,DEL03-SC,UOP03-DEL03-SC,2022
"454930,0",2022-06-10,sexta-feira,01:40:00,SC,282,"505,2",XANXERE,Ingestão de álcool pelo condutor,Saída de leito carroçável,Com Vítimas Feridas,Plena Noite,Crescente,Nublado,Simples,Aclive;Reta,Sim,1,0,1,0,0,0,1,1,-26.885664,-52.418874,SPRF-SC,DEL07-SC,UOP01-DEL07-SC,2022
"454933,0",2022-06-10,sexta-feira,02:40:00,SC,470,"65,8",INDAIAL,Ausência de reação do condutor,Saída de leito carroçável,Com Vítimas Feridas,Plena Noite,Crescente,Nublado,Simples,Reta,Não,1,0,1,0,0,0,1,1,-26.870411,-49.211864,SPRF-SC,DEL04-SC,UOP01-DEL04-SC,2022
"454934,0",2022-06-10,sexta-feira,03:40:00,SC,101,"338,0",TUBARAO,Demais falhas mecânicas ou elétricas,Colisão com objeto,Com Vítimas Feridas,Plena Noite,Decrescente,Céu Claro,Múltipla,Interseção de Vias,Sim,1,0,1,0,0,0,1,1,-28.485725,-49.03726,SPRF-SC,DEL02-SC,UOP01-DEL02-SC,2022
"454944,0",2022-06-10,sexta-feira,06:00:00,SC,101,"131,0",BALNEARIO CAMBORIU,Avarias e/ou desgaste excessivo no pneu,Tombamento,Com Vítimas Feridas,Amanhecer,Decrescente,Chuva,Dupla,Reta,Não,1,0,1,0,0,0,1,1,-26.99064209,-48.66310912,SPRF-SC,DEL04-SC,UOP03-DEL04-SC,2022
"454964,0",2022-06-10,sexta-feira,06:44:00,SC,470,"247,1",CURITIBANOS,Desrespeitar a preferência no cruzamento,Colisão transversal,Com Vítimas Feridas,Amanhecer,Decrescente,Nublado,Simples,Reta,Sim,2,0,1,0,1,0,1,2,-27.315269,-50.541786,SPRF-SC,DEL05-SC,UOP03-DEL05-SC,2022
"454965,0",2022-06-10,sexta-feira,08:20:00,SC,101,"201,9",SAO JOSE,Trafegar com motocicleta (ou similar) entre as faixas,Colisão lateral mesmo sentido,Com Vítimas Feridas,Pleno dia,Crescente,Nublado,Dupla,Reta,Sim,3,0,1,0,2,0,1,3,-27.54836599,-48.61977975,SPRF-SC,DEL01-SC,UOP01-DEL01-SC,2022
"454976,0",2022-06-10,sexta-feira,08:10:00,SC,101,"208,0",SAO JOSE,Acumulo de areia ou detritos sobre o pavimento,Queda de ocupante de veículo,Com Vítimas Feridas,Pleno dia,Decrescente,Nublado,Simples,Reta,Sim,1,0,1,0,0,0,1,1,-27.60327979,-48.63201818,SPRF-SC,DEL01-SC,UOP01-DEL01-SC,2022
"454999,0",2022-06-10,sexta-feira,12:30:00,SC,470,"54,5",BLUMENAU,Desrespeitar a preferência no cruzamento,Colisão transversal,Com Vítimas Feridas,Pleno dia,Crescente,Nublado,Simples,Interseção de Vias,Sim,3,0,1,1,1,0,2,2,-26.871065,-49.110374,SPRF-SC,DEL04-SC,UOP01-DEL04-SC,2022
"455018,0",2022-06-10,sexta-feira,10:00:00,SC,101,"53,0",JOINVILLE,Demais falhas mecânicas ou elétricas,Tombamento,Com Vítimas Feridas,Pleno dia,Crescente,Céu Claro,Dupla,Reta,Não,1,0,1,0,0,0,1,1,-26.40231201,-48.83969703,SPRF-SC,DEL03-SC,UOP01-DEL03-SC,2022
"455043,0",2022-06-10,sexta-feira,17:05:00,SC,280,"30,0",ARAQUARI,Condutor deixou de manter distância do veículo da frente,Colisão traseira,Com Vítimas Feridas,Anoitecer,Crescente,Céu Claro,Simples,Reta,Não,2,0,0,1,1,0,1,2,-26.4141523,-48.76209493,SPRF-SC,DEL03-SC,UOP03-DEL03-SC,2022
"455055,0",2022-06-10,sexta-feira,18:00:00,SC,101,"138,0",BALNEARIO CAMBORIU,Ausência de reação do condutor,Colisão traseira,Com Vítimas Feridas,Plena Noite,Decrescente,Céu Claro,Dupla,Reta,Sim,4,0,1,0,3,0,1,3,-27.02397426,-48.60761649,SPRF-SC,DEL04-SC,UOP03-DEL04-SC,2022
"455057,0",2022-06-10,sexta-feira,18:00:00,SC,280,"251,0",CANOINHAS,Velocidade Incompatível,Queda de ocupante de veículo,Com Vítimas Feridas,Plena Noite,Crescente,Ignorado,Simples,Reta,Não,1,0,1,0,0,0,1,1,-26.25669092,-50.55239702,SPRF-SC,DEL06-SC,UOP04-DEL06-SC,2022
"455061,0",2022-06-10,sexta-feira,08:05:00,SC,280,"81,2",CORUPA,Demais falhas mecânicas ou elétricas,Atropelamento de Pedestre,Com Vítimas Feridas,Pleno dia,Decrescente,Céu Claro,Simples,Aclive,Não,2,0,0,1,1,0,1,2,-26.44057489,-49.217056,SPRF-SC,DEL06-SC,UOP03-DEL06-SC,2022
"455062,0",2022-06-10,sexta-feira,18:15:00,SC,282,"463,0",PONTE SERRADA,Acessar a via sem observar a presença dos outros veículos,Colisão transversal,Com Vítimas Feridas,Plena Noite,Crescente,Céu Claro,Simples,Rotatória,Sim,3,0,1,0,2,0,1,2,-26.855036,-52.059551,SPRF-SC,DEL07-SC,UOP04-DEL07-SC,2022
"455077,0",2022-06-10,sexta-feira,19:20:00,SC,280,"24,4",ARAQUARI,Acessar a via sem observar a presença dos outros veículos,Colisão transversal,Sem Vítimas,Plena Noite,Decrescente,Nublado,Simples,Reta,Sim,3,0,0,0,3,0,0,3,-26.37724921,-48.71953282,SPRF-SC,DEL03-SC,UOP03-DEL03-SC,2022
"455085,0",2022-06-10,sexta-feira,21:00:00,SC,101,"36,0",JOINVILLE,Ingestão de álcool pelo condutor,Colisão com objeto,Sem Vítimas,Plena Noite,Crescente,Céu Claro,Dupla,Reta,Não,1,0,0,0,1,0,0,1,-26.27354867,-48.89428854,SPRF-SC,DEL03-SC,UOP01-DEL03-SC,2022
"455091,0",2022-06-10,sexta-feira,19:50:00,SC,282,"415,6",CATANDUVAS,Ingestão de álcool pelo condutor,Colisão traseira,Sem Vítimas,Plena Noite,Crescente,Nublado,Simples,Reta,Não,3,0,0,0,3,0,0,2,-27.039997,-51.708958,SPRF-SC,DEL07-SC,UOP05-DEL07-SC,2022
"455107,0",2022-06-10,sexta-feira,18:55:00,SC,280,"24,4",ARAQUARI,Condutor deixou de manter distância do veículo da frente,Colisão traseira,Sem Vítimas,Plena Noite,Crescente,Céu Claro,Simples,Reta,Sim,3,0,0,0,3,0,0,2,-26.37724921,-48.71953282,SPRF-SC,DEL03-SC,UOP03-DEL03-SC,2022
"455108,0",2022-06-10,sexta-feira,21:10:00,SC,280,"22,1",ARAQUARI,Conversão proibida,Colisão lateral sentido oposto,Com Vítimas Feridas,Plena Noite,Crescente,Nublado,Simples,Reta,Não,5,0,4,1,0,0,5,2,-26.37118576,-48.70695233,SPRF-SC,DEL03-SC,UOP03-DEL03-SC,2022
"455115,0",2022-06-11,sábado,00:00:00,SC,101,"342,0",TUBARAO,Ausência de reação do condutor,Tombamento,Com Vítimas Feridas,Plena Noite,Decrescente,Céu Claro,Simples,Reta,Sim,1,0,0,1,0,0,1,1,-28.51875992,-49.05388322,SPRF-SC,DEL02-SC,UOP01-DEL02-SC,2022
"455127,0",2022-06-11,sábado,02:30:00,SC,480,"124,0",CHAPECO,Ingestão de álcool pelo condutor,Colisão com objeto,Sem Vítimas,Plena Noite,Decrescente,Céu Claro,Dupla,Reta,Não,1,0,0,0,1,0,0,1,-27.00359519,-52.64391044,SPRF-SC,DEL07-SC,UOP01-DEL07-SC,2022
"455128,0",2022-06-11,sábado,02:43:00,SC,101,"321,0",PESCARIA BRAVA,Ingestão de álcool pelo condutor,Saída de leito carroçável,Sem Vítimas,Plena Noite,Decrescente,Nublado,Simples,Reta,Não,1,0,0,0,1,0,0,1,-28.42636,-48.9066,SPRF-SC,DEL02-SC,UOP01-DEL02-SC,2022
"455130,0",2022-06-11,sábado,01:50:00,SC,280,"66,0",JARAGUA DO SUL,Desrespeitar a preferência no cruzamento,Colisão transversal,Sem Vítimas,Plena Noite,Decrescente,Céu Claro,Simples,Rotatória,Sim,2,0,0,0,1,1,0,2,-26.47802633,-49.03894425,SPRF-SC,DEL03-SC,UOP03-DEL03-SC,2022