id,data_inversa,dia_semana,horario,uf,br,km,municipio,causa_acidente,tipo_acidente,classificacao_acidente,fase_dia,sentido_via,condicao_metereologica,tipo_pista,tracado_via,uso_solo,pessoas,mortos,feridos_leves,feridos_graves,ilesos,ignorados,feridos,veiculos,latitude,longitude,regional,delegacia,uop,ano_arquivo
"455141,0",2022-06-11,sábado,03:30:00,SC,101,"207,0",SAO JOSE,Condutor Dormindo,Colisão com objeto,Com Vítimas Feridas,Plena Noite,Crescente,Nublado,Dupla,Curva,Sim,1,0,1,0,0,0,1,1,-27.60001226,-48.6226467,SPRF-SC,DEL01-SC,UOP01-DEL01-SC,2022
"455156,0",2022-06-10,sexta-feira,22:00:00,SC,101,"116,5",ITAJAI,Velocidade Incompatível,Colisão com objeto,Sem Vítimas,Plena Noite,Decrescente,Céu Claro,Dupla,Reta,Não,1,0,0,0,0,1,0,1,-26.87905605,-48.72603512,SPRF-SC,DEL04-SC,UOP04-DEL04-SC,2022
"455169,0",2022-06-11,sábado,08:10:00,SC,101,"200,9",SAO JOSE,Ingestão de álcool pelo condutor,Colisão traseira,Sem Vítimas,Pleno dia,Decrescente,Céu Claro,Múltipla,Reta,Sim,3,0,0,0,2,1,0,3,-27.54018513,-48.62287714,SPRF-SC,DEL01-SC,UOP01-DEL01-SC,2022
"455185,0",2022-05-23,segunda-feira,00:20:00,SC,282,"16,6",PALHOCA,Ingestão de álcool pelo condutor,Saída de leito carroçável,Com Vítimas Feridas,Plena Noite,Decrescente,Nublado,Simples,Reta,Sim,1,0,0,1,0,0,1,1,-27.658611,-48.681847,SPRF-SC,DEL01-SC,UOP02-DEL01-SC,2022
"455188,0",2022-06-11,sábado,11:30:00,SC,101,"146,0",ITAPEMA,Reação tardia ou ineficiente do condutor,Colisão traseira,Com Vítimas Feridas,Pleno dia,Decrescente,Sol,Múltipla,Reta,Sim,3,0,1,0,2,0,1,2,-27.08666525,-48.60955587,SPRF-SC,DEL04-SC,UOP03-DEL04-SC,2022
"455208,0",2022-06-11,sábado,13:20:00,SC,282,"17,8",PALHOCA,Conversão proibida,Colisão transversal,Com Vítimas Feridas,Pleno dia,Crescente,Céu Claro,Simples,Interseção de Vias,Não,2,0,0,1,1,0,1,2,-27.665707,-48.688065,SPRF-SC,DEL01-SC,UOP02-DEL01-SC,2022
"455209,0",2022-06-11,sábado,13:00:00,SC,101,"362,7",SANGAO,Ausência de reação do condutor,Colisão lateral mesmo sentido,Com Vítimas Feridas,Pleno dia,Decrescente,Céu Claro,Dupla,Aclive,Não,4,0,0,1,3,0,1,2,-28.67136197,-49.12225505,SPRF-SC,DEL02-SC,UOP01-DEL02-SC,2022
"455224,0",2022-06-11,sábado,16:10:00,SC,280,"49,0",GUARAMIRIM,Acessar a via sem observar a presença dos outros veículos,Colisão transversal,Com Vítimas Feridas,Pleno dia,Crescente,Céu Claro,Simples,Em Obras,Sim,3,0,2,0,1,0,2,2,-26.45850039,-48.93692786,SPRF-SC,DEL03-SC,UOP03-DEL03-SC,2022
"455231,0",2022-06-11,sábado,15:50:00,SC,101,"166,0",TIJUCAS,Demais falhas mecânicas ou elétricas,Tombamento,Com Vítimas Feridas,Pleno dia,Crescente,Nublado,Dupla,Reta,Não,2,0,2,0,0,0,2,1,-27.26147697,-48.63180349,SPRF-SC,DEL04-SC,UOP03-DEL04-SC,2022
"455253,0",2022-06-11,sábado,19:00:00,SC,280,"129,0",RIO NEGRINHO,Acesso irregular,Colisão transversal,Sem Vítimas,Plena Noite,Crescente,Céu Claro,Simples,Aclive,Não,7,0,0,0,7,0,0,2,-26.24586437,-49.52284615,SPRF-SC,DEL06-SC,UOP03-DEL06-SC,2022
"455256,0",2022-06-11,sábado,19:00:00,SC,280,"32,0",ARAQUARI,Acesso irregular,Colisão transversal,Com Vítimas Feridas,Plena Noite,Crescente,Céu Claro,Simples,Reta,Sim,2,0,1,0,1,0,1,2,-26.420618,-48.779335,SPRF-SC,DEL03-SC,UOP03-DEL03-SC,2022
"455271,0",2022-06-11,sábado,21:15:00,SC,101,"217,0",PALHOCA,Ausência de reação do condutor,Colisão transversal,Com Vítimas Feridas,Plena Noite,Decrescente,Céu Claro,Múltipla,Reta,Sim,2,0,0,1,1,0,1,2,-27.66779034,-48.67393586,SPRF-SC,DEL01-SC,UOP02-DEL01-SC,2022
"455276,0",2022-06-11,sábado,16:50:00,SC,282,"164,4",BOM RETIRO,Reação tardia ou ineficiente do condutor,Saída de leito carroçável,Com Vítimas Feridas,Pleno dia,Crescente,Céu Claro,Simples,Curva;Declive,Não,2,0,2,0,0,0,2,1,-27.733187,-49.792793,SPRF-SC,DEL05-SC,UOP01-DEL05-SC,2022
"455311,0",2022-06-12,domingo,01:30:00,SC,101,"65,7",ARAQUARI,Velocidade Incompatível,Saída de leito carroçável,Com Vítimas Feridas,Plena Noite,Crescente,Céu Claro,Dupla,Curva,Não,1,0,0,1,0,0,1,1,-26.47135714,-48.74457217,SPRF-SC,DEL03-SC,UOP02-DEL03-SC,2022
"455314,0",2022-06-12,domingo,02:10:00,SC,101,"201,0",SAO JOSE,Ausência de reação do condutor,Colisão com objeto,Com Vítimas Feridas,Plena Noite,Crescente,Nublado,Dupla,Reta,Sim,3,0,0,1,2,0,1,3,-27.54658756,-48.62019628,SPRF-SC,DEL01-SC,UOP01-DEL01-SC,2022
"455315,0",2022-06-12,domingo,01:30:00,SC,101,"57,8",ARAQUARI,Velocidade Incompatível,Saída de leito carroçável,Sem Vítimas,Plena Noite,Crescente,Nublado,Dupla,Reta,Não,1,0,0,0,0,1,0,1,-26.43646093,-48.81113029,SPRF-SC,DEL03-SC,UOP01-DEL03-SC,2022
"455329,0",2022-06-12,domingo,04:40:00,SC,101,"1,0",GARUVA,Ingestão de álcool pelo condutor,Saída de leito carroçável,Com Vítimas Fatais,Plena Noite,Crescente,Céu Claro,Dupla,Reta;Declive,Não,1,1,0,0,0,0,0,1,-25.98895627,-48.88356133,SPRF-SC,DEL03-SC,UOP01-DEL03-SC,2022
"455334,0",2022-06-12,domingo,03:00:00,SC,101,"211,8",PALHOCA,Ingestão de álcool pelo condutor,Saída de leito carroçável,Com Vítimas Feridas,Plena Noite,Decrescente,Céu Claro,Múltipla,Reta,Sim,2,0,1,0,1,0,1,2,-27.62329313,-48.65245588,SPRF-SC,DEL01-SC,UOP02-DEL01-SC,2022
"455338,0",2022-06-12,domingo,04:50:00,SC,101,"367,1",ICARA,Condutor Dormindo,Saída de leito carroçável,Sem Vítimas,Plena Noite,Decrescente,Céu Claro,Dupla,Aclive;Curva,Não,1,0,0,0,0,1,0,1,-28.69145778,-49.16484911,SPRF-SC,DEL02-SC,UOP01-DEL02-SC,2022
"455349,0",2022-06-12,domingo,05:00:00,SC,282,"562,4",NOVA ERECHIM,Reação tardia ou ineficiente do condutor,Saída de leito carroçável,Com Vítimas Feridas,Plena Noite,Crescente,Nevoeiro/Neblina,Dupla,Curva,Não,1,0,1,0,0,0,1,1,-26.911108,-52.865475,SPRF-SC,DEL07-SC,UOP02-DEL07-SC,2022
"455355,0",2022-06-12,domingo,05:10:00,SC,282,"237,4",SAO JOSE DO CERRITO,Ingestão de álcool pelo condutor,Colisão frontal,Com Vítimas Feridas,Amanhecer,Crescente,Nevoeiro/Neblina,Simples,Curva,Não,4,0,0,1,2,1,1,2,-27.785622,-50.491371,SPRF-SC,DEL05-SC,UOP02-DEL05-SC,2022
"455357,0",2022-06-12,domingo,06:00:00,SC,470,"58,9",BLUMENAU,Reação tardia ou ineficiente do condutor,Colisão frontal,Sem Vítimas,Amanhecer,Crescente,Céu Claro,Simples,Curva,Não,5,0,0,0,5,0,0,3,-26.883879,-49.145622,SPRF-SC,DEL04-SC,UOP01-DEL04-SC,2022
"455385,0",2022-06-12,domingo,11:10:00,SC,470,"67,0",INDAIAL,Velocidade Incompatível,Tombamento,Com Vítimas Feridas,Pleno dia,Crescente,Céu Claro,Simples,Reta,Sim,2,0,1,1,0,0,2,1,-26.872158,-49.23127,SPRF-SC,DEL04-SC,UOP01-DEL04-SC,2022
"455395,0",2022-06-12,domingo,10:30:00,SC,282,"406,0",CATANDUVAS,Reação tardia ou ineficiente do condutor,Colisão transversal,Sem Vítimas,Pleno dia,Crescente,Céu Claro,Simples,Rotatória,Não,2,0,0,0,2,0,0,2,-27.092703,-51.659904,SPRF-SC,DEL07-SC,UOP05-DEL07-SC,2022
"455418,0",2022-06-12,domingo,14:29:00,SC,480,"129,0",CHAPECO,Velocidade Incompatível,Colisão frontal,Sem Vítimas,Pleno dia,Decrescente,Céu Claro,Simples,Declive,Sim,2,0,0,0,2,0,0,2,-27.04656607,-52.63577131,SPRF-SC,DEL07-SC,UOP01-DEL07-SC,2022
"455429,0",2022-06-12,domingo,16:40:00,SC,282,"26,0",SANTO AMARO DA IMPERATRIZ,Conversão proibida,Colisão transversal,Com Vítimas Feridas,Anoitecer,Crescente,Céu Claro,Simples,Reta,Sim,2,0,1,0,1,0,1,2,-27.680267,-48.762482,SPRF-SC,DEL01-SC,UOP03-DEL01-SC,2022
"455469,0",2022-06-12,domingo,19:40:00,SC,101,"206,0",SAO JOSE,Avarias e/ou desgaste excessivo no pneu,Tombamento,Com Vítimas Feridas,Plena Noite,Decrescente,Céu Claro,Múltipla,Reta,Não,1,0,1,0,0,0,1,1,-27.59193546,-48.61824557,SPRF-SC,DEL01-SC,UOP01-DEL01-SC,2022
"455471,0",2022-06-12,domingo,20:05:00,SC,101,"462,0",PASSO DE TORRES,Ultrapassagem Indevida,Saída de leito carroçável,Com Vítimas Feridas,Plena Noite,Crescente,Céu Claro,Dupla,Reta,Não,2,0,0,2,0,0,2,1,-29.27577495,-49.75499332,SPRF-RS,DEL03-RS,UOP02-DEL03-RS,2022
"455474,0",2022-06-12,domingo,18:45:00,SC,282,"374,0",ERVAL VELHO,Reação tardia ou ineficiente do condutor,Saída de leito carroçável,Sem Vítimas,Plena Noite,Decrescente,Céu Claro,Simples,Curva,Sim,1,0,0,0,1,0,0,1,-27.24283079,-51.44805193,SPRF-SC,DEL07-SC,UOP05-DEL07-SC,2022
"455483,0",2022-06-12,domingo,19:28:00,SC,101,"345,0",TUBARAO,Velocidade Incompatível,Saída de leito carroçável,Com Vítimas Feridas,Plena Noite,Decrescente,Céu Claro,Dupla,Reta,Não,4,0,1,2,0,1,3,2,-28.5555572,-49.05419111,SPRF-SC,DEL02-SC,UOP01-DEL02-SC,2022
"455491,0",2022-06-12,domingo,21:50:00,SC,101,"137,0",BALNEARIO CAMBORIU,Condutor deixou de manter distância do veículo da frente,Colisão traseira,Com Vítimas Feridas,Plena Noite,Decrescente,Céu Claro,Dupla,Reta,Sim,2,0,1,1,0,0,2,1,-27.0157238,-48.61192763,SPRF-SC,DEL04-SC,UOP03-DEL04-SC,2022
"455498,0",2022-06-12,domingo,18:00:00,SC,280,"238,5",CANOINHAS,Manobra de mudança de faixa,Colisão lateral sentido oposto,Com Vítimas Feridas,Plena Noite,Crescente,Céu Claro,Simples,Reta,Não,2,0,2,0,0,0,2,2,-26.20536399,-50.438846,SPRF-SC,DEL06-SC,UOP04-DEL06-SC,2022
"455513,0",2022-06-12,domingo,23:50:00,SC,470,"151,2",AGRONOMICA,Ingestão de álcool pelo condutor,Colisão lateral sentido oposto,Com Vítimas Feridas,Plena Noite,Crescente,Céu Claro,Simples,Reta,Não,2,0,1,0,1,0,1,2,-27.271325,-49.733091,SPRF-SC,DEL04-SC,UOP02-DEL04-SC,2022
"455515,0",2022-06-12,domingo,23:55:00,SC,101,"400,0",MARACAJA,Ingestão de álcool pelo condutor,Colisão traseira,Sem Vítimas,Plena Noite,Crescente,Ignorado,Múltipla,Aclive,Sim,2,0,0,0,2,0,0,2,-28.8651211,-49.44774628,SPRF-SC,DEL02-SC,UOP02-DEL02-SC,2022
"455516,0",2022-06-12,domingo,23:55:00,SC,101,"347,7",JAGUARUNA,Ingestão de álcool pelo condutor,Saída de leito carroçável,Sem Vítimas,Plena Noite,Decrescente,Céu Claro,Múltipla,Reta,Sim,2,0,0,0,2,0,0,1,-28.58254327,-49.04996395,SPRF-SC,DEL02-SC,UOP01-DEL02-SC,2022
"455535,0",2022-06-13,segunda-feira,05:50:00,SC,470,"57,0",BLUMENAU,Pedestre andava na pista,Atropelamento de Pedestre,Com Vítimas Feridas,Amanhecer,Crescente,Céu Claro,Simples,Reta,Sim,2,0,1,0,0,1,1,2,-26.880428,-49.136532,SPRF-SC,DEL04-SC,UOP01-DEL04-SC,2022
"455539,0",2022-06-13,segunda-feira,04:16:00,SC,470,"194,0",PONTE ALTA,Animais na Pista,Saída de leito carroçável,Com Vítimas Feridas,Plena Noite,Crescente,Nublado,Simples,Reta,Não,4,0,4,0,0,0,4,1,-27.300501,-50.080284,SPRF-SC,DEL04-SC,UOP02-DEL04-SC,2022
"455549,0",2022-06-13,segunda-feira,06:45:00,SC,101,"374,3",ICARA,Condutor Dormindo,Colisão com objeto,Com Vítimas Feridas,Amanhecer,Decrescente,Céu Claro,Dupla,Reta,Não,2,0,1,0,1,0,1,1,-28.72672197,-49.23977852,SPRF-SC,DEL02-SC,UOP01-DEL02-SC,2022
"455555,0",2022-06-13,segunda-feira,07:30:00,SC,280,"57,5",GUARAMIRIM,Acessar a via sem observar a presença dos outros veículos,Colisão transversal,Com Vítimas Feridas,Pleno dia,Crescente,Céu Claro,Múltipla,Rotatória,Sim,2,0,1,0,1,0,1,2,-26.47811421,-49.01259213,SPRF-SC,DEL03-SC,UOP03-DEL03-SC,2022
"455575,0",2022-06-13,segunda-feira,07:50:00,SC,470,"68,6",INDAIAL,Ausência de reação do condutor,Colisão lateral mesmo sentido,Com Vítimas Feridas,Pleno dia,Decrescente,Sol,Simples,Reta,Não,2,0,1,0,1,0,1,2,-26.877615,-49.239231,SPRF-SC,DEL04-SC,UOP01-DEL04-SC,2022
"455595,0",2022-06-13,segunda-feira,13:00:00,SC,282,"5,5",SAO JOSE,Manobra de mudança de faixa,Colisão lateral mesmo sentido,Com Vítimas Feridas,Pleno dia,Decrescente,Céu Claro,Simples,Curva,Não,3,0,1,0,2,0,1,2,-27.588425,-48.612919,SPRF-SC,DEL01-SC,UOP01-DEL01-SC,2022
"455625,0",2022-06-13,segunda-feira,14:00:00,SC,101,"413,0",ARARANGUA,Desrespeitar a preferência no cruzamento,Colisão transversal,Com Vítimas Feridas,Pleno dia,Decrescente,Nublado,Simples,Interseção de Vias;Reta,Sim,2,0,1,0,1,0,1,2,-28.94605997,-49.50428402,SPRF-SC,DEL02-SC,UOP02-DEL02-SC,2022
"455634,0",2022-06-13,segunda-feira,17:15:00,SC,282,"1,0",FLORIANOPOLIS,Entrada inopinada do pedestre,Atropelamento de Pedestre,Com Vítimas Feridas,Anoitecer,Crescente,Nublado,Dupla,Aclive,Sim,2,0,1,0,0,1,1,2,-27.602955,-48.580509,SPRF-SC,DEL01-SC,UOP01-DEL01-SC,2022
"455649,0",2022-06-13,segunda-feira,17:00:00,SC,282,"4,0",SAO JOSE,Reação tardia ou ineficiente do condutor,Colisão lateral mesmo sentido,Com Vítimas Feridas,Anoitecer,Crescente,Céu Claro,Dupla,Reta,Sim,3,0,1,0,2,0,1,2,-27.592646,-48.604034,SPRF-SC,DEL01-SC,UOP01-DEL01-SC,2022
"455662,0",2022-06-13,segunda-feira,19:20:00,SC,101,"136,0",BALNEARIO CAMBORIU,Acesso irregular,Colisão transversal,Com Vítimas Feridas,Plena Noite,Crescente,Céu Claro,Simples,Reta,Sim,3,0,1,1,0,1,2,3,-27.008113,-48.617245,SPRF-SC,DEL04-SC,UOP03-DEL04-SC,2022
"455675,0",2022-06-13,segunda-feira,16:00:00,SC,470,"63,1",INDAIAL,Acessar a via sem observar a presença dos outros veículos,Colisão transversal,Com Vítimas Fatais,Pleno dia,Crescente,Céu Claro,Simples,Reta;Interseção de Vias,Sim,7,2,1,3,0,1,4,3,-26.87206,-49.193695,SPRF-SC,DEL04-SC,UOP01-DEL04-SC,2022
"455684,0",2022-06-13,segunda-feira,15:00:00,SC,101,"443,9",SANTA ROSA DO SUL,Ausência de reação do condutor,Tombamento,Com Vítimas Feridas,Pleno dia,Decrescente,Sol,Múltipla,Viaduto,Não,1,0,0,1,0,0,1,1,-29.13223626,-49.69660393,SPRF-SC,DEL02-SC,UOP02-DEL02-SC,2022
"455692,0",2022-06-13,segunda-feira,18:00:00,SC,101,"401,7",MARACAJA,Ausência de reação do condutor,Tombamento,Com Vítimas Feridas,Anoitecer,Crescente,Céu Claro,Simples,Curva,Não,1,0,1,0,0,0,1,1,-28.85594274,-49.44019434,SPRF-SC,DEL02-SC,UOP02-DEL02-SC,2022
"455737,0",2022-06-14,terça-feira,08:00:00,SC,101,"119,9",ITAJAI,Trafegar com motocicleta (ou similar) entre as faixas,Colisão traseira,Com Vítimas Feridas,Pleno dia,Decrescente,Céu Claro,Múltipla,Reta,Sim,2,0,1,0,1,0,1,2,-26.9043179,-48.71555481,SPRF-SC,DEL04-SC,UOP04-DEL04-SC,2022
"455777,0",2022-06-14,terça-feira,11:35:00,SC,101,"215,6",PALHOCA,Ausência de reação do condutor,Colisão com objeto,Sem Vítimas,Pleno dia,Decrescente,Nublado,Múltipla,Aclive;Curva,Sim,1,0,0,0,0,1,0,1,-27.65622745,-48.67816687,SPRF-SC,DEL01-SC,UOP02-DEL01-SC,2022
"455787,0",2022-06-14,terça-feira,13:20:00,SC,101,"151,5",ITAPEMA,Ausência de reação do condutor,Tombamento,Com Vítimas Feridas,Pleno dia,Crescente,Céu Claro,Dupla,Reta,Sim,1,0,0,1,0,0,1,1,-27.126536,-48.609642,SPRF-SC,DEL04-SC,UOP03-DEL04-SC,2022
"455797,0",2022-06-14,terça-feira,13:30:00,SC,101,"327,0",CAPIVARI DE BAIXO,Desrespeitar a preferência no cruzamento,Colisão transversal,Com Vítimas Feridas,Pleno dia,Crescente,Céu Claro,Simples,Interseção de Vias,Não,2,0,1,0,1,0,1,2,-28.43023306,-48.95205197,SPRF-SC,DEL02-SC,UOP01-DEL02-SC,2022
"455802,0",2022-06-14,terça-feira,15:30:00,SC,101,"203,7",SAO JOSE,Reação tardia ou ineficiente do condutor,Colisão traseira,Com Vítimas Feridas,Pleno dia,Crescente,Nublado,Múltipla,Reta,Sim,2,0,1,0,1,0,1,2,-27.5650044,-48.61460082,SPRF-SC,DEL01-SC,UOP01-DEL01-SC,2022
"455831,0",2022-06-14,terça-feira,14:30:00,SC,101,"197,0",BIGUACU,Ausência de reação do condutor,Colisão lateral mesmo sentido,Com Vítimas Feridas,Pleno dia,Crescente,Céu Claro,Dupla,Reta,Sim,2,0,1,0,1,0,1,2,-27.51844497,-48.63848496,SPRF-SC,DEL01-SC,UOP01-DEL01-SC,2022
"455833,0",2022-06-14,terça-feira,18:00:00,SC,101,"377,0",IMBITUBA,Animais na Pista,Atropelamento de Animal,Com Vítimas Feridas,Plena Noite,Crescente,Céu Claro,Dupla,Reta,Sim,1,0,1,0,0,0,1,1,-28.171292,-48.694637,SPRF-SC,DEL02-SC,UOP01-DEL02-SC,2022
"455847,0",2022-06-14,terça-feira,18:45:00,SC,101,"335,3",TUBARAO,Reação tardia ou ineficiente do condutor,Colisão lateral mesmo sentido,Com Vítimas Feridas,Plena Noite,Decrescente,Céu Claro,Dupla,Rotatória,Sim,2,0,1,0,0,1,1,2,-28.47655,-49.02955,SPRF-SC,DEL02-SC,UOP01-DEL02-SC,2022
"455849,0",2022-06-14,terça-feira,16:30:00,SC,470,"160,0",TROMBUDO CENTRAL,Reação tardia ou ineficiente do condutor,Capotamento,Com Vítimas Feridas,Pleno dia,Decrescente,Nublado,Simples,Reta,Sim,1,0,1,0,0,0,1,1,-27.286278,-49.798035,SPRF-SC,DEL04-SC,UOP02-DEL04-SC,2022
"455852,0",2022-06-14,terça-feira,14:45:00,SC,470,"66,0",INDAIAL,Velocidade Incompatível,Colisão transversal,Sem Vítimas,Pleno dia,Crescente,Nublado,Simples,Rotatória,Não,2,0,0,0,2,0,0,2,-26.870407,-49.221844,SPRF-SC,DEL04-SC,UOP01-DEL04-SC,2022
"455896,0",2022-06-15,quarta-feira,04:45:00,SC,101,"121,6",ITAJAI,Ingestão de álcool pelo condutor,Colisão com objeto,Com Vítimas Feridas,Plena Noite,Decrescente,Céu Claro,Dupla,Reta,Não,1,0,1,0,0,0,1,1,-26.92103178,-48.70856446,SPRF-SC,DEL04-SC,UOP04-DEL04-SC,2022
"455913,0",2022-06-15,quarta-feira,08:00:00,SC,116,"8,2",MAFRA,Acesso irregular,Colisão transversal,Com Vítimas Feridas,Pleno dia,Crescente,Céu Claro,Simples,Reta,Sim,3,0,2,0,1,0,2,2,-26.15748603,-49.83898198,SPRF-SC,DEL06-SC,UOP01-DEL06-SC,2022
"455928,0",2022-06-15,quarta-feira,07:50:00,SC,101,"297,0",LAGUNA,Demais falhas mecânicas ou elétricas,Colisão lateral mesmo sentido,Sem Vítimas,Pleno dia,Crescente,Céu Claro,Múltipla,Reta,Não,2,0,0,0,2,0,0,2,-28.31353989,-48.7240982,SPRF-SC,DEL02-SC,UOP03-DEL02-SC,2022
"455960,0",2022-06-15,quarta-feira,12:10:00,SC,280,"52,6",GUARAMIRIM,Acessar a via sem observar a presença dos outros veículos,Colisão traseira,Com Vítimas Feridas,Pleno dia,Decrescente,Céu Claro,Simples,Reta,Não,2,0,1,0,1,0,1,2,-26.468904,-48.96492,SPRF-SC,DEL03-SC,UOP03-DEL03-SC,2022
"455976,0",2022-06-15,quarta-feira,13:30:00,SC,282,"17,2",PALHOCA,Trafegar com motocicleta (ou similar) entre as faixas,Colisão transversal,Com Vítimas Feridas,Pleno dia,Crescente,Céu Claro,Dupla,Interseção de Vias,Sim,2,0,1,0,0,1,1,2,-27.665707,-48.688065,SPRF-SC,DEL01-SC,UOP02-DEL01-SC,2022
"455983,0",2022-06-15,quarta-feira,09:00:00,SC,470,"167,8",POUSO REDONDO,Demais falhas mecânicas ou elétricas,Queda de ocupante de veículo,Com Vítimas Feridas,Pleno dia,Decrescente,Nublado,Simples,Aclive,Não,1,0,1,0,0,0,1,1,-27.269835,-49.863087,SPRF-SC,DEL04-SC,UOP02-DEL04-SC,2022
"455992,0",2022-06-15,quarta-feira,15:40:00,SC,101,"208,4",SAO JOSE,Acessar a via sem observar a presença dos outros veículos,Colisão transversal,Com Vítimas Feridas,Pleno dia,Decrescente,Céu Claro,Múltipla,Reta,Sim,2,0,1,0,1,0,1,2,-27.60327979,-48.63201818,SPRF-SC,DEL01-SC,UOP01-DEL01-SC,2022
"456006,0",2022-06-03,sexta-feira,17:40:00,SC,282,"1,3",FLORIANOPOLIS,Reação tardia ou ineficiente do condutor,Colisão traseira,Com Vítimas Feridas,Anoitecer,Decrescente,Céu Claro,Múltipla,Reta,Sim,2,0,1,0,1,0,1,2,-27.602955,-48.580509,SPRF-SC,DEL01-SC,UOP01-DEL01-SC,2022
"456025,0",2022-06-15,quarta-feira,17:35:00,SC,101,"79,7",ARAQUARI,Manobra de mudança de faixa,Colisão transversal,Com Vítimas Feridas,Anoitecer,Decrescente,Nublado,Dupla,Retorno Regulamentado,Não,3,0,1,1,1,0,2,2,-26.58559601,-48.72192112,SPRF-SC,DEL03-SC,UOP02-DEL03-SC,2022
"456055,0",2022-06-15,quarta-feira,18:35:00,SC,101,"209,0",SAO JOSE,Demais falhas mecânicas ou elétricas,Tombamento,Com Vítimas Feridas,Plena Noite,Crescente,Céu Claro,Múltipla,Reta,Sim,2,0,0,1,1,0,1,1,-27.61000542,-48.63895057,SPRF-SC,DEL01-SC,UOP01-DEL01-SC,2022
"456057,0",2022-06-15,quarta-feira,18:30:00,SC,470,"98,2",APIUNA,Desrespeitar a preferência no cruzamento,Colisão transversal,Com Vítimas Feridas,Anoitecer,Decrescente,Nublado,Simples,Reta,Sim,2,0,1,0,1,0,1,2,-27.03522581,-49.3894887,SPRF-SC,DEL04-SC,UOP01-DEL04-SC,2022
"456074,0",2022-06-15,quarta-feira,18:12:00,SC,163,"70,1",SAO MIGUEL DO OESTE,Desrespeitar a preferência no cruzamento,Colisão transversal,Com Vítimas Feridas,Anoitecer,Crescente,Céu Claro,Dupla,Declive;Interseção de Vias,Sim,2,0,1,0,0,1,1,2,-26.73461723,-53.50680015,SPRF-SC,DEL07-SC,UOP03-DEL07-SC,2022
"456077,0",2022-06-15,quarta-feira,19:00:00,SC,163,"100,3",SAO JOSE DO CEDRO,Ausência de sinalização,Saída de leito carroçável,Com Vítimas Feridas,Plena Noite,Decrescente,Céu Claro,Simples,Curva;Declive;Em Obras,Não,2,0,1,1,0,0,2,1,-26.46209088,-53.5077059,SPRF-SC,DEL07-SC,UOP03-DEL07-SC,2022
"456082,0",2022-06-11,sábado,19:45:00,SC,282,"218,0",LAGES,Acessar a via sem observar a presença dos outros veículos,Colisão lateral mesmo sentido,Com Vítimas Feridas,Plena Noite,Crescente,Céu Claro,Simples,Interseção de Vias,Sim,2,0,1,0,1,0,1,2,-27.797235,-50.31361,SPRF-SC,DEL05-SC,UOP01-DEL05-SC,2022
"456090,0",2022-06-15,quarta-feira,21:20:00,SC,101,"194,0",BIGUACU,Desrespeitar a preferência no cruzamento,Colisão transversal,Com Vítimas Feridas,Plena Noite,Crescente,Chuva,Múltipla,Viaduto,Sim,2,0,1,0,1,0,1,2,-27.49815117,-48.65661236,SPRF-SC,DEL01-SC,UOP01-DEL01-SC,2022
"456094,0",2022-06-15,quarta-feira,12:15:00,SC,480,"130,0",CHAPECO,Condutor deixou de manter distância do veículo da frente,Colisão traseira,Com Vítimas Feridas,Pleno dia,Crescente,Céu Claro,Simples,Reta,Não,2,0,1,0,1,0,1,2,-27.06138061,-52.63478994,SPRF-SC,DEL07-SC,UOP01-DEL07-SC,2022
"456103,0",2022-06-15,quarta-feira,22:40:00,SC,101,"74,0",ARAQUARI,Acessar a via sem observar a presença dos outros veículos,Colisão traseira,Com Vítimas Feridas,Plena Noite,Crescente,Céu Claro,Múltipla,Curva,Não,2,0,0,1,1,0,1,2,-26.54446209,-48.71214452,SPRF-SC,DEL03-SC,UOP02-DEL03-SC,2022
"456105,0",2022-06-15,quarta-feira,22:40:00,SC,101,"139,0",BALNEARIO CAMBORIU,Desrespeitar a preferência no cruzamento,Colisão transversal,Com Vítimas Feridas,Plena Noite,Crescente,Nublado,Múltipla,Interseção de Vias,Sim,5,0,1,1,1,2,2,3,-27.02982303,-48.60115006,SPRF-SC,DEL04-SC,UOP03-DEL04-SC,2022
"456111,0",2022-06-15,quarta-feira,23:50:00,SC,280,"233,0",CANOINHAS,Transitar na contramão,Colisão lateral sentido oposto,Com Vítimas Feridas,Plena Noite,Crescente,Nublado,Simples,Reta,Sim,2,0,1,0,1,0,1,2,-26.190642,-50.387896,SPRF-SC,DEL06-SC,UOP04-DEL06-SC,2022
"456114,0",2022-06-16,quinta-feira,01:35:00,SC,101,"3,0",JAGUARUNA,Animais na Pista,Atropelamento de Animal,Com Vítimas Feridas,Plena Noite,Crescente,Nevoeiro/Neblina,Simples,Reta,Não,1,0,0,1,0,0,1,1,-28.658465,-49.088093,SPRF-SC,DEL02-SC,UOP01-DEL02-SC,2022
"456118,0",2022-06-16,quinta-feira,02:15:00,SC,101,"160,8",PORTO BELO,Velocidade Incompatível,Saída de leito carroçável,Com Vítimas Feridas,Plena Noite,Decrescente,Céu Claro,Dupla,Reta,Sim,1,0,0,1,0,0,1,1,-27.20831288,-48.61987922,SPRF-SC,DEL04-SC,UOP03-DEL04-SC,2022
"456134,0",2022-06-16,quinta-feira,05:20:00,SC,470,"58,5",BLUMENAU,Desrespeitar a preferência no cruzamento,Colisão transversal,Com Vítimas Feridas,Amanhecer,Crescente,Céu Claro,Simples,Interseção de Vias,Não,2,0,0,1,1,0,1,2,-26.883879,-49.145622,SPRF-SC,DEL04-SC,UOP01-DEL04-SC,2022