id,data_inversa,dia_semana,horario,uf,br,km,municipio,causa_acidente,tipo_acidente,classificacao_acidente,fase_dia,sentido_via,condicao_metereologica,tipo_pista,tracado_via,uso_solo,pessoas,mortos,feridos_leves,feridos_graves,ilesos,ignorados,feridos,veiculos,latitude,longitude,regional,delegacia,uop,ano_arquivo
"456163,0",2022-06-16,quinta-feira,10:15:00,SC,101,"206,8",SAO JOSE,Reação tardia ou ineficiente do condutor,Colisão traseira,Com Vítimas Feridas,Pleno dia,Crescente,Céu Claro,Múltipla,Reta,Sim,2,0,1,0,1,0,1,2,-27.59193546,-48.61824557,SPRF-SC,DEL01-SC,UOP01-DEL01-SC,2022
"456181,0",2022-06-16,quinta-feira,11:29:00,SC,101,"117,0",ITAJAI,Acessar a via sem observar a presença dos outros veículos,Colisão transversal,Com Vítimas Feridas,Pleno dia,Crescente,Céu Claro,Múltipla,Interseção de Vias;Rotatória,Sim,2,0,1,0,1,0,1,2,-26.88747187,-48.72252969,SPRF-SC,DEL04-SC,UOP04-DEL04-SC,2022
"456186,0",2022-06-16,quinta-feira,12:10:00,SC,280,"57,0",GUARAMIRIM,Reação tardia ou ineficiente do condutor,Colisão com objeto,Com Vítimas Feridas,Pleno dia,Decrescente,Céu Claro,Dupla,Reta,Sim,1,0,1,0,0,0,1,1,-26.47811421,-49.01259213,SPRF-SC,DEL03-SC,UOP03-DEL03-SC,2022
"456237,0",2022-06-16,quinta-feira,15:00:00,SC,282,"339,0",CAMPOS NOVOS,Conversão proibida,Colisão traseira,Com Vítimas Feridas,Pleno dia,Decrescente,Sol,Simples,Reta,Sim,2,0,1,0,1,0,1,2,-27.392731,-51.195118,SPRF-SC,DEL07-SC,UOP06-DEL07-SC,2022
"456280,0",2022-06-16,quinta-feira,22:00:00,SC,470,"7,0",NAVEGANTES,Animais na Pista,Atropelamento de Animal,Com Vítimas Feridas,Plena Noite,Decrescente,Nublado,Dupla,Reta,Não,2,0,1,0,1,0,1,2,-26.84499,-48.71505,SPRF-SC,DEL04-SC,UOP04-DEL04-SC,2022
"456324,0",2022-06-17,sexta-feira,08:50:00,SC,101,"210,0",SAO JOSE,Reação tardia ou ineficiente do condutor,Capotamento,Com Vítimas Feridas,Pleno dia,Crescente,Céu Claro,Múltipla,Reta,Sim,2,0,1,0,1,0,1,2,-27.6167305,-48.6457265,SPRF-SC,DEL01-SC,UOP01-DEL01-SC,2022
"456338,0",2022-06-16,quinta-feira,06:10:00,SC,282,"222,4",LAGES,Ingestão de álcool pelo condutor,Saída de leito carroçável,Com Vítimas Feridas,Amanhecer,Decrescente,Céu Claro,Simples,Declive;Reta,Não,1,0,1,0,0,0,1,1,-27.7970021,-50.34828186,SPRF-SC,DEL05-SC,UOP01-DEL05-SC,2022
"456350,0",2022-06-17,sexta-feira,11:50:00,SC,101,"88,0",BARRA VELHA,Avarias e/ou desgaste excessivo no pneu,Queda de ocupante de veículo,Com Vítimas Feridas,Pleno dia,Crescente,Sol,Múltipla,Reta,Sim,2,0,2,0,0,0,2,1,-26.64253985,-48.68950684,SPRF-SC,DEL03-SC,UOP02-DEL03-SC,2022
"456357,0",2022-06-17,sexta-feira,13:20:00,SC,280,"236,4",CANOINHAS,Reação tardia ou ineficiente do condutor,Colisão traseira,Com Vítimas Feridas,Pleno dia,Crescente,Chuva,Simples,Reta,Sim,3,0,1,0,2,0,1,2,-26.196,-50.425,SPRF-SC,DEL06-SC,UOP04-DEL06-SC,2022
"456430,0",2022-06-17,sexta-feira,22:28:00,SC,101,"212,7",PALHOCA,Reação tardia ou ineficiente do condutor,Engavetamento,Sem Vítimas,Plena Noite,Decrescente,Nublado,Múltipla,Reta,Sim,3,0,0,0,3,0,0,3,-27.63564369,-48.66396189,SPRF-SC,DEL01-SC,UOP02-DEL01-SC,2022
"456442,0",2022-06-18,sábado,01:30:00,SC,101,"201,0",SAO JOSE,Ausência de reação do condutor,Colisão traseira,Com Vítimas Feridas,Plena Noite,Decrescente,Nublado,Dupla,Reta,Sim,2,0,1,0,1,0,1,2,-27.54836599,-48.61977975,SPRF-SC,DEL01-SC,UOP01-DEL01-SC,2022
"456443,0",2022-06-18,sábado,01:10:00,SC,280,"125,7",RIO NEGRINHO,Velocidade Incompatível,Colisão traseira,Com Vítimas Feridas,Plena Noite,Crescente,Nublado,Simples,Declive;Reta,Sim,2,0,0,1,1,0,1,2,-26.24123089,-49.50983405,SPRF-SC,DEL06-SC,UOP03-DEL06-SC,2022
"456450,0",2022-06-17,sexta-feira,00:00:00,SC,280,"288,3",PORTO UNIAO,Ausência de reação do condutor,Colisão traseira,Com Vítimas Feridas,Plena Noite,Decrescente,Nublado,Simples,Reta,Não,3,0,0,1,2,0,1,3,-26.29662996,-50.905271,SPRF-SC,DEL06-SC,UOP04-DEL06-SC,2022
"456459,0",2022-06-18,sábado,03:30:00,SC,282,"506,8",XANXERE,Velocidade Incompatível,Saída de leito carroçável,Sem Vítimas,Plena Noite,Decrescente,Céu Claro,Dupla,Retorno Regulamentado;Interseção de Vias,Sim,1,0,0,0,1,0,0,1,-26.885413,-52.433718,SPRF-SC,DEL07-SC,UOP01-DEL07-SC,2022
"456462,0",2022-06-18,sábado,04:50:00,SC,101,"197,0",BIGUACU,Ingestão de álcool e/ou substâncias psicoativas pelo pedestre,Colisão com objeto,Sem Vítimas,Plena Noite,Decrescente,Nublado,Dupla,Curva,Sim,1,0,0,0,1,0,0,1,-27.51844497,-48.63848496,SPRF-SC,DEL01-SC,UOP01-DEL01-SC,2022
"456463,0",2022-06-18,sábado,04:00:00,SC,101,"332,0",TUBARAO,Acessar a via sem observar a presença dos outros veículos,Colisão frontal,Com Vítimas Feridas,Plena Noite,Decrescente,Céu Claro,Simples,Reta,Sim,2,0,1,0,1,0,1,2,-28.46016431,-48.98968873,SPRF-SC,DEL02-SC,UOP01-DEL02-SC,2022
"456475,0",2022-06-18,sábado,01:00:00,SC,470,"48,2",BLUMENAU,Ausência de reação do condutor,Colisão com objeto,Sem Vítimas,Plena Noite,Crescente,Nublado,Simples,Reta,Não,1,0,0,0,0,1,0,1,-26.859823,-49.055393,SPRF-SC,DEL04-SC,UOP01-DEL04-SC,2022
"456477,0",2022-06-18,sábado,02:40:00,SC,116,"60,8",PAPANDUVA,Velocidade Incompatível,Saída de leito carroçável,Sem Vítimas,Plena Noite,Decrescente,Nublado,Simples,Reta,Não,3,0,0,0,2,1,0,1,-26.38296807,-50.21675059,SPRF-SC,DEL06-SC,UOP02-DEL06-SC,2022
"456489,0",2022-06-18,sábado,07:55:00,SC,282,"35,0",AGUAS MORNAS,Reação tardia ou ineficiente do condutor,Colisão lateral mesmo sentido,Sem Vítimas,Pleno dia,Crescente,Céu Claro,Simples,Curva,Sim,2,0,0,0,2,0,0,2,-27.702084,-48.826664,SPRF-SC,DEL01-SC,UOP03-DEL01-SC,2022
"456499,0",2022-06-18,sábado,09:35:00,SC,101,"12,8",GARUVA,Velocidade Incompatível,Tombamento,Com Vítimas Feridas,Pleno dia,Decrescente,Céu Claro,Dupla,Curva,Não,1,0,1,0,0,0,1,1,-26.08104399,-48.86175612,SPRF-SC,DEL03-SC,UOP01-DEL03-SC,2022
"456536,0",2022-06-18,sábado,12:30:00,SC,101,"159,0",PORTO BELO,Velocidade Incompatível,Colisão traseira,Sem Vítimas,Pleno dia,Decrescente,Céu Claro,Dupla,Reta,Não,4,0,0,0,4,0,0,3,-27.1998778,-48.61534236,SPRF-SC,DEL04-SC,UOP03-DEL04-SC,2022
"456541,0",2022-06-18,sábado,14:40:00,SC,282,"74,0",RANCHO QUEIMADO,Reação tardia ou ineficiente do condutor,Queda de ocupante de veículo,Com Vítimas Feridas,Pleno dia,Crescente,Céu Claro,Simples,Curva,Não,1,0,1,0,0,0,1,1,-27.688168,-49.120075,SPRF-SC,DEL01-SC,UOP03-DEL01-SC,2022
"456558,0",2022-06-18,sábado,15:30:00,SC,101,"351,0",JAGUARUNA,Ingestão de álcool pelo condutor,Colisão com objeto,Sem Vítimas,Pleno dia,Crescente,Céu Claro,Dupla,Reta,Não,1,0,0,0,1,0,0,1,-28.5977641,-49.04943589,SPRF-SC,DEL02-SC,UOP01-DEL02-SC,2022
"456574,0",2022-06-18,sábado,13:10:00,SC,470,"56,0",BLUMENAU,Desrespeitar a preferência no cruzamento,Colisão transversal,Sem Vítimas,Pleno dia,Crescente,Céu Claro,Simples,Reta,Não,3,0,0,0,3,0,0,2,-26.87674,-49.127743,SPRF-SC,DEL04-SC,UOP01-DEL04-SC,2022
"456585,0",2022-06-18,sábado,17:45:00,SC,101,"207,0",SAO JOSE,Ausência de reação do condutor,Colisão com objeto,Com Vítimas Fatais,Anoitecer,Crescente,Céu Claro,Múltipla,Curva,Sim,1,1,0,0,0,0,0,1,-27.60001226,-48.6226467,SPRF-SC,DEL01-SC,UOP01-DEL01-SC,2022
"456604,0",2022-06-18,sábado,16:00:00,SC,470,"101,0",APIUNA,Ingestão de álcool pelo condutor,Colisão frontal,Com Vítimas Feridas,Pleno dia,Crescente,Sol,Simples,Curva,Não,5,0,3,1,0,1,4,3,-27.05645051,-49.38920975,SPRF-SC,DEL04-SC,UOP02-DEL04-SC,2022
"456610,0",2022-06-18,sábado,13:15:00,SC,282,"346,9",CAMPOS NOVOS,Condutor Dormindo,Colisão frontal,Com Vítimas Feridas,Pleno dia,Decrescente,Céu Claro,Simples,Declive;Reta,Não,4,0,4,0,0,0,4,2,-27.368792,-51.254639,SPRF-SC,DEL07-SC,UOP06-DEL07-SC,2022
"456612,0",2022-06-18,sábado,16:30:00,SC,163,"69,6",SAO MIGUEL DO OESTE,Desrespeitar a preferência no cruzamento,Colisão transversal,Com Vítimas Feridas,Pleno dia,Decrescente,Céu Claro,Dupla,Interseção de Vias;Declive;Reta,Sim,2,0,0,1,1,0,1,2,-26.74132699,-53.50120591,SPRF-SC,DEL07-SC,UOP03-DEL07-SC,2022
"456629,0",2022-06-18,sábado,18:00:00,SC,101,"378,4",ICARA,Reação tardia ou ineficiente do condutor,Colisão traseira,Sem Vítimas,Plena Noite,Decrescente,Céu Claro,Múltipla,Reta,Sim,2,0,0,0,2,0,0,2,-28.74960058,-49.26612854,SPRF-SC,DEL02-SC,UOP02-DEL02-SC,2022
"456638,0",2022-06-18,sábado,20:40:00,SC,470,"171,2",POUSO REDONDO,Pedestre andava na pista,Atropelamento de Pedestre,Com Vítimas Fatais,Plena Noite,Decrescente,Céu Claro,Simples,Curva;Declive,Não,5,1,0,0,4,0,0,2,-27.25996104,-49.90498781,SPRF-SC,DEL04-SC,UOP02-DEL04-SC,2022
"456639,0",2022-06-18,sábado,21:46:00,SC,280,"126,0",RIO NEGRINHO,Entrada inopinada do pedestre,Atropelamento de Pedestre,Com Vítimas Feridas,Plena Noite,Crescente,Céu Claro,Simples,Aclive,Sim,2,0,0,1,0,1,1,2,-26.23779604,-49.49427399,SPRF-SC,DEL06-SC,UOP03-DEL06-SC,2022
"456655,0",2022-06-18,sábado,22:50:00,SC,282,"592,0",SAUDADES,Condutor Dormindo,Colisão com objeto,Com Vítimas Feridas,Plena Noite,Crescente,Céu Claro,Simples,Rotatória,Não,1,0,1,0,0,0,1,1,-26.82568884,-53.09172034,SPRF-SC,DEL07-SC,UOP02-DEL07-SC,2022
"456660,0",2022-06-19,domingo,01:00:00,SC,101,"415,2",ARARANGUA,Ausência de reação do condutor,Tombamento,Com Vítimas Feridas,Plena Noite,Crescente,Céu Claro,Múltipla,Reta,Sim,1,0,1,0,0,0,1,1,-28.96699749,-49.52379227,SPRF-SC,DEL02-SC,UOP02-DEL02-SC,2022
"456686,0",2022-06-19,domingo,05:15:00,SC,282,"584,8",PINHALZINHO,Condutor Dormindo,Colisão frontal,Com Vítimas Feridas,Plena Noite,Crescente,Nevoeiro/Neblina,Simples,Curva,Não,2,0,2,0,0,0,2,2,-26.83097625,-53.01934576,SPRF-SC,DEL07-SC,UOP02-DEL07-SC,2022
"456687,0",2022-06-19,domingo,05:20:00,SC,470,"63,0",INDAIAL,Ausência de reação do condutor,Capotamento,Com Vítimas Feridas,Plena Noite,Decrescente,Nublado,Simples,Reta,Não,1,0,0,1,0,0,1,1,-26.872396,-49.19228,SPRF-SC,DEL04-SC,UOP01-DEL04-SC,2022
"456691,0",2022-06-19,domingo,06:00:00,SC,101,"356,0",SANGAO,Ausência de reação do condutor,Saída de leito carroçável,Sem Vítimas,Plena Noite,Decrescente,Céu Claro,Simples,Curva,Não,1,0,0,0,1,0,0,1,-28.62930081,-49.08665412,SPRF-SC,DEL02-SC,UOP01-DEL02-SC,2022
"456694,0",2022-06-19,domingo,02:00:00,SC,470,"194,0",PONTE ALTA,Velocidade Incompatível,Capotamento,Sem Vítimas,Plena Noite,Decrescente,Nublado,Simples,Reta,Não,1,0,0,0,1,0,0,1,-27.302698,-50.083617,SPRF-SC,DEL04-SC,UOP02-DEL04-SC,2022
"456707,0",2022-06-19,domingo,08:00:00,SC,101,"205,5",SAO JOSE,Ausência de reação do condutor,Colisão com objeto,Sem Vítimas,Pleno dia,Decrescente,Nublado,Múltipla,Reta,Sim,1,0,0,0,0,1,0,1,-27.58313237,-48.61532885,SPRF-SC,DEL01-SC,UOP01-DEL01-SC,2022
"456740,0",2022-06-19,domingo,12:40:00,SC,101,"180,0",BIGUACU,Demais falhas mecânicas ou elétricas,Queda de ocupante de veículo,Com Vítimas Feridas,Pleno dia,Decrescente,Céu Claro,Dupla,Interseção de Vias,Não,1,0,1,0,0,0,1,1,-27.38509093,-48.62005413,SPRF-SC,DEL01-SC,UOP01-DEL01-SC,2022
"456789,0",2022-06-19,domingo,16:50:00,SC,101,"80,0",ARAQUARI,Condutor deixou de manter distância do veículo da frente,Colisão traseira,Sem Vítimas,Pleno dia,Crescente,Nublado,Dupla,Reta,Não,2,0,0,0,2,0,0,2,-26.59441996,-48.72183309,SPRF-SC,DEL03-SC,UOP02-DEL03-SC,2022
"456794,0",2022-06-19,domingo,17:30:00,SC,101,"200,0",SAO JOSE,Manobra de mudança de faixa,Colisão lateral mesmo sentido,Com Vítimas Feridas,Anoitecer,Crescente,Céu Claro,Dupla,Reta,Sim,3,0,2,0,1,0,2,2,-27.54018513,-48.62287714,SPRF-SC,DEL01-SC,UOP01-DEL01-SC,2022
"456795,0",2022-06-19,domingo,16:00:00,SC,116,"239,0",LAGES,Reação tardia ou ineficiente do condutor,Colisão com objeto,Com Vítimas Feridas,Pleno dia,Crescente,Céu Claro,Simples,Rotatória,Não,1,0,1,0,0,0,1,1,-27.7506677,-50.33537507,SPRF-SC,DEL05-SC,UOP01-DEL05-SC,2022
"456806,0",2022-06-19,domingo,18:45:00,SC,101,"205,0",SAO JOSE,Condutor deixou de manter distância do veículo da frente,Colisão traseira,Com Vítimas Feridas,Plena Noite,Decrescente,Céu Claro,Múltipla,Reta,Sim,2,0,0,1,1,0,1,2,-27.58313237,-48.61532885,SPRF-SC,DEL01-SC,UOP01-DEL01-SC,2022
"456811,0",2022-06-19,domingo,17:20:00,SC,470,"48,0",BLUMENAU,Reação tardia ou ineficiente do condutor,Queda de ocupante de veículo,Com Vítimas Feridas,Pleno dia,Decrescente,Céu Claro,Simples,Reta,Não,1,0,1,0,0,0,1,1,-26.859823,-49.055393,SPRF-SC,DEL04-SC,UOP01-DEL04-SC,2022
"456812,0",2022-06-19,domingo,16:20:00,SC,280,"85,0",CORUPA,Reação tardia ou ineficiente do condutor,Colisão traseira,Com Vítimas Feridas,Pleno dia,Crescente,Céu Claro,Simples,Declive;Reta,Não,2,0,0,1,1,0,1,2,-26.43158487,-49.25150957,SPRF-SC,DEL06-SC,UOP03-DEL06-SC,2022
"456813,0",2022-06-19,domingo,15:00:00,SC,285,"54,0",TIMBE DO SUL,Obras na pista,Capotamento,Com Vítimas Feridas,Pleno dia,Decrescente,Céu Claro,Simples,Em Obras,Não,2,0,0,1,1,0,1,1,-28.80990698,-49.88510599,SPRF-SC,DEL02-SC,UOP02-DEL02-SC,2022
"456816,0",2022-06-19,domingo,18:45:00,SC,280,"11,0",SAO FRANCISCO DO SUL,Ultrapassagem Indevida,Colisão frontal,Com Vítimas Feridas,Plena Noite,Crescente,Nublado,Simples,Reta,Não,7,0,3,4,0,0,7,2,-26.304752,-48.641014,SPRF-SC,DEL03-SC,UOP03-DEL03-SC,2022
"456827,0",2022-06-19,domingo,20:20:00,SC,280,"74,0",JARAGUA DO SUL,Transitar na contramão,Colisão frontal,Com Vítimas Feridas,Plena Noite,Decrescente,Céu Claro,Simples,Curva,Sim,3,0,1,0,2,0,1,2,-26.45877322,-49.16147801,SPRF-SC,DEL03-SC,UOP03-DEL03-SC,2022
"456864,0",2022-06-20,segunda-feira,00:05:00,SC,470,"149,0",RIO DO SUL,Velocidade Incompatível,Colisão traseira,Com Vítimas Feridas,Plena Noite,Crescente,Céu Claro,Simples,Reta,Sim,2,0,0,1,1,0,1,2,-27.252104,-49.702129,SPRF-SC,DEL04-SC,UOP02-DEL04-SC,2022
"456871,0",2022-06-19,domingo,23:40:00,SC,282,"408,0",CATANDUVAS,Ingestão de álcool pelo condutor,Saída de leito carroçável,Com Vítimas Feridas,Plena Noite,Crescente,Céu Claro,Simples,Curva,Não,3,0,1,0,2,0,1,1,-27.08170063,-51.66400194,SPRF-SC,DEL07-SC,UOP05-DEL07-SC,2022
"456883,0",2022-06-19,domingo,22:00:00,SC,282,"560,1",NOVA ITABERABA,Ingestão de álcool pelo condutor,Saída de leito carroçável,Com Vítimas Feridas,Plena Noite,Decrescente,Céu Claro,Simples,Reta,Não,1,0,1,0,0,0,1,1,-26.927135,-52.856205,SPRF-SC,DEL07-SC,UOP01-DEL07-SC,2022
"456902,0",2022-06-20,segunda-feira,07:55:00,SC,101,"129,0",BALNEARIO CAMBORIU,Ausência de reação do condutor,Tombamento,Com Vítimas Feridas,Pleno dia,Decrescente,Céu Claro,Dupla,Reta,Não,2,0,1,0,1,0,1,1,-26.98064277,-48.6790679,SPRF-SC,DEL04-SC,UOP03-DEL04-SC,2022
"456905,0",2022-06-20,segunda-feira,12:00:00,SC,280,"26,8",ARAQUARI,Acessar a via sem observar a presença dos outros veículos,Colisão transversal,Com Vítimas Feridas,Pleno dia,Decrescente,Céu Claro,Simples,Reta,Não,3,0,1,0,2,0,1,2,-26.38972308,-48.73411593,SPRF-SC,DEL03-SC,UOP03-DEL03-SC,2022
"456908,0",2022-06-20,segunda-feira,12:30:00,SC,282,"5,8",SAO JOSE,Reação tardia ou ineficiente do condutor,Colisão lateral mesmo sentido,Com Vítimas Feridas,Pleno dia,Decrescente,Céu Claro,Dupla,Curva,Sim,3,0,1,1,1,0,2,2,-27.58385576,-48.61586988,SPRF-SC,DEL01-SC,UOP01-DEL01-SC,2022
"456913,0",2022-06-20,segunda-feira,06:50:00,SC,470,"55,5",BLUMENAU,Ultrapassagem Indevida,Colisão lateral mesmo sentido,Com Vítimas Feridas,Pleno dia,Crescente,Céu Claro,Simples,Reta,Não,2,0,1,0,1,0,1,2,-26.875601,-49.117992,SPRF-SC,DEL04-SC,UOP01-DEL04-SC,2022
"456916,0",2022-06-20,segunda-feira,10:30:00,SC,101,"142,0",ITAPEMA,Demais falhas mecânicas ou elétricas,Incêndio,Sem Vítimas,Pleno dia,Crescente,Céu Claro,Simples,Declive,Sim,2,0,0,0,2,0,0,1,-27.06192908,-48.59584451,SPRF-SC,DEL04-SC,UOP03-DEL04-SC,2022
"456948,0",2022-06-20,segunda-feira,14:30:00,SC,282,"4,4",FLORIANOPOLIS,Reação tardia ou ineficiente do condutor,Colisão traseira,Com Vítimas Feridas,Pleno dia,Decrescente,Céu Claro,Múltipla,Reta,Sim,2,0,1,0,1,0,1,2,-27.592646,-48.604034,SPRF-SC,DEL01-SC,UOP01-DEL01-SC,2022
"456956,0",2022-06-20,segunda-feira,13:40:00,SC,282,"193,3",LAGES,Ausência de reação do condutor,Colisão com objeto,Com Vítimas Feridas,Pleno dia,Crescente,Sol,Simples,Curva;Declive,Não,1,0,1,0,0,0,1,1,-27.742256,-50.065472,SPRF-SC,DEL05-SC,UOP01-DEL05-SC,2022
"456964,0",2022-06-20,segunda-feira,13:00:00,SC,282,"308,0",VARGEM,Acessar a via sem observar a presença dos outros veículos,Colisão transversal,Com Vítimas Feridas,Pleno dia,Decrescente,Céu Claro,Simples,Curva,Não,2,0,1,0,1,0,1,2,-27.49310206,-50.97099423,SPRF-SC,DEL07-SC,UOP06-DEL07-SC,2022
"456970,0",2022-06-20,segunda-feira,16:30:00,SC,101,"114,0",ITAJAI,Condutor deixou de manter distância do veículo da frente,Tombamento,Com Vítimas Feridas,Pleno dia,Decrescente,Céu Claro,Múltipla,Reta,Sim,5,0,0,1,4,0,1,4,-26.86192886,-48.7286704,SPRF-SC,DEL04-SC,UOP04-DEL04-SC,2022
"456981,0",2022-06-20,segunda-feira,17:20:00,SC,101,"348,9",JAGUARUNA,Velocidade Incompatível,Saída de leito carroçável,Com Vítimas Feridas,Anoitecer,Crescente,Céu Claro,Dupla,Curva;Interseção de Vias;Aclive,Não,2,0,1,0,1,0,1,2,-28.57317505,-49.05292143,SPRF-SC,DEL02-SC,UOP01-DEL02-SC,2022
"456987,0",2022-06-20,segunda-feira,17:45:00,SC,470,"8,0",NAVEGANTES,Ausência de reação do condutor,Colisão transversal,Com Vítimas Feridas,Anoitecer,Crescente,Nublado,Simples,Reta,Não,3,0,1,0,2,0,1,3,-26.83688,-48.718853,SPRF-SC,DEL04-SC,UOP04-DEL04-SC,2022
"457004,0",2022-06-20,segunda-feira,05:50:00,SC,480,"123,6",CHAPECO,Ausência de reação do condutor,Colisão com objeto,Sem Vítimas,Amanhecer,Crescente,Nublado,Simples,Viaduto,Não,1,0,0,0,1,0,0,1,-26.99943294,-52.64624834,SPRF-SC,DEL07-SC,UOP01-DEL07-SC,2022
"457077,0",2022-06-21,terça-feira,06:40:00,SC,101,"201,0",SAO JOSE,Trafegar com motocicleta (ou similar) entre as faixas,Colisão lateral mesmo sentido,Com Vítimas Feridas,Amanhecer,Crescente,Nublado,Dupla,Reta,Sim,3,0,1,0,2,0,1,3,-27.54836599,-48.61977975,SPRF-SC,DEL01-SC,UOP01-DEL01-SC,2022
"457080,0",2022-06-21,terça-feira,06:35:00,SC,470,"44,8",GASPAR,Reação tardia ou ineficiente do condutor,Tombamento,Com Vítimas Feridas,Amanhecer,Crescente,Nublado,Dupla,Em Obras;Reta,Sim,1,0,1,0,0,0,1,1,-26.86754924,-49.03002977,SPRF-SC,DEL04-SC,UOP01-DEL04-SC,2022
"457083,0",2022-06-21,terça-feira,05:30:00,SC,282,"41,0",AGUAS MORNAS,Conversão proibida,Colisão transversal,Com Vítimas Feridas,Amanhecer,Crescente,Nublado,Simples,Reta,Sim,2,0,0,1,1,0,1,2,-27.715973,-48.878979,SPRF-SC,DEL01-SC,UOP03-DEL01-SC,2022
"457115,0",2022-06-21,terça-feira,05:10:00,SC,282,"306,0",VARGEM,Animais na Pista,Atropelamento de Animal,Sem Vítimas,Plena Noite,Decrescente,Nublado,Simples,Reta,Não,1,0,0,0,1,0,0,1,-27.49609042,-50.95527649,SPRF-SC,DEL07-SC,UOP06-DEL07-SC,2022
"457116,0",2022-06-21,terça-feira,12:15:00,SC,101,"151,0",ITAPEMA,Reação tardia ou ineficiente do condutor,Queda de ocupante de veículo,Sem Vítimas,Pleno dia,Decrescente,Céu Claro,Dupla,Interseção de Vias,Sim,2,0,0,0,1,1,0,2,-27.126536,-48.609642,SPRF-SC,DEL04-SC,UOP03-DEL04-SC,2022
"457122,0",2022-06-21,terça-feira,10:30:00,SC,101,"29,0",JOINVILLE,Demais falhas mecânicas ou elétricas,Queda de ocupante de veículo,Com Vítimas Feridas,Pleno dia,Crescente,Céu Claro,Dupla,Reta,Não,2,0,1,0,1,0,1,1,-26.211903,-48.91589904,SPRF-SC,DEL03-SC,UOP01-DEL03-SC,2022
"457142,0",2022-06-21,terça-feira,15:20:00,SC,101,"200,0",SAO JOSE,Ausência de reação do condutor,Colisão lateral mesmo sentido,Com Vítimas Feridas,Pleno dia,Crescente,Céu Claro,Múltipla,Reta,Sim,2,0,1,0,1,0,1,2,-27.54018513,-48.62287714,SPRF-SC,DEL01-SC,UOP01-DEL01-SC,2022
"457145,0",2022-06-21,terça-feira,15:20:00,SC,470,"53,5",BLUMENAU,Acesso irregular,Colisão transversal,Com Vítimas Feridas,Pleno dia,Decrescente,Céu Claro,Simples,Reta,Não,2,0,0,1,1,0,1,2,-26.867121,-49.102066,SPRF-SC,DEL04-SC,UOP01-DEL04-SC,2022
"457161,0",2022-06-21,terça-feira,16:10:00,SC,101,"117,0",ITAJAI,Reação tardia ou ineficiente do condutor,Colisão lateral mesmo sentido,Com Vítimas Feridas,Pleno dia,Crescente,Nublado,Dupla,Reta,Não,2,0,1,0,1,0,1,2,-26.88747187,-48.72252969,SPRF-SC,DEL04-SC,UOP04-DEL04-SC,2022
"457168,0",2022-06-21,terça-feira,13:45:00,SC,280,"50,9",GUARAMIRIM,Manobra de mudança de faixa,Colisão lateral mesmo sentido,Com Vítimas Feridas,Pleno dia,Crescente,Céu Claro,Dupla,Reta;Retorno Regulamentado;Interseção de Vias,Sim,2,0,0,1,1,0,1,2,-26.46791267,-48.96259904,SPRF-SC,DEL03-SC,UOP03-DEL03-SC,2022
"457183,0",2022-06-21,terça-feira,18:00:00,SC,470,"114,4",IBIRAMA,Desrespeitar a preferência no cruzamento,Colisão transversal,Com Vítimas Feridas,Plena Noite,Crescente,Nublado,Simples,Reta,Sim,2,0,0,1,1,0,1,2,-27.086386,-49.478001,SPRF-SC,DEL04-SC,UOP02-DEL04-SC,2022
"457187,0",2022-06-21,terça-feira,18:30:00,SC,101,"131,0",BALNEARIO CAMBORIU,Acessar a via sem observar a presença dos outros veículos,Colisão com objeto,Com Vítimas Feridas,Plena Noite,Decrescente,Chuva,Múltipla,Reta,Não,1,0,1,0,0,0,1,1,-26.99064209,-48.66310912,SPRF-SC,DEL04-SC,UOP03-DEL04-SC,2022
"457193,0",2022-06-21,terça-feira,18:40:00,SC,101,"318,0",PESCARIA BRAVA,Acessar a via sem observar a presença dos outros veículos,Colisão lateral mesmo sentido,Com Vítimas Feridas,Plena Noite,Crescente,Chuva,Dupla,Reta,Sim,2,0,1,0,1,0,1,2,-28.4266481,-48.86160099,SPRF-SC,DEL02-SC,UOP01-DEL02-SC,2022
"457202,0",2022-06-21,terça-feira,19:42:00,SC,101,"153,0",ITAPEMA,Entrada inopinada do pedestre,Atropelamento de Pedestre,Com Vítimas Feridas,Plena Noite,Decrescente,Céu Claro,Simples,Reta,Sim,2,0,0,1,1,0,1,2,-27.144717,-48.61063935,SPRF-SC,DEL04-SC,UOP03-DEL04-SC,2022
"457211,0",2022-06-21,terça-feira,20:40:00,SC,470,"147,9",RIO DO SUL,Pista esburacada,Tombamento,Com Vítimas Feridas,Plena Noite,Decrescente,Chuva,Simples,Rotatória,Sim,2,0,0,2,0,0,2,1,-27.243439,-49.690025,SPRF-SC,DEL04-SC,UOP02-DEL04-SC,2022
"457216,0",2022-06-21,terça-feira,20:00:00,SC,101,"412,5",ARARANGUA,Ingestão de álcool pelo condutor,Colisão traseira,Sem Vítimas,Plena Noite,Crescente,Chuva,Simples,Reta,Sim,2,0,0,0,2,0,0,2,-28.939333,-49.497513,SPRF-SC,DEL02-SC,UOP02-DEL02-SC,2022
"457224,0",2022-06-21,terça-feira,18:15:00,SC,101,"436,1",SOMBRIO,Acessar a via sem observar a presença dos outros veículos,Colisão transversal,Com Vítimas Feridas,Plena Noite,Crescente,Nublado,Simples,Reta;Interseção de Vias,Sim,2,0,1,0,1,0,1,2,-29.10817487,-49.63739835,SPRF-SC,DEL02-SC,UOP02-DEL02-SC,2022