id,data_inversa,dia_semana,horario,uf,br,km,municipio,causa_acidente,tipo_acidente,classificacao_acidente,fase_dia,sentido_via,condicao_metereologica,tipo_pista,tracado_via,uso_solo,pessoas,mortos,feridos_leves,feridos_graves,ilesos,ignorados,feridos,veiculos,latitude,longitude,regional,delegacia,uop,ano_arquivo
"457229,0",2022-06-21,terça-feira,20:30:00,SC,470,"47,0",BLUMENAU,Ausência de reação do condutor,Tombamento,Com Vítimas Feridas,Plena Noite,Decrescente,Chuva,Simples,Reta,Não,1,0,0,1,0,0,1,1,-26.864044,-49.046516,SPRF-SC,DEL04-SC,UOP01-DEL04-SC,2022
"457233,0",2022-06-22,quarta-feira,00:05:00,SC,282,"6,0",SAO JOSE,Chuva,Queda de ocupante de veículo,Com Vítimas Feridas,Plena Noite,Crescente,Chuva,Dupla,Curva,Sim,1,0,1,0,0,0,1,1,-27.591936,-48.618244,SPRF-SC,DEL01-SC,UOP01-DEL01-SC,2022
"457236,0",2022-06-22,quarta-feira,00:20:00,SC,280,"50,7",GUARAMIRIM,Ausência de reação do condutor,Colisão com objeto,Com Vítimas Feridas,Plena Noite,Decrescente,Céu Claro,Dupla,Reta;Em Obras,Sim,1,0,0,1,0,0,1,1,-26.46655275,-48.95837188,SPRF-SC,DEL03-SC,UOP03-DEL03-SC,2022
"457249,0",2022-06-22,quarta-feira,05:15:00,SC,101,"212,0",PALHOCA,Condutor deixou de manter distância do veículo da frente,Colisão com objeto,Com Vítimas Feridas,Plena Noite,Crescente,Garoa/Chuvisco,Múltipla,Reta,Sim,2,0,1,0,1,0,1,1,-27.62996929,-48.65903871,SPRF-SC,DEL01-SC,UOP02-DEL01-SC,2022
"457251,0",2022-06-22,quarta-feira,06:15:00,SC,101,"195,0",BIGUACU,Ausência de reação do condutor,Queda de ocupante de veículo,Com Vítimas Feridas,Amanhecer,Decrescente,Garoa/Chuvisco,Múltipla,Reta,Sim,1,0,1,0,0,0,1,1,-27.5047092,-48.65010819,SPRF-SC,DEL01-SC,UOP01-DEL01-SC,2022
"457267,0",2022-06-22,quarta-feira,06:50:00,SC,470,"7,6",NAVEGANTES,Desrespeitar a preferência no cruzamento,Colisão transversal,Com Vítimas Feridas,Pleno dia,Crescente,Chuva,Simples,Interseção de Vias,Não,3,0,1,1,1,0,2,2,-26.83900582,-48.71719837,SPRF-SC,DEL04-SC,UOP04-DEL04-SC,2022
"457281,0",2022-06-22,quarta-feira,07:30:00,SC,282,"389,5",JOACABA,Chuva,Tombamento,Com Vítimas Feridas,Pleno dia,Crescente,Chuva,Simples,Reta,Não,1,0,1,0,0,0,1,1,-27.178604,-51.541367,SPRF-SC,DEL07-SC,UOP05-DEL07-SC,2022
"457285,0",2022-06-22,quarta-feira,08:00:00,SC,101,"327,0",CAPIVARI DE BAIXO,Desrespeitar a preferência no cruzamento,Colisão transversal,Com Vítimas Feridas,Pleno dia,Decrescente,Chuva,Simples,Interseção de Vias,Não,2,0,1,0,1,0,1,2,-28.43023306,-48.95205197,SPRF-SC,DEL02-SC,UOP01-DEL02-SC,2022
"457319,0",2022-06-22,quarta-feira,12:15:00,SC,153,"99,5",CONCORDIA,Acessar a via sem observar a presença dos outros veículos,Colisão transversal,Com Vítimas Feridas,Pleno dia,Crescente,Nublado,Simples,Reta,Sim,2,0,1,0,1,0,1,2,-27.235508,-51.951069,SPRF-SC,DEL07-SC,UOP04-DEL07-SC,2022
"457320,0",2022-06-22,quarta-feira,11:15:00,SC,280,"127,9",RIO NEGRINHO,Acessar a via sem observar a presença dos outros veículos,Colisão transversal,Com Vítimas Feridas,Pleno dia,Decrescente,Céu Claro,Simples,Interseção de Vias,Sim,5,0,2,0,3,0,2,3,-26.23943953,-49.50420708,SPRF-SC,DEL06-SC,UOP03-DEL06-SC,2022
"457326,0",2022-02-11,sexta-feira,22:10:00,SC,101,"123,0",ITAJAI,Condutor deixou de manter distância do veículo da frente,Engavetamento,Sem Vítimas,Plena Noite,Crescente,Céu Claro,Dupla,Reta,Não,3,0,0,0,3,0,0,3,-26.93668609,-48.69876905,SPRF-SC,DEL04-SC,UOP04-DEL04-SC,2022
"457327,0",2022-06-22,quarta-feira,10:20:00,SC,101,"226,6",PALHOCA,Velocidade Incompatível,Colisão com objeto,Com Vítimas Feridas,Pleno dia,Crescente,Chuva,Dupla,Declive;Curva,Não,1,0,1,0,0,0,1,1,-27.74200001,-48.63806504,SPRF-SC,DEL01-SC,UOP02-DEL01-SC,2022
"457347,0",2022-06-22,quarta-feira,11:00:00,SC,282,"3,0",FLORIANOPOLIS,Pista Escorregadia,Tombamento,Com Vítimas Feridas,Pleno dia,Decrescente,Chuva,Dupla,Curva,Sim,1,0,1,0,0,0,1,1,-27.600384,-48.599705,SPRF-SC,DEL01-SC,UOP01-DEL01-SC,2022
"457385,0",2022-06-22,quarta-feira,18:10:00,SC,101,"429,9",SOMBRIO,Manobra de mudança de faixa,Colisão transversal,Com Vítimas Feridas,Plena Noite,Crescente,Garoa/Chuvisco,Dupla,Reta,Não,2,0,1,0,1,0,1,2,-29.05909577,-49.62333441,SPRF-SC,DEL02-SC,UOP02-DEL02-SC,2022
"457392,0",2022-06-22,quarta-feira,11:50:00,SC,153,"49,0",VARGEM BONITA,Reação tardia ou ineficiente do condutor,Saída de leito carroçável,Com Vítimas Feridas,Pleno dia,Crescente,Chuva,Simples,Reta,Não,1,0,1,0,0,0,1,1,-26.908381,-51.783154,SPRF-SC,DEL07-SC,UOP05-DEL07-SC,2022
"457395,0",2022-06-22,quarta-feira,11:30:00,SC,282,"180,0",BOCAINA DO SUL,Chuva,Saída de leito carroçável,Com Vítimas Feridas,Pleno dia,Crescente,Chuva,Simples,Curva,Não,3,0,2,0,1,0,2,1,-27.742239,-49.939873,SPRF-SC,DEL05-SC,UOP01-DEL05-SC,2022
"457406,0",2022-06-22,quarta-feira,18:30:00,SC,101,"377,0",ICARA,Deficiência do Sistema de Iluminação/Sinalização,Colisão traseira,Com Vítimas Feridas,Plena Noite,Decrescente,Garoa/Chuvisco,Simples,Reta,Não,2,0,0,1,1,0,1,2,-28.74495,-49.25728,SPRF-SC,DEL02-SC,UOP01-DEL02-SC,2022
"457437,0",2022-06-23,quinta-feira,03:50:00,SC,101,"130,0",BALNEARIO CAMBORIU,Ingestão de álcool pelo condutor,Saída de leito carroçável,Sem Vítimas,Plena Noite,Crescente,Céu Claro,Dupla,Reta,Sim,1,0,0,0,1,0,0,1,-26.98407618,-48.66977107,SPRF-SC,DEL04-SC,UOP03-DEL04-SC,2022
"457450,0",2022-05-03,terça-feira,17:20:00,SC,282,"22,0",PALHOCA,Conversão proibida,Colisão frontal,Com Vítimas Feridas,Anoitecer,Decrescente,Chuva,Simples,Reta,Sim,2,0,0,2,0,0,2,2,-27.688507,-48.72739,SPRF-SC,DEL01-SC,UOP02-DEL01-SC,2022
"457463,0",2022-06-23,quinta-feira,07:50:00,SC,101,"115,0",ITAJAI,Ultrapassagem Indevida,Colisão transversal,Com Vítimas Feridas,Pleno dia,Decrescente,Nublado,Dupla,Interseção de Vias,Sim,2,0,2,0,0,0,2,2,-26.87064015,-48.72954134,SPRF-SC,DEL04-SC,UOP04-DEL04-SC,2022
"457471,0",2022-06-23,quinta-feira,09:10:00,SC,282,"58,5",RANCHO QUEIMADO,Velocidade Incompatível,Colisão traseira,Com Vítimas Feridas,Pleno dia,Crescente,Chuva,Simples,Reta,Não,3,0,1,1,1,0,2,2,-27.683594,-49.005539,SPRF-SC,DEL01-SC,UOP03-DEL01-SC,2022
"457484,0",2022-06-23,quinta-feira,11:00:00,SC,101,"214,0",PALHOCA,Acessar a via sem observar a presença dos outros veículos,Queda de ocupante de veículo,Com Vítimas Feridas,Pleno dia,Crescente,Nublado,Dupla,Interseção de Vias,Não,1,0,1,0,0,0,1,1,-27.64443,-48.67057,SPRF-SC,DEL01-SC,UOP02-DEL01-SC,2022
"457517,0",2022-06-23,quinta-feira,13:41:00,SC,282,"5,6",SAO JOSE,Mal súbito do condutor,Tombamento,Com Vítimas Feridas,Pleno dia,Crescente,Nublado,Múltipla,Reta;Aclive,Sim,1,0,0,1,0,0,1,1,-27.588425,-48.612919,SPRF-SC,DEL01-SC,UOP01-DEL01-SC,2022
"457539,0",2022-06-23,quinta-feira,16:30:00,SC,101,"44,9",JOINVILLE,Desrespeitar a preferência no cruzamento,Colisão transversal,Com Vítimas Feridas,Pleno dia,Decrescente,Céu Claro,Simples,Viaduto,Sim,2,0,1,0,1,0,1,2,-26.34234997,-48.85840089,SPRF-SC,DEL03-SC,UOP01-DEL03-SC,2022
"457561,0",2022-06-23,quinta-feira,18:50:00,SC,282,"3,5",FLORIANOPOLIS,Manobra de mudança de faixa,Colisão lateral mesmo sentido,Com Vítimas Feridas,Plena Noite,Crescente,Nublado,Dupla,Reta,Sim,3,0,0,1,1,1,1,3,-27.600384,-48.599705,SPRF-SC,DEL01-SC,UOP01-DEL01-SC,2022
"457568,0",2022-06-23,quinta-feira,13:01:00,SC,282,"603,9",MARAVILHA,Acessar a via sem observar a presença dos outros veículos,Colisão transversal,Com Vítimas Feridas,Pleno dia,Decrescente,Céu Claro,Simples,Declive,Não,3,0,1,2,0,0,3,2,-26.79505103,-53.19321513,SPRF-SC,DEL07-SC,UOP02-DEL07-SC,2022
"457598,0",2022-06-23,quinta-feira,18:25:00,SC,282,"254,4",SAO JOSE DO CERRITO,Transitar na contramão,Colisão lateral sentido oposto,Sem Vítimas,Plena Noite,Decrescente,Chuva,Simples,Reta,Não,2,0,0,0,1,1,0,2,-27.676647,-50.563957,SPRF-SC,DEL05-SC,UOP02-DEL05-SC,2022
"457601,0",2022-06-23,quinta-feira,18:45:00,SC,116,"53,9",PAPANDUVA,Ausência de reação do condutor,Colisão traseira,Com Vítimas Feridas,Plena Noite,Crescente,Céu Claro,Simples,Rotatória,Sim,3,0,2,0,1,0,2,2,-26.39506516,-50.16357422,SPRF-SC,DEL06-SC,UOP02-DEL06-SC,2022
"457619,0",2022-06-23,quinta-feira,21:55:00,SC,470,"42,6",GASPAR,Objeto estático sobre o leito carroçável,Colisão com objeto,Com Vítimas Feridas,Plena Noite,Crescente,Nublado,Simples,Reta;Aclive;Desvio Temporário,Não,1,0,0,1,0,0,1,1,-26.875719,-49.003746,SPRF-SC,DEL04-SC,UOP01-DEL04-SC,2022
"457633,0",2022-06-23,quinta-feira,22:50:00,SC,101,"208,0",SAO JOSE,Manobra de mudança de faixa,Colisão lateral mesmo sentido,Sem Vítimas,Plena Noite,Decrescente,Céu Claro,Múltipla,Reta,Sim,2,0,0,0,2,0,0,2,-27.60327979,-48.63201818,SPRF-SC,DEL01-SC,UOP01-DEL01-SC,2022
"457634,0",2022-06-24,sexta-feira,02:20:00,SC,101,"213,9",PALHOCA,Pedestre andava na pista,Atropelamento de Pedestre,Com Vítimas Fatais,Plena Noite,Decrescente,Nublado,Múltipla,Reta,Sim,2,1,0,0,0,1,0,2,-27.6440528,-48.6699957,SPRF-SC,DEL01-SC,UOP02-DEL01-SC,2022
"457638,0",2022-06-24,sexta-feira,01:30:00,SC,101,"371,1",ICARA,Ingestão de álcool pelo condutor,Saída de leito carroçável,Sem Vítimas,Plena Noite,Crescente,Nublado,Dupla,Reta,Não,1,0,0,0,1,0,0,1,-28.70403682,-49.2008731,SPRF-SC,DEL02-SC,UOP01-DEL02-SC,2022
"457646,0",2022-06-24,sexta-feira,04:00:00,SC,101,"202,5",SAO JOSE,Ingestão de álcool pelo condutor,Colisão com objeto,Sem Vítimas,Plena Noite,Decrescente,Nublado,Dupla,Reta,Sim,1,0,0,0,0,1,0,1,-27.55711595,-48.61897889,SPRF-SC,DEL01-SC,UOP01-DEL01-SC,2022
"457647,0",2022-06-24,sexta-feira,04:50:00,SC,101,"305,0",LAGUNA,Demais falhas mecânicas ou elétricas,Tombamento,Com Vítimas Feridas,Plena Noite,Decrescente,Chuva,Múltipla,Reta,Não,1,0,1,0,0,0,1,1,-28.37674574,-48.76400229,SPRF-SC,DEL02-SC,UOP03-DEL02-SC,2022
"457654,0",2022-06-23,quinta-feira,22:00:00,SC,101,"411,0",ARARANGUA,Estacionar ou parar em local proibido,Colisão traseira,Com Vítimas Feridas,Plena Noite,Crescente,Céu Claro,Simples,Reta,Sim,2,0,1,0,1,0,1,2,-28.93112097,-49.4940421,SPRF-SC,DEL02-SC,UOP02-DEL02-SC,2022
"457657,0",2022-06-24,sexta-feira,06:10:00,SC,282,"32,0",SANTO AMARO DA IMPERATRIZ,Demais Fenômenos da natureza,Colisão com objeto,Com Vítimas Feridas,Amanhecer,Decrescente,Chuva,Simples,Reta,Não,2,0,1,0,0,1,1,2,-27.70116,-48.800175,SPRF-SC,DEL01-SC,UOP03-DEL01-SC,2022
"457661,0",2022-06-24,sexta-feira,05:40:00,SC,101,"154,8",PORTO BELO,Velocidade Incompatível,Saída de leito carroçável,Sem Vítimas,Amanhecer,Decrescente,Nublado,Múltipla,Reta,Sim,1,0,0,0,0,1,0,1,-27.153819,-48.61086393,SPRF-SC,DEL04-SC,UOP03-DEL04-SC,2022
"457666,0",2022-06-24,sexta-feira,07:40:00,SC,116,"1,0",MAFRA,Ultrapassagem Indevida,Colisão lateral sentido oposto,Sem Vítimas,Pleno dia,Crescente,Céu Claro,Simples,Desvio Temporário,Sim,2,0,0,0,1,1,0,2,-26.1170929,-49.78694917,SPRF-SC,DEL06-SC,UOP01-DEL06-SC,2022
"457685,0",2022-06-24,sexta-feira,08:25:00,SC,282,"0,8",FLORIANOPOLIS,Manobra de mudança de faixa,Colisão lateral mesmo sentido,Com Vítimas Feridas,Pleno dia,Decrescente,Céu Claro,Múltipla,Reta,Sim,2,0,0,1,1,0,1,2,-27.59845,-48.571995,SPRF-SC,DEL01-SC,UOP01-DEL01-SC,2022
"457699,0",2022-06-24,sexta-feira,09:55:00,SC,101,"214,5",PALHOCA,Reação tardia ou ineficiente do condutor,Colisão traseira,Com Vítimas Feridas,Pleno dia,Crescente,Nublado,Múltipla,Reta,Sim,2,0,0,1,1,0,1,2,-27.64443,-48.67057,SPRF-SC,DEL01-SC,UOP02-DEL01-SC,2022
"457702,0",2022-06-24,sexta-feira,10:00:00,SC,101,"137,4",BALNEARIO CAMBORIU,Velocidade Incompatível,Tombamento,Com Vítimas Feridas,Pleno dia,Decrescente,Nublado,Dupla,Reta,Não,1,0,1,0,0,0,1,1,-27.0157238,-48.61192763,SPRF-SC,DEL04-SC,UOP03-DEL04-SC,2022
"457717,0",2022-06-24,sexta-feira,08:30:00,SC,280,"104,8",SAO BENTO DO SUL,Condutor Dormindo,Saída de leito carroçável,Com Vítimas Feridas,Pleno dia,Crescente,Céu Claro,Simples,Reta;Aclive,Não,1,0,1,0,0,0,1,1,-26.345941,-49.37304139,SPRF-SC,DEL06-SC,UOP03-DEL06-SC,2022
"457734,0",2022-06-24,sexta-feira,00:45:00,SC,101,"142,4",BALNEARIO CAMBORIU,Velocidade Incompatível,Saída de leito carroçável,Sem Vítimas,Plena Noite,Decrescente,Ignorado,Dupla,Curva,Não,1,0,0,0,0,1,0,1,-27.056089,-48.599449,SPRF-SC,DEL04-SC,UOP03-DEL04-SC,2022
"457739,0",2022-06-24,sexta-feira,14:10:00,SC,282,"3,5",FLORIANOPOLIS,Reação tardia ou ineficiente do condutor,Colisão traseira,Com Vítimas Feridas,Pleno dia,Crescente,Céu Claro,Dupla,Reta,Sim,2,0,0,1,0,1,1,2,-27.600384,-48.599705,SPRF-SC,DEL01-SC,UOP01-DEL01-SC,2022
"457747,0",2022-06-24,sexta-feira,16:00:00,SC,101,"267,0",PAULO LOPES,Condutor deixou de manter distância do veículo da frente,Colisão lateral mesmo sentido,Com Vítimas Feridas,Pleno dia,Decrescente,Garoa/Chuvisco,Dupla,Curva,Não,2,0,1,0,1,0,1,2,-28.08188198,-48.71110439,SPRF-SC,DEL02-SC,UOP03-DEL02-SC,2022
"457756,0",2022-06-24,sexta-feira,15:30:00,SC,101,"335,8",TUBARAO,Velocidade Incompatível,Colisão com objeto,Com Vítimas Feridas,Pleno dia,Crescente,Chuva,Múltipla,Curva,Sim,2,0,2,0,0,0,2,1,-28.47930745,-49.03376931,SPRF-SC,DEL02-SC,UOP01-DEL02-SC,2022
"457777,0",2022-06-24,sexta-feira,17:12:00,SC,101,"205,0",SAO JOSE,Acessar a via sem observar a presença dos outros veículos,Colisão lateral mesmo sentido,Com Vítimas Feridas,Anoitecer,Decrescente,Nublado,Dupla,Reta,Sim,2,0,2,0,0,0,2,2,-27.58313237,-48.61532885,SPRF-SC,DEL01-SC,UOP01-DEL01-SC,2022
"457843,0",2022-06-24,sexta-feira,22:35:00,SC,101,"308,9",LAGUNA,Reação tardia ou ineficiente do condutor,Colisão com objeto,Com Vítimas Feridas,Plena Noite,Crescente,Chuva,Dupla,Reta,Não,1,0,1,0,0,0,1,1,-28.42129692,-48.7978363,SPRF-SC,DEL02-SC,UOP01-DEL02-SC,2022
"457845,0",2022-06-25,sábado,00:24:00,SC,470,"3,0",NAVEGANTES,Ingestão de álcool pelo condutor,Saída de leito carroçável,Sem Vítimas,Plena Noite,Decrescente,Céu Claro,Dupla,Reta,Sim,2,0,0,0,0,2,0,2,-26.861937,-48.681618,SPRF-SC,DEL04-SC,UOP04-DEL04-SC,2022
"457846,0",2022-06-25,sábado,00:30:00,SC,101,"210,0",SAO JOSE,Ingestão de álcool pelo condutor,Colisão com objeto,Com Vítimas Feridas,Plena Noite,Crescente,Garoa/Chuvisco,Múltipla,Reta,Sim,1,0,1,0,0,0,1,1,-27.6167305,-48.6457265,SPRF-SC,DEL01-SC,UOP01-DEL01-SC,2022
"457857,0",2022-06-25,sábado,03:00:00,SC,116,"209,0",PONTE ALTA,Velocidade Incompatível,Saída de leito carroçável,Sem Vítimas,Plena Noite,Crescente,Garoa/Chuvisco,Simples,Curva,Não,3,0,0,0,3,0,0,1,-27.49607258,-50.37005465,SPRF-SC,DEL05-SC,UOP03-DEL05-SC,2022
"457858,0",2022-06-25,sábado,04:30:00,SC,470,"56,0",BLUMENAU,Reação tardia ou ineficiente do condutor,Colisão transversal,Com Vítimas Feridas,Plena Noite,Crescente,Nublado,Simples,Reta,Não,2,0,1,0,1,0,1,2,-26.87674,-49.127743,SPRF-SC,DEL04-SC,UOP01-DEL04-SC,2022
"457902,0",2022-04-23,sábado,21:00:00,SC,101,"204,0",SAO JOSE,Ausência de reação do condutor,Colisão traseira,Sem Vítimas,Plena Noite,Decrescente,Céu Claro,Dupla,Reta,Não,2,0,0,0,2,0,0,2,-27.57413014,-48.61363083,SPRF-SC,DEL01-SC,UOP01-DEL01-SC,2022
"457908,0",2022-06-25,sábado,11:15:00,SC,101,"214,8",PALHOCA,Trafegar com motocicleta (ou similar) entre as faixas,Queda de ocupante de veículo,Com Vítimas Feridas,Pleno dia,Crescente,Céu Claro,Múltipla,Reta,Não,3,0,1,1,1,0,2,2,-27.64443,-48.67057,SPRF-SC,DEL01-SC,UOP02-DEL01-SC,2022
"457931,0",2022-06-25,sábado,12:10:00,SC,280,"49,0",GUARAMIRIM,Ausência de reação do condutor,Colisão traseira,Com Vítimas Feridas,Pleno dia,Crescente,Garoa/Chuvisco,Simples,Aclive;Reta,Sim,2,0,1,0,1,0,1,2,-26.45841364,-48.93621683,SPRF-SC,DEL03-SC,UOP03-DEL03-SC,2022
"457935,0",2022-06-25,sábado,15:00:00,SC,101,"213,0",PALHOCA,Acesso irregular,Colisão transversal,Com Vítimas Feridas,Pleno dia,Crescente,Céu Claro,Múltipla,Interseção de Vias,Sim,2,0,1,0,1,0,1,2,-27.63697369,-48.66514142,SPRF-SC,DEL01-SC,UOP02-DEL01-SC,2022
"457944,0",2022-06-25,sábado,16:30:00,SC,101,"213,5",PALHOCA,Condutor deixou de manter distância do veículo da frente,Engavetamento,Com Vítimas Feridas,Pleno dia,Decrescente,Céu Claro,Múltipla,Reta,Sim,4,0,2,0,2,0,2,4,-27.64210679,-48.66850019,SPRF-SC,DEL01-SC,UOP02-DEL01-SC,2022
"457961,0",2022-06-25,sábado,18:40:00,SC,280,"50,7",GUARAMIRIM,Desvio temporário,Colisão com objeto,Com Vítimas Feridas,Plena Noite,Crescente,Chuva,Simples,Em Obras;Desvio Temporário,Sim,2,0,1,1,0,0,2,1,-26.4619489,-48.94618404,SPRF-SC,DEL03-SC,UOP03-DEL03-SC,2022
"457975,0",2022-06-25,sábado,18:20:00,SC,101,"97,8",BALNEARIO PICARRAS,Condutor deixou de manter distância do veículo da frente,Colisão traseira,Com Vítimas Feridas,Plena Noite,Decrescente,Nublado,Dupla,Reta;Aclive,Sim,2,0,1,0,1,0,1,2,-26.73841872,-48.6987555,SPRF-SC,DEL03-SC,UOP02-DEL03-SC,2022
"458016,0",2022-06-25,sábado,23:50:00,SC,101,"95,0",BALNEARIO PICARRAS,Ausência de reação do condutor,Capotamento,Com Vítimas Feridas,Plena Noite,Decrescente,Nublado,Dupla,Reta,Não,3,0,2,0,1,0,2,1,-26.70876413,-48.70221065,SPRF-SC,DEL03-SC,UOP02-DEL03-SC,2022
"458017,0",2022-06-25,sábado,23:10:00,SC,282,"383,0",HERVAL DOESTE,Ingestão de álcool pelo condutor,Colisão frontal,Com Vítimas Feridas,Plena Noite,Decrescente,Céu Claro,Simples,Curva,Não,2,0,1,0,1,0,1,2,-27.200508,-51.507919,SPRF-SC,DEL07-SC,UOP05-DEL07-SC,2022
"458040,0",2022-06-26,domingo,01:20:00,SC,101,"378,3",ICARA,Ingestão de álcool pelo condutor,Colisão traseira,Com Vítimas Feridas,Pleno dia,Decrescente,Nublado,Múltipla,Reta;Interseção de Vias,Sim,3,0,2,0,1,0,2,2,-28.741853,-49.251657,SPRF-SC,DEL02-SC,UOP02-DEL02-SC,2022
"458044,0",2022-06-26,domingo,02:40:00,SC,153,"67,7",IRANI,Transitar na contramão,Colisão frontal,Sem Vítimas,Plena Noite,Crescente,Nevoeiro/Neblina,Simples,Reta,Não,2,0,0,0,1,1,0,2,-27.026777,-51.884796,SPRF-SC,DEL07-SC,UOP04-DEL07-SC,2022
"458062,0",2022-06-26,domingo,05:30:00,SC,470,"91,8",ASCURRA,Ingestão de álcool pelo condutor,Colisão com objeto,Com Vítimas Feridas,Amanhecer,Crescente,Céu Claro,Simples,Ponte,Não,1,0,1,0,0,0,1,1,-26.97769,-49.369198,SPRF-SC,DEL04-SC,UOP01-DEL04-SC,2022
"458065,0",2022-06-26,domingo,06:00:00,SC,470,"165,7",TROMBUDO CENTRAL,Velocidade Incompatível,Saída de leito carroçável,Com Vítimas Feridas,Amanhecer,Crescente,Garoa/Chuvisco,Simples,Curva,Não,1,0,0,1,0,0,1,1,-27.27663,-49.855,SPRF-SC,DEL04-SC,UOP02-DEL04-SC,2022
"458079,0",2022-06-26,domingo,06:45:00,SC,101,"371,0",ICARA,Ausência de reação do condutor,Saída de leito carroçável,Sem Vítimas,Amanhecer,Crescente,Céu Claro,Dupla,Reta,Não,2,0,0,0,2,0,0,1,-28.70403682,-49.2008731,SPRF-SC,DEL02-SC,UOP01-DEL02-SC,2022
"458105,0",2022-06-26,domingo,11:40:00,SC,101,"194,5",BIGUACU,Velocidade Incompatível,Colisão traseira,Sem Vítimas,Pleno dia,Crescente,Sol,Múltipla,Reta;Interseção de Vias,Sim,2,0,0,0,2,0,0,2,-27.49923765,-48.6562103,SPRF-SC,DEL01-SC,UOP01-DEL01-SC,2022
"458159,0",2022-06-26,domingo,18:00:00,SC,470,"89,0",ASCURRA,Desrespeitar a preferência no cruzamento,Colisão transversal,Com Vítimas Feridas,Pleno dia,Decrescente,Céu Claro,Simples,Retorno Regulamentado,Não,5,0,2,1,2,0,3,2,-26.961573,-49.371918,SPRF-SC,DEL04-SC,UOP01-DEL04-SC,2022
"458171,0",2022-06-26,domingo,16:02:00,SC,282,"533,0",CHAPECO,Ausência de reação do condutor,Tombamento,Com Vítimas Feridas,Pleno dia,Crescente,Céu Claro,Simples,Curva,Não,2,0,2,0,0,0,2,1,-26.995323,-52.625305,SPRF-SC,DEL07-SC,UOP01-DEL07-SC,2022
"458184,0",2022-06-26,domingo,18:40:00,SC,101,"64,0",ARAQUARI,Acessar a via sem observar a presença dos outros veículos,Atropelamento de Pedestre,Com Vítimas Feridas,Plena Noite,Decrescente,Céu Claro,Múltipla,Reta,Não,2,0,0,1,1,0,1,2,-26.46433196,-48.75063097,SPRF-SC,DEL03-SC,UOP02-DEL03-SC,2022
"458185,0",2022-06-26,domingo,18:45:00,SC,101,"64,0",ARAQUARI,Reação tardia ou ineficiente do condutor,Colisão traseira,Com Vítimas Feridas,Plena Noite,Decrescente,Nublado,Dupla,Reta,Não,3,0,1,0,2,0,1,2,-26.46470194,-48.74971211,SPRF-SC,DEL03-SC,UOP02-DEL03-SC,2022
"458187,0",2022-06-26,domingo,19:30:00,SC,470,"52,0",BLUMENAU,Desrespeitar a preferência no cruzamento,Colisão transversal,Com Vítimas Feridas,Plena Noite,Crescente,Céu Claro,Dupla,Interseção de Vias,Sim,3,0,2,0,1,0,2,2,-26.862286,-49.093903,SPRF-SC,DEL04-SC,UOP01-DEL04-SC,2022
"458196,0",2022-06-26,domingo,20:50:00,SC,101,"24,8",JOINVILLE,Desrespeitar a preferência no cruzamento,Colisão transversal,Com Vítimas Feridas,Plena Noite,Crescente,Garoa/Chuvisco,Simples,Viaduto,Sim,2,0,1,0,1,0,1,2,-26.18149157,-48.90989363,SPRF-SC,DEL03-SC,UOP01-DEL03-SC,2022
"458197,0",2022-06-26,domingo,19:30:00,SC,101,"394,0",CRICIUMA,Reação tardia ou ineficiente do condutor,Tombamento,Com Vítimas Feridas,Plena Noite,Decrescente,Nublado,Múltipla,Reta,Não,1,0,1,0,0,0,1,1,-28.82492955,-49.40537542,SPRF-SC,DEL02-SC,UOP02-DEL02-SC,2022
"458211,0",2022-06-26,domingo,21:00:00,SC,101,"156,0",PORTO BELO,Ingestão de álcool pelo condutor,Colisão com objeto,Com Vítimas Feridas,Plena Noite,Crescente,Ignorado,Dupla,Reta,Sim,1,0,1,0,0,0,1,1,-27.172272,-48.61170204,SPRF-SC,DEL04-SC,UOP03-DEL04-SC,2022
"458220,0",2022-06-26,domingo,22:30:00,SC,101,"207,0",SAO JOSE,Acessar a via sem observar a presença dos outros veículos,Colisão transversal,Com Vítimas Feridas,Plena Noite,Crescente,Céu Claro,Simples,Interseção de Vias,Sim,2,0,1,0,1,0,1,2,-27.60001226,-48.6226467,SPRF-SC,DEL01-SC,UOP01-DEL01-SC,2022
"458225,0",2022-06-26,domingo,21:30:00,SC,116,"170,6",PONTE ALTA DO NORTE,Ingestão de substâncias psicoativas pelo condutor,Saída de leito carroçável,Sem Vítimas,Plena Noite,Decrescente,Nublado,Simples,Reta,Não,1,0,0,0,1,0,0,1,-27.194962,-50.463425,SPRF-SC,DEL05-SC,UOP03-DEL05-SC,2022
"458252,0",2022-06-27,segunda-feira,05:00:00,SC,101,"132,0",BALNEARIO CAMBORIU,Reação tardia ou ineficiente do condutor,Saída de leito carroçável,Sem Vítimas,Plena Noite,Crescente,Chuva,Simples,Reta,Sim,1,0,0,0,0,1,0,1,-26.99654133,-48.65564711,SPRF-SC,DEL04-SC,UOP03-DEL04-SC,2022
"458258,0",2022-06-27,segunda-feira,05:30:00,SC,101,"133,8",BALNEARIO CAMBORIU,Ausência de reação do condutor,Colisão com objeto,Sem Vítimas,Plena Noite,Crescente,Chuva,Simples,Reta,Sim,1,0,0,0,0,1,0,1,-26.99936,-48.64609,SPRF-SC,DEL04-SC,UOP03-DEL04-SC,2022