id,data_inversa,dia_semana,horario,uf,br,km,municipio,causa_acidente,tipo_acidente,classificacao_acidente,fase_dia,sentido_via,condicao_metereologica,tipo_pista,tracado_via,uso_solo,pessoas,mortos,feridos_leves,feridos_graves,ilesos,ignorados,feridos,veiculos,latitude,longitude,regional,delegacia,uop,ano_arquivo
"458273,0",2022-06-27,segunda-feira,08:15:00,SC,101,"147,0",ITAPEMA,Ausência de reação do condutor,Colisão traseira,Com Vítimas Feridas,Pleno dia,Crescente,Nublado,Simples,Reta,Sim,2,0,1,0,1,0,1,2,-27.09237407,-48.61730888,SPRF-SC,DEL04-SC,UOP03-DEL04-SC,2022
"458293,0",2022-06-27,segunda-feira,10:25:00,SC,101,"199,0",SAO JOSE,Reação tardia ou ineficiente do condutor,Atropelamento de Pedestre,Com Vítimas Feridas,Pleno dia,Crescente,Céu Claro,Simples,Reta,Sim,2,0,1,0,1,0,1,2,-27.53413705,-48.63003205,SPRF-SC,DEL01-SC,UOP01-DEL01-SC,2022
"458308,0",2022-04-01,sexta-feira,06:30:00,SC,282,"15,8",PALHOCA,Retorno proibido,Colisão lateral mesmo sentido,Com Vítimas Feridas,Amanhecer,Decrescente,Nublado,Simples,Reta,Sim,2,0,1,0,0,1,1,2,-27.651848,-48.676048,SPRF-SC,DEL01-SC,UOP02-DEL01-SC,2022
"458311,0",2022-06-27,segunda-feira,08:20:00,SC,101,"369,0",ICARA,Ausência de reação do condutor,Colisão transversal,Com Vítimas Feridas,Pleno dia,Crescente,Céu Claro,Dupla,Reta,Não,2,0,1,0,1,0,1,2,-28.69775604,-49.182934,SPRF-SC,DEL02-SC,UOP01-DEL02-SC,2022
"458313,0",2022-04-13,quarta-feira,12:23:00,SC,101,"215,5",PALHOCA,Ultrapassagem Indevida,Colisão lateral mesmo sentido,Com Vítimas Feridas,Pleno dia,Decrescente,Céu Claro,Simples,Reta,Sim,2,0,1,0,0,1,1,2,-27.65621691,-48.67809713,SPRF-SC,DEL01-SC,UOP02-DEL01-SC,2022
"458318,0",2022-06-27,segunda-feira,13:30:00,SC,282,"6,0",SAO JOSE,Reação tardia ou ineficiente do condutor,Colisão lateral mesmo sentido,Com Vítimas Feridas,Pleno dia,Decrescente,Céu Claro,Dupla,Curva,Sim,2,0,1,0,1,0,1,2,-27.58313237,-48.61532885,SPRF-SC,DEL01-SC,UOP01-DEL01-SC,2022
"458320,0",2022-06-27,segunda-feira,13:00:00,SC,282,"382,0",HERVAL DOESTE,Manobra de mudança de faixa,Colisão lateral mesmo sentido,Com Vítimas Feridas,Pleno dia,Decrescente,Céu Claro,Simples,Reta;Aclive,Não,2,0,0,1,1,0,1,2,-27.19737346,-51.50672257,SPRF-SC,DEL07-SC,UOP05-DEL07-SC,2022
"458341,0",2022-06-27,segunda-feira,16:30:00,SC,101,"195,0",BIGUACU,Acessar a via sem observar a presença dos outros veículos,Colisão transversal,Sem Vítimas,Pleno dia,Crescente,Céu Claro,Múltipla,Interseção de Vias,Sim,2,0,0,0,1,1,0,2,-27.5047092,-48.65010819,SPRF-SC,DEL01-SC,UOP01-DEL01-SC,2022
"458352,0",2022-06-27,segunda-feira,17:00:00,SC,101,"214,0",PALHOCA,Ausência de reação do condutor,Colisão transversal,Com Vítimas Feridas,Anoitecer,Decrescente,Céu Claro,Simples,Interseção de Vias,Não,2,0,1,0,1,0,1,2,-27.64443,-48.67057,SPRF-SC,DEL01-SC,UOP02-DEL01-SC,2022
"458365,0",2022-06-27,segunda-feira,16:30:00,SC,101,"207,0",SAO JOSE,Condutor deixou de manter distância do veículo da frente,Colisão traseira,Com Vítimas Feridas,Pleno dia,Decrescente,Sol,Múltipla,Reta,Sim,2,0,1,0,1,0,1,2,-27.60001226,-48.6226467,SPRF-SC,DEL01-SC,UOP01-DEL01-SC,2022
"458378,0",2022-06-27,segunda-feira,07:33:00,SC,282,"4,5",SAO JOSE,Trafegar com motocicleta (ou similar) entre as faixas,Queda de ocupante de veículo,Com Vítimas Feridas,Plena Noite,Crescente,Nublado,Dupla,Reta,Sim,1,0,1,0,0,0,1,1,-27.592646,-48.604034,SPRF-SC,DEL01-SC,UOP01-DEL01-SC,2022
"458389,0",2022-06-27,segunda-feira,20:00:00,SC,116,"278,8",CAPAO ALTO,Ingestão de álcool pelo condutor,Saída de leito carroçável,Sem Vítimas,Plena Noite,Crescente,Céu Claro,Simples,Reta;Aclive,Não,1,0,0,0,1,0,0,1,-28.02261627,-50.55760353,SPRF-SC,DEL05-SC,UOP02-DEL05-SC,2022
"458392,0",2022-06-10,sexta-feira,07:45:00,SC,280,"30,8",ARAQUARI,Reação tardia ou ineficiente do condutor,Colisão lateral mesmo sentido,Com Vítimas Feridas,Pleno dia,Decrescente,Sol,Simples,Reta,Não,4,0,0,1,2,1,1,4,-26.41644142,-48.77114296,SPRF-SC,DEL03-SC,UOP03-DEL03-SC,2022
"458399,0",2022-06-27,segunda-feira,20:40:00,SC,101,"207,0",SAO JOSE,Desrespeitar a preferência no cruzamento,Colisão transversal,Com Vítimas Feridas,Plena Noite,Decrescente,Céu Claro,Múltipla,Interseção de Vias,Sim,3,0,1,0,2,0,1,2,-27.60001226,-48.6226467,SPRF-SC,DEL01-SC,UOP01-DEL01-SC,2022
"458406,0",2022-06-27,segunda-feira,21:10:00,SC,470,"69,0",INDAIAL,Acessar a via sem observar a presença dos outros veículos,Colisão transversal,Com Vítimas Feridas,Plena Noite,Decrescente,Nublado,Simples,Reta;Em Obras,Sim,2,0,1,0,1,0,1,2,-26.883745,-49.246704,SPRF-SC,DEL04-SC,UOP01-DEL04-SC,2022
"458445,0",2022-05-29,domingo,15:00:00,SC,101,"173,0",TIJUCAS,Manobra de mudança de faixa,Colisão lateral mesmo sentido,Com Vítimas Feridas,Pleno dia,Decrescente,Chuva,Dupla,Reta,Não,2,0,2,0,0,0,2,1,-27.3209923,-48.62789154,SPRF-SC,DEL04-SC,UOP03-DEL04-SC,2022
"458449,0",2022-06-28,terça-feira,08:15:00,SC,101,"206,9",SAO JOSE,Manobra de mudança de faixa,Colisão lateral mesmo sentido,Com Vítimas Feridas,Pleno dia,Decrescente,Sol,Múltipla,Reta,Sim,2,0,1,0,1,0,1,2,-27.59193546,-48.61824557,SPRF-SC,DEL01-SC,UOP01-DEL01-SC,2022
"458483,0",2022-06-28,terça-feira,12:45:00,SC,282,"4,5",FLORIANOPOLIS,Reação tardia ou ineficiente do condutor,Colisão traseira,Com Vítimas Feridas,Pleno dia,Crescente,Sol,Múltipla,Interseção de Vias;Reta,Sim,2,0,1,0,1,0,1,2,-27.592646,-48.604034,SPRF-SC,DEL01-SC,UOP01-DEL01-SC,2022
"458506,0",2022-06-28,terça-feira,15:00:00,SC,280,"21,9",ARAQUARI,Mal súbito do condutor,Saída de leito carroçável,Com Vítimas Feridas,Pleno dia,Decrescente,Céu Claro,Simples,Reta,Não,1,0,1,0,0,0,1,1,-26.37043169,-48.69219602,SPRF-SC,DEL03-SC,UOP03-DEL03-SC,2022
"458542,0",2022-06-28,terça-feira,18:30:00,SC,470,"80,0",RODEIO,Ausência de reação do condutor,Colisão transversal,Com Vítimas Feridas,Plena Noite,Crescente,Céu Claro,Simples,Reta,Não,2,0,0,1,1,0,1,2,-26.948805,-49.316097,SPRF-SC,DEL04-SC,UOP01-DEL04-SC,2022
"458547,0",2022-06-28,terça-feira,18:50:00,SC,101,"43,0",JOINVILLE,Avarias e/ou desgaste excessivo no pneu,Saída de leito carroçável,Com Vítimas Feridas,Plena Noite,Decrescente,Nublado,Dupla,Reta,Sim,2,0,2,0,0,0,2,1,-26.30357106,-48.88225609,SPRF-SC,DEL03-SC,UOP01-DEL03-SC,2022
"458549,0",2022-06-28,terça-feira,18:00:00,SC,163,"72,2",SAO MIGUEL DO OESTE,Acessar a via sem observar a presença dos outros veículos,Colisão traseira,Com Vítimas Feridas,Anoitecer,Crescente,Céu Claro,Dupla,Interseção de Vias,Sim,5,0,2,0,3,0,2,3,-26.71758926,-53.51623356,SPRF-SC,DEL07-SC,UOP03-DEL07-SC,2022
"458558,0",2022-06-28,terça-feira,20:30:00,SC,101,"145,8",ITAPEMA,Velocidade Incompatível,Tombamento,Com Vítimas Feridas,Plena Noite,Decrescente,Nublado,Múltipla,Reta,Não,1,0,1,0,0,0,1,1,-27.08139206,-48.60130993,SPRF-SC,DEL04-SC,UOP03-DEL04-SC,2022
"458562,0",2022-06-28,terça-feira,19:35:00,SC,101,"439,9",SOMBRIO,Condutor deixou de manter distância do veículo da frente,Colisão transversal,Com Vítimas Feridas,Plena Noite,Decrescente,Céu Claro,Simples,Reta,Sim,2,0,0,1,1,0,1,2,-29.10012696,-49.6352005,SPRF-SC,DEL02-SC,UOP02-DEL02-SC,2022
"458586,0",2022-06-28,terça-feira,22:30:00,SC,282,"561,1",NOVA ITABERABA,Ausência de reação do condutor,Saída de leito carroçável,Com Vítimas Feridas,Plena Noite,Crescente,Chuva,Simples,Reta,Não,8,0,6,0,2,0,6,1,-26.927135,-52.856205,SPRF-SC,DEL07-SC,UOP02-DEL07-SC,2022
"458590,0",2022-06-29,quarta-feira,02:10:00,SC,163,"76,6",SAO MIGUEL DO OESTE,Condutor Dormindo,Capotamento,Sem Vítimas,Plena Noite,Decrescente,Nublado,Dupla,Reta,Sim,1,0,0,0,0,1,0,1,-26.68478399,-53.51451486,SPRF-SC,DEL07-SC,UOP03-DEL07-SC,2022
"458600,0",2022-06-29,quarta-feira,04:47:00,SC,101,"108,2",PENHA,Ausência de reação do condutor,Capotamento,Com Vítimas Feridas,Plena Noite,Crescente,Nublado,Dupla,Curva,Não,2,0,1,1,0,0,2,2,-26.82606902,-48.69052298,SPRF-SC,DEL03-SC,UOP02-DEL03-SC,2022
"458611,0",2022-06-29,quarta-feira,07:30:00,SC,163,"72,7",SAO MIGUEL DO OESTE,Velocidade Incompatível,Tombamento,Com Vítimas Feridas,Pleno dia,Crescente,Céu Claro,Dupla,Curva,Sim,1,0,1,0,0,0,1,1,-26.71496623,-53.51715088,SPRF-SC,DEL07-SC,UOP03-DEL07-SC,2022
"458622,0",2022-06-29,quarta-feira,07:10:00,SC,163,"72,2",SAO MIGUEL DO OESTE,Acessar a via sem observar a presença dos outros veículos,Colisão transversal,Com Vítimas Feridas,Pleno dia,Decrescente,Garoa/Chuvisco,Dupla,Reta;Declive,Sim,3,0,1,1,1,0,2,2,-26.71908804,-53.5157791,SPRF-SC,DEL07-SC,UOP03-DEL07-SC,2022
"458632,0",2022-06-29,quarta-feira,05:40:00,SC,282,"489,0",FAXINAL DOS GUEDES,Transitar no acostamento,Colisão frontal,Com Vítimas Feridas,Plena Noite,Decrescente,Nevoeiro/Neblina,Simples,Aclive,Não,2,0,1,1,0,0,2,2,-26.870375,-52.274731,SPRF-SC,DEL07-SC,UOP01-DEL07-SC,2022
"458654,0",2022-06-29,quarta-feira,12:00:00,SC,101,"415,3",ARARANGUA,Acessar a via sem observar a presença dos outros veículos,Colisão transversal,Com Vítimas Feridas,Pleno dia,Decrescente,Céu Claro,Simples,Reta,Sim,2,0,2,0,0,0,2,2,-28.96736357,-49.52328801,SPRF-SC,DEL02-SC,UOP02-DEL02-SC,2022
"458672,0",2022-06-29,quarta-feira,13:00:00,SC,470,"122,7",IBIRAMA,Velocidade Incompatível,Tombamento,Com Vítimas Feridas,Pleno dia,Crescente,Sol,Simples,Aclive;Curva,Não,1,0,1,0,0,0,1,1,-27.10604733,-49.52207565,SPRF-SC,DEL04-SC,UOP02-DEL04-SC,2022
"458678,0",2022-06-29,quarta-feira,14:40:00,SC,101,"216,9",PALHOCA,Reação tardia ou ineficiente do condutor,Colisão traseira,Com Vítimas Feridas,Pleno dia,Crescente,Céu Claro,Dupla,Reta,Sim,2,0,0,1,1,0,1,2,-27.65981409,-48.67747798,SPRF-SC,DEL01-SC,UOP02-DEL01-SC,2022
"458684,0",2022-06-29,quarta-feira,15:20:00,SC,280,"58,5",GUARAMIRIM,Velocidade Incompatível,Colisão traseira,Com Vítimas Feridas,Pleno dia,Decrescente,Céu Claro,Dupla,Reta,Sim,2,0,1,0,1,0,1,2,-26.475298,-48.9880609,SPRF-SC,DEL03-SC,UOP03-DEL03-SC,2022
"458687,0",2022-06-29,quarta-feira,16:00:00,SC,470,"3,0",NAVEGANTES,Acessar a via sem observar a presença dos outros veículos,Colisão frontal,Com Vítimas Feridas,Pleno dia,Decrescente,Céu Claro,Dupla,Em Obras,Sim,4,0,0,1,2,1,1,4,-26.86722383,-48.67642879,SPRF-SC,DEL04-SC,UOP04-DEL04-SC,2022
"458690,0",2022-06-29,quarta-feira,16:20:00,SC,101,"209,8",SAO JOSE,Reação tardia ou ineficiente do condutor,Atropelamento de Pedestre,Com Vítimas Feridas,Pleno dia,Decrescente,Céu Claro,Dupla,Viaduto,Sim,2,0,2,0,0,0,2,2,-27.61000542,-48.63895057,SPRF-SC,DEL01-SC,UOP01-DEL01-SC,2022
"458711,0",2022-06-29,quarta-feira,19:15:00,SC,280,"50,9",GUARAMIRIM,Acessar a via sem observar a presença dos outros veículos,Colisão lateral mesmo sentido,Com Vítimas Feridas,Plena Noite,Crescente,Nublado,Múltipla,Retorno Regulamentado,Sim,3,0,3,0,0,0,3,2,-26.4619489,-48.94618404,SPRF-SC,DEL03-SC,UOP03-DEL03-SC,2022
"458714,0",2022-06-29,quarta-feira,18:30:00,SC,101,"345,1",TUBARAO,Ausência de reação do condutor,Capotamento,Com Vítimas Feridas,Plena Noite,Decrescente,Céu Claro,Dupla,Reta,Não,1,0,1,0,0,0,1,1,-28.54565997,-49.05345334,SPRF-SC,DEL02-SC,UOP01-DEL02-SC,2022
"458722,0",2022-06-29,quarta-feira,18:10:00,SC,470,"60,0",BLUMENAU,Ausência de reação do condutor,Colisão traseira,Com Vítimas Feridas,Anoitecer,Decrescente,Céu Claro,Simples,Reta,Não,2,0,1,0,1,0,1,2,-26.88138,-49.164543,SPRF-SC,DEL04-SC,UOP01-DEL04-SC,2022
"458732,0",2022-06-29,quarta-feira,21:25:00,SC,101,"444,5",SANTA ROSA DO SUL,Transitar na contramão,Colisão lateral mesmo sentido,Com Vítimas Feridas,Plena Noite,Crescente,Nublado,Simples,Interseção de Vias,Sim,2,0,1,0,1,0,1,2,-29.13479517,-49.70645294,SPRF-SC,DEL02-SC,UOP02-DEL02-SC,2022
"458748,0",2022-06-30,quinta-feira,05:15:00,SC,470,"146,9",RIO DO SUL,Ingestão de álcool pelo condutor,Colisão com objeto,Com Vítimas Feridas,Plena Noite,Crescente,Nevoeiro/Neblina,Simples,Reta,Sim,1,0,1,0,0,0,1,1,-27.240673,-49.685822,SPRF-SC,DEL04-SC,UOP02-DEL04-SC,2022
"458757,0",2022-06-30,quinta-feira,07:10:00,SC,470,"56,3",BLUMENAU,Ausência de reação do condutor,Colisão traseira,Com Vítimas Feridas,Amanhecer,Crescente,Nublado,Simples,Reta,Não,2,0,1,0,1,0,1,2,-26.87674,-49.127743,SPRF-SC,DEL04-SC,UOP01-DEL04-SC,2022
"458760,0",2022-06-30,quinta-feira,08:00:00,SC,101,"214,0",PALHOCA,Manobra de mudança de faixa,Colisão lateral mesmo sentido,Com Vítimas Feridas,Pleno dia,Decrescente,Céu Claro,Múltipla,Reta,Sim,2,0,1,0,1,0,1,2,-27.64443,-48.67057,SPRF-SC,DEL01-SC,UOP02-DEL01-SC,2022
"458762,0",2022-06-30,quinta-feira,07:45:00,SC,101,"214,0",PALHOCA,Ausência de reação do condutor,Colisão traseira,Com Vítimas Feridas,Pleno dia,Decrescente,Céu Claro,Múltipla,Reta,Sim,5,0,4,0,1,0,4,5,-27.64443,-48.67057,SPRF-SC,DEL01-SC,UOP02-DEL01-SC,2022
"458764,0",2022-06-30,quinta-feira,06:40:00,SC,101,"218,0",PALHOCA,Ausência de reação do condutor,Colisão lateral sentido oposto,Com Vítimas Feridas,Pleno dia,Crescente,Céu Claro,Simples,Viaduto,Sim,2,0,1,0,1,0,1,2,-27.6758601,-48.67052525,SPRF-SC,DEL01-SC,UOP02-DEL01-SC,2022
"458768,0",2022-06-30,quinta-feira,08:33:00,SC,101,"213,0",PALHOCA,Ultrapassagem Indevida,Colisão lateral mesmo sentido,Com Vítimas Feridas,Pleno dia,Decrescente,Céu Claro,Múltipla,Reta,Não,2,0,1,0,1,0,1,2,-27.63697369,-48.66514142,SPRF-SC,DEL01-SC,UOP02-DEL01-SC,2022
"458770,0",2022-06-30,quinta-feira,07:50:00,SC,101,"25,0",JOINVILLE,Reação tardia ou ineficiente do condutor,Colisão transversal,Com Vítimas Feridas,Pleno dia,Decrescente,Céu Claro,Simples,Interseção de Vias,Sim,2,0,1,0,1,0,1,2,-26.1847073,-48.91074121,SPRF-SC,DEL03-SC,UOP01-DEL03-SC,2022
"458784,0",2022-06-30,quinta-feira,09:15:00,SC,282,"3,5",FLORIANOPOLIS,Manobra de mudança de faixa,Colisão lateral mesmo sentido,Com Vítimas Feridas,Pleno dia,Decrescente,Céu Claro,Múltipla,Reta,Sim,2,0,1,0,1,0,1,2,-27.600384,-48.599705,SPRF-SC,DEL01-SC,UOP01-DEL01-SC,2022
"458789,0",2022-06-30,quinta-feira,10:00:00,SC,101,"197,0",BIGUACU,Condutor deixou de manter distância do veículo da frente,Colisão traseira,Com Vítimas Feridas,Pleno dia,Decrescente,Céu Claro,Múltipla,Reta,Sim,2,0,1,0,1,0,1,2,-27.51844497,-48.63848496,SPRF-SC,DEL01-SC,UOP01-DEL01-SC,2022
"458811,0",2022-06-30,quinta-feira,13:00:00,SC,101,"149,0",ITAPEMA,Avarias e/ou desgaste excessivo no pneu,Tombamento,Com Vítimas Feridas,Pleno dia,Crescente,Céu Claro,Simples,Reta,Sim,2,0,1,0,1,0,1,1,-27.11288239,-48.6105985,SPRF-SC,DEL04-SC,UOP03-DEL04-SC,2022
"458849,0",2022-06-30,quinta-feira,18:40:00,SC,470,"101,0",APIUNA,Ausência de reação do condutor,Saída de leito carroçável,Sem Vítimas,Plena Noite,Crescente,Nublado,Simples,Reta,Não,2,0,0,0,2,0,0,1,-27.058237,-49.390383,SPRF-SC,DEL04-SC,UOP02-DEL04-SC,2022
"458850,0",2022-06-30,quinta-feira,18:30:00,SC,101,"209,4",SAO JOSE,Condutor deixou de manter distância do veículo da frente,Colisão lateral mesmo sentido,Com Vítimas Feridas,Plena Noite,Decrescente,Nublado,Múltipla,Reta,Sim,3,0,1,1,1,0,2,3,-27.61000542,-48.63895057,SPRF-SC,DEL01-SC,UOP01-DEL01-SC,2022
"458862,0",2022-06-30,quinta-feira,16:40:00,SC,101,"296,0",IMBITUBA,Retorno proibido,Colisão transversal,Com Vítimas Feridas,Pleno dia,Decrescente,Céu Claro,Múltipla,Reta,Sim,2,0,0,1,1,0,1,2,-28.32584008,-48.73088837,SPRF-SC,DEL02-SC,UOP03-DEL02-SC,2022
"458869,0",2022-06-30,quinta-feira,20:30:00,SC,101,"158,0",PORTO BELO,Demais falhas mecânicas ou elétricas,Colisão traseira,Com Vítimas Feridas,Plena Noite,Decrescente,Céu Claro,Múltipla,Retorno Regulamentado,Sim,2,0,1,0,1,0,1,2,-27.19096301,-48.61259017,SPRF-SC,DEL04-SC,UOP03-DEL04-SC,2022
"458873,0",2022-06-30,quinta-feira,17:00:00,SC,282,"388,9",JOACABA,Restrição de visibilidade em curvas horizontais,Colisão lateral mesmo sentido,Com Vítimas Feridas,Pleno dia,Crescente,Céu Claro,Simples,Curva;Aclive,Não,2,0,1,0,1,0,1,2,-27.179003,-51.531616,SPRF-SC,DEL07-SC,UOP05-DEL07-SC,2022
"458875,0",2022-06-30,quinta-feira,19:25:00,SC,282,"562,5",NOVA ERECHIM,Ausência de reação do condutor,Saída de leito carroçável,Com Vítimas Feridas,Plena Noite,Crescente,Céu Claro,Simples,Curva,Não,1,0,1,0,0,0,1,1,-26.911108,-52.865475,SPRF-SC,DEL07-SC,UOP02-DEL07-SC,2022
"458918,0",2022-06-30,quinta-feira,21:00:00,SC,282,"133,0",BOM RETIRO,Ausência de reação do condutor,Colisão traseira,Com Vítimas Feridas,Plena Noite,Decrescente,Céu Claro,Simples,Curva,Não,2,0,1,1,0,0,2,1,-27.807491,-49.532272,SPRF-SC,DEL05-SC,UOP01-DEL05-SC,2022
"458921,0",2022-07-01,sexta-feira,07:13:00,SC,101,"39,0",JOINVILLE,Trafegar com motocicleta (ou similar) entre as faixas,Colisão lateral mesmo sentido,Sem Vítimas,Pleno dia,Decrescente,Céu Claro,Dupla,Reta,Sim,2,0,0,0,1,1,0,2,-26.2628107,-48.90192257,SPRF-SC,DEL03-SC,UOP01-DEL03-SC,2022
"458940,0",2022-07-01,sexta-feira,08:00:00,SC,101,"209,8",SAO JOSE,Trafegar com motocicleta (ou similar) entre as faixas,Colisão traseira,Com Vítimas Feridas,Pleno dia,Decrescente,Sol,Múltipla,Reta,Sim,3,0,1,0,2,0,1,3,-27.61000542,-48.63895057,SPRF-SC,DEL01-SC,UOP01-DEL01-SC,2022
"458963,0",2022-07-01,sexta-feira,09:10:00,SC,101,"212,0",PALHOCA,Reação tardia ou ineficiente do condutor,Colisão traseira,Com Vítimas Feridas,Pleno dia,Decrescente,Céu Claro,Múltipla,Reta,Sim,3,0,1,0,2,0,1,2,-27.62996929,-48.65903871,SPRF-SC,DEL01-SC,UOP02-DEL01-SC,2022
"458981,0",2022-06-08,quarta-feira,18:10:00,SC,116,"6,5",MAFRA,Ultrapassagem Indevida,Colisão transversal,Com Vítimas Feridas,Plena Noite,Decrescente,Nublado,Simples,Reta,Sim,3,0,0,1,2,0,1,3,-26.14644691,-49.82305806,SPRF-SC,DEL06-SC,UOP01-DEL06-SC,2022
"458989,0",2022-07-01,sexta-feira,12:30:00,SC,101,"206,0",SAO JOSE,Reação tardia ou ineficiente do condutor,Colisão traseira,Com Vítimas Feridas,Pleno dia,Crescente,Sol,Múltipla,Reta,Sim,2,0,0,1,1,0,1,2,-27.59193546,-48.61824557,SPRF-SC,DEL01-SC,UOP01-DEL01-SC,2022
"458995,0",2022-07-01,sexta-feira,12:50:00,SC,280,"248,0",CANOINHAS,Condutor deixou de manter distância do veículo da frente,Colisão traseira,Com Vítimas Feridas,Pleno dia,Decrescente,Céu Claro,Simples,Reta,Não,2,0,1,0,1,0,1,2,-26.25130977,-50.52296105,SPRF-SC,DEL06-SC,UOP04-DEL06-SC,2022
"458997,0",2022-04-28,quinta-feira,18:15:00,SC,101,"114,0",ITAJAI,Trafegar com motocicleta (ou similar) entre as faixas,Colisão lateral mesmo sentido,Com Vítimas Feridas,Anoitecer,Crescente,Céu Claro,Dupla,Reta,Sim,2,0,1,0,1,0,1,2,-26.862757,-48.728979,SPRF-SC,DEL04-SC,UOP04-DEL04-SC,2022
"459006,0",2022-07-01,sexta-feira,13:45:00,SC,470,"57,0",BLUMENAU,Acesso irregular,Colisão traseira,Com Vítimas Feridas,Pleno dia,Decrescente,Céu Claro,Simples,Reta,Sim,2,0,0,1,1,0,1,2,-26.880428,-49.136532,SPRF-SC,DEL04-SC,UOP01-DEL04-SC,2022
"459011,0",2022-07-01,sexta-feira,08:40:00,SC,282,"448,8",PONTE SERRADA,Pista esburacada,Capotamento,Com Vítimas Feridas,Pleno dia,Crescente,Sol,Simples,Reta,Não,2,0,2,0,0,0,2,1,-26.919491,-51.933693,SPRF-SC,DEL07-SC,UOP04-DEL07-SC,2022
"459013,0",2022-07-01,sexta-feira,12:00:00,SC,282,"461,5",PONTE SERRADA,Acessar a via sem observar a presença dos outros veículos,Colisão transversal,Com Vítimas Feridas,Pleno dia,Crescente,Céu Claro,Simples,Interseção de Vias;Reta,Sim,2,0,2,0,0,0,2,2,-26.86641989,-52.0227313,SPRF-SC,DEL07-SC,UOP04-DEL07-SC,2022
"459029,0",2022-07-01,sexta-feira,16:05:00,SC,282,"610,0",MARAVILHA,Acessar a via sem observar a presença dos outros veículos,Colisão transversal,Sem Vítimas,Pleno dia,Decrescente,Céu Claro,Simples,Curva;Aclive,Não,2,0,0,0,2,0,0,2,-26.756321,-53.230247,SPRF-SC,DEL07-SC,UOP02-DEL07-SC,2022
"459038,0",2022-07-01,sexta-feira,17:15:00,SC,101,"331,6",TUBARAO,Desrespeitar a preferência no cruzamento,Colisão transversal,Com Vítimas Feridas,Anoitecer,Decrescente,Céu Claro,Múltipla,Rotatória;Retorno Regulamentado;Viaduto;Interseção de Vias,Sim,2,0,1,0,1,0,1,2,-28.4655997,-48.995473,SPRF-SC,DEL02-SC,UOP01-DEL02-SC,2022
"459051,0",2022-07-01,sexta-feira,17:59:00,SC,470,"66,3",INDAIAL,Ultrapassagem Indevida,Colisão traseira,Com Vítimas Feridas,Plena Noite,Decrescente,Nublado,Simples,Rotatória,Sim,2,0,1,0,1,0,1,2,-26.87023715,-49.2269853,SPRF-SC,DEL04-SC,UOP01-DEL04-SC,2022
"459056,0",2022-07-01,sexta-feira,14:35:00,SC,116,"187,0",SAO CRISTOVAO DO SUL,Demais falhas mecânicas ou elétricas,Colisão com objeto,Sem Vítimas,Pleno dia,Crescente,Céu Claro,Simples,Curva,Não,2,0,0,0,2,0,0,2,-27.31317577,-50.41977882,SPRF-SC,DEL05-SC,UOP03-DEL05-SC,2022
"459062,0",2022-07-01,sexta-feira,18:45:00,SC,282,"3,5",FLORIANOPOLIS,Condutor deixou de manter distância do veículo da frente,Colisão traseira,Com Vítimas Feridas,Plena Noite,Crescente,Céu Claro,Múltipla,Reta,Sim,2,0,1,0,1,0,1,2,-27.600384,-48.599705,SPRF-SC,DEL01-SC,UOP01-DEL01-SC,2022
"459083,0",2022-07-01,sexta-feira,19:55:00,SC,101,"125,0",ITAJAI,Reação tardia ou ineficiente do condutor,Colisão traseira,Com Vítimas Feridas,Plena Noite,Crescente,Nublado,Dupla,Reta,Não,2,0,1,0,1,0,1,2,-26.94802427,-48.68338515,SPRF-SC,DEL04-SC,UOP04-DEL04-SC,2022
"459119,0",2022-07-01,sexta-feira,23:40:00,SC,282,"530,0",CORDILHEIRA ALTA,Desrespeitar a preferência no cruzamento,Colisão transversal,Com Vítimas Feridas,Plena Noite,Crescente,Céu Claro,Simples,Reta,Não,2,0,1,0,1,0,1,2,-26.986555,-52.60524,SPRF-SC,DEL07-SC,UOP01-DEL07-SC,2022
"459123,0",2022-07-02,sábado,00:10:00,SC,101,"221,8",PALHOCA,Condutor Dormindo,Saída de leito carroçável,Sem Vítimas,Plena Noite,Crescente,Céu Claro,Dupla,Curva,Sim,1,0,0,0,1,0,0,1,-27.70012652,-48.66021182,SPRF-SC,DEL01-SC,UOP02-DEL01-SC,2022
"459126,0",2022-07-02,sábado,01:05:00,SC,470,"86,8",ASCURRA,Ingestão de substâncias psicoativas pelo condutor,Colisão com objeto,Com Vítimas Feridas,Plena Noite,Crescente,Céu Claro,Simples,Reta,Não,1,0,0,1,0,0,1,1,-26.949951,-49.357296,SPRF-SC,DEL04-SC,UOP01-DEL04-SC,2022
"459133,0",2022-07-02,sábado,03:30:00,SC,282,"57,0",RANCHO QUEIMADO,Condutor Dormindo,Saída de leito carroçável,Sem Vítimas,Plena Noite,Decrescente,Céu Claro,Simples,Curva,Não,1,0,0,0,1,0,0,1,-27.688864,-48.998455,SPRF-SC,DEL01-SC,UOP03-DEL01-SC,2022
"459139,0",2022-07-02,sábado,03:00:00,SC,101,"456,8",SAO JOAO DO SUL,Condutor Dormindo,Colisão com objeto,Com Vítimas Feridas,Plena Noite,Crescente,Céu Claro,Dupla,Reta,Não,2,0,1,1,0,0,2,1,-29.23888901,-49.75609303,SPRF-SC,DEL02-SC,UOP02-DEL02-SC,2022