id,data_inversa,dia_semana,horario,uf,br,km,municipio,causa_acidente,tipo_acidente,classificacao_acidente,fase_dia,sentido_via,condicao_metereologica,tipo_pista,tracado_via,uso_solo,pessoas,mortos,feridos_leves,feridos_graves,ilesos,ignorados,feridos,veiculos,latitude,longitude,regional,delegacia,uop,ano_arquivo
"459156,0",2022-07-02,sábado,06:30:00,SC,101,"26,0",JOINVILLE,Mal súbito do condutor,Saída de leito carroçável,Com Vítimas Feridas,Pleno dia,Crescente,Céu Claro,Dupla,Reta,Não,1,0,1,0,0,0,1,1,-26.19234802,-48.91210384,SPRF-SC,DEL03-SC,UOP01-DEL03-SC,2022
"459178,0",2022-07-02,sábado,08:40:00,SC,101,"341,0",TUBARAO,Condutor deixou de manter distância do veículo da frente,Colisão traseira,Com Vítimas Feridas,Pleno dia,Decrescente,Céu Claro,Simples,Reta,Não,2,0,1,0,1,0,1,2,-28.50999405,-49.05070686,SPRF-SC,DEL02-SC,UOP01-DEL02-SC,2022
"459190,0",2022-07-02,sábado,10:15:00,SC,101,"253,9",PAULO LOPES,Manobra de mudança de faixa,Colisão com objeto,Com Vítimas Feridas,Pleno dia,Crescente,Céu Claro,Dupla,Reta,Não,2,0,2,0,0,0,2,1,-27.975626,-48.679581,SPRF-SC,DEL02-SC,UOP03-DEL02-SC,2022
"459210,0",2022-07-02,sábado,07:30:00,SC,101,"445,0",SANTA ROSA DO SUL,Manobra de mudança de faixa,Colisão lateral mesmo sentido,Sem Vítimas,Pleno dia,Crescente,Céu Claro,Dupla,Reta,Sim,2,0,0,0,1,1,0,2,-29.14637058,-49.72326279,SPRF-SC,DEL02-SC,UOP02-DEL02-SC,2022
"459217,0",2022-07-02,sábado,12:00:00,SC,470,"42,0",GASPAR,Conversão proibida,Colisão transversal,Com Vítimas Feridas,Pleno dia,Crescente,Céu Claro,Simples,Em Obras,Não,3,0,1,0,2,0,1,2,-26.875719,-49.003746,SPRF-SC,DEL04-SC,UOP01-DEL04-SC,2022
"459251,0",2022-07-02,sábado,16:27:00,SC,101,"74,5",ARAQUARI,Manobra de mudança de faixa,Colisão lateral mesmo sentido,Com Vítimas Feridas,Pleno dia,Decrescente,Céu Claro,Dupla,Viaduto,Não,2,0,0,1,1,0,1,2,-26.54446209,-48.71214452,SPRF-SC,DEL03-SC,UOP02-DEL03-SC,2022
"459266,0",2022-07-02,sábado,18:30:00,SC,101,"82,4",BARRA VELHA,Ausência de reação do condutor,Saída de leito carroçável,Com Vítimas Feridas,Plena Noite,Crescente,Nublado,Dupla,Reta,Não,2,0,2,0,0,0,2,1,-26.61085222,-48.72204472,SPRF-SC,DEL03-SC,UOP02-DEL03-SC,2022
"459273,0",2022-07-02,sábado,18:40:00,SC,153,"65,4",IRANI,Acessar a via sem observar a presença dos outros veículos,Colisão transversal,Com Vítimas Feridas,Plena Noite,Crescente,Céu Claro,Simples,Reta,Sim,2,0,0,2,0,0,2,2,-27.01798642,-51.88311696,SPRF-SC,DEL07-SC,UOP04-DEL07-SC,2022
"459275,0",2022-07-02,sábado,18:05:00,SC,470,"49,9",BLUMENAU,Entrada inopinada do pedestre,Atropelamento de Pedestre,Com Vítimas Fatais,Plena Noite,Crescente,Nublado,Dupla,Reta,Sim,3,1,0,0,1,1,0,3,-26.859667,-49.073917,SPRF-SC,DEL04-SC,UOP01-DEL04-SC,2022
"459277,0",2022-07-02,sábado,18:00:00,SC,101,"275,6",IMBITUBA,Ingestão de álcool pelo condutor,Colisão com objeto,Sem Vítimas,Anoitecer,Decrescente,Céu Claro,Dupla,Reta,Não,1,0,0,0,1,0,0,1,-28.155018,-48.692543,SPRF-SC,DEL02-SC,UOP03-DEL02-SC,2022
"459278,0",2022-07-02,sábado,18:20:00,SC,116,"220,0",CORREIA PINTO,Acessar a via sem observar a presença dos outros veículos,Colisão transversal,Com Vítimas Feridas,Plena Noite,Decrescente,Céu Claro,Simples,Curva,Sim,3,0,0,2,1,0,2,2,-27.57771319,-50.36993036,SPRF-SC,DEL05-SC,UOP03-DEL05-SC,2022
"459309,0",2022-07-02,sábado,21:15:00,SC,101,"204,1",SAO JOSE,Reação tardia ou ineficiente do condutor,Tombamento,Com Vítimas Feridas,Plena Noite,Crescente,Céu Claro,Múltipla,Reta,Sim,1,0,1,0,0,0,1,1,-27.57413014,-48.61363083,SPRF-SC,DEL01-SC,UOP01-DEL01-SC,2022
"459317,0",2022-07-02,sábado,22:00:00,SC,101,"207,0",SAO JOSE,Reação tardia ou ineficiente do condutor,Colisão traseira,Com Vítimas Feridas,Plena Noite,Crescente,Nublado,Múltipla,Reta,Sim,1,0,1,0,0,0,1,1,-27.60001226,-48.6226467,SPRF-SC,DEL01-SC,UOP01-DEL01-SC,2022
"459319,0",2022-07-02,sábado,21:30:00,SC,470,"67,4",INDAIAL,Ausência de reação do condutor,Colisão traseira,Sem Vítimas,Plena Noite,Crescente,Nublado,Simples,Desvio Temporário;Em Obras;Interseção de Vias,Sim,2,0,0,0,1,1,0,2,-26.87521511,-49.23602343,SPRF-SC,DEL04-SC,UOP01-DEL04-SC,2022
"459326,0",2022-07-02,sábado,20:20:00,SC,282,"581,0",PINHALZINHO,Reação tardia ou ineficiente do condutor,Colisão traseira,Com Vítimas Feridas,Pleno dia,Decrescente,Céu Claro,Simples,Reta,Sim,3,0,0,1,2,0,1,2,-26.83086838,-52.99587965,SPRF-SC,DEL07-SC,UOP02-DEL07-SC,2022
"459327,0",2022-07-02,sábado,17:46:00,SC,282,"90,0",ALFREDO WAGNER,Velocidade Incompatível,Colisão frontal,Com Vítimas Fatais,Anoitecer,Crescente,Céu Claro,Simples,Reta,Não,4,1,0,3,0,0,3,2,-27.683796,-49.222366,SPRF-SC,DEL01-SC,UOP03-DEL01-SC,2022
"459338,0",2022-07-02,sábado,22:30:00,SC,101,"124,0",ITAJAI,Animais na Pista,Atropelamento de Animal,Com Vítimas Feridas,Plena Noite,Decrescente,Nublado,Dupla,Reta,Sim,1,0,1,0,0,0,1,1,-26.94335064,-48.69198648,SPRF-SC,DEL04-SC,UOP04-DEL04-SC,2022
"459346,0",2022-07-02,sábado,22:05:00,SC,280,"80,7",CORUPA,Ausência de reação do condutor,Colisão frontal,Com Vítimas Feridas,Plena Noite,Crescente,Céu Claro,Simples,Aclive,Não,2,0,0,1,1,0,1,2,-26.43589072,-49.24351466,SPRF-SC,DEL06-SC,UOP03-DEL06-SC,2022
"459352,0",2022-07-02,sábado,22:50:00,SC,282,"219,0",LAGES,Ingestão de álcool pelo condutor,Colisão traseira,Sem Vítimas,Plena Noite,Crescente,Céu Claro,Simples,Reta,Não,2,0,0,0,2,0,0,2,-27.795521,-50.323608,SPRF-SC,DEL05-SC,UOP01-DEL05-SC,2022
"459364,0",2022-07-03,domingo,02:45:00,SC,101,"212,5",PALHOCA,Ingestão de álcool pelo condutor,Colisão com objeto,Sem Vítimas,Plena Noite,Crescente,Nublado,Múltipla,Reta,Sim,1,0,0,0,1,0,0,1,-27.63456488,-48.66354346,SPRF-SC,DEL01-SC,UOP02-DEL01-SC,2022
"459371,0",2022-07-03,domingo,04:35:00,SC,101,"211,5",PALHOCA,Ingestão de álcool pelo condutor,Saída de leito carroçável,Com Vítimas Feridas,Plena Noite,Decrescente,Nublado,Dupla,Reta,Sim,2,0,1,0,1,0,1,1,-27.62329313,-48.65245588,SPRF-SC,DEL01-SC,UOP02-DEL01-SC,2022
"459374,0",2022-07-03,domingo,04:30:00,SC,101,"203,7",SAO JOSE,Ingestão de álcool pelo condutor,Colisão com objeto,Com Vítimas Feridas,Plena Noite,Decrescente,Céu Claro,Múltipla,Reta,Sim,4,0,1,1,0,2,2,2,-27.5650044,-48.61460082,SPRF-SC,DEL01-SC,UOP01-DEL01-SC,2022
"459375,0",2022-07-03,domingo,05:00:00,SC,101,"216,9",PALHOCA,Ingestão de álcool pelo condutor,Colisão com objeto,Sem Vítimas,Plena Noite,Crescente,Nublado,Múltipla,Reta,Sim,1,0,0,0,1,0,0,1,-27.667703,-48.67407,SPRF-SC,DEL01-SC,UOP02-DEL01-SC,2022
"459378,0",2022-07-03,domingo,01:40:00,SC,282,"587,0",PINHALZINHO,Reação tardia ou ineficiente do condutor,Saída de leito carroçável,Com Vítimas Feridas,Plena Noite,Decrescente,Céu Claro,Simples,Curva,Não,2,0,2,0,0,0,2,1,-26.830677,-53.04443,SPRF-SC,DEL07-SC,UOP02-DEL07-SC,2022
"459379,0",2022-07-03,domingo,03:50:00,SC,282,"574,3",PINHALZINHO,Velocidade Incompatível,Saída de leito carroçável,Com Vítimas Feridas,Plena Noite,Decrescente,Nublado,Simples,Rotatória,Não,1,0,1,0,0,0,1,1,-26.87445907,-52.95457363,SPRF-SC,DEL07-SC,UOP02-DEL07-SC,2022
"459381,0",2022-07-03,domingo,05:35:00,SC,101,"214,8",PALHOCA,Ingestão de álcool pelo condutor,Saída de leito carroçável,Sem Vítimas,Plena Noite,Decrescente,Nublado,Dupla,Reta,Sim,1,0,0,0,1,0,0,1,-27.64443,-48.67057,SPRF-SC,DEL01-SC,UOP02-DEL01-SC,2022
"459411,0",2022-07-03,domingo,08:40:00,SC,101,"149,0",ITAPEMA,Condutor deixou de manter distância do veículo da frente,Colisão lateral mesmo sentido,Com Vítimas Feridas,Pleno dia,Decrescente,Céu Claro,Dupla,Reta,Sim,2,0,1,0,0,1,1,2,-27.1089649,-48.61277586,SPRF-SC,DEL04-SC,UOP03-DEL04-SC,2022
"459436,0",2022-07-03,domingo,10:10:00,SC,116,"66,7",MONTE CASTELO,Ingestão de álcool pelo condutor,Colisão transversal,Sem Vítimas,Pleno dia,Crescente,Céu Claro,Simples,Aclive,Não,5,0,0,0,5,0,0,2,-26.43345701,-50.22890485,SPRF-SC,DEL06-SC,UOP02-DEL06-SC,2022
"459448,0",2022-07-03,domingo,13:40:00,SC,101,"157,0",PORTO BELO,Condutor deixou de manter distância do veículo da frente,Engavetamento,Com Vítimas Feridas,Pleno dia,Decrescente,Céu Claro,Múltipla,Reta,Não,8,0,1,1,6,0,2,4,-27.181625,-48.6121179,SPRF-SC,DEL04-SC,UOP03-DEL04-SC,2022
"459449,0",2022-07-03,domingo,13:30:00,SC,101,"169,8",TIJUCAS,Demais falhas mecânicas ou elétricas,Tombamento,Com Vítimas Feridas,Pleno dia,Decrescente,Céu Claro,Dupla,Reta,Não,1,0,1,0,0,0,1,1,-27.29522,-48.63123,SPRF-SC,DEL04-SC,UOP03-DEL04-SC,2022
"459456,0",2022-07-03,domingo,15:10:00,SC,101,"79,8",ARAQUARI,Acessar a via sem observar a presença dos outros veículos,Colisão lateral mesmo sentido,Com Vítimas Feridas,Pleno dia,Decrescente,Céu Claro,Dupla,Reta,Não,5,0,3,0,2,0,3,2,-26.59441996,-48.72183309,SPRF-SC,DEL03-SC,UOP02-DEL03-SC,2022
"459476,0",2022-07-03,domingo,16:20:00,SC,282,"6,0",SAO JOSE,Ingestão de substâncias psicoativas pelo condutor,Saída de leito carroçável,Com Vítimas Feridas,Pleno dia,Crescente,Céu Claro,Dupla,Reta,Sim,1,0,0,1,0,0,1,1,-27.591936,-48.618244,SPRF-SC,DEL01-SC,UOP01-DEL01-SC,2022
"459481,0",2022-07-03,domingo,17:05:00,SC,282,"472,5",PONTE SERRADA,Reação tardia ou ineficiente do condutor,Saída de leito carroçável,Com Vítimas Feridas,Pleno dia,Decrescente,Céu Claro,Simples,Reta,Não,2,0,1,0,1,0,1,1,-26.86225652,-52.12073922,SPRF-SC,DEL07-SC,UOP01-DEL07-SC,2022
"459494,0",2022-07-03,domingo,18:40:00,SC,470,"10,0",NAVEGANTES,Acesso irregular,Colisão transversal,Com Vítimas Feridas,Plena Noite,Decrescente,Céu Claro,Simples,Reta;Em Obras,Sim,3,0,1,0,1,1,1,2,-26.833693,-48.73724,SPRF-SC,DEL04-SC,UOP04-DEL04-SC,2022
"459525,0",2022-07-03,domingo,20:30:00,SC,470,"68,3",INDAIAL,Ausência de reação do condutor,Colisão lateral mesmo sentido,Sem Vítimas,Plena Noite,Decrescente,Céu Claro,Simples,Reta,Não,2,0,0,0,1,1,0,2,-26.877615,-49.239231,SPRF-SC,DEL04-SC,UOP01-DEL04-SC,2022
"459545,0",2022-07-03,domingo,18:15:00,SC,280,"128,2",RIO NEGRINHO,Acessar a via sem observar a presença dos outros veículos,Colisão transversal,Com Vítimas Feridas,Plena Noite,Decrescente,Céu Claro,Simples,Declive;Interseção de Vias;Reta,Sim,2,0,0,1,1,0,1,2,-26.24317941,-49.51320018,SPRF-SC,DEL06-SC,UOP03-DEL06-SC,2022
"459547,0",2022-07-03,domingo,21:52:00,SC,282,"222,0",LAGES,Reação tardia ou ineficiente do condutor,Colisão com objeto,Sem Vítimas,Plena Noite,Decrescente,Céu Claro,Simples,Reta,Não,1,0,0,0,0,1,0,1,-27.797739,-50.353409,SPRF-SC,DEL05-SC,UOP01-DEL05-SC,2022
"459572,0",2022-07-03,domingo,21:52:00,SC,116,"5,0",MAFRA,Reação tardia ou ineficiente do condutor,Tombamento,Com Vítimas Feridas,Plena Noite,Crescente,Céu Claro,Simples,Reta;Rotatória,Sim,1,0,1,0,0,0,1,1,-26.1391425,-49.81304169,SPRF-SC,DEL06-SC,UOP01-DEL06-SC,2022
"459577,0",2022-07-04,segunda-feira,00:43:00,SC,101,"55,8",JOINVILLE,Ausência de reação do condutor,Saída de leito carroçável,Com Vítimas Feridas,Plena Noite,Crescente,Céu Claro,Dupla,Curva,Não,1,0,1,0,0,0,1,1,-26.42280898,-48.82977496,SPRF-SC,DEL03-SC,UOP01-DEL03-SC,2022
"459601,0",2022-07-04,segunda-feira,06:40:00,SC,101,"202,0",SAO JOSE,Condutor deixou de manter distância do veículo da frente,Colisão traseira,Com Vítimas Feridas,Amanhecer,Crescente,Nublado,Múltipla,Reta,Sim,2,0,1,0,0,1,1,2,-27.55711595,-48.61897889,SPRF-SC,DEL01-SC,UOP01-DEL01-SC,2022
"459613,0",2022-07-04,segunda-feira,07:15:00,SC,282,"221,0",LAGES,Pista Escorregadia,Saída de leito carroçável,Com Vítimas Feridas,Pleno dia,Crescente,Nevoeiro/Neblina,Simples,Aclive;Curva,Sim,1,0,1,0,0,0,1,1,-27.796358,-50.343426,SPRF-SC,DEL05-SC,UOP01-DEL05-SC,2022
"459620,0",2022-07-04,segunda-feira,07:05:00,SC,470,"172,5",POUSO REDONDO,Ultrapassagem Indevida,Colisão frontal,Com Vítimas Feridas,Pleno dia,Crescente,Garoa/Chuvisco,Simples,Reta,Sim,3,0,2,0,1,0,2,2,-27.257526,-49.909592,SPRF-SC,DEL04-SC,UOP02-DEL04-SC,2022
"459637,0",2022-07-04,segunda-feira,07:00:00,SC,282,"532,5",CORDILHEIRA ALTA,Objeto estático sobre o leito carroçável,Colisão com objeto,Sem Vítimas,Pleno dia,Crescente,Céu Claro,Simples,Curva,Não,3,0,0,0,2,1,0,2,-26.996822,-52.615528,SPRF-SC,DEL07-SC,UOP01-DEL07-SC,2022
"459648,0",2022-05-21,sábado,06:36:00,SC,101,"189,5",BIGUACU,Ausência de reação do condutor,Queda de ocupante de veículo,Com Vítimas Feridas,Amanhecer,Decrescente,Céu Claro,Dupla,Reta,Não,1,0,1,0,0,0,1,1,-27.459393,-48.638914,SPRF-SC,DEL01-SC,UOP01-DEL01-SC,2022
"459690,0",2022-07-04,segunda-feira,15:05:00,SC,101,"257,0",PAULO LOPES,Ausência de reação do condutor,Capotamento,Com Vítimas Feridas,Pleno dia,Decrescente,Nublado,Dupla,Curva,Não,1,0,1,0,0,0,1,1,-27.99701205,-48.68755194,SPRF-SC,DEL02-SC,UOP03-DEL02-SC,2022
"459708,0",2022-07-04,segunda-feira,17:20:00,SC,101,"211,0",PALHOCA,Avarias e/ou desgaste excessivo no pneu,Tombamento,Com Vítimas Feridas,Anoitecer,Decrescente,Nublado,Múltipla,Reta,Sim,1,0,0,1,0,0,1,1,-27.6167305,-48.6457265,SPRF-SC,DEL01-SC,UOP02-DEL01-SC,2022
"459748,0",2022-07-04,segunda-feira,18:20:00,SC,101,"333,9",TUBARAO,Condutor deixou de manter distância do veículo da frente,Colisão traseira,Com Vítimas Feridas,Plena Noite,Crescente,Nublado,Simples,Reta,Sim,2,0,1,0,1,0,1,2,-28.46630107,-48.99653096,SPRF-SC,DEL02-SC,UOP01-DEL02-SC,2022
"459765,0",2022-07-05,terça-feira,02:15:00,SC,282,"612,0",MARAVILHA,Condutor Dormindo,Colisão com objeto,Com Vítimas Feridas,Plena Noite,Crescente,Céu Claro,Múltipla,Curva,Não,1,0,1,0,0,0,1,1,-26.75906,-53.248955,SPRF-SC,DEL07-SC,UOP02-DEL07-SC,2022
"459772,0",2022-07-05,terça-feira,06:00:00,SC,101,"201,0",SAO JOSE,Acessar a via sem observar a presença dos outros veículos,Colisão lateral mesmo sentido,Com Vítimas Feridas,Amanhecer,Crescente,Nublado,Múltipla,Reta,Sim,2,0,1,0,0,1,1,2,-27.54836599,-48.61977975,SPRF-SC,DEL01-SC,UOP01-DEL01-SC,2022
"459783,0",2022-07-05,terça-feira,07:20:00,SC,101,"203,5",SAO JOSE,Velocidade Incompatível,Colisão traseira,Com Vítimas Feridas,Pleno dia,Decrescente,Céu Claro,Múltipla,Reta,Sim,2,0,0,1,1,0,1,2,-27.5650044,-48.61460082,SPRF-SC,DEL01-SC,UOP01-DEL01-SC,2022
"459787,0",2022-07-05,terça-feira,07:20:00,SC,470,"138,8",RIO DO SUL,Conversão proibida,Colisão transversal,Com Vítimas Feridas,Amanhecer,Decrescente,Nevoeiro/Neblina,Simples,Reta,Sim,2,0,1,0,1,0,1,2,-27.19687979,-49.62742786,SPRF-SC,DEL04-SC,UOP02-DEL04-SC,2022
"459790,0",2022-07-05,terça-feira,07:15:00,SC,101,"203,0",SAO JOSE,Pedestre cruzava a pista fora da faixa,Atropelamento de Pedestre,Com Vítimas Feridas,Pleno dia,Decrescente,Céu Claro,Múltipla,Reta,Sim,2,0,1,0,1,0,1,2,-27.5650044,-48.61460082,SPRF-SC,DEL01-SC,UOP01-DEL01-SC,2022
"459792,0",2022-07-05,terça-feira,07:05:00,SC,101,"386,6",ICARA,Desrespeitar a preferência no cruzamento,Colisão frontal,Com Vítimas Feridas,Amanhecer,Crescente,Sol,Múltipla,Reta;Interseção de Vias,Não,3,0,2,1,0,0,3,2,-28.786378,-49.33967,SPRF-SC,DEL02-SC,UOP02-DEL02-SC,2022
"459804,0",2022-07-05,terça-feira,07:00:00,SC,470,"139,0",RIO DO SUL,Manobra de mudança de faixa,Colisão lateral mesmo sentido,Com Vítimas Feridas,Pleno dia,Decrescente,Céu Claro,Múltipla,Reta,Não,2,0,1,0,1,0,1,2,-27.217564,-49.65461,SPRF-SC,DEL04-SC,UOP02-DEL04-SC,2022
"459808,0",2022-07-05,terça-feira,08:30:00,SC,280,"131,4",RIO NEGRINHO,Acessar a via sem observar a presença dos outros veículos,Colisão lateral mesmo sentido,Sem Vítimas,Pleno dia,Decrescente,Céu Claro,Simples,Reta,Não,2,0,0,0,2,0,0,2,-26.25581515,-49.53953493,SPRF-SC,DEL06-SC,UOP03-DEL06-SC,2022
"459811,0",2022-07-05,terça-feira,08:40:00,SC,282,"2,6",FLORIANOPOLIS,Condutor deixou de manter distância do veículo da frente,Colisão traseira,Com Vítimas Feridas,Pleno dia,Decrescente,Céu Claro,Múltipla,Reta,Sim,4,0,2,0,2,0,2,3,-27.603289,-48.590416,SPRF-SC,DEL01-SC,UOP01-DEL01-SC,2022
"459816,0",2022-07-05,terça-feira,07:10:00,SC,101,"436,4",SOMBRIO,Desrespeitar a preferência no cruzamento,Colisão transversal,Com Vítimas Feridas,Amanhecer,Crescente,Nevoeiro/Neblina,Múltipla,Aclive,Sim,2,0,1,0,1,0,1,2,-29.116756,-49.640408,SPRF-SC,DEL02-SC,UOP02-DEL02-SC,2022
"459829,0",2022-07-05,terça-feira,10:50:00,SC,101,"81,0",BARRA VELHA,Ausência de reação do condutor,Colisão transversal,Sem Vítimas,Pleno dia,Crescente,Sol,Dupla,Reta,Não,2,0,0,0,2,0,0,2,-26.60256101,-48.72553524,SPRF-SC,DEL03-SC,UOP02-DEL03-SC,2022
"459895,0",2022-07-05,terça-feira,17:40:00,SC,101,"86,0",BARRA VELHA,Manobra de mudança de faixa,Colisão com objeto,Com Vítimas Feridas,Anoitecer,Decrescente,Céu Claro,Dupla,Reta,Não,2,0,1,0,1,0,1,1,-26.63277317,-48.70232513,SPRF-SC,DEL03-SC,UOP02-DEL03-SC,2022
"459903,0",2022-07-05,terça-feira,18:15:00,SC,116,"248,0",LAGES,Animais na Pista,Atropelamento de Animal,Com Vítimas Feridas,Plena Noite,Crescente,Céu Claro,Simples,Declive,Não,1,0,1,0,0,0,1,1,-27.81994481,-50.37454423,SPRF-SC,DEL05-SC,UOP02-DEL05-SC,2022
"459927,0",2022-07-05,terça-feira,20:20:00,SC,101,"116,0",ITAJAI,Acessar a via sem observar a presença dos outros veículos,Colisão lateral mesmo sentido,Com Vítimas Feridas,Plena Noite,Decrescente,Céu Claro,Dupla,Reta,Sim,2,0,1,0,0,1,1,2,-26.87905605,-48.72603512,SPRF-SC,DEL04-SC,UOP04-DEL04-SC,2022
"459940,0",2022-07-06,quarta-feira,01:30:00,SC,101,"45,0",JOINVILLE,Velocidade Incompatível,Colisão com objeto,Com Vítimas Feridas,Plena Noite,Crescente,Céu Claro,Dupla,Reta,Sim,1,0,0,1,0,0,1,1,-26.32214492,-48.8689509,SPRF-SC,DEL03-SC,UOP01-DEL03-SC,2022
"459955,0",2022-07-06,quarta-feira,06:50:00,SC,282,"531,5",CORDILHEIRA ALTA,Ausência de reação do condutor,Colisão traseira,Com Vítimas Feridas,Pleno dia,Crescente,Céu Claro,Simples,Retorno Regulamentado,Sim,3,0,0,1,2,0,1,2,-26.990747,-52.609776,SPRF-SC,DEL07-SC,UOP01-DEL07-SC,2022
"459960,0",2022-07-06,quarta-feira,06:50:00,SC,101,"123,0",ITAJAI,Reação tardia ou ineficiente do condutor,Queda de ocupante de veículo,Com Vítimas Feridas,Pleno dia,Crescente,Céu Claro,Dupla,Reta,Não,1,0,1,0,0,0,1,1,-26.93668609,-48.69876905,SPRF-SC,DEL04-SC,UOP04-DEL04-SC,2022
"459963,0",2022-07-06,quarta-feira,07:40:00,SC,101,"211,5",PALHOCA,Manobra de mudança de faixa,Colisão lateral mesmo sentido,Com Vítimas Feridas,Pleno dia,Decrescente,Céu Claro,Múltipla,Reta,Sim,2,0,1,0,0,1,1,2,-27.62329313,-48.65245588,SPRF-SC,DEL01-SC,UOP02-DEL01-SC,2022
"459969,0",2022-07-06,quarta-feira,06:50:00,SC,280,"124,1",RIO NEGRINHO,Acessar a via sem observar a presença dos outros veículos,Colisão transversal,Com Vítimas Feridas,Pleno dia,Crescente,Céu Claro,Simples,Reta,Sim,2,0,2,0,0,0,2,2,-26.24130297,-49.47514499,SPRF-SC,DEL06-SC,UOP03-DEL06-SC,2022
"460006,0",2022-07-06,quarta-feira,11:20:00,SC,470,"3,0",NAVEGANTES,Velocidade Incompatível,Colisão traseira,Com Vítimas Feridas,Pleno dia,Crescente,Céu Claro,Dupla,Em Obras,Sim,2,0,1,0,1,0,1,2,-26.861937,-48.681618,SPRF-SC,DEL04-SC,UOP04-DEL04-SC,2022
"460009,0",2022-07-06,quarta-feira,11:30:00,SC,101,"200,1",SAO JOSE,Condutor usando celular,Colisão traseira,Com Vítimas Feridas,Pleno dia,Decrescente,Céu Claro,Dupla,Declive;Reta,Sim,2,0,1,0,1,0,1,2,-27.54018513,-48.62287714,SPRF-SC,DEL01-SC,UOP01-DEL01-SC,2022
"460013,0",2022-07-06,quarta-feira,12:15:00,SC,101,"198,6",SAO JOSE,Ingestão de álcool pelo condutor,Colisão traseira,Sem Vítimas,Pleno dia,Decrescente,Céu Claro,Múltipla,Reta,Sim,2,0,0,0,2,0,0,2,-27.52658712,-48.63506019,SPRF-SC,DEL01-SC,UOP01-DEL01-SC,2022
"460026,0",2022-07-06,quarta-feira,13:00:00,SC,470,"57,9",BLUMENAU,Ausência de reação do condutor,Colisão transversal,Com Vítimas Feridas,Pleno dia,Decrescente,Céu Claro,Simples,Retorno Regulamentado;Reta,Sim,2,0,1,0,1,0,1,2,-26.88412447,-49.14658785,SPRF-SC,DEL04-SC,UOP01-DEL04-SC,2022
"460048,0",2022-07-06,quarta-feira,10:45:00,SC,153,"99,1",CONCORDIA,Acessar a via sem observar a presença dos outros veículos,Colisão transversal,Com Vítimas Feridas,Pleno dia,Crescente,Céu Claro,Simples,Reta,Sim,4,0,3,0,1,0,3,2,-27.24168614,-51.95253253,SPRF-SC,DEL07-SC,UOP04-DEL07-SC,2022
"460071,0",2022-07-06,quarta-feira,17:45:00,SC,280,"128,2",RIO NEGRINHO,Desrespeitar a preferência no cruzamento,Colisão transversal,Sem Vítimas,Anoitecer,Crescente,Nublado,Simples,Reta,Sim,2,0,0,0,2,0,0,2,-26.23943953,-49.50420708,SPRF-SC,DEL06-SC,UOP03-DEL06-SC,2022
"460079,0",2022-07-06,quarta-feira,18:15:00,SC,101,"206,0",SAO JOSE,Manobra de mudança de faixa,Colisão lateral mesmo sentido,Com Vítimas Feridas,Pleno dia,Crescente,Nublado,Múltipla,Reta,Não,2,0,1,0,1,0,1,2,-27.59193546,-48.61824557,SPRF-SC,DEL01-SC,UOP01-DEL01-SC,2022
"460083,0",2022-07-06,quarta-feira,17:45:00,SC,470,"64,9",INDAIAL,Ausência de reação do condutor,Colisão transversal,Com Vítimas Feridas,Anoitecer,Decrescente,Céu Claro,Simples,Reta,Sim,2,0,0,1,1,0,1,2,-26.87050655,-49.21324611,SPRF-SC,DEL04-SC,UOP01-DEL04-SC,2022
"460096,0",2022-07-06,quarta-feira,17:30:00,SC,470,"48,0",BLUMENAU,Avarias e/ou desgaste excessivo no pneu,Tombamento,Com Vítimas Feridas,Anoitecer,Decrescente,Céu Claro,Dupla,Curva,Não,1,0,0,1,0,0,1,1,-26.859823,-49.055393,SPRF-SC,DEL04-SC,UOP01-DEL04-SC,2022
"460106,0",2022-07-06,quarta-feira,18:00:00,SC,101,"25,3",JOINVILLE,Reação tardia ou ineficiente do condutor,Colisão lateral mesmo sentido,Com Vítimas Feridas,Plena Noite,Decrescente,Céu Claro,Dupla,Reta,Sim,2,0,1,0,1,0,1,2,-26.1834739,-48.9105912,SPRF-SC,DEL03-SC,UOP01-DEL03-SC,2022
"460120,0",2022-07-06,quarta-feira,21:00:00,SC,101,"304,8",LAGUNA,Pedestre andava na pista,Atropelamento de Pedestre,Com Vítimas Feridas,Plena Noite,Crescente,Céu Claro,Múltipla,Reta,Não,2,0,0,1,0,1,1,2,-28.39343904,-48.77994061,SPRF-SC,DEL02-SC,UOP03-DEL02-SC,2022
"460134,0",2022-07-07,quinta-feira,02:12:00,SC,101,"203,1",SAO JOSE,Acumulo de areia ou detritos sobre o pavimento,Queda de ocupante de veículo,Com Vítimas Feridas,Plena Noite,Decrescente,Céu Claro,Dupla,Rotatória,Não,1,0,1,0,0,0,1,1,-27.5650044,-48.61460082,SPRF-SC,DEL01-SC,UOP01-DEL01-SC,2022
"460149,0",2022-07-07,quinta-feira,06:40:00,SC,101,"207,8",SAO JOSE,Condutor deixou de manter distância do veículo da frente,Colisão traseira,Com Vítimas Feridas,Pleno dia,Decrescente,Céu Claro,Simples,Reta,Não,4,0,2,0,2,0,2,2,-27.60001226,-48.6226467,SPRF-SC,DEL01-SC,UOP01-DEL01-SC,2022