id,data_inversa,dia_semana,horario,uf,br,km,municipio,causa_acidente,tipo_acidente,classificacao_acidente,fase_dia,sentido_via,condicao_metereologica,tipo_pista,tracado_via,uso_solo,pessoas,mortos,feridos_leves,feridos_graves,ilesos,ignorados,feridos,veiculos,latitude,longitude,regional,delegacia,uop,ano_arquivo
"460154,0",2022-07-07,quinta-feira,06:25:00,SC,470,"137,4",RIO DO SUL,Acessar a via sem observar a presença dos outros veículos,Colisão transversal,Com Vítimas Feridas,Amanhecer,Crescente,Nevoeiro/Neblina,Simples,Aclive,Sim,2,0,1,0,1,0,1,2,-27.203201,-49.635063,SPRF-SC,DEL04-SC,UOP02-DEL04-SC,2022
"460165,0",2022-07-07,quinta-feira,08:05:00,SC,116,"246,0",LAGES,Acessar a via sem observar a presença dos outros veículos,Colisão transversal,Com Vítimas Feridas,Pleno dia,Decrescente,Céu Claro,Simples,Interseção de Vias;Reta,Sim,2,0,1,0,1,0,1,2,-27.80419942,-50.36509464,SPRF-SC,DEL05-SC,UOP02-DEL05-SC,2022
"460221,0",2022-07-07,quinta-feira,13:30:00,SC,470,"173,3",POUSO REDONDO,Desrespeitar a preferência no cruzamento,Colisão transversal,Com Vítimas Feridas,Pleno dia,Decrescente,Céu Claro,Simples,Reta,Sim,4,0,1,2,1,0,3,2,-27.25984,-49.919285,SPRF-SC,DEL04-SC,UOP02-DEL04-SC,2022
"460222,0",2022-07-07,quinta-feira,14:50:00,SC,101,"149,3",ITAPEMA,Acessar a via sem observar a presença dos outros veículos,Colisão frontal,Com Vítimas Feridas,Pleno dia,Decrescente,Céu Claro,Simples,Reta,Sim,2,0,1,0,1,0,1,2,-27.1089649,-48.61277586,SPRF-SC,DEL04-SC,UOP03-DEL04-SC,2022
"460228,0",2022-07-07,quinta-feira,15:50:00,SC,280,"23,5",ARAQUARI,Reação tardia ou ineficiente do condutor,Colisão transversal,Com Vítimas Feridas,Pleno dia,Crescente,Céu Claro,Simples,Reta,Não,2,0,1,0,1,0,1,2,-26.37146,-48.711887,SPRF-SC,DEL03-SC,UOP03-DEL03-SC,2022
"460240,0",2022-07-07,quinta-feira,17:10:00,SC,101,"212,5",PALHOCA,Acessar a via sem observar a presença dos outros veículos,Queda de ocupante de veículo,Com Vítimas Feridas,Pleno dia,Crescente,Céu Claro,Múltipla,Reta,Não,2,0,0,1,1,0,1,2,-27.62996929,-48.65903871,SPRF-SC,DEL01-SC,UOP02-DEL01-SC,2022
"460244,0",2022-07-07,quinta-feira,08:30:00,SC,101,"325,0",CAPIVARI DE BAIXO,Acessar a via sem observar a presença dos outros veículos,Colisão frontal,Com Vítimas Feridas,Pleno dia,Decrescente,Sol,Simples,Interseção de Vias,Sim,2,0,0,1,1,0,1,2,-28.42516271,-48.93259193,SPRF-SC,DEL02-SC,UOP01-DEL02-SC,2022
"460258,0",2022-07-07,quinta-feira,17:20:00,SC,470,"145,0",RIO DO SUL,Acessar a via sem observar a presença dos outros veículos,Colisão transversal,Com Vítimas Feridas,Anoitecer,Crescente,Nublado,Simples,Reta,Não,2,0,0,1,1,0,1,2,-27.232258,-49.67151,SPRF-SC,DEL04-SC,UOP02-DEL04-SC,2022
"460277,0",2022-07-07,quinta-feira,19:45:00,SC,101,"335,0",TUBARAO,Acessar a via sem observar a presença dos outros veículos,Colisão traseira,Com Vítimas Feridas,Plena Noite,Decrescente,Nublado,Dupla,Declive,Sim,2,0,1,0,1,0,1,2,-28.46927473,-49.01557908,SPRF-SC,DEL02-SC,UOP01-DEL02-SC,2022
"460278,0",2022-07-07,quinta-feira,20:30:00,SC,101,"333,0",TUBARAO,Acessar a via sem observar a presença dos outros veículos,Colisão transversal,Com Vítimas Feridas,Plena Noite,Decrescente,Céu Claro,Simples,Interseção de Vias,Sim,2,0,0,1,1,0,1,2,-28.46630107,-48.99653096,SPRF-SC,DEL02-SC,UOP01-DEL02-SC,2022
"460280,0",2022-07-07,quinta-feira,18:20:00,SC,163,"70,8",SAO MIGUEL DO OESTE,Ingestão de álcool pelo condutor,Colisão frontal,Com Vítimas Feridas,Plena Noite,Decrescente,Céu Claro,Dupla,Reta;Interseção de Vias,Sim,5,0,4,0,1,0,4,2,-26.73461723,-53.50680015,SPRF-SC,DEL07-SC,UOP03-DEL07-SC,2022
"460282,0",2022-07-07,quinta-feira,20:08:00,SC,101,"113,4",ITAJAI,Acessar a via sem observar a presença dos outros veículos,Colisão transversal,Com Vítimas Feridas,Plena Noite,Decrescente,Céu Claro,Dupla,Reta,Sim,3,0,1,0,2,0,1,2,-26.85311393,-48.72689927,SPRF-SC,DEL04-SC,UOP04-DEL04-SC,2022
"460287,0",2022-07-07,quinta-feira,20:50:00,SC,101,"108,5",PENHA,Ausência de reação do condutor,Tombamento,Com Vítimas Feridas,Plena Noite,Crescente,Céu Claro,Dupla,Reta,Não,1,0,1,0,0,0,1,1,-26.82606902,-48.69052298,SPRF-SC,DEL03-SC,UOP02-DEL03-SC,2022
"460315,0",2022-07-08,sexta-feira,00:50:00,SC,282,"22,0",SANTO AMARO DA IMPERATRIZ,Ausência de reação do condutor,Queda de ocupante de veículo,Com Vítimas Feridas,Plena Noite,Decrescente,Nublado,Simples,Reta,Sim,1,0,1,0,0,0,1,1,-27.688507,-48.72739,SPRF-SC,DEL01-SC,UOP02-DEL01-SC,2022
"460316,0",2022-07-08,sexta-feira,00:40:00,SC,101,"334,0",TUBARAO,Reação tardia ou ineficiente do condutor,Colisão com objeto,Sem Vítimas,Plena Noite,Decrescente,Nublado,Simples,Reta,Sim,1,0,0,0,1,0,0,1,-28.47159615,-49.02063131,SPRF-SC,DEL02-SC,UOP01-DEL02-SC,2022
"460330,0",2022-07-08,sexta-feira,06:45:00,SC,101,"214,7",PALHOCA,Manobra de mudança de faixa,Colisão lateral mesmo sentido,Com Vítimas Feridas,Pleno dia,Decrescente,Céu Claro,Múltipla,Reta,Sim,3,0,0,1,2,0,1,3,-27.64443,-48.67057,SPRF-SC,DEL01-SC,UOP02-DEL01-SC,2022
"460342,0",2022-07-08,sexta-feira,07:45:00,SC,101,"186,0",BIGUACU,Curva acentuada,Colisão traseira,Com Vítimas Feridas,Pleno dia,Crescente,Céu Claro,Dupla,Curva,Não,2,0,0,1,1,0,1,2,-27.4341098,-48.62567129,SPRF-SC,DEL01-SC,UOP01-DEL01-SC,2022
"460343,0",2022-07-08,sexta-feira,05:45:00,SC,163,"71,4",SAO MIGUEL DO OESTE,Ingestão de álcool pelo condutor,Colisão lateral mesmo sentido,Com Vítimas Feridas,Plena Noite,Decrescente,Céu Claro,Dupla,Reta,Sim,2,0,1,0,1,0,1,2,-26.72772401,-53.51281303,SPRF-SC,DEL07-SC,UOP03-DEL07-SC,2022
"460365,0",2022-07-08,sexta-feira,08:15:00,SC,101,"335,0",TUBARAO,Problema com o freio,Colisão traseira,Com Vítimas Feridas,Pleno dia,Decrescente,Céu Claro,Dupla,Reta,Sim,5,0,1,1,2,1,2,4,-28.46927473,-49.01557908,SPRF-SC,DEL02-SC,UOP01-DEL02-SC,2022
"460404,0",2022-07-08,sexta-feira,11:55:00,SC,280,"55,4",GUARAMIRIM,Frear bruscamente,Colisão com objeto,Com Vítimas Feridas,Pleno dia,Decrescente,Sol,Dupla,Viaduto,Sim,2,0,0,1,0,1,1,2,-26.47584353,-48.9937858,SPRF-SC,DEL03-SC,UOP03-DEL03-SC,2022
"460405,0",2022-07-08,sexta-feira,12:15:00,SC,101,"206,9",SAO JOSE,Reação tardia ou ineficiente do condutor,Engavetamento,Sem Vítimas,Pleno dia,Crescente,Céu Claro,Dupla,Reta,Sim,4,0,0,0,4,0,0,4,-27.59193546,-48.61824557,SPRF-SC,DEL01-SC,UOP01-DEL01-SC,2022
"460406,0",2022-07-08,sexta-feira,10:30:00,SC,101,"289,2",IMBITUBA,Mal súbito do condutor,Queda de ocupante de veículo,Com Vítimas Feridas,Pleno dia,Crescente,Nublado,Dupla,Reta,Sim,2,0,1,1,0,0,2,1,-28.25395282,-48.70289554,SPRF-SC,DEL02-SC,UOP03-DEL02-SC,2022
"460410,0",2022-07-08,sexta-feira,09:45:00,SC,282,"64,4",RANCHO QUEIMADO,Velocidade Incompatível,Tombamento,Com Vítimas Feridas,Pleno dia,Crescente,Céu Claro,Simples,Curva,Não,2,0,0,2,0,0,2,2,-27.696323,-49.052456,SPRF-SC,DEL01-SC,UOP03-DEL01-SC,2022
"460416,0",2022-07-08,sexta-feira,12:15:00,SC,470,"56,0",BLUMENAU,Condutor deixou de manter distância do veículo da frente,Colisão transversal,Com Vítimas Feridas,Pleno dia,Crescente,Céu Claro,Simples,Reta,Sim,2,0,1,0,1,0,1,2,-26.87674,-49.127743,SPRF-SC,DEL04-SC,UOP01-DEL04-SC,2022
"460421,0",2022-07-08,sexta-feira,13:55:00,SC,101,"199,9",SAO JOSE,Condutor deixou de manter distância do veículo da frente,Colisão traseira,Com Vítimas Feridas,Pleno dia,Crescente,Sol,Múltipla,Declive,Sim,3,0,1,0,2,0,1,2,-27.53413705,-48.63003205,SPRF-SC,DEL01-SC,UOP01-DEL01-SC,2022
"460452,0",2022-07-08,sexta-feira,16:50:00,SC,101,"215,7",PALHOCA,Condutor deixou de manter distância do veículo da frente,Colisão traseira,Com Vítimas Feridas,Pleno dia,Crescente,Céu Claro,Dupla,Reta,Sim,2,0,0,1,1,0,1,2,-27.65184843,-48.67604941,SPRF-SC,DEL01-SC,UOP02-DEL01-SC,2022
"460463,0",2022-07-08,sexta-feira,17:45:00,SC,101,"63,0",ARAQUARI,Demais falhas mecânicas ou elétricas,Queda de ocupante de veículo,Com Vítimas Feridas,Plena Noite,Crescente,Céu Claro,Múltipla,Curva,Não,1,0,1,0,0,0,1,1,-26.45898367,-48.7584088,SPRF-SC,DEL03-SC,UOP02-DEL03-SC,2022
"460494,0",2022-07-08,sexta-feira,19:00:00,SC,101,"126,7",ITAJAI,Manobra de mudança de faixa,Colisão lateral mesmo sentido,Com Vítimas Feridas,Plena Noite,Decrescente,Céu Claro,Dupla,Reta,Não,2,0,1,0,1,0,1,2,-26.95564404,-48.67978366,SPRF-SC,DEL04-SC,UOP04-DEL04-SC,2022
"460498,0",2022-07-08,sexta-feira,20:30:00,SC,101,"220,2",PALHOCA,Velocidade Incompatível,Colisão traseira,Com Vítimas Feridas,Plena Noite,Crescente,Céu Claro,Dupla,Reta,Sim,2,0,0,1,1,0,1,2,-27.69198941,-48.66368358,SPRF-SC,DEL01-SC,UOP02-DEL01-SC,2022
"460500,0",2022-06-23,quinta-feira,07:20:00,SC,101,"216,0",PALHOCA,Condutor deixou de manter distância do veículo da frente,Colisão traseira,Com Vítimas Feridas,Pleno dia,Decrescente,Nublado,Múltipla,Rotatória,Não,2,0,1,0,1,0,1,2,-27.65981409,-48.67747798,SPRF-SC,DEL01-SC,UOP02-DEL01-SC,2022
"460508,0",2022-07-08,sexta-feira,19:20:00,SC,282,"386,8",JOACABA,Manobra de mudança de faixa,Colisão transversal,Com Vítimas Feridas,Plena Noite,Decrescente,Céu Claro,Simples,Reta,Não,2,0,1,0,1,0,1,2,-27.19447799,-51.51595473,SPRF-SC,DEL07-SC,UOP05-DEL07-SC,2022
"460514,0",2022-07-08,sexta-feira,20:00:00,SC,470,"53,0",BLUMENAU,Retorno proibido,Colisão transversal,Com Vítimas Feridas,Plena Noite,Decrescente,Céu Claro,Simples,Reta,Sim,2,0,1,0,1,0,1,2,-26.867121,-49.102066,SPRF-SC,DEL04-SC,UOP01-DEL04-SC,2022
"460535,0",2022-07-08,sexta-feira,22:20:00,SC,101,"378,0",ICARA,Desrespeitar a preferência no cruzamento,Colisão transversal,Com Vítimas Feridas,Plena Noite,Decrescente,Céu Claro,Simples,Curva;Retorno Regulamentado;Interseção de Vias,Não,4,0,1,0,3,0,1,2,-28.741853,-49.251657,SPRF-SC,DEL02-SC,UOP02-DEL02-SC,2022
"460569,0",2022-07-09,sábado,02:35:00,SC,101,"98,5",BALNEARIO PICARRAS,Reação tardia ou ineficiente do condutor,Colisão traseira,Com Vítimas Feridas,Plena Noite,Crescente,Céu Claro,Dupla,Reta,Não,4,0,2,0,1,1,2,3,-26.73760897,-48.69918789,SPRF-SC,DEL03-SC,UOP02-DEL03-SC,2022
"460579,0",2022-07-09,sábado,05:20:00,SC,101,"198,9",BIGUACU,Velocidade Incompatível,Atropelamento de Pedestre,Com Vítimas Fatais,Plena Noite,Crescente,Céu Claro,Dupla,Reta,Sim,3,1,0,0,1,1,0,2,-27.533536,-48.630646,SPRF-SC,DEL01-SC,UOP01-DEL01-SC,2022
"460584,0",2022-07-09,sábado,00:10:00,SC,280,"82,0",CORUPA,Ausência de reação do condutor,Colisão frontal,Com Vítimas Feridas,Plena Noite,Decrescente,Céu Claro,Simples,Curva,Sim,2,0,1,0,1,0,1,2,-26.44009491,-49.22605498,SPRF-SC,DEL06-SC,UOP03-DEL06-SC,2022
"460585,0",2022-07-09,sábado,05:05:00,SC,280,"127,0",RIO NEGRINHO,Reação tardia ou ineficiente do condutor,Capotamento,Com Vítimas Feridas,Amanhecer,Crescente,Céu Claro,Simples,Rotatória,Sim,1,0,1,0,0,0,1,1,-26.23943953,-49.50420708,SPRF-SC,DEL06-SC,UOP03-DEL06-SC,2022
"460589,0",2022-07-09,sábado,06:10:00,SC,282,"516,2",XANXERE,Reação tardia ou ineficiente do condutor,Saída de leito carroçável,Com Vítimas Feridas,Plena Noite,Crescente,Céu Claro,Simples,Curva,Não,1,0,1,0,0,0,1,1,-26.930862,-52.499157,SPRF-SC,DEL07-SC,UOP01-DEL07-SC,2022
"460604,0",2022-06-12,domingo,18:50:00,SC,101,"209,3",SAO JOSE,Manobra de mudança de faixa,Colisão lateral mesmo sentido,Com Vítimas Feridas,Plena Noite,Decrescente,Céu Claro,Múltipla,Reta,Sim,2,0,1,0,0,1,1,2,-27.61000542,-48.63895057,SPRF-SC,DEL01-SC,UOP01-DEL01-SC,2022
"460606,0",2022-07-08,sexta-feira,07:40:00,SC,101,"115,8",ITAJAI,Ausência de reação do condutor,Tombamento,Com Vítimas Feridas,Pleno dia,Decrescente,Sol,Dupla,Reta,Não,1,0,1,0,0,0,1,1,-26.87064015,-48.72954134,SPRF-SC,DEL04-SC,UOP04-DEL04-SC,2022
"460618,0",2022-06-23,quinta-feira,14:30:00,SC,101,"430,8",SOMBRIO,Reação tardia ou ineficiente do condutor,Saída de leito carroçável,Com Vítimas Feridas,Pleno dia,Crescente,Nublado,Dupla,Reta,Não,1,0,0,1,0,0,1,1,-29.05578387,-49.62209542,SPRF-SC,DEL02-SC,UOP02-DEL02-SC,2022
"460637,0",2022-07-09,sábado,10:10:00,SC,101,"202,8",SAO JOSE,Ausência de reação do condutor,Colisão traseira,Com Vítimas Feridas,Pleno dia,Crescente,Céu Claro,Múltipla,Aclive,Sim,5,0,2,0,3,0,2,4,-27.56398,-48.61514,SPRF-SC,DEL01-SC,UOP01-DEL01-SC,2022
"460647,0",2022-07-09,sábado,10:50:00,SC,101,"202,8",SAO JOSE,Manobra de mudança de faixa,Colisão traseira,Com Vítimas Feridas,Pleno dia,Crescente,Sol,Dupla,Reta,Sim,3,0,1,0,0,2,1,3,-27.55711595,-48.61897889,SPRF-SC,DEL01-SC,UOP01-DEL01-SC,2022
"460653,0",2022-07-09,sábado,11:00:00,SC,282,"3,8",SAO JOSE,Demais falhas mecânicas ou elétricas,Incêndio,Sem Vítimas,Pleno dia,Crescente,Céu Claro,Múltipla,Reta,Sim,1,0,0,0,1,0,0,1,-27.600384,-48.599705,SPRF-SC,DEL01-SC,UOP01-DEL01-SC,2022
"460662,0",2022-07-09,sábado,11:30:00,SC,101,"114,0",ITAJAI,Reação tardia ou ineficiente do condutor,Colisão traseira,Com Vítimas Feridas,Pleno dia,Crescente,Céu Claro,Múltipla,Reta,Não,2,0,0,1,1,0,1,2,-26.86192886,-48.7286704,SPRF-SC,DEL04-SC,UOP04-DEL04-SC,2022
"460667,0",2022-07-09,sábado,12:30:00,SC,101,"434,7",SOMBRIO,Desrespeitar a preferência no cruzamento,Colisão transversal,Com Vítimas Feridas,Pleno dia,Decrescente,Sol,Múltipla,Interseção de Vias;Viaduto,Sim,4,0,2,0,2,0,2,2,-29.103701,-49.635737,SPRF-SC,DEL02-SC,UOP02-DEL02-SC,2022
"460677,0",2022-07-09,sábado,13:05:00,SC,282,"516,1",XAXIM,Reação tardia ou ineficiente do condutor,Saída de leito carroçável,Com Vítimas Feridas,Pleno dia,Crescente,Céu Claro,Simples,Curva,Não,1,0,1,0,0,0,1,1,-26.930862,-52.499157,SPRF-SC,DEL07-SC,UOP01-DEL07-SC,2022
"460684,0",2022-07-09,sábado,13:50:00,SC,280,"237,0",CANOINHAS,Transitar na contramão,Colisão frontal,Com Vítimas Feridas,Pleno dia,Crescente,Sol,Simples,Curva,Não,5,0,0,1,4,0,1,2,-26.19844599,-50.43216601,SPRF-SC,DEL06-SC,UOP04-DEL06-SC,2022
"460699,0",2022-07-09,sábado,15:40:00,SC,101,"55,8",JOINVILLE,Ausência de reação do condutor,Engavetamento,Com Vítimas Feridas,Pleno dia,Crescente,Céu Claro,Dupla,Reta,Não,4,0,1,0,3,0,1,3,-26.42280898,-48.82977496,SPRF-SC,DEL03-SC,UOP01-DEL03-SC,2022
"460700,0",2022-07-09,sábado,15:45:00,SC,470,"54,5",BLUMENAU,Acessar a via sem observar a presença dos outros veículos,Colisão transversal,Com Vítimas Feridas,Pleno dia,Crescente,Céu Claro,Simples,Reta;Interseção de Vias,Sim,3,0,1,0,1,1,1,3,-26.86538624,-49.09978867,SPRF-SC,DEL04-SC,UOP01-DEL04-SC,2022
"460713,0",2022-07-09,sábado,16:20:00,SC,101,"144,0",ITAPEMA,Avarias e/ou desgaste excessivo no pneu,Engavetamento,Com Vítimas Feridas,Pleno dia,Decrescente,Céu Claro,Dupla,Reta,Sim,4,0,1,0,1,2,1,3,-27.0732659,-48.59672716,SPRF-SC,DEL04-SC,UOP03-DEL04-SC,2022
"460729,0",2022-07-09,sábado,16:45:00,SC,470,"86,0",RODEIO,Ausência de reação do condutor,Colisão lateral sentido oposto,Com Vítimas Feridas,Pleno dia,Crescente,Céu Claro,Simples,Reta,Não,2,0,1,0,0,1,1,2,-26.949951,-49.357296,SPRF-SC,DEL04-SC,UOP01-DEL04-SC,2022
"460737,0",2022-07-09,sábado,18:07:00,SC,280,"47,0",GUARAMIRIM,Ingestão de álcool pelo condutor,Capotamento,Sem Vítimas,Plena Noite,Crescente,Nublado,Simples,Reta,Não,1,0,0,0,0,1,0,1,-26.45353692,-48.917876,SPRF-SC,DEL03-SC,UOP03-DEL03-SC,2022
"460745,0",2022-07-09,sábado,18:50:00,SC,280,"278,8",IRINEOPOLIS,Reação tardia ou ineficiente do condutor,Colisão traseira,Sem Vítimas,Plena Noite,Crescente,Nublado,Simples,Ponte,Não,6,0,0,0,6,0,0,3,-26.29409794,-50.8953774,SPRF-SC,DEL06-SC,UOP04-DEL06-SC,2022
"460752,0",2022-07-09,sábado,19:15:00,SC,116,"246,0",LAGES,Acessar a via sem observar a presença dos outros veículos,Colisão lateral sentido oposto,Com Vítimas Feridas,Plena Noite,Crescente,Céu Claro,Simples,Reta,Sim,1,0,1,0,0,0,1,1,-27.80419942,-50.36509464,SPRF-SC,DEL05-SC,UOP02-DEL05-SC,2022
"460760,0",2022-07-09,sábado,20:50:00,SC,101,"209,9",SAO JOSE,Ingestão de álcool pelo condutor,Capotamento,Com Vítimas Feridas,Plena Noite,Crescente,Céu Claro,Múltipla,Reta,Sim,1,0,1,0,0,0,1,1,-27.61000542,-48.63895057,SPRF-SC,DEL01-SC,UOP01-DEL01-SC,2022
"460772,0",2022-07-09,sábado,18:40:00,SC,282,"527,6",CORDILHEIRA ALTA,Ausência de reação do condutor,Saída de leito carroçável,Com Vítimas Feridas,Plena Noite,Crescente,Céu Claro,Simples,Reta,Não,1,0,0,1,0,0,1,1,-26.973196,-52.583321,SPRF-SC,DEL07-SC,UOP01-DEL07-SC,2022
"460775,0",2022-07-09,sábado,15:00:00,SC,470,"125,0",IBIRAMA,Velocidade Incompatível,Saída de leito carroçável,Com Vítimas Feridas,Pleno dia,Decrescente,Céu Claro,Simples,Curva,Não,1,0,1,0,0,0,1,1,-27.120506,-49.534946,SPRF-SC,DEL04-SC,UOP02-DEL04-SC,2022
"460805,0",2022-07-10,domingo,02:20:00,SC,101,"162,0",TIJUCAS,Velocidade Incompatível,Saída de leito carroçável,Com Vítimas Feridas,Plena Noite,Decrescente,Nublado,Simples,Curva,Sim,2,0,2,0,0,0,2,1,-27.22554009,-48.6279367,SPRF-SC,DEL04-SC,UOP03-DEL04-SC,2022
"460808,0",2022-07-10,domingo,03:20:00,SC,282,"1,6",FLORIANOPOLIS,Condutor deixou de manter distância do veículo da frente,Queda de ocupante de veículo,Com Vítimas Feridas,Plena Noite,Decrescente,Céu Claro,Dupla,Reta,Sim,2,0,1,0,0,1,1,2,-27.602955,-48.580509,SPRF-SC,DEL01-SC,UOP01-DEL01-SC,2022
"460822,0",2022-07-10,domingo,04:55:00,SC,101,"272,8",IMBITUBA,Condutor Dormindo,Tombamento,Com Vítimas Feridas,Plena Noite,Crescente,Céu Claro,Dupla,Reta,Não,1,0,0,1,0,0,1,1,-28.1272647,-48.69456422,SPRF-SC,DEL02-SC,UOP03-DEL02-SC,2022
"460826,0",2022-07-10,domingo,05:30:00,SC,101,"207,2",SAO JOSE,Ingestão de álcool pelo condutor,Tombamento,Com Vítimas Feridas,Plena Noite,Decrescente,Céu Claro,Dupla,Reta,Sim,1,0,1,0,0,0,1,1,-27.60017177,-48.62230892,SPRF-SC,DEL01-SC,UOP01-DEL01-SC,2022
"460831,0",2022-07-10,domingo,05:25:00,SC,101,"458,0",SAO JOAO DO SUL,Velocidade Incompatível,Colisão com objeto,Sem Vítimas,Plena Noite,Crescente,Nevoeiro/Neblina,Dupla,Reta,Não,1,0,0,0,1,0,0,1,-29.24075694,-49.75535784,SPRF-SC,DEL02-SC,UOP02-DEL02-SC,2022
"460836,0",2022-07-09,sábado,18:00:00,SC,280,"7,0",SAO FRANCISCO DO SUL,Ingestão de álcool e/ou substâncias psicoativas pelo pedestre,Colisão traseira,Sem Vítimas,Plena Noite,Crescente,Nublado,Simples,Reta,Sim,3,0,0,0,3,0,0,3,-26.27127101,-48.64129599,SPRF-SC,DEL03-SC,UOP03-DEL03-SC,2022
"460858,0",2022-07-10,domingo,06:00:00,SC,101,"125,7",ITAJAI,Ingestão de álcool pelo condutor,Saída de leito carroçável,Com Vítimas Fatais,Amanhecer,Crescente,Nublado,Múltipla,Reta,Não,1,1,0,0,0,0,0,1,-26.9517375,-48.679754,SPRF-SC,DEL04-SC,UOP04-DEL04-SC,2022
"460862,0",2022-06-12,domingo,05:30:00,SC,101,"73,2",ARAQUARI,Ausência de reação do condutor,Queda de ocupante de veículo,Com Vítimas Feridas,Plena Noite,Decrescente,Céu Claro,Dupla,Reta,Sim,1,0,1,0,0,0,1,1,-26.53567108,-48.71326731,SPRF-SC,DEL03-SC,UOP02-DEL03-SC,2022
"460868,0",2022-07-10,domingo,08:57:00,SC,470,"122,0",IBIRAMA,Condutor deixou de manter distância do veículo da frente,Colisão traseira,Com Vítimas Feridas,Pleno dia,Crescente,Céu Claro,Simples,Reta,Não,3,0,1,0,2,0,1,2,-27.099888,-49.527679,SPRF-SC,DEL04-SC,UOP02-DEL04-SC,2022
"460877,0",2022-07-10,domingo,11:45:00,SC,101,"216,0",PALHOCA,Manobra de mudança de faixa,Colisão transversal,Com Vítimas Feridas,Pleno dia,Crescente,Céu Claro,Múltipla,Interseção de Vias,Sim,3,0,2,1,0,0,3,2,-27.66068132,-48.67718518,SPRF-SC,DEL01-SC,UOP02-DEL01-SC,2022
"460913,0",2022-07-10,domingo,16:20:00,SC,101,"344,6",TUBARAO,Ingestão de álcool pelo condutor,Colisão traseira,Sem Vítimas,Pleno dia,Decrescente,Céu Claro,Múltipla,Reta,Não,3,0,0,0,3,0,0,2,-28.55469964,-49.05410528,SPRF-SC,DEL02-SC,UOP01-DEL02-SC,2022
"460928,0",2022-07-10,domingo,18:00:00,SC,101,"118,0",ITAJAI,Reação tardia ou ineficiente do condutor,Colisão traseira,Com Vítimas Feridas,Anoitecer,Crescente,Nublado,Dupla,Reta,Sim,5,0,1,0,4,0,1,2,-26.895859,-48.71903,SPRF-SC,DEL04-SC,UOP04-DEL04-SC,2022
"460943,0",2022-07-10,domingo,19:37:00,SC,101,"119,0",ITAJAI,Ingestão de álcool pelo condutor,Colisão lateral mesmo sentido,Com Vítimas Feridas,Plena Noite,Decrescente,Nublado,Dupla,Reta,Sim,3,0,2,1,0,0,3,2,-26.9043179,-48.71555481,SPRF-SC,DEL04-SC,UOP04-DEL04-SC,2022
"460945,0",2022-07-10,domingo,18:50:00,SC,280,"54,0",GUARAMIRIM,Velocidade Incompatível,Colisão traseira,Sem Vítimas,Plena Noite,Crescente,Nublado,Simples,Interseção de Vias,Não,2,0,0,0,2,0,0,2,-26.47539893,-48.983748,SPRF-SC,DEL03-SC,UOP03-DEL03-SC,2022
"460946,0",2022-07-10,domingo,18:00:00,SC,282,"89,4",ALFREDO WAGNER,Velocidade Incompatível,Saída de leito carroçável,Com Vítimas Feridas,Anoitecer,Decrescente,Céu Claro,Simples,Curva,Não,2,0,0,2,0,0,2,1,-27.677973,-49.215893,SPRF-SC,DEL01-SC,UOP03-DEL01-SC,2022
"460955,0",2022-07-10,domingo,18:30:00,SC,470,"58,5",BLUMENAU,Ausência de reação do condutor,Colisão lateral mesmo sentido,Com Vítimas Feridas,Plena Noite,Decrescente,Nublado,Simples,Curva,Sim,2,0,0,1,1,0,1,2,-26.88222017,-49.15901184,SPRF-SC,DEL04-SC,UOP01-DEL04-SC,2022
"460991,0",2022-07-10,domingo,18:45:00,SC,101,"54,5",JOINVILLE,Velocidade Incompatível,Engavetamento,Com Vítimas Feridas,Plena Noite,Decrescente,Nublado,Dupla,Reta,Não,5,0,1,0,4,0,1,4,-26.42782401,-48.82636495,SPRF-SC,DEL03-SC,UOP01-DEL03-SC,2022
"461009,0",2022-07-11,segunda-feira,00:15:00,SC,101,"226,6",PALHOCA,Condutor Dormindo,Colisão com objeto,Com Vítimas Feridas,Plena Noite,Decrescente,Céu Claro,Dupla,Reta,Não,2,0,2,0,0,0,2,1,-27.74200001,-48.63806504,SPRF-SC,DEL01-SC,UOP02-DEL01-SC,2022
"461045,0",2022-07-11,segunda-feira,07:47:00,SC,101,"203,0",SAO JOSE,Acumulo de óleo sobre o pavimento,Tombamento,Com Vítimas Feridas,Pleno dia,Decrescente,Céu Claro,Múltipla,Curva,Sim,1,0,1,0,0,0,1,1,-27.5650044,-48.61460082,SPRF-SC,DEL01-SC,UOP01-DEL01-SC,2022
"461050,0",2022-07-11,segunda-feira,07:32:00,SC,101,"325,0",CAPIVARI DE BAIXO,Reação tardia ou ineficiente do condutor,Colisão transversal,Com Vítimas Feridas,Pleno dia,Crescente,Céu Claro,Simples,Reta,Sim,2,0,1,0,1,0,1,2,-28.42516271,-48.93259193,SPRF-SC,DEL02-SC,UOP01-DEL02-SC,2022
"461052,0",2022-07-11,segunda-feira,07:40:00,SC,280,"59,0",GUARAMIRIM,Manobra de mudança de faixa,Colisão lateral mesmo sentido,Com Vítimas Feridas,Pleno dia,Crescente,Nublado,Dupla,Reta,Sim,3,0,2,0,0,1,2,2,-26.47525778,-49.03098916,SPRF-SC,DEL03-SC,UOP03-DEL03-SC,2022
"461082,0",2022-07-11,segunda-feira,11:15:00,SC,101,"199,9",SAO JOSE,Condutor deixou de manter distância do veículo da frente,Colisão traseira,Sem Vítimas,Pleno dia,Crescente,Céu Claro,Múltipla,Reta,Não,2,0,0,0,2,0,0,2,-27.53413705,-48.63003205,SPRF-SC,DEL01-SC,UOP01-DEL01-SC,2022