id,data_inversa,dia_semana,horario,uf,br,km,municipio,causa_acidente,tipo_acidente,classificacao_acidente,fase_dia,sentido_via,condicao_metereologica,tipo_pista,tracado_via,uso_solo,pessoas,mortos,feridos_leves,feridos_graves,ilesos,ignorados,feridos,veiculos,latitude,longitude,regional,delegacia,uop,ano_arquivo
"463220,0",2022-07-21,quinta-feira,06:30:00,SC,282,"224,0",LAGES,Acumulo de areia ou detritos sobre o pavimento,Colisão frontal,Com Vítimas Feridas,Amanhecer,Decrescente,Garoa/Chuvisco,Simples,Curva,Não,3,0,3,0,0,0,3,2,-27.79330063,-50.37209988,SPRF-SC,DEL05-SC,UOP02-DEL05-SC,2022
"463236,0",2022-07-22,sexta-feira,12:45:00,SC,282,"629,0",IRACEMINHA,Acessar a via sem observar a presença dos outros veículos,Colisão traseira,Com Vítimas Feridas,Pleno dia,Decrescente,Céu Claro,Simples,Curva;Aclive,Não,2,0,1,0,1,0,1,2,-26.819656,-53.375282,SPRF-SC,DEL07-SC,UOP02-DEL07-SC,2022
"463252,0",2022-07-22,sexta-feira,16:45:00,SC,101,"131,2",BALNEARIO CAMBORIU,Ultrapassagem Indevida,Colisão lateral mesmo sentido,Com Vítimas Feridas,Pleno dia,Crescente,Nevoeiro/Neblina,Múltipla,Reta,Não,2,0,0,1,1,0,1,2,-26.99064209,-48.66310912,SPRF-SC,DEL04-SC,UOP03-DEL04-SC,2022
"463263,0",2022-07-22,sexta-feira,17:00:00,SC,101,"227,0",PALHOCA,Ausência de reação do condutor,Colisão traseira,Com Vítimas Feridas,Pleno dia,Decrescente,Céu Claro,Dupla,Interseção de Vias,Não,2,0,1,0,1,0,1,2,-27.7509149,-48.63460277,SPRF-SC,DEL01-SC,UOP02-DEL01-SC,2022
"463273,0",2022-07-22,sexta-feira,17:40:00,SC,101,"151,0",ITAPEMA,Manobra de mudança de faixa,Colisão lateral mesmo sentido,Com Vítimas Feridas,Plena Noite,Decrescente,Nevoeiro/Neblina,Dupla,Reta,Sim,2,0,0,1,1,0,1,2,-27.126536,-48.609642,SPRF-SC,DEL04-SC,UOP03-DEL04-SC,2022
"463284,0",2022-07-22,sexta-feira,18:15:00,SC,101,"115,6",ITAJAI,Reação tardia ou ineficiente do condutor,Colisão traseira,Com Vítimas Feridas,Anoitecer,Crescente,Nublado,Dupla,Reta,Sim,3,0,1,0,2,0,1,3,-26.87064015,-48.72954134,SPRF-SC,DEL04-SC,UOP04-DEL04-SC,2022
"463298,0",2022-07-22,sexta-feira,18:20:00,SC,282,"4,0",SAO JOSE,Condutor deixou de manter distância do veículo da frente,Colisão traseira,Com Vítimas Feridas,Anoitecer,Crescente,Nublado,Múltipla,Aclive,Sim,3,0,0,1,2,0,1,3,-27.592646,-48.604034,SPRF-SC,DEL01-SC,UOP01-DEL01-SC,2022
"463304,0",2022-07-22,sexta-feira,19:30:00,SC,280,"31,0",ARAQUARI,Ingestão de álcool pelo condutor,Colisão transversal,Sem Vítimas,Plena Noite,Crescente,Céu Claro,Simples,Interseção de Vias,Não,2,0,0,0,2,0,0,2,-26.41649938,-48.77181215,SPRF-SC,DEL03-SC,UOP03-DEL03-SC,2022
"463309,0",2022-07-22,sexta-feira,18:20:00,SC,101,"347,6",JAGUARUNA,Desrespeitar a preferência no cruzamento,Colisão transversal,Com Vítimas Feridas,Plena Noite,Decrescente,Céu Claro,Simples,Reta;Declive,Não,2,0,0,1,1,0,1,2,-28.56402604,-49.05410532,SPRF-SC,DEL02-SC,UOP01-DEL02-SC,2022
"463328,0",2022-07-22,sexta-feira,18:40:00,SC,101,"54,6",JOINVILLE,Reação tardia ou ineficiente do condutor,Colisão traseira,Com Vítimas Feridas,Plena Noite,Decrescente,Céu Claro,Dupla,Aclive;Reta,Não,6,0,5,0,1,0,5,2,-26.42280898,-48.82977496,SPRF-SC,DEL03-SC,UOP01-DEL03-SC,2022
"463339,0",2022-07-22,sexta-feira,21:10:00,SC,280,"28,6",ARAQUARI,Condutor deixou de manter distância do veículo da frente,Colisão traseira,Com Vítimas Feridas,Plena Noite,Crescente,Nublado,Simples,Reta,Sim,2,0,1,0,1,0,1,2,-26.408273,-48.749833,SPRF-SC,DEL03-SC,UOP03-DEL03-SC,2022
"463342,0",2022-07-22,sexta-feira,19:50:00,SC,470,"67,3",INDAIAL,Conversão proibida,Colisão frontal,Com Vítimas Feridas,Plena Noite,Decrescente,Céu Claro,Simples,Interseção de Vias;Desvio Temporário;Reta;Em Obras,Sim,2,0,0,1,1,0,1,2,-26.872158,-49.23127,SPRF-SC,DEL04-SC,UOP01-DEL04-SC,2022
"463345,0",2022-07-22,sexta-feira,18:40:00,SC,101,"68,9",ARAQUARI,Manobra de mudança de faixa,Saída de leito carroçável,Com Vítimas Feridas,Plena Noite,Decrescente,Nevoeiro/Neblina,Dupla,Reta,Não,1,0,0,1,0,0,1,1,-26.50046658,-48.72946143,SPRF-SC,DEL03-SC,UOP02-DEL03-SC,2022
"463355,0",2022-07-22,sexta-feira,21:45:00,SC,101,"442,9",SANTA ROSA DO SUL,Ingestão de álcool pelo condutor,Colisão com objeto,Sem Vítimas,Plena Noite,Decrescente,Nublado,Dupla,Reta,Não,1,0,0,0,1,0,0,1,-29.12959329,-49.68678391,SPRF-SC,DEL02-SC,UOP02-DEL02-SC,2022
"463360,0",2022-07-22,sexta-feira,23:00:00,SC,470,"72,0",INDAIAL,Ingestão de álcool pelo condutor,Saída de leito carroçável,Com Vítimas Feridas,Plena Noite,Crescente,Nevoeiro/Neblina,Dupla,Curva;Em Obras,Não,1,0,0,1,0,0,1,1,-26.901979,-49.268745,SPRF-SC,DEL04-SC,UOP01-DEL04-SC,2022
"463375,0",2022-07-23,sábado,01:35:00,SC,163,"72,5",SAO MIGUEL DO OESTE,Ausência de reação do condutor,Saída de leito carroçável,Com Vítimas Feridas,Plena Noite,Crescente,Céu Claro,Dupla,Curva,Sim,1,0,0,1,0,0,1,1,-26.7148704,-53.5174942,SPRF-SC,DEL07-SC,UOP03-DEL07-SC,2022
"463382,0",2022-07-23,sábado,02:45:00,SC,470,"166,0",POUSO REDONDO,Ausência de reação do condutor,Capotamento,Com Vítimas Feridas,Plena Noite,Decrescente,Nevoeiro/Neblina,Simples,Reta;Declive,Não,4,0,1,1,2,0,2,1,-27.275208,-49.855125,SPRF-SC,DEL04-SC,UOP02-DEL04-SC,2022
"463385,0",2022-07-23,sábado,03:55:00,SC,282,"507,1",XANXERE,Ingestão de álcool e/ou substâncias psicoativas pelo pedestre,Colisão transversal,Sem Vítimas,Plena Noite,Decrescente,Céu Claro,Dupla,Retorno Regulamentado,Sim,2,0,0,0,2,0,0,2,-26.88595,-52.437821,SPRF-SC,DEL07-SC,UOP01-DEL07-SC,2022
"463386,0",2022-07-23,sábado,05:05:00,SC,101,"134,0",BALNEARIO CAMBORIU,Reação tardia ou ineficiente do condutor,Colisão com objeto,Com Vítimas Fatais,Plena Noite,Crescente,Céu Claro,Múltipla,Reta,Sim,1,1,0,0,0,0,0,1,-27.00218,-48.636433,SPRF-SC,DEL04-SC,UOP03-DEL04-SC,2022
"463388,0",2022-07-23,sábado,05:50:00,SC,101,"214,5",PALHOCA,Estacionar ou parar em local proibido,Colisão traseira,Com Vítimas Feridas,Amanhecer,Decrescente,Céu Claro,Múltipla,Reta,Sim,2,0,1,0,1,0,1,2,-27.64443,-48.67057,SPRF-SC,DEL01-SC,UOP02-DEL01-SC,2022
"463390,0",2022-07-23,sábado,05:50:00,SC,101,"205,0",SAO JOSE,Condutor deixou de manter distância do veículo da frente,Colisão traseira,Com Vítimas Feridas,Amanhecer,Decrescente,Nublado,Múltipla,Reta,Sim,2,0,0,1,1,0,1,2,-27.591313,-48.617855,SPRF-SC,DEL01-SC,UOP01-DEL01-SC,2022
"463393,0",2022-07-23,sábado,05:00:00,SC,282,"44,9",AGUAS MORNAS,Ausência de reação do condutor,Saída de leito carroçável,Sem Vítimas,Amanhecer,Crescente,Céu Claro,Simples,Aclive;Reta,Não,1,0,0,0,1,0,0,1,-27.722137,-48.90694,SPRF-SC,DEL01-SC,UOP03-DEL01-SC,2022
"463423,0",2022-07-23,sábado,10:20:00,SC,101,"192,0",BIGUACU,Obras na pista,Queda de ocupante de veículo,Com Vítimas Feridas,Pleno dia,Decrescente,Céu Claro,Dupla,Reta,Sim,1,0,1,0,0,0,1,1,-27.48443781,-48.64765238,SPRF-SC,DEL01-SC,UOP01-DEL01-SC,2022
"463443,0",2022-07-23,sábado,11:10:00,SC,101,"24,0",JOINVILLE,Mal súbito do condutor,Colisão com objeto,Com Vítimas Feridas,Pleno dia,Decrescente,Céu Claro,Simples,Reta,Sim,1,0,1,0,0,0,1,1,-26.17483309,-48.90767978,SPRF-SC,DEL03-SC,UOP01-DEL03-SC,2022
"463461,0",2022-07-23,sábado,13:40:00,SC,101,"204,0",SAO JOSE,Ausência de reação do condutor,Queda de ocupante de veículo,Com Vítimas Feridas,Pleno dia,Decrescente,Céu Claro,Dupla,Reta,Sim,1,0,1,0,0,0,1,1,-27.57413014,-48.61363083,SPRF-SC,DEL01-SC,UOP01-DEL01-SC,2022
"463469,0",2022-07-23,sábado,13:30:00,SC,470,"41,9",BLUMENAU,Ultrapassagem Indevida,Colisão lateral sentido oposto,Com Vítimas Feridas,Pleno dia,Crescente,Céu Claro,Dupla,Curva,Não,4,0,0,1,2,1,1,3,-26.882343,-48.996975,SPRF-SC,DEL04-SC,UOP01-DEL04-SC,2022
"463470,0",2022-07-23,sábado,13:15:00,SC,101,"266,0",PAULO LOPES,Desrespeitar a preferência no cruzamento,Colisão transversal,Com Vítimas Feridas,Pleno dia,Decrescente,Céu Claro,Simples,Declive,Sim,3,0,0,2,1,0,2,2,-28.06847808,-48.71463931,SPRF-SC,DEL02-SC,UOP03-DEL02-SC,2022
"463476,0",2022-07-23,sábado,11:10:00,SC,153,"106,0",CONCORDIA,Pista esburacada,Tombamento,Com Vítimas Feridas,Pleno dia,Decrescente,Céu Claro,Simples,Curva,Não,2,0,2,0,0,0,2,1,-27.291899,-51.97433,SPRF-SC,DEL07-SC,UOP04-DEL07-SC,2022
"463480,0",2022-07-23,sábado,15:10:00,SC,282,"4,3",FLORIANOPOLIS,Reação tardia ou ineficiente do condutor,Colisão traseira,Com Vítimas Feridas,Pleno dia,Decrescente,Céu Claro,Múltipla,Reta,Sim,2,0,0,1,1,0,1,2,-27.592646,-48.604034,SPRF-SC,DEL01-SC,UOP01-DEL01-SC,2022
"463489,0",2022-07-23,sábado,16:00:00,SC,101,"93,5",BARRA VELHA,Reação tardia ou ineficiente do condutor,Queda de ocupante de veículo,Com Vítimas Feridas,Pleno dia,Decrescente,Nublado,Dupla,Curva,Não,1,0,1,0,0,0,1,1,-26.6899011,-48.69663873,SPRF-SC,DEL03-SC,UOP02-DEL03-SC,2022
"463502,0",2022-07-23,sábado,17:20:00,SC,470,"127,5",LONTRAS,Conversão proibida,Colisão transversal,Com Vítimas Feridas,Plena Noite,Decrescente,Céu Claro,Simples,Curva,Sim,5,0,3,1,1,0,4,2,-27.14408411,-49.54898726,SPRF-SC,DEL04-SC,UOP02-DEL04-SC,2022
"463515,0",2022-07-23,sábado,15:40:00,SC,282,"383,1",HERVAL DOESTE,Acessar a via sem observar a presença dos outros veículos,Colisão lateral mesmo sentido,Com Vítimas Feridas,Pleno dia,Crescente,Céu Claro,Simples,Curva,Não,2,0,2,0,0,0,2,2,-27.200508,-51.507919,SPRF-SC,DEL07-SC,UOP05-DEL07-SC,2022
"463518,0",2022-07-23,sábado,18:30:00,SC,282,"213,9",LAGES,Deixar de acionar o farol da motocicleta (ou similar),Colisão transversal,Com Vítimas Feridas,Plena Noite,Crescente,Céu Claro,Simples,Reta,Não,2,0,1,0,1,0,1,2,-27.785299,-50.261921,SPRF-SC,DEL05-SC,UOP01-DEL05-SC,2022
"463533,0",2022-07-23,sábado,20:00:00,SC,280,"50,4",GUARAMIRIM,Ausência de reação do condutor,Colisão com objeto,Com Vítimas Feridas,Plena Noite,Crescente,Garoa/Chuvisco,Simples,Reta,Não,1,0,1,0,0,0,1,1,-26.4619489,-48.94618404,SPRF-SC,DEL03-SC,UOP03-DEL03-SC,2022
"463543,0",2022-07-23,sábado,20:40:00,SC,101,"213,0",PALHOCA,Condutor usando celular,Colisão traseira,Com Vítimas Feridas,Plena Noite,Decrescente,Chuva,Múltipla,Reta,Sim,2,0,1,0,1,0,1,2,-27.63697369,-48.66514142,SPRF-SC,DEL01-SC,UOP02-DEL01-SC,2022
"463544,0",2022-07-23,sábado,17:54:00,SC,480,"130,5",CHAPECO,Retorno proibido,Queda de ocupante de veículo,Com Vítimas Feridas,Pleno dia,Decrescente,Céu Claro,Simples,Interseção de Vias,Sim,3,0,1,0,2,0,1,2,-27.05534298,-52.63652069,SPRF-SC,DEL07-SC,UOP01-DEL07-SC,2022
"463553,0",2022-07-23,sábado,22:20:00,SC,101,"216,0",PALHOCA,Velocidade Incompatível,Queda de ocupante de veículo,Com Vítimas Feridas,Plena Noite,Decrescente,Ignorado,Simples,Reta,Não,1,0,1,0,0,0,1,1,-27.65981409,-48.67747798,SPRF-SC,DEL01-SC,UOP02-DEL01-SC,2022
"463554,0",2022-07-23,sábado,22:18:00,SC,101,"208,2",SAO JOSE,Avarias e/ou desgaste excessivo no pneu,Tombamento,Com Vítimas Feridas,Plena Noite,Crescente,Nublado,Múltipla,Aclive,Sim,2,0,1,0,1,0,1,1,-27.60327979,-48.63201818,SPRF-SC,DEL01-SC,UOP01-DEL01-SC,2022
"463559,0",2022-07-23,sábado,22:00:00,SC,282,"16,0",PALHOCA,Falta de elemento de contenção que evite a saída do leito carroçável,Saída de leito carroçável,Com Vítimas Feridas,Plena Noite,Decrescente,Céu Claro,Simples,Reta,Sim,1,0,0,1,0,0,1,1,-27.658611,-48.681847,SPRF-SC,DEL01-SC,UOP02-DEL01-SC,2022
"463561,0",2022-07-23,sábado,21:50:00,SC,282,"515,9",XAXIM,Ingestão de álcool pelo condutor,Saída de leito carroçável,Sem Vítimas,Plena Noite,Decrescente,Céu Claro,Simples,Curva,Não,1,0,0,0,1,0,0,1,-26.91620545,-52.49117823,SPRF-SC,DEL07-SC,UOP01-DEL07-SC,2022
"463579,0",2022-07-24,domingo,00:49:00,SC,101,"102,6",BALNEARIO PICARRAS,Pedestre andava na pista,Atropelamento de Pedestre,Com Vítimas Fatais,Plena Noite,Crescente,Ignorado,Múltipla,Reta,Sim,2,1,0,0,0,1,0,2,-26.7794236,-48.6847232,SPRF-SC,DEL03-SC,UOP02-DEL03-SC,2022
"463594,0",2022-07-24,domingo,01:00:00,SC,282,"385,9",JOACABA,Ingestão de álcool pelo condutor,Saída de leito carroçável,Sem Vítimas,Plena Noite,Decrescente,Céu Claro,Simples,Declive;Curva,Não,1,0,0,0,1,0,0,1,-27.19450662,-51.51601911,SPRF-SC,DEL07-SC,UOP05-DEL07-SC,2022
"463608,0",2022-07-24,domingo,05:15:00,SC,116,"238,0",LAGES,Ingestão de álcool pelo condutor,Saída de leito carroçável,Com Vítimas Feridas,Plena Noite,Decrescente,Céu Claro,Simples,Aclive,Não,1,0,0,1,0,0,1,1,-27.739808,-50.33545902,SPRF-SC,DEL05-SC,UOP01-DEL05-SC,2022
"463609,0",2022-07-24,domingo,04:30:00,SC,116,"224,7",CORREIA PINTO,Velocidade Incompatível,Saída de leito carroçável,Sem Vítimas,Plena Noite,Crescente,Nevoeiro/Neblina,Simples,Curva,Não,1,0,0,0,0,1,0,1,-27.61065825,-50.35094133,SPRF-SC,DEL05-SC,UOP03-DEL05-SC,2022
"463655,0",2022-07-24,domingo,10:40:00,SC,101,"262,8",GAROPABA,Ingestão de álcool pelo condutor,Saída de leito carroçável,Com Vítimas Feridas,Pleno dia,Decrescente,Céu Claro,Dupla,Reta,Não,2,0,2,0,0,0,2,1,-28.044476,-48.713988,SPRF-SC,DEL02-SC,UOP03-DEL02-SC,2022
"463666,0",2022-07-24,domingo,08:12:00,SC,101,"10,0",GARUVA,Ingestão de álcool pelo condutor,Saída de leito carroçável,Com Vítimas Feridas,Pleno dia,Decrescente,Nublado,Simples,Interseção de Vias,Não,1,0,1,0,0,0,1,1,-26.06618954,-48.85980606,SPRF-SC,DEL03-SC,UOP01-DEL03-SC,2022
"463667,0",2022-07-24,domingo,11:40:00,SC,470,"323,0",CAMPOS NOVOS,Acessar a via sem observar a presença dos outros veículos,Colisão transversal,Com Vítimas Feridas,Pleno dia,Decrescente,Céu Claro,Simples,Reta,Não,4,0,2,0,2,0,2,2,-27.438557,-51.244228,SPRF-SC,DEL07-SC,UOP06-DEL07-SC,2022
"463679,0",2022-07-24,domingo,12:35:00,SC,101,"434,0",SOMBRIO,Acessar a via sem observar a presença dos outros veículos,Colisão transversal,Com Vítimas Feridas,Pleno dia,Decrescente,Céu Claro,Dupla,Reta,Não,4,0,0,1,3,0,1,2,-29.09075196,-49.63226114,SPRF-SC,DEL02-SC,UOP02-DEL02-SC,2022
"463690,0",2022-07-24,domingo,11:00:00,SC,282,"446,0",PONTE SERRADA,Pista esburacada,Colisão com objeto,Com Vítimas Feridas,Pleno dia,Decrescente,Céu Claro,Simples,Reta;Aclive,Não,4,0,0,1,3,0,1,1,-26.910217,-51.914951,SPRF-SC,DEL07-SC,UOP04-DEL07-SC,2022
"463693,0",2022-07-24,domingo,13:30:00,SC,470,"54,4",BLUMENAU,Desrespeitar a preferência no cruzamento,Colisão transversal,Com Vítimas Feridas,Pleno dia,Crescente,Céu Claro,Simples,Reta,Sim,2,0,1,0,1,0,1,2,-26.871065,-49.110374,SPRF-SC,DEL04-SC,UOP01-DEL04-SC,2022
"463709,0",2022-07-24,domingo,15:50:00,SC,280,"52,3",GUARAMIRIM,Ingestão de álcool pelo condutor,Colisão traseira,Com Vítimas Feridas,Pleno dia,Crescente,Céu Claro,Simples,Reta,Sim,2,0,1,0,1,0,1,2,-26.468904,-48.96492,SPRF-SC,DEL03-SC,UOP03-DEL03-SC,2022
"463714,0",2022-07-24,domingo,16:00:00,SC,282,"26,7",SANTO AMARO DA IMPERATRIZ,Ausência de reação do condutor,Colisão frontal,Sem Vítimas,Pleno dia,Decrescente,Sol,Simples,Reta,Não,2,0,0,0,2,0,0,2,-27.680267,-48.762482,SPRF-SC,DEL01-SC,UOP03-DEL01-SC,2022
"463741,0",2022-07-24,domingo,17:00:00,SC,101,"239,0",PALHOCA,Ingestão de álcool pelo condutor,Colisão frontal,Sem Vítimas,Pleno dia,Decrescente,Céu Claro,Dupla,Curva,Não,2,0,0,0,2,0,0,2,-27.85046883,-48.63955216,SPRF-SC,DEL01-SC,UOP02-DEL01-SC,2022
"463743,0",2022-07-24,domingo,15:00:00,SC,101,"139,0",BALNEARIO CAMBORIU,Ingestão de álcool pelo condutor,Colisão com objeto,Com Vítimas Feridas,Pleno dia,Crescente,Céu Claro,Simples,Viaduto,Sim,2,0,1,1,0,0,2,1,-27.02982303,-48.60115006,SPRF-SC,DEL04-SC,UOP03-DEL04-SC,2022
"463779,0",2022-07-24,domingo,18:00:00,SC,101,"110,9",NAVEGANTES,Ingestão de álcool pelo condutor,Colisão traseira,Sem Vítimas,Anoitecer,Crescente,Céu Claro,Dupla,Reta,Não,2,0,0,0,2,0,0,2,-26.83477,-48.706151,SPRF-SC,DEL04-SC,UOP04-DEL04-SC,2022
"463781,0",2022-07-24,domingo,17:50:00,SC,101,"106,3",PENHA,Manobra de mudança de faixa,Colisão lateral mesmo sentido,Com Vítimas Feridas,Anoitecer,Crescente,Céu Claro,Dupla,Reta,Não,3,0,2,0,1,0,2,2,-26.8114702,-48.68329525,SPRF-SC,DEL03-SC,UOP02-DEL03-SC,2022
"463785,0",2022-07-24,domingo,17:15:00,SC,282,"654,0",SAO MIGUEL DO OESTE,Reação tardia ou ineficiente do condutor,Colisão traseira,Com Vítimas Feridas,Anoitecer,Decrescente,Céu Claro,Simples,Curva,Não,4,0,0,1,1,2,1,3,-26.70017602,-53.53270769,SPRF-SC,DEL07-SC,UOP03-DEL07-SC,2022
"463789,0",2022-07-24,domingo,18:15:00,SC,280,"128,0",RIO NEGRINHO,Reação tardia ou ineficiente do condutor,Colisão frontal,Com Vítimas Feridas,Anoitecer,Crescente,Céu Claro,Simples,Reta,Sim,3,0,1,0,2,0,1,2,-26.24317941,-49.51320018,SPRF-SC,DEL06-SC,UOP03-DEL06-SC,2022
"463792,0",2022-07-24,domingo,18:30:00,SC,116,"226,0",CORREIA PINTO,Acessar a via sem observar a presença dos outros veículos,Colisão transversal,Com Vítimas Feridas,Plena Noite,Decrescente,Céu Claro,Simples,Reta,Não,2,0,0,1,1,0,1,2,-27.627321,-50.34153899,SPRF-SC,DEL05-SC,UOP03-DEL05-SC,2022
"463794,0",2022-07-24,domingo,19:30:00,SC,101,"148,0",ITAPEMA,Condutor deixou de manter distância do veículo da frente,Colisão traseira,Com Vítimas Feridas,Plena Noite,Decrescente,Nublado,Múltipla,Reta,Sim,5,0,1,0,4,0,1,4,-27.10123686,-48.61807962,SPRF-SC,DEL04-SC,UOP03-DEL04-SC,2022
"463804,0",2022-07-24,domingo,16:40:00,SC,282,"180,0",BOCAINA DO SUL,Ultrapassagem Indevida,Saída de leito carroçável,Com Vítimas Feridas,Pleno dia,Crescente,Céu Claro,Simples,Reta,Sim,2,0,1,0,1,0,1,1,-27.742239,-49.939873,SPRF-SC,DEL05-SC,UOP01-DEL05-SC,2022
"463807,0",2022-07-24,domingo,21:20:00,SC,280,"53,2",GUARAMIRIM,Transitar na contramão,Colisão frontal,Com Vítimas Feridas,Plena Noite,Crescente,Céu Claro,Simples,Reta,Sim,3,0,2,1,0,0,3,2,-26.47236756,-48.97426617,SPRF-SC,DEL03-SC,UOP03-DEL03-SC,2022
"463835,0",2022-07-24,domingo,19:00:00,SC,101,"120,6",ITAJAI,Velocidade Incompatível,Colisão lateral sentido oposto,Com Vítimas Feridas,Plena Noite,Crescente,Céu Claro,Simples,Viaduto,Sim,2,0,0,1,1,0,1,2,-26.912758,-48.711998,SPRF-SC,DEL04-SC,UOP04-DEL04-SC,2022
"463854,0",2022-07-24,domingo,23:00:00,SC,470,"153,0",AGRONOMICA,Reação tardia ou ineficiente do condutor,Capotamento,Com Vítimas Feridas,Plena Noite,Decrescente,Nevoeiro/Neblina,Simples,Curva,Não,1,0,1,0,0,0,1,1,-27.27561059,-49.74308968,SPRF-SC,DEL04-SC,UOP02-DEL04-SC,2022
"463890,0",2022-07-25,segunda-feira,07:30:00,SC,101,"143,0",ITAPEMA,Ausência de reação do condutor,Colisão lateral mesmo sentido,Com Vítimas Feridas,Pleno dia,Crescente,Céu Claro,Múltipla,Reta,Sim,2,0,0,1,1,0,1,2,-27.06436,-48.59599405,SPRF-SC,DEL04-SC,UOP03-DEL04-SC,2022
"463893,0",2022-07-25,segunda-feira,07:35:00,SC,101,"143,0",ITAPEMA,Reação tardia ou ineficiente do condutor,Colisão traseira,Com Vítimas Feridas,Pleno dia,Decrescente,Céu Claro,Múltipla,Reta,Sim,2,0,1,0,1,0,1,2,-27.06436,-48.59599405,SPRF-SC,DEL04-SC,UOP03-DEL04-SC,2022
"463918,0",2022-07-25,segunda-feira,08:20:00,SC,101,"324,0",CAPIVARI DE BAIXO,Reação tardia ou ineficiente do condutor,Eventos atípicos,Com Vítimas Feridas,Pleno dia,Crescente,Céu Claro,Dupla,Reta,Sim,1,0,0,1,0,0,1,1,-28.42890047,-48.92285509,SPRF-SC,DEL02-SC,UOP01-DEL02-SC,2022
"463956,0",2022-07-25,segunda-feira,12:00:00,SC,282,"27,0",SANTO AMARO DA IMPERATRIZ,Acessar a via sem observar a presença dos outros veículos,Colisão transversal,Com Vítimas Feridas,Pleno dia,Crescente,Céu Claro,Simples,Curva,Sim,3,0,0,2,1,0,2,2,-27.673981,-48.769676,SPRF-SC,DEL01-SC,UOP03-DEL01-SC,2022
"463979,0",2022-07-25,segunda-feira,12:35:00,SC,470,"68,0",INDAIAL,Objeto estático sobre o leito carroçável,Tombamento,Com Vítimas Feridas,Pleno dia,Decrescente,Nublado,Simples,Ponte;Reta,Sim,1,0,1,0,0,0,1,1,-26.877615,-49.239231,SPRF-SC,DEL04-SC,UOP01-DEL04-SC,2022
"463981,0",2022-07-25,segunda-feira,15:10:00,SC,101,"209,0",SAO JOSE,Manobra de mudança de faixa,Colisão lateral mesmo sentido,Com Vítimas Feridas,Pleno dia,Decrescente,Céu Claro,Dupla,Reta,Sim,3,0,0,1,2,0,1,3,-27.61000542,-48.63895057,SPRF-SC,DEL01-SC,UOP01-DEL01-SC,2022
"463983,0",2022-07-25,segunda-feira,15:45:00,SC,101,"204,2",SAO JOSE,Manobra de mudança de faixa,Colisão lateral mesmo sentido,Com Vítimas Feridas,Pleno dia,Decrescente,Céu Claro,Dupla,Reta,Sim,2,0,1,0,1,0,1,2,-27.57763648,-48.61315196,SPRF-SC,DEL01-SC,UOP01-DEL01-SC,2022
"463988,0",2022-07-25,segunda-feira,14:45:00,SC,101,"317,5",PESCARIA BRAVA,Condutor deixou de manter distância do veículo da frente,Colisão traseira,Com Vítimas Feridas,Pleno dia,Crescente,Céu Claro,Dupla,Reta,Sim,2,0,1,0,1,0,1,2,-28.42708421,-48.85211624,SPRF-SC,DEL02-SC,UOP01-DEL02-SC,2022
"463994,0",2022-07-25,segunda-feira,15:50:00,SC,101,"400,4",MARACAJA,Ausência de reação do condutor,Colisão com objeto,Com Vítimas Feridas,Pleno dia,Crescente,Céu Claro,Dupla,Reta,Não,2,0,1,1,0,0,2,1,-28.84846615,-49.4346268,SPRF-SC,DEL02-SC,UOP02-DEL02-SC,2022
"463998,0",2022-07-25,segunda-feira,17:25:00,SC,470,"65,7",INDAIAL,Ultrapassagem Indevida,Colisão transversal,Com Vítimas Feridas,Anoitecer,Crescente,Céu Claro,Simples,Reta;Em Obras;Rotatória,Sim,2,0,0,1,1,0,1,2,-26.87042856,-49.22167453,SPRF-SC,DEL04-SC,UOP01-DEL04-SC,2022
"464012,0",2022-07-25,segunda-feira,17:00:00,SC,470,"55,2",BLUMENAU,Acesso irregular,Colisão transversal,Com Vítimas Feridas,Pleno dia,Crescente,Céu Claro,Simples,Reta,Sim,3,0,2,0,1,0,2,2,-26.875601,-49.117992,SPRF-SC,DEL04-SC,UOP01-DEL04-SC,2022
"464026,0",2022-07-25,segunda-feira,18:22:00,SC,101,"340,0",TUBARAO,Retorno proibido,Colisão transversal,Com Vítimas Feridas,Anoitecer,Crescente,Céu Claro,Simples,Reta,Sim,3,0,1,2,0,0,3,2,-28.501444,-49.04690399,SPRF-SC,DEL02-SC,UOP01-DEL02-SC,2022
"464030,0",2022-07-25,segunda-feira,20:00:00,SC,101,"269,0",IMBITUBA,Transitar na contramão,Colisão transversal,Com Vítimas Feridas,Plena Noite,Decrescente,Céu Claro,Simples,Interseção de Vias,Não,2,0,1,0,0,1,1,2,-28.09545506,-48.70733857,SPRF-SC,DEL02-SC,UOP03-DEL02-SC,2022
"464034,0",2022-07-25,segunda-feira,19:00:00,SC,163,"78,3",SAO MIGUEL DO OESTE,Ultrapassagem Indevida,Colisão frontal,Com Vítimas Feridas,Plena Noite,Crescente,Céu Claro,Simples,Reta,Não,4,0,1,0,3,0,1,2,-26.667838,-53.51978017,SPRF-SC,DEL07-SC,UOP03-DEL07-SC,2022
"464037,0",2022-07-25,segunda-feira,16:20:00,SC,470,"187,0",POUSO REDONDO,Ausência de reação do condutor,Capotamento,Com Vítimas Feridas,Pleno dia,Decrescente,Nublado,Simples,Curva,Não,1,0,1,0,0,0,1,1,-27.261072,-50.053226,SPRF-SC,DEL04-SC,UOP02-DEL04-SC,2022