id,data_inversa,dia_semana,horario,uf,br,km,municipio,causa_acidente,tipo_acidente,classificacao_acidente,fase_dia,sentido_via,condicao_metereologica,tipo_pista,tracado_via,uso_solo,pessoas,mortos,feridos_leves,feridos_graves,ilesos,ignorados,feridos,veiculos,latitude,longitude,regional,delegacia,uop,ano_arquivo
"464038,0",2022-07-25,segunda-feira,18:00:00,SC,470,"115,6",IBIRAMA,Retorno proibido,Colisão transversal,Com Vítimas Feridas,Anoitecer,Crescente,Céu Claro,Simples,Curva,Não,2,0,1,1,0,0,2,2,-27.080416,-49.485348,SPRF-SC,DEL04-SC,UOP02-DEL04-SC,2022
"464054,0",2022-07-25,segunda-feira,19:10:00,SC,116,"222,0",CORREIA PINTO,Acessar a via sem observar a presença dos outros veículos,Colisão frontal,Com Vítimas Feridas,Plena Noite,Decrescente,Nublado,Simples,Declive,Sim,4,0,0,2,1,1,2,3,-27.602146,-50.355454,SPRF-SC,DEL05-SC,UOP03-DEL05-SC,2022
"464077,0",2022-07-26,terça-feira,07:00:00,SC,101,"358,6",SANGAO,Acessar a via sem observar a presença dos outros veículos,Colisão transversal,Com Vítimas Feridas,Amanhecer,Decrescente,Garoa/Chuvisco,Simples,Interseção de Vias,Não,3,0,1,1,1,0,2,2,-28.662396,-49.111957,SPRF-SC,DEL02-SC,UOP01-DEL02-SC,2022
"464081,0",2022-07-26,terça-feira,07:40:00,SC,101,"28,6",JOINVILLE,Ausência de reação do condutor,Colisão transversal,Com Vítimas Feridas,Pleno dia,Crescente,Nublado,Dupla,Reta,Não,2,0,1,1,0,0,2,2,-26.20697505,-48.91482635,SPRF-SC,DEL03-SC,UOP01-DEL03-SC,2022
"464098,0",2022-07-26,terça-feira,08:15:00,SC,470,"143,0",RIO DO SUL,Conversão proibida,Colisão lateral mesmo sentido,Com Vítimas Feridas,Pleno dia,Crescente,Nublado,Simples,Curva,Sim,2,0,2,0,0,0,2,2,-27.233143,-49.672886,SPRF-SC,DEL04-SC,UOP02-DEL04-SC,2022
"464131,0",2022-07-26,terça-feira,13:40:00,SC,280,"126,1",RIO NEGRINHO,Reação tardia ou ineficiente do condutor,Engavetamento,Com Vítimas Feridas,Pleno dia,Crescente,Céu Claro,Simples,Reta,Sim,5,0,1,0,4,0,1,5,-26.23779604,-49.49427399,SPRF-SC,DEL06-SC,UOP03-DEL06-SC,2022
"464142,0",2022-07-26,terça-feira,16:00:00,SC,101,"205,0",SAO JOSE,Demais falhas mecânicas ou elétricas,Colisão traseira,Com Vítimas Feridas,Pleno dia,Decrescente,Céu Claro,Múltipla,Reta,Sim,3,0,0,1,2,0,1,3,-27.58313237,-48.61532885,SPRF-SC,DEL01-SC,UOP01-DEL01-SC,2022
"464150,0",2022-07-26,terça-feira,16:45:00,SC,101,"123,0",ITAJAI,Acessar a via sem observar a presença dos outros veículos,Colisão transversal,Com Vítimas Feridas,Pleno dia,Decrescente,Nublado,Dupla,Rotatória,Sim,2,0,1,0,1,0,1,2,-26.93668609,-48.69876905,SPRF-SC,DEL04-SC,UOP04-DEL04-SC,2022
"464173,0",2022-07-26,terça-feira,17:25:00,SC,280,"129,0",RIO NEGRINHO,Acessar a via sem observar a presença dos outros veículos,Colisão transversal,Com Vítimas Feridas,Anoitecer,Crescente,Céu Claro,Simples,Reta,Não,7,0,3,0,4,0,3,2,-26.24586437,-49.52284615,SPRF-SC,DEL06-SC,UOP03-DEL06-SC,2022
"464184,0",2022-07-26,terça-feira,18:40:00,SC,101,"307,0",LAGUNA,Acessar a via sem observar a presença dos outros veículos,Colisão frontal,Com Vítimas Feridas,Plena Noite,Decrescente,Céu Claro,Simples,Reta,Sim,3,0,1,2,0,0,3,2,-28.409084,-48.792491,SPRF-SC,DEL02-SC,UOP03-DEL02-SC,2022
"464185,0",2022-07-26,terça-feira,18:30:00,SC,101,"146,0",ITAPEMA,Reação tardia ou ineficiente do condutor,Engavetamento,Com Vítimas Feridas,Plena Noite,Crescente,Nublado,Dupla,Reta,Não,3,0,2,0,1,0,2,3,-27.08666525,-48.60955587,SPRF-SC,DEL04-SC,UOP03-DEL04-SC,2022
"464196,0",2022-07-26,terça-feira,18:23:00,SC,101,"425,0",ARARANGUA,Manobra de mudança de faixa,Colisão transversal,Com Vítimas Feridas,Plena Noite,Crescente,Céu Claro,Dupla,Reta,Não,2,0,1,0,0,1,1,2,-29.02515956,-49.59903359,SPRF-SC,DEL02-SC,UOP02-DEL02-SC,2022
"464198,0",2022-07-26,terça-feira,21:15:00,SC,116,"72,8",MONTE CASTELO,Acessar a via sem observar a presença dos outros veículos,Colisão transversal,Sem Vítimas,Plena Noite,Decrescente,Nublado,Simples,Reta,Não,2,0,0,0,2,0,0,2,-26.48707,-50.23276105,SPRF-SC,DEL06-SC,UOP02-DEL06-SC,2022
"464205,0",2022-07-26,terça-feira,23:45:00,SC,470,"66,0",INDAIAL,Velocidade Incompatível,Saída de leito carroçável,Com Vítimas Feridas,Plena Noite,Decrescente,Céu Claro,Dupla,Interseção de Vias;Curva,Não,1,0,0,1,0,0,1,1,-26.870407,-49.221844,SPRF-SC,DEL04-SC,UOP01-DEL04-SC,2022
"464223,0",2022-07-27,quarta-feira,05:45:00,SC,101,"215,5",PALHOCA,Acessar a via sem observar a presença dos outros veículos,Colisão transversal,Com Vítimas Feridas,Amanhecer,Crescente,Nublado,Múltipla,Interseção de Vias,Sim,2,0,1,0,1,0,1,2,-27.65184843,-48.67604941,SPRF-SC,DEL01-SC,UOP02-DEL01-SC,2022
"464230,0",2022-07-27,quarta-feira,05:20:00,SC,280,"20,0",ARAQUARI,Ausência de reação do condutor,Colisão com objeto,Sem Vítimas,Plena Noite,Crescente,Nublado,Simples,Interseção de Vias,Não,1,0,0,0,1,0,0,1,-26.36990477,-48.68224301,SPRF-SC,DEL03-SC,UOP03-DEL03-SC,2022
"464241,0",2022-07-27,quarta-feira,07:05:00,SC,101,"215,0",PALHOCA,Acessar a via sem observar a presença dos outros veículos,Colisão transversal,Com Vítimas Feridas,Pleno dia,Crescente,Céu Claro,Simples,Reta,Sim,2,0,1,0,1,0,1,2,-27.65184843,-48.67604941,SPRF-SC,DEL01-SC,UOP02-DEL01-SC,2022
"464265,0",2022-07-27,quarta-feira,07:50:00,SC,163,"73,2",SAO MIGUEL DO OESTE,Condutor deixou de manter distância do veículo da frente,Colisão traseira,Com Vítimas Feridas,Pleno dia,Crescente,Sol,Simples,Declive,Sim,2,0,1,0,1,0,1,2,-26.71084646,-53.51502434,SPRF-SC,DEL07-SC,UOP03-DEL07-SC,2022
"464279,0",2022-07-27,quarta-feira,11:40:00,SC,101,"117,3",ITAJAI,Reação tardia ou ineficiente do condutor,Colisão lateral mesmo sentido,Com Vítimas Feridas,Pleno dia,Crescente,Céu Claro,Dupla,Interseção de Vias,Não,2,0,1,0,1,0,1,2,-26.89037125,-48.72206926,SPRF-SC,DEL04-SC,UOP04-DEL04-SC,2022
"464296,0",2022-07-27,quarta-feira,13:40:00,SC,101,"326,0",CAPIVARI DE BAIXO,Reação tardia ou ineficiente do condutor,Colisão com objeto,Com Vítimas Feridas,Pleno dia,Crescente,Céu Claro,Múltipla,Declive;Reta,Sim,1,0,1,0,0,0,1,1,-28.42524483,-48.94302707,SPRF-SC,DEL02-SC,UOP01-DEL02-SC,2022
"464302,0",2022-07-27,quarta-feira,14:30:00,SC,282,"503,0",XANXERE,Ingestão de álcool pelo condutor,Saída de leito carroçável,Sem Vítimas,Pleno dia,Decrescente,Sol,Simples,Reta,Não,1,0,0,0,1,0,0,1,-26.88492,-52.399788,SPRF-SC,DEL07-SC,UOP01-DEL07-SC,2022
"464314,0",2022-07-27,quarta-feira,15:10:00,SC,101,"146,0",ITAPEMA,Manobra de mudança de faixa,Colisão lateral mesmo sentido,Com Vítimas Feridas,Pleno dia,Decrescente,Céu Claro,Simples,Reta,Sim,2,0,1,0,1,0,1,2,-27.08666525,-48.60955587,SPRF-SC,DEL04-SC,UOP03-DEL04-SC,2022
"464345,0",2022-07-27,quarta-feira,18:30:00,SC,101,"119,6",ITAJAI,Manobra de mudança de faixa,Colisão lateral mesmo sentido,Com Vítimas Feridas,Anoitecer,Decrescente,Céu Claro,Múltipla,Reta,Sim,2,0,1,0,1,0,1,2,-26.9043179,-48.71555481,SPRF-SC,DEL04-SC,UOP04-DEL04-SC,2022
"464348,0",2022-07-27,quarta-feira,15:50:00,SC,280,"68,6",JARAGUA DO SUL,Acessar a via sem observar a presença dos outros veículos,Colisão transversal,Com Vítimas Feridas,Pleno dia,Decrescente,Sol,Simples,Reta,Sim,2,0,2,0,0,0,2,2,-26.46748047,-49.11937952,SPRF-SC,DEL03-SC,UOP03-DEL03-SC,2022
"464384,0",2022-07-27,quarta-feira,20:30:00,SC,101,"22,0",JOINVILLE,Velocidade Incompatível,Queda de ocupante de veículo,Com Vítimas Feridas,Plena Noite,Crescente,Céu Claro,Dupla,Reta,Não,2,0,0,1,1,0,1,2,-26.15679993,-48.90786269,SPRF-SC,DEL03-SC,UOP01-DEL03-SC,2022
"464404,0",2022-07-28,quinta-feira,01:00:00,SC,470,"152,5",AGRONOMICA,Ingestão de álcool pelo condutor,Tombamento,Com Vítimas Feridas,Plena Noite,Crescente,Nevoeiro/Neblina,Simples,Reta,Não,1,0,1,0,0,0,1,1,-27.272911,-49.734741,SPRF-SC,DEL04-SC,UOP02-DEL04-SC,2022
"464449,0",2022-07-28,quinta-feira,10:15:00,SC,101,"209,5",SAO JOSE,Condutor deixou de manter distância do veículo da frente,Colisão traseira,Sem Vítimas,Pleno dia,Decrescente,Céu Claro,Dupla,Reta,Não,2,0,0,0,2,0,0,2,-27.61000542,-48.63895057,SPRF-SC,DEL01-SC,UOP01-DEL01-SC,2022
"464450,0",2022-07-28,quinta-feira,10:10:00,SC,101,"88,0",BARRA VELHA,Transitar na contramão,Colisão lateral sentido oposto,Com Vítimas Feridas,Pleno dia,Decrescente,Céu Claro,Simples,Reta,Sim,2,0,0,1,1,0,1,2,-26.65039013,-48.6866802,SPRF-SC,DEL03-SC,UOP02-DEL03-SC,2022
"464457,0",2022-07-28,quinta-feira,11:35:00,SC,101,"201,0",SAO JOSE,Manobra de mudança de faixa,Colisão lateral mesmo sentido,Com Vítimas Feridas,Pleno dia,Crescente,Céu Claro,Dupla,Reta,Não,1,0,1,0,0,0,1,1,-27.54836599,-48.61977975,SPRF-SC,DEL01-SC,UOP01-DEL01-SC,2022
"464461,0",2022-07-28,quinta-feira,07:10:00,SC,282,"531,0",CORDILHEIRA ALTA,Reação tardia ou ineficiente do condutor,Saída de leito carroçável,Sem Vítimas,Pleno dia,Decrescente,Céu Claro,Simples,Reta,Não,1,0,0,0,1,0,0,1,-26.990747,-52.609776,SPRF-SC,DEL07-SC,UOP01-DEL07-SC,2022
"464485,0",2022-07-24,domingo,18:10:00,SC,101,"231,0",PALHOCA,Ausência de reação do condutor,Colisão com objeto,Sem Vítimas,Anoitecer,Crescente,Céu Claro,Dupla,Declive;Curva,Não,1,0,0,0,0,1,0,1,-27.78669984,-48.6356424,SPRF-SC,DEL01-SC,UOP02-DEL01-SC,2022
"464489,0",2022-07-28,quinta-feira,14:45:00,SC,101,"328,8",CAPIVARI DE BAIXO,Avarias e/ou desgaste excessivo no pneu,Queda de ocupante de veículo,Com Vítimas Feridas,Pleno dia,Crescente,Céu Claro,Dupla,Reta,Não,1,0,1,0,0,0,1,1,-28.43648094,-48.95989307,SPRF-SC,DEL02-SC,UOP01-DEL02-SC,2022
"464497,0",2022-07-28,quinta-feira,17:10:00,SC,101,"207,0",SAO JOSE,Manobra de mudança de faixa,Colisão lateral mesmo sentido,Com Vítimas Feridas,Pleno dia,Crescente,Nublado,Múltipla,Reta,Sim,3,0,1,0,2,0,1,2,-27.60001226,-48.6226467,SPRF-SC,DEL01-SC,UOP01-DEL01-SC,2022
"464510,0",2022-07-28,quinta-feira,16:45:00,SC,101,"303,0",LAGUNA,Ausência de reação do condutor,Colisão com objeto,Com Vítimas Feridas,Pleno dia,Decrescente,Sol,Dupla,Aclive,Não,4,0,4,0,0,0,4,1,-28.36149723,-48.74974275,SPRF-SC,DEL02-SC,UOP03-DEL02-SC,2022
"464511,0",2022-07-28,quinta-feira,14:30:00,SC,280,"4,1",SAO FRANCISCO DO SUL,Acesso irregular,Colisão transversal,Com Vítimas Feridas,Pleno dia,Crescente,Céu Claro,Simples,Reta,Sim,3,0,2,0,1,0,2,2,-26.25329566,-48.61916042,SPRF-SC,DEL03-SC,UOP03-DEL03-SC,2022
"464527,0",2022-07-28,quinta-feira,18:45:00,SC,101,"265,0",PAULO LOPES,Desrespeitar a preferência no cruzamento,Colisão frontal,Com Vítimas Feridas,Plena Noite,Decrescente,Céu Claro,Simples,Interseção de Vias,Não,2,0,0,1,1,0,1,2,-28.06001385,-48.71690948,SPRF-SC,DEL02-SC,UOP03-DEL02-SC,2022
"464557,0",2022-07-28,quinta-feira,23:50:00,SC,101,"233,0",PALHOCA,Chuva,Colisão com objeto,Com Vítimas Feridas,Plena Noite,Decrescente,Chuva,Dupla,Reta;Declive,Não,1,0,0,1,0,0,1,1,-27.80376397,-48.63826211,SPRF-SC,DEL01-SC,UOP02-DEL01-SC,2022
"464558,0",2022-07-29,sexta-feira,00:00:00,SC,101,"149,5",ITAPEMA,Pista Escorregadia,Tombamento,Com Vítimas Feridas,Plena Noite,Decrescente,Chuva,Múltipla,Viaduto,Sim,1,0,0,1,0,0,1,1,-27.1089649,-48.61277586,SPRF-SC,DEL04-SC,UOP03-DEL04-SC,2022
"464567,0",2022-07-29,sexta-feira,02:00:00,SC,101,"191,0",BIGUACU,Chuva,Saída de leito carroçável,Com Vítimas Feridas,Plena Noite,Decrescente,Chuva,Dupla,Curva,Sim,2,0,1,0,1,0,1,1,-27.47730273,-48.64127329,SPRF-SC,DEL01-SC,UOP01-DEL01-SC,2022
"464588,0",2022-07-29,sexta-feira,07:00:00,SC,101,"208,0",SAO JOSE,Trafegar com motocicleta (ou similar) entre as faixas,Colisão traseira,Com Vítimas Feridas,Pleno dia,Decrescente,Céu Claro,Dupla,Reta,Sim,3,0,0,2,1,0,2,2,-27.60327979,-48.63201818,SPRF-SC,DEL01-SC,UOP01-DEL01-SC,2022
"464642,0",2022-07-29,sexta-feira,04:00:00,SC,280,"227,0",TRES BARRAS,Reação tardia ou ineficiente do condutor,Saída de leito carroçável,Sem Vítimas,Plena Noite,Crescente,Nublado,Simples,Reta,Não,2,0,0,0,1,1,0,1,-26.18271156,-50.33250707,SPRF-SC,DEL06-SC,UOP04-DEL06-SC,2022
"464668,0",2022-07-29,sexta-feira,13:05:00,SC,101,"354,7",SANGAO,Manobra de mudança de faixa,Colisão lateral mesmo sentido,Com Vítimas Fatais,Pleno dia,Decrescente,Céu Claro,Dupla,Aclive;Reta,Não,7,1,4,0,1,1,4,3,-28.62752035,-49.08392072,SPRF-SC,DEL02-SC,UOP01-DEL02-SC,2022
"464693,0",2022-07-29,sexta-feira,13:00:00,SC,470,"67,5",INDAIAL,Acesso irregular,Colisão transversal,Com Vítimas Feridas,Pleno dia,Crescente,Sol,Simples,Desvio Temporário;Reta;Interseção de Vias,Sim,2,0,0,1,1,0,1,2,-26.872158,-49.23127,SPRF-SC,DEL04-SC,UOP01-DEL04-SC,2022
"464699,0",2022-07-29,sexta-feira,17:00:00,SC,101,"194,8",BIGUACU,Manobra de mudança de faixa,Colisão traseira,Com Vítimas Feridas,Pleno dia,Crescente,Céu Claro,Dupla,Reta,Sim,2,0,0,1,0,1,1,2,-27.5047092,-48.65010819,SPRF-SC,DEL01-SC,UOP01-DEL01-SC,2022
"464700,0",2022-07-29,sexta-feira,12:15:00,SC,282,"223,0",LAGES,Ausência de reação do condutor,Queda de ocupante de veículo,Com Vítimas Feridas,Pleno dia,Crescente,Nublado,Simples,Rotatória,Sim,1,0,1,0,0,0,1,1,-27.80006232,-50.36377279,SPRF-SC,DEL05-SC,UOP01-DEL05-SC,2022
"464701,0",2022-07-29,sexta-feira,16:50:00,SC,101,"194,8",BIGUACU,Ausência de reação do condutor,Colisão transversal,Com Vítimas Feridas,Pleno dia,Crescente,Céu Claro,Simples,Reta,Sim,2,0,1,0,1,0,1,2,-27.49815117,-48.65661236,SPRF-SC,DEL01-SC,UOP01-DEL01-SC,2022
"464703,0",2022-07-29,sexta-feira,14:55:00,SC,101,"134,0",BALNEARIO CAMBORIU,Reação tardia ou ineficiente do condutor,Colisão traseira,Com Vítimas Feridas,Pleno dia,Crescente,Céu Claro,Múltipla,Reta,Sim,2,0,0,1,1,0,1,2,-27.00218,-48.636433,SPRF-SC,DEL04-SC,UOP03-DEL04-SC,2022
"464756,0",2022-07-29,sexta-feira,17:20:00,SC,470,"134,0",RIO DO SUL,Acessar a via sem observar a presença dos outros veículos,Colisão transversal,Com Vítimas Feridas,Pleno dia,Decrescente,Nublado,Simples,Rotatória,Não,2,0,1,0,1,0,1,2,-27.181854,-49.600128,SPRF-SC,DEL04-SC,UOP02-DEL04-SC,2022
"464773,0",2022-07-29,sexta-feira,20:10:00,SC,101,"317,4",PESCARIA BRAVA,Manobra de mudança de faixa,Colisão lateral mesmo sentido,Com Vítimas Feridas,Plena Noite,Crescente,Nublado,Dupla,Curva,Não,3,0,1,0,0,2,1,2,-28.42708421,-48.85211624,SPRF-SC,DEL02-SC,UOP01-DEL02-SC,2022
"464789,0",2022-07-30,sábado,02:20:00,SC,101,"25,9",JOINVILLE,Ingestão de substâncias psicoativas pelo condutor,Colisão com objeto,Com Vítimas Feridas,Plena Noite,Crescente,Nublado,Dupla,Reta,Não,1,0,1,0,0,0,1,1,-26.1834739,-48.9105912,SPRF-SC,DEL03-SC,UOP01-DEL03-SC,2022
"464796,0",2022-07-30,sábado,03:00:00,SC,101,"223,6",PALHOCA,Reação tardia ou ineficiente do condutor,Colisão com objeto,Sem Vítimas,Plena Noite,Crescente,Céu Claro,Dupla,Reta,Sim,1,0,0,0,1,0,0,1,-27.71552634,-48.64881251,SPRF-SC,DEL01-SC,UOP02-DEL01-SC,2022
"464810,0",2022-07-30,sábado,07:00:00,SC,282,"541,0",CHAPECO,Ingestão de álcool e/ou substâncias psicoativas pelo pedestre,Colisão traseira,Sem Vítimas,Pleno dia,Crescente,Nevoeiro/Neblina,Simples,Curva,Não,2,0,0,0,2,0,0,2,-26.997913,-52.697681,SPRF-SC,DEL07-SC,UOP01-DEL07-SC,2022
"464818,0",2022-07-30,sábado,07:45:00,SC,101,"213,7",PALHOCA,Transitar na contramão,Colisão transversal,Com Vítimas Feridas,Pleno dia,Crescente,Céu Claro,Dupla,Reta,Sim,2,0,1,0,1,0,1,2,-27.63697369,-48.66514142,SPRF-SC,DEL01-SC,UOP02-DEL01-SC,2022
"464834,0",2022-07-30,sábado,09:00:00,SC,101,"169,0",TIJUCAS,Afundamento ou ondulação no pavimento,Tombamento,Com Vítimas Feridas,Pleno dia,Crescente,Céu Claro,Dupla,Reta,Não,1,0,1,0,0,0,1,1,-27.28790602,-48.63095745,SPRF-SC,DEL04-SC,UOP03-DEL04-SC,2022
"464838,0",2022-07-30,sábado,09:15:00,SC,282,"59,0",RANCHO QUEIMADO,Condutor deixou de manter distância do veículo da frente,Colisão traseira,Com Vítimas Feridas,Pleno dia,Decrescente,Sol,Simples,Reta,Não,5,0,1,0,4,0,1,2,-27.677965,-49.011559,SPRF-SC,DEL01-SC,UOP03-DEL01-SC,2022
"464865,0",2022-07-30,sábado,13:45:00,SC,101,"199,0",SAO JOSE,Acessar a via sem observar a presença dos outros veículos,Tombamento,Com Vítimas Feridas,Pleno dia,Crescente,Céu Claro,Dupla,Reta,Sim,1,0,1,0,0,0,1,1,-27.53413705,-48.63003205,SPRF-SC,DEL01-SC,UOP01-DEL01-SC,2022
"464872,0",2022-07-30,sábado,13:30:00,SC,282,"32,4",SANTO AMARO DA IMPERATRIZ,Desrespeitar a preferência no cruzamento,Colisão transversal,Com Vítimas Feridas,Pleno dia,Decrescente,Céu Claro,Simples,Rotatória,Sim,3,0,2,0,1,0,2,2,-27.70116,-48.800175,SPRF-SC,DEL01-SC,UOP03-DEL01-SC,2022
"464873,0",2022-07-30,sábado,14:00:00,SC,480,"124,8",CHAPECO,Condutor deixou de manter distância do veículo da frente,Colisão traseira,Com Vítimas Feridas,Pleno dia,Decrescente,Sol,Dupla,Reta,Não,3,0,2,0,1,0,2,2,-27.02885905,-52.63380035,SPRF-SC,DEL07-SC,UOP01-DEL07-SC,2022
"464874,0",2022-07-30,sábado,13:20:00,SC,470,"164,7",TROMBUDO CENTRAL,Ultrapassagem Indevida,Saída de leito carroçável,Com Vítimas Feridas,Pleno dia,Crescente,Céu Claro,Simples,Reta;Aclive,Não,2,0,2,0,0,0,2,1,-27.278645,-49.836048,SPRF-SC,DEL04-SC,UOP02-DEL04-SC,2022
"464879,0",2022-07-30,sábado,15:00:00,SC,101,"145,0",ITAPEMA,Reação tardia ou ineficiente do condutor,Colisão traseira,Com Vítimas Feridas,Pleno dia,Decrescente,Sol,Dupla,Reta,Não,2,0,1,0,1,0,1,2,-27.08139206,-48.60130993,SPRF-SC,DEL04-SC,UOP03-DEL04-SC,2022
"464892,0",2022-07-30,sábado,16:30:00,SC,101,"127,9",ITAJAI,Reação tardia ou ineficiente do condutor,Colisão traseira,Com Vítimas Feridas,Pleno dia,Crescente,Céu Claro,Dupla,Reta,Sim,3,0,1,0,2,0,1,2,-26.9639319,-48.68328024,SPRF-SC,DEL04-SC,UOP04-DEL04-SC,2022
"464923,0",2022-07-30,sábado,18:30:00,SC,101,"116,0",ITAJAI,Manobra de mudança de faixa,Colisão lateral mesmo sentido,Com Vítimas Feridas,Plena Noite,Crescente,Céu Claro,Múltipla,Reta,Sim,3,0,1,0,2,0,1,3,-26.87905605,-48.72603512,SPRF-SC,DEL04-SC,UOP04-DEL04-SC,2022
"464938,0",2022-07-30,sábado,20:25:00,SC,470,"137,1",RIO DO SUL,Ausência de reação do condutor,Colisão lateral sentido oposto,Sem Vítimas,Plena Noite,Decrescente,Céu Claro,Simples,Curva,Sim,2,0,0,0,2,0,0,2,-27.203201,-49.635063,SPRF-SC,DEL04-SC,UOP02-DEL04-SC,2022
"464966,0",2022-07-30,sábado,22:00:00,SC,101,"431,4",SOMBRIO,Pedestre andava na pista,Atropelamento de Pedestre,Com Vítimas Fatais,Plena Noite,Crescente,Céu Claro,Múltipla,Reta,Sim,5,2,0,0,3,0,0,3,-29.0752978,-49.6278315,SPRF-SC,DEL02-SC,UOP02-DEL02-SC,2022
"465005,0",2022-07-31,domingo,02:39:00,SC,101,"30,0",JOINVILLE,Acumulo de areia ou detritos sobre o pavimento,Queda de ocupante de veículo,Com Vítimas Feridas,Plena Noite,Decrescente,Céu Claro,Simples,Interseção de Vias,Não,1,0,1,0,0,0,1,1,-26.216931,-48.91612807,SPRF-SC,DEL03-SC,UOP01-DEL03-SC,2022
"465010,0",2022-07-31,domingo,01:45:00,SC,282,"516,6",XAXIM,Ingestão de álcool e/ou substâncias psicoativas pelo pedestre,Saída de leito carroçável,Com Vítimas Feridas,Plena Noite,Crescente,Céu Claro,Simples,Curva,Não,3,0,1,1,1,0,2,1,-26.936369,-52.498844,SPRF-SC,DEL07-SC,UOP01-DEL07-SC,2022
"465012,0",2022-07-30,sábado,18:40:00,SC,282,"461,6",PONTE SERRADA,Desrespeitar a preferência no cruzamento,Colisão transversal,Com Vítimas Feridas,Plena Noite,Decrescente,Céu Claro,Simples,Interseção de Vias,Sim,3,0,2,0,1,0,2,2,-26.856403,-52.041328,SPRF-SC,DEL07-SC,UOP04-DEL07-SC,2022
"465017,0",2022-07-31,domingo,05:00:00,SC,101,"336,0",TUBARAO,Ingestão de álcool pelo condutor,Colisão com objeto,Sem Vítimas,Plena Noite,Decrescente,Nublado,Dupla,Ponte;Reta,Não,1,0,0,0,0,1,0,1,-28.48271321,-49.03525136,SPRF-SC,DEL02-SC,UOP01-DEL02-SC,2022
"465038,0",2022-07-30,sábado,05:15:00,SC,480,"124,0",CHAPECO,Velocidade Incompatível,Colisão traseira,Sem Vítimas,Plena Noite,Decrescente,Céu Claro,Dupla,Reta,Sim,6,0,0,0,6,0,0,2,-27.00359519,-52.64391044,SPRF-SC,DEL07-SC,UOP01-DEL07-SC,2022
"465061,0",2022-07-31,domingo,10:15:00,SC,101,"142,3",ITAPEMA,Condutor deixou de manter distância do veículo da frente,Colisão traseira,Com Vítimas Feridas,Pleno dia,Decrescente,Céu Claro,Dupla,Curva,Sim,2,0,0,1,1,0,1,2,-27.056089,-48.599449,SPRF-SC,DEL04-SC,UOP03-DEL04-SC,2022
"465067,0",2022-07-31,domingo,10:45:00,SC,101,"84,1",BARRA VELHA,Demais falhas mecânicas ou elétricas,Queda de ocupante de veículo,Com Vítimas Feridas,Pleno dia,Crescente,Sol,Dupla,Reta;Aclive,Sim,1,0,1,0,0,0,1,1,-26.62404682,-48.71394986,SPRF-SC,DEL03-SC,UOP02-DEL03-SC,2022
"465099,0",2022-07-31,domingo,15:00:00,SC,101,"207,5",SAO JOSE,Manobra de mudança de faixa,Colisão lateral mesmo sentido,Com Vítimas Feridas,Pleno dia,Crescente,Céu Claro,Múltipla,Aclive,Sim,3,0,1,0,2,0,1,2,-27.60001226,-48.6226467,SPRF-SC,DEL01-SC,UOP01-DEL01-SC,2022
"465132,0",2022-07-31,domingo,18:15:00,SC,101,"105,0",PENHA,Reação tardia ou ineficiente do condutor,Queda de ocupante de veículo,Com Vítimas Feridas,Plena Noite,Crescente,Céu Claro,Dupla,Curva,Não,2,0,1,0,1,0,1,1,-26.80215497,-48.67891041,SPRF-SC,DEL03-SC,UOP02-DEL03-SC,2022
"465143,0",2022-07-31,domingo,18:25:00,SC,101,"150,0",ITAPEMA,Acessar a via sem observar a presença dos outros veículos,Colisão lateral mesmo sentido,Com Vítimas Feridas,Anoitecer,Crescente,Céu Claro,Dupla,Reta,Sim,3,0,0,1,2,0,1,2,-27.11744799,-48.60940987,SPRF-SC,DEL04-SC,UOP03-DEL04-SC,2022
"465189,0",2022-07-31,domingo,20:30:00,SC,470,"52,8",BLUMENAU,Ausência de reação do condutor,Tombamento,Com Vítimas Feridas,Plena Noite,Crescente,Céu Claro,Simples,Reta,Não,1,0,1,0,0,0,1,1,-26.862286,-49.093903,SPRF-SC,DEL04-SC,UOP01-DEL04-SC,2022
"465191,0",2022-07-31,domingo,19:40:00,SC,101,"101,1",BALNEARIO PICARRAS,Ausência de reação do condutor,Colisão transversal,Com Vítimas Feridas,Plena Noite,Crescente,Nublado,Múltipla,Viaduto,Sim,3,0,1,0,1,1,1,3,-26.76404198,-48.68657667,SPRF-SC,DEL03-SC,UOP02-DEL03-SC,2022
"465194,0",2022-07-31,domingo,20:05:00,SC,282,"518,0",XAXIM,Ingestão de álcool pelo condutor,Colisão traseira,Sem Vítimas,Pleno dia,Decrescente,Céu Claro,Simples,Reta,Não,3,0,0,0,3,0,0,2,-26.944099,-52.508427,SPRF-SC,DEL07-SC,UOP01-DEL07-SC,2022
"465207,0",2022-07-31,domingo,21:45:00,SC,101,"151,0",ITAPEMA,Condutor deixou de manter distância do veículo da frente,Colisão traseira,Com Vítimas Feridas,Pleno dia,Crescente,Céu Claro,Dupla,Reta,Sim,2,0,1,0,1,0,1,2,-27.126536,-48.609642,SPRF-SC,DEL04-SC,UOP03-DEL04-SC,2022
"465226,0",2022-08-01,segunda-feira,00:30:00,SC,470,"152,5",AGRONOMICA,Velocidade Incompatível,Colisão frontal,Com Vítimas Fatais,Plena Noite,Crescente,Nublado,Simples,Reta,Não,4,3,0,1,0,0,1,2,-27.271,-49.732,SPRF-SC,DEL04-SC,UOP02-DEL04-SC,2022