id,data_inversa,dia_semana,horario,uf,br,km,municipio,causa_acidente,tipo_acidente,classificacao_acidente,fase_dia,sentido_via,condicao_metereologica,tipo_pista,tracado_via,uso_solo,pessoas,mortos,feridos_leves,feridos_graves,ilesos,ignorados,feridos,veiculos,latitude,longitude,regional,delegacia,uop,ano_arquivo
"466235,0",2022-08-06,sábado,07:30:00,SC,101,"216,5",PALHOCA,Acessar a via sem observar a presença dos outros veículos,Colisão transversal,Sem Vítimas,Pleno dia,Crescente,Chuva,Dupla,Interseção de Vias,Sim,2,0,0,0,2,0,0,2,-27.65981409,-48.67747798,SPRF-SC,DEL01-SC,UOP02-DEL01-SC,2022
"466238,0",2022-08-06,sábado,08:00:00,SC,282,"348,0",CAMPOS NOVOS,Velocidade Incompatível,Saída de leito carroçável,Com Vítimas Feridas,Pleno dia,Crescente,Céu Claro,Simples,Reta,Não,1,0,1,0,0,0,1,1,-27.365206,-51.263924,SPRF-SC,DEL07-SC,UOP06-DEL07-SC,2022
"466271,0",2022-08-06,sábado,10:49:00,SC,101,"118,0",ITAJAI,Reação tardia ou ineficiente do condutor,Colisão traseira,Com Vítimas Feridas,Pleno dia,Decrescente,Nublado,Múltipla,Reta,Sim,2,0,0,1,1,0,1,2,-26.895859,-48.71903,SPRF-SC,DEL04-SC,UOP04-DEL04-SC,2022
"466291,0",2022-08-06,sábado,13:50:00,SC,101,"41,5",JOINVILLE,Desrespeitar a preferência no cruzamento,Colisão transversal,Com Vítimas Feridas,Pleno dia,Crescente,Chuva,Dupla,Rotatória;Interseção de Vias;Viaduto,Sim,4,0,2,0,2,0,2,2,-26.28215489,-48.88973081,SPRF-SC,DEL03-SC,UOP01-DEL03-SC,2022
"466294,0",2022-08-06,sábado,14:00:00,SC,101,"424,6",ARARANGUA,Acessar a via sem observar a presença dos outros veículos,Saída de leito carroçável,Com Vítimas Feridas,Pleno dia,Decrescente,Sol,Dupla,Reta,Não,4,0,3,0,1,0,3,1,-29.02352719,-49.59507465,SPRF-SC,DEL02-SC,UOP02-DEL02-SC,2022
"466317,0",2022-08-06,sábado,16:20:00,SC,101,"199,6",SAO JOSE,Ingestão de álcool pelo condutor,Tombamento,Com Vítimas Feridas,Pleno dia,Crescente,Nublado,Múltipla,Reta,Sim,1,0,0,1,0,0,1,1,-27.53413705,-48.63003205,SPRF-SC,DEL01-SC,UOP01-DEL01-SC,2022
"466348,0",2022-08-06,sábado,18:45:00,SC,101,"378,3",ICARA,Transitar na contramão,Saída de leito carroçável,Com Vítimas Feridas,Plena Noite,Crescente,Nublado,Simples,Interseção de Vias,Não,2,0,1,0,1,0,1,2,-28.7506823,-49.27010894,SPRF-SC,DEL02-SC,UOP02-DEL02-SC,2022
"466349,0",2022-08-06,sábado,19:00:00,SC,101,"216,5",PALHOCA,Acessar a via sem observar a presença dos outros veículos,Colisão lateral sentido oposto,Com Vítimas Feridas,Plena Noite,Crescente,Chuva,Simples,Interseção de Vias;Reta;Viaduto,Sim,2,0,1,0,1,0,1,2,-27.65981409,-48.67747798,SPRF-SC,DEL01-SC,UOP02-DEL01-SC,2022
"466350,0",2022-08-06,sábado,17:50:00,SC,282,"491,0",FAXINAL DOS GUEDES,Ausência de reação do condutor,Saída de leito carroçável,Com Vítimas Feridas,Anoitecer,Decrescente,Chuva,Simples,Reta,Não,1,0,1,0,0,0,1,1,-26.87402841,-52.28180051,SPRF-SC,DEL07-SC,UOP01-DEL07-SC,2022
"466378,0",2022-08-06,sábado,19:10:00,SC,282,"393,8",JOACABA,Ingestão de álcool pelo condutor,Colisão frontal,Com Vítimas Feridas,Plena Noite,Decrescente,Chuva,Simples,Aclive;Curva,Não,6,0,3,0,2,1,3,4,-27.160221,-51.573895,SPRF-SC,DEL07-SC,UOP05-DEL07-SC,2022
"466387,0",2022-08-06,sábado,21:35:00,SC,101,"210,5",SAO JOSE,Reação tardia ou ineficiente do condutor,Tombamento,Com Vítimas Feridas,Plena Noite,Crescente,Chuva,Múltipla,Reta,Sim,1,0,1,0,0,0,1,1,-27.6167305,-48.6457265,SPRF-SC,DEL01-SC,UOP01-DEL01-SC,2022
"466390,0",2022-08-06,sábado,21:30:00,SC,101,"135,4",BALNEARIO CAMBORIU,Acumulo de água sobre o pavimento,Saída de leito carroçável,Sem Vítimas,Plena Noite,Crescente,Chuva,Dupla,Reta,Sim,1,0,0,0,1,0,0,1,-27.0050108,-48.62677494,SPRF-SC,DEL04-SC,UOP03-DEL04-SC,2022
"466391,0",2022-08-06,sábado,21:00:00,SC,101,"155,0",PORTO BELO,Reação tardia ou ineficiente do condutor,Saída de leito carroçável,Com Vítimas Feridas,Plena Noite,Decrescente,Chuva,Múltipla,Reta,Não,1,0,1,0,0,0,1,1,-27.16292,-48.61129,SPRF-SC,DEL04-SC,UOP03-DEL04-SC,2022
"466401,0",2022-08-06,sábado,23:00:00,SC,101,"207,4",SAO JOSE,Velocidade Incompatível,Saída de leito carroçável,Com Vítimas Feridas,Pleno dia,Decrescente,Chuva,Dupla,Curva;Declive,Sim,1,0,1,0,0,0,1,1,-27.60190582,-48.6258316,SPRF-SC,DEL01-SC,UOP01-DEL01-SC,2022
"466413,0",2022-08-06,sábado,22:10:00,SC,470,"5,0",NAVEGANTES,Velocidade Incompatível,Colisão com objeto,Com Vítimas Feridas,Plena Noite,Crescente,Chuva,Dupla,Reta,Sim,1,0,1,0,0,0,1,1,-26.855688,-48.700333,SPRF-SC,DEL04-SC,UOP04-DEL04-SC,2022
"466414,0",2022-08-06,sábado,22:30:00,SC,470,"18,8",ILHOTA,Ausência de reação do condutor,Saída de leito carroçável,Sem Vítimas,Plena Noite,Crescente,Garoa/Chuvisco,Simples,Em Obras,Não,1,0,0,0,1,0,0,1,-26.855534,-48.808922,SPRF-SC,DEL04-SC,UOP04-DEL04-SC,2022
"466416,0",2022-08-06,sábado,23:20:00,SC,101,"110,5",NAVEGANTES,Acumulo de água sobre o pavimento,Saída de leito carroçável,Com Vítimas Feridas,Plena Noite,Decrescente,Chuva,Dupla,Curva,Não,2,0,2,0,0,0,2,1,-26.83477,-48.706151,SPRF-SC,DEL04-SC,UOP04-DEL04-SC,2022
"466427,0",2022-08-06,sábado,18:40:00,SC,280,"29,0",ARAQUARI,Reação tardia ou ineficiente do condutor,Saída de leito carroçável,Sem Vítimas,Plena Noite,Crescente,Chuva,Simples,Reta,Não,1,0,0,0,1,0,0,1,-26.41066264,-48.75295628,SPRF-SC,DEL03-SC,UOP03-DEL03-SC,2022
"466431,0",2022-08-07,domingo,01:30:00,SC,101,"309,9",LAGUNA,Ingestão de álcool pelo condutor,Colisão com objeto,Sem Vítimas,Plena Noite,Decrescente,Chuva,Múltipla,Reta,Sim,1,0,0,0,1,0,0,1,-28.40755485,-48.79169438,SPRF-SC,DEL02-SC,UOP01-DEL02-SC,2022
"466434,0",2022-08-07,domingo,01:10:00,SC,101,"382,1",ICARA,Velocidade Incompatível,Saída de leito carroçável,Com Vítimas Feridas,Plena Noite,Decrescente,Chuva,Dupla,Reta,Não,1,0,1,0,0,0,1,1,-28.76864365,-49.30269818,SPRF-SC,DEL02-SC,UOP02-DEL02-SC,2022
"466435,0",2022-08-07,domingo,02:35:00,SC,101,"425,0",ARARANGUA,Condutor Dormindo,Saída de leito carroçável,Sem Vítimas,Plena Noite,Crescente,Chuva,Dupla,Reta,Não,1,0,0,0,1,0,0,1,-29.02095789,-49.59124506,SPRF-SC,DEL02-SC,UOP02-DEL02-SC,2022
"466436,0",2022-08-07,domingo,01:45:00,SC,282,"0,4",FLORIANOPOLIS,Ingestão de álcool pelo condutor,Saída de leito carroçável,Com Vítimas Fatais,Plena Noite,Decrescente,Chuva,Dupla,Reta,Sim,6,4,0,2,0,0,2,2,-27.599979,-48.575818,SPRF-SC,DEL01-SC,UOP01-DEL01-SC,2022
"466438,0",2022-08-07,domingo,02:00:00,SC,101,"210,4",SAO JOSE,Ingestão de álcool pelo condutor,Colisão com objeto,Com Vítimas Feridas,Plena Noite,Decrescente,Chuva,Múltipla,Reta,Não,1,0,1,0,0,0,1,1,-27.6167305,-48.6457265,SPRF-SC,DEL01-SC,UOP01-DEL01-SC,2022
"466456,0",2022-08-07,domingo,04:00:00,SC,101,"131,0",BALNEARIO CAMBORIU,Condutor Dormindo,Saída de leito carroçável,Sem Vítimas,Plena Noite,Decrescente,Chuva,Dupla,Reta,Não,1,0,0,0,0,1,0,1,-26.99064209,-48.66310912,SPRF-SC,DEL04-SC,UOP03-DEL04-SC,2022
"466457,0",2022-08-07,domingo,06:25:00,SC,280,"54,0",GUARAMIRIM,Condutor deixou de manter distância do veículo da frente,Colisão traseira,Sem Vítimas,Amanhecer,Crescente,Chuva,Dupla,Reta,Sim,2,0,0,0,2,0,0,2,-26.47539893,-48.983748,SPRF-SC,DEL03-SC,UOP03-DEL03-SC,2022
"466480,0",2022-08-07,domingo,08:00:00,SC,282,"37,5",AGUAS MORNAS,Velocidade Incompatível,Saída de leito carroçável,Com Vítimas Feridas,Pleno dia,Crescente,Chuva,Simples,Curva,Não,2,0,0,1,1,0,1,1,-27.707325,-48.842983,SPRF-SC,DEL01-SC,UOP03-DEL01-SC,2022
"466492,0",2022-08-07,domingo,08:00:00,SC,282,"130,0",BOM RETIRO,Reação tardia ou ineficiente do condutor,Capotamento,Com Vítimas Feridas,Pleno dia,Decrescente,Chuva,Simples,Curva,Não,3,0,2,1,0,0,3,1,-27.803255,-49.505241,SPRF-SC,DEL05-SC,UOP01-DEL05-SC,2022
"466496,0",2022-08-07,domingo,10:45:00,SC,101,"189,5",BIGUACU,Avarias e/ou desgaste excessivo no pneu,Colisão com objeto,Com Vítimas Feridas,Pleno dia,Decrescente,Garoa/Chuvisco,Dupla,Curva,Sim,3,0,1,0,1,1,1,2,-27.459393,-48.638914,SPRF-SC,DEL01-SC,UOP01-DEL01-SC,2022
"466497,0",2022-08-07,domingo,09:15:00,SC,101,"434,0",SOMBRIO,Ausência de reação do condutor,Colisão com objeto,Com Vítimas Feridas,Pleno dia,Decrescente,Garoa/Chuvisco,Simples,Reta,Sim,1,0,1,0,0,0,1,1,-29.10418606,-49.63584423,SPRF-SC,DEL02-SC,UOP02-DEL02-SC,2022
"466499,0",2022-08-07,domingo,11:00:00,SC,101,"133,8",BALNEARIO CAMBORIU,Desrespeitar a preferência no cruzamento,Colisão transversal,Com Vítimas Feridas,Pleno dia,Crescente,Chuva,Múltipla,Interseção de Vias,Sim,2,0,1,0,1,0,1,2,-26.99936,-48.64609,SPRF-SC,DEL04-SC,UOP03-DEL04-SC,2022
"466511,0",2022-08-07,domingo,12:00:00,SC,101,"74,5",ARAQUARI,Acumulo de água sobre o pavimento,Colisão com objeto,Sem Vítimas,Pleno dia,Crescente,Chuva,Dupla,Reta,Não,1,0,0,0,1,0,0,1,-26.54446209,-48.71214452,SPRF-SC,DEL03-SC,UOP02-DEL03-SC,2022
"466515,0",2022-08-07,domingo,13:20:00,SC,101,"85,0",BARRA VELHA,Reação tardia ou ineficiente do condutor,Colisão transversal,Sem Vítimas,Pleno dia,Decrescente,Garoa/Chuvisco,Simples,Viaduto,Sim,2,0,0,0,2,0,0,2,-26.62840879,-48.70813584,SPRF-SC,DEL03-SC,UOP02-DEL03-SC,2022
"466529,0",2022-08-07,domingo,13:40:00,SC,116,"60,0",PAPANDUVA,Acessar a via sem observar a presença dos outros veículos,Colisão transversal,Com Vítimas Feridas,Pleno dia,Decrescente,Chuva,Simples,Interseção de Vias,Sim,3,0,2,0,1,0,2,2,-26.38296807,-50.21675059,SPRF-SC,DEL06-SC,UOP02-DEL06-SC,2022
"466541,0",2022-08-07,domingo,16:40:00,SC,116,"187,0",PONTE ALTA,Transitar na contramão,Colisão frontal,Com Vítimas Feridas,Pleno dia,Decrescente,Chuva,Simples,Reta,Não,2,0,0,1,1,0,1,2,-27.32131902,-50.42329211,SPRF-SC,DEL05-SC,UOP03-DEL05-SC,2022
"466555,0",2022-08-07,domingo,16:30:00,SC,470,"173,5",POUSO REDONDO,Reação tardia ou ineficiente do condutor,Colisão traseira,Com Vítimas Feridas,Anoitecer,Crescente,Chuva,Simples,Declive,Sim,4,0,1,0,2,1,1,3,-27.25984,-49.919285,SPRF-SC,DEL04-SC,UOP02-DEL04-SC,2022
"466564,0",2022-08-07,domingo,18:15:00,SC,470,"98,9",APIUNA,Reação tardia ou ineficiente do condutor,Colisão traseira,Com Vítimas Feridas,Plena Noite,Crescente,Chuva,Simples,Reta,Sim,2,0,1,0,1,0,1,2,-27.032537,-49.385468,SPRF-SC,DEL04-SC,UOP01-DEL04-SC,2022
"466567,0",2022-08-07,domingo,16:20:00,SC,280,"72,0",JARAGUA DO SUL,Ingestão de álcool pelo condutor,Colisão lateral sentido oposto,Sem Vítimas,Pleno dia,Decrescente,Chuva,Simples,Reta,Não,3,0,0,0,3,0,0,2,-26.45955419,-49.14342101,SPRF-SC,DEL03-SC,UOP03-DEL03-SC,2022
"466571,0",2022-08-07,domingo,16:45:00,SC,470,"128,2",LONTRAS,Acessar a via sem observar a presença dos outros veículos,Colisão transversal,Com Vítimas Feridas,Anoitecer,Decrescente,Chuva,Simples,Declive;Curva,Não,4,0,1,0,2,1,1,2,-27.14595146,-49.54954147,SPRF-SC,DEL04-SC,UOP02-DEL04-SC,2022
"466590,0",2022-08-07,domingo,19:30:00,SC,101,"341,6",TUBARAO,Ingestão de álcool pelo condutor,Tombamento,Com Vítimas Feridas,Plena Noite,Decrescente,Chuva,Simples,Declive;Interseção de Vias,Sim,2,0,1,0,0,1,1,2,-28.52644493,-49.0560472,SPRF-SC,DEL02-SC,UOP01-DEL02-SC,2022
"466603,0",2022-08-07,domingo,17:50:00,SC,282,"502,5",XANXERE,Ingestão de álcool pelo condutor,Colisão frontal,Com Vítimas Feridas,Anoitecer,Decrescente,Chuva,Simples,Reta;Aclive,Sim,3,0,3,0,0,0,3,2,-26.885354,-52.393184,SPRF-SC,DEL07-SC,UOP01-DEL07-SC,2022
"466611,0",2022-08-07,domingo,18:20:00,SC,280,"276,0",IRINEOPOLIS,Acessar a via sem observar a presença dos outros veículos,Colisão transversal,Com Vítimas Feridas,Plena Noite,Crescente,Chuva,Dupla,Declive,Não,4,0,2,0,2,0,2,2,-26.29085637,-50.7896018,SPRF-SC,DEL06-SC,UOP04-DEL06-SC,2022
"466622,0",2022-08-07,domingo,20:00:00,SC,116,"224,0",CORREIA PINTO,Ausência de reação do condutor,Saída de leito carroçável,Com Vítimas Feridas,Plena Noite,Crescente,Garoa/Chuvisco,Simples,Reta,Não,2,0,2,0,0,0,2,1,-27.61065825,-50.35094133,SPRF-SC,DEL05-SC,UOP03-DEL05-SC,2022
"466627,0",2022-08-07,domingo,17:30:00,SC,163,"1,9",DIONISIO CERQUEIRA,Ausência de reação do condutor,Colisão frontal,Com Vítimas Feridas,Pleno dia,Crescente,Chuva,Simples,Curva,Sim,6,0,3,2,1,0,5,2,-26.26986579,-53.63124132,SPRF-SC,DEL07-SC,UOP03-DEL07-SC,2022
"466647,0",2022-08-08,segunda-feira,01:15:00,SC,282,"576,0",PINHALZINHO,Ingestão de álcool pelo condutor,Colisão frontal,Com Vítimas Feridas,Plena Noite,Decrescente,Nevoeiro/Neblina,Simples,Reta,Não,2,0,2,0,0,0,2,2,-26.856054,-52.98011,SPRF-SC,DEL07-SC,UOP02-DEL07-SC,2022
"466664,0",2022-08-08,segunda-feira,06:00:00,SC,116,"218,0",CORREIA PINTO,Ingestão de álcool pelo condutor,Saída de leito carroçável,Sem Vítimas,Amanhecer,Crescente,Garoa/Chuvisco,Simples,Reta,Sim,1,0,0,0,1,0,0,1,-27.56247698,-50.37616896,SPRF-SC,DEL05-SC,UOP03-DEL05-SC,2022
"466687,0",2022-08-05,sexta-feira,06:20:00,SC,280,"26,2",ARAQUARI,Reação tardia ou ineficiente do condutor,Colisão transversal,Com Vítimas Feridas,Amanhecer,Crescente,Céu Claro,Simples,Reta,Não,2,0,1,0,1,0,1,2,-26.38972308,-48.73411593,SPRF-SC,DEL03-SC,UOP03-DEL03-SC,2022
"466699,0",2022-08-08,segunda-feira,08:20:00,SC,282,"65,0",RANCHO QUEIMADO,Velocidade Incompatível,Saída de leito carroçável,Com Vítimas Feridas,Pleno dia,Crescente,Nublado,Simples,Curva,Não,1,0,0,1,0,0,1,1,-27.692892,-49.059013,SPRF-SC,DEL01-SC,UOP03-DEL01-SC,2022
"466704,0",2022-08-08,segunda-feira,09:50:00,SC,282,"50,0",AGUAS MORNAS,Pista Escorregadia,Saída de leito carroçável,Com Vítimas Feridas,Pleno dia,Crescente,Nublado,Dupla,Curva,Não,2,0,1,0,1,0,1,1,-27.708536,-48.952251,SPRF-SC,DEL01-SC,UOP03-DEL01-SC,2022
"466712,0",2022-07-16,sábado,21:00:00,SC,101,"205,2",SAO JOSE,Manobra de mudança de faixa,Tombamento,Com Vítimas Feridas,Plena Noite,Crescente,Céu Claro,Dupla,Reta,Sim,3,0,1,0,2,0,1,2,-27.58313237,-48.61532885,SPRF-SC,DEL01-SC,UOP01-DEL01-SC,2022
"466760,0",2022-08-08,segunda-feira,12:50:00,SC,101,"88,0",BARRA VELHA,Manobra de mudança de faixa,Tombamento,Com Vítimas Feridas,Pleno dia,Crescente,Nublado,Dupla,Interseção de Vias,Sim,2,0,1,0,0,1,1,2,-26.64253985,-48.68950684,SPRF-SC,DEL03-SC,UOP02-DEL03-SC,2022
"466773,0",2022-08-08,segunda-feira,15:00:00,SC,282,"4,7",SAO JOSE,Reação tardia ou ineficiente do condutor,Colisão traseira,Com Vítimas Feridas,Pleno dia,Decrescente,Chuva,Dupla,Reta,Sim,3,0,2,0,1,0,2,2,-27.592646,-48.604034,SPRF-SC,DEL01-SC,UOP01-DEL01-SC,2022
"466793,0",2022-08-08,segunda-feira,15:00:00,SC,101,"262,3",PAULO LOPES,Acumulo de água sobre o pavimento,Saída de leito carroçável,Com Vítimas Feridas,Pleno dia,Crescente,Chuva,Dupla,Reta,Não,1,0,1,0,0,0,1,1,-28.0353863,-48.70884453,SPRF-SC,DEL02-SC,UOP03-DEL02-SC,2022
"466810,0",2022-08-08,segunda-feira,18:40:00,SC,470,"52,6",BLUMENAU,Ausência de reação do condutor,Colisão transversal,Com Vítimas Feridas,Plena Noite,Crescente,Nublado,Simples,Interseção de Vias,Não,3,0,0,2,1,0,2,2,-26.862286,-49.093903,SPRF-SC,DEL04-SC,UOP01-DEL04-SC,2022
"466842,0",2022-08-08,segunda-feira,19:55:00,SC,282,"82,0",RANCHO QUEIMADO,Condutor deixou de manter distância do veículo da frente,Colisão traseira,Com Vítimas Feridas,Plena Noite,Decrescente,Chuva,Simples,Reta,Não,4,0,1,0,3,0,1,3,-27.662027,-49.178356,SPRF-SC,DEL01-SC,UOP03-DEL01-SC,2022
"466846,0",2022-08-08,segunda-feira,22:10:00,SC,101,"204,0",SAO JOSE,Ingestão de álcool pelo condutor,Colisão lateral mesmo sentido,Sem Vítimas,Plena Noite,Decrescente,Garoa/Chuvisco,Múltipla,Interseção de Vias,Sim,2,0,0,0,2,0,0,2,-27.57413014,-48.61363083,SPRF-SC,DEL01-SC,UOP01-DEL01-SC,2022
"466849,0",2022-08-08,segunda-feira,22:10:00,SC,101,"27,0",JOINVILLE,Deficiência do Sistema de Iluminação/Sinalização,Colisão traseira,Com Vítimas Fatais,Plena Noite,Crescente,Chuva,Múltipla,Reta,Sim,2,1,0,0,0,1,0,2,-26.20130351,-48.91331794,SPRF-SC,DEL03-SC,UOP01-DEL03-SC,2022
"466851,0",2022-08-08,segunda-feira,22:40:00,SC,282,"6,0",SAO JOSE,Chuva,Tombamento,Com Vítimas Feridas,Plena Noite,Crescente,Chuva,Simples,Curva,Sim,1,0,1,0,0,0,1,1,-27.591936,-48.618244,SPRF-SC,DEL01-SC,UOP01-DEL01-SC,2022
"466879,0",2022-08-09,terça-feira,07:30:00,SC,101,"206,3",SAO JOSE,Condutor deixou de manter distância do veículo da frente,Colisão traseira,Com Vítimas Feridas,Pleno dia,Decrescente,Chuva,Dupla,Reta,Sim,2,0,1,0,1,0,1,2,-27.59193546,-48.61824557,SPRF-SC,DEL01-SC,UOP01-DEL01-SC,2022
"466895,0",2022-08-09,terça-feira,08:40:00,SC,101,"201,7",BIGUACU,Trafegar com motocicleta (ou similar) entre as faixas,Queda de ocupante de veículo,Com Vítimas Feridas,Pleno dia,Crescente,Chuva,Dupla,Reta,Sim,1,0,1,0,0,0,1,1,-27.54836599,-48.61977975,SPRF-SC,DEL01-SC,UOP01-DEL01-SC,2022
"466903,0",2022-06-30,quinta-feira,15:45:00,SC,280,"25,1",ARAQUARI,Ausência de reação do condutor,Colisão transversal,Com Vítimas Feridas,Pleno dia,Crescente,Céu Claro,Simples,Em Obras;Reta,Sim,2,0,2,0,0,0,2,2,-26.38352781,-48.72677516,SPRF-SC,DEL03-SC,UOP03-DEL03-SC,2022
"466910,0",2022-07-12,terça-feira,19:22:00,SC,280,"26,7",ARAQUARI,Conversão proibida,Colisão transversal,Com Vítimas Feridas,Plena Noite,Decrescente,Céu Claro,Simples,Em Obras,Sim,2,0,1,0,1,0,1,2,-26.39913507,-48.74178886,SPRF-SC,DEL03-SC,UOP03-DEL03-SC,2022
"466940,0",2022-08-09,terça-feira,11:50:00,SC,282,"21,0",SANTO AMARO DA IMPERATRIZ,Ultrapassagem Indevida,Colisão frontal,Sem Vítimas,Pleno dia,Crescente,Chuva,Simples,Curva,Sim,2,0,0,0,2,0,0,2,-27.68907,-48.717541,SPRF-SC,DEL01-SC,UOP02-DEL01-SC,2022
"466967,0",2022-08-09,terça-feira,14:19:00,SC,101,"233,0",PALHOCA,Pista Escorregadia,Eventos atípicos,Sem Vítimas,Pleno dia,Crescente,Chuva,Dupla,Declive,Não,2,0,0,0,2,0,0,1,-27.8037639737,-48.6382621056,SPRF-SC,DEL01-SC,UOP02-DEL01-SC,2022
"466999,0",2022-08-09,terça-feira,19:40:00,SC,101,"143,0",ITAPEMA,Ausência de reação do condutor,Colisão lateral mesmo sentido,Com Vítimas Feridas,Plena Noite,Decrescente,Chuva,Dupla,Reta,Sim,2,0,0,1,1,0,1,2,-27.06436,-48.59599405,SPRF-SC,DEL04-SC,UOP03-DEL04-SC,2022
"467003,0",2022-08-09,terça-feira,19:10:00,SC,282,"19,8",PALHOCA,Conversão proibida,Colisão transversal,Com Vítimas Feridas,Plena Noite,Decrescente,Chuva,Simples,Reta,Sim,2,0,0,1,1,0,1,2,-27.678635,-48.70192,SPRF-SC,DEL01-SC,UOP02-DEL01-SC,2022
"467016,0",2022-08-09,terça-feira,19:00:00,SC,280,"124,5",RIO NEGRINHO,Acessar a via sem observar a presença dos outros veículos,Colisão transversal,Com Vítimas Feridas,Plena Noite,Decrescente,Garoa/Chuvisco,Dupla,Interseção de Vias,Sim,2,0,1,0,1,0,1,2,-26.24130297,-49.47514499,SPRF-SC,DEL06-SC,UOP03-DEL06-SC,2022
"467020,0",2022-08-09,terça-feira,18:28:00,SC,101,"242,0",PALHOCA,Ingestão de álcool pelo condutor,Saída de leito carroçável,Sem Vítimas,Plena Noite,Crescente,Chuva,Simples,Interseção de Vias,Não,1,0,0,0,1,0,0,1,-27.87545797,-48.64678433,SPRF-SC,DEL01-SC,UOP02-DEL01-SC,2022
"467041,0",2022-08-09,terça-feira,22:20:00,SC,116,"140,2",SANTA CECILIA,Chuva,Saída de leito carroçável,Com Vítimas Feridas,Plena Noite,Decrescente,Chuva,Simples,Declive,Não,1,0,1,0,0,0,1,1,-26.96625517,-50.40928315,SPRF-SC,DEL06-SC,UOP02-DEL06-SC,2022
"467046,0",2022-08-10,quarta-feira,00:10:00,SC,101,"236,1",PALHOCA,Chuva,Saída de leito carroçável,Com Vítimas Feridas,Plena Noite,Crescente,Chuva,Simples,Viaduto,Não,1,0,0,1,0,0,1,1,-27.82629382,-48.63034842,SPRF-SC,DEL01-SC,UOP02-DEL01-SC,2022
"467063,0",2022-08-10,quarta-feira,05:20:00,SC,101,"39,5",JOINVILLE,Chuva,Saída de leito carroçável,Com Vítimas Feridas,Plena Noite,Decrescente,Chuva,Simples,Reta,Sim,1,0,1,0,0,0,1,1,-26.30686807,-48.87973487,SPRF-SC,DEL03-SC,UOP01-DEL03-SC,2022
"467116,0",2022-07-22,sexta-feira,07:43:00,SC,101,"209,3",SAO JOSE,Ausência de reação do condutor,Colisão traseira,Com Vítimas Fatais,Pleno dia,Decrescente,Céu Claro,Múltipla,Aclive;Reta,Sim,4,1,1,0,2,0,1,3,-27.615102,-48.643703,SPRF-SC,DEL01-SC,UOP01-DEL01-SC,2022
"467130,0",2022-08-10,quarta-feira,09:20:00,SC,116,"6,9",MAFRA,Transitar na contramão,Colisão transversal,Com Vítimas Feridas,Pleno dia,Decrescente,Chuva,Simples,Interseção de Vias;Retorno Regulamentado,Sim,3,0,2,0,1,0,2,2,-26.14644691,-49.82305806,SPRF-SC,DEL06-SC,UOP01-DEL06-SC,2022
"467132,0",2022-08-10,quarta-feira,10:00:00,SC,116,"27,4",ITAIOPOLIS,Reação tardia ou ineficiente do condutor,Saída de leito carroçável,Com Vítimas Feridas,Pleno dia,Decrescente,Chuva,Simples,Curva,Não,3,0,2,0,1,0,2,1,-26.29228969,-49.94234725,SPRF-SC,DEL06-SC,UOP01-DEL06-SC,2022
"467168,0",2022-08-10,quarta-feira,10:15:00,SC,101,"161,3",TIJUCAS,Avarias e/ou desgaste excessivo no pneu,Colisão com objeto,Com Vítimas Fatais,Pleno dia,Crescente,Chuva,Múltipla,Reta,Sim,1,1,0,0,0,0,0,1,-27.2191,-48.62603,SPRF-SC,DEL04-SC,UOP03-DEL04-SC,2022
"467178,0",2022-08-10,quarta-feira,17:50:00,SC,470,"136,0",RIO DO SUL,Acessar a via sem observar a presença dos outros veículos,Colisão transversal,Com Vítimas Feridas,Anoitecer,Decrescente,Garoa/Chuvisco,Simples,Reta,Não,2,0,1,0,1,0,1,2,-27.194323,-49.624554,SPRF-SC,DEL04-SC,UOP02-DEL04-SC,2022
"467185,0",2022-08-10,quarta-feira,18:35:00,SC,280,"48,0",GUARAMIRIM,Desrespeitar a preferência no cruzamento,Colisão transversal,Com Vítimas Feridas,Plena Noite,Crescente,Chuva,Simples,Reta,Sim,3,0,1,0,2,0,1,2,-26.45506795,-48.92766502,SPRF-SC,DEL03-SC,UOP03-DEL03-SC,2022
"467188,0",2022-08-10,quarta-feira,09:00:00,SC,282,"6,0",SAO JOSE,Reação tardia ou ineficiente do condutor,Tombamento,Com Vítimas Feridas,Pleno dia,Crescente,Chuva,Dupla,Curva,Sim,1,0,1,0,0,0,1,1,-27.591936,-48.618244,SPRF-SC,DEL01-SC,UOP01-DEL01-SC,2022
"467243,0",2022-08-06,sábado,10:20:00,SC,101,"319,0",PESCARIA BRAVA,Ingestão de álcool pelo condutor,Tombamento,Com Vítimas Feridas,Pleno dia,Crescente,Sol,Dupla,Reta,Sim,1,0,1,0,0,0,1,1,-28.42978736,-48.87148792,SPRF-SC,DEL02-SC,UOP01-DEL02-SC,2022
"467244,0",2022-08-11,quinta-feira,05:57:00,SC,280,"28,0",ARAQUARI,Acessar a via sem observar a presença dos outros veículos,Colisão transversal,Com Vítimas Feridas,Pleno dia,Crescente,Céu Claro,Simples,Reta,Não,2,0,0,1,1,0,1,2,-26.40450077,-48.74561031,SPRF-SC,DEL03-SC,UOP03-DEL03-SC,2022
"467249,0",2022-08-11,quinta-feira,06:50:00,SC,101,"35,4",JOINVILLE,Objeto estático sobre o leito carroçável,Queda de ocupante de veículo,Com Vítimas Feridas,Amanhecer,Decrescente,Céu Claro,Dupla,Reta,Não,1,0,1,0,0,0,1,1,-26.2411301,-48.91227415,SPRF-SC,DEL03-SC,UOP01-DEL03-SC,2022