id,data_inversa,dia_semana,horario,uf,br,km,municipio,causa_acidente,tipo_acidente,classificacao_acidente,fase_dia,sentido_via,condicao_metereologica,tipo_pista,tracado_via,uso_solo,pessoas,mortos,feridos_leves,feridos_graves,ilesos,ignorados,feridos,veiculos,latitude,longitude,regional,delegacia,uop,ano_arquivo
"467263,0",2022-08-11,quinta-feira,08:30:00,SC,101,"245,5",PAULO LOPES,Reação tardia ou ineficiente do condutor,Saída de leito carroçável,Com Vítimas Feridas,Pleno dia,Crescente,Céu Claro,Múltipla,Reta,Não,1,0,1,0,0,0,1,1,-27.907062,-48.649548,SPRF-SC,DEL02-SC,UOP03-DEL02-SC,2022
"467274,0",2022-08-11,quinta-feira,08:10:00,SC,282,"615,0",MARAVILHA,Demais Fenômenos da natureza,Colisão traseira,Com Vítimas Feridas,Pleno dia,Crescente,Céu Claro,Simples,Curva,Não,3,0,1,0,2,0,1,2,-26.774349,-53.271767,SPRF-SC,DEL07-SC,UOP02-DEL07-SC,2022
"467291,0",2022-08-11,quinta-feira,09:15:00,SC,470,"161,9",TROMBUDO CENTRAL,Ingestão de álcool pelo condutor,Saída de leito carroçável,Com Vítimas Feridas,Pleno dia,Decrescente,Nublado,Simples,Curva;Declive,Não,1,0,1,0,0,0,1,1,-27.285444,-49.807579,SPRF-SC,DEL04-SC,UOP02-DEL04-SC,2022
"467318,0",2022-08-11,quinta-feira,14:30:00,SC,101,"123,0",ITAJAI,Condutor deixou de manter distância do veículo da frente,Colisão traseira,Com Vítimas Feridas,Pleno dia,Decrescente,Céu Claro,Dupla,Reta,Não,3,0,3,0,0,0,3,2,-26.93668609,-48.69876905,SPRF-SC,DEL04-SC,UOP04-DEL04-SC,2022
"467346,0",2022-08-11,quinta-feira,15:15:00,SC,101,"206,2",SAO JOSE,Condutor deixou de manter distância do veículo da frente,Colisão traseira,Com Vítimas Feridas,Pleno dia,Crescente,Nublado,Múltipla,Reta,Sim,2,0,1,0,1,0,1,2,-27.59193546,-48.61824557,SPRF-SC,DEL01-SC,UOP01-DEL01-SC,2022
"467365,0",2022-08-11,quinta-feira,17:50:00,SC,282,"406,0",CATANDUVAS,Condutor deixou de manter distância do veículo da frente,Engavetamento,Com Vítimas Feridas,Anoitecer,Crescente,Céu Claro,Simples,Reta,Não,7,0,1,0,6,0,1,3,-27.092703,-51.659904,SPRF-SC,DEL07-SC,UOP05-DEL07-SC,2022
"467369,0",2022-08-11,quinta-feira,17:26:00,SC,101,"127,0",BALNEARIO CAMBORIU,Manobra de mudança de faixa,Colisão lateral mesmo sentido,Com Vítimas Feridas,Anoitecer,Decrescente,Nublado,Dupla,Reta,Não,2,0,1,0,1,0,1,2,-26.9639319,-48.68328024,SPRF-SC,DEL04-SC,UOP04-DEL04-SC,2022
"467373,0",2022-08-11,quinta-feira,16:20:00,SC,101,"109,0",PENHA,Condutor deixou de manter distância do veículo da frente,Colisão traseira,Com Vítimas Feridas,Pleno dia,Decrescente,Nublado,Dupla,Reta,Não,2,0,1,0,1,0,1,2,-26.8333519,-48.69632106,SPRF-SC,DEL03-SC,UOP02-DEL03-SC,2022
"467380,0",2022-08-11,quinta-feira,18:00:00,SC,101,"30,0",JOINVILLE,Reação tardia ou ineficiente do condutor,Engavetamento,Com Vítimas Feridas,Plena Noite,Crescente,Chuva,Dupla,Reta;Declive,Sim,32,0,3,0,29,0,3,7,-26.216931,-48.91612807,SPRF-SC,DEL03-SC,UOP01-DEL03-SC,2022
"467390,0",2022-08-11,quinta-feira,19:20:00,SC,101,"220,0",PALHOCA,Reação tardia ou ineficiente do condutor,Colisão lateral mesmo sentido,Com Vítimas Feridas,Plena Noite,Crescente,Céu Claro,Dupla,Reta,Não,2,0,1,0,1,0,1,2,-27.69198941,-48.66368358,SPRF-SC,DEL01-SC,UOP02-DEL01-SC,2022
"467400,0",2022-08-11,quinta-feira,18:40:00,SC,101,"73,5",ARAQUARI,Transitar no acostamento,Colisão frontal,Com Vítimas Feridas,Plena Noite,Decrescente,Céu Claro,Dupla,Reta,Sim,2,0,0,1,1,0,1,2,-26.53620765,-48.71294975,SPRF-SC,DEL03-SC,UOP02-DEL03-SC,2022
"467409,0",2022-08-11,quinta-feira,20:35:00,SC,282,"15,7",PALHOCA,Retorno proibido,Colisão transversal,Com Vítimas Feridas,Plena Noite,Crescente,Nublado,Simples,Interseção de Vias,Sim,2,0,0,1,1,0,1,2,-27.65740285,-48.68082762,SPRF-SC,DEL01-SC,UOP02-DEL01-SC,2022
"467431,0",2022-08-12,sexta-feira,00:35:00,SC,101,"335,2",TUBARAO,Ingestão de álcool pelo condutor,Colisão com objeto,Com Vítimas Feridas,Plena Noite,Crescente,Nublado,Múltipla,Viaduto;Aclive;Reta,Sim,2,0,1,0,1,0,1,1,-28.47609475,-49.02926803,SPRF-SC,DEL02-SC,UOP01-DEL02-SC,2022
"467449,0",2022-08-12,sexta-feira,06:35:00,SC,101,"143,0",ITAPEMA,Acessar a via sem observar a presença dos outros veículos,Colisão lateral mesmo sentido,Com Vítimas Feridas,Pleno dia,Crescente,Céu Claro,Dupla,Reta,Sim,2,0,0,2,0,0,2,2,-27.06436,-48.59599405,SPRF-SC,DEL04-SC,UOP03-DEL04-SC,2022
"467485,0",2022-08-12,sexta-feira,07:20:00,SC,280,"25,9",ARAQUARI,Acesso irregular,Colisão transversal,Com Vítimas Feridas,Pleno dia,Crescente,Nublado,Simples,Em Obras,Sim,2,0,1,0,1,0,1,2,-26.38972308,-48.73411593,SPRF-SC,DEL03-SC,UOP03-DEL03-SC,2022
"467491,0",2022-08-12,sexta-feira,08:30:00,SC,282,"37,5",AGUAS MORNAS,Chuva,Saída de leito carroçável,Sem Vítimas,Pleno dia,Decrescente,Chuva,Simples,Curva,Não,2,0,0,0,2,0,0,1,-27.707325,-48.842983,SPRF-SC,DEL01-SC,UOP03-DEL01-SC,2022
"467493,0",2022-08-12,sexta-feira,07:30:00,SC,282,"67,0",RANCHO QUEIMADO,Ausência de reação do condutor,Saída de leito carroçável,Sem Vítimas,Pleno dia,Crescente,Chuva,Simples,Curva,Não,1,0,0,0,1,0,0,1,-27.695963,-49.0695,SPRF-SC,DEL01-SC,UOP03-DEL01-SC,2022
"467521,0",2022-08-12,sexta-feira,09:00:00,SC,282,"149,0",BOM RETIRO,Pista Escorregadia,Saída de leito carroçável,Com Vítimas Feridas,Pleno dia,Crescente,Garoa/Chuvisco,Simples,Curva,Não,4,0,4,0,0,0,4,1,-27.775295,-49.655903,SPRF-SC,DEL05-SC,UOP01-DEL05-SC,2022
"467536,0",2022-08-12,sexta-feira,12:36:00,SC,101,"327,8",CAPIVARI DE BAIXO,Ausência de reação do condutor,Tombamento,Com Vítimas Feridas,Pleno dia,Crescente,Céu Claro,Dupla,Declive;Reta,Não,2,0,1,1,0,0,2,1,-28.448048,-48.969388,SPRF-SC,DEL02-SC,UOP01-DEL02-SC,2022
"467537,0",2022-08-12,sexta-feira,13:05:00,SC,101,"147,0",ITAPEMA,Condutor deixou de manter distância do veículo da frente,Tombamento,Com Vítimas Feridas,Pleno dia,Decrescente,Céu Claro,Dupla,Reta,Sim,1,0,0,1,0,0,1,1,-27.09237407,-48.61730888,SPRF-SC,DEL04-SC,UOP03-DEL04-SC,2022
"467538,0",2022-08-12,sexta-feira,12:10:00,SC,470,"120,0",IBIRAMA,Trafegar com motocicleta (ou similar) entre as faixas,Tombamento,Com Vítimas Feridas,Pleno dia,Decrescente,Nublado,Simples,Reta,Não,1,0,0,1,0,0,1,1,-27.09218,-49.521209,SPRF-SC,DEL04-SC,UOP02-DEL04-SC,2022
"467564,0",2022-08-12,sexta-feira,10:35:00,SC,101,"278,5",IMBITUBA,Ausência de reação do condutor,Colisão lateral sentido oposto,Com Vítimas Feridas,Pleno dia,Crescente,Céu Claro,Dupla,Reta,Sim,2,0,1,0,1,0,1,2,-28.16300604,-48.6939345,SPRF-SC,DEL02-SC,UOP03-DEL02-SC,2022
"467610,0",2022-08-12,sexta-feira,17:00:00,SC,101,"30,4",JOINVILLE,Condutor deixou de manter distância do veículo da frente,Colisão lateral mesmo sentido,Com Vítimas Feridas,Pleno dia,Crescente,Nublado,Dupla,Reta,Não,2,0,1,0,1,0,1,2,-26.216931,-48.91612807,SPRF-SC,DEL03-SC,UOP01-DEL03-SC,2022
"467626,0",2022-08-12,sexta-feira,19:30:00,SC,101,"45,0",JOINVILLE,Acessar a via sem observar a presença dos outros veículos,Colisão transversal,Com Vítimas Feridas,Plena Noite,Crescente,Nublado,Simples,Interseção de Vias,Sim,2,0,2,0,0,0,2,2,-26.32214492,-48.8689509,SPRF-SC,DEL03-SC,UOP01-DEL03-SC,2022
"467630,0",2022-08-12,sexta-feira,20:40:00,SC,101,"205,7",SAO JOSE,Ausência de reação do condutor,Engavetamento,Com Vítimas Feridas,Plena Noite,Decrescente,Nublado,Múltipla,Reta,Sim,5,0,1,0,4,0,1,3,-27.58313237,-48.61532885,SPRF-SC,DEL01-SC,UOP01-DEL01-SC,2022
"467674,0",2022-08-13,sábado,00:35:00,SC,470,"62,7",INDAIAL,Ingestão de álcool pelo condutor,Colisão frontal,Com Vítimas Feridas,Plena Noite,Crescente,Nublado,Simples,Reta,Não,3,0,2,0,0,1,2,3,-26.874521,-49.182938,SPRF-SC,DEL04-SC,UOP01-DEL04-SC,2022
"467708,0",2022-08-13,sábado,05:00:00,SC,101,"340,0",TUBARAO,Condutor Dormindo,Saída de leito carroçável,Com Vítimas Feridas,Plena Noite,Decrescente,Céu Claro,Dupla,Reta,Sim,1,0,0,1,0,0,1,1,-28.501444,-49.04690399,SPRF-SC,DEL02-SC,UOP01-DEL02-SC,2022
"467710,0",2022-08-13,sábado,04:50:00,SC,470,"83,0",RODEIO,Ausência de reação do condutor,Colisão frontal,Com Vítimas Feridas,Plena Noite,Crescente,Nublado,Simples,Reta,Não,3,0,0,1,1,1,1,2,-26.963474,-49.332661,SPRF-SC,DEL04-SC,UOP01-DEL04-SC,2022
"467714,0",2022-08-13,sábado,06:25:00,SC,101,"35,0",JOINVILLE,Mal súbito do condutor,Saída de leito carroçável,Com Vítimas Feridas,Pleno dia,Crescente,Nublado,Simples,Reta,Não,1,0,1,0,0,0,1,1,-26.2411301,-48.91227415,SPRF-SC,DEL03-SC,UOP01-DEL03-SC,2022
"467731,0",2022-08-13,sábado,05:30:00,SC,282,"43,0",AGUAS MORNAS,Velocidade Incompatível,Saída de leito carroçável,Com Vítimas Feridas,Amanhecer,Crescente,Nublado,Simples,Aclive;Reta,Não,2,0,2,0,0,0,2,1,-27.719458,-48.897526,SPRF-SC,DEL01-SC,UOP03-DEL01-SC,2022
"467755,0",2022-08-13,sábado,08:30:00,SC,282,"0,7",FLORIANOPOLIS,Acessar a via sem observar a presença dos outros veículos,Atropelamento de Pedestre,Com Vítimas Feridas,Pleno dia,Crescente,Céu Claro,Múltipla,Reta,Sim,2,0,0,1,1,0,1,2,-27.59845,-48.571995,SPRF-SC,DEL01-SC,UOP01-DEL01-SC,2022
"467769,0",2022-08-13,sábado,09:15:00,SC,101,"331,0",TUBARAO,Desrespeitar a preferência no cruzamento,Colisão transversal,Com Vítimas Feridas,Pleno dia,Decrescente,Sol,Dupla,Interseção de Vias,Sim,2,0,1,0,1,0,1,2,-28.45567521,-48.9812689,SPRF-SC,DEL02-SC,UOP01-DEL02-SC,2022
"467781,0",2022-08-13,sábado,10:40:00,SC,101,"151,0",ITAPEMA,Acessar a via sem observar a presença dos outros veículos,Colisão transversal,Com Vítimas Feridas,Pleno dia,Decrescente,Céu Claro,Simples,Rotatória,Sim,3,0,1,0,2,0,1,2,-27.126536,-48.609642,SPRF-SC,DEL04-SC,UOP03-DEL04-SC,2022
"467789,0",2022-08-13,sábado,11:15:00,SC,101,"123,0",ITAJAI,Manobra de mudança de faixa,Colisão traseira,Com Vítimas Feridas,Pleno dia,Crescente,Nublado,Dupla,Reta,Não,2,0,1,0,1,0,1,2,-26.93668609,-48.69876905,SPRF-SC,DEL04-SC,UOP04-DEL04-SC,2022
"467796,0",2022-08-06,sábado,05:25:00,SC,282,"490,0",XANXERE,Ausência de reação do condutor,Saída de leito carroçável,Com Vítimas Feridas,Plena Noite,Crescente,Céu Claro,Simples,Reta,Não,1,0,1,0,0,0,1,1,-26.874599,-52.282806,SPRF-SC,DEL07-SC,UOP01-DEL07-SC,2022
"467799,0",2022-08-13,sábado,11:40:00,SC,282,"508,7",XANXERE,Reação tardia ou ineficiente do condutor,Tombamento,Com Vítimas Feridas,Pleno dia,Crescente,Céu Claro,Simples,Reta,Não,4,0,2,0,0,2,2,2,-26.887014,-52.448372,SPRF-SC,DEL07-SC,UOP01-DEL07-SC,2022
"467803,0",2022-08-13,sábado,13:40:00,SC,282,"222,0",LAGES,Curva acentuada,Colisão lateral mesmo sentido,Com Vítimas Feridas,Pleno dia,Crescente,Céu Claro,Dupla,Curva,Não,2,0,1,0,1,0,1,2,-27.797739,-50.353409,SPRF-SC,DEL05-SC,UOP01-DEL05-SC,2022
"467817,0",2022-08-13,sábado,08:30:00,SC,101,"215,5",PALHOCA,Manobra de mudança de faixa,Tombamento,Com Vítimas Feridas,Pleno dia,Decrescente,Nublado,Dupla,Interseção de Vias,Sim,1,0,1,0,0,0,1,1,-27.65184843,-48.67604941,SPRF-SC,DEL01-SC,UOP02-DEL01-SC,2022
"467818,0",2022-08-13,sábado,14:39:00,SC,470,"69,9",INDAIAL,Transitar na contramão,Colisão lateral sentido oposto,Com Vítimas Feridas,Pleno dia,Crescente,Nublado,Simples,Reta,Sim,3,0,2,0,1,0,2,2,-26.889374,-49.254478,SPRF-SC,DEL04-SC,UOP01-DEL04-SC,2022
"467822,0",2022-08-13,sábado,16:15:00,SC,101,"211,7",PALHOCA,Avarias e/ou desgaste excessivo no pneu,Tombamento,Com Vítimas Feridas,Pleno dia,Decrescente,Céu Claro,Múltipla,Reta,Sim,2,0,2,0,0,0,2,1,-27.62329313,-48.65245588,SPRF-SC,DEL01-SC,UOP02-DEL01-SC,2022
"467838,0",2022-08-13,sábado,15:30:00,SC,280,"95,8",CORUPA,Ausência de reação do condutor,Queda de ocupante de veículo,Com Vítimas Feridas,Pleno dia,Decrescente,Céu Claro,Simples,Curva,Não,1,0,1,0,0,0,1,1,-26.38583849,-49.30283476,SPRF-SC,DEL06-SC,UOP03-DEL06-SC,2022
"467841,0",2022-08-13,sábado,16:30:00,SC,101,"331,0",TUBARAO,Ingestão de álcool pelo condutor,Colisão lateral mesmo sentido,Sem Vítimas,Pleno dia,Decrescente,Céu Claro,Simples,Reta,Sim,3,0,0,0,3,0,0,2,-28.45567521,-48.9812689,SPRF-SC,DEL02-SC,UOP01-DEL02-SC,2022
"467852,0",2022-08-13,sábado,16:30:00,SC,101,"362,0",SANGAO,Ingestão de álcool pelo condutor,Colisão com objeto,Com Vítimas Feridas,Pleno dia,Decrescente,Sol,Simples,Curva,Não,2,0,0,2,0,0,2,1,-28.67885,-49.13826,SPRF-SC,DEL02-SC,UOP01-DEL02-SC,2022
"467859,0",2022-08-13,sábado,18:30:00,SC,101,"418,7",ARARANGUA,Condutor deixou de manter distância do veículo da frente,Colisão traseira,Com Vítimas Feridas,Plena Noite,Decrescente,Céu Claro,Múltipla,Reta,Sim,2,0,1,0,1,0,1,2,-28.9906811,-49.54766393,SPRF-SC,DEL02-SC,UOP02-DEL02-SC,2022
"467876,0",2022-08-13,sábado,20:15:00,SC,101,"214,1",PALHOCA,Manobra de mudança de faixa,Colisão lateral mesmo sentido,Com Vítimas Feridas,Plena Noite,Crescente,Nublado,Dupla,Reta,Sim,2,0,1,0,0,1,1,2,-27.64443,-48.67057,SPRF-SC,DEL01-SC,UOP02-DEL01-SC,2022
"467900,0",2022-08-13,sábado,18:30:00,SC,101,"82,2",BARRA VELHA,Acessar a via sem observar a presença dos outros veículos,Colisão lateral mesmo sentido,Com Vítimas Feridas,Plena Noite,Crescente,Nublado,Dupla,Reta,Não,2,0,1,0,1,0,1,2,-26.61719101,-48.71930122,SPRF-SC,DEL03-SC,UOP02-DEL03-SC,2022
"467908,0",2022-08-13,sábado,20:45:00,SC,470,"68,1",INDAIAL,Conversão proibida,Colisão transversal,Com Vítimas Feridas,Plena Noite,Decrescente,Céu Claro,Simples,Reta,Sim,2,0,0,1,1,0,1,2,-26.877615,-49.239231,SPRF-SC,DEL04-SC,UOP01-DEL04-SC,2022
"467910,0",2022-08-13,sábado,19:00:00,SC,158,"135,7",PALMITOS,Velocidade Incompatível,Capotamento,Com Vítimas Feridas,Plena Noite,Decrescente,Céu Claro,Múltipla,Curva,Não,1,0,0,1,0,0,1,1,-27.080172,-53.2244,SPRF-SC,DEL07-SC,UOP02-DEL07-SC,2022
"467923,0",2022-08-13,sábado,23:50:00,SC,282,"218,0",LAGES,Entrada inopinada do pedestre,Atropelamento de Pedestre,Com Vítimas Feridas,Plena Noite,Crescente,Nublado,Simples,Reta,Sim,3,0,0,1,1,1,1,2,-27.797235,-50.31361,SPRF-SC,DEL05-SC,UOP01-DEL05-SC,2022
"467932,0",2022-08-14,domingo,01:30:00,SC,282,"325,0",CAMPOS NOVOS,Velocidade Incompatível,Capotamento,Com Vítimas Feridas,Plena Noite,Crescente,Céu Claro,Simples,Interseção de Vias;Reta,Não,1,0,0,1,0,0,1,1,-27.37390148,-51.06994629,SPRF-SC,DEL07-SC,UOP06-DEL07-SC,2022
"467937,0",2022-08-14,domingo,02:05:00,SC,101,"210,0",SAO JOSE,Reação tardia ou ineficiente do condutor,Saída de leito carroçável,Com Vítimas Feridas,Plena Noite,Crescente,Céu Claro,Múltipla,Interseção de Vias,Sim,1,0,1,0,0,0,1,1,-27.6167305,-48.6457265,SPRF-SC,DEL01-SC,UOP01-DEL01-SC,2022
"467983,0",2022-07-29,sexta-feira,10:00:00,SC,282,"63,4",RANCHO QUEIMADO,Velocidade Incompatível,Colisão frontal,Com Vítimas Feridas,Pleno dia,Crescente,Sol,Simples,Reta,Não,5,0,2,0,1,2,2,3,-27.69648008,-49.04778332,SPRF-SC,DEL01-SC,UOP03-DEL01-SC,2022
"467995,0",2022-08-14,domingo,06:00:00,SC,282,"640,2",DESCANSO,Ausência de reação do condutor,Saída de leito carroçável,Sem Vítimas,Amanhecer,Crescente,Ignorado,Simples,Reta,Não,1,0,0,0,0,1,0,1,-26.788002,-53.458031,SPRF-SC,DEL07-SC,UOP03-DEL07-SC,2022
"468012,0",2022-08-14,domingo,10:18:00,SC,280,"56,4",GUARAMIRIM,Conversão proibida,Colisão transversal,Com Vítimas Feridas,Pleno dia,Crescente,Nublado,Dupla,Em Obras,Sim,3,0,2,1,0,0,3,2,-26.47947677,-49.00298702,SPRF-SC,DEL03-SC,UOP03-DEL03-SC,2022
"468014,0",2022-08-14,domingo,09:35:00,SC,101,"40,9",JOINVILLE,Reação tardia ou ineficiente do condutor,Colisão com objeto,Com Vítimas Feridas,Pleno dia,Decrescente,Céu Claro,Dupla,Curva,Sim,1,0,1,0,0,0,1,1,-26.27176094,-48.89468382,SPRF-SC,DEL03-SC,UOP01-DEL03-SC,2022
"468044,0",2022-08-14,domingo,13:05:00,SC,101,"21,0",JOINVILLE,Velocidade Incompatível,Colisão com objeto,Com Vítimas Feridas,Pleno dia,Crescente,Nublado,Dupla,Curva,Não,1,0,1,0,0,0,1,1,-26.14793022,-48.90894562,SPRF-SC,DEL03-SC,UOP01-DEL03-SC,2022
"468054,0",2022-05-21,sábado,21:00:00,SC,470,"86,7",RODEIO,Velocidade Incompatível,Colisão frontal,Com Vítimas Fatais,Plena Noite,Crescente,Céu Claro,Simples,Curva,Não,3,1,0,0,2,0,0,2,-26.9483068,-49.366025,SPRF-SC,DEL04-SC,UOP01-DEL04-SC,2022
"468059,0",2022-08-14,domingo,14:15:00,SC,282,"578,1",PINHALZINHO,Acessar a via sem observar a presença dos outros veículos,Colisão transversal,Com Vítimas Feridas,Pleno dia,Decrescente,Céu Claro,Simples,Rotatória,Sim,3,0,1,0,2,0,1,2,-26.838364,-52.985279,SPRF-SC,DEL07-SC,UOP02-DEL07-SC,2022
"468091,0",2022-08-14,domingo,18:25:00,SC,101,"109,9",PENHA,Ausência de reação do condutor,Colisão traseira,Sem Vítimas,Plena Noite,Crescente,Céu Claro,Dupla,Reta,Não,3,0,0,0,3,0,0,3,-26.8333519,-48.69632106,SPRF-SC,DEL03-SC,UOP02-DEL03-SC,2022
"468102,0",2022-08-14,domingo,17:50:00,SC,470,"76,0",INDAIAL,Ultrapassagem Indevida,Colisão lateral mesmo sentido,Com Vítimas Feridas,Anoitecer,Decrescente,Nublado,Simples,Reta,Não,2,0,1,0,1,0,1,2,-26.933308,-49.287426,SPRF-SC,DEL04-SC,UOP01-DEL04-SC,2022
"468108,0",2022-08-14,domingo,19:30:00,SC,280,"23,6",ARAQUARI,Acesso irregular,Colisão transversal,Com Vítimas Feridas,Plena Noite,Crescente,Nublado,Simples,Reta,Sim,2,0,1,0,1,0,1,2,-26.37146,-48.711887,SPRF-SC,DEL03-SC,UOP03-DEL03-SC,2022
"468144,0",2022-08-14,domingo,19:30:00,SC,116,"21,5",ITAIOPOLIS,Reação tardia ou ineficiente do condutor,Saída de leito carroçável,Com Vítimas Feridas,Plena Noite,Crescente,Céu Claro,Simples,Reta,Não,1,0,0,1,0,0,1,1,-26.24948781,-49.90733133,SPRF-SC,DEL06-SC,UOP01-DEL06-SC,2022
"468151,0",2022-08-14,domingo,21:45:00,SC,101,"209,0",SAO JOSE,Condutor deixou de manter distância do veículo da frente,Colisão traseira,Com Vítimas Feridas,Plena Noite,Decrescente,Céu Claro,Dupla,Reta,Sim,3,0,0,2,1,0,2,2,-27.61000542,-48.63895057,SPRF-SC,DEL01-SC,UOP01-DEL01-SC,2022
"468162,0",2022-08-14,domingo,23:03:00,SC,101,"201,7",SAO JOSE,Manobra de mudança de faixa,Colisão lateral mesmo sentido,Com Vítimas Feridas,Plena Noite,Crescente,Nublado,Múltipla,Reta,Sim,2,0,0,1,1,0,1,2,-27.54836599,-48.61977975,SPRF-SC,DEL01-SC,UOP01-DEL01-SC,2022
"468164,0",2022-08-14,domingo,23:40:00,SC,101,"197,0",BIGUACU,Acessar a via sem observar a presença dos outros veículos,Atropelamento de Pedestre,Com Vítimas Feridas,Plena Noite,Decrescente,Céu Claro,Múltipla,Reta,Sim,2,0,1,1,0,0,2,2,-27.51844497,-48.63848496,SPRF-SC,DEL01-SC,UOP01-DEL01-SC,2022
"468170,0",2022-08-14,domingo,23:20:00,SC,101,"196,4",BIGUACU,Acesso irregular,Atropelamento de Pedestre,Com Vítimas Fatais,Plena Noite,Crescente,Céu Claro,Múltipla,Reta,Sim,3,1,0,0,1,1,0,3,-27.5136765,-48.6403293,SPRF-SC,DEL01-SC,UOP01-DEL01-SC,2022
"468201,0",2022-08-15,segunda-feira,05:40:00,SC,470,"67,0",INDAIAL,Ausência de reação do condutor,Saída de leito carroçável,Sem Vítimas,Plena Noite,Crescente,Nublado,Simples,Reta;Em Obras,Não,1,0,0,0,0,1,0,1,-26.872158,-49.23127,SPRF-SC,DEL04-SC,UOP01-DEL04-SC,2022
"468216,0",2022-08-15,segunda-feira,07:30:00,SC,101,"185,0",BIGUACU,Reação tardia ou ineficiente do condutor,Saída de leito carroçável,Com Vítimas Feridas,Pleno dia,Decrescente,Céu Claro,Dupla,Reta,Não,1,0,1,0,0,0,1,1,-27.42536698,-48.62465876,SPRF-SC,DEL01-SC,UOP01-DEL01-SC,2022
"468222,0",2022-08-15,segunda-feira,07:35:00,SC,101,"123,0",ITAJAI,Reação tardia ou ineficiente do condutor,Queda de ocupante de veículo,Com Vítimas Feridas,Pleno dia,Crescente,Céu Claro,Simples,Interseção de Vias;Rotatória,Sim,1,0,1,0,0,0,1,1,-26.93668609,-48.69876905,SPRF-SC,DEL04-SC,UOP04-DEL04-SC,2022
"468292,0",2022-08-15,segunda-feira,13:55:00,SC,282,"215,9",LAGES,Acessar a via sem observar a presença dos outros veículos,Colisão lateral mesmo sentido,Com Vítimas Feridas,Pleno dia,Crescente,Sol,Dupla,Rotatória,Não,2,0,1,0,1,0,1,2,-27.79475662,-50.28396249,SPRF-SC,DEL05-SC,UOP01-DEL05-SC,2022
"468334,0",2022-08-15,segunda-feira,18:10:00,SC,101,"94,5",BARRA VELHA,Ausência de reação do condutor,Queda de ocupante de veículo,Com Vítimas Feridas,Anoitecer,Decrescente,Céu Claro,Múltipla,Curva,Sim,1,0,1,0,0,0,1,1,-26.69940401,-48.69902784,SPRF-SC,DEL03-SC,UOP02-DEL03-SC,2022
"468377,0",2022-08-15,segunda-feira,21:40:00,SC,101,"311,0",LAGUNA,Ausência de reação do condutor,Atropelamento de Pedestre,Com Vítimas Feridas,Plena Noite,Decrescente,Céu Claro,Dupla,Reta,Não,2,0,0,1,0,1,1,2,-28.42531311,-48.80068884,SPRF-SC,DEL02-SC,UOP01-DEL02-SC,2022
"468387,0",2022-08-16,terça-feira,05:10:00,SC,116,"253,9",LAGES,Condutor deixou de manter distância do veículo da frente,Colisão traseira,Com Vítimas Feridas,Plena Noite,Crescente,Chuva,Simples,Reta,Não,2,0,1,0,1,0,1,2,-27.86039974,-50.38910326,SPRF-SC,DEL05-SC,UOP02-DEL05-SC,2022
"468393,0",2022-08-16,terça-feira,06:10:00,SC,101,"35,3",JOINVILLE,Acumulo de areia ou detritos sobre o pavimento,Queda de ocupante de veículo,Com Vítimas Feridas,Amanhecer,Crescente,Céu Claro,Simples,Interseção de Vias,Sim,1,0,1,0,0,0,1,1,-26.27391966,-48.89426842,SPRF-SC,DEL03-SC,UOP01-DEL03-SC,2022
"468424,0",2022-08-08,segunda-feira,21:55:00,SC,101,"38,0",JOINVILLE,Velocidade Incompatível,Colisão traseira,Com Vítimas Feridas,Plena Noite,Decrescente,Chuva,Dupla,Reta,Não,6,0,5,0,1,0,5,2,-26.25472505,-48.90561309,SPRF-SC,DEL03-SC,UOP01-DEL03-SC,2022
"468426,0",2022-08-13,sábado,06:10:00,SC,282,"515,9",XAXIM,Ausência de reação do condutor,Colisão traseira,Com Vítimas Feridas,Amanhecer,Decrescente,Céu Claro,Simples,Declive,Não,2,0,1,0,1,0,1,2,-26.922623,-52.496132,SPRF-SC,DEL07-SC,UOP01-DEL07-SC,2022
"468443,0",2022-08-16,terça-feira,10:50:00,SC,101,"143,0",ITAPEMA,Trafegar com motocicleta (ou similar) entre as faixas,Tombamento,Com Vítimas Feridas,Pleno dia,Crescente,Garoa/Chuvisco,Dupla,Reta,Sim,2,0,1,0,1,0,1,2,-27.06436,-48.59599405,SPRF-SC,DEL04-SC,UOP03-DEL04-SC,2022
"468467,0",2022-08-16,terça-feira,14:00:00,SC,101,"120,0",ITAJAI,Velocidade Incompatível,Queda de ocupante de veículo,Com Vítimas Feridas,Pleno dia,Decrescente,Nublado,Múltipla,Reta,Sim,1,0,1,0,0,0,1,1,-26.912758,-48.711998,SPRF-SC,DEL04-SC,UOP04-DEL04-SC,2022
"468481,0",2022-08-16,terça-feira,15:55:00,SC,101,"210,0",SAO JOSE,Animais na Pista,Atropelamento de Animal,Com Vítimas Feridas,Pleno dia,Crescente,Nublado,Múltipla,Reta,Sim,5,0,2,0,3,0,2,4,-27.6167305,-48.6457265,SPRF-SC,DEL01-SC,UOP01-DEL01-SC,2022
"468483,0",2022-08-16,terça-feira,15:20:00,SC,101,"407,0",ARARANGUA,Ausência de reação do condutor,Saída de leito carroçável,Com Vítimas Feridas,Pleno dia,Decrescente,Nublado,Dupla,Reta,Não,2,0,1,1,0,0,2,1,-28.916828,-49.487758,SPRF-SC,DEL02-SC,UOP02-DEL02-SC,2022