id,data_inversa,dia_semana,horario,uf,br,km,municipio,causa_acidente,tipo_acidente,classificacao_acidente,fase_dia,sentido_via,condicao_metereologica,tipo_pista,tracado_via,uso_solo,pessoas,mortos,feridos_leves,feridos_graves,ilesos,ignorados,feridos,veiculos,latitude,longitude,regional,delegacia,uop,ano_arquivo
"468495,0",2022-04-18,segunda-feira,07:35:00,SC,282,"1,8",FLORIANOPOLIS,Ausência de reação do condutor,Colisão transversal,Sem Vítimas,Pleno dia,Decrescente,Céu Claro,Múltipla,Reta,Sim,2,0,0,0,2,0,0,2,-27.602955,-48.580509,SPRF-SC,DEL01-SC,UOP01-DEL01-SC,2022
"468518,0",2022-08-16,terça-feira,17:20:00,SC,101,"61,1",ARAQUARI,Velocidade Incompatível,Saída de leito carroçável,Com Vítimas Feridas,Anoitecer,Crescente,Chuva,Dupla,Curva,Não,1,0,1,0,0,0,1,1,-26.45474174,-48.77699195,SPRF-SC,DEL03-SC,UOP02-DEL03-SC,2022
"468532,0",2022-08-16,terça-feira,19:45:00,SC,101,"143,8",ITAPEMA,Avarias e/ou desgaste excessivo no pneu,Tombamento,Com Vítimas Feridas,Plena Noite,Crescente,Nublado,Dupla,Curva,Sim,1,0,0,1,0,0,1,1,-27.06436,-48.59599405,SPRF-SC,DEL04-SC,UOP03-DEL04-SC,2022
"468545,0",2022-08-16,terça-feira,17:30:00,SC,282,"554,1",NOVA ITABERABA,Velocidade Incompatível,Colisão traseira,Com Vítimas Feridas,Pleno dia,Crescente,Nublado,Simples,Curva,Sim,4,0,1,0,3,0,1,2,-26.936268,-52.800812,SPRF-SC,DEL07-SC,UOP01-DEL07-SC,2022
"468589,0",2022-08-17,quarta-feira,07:30:00,SC,280,"48,1",GUARAMIRIM,Acesso irregular,Colisão transversal,Com Vítimas Feridas,Pleno dia,Crescente,Garoa/Chuvisco,Simples,Interseção de Vias,Sim,3,0,1,0,2,0,1,2,-26.45506795,-48.92766502,SPRF-SC,DEL03-SC,UOP03-DEL03-SC,2022
"468592,0",2022-08-17,quarta-feira,08:00:00,SC,101,"213,7",PALHOCA,Reação tardia ou ineficiente do condutor,Colisão traseira,Com Vítimas Feridas,Pleno dia,Decrescente,Sol,Múltipla,Interseção de Vias,Sim,3,0,1,0,2,0,1,3,-27.63697369,-48.66514142,SPRF-SC,DEL01-SC,UOP02-DEL01-SC,2022
"468606,0",2022-08-17,quarta-feira,09:40:00,SC,282,"58,2",RANCHO QUEIMADO,Acessar a via sem observar a presença dos outros veículos,Colisão transversal,Com Vítimas Feridas,Pleno dia,Crescente,Céu Claro,Simples,Retorno Regulamentado,Sim,2,0,1,0,1,0,1,2,-27.683594,-49.005539,SPRF-SC,DEL01-SC,UOP03-DEL01-SC,2022
"468647,0",2022-08-17,quarta-feira,06:50:00,SC,280,"27,0",ARAQUARI,Acessar a via sem observar a presença dos outros veículos,Colisão transversal,Com Vítimas Feridas,Pleno dia,Crescente,Garoa/Chuvisco,Simples,Reta,Sim,2,0,1,0,1,0,1,2,-26.39685622,-48.74021969,SPRF-SC,DEL03-SC,UOP03-DEL03-SC,2022
"468652,0",2022-08-17,quarta-feira,14:00:00,SC,101,"140,0",BALNEARIO CAMBORIU,Ausência de reação do condutor,Engavetamento,Com Vítimas Feridas,Pleno dia,Crescente,Céu Claro,Simples,Aclive;Reta,Não,3,0,1,0,2,0,1,3,-27.03881189,-48.60025148,SPRF-SC,DEL04-SC,UOP03-DEL04-SC,2022
"468654,0",2022-08-17,quarta-feira,14:30:00,SC,101,"139,0",BALNEARIO CAMBORIU,Ausência de reação do condutor,Engavetamento,Com Vítimas Feridas,Pleno dia,Crescente,Céu Claro,Dupla,Curva,Sim,4,0,0,1,3,0,1,4,-27.02982303,-48.60115006,SPRF-SC,DEL04-SC,UOP03-DEL04-SC,2022
"468660,0",2022-08-17,quarta-feira,14:50:00,SC,101,"411,0",ARARANGUA,Acessar a via sem observar a presença dos outros veículos,Colisão transversal,Com Vítimas Feridas,Pleno dia,Crescente,Céu Claro,Simples,Rotatória;Interseção de Vias,Sim,3,0,2,0,1,0,2,3,-28.93112097,-49.4940421,SPRF-SC,DEL02-SC,UOP02-DEL02-SC,2022
"468681,0",2022-07-22,sexta-feira,07:40:00,SC,101,"204,0",SAO JOSE,Acessar a via sem observar a presença dos outros veículos,Tombamento,Com Vítimas Feridas,Pleno dia,Crescente,Céu Claro,Múltipla,Reta,Sim,1,0,0,1,0,0,1,1,-27.57305263,-48.61384213,SPRF-SC,DEL01-SC,UOP01-DEL01-SC,2022
"468693,0",2022-08-17,quarta-feira,18:10:00,SC,101,"214,3",PALHOCA,Condutor deixou de manter distância do veículo da frente,Colisão traseira,Com Vítimas Feridas,Anoitecer,Crescente,Nublado,Múltipla,Reta,Sim,3,0,0,1,2,0,1,3,-27.64443,-48.67057,SPRF-SC,DEL01-SC,UOP02-DEL01-SC,2022
"468698,0",2022-08-17,quarta-feira,18:20:00,SC,101,"213,9",PALHOCA,Trafegar com motocicleta (ou similar) entre as faixas,Colisão lateral mesmo sentido,Com Vítimas Feridas,Plena Noite,Crescente,Céu Claro,Múltipla,Reta,Sim,2,0,1,0,1,0,1,2,-27.63697369,-48.66514142,SPRF-SC,DEL01-SC,UOP02-DEL01-SC,2022
"468712,0",2022-08-17,quarta-feira,19:30:00,SC,282,"63,9",RANCHO QUEIMADO,Neblina,Saída de leito carroçável,Sem Vítimas,Plena Noite,Decrescente,Nevoeiro/Neblina,Simples,Curva,Não,1,0,0,0,1,0,0,1,-27.695372,-49.042824,SPRF-SC,DEL01-SC,UOP03-DEL01-SC,2022
"468720,0",2022-08-17,quarta-feira,18:45:00,SC,101,"150,0",ITAPEMA,Restrição de visibilidade em curvas horizontais,Colisão transversal,Com Vítimas Feridas,Plena Noite,Crescente,Céu Claro,Dupla,Interseção de Vias,Sim,2,0,0,1,1,0,1,2,-27.11744799,-48.60940987,SPRF-SC,DEL04-SC,UOP03-DEL04-SC,2022
"468727,0",2022-08-17,quarta-feira,21:00:00,SC,101,"281,0",IMBITUBA,Ausência de reação do condutor,Saída de leito carroçável,Sem Vítimas,Plena Noite,Decrescente,Céu Claro,Dupla,Reta,Não,1,0,0,0,1,0,0,1,-28.18793595,-48.69652041,SPRF-SC,DEL02-SC,UOP03-DEL02-SC,2022
"468735,0",2022-08-17,quarta-feira,23:00:00,SC,280,"66,4",JARAGUA DO SUL,Acessar a via sem observar a presença dos outros veículos,Colisão transversal,Com Vítimas Feridas,Plena Noite,Crescente,Garoa/Chuvisco,Simples,Reta,Sim,2,0,0,1,1,0,1,2,-26.475352,-49.106958,SPRF-SC,DEL03-SC,UOP03-DEL03-SC,2022
"468741,0",2022-08-17,quarta-feira,23:15:00,SC,101,"385,0",ICARA,Transitar na contramão,Saída de leito carroçável,Com Vítimas Feridas,Plena Noite,Crescente,Nublado,Dupla,Reta,Não,1,0,1,0,0,0,1,1,-28.79023471,-49.34585818,SPRF-SC,DEL02-SC,UOP02-DEL02-SC,2022
"468764,0",2022-08-18,quinta-feira,05:40:00,SC,101,"209,6",SAO JOSE,Manobra de mudança de faixa,Colisão lateral mesmo sentido,Com Vítimas Feridas,Amanhecer,Decrescente,Chuva,Dupla,Reta,Sim,2,0,1,0,1,0,1,2,-27.61000542,-48.63895057,SPRF-SC,DEL01-SC,UOP01-DEL01-SC,2022
"468779,0",2022-08-18,quinta-feira,08:00:00,SC,470,"7,7",NAVEGANTES,Retorno proibido,Colisão transversal,Com Vítimas Feridas,Pleno dia,Crescente,Chuva,Simples,Interseção de Vias,Não,2,0,2,0,0,0,2,2,-26.84499,-48.71505,SPRF-SC,DEL04-SC,UOP04-DEL04-SC,2022
"468803,0",2022-08-18,quinta-feira,11:20:00,SC,101,"215,0",PALHOCA,Acessar a via sem observar a presença dos outros veículos,Colisão lateral sentido oposto,Com Vítimas Feridas,Pleno dia,Decrescente,Nublado,Simples,Interseção de Vias,Sim,2,0,0,1,1,0,1,2,-27.65184843,-48.67604941,SPRF-SC,DEL01-SC,UOP02-DEL01-SC,2022
"468827,0",2022-08-13,sábado,04:40:00,SC,282,"381,3",HERVAL DOESTE,Reação tardia ou ineficiente do condutor,Saída de leito carroçável,Sem Vítimas,Plena Noite,Crescente,Céu Claro,Simples,Reta,Não,1,0,0,0,1,0,0,1,-27.204979,-51.501442,SPRF-SC,DEL07-SC,UOP05-DEL07-SC,2022
"468836,0",2022-08-18,quinta-feira,14:40:00,SC,101,"225,0",PALHOCA,Frear bruscamente,Tombamento,Com Vítimas Feridas,Pleno dia,Crescente,Chuva,Dupla,Reta,Não,1,0,1,0,0,0,1,1,-27.73292191,-48.6409567,SPRF-SC,DEL01-SC,UOP02-DEL01-SC,2022
"468837,0",2022-08-18,quinta-feira,13:40:00,SC,116,"52,0",PAPANDUVA,Acessar a via sem observar a presença dos outros veículos,Saída de leito carroçável,Sem Vítimas,Pleno dia,Decrescente,Nublado,Simples,Reta,Não,3,0,0,0,3,0,0,2,-26.39008273,-50.14576709,SPRF-SC,DEL06-SC,UOP01-DEL06-SC,2022
"468838,0",2022-08-18,quinta-feira,14:35:00,SC,101,"187,0",BIGUACU,Acessar a via sem observar a presença dos outros veículos,Atropelamento de Pedestre,Com Vítimas Feridas,Pleno dia,Decrescente,Garoa/Chuvisco,Dupla,Reta,Sim,2,0,1,0,1,0,1,2,-27.44307116,-48.62848475,SPRF-SC,DEL01-SC,UOP01-DEL01-SC,2022
"468859,0",2022-07-29,sexta-feira,15:55:00,SC,282,"3,0",FLORIANOPOLIS,Trafegar com motocicleta (ou similar) entre as faixas,Colisão lateral mesmo sentido,Com Vítimas Feridas,Pleno dia,Crescente,Céu Claro,Dupla,Reta,Sim,2,0,0,1,1,0,1,2,-27.600384,-48.599705,SPRF-SC,DEL01-SC,UOP01-DEL01-SC,2022
"468866,0",2022-08-18,quinta-feira,17:00:00,SC,101,"217,8",PALHOCA,Ausência de reação do condutor,Colisão lateral mesmo sentido,Com Vítimas Feridas,Pleno dia,Crescente,Chuva,Múltipla,Reta,Sim,2,0,1,0,0,1,1,2,-27.66779034,-48.67393586,SPRF-SC,DEL01-SC,UOP02-DEL01-SC,2022
"468888,0",2022-08-18,quinta-feira,07:40:00,SC,101,"365,0",SANGAO,Ausência de reação do condutor,Saída de leito carroçável,Com Vítimas Feridas,Pleno dia,Crescente,Chuva,Dupla,Reta,Não,1,0,1,0,0,0,1,1,-28.68290284,-49.14759308,SPRF-SC,DEL02-SC,UOP01-DEL02-SC,2022
"468898,0",2022-08-18,quinta-feira,20:50:00,SC,470,"68,3",INDAIAL,Ingestão de álcool e/ou substâncias psicoativas pelo pedestre,Atropelamento de Pedestre,Com Vítimas Feridas,Plena Noite,Crescente,Nublado,Múltipla,Em Obras;Reta,Sim,2,0,1,0,1,0,1,2,-26.88023307,-49.24292835,SPRF-SC,DEL04-SC,UOP01-DEL04-SC,2022
"468904,0",2022-08-18,quinta-feira,19:40:00,SC,280,"31,0",ARAQUARI,Ausência de reação do condutor,Saída de leito carroçável,Sem Vítimas,Plena Noite,Decrescente,Chuva,Simples,Reta,Não,1,0,0,0,1,0,0,1,-26.41649938,-48.77181215,SPRF-SC,DEL03-SC,UOP03-DEL03-SC,2022
"468913,0",2022-08-18,quinta-feira,23:00:00,SC,101,"219,0",PALHOCA,Ultrapassagem Indevida,Colisão traseira,Com Vítimas Feridas,Plena Noite,Crescente,Nublado,Dupla,Reta,Sim,2,0,1,0,1,0,1,2,-27.68392194,-48.66710085,SPRF-SC,DEL01-SC,UOP02-DEL01-SC,2022
"468925,0",2022-08-11,quinta-feira,04:55:00,SC,470,"70,8",INDAIAL,Acessar a via sem observar a presença dos outros veículos,Colisão transversal,Com Vítimas Feridas,Plena Noite,Crescente,Céu Claro,Simples,Em Obras;Reta,Sim,2,0,2,0,0,0,2,2,-26.89544774,-49.26258895,SPRF-SC,DEL04-SC,UOP01-DEL04-SC,2022
"468937,0",2022-08-19,sexta-feira,01:45:00,SC,101,"150,4",ITAPEMA,Velocidade Incompatível,Colisão traseira,Com Vítimas Feridas,Plena Noite,Crescente,Céu Claro,Múltipla,Curva,Sim,2,0,1,1,0,0,2,2,-27.11744799,-48.60940987,SPRF-SC,DEL04-SC,UOP03-DEL04-SC,2022
"468943,0",2022-08-19,sexta-feira,04:45:00,SC,470,"65,0",INDAIAL,Área urbana sem a presença de local apropriado para a travessia de pedestres,Colisão transversal,Com Vítimas Feridas,Plena Noite,Crescente,Nublado,Simples,Reta,Não,2,0,1,0,1,0,1,2,-26.870411,-49.211864,SPRF-SC,DEL04-SC,UOP01-DEL04-SC,2022
"468945,0",2022-08-19,sexta-feira,05:20:00,SC,116,"240,0",LAGES,Ingestão de álcool pelo condutor,Saída de leito carroçável,Sem Vítimas,Amanhecer,Crescente,Céu Claro,Simples,Reta,Não,1,0,0,0,1,0,0,1,-27.75844898,-50.33475912,SPRF-SC,DEL05-SC,UOP01-DEL05-SC,2022
"468977,0",2022-08-19,sexta-feira,07:35:00,SC,101,"327,2",TUBARAO,Reação tardia ou ineficiente do condutor,Colisão traseira,Com Vítimas Feridas,Pleno dia,Crescente,Céu Claro,Dupla,Viaduto;Reta;Aclive,Sim,3,0,1,0,2,0,1,3,-28.44475149,-48.96711588,SPRF-SC,DEL02-SC,UOP01-DEL02-SC,2022
"469068,0",2022-08-19,sexta-feira,16:35:00,SC,101,"208,0",SAO JOSE,Ingestão de álcool pelo condutor,Colisão traseira,Com Vítimas Feridas,Pleno dia,Decrescente,Céu Claro,Simples,Reta,Sim,3,0,1,0,2,0,1,3,-27.60327979,-48.63201818,SPRF-SC,DEL01-SC,UOP01-DEL01-SC,2022
"469079,0",2022-08-19,sexta-feira,16:40:00,SC,101,"33,4",JOINVILLE,Ingestão de álcool pelo condutor,Colisão traseira,Sem Vítimas,Pleno dia,Decrescente,Sol,Múltipla,Reta;Viaduto,Sim,2,0,0,0,2,0,0,2,-26.23200799,-48.91678053,SPRF-SC,DEL03-SC,UOP01-DEL03-SC,2022
"469083,0",2022-08-19,sexta-feira,16:20:00,SC,280,"120,0",SAO BENTO DO SUL,Acessar a via sem observar a presença dos outros veículos,Colisão transversal,Com Vítimas Feridas,Pleno dia,Crescente,Sol,Simples,Reta,Não,3,0,0,1,2,0,1,2,-26.26094075,-49.44273982,SPRF-SC,DEL06-SC,UOP03-DEL06-SC,2022
"469088,0",2022-08-19,sexta-feira,18:00:00,SC,101,"273,0",IMBITUBA,Acumulo de areia ou detritos sobre o pavimento,Colisão transversal,Com Vítimas Feridas,Anoitecer,Decrescente,Céu Claro,Dupla,Viaduto,Sim,3,0,1,0,2,0,1,2,-28.12382408,-48.69625015,SPRF-SC,DEL02-SC,UOP03-DEL02-SC,2022
"469097,0",2022-08-19,sexta-feira,17:41:00,SC,101,"135,0",BALNEARIO CAMBORIU,Ausência de reação do condutor,Colisão traseira,Com Vítimas Feridas,Plena Noite,Decrescente,Nublado,Múltipla,Reta,Sim,2,0,1,0,0,1,1,2,-27.0050108,-48.62677494,SPRF-SC,DEL04-SC,UOP03-DEL04-SC,2022
"469098,0",2022-08-19,sexta-feira,16:15:00,SC,470,"183,0",POUSO REDONDO,Ultrapassagem Indevida,Capotamento,Com Vítimas Feridas,Pleno dia,Decrescente,Céu Claro,Simples,Curva,Não,2,0,2,0,0,0,2,1,-27.251547,-50.016747,SPRF-SC,DEL04-SC,UOP02-DEL04-SC,2022
"469129,0",2022-08-19,sexta-feira,17:00:00,SC,470,"66,0",INDAIAL,Acessar a via sem observar a presença dos outros veículos,Colisão frontal,Com Vítimas Feridas,Anoitecer,Decrescente,Céu Claro,Dupla,Reta;Em Obras,Não,2,0,0,1,1,0,1,2,-26.870407,-49.221844,SPRF-SC,DEL04-SC,UOP01-DEL04-SC,2022
"469151,0",2022-08-19,sexta-feira,23:15:00,SC,101,"205,0",SAO JOSE,Problema com o freio,Colisão com objeto,Com Vítimas Feridas,Plena Noite,Decrescente,Céu Claro,Múltipla,Curva;Declive,Sim,1,0,0,1,0,0,1,1,-27.58313237,-48.61532885,SPRF-SC,DEL01-SC,UOP01-DEL01-SC,2022
"469153,0",2022-08-19,sexta-feira,23:45:00,SC,101,"217,0",PALHOCA,Reação tardia ou ineficiente do condutor,Colisão traseira,Com Vítimas Feridas,Plena Noite,Decrescente,Céu Claro,Simples,Reta,Sim,2,0,1,0,1,0,1,2,-27.66779034,-48.67393586,SPRF-SC,DEL01-SC,UOP02-DEL01-SC,2022
"469177,0",2022-08-20,sábado,03:40:00,SC,470,"2,0",NAVEGANTES,Ingestão de álcool pelo condutor,Colisão com objeto,Sem Vítimas,Plena Noite,Decrescente,Céu Claro,Dupla,Reta,Sim,1,0,0,0,0,1,0,1,-26.868551,-48.674831,SPRF-SC,DEL04-SC,UOP04-DEL04-SC,2022
"469178,0",2022-08-20,sábado,01:50:00,SC,163,"84,1",GUARACIABA,Transitar na contramão,Colisão frontal,Com Vítimas Feridas,Plena Noite,Decrescente,Céu Claro,Simples,Em Obras;Reta,Não,3,0,2,1,0,0,3,2,-26.61289381,-53.51878166,SPRF-SC,DEL07-SC,UOP03-DEL07-SC,2022
"469203,0",2022-08-20,sábado,06:50:00,SC,153,"58,8",IRANI,Pista Escorregadia,Tombamento,Com Vítimas Feridas,Pleno dia,Decrescente,Céu Claro,Simples,Rotatória,Não,1,0,1,0,0,0,1,1,-26.96919453,-51.85413837,SPRF-SC,DEL07-SC,UOP04-DEL07-SC,2022
"469226,0",2022-08-20,sábado,10:00:00,SC,101,"208,0",SAO JOSE,Condutor deixou de manter distância do veículo da frente,Colisão traseira,Com Vítimas Feridas,Pleno dia,Decrescente,Céu Claro,Simples,Reta,Não,4,0,1,0,3,0,1,2,-27.60327979,-48.63201818,SPRF-SC,DEL01-SC,UOP01-DEL01-SC,2022
"469262,0",2022-08-20,sábado,14:10:00,SC,101,"104,8",PENHA,Velocidade Incompatível,Colisão com objeto,Com Vítimas Feridas,Pleno dia,Decrescente,Nublado,Dupla,Curva,Sim,1,0,0,1,0,0,1,1,-26.79902145,-48.6788857,SPRF-SC,DEL03-SC,UOP02-DEL03-SC,2022
"469308,0",2022-08-20,sábado,19:53:00,SC,101,"117,0",ITAJAI,Ausência de reação do condutor,Colisão lateral mesmo sentido,Com Vítimas Feridas,Plena Noite,Crescente,Céu Claro,Múltipla,Reta,Sim,2,0,1,0,1,0,1,2,-26.88747187,-48.72252969,SPRF-SC,DEL04-SC,UOP04-DEL04-SC,2022
"469309,0",2022-08-20,sábado,19:30:00,SC,280,"246,6",CANOINHAS,Ausência de reação do condutor,Saída de leito carroçável,Com Vítimas Feridas,Plena Noite,Decrescente,Céu Claro,Simples,Curva,Não,1,0,1,0,0,0,1,1,-26.24768921,-50.5033452,SPRF-SC,DEL06-SC,UOP04-DEL06-SC,2022
"469342,0",2022-08-20,sábado,22:37:00,SC,470,"22,0",ILHOTA,Reação tardia ou ineficiente do condutor,Saída de leito carroçável,Com Vítimas Feridas,Plena Noite,Crescente,Nublado,Dupla,Curva,Não,1,0,1,0,0,0,1,1,-26.880066,-48.836224,SPRF-SC,DEL04-SC,UOP04-DEL04-SC,2022
"469367,0",2022-08-20,sábado,23:09:00,SC,470,"185,7",POUSO REDONDO,Velocidade Incompatível,Colisão frontal,Com Vítimas Feridas,Plena Noite,Crescente,Céu Claro,Simples,Curva,Não,6,0,1,0,5,0,1,2,-27.256019,-50.045531,SPRF-SC,DEL04-SC,UOP02-DEL04-SC,2022
"469387,0",2022-08-21,domingo,04:06:00,SC,282,"512,9",XANXERE,Velocidade Incompatível,Saída de leito carroçável,Com Vítimas Feridas,Plena Noite,Decrescente,Céu Claro,Simples,Curva,Não,1,0,1,0,0,0,1,1,-26.914218,-52.477514,SPRF-SC,DEL07-SC,UOP01-DEL07-SC,2022
"469399,0",2022-08-21,domingo,01:20:00,SC,101,"328,0",CAPIVARI DE BAIXO,Ausência de reação do condutor,Saída de leito carroçável,Com Vítimas Feridas,Plena Noite,Decrescente,Céu Claro,Múltipla,Reta,Sim,1,0,1,0,0,0,1,1,-28.43648094,-48.95989307,SPRF-SC,DEL02-SC,UOP01-DEL02-SC,2022
"469426,0",2022-08-21,domingo,06:50:00,SC,280,"52,4",GUARAMIRIM,Ausência de reação do condutor,Saída de leito carroçável,Sem Vítimas,Amanhecer,Crescente,Céu Claro,Simples,Em Obras;Reta,Sim,1,0,0,0,0,1,0,1,-26.471433,-48.972191,SPRF-SC,DEL03-SC,UOP03-DEL03-SC,2022
"469452,0",2022-08-21,domingo,09:45:00,SC,101,"376,4",ICARA,Demais falhas mecânicas ou elétricas,Queda de ocupante de veículo,Com Vítimas Feridas,Pleno dia,Decrescente,Céu Claro,Dupla,Reta,Não,2,0,2,0,0,0,2,1,-28.72736111,-49.24066084,SPRF-SC,DEL02-SC,UOP01-DEL02-SC,2022
"469460,0",2022-08-21,domingo,11:45:00,SC,101,"440,5",SANTA ROSA DO SUL,Demais falhas mecânicas ou elétricas,Colisão transversal,Com Vítimas Feridas,Pleno dia,Decrescente,Céu Claro,Múltipla,Reta,Sim,2,0,1,0,1,0,1,2,-29.12829948,-49.68276545,SPRF-SC,DEL02-SC,UOP02-DEL02-SC,2022
"469463,0",2022-08-21,domingo,13:30:00,SC,163,"83,3",GUARACIABA,Ingestão de álcool pelo condutor,Saída de leito carroçável,Sem Vítimas,Pleno dia,Crescente,Céu Claro,Simples,Reta,Não,1,0,0,0,1,0,0,1,-26.62425308,-53.51596135,SPRF-SC,DEL07-SC,UOP03-DEL07-SC,2022
"469465,0",2022-08-21,domingo,07:15:00,SC,101,"407,0",ARARANGUA,Reação tardia ou ineficiente do condutor,Saída de leito carroçável,Sem Vítimas,Pleno dia,Crescente,Céu Claro,Dupla,Reta,Não,1,0,0,0,1,0,0,1,-28.90009415,-49.47472781,SPRF-SC,DEL02-SC,UOP02-DEL02-SC,2022
"469472,0",2022-08-21,domingo,15:00:00,SC,282,"59,2",RANCHO QUEIMADO,Conversão proibida,Colisão traseira,Com Vítimas Feridas,Pleno dia,Decrescente,Céu Claro,Simples,Declive,Não,2,0,1,0,1,0,1,2,-27.677965,-49.011559,SPRF-SC,DEL01-SC,UOP03-DEL01-SC,2022
"469474,0",2022-08-21,domingo,06:10:00,SC,282,"520,3",XAXIM,Ingestão de álcool pelo condutor,Saída de leito carroçável,Sem Vítimas,Amanhecer,Decrescente,Céu Claro,Simples,Curva,Sim,1,0,0,0,0,1,0,1,-26.950415,-52.526096,SPRF-SC,DEL07-SC,UOP01-DEL07-SC,2022
"469486,0",2022-08-21,domingo,16:40:00,SC,101,"306,8",LAGUNA,Mal súbito do condutor,Saída de leito carroçável,Com Vítimas Feridas,Pleno dia,Crescente,Céu Claro,Múltipla,Reta,Não,2,0,2,0,0,0,2,1,-28.41102757,-48.79310673,SPRF-SC,DEL02-SC,UOP03-DEL02-SC,2022
"469509,0",2022-08-21,domingo,19:03:00,SC,101,"43,8",JOINVILLE,Acessar a via sem observar a presença dos outros veículos,Colisão transversal,Com Vítimas Feridas,Plena Noite,Decrescente,Céu Claro,Dupla,Reta,Sim,2,0,1,0,0,1,1,2,-26.30357106,-48.88225609,SPRF-SC,DEL03-SC,UOP01-DEL03-SC,2022
"469531,0",2022-08-21,domingo,18:30:00,SC,470,"336,2",CAMPOS NOVOS,Transitar na contramão,Colisão frontal,Com Vítimas Fatais,Plena Noite,Decrescente,Céu Claro,Simples,Reta,Não,4,2,1,1,0,0,2,2,-27.50979394,-51.34700775,SPRF-SC,DEL07-SC,UOP06-DEL07-SC,2022
"469540,0",2022-08-21,domingo,19:00:00,SC,101,"409,9",ARARANGUA,Transitar na contramão,Colisão lateral sentido oposto,Sem Vítimas,Plena Noite,Decrescente,Céu Claro,Simples,Reta,Sim,2,0,0,0,2,0,0,2,-28.93953615,-49.49732088,SPRF-SC,DEL02-SC,UOP02-DEL02-SC,2022
"469546,0",2022-08-21,domingo,18:30:00,SC,101,"416,0",ARARANGUA,Reação tardia ou ineficiente do condutor,Colisão transversal,Com Vítimas Feridas,Plena Noite,Decrescente,Ignorado,Simples,Interseção de Vias,Sim,2,0,1,0,1,0,1,2,-28.96708874,-49.52338825,SPRF-SC,DEL02-SC,UOP02-DEL02-SC,2022
"469553,0",2022-08-21,domingo,22:05:00,SC,280,"23,9",ARAQUARI,Acessar a via sem observar a presença dos outros veículos,Colisão transversal,Com Vítimas Feridas,Plena Noite,Crescente,Céu Claro,Simples,Reta,Sim,4,0,0,1,2,1,1,4,-26.40450077,-48.74561031,SPRF-SC,DEL03-SC,UOP03-DEL03-SC,2022
"469569,0",2022-08-21,domingo,20:45:00,SC,116,"79,0",MONTE CASTELO,Ingestão de álcool pelo condutor,Colisão com objeto,Sem Vítimas,Plena Noite,Crescente,Céu Claro,Simples,Reta,Não,1,0,0,0,1,0,0,1,-26.54745004,-50.22398538,SPRF-SC,DEL06-SC,UOP02-DEL06-SC,2022
"469582,0",2022-08-22,segunda-feira,01:30:00,SC,280,"121,0",SAO BENTO DO SUL,Ingestão de álcool pelo condutor,Saída de leito carroçável,Sem Vítimas,Plena Noite,Decrescente,Céu Claro,Dupla,Rotatória,Não,1,0,0,0,1,0,0,1,-26.25533096,-49.45057797,SPRF-SC,DEL06-SC,UOP03-DEL06-SC,2022
"469651,0",2022-08-22,segunda-feira,11:10:00,SC,480,"127,7",CHAPECO,Conversão proibida,Colisão transversal,Com Vítimas Feridas,Pleno dia,Decrescente,Sol,Simples,Reta,Sim,3,0,1,0,2,0,1,2,-27.02885905,-52.63380035,SPRF-SC,DEL07-SC,UOP01-DEL07-SC,2022
"469652,0",2022-08-22,segunda-feira,11:30:00,SC,101,"211,9",PALHOCA,Velocidade Incompatível,Colisão traseira,Com Vítimas Feridas,Pleno dia,Decrescente,Nublado,Múltipla,Reta,Sim,2,0,0,1,1,0,1,2,-27.62329313,-48.65245588,SPRF-SC,DEL01-SC,UOP02-DEL01-SC,2022
"469662,0",2022-08-14,domingo,17:15:00,SC,470,"63,2",INDAIAL,Desrespeitar a preferência no cruzamento,Colisão transversal,Com Vítimas Feridas,Pleno dia,Crescente,Nublado,Simples,Declive;Reta,Sim,4,0,3,1,0,0,4,2,-26.872396,-49.19228,SPRF-SC,DEL04-SC,UOP01-DEL04-SC,2022
"469663,0",2022-08-22,segunda-feira,11:29:00,SC,101,"113,0",ITAJAI,Reação tardia ou ineficiente do condutor,Tombamento,Com Vítimas Feridas,Pleno dia,Decrescente,Céu Claro,Dupla,Reta,Sim,1,0,1,0,0,0,1,1,-26.85311393,-48.72689927,SPRF-SC,DEL04-SC,UOP04-DEL04-SC,2022
"469693,0",2022-08-22,segunda-feira,16:40:00,SC,282,"33,5",AGUAS MORNAS,Ultrapassagem Indevida,Colisão traseira,Com Vítimas Feridas,Pleno dia,Decrescente,Nublado,Simples,Interseção de Vias;Reta;Declive,Não,2,0,0,1,1,0,1,2,-27.706587,-48.808144,SPRF-SC,DEL01-SC,UOP03-DEL01-SC,2022
"469702,0",2022-08-22,segunda-feira,17:00:00,SC,101,"42,0",JOINVILLE,Velocidade Incompatível,Tombamento,Com Vítimas Feridas,Pleno dia,Crescente,Nublado,Simples,Declive,Sim,1,0,1,0,0,0,1,1,-26.32531618,-48.86649013,SPRF-SC,DEL03-SC,UOP01-DEL03-SC,2022
"469704,0",2022-08-22,segunda-feira,17:35:00,SC,101,"206,0",SAO JOSE,Manobra de mudança de faixa,Colisão traseira,Com Vítimas Feridas,Anoitecer,Decrescente,Nublado,Múltipla,Reta,Sim,3,0,1,1,1,0,2,2,-27.58867689,-48.61692851,SPRF-SC,DEL01-SC,UOP01-DEL01-SC,2022