id,data_inversa,dia_semana,horario,uf,br,km,municipio,causa_acidente,tipo_acidente,classificacao_acidente,fase_dia,sentido_via,condicao_metereologica,tipo_pista,tracado_via,uso_solo,pessoas,mortos,feridos_leves,feridos_graves,ilesos,ignorados,feridos,veiculos,latitude,longitude,regional,delegacia,uop,ano_arquivo
"470738,0",2022-08-27,sábado,23:15:00,SC,282,"239,8",SAO JOSE DO CERRITO,Transitar na contramão,Colisão frontal,Com Vítimas Feridas,Plena Noite,Decrescente,Céu Claro,Simples,Reta;Interseção de Vias;Declive,Não,4,0,3,1,0,0,4,2,-27.771513,-50.496738,SPRF-SC,DEL05-SC,UOP02-DEL05-SC,2022
"470744,0",2022-08-27,sábado,23:30:00,SC,282,"85,0",ALFREDO WAGNER,Ingestão de álcool pelo condutor,Capotamento,Sem Vítimas,Plena Noite,Crescente,Céu Claro,Simples,Curva,Não,1,0,0,0,1,0,0,1,-27.667007,-49.192802,SPRF-SC,DEL01-SC,UOP03-DEL01-SC,2022
"470750,0",2022-08-28,domingo,02:45:00,SC,101,"132,0",BALNEARIO CAMBORIU,Condutor Dormindo,Colisão com objeto,Com Vítimas Feridas,Plena Noite,Decrescente,Céu Claro,Dupla,Reta,Sim,1,0,0,1,0,0,1,1,-26.99654133,-48.65564711,SPRF-SC,DEL04-SC,UOP03-DEL04-SC,2022
"470758,0",2022-08-28,domingo,04:20:00,SC,101,"377,0",ICARA,Condutor Dormindo,Colisão com objeto,Com Vítimas Feridas,Plena Noite,Crescente,Chuva,Dupla,Reta,Não,1,0,1,0,0,0,1,1,-28.7345708,-49.24624124,SPRF-SC,DEL02-SC,UOP01-DEL02-SC,2022
"470760,0",2022-08-28,domingo,03:09:00,SC,101,"27,2",JOINVILLE,Mal súbito do condutor,Colisão com objeto,Com Vítimas Feridas,Plena Noite,Crescente,Nevoeiro/Neblina,Dupla,Viaduto,Sim,3,0,1,0,0,2,1,2,-26.20130351,-48.91331794,SPRF-SC,DEL03-SC,UOP01-DEL03-SC,2022
"470761,0",2022-08-28,domingo,04:00:00,SC,282,"613,8",MARAVILHA,Ingestão de álcool pelo condutor,Saída de leito carroçável,Sem Vítimas,Plena Noite,Decrescente,Céu Claro,Simples,Curva,Não,1,0,0,0,1,0,0,1,-26.765053,-53.255871,SPRF-SC,DEL07-SC,UOP02-DEL07-SC,2022
"470787,0",2022-08-28,domingo,02:50:00,SC,101,"41,0",JOINVILLE,Desrespeitar a preferência no cruzamento,Colisão transversal,Sem Vítimas,Plena Noite,Decrescente,Nevoeiro/Neblina,Dupla,Rotatória,Sim,2,0,0,0,2,0,0,2,-26.3187716,-48.87131447,SPRF-SC,DEL03-SC,UOP01-DEL03-SC,2022
"470792,0",2022-08-28,domingo,08:30:00,SC,101,"97,0",BALNEARIO PICARRAS,Acessar a via sem observar a presença dos outros veículos,Colisão traseira,Com Vítimas Feridas,Pleno dia,Decrescente,Sol,Dupla,Curva,Não,4,0,3,0,1,0,3,2,-26.73247408,-48.70052576,SPRF-SC,DEL03-SC,UOP02-DEL03-SC,2022
"470809,0",2022-08-28,domingo,10:10:00,SC,101,"148,0",ITAPEMA,Condutor deixou de manter distância do veículo da frente,Colisão traseira,Sem Vítimas,Pleno dia,Decrescente,Céu Claro,Dupla,Curva,Não,2,0,0,0,2,0,0,2,-27.10123686,-48.61807962,SPRF-SC,DEL04-SC,UOP03-DEL04-SC,2022
"470810,0",2022-08-28,domingo,08:15:00,SC,282,"499,1",XANXERE,Ingestão de álcool pelo condutor,Tombamento,Com Vítimas Feridas,Pleno dia,Crescente,Céu Claro,Simples,Interseção de Vias,Não,1,0,1,0,0,0,1,1,-26.880869,-52.363121,SPRF-SC,DEL07-SC,UOP01-DEL07-SC,2022
"470814,0",2022-08-28,domingo,10:30:00,SC,101,"38,6",JOINVILLE,Acessar a via sem observar a presença dos outros veículos,Colisão transversal,Com Vítimas Feridas,Pleno dia,Decrescente,Céu Claro,Dupla,Interseção de Vias;Viaduto;Rotatória,Sim,4,0,1,0,3,0,1,2,-26.25578015,-48.9055109,SPRF-SC,DEL03-SC,UOP01-DEL03-SC,2022
"470831,0",2022-08-28,domingo,14:00:00,SC,282,"506,8",XANXERE,Manobra de mudança de faixa,Colisão lateral mesmo sentido,Com Vítimas Feridas,Pleno dia,Decrescente,Chuva,Dupla,Curva,Sim,2,0,1,0,1,0,1,2,-26.885883,-52.418762,SPRF-SC,DEL07-SC,UOP01-DEL07-SC,2022
"470853,0",2022-08-28,domingo,13:21:00,SC,116,"19,5",MAFRA,Ultrapassagem Indevida,Colisão lateral mesmo sentido,Com Vítimas Feridas,Pleno dia,Decrescente,Céu Claro,Simples,Reta,Não,5,0,3,1,0,1,4,3,-26.23187683,-49.89719868,SPRF-SC,DEL06-SC,UOP01-DEL06-SC,2022
"470860,0",2022-08-28,domingo,15:10:00,SC,470,"147,3",RIO DO SUL,Condutor deixou de manter distância do veículo da frente,Colisão frontal,Com Vítimas Feridas,Pleno dia,Crescente,Chuva,Simples,Reta,Não,3,0,2,0,1,0,2,2,-27.243439,-49.690025,SPRF-SC,DEL04-SC,UOP02-DEL04-SC,2022
"470873,0",2022-08-13,sábado,05:30:00,SC,101,"417,0",ARARANGUA,Ausência de reação do condutor,Colisão com objeto,Com Vítimas Feridas,Plena Noite,Decrescente,Ignorado,Múltipla,Reta,Não,1,0,1,0,0,0,1,1,-28.97376391,-49.53023409,SPRF-SC,DEL02-SC,UOP02-DEL02-SC,2022
"470885,0",2022-08-28,domingo,15:30:00,SC,282,"412,0",CATANDUVAS,Reação tardia ou ineficiente do condutor,Colisão lateral sentido oposto,Com Vítimas Fatais,Pleno dia,Decrescente,Chuva,Simples,Declive;Curva,Não,8,1,1,4,2,0,5,2,-27.05996,-51.67937,SPRF-SC,DEL07-SC,UOP05-DEL07-SC,2022
"470886,0",2022-08-28,domingo,13:30:00,SC,282,"535,2",CHAPECO,Desrespeitar a preferência no cruzamento,Colisão transversal,Com Vítimas Feridas,Pleno dia,Crescente,Nublado,Simples,Rotatória;Interseção de Vias,Sim,2,0,0,1,1,0,1,2,-26.9997962,-52.64609814,SPRF-SC,DEL07-SC,UOP01-DEL07-SC,2022
"470890,0",2022-08-28,domingo,17:20:00,SC,101,"63,0",ARAQUARI,Condutor deixou de manter distância do veículo da frente,Colisão traseira,Com Vítimas Feridas,Anoitecer,Decrescente,Garoa/Chuvisco,Dupla,Reta,Não,3,0,1,0,2,0,1,2,-26.45898367,-48.7584088,SPRF-SC,DEL03-SC,UOP02-DEL03-SC,2022
"470921,0",2022-08-28,domingo,21:05:00,SC,101,"215,0",PALHOCA,Condutor deixou de manter distância do veículo da frente,Colisão traseira,Com Vítimas Feridas,Plena Noite,Crescente,Céu Claro,Múltipla,Reta,Sim,2,0,1,0,1,0,1,2,-27.65184843,-48.67604941,SPRF-SC,DEL01-SC,UOP02-DEL01-SC,2022
"470927,0",2022-08-28,domingo,21:00:00,SC,101,"113,0",ITAJAI,Reação tardia ou ineficiente do condutor,Saída de leito carroçável,Com Vítimas Feridas,Plena Noite,Decrescente,Garoa/Chuvisco,Múltipla,Reta,Não,1,0,0,1,0,0,1,1,-26.85311393,-48.72689927,SPRF-SC,DEL04-SC,UOP04-DEL04-SC,2022
"470930,0",2022-08-28,domingo,20:00:00,SC,282,"637,0",DESCANSO,Ingestão de álcool pelo condutor,Colisão lateral sentido oposto,Sem Vítimas,Plena Noite,Decrescente,Céu Claro,Simples,Curva,Não,2,0,0,0,2,0,0,2,-26.806643,-53.441025,SPRF-SC,DEL07-SC,UOP03-DEL07-SC,2022
"470941,0",2022-08-28,domingo,22:00:00,SC,470,"68,0",INDAIAL,Ausência de reação do condutor,Colisão frontal,Com Vítimas Feridas,Plena Noite,Crescente,Chuva,Simples,Curva,Não,3,0,0,2,1,0,2,2,-26.877615,-49.239231,SPRF-SC,DEL04-SC,UOP01-DEL04-SC,2022
"470943,0",2022-08-28,domingo,19:30:00,SC,282,"261,1",SAO JOSE DO CERRITO,Animais na Pista,Atropelamento de Animal,Sem Vítimas,Plena Noite,Crescente,Nublado,Simples,Reta,Não,1,0,0,0,1,0,0,1,-27.637173,-50.598797,SPRF-SC,DEL05-SC,UOP02-DEL05-SC,2022
"470948,0",2022-08-28,domingo,20:40:00,SC,101,"383,0",ICARA,Reação tardia ou ineficiente do condutor,Capotamento,Com Vítimas Feridas,Plena Noite,Decrescente,Céu Claro,Dupla,Reta,Não,1,0,1,0,0,0,1,1,-28.7644284,-49.29379981,SPRF-SC,DEL02-SC,UOP02-DEL02-SC,2022
"470957,0",2022-08-28,domingo,23:22:00,SC,101,"199,0",BIGUACU,Velocidade Incompatível,Colisão traseira,Sem Vítimas,Plena Noite,Crescente,Céu Claro,Dupla,Reta,Sim,2,0,0,0,2,0,0,2,-27.53413705,-48.63003205,SPRF-SC,DEL01-SC,UOP01-DEL01-SC,2022
"470977,0",2022-08-29,segunda-feira,01:50:00,SC,101,"82,4",BARRA VELHA,Velocidade Incompatível,Saída de leito carroçável,Com Vítimas Feridas,Plena Noite,Crescente,Nublado,Simples,Rotatória,Não,1,0,1,0,0,0,1,1,-26.61085222,-48.72204472,SPRF-SC,DEL03-SC,UOP02-DEL03-SC,2022
"470986,0",2022-08-29,segunda-feira,04:30:00,SC,470,"227,0",SAO CRISTOVAO DO SUL,Ausência de reação do condutor,Saída de leito carroçável,Sem Vítimas,Plena Noite,Crescente,Nevoeiro/Neblina,Simples,Curva,Não,1,0,0,0,0,1,0,1,-27.324558,-50.369602,SPRF-SC,DEL05-SC,UOP03-DEL05-SC,2022
"470991,0",2022-08-28,domingo,19:25:00,SC,101,"399,0",MARACAJA,Ausência de reação do condutor,Colisão frontal,Com Vítimas Feridas,Plena Noite,Crescente,Ignorado,Múltipla,Interseção de Vias,Sim,2,0,0,1,1,0,1,2,-28.84171475,-49.42814418,SPRF-SC,DEL02-SC,UOP02-DEL02-SC,2022
"471012,0",2022-08-29,segunda-feira,08:00:00,SC,282,"5,0",SAO JOSE,Condutor deixou de manter distância do veículo da frente,Colisão traseira,Com Vítimas Feridas,Pleno dia,Decrescente,Céu Claro,Dupla,Reta,Sim,2,0,1,0,1,0,1,2,-27.588425,-48.612919,SPRF-SC,DEL01-SC,UOP01-DEL01-SC,2022
"471028,0",2022-08-29,segunda-feira,08:00:00,SC,282,"5,0",SAO JOSE,Ausência de reação do condutor,Colisão lateral mesmo sentido,Com Vítimas Feridas,Pleno dia,Decrescente,Céu Claro,Dupla,Curva,Sim,3,0,1,1,1,0,2,2,-27.588425,-48.612919,SPRF-SC,DEL01-SC,UOP01-DEL01-SC,2022
"471050,0",2022-08-29,segunda-feira,10:38:00,SC,101,"209,0",SAO JOSE,Condutor deixou de manter distância do veículo da frente,Colisão traseira,Com Vítimas Feridas,Pleno dia,Decrescente,Céu Claro,Múltipla,Reta,Sim,2,0,1,0,1,0,1,2,-27.61000542,-48.63895057,SPRF-SC,DEL01-SC,UOP01-DEL01-SC,2022
"471051,0",2022-08-29,segunda-feira,09:43:00,SC,280,"165,3",MAFRA,Transitar na contramão,Colisão lateral sentido oposto,Com Vítimas Feridas,Pleno dia,Decrescente,Céu Claro,Simples,Reta,Sim,2,0,0,1,1,0,1,2,-26.18505272,-49.8119696,SPRF-SC,DEL06-SC,UOP01-DEL06-SC,2022
"471053,0",2022-08-29,segunda-feira,10:05:00,SC,101,"435,0",SOMBRIO,Reação tardia ou ineficiente do condutor,Colisão transversal,Com Vítimas Feridas,Pleno dia,Crescente,Céu Claro,Simples,Reta,Sim,2,0,1,0,1,0,1,2,-29.09949414,-49.63480552,SPRF-SC,DEL02-SC,UOP02-DEL02-SC,2022
"471066,0",2022-08-29,segunda-feira,13:30:00,SC,101,"117,9",ITAJAI,Ausência de reação do condutor,Tombamento,Com Vítimas Feridas,Pleno dia,Crescente,Céu Claro,Múltipla,Reta,Sim,1,0,1,0,0,0,1,1,-26.88747187,-48.72252969,SPRF-SC,DEL04-SC,UOP04-DEL04-SC,2022
"471076,0",2022-08-29,segunda-feira,14:20:00,SC,282,"58,3",RANCHO QUEIMADO,Acessar a via sem observar a presença dos outros veículos,Colisão transversal,Com Vítimas Feridas,Pleno dia,Decrescente,Céu Claro,Simples,Interseção de Vias;Declive,Não,3,0,1,1,1,0,2,2,-27.68115418,-49.00580406,SPRF-SC,DEL01-SC,UOP03-DEL01-SC,2022
"471089,0",2022-08-29,segunda-feira,16:00:00,SC,470,"56,3",BLUMENAU,Conversão proibida,Colisão transversal,Com Vítimas Feridas,Pleno dia,Crescente,Céu Claro,Simples,Reta,Sim,2,0,1,0,1,0,1,2,-26.87674,-49.127743,SPRF-SC,DEL04-SC,UOP01-DEL04-SC,2022
"471091,0",2022-07-30,sábado,19:00:00,SC,101,"129,0",CAMBORIU,Ausência de reação do condutor,Colisão lateral mesmo sentido,Com Vítimas Feridas,Plena Noite,Decrescente,Céu Claro,Dupla,Reta,Sim,2,0,1,0,1,0,1,2,-26.98261366,-48.67355883,SPRF-SC,DEL04-SC,UOP03-DEL04-SC,2022
"471120,0",2022-08-29,segunda-feira,18:50:00,SC,101,"213,0",SAO JOSE,Condutor deixou de manter distância do veículo da frente,Colisão lateral mesmo sentido,Com Vítimas Feridas,Plena Noite,Decrescente,Céu Claro,Múltipla,Reta,Sim,2,0,0,1,1,0,1,2,-27.63697369,-48.66514142,SPRF-SC,DEL01-SC,UOP02-DEL01-SC,2022
"471145,0",2022-08-29,segunda-feira,19:15:00,SC,101,"331,0",TUBARAO,Ausência de reação do condutor,Colisão traseira,Com Vítimas Feridas,Plena Noite,Crescente,Céu Claro,Dupla,Reta,Não,3,0,1,0,2,0,1,3,-28.45567521,-48.9812689,SPRF-SC,DEL02-SC,UOP01-DEL02-SC,2022
"471154,0",2022-08-29,segunda-feira,19:50:00,SC,101,"148,3",ITAPEMA,Acessar a via sem observar a presença dos outros veículos,Colisão transversal,Com Vítimas Feridas,Plena Noite,Crescente,Céu Claro,Simples,Interseção de Vias,Sim,2,0,0,1,1,0,1,2,-27.10123686,-48.61807962,SPRF-SC,DEL04-SC,UOP03-DEL04-SC,2022
"471157,0",2022-08-29,segunda-feira,19:50:00,SC,101,"93,0",BARRA VELHA,Objeto estático sobre o leito carroçável,Colisão traseira,Sem Vítimas,Plena Noite,Decrescente,Céu Claro,Múltipla,Reta,Não,2,0,0,0,2,0,0,2,-26.6899011,-48.69663873,SPRF-SC,DEL03-SC,UOP02-DEL03-SC,2022
"471161,0",2022-08-29,segunda-feira,22:10:00,SC,101,"234,0",PALHOCA,Ingestão de álcool pelo condutor,Queda de ocupante de veículo,Com Vítimas Feridas,Plena Noite,Decrescente,Céu Claro,Dupla,Reta,Não,1,0,0,1,0,0,1,1,-27.81043812,-48.63537111,SPRF-SC,DEL01-SC,UOP02-DEL01-SC,2022
"471173,0",2022-08-30,terça-feira,00:15:00,SC,101,"204,8",SAO JOSE,Entrada inopinada do pedestre,Atropelamento de Pedestre,Com Vítimas Feridas,Plena Noite,Crescente,Céu Claro,Dupla,Reta,Sim,2,0,0,1,1,0,1,2,-27.57413014,-48.61363083,SPRF-SC,DEL01-SC,UOP01-DEL01-SC,2022
"471202,0",2022-08-30,terça-feira,07:50:00,SC,101,"209,8",SAO JOSE,Reação tardia ou ineficiente do condutor,Colisão traseira,Com Vítimas Feridas,Pleno dia,Crescente,Nublado,Dupla,Reta,Sim,2,0,1,1,0,0,2,2,-27.61000542,-48.63895057,SPRF-SC,DEL01-SC,UOP01-DEL01-SC,2022
"471210,0",2022-08-30,terça-feira,09:00:00,SC,101,"147,0",ITAPEMA,Desrespeitar a preferência no cruzamento,Tombamento,Com Vítimas Feridas,Pleno dia,Decrescente,Céu Claro,Múltipla,Reta,Não,2,0,0,1,0,1,1,2,-27.09237407,-48.61730888,SPRF-SC,DEL04-SC,UOP03-DEL04-SC,2022
"471233,0",2022-08-30,terça-feira,10:00:00,SC,101,"367,0",ICARA,Reação tardia ou ineficiente do condutor,Colisão com objeto,Com Vítimas Feridas,Pleno dia,Decrescente,Nublado,Dupla,Curva,Sim,1,0,1,0,0,0,1,1,-28.69702499,-49.17628527,SPRF-SC,DEL02-SC,UOP01-DEL02-SC,2022
"471267,0",2022-08-30,terça-feira,10:30:00,SC,280,"91,0",CORUPA,Pista Escorregadia,Saída de leito carroçável,Sem Vítimas,Pleno dia,Decrescente,Garoa/Chuvisco,Simples,Curva;Declive,Não,1,0,0,0,0,1,0,1,-26.39978855,-49.29788589,SPRF-SC,DEL06-SC,UOP03-DEL06-SC,2022
"471273,0",2022-06-24,sexta-feira,07:20:00,SC,280,"28,0",ARAQUARI,Reação tardia ou ineficiente do condutor,Atropelamento de Pedestre,Com Vítimas Feridas,Pleno dia,Crescente,Nublado,Simples,Reta,Sim,2,0,0,1,1,0,1,2,-26.40598567,-48.7470531,SPRF-SC,DEL03-SC,UOP03-DEL03-SC,2022
"471276,0",2022-08-30,terça-feira,11:15:00,SC,101,"351,4",JAGUARUNA,Reação tardia ou ineficiente do condutor,Saída de leito carroçável,Sem Vítimas,Pleno dia,Decrescente,Sol,Dupla,Curva,Sim,3,0,0,0,3,0,0,1,-28.5977641,-49.04943589,SPRF-SC,DEL02-SC,UOP01-DEL02-SC,2022
"471293,0",2022-08-30,terça-feira,16:25:00,SC,101,"118,0",ITAJAI,Demais falhas mecânicas ou elétricas,Tombamento,Com Vítimas Feridas,Pleno dia,Crescente,Céu Claro,Dupla,Interseção de Vias,Sim,1,0,1,0,0,0,1,1,-26.895859,-48.71903,SPRF-SC,DEL04-SC,UOP04-DEL04-SC,2022
"471299,0",2022-08-30,terça-feira,17:40:00,SC,101,"204,0",SAO JOSE,Manobra de mudança de faixa,Colisão lateral mesmo sentido,Com Vítimas Feridas,Anoitecer,Crescente,Nublado,Múltipla,Reta,Sim,2,0,1,0,1,0,1,2,-27.57413014,-48.61363083,SPRF-SC,DEL01-SC,UOP01-DEL01-SC,2022
"471309,0",2022-08-30,terça-feira,18:50:00,SC,470,"2,0",NAVEGANTES,Acesso irregular,Colisão transversal,Com Vítimas Feridas,Plena Noite,Decrescente,Céu Claro,Simples,Em Obras;Reta,Sim,2,0,0,1,1,0,1,2,-26.868551,-48.674831,SPRF-SC,DEL04-SC,UOP04-DEL04-SC,2022
"471337,0",2022-08-30,terça-feira,21:50:00,SC,101,"111,0",NAVEGANTES,Acessar a via sem observar a presença dos outros veículos,Colisão lateral mesmo sentido,Com Vítimas Feridas,Plena Noite,Crescente,Céu Claro,Dupla,Reta,Sim,2,0,1,0,1,0,1,2,-26.84218405,-48.71689796,SPRF-SC,DEL04-SC,UOP04-DEL04-SC,2022
"471351,0",2022-08-31,quarta-feira,03:45:00,SC,101,"216,0",PALHOCA,Mal súbito do condutor,Colisão com objeto,Com Vítimas Feridas,Plena Noite,Crescente,Garoa/Chuvisco,Múltipla,Reta,Sim,1,0,1,0,0,0,1,1,-27.65981409,-48.67747798,SPRF-SC,DEL01-SC,UOP02-DEL01-SC,2022
"471376,0",2022-08-31,quarta-feira,08:45:00,SC,101,"120,0",ITAJAI,Reação tardia ou ineficiente do condutor,Colisão com objeto,Com Vítimas Feridas,Pleno dia,Decrescente,Céu Claro,Dupla,Reta,Não,1,0,1,0,0,0,1,1,-26.912758,-48.711998,SPRF-SC,DEL04-SC,UOP04-DEL04-SC,2022
"471399,0",2022-08-31,quarta-feira,11:20:00,SC,101,"207,9",SAO JOSE,Reação tardia ou ineficiente do condutor,Colisão traseira,Com Vítimas Feridas,Pleno dia,Decrescente,Sol,Múltipla,Curva;Declive,Sim,2,0,1,0,1,0,1,2,-27.60001226,-48.6226467,SPRF-SC,DEL01-SC,UOP01-DEL01-SC,2022
"471425,0",2022-08-31,quarta-feira,14:15:00,SC,101,"183,8",BIGUACU,Manobra de mudança de faixa,Colisão traseira,Com Vítimas Feridas,Pleno dia,Decrescente,Sol,Múltipla,Reta,Sim,1,0,1,0,0,0,1,1,-27.40688892,-48.6285296,SPRF-SC,DEL01-SC,UOP01-DEL01-SC,2022
"471440,0",2022-08-31,quarta-feira,15:00:00,SC,116,"206,0",PONTE ALTA,Acessar a via sem observar a presença dos outros veículos,Atropelamento de Pedestre,Com Vítimas Feridas,Pleno dia,Decrescente,Céu Claro,Simples,Rotatória,Sim,2,0,1,0,1,0,1,2,-27.47248589,-50.38177729,SPRF-SC,DEL05-SC,UOP03-DEL05-SC,2022
"471442,0",2022-08-31,quarta-feira,12:45:00,SC,163,"1,5",DIONISIO CERQUEIRA,Acessar a via sem observar a presença dos outros veículos,Colisão transversal,Com Vítimas Feridas,Pleno dia,Decrescente,Sol,Simples,Reta,Sim,2,0,2,0,0,0,2,2,-26.26776844,-53.62769008,SPRF-SC,DEL07-SC,UOP03-DEL07-SC,2022
"471450,0",2022-08-26,sexta-feira,22:30:00,SC,280,"163,0",MAFRA,Transitar na contramão,Colisão frontal,Sem Vítimas,Pleno dia,Decrescente,Nublado,Simples,Reta,Sim,4,0,0,0,4,0,0,2,-26.19739326,-49.79756122,SPRF-SC,DEL06-SC,UOP01-DEL06-SC,2022
"471454,0",2022-08-31,quarta-feira,07:59:00,SC,480,"129,0",CHAPECO,Condutor deixou de manter distância do veículo da frente,Colisão traseira,Com Vítimas Feridas,Pleno dia,Crescente,Céu Claro,Simples,Declive,Sim,2,0,1,0,1,0,1,2,-27.04676,-52.63544,SPRF-SC,DEL07-SC,UOP01-DEL07-SC,2022
"471467,0",2022-07-02,sábado,20:00:00,SC,280,"15,0",SAO FRANCISCO DO SUL,Acessar a via sem observar a presença dos outros veículos,Atropelamento de Pedestre,Com Vítimas Feridas,Plena Noite,Decrescente,Céu Claro,Simples,Reta,Não,3,0,2,0,1,0,2,2,-26.33868901,-48.65489598,SPRF-SC,DEL03-SC,UOP03-DEL03-SC,2022
"471478,0",2022-08-31,quarta-feira,18:10:00,SC,470,"135,0",RIO DO SUL,Acessar a via sem observar a presença dos outros veículos,Colisão transversal,Com Vítimas Feridas,Anoitecer,Decrescente,Nublado,Simples,Interseção de Vias;Reta,Sim,2,0,1,0,1,0,1,2,-27.188492,-49.61232,SPRF-SC,DEL04-SC,UOP02-DEL04-SC,2022
"471486,0",2022-08-31,quarta-feira,18:20:00,SC,101,"379,5",ICARA,Conversão proibida,Colisão frontal,Com Vítimas Feridas,Anoitecer,Crescente,Nublado,Simples,Reta,Sim,2,0,0,1,1,0,1,2,-28.74651646,-49.2599038,SPRF-SC,DEL02-SC,UOP02-DEL02-SC,2022
"471488,0",2022-08-07,domingo,18:50:00,SC,282,"491,0",FAXINAL DOS GUEDES,Ingestão de álcool pelo condutor,Colisão frontal,Com Vítimas Feridas,Plena Noite,Crescente,Nevoeiro/Neblina,Simples,Reta,Não,6,0,2,4,0,0,6,2,-26.872433,-52.291599,SPRF-SC,DEL07-SC,UOP01-DEL07-SC,2022
"471498,0",2022-08-31,quarta-feira,17:30:00,SC,101,"46,4",JOINVILLE,Mal súbito do condutor,Tombamento,Com Vítimas Feridas,Anoitecer,Crescente,Nublado,Dupla,Reta,Sim,1,0,1,0,0,0,1,1,-26.33150083,-48.86187762,SPRF-SC,DEL03-SC,UOP01-DEL03-SC,2022
"471501,0",2022-08-14,domingo,21:10:00,SC,282,"341,5",CAMPOS NOVOS,Pedestre cruzava a pista fora da faixa,Atropelamento de Pedestre,Com Vítimas Fatais,Plena Noite,Crescente,Céu Claro,Simples,Reta,Sim,2,1,0,0,1,0,0,2,-27.389957,-51.213387,SPRF-SC,DEL07-SC,UOP06-DEL07-SC,2022
"471548,0",2022-09-01,quinta-feira,04:40:00,SC,280,"56,4",GUARAMIRIM,Retorno proibido,Colisão transversal,Com Vítimas Feridas,Pleno dia,Crescente,Céu Claro,Dupla,Reta,Sim,2,0,1,0,1,0,1,2,-26.47947677,-49.00298702,SPRF-SC,DEL03-SC,UOP03-DEL03-SC,2022
"471569,0",2022-07-31,domingo,09:50:00,SC,282,"30,0",AGUAS MORNAS,Manobra de mudança de faixa,Colisão lateral mesmo sentido,Com Vítimas Feridas,Pleno dia,Crescente,Céu Claro,Simples,Reta,Não,4,0,1,0,3,0,1,2,-27.687376,-48.79071,SPRF-SC,DEL01-SC,UOP03-DEL01-SC,2022
"471582,0",2022-09-01,quinta-feira,08:48:00,SC,282,"2,3",FLORIANOPOLIS,Manobra de mudança de faixa,Colisão lateral mesmo sentido,Com Vítimas Feridas,Pleno dia,Decrescente,Céu Claro,Dupla,Reta,Sim,3,0,2,0,1,0,2,2,-27.603289,-48.590416,SPRF-SC,DEL01-SC,UOP01-DEL01-SC,2022
"471587,0",2022-09-01,quinta-feira,08:00:00,SC,470,"24,0",ILHOTA,Reação tardia ou ineficiente do condutor,Queda de ocupante de veículo,Com Vítimas Feridas,Pleno dia,Crescente,Céu Claro,Dupla,Curva,Não,1,0,1,0,0,0,1,1,-26.881754,-48.856251,SPRF-SC,DEL04-SC,UOP04-DEL04-SC,2022
"471599,0",2022-09-01,quinta-feira,10:15:00,SC,101,"209,0",SAO JOSE,Reação tardia ou ineficiente do condutor,Engavetamento,Com Vítimas Feridas,Pleno dia,Crescente,Céu Claro,Simples,Reta,Sim,6,0,1,0,5,0,1,4,-27.61000542,-48.63895057,SPRF-SC,DEL01-SC,UOP01-DEL01-SC,2022
"471601,0",2022-09-01,quinta-feira,10:20:00,SC,282,"79,0",RANCHO QUEIMADO,Demais falhas mecânicas ou elétricas,Incêndio,Sem Vítimas,Pleno dia,Decrescente,Céu Claro,Simples,Reta,Não,1,0,0,0,1,0,0,1,-27.675831,-49.148048,SPRF-SC,DEL01-SC,UOP03-DEL01-SC,2022
"471620,0",2022-09-01,quinta-feira,13:40:00,SC,101,"198,0",BIGUACU,Velocidade Incompatível,Queda de ocupante de veículo,Com Vítimas Feridas,Pleno dia,Crescente,Céu Claro,Múltipla,Reta,Não,2,0,1,0,1,0,1,2,-27.52658712,-48.63506019,SPRF-SC,DEL01-SC,UOP01-DEL01-SC,2022
"471627,0",2022-09-01,quinta-feira,13:00:00,SC,163,"70,4",SAO MIGUEL DO OESTE,Acessar a via sem observar a presença dos outros veículos,Colisão transversal,Com Vítimas Feridas,Pleno dia,Decrescente,Céu Claro,Dupla,Interseção de Vias;Curva,Sim,2,0,2,0,0,0,2,2,-26.73461723,-53.50680015,SPRF-SC,DEL07-SC,UOP03-DEL07-SC,2022
"471658,0",2022-09-01,quinta-feira,18:00:00,SC,470,"61,0",BLUMENAU,Acessar a via sem observar a presença dos outros veículos,Colisão frontal,Com Vítimas Feridas,Anoitecer,Crescente,Céu Claro,Simples,Reta,Sim,2,0,1,0,1,0,1,2,-26.878952,-49.17421,SPRF-SC,DEL04-SC,UOP01-DEL04-SC,2022
"471686,0",2022-09-01,quinta-feira,21:00:00,SC,101,"151,0",ITAPEMA,Acessar a via sem observar a presença dos outros veículos,Colisão transversal,Com Vítimas Feridas,Plena Noite,Crescente,Céu Claro,Dupla,Rotatória,Sim,3,0,2,0,1,0,2,2,-27.126536,-48.609642,SPRF-SC,DEL04-SC,UOP03-DEL04-SC,2022
"471697,0",2022-09-01,quinta-feira,10:25:00,SC,101,"175,4",BIGUACU,Ingestão de álcool pelo condutor,Tombamento,Com Vítimas Feridas,Plena Noite,Decrescente,Céu Claro,Dupla,Curva,Não,1,0,0,1,0,0,1,1,-27.33963303,-48.62734885,SPRF-SC,DEL01-SC,UOP01-DEL01-SC,2022
"471704,0",2022-09-02,sexta-feira,00:10:00,SC,101,"223,0",PALHOCA,Ingestão de álcool pelo condutor,Queda de ocupante de veículo,Com Vítimas Feridas,Plena Noite,Crescente,Céu Claro,Múltipla,Reta,Não,2,0,1,0,1,0,1,2,-27.71552634,-48.64881251,SPRF-SC,DEL01-SC,UOP02-DEL01-SC,2022