id,data_inversa,dia_semana,horario,uf,br,km,municipio,causa_acidente,tipo_acidente,classificacao_acidente,fase_dia,sentido_via,condicao_metereologica,tipo_pista,tracado_via,uso_solo,pessoas,mortos,feridos_leves,feridos_graves,ilesos,ignorados,feridos,veiculos,latitude,longitude,regional,delegacia,uop,ano_arquivo
"471715,0",2022-09-02,sexta-feira,02:50:00,SC,282,"622,2",IRACEMINHA,Reação tardia ou ineficiente do condutor,Colisão com objeto,Com Vítimas Feridas,Plena Noite,Decrescente,Chuva,Simples,Curva,Não,4,0,1,0,3,0,1,2,-26.797441,-53.323349,SPRF-SC,DEL07-SC,UOP02-DEL07-SC,2022
"471718,0",2022-09-02,sexta-feira,06:00:00,SC,101,"201,8",SAO JOSE,Condutor deixou de manter distância do veículo da frente,Capotamento,Com Vítimas Feridas,Amanhecer,Crescente,Céu Claro,Múltipla,Reta,Não,1,0,1,0,0,0,1,1,-27.54836599,-48.61977975,SPRF-SC,DEL01-SC,UOP01-DEL01-SC,2022
"471729,0",2022-09-02,sexta-feira,07:40:00,SC,101,"199,0",BIGUACU,Condutor deixou de manter distância do veículo da frente,Colisão traseira,Com Vítimas Feridas,Pleno dia,Crescente,Nublado,Múltipla,Reta,Sim,2,0,0,1,1,0,1,2,-27.53413705,-48.63003205,SPRF-SC,DEL01-SC,UOP01-DEL01-SC,2022
"471741,0",2022-09-02,sexta-feira,08:40:00,SC,101,"207,0",SAO JOSE,Manobra de mudança de faixa,Colisão lateral mesmo sentido,Com Vítimas Feridas,Pleno dia,Crescente,Nublado,Simples,Aclive,Sim,2,0,1,0,1,0,1,2,-27.60001226,-48.6226467,SPRF-SC,DEL01-SC,UOP01-DEL01-SC,2022
"471768,0",2022-09-02,sexta-feira,08:10:00,SC,282,"276,7",SAO JOSE DO CERRITO,Chuva,Saída de leito carroçável,Com Vítimas Fatais,Pleno dia,Crescente,Chuva,Simples,Curva;Declive,Não,4,1,1,1,0,1,2,2,-27.5957441,-50.7323438,SPRF-SC,DEL05-SC,UOP02-DEL05-SC,2022
"471778,0",2022-09-02,sexta-feira,09:35:00,SC,282,"37,1",AGUAS MORNAS,Ausência de reação do condutor,Colisão traseira,Com Vítimas Feridas,Pleno dia,Decrescente,Céu Claro,Simples,Reta,Sim,2,0,0,1,1,0,1,2,-27.707325,-48.842983,SPRF-SC,DEL01-SC,UOP03-DEL01-SC,2022
"471830,0",2022-09-02,sexta-feira,15:00:00,SC,282,"308,0",VARGEM,Avarias e/ou desgaste excessivo no pneu,Saída de leito carroçável,Sem Vítimas,Pleno dia,Crescente,Chuva,Simples,Curva,Não,1,0,0,0,1,0,0,1,-27.49292,-50.971973,SPRF-SC,DEL07-SC,UOP06-DEL07-SC,2022
"471845,0",2022-09-02,sexta-feira,14:30:00,SC,101,"329,0",TUBARAO,Ausência de reação do condutor,Saída de leito carroçável,Com Vítimas Feridas,Pleno dia,Decrescente,Nublado,Dupla,Curva,Não,1,0,0,1,0,0,1,1,-28.44404822,-48.96611372,SPRF-SC,DEL02-SC,UOP01-DEL02-SC,2022
"471850,0",2022-09-02,sexta-feira,17:15:00,SC,101,"331,0",TUBARAO,Desrespeitar a preferência no cruzamento,Colisão transversal,Com Vítimas Feridas,Anoitecer,Decrescente,Chuva,Simples,Interseção de Vias,Sim,3,0,1,0,2,0,1,2,-28.45567521,-48.9812689,SPRF-SC,DEL02-SC,UOP01-DEL02-SC,2022
"471866,0",2022-09-02,sexta-feira,18:30:00,SC,101,"198,7",SAO JOSE,Manobra de mudança de faixa,Colisão lateral mesmo sentido,Com Vítimas Feridas,Plena Noite,Crescente,Céu Claro,Múltipla,Reta,Sim,2,0,0,1,0,1,1,2,-27.52658712,-48.63506019,SPRF-SC,DEL01-SC,UOP01-DEL01-SC,2022
"471867,0",2022-09-02,sexta-feira,18:30:00,SC,101,"222,0",PALHOCA,Manobra de mudança de faixa,Colisão lateral mesmo sentido,Com Vítimas Feridas,Plena Noite,Crescente,Chuva,Dupla,Reta,Não,4,0,1,0,3,0,1,3,-27.70865409,-48.65586407,SPRF-SC,DEL01-SC,UOP02-DEL01-SC,2022
"471869,0",2022-09-02,sexta-feira,17:50:00,SC,480,"130,0",CHAPECO,Velocidade Incompatível,Colisão traseira,Sem Vítimas,Pleno dia,Crescente,Garoa/Chuvisco,Dupla,Reta,Sim,2,0,0,0,2,0,0,2,-27.05534298,-52.63652069,SPRF-SC,DEL07-SC,UOP01-DEL07-SC,2022
"471887,0",2022-09-02,sexta-feira,20:00:00,SC,101,"205,7",SAO JOSE,Condutor deixou de manter distância do veículo da frente,Colisão traseira,Com Vítimas Feridas,Plena Noite,Crescente,Garoa/Chuvisco,Dupla,Reta,Sim,3,0,2,0,1,0,2,2,-27.58313237,-48.61532885,SPRF-SC,DEL01-SC,UOP01-DEL01-SC,2022
"471890,0",2022-09-02,sexta-feira,19:12:00,SC,101,"100,7",BALNEARIO PICARRAS,Ausência de reação do condutor,Colisão transversal,Com Vítimas Feridas,Plena Noite,Decrescente,Garoa/Chuvisco,Múltipla,Interseção de Vias,Sim,2,0,0,1,1,0,1,2,-26.76258664,-48.68621349,SPRF-SC,DEL03-SC,UOP02-DEL03-SC,2022
"471894,0",2022-09-02,sexta-feira,20:00:00,SC,101,"311,0",LAGUNA,Desrespeitar a preferência no cruzamento,Atropelamento de Pedestre,Com Vítimas Feridas,Plena Noite,Decrescente,Chuva,Simples,Reta,Sim,2,0,0,2,0,0,2,2,-28.42531311,-48.80068884,SPRF-SC,DEL02-SC,UOP01-DEL02-SC,2022
"471906,0",2022-09-02,sexta-feira,20:09:00,SC,101,"106,8",PENHA,Transitar na contramão,Colisão frontal,Com Vítimas Fatais,Plena Noite,Decrescente,Chuva,Dupla,Reta,Não,2,1,0,0,1,0,0,2,-26.817284,-48.683224,SPRF-SC,DEL03-SC,UOP02-DEL03-SC,2022
"471946,0",2022-09-03,sábado,00:30:00,SC,101,"56,0",ARAQUARI,Condutor usando celular,Colisão transversal,Com Vítimas Feridas,Plena Noite,Crescente,Garoa/Chuvisco,Dupla,Reta,Não,6,0,1,0,5,0,1,2,-26.43207484,-48.82263984,SPRF-SC,DEL03-SC,UOP01-DEL03-SC,2022
"471955,0",2022-09-03,sábado,01:00:00,SC,282,"143,0",BOM RETIRO,Chuva,Saída de leito carroçável,Com Vítimas Feridas,Plena Noite,Crescente,Chuva,Simples,Reta,Não,1,0,1,0,0,0,1,1,-27.811066,-49.615063,SPRF-SC,DEL05-SC,UOP01-DEL05-SC,2022
"471980,0",2022-09-03,sábado,07:50:00,SC,101,"130,0",ITAJAI,Reação tardia ou ineficiente do condutor,Colisão com objeto,Sem Vítimas,Pleno dia,Decrescente,Garoa/Chuvisco,Dupla,Reta,Sim,1,0,0,0,0,1,0,1,-26.98407618,-48.66977107,SPRF-SC,DEL04-SC,UOP03-DEL04-SC,2022
"471982,0",2022-04-16,sábado,17:14:00,SC,101,"128,0",ITAJAI,Mal súbito do condutor,Colisão lateral mesmo sentido,Com Vítimas Feridas,Pleno dia,Crescente,Céu Claro,Dupla,Reta,Não,1,0,0,1,0,0,1,1,-26.97284292,-48.68299451,SPRF-SC,DEL04-SC,UOP03-DEL04-SC,2022
"471992,0",2022-09-03,sábado,08:15:00,SC,285,"42,8",TIMBE DO SUL,Problema com o freio,Saída de leito carroçável,Com Vítimas Feridas,Pleno dia,Decrescente,Céu Claro,Simples,Curva;Declive,Não,5,0,3,1,1,0,4,1,-28.8575608,-49.78436581,SPRF-SC,DEL02-SC,UOP02-DEL02-SC,2022
"471996,0",2022-09-03,sábado,08:45:00,SC,282,"354,0",ERVAL VELHO,Demais falhas mecânicas ou elétricas,Incêndio,Sem Vítimas,Pleno dia,Decrescente,Céu Claro,Simples,Curva,Não,1,0,0,0,1,0,0,1,-27.35796,-51.330452,SPRF-SC,DEL07-SC,UOP06-DEL07-SC,2022
"471999,0",2022-09-03,sábado,06:10:00,SC,153,"13,1",AGUA DOCE,Reação tardia ou ineficiente do condutor,Saída de leito carroçável,Com Vítimas Feridas,Amanhecer,Crescente,Nublado,Simples,Interseção de Vias,Não,2,0,2,0,0,0,2,1,-26.69823208,-51.57497406,SPRF-SC,DEL07-SC,UOP05-DEL07-SC,2022
"472010,0",2022-09-03,sábado,07:30:00,SC,280,"101,0",SAO BENTO DO SUL,Chuva,Saída de leito carroçável,Sem Vítimas,Amanhecer,Decrescente,Chuva,Simples,Declive,Não,1,0,0,0,0,1,0,1,-26.3647522,-49.33526222,SPRF-SC,DEL06-SC,UOP03-DEL06-SC,2022
"472018,0",2022-09-03,sábado,11:40:00,SC,101,"203,2",SAO JOSE,Manobra de mudança de faixa,Colisão lateral mesmo sentido,Com Vítimas Feridas,Pleno dia,Crescente,Céu Claro,Múltipla,Reta,Sim,2,0,1,1,0,0,2,1,-27.5650044,-48.61460082,SPRF-SC,DEL01-SC,UOP01-DEL01-SC,2022
"472024,0",2022-09-03,sábado,12:20:00,SC,101,"204,0",SAO JOSE,Obras na pista,Colisão traseira,Com Vítimas Feridas,Pleno dia,Crescente,Nublado,Dupla,Reta,Sim,4,0,0,1,3,0,1,4,-27.57413014,-48.61363083,SPRF-SC,DEL01-SC,UOP01-DEL01-SC,2022
"472036,0",2022-09-03,sábado,11:00:00,SC,282,"269,3",SAO JOSE DO CERRITO,Manobra de mudança de faixa,Saída de leito carroçável,Com Vítimas Feridas,Pleno dia,Decrescente,Céu Claro,Simples,Reta,Não,2,0,2,0,0,0,2,1,-27.616257,-50.667435,SPRF-SC,DEL05-SC,UOP02-DEL05-SC,2022
"472040,0",2022-09-03,sábado,11:35:00,SC,282,"375,9",HERVAL DOESTE,Modificação proibida,Colisão lateral mesmo sentido,Sem Vítimas,Pleno dia,Crescente,Céu Claro,Simples,Reta,Não,3,0,0,0,3,0,0,2,-27.228022,-51.456421,SPRF-SC,DEL07-SC,UOP05-DEL07-SC,2022
"472045,0",2022-09-03,sábado,14:30:00,SC,101,"69,0",ARAQUARI,Condutor deixou de manter distância do veículo da frente,Colisão lateral mesmo sentido,Com Vítimas Feridas,Pleno dia,Crescente,Céu Claro,Dupla,Reta,Não,4,0,2,0,2,0,2,2,-26.50298009,-48.72814515,SPRF-SC,DEL03-SC,UOP02-DEL03-SC,2022
"472046,0",2022-09-03,sábado,10:40:00,SC,280,"192,3",MAFRA,Transitar na contramão,Colisão frontal,Com Vítimas Fatais,Pleno dia,Decrescente,Nublado,Simples,Aclive;Reta,Não,12,1,3,6,2,0,9,3,-26.1796298,-49.9943763,SPRF-SC,DEL06-SC,UOP01-DEL06-SC,2022
"472126,0",2022-09-03,sábado,20:40:00,SC,101,"86,0",BARRA VELHA,Velocidade Incompatível,Colisão com objeto,Sem Vítimas,Plena Noite,Decrescente,Céu Claro,Dupla,Viaduto;Reta,Sim,1,0,0,0,0,1,0,1,-26.63277317,-48.70232513,SPRF-SC,DEL03-SC,UOP02-DEL03-SC,2022
"472131,0",2022-09-03,sábado,21:30:00,SC,101,"38,0",JOINVILLE,Reação tardia ou ineficiente do condutor,Colisão com objeto,Sem Vítimas,Plena Noite,Crescente,Nublado,Simples,Interseção de Vias;Reta,Sim,1,0,0,0,1,0,0,1,-26.29659878,-48.88425708,SPRF-SC,DEL03-SC,UOP01-DEL03-SC,2022
"472133,0",2022-09-03,sábado,22:00:00,SC,101,"204,3",SAO JOSE,Condutor deixou de manter distância do veículo da frente,Colisão traseira,Com Vítimas Feridas,Plena Noite,Decrescente,Céu Claro,Múltipla,Reta,Sim,2,0,1,0,1,0,1,2,-27.57413014,-48.61363083,SPRF-SC,DEL01-SC,UOP01-DEL01-SC,2022
"472134,0",2022-09-03,sábado,22:20:00,SC,470,"169,0",POUSO REDONDO,Ingestão de álcool pelo condutor,Colisão frontal,Com Vítimas Feridas,Plena Noite,Crescente,Céu Claro,Simples,Reta,Não,2,0,0,1,1,0,1,2,-27.265471,-49.882442,SPRF-SC,DEL04-SC,UOP02-DEL04-SC,2022
"472169,0",2022-09-04,domingo,02:15:00,SC,101,"328,6",TUBARAO,Reação tardia ou ineficiente do condutor,Colisão com objeto,Com Vítimas Feridas,Plena Noite,Crescente,Sol,Dupla,Reta,Não,5,0,2,0,3,0,2,1,-28.43648094,-48.95989307,SPRF-SC,DEL02-SC,UOP01-DEL02-SC,2022
"472176,0",2022-09-04,domingo,03:00:00,SC,101,"149,0",ITAPEMA,Reação tardia ou ineficiente do condutor,Tombamento,Com Vítimas Feridas,Plena Noite,Decrescente,Céu Claro,Dupla,Reta,Sim,1,0,1,0,0,0,1,1,-27.1089649,-48.61277586,SPRF-SC,DEL04-SC,UOP03-DEL04-SC,2022
"472177,0",2022-09-04,domingo,02:15:00,SC,101,"2,0",GARUVA,Velocidade Incompatível,Saída de leito carroçável,Sem Vítimas,Plena Noite,Crescente,Nublado,Dupla,Reta,Não,1,0,0,0,0,1,0,1,-26.00380807,-48.87233005,SPRF-SC,DEL03-SC,UOP01-DEL03-SC,2022
"472182,0",2022-09-03,sábado,21:10:00,SC,101,"298,8",LAGUNA,Reação tardia ou ineficiente do condutor,Colisão com objeto,Sem Vítimas,Plena Noite,Decrescente,Céu Claro,Múltipla,Reta,Não,4,0,0,0,4,0,0,1,-28.32102597,-48.72829906,SPRF-SC,DEL02-SC,UOP03-DEL02-SC,2022
"472193,0",2022-09-04,domingo,05:00:00,SC,101,"108,7",PENHA,Ausência de reação do condutor,Saída de leito carroçável,Sem Vítimas,Amanhecer,Crescente,Nublado,Dupla,Curva,Não,1,0,0,0,1,0,0,1,-26.82606902,-48.69052298,SPRF-SC,DEL03-SC,UOP02-DEL03-SC,2022
"472195,0",2022-09-04,domingo,04:10:00,SC,480,"125,9",CHAPECO,Ingestão de álcool e/ou substâncias psicoativas pelo pedestre,Colisão com objeto,Com Vítimas Feridas,Plena Noite,Decrescente,Céu Claro,Dupla,Reta,Não,1,0,1,0,0,0,1,1,-27.0195,-52.636173,SPRF-SC,DEL07-SC,UOP01-DEL07-SC,2022
"472206,0",2022-09-04,domingo,06:30:00,SC,282,"3,5",FLORIANOPOLIS,Problema na suspensão,Tombamento,Com Vítimas Feridas,Amanhecer,Crescente,Céu Claro,Dupla,Curva,Sim,2,0,1,0,1,0,1,1,-27.600384,-48.599705,SPRF-SC,DEL01-SC,UOP01-DEL01-SC,2022
"472254,0",2022-09-04,domingo,09:50:00,SC,280,"80,0",CORUPA,Ausência de reação do condutor,Saída de leito carroçável,Com Vítimas Feridas,Pleno dia,Decrescente,Céu Claro,Simples,Aclive,Não,1,0,1,0,0,0,1,1,-26.44412189,-49.20975187,SPRF-SC,DEL06-SC,UOP03-DEL06-SC,2022
"472288,0",2022-09-04,domingo,14:00:00,SC,101,"216,0",PALHOCA,Ingestão de álcool pelo condutor,Colisão traseira,Sem Vítimas,Pleno dia,Decrescente,Céu Claro,Dupla,Reta,Sim,2,0,0,0,1,1,0,2,-27.65981409,-48.67747798,SPRF-SC,DEL01-SC,UOP02-DEL01-SC,2022
"472296,0",2022-09-04,domingo,14:30:00,SC,101,"74,0",ARAQUARI,Condutor deixou de manter distância do veículo da frente,Colisão lateral mesmo sentido,Com Vítimas Feridas,Pleno dia,Crescente,Céu Claro,Dupla,Reta,Não,4,0,0,1,3,0,1,2,-26.54446209,-48.71214452,SPRF-SC,DEL03-SC,UOP02-DEL03-SC,2022
"472297,0",2022-09-04,domingo,09:00:00,SC,101,"64,0",ARAQUARI,Avarias e/ou desgaste excessivo no pneu,Saída de leito carroçável,Com Vítimas Feridas,Plena Noite,Crescente,Céu Claro,Dupla,Reta,Não,2,0,1,0,1,0,1,1,-26.46433196,-48.75063097,SPRF-SC,DEL03-SC,UOP02-DEL03-SC,2022
"472301,0",2022-09-04,domingo,15:55:00,SC,470,"122,9",IBIRAMA,Reação tardia ou ineficiente do condutor,Colisão lateral sentido oposto,Com Vítimas Feridas,Pleno dia,Decrescente,Céu Claro,Simples,Curva,Sim,2,0,1,0,1,0,1,2,-27.099888,-49.527679,SPRF-SC,DEL04-SC,UOP02-DEL04-SC,2022
"472302,0",2022-09-04,domingo,15:40:00,SC,101,"141,0",BALNEARIO CAMBORIU,Transitar no acostamento,Queda de ocupante de veículo,Com Vítimas Feridas,Pleno dia,Crescente,Céu Claro,Simples,Declive;Curva,Não,2,0,0,1,1,0,1,1,-27.04761729,-48.59995855,SPRF-SC,DEL04-SC,UOP03-DEL04-SC,2022
"472305,0",2022-09-04,domingo,14:30:00,SC,101,"440,0",SANTA ROSA DO SUL,Ausência de reação do condutor,Capotamento,Com Vítimas Feridas,Pleno dia,Decrescente,Céu Claro,Dupla,Reta,Não,1,0,1,0,0,0,1,1,-29.12573504,-49.67307329,SPRF-SC,DEL02-SC,UOP02-DEL02-SC,2022
"472325,0",2022-09-04,domingo,15:20:00,SC,282,"435,2",VARGEM BONITA,Ingestão de álcool pelo condutor,Saída de leito carroçável,Sem Vítimas,Pleno dia,Crescente,Céu Claro,Simples,Reta,Não,1,0,0,0,1,0,0,1,-26.973248,-51.841671,SPRF-SC,DEL07-SC,UOP04-DEL07-SC,2022
"472342,0",2022-09-04,domingo,18:30:00,SC,101,"210,9",SAO JOSE,Reação tardia ou ineficiente do condutor,Tombamento,Com Vítimas Feridas,Plena Noite,Decrescente,Céu Claro,Múltipla,Reta,Sim,1,0,1,0,0,0,1,1,-27.6167305,-48.6457265,SPRF-SC,DEL01-SC,UOP01-DEL01-SC,2022
"472346,0",2022-09-04,domingo,18:15:00,SC,470,"134,9",RIO DO SUL,Ingestão de álcool pelo condutor,Colisão transversal,Com Vítimas Feridas,Anoitecer,Crescente,Céu Claro,Simples,Reta,Não,3,0,1,0,2,0,1,2,-27.188492,-49.61232,SPRF-SC,DEL04-SC,UOP02-DEL04-SC,2022
"472349,0",2022-09-04,domingo,19:20:00,SC,101,"206,2",SAO JOSE,Reação tardia ou ineficiente do condutor,Colisão traseira,Com Vítimas Feridas,Plena Noite,Decrescente,Céu Claro,Múltipla,Reta,Sim,5,0,1,0,4,0,1,4,-27.59193546,-48.61824557,SPRF-SC,DEL01-SC,UOP01-DEL01-SC,2022
"472358,0",2022-09-04,domingo,20:20:00,SC,280,"115,7",SAO BENTO DO SUL,Transitar na contramão,Colisão frontal,Com Vítimas Feridas,Plena Noite,Crescente,Céu Claro,Simples,Reta,Não,2,0,0,2,0,0,2,2,-26.284761,-49.408313,SPRF-SC,DEL06-SC,UOP03-DEL06-SC,2022
"472379,0",2022-09-04,domingo,21:45:00,SC,101,"434,0",SOMBRIO,Desrespeitar a preferência no cruzamento,Colisão frontal,Com Vítimas Feridas,Plena Noite,Crescente,Nublado,Simples,Interseção de Vias,Sim,3,0,1,1,1,0,2,2,-29.09075196,-49.63226114,SPRF-SC,DEL02-SC,UOP02-DEL02-SC,2022
"472461,0",2022-09-04,domingo,23:10:00,SC,116,"237,0",LAGES,Ingestão de álcool pelo condutor,Saída de leito carroçável,Sem Vítimas,Plena Noite,Crescente,Céu Claro,Simples,Reta,Não,1,0,0,0,1,0,0,1,-27.73034899,-50.3359778,SPRF-SC,DEL05-SC,UOP01-DEL05-SC,2022
"472462,0",2022-09-04,domingo,22:59:00,SC,280,"58,0",GUARAMIRIM,Pedestre cruzava a pista fora da faixa,Atropelamento de Pedestre,Com Vítimas Fatais,Plena Noite,Crescente,Nublado,Dupla,Reta,Sim,2,1,0,0,0,1,0,2,-26.474392,-49.025486,SPRF-SC,DEL03-SC,UOP03-DEL03-SC,2022
"472473,0",2022-09-04,domingo,22:10:00,SC,101,"268,8",IMBITUBA,Ingestão de álcool pelo condutor,Colisão lateral mesmo sentido,Com Vítimas Feridas,Plena Noite,Crescente,Céu Claro,Dupla,Curva,Não,3,0,2,0,1,0,2,2,-28.09434593,-48.709023,SPRF-SC,DEL02-SC,UOP03-DEL02-SC,2022
"472504,0",2022-09-04,domingo,20:00:00,SC,101,"297,0",IMBITUBA,Acessar a via sem observar a presença dos outros veículos,Atropelamento de Pedestre,Com Vítimas Feridas,Plena Noite,Decrescente,Céu Claro,Dupla,Reta,Não,2,0,1,0,1,0,1,2,-28.31353989,-48.7240982,SPRF-SC,DEL02-SC,UOP03-DEL02-SC,2022
"472508,0",2022-09-05,segunda-feira,06:40:00,SC,101,"207,0",SAO JOSE,Ausência de reação do condutor,Colisão traseira,Com Vítimas Feridas,Pleno dia,Crescente,Nublado,Dupla,Reta,Sim,2,0,1,0,1,0,1,2,-27.60001226,-48.6226467,SPRF-SC,DEL01-SC,UOP01-DEL01-SC,2022
"472512,0",2022-09-05,segunda-feira,07:20:00,SC,282,"17,0",PALHOCA,Desrespeitar a preferência no cruzamento,Colisão transversal,Com Vítimas Feridas,Pleno dia,Crescente,Céu Claro,Simples,Reta,Sim,2,0,1,0,1,0,1,2,-27.665707,-48.688065,SPRF-SC,DEL01-SC,UOP02-DEL01-SC,2022
"472576,0",2022-09-05,segunda-feira,14:05:00,SC,280,"57,9",GUARAMIRIM,Acessar a via sem observar a presença dos outros veículos,Colisão lateral mesmo sentido,Com Vítimas Feridas,Pleno dia,Crescente,Céu Claro,Dupla,Interseção de Vias;Rotatória,Sim,4,0,1,0,3,0,1,2,-26.47408235,-49.02004123,SPRF-SC,DEL03-SC,UOP03-DEL03-SC,2022
"472595,0",2022-09-05,segunda-feira,12:20:00,SC,116,"6,8",MAFRA,Mal súbito do condutor,Queda de ocupante de veículo,Com Vítimas Feridas,Pleno dia,Decrescente,Nublado,Dupla,Reta,Sim,1,0,0,1,0,0,1,1,-26.14644691,-49.82305806,SPRF-SC,DEL06-SC,UOP01-DEL06-SC,2022
"472627,0",2022-09-05,segunda-feira,18:30:00,SC,163,"70,0",SAO MIGUEL DO OESTE,Ingestão de álcool e/ou substâncias psicoativas pelo pedestre,Atropelamento de Pedestre,Com Vítimas Feridas,Anoitecer,Crescente,Chuva,Dupla,Interseção de Vias,Sim,2,0,1,0,1,0,1,2,-26.73461723,-53.50680015,SPRF-SC,DEL07-SC,UOP03-DEL07-SC,2022
"472633,0",2022-09-05,segunda-feira,18:45:00,SC,101,"194,0",BIGUACU,Acessar a via sem observar a presença dos outros veículos,Colisão transversal,Com Vítimas Feridas,Plena Noite,Crescente,Garoa/Chuvisco,Múltipla,Reta,Sim,2,0,1,0,0,1,1,2,-27.49815117,-48.65661236,SPRF-SC,DEL01-SC,UOP01-DEL01-SC,2022
"472634,0",2022-09-05,segunda-feira,16:35:00,SC,101,"416,2",ARARANGUA,Acessar a via sem observar a presença dos outros veículos,Colisão transversal,Com Vítimas Feridas,Pleno dia,Decrescente,Céu Claro,Múltipla,Reta,Sim,2,0,1,0,1,0,1,2,-28.96708874,-49.52338825,SPRF-SC,DEL02-SC,UOP02-DEL02-SC,2022
"472641,0",2022-09-05,segunda-feira,20:00:00,SC,101,"2,9",GARUVA,Manobra de mudança de faixa,Saída de leito carroçável,Com Vítimas Feridas,Plena Noite,Crescente,Garoa/Chuvisco,Dupla,Curva,Sim,2,0,2,0,0,0,2,1,-25.9994,-48.8775,SPRF-SC,DEL03-SC,UOP01-DEL03-SC,2022
"472647,0",2022-09-05,segunda-feira,06:50:00,SC,282,"43,8",AGUAS MORNAS,Velocidade Incompatível,Saída de leito carroçável,Sem Vítimas,Amanhecer,Decrescente,Garoa/Chuvisco,Simples,Curva,Não,1,0,0,0,0,1,0,1,-27.72217474,-48.90661061,SPRF-SC,DEL01-SC,UOP03-DEL01-SC,2022
"472654,0",2022-09-05,segunda-feira,21:35:00,SC,282,"654,8",SAO MIGUEL DO OESTE,Velocidade Incompatível,Saída de leito carroçável,Com Vítimas Feridas,Plena Noite,Crescente,Nublado,Simples,Declive;Curva,Não,1,0,1,0,0,0,1,1,-26.70812,-53.522144,SPRF-SC,DEL07-SC,UOP03-DEL07-SC,2022
"472657,0",2022-09-05,segunda-feira,22:20:00,SC,101,"193,3",BIGUACU,Condutor deixou de manter distância do veículo da frente,Colisão com objeto,Com Vítimas Feridas,Plena Noite,Decrescente,Chuva,Múltipla,Curva,Sim,1,0,1,0,0,0,1,1,-27.489574,-48.655914,SPRF-SC,DEL01-SC,UOP01-DEL01-SC,2022
"472667,0",2022-09-05,segunda-feira,22:40:00,SC,163,"105,0",SAO JOSE DO CEDRO,Reação tardia ou ineficiente do condutor,Saída de leito carroçável,Com Vítimas Feridas,Plena Noite,Crescente,Céu Claro,Simples,Curva,Não,1,0,1,0,0,0,1,1,-26.44612099,-53.51490283,SPRF-SC,DEL07-SC,UOP03-DEL07-SC,2022
"472669,0",2022-09-06,terça-feira,00:20:00,SC,101,"122,0",ITAJAI,Pista Escorregadia,Colisão com objeto,Com Vítimas Feridas,Plena Noite,Decrescente,Chuva,Múltipla,Reta,Sim,2,0,1,0,1,0,1,2,-26.92955916,-48.70499836,SPRF-SC,DEL04-SC,UOP04-DEL04-SC,2022
"472679,0",2022-09-06,terça-feira,03:55:00,SC,101,"180,0",GOVERNADOR CELSO RAMOS,Entrada inopinada do pedestre,Atropelamento de Pedestre,Com Vítimas Fatais,Plena Noite,Crescente,Chuva,Múltipla,Reta,Não,2,1,0,0,1,0,0,2,-27.3811238,-48.63090648,SPRF-SC,DEL01-SC,UOP01-DEL01-SC,2022
"472702,0",2022-09-06,terça-feira,08:22:00,SC,101,"192,0",BIGUACU,Reação tardia ou ineficiente do condutor,Colisão com objeto,Com Vítimas Feridas,Pleno dia,Crescente,Chuva,Múltipla,Reta,Sim,1,0,1,0,0,0,1,1,-27.48443781,-48.64765238,SPRF-SC,DEL01-SC,UOP01-DEL01-SC,2022
"472709,0",2022-09-06,terça-feira,09:00:00,SC,101,"140,0",BALNEARIO CAMBORIU,Demais falhas mecânicas ou elétricas,Tombamento,Com Vítimas Feridas,Pleno dia,Decrescente,Garoa/Chuvisco,Simples,Reta,Não,4,0,1,1,2,0,2,3,-27.03881189,-48.60025148,SPRF-SC,DEL04-SC,UOP03-DEL04-SC,2022
"472738,0",2022-09-06,terça-feira,08:45:00,SC,470,"86,9",ASCURRA,Pista Escorregadia,Saída de leito carroçável,Com Vítimas Feridas,Pleno dia,Crescente,Chuva,Simples,Curva,Não,1,0,0,1,0,0,1,1,-26.949951,-49.357296,SPRF-SC,DEL04-SC,UOP01-DEL04-SC,2022
"472757,0",2022-09-06,terça-feira,12:20:00,SC,163,"87,6",GUARACIABA,Obras na pista,Tombamento,Com Vítimas Feridas,Pleno dia,Crescente,Nublado,Simples,Curva;Em Obras;Declive,Não,1,0,1,0,0,0,1,1,-26.59023103,-53.51574204,SPRF-SC,DEL07-SC,UOP03-DEL07-SC,2022
"472765,0",2022-09-06,terça-feira,16:19:00,SC,280,"23,7",ARAQUARI,Acessar a via sem observar a presença dos outros veículos,Colisão transversal,Com Vítimas Feridas,Pleno dia,Decrescente,Nublado,Simples,Reta,Sim,2,0,0,1,1,0,1,2,-26.37146,-48.711887,SPRF-SC,DEL03-SC,UOP03-DEL03-SC,2022
"472788,0",2022-09-06,terça-feira,16:37:00,SC,101,"205,5",SAO JOSE,Chuva,Saída de leito carroçável,Com Vítimas Feridas,Pleno dia,Crescente,Chuva,Simples,Curva,Sim,1,0,1,0,0,0,1,1,-27.58706705,-48.61672282,SPRF-SC,DEL01-SC,UOP01-DEL01-SC,2022
"472797,0",2022-09-06,terça-feira,15:00:00,SC,282,"564,3",NOVA ERECHIM,Acessar a via sem observar a presença dos outros veículos,Colisão transversal,Com Vítimas Feridas,Pleno dia,Decrescente,Nublado,Simples,Curva,Não,3,0,2,0,1,0,2,2,-26.898739,-52.877975,SPRF-SC,DEL07-SC,UOP02-DEL07-SC,2022