id,data_inversa,dia_semana,horario,uf,br,km,municipio,causa_acidente,tipo_acidente,classificacao_acidente,fase_dia,sentido_via,condicao_metereologica,tipo_pista,tracado_via,uso_solo,pessoas,mortos,feridos_leves,feridos_graves,ilesos,ignorados,feridos,veiculos,latitude,longitude,regional,delegacia,uop,ano_arquivo
"472805,0",2022-09-06,terça-feira,17:45:00,SC,282,"308,0",VARGEM,Velocidade Incompatível,Colisão com objeto,Com Vítimas Feridas,Anoitecer,Crescente,Chuva,Simples,Curva;Declive,Não,3,0,3,0,0,0,3,1,-27.49292,-50.971973,SPRF-SC,DEL07-SC,UOP06-DEL07-SC,2022
"472815,0",2022-03-15,terça-feira,08:30:00,SC,101,"113,0",ITAJAI,Condutor deixou de manter distância do veículo da frente,Engavetamento,Sem Vítimas,Pleno dia,Decrescente,Céu Claro,Dupla,Reta,Sim,3,0,0,0,3,0,0,3,-26.85311393,-48.72689927,SPRF-SC,DEL04-SC,UOP04-DEL04-SC,2022
"472817,0",2022-09-06,terça-feira,17:50:00,SC,163,"70,8",SAO MIGUEL DO OESTE,Velocidade Incompatível,Atropelamento de Pedestre,Com Vítimas Feridas,Pleno dia,Crescente,Nublado,Simples,Reta,Sim,2,0,1,1,0,0,2,2,-26.73461723,-53.50680015,SPRF-SC,DEL07-SC,UOP03-DEL07-SC,2022
"472839,0",2022-09-06,terça-feira,08:00:00,SC,101,"152,0",ITAPEMA,Desrespeitar a preferência no cruzamento,Colisão transversal,Com Vítimas Feridas,Plena Noite,Decrescente,Chuva,Simples,Interseção de Vias,Sim,2,0,1,0,1,0,1,2,-27.13563503,-48.61004665,SPRF-SC,DEL04-SC,UOP03-DEL04-SC,2022
"472848,0",2022-09-06,terça-feira,18:40:00,SC,153,"64,7",IRANI,Iluminação deficiente,Atropelamento de Pedestre,Com Vítimas Fatais,Plena Noite,Decrescente,Vento,Simples,Reta,Sim,2,1,0,0,1,0,0,2,-27.014638,-51.880009,SPRF-SC,DEL07-SC,UOP04-DEL07-SC,2022
"472879,0",2022-09-07,quarta-feira,05:08:00,SC,101,"174,5",BIGUACU,Reação tardia ou ineficiente do condutor,Saída de leito carroçável,Com Vítimas Feridas,Plena Noite,Crescente,Chuva,Dupla,Retorno Regulamentado,Não,1,0,1,0,0,0,1,1,-27.33081601,-48.62697562,SPRF-SC,DEL01-SC,UOP01-DEL01-SC,2022
"472888,0",2022-09-07,quarta-feira,05:20:00,SC,470,"44,2",GASPAR,Chuva,Saída de leito carroçável,Com Vítimas Feridas,Plena Noite,Decrescente,Chuva,Dupla,Reta,Não,2,0,1,0,1,0,1,1,-26.870665,-49.021896,SPRF-SC,DEL04-SC,UOP01-DEL04-SC,2022
"472897,0",2022-09-07,quarta-feira,07:00:00,SC,101,"189,0",BIGUACU,Acumulo de óleo sobre o pavimento,Queda de ocupante de veículo,Com Vítimas Feridas,Pleno dia,Decrescente,Chuva,Dupla,Curva,Não,2,0,1,0,1,0,1,1,-27.459393,-48.638914,SPRF-SC,DEL01-SC,UOP01-DEL01-SC,2022
"472898,0",2022-09-07,quarta-feira,05:45:00,SC,163,"69,8",SAO MIGUEL DO OESTE,Ingestão de álcool pelo condutor,Saída de leito carroçável,Com Vítimas Feridas,Plena Noite,Crescente,Ignorado,Dupla,Aclive;Reta,Sim,2,0,1,0,0,1,1,2,-26.73605512,-53.50436015,SPRF-SC,DEL07-SC,UOP03-DEL07-SC,2022
"472913,0",2022-09-07,quarta-feira,06:00:00,SC,101,"382,3",ICARA,Ausência de reação do condutor,Colisão traseira,Com Vítimas Fatais,Amanhecer,Decrescente,Céu Claro,Dupla,Reta,Não,2,1,0,0,1,0,0,2,-28.76959645,-49.30416226,SPRF-SC,DEL02-SC,UOP02-DEL02-SC,2022
"472918,0",2022-08-02,terça-feira,21:17:00,SC,470,"2,2",NAVEGANTES,Afundamento ou ondulação no pavimento,Tombamento,Com Vítimas Feridas,Plena Noite,Decrescente,Céu Claro,Dupla,Reta,Sim,1,0,1,0,0,0,1,1,-26.86798949,-48.67539883,SPRF-SC,DEL04-SC,UOP04-DEL04-SC,2022
"472931,0",2022-09-07,quarta-feira,09:30:00,SC,282,"89,0",ALFREDO WAGNER,Velocidade Incompatível,Capotamento,Com Vítimas Feridas,Pleno dia,Decrescente,Chuva,Simples,Curva,Não,2,0,1,1,0,0,2,1,-27.677973,-49.215893,SPRF-SC,DEL01-SC,UOP03-DEL01-SC,2022
"472942,0",2022-08-27,sábado,00:10:00,SC,101,"165,0",TIJUCAS,Ausência de reação do condutor,Colisão com objeto,Com Vítimas Feridas,Plena Noite,Decrescente,Céu Claro,Simples,Reta,Não,2,0,0,1,1,0,1,2,-27.252663,-48.63154894,SPRF-SC,DEL04-SC,UOP03-DEL04-SC,2022
"472943,0",2022-05-08,domingo,06:30:00,SC,101,"129,0",BALNEARIO CAMBORIU,Reação tardia ou ineficiente do condutor,Colisão lateral mesmo sentido,Com Vítimas Feridas,Pleno dia,Crescente,Céu Claro,Dupla,Reta,Não,2,0,1,0,1,0,1,2,-26.98064277,-48.6790679,SPRF-SC,DEL04-SC,UOP03-DEL04-SC,2022
"472946,0",2022-09-07,quarta-feira,13:40:00,SC,101,"218,2",PALHOCA,Condutor deixou de manter distância do veículo da frente,Colisão traseira,Com Vítimas Feridas,Pleno dia,Decrescente,Garoa/Chuvisco,Simples,Interseção de Vias,Sim,5,0,2,1,2,0,3,3,-27.68025698,-48.66909564,SPRF-SC,DEL01-SC,UOP02-DEL01-SC,2022
"472950,0",2022-09-07,quarta-feira,14:20:00,SC,101,"193,0",BIGUACU,Ingestão de álcool pelo condutor,Colisão traseira,Com Vítimas Feridas,Pleno dia,Crescente,Chuva,Dupla,Reta,Sim,2,0,1,0,1,0,1,2,-27.489574,-48.655914,SPRF-SC,DEL01-SC,UOP01-DEL01-SC,2022
"472958,0",2022-09-07,quarta-feira,15:00:00,SC,101,"258,0",PAULO LOPES,Ausência de reação do condutor,Saída de leito carroçável,Com Vítimas Feridas,Pleno dia,Decrescente,Garoa/Chuvisco,Dupla,Reta,Sim,2,0,1,0,1,0,1,1,-28.00482282,-48.69190437,SPRF-SC,DEL02-SC,UOP03-DEL02-SC,2022
"472974,0",2022-09-07,quarta-feira,17:30:00,SC,101,"144,0",ITAPEMA,Reação tardia ou ineficiente do condutor,Colisão lateral mesmo sentido,Com Vítimas Feridas,Pleno dia,Crescente,Chuva,Dupla,Reta,Não,2,0,0,1,0,1,1,2,-27.0732659,-48.59672716,SPRF-SC,DEL04-SC,UOP03-DEL04-SC,2022
"472993,0",2022-09-07,quarta-feira,19:25:00,SC,101,"88,0",BARRA VELHA,Ausência de reação do condutor,Colisão transversal,Com Vítimas Feridas,Plena Noite,Crescente,Nublado,Dupla,Interseção de Vias,Sim,5,0,0,1,1,3,1,3,-26.64253985,-48.68950684,SPRF-SC,DEL03-SC,UOP02-DEL03-SC,2022
"473015,0",2022-09-07,quarta-feira,20:40:00,SC,116,"56,3",PAPANDUVA,Reação tardia ou ineficiente do condutor,Saída de leito carroçável,Com Vítimas Fatais,Plena Noite,Decrescente,Nevoeiro/Neblina,Simples,Curva,Não,1,1,0,0,0,0,0,1,-26.38887295,-50.18345597,SPRF-SC,DEL06-SC,UOP02-DEL06-SC,2022
"473037,0",2022-09-07,quarta-feira,22:30:00,SC,480,"129,0",CHAPECO,Ingestão de álcool pelo condutor,Colisão com objeto,Com Vítimas Feridas,Plena Noite,Decrescente,Céu Claro,Dupla,Curva,Sim,1,0,1,0,0,0,1,1,-27.04656607,-52.63577131,SPRF-SC,DEL07-SC,UOP01-DEL07-SC,2022
"473039,0",2022-09-08,quinta-feira,00:25:00,SC,101,"210,0",SAO JOSE,Velocidade Incompatível,Colisão traseira,Com Vítimas Feridas,Plena Noite,Crescente,Céu Claro,Dupla,Reta,Sim,6,0,4,1,1,0,5,2,-27.61822327,-48.64727587,SPRF-SC,DEL01-SC,UOP01-DEL01-SC,2022
"473041,0",2022-09-08,quinta-feira,00:45:00,SC,280,"82,0",CORUPA,Acesso irregular,Colisão lateral mesmo sentido,Com Vítimas Feridas,Plena Noite,Decrescente,Céu Claro,Simples,Reta,Sim,2,0,1,0,1,0,1,2,-26.44009491,-49.22605498,SPRF-SC,DEL06-SC,UOP03-DEL06-SC,2022
"473050,0",2022-09-07,quarta-feira,18:50:00,SC,101,"285,0",IMBITUBA,Ingestão de álcool pelo condutor,Saída de leito carroçável,Sem Vítimas,Plena Noite,Decrescente,Garoa/Chuvisco,Múltipla,Curva;Declive,Não,1,0,0,0,1,0,0,1,-28.22116606,-48.70063047,SPRF-SC,DEL02-SC,UOP03-DEL02-SC,2022
"473066,0",2022-09-08,quinta-feira,06:35:00,SC,101,"206,8",SAO JOSE,Reação tardia ou ineficiente do condutor,Colisão traseira,Com Vítimas Feridas,Amanhecer,Decrescente,Céu Claro,Múltipla,Reta,Sim,6,0,1,2,3,0,3,5,-27.598934,-48.621508,SPRF-SC,DEL01-SC,UOP01-DEL01-SC,2022
"473071,0",2022-09-08,quinta-feira,07:42:00,SC,101,"216,7",PALHOCA,Reação tardia ou ineficiente do condutor,Colisão traseira,Com Vítimas Feridas,Pleno dia,Decrescente,Céu Claro,Múltipla,Reta,Sim,2,0,0,1,1,0,1,2,-27.65981409,-48.67747798,SPRF-SC,DEL01-SC,UOP02-DEL01-SC,2022
"473073,0",2022-09-08,quinta-feira,07:15:00,SC,470,"7,0",NAVEGANTES,Reação tardia ou ineficiente do condutor,Colisão traseira,Com Vítimas Feridas,Pleno dia,Crescente,Nevoeiro/Neblina,Simples,Reta,Sim,2,0,1,0,1,0,1,2,-26.84499,-48.71505,SPRF-SC,DEL04-SC,UOP04-DEL04-SC,2022
"473081,0",2022-09-08,quinta-feira,08:20:00,SC,282,"6,0",SAO JOSE,Reação tardia ou ineficiente do condutor,Colisão traseira,Com Vítimas Feridas,Pleno dia,Crescente,Céu Claro,Múltipla,Curva,Sim,2,0,1,0,1,0,1,2,-27.591936,-48.618244,SPRF-SC,DEL01-SC,UOP01-DEL01-SC,2022
"473083,0",2022-09-08,quinta-feira,05:40:00,SC,101,"319,8",PESCARIA BRAVA,Animais na Pista,Atropelamento de Animal,Com Vítimas Feridas,Amanhecer,Crescente,Nublado,Dupla,Reta,Não,2,0,2,0,0,0,2,1,-28.42978736,-48.87148792,SPRF-SC,DEL02-SC,UOP01-DEL02-SC,2022
"473084,0",2022-09-08,quinta-feira,07:15:00,SC,101,"121,0",ITAJAI,Manobra de mudança de faixa,Colisão lateral mesmo sentido,Com Vítimas Feridas,Pleno dia,Decrescente,Nublado,Múltipla,Reta,Sim,2,0,0,1,1,0,1,2,-26.92103178,-48.70856446,SPRF-SC,DEL04-SC,UOP04-DEL04-SC,2022
"473110,0",2022-09-08,quinta-feira,09:55:00,SC,101,"46,3",JOINVILLE,Velocidade Incompatível,Colisão traseira,Com Vítimas Feridas,Pleno dia,Crescente,Sol,Dupla,Reta,Não,4,0,2,0,2,0,2,3,-26.33150083,-48.86187762,SPRF-SC,DEL03-SC,UOP01-DEL03-SC,2022
"473118,0",2022-09-08,quinta-feira,11:20:00,SC,470,"62,0",INDAIAL,Reação tardia ou ineficiente do condutor,Colisão lateral mesmo sentido,Com Vítimas Feridas,Pleno dia,Decrescente,Céu Claro,Simples,Reta,Sim,2,0,0,1,1,0,1,2,-26.8743701,-49.18544954,SPRF-SC,DEL04-SC,UOP01-DEL04-SC,2022
"473126,0",2022-09-08,quinta-feira,12:30:00,SC,101,"207,0",SAO JOSE,Manobra de mudança de faixa,Queda de ocupante de veículo,Com Vítimas Feridas,Pleno dia,Decrescente,Céu Claro,Dupla,Reta,Sim,2,0,1,0,0,1,1,2,-27.59998859,-48.62217754,SPRF-SC,DEL01-SC,UOP01-DEL01-SC,2022
"473134,0",2022-09-08,quinta-feira,14:00:00,SC,101,"202,6",SAO JOSE,Condutor deixou de manter distância do veículo da frente,Colisão traseira,Sem Vítimas,Pleno dia,Crescente,Sol,Múltipla,Reta,Sim,3,0,0,0,3,0,0,3,-27.55711595,-48.61897889,SPRF-SC,DEL01-SC,UOP01-DEL01-SC,2022
"473140,0",2022-09-08,quinta-feira,13:02:00,SC,280,"35,4",ARAQUARI,Restrição de visibilidade em curvas horizontais,Colisão traseira,Com Vítimas Feridas,Pleno dia,Crescente,Céu Claro,Simples,Curva,Não,3,0,0,1,2,0,1,2,-26.43447549,-48.80453914,SPRF-SC,DEL03-SC,UOP03-DEL03-SC,2022
"473141,0",2022-09-08,quinta-feira,14:20:00,SC,470,"54,5",BLUMENAU,Reação tardia ou ineficiente do condutor,Tombamento,Com Vítimas Feridas,Pleno dia,Decrescente,Céu Claro,Simples,Reta;Interseção de Vias,Sim,1,0,0,1,0,0,1,1,-26.87429638,-49.11480904,SPRF-SC,DEL04-SC,UOP01-DEL04-SC,2022
"473182,0",2022-09-08,quinta-feira,18:35:00,SC,101,"115,0",ITAJAI,Velocidade Incompatível,Colisão traseira,Com Vítimas Feridas,Anoitecer,Decrescente,Nublado,Múltipla,Reta,Sim,4,0,1,0,2,1,1,4,-26.87064015,-48.72954134,SPRF-SC,DEL04-SC,UOP04-DEL04-SC,2022
"473202,0",2022-09-08,quinta-feira,21:05:00,SC,101,"41,0",JOINVILLE,Manobra de mudança de faixa,Colisão com objeto,Com Vítimas Feridas,Plena Noite,Crescente,Nublado,Simples,Declive;Reta,Sim,1,0,0,1,0,0,1,1,-26.31825405,-48.87240882,SPRF-SC,DEL03-SC,UOP01-DEL03-SC,2022
"473207,0",2022-09-08,quinta-feira,21:40:00,SC,282,"480,0",FAXINAL DOS GUEDES,Velocidade Incompatível,Colisão com objeto,Com Vítimas Feridas,Plena Noite,Crescente,Céu Claro,Simples,Rotatória,Não,1,0,1,0,0,0,1,1,-26.878145,-52.188196,SPRF-SC,DEL07-SC,UOP01-DEL07-SC,2022
"473237,0",2022-09-09,sexta-feira,05:00:00,SC,101,"237,5",PALHOCA,Chuva,Tombamento,Com Vítimas Feridas,Plena Noite,Decrescente,Chuva,Dupla,Reta,Não,1,0,0,1,0,0,1,1,-27.83490593,-48.63077716,SPRF-SC,DEL01-SC,UOP02-DEL01-SC,2022
"473271,0",2022-09-09,sexta-feira,07:50:00,SC,101,"202,7",SAO JOSE,Manobra de mudança de faixa,Colisão traseira,Com Vítimas Feridas,Pleno dia,Crescente,Garoa/Chuvisco,Múltipla,Reta,Sim,2,0,1,0,1,0,1,2,-27.55711595,-48.61897889,SPRF-SC,DEL01-SC,UOP01-DEL01-SC,2022
"473297,0",2022-09-09,sexta-feira,11:45:00,SC,101,"204,1",SAO JOSE,Manobra de mudança de faixa,Colisão lateral mesmo sentido,Com Vítimas Feridas,Pleno dia,Crescente,Céu Claro,Múltipla,Reta,Sim,2,0,1,0,1,0,1,2,-27.57413014,-48.61363083,SPRF-SC,DEL01-SC,UOP01-DEL01-SC,2022
"473306,0",2022-09-09,sexta-feira,12:05:00,SC,163,"73,2",SAO MIGUEL DO OESTE,Condutor deixou de manter distância do veículo da frente,Colisão lateral mesmo sentido,Com Vítimas Feridas,Pleno dia,Crescente,Céu Claro,Simples,Declive;Reta,Sim,2,0,1,0,1,0,1,2,-26.71084646,-53.51502434,SPRF-SC,DEL07-SC,UOP03-DEL07-SC,2022
"473310,0",2022-09-09,sexta-feira,08:20:00,SC,116,"73,7",MONTE CASTELO,Ausência de reação do condutor,Colisão com objeto,Com Vítimas Feridas,Pleno dia,Decrescente,Sol,Simples,Reta,Não,2,0,1,0,1,0,1,1,-26.49609399,-50.23312331,SPRF-SC,DEL06-SC,UOP02-DEL06-SC,2022
"473328,0",2022-09-09,sexta-feira,15:20:00,SC,282,"0,8",FLORIANOPOLIS,Acessar a via sem observar a presença dos outros veículos,Colisão traseira,Com Vítimas Feridas,Pleno dia,Crescente,Céu Claro,Múltipla,Reta,Sim,5,0,0,1,2,2,1,3,-27.59845,-48.571995,SPRF-SC,DEL01-SC,UOP01-DEL01-SC,2022
"473338,0",2022-09-09,sexta-feira,15:30:00,SC,101,"132,0",BALNEARIO CAMBORIU,Ausência de reação do condutor,Tombamento,Com Vítimas Feridas,Pleno dia,Decrescente,Céu Claro,Dupla,Reta,Sim,1,0,1,0,0,0,1,1,-26.99654133,-48.65564711,SPRF-SC,DEL04-SC,UOP03-DEL04-SC,2022
"473380,0",2022-09-09,sexta-feira,18:00:00,SC,470,"140,3",RIO DO SUL,Transitar no acostamento,Colisão transversal,Sem Vítimas,Plena Noite,Crescente,Céu Claro,Simples,Reta,Não,2,0,0,0,2,0,0,2,-27.222485,-49.662827,SPRF-SC,DEL04-SC,UOP02-DEL04-SC,2022
"473409,0",2022-09-09,sexta-feira,22:45:00,SC,101,"217,0",PALHOCA,Acessar a via sem observar a presença dos outros veículos,Queda de ocupante de veículo,Com Vítimas Feridas,Plena Noite,Decrescente,Céu Claro,Múltipla,Reta,Não,2,0,1,0,1,0,1,2,-27.66779034,-48.67393586,SPRF-SC,DEL01-SC,UOP02-DEL01-SC,2022
"473412,0",2022-09-09,sexta-feira,21:50:00,SC,280,"23,8",ARAQUARI,Acessar a via sem observar a presença dos outros veículos,Colisão transversal,Com Vítimas Feridas,Plena Noite,Crescente,Nublado,Simples,Reta,Não,3,0,3,0,0,0,3,2,-26.37724921,-48.71953282,SPRF-SC,DEL03-SC,UOP03-DEL03-SC,2022
"473426,0",2022-09-10,sábado,02:40:00,SC,116,"247,6",LAGES,Conversão proibida,Colisão frontal,Com Vítimas Feridas,Plena Noite,Crescente,Garoa/Chuvisco,Simples,Reta,Sim,2,0,1,0,0,1,1,2,-27.81721559,-50.37245393,SPRF-SC,DEL05-SC,UOP02-DEL05-SC,2022
"473432,0",2022-09-10,sábado,04:10:00,SC,282,"18,3",PALHOCA,Ingestão de álcool pelo condutor,Colisão traseira,Sem Vítimas,Plena Noite,Crescente,Nublado,Simples,Reta,Não,2,0,0,0,2,0,0,2,-27.672798,-48.694286,SPRF-SC,DEL01-SC,UOP02-DEL01-SC,2022
"473434,0",2022-09-10,sábado,04:01:00,SC,116,"234,3",CORREIA PINTO,Ingestão de álcool pelo condutor,Saída de leito carroçável,Sem Vítimas,Plena Noite,Decrescente,Garoa/Chuvisco,Simples,Curva,Não,2,0,0,0,2,0,0,1,-27.70240496,-50.33486119,SPRF-SC,DEL05-SC,UOP01-DEL05-SC,2022
"473435,0",2022-09-10,sábado,04:00:00,SC,101,"201,0",SAO JOSE,Manobra de mudança de faixa,Colisão traseira,Com Vítimas Feridas,Plena Noite,Decrescente,Nublado,Dupla,Interseção de Vias,Sim,2,0,1,0,1,0,1,2,-27.54836599,-48.61977975,SPRF-SC,DEL01-SC,UOP01-DEL01-SC,2022
"473437,0",2022-09-10,sábado,04:00:00,SC,101,"109,0",PENHA,Velocidade Incompatível,Colisão traseira,Com Vítimas Feridas,Plena Noite,Crescente,Chuva,Dupla,Reta,Sim,3,0,1,0,2,0,1,3,-26.8333519,-48.69632106,SPRF-SC,DEL03-SC,UOP02-DEL03-SC,2022
"473462,0",2022-09-10,sábado,05:53:00,SC,282,"606,9",MARAVILHA,Transitar na contramão,Colisão transversal,Com Vítimas Fatais,Plena Noite,Crescente,Garoa/Chuvisco,Simples,Reta,Sim,2,1,0,0,1,0,0,2,-26.772648,-53.2062,SPRF-SC,DEL07-SC,UOP02-DEL07-SC,2022
"473494,0",2022-09-10,sábado,11:50:00,SC,101,"206,0",SAO JOSE,Condutor deixou de manter distância do veículo da frente,Engavetamento,Com Vítimas Feridas,Pleno dia,Decrescente,Céu Claro,Múltipla,Reta,Sim,5,0,2,0,3,0,2,4,-27.59193546,-48.61824557,SPRF-SC,DEL01-SC,UOP01-DEL01-SC,2022
"473497,0",2022-09-10,sábado,11:30:00,SC,282,"460,0",PONTE SERRADA,Reação tardia ou ineficiente do condutor,Colisão traseira,Com Vítimas Feridas,Pleno dia,Decrescente,Céu Claro,Simples,Reta,Sim,5,0,0,1,4,0,1,4,-26.856062,-52.03215,SPRF-SC,DEL07-SC,UOP04-DEL07-SC,2022
"473502,0",2022-09-10,sábado,10:00:00,SC,282,"489,1",FAXINAL DOS GUEDES,Ausência de reação do condutor,Saída de leito carroçável,Sem Vítimas,Pleno dia,Decrescente,Nublado,Simples,Reta,Não,1,0,0,0,1,0,0,1,-26.870375,-52.274731,SPRF-SC,DEL07-SC,UOP01-DEL07-SC,2022
"473547,0",2022-09-10,sábado,16:30:00,SC,101,"282,0",IMBITUBA,Desrespeitar a preferência no cruzamento,Colisão transversal,Com Vítimas Feridas,Pleno dia,Crescente,Céu Claro,Múltipla,Interseção de Vias;Retorno Regulamentado,Sim,2,0,1,0,1,0,1,2,-28.19626005,-48.69739859,SPRF-SC,DEL02-SC,UOP03-DEL02-SC,2022
"473552,0",2022-09-10,sábado,14:00:00,SC,280,"249,0",CANOINHAS,Frear bruscamente,Saída de leito carroçável,Com Vítimas Feridas,Pleno dia,Decrescente,Nublado,Simples,Reta,Não,2,0,2,0,0,0,2,1,-26.25310206,-50.53277399,SPRF-SC,DEL06-SC,UOP04-DEL06-SC,2022
"473557,0",2022-09-10,sábado,18:10:00,SC,101,"206,7",SAO JOSE,Ausência de reação do condutor,Colisão com objeto,Com Vítimas Feridas,Anoitecer,Crescente,Nublado,Dupla,Curva,Não,1,0,1,0,0,0,1,1,-27.59193546,-48.61824557,SPRF-SC,DEL01-SC,UOP01-DEL01-SC,2022
"473572,0",2022-09-10,sábado,16:35:00,SC,280,"249,0",CANOINHAS,Transitar na contramão,Saída de leito carroçável,Com Vítimas Feridas,Pleno dia,Crescente,Céu Claro,Simples,Reta,Não,3,0,1,0,2,0,1,1,-26.25310206,-50.53277399,SPRF-SC,DEL06-SC,UOP04-DEL06-SC,2022
"473577,0",2022-09-10,sábado,19:20:00,SC,101,"308,7",LAGUNA,Pedestre andava na pista,Atropelamento de Pedestre,Com Vítimas Fatais,Plena Noite,Decrescente,Céu Claro,Múltipla,Reta,Não,8,1,0,0,7,0,0,3,-28.4249228,-48.8002356,SPRF-SC,DEL02-SC,UOP01-DEL02-SC,2022
"473590,0",2022-09-10,sábado,16:45:00,SC,282,"98,6",ALFREDO WAGNER,Ausência de reação do condutor,Saída de leito carroçável,Com Vítimas Feridas,Pleno dia,Crescente,Céu Claro,Simples,Reta,Não,3,0,3,0,0,0,3,1,-27.702288,-49.279648,SPRF-SC,DEL01-SC,UOP03-DEL01-SC,2022
"473599,0",2022-09-10,sábado,20:50:00,SC,101,"203,0",SAO JOSE,Ingestão de álcool pelo condutor,Colisão lateral mesmo sentido,Sem Vítimas,Plena Noite,Decrescente,Céu Claro,Dupla,Reta,Sim,2,0,0,0,1,1,0,2,-27.56426891,-48.61540318,SPRF-SC,DEL01-SC,UOP01-DEL01-SC,2022
"473612,0",2022-09-10,sábado,21:00:00,SC,101,"203,0",SAO JOSE,Ingestão de álcool e/ou substâncias psicoativas pelo pedestre,Capotamento,Sem Vítimas,Plena Noite,Decrescente,Céu Claro,Dupla,Curva;Interseção de Vias,Sim,1,0,0,0,0,1,0,1,-27.56645402,-48.61366085,SPRF-SC,DEL01-SC,UOP01-DEL01-SC,2022
"473619,0",2022-09-10,sábado,21:35:00,SC,280,"24,1",ARAQUARI,Acessar a via sem observar a presença dos outros veículos,Colisão transversal,Com Vítimas Feridas,Plena Noite,Decrescente,Nublado,Simples,Interseção de Vias;Reta,Sim,2,0,1,0,1,0,1,2,-26.37826023,-48.72059941,SPRF-SC,DEL03-SC,UOP03-DEL03-SC,2022
"473622,0",2022-09-10,sábado,22:05:00,SC,101,"402,0",MARACAJA,Demais falhas mecânicas ou elétricas,Colisão com objeto,Com Vítimas Feridas,Plena Noite,Decrescente,Céu Claro,Dupla,Reta,Não,4,0,2,0,2,0,2,1,-28.86330994,-49.44595308,SPRF-SC,DEL02-SC,UOP02-DEL02-SC,2022
"473638,0",2022-09-10,sábado,20:50:00,SC,101,"308,5",LAGUNA,Ingestão de álcool pelo condutor,Colisão traseira,Com Vítimas Feridas,Plena Noite,Decrescente,Céu Claro,Múltipla,Reta,Sim,4,0,0,1,3,0,1,2,-28.399616,-48.7854,SPRF-SC,DEL02-SC,UOP01-DEL02-SC,2022
"473649,0",2022-09-10,sábado,23:50:00,SC,101,"122,0",ITAJAI,Ingestão de álcool pelo condutor,Colisão traseira,Sem Vítimas,Plena Noite,Decrescente,Céu Claro,Múltipla,Reta,Não,2,0,0,0,2,0,0,2,-26.92938773,-48.7048173,SPRF-SC,DEL04-SC,UOP04-DEL04-SC,2022
"473655,0",2022-09-10,sábado,22:00:00,SC,101,"314,6",LAGUNA,Ausência de reação do condutor,Colisão traseira,Com Vítimas Feridas,Plena Noite,Crescente,Céu Claro,Dupla,Reta,Não,5,0,3,0,2,0,3,2,-28.44043981,-48.82497095,SPRF-SC,DEL02-SC,UOP01-DEL02-SC,2022
"473675,0",2022-09-11,domingo,04:10:00,SC,163,"68,0",SAO MIGUEL DO OESTE,Reação tardia ou ineficiente do condutor,Colisão com objeto,Sem Vítimas,Plena Noite,Crescente,Céu Claro,Dupla,Reta,Sim,2,0,0,0,0,2,0,2,-26.7401654,-53.50134194,SPRF-SC,DEL07-SC,UOP03-DEL07-SC,2022
"473684,0",2022-09-11,domingo,05:00:00,SC,101,"383,0",ICARA,Entrada inopinada do pedestre,Atropelamento de Pedestre,Com Vítimas Feridas,Plena Noite,Crescente,Céu Claro,Simples,Reta;Aclive,Não,3,0,0,1,2,0,1,2,-28.77091307,-49.30807829,SPRF-SC,DEL02-SC,UOP02-DEL02-SC,2022
"473693,0",2022-09-11,domingo,01:00:00,SC,101,"110,7",NAVEGANTES,Velocidade Incompatível,Saída de leito carroçável,Sem Vítimas,Plena Noite,Decrescente,Céu Claro,Dupla,Reta,Não,1,0,0,0,1,0,0,1,-26.83477,-48.706151,SPRF-SC,DEL04-SC,UOP04-DEL04-SC,2022
"473694,0",2022-09-11,domingo,04:07:00,SC,280,"103,0",SAO BENTO DO SUL,Reação tardia ou ineficiente do condutor,Saída de leito carroçável,Sem Vítimas,Amanhecer,Decrescente,Garoa/Chuvisco,Simples,Curva,Não,1,0,0,0,1,0,0,1,-26.35967199,-49.347507,SPRF-SC,DEL06-SC,UOP03-DEL06-SC,2022
"473727,0",2022-08-19,sexta-feira,21:40:00,SC,101,"210,0",SAO JOSE,Condutor deixou de manter distância do veículo da frente,Colisão lateral mesmo sentido,Sem Vítimas,Plena Noite,Decrescente,Céu Claro,Múltipla,Reta,Sim,3,0,0,0,2,1,0,3,-27.6167305,-48.6457265,SPRF-SC,DEL01-SC,UOP01-DEL01-SC,2022
"473730,0",2022-09-11,domingo,10:15:00,SC,470,"9,0",NAVEGANTES,Acessar a via sem observar a presença dos outros veículos,Colisão transversal,Com Vítimas Feridas,Pleno dia,Crescente,Nublado,Simples,Em Obras,Sim,3,0,0,1,2,0,1,2,-26.833143,-48.727432,SPRF-SC,DEL04-SC,UOP04-DEL04-SC,2022
"473742,0",2022-09-11,domingo,09:40:00,SC,101,"137,0",BALNEARIO CAMBORIU,Ausência de reação do condutor,Tombamento,Com Vítimas Feridas,Pleno dia,Decrescente,Nublado,Múltipla,Reta,Sim,1,0,0,1,0,0,1,1,-27.0157238,-48.61192763,SPRF-SC,DEL04-SC,UOP03-DEL04-SC,2022
"473755,0",2022-09-11,domingo,14:10:00,SC,470,"67,5",INDAIAL,Condutor deixou de manter distância do veículo da frente,Colisão traseira,Com Vítimas Feridas,Pleno dia,Crescente,Nublado,Simples,Reta;Em Obras,Sim,3,0,1,0,2,0,1,2,-26.872158,-49.23127,SPRF-SC,DEL04-SC,UOP01-DEL04-SC,2022
"473769,0",2022-09-11,domingo,15:45:00,SC,101,"192,0",BIGUACU,Condutor deixou de manter distância do veículo da frente,Colisão traseira,Sem Vítimas,Pleno dia,Crescente,Céu Claro,Dupla,Reta,Sim,5,0,0,0,5,0,0,2,-27.48443781,-48.64765238,SPRF-SC,DEL01-SC,UOP01-DEL01-SC,2022