id,data_inversa,dia_semana,horario,uf,br,km,municipio,causa_acidente,tipo_acidente,classificacao_acidente,fase_dia,sentido_via,condicao_metereologica,tipo_pista,tracado_via,uso_solo,pessoas,mortos,feridos_leves,feridos_graves,ilesos,ignorados,feridos,veiculos,latitude,longitude,regional,delegacia,uop,ano_arquivo
"475110,0",2022-09-18,domingo,02:45:00,SC,101,"214,5",PALHOCA,Velocidade Incompatível,Colisão traseira,Com Vítimas Feridas,Plena Noite,Decrescente,Céu Claro,Múltipla,Reta,Não,3,0,1,0,2,0,1,2,-27.64443,-48.67057,SPRF-SC,DEL01-SC,UOP02-DEL01-SC,2022
"475115,0",2022-09-17,sábado,08:30:00,SC,101,"292,7",IMBITUBA,Reação tardia ou ineficiente do condutor,Tombamento,Com Vítimas Feridas,Pleno dia,Decrescente,Céu Claro,Simples,Reta,Não,1,0,0,1,0,0,1,1,-28.278057,-48.700386,SPRF-SC,DEL02-SC,UOP03-DEL02-SC,2022
"475120,0",2022-09-17,sábado,22:45:00,SC,470,"58,1",BLUMENAU,Acessar a via sem observar a presença dos outros veículos,Colisão transversal,Com Vítimas Feridas,Plena Noite,Decrescente,Nublado,Simples,Retorno Regulamentado,Sim,2,0,0,1,1,0,1,2,-26.883879,-49.145622,SPRF-SC,DEL04-SC,UOP01-DEL04-SC,2022
"475126,0",2022-09-18,domingo,01:00:00,SC,470,"43,3",BLUMENAU,Ausência de reação do condutor,Saída de leito carroçável,Com Vítimas Feridas,Plena Noite,Crescente,Nublado,Simples,Reta,Não,1,0,1,0,0,0,1,1,-26.874519,-49.013454,SPRF-SC,DEL04-SC,UOP01-DEL04-SC,2022
"475163,0",2022-09-18,domingo,08:10:00,SC,101,"214,0",PALHOCA,Condutor deixou de manter distância do veículo da frente,Colisão traseira,Com Vítimas Feridas,Pleno dia,Decrescente,Nublado,Dupla,Interseção de Vias,Sim,2,0,1,0,0,1,1,2,-27.64443,-48.67057,SPRF-SC,DEL01-SC,UOP02-DEL01-SC,2022
"475168,0",2022-09-17,sábado,16:00:00,SC,470,"15,6",ILHOTA,Velocidade Incompatível,Saída de leito carroçável,Com Vítimas Feridas,Pleno dia,Crescente,Céu Claro,Dupla,Reta,Não,1,0,1,0,0,0,1,1,-26.839785,-48.785534,SPRF-SC,DEL04-SC,UOP04-DEL04-SC,2022
"475174,0",2022-09-18,domingo,08:35:00,SC,101,"53,5",JOINVILLE,Reação tardia ou ineficiente do condutor,Saída de leito carroçável,Com Vítimas Feridas,Pleno dia,Crescente,Chuva,Dupla,Curva,Não,1,0,1,0,0,0,1,1,-26.40231201,-48.83969703,SPRF-SC,DEL03-SC,UOP01-DEL03-SC,2022
"475182,0",2022-09-18,domingo,08:30:00,SC,282,"405,0",CATANDUVAS,Manobra de mudança de faixa,Colisão lateral sentido oposto,Com Vítimas Feridas,Pleno dia,Crescente,Céu Claro,Simples,Reta,Não,4,0,1,1,1,1,2,3,-27.09829211,-51.651299,SPRF-SC,DEL07-SC,UOP05-DEL07-SC,2022
"475188,0",2022-09-18,domingo,10:45:00,SC,101,"364,0",SANGAO,Ausência de reação do condutor,Queda de ocupante de veículo,Com Vítimas Feridas,Pleno dia,Decrescente,Céu Claro,Dupla,Reta,Não,1,0,0,1,0,0,1,1,-28.67821759,-49.13926425,SPRF-SC,DEL02-SC,UOP01-DEL02-SC,2022
"475220,0",2022-09-18,domingo,14:10:00,SC,282,"512,1",XANXERE,Ultrapassagem Indevida,Colisão transversal,Com Vítimas Feridas,Pleno dia,Crescente,Céu Claro,Simples,Curva,Não,5,0,0,2,2,1,2,3,-26.910799,-52.472099,SPRF-SC,DEL07-SC,UOP01-DEL07-SC,2022
"475235,0",2022-09-18,domingo,16:30:00,SC,101,"119,9",ITAJAI,Pedestre cruzava a pista fora da faixa,Queda de ocupante de veículo,Com Vítimas Feridas,Pleno dia,Crescente,Céu Claro,Múltipla,Reta,Sim,2,0,1,0,0,1,1,2,-26.9043179,-48.71555481,SPRF-SC,DEL04-SC,UOP04-DEL04-SC,2022
"475237,0",2022-09-18,domingo,16:35:00,SC,101,"204,0",SAO JOSE,Ingestão de álcool pelo condutor,Colisão com objeto,Sem Vítimas,Pleno dia,Decrescente,Céu Claro,Múltipla,Reta,Sim,3,0,0,0,1,2,0,3,-27.57413014,-48.61363083,SPRF-SC,DEL01-SC,UOP01-DEL01-SC,2022
"475265,0",2022-09-18,domingo,18:40:00,SC,101,"119,5",ITAJAI,Manobra de mudança de faixa,Colisão lateral mesmo sentido,Com Vítimas Feridas,Plena Noite,Decrescente,Céu Claro,Múltipla,Reta,Sim,2,0,1,0,1,0,1,2,-26.9043179,-48.71555481,SPRF-SC,DEL04-SC,UOP04-DEL04-SC,2022
"475274,0",2022-09-18,domingo,19:00:00,SC,101,"117,0",ITAJAI,Acessar a via sem observar a presença dos outros veículos,Colisão transversal,Sem Vítimas,Plena Noite,Decrescente,Céu Claro,Múltipla,Rotatória,Sim,2,0,0,0,1,1,0,2,-26.89049744,-48.72056723,SPRF-SC,DEL04-SC,UOP04-DEL04-SC,2022
"475277,0",2022-09-18,domingo,15:00:00,SC,101,"147,0",ITAPEMA,Acessar a via sem observar a presença dos outros veículos,Colisão transversal,Com Vítimas Feridas,Pleno dia,Decrescente,Sol,Simples,Interseção de Vias,Sim,3,0,2,0,1,0,2,2,-27.09237407,-48.61730888,SPRF-SC,DEL04-SC,UOP03-DEL04-SC,2022
"475280,0",2022-09-18,domingo,18:50:00,SC,101,"206,2",SAO JOSE,Condutor deixou de manter distância do veículo da frente,Colisão traseira,Com Vítimas Feridas,Plena Noite,Crescente,Céu Claro,Dupla,Reta,Sim,3,0,1,0,2,0,1,3,-27.59193546,-48.61824557,SPRF-SC,DEL01-SC,UOP01-DEL01-SC,2022
"475294,0",2022-09-18,domingo,20:20:00,SC,101,"210,0",PALHOCA,Ingestão de álcool pelo condutor,Colisão lateral mesmo sentido,Sem Vítimas,Plena Noite,Decrescente,Céu Claro,Dupla,Viaduto,Sim,2,0,0,0,2,0,0,2,-27.6167305,-48.6457265,SPRF-SC,DEL01-SC,UOP01-DEL01-SC,2022
"475304,0",2022-09-18,domingo,19:35:00,SC,470,"282,0",BRUNOPOLIS,Ingestão de álcool pelo condutor,Saída de leito carroçável,Com Vítimas Feridas,Plena Noite,Decrescente,Céu Claro,Simples,Curva,Não,3,0,2,1,0,0,3,1,-27.334223,-50.887123,SPRF-SC,DEL07-SC,UOP06-DEL07-SC,2022
"475339,0",2022-09-18,domingo,22:40:00,SC,158,"126,0",CUNHA PORA,Ingestão de álcool pelo condutor,Colisão frontal,Com Vítimas Feridas,Plena Noite,Decrescente,Céu Claro,Simples,Reta,Não,4,0,1,3,0,0,4,2,-26.864369,-53.164295,SPRF-SC,DEL07-SC,UOP02-DEL07-SC,2022
"475342,0",2022-09-18,domingo,23:40:00,SC,101,"328,0",CAPIVARI DE BAIXO,Avarias e/ou desgaste excessivo no pneu,Tombamento,Com Vítimas Feridas,Plena Noite,Crescente,Céu Claro,Dupla,Reta,Não,2,0,1,1,0,0,2,1,-28.43648094,-48.95989307,SPRF-SC,DEL02-SC,UOP01-DEL02-SC,2022
"475348,0",2022-09-19,segunda-feira,00:30:00,SC,280,"228,2",TRES BARRAS,Ausência de reação do condutor,Capotamento,Sem Vítimas,Plena Noite,Crescente,Céu Claro,Simples,Reta,Não,1,0,0,0,1,0,0,1,-26.18436373,-50.34232305,SPRF-SC,DEL06-SC,UOP04-DEL06-SC,2022
"475359,0",2022-09-19,segunda-feira,01:15:00,SC,101,"338,0",TUBARAO,Ingestão de álcool e/ou substâncias psicoativas pelo pedestre,Saída de leito carroçável,Com Vítimas Feridas,Plena Noite,Crescente,Céu Claro,Dupla,Reta,Sim,2,0,1,0,1,0,1,1,-28.485725,-49.03726,SPRF-SC,DEL02-SC,UOP01-DEL02-SC,2022
"475361,0",2022-09-19,segunda-feira,02:20:00,SC,470,"47,0",BLUMENAU,Condutor Dormindo,Saída de leito carroçável,Com Vítimas Feridas,Plena Noite,Crescente,Garoa/Chuvisco,Simples,Desvio Temporário;Em Obras;Reta,Não,2,0,0,1,1,0,1,1,-26.864044,-49.046516,SPRF-SC,DEL04-SC,UOP01-DEL04-SC,2022
"475377,0",2022-09-19,segunda-feira,06:30:00,SC,101,"150,0",ITAPEMA,Manobra de mudança de faixa,Colisão lateral mesmo sentido,Com Vítimas Feridas,Pleno dia,Crescente,Céu Claro,Simples,Reta,Sim,3,0,0,2,1,0,2,2,-27.11744799,-48.60940987,SPRF-SC,DEL04-SC,UOP03-DEL04-SC,2022
"475414,0",2022-09-19,segunda-feira,09:10:00,SC,163,"68,0",SAO MIGUEL DO OESTE,Acumulo de água sobre o pavimento,Colisão traseira,Sem Vítimas,Pleno dia,Crescente,Chuva,Dupla,Reta,Sim,2,0,0,0,2,0,0,2,-26.74357919,-53.50097179,SPRF-SC,DEL07-SC,UOP03-DEL07-SC,2022
"475419,0",2022-09-19,segunda-feira,11:00:00,SC,101,"203,6",SAO JOSE,Manobra de mudança de faixa,Colisão lateral mesmo sentido,Com Vítimas Feridas,Pleno dia,Decrescente,Céu Claro,Múltipla,Reta,Sim,3,0,2,1,0,0,3,2,-27.5650044,-48.61460082,SPRF-SC,DEL01-SC,UOP01-DEL01-SC,2022
"475439,0",2022-09-19,segunda-feira,12:45:00,SC,101,"206,9",SAO JOSE,Acessar a via sem observar a presença dos outros veículos,Colisão transversal,Com Vítimas Feridas,Pleno dia,Decrescente,Céu Claro,Simples,Interseção de Vias,Sim,3,0,1,0,2,0,1,2,-27.599549,-48.621768,SPRF-SC,DEL01-SC,UOP01-DEL01-SC,2022
"475458,0",2022-09-19,segunda-feira,15:00:00,SC,470,"54,0",BLUMENAU,Reação tardia ou ineficiente do condutor,Tombamento,Com Vítimas Feridas,Pleno dia,Decrescente,Chuva,Simples,Interseção de Vias,Não,1,0,0,1,0,0,1,1,-26.871065,-49.110374,SPRF-SC,DEL04-SC,UOP01-DEL04-SC,2022
"475459,0",2022-09-19,segunda-feira,11:45:00,SC,282,"397,0",JOACABA,Chuva,Saída de leito carroçável,Sem Vítimas,Pleno dia,Crescente,Chuva,Simples,Curva,Não,1,0,0,0,1,0,0,1,-27.1551134,-51.60161912,SPRF-SC,DEL07-SC,UOP05-DEL07-SC,2022
"475463,0",2022-09-19,segunda-feira,16:20:00,SC,101,"198,4",SAO JOSE,Velocidade Incompatível,Capotamento,Com Vítimas Feridas,Pleno dia,Crescente,Garoa/Chuvisco,Múltipla,Curva,Sim,1,0,1,0,0,0,1,1,-27.52658712,-48.63506019,SPRF-SC,DEL01-SC,UOP01-DEL01-SC,2022
"475494,0",2022-09-19,segunda-feira,18:43:00,SC,101,"209,2",SAO JOSE,Ausência de reação do condutor,Colisão traseira,Com Vítimas Feridas,Plena Noite,Crescente,Chuva,Múltipla,Reta,Sim,2,0,1,0,1,0,1,2,-27.61000542,-48.63895057,SPRF-SC,DEL01-SC,UOP01-DEL01-SC,2022
"475503,0",2022-09-17,sábado,03:30:00,SC,101,"260,0",GAROPABA,Condutor Dormindo,Colisão com objeto,Com Vítimas Feridas,Plena Noite,Decrescente,Chuva,Simples,Curva;Aclive,Não,1,0,1,0,0,0,1,1,-28.02584,-48.702678,SPRF-SC,DEL02-SC,UOP03-DEL02-SC,2022
"475505,0",2022-09-19,segunda-feira,19:45:00,SC,101,"131,0",BALNEARIO CAMBORIU,Ultrapassagem Indevida,Colisão frontal,Com Vítimas Feridas,Plena Noite,Crescente,Chuva,Simples,Reta,Sim,2,0,0,1,1,0,1,2,-26.99064209,-48.66310912,SPRF-SC,DEL04-SC,UOP03-DEL04-SC,2022
"475506,0",2022-09-19,segunda-feira,19:30:00,SC,470,"70,0",INDAIAL,Transitar no acostamento,Tombamento,Com Vítimas Feridas,Plena Noite,Crescente,Chuva,Simples,Reta;Aclive,Sim,2,0,1,0,1,0,1,1,-26.889374,-49.254478,SPRF-SC,DEL04-SC,UOP01-DEL04-SC,2022
"475509,0",2022-09-19,segunda-feira,20:15:00,SC,101,"278,3",IMBITUBA,Avarias e/ou desgaste excessivo no pneu,Saída de leito carroçável,Com Vítimas Feridas,Plena Noite,Decrescente,Chuva,Múltipla,Reta;Declive,Não,3,0,2,0,1,0,2,2,-28.1781059,-48.69526863,SPRF-SC,DEL02-SC,UOP03-DEL02-SC,2022
"475516,0",2022-09-19,segunda-feira,21:40:00,SC,101,"125,0",ITAJAI,Falta de acostamento,Eventos atípicos,Com Vítimas Feridas,Plena Noite,Crescente,Garoa/Chuvisco,Dupla,Curva,Não,2,0,0,1,1,0,1,2,-26.94802427,-48.68338515,SPRF-SC,DEL04-SC,UOP04-DEL04-SC,2022
"475544,0",2022-09-20,terça-feira,07:01:00,SC,101,"203,0",SAO JOSE,Manobra de mudança de faixa,Colisão lateral mesmo sentido,Com Vítimas Feridas,Pleno dia,Crescente,Céu Claro,Dupla,Reta,Sim,2,0,0,1,1,0,1,2,-27.5650044,-48.61460082,SPRF-SC,DEL01-SC,UOP01-DEL01-SC,2022
"475560,0",2022-09-20,terça-feira,09:05:00,SC,101,"117,3",ITAJAI,Desrespeitar a preferência no cruzamento,Colisão transversal,Com Vítimas Feridas,Pleno dia,Decrescente,Céu Claro,Simples,Interseção de Vias;Rotatória,Sim,2,0,1,0,1,0,1,2,-26.88747187,-48.72252969,SPRF-SC,DEL04-SC,UOP04-DEL04-SC,2022
"475565,0",2022-09-20,terça-feira,08:20:00,SC,470,"71,9",INDAIAL,Acessar a via sem observar a presença dos outros veículos,Colisão transversal,Com Vítimas Feridas,Pleno dia,Decrescente,Céu Claro,Simples,Reta,Não,2,0,0,1,1,0,1,2,-26.89455168,-49.26130241,SPRF-SC,DEL04-SC,UOP01-DEL04-SC,2022
"475567,0",2022-09-20,terça-feira,09:00:00,SC,101,"210,0",SAO JOSE,Manobra de mudança de faixa,Colisão lateral mesmo sentido,Com Vítimas Feridas,Pleno dia,Decrescente,Sol,Múltipla,Reta,Sim,2,0,1,0,0,1,1,2,-27.6167305,-48.6457265,SPRF-SC,DEL01-SC,UOP01-DEL01-SC,2022
"475593,0",2022-09-20,terça-feira,12:40:00,SC,101,"200,0",SAO JOSE,Condutor deixou de manter distância do veículo da frente,Colisão traseira,Com Vítimas Feridas,Pleno dia,Crescente,Céu Claro,Múltipla,Reta,Sim,2,0,1,0,1,0,1,2,-27.54018513,-48.62287714,SPRF-SC,DEL01-SC,UOP01-DEL01-SC,2022
"475608,0",2022-09-20,terça-feira,14:30:00,SC,470,"10,5",NAVEGANTES,Retorno proibido,Colisão lateral mesmo sentido,Com Vítimas Feridas,Pleno dia,Crescente,Céu Claro,Simples,Interseção de Vias,Não,2,0,0,1,1,0,1,2,-26.83392238,-48.74147773,SPRF-SC,DEL04-SC,UOP04-DEL04-SC,2022
"475612,0",2022-09-20,terça-feira,15:05:00,SC,280,"23,9",ARAQUARI,Obstrução na via,Colisão transversal,Com Vítimas Feridas,Pleno dia,Crescente,Céu Claro,Simples,Reta,Sim,2,0,0,1,1,0,1,2,-26.37043169,-48.69219602,SPRF-SC,DEL03-SC,UOP03-DEL03-SC,2022
"475624,0",2022-09-13,terça-feira,02:30:00,SC,280,"238,2",CANOINHAS,Condutor deixou de manter distância do veículo da frente,Colisão traseira,Com Vítimas Feridas,Plena Noite,Crescente,Céu Claro,Simples,Reta,Não,3,0,1,0,2,0,1,2,-26.2253741,-50.46018541,SPRF-SC,DEL06-SC,UOP04-DEL06-SC,2022
"475627,0",2022-09-20,terça-feira,15:40:00,SC,101,"201,0",SAO JOSE,Condutor deixou de manter distância do veículo da frente,Colisão traseira,Com Vítimas Feridas,Pleno dia,Decrescente,Sol,Múltipla,Reta,Sim,2,0,1,0,1,0,1,2,-27.54836599,-48.61977975,SPRF-SC,DEL01-SC,UOP01-DEL01-SC,2022
"475651,0",2022-09-20,terça-feira,18:00:00,SC,101,"113,0",ITAJAI,Manobra de mudança de faixa,Colisão traseira,Com Vítimas Feridas,Anoitecer,Decrescente,Céu Claro,Dupla,Reta,Sim,2,0,0,1,1,0,1,2,-26.85311393,-48.72689927,SPRF-SC,DEL04-SC,UOP04-DEL04-SC,2022
"475685,0",2022-09-20,terça-feira,21:30:00,SC,280,"228,8",TRES BARRAS,Ausência de reação do condutor,Saída de leito carroçável,Com Vítimas Feridas,Pleno dia,Decrescente,Céu Claro,Simples,Reta,Não,1,0,1,0,0,0,1,1,-26.18438943,-50.34223294,SPRF-SC,DEL06-SC,UOP04-DEL06-SC,2022
"475689,0",2022-09-20,terça-feira,22:35:00,SC,282,"4,5",SAO JOSE,Ausência de reação do condutor,Colisão traseira,Com Vítimas Feridas,Plena Noite,Crescente,Nublado,Múltipla,Reta,Sim,2,0,0,1,1,0,1,2,-27.592646,-48.604034,SPRF-SC,DEL01-SC,UOP01-DEL01-SC,2022
"475691,0",2022-09-20,terça-feira,20:06:00,SC,280,"123,0",RIO NEGRINHO,Reação tardia ou ineficiente do condutor,Colisão com objeto,Sem Vítimas,Plena Noite,Crescente,Céu Claro,Simples,Reta,Sim,1,0,0,0,1,0,0,1,-26.24420169,-49.46557991,SPRF-SC,DEL06-SC,UOP03-DEL06-SC,2022
"475697,0",2022-09-20,terça-feira,21:00:00,SC,101,"128,7",CAMBORIU,Entrada inopinada do pedestre,Atropelamento de Pedestre,Com Vítimas Feridas,Plena Noite,Decrescente,Céu Claro,Dupla,Curva,Não,2,0,2,0,0,0,2,2,-26.97284292,-48.68299451,SPRF-SC,DEL04-SC,UOP03-DEL04-SC,2022
"475730,0",2022-09-21,quarta-feira,08:10:00,SC,101,"199,0",BIGUACU,Trafegar com motocicleta (ou similar) entre as faixas,Colisão lateral mesmo sentido,Com Vítimas Feridas,Pleno dia,Crescente,Céu Claro,Múltipla,Reta,Sim,3,0,1,0,2,0,1,3,-27.53413705,-48.63003205,SPRF-SC,DEL01-SC,UOP01-DEL01-SC,2022
"475746,0",2022-09-21,quarta-feira,09:25:00,SC,101,"41,5",JOINVILLE,Reação tardia ou ineficiente do condutor,Colisão traseira,Com Vítimas Feridas,Pleno dia,Decrescente,Nublado,Dupla,Viaduto,Sim,4,0,1,0,3,0,1,3,-26.28215489,-48.88973081,SPRF-SC,DEL03-SC,UOP01-DEL03-SC,2022
"475766,0",2022-09-21,quarta-feira,12:20:00,SC,470,"3,0",NAVEGANTES,Acessar a via sem observar a presença dos outros veículos,Colisão transversal,Com Vítimas Feridas,Pleno dia,Decrescente,Céu Claro,Simples,Reta,Sim,2,0,0,1,1,0,1,2,-26.861937,-48.681618,SPRF-SC,DEL04-SC,UOP04-DEL04-SC,2022
"475792,0",2022-09-21,quarta-feira,13:40:00,SC,101,"207,9",SAO JOSE,Condutor deixou de manter distância do veículo da frente,Colisão traseira,Com Vítimas Feridas,Pleno dia,Decrescente,Nublado,Dupla,Reta,Sim,4,0,1,0,3,0,1,3,-27.60001226,-48.6226467,SPRF-SC,DEL01-SC,UOP01-DEL01-SC,2022
"475794,0",2022-09-21,quarta-feira,13:30:00,SC,470,"174,5",POUSO REDONDO,Ingestão de álcool pelo condutor,Colisão transversal,Com Vítimas Feridas,Pleno dia,Decrescente,Nublado,Simples,Reta;Interseção de Vias,Sim,2,0,1,0,1,0,1,2,-27.256663,-49.936712,SPRF-SC,DEL04-SC,UOP02-DEL04-SC,2022
"475797,0",2022-09-21,quarta-feira,09:00:00,SC,101,"391,6",CRICIUMA,Demais falhas mecânicas ou elétricas,Tombamento,Com Vítimas Feridas,Pleno dia,Decrescente,Nublado,Múltipla,Reta,Não,1,0,1,0,0,0,1,1,-28.80004819,-49.36282789,SPRF-SC,DEL02-SC,UOP02-DEL02-SC,2022
"475808,0",2022-09-21,quarta-feira,14:40:00,SC,101,"130,7",BALNEARIO CAMBORIU,Reação tardia ou ineficiente do condutor,Tombamento,Com Vítimas Feridas,Pleno dia,Crescente,Céu Claro,Dupla,Reta,Sim,1,0,0,1,0,0,1,1,-26.98407618,-48.66977107,SPRF-SC,DEL04-SC,UOP03-DEL04-SC,2022
"475823,0",2022-09-21,quarta-feira,18:30:00,SC,101,"216,0",PALHOCA,Mal súbito do condutor,Capotamento,Com Vítimas Feridas,Plena Noite,Decrescente,Garoa/Chuvisco,Dupla,Reta,Não,2,0,2,0,0,0,2,1,-27.65981409,-48.67747798,SPRF-SC,DEL01-SC,UOP02-DEL01-SC,2022
"475828,0",2022-09-21,quarta-feira,21:40:00,SC,101,"211,1",SAO JOSE,Acessar a via sem observar a presença dos outros veículos,Colisão transversal,Com Vítimas Feridas,Plena Noite,Decrescente,Chuva,Múltipla,Reta,Não,2,0,1,0,0,1,1,2,-27.62399964,-48.65265369,SPRF-SC,DEL01-SC,UOP02-DEL01-SC,2022
"475847,0",2022-09-21,quarta-feira,21:40:00,SC,101,"210,1",SAO JOSE,Manobra de mudança de faixa,Tombamento,Com Vítimas Fatais,Plena Noite,Crescente,Chuva,Múltipla,Reta,Sim,6,1,0,0,3,2,0,5,-27.618302,-48.64736,SPRF-SC,DEL01-SC,UOP01-DEL01-SC,2022
"475852,0",2022-09-21,quarta-feira,18:20:00,SC,101,"327,0",CAPIVARI DE BAIXO,Acessar a via sem observar a presença dos outros veículos,Colisão transversal,Com Vítimas Feridas,Plena Noite,Decrescente,Garoa/Chuvisco,Simples,Interseção de Vias,Não,2,0,1,0,1,0,1,2,-28.439,-48.961,SPRF-SC,DEL02-SC,UOP01-DEL02-SC,2022
"475870,0",2022-09-21,quarta-feira,19:50:00,SC,101,"277,0",IMBITUBA,Ausência de reação do condutor,Colisão traseira,Com Vítimas Feridas,Plena Noite,Decrescente,Nublado,Dupla,Reta,Não,2,0,1,0,1,0,1,1,-28.15478103,-48.69265474,SPRF-SC,DEL02-SC,UOP03-DEL02-SC,2022
"475909,0",2022-09-22,quinta-feira,07:12:00,SC,470,"144,8",RIO DO SUL,Desrespeitar a preferência no cruzamento,Colisão transversal,Com Vítimas Feridas,Pleno dia,Crescente,Nublado,Simples,Reta,Não,2,0,0,1,1,0,1,2,-27.243439,-49.690025,SPRF-SC,DEL04-SC,UOP02-DEL04-SC,2022
"475912,0",2022-09-22,quinta-feira,08:40:00,SC,101,"122,0",ITAJAI,Trafegar com motocicleta (ou similar) entre as faixas,Colisão traseira,Com Vítimas Feridas,Pleno dia,Decrescente,Sol,Dupla,Interseção de Vias,Não,2,0,1,0,1,0,1,2,-26.92955916,-48.70499836,SPRF-SC,DEL04-SC,UOP04-DEL04-SC,2022
"475926,0",2022-09-22,quinta-feira,09:50:00,SC,470,"57,3",BLUMENAU,Reação tardia ou ineficiente do condutor,Colisão transversal,Com Vítimas Feridas,Pleno dia,Decrescente,Céu Claro,Simples,Retorno Regulamentado;Reta,Não,2,0,1,0,1,0,1,2,-26.88138,-49.164543,SPRF-SC,DEL04-SC,UOP01-DEL04-SC,2022
"475958,0",2022-09-22,quinta-feira,12:30:00,SC,101,"333,0",TUBARAO,Desrespeitar a preferência no cruzamento,Colisão transversal,Com Vítimas Feridas,Pleno dia,Decrescente,Sol,Dupla,Interseção de Vias,Sim,3,0,0,1,2,0,1,2,-28.46630107,-48.99653096,SPRF-SC,DEL02-SC,UOP01-DEL02-SC,2022
"475969,0",2022-09-22,quinta-feira,13:15:00,SC,101,"130,0",BALNEARIO CAMBORIU,Velocidade Incompatível,Colisão traseira,Com Vítimas Feridas,Pleno dia,Decrescente,Céu Claro,Dupla,Reta,Sim,2,0,1,0,1,0,1,2,-26.98407618,-48.66977107,SPRF-SC,DEL04-SC,UOP03-DEL04-SC,2022
"475973,0",2022-09-22,quinta-feira,14:00:00,SC,101,"194,0",BIGUACU,Condutor deixou de manter distância do veículo da frente,Colisão traseira,Sem Vítimas,Pleno dia,Crescente,Céu Claro,Simples,Viaduto,Sim,2,0,0,0,2,0,0,2,-27.49815117,-48.65661236,SPRF-SC,DEL01-SC,UOP01-DEL01-SC,2022
"475980,0",2022-09-22,quinta-feira,14:50:00,SC,101,"120,6",ITAJAI,Acumulo de areia ou detritos sobre o pavimento,Tombamento,Com Vítimas Feridas,Pleno dia,Decrescente,Sol,Simples,Viaduto,Não,1,0,1,0,0,0,1,1,-26.912758,-48.711998,SPRF-SC,DEL04-SC,UOP04-DEL04-SC,2022
"475990,0",2022-09-22,quinta-feira,14:00:00,SC,280,"52,0",GUARAMIRIM,Acessar a via sem observar a presença dos outros veículos,Colisão transversal,Com Vítimas Feridas,Pleno dia,Crescente,Céu Claro,Simples,Reta,Não,2,0,1,0,0,1,1,2,-26.47539893,-48.983748,SPRF-SC,DEL03-SC,UOP03-DEL03-SC,2022
"475991,0",2022-09-22,quinta-feira,13:15:00,SC,116,"22,7",ITAIOPOLIS,Reação tardia ou ineficiente do condutor,Tombamento,Com Vítimas Feridas,Pleno dia,Decrescente,Céu Claro,Simples,Reta,Não,1,0,1,0,0,0,1,1,-26.2574752,-49.91194265,SPRF-SC,DEL06-SC,UOP01-DEL06-SC,2022
"476002,0",2022-09-22,quinta-feira,16:10:00,SC,101,"201,0",SAO JOSE,Acessar a via sem observar a presença dos outros veículos,Atropelamento de Pedestre,Com Vítimas Feridas,Pleno dia,Crescente,Céu Claro,Múltipla,Reta,Sim,2,0,0,1,1,0,1,2,-27.54836599,-48.61977975,SPRF-SC,DEL01-SC,UOP01-DEL01-SC,2022
"476019,0",2022-09-22,quinta-feira,16:40:00,SC,101,"130,0",BALNEARIO CAMBORIU,Frear bruscamente,Tombamento,Com Vítimas Feridas,Pleno dia,Crescente,Céu Claro,Dupla,Reta,Sim,1,0,0,1,0,0,1,1,-26.98407618,-48.66977107,SPRF-SC,DEL04-SC,UOP03-DEL04-SC,2022
"476023,0",2022-09-22,quinta-feira,13:45:00,SC,163,"1,2",DIONISIO CERQUEIRA,Desrespeitar a preferência no cruzamento,Colisão transversal,Com Vítimas Feridas,Pleno dia,Decrescente,Céu Claro,Simples,Rotatória;Reta,Sim,3,0,3,0,0,0,3,2,-26.26635807,-53.62614512,SPRF-SC,DEL07-SC,UOP03-DEL07-SC,2022
"476027,0",2022-09-22,quinta-feira,17:17:00,SC,470,"65,0",INDAIAL,Reação tardia ou ineficiente do condutor,Colisão lateral sentido oposto,Sem Vítimas,Pleno dia,Decrescente,Nublado,Simples,Reta,Sim,3,0,0,0,3,0,0,2,-26.870411,-49.211864,SPRF-SC,DEL04-SC,UOP01-DEL04-SC,2022
"476032,0",2022-09-22,quinta-feira,17:40:00,SC,282,"223,4",LAGES,Acessar a via sem observar a presença dos outros veículos,Colisão transversal,Com Vítimas Feridas,Anoitecer,Crescente,Céu Claro,Simples,Reta,Sim,2,0,0,1,1,0,1,2,-27.79832798,-50.36567515,SPRF-SC,DEL05-SC,UOP01-DEL05-SC,2022
"476045,0",2022-09-22,quinta-feira,20:00:00,SC,101,"98,0",BARRA VELHA,Avarias e/ou desgaste excessivo no pneu,Queda de ocupante de veículo,Com Vítimas Feridas,Plena Noite,Decrescente,Céu Claro,Dupla,Reta,Não,1,0,1,0,0,0,1,1,-26.73760897,-48.69918789,SPRF-SC,DEL03-SC,UOP02-DEL03-SC,2022
"476057,0",2022-09-22,quinta-feira,21:30:00,SC,280,"46,3",GUARAMIRIM,Acessar a via sem observar a presença dos outros veículos,Colisão transversal,Com Vítimas Feridas,Plena Noite,Crescente,Céu Claro,Simples,Reta;Em Obras,Não,2,0,1,0,1,0,1,2,-26.45506795,-48.92766502,SPRF-SC,DEL03-SC,UOP03-DEL03-SC,2022
"476086,0",2022-09-23,sexta-feira,00:40:00,SC,470,"4,0",NAVEGANTES,Ingestão de álcool pelo condutor,Colisão transversal,Com Vítimas Feridas,Plena Noite,Decrescente,Céu Claro,Dupla,Rotatória,Sim,2,0,1,0,1,0,1,2,-26.858473,-48.690788,SPRF-SC,DEL04-SC,UOP04-DEL04-SC,2022