id,data_inversa,dia_semana,horario,uf,br,km,municipio,causa_acidente,tipo_acidente,classificacao_acidente,fase_dia,sentido_via,condicao_metereologica,tipo_pista,tracado_via,uso_solo,pessoas,mortos,feridos_leves,feridos_graves,ilesos,ignorados,feridos,veiculos,latitude,longitude,regional,delegacia,uop,ano_arquivo
"477184,0",2022-09-27,terça-feira,08:35:00,SC,101,"158,2",PORTO BELO,Reação tardia ou ineficiente do condutor,Colisão traseira,Com Vítimas Feridas,Pleno dia,Decrescente,Nublado,Dupla,Reta,Sim,2,0,0,1,0,1,1,2,-27.19096301,-48.61259017,SPRF-SC,DEL04-SC,UOP03-DEL04-SC,2022
"477185,0",2022-09-27,terça-feira,11:00:00,SC,101,"201,2",SAO JOSE,Reação tardia ou ineficiente do condutor,Colisão traseira,Com Vítimas Feridas,Pleno dia,Decrescente,Céu Claro,Múltipla,Aclive,Sim,3,0,1,1,1,0,2,2,-27.54836599,-48.61977975,SPRF-SC,DEL01-SC,UOP01-DEL01-SC,2022
"477222,0",2022-09-27,terça-feira,14:20:00,SC,282,"1,5",FLORIANOPOLIS,Manobra de mudança de faixa,Colisão com objeto,Com Vítimas Feridas,Pleno dia,Crescente,Céu Claro,Múltipla,Reta,Sim,8,0,2,1,5,0,3,7,-27.602955,-48.580509,SPRF-SC,DEL01-SC,UOP01-DEL01-SC,2022
"477263,0",2022-09-27,terça-feira,17:35:00,SC,282,"3,5",FLORIANOPOLIS,Trafegar com motocicleta (ou similar) entre as faixas,Colisão traseira,Com Vítimas Feridas,Anoitecer,Crescente,Nublado,Dupla,Reta,Sim,3,0,0,1,2,0,1,3,-27.600384,-48.599705,SPRF-SC,DEL01-SC,UOP01-DEL01-SC,2022
"477282,0",2022-09-27,terça-feira,19:00:00,SC,280,"123,0",RIO NEGRINHO,Transitar no acostamento,Atropelamento de Pedestre,Com Vítimas Feridas,Plena Noite,Decrescente,Céu Claro,Simples,Reta,Não,3,0,1,0,1,1,1,2,-26.24420169,-49.46557991,SPRF-SC,DEL06-SC,UOP03-DEL06-SC,2022
"477319,0",2022-09-28,quarta-feira,00:01:00,SC,282,"547,2",CHAPECO,Ingestão de álcool pelo condutor,Saída de leito carroçável,Com Vítimas Feridas,Plena Noite,Crescente,Nublado,Simples,Em Obras,Não,1,0,1,0,0,0,1,1,-26.973904,-52.745403,SPRF-SC,DEL07-SC,UOP01-DEL07-SC,2022
"477320,0",2022-09-27,terça-feira,23:10:00,SC,101,"278,3",IMBITUBA,Velocidade Incompatível,Saída de leito carroçável,Com Vítimas Feridas,Plena Noite,Crescente,Nublado,Simples,Reta,Sim,1,0,0,1,0,0,1,1,-28.16300604,-48.6939345,SPRF-SC,DEL02-SC,UOP03-DEL02-SC,2022
"477370,0",2022-09-28,quarta-feira,10:54:00,SC,101,"217,4",PALHOCA,Acessar a via sem observar a presença dos outros veículos,Colisão traseira,Com Vítimas Feridas,Pleno dia,Crescente,Nublado,Múltipla,Reta,Sim,3,0,0,2,1,0,2,2,-27.66779034,-48.67393586,SPRF-SC,DEL01-SC,UOP02-DEL01-SC,2022
"477383,0",2022-09-28,quarta-feira,09:48:00,SC,282,"425,7",VARGEM BONITA,Transitar na contramão,Colisão frontal,Com Vítimas Fatais,Pleno dia,Decrescente,Garoa/Chuvisco,Simples,Curva,Não,2,1,0,0,1,0,0,2,-26.9818664,-51.7546046,SPRF-SC,DEL07-SC,UOP05-DEL07-SC,2022
"477419,0",2022-09-28,quarta-feira,17:10:00,SC,101,"125,0",ITAJAI,Ausência de reação do condutor,Colisão traseira,Com Vítimas Feridas,Pleno dia,Decrescente,Céu Claro,Dupla,Reta,Não,2,0,1,0,1,0,1,2,-26.94802427,-48.68338515,SPRF-SC,DEL04-SC,UOP04-DEL04-SC,2022
"477420,0",2022-09-28,quarta-feira,17:30:00,SC,101,"207,0",SAO JOSE,Manobra de mudança de faixa,Colisão lateral mesmo sentido,Com Vítimas Feridas,Pleno dia,Crescente,Céu Claro,Múltipla,Reta,Sim,2,0,1,0,1,0,1,2,-27.60001226,-48.6226467,SPRF-SC,DEL01-SC,UOP01-DEL01-SC,2022
"477430,0",2022-09-28,quarta-feira,17:30:00,SC,280,"23,5",ARAQUARI,Frear bruscamente,Queda de ocupante de veículo,Com Vítimas Feridas,Pleno dia,Decrescente,Nublado,Simples,Reta,Sim,2,0,0,1,1,0,1,2,-26.37146,-48.711887,SPRF-SC,DEL03-SC,UOP03-DEL03-SC,2022
"477436,0",2022-09-28,quarta-feira,18:30:00,SC,101,"192,0",BIGUACU,Reação tardia ou ineficiente do condutor,Colisão traseira,Com Vítimas Feridas,Plena Noite,Decrescente,Nublado,Múltipla,Desvio Temporário;Em Obras;Reta,Sim,2,0,1,0,1,0,1,2,-27.48443781,-48.64765238,SPRF-SC,DEL01-SC,UOP01-DEL01-SC,2022
"477448,0",2022-09-28,quarta-feira,18:25:00,SC,163,"67,7",SAO MIGUEL DO OESTE,Desrespeitar a preferência no cruzamento,Colisão transversal,Com Vítimas Feridas,Plena Noite,Crescente,Céu Claro,Dupla,Reta;Interseção de Vias,Sim,2,0,1,0,0,1,1,2,-26.75257555,-53.5006786,SPRF-SC,DEL07-SC,UOP03-DEL07-SC,2022
"477478,0",2022-09-28,quarta-feira,22:00:00,SC,101,"135,0",BALNEARIO CAMBORIU,Ingestão de álcool e/ou substâncias psicoativas pelo pedestre,Colisão traseira,Sem Vítimas,Plena Noite,Crescente,Nublado,Dupla,Reta,Sim,3,0,0,0,2,1,0,3,-27.0050108,-48.62677494,SPRF-SC,DEL04-SC,UOP03-DEL04-SC,2022
"477503,0",2022-09-29,quinta-feira,04:20:00,SC,101,"114,9",ITAJAI,Acessar a via sem observar a presença dos outros veículos,Colisão transversal,Com Vítimas Feridas,Plena Noite,Decrescente,Nublado,Dupla,Interseção de Vias,Sim,2,0,0,1,1,0,1,2,-26.86192886,-48.7286704,SPRF-SC,DEL04-SC,UOP04-DEL04-SC,2022
"477513,0",2022-09-29,quinta-feira,06:28:00,SC,280,"113,0",SAO BENTO DO SUL,Acessar a via sem observar a presença dos outros veículos,Colisão transversal,Com Vítimas Feridas,Amanhecer,Decrescente,Garoa/Chuvisco,Simples,Interseção de Vias,Não,2,0,1,0,1,0,1,2,-26.29873518,-49.39799743,SPRF-SC,DEL06-SC,UOP03-DEL06-SC,2022
"477517,0",2022-09-29,quinta-feira,06:00:00,SC,280,"186,0",MAFRA,Animais na Pista,Queda de ocupante de veículo,Com Vítimas Feridas,Pleno dia,Decrescente,Céu Claro,Simples,Reta,Não,1,0,1,0,0,0,1,1,-26.16977284,-49.94508991,SPRF-SC,DEL06-SC,UOP01-DEL06-SC,2022
"477522,0",2022-09-29,quinta-feira,07:25:00,SC,101,"213,0",PALHOCA,Reação tardia ou ineficiente do condutor,Colisão traseira,Sem Vítimas,Pleno dia,Decrescente,Céu Claro,Múltipla,Reta,Sim,2,0,0,0,2,0,0,2,-27.63697369,-48.66514142,SPRF-SC,DEL01-SC,UOP02-DEL01-SC,2022
"477555,0",2022-09-29,quinta-feira,11:20:00,SC,282,"3,0",SAO JOSE,Velocidade Incompatível,Capotamento,Sem Vítimas,Pleno dia,Crescente,Nublado,Simples,Reta,Sim,1,0,0,0,1,0,0,1,-27.600384,-48.599705,SPRF-SC,DEL01-SC,UOP01-DEL01-SC,2022
"477564,0",2022-09-29,quinta-feira,14:00:00,SC,101,"339,0",TUBARAO,Avarias e/ou desgaste excessivo no pneu,Saída de leito carroçável,Sem Vítimas,Pleno dia,Decrescente,Nublado,Simples,Reta,Sim,1,0,0,0,1,0,0,1,-28.49351117,-49.04178985,SPRF-SC,DEL02-SC,UOP01-DEL02-SC,2022
"477565,0",2022-09-29,quinta-feira,14:30:00,SC,101,"123,4",ITAJAI,Trafegar com motocicleta (ou similar) entre as faixas,Colisão traseira,Com Vítimas Feridas,Pleno dia,Crescente,Nublado,Dupla,Reta,Não,3,0,1,0,2,0,1,2,-26.94335064,-48.69198648,SPRF-SC,DEL04-SC,UOP04-DEL04-SC,2022
"477570,0",2022-09-29,quinta-feira,15:10:00,SC,101,"207,0",SAO JOSE,Ausência de reação do condutor,Colisão traseira,Com Vítimas Feridas,Pleno dia,Crescente,Céu Claro,Múltipla,Reta,Sim,3,0,1,1,1,0,2,3,-27.60001226,-48.6226467,SPRF-SC,DEL01-SC,UOP01-DEL01-SC,2022
"477572,0",2022-09-29,quinta-feira,14:50:00,SC,282,"206,8",LAGES,Objeto estático sobre o leito carroçável,Colisão com objeto,Sem Vítimas,Pleno dia,Crescente,Garoa/Chuvisco,Simples,Declive;Rotatória;Reta,Não,1,0,0,0,1,0,0,1,-27.77350987,-50.20121098,SPRF-SC,DEL05-SC,UOP01-DEL05-SC,2022
"477585,0",2022-09-29,quinta-feira,15:30:00,SC,101,"350,0",JAGUARUNA,Ingestão de álcool pelo condutor,Saída de leito carroçável,Sem Vítimas,Pleno dia,Decrescente,Nublado,Dupla,Reta,Não,1,0,0,0,1,0,0,1,-28.5717459,-49.0530324,SPRF-SC,DEL02-SC,UOP01-DEL02-SC,2022
"477588,0",2022-09-29,quinta-feira,16:45:00,SC,101,"199,0",SAO JOSE,Manobra de mudança de faixa,Queda de ocupante de veículo,Com Vítimas Feridas,Pleno dia,Crescente,Céu Claro,Múltipla,Reta,Não,2,0,1,0,1,0,1,2,-27.53413705,-48.63003205,SPRF-SC,DEL01-SC,UOP01-DEL01-SC,2022
"477590,0",2022-09-29,quinta-feira,14:20:00,SC,101,"282,1",IMBITUBA,Ingestão de álcool pelo condutor,Colisão traseira,Com Vítimas Feridas,Pleno dia,Crescente,Céu Claro,Simples,Reta,Não,2,0,1,0,1,0,1,2,-28.19626005,-48.69739859,SPRF-SC,DEL02-SC,UOP03-DEL02-SC,2022
"477630,0",2022-09-29,quinta-feira,19:30:00,SC,101,"26,0",JOINVILLE,Reação tardia ou ineficiente do condutor,Colisão traseira,Com Vítimas Feridas,Plena Noite,Crescente,Nublado,Dupla,Reta,Sim,2,0,1,0,1,0,1,2,-26.19234802,-48.91210384,SPRF-SC,DEL03-SC,UOP01-DEL03-SC,2022
"477633,0",2022-09-29,quinta-feira,18:30:00,SC,101,"31,6",JOINVILLE,Condutor deixou de manter distância do veículo da frente,Colisão traseira,Com Vítimas Feridas,Plena Noite,Crescente,Chuva,Dupla,Reta,Não,4,0,1,0,3,0,1,3,-26.22195899,-48.91634925,SPRF-SC,DEL03-SC,UOP01-DEL03-SC,2022
"477650,0",2022-09-29,quinta-feira,20:30:00,SC,480,"129,0",CHAPECO,Ingestão de álcool pelo condutor,Saída de leito carroçável,Sem Vítimas,Plena Noite,Crescente,Garoa/Chuvisco,Múltipla,Curva,Sim,1,0,0,0,1,0,0,1,-27.04656607,-52.63577131,SPRF-SC,DEL07-SC,UOP01-DEL07-SC,2022
"477668,0",2022-09-29,quinta-feira,22:50:00,SC,101,"136,1",BALNEARIO CAMBORIU,Animais na Pista,Tombamento,Com Vítimas Feridas,Plena Noite,Crescente,Céu Claro,Dupla,Curva,Sim,1,0,1,0,0,0,1,1,-27.008113,-48.617245,SPRF-SC,DEL04-SC,UOP03-DEL04-SC,2022
"477715,0",2022-09-30,sexta-feira,09:30:00,SC,101,"112,1",ITAJAI,Trafegar com motocicleta (ou similar) entre as faixas,Colisão lateral mesmo sentido,Com Vítimas Feridas,Pleno dia,Decrescente,Garoa/Chuvisco,Dupla,Reta,Não,2,0,0,1,1,0,1,2,-26.84589005,-48.72131295,SPRF-SC,DEL04-SC,UOP04-DEL04-SC,2022
"477727,0",2022-09-30,sexta-feira,06:30:00,SC,282,"89,0",ALFREDO WAGNER,Demais falhas mecânicas ou elétricas,Saída de leito carroçável,Com Vítimas Feridas,Pleno dia,Crescente,Chuva,Simples,Curva;Declive,Não,2,0,1,1,0,0,2,1,-27.677973,-49.215893,SPRF-SC,DEL01-SC,UOP03-DEL01-SC,2022
"477786,0",2022-09-30,sexta-feira,15:35:00,SC,101,"212,0",PALHOCA,Manobra de mudança de faixa,Colisão lateral mesmo sentido,Sem Vítimas,Pleno dia,Crescente,Nublado,Dupla,Reta,Sim,2,0,0,0,1,1,0,2,-27.62996929,-48.65903871,SPRF-SC,DEL01-SC,UOP02-DEL01-SC,2022
"477822,0",2022-09-30,sexta-feira,19:30:00,SC,101,"214,0",PALHOCA,Ingestão de álcool pelo condutor,Colisão traseira,Sem Vítimas,Plena Noite,Crescente,Nublado,Múltipla,Reta,Sim,2,0,0,0,2,0,0,2,-27.64443,-48.67057,SPRF-SC,DEL01-SC,UOP02-DEL01-SC,2022
"477832,0",2022-09-30,sexta-feira,19:50:00,SC,101,"134,0",BALNEARIO CAMBORIU,Desrespeitar a preferência no cruzamento,Colisão transversal,Com Vítimas Feridas,Plena Noite,Crescente,Garoa/Chuvisco,Simples,Interseção de Vias,Sim,2,0,0,1,1,0,1,2,-27.00218,-48.636433,SPRF-SC,DEL04-SC,UOP03-DEL04-SC,2022
"477841,0",2022-09-30,sexta-feira,20:13:00,SC,280,"56,8",GUARAMIRIM,Ingestão de álcool pelo condutor,Colisão transversal,Com Vítimas Feridas,Plena Noite,Crescente,Chuva,Simples,Reta;Declive,Sim,2,0,1,0,1,0,1,2,-26.47947677,-49.00298702,SPRF-SC,DEL03-SC,UOP03-DEL03-SC,2022
"477859,0",2022-09-30,sexta-feira,22:10:00,SC,101,"417,8",ARARANGUA,Acessar a via sem observar a presença dos outros veículos,Colisão frontal,Com Vítimas Feridas,Plena Noite,Decrescente,Céu Claro,Simples,Reta;Interseção de Vias,Sim,2,0,0,2,0,0,2,2,-28.97376391,-49.53023409,SPRF-SC,DEL02-SC,UOP02-DEL02-SC,2022
"477873,0",2022-09-30,sexta-feira,22:40:00,SC,101,"148,0",ITAPEMA,Transitar na contramão,Colisão frontal,Com Vítimas Fatais,Plena Noite,Crescente,Garoa/Chuvisco,Dupla,Reta,Sim,2,1,0,1,0,0,1,2,-27.10123686,-48.61807962,SPRF-SC,DEL04-SC,UOP03-DEL04-SC,2022
"477877,0",2022-09-30,sexta-feira,23:00:00,SC,101,"112,5",ITAJAI,Velocidade Incompatível,Tombamento,Com Vítimas Feridas,Plena Noite,Crescente,Garoa/Chuvisco,Múltipla,Reta,Não,1,0,1,0,0,0,1,1,-26.84589005,-48.72131295,SPRF-SC,DEL04-SC,UOP04-DEL04-SC,2022
"477879,0",2022-10-01,sábado,01:20:00,SC,480,"128,5",CHAPECO,Ingestão de álcool pelo condutor,Saída de leito carroçável,Sem Vítimas,Plena Noite,Crescente,Garoa/Chuvisco,Dupla,Reta,Sim,1,0,0,0,1,0,0,1,-27.0444226,-52.6362199,SPRF-SC,DEL07-SC,UOP01-DEL07-SC,2022
"477913,0",2022-10-01,sábado,03:00:00,SC,101,"53,0",JOINVILLE,Ingestão de álcool pelo condutor,Saída de leito carroçável,Sem Vítimas,Plena Noite,Crescente,Chuva,Múltipla,Reta,Não,1,0,0,0,1,0,0,1,-26.41635494,-48.83477569,SPRF-SC,DEL03-SC,UOP01-DEL03-SC,2022
"477936,0",2022-10-01,sábado,07:30:00,SC,101,"57,7",ARAQUARI,Reação tardia ou ineficiente do condutor,Colisão com objeto,Com Vítimas Feridas,Pleno dia,Decrescente,Chuva,Dupla,Curva,Não,1,0,1,0,0,0,1,1,-26.43795016,-48.80423605,SPRF-SC,DEL03-SC,UOP01-DEL03-SC,2022
"477948,0",2022-10-01,sábado,08:10:00,SC,101,"33,8",JOINVILLE,Chuva,Saída de leito carroçável,Com Vítimas Feridas,Pleno dia,Decrescente,Garoa/Chuvisco,Dupla,Reta,Não,1,0,1,0,0,0,1,1,-26.26070122,-48.90328516,SPRF-SC,DEL03-SC,UOP01-DEL03-SC,2022
"477965,0",2022-10-01,sábado,11:00:00,SC,470,"66,0",INDAIAL,Velocidade Incompatível,Saída de leito carroçável,Sem Vítimas,Pleno dia,Crescente,Céu Claro,Simples,Interseção de Vias,Sim,1,0,0,0,1,0,0,1,-26.872158,-49.23127,SPRF-SC,DEL04-SC,UOP01-DEL04-SC,2022
"477972,0",2022-10-01,sábado,09:00:00,SC,282,"437,0",IRANI,Condutor deixou de manter distância do veículo da frente,Colisão traseira,Com Vítimas Feridas,Pleno dia,Crescente,Chuva,Simples,Reta,Não,3,0,2,0,0,1,2,2,-26.963764,-51.854839,SPRF-SC,DEL07-SC,UOP04-DEL07-SC,2022
"477987,0",2022-10-01,sábado,10:00:00,SC,280,"194,7",MAFRA,Ausência de reação do condutor,Saída de leito carroçável,Sem Vítimas,Pleno dia,Crescente,Céu Claro,Simples,Reta,Não,1,0,0,0,0,1,0,1,-26.17982857,-50.01575917,SPRF-SC,DEL06-SC,UOP01-DEL06-SC,2022
"478001,0",2022-10-01,sábado,15:20:00,SC,101,"203,0",SAO JOSE,Acumulo de óleo sobre o pavimento,Queda de ocupante de veículo,Com Vítimas Feridas,Pleno dia,Crescente,Garoa/Chuvisco,Simples,Curva,Sim,1,0,0,1,0,0,1,1,-27.5650044,-48.61460082,SPRF-SC,DEL01-SC,UOP01-DEL01-SC,2022
"478008,0",2022-10-01,sábado,15:00:00,SC,101,"217,0",PALHOCA,Desrespeitar a preferência no cruzamento,Colisão transversal,Com Vítimas Feridas,Pleno dia,Decrescente,Nublado,Múltipla,Interseção de Vias,Sim,3,0,0,2,1,0,2,2,-27.66779034,-48.67393586,SPRF-SC,DEL01-SC,UOP02-DEL01-SC,2022
"478038,0",2022-10-01,sábado,18:30:00,SC,101,"205,0",SAO JOSE,Mal súbito do condutor,Colisão traseira,Com Vítimas Feridas,Plena Noite,Decrescente,Nublado,Múltipla,Reta,Sim,2,0,1,0,1,0,1,2,-27.58313237,-48.61532885,SPRF-SC,DEL01-SC,UOP01-DEL01-SC,2022
"478039,0",2022-10-01,sábado,18:15:00,SC,280,"5,7",SAO FRANCISCO DO SUL,Condutor Dormindo,Colisão lateral sentido oposto,Com Vítimas Feridas,Plena Noite,Crescente,Céu Claro,Simples,Reta,Sim,5,0,3,0,2,0,3,3,-26.26172634,-48.62795591,SPRF-SC,DEL03-SC,UOP03-DEL03-SC,2022
"478050,0",2022-10-01,sábado,19:00:00,SC,101,"163,3",TIJUCAS,Chuva,Colisão com objeto,Com Vítimas Feridas,Plena Noite,Crescente,Chuva,Dupla,Reta,Não,1,0,1,0,0,0,1,1,-27.20831288,-48.61987922,SPRF-SC,DEL04-SC,UOP03-DEL04-SC,2022
"478061,0",2022-10-01,sábado,19:20:00,SC,282,"604,0",MARAVILHA,Reação tardia ou ineficiente do condutor,Saída de leito carroçável,Com Vítimas Feridas,Plena Noite,Decrescente,Céu Claro,Simples,Reta,Não,1,0,1,0,0,0,1,1,-26.789394,-53.194744,SPRF-SC,DEL07-SC,UOP02-DEL07-SC,2022
"478066,0",2022-10-01,sábado,20:00:00,SC,282,"5,0",SAO JOSE,Acessar a via sem observar a presença dos outros veículos,Colisão lateral mesmo sentido,Com Vítimas Feridas,Plena Noite,Decrescente,Nublado,Múltipla,Interseção de Vias,Sim,2,0,0,1,1,0,1,2,-27.588425,-48.612919,SPRF-SC,DEL01-SC,UOP01-DEL01-SC,2022
"478087,0",2022-10-01,sábado,16:00:00,SC,280,"126,4",RIO NEGRINHO,Acessar a via sem observar a presença dos outros veículos,Colisão traseira,Com Vítimas Feridas,Pleno dia,Crescente,Nublado,Simples,Interseção de Vias;Reta;Declive,Sim,3,0,0,2,1,0,2,2,-26.24403119,-49.51565981,SPRF-SC,DEL06-SC,UOP03-DEL06-SC,2022
"478111,0",2022-10-02,domingo,01:50:00,SC,280,"48,0",GUARAMIRIM,Acessar a via sem observar a presença dos outros veículos,Colisão transversal,Com Vítimas Feridas,Plena Noite,Crescente,Garoa/Chuvisco,Simples,Reta,Não,2,0,1,0,1,0,1,2,-26.45506795,-48.92766502,SPRF-SC,DEL03-SC,UOP03-DEL03-SC,2022
"478124,0",2022-10-01,sábado,22:50:00,SC,101,"342,5",TUBARAO,Ausência de sinalização,Colisão lateral mesmo sentido,Com Vítimas Feridas,Plena Noite,Crescente,Nublado,Múltipla,Reta,Sim,2,0,0,1,0,1,1,2,-28.51875992,-49.05388322,SPRF-SC,DEL02-SC,UOP01-DEL02-SC,2022
"478125,0",2022-10-02,domingo,04:45:00,SC,101,"211,0",PALHOCA,Velocidade Incompatível,Capotamento,Sem Vítimas,Plena Noite,Crescente,Nublado,Múltipla,Reta,Sim,1,0,0,0,0,1,0,1,-27.62996929,-48.65903871,SPRF-SC,DEL01-SC,UOP02-DEL01-SC,2022
"478178,0",2022-10-02,domingo,11:40:00,SC,101,"135,0",BALNEARIO CAMBORIU,Avarias e/ou desgaste excessivo no pneu,Queda de ocupante de veículo,Com Vítimas Feridas,Pleno dia,Crescente,Céu Claro,Dupla,Reta,Sim,1,0,1,0,0,0,1,1,-27.0050108,-48.62677494,SPRF-SC,DEL04-SC,UOP03-DEL04-SC,2022
"478179,0",2022-10-02,domingo,10:35:00,SC,280,"86,0",CORUPA,Conversão proibida,Colisão transversal,Com Vítimas Feridas,Pleno dia,Crescente,Céu Claro,Simples,Aclive;Reta,Não,3,0,2,1,0,0,3,2,-26.41501369,-49.25741675,SPRF-SC,DEL06-SC,UOP03-DEL06-SC,2022
"478186,0",2022-10-02,domingo,13:30:00,SC,470,"48,0",BLUMENAU,Reação tardia ou ineficiente do condutor,Queda de ocupante de veículo,Com Vítimas Feridas,Pleno dia,Decrescente,Céu Claro,Dupla,Em Obras,Sim,2,0,1,0,0,1,1,2,-26.859823,-49.055393,SPRF-SC,DEL04-SC,UOP01-DEL04-SC,2022
"478214,0",2022-10-02,domingo,14:40:00,SC,101,"376,3",ICARA,Condutor deixou de manter distância do veículo da frente,Colisão traseira,Com Vítimas Feridas,Pleno dia,Crescente,Céu Claro,Dupla,Reta,Não,1,0,1,0,0,0,1,1,-28.72736111,-49.24066084,SPRF-SC,DEL02-SC,UOP01-DEL02-SC,2022
"478231,0",2022-10-02,domingo,11:50:00,SC,280,"25,0",ARAQUARI,Trafegar com motocicleta (ou similar) entre as faixas,Colisão transversal,Com Vítimas Feridas,Pleno dia,Crescente,Céu Claro,Simples,Reta,Não,2,0,1,0,1,0,1,2,-26.38352781,-48.72677516,SPRF-SC,DEL03-SC,UOP03-DEL03-SC,2022
"478245,0",2022-10-02,domingo,17:50:00,SC,101,"91,1",BARRA VELHA,Avarias e/ou desgaste excessivo no pneu,Tombamento,Com Vítimas Feridas,Anoitecer,Decrescente,Céu Claro,Dupla,Reta,Sim,2,0,2,0,0,0,2,1,-26.67120698,-48.69011814,SPRF-SC,DEL03-SC,UOP02-DEL03-SC,2022
"478253,0",2022-10-02,domingo,11:40:00,SC,101,"2,0",GARUVA,Desrespeitar a preferência no cruzamento,Colisão lateral mesmo sentido,Com Vítimas Feridas,Pleno dia,Decrescente,Céu Claro,Dupla,Reta,Sim,1,0,1,0,0,0,1,1,-25.99699834,-48.87891655,SPRF-SC,DEL03-SC,UOP01-DEL03-SC,2022
"478266,0",2022-10-02,domingo,17:00:00,SC,470,"103,5",APIUNA,Reação tardia ou ineficiente do condutor,Saída de leito carroçável,Com Vítimas Feridas,Anoitecer,Decrescente,Céu Claro,Simples,Curva,Não,1,0,0,1,0,0,1,1,-27.064796,-49.401424,SPRF-SC,DEL04-SC,UOP02-DEL04-SC,2022
"478324,0",2022-10-03,segunda-feira,03:10:00,SC,470,"51,1",BLUMENAU,Ausência de reação do condutor,Colisão com objeto,Com Vítimas Feridas,Plena Noite,Crescente,Céu Claro,Simples,Viaduto,Sim,1,0,0,1,0,0,1,1,-26.862339,-49.084038,SPRF-SC,DEL04-SC,UOP01-DEL04-SC,2022
"478328,0",2022-10-03,segunda-feira,05:00:00,SC,101,"108,9",PENHA,Condutor Dormindo,Saída de leito carroçável,Com Vítimas Feridas,Amanhecer,Crescente,Céu Claro,Dupla,Curva,Não,2,0,1,0,1,0,1,1,-26.82606902,-48.69052298,SPRF-SC,DEL03-SC,UOP02-DEL03-SC,2022
"478344,0",2022-10-03,segunda-feira,07:30:00,SC,101,"212,2",PALHOCA,Trafegar com motocicleta (ou similar) entre as faixas,Colisão lateral mesmo sentido,Com Vítimas Feridas,Pleno dia,Decrescente,Nublado,Múltipla,Reta,Sim,2,0,1,0,1,0,1,2,-27.62996929,-48.65903871,SPRF-SC,DEL01-SC,UOP02-DEL01-SC,2022
"478364,0",2022-10-03,segunda-feira,07:45:00,SC,470,"99,5",APIUNA,Condutor Dormindo,Colisão lateral sentido oposto,Com Vítimas Feridas,Pleno dia,Crescente,Nublado,Simples,Curva,Não,2,0,1,0,1,0,1,2,-27.064796,-49.401424,SPRF-SC,DEL04-SC,UOP01-DEL04-SC,2022
"478376,0",2022-10-03,segunda-feira,10:15:00,SC,470,"7,2",NAVEGANTES,Conversão proibida,Tombamento,Com Vítimas Feridas,Pleno dia,Crescente,Nublado,Dupla,Curva;Em Obras,Não,2,0,2,0,0,0,2,1,-26.84499,-48.71505,SPRF-SC,DEL04-SC,UOP04-DEL04-SC,2022
"478400,0",2022-10-03,segunda-feira,11:16:00,SC,282,"21,0",PALHOCA,Acessar a via sem observar a presença dos outros veículos,Colisão transversal,Com Vítimas Feridas,Pleno dia,Crescente,Céu Claro,Simples,Interseção de Vias,Não,2,0,0,1,1,0,1,2,-27.68907,-48.717541,SPRF-SC,DEL01-SC,UOP02-DEL01-SC,2022
"478401,0",2022-10-03,segunda-feira,07:50:00,SC,480,"128,0",CHAPECO,Conversão proibida,Colisão transversal,Com Vítimas Feridas,Pleno dia,Crescente,Céu Claro,Múltipla,Interseção de Vias,Não,2,0,1,0,1,0,1,2,-27.03781899,-52.63432603,SPRF-SC,DEL07-SC,UOP01-DEL07-SC,2022
"478405,0",2022-10-03,segunda-feira,12:45:00,SC,101,"208,0",SAO JOSE,Manobra de mudança de faixa,Queda de ocupante de veículo,Com Vítimas Feridas,Pleno dia,Crescente,Céu Claro,Múltipla,Reta,Não,2,0,1,0,1,0,1,1,-27.60327979,-48.63201818,SPRF-SC,DEL01-SC,UOP01-DEL01-SC,2022
"478431,0",2022-10-01,sábado,07:10:00,SC,101,"217,1",PALHOCA,Velocidade Incompatível,Colisão traseira,Com Vítimas Feridas,Pleno dia,Decrescente,Céu Claro,Múltipla,Reta,Sim,4,0,1,1,2,0,2,4,-27.66779034,-48.67393586,SPRF-SC,DEL01-SC,UOP02-DEL01-SC,2022
"478448,0",2022-10-03,segunda-feira,15:10:00,SC,101,"331,0",TUBARAO,Reação tardia ou ineficiente do condutor,Colisão traseira,Com Vítimas Feridas,Pleno dia,Decrescente,Céu Claro,Dupla,Reta,Sim,3,0,0,1,1,1,1,3,-28.45567521,-48.9812689,SPRF-SC,DEL02-SC,UOP01-DEL02-SC,2022
"478468,0",2022-10-03,segunda-feira,18:40:00,SC,101,"107,1",PENHA,Ausência de reação do condutor,Tombamento,Com Vítimas Feridas,Plena Noite,Decrescente,Nublado,Dupla,Reta,Não,1,0,1,0,0,0,1,1,-26.82161014,-48.68528008,SPRF-SC,DEL03-SC,UOP02-DEL03-SC,2022
"478475,0",2022-10-03,segunda-feira,19:20:00,SC,101,"208,3",SAO JOSE,Acessar a via sem observar a presença dos outros veículos,Colisão lateral mesmo sentido,Com Vítimas Feridas,Plena Noite,Decrescente,Céu Claro,Dupla,Reta,Sim,2,0,1,0,1,0,1,2,-27.60327979,-48.63201818,SPRF-SC,DEL01-SC,UOP01-DEL01-SC,2022
"478478,0",2022-09-01,quinta-feira,08:30:00,SC,101,"134,0",BALNEARIO CAMBORIU,Acessar a via sem observar a presença dos outros veículos,Tombamento,Com Vítimas Feridas,Pleno dia,Decrescente,Céu Claro,Dupla,Reta,Sim,2,0,1,0,1,0,1,2,-27.00235811,-48.63488674,SPRF-SC,DEL04-SC,UOP03-DEL04-SC,2022