id,data_inversa,dia_semana,horario,uf,br,km,municipio,causa_acidente,tipo_acidente,classificacao_acidente,fase_dia,sentido_via,condicao_metereologica,tipo_pista,tracado_via,uso_solo,pessoas,mortos,feridos_leves,feridos_graves,ilesos,ignorados,feridos,veiculos,latitude,longitude,regional,delegacia,uop,ano_arquivo
"479408,0",2022-10-08,sábado,11:02:00,SC,101,"106,4",PENHA,Ausência de reação do condutor,Engavetamento,Com Vítimas Feridas,Pleno dia,Crescente,Céu Claro,Múltipla,Reta,Sim,11,0,5,0,6,0,5,6,-26.81031601,-48.68293896,SPRF-SC,DEL03-SC,UOP02-DEL03-SC,2022
"479445,0",2022-10-08,sábado,16:40:00,SC,101,"148,0",ITAPEMA,Condutor deixou de manter distância do veículo da frente,Colisão traseira,Com Vítimas Feridas,Pleno dia,Decrescente,Céu Claro,Dupla,Reta,Sim,3,0,0,1,2,0,1,2,-27.10123686,-48.61807962,SPRF-SC,DEL04-SC,UOP03-DEL04-SC,2022
"479446,0",2022-10-08,sábado,15:00:00,SC,101,"119,5",ITAJAI,Desrespeitar a preferência no cruzamento,Colisão transversal,Com Vítimas Feridas,Pleno dia,Decrescente,Sol,Múltipla,Interseção de Vias,Não,2,0,1,0,1,0,1,2,-26.9043179,-48.71555481,SPRF-SC,DEL04-SC,UOP04-DEL04-SC,2022
"479448,0",2022-10-08,sábado,14:20:00,SC,101,"54,3",JOINVILLE,Ausência de reação do condutor,Colisão traseira,Com Vítimas Feridas,Pleno dia,Crescente,Céu Claro,Múltipla,Reta,Sim,4,0,1,0,3,0,1,3,-26.42403584,-48.82906795,SPRF-SC,DEL03-SC,UOP01-DEL03-SC,2022
"479463,0",2022-10-08,sábado,17:06:00,SC,101,"38,0",JOINVILLE,Ingestão de álcool pelo condutor,Colisão com objeto,Com Vítimas Feridas,Pleno dia,Crescente,Céu Claro,Dupla,Viaduto;Aclive;Reta,Sim,2,0,1,1,0,0,2,1,-26.25472505,-48.90561309,SPRF-SC,DEL03-SC,UOP01-DEL03-SC,2022
"479470,0",2022-10-08,sábado,18:33:00,SC,470,"53,0",BLUMENAU,Desrespeitar a preferência no cruzamento,Colisão transversal,Com Vítimas Feridas,Plena Noite,Crescente,Céu Claro,Simples,Interseção de Vias,Sim,2,0,0,1,1,0,1,2,-26.867121,-49.102066,SPRF-SC,DEL04-SC,UOP01-DEL04-SC,2022
"479478,0",2022-10-08,sábado,16:45:00,SC,158,"136,0",PALMITOS,Condutor deixou de manter distância do veículo da frente,Colisão traseira,Com Vítimas Feridas,Pleno dia,Crescente,Céu Claro,Simples,Curva;Aclive,Não,2,0,1,0,1,0,1,2,-27.083836,-53.222098,SPRF-SC,DEL07-SC,UOP02-DEL07-SC,2022
"479510,0",2022-10-08,sábado,20:00:00,SC,280,"66,0",JARAGUA DO SUL,Acessar a via sem observar a presença dos outros veículos,Colisão transversal,Com Vítimas Feridas,Plena Noite,Crescente,Céu Claro,Simples,Reta,Não,2,0,1,0,1,0,1,2,-26.47606607,-49.09568797,SPRF-SC,DEL03-SC,UOP03-DEL03-SC,2022
"479519,0",2022-10-08,sábado,20:10:00,SC,101,"110,0",PENHA,Ausência de reação do condutor,Saída de leito carroçável,Com Vítimas Feridas,Plena Noite,Decrescente,Nublado,Múltipla,Reta,Não,2,0,2,0,0,0,2,1,-26.83477,-48.706151,SPRF-SC,DEL03-SC,UOP02-DEL03-SC,2022
"479523,0",2022-10-08,sábado,21:30:00,SC,101,"405,6",ARARANGUA,Ingestão de álcool pelo condutor,Saída de leito carroçável,Com Vítimas Fatais,Plena Noite,Decrescente,Nublado,Dupla,Reta,Não,6,1,2,2,0,1,4,2,-28.906106,-49.479412,SPRF-SC,DEL02-SC,UOP02-DEL02-SC,2022
"479552,0",2022-10-08,sábado,18:45:00,SC,101,"236,0",PALHOCA,Acessar a via sem observar a presença dos outros veículos,Colisão lateral sentido oposto,Com Vítimas Feridas,Plena Noite,Decrescente,Céu Claro,Simples,Interseção de Vias;Viaduto,Não,2,0,1,0,1,0,1,2,-27.82629382,-48.63034842,SPRF-SC,DEL01-SC,UOP02-DEL01-SC,2022
"479559,0",2022-10-09,domingo,04:10:00,SC,101,"205,0",SAO JOSE,Ingestão de álcool pelo condutor,Colisão com objeto,Com Vítimas Feridas,Amanhecer,Crescente,Céu Claro,Múltipla,Interseção de Vias,Sim,1,0,0,1,0,0,1,1,-27.58313237,-48.61532885,SPRF-SC,DEL01-SC,UOP01-DEL01-SC,2022
"479561,0",2022-10-09,domingo,04:10:00,SC,480,"128,6",CHAPECO,Ingestão de álcool pelo condutor,Saída de leito carroçável,Com Vítimas Feridas,Plena Noite,Decrescente,Céu Claro,Dupla,Reta,Sim,2,0,1,0,1,0,1,1,-27.041014,-52.635303,SPRF-SC,DEL07-SC,UOP01-DEL07-SC,2022
"479569,0",2022-10-09,domingo,05:45:00,SC,101,"212,0",PALHOCA,Ingestão de álcool pelo condutor,Colisão com objeto,Sem Vítimas,Amanhecer,Decrescente,Céu Claro,Múltipla,Reta,Não,1,0,0,0,1,0,0,1,-27.62996929,-48.65903871,SPRF-SC,DEL01-SC,UOP02-DEL01-SC,2022
"479572,0",2022-10-09,domingo,05:55:00,SC,101,"196,5",BIGUACU,Ingestão de álcool pelo condutor,Capotamento,Com Vítimas Feridas,Amanhecer,Decrescente,Céu Claro,Múltipla,Reta,Sim,2,0,0,2,0,0,2,1,-27.51101091,-48.64322292,SPRF-SC,DEL01-SC,UOP01-DEL01-SC,2022
"479576,0",2022-10-09,domingo,05:33:00,SC,101,"212,0",PALHOCA,Ingestão de álcool pelo condutor,Saída de leito carroçável,Sem Vítimas,Amanhecer,Crescente,Céu Claro,Múltipla,Reta,Sim,1,0,0,0,1,0,0,1,-27.62996929,-48.65903871,SPRF-SC,DEL01-SC,UOP02-DEL01-SC,2022
"479579,0",2022-10-09,domingo,06:20:00,SC,280,"129,9",RIO NEGRINHO,Ingestão de álcool pelo condutor,Saída de leito carroçável,Sem Vítimas,Pleno dia,Decrescente,Céu Claro,Simples,Reta,Sim,1,0,0,0,0,1,0,1,-26.24586437,-49.52284615,SPRF-SC,DEL06-SC,UOP03-DEL06-SC,2022
"479583,0",2022-10-09,domingo,05:30:00,SC,101,"371,0",ICARA,Ausência de reação do condutor,Saída de leito carroçável,Sem Vítimas,Amanhecer,Crescente,Céu Claro,Dupla,Reta,Não,1,0,0,0,0,1,0,1,-28.711368,-49.214063,SPRF-SC,DEL02-SC,UOP01-DEL02-SC,2022
"479589,0",2022-10-09,domingo,06:40:00,SC,101,"72,0",ARAQUARI,Condutor Dormindo,Colisão com objeto,Com Vítimas Feridas,Amanhecer,Decrescente,Sol,Múltipla,Reta,Não,1,0,1,0,0,0,1,1,-26.52700004,-48.71551117,SPRF-SC,DEL03-SC,UOP02-DEL03-SC,2022
"479635,0",2022-10-09,domingo,11:15:00,SC,101,"215,4",PALHOCA,Condutor deixou de manter distância do veículo da frente,Colisão traseira,Com Vítimas Feridas,Pleno dia,Decrescente,Sol,Múltipla,Declive;Curva,Sim,3,0,1,0,2,0,1,3,-27.65184843,-48.67604941,SPRF-SC,DEL01-SC,UOP02-DEL01-SC,2022
"479651,0",2022-10-09,domingo,08:50:00,SC,282,"57,0",RANCHO QUEIMADO,Velocidade Incompatível,Saída de leito carroçável,Com Vítimas Feridas,Pleno dia,Crescente,Céu Claro,Simples,Curva,Não,1,0,1,0,0,0,1,1,-27.68679627,-49.00099754,SPRF-SC,DEL01-SC,UOP03-DEL01-SC,2022
"479658,0",2022-10-09,domingo,15:10:00,SC,116,"148,0",ITAPEMA,Condutor deixou de manter distância do veículo da frente,Colisão traseira,Com Vítimas Feridas,Pleno dia,Decrescente,Sol,Dupla,Reta,Sim,2,0,0,1,1,0,1,2,-27.107141,-48.613976,SPRF-SC,DEL06-SC,UOP02-DEL06-SC,2022
"479662,0",2022-10-09,domingo,15:20:00,SC,101,"216,0",PALHOCA,Condutor deixou de manter distância do veículo da frente,Colisão traseira,Sem Vítimas,Pleno dia,Crescente,Céu Claro,Múltipla,Reta,Sim,2,0,0,0,2,0,0,2,-27.65981409,-48.67747798,SPRF-SC,DEL01-SC,UOP02-DEL01-SC,2022
"479663,0",2022-10-09,domingo,15:50:00,SC,101,"148,0",ITAPEMA,Trafegar com motocicleta (ou similar) entre as faixas,Colisão lateral mesmo sentido,Com Vítimas Feridas,Pleno dia,Decrescente,Nublado,Dupla,Declive,Sim,3,0,2,0,1,0,2,2,-27.10123686,-48.61807962,SPRF-SC,DEL04-SC,UOP03-DEL04-SC,2022
"479665,0",2022-10-09,domingo,16:10:00,SC,101,"192,0",BIGUACU,Ingestão de álcool pelo condutor,Colisão lateral mesmo sentido,Com Vítimas Feridas,Pleno dia,Crescente,Céu Claro,Simples,Interseção de Vias,Sim,2,0,1,0,1,0,1,2,-27.48443781,-48.64765238,SPRF-SC,DEL01-SC,UOP01-DEL01-SC,2022
"479672,0",2022-10-09,domingo,15:21:00,SC,282,"23,0",SANTO AMARO DA IMPERATRIZ,Ultrapassagem Indevida,Colisão transversal,Com Vítimas Feridas,Pleno dia,Decrescente,Nublado,Simples,Reta,Sim,2,0,0,1,1,0,1,2,-27.687958,-48.736794,SPRF-SC,DEL01-SC,UOP02-DEL01-SC,2022
"479674,0",2022-10-09,domingo,15:50:00,SC,282,"17,8",PALHOCA,Acessar a via sem observar a presença dos outros veículos,Colisão transversal,Com Vítimas Feridas,Pleno dia,Crescente,Nublado,Simples,Reta,Sim,3,0,2,0,1,0,2,2,-27.665707,-48.688065,SPRF-SC,DEL01-SC,UOP02-DEL01-SC,2022
"479715,0",2022-10-09,domingo,18:20:00,SC,470,"40,4",GASPAR,Avarias e/ou desgaste excessivo no pneu,Tombamento,Com Vítimas Feridas,Plena Noite,Decrescente,Nublado,Simples,Em Obras;Reta,Não,2,0,2,0,0,0,2,1,-26.88643401,-48.99318787,SPRF-SC,DEL04-SC,UOP01-DEL04-SC,2022
"479723,0",2022-10-09,domingo,19:45:00,SC,101,"151,0",ITAPEMA,Ausência de reação do condutor,Colisão transversal,Com Vítimas Feridas,Plena Noite,Crescente,Céu Claro,Simples,Reta,Sim,2,0,1,0,1,0,1,2,-27.126536,-48.609642,SPRF-SC,DEL04-SC,UOP03-DEL04-SC,2022
"479730,0",2022-10-09,domingo,17:30:00,SC,101,"22,0",JOINVILLE,Velocidade Incompatível,Saída de leito carroçável,Sem Vítimas,Anoitecer,Crescente,Chuva,Dupla,Declive;Reta,Não,1,0,0,0,1,0,0,1,-26.15679993,-48.90786269,SPRF-SC,DEL03-SC,UOP01-DEL03-SC,2022
"479742,0",2022-10-09,domingo,17:00:00,SC,101,"233,4",PALHOCA,Demais falhas mecânicas ou elétricas,Incêndio,Sem Vítimas,Pleno dia,Decrescente,Céu Claro,Dupla,Reta,Não,1,0,0,0,1,0,0,1,-27.80376397,-48.63826211,SPRF-SC,DEL01-SC,UOP02-DEL01-SC,2022
"479758,0",2022-10-09,domingo,20:20:00,SC,282,"51,0",AGUAS MORNAS,Ingestão de álcool pelo condutor,Colisão lateral sentido oposto,Com Vítimas Feridas,Plena Noite,Decrescente,Chuva,Simples,Curva,Não,3,0,1,0,2,0,1,2,-27.703712,-48.959267,SPRF-SC,DEL01-SC,UOP03-DEL01-SC,2022
"479765,0",2022-10-09,domingo,23:35:00,SC,101,"206,0",SAO JOSE,Ingestão de álcool pelo condutor,Colisão traseira,Com Vítimas Feridas,Plena Noite,Crescente,Chuva,Múltipla,Reta,Sim,2,0,1,0,1,0,1,2,-27.59193546,-48.61824557,SPRF-SC,DEL01-SC,UOP01-DEL01-SC,2022
"479776,0",2022-10-09,domingo,22:30:00,SC,470,"50,4",BLUMENAU,Transitar na contramão,Colisão frontal,Com Vítimas Fatais,Plena Noite,Crescente,Nublado,Múltipla,Declive;Curva,Sim,7,1,0,4,2,0,4,2,-26.86026092,-49.07896399,SPRF-SC,DEL04-SC,UOP01-DEL04-SC,2022
"479781,0",2022-10-10,segunda-feira,01:30:00,SC,101,"215,3",PALHOCA,Velocidade Incompatível,Colisão com objeto,Com Vítimas Feridas,Plena Noite,Crescente,Chuva,Múltipla,Reta,Sim,2,0,0,1,1,0,1,1,-27.65184843,-48.67604941,SPRF-SC,DEL01-SC,UOP02-DEL01-SC,2022
"479786,0",2022-10-10,segunda-feira,02:20:00,SC,282,"121,0",CAIBI,Reação tardia ou ineficiente do condutor,Saída de leito carroçável,Com Vítimas Feridas,Plena Noite,Decrescente,Chuva,Simples,Reta,Não,2,0,0,2,0,0,2,1,-26.973396,-53.214881,SPRF-SC,DEL05-SC,UOP01-DEL05-SC,2022
"479800,0",2022-10-10,segunda-feira,05:50:00,SC,101,"251,9",PAULO LOPES,Condutor Dormindo,Saída de leito carroçável,Com Vítimas Feridas,Pleno dia,Crescente,Chuva,Dupla,Reta,Sim,2,0,1,0,1,0,1,1,-27.9490242,-48.67206568,SPRF-SC,DEL02-SC,UOP03-DEL02-SC,2022
"479811,0",2022-10-10,segunda-feira,06:00:00,SC,282,"23,6",SANTO AMARO DA IMPERATRIZ,Desrespeitar a preferência no cruzamento,Colisão frontal,Com Vítimas Feridas,Pleno dia,Crescente,Chuva,Simples,Interseção de Vias,Sim,3,0,2,0,1,0,2,2,-27.687958,-48.736794,SPRF-SC,DEL01-SC,UOP03-DEL01-SC,2022
"479818,0",2022-10-10,segunda-feira,08:00:00,SC,282,"3,0",FLORIANOPOLIS,Manobra de mudança de faixa,Colisão lateral mesmo sentido,Com Vítimas Feridas,Pleno dia,Crescente,Chuva,Múltipla,Curva,Sim,2,0,1,0,1,0,1,2,-27.600384,-48.599705,SPRF-SC,DEL01-SC,UOP01-DEL01-SC,2022
"479834,0",2022-10-10,segunda-feira,09:15:00,SC,101,"119,0",ITAJAI,Ultrapassagem Indevida,Colisão lateral mesmo sentido,Com Vítimas Feridas,Pleno dia,Crescente,Nublado,Múltipla,Reta,Sim,2,0,1,0,1,0,1,2,-26.9043179,-48.71555481,SPRF-SC,DEL04-SC,UOP04-DEL04-SC,2022
"479835,0",2022-10-10,segunda-feira,08:00:00,SC,282,"83,0",ALFREDO WAGNER,Velocidade Incompatível,Colisão frontal,Com Vítimas Feridas,Pleno dia,Decrescente,Chuva,Simples,Curva,Não,4,0,1,3,0,0,4,2,-27.666153,-49.175022,SPRF-SC,DEL01-SC,UOP03-DEL01-SC,2022
"479876,0",2022-10-10,segunda-feira,14:00:00,SC,101,"286,3",IMBITUBA,Condutor Dormindo,Saída de leito carroçável,Com Vítimas Feridas,Pleno dia,Decrescente,Chuva,Dupla,Reta,Não,1,0,1,0,0,0,1,1,-28.2494011,-48.700814,SPRF-SC,DEL02-SC,UOP03-DEL02-SC,2022
"479880,0",2022-10-10,segunda-feira,14:00:00,SC,470,"25,0",ILHOTA,Reação tardia ou ineficiente do condutor,Saída de leito carroçável,Com Vítimas Feridas,Pleno dia,Crescente,Nublado,Dupla,Curva,Não,1,0,0,1,0,0,1,1,-26.883764,-48.865986,SPRF-SC,DEL04-SC,UOP04-DEL04-SC,2022
"479889,0",2022-10-10,segunda-feira,14:50:00,SC,101,"135,0",BALNEARIO CAMBORIU,Manobra de mudança de faixa,Saída de leito carroçável,Com Vítimas Feridas,Pleno dia,Decrescente,Chuva,Múltipla,Reta,Sim,2,0,0,2,0,0,2,1,-27.0050108,-48.62677494,SPRF-SC,DEL04-SC,UOP03-DEL04-SC,2022
"479891,0",2022-10-10,segunda-feira,09:00:00,SC,470,"154,0",AGRONOMICA,Velocidade Incompatível,Saída de leito carroçável,Com Vítimas Feridas,Pleno dia,Crescente,Chuva,Simples,Curva,Não,1,0,1,0,0,0,1,1,-27.275414,-49.742989,SPRF-SC,DEL04-SC,UOP02-DEL04-SC,2022
"479901,0",2022-10-10,segunda-feira,16:50:00,SC,101,"131,0",CAMBORIU,Acessar a via sem observar a presença dos outros veículos,Colisão transversal,Com Vítimas Feridas,Anoitecer,Crescente,Garoa/Chuvisco,Simples,Reta,Sim,3,0,1,0,2,0,1,2,-26.99064209,-48.66310912,SPRF-SC,DEL04-SC,UOP03-DEL04-SC,2022
"479903,0",2022-10-10,segunda-feira,16:05:00,SC,470,"103,0",APIUNA,Ausência de reação do condutor,Colisão com objeto,Com Vítimas Feridas,Pleno dia,Crescente,Garoa/Chuvisco,Simples,Reta,Sim,4,0,1,0,2,1,1,3,-27.064796,-49.401424,SPRF-SC,DEL04-SC,UOP02-DEL04-SC,2022
"479929,0",2022-10-10,segunda-feira,18:30:00,SC,101,"233,0",PALHOCA,Acumulo de água sobre o pavimento,Colisão com objeto,Sem Vítimas,Pleno dia,Crescente,Chuva,Dupla,Declive;Curva,Sim,1,0,0,0,1,0,0,1,-27.7688932,-48.63205379,SPRF-SC,DEL01-SC,UOP02-DEL01-SC,2022
"479935,0",2022-10-10,segunda-feira,12:20:00,SC,280,"303,0",PORTO UNIAO,Transitar na contramão,Colisão frontal,Com Vítimas Feridas,Pleno dia,Decrescente,Garoa/Chuvisco,Simples,Curva,Sim,3,0,2,0,1,0,2,2,-26.27999553,-51.05063229,SPRF-SC,DEL06-SC,UOP04-DEL06-SC,2022
"479936,0",2022-09-28,quarta-feira,12:55:00,SC,470,"52,2",BLUMENAU,Acessar a via sem observar a presença dos outros veículos,Colisão lateral mesmo sentido,Com Vítimas Feridas,Pleno dia,Decrescente,Garoa/Chuvisco,Simples,Rotatória,Sim,2,0,1,0,1,0,1,2,-26.86608207,-49.10037875,SPRF-SC,DEL04-SC,UOP01-DEL04-SC,2022
"479941,0",2022-10-10,segunda-feira,18:00:00,SC,470,"330,0",CAMPOS NOVOS,Ingestão de álcool pelo condutor,Colisão traseira,Sem Vítimas,Plena Noite,Crescente,Chuva,Simples,Reta,Não,2,0,0,0,2,0,0,2,-27.471581,-51.298134,SPRF-SC,DEL07-SC,UOP06-DEL07-SC,2022
"479944,0",2022-09-06,terça-feira,15:30:00,SC,101,"330,0",CAPIVARI DE BAIXO,Ausência de reação do condutor,Colisão com objeto,Com Vítimas Feridas,Pleno dia,Crescente,Céu Claro,Dupla,Reta,Não,3,0,3,0,0,0,3,1,-28.45115639,-48.97286879,SPRF-SC,DEL02-SC,UOP01-DEL02-SC,2022
"479970,0",2022-10-10,segunda-feira,22:10:00,SC,101,"193,0",BIGUACU,Manobra de mudança de faixa,Colisão lateral mesmo sentido,Com Vítimas Feridas,Plena Noite,Decrescente,Chuva,Múltipla,Em Obras;Reta,Não,2,0,1,0,1,0,1,2,-27.489574,-48.655914,SPRF-SC,DEL01-SC,UOP01-DEL01-SC,2022
"479993,0",2022-10-11,terça-feira,07:50:00,SC,470,"55,4",BLUMENAU,Conversão proibida,Colisão lateral mesmo sentido,Com Vítimas Feridas,Pleno dia,Decrescente,Chuva,Simples,Reta,Não,2,0,0,1,1,0,1,2,-26.875601,-49.117992,SPRF-SC,DEL04-SC,UOP01-DEL04-SC,2022
"480004,0",2022-10-11,terça-feira,08:40:00,SC,101,"208,0",SAO JOSE,Acumulo de água sobre o pavimento,Colisão com objeto,Com Vítimas Feridas,Pleno dia,Crescente,Chuva,Múltipla,Curva,Sim,1,0,1,0,0,0,1,1,-27.60327979,-48.63201818,SPRF-SC,DEL01-SC,UOP01-DEL01-SC,2022
"480008,0",2022-10-11,terça-feira,08:05:00,SC,282,"343,1",CAMPOS NOVOS,Acessar a via sem observar a presença dos outros veículos,Colisão transversal,Sem Vítimas,Pleno dia,Decrescente,Chuva,Simples,Reta,Sim,2,0,0,0,2,0,0,2,-27.387402,-51.232861,SPRF-SC,DEL07-SC,UOP06-DEL07-SC,2022
"480019,0",2022-10-11,terça-feira,11:30:00,SC,282,"53,5",AGUAS MORNAS,Velocidade Incompatível,Colisão com objeto,Com Vítimas Feridas,Pleno dia,Decrescente,Chuva,Simples,Curva,Não,2,0,2,0,0,0,2,1,-27.684693,-48.972326,SPRF-SC,DEL01-SC,UOP03-DEL01-SC,2022
"480065,0",2022-10-11,terça-feira,17:30:00,SC,282,"49,0",AGUAS MORNAS,Chuva,Saída de leito carroçável,Com Vítimas Feridas,Pleno dia,Crescente,Garoa/Chuvisco,Simples,Curva,Não,1,0,1,0,0,0,1,1,-27.712931,-48.943741,SPRF-SC,DEL01-SC,UOP03-DEL01-SC,2022
"480074,0",2022-10-11,terça-feira,17:45:00,SC,282,"4,0",FLORIANOPOLIS,Pista Escorregadia,Eventos atípicos,Com Vítimas Feridas,Anoitecer,Crescente,Chuva,Múltipla,Reta,Sim,1,0,1,0,0,0,1,1,-27.592646,-48.604034,SPRF-SC,DEL01-SC,UOP01-DEL01-SC,2022
"480078,0",2022-10-11,terça-feira,17:40:00,SC,280,"3,8",SAO FRANCISCO DO SUL,Acesso irregular,Colisão transversal,Com Vítimas Feridas,Anoitecer,Decrescente,Chuva,Simples,Interseção de Vias,Sim,2,0,1,0,1,0,1,2,-26.24531966,-48.61556107,SPRF-SC,DEL03-SC,UOP03-DEL03-SC,2022
"480091,0",2022-10-11,terça-feira,18:10:00,SC,101,"212,4",PALHOCA,Reação tardia ou ineficiente do condutor,Engavetamento,Sem Vítimas,Plena Noite,Crescente,Chuva,Múltipla,Reta,Sim,5,0,0,0,5,0,0,5,-27.63244051,-48.66151571,SPRF-SC,DEL01-SC,UOP02-DEL01-SC,2022
"480112,0",2022-10-11,terça-feira,20:25:00,SC,280,"56,5",GUARAMIRIM,Manobra de mudança de faixa,Colisão lateral mesmo sentido,Sem Vítimas,Plena Noite,Crescente,Chuva,Simples,Reta,Sim,2,0,0,0,2,0,0,2,-26.47947677,-49.00298702,SPRF-SC,DEL03-SC,UOP03-DEL03-SC,2022
"480124,0",2022-10-11,terça-feira,21:25:00,SC,470,"11,0",NAVEGANTES,Acessar a via sem observar a presença dos outros veículos,Colisão transversal,Com Vítimas Feridas,Plena Noite,Decrescente,Chuva,Simples,Reta;Em Obras,Sim,3,0,0,2,1,0,2,2,-26.834309,-48.747269,SPRF-SC,DEL04-SC,UOP04-DEL04-SC,2022
"480130,0",2022-10-11,terça-feira,14:00:00,SC,153,"117,8",CONCORDIA,Pista esburacada,Colisão traseira,Com Vítimas Feridas,Pleno dia,Decrescente,Chuva,Simples,Reta,Não,3,0,1,0,2,0,1,2,-27.37451123,-51.98833466,SPRF-SC,DEL07-SC,UOP04-DEL07-SC,2022
"480140,0",2022-10-11,terça-feira,23:30:00,SC,101,"189,0",BIGUACU,Acumulo de água sobre o pavimento,Colisão com objeto,Com Vítimas Feridas,Plena Noite,Crescente,Chuva,Dupla,Curva,Não,4,0,2,0,2,0,2,1,-27.459393,-48.638914,SPRF-SC,DEL01-SC,UOP01-DEL01-SC,2022
"480143,0",2022-10-11,terça-feira,20:20:00,SC,470,"180,9",POUSO REDONDO,Ingestão de álcool pelo condutor,Colisão com objeto,Sem Vítimas,Plena Noite,Crescente,Garoa/Chuvisco,Simples,Ponte,Não,1,0,0,0,1,0,0,1,-27.249525,-49.987041,SPRF-SC,DEL04-SC,UOP02-DEL04-SC,2022
"480145,0",2022-10-11,terça-feira,19:00:00,SC,101,"413,0",ARARANGUA,Ausência de reação do condutor,Colisão traseira,Sem Vítimas,Plena Noite,Crescente,Chuva,Simples,Reta,Não,2,0,0,0,2,0,0,2,-28.94605997,-49.50428402,SPRF-SC,DEL02-SC,UOP02-DEL02-SC,2022
"480152,0",2022-10-12,quarta-feira,00:30:00,SC,101,"330,0",TUBARAO,Manobra de mudança de faixa,Colisão lateral mesmo sentido,Sem Vítimas,Plena Noite,Decrescente,Chuva,Dupla,Reta,Sim,3,0,0,0,3,0,0,2,-28.45115639,-48.97286879,SPRF-SC,DEL02-SC,UOP01-DEL02-SC,2022
"480175,0",2022-10-12,quarta-feira,05:30:00,SC,101,"145,0",ITAPEMA,Chuva,Queda de ocupante de veículo,Com Vítimas Feridas,Amanhecer,Crescente,Chuva,Dupla,Curva;Aclive,Não,1,0,0,1,0,0,1,1,-27.08139206,-48.60130993,SPRF-SC,DEL04-SC,UOP03-DEL04-SC,2022
"480178,0",2022-10-12,quarta-feira,06:10:00,SC,101,"138,0",BALNEARIO CAMBORIU,Ingestão de álcool pelo condutor,Saída de leito carroçável,Sem Vítimas,Amanhecer,Crescente,Chuva,Simples,Aclive,Não,1,0,0,0,0,1,0,1,-27.02397426,-48.60761649,SPRF-SC,DEL04-SC,UOP03-DEL04-SC,2022
"480190,0",2022-10-12,quarta-feira,07:00:00,SC,101,"338,0",TUBARAO,Avarias e/ou desgaste excessivo no pneu,Colisão com objeto,Com Vítimas Feridas,Pleno dia,Decrescente,Nublado,Dupla,Reta,Sim,1,0,1,0,0,0,1,1,-28.485725,-49.03726,SPRF-SC,DEL02-SC,UOP01-DEL02-SC,2022
"480200,0",2022-10-12,quarta-feira,08:00:00,SC,470,"122,2",IBIRAMA,Condutor Dormindo,Saída de leito carroçável,Com Vítimas Feridas,Pleno dia,Crescente,Nublado,Simples,Reta;Aclive,Não,1,0,1,0,0,0,1,1,-27.10169225,-49.52619553,SPRF-SC,DEL04-SC,UOP02-DEL04-SC,2022
"480244,0",2022-10-12,quarta-feira,14:50:00,SC,101,"209,8",SAO JOSE,Reação tardia ou ineficiente do condutor,Colisão traseira,Com Vítimas Feridas,Pleno dia,Decrescente,Nublado,Múltipla,Reta;Aclive,Sim,2,0,0,1,1,0,1,2,-27.61000542,-48.63895057,SPRF-SC,DEL01-SC,UOP01-DEL01-SC,2022
"480245,0",2022-10-12,quarta-feira,12:50:00,SC,101,"379,6",ICARA,Mal súbito do condutor,Atropelamento de Pedestre,Com Vítimas Feridas,Pleno dia,Decrescente,Nublado,Múltipla,Curva,Sim,3,0,2,0,1,0,2,2,-28.74651646,-49.2599038,SPRF-SC,DEL02-SC,UOP02-DEL02-SC,2022
"480287,0",2022-10-12,quarta-feira,18:45:00,SC,470,"176,0",POUSO REDONDO,Ingestão de álcool pelo condutor,Colisão traseira,Sem Vítimas,Anoitecer,Decrescente,Céu Claro,Simples,Declive;Reta,Não,2,0,0,0,2,0,0,2,-27.254238,-49.948658,SPRF-SC,DEL04-SC,UOP02-DEL04-SC,2022
"480290,0",2022-10-12,quarta-feira,19:40:00,SC,470,"62,0",INDAIAL,Velocidade Incompatível,Colisão com objeto,Com Vítimas Feridas,Plena Noite,Crescente,Céu Claro,Simples,Curva;Aclive;Em Obras,Não,1,0,1,0,0,0,1,1,-26.874521,-49.182938,SPRF-SC,DEL04-SC,UOP01-DEL04-SC,2022
"480313,0",2022-10-12,quarta-feira,22:15:00,SC,158,"108,0",CUNHA PORA,Pista esburacada,Colisão frontal,Sem Vítimas,Plena Noite,Crescente,Nevoeiro/Neblina,Simples,Reta,Não,2,0,0,0,2,0,0,2,-26.879588,-53.172851,SPRF-SC,DEL07-SC,UOP02-DEL07-SC,2022
"480317,0",2022-10-12,quarta-feira,23:30:00,SC,101,"141,0",BALNEARIO CAMBORIU,Ingestão de álcool e/ou substâncias psicoativas pelo pedestre,Colisão traseira,Sem Vítimas,Plena Noite,Decrescente,Nublado,Dupla,Curva,Não,2,0,0,0,2,0,0,2,-27.04936849,-48.59778643,SPRF-SC,DEL04-SC,UOP03-DEL04-SC,2022
"480319,0",2022-10-12,quarta-feira,23:30:00,SC,101,"85,0",BARRA VELHA,Condutor Dormindo,Saída de leito carroçável,Sem Vítimas,Plena Noite,Crescente,Nevoeiro/Neblina,Múltipla,Reta,Não,1,0,0,0,1,0,0,1,-26.62840879,-48.70813584,SPRF-SC,DEL03-SC,UOP02-DEL03-SC,2022
"480323,0",2022-10-12,quarta-feira,23:10:00,SC,470,"80,2",RODEIO,Transitar na contramão,Colisão frontal,Com Vítimas Feridas,Plena Noite,Crescente,Garoa/Chuvisco,Simples,Ponte,Não,3,0,0,3,0,0,3,2,-26.948805,-49.316097,SPRF-SC,DEL04-SC,UOP01-DEL04-SC,2022