id,data_inversa,dia_semana,horario,uf,br,km,municipio,causa_acidente,tipo_acidente,classificacao_acidente,fase_dia,sentido_via,condicao_metereologica,tipo_pista,tracado_via,uso_solo,pessoas,mortos,feridos_leves,feridos_graves,ilesos,ignorados,feridos,veiculos,latitude,longitude,regional,delegacia,uop,ano_arquivo
"480336,0",2022-10-13,quinta-feira,00:40:00,SC,101,"127,5",ITAJAI,Condutor deixou de manter distância do veículo da frente,Colisão traseira,Com Vítimas Feridas,Plena Noite,Crescente,Céu Claro,Dupla,Reta,Não,2,0,1,0,0,1,1,2,-26.9639319,-48.68328024,SPRF-SC,DEL04-SC,UOP04-DEL04-SC,2022
"480361,0",2022-10-13,quinta-feira,08:05:00,SC,101,"117,0",ITAJAI,Ausência de reação do condutor,Colisão traseira,Com Vítimas Feridas,Pleno dia,Decrescente,Garoa/Chuvisco,Dupla,Reta,Sim,2,0,1,0,1,0,1,2,-26.88747187,-48.72252969,SPRF-SC,DEL04-SC,UOP04-DEL04-SC,2022
"480376,0",2022-10-13,quinta-feira,10:45:00,SC,101,"190,0",BIGUACU,Demais falhas mecânicas ou elétricas,Colisão com objeto,Com Vítimas Feridas,Pleno dia,Crescente,Nublado,Dupla,Curva,Não,5,0,5,0,0,0,5,1,-27.468056,-48.641712,SPRF-SC,DEL01-SC,UOP01-DEL01-SC,2022
"480379,0",2022-10-13,quinta-feira,08:15:00,SC,282,"537,9",CHAPECO,Velocidade Incompatível,Saída de leito carroçável,Com Vítimas Feridas,Pleno dia,Crescente,Céu Claro,Simples,Aclive;Curva,Não,2,0,2,0,0,0,2,1,-27.000534,-52.670695,SPRF-SC,DEL07-SC,UOP01-DEL07-SC,2022
"480413,0",2022-10-13,quinta-feira,15:00:00,SC,101,"137,1",BALNEARIO CAMBORIU,Ausência de reação do condutor,Tombamento,Com Vítimas Feridas,Pleno dia,Crescente,Nublado,Dupla,Reta,Sim,1,0,0,1,0,0,1,1,-27.0157238,-48.61192763,SPRF-SC,DEL04-SC,UOP03-DEL04-SC,2022
"480450,0",2022-10-13,quinta-feira,19:20:00,SC,101,"124,0",ITAJAI,Reação tardia ou ineficiente do condutor,Colisão traseira,Com Vítimas Feridas,Plena Noite,Crescente,Nublado,Dupla,Reta,Não,3,0,0,1,2,0,1,2,-26.94335064,-48.69198648,SPRF-SC,DEL04-SC,UOP04-DEL04-SC,2022
"480487,0",2022-10-13,quinta-feira,23:50:00,SC,282,"5,1",SAO JOSE,Ausência de reação do condutor,Colisão lateral mesmo sentido,Com Vítimas Feridas,Pleno dia,Crescente,Chuva,Múltipla,Reta,Sim,2,0,1,0,1,0,1,2,-27.58878431,-48.61106873,SPRF-SC,DEL01-SC,UOP01-DEL01-SC,2022
"480492,0",2022-10-14,sexta-feira,02:00:00,SC,470,"2,0",NAVEGANTES,Acumulo de areia ou detritos sobre o pavimento,Queda de ocupante de veículo,Com Vítimas Feridas,Plena Noite,Decrescente,Chuva,Simples,Reta,Sim,1,0,1,0,0,0,1,1,-26.868551,-48.674831,SPRF-SC,DEL04-SC,UOP04-DEL04-SC,2022
"480493,0",2022-10-14,sexta-feira,01:45:00,SC,282,"19,0",PALHOCA,Ingestão de álcool pelo condutor,Colisão transversal,Com Vítimas Feridas,Plena Noite,Crescente,Garoa/Chuvisco,Simples,Reta,Sim,2,0,1,0,1,0,1,2,-27.678635,-48.70192,SPRF-SC,DEL01-SC,UOP02-DEL01-SC,2022
"480504,0",2022-10-14,sexta-feira,05:50:00,SC,282,"49,4",AGUAS MORNAS,Velocidade Incompatível,Colisão frontal,Com Vítimas Feridas,Amanhecer,Crescente,Chuva,Simples,Declive;Curva,Não,5,0,0,4,0,1,4,3,-27.70758723,-48.95293504,SPRF-SC,DEL01-SC,UOP03-DEL01-SC,2022
"480505,0",2022-10-14,sexta-feira,06:40:00,SC,101,"210,1",SAO JOSE,Trafegar com motocicleta (ou similar) entre as faixas,Colisão lateral mesmo sentido,Com Vítimas Feridas,Pleno dia,Decrescente,Chuva,Dupla,Reta,Sim,2,0,0,1,1,0,1,2,-27.6167305,-48.6457265,SPRF-SC,DEL01-SC,UOP01-DEL01-SC,2022
"480525,0",2022-10-14,sexta-feira,07:40:00,SC,101,"211,0",SAO JOSE,Manobra de mudança de faixa,Colisão lateral mesmo sentido,Com Vítimas Feridas,Pleno dia,Decrescente,Chuva,Simples,Reta,Sim,1,0,1,0,0,0,1,1,-27.62329313,-48.65245588,SPRF-SC,DEL01-SC,UOP02-DEL01-SC,2022
"480527,0",2022-10-14,sexta-feira,06:40:00,SC,282,"619,3",IRACEMINHA,Acumulo de água sobre o pavimento,Colisão frontal,Com Vítimas Fatais,Amanhecer,Crescente,Nublado,Simples,Reta,Não,2,1,1,0,0,0,1,2,-26.7963448,-53.3034294,SPRF-SC,DEL07-SC,UOP02-DEL07-SC,2022
"480537,0",2022-10-14,sexta-feira,07:47:00,SC,116,"91,0",MONTE CASTELO,Ausência de reação do condutor,Saída de leito carroçável,Com Vítimas Feridas,Pleno dia,Decrescente,Chuva,Simples,Reta,Não,1,0,1,0,0,0,1,1,-26.64314346,-50.26148558,SPRF-SC,DEL06-SC,UOP02-DEL06-SC,2022
"480547,0",2022-10-14,sexta-feira,10:05:00,SC,280,"55,3",GUARAMIRIM,Chuva,Atropelamento de Pedestre,Com Vítimas Feridas,Pleno dia,Crescente,Chuva,Dupla,Reta,Sim,2,0,0,1,1,0,1,2,-26.47584353,-48.9937858,SPRF-SC,DEL03-SC,UOP03-DEL03-SC,2022
"480590,0",2022-10-14,sexta-feira,11:30:00,SC,280,"5,0",SAO FRANCISCO DO SUL,Trafegar com motocicleta (ou similar) entre as faixas,Colisão transversal,Com Vítimas Feridas,Pleno dia,Crescente,Chuva,Simples,Reta,Não,2,0,1,0,1,0,1,2,-26.26011706,-48.62571995,SPRF-SC,DEL03-SC,UOP03-DEL03-SC,2022
"480592,0",2022-10-14,sexta-feira,14:20:00,SC,101,"118,0",ITAJAI,Reação tardia ou ineficiente do condutor,Queda de ocupante de veículo,Com Vítimas Feridas,Pleno dia,Crescente,Garoa/Chuvisco,Dupla,Reta,Sim,1,0,1,0,0,0,1,1,-26.895859,-48.71903,SPRF-SC,DEL04-SC,UOP04-DEL04-SC,2022
"480614,0",2022-10-14,sexta-feira,16:45:00,SC,101,"139,0",BALNEARIO CAMBORIU,Manobra de mudança de faixa,Colisão lateral mesmo sentido,Com Vítimas Feridas,Anoitecer,Decrescente,Garoa/Chuvisco,Dupla,Reta,Sim,2,0,0,1,1,0,1,2,-27.02982303,-48.60115006,SPRF-SC,DEL04-SC,UOP03-DEL04-SC,2022
"480635,0",2022-10-14,sexta-feira,18:20:00,SC,101,"207,0",SAO JOSE,Reação tardia ou ineficiente do condutor,Colisão lateral mesmo sentido,Com Vítimas Feridas,Anoitecer,Decrescente,Céu Claro,Simples,Reta,Sim,2,0,1,0,1,0,1,2,-27.59930384,-48.62158491,SPRF-SC,DEL01-SC,UOP01-DEL01-SC,2022
"480638,0",2022-10-14,sexta-feira,18:40:00,SC,101,"215,1",PALHOCA,Trafegar com motocicleta (ou similar) entre as faixas,Colisão lateral mesmo sentido,Com Vítimas Feridas,Plena Noite,Crescente,Nublado,Múltipla,Reta,Sim,2,0,1,0,1,0,1,2,-27.65184843,-48.67604941,SPRF-SC,DEL01-SC,UOP02-DEL01-SC,2022
"480647,0",2022-10-14,sexta-feira,18:45:00,SC,101,"358,0",SANGAO,Reação tardia ou ineficiente do condutor,Tombamento,Com Vítimas Feridas,Plena Noite,Crescente,Garoa/Chuvisco,Simples,Reta,Não,1,0,1,0,0,0,1,1,-28.65656859,-49.10915494,SPRF-SC,DEL02-SC,UOP01-DEL02-SC,2022
"480670,0",2022-10-14,sexta-feira,21:20:00,SC,280,"22,4",ARAQUARI,Demais falhas na via,Colisão frontal,Com Vítimas Feridas,Plena Noite,Crescente,Chuva,Simples,Ponte,Não,2,0,0,1,1,0,1,2,-26.37092616,-48.70204099,SPRF-SC,DEL03-SC,UOP03-DEL03-SC,2022
"480676,0",2022-10-14,sexta-feira,19:58:00,SC,470,"56,0",BLUMENAU,Acessar a via sem observar a presença dos outros veículos,Colisão transversal,Com Vítimas Feridas,Plena Noite,Decrescente,Chuva,Simples,Reta,Sim,2,0,1,0,0,1,1,2,-26.87674,-49.127743,SPRF-SC,DEL04-SC,UOP01-DEL04-SC,2022
"480686,0",2022-10-14,sexta-feira,23:05:00,SC,470,"58,0",BLUMENAU,Ingestão de álcool pelo condutor,Colisão frontal,Com Vítimas Feridas,Plena Noite,Decrescente,Garoa/Chuvisco,Simples,Reta,Não,4,0,2,0,2,0,2,3,-26.883879,-49.145622,SPRF-SC,DEL04-SC,UOP01-DEL04-SC,2022
"480720,0",2022-10-15,sábado,04:40:00,SC,101,"355,5",SANGAO,Ingestão de álcool pelo condutor,Saída de leito carroçável,Sem Vítimas,Plena Noite,Crescente,Chuva,Dupla,Reta,Não,2,0,0,0,2,0,0,1,-28.62380715,-49.07828489,SPRF-SC,DEL02-SC,UOP01-DEL02-SC,2022
"480723,0",2022-10-15,sábado,04:20:00,SC,101,"312,4",LAGUNA,Ingestão de álcool pelo condutor,Capotamento,Com Vítimas Feridas,Plena Noite,Crescente,Chuva,Simples,Ponte;Em Obras;Retorno Regulamentado;Declive,Sim,2,0,1,0,0,1,1,2,-28.43939306,-48.82811308,SPRF-SC,DEL02-SC,UOP01-DEL02-SC,2022
"480730,0",2022-10-14,sexta-feira,17:40:00,SC,282,"418,8",VARGEM BONITA,Velocidade Incompatível,Capotamento,Com Vítimas Feridas,Anoitecer,Decrescente,Nublado,Simples,Reta,Não,1,0,1,0,0,0,1,1,-27.024965,-51.730766,SPRF-SC,DEL07-SC,UOP05-DEL07-SC,2022
"480732,0",2022-10-15,sábado,07:20:00,SC,101,"193,0",BIGUACU,Frear bruscamente,Colisão traseira,Com Vítimas Feridas,Pleno dia,Decrescente,Garoa/Chuvisco,Simples,Em Obras,Não,3,0,2,0,1,0,2,2,-27.489574,-48.655914,SPRF-SC,DEL01-SC,UOP01-DEL01-SC,2022
"480736,0",2022-10-15,sábado,06:30:00,SC,101,"216,0",PALHOCA,Ausência de reação do condutor,Colisão com objeto,Com Vítimas Feridas,Pleno dia,Crescente,Chuva,Dupla,Viaduto;Retorno Regulamentado,Sim,1,0,1,0,0,0,1,1,-27.65981409,-48.67747798,SPRF-SC,DEL01-SC,UOP02-DEL01-SC,2022
"480741,0",2022-10-15,sábado,00:40:00,SC,163,"73,6",SAO MIGUEL DO OESTE,Ingestão de álcool pelo condutor,Colisão com objeto,Com Vítimas Feridas,Plena Noite,Decrescente,Céu Claro,Dupla,Aclive;Reta,Sim,1,0,1,0,0,0,1,1,-26.70576563,-53.51369619,SPRF-SC,DEL07-SC,UOP03-DEL07-SC,2022
"480742,0",2022-10-15,sábado,07:30:00,SC,470,"122,6",IBIRAMA,Velocidade Incompatível,Saída de leito carroçável,Com Vítimas Feridas,Pleno dia,Crescente,Nublado,Simples,Curva,Não,4,0,3,1,0,0,4,1,-27.099888,-49.527679,SPRF-SC,DEL04-SC,UOP02-DEL04-SC,2022
"480769,0",2022-10-15,sábado,09:40:00,SC,282,"48,1",AGUAS MORNAS,Reação tardia ou ineficiente do condutor,Colisão frontal,Sem Vítimas,Pleno dia,Crescente,Garoa/Chuvisco,Simples,Curva,Não,2,0,0,0,2,0,0,2,-27.714352,-48.938072,SPRF-SC,DEL01-SC,UOP03-DEL01-SC,2022
"480812,0",2022-10-15,sábado,14:40:00,SC,282,"54,9",AGUAS MORNAS,Pista Escorregadia,Capotamento,Com Vítimas Feridas,Pleno dia,Decrescente,Chuva,Simples,Curva,Não,2,0,1,0,1,0,1,1,-27.685799,-48.974514,SPRF-SC,DEL01-SC,UOP03-DEL01-SC,2022
"480814,0",2022-10-15,sábado,09:00:00,SC,470,"87,0",ASCURRA,Ausência de reação do condutor,Tombamento,Com Vítimas Feridas,Pleno dia,Crescente,Nublado,Simples,Rotatória,Não,2,0,2,0,0,0,2,1,-26.948483,-49.366833,SPRF-SC,DEL04-SC,UOP01-DEL04-SC,2022
"480820,0",2022-10-15,sábado,15:00:00,SC,470,"129,6",LONTRAS,Velocidade Incompatível,Saída de leito carroçável,Sem Vítimas,Pleno dia,Crescente,Garoa/Chuvisco,Simples,Reta,Não,1,0,0,0,1,0,0,1,-27.148499,-49.556137,SPRF-SC,DEL04-SC,UOP02-DEL04-SC,2022
"480829,0",2022-10-15,sábado,15:10:00,SC,470,"348,1",CAMPOS NOVOS,Demais falhas mecânicas ou elétricas,Incêndio,Sem Vítimas,Pleno dia,Crescente,Céu Claro,Simples,Reta,Não,1,0,0,0,1,0,0,1,-27.549416,-51.44669,SPRF-SC,DEL07-SC,UOP06-DEL07-SC,2022
"480843,0",2022-10-15,sábado,17:50:00,SC,101,"155,0",PORTO BELO,Demais falhas mecânicas ou elétricas,Incêndio,Sem Vítimas,Pleno dia,Decrescente,Céu Claro,Simples,Curva;Aclive;Rotatória,Sim,1,0,0,0,1,0,0,1,-27.16292,-48.61129,SPRF-SC,DEL04-SC,UOP03-DEL04-SC,2022
"480870,0",2022-10-15,sábado,16:35:00,SC,280,"100,0",SAO BENTO DO SUL,Pista Escorregadia,Colisão frontal,Sem Vítimas,Anoitecer,Crescente,Chuva,Simples,Curva,Não,9,0,0,0,9,0,0,4,-26.37158361,-49.33137101,SPRF-SC,DEL06-SC,UOP03-DEL06-SC,2022
"480888,0",2022-10-15,sábado,20:50:00,SC,101,"138,0",BALNEARIO CAMBORIU,Ingestão de álcool pelo condutor,Colisão lateral mesmo sentido,Sem Vítimas,Plena Noite,Crescente,Garoa/Chuvisco,Múltipla,Reta,Sim,2,0,0,0,2,0,0,2,-27.02397426,-48.60761649,SPRF-SC,DEL04-SC,UOP03-DEL04-SC,2022
"480892,0",2022-10-15,sábado,17:45:00,SC,282,"368,8",ERVAL VELHO,Ultrapassagem Indevida,Colisão lateral mesmo sentido,Com Vítimas Feridas,Pleno dia,Decrescente,Céu Claro,Simples,Reta,Sim,4,0,0,1,2,1,1,3,-27.28418305,-51.43425465,SPRF-SC,DEL07-SC,UOP05-DEL07-SC,2022
"480907,0",2022-10-15,sábado,20:05:00,SC,116,"73,0",MONTE CASTELO,Transitar na contramão,Colisão frontal,Com Vítimas Feridas,Plena Noite,Crescente,Garoa/Chuvisco,Simples,Reta;Declive,Não,2,0,0,1,1,0,1,2,-26.49609399,-50.23312331,SPRF-SC,DEL06-SC,UOP02-DEL06-SC,2022
"480911,0",2022-10-15,sábado,22:00:00,SC,282,"373,4",ERVAL VELHO,Reação tardia ou ineficiente do condutor,Queda de ocupante de veículo,Com Vítimas Feridas,Plena Noite,Crescente,Nublado,Simples,Aclive;Curva,Não,3,0,0,2,0,1,2,2,-27.243425,-51.44788,SPRF-SC,DEL07-SC,UOP05-DEL07-SC,2022
"480915,0",2022-10-15,sábado,22:45:00,SC,101,"111,5",NAVEGANTES,Pista Escorregadia,Colisão com objeto,Sem Vítimas,Plena Noite,Decrescente,Chuva,Dupla,Curva;Retorno Regulamentado,Não,1,0,0,0,1,0,0,1,-26.84160399,-48.71662974,SPRF-SC,DEL04-SC,UOP04-DEL04-SC,2022
"480932,0",2022-10-16,domingo,01:00:00,SC,101,"194,8",BIGUACU,Ingestão de álcool pelo condutor,Saída de leito carroçável,Sem Vítimas,Plena Noite,Crescente,Chuva,Múltipla,Reta,Sim,1,0,0,0,1,0,0,1,-27.49815117,-48.65661236,SPRF-SC,DEL01-SC,UOP01-DEL01-SC,2022
"480944,0",2022-10-16,domingo,02:24:00,SC,101,"39,0",JOINVILLE,Ingestão de álcool e/ou substâncias psicoativas pelo pedestre,Saída de leito carroçável,Sem Vítimas,Plena Noite,Decrescente,Garoa/Chuvisco,Dupla,Reta,Sim,1,0,0,0,1,0,0,1,-26.2628107,-48.90192257,SPRF-SC,DEL03-SC,UOP01-DEL03-SC,2022
"480951,0",2022-10-16,domingo,03:20:00,SC,470,"134,2",RIO DO SUL,Ingestão de álcool pelo condutor,Saída de leito carroçável,Sem Vítimas,Plena Noite,Crescente,Chuva,Simples,Rotatória,Sim,1,0,0,0,1,0,0,1,-27.17486566,-49.58992481,SPRF-SC,DEL04-SC,UOP02-DEL04-SC,2022
"480957,0",2022-10-16,domingo,04:15:00,SC,470,"48,1",BLUMENAU,Ingestão de álcool pelo condutor,Colisão traseira,Sem Vítimas,Plena Noite,Decrescente,Garoa/Chuvisco,Simples,Em Obras;Desvio Temporário,Sim,3,0,0,0,2,1,0,3,-26.859823,-49.055393,SPRF-SC,DEL04-SC,UOP01-DEL04-SC,2022
"480960,0",2022-10-16,domingo,04:45:00,SC,101,"206,5",SAO JOSE,Chuva,Colisão com objeto,Sem Vítimas,Amanhecer,Decrescente,Chuva,Dupla,Reta,Sim,1,0,0,0,0,1,0,1,-27.59193546,-48.61824557,SPRF-SC,DEL01-SC,UOP01-DEL01-SC,2022
"480971,0",2022-10-16,domingo,05:20:00,SC,282,"218,5",LAGES,Ingestão de álcool pelo condutor,Colisão traseira,Sem Vítimas,Amanhecer,Crescente,Chuva,Simples,Reta,Sim,2,0,0,0,2,0,0,2,-27.79708752,-50.31365991,SPRF-SC,DEL05-SC,UOP01-DEL05-SC,2022
"480999,0",2022-10-16,domingo,08:28:00,SC,101,"235,1",PALHOCA,Acumulo de água sobre o pavimento,Colisão com objeto,Com Vítimas Feridas,Pleno dia,Decrescente,Chuva,Dupla,Curva,Não,2,0,2,0,0,0,2,1,-27.8177775,-48.6315025,SPRF-SC,DEL01-SC,UOP02-DEL01-SC,2022
"481000,0",2022-10-16,domingo,08:06:00,SC,101,"89,7",BARRA VELHA,Ausência de reação do condutor,Saída de leito carroçável,Sem Vítimas,Pleno dia,Decrescente,Chuva,Múltipla,Reta,Não,1,0,0,0,0,1,0,1,-26.65175997,-48.68721921,SPRF-SC,DEL03-SC,UOP02-DEL03-SC,2022
"481010,0",2022-10-16,domingo,09:30:00,SC,101,"53,0",JOINVILLE,Avarias e/ou desgaste excessivo no pneu,Saída de leito carroçável,Com Vítimas Feridas,Pleno dia,Crescente,Chuva,Dupla,Reta,Sim,4,0,1,0,3,0,1,1,-26.40231201,-48.83969703,SPRF-SC,DEL03-SC,UOP01-DEL03-SC,2022
"481012,0",2022-10-16,domingo,07:00:00,SC,282,"97,3",ALFREDO WAGNER,Ausência de reação do condutor,Saída de leito carroçável,Com Vítimas Feridas,Amanhecer,Crescente,Chuva,Simples,Curva,Não,2,0,2,0,0,0,2,1,-27.707966,-49.272182,SPRF-SC,DEL01-SC,UOP03-DEL01-SC,2022
"481016,0",2022-10-16,domingo,11:28:00,SC,101,"186,1",BIGUACU,Acumulo de água sobre o pavimento,Colisão com objeto,Com Vítimas Feridas,Pleno dia,Crescente,Chuva,Dupla,Curva,Não,2,0,2,0,0,0,2,1,-27.4341098,-48.62567129,SPRF-SC,DEL01-SC,UOP01-DEL01-SC,2022
"481021,0",2022-10-16,domingo,11:15:00,SC,101,"129,0",ITAJAI,Velocidade Incompatível,Tombamento,Sem Vítimas,Pleno dia,Decrescente,Chuva,Dupla,Curva,Não,1,0,0,0,1,0,0,1,-26.97998721,-48.68003368,SPRF-SC,DEL04-SC,UOP03-DEL04-SC,2022
"481036,0",2022-10-16,domingo,13:00:00,SC,101,"280,0",IMBITUBA,Avarias e/ou desgaste excessivo no pneu,Saída de leito carroçável,Com Vítimas Feridas,Pleno dia,Decrescente,Nublado,Dupla,Reta,Sim,1,0,1,0,0,0,1,1,-28.17962805,-48.6956297,SPRF-SC,DEL02-SC,UOP03-DEL02-SC,2022
"481039,0",2022-10-16,domingo,05:20:00,SC,116,"144,1",SANTA CECILIA,Transitar na contramão,Colisão frontal,Com Vítimas Feridas,Plena Noite,Crescente,Chuva,Simples,Reta,Não,2,0,1,0,1,0,1,2,-26.9952408,-50.40782997,SPRF-SC,DEL06-SC,UOP02-DEL06-SC,2022
"481055,0",2022-10-16,domingo,16:00:00,SC,101,"137,5",BALNEARIO CAMBORIU,Condutor deixou de manter distância do veículo da frente,Colisão traseira,Com Vítimas Feridas,Pleno dia,Decrescente,Sol,Dupla,Reta,Sim,4,0,1,0,3,0,1,3,-27.0157238,-48.61192763,SPRF-SC,DEL04-SC,UOP03-DEL04-SC,2022
"481056,0",2022-10-16,domingo,15:10:00,SC,280,"66,8",JARAGUA DO SUL,Acessar a via sem observar a presença dos outros veículos,Colisão transversal,Com Vítimas Feridas,Pleno dia,Decrescente,Garoa/Chuvisco,Simples,Reta,Sim,2,0,1,0,1,0,1,2,-26.475231,-49.10702,SPRF-SC,DEL03-SC,UOP03-DEL03-SC,2022
"481064,0",2022-10-16,domingo,16:30:00,SC,101,"375,0",ICARA,Ausência de reação do condutor,Saída de leito carroçável,Com Vítimas Feridas,Pleno dia,Decrescente,Céu Claro,Dupla,Reta,Não,4,0,2,0,2,0,2,1,-28.73371,-49.2424526,SPRF-SC,DEL02-SC,UOP01-DEL02-SC,2022
"481069,0",2022-10-16,domingo,17:10:00,SC,101,"328,8",TUBARAO,Manobra de mudança de faixa,Colisão lateral mesmo sentido,Com Vítimas Feridas,Pleno dia,Decrescente,Nublado,Dupla,Reta,Sim,5,0,1,0,4,0,1,2,-28.43648094,-48.95989307,SPRF-SC,DEL02-SC,UOP01-DEL02-SC,2022
"481080,0",2022-10-16,domingo,17:55:00,SC,101,"421,7",ARARANGUA,Desrespeitar a preferência no cruzamento,Colisão transversal,Com Vítimas Feridas,Anoitecer,Crescente,Nublado,Múltipla,Interseção de Vias,Sim,2,0,1,0,1,0,1,2,-28.99904792,-49.55642939,SPRF-SC,DEL02-SC,UOP02-DEL02-SC,2022
"481083,0",2022-10-16,domingo,18:00:00,SC,470,"22,0",ILHOTA,Velocidade Incompatível,Tombamento,Com Vítimas Feridas,Anoitecer,Decrescente,Céu Claro,Múltipla,Reta,Não,1,0,1,0,0,0,1,1,-26.880066,-48.836224,SPRF-SC,DEL04-SC,UOP04-DEL04-SC,2022
"481124,0",2022-10-16,domingo,21:15:00,SC,101,"86,0",BARRA VELHA,Desrespeitar a preferência no cruzamento,Colisão frontal,Com Vítimas Feridas,Plena Noite,Decrescente,Nublado,Simples,Interseção de Vias,Sim,3,0,1,0,2,0,1,2,-26.63277317,-48.70232513,SPRF-SC,DEL03-SC,UOP02-DEL03-SC,2022
"481135,0",2022-10-16,domingo,18:50:00,SC,101,"273,0",IMBITUBA,Chuva,Saída de leito carroçável,Com Vítimas Feridas,Plena Noite,Decrescente,Garoa/Chuvisco,Múltipla,Curva,Não,1,0,1,0,0,0,1,1,-28.12382408,-48.69625015,SPRF-SC,DEL02-SC,UOP03-DEL02-SC,2022
"481143,0",2022-10-16,domingo,20:20:00,SC,101,"253,0",PAULO LOPES,Ingestão de álcool pelo condutor,Colisão frontal,Com Vítimas Feridas,Plena Noite,Crescente,Nublado,Dupla,Viaduto,Sim,4,0,1,0,3,0,1,2,-27.96492999,-48.67962057,SPRF-SC,DEL02-SC,UOP03-DEL02-SC,2022
"481144,0",2022-10-16,domingo,22:30:00,SC,280,"48,0",GUARAMIRIM,Retorno proibido,Colisão transversal,Com Vítimas Feridas,Pleno dia,Decrescente,Céu Claro,Simples,Reta,Não,3,0,1,0,2,0,1,2,-26.45506795,-48.92766502,SPRF-SC,DEL03-SC,UOP03-DEL03-SC,2022
"481152,0",2022-10-16,domingo,23:00:00,SC,101,"118,0",ITAJAI,Reação tardia ou ineficiente do condutor,Colisão traseira,Sem Vítimas,Plena Noite,Crescente,Céu Claro,Dupla,Reta,Não,2,0,0,0,2,0,0,2,-26.895859,-48.71903,SPRF-SC,DEL04-SC,UOP04-DEL04-SC,2022
"481183,0",2022-10-17,segunda-feira,01:00:00,SC,470,"242,6",CURITIBANOS,Reação tardia ou ineficiente do condutor,Saída de leito carroçável,Com Vítimas Feridas,Plena Noite,Decrescente,Nevoeiro/Neblina,Simples,Rotatória,Não,2,0,1,0,1,0,1,1,-27.311794,-50.498703,SPRF-SC,DEL05-SC,UOP03-DEL05-SC,2022
"481242,0",2022-10-17,segunda-feira,12:00:00,SC,116,"251,0",LAGES,Acesso irregular,Colisão lateral mesmo sentido,Com Vítimas Feridas,Pleno dia,Decrescente,Céu Claro,Simples,Interseção de Vias,Não,2,0,1,0,1,0,1,2,-27.84512201,-50.37880391,SPRF-SC,DEL05-SC,UOP02-DEL05-SC,2022
"481262,0",2022-10-17,segunda-feira,10:45:00,SC,282,"121,0",BOM RETIRO,Reação tardia ou ineficiente do condutor,Saída de leito carroçável,Com Vítimas Feridas,Pleno dia,Decrescente,Céu Claro,Simples,Curva,Não,3,0,2,0,0,1,2,2,-27.799501,-49.42075,SPRF-SC,DEL05-SC,UOP01-DEL05-SC,2022
"481267,0",2022-10-17,segunda-feira,10:25:00,SC,282,"511,1",XANXERE,Avarias e/ou desgaste excessivo no pneu,Saída de leito carroçável,Com Vítimas Feridas,Pleno dia,Decrescente,Céu Claro,Simples,Curva,Não,1,0,1,0,0,0,1,1,-26.905405,-52.464199,SPRF-SC,DEL07-SC,UOP01-DEL07-SC,2022
"481269,0",2022-10-17,segunda-feira,14:16:00,SC,101,"120,8",ITAJAI,Mal súbito do condutor,Queda de ocupante de veículo,Com Vítimas Feridas,Pleno dia,Crescente,Céu Claro,Simples,Curva,Não,1,0,1,0,0,0,1,1,-26.912758,-48.711998,SPRF-SC,DEL04-SC,UOP04-DEL04-SC,2022
"481276,0",2022-10-17,segunda-feira,07:30:00,SC,282,"457,6",PONTE SERRADA,Acessar a via sem observar a presença dos outros veículos,Colisão transversal,Com Vítimas Feridas,Pleno dia,Decrescente,Céu Claro,Simples,Curva,Não,5,0,3,1,1,0,4,2,-26.880604,-52.013371,SPRF-SC,DEL07-SC,UOP04-DEL07-SC,2022
"481279,0",2022-10-17,segunda-feira,13:15:00,SC,282,"200,0",MAFRA,Avarias e/ou desgaste excessivo no pneu,Tombamento,Com Vítimas Feridas,Pleno dia,Crescente,Céu Claro,Simples,Reta,Não,2,0,2,0,0,0,2,1,-26.1742438,-50.0730296,SPRF-SC,DEL05-SC,UOP01-DEL05-SC,2022
"481281,0",2022-10-17,segunda-feira,16:15:00,SC,101,"148,0",ITAPEMA,Acessar a via sem observar a presença dos outros veículos,Colisão traseira,Com Vítimas Feridas,Pleno dia,Decrescente,Céu Claro,Simples,Reta,Sim,2,0,0,1,1,0,1,2,-27.10123686,-48.61807962,SPRF-SC,DEL04-SC,UOP03-DEL04-SC,2022
"481298,0",2022-10-17,segunda-feira,17:00:00,SC,101,"209,0",SAO JOSE,Velocidade Incompatível,Colisão traseira,Com Vítimas Feridas,Pleno dia,Decrescente,Nublado,Múltipla,Reta,Sim,3,0,1,0,2,0,1,2,-27.60327979,-48.63201818,SPRF-SC,DEL01-SC,UOP01-DEL01-SC,2022
"481300,0",2022-10-17,segunda-feira,17:20:00,SC,280,"67,0",JARAGUA DO SUL,Acessar a via sem observar a presença dos outros veículos,Colisão transversal,Com Vítimas Feridas,Pleno dia,Decrescente,Nublado,Simples,Reta,Sim,2,0,0,1,1,0,1,2,-26.4775146,-49.10363575,SPRF-SC,DEL03-SC,UOP03-DEL03-SC,2022
"481321,0",2022-10-17,segunda-feira,18:50:00,SC,101,"416,0",ARARANGUA,Desrespeitar a preferência no cruzamento,Colisão transversal,Com Vítimas Feridas,Plena Noite,Crescente,Nublado,Múltipla,Interseção de Vias,Sim,3,0,0,3,0,0,3,2,-28.96708874,-49.52338825,SPRF-SC,DEL02-SC,UOP02-DEL02-SC,2022
"481333,0",2022-10-17,segunda-feira,22:05:00,SC,101,"137,0",BALNEARIO CAMBORIU,Reação tardia ou ineficiente do condutor,Colisão lateral mesmo sentido,Com Vítimas Feridas,Plena Noite,Crescente,Céu Claro,Dupla,Reta,Sim,3,0,2,0,1,0,2,2,-27.0157238,-48.61192763,SPRF-SC,DEL04-SC,UOP03-DEL04-SC,2022