id,data_inversa,dia_semana,horario,uf,br,km,municipio,causa_acidente,tipo_acidente,classificacao_acidente,fase_dia,sentido_via,condicao_metereologica,tipo_pista,tracado_via,uso_solo,pessoas,mortos,feridos_leves,feridos_graves,ilesos,ignorados,feridos,veiculos,latitude,longitude,regional,delegacia,uop,ano_arquivo
"481372,0",2022-10-18,terça-feira,07:40:00,SC,101,"212,2",PALHOCA,Acessar a via sem observar a presença dos outros veículos,Colisão lateral mesmo sentido,Com Vítimas Feridas,Pleno dia,Decrescente,Nublado,Múltipla,Reta,Sim,2,0,1,0,1,0,1,2,-27.62996929,-48.65903871,SPRF-SC,DEL01-SC,UOP02-DEL01-SC,2022
"481375,0",2022-10-18,terça-feira,08:00:00,SC,101,"203,5",SAO JOSE,Condutor deixou de manter distância do veículo da frente,Colisão traseira,Com Vítimas Feridas,Pleno dia,Crescente,Céu Claro,Múltipla,Reta,Sim,2,0,0,1,0,1,1,2,-27.5650044,-48.61460082,SPRF-SC,DEL01-SC,UOP01-DEL01-SC,2022
"481383,0",2022-10-18,terça-feira,09:00:00,SC,101,"57,0",ARAQUARI,Objeto estático sobre o leito carroçável,Tombamento,Com Vítimas Feridas,Pleno dia,Decrescente,Chuva,Dupla,Reta,Sim,1,0,1,0,0,0,1,1,-26.43646093,-48.81113029,SPRF-SC,DEL03-SC,UOP01-DEL03-SC,2022
"481396,0",2022-10-18,terça-feira,10:10:00,SC,101,"153,0",PORTO BELO,Avarias e/ou desgaste excessivo no pneu,Queda de ocupante de veículo,Com Vítimas Feridas,Pleno dia,Decrescente,Nublado,Dupla,Reta,Sim,2,0,1,1,0,0,2,1,-27.144717,-48.61063935,SPRF-SC,DEL04-SC,UOP03-DEL04-SC,2022
"481415,0",2022-10-18,terça-feira,10:40:00,SC,282,"528,0",CORDILHEIRA ALTA,Velocidade Incompatível,Saída de leito carroçável,Com Vítimas Feridas,Pleno dia,Decrescente,Chuva,Simples,Curva,Não,1,0,1,0,0,0,1,1,-26.98017843,-52.59013653,SPRF-SC,DEL07-SC,UOP01-DEL07-SC,2022
"481419,0",2022-10-18,terça-feira,11:00:00,SC,282,"312,0",VARGEM,Acumulo de água sobre o pavimento,Capotamento,Com Vítimas Feridas,Pleno dia,Decrescente,Chuva,Simples,Reta,Não,1,0,1,0,0,0,1,1,-27.465483,-50.984238,SPRF-SC,DEL07-SC,UOP06-DEL07-SC,2022
"481427,0",2022-10-18,terça-feira,13:45:00,SC,101,"132,0",BALNEARIO CAMBORIU,Reação tardia ou ineficiente do condutor,Tombamento,Com Vítimas Feridas,Pleno dia,Crescente,Chuva,Múltipla,Reta,Sim,2,0,1,0,1,0,1,2,-26.99654133,-48.65564711,SPRF-SC,DEL04-SC,UOP03-DEL04-SC,2022
"481448,0",2022-10-18,terça-feira,16:00:00,SC,101,"127,8",ITAJAI,Reação tardia ou ineficiente do condutor,Colisão traseira,Com Vítimas Feridas,Pleno dia,Decrescente,Nublado,Dupla,Reta,Sim,2,0,0,1,0,1,1,2,-26.9639319,-48.68328024,SPRF-SC,DEL04-SC,UOP04-DEL04-SC,2022
"481457,0",2022-10-18,terça-feira,18:00:00,SC,282,"535,2",CHAPECO,Acessar a via sem observar a presença dos outros veículos,Colisão transversal,Com Vítimas Feridas,Pleno dia,Decrescente,Garoa/Chuvisco,Simples,Viaduto;Interseção de Vias,Sim,5,0,1,0,4,0,1,2,-26.999666,-52.646403,SPRF-SC,DEL07-SC,UOP01-DEL07-SC,2022
"481461,0",2022-10-18,terça-feira,17:50:00,SC,101,"59,2",ARAQUARI,Velocidade Incompatível,Saída de leito carroçável,Com Vítimas Feridas,Anoitecer,Decrescente,Chuva,Dupla,Declive,Não,1,0,1,0,0,0,1,1,-26.44651734,-48.79426826,SPRF-SC,DEL03-SC,UOP02-DEL03-SC,2022
"481488,0",2022-10-18,terça-feira,19:00:00,SC,101,"136,8",BALNEARIO CAMBORIU,Reação tardia ou ineficiente do condutor,Tombamento,Com Vítimas Feridas,Plena Noite,Crescente,Chuva,Múltipla,Reta,Sim,1,0,1,0,0,0,1,1,-27.008113,-48.617245,SPRF-SC,DEL04-SC,UOP03-DEL04-SC,2022
"481501,0",2022-10-19,quarta-feira,03:00:00,SC,101,"214,7",PALHOCA,Ingestão de álcool pelo condutor,Colisão com objeto,Sem Vítimas,Plena Noite,Crescente,Céu Claro,Simples,Reta,Sim,2,0,0,0,2,0,0,1,-27.64443,-48.67057,SPRF-SC,DEL01-SC,UOP02-DEL01-SC,2022
"481502,0",2022-10-19,quarta-feira,03:11:00,SC,470,"175,0",POUSO REDONDO,Velocidade Incompatível,Capotamento,Sem Vítimas,Pleno dia,Decrescente,Garoa/Chuvisco,Simples,Curva,Não,1,0,0,0,1,0,0,1,-27.25617,-49.938969,SPRF-SC,DEL04-SC,UOP02-DEL04-SC,2022
"481527,0",2022-10-19,quarta-feira,07:00:00,SC,101,"363,0",SANGAO,Reação tardia ou ineficiente do condutor,Colisão com objeto,Com Vítimas Feridas,Pleno dia,Crescente,Nublado,Dupla,Declive,Não,5,0,3,0,2,0,3,1,-28.67634681,-49.12963202,SPRF-SC,DEL02-SC,UOP01-DEL02-SC,2022
"481530,0",2022-10-19,quarta-feira,08:15:00,SC,101,"201,0",SAO JOSE,Ausência de reação do condutor,Colisão lateral mesmo sentido,Com Vítimas Feridas,Amanhecer,Crescente,Nublado,Múltipla,Reta,Sim,2,0,1,0,1,0,1,2,-27.54836599,-48.61977975,SPRF-SC,DEL01-SC,UOP01-DEL01-SC,2022
"481549,0",2022-10-19,quarta-feira,07:10:00,SC,101,"279,0",IMBITUBA,Reação tardia ou ineficiente do condutor,Colisão traseira,Com Vítimas Feridas,Pleno dia,Decrescente,Céu Claro,Dupla,Reta,Não,2,0,1,0,1,0,1,2,-28.17131302,-48.69463482,SPRF-SC,DEL02-SC,UOP03-DEL02-SC,2022
"481573,0",2022-10-19,quarta-feira,11:50:00,SC,470,"4,0",NAVEGANTES,Reação tardia ou ineficiente do condutor,Colisão lateral mesmo sentido,Com Vítimas Feridas,Pleno dia,Decrescente,Céu Claro,Dupla,Reta,Sim,3,0,2,0,1,0,2,3,-26.858473,-48.690788,SPRF-SC,DEL04-SC,UOP04-DEL04-SC,2022
"481588,0",2022-10-19,quarta-feira,14:00:00,SC,470,"53,6",BLUMENAU,Ausência de reação do condutor,Colisão transversal,Com Vítimas Feridas,Pleno dia,Decrescente,Sol,Simples,Interseção de Vias,Não,2,0,1,0,1,0,1,2,-26.867121,-49.102066,SPRF-SC,DEL04-SC,UOP01-DEL04-SC,2022
"481590,0",2022-10-19,quarta-feira,13:05:00,SC,101,"357,0",SANGAO,Ultrapassagem Indevida,Colisão lateral mesmo sentido,Com Vítimas Feridas,Pleno dia,Crescente,Céu Claro,Simples,Reta,Sim,2,0,1,0,1,0,1,2,-28.64522332,-49.10152674,SPRF-SC,DEL02-SC,UOP01-DEL02-SC,2022
"481599,0",2022-10-19,quarta-feira,15:45:00,SC,101,"313,2",LAGUNA,Ausência de reação do condutor,Colisão traseira,Com Vítimas Feridas,Pleno dia,Crescente,Céu Claro,Dupla,Reta;Em Obras;Ponte,Não,2,0,1,0,1,0,1,2,-28.43729867,-48.83633137,SPRF-SC,DEL02-SC,UOP01-DEL02-SC,2022
"481607,0",2022-10-19,quarta-feira,17:22:00,SC,470,"60,0",BLUMENAU,Acessar a via sem observar a presença dos outros veículos,Colisão transversal,Com Vítimas Feridas,Pleno dia,Crescente,Sol,Simples,Reta,Sim,2,0,1,0,1,0,1,2,-26.88138,-49.164543,SPRF-SC,DEL04-SC,UOP01-DEL04-SC,2022
"481634,0",2022-10-19,quarta-feira,19:10:00,SC,282,"390,0",JOACABA,Manobra de mudança de faixa,Colisão lateral mesmo sentido,Sem Vítimas,Anoitecer,Decrescente,Garoa/Chuvisco,Simples,Rotatória,Não,2,0,0,0,2,0,0,2,-27.175066,-51.550556,SPRF-SC,DEL07-SC,UOP05-DEL07-SC,2022
"481663,0",2022-10-19,quarta-feira,23:10:00,SC,101,"135,0",BALNEARIO CAMBORIU,Demais falhas mecânicas ou elétricas,Queda de ocupante de veículo,Com Vítimas Feridas,Plena Noite,Crescente,Céu Claro,Dupla,Reta,Sim,2,0,1,0,1,0,1,1,-27.0050108,-48.62677494,SPRF-SC,DEL04-SC,UOP03-DEL04-SC,2022
"481674,0",2022-10-20,quinta-feira,00:25:00,SC,470,"134,8",RIO DO SUL,Acumulo de areia ou detritos sobre o pavimento,Tombamento,Com Vítimas Feridas,Plena Noite,Decrescente,Nublado,Simples,Rotatória,Não,1,0,1,0,0,0,1,1,-27.17849924,-49.59455431,SPRF-SC,DEL04-SC,UOP02-DEL04-SC,2022
"481679,0",2022-08-20,sábado,03:50:00,SC,101,"311,4",LAGUNA,Desrespeitar a preferência no cruzamento,Colisão frontal,Com Vítimas Fatais,Plena Noite,Crescente,Céu Claro,Simples,Interseção de Vias;Reta,Sim,3,1,2,0,0,0,2,2,-28.44070439,-48.81804943,SPRF-SC,DEL02-SC,UOP01-DEL02-SC,2022
"481684,0",2022-10-19,quarta-feira,22:10:00,SC,101,"253,0",PAULO LOPES,Acessar a via sem observar a presença dos outros veículos,Atropelamento de Pedestre,Com Vítimas Feridas,Plena Noite,Crescente,Céu Claro,Dupla,Reta,Sim,2,0,1,0,1,0,1,2,-27.96492999,-48.67962057,SPRF-SC,DEL02-SC,UOP03-DEL02-SC,2022
"481703,0",2022-10-20,quinta-feira,08:05:00,SC,101,"116,5",ITAJAI,Condutor deixou de manter distância do veículo da frente,Engavetamento,Com Vítimas Feridas,Pleno dia,Crescente,Chuva,Dupla,Reta,Não,5,0,1,0,3,1,1,4,-26.87905605,-48.72603512,SPRF-SC,DEL04-SC,UOP04-DEL04-SC,2022
"481719,0",2022-10-20,quinta-feira,08:10:00,SC,101,"214,0",PALHOCA,Condutor deixou de manter distância do veículo da frente,Colisão lateral mesmo sentido,Com Vítimas Feridas,Pleno dia,Crescente,Céu Claro,Dupla,Reta,Sim,2,0,1,0,1,0,1,2,-27.64443,-48.67057,SPRF-SC,DEL01-SC,UOP02-DEL01-SC,2022
"481746,0",2022-10-20,quinta-feira,12:30:00,SC,280,"116,0",SAO BENTO DO SUL,Reação tardia ou ineficiente do condutor,Saída de leito carroçável,Sem Vítimas,Pleno dia,Crescente,Nublado,Simples,Curva,Não,1,0,0,0,0,1,0,1,-26.2808956,-49.4169527,SPRF-SC,DEL06-SC,UOP03-DEL06-SC,2022
"481755,0",2022-09-27,terça-feira,12:50:00,SC,470,"162,0",TROMBUDO CENTRAL,Transitar na contramão,Colisão frontal,Com Vítimas Feridas,Pleno dia,Decrescente,Sol,Simples,Reta,Não,2,0,2,0,0,0,2,2,-27.282606,-49.817101,SPRF-SC,DEL04-SC,UOP02-DEL04-SC,2022
"481757,0",2022-10-20,quinta-feira,13:30:00,SC,280,"58,6",GUARAMIRIM,Reação tardia ou ineficiente do condutor,Atropelamento de Pedestre,Com Vítimas Feridas,Pleno dia,Crescente,Nublado,Simples,Curva,Sim,2,0,2,0,0,0,2,2,-26.47415593,-49.021211,SPRF-SC,DEL03-SC,UOP03-DEL03-SC,2022
"481758,0",2022-10-20,quinta-feira,12:50:00,SC,101,"98,0",BALNEARIO PICARRAS,Avarias e/ou desgaste excessivo no pneu,Queda de ocupante de veículo,Com Vítimas Feridas,Pleno dia,Crescente,Nublado,Múltipla,Reta,Não,2,0,1,0,1,0,1,1,-26.73760897,-48.69918789,SPRF-SC,DEL03-SC,UOP02-DEL03-SC,2022
"481761,0",2022-10-20,quinta-feira,08:59:00,SC,101,"57,6",ARAQUARI,Velocidade Incompatível,Colisão com objeto,Com Vítimas Feridas,Pleno dia,Decrescente,Nublado,Dupla,Reta,Não,1,0,1,0,0,0,1,1,-26.43794055,-48.804515,SPRF-SC,DEL03-SC,UOP01-DEL03-SC,2022
"481776,0",2022-10-20,quinta-feira,15:45:00,SC,101,"434,5",SOMBRIO,Animais na Pista,Atropelamento de Animal,Com Vítimas Feridas,Pleno dia,Crescente,Nublado,Múltipla,Reta,Sim,1,0,1,0,0,0,1,1,-29.09952699,-49.63451385,SPRF-SC,DEL02-SC,UOP02-DEL02-SC,2022
"481781,0",2022-10-20,quinta-feira,15:20:00,SC,101,"58,0",ARAQUARI,Avarias e/ou desgaste excessivo no pneu,Tombamento,Com Vítimas Feridas,Pleno dia,Decrescente,Nublado,Dupla,Reta,Não,2,0,1,0,1,0,1,1,-26.44025049,-48.80129043,SPRF-SC,DEL03-SC,UOP02-DEL03-SC,2022
"481798,0",2022-10-20,quinta-feira,18:10:00,SC,101,"206,0",SAO JOSE,Ausência de reação do condutor,Colisão lateral mesmo sentido,Com Vítimas Feridas,Anoitecer,Crescente,Garoa/Chuvisco,Múltipla,Reta,Sim,2,0,1,0,1,0,1,2,-27.59193546,-48.61824557,SPRF-SC,DEL01-SC,UOP01-DEL01-SC,2022
"481803,0",2022-10-20,quinta-feira,19:00:00,SC,101,"25,0",JOINVILLE,Reação tardia ou ineficiente do condutor,Colisão transversal,Sem Vítimas,Plena Noite,Crescente,Céu Claro,Dupla,Reta,Sim,6,0,0,0,6,0,0,3,-26.1834739,-48.9105912,SPRF-SC,DEL03-SC,UOP01-DEL03-SC,2022
"481809,0",2022-10-20,quinta-feira,17:40:00,SC,470,"4,0",NAVEGANTES,Ingestão de álcool pelo condutor,Colisão traseira,Sem Vítimas,Anoitecer,Crescente,Nevoeiro/Neblina,Dupla,Em Obras;Desvio Temporário;Reta,Não,2,0,0,0,2,0,0,2,-26.858473,-48.690788,SPRF-SC,DEL04-SC,UOP04-DEL04-SC,2022
"481835,0",2022-10-20,quinta-feira,17:00:00,SC,101,"158,0",PORTO BELO,Acessar a via sem observar a presença dos outros veículos,Colisão traseira,Com Vítimas Feridas,Pleno dia,Decrescente,Nublado,Dupla,Reta,Sim,2,0,0,1,1,0,1,2,-27.19096301,-48.61259017,SPRF-SC,DEL04-SC,UOP03-DEL04-SC,2022
"481836,0",2022-10-20,quinta-feira,19:45:00,SC,101,"118,0",ITAJAI,Condutor deixou de manter distância do veículo da frente,Colisão traseira,Com Vítimas Feridas,Plena Noite,Crescente,Garoa/Chuvisco,Dupla,Reta,Sim,2,0,1,0,1,0,1,2,-26.895859,-48.71903,SPRF-SC,DEL04-SC,UOP04-DEL04-SC,2022
"481842,0",2022-10-20,quinta-feira,21:38:00,SC,101,"202,3",SAO JOSE,Ingestão de álcool pelo condutor,Saída de leito carroçável,Sem Vítimas,Plena Noite,Crescente,Céu Claro,Simples,Reta,Sim,1,0,0,0,1,0,0,1,-27.55711595,-48.61897889,SPRF-SC,DEL01-SC,UOP01-DEL01-SC,2022
"481874,0",2022-10-20,quinta-feira,19:30:00,SC,101,"118,0",ITAJAI,Condutor deixou de manter distância do veículo da frente,Colisão traseira,Com Vítimas Feridas,Plena Noite,Decrescente,Céu Claro,Dupla,Reta,Sim,2,0,1,0,1,0,1,2,-26.895859,-48.71903,SPRF-SC,DEL04-SC,UOP04-DEL04-SC,2022
"481875,0",2022-10-20,quinta-feira,23:40:00,SC,101,"138,0",BALNEARIO CAMBORIU,Ausência de reação do condutor,Tombamento,Com Vítimas Feridas,Plena Noite,Crescente,Garoa/Chuvisco,Dupla,Reta,Sim,1,0,1,0,0,0,1,1,-27.02397426,-48.60761649,SPRF-SC,DEL04-SC,UOP03-DEL04-SC,2022
"481877,0",2022-10-20,quinta-feira,23:10:00,SC,101,"42,6",JOINVILLE,Pedestre andava na pista,Colisão transversal,Com Vítimas Fatais,Plena Noite,Crescente,Nublado,Múltipla,Reta,Sim,4,1,0,0,1,2,0,4,-26.32946067,-48.8629818,SPRF-SC,DEL03-SC,UOP01-DEL03-SC,2022
"481902,0",2022-10-21,sexta-feira,07:50:00,SC,282,"1,0",FLORIANOPOLIS,Reação tardia ou ineficiente do condutor,Colisão lateral mesmo sentido,Com Vítimas Feridas,Pleno dia,Decrescente,Nublado,Múltipla,Reta,Sim,2,0,1,0,1,0,1,2,-27.602955,-48.580509,SPRF-SC,DEL01-SC,UOP01-DEL01-SC,2022
"481911,0",2022-10-21,sexta-feira,06:20:00,SC,282,"578,0",PINHALZINHO,Desrespeitar a preferência no cruzamento,Colisão transversal,Com Vítimas Feridas,Pleno dia,Decrescente,Chuva,Simples,Rotatória,Sim,2,0,1,0,1,0,1,2,-26.852706,-52.980415,SPRF-SC,DEL07-SC,UOP02-DEL07-SC,2022
"481927,0",2022-10-21,sexta-feira,08:00:00,SC,101,"148,0",ITAPEMA,Acessar a via sem observar a presença dos outros veículos,Saída de leito carroçável,Com Vítimas Feridas,Pleno dia,Crescente,Céu Claro,Simples,Reta,Sim,2,0,1,0,0,1,1,2,-27.1008079,-48.61852527,SPRF-SC,DEL04-SC,UOP03-DEL04-SC,2022
"481948,0",2022-10-21,sexta-feira,08:20:00,SC,163,"95,1",GUARACIABA,Ausência de reação do condutor,Tombamento,Com Vítimas Feridas,Pleno dia,Decrescente,Nublado,Simples,Em Obras,Não,1,0,1,0,0,0,1,1,-26.52522398,-53.51935936,SPRF-SC,DEL07-SC,UOP03-DEL07-SC,2022
"481977,0",2022-10-06,quinta-feira,05:15:00,SC,280,"54,0",GUARAMIRIM,Iluminação deficiente,Colisão transversal,Com Vítimas Feridas,Amanhecer,Crescente,Chuva,Dupla,Reta,Sim,2,0,0,1,1,0,1,2,-26.47547099,-48.98797274,SPRF-SC,DEL03-SC,UOP03-DEL03-SC,2022
"481988,0",2022-10-21,sexta-feira,10:45:00,SC,282,"386,0",JOACABA,Ingestão de álcool pelo condutor,Saída de leito carroçável,Com Vítimas Feridas,Pleno dia,Decrescente,Garoa/Chuvisco,Simples,Declive,Não,1,0,0,1,0,0,1,1,-27.19342,-51.516783,SPRF-SC,DEL07-SC,UOP05-DEL07-SC,2022
"481990,0",2022-10-21,sexta-feira,13:50:00,SC,101,"132,3",BALNEARIO CAMBORIU,Condutor deixou de manter distância do veículo da frente,Colisão traseira,Com Vítimas Feridas,Pleno dia,Crescente,Céu Claro,Dupla,Reta,Não,2,0,0,1,1,0,1,2,-26.99654133,-48.65564711,SPRF-SC,DEL04-SC,UOP03-DEL04-SC,2022
"481999,0",2022-10-21,sexta-feira,15:20:00,SC,101,"201,3",SAO JOSE,Ausência de reação do condutor,Atropelamento de Pedestre,Com Vítimas Feridas,Pleno dia,Crescente,Céu Claro,Simples,Reta,Sim,2,0,0,1,1,0,1,2,-27.54836599,-48.61977975,SPRF-SC,DEL01-SC,UOP01-DEL01-SC,2022
"482050,0",2022-10-21,sexta-feira,17:00:00,SC,282,"662,0",PARAISO,Reação tardia ou ineficiente do condutor,Saída de leito carroçável,Com Vítimas Feridas,Anoitecer,Decrescente,Céu Claro,Simples,Curva,Não,1,0,0,1,0,0,1,1,-26.6697036,-53.59869003,SPRF-SC,DEL07-SC,UOP03-DEL07-SC,2022
"482051,0",2022-10-21,sexta-feira,17:30:00,SC,101,"206,0",SAO JOSE,Chuva,Colisão traseira,Com Vítimas Feridas,Pleno dia,Decrescente,Chuva,Dupla,Reta,Sim,3,0,1,0,2,0,1,3,-27.59193546,-48.61824557,SPRF-SC,DEL01-SC,UOP01-DEL01-SC,2022
"482062,0",2022-10-21,sexta-feira,18:50:00,SC,470,"48,6",BLUMENAU,Demais falhas na via,Tombamento,Com Vítimas Feridas,Plena Noite,Decrescente,Nublado,Dupla,Reta,Sim,1,0,1,0,0,0,1,1,-26.859823,-49.055393,SPRF-SC,DEL04-SC,UOP01-DEL04-SC,2022
"482093,0",2022-10-21,sexta-feira,19:30:00,SC,101,"406,8",ARARANGUA,Demais falhas mecânicas ou elétricas,Colisão com objeto,Com Vítimas Feridas,Plena Noite,Crescente,Chuva,Dupla,Reta,Não,1,0,1,0,0,0,1,1,-28.89284011,-49.46880088,SPRF-SC,DEL02-SC,UOP02-DEL02-SC,2022
"482095,0",2022-10-21,sexta-feira,17:10:00,SC,101,"19,9",JOINVILLE,Ausência de reação do condutor,Atropelamento de Pedestre,Com Vítimas Feridas,Pleno dia,Crescente,Céu Claro,Simples,Viaduto,Não,2,0,1,0,0,1,1,2,-26.13376586,-48.89661416,SPRF-SC,DEL03-SC,UOP01-DEL03-SC,2022
"482099,0",2022-10-21,sexta-feira,13:45:00,SC,280,"27,8",ARAQUARI,Condutor deixou de manter distância do veículo da frente,Colisão traseira,Com Vítimas Feridas,Pleno dia,Crescente,Nublado,Simples,Reta,Não,2,0,1,0,1,0,1,2,-26.39685622,-48.74021969,SPRF-SC,DEL03-SC,UOP03-DEL03-SC,2022
"482111,0",2022-10-21,sexta-feira,23:00:00,SC,116,"210,7",PONTE ALTA,Velocidade Incompatível,Saída de leito carroçável,Sem Vítimas,Plena Noite,Decrescente,Nublado,Simples,Aclive;Reta,Não,1,0,0,0,0,1,0,1,-27.50816995,-50.36539572,SPRF-SC,DEL05-SC,UOP03-DEL05-SC,2022
"482114,0",2022-10-21,sexta-feira,23:10:00,SC,101,"151,0",ITAPEMA,Ausência de reação do condutor,Tombamento,Sem Vítimas,Plena Noite,Crescente,Garoa/Chuvisco,Simples,Reta,Sim,1,0,0,0,1,0,0,1,-27.126536,-48.609642,SPRF-SC,DEL04-SC,UOP03-DEL04-SC,2022
"482137,0",2022-10-22,sábado,03:50:00,SC,116,"248,0",LAGES,Ingestão de álcool pelo condutor,Capotamento,Com Vítimas Feridas,Plena Noite,Decrescente,Céu Claro,Simples,Reta,Sim,1,0,1,0,0,0,1,1,-27.81994481,-50.37454423,SPRF-SC,DEL05-SC,UOP02-DEL05-SC,2022
"482152,0",2022-10-22,sábado,06:00:00,SC,470,"68,0",INDAIAL,Desrespeitar a preferência no cruzamento,Colisão transversal,Com Vítimas Feridas,Amanhecer,Decrescente,Nublado,Simples,Interseção de Vias,Sim,2,0,1,0,1,0,1,2,-26.877615,-49.239231,SPRF-SC,DEL04-SC,UOP01-DEL04-SC,2022
"482187,0",2022-10-22,sábado,10:30:00,SC,101,"119,0",ITAJAI,Condutor deixou de manter distância do veículo da frente,Colisão traseira,Com Vítimas Feridas,Pleno dia,Crescente,Céu Claro,Dupla,Reta,Sim,2,0,1,0,1,0,1,2,-26.9043179,-48.71555481,SPRF-SC,DEL04-SC,UOP04-DEL04-SC,2022
"482190,0",2022-10-22,sábado,09:25:00,SC,101,"282,5",IMBITUBA,Reação tardia ou ineficiente do condutor,Colisão traseira,Com Vítimas Feridas,Pleno dia,Crescente,Nublado,Múltipla,Interseção de Vias,Sim,2,0,1,0,1,0,1,2,-28.215207,-48.700566,SPRF-SC,DEL02-SC,UOP03-DEL02-SC,2022
"482207,0",2022-10-22,sábado,09:00:00,SC,116,"53,0",PAPANDUVA,Conversão proibida,Colisão transversal,Com Vítimas Fatais,Pleno dia,Decrescente,Céu Claro,Simples,Aclive;Reta,Não,2,1,1,0,0,0,1,2,-26.3932492,-50.15515026,SPRF-SC,DEL06-SC,UOP01-DEL06-SC,2022
"482211,0",2022-10-22,sábado,10:15:00,SC,282,"354,3",CAMPOS NOVOS,Reação tardia ou ineficiente do condutor,Saída de leito carroçável,Com Vítimas Feridas,Pleno dia,Decrescente,Céu Claro,Simples,Curva,Não,1,0,1,0,0,0,1,1,-27.35796,-51.330452,SPRF-SC,DEL07-SC,UOP06-DEL07-SC,2022
"482214,0",2022-10-22,sábado,13:30:00,SC,282,"69,0",RANCHO QUEIMADO,Velocidade Incompatível,Tombamento,Com Vítimas Feridas,Pleno dia,Decrescente,Sol,Simples,Curva,Não,2,0,1,1,0,0,2,1,-27.690144,-49.083813,SPRF-SC,DEL01-SC,UOP03-DEL01-SC,2022
"482215,0",2022-10-22,sábado,11:30:00,SC,101,"59,9",ARAQUARI,Reação tardia ou ineficiente do condutor,Tombamento,Com Vítimas Feridas,Pleno dia,Crescente,Céu Claro,Dupla,Reta,Não,1,0,1,0,0,0,1,1,-26.44651734,-48.79426826,SPRF-SC,DEL03-SC,UOP02-DEL03-SC,2022
"482217,0",2022-10-22,sábado,10:50:00,SC,470,"125,0",LONTRAS,Pedestre cruzava a pista fora da faixa,Atropelamento de Pedestre,Com Vítimas Fatais,Pleno dia,Crescente,Sol,Simples,Reta,Sim,2,1,0,0,1,0,0,2,-27.1229469,-49.536318,SPRF-SC,DEL04-SC,UOP02-DEL04-SC,2022
"482218,0",2022-10-22,sábado,11:00:00,SC,280,"36,2",ARAQUARI,Manobra de mudança de faixa,Capotamento,Com Vítimas Feridas,Pleno dia,Decrescente,Céu Claro,Simples,Reta,Não,3,0,2,0,0,1,2,2,-26.44201783,-48.80964363,SPRF-SC,DEL03-SC,UOP03-DEL03-SC,2022
"482243,0",2022-10-22,sábado,15:30:00,SC,101,"213,3",PALHOCA,Ingestão de álcool pelo condutor,Colisão com objeto,Sem Vítimas,Pleno dia,Crescente,Céu Claro,Múltipla,Interseção de Vias,Sim,2,0,0,0,1,1,0,2,-27.63697369,-48.66514142,SPRF-SC,DEL01-SC,UOP02-DEL01-SC,2022
"482256,0",2022-10-22,sábado,16:40:00,SC,101,"27,0",JOINVILLE,Desrespeitar a preferência no cruzamento,Colisão transversal,Com Vítimas Feridas,Pleno dia,Crescente,Céu Claro,Simples,Rotatória,Sim,2,0,1,0,1,0,1,2,-26.20130351,-48.91331794,SPRF-SC,DEL03-SC,UOP01-DEL03-SC,2022
"482257,0",2022-10-22,sábado,15:50:00,SC,101,"166,0",TIJUCAS,Ausência de reação do condutor,Saída de leito carroçável,Com Vítimas Feridas,Pleno dia,Decrescente,Céu Claro,Dupla,Reta,Não,1,0,0,1,0,0,1,1,-27.26147697,-48.63180349,SPRF-SC,DEL04-SC,UOP03-DEL04-SC,2022
"482261,0",2022-10-22,sábado,16:00:00,SC,101,"69,0",ARAQUARI,Ausência de reação do condutor,Saída de leito carroçável,Com Vítimas Feridas,Pleno dia,Decrescente,Céu Claro,Dupla,Reta,Não,1,0,1,0,0,0,1,1,-26.50298009,-48.72814515,SPRF-SC,DEL03-SC,UOP02-DEL03-SC,2022
"482270,0",2022-10-22,sábado,18:10:00,SC,101,"424,8",ARARANGUA,Acessar a via sem observar a presença dos outros veículos,Colisão transversal,Com Vítimas Feridas,Pleno dia,Crescente,Nublado,Simples,Reta,Sim,2,0,1,1,0,0,2,2,-29.01601155,-49.58269226,SPRF-SC,DEL02-SC,UOP02-DEL02-SC,2022
"482290,0",2022-10-22,sábado,18:00:00,SC,101,"437,0",SOMBRIO,Ausência de reação do condutor,Saída de leito carroçável,Com Vítimas Feridas,Pleno dia,Crescente,Nublado,Simples,Curva,Sim,1,0,1,0,0,0,1,1,-29.116756,-49.640408,SPRF-SC,DEL02-SC,UOP02-DEL02-SC,2022
"482306,0",2022-10-22,sábado,21:08:00,SC,470,"57,2",BLUMENAU,Transitar na contramão,Colisão frontal,Com Vítimas Fatais,Plena Noite,Decrescente,Nublado,Simples,Em Obras;Reta,Sim,5,1,0,1,0,3,1,3,-26.88174169,-49.13851976,SPRF-SC,DEL04-SC,UOP01-DEL04-SC,2022
"482316,0",2022-10-22,sábado,22:00:00,SC,470,"130,0",LONTRAS,Ingestão de álcool pelo condutor,Colisão transversal,Com Vítimas Feridas,Plena Noite,Decrescente,Nublado,Simples,Reta,Não,4,0,3,0,1,0,3,2,-27.160365,-49.556487,SPRF-SC,DEL04-SC,UOP02-DEL04-SC,2022
"482322,0",2022-10-22,sábado,19:35:00,SC,101,"357,0",JAGUARUNA,Ausência de reação do condutor,Colisão traseira,Com Vítimas Feridas,Plena Noite,Crescente,Nublado,Simples,Reta,Não,3,0,0,2,1,0,2,2,-28.663033,-49.083505,SPRF-SC,DEL02-SC,UOP01-DEL02-SC,2022
"482323,0",2022-10-22,sábado,19:09:00,SC,282,"431,8",VARGEM BONITA,Transitar na contramão,Colisão frontal,Com Vítimas Fatais,Plena Noite,Decrescente,Céu Claro,Simples,Reta,Não,11,1,0,0,10,0,0,2,-26.979601,-51.805241,SPRF-SC,DEL07-SC,UOP05-DEL07-SC,2022