id,data_inversa,dia_semana,horario,uf,br,km,municipio,causa_acidente,tipo_acidente,classificacao_acidente,fase_dia,sentido_via,condicao_metereologica,tipo_pista,tracado_via,uso_solo,pessoas,mortos,feridos_leves,feridos_graves,ilesos,ignorados,feridos,veiculos,latitude,longitude,regional,delegacia,uop,ano_arquivo
"483481,0",2022-10-28,sexta-feira,19:00:00,SC,280,"4,0",SAO FRANCISCO DO SUL,Retorno proibido,Colisão transversal,Com Vítimas Feridas,Plena Noite,Crescente,Nublado,Simples,Reta,Não,3,0,0,1,2,0,1,3,-26.25329566,-48.61916042,SPRF-SC,DEL03-SC,UOP03-DEL03-SC,2022
"483482,0",2022-10-28,sexta-feira,20:00:00,SC,280,"28,4",ARAQUARI,Conversão proibida,Colisão lateral mesmo sentido,Com Vítimas Feridas,Plena Noite,Decrescente,Nublado,Simples,Reta;Em Obras,Sim,2,0,1,0,1,0,1,2,-26.40450077,-48.74561031,SPRF-SC,DEL03-SC,UOP03-DEL03-SC,2022
"483496,0",2022-10-28,sexta-feira,22:40:00,SC,101,"212,0",PALHOCA,Ausência de reação do condutor,Engavetamento,Com Vítimas Feridas,Plena Noite,Decrescente,Garoa/Chuvisco,Dupla,Reta,Sim,4,0,1,0,1,2,1,4,-27.62996929,-48.65903871,SPRF-SC,DEL01-SC,UOP02-DEL01-SC,2022
"483515,0",2022-10-29,sábado,00:10:00,SC,282,"502,0",XANXERE,Velocidade Incompatível,Saída de leito carroçável,Com Vítimas Feridas,Plena Noite,Crescente,Céu Claro,Dupla,Reta,Não,2,0,2,0,0,0,2,1,-26.884584,-52.390911,SPRF-SC,DEL07-SC,UOP01-DEL07-SC,2022
"483518,0",2022-10-29,sábado,01:20:00,SC,101,"200,0",SAO JOSE,Condutor Dormindo,Colisão com objeto,Com Vítimas Feridas,Plena Noite,Crescente,Céu Claro,Dupla,Aclive;Reta,Sim,1,0,1,0,0,0,1,1,-27.54018513,-48.62287714,SPRF-SC,DEL01-SC,UOP01-DEL01-SC,2022
"483520,0",2022-10-29,sábado,01:00:00,SC,282,"499,7",XANXERE,Ingestão de álcool pelo condutor,Saída de leito carroçável,Com Vítimas Feridas,Plena Noite,Crescente,Céu Claro,Dupla,Aclive;Reta;Interseção de Vias,Não,2,0,1,1,0,0,2,1,-26.880869,-52.363121,SPRF-SC,DEL07-SC,UOP01-DEL07-SC,2022
"483537,0",2022-10-29,sábado,04:33:00,SC,101,"269,0",IMBITUBA,Ingestão de álcool pelo condutor,Saída de leito carroçável,Com Vítimas Feridas,Plena Noite,Crescente,Céu Claro,Múltipla,Curva;Em Obras,Não,3,0,1,0,2,0,1,1,-28.09417595,-48.70917593,SPRF-SC,DEL02-SC,UOP03-DEL02-SC,2022
"483554,0",2022-10-29,sábado,07:20:00,SC,101,"112,0",ITAJAI,Ausência de reação do condutor,Colisão lateral mesmo sentido,Com Vítimas Feridas,Pleno dia,Decrescente,Nublado,Dupla,Declive,Sim,2,0,1,0,1,0,1,2,-26.84589005,-48.72131295,SPRF-SC,DEL04-SC,UOP04-DEL04-SC,2022
"483582,0",2022-10-29,sábado,07:49:00,SC,470,"85,2",RODEIO,Velocidade Incompatível,Saída de leito carroçável,Com Vítimas Feridas,Pleno dia,Decrescente,Nublado,Simples,Reta,Não,2,0,2,0,0,0,2,1,-26.956114,-49.350414,SPRF-SC,DEL04-SC,UOP01-DEL04-SC,2022
"483598,0",2022-10-29,sábado,09:10:00,SC,101,"196,0",BIGUACU,Manobra de mudança de faixa,Colisão com objeto,Com Vítimas Feridas,Pleno dia,Crescente,Nublado,Dupla,Reta,Sim,1,0,1,0,0,0,1,1,-27.51101091,-48.64322292,SPRF-SC,DEL01-SC,UOP01-DEL01-SC,2022
"483614,0",2022-10-29,sábado,10:33:00,SC,280,"107,0",SAO BENTO DO SUL,Ausência de reação do condutor,Capotamento,Sem Vítimas,Pleno dia,Decrescente,Céu Claro,Simples,Reta,Não,1,0,0,0,1,0,0,1,-26.34306695,-49.37560427,SPRF-SC,DEL06-SC,UOP03-DEL06-SC,2022
"483615,0",2022-10-29,sábado,13:00:00,SC,101,"209,0",SAO JOSE,Ultrapassagem Indevida,Colisão lateral mesmo sentido,Com Vítimas Feridas,Pleno dia,Crescente,Céu Claro,Simples,Reta,Sim,2,0,1,0,1,0,1,2,-27.61000542,-48.63895057,SPRF-SC,DEL01-SC,UOP01-DEL01-SC,2022
"483624,0",2022-10-29,sábado,13:25:00,SC,280,"54,0",GUARAMIRIM,Manobra de mudança de faixa,Colisão transversal,Sem Vítimas,Pleno dia,Crescente,Nublado,Dupla,Retorno Regulamentado,Sim,2,0,0,0,2,0,0,2,-26.47539893,-48.983748,SPRF-SC,DEL03-SC,UOP03-DEL03-SC,2022
"483666,0",2022-10-29,sábado,17:10:00,SC,470,"9,9",NAVEGANTES,Acessar a via sem observar a presença dos outros veículos,Colisão transversal,Com Vítimas Feridas,Pleno dia,Crescente,Nublado,Simples,Interseção de Vias,Não,5,0,1,1,3,0,2,2,-26.833693,-48.73724,SPRF-SC,DEL04-SC,UOP04-DEL04-SC,2022
"483670,0",2022-10-29,sábado,12:05:00,SC,282,"389,0",JOACABA,Velocidade Incompatível,Tombamento,Com Vítimas Feridas,Pleno dia,Crescente,Chuva,Dupla,Reta,Sim,1,0,1,0,0,0,1,1,-27.178604,-51.541367,SPRF-SC,DEL07-SC,UOP05-DEL07-SC,2022
"483673,0",2022-10-29,sábado,15:00:00,SC,470,"206,6",PONTE ALTA,Afundamento ou ondulação no pavimento,Saída de leito carroçável,Com Vítimas Feridas,Pleno dia,Crescente,Céu Claro,Simples,Aclive,Não,5,0,1,0,4,0,1,1,-27.294376,-50.184925,SPRF-SC,DEL05-SC,UOP03-DEL05-SC,2022
"483678,0",2022-10-29,sábado,18:20:00,SC,470,"3,0",NAVEGANTES,Ausência de reação do condutor,Colisão lateral mesmo sentido,Com Vítimas Feridas,Anoitecer,Decrescente,Nublado,Dupla,Reta,Sim,2,0,1,0,1,0,1,2,-26.861937,-48.681618,SPRF-SC,DEL04-SC,UOP04-DEL04-SC,2022
"483696,0",2022-10-29,sábado,19:10:00,SC,470,"18,7",ILHOTA,Sinalização mal posicionada,Saída de leito carroçável,Com Vítimas Feridas,Plena Noite,Crescente,Nublado,Simples,Em Obras,Não,1,0,1,0,0,0,1,1,-26.862995,-48.814396,SPRF-SC,DEL04-SC,UOP04-DEL04-SC,2022
"483709,0",2022-10-29,sábado,21:25:00,SC,101,"193,0",BIGUACU,Reação tardia ou ineficiente do condutor,Colisão com objeto,Sem Vítimas,Plena Noite,Crescente,Céu Claro,Dupla,Curva,Sim,1,0,0,0,0,1,0,1,-27.489574,-48.655914,SPRF-SC,DEL01-SC,UOP01-DEL01-SC,2022
"483712,0",2022-10-29,sábado,20:15:00,SC,163,"70,0",SAO MIGUEL DO OESTE,Ingestão de álcool pelo condutor,Colisão com objeto,Com Vítimas Feridas,Plena Noite,Decrescente,Céu Claro,Dupla,Curva,Sim,1,0,0,1,0,0,1,1,-26.73269447,-53.50989819,SPRF-SC,DEL07-SC,UOP03-DEL07-SC,2022
"483720,0",2022-10-29,sábado,21:35:00,SC,101,"40,0",JOINVILLE,Condutor Dormindo,Queda de ocupante de veículo,Com Vítimas Feridas,Plena Noite,Crescente,Nublado,Dupla,Reta;Aclive,Não,1,0,1,0,0,0,1,1,-26.27176094,-48.89468382,SPRF-SC,DEL03-SC,UOP01-DEL03-SC,2022
"483721,0",2022-10-29,sábado,21:30:00,SC,282,"4,6",FLORIANOPOLIS,Frear bruscamente,Colisão com objeto,Sem Vítimas,Plena Noite,Decrescente,Céu Claro,Dupla,Declive,Sim,1,0,0,0,1,0,0,1,-27.592646,-48.604034,SPRF-SC,DEL01-SC,UOP01-DEL01-SC,2022
"483723,0",2022-10-29,sábado,19:43:00,SC,470,"54,0",BLUMENAU,Reação tardia ou ineficiente do condutor,Saída de leito carroçável,Sem Vítimas,Plena Noite,Decrescente,Céu Claro,Simples,Reta,Sim,1,0,0,0,0,1,0,1,-26.871065,-49.110374,SPRF-SC,DEL04-SC,UOP01-DEL04-SC,2022
"483725,0",2022-10-29,sábado,22:00:00,SC,101,"48,0",JOINVILLE,Ingestão de álcool pelo condutor,Saída de leito carroçável,Com Vítimas Feridas,Plena Noite,Crescente,Nublado,Dupla,Curva,Não,1,0,1,0,0,0,1,1,-26.35345909,-48.85867862,SPRF-SC,DEL03-SC,UOP01-DEL03-SC,2022
"483727,0",2022-10-29,sábado,19:30:00,SC,280,"128,3",RIO NEGRINHO,Desrespeitar a preferência no cruzamento,Colisão transversal,Com Vítimas Feridas,Plena Noite,Decrescente,Céu Claro,Simples,Reta;Interseção de Vias;Declive,Sim,6,0,0,2,2,2,2,3,-26.25322069,-49.52970386,SPRF-SC,DEL06-SC,UOP03-DEL06-SC,2022
"483730,0",2022-10-29,sábado,21:15:00,SC,101,"162,0",PORTO BELO,Reação tardia ou ineficiente do condutor,Colisão com objeto,Com Vítimas Feridas,Plena Noite,Crescente,Nublado,Dupla,Reta,Não,1,0,1,0,0,0,1,1,-27.21860648,-48.62572968,SPRF-SC,DEL04-SC,UOP03-DEL04-SC,2022
"483736,0",2022-10-29,sábado,21:00:00,SC,116,"57,6",PAPANDUVA,Ultrapassagem Indevida,Saída de leito carroçável,Sem Vítimas,Plena Noite,Decrescente,Nublado,Simples,Reta,Não,3,0,0,0,3,0,0,1,-26.38204782,-50.18999277,SPRF-SC,DEL06-SC,UOP02-DEL06-SC,2022
"483744,0",2022-10-29,sábado,17:25:00,SC,101,"14,0",GARUVA,Ingestão de álcool pelo condutor,Queda de ocupante de veículo,Com Vítimas Feridas,Pleno dia,Crescente,Chuva,Dupla,Reta,Não,1,0,1,0,0,0,1,1,-26.09803515,-48.86773972,SPRF-SC,DEL03-SC,UOP01-DEL03-SC,2022
"483748,0",2022-10-29,sábado,23:54:00,SC,101,"134,0",BALNEARIO CAMBORIU,Reação tardia ou ineficiente do condutor,Colisão com objeto,Com Vítimas Feridas,Plena Noite,Crescente,Nublado,Múltipla,Reta,Sim,1,0,1,0,0,0,1,1,-27.00218,-48.636433,SPRF-SC,DEL04-SC,UOP03-DEL04-SC,2022
"483778,0",2022-10-30,domingo,01:00:00,SC,101,"137,0",BALNEARIO CAMBORIU,Pedestre andava na pista,Atropelamento de Pedestre,Com Vítimas Feridas,Plena Noite,Crescente,Céu Claro,Dupla,Reta,Não,3,0,0,1,1,1,1,3,-27.0157238,-48.61192763,SPRF-SC,DEL04-SC,UOP03-DEL04-SC,2022
"483786,0",2022-10-30,domingo,04:15:00,SC,282,"605,0",MARAVILHA,Ausência de reação do condutor,Colisão com objeto,Com Vítimas Feridas,Plena Noite,Decrescente,Nublado,Simples,Ponte,Sim,1,0,1,0,0,0,1,1,-26.786951,-53.195248,SPRF-SC,DEL07-SC,UOP02-DEL07-SC,2022
"483795,0",2022-10-30,domingo,00:30:00,SC,101,"317,2",PESCARIA BRAVA,Ingestão de álcool pelo condutor,Saída de leito carroçável,Com Vítimas Feridas,Plena Noite,Crescente,Céu Claro,Dupla,Reta,Sim,2,0,1,0,0,1,1,2,-28.42884521,-48.86929035,SPRF-SC,DEL02-SC,UOP01-DEL02-SC,2022
"483807,0",2022-10-30,domingo,05:30:00,SC,282,"581,0",PINHALZINHO,Pedestre andava na pista,Atropelamento de Pedestre,Com Vítimas Feridas,Amanhecer,Decrescente,Nublado,Dupla,Reta,Não,5,0,1,0,4,0,1,2,-26.828749,-52.997929,SPRF-SC,DEL07-SC,UOP02-DEL07-SC,2022
"483843,0",2022-10-30,domingo,10:40:00,SC,101,"212,7",PALHOCA,Condutor deixou de manter distância do veículo da frente,Tombamento,Com Vítimas Feridas,Pleno dia,Crescente,Céu Claro,Múltipla,Reta,Sim,2,0,0,1,1,0,1,2,-27.62996929,-48.65903871,SPRF-SC,DEL01-SC,UOP02-DEL01-SC,2022
"483855,0",2022-10-30,domingo,11:40:00,SC,101,"206,9",SAO JOSE,Ausência de reação do condutor,Colisão lateral mesmo sentido,Com Vítimas Feridas,Pleno dia,Crescente,Sol,Múltipla,Reta,Sim,4,0,2,0,2,0,2,3,-27.59193546,-48.61824557,SPRF-SC,DEL01-SC,UOP01-DEL01-SC,2022
"483856,0",2022-10-30,domingo,10:45:00,SC,282,"101,0",ALFREDO WAGNER,Demais falhas mecânicas ou elétricas,Tombamento,Com Vítimas Feridas,Pleno dia,Decrescente,Sol,Simples,Curva,Não,2,0,2,0,0,0,2,1,-27.694626,-49.305317,SPRF-SC,DEL01-SC,UOP03-DEL01-SC,2022
"483866,0",2022-10-30,domingo,12:30:00,SC,101,"199,6",SAO JOSE,Condutor deixou de manter distância do veículo da frente,Colisão com objeto,Com Vítimas Feridas,Pleno dia,Decrescente,Céu Claro,Múltipla,Reta;Aclive;Viaduto,Sim,1,0,1,0,0,0,1,1,-27.53413705,-48.63003205,SPRF-SC,DEL01-SC,UOP01-DEL01-SC,2022
"483868,0",2022-10-30,domingo,10:40:00,SC,101,"437,8",SOMBRIO,Demais falhas mecânicas ou elétricas,Tombamento,Com Vítimas Feridas,Pleno dia,Decrescente,Nublado,Dupla,Reta,Não,2,0,2,0,0,0,2,1,-29.116756,-49.640408,SPRF-SC,DEL02-SC,UOP02-DEL02-SC,2022
"483873,0",2022-10-30,domingo,11:20:00,SC,101,"325,0",CAPIVARI DE BAIXO,Condutor deixou de manter distância do veículo da frente,Engavetamento,Com Vítimas Feridas,Pleno dia,Crescente,Sol,Dupla,Reta,Sim,4,0,0,1,3,0,1,3,-28.42516271,-48.93259193,SPRF-SC,DEL02-SC,UOP01-DEL02-SC,2022
"483875,0",2022-10-30,domingo,12:50:00,SC,101,"128,4",BALNEARIO CAMBORIU,Manobra de mudança de faixa,Colisão lateral mesmo sentido,Com Vítimas Feridas,Pleno dia,Decrescente,Sol,Dupla,Curva,Não,2,0,0,1,1,0,1,2,-26.97284292,-48.68299451,SPRF-SC,DEL04-SC,UOP03-DEL04-SC,2022
"483880,0",2022-10-30,domingo,12:45:00,SC,470,"61,5",BLUMENAU,Acessar a via sem observar a presença dos outros veículos,Colisão transversal,Com Vítimas Feridas,Pleno dia,Crescente,Céu Claro,Simples,Reta,Não,4,0,2,0,1,1,2,3,-26.878952,-49.17421,SPRF-SC,DEL04-SC,UOP01-DEL04-SC,2022
"483885,0",2022-10-30,domingo,13:45:00,SC,470,"76,0",INDAIAL,Acessar a via sem observar a presença dos outros veículos,Colisão transversal,Sem Vítimas,Pleno dia,Crescente,Céu Claro,Simples,Reta,Não,2,0,0,0,2,0,0,2,-26.94019439,-49.29232836,SPRF-SC,DEL04-SC,UOP01-DEL04-SC,2022
"483886,0",2022-10-30,domingo,14:00:00,SC,101,"144,0",ITAPEMA,Condutor deixou de manter distância do veículo da frente,Colisão traseira,Sem Vítimas,Pleno dia,Decrescente,Céu Claro,Dupla,Reta,Sim,2,0,0,0,2,0,0,2,-27.0732659,-48.59672716,SPRF-SC,DEL04-SC,UOP03-DEL04-SC,2022
"483899,0",2022-10-30,domingo,11:50:00,SC,470,"89,9",ASCURRA,Conversão proibida,Colisão transversal,Com Vítimas Feridas,Pleno dia,Crescente,Céu Claro,Simples,Reta,Sim,3,0,1,0,2,0,1,2,-26.961573,-49.371918,SPRF-SC,DEL04-SC,UOP01-DEL04-SC,2022
"483903,0",2022-10-30,domingo,12:30:00,SC,101,"305,4",LAGUNA,Desrespeitar a preferência no cruzamento,Colisão transversal,Com Vítimas Feridas,Pleno dia,Crescente,Céu Claro,Múltipla,Reta;Interseção de Vias,Não,8,0,7,1,0,0,8,2,-28.39807,-48.784201,SPRF-SC,DEL02-SC,UOP03-DEL02-SC,2022
"483921,0",2022-10-30,domingo,14:15:00,SC,470,"63,8",INDAIAL,Conversão proibida,Colisão transversal,Com Vítimas Feridas,Pleno dia,Decrescente,Céu Claro,Dupla,Reta,Não,2,0,0,1,1,0,1,2,-26.872396,-49.19228,SPRF-SC,DEL04-SC,UOP01-DEL04-SC,2022
"483922,0",2022-10-30,domingo,16:00:00,SC,101,"133,0",BALNEARIO CAMBORIU,Avarias e/ou desgaste excessivo no pneu,Queda de ocupante de veículo,Com Vítimas Feridas,Pleno dia,Decrescente,Céu Claro,Dupla,Reta,Sim,2,0,2,0,0,0,2,1,-26.99936,-48.64609,SPRF-SC,DEL04-SC,UOP03-DEL04-SC,2022
"483925,0",2022-10-30,domingo,15:20:00,SC,470,"225,5",SAO CRISTOVAO DO SUL,Avarias e/ou desgaste excessivo no pneu,Saída de leito carroçável,Com Vítimas Feridas,Pleno dia,Decrescente,Chuva,Simples,Curva,Não,1,0,1,0,0,0,1,1,-27.32682575,-50.35716534,SPRF-SC,DEL05-SC,UOP03-DEL05-SC,2022
"483947,0",2022-10-29,sábado,20:30:00,SC,282,"218,0",LAGES,Reação tardia ou ineficiente do condutor,Colisão traseira,Sem Vítimas,Plena Noite,Decrescente,Céu Claro,Simples,Reta,Sim,2,0,0,0,2,0,0,2,-27.79161594,-50.26251018,SPRF-SC,DEL05-SC,UOP01-DEL05-SC,2022
"483984,0",2022-10-30,domingo,20:10:00,SC,101,"41,7",JOINVILLE,Acessar a via sem observar a presença dos outros veículos,Colisão lateral mesmo sentido,Sem Vítimas,Plena Noite,Decrescente,Chuva,Dupla,Interseção de Vias,Sim,2,0,0,0,2,0,0,2,-26.28215489,-48.88973081,SPRF-SC,DEL03-SC,UOP01-DEL03-SC,2022
"483987,0",2022-10-30,domingo,19:45:00,SC,101,"312,4",LAGUNA,Ingestão de álcool pelo condutor,Colisão frontal,Com Vítimas Feridas,Plena Noite,Crescente,Garoa/Chuvisco,Simples,Reta,Sim,2,0,0,1,1,0,1,2,-28.433701,-48.806344,SPRF-SC,DEL02-SC,UOP01-DEL02-SC,2022
"483989,0",2022-10-30,domingo,19:45:00,SC,101,"336,0",TUBARAO,Ingestão de álcool pelo condutor,Colisão com objeto,Sem Vítimas,Plena Noite,Decrescente,Céu Claro,Dupla,Reta,Sim,1,0,0,0,0,1,0,1,-28.47311347,-49.02437375,SPRF-SC,DEL02-SC,UOP01-DEL02-SC,2022
"483991,0",2022-10-30,domingo,20:40:00,SC,280,"38,8",ARAQUARI,Chuva,Saída de leito carroçável,Com Vítimas Feridas,Plena Noite,Decrescente,Chuva,Simples,Reta,Não,1,0,1,0,0,0,1,1,-26.44572892,-48.81862707,SPRF-SC,DEL03-SC,UOP03-DEL03-SC,2022
"483996,0",2022-10-30,domingo,19:30:00,SC,101,"303,3",LAGUNA,Ingestão de álcool pelo condutor,Colisão lateral mesmo sentido,Com Vítimas Feridas,Plena Noite,Decrescente,Chuva,Múltipla,Reta,Não,3,0,1,1,1,0,2,2,-28.38480275,-48.77176523,SPRF-SC,DEL02-SC,UOP03-DEL02-SC,2022
"484002,0",2022-10-30,domingo,18:10:00,SC,101,"304,9",LAGUNA,Demais falhas mecânicas ou elétricas,Saída de leito carroçável,Com Vítimas Feridas,Plena Noite,Decrescente,Céu Claro,Dupla,Reta,Não,1,0,1,0,0,0,1,1,-28.35003337,-48.73874187,SPRF-SC,DEL02-SC,UOP03-DEL02-SC,2022
"484003,0",2022-10-30,domingo,23:00:00,SC,101,"138,6",BALNEARIO CAMBORIU,Chuva,Capotamento,Sem Vítimas,Plena Noite,Crescente,Chuva,Dupla,Curva,Sim,1,0,0,0,1,0,0,1,-27.0280887,-48.60600471,SPRF-SC,DEL04-SC,UOP03-DEL04-SC,2022
"484032,0",2022-10-30,domingo,19:20:00,SC,101,"274,0",IMBITUBA,Ausência de reação do condutor,Colisão com objeto,Sem Vítimas,Plena Noite,Decrescente,Nublado,Simples,Reta,Não,1,0,0,0,0,1,0,1,-28.13401968,-48.69181663,SPRF-SC,DEL02-SC,UOP03-DEL02-SC,2022
"484040,0",2022-10-30,domingo,16:50:00,SC,470,"105,0",APIUNA,Velocidade Incompatível,Capotamento,Com Vítimas Feridas,Pleno dia,Decrescente,Nublado,Simples,Curva,Não,1,0,1,0,0,0,1,1,-27.066006,-49.417019,SPRF-SC,DEL04-SC,UOP02-DEL04-SC,2022
"484063,0",2022-10-31,segunda-feira,07:30:00,SC,101,"212,4",PALHOCA,Acessar a via sem observar a presença dos outros veículos,Colisão lateral mesmo sentido,Com Vítimas Feridas,Pleno dia,Decrescente,Céu Claro,Múltipla,Reta,Sim,3,0,2,0,1,0,2,2,-27.62996929,-48.65903871,SPRF-SC,DEL01-SC,UOP02-DEL01-SC,2022
"484074,0",2022-10-31,segunda-feira,06:40:00,SC,280,"121,5",SAO BENTO DO SUL,Ausência de reação do condutor,Engavetamento,Com Vítimas Feridas,Pleno dia,Decrescente,Céu Claro,Simples,Reta,Não,3,0,1,0,2,0,1,3,-26.24420169,-49.46557991,SPRF-SC,DEL06-SC,UOP03-DEL06-SC,2022
"484111,0",2022-10-31,segunda-feira,13:20:00,SC,101,"42,0",JOINVILLE,Velocidade Incompatível,Colisão com objeto,Com Vítimas Feridas,Pleno dia,Decrescente,Chuva,Dupla,Curva,Não,1,0,1,0,0,0,1,1,-26.29251598,-48.88474385,SPRF-SC,DEL03-SC,UOP01-DEL03-SC,2022
"484123,0",2022-10-31,segunda-feira,08:30:00,SC,101,"282,0",IMBITUBA,Velocidade Incompatível,Colisão lateral mesmo sentido,Com Vítimas Feridas,Pleno dia,Decrescente,Nublado,Simples,Reta,Sim,2,0,1,0,1,0,1,2,-28.19626005,-48.69739859,SPRF-SC,DEL02-SC,UOP03-DEL02-SC,2022
"484150,0",2022-10-31,segunda-feira,17:20:00,SC,101,"201,0",SAO JOSE,Acessar a via sem observar a presença dos outros veículos,Colisão transversal,Com Vítimas Feridas,Pleno dia,Decrescente,Céu Claro,Simples,Declive,Sim,4,0,1,2,1,0,3,3,-27.54836599,-48.61977975,SPRF-SC,DEL01-SC,UOP01-DEL01-SC,2022
"484163,0",2022-10-31,segunda-feira,17:45:00,SC,101,"35,0",JOINVILLE,Ingestão de álcool pelo condutor,Colisão com objeto,Sem Vítimas,Anoitecer,Decrescente,Chuva,Dupla,Declive,Não,2,0,0,0,2,0,0,2,-26.2411301,-48.91227415,SPRF-SC,DEL03-SC,UOP01-DEL03-SC,2022
"484175,0",2022-10-31,segunda-feira,15:40:00,SC,282,"584,4",PINHALZINHO,Chuva,Saída de leito carroçável,Com Vítimas Fatais,Pleno dia,Crescente,Chuva,Simples,Curva,Não,2,1,1,0,0,0,1,1,-26.83195979,-53.0211997,SPRF-SC,DEL07-SC,UOP02-DEL07-SC,2022
"484176,0",2022-10-31,segunda-feira,19:20:00,SC,101,"137,0",BALNEARIO CAMBORIU,Transitar na contramão,Colisão frontal,Com Vítimas Feridas,Anoitecer,Crescente,Céu Claro,Múltipla,Declive,Sim,3,0,1,0,1,1,1,3,-27.0157238,-48.61192763,SPRF-SC,DEL04-SC,UOP03-DEL04-SC,2022
"484180,0",2022-10-31,segunda-feira,19:30:00,SC,101,"332,0",TUBARAO,Acessar a via sem observar a presença dos outros veículos,Colisão transversal,Com Vítimas Feridas,Plena Noite,Decrescente,Chuva,Múltipla,Rotatória;Interseção de Vias;Retorno Regulamentado,Sim,2,0,1,0,1,0,1,2,-28.46016431,-48.98968873,SPRF-SC,DEL02-SC,UOP01-DEL02-SC,2022
"484223,0",2022-11-01,terça-feira,04:00:00,SC,282,"84,0",ALFREDO WAGNER,Objeto estático sobre o leito carroçável,Colisão com objeto,Com Vítimas Feridas,Plena Noite,Crescente,Chuva,Simples,Reta,Não,2,0,2,0,0,0,2,1,-27.666992,-49.183552,SPRF-SC,DEL01-SC,UOP03-DEL01-SC,2022
"484234,0",2022-11-01,terça-feira,08:00:00,SC,101,"42,0",JOINVILLE,Reação tardia ou ineficiente do condutor,Tombamento,Com Vítimas Feridas,Pleno dia,Crescente,Chuva,Dupla,Curva,Sim,1,0,0,1,0,0,1,1,-26.3291145,-48.86289597,SPRF-SC,DEL03-SC,UOP01-DEL03-SC,2022
"484239,0",2022-11-01,terça-feira,07:30:00,SC,282,"657,9",SAO MIGUEL DO OESTE,Animais na Pista,Saída de leito carroçável,Com Vítimas Feridas,Pleno dia,Decrescente,Céu Claro,Simples,Curva,Não,1,0,0,1,0,0,1,1,-26.691545,-53.543961,SPRF-SC,DEL07-SC,UOP03-DEL07-SC,2022
"484240,0",2022-11-01,terça-feira,08:20:00,SC,101,"209,1",SAO JOSE,Ausência de reação do condutor,Colisão traseira,Com Vítimas Feridas,Pleno dia,Decrescente,Céu Claro,Dupla,Reta;Interseção de Vias,Sim,2,0,0,1,0,1,1,2,-27.61000542,-48.63895057,SPRF-SC,DEL01-SC,UOP01-DEL01-SC,2022
"484243,0",2022-11-01,terça-feira,07:20:00,SC,470,"140,0",RIO DO SUL,Transitar na contramão,Colisão transversal,Com Vítimas Feridas,Amanhecer,Crescente,Garoa/Chuvisco,Simples,Reta,Sim,2,0,1,0,1,0,1,2,-27.20476474,-49.63945985,SPRF-SC,DEL04-SC,UOP02-DEL04-SC,2022
"484263,0",2022-11-01,terça-feira,09:32:00,SC,101,"98,8",BALNEARIO PICARRAS,Demais falhas mecânicas ou elétricas,Saída de leito carroçável,Com Vítimas Feridas,Pleno dia,Crescente,Nublado,Múltipla,Curva,Sim,3,0,1,0,2,0,1,2,-26.73760897,-48.69918789,SPRF-SC,DEL03-SC,UOP02-DEL03-SC,2022
"484267,0",2022-11-01,terça-feira,13:20:00,SC,101,"221,0",PALHOCA,Demais falhas mecânicas ou elétricas,Queda de ocupante de veículo,Com Vítimas Feridas,Pleno dia,Decrescente,Nublado,Múltipla,Reta,Não,1,0,1,0,0,0,1,1,-27.70012652,-48.66021182,SPRF-SC,DEL01-SC,UOP02-DEL01-SC,2022
"484270,0",2022-11-01,terça-feira,14:25:00,SC,101,"215,0",PALHOCA,Acesso irregular,Colisão transversal,Com Vítimas Feridas,Pleno dia,Decrescente,Céu Claro,Simples,Interseção de Vias,Não,2,0,1,0,1,0,1,2,-27.65184843,-48.67604941,SPRF-SC,DEL01-SC,UOP02-DEL01-SC,2022
"484278,0",2022-11-01,terça-feira,12:30:00,SC,280,"81,0",CORUPA,Ausência de reação do condutor,Tombamento,Com Vítimas Feridas,Pleno dia,Decrescente,Nublado,Simples,Reta,Sim,2,0,2,0,0,0,2,1,-26.44057489,-49.217056,SPRF-SC,DEL06-SC,UOP03-DEL06-SC,2022
"484282,0",2022-11-01,terça-feira,15:30:00,SC,101,"149,0",ITAPEMA,Acessar a via sem observar a presença dos outros veículos,Colisão traseira,Com Vítimas Feridas,Pleno dia,Crescente,Sol,Dupla,Reta,Sim,2,0,2,0,0,0,2,2,-27.1089649,-48.61277586,SPRF-SC,DEL04-SC,UOP03-DEL04-SC,2022
"484296,0",2022-11-01,terça-feira,16:20:00,SC,280,"22,2",ARAQUARI,Obstrução na via,Atropelamento de Pedestre,Com Vítimas Feridas,Pleno dia,Decrescente,Céu Claro,Simples,Reta,Não,3,0,2,0,1,0,2,2,-26.37092616,-48.70204099,SPRF-SC,DEL03-SC,UOP03-DEL03-SC,2022
"484322,0",2022-11-01,terça-feira,20:35:00,SC,101,"112,0",NAVEGANTES,Obstrução na via,Tombamento,Com Vítimas Feridas,Plena Noite,Crescente,Céu Claro,Dupla,Reta;Viaduto,Não,1,0,1,0,0,0,1,1,-26.84589005,-48.72131295,SPRF-SC,DEL04-SC,UOP04-DEL04-SC,2022
"484324,0",2022-11-01,terça-feira,20:30:00,SC,101,"218,0",PALHOCA,Reação tardia ou ineficiente do condutor,Colisão traseira,Sem Vítimas,Pleno dia,Decrescente,Céu Claro,Simples,Reta,Sim,2,0,0,0,2,0,0,2,-27.67824288,-48.66922975,SPRF-SC,DEL01-SC,UOP02-DEL01-SC,2022
"484333,0",2022-11-01,terça-feira,08:00:00,SC,101,"67,0",ARAQUARI,Avarias e/ou desgaste excessivo no pneu,Queda de ocupante de veículo,Com Vítimas Feridas,Plena Noite,Decrescente,Chuva,Múltipla,Reta,Não,2,0,2,0,0,0,2,1,-26.48645,-48.73483602,SPRF-SC,DEL03-SC,UOP02-DEL03-SC,2022