id,data_inversa,dia_semana,horario,uf,br,km,municipio,causa_acidente,tipo_acidente,classificacao_acidente,fase_dia,sentido_via,condicao_metereologica,tipo_pista,tracado_via,uso_solo,pessoas,mortos,feridos_leves,feridos_graves,ilesos,ignorados,feridos,veiculos,latitude,longitude,regional,delegacia,uop,ano_arquivo
"484345,0",2022-11-01,terça-feira,21:35:00,SC,101,"414,7",ARARANGUA,Condutor deixou de manter distância do veículo da frente,Colisão lateral mesmo sentido,Com Vítimas Feridas,Plena Noite,Crescente,Nublado,Simples,Reta,Sim,2,0,2,0,0,0,2,2,-28.95360392,-49.50985011,SPRF-SC,DEL02-SC,UOP02-DEL02-SC,2022
"484358,0",2022-11-02,quarta-feira,03:00:00,SC,101,"43,0",JOINVILLE,Reação tardia ou ineficiente do condutor,Saída de leito carroçável,Sem Vítimas,Plena Noite,Crescente,Garoa/Chuvisco,Dupla,Reta,Sim,1,0,0,0,0,1,0,1,-26.30357106,-48.88225609,SPRF-SC,DEL03-SC,UOP01-DEL03-SC,2022
"484362,0",2022-11-02,quarta-feira,02:48:00,SC,101,"205,0",SAO JOSE,Reação tardia ou ineficiente do condutor,Colisão lateral mesmo sentido,Sem Vítimas,Plena Noite,Decrescente,Céu Claro,Dupla,Reta,Sim,2,0,0,0,1,1,0,2,-27.58313237,-48.61532885,SPRF-SC,DEL01-SC,UOP01-DEL01-SC,2022
"484364,0",2022-11-02,quarta-feira,05:15:00,SC,101,"207,7",SAO JOSE,Velocidade Incompatível,Colisão com objeto,Sem Vítimas,Amanhecer,Crescente,Céu Claro,Múltipla,Curva,Sim,1,0,0,0,0,1,0,1,-27.60001226,-48.6226467,SPRF-SC,DEL01-SC,UOP01-DEL01-SC,2022
"484382,0",2022-10-22,sábado,08:30:00,SC,280,"305,9",PORTO UNIAO,Acessar a via sem observar a presença dos outros veículos,Tombamento,Com Vítimas Feridas,Pleno dia,Decrescente,Céu Claro,Simples,Reta,Sim,3,0,2,0,1,0,2,3,-26.26214968,-51.06394887,SPRF-SC,DEL06-SC,UOP04-DEL06-SC,2022
"484384,0",2022-11-02,quarta-feira,10:15:00,SC,101,"27,0",JOINVILLE,Acessar a via sem observar a presença dos outros veículos,Colisão transversal,Com Vítimas Feridas,Pleno dia,Decrescente,Céu Claro,Simples,Reta;Interseção de Vias,Sim,2,0,1,0,1,0,1,2,-26.19234802,-48.91210384,SPRF-SC,DEL03-SC,UOP01-DEL03-SC,2022
"484417,0",2022-11-02,quarta-feira,16:30:00,SC,282,"3,8",FLORIANOPOLIS,Condutor deixou de manter distância do veículo da frente,Colisão traseira,Sem Vítimas,Pleno dia,Crescente,Céu Claro,Múltipla,Reta,Sim,2,0,0,0,2,0,0,2,-27.600384,-48.599705,SPRF-SC,DEL01-SC,UOP01-DEL01-SC,2022
"484447,0",2022-11-02,quarta-feira,19:40:00,SC,282,"26,0",SANTO AMARO DA IMPERATRIZ,Velocidade Incompatível,Saída de leito carroçável,Com Vítimas Feridas,Plena Noite,Decrescente,Céu Claro,Simples,Reta,Sim,2,0,1,1,0,0,2,1,-27.680267,-48.762482,SPRF-SC,DEL01-SC,UOP03-DEL01-SC,2022
"484458,0",2022-11-02,quarta-feira,04:30:00,SC,470,"35,0",GASPAR,Obstrução na via,Colisão com objeto,Com Vítimas Feridas,Plena Noite,Decrescente,Céu Claro,Simples,Reta,Não,1,0,1,0,0,0,1,1,-26.912857,-48.958965,SPRF-SC,DEL04-SC,UOP01-DEL04-SC,2022
"484488,0",2022-11-03,quinta-feira,02:40:00,SC,101,"6,0",GARUVA,Obstrução na via,Saída de leito carroçável,Com Vítimas Feridas,Plena Noite,Crescente,Chuva,Dupla,Reta,Não,3,0,1,0,2,0,1,1,-26.02692002,-48.86142017,SPRF-SC,DEL03-SC,UOP01-DEL03-SC,2022
"484498,0",2022-11-02,quarta-feira,21:50:00,SC,101,"262,0",GAROPABA,Ingestão de álcool pelo condutor,Colisão com objeto,Com Vítimas Feridas,Plena Noite,Decrescente,Céu Claro,Dupla,Reta,Não,1,0,1,0,0,0,1,1,-28.04050188,-48.71193399,SPRF-SC,DEL02-SC,UOP03-DEL02-SC,2022
"484558,0",2022-11-03,quinta-feira,11:50:00,SC,101,"324,0",CAPIVARI DE BAIXO,Reação tardia ou ineficiente do condutor,Capotamento,Com Vítimas Feridas,Pleno dia,Crescente,Céu Claro,Simples,Declive,Sim,1,0,1,0,0,0,1,1,-28.42890047,-48.92285509,SPRF-SC,DEL02-SC,UOP01-DEL02-SC,2022
"484559,0",2022-11-03,quinta-feira,13:50:00,SC,116,"236,1",CORREIA PINTO,Ausência de reação do condutor,Saída de leito carroçável,Com Vítimas Feridas,Pleno dia,Crescente,Céu Claro,Simples,Reta,Não,1,0,1,0,0,0,1,1,-27.72510848,-50.33599734,SPRF-SC,DEL05-SC,UOP01-DEL05-SC,2022
"484594,0",2022-11-03,quinta-feira,17:10:00,SC,101,"157,0",PORTO BELO,Condutor deixou de manter distância do veículo da frente,Colisão traseira,Sem Vítimas,Pleno dia,Decrescente,Céu Claro,Dupla,Reta,Sim,2,0,0,0,2,0,0,2,-27.181625,-48.6121179,SPRF-SC,DEL04-SC,UOP03-DEL04-SC,2022
"484596,0",2022-11-03,quinta-feira,16:30:00,SC,101,"139,0",BALNEARIO CAMBORIU,Reação tardia ou ineficiente do condutor,Colisão traseira,Com Vítimas Feridas,Pleno dia,Crescente,Céu Claro,Múltipla,Aclive,Não,2,0,1,0,1,0,1,2,-27.02982303,-48.60115006,SPRF-SC,DEL04-SC,UOP03-DEL04-SC,2022
"484625,0",2022-11-03,quinta-feira,15:30:00,SC,101,"253,0",PAULO LOPES,Avarias e/ou desgaste excessivo no pneu,Colisão com objeto,Sem Vítimas,Pleno dia,Decrescente,Nublado,Múltipla,Reta,Não,2,0,0,0,2,0,0,1,-27.96689354,-48.67951334,SPRF-SC,DEL02-SC,UOP03-DEL02-SC,2022
"484626,0",2022-11-03,quinta-feira,19:25:00,SC,101,"214,0",PALHOCA,Manobra de mudança de faixa,Colisão lateral mesmo sentido,Com Vítimas Feridas,Plena Noite,Crescente,Céu Claro,Múltipla,Reta,Sim,2,0,1,0,1,0,1,2,-27.64443,-48.67057,SPRF-SC,DEL01-SC,UOP02-DEL01-SC,2022
"484637,0",2022-11-03,quinta-feira,19:10:00,SC,163,"91,0",GUARACIABA,Sinalização mal posicionada,Colisão frontal,Com Vítimas Feridas,Plena Noite,Crescente,Céu Claro,Simples,Reta;Em Obras;Declive,Não,8,0,1,0,7,0,1,2,-26.55547997,-53.51491928,SPRF-SC,DEL07-SC,UOP03-DEL07-SC,2022
"484644,0",2022-11-03,quinta-feira,22:15:00,SC,101,"216,5",PALHOCA,Acessar a via sem observar a presença dos outros veículos,Colisão lateral mesmo sentido,Com Vítimas Feridas,Plena Noite,Decrescente,Céu Claro,Múltipla,Retorno Regulamentado,Sim,3,0,2,0,1,0,2,2,-27.65981409,-48.67747798,SPRF-SC,DEL01-SC,UOP02-DEL01-SC,2022
"484648,0",2022-10-06,quinta-feira,18:45:00,SC,101,"333,8",TUBARAO,Ingestão de álcool pelo condutor,Colisão traseira,Sem Vítimas,Plena Noite,Decrescente,Nublado,Dupla,Reta,Sim,2,0,0,0,2,0,0,2,-28.46995511,-49.01609302,SPRF-SC,DEL02-SC,UOP01-DEL02-SC,2022
"484654,0",2022-11-03,quinta-feira,22:30:00,SC,470,"139,0",RIO DO SUL,Manobra de mudança de faixa,Colisão lateral mesmo sentido,Com Vítimas Feridas,Plena Noite,Decrescente,Nublado,Dupla,Reta,Sim,3,0,1,0,2,0,1,2,-27.202037,-49.633349,SPRF-SC,DEL04-SC,UOP02-DEL04-SC,2022
"484659,0",2022-11-04,sexta-feira,01:50:00,SC,101,"212,8",PALHOCA,Velocidade Incompatível,Colisão com objeto,Com Vítimas Feridas,Pleno dia,Crescente,Nublado,Múltipla,Reta,Sim,1,0,0,1,0,0,1,1,-27.62996929,-48.65903871,SPRF-SC,DEL01-SC,UOP02-DEL01-SC,2022
"484661,0",2022-11-04,sexta-feira,01:25:00,SC,158,"109,0",CUNHA PORA,Velocidade Incompatível,Saída de leito carroçável,Com Vítimas Feridas,Plena Noite,Crescente,Céu Claro,Simples,Curva,Não,1,0,0,1,0,0,1,1,-26.7665264,-53.2142581,SPRF-SC,DEL07-SC,UOP02-DEL07-SC,2022
"484709,0",2022-11-04,sexta-feira,10:00:00,SC,101,"142,9",ITAPEMA,Velocidade Incompatível,Tombamento,Com Vítimas Feridas,Pleno dia,Decrescente,Céu Claro,Dupla,Reta;Aclive,Não,1,0,0,1,0,0,1,1,-27.056089,-48.599449,SPRF-SC,DEL04-SC,UOP03-DEL04-SC,2022
"484758,0",2022-11-04,sexta-feira,14:00:00,SC,280,"71,8",JARAGUA DO SUL,Condutor deixou de manter distância do veículo da frente,Colisão traseira,Com Vítimas Feridas,Pleno dia,Crescente,Céu Claro,Simples,Reta;Aclive,Sim,2,0,0,1,1,0,1,2,-26.46151693,-49.13480597,SPRF-SC,DEL03-SC,UOP03-DEL03-SC,2022
"484761,0",2022-11-04,sexta-feira,15:00:00,SC,101,"38,5",JOINVILLE,Desrespeitar a preferência no cruzamento,Colisão transversal,Com Vítimas Feridas,Pleno dia,Crescente,Céu Claro,Simples,Interseção de Vias,Sim,2,0,1,0,1,0,1,2,-26.2969162,-48.88401031,SPRF-SC,DEL03-SC,UOP01-DEL03-SC,2022
"484777,0",2022-11-04,sexta-feira,12:30:00,SC,282,"302,9",VARGEM,Transitar na contramão,Colisão frontal,Com Vítimas Feridas,Pleno dia,Decrescente,Céu Claro,Simples,Reta,Não,3,0,0,3,0,0,3,2,-27.505852,-50.926998,SPRF-SC,DEL07-SC,UOP06-DEL07-SC,2022
"484780,0",2022-11-04,sexta-feira,15:48:00,SC,282,"22,1",SANTO AMARO DA IMPERATRIZ,Trafegar com motocicleta (ou similar) entre as faixas,Colisão transversal,Com Vítimas Feridas,Pleno dia,Decrescente,Céu Claro,Simples,Reta,Sim,2,0,0,1,1,0,1,2,-27.688507,-48.72739,SPRF-SC,DEL01-SC,UOP02-DEL01-SC,2022
"484783,0",2022-11-04,sexta-feira,15:15:00,SC,116,"52,0",PAPANDUVA,Conversão proibida,Colisão transversal,Com Vítimas Feridas,Pleno dia,Crescente,Céu Claro,Simples,Reta,Não,2,0,1,0,1,0,1,2,-26.39008273,-50.14576709,SPRF-SC,DEL06-SC,UOP01-DEL06-SC,2022
"484798,0",2022-11-04,sexta-feira,17:15:00,SC,282,"18,0",PALHOCA,Acesso irregular,Colisão transversal,Com Vítimas Feridas,Pleno dia,Crescente,Nublado,Simples,Reta,Sim,2,0,1,0,1,0,1,2,-27.672798,-48.694286,SPRF-SC,DEL01-SC,UOP02-DEL01-SC,2022
"484804,0",2022-11-04,sexta-feira,17:20:00,SC,282,"332,0",CAMPOS NOVOS,Manobra de mudança de faixa,Colisão transversal,Com Vítimas Feridas,Pleno dia,Crescente,Céu Claro,Simples,Reta,Não,2,0,2,0,0,0,2,2,-27.390564,-51.125843,SPRF-SC,DEL07-SC,UOP06-DEL07-SC,2022
"484808,0",2022-11-04,sexta-feira,16:00:00,SC,101,"121,0",ITAJAI,Trafegar com motocicleta (ou similar) entre as faixas,Colisão lateral mesmo sentido,Com Vítimas Feridas,Pleno dia,Decrescente,Céu Claro,Dupla,Reta,Sim,2,0,0,1,1,0,1,2,-26.92103178,-48.70856446,SPRF-SC,DEL04-SC,UOP04-DEL04-SC,2022
"484828,0",2022-11-04,sexta-feira,18:30:00,SC,470,"62,2",INDAIAL,Conversão proibida,Colisão traseira,Com Vítimas Feridas,Anoitecer,Crescente,Nublado,Simples,Reta,Não,2,0,1,0,1,0,1,2,-26.874521,-49.182938,SPRF-SC,DEL04-SC,UOP01-DEL04-SC,2022
"484857,0",2022-11-04,sexta-feira,21:00:00,SC,101,"151,0",ITAPEMA,Pedestre cruzava a pista fora da faixa,Atropelamento de Pedestre,Com Vítimas Feridas,Plena Noite,Crescente,Céu Claro,Dupla,Reta,Sim,2,0,0,1,1,0,1,2,-27.126536,-48.609642,SPRF-SC,DEL04-SC,UOP03-DEL04-SC,2022
"484864,0",2022-11-04,sexta-feira,15:40:00,SC,163,"71,0",SAO MIGUEL DO OESTE,Desrespeitar a preferência no cruzamento,Colisão transversal,Com Vítimas Feridas,Pleno dia,Decrescente,Céu Claro,Dupla,Reta,Sim,2,0,1,0,1,0,1,2,-26.72772401,-53.51281303,SPRF-SC,DEL07-SC,UOP03-DEL07-SC,2022
"484873,0",2022-11-04,sexta-feira,23:00:00,SC,280,"47,8",GUARAMIRIM,Iluminação deficiente,Colisão frontal,Com Vítimas Feridas,Plena Noite,Crescente,Chuva,Simples,Reta,Não,2,0,1,0,1,0,1,2,-26.45353692,-48.917876,SPRF-SC,DEL03-SC,UOP03-DEL03-SC,2022
"484881,0",2022-11-04,sexta-feira,22:40:00,SC,282,"493,4",XANXERE,Ultrapassagem Indevida,Colisão lateral mesmo sentido,Com Vítimas Feridas,Plena Noite,Decrescente,Céu Claro,Simples,Reta,Não,3,0,2,0,1,0,2,2,-26.869814,-52.310135,SPRF-SC,DEL07-SC,UOP01-DEL07-SC,2022
"484882,0",2022-11-04,sexta-feira,19:30:00,SC,280,"245,5",CANOINHAS,Manobra de mudança de faixa,Colisão lateral mesmo sentido,Com Vítimas Feridas,Plena Noite,Crescente,Céu Claro,Simples,Reta,Não,4,0,3,1,0,0,4,2,-26.24263646,-50.49461672,SPRF-SC,DEL06-SC,UOP04-DEL06-SC,2022
"484902,0",2022-11-04,sexta-feira,17:25:00,SC,163,"67,4",SAO MIGUEL DO OESTE,Acessar a via sem observar a presença dos outros veículos,Colisão transversal,Com Vítimas Feridas,Pleno dia,Decrescente,Céu Claro,Dupla,Reta,Sim,2,0,0,1,1,0,1,2,-26.759436,-53.50055292,SPRF-SC,DEL07-SC,UOP03-DEL07-SC,2022
"484908,0",2022-11-05,sábado,04:30:00,SC,101,"338,0",TUBARAO,Ingestão de álcool pelo condutor,Colisão com objeto,Sem Vítimas,Plena Noite,Decrescente,Céu Claro,Simples,Interseção de Vias;Curva,Sim,1,0,0,0,1,0,0,1,-28.485725,-49.03726,SPRF-SC,DEL02-SC,UOP01-DEL02-SC,2022
"484917,0",2022-11-05,sábado,06:15:00,SC,282,"509,6",XANXERE,Afundamento ou ondulação no pavimento,Saída de leito carroçável,Com Vítimas Feridas,Pleno dia,Crescente,Céu Claro,Simples,Reta,Não,1,0,1,0,0,0,1,1,-26.890533,-52.457096,SPRF-SC,DEL07-SC,UOP01-DEL07-SC,2022
"484921,0",2022-10-08,sábado,16:30:00,SC,163,"110,9",GUARUJA DO SUL,Ultrapassagem Indevida,Colisão frontal,Com Vítimas Feridas,Pleno dia,Crescente,Céu Claro,Simples,Reta,Não,2,0,0,1,1,0,1,2,-26.40508001,-53.52431608,SPRF-SC,DEL07-SC,UOP03-DEL07-SC,2022
"484941,0",2022-11-05,sábado,09:15:00,SC,101,"204,0",SAO JOSE,Acessar a via sem observar a presença dos outros veículos,Colisão transversal,Com Vítimas Feridas,Pleno dia,Decrescente,Céu Claro,Múltipla,Interseção de Vias,Sim,3,0,1,0,1,1,1,2,-27.57413014,-48.61363083,SPRF-SC,DEL01-SC,UOP01-DEL01-SC,2022
"484973,0",2022-11-05,sábado,10:20:00,SC,280,"167,3",MAFRA,Reação tardia ou ineficiente do condutor,Colisão com objeto,Com Vítimas Feridas,Pleno dia,Decrescente,Céu Claro,Simples,Reta;Aclive,Sim,3,0,1,0,2,0,1,2,-26.16857105,-49.81820938,SPRF-SC,DEL06-SC,UOP01-DEL06-SC,2022
"485026,0",2022-11-05,sábado,10:00:00,SC,101,"158,5",PORTO BELO,Reação tardia ou ineficiente do condutor,Colisão transversal,Com Vítimas Feridas,Pleno dia,Decrescente,Céu Claro,Dupla,Reta,Não,3,0,0,2,1,0,2,2,-27.19096301,-48.61259017,SPRF-SC,DEL04-SC,UOP03-DEL04-SC,2022
"485047,0",2022-11-05,sábado,17:20:00,SC,101,"433,2",SOMBRIO,Manobra de mudança de faixa,Colisão lateral mesmo sentido,Com Vítimas Feridas,Pleno dia,Crescente,Nublado,Dupla,Reta,Sim,3,0,1,0,2,0,1,2,-29.08200809,-49.6297237,SPRF-SC,DEL02-SC,UOP02-DEL02-SC,2022
"485050,0",2022-11-05,sábado,17:00:00,SC,470,"22,2",ILHOTA,Velocidade Incompatível,Saída de leito carroçável,Com Vítimas Feridas,Pleno dia,Decrescente,Céu Claro,Dupla,Reta,Não,1,0,1,0,0,0,1,1,-26.880066,-48.836224,SPRF-SC,DEL04-SC,UOP04-DEL04-SC,2022
"485058,0",2022-11-05,sábado,19:10:00,SC,101,"110,3",PENHA,Velocidade Incompatível,Saída de leito carroçável,Com Vítimas Feridas,Plena Noite,Decrescente,Céu Claro,Dupla,Curva,Não,2,0,0,1,1,0,1,1,-26.83477,-48.706151,SPRF-SC,DEL04-SC,UOP04-DEL04-SC,2022
"485063,0",2022-11-05,sábado,15:00:00,SC,101,"49,0",JOINVILLE,Velocidade Incompatível,Saída de leito carroçável,Com Vítimas Feridas,Pleno dia,Decrescente,Céu Claro,Múltipla,Curva,Não,1,0,1,0,0,0,1,1,-26.38205501,-48.85158777,SPRF-SC,DEL03-SC,UOP01-DEL03-SC,2022
"485064,0",2022-11-05,sábado,16:40:00,SC,101,"36,0",JOINVILLE,Avarias e/ou desgaste excessivo no pneu,Colisão com objeto,Com Vítimas Feridas,Pleno dia,Decrescente,Céu Claro,Dupla,Reta,Sim,2,0,2,0,0,0,2,1,-26.24573198,-48.9101069,SPRF-SC,DEL03-SC,UOP01-DEL03-SC,2022
"485066,0",2022-11-05,sábado,19:10:00,SC,101,"40,0",JOINVILLE,Pista esburacada,Tombamento,Com Vítimas Feridas,Plena Noite,Decrescente,Nublado,Dupla,Reta,Não,1,0,1,0,0,0,1,1,-26.31151047,-48.8753736,SPRF-SC,DEL03-SC,UOP01-DEL03-SC,2022
"485088,0",2022-11-06,domingo,00:05:00,SC,282,"455,7",PONTE SERRADA,Pedestre andava na pista,Saída de leito carroçável,Com Vítimas Feridas,Plena Noite,Decrescente,Céu Claro,Simples,Reta,Não,1,0,1,0,0,0,1,1,-26.888617,-51.99427,SPRF-SC,DEL07-SC,UOP04-DEL07-SC,2022
"485089,0",2022-11-06,domingo,00:30:00,SC,282,"645,8",SAO MIGUEL DO OESTE,Ultrapassagem Indevida,Colisão traseira,Com Vítimas Feridas,Plena Noite,Crescente,Céu Claro,Simples,Reta,Não,4,0,1,0,1,2,1,3,-26.765184,-53.487823,SPRF-SC,DEL07-SC,UOP03-DEL07-SC,2022
"485097,0",2022-11-06,domingo,03:30:00,SC,101,"200,3",SAO JOSE,Velocidade Incompatível,Colisão transversal,Com Vítimas Feridas,Plena Noite,Decrescente,Céu Claro,Múltipla,Reta,Não,2,0,0,1,0,1,1,2,-27.54018513,-48.62287714,SPRF-SC,DEL01-SC,UOP01-DEL01-SC,2022
"485104,0",2022-11-06,domingo,04:00:00,SC,101,"282,0",IMBITUBA,Reação tardia ou ineficiente do condutor,Tombamento,Com Vítimas Feridas,Plena Noite,Decrescente,Garoa/Chuvisco,Dupla,Reta,Sim,2,0,2,0,0,0,2,1,-28.19626005,-48.69739859,SPRF-SC,DEL02-SC,UOP03-DEL02-SC,2022
"485107,0",2022-11-06,domingo,04:30:00,SC,280,"49,0",GUARAMIRIM,Reação tardia ou ineficiente do condutor,Colisão com objeto,Sem Vítimas,Plena Noite,Decrescente,Céu Claro,Dupla,Em Obras,Não,1,0,0,0,0,1,0,1,-26.45850039,-48.93692786,SPRF-SC,DEL03-SC,UOP03-DEL03-SC,2022
"485109,0",2022-11-05,sábado,21:15:00,SC,101,"268,5",IMBITUBA,Velocidade Incompatível,Saída de leito carroçável,Com Vítimas Feridas,Plena Noite,Crescente,Garoa/Chuvisco,Dupla,Reta,Não,3,0,1,1,1,0,2,1,-28.09121484,-48.71003151,SPRF-SC,DEL02-SC,UOP03-DEL02-SC,2022
"485115,0",2022-11-06,domingo,05:25:00,SC,116,"141,3",SANTA CECILIA,Ausência de reação do condutor,Colisão traseira,Sem Vítimas,Amanhecer,Decrescente,Céu Claro,Simples,Reta,Sim,2,0,0,0,2,0,0,2,-26.97282394,-50.40309796,SPRF-SC,DEL06-SC,UOP02-DEL06-SC,2022
"485117,0",2022-11-06,domingo,05:50:00,SC,101,"13,0",GARUVA,Condutor Dormindo,Colisão com objeto,Com Vítimas Feridas,Pleno dia,Decrescente,Céu Claro,Dupla,Reta,Não,1,0,1,0,0,0,1,1,-26.08986803,-48.86345096,SPRF-SC,DEL03-SC,UOP01-DEL03-SC,2022
"485154,0",2022-11-06,domingo,09:50:00,SC,101,"79,0",ARAQUARI,Velocidade Incompatível,Colisão traseira,Com Vítimas Feridas,Pleno dia,Crescente,Sol,Dupla,Reta,Não,3,0,2,0,1,0,2,3,-26.58559601,-48.72192112,SPRF-SC,DEL03-SC,UOP02-DEL03-SC,2022
"485156,0",2022-11-06,domingo,10:15:00,SC,282,"4,0",SAO JOSE,Ausência de sinalização,Colisão lateral mesmo sentido,Com Vítimas Feridas,Pleno dia,Crescente,Sol,Dupla,Reta,Sim,2,0,1,0,1,0,1,2,-27.600384,-48.599705,SPRF-SC,DEL01-SC,UOP01-DEL01-SC,2022
"485159,0",2022-11-06,domingo,09:30:00,SC,470,"7,0",NAVEGANTES,Ingestão de álcool pelo condutor,Colisão lateral mesmo sentido,Sem Vítimas,Pleno dia,Crescente,Céu Claro,Simples,Reta;Em Obras,Não,2,0,0,0,2,0,0,2,-26.84499,-48.71505,SPRF-SC,DEL04-SC,UOP04-DEL04-SC,2022
"485161,0",2022-11-06,domingo,10:20:00,SC,470,"27,6",ILHOTA,Ausência de reação do condutor,Saída de leito carroçável,Com Vítimas Feridas,Pleno dia,Decrescente,Sol,Dupla,Curva,Não,2,0,2,0,0,0,2,1,-26.891006,-48.884411,SPRF-SC,DEL04-SC,UOP01-DEL04-SC,2022
"485164,0",2022-11-06,domingo,10:30:00,SC,101,"148,0",ITAPEMA,Acessar a via sem observar a presença dos outros veículos,Colisão transversal,Com Vítimas Feridas,Pleno dia,Decrescente,Sol,Dupla,Reta,Sim,2,0,0,1,1,0,1,2,-27.10123686,-48.61807962,SPRF-SC,DEL04-SC,UOP03-DEL04-SC,2022
"485180,0",2022-11-06,domingo,14:00:00,SC,101,"130,0",BALNEARIO CAMBORIU,Ingestão de álcool pelo condutor,Colisão traseira,Sem Vítimas,Pleno dia,Crescente,Céu Claro,Dupla,Reta,Sim,2,0,0,0,2,0,0,2,-26.98064277,-48.6790679,SPRF-SC,DEL04-SC,UOP03-DEL04-SC,2022
"485190,0",2022-11-06,domingo,16:42:00,SC,101,"90,0",BARRA VELHA,Reação tardia ou ineficiente do condutor,Colisão traseira,Com Vítimas Feridas,Pleno dia,Crescente,Sol,Múltipla,Reta,Sim,2,0,1,0,1,0,1,2,-26.66148503,-48.68866176,SPRF-SC,DEL03-SC,UOP02-DEL03-SC,2022
"485203,0",2022-11-06,domingo,17:10:00,SC,101,"85,7",BARRA VELHA,Trafegar com motocicleta (ou similar) entre as faixas,Colisão lateral mesmo sentido,Com Vítimas Feridas,Pleno dia,Decrescente,Céu Claro,Dupla,Reta,Sim,2,0,1,0,1,0,1,2,-26.62840879,-48.70813584,SPRF-SC,DEL03-SC,UOP02-DEL03-SC,2022
"485241,0",2022-11-06,domingo,16:30:00,SC,101,"138,0",BALNEARIO CAMBORIU,Ausência de reação do condutor,Tombamento,Com Vítimas Feridas,Pleno dia,Crescente,Nublado,Dupla,Reta,Sim,1,0,1,0,0,0,1,1,-27.02397426,-48.60761649,SPRF-SC,DEL04-SC,UOP03-DEL04-SC,2022
"485245,0",2022-11-06,domingo,20:30:00,SC,282,"5,0",SAO JOSE,Reação tardia ou ineficiente do condutor,Colisão traseira,Com Vítimas Feridas,Plena Noite,Decrescente,Garoa/Chuvisco,Múltipla,Reta,Sim,2,0,1,0,1,0,1,2,-27.588425,-48.612919,SPRF-SC,DEL01-SC,UOP01-DEL01-SC,2022
"485250,0",2022-11-06,domingo,21:00:00,SC,101,"207,0",SAO JOSE,Acessar a via sem observar a presença dos outros veículos,Colisão transversal,Com Vítimas Feridas,Plena Noite,Decrescente,Céu Claro,Dupla,Curva,Sim,3,0,2,0,1,0,2,2,-27.60001226,-48.6226467,SPRF-SC,DEL01-SC,UOP01-DEL01-SC,2022
"485255,0",2022-11-06,domingo,21:30:00,SC,282,"218,0",LAGES,Reação tardia ou ineficiente do condutor,Saída de leito carroçável,Com Vítimas Feridas,Plena Noite,Decrescente,Céu Claro,Simples,Rotatória,Sim,1,0,1,0,0,0,1,1,-27.7978183,-50.31123519,SPRF-SC,DEL05-SC,UOP01-DEL05-SC,2022
"485308,0",2022-11-07,segunda-feira,07:10:00,SC,101,"41,0",JOINVILLE,Condutor deixou de manter distância do veículo da frente,Colisão traseira,Com Vítimas Feridas,Pleno dia,Crescente,Céu Claro,Dupla,Aclive;Reta,Não,3,0,1,0,2,0,1,3,-26.28215489,-48.88973081,SPRF-SC,DEL03-SC,UOP01-DEL03-SC,2022
"485318,0",2022-11-07,segunda-feira,07:00:00,SC,153,"94,2",CONCORDIA,Condutor deixou de manter distância do veículo da frente,Colisão traseira,Com Vítimas Feridas,Pleno dia,Crescente,Sol,Simples,Curva,Não,2,0,1,0,1,0,1,2,-27.200716,-51.940483,SPRF-SC,DEL07-SC,UOP04-DEL07-SC,2022
"485320,0",2022-11-07,segunda-feira,05:50:00,SC,153,"104,4",CONCORDIA,Velocidade Incompatível,Capotamento,Com Vítimas Feridas,Pleno dia,Decrescente,Céu Claro,Simples,Curva,Não,1,0,1,0,0,0,1,1,-27.274508,-51.964848,SPRF-SC,DEL07-SC,UOP04-DEL07-SC,2022
"485333,0",2022-11-07,segunda-feira,08:25:00,SC,101,"331,7",TUBARAO,Desrespeitar a preferência no cruzamento,Colisão transversal,Com Vítimas Feridas,Pleno dia,Crescente,Nublado,Simples,Interseção de Vias,Sim,2,0,1,0,1,0,1,2,-28.4661259,-48.99593353,SPRF-SC,DEL02-SC,UOP01-DEL02-SC,2022
"485342,0",2022-11-07,segunda-feira,07:30:00,SC,101,"44,0",JOINVILLE,Condutor deixou de manter distância do veículo da frente,Colisão traseira,Com Vítimas Feridas,Pleno dia,Crescente,Sol,Simples,Reta,Sim,2,0,0,1,1,0,1,2,-26.34596022,-48.85766029,SPRF-SC,DEL03-SC,UOP01-DEL03-SC,2022
"485380,0",2022-11-07,segunda-feira,06:50:00,SC,101,"339,0",TUBARAO,Entrada inopinada do pedestre,Atropelamento de Pedestre,Com Vítimas Feridas,Pleno dia,Crescente,Céu Claro,Simples,Reta,Não,2,0,0,1,1,0,1,2,-28.49351117,-49.04178985,SPRF-SC,DEL02-SC,UOP01-DEL02-SC,2022
"485396,0",2022-11-07,segunda-feira,13:15:00,SC,282,"620,5",IRACEMINHA,Acessar a via sem observar a presença dos outros veículos,Colisão transversal,Com Vítimas Feridas,Pleno dia,Decrescente,Céu Claro,Simples,Curva;Declive,Não,2,0,1,0,1,0,1,2,-26.80358934,-53.31362486,SPRF-SC,DEL07-SC,UOP02-DEL07-SC,2022
"485398,0",2022-11-07,segunda-feira,14:00:00,SC,101,"155,0",PORTO BELO,Objeto estático sobre o leito carroçável,Tombamento,Com Vítimas Feridas,Pleno dia,Decrescente,Sol,Múltipla,Curva,Sim,2,0,2,0,0,0,2,1,-27.16292,-48.61129,SPRF-SC,DEL04-SC,UOP03-DEL04-SC,2022