id,data_inversa,dia_semana,horario,uf,br,km,municipio,causa_acidente,tipo_acidente,classificacao_acidente,fase_dia,sentido_via,condicao_metereologica,tipo_pista,tracado_via,uso_solo,pessoas,mortos,feridos_leves,feridos_graves,ilesos,ignorados,feridos,veiculos,latitude,longitude,regional,delegacia,uop,ano_arquivo
"485410,0",2022-11-07,segunda-feira,17:40:00,SC,280,"23,4",ARAQUARI,Conversão proibida,Colisão transversal,Com Vítimas Feridas,Pleno dia,Crescente,Céu Claro,Simples,Reta,Não,2,0,1,0,1,0,1,2,-26.37146,-48.711887,SPRF-SC,DEL03-SC,UOP03-DEL03-SC,2022
"485417,0",2022-05-19,quinta-feira,15:05:00,SC,116,"17,9",MAFRA,Ausência de reação do condutor,Colisão traseira,Com Vítimas Feridas,Pleno dia,Decrescente,Céu Claro,Simples,Reta,Não,3,0,1,0,2,0,1,2,-26.21754894,-49.8888671,SPRF-SC,DEL06-SC,UOP01-DEL06-SC,2022
"485421,0",2022-11-07,segunda-feira,16:30:00,SC,101,"216,8",PALHOCA,Manobra de mudança de faixa,Colisão lateral mesmo sentido,Sem Vítimas,Pleno dia,Decrescente,Céu Claro,Múltipla,Interseção de Vias;Viaduto;Retorno Regulamentado,Sim,3,0,0,0,2,1,0,3,-27.65981409,-48.67747798,SPRF-SC,DEL01-SC,UOP02-DEL01-SC,2022
"485436,0",2022-11-07,segunda-feira,18:50:00,SC,280,"96,2",CORUPA,Reação tardia ou ineficiente do condutor,Saída de leito carroçável,Com Vítimas Feridas,Plena Noite,Decrescente,Céu Claro,Simples,Curva,Não,1,0,1,0,0,0,1,1,-26.41222834,-49.27628914,SPRF-SC,DEL06-SC,UOP03-DEL06-SC,2022
"485445,0",2022-11-07,segunda-feira,19:40:00,SC,101,"358,2",SANGAO,Ausência de reação do condutor,Saída de leito carroçável,Com Vítimas Feridas,Plena Noite,Decrescente,Chuva,Dupla,Reta,Não,1,0,0,1,0,0,1,1,-28.652223,-49.106223,SPRF-SC,DEL02-SC,UOP01-DEL02-SC,2022
"485447,0",2022-11-07,segunda-feira,21:00:00,SC,470,"102,0",APIUNA,Acessar a via sem observar a presença dos outros veículos,Colisão transversal,Com Vítimas Feridas,Plena Noite,Crescente,Nublado,Simples,Reta,Não,2,0,2,0,0,0,2,2,-27.064774,-49.400704,SPRF-SC,DEL04-SC,UOP02-DEL04-SC,2022
"485450,0",2022-11-07,segunda-feira,21:42:00,SC,470,"55,0",BLUMENAU,Conversão proibida,Colisão traseira,Com Vítimas Feridas,Plena Noite,Crescente,Céu Claro,Simples,Reta,Não,2,0,1,0,1,0,1,2,-26.875601,-49.117992,SPRF-SC,DEL04-SC,UOP01-DEL04-SC,2022
"485453,0",2022-11-07,segunda-feira,19:30:00,SC,116,"137,2",SANTA CECILIA,Ultrapassagem Indevida,Saída de leito carroçável,Com Vítimas Feridas,Plena Noite,Decrescente,Céu Claro,Simples,Curva,Não,1,0,1,0,0,0,1,1,-26.946361,-50.42928293,SPRF-SC,DEL06-SC,UOP02-DEL06-SC,2022
"485454,0",2022-11-07,segunda-feira,21:28:00,SC,101,"206,4",SAO JOSE,Reação tardia ou ineficiente do condutor,Tombamento,Com Vítimas Fatais,Plena Noite,Decrescente,Céu Claro,Múltipla,Reta,Sim,1,1,0,0,0,0,0,1,-27.59441062,-48.61888116,SPRF-SC,DEL01-SC,UOP01-DEL01-SC,2022
"485466,0",2022-11-07,segunda-feira,20:07:00,SC,470,"137,0",RIO DO SUL,Transitar na contramão,Colisão frontal,Com Vítimas Feridas,Plena Noite,Decrescente,Céu Claro,Simples,Reta,Sim,2,0,2,0,0,0,2,2,-27.203201,-49.635063,SPRF-SC,DEL04-SC,UOP02-DEL04-SC,2022
"485473,0",2022-11-08,terça-feira,04:50:00,SC,280,"73,0",JARAGUA DO SUL,Reação tardia ou ineficiente do condutor,Saída de leito carroçável,Com Vítimas Feridas,Amanhecer,Crescente,Céu Claro,Simples,Rotatória,Sim,1,0,1,0,0,0,1,1,-26.47386237,-49.14533794,SPRF-SC,DEL03-SC,UOP03-DEL03-SC,2022
"485488,0",2022-11-08,terça-feira,07:40:00,SC,470,"54,0",BLUMENAU,Ausência de reação do condutor,Colisão transversal,Com Vítimas Feridas,Pleno dia,Decrescente,Sol,Simples,Interseção de Vias,Não,2,0,2,0,0,0,2,2,-26.871065,-49.110374,SPRF-SC,DEL04-SC,UOP01-DEL04-SC,2022
"485516,0",2022-11-08,terça-feira,11:45:00,SC,282,"18,1",PALHOCA,Acessar a via sem observar a presença dos outros veículos,Colisão lateral mesmo sentido,Com Vítimas Feridas,Pleno dia,Crescente,Céu Claro,Simples,Reta,Sim,3,0,0,2,1,0,2,2,-27.672798,-48.694286,SPRF-SC,DEL01-SC,UOP02-DEL01-SC,2022
"485561,0",2022-10-09,domingo,01:45:00,SC,470,"50,4",BLUMENAU,Acessar a via sem observar a presença dos outros veículos,Colisão transversal,Com Vítimas Feridas,Plena Noite,Decrescente,Céu Claro,Dupla,Interseção de Vias,Sim,2,0,1,0,1,0,1,2,-26.859768,-49.074493,SPRF-SC,DEL04-SC,UOP01-DEL04-SC,2022
"485562,0",2022-11-08,terça-feira,17:00:00,SC,470,"122,0",IBIRAMA,Transitar na contramão,Colisão frontal,Com Vítimas Feridas,Pleno dia,Crescente,Nublado,Simples,Curva,Sim,2,0,2,0,0,0,2,2,-27.10038617,-49.5275259,SPRF-SC,DEL04-SC,UOP02-DEL04-SC,2022
"485563,0",2022-11-08,terça-feira,18:00:00,SC,101,"201,0",SAO JOSE,Trafegar com motocicleta (ou similar) entre as faixas,Colisão lateral mesmo sentido,Com Vítimas Feridas,Anoitecer,Decrescente,Nublado,Simples,Reta,Sim,3,0,1,0,2,0,1,3,-27.54836599,-48.61977975,SPRF-SC,DEL01-SC,UOP01-DEL01-SC,2022
"485576,0",2022-11-08,terça-feira,18:10:00,SC,101,"107,0",PENHA,Condutor deixou de manter distância do veículo da frente,Colisão traseira,Com Vítimas Feridas,Anoitecer,Crescente,Nublado,Dupla,Reta;Aclive,Não,3,0,1,0,2,0,1,2,-26.82386792,-48.68820906,SPRF-SC,DEL03-SC,UOP02-DEL03-SC,2022
"485587,0",2022-11-08,terça-feira,19:40:00,SC,101,"192,0",BIGUACU,Ausência de reação do condutor,Colisão traseira,Com Vítimas Feridas,Plena Noite,Decrescente,Céu Claro,Dupla,Reta,Sim,1,0,0,1,0,0,1,1,-27.48443781,-48.64765238,SPRF-SC,DEL01-SC,UOP01-DEL01-SC,2022
"485600,0",2022-11-08,terça-feira,19:43:00,SC,116,"246,8",LAGES,Desrespeitar a preferência no cruzamento,Colisão transversal,Com Vítimas Feridas,Plena Noite,Crescente,Céu Claro,Simples,Reta;Rotatória,Não,3,0,1,0,2,0,1,2,-27.80419942,-50.36509464,SPRF-SC,DEL05-SC,UOP02-DEL05-SC,2022
"485617,0",2022-10-31,segunda-feira,11:26:00,SC,101,"47,0",JOINVILLE,Acessar a via sem observar a presença dos outros veículos,Colisão transversal,Com Vítimas Fatais,Pleno dia,Crescente,Garoa/Chuvisco,Múltipla,Reta,Não,3,1,1,0,0,1,1,3,-26.3677717,-48.8579999,SPRF-SC,DEL03-SC,UOP01-DEL03-SC,2022
"485630,0",2022-11-08,terça-feira,23:30:00,SC,470,"99,0",APIUNA,Acessar a via sem observar a presença dos outros veículos,Colisão transversal,Com Vítimas Feridas,Plena Noite,Crescente,Céu Claro,Dupla,Reta,Sim,2,0,1,0,1,0,1,2,-27.037956,-49.393417,SPRF-SC,DEL04-SC,UOP02-DEL04-SC,2022
"485651,0",2022-11-09,quarta-feira,07:30:00,SC,101,"150,0",ITAPEMA,Acesso irregular,Atropelamento de Pedestre,Com Vítimas Feridas,Pleno dia,Crescente,Céu Claro,Dupla,Reta,Sim,2,0,1,0,0,1,1,2,-27.11744799,-48.60940987,SPRF-SC,DEL04-SC,UOP03-DEL04-SC,2022
"485668,0",2022-11-09,quarta-feira,07:45:00,SC,101,"134,0",BALNEARIO CAMBORIU,Acessar a via sem observar a presença dos outros veículos,Colisão lateral mesmo sentido,Com Vítimas Feridas,Pleno dia,Decrescente,Céu Claro,Simples,Reta,Sim,3,0,1,1,1,0,2,2,-27.00218,-48.636433,SPRF-SC,DEL04-SC,UOP03-DEL04-SC,2022
"485669,0",2022-11-09,quarta-feira,08:29:00,SC,101,"211,0",PALHOCA,Manobra de mudança de faixa,Colisão lateral mesmo sentido,Com Vítimas Feridas,Pleno dia,Decrescente,Céu Claro,Simples,Ponte,Sim,2,0,1,0,1,0,1,2,-27.62329313,-48.65245588,SPRF-SC,DEL01-SC,UOP02-DEL01-SC,2022
"485688,0",2022-11-09,quarta-feira,10:15:00,SC,101,"207,0",SAO JOSE,Acessar a via sem observar a presença dos outros veículos,Tombamento,Com Vítimas Feridas,Pleno dia,Crescente,Céu Claro,Simples,Retorno Regulamentado,Sim,2,0,0,1,1,0,1,2,-27.60001226,-48.6226467,SPRF-SC,DEL01-SC,UOP01-DEL01-SC,2022
"485695,0",2022-11-09,quarta-feira,09:45:00,SC,101,"133,9",BALNEARIO CAMBORIU,Trafegar com motocicleta (ou similar) entre as faixas,Colisão lateral mesmo sentido,Com Vítimas Feridas,Pleno dia,Decrescente,Sol,Dupla,Reta,Sim,4,0,2,1,1,0,3,3,-26.99936,-48.64609,SPRF-SC,DEL04-SC,UOP03-DEL04-SC,2022
"485725,0",2022-11-09,quarta-feira,13:00:00,SC,280,"128,5",RIO NEGRINHO,Acesso irregular,Colisão transversal,Com Vítimas Feridas,Pleno dia,Decrescente,Céu Claro,Simples,Reta,Não,2,0,1,0,1,0,1,2,-26.24317941,-49.51320018,SPRF-SC,DEL06-SC,UOP03-DEL06-SC,2022
"485731,0",2022-11-09,quarta-feira,13:40:00,SC,282,"504,0",XANXERE,Sinalização mal posicionada,Colisão traseira,Sem Vítimas,Pleno dia,Crescente,Céu Claro,Simples,Interseção de Vias,Sim,2,0,0,0,2,0,0,2,-26.884279,-52.408466,SPRF-SC,DEL07-SC,UOP01-DEL07-SC,2022
"485739,0",2022-11-09,quarta-feira,15:20:00,SC,101,"211,8",PALHOCA,Ausência de reação do condutor,Queda de ocupante de veículo,Com Vítimas Feridas,Pleno dia,Decrescente,Céu Claro,Múltipla,Reta,Sim,1,0,1,0,0,0,1,1,-27.62329313,-48.65245588,SPRF-SC,DEL01-SC,UOP02-DEL01-SC,2022
"485747,0",2022-11-09,quarta-feira,14:45:00,SC,101,"148,0",ITAPEMA,Acessar a via sem observar a presença dos outros veículos,Colisão transversal,Com Vítimas Feridas,Pleno dia,Crescente,Céu Claro,Simples,Reta,Sim,3,0,0,1,2,0,1,2,-27.10123686,-48.61807962,SPRF-SC,DEL04-SC,UOP03-DEL04-SC,2022
"485758,0",2022-11-09,quarta-feira,17:21:00,SC,101,"199,0",BIGUACU,Manobra de mudança de faixa,Colisão lateral mesmo sentido,Com Vítimas Feridas,Pleno dia,Crescente,Céu Claro,Dupla,Reta,Sim,2,0,1,0,1,0,1,2,-27.53413705,-48.63003205,SPRF-SC,DEL01-SC,UOP01-DEL01-SC,2022
"485776,0",2022-11-09,quarta-feira,17:40:00,SC,101,"390,4",CRICIUMA,Velocidade Incompatível,Colisão com objeto,Com Vítimas Feridas,Pleno dia,Decrescente,Céu Claro,Múltipla,Curva,Não,1,0,1,0,0,0,1,1,-28.79513029,-49.35435084,SPRF-SC,DEL02-SC,UOP02-DEL02-SC,2022
"485780,0",2022-11-04,sexta-feira,19:15:00,SC,470,"96,9",APIUNA,Reação tardia ou ineficiente do condutor,Colisão traseira,Com Vítimas Feridas,Plena Noite,Crescente,Céu Claro,Simples,Curva,Sim,5,0,2,0,0,3,2,3,-27.020767,-49.371342,SPRF-SC,DEL04-SC,UOP01-DEL04-SC,2022
"485781,0",2022-10-21,sexta-feira,08:30:00,SC,282,"432,0",VARGEM BONITA,Ultrapassagem Indevida,Colisão lateral mesmo sentido,Com Vítimas Feridas,Pleno dia,Crescente,Garoa/Chuvisco,Simples,Reta,Não,2,0,0,1,1,0,1,2,-26.981241,-51.814842,SPRF-SC,DEL07-SC,UOP05-DEL07-SC,2022
"485787,0",2022-11-09,quarta-feira,20:30:00,SC,101,"198,0",BIGUACU,Demais falhas mecânicas ou elétricas,Queda de ocupante de veículo,Com Vítimas Feridas,Plena Noite,Crescente,Nublado,Múltipla,Reta,Não,1,0,1,0,0,0,1,1,-27.52658712,-48.63506019,SPRF-SC,DEL01-SC,UOP01-DEL01-SC,2022
"485791,0",2022-11-09,quarta-feira,19:20:00,SC,282,"578,0",PINHALZINHO,Ingestão de álcool pelo condutor,Colisão frontal,Com Vítimas Feridas,Anoitecer,Decrescente,Céu Claro,Simples,Reta,Sim,3,0,1,0,2,0,1,2,-26.86343376,-52.97401428,SPRF-SC,DEL07-SC,UOP02-DEL07-SC,2022
"485858,0",2022-10-08,sábado,09:30:00,SC,282,"26,0",SANTO AMARO DA IMPERATRIZ,Transitar na contramão,Colisão frontal,Com Vítimas Feridas,Pleno dia,Crescente,Céu Claro,Simples,Curva,Sim,2,0,0,1,1,0,1,2,-27.680267,-48.762482,SPRF-SC,DEL01-SC,UOP03-DEL01-SC,2022
"485865,0",2022-11-10,quinta-feira,09:45:00,SC,101,"30,0",JOINVILLE,Velocidade Incompatível,Colisão traseira,Com Vítimas Feridas,Pleno dia,Decrescente,Céu Claro,Dupla,Aclive;Reta,Não,2,0,0,1,1,0,1,2,-26.216931,-48.91612807,SPRF-SC,DEL03-SC,UOP01-DEL03-SC,2022
"485866,0",2022-11-10,quinta-feira,10:30:00,SC,101,"203,0",SAO JOSE,Manobra de mudança de faixa,Colisão lateral mesmo sentido,Com Vítimas Feridas,Pleno dia,Crescente,Céu Claro,Dupla,Declive;Reta,Não,2,0,1,0,1,0,1,2,-27.5641107,-48.6146548,SPRF-SC,DEL01-SC,UOP01-DEL01-SC,2022
"485885,0",2022-11-10,quinta-feira,12:10:00,SC,101,"134,0",BALNEARIO CAMBORIU,Acessar a via sem observar a presença dos outros veículos,Colisão transversal,Com Vítimas Feridas,Pleno dia,Crescente,Céu Claro,Simples,Reta,Sim,2,0,0,1,1,0,1,2,-27.00218,-48.636433,SPRF-SC,DEL04-SC,UOP03-DEL04-SC,2022
"485906,0",2022-11-10,quinta-feira,15:25:00,SC,101,"207,0",SAO JOSE,Desrespeitar a preferência no cruzamento,Colisão transversal,Com Vítimas Feridas,Pleno dia,Decrescente,Sol,Múltipla,Interseção de Vias,Sim,3,0,2,0,1,0,2,2,-27.60001226,-48.6226467,SPRF-SC,DEL01-SC,UOP01-DEL01-SC,2022
"485911,0",2022-08-15,segunda-feira,06:30:00,SC,282,"16,7",PALHOCA,Mal súbito do condutor,Colisão frontal,Com Vítimas Fatais,Amanhecer,Crescente,Nublado,Simples,Reta,Sim,7,1,1,5,0,0,6,3,-27.664429,-48.68697,SPRF-SC,DEL01-SC,UOP02-DEL01-SC,2022
"485925,0",2022-11-10,quinta-feira,13:30:00,SC,101,"158,0",PORTO BELO,Acessar a via sem observar a presença dos outros veículos,Colisão transversal,Com Vítimas Feridas,Pleno dia,Crescente,Céu Claro,Dupla,Reta,Não,3,0,1,1,1,0,2,2,-27.19096301,-48.61259017,SPRF-SC,DEL04-SC,UOP03-DEL04-SC,2022
"485929,0",2022-11-10,quinta-feira,12:58:00,SC,282,"504,9",XANXERE,Transitar na contramão,Colisão frontal,Com Vítimas Feridas,Pleno dia,Decrescente,Céu Claro,Simples,Reta,Não,3,0,0,1,2,0,1,2,-26.8853589,-52.41448402,SPRF-SC,DEL07-SC,UOP01-DEL07-SC,2022
"485931,0",2022-11-10,quinta-feira,17:50:00,SC,101,"203,0",SAO JOSE,Reação tardia ou ineficiente do condutor,Colisão traseira,Com Vítimas Feridas,Pleno dia,Crescente,Céu Claro,Múltipla,Reta,Sim,2,0,1,0,1,0,1,2,-27.5650044,-48.61460082,SPRF-SC,DEL01-SC,UOP01-DEL01-SC,2022
"485944,0",2022-11-10,quinta-feira,18:50:00,SC,282,"5,0",SAO JOSE,Manobra de mudança de faixa,Colisão lateral mesmo sentido,Com Vítimas Feridas,Anoitecer,Crescente,Céu Claro,Dupla,Reta,Sim,2,0,0,1,1,0,1,2,-27.58796784,-48.61347198,SPRF-SC,DEL01-SC,UOP01-DEL01-SC,2022
"485948,0",2022-11-10,quinta-feira,14:25:00,SC,101,"118,0",ITAJAI,Condutor deixou de manter distância do veículo da frente,Colisão traseira,Com Vítimas Feridas,Pleno dia,Crescente,Céu Claro,Dupla,Reta,Não,2,0,1,0,1,0,1,2,-26.895859,-48.71903,SPRF-SC,DEL04-SC,UOP04-DEL04-SC,2022
"485959,0",2022-11-10,quinta-feira,17:30:00,SC,470,"69,3",INDAIAL,Acessar a via sem observar a presença dos outros veículos,Colisão transversal,Com Vítimas Feridas,Pleno dia,Crescente,Céu Claro,Dupla,Reta;Aclive,Sim,2,0,1,0,1,0,1,2,-26.883745,-49.246704,SPRF-SC,DEL04-SC,UOP01-DEL04-SC,2022
"485960,0",2022-11-10,quinta-feira,17:55:00,SC,470,"70,0",INDAIAL,Acessar a via sem observar a presença dos outros veículos,Colisão transversal,Com Vítimas Feridas,Anoitecer,Crescente,Céu Claro,Simples,Reta,Sim,2,0,1,0,1,0,1,2,-26.889374,-49.254478,SPRF-SC,DEL04-SC,UOP01-DEL04-SC,2022
"485982,0",2022-11-10,quinta-feira,22:24:00,SC,280,"69,1",JARAGUA DO SUL,Retorno proibido,Colisão transversal,Com Vítimas Feridas,Plena Noite,Crescente,Céu Claro,Simples,Reta,Sim,2,0,0,1,1,0,1,2,-26.46803296,-49.11833097,SPRF-SC,DEL03-SC,UOP03-DEL03-SC,2022
"485989,0",2022-11-10,quinta-feira,20:25:00,SC,101,"323,4",PESCARIA BRAVA,Objeto estático sobre o leito carroçável,Tombamento,Com Vítimas Feridas,Plena Noite,Decrescente,Céu Claro,Dupla,Viaduto;Aclive;Curva,Sim,1,0,0,1,0,0,1,1,-28.42789556,-48.91248313,SPRF-SC,DEL02-SC,UOP01-DEL02-SC,2022
"485990,0",2022-11-10,quinta-feira,19:50:00,SC,101,"198,0",BIGUACU,Avarias e/ou desgaste excessivo no pneu,Tombamento,Com Vítimas Feridas,Anoitecer,Decrescente,Céu Claro,Dupla,Reta,Sim,2,0,0,1,1,0,1,1,-27.52658712,-48.63506019,SPRF-SC,DEL01-SC,UOP01-DEL01-SC,2022
"486001,0",2022-11-11,sexta-feira,04:00:00,SC,282,"74,2",ALFREDO WAGNER,Demais falhas mecânicas ou elétricas,Incêndio,Sem Vítimas,Plena Noite,Crescente,Céu Claro,Simples,Curva,Não,1,0,0,0,1,0,0,1,-27.688168,-49.120075,SPRF-SC,DEL01-SC,UOP03-DEL01-SC,2022
"486036,0",2022-11-11,sexta-feira,07:30:00,SC,101,"311,0",LAGUNA,Acessar a via sem observar a presença dos outros veículos,Colisão transversal,Com Vítimas Feridas,Pleno dia,Crescente,Nublado,Simples,Reta,Não,2,0,1,0,1,0,1,2,-28.42531311,-48.80068884,SPRF-SC,DEL02-SC,UOP01-DEL02-SC,2022
"486044,0",2022-11-11,sexta-feira,08:40:00,SC,470,"89,5",ASCURRA,Acessar a via sem observar a presença dos outros veículos,Colisão transversal,Com Vítimas Feridas,Pleno dia,Crescente,Céu Claro,Simples,Retorno Regulamentado,Não,2,0,1,0,1,0,1,2,-26.961573,-49.371918,SPRF-SC,DEL04-SC,UOP01-DEL04-SC,2022
"486063,0",2022-11-11,sexta-feira,10:30:00,SC,470,"174,0",POUSO REDONDO,Acessar a via sem observar a presença dos outros veículos,Colisão transversal,Com Vítimas Feridas,Pleno dia,Decrescente,Garoa/Chuvisco,Simples,Interseção de Vias,Sim,2,0,1,0,1,0,1,2,-27.25659433,-49.936831,SPRF-SC,DEL04-SC,UOP02-DEL04-SC,2022
"486093,0",2022-11-11,sexta-feira,15:00:00,SC,101,"209,7",SAO JOSE,Desrespeitar a preferência no cruzamento,Colisão transversal,Com Vítimas Feridas,Pleno dia,Decrescente,Nublado,Múltipla,Viaduto,Sim,2,0,1,0,1,0,1,2,-27.61000542,-48.63895057,SPRF-SC,DEL01-SC,UOP01-DEL01-SC,2022
"486098,0",2022-11-11,sexta-feira,14:30:00,SC,163,"71,2",SAO MIGUEL DO OESTE,Acessar a via sem observar a presença dos outros veículos,Colisão transversal,Com Vítimas Feridas,Pleno dia,Decrescente,Nublado,Dupla,Reta;Interseção de Vias,Sim,2,0,0,1,1,0,1,2,-26.72651386,-53.51302028,SPRF-SC,DEL07-SC,UOP03-DEL07-SC,2022
"486119,0",2022-11-10,quinta-feira,20:50:00,SC,101,"136,9",BALNEARIO CAMBORIU,Ausência de reação do condutor,Colisão traseira,Com Vítimas Feridas,Plena Noite,Decrescente,Céu Claro,Dupla,Reta,Sim,3,0,0,1,2,0,1,2,-27.008113,-48.617245,SPRF-SC,DEL04-SC,UOP03-DEL04-SC,2022
"486122,0",2022-11-11,sexta-feira,17:05:00,SC,101,"25,0",JOINVILLE,Condutor deixou de manter distância do veículo da frente,Colisão traseira,Com Vítimas Feridas,Pleno dia,Crescente,Chuva,Simples,Reta,Sim,2,0,1,0,1,0,1,2,-26.1834739,-48.9105912,SPRF-SC,DEL03-SC,UOP01-DEL03-SC,2022
"486123,0",2022-11-11,sexta-feira,16:45:00,SC,280,"37,5",ARAQUARI,Acumulo de água sobre o pavimento,Colisão frontal,Com Vítimas Feridas,Pleno dia,Crescente,Chuva,Simples,Curva,Não,3,0,0,1,2,0,1,2,-26.44572892,-48.81862707,SPRF-SC,DEL03-SC,UOP03-DEL03-SC,2022
"486140,0",2022-11-11,sexta-feira,17:55:00,SC,282,"41,0",AGUAS MORNAS,Condutor Dormindo,Colisão frontal,Com Vítimas Feridas,Anoitecer,Decrescente,Garoa/Chuvisco,Simples,Reta,Não,2,0,0,1,1,0,1,2,-27.715973,-48.878979,SPRF-SC,DEL01-SC,UOP03-DEL01-SC,2022
"486143,0",2022-11-11,sexta-feira,18:50:00,SC,101,"194,9",BIGUACU,Trafegar com motocicleta (ou similar) entre as faixas,Tombamento,Com Vítimas Feridas,Plena Noite,Decrescente,Garoa/Chuvisco,Múltipla,Reta,Sim,2,0,1,0,1,0,1,2,-27.49815117,-48.65661236,SPRF-SC,DEL01-SC,UOP01-DEL01-SC,2022
"486158,0",2022-11-11,sexta-feira,18:20:00,SC,282,"373,3",ERVAL VELHO,Transitar na contramão,Colisão lateral sentido oposto,Com Vítimas Feridas,Anoitecer,Decrescente,Nublado,Simples,Curva,Não,4,0,4,0,0,0,4,2,-27.243425,-51.44788,SPRF-SC,DEL07-SC,UOP05-DEL07-SC,2022
"486163,0",2022-11-11,sexta-feira,18:40:00,SC,158,"103,9",CUNHA PORA,Ultrapassagem Indevida,Colisão frontal,Com Vítimas Feridas,Pleno dia,Crescente,Céu Claro,Simples,Aclive;Curva,Não,2,0,0,1,1,0,1,2,-26.85293519,-53.16889316,SPRF-SC,DEL07-SC,UOP02-DEL07-SC,2022
"486170,0",2022-11-11,sexta-feira,20:15:00,SC,101,"208,0",SAO JOSE,Acessar a via sem observar a presença dos outros veículos,Colisão lateral mesmo sentido,Com Vítimas Feridas,Plena Noite,Decrescente,Nublado,Múltipla,Declive;Reta,Sim,3,0,2,0,1,0,2,2,-27.60327979,-48.63201818,SPRF-SC,DEL01-SC,UOP01-DEL01-SC,2022
"486178,0",2022-11-11,sexta-feira,17:55:00,SC,280,"34,0",ARAQUARI,Ausência de reação do condutor,Saída de leito carroçável,Sem Vítimas,Pleno dia,Decrescente,Chuva,Simples,Reta,Não,1,0,0,0,0,1,0,1,-26.42993971,-48.79615614,SPRF-SC,DEL03-SC,UOP03-DEL03-SC,2022
"486179,0",2022-11-11,sexta-feira,21:00:00,SC,101,"119,0",ITAJAI,Manobra de mudança de faixa,Colisão lateral mesmo sentido,Com Vítimas Feridas,Plena Noite,Decrescente,Céu Claro,Dupla,Reta,Sim,3,0,0,1,2,0,1,3,-26.9043179,-48.71555481,SPRF-SC,DEL04-SC,UOP04-DEL04-SC,2022
"486182,0",2022-11-11,sexta-feira,20:00:00,SC,280,"71,0",JARAGUA DO SUL,Reação tardia ou ineficiente do condutor,Saída de leito carroçável,Com Vítimas Feridas,Plena Noite,Decrescente,Garoa/Chuvisco,Simples,Reta,Não,4,0,4,0,0,0,4,1,-26.46151693,-49.13480597,SPRF-SC,DEL03-SC,UOP03-DEL03-SC,2022
"486198,0",2022-11-11,sexta-feira,18:45:00,SC,280,"97,0",SAO BENTO DO SUL,Ausência de reação do condutor,Saída de leito carroçável,Com Vítimas Feridas,Plena Noite,Crescente,Nevoeiro/Neblina,Simples,Curva;Aclive,Não,2,0,1,0,1,0,1,1,-26.37833107,-49.31732124,SPRF-SC,DEL06-SC,UOP03-DEL06-SC,2022
"486199,0",2022-11-11,sexta-feira,22:30:00,SC,101,"205,0",SAO JOSE,Ingestão de álcool pelo condutor,Colisão com objeto,Sem Vítimas,Plena Noite,Decrescente,Céu Claro,Dupla,Reta,Sim,1,0,0,0,1,0,0,1,-27.58313237,-48.61532885,SPRF-SC,DEL01-SC,UOP01-DEL01-SC,2022
"486211,0",2022-11-11,sexta-feira,23:40:00,SC,163,"70,1",SAO MIGUEL DO OESTE,Demais falhas na via,Tombamento,Com Vítimas Feridas,Plena Noite,Crescente,Céu Claro,Simples,Aclive,Sim,1,0,1,0,0,0,1,1,-26.73461723,-53.50680015,SPRF-SC,DEL07-SC,UOP03-DEL07-SC,2022
"486223,0",2022-11-12,sábado,02:35:00,SC,470,"39,9",GASPAR,Condutor deixou de manter distância do veículo da frente,Colisão traseira,Com Vítimas Feridas,Plena Noite,Decrescente,Nublado,Simples,Reta;Interseção de Vias;Aclive,Não,3,0,2,0,1,0,2,2,-26.889574,-48.99094,SPRF-SC,DEL04-SC,UOP01-DEL04-SC,2022
"486226,0",2022-11-12,sábado,04:35:00,SC,470,"52,4",BLUMENAU,Acessar a via sem observar a presença dos outros veículos,Colisão transversal,Com Vítimas Feridas,Amanhecer,Crescente,Nublado,Simples,Reta,Sim,3,0,1,0,0,2,1,3,-26.871065,-49.110374,SPRF-SC,DEL04-SC,UOP01-DEL04-SC,2022
"486245,0",2022-11-12,sábado,06:00:00,SC,101,"213,8",PALHOCA,Velocidade Incompatível,Saída de leito carroçável,Com Vítimas Feridas,Amanhecer,Decrescente,Céu Claro,Múltipla,Reta,Sim,1,0,0,1,0,0,1,1,-27.64366548,-48.66979837,SPRF-SC,DEL01-SC,UOP02-DEL01-SC,2022
"486246,0",2022-11-12,sábado,06:40:00,SC,470,"28,9",GASPAR,Ingestão de álcool pelo condutor,Saída de leito carroçável,Sem Vítimas,Pleno dia,Crescente,Nublado,Dupla,Reta,Não,1,0,0,0,1,0,0,1,-26.89360724,-48.89388084,SPRF-SC,DEL04-SC,UOP01-DEL04-SC,2022
"486248,0",2022-11-12,sábado,05:32:00,SC,101,"213,0",PALHOCA,Manobra de mudança de faixa,Colisão traseira,Sem Vítimas,Amanhecer,Decrescente,Céu Claro,Dupla,Reta,Sim,3,0,0,0,1,2,0,3,-27.63697369,-48.66514142,SPRF-SC,DEL01-SC,UOP02-DEL01-SC,2022
"486254,0",2022-11-12,sábado,06:30:00,SC,282,"83,2",ALFREDO WAGNER,Velocidade Incompatível,Colisão lateral sentido oposto,Com Vítimas Feridas,Pleno dia,Crescente,Nublado,Simples,Curva,Não,3,0,1,0,2,0,1,2,-27.666153,-49.175022,SPRF-SC,DEL01-SC,UOP03-DEL01-SC,2022