id,data_inversa,dia_semana,horario,uf,br,km,municipio,causa_acidente,tipo_acidente,classificacao_acidente,fase_dia,sentido_via,condicao_metereologica,tipo_pista,tracado_via,uso_solo,pessoas,mortos,feridos_leves,feridos_graves,ilesos,ignorados,feridos,veiculos,latitude,longitude,regional,delegacia,uop,ano_arquivo
"486276,0",2022-11-12,sábado,09:40:00,SC,101,"142,5",BALNEARIO CAMBORIU,Ausência de reação do condutor,Colisão traseira,Sem Vítimas,Pleno dia,Crescente,Céu Claro,Dupla,Curva;Declive,Não,3,0,0,0,3,0,0,3,-27.056089,-48.599449,SPRF-SC,DEL04-SC,UOP03-DEL04-SC,2022
"486277,0",2022-11-12,sábado,10:20:00,SC,116,"251,2",LAGES,Transitar na contramão,Colisão frontal,Com Vítimas Feridas,Pleno dia,Decrescente,Céu Claro,Simples,Retorno Regulamentado,Sim,6,0,6,0,0,0,6,2,-27.8465837,-50.37896975,SPRF-SC,DEL05-SC,UOP02-DEL05-SC,2022
"486286,0",2022-11-11,sexta-feira,20:00:00,SC,101,"100,0",BALNEARIO PICARRAS,Transitar na contramão,Colisão frontal,Com Vítimas Feridas,Plena Noite,Crescente,Céu Claro,Simples,Declive,Sim,2,0,1,0,1,0,1,2,-26.75482787,-48.68993675,SPRF-SC,DEL03-SC,UOP02-DEL03-SC,2022
"486296,0",2022-11-12,sábado,12:45:00,SC,470,"0,8",ITAJAI,Ingestão de álcool pelo condutor,Saída de leito carroçável,Sem Vítimas,Pleno dia,Decrescente,Céu Claro,Dupla,Reta,Não,1,0,0,0,1,0,0,1,-26.87743354,-48.66657972,SPRF-SC,DEL04-SC,UOP04-DEL04-SC,2022
"486303,0",2022-11-12,sábado,14:00:00,SC,101,"143,0",ITAPEMA,Condutor deixou de manter distância do veículo da frente,Colisão traseira,Com Vítimas Feridas,Pleno dia,Decrescente,Céu Claro,Dupla,Reta,Sim,3,0,1,0,2,0,1,2,-27.06436,-48.59599405,SPRF-SC,DEL04-SC,UOP03-DEL04-SC,2022
"486313,0",2022-11-12,sábado,14:20:00,SC,282,"172,0",BOCAINA DO SUL,Demais falhas mecânicas ou elétricas,Tombamento,Com Vítimas Feridas,Pleno dia,Crescente,Céu Claro,Simples,Reta,Não,1,0,1,0,0,0,1,1,-27.742331,-49.862782,SPRF-SC,DEL05-SC,UOP01-DEL05-SC,2022
"486314,0",2022-11-12,sábado,14:25:00,SC,282,"222,5",LAGES,Ingestão de álcool pelo condutor,Saída de leito carroçável,Com Vítimas Feridas,Pleno dia,Crescente,Céu Claro,Simples,Curva;Aclive,Não,1,0,1,0,0,0,1,1,-27.797739,-50.353409,SPRF-SC,DEL05-SC,UOP01-DEL05-SC,2022
"486323,0",2022-11-12,sábado,15:35:00,SC,101,"142,0",BALNEARIO CAMBORIU,Manobra de mudança de faixa,Colisão traseira,Com Vítimas Feridas,Pleno dia,Crescente,Céu Claro,Simples,Reta,Não,2,0,0,1,1,0,1,2,-27.056089,-48.599449,SPRF-SC,DEL04-SC,UOP03-DEL04-SC,2022
"486347,0",2022-10-07,sexta-feira,15:45:00,SC,282,"273,0",SAO JOSE DO CERRITO,Velocidade Incompatível,Saída de leito carroçável,Com Vítimas Feridas,Pleno dia,Crescente,Ignorado,Simples,Curva,Não,1,0,1,0,0,0,1,1,-27.6142159,-50.71694613,SPRF-SC,DEL05-SC,UOP02-DEL05-SC,2022
"486363,0",2022-11-12,sábado,18:00:00,SC,470,"64,3",INDAIAL,Ingestão de álcool pelo condutor,Colisão traseira,Com Vítimas Feridas,Pleno dia,Crescente,Céu Claro,Simples,Reta,Não,5,0,0,3,2,0,3,3,-26.869867,-49.201859,SPRF-SC,DEL04-SC,UOP01-DEL04-SC,2022
"486379,0",2022-11-12,sábado,16:00:00,SC,101,"282,0",IMBITUBA,Desrespeitar a preferência no cruzamento,Colisão transversal,Com Vítimas Feridas,Pleno dia,Decrescente,Céu Claro,Simples,Rotatória;Viaduto,Sim,2,0,0,1,1,0,1,2,-28.19626005,-48.69739859,SPRF-SC,DEL02-SC,UOP03-DEL02-SC,2022
"486389,0",2022-11-12,sábado,20:00:00,SC,101,"274,0",IMBITUBA,Avarias e/ou desgaste excessivo no pneu,Queda de ocupante de veículo,Com Vítimas Feridas,Plena Noite,Decrescente,Céu Claro,Dupla,Reta,Sim,1,0,1,0,0,0,1,1,-28.129852,-48.69322,SPRF-SC,DEL02-SC,UOP03-DEL02-SC,2022
"486395,0",2022-11-12,sábado,15:00:00,SC,101,"139,0",BALNEARIO CAMBORIU,Ausência de reação do condutor,Tombamento,Com Vítimas Feridas,Pleno dia,Crescente,Céu Claro,Dupla,Curva;Declive,Não,1,0,0,1,0,0,1,1,-27.02982303,-48.60115006,SPRF-SC,DEL04-SC,UOP03-DEL04-SC,2022
"486397,0",2022-09-21,quarta-feira,06:50:00,SC,101,"350,8",JAGUARUNA,Reação tardia ou ineficiente do condutor,Saída de leito carroçável,Com Vítimas Feridas,Pleno dia,Decrescente,Céu Claro,Dupla,Reta,Não,3,0,1,0,2,0,1,1,-28.635,-49.093,SPRF-SC,DEL02-SC,UOP01-DEL02-SC,2022
"486412,0",2022-11-12,sábado,20:00:00,SC,282,"555,8",NOVA ITABERABA,Acumulo de água sobre o pavimento,Colisão transversal,Com Vítimas Feridas,Plena Noite,Crescente,Chuva,Simples,Reta,Não,3,0,0,2,1,0,2,2,-26.935896,-52.810684,SPRF-SC,DEL07-SC,UOP01-DEL07-SC,2022
"486423,0",2022-11-12,sábado,21:00:00,SC,101,"109,0",PENHA,Ausência de reação do condutor,Colisão traseira,Sem Vítimas,Plena Noite,Crescente,Nublado,Dupla,Reta,Não,2,0,0,0,2,0,0,2,-26.8333519,-48.69632106,SPRF-SC,DEL03-SC,UOP02-DEL03-SC,2022
"486429,0",2022-11-12,sábado,23:00:00,SC,101,"138,0",BALNEARIO CAMBORIU,Ingestão de álcool pelo condutor,Colisão lateral mesmo sentido,Com Vítimas Feridas,Plena Noite,Decrescente,Céu Claro,Dupla,Reta,Sim,2,0,1,0,1,0,1,2,-27.02397426,-48.60761649,SPRF-SC,DEL04-SC,UOP03-DEL04-SC,2022
"486432,0",2022-11-12,sábado,22:30:00,SC,280,"58,7",GUARAMIRIM,Manobra de mudança de faixa,Colisão lateral mesmo sentido,Com Vítimas Feridas,Plena Noite,Decrescente,Nublado,Dupla,Curva,Sim,3,0,1,0,1,1,1,3,-26.47484675,-49.02972937,SPRF-SC,DEL03-SC,UOP03-DEL03-SC,2022
"486457,0",2022-11-13,domingo,00:30:00,SC,282,"38,8",AGUAS MORNAS,Pista Escorregadia,Capotamento,Com Vítimas Feridas,Plena Noite,Crescente,Nublado,Simples,Curva,Não,4,0,3,0,1,0,3,1,-27.709209,-48.852467,SPRF-SC,DEL01-SC,UOP03-DEL01-SC,2022
"486462,0",2022-11-13,domingo,01:00:00,SC,101,"218,4",PALHOCA,Ingestão de álcool pelo condutor,Colisão lateral mesmo sentido,Com Vítimas Feridas,Plena Noite,Crescente,Nublado,Múltipla,Declive;Reta,Não,2,0,1,0,1,0,1,2,-27.67938571,-48.66947651,SPRF-SC,DEL01-SC,UOP02-DEL01-SC,2022
"486478,0",2022-11-13,domingo,03:30:00,SC,101,"204,0",SAO JOSE,Desrespeitar a preferência no cruzamento,Colisão traseira,Sem Vítimas,Plena Noite,Crescente,Céu Claro,Dupla,Rotatória,Sim,2,0,0,0,2,0,0,2,-27.57413014,-48.61363083,SPRF-SC,DEL01-SC,UOP01-DEL01-SC,2022
"486490,0",2022-11-13,domingo,03:00:00,SC,470,"156,5",TROMBUDO CENTRAL,Transitar na contramão,Colisão frontal,Com Vítimas Fatais,Plena Noite,Crescente,Céu Claro,Simples,Curva;Declive,Não,2,1,0,0,1,0,0,2,-27.2853742,-49.7663057,SPRF-SC,DEL04-SC,UOP02-DEL04-SC,2022
"486491,0",2022-11-13,domingo,04:45:00,SC,101,"371,7",ICARA,Ausência de reação do condutor,Saída de leito carroçável,Com Vítimas Feridas,Pleno dia,Crescente,Céu Claro,Dupla,Curva,Não,2,0,2,0,0,0,2,1,-28.71238266,-49.21591759,SPRF-SC,DEL02-SC,UOP01-DEL02-SC,2022
"486515,0",2022-11-13,domingo,02:15:00,SC,101,"74,9",ARAQUARI,Ausência de reação do condutor,Colisão com objeto,Com Vítimas Feridas,Plena Noite,Crescente,Céu Claro,Múltipla,Reta,Não,5,0,4,0,1,0,4,1,-26.54446209,-48.71214452,SPRF-SC,DEL03-SC,UOP02-DEL03-SC,2022
"486524,0",2022-11-13,domingo,08:00:00,SC,101,"193,0",BIGUACU,Manobra de mudança de faixa,Colisão lateral mesmo sentido,Sem Vítimas,Pleno dia,Decrescente,Céu Claro,Dupla,Desvio Temporário,Sim,2,0,0,0,2,0,0,2,-27.489574,-48.655914,SPRF-SC,DEL01-SC,UOP01-DEL01-SC,2022
"486535,0",2022-11-13,domingo,09:15:00,SC,470,"30,9",GASPAR,Ausência de reação do condutor,Capotamento,Com Vítimas Feridas,Pleno dia,Decrescente,Nublado,Dupla,Reta,Não,2,0,1,0,1,0,1,1,-26.893518,-48.914028,SPRF-SC,DEL04-SC,UOP01-DEL04-SC,2022
"486576,0",2022-11-13,domingo,14:05:00,SC,101,"224,0",PALHOCA,Reação tardia ou ineficiente do condutor,Saída de leito carroçável,Com Vítimas Feridas,Pleno dia,Decrescente,Céu Claro,Múltipla,Reta,Não,1,0,0,1,0,0,1,1,-27.72384789,-48.64386769,SPRF-SC,DEL01-SC,UOP02-DEL01-SC,2022
"486584,0",2022-11-13,domingo,14:30:00,SC,101,"114,0",ITAJAI,Avarias e/ou desgaste excessivo no pneu,Colisão com objeto,Sem Vítimas,Pleno dia,Decrescente,Céu Claro,Múltipla,Reta,Sim,1,0,0,0,0,1,0,1,-26.86192886,-48.7286704,SPRF-SC,DEL04-SC,UOP04-DEL04-SC,2022
"486586,0",2022-11-13,domingo,14:40:00,SC,470,"139,0",RIO DO SUL,Retorno proibido,Colisão transversal,Com Vítimas Feridas,Pleno dia,Crescente,Nublado,Múltipla,Reta,Sim,2,0,1,0,1,0,1,2,-27.217564,-49.65461,SPRF-SC,DEL04-SC,UOP02-DEL04-SC,2022
"486656,0",2022-11-13,domingo,19:50:00,SC,101,"119,5",ITAJAI,Trafegar com motocicleta (ou similar) entre as faixas,Colisão lateral mesmo sentido,Com Vítimas Feridas,Plena Noite,Decrescente,Chuva,Múltipla,Ponte,Sim,2,0,1,0,1,0,1,2,-26.90941068,-48.71327942,SPRF-SC,DEL04-SC,UOP04-DEL04-SC,2022
"486663,0",2022-11-13,domingo,19:00:00,SC,101,"164,0",TIJUCAS,Ausência de reação do condutor,Tombamento,Com Vítimas Feridas,Plena Noite,Crescente,Chuva,Dupla,Reta,Sim,1,0,0,1,0,0,1,1,-27.243868,-48.6309,SPRF-SC,DEL04-SC,UOP03-DEL04-SC,2022
"486669,0",2022-11-13,domingo,18:00:00,SC,280,"94,8",CORUPA,Chuva,Colisão frontal,Com Vítimas Feridas,Plena Noite,Crescente,Chuva,Simples,Reta,Não,7,0,1,0,6,0,1,2,-26.39198268,-49.30187441,SPRF-SC,DEL06-SC,UOP03-DEL06-SC,2022
"486670,0",2022-11-13,domingo,19:30:00,SC,116,"217,5",CORREIA PINTO,Iluminação deficiente,Colisão frontal,Com Vítimas Feridas,Plena Noite,Decrescente,Garoa/Chuvisco,Simples,Reta,Sim,3,0,2,0,1,0,2,2,-27.55447701,-50.37698044,SPRF-SC,DEL05-SC,UOP03-DEL05-SC,2022
"486677,0",2022-11-13,domingo,20:40:00,SC,101,"138,5",BALNEARIO CAMBORIU,Velocidade Incompatível,Saída de leito carroçável,Com Vítimas Feridas,Plena Noite,Decrescente,Chuva,Dupla,Reta,Sim,2,0,1,0,1,0,1,1,-27.02397426,-48.60761649,SPRF-SC,DEL04-SC,UOP03-DEL04-SC,2022
"486685,0",2022-11-13,domingo,19:30:00,SC,470,"119,0",IBIRAMA,Velocidade Incompatível,Colisão lateral sentido oposto,Com Vítimas Feridas,Plena Noite,Decrescente,Garoa/Chuvisco,Simples,Curva,Sim,2,0,2,0,0,0,2,1,-27.08312395,-49.51040268,SPRF-SC,DEL04-SC,UOP02-DEL04-SC,2022
"486700,0",2022-11-13,domingo,23:45:00,SC,101,"131,8",BALNEARIO CAMBORIU,Desrespeitar a preferência no cruzamento,Colisão frontal,Com Vítimas Feridas,Plena Noite,Crescente,Garoa/Chuvisco,Simples,Reta,Sim,2,0,0,1,1,0,1,2,-26.99064209,-48.66310912,SPRF-SC,DEL04-SC,UOP03-DEL04-SC,2022
"486718,0",2022-11-13,domingo,17:00:00,SC,101,"292,0",IMBITUBA,Ausência de reação do condutor,Capotamento,Com Vítimas Feridas,Pleno dia,Crescente,Céu Claro,Dupla,Reta,Sim,2,0,0,2,0,0,2,1,-28.278057,-48.700386,SPRF-SC,DEL02-SC,UOP03-DEL02-SC,2022
"486729,0",2022-11-14,segunda-feira,06:40:00,SC,282,"55,0",RANCHO QUEIMADO,Chuva,Colisão frontal,Com Vítimas Feridas,Pleno dia,Decrescente,Chuva,Simples,Curva,Não,2,0,0,1,1,0,1,2,-27.68906554,-48.98404598,SPRF-SC,DEL01-SC,UOP03-DEL01-SC,2022
"486743,0",2022-11-14,segunda-feira,06:30:00,SC,280,"151,3",MAFRA,Chuva,Saída de leito carroçável,Com Vítimas Feridas,Pleno dia,Crescente,Céu Claro,Simples,Curva,Não,2,0,2,0,0,0,2,1,-26.23248274,-49.69867393,SPRF-SC,DEL06-SC,UOP03-DEL06-SC,2022
"486771,0",2022-11-14,segunda-feira,08:05:00,SC,282,"332,0",CAMPOS NOVOS,Demais falhas na via,Saída de leito carroçável,Com Vítimas Feridas,Pleno dia,Decrescente,Céu Claro,Simples,Reta,Não,1,0,1,0,0,0,1,1,-27.384575,-51.106579,SPRF-SC,DEL07-SC,UOP06-DEL07-SC,2022
"486772,0",2022-11-14,segunda-feira,08:20:00,SC,101,"24,0",JOINVILLE,Velocidade Incompatível,Colisão traseira,Com Vítimas Feridas,Pleno dia,Crescente,Garoa/Chuvisco,Dupla,Interseção de Vias;Reta,Não,2,0,1,0,1,0,1,2,-26.17720023,-48.90872955,SPRF-SC,DEL03-SC,UOP01-DEL03-SC,2022
"486802,0",2022-11-14,segunda-feira,12:40:00,SC,470,"69,0",INDAIAL,Acessar a via sem observar a presença dos outros veículos,Colisão transversal,Com Vítimas Feridas,Pleno dia,Crescente,Sol,Simples,Reta;Em Obras,Sim,2,0,1,0,1,0,1,2,-26.883745,-49.246704,SPRF-SC,DEL04-SC,UOP01-DEL04-SC,2022
"486807,0",2022-11-14,segunda-feira,14:10:00,SC,101,"132,2",BALNEARIO CAMBORIU,Reação tardia ou ineficiente do condutor,Atropelamento de Pedestre,Com Vítimas Feridas,Pleno dia,Crescente,Céu Claro,Dupla,Reta,Não,2,0,1,0,0,1,1,2,-26.99654133,-48.65564711,SPRF-SC,DEL04-SC,UOP03-DEL04-SC,2022
"486809,0",2022-11-14,segunda-feira,14:10:00,SC,101,"150,0",ITAPEMA,Reação tardia ou ineficiente do condutor,Colisão traseira,Com Vítimas Feridas,Pleno dia,Decrescente,Céu Claro,Dupla,Reta,Sim,2,0,1,0,1,0,1,2,-27.11744799,-48.60940987,SPRF-SC,DEL04-SC,UOP03-DEL04-SC,2022
"486819,0",2022-11-14,segunda-feira,16:00:00,SC,101,"149,3",ITAPEMA,Condutor deixou de manter distância do veículo da frente,Colisão traseira,Com Vítimas Feridas,Pleno dia,Decrescente,Céu Claro,Dupla,Reta,Não,2,0,0,2,0,0,2,2,-27.1089649,-48.61277586,SPRF-SC,DEL04-SC,UOP03-DEL04-SC,2022
"486821,0",2022-11-14,segunda-feira,16:40:00,SC,101,"200,0",SAO JOSE,Demais falhas mecânicas ou elétricas,Tombamento,Com Vítimas Feridas,Pleno dia,Decrescente,Nublado,Múltipla,Reta,Sim,2,0,2,0,0,0,2,1,-27.54018513,-48.62287714,SPRF-SC,DEL01-SC,UOP01-DEL01-SC,2022
"486840,0",2022-11-14,segunda-feira,18:20:00,SC,470,"60,2",BLUMENAU,Ultrapassagem Indevida,Colisão lateral mesmo sentido,Com Vítimas Feridas,Pleno dia,Crescente,Sol,Simples,Reta,Sim,2,0,2,0,0,0,2,2,-26.88138,-49.164543,SPRF-SC,DEL04-SC,UOP01-DEL04-SC,2022
"486864,0",2022-11-14,segunda-feira,19:30:00,SC,101,"105,0",PENHA,Ingestão de álcool e/ou substâncias psicoativas pelo pedestre,Saída de leito carroçável,Com Vítimas Feridas,Plena Noite,Crescente,Céu Claro,Dupla,Curva,Não,2,0,1,0,1,0,1,1,-26.80215497,-48.67891041,SPRF-SC,DEL03-SC,UOP02-DEL03-SC,2022
"486868,0",2022-11-14,segunda-feira,18:00:00,SC,101,"137,0",BALNEARIO CAMBORIU,Trafegar com motocicleta (ou similar) entre as faixas,Colisão lateral mesmo sentido,Com Vítimas Feridas,Anoitecer,Crescente,Céu Claro,Simples,Reta,Não,2,0,0,1,1,0,1,2,-27.0157238,-48.61192763,SPRF-SC,DEL04-SC,UOP03-DEL04-SC,2022
"486877,0",2022-11-14,segunda-feira,20:00:00,SC,101,"144,0",ITAPEMA,Condutor deixou de manter distância do veículo da frente,Colisão traseira,Sem Vítimas,Plena Noite,Decrescente,Céu Claro,Dupla,Reta,Não,3,0,0,0,2,1,0,3,-27.0732659,-48.59672716,SPRF-SC,DEL04-SC,UOP03-DEL04-SC,2022
"486892,0",2022-11-14,segunda-feira,15:05:00,SC,470,"71,6",INDAIAL,Condutor deixou de manter distância do veículo da frente,Colisão traseira,Com Vítimas Feridas,Pleno dia,Decrescente,Céu Claro,Simples,Reta,Sim,4,0,3,0,1,0,3,3,-26.895243,-49.262104,SPRF-SC,DEL04-SC,UOP01-DEL04-SC,2022
"486899,0",2022-11-14,segunda-feira,23:15:00,SC,470,"5,0",NAVEGANTES,Ausência de sinalização,Eventos atípicos,Com Vítimas Feridas,Plena Noite,Crescente,Céu Claro,Dupla,Em Obras;Viaduto;Aclive;Reta,Não,2,0,2,0,0,0,2,1,-26.855688,-48.700333,SPRF-SC,DEL04-SC,UOP04-DEL04-SC,2022
"486935,0",2022-11-15,terça-feira,06:35:00,SC,470,"34,6",GASPAR,Retorno proibido,Colisão lateral mesmo sentido,Com Vítimas Feridas,Pleno dia,Crescente,Céu Claro,Simples,Curva;Desvio Temporário;Em Obras,Não,2,0,1,0,1,0,1,2,-26.91224371,-48.95490739,SPRF-SC,DEL04-SC,UOP01-DEL04-SC,2022
"486938,0",2022-11-15,terça-feira,06:00:00,SC,101,"380,4",ICARA,Avarias e/ou desgaste excessivo no pneu,Colisão lateral mesmo sentido,Sem Vítimas,Pleno dia,Crescente,Céu Claro,Múltipla,Reta,Sim,2,0,0,0,2,0,0,2,-28.75047313,-49.26872594,SPRF-SC,DEL02-SC,UOP02-DEL02-SC,2022
"486941,0",2022-10-22,sábado,20:24:00,SC,101,"117,0",ITAJAI,Desrespeitar a preferência no cruzamento,Colisão transversal,Com Vítimas Feridas,Plena Noite,Crescente,Ignorado,Simples,Rotatória,Sim,3,0,0,2,0,1,2,2,-26.89022234,-48.72106075,SPRF-SC,DEL04-SC,UOP04-DEL04-SC,2022
"486944,0",2022-11-15,terça-feira,06:50:00,SC,101,"139,1",BALNEARIO CAMBORIU,Ausência de reação do condutor,Colisão com objeto,Sem Vítimas,Pleno dia,Decrescente,Céu Claro,Simples,Viaduto,Sim,1,0,0,0,1,0,0,1,-27.02982303,-48.60115006,SPRF-SC,DEL04-SC,UOP03-DEL04-SC,2022
"486946,0",2022-11-15,terça-feira,06:40:00,SC,280,"118,4",SAO BENTO DO SUL,Manobra de mudança de faixa,Colisão lateral mesmo sentido,Com Vítimas Feridas,Pleno dia,Decrescente,Céu Claro,Simples,Aclive;Reta,Não,2,0,1,0,1,0,1,2,-26.2597828,-49.4444418,SPRF-SC,DEL06-SC,UOP03-DEL06-SC,2022
"486948,0",2022-11-15,terça-feira,07:45:00,SC,101,"25,0",JOINVILLE,Condutor Dormindo,Colisão com objeto,Com Vítimas Feridas,Pleno dia,Crescente,Céu Claro,Dupla,Reta,Não,1,0,1,0,0,0,1,1,-26.1834739,-48.9105912,SPRF-SC,DEL03-SC,UOP01-DEL03-SC,2022
"486965,0",2022-11-15,terça-feira,09:20:00,SC,101,"425,0",ARARANGUA,Ausência de reação do condutor,Tombamento,Com Vítimas Feridas,Pleno dia,Crescente,Céu Claro,Dupla,Reta;Aclive,Sim,1,0,1,0,0,0,1,1,-29.02548791,-49.59917307,SPRF-SC,DEL02-SC,UOP02-DEL02-SC,2022
"486983,0",2022-11-15,terça-feira,12:00:00,SC,101,"52,3",JOINVILLE,Reação tardia ou ineficiente do condutor,Colisão traseira,Com Vítimas Feridas,Pleno dia,Decrescente,Sol,Dupla,Reta,Não,3,0,1,1,1,0,2,2,-26.39111608,-48.83984239,SPRF-SC,DEL03-SC,UOP01-DEL03-SC,2022
"487003,0",2022-11-15,terça-feira,13:50:00,SC,101,"79,5",ARAQUARI,Manobra de mudança de faixa,Colisão traseira,Com Vítimas Feridas,Pleno dia,Decrescente,Céu Claro,Dupla,Retorno Regulamentado;Reta;Aclive,Não,3,0,1,1,1,0,2,2,-26.59574176,-48.72268081,SPRF-SC,DEL03-SC,UOP02-DEL03-SC,2022
"487007,0",2022-11-15,terça-feira,07:50:00,SC,101,"105,0",BALNEARIO PICARRAS,Ausência de reação do condutor,Engavetamento,Com Vítimas Feridas,Pleno dia,Decrescente,Céu Claro,Dupla,Reta;Aclive,Não,4,0,1,0,3,0,1,3,-26.80144428,-48.67878914,SPRF-SC,DEL03-SC,UOP02-DEL03-SC,2022
"487008,0",2022-11-15,terça-feira,13:40:00,SC,101,"382,0",ICARA,Manobra de mudança de faixa,Saída de leito carroçável,Com Vítimas Feridas,Pleno dia,Crescente,Céu Claro,Dupla,Reta,Sim,3,0,2,0,1,0,2,1,-28.75966988,-49.28552404,SPRF-SC,DEL02-SC,UOP02-DEL02-SC,2022
"487018,0",2022-11-15,terça-feira,14:30:00,SC,101,"119,0",ITAJAI,Acessar a via sem observar a presença dos outros veículos,Queda de ocupante de veículo,Com Vítimas Feridas,Pleno dia,Decrescente,Céu Claro,Dupla,Reta,Sim,2,0,1,0,0,1,1,2,-26.9043179,-48.71555481,SPRF-SC,DEL04-SC,UOP04-DEL04-SC,2022
"487020,0",2022-11-15,terça-feira,14:50:00,SC,101,"231,3",PALHOCA,Condutor deixou de manter distância do veículo da frente,Engavetamento,Com Vítimas Feridas,Pleno dia,Crescente,Céu Claro,Dupla,Reta,Não,4,0,1,0,3,0,1,3,-27.78669984,-48.6356424,SPRF-SC,DEL01-SC,UOP02-DEL01-SC,2022
"487021,0",2022-11-15,terça-feira,14:50:00,SC,101,"288,5",IMBITUBA,Ingestão de álcool pelo condutor,Saída de leito carroçável,Sem Vítimas,Pleno dia,Crescente,Céu Claro,Dupla,Reta;Rotatória,Sim,1,0,0,0,1,0,0,1,-28.26880734,-48.70119631,SPRF-SC,DEL02-SC,UOP03-DEL02-SC,2022
"487035,0",2022-11-15,terça-feira,15:40:00,SC,101,"421,0",ARARANGUA,Ausência de reação do condutor,Colisão com objeto,Com Vítimas Feridas,Pleno dia,Crescente,Céu Claro,Dupla,Reta,Não,4,0,1,0,3,0,1,2,-29.00519409,-49.56396103,SPRF-SC,DEL02-SC,UOP02-DEL02-SC,2022
"487038,0",2022-11-15,terça-feira,16:15:00,SC,101,"335,0",TUBARAO,Ingestão de álcool pelo condutor,Colisão traseira,Com Vítimas Feridas,Pleno dia,Crescente,Céu Claro,Dupla,Reta,Sim,3,0,0,2,1,0,2,2,-28.47459524,-49.02716517,SPRF-SC,DEL02-SC,UOP01-DEL02-SC,2022
"487050,0",2022-11-15,terça-feira,15:50:00,SC,153,"78,3",IRANI,Transitar na contramão,Colisão lateral sentido oposto,Com Vítimas Feridas,Pleno dia,Decrescente,Céu Claro,Simples,Reta,Não,2,0,1,0,1,0,1,2,-27.10668,-51.900246,SPRF-SC,DEL07-SC,UOP04-DEL07-SC,2022
"487052,0",2022-11-15,terça-feira,14:40:00,SC,101,"149,0",ITAPEMA,Ingestão de álcool pelo condutor,Colisão transversal,Sem Vítimas,Pleno dia,Decrescente,Céu Claro,Múltipla,Interseção de Vias,Sim,2,0,0,0,2,0,0,2,-27.11742803,-48.60903561,SPRF-SC,DEL04-SC,UOP03-DEL04-SC,2022
"487078,0",2022-11-15,terça-feira,16:15:00,SC,282,"217,0",LAGES,Condutor deixou de manter distância do veículo da frente,Engavetamento,Com Vítimas Feridas,Pleno dia,Decrescente,Céu Claro,Simples,Viaduto,Sim,4,0,1,0,3,0,1,4,-27.797916,-50.302944,SPRF-SC,DEL05-SC,UOP01-DEL05-SC,2022
"487079,0",2022-11-15,terça-feira,19:10:00,SC,101,"222,6",PALHOCA,Manobra de mudança de faixa,Colisão lateral mesmo sentido,Com Vítimas Feridas,Plena Noite,Crescente,Céu Claro,Múltipla,Reta,Não,2,0,0,1,0,1,1,2,-27.70865409,-48.65586407,SPRF-SC,DEL01-SC,UOP02-DEL01-SC,2022
"487080,0",2022-11-15,terça-feira,17:22:00,SC,101,"135,0",BALNEARIO CAMBORIU,Reação tardia ou ineficiente do condutor,Colisão transversal,Com Vítimas Feridas,Pleno dia,Decrescente,Céu Claro,Múltipla,Interseção de Vias,Sim,2,0,1,0,1,0,1,2,-27.0050108,-48.62677494,SPRF-SC,DEL04-SC,UOP03-DEL04-SC,2022
"487086,0",2022-11-15,terça-feira,20:00:00,SC,101,"206,0",SAO JOSE,Ausência de reação do condutor,Tombamento,Com Vítimas Feridas,Plena Noite,Decrescente,Céu Claro,Múltipla,Reta,Sim,1,0,1,0,0,0,1,1,-27.59193546,-48.61824557,SPRF-SC,DEL01-SC,UOP01-DEL01-SC,2022
"487089,0",2022-11-15,terça-feira,20:20:00,SC,101,"273,0",IMBITUBA,Demais falhas mecânicas ou elétricas,Tombamento,Com Vítimas Feridas,Plena Noite,Crescente,Céu Claro,Múltipla,Curva,Não,2,0,1,1,0,0,2,1,-28.13146846,-48.69247377,SPRF-SC,DEL02-SC,UOP03-DEL02-SC,2022
"487108,0",2022-11-15,terça-feira,21:40:00,SC,101,"330,0",TUBARAO,Avarias e/ou desgaste excessivo no pneu,Tombamento,Com Vítimas Feridas,Pleno dia,Crescente,Céu Claro,Dupla,Reta,Não,1,0,1,0,0,0,1,1,-28.45115639,-48.97286879,SPRF-SC,DEL02-SC,UOP01-DEL02-SC,2022
"487110,0",2022-11-15,terça-feira,21:30:00,SC,470,"56,0",BLUMENAU,Acessar a via sem observar a presença dos outros veículos,Colisão transversal,Com Vítimas Feridas,Pleno dia,Crescente,Céu Claro,Simples,Reta,Sim,3,0,1,1,1,0,2,2,-26.87674,-49.127743,SPRF-SC,DEL04-SC,UOP01-DEL04-SC,2022
"487111,0",2022-11-15,terça-feira,20:40:00,SC,280,"66,0",JARAGUA DO SUL,Acessar a via sem observar a presença dos outros veículos,Colisão transversal,Com Vítimas Feridas,Plena Noite,Decrescente,Céu Claro,Simples,Reta,Não,3,0,1,1,0,1,2,2,-26.47606607,-49.09568797,SPRF-SC,DEL03-SC,UOP03-DEL03-SC,2022
"487116,0",2022-11-15,terça-feira,18:40:00,SC,101,"247,0",PAULO LOPES,Reação tardia ou ineficiente do condutor,Saída de leito carroçável,Sem Vítimas,Anoitecer,Crescente,Céu Claro,Múltipla,Curva,Não,1,0,0,0,0,1,0,1,-27.91824491,-48.65414317,SPRF-SC,DEL02-SC,UOP03-DEL02-SC,2022