id,data_inversa,dia_semana,horario,uf,br,km,municipio,causa_acidente,tipo_acidente,classificacao_acidente,fase_dia,sentido_via,condicao_metereologica,tipo_pista,tracado_via,uso_solo,pessoas,mortos,feridos_leves,feridos_graves,ilesos,ignorados,feridos,veiculos,latitude,longitude,regional,delegacia,uop,ano_arquivo
"487117,0",2022-11-15,terça-feira,20:30:00,SC,101,"343,6",TUBARAO,Avarias e/ou desgaste excessivo no pneu,Tombamento,Com Vítimas Feridas,Plena Noite,Decrescente,Céu Claro,Dupla,Reta,Não,2,0,2,0,0,0,2,1,-28.52765702,-49.05615309,SPRF-SC,DEL02-SC,UOP01-DEL02-SC,2022
"487128,0",2022-11-15,terça-feira,22:01:00,SC,280,"28,0",ARAQUARI,Condutor deixou de manter distância do veículo da frente,Colisão traseira,Com Vítimas Feridas,Plena Noite,Crescente,Céu Claro,Simples,Reta,Sim,3,0,2,0,0,1,2,2,-26.40450077,-48.74561031,SPRF-SC,DEL03-SC,UOP03-DEL03-SC,2022
"487131,0",2022-11-15,terça-feira,23:45:00,SC,470,"27,0",ILHOTA,Ingestão de álcool pelo condutor,Saída de leito carroçável,Com Vítimas Feridas,Plena Noite,Crescente,Céu Claro,Dupla,Reta,Não,2,0,0,2,0,0,2,1,-26.891006,-48.884411,SPRF-SC,DEL04-SC,UOP01-DEL04-SC,2022
"487134,0",2022-11-15,terça-feira,22:25:00,SC,101,"27,2",JOINVILLE,Desrespeitar a preferência no cruzamento,Colisão transversal,Com Vítimas Feridas,Plena Noite,Decrescente,Céu Claro,Dupla,Viaduto;Rotatória;Interseção de Vias,Sim,3,0,1,0,2,0,1,3,-26.20130351,-48.91331794,SPRF-SC,DEL03-SC,UOP01-DEL03-SC,2022
"487135,0",2022-11-15,terça-feira,23:15:00,SC,101,"137,8",BALNEARIO CAMBORIU,Reação tardia ou ineficiente do condutor,Colisão com objeto,Com Vítimas Feridas,Plena Noite,Decrescente,Céu Claro,Múltipla,Curva,Sim,1,0,0,1,0,0,1,1,-27.0157238,-48.61192763,SPRF-SC,DEL04-SC,UOP03-DEL04-SC,2022
"487137,0",2022-11-16,quarta-feira,00:15:00,SC,101,"134,5",BALNEARIO CAMBORIU,Ingestão de álcool pelo condutor,Colisão com objeto,Sem Vítimas,Plena Noite,Decrescente,Céu Claro,Múltipla,Reta,Sim,1,0,0,0,1,0,0,1,-27.00218,-48.636433,SPRF-SC,DEL04-SC,UOP03-DEL04-SC,2022
"487162,0",2022-11-16,quarta-feira,07:15:00,SC,282,"3,0",FLORIANOPOLIS,Manobra de mudança de faixa,Colisão lateral mesmo sentido,Com Vítimas Feridas,Pleno dia,Decrescente,Céu Claro,Múltipla,Reta,Sim,2,0,1,0,1,0,1,2,-27.600384,-48.599705,SPRF-SC,DEL01-SC,UOP01-DEL01-SC,2022
"487166,0",2022-11-16,quarta-feira,06:00:00,SC,470,"200,9",PONTE ALTA,Reação tardia ou ineficiente do condutor,Saída de leito carroçável,Sem Vítimas,Amanhecer,Decrescente,Céu Claro,Simples,Reta,Não,1,0,0,0,0,1,0,1,-27.298837,-50.142981,SPRF-SC,DEL05-SC,UOP03-DEL05-SC,2022
"487167,0",2022-11-16,quarta-feira,07:50:00,SC,101,"131,0",BALNEARIO CAMBORIU,Trafegar com motocicleta (ou similar) entre as faixas,Colisão traseira,Com Vítimas Feridas,Pleno dia,Decrescente,Céu Claro,Dupla,Reta,Sim,2,0,0,1,1,0,1,2,-26.99064209,-48.66310912,SPRF-SC,DEL04-SC,UOP03-DEL04-SC,2022
"487169,0",2022-11-16,quarta-feira,07:30:00,SC,101,"211,0",PALHOCA,Condutor deixou de manter distância do veículo da frente,Colisão traseira,Com Vítimas Feridas,Pleno dia,Decrescente,Sol,Dupla,Reta,Sim,3,0,2,0,1,0,2,2,-27.62329313,-48.65245588,SPRF-SC,DEL01-SC,UOP02-DEL01-SC,2022
"487195,0",2022-11-16,quarta-feira,07:30:00,SC,116,"107,8",MONTE CASTELO,Velocidade Incompatível,Saída de leito carroçável,Com Vítimas Feridas,Pleno dia,Decrescente,Sol,Simples,Curva,Não,1,0,1,0,0,0,1,1,-26.75568818,-50.32812388,SPRF-SC,DEL06-SC,UOP02-DEL06-SC,2022
"487197,0",2022-11-16,quarta-feira,10:40:00,SC,282,"527,6",XAXIM,Ausência de reação do condutor,Colisão traseira,Com Vítimas Feridas,Pleno dia,Decrescente,Céu Claro,Simples,Reta,Não,2,0,1,0,1,0,1,2,-26.973196,-52.583321,SPRF-SC,DEL07-SC,UOP01-DEL07-SC,2022
"487201,0",2022-11-16,quarta-feira,08:20:00,SC,470,"140,1",RIO DO SUL,Trafegar com motocicleta (ou similar) entre as faixas,Colisão transversal,Com Vítimas Feridas,Pleno dia,Crescente,Sol,Simples,Reta,Não,2,0,1,0,1,0,1,2,-27.222485,-49.662827,SPRF-SC,DEL04-SC,UOP02-DEL04-SC,2022
"487204,0",2022-11-16,quarta-feira,11:45:00,SC,101,"149,0",ITAPEMA,Condutor deixou de manter distância do veículo da frente,Colisão traseira,Com Vítimas Feridas,Pleno dia,Crescente,Céu Claro,Dupla,Reta,Sim,2,0,1,0,1,0,1,2,-27.1089649,-48.61277586,SPRF-SC,DEL04-SC,UOP03-DEL04-SC,2022
"487217,0",2022-11-12,sábado,12:35:00,SC,101,"343,0",TUBARAO,Ausência de reação do condutor,Capotamento,Com Vítimas Feridas,Pleno dia,Decrescente,Céu Claro,Dupla,Curva,Sim,2,0,0,1,1,0,1,1,-28.52765702,-49.05615309,SPRF-SC,DEL02-SC,UOP01-DEL02-SC,2022
"487225,0",2022-11-16,quarta-feira,14:12:00,SC,101,"38,3",JOINVILLE,Desrespeitar a preferência no cruzamento,Colisão transversal,Com Vítimas Feridas,Pleno dia,Decrescente,Céu Claro,Simples,Rotatória,Sim,2,0,1,0,1,0,1,2,-26.25472505,-48.90561309,SPRF-SC,DEL03-SC,UOP01-DEL03-SC,2022
"487229,0",2022-11-16,quarta-feira,14:35:00,SC,280,"55,8",GUARAMIRIM,Acessar a via sem observar a presença dos outros veículos,Colisão lateral mesmo sentido,Com Vítimas Feridas,Pleno dia,Crescente,Sol,Dupla,Reta,Não,3,0,1,0,2,0,1,2,-26.47947677,-49.00298702,SPRF-SC,DEL03-SC,UOP03-DEL03-SC,2022
"487231,0",2022-11-16,quarta-feira,11:15:00,SC,101,"256,2",PAULO LOPES,Manobra de mudança de faixa,Tombamento,Com Vítimas Feridas,Pleno dia,Crescente,Sol,Dupla,Reta,Não,1,0,1,0,0,0,1,1,-27.99053195,-48.68216063,SPRF-SC,DEL02-SC,UOP03-DEL02-SC,2022
"487259,0",2022-11-16,quarta-feira,16:35:00,SC,101,"26,0",JOINVILLE,Acessar a via sem observar a presença dos outros veículos,Colisão lateral mesmo sentido,Com Vítimas Feridas,Pleno dia,Crescente,Céu Claro,Múltipla,Reta,Sim,2,0,1,0,0,1,1,2,-26.2008,-48.9132,SPRF-SC,DEL03-SC,UOP01-DEL03-SC,2022
"487268,0",2022-11-16,quarta-feira,18:10:00,SC,470,"11,1",NAVEGANTES,Trafegar com motocicleta (ou similar) entre as faixas,Colisão lateral mesmo sentido,Com Vítimas Feridas,Pleno dia,Crescente,Céu Claro,Dupla,Em Obras;Reta,Não,2,0,1,0,1,0,1,2,-26.8347822,-48.75309706,SPRF-SC,DEL04-SC,UOP04-DEL04-SC,2022
"487281,0",2022-11-16,quarta-feira,18:30:00,SC,101,"197,5",BIGUACU,Falta de elemento de contenção que evite a saída do leito carroçável,Tombamento,Com Vítimas Feridas,Anoitecer,Decrescente,Céu Claro,Dupla,Reta,Sim,1,0,0,1,0,0,1,1,-27.51844497,-48.63848496,SPRF-SC,DEL01-SC,UOP01-DEL01-SC,2022
"487288,0",2022-11-16,quarta-feira,17:15:00,SC,280,"73,0",JARAGUA DO SUL,Acessar a via sem observar a presença dos outros veículos,Colisão transversal,Com Vítimas Feridas,Amanhecer,Crescente,Céu Claro,Simples,Reta,Não,2,0,0,1,1,0,1,2,-26.45917102,-49.15245,SPRF-SC,DEL03-SC,UOP03-DEL03-SC,2022
"487304,0",2022-11-16,quarta-feira,09:00:00,SC,101,"151,5",ITAPEMA,Acessar a via sem observar a presença dos outros veículos,Colisão lateral mesmo sentido,Com Vítimas Feridas,Pleno dia,Crescente,Sol,Simples,Reta,Sim,2,0,1,0,1,0,1,2,-27.126536,-48.609642,SPRF-SC,DEL04-SC,UOP03-DEL04-SC,2022
"487318,0",2022-11-16,quarta-feira,21:45:00,SC,101,"400,5",MARACAJA,Desrespeitar a preferência no cruzamento,Colisão transversal,Com Vítimas Feridas,Plena Noite,Crescente,Céu Claro,Simples,Reta,Sim,4,0,1,1,2,0,2,2,-28.84846615,-49.4346268,SPRF-SC,DEL02-SC,UOP02-DEL02-SC,2022
"487319,0",2022-11-16,quarta-feira,20:40:00,SC,282,"382,4",HERVAL DOESTE,Mal súbito do condutor,Saída de leito carroçável,Com Vítimas Feridas,Plena Noite,Crescente,Nublado,Simples,Reta,Não,1,0,1,0,0,0,1,1,-27.19607,-51.503044,SPRF-SC,DEL07-SC,UOP05-DEL07-SC,2022
"487323,0",2022-11-16,quarta-feira,22:50:00,SC,101,"327,0",CAPIVARI DE BAIXO,Desrespeitar a preferência no cruzamento,Colisão transversal,Com Vítimas Feridas,Plena Noite,Decrescente,Céu Claro,Simples,Interseção de Vias;Curva;Retorno Regulamentado,Sim,3,0,0,1,2,0,1,2,-28.439293,-48.962153,SPRF-SC,DEL02-SC,UOP01-DEL02-SC,2022
"487341,0",2022-11-16,quarta-feira,23:12:00,SC,163,"71,1",SAO MIGUEL DO OESTE,Velocidade Incompatível,Colisão com objeto,Com Vítimas Feridas,Plena Noite,Decrescente,Céu Claro,Dupla,Curva,Sim,1,0,1,0,0,0,1,1,-26.72772401,-53.51281303,SPRF-SC,DEL07-SC,UOP03-DEL07-SC,2022
"487353,0",2022-11-17,quinta-feira,07:30:00,SC,101,"213,0",PALHOCA,Condutor deixou de manter distância do veículo da frente,Colisão traseira,Com Vítimas Feridas,Pleno dia,Decrescente,Céu Claro,Múltipla,Reta,Sim,2,0,0,1,1,0,1,2,-27.63697369,-48.66514142,SPRF-SC,DEL01-SC,UOP02-DEL01-SC,2022
"487381,0",2022-11-17,quinta-feira,09:20:00,SC,101,"169,7",TIJUCAS,Ausência de reação do condutor,Tombamento,Com Vítimas Feridas,Pleno dia,Crescente,Céu Claro,Dupla,Reta,Sim,1,0,1,0,0,0,1,1,-27.28790602,-48.63095745,SPRF-SC,DEL04-SC,UOP03-DEL04-SC,2022
"487395,0",2022-11-17,quinta-feira,11:00:00,SC,101,"134,0",BALNEARIO CAMBORIU,Manobra de mudança de faixa,Colisão lateral mesmo sentido,Com Vítimas Feridas,Pleno dia,Crescente,Sol,Múltipla,Interseção de Vias,Não,2,0,1,0,1,0,1,2,-27.00218,-48.636433,SPRF-SC,DEL04-SC,UOP03-DEL04-SC,2022
"487413,0",2022-11-17,quinta-feira,13:30:00,SC,101,"38,0",JOINVILLE,Acessar a via sem observar a presença dos outros veículos,Colisão traseira,Com Vítimas Feridas,Pleno dia,Decrescente,Céu Claro,Simples,Reta,Sim,3,0,1,0,2,0,1,2,-26.25472505,-48.90561309,SPRF-SC,DEL03-SC,UOP01-DEL03-SC,2022
"487434,0",2022-11-17,quinta-feira,10:40:00,SC,116,"59,8",PAPANDUVA,Desrespeitar a preferência no cruzamento,Colisão transversal,Com Vítimas Feridas,Pleno dia,Crescente,Céu Claro,Simples,Interseção de Vias,Não,3,0,1,0,1,1,1,2,-26.37933149,-50.20775008,SPRF-SC,DEL06-SC,UOP02-DEL06-SC,2022
"487446,0",2022-08-17,quarta-feira,19:00:00,SC,282,"486,5",FAXINAL DOS GUEDES,Manobra de mudança de faixa,Colisão traseira,Com Vítimas Feridas,Plena Noite,Decrescente,Chuva,Simples,Reta,Não,3,0,0,1,2,0,1,2,-26.8567541,-52.2461254,SPRF-SC,DEL07-SC,UOP01-DEL07-SC,2022
"487457,0",2022-11-17,quinta-feira,16:50:00,SC,101,"105,0",PENHA,Condutor deixou de manter distância do veículo da frente,Colisão lateral mesmo sentido,Com Vítimas Feridas,Pleno dia,Crescente,Sol,Múltipla,Interseção de Vias,Não,2,0,1,0,1,0,1,2,-26.80215497,-48.67891041,SPRF-SC,DEL03-SC,UOP02-DEL03-SC,2022
"487471,0",2022-11-17,quinta-feira,19:10:00,SC,101,"137,7",BALNEARIO CAMBORIU,Desrespeitar a preferência no cruzamento,Colisão transversal,Com Vítimas Feridas,Plena Noite,Crescente,Céu Claro,Simples,Interseção de Vias,Sim,2,0,1,0,1,0,1,2,-27.0157238,-48.61192763,SPRF-SC,DEL04-SC,UOP03-DEL04-SC,2022
"487477,0",2022-11-17,quinta-feira,17:50:00,SC,163,"72,2",SAO MIGUEL DO OESTE,Desrespeitar a preferência no cruzamento,Colisão transversal,Com Vítimas Feridas,Pleno dia,Decrescente,Céu Claro,Dupla,Reta;Interseção de Vias;Declive,Sim,3,0,0,1,2,0,1,2,-26.71908804,-53.5157791,SPRF-SC,DEL07-SC,UOP03-DEL07-SC,2022
"487493,0",2022-11-17,quinta-feira,18:40:00,SC,101,"431,6",SOMBRIO,Manobra de mudança de faixa,Colisão traseira,Com Vítimas Feridas,Pleno dia,Crescente,Céu Claro,Múltipla,Reta,Sim,2,0,1,0,1,0,1,2,-29.07297469,-49.62713242,SPRF-SC,DEL02-SC,UOP02-DEL02-SC,2022
"487540,0",2022-11-18,sexta-feira,06:40:00,SC,101,"209,4",SAO JOSE,Manobra de mudança de faixa,Colisão lateral mesmo sentido,Com Vítimas Feridas,Pleno dia,Decrescente,Céu Claro,Múltipla,Reta,Sim,2,0,1,0,1,0,1,2,-27.61000542,-48.63895057,SPRF-SC,DEL01-SC,UOP01-DEL01-SC,2022
"487613,0",2022-11-18,sexta-feira,06:50:00,SC,470,"60,7",BLUMENAU,Trafegar com motocicleta (ou similar) entre as faixas,Colisão transversal,Com Vítimas Feridas,Pleno dia,Decrescente,Céu Claro,Simples,Reta,Sim,2,0,1,0,1,0,1,2,-26.88138,-49.164543,SPRF-SC,DEL04-SC,UOP01-DEL04-SC,2022
"487615,0",2022-11-18,sexta-feira,12:40:00,SC,101,"439,0",SOMBRIO,Ausência de reação do condutor,Tombamento,Com Vítimas Feridas,Pleno dia,Crescente,Céu Claro,Dupla,Curva;Aclive,Não,1,0,0,1,0,0,1,1,-29.12381624,-49.65693799,SPRF-SC,DEL02-SC,UOP02-DEL02-SC,2022
"487619,0",2022-11-18,sexta-feira,13:35:00,SC,280,"27,0",ARAQUARI,Trafegar com motocicleta (ou similar) entre as faixas,Colisão transversal,Com Vítimas Feridas,Pleno dia,Crescente,Céu Claro,Simples,Reta,Sim,5,0,0,2,3,0,2,2,-26.39685622,-48.74021969,SPRF-SC,DEL03-SC,UOP03-DEL03-SC,2022
"487636,0",2022-11-18,sexta-feira,15:00:00,SC,101,"215,0",PALHOCA,Acessar a via sem observar a presença dos outros veículos,Colisão lateral mesmo sentido,Com Vítimas Feridas,Pleno dia,Crescente,Sol,Múltipla,Viaduto,Sim,2,0,1,0,0,1,1,2,-27.65184843,-48.67604941,SPRF-SC,DEL01-SC,UOP02-DEL01-SC,2022
"487653,0",2022-11-04,sexta-feira,04:50:00,SC,282,"218,1",LAGES,Ausência de reação do condutor,Tombamento,Com Vítimas Fatais,Amanhecer,Decrescente,Nublado,Dupla,Reta;Declive,Sim,1,1,0,0,0,0,0,1,-27.7980153,-50.3041417,SPRF-SC,DEL05-SC,UOP01-DEL05-SC,2022
"487672,0",2022-11-18,sexta-feira,16:45:00,SC,101,"148,0",ITAPEMA,Reação tardia ou ineficiente do condutor,Colisão traseira,Com Vítimas Feridas,Pleno dia,Decrescente,Céu Claro,Dupla,Reta,Sim,3,0,2,0,1,0,2,2,-27.10123686,-48.61807962,SPRF-SC,DEL04-SC,UOP03-DEL04-SC,2022
"487683,0",2022-11-18,sexta-feira,18:35:00,SC,101,"211,0",PALHOCA,Condutor deixou de manter distância do veículo da frente,Colisão traseira,Com Vítimas Feridas,Plena Noite,Decrescente,Céu Claro,Múltipla,Reta,Sim,2,0,1,0,1,0,1,2,-27.62329313,-48.65245588,SPRF-SC,DEL01-SC,UOP02-DEL01-SC,2022
"487693,0",2022-11-18,sexta-feira,17:45:00,SC,282,"607,0",MARAVILHA,Ultrapassagem Indevida,Colisão frontal,Com Vítimas Feridas,Anoitecer,Crescente,Céu Claro,Simples,Reta,Não,2,0,2,0,0,0,2,2,-26.77019256,-53.2093513,SPRF-SC,DEL07-SC,UOP02-DEL07-SC,2022
"487703,0",2022-11-18,sexta-feira,20:10:00,SC,282,"1,9",FLORIANOPOLIS,Ausência de reação do condutor,Colisão lateral mesmo sentido,Com Vítimas Feridas,Plena Noite,Decrescente,Nublado,Múltipla,Reta,Sim,2,0,1,0,1,0,1,2,-27.602955,-48.580509,SPRF-SC,DEL01-SC,UOP01-DEL01-SC,2022
"487716,0",2022-11-18,sexta-feira,18:00:00,SC,163,"68,7",SAO MIGUEL DO OESTE,Acessar a via sem observar a presença dos outros veículos,Colisão transversal,Sem Vítimas,Pleno dia,Decrescente,Céu Claro,Dupla,Reta;Aclive,Não,2,0,0,0,2,0,0,2,-26.74358593,-53.5010308,SPRF-SC,DEL07-SC,UOP03-DEL07-SC,2022
"487721,0",2022-11-18,sexta-feira,21:20:00,SC,101,"447,9",SANTA ROSA DO SUL,Reação tardia ou ineficiente do condutor,Saída de leito carroçável,Com Vítimas Feridas,Plena Noite,Crescente,Céu Claro,Dupla,Curva,Não,1,0,0,1,0,0,1,1,-29.1536417,-49.72838044,SPRF-SC,DEL02-SC,UOP02-DEL02-SC,2022
"487755,0",2022-11-19,sábado,03:20:00,SC,101,"193,0",BIGUACU,Reação tardia ou ineficiente do condutor,Colisão com objeto,Com Vítimas Feridas,Plena Noite,Decrescente,Céu Claro,Múltipla,Em Obras;Curva;Desvio Temporário,Sim,1,0,0,1,0,0,1,1,-27.489574,-48.655914,SPRF-SC,DEL01-SC,UOP01-DEL01-SC,2022
"487769,0",2022-11-19,sábado,06:00:00,SC,101,"224,0",PALHOCA,Ausência de reação do condutor,Saída de leito carroçável,Com Vítimas Feridas,Pleno dia,Decrescente,Céu Claro,Dupla,Reta,Não,1,0,0,1,0,0,1,1,-27.72384789,-48.64386769,SPRF-SC,DEL01-SC,UOP02-DEL01-SC,2022
"487781,0",2022-11-19,sábado,05:20:00,SC,116,"263,4",CAPAO ALTO,Ausência de reação do condutor,Saída de leito carroçável,Com Vítimas Feridas,Amanhecer,Crescente,Céu Claro,Simples,Reta,Não,2,0,2,0,0,0,2,1,-27.92933364,-50.45666814,SPRF-SC,DEL05-SC,UOP02-DEL05-SC,2022
"487796,0",2022-09-20,terça-feira,18:30:00,SC,101,"218,0",PALHOCA,Manobra de mudança de faixa,Colisão lateral mesmo sentido,Com Vítimas Feridas,Plena Noite,Crescente,Céu Claro,Dupla,Reta,Sim,2,0,1,0,1,0,1,2,-27.6758601,-48.67052525,SPRF-SC,DEL01-SC,UOP02-DEL01-SC,2022
"487797,0",2022-11-19,sábado,09:00:00,SC,101,"215,0",PALHOCA,Mal súbito do condutor,Tombamento,Com Vítimas Feridas,Pleno dia,Crescente,Sol,Múltipla,Reta,Sim,2,0,2,0,0,0,2,1,-27.65184843,-48.67604941,SPRF-SC,DEL01-SC,UOP02-DEL01-SC,2022
"487799,0",2022-11-19,sábado,07:37:00,SC,282,"376,2",HERVAL DOESTE,Ausência de reação do condutor,Saída de leito carroçável,Com Vítimas Feridas,Pleno dia,Decrescente,Céu Claro,Simples,Reta,Não,1,0,1,0,0,0,1,1,-27.224768,-51.457851,SPRF-SC,DEL07-SC,UOP05-DEL07-SC,2022
"487800,0",2022-11-19,sábado,08:30:00,SC,101,"208,0",SAO JOSE,Reação tardia ou ineficiente do condutor,Colisão traseira,Com Vítimas Feridas,Pleno dia,Decrescente,Sol,Múltipla,Reta;Declive,Sim,2,0,1,0,0,1,1,2,-27.60327979,-48.63201818,SPRF-SC,DEL01-SC,UOP01-DEL01-SC,2022
"487827,0",2022-11-19,sábado,11:40:00,SC,470,"141,1",RIO DO SUL,Demais falhas mecânicas ou elétricas,Colisão frontal,Com Vítimas Feridas,Pleno dia,Crescente,Céu Claro,Simples,Curva,Sim,3,0,1,0,2,0,1,3,-27.2098678,-49.65186238,SPRF-SC,DEL04-SC,UOP02-DEL04-SC,2022
"487834,0",2022-11-19,sábado,13:00:00,SC,101,"223,0",PALHOCA,Obstrução na via,Engavetamento,Com Vítimas Feridas,Pleno dia,Decrescente,Céu Claro,Dupla,Declive,Não,6,0,2,0,4,0,2,5,-27.71552634,-48.64881251,SPRF-SC,DEL01-SC,UOP02-DEL01-SC,2022
"487842,0",2022-11-19,sábado,12:20:00,SC,470,"44,5",GASPAR,Demais falhas mecânicas ou elétricas,Queda de ocupante de veículo,Com Vítimas Feridas,Pleno dia,Crescente,Céu Claro,Dupla,Reta,Não,1,0,1,0,0,0,1,1,-26.870665,-49.021896,SPRF-SC,DEL04-SC,UOP01-DEL04-SC,2022
"487850,0",2022-11-19,sábado,13:30:00,SC,282,"643,4",SAO MIGUEL DO OESTE,Ingestão de álcool pelo condutor,Saída de leito carroçável,Com Vítimas Feridas,Pleno dia,Decrescente,Céu Claro,Dupla,Reta,Não,1,0,1,0,0,0,1,1,-26.76903066,-53.46983319,SPRF-SC,DEL07-SC,UOP03-DEL07-SC,2022
"487879,0",2022-11-19,sábado,16:15:00,SC,101,"87,9",BARRA VELHA,Ausência de reação do condutor,Saída de leito carroçável,Sem Vítimas,Pleno dia,Crescente,Sol,Múltipla,Curva,Sim,1,0,0,0,1,0,0,1,-26.63713377,-48.69651057,SPRF-SC,DEL03-SC,UOP02-DEL03-SC,2022
"487917,0",2022-11-19,sábado,21:30:00,SC,101,"204,0",SAO JOSE,Ingestão de álcool pelo condutor,Colisão traseira,Sem Vítimas,Plena Noite,Decrescente,Nublado,Múltipla,Reta,Sim,2,0,0,0,1,1,0,2,-27.57413014,-48.61363083,SPRF-SC,DEL01-SC,UOP01-DEL01-SC,2022
"487926,0",2022-11-19,sábado,19:30:00,SC,470,"49,0",BLUMENAU,Pista esburacada,Queda de ocupante de veículo,Com Vítimas Feridas,Plena Noite,Decrescente,Céu Claro,Simples,Em Obras;Reta,Não,2,0,2,0,0,0,2,1,-26.860662,-49.065159,SPRF-SC,DEL04-SC,UOP01-DEL04-SC,2022
"487942,0",2022-11-20,domingo,00:10:00,SC,153,"77,3",IRANI,Obstrução na via,Colisão com objeto,Com Vítimas Feridas,Plena Noite,Decrescente,Céu Claro,Simples,Curva,Não,1,0,1,0,0,0,1,1,-27.097824,-51.899704,SPRF-SC,DEL07-SC,UOP04-DEL07-SC,2022
"487965,0",2022-11-20,domingo,07:10:00,SC,101,"92,0",BARRA VELHA,Condutor Dormindo,Saída de leito carroçável,Com Vítimas Feridas,Pleno dia,Decrescente,Sol,Múltipla,Retorno Regulamentado,Sim,1,0,1,0,0,0,1,1,-26.6806041,-48.6931497,SPRF-SC,DEL03-SC,UOP02-DEL03-SC,2022
"487981,0",2022-11-20,domingo,09:50:00,SC,101,"66,5",ARAQUARI,Velocidade Incompatível,Saída de leito carroçável,Com Vítimas Feridas,Pleno dia,Decrescente,Céu Claro,Múltipla,Curva,Não,2,0,1,1,0,0,2,1,-26.478474,-48.73863,SPRF-SC,DEL03-SC,UOP02-DEL03-SC,2022
"487984,0",2022-11-20,domingo,09:45:00,SC,101,"23,0",JOINVILLE,Condutor deixou de manter distância do veículo da frente,Colisão traseira,Com Vítimas Feridas,Pleno dia,Decrescente,Céu Claro,Dupla,Reta,Não,6,0,1,0,5,0,1,2,-26.16582501,-48.90742427,SPRF-SC,DEL03-SC,UOP01-DEL03-SC,2022
"488013,0",2022-11-20,domingo,12:30:00,SC,280,"43,2",GUARAMIRIM,Ultrapassagem Indevida,Colisão frontal,Com Vítimas Fatais,Pleno dia,Decrescente,Nublado,Simples,Reta,Sim,3,3,0,0,0,0,0,2,-26.45140652,-48.88041079,SPRF-SC,DEL03-SC,UOP03-DEL03-SC,2022
"488024,0",2022-11-20,domingo,08:45:00,SC,470,"16,0",ILHOTA,Reação tardia ou ineficiente do condutor,Tombamento,Com Vítimas Feridas,Pleno dia,Decrescente,Nublado,Simples,Reta,Não,1,0,1,0,0,0,1,1,-26.843019,-48.794434,SPRF-SC,DEL04-SC,UOP04-DEL04-SC,2022
"488030,0",2022-10-10,segunda-feira,13:30:00,SC,470,"124,2",IBIRAMA,Reação tardia ou ineficiente do condutor,Saída de leito carroçável,Com Vítimas Feridas,Pleno dia,Crescente,Chuva,Simples,Curva,Não,1,0,1,0,0,0,1,1,-27.115863,-49.592323,SPRF-SC,DEL04-SC,UOP02-DEL04-SC,2022
"488036,0",2022-11-20,domingo,14:45:00,SC,282,"79,2",ALFREDO WAGNER,Acesso irregular,Colisão traseira,Com Vítimas Feridas,Pleno dia,Crescente,Nublado,Simples,Reta,Não,2,0,1,0,1,0,1,2,-27.6707,-49.155758,SPRF-SC,DEL01-SC,UOP03-DEL01-SC,2022
"488043,0",2022-11-20,domingo,16:50:00,SC,101,"10,0",GARUVA,Condutor Dormindo,Colisão traseira,Com Vítimas Feridas,Anoitecer,Decrescente,Garoa/Chuvisco,Dupla,Reta,Sim,5,0,5,0,0,0,5,2,-26.063011,-48.86020605,SPRF-SC,DEL03-SC,UOP01-DEL03-SC,2022
"488046,0",2022-11-20,domingo,17:00:00,SC,101,"322,0",PESCARIA BRAVA,Manobra de mudança de faixa,Colisão traseira,Com Vítimas Feridas,Pleno dia,Crescente,Céu Claro,Dupla,Reta,Sim,4,0,2,0,1,1,2,3,-28.42801493,-48.91357899,SPRF-SC,DEL02-SC,UOP01-DEL02-SC,2022
"488062,0",2022-11-20,domingo,18:00:00,SC,101,"323,0",PESCARIA BRAVA,Reação tardia ou ineficiente do condutor,Colisão traseira,Sem Vítimas,Anoitecer,Crescente,Céu Claro,Dupla,Reta,Não,2,0,0,0,2,0,0,2,-28.42789556,-48.91248313,SPRF-SC,DEL02-SC,UOP01-DEL02-SC,2022
"488118,0",2022-11-24,quinta-feira,07:55:00,SC,101,"119,0",ITAJAI,Manobra de mudança de faixa,Colisão lateral mesmo sentido,Com Vítimas Feridas,Pleno dia,Crescente,Céu Claro,Dupla,Reta,Sim,2,0,1,0,1,0,1,2,-26.9043179,-48.71555481,SPRF-SC,DEL04-SC,UOP04-DEL04-SC,2022
"488126,0",2022-11-24,quinta-feira,15:40:00,SC,101,"110,7",ITAJAI,Trafegar com motocicleta (ou similar) entre as faixas,Colisão traseira,Com Vítimas Feridas,Pleno dia,Crescente,Céu Claro,Dupla,Reta,Sim,3,0,1,0,2,0,1,2,-26.83663166,-48.71166229,SPRF-SC,DEL04-SC,UOP04-DEL04-SC,2022
"488144,0",2022-11-24,quinta-feira,10:15:00,SC,101,"252,2",PAULO LOPES,Desrespeitar a preferência no cruzamento,Colisão frontal,Com Vítimas Feridas,Pleno dia,Decrescente,Céu Claro,Simples,Interseção de Vias,Sim,5,0,2,0,3,0,2,2,-27.96156129,-48.68060446,SPRF-SC,DEL02-SC,UOP03-DEL02-SC,2022
"488160,0",2022-11-24,quinta-feira,19:15:00,SC,280,"238,0",CANOINHAS,Mal súbito do condutor,Saída de leito carroçável,Sem Vítimas,Plena Noite,Crescente,Nublado,Simples,Reta,Não,1,0,0,0,1,0,0,1,-26.20536399,-50.438846,SPRF-SC,DEL06-SC,UOP04-DEL06-SC,2022