id,data_inversa,dia_semana,horario,uf,br,km,municipio,causa_acidente,tipo_acidente,classificacao_acidente,fase_dia,sentido_via,condicao_metereologica,tipo_pista,tracado_via,uso_solo,pessoas,mortos,feridos_leves,feridos_graves,ilesos,ignorados,feridos,veiculos,latitude,longitude,regional,delegacia,uop,ano_arquivo
"488214,0",2022-11-13,domingo,17:15:00,SC,470,"171,0",POUSO REDONDO,Avarias e/ou desgaste excessivo no pneu,Colisão lateral mesmo sentido,Com Vítimas Feridas,Pleno dia,Decrescente,Chuva,Simples,Curva;Declive,Sim,4,0,3,0,1,0,3,2,-27.260828,-49.900455,SPRF-SC,DEL04-SC,UOP02-DEL04-SC,2022
"488223,0",2022-11-25,sexta-feira,07:30:00,SC,101,"213,0",PALHOCA,Ausência de reação do condutor,Colisão traseira,Com Vítimas Feridas,Pleno dia,Decrescente,Céu Claro,Múltipla,Reta,Não,2,0,1,0,0,1,1,2,-27.63697369,-48.66514142,SPRF-SC,DEL01-SC,UOP02-DEL01-SC,2022
"488256,0",2022-11-22,terça-feira,06:10:00,SC,163,"71,5",SAO MIGUEL DO OESTE,Ausência de reação do condutor,Saída de leito carroçável,Com Vítimas Feridas,Pleno dia,Crescente,Céu Claro,Dupla,Reta,Sim,2,0,1,0,0,1,1,2,-26.72772401,-53.51281303,SPRF-SC,DEL07-SC,UOP03-DEL07-SC,2022
"488257,0",2022-11-21,segunda-feira,11:00:00,SC,470,"139,0",RIO DO SUL,Reação tardia ou ineficiente do condutor,Colisão traseira,Com Vítimas Feridas,Pleno dia,Crescente,Céu Claro,Múltipla,Reta,Não,2,0,1,0,1,0,1,2,-27.217564,-49.65461,SPRF-SC,DEL04-SC,UOP02-DEL04-SC,2022
"488266,0",2022-11-21,segunda-feira,04:53:00,SC,101,"120,0",ITAJAI,Velocidade Incompatível,Colisão com objeto,Com Vítimas Feridas,Amanhecer,Crescente,Céu Claro,Múltipla,Viaduto;Curva,Sim,1,0,0,1,0,0,1,1,-26.912758,-48.711998,SPRF-SC,DEL04-SC,UOP04-DEL04-SC,2022
"488271,0",2022-11-21,segunda-feira,07:40:00,SC,101,"199,0",SAO JOSE,Ausência de reação do condutor,Colisão traseira,Com Vítimas Feridas,Pleno dia,Crescente,Céu Claro,Múltipla,Reta,Sim,2,0,1,0,0,1,1,2,-27.53413705,-48.63003205,SPRF-SC,DEL01-SC,UOP01-DEL01-SC,2022
"488298,0",2022-11-23,quarta-feira,16:50:00,SC,101,"206,4",SAO JOSE,Reação tardia ou ineficiente do condutor,Colisão traseira,Com Vítimas Feridas,Pleno dia,Decrescente,Céu Claro,Múltipla,Reta;Interseção de Vias,Não,2,0,1,0,1,0,1,2,-27.59193546,-48.61824557,SPRF-SC,DEL01-SC,UOP01-DEL01-SC,2022
"488305,0",2022-11-23,quarta-feira,17:20:00,SC,101,"196,4",BIGUACU,Acessar a via sem observar a presença dos outros veículos,Colisão transversal,Com Vítimas Feridas,Pleno dia,Crescente,Céu Claro,Múltipla,Interseção de Vias;Reta,Sim,2,0,1,0,1,0,1,2,-27.5140132,-48.64034772,SPRF-SC,DEL01-SC,UOP01-DEL01-SC,2022
"488323,0",2022-11-25,sexta-feira,09:00:00,SC,282,"349,0",CAMPOS NOVOS,Velocidade Incompatível,Capotamento,Com Vítimas Feridas,Pleno dia,Decrescente,Céu Claro,Simples,Reta,Não,2,0,2,0,0,0,2,1,-27.358049,-51.282482,SPRF-SC,DEL07-SC,UOP06-DEL07-SC,2022
"488338,0",2022-11-23,quarta-feira,14:00:00,SC,280,"103,0",CORUPA,Reação tardia ou ineficiente do condutor,Saída de leito carroçável,Sem Vítimas,Pleno dia,Decrescente,Garoa/Chuvisco,Simples,Reta,Não,1,0,0,0,0,1,0,1,-26.35967199,-49.347507,SPRF-SC,DEL06-SC,UOP03-DEL06-SC,2022
"488340,0",2022-11-21,segunda-feira,16:40:00,SC,153,"71,0",IRANI,Acumulo de água sobre o pavimento,Saída de leito carroçável,Com Vítimas Feridas,Pleno dia,Crescente,Chuva,Simples,Curva,Não,1,0,1,0,0,0,1,1,-27.05794,-51.890205,SPRF-SC,DEL07-SC,UOP04-DEL07-SC,2022
"488361,0",2022-11-24,quinta-feira,06:10:00,SC,101,"324,0",PESCARIA BRAVA,Reação tardia ou ineficiente do condutor,Colisão lateral mesmo sentido,Com Vítimas Feridas,Amanhecer,Decrescente,Céu Claro,Dupla,Reta,Não,3,0,0,2,1,0,2,2,-28.42890047,-48.92285509,SPRF-SC,DEL02-SC,UOP01-DEL02-SC,2022
"488416,0",2022-11-20,domingo,21:32:00,SC,101,"207,5",SAO JOSE,Velocidade Incompatível,Queda de ocupante de veículo,Com Vítimas Feridas,Pleno dia,Crescente,Céu Claro,Simples,Interseção de Vias,Sim,1,0,0,1,0,0,1,1,-27.603985,-48.632965,SPRF-SC,DEL01-SC,UOP01-DEL01-SC,2022
"488424,0",2022-11-23,quarta-feira,13:40:00,SC,280,"68,6",JARAGUA DO SUL,Acessar a via sem observar a presença dos outros veículos,Colisão transversal,Com Vítimas Feridas,Pleno dia,Decrescente,Céu Claro,Simples,Reta,Não,2,0,1,0,1,0,1,2,-26.47277719,-49.11098612,SPRF-SC,DEL03-SC,UOP03-DEL03-SC,2022
"488442,0",2022-11-25,sexta-feira,12:00:00,SC,470,"180,0",POUSO REDONDO,Condutor deixou de manter distância do veículo da frente,Colisão lateral mesmo sentido,Com Vítimas Feridas,Pleno dia,Crescente,Céu Claro,Simples,Reta,Não,7,0,2,0,5,0,2,2,-27.25056286,-49.99247074,SPRF-SC,DEL04-SC,UOP02-DEL04-SC,2022
"488451,0",2022-11-25,sexta-feira,15:00:00,SC,101,"198,0",BIGUACU,Manobra de mudança de faixa,Colisão lateral mesmo sentido,Com Vítimas Feridas,Pleno dia,Crescente,Céu Claro,Dupla,Reta,Sim,2,0,1,0,1,0,1,2,-27.52658712,-48.63506019,SPRF-SC,DEL01-SC,UOP01-DEL01-SC,2022
"488454,0",2022-11-25,sexta-feira,15:20:00,SC,101,"41,2",JOINVILLE,Demais falhas mecânicas ou elétricas,Colisão com objeto,Com Vítimas Feridas,Pleno dia,Crescente,Nublado,Dupla,Reta,Sim,1,0,1,0,0,0,1,1,-26.33068007,-48.86197329,SPRF-SC,DEL03-SC,UOP01-DEL03-SC,2022
"488467,0",2022-11-24,quinta-feira,07:00:00,SC,101,"208,3",SAO JOSE,Ausência de reação do condutor,Colisão traseira,Com Vítimas Feridas,Pleno dia,Decrescente,Nublado,Múltipla,Interseção de Vias,Sim,2,0,1,0,1,0,1,2,-27.60327979,-48.63201818,SPRF-SC,DEL01-SC,UOP01-DEL01-SC,2022
"488474,0",2022-11-25,sexta-feira,15:30:00,SC,101,"60,0",ARAQUARI,Reação tardia ou ineficiente do condutor,Colisão traseira,Com Vítimas Feridas,Pleno dia,Crescente,Nublado,Múltipla,Reta,Não,3,0,1,0,2,0,1,2,-26.45072823,-48.78570317,SPRF-SC,DEL03-SC,UOP02-DEL03-SC,2022
"488492,0",2022-11-25,sexta-feira,16:50:00,SC,101,"206,0",SAO JOSE,Trafegar com motocicleta (ou similar) entre as faixas,Colisão lateral mesmo sentido,Com Vítimas Feridas,Pleno dia,Crescente,Céu Claro,Múltipla,Reta,Sim,2,0,1,0,1,0,1,2,-27.59193546,-48.61824557,SPRF-SC,DEL01-SC,UOP01-DEL01-SC,2022
"488500,0",2022-11-25,sexta-feira,11:00:00,SC,280,"32,3",ARAQUARI,Acessar a via sem observar a presença dos outros veículos,Colisão transversal,Com Vítimas Feridas,Pleno dia,Decrescente,Céu Claro,Simples,Reta,Não,2,0,1,1,0,0,2,2,-26.420618,-48.779335,SPRF-SC,DEL03-SC,UOP03-DEL03-SC,2022
"488527,0",2022-11-25,sexta-feira,18:30:00,SC,101,"199,0",BIGUACU,Objeto estático sobre o leito carroçável,Colisão com objeto,Com Vítimas Feridas,Pleno dia,Crescente,Nublado,Dupla,Reta,Sim,2,0,1,1,0,0,2,1,-27.53413705,-48.63003205,SPRF-SC,DEL01-SC,UOP01-DEL01-SC,2022
"488533,0",2022-11-25,sexta-feira,18:51:00,SC,116,"139,9",SANTA CECILIA,Acessar a via sem observar a presença dos outros veículos,Colisão transversal,Com Vítimas Feridas,Pleno dia,Crescente,Céu Claro,Simples,Declive;Reta,Sim,5,0,4,0,1,0,4,2,-26.96374835,-50.41218817,SPRF-SC,DEL06-SC,UOP02-DEL06-SC,2022
"488535,0",2022-11-25,sexta-feira,18:00:00,SC,280,"31,0",ARAQUARI,Ultrapassagem Indevida,Colisão frontal,Com Vítimas Feridas,Anoitecer,Crescente,Céu Claro,Simples,Reta,Não,3,0,0,1,2,0,1,3,-26.41649938,-48.77181215,SPRF-SC,DEL03-SC,UOP03-DEL03-SC,2022
"488540,0",2022-11-21,segunda-feira,15:30:00,SC,101,"47,0",JOINVILLE,Avarias e/ou desgaste excessivo no pneu,Queda de ocupante de veículo,Com Vítimas Feridas,Pleno dia,Crescente,Céu Claro,Dupla,Reta,Sim,2,0,1,0,1,0,1,1,-26.34234997,-48.85840089,SPRF-SC,DEL03-SC,UOP01-DEL03-SC,2022
"488561,0",2022-11-25,sexta-feira,20:40:00,SC,470,"68,0",INDAIAL,Retorno proibido,Colisão transversal,Com Vítimas Feridas,Plena Noite,Crescente,Nublado,Simples,Reta;Ponte,Sim,2,0,1,0,1,0,1,2,-26.87839004,-49.24017038,SPRF-SC,DEL04-SC,UOP01-DEL04-SC,2022
"488581,0",2022-11-25,sexta-feira,21:30:00,SC,101,"353,0",SANGAO,Ingestão de álcool pelo condutor,Colisão com objeto,Sem Vítimas,Plena Noite,Decrescente,Céu Claro,Dupla,Reta,Não,1,0,0,0,1,0,0,1,-28.61232036,-49.06197674,SPRF-SC,DEL02-SC,UOP01-DEL02-SC,2022
"488589,0",2022-11-25,sexta-feira,22:39:00,SC,280,"81,0",CORUPA,Ingestão de álcool pelo condutor,Colisão lateral mesmo sentido,Com Vítimas Feridas,Plena Noite,Decrescente,Céu Claro,Simples,Interseção de Vias,Sim,3,0,2,0,1,0,2,2,-26.44057489,-49.217056,SPRF-SC,DEL06-SC,UOP03-DEL06-SC,2022
"488596,0",2022-11-25,sexta-feira,23:50:00,SC,101,"137,5",BALNEARIO CAMBORIU,Velocidade Incompatível,Colisão traseira,Com Vítimas Feridas,Plena Noite,Decrescente,Céu Claro,Dupla,Reta,Sim,2,0,0,1,1,0,1,2,-27.0157238,-48.61192763,SPRF-SC,DEL04-SC,UOP03-DEL04-SC,2022
"488615,0",2022-11-26,sábado,03:00:00,SC,470,"63,3",INDAIAL,Pedestre andava na pista,Atropelamento de Pedestre,Com Vítimas Feridas,Plena Noite,Decrescente,Céu Claro,Simples,Reta;Declive,Não,2,0,0,1,0,1,1,2,-26.872396,-49.19228,SPRF-SC,DEL04-SC,UOP01-DEL04-SC,2022
"488626,0",2022-11-26,sábado,03:20:00,SC,282,"344,0",CAMPOS NOVOS,Ingestão de álcool pelo condutor,Tombamento,Com Vítimas Feridas,Plena Noite,Crescente,Céu Claro,Simples,Reta,Não,2,0,1,0,1,0,1,1,-27.381166,-51.240082,SPRF-SC,DEL07-SC,UOP06-DEL07-SC,2022
"488642,0",2022-11-25,sexta-feira,20:50:00,SC,280,"128,0",RIO NEGRINHO,Acessar a via sem observar a presença dos outros veículos,Atropelamento de Pedestre,Com Vítimas Feridas,Plena Noite,Crescente,Nublado,Simples,Reta,Não,2,0,1,0,1,0,1,2,-26.24317941,-49.51320018,SPRF-SC,DEL06-SC,UOP03-DEL06-SC,2022
"488649,0",2022-11-22,terça-feira,07:10:00,SC,116,"5,8",MAFRA,Reação tardia ou ineficiente do condutor,Colisão traseira,Com Vítimas Feridas,Pleno dia,Decrescente,Nublado,Simples,Reta,Sim,2,0,1,0,1,0,1,2,-26.14548953,-49.82194662,SPRF-SC,DEL06-SC,UOP01-DEL06-SC,2022
"488650,0",2022-11-22,terça-feira,16:00:00,SC,101,"201,0",SAO JOSE,Acessar a via sem observar a presença dos outros veículos,Atropelamento de Pedestre,Com Vítimas Feridas,Pleno dia,Crescente,Céu Claro,Dupla,Interseção de Vias,Sim,2,0,1,0,1,0,1,2,-27.54836599,-48.61977975,SPRF-SC,DEL01-SC,UOP01-DEL01-SC,2022
"488651,0",2022-11-22,terça-feira,16:45:00,SC,101,"100,7",BALNEARIO PICARRAS,Ultrapassagem Indevida,Colisão lateral sentido oposto,Com Vítimas Feridas,Pleno dia,Crescente,Nublado,Simples,Reta,Sim,2,0,1,0,1,0,1,2,-26.75482787,-48.68993675,SPRF-SC,DEL03-SC,UOP02-DEL03-SC,2022
"488655,0",2022-11-26,sábado,07:40:00,SC,101,"204,7",SAO JOSE,Trafegar com motocicleta (ou similar) entre as faixas,Tombamento,Com Vítimas Feridas,Pleno dia,Crescente,Garoa/Chuvisco,Múltipla,Reta,Sim,1,0,1,0,0,0,1,1,-27.58313237,-48.61532885,SPRF-SC,DEL01-SC,UOP01-DEL01-SC,2022
"488658,0",2022-11-26,sábado,05:20:00,SC,101,"367,0",SANGAO,Condutor Dormindo,Saída de leito carroçável,Com Vítimas Feridas,Amanhecer,Crescente,Garoa/Chuvisco,Dupla,Reta,Não,2,0,1,1,0,0,2,1,-28.69145778,-49.16484911,SPRF-SC,DEL02-SC,UOP01-DEL02-SC,2022
"488667,0",2022-11-22,terça-feira,18:00:00,SC,280,"22,0",ARAQUARI,Trafegar com motocicleta (ou similar) entre as faixas,Colisão transversal,Com Vítimas Feridas,Anoitecer,Crescente,Céu Claro,Simples,Rotatória;Interseção de Vias,Sim,2,0,0,1,1,0,1,2,-26.3765928,-48.71884086,SPRF-SC,DEL03-SC,UOP03-DEL03-SC,2022
"488669,0",2022-11-22,terça-feira,06:40:00,SC,101,"204,0",SAO JOSE,Demais falhas mecânicas ou elétricas,Queda de ocupante de veículo,Com Vítimas Feridas,Pleno dia,Crescente,Nublado,Dupla,Reta,Sim,2,0,0,1,1,0,1,1,-27.57413014,-48.61363083,SPRF-SC,DEL01-SC,UOP01-DEL01-SC,2022
"488722,0",2022-11-22,terça-feira,08:50:00,SC,280,"5,4",SAO FRANCISCO DO SUL,Acessar a via sem observar a presença dos outros veículos,Colisão transversal,Com Vítimas Feridas,Pleno dia,Crescente,Nublado,Simples,Reta,Sim,2,0,2,0,0,0,2,2,-26.26011706,-48.62571995,SPRF-SC,DEL03-SC,UOP03-DEL03-SC,2022
"488727,0",2022-11-26,sábado,10:29:00,SC,470,"52,0",BLUMENAU,Acessar a via sem observar a presença dos outros veículos,Colisão lateral mesmo sentido,Com Vítimas Feridas,Pleno dia,Crescente,Chuva,Simples,Interseção de Vias,Sim,3,0,2,0,1,0,2,2,-26.862286,-49.093903,SPRF-SC,DEL04-SC,UOP01-DEL04-SC,2022
"488733,0",2022-11-26,sábado,09:35:00,SC,282,"72,0",RANCHO QUEIMADO,Velocidade Incompatível,Saída de leito carroçável,Com Vítimas Feridas,Pleno dia,Decrescente,Garoa/Chuvisco,Simples,Curva,Não,1,0,1,0,0,0,1,1,-27.6914098,-49.09099102,SPRF-SC,DEL01-SC,UOP03-DEL01-SC,2022
"488736,0",2022-11-26,sábado,07:30:00,SC,282,"69,7",RANCHO QUEIMADO,Velocidade Incompatível,Saída de leito carroçável,Com Vítimas Feridas,Pleno dia,Decrescente,Chuva,Simples,Curva;Declive,Não,4,0,4,0,0,0,4,1,-27.690144,-49.083813,SPRF-SC,DEL01-SC,UOP03-DEL01-SC,2022
"488743,0",2022-11-26,sábado,08:30:00,SC,280,"102,0",SAO BENTO DO SUL,Reação tardia ou ineficiente do condutor,Colisão transversal,Com Vítimas Feridas,Pleno dia,Crescente,Chuva,Simples,Reta,Não,5,0,2,0,3,0,2,2,-26.36381888,-49.34016753,SPRF-SC,DEL06-SC,UOP03-DEL06-SC,2022
"488762,0",2022-11-26,sábado,11:30:00,SC,101,"202,0",SAO JOSE,Acumulo de água sobre o pavimento,Queda de ocupante de veículo,Com Vítimas Feridas,Pleno dia,Decrescente,Chuva,Simples,Reta,Sim,1,0,0,1,0,0,1,1,-27.55711595,-48.61897889,SPRF-SC,DEL01-SC,UOP01-DEL01-SC,2022
"488775,0",2022-11-26,sábado,12:30:00,SC,470,"12,0",ILHOTA,Acumulo de água sobre o pavimento,Capotamento,Com Vítimas Feridas,Pleno dia,Decrescente,Chuva,Dupla,Reta,Não,1,0,1,0,0,0,1,1,-26.835169,-48.757267,SPRF-SC,DEL04-SC,UOP04-DEL04-SC,2022
"488788,0",2022-11-26,sábado,12:50:00,SC,101,"191,6",BIGUACU,Condutor deixou de manter distância do veículo da frente,Colisão traseira,Com Vítimas Feridas,Pleno dia,Decrescente,Garoa/Chuvisco,Dupla,Reta,Sim,5,0,3,0,2,0,3,3,-27.47730273,-48.64127329,SPRF-SC,DEL01-SC,UOP01-DEL01-SC,2022
"488793,0",2022-11-22,terça-feira,20:40:00,SC,282,"324,0",CAMPOS NOVOS,Reação tardia ou ineficiente do condutor,Saída de leito carroçável,Com Vítimas Feridas,Plena Noite,Crescente,Céu Claro,Simples,Interseção de Vias,Não,5,0,4,1,0,0,5,1,-27.37466367,-51.06685638,SPRF-SC,DEL07-SC,UOP06-DEL07-SC,2022
"488798,0",2022-11-26,sábado,13:10:00,SC,101,"381,0",ICARA,Reação tardia ou ineficiente do condutor,Saída de leito carroçável,Sem Vítimas,Pleno dia,Crescente,Céu Claro,Múltipla,Reta,Não,1,0,0,0,0,1,0,1,-28.75478409,-49.27732095,SPRF-SC,DEL02-SC,UOP02-DEL02-SC,2022
"488809,0",2022-11-26,sábado,14:40:00,SC,101,"38,5",JOINVILLE,Chuva,Tombamento,Com Vítimas Feridas,Pleno dia,Crescente,Chuva,Dupla,Reta,Sim,1,0,1,0,0,0,1,1,-26.25472505,-48.90561309,SPRF-SC,DEL03-SC,UOP01-DEL03-SC,2022
"488813,0",2022-11-26,sábado,13:30:00,SC,101,"138,0",BALNEARIO CAMBORIU,Acumulo de água sobre o pavimento,Saída de leito carroçável,Com Vítimas Feridas,Pleno dia,Crescente,Chuva,Dupla,Curva,Não,3,0,2,0,1,0,2,1,-27.02397426,-48.60761649,SPRF-SC,DEL04-SC,UOP03-DEL04-SC,2022
"488817,0",2022-09-23,sexta-feira,07:15:00,SC,282,"40,9",AGUAS MORNAS,Desrespeitar a preferência no cruzamento,Colisão transversal,Com Vítimas Feridas,Pleno dia,Crescente,Céu Claro,Simples,Reta,Sim,2,0,1,0,1,0,1,2,-27.716325,-48.87951,SPRF-SC,DEL01-SC,UOP03-DEL01-SC,2022
"488829,0",2022-11-26,sábado,15:10:00,SC,101,"68,5",ARAQUARI,Chuva,Saída de leito carroçável,Com Vítimas Feridas,Pleno dia,Decrescente,Chuva,Dupla,Reta,Não,2,0,1,0,1,0,1,1,-26.49513001,-48.73280803,SPRF-SC,DEL03-SC,UOP02-DEL03-SC,2022
"488835,0",2022-11-26,sábado,10:00:00,SC,470,"143,0",RIO DO SUL,Acessar a via sem observar a presença dos outros veículos,Colisão lateral mesmo sentido,Com Vítimas Feridas,Pleno dia,Decrescente,Nublado,Simples,Rotatória,Não,2,0,1,0,1,0,1,2,-27.233143,-49.672886,SPRF-SC,DEL04-SC,UOP02-DEL04-SC,2022
"488844,0",2022-10-07,sexta-feira,16:10:00,SC,101,"155,0",PORTO BELO,Condutor deixou de manter distância do veículo da frente,Colisão traseira,Sem Vítimas,Pleno dia,Decrescente,Céu Claro,Dupla,Reta,Sim,2,0,0,0,1,1,0,2,-27.16292,-48.61129,SPRF-SC,DEL04-SC,UOP03-DEL04-SC,2022
"488851,0",2022-11-26,sábado,16:25:00,SC,101,"197,0",BIGUACU,Condutor deixou de manter distância do veículo da frente,Tombamento,Com Vítimas Feridas,Pleno dia,Decrescente,Garoa/Chuvisco,Dupla,Curva,Sim,1,0,1,0,0,0,1,1,-27.51844497,-48.63848496,SPRF-SC,DEL01-SC,UOP01-DEL01-SC,2022
"488854,0",2022-11-20,domingo,21:10:00,SC,282,"379,4",HERVAL DOESTE,Velocidade Incompatível,Saída de leito carroçável,Com Vítimas Feridas,Plena Noite,Crescente,Céu Claro,Simples,Rotatória,Não,1,0,1,0,0,0,1,1,-27.21473567,-51.48690104,SPRF-SC,DEL07-SC,UOP05-DEL07-SC,2022
"488859,0",2022-11-26,sábado,16:15:00,SC,282,"46,7",AGUAS MORNAS,Velocidade Incompatível,Saída de leito carroçável,Com Vítimas Feridas,Pleno dia,Decrescente,Chuva,Simples,Reta;Declive,Não,2,0,1,1,0,0,2,1,-27.721041,-48.925152,SPRF-SC,DEL01-SC,UOP03-DEL01-SC,2022
"488868,0",2022-11-26,sábado,13:45:00,SC,470,"63,9",INDAIAL,Reação tardia ou ineficiente do condutor,Capotamento,Com Vítimas Feridas,Pleno dia,Decrescente,Chuva,Simples,Curva,Não,3,0,3,0,0,0,3,1,-26.872396,-49.19228,SPRF-SC,DEL04-SC,UOP01-DEL04-SC,2022
"488871,0",2022-11-23,quarta-feira,23:50:00,SC,282,"214,1",LAGES,Ultrapassagem Indevida,Colisão frontal,Com Vítimas Feridas,Plena Noite,Decrescente,Céu Claro,Simples,Reta;Aclive,Não,4,0,1,3,0,0,4,2,-27.78937,-50.271915,SPRF-SC,DEL05-SC,UOP01-DEL05-SC,2022
"488888,0",2022-11-20,domingo,19:45:00,SC,101,"118,0",ITAJAI,Ausência de reação do condutor,Colisão traseira,Sem Vítimas,Plena Noite,Crescente,Nublado,Múltipla,Reta,Não,2,0,0,0,2,0,0,2,-26.895859,-48.71903,SPRF-SC,DEL04-SC,UOP04-DEL04-SC,2022
"488894,0",2022-11-22,terça-feira,13:25:00,SC,163,"70,8",SAO MIGUEL DO OESTE,Acessar a via sem observar a presença dos outros veículos,Colisão transversal,Com Vítimas Feridas,Pleno dia,Decrescente,Céu Claro,Simples,Reta;Interseção de Vias,Sim,2,0,1,0,1,0,1,2,-26.72967607,-53.51156116,SPRF-SC,DEL07-SC,UOP03-DEL07-SC,2022
"488929,0",2022-11-26,sábado,21:10:00,SC,101,"117,0",ITAJAI,Desrespeitar a preferência no cruzamento,Colisão transversal,Com Vítimas Feridas,Plena Noite,Crescente,Chuva,Dupla,Interseção de Vias,Sim,2,0,0,1,1,0,1,2,-26.88747187,-48.72252969,SPRF-SC,DEL04-SC,UOP04-DEL04-SC,2022
"488935,0",2022-11-26,sábado,08:30:00,SC,280,"151,9",MAFRA,Reação tardia ou ineficiente do condutor,Saída de leito carroçável,Com Vítimas Feridas,Pleno dia,Decrescente,Chuva,Simples,Reta,Não,1,0,1,0,0,0,1,1,-26.23248274,-49.69867393,SPRF-SC,DEL06-SC,UOP03-DEL06-SC,2022
"488941,0",2022-11-26,sábado,19:40:00,SC,470,"173,8",POUSO REDONDO,Reação tardia ou ineficiente do condutor,Colisão frontal,Com Vítimas Feridas,Plena Noite,Crescente,Chuva,Simples,Em Obras;Interseção de Vias,Sim,2,0,0,1,1,0,1,2,-27.25692815,-49.93484616,SPRF-SC,DEL04-SC,UOP02-DEL04-SC,2022
"488959,0",2022-11-26,sábado,23:30:00,SC,282,"608,5",MARAVILHA,Ingestão de álcool pelo condutor,Colisão com objeto,Sem Vítimas,Plena Noite,Decrescente,Céu Claro,Simples,Reta,Não,1,0,0,0,0,1,0,1,-26.76339132,-53.21914673,SPRF-SC,DEL07-SC,UOP02-DEL07-SC,2022
"488970,0",2022-11-26,sábado,23:56:00,SC,282,"377,0",HERVAL DOESTE,Velocidade Incompatível,Capotamento,Com Vítimas Feridas,Plena Noite,Crescente,Céu Claro,Simples,Curva,Não,3,0,1,1,1,0,2,2,-27.216974,-51.470055,SPRF-SC,DEL07-SC,UOP05-DEL07-SC,2022
"488979,0",2022-11-27,domingo,02:30:00,SC,101,"205,2",SAO JOSE,Ingestão de álcool pelo condutor,Saída de leito carroçável,Sem Vítimas,Plena Noite,Decrescente,Chuva,Múltipla,Reta,Sim,1,0,0,0,0,1,0,1,-27.58313237,-48.61532885,SPRF-SC,DEL01-SC,UOP01-DEL01-SC,2022
"488992,0",2022-11-27,domingo,03:40:00,SC,163,"97,0",SAO JOSE DO CEDRO,Ingestão de álcool pelo condutor,Colisão com objeto,Com Vítimas Feridas,Plena Noite,Crescente,Céu Claro,Simples,Reta;Em Obras,Não,1,0,0,1,0,0,1,1,-26.508697,-53.51299091,SPRF-SC,DEL07-SC,UOP03-DEL07-SC,2022
"489014,0",2022-11-27,domingo,05:35:00,SC,470,"49,0",BLUMENAU,Reação tardia ou ineficiente do condutor,Saída de leito carroçável,Sem Vítimas,Pleno dia,Crescente,Nublado,Dupla,Viaduto;Reta,Sim,1,0,0,0,1,0,0,1,-26.86108599,-49.06701392,SPRF-SC,DEL04-SC,UOP01-DEL04-SC,2022
"489018,0",2022-11-27,domingo,05:05:00,SC,470,"65,0",INDAIAL,Ingestão de álcool pelo condutor,Saída de leito carroçável,Com Vítimas Feridas,Amanhecer,Crescente,Garoa/Chuvisco,Dupla,Reta,Não,1,0,0,1,0,0,1,1,-26.870411,-49.211864,SPRF-SC,DEL04-SC,UOP01-DEL04-SC,2022
"489019,0",2022-11-27,domingo,05:00:00,SC,101,"128,0",BALNEARIO CAMBORIU,Velocidade Incompatível,Saída de leito carroçável,Sem Vítimas,Amanhecer,Decrescente,Garoa/Chuvisco,Dupla,Curva,Não,1,0,0,0,1,0,0,1,-26.97284292,-48.68299451,SPRF-SC,DEL04-SC,UOP04-DEL04-SC,2022
"489024,0",2022-11-23,quarta-feira,10:15:00,SC,282,"4,5",SAO JOSE,Manobra de mudança de faixa,Colisão lateral mesmo sentido,Com Vítimas Feridas,Pleno dia,Crescente,Nublado,Dupla,Reta,Sim,2,0,0,1,1,0,1,2,-27.592646,-48.604034,SPRF-SC,DEL01-SC,UOP01-DEL01-SC,2022
"489028,0",2022-11-27,domingo,04:30:00,SC,101,"129,0",BALNEARIO CAMBORIU,Reação tardia ou ineficiente do condutor,Colisão com objeto,Sem Vítimas,Plena Noite,Decrescente,Garoa/Chuvisco,Dupla,Reta,Sim,1,0,0,0,1,0,0,1,-26.98064277,-48.6790679,SPRF-SC,DEL04-SC,UOP03-DEL04-SC,2022
"489029,0",2022-11-27,domingo,07:15:00,SC,282,"5,5",SAO JOSE,Pista Escorregadia,Colisão transversal,Com Vítimas Feridas,Pleno dia,Crescente,Chuva,Múltipla,Curva,Sim,2,0,1,0,1,0,1,2,-27.588425,-48.612919,SPRF-SC,DEL01-SC,UOP01-DEL01-SC,2022
"489032,0",2022-11-27,domingo,05:40:00,SC,101,"154,9",PORTO BELO,Reação tardia ou ineficiente do condutor,Saída de leito carroçável,Sem Vítimas,Amanhecer,Crescente,Garoa/Chuvisco,Simples,Viaduto,Sim,1,0,0,0,1,0,0,1,-27.16235593,-48.60955596,SPRF-SC,DEL04-SC,UOP03-DEL04-SC,2022
"489038,0",2022-11-27,domingo,05:00:00,SC,101,"211,0",PALHOCA,Acumulo de água sobre o pavimento,Capotamento,Sem Vítimas,Amanhecer,Crescente,Chuva,Dupla,Reta,Sim,2,0,0,0,1,1,0,2,-27.62329313,-48.65245588,SPRF-SC,DEL01-SC,UOP02-DEL01-SC,2022
"489042,0",2022-11-23,quarta-feira,12:40:00,SC,470,"40,0",GASPAR,Frear bruscamente,Colisão traseira,Com Vítimas Feridas,Pleno dia,Decrescente,Céu Claro,Simples,Reta,Não,2,0,1,0,1,0,1,2,-26.889574,-48.99094,SPRF-SC,DEL04-SC,UOP01-DEL04-SC,2022
"489054,0",2022-11-23,quarta-feira,14:00:00,SC,470,"65,0",BLUMENAU,Condutor deixou de manter distância do veículo da frente,Colisão traseira,Com Vítimas Feridas,Pleno dia,Crescente,Céu Claro,Simples,Reta,Sim,3,0,1,0,2,0,1,2,-26.870411,-49.211864,SPRF-SC,DEL04-SC,UOP01-DEL04-SC,2022