id,data_inversa,dia_semana,horario,uf,br,km,municipio,causa_acidente,tipo_acidente,classificacao_acidente,fase_dia,sentido_via,condicao_metereologica,tipo_pista,tracado_via,uso_solo,pessoas,mortos,feridos_leves,feridos_graves,ilesos,ignorados,feridos,veiculos,latitude,longitude,regional,delegacia,uop,ano_arquivo
"489852,0",2022-11-23,quarta-feira,01:50:00,SC,282,"239,3",SAO JOSE DO CERRITO,Pista Escorregadia,Saída de leito carroçável,Sem Vítimas,Plena Noite,Decrescente,Chuva,Simples,Curva,Não,1,0,0,0,0,1,0,1,-27.771513,-50.496738,SPRF-SC,DEL05-SC,UOP02-DEL05-SC,2022
"489856,0",2022-11-30,quarta-feira,13:30:00,SC,282,"5,5",SAO JOSE,Ausência de reação do condutor,Colisão traseira,Sem Vítimas,Pleno dia,Crescente,Chuva,Múltipla,Reta,Sim,2,0,0,0,2,0,0,2,-27.588425,-48.612919,SPRF-SC,DEL01-SC,UOP01-DEL01-SC,2022
"489864,0",2022-11-19,sábado,21:40:00,SC,470,"170,0",POUSO REDONDO,Ingestão de álcool pelo condutor,Capotamento,Com Vítimas Feridas,Plena Noite,Decrescente,Céu Claro,Simples,Curva,Não,3,0,1,2,0,0,3,1,-27.265903,-49.892441,SPRF-SC,DEL04-SC,UOP02-DEL04-SC,2022
"489868,0",2022-11-30,quarta-feira,14:55:00,SC,101,"120,0",ITAJAI,Reação tardia ou ineficiente do condutor,Colisão lateral mesmo sentido,Com Vítimas Feridas,Pleno dia,Decrescente,Nublado,Dupla,Reta,Sim,2,0,1,0,1,0,1,2,-26.912758,-48.711998,SPRF-SC,DEL04-SC,UOP04-DEL04-SC,2022
"489878,0",2022-11-30,quarta-feira,15:50:00,SC,101,"298,8",LAGUNA,Chuva,Colisão com objeto,Com Vítimas Feridas,Pleno dia,Crescente,Chuva,Múltipla,Reta,Não,2,0,1,0,1,0,1,1,-28.350596,-48.739319,SPRF-SC,DEL02-SC,UOP03-DEL02-SC,2022
"489887,0",2022-11-30,quarta-feira,11:40:00,SC,101,"400,2",MARACAJA,Desrespeitar a preferência no cruzamento,Colisão transversal,Com Vítimas Feridas,Pleno dia,Decrescente,Chuva,Simples,Reta,Sim,2,0,0,1,1,0,1,2,-28.84846615,-49.4346268,SPRF-SC,DEL02-SC,UOP02-DEL02-SC,2022
"489890,0",2022-11-30,quarta-feira,13:10:00,SC,282,"230,7",LAGES,Reação tardia ou ineficiente do condutor,Colisão frontal,Com Vítimas Fatais,Pleno dia,Decrescente,Chuva,Simples,Curva,Não,2,1,0,1,0,0,1,2,-27.7893084,-50.4232253,SPRF-SC,DEL05-SC,UOP02-DEL05-SC,2022
"489894,0",2022-11-30,quarta-feira,18:00:00,SC,101,"43,0",JOINVILLE,Transitar na contramão,Colisão frontal,Com Vítimas Feridas,Pleno dia,Crescente,Chuva,Simples,Reta,Sim,2,0,1,0,1,0,1,2,-26.30357106,-48.88225609,SPRF-SC,DEL03-SC,UOP01-DEL03-SC,2022
"489900,0",2022-11-30,quarta-feira,11:35:00,SC,280,"37,0",ARAQUARI,Pedestre andava na pista,Atropelamento de Pedestre,Com Vítimas Feridas,Pleno dia,Decrescente,Chuva,Simples,Curva,Sim,3,0,1,0,1,1,1,2,-26.44572892,-48.81862707,SPRF-SC,DEL03-SC,UOP03-DEL03-SC,2022
"489906,0",2022-11-30,quarta-feira,17:40:00,SC,282,"374,9",ERVAL VELHO,Chuva,Saída de leito carroçável,Com Vítimas Feridas,Pleno dia,Decrescente,Chuva,Simples,Curva;Declive,Não,2,0,1,0,1,0,1,1,-27.236115,-51.452618,SPRF-SC,DEL07-SC,UOP05-DEL07-SC,2022
"489920,0",2022-11-30,quarta-feira,19:50:00,SC,470,"139,0",RIO DO SUL,Ausência de reação do condutor,Colisão lateral mesmo sentido,Com Vítimas Feridas,Plena Noite,Crescente,Garoa/Chuvisco,Dupla,Interseção de Vias,Sim,2,0,2,0,0,0,2,2,-27.217564,-49.65461,SPRF-SC,DEL04-SC,UOP02-DEL04-SC,2022
"489921,0",2022-11-30,quarta-feira,18:30:00,SC,101,"335,7",TUBARAO,Velocidade Incompatível,Colisão com objeto,Com Vítimas Feridas,Anoitecer,Crescente,Chuva,Dupla,Curva,Sim,1,0,1,0,0,0,1,1,-28.47874198,-49.03338253,SPRF-SC,DEL02-SC,UOP01-DEL02-SC,2022
"489926,0",2022-11-30,quarta-feira,18:10:00,SC,470,"94,0",APIUNA,Pedestre cruzava a pista fora da faixa,Atropelamento de Pedestre,Com Vítimas Feridas,Pleno dia,Crescente,Chuva,Simples,Reta,Não,2,0,0,2,0,0,2,2,-27.003345,-49.374668,SPRF-SC,DEL04-SC,UOP01-DEL04-SC,2022
"489943,0",2022-11-30,quarta-feira,15:15:00,SC,280,"138,0",RIO NEGRINHO,Ausência de reação do condutor,Saída de leito carroçável,Sem Vítimas,Pleno dia,Crescente,Sol,Simples,Reta,Não,1,0,0,0,1,0,0,1,-26.25389776,-49.61235391,SPRF-SC,DEL06-SC,UOP03-DEL06-SC,2022
"489956,0",2022-11-30,quarta-feira,23:05:00,SC,101,"51,8",JOINVILLE,Entrada inopinada do pedestre,Atropelamento de Pedestre,Com Vítimas Fatais,Plena Noite,Decrescente,Chuva,Dupla,Curva,Não,2,1,0,0,1,0,0,2,-26.38506771,-48.84917582,SPRF-SC,DEL03-SC,UOP01-DEL03-SC,2022
"489958,0",2022-11-30,quarta-feira,23:10:00,SC,101,"41,1",JOINVILLE,Chuva,Queda de ocupante de veículo,Com Vítimas Feridas,Plena Noite,Crescente,Chuva,Simples,Curva,Sim,1,0,1,0,0,0,1,1,-26.28215489,-48.88973081,SPRF-SC,DEL03-SC,UOP01-DEL03-SC,2022
"489965,0",2022-12-01,quinta-feira,01:30:00,SC,282,"267,2",SAO JOSE DO CERRITO,Reação tardia ou ineficiente do condutor,Saída de leito carroçável,Com Vítimas Feridas,Plena Noite,Crescente,Nublado,Simples,Aclive;Curva,Não,1,0,1,0,0,0,1,1,-27.624544,-50.651848,SPRF-SC,DEL05-SC,UOP02-DEL05-SC,2022
"489966,0",2022-11-30,quarta-feira,21:30:00,SC,101,"129,0",BALNEARIO CAMBORIU,Velocidade Incompatível,Saída de leito carroçável,Com Vítimas Feridas,Plena Noite,Decrescente,Chuva,Dupla,Reta,Não,1,0,1,0,0,0,1,1,-26.98064277,-48.6790679,SPRF-SC,DEL04-SC,UOP03-DEL04-SC,2022
"489988,0",2022-12-01,quinta-feira,08:07:00,SC,101,"134,2",BALNEARIO CAMBORIU,Reação tardia ou ineficiente do condutor,Colisão transversal,Com Vítimas Feridas,Pleno dia,Crescente,Garoa/Chuvisco,Múltipla,Declive;Reta,Sim,3,0,1,0,1,1,1,3,-27.00218,-48.636433,SPRF-SC,DEL04-SC,UOP03-DEL04-SC,2022
"490015,0",2022-04-24,domingo,08:00:00,SC,280,"97,0",CORUPA,Velocidade Incompatível,Saída de leito carroçável,Com Vítimas Feridas,Pleno dia,Decrescente,Céu Claro,Simples,Curva,Não,1,0,1,0,0,0,1,1,-26.37833107,-49.31732124,SPRF-SC,DEL06-SC,UOP03-DEL06-SC,2022
"490032,0",2022-12-01,quinta-feira,12:45:00,SC,280,"43,8",GUARAMIRIM,Velocidade Incompatível,Queda de ocupante de veículo,Com Vítimas Feridas,Pleno dia,Decrescente,Céu Claro,Simples,Reta,Não,2,0,1,0,1,0,1,1,-26.45118786,-48.87789901,SPRF-SC,DEL03-SC,UOP03-DEL03-SC,2022
"490033,0",2022-12-01,quinta-feira,10:00:00,SC,282,"208,0",LAGES,Frear bruscamente,Colisão com objeto,Com Vítimas Feridas,Pleno dia,Crescente,Nublado,Simples,Reta;Aclive,Não,1,0,1,0,0,0,1,1,-27.775284,-50.211971,SPRF-SC,DEL05-SC,UOP01-DEL05-SC,2022
"490037,0",2022-12-01,quinta-feira,12:00:00,SC,116,"94,7",MONTE CASTELO,Demais falhas mecânicas ou elétricas,Tombamento,Com Vítimas Feridas,Pleno dia,Crescente,Céu Claro,Simples,Reta,Não,2,0,2,0,0,0,2,1,-26.66468581,-50.28024525,SPRF-SC,DEL06-SC,UOP02-DEL06-SC,2022
"490057,0",2022-12-01,quinta-feira,15:10:00,SC,101,"138,2",BALNEARIO CAMBORIU,Ingestão de álcool pelo condutor,Colisão com objeto,Com Vítimas Feridas,Pleno dia,Crescente,Nublado,Múltipla,Curva,Não,1,0,1,0,0,0,1,1,-27.02870035,-48.60437393,SPRF-SC,DEL04-SC,UOP03-DEL04-SC,2022
"490076,0",2022-11-05,sábado,21:55:00,SC,470,"52,0",BLUMENAU,Ultrapassagem Indevida,Colisão lateral mesmo sentido,Sem Vítimas,Plena Noite,Crescente,Céu Claro,Simples,Curva,Não,2,0,0,0,2,0,0,2,-26.862286,-49.093903,SPRF-SC,DEL04-SC,UOP01-DEL04-SC,2022
"490082,0",2022-12-01,quinta-feira,16:45:00,SC,101,"196,0",BIGUACU,Ingestão de álcool pelo condutor,Capotamento,Com Vítimas Feridas,Pleno dia,Decrescente,Nublado,Dupla,Reta,Sim,3,0,3,0,0,0,3,1,-27.51101091,-48.64322292,SPRF-SC,DEL01-SC,UOP01-DEL01-SC,2022
"490084,0",2022-12-01,quinta-feira,18:30:00,SC,280,"128,8",RIO NEGRINHO,Acessar a via sem observar a presença dos outros veículos,Colisão transversal,Com Vítimas Feridas,Anoitecer,Decrescente,Nublado,Simples,Reta;Declive,Não,2,0,0,1,1,0,1,2,-26.24317941,-49.51320018,SPRF-SC,DEL06-SC,UOP03-DEL06-SC,2022
"490134,0",2022-12-01,quinta-feira,23:30:00,SC,280,"58,5",GUARAMIRIM,Ausência de reação do condutor,Colisão com objeto,Sem Vítimas,Plena Noite,Decrescente,Garoa/Chuvisco,Dupla,Reta,Não,1,0,0,0,0,1,0,1,-26.47415593,-49.021211,SPRF-SC,DEL03-SC,UOP03-DEL03-SC,2022
"490135,0",2022-12-01,quinta-feira,23:45:00,SC,280,"53,2",GUARAMIRIM,Acesso irregular,Colisão transversal,Com Vítimas Feridas,Plena Noite,Crescente,Nublado,Dupla,Reta,Sim,2,0,2,0,0,0,2,2,-26.47236756,-48.97426617,SPRF-SC,DEL03-SC,UOP03-DEL03-SC,2022
"490144,0",2022-12-02,sexta-feira,00:15:00,SC,470,"150,0",AGRONOMICA,Ingestão de álcool pelo condutor,Saída de leito carroçável,Sem Vítimas,Plena Noite,Crescente,Nublado,Simples,Rotatória,Não,1,0,0,0,0,1,0,1,-27.257143,-49.7129,SPRF-SC,DEL04-SC,UOP02-DEL04-SC,2022
"490148,0",2022-12-02,sexta-feira,01:00:00,SC,101,"203,3",SAO JOSE,Ingestão de álcool pelo condutor,Colisão com objeto,Com Vítimas Feridas,Plena Noite,Crescente,Nublado,Múltipla,Reta,Sim,1,0,1,0,0,0,1,1,-27.5650044,-48.61460082,SPRF-SC,DEL01-SC,UOP01-DEL01-SC,2022
"490205,0",2022-12-02,sexta-feira,09:15:00,SC,282,"3,0",FLORIANOPOLIS,Trafegar com motocicleta (ou similar) entre as faixas,Colisão lateral mesmo sentido,Com Vítimas Feridas,Pleno dia,Decrescente,Sol,Múltipla,Reta,Sim,2,0,1,0,1,0,1,2,-27.600384,-48.599705,SPRF-SC,DEL01-SC,UOP01-DEL01-SC,2022
"490229,0",2022-12-02,sexta-feira,07:45:00,SC,101,"115,3",ITAJAI,Velocidade Incompatível,Colisão traseira,Com Vítimas Feridas,Pleno dia,Crescente,Nublado,Dupla,Reta,Não,3,0,1,0,1,1,1,3,-26.87297285,-48.72887671,SPRF-SC,DEL04-SC,UOP04-DEL04-SC,2022
"490240,0",2022-12-02,sexta-feira,13:30:00,SC,101,"204,0",SAO JOSE,Conversão proibida,Colisão frontal,Com Vítimas Feridas,Pleno dia,Decrescente,Sol,Múltipla,Interseção de Vias,Sim,2,0,0,1,1,0,1,2,-27.57413014,-48.61363083,SPRF-SC,DEL01-SC,UOP01-DEL01-SC,2022
"490249,0",2022-12-02,sexta-feira,14:30:00,SC,101,"332,0",TUBARAO,Manobra de mudança de faixa,Colisão lateral mesmo sentido,Com Vítimas Feridas,Pleno dia,Crescente,Céu Claro,Dupla,Reta,Não,3,0,1,0,2,0,1,2,-28.46016431,-48.98968873,SPRF-SC,DEL02-SC,UOP01-DEL02-SC,2022
"490278,0",2022-12-02,sexta-feira,11:00:00,SC,282,"501,0",XANXERE,Desrespeitar a preferência no cruzamento,Colisão transversal,Sem Vítimas,Pleno dia,Decrescente,Céu Claro,Dupla,Rotatória,Sim,2,0,0,0,1,1,0,2,-26.881372,-52.37252,SPRF-SC,DEL07-SC,UOP01-DEL07-SC,2022
"490280,0",2022-11-21,segunda-feira,18:50:00,SC,101,"204,0",SAO JOSE,Ausência de reação do condutor,Queda de ocupante de veículo,Com Vítimas Feridas,Plena Noite,Decrescente,Céu Claro,Dupla,Reta,Sim,2,0,2,0,0,0,2,1,-27.57413014,-48.61363083,SPRF-SC,DEL01-SC,UOP01-DEL01-SC,2022
"490284,0",2022-12-02,sexta-feira,15:50:00,SC,470,"301,5",CAMPOS NOVOS,Velocidade Incompatível,Capotamento,Com Vítimas Feridas,Pleno dia,Crescente,Chuva,Simples,Curva,Não,3,0,3,0,0,0,3,1,-27.373833,-51.056301,SPRF-SC,DEL07-SC,UOP06-DEL07-SC,2022
"490300,0",2022-12-02,sexta-feira,16:35:00,SC,101,"117,0",ITAJAI,Acessar a via sem observar a presença dos outros veículos,Colisão traseira,Com Vítimas Feridas,Pleno dia,Crescente,Nublado,Dupla,Reta,Sim,2,0,2,0,0,0,2,2,-26.88747187,-48.72252969,SPRF-SC,DEL04-SC,UOP04-DEL04-SC,2022
"490313,0",2022-12-02,sexta-feira,11:50:00,SC,470,"124,4",LONTRAS,Trafegar com motocicleta (ou similar) entre as faixas,Colisão transversal,Com Vítimas Feridas,Pleno dia,Decrescente,Sol,Simples,Reta,Sim,2,0,0,1,1,0,1,2,-27.113192,-49.529163,SPRF-SC,DEL04-SC,UOP02-DEL04-SC,2022
"490314,0",2022-12-02,sexta-feira,18:00:00,SC,116,"226,1",CORREIA PINTO,Conversão proibida,Colisão transversal,Com Vítimas Feridas,Pleno dia,Decrescente,Céu Claro,Simples,Reta,Não,4,0,2,0,2,0,2,2,-27.63565319,-50.33965588,SPRF-SC,DEL05-SC,UOP03-DEL05-SC,2022
"490317,0",2022-12-02,sexta-feira,07:10:00,SC,280,"273,0",IRINEOPOLIS,Reação tardia ou ineficiente do condutor,Colisão com objeto,Com Vítimas Feridas,Pleno dia,Decrescente,Céu Claro,Simples,Reta,Não,1,0,1,0,0,0,1,1,-26.2799492,-50.76336593,SPRF-SC,DEL06-SC,UOP04-DEL06-SC,2022
"490324,0",2022-12-02,sexta-feira,19:25:00,SC,280,"57,4",GUARAMIRIM,Pedestre cruzava a pista fora da faixa,Atropelamento de Pedestre,Com Vítimas Feridas,Plena Noite,Crescente,Céu Claro,Dupla,Reta,Não,2,0,1,0,1,0,1,2,-26.47811421,-49.01259213,SPRF-SC,DEL03-SC,UOP03-DEL03-SC,2022
"490327,0",2022-11-21,segunda-feira,04:30:00,SC,101,"120,0",ITAJAI,Reação tardia ou ineficiente do condutor,Colisão traseira,Com Vítimas Feridas,Amanhecer,Crescente,Céu Claro,Simples,Viaduto,Sim,2,0,1,0,1,0,1,2,-26.912758,-48.711998,SPRF-SC,DEL04-SC,UOP04-DEL04-SC,2022
"490331,0",2022-12-02,sexta-feira,12:50:00,SC,163,"70,5",SAO MIGUEL DO OESTE,Manobra de mudança de faixa,Colisão lateral mesmo sentido,Com Vítimas Feridas,Pleno dia,Crescente,Céu Claro,Dupla,Curva,Sim,2,0,1,0,1,0,1,2,-26.73461723,-53.50680015,SPRF-SC,DEL07-SC,UOP03-DEL07-SC,2022
"490333,0",2022-12-02,sexta-feira,15:20:00,SC,101,"427,0",SOMBRIO,Manobra de mudança de faixa,Colisão lateral mesmo sentido,Com Vítimas Feridas,Pleno dia,Crescente,Céu Claro,Múltipla,Reta,Sim,2,0,1,0,1,0,1,2,-29.0329064,-49.60623553,SPRF-SC,DEL02-SC,UOP02-DEL02-SC,2022
"490334,0",2022-12-02,sexta-feira,19:00:00,SC,280,"134,0",RIO NEGRINHO,Acessar a via sem observar a presença dos outros veículos,Colisão transversal,Com Vítimas Feridas,Plena Noite,Crescente,Chuva,Simples,Reta,Não,3,0,2,0,1,0,2,2,-26.27250478,-49.5633014,SPRF-SC,DEL06-SC,UOP03-DEL06-SC,2022
"490338,0",2022-12-02,sexta-feira,18:00:00,SC,280,"149,0",MAFRA,Velocidade Incompatível,Saída de leito carroçável,Com Vítimas Feridas,Pleno dia,Crescente,Sol,Simples,Curva,Não,2,0,2,0,0,0,2,1,-26.23857535,-49.6804832,SPRF-SC,DEL06-SC,UOP03-DEL06-SC,2022
"490340,0",2022-12-02,sexta-feira,20:45:00,SC,280,"50,0",GUARAMIRIM,Ausência de reação do condutor,Colisão com objeto,Com Vítimas Feridas,Plena Noite,Decrescente,Nublado,Simples,Curva,Sim,2,0,1,1,0,0,2,1,-26.46360026,-48.95007849,SPRF-SC,DEL03-SC,UOP03-DEL03-SC,2022
"490357,0",2022-12-01,quinta-feira,18:30:00,SC,101,"199,0",SAO JOSE,Acessar a via sem observar a presença dos outros veículos,Colisão traseira,Com Vítimas Feridas,Pleno dia,Decrescente,Céu Claro,Dupla,Reta,Sim,2,0,1,0,1,0,1,2,-27.53413705,-48.63003205,SPRF-SC,DEL01-SC,UOP01-DEL01-SC,2022
"490370,0",2022-12-02,sexta-feira,14:10:00,SC,282,"585,0",PINHALZINHO,Velocidade Incompatível,Saída de leito carroçável,Com Vítimas Feridas,Pleno dia,Crescente,Chuva,Simples,Reta,Não,3,0,0,1,1,1,1,2,-26.830591,-53.025528,SPRF-SC,DEL07-SC,UOP02-DEL07-SC,2022
"490380,0",2022-12-02,sexta-feira,22:50:00,SC,116,"246,0",LAGES,Acessar a via sem observar a presença dos outros veículos,Colisão lateral mesmo sentido,Com Vítimas Feridas,Plena Noite,Decrescente,Nublado,Simples,Reta,Sim,2,0,1,0,1,0,1,2,-27.80419942,-50.36509464,SPRF-SC,DEL05-SC,UOP02-DEL05-SC,2022
"490400,0",2022-12-03,sábado,00:35:00,SC,116,"218,5",CORREIA PINTO,Reação tardia ou ineficiente do condutor,Colisão lateral sentido oposto,Com Vítimas Feridas,Plena Noite,Decrescente,Chuva,Simples,Declive,Não,2,0,1,0,0,1,1,2,-27.57212,-50.37254,SPRF-SC,DEL05-SC,UOP03-DEL05-SC,2022
"490415,0",2022-12-03,sábado,00:10:00,SC,282,"568,0",NOVA ERECHIM,Acessar a via sem observar a presença dos outros veículos,Colisão frontal,Com Vítimas Feridas,Plena Noite,Crescente,Céu Claro,Simples,Reta,Sim,3,0,2,0,1,0,2,2,-26.899681,-52.915756,SPRF-SC,DEL07-SC,UOP02-DEL07-SC,2022
"490417,0",2022-12-03,sábado,01:50:00,SC,101,"128,2",BALNEARIO CAMBORIU,Entrada inopinada do pedestre,Atropelamento de Pedestre,Com Vítimas Fatais,Plena Noite,Decrescente,Céu Claro,Dupla,Curva,Não,2,1,0,0,1,0,0,2,-26.97284292,-48.68299451,SPRF-SC,DEL04-SC,UOP04-DEL04-SC,2022
"490422,0",2022-12-03,sábado,01:50:00,SC,101,"350,6",JAGUARUNA,Manobra de mudança de faixa,Colisão transversal,Com Vítimas Fatais,Plena Noite,Decrescente,Nublado,Dupla,Reta,Sim,2,1,0,0,1,0,0,2,-28.6028492,-49.0539403,SPRF-SC,DEL02-SC,UOP01-DEL02-SC,2022
"490425,0",2022-12-03,sábado,03:30:00,SC,470,"135,9",RIO DO SUL,Ingestão de álcool ou de substâncias psicoativas pelo pedestre,Saída de leito carroçável,Com Vítimas Feridas,Plena Noite,Decrescente,Nublado,Simples,Reta,Sim,1,0,1,0,0,0,1,1,-27.188492,-49.61232,SPRF-SC,DEL04-SC,UOP02-DEL04-SC,2022
"490427,0",2022-12-03,sábado,01:20:00,SC,101,"162,0",TIJUCAS,Velocidade Incompatível,Colisão com objeto,Sem Vítimas,Plena Noite,Decrescente,Chuva,Dupla,Curva,Sim,1,0,0,0,0,1,0,1,-27.22554009,-48.6279367,SPRF-SC,DEL04-SC,UOP03-DEL04-SC,2022
"490429,0",2022-12-03,sábado,04:20:00,SC,101,"192,0",BIGUACU,Ausência de reação do condutor,Queda de ocupante de veículo,Com Vítimas Feridas,Plena Noite,Decrescente,Céu Claro,Simples,Curva,Sim,1,0,1,0,0,0,1,1,-27.48443781,-48.64765238,SPRF-SC,DEL01-SC,UOP01-DEL01-SC,2022
"490432,0",2022-12-03,sábado,04:30:00,SC,101,"203,0",SAO JOSE,Ingestão de álcool pelo condutor,Colisão com objeto,Com Vítimas Feridas,Amanhecer,Decrescente,Garoa/Chuvisco,Simples,Rotatória,Sim,2,0,1,0,1,0,1,1,-27.489574,-48.655914,SPRF-SC,DEL01-SC,UOP01-DEL01-SC,2022
"490450,0",2022-12-03,sábado,07:00:00,SC,101,"331,0",TUBARAO,Velocidade Incompatível,Colisão com objeto,Sem Vítimas,Pleno dia,Decrescente,Céu Claro,Simples,Interseção de Vias,Sim,2,0,0,0,0,2,0,1,-28.45567521,-48.9812689,SPRF-SC,DEL02-SC,UOP01-DEL02-SC,2022
"490464,0",2022-12-01,quinta-feira,13:00:00,SC,116,"94,4",MONTE CASTELO,Velocidade Incompatível,Saída de leito carroçável,Com Vítimas Feridas,Pleno dia,Decrescente,Nublado,Simples,Reta,Não,2,0,2,0,0,0,2,1,-26.66468581,-50.28024525,SPRF-SC,DEL06-SC,UOP02-DEL06-SC,2022
"490486,0",2022-12-03,sábado,04:45:00,SC,158,"122,0",CAIBI,Ingestão de álcool pelo condutor,Saída de leito carroçável,Com Vítimas Feridas,Amanhecer,Decrescente,Céu Claro,Simples,Reta,Não,1,0,1,0,0,0,1,1,-27.05606832,-53.22807312,SPRF-SC,DEL07-SC,UOP02-DEL07-SC,2022
"490495,0",2022-12-03,sábado,11:05:00,SC,470,"70,1",INDAIAL,Acessar a via sem observar a presença dos outros veículos,Colisão transversal,Com Vítimas Feridas,Pleno dia,Decrescente,Céu Claro,Simples,Reta,Sim,3,0,0,2,1,0,2,2,-26.889374,-49.254478,SPRF-SC,DEL04-SC,UOP01-DEL04-SC,2022
"490504,0",2022-12-03,sábado,11:00:00,SC,116,"4,5",MAFRA,Desrespeitar a preferência no cruzamento,Colisão transversal,Com Vítimas Feridas,Pleno dia,Crescente,Nublado,Simples,Interseção de Vias,Sim,2,0,1,0,1,0,1,2,-26.13554917,-49.8072652,SPRF-SC,DEL06-SC,UOP01-DEL06-SC,2022
"490505,0",2022-12-03,sábado,12:20:00,SC,282,"2,0",FLORIANOPOLIS,Condutor deixou de manter distância do veículo da frente,Colisão traseira,Com Vítimas Feridas,Pleno dia,Crescente,Céu Claro,Dupla,Reta,Sim,2,0,1,0,1,0,1,2,-27.603289,-48.590416,SPRF-SC,DEL01-SC,UOP01-DEL01-SC,2022
"490512,0",2022-12-03,sábado,11:30:00,SC,101,"325,0",CAPIVARI DE BAIXO,Velocidade Incompatível,Saída de leito carroçável,Com Vítimas Feridas,Pleno dia,Decrescente,Céu Claro,Simples,Interseção de Vias;Viaduto;Curva,Sim,2,0,1,1,0,0,2,2,-28.42516271,-48.93259193,SPRF-SC,DEL02-SC,UOP01-DEL02-SC,2022
"490521,0",2022-12-03,sábado,11:00:00,SC,101,"110,0",ITAJAI,Objeto estático sobre o leito carroçável,Tombamento,Com Vítimas Feridas,Pleno dia,Decrescente,Céu Claro,Dupla,Reta,Não,1,0,1,0,0,0,1,1,-26.83477,-48.706151,SPRF-SC,DEL03-SC,UOP02-DEL03-SC,2022
"490524,0",2022-04-19,terça-feira,19:30:00,SC,116,"284,7",CAPAO ALTO,Ausência de reação do condutor,Saída de leito carroçável,Com Vítimas Feridas,Plena Noite,Crescente,Céu Claro,Simples,Interseção de Vias,Não,2,0,2,0,0,0,2,1,-28.07677979,-50.5815804,SPRF-SC,DEL05-SC,UOP02-DEL05-SC,2022
"490526,0",2022-12-01,quinta-feira,14:00:00,SC,101,"236,0",PALHOCA,Acesso irregular,Atropelamento de Pedestre,Com Vítimas Feridas,Pleno dia,Decrescente,Chuva,Dupla,Reta,Não,2,0,1,0,1,0,1,2,-27.82629382,-48.63034842,SPRF-SC,DEL01-SC,UOP02-DEL01-SC,2022
"490535,0",2022-12-03,sábado,16:00:00,SC,101,"193,0",BIGUACU,Ausência de reação do condutor,Colisão com objeto,Com Vítimas Feridas,Pleno dia,Decrescente,Nublado,Múltipla,Interseção de Vias,Sim,2,0,2,0,0,0,2,1,-27.489574,-48.655914,SPRF-SC,DEL01-SC,UOP01-DEL01-SC,2022
"490538,0",2022-12-03,sábado,16:15:00,SC,470,"63,4",INDAIAL,Ausência de reação do condutor,Colisão com objeto,Com Vítimas Feridas,Pleno dia,Decrescente,Nublado,Simples,Curva,Não,1,0,0,1,0,0,1,1,-26.87160053,-49.19736794,SPRF-SC,DEL04-SC,UOP01-DEL04-SC,2022
"490559,0",2022-12-03,sábado,17:30:00,SC,101,"175,0",BIGUACU,Demais falhas mecânicas ou elétricas,Eventos atípicos,Com Vítimas Feridas,Pleno dia,Crescente,Nublado,Dupla,Reta,Não,2,0,1,0,1,0,1,1,-27.33963303,-48.62734885,SPRF-SC,DEL01-SC,UOP01-DEL01-SC,2022
"490567,0",2022-12-03,sábado,15:30:00,SC,101,"86,5",BARRA VELHA,Acessar a via sem observar a presença dos outros veículos,Colisão transversal,Com Vítimas Feridas,Pleno dia,Crescente,Nublado,Simples,Túnel,Sim,3,0,1,0,2,0,1,2,-26.63277317,-48.70232513,SPRF-SC,DEL03-SC,UOP02-DEL03-SC,2022
"490593,0",2022-12-03,sábado,14:30:00,SC,101,"135,0",BALNEARIO CAMBORIU,Reação tardia ou ineficiente do condutor,Colisão traseira,Com Vítimas Feridas,Pleno dia,Crescente,Nublado,Dupla,Ponte,Sim,2,0,0,1,1,0,1,2,-27.0050108,-48.62677494,SPRF-SC,DEL04-SC,UOP03-DEL04-SC,2022
"490601,0",2022-12-03,sábado,12:05:00,SC,101,"216,8",PALHOCA,Acesso irregular,Colisão transversal,Com Vítimas Feridas,Pleno dia,Crescente,Céu Claro,Múltipla,Interseção de Vias,Sim,3,0,0,2,1,0,2,2,-27.65981409,-48.67747798,SPRF-SC,DEL01-SC,UOP02-DEL01-SC,2022
"490630,0",2022-12-03,sábado,23:15:00,SC,101,"126,0",ITAJAI,Acesso irregular,Atropelamento de Pedestre,Com Vítimas Feridas,Plena Noite,Crescente,Céu Claro,Dupla,Curva,Não,3,0,0,1,2,0,1,2,-26.95564404,-48.67978366,SPRF-SC,DEL04-SC,UOP04-DEL04-SC,2022
"490643,0",2022-12-03,sábado,20:30:00,SC,101,"286,0",IMBITUBA,Demais falhas mecânicas ou elétricas,Tombamento,Com Vítimas Feridas,Plena Noite,Crescente,Garoa/Chuvisco,Dupla,Reta,Não,2,0,2,0,0,0,2,1,-28.22947996,-48.70163526,SPRF-SC,DEL02-SC,UOP03-DEL02-SC,2022
"490650,0",2022-12-04,domingo,03:35:00,SC,101,"213,5",PALHOCA,Ingestão de álcool pelo condutor,Colisão com objeto,Sem Vítimas,Plena Noite,Crescente,Garoa/Chuvisco,Múltipla,Reta,Sim,1,0,0,0,1,0,0,1,-27.63697369,-48.66514142,SPRF-SC,DEL01-SC,UOP02-DEL01-SC,2022
"490651,0",2022-12-04,domingo,03:17:00,SC,101,"199,7",SAO JOSE,Reação tardia ou ineficiente do condutor,Colisão com objeto,Com Vítimas Feridas,Plena Noite,Decrescente,Ignorado,Dupla,Reta,Sim,4,0,3,1,0,0,4,1,-27.53413705,-48.63003205,SPRF-SC,DEL01-SC,UOP01-DEL01-SC,2022