id,data_inversa,dia_semana,horario,uf,br,km,municipio,causa_acidente,tipo_acidente,classificacao_acidente,fase_dia,sentido_via,condicao_metereologica,tipo_pista,tracado_via,uso_solo,pessoas,mortos,feridos_leves,feridos_graves,ilesos,ignorados,feridos,veiculos,latitude,longitude,regional,delegacia,uop,ano_arquivo
"493734,0",2022-12-18,domingo,22:00:00,SC,101,"298,0",LAGUNA,Transitar na contramão,Colisão traseira,Sem Vítimas,Plena Noite,Crescente,Chuva,Dupla,Reta,Não,3,0,0,0,3,0,0,2,-28.32102597,-48.72829906,SPRF-SC,DEL02-SC,UOP03-DEL02-SC,2022
"493743,0",2022-12-18,domingo,22:31:00,SC,101,"28,3",JOINVILLE,Ingestão de álcool pelo condutor,Saída de leito carroçável,Com Vítimas Feridas,Plena Noite,Crescente,Chuva,Dupla,Reta,Não,1,0,1,0,0,0,1,1,-26.20697505,-48.91482635,SPRF-SC,DEL03-SC,UOP01-DEL03-SC,2022
"493757,0",2022-12-19,segunda-feira,00:40:00,SC,101,"209,6",SAO JOSE,Demais falhas mecânicas ou elétricas,Colisão lateral mesmo sentido,Com Vítimas Feridas,Plena Noite,Decrescente,Chuva,Múltipla,Reta,Sim,3,0,3,0,0,0,3,2,-27.61000542,-48.63895057,SPRF-SC,DEL01-SC,UOP01-DEL01-SC,2022
"493761,0",2022-12-18,domingo,23:30:00,SC,280,"148,8",MAFRA,Ausência de reação do condutor,Saída de leito carroçável,Com Vítimas Feridas,Plena Noite,Crescente,Nublado,Simples,Reta,Não,1,0,1,0,0,0,1,1,-26.24634098,-49.67612686,SPRF-SC,DEL06-SC,UOP03-DEL06-SC,2022
"493782,0",2022-12-18,domingo,23:10:00,SC,101,"129,0",BALNEARIO CAMBORIU,Chuva,Capotamento,Sem Vítimas,Plena Noite,Decrescente,Chuva,Dupla,Reta,Não,3,0,0,0,3,0,0,1,-26.98064277,-48.6790679,SPRF-SC,DEL04-SC,UOP03-DEL04-SC,2022
"493809,0",2022-12-19,segunda-feira,09:00:00,SC,101,"333,7",TUBARAO,Desrespeitar a preferência no cruzamento,Colisão transversal,Com Vítimas Feridas,Pleno dia,Decrescente,Chuva,Simples,Interseção de Vias,Sim,2,0,1,0,1,0,1,2,-28.46976648,-49.01494503,SPRF-SC,DEL02-SC,UOP01-DEL02-SC,2022
"493900,0",2022-12-19,segunda-feira,17:26:00,SC,101,"14,0",GARUVA,Ausência de reação do condutor,Colisão transversal,Com Vítimas Feridas,Pleno dia,Decrescente,Chuva,Dupla,Reta,Não,2,0,1,0,1,0,1,2,-26.09803515,-48.86773972,SPRF-SC,DEL03-SC,UOP01-DEL03-SC,2022
"493923,0",2022-12-19,segunda-feira,19:40:00,SC,101,"206,0",SAO JOSE,Manobra de mudança de faixa,Queda de ocupante de veículo,Com Vítimas Feridas,Plena Noite,Crescente,Chuva,Dupla,Reta,Sim,2,0,1,0,1,0,1,2,-27.596322,-48.619876,SPRF-SC,DEL01-SC,UOP01-DEL01-SC,2022
"493971,0",2022-12-20,terça-feira,11:10:00,SC,280,"55,1",GUARAMIRIM,Velocidade Incompatível,Colisão traseira,Com Vítimas Feridas,Pleno dia,Crescente,Chuva,Múltipla,Viaduto,Sim,3,0,3,0,0,0,3,2,-26.47584353,-48.9937858,SPRF-SC,DEL03-SC,UOP03-DEL03-SC,2022
"493972,0",2022-12-20,terça-feira,02:00:00,SC,101,"353,0",JAGUARUNA,Ausência de reação do condutor,Saída de leito carroçável,Com Vítimas Feridas,Plena Noite,Crescente,Chuva,Dupla,Reta,Não,1,0,0,1,0,0,1,1,-28.62156,-49.07517,SPRF-SC,DEL02-SC,UOP01-DEL02-SC,2022
"493990,0",2022-12-15,quinta-feira,07:00:00,SC,101,"106,0",PENHA,Ausência de reação do condutor,Queda de ocupante de veículo,Com Vítimas Feridas,Pleno dia,Crescente,Céu Claro,Dupla,Reta,Não,1,0,1,0,0,0,1,1,-26.81031601,-48.68293896,SPRF-SC,DEL03-SC,UOP02-DEL03-SC,2022
"494025,0",2022-12-20,terça-feira,13:20:00,SC,280,"117,5",SAO BENTO DO SUL,Pista Escorregadia,Saída de leito carroçável,Com Vítimas Feridas,Pleno dia,Decrescente,Garoa/Chuvisco,Simples,Curva,Não,1,0,0,1,0,0,1,1,-26.26364099,-49.43738222,SPRF-SC,DEL06-SC,UOP03-DEL06-SC,2022
"494094,0",2022-12-20,terça-feira,20:40:00,SC,101,"305,6",LAGUNA,Iluminação deficiente,Colisão traseira,Com Vítimas Fatais,Plena Noite,Decrescente,Nublado,Múltipla,Reta,Não,2,1,0,0,1,0,0,2,-28.399582,-48.785639,SPRF-SC,DEL02-SC,UOP03-DEL02-SC,2022
"494112,0",2022-12-20,terça-feira,22:50:00,SC,101,"454,0",SAO JOAO DO SUL,Demais falhas mecânicas ou elétricas,Colisão com objeto,Sem Vítimas,Plena Noite,Crescente,Nublado,Múltipla,Reta,Não,2,0,0,0,2,0,0,2,-29.20622105,-49.7542639,SPRF-SC,DEL02-SC,UOP02-DEL02-SC,2022
"494115,0",2022-12-20,terça-feira,18:45:00,SC,116,"53,8",PAPANDUVA,Reação tardia ou ineficiente do condutor,Saída de leito carroçável,Sem Vítimas,Anoitecer,Decrescente,Nublado,Simples,Rotatória,Sim,2,0,0,0,1,1,0,2,-26.3932492,-50.15515026,SPRF-SC,DEL06-SC,UOP02-DEL06-SC,2022
"494122,0",2022-12-20,terça-feira,23:50:00,SC,101,"88,0",BARRA VELHA,Transitar na contramão,Colisão com objeto,Com Vítimas Feridas,Plena Noite,Crescente,Garoa/Chuvisco,Dupla,Reta,Sim,1,0,1,0,0,0,1,1,-26.65291201,-48.68758142,SPRF-SC,DEL03-SC,UOP02-DEL03-SC,2022
"494130,0",2022-12-20,terça-feira,17:00:00,SC,101,"117,0",ITAJAI,Condutor deixou de manter distância do veículo da frente,Colisão traseira,Sem Vítimas,Pleno dia,Decrescente,Chuva,Dupla,Reta,Não,2,0,0,0,1,1,0,2,-26.88747187,-48.72252969,SPRF-SC,DEL04-SC,UOP04-DEL04-SC,2022
"494147,0",2022-12-20,terça-feira,11:45:00,SC,116,"5,6",MAFRA,Acessar a via sem observar a presença dos outros veículos,Colisão transversal,Com Vítimas Feridas,Pleno dia,Decrescente,Nublado,Simples,Reta,Sim,4,0,1,0,3,0,1,2,-26.14094396,-49.81508303,SPRF-SC,DEL06-SC,UOP01-DEL06-SC,2022
"494156,0",2022-12-21,quarta-feira,03:20:00,SC,282,"629,5",IRACEMINHA,Afundamento ou ondulação no pavimento,Saída de leito carroçável,Com Vítimas Fatais,Plena Noite,Crescente,Céu Claro,Simples,Curva,Não,3,1,2,0,0,0,2,1,-26.8205313,-53.3816037,SPRF-SC,DEL07-SC,UOP03-DEL07-SC,2022
"494166,0",2022-12-21,quarta-feira,08:00:00,SC,101,"155,0",PORTO BELO,Reação tardia ou ineficiente do condutor,Colisão frontal,Com Vítimas Feridas,Pleno dia,Crescente,Nublado,Simples,Viaduto,Não,4,0,3,0,1,0,3,2,-27.16292,-48.61129,SPRF-SC,DEL04-SC,UOP03-DEL04-SC,2022
"494210,0",2022-12-21,quarta-feira,09:30:00,SC,101,"28,0",JOINVILLE,Condutor deixou de manter distância do veículo da frente,Colisão traseira,Sem Vítimas,Pleno dia,Crescente,Nublado,Dupla,Reta,Não,2,0,0,0,2,0,0,2,-26.20697505,-48.91482635,SPRF-SC,DEL03-SC,UOP01-DEL03-SC,2022
"494213,0",2022-12-21,quarta-feira,09:30:00,SC,101,"29,0",JOINVILLE,Condutor deixou de manter distância do veículo da frente,Colisão traseira,Sem Vítimas,Pleno dia,Crescente,Chuva,Dupla,Reta;Aclive,Não,2,0,0,0,2,0,0,2,-26.211903,-48.91589904,SPRF-SC,DEL03-SC,UOP01-DEL03-SC,2022
"494226,0",2022-12-21,quarta-feira,13:08:00,SC,163,"70,8",SAO MIGUEL DO OESTE,Desrespeitar a preferência no cruzamento,Colisão transversal,Com Vítimas Feridas,Pleno dia,Decrescente,Céu Claro,Simples,Reta;Interseção de Vias,Sim,3,0,1,0,2,0,1,3,-26.72981981,-53.51152897,SPRF-SC,DEL07-SC,UOP03-DEL07-SC,2022
"494246,0",2022-07-17,domingo,18:35:00,SC,101,"148,0",ITAPEMA,Reação tardia ou ineficiente do condutor,Colisão traseira,Com Vítimas Feridas,Plena Noite,Decrescente,Céu Claro,Dupla,Reta,Sim,4,0,1,0,2,1,1,4,-27.10123686,-48.61807962,SPRF-SC,DEL04-SC,UOP03-DEL04-SC,2022
"494250,0",2022-12-21,quarta-feira,16:00:00,SC,101,"149,5",ITAPEMA,Acessar a via sem observar a presença dos outros veículos,Colisão transversal,Com Vítimas Feridas,Pleno dia,Decrescente,Chuva,Simples,Reta,Não,2,0,1,0,1,0,1,2,-27.1089649,-48.61277586,SPRF-SC,DEL04-SC,UOP03-DEL04-SC,2022
"494254,0",2022-12-21,quarta-feira,16:20:00,SC,101,"228,0",PALHOCA,Manobra de mudança de faixa,Colisão lateral mesmo sentido,Com Vítimas Feridas,Pleno dia,Crescente,Garoa/Chuvisco,Dupla,Curva,Não,4,0,2,0,2,0,2,2,-27.7597249,-48.63078869,SPRF-SC,DEL01-SC,UOP02-DEL01-SC,2022
"494296,0",2022-12-21,quarta-feira,18:30:00,SC,470,"58,0",BLUMENAU,Pedestre andava na pista,Atropelamento de Pedestre,Com Vítimas Feridas,Anoitecer,Decrescente,Garoa/Chuvisco,Simples,Interseção de Vias;Reta,Sim,2,0,0,1,1,0,1,2,-26.883879,-49.145622,SPRF-SC,DEL04-SC,UOP01-DEL04-SC,2022
"494308,0",2022-12-21,quarta-feira,19:40:00,SC,116,"12,3",MAFRA,Desrespeitar a preferência no cruzamento,Colisão transversal,Com Vítimas Feridas,Plena Noite,Decrescente,Nublado,Simples,Reta;Interseção de Vias,Não,4,0,1,0,3,0,1,2,-26.17877859,-49.86720998,SPRF-SC,DEL06-SC,UOP01-DEL06-SC,2022
"494331,0",2022-12-21,quarta-feira,22:30:00,SC,101,"134,0",BALNEARIO CAMBORIU,Entrada inopinada do pedestre,Atropelamento de Pedestre,Com Vítimas Feridas,Plena Noite,Decrescente,Nublado,Múltipla,Reta,Sim,2,0,1,0,1,0,1,2,-27.00218,-48.636433,SPRF-SC,DEL04-SC,UOP03-DEL04-SC,2022
"494367,0",2022-12-22,quinta-feira,06:00:00,SC,101,"139,6",BALNEARIO CAMBORIU,Ausência de reação do condutor,Saída de leito carroçável,Sem Vítimas,Pleno dia,Crescente,Céu Claro,Dupla,Aclive,Não,1,0,0,0,0,1,0,1,-27.02982303,-48.60115006,SPRF-SC,DEL04-SC,UOP03-DEL04-SC,2022
"494374,0",2022-12-22,quinta-feira,07:00:00,SC,101,"198,7",BIGUACU,Demais falhas mecânicas ou elétricas,Saída de leito carroçável,Com Vítimas Feridas,Pleno dia,Decrescente,Céu Claro,Dupla,Reta,Sim,1,0,1,0,0,0,1,1,-27.52622878,-48.63484761,SPRF-SC,DEL01-SC,UOP01-DEL01-SC,2022
"494396,0",2022-12-22,quinta-feira,09:00:00,SC,101,"101,0",BALNEARIO PICARRAS,Condutor deixou de manter distância do veículo da frente,Colisão traseira,Com Vítimas Feridas,Pleno dia,Crescente,Céu Claro,Múltipla,Curva,Sim,3,0,1,0,2,0,1,2,-26.76404198,-48.68657667,SPRF-SC,DEL03-SC,UOP02-DEL03-SC,2022
"494429,0",2022-12-10,sábado,16:26:00,SC,101,"206,6",SAO JOSE,Velocidade Incompatível,Colisão com objeto,Com Vítimas Fatais,Pleno dia,Crescente,Céu Claro,Múltipla,Reta,Sim,2,1,0,0,1,0,0,2,-27.597436,-48.620235,SPRF-SC,DEL01-SC,UOP01-DEL01-SC,2022
"494430,0",2022-12-22,quinta-feira,11:35:00,SC,101,"202,0",SAO JOSE,Acessar a via sem observar a presença dos outros veículos,Colisão lateral mesmo sentido,Com Vítimas Feridas,Pleno dia,Decrescente,Sol,Simples,Interseção de Vias,Sim,3,0,1,0,2,0,1,3,-27.55711595,-48.61897889,SPRF-SC,DEL01-SC,UOP01-DEL01-SC,2022
"494470,0",2022-12-22,quinta-feira,16:50:00,SC,101,"124,0",ITAJAI,Ausência de reação do condutor,Tombamento,Com Vítimas Feridas,Pleno dia,Decrescente,Céu Claro,Dupla,Reta,Não,1,0,1,0,0,0,1,1,-26.94335064,-48.69198648,SPRF-SC,DEL04-SC,UOP04-DEL04-SC,2022
"494493,0",2022-12-22,quinta-feira,19:00:00,SC,101,"205,0",SAO JOSE,Acessar a via sem observar a presença dos outros veículos,Colisão lateral mesmo sentido,Com Vítimas Feridas,Plena Noite,Crescente,Céu Claro,Simples,Curva,Sim,2,0,1,0,1,0,1,2,-27.58313237,-48.61532885,SPRF-SC,DEL01-SC,UOP01-DEL01-SC,2022
"494502,0",2022-12-22,quinta-feira,19:30:00,SC,101,"201,8",SAO JOSE,Acumulo de areia ou detritos sobre o pavimento,Eventos atípicos,Com Vítimas Feridas,Plena Noite,Crescente,Céu Claro,Múltipla,Reta,Sim,1,0,0,1,0,0,1,1,-27.55060892,-48.619802,SPRF-SC,DEL01-SC,UOP01-DEL01-SC,2022
"494512,0",2022-12-22,quinta-feira,18:10:00,SC,101,"108,0",PENHA,Reação tardia ou ineficiente do condutor,Colisão traseira,Com Vítimas Feridas,Pleno dia,Crescente,Céu Claro,Dupla,Reta;Declive,Não,7,0,3,0,4,0,3,4,-26.82606902,-48.69052298,SPRF-SC,DEL03-SC,UOP02-DEL03-SC,2022
"494534,0",2022-12-22,quinta-feira,19:00:00,SC,470,"192,1",POUSO REDONDO,Ingestão de álcool pelo condutor,Saída de leito carroçável,Com Vítimas Feridas,Anoitecer,Crescente,Céu Claro,Simples,Reta,Não,1,0,1,0,0,0,1,1,-27.293324,-50.078678,SPRF-SC,DEL04-SC,UOP02-DEL04-SC,2022
"494552,0",2022-12-22,quinta-feira,23:00:00,SC,101,"150,0",ITAPEMA,Condutor deixou de manter distância do veículo da frente,Tombamento,Com Vítimas Feridas,Plena Noite,Crescente,Céu Claro,Dupla,Reta,Sim,1,0,0,1,0,0,1,1,-27.11744799,-48.60940987,SPRF-SC,DEL04-SC,UOP03-DEL04-SC,2022
"494569,0",2022-12-22,quinta-feira,07:00:00,SC,101,"287,5",IMBITUBA,Mal súbito do condutor,Saída de leito carroçável,Com Vítimas Feridas,Pleno dia,Decrescente,Céu Claro,Dupla,Reta,Não,1,0,1,0,0,0,1,1,-28.23766496,-48.70059767,SPRF-SC,DEL02-SC,UOP03-DEL02-SC,2022
"494575,0",2022-12-23,sexta-feira,02:34:00,SC,101,"201,0",SAO JOSE,Condutor Dormindo,Saída de leito carroçável,Sem Vítimas,Plena Noite,Crescente,Céu Claro,Dupla,Reta,Sim,1,0,0,0,1,0,0,1,-27.55126591,-48.619802,SPRF-SC,DEL01-SC,UOP01-DEL01-SC,2022
"494587,0",2022-12-23,sexta-feira,05:00:00,SC,101,"202,6",SAO JOSE,Ingestão de álcool pelo condutor,Eventos atípicos,Sem Vítimas,Amanhecer,Decrescente,Céu Claro,Múltipla,Reta,Não,1,0,0,0,1,0,0,1,-27.56149036,-48.61621857,SPRF-SC,DEL01-SC,UOP01-DEL01-SC,2022
"494593,0",2022-12-23,sexta-feira,03:30:00,SC,101,"435,2",SOMBRIO,Acessar a via sem observar a presença dos outros veículos,Colisão lateral mesmo sentido,Com Vítimas Feridas,Plena Noite,Crescente,Nublado,Múltipla,Interseção de Vias;Reta,Não,3,0,2,0,1,0,2,2,-29.09949414,-49.63480552,SPRF-SC,DEL02-SC,UOP02-DEL02-SC,2022
"494602,0",2022-12-23,sexta-feira,06:30:00,SC,101,"197,0",BIGUACU,Reação tardia ou ineficiente do condutor,Colisão traseira,Com Vítimas Feridas,Pleno dia,Crescente,Céu Claro,Dupla,Reta,Sim,3,0,0,2,1,0,2,3,-27.51844497,-48.63848496,SPRF-SC,DEL01-SC,UOP01-DEL01-SC,2022
"494647,0",2022-09-17,sábado,16:00:00,SC,101,"206,0",SAO JOSE,Demais falhas mecânicas ou elétricas,Incêndio,Sem Vítimas,Pleno dia,Crescente,Céu Claro,Simples,Reta,Sim,1,0,0,0,1,0,0,1,-27.59193546,-48.61824557,SPRF-SC,DEL01-SC,UOP01-DEL01-SC,2022
"494657,0",2022-12-23,sexta-feira,09:15:00,SC,470,"54,2",BLUMENAU,Retorno proibido,Colisão transversal,Com Vítimas Feridas,Pleno dia,Crescente,Nublado,Simples,Reta,Sim,2,0,1,0,1,0,1,2,-26.87115824,-49.11097373,SPRF-SC,DEL04-SC,UOP01-DEL04-SC,2022
"494658,0",2022-12-23,sexta-feira,09:30:00,SC,101,"119,7",ITAJAI,Trafegar com motocicleta (ou similar) entre as faixas,Colisão traseira,Com Vítimas Feridas,Pleno dia,Crescente,Céu Claro,Dupla,Reta,Sim,2,0,1,0,1,0,1,2,-26.910483,-48.712982,SPRF-SC,DEL04-SC,UOP04-DEL04-SC,2022
"494663,0",2022-12-23,sexta-feira,10:00:00,SC,282,"5,0",SAO JOSE,Velocidade Incompatível,Tombamento,Com Vítimas Feridas,Pleno dia,Decrescente,Sol,Dupla,Curva,Sim,1,0,0,1,0,0,1,1,-27.588425,-48.612919,SPRF-SC,DEL01-SC,UOP01-DEL01-SC,2022
"494687,0",2022-12-23,sexta-feira,10:50:00,SC,101,"210,0",SAO JOSE,Condutor deixou de manter distância do veículo da frente,Colisão traseira,Com Vítimas Feridas,Pleno dia,Crescente,Céu Claro,Múltipla,Reta,Sim,3,0,1,0,2,0,1,2,-27.6167305,-48.6457265,SPRF-SC,DEL01-SC,UOP01-DEL01-SC,2022
"494690,0",2022-12-23,sexta-feira,11:30:00,SC,280,"124,0",RIO NEGRINHO,Condutor usando celular,Engavetamento,Com Vítimas Feridas,Pleno dia,Crescente,Céu Claro,Simples,Reta,Sim,9,0,1,0,8,0,1,3,-26.24130297,-49.47514499,SPRF-SC,DEL06-SC,UOP03-DEL06-SC,2022
"494717,0",2022-12-23,sexta-feira,12:45:00,SC,282,"94,7",ALFREDO WAGNER,Ausência de reação do condutor,Saída de leito carroçável,Com Vítimas Feridas,Pleno dia,Crescente,Céu Claro,Simples,Reta;Declive,Não,1,0,0,1,0,0,1,1,-27.710436,-49.245926,SPRF-SC,DEL01-SC,UOP03-DEL01-SC,2022
"494720,0",2022-12-23,sexta-feira,13:30:00,SC,101,"145,0",ITAPEMA,Velocidade Incompatível,Engavetamento,Com Vítimas Feridas,Pleno dia,Decrescente,Céu Claro,Dupla,Aclive,Sim,3,0,0,1,2,0,1,3,-27.08139206,-48.60130993,SPRF-SC,DEL04-SC,UOP03-DEL04-SC,2022
"494735,0",2022-12-23,sexta-feira,14:30:00,SC,282,"21,0",PALHOCA,Trafegar com motocicleta (ou similar) entre as faixas,Colisão frontal,Com Vítimas Feridas,Pleno dia,Decrescente,Céu Claro,Simples,Reta,Sim,2,0,1,0,1,0,1,2,-27.68907,-48.717541,SPRF-SC,DEL01-SC,UOP02-DEL01-SC,2022
"494750,0",2022-12-23,sexta-feira,13:20:00,SC,116,"52,5",PAPANDUVA,Condutor deixou de manter distância do veículo da frente,Colisão traseira,Com Vítimas Feridas,Pleno dia,Crescente,Nublado,Simples,Reta;Declive,Não,2,0,1,0,1,0,1,2,-26.39008273,-50.14576709,SPRF-SC,DEL06-SC,UOP01-DEL06-SC,2022
"494753,0",2022-12-23,sexta-feira,16:20:00,SC,101,"209,7",SAO JOSE,Condutor deixou de manter distância do veículo da frente,Colisão traseira,Com Vítimas Feridas,Pleno dia,Crescente,Céu Claro,Dupla,Reta,Não,4,0,0,1,3,0,1,2,-27.6167305,-48.6457265,SPRF-SC,DEL01-SC,UOP01-DEL01-SC,2022
"494762,0",2022-12-23,sexta-feira,13:10:00,SC,116,"47,0",PAPANDUVA,Acessar a via sem observar a presença dos outros veículos,Colisão transversal,Com Vítimas Feridas,Pleno dia,Decrescente,Céu Claro,Simples,Reta,Não,2,0,1,0,1,0,1,2,-26.35635207,-50.11354592,SPRF-SC,DEL06-SC,UOP01-DEL06-SC,2022
"494770,0",2022-12-23,sexta-feira,16:25:00,SC,116,"220,0",CORREIA PINTO,Acessar a via sem observar a presença dos outros veículos,Colisão transversal,Com Vítimas Feridas,Pleno dia,Decrescente,Céu Claro,Simples,Declive,Sim,2,0,0,1,1,0,1,2,-27.57771319,-50.36993036,SPRF-SC,DEL05-SC,UOP03-DEL05-SC,2022
"494791,0",2022-12-23,sexta-feira,18:40:00,SC,101,"208,9",SAO JOSE,Reação tardia ou ineficiente do condutor,Tombamento,Com Vítimas Feridas,Pleno dia,Crescente,Nublado,Múltipla,Reta,Não,1,0,1,0,0,0,1,1,-27.60327979,-48.63201818,SPRF-SC,DEL01-SC,UOP01-DEL01-SC,2022
"494822,0",2022-12-23,sexta-feira,20:00:00,SC,101,"138,4",BALNEARIO CAMBORIU,Acessar a via sem observar a presença dos outros veículos,Colisão transversal,Com Vítimas Feridas,Plena Noite,Crescente,Nublado,Simples,Reta,Sim,2,0,1,0,1,0,1,2,-27.02397426,-48.60761649,SPRF-SC,DEL04-SC,UOP03-DEL04-SC,2022
"494840,0",2022-12-23,sexta-feira,22:10:00,SC,101,"190,0",BIGUACU,Ingestão de álcool ou de substâncias psicoativas pelo pedestre,Atropelamento de Pedestre,Com Vítimas Feridas,Plena Noite,Crescente,Ignorado,Dupla,Reta,Não,2,0,1,0,1,0,1,2,-27.468056,-48.641712,SPRF-SC,DEL01-SC,UOP01-DEL01-SC,2022
"494877,0",2022-12-23,sexta-feira,20:40:00,SC,280,"214,5",TRES BARRAS,Transitar na contramão,Colisão frontal,Com Vítimas Fatais,Plena Noite,Decrescente,Nublado,Simples,Curva,Não,5,1,2,1,1,0,3,2,-26.18318414,-50.20686497,SPRF-SC,DEL06-SC,UOP04-DEL06-SC,2022
"494878,0",2022-12-23,sexta-feira,19:00:00,SC,282,"134,0",BOM RETIRO,Ultrapassagem Indevida,Colisão traseira,Sem Vítimas,Plena Noite,Crescente,Céu Claro,Simples,Reta,Não,3,0,0,0,2,1,0,2,-27.813074,-49.540077,SPRF-SC,DEL05-SC,UOP01-DEL05-SC,2022
"494880,0",2022-12-24,sábado,00:00:00,SC,101,"328,0",CAPIVARI DE BAIXO,Acesso irregular,Colisão traseira,Com Vítimas Feridas,Plena Noite,Decrescente,Céu Claro,Dupla,Reta,Sim,3,0,0,3,0,0,3,2,-28.43648094,-48.95989307,SPRF-SC,DEL02-SC,UOP01-DEL02-SC,2022
"494881,0",2022-12-24,sábado,00:20:00,SC,101,"112,0",ITAJAI,Conversão proibida,Saída de leito carroçável,Sem Vítimas,Plena Noite,Decrescente,Garoa/Chuvisco,Múltipla,Reta,Sim,1,0,0,0,1,0,0,1,-26.84589005,-48.72131295,SPRF-SC,DEL04-SC,UOP04-DEL04-SC,2022
"494882,0",2022-12-24,sábado,01:30:00,SC,101,"187,0",BIGUACU,Condutor deixou de manter distância do veículo da frente,Colisão traseira,Sem Vítimas,Plena Noite,Decrescente,Nublado,Dupla,Reta,Não,2,0,0,0,2,0,0,2,-27.51844497,-48.63848496,SPRF-SC,DEL01-SC,UOP01-DEL01-SC,2022
"494883,0",2022-12-24,sábado,01:30:00,SC,101,"213,0",PALHOCA,Avarias e/ou desgaste excessivo no pneu,Queda de ocupante de veículo,Com Vítimas Feridas,Plena Noite,Decrescente,Céu Claro,Múltipla,Reta,Sim,2,0,2,0,0,0,2,1,-27.63697369,-48.66514142,SPRF-SC,DEL01-SC,UOP02-DEL01-SC,2022
"494911,0",2022-12-23,sexta-feira,22:10:00,SC,158,"131,5",CAIBI,Transitar na contramão,Colisão frontal,Sem Vítimas,Plena Noite,Crescente,Céu Claro,Simples,Reta,Não,2,0,0,0,1,1,0,2,-27.05010604,-53.22961807,SPRF-SC,DEL07-SC,UOP02-DEL07-SC,2022
"494921,0",2022-12-24,sábado,02:30:00,SC,101,"109,0",NAVEGANTES,Ausência de reação do condutor,Saída de leito carroçável,Sem Vítimas,Pleno dia,Crescente,Nublado,Múltipla,Curva,Não,1,0,0,0,0,1,0,1,-26.8333519,-48.69632106,SPRF-SC,DEL03-SC,UOP02-DEL03-SC,2022
"494951,0",2022-12-24,sábado,10:00:00,SC,101,"196,8",SAO JOSE,Reação tardia ou ineficiente do condutor,Colisão com objeto,Com Vítimas Feridas,Pleno dia,Decrescente,Sol,Dupla,Reta,Sim,2,0,2,0,0,0,2,1,-27.51101091,-48.64322292,SPRF-SC,DEL01-SC,UOP01-DEL01-SC,2022
"494961,0",2022-12-24,sábado,10:00:00,SC,101,"134,6",BALNEARIO CAMBORIU,Reação tardia ou ineficiente do condutor,Queda de ocupante de veículo,Com Vítimas Feridas,Pleno dia,Crescente,Céu Claro,Dupla,Reta,Sim,2,0,1,0,1,0,1,2,-27.00218,-48.636433,SPRF-SC,DEL04-SC,UOP03-DEL04-SC,2022
"494990,0",2022-11-14,segunda-feira,12:00:00,SC,101,"114,0",ITAJAI,Manobra de mudança de faixa,Queda de ocupante de veículo,Com Vítimas Feridas,Pleno dia,Crescente,Ignorado,Dupla,Reta,Não,2,0,1,0,0,1,1,2,-26.86192886,-48.7286704,SPRF-SC,DEL04-SC,UOP04-DEL04-SC,2022
"495001,0",2022-12-24,sábado,14:50:00,SC,282,"653,7",SAO MIGUEL DO OESTE,Acessar a via sem observar a presença dos outros veículos,Colisão transversal,Com Vítimas Feridas,Pleno dia,Decrescente,Céu Claro,Simples,Interseção de Vias,Não,2,0,1,0,1,0,1,2,-26.70497971,-53.52556229,SPRF-SC,DEL07-SC,UOP03-DEL07-SC,2022
"495002,0",2022-12-24,sábado,15:40:00,SC,470,"38,0",GASPAR,Ausência de reação do condutor,Saída de leito carroçável,Com Vítimas Feridas,Pleno dia,Decrescente,Nublado,Simples,Desvio Temporário;Curva;Em Obras,Sim,1,0,1,0,0,0,1,1,-26.904108,-48.980164,SPRF-SC,DEL04-SC,UOP01-DEL04-SC,2022
"495011,0",2022-12-24,sábado,12:16:00,SC,470,"38,8",GASPAR,Ultrapassagem Indevida,Colisão traseira,Com Vítimas Feridas,Pleno dia,Decrescente,Nublado,Dupla,Reta;Em Obras,Não,3,0,1,1,1,0,2,2,-26.89848547,-48.98570001,SPRF-SC,DEL04-SC,UOP01-DEL04-SC,2022
"495088,0",2022-12-25,domingo,01:10:00,SC,101,"92,5",BARRA VELHA,Ausência de reação do condutor,Colisão traseira,Com Vítimas Feridas,Plena Noite,Crescente,Garoa/Chuvisco,Dupla,Reta,Sim,2,0,0,1,1,0,1,2,-26.68514623,-48.69501471,SPRF-SC,DEL03-SC,UOP02-DEL03-SC,2022
"495090,0",2022-12-25,domingo,01:55:00,SC,280,"22,0",ARAQUARI,Velocidade Incompatível,Colisão traseira,Com Vítimas Feridas,Plena Noite,Crescente,Nublado,Simples,Reta,Sim,5,0,1,0,3,1,1,3,-26.37092616,-48.70204099,SPRF-SC,DEL03-SC,UOP03-DEL03-SC,2022
"495107,0",2022-12-25,domingo,06:30:00,SC,101,"79,0",ARAQUARI,Condutor deixou de manter distância do veículo da frente,Colisão traseira,Com Vítimas Feridas,Pleno dia,Crescente,Garoa/Chuvisco,Dupla,Reta,Não,3,0,1,0,2,0,1,2,-26.58559601,-48.72192112,SPRF-SC,DEL03-SC,UOP02-DEL03-SC,2022
"495109,0",2022-12-25,domingo,06:30:00,SC,101,"189,4",BIGUACU,Acessar a via sem observar a presença dos outros veículos,Colisão traseira,Com Vítimas Feridas,Amanhecer,Crescente,Chuva,Dupla,Curva,Sim,3,0,1,0,2,0,1,2,-27.459393,-48.638914,SPRF-SC,DEL01-SC,UOP01-DEL01-SC,2022