id,data_inversa,dia_semana,horario,uf,br,km,municipio,causa_acidente,tipo_acidente,classificacao_acidente,fase_dia,sentido_via,condicao_metereologica,tipo_pista,tracado_via,uso_solo,pessoas,mortos,feridos_leves,feridos_graves,ilesos,ignorados,feridos,veiculos,latitude,longitude,regional,delegacia,uop,ano_arquivo
"507121,0",2022-10-28,sexta-feira,21:13:00,SC,282,"16,0",PALHOCA,Acessar a via sem observar a presença dos outros veículos,Colisão transversal,Com Vítimas Feridas,Plena Noite,Crescente,Ignorado,Simples,Reta,Não,2,0,1,0,0,1,1,2,-27.658611,-48.681847,SPRF-SC,DEL01-SC,UOP02-DEL01-SC,2022
"509250,0",2022-09-07,quarta-feira,05:55:00,SC,101,"123,6",ITAJAI,Demais falhas mecânicas ou elétricas,Incêndio,Sem Vítimas,Amanhecer,Decrescente,Chuva,Múltipla,Reta,Não,2,0,0,0,2,0,0,1,-26.93668609,-48.69876905,SPRF-SC,DEL04-SC,UOP04-DEL04-SC,2022
"511960,0",2022-07-05,terça-feira,17:20:00,SC,101,"431,1",SOMBRIO,Ausência de reação do condutor,Atropelamento de Pedestre,Com Vítimas Feridas,Pleno dia,Crescente,Nublado,Múltipla,Reta,Sim,2,0,1,0,1,0,1,2,-29.072289,-49.627142,SPRF-SC,DEL02-SC,UOP02-DEL02-SC,2022
"520799,0",2022-11-23,quarta-feira,17:00:00,SC,470,"139,0",RIO DO SUL,Acessar a via sem observar a presença dos outros veículos,Colisão transversal,Com Vítimas Feridas,Pleno dia,Crescente,Chuva,Simples,Retorno Regulamentado,Sim,2,0,0,1,1,0,1,2,-27.217564,-49.65461,SPRF-SC,DEL04-SC,UOP02-DEL04-SC,2022
"523613,0",2022-05-02,segunda-feira,08:00:00,SC,470,"42,0",GASPAR,Transitar no acostamento,Colisão transversal,Com Vítimas Feridas,Pleno dia,Crescente,Nublado,Simples,Reta,Não,2,0,1,0,1,0,1,2,-26.875719,-49.003746,SPRF-SC,DEL04-SC,UOP01-DEL04-SC,2022
"523616,0",2022-12-23,sexta-feira,23:15:00,SC,101,"25,0",JOINVILLE,Demais falhas na via,Tombamento,Com Vítimas Feridas,Plena Noite,Decrescente,Ignorado,Simples,Reta,Sim,1,0,1,0,0,0,1,1,-26.1834739,-48.9105912,SPRF-SC,DEL03-SC,UOP01-DEL03-SC,2022
"523626,0",2022-12-10,sábado,16:40:00,SC,101,"89,0",BARRA VELHA,Ausência de reação do condutor,Colisão traseira,Com Vítimas Feridas,Pleno dia,Crescente,Sol,Múltipla,Reta,Sim,2,0,0,1,1,0,1,2,-26.65175997,-48.68721921,SPRF-SC,DEL03-SC,UOP02-DEL03-SC,2022
"523956,0",2022-12-24,sábado,03:20:00,SC,470,"148,0",AGRONOMICA,Ausência de reação do condutor,Colisão traseira,Com Vítimas Feridas,Plena Noite,Crescente,Chuva,Simples,Reta,Não,3,0,1,0,2,0,1,2,-27.246288,-49.694355,SPRF-SC,DEL04-SC,UOP02-DEL04-SC,2022
"526251,0",2022-12-14,quarta-feira,07:15:00,SC,101,"326,3",CAPIVARI DE BAIXO,Demais falhas mecânicas ou elétricas,Tombamento,Com Vítimas Feridas,Pleno dia,Crescente,Céu Claro,Simples,Reta,Não,1,0,1,0,0,0,1,1,-28.43850625,-48.96160126,SPRF-SC,DEL02-SC,UOP01-DEL02-SC,2022
"533458,0",2022-09-18,domingo,21:35:00,SC,470,"56,0",BLUMENAU,Acessar a via sem observar a presença dos outros veículos,Colisão transversal,Com Vítimas Feridas,Plena Noite,Crescente,Garoa/Chuvisco,Dupla,Rotatória,Não,2,0,1,0,1,0,1,2,-26.86616148,-49.10033584,SPRF-SC,DEL04-SC,UOP01-DEL04-SC,2022
"535178,0",2022-05-20,sexta-feira,07:48:00,SC,101,"207,0",SAO JOSE,Ausência de reação do condutor,Colisão traseira,Com Vítimas Feridas,Pleno dia,Crescente,Céu Claro,Dupla,Reta,Sim,2,0,1,0,1,0,1,2,-27.60001226,-48.6226467,SPRF-SC,DEL01-SC,UOP01-DEL01-SC,2022
"538319,0",2022-12-19,segunda-feira,03:30:00,SC,101,"329,0",CAPIVARI DE BAIXO,Conversão proibida,Saída de leito carroçável,Com Vítimas Feridas,Plena Noite,Crescente,Chuva,Dupla,Reta,Não,1,0,0,1,0,0,1,1,-28.44404822,-48.96611372,SPRF-SC,DEL02-SC,UOP01-DEL02-SC,2022
"540179,0",2022-12-06,terça-feira,23:05:00,SC,101,"66,9",ARAQUARI,Reação tardia ou ineficiente do condutor,Saída de leito carroçável,Com Vítimas Feridas,Plena Noite,Decrescente,Nublado,Dupla,Curva,Não,1,0,1,0,0,0,1,1,-26.48656943,-48.73435915,SPRF-SC,DEL03-SC,UOP02-DEL03-SC,2022
"543009,0",2022-11-14,segunda-feira,00:15:00,SC,470,"7,0",NAVEGANTES,Ingestão de álcool pelo condutor,Colisão traseira,Com Vítimas Feridas,Plena Noite,Crescente,Nublado,Dupla,Reta,Não,3,0,2,0,1,0,2,2,-26.84499,-48.71505,SPRF-SC,DEL04-SC,UOP04-DEL04-SC,2022
"551628,0",2022-11-01,terça-feira,15:30:00,SC,101,"339,0",TUBARAO,Desrespeitar a preferência no cruzamento,Colisão transversal,Com Vítimas Feridas,Pleno dia,Decrescente,Céu Claro,Simples,Interseção de Vias,Sim,3,0,0,2,1,0,2,2,-28.49351117,-49.04178985,SPRF-SC,DEL02-SC,UOP01-DEL02-SC,2022
"561093,0",2022-11-21,segunda-feira,17:30:00,SC,280,"12,7",SAO FRANCISCO DO SUL,Acessar a via sem observar a presença dos outros veículos,Colisão transversal,Com Vítimas Feridas,Pleno dia,Decrescente,Céu Claro,Simples,Reta,Não,2,0,1,0,1,0,1,2,-26.31323107,-48.64449483,SPRF-SC,DEL03-SC,UOP03-DEL03-SC,2022
"563087,0",2022-11-23,quarta-feira,22:00:00,SC,101,"131,7",BALNEARIO CAMBORIU,Área urbana sem a presença de local apropriado para a travessia de pedestres,Atropelamento de Pedestre,Com Vítimas Fatais,Plena Noite,Crescente,Nublado,Múltipla,Reta,Sim,2,1,0,0,1,0,0,2,-26.99549751,-48.6577008,SPRF-SC,DEL04-SC,UOP03-DEL04-SC,2022
"565596,0",2022-08-25,quinta-feira,01:00:00,SC,101,"365,0",SANGAO,Ausência de reação do condutor,Colisão traseira,Com Vítimas Feridas,Plena Noite,Crescente,Céu Claro,Dupla,Reta,Não,3,0,0,2,1,0,2,2,-28.68290284,-49.14759308,SPRF-SC,DEL02-SC,UOP01-DEL02-SC,2022
"583118,0",2022-01-23,domingo,04:15:00,SC,101,"204,0",SAO JOSE,Ingestão de álcool pelo condutor,Colisão com objeto,Com Vítimas Feridas,Amanhecer,Decrescente,Céu Claro,Múltipla,Reta,Sim,1,0,1,0,0,0,1,1,-27.57413014,-48.61363083,SPRF-SC,DEL01-SC,UOP01-DEL01-SC,2022
"585893,0",2022-06-05,domingo,01:50:00,SC,282,"21,7",SANTO AMARO DA IMPERATRIZ,Ingestão de álcool pelo condutor,Saída de leito carroçável,Com Vítimas Feridas,Plena Noite,Crescente,Garoa/Chuvisco,Simples,Curva,Sim,2,0,2,0,0,0,2,1,-27.68907,-48.717541,SPRF-SC,DEL01-SC,UOP02-DEL01-SC,2022
"588085,0",2022-12-19,segunda-feira,15:20:00,SC,282,"564,0",NOVA ERECHIM,Acessar a via sem observar a presença dos outros veículos,Queda de ocupante de veículo,Com Vítimas Feridas,Pleno dia,Crescente,Ignorado,Simples,Curva,Não,2,0,1,0,1,0,1,2,-26.90148184,-52.8694725,SPRF-SC,DEL07-SC,UOP02-DEL07-SC,2022
"602627,0",2022-11-23,quarta-feira,12:50:00,SC,101,"389,0",CRICIUMA,Ausência de reação do condutor,Tombamento,Com Vítimas Feridas,Pleno dia,Decrescente,Céu Claro,Simples,Aclive;Interseção de Vias;Reta,Não,2,0,2,0,0,0,2,1,-28.80434687,-49.36966717,SPRF-SC,DEL02-SC,UOP02-DEL02-SC,2022
"605349,0",2022-06-20,segunda-feira,01:30:00,SC,101,"207,0",SAO JOSE,Ingestão de álcool pelo condutor,Colisão frontal,Com Vítimas Feridas,Plena Noite,Crescente,Céu Claro,Múltipla,Curva,Sim,3,0,1,2,0,0,3,2,-27.60001226,-48.6226467,SPRF-SC,DEL01-SC,UOP01-DEL01-SC,2022
"608153,0",2022-07-10,domingo,22:20:00,SC,116,"36,0",ITAIOPOLIS,Transitar na contramão,Colisão frontal,Com Vítimas Feridas,Plena Noite,Crescente,Céu Claro,Simples,Reta,Não,4,0,2,2,0,0,4,2,-26.3385056,-50.01471809,SPRF-SC,DEL06-SC,UOP01-DEL06-SC,2022
"614333,0",2022-07-26,terça-feira,02:30:00,SC,101,"201,0",SAO JOSE,Acessar a via sem observar a presença dos outros veículos,Atropelamento de Pedestre,Com Vítimas Feridas,Plena Noite,Crescente,Céu Claro,Dupla,Reta,Sim,2,0,0,2,0,0,2,2,-27.54836599,-48.61977975,SPRF-SC,DEL01-SC,UOP01-DEL01-SC,2022
"617171,0",2022-09-30,sexta-feira,13:05:00,SC,470,"56,0",BLUMENAU,Acesso irregular,Colisão transversal,Com Vítimas Feridas,Pleno dia,Decrescente,Nublado,Simples,Reta,Não,2,0,1,0,1,0,1,2,-26.87674,-49.127743,,,,2022
"496772,0",2023-01-02,segunda-feira,07:23:00,SC,101,"134,0",BALNEARIO CAMBORIU,Reação tardia ou ineficiente do condutor,Colisão traseira,Com Vítimas Feridas,Pleno dia,Decrescente,Nublado,Múltipla,Reta,Não,2,0,1,0,1,0,1,2,-27.00218,-48.636433,SPRF-SC,DEL04-SC,UOP03-DEL04-SC,2023
"496875,0",2023-01-02,segunda-feira,17:25:00,SC,101,"255,0",PAULO LOPES,Manobra de mudança de faixa,Colisão lateral mesmo sentido,Com Vítimas Feridas,Pleno dia,Decrescente,Céu Claro,Dupla,Reta,Não,7,0,1,0,5,1,1,4,-27.98242299,-48.67898469,SPRF-SC,DEL02-SC,UOP03-DEL02-SC,2023
"496877,0",2023-01-02,segunda-feira,17:15:00,SC,101,"252,0",PAULO LOPES,Trafegar com motocicleta (ou similar) entre as faixas,Colisão lateral mesmo sentido,Com Vítimas Feridas,Pleno dia,Decrescente,Céu Claro,Dupla,Reta,Não,5,0,0,1,2,2,1,4,-27.95672412,-48.6767588,SPRF-SC,DEL02-SC,UOP03-DEL02-SC,2023
"496922,0",2023-01-02,segunda-feira,22:30:00,SC,101,"8,9",GARUVA,Reação tardia ou ineficiente do condutor,Tombamento,Com Vítimas Feridas,Plena Noite,Decrescente,Nublado,Dupla,Reta,Não,2,0,1,0,0,1,1,2,-26.044942,-48.859703,SPRF-SC,DEL03-SC,UOP01-DEL03-SC,2023
"496950,0",2023-01-03,terça-feira,06:10:00,SC,101,"262,0",PAULO LOPES,Manobra de mudança de faixa,Colisão lateral mesmo sentido,Com Vítimas Feridas,Pleno dia,Crescente,Céu Claro,Dupla,Reta,Não,4,0,1,0,2,2,1,4,-28.0353863,-48.70884453,SPRF-SC,DEL02-SC,UOP03-DEL02-SC,2023
"496956,0",2023-01-03,terça-feira,06:55:00,SC,101,"23,3",JOINVILLE,Transitar na contramão,Colisão frontal,Com Vítimas Feridas,Amanhecer,Decrescente,Céu Claro,Dupla,Reta,Sim,2,0,1,0,1,0,1,2,-26.16582501,-48.90742427,SPRF-SC,DEL03-SC,UOP01-DEL03-SC,2023
"496978,0",2023-01-02,segunda-feira,04:15:00,SC,280,"77,9",CORUPA,Acessar a via sem observar a presença dos outros veículos,Colisão transversal,Com Vítimas Feridas,Amanhecer,Crescente,Céu Claro,Simples,Interseção de Vias;Curva;Declive,Não,2,0,1,0,1,0,1,2,-26.44606085,-49.20347214,SPRF-SC,DEL06-SC,UOP03-DEL06-SC,2023
"496983,0",2023-01-03,terça-feira,08:50:00,SC,470,"77,4",INDAIAL,Ausência de reação do condutor,Colisão lateral sentido oposto,Com Vítimas Feridas,Pleno dia,Crescente,Céu Claro,Simples,Reta,Não,4,0,0,2,2,0,2,3,-26.940817,-49.29287,SPRF-SC,DEL04-SC,UOP01-DEL04-SC,2023
"496991,0",2023-01-03,terça-feira,10:15:00,SC,480,"131,0",CHAPECO,Manobra de mudança de faixa,Colisão lateral mesmo sentido,Com Vítimas Feridas,Pleno dia,Crescente,Sol,Dupla,Reta,Sim,2,0,1,0,1,0,1,2,-27.06314223,-52.63234636,SPRF-SC,DEL07-SC,UOP01-DEL07-SC,2023
"497034,0",2023-01-03,terça-feira,12:45:00,SC,153,"90,0",CONCORDIA,Transitar na contramão,Colisão lateral sentido oposto,Com Vítimas Feridas,Pleno dia,Crescente,Nublado,Simples,Curva,Não,7,0,1,0,6,0,1,3,-27.173784,-51.909233,SPRF-SC,DEL07-SC,UOP04-DEL07-SC,2023
"497099,0",2023-01-03,terça-feira,20:55:00,SC,282,"54,6",RANCHO QUEIMADO,Pista Escorregadia,Colisão lateral sentido oposto,Com Vítimas Feridas,Plena Noite,Crescente,Garoa/Chuvisco,Simples,Curva,Não,3,0,2,0,1,0,2,2,-27.685799,-48.974514,SPRF-SC,DEL01-SC,UOP03-DEL01-SC,2023
"497130,0",2023-01-04,quarta-feira,00:24:00,SC,116,"207,4",PONTE ALTA,Chuva,Tombamento,Com Vítimas Feridas,Plena Noite,Decrescente,Chuva,Simples,Rotatória,Sim,1,0,1,0,0,0,1,1,-27.48199748,-50.37911479,SPRF-SC,DEL05-SC,UOP03-DEL05-SC,2023
"497137,0",2023-01-03,terça-feira,23:40:00,SC,470,"241,0",CURITIBANOS,Chuva,Saída de leito carroçável,Com Vítimas Feridas,Plena Noite,Crescente,Chuva,Simples,Reta,Não,2,0,1,0,0,1,1,2,-27.308832,-50.490402,SPRF-SC,DEL05-SC,UOP03-DEL05-SC,2023
"497144,0",2023-01-04,quarta-feira,07:00:00,SC,101,"145,0",ITAPEMA,Avarias e/ou desgaste excessivo no pneu,Tombamento,Com Vítimas Feridas,Pleno dia,Crescente,Chuva,Dupla,Reta,Sim,2,0,1,0,1,0,1,2,-27.08139206,-48.60130993,SPRF-SC,DEL04-SC,UOP03-DEL04-SC,2023
"497174,0",2023-01-04,quarta-feira,10:00:00,SC,158,"112,0",CUNHA PORA,Afundamento ou ondulação no pavimento,Derramamento de carga,Sem Vítimas,Pleno dia,Crescente,Céu Claro,Simples,Reta,Não,2,0,0,0,1,1,0,2,-26.90638046,-53.18738937,SPRF-SC,DEL07-SC,UOP02-DEL07-SC,2023
"497185,0",2023-01-04,quarta-feira,10:40:00,SC,116,"201,7",PONTE ALTA,Ausência de reação do condutor,Colisão com objeto,Sem Vítimas,Pleno dia,Decrescente,Chuva,Dupla,Reta,Não,2,0,0,0,1,1,0,2,-27.43687163,-50.40434884,SPRF-SC,DEL05-SC,UOP03-DEL05-SC,2023
"497196,0",2023-01-04,quarta-feira,12:30:00,SC,101,"199,9",SAO JOSE,Condutor deixou de manter distância do veículo da frente,Colisão traseira,Com Vítimas Feridas,Pleno dia,Crescente,Nublado,Dupla,Reta,Sim,3,0,1,0,2,0,1,2,-27.53413705,-48.63003205,SPRF-SC,DEL01-SC,UOP01-DEL01-SC,2023
"497213,0",2023-01-04,quarta-feira,13:30:00,SC,101,"199,0",SAO JOSE,Frear bruscamente,Tombamento,Com Vítimas Feridas,Pleno dia,Decrescente,Nublado,Dupla,Reta,Não,2,0,1,0,0,12,1,13,-27.53413705,-48.63003205,SPRF-SC,DEL01-SC,UOP01-DEL01-SC,2023
"497256,0",2023-01-04,quarta-feira,16:10:00,SC,101,"112,0",ITAJAI,Acessar a via sem observar a presença dos outros veículos,Colisão transversal,Com Vítimas Feridas,Pleno dia,Decrescente,Nublado,Múltipla,Reta,Sim,3,0,1,0,1,1,1,3,-26.84589005,-48.72131295,SPRF-SC,DEL04-SC,UOP04-DEL04-SC,2023
"497267,0",2023-01-04,quarta-feira,13:45:00,SC,470,"277,6",BRUNOPOLIS,Velocidade Incompatível,Colisão lateral sentido oposto,Com Vítimas Feridas,Pleno dia,Decrescente,Céu Claro,Simples,Curva,Não,3,0,1,0,1,3,1,5,-27.328163,-50.834103,SPRF-SC,DEL07-SC,UOP06-DEL07-SC,2023
"497327,0",2023-01-04,quarta-feira,20:45:00,SC,470,"7,0",NAVEGANTES,Mal súbito do condutor,Colisão com objeto,Com Vítimas Fatais,Plena Noite,Crescente,Nublado,Dupla,Reta;Em Obras,Não,2,1,0,0,0,1,0,2,-26.84499,-48.71505,SPRF-SC,DEL04-SC,UOP04-DEL04-SC,2023
"497332,0",2023-01-04,quarta-feira,18:15:00,SC,280,"25,4",ARAQUARI,Acessar a via sem observar a presença dos outros veículos,Colisão transversal,Sem Vítimas,Pleno dia,Decrescente,Céu Claro,Simples,Reta;Em Obras,Sim,3,0,0,0,2,1,0,3,-26.38352781,-48.72677516,SPRF-SC,DEL03-SC,UOP03-DEL03-SC,2023
"497354,0",2023-01-05,quinta-feira,06:50:00,SC,101,"288,0",IMBITUBA,Ausência de reação do condutor,Saída de leito carroçável,Com Vítimas Feridas,Pleno dia,Crescente,Céu Claro,Dupla,Reta,Sim,2,0,1,0,0,1,1,2,-28.24598003,-48.70010284,SPRF-SC,DEL02-SC,UOP03-DEL02-SC,2023
"497419,0",2023-01-05,quinta-feira,15:20:00,SC,101,"158,0",PORTO BELO,Acessar a via sem observar a presença dos outros veículos,Colisão traseira,Com Vítimas Feridas,Pleno dia,Decrescente,Céu Claro,Dupla,Reta,Não,2,0,0,1,1,0,1,2,-27.19096301,-48.61259017,SPRF-SC,DEL04-SC,UOP03-DEL04-SC,2023
"497437,0",2023-01-05,quinta-feira,15:45:00,SC,101,"121,0",ITAJAI,Acessar a via sem observar a presença dos outros veículos,Colisão lateral mesmo sentido,Com Vítimas Feridas,Pleno dia,Crescente,Céu Claro,Simples,Reta,Sim,2,0,0,1,1,0,1,2,-26.92103178,-48.70856446,SPRF-SC,DEL04-SC,UOP04-DEL04-SC,2023
"497509,0",2023-01-06,sexta-feira,02:35:00,SC,101,"93,6",BARRA VELHA,Condutor Dormindo,Colisão lateral mesmo sentido,Com Vítimas Feridas,Plena Noite,Crescente,Nublado,Dupla,Curva,Não,4,0,0,1,2,1,1,4,-26.7018,-48.6995,SPRF-SC,DEL03-SC,UOP02-DEL03-SC,2023
"497564,0",2023-01-06,sexta-feira,11:45:00,SC,280,"136,9",RIO NEGRINHO,Demais falhas mecânicas ou elétricas,Saída de leito carroçável,Com Vítimas Feridas,Pleno dia,Crescente,Céu Claro,Simples,Curva,Não,2,0,1,0,0,2,1,3,-26.270102,-49.58121,SPRF-SC,DEL06-SC,UOP03-DEL06-SC,2023
"497619,0",2023-01-06,sexta-feira,17:51:00,SC,101,"212,9",PALHOCA,Reação tardia ou ineficiente do condutor,Colisão traseira,Com Vítimas Feridas,Pleno dia,Crescente,Céu Claro,Múltipla,Reta,Sim,3,0,0,1,1,1,1,3,-27.62996929,-48.65903871,SPRF-SC,DEL01-SC,UOP02-DEL01-SC,2023
"497667,0",2023-01-06,sexta-feira,21:10:00,SC,280,"33,1",ARAQUARI,Desrespeitar a preferência no cruzamento,Colisão transversal,Com Vítimas Feridas,Plena Noite,Decrescente,Céu Claro,Simples,Reta,Não,4,0,1,1,2,0,2,3,-26.42576441,-48.78741376,SPRF-SC,DEL03-SC,UOP03-DEL03-SC,2023
"497679,0",2023-01-06,sexta-feira,22:25:00,SC,470,"236,6",SAO CRISTOVAO DO SUL,Ausência de reação do condutor,Colisão frontal,Com Vítimas Feridas,Plena Noite,Decrescente,Nublado,Simples,Reta,Não,3,0,0,1,1,1,1,3,-27.30200288,-50.44578552,SPRF-SC,DEL05-SC,UOP03-DEL05-SC,2023
"497840,0",2023-01-07,sábado,17:40:00,SC,470,"199,0",PONTE ALTA,Acessar a via sem observar a presença dos outros veículos,Colisão transversal,Sem Vítimas,Amanhecer,Crescente,Céu Claro,Simples,Reta;Interseção de Vias;Rotatória,Não,3,0,0,0,2,1,0,3,-27.30805659,-50.13389826,SPRF-SC,DEL05-SC,UOP03-DEL05-SC,2023
"497892,0",2023-01-08,domingo,02:16:00,SC,280,"22,1",ARAQUARI,Reação tardia ou ineficiente do condutor,Colisão lateral sentido oposto,Com Vítimas Feridas,Plena Noite,Decrescente,Nublado,Simples,Reta,Não,3,0,1,0,1,2,1,4,-26.37092616,-48.70204099,SPRF-SC,DEL03-SC,UOP03-DEL03-SC,2023
"497898,0",2023-01-08,domingo,03:15:00,SC,101,"242,2",PALHOCA,Manobra de mudança de faixa,Colisão lateral mesmo sentido,Com Vítimas Feridas,Plena Noite,Crescente,Nublado,Dupla,Reta,Não,3,0,0,1,1,1,1,3,-27.87545797,-48.64678433,SPRF-SC,DEL01-SC,UOP02-DEL01-SC,2023
"498268,0",2023-01-09,segunda-feira,15:50:00,SC,101,"321,8",PESCARIA BRAVA,Manobra de mudança de faixa,Colisão lateral mesmo sentido,Com Vítimas Feridas,Pleno dia,Decrescente,Céu Claro,Dupla,Reta,Não,5,0,1,1,2,2,2,6,-28.42532339,-48.8919091,SPRF-SC,DEL02-SC,UOP01-DEL02-SC,2023
"498291,0",2023-01-09,segunda-feira,18:20:00,SC,101,"384,0",ICARA,Ausência de reação do condutor,Colisão traseira,Com Vítimas Feridas,Pleno dia,Crescente,Céu Claro,Dupla,Reta;Aclive,Não,4,0,1,0,2,2,1,4,-28.76851141,-49.3025538,SPRF-SC,DEL02-SC,UOP02-DEL02-SC,2023
"498312,0",2023-01-09,segunda-feira,19:10:00,SC,116,"107,7",MONTE CASTELO,Problema com o freio,Tombamento,Com Vítimas Feridas,Anoitecer,Decrescente,Nublado,Simples,Curva,Não,2,0,1,0,0,2,1,3,-26.75473112,-50.33214569,SPRF-SC,DEL06-SC,UOP02-DEL06-SC,2023
"498330,0",2023-01-10,terça-feira,03:45:00,SC,101,"345,2",TREZE DE MAIO,Condutor Dormindo,Saída de leito carroçável,Com Vítimas Feridas,Plena Noite,Decrescente,Céu Claro,Dupla,Reta,Não,3,0,1,1,0,1,2,2,-28.54565997,-49.05345334,SPRF-SC,DEL02-SC,UOP01-DEL02-SC,2023
"498404,0",2023-01-10,terça-feira,16:16:00,SC,101,"222,0",PALHOCA,Reação tardia ou ineficiente do condutor,Tombamento,Com Vítimas Feridas,Pleno dia,Crescente,Nublado,Múltipla,Reta;Aclive,Não,2,0,1,0,1,0,1,2,-27.70865409,-48.65586407,SPRF-SC,DEL01-SC,UOP02-DEL01-SC,2023
"498438,0",2023-01-10,terça-feira,18:25:00,SC,101,"103,2",BALNEARIO PICARRAS,Acessar a via sem observar a presença dos outros veículos,Colisão lateral mesmo sentido,Com Vítimas Feridas,Anoitecer,Crescente,Céu Claro,Dupla,Reta;Declive,Não,4,0,1,0,2,1,1,4,-26.785228,-48.682627,SPRF-SC,DEL03-SC,UOP02-DEL03-SC,2023
"498452,0",2023-01-10,terça-feira,20:55:00,SC,282,"238,1",LAGES,Ausência de reação do condutor,Colisão com objeto,Com Vítimas Feridas,Plena Noite,Decrescente,Nublado,Simples,Ponte;Reta,Não,4,0,1,0,3,0,1,2,-27.780125,-50.498653,SPRF-SC,DEL05-SC,UOP02-DEL05-SC,2023
"498453,0",2023-01-10,terça-feira,18:00:00,SC,101,"171,7",TIJUCAS,Reação tardia ou ineficiente do condutor,Saída de leito carroçável,Com Vítimas Feridas,Plena Noite,Decrescente,Nublado,Dupla,Reta,Não,3,0,0,2,1,0,2,3,-27.30546499,-48.63258412,SPRF-SC,DEL04-SC,UOP03-DEL04-SC,2023
"498459,0",2023-01-10,terça-feira,23:35:00,SC,101,"48,5",JOINVILLE,Velocidade Incompatível,Colisão com objeto,Com Vítimas Feridas,Plena Noite,Crescente,Nublado,Dupla,Curva,Não,4,0,1,0,2,1,1,4,-26.35345909,-48.85867862,SPRF-SC,DEL03-SC,UOP01-DEL03-SC,2023
"498516,0",2023-01-11,quarta-feira,10:30:00,SC,101,"129,1",BALNEARIO CAMBORIU,Reação tardia ou ineficiente do condutor,Engavetamento,Sem Vítimas,Pleno dia,Decrescente,Sol,Simples,Reta,Não,3,0,0,0,3,0,0,3,-26.98064277,-48.6790679,SPRF-SC,DEL04-SC,UOP03-DEL04-SC,2023
"498596,0",2023-01-11,quarta-feira,18:00:00,SC,101,"86,0",BARRA VELHA,Reação tardia ou ineficiente do condutor,Colisão lateral mesmo sentido,Com Vítimas Feridas,Pleno dia,Decrescente,Nublado,Dupla,Reta;Declive,Não,2,0,0,1,1,0,1,2,-26.63309025,-48.70158255,SPRF-SC,DEL03-SC,UOP02-DEL03-SC,2023
"498613,0",2023-01-11,quarta-feira,20:30:00,SC,101,"117,3",ITAJAI,Condutor deixou de manter distância do veículo da frente,Engavetamento,Sem Vítimas,Plena Noite,Decrescente,Céu Claro,Dupla,Reta,Não,3,0,0,0,2,1,0,3,-26.89185051,-48.72051358,SPRF-SC,DEL04-SC,UOP04-DEL04-SC,2023
"498620,0",2023-01-11,quarta-feira,18:00:00,SC,101,"316,2",PESCARIA BRAVA,Ausência de reação do condutor,Tombamento,Com Vítimas Feridas,Pleno dia,Decrescente,Céu Claro,Dupla,Aclive;Curva,Sim,2,0,1,0,0,1,1,2,-28.42944906,-48.87268066,SPRF-SC,DEL02-SC,UOP01-DEL02-SC,2023
"498684,0",2023-01-12,quinta-feira,09:40:00,SC,101,"201,3",SAO JOSE,Manobra de mudança de faixa,Colisão lateral mesmo sentido,Com Vítimas Feridas,Pleno dia,Crescente,Céu Claro,Dupla,Reta,Sim,3,0,1,0,2,0,1,2,-27.54836599,-48.61977975,SPRF-SC,DEL01-SC,UOP01-DEL01-SC,2023
"498737,0",2023-01-12,quinta-feira,15:10:00,SC,101,"438,0",SOMBRIO,Entrada inopinada do pedestre,Atropelamento de Pedestre,Com Vítimas Feridas,Pleno dia,Decrescente,Céu Claro,Dupla,Reta,Não,3,0,0,1,1,1,1,3,-29.12427296,-49.6631813,SPRF-SC,DEL02-SC,UOP02-DEL02-SC,2023
"498750,0",2023-01-12,quinta-feira,10:30:00,SC,280,"27,0",ARAQUARI,Demais falhas mecânicas ou elétricas,Incêndio,Sem Vítimas,Pleno dia,Decrescente,Céu Claro,Simples,Reta,Não,1,0,0,0,1,0,0,1,-26.39685622,-48.74021969,SPRF-SC,DEL03-SC,UOP03-DEL03-SC,2023
"498820,0",2023-01-13,sexta-feira,00:15:00,SC,280,"59,2",GUARAMIRIM,Acessar a via sem observar a presença dos outros veículos,Atropelamento de Pedestre,Com Vítimas Feridas,Plena Noite,Crescente,Nublado,Simples,Reta,Sim,2,0,0,1,0,1,1,2,-26.476146,-49.031776,SPRF-SC,DEL03-SC,UOP03-DEL03-SC,2023
"498823,0",2023-01-13,sexta-feira,02:10:00,SC,101,"207,9",SAO JOSE,Ingestão de álcool pelo condutor,Colisão com objeto,Com Vítimas Fatais,Plena Noite,Decrescente,Céu Claro,Múltipla,Curva;Em Obras,Sim,3,1,0,1,1,0,1,2,-27.6028524,-48.6310495,SPRF-SC,DEL01-SC,UOP01-DEL01-SC,2023
"498869,0",2023-01-13,sexta-feira,10:33:00,SC,282,"17,0",PALHOCA,Condutor deixou de manter distância do veículo da frente,Engavetamento,Com Vítimas Feridas,Pleno dia,Decrescente,Céu Claro,Simples,Reta,Não,5,0,1,0,4,0,1,4,-27.665707,-48.688065,SPRF-SC,DEL01-SC,UOP02-DEL01-SC,2023