id,data_inversa,dia_semana,horario,uf,br,km,municipio,causa_acidente,tipo_acidente,classificacao_acidente,fase_dia,sentido_via,condicao_metereologica,tipo_pista,tracado_via,uso_solo,pessoas,mortos,feridos_leves,feridos_graves,ilesos,ignorados,feridos,veiculos,latitude,longitude,regional,delegacia,uop,ano_arquivo
"498898,0",2023-01-13,sexta-feira,13:10:00,SC,470,"68,3",INDAIAL,Acessar a via sem observar a presença dos outros veículos,Colisão transversal,Com Vítimas Feridas,Pleno dia,Decrescente,Nublado,Dupla,Reta;Em Obras,Sim,2,0,0,1,1,0,1,2,-26.88031441,-49.2426494,SPRF-SC,DEL04-SC,UOP01-DEL04-SC,2023
"498899,0",2023-01-13,sexta-feira,13:10:00,SC,470,"86,9",RODEIO,Reação tardia ou ineficiente do condutor,Saída de leito carroçável,Com Vítimas Feridas,Pleno dia,Crescente,Céu Claro,Simples,Curva,Não,2,0,1,1,0,0,2,1,-26.94797188,-49.36526299,SPRF-SC,DEL04-SC,UOP01-DEL04-SC,2023
"498988,0",2023-01-13,sexta-feira,16:20:00,SC,282,"487,4",FAXINAL DOS GUEDES,Velocidade Incompatível,Colisão frontal,Com Vítimas Feridas,Pleno dia,Decrescente,Céu Claro,Simples,Reta,Sim,2,0,1,0,1,0,1,2,-26.85758,-52.263203,SPRF-SC,DEL07-SC,UOP01-DEL07-SC,2023
"498990,0",2023-01-13,sexta-feira,19:45:00,SC,101,"93,9",BARRA VELHA,Condutor deixou de manter distância do veículo da frente,Colisão com objeto,Com Vítimas Feridas,Plena Noite,Crescente,Nublado,Dupla,Reta,Não,5,0,1,0,3,2,1,6,-26.6899011,-48.69663873,SPRF-SC,DEL03-SC,UOP02-DEL03-SC,2023
"498991,0",2023-01-13,sexta-feira,18:00:00,SC,101,"223,6",PALHOCA,Pedestre cruzava a pista fora da faixa,Atropelamento de Pedestre,Com Vítimas Fatais,Anoitecer,Crescente,Nublado,Múltipla,Reta,Não,5,1,1,0,2,1,1,5,-27.721214,-48.645202,SPRF-SC,DEL01-SC,UOP02-DEL01-SC,2023
"499041,0",2023-01-13,sexta-feira,20:50:00,SC,282,"411,8",CATANDUVAS,Velocidade Incompatível,Saída de leito carroçável,Com Vítimas Fatais,Plena Noite,Crescente,Nublado,Simples,Curva;Declive,Não,1,1,0,0,0,0,0,1,-27.059665,-51.677769,SPRF-SC,DEL07-SC,UOP05-DEL07-SC,2023
"499118,0",2023-01-14,sábado,10:30:00,SC,101,"48,7",JOINVILLE,Velocidade Incompatível,Saída de leito carroçável,Com Vítimas Feridas,Pleno dia,Crescente,Sol,Dupla,Reta,Não,2,0,1,0,0,2,1,3,-26.38024804,-48.8516736,SPRF-SC,DEL03-SC,UOP01-DEL03-SC,2023
"499258,0",2023-01-15,domingo,05:01:00,SC,280,"6,5",SAO FRANCISCO DO SUL,Reação tardia ou ineficiente do condutor,Saída de leito carroçável,Com Vítimas Feridas,Amanhecer,Crescente,Nublado,Simples,Reta,Sim,2,0,1,0,0,1,1,2,-26.268526,-48.637825,SPRF-SC,DEL03-SC,UOP03-DEL03-SC,2023
"499346,0",2023-01-15,domingo,16:00:00,SC,101,"340,0",TUBARAO,Ultrapassagem Indevida,Colisão lateral mesmo sentido,Com Vítimas Feridas,Pleno dia,Decrescente,Garoa/Chuvisco,Simples,Reta,Sim,2,0,1,0,1,0,1,2,-28.501444,-49.04690399,SPRF-SC,DEL02-SC,UOP01-DEL02-SC,2023
"499371,0",2023-01-15,domingo,17:30:00,SC,470,"64,0",INDAIAL,Ausência de reação do condutor,Colisão lateral sentido oposto,Com Vítimas Feridas,Pleno dia,Decrescente,Nublado,Simples,Reta,Não,2,0,0,1,1,0,1,2,-26.869867,-49.201859,SPRF-SC,DEL04-SC,UOP01-DEL04-SC,2023
"499386,0",2023-01-15,domingo,16:30:00,SC,101,"242,0",PALHOCA,Ingestão de substâncias psicoativas pelo condutor,Colisão lateral mesmo sentido,Com Vítimas Feridas,Pleno dia,Crescente,Chuva,Dupla,Reta,Não,3,0,1,0,1,2,1,4,-27.875012,-48.646989,SPRF-SC,DEL01-SC,UOP02-DEL01-SC,2023
"499593,0",2023-01-16,segunda-feira,13:10:00,SC,282,"450,1",PONTE SERRADA,Condutor deixou de manter distância do veículo da frente,Colisão traseira,Com Vítimas Fatais,Pleno dia,Crescente,Sol,Simples,Reta;Aclive,Não,5,1,0,0,3,1,0,5,-26.9200989,-51.9370182,SPRF-SC,DEL07-SC,UOP04-DEL07-SC,2023
"499605,0",2023-01-16,segunda-feira,18:45:00,SC,101,"274,1",IMBITUBA,Velocidade Incompatível,Colisão traseira,Com Vítimas Fatais,Anoitecer,Decrescente,Céu Claro,Dupla,Reta,Sim,3,1,1,0,1,0,1,2,-28.1417472,-48.6920212,SPRF-SC,DEL02-SC,UOP03-DEL02-SC,2023
"499645,0",2023-01-16,segunda-feira,22:20:00,SC,470,"269,0",BRUNOPOLIS,Velocidade Incompatível,Tombamento,Com Vítimas Feridas,Plena Noite,Decrescente,Chuva,Simples,Curva,Não,1,0,1,0,0,0,1,1,-27.31912401,-50.76580524,SPRF-SC,DEL07-SC,UOP06-DEL07-SC,2023
"499665,0",2023-01-17,terça-feira,06:50:00,SC,101,"137,0",BALNEARIO CAMBORIU,Condutor deixou de manter distância do veículo da frente,Colisão lateral mesmo sentido,Com Vítimas Feridas,Pleno dia,Crescente,Céu Claro,Simples,Reta,Sim,3,0,0,1,1,2,1,4,-27.0157238,-48.61192763,SPRF-SC,DEL04-SC,UOP03-DEL04-SC,2023
"499673,0",2023-01-17,terça-feira,07:50:00,SC,101,"127,0",ITAJAI,Reação tardia ou ineficiente do condutor,Colisão traseira,Com Vítimas Feridas,Pleno dia,Decrescente,Céu Claro,Dupla,Reta,Não,2,0,1,0,1,0,1,2,-26.9639319,-48.68328024,SPRF-SC,DEL04-SC,UOP04-DEL04-SC,2023
"499713,0",2023-01-17,terça-feira,12:20:00,SC,282,"425,5",VARGEM BONITA,Chuva,Colisão lateral sentido oposto,Com Vítimas Feridas,Pleno dia,Crescente,Chuva,Simples,Aclive;Curva,Não,5,0,3,0,1,2,3,4,-26.982269,-51.75414,SPRF-SC,DEL07-SC,UOP05-DEL07-SC,2023
"499818,0",2023-01-18,quarta-feira,00:40:00,SC,101,"38,8",JOINVILLE,Ingestão de álcool pelo condutor,Colisão lateral mesmo sentido,Com Vítimas Feridas,Plena Noite,Crescente,Nublado,Dupla,Reta,Sim,3,0,1,1,0,1,2,3,-26.30039804,-48.88364553,SPRF-SC,DEL03-SC,UOP01-DEL03-SC,2023
"499837,0",2023-01-18,quarta-feira,06:09:00,SC,101,"119,0",ITAJAI,Ausência de reação do condutor,Colisão traseira,Com Vítimas Feridas,Amanhecer,Decrescente,Nublado,Dupla,Reta,Sim,2,0,1,0,0,1,1,2,-26.9043179,-48.71555481,SPRF-SC,DEL04-SC,UOP04-DEL04-SC,2023
"499852,0",2023-01-16,segunda-feira,17:45:00,SC,282,"513,8",XAXIM,Ausência de reação do condutor,Tombamento,Com Vítimas Feridas,Pleno dia,Crescente,Sol,Simples,Reta;Aclive,Não,2,0,1,0,0,1,1,2,-26.91486,-52.480682,SPRF-SC,DEL07-SC,UOP01-DEL07-SC,2023
"499904,0",2023-01-17,terça-feira,23:50:00,SC,470,"59,3",BLUMENAU,Reação tardia ou ineficiente do condutor,Tombamento,Com Vítimas Feridas,Plena Noite,Crescente,Chuva,Simples,Curva,Sim,1,0,1,0,0,0,1,1,-26.88219146,-49.15933371,SPRF-SC,DEL04-SC,UOP01-DEL04-SC,2023
"499944,0",2023-01-18,quarta-feira,18:06:00,SC,282,"17,0",PALHOCA,Trafegar com motocicleta (ou similar) entre as faixas,Colisão transversal,Com Vítimas Feridas,Pleno dia,Crescente,Céu Claro,Simples,Interseção de Vias,Não,2,0,1,0,1,0,1,2,-27.665707,-48.688065,SPRF-SC,DEL01-SC,UOP02-DEL01-SC,2023
"499973,0",2023-01-18,quarta-feira,18:30:00,SC,480,"126,7",CHAPECO,Pista Escorregadia,Tombamento,Com Vítimas Fatais,Pleno dia,Decrescente,Garoa/Chuvisco,Múltipla,Interseção de Vias;Aclive,Sim,5,1,0,0,4,0,0,2,-27.0256316,-52.6345637,SPRF-SC,DEL07-SC,UOP01-DEL07-SC,2023
"500002,0",2023-01-19,quinta-feira,03:00:00,SC,470,"356,0",CAMPOS NOVOS,Velocidade Incompatível,Tombamento,Com Vítimas Feridas,Plena Noite,Crescente,Céu Claro,Simples,Curva;Declive,Não,2,0,1,0,0,1,1,2,-27.596577,-51.473782,SPRF-SC,DEL07-SC,UOP06-DEL07-SC,2023
"500041,0",2023-01-19,quinta-feira,08:55:00,SC,282,"20,7",PALHOCA,Velocidade Incompatível,Colisão frontal,Com Vítimas Feridas,Pleno dia,Crescente,Nublado,Simples,Curva,Sim,2,0,1,0,1,0,1,2,-27.683958,-48.71006,SPRF-SC,DEL01-SC,UOP02-DEL01-SC,2023
"500100,0",2023-01-19,quinta-feira,16:17:00,SC,101,"113,0",ITAJAI,Reação tardia ou ineficiente do condutor,Colisão traseira,Com Vítimas Feridas,Pleno dia,Crescente,Garoa/Chuvisco,Múltipla,Reta,Sim,2,0,1,0,1,0,1,2,-26.85311393,-48.72689927,SPRF-SC,DEL04-SC,UOP04-DEL04-SC,2023
"500113,0",2023-01-10,terça-feira,23:00:00,SC,101,"349,7",JAGUARUNA,Chuva,Tombamento,Com Vítimas Fatais,Plena Noite,Crescente,Garoa/Chuvisco,Dupla,Declive;Reta,Não,6,1,0,0,2,3,0,6,-28.59514821,-49.04716372,SPRF-SC,DEL02-SC,UOP01-DEL02-SC,2023
"500184,0",2023-01-20,sexta-feira,02:10:00,SC,163,"69,0",SAO MIGUEL DO OESTE,Acessar a via sem observar a presença dos outros veículos,Colisão transversal,Com Vítimas Feridas,Plena Noite,Decrescente,Céu Claro,Dupla,Declive;Reta,Sim,2,0,0,1,1,0,1,2,-26.7402449,-53.501122,SPRF-SC,DEL07-SC,UOP03-DEL07-SC,2023
"500198,0",2023-01-20,sexta-feira,00:20:00,SC,101,"82,0",BARRA VELHA,Mal súbito do condutor,Tombamento,Com Vítimas Feridas,Plena Noite,Crescente,Céu Claro,Dupla,Reta,Não,2,0,1,0,0,1,1,2,-26.61323628,-48.7210232,SPRF-SC,DEL03-SC,UOP02-DEL03-SC,2023
"500225,0",2023-01-20,sexta-feira,08:00:00,SC,480,"127,2",CHAPECO,Mal súbito do condutor,Saída de leito carroçável,Sem Vítimas,Pleno dia,Decrescente,Céu Claro,Simples,Reta,Não,2,0,0,0,1,1,0,2,-27.02885905,-52.63380035,SPRF-SC,DEL07-SC,UOP01-DEL07-SC,2023
"500242,0",2023-01-20,sexta-feira,09:15:00,SC,282,"62,0",RANCHO QUEIMADO,Transitar na contramão,Saída de leito carroçável,Sem Vítimas,Pleno dia,Decrescente,Céu Claro,Simples,Reta;Declive,Não,4,0,0,0,2,2,0,3,-27.688046,-49.037033,SPRF-SC,DEL01-SC,UOP03-DEL01-SC,2023
"500244,0",2023-01-20,sexta-feira,07:50:00,SC,116,"86,8",MONTE CASTELO,Transitar na contramão,Colisão lateral sentido oposto,Com Vítimas Feridas,Pleno dia,Decrescente,Nublado,Simples,Curva,Não,5,0,0,1,3,2,1,5,-26.60977491,-50.22937022,SPRF-SC,DEL06-SC,UOP02-DEL06-SC,2023
"500254,0",2023-01-20,sexta-feira,10:15:00,SC,101,"312,0",LAGUNA,Reação tardia ou ineficiente do condutor,Colisão traseira,Com Vítimas Feridas,Pleno dia,Crescente,Sol,Dupla,Reta;Em Obras;Declive,Não,4,0,0,1,3,0,1,4,-28.433701,-48.806344,SPRF-SC,DEL02-SC,UOP01-DEL02-SC,2023
"500273,0",2023-01-20,sexta-feira,15:00:00,SC,280,"44,5",GUARAMIRIM,Reação tardia ou ineficiente do condutor,Saída de leito carroçável,Com Vítimas Feridas,Pleno dia,Crescente,Sol,Simples,Reta,Não,2,0,1,0,0,1,1,2,-26.45228544,-48.8951683,SPRF-SC,DEL03-SC,UOP03-DEL03-SC,2023
"500275,0",2023-01-20,sexta-feira,11:50:00,SC,101,"112,0",NAVEGANTES,Condutor deixou de manter distância do veículo da frente,Colisão traseira,Com Vítimas Feridas,Pleno dia,Crescente,Céu Claro,Dupla,Aclive;Reta;Ponte,Não,4,0,1,0,2,2,1,4,-26.84356253,-48.71857166,SPRF-SC,DEL04-SC,UOP04-DEL04-SC,2023
"500277,0",2023-01-20,sexta-feira,12:00:00,SC,470,"2,0",NAVEGANTES,Ultrapassagem Indevida,Colisão lateral mesmo sentido,Com Vítimas Feridas,Pleno dia,Crescente,Céu Claro,Múltipla,Reta;Interseção de Vias;Em Obras,Sim,3,0,1,0,1,1,1,3,-26.868551,-48.674831,SPRF-SC,DEL04-SC,UOP04-DEL04-SC,2023
"500278,0",2023-01-20,sexta-feira,14:30:00,SC,470,"12,0",NAVEGANTES,Condutor deixou de manter distância do veículo da frente,Colisão traseira,Com Vítimas Feridas,Pleno dia,Decrescente,Céu Claro,Dupla,Reta,Não,3,0,1,0,1,1,1,3,-26.835169,-48.757267,SPRF-SC,DEL04-SC,UOP04-DEL04-SC,2023
"500289,0",2023-01-20,sexta-feira,16:50:00,SC,101,"202,0",SAO JOSE,Ausência de reação do condutor,Engavetamento,Com Vítimas Feridas,Pleno dia,Crescente,Céu Claro,Múltipla,Reta,Sim,9,0,4,0,4,2,4,7,-27.55711595,-48.61897889,SPRF-SC,DEL01-SC,UOP01-DEL01-SC,2023
"500342,0",2023-01-22,domingo,17:45:00,SC,153,"67,6",IRANI,Ingestão de álcool pelo condutor,Saída de leito carroçável,Sem Vítimas,Pleno dia,Crescente,Céu Claro,Simples,Reta,Não,2,0,0,0,2,0,0,1,-27.036904,-51.880014,SPRF-SC,DEL07-SC,UOP04-DEL07-SC,2023
"500403,0",2023-01-23,segunda-feira,08:15:00,SC,101,"117,0",ITAJAI,Mal súbito do condutor,Saída de leito carroçável,Com Vítimas Feridas,Pleno dia,Decrescente,Céu Claro,Dupla,Reta,Sim,1,0,1,0,0,0,1,1,-26.88747187,-48.72252969,SPRF-SC,DEL04-SC,UOP04-DEL04-SC,2023
"500469,0",2023-01-23,segunda-feira,11:06:00,SC,101,"199,1",BIGUACU,Reação tardia ou ineficiente do condutor,Engavetamento,Com Vítimas Feridas,Pleno dia,Crescente,Céu Claro,Múltipla,Reta,Sim,6,0,1,0,4,1,1,5,-27.53413705,-48.63003205,SPRF-SC,DEL01-SC,UOP01-DEL01-SC,2023
"500490,0",2023-01-23,segunda-feira,10:55:00,SC,101,"41,2",JOINVILLE,Velocidade Incompatível,Colisão traseira,Com Vítimas Feridas,Pleno dia,Decrescente,Céu Claro,Dupla,Reta,Sim,2,0,1,0,1,0,1,2,-26.28215489,-48.88973081,SPRF-SC,DEL03-SC,UOP01-DEL03-SC,2023
"500540,0",2023-01-23,segunda-feira,14:30:00,SC,101,"200,9",SAO JOSE,Condutor Dormindo,Colisão traseira,Com Vítimas Feridas,Pleno dia,Crescente,Céu Claro,Múltipla,Reta,Não,3,0,2,0,1,0,2,2,-27.54018513,-48.62287714,SPRF-SC,DEL01-SC,UOP01-DEL01-SC,2023
"500664,0",2023-01-23,segunda-feira,18:30:00,SC,470,"190,6",POUSO REDONDO,Velocidade Incompatível,Saída de leito carroçável,Com Vítimas Feridas,Plena Noite,Decrescente,Chuva,Simples,Curva,Não,2,0,1,0,0,1,1,2,-27.28423073,-50.07761478,SPRF-SC,DEL04-SC,UOP02-DEL04-SC,2023
"500697,0",2023-01-24,terça-feira,07:05:00,SC,101,"203,0",SAO JOSE,Manobra de mudança de faixa,Colisão transversal,Sem Vítimas,Pleno dia,Decrescente,Céu Claro,Dupla,Curva,Não,2,0,0,0,2,0,0,2,-27.58313237,-48.61532885,SPRF-SC,DEL01-SC,UOP01-DEL01-SC,2023
"500742,0",2023-01-20,sexta-feira,19:45:00,SC,282,"207,5",LAGES,Transitar na contramão,Colisão frontal,Com Vítimas Fatais,Plena Noite,Crescente,Céu Claro,Simples,Reta;Aclive,Sim,3,1,1,0,1,0,1,3,-27.77415538,-50.20515919,SPRF-SC,DEL05-SC,UOP01-DEL05-SC,2023
"500756,0",2023-01-21,sábado,04:25:00,SC,101,"88,0",BARRA VELHA,Pedestre cruzava a pista fora da faixa,Atropelamento de Pedestre,Com Vítimas Feridas,Amanhecer,Decrescente,Céu Claro,Dupla,Reta;Viaduto;Declive,Sim,3,0,1,0,1,1,1,3,-26.65344224,-48.68728638,SPRF-SC,DEL03-SC,UOP02-DEL03-SC,2023
"500827,0",2023-01-24,terça-feira,14:55:00,SC,101,"111,0",NAVEGANTES,Reação tardia ou ineficiente do condutor,Tombamento,Com Vítimas Feridas,Pleno dia,Decrescente,Céu Claro,Simples,Curva,Não,2,0,1,0,0,1,1,2,-26.83955734,-48.71418074,SPRF-SC,DEL04-SC,UOP04-DEL04-SC,2023
"500933,0",2023-01-25,quarta-feira,05:50:00,SC,101,"207,0",SAO JOSE,Reação tardia ou ineficiente do condutor,Atropelamento de Pedestre,Com Vítimas Feridas,Pleno dia,Decrescente,Céu Claro,Múltipla,Reta;Declive,Sim,2,0,0,2,0,0,2,2,-27.60001226,-48.6226467,SPRF-SC,DEL01-SC,UOP01-DEL01-SC,2023
"500961,0",2023-01-21,sábado,13:40:00,SC,282,"633,3",DESCANSO,Velocidade Incompatível,Saída de leito carroçável,Com Vítimas Feridas,Pleno dia,Decrescente,Céu Claro,Simples,Curva;Declive,Não,3,0,0,1,1,1,1,2,-26.824224,-53.412407,SPRF-SC,DEL07-SC,UOP03-DEL07-SC,2023
"501057,0",2023-01-25,quarta-feira,12:30:00,SC,101,"194,8",BIGUACU,Condutor deixou de manter distância do veículo da frente,Engavetamento,Com Vítimas Feridas,Pleno dia,Decrescente,Céu Claro,Dupla,Reta,Sim,5,0,1,0,4,0,1,4,-27.49815117,-48.65661236,SPRF-SC,DEL01-SC,UOP01-DEL01-SC,2023
"501071,0",2023-01-21,sábado,12:30:00,SC,101,"116,0",ITAJAI,Condutor deixou de manter distância do veículo da frente,Colisão traseira,Sem Vítimas,Pleno dia,Crescente,Céu Claro,Dupla,Reta,Não,2,0,0,0,2,0,0,2,-26.87905605,-48.72603512,SPRF-SC,DEL04-SC,UOP04-DEL04-SC,2023
"501105,0",2023-01-25,quarta-feira,13:45:00,SC,470,"199,3",PONTE ALTA,Desrespeitar a preferência no cruzamento,Colisão transversal,Sem Vítimas,Pleno dia,Crescente,Céu Claro,Simples,Reta;Interseção de Vias,Não,3,0,0,0,2,2,0,4,-27.307792,-50.134103,SPRF-SC,DEL05-SC,UOP03-DEL05-SC,2023
"501220,0",2023-01-26,quinta-feira,07:10:00,SC,280,"26,0",ARAQUARI,Reação tardia ou ineficiente do condutor,Colisão traseira,Com Vítimas Feridas,Pleno dia,Crescente,Céu Claro,Simples,Reta,Sim,2,0,1,0,1,0,1,2,-26.38972308,-48.73411593,SPRF-SC,DEL03-SC,UOP03-DEL03-SC,2023
"501297,0",2023-01-26,quinta-feira,12:50:00,SC,470,"7,0",NAVEGANTES,Ausência de reação do condutor,Colisão lateral mesmo sentido,Sem Vítimas,Pleno dia,Crescente,Céu Claro,Simples,Curva;Viaduto,Sim,2,0,0,0,2,0,0,2,-26.84499,-48.71505,SPRF-SC,DEL04-SC,UOP04-DEL04-SC,2023
"501315,0",2023-01-22,domingo,13:35:00,SC,101,"135,5",BALNEARIO CAMBORIU,Manobra de mudança de faixa,Colisão traseira,Com Vítimas Feridas,Pleno dia,Crescente,Nublado,Múltipla,Reta;Ponte,Não,7,0,0,1,5,2,1,4,-27.0050108,-48.62677494,SPRF-SC,DEL04-SC,UOP03-DEL04-SC,2023
"501359,0",2023-01-26,quinta-feira,17:25:00,SC,101,"206,2",SAO JOSE,Condutor deixou de manter distância do veículo da frente,Engavetamento,Com Vítimas Fatais,Pleno dia,Crescente,Sol,Múltipla,Reta,Sim,5,1,0,0,1,3,0,4,-27.59193546,-48.61824557,SPRF-SC,DEL01-SC,UOP01-DEL01-SC,2023
"501365,0",2023-01-26,quinta-feira,16:30:00,SC,101,"138,0",BALNEARIO CAMBORIU,Condutor deixou de manter distância do veículo da frente,Engavetamento,Com Vítimas Feridas,Pleno dia,Crescente,Céu Claro,Dupla,Curva,Não,4,0,1,0,2,1,1,4,-27.02397426,-48.60761649,SPRF-SC,DEL04-SC,UOP03-DEL04-SC,2023
"501447,0",2023-01-27,sexta-feira,05:10:00,SC,101,"71,0",ARAQUARI,Condutor deixou de manter distância do veículo da frente,Colisão traseira,Sem Vítimas,Amanhecer,Crescente,Céu Claro,Dupla,Reta,Não,3,0,0,0,2,1,0,3,-26.51864822,-48.71874636,SPRF-SC,DEL03-SC,UOP02-DEL03-SC,2023
"501448,0",2023-01-26,quinta-feira,23:30:00,SC,470,"60,3",BLUMENAU,Reação tardia ou ineficiente do condutor,Tombamento,Sem Vítimas,Plena Noite,Decrescente,Céu Claro,Simples,Interseção de Vias;Reta,Não,2,0,0,0,1,1,0,2,-26.88138,-49.164543,SPRF-SC,DEL04-SC,UOP01-DEL04-SC,2023
"501467,0",2023-01-27,sexta-feira,06:28:00,SC,101,"69,1",ARAQUARI,Condutor deixou de manter distância do veículo da frente,Colisão traseira,Sem Vítimas,Pleno dia,Crescente,Céu Claro,Dupla,Reta,Não,3,0,0,0,2,1,0,3,-26.50298009,-48.72814515,SPRF-SC,DEL03-SC,UOP02-DEL03-SC,2023
"501543,0",2023-01-27,sexta-feira,14:00:00,SC,280,"300,7",PORTO UNIAO,Manobra de mudança de faixa,Colisão lateral mesmo sentido,Com Vítimas Feridas,Pleno dia,Crescente,Sol,Simples,Reta,Não,5,0,1,0,3,2,1,5,-26.28524961,-51.02104389,SPRF-SC,DEL06-SC,UOP04-DEL06-SC,2023
"501552,0",2023-01-27,sexta-feira,17:10:00,SC,101,"131,0",BALNEARIO CAMBORIU,Ultrapassagem Indevida,Colisão lateral mesmo sentido,Com Vítimas Feridas,Pleno dia,Crescente,Céu Claro,Múltipla,Reta,Sim,2,0,1,0,1,0,1,2,-26.99064209,-48.66310912,SPRF-SC,DEL04-SC,UOP03-DEL04-SC,2023
"501578,0",2023-01-27,sexta-feira,15:30:00,SC,101,"298,0",LAGUNA,Entrada inopinada do pedestre,Atropelamento de Pedestre,Com Vítimas Feridas,Pleno dia,Decrescente,Sol,Múltipla,Reta,Não,2,0,1,0,1,0,1,2,-28.32102597,-48.72829906,SPRF-SC,DEL02-SC,UOP03-DEL02-SC,2023
"501647,0",2023-01-28,sábado,04:35:00,SC,158,"118,9",CUNHA PORA,Ingestão de álcool pelo condutor,Colisão traseira,Sem Vítimas,Amanhecer,Crescente,Céu Claro,Simples,Curva,Sim,2,0,0,0,2,0,0,2,-26.88509485,-53.17463279,SPRF-SC,DEL07-SC,UOP02-DEL07-SC,2023
"501656,0",2023-01-28,sábado,07:05:00,SC,282,"89,3",ALFREDO WAGNER,Ultrapassagem Indevida,Colisão lateral mesmo sentido,Com Vítimas Fatais,Pleno dia,Decrescente,Céu Claro,Simples,Curva,Não,3,1,0,0,1,1,0,3,-27.679737,-49.218879,SPRF-SC,DEL01-SC,UOP03-DEL01-SC,2023
"501676,0",2023-01-28,sábado,07:00:00,SC,163,"75,5",SAO MIGUEL DO OESTE,Ultrapassagem Indevida,Colisão lateral sentido oposto,Com Vítimas Feridas,Pleno dia,Decrescente,Céu Claro,Simples,Reta,Não,4,0,0,1,1,2,1,4,-26.68603933,-53.51444721,SPRF-SC,DEL07-SC,UOP03-DEL07-SC,2023
"501918,0",2023-01-29,domingo,12:15:00,SC,101,"157,9",PORTO BELO,Manobra de mudança de faixa,Saída de leito carroçável,Com Vítimas Feridas,Pleno dia,Decrescente,Nublado,Dupla,Retorno Regulamentado,Não,3,0,1,0,1,1,1,3,-27.181625,-48.6121179,SPRF-SC,DEL04-SC,UOP03-DEL04-SC,2023
"502117,0",2023-01-30,segunda-feira,08:00:00,SC,101,"327,2",CAPIVARI DE BAIXO,Ausência de reação do condutor,Colisão traseira,Com Vítimas Feridas,Pleno dia,Crescente,Céu Claro,Dupla,Reta;Viaduto,Sim,6,0,1,0,4,1,1,6,-28.43983646,-48.96282434,SPRF-SC,DEL02-SC,UOP01-DEL02-SC,2023
"502123,0",2023-01-30,segunda-feira,09:30:00,SC,470,"89,0",RODEIO,Condutor deixou de manter distância do veículo da frente,Colisão traseira,Com Vítimas Feridas,Pleno dia,Decrescente,Céu Claro,Simples,Curva,Não,3,0,0,1,2,0,1,2,-26.961573,-49.371918,SPRF-SC,DEL04-SC,UOP01-DEL04-SC,2023
"502164,0",2023-01-30,segunda-feira,13:20:00,SC,282,"524,7",XAXIM,Mal súbito do condutor,Colisão lateral mesmo sentido,Com Vítimas Feridas,Pleno dia,Decrescente,Nublado,Simples,Curva,Sim,2,0,1,0,1,0,1,2,-26.9644,-52.564536,SPRF-SC,DEL07-SC,UOP01-DEL07-SC,2023
"502251,0",2023-01-30,segunda-feira,23:40:00,SC,101,"135,0",BALNEARIO CAMBORIU,Acessar a via sem observar a presença dos outros veículos,Colisão traseira,Com Vítimas Feridas,Plena Noite,Crescente,Céu Claro,Dupla,Reta,Sim,2,0,1,0,1,0,1,2,-27.0050108,-48.62677494,SPRF-SC,DEL04-SC,UOP03-DEL04-SC,2023
"502253,0",2023-01-30,segunda-feira,22:12:00,SC,282,"357,6",CAMPOS NOVOS,Transitar na contramão,Colisão frontal,Com Vítimas Feridas,Plena Noite,Crescente,Céu Claro,Simples,Curva;Declive,Não,5,0,0,1,3,1,1,3,-27.336381,-51.344341,SPRF-SC,DEL07-SC,UOP05-DEL07-SC,2023
"502256,0",2023-01-30,segunda-feira,23:50:00,SC,116,"180,3",SAO CRISTOVAO DO SUL,Transitar na contramão,Colisão frontal,Com Vítimas Fatais,Plena Noite,Crescente,Nublado,Simples,Reta,Sim,3,1,0,0,1,1,0,3,-27.27041426,-50.44097161,SPRF-SC,DEL05-SC,UOP03-DEL05-SC,2023
"502285,0",2023-01-31,terça-feira,08:00:00,SC,101,"205,0",FLORIANOPOLIS,Ausência de reação do condutor,Queda de ocupante de veículo,Com Vítimas Feridas,Pleno dia,Decrescente,Céu Claro,Simples,Declive;Curva,Sim,2,0,0,1,0,1,1,1,-27.58313237,-48.61532885,SPRF-SC,DEL01-SC,UOP01-DEL01-SC,2023
"502291,0",2023-01-15,domingo,21:05:00,SC,470,"122,7",IBIRAMA,Velocidade Incompatível,Colisão frontal,Com Vítimas Fatais,Plena Noite,Decrescente,Chuva,Simples,Curva,Sim,5,1,0,2,1,1,2,3,-27.10696417,-49.52216148,SPRF-SC,DEL04-SC,UOP02-DEL04-SC,2023
"502306,0",2023-01-31,terça-feira,10:20:00,SC,101,"234,0",PALHOCA,Acessar a via sem observar a presença dos outros veículos,Colisão lateral mesmo sentido,Com Vítimas Feridas,Pleno dia,Decrescente,Céu Claro,Dupla,Reta,Não,4,0,1,0,2,1,1,3,-27.81043812,-48.63537111,SPRF-SC,DEL01-SC,UOP02-DEL01-SC,2023
"502330,0",2023-01-31,terça-feira,12:20:00,SC,101,"263,9",GAROPABA,Acessar a via sem observar a presença dos outros veículos,Colisão transversal,Sem Vítimas,Pleno dia,Crescente,Céu Claro,Dupla,Reta,Não,3,0,0,0,2,1,0,3,-28.05218753,-48.7168014,SPRF-SC,DEL02-SC,UOP03-DEL02-SC,2023
"502363,0",2023-01-31,terça-feira,15:45:00,SC,282,"33,9",AGUAS MORNAS,Velocidade Incompatível,Colisão lateral mesmo sentido,Sem Vítimas,Pleno dia,Crescente,Chuva,Simples,Curva;Declive,Não,4,0,0,0,3,2,0,5,-27.706587,-48.808144,SPRF-SC,DEL01-SC,UOP03-DEL01-SC,2023