id,data_inversa,dia_semana,horario,uf,br,km,municipio,causa_acidente,tipo_acidente,classificacao_acidente,fase_dia,sentido_via,condicao_metereologica,tipo_pista,tracado_via,uso_solo,pessoas,mortos,feridos_leves,feridos_graves,ilesos,ignorados,feridos,veiculos,latitude,longitude,regional,delegacia,uop,ano_arquivo
"502374,0",2023-01-31,terça-feira,17:05:00,SC,101,"214,9",PALHOCA,Condutor deixou de manter distância do veículo da frente,Colisão traseira,Com Vítimas Feridas,Pleno dia,Decrescente,Nublado,Múltipla,Reta,Sim,2,0,0,1,0,1,1,2,-27.64443,-48.67057,SPRF-SC,DEL01-SC,UOP02-DEL01-SC,2023
"502392,0",2023-01-31,terça-feira,18:50:00,SC,101,"115,0",ITAJAI,Ausência de reação do condutor,Colisão traseira,Com Vítimas Feridas,Anoitecer,Decrescente,Nublado,Dupla,Reta,Não,3,0,1,0,2,0,1,2,-26.87064015,-48.72954134,SPRF-SC,DEL04-SC,UOP04-DEL04-SC,2023
"502404,0",2023-01-31,terça-feira,19:35:00,SC,470,"9,8",NAVEGANTES,Desrespeitar a preferência no cruzamento,Colisão transversal,Com Vítimas Feridas,Plena Noite,Crescente,Garoa/Chuvisco,Simples,Retorno Regulamentado,Não,2,0,1,0,1,0,1,2,-26.833143,-48.727432,SPRF-SC,DEL04-SC,UOP04-DEL04-SC,2023
"502420,0",2023-01-25,quarta-feira,23:30:00,SC,282,"485,0",FAXINAL DOS GUEDES,Demais falhas mecânicas ou elétricas,Tombamento,Com Vítimas Feridas,Plena Noite,Crescente,Céu Claro,Simples,Reta,Não,2,0,1,0,0,7,1,8,-26.857132,-52.245258,SPRF-SC,DEL07-SC,UOP01-DEL07-SC,2023
"502441,0",2023-02-01,quarta-feira,01:30:00,SC,282,"142,7",BOM RETIRO,Transitar na contramão,Colisão lateral sentido oposto,Com Vítimas Feridas,Plena Noite,Decrescente,Nevoeiro/Neblina,Simples,Curva,Não,4,0,1,0,2,1,1,3,-27.81372358,-49.61206913,SPRF-SC,DEL05-SC,UOP01-DEL05-SC,2023
"502663,0",2023-02-02,quinta-feira,15:50:00,SC,101,"226,0",PALHOCA,Ausência de reação do condutor,Colisão traseira,Sem Vítimas,Pleno dia,Crescente,Céu Claro,Dupla,Reta,Não,3,0,0,0,3,0,0,2,-27.74200001,-48.63806504,SPRF-SC,DEL01-SC,UOP02-DEL01-SC,2023
"502745,0",2023-02-02,quinta-feira,22:57:00,SC,116,"86,0",MONTE CASTELO,Transitar na contramão,Colisão frontal,Sem Vítimas,Plena Noite,Decrescente,Chuva,Simples,Reta,Não,3,0,0,0,2,1,0,3,-26.60977491,-50.22937022,SPRF-SC,DEL06-SC,UOP02-DEL06-SC,2023
"502752,0",2023-02-03,sexta-feira,01:20:00,SC,101,"213,8",PALHOCA,Manobra de mudança de faixa,Colisão lateral mesmo sentido,Com Vítimas Feridas,Plena Noite,Crescente,Chuva,Múltipla,Reta,Sim,4,0,1,0,3,0,1,2,-27.63697369,-48.66514142,SPRF-SC,DEL01-SC,UOP02-DEL01-SC,2023
"502766,0",2023-02-03,sexta-feira,04:30:00,SC,470,"126,1",IBIRAMA,Chuva,Saída de leito carroçável,Com Vítimas Feridas,Plena Noite,Crescente,Chuva,Simples,Reta,Não,3,0,0,1,1,1,1,3,-27.129,-49.538277,SPRF-SC,DEL04-SC,UOP02-DEL04-SC,2023
"502768,0",2023-02-03,sexta-feira,01:05:00,SC,101,"389,0",CRICIUMA,Ausência de reação do condutor,Colisão traseira,Com Vítimas Feridas,Plena Noite,Decrescente,Chuva,Múltipla,Reta,Não,3,0,0,1,1,2,1,4,-28.79023471,-49.34585818,SPRF-SC,DEL02-SC,UOP02-DEL02-SC,2023
"502771,0",2023-02-03,sexta-feira,04:38:00,SC,101,"450,9",SAO JOAO DO SUL,Acessar a via sem observar a presença dos outros veículos,Colisão com objeto,Com Vítimas Fatais,Plena Noite,Crescente,Nublado,Múltipla,Viaduto;Aclive;Reta,Sim,2,1,0,0,0,1,0,2,-29.1850572,-49.75537419,SPRF-SC,DEL02-SC,UOP02-DEL02-SC,2023
"502813,0",2023-02-03,sexta-feira,08:15:00,SC,470,"126,0",LONTRAS,Ultrapassagem Indevida,Colisão transversal,Com Vítimas Feridas,Pleno dia,Crescente,Nublado,Simples,Rotatória,Não,2,0,0,1,1,0,1,2,-27.129,-49.538277,SPRF-SC,DEL04-SC,UOP02-DEL04-SC,2023
"502818,0",2023-02-03,sexta-feira,10:00:00,SC,101,"198,0",BIGUACU,Ultrapassagem Indevida,Colisão lateral mesmo sentido,Com Vítimas Feridas,Pleno dia,Crescente,Nublado,Múltipla,Curva,Sim,2,0,1,0,1,0,1,2,-27.52230644,-48.63727927,SPRF-SC,DEL01-SC,UOP01-DEL01-SC,2023
"502842,0",2023-02-03,sexta-feira,07:00:00,SC,470,"267,1",CURITIBANOS,Transitar na contramão,Colisão frontal,Com Vítimas Fatais,Amanhecer,Crescente,Céu Claro,Simples,Declive;Reta,Não,3,1,1,0,0,1,1,3,-27.3116598,-50.7493722,SPRF-SC,DEL05-SC,UOP03-DEL05-SC,2023
"502895,0",2023-02-03,sexta-feira,16:30:00,SC,101,"326,5",CAPIVARI DE BAIXO,Reação tardia ou ineficiente do condutor,Colisão traseira,Sem Vítimas,Pleno dia,Crescente,Chuva,Dupla,Reta,Sim,2,0,0,0,2,0,0,2,-28.42524483,-48.94302707,SPRF-SC,DEL02-SC,UOP01-DEL02-SC,2023
"502972,0",2023-02-04,sábado,00:20:00,SC,101,"431,1",SOMBRIO,Condutor deixou de manter distância do veículo da frente,Colisão traseira,Com Vítimas Feridas,Plena Noite,Decrescente,Céu Claro,Múltipla,Reta,Sim,5,0,3,1,0,1,4,2,-29.064526,-49.62464101,SPRF-SC,DEL02-SC,UOP02-DEL02-SC,2023
"503150,0",2023-02-04,sábado,15:29:00,SC,158,"142,0",PALMITOS,Velocidade Incompatível,Saída de leito carroçável,Com Vítimas Feridas,Pleno dia,Decrescente,Chuva,Simples,Curva,Não,3,0,1,0,2,0,1,3,-27.14296532,-53.21392829,SPRF-SC,DEL07-SC,UOP02-DEL07-SC,2023
"503278,0",2023-01-20,sexta-feira,17:10:00,SC,280,"56,5",GUARAMIRIM,Condutor deixou de manter distância do veículo da frente,Colisão traseira,Com Vítimas Fatais,Pleno dia,Crescente,Céu Claro,Dupla,Reta,Não,2,1,0,0,0,1,0,2,-26.47947677,-49.00298702,SPRF-SC,DEL03-SC,UOP03-DEL03-SC,2023
"503396,0",2023-02-05,domingo,21:30:00,SC,116,"19,6",MAFRA,Ingestão de álcool pelo condutor,Colisão frontal,Com Vítimas Feridas,Plena Noite,Decrescente,Céu Claro,Simples,Reta,Não,3,0,1,0,1,1,1,3,-26.23352178,-49.8980914,SPRF-SC,DEL06-SC,UOP01-DEL06-SC,2023
"503418,0",2023-02-06,segunda-feira,01:00:00,SC,101,"150,0",ITAPEMA,Reação tardia ou ineficiente do condutor,Colisão traseira,Com Vítimas Feridas,Plena Noite,Crescente,Nublado,Múltipla,Reta,Sim,3,0,0,1,1,1,1,3,-27.11744799,-48.60940987,SPRF-SC,DEL04-SC,UOP03-DEL04-SC,2023
"503438,0",2023-02-06,segunda-feira,06:30:00,SC,470,"51,0",BLUMENAU,Ausência de reação do condutor,Colisão com objeto,Com Vítimas Feridas,Amanhecer,Decrescente,Céu Claro,Dupla,Reta;Em Obras,Sim,2,0,1,0,0,1,1,2,-26.86281164,-49.08999324,SPRF-SC,DEL04-SC,UOP01-DEL04-SC,2023
"503461,0",2023-02-06,segunda-feira,09:00:00,SC,101,"203,6",SAO JOSE,Ausência de reação do condutor,Colisão traseira,Com Vítimas Feridas,Pleno dia,Crescente,Céu Claro,Múltipla,Reta,Sim,4,0,1,0,2,2,1,5,-27.5650044,-48.61460082,SPRF-SC,DEL01-SC,UOP01-DEL01-SC,2023
"503526,0",2023-01-13,sexta-feira,15:50:00,SC,282,"195,3",LAGES,Condutor deixou de manter distância do veículo da frente,Colisão traseira,Sem Vítimas,Pleno dia,Crescente,Nublado,Simples,Aclive,Não,4,0,0,0,3,1,0,4,-27.746756,-50.084789,SPRF-SC,DEL05-SC,UOP01-DEL05-SC,2023
"503528,0",2023-02-06,segunda-feira,06:30:00,SC,282,"85,5",ALFREDO WAGNER,Problema com o freio,Tombamento,Com Vítimas Feridas,Pleno dia,Crescente,Céu Claro,Simples,Curva,Não,1,0,1,0,0,0,1,1,-27.667007,-49.192802,SPRF-SC,DEL01-SC,UOP03-DEL01-SC,2023
"503648,0",2023-01-27,sexta-feira,13:50:00,SC,158,"107,0",CUNHA PORA,Acessar a via sem observar a presença dos outros veículos,Tombamento,Com Vítimas Feridas,Pleno dia,Decrescente,Céu Claro,Simples,Reta;Em Obras,Não,4,0,1,0,2,3,1,6,-26.86864986,-53.16268086,SPRF-SC,DEL07-SC,UOP02-DEL07-SC,2023
"503681,0",2023-01-21,sábado,05:20:00,SC,470,"250,8",CURITIBANOS,Transitar na contramão,Colisão frontal,Com Vítimas Fatais,Amanhecer,Crescente,Céu Claro,Simples,Reta,Não,6,4,1,0,0,1,1,3,-27.3121834,-50.5951378,SPRF-SC,DEL05-SC,UOP03-DEL05-SC,2023
"503694,0",2023-02-07,terça-feira,11:00:00,SC,282,"408,1",CATANDUVAS,Transitar na contramão,Colisão frontal,Com Vítimas Feridas,Pleno dia,Decrescente,Céu Claro,Simples,Reta,Não,5,0,2,0,2,1,2,4,-27.074812,-51.663269,SPRF-SC,DEL07-SC,UOP05-DEL07-SC,2023
"503731,0",2023-02-07,terça-feira,09:50:00,SC,470,"193,8",POUSO REDONDO,Reação tardia ou ineficiente do condutor,Saída de leito carroçável,Com Vítimas Fatais,Pleno dia,Decrescente,Sol,Simples,Declive;Curva,Não,2,1,0,0,0,1,0,2,-27.3013627,-50.0796379,SPRF-SC,DEL04-SC,UOP02-DEL04-SC,2023
"503970,0",2023-02-09,quinta-feira,03:00:00,SC,101,"174,2",BIGUACU,Ausência de reação do condutor,Tombamento,Com Vítimas Feridas,Plena Noite,Crescente,Chuva,Dupla,Reta,Não,1,0,1,0,0,0,1,1,-27.33081601,-48.62697562,SPRF-SC,DEL01-SC,UOP01-DEL01-SC,2023
"504025,0",2023-02-02,quinta-feira,19:20:00,SC,282,"562,0",NOVA ERECHIM,Mal súbito do condutor,Colisão frontal,Sem Vítimas,Anoitecer,Crescente,Céu Claro,Simples,Reta,Não,4,0,0,0,3,1,0,3,-26.911108,-52.865475,SPRF-SC,DEL07-SC,UOP02-DEL07-SC,2023
"504103,0",2023-02-09,quinta-feira,18:00:00,SC,153,"90,0",CONCORDIA,Velocidade Incompatível,Colisão traseira,Com Vítimas Feridas,Pleno dia,Decrescente,Céu Claro,Simples,Reta,Não,3,0,1,0,1,1,1,3,-27.18250104,-51.92035675,SPRF-SC,DEL07-SC,UOP04-DEL07-SC,2023
"504117,0",2023-02-09,quinta-feira,15:35:00,SC,116,"159,9",SANTA CECILIA,Transitar na contramão,Colisão frontal,Com Vítimas Fatais,Pleno dia,Decrescente,Garoa/Chuvisco,Simples,Reta,Não,4,2,1,0,0,1,1,3,-27.10498723,-50.45416474,SPRF-SC,DEL06-SC,UOP02-DEL06-SC,2023
"504177,0",2023-02-10,sexta-feira,06:47:00,SC,280,"24,0",ARAQUARI,Conversão proibida,Colisão transversal,Com Vítimas Feridas,Pleno dia,Crescente,Céu Claro,Simples,Reta,Sim,2,0,1,0,1,0,1,2,-26.37724921,-48.71953282,SPRF-SC,DEL03-SC,UOP03-DEL03-SC,2023
"504180,0",2023-02-10,sexta-feira,05:50:00,SC,282,"4,5",FLORIANOPOLIS,Reação tardia ou ineficiente do condutor,Colisão com objeto,Sem Vítimas,Pleno dia,Decrescente,Céu Claro,Dupla,Reta,Sim,1,0,0,0,1,0,0,1,-27.592646,-48.604034,SPRF-SC,DEL01-SC,UOP01-DEL01-SC,2023
"504210,0",2023-02-10,sexta-feira,10:00:00,SC,101,"390,0",CRICIUMA,Reação tardia ou ineficiente do condutor,Engavetamento,Com Vítimas Feridas,Pleno dia,Crescente,Céu Claro,Múltipla,Aclive;Reta;Viaduto,Sim,6,0,1,0,5,0,1,4,-28.79513029,-49.35435084,SPRF-SC,DEL02-SC,UOP02-DEL02-SC,2023
"504232,0",2023-01-29,domingo,23:00:00,SC,153,"1,0",AGUA DOCE,Reação tardia ou ineficiente do condutor,Saída de leito carroçável,Com Vítimas Feridas,Plena Noite,Decrescente,Ignorado,Simples,Curva,Não,2,0,2,0,0,0,2,1,-26.612688,-51.494854,SPRF-SC,DEL07-SC,UOP07-DEL07-SC,2023
"504246,0",2023-02-10,sexta-feira,13:35:00,SC,101,"209,0",SAO JOSE,Ausência de reação do condutor,Colisão traseira,Com Vítimas Feridas,Pleno dia,Decrescente,Céu Claro,Dupla,Reta;Interseção de Vias,Não,4,0,2,0,2,0,2,3,-27.61009,-48.63878,SPRF-SC,DEL01-SC,UOP01-DEL01-SC,2023
"504281,0",2023-02-10,sexta-feira,15:20:00,SC,158,"101,0",MARAVILHA,Problema com o freio,Colisão traseira,Sem Vítimas,Pleno dia,Decrescente,Céu Claro,Simples,Reta,Não,7,0,0,0,6,1,0,4,-26.80870676,-53.18171382,SPRF-SC,DEL07-SC,UOP02-DEL07-SC,2023
"504334,0",2023-02-10,sexta-feira,08:05:00,SC,282,"131,9",BOM RETIRO,Ausência de reação do condutor,Saída de leito carroçável,Com Vítimas Feridas,Pleno dia,Crescente,Nublado,Simples,Reta,Não,2,0,1,0,0,1,1,2,-27.810326,-49.520357,SPRF-SC,DEL05-SC,UOP01-DEL05-SC,2023
"504373,0",2023-02-11,sábado,02:20:00,SC,282,"96,9",ALFREDO WAGNER,Transitar na contramão,Colisão frontal,Com Vítimas Feridas,Pleno dia,Decrescente,Nublado,Simples,Curva,Não,4,0,1,1,1,1,2,3,-27.712412,-49.263622,SPRF-SC,DEL01-SC,UOP03-DEL01-SC,2023
"504392,0",2023-02-11,sábado,06:30:00,SC,470,"67,9",INDAIAL,Ingestão de álcool pelo condutor,Colisão transversal,Com Vítimas Feridas,Pleno dia,Crescente,Sol,Simples,Em Obras;Declive;Interseção de Vias;Reta,Sim,5,0,1,0,3,1,1,3,-26.8784469,-49.24027389,SPRF-SC,DEL04-SC,UOP01-DEL04-SC,2023
"504589,0",2023-02-11,sábado,20:20:00,SC,282,"462,2",PONTE SERRADA,Transitar na contramão,Colisão lateral sentido oposto,Com Vítimas Feridas,Plena Noite,Decrescente,Céu Claro,Simples,Reta,Sim,3,0,1,0,1,1,1,3,-26.857594,-52.050583,SPRF-SC,DEL07-SC,UOP04-DEL07-SC,2023
"504791,0",2023-02-12,domingo,21:00:00,SC,470,"344,7",CAMPOS NOVOS,Condutor Dormindo,Colisão frontal,Com Vítimas Feridas,Plena Noite,Crescente,Céu Claro,Simples,Reta,Não,4,0,0,1,2,2,1,4,-27.538567,-51.408329,SPRF-SC,DEL07-SC,UOP06-DEL07-SC,2023
"504827,0",2023-02-12,domingo,17:20:00,SC,282,"632,2",DESCANSO,Demais falhas mecânicas ou elétricas,Eventos atípicos,Com Vítimas Feridas,Pleno dia,Crescente,Céu Claro,Simples,Reta,Não,4,0,0,1,2,2,1,4,-26.8253,-53.404217,SPRF-SC,DEL07-SC,UOP03-DEL07-SC,2023
"504917,0",2023-02-13,segunda-feira,10:40:00,SC,116,"107,7",MONTE CASTELO,Frear bruscamente,Tombamento,Com Vítimas Feridas,Pleno dia,Decrescente,Céu Claro,Simples,Curva;Declive,Não,2,0,1,0,0,1,1,2,-26.75432875,-50.33254266,SPRF-SC,DEL06-SC,UOP02-DEL06-SC,2023
"504979,0",2023-02-13,segunda-feira,17:20:00,SC,470,"9,8",NAVEGANTES,Desrespeitar a preferência no cruzamento,Colisão transversal,Com Vítimas Fatais,Pleno dia,Crescente,Céu Claro,Simples,Em Obras;Interseção de Vias;Reta,Sim,2,1,0,0,1,0,0,2,-26.833614,-48.736247,SPRF-SC,DEL04-SC,UOP04-DEL04-SC,2023
"504991,0",2023-02-13,segunda-feira,21:15:00,SC,470,"109,6",APIUNA,Ultrapassagem Indevida,Tombamento,Com Vítimas Feridas,Plena Noite,Crescente,Céu Claro,Simples,Curva,Sim,2,0,0,1,1,0,1,2,-27.083876,-49.449543,SPRF-SC,DEL04-SC,UOP02-DEL04-SC,2023
"505059,0",2023-02-14,terça-feira,09:20:00,SC,101,"75,3",ARAQUARI,Manobra de mudança de faixa,Colisão lateral mesmo sentido,Com Vítimas Feridas,Pleno dia,Crescente,Sol,Dupla,Declive,Não,5,0,1,0,3,1,1,5,-26.5519717,-48.71688324,SPRF-SC,DEL03-SC,UOP02-DEL03-SC,2023
"505143,0",2023-02-14,terça-feira,18:15:00,SC,101,"232,2",PALHOCA,Ultrapassagem Indevida,Colisão lateral mesmo sentido,Sem Vítimas,Pleno dia,Crescente,Nublado,Dupla,Reta,Não,2,0,0,0,2,0,0,2,-27.795666,-48.638153,SPRF-SC,DEL01-SC,UOP02-DEL01-SC,2023
"505148,0",2023-02-14,terça-feira,17:00:00,SC,282,"526,8",XAXIM,Chuva,Colisão frontal,Com Vítimas Feridas,Pleno dia,Crescente,Chuva,Simples,Aclive;Curva,Não,3,0,1,1,1,0,2,2,-26.969427,-52.57497,SPRF-SC,DEL07-SC,UOP01-DEL07-SC,2023
"505179,0",2023-02-14,terça-feira,23:30:00,SC,470,"79,3",RODEIO,Ingestão de álcool pelo condutor,Colisão traseira,Com Vítimas Feridas,Plena Noite,Crescente,Nublado,Simples,Reta,Não,3,0,1,0,1,1,1,3,-26.95022274,-49.3110511,SPRF-SC,DEL04-SC,UOP01-DEL04-SC,2023
"505203,0",2023-02-15,quarta-feira,08:00:00,SC,282,"17,1",PALHOCA,Trafegar com motocicleta (ou similar) entre as faixas,Colisão transversal,Com Vítimas Feridas,Pleno dia,Crescente,Céu Claro,Simples,Reta;Interseção de Vias,Sim,2,0,1,0,1,0,1,2,-27.665707,-48.688065,SPRF-SC,DEL01-SC,UOP02-DEL01-SC,2023
"505226,0",2023-02-15,quarta-feira,09:50:00,SC,101,"58,8",ARAQUARI,Manobra de mudança de faixa,Colisão lateral mesmo sentido,Sem Vítimas,Pleno dia,Crescente,Céu Claro,Dupla,Reta,Não,4,0,0,0,4,0,0,2,-26.44025049,-48.80129043,SPRF-SC,DEL03-SC,UOP02-DEL03-SC,2023
"505257,0",2023-02-15,quarta-feira,14:00:00,SC,101,"134,0",BALNEARIO CAMBORIU,Manobra de mudança de faixa,Colisão transversal,Com Vítimas Feridas,Pleno dia,Decrescente,Nublado,Dupla,Reta,Sim,2,0,1,0,1,0,1,2,-27.00218,-48.636433,SPRF-SC,DEL04-SC,UOP03-DEL04-SC,2023
"505259,0",2023-02-15,quarta-feira,12:25:00,SC,470,"106,3",APIUNA,Reação tardia ou ineficiente do condutor,Colisão lateral sentido oposto,Com Vítimas Feridas,Pleno dia,Decrescente,Sol,Simples,Reta;Declive,Não,4,0,1,1,1,1,2,3,-27.073105,-49.422935,SPRF-SC,DEL04-SC,UOP02-DEL04-SC,2023
"505260,0",2023-02-15,quarta-feira,12:20:00,SC,101,"348,1",JAGUARUNA,Condutor usando celular,Saída de leito carroçável,Com Vítimas Feridas,Pleno dia,Crescente,Céu Claro,Múltipla,Aclive;Reta,Sim,3,0,1,0,0,3,1,4,-28.58347597,-49.04978156,SPRF-SC,DEL02-SC,UOP01-DEL02-SC,2023
"505316,0",2023-02-15,quarta-feira,20:00:00,SC,282,"73,0",RANCHO QUEIMADO,Ultrapassagem Indevida,Colisão lateral mesmo sentido,Com Vítimas Feridas,Plena Noite,Crescente,Garoa/Chuvisco,Simples,Reta,Não,4,0,1,0,3,0,1,2,-27.681437,-49.113388,SPRF-SC,DEL01-SC,UOP03-DEL01-SC,2023
"505347,0",2023-02-15,quarta-feira,23:15:00,SC,101,"172,0",TIJUCAS,Ausência de reação do condutor,Saída de leito carroçável,Com Vítimas Feridas,Plena Noite,Decrescente,Nublado,Dupla,Reta,Não,2,0,1,0,0,1,1,2,-27.31398818,-48.63155831,SPRF-SC,DEL04-SC,UOP03-DEL04-SC,2023
"505360,0",2023-02-16,quinta-feira,03:40:00,SC,101,"120,0",ITAJAI,Acessar a via sem observar a presença dos outros veículos,Colisão lateral mesmo sentido,Com Vítimas Feridas,Plena Noite,Crescente,Chuva,Múltipla,Reta;Ponte,Sim,2,0,0,1,1,0,1,2,-26.90871531,-48.71366761,SPRF-SC,DEL04-SC,UOP04-DEL04-SC,2023
"505459,0",2023-02-16,quinta-feira,15:30:00,SC,101,"89,0",BARRA VELHA,Condutor deixou de manter distância do veículo da frente,Colisão traseira,Com Vítimas Feridas,Pleno dia,Crescente,Sol,Múltipla,Reta,Sim,2,0,1,0,1,0,1,2,-26.65175997,-48.68721921,SPRF-SC,DEL03-SC,UOP02-DEL03-SC,2023
"505540,0",2023-02-16,quinta-feira,23:50:00,SC,101,"357,0",SANGAO,Ausência de reação do condutor,Saída de leito carroçável,Com Vítimas Feridas,Plena Noite,Crescente,Céu Claro,Simples,Interseção de Vias;Viaduto,Sim,2,0,1,0,0,2,1,3,-28.64208,-49.101824,SPRF-SC,DEL02-SC,UOP01-DEL02-SC,2023
"505618,0",2023-02-17,sexta-feira,06:45:00,SC,116,"82,0",MONTE CASTELO,Condutor Dormindo,Colisão frontal,Com Vítimas Feridas,Amanhecer,Decrescente,Chuva,Simples,Reta;Declive,Não,4,0,2,0,0,2,2,3,-26.57442903,-50.22178476,SPRF-SC,DEL06-SC,UOP02-DEL06-SC,2023
"505648,0",2023-02-17,sexta-feira,12:50:00,SC,101,"204,9",SAO JOSE,Condutor deixou de manter distância do veículo da frente,Queda de ocupante de veículo,Com Vítimas Fatais,Pleno dia,Crescente,Sol,Múltipla,Reta,Sim,3,1,0,0,1,2,0,4,-27.57413014,-48.61363083,SPRF-SC,DEL01-SC,UOP01-DEL01-SC,2023
"505708,0",2023-02-17,sexta-feira,15:20:00,SC,282,"193,0",LAGES,Ultrapassagem Indevida,Colisão lateral mesmo sentido,Com Vítimas Feridas,Pleno dia,Crescente,Céu Claro,Simples,Reta,Não,5,0,2,0,1,2,2,4,-27.742256,-50.065472,SPRF-SC,DEL05-SC,UOP01-DEL05-SC,2023
"505734,0",2023-02-17,sexta-feira,19:55:00,SC,470,"56,2",BLUMENAU,Acessar a via sem observar a presença dos outros veículos,Colisão transversal,Com Vítimas Feridas,Plena Noite,Crescente,Céu Claro,Simples,Reta,Não,3,0,1,0,1,1,1,3,-26.87674,-49.127743,SPRF-SC,DEL04-SC,UOP01-DEL04-SC,2023
"505794,0",2023-02-18,sábado,04:30:00,SC,101,"87,2",BARRA VELHA,Acessar a via sem observar a presença dos outros veículos,Colisão lateral mesmo sentido,Com Vítimas Feridas,Plena Noite,Decrescente,Chuva,Dupla,Reta,Sim,2,0,1,0,1,0,1,2,-26.64377068,-48.68837368,SPRF-SC,DEL03-SC,UOP02-DEL03-SC,2023
"505895,0",2023-02-18,sábado,12:00:00,SC,282,"327,0",CAMPOS NOVOS,Frear bruscamente,Colisão lateral sentido oposto,Com Vítimas Feridas,Pleno dia,Crescente,Céu Claro,Simples,Reta,Não,6,0,6,0,0,0,6,2,-27.375906,-51.078716,SPRF-SC,DEL07-SC,UOP06-DEL07-SC,2023
"505936,0",2023-02-18,sábado,12:30:00,SC,280,"100,3",SAO BENTO DO SUL,Chuva,Colisão frontal,Com Vítimas Feridas,Pleno dia,Decrescente,Chuva,Simples,Curva,Não,4,0,1,1,2,0,2,2,-26.36261123,-49.34230328,SPRF-SC,DEL06-SC,UOP03-DEL06-SC,2023
"506135,0",2023-02-19,domingo,14:40:00,SC,101,"207,2",SAO JOSE,Reação tardia ou ineficiente do condutor,Colisão lateral mesmo sentido,Com Vítimas Feridas,Pleno dia,Crescente,Céu Claro,Múltipla,Aclive;Reta,Sim,4,0,1,0,2,2,1,5,-27.60001226,-48.6226467,SPRF-SC,DEL01-SC,UOP01-DEL01-SC,2023
"506167,0",2023-02-19,domingo,16:30:00,SC,282,"195,6",LAGES,Acessar a via sem observar a presença dos outros veículos,Colisão transversal,Com Vítimas Feridas,Pleno dia,Crescente,Nublado,Simples,Reta;Aclive,Não,3,0,1,1,1,0,2,2,-27.75069619,-50.09525299,SPRF-SC,DEL05-SC,UOP01-DEL05-SC,2023
"506185,0",2023-02-19,domingo,16:15:00,SC,158,"141,0",PALMITOS,Ausência de reação do condutor,Saída de leito carroçável,Sem Vítimas,Pleno dia,Crescente,Céu Claro,Dupla,Reta;Aclive,Não,3,0,0,0,2,3,0,4,-27.13466406,-53.21260241,SPRF-SC,DEL07-SC,UOP02-DEL07-SC,2023
"506238,0",2023-02-19,domingo,23:05:00,SC,280,"74,4",JARAGUA DO SUL,Transitar na contramão,Colisão frontal,Com Vítimas Fatais,Plena Noite,Decrescente,Chuva,Simples,Reta,Não,3,1,0,0,1,2,0,4,-26.4588704,-49.1781849,SPRF-SC,DEL03-SC,UOP03-DEL03-SC,2023
"506284,0",2023-02-20,segunda-feira,06:30:00,SC,280,"165,5",MAFRA,Ausência de reação do condutor,Tombamento,Com Vítimas Feridas,Amanhecer,Decrescente,Céu Claro,Simples,Curva,Sim,2,0,1,0,0,1,1,2,-26.16662775,-49.81847048,SPRF-SC,DEL06-SC,UOP01-DEL06-SC,2023
"506295,0",2023-02-20,segunda-feira,06:30:00,SC,116,"174,6",SAO CRISTOVAO DO SUL,Velocidade Incompatível,Colisão traseira,Sem Vítimas,Amanhecer,Crescente,Nublado,Simples,Aclive;Curva,Não,5,0,0,0,4,1,0,3,-27.22552273,-50.46649712,SPRF-SC,DEL05-SC,UOP03-DEL05-SC,2023
"506304,0",2023-02-20,segunda-feira,08:00:00,SC,153,"100,0",CONCORDIA,Conversão proibida,Colisão transversal,Com Vítimas Feridas,Pleno dia,Decrescente,Chuva,Simples,Reta,Sim,2,0,1,0,1,0,1,2,-27.185669,-51.931538,SPRF-SC,DEL07-SC,UOP04-DEL07-SC,2023
"506337,0",2023-02-20,segunda-feira,08:30:00,SC,101,"92,0",BARRA VELHA,Mal súbito do condutor,Colisão traseira,Com Vítimas Feridas,Pleno dia,Decrescente,Nublado,Múltipla,Reta,Não,3,0,1,0,1,1,1,3,-26.6806041,-48.6931497,SPRF-SC,DEL03-SC,UOP02-DEL03-SC,2023
"506402,0",2023-02-20,segunda-feira,21:30:00,SC,153,"84,0",CONCORDIA,Ultrapassagem Indevida,Colisão lateral sentido oposto,Sem Vítimas,Plena Noite,Crescente,Garoa/Chuvisco,Simples,Ponte,Não,5,0,0,0,3,2,0,3,-27.13419,-51.916466,SPRF-SC,DEL07-SC,UOP04-DEL07-SC,2023
"506414,0",2023-02-20,segunda-feira,21:20:00,SC,470,"204,2",PONTE ALTA,Reação tardia ou ineficiente do condutor,Saída de leito carroçável,Com Vítimas Feridas,Plena Noite,Decrescente,Chuva,Simples,Curva;Declive,Não,2,0,1,0,0,1,1,2,-27.289373,-50.166328,SPRF-SC,DEL05-SC,UOP03-DEL05-SC,2023
"506423,0",2023-02-21,terça-feira,01:30:00,SC,282,"128,3",BOM RETIRO,Condutor Dormindo,Colisão lateral sentido oposto,Com Vítimas Feridas,Plena Noite,Decrescente,Garoa/Chuvisco,Simples,Curva,Sim,4,0,1,0,2,1,1,3,-27.803921,-49.487785,SPRF-SC,DEL05-SC,UOP01-DEL05-SC,2023
"506457,0",2023-02-21,terça-feira,09:25:00,SC,153,"58,7",IRANI,Desrespeitar a preferência no cruzamento,Colisão transversal,Com Vítimas Feridas,Pleno dia,Crescente,Céu Claro,Simples,Interseção de Vias,Não,4,0,1,1,1,1,2,3,-26.96981367,-51.85546875,SPRF-SC,DEL07-SC,UOP04-DEL07-SC,2023