id,data_inversa,dia_semana,horario,uf,br,km,municipio,causa_acidente,tipo_acidente,classificacao_acidente,fase_dia,sentido_via,condicao_metereologica,tipo_pista,tracado_via,uso_solo,pessoas,mortos,feridos_leves,feridos_graves,ilesos,ignorados,feridos,veiculos,latitude,longitude,regional,delegacia,uop,ano_arquivo
"506471,0",2023-02-21,terça-feira,12:50:00,SC,101,"11,0",GARUVA,Ausência de reação do condutor,Colisão traseira,Com Vítimas Feridas,Pleno dia,Decrescente,Chuva,Múltipla,Reta,Não,4,0,2,0,1,1,2,3,-26.07867344,-48.86146903,SPRF-SC,DEL03-SC,UOP01-DEL03-SC,2023
"506483,0",2023-02-21,terça-feira,14:35:00,SC,470,"137,0",RIO DO SUL,Desrespeitar a preferência no cruzamento,Colisão transversal,Com Vítimas Feridas,Pleno dia,Decrescente,Céu Claro,Simples,Reta,Sim,5,0,1,0,4,0,1,2,-27.203201,-49.635063,SPRF-SC,DEL04-SC,UOP02-DEL04-SC,2023
"506498,0",2023-02-21,terça-feira,15:50:00,SC,101,"313,5",LAGUNA,Condutor deixou de manter distância do veículo da frente,Colisão traseira,Com Vítimas Feridas,Pleno dia,Crescente,Nublado,Dupla,Reta,Não,3,0,1,0,1,1,1,2,-28.43699677,-48.83800507,SPRF-SC,DEL02-SC,UOP01-DEL02-SC,2023
"506506,0",2023-02-21,terça-feira,17:40:00,SC,470,"64,6",INDAIAL,Acessar a via sem observar a presença dos outros veículos,Colisão transversal,Com Vítimas Feridas,Pleno dia,Decrescente,Garoa/Chuvisco,Simples,Reta,Sim,5,0,3,0,2,0,3,2,-26.87042041,-49.21199083,SPRF-SC,DEL04-SC,UOP01-DEL04-SC,2023
"506538,0",2023-02-21,terça-feira,19:10:00,SC,282,"417,0",VARGEM BONITA,Carga excessiva e/ou mal acondicionada,Saída de leito carroçável,Com Vítimas Feridas,Anoitecer,Crescente,Céu Claro,Simples,Curva;Declive,Não,2,0,1,0,0,1,1,2,-27.018042,-51.730051,SPRF-SC,DEL07-SC,UOP05-DEL07-SC,2023
"506548,0",2023-02-21,terça-feira,19:15:00,SC,280,"56,5",GUARAMIRIM,Transitar na contramão,Colisão frontal,Com Vítimas Fatais,Plena Noite,Decrescente,Nublado,Simples,Em Obras;Curva,Sim,3,1,0,0,1,1,0,3,-26.478793,-49.011459,SPRF-SC,DEL03-SC,UOP03-DEL03-SC,2023
"506563,0",2023-02-21,terça-feira,22:00:00,SC,101,"404,5",ARARANGUA,Retorno proibido,Colisão lateral mesmo sentido,Sem Vítimas,Plena Noite,Crescente,Nublado,Dupla,Reta,Não,3,0,0,0,1,2,0,3,-28.89649153,-49.47152138,SPRF-SC,DEL02-SC,UOP02-DEL02-SC,2023
"506655,0",2023-02-22,quarta-feira,12:20:00,SC,470,"119,5",IBIRAMA,Manobra de mudança de faixa,Colisão lateral mesmo sentido,Com Vítimas Feridas,Pleno dia,Crescente,Nublado,Simples,Aclive,Não,4,0,0,1,2,1,1,4,-27.08881703,-49.51980114,SPRF-SC,DEL04-SC,UOP02-DEL04-SC,2023
"506719,0",2023-02-22,quarta-feira,16:15:00,SC,116,"309,0",CAPAO ALTO,Curva acentuada,Tombamento,Com Vítimas Feridas,Pleno dia,Decrescente,Céu Claro,Simples,Curva;Aclive,Não,2,0,1,0,0,1,1,2,-28.198002,-50.759674,SPRF-SC,DEL05-SC,UOP02-DEL05-SC,2023
"506734,0",2023-02-22,quarta-feira,21:35:00,SC,116,"66,5",PAPANDUVA,Transitar na contramão,Colisão lateral sentido oposto,Com Vítimas Feridas,Plena Noite,Crescente,Céu Claro,Simples,Reta,Não,3,0,1,0,1,1,1,3,-26.43345701,-50.22890485,SPRF-SC,DEL06-SC,UOP02-DEL06-SC,2023
"506818,0",2023-02-23,quinta-feira,11:30:00,SC,116,"164,0",PONTE ALTA DO NORTE,Carga excessiva e/ou mal acondicionada,Tombamento,Com Vítimas Feridas,Pleno dia,Crescente,Nublado,Simples,Declive;Curva,Não,2,0,1,0,0,1,1,2,-27.14906,-50.46053,SPRF-SC,DEL05-SC,UOP03-DEL05-SC,2023
"506836,0",2023-02-23,quinta-feira,11:00:00,SC,282,"221,0",LAGES,Ultrapassagem Indevida,Colisão frontal,Com Vítimas Feridas,Pleno dia,Decrescente,Nublado,Simples,Reta;Declive,Não,3,0,2,0,1,0,2,2,-27.796358,-50.343426,SPRF-SC,DEL05-SC,UOP01-DEL05-SC,2023
"506894,0",2023-02-23,quinta-feira,23:45:00,SC,116,"305,3",CAPAO ALTO,Velocidade Incompatível,Tombamento,Com Vítimas Fatais,Plena Noite,Crescente,Nublado,Simples,Declive;Curva,Não,1,1,0,0,0,0,0,1,-28.199313,-50.727571,SPRF-SC,DEL05-SC,UOP02-DEL05-SC,2023
"506905,0",2023-02-24,sexta-feira,05:30:00,SC,101,"215,0",PALHOCA,Ingestão de álcool e/ou substâncias psicoativas pelo pedestre,Colisão traseira,Sem Vítimas,Amanhecer,Crescente,Céu Claro,Dupla,Reta,Não,2,0,0,0,1,1,0,2,-27.65184843,-48.67604941,SPRF-SC,DEL01-SC,UOP02-DEL01-SC,2023
"506920,0",2023-02-24,sexta-feira,08:15:00,SC,101,"217,0",PALHOCA,Manobra de mudança de faixa,Colisão com objeto,Com Vítimas Feridas,Pleno dia,Decrescente,Céu Claro,Múltipla,Reta,Não,2,0,0,1,1,0,1,2,-27.65981409,-48.67747798,SPRF-SC,DEL01-SC,UOP02-DEL01-SC,2023
"506924,0",2023-02-23,quinta-feira,20:00:00,SC,282,"580,2",PINHALZINHO,Condutor deixou de manter distância do veículo da frente,Colisão traseira,Com Vítimas Feridas,Plena Noite,Crescente,Chuva,Simples,Reta,Não,3,0,1,0,1,1,1,3,-26.83669007,-52.98823859,SPRF-SC,DEL07-SC,UOP02-DEL07-SC,2023
"507082,0",2023-02-24,sexta-feira,23:10:00,SC,116,"61,7",PAPANDUVA,Pedestre andava na pista,Atropelamento de Pedestre,Com Vítimas Fatais,Plena Noite,Decrescente,Garoa/Chuvisco,Simples,Reta,Não,3,1,0,0,2,0,0,2,-26.3939866,-50.225428,SPRF-SC,DEL06-SC,UOP02-DEL06-SC,2023
"507118,0",2023-02-25,sábado,11:40:00,SC,101,"407,6",ARARANGUA,Entrada inopinada do pedestre,Atropelamento de Pedestre,Com Vítimas Feridas,Pleno dia,Decrescente,Céu Claro,Dupla,Viaduto;Curva,Não,3,0,0,1,1,1,1,3,-28.92215716,-49.4936657,SPRF-SC,DEL02-SC,UOP02-DEL02-SC,2023
"507164,0",2023-02-25,sábado,16:57:00,SC,101,"75,0",ARAQUARI,Ausência de reação do condutor,Colisão lateral mesmo sentido,Sem Vítimas,Pleno dia,Crescente,Sol,Múltipla,Curva,Sim,5,0,0,0,4,1,0,3,-26.5519717,-48.71688324,SPRF-SC,DEL03-SC,UOP02-DEL03-SC,2023
"507197,0",2023-02-25,sábado,21:20:00,SC,101,"364,0",SANGAO,Condutor deixou de manter distância do veículo da frente,Colisão traseira,Sem Vítimas,Plena Noite,Decrescente,Céu Claro,Dupla,Reta,Não,2,0,0,0,2,0,0,2,-28.67821759,-49.13926425,SPRF-SC,DEL02-SC,UOP01-DEL02-SC,2023
"507203,0",2023-02-25,sábado,22:30:00,SC,470,"68,0",INDAIAL,Ingestão de álcool pelo condutor,Colisão transversal,Sem Vítimas,Plena Noite,Decrescente,Céu Claro,Simples,Reta;Em Obras,Sim,3,0,0,0,2,1,0,3,-26.87818064,-49.23991544,SPRF-SC,DEL04-SC,UOP01-DEL04-SC,2023
"507252,0",2023-02-26,domingo,06:00:00,SC,163,"106,0",SAO JOSE DO CEDRO,Acessar a via sem observar a presença dos outros veículos,Colisão lateral sentido oposto,Sem Vítimas,Pleno dia,Crescente,Céu Claro,Simples,Reta,Sim,3,0,0,0,1,2,0,2,-26.43752707,-53.51693708,SPRF-SC,DEL07-SC,UOP03-DEL07-SC,2023
"507395,0",2023-02-26,domingo,21:10:00,SC,116,"258,4",LAGES,Transitar na contramão,Colisão lateral sentido oposto,Com Vítimas Feridas,Plena Noite,Crescente,Céu Claro,Simples,Reta,Não,3,0,1,0,1,1,1,3,-27.89324692,-50.42299606,SPRF-SC,DEL05-SC,UOP02-DEL05-SC,2023
"507451,0",2023-02-27,segunda-feira,08:00:00,SC,101,"138,0",BALNEARIO CAMBORIU,Reação tardia ou ineficiente do condutor,Colisão traseira,Com Vítimas Feridas,Pleno dia,Decrescente,Nublado,Múltipla,Reta,Sim,4,0,1,0,3,0,1,3,-27.02397426,-48.60761649,SPRF-SC,DEL04-SC,UOP03-DEL04-SC,2023
"507463,0",2023-02-27,segunda-feira,10:15:00,SC,101,"219,0",PALHOCA,Acessar a via sem observar a presença dos outros veículos,Colisão transversal,Sem Vítimas,Pleno dia,Crescente,Sol,Múltipla,Reta,Sim,3,0,0,0,2,1,0,3,-27.68392194,-48.66710085,SPRF-SC,DEL01-SC,UOP02-DEL01-SC,2023
"507483,0",2023-02-27,segunda-feira,12:00:00,SC,101,"278,0",IMBITUBA,Reação tardia ou ineficiente do condutor,Colisão traseira,Com Vítimas Feridas,Pleno dia,Decrescente,Céu Claro,Múltipla,Reta,Não,2,0,1,0,1,0,1,2,-28.17590898,-48.69503796,SPRF-SC,DEL02-SC,UOP03-DEL02-SC,2023
"507548,0",2023-02-27,segunda-feira,19:15:00,SC,470,"11,0",NAVEGANTES,Retorno proibido,Colisão traseira,Com Vítimas Feridas,Plena Noite,Crescente,Céu Claro,Dupla,Reta,Não,5,0,0,2,2,1,2,4,-26.834309,-48.747269,SPRF-SC,DEL04-SC,UOP04-DEL04-SC,2023
"507671,0",2023-02-28,terça-feira,12:15:00,SC,282,"578,0",VARGEAO,Condutor deixou de manter distância do veículo da frente,Engavetamento,Com Vítimas Feridas,Pleno dia,Decrescente,Céu Claro,Simples,Curva;Declive,Não,4,0,1,0,3,0,1,3,-26.882711,-52.169197,SPRF-SC,DEL07-SC,UOP02-DEL07-SC,2023
"507723,0",2023-02-28,terça-feira,17:58:00,SC,116,"258,0",CAPAO ALTO,Acessar a via sem observar a presença dos outros veículos,Colisão lateral mesmo sentido,Com Vítimas Feridas,Anoitecer,Decrescente,Céu Claro,Simples,Declive;Curva,Não,4,0,1,0,2,1,1,3,-27.89324692,-50.42299606,SPRF-SC,DEL05-SC,UOP02-DEL05-SC,2023
"507741,0",2023-02-28,terça-feira,17:00:00,SC,101,"273,3",IMBITUBA,Ausência de reação do condutor,Colisão lateral mesmo sentido,Com Vítimas Feridas,Pleno dia,Crescente,Nublado,Dupla,Reta,Não,10,0,2,1,6,2,3,4,-28.129852,-48.69322,SPRF-SC,DEL02-SC,UOP03-DEL02-SC,2023
"507767,0",2023-02-28,terça-feira,22:30:00,SC,101,"98,0",BALNEARIO PICARRAS,Entrada inopinada do pedestre,Atropelamento de Pedestre,Com Vítimas Fatais,Plena Noite,Crescente,Nublado,Dupla,Reta,Não,2,1,0,0,0,1,0,2,-26.741166,-48.698352,SPRF-SC,DEL03-SC,UOP02-DEL03-SC,2023
"507779,0",2023-02-28,terça-feira,22:30:00,SC,116,"139,3",SANTA CECILIA,Acessar a via sem observar a presença dos outros veículos,Atropelamento de Pedestre,Com Vítimas Feridas,Pleno dia,Decrescente,Nublado,Simples,Reta,Sim,2,0,1,0,1,0,1,2,-26.96007677,-50.41626976,SPRF-SC,DEL06-SC,UOP02-DEL06-SC,2023
"507803,0",2023-03-01,quarta-feira,08:35:00,SC,282,"572,8",NOVA ERECHIM,Acessar a via sem observar a presença dos outros veículos,Colisão transversal,Com Vítimas Feridas,Pleno dia,Crescente,Céu Claro,Simples,Reta,Não,2,0,1,0,1,0,1,2,-26.881834,-52.942444,SPRF-SC,DEL07-SC,UOP02-DEL07-SC,2023
"507818,0",2023-03-01,quarta-feira,08:52:00,SC,470,"58,5",BLUMENAU,Ingestão de substâncias psicoativas pelo condutor,Colisão lateral sentido oposto,Com Vítimas Feridas,Pleno dia,Decrescente,Nublado,Simples,Curva,Sim,3,0,1,0,1,2,1,4,-26.883879,-49.145622,SPRF-SC,DEL04-SC,UOP01-DEL04-SC,2023
"507833,0",2023-03-01,quarta-feira,11:00:00,SC,101,"327,0",TUBARAO,Condutor deixou de manter distância do veículo da frente,Colisão traseira,Com Vítimas Feridas,Pleno dia,Crescente,Céu Claro,Dupla,Reta,Sim,8,0,2,2,3,1,4,5,-28.46104798,-48.99082661,SPRF-SC,DEL02-SC,UOP01-DEL02-SC,2023
"507837,0",2023-03-01,quarta-feira,13:32:00,SC,280,"47,8",GUARAMIRIM,Transitar na contramão,Colisão frontal,Com Vítimas Fatais,Pleno dia,Crescente,Nublado,Simples,Reta,Não,3,1,0,0,1,1,0,3,-26.453808,-48.92184,SPRF-SC,DEL03-SC,UOP03-DEL03-SC,2023
"507843,0",2023-03-01,quarta-feira,12:40:00,SC,101,"150,0",ITAPEMA,Ausência de reação do condutor,Colisão traseira,Com Vítimas Feridas,Pleno dia,Crescente,Céu Claro,Dupla,Reta,Sim,2,0,0,1,1,0,1,2,-27.11744799,-48.60940987,SPRF-SC,DEL04-SC,UOP03-DEL04-SC,2023
"507886,0",2023-03-01,quarta-feira,17:50:00,SC,101,"189,8",BIGUACU,Ultrapassagem Indevida,Colisão lateral mesmo sentido,Sem Vítimas,Pleno dia,Crescente,Céu Claro,Dupla,Reta,Não,2,0,0,0,2,0,0,2,-27.459393,-48.638914,SPRF-SC,DEL01-SC,UOP01-DEL01-SC,2023
"507934,0",2023-03-02,quinta-feira,03:40:00,SC,101,"248,0",PAULO LOPES,Ausência de reação do condutor,Saída de leito carroçável,Com Vítimas Feridas,Plena Noite,Decrescente,Nevoeiro/Neblina,Dupla,Reta,Não,1,0,1,0,0,0,1,1,-27.92619305,-48.65828191,SPRF-SC,DEL02-SC,UOP03-DEL02-SC,2023
"507981,0",2023-02-19,domingo,23:00:00,SC,101,"199,2",SAO JOSE,Ingestão de álcool pelo condutor,Colisão lateral mesmo sentido,Sem Vítimas,Plena Noite,Crescente,Nublado,Múltipla,Reta,Não,2,0,0,0,1,1,0,2,-27.53413705,-48.63003205,SPRF-SC,DEL01-SC,UOP01-DEL01-SC,2023
"508031,0",2023-03-02,quinta-feira,16:40:00,SC,101,"194,3",BIGUACU,Reação tardia ou ineficiente do condutor,Colisão traseira,Com Vítimas Feridas,Pleno dia,Crescente,Céu Claro,Múltipla,Reta,Sim,2,0,1,0,1,0,1,2,-27.49815117,-48.65661236,SPRF-SC,DEL01-SC,UOP01-DEL01-SC,2023
"508036,0",2023-03-02,quinta-feira,14:22:00,SC,101,"117,0",ITAJAI,Condutor deixou de manter distância do veículo da frente,Colisão traseira,Com Vítimas Feridas,Pleno dia,Decrescente,Céu Claro,Múltipla,Reta,Não,8,0,2,0,5,1,2,7,-26.88747187,-48.72252969,SPRF-SC,DEL04-SC,UOP04-DEL04-SC,2023
"508064,0",2023-03-02,quinta-feira,13:20:00,SC,101,"112,6",ITAJAI,Ausência de reação do condutor,Colisão traseira,Com Vítimas Fatais,Pleno dia,Decrescente,Sol,Múltipla,Curva,Sim,2,1,0,0,1,0,0,2,-26.8501384,-48.7255145,SPRF-SC,DEL04-SC,UOP04-DEL04-SC,2023
"508084,0",2023-03-02,quinta-feira,20:10:00,SC,280,"193,3",MAFRA,Ultrapassagem Indevida,Colisão lateral sentido oposto,Com Vítimas Feridas,Plena Noite,Crescente,Céu Claro,Simples,Reta,Não,2,0,1,0,1,0,1,2,-26.17717048,-50.00641103,SPRF-SC,DEL06-SC,UOP01-DEL06-SC,2023
"508092,0",2023-03-02,quinta-feira,21:45:00,SC,101,"131,0",BALNEARIO CAMBORIU,Ausência de reação do condutor,Colisão lateral mesmo sentido,Com Vítimas Feridas,Plena Noite,Crescente,Chuva,Dupla,Reta,Não,3,0,1,0,1,1,1,3,-26.99064209,-48.66310912,SPRF-SC,DEL04-SC,UOP03-DEL04-SC,2023
"508185,0",2023-03-03,sexta-feira,01:30:00,SC,158,"111,3",CUNHA PORA,Ingestão de álcool pelo condutor,Colisão frontal,Com Vítimas Fatais,Plena Noite,Crescente,Garoa/Chuvisco,Simples,Curva,Não,6,2,0,2,1,1,2,3,-26.898947,-53.190721,SPRF-SC,DEL07-SC,UOP02-DEL07-SC,2023
"508201,0",2023-03-03,sexta-feira,11:45:00,SC,101,"136,6",BALNEARIO CAMBORIU,Manobra de mudança de faixa,Colisão lateral mesmo sentido,Com Vítimas Feridas,Pleno dia,Crescente,Céu Claro,Múltipla,Reta,Sim,5,0,2,0,2,1,2,3,-27.0134817,-48.61320913,SPRF-SC,DEL04-SC,UOP03-DEL04-SC,2023
"508213,0",2023-03-03,sexta-feira,10:20:00,SC,470,"60,0",BLUMENAU,Manobra de mudança de faixa,Colisão transversal,Com Vítimas Feridas,Pleno dia,Crescente,Céu Claro,Simples,Interseção de Vias,Sim,2,0,0,1,1,0,1,2,-26.88138,-49.164543,SPRF-SC,DEL04-SC,UOP01-DEL04-SC,2023
"508300,0",2023-03-03,sexta-feira,16:30:00,SC,470,"190,1",POUSO REDONDO,Ultrapassagem Indevida,Colisão frontal,Com Vítimas Feridas,Pleno dia,Crescente,Chuva,Simples,Aclive;Curva,Não,7,0,3,0,3,2,3,6,-27.281504,-50.069775,SPRF-SC,DEL04-SC,UOP02-DEL04-SC,2023
"508329,0",2023-03-03,sexta-feira,23:45:00,SC,101,"30,0",JOINVILLE,Ausência de reação do condutor,Colisão traseira,Com Vítimas Feridas,Plena Noite,Decrescente,Nublado,Dupla,Reta;Aclive,Não,3,0,1,0,1,1,1,3,-26.22769999,-48.91652942,SPRF-SC,DEL03-SC,UOP01-DEL03-SC,2023
"508377,0",2023-03-04,sábado,06:00:00,SC,280,"81,0",CORUPA,Condutor deixou de manter distância do veículo da frente,Colisão transversal,Com Vítimas Feridas,Amanhecer,Decrescente,Nublado,Simples,Reta,Não,3,0,2,0,1,0,2,2,-26.44057489,-49.217056,SPRF-SC,DEL06-SC,UOP03-DEL06-SC,2023
"508410,0",2023-02-28,terça-feira,14:50:00,SC,101,"456,0",SAO JOAO DO SUL,Curva acentuada,Tombamento,Com Vítimas Feridas,Pleno dia,Decrescente,Céu Claro,Simples,Rotatória,Sim,1,0,1,0,0,0,1,1,-29.22330598,-49.76018824,SPRF-SC,DEL02-SC,UOP02-DEL02-SC,2023
"508427,0",2023-03-04,sábado,09:58:00,SC,480,"126,0",CHAPECO,Manobra de mudança de faixa,Colisão lateral mesmo sentido,Com Vítimas Feridas,Pleno dia,Crescente,Chuva,Dupla,Reta;Declive,Não,2,0,1,0,1,0,1,2,-27.020083,-52.636024,SPRF-SC,DEL07-SC,UOP01-DEL07-SC,2023
"508444,0",2023-03-04,sábado,14:25:00,SC,470,"57,9",BLUMENAU,Acessar a via sem observar a presença dos outros veículos,Colisão traseira,Com Vítimas Feridas,Pleno dia,Decrescente,Nublado,Simples,Em Obras;Reta,Sim,4,0,0,1,2,1,1,4,-26.880428,-49.136532,SPRF-SC,DEL04-SC,UOP01-DEL04-SC,2023
"508656,0",2023-03-05,domingo,13:00:00,SC,101,"211,5",PALHOCA,Condutor deixou de manter distância do veículo da frente,Engavetamento,Com Vítimas Feridas,Pleno dia,Crescente,Chuva,Múltipla,Reta,Sim,5,0,0,2,2,1,2,4,-27.62329313,-48.65245588,SPRF-SC,DEL01-SC,UOP02-DEL01-SC,2023
"508691,0",2023-03-05,domingo,16:00:00,SC,280,"122,0",SAO BENTO DO SUL,Acessar a via sem observar a presença dos outros veículos,Colisão transversal,Sem Vítimas,Pleno dia,Crescente,Céu Claro,Simples,Rotatória,Não,3,0,0,0,2,1,0,3,-26.24855895,-49.45712883,SPRF-SC,DEL06-SC,UOP03-DEL06-SC,2023
"508932,0",2023-03-06,segunda-feira,21:25:00,SC,101,"158,2",PORTO BELO,Pedestre andava na pista,Atropelamento de Pedestre,Com Vítimas Fatais,Plena Noite,Decrescente,Nublado,Dupla,Reta,Não,3,1,0,0,1,1,0,3,-27.19096301,-48.61259017,SPRF-SC,DEL04-SC,UOP03-DEL04-SC,2023
"508950,0",2023-03-06,segunda-feira,19:30:00,SC,116,"162,5",PONTE ALTA DO NORTE,Ausência de reação do condutor,Colisão transversal,Com Vítimas Feridas,Plena Noite,Crescente,Chuva,Simples,Curva,Não,3,0,0,1,1,1,1,3,-27.12566109,-50.45721887,SPRF-SC,DEL05-SC,UOP03-DEL05-SC,2023
"508990,0",2023-03-07,terça-feira,07:40:00,SC,101,"194,1",BIGUACU,Velocidade Incompatível,Tombamento,Sem Vítimas,Pleno dia,Decrescente,Garoa/Chuvisco,Dupla,Retorno Regulamentado,Sim,1,0,0,0,1,0,0,1,-27.49815117,-48.65661236,SPRF-SC,DEL01-SC,UOP01-DEL01-SC,2023
"509005,0",2023-03-07,terça-feira,07:30:00,SC,470,"232,0",SAO CRISTOVAO DO SUL,Transitar na contramão,Colisão frontal,Com Vítimas Fatais,Amanhecer,Crescente,Nublado,Simples,Reta,Não,5,1,3,1,0,0,4,2,-27.303425,-50.4138186,SPRF-SC,DEL05-SC,UOP03-DEL05-SC,2023
"509011,0",2023-03-07,terça-feira,10:50:00,SC,101,"139,0",BALNEARIO CAMBORIU,Ausência de reação do condutor,Colisão traseira,Com Vítimas Feridas,Pleno dia,Crescente,Céu Claro,Dupla,Reta;Aclive,Sim,2,0,0,1,1,0,1,2,-27.02982303,-48.60115006,SPRF-SC,DEL04-SC,UOP03-DEL04-SC,2023
"509017,0",2023-02-07,terça-feira,21:15:00,SC,101,"190,8",BIGUACU,Manobra de mudança de faixa,Colisão lateral mesmo sentido,Com Vítimas Feridas,Plena Noite,Crescente,Nublado,Dupla,Aclive;Curva,Não,4,0,3,0,0,1,3,2,-27.47610022,-48.64075005,SPRF-SC,DEL01-SC,UOP01-DEL01-SC,2023
"509072,0",2023-03-07,terça-feira,15:00:00,SC,101,"132,7",BALNEARIO CAMBORIU,Pedestre cruzava a pista fora da faixa,Atropelamento de Pedestre,Com Vítimas Fatais,Pleno dia,Decrescente,Céu Claro,Múltipla,Reta,Sim,4,1,0,0,1,2,0,3,-26.9983865,-48.6488931,SPRF-SC,DEL04-SC,UOP03-DEL04-SC,2023
"509111,0",2023-03-07,terça-feira,16:15:00,SC,101,"138,0",BALNEARIO CAMBORIU,Condutor deixou de manter distância do veículo da frente,Colisão traseira,Com Vítimas Feridas,Pleno dia,Decrescente,Sol,Múltipla,Reta,Sim,3,0,1,0,2,0,1,2,-27.02397426,-48.60761649,SPRF-SC,DEL04-SC,UOP03-DEL04-SC,2023
"509113,0",2023-03-07,terça-feira,19:40:00,SC,101,"443,0",SANTA ROSA DO SUL,Acessar a via sem observar a presença dos outros veículos,Colisão transversal,Com Vítimas Feridas,Plena Noite,Crescente,Nublado,Simples,Viaduto,Sim,3,0,2,0,1,0,2,2,-29.13223626,-49.69660393,SPRF-SC,DEL02-SC,UOP02-DEL02-SC,2023
"509114,0",2023-03-07,terça-feira,18:00:00,SC,101,"78,1",BARRA VELHA,Acessar a via sem observar a presença dos outros veículos,Colisão transversal,Com Vítimas Feridas,Plena Noite,Crescente,Céu Claro,Dupla,Reta,Não,2,0,0,1,1,0,1,2,-26.57672096,-48.72270551,SPRF-SC,DEL03-SC,UOP02-DEL03-SC,2023
"509128,0",2023-03-07,terça-feira,19:50:00,SC,480,"130,5",CHAPECO,Condutor deixou de manter distância do veículo da frente,Colisão traseira,Com Vítimas Feridas,Plena Noite,Crescente,Céu Claro,Dupla,Reta,Sim,2,0,1,0,0,1,1,2,-27.06095067,-52.63491869,SPRF-SC,DEL07-SC,UOP01-DEL07-SC,2023
"509138,0",2023-03-07,terça-feira,21:35:00,SC,280,"31,0",ARAQUARI,Reação tardia ou ineficiente do condutor,Colisão com objeto,Sem Vítimas,Plena Noite,Crescente,Céu Claro,Simples,Reta,Sim,4,0,0,0,4,0,0,2,-26.41649938,-48.77181215,SPRF-SC,DEL03-SC,UOP03-DEL03-SC,2023
"509170,0",2023-03-08,quarta-feira,07:23:00,SC,101,"198,0",BIGUACU,Condutor deixou de manter distância do veículo da frente,Engavetamento,Com Vítimas Feridas,Pleno dia,Crescente,Chuva,Simples,Reta,Não,4,0,1,0,3,0,1,3,-27.52658712,-48.63506019,SPRF-SC,DEL01-SC,UOP01-DEL01-SC,2023
"509210,0",2023-03-08,quarta-feira,09:00:00,SC,470,"107,9",APIUNA,Transitar na contramão,Colisão frontal,Com Vítimas Feridas,Pleno dia,Crescente,Sol,Simples,Reta,Não,2,0,2,0,0,0,2,2,-27.07983788,-49.43899155,SPRF-SC,DEL04-SC,UOP02-DEL04-SC,2023
"509232,0",2023-03-08,quarta-feira,12:00:00,SC,282,"370,0",ERVAL VELHO,Ultrapassagem Indevida,Colisão lateral mesmo sentido,Com Vítimas Feridas,Pleno dia,Crescente,Céu Claro,Simples,Declive;Reta,Não,3,0,1,0,2,0,1,3,-27.268663,-51.443768,SPRF-SC,DEL07-SC,UOP05-DEL07-SC,2023
"509257,0",2023-03-08,quarta-feira,15:20:00,SC,158,"101,0",CUNHA PORA,Condutor deixou de manter distância do veículo da frente,Colisão traseira,Sem Vítimas,Pleno dia,Decrescente,Nublado,Simples,Reta,Não,2,0,0,0,2,0,0,2,-26.81472581,-53.18241119,SPRF-SC,DEL07-SC,UOP02-DEL07-SC,2023
"509309,0",2023-03-08,quarta-feira,21:05:00,SC,101,"37,0",JOINVILLE,Reação tardia ou ineficiente do condutor,Colisão traseira,Com Vítimas Feridas,Plena Noite,Crescente,Nublado,Dupla,Reta,Sim,3,0,1,0,1,1,1,3,-26.25050176,-48.90863867,SPRF-SC,DEL03-SC,UOP01-DEL03-SC,2023
"509350,0",2023-03-08,quarta-feira,23:00:00,SC,282,"245,5",SAO JOSE DO CERRITO,Restrição de visibilidade em curvas horizontais,Colisão frontal,Com Vítimas Fatais,Plena Noite,Crescente,Chuva,Simples,Curva;Declive,Não,3,1,1,0,0,1,1,3,-27.729763,-50.52121,SPRF-SC,DEL05-SC,UOP02-DEL05-SC,2023
"509458,0",2023-03-09,quinta-feira,15:30:00,SC,101,"117,0",ITAJAI,Acessar a via sem observar a presença dos outros veículos,Colisão lateral mesmo sentido,Com Vítimas Feridas,Pleno dia,Decrescente,Céu Claro,Múltipla,Reta,Sim,4,0,0,1,1,2,1,4,-26.88747187,-48.72252969,SPRF-SC,DEL04-SC,UOP04-DEL04-SC,2023
"509484,0",2023-03-09,quinta-feira,11:45:00,SC,153,"58,3",IRANI,Condutor Dormindo,Colisão frontal,Com Vítimas Fatais,Pleno dia,Decrescente,Céu Claro,Simples,Curva,Não,9,2,1,3,2,2,4,5,-26.96607486,-51.84411764,SPRF-SC,DEL07-SC,UOP07-DEL07-SC,2023
"509586,0",2023-03-10,sexta-feira,08:00:00,SC,470,"261,0",CURITIBANOS,Avarias e/ou desgaste excessivo no pneu,Colisão lateral sentido oposto,Com Vítimas Feridas,Pleno dia,Decrescente,Céu Claro,Simples,Curva,Não,4,0,2,0,2,0,2,2,-27.299816,-50.68129,SPRF-SC,DEL05-SC,UOP03-DEL05-SC,2023
"509633,0",2023-03-10,sexta-feira,08:15:00,SC,470,"260,0",CURITIBANOS,Reação tardia ou ineficiente do condutor,Saída de leito carroçável,Com Vítimas Feridas,Pleno dia,Crescente,Nublado,Simples,Reta;Aclive,Não,2,0,1,0,0,1,1,2,-27.301584,-50.671352,SPRF-SC,DEL05-SC,UOP03-DEL05-SC,2023