id,data_inversa,dia_semana,horario,uf,br,km,municipio,causa_acidente,tipo_acidente,classificacao_acidente,fase_dia,sentido_via,condicao_metereologica,tipo_pista,tracado_via,uso_solo,pessoas,mortos,feridos_leves,feridos_graves,ilesos,ignorados,feridos,veiculos,latitude,longitude,regional,delegacia,uop,ano_arquivo
"512967,0",2023-03-26,domingo,11:40:00,SC,101,"31,9",JOINVILLE,Ausência de reação do condutor,Colisão traseira,Com Vítimas Feridas,Pleno dia,Decrescente,Céu Claro,Múltipla,Reta,Não,7,0,1,1,4,2,2,5,-26.24379061,-48.91070366,SPRF-SC,DEL03-SC,UOP01-DEL03-SC,2023
"512997,0",2023-03-26,domingo,18:00:00,SC,101,"105,0",PENHA,Ausência de reação do condutor,Colisão traseira,Sem Vítimas,Anoitecer,Crescente,Céu Claro,Dupla,Curva,Não,4,0,0,0,3,1,0,4,-26.80215497,-48.67891041,SPRF-SC,DEL03-SC,UOP02-DEL03-SC,2023
"513002,0",2023-03-26,domingo,07:15:00,SC,282,"301,0",VARGEM,Velocidade Incompatível,Saída de leito carroçável,Com Vítimas Feridas,Pleno dia,Decrescente,Céu Claro,Simples,Declive;Curva,Não,1,0,1,0,0,0,1,1,-27.510321,-50.922432,SPRF-SC,DEL07-SC,UOP06-DEL07-SC,2023
"513041,0",2023-03-26,domingo,20:20:00,SC,116,"188,0",SAO CRISTOVAO DO SUL,Acessar a via sem observar a presença dos outros veículos,Colisão lateral mesmo sentido,Com Vítimas Feridas,Plena Noite,Crescente,Céu Claro,Simples,Reta,Não,2,0,1,0,0,1,1,2,-27.32965789,-50.42513021,SPRF-SC,DEL05-SC,UOP03-DEL05-SC,2023
"513141,0",2023-03-27,segunda-feira,07:10:00,SC,101,"362,1",SANGAO,Reação tardia ou ineficiente do condutor,Colisão traseira,Com Vítimas Feridas,Pleno dia,Decrescente,Céu Claro,Dupla,Reta;Aclive,Não,3,0,1,0,1,1,1,3,-28.67727,-49.134613,SPRF-SC,DEL02-SC,UOP01-DEL02-SC,2023
"513172,0",2023-03-27,segunda-feira,06:45:00,SC,116,"125,6",SANTA CECILIA,Ausência de reação do condutor,Tombamento,Com Vítimas Feridas,Pleno dia,Decrescente,Céu Claro,Simples,Declive;Curva,Não,2,0,1,0,1,0,1,1,-26.859087,-50.40431503,SPRF-SC,DEL06-SC,UOP02-DEL06-SC,2023
"513175,0",2023-03-27,segunda-feira,11:20:00,SC,163,"69,0",SAO MIGUEL DO OESTE,Ausência de reação do condutor,Colisão traseira,Com Vítimas Feridas,Pleno dia,Decrescente,Céu Claro,Dupla,Reta,Sim,2,0,1,0,1,0,1,2,-26.73392097,-53.50798845,SPRF-SC,DEL07-SC,UOP03-DEL07-SC,2023
"513255,0",2023-03-27,segunda-feira,07:40:00,SC,282,"599,0",MARAVILHA,Condutor deixou de manter distância do veículo da frente,Colisão traseira,Com Vítimas Feridas,Pleno dia,Crescente,Céu Claro,Simples,Curva,Não,4,0,1,0,2,1,1,4,-26.820206,-53.155052,SPRF-SC,DEL07-SC,UOP02-DEL07-SC,2023
"513321,0",2023-03-28,terça-feira,07:17:00,SC,116,"222,0",CORREIA PINTO,Acessar a via sem observar a presença dos outros veículos,Colisão lateral mesmo sentido,Sem Vítimas,Pleno dia,Decrescente,Céu Claro,Simples,Reta,Não,4,0,0,0,3,2,0,4,-27.59523116,-50.35862446,SPRF-SC,DEL05-SC,UOP03-DEL05-SC,2023
"513327,0",2023-03-28,terça-feira,05:00:00,SC,282,"444,1",PONTE SERRADA,Acessar a via sem observar a presença dos outros veículos,Colisão lateral sentido oposto,Com Vítimas Feridas,Plena Noite,Decrescente,Céu Claro,Simples,Reta,Não,3,0,1,0,1,1,1,3,-26.915865,-51.901859,SPRF-SC,DEL07-SC,UOP04-DEL07-SC,2023
"513394,0",2023-03-28,terça-feira,13:15:00,SC,282,"424,9",VARGEM BONITA,Reação tardia ou ineficiente do condutor,Colisão frontal,Com Vítimas Fatais,Pleno dia,Decrescente,Sol,Simples,Declive;Curva,Não,4,1,0,0,2,1,0,3,-26.9887269,-51.7533025,SPRF-SC,DEL07-SC,UOP05-DEL07-SC,2023
"513407,0",2023-03-28,terça-feira,13:25:00,SC,282,"518,6",XAXIM,Reação tardia ou ineficiente do condutor,Colisão lateral mesmo sentido,Sem Vítimas,Pleno dia,Decrescente,Céu Claro,Simples,Reta,Não,3,0,0,0,2,2,0,4,-26.94510268,-52.51107574,SPRF-SC,DEL07-SC,UOP01-DEL07-SC,2023
"513466,0",2023-03-29,quarta-feira,00:15:00,SC,470,"69,8",INDAIAL,Ultrapassagem Indevida,Colisão lateral mesmo sentido,Sem Vítimas,Plena Noite,Crescente,Nublado,Simples,Reta;Em Obras,Sim,2,0,0,0,1,1,0,2,-26.883745,-49.246704,SPRF-SC,DEL04-SC,UOP01-DEL04-SC,2023
"513505,0",2023-03-25,sábado,15:30:00,SC,101,"46,0",JOINVILLE,Ingestão de substâncias psicoativas pelo condutor,Colisão traseira,Com Vítimas Feridas,Pleno dia,Crescente,Céu Claro,Dupla,Curva,Sim,4,0,2,0,1,4,2,6,-26.33150083,-48.86187762,SPRF-SC,DEL03-SC,UOP01-DEL03-SC,2023
"513510,0",2023-03-29,quarta-feira,10:00:00,SC,101,"211,5",PALHOCA,Condutor deixou de manter distância do veículo da frente,Engavetamento,Com Vítimas Feridas,Pleno dia,Crescente,Céu Claro,Múltipla,Aclive;Reta,Não,6,0,2,0,3,8,2,12,-27.62329313,-48.65245588,SPRF-SC,DEL01-SC,UOP02-DEL01-SC,2023
"513532,0",2023-01-08,domingo,15:00:00,SC,282,"224,0",LAGES,Acessar a via sem observar a presença dos outros veículos,Colisão transversal,Com Vítimas Feridas,Pleno dia,Decrescente,Céu Claro,Simples,Rotatória,Sim,3,0,1,1,1,0,2,2,-27.79969745,-50.36334515,SPRF-SC,DEL05-SC,UOP02-DEL05-SC,2023
"513586,0",2023-03-29,quarta-feira,16:20:00,SC,163,"67,5",SAO MIGUEL DO OESTE,Ausência de reação do condutor,Colisão transversal,Com Vítimas Feridas,Pleno dia,Decrescente,Nublado,Dupla,Reta,Sim,3,0,1,0,1,1,1,3,-26.759436,-53.50055292,SPRF-SC,DEL07-SC,UOP03-DEL07-SC,2023
"513590,0",2023-03-29,quarta-feira,15:55:00,SC,280,"48,9",GUARAMIRIM,Transitar na contramão,Colisão frontal,Com Vítimas Feridas,Pleno dia,Decrescente,Céu Claro,Simples,Aclive;Reta,Não,2,0,0,1,1,0,1,2,-26.45506795,-48.92766502,SPRF-SC,DEL03-SC,UOP03-DEL03-SC,2023
"513615,0",2023-03-29,quarta-feira,11:30:00,SC,282,"30,0",SANTO AMARO DA IMPERATRIZ,Problema com o freio,Saída de leito carroçável,Sem Vítimas,Pleno dia,Decrescente,Céu Claro,Simples,Curva;Declive,Não,2,0,0,0,1,1,0,2,-27.687376,-48.79071,SPRF-SC,DEL01-SC,UOP03-DEL01-SC,2023
"513630,0",2023-03-29,quarta-feira,13:40:00,SC,470,"356,0",CAMPOS NOVOS,Velocidade Incompatível,Tombamento,Com Vítimas Feridas,Pleno dia,Decrescente,Nublado,Simples,Curva;Declive;Ponte,Não,1,0,1,0,0,0,1,1,-27.596577,-51.473782,SPRF-SC,DEL07-SC,UOP06-DEL07-SC,2023
"513634,0",2023-03-29,quarta-feira,18:45:00,SC,280,"271,8",IRINEOPOLIS,Objeto estático sobre o leito carroçável,Tombamento,Com Vítimas Feridas,Anoitecer,Decrescente,Chuva,Simples,Reta,Não,6,0,0,4,1,2,4,4,-26.2720695,-50.74536523,SPRF-SC,DEL06-SC,UOP04-DEL06-SC,2023
"513686,0",2023-03-30,quinta-feira,07:50:00,SC,470,"10,0",NAVEGANTES,Acessar a via sem observar a presença dos outros veículos,Colisão transversal,Com Vítimas Feridas,Pleno dia,Decrescente,Céu Claro,Dupla,Interseção de Vias;Viaduto,Não,4,0,2,2,0,0,4,2,-26.83136622,-48.73833418,SPRF-SC,DEL04-SC,UOP04-DEL04-SC,2023
"513704,0",2023-03-30,quinta-feira,11:20:00,SC,282,"19,8",PALHOCA,Ultrapassagem Indevida,Colisão com objeto,Com Vítimas Feridas,Pleno dia,Crescente,Sol,Simples,Reta,Sim,2,0,0,1,1,0,1,2,-27.678635,-48.70192,SPRF-SC,DEL01-SC,UOP02-DEL01-SC,2023
"513714,0",2023-03-30,quinta-feira,11:00:00,SC,101,"79,2",ARAQUARI,Reação tardia ou ineficiente do condutor,Colisão traseira,Com Vítimas Feridas,Pleno dia,Crescente,Céu Claro,Dupla,Reta,Não,3,0,2,0,0,1,2,3,-26.5878,-48.7216,SPRF-SC,DEL03-SC,UOP02-DEL03-SC,2023
"513729,0",2023-03-30,quinta-feira,14:10:00,SC,101,"33,5",JOINVILLE,Acessar a via sem observar a presença dos outros veículos,Colisão lateral mesmo sentido,Com Vítimas Feridas,Pleno dia,Crescente,Céu Claro,Dupla,Interseção de Vias,Sim,3,0,1,0,1,1,1,3,-26.25708872,-48.904953,SPRF-SC,DEL03-SC,UOP01-DEL03-SC,2023
"513730,0",2023-03-30,quinta-feira,13:50:00,SC,101,"299,4",LAGUNA,Acessar a via sem observar a presença dos outros veículos,Colisão lateral mesmo sentido,Com Vítimas Feridas,Pleno dia,Decrescente,Céu Claro,Múltipla,Reta,Não,3,0,1,0,1,2,1,4,-28.3286551,-48.73211466,SPRF-SC,DEL02-SC,UOP03-DEL02-SC,2023
"513731,0",2023-03-01,quarta-feira,09:12:00,SC,163,"68,9",SAO MIGUEL DO OESTE,Velocidade Incompatível,Colisão transversal,Com Vítimas Feridas,Pleno dia,Crescente,Céu Claro,Dupla,Reta;Declive,Sim,2,0,1,0,1,0,1,2,-26.75038301,-53.50086841,SPRF-SC,DEL07-SC,UOP03-DEL07-SC,2023
"513810,0",2023-03-30,quinta-feira,22:20:00,SC,470,"138,8",RIO DO SUL,Acessar a via sem observar a presença dos outros veículos,Colisão lateral mesmo sentido,Sem Vítimas,Plena Noite,Decrescente,Garoa/Chuvisco,Simples,Reta;Interseção de Vias,Sim,3,0,0,0,1,2,0,3,-27.207214,-49.648476,SPRF-SC,DEL04-SC,UOP02-DEL04-SC,2023
"513831,0",2023-03-31,sexta-feira,06:45:00,SC,101,"112,0",ITAJAI,Velocidade Incompatível,Tombamento,Sem Vítimas,Amanhecer,Crescente,Céu Claro,Dupla,Reta;Interseção de Vias,Não,2,0,0,0,1,2,0,3,-26.84589005,-48.72131295,SPRF-SC,DEL04-SC,UOP04-DEL04-SC,2023
"513894,0",2023-03-31,sexta-feira,10:45:00,SC,470,"281,8",BRUNOPOLIS,Velocidade Incompatível,Tombamento,Com Vítimas Feridas,Pleno dia,Crescente,Céu Claro,Simples,Aclive;Curva,Não,3,0,1,0,1,1,1,2,-27.334003,-50.872852,SPRF-SC,DEL07-SC,UOP06-DEL07-SC,2023
"513925,0",2023-03-31,sexta-feira,14:45:00,SC,101,"121,0",ITAJAI,Velocidade Incompatível,Colisão traseira,Com Vítimas Feridas,Pleno dia,Decrescente,Céu Claro,Múltipla,Reta,Sim,2,0,0,1,1,0,1,2,-26.92103178,-48.70856446,SPRF-SC,DEL04-SC,UOP04-DEL04-SC,2023
"514039,0",2023-03-31,sexta-feira,23:40:00,SC,101,"90,2",BARRA VELHA,Reação tardia ou ineficiente do condutor,Queda de ocupante de veículo,Com Vítimas Feridas,Plena Noite,Crescente,Céu Claro,Simples,Reta,Não,2,0,1,0,1,0,1,2,-26.66148503,-48.68866176,SPRF-SC,DEL03-SC,UOP02-DEL03-SC,2023
"514055,0",2023-04-01,sábado,01:05:00,SC,280,"139,0",MAFRA,Reação tardia ou ineficiente do condutor,Colisão com objeto,Sem Vítimas,Plena Noite,Crescente,Céu Claro,Simples,Reta;Declive,Não,1,0,0,0,0,1,0,1,-26.254826,-49.603124,SPRF-SC,DEL06-SC,UOP03-DEL06-SC,2023
"514132,0",2023-04-01,sábado,12:00:00,SC,101,"141,7",ITAPEMA,Velocidade Incompatível,Colisão lateral mesmo sentido,Sem Vítimas,Pleno dia,Crescente,Sol,Dupla,Curva,Não,2,0,0,0,2,0,0,2,-27.04761729,-48.59995855,SPRF-SC,DEL04-SC,UOP03-DEL04-SC,2023
"514158,0",2023-04-01,sábado,16:30:00,SC,470,"58,0",BLUMENAU,Ausência de reação do condutor,Colisão traseira,Com Vítimas Feridas,Pleno dia,Crescente,Sol,Simples,Reta;Ponte,Não,4,0,1,1,1,1,2,3,-26.883879,-49.145622,SPRF-SC,DEL04-SC,UOP01-DEL04-SC,2023
"514205,0",2023-04-01,sábado,15:00:00,SC,101,"148,0",ITAPEMA,Ausência de reação do condutor,Colisão traseira,Com Vítimas Feridas,Pleno dia,Decrescente,Céu Claro,Dupla,Reta,Não,4,0,1,0,3,0,1,2,-27.10123686,-48.61807962,SPRF-SC,DEL04-SC,UOP03-DEL04-SC,2023
"514291,0",2023-04-01,sábado,17:10:00,SC,163,"71,0",SAO MIGUEL DO OESTE,Acessar a via sem observar a presença dos outros veículos,Colisão transversal,Sem Vítimas,Pleno dia,Crescente,Céu Claro,Dupla,Reta,Sim,2,0,0,0,2,0,0,2,-26.73461723,-53.50680015,SPRF-SC,DEL07-SC,UOP03-DEL07-SC,2023
"514324,0",2023-04-02,domingo,05:37:00,SC,282,"523,9",XAXIM,Transitar na contramão,Colisão frontal,Com Vítimas Fatais,Amanhecer,Decrescente,Céu Claro,Simples,Curva,Não,5,1,0,0,3,1,0,3,-26.9661258,-52.5555924,SPRF-SC,DEL07-SC,UOP01-DEL07-SC,2023
"514371,0",2023-04-02,domingo,16:00:00,SC,101,"74,0",ARAQUARI,Acessar a via sem observar a presença dos outros veículos,Colisão lateral mesmo sentido,Com Vítimas Feridas,Pleno dia,Decrescente,Sol,Múltipla,Interseção de Vias,Não,4,0,1,0,3,0,1,3,-26.54446209,-48.71214452,SPRF-SC,DEL03-SC,UOP02-DEL03-SC,2023
"514398,0",2023-04-02,domingo,18:00:00,SC,101,"63,3",ARAQUARI,Manobra de mudança de faixa,Colisão lateral mesmo sentido,Com Vítimas Feridas,Anoitecer,Decrescente,Céu Claro,Dupla,Curva,Não,3,0,1,0,2,0,1,2,-26.45898367,-48.7584088,SPRF-SC,DEL03-SC,UOP02-DEL03-SC,2023
"514437,0",2023-01-07,sábado,11:30:00,SC,101,"141,0",BALNEARIO CAMBORIU,Manobra de mudança de faixa,Colisão lateral mesmo sentido,Com Vítimas Feridas,Pleno dia,Decrescente,Céu Claro,Dupla,Reta,Sim,5,0,2,2,1,0,4,2,-27.04761729,-48.59995855,SPRF-SC,DEL04-SC,UOP03-DEL04-SC,2023
"514448,0",2023-04-02,domingo,19:35:00,SC,116,"5,6",MAFRA,Desrespeitar a preferência no cruzamento,Colisão transversal,Com Vítimas Fatais,Plena Noite,Decrescente,Céu Claro,Múltipla,Interseção de Vias,Sim,4,1,0,0,1,3,0,5,-26.14533543,-49.82141018,SPRF-SC,DEL06-SC,UOP01-DEL06-SC,2023
"514510,0",2023-04-03,segunda-feira,04:34:00,SC,470,"152,0",TROMBUDO CENTRAL,Condutor Dormindo,Colisão lateral sentido oposto,Sem Vítimas,Plena Noite,Crescente,Céu Claro,Simples,Reta,Não,3,0,0,0,2,2,0,4,-27.266434,-49.727642,SPRF-SC,DEL04-SC,UOP02-DEL04-SC,2023
"514546,0",2023-03-06,segunda-feira,22:47:00,SC,282,"508,9",XANXERE,Velocidade Incompatível,Colisão frontal,Com Vítimas Fatais,Plena Noite,Crescente,Nublado,Simples,Declive;Curva,Não,3,1,0,1,0,1,1,3,-26.88833204,-52.45449722,SPRF-SC,DEL07-SC,UOP01-DEL07-SC,2023
"514623,0",2023-04-03,segunda-feira,18:00:00,SC,101,"151,0",ITAPEMA,Velocidade Incompatível,Tombamento,Com Vítimas Feridas,Anoitecer,Crescente,Céu Claro,Múltipla,Reta,Não,1,0,1,0,0,0,1,1,-27.126536,-48.609642,SPRF-SC,DEL04-SC,UOP03-DEL04-SC,2023
"514673,0",2023-04-03,segunda-feira,19:22:00,SC,153,"10,0",AGUA DOCE,Ultrapassagem Indevida,Colisão frontal,Com Vítimas Feridas,Plena Noite,Decrescente,Céu Claro,Simples,Reta,Não,5,0,2,1,1,1,3,3,-26.670422,-51.549721,SPRF-SC,DEL07-SC,UOP07-DEL07-SC,2023
"514681,0",2023-04-03,segunda-feira,22:30:00,SC,282,"346,7",CAMPOS NOVOS,Velocidade Incompatível,Colisão traseira,Com Vítimas Feridas,Plena Noite,Crescente,Céu Claro,Simples,Reta,Não,3,0,0,1,1,1,1,3,-27.368792,-51.254639,SPRF-SC,DEL07-SC,UOP06-DEL07-SC,2023
"514766,0",2023-04-04,terça-feira,14:00:00,SC,470,"91,0",ASCURRA,Ausência de reação do condutor,Colisão traseira,Com Vítimas Feridas,Pleno dia,Crescente,Céu Claro,Simples,Reta,Não,2,0,1,0,1,0,1,2,-26.97769,-49.369198,SPRF-SC,DEL04-SC,UOP01-DEL04-SC,2023
"514783,0",2023-04-04,terça-feira,10:50:00,SC,282,"369,5",ERVAL VELHO,Transitar na contramão,Colisão frontal,Com Vítimas Feridas,Pleno dia,Decrescente,Céu Claro,Simples,Curva,Não,3,0,1,0,1,1,1,3,-27.277081,-51.44075,SPRF-SC,DEL07-SC,UOP05-DEL07-SC,2023
"514792,0",2023-04-04,terça-feira,15:40:00,SC,101,"283,0",IMBITUBA,Reação tardia ou ineficiente do condutor,Colisão traseira,Com Vítimas Feridas,Pleno dia,Crescente,Céu Claro,Dupla,Reta,Não,3,0,1,0,1,1,1,3,-28.220864,-48.700543,SPRF-SC,DEL02-SC,UOP03-DEL02-SC,2023
"514810,0",2023-04-04,terça-feira,17:00:00,SC,282,"73,0",RANCHO QUEIMADO,Velocidade Incompatível,Colisão traseira,Sem Vítimas,Pleno dia,Decrescente,Nublado,Simples,Reta,Não,2,0,0,0,2,0,0,2,-27.681437,-49.113388,SPRF-SC,DEL01-SC,UOP03-DEL01-SC,2023
"514861,0",2023-04-04,terça-feira,22:35:00,SC,101,"249,3",PAULO LOPES,Reação tardia ou ineficiente do condutor,Colisão traseira,Com Vítimas Feridas,Plena Noite,Decrescente,Céu Claro,Dupla,Curva,Não,2,0,1,0,1,0,1,2,-27.93799097,-48.66317868,SPRF-SC,DEL02-SC,UOP03-DEL02-SC,2023
"514921,0",2023-04-05,quarta-feira,07:10:00,SC,470,"81,9",RODEIO,Velocidade Incompatível,Tombamento,Com Vítimas Feridas,Amanhecer,Decrescente,Céu Claro,Simples,Curva,Não,2,0,1,0,0,1,1,2,-26.950367,-49.325638,SPRF-SC,DEL04-SC,UOP01-DEL04-SC,2023
"514926,0",2023-04-05,quarta-feira,10:10:00,SC,282,"536,0",CHAPECO,Desrespeitar a preferência no cruzamento,Colisão transversal,Com Vítimas Feridas,Pleno dia,Crescente,Sol,Simples,Rotatória;Viaduto,Não,6,0,2,0,3,1,2,3,-27.000408,-52.64717102,SPRF-SC,DEL07-SC,UOP01-DEL07-SC,2023
"514964,0",2023-03-01,quarta-feira,04:20:00,SC,280,"141,0",MAFRA,Condutor Dormindo,Saída de leito carroçável,Com Vítimas Feridas,Amanhecer,Decrescente,Céu Claro,Simples,Declive;Curva,Não,2,0,1,0,0,1,1,2,-26.25591654,-49.62226321,SPRF-SC,DEL06-SC,UOP03-DEL06-SC,2023
"514969,0",2023-04-05,quarta-feira,13:45:00,SC,101,"362,0",SANGAO,Reação tardia ou ineficiente do condutor,Colisão traseira,Com Vítimas Feridas,Pleno dia,Decrescente,Nublado,Dupla,Reta;Aclive,Não,3,0,1,0,0,3,1,4,-28.67136197,-49.12225505,SPRF-SC,DEL02-SC,UOP01-DEL02-SC,2023
"515016,0",2023-04-05,quarta-feira,18:39:00,SC,101,"25,6",JOINVILLE,Acessar a via sem observar a presença dos outros veículos,Colisão lateral mesmo sentido,Sem Vítimas,Plena Noite,Crescente,Nublado,Dupla,Reta;Declive;Interseção de Vias,Sim,2,0,0,0,2,0,0,2,-26.1834739,-48.9105912,SPRF-SC,DEL03-SC,UOP01-DEL03-SC,2023
"515037,0",2023-04-05,quarta-feira,19:00:00,SC,282,"342,0",CAMPOS NOVOS,Reação tardia ou ineficiente do condutor,Colisão traseira,Sem Vítimas,Plena Noite,Decrescente,Céu Claro,Simples,Rotatória,Não,2,0,0,0,2,0,0,2,-27.5306,-51.390224,SPRF-SC,DEL07-SC,UOP06-DEL07-SC,2023
"515048,0",2023-04-05,quarta-feira,20:45:00,SC,101,"291,0",IMBITUBA,Ausência de reação do condutor,Colisão traseira,Com Vítimas Feridas,Plena Noite,Crescente,Céu Claro,Dupla,Reta,Não,2,0,0,1,1,0,1,2,-28.26980586,-48.70081551,SPRF-SC,DEL02-SC,UOP03-DEL02-SC,2023
"515049,0",2023-04-05,quarta-feira,18:35:00,SC,480,"128,9",CHAPECO,Reação tardia ou ineficiente do condutor,Colisão traseira,Com Vítimas Feridas,Plena Noite,Crescente,Chuva,Dupla,Reta,Sim,4,0,1,0,3,0,1,4,-27.04602306,-52.63598621,SPRF-SC,DEL07-SC,UOP01-DEL07-SC,2023
"515063,0",2023-04-05,quarta-feira,23:10:00,SC,101,"276,0",IMBITUBA,Ausência de reação do condutor,Colisão transversal,Com Vítimas Feridas,Plena Noite,Decrescente,Céu Claro,Dupla,Reta;Aclive,Sim,3,0,0,1,1,2,1,4,-28.14644701,-48.69204746,SPRF-SC,DEL02-SC,UOP03-DEL02-SC,2023
"515078,0",2023-04-06,quinta-feira,05:35:00,SC,282,"616,0",IRACEMINHA,Reação tardia ou ineficiente do condutor,Saída de leito carroçável,Com Vítimas Feridas,Amanhecer,Crescente,Chuva,Simples,Rotatória,Não,2,0,1,0,0,1,1,2,-26.781301,-53.27676,SPRF-SC,DEL07-SC,UOP02-DEL07-SC,2023
"515137,0",2023-04-06,quinta-feira,10:00:00,SC,470,"10,4",NAVEGANTES,Reação tardia ou ineficiente do condutor,Colisão traseira,Com Vítimas Feridas,Pleno dia,Decrescente,Garoa/Chuvisco,Dupla,Reta,Não,3,0,1,0,1,1,1,3,-26.833693,-48.73724,SPRF-SC,DEL04-SC,UOP04-DEL04-SC,2023
"515150,0",2023-04-06,quinta-feira,11:30:00,SC,101,"131,0",CAMBORIU,Conversão proibida,Colisão lateral mesmo sentido,Com Vítimas Feridas,Pleno dia,Crescente,Nublado,Múltipla,Reta,Sim,2,0,1,0,1,0,1,2,-26.99064209,-48.66310912,SPRF-SC,DEL04-SC,UOP03-DEL04-SC,2023
"515153,0",2023-04-06,quinta-feira,11:15:00,SC,470,"176,0",POUSO REDONDO,Mal súbito do condutor,Colisão frontal,Com Vítimas Feridas,Pleno dia,Decrescente,Chuva,Simples,Reta,Sim,5,0,3,0,1,1,3,3,-27.254238,-49.948658,SPRF-SC,DEL04-SC,UOP02-DEL04-SC,2023
"515173,0",2023-04-06,quinta-feira,13:50:00,SC,282,"581,0",PINHALZINHO,Acessar a via sem observar a presença dos outros veículos,Colisão transversal,Sem Vítimas,Pleno dia,Crescente,Chuva,Simples,Reta,Sim,2,0,0,0,2,0,0,2,-26.828749,-52.997929,SPRF-SC,DEL07-SC,UOP02-DEL07-SC,2023
"515182,0",2023-04-06,quinta-feira,15:20:00,SC,280,"123,0",RIO NEGRINHO,Frear bruscamente,Colisão traseira,Com Vítimas Feridas,Pleno dia,Crescente,Garoa/Chuvisco,Simples,Declive,Não,2,0,0,1,1,0,1,2,-26.24420169,-49.46557991,SPRF-SC,DEL06-SC,UOP03-DEL06-SC,2023
"515189,0",2023-04-06,quinta-feira,15:06:00,SC,153,"99,5",CONCORDIA,Acessar a via sem observar a presença dos outros veículos,Colisão transversal,Com Vítimas Feridas,Pleno dia,Crescente,Chuva,Simples,Reta,Não,3,0,2,0,1,0,2,2,-27.235508,-51.951069,SPRF-SC,DEL07-SC,UOP04-DEL07-SC,2023
"515200,0",2023-04-06,quinta-feira,16:18:00,SC,101,"157,3",PORTO BELO,Ausência de reação do condutor,Colisão traseira,Com Vítimas Feridas,Pleno dia,Decrescente,Céu Claro,Dupla,Reta,Sim,3,0,1,0,2,0,1,2,-27.181625,-48.6121179,SPRF-SC,DEL04-SC,UOP03-DEL04-SC,2023
"515203,0",2023-04-06,quinta-feira,16:00:00,SC,101,"28,0",JOINVILLE,Reação tardia ou ineficiente do condutor,Colisão traseira,Com Vítimas Feridas,Pleno dia,Crescente,Chuva,Dupla,Declive,Não,8,0,1,0,7,0,1,4,-26.20697505,-48.91482635,SPRF-SC,DEL03-SC,UOP01-DEL03-SC,2023
"515239,0",2023-04-06,quinta-feira,18:35:00,SC,101,"111,0",ITAJAI,Manobra de mudança de faixa,Colisão lateral mesmo sentido,Com Vítimas Feridas,Plena Noite,Crescente,Céu Claro,Dupla,Reta,Sim,4,0,1,0,2,1,1,3,-26.83955734,-48.71418074,SPRF-SC,DEL04-SC,UOP04-DEL04-SC,2023
"515289,0",2023-04-06,quinta-feira,23:20:00,SC,280,"1,5",SAO FRANCISCO DO SUL,Velocidade Incompatível,Colisão frontal,Com Vítimas Feridas,Plena Noite,Crescente,Garoa/Chuvisco,Simples,Curva;Interseção de Vias,Não,4,0,2,0,1,1,2,3,-26.23410956,-48.62310648,SPRF-SC,DEL03-SC,UOP03-DEL03-SC,2023
"515291,0",2023-04-07,sexta-feira,00:05:00,SC,101,"189,0",BIGUACU,Ausência de reação do condutor,Saída de leito carroçável,Com Vítimas Feridas,Plena Noite,Crescente,Chuva,Múltipla,Reta,Não,2,0,1,0,1,0,1,2,-27.459393,-48.638914,SPRF-SC,DEL01-SC,UOP01-DEL01-SC,2023
"515298,0",2023-04-07,sexta-feira,00:05:00,SC,101,"272,9",IMBITUBA,Ingestão de álcool pelo condutor,Colisão com objeto,Com Vítimas Feridas,Plena Noite,Crescente,Garoa/Chuvisco,Múltipla,Reta,Sim,5,0,0,2,2,1,2,4,-28.11780197,-48.69928995,SPRF-SC,DEL02-SC,UOP03-DEL02-SC,2023
"515299,0",2023-04-07,sexta-feira,00:15:00,SC,470,"147,0",RIO DO SUL,Acessar a via sem observar a presença dos outros veículos,Colisão transversal,Com Vítimas Feridas,Plena Noite,Decrescente,Chuva,Simples,Reta,Não,4,0,2,0,1,1,2,3,-27.243439,-49.690025,SPRF-SC,DEL04-SC,UOP02-DEL04-SC,2023
"515314,0",2023-04-07,sexta-feira,03:00:00,SC,470,"60,0",BLUMENAU,Avarias e/ou desgaste excessivo no pneu,Colisão frontal,Com Vítimas Feridas,Plena Noite,Crescente,Garoa/Chuvisco,Simples,Curva,Não,2,0,1,0,1,0,1,2,-26.88138,-49.164543,SPRF-SC,DEL04-SC,UOP01-DEL04-SC,2023
"515812,0",2023-04-09,domingo,08:55:00,SC,101,"4,3",GARUVA,Condutor usando celular,Colisão traseira,Sem Vítimas,Pleno dia,Decrescente,Céu Claro,Dupla,Reta,Não,4,0,0,0,3,2,0,5,-26.00908719,-48.86448735,SPRF-SC,DEL03-SC,UOP01-DEL03-SC,2023
"515855,0",2023-01-06,sexta-feira,19:00:00,SC,101,"384,0",ICARA,Estacionar ou parar em local proibido,Colisão lateral mesmo sentido,Com Vítimas Feridas,Pleno dia,Crescente,Céu Claro,Dupla,Reta;Interseção de Vias,Não,4,0,0,1,2,1,1,4,-28.76851141,-49.3025538,SPRF-SC,DEL02-SC,UOP02-DEL02-SC,2023
"515996,0",2023-04-10,segunda-feira,09:15:00,SC,101,"210,0",SAO JOSE,Entrada inopinada do pedestre,Colisão transversal,Com Vítimas Feridas,Pleno dia,Decrescente,Céu Claro,Dupla,Reta,Sim,4,0,1,0,3,0,1,3,-27.6167305,-48.6457265,SPRF-SC,DEL01-SC,UOP01-DEL01-SC,2023