id,data_inversa,dia_semana,horario,uf,br,km,municipio,causa_acidente,tipo_acidente,classificacao_acidente,fase_dia,sentido_via,condicao_metereologica,tipo_pista,tracado_via,uso_solo,pessoas,mortos,feridos_leves,feridos_graves,ilesos,ignorados,feridos,veiculos,latitude,longitude,regional,delegacia,uop,ano_arquivo
"516064,0",2023-04-10,segunda-feira,15:00:00,SC,101,"376,0",ICARA,Reação tardia ou ineficiente do condutor,Colisão lateral mesmo sentido,Com Vítimas Feridas,Pleno dia,Decrescente,Céu Claro,Dupla,Reta,Sim,4,0,1,0,2,2,1,4,-28.72736111,-49.24066084,SPRF-SC,DEL02-SC,UOP01-DEL02-SC,2023
"516107,0",2023-04-10,segunda-feira,16:20:00,SC,282,"304,8",VARGEM,Demais falhas mecânicas ou elétricas,Tombamento,Com Vítimas Feridas,Pleno dia,Decrescente,Céu Claro,Simples,Curva;Declive,Não,1,0,1,0,0,0,1,1,-27.496103,-50.940418,SPRF-SC,DEL07-SC,UOP06-DEL07-SC,2023
"516208,0",2023-04-07,sexta-feira,07:01:00,SC,470,"180,0",POUSO REDONDO,Acumulo de água sobre o pavimento,Colisão lateral sentido oposto,Com Vítimas Feridas,Pleno dia,Crescente,Garoa/Chuvisco,Simples,Reta,Não,5,0,2,1,2,0,3,3,-27.249525,-49.987041,SPRF-SC,DEL04-SC,UOP02-DEL04-SC,2023
"516214,0",2023-04-11,terça-feira,07:30:00,SC,470,"34,9",GASPAR,Manobra de mudança de faixa,Colisão transversal,Com Vítimas Feridas,Pleno dia,Decrescente,Céu Claro,Simples,Reta,Sim,5,0,2,0,2,1,2,4,-26.91276988,-48.95817968,SPRF-SC,DEL04-SC,UOP01-DEL04-SC,2023
"516233,0",2023-04-03,segunda-feira,04:10:00,SC,116,"127,2",SANTA CECILIA,Transitar na contramão,Colisão lateral sentido oposto,Sem Vítimas,Plena Noite,Crescente,Nublado,Simples,Aclive;Reta,Não,3,0,0,0,3,0,0,2,-26.87270031,-50.41550285,SPRF-SC,DEL06-SC,UOP02-DEL06-SC,2023
"516318,0",2023-04-12,quarta-feira,00:40:00,SC,470,"55,0",BLUMENAU,Ingestão de álcool pelo condutor,Colisão frontal,Sem Vítimas,Plena Noite,Crescente,Céu Claro,Simples,Reta,Sim,4,0,0,0,3,1,0,4,-26.875601,-49.117992,SPRF-SC,DEL04-SC,UOP01-DEL04-SC,2023
"516366,0",2023-04-12,quarta-feira,11:00:00,SC,101,"327,7",CAPIVARI DE BAIXO,Manobra de mudança de faixa,Colisão lateral mesmo sentido,Sem Vítimas,Pleno dia,Crescente,Céu Claro,Dupla,Reta;Aclive,Não,4,0,0,0,2,2,0,3,-28.43023306,-48.95205197,SPRF-SC,DEL02-SC,UOP01-DEL02-SC,2023
"516368,0",2023-04-12,quarta-feira,09:50:00,SC,153,"97,7",CONCORDIA,Entrada inopinada do pedestre,Atropelamento de Pedestre,Com Vítimas Fatais,Pleno dia,Decrescente,Céu Claro,Simples,Curva,Não,2,1,0,0,1,0,0,2,-27.23137,-51.95256,SPRF-SC,DEL07-SC,UOP04-DEL07-SC,2023
"516398,0",2023-04-12,quarta-feira,10:35:00,SC,282,"454,6",PONTE SERRADA,Estacionar ou parar em local proibido,Colisão transversal,Com Vítimas Feridas,Pleno dia,Decrescente,Céu Claro,Simples,Reta,Não,3,0,0,1,1,2,1,4,-26.891756,-51.98447,SPRF-SC,DEL07-SC,UOP04-DEL07-SC,2023
"516440,0",2023-04-12,quarta-feira,10:40:00,SC,163,"106,0",SAO JOSE DO CEDRO,Condutor deixou de manter distância do veículo da frente,Colisão lateral mesmo sentido,Sem Vítimas,Pleno dia,Decrescente,Céu Claro,Simples,Reta;Em Obras,Não,3,0,0,0,1,3,0,4,-26.43752707,-53.51693708,SPRF-SC,DEL07-SC,UOP03-DEL07-SC,2023
"516476,0",2023-04-12,quarta-feira,22:10:00,SC,470,"84,0",RODEIO,Ausência de reação do condutor,Colisão traseira,Com Vítimas Feridas,Plena Noite,Decrescente,Céu Claro,Simples,Reta;Ponte,Sim,3,0,1,0,2,0,1,2,-26.96137,-49.342415,SPRF-SC,DEL04-SC,UOP01-DEL04-SC,2023
"516520,0",2023-04-13,quinta-feira,04:13:00,SC,282,"457,0",PONTE SERRADA,Reação tardia ou ineficiente do condutor,Tombamento,Com Vítimas Feridas,Plena Noite,Crescente,Céu Claro,Simples,Curva,Não,2,0,1,0,0,1,1,2,-26.8886985,-51.98850632,SPRF-SC,DEL07-SC,UOP04-DEL07-SC,2023
"516531,0",2023-04-12,quarta-feira,14:00:00,SC,101,"89,5",BARRA VELHA,Acessar a via sem observar a presença dos outros veículos,Colisão transversal,Com Vítimas Feridas,Pleno dia,Crescente,Céu Claro,Dupla,Reta,Sim,2,0,1,0,1,0,1,2,-26.66118594,-48.68874902,SPRF-SC,DEL03-SC,UOP02-DEL03-SC,2023
"516618,0",2023-04-13,quinta-feira,17:50:00,SC,101,"112,2",ITAJAI,Trafegar com motocicleta (ou similar) entre as faixas,Colisão lateral mesmo sentido,Com Vítimas Fatais,Anoitecer,Crescente,Céu Claro,Múltipla,Reta,Sim,3,1,0,0,1,2,0,4,-26.84589005,-48.72131295,SPRF-SC,DEL04-SC,UOP04-DEL04-SC,2023
"516661,0",2023-04-13,quinta-feira,19:40:00,SC,116,"22,9",ITAIOPOLIS,Demais falhas mecânicas ou elétricas,Colisão com objeto,Com Vítimas Feridas,Plena Noite,Decrescente,Céu Claro,Simples,Reta,Não,7,0,1,0,5,1,1,4,-26.2574752,-49.91194265,SPRF-SC,DEL06-SC,UOP01-DEL06-SC,2023
"516679,0",2023-04-14,sexta-feira,04:45:00,SC,101,"87,9",BARRA VELHA,Problema com o freio,Incêndio,Sem Vítimas,Plena Noite,Decrescente,Chuva,Múltipla,Declive;Viaduto;Curva,Sim,2,0,0,0,1,1,0,2,-26.63713377,-48.69651057,SPRF-SC,DEL03-SC,UOP02-DEL03-SC,2023
"516680,0",2023-04-14,sexta-feira,05:00:00,SC,470,"57,0",BLUMENAU,Ausência de reação do condutor,Colisão traseira,Com Vítimas Feridas,Plena Noite,Crescente,Chuva,Simples,Declive;Reta,Não,2,0,1,0,0,1,1,2,-26.880428,-49.136532,SPRF-SC,DEL04-SC,UOP01-DEL04-SC,2023
"516685,0",2023-04-14,sexta-feira,05:35:00,SC,470,"43,8",BLUMENAU,Velocidade Incompatível,Colisão lateral mesmo sentido,Com Vítimas Feridas,Amanhecer,Crescente,Garoa/Chuvisco,Dupla,Reta;Em Obras,Não,3,0,1,0,1,1,1,3,-26.874519,-49.013454,SPRF-SC,DEL04-SC,UOP01-DEL04-SC,2023
"516686,0",2023-04-14,sexta-feira,01:00:00,SC,280,"22,0",ARAQUARI,Ultrapassagem Indevida,Colisão transversal,Com Vítimas Feridas,Plena Noite,Decrescente,Garoa/Chuvisco,Simples,Reta,Não,3,0,0,1,1,1,1,3,-26.37092616,-48.70204099,SPRF-SC,DEL03-SC,UOP03-DEL03-SC,2023
"516694,0",2023-04-14,sexta-feira,06:30:00,SC,101,"374,5",ICARA,Ausência de reação do condutor,Saída de leito carroçável,Com Vítimas Feridas,Pleno dia,Crescente,Chuva,Dupla,Reta,Não,2,0,1,0,0,1,1,2,-28.71534412,-49.22723198,SPRF-SC,DEL02-SC,UOP01-DEL02-SC,2023
"516710,0",2023-04-14,sexta-feira,01:00:00,SC,280,"220,0",TRES BARRAS,Velocidade Incompatível,Tombamento,Sem Vítimas,Plena Noite,Decrescente,Chuva,Simples,Rotatória,Não,1,0,0,0,1,0,0,1,-26.17118856,-50.26466388,SPRF-SC,DEL06-SC,UOP04-DEL06-SC,2023
"516742,0",2023-04-14,sexta-feira,06:45:00,SC,163,"88,0",GUARACIABA,Ausência de reação do condutor,Colisão frontal,Com Vítimas Fatais,Amanhecer,Decrescente,Nevoeiro/Neblina,Simples,Reta;Em Obras;Aclive,Não,6,1,0,1,3,1,1,3,-26.58133127,-53.51676464,SPRF-SC,DEL07-SC,UOP03-DEL07-SC,2023
"516747,0",2023-04-14,sexta-feira,11:00:00,SC,101,"85,0",BARRA VELHA,Condutor deixou de manter distância do veículo da frente,Engavetamento,Sem Vítimas,Pleno dia,Decrescente,Chuva,Múltipla,Reta,Não,5,0,0,0,5,0,0,5,-26.62840879,-48.70813584,SPRF-SC,DEL03-SC,UOP02-DEL03-SC,2023
"516782,0",2023-04-14,sexta-feira,08:20:00,SC,470,"132,6",RIO DO SUL,Mal súbito do condutor,Colisão frontal,Com Vítimas Feridas,Pleno dia,Decrescente,Chuva,Simples,Reta,Não,3,0,0,2,0,1,2,3,-27.170237,-49.574718,SPRF-SC,DEL04-SC,UOP02-DEL04-SC,2023
"516872,0",2023-04-14,sexta-feira,20:00:00,SC,101,"318,0",PESCARIA BRAVA,Reação tardia ou ineficiente do condutor,Colisão traseira,Com Vítimas Feridas,Plena Noite,Decrescente,Chuva,Dupla,Reta,Sim,7,0,1,0,5,1,1,6,-28.4266481,-48.86160099,SPRF-SC,DEL02-SC,UOP01-DEL02-SC,2023
"517061,0",2023-04-15,sábado,19:00:00,SC,116,"138,0",SANTA CECILIA,Ausência de reação do condutor,Saída de leito carroçável,Sem Vítimas,Plena Noite,Decrescente,Garoa/Chuvisco,Simples,Reta,Sim,1,0,0,0,1,0,0,1,-26.95365013,-50.42351412,SPRF-SC,DEL06-SC,UOP02-DEL06-SC,2023
"517103,0",2023-04-16,domingo,03:10:00,SC,101,"421,0",ARARANGUA,Ausência de reação do condutor,Saída de leito carroçável,Sem Vítimas,Plena Noite,Crescente,Céu Claro,Simples,Reta,Não,2,0,0,0,1,1,0,2,-29.00475967,-49.56366599,SPRF-SC,DEL02-SC,UOP02-DEL02-SC,2023
"517108,0",2023-04-16,domingo,03:30:00,SC,101,"138,6",BALNEARIO CAMBORIU,Problema na suspensão,Tombamento,Sem Vítimas,Amanhecer,Crescente,Céu Claro,Simples,Aclive;Curva,Não,2,0,0,0,1,1,0,2,-27.028689,-48.60460997,SPRF-SC,DEL04-SC,UOP03-DEL04-SC,2023
"517175,0",2023-04-16,domingo,12:15:00,SC,101,"276,9",IMBITUBA,Manobra de mudança de faixa,Colisão lateral mesmo sentido,Com Vítimas Feridas,Pleno dia,Decrescente,Céu Claro,Múltipla,Reta,Não,5,0,2,0,3,0,2,2,-28.16648225,-48.69407773,SPRF-SC,DEL02-SC,UOP03-DEL02-SC,2023
"517185,0",2023-04-16,domingo,10:20:00,SC,101,"310,0",LAGUNA,Ausência de reação do condutor,Colisão traseira,Com Vítimas Fatais,Pleno dia,Crescente,Céu Claro,Dupla,Reta,Não,4,1,0,0,2,1,0,4,-28.434328,-48.806946,SPRF-SC,DEL02-SC,UOP01-DEL02-SC,2023
"517236,0",2023-04-16,domingo,17:30:00,SC,470,"116,0",IBIRAMA,Retorno proibido,Colisão transversal,Com Vítimas Feridas,Pleno dia,Decrescente,Nublado,Simples,Curva;Declive;Interseção de Vias,Sim,3,0,0,1,1,1,1,3,-27.07917874,-49.49904084,SPRF-SC,DEL04-SC,UOP02-DEL04-SC,2023
"517252,0",2023-03-29,quarta-feira,20:15:00,SC,116,"124,8",SANTA CECILIA,Manobra de mudança de faixa,Colisão frontal,Com Vítimas Feridas,Plena Noite,Crescente,Chuva,Simples,Curva,Não,4,0,1,2,0,2,3,4,-26.85025694,-50.40504834,SPRF-SC,DEL06-SC,UOP02-DEL06-SC,2023
"517255,0",2023-04-16,domingo,10:50:00,SC,116,"107,7",MONTE CASTELO,Ausência de reação do condutor,Tombamento,Com Vítimas Feridas,Pleno dia,Decrescente,Nublado,Simples,Curva;Declive,Não,2,0,1,0,0,1,1,2,-26.75568818,-50.32812388,SPRF-SC,DEL06-SC,UOP02-DEL06-SC,2023
"517265,0",2023-04-16,domingo,15:30:00,SC,282,"58,7",IRANI,Desrespeitar a preferência no cruzamento,Colisão transversal,Com Vítimas Feridas,Pleno dia,Decrescente,Chuva,Simples,Interseção de Vias,Não,2,0,1,0,1,0,1,2,-26.96950769,-51.85409546,SPRF-SC,DEL01-SC,UOP03-DEL01-SC,2023
"517285,0",2023-04-16,domingo,22:15:00,SC,282,"541,5",CHAPECO,Transitar na contramão,Colisão frontal,Com Vítimas Feridas,Plena Noite,Decrescente,Chuva,Simples,Reta,Não,2,0,1,1,0,0,2,2,-26.997713,-52.699165,SPRF-SC,DEL07-SC,UOP01-DEL07-SC,2023
"517310,0",2023-04-16,domingo,23:40:00,SC,101,"276,4",IMBITUBA,Reação tardia ou ineficiente do condutor,Colisão traseira,Com Vítimas Feridas,Plena Noite,Decrescente,Chuva,Múltipla,Reta,Não,3,0,1,0,1,3,1,5,-28.16285965,-48.69347692,SPRF-SC,DEL02-SC,UOP03-DEL02-SC,2023
"517357,0",2023-04-17,segunda-feira,07:40:00,SC,280,"131,4",RIO NEGRINHO,Velocidade Incompatível,Tombamento,Com Vítimas Feridas,Pleno dia,Crescente,Chuva,Simples,Interseção de Vias;Rotatória,Sim,1,0,1,0,0,0,1,1,-26.26790314,-49.55407977,SPRF-SC,DEL06-SC,UOP03-DEL06-SC,2023
"517408,0",2023-04-17,segunda-feira,11:59:00,SC,101,"24,8",JOINVILLE,Velocidade Incompatível,Engavetamento,Com Vítimas Feridas,Pleno dia,Decrescente,Nublado,Dupla,Reta,Sim,7,0,1,0,5,2,1,7,-26.17483309,-48.90767978,SPRF-SC,DEL03-SC,UOP01-DEL03-SC,2023
"517426,0",2023-04-17,segunda-feira,14:30:00,SC,280,"8,4",SAO FRANCISCO DO SUL,Acessar a via sem observar a presença dos outros veículos,Colisão traseira,Com Vítimas Feridas,Pleno dia,Decrescente,Nublado,Simples,Reta,Sim,2,0,1,0,1,0,1,2,-26.27887292,-48.64668626,SPRF-SC,DEL03-SC,UOP03-DEL03-SC,2023
"517444,0",2023-04-17,segunda-feira,16:15:00,SC,101,"114,0",ITAJAI,Acessar a via sem observar a presença dos outros veículos,Colisão traseira,Com Vítimas Feridas,Pleno dia,Crescente,Céu Claro,Múltipla,Reta,Sim,4,0,1,0,2,2,1,4,-26.86192886,-48.7286704,SPRF-SC,DEL04-SC,UOP04-DEL04-SC,2023
"517470,0",2023-04-17,segunda-feira,17:20:00,SC,116,"247,0",LAGES,Acessar a via sem observar a presença dos outros veículos,Colisão transversal,Com Vítimas Feridas,Anoitecer,Crescente,Nublado,Simples,Reta;Interseção de Vias,Sim,6,0,0,1,5,0,1,3,-27.81262488,-50.36859817,SPRF-SC,DEL05-SC,UOP02-DEL05-SC,2023
"517485,0",2023-04-17,segunda-feira,18:00:00,SC,470,"54,0",BLUMENAU,Ultrapassagem Indevida,Colisão lateral mesmo sentido,Com Vítimas Feridas,Anoitecer,Decrescente,Nublado,Simples,Reta,Não,3,0,0,1,1,1,1,3,-26.871065,-49.110374,SPRF-SC,DEL04-SC,UOP01-DEL04-SC,2023
"517601,0",2023-02-13,segunda-feira,02:06:00,SC,101,"354,0",SANGAO,Ausência de reação do condutor,Colisão traseira,Com Vítimas Fatais,Plena Noite,Decrescente,Céu Claro,Dupla,Reta;Aclive,Não,47,1,0,1,44,1,1,3,-28.61806302,-49.07013199,SPRF-SC,DEL02-SC,UOP01-DEL02-SC,2023
"517718,0",2023-04-19,quarta-feira,01:45:00,SC,470,"38,3",GASPAR,Demais falhas mecânicas ou elétricas,Tombamento,Sem Vítimas,Plena Noite,Crescente,Nublado,Simples,Desvio Temporário,Não,1,0,0,0,1,0,0,1,-26.904108,-48.980164,SPRF-SC,DEL04-SC,UOP01-DEL04-SC,2023
"517749,0",2023-01-04,quarta-feira,16:00:00,SC,101,"266,0",PAULO LOPES,Condutor deixou de manter distância do veículo da frente,Colisão traseira,Com Vítimas Feridas,Pleno dia,Decrescente,Céu Claro,Dupla,Reta,Não,7,0,2,0,4,2,2,7,-28.06001385,-48.71690948,SPRF-SC,DEL02-SC,UOP03-DEL02-SC,2023
"517763,0",2023-03-06,segunda-feira,17:10:00,SC,470,"97,8",APIUNA,Reação tardia ou ineficiente do condutor,Colisão traseira,Com Vítimas Feridas,Pleno dia,Crescente,Ignorado,Simples,Interseção de Vias;Reta,Sim,2,0,1,0,1,0,1,2,-27.03289916,-49.38612076,SPRF-SC,DEL04-SC,UOP01-DEL04-SC,2023
"517844,0",2023-04-19,quarta-feira,14:40:00,SC,470,"145,6",RIO DO SUL,Condutor deixou de manter distância do veículo da frente,Colisão traseira,Com Vítimas Feridas,Pleno dia,Decrescente,Nublado,Simples,Reta,Sim,2,0,1,0,1,0,1,2,-27.237301,-49.682217,SPRF-SC,DEL04-SC,UOP02-DEL04-SC,2023
"517853,0",2023-02-24,sexta-feira,09:10:00,SC,280,"285,6",IRINEOPOLIS,Velocidade Incompatível,Tombamento,Com Vítimas Fatais,Pleno dia,Decrescente,Céu Claro,Simples,Declive;Curva,Não,2,1,0,0,0,1,0,2,-26.29239616,-50.87751706,SPRF-SC,DEL06-SC,UOP04-DEL06-SC,2023
"517975,0",2023-04-20,quinta-feira,09:22:00,SC,101,"213,0",PALHOCA,Acessar a via sem observar a presença dos outros veículos,Colisão lateral mesmo sentido,Com Vítimas Feridas,Pleno dia,Decrescente,Céu Claro,Múltipla,Reta,Não,3,0,1,0,1,2,1,4,-27.63697369,-48.66514142,SPRF-SC,DEL01-SC,UOP02-DEL01-SC,2023
"518012,0",2023-04-20,quinta-feira,13:15:00,SC,280,"52,6",GUARAMIRIM,Ausência de reação do condutor,Colisão traseira,Com Vítimas Feridas,Pleno dia,Decrescente,Céu Claro,Dupla,Reta;Em Obras,Não,3,0,1,0,2,0,1,3,-26.468904,-48.96492,SPRF-SC,DEL03-SC,UOP03-DEL03-SC,2023
"518018,0",2023-04-20,quinta-feira,13:20:00,SC,282,"211,0",LAGES,Velocidade Incompatível,Colisão traseira,Com Vítimas Feridas,Pleno dia,Crescente,Céu Claro,Simples,Reta;Aclive,Não,3,0,0,1,1,1,1,3,-27.780222,-50.241741,SPRF-SC,DEL05-SC,UOP01-DEL05-SC,2023
"518047,0",2023-04-20,quinta-feira,16:15:00,SC,101,"214,0",PALHOCA,Acessar a via sem observar a presença dos outros veículos,Colisão lateral mesmo sentido,Com Vítimas Feridas,Pleno dia,Crescente,Céu Claro,Múltipla,Reta,Não,3,0,1,0,1,1,1,3,-27.64443,-48.67057,SPRF-SC,DEL01-SC,UOP02-DEL01-SC,2023
"518068,0",2023-04-20,quinta-feira,17:30:00,SC,101,"29,8",JOINVILLE,Ingestão de álcool pelo condutor,Engavetamento,Com Vítimas Feridas,Pleno dia,Crescente,Sol,Dupla,Reta,Sim,5,0,1,0,3,1,1,4,-26.211903,-48.91589904,SPRF-SC,DEL03-SC,UOP01-DEL03-SC,2023
"518084,0",2023-04-20,quinta-feira,15:15:00,SC,116,"87,4",MONTE CASTELO,Ultrapassagem Indevida,Colisão lateral mesmo sentido,Com Vítimas Feridas,Pleno dia,Decrescente,Céu Claro,Simples,Ponte,Não,4,0,1,0,2,1,1,3,-26.61710581,-50.23483816,SPRF-SC,DEL06-SC,UOP02-DEL06-SC,2023
"518106,0",2023-04-20,quinta-feira,19:00:00,SC,101,"133,0",BALNEARIO CAMBORIU,Ausência de reação do condutor,Colisão traseira,Sem Vítimas,Plena Noite,Decrescente,Céu Claro,Múltipla,Reta,Sim,3,0,0,0,2,1,0,3,-26.99936,-48.64609,SPRF-SC,DEL04-SC,UOP03-DEL04-SC,2023
"518135,0",2023-04-20,quinta-feira,16:59:00,SC,470,"56,3",BLUMENAU,Entrada inopinada do pedestre,Atropelamento de Pedestre,Com Vítimas Fatais,Pleno dia,Decrescente,Céu Claro,Simples,Reta;Aclive,Sim,3,1,0,0,1,1,0,3,-26.87846604,-49.13323229,SPRF-SC,DEL04-SC,UOP01-DEL04-SC,2023
"518139,0",2023-04-20,quinta-feira,21:37:00,SC,101,"200,3",SAO JOSE,Condutor deixou de manter distância do veículo da frente,Colisão traseira,Com Vítimas Feridas,Pleno dia,Crescente,Céu Claro,Múltipla,Curva,Sim,3,0,1,0,1,2,1,4,-27.54018513,-48.62287714,SPRF-SC,DEL01-SC,UOP01-DEL01-SC,2023
"518286,0",2023-04-21,sexta-feira,14:00:00,SC,101,"160,0",PORTO BELO,Condutor deixou de manter distância do veículo da frente,Colisão traseira,Com Vítimas Feridas,Pleno dia,Decrescente,Céu Claro,Dupla,Reta,Não,4,0,1,0,2,1,1,4,-27.20831288,-48.61987922,SPRF-SC,DEL04-SC,UOP03-DEL04-SC,2023
"518298,0",2023-04-21,sexta-feira,11:35:00,SC,163,"122,8",DIONISIO CERQUEIRA,Velocidade Incompatível,Atropelamento de Pedestre,Com Vítimas Fatais,Pleno dia,Decrescente,Céu Claro,Simples,Declive;Em Obras;Curva,Não,4,1,0,0,2,2,0,4,-26.3036993,-53.5519147,SPRF-SC,DEL07-SC,UOP03-DEL07-SC,2023
"518344,0",2023-04-21,sexta-feira,19:00:00,SC,116,"166,0",PONTE ALTA DO NORTE,Transitar na contramão,Colisão lateral sentido oposto,Sem Vítimas,Plena Noite,Crescente,Nublado,Simples,Curva,Sim,2,0,0,0,2,0,0,2,-27.16000685,-50.46631231,SPRF-SC,DEL05-SC,UOP03-DEL05-SC,2023
"518374,0",2023-04-21,sexta-feira,19:30:00,SC,470,"194,5",POUSO REDONDO,Reação tardia ou ineficiente do condutor,Incêndio,Sem Vítimas,Plena Noite,Decrescente,Céu Claro,Simples,Declive;Curva,Não,2,0,0,0,1,1,0,2,-27.300501,-50.080284,SPRF-SC,DEL04-SC,UOP02-DEL04-SC,2023
"518398,0",2023-04-22,sábado,02:00:00,SC,280,"25,0",ARAQUARI,Ultrapassagem Indevida,Colisão frontal,Com Vítimas Feridas,Plena Noite,Crescente,Garoa/Chuvisco,Simples,Reta,Sim,4,0,2,0,1,2,2,4,-26.38352781,-48.72677516,SPRF-SC,DEL03-SC,UOP03-DEL03-SC,2023
"518427,0",2023-04-22,sábado,07:15:00,SC,101,"39,0",JOINVILLE,Demais falhas mecânicas ou elétricas,Incêndio,Sem Vítimas,Pleno dia,Crescente,Céu Claro,Dupla,Reta,Sim,1,0,0,0,1,0,0,1,-26.2628107,-48.90192257,SPRF-SC,DEL03-SC,UOP01-DEL03-SC,2023
"518476,0",2023-04-22,sábado,10:40:00,SC,163,"1,2",DIONISIO CERQUEIRA,Desrespeitar a preferência no cruzamento,Colisão transversal,Com Vítimas Feridas,Pleno dia,Decrescente,Céu Claro,Simples,Rotatória;Interseção de Vias;Reta,Sim,3,0,0,1,1,1,1,3,-26.26603666,-53.62578034,SPRF-SC,DEL07-SC,UOP03-DEL07-SC,2023
"518779,0",2023-04-24,segunda-feira,00:30:00,SC,101,"106,5",PENHA,Ausência de reação do condutor,Queda de ocupante de veículo,Com Vítimas Fatais,Plena Noite,Decrescente,Nublado,Dupla,Reta,Não,4,1,0,0,2,2,0,5,-26.8151808,-48.6832731,SPRF-SC,DEL03-SC,UOP02-DEL03-SC,2023
"518789,0",2023-04-23,domingo,23:50:00,SC,280,"151,4",MAFRA,Ausência de reação do condutor,Colisão traseira,Com Vítimas Feridas,Plena Noite,Decrescente,Céu Claro,Simples,Reta;Aclive,Não,2,0,1,0,1,0,1,2,-26.22094357,-49.71300602,SPRF-SC,DEL06-SC,UOP03-DEL06-SC,2023
"518796,0",2023-04-24,segunda-feira,02:55:00,SC,101,"197,8",BIGUACU,Manobra de mudança de faixa,Colisão lateral mesmo sentido,Com Vítimas Feridas,Plena Noite,Crescente,Nublado,Múltipla,Reta;Declive,Não,5,0,4,0,0,1,4,4,-27.51844497,-48.63848496,SPRF-SC,DEL01-SC,UOP01-DEL01-SC,2023
"518889,0",2023-04-24,segunda-feira,12:20:00,SC,101,"283,8",IMBITUBA,Manobra de mudança de faixa,Colisão lateral mesmo sentido,Com Vítimas Feridas,Pleno dia,Crescente,Céu Claro,Dupla,Reta,Não,3,0,1,0,1,1,1,3,-28.20457404,-48.6984006,SPRF-SC,DEL02-SC,UOP03-DEL02-SC,2023
"518904,0",2023-03-22,quarta-feira,12:20:00,SC,282,"620,0",IRACEMINHA,Reação tardia ou ineficiente do condutor,Colisão traseira,Com Vítimas Feridas,Pleno dia,Decrescente,Céu Claro,Dupla,Curva,Não,3,0,1,0,1,3,1,5,-26.799355,-53.308002,SPRF-SC,DEL07-SC,UOP02-DEL07-SC,2023
"518947,0",2023-04-24,segunda-feira,15:30:00,SC,470,"50,0",BLUMENAU,Velocidade Incompatível,Colisão traseira,Com Vítimas Feridas,Pleno dia,Crescente,Céu Claro,Dupla,Reta,Sim,3,0,1,1,1,0,2,3,-26.859768,-49.074493,SPRF-SC,DEL04-SC,UOP01-DEL04-SC,2023
"518962,0",2023-04-24,segunda-feira,16:15:00,SC,470,"126,7",LONTRAS,Ausência de reação do condutor,Colisão transversal,Com Vítimas Feridas,Pleno dia,Decrescente,Nublado,Simples,Reta,Sim,4,0,2,0,1,1,2,3,-27.13658544,-49.54309344,SPRF-SC,DEL04-SC,UOP02-DEL04-SC,2023
"518966,0",2023-04-24,segunda-feira,18:15:00,SC,280,"168,8",MAFRA,Acessar a via sem observar a presença dos outros veículos,Colisão lateral mesmo sentido,Com Vítimas Feridas,Plena Noite,Crescente,Céu Claro,Simples,Interseção de Vias;Rotatória;Viaduto,Sim,3,0,1,0,1,2,1,4,-26.1395085,-49.81254816,SPRF-SC,DEL06-SC,UOP01-DEL06-SC,2023
"519048,0",2023-04-25,terça-feira,07:40:00,SC,470,"146,0",RIO DO SUL,Demais falhas mecânicas ou elétricas,Colisão traseira,Com Vítimas Feridas,Pleno dia,Decrescente,Nublado,Simples,Curva,Sim,3,0,1,0,2,0,1,2,-27.240673,-49.685822,SPRF-SC,DEL04-SC,UOP02-DEL04-SC,2023
"519171,0",2023-04-25,terça-feira,17:50:00,SC,282,"222,0",LAGES,Ingestão de álcool pelo condutor,Tombamento,Com Vítimas Feridas,Anoitecer,Decrescente,Nublado,Simples,Declive;Curva,Sim,3,0,1,0,1,1,1,2,-27.797739,-50.353409,SPRF-SC,DEL05-SC,UOP01-DEL05-SC,2023
"519263,0",2023-04-26,quarta-feira,08:00:00,SC,280,"29,7",ARAQUARI,Ultrapassagem Indevida,Colisão lateral sentido oposto,Com Vítimas Fatais,Pleno dia,Crescente,Garoa/Chuvisco,Simples,Reta,Sim,4,1,0,0,2,3,0,6,-26.4136069,-48.759616,SPRF-SC,DEL03-SC,UOP03-DEL03-SC,2023
"519297,0",2023-04-11,terça-feira,08:00:00,SC,282,"22,0",SANTO AMARO DA IMPERATRIZ,Reação tardia ou ineficiente do condutor,Colisão com objeto,Sem Vítimas,Pleno dia,Crescente,Céu Claro,Simples,Curva,Sim,1,0,0,0,1,0,0,1,-27.683958,-48.71006,SPRF-SC,DEL01-SC,UOP02-DEL01-SC,2023
"519311,0",2023-04-26,quarta-feira,12:20:00,SC,101,"150,0",ITAPEMA,Reação tardia ou ineficiente do condutor,Colisão traseira,Com Vítimas Feridas,Pleno dia,Crescente,Sol,Múltipla,Reta,Sim,3,0,1,0,1,1,1,3,-27.11744799,-48.60940987,SPRF-SC,DEL04-SC,UOP03-DEL04-SC,2023
"519338,0",2023-04-26,quarta-feira,14:00:00,SC,470,"138,0",RIO DO SUL,Ausência de reação do condutor,Colisão lateral sentido oposto,Com Vítimas Feridas,Pleno dia,Crescente,Céu Claro,Simples,Aclive;Reta,Sim,3,0,2,0,1,0,2,2,-27.207214,-49.648476,SPRF-SC,DEL04-SC,UOP02-DEL04-SC,2023