id,data_inversa,dia_semana,horario,uf,br,km,municipio,causa_acidente,tipo_acidente,classificacao_acidente,fase_dia,sentido_via,condicao_metereologica,tipo_pista,tracado_via,uso_solo,pessoas,mortos,feridos_leves,feridos_graves,ilesos,ignorados,feridos,veiculos,latitude,longitude,regional,delegacia,uop,ano_arquivo
"519364,0",2023-04-26,quarta-feira,18:30:00,SC,101,"26,0",JOINVILLE,Acessar a via sem observar a presença dos outros veículos,Colisão lateral mesmo sentido,Sem Vítimas,Plena Noite,Crescente,Céu Claro,Dupla,Reta,Não,3,0,0,0,2,1,0,3,-26.1933,-48.9122,SPRF-SC,DEL03-SC,UOP01-DEL03-SC,2023
"519395,0",2023-04-26,quarta-feira,21:15:00,SC,101,"213,2",PALHOCA,Manobra de mudança de faixa,Colisão lateral mesmo sentido,Com Vítimas Fatais,Plena Noite,Crescente,Céu Claro,Múltipla,Reta;Aclive,Não,2,1,0,0,0,1,0,2,-27.638847,-48.666362,SPRF-SC,DEL01-SC,UOP02-DEL01-SC,2023
"519457,0",2023-03-22,quarta-feira,16:15:00,SC,116,"278,0",CAPAO ALTO,Retorno proibido,Colisão transversal,Com Vítimas Feridas,Pleno dia,Crescente,Nublado,Simples,Reta,Não,2,0,1,0,1,0,1,2,-28.02261627,-50.55760353,SPRF-SC,DEL05-SC,UOP02-DEL05-SC,2023
"519459,0",2023-04-27,quinta-feira,07:34:00,SC,470,"134,0",RIO DO SUL,Reação tardia ou ineficiente do condutor,Colisão traseira,Com Vítimas Feridas,Pleno dia,Crescente,Céu Claro,Simples,Reta,Sim,2,0,1,0,1,0,1,2,-27.181854,-49.600128,SPRF-SC,DEL04-SC,UOP02-DEL04-SC,2023
"519545,0",2023-04-27,quinta-feira,16:11:00,SC,116,"62,5",PAPANDUVA,Condutor deixou de manter distância do veículo da frente,Colisão traseira,Com Vítimas Fatais,Pleno dia,Decrescente,Céu Claro,Simples,Reta;Declive,Não,2,1,0,0,1,0,0,2,-26.4023634,-50.2261588,SPRF-SC,DEL06-SC,UOP02-DEL06-SC,2023
"519688,0",2023-04-12,quarta-feira,22:20:00,SC,101,"137,7",BALNEARIO CAMBORIU,Desvio temporário,Colisão traseira,Com Vítimas Fatais,Plena Noite,Crescente,Céu Claro,Múltipla,Reta,Sim,3,2,0,0,1,0,0,2,-27.0213651,-48.60899806,SPRF-SC,DEL04-SC,UOP03-DEL04-SC,2023
"519715,0",2023-02-25,sábado,05:50:00,SC,101,"280,9",IMBITUBA,Acessar a via sem observar a presença dos outros veículos,Colisão lateral mesmo sentido,Sem Vítimas,Pleno dia,Crescente,Céu Claro,Dupla,Reta,Não,3,0,0,0,2,1,0,3,-28.17962805,-48.6956297,SPRF-SC,DEL02-SC,UOP03-DEL02-SC,2023
"519762,0",2023-04-28,sexta-feira,13:40:00,SC,101,"205,0",SAO JOSE,Manobra de mudança de faixa,Colisão lateral mesmo sentido,Com Vítimas Feridas,Pleno dia,Decrescente,Céu Claro,Múltipla,Interseção de Vias;Reta,Sim,4,0,1,0,2,1,1,4,-27.58313237,-48.61532885,SPRF-SC,DEL01-SC,UOP01-DEL01-SC,2023
"519876,0",2023-04-29,sábado,00:00:00,SC,470,"110,0",APIUNA,Transitar na contramão,Colisão frontal,Com Vítimas Feridas,Plena Noite,Crescente,Céu Claro,Simples,Reta,Não,2,0,1,0,1,0,1,2,-27.086622,-49.458096,SPRF-SC,DEL04-SC,UOP02-DEL04-SC,2023
"519882,0",2023-04-29,sábado,02:30:00,SC,101,"204,9",SAO JOSE,Pedestre andava na pista,Atropelamento de Pedestre,Com Vítimas Fatais,Plena Noite,Decrescente,Céu Claro,Dupla,Reta,Sim,3,1,0,0,1,1,0,3,-27.5830796,-48.6151489,SPRF-SC,DEL01-SC,UOP01-DEL01-SC,2023
"519907,0",2023-04-29,sábado,05:30:00,SC,116,"124,1",SANTA CECILIA,Condutor Dormindo,Colisão lateral sentido oposto,Com Vítimas Feridas,Plena Noite,Crescente,Nublado,Simples,Curva,Não,2,0,1,0,1,0,1,2,-26.85025694,-50.40504834,SPRF-SC,DEL06-SC,UOP02-DEL06-SC,2023
"519913,0",2023-04-29,sábado,05:30:00,SC,470,"2,0",NAVEGANTES,Condutor Dormindo,Tombamento,Sem Vítimas,Amanhecer,Decrescente,Céu Claro,Dupla,Reta;Em Obras,Sim,2,0,0,0,1,1,0,2,-26.87132003,-48.67243767,SPRF-SC,DEL04-SC,UOP04-DEL04-SC,2023
"519932,0",2023-04-25,terça-feira,20:40:00,SC,282,"517,6",XAXIM,Velocidade Incompatível,Colisão lateral sentido oposto,Com Vítimas Feridas,Pleno dia,Crescente,Chuva,Simples,Curva,Não,3,0,1,0,1,4,1,6,-26.93876687,-52.5000242,SPRF-SC,DEL07-SC,UOP01-DEL07-SC,2023
"519963,0",2023-04-29,sábado,11:56:00,SC,101,"214,8",PALHOCA,Manobra de mudança de faixa,Colisão lateral mesmo sentido,Com Vítimas Feridas,Pleno dia,Decrescente,Céu Claro,Múltipla,Reta,Não,3,0,1,1,1,0,2,2,-27.64443,-48.67057,SPRF-SC,DEL01-SC,UOP02-DEL01-SC,2023
"520166,0",2023-04-30,domingo,08:00:00,SC,101,"85,0",BARRA VELHA,Ausência de reação do condutor,Colisão traseira,Com Vítimas Feridas,Pleno dia,Crescente,Sol,Múltipla,Reta,Sim,4,0,1,0,0,3,1,3,-26.62840879,-48.70813584,SPRF-SC,DEL03-SC,UOP02-DEL03-SC,2023
"520175,0",2023-04-30,domingo,10:30:00,SC,101,"56,0",JOINVILLE,Manobra de mudança de faixa,Colisão traseira,Com Vítimas Feridas,Pleno dia,Decrescente,Sol,Dupla,Declive;Interseção de Vias,Não,2,0,1,0,1,0,1,2,-26.43207484,-48.82263984,SPRF-SC,DEL03-SC,UOP01-DEL03-SC,2023
"520282,0",2023-04-30,domingo,16:15:00,SC,101,"308,0",LAGUNA,Ausência de reação do condutor,Atropelamento de Pedestre,Com Vítimas Feridas,Pleno dia,Decrescente,Céu Claro,Simples,Reta,Sim,2,0,0,1,0,1,1,2,-28.42295479,-48.79866779,SPRF-SC,DEL02-SC,UOP01-DEL02-SC,2023
"520430,0",2023-05-01,segunda-feira,16:30:00,SC,480,"125,0",CHAPECO,Manobra de mudança de faixa,Colisão lateral mesmo sentido,Com Vítimas Feridas,Pleno dia,Crescente,Céu Claro,Dupla,Reta,Não,17,0,2,0,14,1,2,8,-27.01164515,-52.63953123,SPRF-SC,DEL07-SC,UOP01-DEL07-SC,2023
"520441,0",2023-05-01,segunda-feira,17:30:00,SC,282,"538,7",CHAPECO,Ingestão de álcool pelo condutor,Colisão lateral sentido oposto,Com Vítimas Feridas,Pleno dia,Decrescente,Céu Claro,Simples,Curva,Não,4,0,0,1,2,1,1,3,-26.996157,-52.676411,SPRF-SC,DEL07-SC,UOP01-DEL07-SC,2023
"520482,0",2023-05-01,segunda-feira,21:26:00,SC,101,"27,0",JOINVILLE,Desrespeitar a preferência no cruzamento,Colisão transversal,Com Vítimas Feridas,Plena Noite,Decrescente,Nublado,Simples,Rotatória,Não,4,0,2,0,1,2,2,4,-26.20130351,-48.91331794,SPRF-SC,DEL03-SC,UOP01-DEL03-SC,2023
"520516,0",2023-05-01,segunda-feira,22:50:00,SC,470,"54,0",BLUMENAU,Pedestre cruzava a pista fora da faixa,Atropelamento de Pedestre,Com Vítimas Feridas,Plena Noite,Crescente,Céu Claro,Simples,Rotatória,Sim,2,0,0,1,1,0,1,2,-26.871065,-49.110374,SPRF-SC,DEL04-SC,UOP01-DEL04-SC,2023
"520587,0",2023-05-02,terça-feira,10:11:00,SC,101,"168,0",TIJUCAS,Entrada inopinada do pedestre,Atropelamento de Pedestre,Com Vítimas Feridas,Pleno dia,Decrescente,Céu Claro,Dupla,Reta,Sim,3,0,0,1,1,1,1,3,-27.283412,-48.631072,SPRF-SC,DEL04-SC,UOP03-DEL04-SC,2023
"520594,0",2023-05-02,terça-feira,10:40:00,SC,101,"87,3",BARRA VELHA,Manobra de mudança de faixa,Colisão lateral mesmo sentido,Sem Vítimas,Pleno dia,Crescente,Sol,Simples,Curva,Não,3,0,0,0,2,1,0,3,-26.63713377,-48.69651057,SPRF-SC,DEL03-SC,UOP02-DEL03-SC,2023
"520809,0",2023-05-03,quarta-feira,11:40:00,SC,116,"64,2",PAPANDUVA,Conversão proibida,Colisão traseira,Com Vítimas Feridas,Pleno dia,Decrescente,Sol,Simples,Aclive;Reta,Não,3,0,0,1,1,1,1,3,-26.41544499,-50.22732716,SPRF-SC,DEL06-SC,UOP02-DEL06-SC,2023
"520835,0",2023-05-03,quarta-feira,18:00:00,SC,101,"125,0",ITAJAI,Acessar a via sem observar a presença dos outros veículos,Colisão traseira,Com Vítimas Feridas,Plena Noite,Crescente,Céu Claro,Múltipla,Reta,Não,3,0,1,0,1,2,1,4,-26.94802427,-48.68338515,SPRF-SC,DEL04-SC,UOP04-DEL04-SC,2023
"520844,0",2023-04-08,sábado,17:30:00,SC,470,"47,0",GASPAR,Transitar na contramão,Colisão frontal,Com Vítimas Fatais,Pleno dia,Crescente,Nublado,Simples,Curva;Em Obras,Sim,3,1,0,0,1,1,0,3,-26.864044,-49.046516,SPRF-SC,DEL04-SC,UOP01-DEL04-SC,2023
"520850,0",2023-05-03,quarta-feira,18:45:00,SC,101,"29,0",JOINVILLE,Manobra de mudança de faixa,Colisão lateral mesmo sentido,Com Vítimas Feridas,Anoitecer,Crescente,Céu Claro,Dupla,Reta,Não,3,0,1,0,1,1,1,3,-26.20697505,-48.91482635,SPRF-SC,DEL03-SC,UOP01-DEL03-SC,2023
"520853,0",2023-05-03,quarta-feira,18:50:00,SC,282,"580,4",PINHALZINHO,Demais falhas mecânicas ou elétricas,Colisão traseira,Com Vítimas Feridas,Plena Noite,Decrescente,Garoa/Chuvisco,Simples,Reta,Sim,3,0,1,0,1,2,1,4,-26.832148,-52.994308,SPRF-SC,DEL07-SC,UOP02-DEL07-SC,2023
"520887,0",2023-05-03,quarta-feira,18:40:00,SC,116,"254,7",LAGES,Desrespeitar a preferência no cruzamento,Colisão transversal,Com Vítimas Fatais,Plena Noite,Crescente,Chuva,Simples,Em Obras;Reta;Aclive,Não,4,1,1,0,1,1,1,3,-27.8714138,-50.3998573,SPRF-SC,DEL05-SC,UOP02-DEL05-SC,2023
"520904,0",2023-05-04,quinta-feira,02:30:00,SC,282,"351,8",CAMPOS NOVOS,Desrespeitar a preferência no cruzamento,Colisão transversal,Com Vítimas Feridas,Plena Noite,Crescente,Chuva,Simples,Rotatória,Não,3,0,1,0,1,1,1,3,-27.361374,-51.301975,SPRF-SC,DEL07-SC,UOP06-DEL07-SC,2023
"520909,0",2023-05-04,quinta-feira,04:40:00,SC,282,"20,3",PALHOCA,Demais falhas mecânicas ou elétricas,Colisão com objeto,Sem Vítimas,Plena Noite,Crescente,Garoa/Chuvisco,Simples,Declive;Interseção de Vias,Sim,1,0,0,0,1,0,0,1,-27.68907,-48.717541,SPRF-SC,DEL01-SC,UOP02-DEL01-SC,2023
"520926,0",2023-05-04,quinta-feira,04:00:00,SC,470,"143,0",RIO DO SUL,Acessar a via sem observar a presença dos outros veículos,Colisão transversal,Com Vítimas Feridas,Plena Noite,Crescente,Nublado,Simples,Reta;Interseção de Vias,Sim,4,0,2,0,1,3,2,5,-27.22133795,-49.66101408,SPRF-SC,DEL04-SC,UOP02-DEL04-SC,2023
"520981,0",2023-05-04,quinta-feira,13:00:00,SC,470,"138,0",RIO DO SUL,Desrespeitar a preferência no cruzamento,Colisão transversal,Com Vítimas Feridas,Pleno dia,Crescente,Nublado,Simples,Retorno Regulamentado;Interseção de Vias,Sim,2,0,0,1,1,0,1,2,-27.207214,-49.648476,SPRF-SC,DEL04-SC,UOP02-DEL04-SC,2023
"521021,0",2023-05-04,quinta-feira,17:00:00,SC,101,"112,0",ITAJAI,Trafegar com motocicleta (ou similar) entre as faixas,Colisão lateral mesmo sentido,Com Vítimas Feridas,Anoitecer,Decrescente,Céu Claro,Dupla,Reta,Não,2,0,1,0,0,1,1,2,-26.84589005,-48.72131295,SPRF-SC,DEL04-SC,UOP04-DEL04-SC,2023
"521081,0",2023-05-05,sexta-feira,04:35:00,SC,101,"135,0",BALNEARIO CAMBORIU,Ingestão de substâncias psicoativas pelo condutor,Colisão traseira,Com Vítimas Feridas,Plena Noite,Decrescente,Ignorado,Dupla,Reta,Sim,2,0,0,1,1,0,1,2,-27.0050108,-48.62677494,SPRF-SC,DEL04-SC,UOP03-DEL04-SC,2023
"521095,0",2023-05-05,sexta-feira,00:37:00,SC,470,"138,0",RIO DO SUL,Transitar na contramão,Colisão frontal,Sem Vítimas,Plena Noite,Crescente,Garoa/Chuvisco,Dupla,Reta,Sim,2,0,0,0,2,0,0,2,-27.207214,-49.648476,SPRF-SC,DEL04-SC,UOP02-DEL04-SC,2023
"521191,0",2023-05-05,sexta-feira,16:00:00,SC,101,"38,0",JOINVILLE,Desrespeitar a preferência no cruzamento,Colisão transversal,Com Vítimas Feridas,Pleno dia,Crescente,Céu Claro,Múltipla,Interseção de Vias;Viaduto,Sim,3,0,2,0,1,0,2,2,-26.29662403,-48.8839674,SPRF-SC,DEL03-SC,UOP01-DEL03-SC,2023
"521200,0",2023-02-21,terça-feira,04:05:00,SC,101,"33,0",JOINVILLE,Avarias e/ou desgaste excessivo no pneu,Tombamento,Com Vítimas Feridas,Plena Noite,Crescente,Ignorado,Múltipla,Curva,Sim,2,0,1,0,0,1,1,2,-26.24804386,-48.91001701,SPRF-SC,DEL03-SC,UOP01-DEL03-SC,2023
"521279,0",2023-05-05,sexta-feira,21:45:00,SC,282,"408,6",CATANDUVAS,Ultrapassagem Indevida,Colisão transversal,Com Vítimas Fatais,Plena Noite,Crescente,Céu Claro,Simples,Reta,Não,5,1,0,1,2,1,1,4,-27.07876798,-51.66333675,SPRF-SC,DEL07-SC,UOP05-DEL07-SC,2023
"521375,0",2023-05-06,sábado,11:45:00,SC,101,"31,1",JOINVILLE,Manobra de mudança de faixa,Colisão com objeto,Com Vítimas Feridas,Pleno dia,Crescente,Céu Claro,Dupla,Reta,Sim,4,0,1,0,2,1,1,3,-26.22195899,-48.91634925,SPRF-SC,DEL03-SC,UOP01-DEL03-SC,2023
"521378,0",2023-05-06,sábado,11:40:00,SC,101,"213,0",PALHOCA,Acumulo de areia ou detritos sobre o pavimento,Derramamento de carga,Com Vítimas Feridas,Pleno dia,Decrescente,Céu Claro,Dupla,Reta,Sim,3,0,1,0,1,2,1,4,-27.64327581,-48.66951942,SPRF-SC,DEL01-SC,UOP02-DEL01-SC,2023
"521423,0",2023-05-06,sábado,15:54:00,SC,101,"136,0",BALNEARIO CAMBORIU,Velocidade Incompatível,Colisão traseira,Com Vítimas Fatais,Pleno dia,Decrescente,Céu Claro,Múltipla,Curva,Sim,5,1,1,1,1,2,2,6,-27.008113,-48.617245,SPRF-SC,DEL04-SC,UOP03-DEL04-SC,2023
"521462,0",2023-05-06,sábado,18:13:00,SC,101,"429,7",SOMBRIO,Ultrapassagem Indevida,Colisão lateral sentido oposto,Com Vítimas Feridas,Plena Noite,Decrescente,Céu Claro,Simples,Interseção de Vias;Declive,Não,5,0,1,0,3,2,1,4,-29.04753891,-49.61825012,SPRF-SC,DEL02-SC,UOP02-DEL02-SC,2023
"521552,0",2023-05-07,domingo,06:15:00,SC,101,"151,0",ITAPEMA,Manobra de mudança de faixa,Colisão lateral mesmo sentido,Com Vítimas Feridas,Pleno dia,Crescente,Céu Claro,Múltipla,Reta,Sim,7,0,0,4,2,1,4,4,-27.126536,-48.609642,SPRF-SC,DEL04-SC,UOP03-DEL04-SC,2023
"521573,0",2023-05-07,domingo,08:40:00,SC,101,"330,0",TUBARAO,Velocidade Incompatível,Colisão com objeto,Com Vítimas Feridas,Pleno dia,Decrescente,Céu Claro,Dupla,Reta,Não,7,0,1,0,5,1,1,4,-28.45115639,-48.97286879,SPRF-SC,DEL02-SC,UOP01-DEL02-SC,2023
"521588,0",2023-05-07,domingo,06:00:00,SC,116,"118,0",SANTA CECILIA,Neblina,Colisão traseira,Com Vítimas Feridas,Amanhecer,Crescente,Nevoeiro/Neblina,Simples,Aclive,Não,2,0,1,0,0,1,1,2,-26.82166766,-50.35753411,SPRF-SC,DEL06-SC,UOP02-DEL06-SC,2023
"521699,0",2023-05-08,segunda-feira,01:15:00,SC,101,"357,0",SANGAO,Condutor Dormindo,Tombamento,Com Vítimas Feridas,Plena Noite,Crescente,Céu Claro,Simples,Curva,Não,2,0,1,0,0,1,1,2,-28.64189953,-49.10036802,SPRF-SC,DEL02-SC,UOP01-DEL02-SC,2023
"521709,0",2023-05-08,segunda-feira,03:00:00,SC,101,"338,0",TUBARAO,Ausência de reação do condutor,Tombamento,Com Vítimas Feridas,Plena Noite,Crescente,Nublado,Dupla,Reta,Sim,2,0,1,0,0,1,1,2,-28.485725,-49.03726,SPRF-SC,DEL02-SC,UOP01-DEL02-SC,2023
"521782,0",2023-05-08,segunda-feira,08:30:00,SC,280,"225,0",TRES BARRAS,Reação tardia ou ineficiente do condutor,Colisão traseira,Com Vítimas Feridas,Pleno dia,Crescente,Céu Claro,Simples,Reta;Declive;Em Obras,Não,4,0,1,0,2,1,1,3,-26.17875971,-50.31308811,SPRF-SC,DEL06-SC,UOP04-DEL06-SC,2023
"521817,0",2023-05-08,segunda-feira,15:40:00,SC,280,"167,1",MAFRA,Pedestre andava na pista,Atropelamento de Pedestre,Com Vítimas Feridas,Pleno dia,Crescente,Céu Claro,Simples,Reta,Sim,3,0,1,0,1,1,1,3,-26.16857105,-49.81820938,SPRF-SC,DEL06-SC,UOP01-DEL06-SC,2023
"521822,0",2023-05-08,segunda-feira,15:30:00,SC,101,"117,0",ITAJAI,Ausência de reação do condutor,Colisão traseira,Com Vítimas Feridas,Pleno dia,Decrescente,Nublado,Simples,Interseção de Vias,Sim,3,0,1,1,1,0,2,2,-26.88747187,-48.72252969,SPRF-SC,DEL04-SC,UOP04-DEL04-SC,2023
"521863,0",2023-05-08,segunda-feira,18:22:00,SC,470,"9,2",NAVEGANTES,Manobra de mudança de faixa,Colisão lateral mesmo sentido,Com Vítimas Feridas,Anoitecer,Crescente,Céu Claro,Dupla,Reta,Não,2,0,1,0,1,0,1,2,-26.833143,-48.727432,SPRF-SC,DEL04-SC,UOP04-DEL04-SC,2023
"521871,0",2023-05-08,segunda-feira,19:00:00,SC,282,"41,0",AGUAS MORNAS,Pedestre cruzava a pista fora da faixa,Atropelamento de Pedestre,Com Vítimas Feridas,Plena Noite,Decrescente,Céu Claro,Simples,Reta,Sim,2,0,0,1,1,0,1,2,-27.715973,-48.878979,SPRF-SC,DEL01-SC,UOP03-DEL01-SC,2023
"521897,0",2023-05-08,segunda-feira,14:22:00,SC,282,"595,0",SAUDADES,Ultrapassagem Indevida,Colisão frontal,Com Vítimas Feridas,Pleno dia,Decrescente,Céu Claro,Simples,Curva;Declive,Não,4,0,1,2,0,4,3,6,-26.82897,-53.118107,SPRF-SC,DEL07-SC,UOP02-DEL07-SC,2023
"521954,0",2023-05-09,terça-feira,09:25:00,SC,101,"223,9",PALHOCA,Avarias e/ou desgaste excessivo no pneu,Colisão com objeto,Com Vítimas Feridas,Pleno dia,Decrescente,Céu Claro,Dupla,Reta,Não,2,0,0,1,1,0,1,2,-27.71552634,-48.64881251,SPRF-SC,DEL01-SC,UOP02-DEL01-SC,2023
"522027,0",2023-05-09,terça-feira,17:34:00,SC,101,"206,0",SAO JOSE,Trafegar com motocicleta (ou similar) entre as faixas,Colisão lateral mesmo sentido,Com Vítimas Feridas,Anoitecer,Crescente,Céu Claro,Dupla,Reta,Sim,2,0,1,0,1,0,1,2,-27.59193546,-48.61824557,SPRF-SC,DEL01-SC,UOP01-DEL01-SC,2023
"522028,0",2023-05-09,terça-feira,06:55:00,SC,282,"471,4",PONTE SERRADA,Transitar na contramão,Colisão frontal,Com Vítimas Fatais,Pleno dia,Decrescente,Céu Claro,Simples,Reta,Não,3,1,0,1,0,1,1,3,-26.8574106,-52.1130433,SPRF-SC,DEL07-SC,UOP01-DEL07-SC,2023
"522034,0",2023-05-09,terça-feira,17:45:00,SC,101,"463,0",PASSO DE TORRES,Velocidade Incompatível,Colisão lateral mesmo sentido,Com Vítimas Feridas,Anoitecer,Crescente,Nublado,Dupla,Viaduto,Não,3,0,1,0,2,0,1,2,-29.28473398,-49.75620716,SPRF-RS,DEL03-RS,UOP02-DEL03-RS,2023
"522041,0",2023-05-09,terça-feira,18:20:00,SC,470,"135,0",RIO DO SUL,Reação tardia ou ineficiente do condutor,Colisão transversal,Com Vítimas Feridas,Anoitecer,Crescente,Céu Claro,Dupla,Reta,Sim,2,0,0,1,1,0,1,2,-27.188492,-49.61232,SPRF-SC,DEL04-SC,UOP02-DEL04-SC,2023
"522052,0",2023-05-09,terça-feira,18:35:00,SC,116,"245,6",LAGES,Desrespeitar a preferência no cruzamento,Colisão transversal,Sem Vítimas,Plena Noite,Decrescente,Céu Claro,Simples,Interseção de Vias;Rotatória,Sim,3,0,0,0,2,1,0,3,-27.80015299,-50.36353827,SPRF-SC,DEL05-SC,UOP02-DEL05-SC,2023
"522064,0",2023-05-09,terça-feira,21:00:00,SC,116,"234,0",CORREIA PINTO,Ingestão de álcool pelo condutor,Colisão lateral sentido oposto,Sem Vítimas,Plena Noite,Decrescente,Nevoeiro/Neblina,Dupla,Curva,Não,4,0,0,0,4,0,0,2,-27.69306795,-50.33623941,SPRF-SC,DEL05-SC,UOP01-DEL05-SC,2023
"522112,0",2023-04-29,sábado,17:10:00,SC,282,"541,6",CHAPECO,Condutor deixou de manter distância do veículo da frente,Colisão traseira,Sem Vítimas,Pleno dia,Decrescente,Céu Claro,Simples,Curva,Não,3,0,0,0,3,0,0,2,-26.99732699,-52.70291269,SPRF-SC,DEL07-SC,UOP01-DEL07-SC,2023
"522115,0",2023-05-10,quarta-feira,08:30:00,SC,282,"518,8",XAXIM,Avarias e/ou desgaste excessivo no pneu,Saída de leito carroçável,Com Vítimas Feridas,Pleno dia,Decrescente,Nevoeiro/Neblina,Simples,Reta;Declive,Não,1,0,1,0,0,0,1,1,-26.944099,-52.508427,SPRF-SC,DEL07-SC,UOP01-DEL07-SC,2023
"522150,0",2023-05-10,quarta-feira,10:35:00,SC,282,"547,4",CHAPECO,Velocidade Incompatível,Colisão transversal,Sem Vítimas,Pleno dia,Crescente,Sol,Simples,Interseção de Vias,Não,2,0,0,0,2,0,0,2,-26.973904,-52.745403,SPRF-SC,DEL07-SC,UOP01-DEL07-SC,2023
"522206,0",2023-05-10,quarta-feira,18:30:00,SC,101,"131,0",BALNEARIO CAMBORIU,Acessar a via sem observar a presença dos outros veículos,Colisão transversal,Com Vítimas Feridas,Plena Noite,Crescente,Céu Claro,Múltipla,Reta,Sim,3,0,1,0,2,0,1,2,-26.99064209,-48.66310912,SPRF-SC,DEL04-SC,UOP03-DEL04-SC,2023
"522246,0",2023-05-11,quinta-feira,03:20:00,SC,101,"401,6",MARACAJA,Condutor Dormindo,Colisão traseira,Com Vítimas Feridas,Plena Noite,Crescente,Nublado,Dupla,Reta,Não,3,0,1,0,1,2,1,4,-28.85594274,-49.44019434,SPRF-SC,DEL02-SC,UOP02-DEL02-SC,2023
"522268,0",2023-05-11,quinta-feira,08:00:00,SC,101,"94,5",BARRA VELHA,Condutor deixou de manter distância do veículo da frente,Colisão traseira,Com Vítimas Feridas,Pleno dia,Crescente,Sol,Múltipla,Reta,Não,3,0,1,0,2,0,1,3,-26.69940401,-48.69902784,SPRF-SC,DEL03-SC,UOP02-DEL03-SC,2023
"522299,0",2023-03-26,domingo,03:43:00,SC,282,"418,1",VARGEM BONITA,Reação tardia ou ineficiente do condutor,Colisão transversal,Com Vítimas Feridas,Plena Noite,Crescente,Nublado,Simples,Curva,Não,4,0,2,0,1,1,2,3,-27.024965,-51.730766,SPRF-SC,DEL07-SC,UOP05-DEL07-SC,2023
"522300,0",2023-05-11,quinta-feira,08:58:00,SC,101,"308,0",LAGUNA,Ausência de reação do condutor,Colisão traseira,Com Vítimas Feridas,Pleno dia,Crescente,Céu Claro,Dupla,Reta;Aclive,Não,3,0,1,1,0,1,2,3,-28.399616,-48.7854,SPRF-SC,DEL02-SC,UOP01-DEL02-SC,2023
"522306,0",2023-05-11,quinta-feira,08:40:00,SC,470,"282,0",BRUNOPOLIS,Reação tardia ou ineficiente do condutor,Tombamento,Com Vítimas Feridas,Pleno dia,Crescente,Nevoeiro/Neblina,Simples,Curva,Não,2,0,1,0,0,1,1,2,-27.334911,-50.882519,SPRF-SC,DEL07-SC,UOP06-DEL07-SC,2023
"522338,0",2023-05-11,quinta-feira,08:00:00,SC,101,"399,5",MARACAJA,Ausência de reação do condutor,Colisão traseira,Com Vítimas Feridas,Pleno dia,Crescente,Céu Claro,Múltipla,Reta,Não,3,0,1,0,1,5,1,7,-28.84171475,-49.42814418,SPRF-SC,DEL02-SC,UOP02-DEL02-SC,2023
"522352,0",2023-05-09,terça-feira,14:30:00,SC,282,"392,0",JOACABA,Condutor deixou de manter distância do veículo da frente,Engavetamento,Sem Vítimas,Pleno dia,Decrescente,Céu Claro,Simples,Reta;Aclive,Não,6,0,0,0,6,0,0,3,-27.164942,-51.56567,SPRF-SC,DEL07-SC,UOP05-DEL07-SC,2023
"522392,0",2023-05-11,quinta-feira,17:05:00,SC,280,"120,5",SAO BENTO DO SUL,Acessar a via sem observar a presença dos outros veículos,Colisão transversal,Com Vítimas Feridas,Pleno dia,Crescente,Céu Claro,Simples,Rotatória,Não,3,0,1,0,1,1,1,3,-26.2454265,-49.46036339,SPRF-SC,DEL06-SC,UOP03-DEL06-SC,2023
"522433,0",2023-05-11,quinta-feira,16:45:00,SC,153,"36,7",PONTE SERRADA,Ultrapassagem Indevida,Colisão frontal,Com Vítimas Feridas,Pleno dia,Decrescente,Céu Claro,Simples,Reta;Declive,Não,6,0,3,1,1,1,4,4,-26.821478,-51.720905,SPRF-SC,DEL07-SC,UOP07-DEL07-SC,2023
"522469,0",2023-05-05,sexta-feira,21:45:00,SC,282,"408,5",CATANDUVAS,Reação tardia ou ineficiente do condutor,Colisão traseira,Com Vítimas Feridas,Plena Noite,Decrescente,Céu Claro,Simples,Reta;Declive,Sim,4,0,2,0,2,0,2,2,-27.074812,-51.663269,SPRF-SC,DEL07-SC,UOP05-DEL07-SC,2023
"522504,0",2023-05-12,sexta-feira,08:05:00,SC,480,"129,7",CHAPECO,Ultrapassagem Indevida,Colisão frontal,Com Vítimas Feridas,Pleno dia,Decrescente,Céu Claro,Múltipla,Aclive,Sim,3,0,1,0,2,0,1,3,-27.04656607,-52.63577131,SPRF-SC,DEL07-SC,UOP01-DEL07-SC,2023
"522585,0",2023-05-12,sexta-feira,16:30:00,SC,101,"118,9",ITAJAI,Trafegar com motocicleta (ou similar) entre as faixas,Colisão lateral mesmo sentido,Com Vítimas Feridas,Pleno dia,Crescente,Nublado,Múltipla,Reta,Sim,2,0,1,0,1,0,1,2,-26.895859,-48.71903,SPRF-SC,DEL04-SC,UOP04-DEL04-SC,2023
"522615,0",2023-05-12,sexta-feira,19:15:00,SC,101,"201,4",SAO JOSE,Ausência de reação do condutor,Colisão lateral mesmo sentido,Com Vítimas Feridas,Plena Noite,Crescente,Céu Claro,Dupla,Reta,Sim,2,0,1,0,1,0,1,2,-27.54836599,-48.61977975,SPRF-SC,DEL01-SC,UOP01-DEL01-SC,2023
"522675,0",2023-05-13,sábado,02:00:00,SC,470,"125,0",LONTRAS,Condutor Dormindo,Saída de leito carroçável,Com Vítimas Feridas,Plena Noite,Decrescente,Céu Claro,Simples,Reta,Sim,5,0,2,0,2,1,2,3,-27.120506,-49.534946,SPRF-SC,DEL04-SC,UOP02-DEL04-SC,2023