id,data_inversa,dia_semana,horario,uf,br,km,municipio,causa_acidente,tipo_acidente,classificacao_acidente,fase_dia,sentido_via,condicao_metereologica,tipo_pista,tracado_via,uso_solo,pessoas,mortos,feridos_leves,feridos_graves,ilesos,ignorados,feridos,veiculos,latitude,longitude,regional,delegacia,uop,ano_arquivo
"522695,0",2023-05-13,sábado,05:20:00,SC,282,"538,2",CHAPECO,Ingestão de álcool pelo condutor,Colisão frontal,Com Vítimas Feridas,Plena Noite,Crescente,Céu Claro,Simples,Reta,Não,2,0,1,0,1,0,1,2,-26.998323,-52.673199,SPRF-SC,DEL07-SC,UOP01-DEL07-SC,2023
"522717,0",2023-05-06,sábado,00:05:00,SC,101,"203,4",SAO JOSE,Manobra de mudança de faixa,Colisão lateral mesmo sentido,Com Vítimas Feridas,Plena Noite,Crescente,Nublado,Múltipla,Reta,Sim,4,0,0,1,2,1,1,3,-27.5650044,-48.61460082,SPRF-SC,DEL01-SC,UOP01-DEL01-SC,2023
"522728,0",2023-05-13,sábado,07:20:00,SC,282,"47,5",AGUAS MORNAS,Condutor deixou de manter distância do veículo da frente,Tombamento,Com Vítimas Feridas,Pleno dia,Crescente,Nublado,Simples,Curva,Não,2,0,0,1,1,0,1,2,-27.721771,-48.934837,SPRF-SC,DEL01-SC,UOP03-DEL01-SC,2023
"522765,0",2023-05-13,sábado,08:55:00,SC,116,"15,3",MAFRA,Manobra de mudança de faixa,Colisão lateral mesmo sentido,Com Vítimas Feridas,Pleno dia,Decrescente,Céu Claro,Simples,Reta,Não,6,0,1,0,5,0,1,2,-26.20122513,-49.88054366,SPRF-SC,DEL06-SC,UOP01-DEL06-SC,2023
"522814,0",2023-05-13,sábado,16:20:00,SC,282,"595,0",SAUDADES,Manobra de mudança de faixa,Colisão lateral mesmo sentido,Com Vítimas Feridas,Pleno dia,Decrescente,Sol,Simples,Reta,Não,3,0,1,1,1,0,2,2,-26.82897,-53.118107,SPRF-SC,DEL07-SC,UOP02-DEL07-SC,2023
"522868,0",2023-05-13,sábado,18:30:00,SC,116,"243,7",LAGES,Pedestre andava na pista,Atropelamento de Pedestre,Com Vítimas Fatais,Plena Noite,Crescente,Nublado,Simples,Reta,Não,3,1,0,0,1,1,0,3,-27.7855346,-50.3522065,SPRF-SC,DEL05-SC,UOP01-DEL05-SC,2023
"522951,0",2023-05-13,sábado,21:35:00,SC,101,"439,1",SOMBRIO,Condutor deixou de manter distância do veículo da frente,Colisão traseira,Com Vítimas Feridas,Plena Noite,Decrescente,Céu Claro,Múltipla,Reta,Não,3,0,0,2,0,1,2,2,-29.12381624,-49.65693799,SPRF-SC,DEL02-SC,UOP02-DEL02-SC,2023
"523227,0",2023-05-15,segunda-feira,07:40:00,SC,282,"2,9",FLORIANOPOLIS,Manobra de mudança de faixa,Colisão lateral sentido oposto,Com Vítimas Feridas,Pleno dia,Decrescente,Céu Claro,Dupla,Reta,Sim,3,0,0,1,2,0,1,3,-27.603289,-48.590416,SPRF-SC,DEL01-SC,UOP01-DEL01-SC,2023
"523308,0",2023-05-15,segunda-feira,16:25:00,SC,101,"107,9",PENHA,Condutor usando celular,Engavetamento,Com Vítimas Feridas,Pleno dia,Crescente,Céu Claro,Dupla,Reta,Não,3,0,0,1,2,0,1,3,-26.81930608,-48.68390282,SPRF-SC,DEL03-SC,UOP02-DEL03-SC,2023
"523346,0",2023-05-15,segunda-feira,19:15:00,SC,282,"489,7",FAXINAL DOS GUEDES,Ingestão de álcool pelo condutor,Colisão lateral sentido oposto,Sem Vítimas,Plena Noite,Decrescente,Céu Claro,Simples,Reta,Sim,3,0,0,0,2,2,0,4,-26.86628022,-52.27235913,SPRF-SC,DEL07-SC,UOP01-DEL07-SC,2023
"523458,0",2023-05-14,domingo,18:50:00,SC,470,"56,0",BLUMENAU,Entrada inopinada do pedestre,Atropelamento de Pedestre,Com Vítimas Feridas,Plena Noite,Crescente,Céu Claro,Simples,Reta,Não,4,0,0,2,1,1,2,3,-26.87674,-49.127743,SPRF-SC,DEL04-SC,UOP01-DEL04-SC,2023
"523508,0",2023-05-16,terça-feira,19:10:00,SC,116,"31,8",ITAIOPOLIS,Ultrapassagem Indevida,Colisão lateral sentido oposto,Sem Vítimas,Plena Noite,Decrescente,Nublado,Simples,Reta,Não,3,0,0,0,1,2,0,3,-26.31708989,-49.97099106,SPRF-SC,DEL06-SC,UOP01-DEL06-SC,2023
"523525,0",2023-05-16,terça-feira,22:00:00,SC,282,"493,8",XANXERE,Ingestão de álcool pelo condutor,Saída de leito carroçável,Com Vítimas Feridas,Plena Noite,Crescente,Céu Claro,Simples,Reta,Não,2,0,0,1,1,0,1,2,-26.869814,-52.310135,SPRF-SC,DEL07-SC,UOP01-DEL07-SC,2023
"523534,0",2023-05-16,terça-feira,22:35:00,SC,470,"333,0",CAMPOS NOVOS,Ausência de reação do condutor,Colisão lateral sentido oposto,Sem Vítimas,Plena Noite,Crescente,Céu Claro,Simples,Reta,Não,2,0,0,0,2,0,0,2,-27.48765,-51.322021,SPRF-SC,DEL07-SC,UOP06-DEL07-SC,2023
"523556,0",2023-05-17,quarta-feira,07:20:00,SC,470,"48,7",BLUMENAU,Ausência de reação do condutor,Colisão traseira,Com Vítimas Feridas,Amanhecer,Decrescente,Céu Claro,Simples,Em Obras;Reta,Sim,3,0,1,0,1,1,1,3,-26.859823,-49.055393,SPRF-SC,DEL04-SC,UOP01-DEL04-SC,2023
"523569,0",2023-05-05,sexta-feira,08:00:00,SC,470,"7,0",NAVEGANTES,Condutor deixou de manter distância do veículo da frente,Colisão lateral mesmo sentido,Com Vítimas Feridas,Pleno dia,Crescente,Sol,Simples,Em Obras;Desvio Temporário,Não,2,0,1,0,1,0,1,2,-26.84499,-48.71505,SPRF-SC,DEL04-SC,UOP04-DEL04-SC,2023
"523598,0",2023-05-17,quarta-feira,11:00:00,SC,101,"336,0",TUBARAO,Acesso irregular,Colisão transversal,Com Vítimas Feridas,Pleno dia,Crescente,Céu Claro,Dupla,Reta,Sim,2,0,1,0,1,0,1,2,-28.47311347,-49.02437375,SPRF-SC,DEL02-SC,UOP01-DEL02-SC,2023
"523604,0",2023-05-17,quarta-feira,11:20:00,SC,282,"59,0",RANCHO QUEIMADO,Ausência de reação do condutor,Colisão transversal,Com Vítimas Feridas,Pleno dia,Decrescente,Céu Claro,Simples,Interseção de Vias,Sim,6,0,2,0,4,0,2,2,-27.677965,-49.011559,SPRF-SC,DEL01-SC,UOP03-DEL01-SC,2023
"523620,0",2023-05-17,quarta-feira,13:15:00,SC,101,"228,0",PALHOCA,Ultrapassagem Indevida,Colisão lateral mesmo sentido,Sem Vítimas,Pleno dia,Crescente,Céu Claro,Dupla,Reta,Não,3,0,0,0,2,1,0,3,-27.7597249,-48.63078869,SPRF-SC,DEL01-SC,UOP02-DEL01-SC,2023
"523679,0",2023-05-10,quarta-feira,07:00:00,SC,101,"163,0",TIJUCAS,Condutor desrespeitou a iluminação vermelha do semáforo,Colisão transversal,Com Vítimas Feridas,Pleno dia,Decrescente,Céu Claro,Dupla,Viaduto,Sim,2,0,1,0,1,0,1,2,-27.23461699,-48.63039809,SPRF-SC,DEL04-SC,UOP03-DEL04-SC,2023
"523753,0",2023-05-18,quinta-feira,06:15:00,SC,470,"170,0",POUSO REDONDO,Ausência de reação do condutor,Colisão lateral sentido oposto,Com Vítimas Feridas,Pleno dia,Decrescente,Céu Claro,Simples,Reta;Declive,Não,43,0,2,0,40,1,2,2,-27.265903,-49.892441,SPRF-SC,DEL04-SC,UOP02-DEL04-SC,2023
"523776,0",2023-05-18,quinta-feira,10:45:00,SC,470,"56,0",BLUMENAU,Acessar a via sem observar a presença dos outros veículos,Colisão transversal,Com Vítimas Feridas,Pleno dia,Crescente,Céu Claro,Simples,Reta,Não,2,0,1,0,1,0,1,2,-26.87674,-49.127743,SPRF-SC,DEL04-SC,UOP01-DEL04-SC,2023
"523795,0",2023-05-18,quinta-feira,11:50:00,SC,282,"32,0",SANTO AMARO DA IMPERATRIZ,Desrespeitar a preferência no cruzamento,Colisão transversal,Com Vítimas Feridas,Pleno dia,Decrescente,Céu Claro,Simples,Reta;Rotatória,Sim,3,0,1,0,1,1,1,3,-27.70444657,-48.80484223,SPRF-SC,DEL01-SC,UOP03-DEL01-SC,2023
"523796,0",2023-05-18,quinta-feira,07:35:00,SC,282,"537,4",CHAPECO,Reação tardia ou ineficiente do condutor,Colisão frontal,Com Vítimas Fatais,Pleno dia,Decrescente,Céu Claro,Simples,Curva;Declive,Não,3,2,0,0,1,0,0,2,-26.99975512,-52.66759336,SPRF-SC,DEL07-SC,UOP01-DEL07-SC,2023
"523813,0",2023-04-23,domingo,17:30:00,SC,101,"403,0",MARACAJA,Reação tardia ou ineficiente do condutor,Colisão traseira,Com Vítimas Feridas,Pleno dia,Crescente,Céu Claro,Dupla,Reta,Não,2,0,1,0,1,0,1,2,-28.87065022,-49.45169172,SPRF-SC,DEL02-SC,UOP02-DEL02-SC,2023
"523932,0",2023-05-19,sexta-feira,06:40:00,SC,101,"215,8",PALHOCA,Mal súbito do condutor,Colisão com objeto,Com Vítimas Feridas,Pleno dia,Decrescente,Céu Claro,Múltipla,Reta;Interseção de Vias,Sim,2,0,1,0,0,1,1,2,-27.65184843,-48.67604941,SPRF-SC,DEL01-SC,UOP02-DEL01-SC,2023
"523933,0",2023-04-01,sábado,20:05:00,SC,101,"200,0",SAO JOSE,Frear bruscamente,Colisão traseira,Sem Vítimas,Plena Noite,Decrescente,Céu Claro,Dupla,Reta,Sim,4,0,0,0,3,1,0,3,-27.54018513,-48.62287714,SPRF-SC,DEL01-SC,UOP01-DEL01-SC,2023
"523943,0",2023-05-16,terça-feira,06:30:00,SC,101,"261,0",PAULO LOPES,Condutor Dormindo,Saída de leito carroçável,Com Vítimas Feridas,Amanhecer,Crescente,Céu Claro,Dupla,Reta,Não,2,0,1,0,0,1,1,2,-28.02774,-48.704035,SPRF-SC,DEL02-SC,UOP03-DEL02-SC,2023
"523976,0",2023-05-19,sexta-feira,08:37:00,SC,280,"194,3",MAFRA,Acessar a via sem observar a presença dos outros veículos,Colisão lateral mesmo sentido,Com Vítimas Feridas,Pleno dia,Crescente,Nevoeiro/Neblina,Simples,Curva;Declive,Não,2,0,0,1,1,0,1,2,-26.17982857,-50.01575917,SPRF-SC,DEL06-SC,UOP01-DEL06-SC,2023
"523999,0",2023-03-25,sábado,14:30:00,SC,470,"331,0",CAMPOS NOVOS,Demais Fenômenos da natureza,Incêndio,Sem Vítimas,Pleno dia,Decrescente,Céu Claro,Simples,Reta,Não,2,0,0,0,1,2,0,3,-27.475849,-51.307117,SPRF-SC,DEL07-SC,UOP06-DEL07-SC,2023
"524037,0",2023-05-19,sexta-feira,16:50:00,SC,101,"112,0",ITAJAI,Ausência de reação do condutor,Colisão traseira,Com Vítimas Feridas,Anoitecer,Decrescente,Nublado,Dupla,Reta,Não,2,0,1,0,1,0,1,2,-26.84589005,-48.72131295,SPRF-SC,DEL04-SC,UOP04-DEL04-SC,2023
"524120,0",2023-05-19,sexta-feira,23:45:00,SC,101,"215,0",PALHOCA,Ausência de reação do condutor,Colisão lateral mesmo sentido,Com Vítimas Feridas,Plena Noite,Decrescente,Céu Claro,Múltipla,Viaduto;Curva;Aclive,Sim,3,0,1,0,1,1,1,3,-27.65184843,-48.67604941,SPRF-SC,DEL01-SC,UOP02-DEL01-SC,2023
"524122,0",2023-05-19,sexta-feira,22:30:00,SC,116,"214,0",PONTE ALTA,Velocidade Incompatível,Tombamento,Sem Vítimas,Plena Noite,Decrescente,Nevoeiro/Neblina,Simples,Curva;Declive,Não,2,0,0,0,0,3,0,3,-27.53188987,-50.37131713,SPRF-SC,DEL05-SC,UOP03-DEL05-SC,2023
"524188,0",2023-05-20,sábado,07:00:00,SC,282,"531,3",CORDILHEIRA ALTA,Acesso irregular,Colisão transversal,Com Vítimas Feridas,Amanhecer,Crescente,Nevoeiro/Neblina,Simples,Reta,Sim,3,0,0,1,1,2,1,4,-26.990747,-52.609776,SPRF-SC,DEL07-SC,UOP01-DEL07-SC,2023
"524217,0",2023-05-20,sábado,08:35:00,SC,282,"421,0",VARGEM BONITA,Ultrapassagem Indevida,Colisão frontal,Sem Vítimas,Pleno dia,Decrescente,Céu Claro,Simples,Reta;Aclive,Não,2,0,0,0,1,1,0,2,-27.013739,-51.736528,SPRF-SC,DEL07-SC,UOP05-DEL07-SC,2023
"524220,0",2023-05-20,sábado,08:55:00,SC,163,"70,3",SAO MIGUEL DO OESTE,Manobra de mudança de faixa,Colisão lateral mesmo sentido,Com Vítimas Feridas,Pleno dia,Crescente,Nublado,Dupla,Reta,Sim,4,0,1,0,2,1,1,4,-26.73303942,-53.50911498,SPRF-SC,DEL07-SC,UOP03-DEL07-SC,2023
"524292,0",2023-05-18,quinta-feira,18:10:00,SC,282,"513,1",XAXIM,Condutor Dormindo,Colisão lateral sentido oposto,Com Vítimas Feridas,Plena Noite,Crescente,Céu Claro,Simples,Reta,Não,2,0,1,0,1,0,1,2,-26.91474206,-52.47976899,SPRF-SC,DEL07-SC,UOP01-DEL07-SC,2023
"524611,0",2023-05-22,segunda-feira,06:30:00,SC,101,"107,4",PENHA,Manobra de mudança de faixa,Saída de leito carroçável,Sem Vítimas,Pleno dia,Crescente,Céu Claro,Dupla,Reta,Não,4,0,0,0,4,0,0,2,-26.81930608,-48.68390282,SPRF-SC,DEL03-SC,UOP02-DEL03-SC,2023
"524625,0",2023-05-22,segunda-feira,06:50:00,SC,470,"273,7",BRUNOPOLIS,Velocidade Incompatível,Engavetamento,Com Vítimas Feridas,Pleno dia,Decrescente,Céu Claro,Simples,Reta,Não,8,0,2,0,5,1,2,4,-27.32579,-50.793224,SPRF-SC,DEL07-SC,UOP06-DEL07-SC,2023
"524653,0",2023-05-22,segunda-feira,11:04:00,SC,101,"275,5",IMBITUBA,Ausência de reação do condutor,Colisão traseira,Com Vítimas Fatais,Pleno dia,Decrescente,Nublado,Dupla,Reta,Sim,2,1,0,0,1,0,0,2,-28.15371275,-48.69235039,SPRF-SC,DEL02-SC,UOP03-DEL02-SC,2023
"524723,0",2023-03-31,sexta-feira,13:45:00,SC,282,"272,3",SAO JOSE DO CERRITO,Condutor deixou de manter distância do veículo da frente,Colisão traseira,Com Vítimas Feridas,Pleno dia,Crescente,Céu Claro,Simples,Reta;Em Obras,Não,4,0,2,1,1,0,3,4,-27.613758,-50.6968,SPRF-SC,DEL05-SC,UOP02-DEL05-SC,2023
"524742,0",2023-05-22,segunda-feira,20:25:00,SC,101,"147,0",ITAPEMA,Manobra de mudança de faixa,Colisão lateral mesmo sentido,Com Vítimas Feridas,Plena Noite,Decrescente,Nublado,Múltipla,Reta,Sim,5,0,1,0,1,3,1,4,-27.09237407,-48.61730888,SPRF-SC,DEL04-SC,UOP03-DEL04-SC,2023
"524761,0",2023-05-22,segunda-feira,14:20:00,SC,470,"201,0",PONTE ALTA,Ausência de reação do condutor,Saída de leito carroçável,Sem Vítimas,Pleno dia,Decrescente,Nublado,Simples,Reta,Não,2,0,0,0,1,1,0,2,-27.298632,-50.143291,SPRF-SC,DEL05-SC,UOP03-DEL05-SC,2023
"524779,0",2023-05-23,terça-feira,01:50:00,SC,101,"142,0",ITAPEMA,Ingestão de álcool pelo condutor,Colisão lateral mesmo sentido,Sem Vítimas,Plena Noite,Decrescente,Céu Claro,Dupla,Curva,Sim,4,0,0,0,2,2,0,4,-27.056089,-48.599449,SPRF-SC,DEL04-SC,UOP03-DEL04-SC,2023
"524804,0",2023-05-23,terça-feira,08:15:00,SC,101,"232,0",PALHOCA,Ausência de reação do condutor,Colisão lateral mesmo sentido,Com Vítimas Feridas,Pleno dia,Crescente,Céu Claro,Dupla,Curva;Desvio Temporário;Em Obras;Aclive,Não,2,0,1,0,1,0,1,2,-27.795666,-48.638153,SPRF-SC,DEL01-SC,UOP02-DEL01-SC,2023
"524821,0",2023-05-23,terça-feira,09:15:00,SC,101,"187,0",BIGUACU,Velocidade Incompatível,Colisão lateral mesmo sentido,Sem Vítimas,Pleno dia,Decrescente,Céu Claro,Múltipla,Reta,Sim,4,0,0,0,4,0,0,4,-27.44307116,-48.62848475,SPRF-SC,DEL01-SC,UOP01-DEL01-SC,2023
"524861,0",2023-03-08,quarta-feira,17:40:00,SC,470,"163,0",TROMBUDO CENTRAL,Transitar na contramão,Colisão frontal,Com Vítimas Fatais,Pleno dia,Decrescente,Céu Claro,Simples,Aclive,Não,3,1,0,0,2,0,0,2,-27.278976,-49.825996,SPRF-SC,DEL04-SC,UOP02-DEL04-SC,2023
"525042,0",2023-05-24,quarta-feira,15:50:00,SC,470,"144,8",RIO DO SUL,Condutor deixou de manter distância do veículo da frente,Colisão traseira,Com Vítimas Feridas,Pleno dia,Crescente,Sol,Simples,Reta,Sim,4,0,3,0,1,0,3,3,-27.235138,-49.677608,SPRF-SC,DEL04-SC,UOP02-DEL04-SC,2023
"525106,0",2023-05-24,quarta-feira,17:20:00,SC,282,"412,8",CATANDUVAS,Ultrapassagem Indevida,Colisão frontal,Com Vítimas Feridas,Anoitecer,Crescente,Céu Claro,Simples,Reta,Não,3,0,1,0,1,1,1,3,-27.055775,-51.688843,SPRF-SC,DEL07-SC,UOP05-DEL07-SC,2023
"525107,0",2023-05-24,quarta-feira,20:00:00,SC,282,"101,8",ALFREDO WAGNER,Reação tardia ou ineficiente do condutor,Capotamento,Com Vítimas Feridas,Plena Noite,Decrescente,Céu Claro,Simples,Reta,Não,3,0,0,1,1,2,1,4,-27.694626,-49.305317,SPRF-SC,DEL01-SC,UOP03-DEL01-SC,2023
"525138,0",2023-05-25,quinta-feira,05:50:00,SC,470,"52,7",BLUMENAU,Acessar a via sem observar a presença dos outros veículos,Colisão transversal,Com Vítimas Feridas,Plena Noite,Crescente,Nublado,Simples,Interseção de Vias,Sim,2,0,1,0,1,0,1,2,-26.862286,-49.093903,SPRF-SC,DEL04-SC,UOP01-DEL04-SC,2023
"525141,0",2023-05-25,quinta-feira,05:50:00,SC,101,"355,0",SANGAO,Condutor Dormindo,Saída de leito carroçável,Com Vítimas Feridas,Amanhecer,Decrescente,Céu Claro,Dupla,Reta,Não,2,0,1,0,0,1,1,2,-28.62380715,-49.07828489,SPRF-SC,DEL02-SC,UOP01-DEL02-SC,2023
"525165,0",2023-05-25,quinta-feira,04:00:00,SC,101,"2,0",GARUVA,Carga excessiva e/ou mal acondicionada,Derramamento de carga,Sem Vítimas,Plena Noite,Decrescente,Céu Claro,Múltipla,Curva,Não,2,0,0,0,1,3,0,4,-25.99699834,-48.87891655,SPRF-SC,DEL03-SC,UOP01-DEL03-SC,2023
"525193,0",2023-05-25,quinta-feira,11:30:00,SC,101,"77,1",ARAQUARI,Mal súbito do condutor,Colisão traseira,Com Vítimas Fatais,Pleno dia,Crescente,Céu Claro,Dupla,Reta,Não,3,1,0,1,1,0,1,2,-26.571728,-48.722208,SPRF-SC,DEL03-SC,UOP02-DEL03-SC,2023
"525217,0",2023-05-25,quinta-feira,12:40:00,SC,280,"2,0",SAO FRANCISCO DO SUL,Acessar a via sem observar a presença dos outros veículos,Colisão transversal,Com Vítimas Feridas,Pleno dia,Decrescente,Céu Claro,Simples,Reta,Sim,3,0,0,1,1,1,1,3,-26.23700996,-48.61979093,SPRF-SC,DEL03-SC,UOP03-DEL03-SC,2023
"525259,0",2023-05-25,quinta-feira,15:00:00,SC,101,"7,0",GARUVA,Reação tardia ou ineficiente do condutor,Colisão traseira,Com Vítimas Feridas,Pleno dia,Decrescente,Céu Claro,Dupla,Reta,Sim,4,0,2,0,1,1,2,3,-26.03593,-48.860302,SPRF-SC,DEL03-SC,UOP01-DEL03-SC,2023
"525283,0",2023-05-25,quinta-feira,20:17:00,SC,101,"206,3",SAO JOSE,Manobra de mudança de faixa,Colisão lateral mesmo sentido,Com Vítimas Feridas,Plena Noite,Decrescente,Nublado,Múltipla,Reta,Sim,4,0,1,1,1,2,2,4,-27.59193546,-48.61824557,SPRF-SC,DEL01-SC,UOP01-DEL01-SC,2023
"525354,0",2023-05-26,sexta-feira,07:40:00,SC,101,"201,0",SAO JOSE,Ausência de reação do condutor,Colisão traseira,Com Vítimas Feridas,Pleno dia,Crescente,Nublado,Múltipla,Reta,Sim,4,0,1,0,2,3,1,5,-27.54836599,-48.61977975,SPRF-SC,DEL01-SC,UOP01-DEL01-SC,2023
"525372,0",2023-05-26,sexta-feira,08:50:00,SC,101,"118,5",ITAJAI,Ausência de reação do condutor,Colisão traseira,Com Vítimas Feridas,Pleno dia,Crescente,Sol,Simples,Reta,Não,3,0,0,2,1,0,2,2,-26.895859,-48.71903,SPRF-SC,DEL04-SC,UOP04-DEL04-SC,2023
"525396,0",2023-05-26,sexta-feira,08:50:00,SC,101,"198,0",BIGUACU,Condutor deixou de manter distância do veículo da frente,Colisão traseira,Com Vítimas Feridas,Pleno dia,Crescente,Sol,Múltipla,Reta,Sim,4,0,1,0,2,4,1,7,-27.52677824,-48.63497257,SPRF-SC,DEL01-SC,UOP01-DEL01-SC,2023
"525414,0",2023-05-26,sexta-feira,13:00:00,SC,282,"572,3",NOVA ERECHIM,Ultrapassagem Indevida,Colisão lateral sentido oposto,Com Vítimas Feridas,Pleno dia,Crescente,Céu Claro,Simples,Curva,Não,5,0,1,0,3,1,1,4,-26.8837776,-52.9383151,SPRF-SC,DEL07-SC,UOP02-DEL07-SC,2023
"525440,0",2023-05-18,quinta-feira,19:30:00,SC,101,"196,6",BIGUACU,Reação tardia ou ineficiente do condutor,Colisão traseira,Com Vítimas Feridas,Plena Noite,Decrescente,Céu Claro,Dupla,Curva,Sim,2,0,1,0,1,0,1,2,-27.51101091,-48.64322292,SPRF-SC,DEL01-SC,UOP01-DEL01-SC,2023
"525534,0",2023-05-26,sexta-feira,22:50:00,SC,101,"117,9",ITAJAI,Velocidade Incompatível,Colisão traseira,Com Vítimas Feridas,Plena Noite,Crescente,Nublado,Dupla,Reta,Sim,2,0,0,1,1,0,1,2,-26.895859,-48.71903,SPRF-SC,DEL04-SC,UOP04-DEL04-SC,2023
"525682,0",2023-05-27,sábado,17:20:00,SC,101,"186,0",BIGUACU,Ausência de reação do condutor,Colisão lateral mesmo sentido,Com Vítimas Feridas,Anoitecer,Crescente,Chuva,Dupla,Curva,Não,4,0,1,0,2,1,1,3,-27.4341098,-48.62567129,SPRF-SC,DEL01-SC,UOP01-DEL01-SC,2023
"525734,0",2023-05-27,sábado,16:30:00,SC,282,"526,0",CORDILHEIRA ALTA,Chuva,Colisão frontal,Com Vítimas Fatais,Pleno dia,Decrescente,Garoa/Chuvisco,Simples,Reta,Não,3,1,0,1,1,0,1,2,-26.969427,-52.57497,SPRF-SC,DEL07-SC,UOP01-DEL07-SC,2023
"525870,0",2023-05-28,domingo,13:45:00,SC,101,"233,7",PALHOCA,Velocidade Incompatível,Colisão com objeto,Com Vítimas Feridas,Pleno dia,Crescente,Garoa/Chuvisco,Dupla,Curva,Não,2,0,1,0,0,1,1,2,-27.80376397,-48.63826211,SPRF-SC,DEL01-SC,UOP02-DEL01-SC,2023
"525884,0",2023-05-28,domingo,13:00:00,SC,470,"64,3",BLUMENAU,Transitar na contramão,Colisão frontal,Com Vítimas Fatais,Pleno dia,Decrescente,Chuva,Simples,Reta;Aclive,Sim,4,1,0,0,1,2,0,4,-26.8698966,-49.2068154,SPRF-SC,DEL04-SC,UOP01-DEL04-SC,2023
"525953,0",2023-05-28,domingo,18:10:00,SC,116,"48,0",PAPANDUVA,Ingestão de álcool pelo condutor,Colisão traseira,Com Vítimas Feridas,Plena Noite,Decrescente,Chuva,Simples,Reta,Não,3,0,1,0,1,1,1,3,-26.36355729,-50.11956966,SPRF-SC,DEL06-SC,UOP01-DEL06-SC,2023
"525966,0",2023-05-28,domingo,21:00:00,SC,101,"242,5",PALHOCA,Ausência de reação do condutor,Colisão traseira,Com Vítimas Feridas,Plena Noite,Decrescente,Nublado,Dupla,Reta,Não,4,0,0,1,2,1,1,4,-27.87545797,-48.64678433,SPRF-SC,DEL01-SC,UOP02-DEL01-SC,2023
"526118,0",2023-05-29,segunda-feira,13:20:00,SC,101,"41,0",JOINVILLE,Acesso irregular,Colisão transversal,Com Vítimas Feridas,Pleno dia,Crescente,Chuva,Simples,Interseção de Vias,Sim,3,0,0,1,1,1,1,3,-26.31854621,-48.87217641,SPRF-SC,DEL03-SC,UOP01-DEL03-SC,2023
"526138,0",2023-05-29,segunda-feira,16:00:00,SC,470,"60,8",BLUMENAU,Acessar a via sem observar a presença dos outros veículos,Colisão transversal,Sem Vítimas,Pleno dia,Decrescente,Céu Claro,Simples,Curva,Sim,3,0,0,0,2,1,0,3,-26.88138,-49.164543,SPRF-SC,DEL04-SC,UOP01-DEL04-SC,2023
"526166,0",2023-05-29,segunda-feira,19:30:00,SC,280,"22,0",ARAQUARI,Acessar a via sem observar a presença dos outros veículos,Colisão frontal,Com Vítimas Feridas,Plena Noite,Crescente,Nublado,Simples,Reta,Não,4,0,1,0,2,2,1,5,-26.37092616,-48.70204099,SPRF-SC,DEL03-SC,UOP03-DEL03-SC,2023
"526240,0",2023-01-04,quarta-feira,13:15:00,SC,101,"262,0",PAULO LOPES,Condutor deixou de manter distância do veículo da frente,Colisão traseira,Com Vítimas Feridas,Pleno dia,Decrescente,Céu Claro,Dupla,Reta,Não,3,0,0,1,1,1,1,3,-28.0353863,-48.70884453,SPRF-SC,DEL02-SC,UOP03-DEL02-SC,2023
"526243,0",2023-05-30,terça-feira,07:30:00,SC,101,"356,5",SANGAO,Reação tardia ou ineficiente do condutor,Saída de leito carroçável,Com Vítimas Feridas,Pleno dia,Decrescente,Céu Claro,Dupla,Reta,Sim,2,0,1,0,0,1,1,2,-28.6390182,-49.09800768,SPRF-SC,DEL02-SC,UOP01-DEL02-SC,2023
"526265,0",2023-05-30,terça-feira,09:15:00,SC,116,"245,5",LAGES,Desrespeitar a preferência no cruzamento,Colisão transversal,Com Vítimas Feridas,Pleno dia,Decrescente,Garoa/Chuvisco,Simples,Interseção de Vias;Rotatória,Sim,4,0,1,0,2,1,1,3,-27.79544281,-50.36187437,SPRF-SC,DEL05-SC,UOP02-DEL05-SC,2023
"526267,0",2023-05-30,terça-feira,12:50:00,SC,101,"217,0",PALHOCA,Obstrução na via,Colisão com objeto,Com Vítimas Feridas,Pleno dia,Crescente,Céu Claro,Dupla,Reta,Não,2,0,1,0,1,0,1,2,-27.66779034,-48.67393586,SPRF-SC,DEL01-SC,UOP02-DEL01-SC,2023
"526268,0",2023-05-30,terça-feira,12:20:00,SC,101,"136,0",BALNEARIO CAMBORIU,Manobra de mudança de faixa,Colisão lateral mesmo sentido,Com Vítimas Feridas,Pleno dia,Crescente,Céu Claro,Dupla,Reta,Sim,3,0,1,0,1,1,1,3,-27.008113,-48.617245,SPRF-SC,DEL04-SC,UOP03-DEL04-SC,2023
"526284,0",2023-05-30,terça-feira,14:30:00,SC,470,"70,0",INDAIAL,Conversão proibida,Colisão transversal,Com Vítimas Feridas,Pleno dia,Crescente,Céu Claro,Simples,Reta,Sim,2,0,1,1,0,0,2,2,-26.889374,-49.254478,SPRF-SC,DEL04-SC,UOP01-DEL04-SC,2023
"526406,0",2023-05-31,quarta-feira,06:30:00,SC,116,"12,0",MAFRA,Acessar a via sem observar a presença dos outros veículos,Colisão transversal,Com Vítimas Feridas,Pleno dia,Crescente,Nublado,Simples,Interseção de Vias,Não,5,0,1,1,2,1,2,3,-26.17877859,-49.86720998,SPRF-SC,DEL06-SC,UOP01-DEL06-SC,2023
"526407,0",2023-05-31,quarta-feira,03:00:00,SC,101,"88,6",BARRA VELHA,Velocidade Incompatível,Colisão traseira,Sem Vítimas,Plena Noite,Decrescente,Nublado,Dupla,Reta,Sim,2,0,0,0,1,1,0,2,-26.64253985,-48.68950684,SPRF-SC,DEL03-SC,UOP02-DEL03-SC,2023