id,data_inversa,dia_semana,horario,uf,br,km,municipio,causa_acidente,tipo_acidente,classificacao_acidente,fase_dia,sentido_via,condicao_metereologica,tipo_pista,tracado_via,uso_solo,pessoas,mortos,feridos_leves,feridos_graves,ilesos,ignorados,feridos,veiculos,latitude,longitude,regional,delegacia,uop,ano_arquivo
"529819,0",2023-06-16,sexta-feira,10:10:00,SC,282,"563,0",NOVA ERECHIM,Desrespeitar a preferência no cruzamento,Colisão lateral sentido oposto,Com Vítimas Feridas,Pleno dia,Crescente,Chuva,Múltipla,Aclive;Reta,Não,2,0,1,0,1,0,1,2,-26.902191,-52.868835,SPRF-SC,DEL07-SC,UOP02-DEL07-SC,2023
"529834,0",2023-06-16,sexta-feira,14:20:00,SC,101,"100,0",BALNEARIO PICARRAS,Manobra de mudança de faixa,Colisão lateral mesmo sentido,Com Vítimas Feridas,Pleno dia,Crescente,Sol,Dupla,Reta,Não,2,0,1,0,1,0,1,2,-26.75482787,-48.68993675,SPRF-SC,DEL03-SC,UOP02-DEL03-SC,2023
"529876,0",2023-06-16,sexta-feira,16:40:00,SC,280,"122,0",RIO NEGRINHO,Ausência de reação do condutor,Colisão traseira,Com Vítimas Feridas,Pleno dia,Crescente,Céu Claro,Simples,Reta,Não,2,0,1,0,1,0,1,2,-26.24855895,-49.45712883,SPRF-SC,DEL06-SC,UOP03-DEL06-SC,2023
"529944,0",2023-06-16,sexta-feira,20:50:00,SC,280,"28,8",ARAQUARI,Ingestão de álcool pelo condutor,Colisão lateral mesmo sentido,Com Vítimas Fatais,Plena Noite,Decrescente,Céu Claro,Simples,Reta,Sim,4,1,0,0,1,3,0,5,-26.4091844,-48.7510421,SPRF-SC,DEL03-SC,UOP03-DEL03-SC,2023
"529969,0",2023-06-17,sábado,04:35:00,SC,101,"253,3",PAULO LOPES,Reação tardia ou ineficiente do condutor,Saída de leito carroçável,Sem Vítimas,Plena Noite,Crescente,Céu Claro,Dupla,Reta,Sim,1,0,0,0,1,0,0,1,-27.97209569,-48.67967075,SPRF-SC,DEL02-SC,UOP03-DEL02-SC,2023
"530025,0",2023-06-17,sábado,08:07:00,SC,282,"583,2",PINHALZINHO,Transitar na contramão,Colisão lateral sentido oposto,Com Vítimas Feridas,Pleno dia,Crescente,Nublado,Simples,Curva;Declive,Não,4,0,0,1,3,0,1,3,-26.828905,-53.009552,SPRF-SC,DEL07-SC,UOP02-DEL07-SC,2023
"530045,0",2023-06-17,sábado,09:45:00,SC,470,"259,3",CURITIBANOS,Velocidade Incompatível,Tombamento,Com Vítimas Feridas,Pleno dia,Crescente,Nublado,Simples,Curva;Aclive,Não,3,0,2,0,0,1,2,2,-27.303122,-50.661118,SPRF-SC,DEL05-SC,UOP03-DEL05-SC,2023
"530120,0",2023-06-17,sábado,19:45:00,SC,101,"289,0",IMBITUBA,Ingestão de álcool pelo condutor,Colisão lateral mesmo sentido,Sem Vítimas,Plena Noite,Crescente,Nublado,Dupla,Interseção de Vias,Sim,5,0,0,0,3,2,0,4,-28.25395282,-48.70289554,SPRF-SC,DEL02-SC,UOP03-DEL02-SC,2023
"530217,0",2023-06-18,domingo,06:05:00,SC,280,"48,7",GUARAMIRIM,Acessar a via sem observar a presença dos outros veículos,Colisão frontal,Com Vítimas Feridas,Amanhecer,Decrescente,Céu Claro,Simples,Reta;Em Obras,Não,5,0,0,1,1,3,1,4,-26.45620445,-48.93014431,SPRF-SC,DEL03-SC,UOP03-DEL03-SC,2023
"530272,0",2023-06-18,domingo,13:15:00,SC,282,"16,2",PALHOCA,Acessar a via sem observar a presença dos outros veículos,Colisão transversal,Com Vítimas Feridas,Pleno dia,Crescente,Céu Claro,Simples,Reta;Interseção de Vias,Sim,4,0,1,0,3,0,1,4,-27.658611,-48.681847,SPRF-SC,DEL01-SC,UOP02-DEL01-SC,2023
"530421,0",2023-06-19,segunda-feira,04:30:00,SC,101,"327,1",CAPIVARI DE BAIXO,Pedestre andava na pista,Atropelamento de Pedestre,Com Vítimas Fatais,Plena Noite,Decrescente,Céu Claro,Múltipla,Reta;Declive,Não,2,1,0,0,1,0,0,2,-28.4385883,-48.9617231,SPRF-SC,DEL02-SC,UOP01-DEL02-SC,2023
"530460,0",2023-06-19,segunda-feira,09:50:00,SC,470,"46,9",BLUMENAU,Ausência de reação do condutor,Colisão frontal,Com Vítimas Feridas,Pleno dia,Crescente,Céu Claro,Simples,Curva;Em Obras,Sim,4,0,1,2,0,1,3,4,-26.860388,-49.037617,SPRF-SC,DEL04-SC,UOP01-DEL04-SC,2023
"530476,0",2023-06-19,segunda-feira,12:00:00,SC,101,"121,5",ITAJAI,Ausência de reação do condutor,Colisão traseira,Com Vítimas Feridas,Pleno dia,Crescente,Sol,Dupla,Reta,Não,2,0,0,1,1,0,1,2,-26.92103178,-48.70856446,SPRF-SC,DEL04-SC,UOP04-DEL04-SC,2023
"530884,0",2023-03-31,sexta-feira,15:00:00,SC,101,"328,8",CAPIVARI DE BAIXO,Condutor deixou de manter distância do veículo da frente,Colisão traseira,Sem Vítimas,Pleno dia,Decrescente,Céu Claro,Simples,Ponte;Reta,Não,4,0,0,0,3,2,0,5,-28.43648094,-48.95989307,SPRF-SC,DEL02-SC,UOP01-DEL02-SC,2023
"530887,0",2023-06-21,quarta-feira,15:00:00,SC,116,"8,7",MAFRA,Condutor deixou de manter distância do veículo da frente,Colisão traseira,Com Vítimas Feridas,Pleno dia,Crescente,Céu Claro,Simples,Aclive,Não,3,0,1,0,1,1,1,3,-26.16204411,-49.84570026,SPRF-SC,DEL06-SC,UOP01-DEL06-SC,2023
"530928,0",2023-06-21,quarta-feira,17:15:00,SC,470,"225,4",SAO CRISTOVAO DO SUL,Velocidade Incompatível,Colisão frontal,Com Vítimas Fatais,Pleno dia,Decrescente,Garoa/Chuvisco,Simples,Curva,Não,3,1,0,0,1,2,0,4,-27.326683,-50.358158,SPRF-SC,DEL05-SC,UOP03-DEL05-SC,2023
"530990,0",2023-06-22,quinta-feira,05:00:00,SC,470,"105,0",APIUNA,Reação tardia ou ineficiente do condutor,Colisão traseira,Com Vítimas Feridas,Plena Noite,Crescente,Garoa/Chuvisco,Simples,Curva,Não,3,0,2,0,0,1,2,2,-27.066006,-49.417019,SPRF-SC,DEL04-SC,UOP02-DEL04-SC,2023
"531008,0",2023-06-22,quinta-feira,06:30:00,SC,280,"137,9",RIO NEGRINHO,Condutor Dormindo,Colisão frontal,Com Vítimas Feridas,Amanhecer,Crescente,Nublado,Simples,Declive;Em Obras;Curva,Não,2,0,1,0,1,0,1,2,-26.25353641,-49.60539579,SPRF-SC,DEL06-SC,UOP03-DEL06-SC,2023
"531018,0",2023-06-22,quinta-feira,08:06:00,SC,470,"123,8",LONTRAS,Ultrapassagem Indevida,Colisão lateral mesmo sentido,Com Vítimas Feridas,Pleno dia,Decrescente,Nublado,Simples,Curva;Aclive,Não,2,0,1,0,1,0,1,2,-27.106783,-49.522049,SPRF-SC,DEL04-SC,UOP02-DEL04-SC,2023
"531023,0",2023-06-22,quinta-feira,06:10:00,SC,282,"443,0",PONTE SERRADA,Condutor deixou de manter distância do veículo da frente,Colisão traseira,Com Vítimas Feridas,Pleno dia,Crescente,Garoa/Chuvisco,Simples,Reta,Não,3,0,1,0,2,0,1,2,-26.917578,-51.890999,SPRF-SC,DEL07-SC,UOP04-DEL07-SC,2023
"531046,0",2023-06-22,quinta-feira,11:04:00,SC,282,"502,8",XANXERE,Reação tardia ou ineficiente do condutor,Colisão traseira,Com Vítimas Feridas,Pleno dia,Crescente,Nublado,Simples,Rotatória,Sim,3,0,0,1,1,2,1,4,-26.884584,-52.390911,SPRF-SC,DEL07-SC,UOP01-DEL07-SC,2023
"531125,0",2023-06-22,quinta-feira,12:50:00,SC,470,"199,3",PONTE ALTA,Desrespeitar a preferência no cruzamento,Colisão transversal,Com Vítimas Feridas,Pleno dia,Crescente,Nublado,Simples,Rotatória,Não,3,0,1,0,1,1,1,3,-27.30814239,-50.13371587,SPRF-SC,DEL05-SC,UOP03-DEL05-SC,2023
"531211,0",2023-06-22,quinta-feira,22:50:00,SC,470,"171,6",POUSO REDONDO,Transitar na contramão,Colisão frontal,Com Vítimas Feridas,Plena Noite,Crescente,Chuva,Simples,Curva,Não,3,0,0,1,1,1,1,3,-27.2600278,-49.90470886,SPRF-SC,DEL04-SC,UOP02-DEL04-SC,2023
"531337,0",2023-06-23,sexta-feira,14:15:00,SC,116,"67,8",MONTE CASTELO,Ausência de reação do condutor,Colisão lateral mesmo sentido,Com Vítimas Feridas,Pleno dia,Decrescente,Chuva,Simples,Reta,Não,3,0,2,0,1,0,2,2,-26.44247501,-50.2284382,SPRF-SC,DEL06-SC,UOP02-DEL06-SC,2023
"531341,0",2023-06-23,sexta-feira,14:00:00,SC,101,"351,8",JAGUARUNA,Manobra de mudança de faixa,Colisão lateral mesmo sentido,Sem Vítimas,Pleno dia,Decrescente,Nublado,Dupla,Reta,Não,6,0,0,0,5,1,0,3,-28.5977641,-49.04943589,SPRF-SC,DEL02-SC,UOP01-DEL02-SC,2023
"531361,0",2023-06-23,sexta-feira,19:00:00,SC,116,"213,0",PONTE ALTA,Reação tardia ou ineficiente do condutor,Colisão com objeto,Com Vítimas Feridas,Plena Noite,Decrescente,Garoa/Chuvisco,Simples,Reta,Não,3,0,0,1,0,3,1,4,-27.52555618,-50.36559279,SPRF-SC,DEL05-SC,UOP03-DEL05-SC,2023
"531367,0",2023-06-23,sexta-feira,19:35:00,SC,280,"29,9",ARAQUARI,Velocidade Incompatível,Colisão traseira,Com Vítimas Feridas,Plena Noite,Decrescente,Garoa/Chuvisco,Simples,Reta,Não,3,0,1,0,1,2,1,4,-26.41066264,-48.75295628,SPRF-SC,DEL03-SC,UOP03-DEL03-SC,2023
"531441,0",2023-06-24,sábado,04:30:00,SC,280,"10,0",SAO FRANCISCO DO SUL,Ingestão de álcool pelo condutor,Colisão traseira,Com Vítimas Feridas,Plena Noite,Decrescente,Céu Claro,Simples,Reta,Sim,3,0,1,0,1,1,1,3,-26.29625399,-48.64238799,SPRF-SC,DEL03-SC,UOP03-DEL03-SC,2023
"531614,0",2023-06-24,sábado,20:40:00,SC,101,"4,0",GARUVA,Acessar a via sem observar a presença dos outros veículos,Colisão lateral mesmo sentido,Sem Vítimas,Plena Noite,Decrescente,Céu Claro,Dupla,Reta,Sim,3,0,0,0,2,1,0,3,-26.00908719,-48.86448735,SPRF-SC,DEL03-SC,UOP01-DEL03-SC,2023
"531809,0",2023-06-25,domingo,18:35:00,SC,280,"33,1",ARAQUARI,Ausência de reação do condutor,Colisão frontal,Com Vítimas Feridas,Anoitecer,Decrescente,Céu Claro,Simples,Reta,Sim,2,0,1,0,1,0,1,2,-26.42576441,-48.78741376,SPRF-SC,DEL03-SC,UOP03-DEL03-SC,2023
"531857,0",2023-06-25,domingo,22:21:00,SC,153,"42,5",VARGEM BONITA,Estacionar ou parar em local proibido,Colisão traseira,Com Vítimas Feridas,Plena Noite,Decrescente,Nublado,Dupla,Aclive,Não,3,0,0,1,1,3,1,5,-26.860281,-51.744846,SPRF-SC,DEL07-SC,UOP07-DEL07-SC,2023
"531892,0",2023-06-26,segunda-feira,07:50:00,SC,101,"206,8",SAO JOSE,Condutor deixou de manter distância do veículo da frente,Colisão traseira,Com Vítimas Feridas,Pleno dia,Crescente,Céu Claro,Dupla,Reta,Sim,4,0,0,1,3,0,1,4,-27.59193546,-48.61824557,SPRF-SC,DEL01-SC,UOP01-DEL01-SC,2023
"531905,0",2023-06-26,segunda-feira,09:00:00,SC,101,"127,9",BALNEARIO CAMBORIU,Condutor deixou de manter distância do veículo da frente,Colisão traseira,Com Vítimas Feridas,Pleno dia,Crescente,Céu Claro,Dupla,Reta,Não,4,0,0,1,2,2,1,5,-26.9639319,-48.68328024,SPRF-SC,DEL04-SC,UOP04-DEL04-SC,2023
"531967,0",2023-03-10,sexta-feira,13:43:00,SC,153,"39,0",AGUA DOCE,Condutor deixou de manter distância do veículo da frente,Colisão lateral sentido oposto,Com Vítimas Feridas,Pleno dia,Crescente,Céu Claro,Dupla,Reta;Declive,Não,4,0,1,0,2,2,1,5,-26.836941,-51.74242,SPRF-SC,DEL07-SC,UOP07-DEL07-SC,2023
"531970,0",2023-06-26,segunda-feira,14:20:00,SC,101,"126,0",ITAJAI,Pedestre andava na pista,Atropelamento de Pedestre,Com Vítimas Feridas,Pleno dia,Decrescente,Céu Claro,Dupla,Ponte;Curva,Não,3,0,0,1,1,1,1,3,-26.95564404,-48.67978366,SPRF-SC,DEL04-SC,UOP04-DEL04-SC,2023
"532026,0",2023-06-26,segunda-feira,19:34:00,SC,116,"72,5",MONTE CASTELO,Manobra de mudança de faixa,Colisão lateral sentido oposto,Com Vítimas Feridas,Plena Noite,Decrescente,Nublado,Simples,Interseção de Vias;Aclive,Não,2,0,0,1,1,0,1,2,-26.48707,-50.23276105,SPRF-SC,DEL06-SC,UOP02-DEL06-SC,2023
"532045,0",2023-06-26,segunda-feira,20:45:00,SC,116,"247,9",LAGES,Pedestre andava na pista,Atropelamento de Pedestre,Com Vítimas Fatais,Plena Noite,Decrescente,Nevoeiro/Neblina,Simples,Reta,Não,2,1,0,0,0,1,0,2,-27.81865791,-50.37334442,SPRF-SC,DEL05-SC,UOP02-DEL05-SC,2023
"532046,0",2023-06-26,segunda-feira,16:50:00,SC,280,"139,0",RIO NEGRINHO,Avarias e/ou desgaste excessivo no pneu,Tombamento,Com Vítimas Feridas,Pleno dia,Crescente,Céu Claro,Simples,Reta,Não,4,0,1,0,2,1,1,4,-26.255,-49.618,SPRF-SC,DEL06-SC,UOP03-DEL06-SC,2023
"532102,0",2023-06-27,terça-feira,08:45:00,SC,101,"286,8",IMBITUBA,Manobra de mudança de faixa,Colisão lateral mesmo sentido,Sem Vítimas,Pleno dia,Decrescente,Céu Claro,Múltipla,Reta,Não,3,0,0,0,1,2,0,3,-28.25421948,-48.7028861,SPRF-SC,DEL02-SC,UOP03-DEL02-SC,2023
"532105,0",2023-04-16,domingo,19:10:00,SC,101,"6,0",GARUVA,Reação tardia ou ineficiente do condutor,Colisão traseira,Com Vítimas Feridas,Plena Noite,Decrescente,Chuva,Dupla,Reta;Viaduto,Sim,3,0,0,1,1,3,1,5,-26.02692002,-48.86142017,SPRF-SC,DEL03-SC,UOP01-DEL03-SC,2023
"532137,0",2023-06-27,terça-feira,08:10:00,SC,282,"366,2",ERVAL VELHO,Transitar na contramão,Colisão frontal,Com Vítimas Fatais,Pleno dia,Crescente,Céu Claro,Simples,Reta;Declive,Não,4,1,0,0,2,1,0,3,-27.294157,-51.4105,SPRF-SC,DEL07-SC,UOP05-DEL07-SC,2023
"532184,0",2023-06-27,terça-feira,14:20:00,SC,163,"112,5",GUARUJA DO SUL,Acessar a via sem observar a presença dos outros veículos,Colisão transversal,Com Vítimas Feridas,Pleno dia,Crescente,Céu Claro,Simples,Reta;Desvio Temporário;Em Obras,Sim,6,0,1,1,1,3,2,4,-26.38608393,-53.51888895,SPRF-SC,DEL07-SC,UOP03-DEL07-SC,2023
"532194,0",2023-06-27,terça-feira,11:25:00,SC,470,"241,0",CURITIBANOS,Transitar na contramão,Colisão frontal,Com Vítimas Feridas,Pleno dia,Decrescente,Nublado,Simples,Reta,Não,3,0,1,0,1,1,1,3,-27.308832,-50.490402,SPRF-SC,DEL05-SC,UOP03-DEL05-SC,2023
"532231,0",2023-06-27,terça-feira,20:15:00,SC,282,"26,0",SANTO AMARO DA IMPERATRIZ,Transitar na contramão,Colisão lateral sentido oposto,Com Vítimas Feridas,Plena Noite,Crescente,Céu Claro,Simples,Curva,Não,4,0,0,2,1,1,2,3,-27.680267,-48.762482,SPRF-SC,DEL01-SC,UOP03-DEL01-SC,2023
"532292,0",2023-06-28,quarta-feira,06:55:00,SC,470,"165,2",POUSO REDONDO,Condutor Dormindo,Colisão frontal,Com Vítimas Feridas,Amanhecer,Crescente,Garoa/Chuvisco,Simples,Curva,Não,5,0,0,3,1,2,3,4,-27.27663,-49.845661,SPRF-SC,DEL04-SC,UOP02-DEL04-SC,2023
"532297,0",2023-06-09,sexta-feira,19:10:00,SC,101,"121,8",ITAJAI,Condutor deixou de manter distância do veículo da frente,Engavetamento,Com Vítimas Feridas,Plena Noite,Decrescente,Céu Claro,Dupla,Reta,Não,7,0,1,0,5,2,1,8,-26.92103178,-48.70856446,SPRF-SC,DEL04-SC,UOP04-DEL04-SC,2023
"532301,0",2023-01-15,domingo,14:05:00,SC,470,"268,5",CURITIBANOS,Reação tardia ou ineficiente do condutor,Colisão frontal,Com Vítimas Feridas,Pleno dia,Crescente,Chuva,Simples,Curva;Declive,Não,4,0,3,0,0,2,3,5,-27.312988,-50.738847,SPRF-SC,DEL05-SC,UOP03-DEL05-SC,2023
"532312,0",2023-06-28,quarta-feira,09:20:00,SC,470,"57,2",BLUMENAU,Transitar na contramão,Colisão frontal,Com Vítimas Feridas,Pleno dia,Decrescente,Céu Claro,Simples,Reta,Sim,2,0,1,0,1,0,1,2,-26.880428,-49.136532,SPRF-SC,DEL04-SC,UOP01-DEL04-SC,2023
"532314,0",2023-06-28,quarta-feira,07:43:00,SC,101,"414,0",ARARANGUA,Reação tardia ou ineficiente do condutor,Colisão traseira,Com Vítimas Feridas,Pleno dia,Crescente,Céu Claro,Simples,Reta,Sim,2,0,0,1,1,0,1,2,-28.956045,-49.512113,SPRF-SC,DEL02-SC,UOP02-DEL02-SC,2023
"532360,0",2023-04-20,quinta-feira,10:00:00,SC,470,"181,0",POUSO REDONDO,Acessar a via sem observar a presença dos outros veículos,Colisão transversal,Com Vítimas Feridas,Pleno dia,Crescente,Céu Claro,Simples,Reta,Não,4,0,0,2,1,1,2,3,-27.251818,-49.996815,SPRF-SC,DEL04-SC,UOP02-DEL04-SC,2023
"532369,0",2023-06-28,quarta-feira,16:40:00,SC,101,"210,9",SAO JOSE,Acessar a via sem observar a presença dos outros veículos,Colisão lateral mesmo sentido,Com Vítimas Feridas,Pleno dia,Decrescente,Céu Claro,Dupla,Reta,Sim,2,0,1,0,1,0,1,2,-27.61334306,-48.64241838,SPRF-SC,DEL01-SC,UOP01-DEL01-SC,2023
"532440,0",2023-06-29,quinta-feira,00:20:00,SC,101,"61,0",ARAQUARI,Pedestre cruzava a pista fora da faixa,Atropelamento de Pedestre,Com Vítimas Fatais,Plena Noite,Crescente,Céu Claro,Dupla,Curva,Não,6,1,0,0,4,1,0,3,-26.4547378,-48.7764377,SPRF-SC,DEL03-SC,UOP02-DEL03-SC,2023
"532451,0",2023-06-29,quinta-feira,02:50:00,SC,116,"165,1",PONTE ALTA DO NORTE,Transitar na contramão,Colisão lateral sentido oposto,Com Vítimas Feridas,Plena Noite,Decrescente,Céu Claro,Simples,Curva,Não,5,0,3,0,1,1,3,3,-27.15176073,-50.46219055,SPRF-SC,DEL05-SC,UOP03-DEL05-SC,2023
"532453,0",2023-06-29,quinta-feira,04:40:00,SC,470,"70,8",INDAIAL,Ausência de reação do condutor,Colisão com objeto,Com Vítimas Feridas,Plena Noite,Crescente,Nublado,Simples,Reta,Não,3,0,0,1,2,0,1,2,-26.889374,-49.254478,SPRF-SC,DEL04-SC,UOP01-DEL04-SC,2023
"532638,0",2023-06-29,quinta-feira,19:34:00,SC,101,"111,1",NAVEGANTES,Acessar a via sem observar a presença dos outros veículos,Colisão lateral mesmo sentido,Com Vítimas Fatais,Plena Noite,Crescente,Nublado,Múltipla,Reta,Sim,3,1,1,0,0,1,1,2,-26.840602,-48.715223,SPRF-SC,DEL04-SC,UOP04-DEL04-SC,2023
"532684,0",2023-06-30,sexta-feira,05:55:00,SC,282,"49,0",AGUAS MORNAS,Manobra de mudança de faixa,Colisão lateral mesmo sentido,Sem Vítimas,Amanhecer,Crescente,Céu Claro,Dupla,Curva;Aclive,Não,3,0,0,0,2,1,0,3,-27.712931,-48.943741,SPRF-SC,DEL01-SC,UOP03-DEL01-SC,2023
"532756,0",2023-06-30,sexta-feira,15:00:00,SC,280,"24,0",ARAQUARI,Ausência de reação do condutor,Colisão traseira,Com Vítimas Feridas,Pleno dia,Crescente,Nublado,Simples,Reta,Sim,2,0,1,0,1,0,1,2,-26.37724921,-48.71953282,SPRF-SC,DEL03-SC,UOP03-DEL03-SC,2023
"532897,0",2023-07-01,sábado,05:40:00,SC,116,"13,0",MAFRA,Manobra de mudança de faixa,Colisão lateral mesmo sentido,Com Vítimas Feridas,Plena Noite,Crescente,Céu Claro,Simples,Reta;Aclive,Não,3,0,1,0,1,1,1,3,-26.18419881,-49.87404087,SPRF-SC,DEL06-SC,UOP01-DEL06-SC,2023
"532938,0",2023-07-01,sábado,07:30:00,SC,101,"199,8",SAO JOSE,Acessar a via sem observar a presença dos outros veículos,Colisão lateral mesmo sentido,Com Vítimas Feridas,Pleno dia,Decrescente,Nublado,Múltipla,Reta,Não,3,0,0,1,1,1,1,3,-27.53413705,-48.63003205,SPRF-SC,DEL01-SC,UOP01-DEL01-SC,2023
"532981,0",2023-07-01,sábado,12:10:00,SC,101,"327,0",CAPIVARI DE BAIXO,Desrespeitar a preferência no cruzamento,Colisão lateral mesmo sentido,Com Vítimas Feridas,Pleno dia,Crescente,Céu Claro,Dupla,Interseção de Vias;Reta;Em Obras,Sim,5,0,1,0,3,1,1,4,-28.4433856794,-48.9656318736,SPRF-SC,DEL02-SC,UOP01-DEL02-SC,2023
"533042,0",2023-07-01,sábado,13:15:00,SC,116,"107,7",MONTE CASTELO,Velocidade Incompatível,Tombamento,Com Vítimas Feridas,Pleno dia,Decrescente,Céu Claro,Simples,Curva,Não,2,0,1,0,0,2,1,3,-26.75568818,-50.32812388,SPRF-SC,DEL06-SC,UOP02-DEL06-SC,2023
"533155,0",2023-07-02,domingo,04:30:00,SC,116,"45,3",ITAIOPOLIS,Transitar na contramão,Colisão frontal,Sem Vítimas,Plena Noite,Decrescente,Garoa/Chuvisco,Simples,Reta,Não,4,0,0,0,3,1,0,3,-26.34267556,-50.1007322,SPRF-SC,DEL06-SC,UOP01-DEL06-SC,2023
"533196,0",2023-07-02,domingo,08:45:00,SC,163,"85,8",GUARACIABA,Reação tardia ou ineficiente do condutor,Saída de leito carroçável,Com Vítimas Feridas,Pleno dia,Decrescente,Céu Claro,Simples,Curva;Interseção de Vias;Rotatória;Em Obras;Declive,Sim,2,0,1,0,0,1,1,2,-26.59957913,-53.5155201,SPRF-SC,DEL07-SC,UOP03-DEL07-SC,2023
"533197,0",2023-07-02,domingo,08:40:00,SC,282,"256,3",SAO JOSE DO CERRITO,Transitar na contramão,Colisão transversal,Com Vítimas Feridas,Pleno dia,Decrescente,Nevoeiro/Neblina,Simples,Aclive;Reta,Não,2,0,0,1,1,0,1,2,-27.67211,-50.581013,SPRF-SC,DEL05-SC,UOP02-DEL05-SC,2023
"533263,0",2023-07-02,domingo,13:45:00,SC,280,"28,0",ARAQUARI,Ingestão de álcool pelo condutor,Saída de leito carroçável,Com Vítimas Feridas,Pleno dia,Crescente,Nublado,Simples,Reta,Não,2,0,1,0,0,1,1,2,-26.40450077,-48.74561031,SPRF-SC,DEL03-SC,UOP03-DEL03-SC,2023
"533298,0",2023-07-02,domingo,19:40:00,SC,280,"165,5",MAFRA,Transitar na contramão,Colisão lateral sentido oposto,Sem Vítimas,Plena Noite,Crescente,Céu Claro,Simples,Reta,Sim,3,0,0,0,3,0,0,3,-26.18505272,-49.8119696,SPRF-SC,DEL06-SC,UOP01-DEL06-SC,2023
"533331,0",2023-07-02,domingo,21:35:00,SC,282,"23,0",SANTO AMARO DA IMPERATRIZ,Ingestão de álcool pelo condutor,Colisão lateral mesmo sentido,Com Vítimas Feridas,Plena Noite,Crescente,Nublado,Simples,Reta,Sim,3,0,1,0,2,0,1,3,-27.687958,-48.736794,SPRF-SC,DEL01-SC,UOP02-DEL01-SC,2023
"533356,0",2023-07-03,segunda-feira,01:30:00,SC,101,"144,0",ITAPEMA,Ingestão de álcool e/ou substâncias psicoativas pelo pedestre,Colisão traseira,Sem Vítimas,Plena Noite,Crescente,Nublado,Dupla,Reta,Sim,2,0,0,0,2,0,0,2,-27.0732659,-48.59672716,SPRF-SC,DEL04-SC,UOP03-DEL04-SC,2023
"533381,0",2023-07-03,segunda-feira,05:45:00,SC,101,"138,0",BALNEARIO CAMBORIU,Manobra de mudança de faixa,Colisão lateral mesmo sentido,Com Vítimas Feridas,Plena Noite,Crescente,Nublado,Múltipla,Reta,Sim,2,0,1,0,0,1,1,2,-27.02397426,-48.60761649,SPRF-SC,DEL04-SC,UOP03-DEL04-SC,2023
"533401,0",2023-07-03,segunda-feira,06:40:00,SC,280,"55,0",GUARAMIRIM,Desrespeitar a preferência no cruzamento,Colisão transversal,Com Vítimas Feridas,Amanhecer,Crescente,Chuva,Dupla,Rotatória,Sim,3,0,1,0,2,0,1,2,-26.47584353,-48.9937858,SPRF-SC,DEL03-SC,UOP03-DEL03-SC,2023
"533426,0",2023-07-03,segunda-feira,09:47:00,SC,280,"5,8",SAO FRANCISCO DO SUL,Reação tardia ou ineficiente do condutor,Atropelamento de Pedestre,Com Vítimas Feridas,Pleno dia,Crescente,Céu Claro,Simples,Reta,Não,4,0,0,1,2,2,1,4,-26.26006182,-48.62550974,SPRF-SC,DEL03-SC,UOP03-DEL03-SC,2023
"533540,0",2023-07-03,segunda-feira,19:49:00,SC,116,"107,8",MONTE CASTELO,Ausência de reação do condutor,Colisão frontal,Com Vítimas Feridas,Plena Noite,Decrescente,Nublado,Simples,Curva,Não,6,0,0,3,1,2,3,4,-26.75568818,-50.32812388,SPRF-SC,DEL06-SC,UOP02-DEL06-SC,2023
"533548,0",2023-07-03,segunda-feira,16:00:00,SC,282,"535,0",CHAPECO,Velocidade Incompatível,Tombamento,Sem Vítimas,Pleno dia,Crescente,Céu Claro,Simples,Rotatória,Sim,2,0,0,0,1,1,0,2,-26.998245,-52.643768,SPRF-SC,DEL07-SC,UOP01-DEL07-SC,2023
"533581,0",2023-07-04,terça-feira,08:25:00,SC,101,"117,0",ITAJAI,Condutor deixou de manter distância do veículo da frente,Colisão traseira,Com Vítimas Feridas,Pleno dia,Crescente,Céu Claro,Múltipla,Reta,Não,3,0,1,0,2,0,1,3,-26.88747187,-48.72252969,SPRF-SC,DEL04-SC,UOP04-DEL04-SC,2023
"533624,0",2023-07-04,terça-feira,11:20:00,SC,101,"151,1",ITAPEMA,Condutor deixou de manter distância do veículo da frente,Colisão traseira,Com Vítimas Feridas,Pleno dia,Crescente,Céu Claro,Dupla,Reta,Sim,2,0,1,0,1,0,1,2,-27.126536,-48.609642,SPRF-SC,DEL04-SC,UOP03-DEL04-SC,2023
"533687,0",2023-07-04,terça-feira,17:00:00,SC,158,"101,0",CUNHA PORA,Ausência de reação do condutor,Colisão lateral mesmo sentido,Com Vítimas Feridas,Pleno dia,Crescente,Céu Claro,Simples,Reta,Não,2,0,1,0,1,0,1,2,-26.82020702,-53.18127085,SPRF-SC,DEL07-SC,UOP02-DEL07-SC,2023
"533738,0",2023-07-04,terça-feira,18:20:00,SC,116,"290,6",CAPAO ALTO,Velocidade Incompatível,Saída de leito carroçável,Com Vítimas Feridas,Plena Noite,Decrescente,Nublado,Simples,Aclive;Reta,Não,3,0,2,0,0,1,2,2,-28.114358,-50.625197,SPRF-SC,DEL05-SC,UOP02-DEL05-SC,2023