id,data_inversa,dia_semana,horario,uf,br,km,municipio,causa_acidente,tipo_acidente,classificacao_acidente,fase_dia,sentido_via,condicao_metereologica,tipo_pista,tracado_via,uso_solo,pessoas,mortos,feridos_leves,feridos_graves,ilesos,ignorados,feridos,veiculos,latitude,longitude,regional,delegacia,uop,ano_arquivo
"533837,0",2023-07-05,quarta-feira,12:40:00,SC,101,"113,0",ITAJAI,Velocidade Incompatível,Engavetamento,Com Vítimas Feridas,Pleno dia,Crescente,Céu Claro,Dupla,Reta,Não,8,0,1,0,6,1,1,7,-26.85311393,-48.72689927,SPRF-SC,DEL04-SC,UOP04-DEL04-SC,2023
"533917,0",2023-07-05,quarta-feira,21:15:00,SC,470,"47,4",BLUMENAU,Retorno proibido,Colisão transversal,Com Vítimas Feridas,Plena Noite,Decrescente,Céu Claro,Múltipla,Em Obras;Declive;Interseção de Vias;Reta,Sim,4,0,2,0,1,2,2,4,-26.86261065,-49.04987812,SPRF-SC,DEL04-SC,UOP01-DEL04-SC,2023
"533927,0",2023-07-05,quarta-feira,22:30:00,SC,101,"270,9",IMBITUBA,Pedestre andava na pista,Atropelamento de Pedestre,Com Vítimas Fatais,Plena Noite,Crescente,Céu Claro,Múltipla,Reta,Não,5,1,0,0,2,2,0,5,-28.11392836,-48.70107293,SPRF-SC,DEL02-SC,UOP03-DEL02-SC,2023
"533949,0",2023-07-06,quinta-feira,03:55:00,SC,101,"232,0",PALHOCA,Ausência de reação do condutor,Colisão com objeto,Sem Vítimas,Plena Noite,Crescente,Céu Claro,Dupla,Curva;Declive;Em Obras,Não,1,0,0,0,1,0,0,1,-27.795666,-48.638153,SPRF-SC,DEL01-SC,UOP02-DEL01-SC,2023
"533974,0",2023-07-06,quinta-feira,07:40:00,SC,101,"154,0",PORTO BELO,Ausência de sinalização,Colisão traseira,Com Vítimas Feridas,Pleno dia,Decrescente,Céu Claro,Múltipla,Reta,Sim,3,0,0,1,2,0,1,2,-27.153819,-48.61086393,SPRF-SC,DEL04-SC,UOP03-DEL04-SC,2023
"534016,0",2023-07-06,quinta-feira,10:50:00,SC,470,"122,3",IBIRAMA,Entrada inopinada do pedestre,Atropelamento de Pedestre,Com Vítimas Feridas,Pleno dia,Decrescente,Céu Claro,Simples,Reta;Declive,Não,3,0,0,1,1,1,1,2,-27.099888,-49.527679,SPRF-SC,DEL04-SC,UOP02-DEL04-SC,2023
"534063,0",2023-07-06,quinta-feira,15:55:00,SC,480,"129,5",CHAPECO,Acessar a via sem observar a presença dos outros veículos,Queda de ocupante de veículo,Com Vítimas Feridas,Pleno dia,Crescente,Sol,Simples,Interseção de Vias,Sim,3,0,1,1,1,0,2,2,-27.04656607,-52.63577131,SPRF-SC,DEL07-SC,UOP01-DEL07-SC,2023
"534083,0",2023-07-06,quinta-feira,18:25:00,SC,101,"96,0",BARRA VELHA,Condutor deixou de manter distância do veículo da frente,Engavetamento,Com Vítimas Feridas,Plena Noite,Crescente,Céu Claro,Dupla,Reta,Não,5,0,1,0,4,0,1,3,-26.718427,-48.70233,SPRF-SC,DEL03-SC,UOP02-DEL03-SC,2023
"534088,0",2023-07-06,quinta-feira,17:40:00,SC,282,"641,5",SAO MIGUEL DO OESTE,Ingestão de álcool pelo condutor,Colisão lateral sentido oposto,Sem Vítimas,Anoitecer,Crescente,Céu Claro,Simples,Curva,Não,3,0,0,0,3,0,0,2,-26.779949,-53.460857,SPRF-SC,DEL07-SC,UOP03-DEL07-SC,2023
"534204,0",2023-07-07,sexta-feira,11:00:00,SC,101,"192,3",BIGUACU,Manobra de mudança de faixa,Colisão lateral mesmo sentido,Com Vítimas Feridas,Pleno dia,Decrescente,Céu Claro,Múltipla,Reta;Ponte,Sim,4,0,1,0,2,1,1,3,-27.48798169,-48.65196705,SPRF-SC,DEL01-SC,UOP01-DEL01-SC,2023
"534235,0",2023-06-07,quarta-feira,09:15:00,SC,282,"402,0",JOACABA,Carga excessiva e/ou mal acondicionada,Derramamento de carga,Com Vítimas Feridas,Pleno dia,Crescente,Céu Claro,Simples,Reta,Não,4,0,2,0,1,1,2,3,-27.117358,-51.631628,SPRF-SC,DEL07-SC,UOP05-DEL07-SC,2023
"534325,0",2023-07-07,sexta-feira,19:20:00,SC,282,"531,2",CORDILHEIRA ALTA,Manobra de mudança de faixa,Colisão lateral mesmo sentido,Sem Vítimas,Plena Noite,Crescente,Céu Claro,Simples,Curva,Não,3,0,0,0,3,0,0,2,-26.990747,-52.609776,SPRF-SC,DEL07-SC,UOP01-DEL07-SC,2023
"534348,0",2023-07-07,sexta-feira,15:55:00,SC,116,"69,1",MONTE CASTELO,Reação tardia ou ineficiente do condutor,Colisão transversal,Com Vítimas Feridas,Pleno dia,Decrescente,Céu Claro,Simples,Rotatória,Sim,5,0,3,0,2,0,3,2,-26.46068041,-50.22865534,SPRF-SC,DEL06-SC,UOP02-DEL06-SC,2023
"534384,0",2023-07-08,sábado,00:40:00,SC,470,"212,2",SAO CRISTOVAO DO SUL,Velocidade Incompatível,Saída de leito carroçável,Sem Vítimas,Plena Noite,Decrescente,Chuva,Simples,Reta,Não,1,0,0,0,0,1,0,1,-27.309645,-50.237347,SPRF-SC,DEL05-SC,UOP03-DEL05-SC,2023
"534419,0",2023-07-08,sábado,05:15:00,SC,153,"59,0",IRANI,Desrespeitar a preferência no cruzamento,Colisão transversal,Com Vítimas Feridas,Plena Noite,Crescente,Chuva,Simples,Interseção de Vias,Não,3,0,3,0,0,0,3,2,-26.96948856,-51.85481429,SPRF-SC,DEL07-SC,UOP04-DEL07-SC,2023
"534424,0",2023-07-08,sábado,06:45:00,SC,101,"98,0",BALNEARIO PICARRAS,Reação tardia ou ineficiente do condutor,Colisão lateral mesmo sentido,Com Vítimas Feridas,Amanhecer,Decrescente,Nublado,Múltipla,Reta,Não,3,0,2,0,1,0,2,2,-26.73760897,-48.69918789,SPRF-SC,DEL03-SC,UOP02-DEL03-SC,2023
"534456,0",2023-07-08,sábado,09:55:00,SC,282,"26,8",SANTO AMARO DA IMPERATRIZ,Acessar a via sem observar a presença dos outros veículos,Colisão transversal,Com Vítimas Feridas,Pleno dia,Crescente,Nublado,Simples,Reta;Retorno Regulamentado,Não,3,0,1,1,1,0,2,2,-27.67563274,-48.76794577,SPRF-SC,DEL01-SC,UOP03-DEL01-SC,2023
"534480,0",2023-07-08,sábado,10:34:00,SC,282,"385,0",JOACABA,Velocidade Incompatível,Saída de leito carroçável,Com Vítimas Feridas,Pleno dia,Decrescente,Chuva,Simples,Curva;Declive,Não,1,0,1,0,0,0,1,1,-27.194431,-51.515869,SPRF-SC,DEL07-SC,UOP05-DEL07-SC,2023
"534498,0",2023-07-08,sábado,13:50:00,SC,282,"28,6",SANTO AMARO DA IMPERATRIZ,Ingestão de álcool pelo condutor,Colisão frontal,Sem Vítimas,Pleno dia,Decrescente,Céu Claro,Simples,Curva,Sim,3,0,0,0,2,1,0,3,-27.67866363,-48.78650665,SPRF-SC,DEL01-SC,UOP03-DEL01-SC,2023
"534520,0",2023-07-08,sábado,16:10:00,SC,101,"221,0",PALHOCA,Ausência de reação do condutor,Colisão traseira,Com Vítimas Feridas,Pleno dia,Crescente,Céu Claro,Dupla,Viaduto;Reta,Não,3,0,1,0,1,1,1,3,-27.7041806,-48.65877986,SPRF-SC,DEL01-SC,UOP02-DEL01-SC,2023
"534766,0",2023-07-09,domingo,15:30:00,SC,101,"407,0",ARARANGUA,Desrespeitar a preferência no cruzamento,Colisão transversal,Com Vítimas Feridas,Pleno dia,Crescente,Nublado,Dupla,Reta,Não,3,0,1,0,1,2,1,4,-28.91952773,-49.49134827,SPRF-SC,DEL02-SC,UOP02-DEL02-SC,2023
"534852,0",2023-07-09,domingo,19:25:00,SC,158,"123,3",CAIBI,Transitar na contramão,Colisão lateral sentido oposto,Com Vítimas Feridas,Plena Noite,Crescente,Chuva,Simples,Curva,Não,3,0,1,0,1,2,1,4,-26.98931852,-53.22644234,SPRF-SC,DEL07-SC,UOP02-DEL07-SC,2023
"534909,0",2023-07-10,segunda-feira,06:50:00,SC,101,"225,8",PALHOCA,Acessar a via sem observar a presença dos outros veículos,Colisão lateral mesmo sentido,Sem Vítimas,Amanhecer,Crescente,Garoa/Chuvisco,Dupla,Reta,Não,3,0,0,0,2,2,0,4,-27.73292191,-48.6409567,SPRF-SC,DEL01-SC,UOP02-DEL01-SC,2023
"534919,0",2023-07-10,segunda-feira,08:20:00,SC,101,"233,7",PALHOCA,Reação tardia ou ineficiente do condutor,Colisão lateral mesmo sentido,Sem Vítimas,Pleno dia,Crescente,Nublado,Dupla,Curva;Declive,Não,3,0,0,0,2,1,0,3,-27.80922,-48.637338,SPRF-SC,DEL01-SC,UOP02-DEL01-SC,2023
"534954,0",2023-07-10,segunda-feira,12:20:00,SC,101,"198,0",SAO JOSE,Reação tardia ou ineficiente do condutor,Colisão lateral mesmo sentido,Com Vítimas Feridas,Pleno dia,Decrescente,Nublado,Dupla,Reta,Sim,2,0,2,0,0,0,2,2,-27.52658712,-48.63506019,SPRF-SC,DEL01-SC,UOP01-DEL01-SC,2023
"535021,0",2023-07-10,segunda-feira,18:30:00,SC,282,"582,1",PINHALZINHO,Transitar na contramão,Colisão frontal,Com Vítimas Feridas,Anoitecer,Crescente,Chuva,Simples,Reta,Sim,3,0,1,0,1,1,1,3,-26.826683,-53.002621,SPRF-SC,DEL07-SC,UOP02-DEL07-SC,2023
"535024,0",2023-07-10,segunda-feira,19:40:00,SC,116,"247,4",LAGES,Acessar a via sem observar a presença dos outros veículos,Colisão transversal,Com Vítimas Feridas,Plena Noite,Crescente,Chuva,Simples,Interseção de Vias;Reta,Sim,3,0,0,1,1,1,1,3,-27.81262488,-50.36859817,SPRF-SC,DEL05-SC,UOP02-DEL05-SC,2023
"535068,0",2023-07-10,segunda-feira,23:30:00,SC,101,"88,5",BARRA VELHA,Ingestão de álcool pelo condutor,Colisão lateral mesmo sentido,Sem Vítimas,Plena Noite,Crescente,Garoa/Chuvisco,Dupla,Reta,Sim,4,0,0,0,3,1,0,3,-26.655804,-48.687754,SPRF-SC,DEL03-SC,UOP02-DEL03-SC,2023
"535133,0",2023-07-11,terça-feira,10:00:00,SC,282,"67,7",RANCHO QUEIMADO,Reação tardia ou ineficiente do condutor,Colisão frontal,Com Vítimas Feridas,Pleno dia,Decrescente,Chuva,Simples,Curva;Declive,Não,6,0,2,1,2,2,3,4,-27.695963,-49.0695,SPRF-SC,DEL01-SC,UOP03-DEL01-SC,2023
"535143,0",2023-05-12,sexta-feira,10:53:00,SC,282,"124,0",BOM RETIRO,Avarias e/ou desgaste excessivo no pneu,Incêndio,Sem Vítimas,Pleno dia,Crescente,Céu Claro,Simples,Reta,Não,3,0,0,0,3,0,0,1,-27.805086,-49.450378,SPRF-SC,DEL05-SC,UOP01-DEL05-SC,2023
"535168,0",2023-07-11,terça-feira,15:00:00,SC,101,"25,2",JOINVILLE,Desrespeitar a preferência no cruzamento,Colisão frontal,Com Vítimas Feridas,Pleno dia,Decrescente,Garoa/Chuvisco,Simples,Interseção de Vias,Sim,4,0,2,0,1,1,2,3,-26.1834739,-48.9105912,SPRF-SC,DEL03-SC,UOP01-DEL03-SC,2023
"535204,0",2023-07-11,terça-feira,15:45:00,SC,282,"361,5",ERVAL VELHO,Transitar na contramão,Colisão lateral sentido oposto,Com Vítimas Fatais,Pleno dia,Crescente,Chuva,Simples,Curva;Aclive,Não,5,1,0,0,4,0,0,3,-27.3122199,-51.3706767,SPRF-SC,DEL07-SC,UOP05-DEL07-SC,2023
"535208,0",2023-06-21,quarta-feira,16:30:00,SC,101,"101,0",BALNEARIO PICARRAS,Manobra de mudança de faixa,Colisão lateral mesmo sentido,Com Vítimas Feridas,Anoitecer,Crescente,Céu Claro,Múltipla,Reta,Sim,3,0,1,0,1,1,1,3,-26.76404198,-48.68657667,SPRF-SC,DEL03-SC,UOP02-DEL03-SC,2023
"535239,0",2023-07-11,terça-feira,22:15:00,SC,280,"22,4",ARAQUARI,Condutor deixou de manter distância do veículo da frente,Colisão traseira,Com Vítimas Feridas,Plena Noite,Decrescente,Chuva,Simples,Reta,Não,3,0,0,1,1,1,1,3,-26.37092616,-48.70204099,SPRF-SC,DEL03-SC,UOP03-DEL03-SC,2023
"535358,0",2023-07-12,quarta-feira,11:36:00,SC,101,"36,8",JOINVILLE,Velocidade Incompatível,Colisão traseira,Com Vítimas Feridas,Pleno dia,Decrescente,Céu Claro,Dupla,Reta,Sim,7,0,1,0,4,2,1,5,-26.24573198,-48.9101069,SPRF-SC,DEL03-SC,UOP01-DEL03-SC,2023
"535375,0",2023-07-12,quarta-feira,09:01:00,SC,158,"138,9",PALMITOS,Pista esburacada,Eventos atípicos,Sem Vítimas,Pleno dia,Crescente,Chuva,Simples,Rotatória,Sim,1,0,0,0,1,0,0,1,-27.102938,-53.212023,SPRF-SC,DEL07-SC,UOP02-DEL07-SC,2023
"535389,0",2023-07-12,quarta-feira,13:45:00,SC,280,"113,8",SAO BENTO DO SUL,Desrespeitar a preferência no cruzamento,Colisão transversal,Com Vítimas Feridas,Pleno dia,Decrescente,Céu Claro,Simples,Interseção de Vias;Reta,Não,2,0,1,0,1,0,1,2,-26.28190073,-49.41513062,SPRF-SC,DEL06-SC,UOP03-DEL06-SC,2023
"535392,0",2023-07-12,quarta-feira,16:05:00,SC,101,"213,0",PALHOCA,Avarias e/ou desgaste excessivo no pneu,Tombamento,Com Vítimas Feridas,Pleno dia,Crescente,Nublado,Múltipla,Reta,Sim,4,0,1,0,1,2,1,3,-27.64358944,-48.67000759,SPRF-SC,DEL01-SC,UOP02-DEL01-SC,2023
"535436,0",2023-07-12,quarta-feira,20:10:00,SC,101,"132,6",BALNEARIO CAMBORIU,Condutor deixou de manter distância do veículo da frente,Engavetamento,Com Vítimas Feridas,Plena Noite,Crescente,Chuva,Múltipla,Reta,Sim,4,0,1,0,2,3,1,6,-26.99654133,-48.65564711,SPRF-SC,DEL04-SC,UOP03-DEL04-SC,2023
"535441,0",2023-07-12,quarta-feira,12:00:00,SC,282,"16,0",PALHOCA,Ultrapassagem Indevida,Colisão transversal,Com Vítimas Feridas,Pleno dia,Decrescente,Garoa/Chuvisco,Dupla,Reta,Sim,2,0,0,1,1,0,1,2,-27.658611,-48.681847,SPRF-SC,DEL01-SC,UOP02-DEL01-SC,2023
"535512,0",2023-07-13,quinta-feira,08:50:00,SC,282,"383,8",JOACABA,Frear bruscamente,Engavetamento,Com Vítimas Feridas,Pleno dia,Decrescente,Céu Claro,Simples,Reta;Ponte,Não,4,0,1,0,1,3,1,5,-27.20160629,-51.50888443,SPRF-SC,DEL07-SC,UOP05-DEL07-SC,2023
"535526,0",2023-07-13,quinta-feira,09:20:00,SC,116,"41,8",ITAIOPOLIS,Manobra de mudança de faixa,Colisão lateral mesmo sentido,Com Vítimas Feridas,Pleno dia,Decrescente,Céu Claro,Simples,Reta,Não,2,0,1,0,1,0,1,2,-26.33771152,-50.07228395,SPRF-SC,DEL06-SC,UOP01-DEL06-SC,2023
"535544,0",2023-07-13,quinta-feira,10:30:00,SC,101,"8,0",GARUVA,Demais Fenômenos da natureza,Tombamento,Com Vítimas Feridas,Pleno dia,Decrescente,Vento,Dupla,Reta,Não,2,0,1,0,1,0,1,1,-26.044942,-48.859703,SPRF-SC,DEL03-SC,UOP01-DEL03-SC,2023
"535566,0",2023-07-13,quinta-feira,15:40:00,SC,101,"195,9",BIGUACU,Reação tardia ou ineficiente do condutor,Colisão traseira,Com Vítimas Feridas,Pleno dia,Crescente,Céu Claro,Múltipla,Reta,Sim,3,0,1,0,2,0,1,3,-27.5047092,-48.65010819,SPRF-SC,DEL01-SC,UOP01-DEL01-SC,2023
"535611,0",2023-07-13,quinta-feira,18:30:00,SC,101,"208,0",SAO JOSE,Trafegar com motocicleta (ou similar) entre as faixas,Colisão traseira,Com Vítimas Feridas,Anoitecer,Crescente,Nublado,Múltipla,Aclive;Reta,Sim,2,0,1,0,1,0,1,2,-27.60327979,-48.63201818,SPRF-SC,DEL01-SC,UOP01-DEL01-SC,2023
"535683,0",2023-07-13,quinta-feira,18:30:00,SC,282,"273,7",SAO JOSE DO CERRITO,Chuva,Colisão frontal,Com Vítimas Feridas,Plena Noite,Crescente,Céu Claro,Simples,Curva,Não,3,0,0,1,1,1,1,3,-27.613783,-50.706783,SPRF-SC,DEL05-SC,UOP02-DEL05-SC,2023
"535712,0",2023-05-19,sexta-feira,05:00:00,SC,470,"84,8",RODEIO,Acessar a via sem observar a presença dos outros veículos,Colisão transversal,Com Vítimas Feridas,Amanhecer,Decrescente,Céu Claro,Simples,Reta,Não,3,0,1,0,2,0,1,2,-26.96137,-49.342415,SPRF-SC,DEL04-SC,UOP01-DEL04-SC,2023
"535715,0",2023-01-25,quarta-feira,17:10:00,SC,470,"188,0",POUSO REDONDO,Demais falhas mecânicas ou elétricas,Incêndio,Sem Vítimas,Pleno dia,Decrescente,Ignorado,Simples,Reta,Não,2,0,0,0,1,1,0,2,-27.26683719,-50.05989075,SPRF-SC,DEL04-SC,UOP02-DEL04-SC,2023
"535729,0",2023-07-14,sexta-feira,09:50:00,SC,470,"148,0",AGRONOMICA,Transitar na contramão,Colisão frontal,Com Vítimas Feridas,Pleno dia,Decrescente,Sol,Simples,Reta,Não,3,0,1,1,0,1,2,3,-27.24745698,-49.69617248,SPRF-SC,DEL04-SC,UOP02-DEL04-SC,2023
"535757,0",2023-07-14,sexta-feira,06:10:00,SC,101,"405,8",ARARANGUA,Ausência de reação do condutor,Colisão lateral mesmo sentido,Com Vítimas Feridas,Pleno dia,Decrescente,Sol,Dupla,Reta,Não,3,0,1,0,1,2,1,4,-28.88548916,-49.4630158,SPRF-SC,DEL02-SC,UOP02-DEL02-SC,2023
"535785,0",2023-07-14,sexta-feira,16:10:00,SC,282,"17,4",PALHOCA,Acessar a via sem observar a presença dos outros veículos,Colisão transversal,Com Vítimas Feridas,Pleno dia,Decrescente,Céu Claro,Simples,Retorno Regulamentado,Sim,2,0,1,0,1,0,1,2,-27.665707,-48.688065,SPRF-SC,DEL01-SC,UOP02-DEL01-SC,2023
"535849,0",2023-05-31,quarta-feira,17:15:00,SC,282,"539,9",CHAPECO,Acessar a via sem observar a presença dos outros veículos,Colisão transversal,Com Vítimas Fatais,Pleno dia,Crescente,Sol,Simples,Curva;Interseção de Vias,Não,4,1,0,0,1,3,0,5,-26.9925577,-52.6887614,SPRF-SC,DEL07-SC,UOP01-DEL07-SC,2023
"535906,0",2023-07-14,sexta-feira,22:15:00,SC,101,"24,9",JOINVILLE,Ausência de reação do condutor,Colisão traseira,Com Vítimas Feridas,Plena Noite,Crescente,Céu Claro,Dupla,Reta,Sim,11,0,2,3,5,3,5,8,-26.17483309,-48.90767978,SPRF-SC,DEL03-SC,UOP01-DEL03-SC,2023
"535944,0",2023-07-15,sábado,05:50:00,SC,282,"571,0",NOVA ERECHIM,Manobra de mudança de faixa,Colisão traseira,Com Vítimas Feridas,Plena Noite,Decrescente,Nevoeiro/Neblina,Simples,Reta,Sim,2,0,1,0,1,0,1,2,-26.883053,-52.939816,SPRF-SC,DEL07-SC,UOP02-DEL07-SC,2023
"535968,0",2023-07-15,sábado,09:55:00,SC,158,"101,1",CUNHA PORA,Desrespeitar a preferência no cruzamento,Colisão transversal,Com Vítimas Feridas,Pleno dia,Decrescente,Céu Claro,Simples,Declive;Reta,Não,3,0,1,0,1,1,1,3,-26.82899985,-53.18089264,SPRF-SC,DEL07-SC,UOP02-DEL07-SC,2023
"536067,0",2023-07-15,sábado,19:10:00,SC,101,"134,0",BALNEARIO CAMBORIU,Trafegar com motocicleta (ou similar) entre as faixas,Colisão lateral mesmo sentido,Com Vítimas Feridas,Pleno dia,Crescente,Nublado,Múltipla,Reta,Sim,3,0,0,1,1,3,1,5,-27.00218,-48.636433,SPRF-SC,DEL04-SC,UOP03-DEL04-SC,2023
"536134,0",2023-07-16,domingo,04:00:00,SC,282,"645,1",SAO MIGUEL DO OESTE,Ausência de reação do condutor,Colisão frontal,Com Vítimas Feridas,Plena Noite,Decrescente,Céu Claro,Simples,Reta,Não,2,0,1,0,1,0,1,2,-26.765184,-53.487823,SPRF-SC,DEL07-SC,UOP03-DEL07-SC,2023
"536150,0",2023-07-16,domingo,05:30:00,SC,101,"106,0",PENHA,Velocidade Incompatível,Saída de leito carroçável,Sem Vítimas,Plena Noite,Decrescente,Nevoeiro/Neblina,Dupla,Curva,Não,3,0,0,0,2,1,0,2,-26.81693585,-48.68293047,SPRF-SC,DEL03-SC,UOP02-DEL03-SC,2023
"536244,0",2023-07-16,domingo,16:30:00,SC,101,"12,0",GARUVA,Velocidade Incompatível,Colisão traseira,Com Vítimas Feridas,Pleno dia,Crescente,Nublado,Dupla,Aclive;Reta,Não,6,0,3,0,2,1,3,6,-26.08104399,-48.86175612,SPRF-SC,DEL03-SC,UOP01-DEL03-SC,2023
"536246,0",2023-07-16,domingo,17:00:00,SC,280,"98,6",SAO BENTO DO SUL,Velocidade Incompatível,Tombamento,Com Vítimas Fatais,Pleno dia,Crescente,Céu Claro,Simples,Curva;Aclive,Não,2,1,0,0,0,1,0,2,-26.37111848,-49.32696104,SPRF-SC,DEL06-SC,UOP03-DEL06-SC,2023
"536306,0",2023-07-16,domingo,20:30:00,SC,101,"11,5",GARUVA,Problema na suspensão,Colisão lateral mesmo sentido,Com Vítimas Feridas,Plena Noite,Crescente,Nublado,Dupla,Reta,Não,3,0,1,0,1,2,1,4,-26.07202503,-48.86100853,SPRF-SC,DEL03-SC,UOP01-DEL03-SC,2023
"536325,0",2023-07-16,domingo,22:30:00,SC,280,"22,3",ARAQUARI,Ingestão de álcool pelo condutor,Saída de leito carroçável,Com Vítimas Feridas,Plena Noite,Decrescente,Nublado,Simples,Reta,Não,3,0,1,0,1,1,1,2,-26.37092616,-48.70204099,SPRF-SC,DEL03-SC,UOP03-DEL03-SC,2023
"536360,0",2023-07-17,segunda-feira,05:00:00,SC,101,"174,1",BIGUACU,Estacionar ou parar em local proibido,Colisão traseira,Com Vítimas Feridas,Plena Noite,Crescente,Céu Claro,Dupla,Reta,Não,2,0,0,1,1,0,1,2,-27.33081601,-48.62697562,SPRF-SC,DEL01-SC,UOP01-DEL01-SC,2023
"536388,0",2023-07-14,sexta-feira,17:15:00,SC,282,"611,5",MARAVILHA,Reação tardia ou ineficiente do condutor,Colisão frontal,Com Vítimas Feridas,Pleno dia,Decrescente,Céu Claro,Simples,Declive;Reta,Não,3,0,1,0,2,0,1,3,-26.75906,-53.248955,SPRF-SC,DEL07-SC,UOP02-DEL07-SC,2023
"536547,0",2023-07-17,segunda-feira,14:15:00,SC,280,"303,5",PORTO UNIAO,Curva acentuada,Tombamento,Com Vítimas Feridas,Pleno dia,Crescente,Nublado,Simples,Interseção de Vias,Sim,2,0,2,0,0,0,2,1,-26.27999553,-51.05063229,SPRF-SC,DEL06-SC,UOP04-DEL06-SC,2023
"536552,0",2023-07-17,segunda-feira,17:40:00,SC,280,"291,3",PORTO UNIAO,Frear bruscamente,Tombamento,Sem Vítimas,Anoitecer,Crescente,Nublado,Simples,Reta;Rotatória,Não,2,0,0,0,1,2,0,3,-26.29569109,-50.93533704,SPRF-SC,DEL06-SC,UOP04-DEL06-SC,2023
"536682,0",2023-07-18,terça-feira,16:00:00,SC,280,"33,0",ARAQUARI,Ausência de reação do condutor,Tombamento,Sem Vítimas,Pleno dia,Decrescente,Garoa/Chuvisco,Simples,Reta,Sim,2,0,0,0,1,3,0,4,-26.42576441,-48.78741376,SPRF-SC,DEL03-SC,UOP03-DEL03-SC,2023
"536808,0",2023-07-19,quarta-feira,13:10:00,SC,101,"3,0",GARUVA,Demais falhas mecânicas ou elétricas,Colisão com objeto,Sem Vítimas,Pleno dia,Crescente,Nublado,Múltipla,Curva;Declive,Não,2,0,0,0,1,2,0,3,-26.004,-48.8717,SPRF-SC,DEL03-SC,UOP01-DEL03-SC,2023
"536827,0",2023-07-19,quarta-feira,11:15:00,SC,470,"126,6",LONTRAS,Acessar a via sem observar a presença dos outros veículos,Colisão transversal,Sem Vítimas,Pleno dia,Decrescente,Nublado,Simples,Retorno Regulamentado,Não,2,0,0,0,2,0,0,2,-27.129,-49.538277,SPRF-SC,DEL04-SC,UOP02-DEL04-SC,2023
"536885,0",2023-07-19,quarta-feira,19:40:00,SC,101,"115,4",ITAJAI,Demais falhas mecânicas ou elétricas,Incêndio,Sem Vítimas,Plena Noite,Crescente,Céu Claro,Múltipla,Reta,Sim,2,0,0,0,1,1,0,2,-26.87064015,-48.72954134,SPRF-SC,DEL04-SC,UOP04-DEL04-SC,2023
"536912,0",2023-07-20,quinta-feira,01:00:00,SC,101,"402,0",MARACAJA,Ingestão de álcool pelo condutor,Saída de leito carroçável,Sem Vítimas,Plena Noite,Crescente,Chuva,Dupla,Reta,Não,2,0,0,0,1,1,0,2,-28.85594274,-49.44019434,SPRF-SC,DEL02-SC,UOP02-DEL02-SC,2023
"536926,0",2023-07-20,quinta-feira,04:15:00,SC,116,"113,1",SANTA CECILIA,Condutor Dormindo,Colisão lateral sentido oposto,Com Vítimas Feridas,Plena Noite,Decrescente,Garoa/Chuvisco,Simples,Reta,Não,4,0,1,0,2,1,1,4,-26.78591907,-50.34487121,SPRF-SC,DEL06-SC,UOP02-DEL06-SC,2023
"536947,0",2023-07-20,quinta-feira,09:10:00,SC,101,"207,0",SAO JOSE,Ausência de reação do condutor,Colisão traseira,Com Vítimas Feridas,Pleno dia,Crescente,Garoa/Chuvisco,Múltipla,Reta,Não,2,0,1,0,1,0,1,2,-27.60001226,-48.6226467,SPRF-SC,DEL01-SC,UOP01-DEL01-SC,2023
"536989,0",2023-07-20,quinta-feira,10:27:00,SC,470,"48,5",BLUMENAU,Ultrapassagem Indevida,Colisão lateral mesmo sentido,Com Vítimas Fatais,Pleno dia,Decrescente,Garoa/Chuvisco,Dupla,Em Obras;Reta,Sim,4,1,0,0,1,3,0,5,-26.85955742,-49.06154037,SPRF-SC,DEL04-SC,UOP01-DEL04-SC,2023
"537004,0",2023-07-20,quinta-feira,10:40:00,SC,282,"54,0",RANCHO QUEIMADO,Ultrapassagem Indevida,Colisão frontal,Com Vítimas Feridas,Pleno dia,Crescente,Garoa/Chuvisco,Simples,Reta,Não,4,0,0,1,2,1,1,4,-27.685799,-48.974514,SPRF-SC,DEL01-SC,UOP03-DEL01-SC,2023
"537063,0",2023-07-20,quinta-feira,20:20:00,SC,282,"210,7",LAGES,Deficiência do Sistema de Iluminação/Sinalização,Colisão traseira,Com Vítimas Feridas,Plena Noite,Decrescente,Garoa/Chuvisco,Dupla,Aclive;Reta,Não,3,0,0,1,2,0,1,2,-27.778582,-50.231815,SPRF-SC,DEL05-SC,UOP01-DEL05-SC,2023
"537076,0",2023-07-20,quinta-feira,23:07:00,SC,101,"399,0",MARACAJA,Transitar na contramão,Colisão frontal,Com Vítimas Feridas,Plena Noite,Crescente,Céu Claro,Múltipla,Reta,Não,8,0,1,0,6,2,1,5,-28.84171475,-49.42814418,SPRF-SC,DEL02-SC,UOP02-DEL02-SC,2023
"537077,0",2023-07-21,sexta-feira,01:35:00,SC,470,"58,1",BLUMENAU,Ingestão de álcool pelo condutor,Colisão frontal,Com Vítimas Feridas,Plena Noite,Decrescente,Garoa/Chuvisco,Simples,Reta,Sim,3,0,1,0,1,1,1,3,-26.88425844,-49.14753199,SPRF-SC,DEL04-SC,UOP01-DEL04-SC,2023
"537182,0",2023-07-21,sexta-feira,13:15:00,SC,116,"35,0",ITAIOPOLIS,Reação tardia ou ineficiente do condutor,Colisão lateral sentido oposto,Com Vítimas Feridas,Pleno dia,Decrescente,Nublado,Simples,Reta,Não,4,0,3,0,1,0,3,2,-26.33588885,-50.00519808,SPRF-SC,DEL06-SC,UOP01-DEL06-SC,2023