id,data_inversa,dia_semana,horario,uf,br,km,municipio,causa_acidente,tipo_acidente,classificacao_acidente,fase_dia,sentido_via,condicao_metereologica,tipo_pista,tracado_via,uso_solo,pessoas,mortos,feridos_leves,feridos_graves,ilesos,ignorados,feridos,veiculos,latitude,longitude,regional,delegacia,uop,ano_arquivo
"537199,0",2023-07-21,sexta-feira,16:50:00,SC,101,"192,4",BIGUACU,Manobra de mudança de faixa,Colisão lateral mesmo sentido,Com Vítimas Feridas,Pleno dia,Decrescente,Céu Claro,Múltipla,Reta,Sim,4,0,1,0,2,2,1,4,-27.48443781,-48.64765238,SPRF-SC,DEL01-SC,UOP01-DEL01-SC,2023
"537200,0",2023-07-21,sexta-feira,16:00:00,SC,101,"138,0",BALNEARIO CAMBORIU,Reação tardia ou ineficiente do condutor,Colisão traseira,Com Vítimas Feridas,Pleno dia,Decrescente,Nublado,Dupla,Reta,Sim,4,0,1,0,1,3,1,5,-27.02397426,-48.60761649,SPRF-SC,DEL04-SC,UOP03-DEL04-SC,2023
"537343,0",2023-07-22,sábado,06:40:00,SC,116,"276,9",SAO CRISTOVAO DO SUL,Ausência de reação do condutor,Colisão traseira,Com Vítimas Feridas,Amanhecer,Decrescente,Nublado,Simples,Reta,Não,6,0,2,0,4,0,2,4,-27.24608345,-50.45900345,SPRF-SC,DEL05-SC,UOP02-DEL05-SC,2023
"537401,0",2023-07-22,sábado,12:30:00,SC,101,"106,0",PENHA,Manobra de mudança de faixa,Colisão lateral mesmo sentido,Sem Vítimas,Pleno dia,Crescente,Sol,Dupla,Curva,Não,5,0,0,0,4,2,0,6,-26.81031601,-48.68293896,SPRF-SC,DEL03-SC,UOP02-DEL03-SC,2023
"537502,0",2023-05-22,segunda-feira,06:27:00,SC,101,"114,0",ITAJAI,Ausência de reação do condutor,Engavetamento,Com Vítimas Feridas,Amanhecer,Crescente,Nublado,Dupla,Reta,Não,5,0,1,0,3,1,1,5,-26.86192886,-48.7286704,SPRF-SC,DEL04-SC,UOP04-DEL04-SC,2023
"537583,0",2023-07-23,domingo,04:10:00,SC,470,"319,9",CAMPOS NOVOS,Ingestão de álcool pelo condutor,Colisão frontal,Com Vítimas Feridas,Amanhecer,Crescente,Céu Claro,Simples,Declive;Curva,Não,3,0,0,1,1,2,1,4,-27.409864,-51.224949,SPRF-SC,DEL07-SC,UOP06-DEL07-SC,2023
"537587,0",2023-07-22,sábado,23:45:00,SC,470,"193,9",POUSO REDONDO,Ausência de sinalização,Colisão lateral sentido oposto,Com Vítimas Feridas,Plena Noite,Crescente,Nevoeiro/Neblina,Simples,Curva,Não,2,0,1,0,1,0,1,2,-27.30047749,-50.08036137,SPRF-SC,DEL04-SC,UOP02-DEL04-SC,2023
"537607,0",2023-07-23,domingo,09:10:00,SC,116,"193,1",PONTE ALTA,Velocidade Incompatível,Tombamento,Com Vítimas Feridas,Pleno dia,Decrescente,Nublado,Simples,Curva,Não,2,0,1,0,0,1,1,2,-27.37129308,-50.42970441,SPRF-SC,DEL05-SC,UOP03-DEL05-SC,2023
"537618,0",2023-07-03,segunda-feira,19:38:00,SC,282,"528,0",XAXIM,Reação tardia ou ineficiente do condutor,Colisão transversal,Com Vítimas Feridas,Plena Noite,Decrescente,Céu Claro,Simples,Curva,Não,3,0,2,0,1,0,2,2,-26.978798,-52.588566,SPRF-SC,DEL07-SC,UOP01-DEL07-SC,2023
"537650,0",2023-07-23,domingo,10:45:00,SC,282,"443,0",PONTE SERRADA,Ultrapassagem Indevida,Colisão lateral mesmo sentido,Com Vítimas Feridas,Pleno dia,Crescente,Sol,Simples,Aclive,Não,4,0,2,0,1,1,2,3,-26.91962097,-51.88493013,SPRF-SC,DEL07-SC,UOP04-DEL07-SC,2023
"537851,0",2023-07-24,segunda-feira,07:50:00,SC,101,"216,0",PALHOCA,Reação tardia ou ineficiente do condutor,Colisão lateral mesmo sentido,Com Vítimas Feridas,Pleno dia,Decrescente,Sol,Múltipla,Reta,Sim,3,0,1,0,1,1,1,3,-27.65981409,-48.67747798,SPRF-SC,DEL01-SC,UOP02-DEL01-SC,2023
"537877,0",2023-07-24,segunda-feira,09:55:00,SC,282,"16,7",PALHOCA,Ausência de reação do condutor,Colisão traseira,Com Vítimas Feridas,Pleno dia,Decrescente,Céu Claro,Dupla,Reta,Sim,3,0,0,1,2,0,1,2,-27.658611,-48.681847,SPRF-SC,DEL01-SC,UOP02-DEL01-SC,2023
"537921,0",2023-07-24,segunda-feira,10:45:00,SC,470,"23,0",ILHOTA,Ausência de reação do condutor,Colisão traseira,Sem Vítimas,Pleno dia,Decrescente,Céu Claro,Dupla,Curva,Não,2,0,0,0,1,1,0,2,-26.880913,-48.846237,SPRF-SC,DEL04-SC,UOP04-DEL04-SC,2023
"537956,0",2023-07-24,segunda-feira,08:50:00,SC,116,"202,4",PONTE ALTA,Reação tardia ou ineficiente do condutor,Tombamento,Com Vítimas Fatais,Pleno dia,Decrescente,Nublado,Simples,Curva;Aclive,Não,6,1,3,1,0,1,4,3,-27.4423967,-50.3955247,SPRF-SC,DEL05-SC,UOP03-DEL05-SC,2023
"537981,0",2023-07-24,segunda-feira,15:00:00,SC,282,"575,0",PINHALZINHO,Mal súbito do condutor,Colisão frontal,Com Vítimas Feridas,Pleno dia,Decrescente,Céu Claro,Simples,Declive,Não,3,0,1,0,2,0,1,3,-26.87224429,-52.95773649,SPRF-SC,DEL07-SC,UOP02-DEL07-SC,2023
"537988,0",2023-07-24,segunda-feira,15:15:00,SC,470,"1,5",NAVEGANTES,Mal súbito do condutor,Saída de leito carroçável,Com Vítimas Fatais,Pleno dia,Decrescente,Nublado,Múltipla,Em Obras;Reta,Sim,1,1,0,0,0,0,0,1,-26.871821,-48.671951,SPRF-SC,DEL04-SC,UOP04-DEL04-SC,2023
"537996,0",2023-07-24,segunda-feira,16:10:00,SC,470,"60,0",BLUMENAU,Ultrapassagem Indevida,Colisão traseira,Com Vítimas Feridas,Pleno dia,Decrescente,Sol,Simples,Reta,Sim,2,0,0,1,1,0,1,2,-26.88138,-49.164543,SPRF-SC,DEL04-SC,UOP01-DEL04-SC,2023
"538069,0",2023-07-25,terça-feira,11:00:00,SC,101,"191,5",BIGUACU,Reação tardia ou ineficiente do condutor,Colisão lateral mesmo sentido,Sem Vítimas,Pleno dia,Decrescente,Céu Claro,Dupla,Reta,Sim,3,0,0,0,2,1,0,3,-27.47730273,-48.64127329,SPRF-SC,DEL01-SC,UOP01-DEL01-SC,2023
"538076,0",2023-07-25,terça-feira,09:40:00,SC,101,"232,2",PALHOCA,Entrada inopinada do pedestre,Atropelamento de Pedestre,Com Vítimas Feridas,Pleno dia,Decrescente,Céu Claro,Dupla,Curva;Declive,Não,3,0,0,1,1,1,1,3,-27.795666,-48.638153,SPRF-SC,DEL01-SC,UOP02-DEL01-SC,2023
"538179,0",2023-07-25,terça-feira,21:15:00,SC,101,"134,8",BALNEARIO CAMBORIU,Condutor deixou de manter distância do veículo da frente,Colisão traseira,Sem Vítimas,Plena Noite,Crescente,Céu Claro,Dupla,Reta,Sim,4,0,0,0,4,0,0,2,-27.00218,-48.636433,SPRF-SC,DEL04-SC,UOP03-DEL04-SC,2023
"538187,0",2023-07-25,terça-feira,22:20:00,SC,101,"207,8",SAO JOSE,Velocidade Incompatível,Colisão traseira,Com Vítimas Feridas,Plena Noite,Decrescente,Nublado,Múltipla,Reta,Sim,3,0,0,1,1,1,1,3,-27.60001226,-48.6226467,SPRF-SC,DEL01-SC,UOP01-DEL01-SC,2023
"538195,0",2023-07-25,terça-feira,22:50:00,SC,282,"524,0",XAXIM,Animais na Pista,Atropelamento de Animal,Com Vítimas Feridas,Plena Noite,Decrescente,Céu Claro,Simples,Aclive;Reta,Não,4,0,1,0,2,1,1,3,-26.965002,-52.557384,SPRF-SC,DEL07-SC,UOP01-DEL07-SC,2023
"538205,0",2023-07-26,quarta-feira,01:00:00,SC,101,"133,0",BALNEARIO CAMBORIU,Demais falhas mecânicas ou elétricas,Incêndio,Sem Vítimas,Plena Noite,Decrescente,Nublado,Múltipla,Reta,Sim,1,0,0,0,1,0,0,1,-26.99936,-48.64609,SPRF-SC,DEL04-SC,UOP03-DEL04-SC,2023
"538228,0",2023-07-26,quarta-feira,06:14:00,SC,470,"95,0",ASCURRA,Acessar a via sem observar a presença dos outros veículos,Colisão frontal,Com Vítimas Feridas,Amanhecer,Decrescente,Céu Claro,Simples,Curva,Não,2,0,1,0,1,0,1,2,-27.011988,-49.372101,SPRF-SC,DEL04-SC,UOP01-DEL04-SC,2023
"538259,0",2023-07-26,quarta-feira,09:35:00,SC,101,"209,2",SAO JOSE,Desrespeitar a preferência no cruzamento,Colisão transversal,Com Vítimas Feridas,Pleno dia,Decrescente,Céu Claro,Simples,Interseção de Vias,Sim,2,0,1,0,1,0,1,2,-27.61000542,-48.63895057,SPRF-SC,DEL01-SC,UOP01-DEL01-SC,2023
"538260,0",2023-07-26,quarta-feira,09:20:00,SC,470,"19,0",ILHOTA,Redutor de velocidade em desacordo,Tombamento,Com Vítimas Feridas,Pleno dia,Crescente,Céu Claro,Dupla,Em Obras;Desvio Temporário,Não,5,0,3,0,1,1,3,2,-26.862995,-48.814396,SPRF-SC,DEL04-SC,UOP04-DEL04-SC,2023
"538262,0",2023-07-26,quarta-feira,10:25:00,SC,470,"137,0",RIO DO SUL,Desrespeitar a preferência no cruzamento,Colisão transversal,Com Vítimas Feridas,Pleno dia,Crescente,Céu Claro,Simples,Interseção de Vias,Não,3,0,2,0,1,0,2,2,-27.203201,-49.635063,SPRF-SC,DEL04-SC,UOP02-DEL04-SC,2023
"538293,0",2023-07-26,quarta-feira,14:10:00,SC,101,"137,0",BALNEARIO CAMBORIU,Condutor deixou de manter distância do veículo da frente,Colisão traseira,Sem Vítimas,Pleno dia,Decrescente,Céu Claro,Múltipla,Aclive;Reta,Sim,3,0,0,0,2,1,0,3,-27.0157238,-48.61192763,SPRF-SC,DEL04-SC,UOP03-DEL04-SC,2023
"538307,0",2023-07-26,quarta-feira,15:25:00,SC,116,"207,0",PONTE ALTA,Ausência de reação do condutor,Colisão traseira,Com Vítimas Feridas,Pleno dia,Crescente,Chuva,Simples,Interseção de Vias;Reta,Sim,2,0,1,0,0,1,1,2,-27.48199748,-50.37911479,SPRF-SC,DEL05-SC,UOP03-DEL05-SC,2023
"538312,0",2023-07-26,quarta-feira,12:28:00,SC,158,"126,0",CAIBI,Mal súbito do condutor,Colisão frontal,Com Vítimas Fatais,Pleno dia,Decrescente,Céu Claro,Simples,Curva,Não,3,1,0,0,1,1,0,3,-27.0109242,-53.224917,SPRF-SC,DEL07-SC,UOP02-DEL07-SC,2023
"538346,0",2023-07-26,quarta-feira,18:05:00,SC,163,"69,0",SAO MIGUEL DO OESTE,Reação tardia ou ineficiente do condutor,Colisão transversal,Com Vítimas Feridas,Anoitecer,Decrescente,Nublado,Dupla,Reta,Sim,3,0,0,1,1,1,1,3,-26.74164378,-53.50113273,SPRF-SC,DEL07-SC,UOP03-DEL07-SC,2023
"538432,0",2023-07-27,quinta-feira,06:25:00,SC,116,"173,0",SAO CRISTOVAO DO SUL,Carga excessiva e/ou mal acondicionada,Derramamento de carga,Sem Vítimas,Amanhecer,Decrescente,Nublado,Simples,Reta,Não,8,0,0,0,8,0,0,4,-27.22247044,-50.46194851,SPRF-SC,DEL05-SC,UOP03-DEL05-SC,2023
"538473,0",2023-07-12,quarta-feira,09:10:00,SC,101,"414,5",ARARANGUA,Reação tardia ou ineficiente do condutor,Saída de leito carroçável,Com Vítimas Feridas,Pleno dia,Decrescente,Chuva,Dupla,Curva,Não,2,0,1,0,1,0,1,1,-28.961744,-49.52235,SPRF-SC,DEL02-SC,UOP02-DEL02-SC,2023
"538483,0",2023-07-27,quinta-feira,14:15:00,SC,101,"214,0",PALHOCA,Ausência de reação do condutor,Colisão lateral mesmo sentido,Com Vítimas Feridas,Pleno dia,Decrescente,Nublado,Dupla,Reta,Sim,8,0,3,0,4,1,3,5,-27.64443,-48.67057,SPRF-SC,DEL01-SC,UOP02-DEL01-SC,2023
"538521,0",2023-07-27,quinta-feira,16:50:00,SC,470,"62,0",INDAIAL,Acessar a via sem observar a presença dos outros veículos,Colisão transversal,Com Vítimas Feridas,Pleno dia,Crescente,Céu Claro,Simples,Reta,Não,2,0,1,0,1,0,1,2,-26.874521,-49.182938,SPRF-SC,DEL04-SC,UOP01-DEL04-SC,2023
"538549,0",2023-07-27,quinta-feira,17:35:00,SC,470,"225,4",SAO CRISTOVAO DO SUL,Velocidade Incompatível,Colisão frontal,Com Vítimas Feridas,Anoitecer,Decrescente,Nublado,Simples,Curva,Não,3,0,1,0,1,1,1,3,-27.32673043,-50.35802364,SPRF-SC,DEL05-SC,UOP03-DEL05-SC,2023
"538588,0",2023-07-28,sexta-feira,00:05:00,SC,101,"207,0",SAO JOSE,Trafegar com motocicleta (ou similar) entre as faixas,Colisão traseira,Com Vítimas Feridas,Plena Noite,Crescente,Céu Claro,Dupla,Reta,Sim,3,0,0,1,1,1,1,3,-27.60001226,-48.6226467,SPRF-SC,DEL01-SC,UOP01-DEL01-SC,2023
"538590,0",2023-07-27,quinta-feira,22:10:00,SC,282,"459,5",PONTE SERRADA,Acessar a via sem observar a presença dos outros veículos,Atropelamento de Pedestre,Com Vítimas Feridas,Plena Noite,Crescente,Nublado,Simples,Reta,Sim,5,0,0,2,1,2,2,3,-26.863695,-52.024818,SPRF-SC,DEL07-SC,UOP04-DEL07-SC,2023
"538656,0",2023-07-28,sexta-feira,11:00:00,SC,101,"203,0",SAO JOSE,Condutor deixou de manter distância do veículo da frente,Engavetamento,Com Vítimas Feridas,Pleno dia,Crescente,Nublado,Múltipla,Reta,Sim,5,0,1,0,3,1,1,5,-27.5650044,-48.61460082,SPRF-SC,DEL01-SC,UOP01-DEL01-SC,2023
"538675,0",2023-07-28,sexta-feira,09:10:00,SC,470,"218,0",SAO CRISTOVAO DO SUL,Ausência de reação do condutor,Colisão traseira,Com Vítimas Feridas,Pleno dia,Crescente,Nublado,Dupla,Reta;Aclive,Não,6,0,1,0,4,1,1,3,-27.297842,-50.294914,SPRF-SC,DEL05-SC,UOP03-DEL05-SC,2023
"538686,0",2023-06-17,sábado,05:40:00,SC,470,"104,5",APIUNA,Ingestão de substâncias psicoativas pelo condutor,Colisão frontal,Com Vítimas Fatais,Amanhecer,Decrescente,Céu Claro,Simples,Curva,Não,2,1,0,0,1,0,0,2,-27.0651103,-49.4161369,SPRF-SC,DEL04-SC,UOP02-DEL04-SC,2023
"538802,0",2023-07-28,sexta-feira,21:00:00,SC,282,"439,0",IRANI,Condutor Dormindo,Saída de leito carroçável,Com Vítimas Feridas,Plena Noite,Crescente,Nublado,Simples,Curva,Não,2,0,1,0,0,1,1,2,-26.945671,-51.861717,SPRF-SC,DEL07-SC,UOP04-DEL07-SC,2023
"538856,0",2023-07-29,sábado,05:00:00,SC,280,"125,7",RIO NEGRINHO,Pista Escorregadia,Colisão com objeto,Sem Vítimas,Plena Noite,Crescente,Garoa/Chuvisco,Simples,Reta;Declive,Sim,4,0,0,0,3,1,0,3,-26.24128863,-49.50991988,SPRF-SC,DEL06-SC,UOP03-DEL06-SC,2023
"538886,0",2023-07-29,sábado,08:15:00,SC,101,"329,1",TUBARAO,Reação tardia ou ineficiente do condutor,Colisão lateral mesmo sentido,Com Vítimas Feridas,Pleno dia,Crescente,Céu Claro,Dupla,Curva,Não,3,0,1,0,1,2,1,4,-28.45232641,-48.97488356,SPRF-SC,DEL02-SC,UOP01-DEL02-SC,2023
"538888,0",2023-07-13,quinta-feira,22:00:00,SC,116,"107,8",MONTE CASTELO,Reação tardia ou ineficiente do condutor,Tombamento,Com Vítimas Feridas,Plena Noite,Decrescente,Garoa/Chuvisco,Simples,Curva,Não,2,0,1,0,0,1,1,2,-26.75568818,-50.32812388,SPRF-SC,DEL06-SC,UOP02-DEL06-SC,2023
"538942,0",2023-07-29,sábado,13:50:00,SC,280,"56,0",GUARAMIRIM,Desrespeitar a preferência no cruzamento,Colisão transversal,Com Vítimas Feridas,Pleno dia,Decrescente,Nublado,Simples,Rotatória,Sim,6,0,2,0,3,1,2,3,-26.47947677,-49.00298702,SPRF-SC,DEL03-SC,UOP03-DEL03-SC,2023
"539058,0",2023-07-29,sábado,22:15:00,SC,101,"47,9",JOINVILLE,Velocidade Incompatível,Colisão traseira,Com Vítimas Feridas,Plena Noite,Crescente,Nublado,Dupla,Aclive;Reta,Sim,4,0,1,0,2,1,1,3,-26.34234997,-48.85840089,SPRF-SC,DEL03-SC,UOP01-DEL03-SC,2023
"539156,0",2023-07-30,domingo,07:45:00,SC,116,"40,0",ITAIOPOLIS,Ausência de reação do condutor,Colisão lateral sentido oposto,Com Vítimas Feridas,Pleno dia,Decrescente,Nublado,Simples,Aclive;Reta,Não,5,0,1,1,3,0,2,3,-26.34149288,-50.05296894,SPRF-SC,DEL06-SC,UOP01-DEL06-SC,2023
"539317,0",2023-07-31,segunda-feira,00:23:00,SC,470,"272,2",BRUNOPOLIS,Velocidade Incompatível,Colisão traseira,Com Vítimas Feridas,Plena Noite,Decrescente,Nevoeiro/Neblina,Simples,Reta,Não,3,0,1,0,1,1,1,3,-27.325785,-50.78363,SPRF-SC,DEL07-SC,UOP06-DEL07-SC,2023
"539320,0",2023-07-31,segunda-feira,06:30:00,SC,101,"210,9",SAO JOSE,Reação tardia ou ineficiente do condutor,Colisão lateral mesmo sentido,Sem Vítimas,Amanhecer,Crescente,Céu Claro,Dupla,Reta,Sim,1,0,0,0,1,0,0,1,-27.6167305,-48.6457265,SPRF-SC,DEL01-SC,UOP01-DEL01-SC,2023
"539461,0",2023-07-31,segunda-feira,19:10:00,SC,101,"165,8",TIJUCAS,Reação tardia ou ineficiente do condutor,Colisão lateral mesmo sentido,Com Vítimas Feridas,Plena Noite,Crescente,Céu Claro,Dupla,Reta,Não,2,0,1,0,1,0,1,2,-27.252663,-48.63154894,SPRF-SC,DEL04-SC,UOP03-DEL04-SC,2023
"539525,0",2023-08-01,terça-feira,04:05:00,SC,280,"110,0",SAO BENTO DO SUL,Velocidade Incompatível,Tombamento,Com Vítimas Feridas,Plena Noite,Decrescente,Nevoeiro/Neblina,Simples,Curva,Não,2,0,1,0,0,2,1,3,-26.32140672,-49.38932175,SPRF-SC,DEL06-SC,UOP03-DEL06-SC,2023
"539590,0",2023-08-01,terça-feira,09:05:00,SC,101,"45,2",JOINVILLE,Reação tardia ou ineficiente do condutor,Colisão traseira,Com Vítimas Feridas,Pleno dia,Decrescente,Sol,Dupla,Declive,Sim,5,0,2,0,2,3,2,6,-26.32214492,-48.8689509,SPRF-SC,DEL03-SC,UOP01-DEL03-SC,2023
"539607,0",2023-08-01,terça-feira,13:07:00,SC,282,"607,2",MARAVILHA,Acessar a via sem observar a presença dos outros veículos,Colisão transversal,Com Vítimas Feridas,Pleno dia,Crescente,Céu Claro,Simples,Reta,Sim,3,0,0,1,2,0,1,2,-26.772648,-53.2062,SPRF-SC,DEL07-SC,UOP02-DEL07-SC,2023
"539629,0",2023-08-01,terça-feira,14:00:00,SC,282,"234,7",LAGES,Restrição de visibilidade em curvas horizontais,Colisão transversal,Com Vítimas Feridas,Pleno dia,Crescente,Céu Claro,Simples,Curva;Declive;Interseção de Vias,Não,3,0,1,0,2,0,1,2,-27.78300051,-50.4706838,SPRF-SC,DEL05-SC,UOP02-DEL05-SC,2023
"539663,0",2023-08-01,terça-feira,15:50:00,SC,163,"1,2",DIONISIO CERQUEIRA,Reação tardia ou ineficiente do condutor,Colisão transversal,Com Vítimas Feridas,Pleno dia,Decrescente,Céu Claro,Simples,Interseção de Vias;Aclive;Reta,Sim,3,0,1,0,1,1,1,3,-26.2613,-53.6206,SPRF-SC,DEL07-SC,UOP03-DEL07-SC,2023
"539734,0",2023-08-02,quarta-feira,07:40:00,SC,101,"167,0",TIJUCAS,Manobra de mudança de faixa,Colisão lateral mesmo sentido,Com Vítimas Feridas,Pleno dia,Decrescente,Sol,Dupla,Reta,Não,3,0,1,0,1,1,1,3,-27.27029501,-48.63176618,SPRF-SC,DEL04-SC,UOP03-DEL04-SC,2023
"539754,0",2023-08-02,quarta-feira,07:45:00,SC,280,"230,9",PORTO UNIAO,Ultrapassagem Indevida,Colisão frontal,Com Vítimas Feridas,Amanhecer,Decrescente,Nevoeiro/Neblina,Simples,Reta,Não,2,0,1,0,1,0,1,2,-26.28402667,-51.02540016,SPRF-SC,DEL06-SC,UOP04-DEL06-SC,2023
"539756,0",2023-08-02,quarta-feira,10:30:00,SC,101,"111,0",ITAJAI,Condutor deixou de manter distância do veículo da frente,Colisão traseira,Com Vítimas Feridas,Pleno dia,Crescente,Céu Claro,Dupla,Ponte,Sim,3,0,0,2,1,0,2,2,-26.83955734,-48.71418074,SPRF-SC,DEL04-SC,UOP04-DEL04-SC,2023
"539787,0",2023-08-02,quarta-feira,14:10:00,SC,101,"271,8",IMBITUBA,Demais falhas mecânicas ou elétricas,Incêndio,Sem Vítimas,Pleno dia,Crescente,Céu Claro,Múltipla,Reta,Não,1,0,0,0,1,0,0,1,-28.12119568,-48.69760752,SPRF-SC,DEL02-SC,UOP03-DEL02-SC,2023
"539793,0",2023-08-02,quarta-feira,13:30:00,SC,158,"109,0",CUNHA PORA,Demais falhas mecânicas ou elétricas,Atropelamento de Pedestre,Com Vítimas Feridas,Pleno dia,Decrescente,Sol,Simples,Curva,Sim,3,0,0,1,1,3,1,5,-26.88547373,-53.17471862,SPRF-SC,DEL07-SC,UOP02-DEL07-SC,2023
"539817,0",2023-08-02,quarta-feira,16:55:00,SC,101,"246,9",PAULO LOPES,Manobra de mudança de faixa,Colisão lateral mesmo sentido,Com Vítimas Feridas,Pleno dia,Crescente,Céu Claro,Dupla,Retorno Regulamentado,Não,5,0,1,0,4,0,1,2,-27.91761705,-48.65368903,SPRF-SC,DEL02-SC,UOP03-DEL02-SC,2023
"539894,0",2023-08-03,quinta-feira,04:00:00,SC,116,"125,4",SANTA CECILIA,Condutor deixou de manter distância do veículo da frente,Colisão traseira,Com Vítimas Feridas,Plena Noite,Crescente,Céu Claro,Simples,Reta,Não,4,0,1,0,2,2,1,5,-26.859087,-50.40431503,SPRF-SC,DEL06-SC,UOP02-DEL06-SC,2023
"539951,0",2023-07-12,quarta-feira,19:30:00,SC,282,"401,6",JOACABA,Objeto estático sobre o leito carroçável,Colisão traseira,Com Vítimas Feridas,Plena Noite,Decrescente,Chuva,Simples,Reta;Declive,Não,4,0,2,0,1,1,2,3,-27.127701,-51.6286,SPRF-SC,DEL07-SC,UOP05-DEL07-SC,2023
"539955,0",2023-08-03,quinta-feira,12:15:00,SC,470,"0,8",NAVEGANTES,Transitar na contramão,Colisão frontal,Com Vítimas Feridas,Pleno dia,Crescente,Céu Claro,Dupla,Reta,Sim,2,0,0,1,1,0,1,2,-26.88232,-48.66183,SPRF-SC,DEL04-SC,UOP04-DEL04-SC,2023
"539980,0",2023-08-03,quinta-feira,15:40:00,SC,101,"117,9",ITAJAI,Ausência de reação do condutor,Colisão traseira,Com Vítimas Feridas,Pleno dia,Decrescente,Sol,Dupla,Reta,Não,3,0,1,0,1,1,1,3,-26.88747187,-48.72252969,SPRF-SC,DEL04-SC,UOP04-DEL04-SC,2023
"540018,0",2023-08-03,quinta-feira,18:20:00,SC,280,"8,9",SAO FRANCISCO DO SUL,Ausência de reação do condutor,Colisão traseira,Com Vítimas Feridas,Plena Noite,Crescente,Céu Claro,Simples,Reta,Não,3,0,1,0,1,1,1,3,-26.27887292,-48.64668626,SPRF-SC,DEL03-SC,UOP03-DEL03-SC,2023
"540024,0",2023-08-03,quinta-feira,16:45:00,SC,282,"59,4",IRANI,Desrespeitar a preferência no cruzamento,Colisão transversal,Com Vítimas Feridas,Anoitecer,Decrescente,Céu Claro,Simples,Interseção de Vias;Rotatória,Não,4,0,0,2,1,1,2,3,-26.96962916,-51.85410267,SPRF-SC,DEL01-SC,UOP03-DEL01-SC,2023
"540028,0",2023-08-03,quinta-feira,19:05:00,SC,101,"206,0",SAO JOSE,Manobra de mudança de faixa,Colisão traseira,Com Vítimas Feridas,Pleno dia,Crescente,Céu Claro,Múltipla,Reta,Sim,5,0,1,0,1,3,1,5,-27.59193546,-48.61824557,SPRF-SC,DEL01-SC,UOP01-DEL01-SC,2023
"540061,0",2023-08-03,quinta-feira,23:00:00,SC,101,"129,0",BALNEARIO CAMBORIU,Transitar na contramão,Colisão frontal,Com Vítimas Feridas,Plena Noite,Crescente,Nublado,Dupla,Reta,Sim,2,0,0,1,1,0,1,2,-26.98064277,-48.6790679,SPRF-SC,DEL04-SC,UOP03-DEL04-SC,2023
"540078,0",2023-08-04,sexta-feira,03:45:00,SC,101,"37,0",JOINVILLE,Manobra de mudança de faixa,Colisão lateral mesmo sentido,Sem Vítimas,Plena Noite,Crescente,Céu Claro,Dupla,Reta,Não,2,0,0,0,2,0,0,2,-26.25050176,-48.90863867,SPRF-SC,DEL03-SC,UOP01-DEL03-SC,2023
"540095,0",2023-08-04,sexta-feira,06:00:00,SC,470,"45,9",GASPAR,Transitar na contramão,Colisão frontal,Com Vítimas Fatais,Amanhecer,Crescente,Céu Claro,Simples,Curva;Em Obras,Não,13,3,0,8,1,1,8,3,-26.8603718,-49.0376061,SPRF-SC,DEL04-SC,UOP01-DEL04-SC,2023
"540098,0",2023-08-03,quinta-feira,19:30:00,SC,280,"291,7",PORTO UNIAO,Pedestre andava na pista,Atropelamento de Pedestre,Com Vítimas Feridas,Plena Noite,Decrescente,Céu Claro,Simples,Reta,Não,2,0,0,1,1,0,1,2,-26.29569109,-50.93533704,SPRF-SC,DEL06-SC,UOP04-DEL06-SC,2023
"540130,0",2023-08-04,sexta-feira,08:30:00,SC,101,"88,0",BARRA VELHA,Condutor deixou de manter distância do veículo da frente,Colisão traseira,Com Vítimas Feridas,Pleno dia,Decrescente,Sol,Múltipla,Viaduto,Não,2,0,1,0,1,0,1,2,-26.64253985,-48.68950684,SPRF-SC,DEL03-SC,UOP02-DEL03-SC,2023
"540135,0",2023-05-28,domingo,13:00:00,SC,101,"53,8",JOINVILLE,Ausência de reação do condutor,Engavetamento,Com Vítimas Feridas,Pleno dia,Crescente,Garoa/Chuvisco,Dupla,Aclive;Reta,Sim,8,0,2,1,4,1,3,5,-26.40231201,-48.83969703,SPRF-SC,DEL03-SC,UOP01-DEL03-SC,2023
"540187,0",2023-08-04,sexta-feira,13:40:00,SC,282,"211,0",LAGES,Reação tardia ou ineficiente do condutor,Colisão lateral sentido oposto,Com Vítimas Feridas,Pleno dia,Crescente,Céu Claro,Simples,Curva,Não,7,0,1,0,5,1,1,4,-27.780222,-50.241741,SPRF-SC,DEL05-SC,UOP01-DEL05-SC,2023
"540200,0",2023-08-04,sexta-feira,14:25:00,SC,116,"49,1",PAPANDUVA,Ausência de reação do condutor,Engavetamento,Com Vítimas Feridas,Pleno dia,Crescente,Céu Claro,Simples,Reta,Não,5,0,1,0,3,2,1,6,-26.37076692,-50.1256021,SPRF-SC,DEL06-SC,UOP01-DEL06-SC,2023
"540291,0",2023-08-05,sábado,02:00:00,SC,470,"160,5",TROMBUDO CENTRAL,Velocidade Incompatível,Tombamento,Com Vítimas Feridas,Plena Noite,Decrescente,Nevoeiro/Neblina,Simples,Curva,Não,2,0,1,0,0,1,1,2,-27.28579449,-49.80525255,SPRF-SC,DEL04-SC,UOP02-DEL04-SC,2023
"540319,0",2023-08-05,sábado,05:30:00,SC,280,"30,0",ARAQUARI,Ausência de reação do condutor,Colisão frontal,Com Vítimas Feridas,Amanhecer,Crescente,Céu Claro,Simples,Reta,Sim,3,0,0,1,1,2,1,4,-26.4141523,-48.76209493,SPRF-SC,DEL03-SC,UOP03-DEL03-SC,2023