id,data_inversa,dia_semana,horario,uf,br,km,municipio,causa_acidente,tipo_acidente,classificacao_acidente,fase_dia,sentido_via,condicao_metereologica,tipo_pista,tracado_via,uso_solo,pessoas,mortos,feridos_leves,feridos_graves,ilesos,ignorados,feridos,veiculos,latitude,longitude,regional,delegacia,uop,ano_arquivo
"540347,0",2023-08-05,sábado,07:10:00,SC,280,"141,2",MAFRA,Velocidade Incompatível,Tombamento,Com Vítimas Feridas,Amanhecer,Decrescente,Nevoeiro/Neblina,Simples,Declive;Curva,Não,2,0,1,0,0,2,1,3,-26.24830187,-49.63041544,SPRF-SC,DEL06-SC,UOP03-DEL06-SC,2023
"540349,0",2023-08-05,sábado,09:45:00,SC,101,"355,0",SANGAO,Manobra de mudança de faixa,Colisão lateral mesmo sentido,Sem Vítimas,Pleno dia,Crescente,Céu Claro,Múltipla,Reta,Não,2,0,0,0,2,0,0,2,-28.62380715,-49.07828489,SPRF-SC,DEL02-SC,UOP01-DEL02-SC,2023
"540399,0",2023-08-05,sábado,14:01:00,SC,280,"130,0",RIO NEGRINHO,Condutor Dormindo,Colisão traseira,Com Vítimas Feridas,Pleno dia,Decrescente,Céu Claro,Simples,Reta,Não,4,0,2,0,2,0,2,2,-26.2530246,-49.52924913,SPRF-SC,DEL06-SC,UOP03-DEL06-SC,2023
"540485,0",2023-08-05,sábado,18:15:00,SC,282,"305,0",VARGEM,Velocidade Incompatível,Colisão traseira,Com Vítimas Feridas,Anoitecer,Crescente,Céu Claro,Simples,Reta,Não,2,0,0,1,1,0,1,2,-27.500679,-50.949047,SPRF-SC,DEL07-SC,UOP06-DEL07-SC,2023
"540518,0",2023-08-06,domingo,03:30:00,SC,101,"374,5",ICARA,Condutor Dormindo,Tombamento,Com Vítimas Feridas,Plena Noite,Crescente,Nevoeiro/Neblina,Dupla,Reta,Não,1,0,1,0,0,0,1,1,-28.72361717,-49.23769712,SPRF-SC,DEL02-SC,UOP01-DEL02-SC,2023
"540535,0",2023-08-05,sábado,19:50:00,SC,101,"29,0",JOINVILLE,Ingestão de álcool pelo condutor,Colisão lateral sentido oposto,Com Vítimas Feridas,Plena Noite,Decrescente,Céu Claro,Dupla,Declive;Reta,Não,2,0,1,0,0,1,1,2,-26.211903,-48.91589904,SPRF-SC,DEL03-SC,UOP01-DEL03-SC,2023
"540555,0",2023-08-06,domingo,06:40:00,SC,101,"173,5",GOVERNADOR CELSO RAMOS,Ingestão de álcool pelo condutor,Colisão traseira,Com Vítimas Feridas,Pleno dia,Decrescente,Céu Claro,Dupla,Curva;Declive,Não,3,0,2,0,1,0,2,2,-27.32203197,-48.62757785,SPRF-SC,DEL01-SC,UOP01-DEL01-SC,2023
"540611,0",2023-08-06,domingo,10:30:00,SC,280,"189,7",MAFRA,Transitar na contramão,Colisão frontal,Com Vítimas Fatais,Pleno dia,Crescente,Céu Claro,Simples,Aclive;Em Obras;Reta,Não,3,1,0,0,1,1,0,3,-26.175454,-49.974566,SPRF-SC,DEL06-SC,UOP01-DEL06-SC,2023
"540622,0",2023-08-06,domingo,16:45:00,SC,282,"45,9",AGUAS MORNAS,Velocidade Incompatível,Colisão lateral mesmo sentido,Com Vítimas Feridas,Pleno dia,Decrescente,Céu Claro,Simples,Declive;Curva,Não,3,0,1,0,1,1,1,3,-27.719851,-48.916126,SPRF-SC,DEL01-SC,UOP03-DEL01-SC,2023
"540813,0",2023-08-07,segunda-feira,11:05:00,SC,101,"163,0",TIJUCAS,Demais falhas mecânicas ou elétricas,Tombamento,Sem Vítimas,Pleno dia,Decrescente,Nublado,Múltipla,Ponte;Reta;Aclive,Sim,1,0,0,0,1,0,0,1,-27.24514868,-48.63087416,SPRF-SC,DEL04-SC,UOP03-DEL04-SC,2023
"540831,0",2023-08-07,segunda-feira,12:30:00,SC,101,"215,0",PALHOCA,Condutor deixou de manter distância do veículo da frente,Colisão traseira,Com Vítimas Feridas,Pleno dia,Crescente,Céu Claro,Dupla,Reta,Não,4,0,1,0,2,1,1,3,-27.65184843,-48.67604941,SPRF-SC,DEL01-SC,UOP02-DEL01-SC,2023
"540857,0",2023-08-07,segunda-feira,15:20:00,SC,101,"2,0",GARUVA,Manobra de mudança de faixa,Colisão traseira,Com Vítimas Feridas,Pleno dia,Crescente,Nublado,Dupla,Reta,Não,3,0,1,0,1,1,1,3,-25.99699834,-48.87891655,SPRF-SC,DEL03-SC,UOP01-DEL03-SC,2023
"540876,0",2023-08-07,segunda-feira,17:35:00,SC,101,"33,0",JOINVILLE,Reação tardia ou ineficiente do condutor,Colisão traseira,Com Vítimas Feridas,Anoitecer,Crescente,Chuva,Dupla,Reta,Não,3,0,1,0,1,2,1,4,-26.25370179,-48.90666962,SPRF-SC,DEL03-SC,UOP01-DEL03-SC,2023
"540886,0",2023-08-07,segunda-feira,18:40:00,SC,101,"208,0",SAO JOSE,Acessar a via sem observar a presença dos outros veículos,Colisão lateral mesmo sentido,Sem Vítimas,Pleno dia,Decrescente,Nublado,Múltipla,Reta,Não,2,0,0,0,2,0,0,2,-27.60327979,-48.63201818,SPRF-SC,DEL01-SC,UOP01-DEL01-SC,2023
"540949,0",2023-08-08,terça-feira,06:20:00,SC,101,"242,0",PALHOCA,Ausência de reação do condutor,Colisão lateral mesmo sentido,Com Vítimas Feridas,Pleno dia,Crescente,Nublado,Múltipla,Reta,Não,2,0,1,0,0,1,1,2,-27.88419902,-48.64750077,SPRF-SC,DEL01-SC,UOP02-DEL01-SC,2023
"540991,0",2023-08-08,terça-feira,10:15:00,SC,101,"91,9",BARRA VELHA,Condutor deixou de manter distância do veículo da frente,Colisão traseira,Com Vítimas Feridas,Pleno dia,Decrescente,Nublado,Dupla,Reta,Não,5,0,2,0,3,0,2,4,-26.67123757,-48.68999004,SPRF-SC,DEL03-SC,UOP02-DEL03-SC,2023
"541015,0",2023-08-08,terça-feira,12:00:00,SC,282,"58,1",RANCHO QUEIMADO,Reação tardia ou ineficiente do condutor,Colisão transversal,Com Vítimas Feridas,Pleno dia,Decrescente,Nublado,Simples,Curva,Sim,6,0,5,0,1,0,5,2,-27.683594,-49.005539,SPRF-SC,DEL01-SC,UOP03-DEL01-SC,2023
"541061,0",2023-08-08,terça-feira,13:40:00,SC,282,"418,7",VARGEM BONITA,Transitar na contramão,Colisão frontal,Com Vítimas Fatais,Pleno dia,Decrescente,Céu Claro,Simples,Curva;Aclive,Não,3,1,0,0,1,2,0,4,-27.02642,-51.729151,SPRF-SC,DEL07-SC,UOP05-DEL07-SC,2023
"541063,0",2023-08-08,terça-feira,16:40:00,SC,282,"506,0",XANXERE,Reação tardia ou ineficiente do condutor,Colisão traseira,Com Vítimas Feridas,Pleno dia,Decrescente,Céu Claro,Dupla,Aclive,Não,3,0,1,0,1,2,1,4,-26.87149,-52.318768,SPRF-SC,DEL07-SC,UOP01-DEL07-SC,2023
"541099,0",2023-07-16,domingo,17:10:00,SC,101,"176,0",GOVERNADOR CELSO RAMOS,Trafegar com motocicleta (ou similar) entre as faixas,Colisão traseira,Com Vítimas Feridas,Anoitecer,Decrescente,Céu Claro,Dupla,Reta,Não,6,0,2,0,2,2,2,4,-27.34661396,-48.63300917,SPRF-SC,DEL01-SC,UOP01-DEL01-SC,2023
"541236,0",2023-08-09,quarta-feira,14:10:00,SC,101,"207,2",SAO JOSE,Reação tardia ou ineficiente do condutor,Colisão lateral mesmo sentido,Com Vítimas Feridas,Pleno dia,Decrescente,Chuva,Múltipla,Declive;Reta,Sim,3,0,1,0,2,0,1,2,-27.60001226,-48.6226467,SPRF-SC,DEL01-SC,UOP01-DEL01-SC,2023
"541237,0",2023-08-09,quarta-feira,11:30:00,SC,101,"117,8",ITAJAI,Condutor deixou de manter distância do veículo da frente,Colisão traseira,Com Vítimas Feridas,Pleno dia,Decrescente,Chuva,Simples,Reta,Sim,2,0,1,0,1,0,1,2,-26.88747187,-48.72252969,SPRF-SC,DEL04-SC,UOP04-DEL04-SC,2023
"541301,0",2023-08-09,quarta-feira,14:30:00,SC,101,"235,0",PALHOCA,Reação tardia ou ineficiente do condutor,Colisão com objeto,Com Vítimas Feridas,Pleno dia,Decrescente,Garoa/Chuvisco,Dupla,Curva;Aclive,Não,2,0,1,0,0,2,1,3,-27.8177775,-48.6315025,SPRF-SC,DEL01-SC,UOP02-DEL01-SC,2023
"541309,0",2023-08-09,quarta-feira,20:55:00,SC,101,"195,6",BIGUACU,Entrada inopinada do pedestre,Atropelamento de Pedestre,Com Vítimas Fatais,Plena Noite,Decrescente,Garoa/Chuvisco,Múltipla,Reta,Sim,3,1,0,0,1,3,0,5,-27.5085175,-48.6457301,SPRF-SC,DEL01-SC,UOP01-DEL01-SC,2023
"541320,0",2023-08-09,quarta-feira,22:30:00,SC,116,"138,2",SANTA CECILIA,Acessar a via sem observar a presença dos outros veículos,Colisão transversal,Com Vítimas Feridas,Plena Noite,Crescente,Garoa/Chuvisco,Simples,Reta,Sim,2,0,1,0,1,0,1,2,-26.95365013,-50.42351412,SPRF-SC,DEL06-SC,UOP02-DEL06-SC,2023
"541339,0",2023-08-10,quinta-feira,06:50:00,SC,101,"192,1",BIGUACU,Condutor Dormindo,Colisão com objeto,Com Vítimas Feridas,Pleno dia,Crescente,Chuva,Dupla,Aclive;Reta,Não,3,0,0,1,1,1,1,3,-27.48443781,-48.64765238,SPRF-SC,DEL01-SC,UOP01-DEL01-SC,2023
"541340,0",2023-08-10,quinta-feira,07:00:00,SC,101,"79,0",ARAQUARI,Condutor deixou de manter distância do veículo da frente,Colisão traseira,Com Vítimas Feridas,Pleno dia,Decrescente,Chuva,Dupla,Reta,Não,3,0,2,0,1,0,2,3,-26.58559601,-48.72192112,SPRF-SC,DEL03-SC,UOP02-DEL03-SC,2023
"541360,0",2023-08-10,quinta-feira,07:20:00,SC,282,"45,7",AGUAS MORNAS,Acumulo de óleo sobre o pavimento,Colisão frontal,Com Vítimas Fatais,Pleno dia,Crescente,Chuva,Simples,Aclive;Curva,Não,6,1,1,2,1,1,3,3,-27.72107498,-48.92446339,SPRF-SC,DEL01-SC,UOP03-DEL01-SC,2023
"541376,0",2023-08-10,quinta-feira,09:50:00,SC,470,"81,5",RODEIO,Transitar na contramão,Colisão frontal,Com Vítimas Fatais,Pleno dia,Decrescente,Chuva,Simples,Reta,Não,3,1,1,0,0,1,1,3,-26.9550723,-49.3262026,SPRF-SC,DEL04-SC,UOP01-DEL04-SC,2023
"541409,0",2023-08-10,quinta-feira,11:00:00,SC,280,"282,3",IRINEOPOLIS,Manobra de mudança de faixa,Colisão lateral sentido oposto,Com Vítimas Feridas,Pleno dia,Crescente,Chuva,Simples,Reta,Não,2,0,1,0,1,0,1,2,-26.29627169,-50.84854296,SPRF-SC,DEL06-SC,UOP04-DEL06-SC,2023
"541447,0",2023-07-19,quarta-feira,13:50:00,SC,280,"30,8",ARAQUARI,Acessar a via sem observar a presença dos outros veículos,Colisão transversal,Com Vítimas Feridas,Pleno dia,Crescente,Céu Claro,Simples,Reta,Não,7,0,3,0,3,4,3,10,-26.4141523,-48.76209493,SPRF-SC,DEL03-SC,UOP03-DEL03-SC,2023
"541489,0",2023-08-10,quinta-feira,19:15:00,SC,280,"37,0",ARAQUARI,Transitar na contramão,Colisão frontal,Com Vítimas Fatais,Plena Noite,Decrescente,Garoa/Chuvisco,Simples,Reta;Em Obras,Não,4,1,0,0,1,2,0,4,-26.446832,-48.819923,SPRF-SC,DEL03-SC,UOP03-DEL03-SC,2023
"541512,0",2023-08-10,quinta-feira,23:40:00,SC,282,"77,0",RANCHO QUEIMADO,Animais na Pista,Saída de leito carroçável,Com Vítimas Feridas,Plena Noite,Crescente,Nevoeiro/Neblina,Simples,Reta,Não,2,0,1,0,0,1,1,2,-27.683596,-49.143806,SPRF-SC,DEL01-SC,UOP03-DEL01-SC,2023
"541517,0",2023-08-10,quinta-feira,23:40:00,SC,280,"231,0",CANOINHAS,Reação tardia ou ineficiente do condutor,Colisão lateral sentido oposto,Com Vítimas Feridas,Plena Noite,Crescente,Céu Claro,Simples,Reta,Sim,2,0,1,0,1,0,1,2,-26.1893047,-50.37170989,SPRF-SC,DEL06-SC,UOP04-DEL06-SC,2023
"541577,0",2023-08-11,sexta-feira,10:30:00,SC,101,"50,7",JOINVILLE,Manobra de mudança de faixa,Colisão traseira,Com Vítimas Feridas,Pleno dia,Crescente,Garoa/Chuvisco,Múltipla,Reta;Retorno Regulamentado,Não,3,0,2,0,0,1,2,3,-26.386453,-48.844806,SPRF-SC,DEL03-SC,UOP01-DEL03-SC,2023
"541591,0",2023-08-11,sexta-feira,08:25:00,SC,480,"127,9",CHAPECO,Reação tardia ou ineficiente do condutor,Tombamento,Com Vítimas Feridas,Pleno dia,Decrescente,Chuva,Simples,Aclive,Sim,4,0,1,0,2,1,1,3,-27.03762058,-52.6340282,SPRF-SC,DEL07-SC,UOP01-DEL07-SC,2023
"541596,0",2023-08-11,sexta-feira,12:20:00,SC,282,"218,5",LAGES,Acesso irregular,Colisão traseira,Com Vítimas Feridas,Pleno dia,Decrescente,Nublado,Simples,Declive;Reta,Sim,3,0,1,0,1,1,1,3,-27.797235,-50.31361,SPRF-SC,DEL05-SC,UOP01-DEL05-SC,2023
"541705,0",2023-08-11,sexta-feira,19:30:00,SC,116,"309,0",CAPAO ALTO,Reação tardia ou ineficiente do condutor,Tombamento,Com Vítimas Feridas,Plena Noite,Crescente,Céu Claro,Simples,Curva,Não,2,0,1,0,0,1,1,2,-28.198002,-50.759674,SPRF-SC,DEL05-SC,UOP02-DEL05-SC,2023
"541711,0",2023-08-03,quinta-feira,17:40:00,SC,101,"210,0",SAO JOSE,Manobra de mudança de faixa,Colisão lateral mesmo sentido,Com Vítimas Feridas,Pleno dia,Decrescente,Céu Claro,Múltipla,Reta,Sim,2,0,1,0,0,1,1,2,-27.6167305,-48.6457265,SPRF-SC,DEL01-SC,UOP01-DEL01-SC,2023
"541727,0",2023-08-11,sexta-feira,21:45:00,SC,470,"119,0",IBIRAMA,Acessar a via sem observar a presença dos outros veículos,Colisão lateral sentido oposto,Sem Vítimas,Plena Noite,Crescente,Nublado,Simples,Aclive;Reta,Sim,4,0,0,0,3,1,0,3,-27.081554,-49.520206,SPRF-SC,DEL04-SC,UOP02-DEL04-SC,2023
"541779,0",2023-08-12,sábado,04:30:00,SC,470,"90,0",ASCURRA,Transitar na contramão,Colisão lateral sentido oposto,Com Vítimas Feridas,Plena Noite,Decrescente,Nublado,Simples,Reta,Não,5,0,2,1,1,1,3,4,-26.969337,-49.367718,SPRF-SC,DEL04-SC,UOP01-DEL04-SC,2023
"541801,0",2023-08-12,sábado,02:20:00,SC,116,"211,0",PONTE ALTA,Ingestão de álcool pelo condutor,Colisão lateral sentido oposto,Com Vítimas Feridas,Plena Noite,Crescente,Chuva,Simples,Em Obras;Reta,Não,3,0,0,1,1,1,1,3,-27.51040007,-50.36397936,SPRF-SC,DEL05-SC,UOP03-DEL05-SC,2023
"541919,0",2023-08-12,sábado,18:18:00,SC,280,"48,7",GUARAMIRIM,Retorno proibido,Colisão traseira,Com Vítimas Feridas,Plena Noite,Crescente,Nublado,Simples,Desvio Temporário;Aclive;Reta;Em Obras,Não,3,0,1,0,2,0,1,2,-26.45506795,-48.92766502,SPRF-SC,DEL03-SC,UOP03-DEL03-SC,2023
"541967,0",2023-08-12,sábado,19:45:00,SC,116,"271,7",CAPAO ALTO,Transitar na contramão,Colisão frontal,Com Vítimas Feridas,Anoitecer,Crescente,Nublado,Simples,Declive;Reta,Não,5,0,0,2,2,1,2,3,-27.97707988,-50.50914813,SPRF-SC,DEL05-SC,UOP02-DEL05-SC,2023
"541976,0",2023-08-12,sábado,18:15:00,SC,116,"26,9",ITAIOPOLIS,Reação tardia ou ineficiente do condutor,Queda de ocupante de veículo,Com Vítimas Fatais,Plena Noite,Decrescente,Nublado,Simples,Reta,Não,3,1,0,0,0,2,0,3,-26.2919664,-49.9419505,SPRF-SC,DEL06-SC,UOP01-DEL06-SC,2023
"542126,0",2023-08-13,domingo,15:45:00,SC,282,"501,3",XANXERE,Ausência de reação do condutor,Colisão lateral mesmo sentido,Sem Vítimas,Pleno dia,Crescente,Céu Claro,Dupla,Rotatória,Sim,2,0,0,0,2,0,0,2,-26.882715,-52.381729,SPRF-SC,DEL07-SC,UOP01-DEL07-SC,2023
"542207,0",2023-08-13,domingo,19:20:00,SC,282,"610,7",MARAVILHA,Ingestão de álcool pelo condutor,Saída de leito carroçável,Sem Vítimas,Plena Noite,Decrescente,Nublado,Simples,Curva;Declive,Não,5,0,0,0,4,2,0,5,-26.756321,-53.230247,SPRF-SC,DEL07-SC,UOP02-DEL07-SC,2023
"542246,0",2023-08-14,segunda-feira,03:55:00,SC,470,"18,8",ILHOTA,Desvio temporário,Tombamento,Com Vítimas Feridas,Plena Noite,Crescente,Nublado,Simples,Desvio Temporário;Em Obras,Não,1,0,1,0,0,0,1,1,-26.88288046,-48.84384155,SPRF-SC,DEL04-SC,UOP04-DEL04-SC,2023
"542280,0",2023-08-14,segunda-feira,07:30:00,SC,470,"88,8",ASCURRA,Acessar a via sem observar a presença dos outros veículos,Colisão lateral mesmo sentido,Com Vítimas Feridas,Pleno dia,Decrescente,Céu Claro,Simples,Interseção de Vias;Reta;Rotatória,Sim,2,0,0,1,1,0,1,2,-26.961573,-49.371918,SPRF-SC,DEL04-SC,UOP01-DEL04-SC,2023
"542292,0",2023-08-14,segunda-feira,07:45:00,SC,153,"68,0",IRANI,Acessar a via sem observar a presença dos outros veículos,Colisão lateral mesmo sentido,Com Vítimas Feridas,Pleno dia,Decrescente,Céu Claro,Simples,Aclive;Curva,Sim,2,0,1,0,1,0,1,2,-27.033516,-51.879311,SPRF-SC,DEL07-SC,UOP04-DEL07-SC,2023
"542337,0",2023-08-14,segunda-feira,13:50:00,SC,101,"117,0",ITAJAI,Acesso irregular,Colisão transversal,Sem Vítimas,Pleno dia,Decrescente,Céu Claro,Dupla,Reta,Sim,3,0,0,0,2,3,0,5,-26.88747187,-48.72252969,SPRF-SC,DEL04-SC,UOP04-DEL04-SC,2023
"542349,0",2023-08-14,segunda-feira,15:40:00,SC,470,"65,0",INDAIAL,Acessar a via sem observar a presença dos outros veículos,Colisão transversal,Com Vítimas Feridas,Pleno dia,Crescente,Céu Claro,Simples,Em Obras;Reta,Não,2,0,1,0,1,0,1,2,-26.870411,-49.211864,SPRF-SC,DEL04-SC,UOP01-DEL04-SC,2023
"542352,0",2023-08-14,segunda-feira,14:07:00,SC,101,"78,2",ARAQUARI,Ausência de reação do condutor,Colisão traseira,Com Vítimas Feridas,Pleno dia,Crescente,Sol,Múltipla,Reta,Não,3,0,1,0,1,2,1,4,-26.57672096,-48.72270551,SPRF-SC,DEL03-SC,UOP02-DEL03-SC,2023
"542370,0",2023-08-14,segunda-feira,10:00:00,SC,116,"217,0",CORREIA PINTO,Carga excessiva e/ou mal acondicionada,Derramamento de carga,Com Vítimas Feridas,Pleno dia,Decrescente,Céu Claro,Simples,Ponte,Não,4,0,1,0,2,2,1,4,-27.56260035,-50.37607491,SPRF-SC,DEL05-SC,UOP03-DEL05-SC,2023
"542383,0",2023-08-14,segunda-feira,18:30:00,SC,280,"55,8",GUARAMIRIM,Pedestre cruzava a pista fora da faixa,Atropelamento de Pedestre,Com Vítimas Feridas,Plena Noite,Crescente,Céu Claro,Dupla,Reta,Sim,2,0,0,1,1,0,1,2,-26.47584353,-48.9937858,SPRF-SC,DEL03-SC,UOP03-DEL03-SC,2023
"542420,0",2023-08-14,segunda-feira,21:20:00,SC,101,"34,5",JOINVILLE,Animais na Pista,Atropelamento de Animal,Com Vítimas Feridas,Plena Noite,Crescente,Nublado,Dupla,Reta,Não,3,0,0,1,2,0,1,2,-26.26557822,-48.89930534,SPRF-SC,DEL03-SC,UOP01-DEL03-SC,2023
"542423,0",2023-08-14,segunda-feira,20:30:00,SC,101,"174,5",GOVERNADOR CELSO RAMOS,Demais falhas mecânicas ou elétricas,Incêndio,Sem Vítimas,Plena Noite,Crescente,Céu Claro,Dupla,Reta,Não,2,0,0,0,1,1,0,2,-27.33081601,-48.62697562,SPRF-SC,DEL01-SC,UOP01-DEL01-SC,2023
"542457,0",2023-08-15,terça-feira,07:38:00,SC,101,"194,0",BIGUACU,Condutor deixou de manter distância do veículo da frente,Colisão traseira,Com Vítimas Feridas,Pleno dia,Decrescente,Céu Claro,Múltipla,Reta,Sim,9,0,1,0,8,0,1,3,-27.49815117,-48.65661236,SPRF-SC,DEL01-SC,UOP01-DEL01-SC,2023
"542475,0",2023-08-15,terça-feira,08:00:00,SC,282,"553,3",NOVA ITABERABA,Conversão proibida,Colisão traseira,Com Vítimas Feridas,Pleno dia,Decrescente,Céu Claro,Simples,Aclive;Reta,Não,2,0,0,1,1,0,1,2,-26.93815,-52.791916,SPRF-SC,DEL07-SC,UOP01-DEL07-SC,2023
"542500,0",2023-08-15,terça-feira,08:20:00,SC,153,"48,3",VARGEM BONITA,Ultrapassagem Indevida,Colisão frontal,Com Vítimas Fatais,Pleno dia,Crescente,Céu Claro,Simples,Declive;Reta,Não,4,1,0,0,2,2,0,5,-26.908689,-51.78401,SPRF-SC,DEL07-SC,UOP07-DEL07-SC,2023
"542538,0",2023-08-15,terça-feira,14:00:00,SC,101,"96,8",BALNEARIO PICARRAS,Ausência de reação do condutor,Engavetamento,Com Vítimas Feridas,Pleno dia,Crescente,Céu Claro,Dupla,Reta,Não,5,0,1,0,4,0,1,3,-26.718427,-48.70233,SPRF-SC,DEL03-SC,UOP02-DEL03-SC,2023
"542552,0",2023-08-15,terça-feira,17:00:00,SC,101,"193,0",BIGUACU,Trafegar com motocicleta (ou similar) entre as faixas,Colisão lateral mesmo sentido,Com Vítimas Feridas,Pleno dia,Decrescente,Céu Claro,Dupla,Reta,Sim,7,0,0,1,6,0,1,3,-27.489574,-48.655914,SPRF-SC,DEL01-SC,UOP01-DEL01-SC,2023
"542556,0",2023-08-15,terça-feira,16:20:00,SC,470,"171,0",POUSO REDONDO,Transitar na contramão,Colisão frontal,Com Vítimas Feridas,Pleno dia,Crescente,Nublado,Simples,Curva;Aclive,Não,2,0,0,2,0,0,2,2,-27.260828,-49.900455,SPRF-SC,DEL04-SC,UOP02-DEL04-SC,2023
"542629,0",2023-08-16,quarta-feira,05:10:00,SC,470,"54,4",BLUMENAU,Ausência de reação do condutor,Saída de leito carroçável,Com Vítimas Feridas,Amanhecer,Crescente,Nublado,Simples,Interseção de Vias,Sim,2,0,1,0,0,1,1,2,-26.871065,-49.110374,SPRF-SC,DEL04-SC,UOP01-DEL04-SC,2023
"542755,0",2023-08-16,quarta-feira,18:45:00,SC,101,"120,8",ITAJAI,Manobra de mudança de faixa,Colisão lateral mesmo sentido,Sem Vítimas,Plena Noite,Crescente,Nevoeiro/Neblina,Dupla,Reta,Não,3,0,0,0,2,1,0,3,-26.912758,-48.711998,SPRF-SC,DEL04-SC,UOP04-DEL04-SC,2023
"542770,0",2023-08-16,quarta-feira,07:30:00,SC,280,"303,1",PORTO UNIAO,Velocidade Incompatível,Tombamento,Com Vítimas Feridas,Pleno dia,Crescente,Sol,Simples,Curva;Ponte,Sim,1,0,0,1,0,0,1,1,-26.2819873,-51.04756594,SPRF-SC,DEL06-SC,UOP04-DEL06-SC,2023
"542787,0",2023-08-16,quarta-feira,20:35:00,SC,101,"125,0",ITAJAI,Ausência de reação do condutor,Colisão traseira,Com Vítimas Fatais,Plena Noite,Decrescente,Nevoeiro/Neblina,Dupla,Reta,Não,4,1,0,0,1,2,0,4,-26.94802427,-48.68338515,SPRF-SC,DEL04-SC,UOP04-DEL04-SC,2023
"542799,0",2023-08-17,quinta-feira,01:43:00,SC,282,"16,3",SAO JOSE,Conversão proibida,Colisão transversal,Sem Vítimas,Plena Noite,Crescente,Céu Claro,Simples,Interseção de Vias,Sim,2,0,0,0,1,1,0,2,-27.658611,-48.681847,SPRF-SC,DEL01-SC,UOP02-DEL01-SC,2023
"542806,0",2023-08-17,quinta-feira,04:19:00,SC,101,"382,7",ICARA,Condutor Dormindo,Saída de leito carroçável,Com Vítimas Feridas,Plena Noite,Crescente,Céu Claro,Múltipla,Reta,Sim,1,0,1,0,0,0,1,1,-28.75966988,-49.28552404,SPRF-SC,DEL02-SC,UOP02-DEL02-SC,2023
"542811,0",2023-08-17,quinta-feira,07:10:00,SC,101,"199,8",SAO JOSE,Ausência de reação do condutor,Engavetamento,Com Vítimas Feridas,Pleno dia,Crescente,Céu Claro,Múltipla,Reta;Declive,Sim,4,0,1,0,3,0,1,4,-27.53413705,-48.63003205,SPRF-SC,DEL01-SC,UOP01-DEL01-SC,2023
"542896,0",2023-08-17,quinta-feira,14:00:00,SC,282,"31,0",SANTO AMARO DA IMPERATRIZ,Velocidade Incompatível,Colisão traseira,Com Vítimas Feridas,Pleno dia,Decrescente,Céu Claro,Simples,Aclive,Não,2,0,1,0,1,0,1,2,-27.695198,-48.793308,SPRF-SC,DEL01-SC,UOP03-DEL01-SC,2023
"542902,0",2023-06-24,sábado,07:00:00,SC,101,"9,0",GARUVA,Acostamento em desnível,Tombamento,Com Vítimas Feridas,Pleno dia,Crescente,Céu Claro,Dupla,Reta,Sim,2,0,1,0,0,1,1,2,-26.053987,-48.859608,SPRF-SC,DEL03-SC,UOP01-DEL03-SC,2023
"542905,0",2023-08-17,quinta-feira,17:10:00,SC,470,"60,0",BLUMENAU,Condutor deixou de manter distância do veículo da frente,Colisão traseira,Com Vítimas Feridas,Pleno dia,Decrescente,Céu Claro,Simples,Reta,Sim,3,0,2,0,1,0,2,3,-26.88138,-49.164543,SPRF-SC,DEL04-SC,UOP01-DEL04-SC,2023
"542992,0",2023-08-18,sexta-feira,07:15:00,SC,101,"96,3",BARRA VELHA,Ausência de reação do condutor,Colisão lateral mesmo sentido,Com Vítimas Feridas,Amanhecer,Crescente,Nublado,Múltipla,Reta,Sim,3,0,1,0,1,3,1,5,-26.718427,-48.70233,SPRF-SC,DEL03-SC,UOP02-DEL03-SC,2023
"543001,0",2023-08-18,sexta-feira,07:10:00,SC,163,"72,0",SAO MIGUEL DO OESTE,Reação tardia ou ineficiente do condutor,Colisão lateral mesmo sentido,Com Vítimas Feridas,Pleno dia,Decrescente,Céu Claro,Dupla,Reta,Sim,2,0,0,1,1,0,1,2,-26.71908804,-53.5157791,SPRF-SC,DEL07-SC,UOP03-DEL07-SC,2023
"543067,0",2023-08-05,sábado,18:30:00,SC,280,"18,8",ARAQUARI,Ingestão de álcool e/ou substâncias psicoativas pelo pedestre,Tombamento,Sem Vítimas,Anoitecer,Decrescente,Céu Claro,Simples,Curva,Não,2,0,0,0,1,2,0,3,-26.36432495,-48.66444809,SPRF-SC,DEL03-SC,UOP03-DEL03-SC,2023
"543094,0",2023-08-17,quinta-feira,02:15:00,SC,282,"508,1",XANXERE,Ingestão de álcool pelo condutor,Colisão traseira,Com Vítimas Feridas,Plena Noite,Crescente,Céu Claro,Simples,Curva;Aclive,Não,4,0,1,0,2,2,1,4,-26.88570055,-52.44630039,SPRF-SC,DEL07-SC,UOP01-DEL07-SC,2023
"543128,0",2023-08-18,sexta-feira,17:35:00,SC,282,"222,8",LAGES,Acessar a via sem observar a presença dos outros veículos,Colisão transversal,Com Vítimas Feridas,Anoitecer,Decrescente,Chuva,Simples,Curva;Aclive;Interseção de Vias,Sim,4,0,0,2,2,0,2,2,-27.7998493,-50.36115646,SPRF-SC,DEL05-SC,UOP01-DEL05-SC,2023
"543141,0",2023-08-18,sexta-feira,19:20:00,SC,101,"221,0",PALHOCA,Entrada inopinada do pedestre,Colisão com objeto,Com Vítimas Feridas,Plena Noite,Crescente,Chuva,Dupla,Curva,Não,4,0,0,1,3,0,1,4,-27.70012652,-48.66021182,SPRF-SC,DEL01-SC,UOP02-DEL01-SC,2023