id,data_inversa,dia_semana,horario,uf,br,km,municipio,causa_acidente,tipo_acidente,classificacao_acidente,fase_dia,sentido_via,condicao_metereologica,tipo_pista,tracado_via,uso_solo,pessoas,mortos,feridos_leves,feridos_graves,ilesos,ignorados,feridos,veiculos,latitude,longitude,regional,delegacia,uop,ano_arquivo
"543175,0",2023-08-18,sexta-feira,18:00:00,SC,116,"71,3",MONTE CASTELO,Demais falhas mecânicas ou elétricas,Colisão lateral mesmo sentido,Sem Vítimas,Anoitecer,Crescente,Chuva,Simples,Reta,Não,3,0,0,0,2,1,0,3,-26.47804399,-50.23238915,SPRF-SC,DEL06-SC,UOP02-DEL06-SC,2023
"543198,0",2023-08-18,sexta-feira,23:50:00,SC,470,"60,0",BLUMENAU,Manobra de mudança de faixa,Colisão lateral mesmo sentido,Com Vítimas Feridas,Plena Noite,Crescente,Garoa/Chuvisco,Simples,Reta,Não,3,0,1,0,1,1,1,3,-26.88138,-49.164543,SPRF-SC,DEL04-SC,UOP01-DEL04-SC,2023
"543309,0",2023-08-19,sábado,14:20:00,SC,101,"139,0",BALNEARIO CAMBORIU,Condutor deixou de manter distância do veículo da frente,Colisão traseira,Com Vítimas Feridas,Pleno dia,Crescente,Nublado,Dupla,Aclive,Não,3,0,1,0,2,0,1,3,-27.02982303,-48.60115006,SPRF-SC,DEL04-SC,UOP03-DEL04-SC,2023
"543311,0",2023-08-19,sábado,13:00:00,SC,101,"335,7",TUBARAO,Reação tardia ou ineficiente do condutor,Colisão lateral mesmo sentido,Com Vítimas Feridas,Pleno dia,Crescente,Céu Claro,Múltipla,Reta,Sim,6,0,1,1,4,0,2,6,-28.46927473,-49.01557908,SPRF-SC,DEL02-SC,UOP01-DEL02-SC,2023
"543312,0",2023-08-19,sábado,14:00:00,SC,101,"333,0",TUBARAO,Ausência de reação do condutor,Colisão traseira,Com Vítimas Feridas,Pleno dia,Crescente,Céu Claro,Múltipla,Aclive;Em Obras;Reta,Sim,3,0,0,1,1,1,1,3,-28.46630107,-48.99653096,SPRF-SC,DEL02-SC,UOP01-DEL02-SC,2023
"543340,0",2023-08-19,sábado,17:10:00,SC,101,"197,6",BIGUACU,Ingestão de álcool pelo condutor,Colisão traseira,Sem Vítimas,Pleno dia,Crescente,Céu Claro,Múltipla,Reta,Sim,6,0,0,0,5,1,0,3,-27.51844497,-48.63848496,SPRF-SC,DEL01-SC,UOP01-DEL01-SC,2023
"543484,0",2023-08-20,domingo,10:15:00,SC,101,"317,0",PESCARIA BRAVA,Ausência de reação do condutor,Colisão lateral mesmo sentido,Com Vítimas Feridas,Pleno dia,Crescente,Céu Claro,Dupla,Aclive;Curva,Sim,2,0,1,0,1,0,1,2,-28.42708421,-48.85211624,SPRF-SC,DEL02-SC,UOP01-DEL02-SC,2023
"543486,0",2023-08-12,sábado,08:15:00,SC,101,"280,0",IMBITUBA,Reação tardia ou ineficiente do condutor,Colisão traseira,Com Vítimas Feridas,Pleno dia,Crescente,Chuva,Múltipla,Reta,Sim,5,0,3,0,1,1,3,3,-28.17962805,-48.6956297,SPRF-SC,DEL02-SC,UOP03-DEL02-SC,2023
"543517,0",2023-07-19,quarta-feira,22:58:00,SC,101,"213,0",PALHOCA,Desrespeitar a preferência no cruzamento,Colisão transversal,Com Vítimas Feridas,Plena Noite,Decrescente,Céu Claro,Múltipla,Interseção de Vias;Retorno Regulamentado;Viaduto,Sim,5,0,4,0,1,0,4,2,-27.63697369,-48.66514142,SPRF-SC,DEL01-SC,UOP02-DEL01-SC,2023
"543658,0",2023-08-08,terça-feira,09:10:00,SC,282,"609,7",MARAVILHA,Condutor deixou de manter distância do veículo da frente,Colisão transversal,Com Vítimas Feridas,Pleno dia,Decrescente,Céu Claro,Simples,Reta,Não,3,0,0,1,1,3,1,5,-26.761354,-53.221897,SPRF-SC,DEL07-SC,UOP02-DEL07-SC,2023
"543704,0",2023-08-21,segunda-feira,13:10:00,SC,101,"139,4",BALNEARIO CAMBORIU,Condutor deixou de manter distância do veículo da frente,Colisão traseira,Com Vítimas Feridas,Pleno dia,Crescente,Céu Claro,Simples,Aclive;Reta,Não,2,0,1,0,1,0,1,2,-27.02982303,-48.60115006,SPRF-SC,DEL04-SC,UOP03-DEL04-SC,2023
"543731,0",2023-08-21,segunda-feira,16:40:00,SC,101,"190,0",BIGUACU,Acessar a via sem observar a presença dos outros veículos,Colisão lateral mesmo sentido,Sem Vítimas,Pleno dia,Decrescente,Céu Claro,Múltipla,Reta,Não,2,0,0,0,1,1,0,2,-27.468056,-48.641712,SPRF-SC,DEL01-SC,UOP01-DEL01-SC,2023
"543758,0",2023-08-21,segunda-feira,16:35:00,SC,101,"138,7",BALNEARIO CAMBORIU,Velocidade Incompatível,Colisão traseira,Com Vítimas Feridas,Pleno dia,Crescente,Céu Claro,Dupla,Curva,Não,3,0,0,1,1,1,1,3,-27.02397426,-48.60761649,SPRF-SC,DEL04-SC,UOP03-DEL04-SC,2023
"543798,0",2023-08-21,segunda-feira,20:00:00,SC,470,"41,8",GASPAR,Ausência de reação do condutor,Derramamento de carga,Sem Vítimas,Plena Noite,Decrescente,Céu Claro,Dupla,Reta,Não,3,0,0,0,1,2,0,3,-26.882343,-48.996975,SPRF-SC,DEL04-SC,UOP01-DEL04-SC,2023
"543823,0",2023-08-22,terça-feira,08:15:00,SC,101,"33,4",JOINVILLE,Acessar a via sem observar a presença dos outros veículos,Colisão lateral mesmo sentido,Sem Vítimas,Pleno dia,Decrescente,Céu Claro,Dupla,Reta,Não,3,0,0,0,2,1,0,3,-26.23200799,-48.91678053,SPRF-SC,DEL03-SC,UOP01-DEL03-SC,2023
"543966,0",2023-08-22,terça-feira,21:15:00,SC,116,"257,0",CAPAO ALTO,Velocidade Incompatível,Colisão traseira,Com Vítimas Feridas,Plena Noite,Decrescente,Céu Claro,Simples,Aclive;Reta,Não,3,0,1,0,1,2,1,4,-27.88918313,-50.41838408,SPRF-SC,DEL05-SC,UOP02-DEL05-SC,2023
"543986,0",2023-08-22,terça-feira,23:00:00,SC,101,"144,8",ITAPEMA,Manobra de mudança de faixa,Capotamento,Com Vítimas Feridas,Plena Noite,Decrescente,Nublado,Múltipla,Aclive;Reta,Sim,7,0,4,0,2,3,4,5,-27.07107774,-48.59557629,SPRF-SC,DEL04-SC,UOP03-DEL04-SC,2023
"544020,0",2023-08-23,quarta-feira,09:50:00,SC,101,"2,3",GARUVA,Manobra de mudança de faixa,Colisão lateral mesmo sentido,Com Vítimas Feridas,Pleno dia,Crescente,Sol,Dupla,Reta,Sim,2,0,1,0,0,1,1,2,-25.99699834,-48.87891655,SPRF-SC,DEL03-SC,UOP01-DEL03-SC,2023
"544035,0",2023-08-23,quarta-feira,11:55:00,SC,280,"22,4",ARAQUARI,Acessar a via sem observar a presença dos outros veículos,Colisão transversal,Com Vítimas Feridas,Pleno dia,Crescente,Céu Claro,Simples,Reta,Sim,3,0,1,0,1,2,1,4,-26.37092616,-48.70204099,SPRF-SC,DEL03-SC,UOP03-DEL03-SC,2023
"544039,0",2023-08-05,sábado,18:10:00,SC,282,"312,3",VARGEM,Velocidade Incompatível,Colisão frontal,Com Vítimas Fatais,Plena Noite,Crescente,Céu Claro,Simples,Curva,Não,6,2,0,2,1,1,2,3,-27.4597928,-50.9898705,SPRF-SC,DEL07-SC,UOP06-DEL07-SC,2023
"544062,0",2023-08-23,quarta-feira,14:40:00,SC,101,"163,0",TIJUCAS,Condutor deixou de manter distância do veículo da frente,Colisão lateral mesmo sentido,Sem Vítimas,Pleno dia,Decrescente,Céu Claro,Dupla,Reta,Sim,3,0,0,0,2,1,0,3,-27.23830651,-48.6304611,SPRF-SC,DEL04-SC,UOP03-DEL04-SC,2023
"544159,0",2023-08-24,quinta-feira,04:40:00,SC,101,"10,0",GARUVA,Reação tardia ou ineficiente do condutor,Colisão traseira,Com Vítimas Feridas,Plena Noite,Decrescente,Céu Claro,Dupla,Reta,Não,4,0,1,1,1,3,2,5,-26.063011,-48.86020605,SPRF-SC,DEL03-SC,UOP01-DEL03-SC,2023
"544176,0",2023-08-24,quinta-feira,06:30:00,SC,101,"178,0",BIGUACU,Carga excessiva e/ou mal acondicionada,Colisão com objeto,Com Vítimas Feridas,Pleno dia,Decrescente,Nublado,Dupla,Reta,Sim,4,0,1,0,2,1,1,4,-27.36408098,-48.63391212,SPRF-SC,DEL01-SC,UOP01-DEL01-SC,2023
"544202,0",2023-08-12,sábado,09:40:00,SC,282,"206,6",LAGES,Acessar a via sem observar a presença dos outros veículos,Colisão frontal,Com Vítimas Fatais,Pleno dia,Crescente,Chuva,Simples,Reta,Não,3,1,0,0,1,1,0,3,-27.77292131,-50.19782066,SPRF-SC,DEL05-SC,UOP01-DEL05-SC,2023
"544234,0",2023-08-24,quinta-feira,11:40:00,SC,101,"118,4",ITAJAI,Trafegar com motocicleta (ou similar) entre as faixas,Colisão lateral mesmo sentido,Com Vítimas Feridas,Pleno dia,Decrescente,Céu Claro,Múltipla,Reta,Sim,3,0,0,1,1,1,1,3,-26.9043179,-48.71555481,SPRF-SC,DEL04-SC,UOP04-DEL04-SC,2023
"544236,0",2023-08-24,quinta-feira,09:30:00,SC,101,"344,0",TUBARAO,Ausência de reação do condutor,Colisão com objeto,Com Vítimas Feridas,Pleno dia,Crescente,Chuva,Múltipla,Reta,Não,4,0,1,0,2,1,1,2,-28.554061,-49.054474,SPRF-SC,DEL02-SC,UOP01-DEL02-SC,2023
"544251,0",2023-08-24,quinta-feira,12:00:00,SC,101,"71,4",ARAQUARI,Manobra de mudança de faixa,Colisão com objeto,Com Vítimas Feridas,Pleno dia,Crescente,Nublado,Dupla,Reta,Não,3,0,1,0,1,1,1,3,-26.52503436,-48.71608257,SPRF-SC,DEL03-SC,UOP02-DEL03-SC,2023
"544254,0",2023-08-24,quinta-feira,10:35:00,SC,282,"546,1",CHAPECO,Conversão proibida,Colisão transversal,Com Vítimas Feridas,Pleno dia,Crescente,Céu Claro,Simples,Curva;Declive,Não,3,0,1,0,2,0,1,3,-26.979046,-52.736637,SPRF-SC,DEL07-SC,UOP01-DEL07-SC,2023
"544267,0",2023-08-24,quinta-feira,15:00:00,SC,470,"129,0",LONTRAS,Transitar na contramão,Colisão frontal,Com Vítimas Feridas,Pleno dia,Crescente,Garoa/Chuvisco,Simples,Curva;Em Obras,Não,3,0,1,0,2,0,1,2,-27.148499,-49.556137,SPRF-SC,DEL04-SC,UOP02-DEL04-SC,2023
"544298,0",2023-08-17,quinta-feira,06:15:00,SC,153,"99,8",CONCORDIA,Pedestre andava na pista,Atropelamento de Pedestre,Com Vítimas Feridas,Amanhecer,Crescente,Céu Claro,Simples,Curva,Sim,2,0,1,0,1,0,1,2,-27.23776561,-51.95425987,SPRF-SC,DEL07-SC,UOP04-DEL07-SC,2023
"544299,0",2023-08-24,quinta-feira,15:00:00,SC,101,"57,0",ARAQUARI,Ausência de reação do condutor,Colisão traseira,Com Vítimas Feridas,Pleno dia,Crescente,Chuva,Múltipla,Reta,Não,3,0,1,0,1,1,1,3,-26.43646093,-48.81113029,SPRF-SC,DEL03-SC,UOP01-DEL03-SC,2023
"544330,0",2023-08-24,quinta-feira,20:21:00,SC,101,"185,4",BIGUACU,Pedestre cruzava a pista fora da faixa,Atropelamento de Pedestre,Com Vítimas Feridas,Plena Noite,Crescente,Nublado,Dupla,Reta,Não,3,0,0,1,1,2,1,4,-27.42536698,-48.62465876,SPRF-SC,DEL01-SC,UOP01-DEL01-SC,2023
"544338,0",2023-08-24,quinta-feira,21:00:00,SC,470,"141,8",RIO DO SUL,Condutor deixou de manter distância do veículo da frente,Colisão traseira,Com Vítimas Feridas,Plena Noite,Crescente,Garoa/Chuvisco,Simples,Reta,Sim,4,0,2,0,1,2,2,5,-27.20936209,-49.6518302,SPRF-SC,DEL04-SC,UOP02-DEL04-SC,2023
"544360,0",2023-08-24,quinta-feira,22:00:00,SC,470,"143,0",RIO DO SUL,Ausência de reação do condutor,Colisão traseira,Com Vítimas Feridas,Plena Noite,Decrescente,Garoa/Chuvisco,Simples,Reta,Sim,2,0,0,1,1,0,1,2,-27.21899094,-49.65670109,SPRF-SC,DEL04-SC,UOP02-DEL04-SC,2023
"544377,0",2023-08-25,sexta-feira,03:00:00,SC,116,"71,8",MONTE CASTELO,Ingestão de álcool pelo condutor,Colisão frontal,Com Vítimas Feridas,Plena Noite,Crescente,Nublado,Simples,Aclive;Reta,Não,3,0,1,0,1,1,1,3,-26.47804399,-50.23238915,SPRF-SC,DEL06-SC,UOP02-DEL06-SC,2023
"544378,0",2023-07-03,segunda-feira,11:15:00,SC,101,"55,0",JOINVILLE,Velocidade Incompatível,Colisão traseira,Sem Vítimas,Pleno dia,Crescente,Céu Claro,Dupla,Reta,Não,3,0,0,0,2,1,0,3,-26.42280898,-48.82977496,SPRF-SC,DEL03-SC,UOP01-DEL03-SC,2023
"544437,0",2023-08-25,sexta-feira,12:25:00,SC,101,"48,9",JOINVILLE,Condutor deixou de manter distância do veículo da frente,Colisão traseira,Com Vítimas Feridas,Pleno dia,Crescente,Nublado,Dupla,Curva,Não,4,0,1,0,2,1,1,3,-26.35345909,-48.85867862,SPRF-SC,DEL03-SC,UOP01-DEL03-SC,2023
"544455,0",2023-08-25,sexta-feira,13:50:00,SC,282,"16,4",PALHOCA,Ausência de reação do condutor,Colisão traseira,Com Vítimas Feridas,Pleno dia,Crescente,Nublado,Simples,Reta,Sim,3,0,1,0,2,0,1,2,-27.658611,-48.681847,SPRF-SC,DEL01-SC,UOP02-DEL01-SC,2023
"544457,0",2023-08-25,sexta-feira,13:30:00,SC,282,"381,0",HERVAL DOESTE,Condutor Dormindo,Colisão com objeto,Com Vítimas Feridas,Pleno dia,Decrescente,Chuva,Simples,Reta,Não,4,0,1,0,2,1,1,3,-27.204979,-51.501442,SPRF-SC,DEL07-SC,UOP05-DEL07-SC,2023
"544459,0",2023-08-25,sexta-feira,14:40:00,SC,116,"6,9",MAFRA,Ingestão de álcool pelo condutor,Tombamento,Com Vítimas Feridas,Pleno dia,Crescente,Nublado,Simples,Reta;Interseção de Vias,Sim,2,0,1,0,1,0,1,2,-26.15196176,-49.83102416,SPRF-SC,DEL06-SC,UOP01-DEL06-SC,2023
"544467,0",2023-08-25,sexta-feira,12:15:00,SC,101,"132,5",BALNEARIO CAMBORIU,Pista Escorregadia,Colisão lateral mesmo sentido,Com Vítimas Feridas,Pleno dia,Decrescente,Chuva,Múltipla,Reta,Sim,2,0,1,0,1,0,1,2,-26.99654133,-48.65564711,SPRF-SC,DEL04-SC,UOP03-DEL04-SC,2023
"544520,0",2023-08-25,sexta-feira,19:30:00,SC,282,"396,0",JOACABA,Transitar na contramão,Colisão frontal,Com Vítimas Feridas,Plena Noite,Decrescente,Céu Claro,Simples,Curva;Declive,Não,2,0,0,1,1,0,1,2,-27.155375,-51.601593,SPRF-SC,DEL07-SC,UOP05-DEL07-SC,2023
"544525,0",2023-08-25,sexta-feira,18:00:00,SC,470,"166,0",POUSO REDONDO,Reação tardia ou ineficiente do condutor,Colisão transversal,Com Vítimas Feridas,Plena Noite,Decrescente,Nublado,Simples,Curva;Declive,Não,4,0,1,0,2,1,1,3,-27.275208,-49.855125,SPRF-SC,DEL04-SC,UOP02-DEL04-SC,2023
"544526,0",2023-08-25,sexta-feira,17:40:00,SC,280,"40,0",ARAQUARI,Reação tardia ou ineficiente do condutor,Colisão transversal,Com Vítimas Feridas,Pleno dia,Decrescente,Garoa/Chuvisco,Simples,Reta,Sim,9,0,6,1,2,0,7,3,-26.44938176,-48.84792002,SPRF-SC,DEL03-SC,UOP03-DEL03-SC,2023
"544572,0",2023-08-25,sexta-feira,23:45:00,SC,282,"38,6",AGUAS MORNAS,Ingestão de álcool pelo condutor,Colisão frontal,Com Vítimas Fatais,Plena Noite,Crescente,Nublado,Simples,Curva,Não,3,1,1,0,0,1,1,3,-27.7132937,-48.8587696,SPRF-SC,DEL01-SC,UOP03-DEL01-SC,2023
"544615,0",2023-07-29,sábado,07:00:00,SC,101,"124,0",ITAJAI,Ausência de reação do condutor,Colisão traseira,Com Vítimas Feridas,Pleno dia,Decrescente,Céu Claro,Múltipla,Reta,Não,3,0,1,0,1,2,1,4,-26.94335064,-48.69198648,SPRF-SC,DEL04-SC,UOP04-DEL04-SC,2023
"544645,0",2023-08-26,sábado,05:55:00,SC,116,"253,5",LAGES,Pedestre andava na pista,Atropelamento de Pedestre,Com Vítimas Fatais,Plena Noite,Decrescente,Nublado,Simples,Reta,Não,6,1,0,0,3,2,0,3,-27.862848,-50.391483,SPRF-SC,DEL05-SC,UOP02-DEL05-SC,2023
"544825,0",2023-08-27,domingo,03:40:00,SC,101,"415,2",ARARANGUA,Pedestre andava na pista,Atropelamento de Pedestre,Com Vítimas Fatais,Plena Noite,Decrescente,Céu Claro,Múltipla,Aclive;Reta,Sim,2,1,0,0,0,1,0,2,-28.967426,-49.523559,SPRF-SC,DEL02-SC,UOP02-DEL02-SC,2023
"544993,0",2023-08-27,domingo,20:30:00,SC,101,"104,3",BALNEARIO PICARRAS,Reação tardia ou ineficiente do condutor,Colisão traseira,Sem Vítimas,Plena Noite,Crescente,Nublado,Dupla,Reta,Não,4,0,0,0,4,0,0,2,-26.79281742,-48.68080819,SPRF-SC,DEL03-SC,UOP02-DEL03-SC,2023
"545060,0",2023-08-28,segunda-feira,07:05:00,SC,101,"205,0",SAO JOSE,Ausência de reação do condutor,Colisão lateral mesmo sentido,Com Vítimas Feridas,Pleno dia,Decrescente,Céu Claro,Múltipla,Reta,Não,2,0,1,0,1,0,1,2,-27.58313237,-48.61532885,SPRF-SC,DEL01-SC,UOP01-DEL01-SC,2023
"545145,0",2023-08-28,segunda-feira,09:20:00,SC,280,"264,0",IRINEOPOLIS,Ultrapassagem Indevida,Colisão lateral mesmo sentido,Com Vítimas Feridas,Pleno dia,Decrescente,Nublado,Simples,Reta;Declive,Não,3,0,1,0,1,2,1,4,-26.2624955,-50.67821301,SPRF-SC,DEL06-SC,UOP04-DEL06-SC,2023
"545194,0",2023-08-28,segunda-feira,16:40:00,SC,282,"612,8",MARAVILHA,Ultrapassagem Indevida,Colisão lateral mesmo sentido,Com Vítimas Feridas,Pleno dia,Decrescente,Sol,Simples,Reta,Não,3,0,0,1,2,0,1,3,-26.75906,-53.248955,SPRF-SC,DEL07-SC,UOP02-DEL07-SC,2023
"545208,0",2023-08-28,segunda-feira,19:10:00,SC,282,"398,3",JOACABA,Ultrapassagem Indevida,Colisão frontal,Com Vítimas Feridas,Plena Noite,Crescente,Céu Claro,Dupla,Curva,Não,4,0,1,0,2,1,1,4,-27.143419,-51.613823,SPRF-SC,DEL07-SC,UOP05-DEL07-SC,2023
"545219,0",2023-08-28,segunda-feira,17:15:00,SC,116,"34,5",ITAIOPOLIS,Ausência de reação do condutor,Colisão traseira,Com Vítimas Feridas,Pleno dia,Decrescente,Céu Claro,Simples,Reta,Não,5,0,0,2,2,1,2,4,-26.33118709,-49.99664695,SPRF-SC,DEL06-SC,UOP01-DEL06-SC,2023
"545282,0",2023-08-29,terça-feira,12:00:00,SC,101,"131,0",BALNEARIO CAMBORIU,Transitar na contramão,Colisão lateral sentido oposto,Com Vítimas Feridas,Pleno dia,Crescente,Nublado,Múltipla,Reta,Sim,2,0,1,0,1,0,1,2,-26.99064209,-48.66310912,SPRF-SC,DEL04-SC,UOP03-DEL04-SC,2023
"545306,0",2023-08-29,terça-feira,14:00:00,SC,101,"208,0",SAO JOSE,Ausência de reação do condutor,Colisão lateral mesmo sentido,Com Vítimas Feridas,Pleno dia,Crescente,Nublado,Múltipla,Reta,Sim,3,0,1,0,1,1,1,2,-27.60327979,-48.63201818,SPRF-SC,DEL01-SC,UOP01-DEL01-SC,2023
"545386,0",2023-08-29,terça-feira,22:20:00,SC,282,"528,0",CORDILHEIRA ALTA,Ausência de sinalização,Colisão traseira,Sem Vítimas,Plena Noite,Crescente,Céu Claro,Simples,Curva,Não,3,0,0,0,3,0,0,2,-26.978798,-52.588566,SPRF-SC,DEL07-SC,UOP01-DEL07-SC,2023
"545410,0",2023-08-30,quarta-feira,04:40:00,SC,470,"259,5",CURITIBANOS,Transitar na contramão,Colisão lateral sentido oposto,Com Vítimas Fatais,Plena Noite,Decrescente,Nevoeiro/Neblina,Simples,Curva;Declive,Não,3,1,0,0,1,2,0,4,-27.30017241,-50.67881584,SPRF-SC,DEL05-SC,UOP03-DEL05-SC,2023
"545435,0",2023-08-30,quarta-feira,09:50:00,SC,470,"45,3",GASPAR,Ultrapassagem Indevida,Colisão lateral sentido oposto,Com Vítimas Feridas,Pleno dia,Crescente,Céu Claro,Simples,Curva;Declive;Em Obras,Não,2,0,0,1,1,0,1,2,-26.86155782,-49.03573751,SPRF-SC,DEL04-SC,UOP01-DEL04-SC,2023
"545462,0",2023-08-30,quarta-feira,11:45:00,SC,470,"75,7",INDAIAL,Reação tardia ou ineficiente do condutor,Colisão frontal,Sem Vítimas,Pleno dia,Crescente,Céu Claro,Simples,Em Obras;Reta,Não,3,0,0,0,2,1,0,3,-26.924833,-49.284004,SPRF-SC,DEL04-SC,UOP01-DEL04-SC,2023
"545469,0",2023-08-30,quarta-feira,14:00:00,SC,470,"56,0",BLUMENAU,Ultrapassagem Indevida,Colisão lateral mesmo sentido,Com Vítimas Feridas,Pleno dia,Crescente,Céu Claro,Simples,Reta,Sim,2,0,1,0,1,0,1,2,-26.87674,-49.127743,SPRF-SC,DEL04-SC,UOP01-DEL04-SC,2023
"545505,0",2023-08-30,quarta-feira,15:05:00,SC,282,"494,2",XANXERE,Reação tardia ou ineficiente do condutor,Tombamento,Com Vítimas Feridas,Pleno dia,Crescente,Céu Claro,Simples,Curva;Aclive,Não,2,0,1,0,1,0,1,1,-26.87149,-52.318768,SPRF-SC,DEL07-SC,UOP01-DEL07-SC,2023
"545572,0",2023-08-31,quinta-feira,03:30:00,SC,280,"221,0",TRES BARRAS,Velocidade Incompatível,Tombamento,Sem Vítimas,Plena Noite,Decrescente,Nublado,Simples,Reta;Rotatória,Não,2,0,0,0,1,1,0,2,-26.173056,-50.27445,SPRF-SC,DEL06-SC,UOP04-DEL06-SC,2023
"545594,0",2023-08-31,quinta-feira,07:30:00,SC,101,"216,3",PALHOCA,Reação tardia ou ineficiente do condutor,Colisão lateral mesmo sentido,Com Vítimas Feridas,Pleno dia,Decrescente,Céu Claro,Dupla,Reta;Declive,Sim,3,0,1,0,2,0,1,3,-27.65981409,-48.67747798,SPRF-SC,DEL01-SC,UOP02-DEL01-SC,2023
"545679,0",2023-08-31,quinta-feira,16:10:00,SC,470,"62,6",INDAIAL,Condutor deixou de manter distância do veículo da frente,Colisão traseira,Sem Vítimas,Pleno dia,Decrescente,Céu Claro,Simples,Reta;Declive,Sim,4,0,0,0,4,0,0,4,-26.872396,-49.19228,SPRF-SC,DEL04-SC,UOP01-DEL04-SC,2023
"545692,0",2023-08-31,quinta-feira,15:34:00,SC,101,"457,5",SAO JOAO DO SUL,Condutor deixou de manter distância do veículo da frente,Colisão traseira,Sem Vítimas,Pleno dia,Decrescente,Céu Claro,Múltipla,Reta,Não,3,0,0,0,2,2,0,4,-29.2321129,-49.7583037,SPRF-SC,DEL02-SC,UOP02-DEL02-SC,2023
"545843,0",2023-09-01,sexta-feira,12:20:00,SC,470,"146,0",RIO DO SUL,Velocidade Incompatível,Colisão lateral sentido oposto,Com Vítimas Feridas,Pleno dia,Decrescente,Sol,Simples,Curva,Não,3,0,0,1,1,1,1,3,-27.240673,-49.685822,SPRF-SC,DEL04-SC,UOP02-DEL04-SC,2023
"545863,0",2023-09-01,sexta-feira,15:00:00,SC,101,"195,0",BIGUACU,Ausência de reação do condutor,Colisão lateral mesmo sentido,Com Vítimas Feridas,Pleno dia,Decrescente,Nublado,Dupla,Reta,Sim,3,0,1,0,2,0,1,2,-27.5047092,-48.65010819,SPRF-SC,DEL01-SC,UOP01-DEL01-SC,2023
"545914,0",2023-09-01,sexta-feira,16:40:00,SC,282,"593,1",SAUDADES,Demais falhas mecânicas ou elétricas,Saída de leito carroçável,Com Vítimas Feridas,Pleno dia,Crescente,Chuva,Simples,Curva,Não,2,0,2,0,0,0,2,1,-26.826199,-53.10162,SPRF-SC,DEL07-SC,UOP02-DEL07-SC,2023
"545947,0",2023-09-01,sexta-feira,15:00:00,SC,101,"114,0",ITAJAI,Acessar a via sem observar a presença dos outros veículos,Colisão transversal,Com Vítimas Feridas,Pleno dia,Crescente,Céu Claro,Múltipla,Interseção de Vias;Retorno Regulamentado,Sim,2,0,1,0,1,0,1,2,-26.86192886,-48.7286704,SPRF-SC,DEL04-SC,UOP04-DEL04-SC,2023
"546018,0",2023-09-02,sábado,05:20:00,SC,153,"82,7",IRANI,Ingestão de álcool pelo condutor,Colisão lateral sentido oposto,Sem Vítimas,Plena Noite,Crescente,Chuva,Simples,Curva,Não,2,0,0,0,2,0,0,2,-27.122955,-51.926865,SPRF-SC,DEL07-SC,UOP04-DEL07-SC,2023
"546083,0",2023-09-02,sábado,12:50:00,SC,282,"3,8",FLORIANOPOLIS,Reação tardia ou ineficiente do condutor,Saída de leito carroçável,Com Vítimas Feridas,Pleno dia,Crescente,Nublado,Dupla,Curva,Sim,1,0,1,0,0,0,1,1,-27.600384,-48.599705,SPRF-SC,DEL01-SC,UOP01-DEL01-SC,2023
"546132,0",2023-09-02,sábado,15:25:00,SC,101,"444,4",SANTA ROSA DO SUL,Manobra de mudança de faixa,Colisão lateral mesmo sentido,Com Vítimas Feridas,Pleno dia,Decrescente,Céu Claro,Múltipla,Aclive;Reta,Não,4,0,2,0,1,1,2,3,-29.13479517,-49.70645294,SPRF-SC,DEL02-SC,UOP02-DEL02-SC,2023
"546169,0",2023-09-02,sábado,18:40:00,SC,101,"65,8",ARAQUARI,Velocidade Incompatível,Tombamento,Com Vítimas Feridas,Plena Noite,Crescente,Nublado,Dupla,Curva,Não,2,0,1,0,0,1,1,2,-26.47135714,-48.74457217,SPRF-SC,DEL03-SC,UOP02-DEL03-SC,2023
"546251,0",2023-09-03,domingo,03:00:00,SC,153,"11,9",AGUA DOCE,Condutor Dormindo,Colisão lateral sentido oposto,Com Vítimas Feridas,Plena Noite,Crescente,Ignorado,Simples,Reta,Não,4,0,1,0,2,1,1,3,-26.690132,-51.567135,SPRF-SC,DEL07-SC,UOP07-DEL07-SC,2023
"546259,0",2023-09-02,sábado,22:12:00,SC,163,"70,5",SAO MIGUEL DO OESTE,Ausência de reação do condutor,Colisão com objeto,Com Vítimas Feridas,Plena Noite,Crescente,Nublado,Dupla,Curva,Sim,1,0,1,0,0,0,1,1,-26.73461723,-53.50680015,SPRF-SC,DEL07-SC,UOP03-DEL07-SC,2023
"546296,0",2023-09-03,domingo,08:11:00,SC,101,"216,0",PALHOCA,Desrespeitar a preferência no cruzamento,Colisão transversal,Sem Vítimas,Pleno dia,Crescente,Céu Claro,Dupla,Retorno Regulamentado;Rotatória;Reta,Sim,2,0,0,0,2,0,0,2,-27.65981409,-48.67747798,SPRF-SC,DEL01-SC,UOP02-DEL01-SC,2023
"546426,0",2023-09-03,domingo,21:45:00,SC,101,"267,5",IMBITUBA,Condutor Dormindo,Saída de leito carroçável,Com Vítimas Feridas,Plena Noite,Decrescente,Chuva,Dupla,Reta,Não,2,0,0,1,0,1,1,2,-28.08754237,-48.710289,SPRF-SC,DEL02-SC,UOP03-DEL02-SC,2023
"546467,0",2023-09-04,segunda-feira,03:20:00,SC,101,"123,0",ITAJAI,Acessar a via sem observar a presença dos outros veículos,Atropelamento de Pedestre,Com Vítimas Fatais,Plena Noite,Crescente,Nevoeiro/Neblina,Múltipla,Reta,Sim,2,1,0,0,0,1,0,2,-26.93668609,-48.69876905,SPRF-SC,DEL04-SC,UOP04-DEL04-SC,2023