id,data_inversa,dia_semana,horario,uf,br,km,municipio,causa_acidente,tipo_acidente,classificacao_acidente,fase_dia,sentido_via,condicao_metereologica,tipo_pista,tracado_via,uso_solo,pessoas,mortos,feridos_leves,feridos_graves,ilesos,ignorados,feridos,veiculos,latitude,longitude,regional,delegacia,uop,ano_arquivo
"546496,0",2023-09-04,segunda-feira,06:45:00,SC,480,"124,1",CHAPECO,Velocidade Incompatível,Saída de leito carroçável,Sem Vítimas,Pleno dia,Crescente,Chuva,Dupla,Declive;Reta,Sim,2,0,0,0,1,1,0,2,-27.00645896,-52.64298325,SPRF-SC,DEL07-SC,UOP01-DEL07-SC,2023
"546497,0",2023-09-03,domingo,23:00:00,SC,282,"394,0",JOACABA,Demais falhas mecânicas ou elétricas,Incêndio,Sem Vítimas,Plena Noite,Decrescente,Céu Claro,Simples,Reta,Não,2,0,0,0,1,1,0,2,-27.16017,-51.58284,SPRF-SC,DEL07-SC,UOP05-DEL07-SC,2023
"546527,0",2023-09-04,segunda-feira,09:40:00,SC,282,"104,0",ALFREDO WAGNER,Acessar a via sem observar a presença dos outros veículos,Colisão transversal,Com Vítimas Feridas,Pleno dia,Crescente,Céu Claro,Simples,Reta,Sim,2,0,0,1,1,0,1,2,-27.696043,-49.334038,SPRF-SC,DEL01-SC,UOP03-DEL01-SC,2023
"546625,0",2023-09-04,segunda-feira,18:40:00,SC,101,"16,0",GARUVA,Demais falhas mecânicas ou elétricas,Saída de leito carroçável,Com Vítimas Feridas,Plena Noite,Crescente,Chuva,Dupla,Declive;Reta,Não,2,0,1,0,0,1,1,2,-26.11427473,-48.87647034,SPRF-SC,DEL03-SC,UOP01-DEL03-SC,2023
"546635,0",2023-09-04,segunda-feira,19:15:00,SC,282,"207,8",LAGES,Ausência de reação do condutor,Saída de leito carroçável,Com Vítimas Feridas,Plena Noite,Decrescente,Chuva,Simples,Declive;Reta,Não,1,0,1,0,0,0,1,1,-27.77537994,-50.21198273,SPRF-SC,DEL05-SC,UOP01-DEL05-SC,2023
"546705,0",2023-09-05,terça-feira,10:16:00,SC,101,"183,5",BIGUACU,Condutor deixou de manter distância do veículo da frente,Colisão traseira,Com Vítimas Feridas,Pleno dia,Crescente,Céu Claro,Dupla,Reta,Não,3,0,2,0,1,0,2,2,-27.40688892,-48.6285296,SPRF-SC,DEL01-SC,UOP01-DEL01-SC,2023
"546719,0",2023-09-05,terça-feira,06:25:00,SC,116,"51,9",PAPANDUVA,Transitar na contramão,Colisão frontal,Com Vítimas Fatais,Amanhecer,Decrescente,Céu Claro,Simples,Reta,Não,2,2,0,0,0,0,0,2,-26.3894686,-50.1440045,SPRF-SC,DEL06-SC,UOP01-DEL06-SC,2023
"546812,0",2023-09-05,terça-feira,19:29:00,SC,101,"208,0",SAO JOSE,Reação tardia ou ineficiente do condutor,Colisão transversal,Com Vítimas Feridas,Pleno dia,Decrescente,Nublado,Múltipla,Reta,Sim,4,0,0,1,2,1,1,3,-27.60327979,-48.63201818,SPRF-SC,DEL01-SC,UOP01-DEL01-SC,2023
"546818,0",2023-09-05,terça-feira,20:30:00,SC,282,"596,0",SAUDADES,Acesso irregular,Colisão transversal,Com Vítimas Feridas,Plena Noite,Decrescente,Céu Claro,Simples,Reta,Não,2,0,1,0,1,0,1,2,-26.829437,-53.127995,SPRF-SC,DEL07-SC,UOP02-DEL07-SC,2023
"546819,0",2023-09-05,terça-feira,19:40:00,SC,116,"170,7",PONTE ALTA DO NORTE,Ausência de reação do condutor,Saída de leito carroçável,Com Vítimas Feridas,Plena Noite,Decrescente,Céu Claro,Simples,Reta,Não,2,0,1,0,0,1,1,2,-27.194962,-50.463425,SPRF-SC,DEL05-SC,UOP03-DEL05-SC,2023
"546868,0",2023-09-06,quarta-feira,08:00:00,SC,101,"213,4",PALHOCA,Manobra de mudança de faixa,Colisão lateral mesmo sentido,Com Vítimas Feridas,Pleno dia,Decrescente,Céu Claro,Múltipla,Reta,Sim,3,0,2,0,0,1,2,3,-27.63697369,-48.66514142,SPRF-SC,DEL01-SC,UOP02-DEL01-SC,2023
"546871,0",2023-09-06,quarta-feira,08:15:00,SC,101,"209,5",SAO JOSE,Ausência de reação do condutor,Colisão traseira,Com Vítimas Feridas,Pleno dia,Crescente,Céu Claro,Múltipla,Reta,Sim,3,0,1,0,1,1,1,3,-27.61000542,-48.63895057,SPRF-SC,DEL01-SC,UOP01-DEL01-SC,2023
"546872,0",2023-09-06,quarta-feira,07:40:00,SC,101,"119,3",ITAJAI,Reação tardia ou ineficiente do condutor,Colisão traseira,Com Vítimas Feridas,Pleno dia,Decrescente,Céu Claro,Dupla,Reta,Não,5,0,0,1,3,1,1,5,-26.9043179,-48.71555481,SPRF-SC,DEL04-SC,UOP04-DEL04-SC,2023
"546914,0",2023-09-06,quarta-feira,11:25:00,SC,101,"202,0",SAO JOSE,Reação tardia ou ineficiente do condutor,Colisão lateral mesmo sentido,Com Vítimas Feridas,Pleno dia,Decrescente,Nublado,Múltipla,Reta,Não,3,0,1,0,1,1,1,3,-27.55711595,-48.61897889,SPRF-SC,DEL01-SC,UOP01-DEL01-SC,2023
"546966,0",2023-09-06,quarta-feira,17:10:00,SC,101,"125,1",ITAJAI,Condutor deixou de manter distância do veículo da frente,Colisão traseira,Com Vítimas Feridas,Pleno dia,Crescente,Nublado,Múltipla,Reta,Sim,3,0,1,0,2,0,1,2,-26.94802427,-48.68338515,SPRF-SC,DEL04-SC,UOP04-DEL04-SC,2023
"547016,0",2023-09-06,quarta-feira,16:40:00,SC,282,"467,3",PONTE SERRADA,Acessar a via sem observar a presença dos outros veículos,Colisão transversal,Com Vítimas Feridas,Pleno dia,Crescente,Céu Claro,Simples,Reta,Não,5,0,2,0,2,2,2,4,-26.854425,-52.096107,SPRF-SC,DEL07-SC,UOP04-DEL07-SC,2023
"547043,0",2023-09-06,quarta-feira,21:00:00,SC,101,"279,9",IMBITUBA,Reação tardia ou ineficiente do condutor,Colisão lateral sentido oposto,Com Vítimas Feridas,Plena Noite,Decrescente,Nublado,Simples,Interseção de Vias,Não,2,0,1,0,1,0,1,2,-28.19393344,-48.69754851,SPRF-SC,DEL02-SC,UOP03-DEL02-SC,2023
"547112,0",2023-09-07,quinta-feira,07:00:00,SC,101,"132,2",BALNEARIO CAMBORIU,Manobra de mudança de faixa,Tombamento,Com Vítimas Feridas,Pleno dia,Crescente,Nublado,Múltipla,Reta,Sim,2,0,1,0,1,0,1,2,-26.99654133,-48.65564711,SPRF-SC,DEL04-SC,UOP03-DEL04-SC,2023
"547114,0",2023-09-07,quinta-feira,06:00:00,SC,101,"106,0",PENHA,Ingestão de álcool pelo condutor,Colisão lateral mesmo sentido,Com Vítimas Feridas,Amanhecer,Crescente,Céu Claro,Dupla,Reta,Não,3,0,0,1,1,1,1,3,-26.81031601,-48.68293896,SPRF-SC,DEL03-SC,UOP02-DEL03-SC,2023
"547118,0",2023-09-07,quinta-feira,04:50:00,SC,470,"104,9",APIUNA,Ingestão de álcool pelo condutor,Colisão lateral sentido oposto,Sem Vítimas,Plena Noite,Crescente,Chuva,Simples,Curva,Não,3,0,0,0,2,3,0,5,-27.06135,-49.410408,SPRF-SC,DEL04-SC,UOP02-DEL04-SC,2023
"547162,0",2023-09-06,quarta-feira,23:30:00,SC,470,"149,0",AGRONOMICA,Ingestão de álcool pelo condutor,Colisão lateral mesmo sentido,Sem Vítimas,Plena Noite,Decrescente,Chuva,Simples,Reta,Não,3,0,0,0,2,1,0,3,-27.252104,-49.702129,SPRF-SC,DEL04-SC,UOP02-DEL04-SC,2023
"547167,0",2023-09-07,quinta-feira,11:15:00,SC,101,"12,5",GARUVA,Ausência de reação do condutor,Colisão traseira,Com Vítimas Feridas,Pleno dia,Decrescente,Nublado,Dupla,Aclive;Reta,Não,2,0,1,0,1,0,1,2,-26.08104399,-48.86175612,SPRF-SC,DEL03-SC,UOP01-DEL03-SC,2023
"547378,0",2023-09-08,sexta-feira,09:50:00,SC,282,"394,5",JOACABA,Acumulo de óleo sobre o pavimento,Tombamento,Com Vítimas Feridas,Pleno dia,Decrescente,Chuva,Simples,Reta,Não,1,0,1,0,0,0,1,1,-27.16017,-51.58284,SPRF-SC,DEL07-SC,UOP05-DEL07-SC,2023
"547509,0",2023-09-09,sábado,00:10:00,SC,101,"365,8",SANGAO,Condutor Dormindo,Saída de leito carroçável,Com Vítimas Feridas,Plena Noite,Crescente,Céu Claro,Dupla,Reta,Não,2,0,0,1,0,1,1,2,-28.68290284,-49.14759308,SPRF-SC,DEL02-SC,UOP01-DEL02-SC,2023
"547512,0",2023-09-09,sábado,03:00:00,SC,101,"369,8",ICARA,Condutor Dormindo,Colisão com objeto,Com Vítimas Feridas,Plena Noite,Crescente,Céu Claro,Dupla,Reta,Não,6,0,4,0,0,2,4,3,-28.70536283,-49.20334339,SPRF-SC,DEL02-SC,UOP01-DEL02-SC,2023
"547567,0",2023-09-09,sábado,10:50:00,SC,282,"606,9",MARAVILHA,Ingestão de álcool pelo condutor,Colisão frontal,Com Vítimas Feridas,Pleno dia,Crescente,Nublado,Simples,Reta,Não,5,0,0,1,1,4,1,5,-26.778643,-53.198692,SPRF-SC,DEL07-SC,UOP02-DEL07-SC,2023
"547604,0",2023-09-09,sábado,15:00:00,SC,101,"214,6",PALHOCA,Acesso irregular,Colisão frontal,Com Vítimas Feridas,Pleno dia,Crescente,Nublado,Múltipla,Reta,Sim,4,0,1,0,2,1,1,4,-27.64443,-48.67057,SPRF-SC,DEL01-SC,UOP02-DEL01-SC,2023
"547641,0",2023-09-09,sábado,18:10:00,SC,101,"445,2",SANTA ROSA DO SUL,Suicídio (presumido),Atropelamento de Pedestre,Com Vítimas Feridas,Plena Noite,Crescente,Chuva,Múltipla,Reta,Sim,4,0,1,0,1,3,1,4,-29.14503998,-49.72223282,SPRF-SC,DEL02-SC,UOP02-DEL02-SC,2023
"547787,0",2023-09-10,domingo,06:30:00,SC,282,"620,0",IRACEMINHA,Reação tardia ou ineficiente do condutor,Saída de leito carroçável,Com Vítimas Feridas,Pleno dia,Decrescente,Céu Claro,Simples,Reta,Não,3,0,1,0,0,2,1,3,-26.799355,-53.308002,SPRF-SC,DEL07-SC,UOP02-DEL07-SC,2023
"547966,0",2023-09-11,segunda-feira,05:40:00,SC,470,"157,9",TROMBUDO CENTRAL,Acostamento em desnível,Colisão frontal,Com Vítimas Feridas,Pleno dia,Crescente,Céu Claro,Simples,Curva;Declive,Não,3,0,0,2,0,1,2,3,-27.285425,-49.76881,SPRF-SC,DEL04-SC,UOP02-DEL04-SC,2023
"548178,0",2023-09-12,terça-feira,06:40:00,SC,116,"37,3",ITAIOPOLIS,Reação tardia ou ineficiente do condutor,Colisão lateral mesmo sentido,Com Vítimas Feridas,Pleno dia,Decrescente,Céu Claro,Simples,Reta,Não,5,0,2,0,2,1,2,3,-26.34065776,-50.02444605,SPRF-SC,DEL06-SC,UOP01-DEL06-SC,2023
"548194,0",2023-09-12,terça-feira,09:30:00,SC,101,"210,6",SAO JOSE,Manobra de mudança de faixa,Colisão com objeto,Com Vítimas Feridas,Pleno dia,Crescente,Céu Claro,Múltipla,Reta,Sim,2,0,1,0,1,0,1,2,-27.6167305,-48.6457265,SPRF-SC,DEL01-SC,UOP01-DEL01-SC,2023
"548214,0",2023-08-08,terça-feira,07:25:00,SC,101,"29,8",JOINVILLE,Demais falhas mecânicas ou elétricas,Colisão traseira,Com Vítimas Feridas,Pleno dia,Crescente,Céu Claro,Dupla,Aclive;Reta,Não,3,0,1,0,1,1,1,3,-26.22433145,-48.91662598,SPRF-SC,DEL03-SC,UOP01-DEL03-SC,2023
"548216,0",2023-09-12,terça-feira,10:45:00,SC,101,"85,4",BARRA VELHA,Acessar a via sem observar a presença dos outros veículos,Colisão lateral mesmo sentido,Com Vítimas Feridas,Pleno dia,Crescente,Sol,Dupla,Reta,Sim,2,0,1,0,1,0,1,2,-26.62840879,-48.70813584,SPRF-SC,DEL03-SC,UOP02-DEL03-SC,2023
"548240,0",2023-09-12,terça-feira,13:10:00,SC,101,"395,0",MARACAJA,Ausência de reação do condutor,Colisão traseira,Com Vítimas Feridas,Pleno dia,Decrescente,Céu Claro,Múltipla,Declive,Não,2,0,1,0,0,1,1,2,-28.81906377,-49.39678117,SPRF-SC,DEL02-SC,UOP02-DEL02-SC,2023
"548263,0",2023-09-12,terça-feira,17:30:00,SC,280,"55,5",GUARAMIRIM,Manobra de mudança de faixa,Colisão lateral mesmo sentido,Sem Vítimas,Pleno dia,Crescente,Nublado,Dupla,Rotatória;Reta,Não,2,0,0,0,2,0,0,2,-26.47584353,-48.9937858,SPRF-SC,DEL03-SC,UOP03-DEL03-SC,2023
"548278,0",2023-09-12,terça-feira,15:55:00,SC,280,"29,0",ARAQUARI,Pedestre cruzava a pista fora da faixa,Colisão traseira,Com Vítimas Feridas,Pleno dia,Decrescente,Sol,Simples,Reta,Sim,3,0,0,1,1,3,1,5,-26.41066264,-48.75295628,SPRF-SC,DEL03-SC,UOP03-DEL03-SC,2023
"548281,0",2023-09-12,terça-feira,16:00:00,SC,280,"1,0",SAO FRANCISCO DO SUL,Ultrapassagem Indevida,Colisão lateral mesmo sentido,Com Vítimas Feridas,Pleno dia,Decrescente,Céu Claro,Simples,Reta,Sim,3,0,1,0,1,1,1,3,-26.23513098,-48.62815601,SPRF-SC,DEL03-SC,UOP03-DEL03-SC,2023
"548298,0",2023-09-12,terça-feira,14:20:00,SC,153,"20,0",AGUA DOCE,Acumulo de óleo sobre o pavimento,Colisão traseira,Com Vítimas Feridas,Pleno dia,Crescente,Nublado,Simples,Declive;Reta,Não,3,0,1,0,1,1,1,3,-26.721537,-51.624969,SPRF-SC,DEL07-SC,UOP07-DEL07-SC,2023
"548320,0",2023-09-13,quarta-feira,00:10:00,SC,101,"208,0",SAO JOSE,Ingestão de álcool pelo condutor,Colisão traseira,Com Vítimas Feridas,Plena Noite,Crescente,Céu Claro,Múltipla,Aclive;Curva,Sim,2,0,1,0,1,0,1,2,-27.60327979,-48.63201818,SPRF-SC,DEL01-SC,UOP01-DEL01-SC,2023
"548387,0",2023-09-13,quarta-feira,10:45:00,SC,116,"5,9",MAFRA,Ausência de reação do condutor,Engavetamento,Sem Vítimas,Pleno dia,Crescente,Céu Claro,Simples,Declive;Reta,Sim,5,0,0,0,5,0,0,4,-26.14094396,-49.81508303,SPRF-SC,DEL06-SC,UOP01-DEL06-SC,2023
"548411,0",2023-09-13,quarta-feira,13:30:00,SC,101,"106,0",PENHA,Ausência de reação do condutor,Colisão lateral mesmo sentido,Com Vítimas Feridas,Pleno dia,Decrescente,Sol,Múltipla,Reta,Não,5,0,3,0,1,1,3,3,-26.81031601,-48.68293896,SPRF-SC,DEL03-SC,UOP02-DEL03-SC,2023
"548427,0",2023-09-13,quarta-feira,12:40:00,SC,282,"4,5",SAO JOSE,Ausência de reação do condutor,Colisão lateral mesmo sentido,Sem Vítimas,Pleno dia,Crescente,Nublado,Múltipla,Interseção de Vias,Sim,2,0,0,0,2,0,0,2,-27.592646,-48.604034,SPRF-SC,DEL01-SC,UOP01-DEL01-SC,2023
"548433,0",2023-09-13,quarta-feira,13:05:00,SC,282,"404,5",JOACABA,Transitar na contramão,Colisão frontal,Com Vítimas Feridas,Pleno dia,Decrescente,Céu Claro,Simples,Curva;Declive,Não,3,0,0,1,1,2,1,4,-27.106423,-51.642834,SPRF-SC,DEL07-SC,UOP05-DEL07-SC,2023
"548445,0",2023-09-13,quarta-feira,16:30:00,SC,101,"457,5",SAO JOAO DO SUL,Velocidade Incompatível,Colisão com objeto,Com Vítimas Feridas,Pleno dia,Decrescente,Chuva,Dupla,Reta,Não,2,0,1,0,1,0,1,1,-29.24416898,-49.7543335,SPRF-SC,DEL02-SC,UOP02-DEL02-SC,2023
"548513,0",2023-09-14,quinta-feira,06:00:00,SC,470,"54,5",BLUMENAU,Conversão proibida,Colisão transversal,Com Vítimas Feridas,Amanhecer,Decrescente,Céu Claro,Simples,Curva,Sim,3,0,1,0,1,1,1,3,-26.87413369,-49.11435843,SPRF-SC,DEL04-SC,UOP01-DEL04-SC,2023
"548524,0",2023-09-14,quinta-feira,06:50:00,SC,101,"206,0",SAO JOSE,Ausência de reação do condutor,Colisão lateral mesmo sentido,Com Vítimas Feridas,Pleno dia,Crescente,Céu Claro,Múltipla,Reta,Sim,3,0,1,0,2,0,1,3,-27.59193546,-48.61824557,SPRF-SC,DEL01-SC,UOP01-DEL01-SC,2023
"548530,0",2023-09-14,quinta-feira,06:00:00,SC,470,"71,6",INDAIAL,Ausência de reação do condutor,Colisão traseira,Com Vítimas Feridas,Pleno dia,Decrescente,Céu Claro,Dupla,Reta,Sim,4,0,0,1,2,1,1,4,-26.90044851,-49.26754475,SPRF-SC,DEL04-SC,UOP01-DEL04-SC,2023
"548592,0",2023-09-14,quinta-feira,11:00:00,SC,280,"81,0",CORUPA,Reação tardia ou ineficiente do condutor,Saída de leito carroçável,Sem Vítimas,Pleno dia,Crescente,Céu Claro,Simples,Reta;Aclive;Rotatória,Sim,2,0,0,0,1,1,0,2,-26.43547443,-49.24534678,SPRF-SC,DEL06-SC,UOP03-DEL06-SC,2023
"548627,0",2023-09-14,quinta-feira,14:20:00,SC,101,"54,0",JOINVILLE,Manobra de mudança de faixa,Colisão lateral mesmo sentido,Com Vítimas Feridas,Pleno dia,Crescente,Céu Claro,Dupla,Curva,Não,5,0,1,0,3,1,1,3,-26.41319508,-48.83617332,SPRF-SC,DEL03-SC,UOP01-DEL03-SC,2023
"548748,0",2023-09-15,sexta-feira,06:42:00,SC,101,"448,3",SANTA ROSA DO SUL,Ausência de reação do condutor,Saída de leito carroçável,Com Vítimas Fatais,Pleno dia,Crescente,Céu Claro,Múltipla,Aclive;Reta,Não,3,1,0,0,0,2,0,3,-29.16672752,-49.74456489,SPRF-SC,DEL02-SC,UOP02-DEL02-SC,2023
"548793,0",2023-09-15,sexta-feira,13:30:00,SC,101,"200,3",SAO JOSE,Acessar a via sem observar a presença dos outros veículos,Colisão transversal,Com Vítimas Feridas,Pleno dia,Crescente,Céu Claro,Múltipla,Reta,Sim,3,0,1,0,2,0,1,2,-27.54018513,-48.62287714,SPRF-SC,DEL01-SC,UOP01-DEL01-SC,2023
"548797,0",2023-09-15,sexta-feira,13:10:00,SC,282,"520,7",XAXIM,Condutor deixou de manter distância do veículo da frente,Colisão traseira,Com Vítimas Feridas,Pleno dia,Decrescente,Céu Claro,Simples,Interseção de Vias;Rotatória,Sim,2,0,1,0,1,0,1,2,-26.950415,-52.526096,SPRF-SC,DEL07-SC,UOP01-DEL07-SC,2023
"548819,0",2023-09-15,sexta-feira,15:38:00,SC,280,"70,0",JARAGUA DO SUL,Conversão proibida,Colisão transversal,Com Vítimas Feridas,Pleno dia,Crescente,Céu Claro,Simples,Reta,Sim,3,0,2,0,1,0,2,3,-26.46522052,-49.12675918,SPRF-SC,DEL03-SC,UOP03-DEL03-SC,2023
"548820,0",2023-09-15,sexta-feira,11:55:00,SC,280,"57,5",GUARAMIRIM,Ausência de reação do condutor,Colisão frontal,Com Vítimas Feridas,Pleno dia,Crescente,Céu Claro,Simples,Reta,Não,2,0,1,0,1,0,1,2,-26.47811421,-49.01259213,SPRF-SC,DEL03-SC,UOP03-DEL03-SC,2023
"548915,0",2023-08-31,quinta-feira,04:20:00,SC,101,"208,0",SAO JOSE,Demais falhas mecânicas ou elétricas,Incêndio,Sem Vítimas,Plena Noite,Decrescente,Céu Claro,Múltipla,Reta,Sim,1,0,0,0,1,0,0,1,-27.60327979,-48.63201818,SPRF-SC,DEL01-SC,UOP01-DEL01-SC,2023
"549130,0",2023-09-16,sábado,20:55:00,SC,282,"519,3",XAXIM,Ausência de reação do condutor,Colisão traseira,Com Vítimas Fatais,Plena Noite,Crescente,Céu Claro,Simples,Reta;Aclive,Sim,3,1,0,0,1,2,0,4,-26.947527,-52.517536,SPRF-SC,DEL07-SC,UOP01-DEL07-SC,2023
"549134,0",2023-09-16,sábado,19:10:00,SC,470,"287,8",BRUNOPOLIS,Ingestão de álcool pelo condutor,Tombamento,Com Vítimas Feridas,Plena Noite,Crescente,Céu Claro,Simples,Reta,Não,2,0,1,0,0,1,1,2,-27.327944,-50.932907,SPRF-SC,DEL07-SC,UOP06-DEL07-SC,2023
"549169,0",2023-09-17,domingo,05:00:00,SC,282,"489,3",FAXINAL DOS GUEDES,Ingestão de álcool pelo condutor,Colisão frontal,Com Vítimas Feridas,Plena Noite,Crescente,Céu Claro,Simples,Rotatória,Sim,3,0,1,0,1,1,1,3,-26.870375,-52.274731,SPRF-SC,DEL07-SC,UOP01-DEL07-SC,2023
"549262,0",2023-09-17,domingo,16:20:00,SC,470,"41,0",GASPAR,Demais falhas mecânicas ou elétricas,Incêndio,Sem Vítimas,Pleno dia,Crescente,Céu Claro,Dupla,Curva,Sim,1,0,0,0,1,0,0,1,-26.882343,-48.996975,SPRF-SC,DEL04-SC,UOP01-DEL04-SC,2023
"549268,0",2023-09-17,domingo,17:30:00,SC,101,"221,0",PALHOCA,Acessar a via sem observar a presença dos outros veículos,Colisão transversal,Com Vítimas Feridas,Pleno dia,Decrescente,Céu Claro,Simples,Interseção de Vias,Não,3,0,0,1,1,1,1,3,-27.70012652,-48.66021182,SPRF-SC,DEL01-SC,UOP02-DEL01-SC,2023
"549278,0",2023-09-17,domingo,17:00:00,SC,470,"90,0",ASCURRA,Demais falhas mecânicas ou elétricas,Incêndio,Sem Vítimas,Pleno dia,Crescente,Sol,Simples,Reta,Não,2,0,0,0,1,1,0,2,-26.97254479,-49.36693668,SPRF-SC,DEL04-SC,UOP01-DEL04-SC,2023
"549457,0",2023-09-18,segunda-feira,12:00:00,SC,101,"154,3",PORTO BELO,Reação tardia ou ineficiente do condutor,Colisão traseira,Com Vítimas Fatais,Pleno dia,Decrescente,Céu Claro,Múltipla,Reta,Não,3,1,0,0,1,1,0,3,-27.156936,-48.6107238,SPRF-SC,DEL04-SC,UOP03-DEL04-SC,2023
"549477,0",2023-09-18,segunda-feira,11:45:00,SC,282,"399,0",JOACABA,Velocidade Incompatível,Colisão traseira,Com Vítimas Feridas,Pleno dia,Crescente,Céu Claro,Simples,Reta,Não,3,0,1,0,1,1,1,3,-27.139378,-51.621956,SPRF-SC,DEL07-SC,UOP05-DEL07-SC,2023
"549497,0",2023-09-10,domingo,16:45:00,SC,101,"26,0",JOINVILLE,Manobra de mudança de faixa,Colisão lateral mesmo sentido,Com Vítimas Feridas,Pleno dia,Decrescente,Nublado,Múltipla,Reta,Não,3,0,1,0,1,1,1,3,-26.19234802,-48.91210384,SPRF-SC,DEL03-SC,UOP01-DEL03-SC,2023
"549532,0",2023-09-18,segunda-feira,18:10:00,SC,470,"167,3",POUSO REDONDO,Ultrapassagem Indevida,Colisão frontal,Com Vítimas Fatais,Plena Noite,Crescente,Garoa/Chuvisco,Simples,Reta,Não,2,1,0,0,1,0,0,2,-27.27469593,-49.85539123,SPRF-SC,DEL04-SC,UOP02-DEL04-SC,2023
"549578,0",2023-09-18,segunda-feira,22:00:00,SC,101,"42,0",JOINVILLE,Carga excessiva e/ou mal acondicionada,Tombamento,Com Vítimas Feridas,Plena Noite,Crescente,Nublado,Múltipla,Curva;Aclive,Sim,2,0,1,0,0,1,1,2,-26.31588235,-48.87388229,SPRF-SC,DEL03-SC,UOP01-DEL03-SC,2023
"549584,0",2023-09-18,segunda-feira,21:25:00,SC,282,"243,9",SAO JOSE DO CERRITO,Velocidade Incompatível,Tombamento,Com Vítimas Feridas,Plena Noite,Crescente,Céu Claro,Simples,Curva;Declive,Não,2,0,0,1,0,1,1,2,-27.73618713,-50.51728249,SPRF-SC,DEL05-SC,UOP02-DEL05-SC,2023
"549594,0",2023-09-19,terça-feira,04:00:00,SC,101,"58,0",ARAQUARI,Ausência de reação do condutor,Colisão traseira,Com Vítimas Feridas,Plena Noite,Crescente,Céu Claro,Dupla,Reta,Não,3,0,1,0,1,3,1,5,-26.44025049,-48.80129043,SPRF-SC,DEL03-SC,UOP02-DEL03-SC,2023
"549596,0",2023-09-19,terça-feira,04:30:00,SC,101,"204,5",SAO JOSE,Demais falhas mecânicas ou elétricas,Incêndio,Sem Vítimas,Plena Noite,Crescente,Céu Claro,Múltipla,Reta,Sim,2,0,0,0,1,1,0,2,-27.57413014,-48.61363083,SPRF-SC,DEL01-SC,UOP01-DEL01-SC,2023
"549604,0",2023-09-19,terça-feira,05:50:00,SC,116,"202,0",PONTE ALTA,Ausência de reação do condutor,Colisão lateral sentido oposto,Com Vítimas Feridas,Amanhecer,Decrescente,Nublado,Simples,Curva;Declive,Não,3,0,0,1,1,1,1,3,-27.440827,-50.395915,SPRF-SC,DEL05-SC,UOP03-DEL05-SC,2023
"549614,0",2023-09-19,terça-feira,06:40:00,SC,470,"122,0",IBIRAMA,Ausência de reação do condutor,Colisão frontal,Com Vítimas Feridas,Pleno dia,Decrescente,Céu Claro,Simples,Curva;Aclive,Sim,2,0,0,1,1,0,1,2,-27.099888,-49.527679,SPRF-SC,DEL04-SC,UOP02-DEL04-SC,2023
"549629,0",2023-09-19,terça-feira,07:45:00,SC,101,"209,3",SAO JOSE,Condutor deixou de manter distância do veículo da frente,Colisão traseira,Com Vítimas Feridas,Pleno dia,Crescente,Sol,Múltipla,Reta,Sim,5,0,2,0,2,1,2,4,-27.61000542,-48.63895057,SPRF-SC,DEL01-SC,UOP01-DEL01-SC,2023
"549671,0",2023-09-19,terça-feira,13:25:00,SC,101,"210,0",SAO JOSE,Trafegar com motocicleta (ou similar) entre as faixas,Colisão lateral mesmo sentido,Com Vítimas Feridas,Pleno dia,Crescente,Céu Claro,Múltipla,Reta,Sim,5,0,1,1,2,2,2,5,-27.6167305,-48.6457265,SPRF-SC,DEL01-SC,UOP01-DEL01-SC,2023
"549816,0",2023-09-18,segunda-feira,23:00:00,SC,116,"121,4",SANTA CECILIA,Condutor Dormindo,Saída de leito carroçável,Sem Vítimas,Plena Noite,Decrescente,Nublado,Simples,Reta,Não,1,0,0,0,1,0,0,1,-26.8303456,-50.38617912,SPRF-SC,DEL06-SC,UOP02-DEL06-SC,2023
"549834,0",2023-09-20,quarta-feira,08:45:00,SC,116,"132,9",SANTA CECILIA,Velocidade Incompatível,Tombamento,Com Vítimas Feridas,Pleno dia,Crescente,Céu Claro,Simples,Rotatória,Não,2,0,0,1,0,1,1,2,-26.90777447,-50.44120314,SPRF-SC,DEL06-SC,UOP02-DEL06-SC,2023
"549850,0",2023-09-20,quarta-feira,13:00:00,SC,101,"198,9",BIGUACU,Condutor deixou de manter distância do veículo da frente,Colisão traseira,Com Vítimas Feridas,Pleno dia,Crescente,Céu Claro,Dupla,Reta,Sim,3,0,1,0,2,0,1,3,-27.52658712,-48.63506019,SPRF-SC,DEL01-SC,UOP01-DEL01-SC,2023
"549855,0",2023-09-20,quarta-feira,11:35:00,SC,282,"519,7",XAXIM,Acesso irregular,Colisão traseira,Com Vítimas Feridas,Pleno dia,Crescente,Céu Claro,Simples,Aclive;Reta,Sim,4,0,1,0,2,1,1,4,-26.94983683,-52.52199769,SPRF-SC,DEL07-SC,UOP01-DEL07-SC,2023
"549865,0",2023-09-20,quarta-feira,14:15:00,SC,101,"85,0",BARRA VELHA,Estacionar ou parar em local proibido,Colisão lateral mesmo sentido,Com Vítimas Feridas,Pleno dia,Decrescente,Céu Claro,Múltipla,Interseção de Vias,Sim,4,0,0,1,2,1,1,4,-26.62840879,-48.70813584,SPRF-SC,DEL03-SC,UOP02-DEL03-SC,2023
"549924,0",2023-09-20,quarta-feira,19:25:00,SC,101,"203,0",SAO JOSE,Condutor deixou de manter distância do veículo da frente,Colisão traseira,Com Vítimas Feridas,Anoitecer,Decrescente,Céu Claro,Múltipla,Aclive,Sim,3,0,1,0,1,2,1,4,-27.5650044,-48.61460082,SPRF-SC,DEL01-SC,UOP01-DEL01-SC,2023