id,data_inversa,dia_semana,horario,uf,br,km,municipio,causa_acidente,tipo_acidente,classificacao_acidente,fase_dia,sentido_via,condicao_metereologica,tipo_pista,tracado_via,uso_solo,pessoas,mortos,feridos_leves,feridos_graves,ilesos,ignorados,feridos,veiculos,latitude,longitude,regional,delegacia,uop,ano_arquivo
"549945,0",2023-09-20,quarta-feira,17:50:00,SC,282,"487,3",FAXINAL DOS GUEDES,Ausência de reação do condutor,Saída de leito carroçável,Com Vítimas Feridas,Anoitecer,Crescente,Céu Claro,Simples,Reta,Sim,2,0,1,0,0,1,1,2,-26.85535551,-52.25463158,SPRF-SC,DEL07-SC,UOP01-DEL07-SC,2023
"549962,0",2023-09-21,quinta-feira,00:15:00,SC,101,"65,0",ARAQUARI,Demais falhas mecânicas ou elétricas,Incêndio,Sem Vítimas,Plena Noite,Crescente,Céu Claro,Múltipla,Reta,Não,2,0,0,0,1,1,0,2,-26.47135714,-48.74457217,SPRF-SC,DEL03-SC,UOP02-DEL03-SC,2023
"549978,0",2023-09-21,quinta-feira,05:15:00,SC,101,"62,0",ARAQUARI,Demais falhas mecânicas ou elétricas,Incêndio,Sem Vítimas,Amanhecer,Decrescente,Nublado,Dupla,Reta,Sim,1,0,0,0,1,0,0,1,-26.45504246,-48.76711901,SPRF-SC,DEL03-SC,UOP02-DEL03-SC,2023
"549989,0",2023-09-21,quinta-feira,07:25:00,SC,101,"139,0",BALNEARIO CAMBORIU,Reação tardia ou ineficiente do condutor,Colisão traseira,Com Vítimas Feridas,Pleno dia,Crescente,Sol,Dupla,Reta,Não,2,0,0,1,1,0,1,2,-27.02982303,-48.60115006,SPRF-SC,DEL04-SC,UOP03-DEL04-SC,2023
"550038,0",2023-09-21,quinta-feira,11:00:00,SC,101,"192,8",BIGUACU,Ausência de reação do condutor,Colisão com objeto,Com Vítimas Feridas,Pleno dia,Decrescente,Céu Claro,Múltipla,Reta,Sim,4,0,1,0,1,2,1,4,-27.48443781,-48.64765238,SPRF-SC,DEL01-SC,UOP01-DEL01-SC,2023
"550052,0",2023-09-21,quinta-feira,09:50:00,SC,282,"437,0",VARGEM BONITA,Condutor deixou de manter distância do veículo da frente,Colisão traseira,Com Vítimas Feridas,Pleno dia,Decrescente,Céu Claro,Dupla,Reta;Aclive,Não,2,0,0,1,1,0,1,2,-26.970082,-51.853378,SPRF-SC,DEL07-SC,UOP04-DEL07-SC,2023
"550076,0",2023-09-21,quinta-feira,15:00:00,SC,101,"35,0",JOINVILLE,Condutor deixou de manter distância do veículo da frente,Colisão traseira,Com Vítimas Feridas,Pleno dia,Decrescente,Céu Claro,Dupla,Reta,Sim,2,0,1,0,1,0,1,2,-26.2411301,-48.91227415,SPRF-SC,DEL03-SC,UOP01-DEL03-SC,2023
"550105,0",2023-09-21,quinta-feira,16:20:00,SC,280,"7,5",SAO FRANCISCO DO SUL,Demais falhas mecânicas ou elétricas,Tombamento,Sem Vítimas,Pleno dia,Crescente,Céu Claro,Simples,Reta,Sim,2,0,0,0,1,1,0,2,-26.275297,-48.644104,SPRF-SC,DEL03-SC,UOP03-DEL03-SC,2023
"550154,0",2023-09-21,quinta-feira,22:00:00,SC,116,"107,7",MONTE CASTELO,Ausência de reação do condutor,Tombamento,Com Vítimas Feridas,Plena Noite,Decrescente,Céu Claro,Simples,Curva;Declive,Não,2,0,1,0,0,1,1,2,-26.75568818,-50.32812388,SPRF-SC,DEL06-SC,UOP02-DEL06-SC,2023
"550160,0",2023-09-21,quinta-feira,23:15:00,SC,101,"431,5",SOMBRIO,Manobra de mudança de faixa,Colisão lateral mesmo sentido,Com Vítimas Feridas,Plena Noite,Crescente,Céu Claro,Múltipla,Reta,Não,6,0,3,1,1,2,4,4,-29.075452,-49.627866,SPRF-SC,DEL02-SC,UOP02-DEL02-SC,2023
"550235,0",2023-09-22,sexta-feira,14:25:00,SC,116,"5,0",MAFRA,Ausência de reação do condutor,Colisão traseira,Com Vítimas Feridas,Pleno dia,Crescente,Céu Claro,Simples,Reta,Sim,2,0,1,0,1,0,1,2,-26.14094396,-49.81508303,SPRF-SC,DEL06-SC,UOP01-DEL06-SC,2023
"550355,0",2023-09-23,sábado,04:50:00,SC,116,"262,8",CAPAO ALTO,Ausência de reação do condutor,Colisão frontal,Com Vítimas Feridas,Amanhecer,Decrescente,Nublado,Simples,Curva,Não,3,0,0,1,1,1,1,3,-27.91854079,-50.45008746,SPRF-SC,DEL05-SC,UOP02-DEL05-SC,2023
"550358,0",2023-09-23,sábado,05:30:00,SC,470,"86,0",RODEIO,Condutor Dormindo,Colisão frontal,Com Vítimas Feridas,Plena Noite,Crescente,Céu Claro,Simples,Curva,Não,2,0,2,0,0,0,2,2,-26.949951,-49.357296,SPRF-SC,DEL04-SC,UOP01-DEL04-SC,2023
"550370,0",2023-09-23,sábado,07:40:00,SC,101,"216,5",PALHOCA,Reação tardia ou ineficiente do condutor,Colisão lateral mesmo sentido,Com Vítimas Feridas,Pleno dia,Crescente,Nublado,Dupla,Rotatória;Interseção de Vias;Viaduto,Sim,2,0,1,0,1,0,1,2,-27.65981409,-48.67747798,SPRF-SC,DEL01-SC,UOP02-DEL01-SC,2023
"550413,0",2023-09-23,sábado,13:30:00,SC,470,"114,0",IBIRAMA,Ultrapassagem Indevida,Colisão lateral mesmo sentido,Com Vítimas Feridas,Pleno dia,Crescente,Céu Claro,Simples,Reta,Não,4,0,1,0,2,1,1,4,-27.086386,-49.478001,SPRF-SC,DEL04-SC,UOP02-DEL04-SC,2023
"550453,0",2023-09-23,sábado,16:25:00,SC,101,"37,7",JOINVILLE,Transitar no Acostamento,Colisão lateral mesmo sentido,Sem Vítimas,Pleno dia,Crescente,Nublado,Dupla,Aclive;Reta,Não,3,0,0,0,2,1,0,3,-26.25050176,-48.90863867,SPRF-SC,DEL03-SC,UOP01-DEL03-SC,2023
"550474,0",2023-09-23,sábado,18:30:00,SC,470,"142,0",RIO DO SUL,Acesso irregular,Colisão frontal,Com Vítimas Feridas,Plena Noite,Crescente,Céu Claro,Simples,Reta,Sim,5,0,3,0,1,1,3,3,-27.229801,-49.6693,SPRF-SC,DEL04-SC,UOP02-DEL04-SC,2023
"550532,0",2023-09-23,sábado,20:01:00,SC,163,"102,8",SAO JOSE DO CEDRO,Manobra de mudança de faixa,Colisão transversal,Com Vítimas Fatais,Plena Noite,Decrescente,Céu Claro,Simples,Reta,Sim,4,1,0,1,1,2,1,4,-26.4642801,-53.5053726,SPRF-SC,DEL07-SC,UOP03-DEL07-SC,2023
"550575,0",2023-09-24,domingo,06:00:00,SC,470,"162,6",TROMBUDO CENTRAL,Transitar na contramão,Colisão frontal,Com Vítimas Fatais,Pleno dia,Crescente,Nublado,Simples,Reta,Não,5,2,1,1,0,1,2,3,-27.2795889,-49.8218283,SPRF-SC,DEL04-SC,UOP02-DEL04-SC,2023
"550654,0",2023-09-08,sexta-feira,22:20:00,SC,470,"108,0",APIUNA,Ingestão de álcool pelo condutor,Colisão frontal,Com Vítimas Feridas,Plena Noite,Crescente,Nublado,Simples,Reta,Não,3,0,0,1,1,1,1,3,-27.080708,-49.440491,SPRF-SC,DEL04-SC,UOP02-DEL04-SC,2023
"550689,0",2023-09-24,domingo,16:30:00,SC,101,"174,9",BIGUACU,Acumulo de água sobre o pavimento,Saída de leito carroçável,Com Vítimas Feridas,Pleno dia,Decrescente,Nublado,Dupla,Reta,Não,2,0,1,0,1,0,1,1,-27.33081601,-48.62697562,SPRF-SC,DEL01-SC,UOP01-DEL01-SC,2023
"550801,0",2023-09-25,segunda-feira,06:55:00,SC,101,"99,9",BALNEARIO PICARRAS,Acessar a via sem observar a presença dos outros veículos,Colisão lateral mesmo sentido,Com Vítimas Feridas,Pleno dia,Decrescente,Nublado,Dupla,Reta,Não,3,0,1,0,2,0,1,3,-26.753886,-48.690288,SPRF-SC,DEL03-SC,UOP02-DEL03-SC,2023
"550827,0",2023-09-25,segunda-feira,09:10:00,SC,101,"138,0",BALNEARIO CAMBORIU,Manobra de mudança de faixa,Colisão lateral sentido oposto,Com Vítimas Feridas,Pleno dia,Decrescente,Nublado,Múltipla,Reta,Sim,2,0,0,1,1,0,1,2,-27.02397426,-48.60761649,SPRF-SC,DEL04-SC,UOP03-DEL04-SC,2023
"550840,0",2023-09-25,segunda-feira,05:30:00,SC,282,"357,7",CAMPOS NOVOS,Condutor Dormindo,Colisão com objeto,Com Vítimas Feridas,Pleno dia,Crescente,Céu Claro,Simples,Aclive;Curva,Não,2,0,1,0,0,2,1,3,-27.335176,-51.346149,SPRF-SC,DEL07-SC,UOP05-DEL07-SC,2023
"550886,0",2023-09-25,segunda-feira,12:55:00,SC,280,"224,5",TRES BARRAS,Ausência de reação do condutor,Colisão traseira,Com Vítimas Feridas,Pleno dia,Decrescente,Nublado,Simples,Reta;Aclive,Não,3,0,1,1,1,0,2,2,-26.17532694,-50.29413599,SPRF-SC,DEL06-SC,UOP04-DEL06-SC,2023
"550942,0",2023-09-25,segunda-feira,19:00:00,SC,280,"22,3",ARAQUARI,Acessar a via sem observar a presença dos outros veículos,Colisão traseira,Com Vítimas Feridas,Plena Noite,Decrescente,Chuva,Simples,Reta,Sim,3,0,0,1,1,2,1,4,-26.37092616,-48.70204099,SPRF-SC,DEL03-SC,UOP03-DEL03-SC,2023
"550969,0",2023-09-25,segunda-feira,19:15:00,SC,280,"8,7",SAO FRANCISCO DO SUL,Acessar a via sem observar a presença dos outros veículos,Colisão transversal,Com Vítimas Feridas,Plena Noite,Crescente,Chuva,Simples,Reta,Sim,3,0,0,1,1,3,1,5,-26.28518,-48.646222,SPRF-SC,DEL03-SC,UOP03-DEL03-SC,2023
"550974,0",2023-09-25,segunda-feira,22:00:00,SC,282,"506,0",XANXERE,Reação tardia ou ineficiente do condutor,Capotamento,Com Vítimas Feridas,Plena Noite,Decrescente,Céu Claro,Dupla,Reta,Não,3,0,1,0,1,1,1,3,-26.885712,-52.42907,SPRF-SC,DEL07-SC,UOP01-DEL07-SC,2023
"550983,0",2023-09-25,segunda-feira,23:00:00,SC,280,"24,3",ARAQUARI,Ausência de reação do condutor,Colisão lateral sentido oposto,Com Vítimas Feridas,Plena Noite,Decrescente,Garoa/Chuvisco,Simples,Reta,Sim,5,0,1,0,3,2,1,4,-26.37724921,-48.71953282,SPRF-SC,DEL03-SC,UOP03-DEL03-SC,2023
"550986,0",2023-09-26,terça-feira,00:04:00,SC,101,"205,0",SAO JOSE,Ausência de reação do condutor,Colisão traseira,Sem Vítimas,Plena Noite,Crescente,Garoa/Chuvisco,Simples,Curva,Não,2,0,0,0,2,0,0,2,-27.58313237,-48.61532885,SPRF-SC,DEL01-SC,UOP01-DEL01-SC,2023
"551010,0",2023-09-26,terça-feira,05:00:00,SC,280,"180,2",MAFRA,Ultrapassagem Indevida,Colisão frontal,Com Vítimas Feridas,Amanhecer,Decrescente,Chuva,Simples,Declive;Curva,Não,3,0,0,1,1,1,1,3,-26.1759124,-49.8879912,SPRF-SC,DEL06-SC,UOP01-DEL06-SC,2023
"551032,0",2023-09-26,terça-feira,08:45:00,SC,101,"204,3",SAO JOSE,Trafegar com motocicleta (ou similar) entre as faixas,Colisão lateral mesmo sentido,Sem Vítimas,Pleno dia,Crescente,Chuva,Múltipla,Reta,Sim,3,0,0,0,2,2,0,4,-27.57413014,-48.61363083,SPRF-SC,DEL01-SC,UOP01-DEL01-SC,2023
"551047,0",2023-09-26,terça-feira,10:25:00,SC,280,"5,0",SAO FRANCISCO DO SUL,Condutor deixou de manter distância do veículo da frente,Colisão traseira,Com Vítimas Feridas,Pleno dia,Crescente,Nublado,Simples,Reta,Sim,1,0,1,0,0,0,1,1,-26.26011706,-48.62571995,SPRF-SC,DEL03-SC,UOP03-DEL03-SC,2023
"551070,0",2023-09-26,terça-feira,11:35:00,SC,101,"199,0",SAO JOSE,Reação tardia ou ineficiente do condutor,Colisão traseira,Com Vítimas Feridas,Pleno dia,Decrescente,Chuva,Dupla,Declive;Reta,Sim,3,0,1,0,1,1,1,3,-27.53699328,-48.62628037,SPRF-SC,DEL01-SC,UOP01-DEL01-SC,2023
"551078,0",2023-09-26,terça-feira,11:15:00,SC,282,"527,2",CORDILHEIRA ALTA,Ausência de reação do condutor,Colisão lateral sentido oposto,Com Vítimas Feridas,Pleno dia,Decrescente,Céu Claro,Simples,Curva,Não,5,0,0,1,3,1,1,5,-26.97439,-52.587551,SPRF-SC,DEL07-SC,UOP01-DEL07-SC,2023
"551093,0",2023-09-26,terça-feira,06:10:00,SC,282,"419,0",VARGEM BONITA,Velocidade Incompatível,Tombamento,Com Vítimas Feridas,Amanhecer,Crescente,Céu Claro,Simples,Curva,Não,1,0,0,1,0,0,1,1,-27.019398,-51.729195,SPRF-SC,DEL07-SC,UOP05-DEL07-SC,2023
"551159,0",2023-09-26,terça-feira,17:00:00,SC,101,"412,0",ARARANGUA,Ausência de reação do condutor,Tombamento,Sem Vítimas,Pleno dia,Decrescente,Chuva,Dupla,Reta,Não,2,0,0,0,1,2,0,3,-28.939333,-49.497513,SPRF-SC,DEL02-SC,UOP02-DEL02-SC,2023
"551198,0",2023-09-27,quarta-feira,01:50:00,SC,101,"192,0",BIGUACU,Velocidade Incompatível,Derramamento de carga,Sem Vítimas,Plena Noite,Decrescente,Chuva,Dupla,Curva,Não,2,0,0,0,1,2,0,3,-27.48443781,-48.64765238,SPRF-SC,DEL01-SC,UOP01-DEL01-SC,2023
"551232,0",2023-09-27,quarta-feira,09:05:00,SC,101,"213,1",PALHOCA,Ausência de reação do condutor,Colisão traseira,Sem Vítimas,Pleno dia,Decrescente,Nublado,Dupla,Aclive;Reta,Sim,3,0,0,0,2,1,0,3,-27.63697369,-48.66514142,SPRF-SC,DEL01-SC,UOP02-DEL01-SC,2023
"551301,0",2023-09-23,sábado,11:40:00,SC,101,"132,2",BALNEARIO CAMBORIU,Pedestre cruzava a pista fora da faixa,Atropelamento de Pedestre,Com Vítimas Fatais,Pleno dia,Decrescente,Nublado,Múltipla,Reta,Sim,3,1,0,0,1,1,0,3,-26.9973054,-48.6525774,SPRF-SC,DEL04-SC,UOP03-DEL04-SC,2023
"551312,0",2023-09-27,quarta-feira,16:20:00,SC,101,"120,0",ITAJAI,Manobra de mudança de faixa,Colisão lateral mesmo sentido,Com Vítimas Feridas,Pleno dia,Decrescente,Nublado,Dupla,Reta,Não,2,0,1,0,1,0,1,2,-26.912758,-48.711998,SPRF-SC,DEL04-SC,UOP04-DEL04-SC,2023
"551370,0",2023-09-27,quarta-feira,15:00:00,SC,470,"204,3",PONTE ALTA,Reação tardia ou ineficiente do condutor,Saída de leito carroçável,Com Vítimas Feridas,Pleno dia,Decrescente,Nublado,Simples,Curva;Declive,Não,1,0,1,0,0,0,1,1,-27.289373,-50.166328,SPRF-SC,DEL05-SC,UOP03-DEL05-SC,2023
"551473,0",2023-09-28,quinta-feira,15:00:00,SC,101,"121,1",ITAJAI,Ultrapassagem Indevida,Colisão lateral mesmo sentido,Com Vítimas Feridas,Pleno dia,Crescente,Nublado,Dupla,Reta,Não,2,0,1,0,1,0,1,2,-26.92103178,-48.70856446,SPRF-SC,DEL04-SC,UOP04-DEL04-SC,2023
"551476,0",2023-09-28,quinta-feira,15:20:00,SC,101,"394,8",CRICIUMA,Acessar a via sem observar a presença dos outros veículos,Colisão transversal,Com Vítimas Feridas,Pleno dia,Crescente,Sol,Múltipla,Reta;Túnel,Sim,2,0,0,1,1,0,1,2,-28.829611,-49.411704,SPRF-SC,DEL02-SC,UOP02-DEL02-SC,2023
"551485,0",2023-09-05,terça-feira,08:35:00,SC,470,"323,8",CAMPOS NOVOS,Mal súbito do condutor,Colisão transversal,Com Vítimas Fatais,Pleno dia,Crescente,Céu Claro,Simples,Reta;Interseção de Vias,Não,6,3,1,0,1,1,1,4,-27.44744816,-51.24776602,SPRF-SC,DEL07-SC,UOP06-DEL07-SC,2023
"551507,0",2023-09-28,quinta-feira,17:05:00,SC,101,"46,1",JOINVILLE,Trafegar com motocicleta (ou similar) entre as faixas,Colisão lateral mesmo sentido,Com Vítimas Fatais,Pleno dia,Decrescente,Céu Claro,Dupla,Reta,Sim,4,1,0,0,1,3,0,5,-26.35775654,-48.85882974,SPRF-SC,DEL03-SC,UOP01-DEL03-SC,2023
"551582,0",2023-09-29,sexta-feira,04:15:00,SC,116,"96,8",MONTE CASTELO,Velocidade Incompatível,Incêndio,Sem Vítimas,Plena Noite,Decrescente,Garoa/Chuvisco,Simples,Declive;Reta,Não,2,0,0,0,1,1,0,2,-26.67989297,-50.29106905,SPRF-SC,DEL06-SC,UOP02-DEL06-SC,2023
"551679,0",2023-09-29,sexta-feira,12:00:00,SC,116,"14,4",MAFRA,Velocidade Incompatível,Colisão traseira,Com Vítimas Feridas,Pleno dia,Decrescente,Nublado,Simples,Reta;Aclive,Não,4,0,3,0,1,0,3,2,-26.1927121,-49.87729374,SPRF-SC,DEL06-SC,UOP01-DEL06-SC,2023
"551730,0",2023-09-29,sexta-feira,18:20:00,SC,101,"120,0",ITAJAI,Acessar a via sem observar a presença dos outros veículos,Colisão traseira,Com Vítimas Feridas,Plena Noite,Decrescente,Céu Claro,Múltipla,Reta,Não,3,0,1,0,1,1,1,3,-26.912758,-48.711998,SPRF-SC,DEL04-SC,UOP04-DEL04-SC,2023
"551913,0",2023-09-30,sábado,12:00:00,SC,101,"212,8",PALHOCA,Acessar a via sem observar a presença dos outros veículos,Colisão traseira,Com Vítimas Feridas,Pleno dia,Decrescente,Céu Claro,Dupla,Reta,Não,3,0,1,0,1,1,1,3,-27.62996929,-48.65903871,SPRF-SC,DEL01-SC,UOP02-DEL01-SC,2023
"551926,0",2023-09-30,sábado,08:30:00,SC,116,"140,9",SANTA CECILIA,Ausência de reação do condutor,Colisão transversal,Com Vítimas Feridas,Pleno dia,Crescente,Garoa/Chuvisco,Simples,Reta,Sim,3,0,1,0,2,0,1,3,-26.96625517,-50.40928315,SPRF-SC,DEL06-SC,UOP02-DEL06-SC,2023
"551943,0",2023-09-30,sábado,15:20:00,SC,101,"146,5",ITAPEMA,Condutor deixou de manter distância do veículo da frente,Engavetamento,Com Vítimas Feridas,Pleno dia,Decrescente,Chuva,Dupla,Reta,Não,7,0,2,0,5,0,2,6,-27.08666525,-48.60955587,SPRF-SC,DEL04-SC,UOP03-DEL04-SC,2023
"551950,0",2023-09-30,sábado,16:10:00,SC,101,"165,7",TIJUCAS,Manobra de mudança de faixa,Colisão lateral mesmo sentido,Com Vítimas Feridas,Pleno dia,Crescente,Nublado,Dupla,Reta,Não,3,0,1,0,1,1,1,3,-27.252663,-48.63154894,SPRF-SC,DEL04-SC,UOP03-DEL04-SC,2023
"551960,0",2023-09-28,quinta-feira,20:50:00,SC,163,"67,7",SAO MIGUEL DO OESTE,Velocidade Incompatível,Saída de leito carroçável,Com Vítimas Feridas,Plena Noite,Crescente,Céu Claro,Dupla,Reta,Sim,2,0,2,0,0,0,2,1,-26.759436,-53.50055292,SPRF-SC,DEL07-SC,UOP03-DEL07-SC,2023
"552075,0",2023-10-01,domingo,05:45:00,SC,163,"75,2",SAO MIGUEL DO OESTE,Transitar na contramão,Colisão frontal,Com Vítimas Feridas,Amanhecer,Crescente,Céu Claro,Simples,Curva,Não,6,0,0,4,1,2,4,4,-26.69341396,-53.5158321,SPRF-SC,DEL07-SC,UOP03-DEL07-SC,2023
"552108,0",2023-09-27,quarta-feira,10:00:00,SC,101,"103,9",PENHA,Condutor deixou de manter distância do veículo da frente,Engavetamento,Com Vítimas Feridas,Pleno dia,Crescente,Céu Claro,Dupla,Reta,Sim,8,0,1,0,7,0,1,8,-26.7832381,-48.68314632,SPRF-SC,DEL03-SC,UOP02-DEL03-SC,2023
"552163,0",2023-10-01,domingo,10:06:00,SC,101,"402,0",MARACAJA,Manobra de mudança de faixa,Colisão lateral mesmo sentido,Com Vítimas Feridas,Pleno dia,Crescente,Nublado,Dupla,Reta,Não,3,0,0,1,1,1,1,3,-28.86330994,-49.44595308,SPRF-SC,DEL02-SC,UOP02-DEL02-SC,2023
"552250,0",2023-10-01,domingo,20:40:00,SC,101,"156,0",PORTO BELO,Acessar a via sem observar a presença dos outros veículos,Colisão lateral mesmo sentido,Com Vítimas Feridas,Plena Noite,Decrescente,Céu Claro,Dupla,Reta,Sim,5,0,1,0,3,1,1,3,-27.172272,-48.61170204,SPRF-SC,DEL04-SC,UOP03-DEL04-SC,2023
"552459,0",2023-10-02,segunda-feira,12:31:00,SC,280,"10,7",SAO FRANCISCO DO SUL,Mal súbito do condutor,Tombamento,Com Vítimas Fatais,Pleno dia,Decrescente,Nublado,Simples,Curva,Não,2,1,0,0,0,2,0,3,-26.301368,-48.640089,SPRF-SC,DEL03-SC,UOP03-DEL03-SC,2023
"552489,0",2023-10-02,segunda-feira,17:05:00,SC,153,"74,0",IRANI,Problema com o freio,Saída de leito carroçável,Com Vítimas Feridas,Pleno dia,Crescente,Céu Claro,Dupla,Curva;Declive,Não,2,0,1,0,0,1,1,2,-27.078651,-51.904682,SPRF-SC,DEL07-SC,UOP04-DEL07-SC,2023
"552564,0",2023-10-03,terça-feira,06:25:00,SC,282,"601,8",CUNHA PORA,Condutor deixou de manter distância do veículo da frente,Colisão traseira,Com Vítimas Feridas,Pleno dia,Decrescente,Céu Claro,Simples,Reta,Não,3,0,1,0,2,0,1,2,-26.809002,-53.169399,SPRF-SC,DEL07-SC,UOP02-DEL07-SC,2023
"552567,0",2023-10-03,terça-feira,08:00:00,SC,101,"344,2",TUBARAO,Condutor deixou de manter distância do veículo da frente,Colisão traseira,Com Vítimas Feridas,Pleno dia,Crescente,Céu Claro,Múltipla,Reta,Não,2,0,1,1,0,0,2,2,-28.53647889,-49.0531826,SPRF-SC,DEL02-SC,UOP01-DEL02-SC,2023
"552586,0",2023-08-04,sexta-feira,22:55:00,SC,116,"308,9",CAPAO ALTO,Velocidade Incompatível,Tombamento,Com Vítimas Feridas,Plena Noite,Decrescente,Céu Claro,Simples,Curva,Não,2,0,1,0,0,1,1,2,-28.19824113,-50.75066799,SPRF-SC,DEL05-SC,UOP02-DEL05-SC,2023
"552591,0",2023-10-03,terça-feira,10:40:00,SC,101,"91,0",BARRA VELHA,Ausência de reação do condutor,Colisão lateral mesmo sentido,Com Vítimas Feridas,Pleno dia,Decrescente,Nublado,Múltipla,Reta;Declive,Sim,4,0,2,0,2,0,2,2,-26.68320858,-48.69399726,SPRF-SC,DEL03-SC,UOP02-DEL03-SC,2023
"552612,0",2023-07-21,sexta-feira,15:50:00,SC,101,"204,1",SAO JOSE,Reação tardia ou ineficiente do condutor,Colisão traseira,Com Vítimas Feridas,Pleno dia,Decrescente,Nublado,Múltipla,Reta,Sim,4,0,1,0,2,1,1,4,-27.57413014,-48.61363083,SPRF-SC,DEL01-SC,UOP01-DEL01-SC,2023
"552621,0",2023-10-03,terça-feira,14:59:00,SC,101,"122,9",ITAJAI,Manobra de mudança de faixa,Colisão traseira,Com Vítimas Fatais,Pleno dia,Crescente,Céu Claro,Múltipla,Reta;Interseção de Vias,Não,4,1,0,0,1,2,0,4,-26.9361069,-48.748,SPRF-SC,DEL04-SC,UOP04-DEL04-SC,2023
"552623,0",2023-10-03,terça-feira,13:00:00,SC,282,"23,7",SANTO AMARO DA IMPERATRIZ,Acessar a via sem observar a presença dos outros veículos,Colisão transversal,Com Vítimas Feridas,Pleno dia,Crescente,Céu Claro,Simples,Interseção de Vias,Sim,4,0,0,1,2,1,1,3,-27.687958,-48.736794,SPRF-SC,DEL01-SC,UOP03-DEL01-SC,2023
"552679,0",2023-10-03,terça-feira,20:00:00,SC,101,"123,2",ITAJAI,Desrespeitar a preferência no cruzamento,Colisão transversal,Sem Vítimas,Plena Noite,Crescente,Céu Claro,Múltipla,Rotatória;Interseção de Vias,Não,2,0,0,0,2,0,0,2,-26.93668609,-48.69876905,SPRF-SC,DEL04-SC,UOP04-DEL04-SC,2023
"552691,0",2023-10-03,terça-feira,21:10:00,SC,282,"395,0",JOACABA,Velocidade Incompatível,Colisão frontal,Com Vítimas Feridas,Plena Noite,Crescente,Chuva,Simples,Declive;Curva,Não,11,0,3,0,8,0,3,3,-27.156887,-51.592079,SPRF-SC,DEL07-SC,UOP05-DEL07-SC,2023
"552706,0",2023-10-03,terça-feira,21:00:00,SC,470,"189,0",POUSO REDONDO,Demais falhas mecânicas ou elétricas,Tombamento,Com Vítimas Feridas,Plena Noite,Crescente,Garoa/Chuvisco,Simples,Curva,Não,2,0,1,0,0,1,1,2,-27.275368,-50.063206,SPRF-SC,DEL04-SC,UOP02-DEL04-SC,2023
"552714,0",2023-10-04,quarta-feira,00:35:00,SC,470,"66,1",INDAIAL,Transitar na contramão,Colisão frontal,Com Vítimas Feridas,Plena Noite,Crescente,Garoa/Chuvisco,Simples,Reta,Sim,5,0,0,1,1,3,1,4,-26.87015917,-49.22341168,SPRF-SC,DEL04-SC,UOP01-DEL04-SC,2023
"552717,0",2023-10-04,quarta-feira,03:50:00,SC,101,"2,3",GARUVA,Condutor Dormindo,Saída de leito carroçável,Sem Vítimas,Plena Noite,Crescente,Chuva,Múltipla,Curva,Sim,2,0,0,0,1,1,0,2,-25.99699834,-48.87891655,SPRF-SC,DEL03-SC,UOP01-DEL03-SC,2023
"552734,0",2023-10-04,quarta-feira,07:25:00,SC,101,"214,8",PALHOCA,Manobra de mudança de faixa,Colisão lateral mesmo sentido,Com Vítimas Feridas,Pleno dia,Decrescente,Chuva,Múltipla,Reta,Sim,5,0,1,1,1,2,2,4,-27.64443,-48.67057,SPRF-SC,DEL01-SC,UOP02-DEL01-SC,2023
"552758,0",2023-09-11,segunda-feira,20:30:00,SC,101,"236,3",PALHOCA,Entrada inopinada do pedestre,Eventos atípicos,Com Vítimas Fatais,Plena Noite,Crescente,Vento,Dupla,Reta,Não,2,1,0,0,1,0,0,2,-27.82872,-48.630232,SPRF-SC,DEL01-SC,UOP02-DEL01-SC,2023
"552762,0",2023-10-04,quarta-feira,07:35:00,SC,282,"519,5",XAXIM,Acesso irregular,Colisão transversal,Com Vítimas Fatais,Pleno dia,Crescente,Chuva,Simples,Aclive,Não,5,2,0,1,1,1,1,3,-26.948823,-52.520117,SPRF-SC,DEL07-SC,UOP01-DEL07-SC,2023
"552767,0",2023-10-04,quarta-feira,07:20:00,SC,280,"142,8",MAFRA,Transitar na contramão,Colisão frontal,Com Vítimas Fatais,Pleno dia,Decrescente,Chuva,Simples,Curva;Declive,Não,5,2,0,1,1,2,1,4,-26.25076506,-49.62912012,SPRF-SC,DEL06-SC,UOP03-DEL06-SC,2023
"552797,0",2023-10-04,quarta-feira,09:05:00,SC,280,"154,2",MAFRA,Chuva,Saída de leito carroçável,Com Vítimas Feridas,Pleno dia,Decrescente,Chuva,Simples,Declive;Curva,Não,6,0,0,2,3,3,2,7,-26.21362587,-49.7181449,SPRF-SC,DEL06-SC,UOP03-DEL06-SC,2023
"552834,0",2023-10-04,quarta-feira,14:00:00,SC,116,"25,0",MAFRA,Acumulo de água sobre o pavimento,Colisão traseira,Com Vítimas Feridas,Pleno dia,Crescente,Chuva,Simples,Aclive,Não,4,0,2,0,2,0,2,2,-26.28051002,-49.92717199,SPRF-SC,DEL06-SC,UOP01-DEL06-SC,2023
"552893,0",2023-10-05,quinta-feira,01:40:00,SC,470,"102,0",APIUNA,Condutor deixou de manter distância do veículo da frente,Colisão lateral mesmo sentido,Com Vítimas Fatais,Plena Noite,Crescente,Céu Claro,Simples,Reta,Não,3,1,1,0,0,1,1,2,-27.0626623,-49.3951777,SPRF-SC,DEL04-SC,UOP02-DEL04-SC,2023