id,data_inversa,dia_semana,horario,uf,br,km,municipio,causa_acidente,tipo_acidente,classificacao_acidente,fase_dia,sentido_via,condicao_metereologica,tipo_pista,tracado_via,uso_solo,pessoas,mortos,feridos_leves,feridos_graves,ilesos,ignorados,feridos,veiculos,latitude,longitude,regional,delegacia,uop,ano_arquivo
"552896,0",2023-10-05,quinta-feira,03:14:00,SC,101,"389,9",CRICIUMA,Suicídio (presumido),Atropelamento de Pedestre,Com Vítimas Feridas,Plena Noite,Crescente,Nublado,Múltipla,Reta,Não,2,0,0,1,0,1,1,2,-28.79023471,-49.34585818,SPRF-SC,DEL02-SC,UOP02-DEL02-SC,2023
"552906,0",2023-10-05,quinta-feira,06:40:00,SC,101,"204,3",SAO JOSE,Manobra de mudança de faixa,Colisão traseira,Com Vítimas Feridas,Pleno dia,Crescente,Nublado,Múltipla,Reta,Sim,3,0,2,0,1,0,2,2,-27.57413014,-48.61363083,SPRF-SC,DEL01-SC,UOP01-DEL01-SC,2023
"552952,0",2023-10-05,quinta-feira,11:20:00,SC,101,"26,0",JOINVILLE,Condutor Dormindo,Colisão traseira,Com Vítimas Feridas,Pleno dia,Crescente,Chuva,Dupla,Reta,Não,3,0,1,0,1,1,1,3,-26.19234802,-48.91210384,SPRF-SC,DEL03-SC,UOP01-DEL03-SC,2023
"552966,0",2023-10-05,quinta-feira,12:20:00,SC,282,"562,2",NOVA ERECHIM,Condutor deixou de manter distância do veículo da frente,Colisão traseira,Com Vítimas Fatais,Pleno dia,Decrescente,Céu Claro,Simples,Reta,Não,5,1,0,0,2,2,0,5,-26.9032423,-52.8683567,SPRF-SC,DEL07-SC,UOP02-DEL07-SC,2023
"552980,0",2023-03-23,quinta-feira,08:00:00,SC,101,"6,0",GARUVA,Ultrapassagem Indevida,Colisão lateral mesmo sentido,Com Vítimas Feridas,Pleno dia,Decrescente,Nublado,Simples,Viaduto,Não,2,0,1,0,1,0,1,2,-26.02692002,-48.86142017,SPRF-SC,DEL03-SC,UOP01-DEL03-SC,2023
"552986,0",2023-09-16,sábado,09:25:00,SC,280,"34,0",ARAQUARI,Ultrapassagem Indevida,Colisão traseira,Com Vítimas Feridas,Pleno dia,Crescente,Céu Claro,Simples,Reta,Não,5,0,2,1,1,1,3,4,-26.42993971,-48.79615614,SPRF-SC,DEL03-SC,UOP03-DEL03-SC,2023
"552988,0",2023-10-05,quinta-feira,16:00:00,SC,101,"274,0",IMBITUBA,Condutor deixou de manter distância do veículo da frente,Colisão com objeto,Com Vítimas Feridas,Pleno dia,Crescente,Garoa/Chuvisco,Dupla,Reta,Não,1,0,1,0,0,0,1,1,-28.141274,-48.692179,SPRF-SC,DEL02-SC,UOP03-DEL02-SC,2023
"553070,0",2023-10-06,sexta-feira,01:40:00,SC,101,"382,1",ICARA,Velocidade Incompatível,Colisão traseira,Sem Vítimas,Plena Noite,Decrescente,Nublado,Múltipla,Aclive;Reta,Não,3,0,0,0,1,2,0,3,-28.75966988,-49.28552404,SPRF-SC,DEL02-SC,UOP02-DEL02-SC,2023
"553150,0",2023-10-06,sexta-feira,11:50:00,SC,101,"119,8",ITAJAI,Ausência de reação do condutor,Colisão traseira,Sem Vítimas,Pleno dia,Decrescente,Nublado,Dupla,Reta,Sim,2,0,0,0,2,0,0,2,-26.9043179,-48.71555481,SPRF-SC,DEL04-SC,UOP04-DEL04-SC,2023
"553174,0",2023-10-06,sexta-feira,14:00:00,SC,280,"70,2",JARAGUA DO SUL,Suicídio (presumido),Colisão frontal,Com Vítimas Fatais,Pleno dia,Crescente,Nublado,Simples,Reta,Sim,4,1,0,0,1,2,0,4,-26.4623517,-49.1329656,SPRF-SC,DEL03-SC,UOP03-DEL03-SC,2023
"553189,0",2023-10-06,sexta-feira,15:00:00,SC,101,"101,0",BALNEARIO PICARRAS,Ausência de reação do condutor,Colisão traseira,Com Vítimas Feridas,Pleno dia,Crescente,Nublado,Múltipla,Reta,Não,6,0,2,1,2,2,3,5,-26.76404198,-48.68657667,SPRF-SC,DEL03-SC,UOP02-DEL03-SC,2023
"553379,0",2023-09-18,segunda-feira,16:31:00,SC,470,"41,0",GASPAR,Ausência de reação do condutor,Engavetamento,Com Vítimas Feridas,Pleno dia,Decrescente,Céu Claro,Dupla,Reta,Sim,6,0,0,2,3,1,2,6,-26.889574,-48.99094,SPRF-SC,DEL04-SC,UOP01-DEL04-SC,2023
"553399,0",2023-10-07,sábado,09:50:00,SC,101,"91,3",BARRA VELHA,Manobra de mudança de faixa,Colisão lateral mesmo sentido,Com Vítimas Feridas,Pleno dia,Decrescente,Chuva,Dupla,Reta,Sim,3,0,1,0,2,0,1,2,-26.67120698,-48.69011814,SPRF-SC,DEL03-SC,UOP02-DEL03-SC,2023
"553572,0",2023-10-08,domingo,05:40:00,SC,101,"388,6",CRICIUMA,Transitar na contramão,Colisão frontal,Com Vítimas Feridas,Amanhecer,Decrescente,Chuva,Dupla,Reta,Não,3,0,1,0,1,1,1,3,-28.79835142,-49.35916901,SPRF-SC,DEL02-SC,UOP02-DEL02-SC,2023
"553687,0",2023-10-08,domingo,17:40:00,SC,101,"204,0",SAO JOSE,Ingestão de álcool pelo condutor,Colisão traseira,Com Vítimas Feridas,Plena Noite,Decrescente,Chuva,Múltipla,Reta,Sim,8,0,2,0,5,1,2,5,-27.57413014,-48.61363083,SPRF-SC,DEL01-SC,UOP01-DEL01-SC,2023
"553701,0",2023-10-08,domingo,14:25:00,SC,470,"238,1",SAO CRISTOVAO DO SUL,Transitar na contramão,Colisão frontal,Com Vítimas Feridas,Pleno dia,Decrescente,Chuva,Simples,Curva,Não,5,0,2,1,1,1,3,3,-27.304041,-50.464909,SPRF-SC,DEL05-SC,UOP03-DEL05-SC,2023
"553790,0",2023-10-09,segunda-feira,03:20:00,SC,282,"113,3",ALFREDO WAGNER,Ingestão de álcool pelo condutor,Colisão lateral sentido oposto,Sem Vítimas,Plena Noite,Crescente,Garoa/Chuvisco,Simples,Reta,Não,4,0,0,0,2,2,0,3,-27.740337,-49.384186,SPRF-SC,DEL01-SC,UOP03-DEL01-SC,2023
"553834,0",2023-09-23,sábado,14:20:00,SC,280,"34,3",ARAQUARI,Transitar na contramão,Colisão frontal,Com Vítimas Feridas,Pleno dia,Crescente,Céu Claro,Simples,Reta,Sim,3,0,0,1,1,2,1,4,-26.42993971,-48.79615614,SPRF-SC,DEL03-SC,UOP03-DEL03-SC,2023
"553990,0",2023-10-09,segunda-feira,09:30:00,SC,282,"420,0",VARGEM BONITA,Pista esburacada,Tombamento,Com Vítimas Feridas,Pleno dia,Crescente,Céu Claro,Simples,Curva,Não,1,0,1,0,0,0,1,1,-27.014505,-51.736427,SPRF-SC,DEL07-SC,UOP05-DEL07-SC,2023
"554036,0",2023-09-26,terça-feira,10:00:00,SC,470,"60,3",BLUMENAU,Acessar a via sem observar a presença dos outros veículos,Colisão transversal,Com Vítimas Feridas,Pleno dia,Crescente,Garoa/Chuvisco,Simples,Reta;Interseção de Vias,Não,3,0,1,0,1,1,1,3,-26.88075603,-49.16703701,SPRF-SC,DEL04-SC,UOP01-DEL04-SC,2023
"554051,0",2023-09-29,sexta-feira,05:00:00,SC,163,"97,2",SAO JOSE DO CEDRO,Ingestão de substâncias psicoativas pelo condutor,Tombamento,Com Vítimas Feridas,Plena Noite,Decrescente,Céu Claro,Simples,Declive;Curva,Não,2,0,1,0,0,2,1,3,-26.508697,-53.51299091,SPRF-SC,DEL07-SC,UOP03-DEL07-SC,2023
"554133,0",2023-10-10,terça-feira,17:30:00,SC,101,"201,0",SAO JOSE,Frear bruscamente,Tombamento,Com Vítimas Feridas,Pleno dia,Decrescente,Céu Claro,Dupla,Reta,Sim,2,0,0,1,0,1,1,2,-27.54836599,-48.61977975,SPRF-SC,DEL01-SC,UOP01-DEL01-SC,2023
"554210,0",2023-10-11,quarta-feira,04:25:00,SC,282,"308,2",VARGEM,Reação tardia ou ineficiente do condutor,Saída de leito carroçável,Com Vítimas Feridas,Plena Noite,Crescente,Céu Claro,Simples,Curva,Não,1,0,1,0,0,0,1,1,-27.48938077,-50.9726572,SPRF-SC,DEL07-SC,UOP06-DEL07-SC,2023
"554213,0",2023-10-11,quarta-feira,04:00:00,SC,101,"380,4",ICARA,Demais falhas mecânicas ou elétricas,Saída de leito carroçável,Com Vítimas Feridas,Plena Noite,Crescente,Nublado,Múltipla,Viaduto,Sim,3,0,1,0,1,1,1,2,-28.75047313,-49.26872594,SPRF-SC,DEL02-SC,UOP02-DEL02-SC,2023
"554270,0",2023-10-11,quarta-feira,10:25:00,SC,280,"55,7",GUARAMIRIM,Acessar a via sem observar a presença dos outros veículos,Colisão transversal,Com Vítimas Feridas,Pleno dia,Crescente,Céu Claro,Dupla,Interseção de Vias,Sim,2,0,1,0,1,0,1,2,-26.47584353,-48.9937858,SPRF-SC,DEL03-SC,UOP03-DEL03-SC,2023
"554299,0",2023-10-11,quarta-feira,13:50:00,SC,101,"19,0",JOINVILLE,Problema com o freio,Incêndio,Sem Vítimas,Pleno dia,Crescente,Céu Claro,Dupla,Reta,Não,2,0,0,0,1,3,0,4,-26.13376586,-48.89661416,SPRF-SC,DEL03-SC,UOP01-DEL03-SC,2023
"554301,0",2023-10-11,quarta-feira,14:30:00,SC,101,"159,0",PORTO BELO,Mal súbito do condutor,Colisão traseira,Com Vítimas Feridas,Pleno dia,Decrescente,Céu Claro,Dupla,Reta,Não,5,0,0,2,2,1,2,4,-27.1998778,-48.61534236,SPRF-SC,DEL04-SC,UOP03-DEL04-SC,2023
"554306,0",2023-10-11,quarta-feira,13:00:00,SC,116,"51,2",PAPANDUVA,Velocidade Incompatível,Colisão frontal,Com Vítimas Feridas,Pleno dia,Decrescente,Céu Claro,Simples,Declive;Curva,Não,3,0,2,0,0,1,2,3,-26.38519214,-50.13765683,SPRF-SC,DEL06-SC,UOP01-DEL06-SC,2023
"554319,0",2023-10-11,quarta-feira,15:50:00,SC,101,"191,0",BIGUACU,Ausência de reação do condutor,Colisão traseira,Com Vítimas Feridas,Pleno dia,Crescente,Nublado,Dupla,Curva,Não,3,0,1,0,1,1,1,3,-27.47730273,-48.64127329,SPRF-SC,DEL01-SC,UOP01-DEL01-SC,2023
"554349,0",2023-10-03,terça-feira,12:20:00,SC,470,"125,0",LONTRAS,Acessar a via sem observar a presença dos outros veículos,Colisão transversal,Com Vítimas Feridas,Pleno dia,Decrescente,Nublado,Simples,Reta,Não,3,0,1,0,1,1,1,3,-27.120506,-49.534946,SPRF-SC,DEL04-SC,UOP02-DEL04-SC,2023
"554396,0",2023-10-11,quarta-feira,19:50:00,SC,280,"126,0",RIO NEGRINHO,Acessar a via sem observar a presença dos outros veículos,Colisão transversal,Com Vítimas Feridas,Plena Noite,Decrescente,Chuva,Simples,Interseção de Vias,Sim,6,0,4,0,1,2,4,4,-26.23779604,-49.49427399,SPRF-SC,DEL06-SC,UOP03-DEL06-SC,2023
"554528,0",2023-10-12,quinta-feira,11:00:00,SC,101,"176,3",BIGUACU,Acumulo de água sobre o pavimento,Queda de ocupante de veículo,Com Vítimas Feridas,Pleno dia,Crescente,Chuva,Dupla,Reta,Não,2,0,1,0,1,0,1,2,-27.34661396,-48.63300917,SPRF-SC,DEL01-SC,UOP01-DEL01-SC,2023
"554540,0",2023-10-12,quinta-feira,11:45:00,SC,282,"54,4",AGUAS MORNAS,Ultrapassagem Indevida,Colisão lateral sentido oposto,Com Vítimas Feridas,Pleno dia,Decrescente,Chuva,Simples,Curva;Declive,Não,3,0,1,0,2,0,1,2,-27.685799,-48.974514,SPRF-SC,DEL01-SC,UOP03-DEL01-SC,2023
"554553,0",2023-10-12,quinta-feira,12:15:00,SC,101,"57,7",ARAQUARI,Acumulo de água sobre o pavimento,Colisão com objeto,Com Vítimas Feridas,Pleno dia,Decrescente,Chuva,Dupla,Curva;Declive,Não,2,0,1,0,0,1,1,2,-26.43646093,-48.81113029,SPRF-SC,DEL03-SC,UOP01-DEL03-SC,2023
"554576,0",2023-10-12,quinta-feira,11:00:00,SC,280,"153,1",MAFRA,Velocidade Incompatível,Colisão frontal,Com Vítimas Feridas,Pleno dia,Decrescente,Chuva,Simples,Reta;Declive,Não,3,0,1,0,1,1,1,3,-26.22099817,-49.71288041,SPRF-SC,DEL06-SC,UOP03-DEL06-SC,2023
"554674,0",2023-10-12,quinta-feira,21:30:00,SC,101,"456,0",SAO JOAO DO SUL,Mal súbito do condutor,Colisão traseira,Com Vítimas Feridas,Plena Noite,Crescente,Nublado,Dupla,Reta;Declive,Sim,3,0,1,0,1,2,1,4,-29.23073829,-49.75584626,SPRF-SC,DEL02-SC,UOP02-DEL02-SC,2023
"554757,0",2023-10-13,sexta-feira,15:50:00,SC,101,"204,9",SAO JOSE,Reação tardia ou ineficiente do condutor,Colisão traseira,Com Vítimas Feridas,Pleno dia,Crescente,Nublado,Múltipla,Reta,Não,2,0,1,0,1,0,1,2,-27.57413014,-48.61363083,SPRF-SC,DEL01-SC,UOP01-DEL01-SC,2023
"554767,0",2023-10-13,sexta-feira,16:20:00,SC,101,"151,0",ITAPEMA,Reação tardia ou ineficiente do condutor,Colisão lateral mesmo sentido,Com Vítimas Feridas,Pleno dia,Crescente,Nublado,Dupla,Reta,Sim,3,0,0,1,1,2,1,4,-27.126536,-48.609642,SPRF-SC,DEL04-SC,UOP03-DEL04-SC,2023
"554771,0",2023-10-13,sexta-feira,17:50:00,SC,101,"197,4",BIGUACU,Manobra de mudança de faixa,Colisão lateral mesmo sentido,Com Vítimas Feridas,Anoitecer,Crescente,Nublado,Múltipla,Reta,Não,3,0,1,0,1,1,1,3,-27.51844497,-48.63848496,SPRF-SC,DEL01-SC,UOP01-DEL01-SC,2023
"554781,0",2023-10-13,sexta-feira,05:02:00,SC,116,"226,4",CORREIA PINTO,Transtornos Mentais (exceto suicidio),Colisão traseira,Sem Vítimas,Plena Noite,Decrescente,Garoa/Chuvisco,Simples,Reta,Não,4,0,0,0,4,0,0,2,-27.6304262,-50.34036621,SPRF-SC,DEL05-SC,UOP03-DEL05-SC,2023
"554797,0",2023-10-13,sexta-feira,18:40:00,SC,101,"306,2",LAGUNA,Velocidade Incompatível,Colisão transversal,Com Vítimas Feridas,Plena Noite,Decrescente,Nublado,Múltipla,Reta;Interseção de Vias,Não,2,0,0,1,1,0,1,2,-28.4035339,-48.7894031,SPRF-SC,DEL02-SC,UOP03-DEL02-SC,2023
"555034,0",2023-10-14,sábado,16:20:00,SC,116,"106,1",MONTE CASTELO,Velocidade Incompatível,Colisão com objeto,Com Vítimas Feridas,Pleno dia,Decrescente,Chuva,Simples,Curva;Declive,Não,3,0,1,0,1,1,1,2,-26.75604307,-50.31916109,SPRF-SC,DEL06-SC,UOP02-DEL06-SC,2023
"555127,0",2023-10-15,domingo,11:20:00,SC,101,"136,0",BALNEARIO CAMBORIU,Condutor deixou de manter distância do veículo da frente,Colisão traseira,Com Vítimas Feridas,Pleno dia,Decrescente,Nublado,Múltipla,Reta;Declive,Sim,5,0,2,0,2,1,2,3,-27.008113,-48.617245,SPRF-SC,DEL04-SC,UOP03-DEL04-SC,2023
"555233,0",2023-10-15,domingo,19:50:00,SC,282,"43,8",AGUAS MORNAS,Ausência de reação do condutor,Colisão lateral sentido oposto,Com Vítimas Feridas,Plena Noite,Decrescente,Chuva,Simples,Reta;Aclive,Não,4,0,1,1,1,1,2,3,-27.719458,-48.897526,SPRF-SC,DEL01-SC,UOP03-DEL01-SC,2023
"555325,0",2023-09-22,sexta-feira,15:00:00,SC,470,"126,6",LONTRAS,Acessar a via sem observar a presença dos outros veículos,Colisão transversal,Com Vítimas Feridas,Pleno dia,Decrescente,Garoa/Chuvisco,Simples,Reta;Interseção de Vias,Não,5,0,2,0,2,1,2,4,-27.129,-49.538277,SPRF-SC,DEL04-SC,UOP02-DEL04-SC,2023
"555429,0",2023-10-16,segunda-feira,10:42:00,SC,158,"119,3",CAIBI,Ultrapassagem Indevida,Colisão frontal,Com Vítimas Fatais,Pleno dia,Crescente,Nublado,Simples,Reta,Não,3,1,1,0,0,3,1,5,-26.962647,-53.208492,SPRF-SC,DEL07-SC,UOP02-DEL07-SC,2023
"555484,0",2023-10-17,terça-feira,07:40:00,SC,101,"142,5",BALNEARIO CAMBORIU,Manobra de mudança de faixa,Colisão com objeto,Com Vítimas Feridas,Pleno dia,Decrescente,Nublado,Dupla,Reta,Não,2,0,1,0,1,0,1,2,-27.056089,-48.599449,SPRF-SC,DEL04-SC,UOP03-DEL04-SC,2023
"555494,0",2023-10-17,terça-feira,09:00:00,SC,470,"138,0",RIO DO SUL,Ultrapassagem Indevida,Colisão transversal,Com Vítimas Feridas,Pleno dia,Decrescente,Nublado,Simples,Reta,Sim,2,0,0,1,1,0,1,2,-27.207214,-49.648476,SPRF-SC,DEL04-SC,UOP02-DEL04-SC,2023
"555504,0",2023-10-17,terça-feira,07:15:00,SC,116,"106,8",MONTE CASTELO,Transitar na contramão,Colisão lateral sentido oposto,Com Vítimas Feridas,Pleno dia,Decrescente,Chuva,Simples,Curva,Não,2,0,0,1,1,0,1,2,-26.75604307,-50.31916109,SPRF-SC,DEL06-SC,UOP02-DEL06-SC,2023
"555518,0",2023-10-17,terça-feira,10:50:00,SC,280,"139,6",RIO NEGRINHO,Acumulo de óleo sobre o pavimento,Saída de leito carroçável,Com Vítimas Feridas,Pleno dia,Crescente,Garoa/Chuvisco,Simples,Declive,Não,3,0,1,0,0,2,1,3,-26.254826,-49.603124,SPRF-SC,DEL06-SC,UOP03-DEL06-SC,2023
"555562,0",2023-10-17,terça-feira,09:30:00,SC,116,"72,0",MONTE CASTELO,Reação tardia ou ineficiente do condutor,Engavetamento,Com Vítimas Feridas,Pleno dia,Decrescente,Chuva,Simples,Reta,Não,5,0,1,0,3,2,1,5,-26.484868,-50.232702,SPRF-SC,DEL06-SC,UOP02-DEL06-SC,2023
"555636,0",2023-10-17,terça-feira,22:50:00,SC,116,"271,2",CAPAO ALTO,Ausência de reação do condutor,Colisão frontal,Com Vítimas Feridas,Plena Noite,Crescente,Céu Claro,Simples,Reta;Declive,Não,3,0,0,1,2,0,1,2,-27.97707988,-50.50914813,SPRF-SC,DEL05-SC,UOP02-DEL05-SC,2023
"555789,0",2023-10-18,quarta-feira,17:40:00,SC,280,"5,2",SAO FRANCISCO DO SUL,Condutor deixou de manter distância do veículo da frente,Colisão com objeto,Com Vítimas Feridas,Plena Noite,Crescente,Nublado,Simples,Rotatória,Sim,4,0,1,1,1,1,2,3,-26.2579643,-48.62334251,SPRF-SC,DEL03-SC,UOP03-DEL03-SC,2023
"555797,0",2023-10-18,quarta-feira,19:30:00,SC,282,"245,7",SAO JOSE DO CERRITO,Reação tardia ou ineficiente do condutor,Colisão frontal,Com Vítimas Feridas,Plena Noite,Crescente,Chuva,Simples,Curva;Declive,Não,5,0,2,0,3,0,2,2,-27.72805817,-50.52251816,SPRF-SC,DEL05-SC,UOP02-DEL05-SC,2023
"555851,0",2023-09-21,quinta-feira,08:30:00,SC,282,"533,0",XAXIM,Transitar na contramão,Colisão frontal,Com Vítimas Feridas,Pleno dia,Decrescente,Céu Claro,Simples,Curva;Declive,Não,3,0,0,1,1,1,1,3,-26.995323,-52.625305,SPRF-SC,DEL07-SC,UOP01-DEL07-SC,2023
"555862,0",2023-10-19,quinta-feira,09:05:00,SC,282,"40,0",AGUAS MORNAS,Mal súbito do condutor,Saída de leito carroçável,Com Vítimas Feridas,Pleno dia,Decrescente,Nublado,Simples,Curva,Sim,2,0,1,0,1,0,1,2,-27.716148,-48.869583,SPRF-SC,DEL01-SC,UOP03-DEL01-SC,2023
"555886,0",2023-10-19,quinta-feira,11:40:00,SC,280,"127,0",RIO NEGRINHO,Acessar a via sem observar a presença dos outros veículos,Colisão traseira,Com Vítimas Feridas,Pleno dia,Decrescente,Nublado,Simples,Reta;Interseção de Vias,Sim,4,0,1,0,2,1,1,3,-26.23943953,-49.50420708,SPRF-SC,DEL06-SC,UOP03-DEL06-SC,2023
"556011,0",2023-10-20,sexta-feira,00:45:00,SC,101,"168,0",TIJUCAS,Demais falhas mecânicas ou elétricas,Incêndio,Sem Vítimas,Pleno dia,Crescente,Nublado,Dupla,Reta,Não,2,0,0,0,1,1,0,2,-27.279105,-48.631554,SPRF-SC,DEL04-SC,UOP03-DEL04-SC,2023
"556033,0",2023-10-20,sexta-feira,06:00:00,SC,101,"105,1",PENHA,Reação tardia ou ineficiente do condutor,Colisão lateral mesmo sentido,Com Vítimas Feridas,Amanhecer,Decrescente,Nublado,Dupla,Reta,Não,4,0,1,0,2,1,1,3,-26.80239233,-48.6788106,SPRF-SC,DEL03-SC,UOP02-DEL03-SC,2023
"556046,0",2023-10-08,domingo,06:00:00,SC,101,"103,1",BALNEARIO PICARRAS,Velocidade Incompatível,Colisão traseira,Sem Vítimas,Amanhecer,Decrescente,Chuva,Dupla,Reta,Não,2,0,0,0,1,1,0,2,-26.7832381,-48.68314632,SPRF-SC,DEL03-SC,UOP02-DEL03-SC,2023
"556069,0",2023-10-20,sexta-feira,09:20:00,SC,470,"50,6",BLUMENAU,Pedestre cruzava a pista fora da faixa,Atropelamento de Pedestre,Com Vítimas Fatais,Pleno dia,Decrescente,Céu Claro,Múltipla,Curva;Declive;Viaduto,Não,2,1,0,0,1,0,0,2,-26.86151954,-49.08122778,SPRF-SC,DEL04-SC,UOP01-DEL04-SC,2023
"556073,0",2023-10-20,sexta-feira,09:25:00,SC,280,"129,0",RIO NEGRINHO,Animais na Pista,Colisão traseira,Com Vítimas Feridas,Pleno dia,Decrescente,Sol,Simples,Reta,Não,2,0,1,0,1,0,1,2,-26.2530246,-49.52924913,SPRF-SC,DEL06-SC,UOP03-DEL06-SC,2023
"556125,0",2023-10-20,sexta-feira,13:50:00,SC,101,"138,2",BALNEARIO CAMBORIU,Pedestre andava na pista,Atropelamento de Pedestre,Com Vítimas Fatais,Pleno dia,Crescente,Céu Claro,Múltipla,Reta,Sim,3,1,0,0,1,2,0,4,-27.025749,-48.606612,SPRF-SC,DEL04-SC,UOP03-DEL04-SC,2023
"556132,0",2023-10-20,sexta-feira,10:35:00,SC,101,"43,7",JOINVILLE,Acessar a via sem observar a presença dos outros veículos,Colisão transversal,Com Vítimas Feridas,Pleno dia,Crescente,Nublado,Múltipla,Viaduto,Sim,2,0,1,0,1,0,1,2,-26.31238996,-48.87458997,SPRF-SC,DEL03-SC,UOP01-DEL03-SC,2023
"556202,0",2023-10-20,sexta-feira,19:25:00,SC,101,"203,5",SAO JOSE,Trafegar com motocicleta (ou similar) entre as faixas,Colisão lateral mesmo sentido,Com Vítimas Fatais,Plena Noite,Decrescente,Nublado,Múltipla,Reta,Sim,8,1,0,0,6,2,0,5,-27.5650044,-48.61460082,SPRF-SC,DEL01-SC,UOP01-DEL01-SC,2023
"556281,0",2023-10-21,sábado,08:30:00,SC,101,"126,0",ITAJAI,Trafegar com motocicleta (ou similar) entre as faixas,Colisão traseira,Com Vítimas Feridas,Pleno dia,Crescente,Sol,Dupla,Reta,Não,2,0,0,1,1,0,1,2,-26.95564404,-48.67978366,SPRF-SC,DEL04-SC,UOP04-DEL04-SC,2023
"556286,0",2023-10-21,sábado,11:00:00,SC,101,"114,0",ITAJAI,Ausência de reação do condutor,Colisão traseira,Com Vítimas Feridas,Pleno dia,Decrescente,Nublado,Múltipla,Reta,Não,3,0,2,0,1,0,2,2,-26.86192886,-48.7286704,SPRF-SC,DEL04-SC,UOP04-DEL04-SC,2023
"556288,0",2023-10-21,sábado,11:20:00,SC,101,"115,1",ITAJAI,Reação tardia ou ineficiente do condutor,Colisão traseira,Sem Vítimas,Pleno dia,Decrescente,Céu Claro,Múltipla,Reta,Não,2,0,0,0,2,0,0,2,-26.87064015,-48.72954134,SPRF-SC,DEL04-SC,UOP04-DEL04-SC,2023
"556318,0",2023-10-21,sábado,12:05:00,SC,101,"19,0",JOINVILLE,Suicídio (presumido),Atropelamento de Pedestre,Com Vítimas Feridas,Pleno dia,Decrescente,Nublado,Dupla,Reta,Não,4,0,0,1,1,2,1,3,-26.13376586,-48.89661416,SPRF-SC,DEL03-SC,UOP01-DEL03-SC,2023
"556349,0",2023-10-21,sábado,16:04:00,SC,101,"215,7",PALHOCA,Manobra de mudança de faixa,Colisão lateral mesmo sentido,Com Vítimas Feridas,Pleno dia,Decrescente,Nublado,Múltipla,Curva,Não,2,0,1,0,1,0,1,2,-27.65184843,-48.67604941,SPRF-SC,DEL01-SC,UOP02-DEL01-SC,2023
"556364,0",2023-10-21,sábado,15:15:00,SC,470,"238,3",SAO CRISTOVAO DO SUL,Velocidade Incompatível,Colisão transversal,Com Vítimas Feridas,Pleno dia,Crescente,Céu Claro,Simples,Reta,Não,2,0,1,1,0,0,2,2,-27.304041,-50.464909,SPRF-SC,DEL05-SC,UOP03-DEL05-SC,2023
"556612,0",2023-10-22,domingo,20:30:00,SC,101,"203,0",SAO JOSE,Ingestão de álcool pelo condutor,Colisão lateral mesmo sentido,Com Vítimas Feridas,Plena Noite,Crescente,Céu Claro,Múltipla,Reta,Sim,3,0,1,0,1,1,1,3,-27.5650044,-48.61460082,SPRF-SC,DEL01-SC,UOP01-DEL01-SC,2023
"556685,0",2023-10-23,segunda-feira,06:50:00,SC,470,"88,0",ASCURRA,Acessar a via sem observar a presença dos outros veículos,Colisão transversal,Com Vítimas Feridas,Pleno dia,Decrescente,Céu Claro,Simples,Reta,Não,2,0,0,1,1,0,1,2,-26.955355,-49.373169,SPRF-SC,DEL04-SC,UOP01-DEL04-SC,2023
"556727,0",2023-10-07,sábado,04:52:00,SC,282,"548,0",CHAPECO,Condutor Dormindo,Colisão lateral sentido oposto,Com Vítimas Feridas,Amanhecer,Decrescente,Chuva,Simples,Reta,Não,3,0,1,0,2,0,1,2,-26.968346,-52.753883,SPRF-SC,DEL07-SC,UOP01-DEL07-SC,2023
"556843,0",2023-10-23,segunda-feira,20:00:00,SC,101,"357,7",SANGAO,Estacionar ou parar em local proibido,Colisão traseira,Com Vítimas Feridas,Plena Noite,Crescente,Céu Claro,Simples,Reta,Não,5,0,1,0,3,2,1,4,-28.64856583,-49.10435915,SPRF-SC,DEL02-SC,UOP01-DEL02-SC,2023
"556850,0",2023-10-23,segunda-feira,22:10:00,SC,470,"201,5",PONTE ALTA,Animais na Pista,Atropelamento de Animal,Com Vítimas Fatais,Plena Noite,Decrescente,Céu Claro,Simples,Reta,Não,3,1,0,0,1,1,0,3,-27.292937,-50.148372,SPRF-SC,DEL05-SC,UOP03-DEL05-SC,2023
"556856,0",2023-10-23,segunda-feira,23:20:00,SC,101,"326,0",CAPIVARI DE BAIXO,Reação tardia ou ineficiente do condutor,Colisão traseira,Com Vítimas Feridas,Plena Noite,Crescente,Céu Claro,Dupla,Curva,Sim,3,0,1,0,1,1,1,3,-28.43023306,-48.95205197,SPRF-SC,DEL02-SC,UOP01-DEL02-SC,2023
"556861,0",2023-10-24,terça-feira,00:30:00,SC,282,"32,0",SANTO AMARO DA IMPERATRIZ,Suicídio (presumido),Colisão frontal,Com Vítimas Fatais,Plena Noite,Crescente,Céu Claro,Simples,Reta,Não,3,1,0,0,1,1,0,3,-27.70166055,-48.80115688,SPRF-SC,DEL01-SC,UOP03-DEL01-SC,2023
"556893,0",2023-10-24,terça-feira,08:35:00,SC,101,"56,9",JOINVILLE,Acessar a via sem observar a presença dos outros veículos,Colisão lateral mesmo sentido,Sem Vítimas,Pleno dia,Crescente,Nublado,Simples,Reta,Sim,2,0,0,0,2,0,0,2,-26.43207484,-48.82263984,SPRF-SC,DEL03-SC,UOP01-DEL03-SC,2023
"556911,0",2023-10-24,terça-feira,08:40:00,SC,282,"182,2",BOCAINA DO SUL,Transitar na contramão,Colisão frontal,Com Vítimas Fatais,Pleno dia,Crescente,Nublado,Simples,Reta;Aclive,Não,5,1,1,0,3,0,1,4,-27.735399,-49.958389,SPRF-SC,DEL05-SC,UOP01-DEL05-SC,2023