id,data_inversa,dia_semana,horario,uf,br,km,municipio,causa_acidente,tipo_acidente,classificacao_acidente,fase_dia,sentido_via,condicao_metereologica,tipo_pista,tracado_via,uso_solo,pessoas,mortos,feridos_leves,feridos_graves,ilesos,ignorados,feridos,veiculos,latitude,longitude,regional,delegacia,uop,ano_arquivo
"556925,0",2023-10-24,terça-feira,10:45:00,SC,280,"41,5",ARAQUARI,Ultrapassagem Indevida,Colisão frontal,Com Vítimas Fatais,Pleno dia,Decrescente,Nublado,Simples,Reta;Em Obras,Não,3,1,0,1,1,0,1,3,-26.4504798,-48.8652691,SPRF-SC,DEL03-SC,UOP03-DEL03-SC,2023
"556960,0",2023-10-24,terça-feira,16:00:00,SC,101,"13,0",GARUVA,Manobra de mudança de faixa,Colisão lateral mesmo sentido,Com Vítimas Feridas,Pleno dia,Crescente,Nublado,Dupla,Reta,Não,3,0,1,0,1,1,1,3,-26.08986803,-48.86345096,SPRF-SC,DEL03-SC,UOP01-DEL03-SC,2023
"556992,0",2023-10-24,terça-feira,16:00:00,SC,470,"22,0",ILHOTA,Manobra de mudança de faixa,Colisão lateral mesmo sentido,Sem Vítimas,Pleno dia,Crescente,Céu Claro,Dupla,Reta,Não,2,0,0,0,1,1,0,2,-26.880066,-48.836224,SPRF-SC,DEL04-SC,UOP04-DEL04-SC,2023
"557035,0",2023-10-24,terça-feira,21:30:00,SC,116,"153,1",SANTA CECILIA,Animais na Pista,Atropelamento de Animal,Sem Vítimas,Plena Noite,Decrescente,Céu Claro,Simples,Reta;Aclive,Não,2,0,0,0,1,1,0,2,-27.05726102,-50.42710925,SPRF-SC,DEL06-SC,UOP02-DEL06-SC,2023
"557062,0",2023-10-25,quarta-feira,07:15:00,SC,101,"195,5",BIGUACU,Ausência de reação do condutor,Colisão lateral mesmo sentido,Com Vítimas Feridas,Pleno dia,Decrescente,Céu Claro,Múltipla,Reta,Sim,2,0,0,1,1,0,1,2,-27.5047092,-48.65010819,SPRF-SC,DEL01-SC,UOP01-DEL01-SC,2023
"557095,0",2023-04-16,domingo,11:20:00,SC,282,"644,9",SAO MIGUEL DO OESTE,Transitar na contramão,Colisão lateral sentido oposto,Com Vítimas Feridas,Pleno dia,Decrescente,Chuva,Simples,Curva;Declive,Não,4,0,2,1,1,0,3,3,-26.76509077,-53.48669171,SPRF-SC,DEL07-SC,UOP03-DEL07-SC,2023
"557145,0",2023-10-25,quarta-feira,11:20:00,SC,280,"103,2",SAO BENTO DO SUL,Condutor deixou de manter distância do veículo da frente,Colisão traseira,Com Vítimas Feridas,Pleno dia,Decrescente,Nevoeiro/Neblina,Simples,Curva,Não,4,0,2,0,1,1,2,3,-26.35967199,-49.347507,SPRF-SC,DEL06-SC,UOP03-DEL06-SC,2023
"557194,0",2023-10-25,quarta-feira,20:15:00,SC,470,"65,0",INDAIAL,Acessar a via sem observar a presença dos outros veículos,Colisão transversal,Com Vítimas Feridas,Plena Noite,Crescente,Céu Claro,Simples,Reta,Sim,3,0,1,0,1,1,1,3,-26.870411,-49.211864,SPRF-SC,DEL04-SC,UOP01-DEL04-SC,2023
"557200,0",2023-10-25,quarta-feira,22:10:00,SC,282,"488,4",FAXINAL DOS GUEDES,Suicídio (presumido),Colisão frontal,Com Vítimas Fatais,Plena Noite,Decrescente,Céu Claro,Simples,Reta;Aclive,Sim,3,1,0,0,1,1,0,3,-26.85786044,-52.26416767,SPRF-SC,DEL07-SC,UOP01-DEL07-SC,2023
"557203,0",2023-10-25,quarta-feira,20:24:00,SC,470,"145,0",RIO DO SUL,Reação tardia ou ineficiente do condutor,Colisão traseira,Com Vítimas Fatais,Plena Noite,Decrescente,Céu Claro,Simples,Curva,Não,3,1,0,0,1,1,0,3,-27.2322787,-49.6716684,SPRF-SC,DEL04-SC,UOP02-DEL04-SC,2023
"557272,0",2023-10-14,sábado,08:00:00,SC,163,"98,5",SAO JOSE DO CEDRO,Animais na Pista,Colisão lateral sentido oposto,Com Vítimas Feridas,Pleno dia,Decrescente,Céu Claro,Dupla,Declive,Não,4,0,1,0,1,3,1,5,-26.50126284,-53.50779318,SPRF-SC,DEL07-SC,UOP03-DEL07-SC,2023
"557329,0",2023-10-26,quinta-feira,13:30:00,SC,280,"84,7",CORUPA,Demais falhas mecânicas ou elétricas,Colisão com objeto,Sem Vítimas,Pleno dia,Crescente,Céu Claro,Simples,Aclive,Não,1,0,0,0,1,0,0,1,-26.43589072,-49.24351466,SPRF-SC,DEL06-SC,UOP03-DEL06-SC,2023
"557426,0",2023-10-27,sexta-feira,01:40:00,SC,101,"327,4",CAPIVARI DE BAIXO,Condutor Dormindo,Colisão com objeto,Com Vítimas Feridas,Plena Noite,Crescente,Céu Claro,Dupla,Viaduto;Reta;Aclive,Não,1,0,1,0,0,0,1,1,-28.438399,-48.961751,SPRF-SC,DEL02-SC,UOP01-DEL02-SC,2023
"557501,0",2023-10-27,sexta-feira,12:45:00,SC,280,"154,2",MAFRA,Pista Escorregadia,Saída de leito carroçável,Com Vítimas Feridas,Pleno dia,Decrescente,Chuva,Simples,Curva;Declive,Não,2,0,2,0,0,0,2,1,-26.21362587,-49.7181449,SPRF-SC,DEL06-SC,UOP03-DEL06-SC,2023
"557529,0",2023-10-27,sexta-feira,15:00:00,SC,282,"212,1",LAGES,Desrespeitar a preferência no cruzamento,Colisão transversal,Com Vítimas Feridas,Pleno dia,Decrescente,Nublado,Simples,Interseção de Vias;Declive;Retorno Regulamentado,Sim,3,0,1,0,2,0,1,2,-27.78280296,-50.25320292,SPRF-SC,DEL05-SC,UOP01-DEL05-SC,2023
"557536,0",2023-10-27,sexta-feira,14:00:00,SC,282,"645,6",SAO MIGUEL DO OESTE,Acessar a via sem observar a presença dos outros veículos,Colisão lateral mesmo sentido,Com Vítimas Feridas,Pleno dia,Decrescente,Nublado,Simples,Reta;Interseção de Vias;Declive,Sim,3,0,0,1,2,0,1,2,-26.76488571,-53.49552155,SPRF-SC,DEL07-SC,UOP03-DEL07-SC,2023
"557615,0",2023-10-27,sexta-feira,23:00:00,SC,101,"38,8",JOINVILLE,Acessar a via sem observar a presença dos outros veículos,Colisão traseira,Com Vítimas Feridas,Pleno dia,Crescente,Garoa/Chuvisco,Dupla,Reta;Interseção de Vias,Sim,4,0,2,0,1,1,2,3,-26.30012873,-48.88368845,SPRF-SC,DEL03-SC,UOP01-DEL03-SC,2023
"557651,0",2023-10-28,sábado,05:15:00,SC,163,"75,4",SAO MIGUEL DO OESTE,Condutor Dormindo,Saída de leito carroçável,Com Vítimas Feridas,Plena Noite,Crescente,Chuva,Simples,Curva;Aclive,Não,1,0,1,0,0,0,1,1,-26.69042964,-53.51429701,SPRF-SC,DEL07-SC,UOP03-DEL07-SC,2023
"557653,0",2023-10-14,sábado,10:56:00,SC,282,"505,3",XANXERE,Velocidade Incompatível,Colisão lateral mesmo sentido,Com Vítimas Feridas,Pleno dia,Decrescente,Céu Claro,Dupla,Reta,Não,4,0,2,0,1,2,2,4,-26.885883,-52.418762,SPRF-SC,DEL07-SC,UOP01-DEL07-SC,2023
"557703,0",2023-10-28,sábado,06:30:00,SC,470,"264,9",CURITIBANOS,Transitar na contramão,Colisão frontal,Com Vítimas Fatais,Pleno dia,Crescente,Chuva,Simples,Reta;Declive,Não,3,1,0,0,1,1,0,3,-27.31155,-50.729581,SPRF-SC,DEL05-SC,UOP03-DEL05-SC,2023
"557705,0",2023-10-28,sábado,08:00:00,SC,101,"235,0",PALHOCA,Ausência de reação do condutor,Colisão com objeto,Com Vítimas Feridas,Pleno dia,Decrescente,Chuva,Dupla,Reta;Aclive,Não,2,0,1,0,0,1,1,2,-27.8177775,-48.6315025,SPRF-SC,DEL01-SC,UOP02-DEL01-SC,2023
"557754,0",2023-10-28,sábado,15:50:00,SC,101,"438,1",SOMBRIO,Suicídio (presumido),Atropelamento de Pedestre,Com Vítimas Fatais,Pleno dia,Crescente,Nublado,Múltipla,Reta,Não,3,1,0,0,1,2,0,4,-29.12374811,-49.65613246,SPRF-SC,DEL02-SC,UOP02-DEL02-SC,2023
"558014,0",2023-10-29,domingo,20:50:00,SC,101,"99,0",BALNEARIO PICARRAS,Ausência de reação do condutor,Tombamento,Com Vítimas Fatais,Plena Noite,Decrescente,Nublado,Dupla,Reta,Não,2,1,0,0,0,1,0,2,-26.7494895,-48.6942051,SPRF-SC,DEL03-SC,UOP02-DEL03-SC,2023
"558084,0",2023-10-30,segunda-feira,07:00:00,SC,280,"53,4",GUARAMIRIM,Suicídio (presumido),Colisão frontal,Com Vítimas Fatais,Pleno dia,Crescente,Sol,Dupla,Reta,Não,3,1,0,0,1,1,0,3,-26.4748172,-48.9810103,SPRF-SC,DEL03-SC,UOP03-DEL03-SC,2023
"558117,0",2023-10-30,segunda-feira,11:30:00,SC,470,"115,8",IBIRAMA,Velocidade Incompatível,Colisão traseira,Com Vítimas Feridas,Pleno dia,Decrescente,Chuva,Simples,Ponte;Curva,Não,6,0,1,0,4,2,1,7,-27.080416,-49.485348,SPRF-SC,DEL04-SC,UOP02-DEL04-SC,2023
"558144,0",2023-10-30,segunda-feira,14:05:00,SC,163,"85,0",GUARACIABA,Demais falhas mecânicas ou elétricas,Colisão traseira,Com Vítimas Feridas,Pleno dia,Crescente,Chuva,Simples,Reta,Não,5,0,1,0,3,4,1,8,-26.60730301,-53.51704391,SPRF-SC,DEL07-SC,UOP03-DEL07-SC,2023
"558149,0",2023-10-30,segunda-feira,14:40:00,SC,101,"43,9",JOINVILLE,Desrespeitar a preferência no cruzamento,Colisão transversal,Com Vítimas Feridas,Pleno dia,Crescente,Nublado,Simples,Declive;Interseção de Vias;Viaduto,Sim,3,0,1,0,1,1,1,3,-26.30357106,-48.88225609,SPRF-SC,DEL03-SC,UOP01-DEL03-SC,2023
"558241,0",2023-10-31,terça-feira,04:35:00,SC,101,"294,8",IMBITUBA,Reação tardia ou ineficiente do condutor,Colisão traseira,Com Vítimas Feridas,Plena Noite,Crescente,Chuva,Dupla,Viaduto,Sim,2,0,1,0,1,0,1,2,-28.29220304,-48.71018095,SPRF-SC,DEL02-SC,UOP03-DEL02-SC,2023
"558297,0",2023-10-31,terça-feira,11:45:00,SC,101,"145,0",ITAPEMA,Manobra de mudança de faixa,Colisão lateral mesmo sentido,Com Vítimas Feridas,Pleno dia,Decrescente,Garoa/Chuvisco,Múltipla,Reta;Aclive,Sim,2,0,1,0,1,0,1,2,-27.08139206,-48.60130993,SPRF-SC,DEL04-SC,UOP03-DEL04-SC,2023
"558354,0",2023-10-31,terça-feira,16:10:00,SC,470,"66,0",INDAIAL,Acessar a via sem observar a presença dos outros veículos,Colisão transversal,Com Vítimas Feridas,Pleno dia,Crescente,Nublado,Simples,Reta;Interseção de Vias,Sim,3,0,0,1,2,0,1,2,-26.870407,-49.221844,SPRF-SC,DEL04-SC,UOP01-DEL04-SC,2023
"558372,0",2023-10-31,terça-feira,19:09:00,SC,101,"116,0",ITAJAI,Reação tardia ou ineficiente do condutor,Engavetamento,Com Vítimas Feridas,Plena Noite,Decrescente,Céu Claro,Dupla,Reta,Não,10,0,1,1,7,2,2,7,-26.87905605,-48.72603512,SPRF-SC,DEL04-SC,UOP04-DEL04-SC,2023
"558387,0",2023-10-31,terça-feira,21:00:00,SC,101,"139,0",ITAPEMA,Ausência de reação do condutor,Colisão traseira,Com Vítimas Feridas,Plena Noite,Decrescente,Nublado,Dupla,Reta;Túnel,Sim,3,0,0,1,0,2,1,3,-27.03881189,-48.60025148,SPRF-SC,DEL04-SC,UOP03-DEL04-SC,2023
"558449,0",2023-11-01,quarta-feira,09:40:00,SC,101,"44,2",JOINVILLE,Reação tardia ou ineficiente do condutor,Colisão com objeto,Com Vítimas Feridas,Pleno dia,Crescente,Garoa/Chuvisco,Simples,Declive,Não,1,0,1,0,0,0,1,1,-26.31238996,-48.87458997,SPRF-SC,DEL03-SC,UOP01-DEL03-SC,2023
"558466,0",2023-11-01,quarta-feira,10:45:00,SC,470,"47,0",BLUMENAU,Ausência de reação do condutor,Colisão traseira,Com Vítimas Feridas,Pleno dia,Decrescente,Nublado,Simples,Reta,Sim,4,0,1,0,2,2,1,4,-26.864044,-49.046516,SPRF-SC,DEL04-SC,UOP01-DEL04-SC,2023
"558513,0",2023-11-01,quarta-feira,13:50:00,SC,470,"122,4",IBIRAMA,Ultrapassagem Indevida,Colisão frontal,Com Vítimas Fatais,Pleno dia,Crescente,Sol,Simples,Curva;Aclive,Sim,4,1,0,1,1,2,1,4,-27.1045512,-49.523828,SPRF-SC,DEL04-SC,UOP02-DEL04-SC,2023
"558539,0",2023-11-01,quarta-feira,18:15:00,SC,101,"204,0",SAO JOSE,Reação tardia ou ineficiente do condutor,Colisão lateral mesmo sentido,Com Vítimas Feridas,Anoitecer,Decrescente,Nublado,Dupla,Declive,Sim,2,0,1,0,0,1,1,2,-27.56985134,-48.61377055,SPRF-SC,DEL01-SC,UOP01-DEL01-SC,2023
"558579,0",2023-11-01,quarta-feira,20:45:00,SC,101,"27,5",JOINVILLE,Suicídio (presumido),Colisão frontal,Sem Vítimas,Plena Noite,Crescente,Chuva,Dupla,Reta,Não,3,0,0,0,2,1,0,3,-26.20130351,-48.91331794,SPRF-SC,DEL03-SC,UOP01-DEL03-SC,2023
"558642,0",2023-11-02,quinta-feira,03:45:00,SC,101,"207,0",SAO JOSE,Reação tardia ou ineficiente do condutor,Colisão frontal,Sem Vítimas,Plena Noite,Crescente,Nublado,Múltipla,Reta,Sim,3,0,0,0,3,0,0,2,-27.60001226,-48.6226467,SPRF-SC,DEL01-SC,UOP01-DEL01-SC,2023
"558653,0",2023-11-01,quarta-feira,23:36:00,SC,282,"561,3",NOVA ERECHIM,Chuva,Colisão com objeto,Com Vítimas Fatais,Plena Noite,Decrescente,Chuva,Simples,Reta;Ponte,Não,1,1,0,0,0,0,0,1,-26.92470056,-52.85713434,SPRF-SC,DEL07-SC,UOP02-DEL07-SC,2023
"558656,0",2023-11-02,quinta-feira,02:20:00,SC,470,"53,0",BLUMENAU,Ingestão de álcool pelo condutor,Colisão frontal,Com Vítimas Feridas,Plena Noite,Decrescente,Garoa/Chuvisco,Simples,Curva;Declive,Sim,4,0,1,1,1,2,2,4,-26.86852545,-49.10459518,SPRF-SC,DEL04-SC,UOP01-DEL04-SC,2023
"558673,0",2023-11-02,quinta-feira,08:20:00,SC,101,"235,0",PALHOCA,Acumulo de água sobre o pavimento,Colisão com objeto,Com Vítimas Feridas,Pleno dia,Decrescente,Chuva,Dupla,Curva;Aclive,Não,3,0,1,0,1,1,1,2,-27.8177775,-48.6315025,SPRF-SC,DEL01-SC,UOP02-DEL01-SC,2023
"558691,0",2023-11-02,quinta-feira,09:30:00,SC,101,"88,2",BARRA VELHA,Condutor deixou de manter distância do veículo da frente,Engavetamento,Com Vítimas Feridas,Pleno dia,Crescente,Chuva,Dupla,Declive,Não,8,0,2,0,6,0,2,3,-26.64253985,-48.68950684,SPRF-SC,DEL03-SC,UOP02-DEL03-SC,2023
"558702,0",2023-11-02,quinta-feira,12:00:00,SC,101,"277,0",IMBITUBA,Acessar a via sem observar a presença dos outros veículos,Colisão lateral mesmo sentido,Com Vítimas Feridas,Pleno dia,Decrescente,Garoa/Chuvisco,Múltipla,Reta,Sim,3,0,1,0,1,1,1,3,-28.17011138,-48.69411528,SPRF-SC,DEL02-SC,UOP03-DEL02-SC,2023
"558706,0",2023-11-02,quinta-feira,12:20:00,SC,101,"4,0",GARUVA,Manobra de mudança de faixa,Colisão traseira,Com Vítimas Feridas,Pleno dia,Decrescente,Chuva,Dupla,Reta,Não,6,0,3,1,1,2,4,5,-26.00908719,-48.86448735,SPRF-SC,DEL03-SC,UOP01-DEL03-SC,2023
"558710,0",2023-11-02,quinta-feira,13:20:00,SC,101,"239,0",PALHOCA,Reação tardia ou ineficiente do condutor,Colisão traseira,Com Vítimas Feridas,Pleno dia,Decrescente,Chuva,Dupla,Reta,Não,3,0,1,0,2,0,1,2,-27.85046883,-48.63955216,SPRF-SC,DEL01-SC,UOP02-DEL01-SC,2023
"558801,0",2023-11-03,sexta-feira,06:50:00,SC,101,"217,0",PALHOCA,Acumulo de água sobre o pavimento,Colisão lateral mesmo sentido,Com Vítimas Feridas,Pleno dia,Decrescente,Garoa/Chuvisco,Dupla,Reta,Sim,2,0,1,0,1,0,1,2,-27.66779034,-48.67393586,SPRF-SC,DEL01-SC,UOP02-DEL01-SC,2023
"558819,0",2023-11-03,sexta-feira,08:05:00,SC,470,"3,4",NAVEGANTES,Ausência de reação do condutor,Colisão traseira,Com Vítimas Feridas,Pleno dia,Decrescente,Chuva,Dupla,Reta,Não,2,0,1,0,1,0,1,2,-26.861937,-48.681618,SPRF-SC,DEL04-SC,UOP04-DEL04-SC,2023
"558822,0",2023-11-03,sexta-feira,06:00:00,SC,116,"194,3",PONTE ALTA,Demais falhas mecânicas ou elétricas,Incêndio,Sem Vítimas,Amanhecer,Decrescente,Chuva,Simples,Curva,Não,1,0,0,0,1,0,0,1,-27.380015,-50.43000816,SPRF-SC,DEL05-SC,UOP03-DEL05-SC,2023
"558874,0",2023-11-03,sexta-feira,13:30:00,SC,101,"184,0",BIGUACU,Reação tardia ou ineficiente do condutor,Colisão com objeto,Com Vítimas Feridas,Pleno dia,Crescente,Chuva,Dupla,Reta,Não,4,0,1,0,2,1,1,3,-27.41613807,-48.6266443,SPRF-SC,DEL01-SC,UOP01-DEL01-SC,2023
"558898,0",2023-11-03,sexta-feira,15:20:00,SC,282,"70,1",RANCHO QUEIMADO,Pista Escorregadia,Colisão frontal,Com Vítimas Fatais,Pleno dia,Crescente,Chuva,Simples,Curva;Aclive,Não,6,1,0,1,3,1,1,5,-27.6915189,-49.0909447,SPRF-SC,DEL01-SC,UOP03-DEL01-SC,2023
"558955,0",2023-11-03,sexta-feira,20:40:00,SC,282,"485,1",FAXINAL DOS GUEDES,Transitar na contramão,Colisão frontal,Com Vítimas Feridas,Plena Noite,Crescente,Céu Claro,Simples,Reta,Não,3,0,0,1,1,1,1,3,-26.857132,-52.245258,SPRF-SC,DEL07-SC,UOP01-DEL07-SC,2023
"558972,0",2023-11-03,sexta-feira,07:15:00,SC,153,"47,0",VARGEM BONITA,Chuva,Saída de leito carroçável,Sem Vítimas,Pleno dia,Crescente,Chuva,Simples,Aclive;Curva,Não,1,0,0,0,1,0,0,1,-26.896812,-51.76989,SPRF-SC,DEL07-SC,UOP07-DEL07-SC,2023
"558998,0",2023-11-03,sexta-feira,11:25:00,SC,163,"103,0",SAO JOSE DO CEDRO,Ausência de reação do condutor,Saída de leito carroçável,Sem Vítimas,Pleno dia,Decrescente,Céu Claro,Simples,Declive,Sim,1,0,0,0,1,0,0,1,-26.46209088,-53.5077059,SPRF-SC,DEL07-SC,UOP03-DEL07-SC,2023
"559095,0",2023-11-04,sábado,14:15:00,SC,158,"113,9",CUNHA PORA,Acesso irregular,Colisão traseira,Com Vítimas Feridas,Pleno dia,Decrescente,Céu Claro,Simples,Reta,Não,3,0,1,0,1,1,1,3,-26.91879827,-53.1952107,SPRF-SC,DEL07-SC,UOP02-DEL07-SC,2023
"559113,0",2023-11-04,sábado,16:40:00,SC,101,"36,0",JOINVILLE,Manobra de mudança de faixa,Colisão lateral mesmo sentido,Sem Vítimas,Pleno dia,Decrescente,Céu Claro,Múltipla,Declive,Não,2,0,0,0,2,0,0,2,-26.24573198,-48.9101069,SPRF-SC,DEL03-SC,UOP01-DEL03-SC,2023
"559139,0",2023-11-04,sábado,16:45:00,SC,282,"488,1",FAXINAL DOS GUEDES,Velocidade Incompatível,Colisão traseira,Com Vítimas Feridas,Pleno dia,Decrescente,Céu Claro,Simples,Rotatória,Sim,6,0,1,0,4,2,1,5,-26.863047,-52.270107,SPRF-SC,DEL07-SC,UOP01-DEL07-SC,2023
"559194,0",2023-11-05,domingo,01:30:00,SC,282,"628,6",IRACEMINHA,Neblina,Colisão traseira,Com Vítimas Feridas,Plena Noite,Decrescente,Nevoeiro/Neblina,Simples,Aclive,Não,2,0,1,0,0,1,1,2,-26.818754,-53.365486,SPRF-SC,DEL07-SC,UOP02-DEL07-SC,2023
"559200,0",2023-11-04,sábado,18:20:00,SC,470,"281,3",BRUNOPOLIS,Demais falhas mecânicas ou elétricas,Tombamento,Sem Vítimas,Anoitecer,Decrescente,Céu Claro,Simples,Curva;Declive,Não,2,0,0,0,1,1,0,2,-27.33639499,-50.87665558,SPRF-SC,DEL07-SC,UOP06-DEL07-SC,2023
"559219,0",2023-11-01,quarta-feira,22:25:00,SC,470,"68,0",INDAIAL,Acessar a via sem observar a presença dos outros veículos,Colisão transversal,Com Vítimas Feridas,Plena Noite,Crescente,Nublado,Dupla,Reta,Sim,4,0,1,0,2,2,1,5,-26.877615,-49.239231,SPRF-SC,DEL04-SC,UOP01-DEL04-SC,2023
"559408,0",2023-11-05,domingo,22:15:00,SC,282,"586,8",PINHALZINHO,Velocidade Incompatível,Tombamento,Com Vítimas Feridas,Plena Noite,Decrescente,Céu Claro,Simples,Curva;Aclive,Não,2,0,1,0,0,1,1,2,-26.83062904,-53.04472804,SPRF-SC,DEL07-SC,UOP02-DEL07-SC,2023
"559571,0",2023-11-06,segunda-feira,17:30:00,SC,101,"162,8",TIJUCAS,Pedestre andava na pista,Atropelamento de Pedestre,Com Vítimas Fatais,Pleno dia,Decrescente,Céu Claro,Dupla,Reta;Viaduto,Não,2,1,0,0,1,0,0,2,-27.2304227,-48.6292475,SPRF-SC,DEL04-SC,UOP03-DEL04-SC,2023
"559626,0",2023-11-06,segunda-feira,18:20:00,SC,282,"356,0",CAMPOS NOVOS,Problema com o freio,Incêndio,Sem Vítimas,Anoitecer,Crescente,Céu Claro,Simples,Curva;Aclive,Não,2,0,0,0,1,1,0,2,-27.342428,-51.340664,SPRF-SC,DEL07-SC,UOP05-DEL07-SC,2023
"559656,0",2023-09-28,quinta-feira,10:00:00,SC,158,"140,0",PALMITOS,Velocidade Incompatível,Colisão lateral sentido oposto,Com Vítimas Feridas,Pleno dia,Decrescente,Céu Claro,Simples,Reta;Declive,Não,4,0,2,0,1,3,2,5,-27.12575601,-53.21242903,SPRF-SC,DEL07-SC,UOP02-DEL07-SC,2023
"559672,0",2023-11-07,terça-feira,08:00:00,SC,101,"114,3",ITAJAI,Trafegar com motocicleta (ou similar) entre as faixas,Colisão lateral mesmo sentido,Com Vítimas Feridas,Pleno dia,Decrescente,Nublado,Dupla,Reta,Não,3,0,0,1,2,0,1,3,-26.86192886,-48.7286704,SPRF-SC,DEL04-SC,UOP04-DEL04-SC,2023
"559716,0",2023-11-07,terça-feira,14:20:00,SC,101,"140,0",BALNEARIO CAMBORIU,Reação tardia ou ineficiente do condutor,Colisão traseira,Sem Vítimas,Pleno dia,Crescente,Céu Claro,Simples,Reta,Não,3,0,0,0,2,2,0,4,-27.03881189,-48.60025148,SPRF-SC,DEL04-SC,UOP03-DEL04-SC,2023
"559728,0",2023-11-07,terça-feira,15:00:00,SC,280,"48,3",GUARAMIRIM,Retorno proibido,Colisão transversal,Com Vítimas Feridas,Pleno dia,Crescente,Céu Claro,Simples,Aclive;Em Obras,Não,3,0,1,0,2,0,1,2,-26.45506795,-48.92766502,SPRF-SC,DEL03-SC,UOP03-DEL03-SC,2023
"559741,0",2023-08-07,segunda-feira,21:30:00,SC,101,"220,2",PALHOCA,Entrada inopinada do pedestre,Colisão com objeto,Com Vítimas Fatais,Plena Noite,Decrescente,Céu Claro,Dupla,Reta,Não,6,1,1,1,2,1,2,3,-27.695643,-48.662063,SPRF-SC,DEL01-SC,UOP02-DEL01-SC,2023
"559768,0",2023-11-07,terça-feira,18:00:00,SC,116,"253,9",LAGES,Ausência de reação do condutor,Colisão traseira,Com Vítimas Feridas,Pleno dia,Decrescente,Céu Claro,Simples,Reta,Não,2,0,1,0,0,1,1,2,-27.86645244,-50.3949523,SPRF-SC,DEL05-SC,UOP02-DEL05-SC,2023
"559769,0",2023-11-07,terça-feira,18:30:00,SC,101,"119,8",ITAJAI,Ausência de reação do condutor,Colisão lateral mesmo sentido,Com Vítimas Feridas,Pleno dia,Decrescente,Nublado,Dupla,Reta,Sim,2,0,0,1,0,1,1,2,-26.9043179,-48.71555481,SPRF-SC,DEL04-SC,UOP04-DEL04-SC,2023
"559791,0",2023-11-07,terça-feira,18:30:00,SC,101,"282,8",IMBITUBA,Manobra de mudança de faixa,Colisão lateral mesmo sentido,Com Vítimas Fatais,Anoitecer,Crescente,Céu Claro,Dupla,Reta,Não,3,1,0,0,1,1,0,3,-28.21930724,-48.70036483,SPRF-SC,DEL02-SC,UOP03-DEL02-SC,2023
"559814,0",2023-11-07,terça-feira,21:00:00,SC,282,"642,5",SAO MIGUEL DO OESTE,Ausência de reação do condutor,Colisão frontal,Com Vítimas Feridas,Plena Noite,Decrescente,Céu Claro,Simples,Curva,Não,5,0,3,1,1,0,4,2,-26.772327,-53.461613,SPRF-SC,DEL07-SC,UOP03-DEL07-SC,2023
"559815,0",2023-11-07,terça-feira,20:00:00,SC,470,"193,1",POUSO REDONDO,Ultrapassagem Indevida,Colisão lateral mesmo sentido,Com Vítimas Feridas,Plena Noite,Decrescente,Céu Claro,Simples,Reta;Declive,Não,3,0,0,1,1,2,1,4,-27.30284184,-50.07831216,SPRF-SC,DEL04-SC,UOP02-DEL04-SC,2023
"559863,0",2023-11-08,quarta-feira,08:40:00,SC,101,"377,3",ICARA,Ultrapassagem Indevida,Colisão lateral mesmo sentido,Com Vítimas Feridas,Pleno dia,Decrescente,Céu Claro,Simples,Reta,Sim,4,0,1,1,1,1,2,3,-28.7345708,-49.24624124,SPRF-SC,DEL02-SC,UOP01-DEL02-SC,2023
"559903,0",2023-11-08,quarta-feira,13:00:00,SC,470,"70,3",INDAIAL,Acessar a via sem observar a presença dos outros veículos,Colisão transversal,Com Vítimas Feridas,Pleno dia,Crescente,Céu Claro,Simples,Reta;Em Obras,Sim,2,0,1,0,1,0,1,2,-26.89132676,-49.25725097,SPRF-SC,DEL04-SC,UOP01-DEL04-SC,2023
"559943,0",2023-11-08,quarta-feira,12:20:00,SC,101,"360,9",SANGAO,Velocidade Incompatível,Capotamento,Com Vítimas Fatais,Pleno dia,Decrescente,Céu Claro,Múltipla,Curva;Aclive,Não,1,1,0,0,0,0,0,1,-28.67206398,-49.1221261,SPRF-SC,DEL02-SC,UOP01-DEL02-SC,2023
"559946,0",2023-11-08,quarta-feira,13:59:00,SC,480,"131,0",CHAPECO,Condutor deixou de manter distância do veículo da frente,Colisão lateral mesmo sentido,Sem Vítimas,Pleno dia,Crescente,Céu Claro,Múltipla,Curva;Desvio Temporário;Em Obras,Sim,3,0,0,0,3,0,0,2,-27.06314223,-52.63234636,SPRF-SC,DEL07-SC,UOP01-DEL07-SC,2023
"559948,0",2023-11-08,quarta-feira,16:00:00,SC,101,"279,2",IMBITUBA,Demais falhas mecânicas ou elétricas,Tombamento,Sem Vítimas,Pleno dia,Crescente,Céu Claro,Dupla,Reta,Sim,4,0,0,0,3,1,0,3,-28.17131302,-48.69463482,SPRF-SC,DEL02-SC,UOP03-DEL02-SC,2023
"559963,0",2023-11-08,quarta-feira,16:45:00,SC,101,"122,6",ITAJAI,Transitar na contramão,Colisão lateral sentido oposto,Com Vítimas Feridas,Pleno dia,Crescente,Céu Claro,Dupla,Interseção de Vias,Não,2,0,1,0,1,0,1,2,-26.92955916,-48.70499836,SPRF-SC,DEL04-SC,UOP04-DEL04-SC,2023
"560023,0",2023-11-09,quinta-feira,00:30:00,SC,116,"117,7",SANTA CECILIA,Velocidade Incompatível,Tombamento,Com Vítimas Feridas,Plena Noite,Decrescente,Céu Claro,Simples,Curva;Aclive,Não,1,0,0,1,0,0,1,1,-26.81731599,-50.35097407,SPRF-SC,DEL06-SC,UOP02-DEL06-SC,2023