id,data_inversa,dia_semana,horario,uf,br,km,municipio,causa_acidente,tipo_acidente,classificacao_acidente,fase_dia,sentido_via,condicao_metereologica,tipo_pista,tracado_via,uso_solo,pessoas,mortos,feridos_leves,feridos_graves,ilesos,ignorados,feridos,veiculos,latitude,longitude,regional,delegacia,uop,ano_arquivo
"560025,0",2023-11-09,quinta-feira,02:35:00,SC,101,"271,0",PAULO LOPES,Acessar a via sem observar a presença dos outros veículos,Colisão lateral mesmo sentido,Com Vítimas Feridas,Plena Noite,Decrescente,Céu Claro,Dupla,Reta;Ponte,Sim,5,0,2,0,2,1,2,4,-28.116142,-48.699804,SPRF-SC,DEL02-SC,UOP03-DEL02-SC,2023
"560054,0",2023-11-09,quinta-feira,05:30:00,SC,470,"194,0",POUSO REDONDO,Ingestão de álcool pelo condutor,Colisão lateral sentido oposto,Com Vítimas Feridas,Amanhecer,Crescente,Nublado,Simples,Curva,Não,4,0,2,0,1,2,2,4,-27.300501,-50.080284,SPRF-SC,DEL04-SC,UOP02-DEL04-SC,2023
"560075,0",2023-11-09,quinta-feira,10:00:00,SC,282,"500,0",XANXERE,Condutor usando celular,Saída de leito carroçável,Com Vítimas Feridas,Pleno dia,Crescente,Chuva,Dupla,Declive,Não,1,0,1,0,0,0,1,1,-26.880969,-52.368515,SPRF-SC,DEL07-SC,UOP01-DEL07-SC,2023
"560137,0",2023-11-09,quinta-feira,17:25:00,SC,101,"156,0",PORTO BELO,Acessar a via sem observar a presença dos outros veículos,Colisão transversal,Com Vítimas Feridas,Pleno dia,Decrescente,Céu Claro,Múltipla,Reta,Não,2,0,0,1,1,0,1,2,-27.172272,-48.61170204,SPRF-SC,DEL04-SC,UOP03-DEL04-SC,2023
"560145,0",2023-11-09,quinta-feira,17:30:00,SC,101,"335,7",TUBARAO,Condutor deixou de manter distância do veículo da frente,Colisão traseira,Com Vítimas Feridas,Pleno dia,Decrescente,Chuva,Múltipla,Curva,Sim,3,0,0,1,1,1,1,3,-28.47849958,-49.03198242,SPRF-SC,DEL02-SC,UOP01-DEL02-SC,2023
"560153,0",2023-11-09,quinta-feira,15:40:00,SC,116,"210,2",PONTE ALTA,Reação tardia ou ineficiente do condutor,Saída de leito carroçável,Com Vítimas Feridas,Pleno dia,Decrescente,Nublado,Simples,Reta;Aclive,Não,3,0,2,0,0,2,2,3,-27.50285695,-50.36575969,SPRF-SC,DEL05-SC,UOP03-DEL05-SC,2023
"560156,0",2023-08-09,quarta-feira,08:20:00,SC,470,"148,0",RIO DO SUL,Acessar a via sem observar a presença dos outros veículos,Colisão transversal,Com Vítimas Feridas,Pleno dia,Crescente,Chuva,Simples,Reta,Sim,2,0,1,0,1,0,1,2,-27.246288,-49.694355,SPRF-SC,DEL04-SC,UOP02-DEL04-SC,2023
"560178,0",2023-11-09,quinta-feira,18:13:00,SC,101,"106,6",PENHA,Suicídio (presumido),Atropelamento de Pedestre,Com Vítimas Fatais,Pleno dia,Crescente,Nublado,Dupla,Reta,Não,4,1,0,0,1,2,0,3,-26.815207,-48.683376,SPRF-SC,DEL03-SC,UOP02-DEL03-SC,2023
"560218,0",2023-11-10,sexta-feira,04:25:00,SC,101,"421,4",ARARANGUA,Ingestão de álcool pelo condutor,Colisão lateral sentido oposto,Com Vítimas Feridas,Plena Noite,Crescente,Céu Claro,Dupla,Viaduto;Reta;Aclive,Sim,2,0,1,0,0,1,1,2,-29.00048611,-49.5576719,SPRF-SC,DEL02-SC,UOP02-DEL02-SC,2023
"560255,0",2023-10-01,domingo,10:45:00,SC,101,"6,2",GARUVA,Demais falhas mecânicas ou elétricas,Incêndio,Sem Vítimas,Pleno dia,Crescente,Nublado,Dupla,Reta,Não,2,0,0,0,1,1,0,2,-26.02692002,-48.86142017,SPRF-SC,DEL03-SC,UOP01-DEL03-SC,2023
"560310,0",2023-11-10,sexta-feira,13:58:00,SC,101,"202,0",SAO JOSE,Manobra de mudança de faixa,Colisão transversal,Com Vítimas Feridas,Pleno dia,Decrescente,Céu Claro,Múltipla,Reta,Sim,3,0,1,0,1,1,1,2,-27.55711595,-48.61897889,SPRF-SC,DEL01-SC,UOP01-DEL01-SC,2023
"560320,0",2023-11-10,sexta-feira,14:00:00,SC,101,"373,0",ICARA,Demais falhas mecânicas ou elétricas,Incêndio,Sem Vítimas,Pleno dia,Crescente,Céu Claro,Dupla,Reta;Aclive,Não,2,0,0,0,1,2,0,3,-28.7132671,-49.21763596,SPRF-SC,DEL02-SC,UOP01-DEL02-SC,2023
"560326,0",2023-11-02,quinta-feira,16:35:00,SC,280,"57,1",GUARAMIRIM,Problema com o freio,Colisão frontal,Com Vítimas Feridas,Pleno dia,Crescente,Céu Claro,Simples,Reta,Não,9,0,4,3,2,0,7,4,-26.47811421,-49.01259213,SPRF-SC,DEL03-SC,UOP03-DEL03-SC,2023
"560378,0",2023-11-10,sexta-feira,17:50:00,SC,101,"25,8",JOINVILLE,Condutor deixou de manter distância do veículo da frente,Colisão traseira,Com Vítimas Feridas,Anoitecer,Crescente,Chuva,Dupla,Ponte,Não,3,0,2,0,0,1,2,3,-26.1834739,-48.9105912,SPRF-SC,DEL03-SC,UOP01-DEL03-SC,2023
"560404,0",2023-11-10,sexta-feira,19:18:00,SC,470,"173,0",POUSO REDONDO,Conversão proibida,Colisão transversal,Com Vítimas Feridas,Plena Noite,Crescente,Céu Claro,Simples,Reta,Sim,2,0,1,0,1,0,1,2,-27.25984,-49.919285,SPRF-SC,DEL04-SC,UOP02-DEL04-SC,2023
"560483,0",2023-11-11,sábado,04:20:00,SC,116,"188,1",SAO CRISTOVAO DO SUL,Transitar na contramão,Colisão frontal,Com Vítimas Fatais,Amanhecer,Crescente,Nublado,Simples,Reta;Declive,Não,4,1,0,1,1,1,1,3,-27.32965789,-50.42513021,SPRF-SC,DEL05-SC,UOP03-DEL05-SC,2023
"560490,0",2023-11-11,sábado,06:40:00,SC,163,"93,2",GUARACIABA,Reação tardia ou ineficiente do condutor,Colisão traseira,Com Vítimas Feridas,Pleno dia,Crescente,Céu Claro,Simples,Reta;Aclive,Não,6,0,2,0,3,1,2,4,-26.54289607,-53.52035746,SPRF-SC,DEL07-SC,UOP03-DEL07-SC,2023
"560532,0",2023-11-11,sábado,08:20:00,SC,282,"210,6",LAGES,Demais falhas mecânicas ou elétricas,Incêndio,Sem Vítimas,Pleno dia,Crescente,Céu Claro,Simples,Reta;Declive,Não,1,0,0,0,1,0,0,1,-27.778582,-50.231815,SPRF-SC,DEL05-SC,UOP01-DEL05-SC,2023
"560539,0",2023-11-11,sábado,10:20:00,SC,101,"184,6",BIGUACU,Manobra de mudança de faixa,Colisão lateral mesmo sentido,Com Vítimas Feridas,Pleno dia,Decrescente,Nublado,Dupla,Reta,Sim,4,0,2,0,1,1,2,3,-27.41613807,-48.6266443,SPRF-SC,DEL01-SC,UOP01-DEL01-SC,2023
"560869,0",2023-11-12,domingo,14:20:00,SC,470,"122,9",IBIRAMA,Condutor Dormindo,Colisão lateral sentido oposto,Com Vítimas Feridas,Pleno dia,Crescente,Céu Claro,Simples,Curva,Não,4,0,3,0,0,2,3,4,-27.10785,-49.524,SPRF-SC,DEL04-SC,UOP02-DEL04-SC,2023
"560976,0",2023-11-13,segunda-feira,03:00:00,SC,282,"212,0",LAGES,Ausência de reação do condutor,Saída de leito carroçável,Com Vítimas Feridas,Plena Noite,Decrescente,Nublado,Simples,Reta;Aclive;Interseção de Vias,Não,1,0,1,0,0,0,1,1,-27.78456846,-50.25929689,SPRF-SC,DEL05-SC,UOP01-DEL05-SC,2023
"560984,0",2023-11-13,segunda-feira,06:00:00,SC,101,"132,9",BALNEARIO CAMBORIU,Demais falhas mecânicas ou elétricas,Incêndio,Sem Vítimas,Pleno dia,Crescente,Nublado,Múltipla,Aclive,Sim,1,0,0,0,1,0,0,1,-26.99936,-48.64609,SPRF-SC,DEL04-SC,UOP03-DEL04-SC,2023
"561019,0",2023-11-13,segunda-feira,08:30:00,SC,470,"57,4",BLUMENAU,Manobra de mudança de faixa,Tombamento,Com Vítimas Feridas,Pleno dia,Crescente,Nublado,Simples,Reta;Em Obras,Não,4,0,2,0,2,0,2,2,-26.88216269,-49.13993382,SPRF-SC,DEL04-SC,UOP01-DEL04-SC,2023
"561035,0",2023-11-13,segunda-feira,09:28:00,SC,282,"606,5",MARAVILHA,Acessar a via sem observar a presença dos outros veículos,Colisão transversal,Com Vítimas Feridas,Pleno dia,Crescente,Garoa/Chuvisco,Simples,Interseção de Vias,Sim,2,0,1,0,1,0,1,2,-26.786951,-53.195248,SPRF-SC,DEL07-SC,UOP02-DEL07-SC,2023
"561077,0",2023-02-18,sábado,07:35:00,SC,101,"217,8",PALHOCA,Acessar a via sem observar a presença dos outros veículos,Colisão transversal,Com Vítimas Feridas,Pleno dia,Decrescente,Céu Claro,Dupla,Reta;Interseção de Vias,Sim,4,0,1,0,1,3,1,5,-27.67078411,-48.67246449,SPRF-SC,DEL01-SC,UOP02-DEL01-SC,2023
"561137,0",2023-11-13,segunda-feira,18:24:00,SC,282,"451,3",PONTE SERRADA,Ausência de reação do condutor,Saída de leito carroçável,Com Vítimas Feridas,Anoitecer,Crescente,Céu Claro,Simples,Curva;Declive,Não,2,0,1,0,0,1,1,2,-26.920741,-51.949646,SPRF-SC,DEL07-SC,UOP04-DEL07-SC,2023
"561159,0",2023-11-13,segunda-feira,19:50:00,SC,470,"59,9",BLUMENAU,Ausência de reação do condutor,Engavetamento,Com Vítimas Fatais,Plena Noite,Decrescente,Nublado,Simples,Reta;Em Obras,Sim,8,1,3,0,3,1,3,6,-26.8813592,-49.1644756,SPRF-SC,DEL04-SC,UOP01-DEL04-SC,2023
"561198,0",2023-11-14,terça-feira,07:20:00,SC,470,"52,7",BLUMENAU,Condutor deixou de manter distância do veículo da frente,Colisão traseira,Com Vítimas Feridas,Pleno dia,Crescente,Chuva,Simples,Interseção de Vias;Rotatória,Não,3,0,1,0,2,0,1,3,-26.86548597,-49.09995185,SPRF-SC,DEL04-SC,UOP01-DEL04-SC,2023
"561218,0",2023-11-14,terça-feira,06:40:00,SC,470,"157,7",TROMBUDO CENTRAL,Demais falhas mecânicas ou elétricas,Colisão lateral sentido oposto,Com Vítimas Feridas,Pleno dia,Crescente,Chuva,Simples,Curva;Declive,Não,7,0,0,2,4,2,2,7,-27.285425,-49.76881,SPRF-SC,DEL04-SC,UOP02-DEL04-SC,2023
"561346,0",2023-11-14,terça-feira,16:45:00,SC,470,"62,3",INDAIAL,Acessar a via sem observar a presença dos outros veículos,Colisão transversal,Com Vítimas Feridas,Pleno dia,Crescente,Garoa/Chuvisco,Simples,Interseção de Vias;Reta,Sim,4,0,2,0,2,0,2,3,-26.87443993,-49.18572664,SPRF-SC,DEL04-SC,UOP01-DEL04-SC,2023
"561393,0",2023-11-14,terça-feira,22:15:00,SC,282,"341,5",CAMPOS NOVOS,Pedestre cruzava a pista fora da faixa,Atropelamento de Pedestre,Com Vítimas Feridas,Plena Noite,Crescente,Chuva,Simples,Aclive;Reta,Sim,4,0,0,1,1,2,1,3,-27.389957,-51.213387,SPRF-SC,DEL07-SC,UOP06-DEL07-SC,2023
"561402,0",2023-11-15,quarta-feira,01:10:00,SC,101,"8,3",GARUVA,Demais falhas mecânicas ou elétricas,Incêndio,Com Vítimas Feridas,Plena Noite,Crescente,Nublado,Dupla,Reta,Não,2,0,1,0,0,2,1,3,-26.044942,-48.859703,SPRF-SC,DEL03-SC,UOP01-DEL03-SC,2023
"561586,0",2023-11-16,quinta-feira,06:00:00,SC,470,"79,5",RODEIO,Condutor Dormindo,Saída de leito carroçável,Com Vítimas Feridas,Amanhecer,Crescente,Céu Claro,Simples,Reta,Não,2,0,0,1,1,0,1,1,-26.951565,-49.306534,SPRF-SC,DEL04-SC,UOP01-DEL04-SC,2023
"561616,0",2023-10-11,quarta-feira,13:55:00,SC,101,"18,4",JOINVILLE,Condutor deixou de manter distância do veículo da frente,Engavetamento,Com Vítimas Feridas,Pleno dia,Crescente,Céu Claro,Dupla,Reta;Declive,Não,5,0,2,0,2,1,2,4,-26.128553,-48.888776,SPRF-SC,DEL03-SC,UOP01-DEL03-SC,2023
"561619,0",2023-10-16,segunda-feira,05:20:00,SC,101,"49,5",JOINVILLE,Manobra de mudança de faixa,Colisão lateral mesmo sentido,Com Vítimas Feridas,Amanhecer,Crescente,Nublado,Dupla,Reta,Sim,2,0,1,0,1,0,1,2,-26.36479799,-48.85878798,SPRF-SC,DEL03-SC,UOP01-DEL03-SC,2023
"561679,0",2023-11-16,quinta-feira,16:00:00,SC,101,"142,0",BALNEARIO CAMBORIU,Transitar no Acostamento,Colisão traseira,Sem Vítimas,Pleno dia,Decrescente,Garoa/Chuvisco,Dupla,Curva,Não,2,0,0,0,2,0,0,2,-27.04761729,-48.59995855,SPRF-SC,DEL04-SC,UOP03-DEL04-SC,2023
"561795,0",2023-11-17,sexta-feira,09:15:00,SC,280,"28,0",ARAQUARI,Reação tardia ou ineficiente do condutor,Colisão traseira,Com Vítimas Feridas,Pleno dia,Crescente,Garoa/Chuvisco,Simples,Em Obras;Reta,Sim,4,0,1,0,2,1,1,4,-26.40450077,-48.74561031,SPRF-SC,DEL03-SC,UOP03-DEL03-SC,2023
"561822,0",2023-11-17,sexta-feira,10:40:00,SC,101,"135,7",BALNEARIO CAMBORIU,Reação tardia ou ineficiente do condutor,Colisão traseira,Com Vítimas Feridas,Pleno dia,Decrescente,Nublado,Múltipla,Reta;Ponte,Sim,3,0,2,0,1,0,2,2,-27.0050108,-48.62677494,SPRF-SC,DEL04-SC,UOP03-DEL04-SC,2023
"561824,0",2023-11-17,sexta-feira,08:25:00,SC,163,"117,3",DIONISIO CERQUEIRA,Ausência de reação do condutor,Saída de leito carroçável,Com Vítimas Feridas,Pleno dia,Crescente,Chuva,Simples,Curva;Declive,Não,2,0,1,0,0,1,1,2,-26.35440989,-53.54347981,SPRF-SC,DEL07-SC,UOP03-DEL07-SC,2023
"561825,0",2023-11-17,sexta-feira,11:32:00,SC,101,"104,0",BALNEARIO PICARRAS,Conversão proibida,Colisão lateral mesmo sentido,Com Vítimas Feridas,Pleno dia,Decrescente,Nublado,Dupla,Interseção de Vias,Não,2,0,0,1,1,0,1,2,-26.79281742,-48.68080819,SPRF-SC,DEL03-SC,UOP02-DEL03-SC,2023
"561831,0",2023-11-17,sexta-feira,11:05:00,SC,116,"217,5",CORREIA PINTO,Acessar a via sem observar a presença dos outros veículos,Colisão transversal,Com Vítimas Feridas,Pleno dia,Decrescente,Chuva,Simples,Reta,Não,3,0,0,1,1,1,1,3,-27.56476218,-50.374825,SPRF-SC,DEL05-SC,UOP03-DEL05-SC,2023
"561855,0",2023-11-17,sexta-feira,13:10:00,SC,282,"73,5",RANCHO QUEIMADO,Ultrapassagem Indevida,Colisão frontal,Com Vítimas Feridas,Pleno dia,Crescente,Nevoeiro/Neblina,Simples,Reta,Não,6,0,1,3,0,2,4,4,-27.681437,-49.113388,SPRF-SC,DEL01-SC,UOP03-DEL01-SC,2023
"561908,0",2023-11-11,sábado,16:00:00,SC,101,"339,8",TUBARAO,Pista Escorregadia,Colisão lateral mesmo sentido,Com Vítimas Feridas,Pleno dia,Crescente,Chuva,Dupla,Reta;Declive,Sim,3,0,1,0,1,1,1,3,-28.497241,-49.044613,SPRF-SC,DEL02-SC,UOP01-DEL02-SC,2023
"561914,0",2023-11-17,sexta-feira,20:20:00,SC,101,"183,0",BIGUACU,Ausência de reação do condutor,Colisão com objeto,Com Vítimas Feridas,Plena Noite,Crescente,Garoa/Chuvisco,Dupla,Reta,Não,3,0,1,0,0,2,1,3,-27.40688892,-48.6285296,SPRF-SC,DEL01-SC,UOP01-DEL01-SC,2023
"562100,0",2023-11-18,sábado,16:40:00,SC,116,"210,8",PONTE ALTA,Ausência de reação do condutor,Colisão traseira,Com Vítimas Feridas,Pleno dia,Crescente,Nublado,Simples,Curva,Não,2,0,1,0,0,1,1,2,-27.50285695,-50.36575969,SPRF-SC,DEL05-SC,UOP03-DEL05-SC,2023
"562241,0",2023-11-19,domingo,09:55:00,SC,282,"123,5",CHAPECO,Ausência de reação do condutor,Colisão com objeto,Com Vítimas Feridas,Pleno dia,Crescente,Céu Claro,Múltipla,Curva;Declive;Viaduto,Não,2,0,1,0,0,1,1,2,-26.99971972,-52.64629126,SPRF-SC,DEL05-SC,UOP01-DEL05-SC,2023
"562289,0",2023-11-19,domingo,12:45:00,SC,470,"193,9",POUSO REDONDO,Reação tardia ou ineficiente do condutor,Tombamento,Com Vítimas Feridas,Pleno dia,Decrescente,Céu Claro,Simples,Declive;Curva,Não,2,0,1,0,0,1,1,2,-27.300575,-50.075451,SPRF-SC,DEL04-SC,UOP02-DEL04-SC,2023
"562355,0",2023-11-19,domingo,20:10:00,SC,101,"381,9",ICARA,Acessar a via sem observar a presença dos outros veículos,Colisão transversal,Sem Vítimas,Plena Noite,Decrescente,Céu Claro,Múltipla,Reta;Interseção de Vias,Não,3,0,0,0,2,1,0,3,-28.76841148,-49.30158734,SPRF-SC,DEL02-SC,UOP02-DEL02-SC,2023
"562373,0",2023-11-19,domingo,21:45:00,SC,282,"17,0",PALHOCA,Ingestão de álcool pelo condutor,Colisão com objeto,Sem Vítimas,Plena Noite,Decrescente,Céu Claro,Simples,Reta,Não,2,0,0,0,2,0,0,2,-27.665707,-48.688065,SPRF-SC,DEL01-SC,UOP02-DEL01-SC,2023
"562450,0",2023-11-20,segunda-feira,06:00:00,SC,101,"227,6",PALHOCA,Pedestre andava na pista,Atropelamento de Pedestre,Com Vítimas Fatais,Amanhecer,Decrescente,Céu Claro,Múltipla,Reta;Viaduto;Aclive,Não,5,1,0,0,1,4,0,4,-27.756367,-48.6320514,SPRF-SC,DEL01-SC,UOP02-DEL01-SC,2023
"562503,0",2023-11-20,segunda-feira,11:15:00,SC,470,"139,9",RIO DO SUL,Acesso irregular,Colisão transversal,Com Vítimas Feridas,Pleno dia,Decrescente,Céu Claro,Simples,Rotatória,Sim,2,0,1,0,1,0,1,2,-27.202336,-49.633675,SPRF-SC,DEL04-SC,UOP02-DEL04-SC,2023
"562515,0",2023-11-20,segunda-feira,14:30:00,SC,101,"215,6",PALHOCA,Reação tardia ou ineficiente do condutor,Colisão lateral mesmo sentido,Sem Vítimas,Pleno dia,Decrescente,Céu Claro,Dupla,Reta,Não,2,0,0,0,2,0,0,2,-27.65184843,-48.67604941,SPRF-SC,DEL01-SC,UOP02-DEL01-SC,2023
"562564,0",2023-09-01,sexta-feira,19:30:00,SC,116,"43,7",ITAIOPOLIS,Ultrapassagem Indevida,Colisão lateral sentido oposto,Com Vítimas Feridas,Plena Noite,Crescente,Céu Claro,Simples,Curva,Não,3,0,1,0,1,1,1,3,-26.33676966,-50.08224597,SPRF-SC,DEL06-SC,UOP01-DEL06-SC,2023
"562642,0",2023-11-21,terça-feira,01:00:00,SC,116,"101,0",MONTE CASTELO,Ausência de reação do condutor,Saída de leito carroçável,Com Vítimas Feridas,Plena Noite,Decrescente,Nublado,Simples,Reta;Declive,Não,1,0,1,0,0,0,1,1,-26.7436798,-50.32819748,SPRF-SC,DEL06-SC,UOP02-DEL06-SC,2023
"562723,0",2023-11-05,domingo,06:50:00,SC,282,"618,0",IRACEMINHA,Desrespeitar a preferência no cruzamento,Colisão frontal,Sem Vítimas,Pleno dia,Decrescente,Céu Claro,Simples,Reta,Não,2,0,0,0,1,1,0,2,-26.788088,-53.293259,SPRF-SC,DEL07-SC,UOP02-DEL07-SC,2023
"562729,0",2023-11-21,terça-feira,15:50:00,SC,280,"29,4",ARAQUARI,Transitar na contramão,Colisão lateral mesmo sentido,Sem Vítimas,Pleno dia,Decrescente,Céu Claro,Simples,Reta,Não,2,0,0,0,2,0,0,2,-26.41066264,-48.75295628,SPRF-SC,DEL03-SC,UOP03-DEL03-SC,2023
"562747,0",2023-11-21,terça-feira,15:25:00,SC,153,"97,5",CONCORDIA,Acessar a via sem observar a presença dos outros veículos,Colisão transversal,Com Vítimas Feridas,Pleno dia,Decrescente,Céu Claro,Simples,Curva;Rotatória,Sim,2,0,1,0,1,0,1,2,-27.22954254,-51.95277929,SPRF-SC,DEL07-SC,UOP04-DEL07-SC,2023
"562773,0",2023-11-21,terça-feira,18:05:00,SC,280,"128,0",RIO NEGRINHO,Acessar a via sem observar a presença dos outros veículos,Colisão lateral mesmo sentido,Sem Vítimas,Pleno dia,Crescente,Céu Claro,Simples,Aclive;Reta,Sim,3,0,0,0,2,1,0,3,-26.24296304,-49.51259136,SPRF-SC,DEL06-SC,UOP03-DEL06-SC,2023
"562813,0",2023-11-22,quarta-feira,00:05:00,SC,101,"17,7",JOINVILLE,Ausência de reação do condutor,Colisão lateral mesmo sentido,Com Vítimas Feridas,Plena Noite,Crescente,Nublado,Dupla,Reta,Não,2,0,1,0,1,0,1,2,-26.12141519,-48.88262078,SPRF-SC,DEL03-SC,UOP01-DEL03-SC,2023
"562869,0",2023-11-22,quarta-feira,10:35:00,SC,116,"3,5",MAFRA,Condutor deixou de manter distância do veículo da frente,Colisão traseira,Com Vítimas Feridas,Pleno dia,Crescente,Céu Claro,Simples,Reta;Aclive,Sim,3,0,1,0,1,1,1,3,-26.13073161,-49.79922442,SPRF-SC,DEL06-SC,UOP01-DEL06-SC,2023
"562901,0",2023-11-22,quarta-feira,15:40:00,SC,101,"157,0",PORTO BELO,Velocidade Incompatível,Colisão transversal,Com Vítimas Feridas,Pleno dia,Crescente,Chuva,Dupla,Reta,Sim,4,0,1,0,2,2,1,4,-27.181625,-48.6121179,SPRF-SC,DEL04-SC,UOP03-DEL04-SC,2023
"562902,0",2023-11-22,quarta-feira,13:50:00,SC,282,"319,2",VARGEM,Avarias e/ou desgaste excessivo no pneu,Tombamento,Sem Vítimas,Pleno dia,Crescente,Chuva,Simples,Reta,Não,4,0,0,0,3,1,0,3,-27.423697,-51.03046,SPRF-SC,DEL07-SC,UOP06-DEL07-SC,2023
"562913,0",2023-11-22,quarta-feira,14:50:00,SC,280,"154,1",MAFRA,Reação tardia ou ineficiente do condutor,Saída de leito carroçável,Com Vítimas Feridas,Pleno dia,Crescente,Nublado,Simples,Reta,Não,2,0,1,0,0,1,1,2,-26.21362587,-49.7181449,SPRF-SC,DEL06-SC,UOP03-DEL06-SC,2023
"562980,0",2023-11-22,quarta-feira,21:30:00,SC,153,"52,2",VARGEM BONITA,Reação tardia ou ineficiente do condutor,Saída de leito carroçável,Com Vítimas Feridas,Plena Noite,Decrescente,Céu Claro,Simples,Reta,Não,2,0,1,0,0,1,1,2,-26.920887,-51.808014,SPRF-SC,DEL07-SC,UOP07-DEL07-SC,2023
"563006,0",2023-11-23,quinta-feira,03:15:00,SC,282,"381,5",HERVAL DOESTE,Ausência de reação do condutor,Colisão traseira,Com Vítimas Feridas,Plena Noite,Crescente,Nevoeiro/Neblina,Simples,Reta;Declive,Não,14,0,11,1,1,1,12,3,-27.204979,-51.501442,SPRF-SC,DEL07-SC,UOP05-DEL07-SC,2023
"563073,0",2023-11-22,quarta-feira,02:00:00,SC,116,"116,0",SANTA CECILIA,Ausência de reação do condutor,Colisão lateral mesmo sentido,Sem Vítimas,Plena Noite,Crescente,Nublado,Múltipla,Reta,Não,3,0,0,0,1,2,0,3,-26.80986906,-50.34540393,SPRF-SC,DEL06-SC,UOP02-DEL06-SC,2023
"563113,0",2023-11-23,quinta-feira,16:45:00,SC,101,"27,0",JOINVILLE,Reação tardia ou ineficiente do condutor,Colisão com objeto,Com Vítimas Feridas,Pleno dia,Decrescente,Chuva,Dupla,Reta,Sim,1,0,1,0,0,0,1,1,-26.20130351,-48.91331794,SPRF-SC,DEL03-SC,UOP01-DEL03-SC,2023
"563148,0",2023-11-23,quinta-feira,10:20:00,SC,153,"15,0",AGUA DOCE,Ausência de reação do condutor,Colisão traseira,Com Vítimas Feridas,Pleno dia,Crescente,Céu Claro,Simples,Interseção de Vias,Não,3,0,1,0,0,2,1,3,-26.698789,-51.574735,SPRF-SC,DEL07-SC,UOP07-DEL07-SC,2023
"563252,0",2023-11-06,segunda-feira,18:00:00,SC,470,"3,0",NAVEGANTES,Reação tardia ou ineficiente do condutor,Tombamento,Com Vítimas Feridas,Pleno dia,Decrescente,Céu Claro,Dupla,Em Obras,Sim,3,0,1,0,2,0,1,2,-26.861937,-48.681618,SPRF-SC,DEL04-SC,UOP04-DEL04-SC,2023
"563278,0",2023-11-24,sexta-feira,11:00:00,SC,282,"520,0",XAXIM,Manobra de mudança de faixa,Colisão lateral mesmo sentido,Com Vítimas Feridas,Pleno dia,Decrescente,Céu Claro,Simples,Curva,Não,6,0,2,0,4,0,2,2,-26.950415,-52.526096,SPRF-SC,DEL07-SC,UOP01-DEL07-SC,2023
"563301,0",2023-11-24,sexta-feira,16:20:00,SC,280,"52,2",GUARAMIRIM,Ausência de reação do condutor,Colisão lateral mesmo sentido,Sem Vítimas,Pleno dia,Crescente,Céu Claro,Dupla,Interseção de Vias,Sim,2,0,0,0,2,0,0,2,-26.468904,-48.96492,SPRF-SC,DEL03-SC,UOP03-DEL03-SC,2023
"563371,0",2023-11-24,sexta-feira,22:00:00,SC,101,"141,0",BALNEARIO CAMBORIU,Ultrapassagem Indevida,Colisão lateral mesmo sentido,Com Vítimas Feridas,Plena Noite,Crescente,Nublado,Dupla,Reta,Sim,4,0,2,0,1,1,2,3,-27.04761729,-48.59995855,SPRF-SC,DEL04-SC,UOP03-DEL04-SC,2023
"563387,0",2023-11-24,sexta-feira,23:50:00,SC,101,"106,1",PENHA,Reação tardia ou ineficiente do condutor,Colisão traseira,Com Vítimas Feridas,Plena Noite,Decrescente,Nublado,Dupla,Reta;Aclive,Não,3,0,1,0,1,2,1,4,-26.81242774,-48.68325233,SPRF-SC,DEL03-SC,UOP02-DEL03-SC,2023
"563396,0",2023-11-25,sábado,01:10:00,SC,470,"172,0",POUSO REDONDO,Ingestão de álcool pelo condutor,Colisão transversal,Com Vítimas Feridas,Plena Noite,Crescente,Céu Claro,Múltipla,Reta,Não,3,0,0,1,1,1,1,3,-27.257526,-49.909592,SPRF-SC,DEL04-SC,UOP02-DEL04-SC,2023
"563421,0",2023-11-24,sexta-feira,21:00:00,SC,101,"247,0",PAULO LOPES,Manobra de mudança de faixa,Colisão transversal,Com Vítimas Feridas,Plena Noite,Decrescente,Céu Claro,Dupla,Reta,Não,3,0,2,0,1,0,2,2,-27.91824491,-48.65414317,SPRF-SC,DEL02-SC,UOP03-DEL02-SC,2023
"563459,0",2023-11-25,sábado,04:00:00,SC,280,"24,1",ARAQUARI,Ingestão de álcool pelo condutor,Colisão frontal,Com Vítimas Feridas,Plena Noite,Decrescente,Nublado,Simples,Reta;Em Obras,Sim,3,0,2,0,0,1,2,3,-26.37724921,-48.71953282,SPRF-SC,DEL03-SC,UOP03-DEL03-SC,2023
"563476,0",2023-11-25,sábado,09:10:00,SC,470,"177,0",POUSO REDONDO,Desrespeitar a preferência no cruzamento,Colisão transversal,Com Vítimas Feridas,Pleno dia,Decrescente,Sol,Simples,Aclive;Interseção de Vias,Sim,2,0,0,1,1,0,1,2,-27.251858,-49.958,SPRF-SC,DEL04-SC,UOP02-DEL04-SC,2023
"563490,0",2023-11-25,sábado,10:50:00,SC,101,"36,0",JOINVILLE,Reação tardia ou ineficiente do condutor,Colisão traseira,Com Vítimas Feridas,Pleno dia,Crescente,Nublado,Dupla,Curva,Não,3,0,1,0,2,0,1,3,-26.24573198,-48.9101069,SPRF-SC,DEL03-SC,UOP01-DEL03-SC,2023