id,data_inversa,dia_semana,horario,uf,br,km,municipio,causa_acidente,tipo_acidente,classificacao_acidente,fase_dia,sentido_via,condicao_metereologica,tipo_pista,tracado_via,uso_solo,pessoas,mortos,feridos_leves,feridos_graves,ilesos,ignorados,feridos,veiculos,latitude,longitude,regional,delegacia,uop,ano_arquivo
"563797,0",2023-11-26,domingo,18:20:00,SC,153,"85,2",CONCORDIA,Conversão proibida,Colisão transversal,Sem Vítimas,Pleno dia,Crescente,Céu Claro,Simples,Aclive;Reta,Não,3,0,0,0,2,2,0,4,-27.142017,-51.913219,SPRF-SC,DEL07-SC,UOP04-DEL07-SC,2023
"563800,0",2023-11-26,domingo,19:30:00,SC,101,"51,7",JOINVILLE,Condutor deixou de manter distância do veículo da frente,Colisão traseira,Sem Vítimas,Plena Noite,Decrescente,Nublado,Dupla,Reta,Não,3,0,0,0,2,1,0,3,-26.38506771,-48.84917582,SPRF-SC,DEL03-SC,UOP01-DEL03-SC,2023
"563801,0",2023-11-26,domingo,20:30:00,SC,470,"45,0",GASPAR,Acessar a via sem observar a presença dos outros veículos,Colisão transversal,Com Vítimas Feridas,Plena Noite,Crescente,Nublado,Simples,Reta;Em Obras,Não,3,0,1,0,2,0,1,2,-26.867064,-49.031109,SPRF-SC,DEL04-SC,UOP01-DEL04-SC,2023
"563824,0",2023-11-26,domingo,20:10:00,SC,280,"235,5",CANOINHAS,Reação tardia ou ineficiente do condutor,Colisão traseira,Sem Vítimas,Plena Noite,Decrescente,Nublado,Simples,Rotatória,Sim,3,0,0,0,2,2,0,4,-26.19206283,-50.41295701,SPRF-SC,DEL06-SC,UOP04-DEL06-SC,2023
"563847,0",2023-11-26,domingo,19:30:00,SC,116,"50,6",PAPANDUVA,Transitar na contramão,Colisão frontal,Com Vítimas Fatais,Plena Noite,Crescente,Céu Claro,Simples,Reta;Interseção de Vias,Não,4,1,0,1,2,0,1,2,-26.38164352,-50.13464928,SPRF-SC,DEL06-SC,UOP01-DEL06-SC,2023
"563856,0",2023-11-26,domingo,21:00:00,SC,101,"161,0",TIJUCAS,Ausência de reação do condutor,Colisão traseira,Com Vítimas Feridas,Plena Noite,Decrescente,Ignorado,Dupla,Reta,Sim,3,0,1,0,1,1,1,3,-27.21673911,-48.6244238,SPRF-SC,DEL04-SC,UOP03-DEL04-SC,2023
"563872,0",2023-11-27,segunda-feira,06:45:00,SC,101,"202,9",SAO JOSE,Condutor deixou de manter distância do veículo da frente,Colisão lateral mesmo sentido,Com Vítimas Feridas,Pleno dia,Crescente,Nublado,Dupla,Reta;Aclive,Sim,3,0,1,0,2,0,1,3,-27.55711595,-48.61897889,SPRF-SC,DEL01-SC,UOP01-DEL01-SC,2023
"563913,0",2023-11-27,segunda-feira,10:10:00,SC,101,"198,0",BIGUACU,Reação tardia ou ineficiente do condutor,Colisão traseira,Sem Vítimas,Pleno dia,Crescente,Garoa/Chuvisco,Dupla,Reta,Sim,3,0,0,0,3,0,0,2,-27.52658712,-48.63506019,SPRF-SC,DEL01-SC,UOP01-DEL01-SC,2023
"563948,0",2023-11-27,segunda-feira,12:50:00,SC,282,"400,9",JOACABA,Ausência de reação do condutor,Saída de leito carroçável,Sem Vítimas,Pleno dia,Crescente,Chuva,Simples,Curva,Não,1,0,0,0,1,0,0,1,-27.132223,-51.627563,SPRF-SC,DEL07-SC,UOP05-DEL07-SC,2023
"563978,0",2023-11-27,segunda-feira,16:30:00,SC,470,"134,6",RIO DO SUL,Ausência de reação do condutor,Colisão traseira,Com Vítimas Feridas,Pleno dia,Crescente,Chuva,Simples,Reta,Sim,5,0,4,0,1,0,4,2,-27.181854,-49.600128,SPRF-SC,DEL04-SC,UOP02-DEL04-SC,2023
"563999,0",2023-11-27,segunda-feira,16:45:00,SC,282,"440,0",VARGEM BONITA,Ausência de reação do condutor,Saída de leito carroçável,Sem Vítimas,Pleno dia,Decrescente,Chuva,Dupla,Reta;Aclive,Não,2,0,0,0,1,1,0,2,-26.937757,-51.868366,SPRF-SC,DEL07-SC,UOP04-DEL07-SC,2023
"564013,0",2023-11-27,segunda-feira,14:40:00,SC,280,"154,2",MAFRA,Chuva,Colisão lateral sentido oposto,Com Vítimas Fatais,Pleno dia,Crescente,Chuva,Simples,Curva;Declive,Não,5,1,1,0,1,2,1,4,-26.21362587,-49.7181449,SPRF-SC,DEL06-SC,UOP03-DEL06-SC,2023
"564036,0",2023-11-19,domingo,23:45:00,SC,101,"188,7",BIGUACU,Ultrapassagem Indevida,Tombamento,Com Vítimas Feridas,Plena Noite,Decrescente,Nublado,Dupla,Reta,Não,2,0,1,0,0,1,1,2,-27.45123421,-48.63370766,SPRF-SC,DEL01-SC,UOP01-DEL01-SC,2023
"564078,0",2023-10-23,segunda-feira,08:56:00,SC,101,"216,5",PALHOCA,Acessar a via sem observar a presença dos outros veículos,Colisão transversal,Com Vítimas Feridas,Pleno dia,Crescente,Céu Claro,Dupla,Reta;Viaduto;Interseção de Vias,Sim,2,0,1,0,1,0,1,2,-27.65981409,-48.67747798,SPRF-SC,DEL01-SC,UOP02-DEL01-SC,2023
"564105,0",2023-11-28,terça-feira,10:50:00,SC,470,"38,9",GASPAR,Reação tardia ou ineficiente do condutor,Colisão com objeto,Com Vítimas Feridas,Pleno dia,Decrescente,Chuva,Dupla,Reta,Não,2,0,1,0,0,1,1,2,-26.89753026,-48.98668528,SPRF-SC,DEL04-SC,UOP01-DEL04-SC,2023
"564127,0",2023-11-28,terça-feira,10:20:00,SC,470,"157,8",TROMBUDO CENTRAL,Velocidade Incompatível,Colisão frontal,Com Vítimas Feridas,Pleno dia,Decrescente,Chuva,Simples,Curva,Não,9,0,3,0,5,1,3,6,-27.28712938,-49.77836609,SPRF-SC,DEL04-SC,UOP02-DEL04-SC,2023
"564129,0",2023-11-28,terça-feira,13:30:00,SC,101,"235,0",PALHOCA,Condutor deixou de manter distância do veículo da frente,Engavetamento,Com Vítimas Feridas,Pleno dia,Decrescente,Chuva,Dupla,Aclive,Não,7,0,2,0,4,1,2,4,-27.8177775,-48.6315025,SPRF-SC,DEL01-SC,UOP02-DEL01-SC,2023
"564177,0",2023-11-28,terça-feira,15:55:00,SC,480,"126,7",CHAPECO,Chuva,Colisão traseira,Sem Vítimas,Pleno dia,Decrescente,Chuva,Dupla,Reta;Declive,Sim,3,0,0,0,2,1,0,3,-27.02011782,-52.63608813,SPRF-SC,DEL07-SC,UOP01-DEL07-SC,2023
"564198,0",2023-11-28,terça-feira,15:30:00,SC,280,"241,0",CANOINHAS,Reação tardia ou ineficiente do condutor,Colisão traseira,Com Vítimas Feridas,Pleno dia,Crescente,Garoa/Chuvisco,Simples,Reta,Não,4,0,1,0,2,1,1,3,-26.22501599,-50.45997601,SPRF-SC,DEL06-SC,UOP04-DEL06-SC,2023
"564213,0",2023-11-28,terça-feira,21:15:00,SC,101,"337,0",TUBARAO,Ausência de reação do condutor,Colisão lateral mesmo sentido,Com Vítimas Feridas,Plena Noite,Crescente,Chuva,Dupla,Reta,Não,2,0,1,0,0,1,1,2,-28.47801624,-49.03246283,SPRF-SC,DEL02-SC,UOP01-DEL02-SC,2023
"564220,0",2023-11-28,terça-feira,20:15:00,SC,101,"55,0",JOINVILLE,Manobra de mudança de faixa,Colisão frontal,Sem Vítimas,Plena Noite,Decrescente,Garoa/Chuvisco,Dupla,Reta,Sim,3,0,0,0,2,1,0,3,-26.42280898,-48.82977496,SPRF-SC,DEL03-SC,UOP01-DEL03-SC,2023
"564221,0",2023-11-28,terça-feira,13:00:00,SC,153,"39,0",PONTE SERRADA,Transitar na contramão,Colisão frontal,Com Vítimas Fatais,Pleno dia,Decrescente,Chuva,Simples,Reta;Ponte,Não,4,1,1,0,1,6,1,9,-26.84151395,-51.74739718,SPRF-SC,DEL07-SC,UOP07-DEL07-SC,2023
"564238,0",2023-11-28,terça-feira,22:50:00,SC,101,"258,0",PAULO LOPES,Ausência de reação do condutor,Colisão traseira,Com Vítimas Feridas,Plena Noite,Crescente,Céu Claro,Dupla,Reta;Declive,Não,3,0,0,1,1,2,1,4,-28.00395027,-48.69432449,SPRF-SC,DEL02-SC,UOP03-DEL02-SC,2023
"564241,0",2023-11-29,quarta-feira,01:30:00,SC,282,"476,0",VARGEAO,Velocidade Incompatível,Saída de leito carroçável,Com Vítimas Feridas,Plena Noite,Crescente,Nevoeiro/Neblina,Simples,Rotatória,Sim,2,0,0,1,0,1,1,2,-26.882666,-52.169231,SPRF-SC,DEL07-SC,UOP01-DEL07-SC,2023
"564267,0",2023-11-29,quarta-feira,05:35:00,SC,153,"58,7",IRANI,Desrespeitar a preferência no cruzamento,Colisão transversal,Com Vítimas Feridas,Pleno dia,Crescente,Céu Claro,Simples,Interseção de Vias,Não,3,0,0,1,1,1,1,3,-26.964373,-51.841362,SPRF-SC,DEL07-SC,UOP04-DEL07-SC,2023
"564270,0",2023-11-29,quarta-feira,08:00:00,SC,101,"332,0",TUBARAO,Pista Escorregadia,Colisão lateral mesmo sentido,Com Vítimas Feridas,Pleno dia,Decrescente,Garoa/Chuvisco,Múltipla,Reta,Sim,4,0,2,0,1,1,2,3,-28.467709,-49.003025,SPRF-SC,DEL02-SC,UOP01-DEL02-SC,2023
"564299,0",2023-11-29,quarta-feira,11:10:00,SC,101,"86,3",BARRA VELHA,Desrespeitar a preferência no cruzamento,Colisão transversal,Com Vítimas Feridas,Plena Noite,Decrescente,Céu Claro,Dupla,Viaduto;Interseção de Vias,Sim,2,0,0,1,1,0,1,2,-26.63277317,-48.70232513,SPRF-SC,DEL03-SC,UOP02-DEL03-SC,2023
"564322,0",2023-11-29,quarta-feira,14:25:00,SC,101,"203,0",SAO JOSE,Reação tardia ou ineficiente do condutor,Colisão lateral mesmo sentido,Com Vítimas Feridas,Pleno dia,Crescente,Céu Claro,Dupla,Reta,Sim,3,0,0,1,2,0,1,3,-27.5650044,-48.61460082,SPRF-SC,DEL01-SC,UOP01-DEL01-SC,2023
"564413,0",2023-11-29,quarta-feira,22:25:00,SC,116,"105,5",MONTE CASTELO,Problema com o freio,Tombamento,Com Vítimas Feridas,Plena Noite,Decrescente,Céu Claro,Simples,Declive;Curva,Não,2,0,2,0,0,0,2,1,-26.75095005,-50.31749478,SPRF-SC,DEL06-SC,UOP02-DEL06-SC,2023
"564420,0",2023-11-29,quarta-feira,19:25:00,SC,282,"262,5",SAO JOSE DO CERRITO,Ausência de reação do condutor,Colisão frontal,Com Vítimas Fatais,Plena Noite,Decrescente,Céu Claro,Simples,Reta;Em Obras,Não,4,1,1,1,0,1,2,3,-27.63183218,-50.61341286,SPRF-SC,DEL05-SC,UOP02-DEL05-SC,2023
"564535,0",2023-11-30,quinta-feira,16:30:00,SC,101,"400,3",MARACAJA,Acessar a via sem observar a presença dos outros veículos,Colisão transversal,Sem Vítimas,Pleno dia,Decrescente,Nublado,Simples,Viaduto;Interseção de Vias,Sim,3,0,0,0,2,1,0,3,-28.84846615,-49.4346268,SPRF-SC,DEL02-SC,UOP02-DEL02-SC,2023
"564542,0",2023-11-24,sexta-feira,10:00:00,SC,282,"538,0",CHAPECO,Conversão proibida,Queda de ocupante de veículo,Com Vítimas Feridas,Pleno dia,Crescente,Céu Claro,Simples,Curva,Não,2,0,1,0,1,0,1,2,-26.998323,-52.673199,SPRF-SC,DEL07-SC,UOP01-DEL07-SC,2023
"564548,0",2023-11-30,quinta-feira,17:35:00,SC,470,"86,0",RODEIO,Acessar a via sem observar a presença dos outros veículos,Colisão lateral mesmo sentido,Com Vítimas Feridas,Pleno dia,Crescente,Céu Claro,Simples,Reta;Interseção de Vias,Não,2,0,1,0,1,0,1,2,-26.949951,-49.357296,SPRF-SC,DEL04-SC,UOP01-DEL04-SC,2023
"564549,0",2023-11-30,quinta-feira,12:00:00,SC,101,"153,0",PORTO BELO,Velocidade Incompatível,Colisão com objeto,Com Vítimas Feridas,Pleno dia,Crescente,Sol,Dupla,Reta,Sim,2,0,2,0,0,0,2,1,-27.144717,-48.61063935,SPRF-SC,DEL04-SC,UOP03-DEL04-SC,2023
"564587,0",2023-11-30,quinta-feira,21:02:00,SC,101,"92,9",BARRA VELHA,Reação tardia ou ineficiente do condutor,Colisão traseira,Com Vítimas Fatais,Plena Noite,Decrescente,Nublado,Dupla,Reta,Não,8,1,2,0,4,4,2,10,-26.694883,-48.698282,SPRF-SC,DEL03-SC,UOP02-DEL03-SC,2023
"564607,0",2023-11-30,quinta-feira,23:30:00,SC,101,"155,0",PORTO BELO,Ausência de reação do condutor,Colisão traseira,Com Vítimas Feridas,Plena Noite,Crescente,Ignorado,Dupla,Reta,Sim,2,0,0,1,1,0,1,2,-27.16292,-48.61129,SPRF-SC,DEL04-SC,UOP03-DEL04-SC,2023
"564622,0",2023-12-01,sexta-feira,03:30:00,SC,101,"446,0",SANTA ROSA DO SUL,Condutor Dormindo,Saída de leito carroçável,Com Vítimas Feridas,Plena Noite,Crescente,Céu Claro,Múltipla,Reta,Não,2,0,1,0,0,2,1,3,-29.151572,-49.727114,SPRF-SC,DEL02-SC,UOP02-DEL02-SC,2023
"564632,0",2023-11-30,quinta-feira,17:20:00,SC,163,"76,6",SAO MIGUEL DO OESTE,Pista esburacada,Colisão transversal,Com Vítimas Feridas,Pleno dia,Decrescente,Céu Claro,Simples,Declive;Curva,Sim,6,0,4,1,0,1,5,4,-26.68478399,-53.51451486,SPRF-SC,DEL07-SC,UOP03-DEL07-SC,2023
"564639,0",2023-12-01,sexta-feira,05:30:00,SC,282,"6,0",SAO JOSE,Ausência de reação do condutor,Colisão com objeto,Sem Vítimas,Amanhecer,Decrescente,Céu Claro,Dupla,Curva,Sim,2,0,0,0,2,0,0,2,-27.591936,-48.618244,SPRF-SC,DEL01-SC,UOP01-DEL01-SC,2023
"564733,0",2023-12-01,sexta-feira,15:00:00,SC,101,"55,0",JOINVILLE,Manobra de mudança de faixa,Colisão lateral mesmo sentido,Com Vítimas Feridas,Pleno dia,Crescente,Nublado,Dupla,Curva,Não,3,0,1,0,1,2,1,4,-26.42280898,-48.82977496,SPRF-SC,DEL03-SC,UOP01-DEL03-SC,2023
"564783,0",2023-12-01,sexta-feira,16:45:00,SC,282,"530,5",CORDILHEIRA ALTA,Transitar na contramão,Colisão lateral sentido oposto,Com Vítimas Fatais,Pleno dia,Decrescente,Sol,Simples,Curva;Aclive,Não,4,1,0,0,2,1,0,4,-26.98657561,-52.60963928,SPRF-SC,DEL07-SC,UOP01-DEL07-SC,2023
"564811,0",2023-12-01,sexta-feira,19:40:00,SC,470,"73,3",INDAIAL,Ingestão de álcool pelo condutor,Colisão lateral sentido oposto,Sem Vítimas,Plena Noite,Crescente,Céu Claro,Simples,Reta,Sim,3,0,0,0,3,0,0,3,-26.908962,-49.275089,SPRF-SC,DEL04-SC,UOP01-DEL04-SC,2023
"564848,0",2023-12-02,sábado,00:35:00,SC,101,"145,0",ITAPEMA,Reação tardia ou ineficiente do condutor,Colisão traseira,Sem Vítimas,Plena Noite,Decrescente,Nublado,Dupla,Reta;Aclive,Sim,3,0,0,0,2,1,0,3,-27.08139206,-48.60130993,SPRF-SC,DEL04-SC,UOP03-DEL04-SC,2023
"564950,0",2023-12-02,sábado,13:10:00,SC,101,"104,7",PENHA,Reação tardia ou ineficiente do condutor,Colisão traseira,Com Vítimas Feridas,Pleno dia,Crescente,Sol,Múltipla,Declive;Reta,Sim,5,0,1,0,3,1,1,5,-26.80002413,-48.67907697,SPRF-SC,DEL03-SC,UOP02-DEL03-SC,2023
"564960,0",2023-12-02,sábado,14:10:00,SC,470,"38,6",BLUMENAU,Ingestão de álcool pelo condutor,Colisão lateral mesmo sentido,Sem Vítimas,Pleno dia,Crescente,Céu Claro,Dupla,Reta,Não,2,0,0,0,2,0,0,2,-26.904108,-48.980164,SPRF-SC,DEL04-SC,UOP01-DEL04-SC,2023
"564963,0",2023-12-02,sábado,13:45:00,SC,101,"79,5",ARAQUARI,Acessar a via sem observar a presença dos outros veículos,Colisão traseira,Com Vítimas Feridas,Pleno dia,Decrescente,Céu Claro,Dupla,Retorno Regulamentado,Não,3,0,2,0,0,1,2,2,-26.596279,-48.72273445,SPRF-SC,DEL03-SC,UOP02-DEL03-SC,2023
"565015,0",2023-12-02,sábado,16:20:00,SC,101,"103,2",BALNEARIO PICARRAS,Objeto estático sobre o leito carroçável,Colisão traseira,Com Vítimas Fatais,Pleno dia,Crescente,Céu Claro,Múltipla,Reta,Não,3,1,1,0,0,1,1,3,-26.7855022,-48.6825187,SPRF-SC,DEL03-SC,UOP02-DEL03-SC,2023
"565033,0",2023-12-02,sábado,19:00:00,SC,101,"265,5",PAULO LOPES,Ausência de reação do condutor,Colisão traseira,Com Vítimas Feridas,Plena Noite,Decrescente,Céu Claro,Simples,Reta,Sim,27,0,23,1,2,1,24,3,-28.06847808,-48.71463931,SPRF-SC,DEL02-SC,UOP03-DEL02-SC,2023
"565190,0",2023-12-03,domingo,13:30:00,SC,101,"42,0",JOINVILLE,Reação tardia ou ineficiente do condutor,Colisão traseira,Com Vítimas Feridas,Pleno dia,Decrescente,Nublado,Dupla,Aclive;Curva,Não,2,0,1,0,1,0,1,2,-26.29251598,-48.88474385,SPRF-SC,DEL03-SC,UOP01-DEL03-SC,2023
"565350,0",2023-12-04,segunda-feira,03:00:00,SC,282,"443,8",PONTE SERRADA,Condutor Dormindo,Saída de leito carroçável,Com Vítimas Feridas,Plena Noite,Crescente,Chuva,Simples,Reta,Não,2,0,1,0,0,1,1,2,-26.917578,-51.890999,SPRF-SC,DEL07-SC,UOP04-DEL07-SC,2023
"565358,0",2023-12-04,segunda-feira,07:20:00,SC,470,"134,0",RIO DO SUL,Acessar a via sem observar a presença dos outros veículos,Colisão transversal,Com Vítimas Feridas,Pleno dia,Decrescente,Céu Claro,Simples,Reta,Sim,3,0,1,0,1,1,1,3,-27.181854,-49.600128,SPRF-SC,DEL04-SC,UOP02-DEL04-SC,2023
"565378,0",2023-12-01,sexta-feira,01:00:00,SC,101,"87,9",BARRA VELHA,Acessar a via sem observar a presença dos outros veículos,Colisão lateral mesmo sentido,Com Vítimas Feridas,Plena Noite,Crescente,Céu Claro,Dupla,Reta,Não,3,0,1,0,2,0,1,3,-26.63713377,-48.69651057,SPRF-SC,DEL03-SC,UOP02-DEL03-SC,2023
"565392,0",2023-12-01,sexta-feira,06:17:00,SC,282,"263,0",SAO JOSE DO CERRITO,Ausência de reação do condutor,Saída de leito carroçável,Com Vítimas Feridas,Amanhecer,Crescente,Céu Claro,Simples,Curva,Não,3,0,1,0,1,1,1,3,-27.623573,-50.632675,SPRF-SC,DEL05-SC,UOP02-DEL05-SC,2023
"565404,0",2023-12-04,segunda-feira,09:30:00,SC,116,"12,0",MAFRA,Demais falhas mecânicas ou elétricas,Incêndio,Sem Vítimas,Pleno dia,Decrescente,Céu Claro,Simples,Reta,Não,2,0,0,0,2,0,0,1,-26.17877859,-49.86720998,SPRF-SC,DEL06-SC,UOP01-DEL06-SC,2023
"565423,0",2023-12-04,segunda-feira,09:20:00,SC,116,"59,8",PAPANDUVA,Velocidade Incompatível,Tombamento,Com Vítimas Feridas,Pleno dia,Crescente,Sol,Simples,Interseção de Vias,Não,3,0,0,1,1,2,1,4,-26.38172041,-50.21522284,SPRF-SC,DEL06-SC,UOP02-DEL06-SC,2023
"565475,0",2023-12-04,segunda-feira,11:45:00,SC,470,"191,0",SALETE,Velocidade Incompatível,Saída de leito carroçável,Com Vítimas Feridas,Pleno dia,Decrescente,Nublado,Simples,Curva,Não,1,0,0,1,0,0,1,1,-27.0,-50.0,SPRF-SC,DEL04-SC,UOP02-DEL04-SC,2023
"565492,0",2023-12-04,segunda-feira,16:00:00,SC,101,"397,5",MARACAJA,Reação tardia ou ineficiente do condutor,Colisão traseira,Com Vítimas Feridas,Pleno dia,Decrescente,Chuva,Múltipla,Reta,Não,2,0,1,0,0,1,1,2,-28.83036461,-49.41244828,SPRF-SC,DEL02-SC,UOP02-DEL02-SC,2023
"565526,0",2023-12-04,segunda-feira,17:00:00,SC,470,"223,4",SAO CRISTOVAO DO SUL,Velocidade Incompatível,Saída de leito carroçável,Com Vítimas Fatais,Pleno dia,Crescente,Chuva,Simples,Reta;Aclive,Não,3,2,0,0,1,0,0,2,-27.319908,-50.336388,SPRF-SC,DEL05-SC,UOP03-DEL05-SC,2023
"565562,0",2023-12-05,terça-feira,04:40:00,SC,101,"255,5",PAULO LOPES,Demais falhas mecânicas ou elétricas,Tombamento,Com Vítimas Feridas,Amanhecer,Decrescente,Chuva,Simples,Curva;Declive,Não,2,0,1,0,0,1,1,2,-27.98242299,-48.67898469,SPRF-SC,DEL02-SC,UOP03-DEL02-SC,2023
"565604,0",2023-12-05,terça-feira,08:50:00,SC,101,"119,2",ITAJAI,Trafegar com motocicleta (ou similar) entre as faixas,Colisão lateral mesmo sentido,Com Vítimas Fatais,Pleno dia,Crescente,Nublado,Múltipla,Reta,Sim,4,1,0,0,2,1,0,4,-26.9066693,-48.7145374,SPRF-SC,DEL04-SC,UOP04-DEL04-SC,2023
"565648,0",2023-12-05,terça-feira,13:20:00,SC,282,"216,9",LAGES,Desrespeitar a preferência no cruzamento,Colisão transversal,Com Vítimas Feridas,Pleno dia,Decrescente,Nublado,Simples,Rotatória;Viaduto,Sim,5,0,1,0,3,1,1,3,-27.797529,-50.291862,SPRF-SC,DEL05-SC,UOP01-DEL05-SC,2023
"565655,0",2023-12-05,terça-feira,13:00:00,SC,282,"425,0",VARGEM BONITA,Manobra de mudança de faixa,Saída de leito carroçável,Com Vítimas Feridas,Pleno dia,Crescente,Céu Claro,Simples,Curva;Aclive,Não,1,0,1,0,0,0,1,1,-26.983568,-51.754314,SPRF-SC,DEL07-SC,UOP05-DEL07-SC,2023
"565657,0",2023-12-05,terça-feira,14:20:00,SC,470,"41,2",GASPAR,Ausência de reação do condutor,Colisão traseira,Com Vítimas Feridas,Pleno dia,Decrescente,Nublado,Dupla,Em Obras;Reta,Não,6,0,0,1,4,1,1,6,-26.882343,-48.996975,SPRF-SC,DEL04-SC,UOP01-DEL04-SC,2023
"565670,0",2023-12-05,terça-feira,16:15:00,SC,101,"149,0",ITAPEMA,Reação tardia ou ineficiente do condutor,Colisão traseira,Com Vítimas Feridas,Pleno dia,Decrescente,Nublado,Múltipla,Reta,Sim,2,0,1,0,1,0,1,2,-27.1089649,-48.61277586,SPRF-SC,DEL04-SC,UOP03-DEL04-SC,2023
"565727,0",2023-12-05,terça-feira,19:10:00,SC,101,"121,4",ITAJAI,Condutor deixou de manter distância do veículo da frente,Colisão traseira,Com Vítimas Fatais,Plena Noite,Decrescente,Chuva,Múltipla,Reta,Sim,4,1,0,1,1,1,1,3,-26.9244208,-48.7070296,SPRF-SC,DEL04-SC,UOP04-DEL04-SC,2023
"565745,0",2023-12-05,terça-feira,21:10:00,SC,116,"218,6",CORREIA PINTO,Acessar a via sem observar a presença dos outros veículos,Colisão transversal,Com Vítimas Feridas,Plena Noite,Crescente,Nublado,Simples,Reta,Não,3,0,1,0,2,0,1,2,-27.56588448,-50.37463188,SPRF-SC,DEL05-SC,UOP03-DEL05-SC,2023
"565761,0",2023-12-06,quarta-feira,00:50:00,SC,101,"210,5",SAO JOSE,Reação tardia ou ineficiente do condutor,Colisão lateral mesmo sentido,Com Vítimas Feridas,Plena Noite,Crescente,Garoa/Chuvisco,Múltipla,Reta,Não,3,0,1,0,1,1,1,3,-27.6167305,-48.6457265,SPRF-SC,DEL01-SC,UOP01-DEL01-SC,2023
"565774,0",2023-12-06,quarta-feira,04:20:00,SC,101,"43,7",JOINVILLE,Manobra de mudança de faixa,Colisão lateral mesmo sentido,Com Vítimas Feridas,Amanhecer,Decrescente,Chuva,Dupla,Curva;Aclive,Sim,2,0,1,0,1,0,1,2,-26.30357106,-48.88225609,SPRF-SC,DEL03-SC,UOP01-DEL03-SC,2023
"565796,0",2023-12-02,sábado,10:00:00,SC,280,"4,4",SAO FRANCISCO DO SUL,Ingestão de álcool pelo condutor,Colisão traseira,Sem Vítimas,Pleno dia,Crescente,Céu Claro,Simples,Reta,Sim,5,0,0,0,1,6,0,7,-26.25329566,-48.61916042,SPRF-SC,DEL03-SC,UOP03-DEL03-SC,2023
"565912,0",2023-12-06,quarta-feira,16:50:00,SC,101,"199,6",SAO JOSE,Reação tardia ou ineficiente do condutor,Colisão traseira,Com Vítimas Feridas,Pleno dia,Crescente,Céu Claro,Dupla,Reta,Sim,3,0,1,0,2,0,1,2,-27.53413705,-48.63003205,SPRF-SC,DEL01-SC,UOP01-DEL01-SC,2023
"565918,0",2023-12-06,quarta-feira,16:40:00,SC,101,"100,6",BALNEARIO PICARRAS,Frear bruscamente,Colisão traseira,Com Vítimas Feridas,Pleno dia,Decrescente,Nublado,Múltipla,Reta;Declive,Sim,4,0,1,0,2,1,1,3,-26.76209523,-48.68656218,SPRF-SC,DEL03-SC,UOP02-DEL03-SC,2023
"565984,0",2023-12-07,quinta-feira,01:40:00,SC,101,"111,3",ITAJAI,Ingestão de álcool pelo condutor,Colisão com objeto,Sem Vítimas,Plena Noite,Crescente,Nublado,Dupla,Reta;Interseção de Vias,Não,2,0,0,0,2,0,0,2,-26.83955734,-48.71418074,SPRF-SC,DEL04-SC,UOP04-DEL04-SC,2023
"565993,0",2023-12-07,quinta-feira,04:50:00,SC,101,"43,7",JOINVILLE,Curva acentuada,Colisão com objeto,Com Vítimas Feridas,Amanhecer,Crescente,Nublado,Múltipla,Curva;Declive,Sim,3,0,1,0,1,1,1,3,-26.33065302,-48.86238098,SPRF-SC,DEL03-SC,UOP01-DEL03-SC,2023
"566027,0",2023-12-07,quinta-feira,07:00:00,SC,101,"397,5",MARACAJA,Conversão proibida,Colisão transversal,Com Vítimas Feridas,Pleno dia,Crescente,Céu Claro,Simples,Aclive;Reta,Não,3,0,0,1,2,0,1,2,-28.84495561,-49.43240404,SPRF-SC,DEL02-SC,UOP02-DEL02-SC,2023
"566110,0",2023-12-07,quinta-feira,16:00:00,SC,280,"67,0",JARAGUA DO SUL,Objeto estático sobre o leito carroçável,Queda de ocupante de veículo,Com Vítimas Feridas,Pleno dia,Decrescente,Nublado,Simples,Interseção de Vias;Rotatória,Sim,3,0,1,0,1,1,1,3,-26.47833284,-49.1024816,SPRF-SC,DEL03-SC,UOP03-DEL03-SC,2023
"566125,0",2023-12-07,quinta-feira,17:10:00,SC,101,"197,0",BIGUACU,Manobra de mudança de faixa,Colisão lateral mesmo sentido,Sem Vítimas,Pleno dia,Crescente,Chuva,Dupla,Reta,Sim,3,0,0,0,2,1,0,3,-27.51844497,-48.63848496,SPRF-SC,DEL01-SC,UOP01-DEL01-SC,2023
"566194,0",2023-12-07,quinta-feira,21:13:00,SC,282,"40,6",AGUAS MORNAS,Mal súbito do condutor,Colisão frontal,Com Vítimas Feridas,Plena Noite,Decrescente,Nublado,Simples,Reta,Sim,2,0,1,0,1,0,1,2,-27.716148,-48.869583,SPRF-SC,DEL01-SC,UOP03-DEL01-SC,2023
"566240,0",2023-12-08,sexta-feira,06:20:00,SC,282,"21,0",PALHOCA,Mal súbito do condutor,Colisão com objeto,Sem Vítimas,Amanhecer,Decrescente,Nublado,Simples,Reta,Sim,2,0,0,0,1,1,0,2,-27.68907,-48.717541,SPRF-SC,DEL01-SC,UOP02-DEL01-SC,2023
"566242,0",2023-12-08,sexta-feira,06:00:00,SC,101,"5,5",SAO JOSE,Demais falhas mecânicas ou elétricas,Colisão traseira,Com Vítimas Feridas,Pleno dia,Decrescente,Nublado,Simples,Curva;Aclive,Sim,3,0,1,0,2,0,1,2,-27.58528498,-48.61788154,SPRF-SC,DEL03-SC,UOP01-DEL03-SC,2023