id,data_inversa,dia_semana,horario,uf,br,km,municipio,causa_acidente,tipo_acidente,classificacao_acidente,fase_dia,sentido_via,condicao_metereologica,tipo_pista,tracado_via,uso_solo,pessoas,mortos,feridos_leves,feridos_graves,ilesos,ignorados,feridos,veiculos,latitude,longitude,regional,delegacia,uop,ano_arquivo
"566270,0",2023-12-08,sexta-feira,08:30:00,SC,101,"191,0",BIGUACU,Manobra de mudança de faixa,Colisão lateral mesmo sentido,Com Vítimas Feridas,Pleno dia,Decrescente,Nublado,Dupla,Curva,Não,2,0,1,0,1,0,1,2,-27.47730273,-48.64127329,SPRF-SC,DEL01-SC,UOP01-DEL01-SC,2023
"566326,0",2023-12-08,sexta-feira,07:00:00,SC,282,"286,4",SAO JOSE DO CERRITO,Reação tardia ou ineficiente do condutor,Tombamento,Com Vítimas Fatais,Amanhecer,Decrescente,Nublado,Simples,Curva;Declive,Não,2,2,0,0,0,0,0,2,-27.5691846,-50.8166314,SPRF-SC,DEL05-SC,UOP02-DEL05-SC,2023
"566424,0",2023-12-08,sexta-feira,19:50:00,SC,101,"34,5",JOINVILLE,Manobra de mudança de faixa,Colisão lateral mesmo sentido,Com Vítimas Feridas,Plena Noite,Crescente,Céu Claro,Dupla,Reta;Aclive,Não,5,0,1,0,2,2,1,4,-26.23667403,-48.91486706,SPRF-SC,DEL03-SC,UOP01-DEL03-SC,2023
"566435,0",2023-12-08,sexta-feira,16:25:00,SC,282,"535,2",CHAPECO,Acessar a via sem observar a presença dos outros veículos,Colisão transversal,Com Vítimas Feridas,Pleno dia,Crescente,Céu Claro,Simples,Rotatória;Interseção de Vias,Não,3,0,1,0,1,1,1,3,-26.998245,-52.643768,SPRF-SC,DEL07-SC,UOP01-DEL07-SC,2023
"566492,0",2023-12-09,sábado,04:00:00,SC,470,"3,0",NAVEGANTES,Ingestão de álcool pelo condutor,Colisão lateral mesmo sentido,Sem Vítimas,Amanhecer,Decrescente,Nublado,Dupla,Em Obras;Reta;Desvio Temporário,Sim,2,0,0,0,2,0,0,2,-26.861937,-48.681618,SPRF-SC,DEL04-SC,UOP04-DEL04-SC,2023
"566571,0",2023-12-09,sábado,07:15:00,SC,280,"141,0",RIO NEGRINHO,Transitar na contramão,Colisão lateral sentido oposto,Com Vítimas Feridas,Pleno dia,Crescente,Céu Claro,Simples,Reta,Não,9,0,5,0,2,2,5,4,-26.25591654,-49.62226321,SPRF-SC,DEL06-SC,UOP03-DEL06-SC,2023
"566708,0",2023-12-09,sábado,22:30:00,SC,101,"150,3",ITAPEMA,Reação tardia ou ineficiente do condutor,Colisão lateral mesmo sentido,Com Vítimas Feridas,Plena Noite,Decrescente,Céu Claro,Dupla,Reta,Sim,2,0,1,0,1,0,1,2,-27.11744799,-48.60940987,SPRF-SC,DEL04-SC,UOP03-DEL04-SC,2023
"566776,0",2023-12-10,domingo,05:00:00,SC,116,"142,3",SANTA CECILIA,Transitar na contramão,Colisão frontal,Com Vítimas Feridas,Amanhecer,Decrescente,Nevoeiro/Neblina,Simples,Reta,Sim,3,0,2,0,1,0,2,2,-26.97880161,-50.3961135,SPRF-SC,DEL06-SC,UOP02-DEL06-SC,2023
"566778,0",2023-12-10,domingo,08:50:00,SC,470,"121,0",IBIRAMA,Reação tardia ou ineficiente do condutor,Saída de leito carroçável,Com Vítimas Feridas,Pleno dia,Decrescente,Chuva,Múltipla,Curva,Não,1,0,1,0,0,0,1,1,-27.095861,-49.526859,SPRF-SC,DEL04-SC,UOP02-DEL04-SC,2023
"566794,0",2023-12-10,domingo,10:00:00,SC,282,"502,3",XANXERE,Reação tardia ou ineficiente do condutor,Colisão traseira,Sem Vítimas,Pleno dia,Decrescente,Chuva,Dupla,Reta,Sim,4,0,0,0,3,1,0,3,-26.884584,-52.390911,SPRF-SC,DEL07-SC,UOP01-DEL07-SC,2023
"566912,0",2023-12-10,domingo,20:15:00,SC,101,"186,0",BIGUACU,Manobra de mudança de faixa,Colisão lateral mesmo sentido,Sem Vítimas,Plena Noite,Crescente,Chuva,Dupla,Curva,Não,3,0,0,0,2,1,0,3,-27.4341098,-48.62567129,SPRF-SC,DEL01-SC,UOP01-DEL01-SC,2023
"566954,0",2023-12-10,domingo,23:00:00,SC,101,"406,5",ARARANGUA,Manobra de mudança de faixa,Colisão lateral mesmo sentido,Sem Vítimas,Plena Noite,Decrescente,Nublado,Dupla,Reta,Não,2,0,0,0,2,0,0,2,-28.90009415,-49.47472781,SPRF-SC,DEL02-SC,UOP02-DEL02-SC,2023
"567012,0",2023-12-11,segunda-feira,07:05:00,SC,470,"241,0",CURITIBANOS,Ausência de reação do condutor,Colisão traseira,Com Vítimas Feridas,Pleno dia,Decrescente,Nublado,Simples,Reta,Não,2,0,1,0,1,0,1,2,-27.308832,-50.490402,SPRF-SC,DEL05-SC,UOP03-DEL05-SC,2023
"567032,0",2023-12-11,segunda-feira,07:00:00,SC,282,"456,0",PONTE SERRADA,Ausência de sinalização,Colisão lateral sentido oposto,Com Vítimas Feridas,Pleno dia,Crescente,Céu Claro,Simples,Reta,Não,7,0,2,0,4,1,2,3,-26.885752,-52.004669,SPRF-SC,DEL07-SC,UOP04-DEL07-SC,2023
"567060,0",2023-12-11,segunda-feira,10:20:00,SC,282,"607,0",MARAVILHA,Demais falhas na via,Colisão lateral sentido oposto,Com Vítimas Feridas,Pleno dia,Decrescente,Sol,Simples,Reta,Sim,4,0,1,0,2,1,1,4,-26.772648,-53.2062,SPRF-SC,DEL07-SC,UOP02-DEL07-SC,2023
"567072,0",2023-12-11,segunda-feira,11:30:00,SC,101,"96,6",BALNEARIO PICARRAS,Ausência de reação do condutor,Colisão traseira,Com Vítimas Feridas,Pleno dia,Crescente,Chuva,Dupla,Reta,Não,4,0,2,0,1,1,2,3,-26.718427,-48.70233,SPRF-SC,DEL03-SC,UOP02-DEL03-SC,2023
"567122,0",2023-12-11,segunda-feira,07:30:00,SC,101,"121,1",ITAJAI,Velocidade Incompatível,Engavetamento,Com Vítimas Feridas,Pleno dia,Decrescente,Céu Claro,Dupla,Reta,Sim,8,0,1,1,5,1,2,7,-26.92103178,-48.70856446,SPRF-SC,DEL04-SC,UOP04-DEL04-SC,2023
"567185,0",2023-12-11,segunda-feira,21:40:00,SC,101,"131,0",BALNEARIO CAMBORIU,Reação tardia ou ineficiente do condutor,Colisão lateral sentido oposto,Com Vítimas Feridas,Plena Noite,Crescente,Nublado,Múltipla,Reta,Sim,2,0,1,0,1,0,1,2,-26.99064209,-48.66310912,SPRF-SC,DEL04-SC,UOP03-DEL04-SC,2023
"567194,0",2023-12-11,segunda-feira,22:20:00,SC,101,"204,5",SAO JOSE,Manobra de mudança de faixa,Colisão lateral mesmo sentido,Com Vítimas Feridas,Plena Noite,Decrescente,Nublado,Múltipla,Reta,Sim,3,0,1,0,1,1,1,3,-27.57413014,-48.61363083,SPRF-SC,DEL01-SC,UOP01-DEL01-SC,2023
"567287,0",2023-12-12,terça-feira,12:30:00,SC,101,"117,5",ITAJAI,Trafegar com motocicleta (ou similar) entre as faixas,Colisão lateral mesmo sentido,Com Vítimas Feridas,Pleno dia,Decrescente,Céu Claro,Múltipla,Reta,Sim,3,0,1,0,2,0,1,3,-26.88747187,-48.72252969,SPRF-SC,DEL04-SC,UOP04-DEL04-SC,2023
"567309,0",2023-12-12,terça-feira,04:00:00,SC,280,"115,0",SAO BENTO DO SUL,Transitar na contramão,Colisão lateral sentido oposto,Sem Vítimas,Plena Noite,Decrescente,Céu Claro,Simples,Curva,Não,2,0,0,0,1,1,0,2,-26.284761,-49.408313,SPRF-SC,DEL06-SC,UOP03-DEL06-SC,2023
"567322,0",2023-12-12,terça-feira,13:10:00,SC,101,"170,0",TIJUCAS,Problema com o freio,Colisão traseira,Com Vítimas Feridas,Pleno dia,Crescente,Sol,Dupla,Reta,Sim,3,0,1,0,1,2,1,4,-27.29669601,-48.63147594,SPRF-SC,DEL04-SC,UOP03-DEL04-SC,2023
"567348,0",2023-12-12,terça-feira,16:05:00,SC,101,"56,6",JOINVILLE,Manobra de mudança de faixa,Colisão lateral mesmo sentido,Sem Vítimas,Pleno dia,Decrescente,Céu Claro,Dupla,Reta,Não,2,0,0,0,2,0,0,2,-26.43207484,-48.82263984,SPRF-SC,DEL03-SC,UOP01-DEL03-SC,2023
"567356,0",2023-12-12,terça-feira,16:30:00,SC,280,"26,4",ARAQUARI,Acessar a via sem observar a presença dos outros veículos,Colisão transversal,Com Vítimas Feridas,Pleno dia,Crescente,Céu Claro,Simples,Reta,Sim,2,0,0,1,1,0,1,2,-26.38972308,-48.73411593,SPRF-SC,DEL03-SC,UOP03-DEL03-SC,2023
"567402,0",2023-12-13,quarta-feira,01:40:00,SC,101,"119,7",ITAJAI,Acesso irregular,Colisão transversal,Com Vítimas Fatais,Plena Noite,Decrescente,Céu Claro,Múltipla,Interseção de Vias;Reta,Sim,3,1,0,0,1,1,0,3,-26.9106366,-48.712586,SPRF-SC,DEL04-SC,UOP04-DEL04-SC,2023
"567405,0",2023-12-13,quarta-feira,03:00:00,SC,101,"183,8",BIGUACU,Condutor Dormindo,Saída de leito carroçável,Com Vítimas Feridas,Plena Noite,Crescente,Nublado,Dupla,Reta,Não,1,0,0,1,0,0,1,1,-27.40688892,-48.6285296,SPRF-SC,DEL01-SC,UOP01-DEL01-SC,2023
"567416,0",2023-12-13,quarta-feira,06:05:00,SC,101,"218,2",PALHOCA,Reação tardia ou ineficiente do condutor,Colisão traseira,Com Vítimas Fatais,Pleno dia,Crescente,Céu Claro,Múltipla,Reta;Em Obras,Não,2,1,0,0,1,0,0,2,-27.6779885,-48.6698608,SPRF-SC,DEL01-SC,UOP02-DEL01-SC,2023
"567435,0",2023-12-02,sábado,06:10:00,SC,101,"340,9",TUBARAO,Ausência de reação do condutor,Colisão lateral mesmo sentido,Com Vítimas Feridas,Amanhecer,Crescente,Sol,Dupla,Reta,Não,3,0,1,0,1,1,1,3,-28.501444,-49.04690399,SPRF-SC,DEL02-SC,UOP01-DEL02-SC,2023
"567490,0",2023-12-13,quarta-feira,08:24:00,SC,480,"129,7",CHAPECO,Reação tardia ou ineficiente do condutor,Colisão traseira,Sem Vítimas,Pleno dia,Crescente,Céu Claro,Múltipla,Curva;Em Obras;Aclive,Sim,3,0,0,0,3,0,0,3,-27.04656607,-52.63577131,SPRF-SC,DEL07-SC,UOP01-DEL07-SC,2023
"567506,0",2023-12-13,quarta-feira,14:30:00,SC,101,"144,0",ITAPEMA,Manobra de mudança de faixa,Colisão traseira,Com Vítimas Feridas,Pleno dia,Crescente,Sol,Dupla,Reta,Sim,4,0,1,0,3,0,1,2,-27.0732659,-48.59672716,SPRF-SC,DEL04-SC,UOP03-DEL04-SC,2023
"567593,0",2023-12-14,quinta-feira,00:40:00,SC,116,"131,0",SANTA CECILIA,Velocidade Incompatível,Colisão traseira,Com Vítimas Feridas,Plena Noite,Decrescente,Céu Claro,Simples,Aclive;Curva,Não,3,0,1,0,1,1,1,3,-26.89968986,-50.43667825,SPRF-SC,DEL06-SC,UOP02-DEL06-SC,2023
"567597,0",2023-12-14,quinta-feira,01:30:00,SC,280,"125,8",RIO NEGRINHO,Ingestão de álcool pelo condutor,Colisão frontal,Sem Vítimas,Plena Noite,Crescente,Céu Claro,Simples,Declive,Não,3,0,0,0,2,1,0,3,-26.23763684,-49.48434497,SPRF-SC,DEL06-SC,UOP03-DEL06-SC,2023
"567607,0",2023-12-14,quinta-feira,04:40:00,SC,470,"52,5",BLUMENAU,Condutor Dormindo,Colisão frontal,Com Vítimas Feridas,Amanhecer,Decrescente,Céu Claro,Simples,Reta,Não,2,0,1,0,1,0,1,2,-26.862286,-49.093903,SPRF-SC,DEL04-SC,UOP01-DEL04-SC,2023
"567609,0",2023-12-14,quinta-feira,04:15:00,SC,101,"88,9",BARRA VELHA,Condutor Dormindo,Saída de leito carroçável,Com Vítimas Feridas,Plena Noite,Decrescente,Nublado,Múltipla,Reta,Sim,3,0,0,1,1,1,1,2,-26.64253985,-48.68950684,SPRF-SC,DEL03-SC,UOP02-DEL03-SC,2023
"567611,0",2023-12-14,quinta-feira,04:15:00,SC,282,"646,2",SAO MIGUEL DO OESTE,Desrespeitar a preferência no cruzamento,Colisão transversal,Com Vítimas Feridas,Plena Noite,Crescente,Céu Claro,Simples,Interseção de Vias;Rotatória,Sim,4,0,1,1,1,1,2,3,-26.76829633,-53.50019222,SPRF-SC,DEL07-SC,UOP03-DEL07-SC,2023
"567668,0",2023-12-14,quinta-feira,09:20:00,SC,282,"255,1",SAO JOSE DO CERRITO,Ausência de sinalização,Colisão transversal,Com Vítimas Feridas,Pleno dia,Crescente,Sol,Simples,Interseção de Vias;Em Obras,Sim,2,0,1,0,1,0,1,2,-27.673826,-50.572021,SPRF-SC,DEL05-SC,UOP02-DEL05-SC,2023
"567751,0",2023-12-14,quinta-feira,13:45:00,SC,116,"264,9",CAPAO ALTO,Acessar a via sem observar a presença dos outros veículos,Tombamento,Com Vítimas Feridas,Pleno dia,Decrescente,Sol,Simples,Reta,Não,2,0,1,0,0,1,1,2,-27.93262143,-50.46174687,SPRF-SC,DEL05-SC,UOP02-DEL05-SC,2023
"567859,0",2023-12-15,sexta-feira,07:00:00,SC,282,"4,2",SAO JOSE,Trafegar com motocicleta (ou similar) entre as faixas,Colisão lateral mesmo sentido,Com Vítimas Feridas,Pleno dia,Decrescente,Céu Claro,Múltipla,Reta,Não,3,0,1,0,2,0,1,3,-27.592646,-48.604034,SPRF-SC,DEL01-SC,UOP01-DEL01-SC,2023
"567866,0",2023-12-15,sexta-feira,07:45:00,SC,101,"119,7",ITAJAI,Conversão proibida,Colisão lateral mesmo sentido,Com Vítimas Feridas,Pleno dia,Decrescente,Céu Claro,Simples,Reta,Sim,2,0,1,0,1,0,1,2,-26.912758,-48.711998,SPRF-SC,DEL04-SC,UOP04-DEL04-SC,2023
"567881,0",2023-12-15,sexta-feira,09:30:00,SC,470,"277,6",BRUNOPOLIS,Velocidade Incompatível,Tombamento,Com Vítimas Feridas,Pleno dia,Crescente,Nublado,Simples,Curva,Não,2,0,1,0,0,2,1,3,-27.333916,-50.845214,SPRF-SC,DEL07-SC,UOP06-DEL07-SC,2023
"567903,0",2023-12-15,sexta-feira,10:00:00,SC,280,"39,5",ARAQUARI,Ausência de reação do condutor,Colisão traseira,Com Vítimas Feridas,Pleno dia,Decrescente,Céu Claro,Simples,Reta,Não,2,0,1,0,1,0,1,2,-26.44875367,-48.83792802,SPRF-SC,DEL03-SC,UOP03-DEL03-SC,2023
"567931,0",2023-12-15,sexta-feira,08:00:00,SC,470,"245,1",CURITIBANOS,Demais falhas mecânicas ou elétricas,Colisão lateral sentido oposto,Com Vítimas Feridas,Pleno dia,Decrescente,Céu Claro,Simples,Reta,Não,6,0,2,1,2,2,3,5,-27.316158,-50.524006,SPRF-SC,DEL05-SC,UOP03-DEL05-SC,2023
"567935,0",2023-12-15,sexta-feira,10:50:00,SC,116,"300,9",CAPAO ALTO,Condutor deixou de manter distância do veículo da frente,Colisão traseira,Com Vítimas Feridas,Pleno dia,Crescente,Sol,Simples,Reta,Não,3,0,0,1,1,1,1,3,-28.19325207,-50.71574086,SPRF-SC,DEL05-SC,UOP02-DEL05-SC,2023
"567945,0",2023-12-15,sexta-feira,10:30:00,SC,101,"198,0",BIGUACU,Ausência de reação do condutor,Colisão traseira,Sem Vítimas,Pleno dia,Decrescente,Céu Claro,Múltipla,Reta,Sim,3,0,0,0,3,0,0,3,-27.52658712,-48.63506019,SPRF-SC,DEL01-SC,UOP01-DEL01-SC,2023
"567962,0",2023-12-15,sexta-feira,15:30:00,SC,101,"116,2",ITAJAI,Manobra de mudança de faixa,Colisão lateral mesmo sentido,Com Vítimas Feridas,Pleno dia,Decrescente,Sol,Múltipla,Reta,Não,4,0,1,0,2,1,1,3,-26.87905605,-48.72603512,SPRF-SC,DEL04-SC,UOP04-DEL04-SC,2023
"567971,0",2023-11-30,quinta-feira,07:00:00,SC,101,"101,8",BALNEARIO PICARRAS,Ausência de reação do condutor,Colisão traseira,Com Vítimas Feridas,Pleno dia,Crescente,Nublado,Múltipla,Reta;Viaduto,Sim,5,0,0,1,3,2,1,6,-26.76404198,-48.68657667,SPRF-SC,DEL03-SC,UOP02-DEL03-SC,2023
"567980,0",2023-12-15,sexta-feira,16:50:00,SC,101,"197,5",BIGUACU,Condutor Dormindo,Tombamento,Com Vítimas Feridas,Pleno dia,Decrescente,Nublado,Múltipla,Reta;Aclive,Sim,3,0,3,0,0,0,3,1,-27.51844497,-48.63848496,SPRF-SC,DEL01-SC,UOP01-DEL01-SC,2023
"567981,0",2023-12-15,sexta-feira,16:15:00,SC,101,"131,0",BALNEARIO CAMBORIU,Desrespeitar a preferência no cruzamento,Colisão transversal,Com Vítimas Feridas,Pleno dia,Crescente,Céu Claro,Simples,Interseção de Vias,Sim,2,0,1,0,1,0,1,2,-26.99064209,-48.66310912,SPRF-SC,DEL04-SC,UOP03-DEL04-SC,2023
"568015,0",2023-12-15,sexta-feira,18:17:00,SC,101,"91,0",BARRA VELHA,Ausência de reação do condutor,Colisão traseira,Com Vítimas Feridas,Pleno dia,Crescente,Nublado,Múltipla,Reta,Sim,3,0,0,1,1,1,1,3,-26.67120698,-48.69011814,SPRF-SC,DEL03-SC,UOP02-DEL03-SC,2023
"568026,0",2023-12-15,sexta-feira,18:30:00,SC,280,"14,6",SAO FRANCISCO DO SUL,Conversão proibida,Colisão transversal,Sem Vítimas,Plena Noite,Decrescente,Céu Claro,Simples,Reta,Sim,3,0,0,0,2,1,0,3,-26.3301861,-48.65148076,SPRF-SC,DEL03-SC,UOP03-DEL03-SC,2023
"568147,0",2023-12-16,sábado,03:50:00,SC,282,"457,5",PONTE SERRADA,Ingestão de álcool pelo condutor,Colisão lateral sentido oposto,Com Vítimas Feridas,Plena Noite,Decrescente,Céu Claro,Simples,Reta,Não,6,0,2,1,2,1,3,4,-26.880604,-52.013371,SPRF-SC,DEL07-SC,UOP04-DEL07-SC,2023
"568170,0",2023-12-16,sábado,07:50:00,SC,101,"266,0",PAULO LOPES,Ingestão de álcool pelo condutor,Colisão lateral mesmo sentido,Sem Vítimas,Pleno dia,Crescente,Céu Claro,Dupla,Reta,Não,3,0,0,0,2,1,0,3,-28.06847808,-48.71463931,SPRF-SC,DEL02-SC,UOP03-DEL02-SC,2023
"568235,0",2023-12-16,sábado,13:55:00,SC,470,"299,7",CAMPOS NOVOS,Chuva,Colisão com objeto,Com Vítimas Feridas,Pleno dia,Decrescente,Chuva,Simples,Curva,Não,2,0,2,0,0,0,2,1,-27.366648,-51.040581,SPRF-SC,DEL07-SC,UOP06-DEL07-SC,2023
"568294,0",2023-12-16,sábado,17:20:00,SC,101,"127,0",ITAJAI,Manobra de mudança de faixa,Colisão transversal,Com Vítimas Feridas,Pleno dia,Crescente,Céu Claro,Dupla,Reta,Sim,5,0,1,0,3,2,1,4,-26.9639319,-48.68328024,SPRF-SC,DEL04-SC,UOP04-DEL04-SC,2023
"568343,0",2023-12-16,sábado,15:00:00,SC,282,"139,3",BOM RETIRO,Ultrapassagem Indevida,Colisão frontal,Com Vítimas Feridas,Pleno dia,Decrescente,Céu Claro,Simples,Aclive;Curva,Não,2,0,1,1,0,0,2,2,-27.82741967,-49.57929254,SPRF-SC,DEL05-SC,UOP01-DEL05-SC,2023
"568345,0",2023-12-16,sábado,16:50:00,SC,282,"495,1",FAXINAL DOS GUEDES,Reação tardia ou ineficiente do condutor,Colisão lateral sentido oposto,Com Vítimas Feridas,Pleno dia,Crescente,Chuva,Simples,Curva,Não,5,0,3,0,1,1,3,3,-26.87197081,-52.3195982,SPRF-SC,DEL07-SC,UOP01-DEL07-SC,2023
"568477,0",2023-12-16,sábado,01:00:00,SC,280,"152,0",MAFRA,Reação tardia ou ineficiente do condutor,Tombamento,Com Vítimas Feridas,Plena Noite,Crescente,Céu Claro,Simples,Curva,Não,2,0,1,0,0,1,1,2,-26.22730215,-49.7063452,SPRF-SC,DEL06-SC,UOP03-DEL06-SC,2023
"568615,0",2023-12-17,domingo,21:00:00,SC,470,"125,8",LONTRAS,Ausência de reação do condutor,Colisão transversal,Com Vítimas Feridas,Plena Noite,Decrescente,Céu Claro,Simples,Aclive,Sim,3,0,0,1,1,2,1,4,-27.120506,-49.534946,SPRF-SC,DEL04-SC,UOP02-DEL04-SC,2023
"568770,0",2023-12-18,segunda-feira,17:00:00,SC,101,"112,2",NAVEGANTES,Velocidade Incompatível,Tombamento,Com Vítimas Feridas,Pleno dia,Decrescente,Céu Claro,Simples,Interseção de Vias;Curva;Viaduto,Não,2,0,1,0,0,1,1,2,-26.84589005,-48.72131295,SPRF-SC,DEL04-SC,UOP04-DEL04-SC,2023
"568834,0",2023-12-18,segunda-feira,17:10:00,SC,101,"362,0",SANGAO,Reação tardia ou ineficiente do condutor,Colisão traseira,Com Vítimas Fatais,Pleno dia,Crescente,Céu Claro,Múltipla,Aclive;Reta,Não,5,1,1,1,1,2,2,4,-28.67643165,-49.13167477,SPRF-SC,DEL02-SC,UOP01-DEL02-SC,2023
"568847,0",2023-12-18,segunda-feira,21:20:00,SC,280,"60,0",GUARAMIRIM,Manobra de mudança de faixa,Colisão com objeto,Com Vítimas Feridas,Plena Noite,Decrescente,Céu Claro,Dupla,Reta,Sim,2,0,1,0,0,1,1,2,-26.47802633,-49.03894425,SPRF-SC,DEL03-SC,UOP03-DEL03-SC,2023
"569077,0",2023-12-19,terça-feira,09:40:00,SC,280,"239,9",CANOINHAS,Ausência de reação do condutor,Colisão transversal,Com Vítimas Feridas,Pleno dia,Decrescente,Céu Claro,Simples,Declive,Não,4,0,2,0,1,1,2,3,-26.20971113,-50.44782084,SPRF-SC,DEL06-SC,UOP04-DEL06-SC,2023
"569092,0",2023-12-20,quarta-feira,05:50:00,SC,101,"45,8",JOINVILLE,Velocidade Incompatível,Colisão traseira,Com Vítimas Feridas,Amanhecer,Decrescente,Céu Claro,Múltipla,Reta,Não,3,0,1,0,1,1,1,3,-26.32214492,-48.8689509,SPRF-SC,DEL03-SC,UOP01-DEL03-SC,2023
"569093,0",2023-12-20,quarta-feira,00:05:00,SC,116,"143,9",SANTA CECILIA,Reação tardia ou ineficiente do condutor,Colisão lateral mesmo sentido,Com Vítimas Feridas,Plena Noite,Crescente,Garoa/Chuvisco,Simples,Curva,Não,6,0,0,1,4,1,1,3,-26.98647529,-50.39438169,SPRF-SC,DEL06-SC,UOP02-DEL06-SC,2023
"569094,0",2023-12-20,quarta-feira,05:00:00,SC,280,"237,1",CANOINHAS,Transitar na contramão,Colisão lateral sentido oposto,Sem Vítimas,Amanhecer,Crescente,Nublado,Simples,Curva;Declive,Não,2,0,0,0,2,0,0,2,-26.19844599,-50.43216601,SPRF-SC,DEL06-SC,UOP04-DEL06-SC,2023
"569103,0",2023-12-20,quarta-feira,05:15:00,SC,470,"2,0",NAVEGANTES,Ausência de reação do condutor,Saída de leito carroçável,Com Vítimas Feridas,Pleno dia,Decrescente,Céu Claro,Dupla,Reta,Sim,2,0,1,0,0,1,1,2,-26.868551,-48.674831,SPRF-SC,DEL04-SC,UOP04-DEL04-SC,2023
"569105,0",2023-12-19,terça-feira,23:30:00,SC,470,"79,0",INDAIAL,Ingestão de álcool pelo condutor,Colisão lateral sentido oposto,Sem Vítimas,Plena Noite,Crescente,Céu Claro,Simples,Reta,Não,2,0,0,0,2,0,0,2,-26.951565,-49.306534,SPRF-SC,DEL04-SC,UOP01-DEL04-SC,2023
"569147,0",2023-11-20,segunda-feira,08:30:00,SC,101,"114,0",ITAJAI,Trafegar com motocicleta (ou similar) entre as faixas,Colisão lateral mesmo sentido,Com Vítimas Feridas,Pleno dia,Crescente,Nublado,Dupla,Reta,Não,5,0,0,1,2,2,1,5,-26.86192886,-48.7286704,SPRF-SC,DEL04-SC,UOP04-DEL04-SC,2023
"569213,0",2023-12-20,quarta-feira,15:05:00,SC,116,"246,8",LAGES,Frear bruscamente,Colisão traseira,Sem Vítimas,Pleno dia,Crescente,Céu Claro,Simples,Em Obras;Rotatória,Sim,4,0,0,0,3,1,0,4,-27.81102858,-50.36777616,SPRF-SC,DEL05-SC,UOP02-DEL05-SC,2023
"569259,0",2023-12-20,quarta-feira,18:00:00,SC,101,"198,3",BIGUACU,Ausência de reação do condutor,Colisão lateral mesmo sentido,Com Vítimas Feridas,Pleno dia,Crescente,Céu Claro,Dupla,Reta,Sim,4,0,1,0,2,1,1,4,-27.52658712,-48.63506019,SPRF-SC,DEL01-SC,UOP01-DEL01-SC,2023
"569261,0",2023-12-20,quarta-feira,18:00:00,SC,101,"215,5",PALHOCA,Ultrapassagem Indevida,Colisão traseira,Com Vítimas Feridas,Pleno dia,Crescente,Céu Claro,Múltipla,Interseção de Vias;Rotatória;Curva,Sim,4,0,1,0,2,1,1,3,-27.65184843,-48.67604941,SPRF-SC,DEL01-SC,UOP02-DEL01-SC,2023
"569388,0",2023-12-21,quinta-feira,08:30:00,SC,101,"208,3",SAO JOSE,Objeto estático sobre o leito carroçável,Colisão traseira,Com Vítimas Feridas,Pleno dia,Decrescente,Céu Claro,Múltipla,Reta,Sim,3,0,0,1,1,1,1,3,-27.60337,-48.63192558,SPRF-SC,DEL01-SC,UOP01-DEL01-SC,2023
"569402,0",2023-12-21,quinta-feira,07:20:00,SC,470,"185,3",POUSO REDONDO,Reação tardia ou ineficiente do condutor,Saída de leito carroçável,Com Vítimas Feridas,Pleno dia,Decrescente,Nublado,Simples,Reta;Declive,Não,2,0,2,0,0,0,2,1,-27.25447697,-50.04109383,SPRF-SC,DEL04-SC,UOP02-DEL04-SC,2023
"569469,0",2023-12-21,quinta-feira,09:10:00,SC,282,"137,2",BOM RETIRO,Velocidade Incompatível,Tombamento,Com Vítimas Feridas,Pleno dia,Crescente,Sol,Simples,Rotatória,Não,1,0,1,0,0,0,1,1,-27.82268113,-49.57018375,SPRF-SC,DEL05-SC,UOP01-DEL05-SC,2023
"569498,0",2023-12-21,quinta-feira,16:30:00,SC,101,"216,3",PALHOCA,Demais falhas mecânicas ou elétricas,Engavetamento,Com Vítimas Feridas,Pleno dia,Crescente,Céu Claro,Dupla,Reta,Sim,6,0,2,0,3,1,2,5,-27.65981409,-48.67747798,SPRF-SC,DEL01-SC,UOP02-DEL01-SC,2023
"569542,0",2023-12-21,quinta-feira,18:25:00,SC,101,"129,0",CAMBORIU,Velocidade Incompatível,Colisão frontal,Com Vítimas Feridas,Pleno dia,Crescente,Céu Claro,Simples,Reta,Sim,2,0,0,1,1,0,1,2,-26.98064277,-48.6790679,SPRF-SC,DEL04-SC,UOP03-DEL04-SC,2023
"569584,0",2023-12-22,sexta-feira,00:35:00,SC,101,"114,2",ITAJAI,Ausência de reação do condutor,Colisão traseira,Com Vítimas Feridas,Plena Noite,Crescente,Nublado,Dupla,Reta,Sim,4,0,1,1,1,1,2,4,-26.86192886,-48.7286704,SPRF-SC,DEL04-SC,UOP04-DEL04-SC,2023
"569599,0",2023-12-22,sexta-feira,03:35:00,SC,101,"352,0",JAGUARUNA,Acessar a via sem observar a presença dos outros veículos,Colisão traseira,Com Vítimas Feridas,Plena Noite,Decrescente,Céu Claro,Dupla,Reta;Declive,Não,4,0,2,0,1,2,2,4,-28.61281617,-49.06258643,SPRF-SC,DEL02-SC,UOP01-DEL02-SC,2023
"569696,0",2023-12-22,sexta-feira,12:10:00,SC,470,"64,4",INDAIAL,Ausência de reação do condutor,Colisão traseira,Com Vítimas Feridas,Pleno dia,Decrescente,Sol,Simples,Reta,Sim,3,0,1,0,1,1,1,3,-26.8699706,-49.20703411,SPRF-SC,DEL04-SC,UOP01-DEL04-SC,2023
"569791,0",2023-12-22,sexta-feira,19:00:00,SC,101,"156,0",ITAPEMA,Ingestão de álcool pelo condutor,Colisão lateral mesmo sentido,Sem Vítimas,Pleno dia,Decrescente,Céu Claro,Dupla,Reta,Não,3,0,0,0,2,2,0,4,-27.172272,-48.61170204,SPRF-SC,DEL04-SC,UOP03-DEL04-SC,2023