id,data_inversa,dia_semana,horario,uf,br,km,municipio,causa_acidente,tipo_acidente,classificacao_acidente,fase_dia,sentido_via,condicao_metereologica,tipo_pista,tracado_via,uso_solo,pessoas,mortos,feridos_leves,feridos_graves,ilesos,ignorados,feridos,veiculos,latitude,longitude,regional,delegacia,uop,ano_arquivo
"569817,0",2023-12-22,sexta-feira,16:15:00,SC,470,"245,0",CURITIBANOS,Ausência de reação do condutor,Colisão traseira,Com Vítimas Feridas,Pleno dia,Crescente,Céu Claro,Simples,Reta,Não,4,0,1,0,2,2,1,5,-27.316158,-50.524006,SPRF-SC,DEL05-SC,UOP03-DEL05-SC,2023
"569914,0",2023-12-23,sábado,05:50:00,SC,101,"204,0",SAO JOSE,Ultrapassagem Indevida,Colisão traseira,Sem Vítimas,Amanhecer,Crescente,Céu Claro,Dupla,Reta,Sim,4,0,0,0,2,2,0,4,-27.57413014,-48.61363083,SPRF-SC,DEL01-SC,UOP01-DEL01-SC,2023
"569960,0",2023-12-23,sábado,09:35:00,SC,116,"5,6",MAFRA,Acessar a via sem observar a presença dos outros veículos,Colisão transversal,Com Vítimas Feridas,Pleno dia,Crescente,Chuva,Simples,Interseção de Vias,Sim,4,0,2,0,1,1,2,3,-26.14094396,-49.81508303,SPRF-SC,DEL06-SC,UOP01-DEL06-SC,2023
"570005,0",2023-12-23,sábado,11:45:00,SC,470,"70,3",INDAIAL,Conversão proibida,Colisão frontal,Com Vítimas Feridas,Pleno dia,Crescente,Céu Claro,Simples,Em Obras;Reta;Interseção de Vias,Sim,5,0,2,1,1,1,3,4,-26.89138449,-49.25713962,SPRF-SC,DEL04-SC,UOP01-DEL04-SC,2023
"570019,0",2023-12-23,sábado,12:50:00,SC,101,"99,7",BALNEARIO PICARRAS,Transitar no Acostamento,Colisão lateral mesmo sentido,Sem Vítimas,Pleno dia,Crescente,Céu Claro,Dupla,Reta,Não,3,0,0,0,2,2,0,4,-26.7471002,-48.69654831,SPRF-SC,DEL03-SC,UOP02-DEL03-SC,2023
"570046,0",2023-12-23,sábado,12:20:00,SC,280,"153,0",MAFRA,Reação tardia ou ineficiente do condutor,Colisão frontal,Com Vítimas Feridas,Pleno dia,Crescente,Chuva,Simples,Reta,Não,5,0,2,1,1,2,3,4,-26.22099817,-49.71288041,SPRF-SC,DEL06-SC,UOP03-DEL06-SC,2023
"570137,0",2023-12-23,sábado,20:10:00,SC,101,"219,0",PALHOCA,Ausência de reação do condutor,Colisão com objeto,Com Vítimas Feridas,Plena Noite,Crescente,Céu Claro,Dupla,Reta,Sim,4,0,0,1,1,5,1,7,-27.68392194,-48.66710085,SPRF-SC,DEL01-SC,UOP02-DEL01-SC,2023
"570213,0",2023-12-23,sábado,22:30:00,SC,101,"278,6",IMBITUBA,Ausência de reação do condutor,Colisão traseira,Com Vítimas Fatais,Plena Noite,Crescente,Céu Claro,Múltipla,Reta;Viaduto,Não,3,1,0,0,1,1,0,3,-28.18132798,-48.69586408,SPRF-SC,DEL02-SC,UOP03-DEL02-SC,2023
"570415,0",2023-12-24,domingo,22:30:00,SC,282,"444,3",PONTE SERRADA,Acessar a via sem observar a presença dos outros veículos,Colisão transversal,Com Vítimas Feridas,Plena Noite,Decrescente,Céu Claro,Simples,Reta,Não,4,0,1,2,0,2,3,4,-26.915865,-51.901859,SPRF-SC,DEL07-SC,UOP04-DEL07-SC,2023
"570501,0",2023-12-22,sexta-feira,05:00:00,SC,101,"378,0",ICARA,Condutor Dormindo,Colisão traseira,Sem Vítimas,Amanhecer,Crescente,Céu Claro,Múltipla,Reta,Não,3,0,0,0,3,0,0,3,-28.741853,-49.251657,SPRF-SC,DEL02-SC,UOP02-DEL02-SC,2023
"570650,0",2023-12-26,terça-feira,08:30:00,SC,101,"210,4",PALHOCA,Condutor deixou de manter distância do veículo da frente,Colisão transversal,Com Vítimas Feridas,Pleno dia,Decrescente,Céu Claro,Dupla,Interseção de Vias,Não,3,0,0,1,1,1,1,3,-27.6167305,-48.6457265,SPRF-SC,DEL01-SC,UOP01-DEL01-SC,2023
"570699,0",2023-12-26,terça-feira,13:50:00,SC,116,"211,1",PONTE ALTA,Demais falhas mecânicas ou elétricas,Tombamento,Sem Vítimas,Pleno dia,Crescente,Céu Claro,Simples,Curva;Declive,Não,4,0,0,0,3,2,0,5,-27.51040007,-50.36397936,SPRF-SC,DEL05-SC,UOP03-DEL05-SC,2023
"570702,0",2023-12-26,terça-feira,12:40:00,SC,280,"183,3",MAFRA,Velocidade Incompatível,Engavetamento,Com Vítimas Feridas,Pleno dia,Decrescente,Céu Claro,Simples,Reta,Não,13,0,4,0,8,2,4,7,-26.17524536,-49.91598805,SPRF-SC,DEL06-SC,UOP01-DEL06-SC,2023
"570737,0",2023-12-26,terça-feira,14:55:00,SC,280,"139,0",RIO NEGRINHO,Transitar na contramão,Colisão lateral sentido oposto,Com Vítimas Feridas,Pleno dia,Decrescente,Céu Claro,Simples,Declive,Sim,5,0,1,0,3,2,1,4,-26.254826,-49.603124,SPRF-SC,DEL06-SC,UOP03-DEL06-SC,2023
"570763,0",2023-12-26,terça-feira,12:05:00,SC,282,"633,7",DESCANSO,Demais falhas mecânicas ou elétricas,Tombamento,Com Vítimas Feridas,Pleno dia,Decrescente,Céu Claro,Simples,Curva;Declive,Não,2,0,1,0,0,3,1,4,-26.824224,-53.412407,SPRF-SC,DEL07-SC,UOP03-DEL07-SC,2023
"570814,0",2023-12-27,quarta-feira,00:35:00,SC,101,"207,3",SAO JOSE,Ausência de reação do condutor,Colisão traseira,Com Vítimas Feridas,Plena Noite,Crescente,Céu Claro,Múltipla,Aclive;Reta,Sim,8,0,5,0,2,2,5,5,-27.60001226,-48.6226467,SPRF-SC,DEL01-SC,UOP01-DEL01-SC,2023
"570823,0",2023-12-27,quarta-feira,04:40:00,SC,101,"58,0",ARAQUARI,Reação tardia ou ineficiente do condutor,Colisão traseira,Com Vítimas Fatais,Amanhecer,Decrescente,Céu Claro,Múltipla,Reta,Não,3,1,0,0,2,0,0,3,-26.4403415,-48.8009844,SPRF-SC,DEL03-SC,UOP02-DEL03-SC,2023
"571102,0",2023-12-28,quinta-feira,15:15:00,SC,470,"56,0",BLUMENAU,Condutor deixou de manter distância do veículo da frente,Colisão traseira,Com Vítimas Feridas,Pleno dia,Crescente,Céu Claro,Simples,Reta,Não,4,0,1,0,2,1,1,4,-26.87674,-49.127743,SPRF-SC,DEL04-SC,UOP01-DEL04-SC,2023
"571178,0",2023-12-28,quinta-feira,20:00:00,SC,163,"89,9",GUARACIABA,Transitar na contramão,Colisão lateral sentido oposto,Com Vítimas Feridas,Plena Noite,Decrescente,Céu Claro,Simples,Curva;Declive,Não,5,0,1,0,2,2,1,3,-26.57474691,-53.51220012,SPRF-SC,DEL07-SC,UOP03-DEL07-SC,2023
"571214,0",2023-12-29,sexta-feira,04:45:00,SC,101,"1,3",GARUVA,Velocidade Incompatível,Colisão traseira,Sem Vítimas,Amanhecer,Crescente,Céu Claro,Dupla,Declive;Reta,Sim,2,0,0,0,2,0,0,2,-25.99699834,-48.87891655,SPRF-SC,DEL03-SC,UOP01-DEL03-SC,2023
"571249,0",2023-11-23,quinta-feira,17:00:00,SC,280,"156,0",MAFRA,Chuva,Saída de leito carroçável,Com Vítimas Feridas,Anoitecer,Crescente,Chuva,Simples,Declive,Não,3,0,2,0,1,0,2,1,-26.20741005,-49.73642503,SPRF-SC,DEL06-SC,UOP03-DEL06-SC,2023
"571563,0",2023-12-30,sábado,17:40:00,SC,101,"102,0",PENHA,Frear bruscamente,Tombamento,Com Vítimas Feridas,Pleno dia,Crescente,Céu Claro,Dupla,Declive;Reta,Sim,4,0,2,0,1,1,2,3,-26.77383397,-48.68594062,SPRF-SC,DEL03-SC,UOP02-DEL03-SC,2023
"571698,0",2023-06-14,quarta-feira,18:30:00,SC,101,"257,5",PAULO LOPES,Acessar a via sem observar a presença dos outros veículos,Colisão transversal,Com Vítimas Feridas,Plena Noite,Decrescente,Chuva,Dupla,Declive,Não,4,0,1,0,2,1,1,3,-27.99701205,-48.68755194,SPRF-SC,DEL02-SC,UOP03-DEL02-SC,2023
"571706,0",2023-12-31,domingo,14:35:00,SC,101,"152,7",PORTO BELO,Acessar a via sem observar a presença dos outros veículos,Colisão lateral mesmo sentido,Com Vítimas Feridas,Pleno dia,Decrescente,Nublado,Múltipla,Reta;Retorno Regulamentado,Não,3,0,2,0,1,0,2,2,-27.13563503,-48.61004665,SPRF-SC,DEL04-SC,UOP03-DEL04-SC,2023
"572703,0",2023-12-16,sábado,16:26:00,SC,470,"117,1",IBIRAMA,Transitar na contramão,Colisão frontal,Com Vítimas Fatais,Pleno dia,Crescente,Nublado,Simples,Curva,Não,4,1,0,0,1,2,0,4,-27.08227199,-49.50707674,SPRF-SC,DEL04-SC,UOP02-DEL04-SC,2023
"573540,0",2023-12-16,sábado,09:45:00,SC,101,"141,0",ITAPEMA,Manobra de mudança de faixa,Colisão lateral mesmo sentido,Com Vítimas Feridas,Pleno dia,Crescente,Céu Claro,Dupla,Curva;Declive,Sim,5,0,1,0,3,1,1,3,-27.04761729,-48.59995855,SPRF-SC,DEL04-SC,UOP03-DEL04-SC,2023
"574189,0",2023-12-18,segunda-feira,09:00:00,SC,280,"197,2",MAFRA,Reação tardia ou ineficiente do condutor,Colisão traseira,Com Vítimas Feridas,Pleno dia,Crescente,Céu Claro,Simples,Reta,Não,6,0,0,1,5,0,1,4,-26.17527886,-50.04358202,SPRF-SC,DEL06-SC,UOP01-DEL06-SC,2023
"577816,0",2023-05-17,quarta-feira,20:00:00,SC,153,"1,2",AGUA DOCE,Reação tardia ou ineficiente do condutor,Tombamento,Com Vítimas Feridas,Plena Noite,Crescente,Céu Claro,Simples,Curva,Não,1,0,1,0,0,0,1,1,-26.612688,-51.494854,SPRF-SC,DEL07-SC,UOP07-DEL07-SC,2023
"582533,0",2023-12-04,segunda-feira,22:25:00,SC,101,"235,1",PALHOCA,Reação tardia ou ineficiente do condutor,Colisão com objeto,Com Vítimas Feridas,Plena Noite,Decrescente,Chuva,Dupla,Curva;Aclive,Não,2,0,1,0,0,1,1,2,-27.8177775,-48.6315025,SPRF-SC,DEL01-SC,UOP02-DEL01-SC,2023
"582543,0",2023-07-05,quarta-feira,18:50:00,SC,282,"309,4",VARGEM,Deficiência do Sistema de Iluminação/Sinalização,Colisão traseira,Com Vítimas Feridas,Plena Noite,Decrescente,Céu Claro,Simples,Reta;Ponte,Não,7,0,1,0,2,4,1,4,-27.48248988,-50.98212004,SPRF-SC,DEL07-SC,UOP06-DEL07-SC,2023
"584926,0",2023-12-15,sexta-feira,09:05:00,SC,116,"188,1",SAO CRISTOVAO DO SUL,Problema com o freio,Colisão traseira,Sem Vítimas,Pleno dia,Decrescente,Céu Claro,Simples,Desvio Temporário;Curva;Aclive;Em Obras,Não,4,0,0,0,3,2,0,4,-27.32965789,-50.42513021,SPRF-SC,DEL05-SC,UOP03-DEL05-SC,2023
"585677,0",2023-10-29,domingo,07:30:00,SC,101,"1,3",GARUVA,Reação tardia ou ineficiente do condutor,Colisão traseira,Com Vítimas Feridas,Pleno dia,Decrescente,Céu Claro,Dupla,Reta,Não,2,0,0,1,1,0,1,2,-25.98895627,-48.88356133,SPRF-SC,DEL03-SC,UOP01-DEL03-SC,2023
"586538,0",2023-12-30,sábado,19:45:00,SC,470,"179,0",POUSO REDONDO,Velocidade Incompatível,Colisão traseira,Com Vítimas Fatais,Plena Noite,Crescente,Céu Claro,Simples,Curva,Não,4,1,0,0,2,1,0,3,-27.2478642,-49.979979,SPRF-SC,DEL04-SC,UOP02-DEL04-SC,2023
"586578,0",2023-11-20,segunda-feira,20:50:00,SC,101,"163,0",TIJUCAS,Manobra de mudança de faixa,Colisão lateral mesmo sentido,Com Vítimas Feridas,Plena Noite,Decrescente,Nublado,Dupla,Reta,Não,2,0,0,1,0,1,1,2,-27.23461699,-48.63039809,SPRF-SC,DEL04-SC,UOP03-DEL04-SC,2023
"587053,0",2023-12-19,terça-feira,04:40:00,SC,101,"158,0",PORTO BELO,Reação tardia ou ineficiente do condutor,Colisão traseira,Com Vítimas Feridas,Amanhecer,Crescente,Sol,Dupla,Reta;Retorno Regulamentado,Sim,3,0,1,0,1,1,1,3,-27.19096301,-48.61259017,SPRF-SC,DEL04-SC,UOP03-DEL04-SC,2023
"589495,0",2023-09-10,domingo,21:00:00,SC,101,"73,3",ARAQUARI,Reação tardia ou ineficiente do condutor,Engavetamento,Com Vítimas Feridas,Plena Noite,Decrescente,Nublado,Dupla,Reta,Não,9,0,2,0,5,2,2,8,-26.53567108,-48.71326731,SPRF-SC,DEL03-SC,UOP02-DEL03-SC,2023
"598657,0",2023-10-14,sábado,00:00:00,SC,282,"26,7",SANTO AMARO DA IMPERATRIZ,Conversão proibida,Colisão transversal,Sem Vítimas,Plena Noite,Decrescente,Nublado,Simples,Interseção de Vias,Sim,2,0,0,0,2,0,0,2,-27.680267,-48.762482,SPRF-SC,DEL01-SC,UOP03-DEL01-SC,2023
"607433,0",2023-11-14,terça-feira,11:32:00,SC,282,"20,4",PALHOCA,Acumulo de óleo sobre o pavimento,Tombamento,Com Vítimas Fatais,Pleno dia,Crescente,Chuva,Simples,Interseção de Vias,Sim,3,1,0,0,2,0,0,3,-27.68689795,-48.71353263,SPRF-SC,DEL01-SC,UOP02-DEL01-SC,2023
"615885,0",2023-11-24,sexta-feira,07:22:00,SC,101,"352,0",JAGUARUNA,Reação tardia ou ineficiente do condutor,Colisão traseira,Com Vítimas Feridas,Pleno dia,Decrescente,Céu Claro,Dupla,Aclive;Reta,Sim,3,0,0,1,2,0,1,2,-28.60489869,-49.05593332,SPRF-SC,DEL02-SC,UOP01-DEL02-SC,2023
"619871,0",2023-12-13,quarta-feira,06:50:00,SC,101,"215,8",PALHOCA,Condutor deixou de manter distância do veículo da frente,Colisão lateral mesmo sentido,Com Vítimas Feridas,Pleno dia,Crescente,Céu Claro,Dupla,Reta;Interseção de Vias,Sim,2,0,0,1,1,0,1,2,-27.65237092,-48.67664337,,,,2023
"504909,0",2023-02-13,segunda-feira,13:40:00,SC,101,"11,0",GARUVA,Carga excessiva e/ou mal acondicionada,Colisão com objeto,Com Vítimas Feridas,Pleno dia,Decrescente,Céu Claro,Dupla,Reta,Sim,4,0,1,1,0,2,2,3,-26.0815,-48.8617,SPRF-SC,DEL03-SC,UOP01-DEL03-SC,2023
"512066,0",2023-02-07,terça-feira,20:15:00,SC,101,"103,5",BALNEARIO PICARRAS,Manobra de mudança de faixa,Colisão lateral mesmo sentido,Sem Vítimas,Plena Noite,Crescente,Céu Claro,Dupla,Reta,Não,4,0,0,0,2,2,0,3,-26.7832381,-48.68314632,SPRF-SC,DEL03-SC,UOP02-DEL03-SC,2023
"513209,0",2023-03-27,segunda-feira,13:50:00,SC,282,"580,0",PINHALZINHO,Demais falhas mecânicas ou elétricas,Incêndio,Sem Vítimas,Pleno dia,Crescente,Céu Claro,Dupla,Rotatória,Sim,1,0,0,0,1,0,0,1,-26.82629768,-53.00374986,SPRF-SC,DEL07-SC,UOP02-DEL07-SC,2023
"521978,0",2023-05-09,terça-feira,11:00:00,SC,101,"115,0",ITAJAI,Acesso irregular,Saída de leito carroçável,Com Vítimas Feridas,Pleno dia,Crescente,Nublado,Dupla,Reta,Sim,2,0,0,1,1,0,1,2,-26.87064015,-48.72954134,SPRF-SC,DEL04-SC,UOP04-DEL04-SC,2023
"537841,0",2023-07-24,segunda-feira,06:20:00,SC,470,"4,1",NAVEGANTES,Acessar a via sem observar a presença dos outros veículos,Colisão transversal,Com Vítimas Feridas,Amanhecer,Crescente,Céu Claro,Simples,Em Obras;Interseção de Vias;Reta,Sim,2,0,1,0,0,1,1,2,-26.858473,-48.690788,SPRF-SC,DEL04-SC,UOP04-DEL04-SC,2023
"524380,0",2023-05-21,domingo,02:00:00,SC,101,"377,0",ICARA,Transitar na contramão,Colisão frontal,Com Vítimas Feridas,Plena Noite,Decrescente,Céu Claro,Simples,Reta,Não,4,0,1,0,2,1,1,3,-28.74448343,-49.25703049,SPRF-SC,DEL02-SC,UOP01-DEL02-SC,2023
"496951,0",2023-01-03,terça-feira,06:30:00,SC,282,"19,0",PALHOCA,Frear bruscamente,Colisão lateral sentido oposto,Sem Vítimas,Pleno dia,Decrescente,Nublado,Simples,Viaduto;Reta,Não,3,0,0,0,2,1,0,3,-27.678635,-48.70192,SPRF-SC,DEL01-SC,UOP02-DEL01-SC,2023
"497487,0",2023-01-05,quinta-feira,21:00:00,SC,470,"60,0",BLUMENAU,Ingestão de álcool e/ou substâncias psicoativas pelo pedestre,Atropelamento de Pedestre,Com Vítimas Feridas,Plena Noite,Crescente,Ignorado,Dupla,Em Obras;Reta;Desvio Temporário,Sim,3,0,0,1,1,1,1,3,-26.88138,-49.164543,SPRF-SC,DEL04-SC,UOP01-DEL04-SC,2023
"497503,0",2023-01-06,sexta-feira,01:10:00,SC,101,"81,0",BARRA VELHA,Demais falhas mecânicas ou elétricas,Saída de leito carroçável,Sem Vítimas,Plena Noite,Crescente,Nublado,Dupla,Reta,Não,2,0,0,0,1,1,0,2,-26.60256101,-48.72553524,SPRF-SC,DEL03-SC,UOP02-DEL03-SC,2023
"501002,0",2023-01-21,sábado,16:00:00,SC,101,"284,8",IMBITUBA,Carga excessiva e/ou mal acondicionada,Atropelamento de Pedestre,Com Vítimas Feridas,Pleno dia,Crescente,Sol,Dupla,Curva,Não,3,0,1,0,1,1,1,3,-28.23624684,-48.70092273,SPRF-SC,DEL02-SC,UOP03-DEL02-SC,2023
"501363,0",2023-01-26,quinta-feira,16:25:00,SC,101,"106,5",PENHA,Condutor deixou de manter distância do veículo da frente,Colisão traseira,Com Vítimas Feridas,Pleno dia,Decrescente,Céu Claro,Dupla,Reta,Não,3,0,0,1,1,1,1,3,-26.81031601,-48.68293896,SPRF-SC,DEL03-SC,UOP02-DEL03-SC,2023
"502111,0",2023-01-30,segunda-feira,08:00:00,SC,101,"327,0",CAPIVARI DE BAIXO,Obstrução na via,Colisão traseira,Com Vítimas Feridas,Pleno dia,Crescente,Céu Claro,Dupla,Viaduto,Sim,9,0,1,0,7,1,1,5,-28.44012,-48.963143,SPRF-SC,DEL02-SC,UOP01-DEL02-SC,2023
"503316,0",2023-02-05,domingo,12:35:00,SC,470,"93,5",APIUNA,Transitar na contramão,Colisão frontal,Com Vítimas Fatais,Pleno dia,Crescente,Céu Claro,Simples,Reta,Não,6,1,0,0,4,1,0,3,-27.001184,-49.3750804,SPRF-SC,DEL04-SC,UOP01-DEL04-SC,2023
"509438,0",2023-02-24,sexta-feira,17:50:00,SC,282,"589,4",SAUDADES,Deficiência do Sistema de Iluminação/Sinalização,Colisão traseira,Com Vítimas Fatais,Anoitecer,Crescente,Chuva,Simples,Aclive;Reta,Não,3,1,0,0,1,1,0,3,-26.825861,-53.072893,SPRF-SC,DEL07-SC,UOP02-DEL07-SC,2023
"511403,0",2023-03-18,sábado,21:25:00,SC,280,"55,0",GUARAMIRIM,Ingestão de álcool pelo condutor,Colisão traseira,Com Vítimas Feridas,Plena Noite,Decrescente,Céu Claro,Dupla,Curva,Não,6,0,2,0,3,1,2,3,-26.47584353,-48.9937858,SPRF-SC,DEL03-SC,UOP03-DEL03-SC,2023
"512206,0",2023-03-22,quarta-feira,18:30:00,SC,470,"176,0",POUSO REDONDO,Velocidade Incompatível,Colisão transversal,Com Vítimas Feridas,Anoitecer,Decrescente,Céu Claro,Simples,Reta,Sim,3,0,1,0,1,1,1,3,-27.254238,-49.948658,SPRF-SC,DEL04-SC,UOP02-DEL04-SC,2023
"512919,0",2023-03-26,domingo,09:10:00,SC,101,"120,0",ITAJAI,Carga excessiva e/ou mal acondicionada,Saída de leito carroçável,Com Vítimas Feridas,Pleno dia,Crescente,Céu Claro,Dupla,Reta,Sim,4,0,2,0,1,1,2,2,-26.912758,-48.711998,SPRF-SC,DEL04-SC,UOP04-DEL04-SC,2023
"513495,0",2023-03-25,sábado,19:40:00,SC,101,"147,0",ITAPEMA,Reação tardia ou ineficiente do condutor,Colisão traseira,Sem Vítimas,Plena Noite,Decrescente,Nublado,Múltipla,Reta,Sim,3,0,0,0,2,1,0,3,-27.09237407,-48.61730888,SPRF-SC,DEL04-SC,UOP03-DEL04-SC,2023
"516338,0",2023-04-12,quarta-feira,08:00:00,SC,101,"148,0",ITAPEMA,Acessar a via sem observar a presença dos outros veículos,Colisão transversal,Com Vítimas Feridas,Pleno dia,Decrescente,Sol,Múltipla,Reta,Não,3,0,1,0,1,1,1,3,-27.10123686,-48.61807962,SPRF-SC,DEL04-SC,UOP03-DEL04-SC,2023
"516504,0",2023-04-12,quarta-feira,18:54:00,SC,470,"66,0",INDAIAL,Acessar a via sem observar a presença dos outros veículos,Colisão transversal,Com Vítimas Feridas,Plena Noite,Crescente,Garoa/Chuvisco,Simples,Reta;Em Obras,Não,4,0,1,2,0,1,3,3,-26.870407,-49.221844,SPRF-SC,DEL04-SC,UOP01-DEL04-SC,2023
"520517,0",2023-05-02,terça-feira,00:05:00,SC,470,"75,3",INDAIAL,Transitar na contramão,Colisão lateral sentido oposto,Com Vítimas Feridas,Plena Noite,Decrescente,Céu Claro,Simples,Reta,Não,3,0,0,1,1,1,1,3,-26.92872629,-49.28561839,SPRF-SC,DEL04-SC,UOP01-DEL04-SC,2023
"524201,0",2023-05-20,sábado,08:50:00,SC,101,"208,6",SAO JOSE,Ausência de reação do condutor,Colisão traseira,Com Vítimas Feridas,Pleno dia,Decrescente,Céu Claro,Múltipla,Reta,Sim,4,0,1,0,2,1,1,3,-27.60327979,-48.63201818,SPRF-SC,DEL01-SC,UOP01-DEL01-SC,2023
"527368,0",2023-06-04,domingo,13:00:00,SC,101,"289,8",IMBITUBA,Ausência de reação do condutor,Colisão transversal,Com Vítimas Feridas,Pleno dia,Crescente,Céu Claro,Simples,Reta,Sim,5,0,2,0,2,1,2,3,-28.26202477,-48.70403355,SPRF-SC,DEL02-SC,UOP03-DEL02-SC,2023
"527955,0",2023-06-07,quarta-feira,15:49:00,SC,101,"208,8",SAO JOSE,Ausência de reação do condutor,Colisão lateral mesmo sentido,Sem Vítimas,Pleno dia,Crescente,Céu Claro,Múltipla,Reta,Não,4,0,0,0,3,1,0,4,-27.60327979,-48.63201818,SPRF-SC,DEL01-SC,UOP01-DEL01-SC,2023
"529989,0",2023-06-17,sábado,05:40:00,SC,101,"374,0",ICARA,Condutor deixou de manter distância do veículo da frente,Colisão traseira,Com Vítimas Feridas,Amanhecer,Decrescente,Céu Claro,Dupla,Reta,Não,3,0,1,0,1,1,1,3,-28.71534412,-49.22723198,SPRF-SC,DEL02-SC,UOP01-DEL02-SC,2023
"530042,0",2023-06-17,sábado,11:20:00,SC,282,"62,5",RANCHO QUEIMADO,Reação tardia ou ineficiente do condutor,Colisão traseira,Com Vítimas Fatais,Pleno dia,Decrescente,Céu Claro,Simples,Reta,Não,4,1,0,0,2,1,0,3,-27.6928382,-49.0408014,SPRF-SC,DEL01-SC,UOP03-DEL01-SC,2023
"531911,0",2023-06-26,segunda-feira,06:30:00,SC,280,"260,0",IRINEOPOLIS,Deficiência do Sistema de Iluminação/Sinalização,Colisão traseira,Com Vítimas Feridas,Plena Noite,Crescente,Nevoeiro/Neblina,Simples,Reta;Ponte,Não,4,0,1,0,2,1,1,3,-26.26206627,-50.63822202,SPRF-SC,DEL06-SC,UOP04-DEL06-SC,2023
"532599,0",2023-06-29,quinta-feira,15:58:00,SC,101,"30,0",JOINVILLE,Condutor deixou de manter distância do veículo da frente,Colisão traseira,Com Vítimas Feridas,Pleno dia,Crescente,Nublado,Dupla,Declive,Não,9,0,2,0,6,1,2,4,-26.22783473,-48.91662598,SPRF-SC,DEL03-SC,UOP01-DEL03-SC,2023
"533292,0",2023-07-02,domingo,18:10:00,SC,101,"206,2",SAO JOSE,Velocidade Incompatível,Engavetamento,Com Vítimas Feridas,Plena Noite,Decrescente,Nublado,Dupla,Reta,Sim,8,0,2,0,5,1,2,6,-27.59193546,-48.61824557,SPRF-SC,DEL01-SC,UOP01-DEL01-SC,2023
"534172,0",2023-05-08,segunda-feira,18:45:00,SC,101,"433,6",SOMBRIO,Reação tardia ou ineficiente do condutor,Colisão traseira,Com Vítimas Feridas,Plena Noite,Crescente,Nublado,Múltipla,Reta,Sim,4,0,1,0,2,1,1,4,-29.08200809,-49.6297237,SPRF-SC,DEL02-SC,UOP02-DEL02-SC,2023
"535673,0",2023-07-14,sexta-feira,01:00:00,SC,101,"374,0",ICARA,Condutor Dormindo,Colisão traseira,Sem Vítimas,Plena Noite,Decrescente,Garoa/Chuvisco,Dupla,Reta,Não,3,0,0,0,2,1,0,3,-28.72511695,-49.23865199,SPRF-SC,DEL02-SC,UOP01-DEL02-SC,2023
"536013,0",2023-07-15,sábado,14:30:00,SC,470,"228,1",SAO CRISTOVAO DO SUL,Velocidade Incompatível,Saída de leito carroçável,Com Vítimas Feridas,Pleno dia,Crescente,Sol,Simples,Curva,Não,3,0,1,0,1,1,1,2,-27.321127,-50.378922,SPRF-SC,DEL05-SC,UOP03-DEL05-SC,2023
"538274,0",2023-07-26,quarta-feira,10:13:00,SC,470,"57,7",BLUMENAU,Conversão proibida,Colisão transversal,Com Vítimas Feridas,Pleno dia,Decrescente,Céu Claro,Simples,Em Obras;Reta,Não,3,0,1,0,1,1,1,3,-26.880428,-49.136532,SPRF-SC,DEL04-SC,UOP01-DEL04-SC,2023
"540868,0",2023-08-07,segunda-feira,15:30:00,SC,101,"34,9",JOINVILLE,Ausência de reação do condutor,Colisão com objeto,Com Vítimas Feridas,Pleno dia,Crescente,Céu Claro,Dupla,Curva,Sim,3,0,1,0,1,1,1,3,-26.23667403,-48.91486706,SPRF-SC,DEL03-SC,UOP01-DEL03-SC,2023
"541526,0",2023-08-11,sexta-feira,05:00:00,SC,470,"35,2",GASPAR,Reação tardia ou ineficiente do condutor,Colisão lateral sentido oposto,Com Vítimas Feridas,Plena Noite,Crescente,Nublado,Simples,Em Obras;Reta,Não,3,0,0,1,1,1,1,3,-26.912857,-48.958965,SPRF-SC,DEL04-SC,UOP01-DEL04-SC,2023
"543663,0",2023-08-21,segunda-feira,09:00:00,SC,101,"41,1",JOINVILLE,Reação tardia ou ineficiente do condutor,Colisão com objeto,Com Vítimas Feridas,Pleno dia,Crescente,Céu Claro,Dupla,Declive;Curva,Sim,4,0,1,0,2,1,1,2,-26.31695944,-48.87336731,SPRF-SC,DEL03-SC,UOP01-DEL03-SC,2023
"543923,0",2023-08-22,terça-feira,19:15:00,SC,280,"36,1",ARAQUARI,Acessar a via sem observar a presença dos outros veículos,Colisão transversal,Com Vítimas Feridas,Plena Noite,Decrescente,Nublado,Simples,Reta,Não,3,0,1,0,1,1,1,3,-26.44201783,-48.80964363,SPRF-SC,DEL03-SC,UOP03-DEL03-SC,2023
"545331,0",2023-08-29,terça-feira,17:25:00,SC,101,"107,0",PENHA,Ausência de reação do condutor,Colisão lateral sentido oposto,Com Vítimas Feridas,Pleno dia,Decrescente,Garoa/Chuvisco,Múltipla,Retorno Regulamentado,Sim,3,0,1,0,1,1,1,3,-26.81930608,-48.68390282,SPRF-SC,DEL03-SC,UOP02-DEL03-SC,2023
"545874,0",2023-09-01,sexta-feira,11:59:00,SC,101,"86,5",BARRA VELHA,Ausência de reação do condutor,Colisão lateral mesmo sentido,Com Vítimas Feridas,Pleno dia,Crescente,Céu Claro,Múltipla,Interseção de Vias,Sim,4,0,1,0,2,1,1,3,-26.63782499,-48.69603038,SPRF-SC,DEL03-SC,UOP02-DEL03-SC,2023