id,data_inversa,dia_semana,horario,uf,br,km,municipio,causa_acidente,tipo_acidente,classificacao_acidente,fase_dia,sentido_via,condicao_metereologica,tipo_pista,tracado_via,uso_solo,pessoas,mortos,feridos_leves,feridos_graves,ilesos,ignorados,feridos,veiculos,latitude,longitude,regional,delegacia,uop,ano_arquivo
"551779,0",2023-09-29,sexta-feira,17:50:00,SC,101,"267,2",PAULO LOPES,Condutor Dormindo,Colisão com objeto,Com Vítimas Feridas,Pleno dia,Decrescente,Céu Claro,Dupla,Reta,Não,3,0,2,0,0,1,2,2,-28.07699803,-48.71234311,SPRF-SC,DEL02-SC,UOP03-DEL02-SC,2023
"554950,0",2023-10-14,sábado,15:00:00,SC,101,"339,0",TUBARAO,Desrespeitar a preferência no cruzamento,Colisão transversal,Sem Vítimas,Pleno dia,Crescente,Céu Claro,Múltipla,Viaduto;Interseção de Vias,Sim,3,0,0,0,2,1,0,3,-28.49351117,-49.04178985,SPRF-SC,DEL02-SC,UOP01-DEL02-SC,2023
"558888,0",2023-11-03,sexta-feira,14:45:00,SC,101,"104,0",PENHA,Ausência de reação do condutor,Colisão lateral mesmo sentido,Com Vítimas Feridas,Pleno dia,Crescente,Nublado,Dupla,Reta;Declive,Não,8,0,2,0,5,1,2,6,-26.79682,-48.679898,SPRF-SC,DEL03-SC,UOP02-DEL03-SC,2023
"560113,0",2023-11-09,quinta-feira,14:20:00,SC,280,"55,0",GUARAMIRIM,Carga excessiva e/ou mal acondicionada,Colisão com objeto,Com Vítimas Feridas,Pleno dia,Crescente,Céu Claro,Dupla,Viaduto;Reta;Aclive,Sim,3,0,2,0,0,1,2,2,-26.47584353,-48.9937858,SPRF-SC,DEL03-SC,UOP03-DEL03-SC,2023
"562053,0",2023-11-18,sábado,14:00:00,SC,101,"177,0",BIGUACU,Acessar a via sem observar a presença dos outros veículos,Colisão lateral mesmo sentido,Com Vítimas Feridas,Pleno dia,Crescente,Nublado,Simples,Reta,Não,3,0,1,0,1,1,1,3,-27.35538202,-48.63241474,SPRF-SC,DEL01-SC,UOP01-DEL01-SC,2023
"562525,0",2023-11-20,segunda-feira,15:30:00,SC,101,"127,0",ITAJAI,Reação tardia ou ineficiente do condutor,Saída de leito carroçável,Com Vítimas Feridas,Pleno dia,Crescente,Nublado,Dupla,Reta;Declive,Não,3,0,2,0,0,1,2,2,-26.9639319,-48.68328024,SPRF-SC,DEL04-SC,UOP04-DEL04-SC,2023
"563123,0",2023-11-23,quinta-feira,18:00:00,SC,282,"15,8",PALHOCA,Retorno proibido,Colisão traseira,Com Vítimas Feridas,Anoitecer,Crescente,Nublado,Simples,Reta,Sim,3,0,1,0,1,1,1,3,-27.651848,-48.676048,SPRF-SC,DEL01-SC,UOP02-DEL01-SC,2023
"563341,0",2023-11-24,sexta-feira,19:40:00,SC,101,"194,0",BIGUACU,Condutor deixou de manter distância do veículo da frente,Colisão lateral mesmo sentido,Com Vítimas Feridas,Plena Noite,Decrescente,Céu Claro,Dupla,Viaduto,Sim,3,0,1,0,1,1,1,3,-27.49815117,-48.65661236,SPRF-SC,DEL01-SC,UOP01-DEL01-SC,2023
"565851,0",2023-12-06,quarta-feira,12:10:00,SC,101,"205,2",SAO JOSE,Manobra de mudança de faixa,Colisão lateral mesmo sentido,Com Vítimas Feridas,Pleno dia,Decrescente,Céu Claro,Dupla,Reta,Sim,3,0,1,0,1,1,1,3,-27.591936,-48.618244,SPRF-SC,DEL01-SC,UOP01-DEL01-SC,2023
"565894,0",2023-12-06,quarta-feira,16:30:00,SC,101,"146,0",ITAPEMA,Condutor deixou de manter distância do veículo da frente,Engavetamento,Sem Vítimas,Pleno dia,Decrescente,Céu Claro,Dupla,Reta,Sim,6,0,0,0,5,1,0,6,-27.08666525,-48.60955587,SPRF-SC,DEL04-SC,UOP03-DEL04-SC,2023
"566451,0",2023-12-08,sexta-feira,20:20:00,SC,101,"339,9",TUBARAO,Ausência de reação do condutor,Colisão traseira,Com Vítimas Feridas,Plena Noite,Decrescente,Céu Claro,Simples,Reta,Não,7,0,5,0,1,1,5,4,-28.5190811,-49.05395508,SPRF-SC,DEL02-SC,UOP01-DEL02-SC,2023
"566706,0",2023-12-09,sábado,22:40:00,SC,101,"150,8",ITAPEMA,Manobra de mudança de faixa,Colisão lateral mesmo sentido,Com Vítimas Feridas,Plena Noite,Decrescente,Chuva,Dupla,Reta,Sim,3,0,1,0,1,1,1,3,-27.11744799,-48.60940987,SPRF-SC,DEL04-SC,UOP03-DEL04-SC,2023
"566819,0",2023-12-10,domingo,12:40:00,SC,101,"267,0",PAULO LOPES,Manobra de mudança de faixa,Saída de leito carroçável,Com Vítimas Feridas,Pleno dia,Decrescente,Céu Claro,Dupla,Reta,Não,3,0,1,0,1,1,1,2,-28.07699803,-48.71234311,SPRF-SC,DEL02-SC,UOP03-DEL02-SC,2023
"567466,0",2023-12-13,quarta-feira,07:50:00,SC,101,"131,4",BALNEARIO CAMBORIU,Reação tardia ou ineficiente do condutor,Colisão traseira,Com Vítimas Feridas,Pleno dia,Decrescente,Sol,Múltipla,Reta,Sim,3,0,1,0,1,1,1,3,-26.99064209,-48.66310912,SPRF-SC,DEL04-SC,UOP03-DEL04-SC,2023
"568204,0",2023-12-16,sábado,10:53:00,SC,280,"127,9",RIO NEGRINHO,Entrada inopinada do pedestre,Atropelamento de Pedestre,Com Vítimas Feridas,Pleno dia,Crescente,Céu Claro,Simples,Curva,Não,3,0,1,0,1,1,1,3,-26.23943953,-49.50420708,SPRF-SC,DEL06-SC,UOP03-DEL06-SC,2023
"568692,0",2023-12-09,sábado,06:50:00,SC,280,"103,0",SAO BENTO DO SUL,Demais falhas mecânicas ou elétricas,Colisão frontal,Com Vítimas Feridas,Pleno dia,Crescente,Céu Claro,Simples,Aclive;Curva,Não,4,0,1,0,2,1,1,3,-26.35967199,-49.347507,SPRF-SC,DEL06-SC,UOP03-DEL06-SC,2023
"568773,0",2023-12-18,segunda-feira,16:45:00,SC,101,"43,9",JOINVILLE,Ausência de sinalização,Colisão transversal,Com Vítimas Feridas,Pleno dia,Crescente,Céu Claro,Múltipla,Interseção de Vias,Sim,4,0,1,0,2,1,1,3,-26.33810496,-48.85950565,SPRF-SC,DEL03-SC,UOP01-DEL03-SC,2023
"569473,0",2023-12-21,quinta-feira,08:50:00,SC,470,"208,8",SAO CRISTOVAO DO SUL,Ultrapassagem Indevida,Colisão frontal,Com Vítimas Feridas,Pleno dia,Decrescente,Céu Claro,Simples,Curva;Declive,Não,9,0,5,1,2,1,6,4,-27.291792,-50.2043,SPRF-SC,DEL05-SC,UOP03-DEL05-SC,2023
"570762,0",2023-12-26,terça-feira,15:10:00,SC,101,"337,0",TUBARAO,Reação tardia ou ineficiente do condutor,Colisão traseira,Sem Vítimas,Pleno dia,Decrescente,Céu Claro,Dupla,Aclive;Reta,Não,3,0,0,0,2,1,0,3,-28.47801624,-49.03246283,SPRF-SC,DEL02-SC,UOP01-DEL02-SC,2023
"571135,0",2023-12-28,quinta-feira,17:00:00,SC,101,"191,0",BIGUACU,Condutor deixou de manter distância do veículo da frente,Colisão traseira,Sem Vítimas,Pleno dia,Crescente,Sol,Dupla,Curva,Não,3,0,0,0,2,1,0,3,-27.468056,-48.641712,SPRF-SC,DEL01-SC,UOP01-DEL01-SC,2023
"573134,0",2023-11-28,terça-feira,17:00:00,SC,282,"4,0",FLORIANOPOLIS,Falta de acostamento,Colisão lateral mesmo sentido,Sem Vítimas,Pleno dia,Crescente,Chuva,Dupla,Reta,Sim,3,0,0,0,2,1,0,3,-27.592646,-48.604034,SPRF-SC,DEL01-SC,UOP01-DEL01-SC,2023
"496524,0",2023-01-01,domingo,02:20:00,SC,101,"408,0",ARARANGUA,Ingestão de álcool pelo condutor,Saída de leito carroçável,Com Vítimas Feridas,Plena Noite,Crescente,Céu Claro,Simples,Curva,Não,1,0,1,0,0,0,1,1,-28.90746181,-49.48048824,SPRF-SC,DEL02-SC,UOP02-DEL02-SC,2023
"496528,0",2023-01-01,domingo,03:16:00,SC,101,"202,0",SAO JOSE,Ingestão de álcool pelo condutor,Colisão traseira,Sem Vítimas,Plena Noite,Decrescente,Céu Claro,Múltipla,Curva,Sim,4,0,0,0,4,0,0,2,-27.55711595,-48.61897889,SPRF-SC,DEL01-SC,UOP01-DEL01-SC,2023
"496533,0",2023-01-01,domingo,03:30:00,SC,101,"252,2",PAULO LOPES,Condutor Dormindo,Saída de leito carroçável,Com Vítimas Feridas,Plena Noite,Decrescente,Céu Claro,Dupla,Curva,Sim,2,0,1,1,0,0,2,1,-27.95672412,-48.6767588,SPRF-SC,DEL02-SC,UOP03-DEL02-SC,2023
"496537,0",2023-01-01,domingo,03:30:00,SC,101,"159,0",PORTO BELO,Ausência de reação do condutor,Colisão com objeto,Com Vítimas Feridas,Plena Noite,Crescente,Nublado,Dupla,Reta,Não,1,0,1,0,0,0,1,1,-27.1998778,-48.61534236,SPRF-SC,DEL04-SC,UOP03-DEL04-SC,2023
"496567,0",2023-01-01,domingo,06:30:00,SC,282,"256,0",SAO JOSE DO CERRITO,Condutor Dormindo,Saída de leito carroçável,Com Vítimas Feridas,Amanhecer,Decrescente,Sol,Simples,Curva;Declive,Sim,5,0,1,0,4,0,1,1,-27.67211,-50.581013,SPRF-SC,DEL05-SC,UOP02-DEL05-SC,2023
"496576,0",2023-01-01,domingo,08:15:00,SC,116,"7,0",MAFRA,Acessar a via sem observar a presença dos outros veículos,Colisão transversal,Com Vítimas Feridas,Pleno dia,Decrescente,Céu Claro,Simples,Reta;Interseção de Vias,Sim,5,0,3,0,2,0,3,2,-26.15196176,-49.83102416,SPRF-SC,DEL06-SC,UOP01-DEL06-SC,2023
"496596,0",2023-01-01,domingo,10:20:00,SC,101,"153,8",PORTO BELO,Demais falhas mecânicas ou elétricas,Tombamento,Com Vítimas Feridas,Pleno dia,Crescente,Céu Claro,Dupla,Reta,Não,1,0,1,0,0,0,1,1,-27.144717,-48.61063935,SPRF-SC,DEL04-SC,UOP03-DEL04-SC,2023
"496597,0",2023-01-01,domingo,08:45:00,SC,280,"91,1",CORUPA,Ausência de reação do condutor,Colisão frontal,Com Vítimas Feridas,Pleno dia,Crescente,Céu Claro,Simples,Curva,Não,2,0,1,0,1,0,1,2,-26.40198057,-49.29053774,SPRF-SC,DEL06-SC,UOP03-DEL06-SC,2023
"496600,0",2023-01-01,domingo,12:20:00,SC,282,"223,4",LAGES,Acessar a via sem observar a presença dos outros veículos,Colisão transversal,Com Vítimas Feridas,Pleno dia,Decrescente,Céu Claro,Simples,Rotatória,Não,5,0,4,1,0,0,5,2,-27.800127,-50.362751,SPRF-SC,DEL05-SC,UOP01-DEL05-SC,2023
"496603,0",2023-01-01,domingo,11:40:00,SC,101,"199,1",SAO JOSE,Velocidade Incompatível,Tombamento,Com Vítimas Feridas,Pleno dia,Decrescente,Céu Claro,Múltipla,Declive,Sim,2,0,2,0,0,0,2,1,-27.539083,-48.623562,SPRF-SC,DEL01-SC,UOP01-DEL01-SC,2023
"496618,0",2023-01-01,domingo,15:15:00,SC,101,"31,0",JOINVILLE,Avarias e/ou desgaste excessivo no pneu,Tombamento,Com Vítimas Feridas,Pleno dia,Decrescente,Céu Claro,Dupla,Declive;Reta,Não,2,0,2,0,0,0,2,1,-26.22195899,-48.91634925,SPRF-SC,DEL03-SC,UOP01-DEL03-SC,2023
"496619,0",2023-01-01,domingo,15:10:00,SC,101,"158,1",PORTO BELO,Acessar a via sem observar a presença dos outros veículos,Colisão lateral mesmo sentido,Com Vítimas Feridas,Pleno dia,Decrescente,Sol,Dupla,Reta,Não,4,0,1,1,2,0,2,2,-27.19096301,-48.61259017,SPRF-SC,DEL04-SC,UOP03-DEL04-SC,2023
"496624,0",2023-01-01,domingo,15:35:00,SC,101,"206,9",SAO JOSE,Semáforo com defeito,Colisão lateral mesmo sentido,Com Vítimas Feridas,Pleno dia,Crescente,Céu Claro,Simples,Interseção de Vias,Sim,2,0,1,0,1,0,1,2,-27.59193546,-48.61824557,SPRF-SC,DEL01-SC,UOP01-DEL01-SC,2023
"496627,0",2023-01-01,domingo,15:20:00,SC,101,"416,0",ARARANGUA,Reação tardia ou ineficiente do condutor,Colisão traseira,Com Vítimas Feridas,Pleno dia,Crescente,Céu Claro,Múltipla,Reta,Sim,2,0,1,0,1,0,1,2,-28.96708874,-49.52338825,SPRF-SC,DEL02-SC,UOP02-DEL02-SC,2023
"496641,0",2023-01-01,domingo,17:25:00,SC,101,"136,0",BALNEARIO CAMBORIU,Acessar a via sem observar a presença dos outros veículos,Colisão lateral mesmo sentido,Com Vítimas Feridas,Pleno dia,Decrescente,Céu Claro,Simples,Curva,Não,3,0,0,1,2,0,1,2,-27.008113,-48.617245,SPRF-SC,DEL04-SC,UOP03-DEL04-SC,2023
"496650,0",2023-01-01,domingo,16:15:00,SC,101,"309,8",LAGUNA,Avarias e/ou desgaste excessivo no pneu,Colisão com objeto,Com Vítimas Feridas,Pleno dia,Crescente,Céu Claro,Simples,Declive;Curva,Sim,2,0,0,2,0,0,2,1,-28.43809446,-48.81047755,SPRF-SC,DEL02-SC,UOP01-DEL02-SC,2023
"496651,0",2023-01-01,domingo,17:47:00,SC,101,"188,2",BIGUACU,Condutor deixou de manter distância do veículo da frente,Colisão traseira,Sem Vítimas,Pleno dia,Crescente,Céu Claro,Dupla,Reta,Sim,3,0,0,0,2,1,0,3,-27.45123421,-48.63370766,SPRF-SC,DEL01-SC,UOP01-DEL01-SC,2023
"496654,0",2023-01-01,domingo,17:50:00,SC,280,"232,0",CANOINHAS,Reação tardia ou ineficiente do condutor,Saída de leito carroçável,Com Vítimas Feridas,Pleno dia,Crescente,Sol,Simples,Reta,Sim,1,0,1,0,0,0,1,1,-26.19014736,-50.38186997,SPRF-SC,DEL06-SC,UOP04-DEL06-SC,2023
"496666,0",2023-01-01,domingo,18:30:00,SC,101,"137,0",BALNEARIO CAMBORIU,Condutor deixou de manter distância do veículo da frente,Colisão traseira,Com Vítimas Feridas,Pleno dia,Decrescente,Sol,Dupla,Reta;Aclive,Sim,2,0,0,1,1,0,1,2,-27.0157238,-48.61192763,SPRF-SC,DEL04-SC,UOP03-DEL04-SC,2023
"496694,0",2023-01-01,domingo,20:40:00,SC,101,"413,0",ARARANGUA,Acesso irregular,Colisão traseira,Com Vítimas Feridas,Plena Noite,Crescente,Céu Claro,Simples,Reta,Sim,2,0,0,1,1,0,1,2,-28.94605997,-49.50428402,SPRF-SC,DEL02-SC,UOP02-DEL02-SC,2023
"496695,0",2023-01-01,domingo,20:15:00,SC,101,"135,0",BALNEARIO CAMBORIU,Reação tardia ou ineficiente do condutor,Engavetamento,Sem Vítimas,Plena Noite,Decrescente,Céu Claro,Múltipla,Reta,Sim,4,0,0,0,4,0,0,4,-27.0050108,-48.62677494,SPRF-SC,DEL04-SC,UOP03-DEL04-SC,2023
"496701,0",2023-01-01,domingo,21:50:00,SC,101,"100,7",BALNEARIO PICARRAS,Ultrapassagem Indevida,Colisão frontal,Com Vítimas Feridas,Plena Noite,Crescente,Céu Claro,Simples,Reta,Sim,2,0,0,1,1,0,1,2,-26.75482787,-48.68993675,SPRF-SC,DEL03-SC,UOP02-DEL03-SC,2023
"496736,0",2023-01-02,segunda-feira,01:23:00,SC,282,"3,4",FLORIANOPOLIS,Ingestão de álcool pelo condutor,Colisão com objeto,Com Vítimas Feridas,Plena Noite,Crescente,Garoa/Chuvisco,Múltipla,Reta;Declive,Sim,1,0,1,0,0,0,1,1,-27.600384,-48.599705,SPRF-SC,DEL01-SC,UOP01-DEL01-SC,2023
"496750,0",2023-01-02,segunda-feira,06:50:00,SC,101,"190,7",BIGUACU,Condutor deixou de manter distância do veículo da frente,Colisão traseira,Sem Vítimas,Pleno dia,Crescente,Céu Claro,Dupla,Reta,Não,4,0,0,0,4,0,0,4,-27.468056,-48.641712,SPRF-SC,DEL01-SC,UOP01-DEL01-SC,2023
"496752,0",2023-01-01,domingo,19:00:00,SC,470,"87,5",ASCURRA,Condutor Dormindo,Colisão com objeto,Sem Vítimas,Pleno dia,Crescente,Céu Claro,Simples,Reta,Sim,1,0,0,0,1,0,0,1,-26.948483,-49.366833,SPRF-SC,DEL04-SC,UOP01-DEL04-SC,2023
"496755,0",2023-01-02,segunda-feira,06:35:00,SC,116,"164,9",PONTE ALTA DO NORTE,Reação tardia ou ineficiente do condutor,Saída de leito carroçável,Com Vítimas Feridas,Pleno dia,Crescente,Nublado,Simples,Declive;Curva,Não,2,0,0,1,1,0,1,1,-27.14325097,-50.46036547,SPRF-SC,DEL05-SC,UOP03-DEL05-SC,2023
"496759,0",2023-01-02,segunda-feira,07:50:00,SC,282,"4,5",FLORIANOPOLIS,Trafegar com motocicleta (ou similar) entre as faixas,Colisão lateral mesmo sentido,Com Vítimas Feridas,Pleno dia,Decrescente,Sol,Dupla,Reta,Sim,2,0,1,0,1,0,1,2,-27.592646,-48.604034,SPRF-SC,DEL01-SC,UOP01-DEL01-SC,2023
"496766,0",2023-01-02,segunda-feira,08:00:00,SC,470,"67,0",INDAIAL,Conversão proibida,Colisão frontal,Com Vítimas Feridas,Pleno dia,Crescente,Nublado,Simples,Reta,Sim,3,0,1,0,2,0,1,2,-26.872158,-49.23127,SPRF-SC,DEL04-SC,UOP01-DEL04-SC,2023
"496767,0",2023-01-02,segunda-feira,08:10:00,SC,101,"287,7",IMBITUBA,Estacionar ou parar em local proibido,Colisão traseira,Com Vítimas Feridas,Pleno dia,Crescente,Céu Claro,Dupla,Curva,Não,3,0,2,0,1,0,2,2,-28.260708,-48.704559,SPRF-SC,DEL02-SC,UOP03-DEL02-SC,2023
"496770,0",2023-01-02,segunda-feira,09:00:00,SC,282,"17,3",PALHOCA,Conversão proibida,Colisão transversal,Com Vítimas Feridas,Pleno dia,Decrescente,Céu Claro,Simples,Interseção de Vias,Sim,2,0,1,0,1,0,1,2,-27.665707,-48.688065,SPRF-SC,DEL01-SC,UOP02-DEL01-SC,2023
"496785,0",2023-01-02,segunda-feira,09:00:00,SC,282,"388,7",JOACABA,Pedestre cruzava a pista fora da faixa,Atropelamento de Pedestre,Com Vítimas Feridas,Pleno dia,Crescente,Nublado,Simples,Curva;Aclive,Não,2,0,1,1,0,0,2,2,-27.179003,-51.531616,SPRF-SC,DEL07-SC,UOP05-DEL07-SC,2023
"496788,0",2023-01-02,segunda-feira,10:10:00,SC,101,"187,3",BIGUACU,Reação tardia ou ineficiente do condutor,Colisão lateral mesmo sentido,Com Vítimas Feridas,Pleno dia,Crescente,Céu Claro,Dupla,Reta,Não,2,0,0,1,1,0,1,2,-27.44307116,-48.62848475,SPRF-SC,DEL01-SC,UOP01-DEL01-SC,2023
"496798,0",2023-01-02,segunda-feira,11:20:00,SC,101,"207,8",SAO JOSE,Trafegar com motocicleta (ou similar) entre as faixas,Colisão lateral mesmo sentido,Com Vítimas Feridas,Pleno dia,Crescente,Sol,Múltipla,Reta,Sim,2,0,1,0,1,0,1,2,-27.60001226,-48.6226467,SPRF-SC,DEL01-SC,UOP01-DEL01-SC,2023
"496800,0",2023-01-02,segunda-feira,10:15:00,SC,101,"319,2",PESCARIA BRAVA,Reação tardia ou ineficiente do condutor,Engavetamento,Com Vítimas Feridas,Pleno dia,Crescente,Céu Claro,Dupla,Reta,Sim,9,0,7,0,2,0,7,3,-28.42532339,-48.8919091,SPRF-SC,DEL02-SC,UOP01-DEL02-SC,2023
"496803,0",2023-01-02,segunda-feira,12:10:00,SC,101,"208,3",SAO JOSE,Reação tardia ou ineficiente do condutor,Colisão traseira,Com Vítimas Feridas,Pleno dia,Decrescente,Céu Claro,Múltipla,Reta,Não,3,0,1,0,2,0,1,2,-27.60327979,-48.63201818,SPRF-SC,DEL01-SC,UOP01-DEL01-SC,2023
"496837,0",2023-01-02,segunda-feira,15:30:00,SC,101,"32,0",JOINVILLE,Ingestão de álcool pelo condutor,Queda de ocupante de veículo,Com Vítimas Feridas,Pleno dia,Decrescente,Nublado,Dupla,Reta,Não,2,0,2,0,0,0,2,1,-26.25144014,-48.90801389,SPRF-SC,DEL03-SC,UOP01-DEL03-SC,2023
"496838,0",2023-01-02,segunda-feira,01:10:00,SC,282,"603,8",MARAVILHA,Animais na Pista,Atropelamento de Animal,Sem Vítimas,Plena Noite,Crescente,Nublado,Simples,Reta;Aclive,Não,1,0,0,0,0,1,0,1,-26.803013,-53.188068,SPRF-SC,DEL07-SC,UOP02-DEL07-SC,2023
"496842,0",2023-01-02,segunda-feira,12:50:00,SC,470,"219,0",SAO CRISTOVAO DO SUL,Ausência de reação do condutor,Colisão frontal,Com Vítimas Feridas,Pleno dia,Crescente,Chuva,Simples,Curva;Aclive,Não,9,0,5,2,2,0,7,3,-27.30101138,-50.29987335,SPRF-SC,DEL05-SC,UOP03-DEL05-SC,2023
"496843,0",2023-01-02,segunda-feira,15:40:00,SC,280,"45,0",GUARAMIRIM,Condutor deixou de manter distância do veículo da frente,Colisão traseira,Com Vítimas Feridas,Pleno dia,Crescente,Céu Claro,Simples,Reta,Não,2,0,1,0,1,0,1,2,-26.45236168,-48.89788602,SPRF-SC,DEL03-SC,UOP03-DEL03-SC,2023
"496844,0",2023-01-02,segunda-feira,16:00:00,SC,101,"212,0",PALHOCA,Reação tardia ou ineficiente do condutor,Atropelamento de Pedestre,Com Vítimas Feridas,Pleno dia,Decrescente,Céu Claro,Simples,Retorno Regulamentado;Reta,Sim,2,0,1,0,1,0,1,2,-27.62996929,-48.65903871,SPRF-SC,DEL01-SC,UOP02-DEL01-SC,2023
"496871,0",2023-01-02,segunda-feira,11:30:00,SC,101,"154,9",PORTO BELO,Condutor deixou de manter distância do veículo da frente,Engavetamento,Com Vítimas Feridas,Pleno dia,Decrescente,Céu Claro,Simples,Declive;Viaduto,Sim,4,0,1,0,3,0,1,3,-27.153819,-48.61086393,SPRF-SC,DEL04-SC,UOP03-DEL04-SC,2023
"496899,0",2023-01-02,segunda-feira,16:50:00,SC,282,"227,5",LAGES,Condutor Dormindo,Colisão frontal,Com Vítimas Feridas,Pleno dia,Decrescente,Céu Claro,Simples,Reta,Não,5,0,2,2,1,0,4,2,-27.795815,-50.399048,SPRF-SC,DEL05-SC,UOP02-DEL05-SC,2023
"496900,0",2023-01-02,segunda-feira,17:20:00,SC,101,"130,0",BALNEARIO CAMBORIU,Manobra de mudança de faixa,Colisão lateral mesmo sentido,Com Vítimas Feridas,Pleno dia,Decrescente,Nublado,Múltipla,Reta,Sim,2,0,0,1,0,1,1,2,-26.98407618,-48.66977107,SPRF-SC,DEL04-SC,UOP03-DEL04-SC,2023
"496933,0",2023-01-02,segunda-feira,23:30:00,SC,101,"289,5",IMBITUBA,Objeto estático sobre o leito carroçável,Colisão com objeto,Com Vítimas Feridas,Plena Noite,Crescente,Céu Claro,Dupla,Curva,Não,1,0,1,0,0,0,1,1,-28.27564174,-48.69998932,SPRF-SC,DEL02-SC,UOP03-DEL02-SC,2023
"496947,0",2023-01-03,terça-feira,03:00:00,SC,470,"66,7",INDAIAL,Velocidade Incompatível,Saída de leito carroçável,Sem Vítimas,Plena Noite,Decrescente,Céu Claro,Simples,Retorno Regulamentado;Reta,Sim,1,0,0,0,0,1,0,1,-26.870407,-49.221844,SPRF-SC,DEL04-SC,UOP01-DEL04-SC,2023
"496955,0",2023-01-03,terça-feira,07:30:00,SC,101,"146,0",ITAPEMA,Trafegar com motocicleta (ou similar) entre as faixas,Colisão lateral mesmo sentido,Com Vítimas Feridas,Pleno dia,Crescente,Sol,Múltipla,Reta,Sim,2,0,1,0,1,0,1,2,-27.08666525,-48.60955587,SPRF-SC,DEL04-SC,UOP03-DEL04-SC,2023
"496958,0",2023-01-03,terça-feira,07:00:00,SC,101,"149,7",ITAPEMA,Condutor deixou de manter distância do veículo da frente,Colisão traseira,Com Vítimas Feridas,Pleno dia,Decrescente,Céu Claro,Dupla,Reta,Sim,2,0,1,0,1,0,1,2,-27.1089649,-48.61277586,SPRF-SC,DEL04-SC,UOP03-DEL04-SC,2023
"497010,0",2023-01-03,terça-feira,10:15:00,SC,101,"275,8",IMBITUBA,Reação tardia ou ineficiente do condutor,Colisão com objeto,Com Vítimas Feridas,Pleno dia,Crescente,Chuva,Dupla,Reta,Sim,1,0,0,1,0,0,1,1,-28.138086,-48.69218292,SPRF-SC,DEL02-SC,UOP03-DEL02-SC,2023
"497015,0",2023-01-03,terça-feira,12:15:00,SC,282,"222,8",LAGES,Desrespeitar a preferência no cruzamento,Colisão frontal,Com Vítimas Feridas,Pleno dia,Decrescente,Céu Claro,Simples,Interseção de Vias;Declive,Sim,4,0,1,0,3,0,1,2,-27.797739,-50.353409,SPRF-SC,DEL05-SC,UOP01-DEL05-SC,2023
"497020,0",2023-01-03,terça-feira,10:10:00,SC,116,"89,1",MONTE CASTELO,Reação tardia ou ineficiente do condutor,Saída de leito carroçável,Com Vítimas Feridas,Pleno dia,Crescente,Sol,Simples,Reta,Não,3,0,3,0,0,0,3,1,-26.6312647,-50.24698844,SPRF-SC,DEL06-SC,UOP02-DEL06-SC,2023
"497027,0",2023-01-03,terça-feira,13:50:00,SC,280,"129,0",RIO NEGRINHO,Ausência de reação do condutor,Colisão traseira,Com Vítimas Feridas,Pleno dia,Crescente,Céu Claro,Simples,Reta,Não,2,0,1,0,1,0,1,2,-26.24586437,-49.52284615,SPRF-SC,DEL06-SC,UOP03-DEL06-SC,2023
"497056,0",2023-01-03,terça-feira,13:50:00,SC,470,"122,7",IBIRAMA,Ultrapassagem Indevida,Colisão lateral mesmo sentido,Com Vítimas Feridas,Pleno dia,Crescente,Sol,Simples,Curva,Sim,3,0,1,0,0,2,1,3,-27.099888,-49.527679,SPRF-SC,DEL04-SC,UOP02-DEL04-SC,2023
"497060,0",2023-01-03,terça-feira,15:45:00,SC,101,"248,0",PAULO LOPES,Ausência de reação do condutor,Colisão traseira,Com Vítimas Feridas,Pleno dia,Decrescente,Céu Claro,Dupla,Reta,Não,2,0,0,1,1,0,1,2,-27.92619305,-48.65828191,SPRF-SC,DEL02-SC,UOP03-DEL02-SC,2023
"497064,0",2023-01-03,terça-feira,14:50:00,SC,101,"142,0",BALNEARIO CAMBORIU,Ausência de reação do condutor,Tombamento,Com Vítimas Feridas,Pleno dia,Crescente,Nublado,Simples,Reta,Sim,1,0,0,1,0,0,1,1,-27.056089,-48.599449,SPRF-SC,DEL04-SC,UOP03-DEL04-SC,2023
"497065,0",2023-01-03,terça-feira,17:18:00,SC,282,"50,6",AGUAS MORNAS,Velocidade Incompatível,Colisão lateral sentido oposto,Com Vítimas Feridas,Pleno dia,Crescente,Chuva,Simples,Declive;Curva,Não,2,0,2,0,0,0,2,2,-27.708536,-48.952251,SPRF-SC,DEL01-SC,UOP03-DEL01-SC,2023
"497067,0",2023-01-03,terça-feira,14:50:00,SC,163,"109,2",GUARUJA DO SUL,Velocidade Incompatível,Saída de leito carroçável,Com Vítimas Feridas,Pleno dia,Decrescente,Chuva,Simples,Curva;Declive,Não,3,0,1,0,2,0,1,1,-26.41032059,-53.52221489,SPRF-SC,DEL07-SC,UOP03-DEL07-SC,2023
"497079,0",2023-01-03,terça-feira,18:30:00,SC,101,"145,0",ITAPEMA,Trafegar com motocicleta (ou similar) entre as faixas,Colisão lateral mesmo sentido,Com Vítimas Feridas,Plena Noite,Decrescente,Chuva,Dupla,Declive,Sim,3,0,2,0,1,0,2,2,-27.08139206,-48.60130993,SPRF-SC,DEL04-SC,UOP03-DEL04-SC,2023
"497087,0",2023-01-03,terça-feira,15:00:00,SC,282,"382,0",HERVAL DOESTE,Condutor Dormindo,Saída de leito carroçável,Com Vítimas Feridas,Pleno dia,Decrescente,Nublado,Simples,Reta;Aclive,Não,4,0,3,0,1,0,3,1,-27.19607,-51.503044,SPRF-SC,DEL07-SC,UOP05-DEL07-SC,2023