id,data_inversa,dia_semana,horario,uf,br,km,municipio,causa_acidente,tipo_acidente,classificacao_acidente,fase_dia,sentido_via,condicao_metereologica,tipo_pista,tracado_via,uso_solo,pessoas,mortos,feridos_leves,feridos_graves,ilesos,ignorados,feridos,veiculos,latitude,longitude,regional,delegacia,uop,ano_arquivo
"497107,0",2023-01-03,terça-feira,20:55:00,SC,101,"436,0",SOMBRIO,Ausência de reação do condutor,Colisão transversal,Com Vítimas Feridas,Plena Noite,Crescente,Céu Claro,Simples,Declive;Reta,Sim,2,0,2,0,0,0,2,2,-29.10817487,-49.63739835,SPRF-SC,DEL02-SC,UOP02-DEL02-SC,2023
"497128,0",2023-01-03,terça-feira,19:15:00,SC,101,"271,5",IMBITUBA,Condutor deixou de manter distância do veículo da frente,Colisão traseira,Com Vítimas Feridas,Plena Noite,Crescente,Céu Claro,Dupla,Reta,Sim,1,0,1,0,0,0,1,1,-28.11011972,-48.70211279,SPRF-SC,DEL02-SC,UOP03-DEL02-SC,2023
"497147,0",2023-01-04,quarta-feira,07:45:00,SC,280,"128,5",RIO NEGRINHO,Conversão proibida,Colisão transversal,Com Vítimas Feridas,Amanhecer,Crescente,Garoa/Chuvisco,Simples,Reta;Aclive,Sim,2,0,0,1,1,0,1,2,-26.24317941,-49.51320018,SPRF-SC,DEL06-SC,UOP03-DEL06-SC,2023
"497150,0",2023-01-04,quarta-feira,06:15:00,SC,101,"116,0",ITAJAI,Ingestão de álcool pelo condutor,Colisão com objeto,Sem Vítimas,Pleno dia,Crescente,Céu Claro,Dupla,Reta,Não,1,0,0,0,1,0,0,1,-26.87905605,-48.72603512,SPRF-SC,DEL04-SC,UOP04-DEL04-SC,2023
"497160,0",2023-01-04,quarta-feira,09:05:00,SC,101,"202,6",SAO JOSE,Ausência de reação do condutor,Colisão lateral mesmo sentido,Com Vítimas Feridas,Pleno dia,Crescente,Nublado,Múltipla,Reta,Sim,2,0,1,0,1,0,1,2,-27.55711595,-48.61897889,SPRF-SC,DEL01-SC,UOP01-DEL01-SC,2023
"497166,0",2023-01-04,quarta-feira,07:10:00,SC,101,"109,0",PENHA,Reação tardia ou ineficiente do condutor,Saída de leito carroçável,Com Vítimas Feridas,Pleno dia,Crescente,Chuva,Dupla,Reta,Não,1,0,1,0,0,0,1,1,-26.8333519,-48.69632106,SPRF-SC,DEL03-SC,UOP02-DEL03-SC,2023
"497179,0",2023-01-04,quarta-feira,09:45:00,SC,101,"41,0",JOINVILLE,Avarias e/ou desgaste excessivo no pneu,Tombamento,Com Vítimas Feridas,Pleno dia,Decrescente,Chuva,Dupla,Reta;Aclive,Sim,1,0,1,0,0,0,1,1,-26.28215489,-48.88973081,SPRF-SC,DEL03-SC,UOP01-DEL03-SC,2023
"497181,0",2023-01-04,quarta-feira,10:20:00,SC,101,"35,0",JOINVILLE,Acumulo de água sobre o pavimento,Saída de leito carroçável,Com Vítimas Feridas,Pleno dia,Crescente,Chuva,Múltipla,Curva,Não,1,0,1,0,0,0,1,1,-26.26231716,-48.90232444,SPRF-SC,DEL03-SC,UOP01-DEL03-SC,2023
"497193,0",2023-01-04,quarta-feira,08:00:00,SC,282,"455,6",PONTE SERRADA,Velocidade Incompatível,Colisão com objeto,Com Vítimas Feridas,Pleno dia,Crescente,Sol,Simples,Reta,Não,5,0,5,0,0,0,5,1,-26.888617,-51.99427,SPRF-SC,DEL07-SC,UOP04-DEL07-SC,2023
"497220,0",2023-01-04,quarta-feira,13:30:00,SC,101,"153,0",PORTO BELO,Ausência de reação do condutor,Tombamento,Com Vítimas Feridas,Pleno dia,Decrescente,Garoa/Chuvisco,Dupla,Reta,Não,3,0,2,0,0,1,2,2,-27.144717,-48.61063935,SPRF-SC,DEL04-SC,UOP03-DEL04-SC,2023
"497221,0",2023-01-04,quarta-feira,14:20:00,SC,101,"150,0",ITAPEMA,Ausência de reação do condutor,Colisão traseira,Com Vítimas Feridas,Pleno dia,Decrescente,Garoa/Chuvisco,Dupla,Reta,Não,2,0,1,0,1,0,1,2,-27.11744799,-48.60940987,SPRF-SC,DEL04-SC,UOP03-DEL04-SC,2023
"497224,0",2023-01-04,quarta-feira,13:30:00,SC,470,"12,7",NAVEGANTES,Avarias e/ou desgaste excessivo no pneu,Saída de leito carroçável,Com Vítimas Feridas,Pleno dia,Decrescente,Garoa/Chuvisco,Dupla,Reta,Não,4,0,1,0,3,0,1,1,-26.83817296,-48.76428723,SPRF-SC,DEL04-SC,UOP04-DEL04-SC,2023
"497280,0",2023-01-04,quarta-feira,14:50:00,SC,280,"88,2",CORUPA,Acumulo de óleo sobre o pavimento,Saída de leito carroçável,Com Vítimas Feridas,Pleno dia,Crescente,Garoa/Chuvisco,Simples,Reta,Não,1,0,1,0,0,0,1,1,-26.41501369,-49.25741675,SPRF-SC,DEL06-SC,UOP03-DEL06-SC,2023
"497320,0",2023-01-04,quarta-feira,20:40:00,SC,282,"603,2",MARAVILHA,Ingestão de álcool pelo condutor,Capotamento,Sem Vítimas,Plena Noite,Decrescente,Céu Claro,Simples,Reta,Não,2,0,0,0,2,0,0,1,-26.800215,-53.190606,SPRF-SC,DEL07-SC,UOP02-DEL07-SC,2023
"497345,0",2023-01-05,quinta-feira,03:00:00,SC,282,"109,2",ALFREDO WAGNER,Transitar na contramão,Colisão frontal,Com Vítimas Feridas,Plena Noite,Decrescente,Céu Claro,Simples,Curva,Não,5,0,1,3,1,0,4,2,-27.719378,-49.3582,SPRF-SC,DEL01-SC,UOP03-DEL01-SC,2023
"497355,0",2023-01-05,quinta-feira,01:20:00,SC,470,"91,9",ASCURRA,Velocidade Incompatível,Saída de leito carroçável,Sem Vítimas,Plena Noite,Crescente,Céu Claro,Simples,Reta,Não,1,0,0,0,1,0,0,1,-26.97769,-49.369198,SPRF-SC,DEL04-SC,UOP01-DEL04-SC,2023
"497359,0",2023-01-05,quinta-feira,07:15:00,SC,101,"127,5",ITAJAI,Condutor deixou de manter distância do veículo da frente,Colisão traseira,Com Vítimas Feridas,Pleno dia,Decrescente,Céu Claro,Dupla,Reta,Não,2,0,1,0,1,0,1,2,-26.9639319,-48.68328024,SPRF-SC,DEL04-SC,UOP04-DEL04-SC,2023
"497387,0",2023-01-05,quinta-feira,07:20:00,SC,280,"6,0",SAO FRANCISCO DO SUL,Acesso irregular,Colisão lateral mesmo sentido,Com Vítimas Feridas,Pleno dia,Crescente,Céu Claro,Simples,Reta,Sim,2,0,0,1,0,1,1,2,-26.26569095,-48.63361804,SPRF-SC,DEL03-SC,UOP03-DEL03-SC,2023
"497392,0",2023-01-05,quinta-feira,11:00:00,SC,101,"65,0",ARAQUARI,Condutor deixou de manter distância do veículo da frente,Colisão traseira,Com Vítimas Feridas,Pleno dia,Crescente,Sol,Múltipla,Reta,Não,3,0,1,0,1,1,1,2,-26.47135714,-48.74457217,SPRF-SC,DEL03-SC,UOP02-DEL03-SC,2023
"497394,0",2023-01-05,quinta-feira,12:30:00,SC,101,"184,9",BIGUACU,Ausência de reação do condutor,Tombamento,Com Vítimas Feridas,Pleno dia,Decrescente,Céu Claro,Dupla,Reta,Sim,1,0,1,0,0,0,1,1,-27.41613807,-48.6266443,SPRF-SC,DEL01-SC,UOP01-DEL01-SC,2023
"497409,0",2023-01-05,quinta-feira,11:00:00,SC,470,"2,2",NAVEGANTES,Ausência de reação do condutor,Colisão traseira,Com Vítimas Feridas,Pleno dia,Crescente,Céu Claro,Dupla,Reta,Não,2,0,0,1,0,1,1,2,-26.868551,-48.674831,SPRF-SC,DEL04-SC,UOP04-DEL04-SC,2023
"497442,0",2023-01-05,quinta-feira,16:50:00,SC,101,"212,0",PALHOCA,Condutor deixou de manter distância do veículo da frente,Colisão traseira,Com Vítimas Feridas,Pleno dia,Decrescente,Céu Claro,Múltipla,Reta,Sim,3,0,0,2,1,0,2,2,-27.62996929,-48.65903871,SPRF-SC,DEL01-SC,UOP02-DEL01-SC,2023
"497494,0",2023-01-05,quinta-feira,23:30:00,SC,101,"131,0",BALNEARIO CAMBORIU,Acessar a via sem observar a presença dos outros veículos,Colisão transversal,Com Vítimas Feridas,Plena Noite,Crescente,Céu Claro,Dupla,Reta,Não,3,0,0,1,2,0,1,2,-26.99064209,-48.66310912,SPRF-SC,DEL04-SC,UOP03-DEL04-SC,2023
"497500,0",2023-01-05,quinta-feira,21:36:00,SC,280,"20,0",ARAQUARI,Ultrapassagem Indevida,Colisão lateral sentido oposto,Com Vítimas Feridas,Plena Noite,Decrescente,Nublado,Simples,Reta,Sim,3,0,0,1,2,0,1,2,-26.36990477,-48.68224301,SPRF-SC,DEL03-SC,UOP03-DEL03-SC,2023
"497501,0",2023-01-05,quinta-feira,21:40:00,SC,101,"334,0",TUBARAO,Acessar a via sem observar a presença dos outros veículos,Colisão traseira,Com Vítimas Feridas,Plena Noite,Decrescente,Céu Claro,Simples,Reta,Sim,2,0,1,0,1,0,1,2,-28.46730446,-49.00604302,SPRF-SC,DEL02-SC,UOP01-DEL02-SC,2023
"497529,0",2023-01-06,sexta-feira,07:00:00,SC,285,"34,0",TIMBE DO SUL,Acessar a via sem observar a presença dos outros veículos,Colisão transversal,Com Vítimas Feridas,Pleno dia,Decrescente,Céu Claro,Simples,Curva;Interseção de Vias,Não,3,0,2,0,1,0,2,2,-28.83305745,-49.83462811,SPRF-SC,DEL02-SC,UOP02-DEL02-SC,2023
"497534,0",2023-01-06,sexta-feira,08:00:00,SC,470,"250,0",CURITIBANOS,Reação tardia ou ineficiente do condutor,Capotamento,Com Vítimas Feridas,Pleno dia,Decrescente,Céu Claro,Simples,Rotatória,Sim,4,0,1,0,3,0,1,1,-27.314182,-50.569588,SPRF-SC,DEL05-SC,UOP03-DEL05-SC,2023
"497565,0",2023-01-06,sexta-feira,12:10:00,SC,282,"388,0",JOACABA,Conversão proibida,Colisão transversal,Com Vítimas Feridas,Pleno dia,Crescente,Sol,Dupla,Curva;Interseção de Vias,Sim,4,0,1,0,3,0,1,2,-27.176217,-51.526541,SPRF-SC,DEL07-SC,UOP05-DEL07-SC,2023
"497591,0",2023-01-06,sexta-feira,14:25:00,SC,282,"502,6",XANXERE,Desrespeitar a preferência no cruzamento,Colisão transversal,Com Vítimas Feridas,Pleno dia,Crescente,Sol,Simples,Interseção de Vias,Sim,2,0,2,0,0,0,2,2,-26.885496,-52.393533,SPRF-SC,DEL07-SC,UOP01-DEL07-SC,2023
"497600,0",2023-01-06,sexta-feira,15:20:00,SC,101,"142,1",ITAPEMA,Demais falhas mecânicas ou elétricas,Tombamento,Com Vítimas Feridas,Pleno dia,Decrescente,Sol,Dupla,Curva,Sim,1,0,1,0,0,0,1,1,-27.056089,-48.599449,SPRF-SC,DEL04-SC,UOP03-DEL04-SC,2023
"497606,0",2023-01-06,sexta-feira,16:45:00,SC,101,"206,0",SAO JOSE,Trafegar com motocicleta (ou similar) entre as faixas,Colisão traseira,Com Vítimas Feridas,Pleno dia,Crescente,Nublado,Múltipla,Aclive;Reta,Sim,2,0,1,0,1,0,1,2,-27.59193546,-48.61824557,SPRF-SC,DEL01-SC,UOP01-DEL01-SC,2023
"497635,0",2023-01-06,sexta-feira,18:30:00,SC,101,"318,1",PESCARIA BRAVA,Condutor deixou de manter distância do veículo da frente,Engavetamento,Com Vítimas Feridas,Pleno dia,Decrescente,Céu Claro,Múltipla,Reta,Sim,3,0,1,0,2,0,1,3,-28.4266481,-48.86160099,SPRF-SC,DEL02-SC,UOP01-DEL02-SC,2023
"497643,0",2023-01-06,sexta-feira,18:05:00,SC,101,"334,6",TUBARAO,Condutor deixou de manter distância do veículo da frente,Colisão traseira,Com Vítimas Feridas,Pleno dia,Crescente,Céu Claro,Dupla,Reta,Sim,2,0,1,0,1,0,1,2,-28.47261472,-49.02339935,SPRF-SC,DEL02-SC,UOP01-DEL02-SC,2023
"497647,0",2023-01-06,sexta-feira,20:15:00,SC,101,"207,0",SAO JOSE,Ausência de reação do condutor,Colisão traseira,Com Vítimas Feridas,Plena Noite,Crescente,Nublado,Simples,Reta,Não,2,0,0,1,1,0,1,2,-27.60001226,-48.6226467,SPRF-SC,DEL01-SC,UOP01-DEL01-SC,2023
"497648,0",2023-01-06,sexta-feira,16:45:00,SC,470,"120,0",IBIRAMA,Acessar a via sem observar a presença dos outros veículos,Colisão lateral sentido oposto,Com Vítimas Feridas,Pleno dia,Crescente,Céu Claro,Simples,Reta,Não,2,0,1,0,1,0,1,2,-27.089924,-49.520416,SPRF-SC,DEL04-SC,UOP02-DEL04-SC,2023
"497650,0",2023-01-06,sexta-feira,20:40:00,SC,101,"150,6",ITAPEMA,Reação tardia ou ineficiente do condutor,Tombamento,Com Vítimas Fatais,Plena Noite,Decrescente,Nublado,Múltipla,Reta,Sim,2,1,0,0,1,0,0,2,-27.12318,-48.609335,SPRF-SC,DEL04-SC,UOP03-DEL04-SC,2023
"497656,0",2023-01-06,sexta-feira,17:30:00,SC,470,"118,0",IBIRAMA,Conversão proibida,Colisão lateral mesmo sentido,Sem Vítimas,Pleno dia,Decrescente,Céu Claro,Simples,Reta,Não,2,0,0,0,2,0,0,2,-27.09321081,-49.52422142,SPRF-SC,DEL04-SC,UOP02-DEL04-SC,2023
"497702,0",2023-01-07,sábado,03:20:00,SC,470,"175,0",POUSO REDONDO,Velocidade Incompatível,Colisão frontal,Com Vítimas Feridas,Plena Noite,Crescente,Nublado,Simples,Aclive;Curva,Sim,3,0,1,1,1,0,2,2,-27.25617,-49.938969,SPRF-SC,DEL04-SC,UOP02-DEL04-SC,2023
"497707,0",2023-01-07,sábado,05:20:00,SC,101,"332,8",TUBARAO,Ausência de reação do condutor,Tombamento,Com Vítimas Feridas,Amanhecer,Crescente,Céu Claro,Simples,Declive,Sim,2,0,0,2,0,0,2,1,-28.46016431,-48.98968873,SPRF-SC,DEL02-SC,UOP01-DEL02-SC,2023
"497719,0",2023-01-07,sábado,07:00:00,SC,282,"21,0",PALHOCA,Ingestão de álcool e/ou substâncias psicoativas pelo pedestre,Colisão com objeto,Sem Vítimas,Pleno dia,Crescente,Nublado,Simples,Reta,Não,1,0,0,0,0,1,0,1,-27.68907,-48.717541,SPRF-SC,DEL01-SC,UOP02-DEL01-SC,2023
"497720,0",2023-01-07,sábado,05:15:00,SC,470,"337,0",CAMPOS NOVOS,Velocidade Incompatível,Saída de leito carroçável,Com Vítimas Feridas,Amanhecer,Crescente,Nublado,Simples,Reta,Não,1,0,0,1,0,0,1,1,-27.513157,-51.348293,SPRF-SC,DEL07-SC,UOP06-DEL07-SC,2023
"497729,0",2023-01-07,sábado,08:50:00,SC,101,"224,9",PALHOCA,Reação tardia ou ineficiente do condutor,Colisão traseira,Com Vítimas Feridas,Pleno dia,Crescente,Garoa/Chuvisco,Dupla,Declive,Não,3,0,1,0,1,1,1,2,-27.72384789,-48.64386769,SPRF-SC,DEL01-SC,UOP02-DEL01-SC,2023
"497732,0",2023-01-07,sábado,08:50:00,SC,101,"225,3",PALHOCA,Condutor deixou de manter distância do veículo da frente,Colisão traseira,Com Vítimas Feridas,Pleno dia,Crescente,Céu Claro,Simples,Reta,Não,3,0,1,0,2,0,1,2,-27.73292191,-48.6409567,SPRF-SC,DEL01-SC,UOP02-DEL01-SC,2023
"497753,0",2023-01-07,sábado,11:08:00,SC,101,"216,9",PALHOCA,Reação tardia ou ineficiente do condutor,Engavetamento,Com Vítimas Feridas,Pleno dia,Crescente,Nublado,Múltipla,Reta,Sim,7,0,2,0,5,0,2,5,-27.65981409,-48.67747798,SPRF-SC,DEL01-SC,UOP02-DEL01-SC,2023
"497770,0",2023-01-07,sábado,12:55:00,SC,282,"54,9",AGUAS MORNAS,Pista Escorregadia,Saída de leito carroçável,Com Vítimas Feridas,Pleno dia,Decrescente,Garoa/Chuvisco,Simples,Curva,Não,2,0,1,0,1,0,1,1,-27.685799,-48.974514,SPRF-SC,DEL01-SC,UOP03-DEL01-SC,2023
"497784,0",2023-01-07,sábado,15:00:00,SC,101,"117,0",ITAJAI,Desrespeitar a preferência no cruzamento,Colisão transversal,Com Vítimas Feridas,Pleno dia,Crescente,Céu Claro,Dupla,Interseção de Vias,Não,3,0,1,0,2,0,1,2,-26.88747187,-48.72252969,SPRF-SC,DEL04-SC,UOP04-DEL04-SC,2023
"497787,0",2023-01-07,sábado,13:40:00,SC,280,"162,0",MAFRA,Condutor Dormindo,Saída de leito carroçável,Com Vítimas Feridas,Pleno dia,Decrescente,Céu Claro,Simples,Reta,Não,1,0,1,0,0,0,1,1,-26.20386631,-49.79088509,SPRF-SC,DEL06-SC,UOP03-DEL06-SC,2023
"497797,0",2023-01-07,sábado,13:50:00,SC,282,"259,0",SAO JOSE DO CERRITO,Velocidade Incompatível,Tombamento,Com Vítimas Feridas,Pleno dia,Decrescente,Céu Claro,Simples,Curva;Declive,Não,2,0,2,0,0,0,2,1,-27.65589662,-50.5967617,SPRF-SC,DEL05-SC,UOP02-DEL05-SC,2023
"497801,0",2023-01-07,sábado,16:50:00,SC,470,"49,1",BLUMENAU,Ausência de reação do condutor,Saída de leito carroçável,Com Vítimas Fatais,Pleno dia,Crescente,Nublado,Dupla,Reta;Viaduto,Não,1,1,0,0,0,0,0,1,-26.86111755,-49.06701207,SPRF-SC,DEL04-SC,UOP01-DEL04-SC,2023
"497808,0",2023-01-07,sábado,15:00:00,SC,101,"86,0",BARRA VELHA,Condutor deixou de manter distância do veículo da frente,Colisão traseira,Com Vítimas Feridas,Pleno dia,Crescente,Sol,Dupla,Reta,Sim,3,0,1,0,2,0,1,2,-26.63277317,-48.70232513,SPRF-SC,DEL03-SC,UOP02-DEL03-SC,2023
"497810,0",2023-01-07,sábado,17:15:00,SC,101,"120,3",ITAJAI,Velocidade Incompatível,Queda de ocupante de veículo,Com Vítimas Feridas,Pleno dia,Decrescente,Céu Claro,Múltipla,Reta,Sim,1,0,1,0,0,0,1,1,-26.912758,-48.711998,SPRF-SC,DEL04-SC,UOP04-DEL04-SC,2023
"497816,0",2023-01-07,sábado,18:20:00,SC,101,"120,0",ITAJAI,Ingestão de álcool pelo condutor,Colisão traseira,Sem Vítimas,Pleno dia,Decrescente,Céu Claro,Dupla,Reta,Sim,2,0,0,0,2,0,0,2,-26.912758,-48.711998,SPRF-SC,DEL04-SC,UOP04-DEL04-SC,2023
"497817,0",2023-01-07,sábado,15:25:00,SC,101,"271,9",IMBITUBA,Falta de acostamento,Saída de leito carroçável,Com Vítimas Fatais,Pleno dia,Decrescente,Sol,Múltipla,Reta,Não,3,1,0,2,0,0,2,1,-28.11011972,-48.70211279,SPRF-SC,DEL02-SC,UOP03-DEL02-SC,2023
"497823,0",2023-01-07,sábado,13:10:00,SC,153,"59,8",IRANI,Desrespeitar a preferência no cruzamento,Colisão transversal,Com Vítimas Feridas,Pleno dia,Decrescente,Céu Claro,Simples,Interseção de Vias,Não,4,0,1,0,3,0,1,2,-26.967562,-51.850391,SPRF-SC,DEL07-SC,UOP04-DEL07-SC,2023
"497855,0",2023-01-07,sábado,20:20:00,SC,282,"83,0",ALFREDO WAGNER,Curva acentuada,Saída de leito carroçável,Com Vítimas Feridas,Plena Noite,Decrescente,Céu Claro,Simples,Aclive;Curva,Não,1,0,0,1,0,0,1,1,-27.666153,-49.175022,SPRF-SC,DEL01-SC,UOP03-DEL01-SC,2023
"497873,0",2023-01-07,sábado,23:50:00,SC,101,"148,0",ITAPEMA,Ausência de reação do condutor,Colisão traseira,Com Vítimas Feridas,Plena Noite,Decrescente,Céu Claro,Dupla,Reta;Declive,Sim,2,0,0,1,1,0,1,2,-27.10123686,-48.61807962,SPRF-SC,DEL04-SC,UOP03-DEL04-SC,2023
"497879,0",2023-01-08,domingo,00:05:00,SC,101,"232,7",PALHOCA,Ultrapassagem Indevida,Colisão lateral mesmo sentido,Com Vítimas Feridas,Plena Noite,Decrescente,Céu Claro,Dupla,Reta,Não,3,0,1,0,2,0,1,2,-27.795666,-48.638153,SPRF-SC,DEL01-SC,UOP02-DEL01-SC,2023
"497887,0",2023-01-08,domingo,00:25:00,SC,480,"129,0",CHAPECO,Velocidade Incompatível,Saída de leito carroçável,Com Vítimas Feridas,Plena Noite,Decrescente,Céu Claro,Dupla,Curva,Não,1,0,1,0,0,0,1,1,-27.04656607,-52.63577131,SPRF-SC,DEL07-SC,UOP01-DEL07-SC,2023
"497921,0",2023-01-08,domingo,05:20:00,SC,101,"273,1",IMBITUBA,Frear bruscamente,Colisão traseira,Sem Vítimas,Amanhecer,Crescente,Céu Claro,Dupla,Reta,Não,2,0,0,0,2,0,0,2,-28.12382408,-48.69625015,SPRF-SC,DEL02-SC,UOP03-DEL02-SC,2023
"497922,0",2023-01-08,domingo,06:30:00,SC,470,"54,6",BLUMENAU,Ausência de reação do condutor,Colisão com objeto,Sem Vítimas,Pleno dia,Crescente,Céu Claro,Simples,Interseção de Vias,Não,1,0,0,0,0,1,0,1,-26.871065,-49.110374,SPRF-SC,DEL04-SC,UOP01-DEL04-SC,2023
"497923,0",2023-01-08,domingo,05:30:00,SC,163,"69,5",SAO MIGUEL DO OESTE,Ausência de reação do condutor,Colisão com objeto,Sem Vítimas,Amanhecer,Decrescente,Céu Claro,Dupla,Reta;Declive,Sim,1,0,0,0,0,1,0,1,-26.74132699,-53.50120591,SPRF-SC,DEL07-SC,UOP03-DEL07-SC,2023
"497924,0",2023-01-08,domingo,06:00:00,SC,101,"62,0",ARAQUARI,Reação tardia ou ineficiente do condutor,Colisão com objeto,Sem Vítimas,Pleno dia,Decrescente,Sol,Dupla,Declive;Curva;Viaduto,Sim,1,0,0,0,0,1,0,1,-26.45504246,-48.76711901,SPRF-SC,DEL03-SC,UOP02-DEL03-SC,2023
"497925,0",2023-01-08,domingo,06:00:00,SC,280,"237,0",CANOINHAS,Reação tardia ou ineficiente do condutor,Saída de leito carroçável,Sem Vítimas,Pleno dia,Decrescente,Nublado,Simples,Reta;Declive,Não,3,0,0,0,3,0,0,1,-26.19844599,-50.43216601,SPRF-SC,DEL06-SC,UOP04-DEL06-SC,2023
"497940,0",2023-01-08,domingo,07:10:00,SC,282,"192,5",LAGES,Velocidade Incompatível,Saída de leito carroçável,Com Vítimas Feridas,Pleno dia,Crescente,Céu Claro,Simples,Reta,Não,4,0,4,0,0,0,4,1,-27.743231,-50.055424,SPRF-SC,DEL05-SC,UOP01-DEL05-SC,2023
"497959,0",2023-01-08,domingo,10:20:00,SC,101,"89,0",BARRA VELHA,Avarias e/ou desgaste excessivo no pneu,Queda de ocupante de veículo,Com Vítimas Feridas,Pleno dia,Decrescente,Sol,Múltipla,Reta,Sim,2,0,2,0,0,0,2,1,-26.65175997,-48.68721921,SPRF-SC,DEL03-SC,UOP02-DEL03-SC,2023
"497960,0",2023-01-08,domingo,10:50:00,SC,101,"211,7",PALHOCA,Condutor deixou de manter distância do veículo da frente,Colisão traseira,Com Vítimas Feridas,Pleno dia,Crescente,Céu Claro,Dupla,Reta,Sim,4,0,2,0,2,0,2,3,-27.62329313,-48.65245588,SPRF-SC,DEL01-SC,UOP02-DEL01-SC,2023
"497967,0",2023-01-08,domingo,11:55:00,SC,101,"212,8",PALHOCA,Condutor deixou de manter distância do veículo da frente,Colisão traseira,Com Vítimas Feridas,Pleno dia,Decrescente,Céu Claro,Múltipla,Reta,Sim,4,0,0,2,1,1,2,4,-27.62996929,-48.65903871,SPRF-SC,DEL01-SC,UOP02-DEL01-SC,2023
"497974,0",2023-01-08,domingo,10:45:00,SC,280,"258,7",CANOINHAS,Ultrapassagem Indevida,Colisão frontal,Com Vítimas Feridas,Pleno dia,Crescente,Céu Claro,Simples,Reta,Não,6,0,4,1,0,1,5,3,-26.26304631,-50.61827002,SPRF-SC,DEL06-SC,UOP04-DEL06-SC,2023
"497994,0",2023-01-08,domingo,14:45:00,SC,280,"241,5",CANOINHAS,Frear bruscamente,Saída de leito carroçável,Com Vítimas Feridas,Pleno dia,Crescente,Céu Claro,Simples,Reta;Declive,Não,2,0,2,0,0,0,2,1,-26.22501599,-50.45997601,SPRF-SC,DEL06-SC,UOP04-DEL06-SC,2023
"498001,0",2023-01-08,domingo,14:45:00,SC,153,"83,4",CONCORDIA,Transitar na contramão,Colisão transversal,Com Vítimas Feridas,Pleno dia,Crescente,Sol,Simples,Curva,Não,2,0,1,1,0,0,2,2,-27.13492411,-51.91726685,SPRF-SC,DEL07-SC,UOP04-DEL07-SC,2023
"498013,0",2023-01-08,domingo,10:55:00,SC,470,"135,3",RIO DO SUL,Velocidade Incompatível,Tombamento,Com Vítimas Feridas,Pleno dia,Crescente,Nublado,Simples,Reta,Sim,1,0,1,0,0,0,1,1,-27.188492,-49.61232,SPRF-SC,DEL04-SC,UOP02-DEL04-SC,2023
"498027,0",2023-01-08,domingo,17:50:00,SC,101,"145,0",ITAPEMA,Ausência de reação do condutor,Colisão traseira,Com Vítimas Feridas,Pleno dia,Decrescente,Céu Claro,Dupla,Reta;Aclive,Não,3,0,1,1,1,0,2,2,-27.08139206,-48.60130993,SPRF-SC,DEL04-SC,UOP03-DEL04-SC,2023
"498028,0",2023-01-08,domingo,17:58:00,SC,280,"125,9",RIO NEGRINHO,Acessar a via sem observar a presença dos outros veículos,Colisão transversal,Sem Vítimas,Pleno dia,Decrescente,Céu Claro,Simples,Aclive,Sim,2,0,0,0,2,0,0,2,-26.23763684,-49.48434497,SPRF-SC,DEL06-SC,UOP03-DEL06-SC,2023
"498036,0",2023-01-08,domingo,04:23:00,SC,282,"418,0",VARGEM BONITA,Reação tardia ou ineficiente do condutor,Capotamento,Sem Vítimas,Amanhecer,Decrescente,Céu Claro,Simples,Reta;Declive,Sim,1,0,0,0,1,0,0,1,-27.006169,-51.737903,SPRF-SC,DEL07-SC,UOP05-DEL07-SC,2023
"498057,0",2023-01-08,domingo,19:30:00,SC,280,"128,0",RIO NEGRINHO,Acessar a via sem observar a presença dos outros veículos,Colisão transversal,Com Vítimas Feridas,Anoitecer,Decrescente,Céu Claro,Simples,Reta,Não,5,0,1,0,4,0,1,2,-26.24317941,-49.51320018,SPRF-SC,DEL06-SC,UOP03-DEL06-SC,2023
"498059,0",2023-01-08,domingo,19:30:00,SC,101,"146,0",ITAPEMA,Reação tardia ou ineficiente do condutor,Tombamento,Com Vítimas Feridas,Plena Noite,Decrescente,Nublado,Múltipla,Reta,Sim,2,0,2,0,0,0,2,1,-27.08666525,-48.60955587,SPRF-SC,DEL04-SC,UOP03-DEL04-SC,2023
"498063,0",2023-01-08,domingo,19:45:00,SC,101,"264,8",PAULO LOPES,Ingestão de álcool pelo condutor,Saída de leito carroçável,Com Vítimas Feridas,Plena Noite,Crescente,Garoa/Chuvisco,Dupla,Reta;Declive,Sim,2,0,0,1,1,0,1,1,-28.05149404,-48.71632789,SPRF-SC,DEL02-SC,UOP03-DEL02-SC,2023
"498081,0",2023-01-05,quinta-feira,17:20:00,SC,101,"265,2",PAULO LOPES,Ultrapassagem Indevida,Colisão lateral mesmo sentido,Com Vítimas Feridas,Anoitecer,Decrescente,Céu Claro,Simples,Declive;Reta,Sim,4,0,1,2,0,1,3,3,-28.06001385,-48.71690948,SPRF-SC,DEL02-SC,UOP03-DEL02-SC,2023
"498087,0",2023-01-08,domingo,00:10:00,SC,282,"363,0",ERVAL VELHO,Reação tardia ou ineficiente do condutor,Capotamento,Sem Vítimas,Plena Noite,Decrescente,Céu Claro,Dupla,Curva,Não,1,0,0,0,1,0,0,1,-27.302458,-51.390484,SPRF-SC,DEL07-SC,UOP05-DEL07-SC,2023