id,data_inversa,dia_semana,horario,uf,br,km,municipio,causa_acidente,tipo_acidente,classificacao_acidente,fase_dia,sentido_via,condicao_metereologica,tipo_pista,tracado_via,uso_solo,pessoas,mortos,feridos_leves,feridos_graves,ilesos,ignorados,feridos,veiculos,latitude,longitude,regional,delegacia,uop,ano_arquivo
"498110,0",2023-01-08,domingo,19:45:00,SC,101,"314,0",LAGUNA,Reação tardia ou ineficiente do condutor,Saída de leito carroçável,Com Vítimas Feridas,Plena Noite,Crescente,Céu Claro,Simples,Reta,Não,1,0,0,1,0,0,1,1,-28.4289462,-48.84649694,SPRF-SC,DEL02-SC,UOP01-DEL02-SC,2023
"498112,0",2023-01-09,segunda-feira,01:30:00,SC,101,"118,9",ITAJAI,Demais falhas mecânicas ou elétricas,Incêndio,Sem Vítimas,Plena Noite,Decrescente,Céu Claro,Dupla,Reta,Não,1,0,0,0,1,0,0,1,-26.895859,-48.71903,SPRF-SC,DEL04-SC,UOP04-DEL04-SC,2023
"498120,0",2023-01-09,segunda-feira,02:00:00,SC,101,"120,0",ITAJAI,Transitar na contramão,Colisão frontal,Com Vítimas Feridas,Plena Noite,Crescente,Céu Claro,Múltipla,Curva;Declive,Sim,2,0,0,1,1,0,1,2,-26.91964967,-48.71023536,SPRF-SC,DEL04-SC,UOP04-DEL04-SC,2023
"498156,0",2023-01-09,segunda-feira,09:03:00,SC,101,"205,0",SAO JOSE,Manobra de mudança de faixa,Colisão lateral mesmo sentido,Com Vítimas Feridas,Pleno dia,Crescente,Céu Claro,Múltipla,Reta,Sim,2,0,1,0,1,0,1,2,-27.58313237,-48.61532885,SPRF-SC,DEL01-SC,UOP01-DEL01-SC,2023
"498215,0",2023-01-09,segunda-feira,14:10:00,SC,101,"334,0",TUBARAO,Ausência de reação do condutor,Colisão traseira,Com Vítimas Feridas,Pleno dia,Crescente,Céu Claro,Dupla,Reta,Sim,2,0,0,1,1,0,1,2,-28.46730446,-49.00604302,SPRF-SC,DEL02-SC,UOP01-DEL02-SC,2023
"498218,0",2023-01-09,segunda-feira,08:25:00,SC,101,"368,8",ICARA,Transitar na contramão,Saída de leito carroçável,Com Vítimas Fatais,Pleno dia,Crescente,Céu Claro,Múltipla,Reta,Não,4,1,0,3,0,0,3,2,-28.7004213,-49.1947511,SPRF-SC,DEL02-SC,UOP01-DEL02-SC,2023
"498223,0",2023-01-09,segunda-feira,11:00:00,SC,101,"327,1",CAPIVARI DE BAIXO,Condutor deixou de manter distância do veículo da frente,Colisão traseira,Com Vítimas Feridas,Pleno dia,Decrescente,Sol,Simples,Interseção de Vias,Sim,3,0,2,0,1,0,2,2,-28.43760057,-48.96129012,SPRF-SC,DEL02-SC,UOP01-DEL02-SC,2023
"498259,0",2023-01-09,segunda-feira,12:30:00,SC,282,"563,0",NOVA ERECHIM,Ingestão de álcool pelo condutor,Saída de leito carroçável,Com Vítimas Feridas,Pleno dia,Decrescente,Céu Claro,Simples,Reta,Não,1,0,1,0,0,0,1,1,-26.902191,-52.868835,SPRF-SC,DEL07-SC,UOP02-DEL07-SC,2023
"498260,0",2023-01-09,segunda-feira,17:15:00,SC,470,"37,9",GASPAR,Retorno proibido,Colisão lateral mesmo sentido,Com Vítimas Feridas,Plena Noite,Crescente,Céu Claro,Simples,Em Obras;Desvio Temporário,Sim,2,0,1,0,1,0,1,2,-26.912727,-48.978043,SPRF-SC,DEL04-SC,UOP01-DEL04-SC,2023
"498269,0",2023-01-09,segunda-feira,18:20:00,SC,101,"135,2",BALNEARIO CAMBORIU,Entrada inopinada do pedestre,Atropelamento de Pedestre,Com Vítimas Fatais,Anoitecer,Decrescente,Céu Claro,Múltipla,Viaduto,Sim,2,1,0,0,1,0,0,2,-27.005419,-48.624871,SPRF-SC,DEL04-SC,UOP03-DEL04-SC,2023
"498275,0",2023-01-09,segunda-feira,19:05:00,SC,101,"462,0",PASSO DE TORRES,Demais falhas mecânicas ou elétricas,Incêndio,Sem Vítimas,Anoitecer,Crescente,Céu Claro,Dupla,Reta,Não,4,0,0,0,4,0,0,1,-29.27577495,-49.75499332,SPRF-RS,DEL03-RS,UOP02-DEL03-RS,2023
"498276,0",2023-01-09,segunda-feira,18:30:00,SC,280,"210,0",TRES BARRAS,Acessar a via sem observar a presença dos outros veículos,Colisão transversal,Com Vítimas Feridas,Pleno dia,Decrescente,Céu Claro,Simples,Reta,Não,4,0,0,1,2,1,1,3,-26.17399809,-50.16814498,SPRF-SC,DEL06-SC,UOP04-DEL06-SC,2023
"498286,0",2023-01-09,segunda-feira,20:20:00,SC,280,"54,5",GUARAMIRIM,Reação tardia ou ineficiente do condutor,Colisão traseira,Com Vítimas Feridas,Plena Noite,Crescente,Nublado,Dupla,Reta;Interseção de Vias,Sim,3,0,1,0,2,0,1,2,-26.47539893,-48.983748,SPRF-SC,DEL03-SC,UOP03-DEL03-SC,2023
"498297,0",2023-01-09,segunda-feira,19:45:00,SC,470,"59,9",BLUMENAU,Conversão proibida,Colisão transversal,Com Vítimas Feridas,Plena Noite,Decrescente,Nublado,Simples,Reta,Sim,2,0,1,0,1,0,1,2,-26.88114554,-49.16550463,SPRF-SC,DEL04-SC,UOP01-DEL04-SC,2023
"498304,0",2023-01-09,segunda-feira,19:00:00,SC,101,"276,0",IMBITUBA,Ultrapassagem Indevida,Colisão lateral mesmo sentido,Com Vítimas Feridas,Anoitecer,Crescente,Céu Claro,Simples,Reta,Sim,2,0,1,0,1,0,1,2,-28.14644701,-48.69204746,SPRF-SC,DEL02-SC,UOP03-DEL02-SC,2023
"498328,0",2023-01-10,terça-feira,04:30:00,SC,282,"2,5",FLORIANOPOLIS,Condutor Dormindo,Queda de ocupante de veículo,Com Vítimas Feridas,Plena Noite,Crescente,Céu Claro,Múltipla,Reta,Sim,1,0,1,0,0,0,1,1,-27.603289,-48.590416,SPRF-SC,DEL01-SC,UOP01-DEL01-SC,2023
"498333,0",2023-01-10,terça-feira,06:00:00,SC,101,"135,0",BALNEARIO CAMBORIU,Acessar a via sem observar a presença dos outros veículos,Colisão transversal,Com Vítimas Feridas,Amanhecer,Crescente,Céu Claro,Simples,Reta,Não,2,0,0,1,1,0,1,2,-27.0050108,-48.62677494,SPRF-SC,DEL04-SC,UOP03-DEL04-SC,2023
"498337,0",2023-01-10,terça-feira,06:30:00,SC,101,"357,2",SANGAO,Ausência de reação do condutor,Saída de leito carroçável,Sem Vítimas,Amanhecer,Decrescente,Céu Claro,Simples,Interseção de Vias,Sim,1,0,0,0,0,1,0,1,-28.635168,-49.09467,SPRF-SC,DEL02-SC,UOP01-DEL02-SC,2023
"498358,0",2023-01-10,terça-feira,07:40:00,SC,116,"72,2",MONTE CASTELO,Ausência de reação do condutor,Colisão traseira,Com Vítimas Feridas,Pleno dia,Decrescente,Céu Claro,Simples,Reta,Não,3,0,1,0,2,0,1,2,-26.48707,-50.23276105,SPRF-SC,DEL06-SC,UOP02-DEL06-SC,2023
"498375,0",2023-01-10,terça-feira,11:40:00,SC,163,"68,4",SAO MIGUEL DO OESTE,Reação tardia ou ineficiente do condutor,Colisão traseira,Com Vítimas Feridas,Pleno dia,Crescente,Nublado,Dupla,Reta,Sim,2,0,1,0,1,0,1,2,-26.74674093,-53.50080013,SPRF-SC,DEL07-SC,UOP03-DEL07-SC,2023
"498377,0",2023-01-10,terça-feira,11:15:00,SC,101,"135,4",BALNEARIO CAMBORIU,Ingestão de álcool pelo condutor,Colisão com objeto,Sem Vítimas,Pleno dia,Decrescente,Sol,Simples,Curva,Não,1,0,0,0,1,0,0,1,-27.0050108,-48.62677494,SPRF-SC,DEL04-SC,UOP03-DEL04-SC,2023
"498386,0",2023-01-10,terça-feira,12:55:00,SC,101,"296,2",IMBITUBA,Carga excessiva e/ou mal acondicionada,Colisão com objeto,Com Vítimas Feridas,Pleno dia,Decrescente,Céu Claro,Dupla,Reta,Não,3,0,1,0,2,0,1,2,-28.33093038,-48.73242259,SPRF-SC,DEL02-SC,UOP03-DEL02-SC,2023
"498399,0",2023-01-10,terça-feira,16:15:00,SC,101,"137,1",BALNEARIO CAMBORIU,Reação tardia ou ineficiente do condutor,Colisão lateral mesmo sentido,Sem Vítimas,Pleno dia,Decrescente,Céu Claro,Múltipla,Viaduto;Interseção de Vias,Sim,3,0,0,0,2,1,0,3,-27.01707667,-48.61101508,SPRF-SC,DEL04-SC,UOP03-DEL04-SC,2023
"498403,0",2023-01-10,terça-feira,13:50:00,SC,470,"33,0",GASPAR,Manobra de mudança de faixa,Colisão lateral mesmo sentido,Com Vítimas Feridas,Pleno dia,Decrescente,Céu Claro,Dupla,Reta,Não,2,0,0,1,1,0,1,2,-26.906223,-48.940575,SPRF-SC,DEL04-SC,UOP01-DEL04-SC,2023
"498418,0",2023-01-10,terça-feira,17:55:00,SC,101,"212,3",PALHOCA,Reação tardia ou ineficiente do condutor,Colisão traseira,Com Vítimas Feridas,Pleno dia,Crescente,Céu Claro,Múltipla,Reta,Sim,2,0,0,1,1,0,1,2,-27.62996929,-48.65903871,SPRF-SC,DEL01-SC,UOP02-DEL01-SC,2023
"498421,0",2023-01-10,terça-feira,18:20:00,SC,101,"205,5",SAO JOSE,Manobra de mudança de faixa,Colisão traseira,Com Vítimas Feridas,Anoitecer,Crescente,Céu Claro,Múltipla,Reta,Sim,2,0,0,1,1,0,1,2,-27.58937228,-48.61737013,SPRF-SC,DEL01-SC,UOP01-DEL01-SC,2023
"498432,0",2023-01-10,terça-feira,17:06:00,SC,282,"410,0",CATANDUVAS,Acessar a via sem observar a presença dos outros veículos,Colisão transversal,Com Vítimas Feridas,Pleno dia,Decrescente,Céu Claro,Simples,Interseção de Vias,Sim,2,0,1,0,1,0,1,2,-27.061399,-51.671875,SPRF-SC,DEL07-SC,UOP05-DEL07-SC,2023
"498487,0",2023-01-11,quarta-feira,07:30:00,SC,470,"246,0",CURITIBANOS,Reação tardia ou ineficiente do condutor,Colisão lateral mesmo sentido,Com Vítimas Feridas,Pleno dia,Decrescente,Céu Claro,Simples,Reta,Sim,2,0,1,0,1,0,1,2,-27.315086,-50.532715,SPRF-SC,DEL05-SC,UOP03-DEL05-SC,2023
"498509,0",2023-01-11,quarta-feira,10:20:00,SC,101,"206,0",SAO JOSE,Ausência de reação do condutor,Colisão traseira,Com Vítimas Feridas,Pleno dia,Crescente,Céu Claro,Múltipla,Reta,Não,3,0,1,0,2,0,1,2,-27.59193546,-48.61824557,SPRF-SC,DEL01-SC,UOP01-DEL01-SC,2023
"498546,0",2023-01-11,quarta-feira,15:00:00,SC,101,"233,9",PALHOCA,Ausência de reação do condutor,Colisão traseira,Com Vítimas Feridas,Pleno dia,Decrescente,Nublado,Dupla,Reta;Aclive,Não,3,0,0,1,2,0,1,2,-27.80376397,-48.63826211,SPRF-SC,DEL01-SC,UOP02-DEL01-SC,2023
"498569,0",2023-01-11,quarta-feira,17:10:00,SC,116,"245,3",LAGES,Condutor deixou de manter distância do veículo da frente,Colisão traseira,Sem Vítimas,Pleno dia,Decrescente,Céu Claro,Simples,Reta,Não,2,0,0,0,2,0,0,2,-27.79544281,-50.36187437,SPRF-SC,DEL05-SC,UOP01-DEL05-SC,2023
"498573,0",2023-01-11,quarta-feira,18:10:00,SC,101,"54,5",JOINVILLE,Reação tardia ou ineficiente do condutor,Colisão traseira,Com Vítimas Feridas,Pleno dia,Crescente,Nublado,Dupla,Reta,Não,2,0,1,0,1,0,1,2,-26.41319508,-48.83617332,SPRF-SC,DEL03-SC,UOP01-DEL03-SC,2023
"498576,0",2023-01-11,quarta-feira,11:20:00,SC,282,"438,0",IRANI,Demais falhas mecânicas ou elétricas,Incêndio,Sem Vítimas,Pleno dia,Decrescente,Céu Claro,Simples,Reta,Não,1,0,0,0,0,1,0,1,-26.95389,-51.855713,SPRF-SC,DEL07-SC,UOP04-DEL07-SC,2023
"498612,0",2023-01-11,quarta-feira,21:05:00,SC,282,"277,0",SAO JOSE DO CERRITO,Reação tardia ou ineficiente do condutor,Saída de leito carroçável,Com Vítimas Fatais,Plena Noite,Decrescente,Nublado,Simples,Curva,Não,3,1,1,0,0,1,1,2,-27.59433737,-50.73589325,SPRF-SC,DEL05-SC,UOP02-DEL05-SC,2023
"498623,0",2023-01-11,quarta-feira,23:20:00,SC,470,"33,4",GASPAR,Ausência de reação do condutor,Colisão traseira,Com Vítimas Feridas,Plena Noite,Crescente,Nublado,Dupla,Reta,Não,3,0,1,0,2,0,1,2,-26.906223,-48.940575,SPRF-SC,DEL04-SC,UOP01-DEL04-SC,2023
"498637,0",2023-01-12,quinta-feira,00:00:00,SC,101,"421,0",SAO JOAO DO SUL,Manobra de mudança de faixa,Saída de leito carroçável,Sem Vítimas,Plena Noite,Crescente,Ignorado,Dupla,Interseção de Vias,Não,1,0,0,0,1,0,0,1,-29.239,-49.756,SPRF-SC,DEL02-SC,UOP02-DEL02-SC,2023
"498650,0",2023-01-11,quarta-feira,20:00:00,SC,101,"103,0",PENHA,Ausência de reação do condutor,Queda de ocupante de veículo,Com Vítimas Feridas,Plena Noite,Decrescente,Céu Claro,Dupla,Curva,Não,2,0,2,0,0,0,2,1,-26.7832381,-48.68314632,SPRF-SC,DEL03-SC,UOP02-DEL03-SC,2023
"498657,0",2023-01-12,quinta-feira,06:40:00,SC,101,"182,0",BIGUACU,Ingestão de álcool pelo condutor,Capotamento,Com Vítimas Feridas,Pleno dia,Crescente,Céu Claro,Dupla,Reta,Não,2,0,2,0,0,0,2,1,-27.39798985,-48.6303592,SPRF-SC,DEL01-SC,UOP01-DEL01-SC,2023
"498661,0",2023-01-12,quinta-feira,07:15:00,SC,470,"58,6",BLUMENAU,Acessar a via sem observar a presença dos outros veículos,Colisão lateral mesmo sentido,Com Vítimas Feridas,Pleno dia,Crescente,Céu Claro,Simples,Aclive;Curva;Em Obras,Sim,2,0,1,0,1,0,1,2,-26.883879,-49.145622,SPRF-SC,DEL04-SC,UOP01-DEL04-SC,2023
"498676,0",2023-01-03,terça-feira,12:20:00,SC,101,"153,0",ITAPEMA,Trafegar com motocicleta (ou similar) entre as faixas,Colisão traseira,Com Vítimas Feridas,Pleno dia,Decrescente,Céu Claro,Dupla,Reta,Sim,2,0,0,1,0,1,1,2,-27.144717,-48.61063935,SPRF-SC,DEL04-SC,UOP03-DEL04-SC,2023
"498678,0",2023-01-12,quinta-feira,09:20:00,SC,101,"191,6",BIGUACU,Demais falhas mecânicas ou elétricas,Queda de ocupante de veículo,Com Vítimas Feridas,Pleno dia,Crescente,Céu Claro,Dupla,Reta,Sim,2,0,2,0,0,0,2,1,-27.47730273,-48.64127329,SPRF-SC,DEL01-SC,UOP01-DEL01-SC,2023
"498706,0",2023-01-12,quinta-feira,10:45:00,SC,101,"151,0",ITAPEMA,Condutor deixou de manter distância do veículo da frente,Colisão traseira,Com Vítimas Feridas,Pleno dia,Crescente,Céu Claro,Dupla,Reta,Sim,2,0,0,1,0,1,1,2,-27.126536,-48.609642,SPRF-SC,DEL04-SC,UOP03-DEL04-SC,2023
"498714,0",2023-01-12,quinta-feira,11:45:00,SC,470,"149,7",AGRONOMICA,Acesso irregular,Colisão lateral mesmo sentido,Com Vítimas Feridas,Pleno dia,Decrescente,Céu Claro,Simples,Reta;Rotatória,Não,2,0,1,0,1,0,1,2,-27.252104,-49.702129,SPRF-SC,DEL04-SC,UOP02-DEL04-SC,2023
"498764,0",2023-01-12,quinta-feira,17:30:00,SC,282,"624,4",IRACEMINHA,Reação tardia ou ineficiente do condutor,Colisão traseira,Com Vítimas Feridas,Pleno dia,Decrescente,Garoa/Chuvisco,Simples,Reta;Interseção de Vias,Não,2,0,1,0,1,0,1,2,-26.79894484,-53.3454895,SPRF-SC,DEL07-SC,UOP02-DEL07-SC,2023
"498788,0",2023-01-12,quinta-feira,17:55:00,SC,470,"4,0",NAVEGANTES,Desrespeitar a preferência no cruzamento,Colisão transversal,Com Vítimas Feridas,Anoitecer,Decrescente,Céu Claro,Dupla,Rotatória,Sim,2,0,1,0,1,0,1,2,-26.858473,-48.690788,SPRF-SC,DEL04-SC,UOP04-DEL04-SC,2023
"498810,0",2023-01-12,quinta-feira,10:15:00,SC,163,"80,7",GUARACIABA,Condutor deixou de manter distância do veículo da frente,Colisão traseira,Sem Vítimas,Pleno dia,Decrescente,Céu Claro,Simples,Curva;Declive,Não,2,0,0,0,2,0,0,2,-26.65043908,-53.5185463,SPRF-SC,DEL07-SC,UOP03-DEL07-SC,2023
"498831,0",2023-01-13,sexta-feira,07:00:00,SC,282,"1,9",SAO JOSE,Ausência de reação do condutor,Tombamento,Com Vítimas Feridas,Pleno dia,Crescente,Céu Claro,Múltipla,Reta,Sim,2,0,1,0,1,0,1,1,-27.602955,-48.580509,SPRF-SC,DEL01-SC,UOP01-DEL01-SC,2023
"498856,0",2023-01-09,segunda-feira,07:20:00,SC,101,"130,0",BALNEARIO CAMBORIU,Condutor deixou de manter distância do veículo da frente,Colisão traseira,Com Vítimas Feridas,Pleno dia,Decrescente,Sol,Dupla,Reta,Sim,2,0,1,0,1,0,1,2,-26.98407618,-48.66977107,SPRF-SC,DEL04-SC,UOP03-DEL04-SC,2023
"498861,0",2023-01-13,sexta-feira,08:27:00,SC,101,"209,7",SAO JOSE,Reação tardia ou ineficiente do condutor,Tombamento,Com Vítimas Feridas,Pleno dia,Crescente,Céu Claro,Dupla,Viaduto,Sim,1,0,1,0,0,0,1,1,-27.61000542,-48.63895057,SPRF-SC,DEL01-SC,UOP01-DEL01-SC,2023
"498871,0",2023-01-13,sexta-feira,09:15:00,SC,101,"33,0",JOINVILLE,Velocidade Incompatível,Queda de ocupante de veículo,Com Vítimas Feridas,Pleno dia,Crescente,Céu Claro,Simples,Aclive;Curva,Não,1,0,1,0,0,0,1,1,-26.25708872,-48.90632629,SPRF-SC,DEL03-SC,UOP01-DEL03-SC,2023
"498876,0",2023-01-13,sexta-feira,11:35:00,SC,101,"80,1",BARRA VELHA,Reação tardia ou ineficiente do condutor,Colisão traseira,Com Vítimas Feridas,Pleno dia,Crescente,Sol,Dupla,Reta,Não,5,0,0,1,4,0,1,5,-26.59849223,-48.72415602,SPRF-SC,DEL03-SC,UOP02-DEL03-SC,2023
"498894,0",2023-01-13,sexta-feira,12:43:00,SC,101,"225,2",PALHOCA,Demais falhas mecânicas ou elétricas,Tombamento,Com Vítimas Feridas,Pleno dia,Decrescente,Céu Claro,Dupla,Reta,Sim,1,0,0,1,0,0,1,1,-27.73292191,-48.6409567,SPRF-SC,DEL01-SC,UOP02-DEL01-SC,2023
"498901,0",2023-01-13,sexta-feira,12:55:00,SC,282,"215,6",LAGES,Acessar a via sem observar a presença dos outros veículos,Colisão traseira,Com Vítimas Feridas,Pleno dia,Crescente,Céu Claro,Simples,Rotatória,Sim,3,0,1,0,2,0,1,2,-27.793665,-50.281799,SPRF-SC,DEL05-SC,UOP01-DEL05-SC,2023
"498926,0",2023-01-13,sexta-feira,16:10:00,SC,101,"130,0",BALNEARIO CAMBORIU,Conversão proibida,Colisão transversal,Com Vítimas Feridas,Pleno dia,Crescente,Céu Claro,Múltipla,Reta,Não,2,0,1,0,1,0,1,2,-26.98407618,-48.66977107,SPRF-SC,DEL04-SC,UOP03-DEL04-SC,2023
"498933,0",2023-01-13,sexta-feira,14:00:00,SC,470,"48,4",BLUMENAU,Demais falhas na via,Tombamento,Com Vítimas Feridas,Pleno dia,Decrescente,Céu Claro,Simples,Em Obras;Reta,Não,2,0,1,0,1,0,1,2,-26.859823,-49.055393,SPRF-SC,DEL04-SC,UOP01-DEL04-SC,2023
"498973,0",2023-01-13,sexta-feira,18:45:00,SC,116,"4,2",MAFRA,Retorno proibido,Colisão transversal,Com Vítimas Feridas,Anoitecer,Crescente,Nublado,Simples,Reta,Sim,3,0,0,1,2,0,1,2,-26.13554917,-49.8072652,SPRF-SC,DEL06-SC,UOP01-DEL06-SC,2023
"498977,0",2023-01-13,sexta-feira,18:25:00,SC,116,"3,9",MAFRA,Reação tardia ou ineficiente do condutor,Colisão traseira,Com Vítimas Feridas,Anoitecer,Decrescente,Céu Claro,Simples,Reta;Aclive,Sim,3,0,2,0,1,0,2,2,-26.13073161,-49.79922442,SPRF-SC,DEL06-SC,UOP01-DEL06-SC,2023
"498992,0",2023-01-13,sexta-feira,19:35:00,SC,101,"109,9",PENHA,Acessar a via sem observar a presença dos outros veículos,Atropelamento de Pedestre,Com Vítimas Feridas,Plena Noite,Decrescente,Nublado,Dupla,Reta,Não,2,0,0,1,1,0,1,2,-26.835053,-48.707548,SPRF-SC,DEL03-SC,UOP02-DEL03-SC,2023
"498997,0",2023-01-13,sexta-feira,19:00:00,SC,101,"214,0",PALHOCA,Ausência de reação do condutor,Tombamento,Com Vítimas Feridas,Anoitecer,Crescente,Nublado,Múltipla,Reta,Sim,1,0,1,0,0,0,1,1,-27.64443,-48.67057,SPRF-SC,DEL01-SC,UOP02-DEL01-SC,2023
"499020,0",2023-01-13,sexta-feira,22:30:00,SC,470,"126,0",LONTRAS,Conversão proibida,Colisão traseira,Com Vítimas Feridas,Plena Noite,Crescente,Nublado,Simples,Curva,Sim,2,0,1,0,1,0,1,2,-27.129,-49.538277,SPRF-SC,DEL04-SC,UOP02-DEL04-SC,2023
"499032,0",2023-01-14,sábado,01:40:00,SC,282,"224,4",LAGES,Ingestão de álcool pelo condutor,Saída de leito carroçável,Sem Vítimas,Plena Noite,Crescente,Nublado,Simples,Aclive,Não,1,0,0,0,1,0,0,1,-27.79320008,-50.37736773,SPRF-SC,DEL05-SC,UOP02-DEL05-SC,2023
"499043,0",2023-01-14,sábado,04:30:00,SC,101,"372,3",ICARA,Ausência de reação do condutor,Saída de leito carroçável,Com Vítimas Feridas,Amanhecer,Crescente,Céu Claro,Dupla,Reta,Não,3,0,1,0,2,0,1,1,-28.70864509,-49.20924696,SPRF-SC,DEL02-SC,UOP01-DEL02-SC,2023
"499044,0",2023-01-14,sábado,04:30:00,SC,280,"100,0",SAO BENTO DO SUL,Ingestão de álcool pelo condutor,Colisão com objeto,Sem Vítimas,Amanhecer,Crescente,Céu Claro,Simples,Curva,Não,1,0,0,0,1,0,0,1,-26.37158361,-49.33137101,SPRF-SC,DEL06-SC,UOP03-DEL06-SC,2023
"499051,0",2023-01-13,sexta-feira,17:30:00,SC,280,"296,0",PORTO UNIAO,Transitar na contramão,Colisão frontal,Com Vítimas Feridas,Pleno dia,Crescente,Chuva,Simples,Reta,Não,5,0,3,2,0,0,5,2,-26.28733189,-50.98370597,SPRF-SC,DEL06-SC,UOP04-DEL06-SC,2023
"499054,0",2023-01-13,sexta-feira,14:30:00,SC,280,"276,6",IRINEOPOLIS,Acessar a via sem observar a presença dos outros veículos,Colisão transversal,Com Vítimas Feridas,Pleno dia,Crescente,Céu Claro,Simples,Reta,Não,2,0,1,0,0,1,1,2,-26.29126407,-50.79052397,SPRF-SC,DEL06-SC,UOP04-DEL06-SC,2023
"499057,0",2023-01-14,sábado,08:00:00,SC,282,"1,0",FLORIANOPOLIS,Condutor deixou de manter distância do veículo da frente,Colisão traseira,Sem Vítimas,Pleno dia,Crescente,Sol,Dupla,Reta,Sim,4,0,0,0,4,0,0,4,-27.602955,-48.580509,SPRF-SC,DEL01-SC,UOP01-DEL01-SC,2023
"499058,0",2023-01-14,sábado,08:10:00,SC,101,"213,0",PALHOCA,Reação tardia ou ineficiente do condutor,Colisão traseira,Com Vítimas Feridas,Pleno dia,Crescente,Céu Claro,Múltipla,Reta,Não,2,0,1,0,1,0,1,2,-27.63697369,-48.66514142,SPRF-SC,DEL01-SC,UOP02-DEL01-SC,2023
"499117,0",2023-01-14,sábado,13:50:00,SC,101,"145,0",ITAPEMA,Reação tardia ou ineficiente do condutor,Tombamento,Com Vítimas Feridas,Pleno dia,Decrescente,Sol,Dupla,Reta;Aclive,Sim,1,0,0,1,0,0,1,1,-27.08139206,-48.60130993,SPRF-SC,DEL04-SC,UOP03-DEL04-SC,2023
"499127,0",2023-01-14,sábado,11:00:00,SC,280,"17,1",SAO FRANCISCO DO SUL,Demais falhas na via,Queda de ocupante de veículo,Com Vítimas Feridas,Pleno dia,Crescente,Sol,Simples,Reta,Não,1,0,1,0,0,0,1,1,-26.35609813,-48.66029868,SPRF-SC,DEL03-SC,UOP03-DEL03-SC,2023
"499136,0",2023-01-14,sábado,16:20:00,SC,101,"188,0",BIGUACU,Reação tardia ou ineficiente do condutor,Tombamento,Com Vítimas Feridas,Pleno dia,Crescente,Nublado,Dupla,Reta,Não,2,0,0,1,0,1,1,2,-27.45123421,-48.63370766,SPRF-SC,DEL01-SC,UOP01-DEL01-SC,2023
"499141,0",2023-01-14,sábado,14:00:00,SC,280,"195,4",MAFRA,Ausência de reação do condutor,Saída de leito carroçável,Com Vítimas Feridas,Pleno dia,Decrescente,Nublado,Simples,Declive;Curva,Não,1,0,1,0,0,0,1,1,-26.18019178,-50.02301037,SPRF-SC,DEL06-SC,UOP01-DEL06-SC,2023
"499146,0",2023-01-14,sábado,14:52:00,SC,101,"306,0",LAGUNA,Desrespeitar a preferência no cruzamento,Colisão transversal,Com Vítimas Feridas,Pleno dia,Crescente,Nublado,Simples,Interseção de Vias,Não,4,0,2,0,2,0,2,2,-28.38437001,-48.77113299,SPRF-SC,DEL02-SC,UOP03-DEL02-SC,2023
"499147,0",2023-01-14,sábado,17:10:00,SC,101,"194,0",BIGUACU,Reação tardia ou ineficiente do condutor,Tombamento,Com Vítimas Feridas,Pleno dia,Crescente,Nublado,Dupla,Reta,Sim,3,0,2,0,1,0,2,2,-27.49815117,-48.65661236,SPRF-SC,DEL01-SC,UOP01-DEL01-SC,2023
"499152,0",2023-01-14,sábado,17:45:00,SC,101,"199,0",SAO JOSE,Acessar a via sem observar a presença dos outros veículos,Colisão transversal,Com Vítimas Feridas,Pleno dia,Crescente,Garoa/Chuvisco,Múltipla,Reta,Não,3,0,2,0,1,0,2,2,-27.53413705,-48.63003205,SPRF-SC,DEL01-SC,UOP01-DEL01-SC,2023
"499153,0",2023-01-14,sábado,17:30:00,SC,101,"148,0",ITAPEMA,Trafegar com motocicleta (ou similar) entre as faixas,Colisão lateral mesmo sentido,Com Vítimas Feridas,Pleno dia,Decrescente,Chuva,Múltipla,Reta,Sim,4,0,1,0,1,2,1,3,-27.10123686,-48.61807962,SPRF-SC,DEL04-SC,UOP03-DEL04-SC,2023
"499158,0",2023-01-14,sábado,18:15:00,SC,101,"138,0",BALNEARIO CAMBORIU,Reação tardia ou ineficiente do condutor,Colisão traseira,Com Vítimas Feridas,Pleno dia,Crescente,Nublado,Múltipla,Reta,Sim,2,0,0,1,1,0,1,2,-27.02397426,-48.60761649,SPRF-SC,DEL04-SC,UOP03-DEL04-SC,2023
"499159,0",2023-01-14,sábado,18:30:00,SC,101,"111,7",ITAJAI,Condutor deixou de manter distância do veículo da frente,Colisão traseira,Com Vítimas Feridas,Plena Noite,Crescente,Garoa/Chuvisco,Dupla,Ponte;Aclive,Sim,3,0,0,1,2,0,1,3,-26.84474954,-48.71981621,SPRF-SC,DEL04-SC,UOP04-DEL04-SC,2023
"499173,0",2023-01-14,sábado,19:35:00,SC,470,"120,0",IBIRAMA,Ingestão de álcool pelo condutor,Saída de leito carroçável,Com Vítimas Feridas,Plena Noite,Decrescente,Nublado,Simples,Curva,Não,1,0,1,0,0,0,1,1,-27.095452,-49.526063,SPRF-SC,DEL04-SC,UOP02-DEL04-SC,2023
"499177,0",2023-01-14,sábado,19:30:00,SC,101,"351,9",JAGUARUNA,Ingestão de álcool pelo condutor,Saída de leito carroçável,Com Vítimas Feridas,Plena Noite,Decrescente,Chuva,Dupla,Declive,Não,2,0,1,1,0,0,2,1,-28.5977641,-49.04943589,SPRF-SC,DEL02-SC,UOP01-DEL02-SC,2023