id,data_inversa,dia_semana,horario,uf,br,km,municipio,causa_acidente,tipo_acidente,classificacao_acidente,fase_dia,sentido_via,condicao_metereologica,tipo_pista,tracado_via,uso_solo,pessoas,mortos,feridos_leves,feridos_graves,ilesos,ignorados,feridos,veiculos,latitude,longitude,regional,delegacia,uop,ano_arquivo
"499180,0",2023-01-14,sábado,19:47:00,SC,470,"10,0",NAVEGANTES,Acessar a via sem observar a presença dos outros veículos,Atropelamento de Pedestre,Com Vítimas Feridas,Plena Noite,Decrescente,Chuva,Simples,Reta,Sim,4,0,0,1,2,1,1,4,-26.833693,-48.73724,SPRF-SC,DEL04-SC,UOP04-DEL04-SC,2023
"499198,0",2023-01-14,sábado,17:20:00,SC,280,"303,3",PORTO UNIAO,Reação tardia ou ineficiente do condutor,Tombamento,Com Vítimas Feridas,Pleno dia,Crescente,Chuva,Simples,Reta;Interseção de Vias,Sim,1,0,1,0,0,0,1,1,-26.27999553,-51.05063229,SPRF-SC,DEL06-SC,UOP04-DEL06-SC,2023
"499216,0",2023-01-14,sábado,21:55:00,SC,282,"21,3",PALHOCA,Ingestão de álcool pelo condutor,Colisão transversal,Com Vítimas Feridas,Plena Noite,Decrescente,Céu Claro,Simples,Curva,Sim,2,0,0,1,1,0,1,2,-27.68845882,-48.72168303,SPRF-SC,DEL01-SC,UOP02-DEL01-SC,2023
"499217,0",2023-01-14,sábado,18:36:00,SC,101,"106,1",PENHA,Manobra de mudança de faixa,Colisão lateral mesmo sentido,Com Vítimas Feridas,Anoitecer,Crescente,Nublado,Dupla,Reta,Sim,4,0,1,1,2,0,2,2,-26.8184118,-48.6834102,SPRF-SC,DEL03-SC,UOP02-DEL03-SC,2023
"499235,0",2023-01-15,domingo,00:30:00,SC,101,"214,1",PALHOCA,Reação tardia ou ineficiente do condutor,Colisão traseira,Com Vítimas Feridas,Plena Noite,Crescente,Garoa/Chuvisco,Múltipla,Reta,Sim,2,0,1,0,1,0,1,2,-27.64443,-48.67057,SPRF-SC,DEL01-SC,UOP02-DEL01-SC,2023
"499236,0",2023-01-14,sábado,22:46:00,SC,470,"294,6",CAMPOS NOVOS,Velocidade Incompatível,Saída de leito carroçável,Com Vítimas Feridas,Plena Noite,Crescente,Chuva,Simples,Aclive;Curva,Não,4,0,4,0,0,0,4,1,-27.344725,-51.000042,SPRF-SC,DEL07-SC,UOP06-DEL07-SC,2023
"499243,0",2023-01-15,domingo,01:15:00,SC,101,"232,3",PALHOCA,Reação tardia ou ineficiente do condutor,Colisão traseira,Com Vítimas Feridas,Plena Noite,Decrescente,Chuva,Dupla,Declive;Curva;Em Obras,Não,3,0,1,0,1,1,1,2,-27.79259829,-48.63821268,SPRF-SC,DEL01-SC,UOP02-DEL01-SC,2023
"499250,0",2023-01-15,domingo,03:00:00,SC,101,"113,1",ITAJAI,Ingestão de álcool pelo condutor,Capotamento,Com Vítimas Feridas,Plena Noite,Decrescente,Chuva,Dupla,Retorno Regulamentado,Sim,4,0,1,0,3,0,1,1,-26.85415904,-48.72690797,SPRF-SC,DEL04-SC,UOP04-DEL04-SC,2023
"499261,0",2023-01-15,domingo,05:00:00,SC,101,"36,7",JOINVILLE,Retorno proibido,Colisão frontal,Com Vítimas Feridas,Plena Noite,Decrescente,Nublado,Dupla,Reta,Sim,3,0,3,0,0,0,3,2,-26.28166023,-48.88968587,SPRF-SC,DEL03-SC,UOP01-DEL03-SC,2023
"499262,0",2023-01-14,sábado,20:55:00,SC,101,"450,7",SAO JOAO DO SUL,Reação tardia ou ineficiente do condutor,Colisão traseira,Com Vítimas Feridas,Plena Noite,Decrescente,Chuva,Dupla,Curva,Não,4,0,2,0,2,0,2,2,-29.17229091,-49.74904711,SPRF-SC,DEL02-SC,UOP02-DEL02-SC,2023
"499263,0",2023-01-15,domingo,04:30:00,SC,101,"108,3",PENHA,Ausência de reação do condutor,Queda de ocupante de veículo,Sem Vítimas,Plena Noite,Crescente,Garoa/Chuvisco,Múltipla,Reta,Sim,1,0,0,0,0,1,0,1,-26.82606902,-48.69052298,SPRF-SC,DEL03-SC,UOP02-DEL03-SC,2023
"499267,0",2023-01-15,domingo,05:00:00,SC,153,"68,0",IRANI,Ausência de reação do condutor,Saída de leito carroçável,Com Vítimas Feridas,Amanhecer,Decrescente,Nublado,Simples,Curva,Não,2,0,1,0,1,0,1,1,-27.033516,-51.879311,SPRF-SC,DEL07-SC,UOP04-DEL07-SC,2023
"499269,0",2023-01-15,domingo,05:50:00,SC,470,"54,0",BLUMENAU,Transitar na contramão,Colisão frontal,Com Vítimas Feridas,Amanhecer,Crescente,Chuva,Simples,Curva,Sim,2,0,2,0,0,0,2,2,-26.867121,-49.102066,SPRF-SC,DEL04-SC,UOP01-DEL04-SC,2023
"499278,0",2023-01-15,domingo,06:06:00,SC,470,"122,7",IBIRAMA,Chuva,Saída de leito carroçável,Com Vítimas Feridas,Amanhecer,Crescente,Chuva,Simples,Curva;Aclive,Não,1,0,1,0,0,0,1,1,-27.10619059,-49.52186108,SPRF-SC,DEL04-SC,UOP02-DEL04-SC,2023
"499292,0",2023-01-15,domingo,07:50:00,SC,470,"211,7",SAO CRISTOVAO DO SUL,Ausência de reação do condutor,Colisão lateral sentido oposto,Com Vítimas Feridas,Pleno dia,Crescente,Garoa/Chuvisco,Simples,Curva,Não,5,0,2,0,3,0,2,2,-27.306231,-50.228275,SPRF-SC,DEL05-SC,UOP03-DEL05-SC,2023
"499296,0",2023-01-15,domingo,10:00:00,SC,282,"17,9",PALHOCA,Condutor deixou de manter distância do veículo da frente,Colisão traseira,Com Vítimas Feridas,Pleno dia,Crescente,Nublado,Simples,Reta,Sim,3,0,1,0,2,0,1,2,-27.665707,-48.688065,SPRF-SC,DEL01-SC,UOP02-DEL01-SC,2023
"499310,0",2023-01-15,domingo,10:20:00,SC,101,"90,7",BARRA VELHA,Reação tardia ou ineficiente do condutor,Colisão lateral mesmo sentido,Com Vítimas Feridas,Pleno dia,Decrescente,Nublado,Simples,Reta,Sim,2,0,1,0,1,0,1,2,-26.67427509,-48.69021893,SPRF-SC,DEL03-SC,UOP02-DEL03-SC,2023
"499312,0",2023-01-15,domingo,11:30:00,SC,101,"194,1",BIGUACU,Mal súbito do condutor,Colisão traseira,Com Vítimas Feridas,Pleno dia,Decrescente,Nublado,Simples,Viaduto,Sim,2,0,1,1,0,0,2,2,-27.49806992,-48.65634441,SPRF-SC,DEL01-SC,UOP01-DEL01-SC,2023
"499313,0",2023-01-15,domingo,11:25:00,SC,101,"194,3",BIGUACU,Mal súbito do condutor,Colisão lateral mesmo sentido,Com Vítimas Feridas,Pleno dia,Decrescente,Nublado,Múltipla,Reta,Não,3,0,2,1,0,0,3,2,-27.49815117,-48.65661236,SPRF-SC,DEL01-SC,UOP01-DEL01-SC,2023
"499316,0",2023-01-15,domingo,09:30:00,SC,101,"130,0",BALNEARIO CAMBORIU,Condutor deixou de manter distância do veículo da frente,Colisão traseira,Com Vítimas Feridas,Pleno dia,Decrescente,Céu Claro,Dupla,Reta,Sim,2,0,0,1,1,0,1,2,-26.98407618,-48.66977107,SPRF-SC,DEL04-SC,UOP03-DEL04-SC,2023
"499332,0",2023-01-15,domingo,14:50:00,SC,101,"213,0",PALHOCA,Condutor deixou de manter distância do veículo da frente,Colisão lateral mesmo sentido,Com Vítimas Feridas,Pleno dia,Decrescente,Chuva,Múltipla,Reta,Sim,2,0,2,0,0,0,2,1,-27.63697369,-48.66514142,SPRF-SC,DEL01-SC,UOP02-DEL01-SC,2023
"499357,0",2023-01-15,domingo,16:40:00,SC,101,"365,0",SANGAO,Problema na suspensão,Queda de ocupante de veículo,Com Vítimas Feridas,Pleno dia,Decrescente,Nublado,Dupla,Reta,Não,2,0,1,0,1,0,1,1,-28.68290284,-49.14759308,SPRF-SC,DEL02-SC,UOP01-DEL02-SC,2023
"499403,0",2023-01-15,domingo,17:30:00,SC,470,"178,9",POUSO REDONDO,Velocidade Incompatível,Saída de leito carroçável,Com Vítimas Feridas,Pleno dia,Decrescente,Chuva,Simples,Reta,Não,3,0,3,0,0,0,3,1,-27.248392,-49.967083,SPRF-SC,DEL04-SC,UOP02-DEL04-SC,2023
"499408,0",2023-01-15,domingo,18:45:00,SC,153,"13,0",AGUA DOCE,Manobra de mudança de faixa,Colisão frontal,Com Vítimas Feridas,Anoitecer,Decrescente,Chuva,Simples,Curva,Não,5,0,4,1,0,0,5,2,-26.690351,-51.567181,SPRF-SC,DEL07-SC,UOP07-DEL07-SC,2023
"499414,0",2023-01-15,domingo,21:55:00,SC,101,"113,2",ITAJAI,Manobra de mudança de faixa,Colisão traseira,Com Vítimas Feridas,Plena Noite,Decrescente,Ignorado,Múltipla,Retorno Regulamentado,Sim,5,0,3,0,2,0,3,2,-26.85311393,-48.72689927,SPRF-SC,DEL04-SC,UOP04-DEL04-SC,2023
"499420,0",2023-01-15,domingo,20:50:00,SC,280,"4,5",SAO FRANCISCO DO SUL,Chuva,Colisão traseira,Com Vítimas Feridas,Plena Noite,Crescente,Chuva,Simples,Reta,Sim,2,0,1,0,1,0,1,2,-26.25329566,-48.61916042,SPRF-SC,DEL03-SC,UOP03-DEL03-SC,2023
"499433,0",2023-01-15,domingo,21:50:00,SC,101,"40,1",JOINVILLE,Velocidade Incompatível,Saída de leito carroçável,Com Vítimas Feridas,Plena Noite,Decrescente,Chuva,Simples,Curva;Declive,Sim,1,0,1,0,0,0,1,1,-26.31062778,-48.87718678,SPRF-SC,DEL03-SC,UOP01-DEL03-SC,2023
"499435,0",2023-01-15,domingo,20:00:00,SC,101,"78,0",ARAQUARI,Ingestão de álcool pelo condutor,Colisão traseira,Sem Vítimas,Plena Noite,Decrescente,Céu Claro,Dupla,Reta,Não,2,0,0,0,2,0,0,2,-26.57672096,-48.72270551,SPRF-SC,DEL03-SC,UOP02-DEL03-SC,2023
"499452,0",2023-01-16,segunda-feira,00:10:00,SC,282,"408,0",CATANDUVAS,Ingestão de álcool pelo condutor,Colisão frontal,Com Vítimas Feridas,Plena Noite,Crescente,Garoa/Chuvisco,Simples,Reta;Declive,Não,4,0,2,0,2,0,2,2,-27.079458,-51.663645,SPRF-SC,DEL07-SC,UOP05-DEL07-SC,2023
"499453,0",2023-01-15,domingo,23:30:00,SC,101,"244,0",PALHOCA,Acumulo de água sobre o pavimento,Eventos atípicos,Com Vítimas Feridas,Plena Noite,Decrescente,Chuva,Dupla,Reta,Não,2,0,1,0,1,0,1,1,-27.89294003,-48.64821868,SPRF-SC,DEL01-SC,UOP02-DEL01-SC,2023
"499462,0",2023-01-16,segunda-feira,03:30:00,SC,282,"140,0",BOM RETIRO,Ingestão de álcool pelo condutor,Colisão traseira,Com Vítimas Feridas,Plena Noite,Decrescente,Nevoeiro/Neblina,Simples,Curva,Não,4,0,1,0,3,0,1,2,-27.818821,-49.590221,SPRF-SC,DEL05-SC,UOP01-DEL05-SC,2023
"499484,0",2023-01-16,segunda-feira,01:30:00,SC,101,"105,0",PENHA,Ausência de reação do condutor,Queda de ocupante de veículo,Com Vítimas Feridas,Plena Noite,Crescente,Céu Claro,Dupla,Retorno Regulamentado,Sim,1,0,1,0,0,0,1,1,-26.80215497,-48.67891041,SPRF-SC,DEL03-SC,UOP02-DEL03-SC,2023
"499493,0",2023-01-16,segunda-feira,08:20:00,SC,101,"230,4",PALHOCA,Demais falhas mecânicas ou elétricas,Tombamento,Com Vítimas Feridas,Pleno dia,Crescente,Céu Claro,Múltipla,Reta,Não,2,0,2,0,0,0,2,1,-27.77781898,-48.63489608,SPRF-SC,DEL01-SC,UOP02-DEL01-SC,2023
"499494,0",2023-01-16,segunda-feira,07:50:00,SC,101,"129,9",BALNEARIO CAMBORIU,Trafegar com motocicleta (ou similar) entre as faixas,Colisão traseira,Com Vítimas Feridas,Pleno dia,Decrescente,Céu Claro,Dupla,Reta,Sim,2,0,0,1,1,0,1,2,-26.98064277,-48.6790679,SPRF-SC,DEL04-SC,UOP03-DEL04-SC,2023
"499523,0",2023-01-16,segunda-feira,11:30:00,SC,470,"96,1",APIUNA,Acessar a via sem observar a presença dos outros veículos,Colisão transversal,Com Vítimas Feridas,Pleno dia,Decrescente,Céu Claro,Simples,Curva,Sim,2,0,0,2,0,0,2,2,-27.020767,-49.371342,SPRF-SC,DEL04-SC,UOP01-DEL04-SC,2023
"499529,0",2023-01-14,sábado,23:30:00,SC,282,"542,2",CHAPECO,Velocidade Incompatível,Colisão lateral sentido oposto,Sem Vítimas,Plena Noite,Crescente,Garoa/Chuvisco,Simples,Curva,Não,2,0,0,0,2,0,0,2,-27.001301,-52.707569,SPRF-SC,DEL07-SC,UOP01-DEL07-SC,2023
"499530,0",2023-01-16,segunda-feira,13:00:00,SC,101,"209,6",SAO JOSE,Condutor deixou de manter distância do veículo da frente,Engavetamento,Sem Vítimas,Pleno dia,Decrescente,Céu Claro,Múltipla,Reta,Sim,4,0,0,0,4,0,0,4,-27.61000542,-48.63895057,SPRF-SC,DEL01-SC,UOP01-DEL01-SC,2023
"499544,0",2023-01-16,segunda-feira,13:00:00,SC,470,"294,9",CAMPOS NOVOS,Condutor Dormindo,Saída de leito carroçável,Com Vítimas Feridas,Pleno dia,Decrescente,Céu Claro,Simples,Declive;Curva,Não,1,0,0,1,0,0,1,1,-27.34879761,-51.00772977,SPRF-SC,DEL07-SC,UOP06-DEL07-SC,2023
"499548,0",2023-01-16,segunda-feira,14:45:00,SC,101,"235,0",PALHOCA,Condutor deixou de manter distância do veículo da frente,Colisão traseira,Sem Vítimas,Pleno dia,Decrescente,Nublado,Dupla,Reta,Não,2,0,0,0,2,0,0,2,-27.8177775,-48.6315025,SPRF-SC,DEL01-SC,UOP02-DEL01-SC,2023
"499586,0",2023-01-16,segunda-feira,16:50:00,SC,101,"409,0",ARARANGUA,Acessar a via sem observar a presença dos outros veículos,Colisão transversal,Com Vítimas Feridas,Pleno dia,Crescente,Nublado,Simples,Rotatória,Sim,2,0,1,0,1,0,1,2,-28.939705,-49.497796,SPRF-SC,DEL02-SC,UOP02-DEL02-SC,2023
"499599,0",2023-01-16,segunda-feira,16:30:00,SC,101,"42,0",JOINVILLE,Acessar a via sem observar a presença dos outros veículos,Atropelamento de Pedestre,Com Vítimas Feridas,Pleno dia,Decrescente,Nublado,Simples,Reta,Sim,2,0,1,1,0,0,2,2,-26.32481614,-48.86642575,SPRF-SC,DEL03-SC,UOP01-DEL03-SC,2023
"499618,0",2023-01-16,segunda-feira,18:40:00,SC,282,"411,0",CATANDUVAS,Chuva,Saída de leito carroçável,Com Vítimas Feridas,Pleno dia,Crescente,Chuva,Simples,Curva,Não,5,0,1,0,4,0,1,1,-27.062956,-51.669058,SPRF-SC,DEL07-SC,UOP05-DEL07-SC,2023
"499620,0",2023-01-16,segunda-feira,18:45:00,SC,282,"220,0",LAGES,Ausência de reação do condutor,Colisão traseira,Com Vítimas Feridas,Anoitecer,Crescente,Nublado,Simples,Reta,Sim,2,0,1,0,1,0,1,2,-27.794014,-50.33363,SPRF-SC,DEL05-SC,UOP01-DEL05-SC,2023
"499626,0",2023-01-16,segunda-feira,22:20:00,SC,280,"126,0",RIO NEGRINHO,Ausência de reação do condutor,Colisão traseira,Com Vítimas Feridas,Plena Noite,Decrescente,Nublado,Simples,Reta,Sim,2,0,1,0,1,0,1,2,-26.23779604,-49.49427399,SPRF-SC,DEL06-SC,UOP03-DEL06-SC,2023
"499636,0",2023-01-16,segunda-feira,14:00:00,SC,470,"176,9",POUSO REDONDO,Acessar a via sem observar a presença dos outros veículos,Colisão transversal,Com Vítimas Feridas,Pleno dia,Crescente,Céu Claro,Simples,Rotatória,Sim,2,0,0,1,1,0,1,2,-27.25086808,-49.95951176,SPRF-SC,DEL04-SC,UOP02-DEL04-SC,2023
"499653,0",2023-01-17,terça-feira,03:40:00,SC,101,"121,7",ITAJAI,Ausência de reação do condutor,Tombamento,Com Vítimas Feridas,Plena Noite,Decrescente,Céu Claro,Dupla,Reta,Sim,1,0,1,0,0,0,1,1,-26.9253606,-48.70668411,SPRF-SC,DEL04-SC,UOP04-DEL04-SC,2023
"499677,0",2023-01-17,terça-feira,08:10:00,SC,470,"3,0",NAVEGANTES,Ausência de reação do condutor,Colisão traseira,Com Vítimas Feridas,Pleno dia,Decrescente,Nublado,Dupla,Reta;Em Obras,Sim,2,0,0,1,1,0,1,2,-26.861937,-48.681618,SPRF-SC,DEL04-SC,UOP04-DEL04-SC,2023
"499683,0",2023-01-17,terça-feira,08:20:00,SC,101,"327,0",CAPIVARI DE BAIXO,Acumulo de areia ou detritos sobre o pavimento,Queda de ocupante de veículo,Com Vítimas Feridas,Pleno dia,Crescente,Céu Claro,Simples,Interseção de Vias,Sim,1,0,1,0,0,0,1,1,-28.439189,-48.962011,SPRF-SC,DEL02-SC,UOP01-DEL02-SC,2023
"499686,0",2023-01-14,sábado,14:00:00,SC,470,"8,0",NAVEGANTES,Ingestão de álcool pelo condutor,Colisão lateral sentido oposto,Com Vítimas Feridas,Pleno dia,Decrescente,Céu Claro,Simples,Interseção de Vias;Viaduto,Não,5,0,2,0,3,0,2,2,-26.84026946,-48.7167263,SPRF-SC,DEL04-SC,UOP04-DEL04-SC,2023
"499719,0",2023-01-17,terça-feira,12:45:00,SC,470,"59,0",BLUMENAU,Demais falhas na via,Saída de leito carroçável,Sem Vítimas,Pleno dia,Crescente,Céu Claro,Simples,Reta,Sim,1,0,0,0,1,0,0,1,-26.882812,-49.1548,SPRF-SC,DEL04-SC,UOP01-DEL04-SC,2023
"499728,0",2023-01-17,terça-feira,10:00:00,SC,101,"412,5",ARARANGUA,Reação tardia ou ineficiente do condutor,Colisão traseira,Sem Vítimas,Pleno dia,Decrescente,Nublado,Simples,Rotatória,Sim,2,0,0,0,2,0,0,2,-28.9584525,-49.51439917,SPRF-SC,DEL02-SC,UOP02-DEL02-SC,2023
"499762,0",2023-01-17,terça-feira,17:30:00,SC,101,"193,0",BIGUACU,Velocidade Incompatível,Colisão transversal,Com Vítimas Feridas,Pleno dia,Decrescente,Nublado,Múltipla,Interseção de Vias,Sim,2,0,0,1,1,0,1,2,-27.489574,-48.655914,SPRF-SC,DEL01-SC,UOP01-DEL01-SC,2023
"499764,0",2023-01-17,terça-feira,15:40:00,SC,280,"237,5",CANOINHAS,Velocidade Incompatível,Saída de leito carroçável,Com Vítimas Feridas,Pleno dia,Decrescente,Nublado,Simples,Curva,Não,1,0,1,0,0,0,1,1,-26.20007512,-50.43278217,SPRF-SC,DEL06-SC,UOP04-DEL06-SC,2023
"499770,0",2023-01-17,terça-feira,11:15:00,SC,480,"129,2",CHAPECO,Pedestre cruzava a pista fora da faixa,Atropelamento de Pedestre,Com Vítimas Feridas,Pleno dia,Decrescente,Nublado,Simples,Reta,Sim,2,0,0,1,1,0,1,2,-27.04656607,-52.63577131,SPRF-SC,DEL07-SC,UOP01-DEL07-SC,2023
"499779,0",2023-01-17,terça-feira,19:05:00,SC,470,"54,1",BLUMENAU,Conversão proibida,Colisão transversal,Com Vítimas Feridas,Anoitecer,Crescente,Nublado,Simples,Curva,Sim,2,0,1,0,1,0,1,2,-26.871065,-49.110374,SPRF-SC,DEL04-SC,UOP01-DEL04-SC,2023
"499781,0",2023-01-17,terça-feira,15:40:00,SC,101,"281,3",IMBITUBA,Ausência de reação do condutor,Colisão com objeto,Com Vítimas Feridas,Pleno dia,Crescente,Nublado,Dupla,Reta,Não,2,0,1,0,0,1,1,2,-28.18793595,-48.69652041,SPRF-SC,DEL02-SC,UOP03-DEL02-SC,2023
"499839,0",2023-01-18,quarta-feira,06:30:00,SC,101,"157,0",PORTO BELO,Velocidade Incompatível,Colisão com objeto,Com Vítimas Feridas,Pleno dia,Decrescente,Céu Claro,Múltipla,Reta,Não,3,0,2,1,0,0,3,1,-27.181625,-48.6121179,SPRF-SC,DEL04-SC,UOP03-DEL04-SC,2023
"499854,0",2023-01-17,terça-feira,19:25:00,SC,280,"136,0",RIO NEGRINHO,Demais Fenômenos da natureza,Eventos atípicos,Sem Vítimas,Plena Noite,Decrescente,Chuva,Simples,Reta,Não,2,0,0,0,2,0,0,1,-26.270102,-49.58121,SPRF-SC,DEL06-SC,UOP03-DEL06-SC,2023
"499880,0",2023-01-18,quarta-feira,10:50:00,SC,101,"214,3",PALHOCA,Condutor deixou de manter distância do veículo da frente,Colisão traseira,Com Vítimas Feridas,Pleno dia,Decrescente,Sol,Múltipla,Reta,Sim,3,0,1,0,2,0,1,2,-27.64443,-48.67057,SPRF-SC,DEL01-SC,UOP02-DEL01-SC,2023
"499881,0",2023-01-13,sexta-feira,20:45:00,SC,280,"234,0",CANOINHAS,Acessar a via sem observar a presença dos outros veículos,Colisão transversal,Com Vítimas Feridas,Plena Noite,Crescente,Nublado,Simples,Reta,Sim,2,0,1,0,1,0,1,2,-26.19130591,-50.40255601,SPRF-SC,DEL06-SC,UOP04-DEL06-SC,2023
"499893,0",2023-01-18,quarta-feira,12:30:00,SC,101,"205,9",SAO JOSE,Trafegar com motocicleta (ou similar) entre as faixas,Colisão traseira,Com Vítimas Feridas,Pleno dia,Crescente,Nublado,Múltipla,Reta,Sim,3,0,1,0,2,0,1,3,-27.58313237,-48.61532885,SPRF-SC,DEL01-SC,UOP01-DEL01-SC,2023
"499897,0",2023-01-16,segunda-feira,18:00:00,SC,480,"130,0",CHAPECO,Transitar na contramão,Colisão frontal,Com Vítimas Feridas,Pleno dia,Decrescente,Céu Claro,Simples,Interseção de Vias,Sim,2,0,0,1,1,0,1,2,-27.05534298,-52.63652069,SPRF-SC,DEL07-SC,UOP01-DEL07-SC,2023
"499930,0",2023-01-18,quarta-feira,17:20:00,SC,282,"16,0",PALHOCA,Trafegar com motocicleta (ou similar) entre as faixas,Colisão transversal,Com Vítimas Feridas,Pleno dia,Crescente,Nublado,Simples,Reta,Sim,2,0,0,1,1,0,1,2,-27.658611,-48.681847,SPRF-SC,DEL01-SC,UOP02-DEL01-SC,2023
"499968,0",2023-01-18,quarta-feira,21:45:00,SC,282,"0,4",FLORIANOPOLIS,Velocidade Incompatível,Colisão com objeto,Com Vítimas Feridas,Pleno dia,Crescente,Nublado,Dupla,Reta,Não,1,0,1,0,0,0,1,1,-27.59845,-48.571995,SPRF-SC,DEL01-SC,UOP01-DEL01-SC,2023
"499980,0",2023-01-18,quarta-feira,23:45:00,SC,101,"127,0",ITAJAI,Velocidade Incompatível,Saída de leito carroçável,Sem Vítimas,Plena Noite,Crescente,Garoa/Chuvisco,Dupla,Curva,Não,4,0,0,0,4,0,0,1,-26.9639319,-48.68328024,SPRF-SC,DEL04-SC,UOP04-DEL04-SC,2023
"499986,0",2023-01-19,quinta-feira,00:20:00,SC,101,"90,9",BARRA VELHA,Condutor deixou de manter distância do veículo da frente,Colisão traseira,Com Vítimas Feridas,Plena Noite,Crescente,Garoa/Chuvisco,Simples,Reta,Sim,3,0,0,1,2,0,1,2,-26.66148503,-48.68866176,SPRF-SC,DEL03-SC,UOP02-DEL03-SC,2023
"499988,0",2023-01-19,quinta-feira,02:10:00,SC,101,"209,0",SAO JOSE,Manobra de mudança de faixa,Colisão transversal,Com Vítimas Feridas,Plena Noite,Decrescente,Céu Claro,Dupla,Reta;Interseção de Vias,Sim,2,0,1,0,1,0,1,2,-27.61000542,-48.63895057,SPRF-SC,DEL01-SC,UOP01-DEL01-SC,2023
"499990,0",2023-01-19,quinta-feira,01:40:00,SC,101,"100,0",BALNEARIO PICARRAS,Velocidade Incompatível,Saída de leito carroçável,Com Vítimas Feridas,Plena Noite,Decrescente,Garoa/Chuvisco,Dupla,Aclive;Viaduto,Sim,1,0,0,1,0,0,1,1,-26.75482787,-48.68993675,SPRF-SC,DEL03-SC,UOP02-DEL03-SC,2023
"499995,0",2023-01-19,quinta-feira,04:45:00,SC,101,"217,0",PALHOCA,Pista Escorregadia,Saída de leito carroçável,Sem Vítimas,Plena Noite,Crescente,Chuva,Múltipla,Reta,Sim,1,0,0,0,1,0,0,1,-27.66779034,-48.67393586,SPRF-SC,DEL01-SC,UOP02-DEL01-SC,2023
"500007,0",2023-01-19,quinta-feira,07:00:00,SC,101,"126,0",BALNEARIO CAMBORIU,Reação tardia ou ineficiente do condutor,Colisão traseira,Com Vítimas Feridas,Pleno dia,Crescente,Nublado,Múltipla,Reta,Sim,2,0,1,0,1,0,1,2,-26.95564404,-48.67978366,SPRF-SC,DEL04-SC,UOP04-DEL04-SC,2023
"500011,0",2023-01-19,quinta-feira,06:35:00,SC,101,"75,0",ARAQUARI,Velocidade Incompatível,Engavetamento,Com Vítimas Feridas,Pleno dia,Crescente,Céu Claro,Dupla,Reta,Sim,5,0,1,0,4,0,1,3,-26.556178,-48.720615,SPRF-SC,DEL03-SC,UOP02-DEL03-SC,2023
"500012,0",2023-01-19,quinta-feira,06:20:00,SC,101,"65,0",ARAQUARI,Reação tardia ou ineficiente do condutor,Saída de leito carroçável,Com Vítimas Feridas,Amanhecer,Decrescente,Céu Claro,Dupla,Curva,Não,1,0,1,0,0,0,1,1,-26.47135714,-48.74457217,SPRF-SC,DEL03-SC,UOP02-DEL03-SC,2023
"500014,0",2023-01-19,quinta-feira,06:30:00,SC,280,"29,0",ARAQUARI,Acessar a via sem observar a presença dos outros veículos,Colisão transversal,Com Vítimas Feridas,Pleno dia,Decrescente,Nublado,Simples,Interseção de Vias,Não,2,0,1,0,1,0,1,2,-26.41066264,-48.75295628,SPRF-SC,DEL03-SC,UOP03-DEL03-SC,2023
"500028,0",2023-01-19,quinta-feira,08:15:00,SC,101,"120,8",ITAJAI,Ausência de reação do condutor,Colisão traseira,Com Vítimas Feridas,Pleno dia,Decrescente,Céu Claro,Dupla,Reta,Não,4,0,1,0,3,0,1,4,-26.912758,-48.711998,SPRF-SC,DEL04-SC,UOP04-DEL04-SC,2023
"500033,0",2023-01-19,quinta-feira,09:00:00,SC,282,"48,0",AGUAS MORNAS,Trafegar com motocicleta (ou similar) entre as faixas,Colisão lateral sentido oposto,Com Vítimas Feridas,Pleno dia,Crescente,Céu Claro,Simples,Curva,Não,2,0,0,1,1,0,1,2,-27.714352,-48.938072,SPRF-SC,DEL01-SC,UOP03-DEL01-SC,2023
"500049,0",2023-01-19,quinta-feira,08:30:00,SC,282,"538,0",CHAPECO,Acessar a via sem observar a presença dos outros veículos,Colisão transversal,Com Vítimas Feridas,Pleno dia,Crescente,Céu Claro,Simples,Curva,Não,2,0,1,0,1,0,1,2,-26.998323,-52.673199,SPRF-SC,DEL07-SC,UOP01-DEL07-SC,2023
"500056,0",2023-01-19,quinta-feira,11:30:00,SC,101,"215,5",PALHOCA,Transitar na contramão,Colisão transversal,Com Vítimas Feridas,Pleno dia,Crescente,Céu Claro,Dupla,Rotatória,Não,2,0,1,0,1,0,1,2,-27.65184843,-48.67604941,SPRF-SC,DEL01-SC,UOP02-DEL01-SC,2023
"500057,0",2023-01-19,quinta-feira,11:50:00,SC,280,"31,1",ARAQUARI,Ultrapassagem Indevida,Colisão transversal,Com Vítimas Feridas,Pleno dia,Crescente,Chuva,Simples,Reta;Em Obras,Sim,2,0,1,0,1,0,1,2,-26.41649938,-48.77181215,SPRF-SC,DEL03-SC,UOP03-DEL03-SC,2023
"500081,0",2023-01-19,quinta-feira,14:20:00,SC,101,"116,0",ITAJAI,Manobra de mudança de faixa,Colisão lateral mesmo sentido,Com Vítimas Feridas,Pleno dia,Crescente,Nublado,Dupla,Reta,Não,4,0,0,1,3,0,1,2,-26.87905605,-48.72603512,SPRF-SC,DEL04-SC,UOP04-DEL04-SC,2023