id,data_inversa,dia_semana,horario,uf,br,km,municipio,causa_acidente,tipo_acidente,classificacao_acidente,fase_dia,sentido_via,condicao_metereologica,tipo_pista,tracado_via,uso_solo,pessoas,mortos,feridos_leves,feridos_graves,ilesos,ignorados,feridos,veiculos,latitude,longitude,regional,delegacia,uop,ano_arquivo
"500108,0",2023-01-19,quinta-feira,17:55:00,SC,101,"199,0",SAO JOSE,Transitar na contramão,Colisão transversal,Com Vítimas Feridas,Pleno dia,Crescente,Nublado,Dupla,Reta,Sim,2,0,1,0,1,0,1,2,-27.53413705,-48.63003205,SPRF-SC,DEL01-SC,UOP01-DEL01-SC,2023
"500121,0",2023-01-19,quinta-feira,18:00:00,SC,101,"104,9",PENHA,Trafegar com motocicleta (ou similar) entre as faixas,Colisão lateral mesmo sentido,Com Vítimas Feridas,Pleno dia,Crescente,Sol,Dupla,Curva;Interseção de Vias;Declive,Não,2,0,1,0,1,0,1,2,-26.80072321,-48.67897689,SPRF-SC,DEL03-SC,UOP02-DEL03-SC,2023
"500131,0",2023-01-19,quinta-feira,19:50:00,SC,280,"79,0",CORUPA,Ingestão de álcool e/ou substâncias psicoativas pelo pedestre,Colisão com objeto,Com Vítimas Feridas,Plena Noite,Crescente,Céu Claro,Simples,Desvio Temporário;Em Obras;Reta,Sim,1,0,1,0,0,0,1,1,-26.44657315,-49.20157809,SPRF-SC,DEL06-SC,UOP03-DEL06-SC,2023
"500143,0",2023-01-19,quinta-feira,21:30:00,SC,101,"127,0",ITAJAI,Ausência de reação do condutor,Tombamento,Com Vítimas Feridas,Plena Noite,Crescente,Chuva,Dupla,Curva,Não,1,0,0,1,0,0,1,1,-26.9639319,-48.68328024,SPRF-SC,DEL04-SC,UOP04-DEL04-SC,2023
"500167,0",2023-01-19,quinta-feira,23:40:00,SC,101,"199,8",SAO JOSE,Acessar a via sem observar a presença dos outros veículos,Colisão transversal,Com Vítimas Feridas,Plena Noite,Crescente,Chuva,Múltipla,Interseção de Vias,Sim,2,0,0,1,1,0,1,2,-27.53797597,-48.62549901,SPRF-SC,DEL01-SC,UOP01-DEL01-SC,2023
"500177,0",2023-01-20,sexta-feira,02:00:00,SC,101,"208,0",SAO JOSE,Pista Escorregadia,Eventos atípicos,Com Vítimas Feridas,Plena Noite,Crescente,Chuva,Múltipla,Aclive;Curva,Sim,1,0,1,0,0,0,1,1,-27.60327979,-48.63201818,SPRF-SC,DEL01-SC,UOP01-DEL01-SC,2023
"500187,0",2023-01-20,sexta-feira,04:55:00,SC,101,"210,0",SAO JOSE,Acumulo de água sobre o pavimento,Colisão com objeto,Com Vítimas Feridas,Plena Noite,Crescente,Chuva,Múltipla,Reta;Declive,Sim,2,0,2,0,0,0,2,1,-27.6167305,-48.6457265,SPRF-SC,DEL01-SC,UOP01-DEL01-SC,2023
"500188,0",2023-01-20,sexta-feira,01:00:00,SC,101,"92,0",BARRA VELHA,Demais falhas mecânicas ou elétricas,Saída de leito carroçável,Com Vítimas Feridas,Plena Noite,Decrescente,Nublado,Dupla,Reta,Sim,2,0,1,0,1,0,1,1,-26.68633365,-48.69513452,SPRF-SC,DEL03-SC,UOP02-DEL03-SC,2023
"500194,0",2023-01-20,sexta-feira,07:25:00,SC,282,"17,1",SANTO AMARO DA IMPERATRIZ,Ausência de reação do condutor,Colisão lateral mesmo sentido,Com Vítimas Feridas,Pleno dia,Decrescente,Nublado,Simples,Reta,Sim,3,0,2,0,1,0,2,2,-27.665707,-48.688065,SPRF-SC,DEL01-SC,UOP02-DEL01-SC,2023
"500207,0",2023-01-20,sexta-feira,07:35:00,SC,101,"158,0",PORTO BELO,Acessar a via sem observar a presença dos outros veículos,Colisão transversal,Com Vítimas Feridas,Pleno dia,Decrescente,Céu Claro,Dupla,Reta,Não,2,0,1,0,1,0,1,2,-27.19096301,-48.61259017,SPRF-SC,DEL04-SC,UOP03-DEL04-SC,2023
"500224,0",2023-01-20,sexta-feira,10:30:00,SC,101,"57,9",ARAQUARI,Reação tardia ou ineficiente do condutor,Saída de leito carroçável,Com Vítimas Feridas,Pleno dia,Crescente,Chuva,Dupla,Reta,Não,2,0,2,0,0,0,2,1,-26.43929795,-48.80264282,SPRF-SC,DEL03-SC,UOP01-DEL03-SC,2023
"500259,0",2023-01-20,sexta-feira,14:30:00,SC,101,"206,3",FLORIANOPOLIS,Trafegar com motocicleta (ou similar) entre as faixas,Engavetamento,Com Vítimas Feridas,Pleno dia,Crescente,Céu Claro,Múltipla,Reta,Não,3,0,2,0,1,0,2,3,-27.59193546,-48.61824557,SPRF-SC,DEL01-SC,UOP01-DEL01-SC,2023
"500266,0",2023-01-20,sexta-feira,12:24:00,SC,282,"155,0",BOM RETIRO,Condutor deixou de manter distância do veículo da frente,Colisão traseira,Com Vítimas Feridas,Pleno dia,Crescente,Céu Claro,Simples,Reta,Não,3,0,1,0,2,0,1,2,-27.75168,-49.707371,SPRF-SC,DEL05-SC,UOP01-DEL05-SC,2023
"500271,0",2023-01-20,sexta-feira,15:30:00,SC,101,"203,3",SAO JOSE,Acessar a via sem observar a presença dos outros veículos,Colisão lateral mesmo sentido,Sem Vítimas,Pleno dia,Decrescente,Céu Claro,Múltipla,Reta,Sim,2,0,0,0,2,0,0,2,-27.5650044,-48.61460082,SPRF-SC,DEL01-SC,UOP01-DEL01-SC,2023
"500276,0",2023-01-20,sexta-feira,16:00:00,SC,101,"204,7",SAO JOSE,Manobra de mudança de faixa,Queda de ocupante de veículo,Com Vítimas Feridas,Pleno dia,Crescente,Céu Claro,Dupla,Reta,Sim,1,0,1,0,0,0,1,1,-27.57413014,-48.61363083,SPRF-SC,DEL01-SC,UOP01-DEL01-SC,2023
"500281,0",2023-01-04,quarta-feira,20:00:00,SC,101,"123,4",ITAJAI,Ausência de reação do condutor,Colisão traseira,Com Vítimas Fatais,Plena Noite,Crescente,Céu Claro,Dupla,Reta,Não,3,1,0,0,2,0,0,2,-26.9394589,-48.6959078,SPRF-SC,DEL04-SC,UOP04-DEL04-SC,2023
"500291,0",2023-01-20,sexta-feira,13:30:00,SC,282,"547,0",NOVA ITABERABA,Acessar a via sem observar a presença dos outros veículos,Colisão lateral mesmo sentido,Com Vítimas Feridas,Pleno dia,Decrescente,Céu Claro,Simples,Reta,Não,3,0,3,0,0,0,3,2,-26.973904,-52.745403,SPRF-SC,DEL07-SC,UOP01-DEL07-SC,2023
"500298,0",2023-01-20,sexta-feira,15:55:00,SC,101,"87,0",BARRA VELHA,Reação tardia ou ineficiente do condutor,Colisão traseira,Com Vítimas Feridas,Pleno dia,Crescente,Céu Claro,Dupla,Reta,Sim,2,0,1,0,1,0,1,2,-26.63713377,-48.69651057,SPRF-SC,DEL03-SC,UOP02-DEL03-SC,2023
"500337,0",2023-01-22,domingo,10:20:00,SC,101,"235,6",PALHOCA,Demais falhas mecânicas ou elétricas,Colisão com objeto,Com Vítimas Feridas,Pleno dia,Crescente,Nublado,Dupla,Reta,Não,2,0,0,2,0,0,2,1,-27.8177775,-48.6315025,SPRF-SC,DEL01-SC,UOP02-DEL01-SC,2023
"500356,0",2023-01-22,domingo,17:00:00,SC,101,"375,5",ICARA,Ausência de reação do condutor,Tombamento,Com Vítimas Feridas,Pleno dia,Crescente,Céu Claro,Dupla,Reta,Não,2,0,2,0,0,0,2,1,-28.72014713,-49.23508784,SPRF-SC,DEL02-SC,UOP01-DEL02-SC,2023
"500365,0",2023-01-23,segunda-feira,07:20:00,SC,101,"133,0",BALNEARIO CAMBORIU,Reação tardia ou ineficiente do condutor,Colisão traseira,Sem Vítimas,Pleno dia,Decrescente,Céu Claro,Múltipla,Reta,Sim,2,0,0,0,2,0,0,2,-26.99936,-48.64609,SPRF-SC,DEL04-SC,UOP03-DEL04-SC,2023
"500371,0",2023-01-20,sexta-feira,18:00:00,SC,470,"2,0",NAVEGANTES,Manobra de mudança de faixa,Colisão transversal,Sem Vítimas,Pleno dia,Decrescente,Céu Claro,Dupla,Em Obras;Rotatória,Sim,2,0,0,0,2,0,0,2,-26.87204738,-48.67153645,SPRF-SC,DEL04-SC,UOP04-DEL04-SC,2023
"500375,0",2023-01-23,segunda-feira,00:15:00,SC,116,"8,3",MAFRA,Problema com o freio,Colisão com objeto,Com Vítimas Fatais,Plena Noite,Decrescente,Céu Claro,Simples,Reta;Declive,Sim,1,1,0,0,0,0,0,1,-26.159501,-49.842013,SPRF-SC,DEL06-SC,UOP01-DEL06-SC,2023
"500416,0",2023-01-20,sexta-feira,19:30:00,SC,101,"117,0",ITAJAI,Trafegar com motocicleta (ou similar) entre as faixas,Colisão lateral mesmo sentido,Com Vítimas Feridas,Plena Noite,Crescente,Céu Claro,Dupla,Reta,Não,2,0,0,1,1,0,1,2,-26.88747187,-48.72252969,SPRF-SC,DEL04-SC,UOP04-DEL04-SC,2023
"500423,0",2023-01-21,sábado,11:45:00,SC,101,"213,1",PALHOCA,Ausência de reação do condutor,Colisão traseira,Com Vítimas Feridas,Pleno dia,Crescente,Céu Claro,Múltipla,Aclive;Reta,Sim,2,0,1,0,1,0,1,2,-27.63697369,-48.66514142,SPRF-SC,DEL01-SC,UOP02-DEL01-SC,2023
"500439,0",2023-01-21,sábado,17:30:00,SC,282,"533,2",CORDILHEIRA ALTA,Afundamento ou ondulação no pavimento,Saída de leito carroçável,Com Vítimas Feridas,Plena Noite,Crescente,Nublado,Simples,Curva,Não,1,0,1,0,0,0,1,1,-26.995323,-52.625305,SPRF-SC,DEL07-SC,UOP01-DEL07-SC,2023
"500483,0",2023-01-23,segunda-feira,11:20:00,SC,101,"108,0",PENHA,Condutor deixou de manter distância do veículo da frente,Colisão traseira,Com Vítimas Feridas,Pleno dia,Crescente,Céu Claro,Dupla,Reta,Não,2,0,1,0,1,0,1,2,-26.82606902,-48.69052298,SPRF-SC,DEL03-SC,UOP02-DEL03-SC,2023
"500529,0",2023-01-23,segunda-feira,10:30:00,SC,282,"4,0",SAO JOSE,Pedestre cruzava a pista fora da faixa,Atropelamento de Pedestre,Com Vítimas Feridas,Pleno dia,Crescente,Céu Claro,Múltipla,Declive;Reta,Sim,3,0,0,1,2,0,1,2,-27.592646,-48.604034,SPRF-SC,DEL01-SC,UOP01-DEL01-SC,2023
"500532,0",2023-01-20,sexta-feira,17:50:00,SC,101,"122,6",ITAJAI,Trafegar com motocicleta (ou similar) entre as faixas,Colisão traseira,Com Vítimas Feridas,Pleno dia,Crescente,Céu Claro,Dupla,Reta,Sim,2,0,0,1,1,0,1,2,-26.92955916,-48.70499836,SPRF-SC,DEL04-SC,UOP04-DEL04-SC,2023
"500550,0",2023-01-23,segunda-feira,12:50:00,SC,101,"154,0",PORTO BELO,Avarias e/ou desgaste excessivo no pneu,Tombamento,Com Vítimas Feridas,Pleno dia,Decrescente,Céu Claro,Múltipla,Reta,Não,2,0,2,0,0,0,2,1,-27.153819,-48.61086393,SPRF-SC,DEL04-SC,UOP03-DEL04-SC,2023
"500556,0",2023-01-23,segunda-feira,14:20:00,SC,101,"82,0",BARRA VELHA,Demais falhas mecânicas ou elétricas,Tombamento,Com Vítimas Feridas,Pleno dia,Decrescente,Sol,Dupla,Declive;Reta,Não,2,0,1,1,0,0,2,1,-26.61721694,-48.71884525,SPRF-SC,DEL03-SC,UOP02-DEL03-SC,2023
"500570,0",2023-01-23,segunda-feira,15:00:00,SC,101,"117,0",ITAJAI,Ausência de reação do condutor,Colisão lateral mesmo sentido,Com Vítimas Feridas,Pleno dia,Decrescente,Céu Claro,Dupla,Reta;Aclive,Não,2,0,1,0,1,0,1,2,-26.88747187,-48.72252969,SPRF-SC,DEL04-SC,UOP04-DEL04-SC,2023
"500574,0",2023-01-22,domingo,20:00:00,SC,101,"385,0",ICARA,Demais Fenômenos da natureza,Saída de leito carroçável,Com Vítimas Feridas,Anoitecer,Decrescente,Céu Claro,Dupla,Reta,Não,1,0,1,0,0,0,1,1,-28.77262259,-49.3112922,SPRF-SC,DEL02-SC,UOP02-DEL02-SC,2023
"500604,0",2023-01-23,segunda-feira,15:30:00,SC,101,"151,0",ITAPEMA,Manobra de mudança de faixa,Colisão lateral mesmo sentido,Com Vítimas Feridas,Pleno dia,Decrescente,Garoa/Chuvisco,Dupla,Reta,Sim,2,0,1,0,1,0,1,2,-27.126536,-48.609642,SPRF-SC,DEL04-SC,UOP03-DEL04-SC,2023
"500605,0",2023-01-23,segunda-feira,17:40:00,SC,101,"217,0",PALHOCA,Condutor deixou de manter distância do veículo da frente,Colisão traseira,Com Vítimas Feridas,Pleno dia,Crescente,Nublado,Dupla,Reta,Sim,3,0,0,1,2,0,1,3,-27.66779034,-48.67393586,SPRF-SC,DEL01-SC,UOP02-DEL01-SC,2023
"500638,0",2023-01-23,segunda-feira,19:55:00,SC,101,"120,0",ITAJAI,Ingestão de álcool pelo condutor,Colisão lateral mesmo sentido,Com Vítimas Feridas,Plena Noite,Decrescente,Céu Claro,Múltipla,Reta,Sim,2,0,1,0,1,0,1,2,-26.912758,-48.711998,SPRF-SC,DEL04-SC,UOP04-DEL04-SC,2023
"500663,0",2023-01-23,segunda-feira,18:00:00,SC,470,"138,5",RIO DO SUL,Reação tardia ou ineficiente do condutor,Tombamento,Com Vítimas Feridas,Anoitecer,Decrescente,Chuva,Simples,Reta,Sim,1,0,1,0,0,0,1,1,-27.1944437,-49.62448239,SPRF-SC,DEL04-SC,UOP02-DEL04-SC,2023
"500668,0",2023-01-21,sábado,02:40:00,SC,470,"3,8",NAVEGANTES,Desrespeitar a preferência no cruzamento,Colisão transversal,Com Vítimas Feridas,Plena Noite,Decrescente,Céu Claro,Simples,Em Obras;Rotatória,Sim,4,0,1,2,1,0,3,2,-26.85906928,-48.68956089,SPRF-SC,DEL04-SC,UOP04-DEL04-SC,2023
"500675,0",2023-01-23,segunda-feira,23:10:00,SC,101,"140,0",BALNEARIO CAMBORIU,Avarias e/ou desgaste excessivo no pneu,Saída de leito carroçável,Com Vítimas Feridas,Plena Noite,Crescente,Garoa/Chuvisco,Dupla,Curva;Declive,Não,2,0,1,0,1,0,1,1,-27.03881189,-48.60025148,SPRF-SC,DEL04-SC,UOP03-DEL04-SC,2023
"500690,0",2023-01-24,terça-feira,01:00:00,SC,470,"171,0",POUSO REDONDO,Reação tardia ou ineficiente do condutor,Colisão lateral mesmo sentido,Sem Vítimas,Plena Noite,Crescente,Nublado,Simples,Curva,Não,1,0,0,0,0,1,0,1,-27.26584537,-49.8925209,SPRF-SC,DEL04-SC,UOP02-DEL04-SC,2023
"500709,0",2023-01-20,sexta-feira,19:00:00,SC,101,"203,0",SAO JOSE,Manobra de mudança de faixa,Colisão lateral mesmo sentido,Com Vítimas Feridas,Anoitecer,Decrescente,Céu Claro,Dupla,Viaduto,Sim,3,0,1,0,2,0,1,2,-27.5650044,-48.61460082,SPRF-SC,DEL01-SC,UOP01-DEL01-SC,2023
"500711,0",2023-01-24,terça-feira,07:05:00,SC,280,"3,2",SAO FRANCISCO DO SUL,Conversão proibida,Colisão transversal,Com Vítimas Feridas,Pleno dia,Crescente,Céu Claro,Simples,Reta,Não,2,0,1,1,0,0,2,2,-26.24531966,-48.61556107,SPRF-SC,DEL03-SC,UOP03-DEL03-SC,2023
"500721,0",2023-01-24,terça-feira,07:00:00,SC,470,"67,6",INDAIAL,Desrespeitar a preferência no cruzamento,Colisão transversal,Com Vítimas Feridas,Pleno dia,Decrescente,Nublado,Simples,Em Obras,Não,2,0,2,0,0,0,2,2,-26.872158,-49.23127,SPRF-SC,DEL04-SC,UOP01-DEL04-SC,2023
"500723,0",2023-01-24,terça-feira,07:15:00,SC,101,"357,0",SANGAO,Acessar a via sem observar a presença dos outros veículos,Colisão transversal,Com Vítimas Feridas,Pleno dia,Decrescente,Céu Claro,Simples,Interseção de Vias,Não,2,0,0,1,1,0,1,2,-28.64759604,-49.10290003,SPRF-SC,DEL02-SC,UOP01-DEL02-SC,2023
"500736,0",2023-01-21,sábado,03:15:00,SC,101,"215,0",PALHOCA,Ausência de reação do condutor,Colisão traseira,Sem Vítimas,Plena Noite,Crescente,Céu Claro,Dupla,Curva,Sim,2,0,0,0,1,1,0,2,-27.65184843,-48.67604941,SPRF-SC,DEL01-SC,UOP02-DEL01-SC,2023
"500739,0",2023-01-24,terça-feira,08:25:00,SC,101,"127,0",ITAJAI,Condutor deixou de manter distância do veículo da frente,Colisão traseira,Com Vítimas Feridas,Pleno dia,Decrescente,Céu Claro,Dupla,Reta,Não,2,0,1,0,1,0,1,2,-26.9639319,-48.68328024,SPRF-SC,DEL04-SC,UOP04-DEL04-SC,2023
"500746,0",2023-01-21,sábado,04:40:00,SC,101,"89,3",BARRA VELHA,Reação tardia ou ineficiente do condutor,Capotamento,Com Vítimas Feridas,Plena Noite,Decrescente,Céu Claro,Dupla,Reta,Sim,1,0,1,0,0,0,1,1,-26.65175997,-48.68721921,SPRF-SC,DEL03-SC,UOP02-DEL03-SC,2023
"500759,0",2023-01-20,sexta-feira,20:00:00,SC,101,"189,6",BIGUACU,Manobra de mudança de faixa,Colisão traseira,Com Vítimas Feridas,Plena Noite,Decrescente,Céu Claro,Dupla,Reta,Não,2,0,1,0,1,0,1,2,-27.459393,-48.638914,SPRF-SC,DEL01-SC,UOP01-DEL01-SC,2023
"500789,0",2023-01-20,sexta-feira,22:00:00,SC,101,"252,0",PAULO LOPES,Ausência de reação do condutor,Colisão traseira,Com Vítimas Feridas,Plena Noite,Crescente,Céu Claro,Dupla,Reta,Sim,4,0,0,1,3,0,1,2,-27.959177,-48.67842358,SPRF-SC,DEL02-SC,UOP03-DEL02-SC,2023
"500791,0",2023-01-24,terça-feira,11:30:00,SC,282,"108,0",ALFREDO WAGNER,Ausência de reação do condutor,Colisão traseira,Sem Vítimas,Pleno dia,Decrescente,Céu Claro,Simples,Reta;Declive,Não,2,0,0,0,2,0,0,2,-27.710777,-49.356228,SPRF-SC,DEL01-SC,UOP03-DEL01-SC,2023
"500797,0",2023-01-24,terça-feira,13:30:00,SC,280,"54,8",GUARAMIRIM,Acessar a via sem observar a presença dos outros veículos,Atropelamento de Pedestre,Com Vítimas Feridas,Pleno dia,Decrescente,Céu Claro,Dupla,Curva,Sim,2,0,0,1,1,0,1,2,-26.47552,-48.992246,SPRF-SC,DEL03-SC,UOP03-DEL03-SC,2023
"500802,0",2023-01-21,sábado,13:30:00,SC,101,"214,4",PALHOCA,Manobra de mudança de faixa,Colisão lateral mesmo sentido,Com Vítimas Feridas,Pleno dia,Crescente,Céu Claro,Múltipla,Reta,Sim,3,0,1,0,2,0,1,2,-27.64443,-48.67057,SPRF-SC,DEL01-SC,UOP02-DEL01-SC,2023
"500830,0",2023-01-24,terça-feira,11:20:00,SC,101,"297,0",LAGUNA,Condutor deixou de manter distância do veículo da frente,Colisão traseira,Sem Vítimas,Pleno dia,Crescente,Céu Claro,Dupla,Reta,Sim,2,0,0,0,1,1,0,2,-28.31353989,-48.7240982,SPRF-SC,DEL02-SC,UOP03-DEL02-SC,2023
"500841,0",2023-01-24,terça-feira,14:10:00,SC,101,"111,0",NAVEGANTES,Acessar a via sem observar a presença dos outros veículos,Colisão lateral mesmo sentido,Com Vítimas Feridas,Pleno dia,Crescente,Céu Claro,Dupla,Reta,Sim,2,0,1,0,1,0,1,2,-26.83955734,-48.71418074,SPRF-SC,DEL04-SC,UOP04-DEL04-SC,2023
"500862,0",2023-01-24,terça-feira,17:40:00,SC,280,"25,9",ARAQUARI,Acessar a via sem observar a presença dos outros veículos,Colisão transversal,Com Vítimas Feridas,Pleno dia,Decrescente,Céu Claro,Simples,Reta,Não,2,0,2,0,0,0,2,2,-26.38352781,-48.72677516,SPRF-SC,DEL03-SC,UOP03-DEL03-SC,2023
"500877,0",2023-01-24,terça-feira,18:50:00,SC,101,"200,8",BIGUACU,Ausência de reação do condutor,Colisão traseira,Com Vítimas Feridas,Anoitecer,Decrescente,Céu Claro,Múltipla,Reta,Sim,2,0,1,0,1,0,1,2,-27.54018513,-48.62287714,SPRF-SC,DEL01-SC,UOP01-DEL01-SC,2023
"500884,0",2023-01-24,terça-feira,17:30:00,SC,101,"409,3",ARARANGUA,Acessar a via sem observar a presença dos outros veículos,Tombamento,Com Vítimas Feridas,Pleno dia,Decrescente,Sol,Simples,Reta,Sim,2,0,0,1,1,0,1,2,-28.937955,-49.496067,SPRF-SC,DEL02-SC,UOP02-DEL02-SC,2023
"500897,0",2023-01-24,terça-feira,20:30:00,SC,470,"58,0",BLUMENAU,Transitar na contramão,Colisão frontal,Com Vítimas Feridas,Plena Noite,Crescente,Céu Claro,Simples,Reta;Interseção de Vias,Sim,3,0,1,0,1,1,1,2,-26.883879,-49.145622,SPRF-SC,DEL04-SC,UOP01-DEL04-SC,2023
"500910,0",2023-01-22,domingo,06:50:00,SC,116,"203,0",PONTE ALTA,Ingestão de álcool pelo condutor,Colisão com objeto,Com Vítimas Feridas,Pleno dia,Crescente,Nublado,Simples,Reta,Não,1,0,1,0,0,0,1,1,-27.45017401,-50.39628572,SPRF-SC,DEL05-SC,UOP03-DEL05-SC,2023
"500921,0",2023-01-25,quarta-feira,02:00:00,SC,101,"124,0",ITAJAI,Animais na Pista,Atropelamento de Animal,Com Vítimas Feridas,Plena Noite,Crescente,Céu Claro,Dupla,Reta,Não,1,0,0,1,0,0,1,1,-26.94335064,-48.69198648,SPRF-SC,DEL04-SC,UOP04-DEL04-SC,2023
"500926,0",2023-01-04,quarta-feira,14:40:00,SC,101,"79,0",ARAQUARI,Avarias e/ou desgaste excessivo no pneu,Colisão traseira,Com Vítimas Feridas,Pleno dia,Decrescente,Chuva,Múltipla,Reta,Não,3,0,0,1,2,0,1,3,-26.58559601,-48.72192112,SPRF-SC,DEL03-SC,UOP02-DEL03-SC,2023
"500935,0",2023-01-25,quarta-feira,04:50:00,SC,280,"79,0",CORUPA,Acessar a via sem observar a presença dos outros veículos,Colisão traseira,Com Vítimas Feridas,Pleno dia,Decrescente,Céu Claro,Simples,Ponte,Não,2,0,2,0,0,0,2,2,-26.44657315,-49.20157809,SPRF-SC,DEL06-SC,UOP03-DEL06-SC,2023
"500948,0",2023-01-21,sábado,11:45:00,SC,101,"201,0",SAO JOSE,Condutor deixou de manter distância do veículo da frente,Colisão traseira,Com Vítimas Feridas,Pleno dia,Decrescente,Sol,Dupla,Reta,Não,3,0,1,0,2,0,1,2,-27.54836599,-48.61977975,SPRF-SC,DEL01-SC,UOP01-DEL01-SC,2023
"500957,0",2023-01-22,domingo,00:40:00,SC,101,"340,0",TUBARAO,Condutor deixou de manter distância do veículo da frente,Colisão traseira,Sem Vítimas,Plena Noite,Crescente,Céu Claro,Múltipla,Reta,Sim,2,0,0,0,2,0,0,2,-28.501444,-49.04690399,SPRF-SC,DEL02-SC,UOP01-DEL02-SC,2023
"500963,0",2023-01-22,domingo,03:50:00,SC,101,"377,0",ICARA,Condutor Dormindo,Saída de leito carroçável,Sem Vítimas,Plena Noite,Crescente,Céu Claro,Simples,Reta,Não,1,0,0,0,1,0,0,1,-28.7345708,-49.24624124,SPRF-SC,DEL02-SC,UOP01-DEL02-SC,2023
"500977,0",2023-01-25,quarta-feira,08:20:00,SC,282,"182,8",BOCAINA DO SUL,Reação tardia ou ineficiente do condutor,Colisão traseira,Sem Vítimas,Pleno dia,Crescente,Céu Claro,Simples,Reta,Não,2,0,0,0,2,0,0,2,-27.735399,-49.958389,SPRF-SC,DEL05-SC,UOP01-DEL05-SC,2023
"500978,0",2023-01-25,quarta-feira,07:00:00,SC,101,"436,4",SOMBRIO,Demais falhas mecânicas ou elétricas,Tombamento,Com Vítimas Feridas,Pleno dia,Decrescente,Céu Claro,Múltipla,Reta,Não,2,0,0,1,1,0,1,1,-29.10817487,-49.63739835,SPRF-SC,DEL02-SC,UOP02-DEL02-SC,2023
"500998,0",2023-01-25,quarta-feira,09:30:00,SC,116,"2,0",MAFRA,Reação tardia ou ineficiente do condutor,Colisão traseira,Com Vítimas Feridas,Pleno dia,Decrescente,Céu Claro,Simples,Reta;Aclive,Sim,2,0,1,0,1,0,1,2,-26.12391791,-49.79303212,SPRF-SC,DEL06-SC,UOP01-DEL06-SC,2023
"501001,0",2023-01-21,sábado,12:45:00,SC,101,"198,0",BIGUACU,Condutor deixou de manter distância do veículo da frente,Colisão traseira,Sem Vítimas,Pleno dia,Decrescente,Céu Claro,Dupla,Reta,Sim,3,0,0,0,1,2,0,2,-27.52658712,-48.63506019,SPRF-SC,DEL01-SC,UOP01-DEL01-SC,2023
"501007,0",2023-01-21,sábado,16:40:00,SC,101,"148,0",ITAPEMA,Acessar a via sem observar a presença dos outros veículos,Colisão traseira,Sem Vítimas,Pleno dia,Decrescente,Céu Claro,Múltipla,Reta,Sim,2,0,0,0,2,0,0,2,-27.10123686,-48.61807962,SPRF-SC,DEL04-SC,UOP03-DEL04-SC,2023
"501011,0",2023-01-22,domingo,02:30:00,SC,101,"385,9",ICARA,Condutor Dormindo,Saída de leito carroçável,Sem Vítimas,Plena Noite,Crescente,Nublado,Dupla,Reta,Não,1,0,0,0,1,0,0,1,-28.7802484,-49.32798564,SPRF-SC,DEL02-SC,UOP02-DEL02-SC,2023
"501014,0",2023-01-17,terça-feira,07:30:00,SC,101,"416,5",ARARANGUA,Desrespeitar a preferência no cruzamento,Colisão frontal,Sem Vítimas,Pleno dia,Decrescente,Céu Claro,Múltipla,Aclive;Reta,Sim,2,0,0,0,2,0,0,2,-28.96708874,-49.52338825,SPRF-SC,DEL02-SC,UOP02-DEL02-SC,2023
"501019,0",2023-01-25,quarta-feira,11:00:00,SC,470,"35,0",GASPAR,Condutor deixou de manter distância do veículo da frente,Colisão transversal,Com Vítimas Feridas,Pleno dia,Decrescente,Sol,Múltipla,Reta;Em Obras;Desvio Temporário,Não,3,0,1,0,2,0,1,2,-26.912857,-48.958965,SPRF-SC,DEL04-SC,UOP01-DEL04-SC,2023
"501041,0",2023-01-25,quarta-feira,11:30:00,SC,101,"214,0",PALHOCA,Ingestão de álcool pelo condutor,Colisão traseira,Com Vítimas Feridas,Pleno dia,Crescente,Sol,Múltipla,Reta,Não,2,0,1,0,1,0,1,2,-27.64443,-48.67057,SPRF-SC,DEL01-SC,UOP02-DEL01-SC,2023
"501043,0",2023-01-25,quarta-feira,12:00:00,SC,116,"5,5",MAFRA,Desrespeitar a preferência no cruzamento,Colisão transversal,Com Vítimas Feridas,Pleno dia,Crescente,Céu Claro,Simples,Reta;Interseção de Vias,Sim,5,0,1,1,3,0,2,3,-26.14094396,-49.81508303,SPRF-SC,DEL06-SC,UOP01-DEL06-SC,2023
"501046,0",2023-01-25,quarta-feira,11:50:00,SC,101,"105,0",PENHA,Ausência de reação do condutor,Tombamento,Com Vítimas Feridas,Pleno dia,Crescente,Sol,Dupla,Curva,Não,2,0,2,0,0,0,2,1,-26.80215497,-48.67891041,SPRF-SC,DEL03-SC,UOP02-DEL03-SC,2023
"501068,0",2023-01-25,quarta-feira,13:20:00,SC,470,"147,0",RIO DO SUL,Reação tardia ou ineficiente do condutor,Colisão transversal,Com Vítimas Feridas,Pleno dia,Crescente,Céu Claro,Simples,Reta,Sim,3,0,1,1,1,0,2,2,-27.243439,-49.690025,SPRF-SC,DEL04-SC,UOP02-DEL04-SC,2023
"501080,0",2023-01-25,quarta-feira,08:45:00,SC,101,"119,0",ITAJAI,Manobra de mudança de faixa,Colisão lateral mesmo sentido,Com Vítimas Feridas,Pleno dia,Decrescente,Céu Claro,Dupla,Reta,Não,2,0,1,0,1,0,1,2,-26.9043179,-48.71555481,SPRF-SC,DEL04-SC,UOP04-DEL04-SC,2023