id,data_inversa,dia_semana,horario,uf,br,km,municipio,causa_acidente,tipo_acidente,classificacao_acidente,fase_dia,sentido_via,condicao_metereologica,tipo_pista,tracado_via,uso_solo,pessoas,mortos,feridos_leves,feridos_graves,ilesos,ignorados,feridos,veiculos,latitude,longitude,regional,delegacia,uop,ano_arquivo
"501114,0",2023-01-24,terça-feira,08:00:00,SC,101,"405,0",MARACAJA,Manobra de mudança de faixa,Colisão lateral mesmo sentido,Com Vítimas Feridas,Pleno dia,Crescente,Céu Claro,Dupla,Reta,Não,2,0,1,0,1,0,1,2,-28.902825,-49.47715,SPRF-SC,DEL02-SC,UOP02-DEL02-SC,2023
"501132,0",2023-01-25,quarta-feira,18:30:00,SC,101,"329,0",TUBARAO,Ausência de reação do condutor,Colisão traseira,Com Vítimas Feridas,Pleno dia,Decrescente,Céu Claro,Dupla,Reta,Não,2,0,1,0,1,0,1,2,-28.4591804,-48.98835897,SPRF-SC,DEL02-SC,UOP01-DEL02-SC,2023
"501141,0",2023-01-22,domingo,05:00:00,SC,470,"57,9",BLUMENAU,Ingestão de álcool pelo condutor,Colisão transversal,Sem Vítimas,Plena Noite,Decrescente,Nublado,Simples,Interseção de Vias,Sim,2,0,0,0,2,0,0,2,-26.88286132,-49.14160967,SPRF-SC,DEL04-SC,UOP01-DEL04-SC,2023
"501147,0",2023-01-21,sábado,15:00:00,SC,470,"54,3",BLUMENAU,Desrespeitar a preferência no cruzamento,Colisão transversal,Com Vítimas Feridas,Pleno dia,Crescente,Sol,Simples,Interseção de Vias,Sim,3,0,1,0,2,0,1,2,-26.871065,-49.110374,SPRF-SC,DEL04-SC,UOP01-DEL04-SC,2023
"501149,0",2023-01-25,quarta-feira,15:00:00,SC,470,"54,8",BLUMENAU,Acessar a via sem observar a presença dos outros veículos,Colisão transversal,Com Vítimas Feridas,Pleno dia,Crescente,Sol,Dupla,Reta,Sim,2,0,1,0,1,0,1,2,-26.871065,-49.110374,SPRF-SC,DEL04-SC,UOP01-DEL04-SC,2023
"501151,0",2023-01-25,quarta-feira,18:30:00,SC,280,"58,0",GUARAMIRIM,Retorno proibido,Colisão traseira,Com Vítimas Feridas,Pleno dia,Decrescente,Céu Claro,Simples,Curva,Sim,3,0,1,0,2,0,1,2,-26.47415593,-49.021211,SPRF-SC,DEL03-SC,UOP03-DEL03-SC,2023
"501199,0",2023-01-26,quinta-feira,02:30:00,SC,101,"129,0",BALNEARIO CAMBORIU,Acessar a via sem observar a presença dos outros veículos,Tombamento,Com Vítimas Feridas,Plena Noite,Crescente,Nublado,Múltipla,Reta,Não,1,0,1,0,0,0,1,1,-26.98064277,-48.6790679,SPRF-SC,DEL04-SC,UOP03-DEL04-SC,2023
"501203,0",2023-01-26,quinta-feira,05:00:00,SC,101,"150,0",ITAPEMA,Reação tardia ou ineficiente do condutor,Engavetamento,Com Vítimas Feridas,Amanhecer,Decrescente,Céu Claro,Simples,Reta,Sim,9,0,4,0,5,0,4,5,-27.11744799,-48.60940987,SPRF-SC,DEL04-SC,UOP03-DEL04-SC,2023
"501209,0",2023-01-26,quinta-feira,05:25:00,SC,101,"405,6",ARARANGUA,Ingestão de álcool pelo condutor,Colisão com objeto,Sem Vítimas,Amanhecer,Decrescente,Nublado,Dupla,Reta,Não,1,0,0,0,1,0,0,1,-28.905103,-49.478611,SPRF-SC,DEL02-SC,UOP02-DEL02-SC,2023
"501257,0",2023-01-22,domingo,08:00:00,SC,280,"47,0",GUARAMIRIM,Condutor Dormindo,Queda de ocupante de veículo,Com Vítimas Feridas,Pleno dia,Crescente,Céu Claro,Simples,Reta,Não,1,0,1,0,0,0,1,1,-26.45353692,-48.917876,SPRF-SC,DEL03-SC,UOP03-DEL03-SC,2023
"501261,0",2023-01-22,domingo,19:00:00,SC,280,"55,0",GUARAMIRIM,Ingestão de álcool pelo condutor,Colisão traseira,Sem Vítimas,Anoitecer,Crescente,Nublado,Dupla,Reta,Não,2,0,0,0,2,0,0,2,-26.47584353,-48.9937858,SPRF-SC,DEL03-SC,UOP03-DEL03-SC,2023
"501291,0",2023-01-26,quinta-feira,10:40:00,SC,101,"396,0",MARACAJA,Condutor deixou de manter distância do veículo da frente,Colisão traseira,Com Vítimas Feridas,Pleno dia,Crescente,Céu Claro,Dupla,Declive;Em Obras;Reta,Não,2,0,1,0,1,0,1,2,-28.82459572,-49.40472033,SPRF-SC,DEL02-SC,UOP02-DEL02-SC,2023
"501313,0",2023-01-26,quinta-feira,14:15:00,SC,280,"57,2",GUARAMIRIM,Trafegar com motocicleta (ou similar) entre as faixas,Colisão frontal,Com Vítimas Feridas,Pleno dia,Decrescente,Céu Claro,Simples,Ponte,Sim,2,0,1,0,1,0,1,2,-26.47811421,-49.01259213,SPRF-SC,DEL03-SC,UOP03-DEL03-SC,2023
"501350,0",2023-01-26,quinta-feira,16:30:00,SC,470,"66,0",INDAIAL,Acessar a via sem observar a presença dos outros veículos,Colisão transversal,Com Vítimas Feridas,Pleno dia,Decrescente,Céu Claro,Simples,Reta,Não,2,0,1,0,1,0,1,2,-26.870407,-49.221844,SPRF-SC,DEL04-SC,UOP01-DEL04-SC,2023
"501370,0",2023-01-26,quinta-feira,18:45:00,SC,101,"166,0",TIJUCAS,Demais falhas mecânicas ou elétricas,Incêndio,Sem Vítimas,Pleno dia,Crescente,Céu Claro,Dupla,Reta,Não,1,0,0,0,1,0,0,1,-27.26147697,-48.63180349,SPRF-SC,DEL04-SC,UOP03-DEL04-SC,2023
"501371,0",2023-01-26,quinta-feira,17:40:00,SC,101,"147,0",ITAPEMA,Acessar a via sem observar a presença dos outros veículos,Colisão transversal,Com Vítimas Feridas,Pleno dia,Crescente,Sol,Simples,Reta,Não,2,0,1,0,0,1,1,2,-27.09237407,-48.61730888,SPRF-SC,DEL04-SC,UOP03-DEL04-SC,2023
"501383,0",2023-01-26,quinta-feira,19:20:00,SC,101,"155,0",PORTO BELO,Reação tardia ou ineficiente do condutor,Tombamento,Com Vítimas Feridas,Plena Noite,Crescente,Céu Claro,Múltipla,Curva,Não,1,0,1,0,0,0,1,1,-27.16292,-48.61129,SPRF-SC,DEL04-SC,UOP03-DEL04-SC,2023
"501388,0",2023-01-26,quinta-feira,18:10:00,SC,101,"364,7",SANGAO,Demais falhas mecânicas ou elétricas,Incêndio,Sem Vítimas,Pleno dia,Crescente,Céu Claro,Dupla,Reta,Não,1,0,0,0,1,0,0,1,-28.67821759,-49.13926425,SPRF-SC,DEL02-SC,UOP01-DEL02-SC,2023
"501393,0",2023-01-26,quinta-feira,19:25:00,SC,282,"603,0",MARAVILHA,Demais Fenômenos da natureza,Queda de ocupante de veículo,Com Vítimas Feridas,Plena Noite,Decrescente,Céu Claro,Simples,Reta,Não,2,0,0,2,0,0,2,1,-26.803013,-53.188068,SPRF-SC,DEL07-SC,UOP02-DEL07-SC,2023
"501417,0",2023-01-26,quinta-feira,21:10:00,SC,470,"23,5",ILHOTA,Manobra de mudança de faixa,Colisão lateral mesmo sentido,Com Vítimas Feridas,Plena Noite,Crescente,Céu Claro,Dupla,Reta,Sim,2,0,0,1,1,0,1,2,-26.880913,-48.846237,SPRF-SC,DEL04-SC,UOP04-DEL04-SC,2023
"501426,0",2023-01-22,domingo,18:00:00,SC,101,"148,0",ITAPEMA,Reação tardia ou ineficiente do condutor,Colisão traseira,Com Vítimas Feridas,Pleno dia,Decrescente,Céu Claro,Dupla,Reta,Sim,3,0,1,0,1,1,1,2,-27.10123686,-48.61807962,SPRF-SC,DEL04-SC,UOP03-DEL04-SC,2023
"501437,0",2023-01-27,sexta-feira,03:30:00,SC,101,"141,0",BALNEARIO CAMBORIU,Ingestão de álcool pelo condutor,Colisão com objeto,Sem Vítimas,Plena Noite,Crescente,Céu Claro,Dupla,Curva,Não,1,0,0,0,0,1,0,1,-27.04761729,-48.59995855,SPRF-SC,DEL04-SC,UOP03-DEL04-SC,2023
"501474,0",2023-01-27,sexta-feira,09:00:00,SC,101,"203,0",SAO JOSE,Manobra de mudança de faixa,Colisão lateral mesmo sentido,Com Vítimas Feridas,Pleno dia,Crescente,Céu Claro,Dupla,Curva;Viaduto,Sim,3,0,2,0,1,0,2,2,-27.5650044,-48.61460082,SPRF-SC,DEL01-SC,UOP01-DEL01-SC,2023
"501481,0",2023-01-27,sexta-feira,09:40:00,SC,101,"210,0",SAO JOSE,Manobra de mudança de faixa,Colisão lateral mesmo sentido,Com Vítimas Feridas,Pleno dia,Decrescente,Céu Claro,Simples,Reta,Sim,2,0,1,0,1,0,1,2,-27.622355,-48.650971,SPRF-SC,DEL01-SC,UOP01-DEL01-SC,2023
"501483,0",2023-01-27,sexta-feira,09:30:00,SC,101,"133,0",BALNEARIO CAMBORIU,Demais falhas mecânicas ou elétricas,Incêndio,Sem Vítimas,Pleno dia,Decrescente,Céu Claro,Simples,Reta;Aclive,Sim,1,0,0,0,1,0,0,1,-26.99936,-48.64609,SPRF-SC,DEL04-SC,UOP03-DEL04-SC,2023
"501495,0",2023-01-27,sexta-feira,10:50:00,SC,101,"212,0",PALHOCA,Avarias e/ou desgaste excessivo no pneu,Tombamento,Com Vítimas Feridas,Pleno dia,Crescente,Céu Claro,Múltipla,Reta,Sim,1,0,1,0,0,0,1,1,-27.62996929,-48.65903871,SPRF-SC,DEL01-SC,UOP02-DEL01-SC,2023
"501499,0",2023-01-27,sexta-feira,10:52:00,SC,101,"213,0",PALHOCA,Desrespeitar a preferência no cruzamento,Atropelamento de Pedestre,Com Vítimas Feridas,Pleno dia,Decrescente,Céu Claro,Dupla,Reta,Não,2,0,1,0,1,0,1,2,-27.63697369,-48.66514142,SPRF-SC,DEL01-SC,UOP02-DEL01-SC,2023
"501509,0",2023-01-27,sexta-feira,09:35:00,SC,163,"78,6",SAO MIGUEL DO OESTE,Desrespeitar a preferência no cruzamento,Colisão transversal,Com Vítimas Feridas,Pleno dia,Crescente,Sol,Simples,Reta,Não,3,0,1,0,2,0,1,3,-26.667838,-53.51978017,SPRF-SC,DEL07-SC,UOP03-DEL07-SC,2023
"501511,0",2023-01-27,sexta-feira,12:46:00,SC,280,"164,0",MAFRA,Ingestão de álcool pelo condutor,Colisão com objeto,Com Vítimas Feridas,Pleno dia,Decrescente,Céu Claro,Simples,Curva,Não,1,0,1,0,0,0,1,1,-26.19131398,-49.80487298,SPRF-SC,DEL06-SC,UOP01-DEL06-SC,2023
"501516,0",2023-01-27,sexta-feira,13:00:00,SC,470,"70,0",INDAIAL,Ausência de reação do condutor,Colisão traseira,Com Vítimas Feridas,Pleno dia,Crescente,Sol,Simples,Reta;Declive,Não,2,0,1,0,1,0,1,2,-26.889374,-49.254478,SPRF-SC,DEL04-SC,UOP01-DEL04-SC,2023
"501519,0",2023-01-27,sexta-feira,14:05:00,SC,101,"111,0",ITAJAI,Manobra de mudança de faixa,Colisão lateral mesmo sentido,Com Vítimas Feridas,Pleno dia,Crescente,Céu Claro,Simples,Reta,Sim,2,0,1,0,1,0,1,2,-26.83955734,-48.71418074,SPRF-SC,DEL04-SC,UOP04-DEL04-SC,2023
"501526,0",2023-01-27,sexta-feira,10:50:00,SC,280,"83,9",CORUPA,Condutor Dormindo,Colisão com objeto,Com Vítimas Feridas,Pleno dia,Decrescente,Céu Claro,Simples,Curva;Aclive,Não,1,0,1,0,0,0,1,1,-26.43797588,-49.23478097,SPRF-SC,DEL06-SC,UOP03-DEL06-SC,2023
"501551,0",2023-01-27,sexta-feira,16:52:00,SC,282,"1,5",FLORIANOPOLIS,Ausência de reação do condutor,Colisão traseira,Com Vítimas Feridas,Pleno dia,Crescente,Céu Claro,Múltipla,Reta,Sim,2,0,1,0,1,0,1,2,-27.602955,-48.580509,SPRF-SC,DEL01-SC,UOP01-DEL01-SC,2023
"501564,0",2023-01-27,sexta-feira,16:45:00,SC,163,"70,7",SAO MIGUEL DO OESTE,Condutor deixou de manter distância do veículo da frente,Colisão traseira,Com Vítimas Feridas,Pleno dia,Decrescente,Céu Claro,Dupla,Reta,Sim,2,0,1,0,1,0,1,2,-26.73461723,-53.50680015,SPRF-SC,DEL07-SC,UOP03-DEL07-SC,2023
"501572,0",2023-01-27,sexta-feira,18:26:00,SC,101,"207,0",SAO JOSE,Condutor deixou de manter distância do veículo da frente,Colisão traseira,Com Vítimas Feridas,Anoitecer,Decrescente,Céu Claro,Dupla,Reta,Sim,8,0,2,0,5,1,2,6,-27.60001226,-48.6226467,SPRF-SC,DEL01-SC,UOP01-DEL01-SC,2023
"501582,0",2023-01-27,sexta-feira,18:45:00,SC,101,"143,0",ITAPEMA,Trafegar com motocicleta (ou similar) entre as faixas,Colisão lateral mesmo sentido,Com Vítimas Feridas,Plena Noite,Crescente,Céu Claro,Simples,Declive,Sim,3,0,0,1,2,0,1,2,-27.06436,-48.59599405,SPRF-SC,DEL04-SC,UOP03-DEL04-SC,2023
"501583,0",2023-01-27,sexta-feira,17:30:00,SC,101,"262,0",PAULO LOPES,Ausência de reação do condutor,Saída de leito carroçável,Com Vítimas Feridas,Pleno dia,Decrescente,Sol,Dupla,Reta,Não,1,0,0,1,0,0,1,1,-28.0353863,-48.70884453,SPRF-SC,DEL02-SC,UOP03-DEL02-SC,2023
"501585,0",2023-01-27,sexta-feira,17:25:00,SC,101,"278,0",IMBITUBA,Ultrapassagem Indevida,Colisão lateral mesmo sentido,Com Vítimas Feridas,Pleno dia,Crescente,Céu Claro,Simples,Interseção de Vias,Não,2,0,0,1,1,0,1,2,-28.16300604,-48.6939345,SPRF-SC,DEL02-SC,UOP03-DEL02-SC,2023
"501605,0",2023-01-27,sexta-feira,20:30:00,SC,101,"199,3",SAO JOSE,Acessar a via sem observar a presença dos outros veículos,Colisão transversal,Com Vítimas Fatais,Plena Noite,Crescente,Céu Claro,Múltipla,Reta;Interseção de Vias,Sim,2,1,0,0,1,0,0,2,-27.535978,-48.627956,SPRF-SC,DEL01-SC,UOP01-DEL01-SC,2023
"501609,0",2023-01-27,sexta-feira,19:00:00,SC,116,"244,0",LAGES,Transitar na contramão,Colisão frontal,Com Vítimas Feridas,Anoitecer,Crescente,Céu Claro,Simples,Curva,Não,4,0,1,0,3,0,1,2,-27.78925388,-50.35413817,SPRF-SC,DEL05-SC,UOP01-DEL05-SC,2023
"501611,0",2023-01-27,sexta-feira,21:30:00,SC,101,"215,0",PALHOCA,Pedestre andava na pista,Atropelamento de Pedestre,Com Vítimas Feridas,Plena Noite,Crescente,Céu Claro,Dupla,Reta,Sim,3,0,0,1,2,0,1,2,-27.65184843,-48.67604941,SPRF-SC,DEL01-SC,UOP02-DEL01-SC,2023
"501612,0",2023-01-27,sexta-feira,22:32:00,SC,101,"220,0",PALHOCA,Ingestão de álcool ou de substâncias psicoativas pelo pedestre,Atropelamento de Pedestre,Com Vítimas Feridas,Plena Noite,Crescente,Céu Claro,Dupla,Reta,Sim,3,0,0,1,2,0,1,3,-27.69198941,-48.66368358,SPRF-SC,DEL01-SC,UOP02-DEL01-SC,2023
"501613,0",2023-01-27,sexta-feira,20:00:00,SC,282,"560,9",NOVA ITABERABA,Transitar na contramão,Colisão frontal,Com Vítimas Feridas,Plena Noite,Crescente,Céu Claro,Simples,Declive;Curva,Não,2,0,0,1,1,0,1,2,-26.92748419,-52.85570741,SPRF-SC,DEL07-SC,UOP02-DEL07-SC,2023
"501625,0",2023-01-28,sábado,00:15:00,SC,101,"234,0",PALHOCA,Avarias e/ou desgaste excessivo no pneu,Queda de ocupante de veículo,Com Vítimas Feridas,Plena Noite,Crescente,Céu Claro,Dupla,Reta,Não,2,0,2,0,0,0,2,1,-27.81043812,-48.63537111,SPRF-SC,DEL01-SC,UOP02-DEL01-SC,2023
"501626,0",2023-01-28,sábado,01:20:00,SC,101,"232,0",PALHOCA,Ingestão de álcool pelo condutor,Colisão com objeto,Sem Vítimas,Plena Noite,Crescente,Céu Claro,Dupla,Curva;Aclive,Não,1,0,0,0,1,0,0,1,-27.795666,-48.638153,SPRF-SC,DEL01-SC,UOP02-DEL01-SC,2023
"501630,0",2023-01-28,sábado,01:15:00,SC,470,"56,1",BLUMENAU,Trafegar com motocicleta (ou similar) entre as faixas,Colisão lateral mesmo sentido,Com Vítimas Feridas,Plena Noite,Crescente,Céu Claro,Simples,Reta,Sim,5,0,1,4,0,0,5,3,-26.87674,-49.127743,SPRF-SC,DEL04-SC,UOP01-DEL04-SC,2023
"501631,0",2023-01-28,sábado,01:20:00,SC,101,"120,0",ITAJAI,Reação tardia ou ineficiente do condutor,Colisão frontal,Com Vítimas Feridas,Plena Noite,Crescente,Ignorado,Múltipla,Retorno Regulamentado;Viaduto,Não,2,0,0,1,0,1,1,2,-26.912758,-48.711998,SPRF-SC,DEL04-SC,UOP04-DEL04-SC,2023
"501639,0",2023-01-27,sexta-feira,22:15:00,SC,101,"433,8",SOMBRIO,Manobra de mudança de faixa,Colisão lateral mesmo sentido,Com Vítimas Feridas,Plena Noite,Decrescente,Nublado,Múltipla,Reta,Sim,2,0,2,0,0,0,2,2,-29.08200809,-49.6297237,SPRF-SC,DEL02-SC,UOP02-DEL02-SC,2023
"501641,0",2023-01-28,sábado,04:55:00,SC,101,"214,0",PALHOCA,Ingestão de álcool pelo condutor,Colisão com objeto,Com Vítimas Feridas,Plena Noite,Crescente,Céu Claro,Múltipla,Reta,Sim,1,0,1,0,0,0,1,1,-27.64443,-48.67057,SPRF-SC,DEL01-SC,UOP02-DEL01-SC,2023
"501651,0",2023-01-28,sábado,05:00:00,SC,101,"160,0",TIJUCAS,Condutor Dormindo,Saída de leito carroçável,Sem Vítimas,Plena Noite,Crescente,Céu Claro,Dupla,Curva;Declive,Sim,1,0,0,0,0,1,0,1,-27.20831288,-48.61987922,SPRF-SC,DEL04-SC,UOP03-DEL04-SC,2023
"501652,0",2023-01-28,sábado,02:30:00,SC,470,"141,0",RIO DO SUL,Velocidade Incompatível,Colisão com objeto,Sem Vítimas,Plena Noite,Crescente,Nublado,Simples,Curva;Ponte,Sim,2,0,0,0,2,0,0,1,-27.226065,-49.666161,SPRF-SC,DEL04-SC,UOP02-DEL04-SC,2023
"501655,0",2023-01-28,sábado,06:50:00,SC,101,"160,0",TIJUCAS,Ausência de reação do condutor,Saída de leito carroçável,Sem Vítimas,Pleno dia,Decrescente,Céu Claro,Dupla,Reta,Sim,1,0,0,0,0,1,0,1,-27.20831288,-48.61987922,SPRF-SC,DEL04-SC,UOP03-DEL04-SC,2023
"501667,0",2023-01-28,sábado,08:25:00,SC,280,"58,7",GUARAMIRIM,Reação tardia ou ineficiente do condutor,Colisão traseira,Com Vítimas Feridas,Pleno dia,Decrescente,Céu Claro,Dupla,Reta,Sim,2,0,1,0,1,0,1,2,-26.47415593,-49.021211,SPRF-SC,DEL03-SC,UOP03-DEL03-SC,2023
"501686,0",2023-01-28,sábado,10:50:00,SC,101,"118,8",ITAJAI,Condutor deixou de manter distância do veículo da frente,Colisão traseira,Com Vítimas Feridas,Pleno dia,Decrescente,Céu Claro,Múltipla,Reta,Sim,3,0,1,0,2,0,1,3,-26.895859,-48.71903,SPRF-SC,DEL04-SC,UOP04-DEL04-SC,2023
"501693,0",2023-01-28,sábado,11:23:00,SC,101,"149,0",ITAPEMA,Manobra de mudança de faixa,Colisão traseira,Com Vítimas Feridas,Pleno dia,Crescente,Nublado,Múltipla,Reta,Sim,2,0,1,0,1,0,1,2,-27.1089649,-48.61277586,SPRF-SC,DEL04-SC,UOP03-DEL04-SC,2023
"501695,0",2023-01-28,sábado,12:00:00,SC,101,"41,0",JOINVILLE,Condutor deixou de manter distância do veículo da frente,Colisão traseira,Com Vítimas Feridas,Pleno dia,Crescente,Céu Claro,Dupla,Reta,Sim,5,0,2,0,2,1,2,4,-26.28215489,-48.88973081,SPRF-SC,DEL03-SC,UOP01-DEL03-SC,2023
"501712,0",2023-01-28,sábado,07:20:00,SC,101,"40,0",JOINVILLE,Ingestão de álcool ou de substâncias psicoativas pelo pedestre,Colisão com objeto,Com Vítimas Feridas,Pleno dia,Crescente,Sol,Dupla,Reta;Declive,Sim,3,0,2,0,1,0,2,1,-26.27176094,-48.89468382,SPRF-SC,DEL03-SC,UOP01-DEL03-SC,2023
"501716,0",2023-01-28,sábado,09:24:00,SC,116,"305,2",CAPAO ALTO,Condutor deixou de manter distância do veículo da frente,Colisão traseira,Com Vítimas Feridas,Pleno dia,Decrescente,Céu Claro,Simples,Curva;Aclive,Não,6,0,3,0,3,0,3,2,-28.19840483,-50.72325701,SPRF-SC,DEL05-SC,UOP02-DEL05-SC,2023
"501721,0",2023-01-28,sábado,12:00:00,SC,470,"3,8",NAVEGANTES,Acessar a via sem observar a presença dos outros veículos,Colisão transversal,Com Vítimas Feridas,Pleno dia,Decrescente,Céu Claro,Simples,Rotatória,Sim,2,0,1,0,1,0,1,2,-26.861937,-48.681618,SPRF-SC,DEL04-SC,UOP04-DEL04-SC,2023
"501724,0",2023-01-12,quinta-feira,14:10:00,SC,163,"68,0",SAO MIGUEL DO OESTE,Acessar a via sem observar a presença dos outros veículos,Colisão transversal,Com Vítimas Feridas,Pleno dia,Decrescente,Céu Claro,Simples,Reta,Não,2,0,1,1,0,0,2,2,-26.75038301,-53.50086841,SPRF-SC,DEL07-SC,UOP03-DEL07-SC,2023
"501725,0",2023-01-28,sábado,14:40:00,SC,101,"202,1",SAO JOSE,Manobra de mudança de faixa,Colisão lateral mesmo sentido,Com Vítimas Feridas,Pleno dia,Crescente,Céu Claro,Dupla,Reta,Sim,3,0,0,2,1,0,2,2,-27.55711595,-48.61897889,SPRF-SC,DEL01-SC,UOP01-DEL01-SC,2023
"501731,0",2023-01-28,sábado,15:00:00,SC,101,"144,0",ITAPEMA,Condutor deixou de manter distância do veículo da frente,Colisão lateral mesmo sentido,Com Vítimas Feridas,Pleno dia,Decrescente,Sol,Dupla,Reta,Sim,5,0,2,0,3,0,2,4,-27.0732659,-48.59672716,SPRF-SC,DEL04-SC,UOP03-DEL04-SC,2023
"501736,0",2023-01-27,sexta-feira,22:20:00,SC,282,"526,0",XAXIM,Demais falhas mecânicas ou elétricas,Colisão com objeto,Sem Vítimas,Plena Noite,Decrescente,Céu Claro,Simples,Reta,Não,2,0,0,0,2,0,0,2,-26.969427,-52.57497,SPRF-SC,DEL07-SC,UOP01-DEL07-SC,2023
"501797,0",2023-01-28,sábado,20:30:00,SC,470,"57,8",BLUMENAU,Acessar a via sem observar a presença dos outros veículos,Colisão transversal,Com Vítimas Feridas,Plena Noite,Crescente,Céu Claro,Simples,Reta,Sim,2,0,1,0,1,0,1,2,-26.88379798,-49.14557678,SPRF-SC,DEL04-SC,UOP01-DEL04-SC,2023
"501803,0",2023-01-28,sábado,21:05:00,SC,101,"206,7",SAO JOSE,Reação tardia ou ineficiente do condutor,Colisão traseira,Com Vítimas Feridas,Plena Noite,Crescente,Nublado,Múltipla,Reta,Sim,5,0,1,0,4,0,1,2,-27.59193546,-48.61824557,SPRF-SC,DEL01-SC,UOP01-DEL01-SC,2023
"501810,0",2023-01-28,sábado,20:10:00,SC,101,"105,9",PENHA,Reação tardia ou ineficiente do condutor,Tombamento,Com Vítimas Feridas,Plena Noite,Decrescente,Céu Claro,Simples,Curva,Não,1,0,1,0,0,0,1,1,-26.81204473,-48.68308067,SPRF-SC,DEL03-SC,UOP02-DEL03-SC,2023
"501813,0",2023-01-28,sábado,20:45:00,SC,101,"148,0",ITAPEMA,Pedestre andava na pista,Atropelamento de Pedestre,Com Vítimas Feridas,Plena Noite,Crescente,Nublado,Múltipla,Reta,Sim,2,0,1,1,0,0,2,2,-27.10123686,-48.61807962,SPRF-SC,DEL04-SC,UOP03-DEL04-SC,2023
"501814,0",2023-01-28,sábado,21:15:00,SC,282,"225,0",LAGES,Ingestão de álcool pelo condutor,Colisão frontal,Sem Vítimas,Plena Noite,Crescente,Céu Claro,Simples,Curva;Declive,Sim,2,0,0,0,2,0,0,2,-27.795473,-50.389488,SPRF-SC,DEL05-SC,UOP02-DEL05-SC,2023
"501839,0",2023-01-29,domingo,00:40:00,SC,101,"202,0",SAO JOSE,Ingestão de álcool pelo condutor,Colisão com objeto,Com Vítimas Feridas,Plena Noite,Crescente,Céu Claro,Múltipla,Interseção de Vias,Sim,1,0,1,0,0,0,1,1,-27.55711595,-48.61897889,SPRF-SC,DEL01-SC,UOP01-DEL01-SC,2023
"501844,0",2023-01-29,domingo,00:05:00,SC,282,"16,0",PALHOCA,Pedestre cruzava a pista fora da faixa,Atropelamento de Pedestre,Com Vítimas Feridas,Plena Noite,Crescente,Céu Claro,Simples,Reta,Não,2,0,1,0,1,0,1,2,-27.658611,-48.681847,SPRF-SC,DEL01-SC,UOP02-DEL01-SC,2023
"501848,0",2023-01-29,domingo,02:00:00,SC,470,"10,5",NAVEGANTES,Transitar na contramão,Colisão frontal,Sem Vítimas,Plena Noite,Crescente,Céu Claro,Simples,Reta,Não,2,0,0,0,2,0,0,2,-26.833693,-48.73724,SPRF-SC,DEL04-SC,UOP04-DEL04-SC,2023
"501873,0",2023-01-21,sábado,09:35:00,SC,101,"288,0",IMBITUBA,Desrespeitar a preferência no cruzamento,Colisão transversal,Com Vítimas Feridas,Pleno dia,Crescente,Céu Claro,Simples,Rotatória;Viaduto;Interseção de Vias,Sim,2,0,2,0,0,0,2,2,-28.24598003,-48.70010284,SPRF-SC,DEL02-SC,UOP03-DEL02-SC,2023
"501875,0",2023-01-21,sábado,17:00:00,SC,282,"102,0",ALFREDO WAGNER,Ausência de reação do condutor,Colisão traseira,Com Vítimas Feridas,Pleno dia,Crescente,Céu Claro,Simples,Reta,Não,2,0,1,0,1,0,1,2,-27.694818,-49.314419,SPRF-SC,DEL01-SC,UOP03-DEL01-SC,2023
"501876,0",2023-01-21,sábado,18:40:00,SC,101,"278,8",IMBITUBA,Manobra de mudança de faixa,Colisão traseira,Com Vítimas Feridas,Anoitecer,Decrescente,Céu Claro,Simples,Interseção de Vias,Sim,2,0,1,0,1,0,1,2,-28.18386243,-48.69579971,SPRF-SC,DEL02-SC,UOP03-DEL02-SC,2023
"501880,0",2023-01-29,domingo,06:28:00,SC,101,"24,0",JOINVILLE,Ingestão de álcool pelo condutor,Colisão com objeto,Com Vítimas Feridas,Pleno dia,Decrescente,Céu Claro,Dupla,Reta,Não,3,0,3,0,0,0,3,1,-26.17483309,-48.90767978,SPRF-SC,DEL03-SC,UOP01-DEL03-SC,2023
"501894,0",2023-01-21,sábado,10:25:00,SC,101,"116,0",ITAJAI,Velocidade Incompatível,Colisão traseira,Com Vítimas Feridas,Pleno dia,Decrescente,Céu Claro,Dupla,Reta,Sim,3,0,0,1,2,0,1,3,-26.87905605,-48.72603512,SPRF-SC,DEL04-SC,UOP04-DEL04-SC,2023
"501896,0",2023-01-01,domingo,16:30:00,SC,282,"467,9",PONTE SERRADA,Reação tardia ou ineficiente do condutor,Colisão traseira,Com Vítimas Feridas,Pleno dia,Decrescente,Céu Claro,Simples,Reta,Não,8,0,1,0,6,1,1,4,-26.854425,-52.096107,SPRF-SC,DEL07-SC,UOP04-DEL07-SC,2023
"501908,0",2023-01-29,domingo,11:00:00,SC,101,"138,0",BALNEARIO CAMBORIU,Acessar a via sem observar a presença dos outros veículos,Colisão transversal,Com Vítimas Feridas,Pleno dia,Crescente,Céu Claro,Dupla,Reta,Sim,2,0,1,0,1,0,1,2,-27.02397426,-48.60761649,SPRF-SC,DEL04-SC,UOP03-DEL04-SC,2023
"501926,0",2023-01-29,domingo,14:00:00,SC,101,"144,0",ITAPEMA,Manobra de mudança de faixa,Colisão traseira,Com Vítimas Feridas,Pleno dia,Decrescente,Céu Claro,Dupla,Curva,Não,2,0,1,0,1,0,1,2,-27.0732659,-48.59672716,SPRF-SC,DEL04-SC,UOP03-DEL04-SC,2023
"501945,0",2023-01-29,domingo,15:30:00,SC,101,"223,5",PALHOCA,Desrespeitar a preferência no cruzamento,Colisão transversal,Com Vítimas Feridas,Pleno dia,Decrescente,Chuva,Múltipla,Viaduto,Sim,3,0,0,1,2,0,1,2,-27.71552634,-48.64881251,SPRF-SC,DEL01-SC,UOP02-DEL01-SC,2023