id,data_inversa,dia_semana,horario,uf,br,km,municipio,causa_acidente,tipo_acidente,classificacao_acidente,fase_dia,sentido_via,condicao_metereologica,tipo_pista,tracado_via,uso_solo,pessoas,mortos,feridos_leves,feridos_graves,ilesos,ignorados,feridos,veiculos,latitude,longitude,regional,delegacia,uop,ano_arquivo
"501950,0",2023-01-29,domingo,15:25:00,SC,101,"321,0",CAPIVARI DE BAIXO,Reação tardia ou ineficiente do condutor,Colisão com objeto,Sem Vítimas,Pleno dia,Decrescente,Chuva,Múltipla,Curva,Não,2,0,0,0,2,0,0,1,-28.42532339,-48.8919091,SPRF-SC,DEL02-SC,UOP01-DEL02-SC,2023
"501963,0",2023-01-09,segunda-feira,17:20:00,SC,101,"333,0",TUBARAO,Acessar a via sem observar a presença dos outros veículos,Colisão lateral mesmo sentido,Com Vítimas Feridas,Pleno dia,Crescente,Céu Claro,Dupla,Reta,Sim,3,0,0,1,2,0,1,3,-28.46630107,-48.99653096,SPRF-SC,DEL02-SC,UOP01-DEL02-SC,2023
"501967,0",2023-01-29,domingo,16:40:00,SC,280,"33,9",ARAQUARI,Manobra de mudança de faixa,Colisão lateral sentido oposto,Com Vítimas Feridas,Pleno dia,Crescente,Chuva,Simples,Reta,Não,4,0,2,0,2,0,2,3,-26.42993971,-48.79615614,SPRF-SC,DEL03-SC,UOP03-DEL03-SC,2023
"501968,0",2023-01-29,domingo,15:05:00,SC,101,"381,1",ICARA,Velocidade Incompatível,Saída de leito carroçável,Com Vítimas Feridas,Pleno dia,Crescente,Chuva,Múltipla,Reta,Não,4,0,3,0,1,0,3,1,-28.75478409,-49.27732095,SPRF-SC,DEL02-SC,UOP02-DEL02-SC,2023
"501988,0",2023-01-29,domingo,18:40:00,SC,280,"34,0",ARAQUARI,Ingestão de álcool pelo condutor,Colisão frontal,Sem Vítimas,Pleno dia,Crescente,Chuva,Simples,Reta,Não,3,0,0,0,3,0,0,2,-26.42993971,-48.79615614,SPRF-SC,DEL03-SC,UOP03-DEL03-SC,2023
"501989,0",2023-01-29,domingo,18:40:00,SC,101,"317,0",LAGUNA,Manobra de mudança de faixa,Colisão traseira,Com Vítimas Feridas,Plena Noite,Decrescente,Garoa/Chuvisco,Dupla,Reta,Não,2,0,1,0,1,0,1,2,-28.42708421,-48.85211624,SPRF-SC,DEL02-SC,UOP01-DEL02-SC,2023
"501991,0",2023-01-29,domingo,14:30:00,SC,153,"35,0",PONTE SERRADA,Velocidade Incompatível,Saída de leito carroçável,Sem Vítimas,Pleno dia,Decrescente,Sol,Simples,Curva,Não,2,0,0,0,2,0,0,1,-26.8219261,-51.72071457,SPRF-SC,DEL07-SC,UOP07-DEL07-SC,2023
"501996,0",2023-01-29,domingo,18:30:00,SC,101,"408,0",ARARANGUA,Acumulo de água sobre o pavimento,Saída de leito carroçável,Com Vítimas Feridas,Anoitecer,Decrescente,Chuva,Dupla,Curva,Não,3,0,1,0,2,0,1,1,-28.92263433,-49.49544668,SPRF-SC,DEL02-SC,UOP02-DEL02-SC,2023
"502021,0",2023-01-29,domingo,20:15:00,SC,280,"56,8",GUARAMIRIM,Condutor deixou de manter distância do veículo da frente,Colisão traseira,Com Vítimas Feridas,Plena Noite,Crescente,Chuva,Simples,Reta,Não,2,0,1,0,1,0,1,2,-26.47947677,-49.00298702,SPRF-SC,DEL03-SC,UOP03-DEL03-SC,2023
"502055,0",2023-01-29,domingo,20:00:00,SC,280,"118,0",SAO BENTO DO SUL,Ausência de reação do condutor,Saída de leito carroçável,Sem Vítimas,Plena Noite,Crescente,Chuva,Simples,Reta,Não,1,0,0,0,1,0,0,1,-26.26608202,-49.42467403,SPRF-SC,DEL06-SC,UOP03-DEL06-SC,2023
"502078,0",2023-01-30,segunda-feira,04:30:00,SC,101,"123,3",ITAJAI,Velocidade Incompatível,Colisão traseira,Com Vítimas Fatais,Plena Noite,Crescente,Céu Claro,Dupla,Reta;Viaduto,Sim,3,1,1,0,1,0,1,3,-26.9386,-48.6966,SPRF-SC,DEL04-SC,UOP04-DEL04-SC,2023
"502132,0",2023-01-30,segunda-feira,12:15:00,SC,101,"213,1",PALHOCA,Ausência de reação do condutor,Colisão traseira,Com Vítimas Feridas,Pleno dia,Crescente,Sol,Múltipla,Reta,Sim,2,0,1,0,1,0,1,2,-27.63697369,-48.66514142,SPRF-SC,DEL01-SC,UOP02-DEL01-SC,2023
"502139,0",2023-01-30,segunda-feira,12:55:00,SC,101,"131,5",BALNEARIO CAMBORIU,Ultrapassagem Indevida,Colisão frontal,Com Vítimas Fatais,Pleno dia,Crescente,Sol,Múltipla,Reta,Sim,4,1,0,1,1,1,1,3,-26.99064209,-48.66310912,SPRF-SC,DEL04-SC,UOP03-DEL04-SC,2023
"502149,0",2023-01-30,segunda-feira,13:25:00,SC,282,"613,0",IRACEMINHA,Demais Fenômenos da natureza,Colisão com objeto,Com Vítimas Feridas,Pleno dia,Decrescente,Céu Claro,Simples,Reta,Não,2,0,1,0,0,1,1,2,-26.765053,-53.255871,SPRF-SC,DEL07-SC,UOP02-DEL07-SC,2023
"502163,0",2023-01-30,segunda-feira,13:30:00,SC,282,"501,3",XANXERE,Desrespeitar a preferência no cruzamento,Colisão transversal,Com Vítimas Feridas,Pleno dia,Decrescente,Céu Claro,Simples,Interseção de Vias,Sim,2,0,1,0,1,0,1,2,-26.882834,-52.381398,SPRF-SC,DEL07-SC,UOP01-DEL07-SC,2023
"502173,0",2023-01-30,segunda-feira,15:50:00,SC,101,"45,0",JOINVILLE,Velocidade Incompatível,Tombamento,Com Vítimas Feridas,Pleno dia,Decrescente,Sol,Simples,Curva,Não,1,0,1,0,0,0,1,1,-26.34565546,-48.85728055,SPRF-SC,DEL03-SC,UOP01-DEL03-SC,2023
"502175,0",2023-01-30,segunda-feira,17:10:00,SC,101,"226,1",PALHOCA,Avarias e/ou desgaste excessivo no pneu,Queda de ocupante de veículo,Com Vítimas Feridas,Pleno dia,Crescente,Sol,Dupla,Reta,Não,2,0,0,2,0,0,2,1,-27.74200001,-48.63806504,SPRF-SC,DEL01-SC,UOP02-DEL01-SC,2023
"502188,0",2023-01-30,segunda-feira,17:45:00,SC,158,"133,0",PALMITOS,Acessar a via sem observar a presença dos outros veículos,Colisão transversal,Com Vítimas Feridas,Pleno dia,Decrescente,Céu Claro,Simples,Curva,Não,3,0,2,0,1,0,2,2,-27.066855,-53.226028,SPRF-SC,DEL07-SC,UOP02-DEL07-SC,2023
"502202,0",2023-01-30,segunda-feira,18:20:00,SC,101,"204,8",SAO JOSE,Trafegar com motocicleta (ou similar) entre as faixas,Colisão lateral mesmo sentido,Com Vítimas Feridas,Pleno dia,Crescente,Nublado,Dupla,Reta,Sim,1,0,0,1,0,0,1,1,-27.57413014,-48.61363083,SPRF-SC,DEL01-SC,UOP01-DEL01-SC,2023
"502234,0",2023-01-30,segunda-feira,21:15:00,SC,282,"147,1",BOM RETIRO,Demais falhas mecânicas ou elétricas,Incêndio,Sem Vítimas,Plena Noite,Decrescente,Céu Claro,Simples,Reta,Não,2,0,0,0,2,0,0,1,-27.788177,-49.641987,SPRF-SC,DEL05-SC,UOP01-DEL05-SC,2023
"502265,0",2023-01-31,terça-feira,03:50:00,SC,101,"74,4",ARAQUARI,Condutor Dormindo,Colisão com objeto,Com Vítimas Feridas,Plena Noite,Crescente,Céu Claro,Dupla,Viaduto,Não,1,0,0,1,0,0,1,1,-26.5519717,-48.71688324,SPRF-SC,DEL03-SC,UOP02-DEL03-SC,2023
"502293,0",2023-01-31,terça-feira,07:58:00,SC,101,"146,0",ITAPEMA,Acessar a via sem observar a presença dos outros veículos,Colisão transversal,Com Vítimas Feridas,Pleno dia,Crescente,Céu Claro,Simples,Interseção de Vias;Túnel,Sim,2,0,1,0,1,0,1,2,-27.08666525,-48.60955587,SPRF-SC,DEL04-SC,UOP03-DEL04-SC,2023
"502312,0",2023-01-31,terça-feira,07:00:00,SC,470,"351,8",CAMPOS NOVOS,Condutor Dormindo,Saída de leito carroçável,Com Vítimas Feridas,Pleno dia,Crescente,Céu Claro,Simples,Reta,Não,1,0,1,0,0,0,1,1,-27.568354,-51.455971,SPRF-SC,DEL07-SC,UOP06-DEL07-SC,2023
"502327,0",2023-01-31,terça-feira,12:07:00,SC,282,"524,9",XAXIM,Reação tardia ou ineficiente do condutor,Saída de leito carroçável,Com Vítimas Feridas,Pleno dia,Crescente,Garoa/Chuvisco,Simples,Curva,Não,2,0,1,0,1,0,1,1,-26.965002,-52.557384,SPRF-SC,DEL07-SC,UOP01-DEL07-SC,2023
"502343,0",2023-01-31,terça-feira,11:00:00,SC,470,"282,1",BRUNOPOLIS,Velocidade Incompatível,Saída de leito carroçável,Com Vítimas Feridas,Pleno dia,Decrescente,Nublado,Simples,Curva,Não,1,0,0,1,0,0,1,1,-27.334911,-50.882519,SPRF-SC,DEL07-SC,UOP06-DEL07-SC,2023
"502344,0",2023-01-31,terça-feira,13:12:00,SC,153,"100,0",CONCORDIA,Entrada inopinada do pedestre,Atropelamento de Pedestre,Com Vítimas Feridas,Pleno dia,Decrescente,Chuva,Simples,Curva,Não,2,0,1,0,1,0,1,2,-27.242643,-51.95171,SPRF-SC,DEL07-SC,UOP04-DEL07-SC,2023
"502364,0",2023-01-31,terça-feira,14:19:00,SC,101,"54,8",JOINVILLE,Demais falhas mecânicas ou elétricas,Incêndio,Sem Vítimas,Pleno dia,Decrescente,Céu Claro,Dupla,Reta,Não,1,0,0,0,1,0,0,1,-26.41319508,-48.83617332,SPRF-SC,DEL03-SC,UOP01-DEL03-SC,2023
"502381,0",2023-01-31,terça-feira,11:50:00,SC,280,"128,0",RIO NEGRINHO,Acessar a via sem observar a presença dos outros veículos,Atropelamento de Pedestre,Com Vítimas Feridas,Pleno dia,Crescente,Céu Claro,Simples,Reta,Não,2,0,1,0,1,0,1,2,-26.24317941,-49.51320018,SPRF-SC,DEL06-SC,UOP03-DEL06-SC,2023
"502384,0",2023-01-31,terça-feira,17:20:00,SC,101,"334,0",TUBARAO,Desrespeitar a preferência no cruzamento,Colisão transversal,Com Vítimas Feridas,Pleno dia,Decrescente,Céu Claro,Simples,Reta;Interseção de Vias,Sim,2,0,1,0,1,0,1,2,-28.46730446,-49.00604302,SPRF-SC,DEL02-SC,UOP01-DEL02-SC,2023
"502429,0",2023-01-31,terça-feira,23:40:00,SC,101,"130,0",BALNEARIO CAMBORIU,Transitar na contramão,Colisão lateral sentido oposto,Com Vítimas Feridas,Plena Noite,Crescente,Céu Claro,Simples,Reta,Sim,2,0,0,2,0,0,2,2,-26.98407618,-48.66977107,SPRF-SC,DEL04-SC,UOP03-DEL04-SC,2023
"502434,0",2023-02-01,quarta-feira,01:15:00,SC,101,"120,8",ITAJAI,Reação tardia ou ineficiente do condutor,Queda de ocupante de veículo,Com Vítimas Feridas,Plena Noite,Decrescente,Céu Claro,Múltipla,Retorno Regulamentado,Não,1,0,1,0,0,0,1,1,-26.912758,-48.711998,SPRF-SC,DEL04-SC,UOP04-DEL04-SC,2023
"502442,0",2023-02-01,quarta-feira,02:00:00,SC,163,"72,5",SAO MIGUEL DO OESTE,Velocidade Incompatível,Saída de leito carroçável,Sem Vítimas,Plena Noite,Crescente,Céu Claro,Simples,Curva,Sim,2,0,0,0,0,2,0,2,-26.71908804,-53.5157791,SPRF-SC,DEL07-SC,UOP03-DEL07-SC,2023
"502446,0",2023-02-01,quarta-feira,07:10:00,SC,101,"198,3",BIGUACU,Reação tardia ou ineficiente do condutor,Engavetamento,Com Vítimas Feridas,Pleno dia,Crescente,Céu Claro,Dupla,Reta,Sim,4,0,1,0,3,0,1,3,-27.52658712,-48.63506019,SPRF-SC,DEL01-SC,UOP01-DEL01-SC,2023
"502460,0",2023-02-01,quarta-feira,07:40:00,SC,101,"38,0",JOINVILLE,Desrespeitar a preferência no cruzamento,Colisão transversal,Com Vítimas Feridas,Pleno dia,Decrescente,Céu Claro,Simples,Interseção de Vias,Sim,2,0,1,0,0,1,1,2,-26.29687772,-48.88373137,SPRF-SC,DEL03-SC,UOP01-DEL03-SC,2023
"502469,0",2023-02-01,quarta-feira,07:50:00,SC,101,"204,7",SAO JOSE,Manobra de mudança de faixa,Colisão lateral mesmo sentido,Com Vítimas Feridas,Pleno dia,Crescente,Céu Claro,Múltipla,Reta,Sim,2,0,1,0,1,0,1,2,-27.57413014,-48.61363083,SPRF-SC,DEL01-SC,UOP01-DEL01-SC,2023
"502472,0",2023-02-01,quarta-feira,07:15:00,SC,101,"34,5",JOINVILLE,Avarias e/ou desgaste excessivo no pneu,Tombamento,Com Vítimas Feridas,Pleno dia,Crescente,Céu Claro,Múltipla,Curva,Sim,2,0,1,0,1,0,1,1,-26.26767223,-48.89658451,SPRF-SC,DEL03-SC,UOP01-DEL03-SC,2023
"502480,0",2023-02-01,quarta-feira,09:50:00,SC,101,"175,0",BIGUACU,Condutor deixou de manter distância do veículo da frente,Queda de ocupante de veículo,Com Vítimas Feridas,Pleno dia,Crescente,Céu Claro,Dupla,Reta,Não,1,0,1,0,0,0,1,1,-27.33963303,-48.62734885,SPRF-SC,DEL01-SC,UOP01-DEL01-SC,2023
"502485,0",2023-02-01,quarta-feira,07:30:00,SC,101,"333,7",TUBARAO,Desrespeitar a preferência no cruzamento,Colisão lateral mesmo sentido,Com Vítimas Feridas,Pleno dia,Crescente,Céu Claro,Dupla,Interseção de Vias,Sim,2,0,1,0,1,0,1,2,-28.46630107,-48.99653096,SPRF-SC,DEL02-SC,UOP01-DEL02-SC,2023
"502508,0",2023-02-01,quarta-feira,15:30:00,SC,101,"205,9",SAO JOSE,Condutor deixou de manter distância do veículo da frente,Queda de ocupante de veículo,Com Vítimas Feridas,Pleno dia,Crescente,Céu Claro,Simples,Reta,Sim,1,0,1,0,0,0,1,1,-27.58313237,-48.61532885,SPRF-SC,DEL01-SC,UOP01-DEL01-SC,2023
"502514,0",2023-02-01,quarta-feira,16:00:00,SC,101,"210,3",SAO JOSE,Ausência de reação do condutor,Queda de ocupante de veículo,Com Vítimas Feridas,Pleno dia,Crescente,Céu Claro,Dupla,Reta,Não,2,0,2,0,0,0,2,1,-27.6167305,-48.6457265,SPRF-SC,DEL01-SC,UOP01-DEL01-SC,2023
"502543,0",2023-02-01,quarta-feira,14:30:00,SC,282,"459,0",PONTE SERRADA,Conversão proibida,Colisão lateral mesmo sentido,Com Vítimas Feridas,Pleno dia,Decrescente,Céu Claro,Simples,Reta,Não,3,0,1,0,2,0,1,2,-26.863695,-52.024818,SPRF-SC,DEL07-SC,UOP04-DEL07-SC,2023
"502559,0",2023-02-01,quarta-feira,17:20:00,SC,282,"531,5",CORDILHEIRA ALTA,Acessar a via sem observar a presença dos outros veículos,Colisão transversal,Com Vítimas Feridas,Anoitecer,Decrescente,Nublado,Simples,Reta;Interseção de Vias,Sim,2,0,1,0,1,0,1,2,-26.990747,-52.609776,SPRF-SC,DEL07-SC,UOP01-DEL07-SC,2023
"502606,0",2023-02-02,quinta-feira,07:50:00,SC,101,"120,0",ITAJAI,Manobra de mudança de faixa,Colisão lateral mesmo sentido,Com Vítimas Feridas,Pleno dia,Decrescente,Nublado,Dupla,Reta,Não,2,0,1,0,1,0,1,2,-26.912758,-48.711998,SPRF-SC,DEL04-SC,UOP04-DEL04-SC,2023
"502652,0",2023-02-02,quinta-feira,13:35:00,SC,480,"129,0",CHAPECO,Pedestre cruzava a pista fora da faixa,Atropelamento de Pedestre,Com Vítimas Feridas,Pleno dia,Crescente,Céu Claro,Simples,Reta,Não,2,0,1,0,1,0,1,2,-27.04656607,-52.63577131,SPRF-SC,DEL07-SC,UOP01-DEL07-SC,2023
"502655,0",2023-02-02,quinta-feira,14:45:00,SC,101,"150,0",ITAPEMA,Acessar a via sem observar a presença dos outros veículos,Colisão transversal,Com Vítimas Feridas,Pleno dia,Decrescente,Garoa/Chuvisco,Múltipla,Interseção de Vias,Não,2,0,0,1,1,0,1,2,-27.11744799,-48.60940987,SPRF-SC,DEL04-SC,UOP03-DEL04-SC,2023
"502656,0",2023-02-02,quinta-feira,14:26:00,SC,101,"210,0",SAO JOSE,Ausência de reação do condutor,Tombamento,Com Vítimas Feridas,Pleno dia,Decrescente,Céu Claro,Dupla,Reta,Sim,1,0,1,0,0,0,1,1,-27.6167305,-48.6457265,SPRF-SC,DEL01-SC,UOP01-DEL01-SC,2023
"502658,0",2023-02-02,quinta-feira,13:20:00,SC,163,"72,8",SAO MIGUEL DO OESTE,Acessar a via sem observar a presença dos outros veículos,Colisão frontal,Com Vítimas Feridas,Pleno dia,Crescente,Nublado,Simples,Curva;Interseção de Vias,Sim,3,0,1,0,0,2,1,3,-26.71908804,-53.5157791,SPRF-SC,DEL07-SC,UOP03-DEL07-SC,2023
"502697,0",2023-02-02,quinta-feira,18:30:00,SC,101,"70,5",ARAQUARI,Ausência de reação do condutor,Tombamento,Com Vítimas Feridas,Anoitecer,Crescente,Garoa/Chuvisco,Múltipla,Reta,Não,1,0,0,1,0,0,1,1,-26.51082007,-48.72345612,SPRF-SC,DEL03-SC,UOP02-DEL03-SC,2023
"502700,0",2023-02-02,quinta-feira,14:50:00,SC,101,"120,0",ITAJAI,Trafegar com motocicleta (ou similar) entre as faixas,Colisão traseira,Com Vítimas Feridas,Pleno dia,Crescente,Nublado,Dupla,Reta,Sim,2,0,0,2,0,0,2,2,-26.912758,-48.711998,SPRF-SC,DEL04-SC,UOP04-DEL04-SC,2023
"502729,0",2023-02-02,quinta-feira,22:00:00,SC,101,"149,9",ITAPEMA,Acesso irregular,Colisão transversal,Com Vítimas Feridas,Plena Noite,Crescente,Garoa/Chuvisco,Múltipla,Interseção de Vias;Reta,Sim,2,0,1,0,1,0,1,2,-27.11821392,-48.6095345,SPRF-SC,DEL04-SC,UOP03-DEL04-SC,2023
"502747,0",2023-02-02,quinta-feira,23:10:00,SC,101,"418,5",ARARANGUA,Deixar de acionar o farol da motocicleta (ou similar),Colisão transversal,Com Vítimas Feridas,Plena Noite,Decrescente,Chuva,Simples,Reta,Não,4,0,0,1,3,0,1,2,-28.98840621,-49.54482079,SPRF-SC,DEL02-SC,UOP02-DEL02-SC,2023
"502754,0",2023-02-03,sexta-feira,01:50:00,SC,101,"151,0",ITAPEMA,Chuva,Colisão traseira,Com Vítimas Feridas,Plena Noite,Decrescente,Chuva,Simples,Reta,Não,2,0,1,0,1,0,1,2,-27.12654068,-48.6093092,SPRF-SC,DEL04-SC,UOP03-DEL04-SC,2023
"502759,0",2023-02-03,sexta-feira,02:35:00,SC,282,"31,3",SANTO AMARO DA IMPERATRIZ,Ausência de reação do condutor,Colisão lateral mesmo sentido,Sem Vítimas,Plena Noite,Crescente,Chuva,Simples,Reta,Não,4,0,0,0,4,0,0,2,-27.695198,-48.793308,SPRF-SC,DEL01-SC,UOP03-DEL01-SC,2023
"502767,0",2023-02-03,sexta-feira,05:00:00,SC,470,"52,6",BLUMENAU,Desrespeitar a preferência no cruzamento,Colisão transversal,Com Vítimas Feridas,Plena Noite,Crescente,Nublado,Simples,Interseção de Vias,Sim,2,0,2,0,0,0,2,2,-26.86501093,-49.09923316,SPRF-SC,DEL04-SC,UOP01-DEL04-SC,2023
"502801,0",2023-02-03,sexta-feira,08:45:00,SC,101,"212,3",PALHOCA,Manobra de mudança de faixa,Colisão lateral mesmo sentido,Com Vítimas Feridas,Pleno dia,Decrescente,Nublado,Múltipla,Reta;Declive;Viaduto,Não,2,0,1,0,0,1,1,2,-27.63697369,-48.66514142,SPRF-SC,DEL01-SC,UOP02-DEL01-SC,2023
"502812,0",2023-02-03,sexta-feira,09:50:00,SC,101,"251,8",PAULO LOPES,Condutor Dormindo,Saída de leito carroçável,Com Vítimas Feridas,Pleno dia,Decrescente,Nublado,Dupla,Reta,Não,1,0,1,0,0,0,1,1,-27.95643445,-48.67671847,SPRF-SC,DEL02-SC,UOP03-DEL02-SC,2023
"502817,0",2023-01-15,domingo,19:55:00,SC,101,"347,0",JAGUARUNA,Acesso irregular,Colisão transversal,Com Vítimas Feridas,Anoitecer,Decrescente,Garoa/Chuvisco,Dupla,Reta,Sim,6,0,2,0,4,0,2,2,-28.56402604,-49.05410532,SPRF-SC,DEL02-SC,UOP01-DEL02-SC,2023
"502872,0",2023-02-03,sexta-feira,13:55:00,SC,101,"265,0",PAULO LOPES,Reação tardia ou ineficiente do condutor,Colisão traseira,Com Vítimas Feridas,Pleno dia,Crescente,Nublado,Múltipla,Reta;Interseção de Vias,Sim,3,0,1,0,2,0,1,2,-28.06298729,-48.71636885,SPRF-SC,DEL02-SC,UOP03-DEL02-SC,2023
"502877,0",2023-02-03,sexta-feira,16:50:00,SC,470,"56,0",BLUMENAU,Acessar a via sem observar a presença dos outros veículos,Colisão transversal,Com Vítimas Feridas,Pleno dia,Crescente,Sol,Dupla,Reta;Aclive,Sim,3,0,1,1,1,0,2,2,-26.87674,-49.127743,SPRF-SC,DEL04-SC,UOP01-DEL04-SC,2023
"502917,0",2023-02-03,sexta-feira,20:00:00,SC,101,"214,3",PALHOCA,Condutor deixou de manter distância do veículo da frente,Queda de ocupante de veículo,Com Vítimas Feridas,Plena Noite,Crescente,Céu Claro,Múltipla,Reta,Não,2,0,1,0,1,0,1,1,-27.64443,-48.67057,SPRF-SC,DEL01-SC,UOP02-DEL01-SC,2023
"502924,0",2023-02-03,sexta-feira,17:50:00,SC,101,"326,4",CAPIVARI DE BAIXO,Acumulo de água sobre o pavimento,Saída de leito carroçável,Com Vítimas Feridas,Pleno dia,Decrescente,Chuva,Simples,Declive,Sim,2,0,2,0,0,0,2,1,-28.43579409,-48.95904779,SPRF-SC,DEL02-SC,UOP01-DEL02-SC,2023
"502928,0",2023-02-03,sexta-feira,19:20:00,SC,280,"126,0",RIO NEGRINHO,Reação tardia ou ineficiente do condutor,Colisão traseira,Com Vítimas Feridas,Plena Noite,Crescente,Garoa/Chuvisco,Simples,Reta,Sim,3,0,1,0,0,2,1,3,-26.23779604,-49.49427399,SPRF-SC,DEL06-SC,UOP03-DEL06-SC,2023
"502933,0",2023-02-03,sexta-feira,19:45:00,SC,101,"234,1",PALHOCA,Condutor deixou de manter distância do veículo da frente,Colisão traseira,Sem Vítimas,Plena Noite,Crescente,Chuva,Dupla,Reta;Declive,Não,3,0,0,0,2,1,0,3,-27.82629382,-48.63034842,SPRF-SC,DEL01-SC,UOP02-DEL01-SC,2023
"502943,0",2023-02-03,sexta-feira,21:20:00,SC,282,"54,3",AGUAS MORNAS,Velocidade Incompatível,Colisão frontal,Sem Vítimas,Plena Noite,Crescente,Garoa/Chuvisco,Simples,Curva,Não,2,0,0,0,2,0,0,2,-27.685799,-48.974514,SPRF-SC,DEL01-SC,UOP03-DEL01-SC,2023
"502951,0",2023-02-03,sexta-feira,23:41:00,SC,101,"218,0",PALHOCA,Ingestão de álcool e/ou substâncias psicoativas pelo pedestre,Capotamento,Com Vítimas Feridas,Plena Noite,Crescente,Céu Claro,Múltipla,Reta,Não,1,0,1,0,0,0,1,1,-27.6758601,-48.67052525,SPRF-SC,DEL01-SC,UOP02-DEL01-SC,2023
"502955,0",2023-02-03,sexta-feira,19:30:00,SC,470,"183,5",POUSO REDONDO,Reação tardia ou ineficiente do condutor,Saída de leito carroçável,Com Vítimas Fatais,Plena Noite,Crescente,Chuva,Simples,Reta,Não,5,4,0,1,0,0,1,1,-27.25185,-50.022938,SPRF-SC,DEL04-SC,UOP02-DEL04-SC,2023
"502958,0",2023-02-04,sábado,00:10:00,SC,101,"139,0",BALNEARIO CAMBORIU,Reação tardia ou ineficiente do condutor,Colisão com objeto,Com Vítimas Feridas,Plena Noite,Crescente,Chuva,Dupla,Curva,Não,1,0,1,0,0,0,1,1,-27.02982303,-48.60115006,SPRF-SC,DEL04-SC,UOP03-DEL04-SC,2023
"502979,0",2023-02-03,sexta-feira,15:25:00,SC,101,"333,8",TUBARAO,Condutor deixou de manter distância do veículo da frente,Colisão traseira,Com Vítimas Feridas,Pleno dia,Decrescente,Nublado,Dupla,Reta,Sim,2,0,1,0,1,0,1,2,-28.46989852,-49.01859283,SPRF-SC,DEL02-SC,UOP01-DEL02-SC,2023
"502984,0",2023-02-04,sábado,03:45:00,SC,101,"120,0",ITAJAI,Ingestão de álcool pelo condutor,Queda de ocupante de veículo,Com Vítimas Feridas,Plena Noite,Crescente,Nublado,Simples,Viaduto,Não,2,0,1,1,0,0,2,1,-26.91942965,-48.71088982,SPRF-SC,DEL04-SC,UOP04-DEL04-SC,2023
"502989,0",2023-02-04,sábado,04:10:00,SC,101,"130,0",BALNEARIO CAMBORIU,Reação tardia ou ineficiente do condutor,Colisão com objeto,Com Vítimas Feridas,Plena Noite,Decrescente,Garoa/Chuvisco,Dupla,Reta,Não,1,0,0,1,0,0,1,1,-26.98407618,-48.66977107,SPRF-SC,DEL04-SC,UOP03-DEL04-SC,2023
"503001,0",2023-02-04,sábado,05:50:00,SC,280,"125,0",RIO NEGRINHO,Acesso irregular,Colisão lateral mesmo sentido,Sem Vítimas,Amanhecer,Decrescente,Céu Claro,Simples,Aclive;Reta,Não,2,0,0,0,1,1,0,2,-26.23763684,-49.48434497,SPRF-SC,DEL06-SC,UOP03-DEL06-SC,2023
"503026,0",2023-02-01,quarta-feira,04:30:00,SC,470,"327,2",CAMPOS NOVOS,Velocidade Incompatível,Capotamento,Sem Vítimas,Plena Noite,Decrescente,Céu Claro,Simples,Reta,Não,1,0,0,0,1,0,0,1,-27.465645,-51.268574,SPRF-SC,DEL07-SC,UOP06-DEL07-SC,2023
"503030,0",2023-02-04,sábado,09:20:00,SC,280,"182,0",MAFRA,Condutor deixou de manter distância do veículo da frente,Colisão traseira,Com Vítimas Feridas,Pleno dia,Crescente,Sol,Simples,Reta;Em Obras;Aclive,Não,7,0,1,0,6,0,1,3,-26.17387829,-49.90623301,SPRF-SC,DEL06-SC,UOP01-DEL06-SC,2023
"503062,0",2023-02-04,sábado,14:30:00,SC,101,"137,0",BALNEARIO CAMBORIU,Desrespeitar a preferência no cruzamento,Colisão transversal,Com Vítimas Feridas,Pleno dia,Crescente,Céu Claro,Múltipla,Interseção de Vias,Sim,2,0,0,1,1,0,1,2,-27.0157238,-48.61192763,SPRF-SC,DEL04-SC,UOP03-DEL04-SC,2023
"503071,0",2023-02-04,sábado,10:30:00,SC,153,"72,0",IRANI,Ausência de reação do condutor,Colisão com objeto,Com Vítimas Feridas,Pleno dia,Crescente,Nublado,Simples,Curva,Não,1,0,1,0,0,0,1,1,-27.065798,-51.893486,SPRF-SC,DEL07-SC,UOP04-DEL07-SC,2023
"503072,0",2023-02-04,sábado,15:10:00,SC,101,"216,0",PALHOCA,Ingestão de álcool pelo condutor,Colisão traseira,Com Vítimas Feridas,Pleno dia,Decrescente,Céu Claro,Dupla,Reta,Não,3,0,2,0,1,0,2,2,-27.65981409,-48.67747798,SPRF-SC,DEL01-SC,UOP02-DEL01-SC,2023
"503093,0",2023-02-04,sábado,16:20:00,SC,101,"206,4",SAO JOSE,Ausência de reação do condutor,Colisão traseira,Com Vítimas Feridas,Pleno dia,Crescente,Céu Claro,Múltipla,Reta,Não,1,0,1,0,0,0,1,1,-27.59193546,-48.61824557,SPRF-SC,DEL01-SC,UOP01-DEL01-SC,2023
"503122,0",2023-02-04,sábado,18:15:00,SC,280,"129,0",RIO NEGRINHO,Ausência de reação do condutor,Colisão transversal,Com Vítimas Feridas,Pleno dia,Decrescente,Céu Claro,Simples,Reta,Não,1,0,1,0,0,0,1,1,-26.24586437,-49.52284615,SPRF-SC,DEL06-SC,UOP03-DEL06-SC,2023