id,data_inversa,dia_semana,horario,uf,br,km,municipio,causa_acidente,tipo_acidente,classificacao_acidente,fase_dia,sentido_via,condicao_metereologica,tipo_pista,tracado_via,uso_solo,pessoas,mortos,feridos_leves,feridos_graves,ilesos,ignorados,feridos,veiculos,latitude,longitude,regional,delegacia,uop,ano_arquivo
"504120,0",2023-02-09,quinta-feira,20:30:00,SC,101,"207,8",SAO JOSE,Demais falhas mecânicas ou elétricas,Colisão lateral mesmo sentido,Com Vítimas Feridas,Plena Noite,Crescente,Céu Claro,Dupla,Reta;Declive,Sim,2,0,1,0,1,0,1,2,-27.60001226,-48.6226467,SPRF-SC,DEL01-SC,UOP01-DEL01-SC,2023
"504134,0",2023-02-09,quinta-feira,19:11:00,SC,282,"207,0",LAGES,Acessar a via sem observar a presença dos outros veículos,Atropelamento de Pedestre,Com Vítimas Feridas,Plena Noite,Decrescente,Nublado,Simples,Reta,Não,2,0,1,0,0,1,1,2,-27.773464,-50.202095,SPRF-SC,DEL05-SC,UOP01-DEL05-SC,2023
"504149,0",2023-02-09,quinta-feira,23:20:00,SC,280,"225,0",TRES BARRAS,Animais na Pista,Atropelamento de Animal,Sem Vítimas,Plena Noite,Crescente,Céu Claro,Simples,Reta,Não,1,0,0,0,1,0,0,1,-26.17875971,-50.31308811,SPRF-SC,DEL06-SC,UOP04-DEL06-SC,2023
"504162,0",2023-02-10,sexta-feira,04:30:00,SC,101,"114,0",ITAJAI,Ingestão de álcool pelo condutor,Saída de leito carroçável,Sem Vítimas,Plena Noite,Decrescente,Céu Claro,Múltipla,Reta,Sim,2,0,0,0,2,0,0,1,-26.86192886,-48.7286704,SPRF-SC,DEL04-SC,UOP04-DEL04-SC,2023
"504185,0",2023-01-29,domingo,07:46:00,SC,101,"133,6",BALNEARIO CAMBORIU,Acessar a via sem observar a presença dos outros veículos,Colisão transversal,Com Vítimas Fatais,Pleno dia,Crescente,Céu Claro,Múltipla,Reta,Sim,2,1,0,0,1,0,0,2,-27.00137,-48.639936,SPRF-SC,DEL04-SC,UOP03-DEL04-SC,2023
"504196,0",2023-02-10,sexta-feira,08:40:00,SC,280,"48,3",GUARAMIRIM,Acessar a via sem observar a presença dos outros veículos,Colisão transversal,Com Vítimas Feridas,Pleno dia,Crescente,Céu Claro,Simples,Reta,Sim,2,0,0,1,1,0,1,2,-26.45506795,-48.92766502,SPRF-SC,DEL03-SC,UOP03-DEL03-SC,2023
"504198,0",2023-01-29,domingo,22:00:00,SC,101,"334,9",TUBARAO,Condutor deixou de manter distância do veículo da frente,Colisão traseira,Sem Vítimas,Plena Noite,Crescente,Céu Claro,Múltipla,Reta,Não,2,0,0,0,2,0,0,2,-28.46730446,-49.00604302,SPRF-SC,DEL02-SC,UOP01-DEL02-SC,2023
"504201,0",2023-01-21,sábado,17:20:00,SC,282,"537,7",CHAPECO,Ausência de reação do condutor,Saída de leito carroçável,Com Vítimas Feridas,Pleno dia,Decrescente,Céu Claro,Simples,Declive;Curva,Não,1,0,0,1,0,0,1,1,-27.00052272,-52.67051697,SPRF-SC,DEL07-SC,UOP01-DEL07-SC,2023
"504202,0",2023-02-10,sexta-feira,08:40:00,SC,282,"202,8",LAGES,Ausência de reação do condutor,Saída de leito carroçável,Com Vítimas Feridas,Pleno dia,Crescente,Nublado,Simples,Reta,Não,4,0,2,0,2,0,2,1,-27.76224129,-50.15035629,SPRF-SC,DEL05-SC,UOP01-DEL05-SC,2023
"504217,0",2023-02-10,sexta-feira,10:10:00,SC,280,"67,4",JARAGUA DO SUL,Área urbana sem a presença de local apropriado para a travessia de pedestres,Colisão transversal,Com Vítimas Feridas,Pleno dia,Crescente,Nublado,Simples,Reta,Sim,3,0,1,0,1,1,1,3,-26.4775146,-49.10363575,SPRF-SC,DEL03-SC,UOP03-DEL03-SC,2023
"504223,0",2023-01-17,terça-feira,23:37:00,SC,101,"185,0",BIGUACU,Ausência de reação do condutor,Tombamento,Com Vítimas Feridas,Plena Noite,Crescente,Céu Claro,Dupla,Interseção de Vias,Sim,1,0,1,0,0,0,1,1,-27.42061434,-48.62561703,SPRF-SC,DEL01-SC,UOP01-DEL01-SC,2023
"504230,0",2023-02-10,sexta-feira,12:10:00,SC,101,"114,0",ITAJAI,Reação tardia ou ineficiente do condutor,Colisão traseira,Com Vítimas Feridas,Pleno dia,Crescente,Nublado,Dupla,Reta,Sim,3,0,0,2,1,0,2,2,-26.86192886,-48.7286704,SPRF-SC,DEL04-SC,UOP04-DEL04-SC,2023
"504239,0",2023-02-07,terça-feira,23:30:00,SC,470,"66,5",INDAIAL,Ingestão de álcool pelo condutor,Saída de leito carroçável,Sem Vítimas,Plena Noite,Decrescente,Garoa/Chuvisco,Simples,Rotatória,Sim,1,0,0,0,1,0,0,1,-26.870407,-49.221844,SPRF-SC,DEL04-SC,UOP01-DEL04-SC,2023
"504255,0",2023-02-10,sexta-feira,13:45:00,SC,470,"59,5",BLUMENAU,Ultrapassagem Indevida,Colisão traseira,Com Vítimas Feridas,Pleno dia,Decrescente,Nublado,Simples,Reta;Declive,Não,2,0,1,0,1,0,1,2,-26.88221874,-49.16021439,SPRF-SC,DEL04-SC,UOP01-DEL04-SC,2023
"504258,0",2023-02-10,sexta-feira,13:40:00,SC,470,"65,5",INDAIAL,Acessar a via sem observar a presença dos outros veículos,Colisão transversal,Com Vítimas Feridas,Pleno dia,Decrescente,Céu Claro,Simples,Reta,Não,2,0,1,0,1,0,1,2,-26.870411,-49.211864,SPRF-SC,DEL04-SC,UOP01-DEL04-SC,2023
"504294,0",2023-02-10,sexta-feira,17:50:00,SC,101,"219,9",PALHOCA,Ausência de reação do condutor,Colisão traseira,Com Vítimas Feridas,Pleno dia,Crescente,Nublado,Dupla,Reta,Não,2,0,1,0,1,0,1,2,-27.68392194,-48.66710085,SPRF-SC,DEL01-SC,UOP02-DEL01-SC,2023
"504329,0",2023-02-10,sexta-feira,19:10:00,SC,280,"75,0",JARAGUA DO SUL,Desrespeitar a preferência no cruzamento,Colisão traseira,Com Vítimas Feridas,Plena Noite,Crescente,Chuva,Simples,Rotatória,Sim,2,0,1,0,1,0,1,2,-26.458391,-49.170483,SPRF-SC,DEL03-SC,UOP03-DEL03-SC,2023
"504331,0",2023-02-10,sexta-feira,17:50:00,SC,101,"113,0",ITAJAI,Ingestão de álcool pelo condutor,Colisão traseira,Com Vítimas Feridas,Pleno dia,Decrescente,Chuva,Dupla,Reta,Sim,2,0,0,1,1,0,1,2,-26.85311393,-48.72689927,SPRF-SC,DEL04-SC,UOP04-DEL04-SC,2023
"504357,0",2023-02-11,sábado,00:00:00,SC,470,"68,3",INDAIAL,Demais falhas na via,Eventos atípicos,Com Vítimas Feridas,Plena Noite,Decrescente,Nublado,Simples,Em Obras;Reta,Sim,1,0,1,0,0,0,1,1,-26.877615,-49.239231,SPRF-SC,DEL04-SC,UOP01-DEL04-SC,2023
"504363,0",2023-02-11,sábado,00:30:00,SC,101,"215,0",PALHOCA,Animais na Pista,Atropelamento de Animal,Com Vítimas Feridas,Plena Noite,Crescente,Nublado,Múltipla,Reta;Viaduto,Sim,2,0,1,0,1,0,1,1,-27.65184843,-48.67604941,SPRF-SC,DEL01-SC,UOP02-DEL01-SC,2023
"504375,0",2023-02-11,sábado,02:50:00,SC,101,"193,0",BIGUACU,Ingestão de álcool pelo condutor,Saída de leito carroçável,Sem Vítimas,Plena Noite,Decrescente,Nublado,Múltipla,Reta,Não,1,0,0,0,1,0,0,1,-27.489574,-48.655914,SPRF-SC,DEL01-SC,UOP01-DEL01-SC,2023
"504387,0",2023-02-11,sábado,04:50:00,SC,101,"423,0",ARARANGUA,Ingestão de álcool pelo condutor,Saída de leito carroçável,Sem Vítimas,Plena Noite,Crescente,Céu Claro,Simples,Reta,Sim,1,0,0,0,1,0,0,1,-29.01106757,-49.57413825,SPRF-SC,DEL02-SC,UOP02-DEL02-SC,2023
"504391,0",2023-02-11,sábado,05:00:00,SC,101,"308,0",LAGUNA,Reação tardia ou ineficiente do condutor,Colisão traseira,Com Vítimas Feridas,Amanhecer,Decrescente,Sol,Múltipla,Reta,Não,2,0,0,1,0,1,1,2,-28.399616,-48.7854,SPRF-SC,DEL02-SC,UOP01-DEL02-SC,2023
"504396,0",2023-02-11,sábado,06:58:00,SC,470,"56,3",BLUMENAU,Ingestão de álcool pelo condutor,Saída de leito carroçável,Com Vítimas Feridas,Amanhecer,Crescente,Céu Claro,Simples,Reta,Não,2,0,2,0,0,0,2,1,-26.87674,-49.127743,SPRF-SC,DEL04-SC,UOP01-DEL04-SC,2023
"504402,0",2023-02-11,sábado,06:15:00,SC,116,"235,0",CORREIA PINTO,Ingestão de álcool pelo condutor,Saída de leito carroçável,Sem Vítimas,Pleno dia,Crescente,Nublado,Simples,Curva,Não,3,0,0,0,3,0,0,1,-27.711685,-50.33625903,SPRF-SC,DEL05-SC,UOP01-DEL05-SC,2023
"504414,0",2023-02-11,sábado,08:30:00,SC,101,"40,0",JOINVILLE,Velocidade Incompatível,Colisão traseira,Com Vítimas Feridas,Pleno dia,Crescente,Céu Claro,Múltipla,Reta,Sim,2,0,2,0,0,0,2,2,-26.30630348,-48.88070583,SPRF-SC,DEL03-SC,UOP01-DEL03-SC,2023
"504424,0",2023-02-11,sábado,09:20:00,SC,101,"228,0",PALHOCA,Manobra de mudança de faixa,Colisão lateral mesmo sentido,Com Vítimas Feridas,Pleno dia,Crescente,Sol,Dupla,Reta,Sim,3,0,0,2,1,0,2,2,-27.7597249,-48.63078869,SPRF-SC,DEL01-SC,UOP02-DEL01-SC,2023
"504431,0",2023-02-11,sábado,09:50:00,SC,101,"134,0",BALNEARIO CAMBORIU,Condutor deixou de manter distância do veículo da frente,Colisão traseira,Com Vítimas Feridas,Pleno dia,Crescente,Céu Claro,Dupla,Reta,Sim,2,0,1,0,1,0,1,2,-27.00218,-48.636433,SPRF-SC,DEL04-SC,UOP03-DEL04-SC,2023
"504453,0",2023-02-11,sábado,13:00:00,SC,101,"125,0",ITAJAI,Ausência de reação do condutor,Colisão lateral mesmo sentido,Com Vítimas Feridas,Pleno dia,Decrescente,Céu Claro,Dupla,Reta,Não,3,0,2,0,1,0,2,2,-26.94802427,-48.68338515,SPRF-SC,DEL04-SC,UOP04-DEL04-SC,2023
"504454,0",2023-02-11,sábado,13:00:00,SC,101,"199,0",BIGUACU,Condutor deixou de manter distância do veículo da frente,Colisão traseira,Com Vítimas Feridas,Pleno dia,Decrescente,Céu Claro,Dupla,Reta,Sim,2,0,2,0,0,0,2,1,-27.53413705,-48.63003205,SPRF-SC,DEL01-SC,UOP01-DEL01-SC,2023
"504458,0",2023-02-11,sábado,13:25:00,SC,101,"221,5",PALHOCA,Ausência de reação do condutor,Queda de ocupante de veículo,Com Vítimas Feridas,Pleno dia,Crescente,Céu Claro,Múltipla,Reta,Não,2,0,2,0,0,0,2,1,-27.70012652,-48.66021182,SPRF-SC,DEL01-SC,UOP02-DEL01-SC,2023
"504465,0",2023-02-07,terça-feira,21:33:00,SC,282,"535,0",CHAPECO,Ausência de reação do condutor,Tombamento,Com Vítimas Feridas,Plena Noite,Decrescente,Céu Claro,Dupla,Reta;Rotatória,Sim,2,0,1,0,0,1,1,2,-26.998245,-52.643768,SPRF-SC,DEL07-SC,UOP01-DEL07-SC,2023
"504472,0",2023-02-11,sábado,12:50:00,SC,116,"211,7",CORREIA PINTO,Ingestão de álcool pelo condutor,Colisão lateral mesmo sentido,Com Vítimas Feridas,Pleno dia,Crescente,Céu Claro,Simples,Reta,Não,3,0,2,0,1,0,2,2,-27.51040007,-50.36397936,SPRF-SC,DEL05-SC,UOP03-DEL05-SC,2023
"504473,0",2023-02-11,sábado,14:35:00,SC,101,"144,0",ITAPEMA,Manobra de mudança de faixa,Tombamento,Com Vítimas Feridas,Pleno dia,Crescente,Sol,Dupla,Reta,Não,2,0,1,0,1,0,1,2,-27.0732659,-48.59672716,SPRF-SC,DEL04-SC,UOP03-DEL04-SC,2023
"504474,0",2023-02-11,sábado,15:10:00,SC,101,"193,9",BIGUACU,Desrespeitar a preferência no cruzamento,Colisão transversal,Com Vítimas Feridas,Pleno dia,Crescente,Céu Claro,Múltipla,Reta,Sim,2,0,1,0,1,0,1,2,-27.489574,-48.655914,SPRF-SC,DEL01-SC,UOP01-DEL01-SC,2023
"504479,0",2023-02-11,sábado,14:45:00,SC,282,"6,0",SAO JOSE,Velocidade Incompatível,Colisão com objeto,Com Vítimas Feridas,Pleno dia,Crescente,Sol,Dupla,Declive;Curva,Sim,1,0,1,0,0,0,1,1,-27.58528498,-48.61776352,SPRF-SC,DEL01-SC,UOP01-DEL01-SC,2023
"504486,0",2023-02-11,sábado,16:00:00,SC,282,"4,7",FLORIANOPOLIS,Manobra de mudança de faixa,Colisão lateral mesmo sentido,Com Vítimas Feridas,Pleno dia,Decrescente,Céu Claro,Dupla,Reta,Não,2,0,0,1,1,0,1,2,-27.59004899,-48.60919118,SPRF-SC,DEL01-SC,UOP01-DEL01-SC,2023
"504507,0",2023-02-11,sábado,16:50:00,SC,101,"111,5",NAVEGANTES,Ingestão de álcool pelo condutor,Queda de ocupante de veículo,Com Vítimas Feridas,Pleno dia,Crescente,Céu Claro,Dupla,Ponte,Não,1,0,1,0,0,0,1,1,-26.8440986,-48.71917248,SPRF-SC,DEL04-SC,UOP04-DEL04-SC,2023
"504520,0",2023-02-11,sábado,17:30:00,SC,116,"9,1",MAFRA,Reação tardia ou ineficiente do condutor,Colisão traseira,Com Vítimas Feridas,Pleno dia,Decrescente,Sol,Simples,Reta,Não,3,0,1,0,2,0,1,3,-26.16297778,-49.84696715,SPRF-SC,DEL06-SC,UOP01-DEL06-SC,2023
"504542,0",2023-02-11,sábado,18:20:00,SC,470,"174,0",POUSO REDONDO,Desrespeitar a preferência no cruzamento,Colisão transversal,Com Vítimas Feridas,Anoitecer,Decrescente,Nublado,Simples,Interseção de Vias,Sim,2,0,1,0,1,0,1,2,-27.258179,-49.929146,SPRF-SC,DEL04-SC,UOP02-DEL04-SC,2023
"504544,0",2023-02-11,sábado,21:15:00,SC,101,"214,8",PALHOCA,Ingestão de álcool pelo condutor,Colisão com objeto,Sem Vítimas,Plena Noite,Crescente,Céu Claro,Dupla,Reta,Não,1,0,0,0,1,0,0,1,-27.64443,-48.67057,SPRF-SC,DEL01-SC,UOP02-DEL01-SC,2023
"504549,0",2023-02-11,sábado,21:10:00,SC,101,"416,9",ARARANGUA,Desrespeitar a preferência no cruzamento,Colisão transversal,Com Vítimas Feridas,Plena Noite,Decrescente,Céu Claro,Simples,Reta;Interseção de Vias,Sim,3,0,0,1,2,0,1,2,-28.96708874,-49.52338825,SPRF-SC,DEL02-SC,UOP02-DEL02-SC,2023
"504554,0",2023-02-11,sábado,22:00:00,SC,282,"16,0",PALHOCA,Ingestão de álcool pelo condutor,Queda de ocupante de veículo,Com Vítimas Feridas,Plena Noite,Crescente,Céu Claro,Simples,Reta,Não,3,0,2,0,1,0,2,2,-27.658611,-48.681847,SPRF-SC,DEL01-SC,UOP02-DEL01-SC,2023
"504562,0",2023-02-11,sábado,22:30:00,SC,101,"188,1",BIGUACU,Condutor deixou de manter distância do veículo da frente,Colisão traseira,Sem Vítimas,Plena Noite,Decrescente,Céu Claro,Simples,Reta,Sim,2,0,0,0,2,0,0,2,-27.45123421,-48.63370766,SPRF-SC,DEL01-SC,UOP01-DEL01-SC,2023
"504574,0",2023-02-11,sábado,23:00:00,SC,282,"19,0",PALHOCA,Reação tardia ou ineficiente do condutor,Tombamento,Com Vítimas Feridas,Plena Noite,Crescente,Céu Claro,Simples,Interseção de Vias,Sim,2,0,1,1,0,0,2,1,-27.67934771,-48.7031436,SPRF-SC,DEL01-SC,UOP02-DEL01-SC,2023
"504604,0",2023-02-12,domingo,00:50:00,SC,282,"581,7",PINHALZINHO,Reação tardia ou ineficiente do condutor,Saída de leito carroçável,Com Vítimas Feridas,Plena Noite,Decrescente,Nublado,Simples,Rotatória,Não,4,0,1,2,0,1,3,1,-26.82652179,-53.00485969,SPRF-SC,DEL07-SC,UOP02-DEL07-SC,2023
"504610,0",2023-02-12,domingo,02:40:00,SC,101,"194,0",BIGUACU,Ingestão de álcool pelo condutor,Saída de leito carroçável,Com Vítimas Feridas,Pleno dia,Crescente,Nevoeiro/Neblina,Múltipla,Reta,Sim,1,0,1,0,0,0,1,1,-27.49815117,-48.65661236,SPRF-SC,DEL01-SC,UOP01-DEL01-SC,2023
"504612,0",2023-02-12,domingo,03:40:00,SC,101,"305,0",LAGUNA,Ingestão de álcool pelo condutor,Saída de leito carroçável,Sem Vítimas,Plena Noite,Crescente,Céu Claro,Múltipla,Reta,Não,1,0,0,0,0,1,0,1,-28.37674574,-48.76400229,SPRF-SC,DEL02-SC,UOP03-DEL02-SC,2023
"504628,0",2023-02-12,domingo,06:50:00,SC,101,"232,0",PALHOCA,Ausência de reação do condutor,Colisão traseira,Com Vítimas Feridas,Pleno dia,Decrescente,Céu Claro,Dupla,Reta,Não,1,0,0,1,0,0,1,1,-27.795666,-48.638153,SPRF-SC,DEL01-SC,UOP02-DEL01-SC,2023
"504631,0",2023-02-12,domingo,04:20:00,SC,470,"110,0",APIUNA,Condutor Dormindo,Saída de leito carroçável,Com Vítimas Feridas,Plena Noite,Crescente,Céu Claro,Simples,Reta,Não,2,0,2,0,0,0,2,1,-27.086622,-49.458096,SPRF-SC,DEL04-SC,UOP02-DEL04-SC,2023
"504647,0",2023-02-12,domingo,07:45:00,SC,101,"149,0",ITAPEMA,Ausência de reação do condutor,Colisão traseira,Com Vítimas Feridas,Pleno dia,Crescente,Céu Claro,Dupla,Reta,Sim,2,0,1,0,1,0,1,2,-27.1089649,-48.61277586,SPRF-SC,DEL04-SC,UOP03-DEL04-SC,2023
"504653,0",2023-02-12,domingo,07:10:00,SC,280,"31,9",ARAQUARI,Velocidade Incompatível,Capotamento,Sem Vítimas,Pleno dia,Decrescente,Céu Claro,Simples,Curva,Não,1,0,0,0,0,1,0,1,-26.41649938,-48.77181215,SPRF-SC,DEL03-SC,UOP03-DEL03-SC,2023
"504661,0",2023-02-12,domingo,08:15:00,SC,470,"323,9",CAMPOS NOVOS,Desrespeitar a preferência no cruzamento,Colisão transversal,Com Vítimas Feridas,Pleno dia,Crescente,Céu Claro,Simples,Interseção de Vias,Não,3,0,0,2,1,0,2,2,-27.438557,-51.244228,SPRF-SC,DEL07-SC,UOP06-DEL07-SC,2023
"504687,0",2023-02-12,domingo,10:00:00,SC,470,"161,0",TROMBUDO CENTRAL,Velocidade Incompatível,Saída de leito carroçável,Sem Vítimas,Pleno dia,Crescente,Sol,Simples,Reta,Sim,1,0,0,0,0,1,0,1,-27.285444,-49.807579,SPRF-SC,DEL04-SC,UOP02-DEL04-SC,2023
"504696,0",2023-02-12,domingo,13:15:00,SC,282,"130,0",BOM RETIRO,Condutor deixou de manter distância do veículo da frente,Colisão traseira,Com Vítimas Feridas,Pleno dia,Crescente,Céu Claro,Simples,Reta,Não,5,0,1,0,4,0,1,2,-27.803255,-49.505241,SPRF-SC,DEL05-SC,UOP01-DEL05-SC,2023
"504703,0",2023-02-12,domingo,15:00:00,SC,101,"132,0",BALNEARIO CAMBORIU,Reação tardia ou ineficiente do condutor,Colisão lateral mesmo sentido,Com Vítimas Feridas,Pleno dia,Decrescente,Céu Claro,Dupla,Reta,Não,2,0,1,0,1,0,1,2,-26.99654133,-48.65564711,SPRF-SC,DEL04-SC,UOP03-DEL04-SC,2023
"504714,0",2023-02-12,domingo,16:00:00,SC,470,"68,1",INDAIAL,Ausência de reação do condutor,Colisão transversal,Com Vítimas Feridas,Pleno dia,Decrescente,Sol,Simples,Interseção de Vias,Não,2,0,0,1,1,0,1,2,-26.877615,-49.239231,SPRF-SC,DEL04-SC,UOP01-DEL04-SC,2023
"504737,0",2023-02-12,domingo,18:26:00,SC,101,"316,0",PESCARIA BRAVA,Manobra de mudança de faixa,Colisão traseira,Com Vítimas Feridas,Anoitecer,Crescente,Céu Claro,Dupla,Aclive;Curva,Sim,3,0,1,0,2,0,1,3,-28.426708,-48.863875,SPRF-SC,DEL02-SC,UOP01-DEL02-SC,2023
"504741,0",2023-02-12,domingo,18:40:00,SC,282,"15,6",PALHOCA,Acessar a via sem observar a presença dos outros veículos,Colisão lateral mesmo sentido,Com Vítimas Feridas,Anoitecer,Decrescente,Céu Claro,Simples,Reta,Sim,4,0,2,0,2,0,2,2,-27.65915435,-48.68194342,SPRF-SC,DEL01-SC,UOP02-DEL01-SC,2023
"504743,0",2023-02-12,domingo,17:50:00,SC,101,"104,9",PENHA,Manobra de mudança de faixa,Colisão traseira,Sem Vítimas,Pleno dia,Crescente,Céu Claro,Dupla,Reta,Não,2,0,0,0,2,0,0,2,-26.80044834,-48.67901444,SPRF-SC,DEL03-SC,UOP02-DEL03-SC,2023
"504766,0",2023-02-12,domingo,18:20:00,SC,101,"153,0",ITAPEMA,Ausência de reação do condutor,Colisão lateral mesmo sentido,Com Vítimas Feridas,Plena Noite,Crescente,Nublado,Dupla,Reta,Não,2,0,1,0,1,0,1,2,-27.144717,-48.61063935,SPRF-SC,DEL04-SC,UOP03-DEL04-SC,2023
"504767,0",2023-02-12,domingo,16:25:00,SC,116,"137,2",SANTA CECILIA,Reação tardia ou ineficiente do condutor,Colisão com objeto,Com Vítimas Feridas,Pleno dia,Decrescente,Céu Claro,Simples,Curva,Não,3,0,1,0,2,0,1,1,-26.946361,-50.42928293,SPRF-SC,DEL06-SC,UOP02-DEL06-SC,2023
"504771,0",2023-02-12,domingo,22:15:00,SC,280,"58,5",GUARAMIRIM,Reação tardia ou ineficiente do condutor,Colisão transversal,Com Vítimas Feridas,Plena Noite,Decrescente,Nublado,Dupla,Reta,Sim,2,0,1,0,1,0,1,2,-26.47469789,-49.02808249,SPRF-SC,DEL03-SC,UOP03-DEL03-SC,2023
"504774,0",2023-02-12,domingo,20:00:00,SC,101,"112,0",ITAJAI,Ausência de reação do condutor,Engavetamento,Com Vítimas Feridas,Plena Noite,Crescente,Nublado,Dupla,Reta;Declive,Não,5,0,0,1,4,0,1,4,-26.84589005,-48.72131295,SPRF-SC,DEL04-SC,UOP04-DEL04-SC,2023
"504777,0",2023-02-12,domingo,21:05:00,SC,280,"124,0",RIO NEGRINHO,Ingestão de álcool pelo condutor,Colisão lateral sentido oposto,Com Vítimas Feridas,Plena Noite,Decrescente,Céu Claro,Simples,Curva;Declive,Não,4,0,4,0,0,0,4,2,-26.24130297,-49.47514499,SPRF-SC,DEL06-SC,UOP03-DEL06-SC,2023
"504782,0",2023-02-12,domingo,23:00:00,SC,280,"25,0",ARAQUARI,Condutor deixou de manter distância do veículo da frente,Colisão traseira,Com Vítimas Feridas,Plena Noite,Decrescente,Nublado,Simples,Reta,Sim,2,0,1,0,1,0,1,2,-26.38972308,-48.73411593,SPRF-SC,DEL03-SC,UOP03-DEL03-SC,2023
"504821,0",2023-02-12,domingo,19:30:00,SC,101,"15,0",GARUVA,Acessar a via sem observar a presença dos outros veículos,Colisão traseira,Com Vítimas Feridas,Plena Noite,Decrescente,Céu Claro,Múltipla,Retorno Regulamentado,Não,6,0,6,0,0,0,6,2,-26.1054368,-48.87150049,SPRF-SC,DEL03-SC,UOP01-DEL03-SC,2023
"504829,0",2023-02-12,domingo,17:55:00,SC,282,"373,0",ERVAL VELHO,Ultrapassagem Indevida,Colisão traseira,Com Vítimas Feridas,Pleno dia,Crescente,Céu Claro,Dupla,Aclive,Não,1,0,0,1,0,0,1,1,-27.243425,-51.44788,SPRF-SC,DEL07-SC,UOP05-DEL07-SC,2023
"504831,0",2023-02-13,segunda-feira,06:40:00,SC,101,"197,0",BIGUACU,Trafegar com motocicleta (ou similar) entre as faixas,Colisão traseira,Com Vítimas Feridas,Pleno dia,Crescente,Céu Claro,Múltipla,Reta,Não,2,0,1,0,1,0,1,2,-27.51844497,-48.63848496,SPRF-SC,DEL01-SC,UOP01-DEL01-SC,2023
"504846,0",2023-02-13,segunda-feira,07:30:00,SC,280,"25,6",ARAQUARI,Conversão proibida,Colisão transversal,Com Vítimas Feridas,Pleno dia,Crescente,Sol,Simples,Reta,Sim,2,0,0,1,1,0,1,2,-26.38352781,-48.72677516,SPRF-SC,DEL03-SC,UOP03-DEL03-SC,2023
"504866,0",2023-02-13,segunda-feira,09:00:00,SC,101,"210,0",SAO JOSE,Manobra de mudança de faixa,Colisão lateral mesmo sentido,Com Vítimas Feridas,Pleno dia,Decrescente,Céu Claro,Múltipla,Reta,Sim,3,0,1,1,1,0,2,2,-27.6167305,-48.6457265,SPRF-SC,DEL01-SC,UOP01-DEL01-SC,2023
"504870,0",2023-02-13,segunda-feira,06:15:00,SC,282,"578,0",PINHALZINHO,Acesso irregular,Colisão transversal,Com Vítimas Feridas,Amanhecer,Crescente,Céu Claro,Simples,Curva;Rotatória,Não,2,0,1,0,1,0,1,2,-26.83711706,-52.98689425,SPRF-SC,DEL07-SC,UOP02-DEL07-SC,2023
"504899,0",2023-02-13,segunda-feira,10:30:00,SC,101,"47,1",JOINVILLE,Avarias e/ou desgaste excessivo no pneu,Queda de ocupante de veículo,Com Vítimas Feridas,Pleno dia,Crescente,Céu Claro,Dupla,Reta,Sim,2,0,2,0,0,0,2,1,-26.34234997,-48.85840089,SPRF-SC,DEL03-SC,UOP01-DEL03-SC,2023
"504905,0",2023-02-13,segunda-feira,13:20:00,SC,101,"203,0",SAO JOSE,Condutor deixou de manter distância do veículo da frente,Colisão traseira,Com Vítimas Feridas,Pleno dia,Crescente,Céu Claro,Dupla,Reta,Sim,2,0,1,0,1,0,1,2,-27.5650044,-48.61460082,SPRF-SC,DEL01-SC,UOP01-DEL01-SC,2023
"504921,0",2023-02-13,segunda-feira,14:07:00,SC,101,"224,3",PALHOCA,Velocidade Incompatível,Colisão lateral mesmo sentido,Com Vítimas Feridas,Pleno dia,Crescente,Céu Claro,Dupla,Reta,Não,3,0,1,0,0,2,1,3,-27.72384789,-48.64386769,SPRF-SC,DEL01-SC,UOP02-DEL01-SC,2023
"504932,0",2023-02-13,segunda-feira,12:45:00,SC,101,"386,4",ICARA,Conversão proibida,Colisão transversal,Com Vítimas Feridas,Pleno dia,Crescente,Céu Claro,Múltipla,Declive,Sim,2,0,1,0,1,0,1,2,-28.78691809,-49.33856964,SPRF-SC,DEL02-SC,UOP02-DEL02-SC,2023
"504934,0",2023-02-13,segunda-feira,15:30:00,SC,470,"68,0",INDAIAL,Condutor deixou de manter distância do veículo da frente,Colisão traseira,Com Vítimas Feridas,Pleno dia,Decrescente,Céu Claro,Simples,Interseção de Vias;Reta,Sim,2,0,1,0,1,0,1,2,-26.877615,-49.239231,SPRF-SC,DEL04-SC,UOP01-DEL04-SC,2023
"504935,0",2023-02-13,segunda-feira,13:30:00,SC,101,"224,0",PALHOCA,Ausência de reação do condutor,Atropelamento de Pedestre,Com Vítimas Feridas,Pleno dia,Crescente,Céu Claro,Dupla,Reta,Não,3,0,0,2,0,1,2,2,-27.72384789,-48.64386769,SPRF-SC,DEL01-SC,UOP02-DEL01-SC,2023
"504938,0",2023-02-13,segunda-feira,15:50:00,SC,101,"206,8",SAO JOSE,Trafegar com motocicleta (ou similar) entre as faixas,Colisão lateral mesmo sentido,Com Vítimas Feridas,Pleno dia,Crescente,Céu Claro,Múltipla,Reta,Sim,3,0,2,0,1,0,2,3,-27.58313237,-48.61532885,SPRF-SC,DEL01-SC,UOP01-DEL01-SC,2023
"504941,0",2023-02-13,segunda-feira,15:00:00,SC,101,"207,8",SAO JOSE,Condutor deixou de manter distância do veículo da frente,Colisão traseira,Com Vítimas Feridas,Pleno dia,Decrescente,Sol,Múltipla,Declive,Sim,2,0,1,0,1,0,1,2,-27.60001226,-48.6226467,SPRF-SC,DEL01-SC,UOP01-DEL01-SC,2023