id,data_inversa,dia_semana,horario,uf,br,km,municipio,causa_acidente,tipo_acidente,classificacao_acidente,fase_dia,sentido_via,condicao_metereologica,tipo_pista,tracado_via,uso_solo,pessoas,mortos,feridos_leves,feridos_graves,ilesos,ignorados,feridos,veiculos,latitude,longitude,regional,delegacia,uop,ano_arquivo
"505886,0",2023-02-18,sábado,06:50:00,SC,282,"520,2",XAXIM,Ausência de reação do condutor,Saída de leito carroçável,Sem Vítimas,Pleno dia,Decrescente,Céu Claro,Simples,Curva;Declive,Não,1,0,0,0,1,0,0,1,-26.95099403,-52.52565622,SPRF-SC,DEL07-SC,UOP01-DEL07-SC,2023
"505893,0",2023-02-18,sábado,12:50:00,SC,101,"118,0",ITAJAI,Condutor deixou de manter distância do veículo da frente,Colisão traseira,Com Vítimas Feridas,Pleno dia,Crescente,Nublado,Dupla,Reta,Não,3,0,2,0,1,0,2,2,-26.895859,-48.71903,SPRF-SC,DEL04-SC,UOP04-DEL04-SC,2023
"505905,0",2023-02-18,sábado,14:20:00,SC,101,"205,2",SAO JOSE,Reação tardia ou ineficiente do condutor,Colisão traseira,Com Vítimas Feridas,Pleno dia,Decrescente,Nublado,Múltipla,Reta,Sim,2,0,1,0,1,0,1,2,-27.58313237,-48.61532885,SPRF-SC,DEL01-SC,UOP01-DEL01-SC,2023
"505927,0",2023-02-18,sábado,13:00:00,SC,116,"86,0",MONTE CASTELO,Demais falhas mecânicas ou elétricas,Colisão com objeto,Sem Vítimas,Pleno dia,Crescente,Céu Claro,Simples,Aclive,Não,1,0,0,0,1,0,0,1,-26.60977491,-50.22937022,SPRF-SC,DEL06-SC,UOP02-DEL06-SC,2023
"505935,0",2023-02-18,sábado,16:20:00,SC,153,"97,0",CONCORDIA,Acessar a via sem observar a presença dos outros veículos,Colisão transversal,Com Vítimas Feridas,Pleno dia,Crescente,Céu Claro,Simples,Curva,Sim,5,0,0,3,1,1,3,3,-27.21721634,-51.95093393,SPRF-SC,DEL07-SC,UOP04-DEL07-SC,2023
"505941,0",2023-02-18,sábado,13:55:00,SC,153,"100,0",CONCORDIA,Reação tardia ou ineficiente do condutor,Colisão traseira,Com Vítimas Feridas,Pleno dia,Crescente,Céu Claro,Simples,Reta,Sim,3,0,2,0,1,0,2,2,-27.242643,-51.95171,SPRF-SC,DEL07-SC,UOP04-DEL07-SC,2023
"505983,0",2023-02-18,sábado,20:55:00,SC,282,"18,6",PALHOCA,Ausência de reação do condutor,Saída de leito carroçável,Sem Vítimas,Plena Noite,Decrescente,Nublado,Simples,Reta,Sim,1,0,0,0,0,1,0,1,-27.672798,-48.694286,SPRF-SC,DEL01-SC,UOP02-DEL01-SC,2023
"505985,0",2023-02-18,sábado,16:00:00,SC,116,"65,1",PAPANDUVA,Manobra de mudança de faixa,Colisão lateral mesmo sentido,Com Vítimas Feridas,Pleno dia,Decrescente,Céu Claro,Simples,Reta,Não,5,0,1,0,4,0,1,2,-26.42445099,-50.2281171,SPRF-SC,DEL06-SC,UOP02-DEL06-SC,2023
"505992,0",2023-02-18,sábado,19:45:00,SC,282,"575,5",PINHALZINHO,Acessar a via sem observar a presença dos outros veículos,Colisão transversal,Com Vítimas Feridas,Plena Noite,Crescente,Nublado,Simples,Reta;Declive,Não,4,0,3,0,1,0,3,2,-26.863194,-52.974529,SPRF-SC,DEL07-SC,UOP02-DEL07-SC,2023
"506005,0",2023-02-18,sábado,22:15:00,SC,282,"381,7",HERVAL DOESTE,Transitar na contramão,Colisão frontal,Com Vítimas Fatais,Plena Noite,Decrescente,Céu Claro,Simples,Reta;Aclive,Não,4,1,0,2,0,1,2,3,-27.205601,-51.501476,SPRF-SC,DEL07-SC,UOP05-DEL07-SC,2023
"506021,0",2023-02-19,domingo,01:30:00,SC,101,"336,0",TUBARAO,Ingestão de álcool pelo condutor,Saída de leito carroçável,Sem Vítimas,Plena Noite,Decrescente,Céu Claro,Dupla,Curva;Declive,Não,1,0,0,0,1,0,0,1,-28.47311347,-49.02437375,SPRF-SC,DEL02-SC,UOP01-DEL02-SC,2023
"506022,0",2023-02-19,domingo,02:10:00,SC,282,"5,2",SAO JOSE,Acessar a via sem observar a presença dos outros veículos,Colisão lateral mesmo sentido,Sem Vítimas,Plena Noite,Decrescente,Céu Claro,Dupla,Curva,Sim,2,0,0,0,2,0,0,2,-27.588425,-48.612919,SPRF-SC,DEL01-SC,UOP01-DEL01-SC,2023
"506025,0",2023-02-19,domingo,03:30:00,SC,470,"68,0",INDAIAL,Ingestão de álcool ou de substâncias psicoativas pelo pedestre,Atropelamento de Pedestre,Com Vítimas Feridas,Plena Noite,Decrescente,Nublado,Simples,Reta,Sim,2,0,1,0,0,1,1,2,-26.88105269,-49.24402714,SPRF-SC,DEL04-SC,UOP01-DEL04-SC,2023
"506045,0",2023-02-19,domingo,06:50:00,SC,101,"344,0",TUBARAO,Demais falhas mecânicas ou elétricas,Tombamento,Com Vítimas Feridas,Amanhecer,Crescente,Céu Claro,Dupla,Reta,Não,1,0,1,0,0,0,1,1,-28.53647889,-49.0531826,SPRF-SC,DEL02-SC,UOP01-DEL02-SC,2023
"506047,0",2023-02-19,domingo,05:15:00,SC,163,"104,9",SAO JOSE DO CEDRO,Ausência de reação do condutor,Saída de leito carroçável,Com Vítimas Feridas,Pleno dia,Decrescente,Céu Claro,Simples,Curva,Não,6,0,6,0,0,0,6,1,-26.44813575,-53.51500511,SPRF-SC,DEL07-SC,UOP03-DEL07-SC,2023
"506052,0",2023-02-19,domingo,05:35:00,SC,116,"142,0",SANTA CECILIA,Ingestão de álcool pelo condutor,Saída de leito carroçável,Com Vítimas Feridas,Amanhecer,Decrescente,Céu Claro,Simples,Reta,Não,2,0,1,0,1,0,1,1,-26.97880161,-50.3961135,SPRF-SC,DEL06-SC,UOP02-DEL06-SC,2023
"506055,0",2023-02-19,domingo,06:00:00,SC,116,"161,2",PONTE ALTA DO NORTE,Ingestão de álcool pelo condutor,Saída de leito carroçável,Com Vítimas Feridas,Pleno dia,Crescente,Céu Claro,Simples,Reta,Não,1,0,1,0,0,0,1,1,-27.11697198,-50.45795411,SPRF-SC,DEL05-SC,UOP03-DEL05-SC,2023
"506057,0",2023-02-19,domingo,07:20:00,SC,101,"235,0",PALHOCA,Ingestão de álcool pelo condutor,Colisão lateral mesmo sentido,Com Vítimas Feridas,Pleno dia,Decrescente,Céu Claro,Dupla,Reta,Não,2,0,1,0,0,1,1,2,-27.8177775,-48.6315025,SPRF-SC,DEL01-SC,UOP02-DEL01-SC,2023
"506089,0",2023-02-19,domingo,09:35:00,SC,101,"263,5",GAROPABA,Reação tardia ou ineficiente do condutor,Saída de leito carroçável,Com Vítimas Feridas,Pleno dia,Crescente,Céu Claro,Múltipla,Reta,Não,3,0,2,0,1,0,2,1,-28.05892217,-48.71734321,SPRF-SC,DEL02-SC,UOP03-DEL02-SC,2023
"506119,0",2023-02-19,domingo,10:00:00,SC,101,"336,4",TUBARAO,Reação tardia ou ineficiente do condutor,Colisão lateral mesmo sentido,Com Vítimas Feridas,Pleno dia,Crescente,Céu Claro,Dupla,Curva,Não,4,0,2,0,2,0,2,2,-28.48464256,-49.03643489,SPRF-SC,DEL02-SC,UOP01-DEL02-SC,2023
"506127,0",2023-02-15,quarta-feira,19:00:00,SC,282,"6,0",SAO JOSE,Condutor deixou de manter distância do veículo da frente,Queda de ocupante de veículo,Com Vítimas Feridas,Plena Noite,Crescente,Garoa/Chuvisco,Dupla,Curva;Declive,Não,1,0,0,1,0,0,1,1,-27.591936,-48.618244,SPRF-SC,DEL01-SC,UOP01-DEL01-SC,2023
"506143,0",2023-02-19,domingo,14:00:00,SC,101,"82,3",BARRA VELHA,Avarias e/ou desgaste excessivo no pneu,Tombamento,Com Vítimas Feridas,Pleno dia,Decrescente,Garoa/Chuvisco,Dupla,Reta,Sim,2,0,2,0,0,0,2,1,-26.61085222,-48.72204472,SPRF-SC,DEL03-SC,UOP02-DEL03-SC,2023
"506172,0",2023-02-19,domingo,18:45:00,SC,101,"34,5",JOINVILLE,Avarias e/ou desgaste excessivo no pneu,Saída de leito carroçável,Com Vítimas Feridas,Anoitecer,Crescente,Chuva,Dupla,Curva,Não,5,0,1,0,4,0,1,1,-26.26596278,-48.89864021,SPRF-SC,DEL03-SC,UOP01-DEL03-SC,2023
"506176,0",2023-02-19,domingo,16:30:00,SC,101,"158,0",PORTO BELO,Manobra de mudança de faixa,Colisão lateral mesmo sentido,Com Vítimas Feridas,Pleno dia,Crescente,Nublado,Dupla,Reta,Sim,5,0,1,2,2,0,3,3,-27.19096301,-48.61259017,SPRF-SC,DEL04-SC,UOP03-DEL04-SC,2023
"506199,0",2023-02-19,domingo,20:20:00,SC,101,"206,3",SAO JOSE,Manobra de mudança de faixa,Colisão lateral mesmo sentido,Com Vítimas Feridas,Plena Noite,Decrescente,Garoa/Chuvisco,Dupla,Reta,Sim,3,0,0,1,2,0,1,1,-27.59193546,-48.61824557,SPRF-SC,DEL01-SC,UOP01-DEL01-SC,2023
"506200,0",2023-02-19,domingo,20:05:00,SC,470,"3,9",NAVEGANTES,Acessar a via sem observar a presença dos outros veículos,Colisão transversal,Com Vítimas Feridas,Plena Noite,Decrescente,Garoa/Chuvisco,Dupla,Em Obras;Rotatória,Sim,6,0,1,0,4,1,1,2,-26.85912103,-48.68957162,SPRF-SC,DEL04-SC,UOP04-DEL04-SC,2023
"506203,0",2023-02-19,domingo,19:20:00,SC,101,"380,5",ICARA,Transitar na contramão,Colisão frontal,Com Vítimas Feridas,Plena Noite,Crescente,Céu Claro,Simples,Reta,Sim,2,0,1,0,1,0,1,2,-28.75047313,-49.26872594,SPRF-SC,DEL02-SC,UOP02-DEL02-SC,2023
"506213,0",2023-02-19,domingo,21:30:00,SC,101,"195,0",BIGUACU,Ausência de reação do condutor,Colisão transversal,Com Vítimas Feridas,Plena Noite,Crescente,Nublado,Dupla,Reta,Sim,2,0,1,0,1,0,1,2,-27.5047092,-48.65010819,SPRF-SC,DEL01-SC,UOP01-DEL01-SC,2023
"506227,0",2023-02-19,domingo,20:05:00,SC,101,"295,5",LAGUNA,Iluminação deficiente,Colisão traseira,Com Vítimas Feridas,Plena Noite,Decrescente,Nublado,Simples,Reta,Não,2,0,1,0,1,0,1,2,-28.29854333,-48.71633767,SPRF-SC,DEL02-SC,UOP03-DEL02-SC,2023
"506228,0",2023-02-19,domingo,22:30:00,SC,101,"158,0",PORTO BELO,Ingestão de álcool pelo condutor,Colisão traseira,Com Vítimas Feridas,Plena Noite,Decrescente,Nublado,Dupla,Reta,Não,3,0,1,0,2,0,1,2,-27.19096301,-48.61259017,SPRF-SC,DEL04-SC,UOP03-DEL04-SC,2023
"506260,0",2023-02-20,segunda-feira,01:45:00,SC,101,"322,8",PESCARIA BRAVA,Condutor Dormindo,Saída de leito carroçável,Com Vítimas Feridas,Plena Noite,Crescente,Garoa/Chuvisco,Dupla,Reta;Declive,Não,5,0,1,0,4,0,1,1,-28.42491971,-48.90238108,SPRF-SC,DEL02-SC,UOP01-DEL02-SC,2023
"506287,0",2023-02-20,segunda-feira,08:00:00,SC,101,"155,0",PORTO BELO,Reação tardia ou ineficiente do condutor,Saída de leito carroçável,Com Vítimas Feridas,Amanhecer,Decrescente,Nublado,Dupla,Reta,Sim,1,0,1,0,0,0,1,1,-27.16292,-48.61129,SPRF-SC,DEL04-SC,UOP03-DEL04-SC,2023
"506288,0",2023-02-20,segunda-feira,08:00:00,SC,101,"235,0",PALHOCA,Ingestão de álcool pelo condutor,Colisão com objeto,Com Vítimas Feridas,Pleno dia,Decrescente,Chuva,Dupla,Reta,Não,1,0,1,0,0,0,1,1,-27.8177775,-48.6315025,SPRF-SC,DEL01-SC,UOP02-DEL01-SC,2023
"506326,0",2023-02-20,segunda-feira,12:30:00,SC,101,"229,8",PALHOCA,Acumulo de água sobre o pavimento,Colisão com objeto,Com Vítimas Feridas,Pleno dia,Crescente,Chuva,Dupla,Reta,Sim,1,0,1,0,0,0,1,1,-27.7688932,-48.63205379,SPRF-SC,DEL01-SC,UOP02-DEL01-SC,2023
"506327,0",2023-02-20,segunda-feira,11:20:00,SC,101,"325,0",CAPIVARI DE BAIXO,Condutor deixou de manter distância do veículo da frente,Colisão traseira,Com Vítimas Feridas,Pleno dia,Crescente,Chuva,Dupla,Aclive;Reta,Sim,3,0,1,0,2,0,1,2,-28.430056,-48.951837,SPRF-SC,DEL02-SC,UOP01-DEL02-SC,2023
"506331,0",2023-02-20,segunda-feira,13:45:00,SC,101,"462,3",PASSO DE TORRES,Avarias e/ou desgaste excessivo no pneu,Saída de leito carroçável,Com Vítimas Feridas,Pleno dia,Crescente,Chuva,Dupla,Reta,Não,5,0,1,1,3,0,2,1,-29.27577495,-49.75499332,SPRF-RS,DEL03-RS,UOP02-DEL03-RS,2023
"506342,0",2023-02-20,segunda-feira,15:00:00,SC,101,"356,0",SANGAO,Demais falhas mecânicas ou elétricas,Tombamento,Com Vítimas Feridas,Pleno dia,Decrescente,Chuva,Dupla,Reta,Não,2,0,1,1,0,0,2,1,-28.636242,-49.095808,SPRF-SC,DEL02-SC,UOP01-DEL02-SC,2023
"506348,0",2023-02-20,segunda-feira,16:20:00,SC,101,"206,0",SAO JOSE,Condutor deixou de manter distância do veículo da frente,Colisão traseira,Com Vítimas Feridas,Pleno dia,Crescente,Chuva,Dupla,Viaduto;Reta,Sim,3,0,1,0,2,0,1,2,-27.59193546,-48.61824557,SPRF-SC,DEL01-SC,UOP01-DEL01-SC,2023
"506351,0",2023-02-20,segunda-feira,15:22:00,SC,282,"53,5",AGUAS MORNAS,Reação tardia ou ineficiente do condutor,Capotamento,Com Vítimas Feridas,Pleno dia,Decrescente,Chuva,Simples,Curva;Declive,Não,2,0,1,0,1,0,1,1,-27.68565146,-48.97162735,SPRF-SC,DEL01-SC,UOP03-DEL01-SC,2023
"506355,0",2023-02-20,segunda-feira,17:10:00,SC,101,"201,0",SAO JOSE,Mal súbito do condutor,Tombamento,Com Vítimas Feridas,Pleno dia,Decrescente,Céu Claro,Múltipla,Reta,Não,1,0,1,0,0,0,1,1,-27.55105317,-48.61947477,SPRF-SC,DEL01-SC,UOP01-DEL01-SC,2023
"506359,0",2023-02-20,segunda-feira,17:30:00,SC,282,"6,0",SAO JOSE,Acumulo de óleo sobre o pavimento,Queda de ocupante de veículo,Com Vítimas Feridas,Anoitecer,Crescente,Garoa/Chuvisco,Dupla,Declive;Viaduto;Curva,Não,1,0,1,0,0,0,1,1,-27.591936,-48.618244,SPRF-SC,DEL01-SC,UOP01-DEL01-SC,2023
"506361,0",2023-02-20,segunda-feira,17:45:00,SC,101,"6,0",GARUVA,Pista Escorregadia,Queda de ocupante de veículo,Com Vítimas Feridas,Anoitecer,Decrescente,Céu Claro,Dupla,Curva;Declive,Sim,1,0,1,0,0,0,1,1,-26.02692002,-48.86142017,SPRF-SC,DEL03-SC,UOP01-DEL03-SC,2023
"506363,0",2023-02-20,segunda-feira,16:25:00,SC,101,"40,9",JOINVILLE,Chuva,Queda de ocupante de veículo,Com Vítimas Feridas,Pleno dia,Decrescente,Chuva,Dupla,Curva,Não,2,0,2,0,0,0,2,1,-26.27176094,-48.89468382,SPRF-SC,DEL03-SC,UOP01-DEL03-SC,2023
"506409,0",2023-02-20,segunda-feira,23:50:00,SC,282,"2,9",FLORIANOPOLIS,Demais falhas mecânicas ou elétricas,Saída de leito carroçável,Com Vítimas Feridas,Plena Noite,Crescente,Chuva,Dupla,Curva;Declive,Sim,3,0,1,0,2,0,1,1,-27.603289,-48.590416,SPRF-SC,DEL01-SC,UOP01-DEL01-SC,2023
"506425,0",2023-02-20,segunda-feira,09:45:00,SC,101,"410,8",ARARANGUA,Chuva,Tombamento,Com Vítimas Feridas,Pleno dia,Decrescente,Chuva,Múltipla,Reta,Não,2,0,1,0,1,0,1,1,-28.9225061,-49.4913107,SPRF-SC,DEL02-SC,UOP02-DEL02-SC,2023
"506444,0",2023-02-21,terça-feira,07:30:00,SC,101,"205,2",SAO JOSE,Pista Escorregadia,Saída de leito carroçável,Com Vítimas Feridas,Pleno dia,Decrescente,Garoa/Chuvisco,Dupla,Curva,Não,1,0,1,0,0,0,1,1,-27.58313237,-48.61532885,SPRF-SC,DEL01-SC,UOP01-DEL01-SC,2023
"506448,0",2023-02-21,terça-feira,06:45:00,SC,101,"233,0",PALHOCA,Ingestão de álcool pelo condutor,Capotamento,Com Vítimas Feridas,Amanhecer,Crescente,Chuva,Dupla,Curva,Não,1,0,1,0,0,0,1,1,-27.80376397,-48.63826211,SPRF-SC,DEL01-SC,UOP02-DEL01-SC,2023
"506463,0",2023-02-21,terça-feira,10:45:00,SC,280,"165,3",MAFRA,Pista Escorregadia,Queda de ocupante de veículo,Com Vítimas Feridas,Pleno dia,Decrescente,Garoa/Chuvisco,Simples,Interseção de Vias;Reta,Sim,1,0,1,0,0,0,1,1,-26.18505272,-49.8119696,SPRF-SC,DEL06-SC,UOP01-DEL06-SC,2023
"506504,0",2023-02-21,terça-feira,16:25:00,SC,101,"395,6",MARACAJA,Condutor deixou de manter distância do veículo da frente,Colisão traseira,Com Vítimas Feridas,Pleno dia,Crescente,Nublado,Dupla,Aclive,Sim,5,0,2,0,3,0,2,3,-28.82459572,-49.40472033,SPRF-SC,DEL02-SC,UOP02-DEL02-SC,2023
"506552,0",2023-02-21,terça-feira,20:50:00,SC,470,"126,0",LONTRAS,Velocidade Incompatível,Saída de leito carroçável,Com Vítimas Feridas,Plena Noite,Crescente,Chuva,Simples,Reta,Não,1,0,1,0,0,0,1,1,-27.129,-49.538277,SPRF-SC,DEL04-SC,UOP02-DEL04-SC,2023
"506596,0",2023-02-22,quarta-feira,08:45:00,SC,101,"209,8",SAO JOSE,Avarias e/ou desgaste excessivo no pneu,Tombamento,Com Vítimas Feridas,Pleno dia,Decrescente,Nublado,Múltipla,Reta,Sim,2,0,0,2,0,0,2,1,-27.61000542,-48.63895057,SPRF-SC,DEL01-SC,UOP01-DEL01-SC,2023
"506598,0",2023-02-22,quarta-feira,08:45:00,SC,280,"51,0",GUARAMIRIM,Demais falhas mecânicas ou elétricas,Queda de ocupante de veículo,Com Vítimas Feridas,Pleno dia,Crescente,Céu Claro,Simples,Reta,Sim,2,0,2,0,0,0,2,1,-26.46538871,-48.95544449,SPRF-SC,DEL03-SC,UOP03-DEL03-SC,2023
"506614,0",2023-02-22,quarta-feira,10:15:00,SC,101,"113,0",ITAJAI,Manobra de mudança de faixa,Colisão lateral mesmo sentido,Com Vítimas Feridas,Pleno dia,Decrescente,Sol,Dupla,Reta,Sim,2,0,0,1,1,0,1,2,-26.85311393,-48.72689927,SPRF-SC,DEL04-SC,UOP04-DEL04-SC,2023
"506625,0",2023-02-22,quarta-feira,12:00:00,SC,101,"336,4",TUBARAO,Mal súbito do condutor,Colisão com objeto,Com Vítimas Feridas,Pleno dia,Decrescente,Céu Claro,Dupla,Curva;Declive,Sim,1,0,1,0,0,0,1,1,-28.48487448,-49.03596282,SPRF-SC,DEL02-SC,UOP01-DEL02-SC,2023
"506635,0",2023-02-22,quarta-feira,13:00:00,SC,101,"150,0",ITAPEMA,Acessar a via sem observar a presença dos outros veículos,Colisão transversal,Com Vítimas Feridas,Pleno dia,Crescente,Céu Claro,Múltipla,Interseção de Vias,Não,2,0,1,0,1,0,1,2,-27.11744799,-48.60940987,SPRF-SC,DEL04-SC,UOP03-DEL04-SC,2023
"506638,0",2023-02-22,quarta-feira,13:20:00,SC,282,"3,5",FLORIANOPOLIS,Manobra de mudança de faixa,Colisão lateral mesmo sentido,Com Vítimas Feridas,Pleno dia,Decrescente,Sol,Múltipla,Reta,Sim,2,0,1,0,1,0,1,2,-27.600384,-48.599705,SPRF-SC,DEL01-SC,UOP01-DEL01-SC,2023
"506644,0",2023-02-22,quarta-feira,13:30:00,SC,101,"211,3",PALHOCA,Ausência de reação do condutor,Colisão traseira,Com Vítimas Feridas,Pleno dia,Decrescente,Céu Claro,Dupla,Reta,Sim,2,0,1,0,1,0,1,2,-27.62329313,-48.65245588,SPRF-SC,DEL01-SC,UOP02-DEL01-SC,2023
"506645,0",2023-02-22,quarta-feira,13:45:00,SC,101,"204,6",SAO JOSE,Condutor deixou de manter distância do veículo da frente,Engavetamento,Com Vítimas Feridas,Pleno dia,Crescente,Nublado,Dupla,Reta,Sim,3,0,1,0,2,0,1,3,-27.58313237,-48.61532885,SPRF-SC,DEL01-SC,UOP01-DEL01-SC,2023
"506708,0",2023-02-22,quarta-feira,21:00:00,SC,101,"151,0",ITAPEMA,Ingestão de álcool pelo condutor,Colisão traseira,Com Vítimas Feridas,Plena Noite,Decrescente,Céu Claro,Múltipla,Reta,Sim,3,0,1,0,2,0,1,2,-27.126536,-48.609642,SPRF-SC,DEL04-SC,UOP03-DEL04-SC,2023
"506723,0",2023-02-22,quarta-feira,21:45:00,SC,282,"3,5",FLORIANOPOLIS,Ingestão de álcool pelo condutor,Tombamento,Com Vítimas Feridas,Plena Noite,Decrescente,Nublado,Múltipla,Reta,Não,1,0,0,1,0,0,1,1,-27.600384,-48.599705,SPRF-SC,DEL01-SC,UOP01-DEL01-SC,2023
"506732,0",2023-02-22,quarta-feira,19:22:00,SC,163,"72,4",SAO MIGUEL DO OESTE,Reação tardia ou ineficiente do condutor,Colisão com objeto,Com Vítimas Feridas,Anoitecer,Crescente,Nublado,Dupla,Reta,Sim,1,0,1,0,0,0,1,1,-26.71908804,-53.5157791,SPRF-SC,DEL07-SC,UOP03-DEL07-SC,2023
"506760,0",2023-02-23,quinta-feira,07:45:00,SC,101,"201,0",SAO JOSE,Acessar a via sem observar a presença dos outros veículos,Colisão lateral mesmo sentido,Com Vítimas Feridas,Pleno dia,Crescente,Nublado,Múltipla,Reta,Sim,2,0,0,1,1,0,1,2,-27.54836599,-48.61977975,SPRF-SC,DEL01-SC,UOP01-DEL01-SC,2023
"506763,0",2023-02-23,quinta-feira,07:00:00,SC,470,"129,0",LONTRAS,Velocidade Incompatível,Saída de leito carroçável,Com Vítimas Feridas,Pleno dia,Crescente,Garoa/Chuvisco,Simples,Curva,Não,1,0,1,0,0,0,1,1,-27.188492,-49.61232,SPRF-SC,DEL04-SC,UOP02-DEL04-SC,2023
"506767,0",2023-02-23,quinta-feira,08:00:00,SC,101,"210,9",SAO JOSE,Reação tardia ou ineficiente do condutor,Engavetamento,Com Vítimas Feridas,Pleno dia,Decrescente,Nublado,Múltipla,Reta;Ponte,Sim,3,0,1,0,2,0,1,3,-27.6167305,-48.6457265,SPRF-SC,DEL01-SC,UOP01-DEL01-SC,2023
"506790,0",2023-02-23,quinta-feira,10:55:00,SC,101,"206,8",SAO JOSE,Acumulo de óleo sobre o pavimento,Tombamento,Com Vítimas Feridas,Pleno dia,Decrescente,Chuva,Dupla,Reta,Sim,1,0,1,0,0,0,1,1,-27.59193546,-48.61824557,SPRF-SC,DEL01-SC,UOP01-DEL01-SC,2023
"506801,0",2023-02-23,quinta-feira,11:30:00,SC,101,"257,0",PAULO LOPES,Velocidade Incompatível,Saída de leito carroçável,Com Vítimas Feridas,Pleno dia,Decrescente,Chuva,Simples,Declive;Curva,Não,5,0,5,0,0,0,5,1,-27.99877808,-48.68887424,SPRF-SC,DEL02-SC,UOP03-DEL02-SC,2023
"506812,0",2023-02-23,quinta-feira,13:10:00,SC,163,"72,0",SAO MIGUEL DO OESTE,Condutor deixou de manter distância do veículo da frente,Colisão traseira,Com Vítimas Feridas,Pleno dia,Crescente,Céu Claro,Dupla,Reta,Sim,2,0,1,0,1,0,1,2,-26.71908804,-53.5157791,SPRF-SC,DEL07-SC,UOP03-DEL07-SC,2023
"506840,0",2023-02-23,quinta-feira,16:20:00,SC,280,"22,3",ARAQUARI,Acessar a via sem observar a presença dos outros veículos,Colisão traseira,Com Vítimas Feridas,Pleno dia,Decrescente,Nublado,Simples,Reta,Sim,4,0,1,0,3,0,1,3,-26.37092616,-48.70204099,SPRF-SC,DEL03-SC,UOP03-DEL03-SC,2023
"506843,0",2023-02-23,quinta-feira,17:15:00,SC,101,"204,5",SAO JOSE,Trafegar com motocicleta (ou similar) entre as faixas,Colisão lateral mesmo sentido,Com Vítimas Feridas,Pleno dia,Crescente,Chuva,Múltipla,Reta,Sim,2,0,1,0,1,0,1,2,-27.57413014,-48.61363083,SPRF-SC,DEL01-SC,UOP01-DEL01-SC,2023
"506856,0",2023-02-23,quinta-feira,17:20:00,SC,101,"150,0",ITAPEMA,Retorno proibido,Colisão transversal,Com Vítimas Feridas,Anoitecer,Decrescente,Chuva,Simples,Reta,Não,2,0,0,1,1,0,1,2,-27.11744799,-48.60940987,SPRF-SC,DEL04-SC,UOP03-DEL04-SC,2023
"506880,0",2023-02-23,quinta-feira,17:35:00,SC,101,"366,1",SANGAO,Ausência de reação do condutor,Saída de leito carroçável,Com Vítimas Feridas,Pleno dia,Crescente,Garoa/Chuvisco,Dupla,Reta,Não,1,0,1,0,0,0,1,1,-28.68718511,-49.15621795,SPRF-SC,DEL02-SC,UOP01-DEL02-SC,2023
"506910,0",2023-02-24,sexta-feira,06:23:00,SC,101,"88,2",BARRA VELHA,Condutor Dormindo,Saída de leito carroçável,Com Vítimas Feridas,Amanhecer,Crescente,Nublado,Múltipla,Reta;Viaduto,Sim,1,0,1,0,0,0,1,1,-26.64253985,-48.68950684,SPRF-SC,DEL03-SC,UOP02-DEL03-SC,2023
"506917,0",2023-02-24,sexta-feira,07:30:00,SC,101,"201,0",SAO JOSE,Condutor deixou de manter distância do veículo da frente,Colisão traseira,Sem Vítimas,Pleno dia,Crescente,Sol,Múltipla,Reta,Não,1,0,0,0,1,0,0,1,-27.54836599,-48.61977975,SPRF-SC,DEL01-SC,UOP01-DEL01-SC,2023
"506927,0",2023-02-24,sexta-feira,04:20:00,SC,163,"99,0",SAO JOSE DO CEDRO,Ingestão de álcool pelo condutor,Colisão lateral sentido oposto,Sem Vítimas,Amanhecer,Crescente,Nublado,Simples,Curva,Não,3,0,0,0,3,0,0,2,-26.48766413,-53.50450695,SPRF-SC,DEL07-SC,UOP03-DEL07-SC,2023
"506938,0",2023-02-24,sexta-feira,10:30:00,SC,101,"111,0",ITAJAI,Ausência de reação do condutor,Colisão traseira,Com Vítimas Feridas,Pleno dia,Crescente,Céu Claro,Dupla,Reta,Não,2,0,0,1,0,1,1,2,-26.83955734,-48.71418074,SPRF-SC,DEL04-SC,UOP04-DEL04-SC,2023
"506986,0",2023-02-24,sexta-feira,15:30:00,SC,470,"66,7",INDAIAL,Trafegar com motocicleta (ou similar) entre as faixas,Colisão lateral sentido oposto,Com Vítimas Feridas,Pleno dia,Decrescente,Nublado,Simples,Ponte,Não,2,0,1,0,1,0,1,2,-26.870407,-49.221844,SPRF-SC,DEL04-SC,UOP01-DEL04-SC,2023
"506989,0",2023-02-24,sexta-feira,16:20:00,SC,101,"198,0",SAO JOSE,Manobra de mudança de faixa,Colisão lateral mesmo sentido,Com Vítimas Feridas,Pleno dia,Crescente,Céu Claro,Dupla,Reta,Sim,2,0,1,0,1,0,1,2,-27.52658712,-48.63506019,SPRF-SC,DEL01-SC,UOP01-DEL01-SC,2023
"507013,0",2023-02-24,sexta-feira,11:35:00,SC,282,"516,0",XAXIM,Velocidade Incompatível,Saída de leito carroçável,Com Vítimas Feridas,Pleno dia,Decrescente,Nublado,Simples,Declive;Curva,Não,1,0,1,0,0,0,1,1,-26.930862,-52.499157,SPRF-SC,DEL07-SC,UOP01-DEL07-SC,2023
"507017,0",2023-02-24,sexta-feira,18:30:00,SC,101,"144,0",ITAPEMA,Avarias e/ou desgaste excessivo no pneu,Tombamento,Com Vítimas Feridas,Anoitecer,Decrescente,Céu Claro,Dupla,Reta,Sim,2,0,2,0,0,0,2,1,-27.0732659,-48.59672716,SPRF-SC,DEL04-SC,UOP03-DEL04-SC,2023