id,data_inversa,dia_semana,horario,uf,br,km,municipio,causa_acidente,tipo_acidente,classificacao_acidente,fase_dia,sentido_via,condicao_metereologica,tipo_pista,tracado_via,uso_solo,pessoas,mortos,feridos_leves,feridos_graves,ilesos,ignorados,feridos,veiculos,latitude,longitude,regional,delegacia,uop,ano_arquivo
"509921,0",2023-03-11,sábado,19:30:00,SC,470,"16,0",ILHOTA,Velocidade Incompatível,Colisão frontal,Com Vítimas Fatais,Plena Noite,Decrescente,Nublado,Simples,Desvio Temporário;Em Obras,Não,2,1,0,0,1,0,0,2,-26.843019,-48.794434,SPRF-SC,DEL04-SC,UOP04-DEL04-SC,2023
"509928,0",2023-03-11,sábado,20:46:00,SC,101,"100,0",BALNEARIO PICARRAS,Avarias e/ou desgaste excessivo no pneu,Colisão com objeto,Com Vítimas Feridas,Plena Noite,Decrescente,Chuva,Dupla,Curva,Não,4,0,2,0,2,0,2,1,-26.752083,-48.691639,SPRF-SC,DEL03-SC,UOP02-DEL03-SC,2023
"509932,0",2023-03-11,sábado,21:10:00,SC,116,"5,7",MAFRA,Transitar na contramão,Colisão frontal,Com Vítimas Feridas,Plena Noite,Crescente,Nublado,Simples,Reta;Rotatória,Sim,3,0,0,1,2,0,1,2,-26.14559547,-49.82166767,SPRF-SC,DEL06-SC,UOP01-DEL06-SC,2023
"509933,0",2023-03-11,sábado,20:00:00,SC,101,"451,0",SAO JOAO DO SUL,Velocidade Incompatível,Colisão traseira,Com Vítimas Feridas,Plena Noite,Crescente,Céu Claro,Simples,Reta,Não,2,0,0,2,0,0,2,2,-29.19241544,-49.75389361,SPRF-SC,DEL02-SC,UOP02-DEL02-SC,2023
"509935,0",2023-03-11,sábado,19:10:00,SC,282,"468,2",PONTE SERRADA,Ausência de reação do condutor,Colisão traseira,Com Vítimas Feridas,Anoitecer,Decrescente,Nublado,Simples,Reta,Não,4,0,1,0,3,0,1,3,-26.853588,-52.105446,SPRF-SC,DEL07-SC,UOP04-DEL07-SC,2023
"509936,0",2023-03-11,sábado,21:00:00,SC,280,"128,2",RIO NEGRINHO,Condutor deixou de manter distância do veículo da frente,Colisão traseira,Com Vítimas Feridas,Plena Noite,Crescente,Chuva,Dupla,Retorno Regulamentado;Reta,Sim,2,0,1,0,1,0,1,2,-26.24317941,-49.51320018,SPRF-SC,DEL06-SC,UOP03-DEL06-SC,2023
"509941,0",2023-03-11,sábado,21:30:00,SC,470,"69,0",INDAIAL,Acesso irregular,Queda de ocupante de veículo,Com Vítimas Feridas,Plena Noite,Decrescente,Nublado,Simples,Em Obras,Não,1,0,1,0,0,0,1,1,-26.883745,-49.246704,SPRF-SC,DEL04-SC,UOP01-DEL04-SC,2023
"509948,0",2023-03-11,sábado,22:37:00,SC,101,"206,8",SAO JOSE,Manobra de mudança de faixa,Colisão lateral mesmo sentido,Com Vítimas Feridas,Plena Noite,Crescente,Garoa/Chuvisco,Múltipla,Reta,Sim,2,0,1,0,1,0,1,2,-27.59193546,-48.61824557,SPRF-SC,DEL01-SC,UOP01-DEL01-SC,2023
"509953,0",2023-03-11,sábado,23:04:00,SC,101,"419,0",ARARANGUA,Desrespeitar a preferência no cruzamento,Colisão lateral sentido oposto,Com Vítimas Feridas,Plena Noite,Decrescente,Céu Claro,Simples,Reta;Interseção de Vias,Não,2,0,0,1,0,1,1,2,-28.98712406,-49.54395294,SPRF-SC,DEL02-SC,UOP02-DEL02-SC,2023
"509964,0",2023-03-11,sábado,21:00:00,SC,280,"220,0",TRES BARRAS,Condutor Dormindo,Saída de leito carroçável,Sem Vítimas,Plena Noite,Decrescente,Nublado,Simples,Rotatória,Não,1,0,0,0,0,1,0,1,-26.17259776,-50.27159214,SPRF-SC,DEL06-SC,UOP04-DEL06-SC,2023
"509968,0",2023-03-11,sábado,23:18:00,SC,280,"5,9",SAO FRANCISCO DO SUL,Deficiência do Sistema de Iluminação/Sinalização,Colisão traseira,Com Vítimas Feridas,Plena Noite,Crescente,Nublado,Simples,Reta,Sim,3,0,2,0,1,0,2,2,-26.26011706,-48.62571995,SPRF-SC,DEL03-SC,UOP03-DEL03-SC,2023
"509975,0",2023-03-12,domingo,00:30:00,SC,101,"128,1",BALNEARIO CAMBORIU,Reação tardia ou ineficiente do condutor,Colisão com objeto,Com Vítimas Feridas,Plena Noite,Decrescente,Garoa/Chuvisco,Dupla,Curva,Não,1,0,1,0,0,0,1,1,-26.97284292,-48.68299451,SPRF-SC,DEL04-SC,UOP04-DEL04-SC,2023
"509978,0",2023-03-12,domingo,01:50:00,SC,282,"3,9",FLORIANOPOLIS,Velocidade Incompatível,Saída de leito carroçável,Sem Vítimas,Plena Noite,Decrescente,Nublado,Dupla,Curva,Sim,1,0,0,0,0,1,0,1,-27.600384,-48.599705,SPRF-SC,DEL01-SC,UOP01-DEL01-SC,2023
"509983,0",2023-03-12,domingo,02:00:00,SC,282,"64,4",RANCHO QUEIMADO,Reação tardia ou ineficiente do condutor,Colisão lateral sentido oposto,Sem Vítimas,Plena Noite,Decrescente,Garoa/Chuvisco,Simples,Interseção de Vias;Curva,Não,2,0,0,0,2,0,0,2,-27.696323,-49.052456,SPRF-SC,DEL01-SC,UOP03-DEL01-SC,2023
"509984,0",2023-03-12,domingo,03:00:00,SC,101,"131,0",BALNEARIO CAMBORIU,Reação tardia ou ineficiente do condutor,Tombamento,Com Vítimas Feridas,Plena Noite,Crescente,Nublado,Dupla,Curva,Não,1,0,1,0,0,0,1,1,-26.99064209,-48.66310912,SPRF-SC,DEL04-SC,UOP03-DEL04-SC,2023
"510002,0",2023-03-12,domingo,04:50:00,SC,470,"2,0",NAVEGANTES,Ingestão de álcool pelo condutor,Queda de ocupante de veículo,Com Vítimas Feridas,Amanhecer,Decrescente,Céu Claro,Múltipla,Em Obras;Reta,Sim,1,0,0,1,0,0,1,1,-26.86939637,-48.67439032,SPRF-SC,DEL04-SC,UOP04-DEL04-SC,2023
"510005,0",2023-03-12,domingo,05:00:00,SC,470,"2,0",NAVEGANTES,Ingestão de álcool pelo condutor,Queda de ocupante de veículo,Com Vítimas Feridas,Amanhecer,Decrescente,Nublado,Dupla,Reta,Sim,1,0,1,0,0,0,1,1,-26.868551,-48.674831,SPRF-SC,DEL04-SC,UOP04-DEL04-SC,2023
"510040,0",2023-03-12,domingo,08:25:00,SC,101,"43,0",JOINVILLE,Velocidade Incompatível,Colisão lateral mesmo sentido,Com Vítimas Feridas,Pleno dia,Decrescente,Céu Claro,Dupla,Curva,Sim,2,0,1,0,1,0,1,2,-26.30357106,-48.88225609,SPRF-SC,DEL03-SC,UOP01-DEL03-SC,2023
"510045,0",2023-03-12,domingo,10:20:00,SC,163,"79,1",SAO MIGUEL DO OESTE,Conversão proibida,Colisão traseira,Com Vítimas Feridas,Pleno dia,Crescente,Céu Claro,Simples,Aclive;Curva,Não,4,0,1,1,2,0,2,2,-26.65911819,-53.51816757,SPRF-SC,DEL07-SC,UOP03-DEL07-SC,2023
"510058,0",2023-03-12,domingo,17:00:00,SC,101,"221,0",PALHOCA,Ingestão de álcool pelo condutor,Colisão traseira,Sem Vítimas,Pleno dia,Crescente,Garoa/Chuvisco,Dupla,Reta,Não,2,0,0,0,1,1,0,2,-27.795666,-48.638153,SPRF-SC,DEL01-SC,UOP02-DEL01-SC,2023
"510114,0",2023-03-12,domingo,17:45:00,SC,101,"205,0",SAO JOSE,Acumulo de óleo sobre o pavimento,Colisão com objeto,Com Vítimas Feridas,Anoitecer,Crescente,Garoa/Chuvisco,Dupla,Curva,Não,3,0,2,0,1,0,2,1,-27.58313237,-48.61532885,SPRF-SC,DEL01-SC,UOP01-DEL01-SC,2023
"510125,0",2023-03-12,domingo,17:40:00,SC,101,"336,0",TUBARAO,Demais falhas mecânicas ou elétricas,Queda de ocupante de veículo,Com Vítimas Feridas,Anoitecer,Decrescente,Nublado,Dupla,Curva,Não,2,0,2,0,0,0,2,1,-28.47311347,-49.02437375,SPRF-SC,DEL02-SC,UOP01-DEL02-SC,2023
"510135,0",2023-03-12,domingo,18:40:00,SC,280,"146,5",MAFRA,Demais falhas mecânicas ou elétricas,Incêndio,Sem Vítimas,Anoitecer,Decrescente,Garoa/Chuvisco,Simples,Curva,Não,2,0,0,0,2,0,0,1,-26.25518456,-49.6620649,SPRF-SC,DEL06-SC,UOP03-DEL06-SC,2023
"510137,0",2023-03-12,domingo,17:30:00,SC,280,"43,0",GUARAMIRIM,Acessar a via sem observar a presença dos outros veículos,Colisão transversal,Com Vítimas Feridas,Pleno dia,Crescente,Garoa/Chuvisco,Simples,Reta,Não,2,0,1,0,1,0,1,2,-26.45118786,-48.87789901,SPRF-SC,DEL03-SC,UOP03-DEL03-SC,2023
"510152,0",2023-03-12,domingo,20:50:00,SC,101,"227,0",PALHOCA,Demais falhas mecânicas ou elétricas,Colisão lateral mesmo sentido,Com Vítimas Feridas,Plena Noite,Crescente,Garoa/Chuvisco,Simples,Reta,Não,3,0,1,0,2,0,1,2,-27.75882346,-48.63098145,SPRF-SC,DEL01-SC,UOP02-DEL01-SC,2023
"510156,0",2023-03-12,domingo,19:45:00,SC,101,"122,0",ITAJAI,Ingestão de álcool pelo condutor,Colisão lateral mesmo sentido,Sem Vítimas,Plena Noite,Decrescente,Garoa/Chuvisco,Dupla,Reta,Não,5,0,0,0,5,0,0,2,-26.93150945,-48.70348692,SPRF-SC,DEL04-SC,UOP04-DEL04-SC,2023
"510160,0",2023-03-12,domingo,15:10:00,SC,282,"558,0",NOVA ITABERABA,Condutor Dormindo,Saída de leito carroçável,Com Vítimas Feridas,Pleno dia,Decrescente,Nublado,Simples,Curva,Não,1,0,0,1,0,0,1,1,-26.93273,-52.838913,SPRF-SC,DEL07-SC,UOP01-DEL07-SC,2023
"510165,0",2023-03-12,domingo,18:55:00,SC,163,"116,7",GUARUJA DO SUL,Ingestão de álcool pelo condutor,Colisão traseira,Com Vítimas Feridas,Anoitecer,Decrescente,Céu Claro,Simples,Aclive;Reta,Não,5,0,0,1,4,0,1,2,-26.35946595,-53.53565788,SPRF-SC,DEL07-SC,UOP03-DEL07-SC,2023
"510174,0",2023-03-12,domingo,21:50:00,SC,282,"32,0",AGUAS MORNAS,Ausência de reação do condutor,Colisão traseira,Sem Vítimas,Plena Noite,Decrescente,Chuva,Simples,Reta,Não,2,0,0,0,2,0,0,2,-27.70116,-48.800175,SPRF-SC,DEL01-SC,UOP03-DEL01-SC,2023
"510190,0",2023-03-12,domingo,23:20:00,SC,470,"66,5",INDAIAL,Ausência de reação do condutor,Saída de leito carroçável,Com Vítimas Feridas,Plena Noite,Decrescente,Chuva,Simples,Reta;Interseção de Vias,Não,2,0,1,0,0,1,1,1,-26.870407,-49.221844,SPRF-SC,DEL04-SC,UOP01-DEL04-SC,2023
"510196,0",2023-03-13,segunda-feira,00:20:00,SC,101,"211,7",PALHOCA,Acumulo de água sobre o pavimento,Tombamento,Com Vítimas Feridas,Plena Noite,Decrescente,Garoa/Chuvisco,Múltipla,Interseção de Vias,Não,1,0,0,1,0,0,1,1,-27.62329313,-48.65245588,SPRF-SC,DEL01-SC,UOP02-DEL01-SC,2023
"510206,0",2023-03-13,segunda-feira,03:00:00,SC,280,"51,0",GUARAMIRIM,Reação tardia ou ineficiente do condutor,Saída de leito carroçável,Sem Vítimas,Plena Noite,Decrescente,Chuva,Simples,Reta,Não,2,0,0,0,0,2,0,2,-26.46538871,-48.95544449,SPRF-SC,DEL03-SC,UOP03-DEL03-SC,2023
"510258,0",2023-03-13,segunda-feira,08:00:00,SC,101,"117,7",ITAJAI,Acessar a via sem observar a presença dos outros veículos,Colisão traseira,Sem Vítimas,Pleno dia,Crescente,Garoa/Chuvisco,Múltipla,Reta,Sim,2,0,0,0,2,0,0,2,-26.89421006,-48.72020245,SPRF-SC,DEL04-SC,UOP04-DEL04-SC,2023
"510264,0",2023-03-13,segunda-feira,08:20:00,SC,101,"206,0",SAO JOSE,Manobra de mudança de faixa,Colisão traseira,Com Vítimas Feridas,Pleno dia,Crescente,Céu Claro,Múltipla,Reta,Sim,6,0,3,0,3,0,3,4,-27.59193546,-48.61824557,SPRF-SC,DEL01-SC,UOP01-DEL01-SC,2023
"510271,0",2023-03-13,segunda-feira,09:00:00,SC,280,"57,2",GUARAMIRIM,Condutor deixou de manter distância do veículo da frente,Colisão com objeto,Com Vítimas Feridas,Pleno dia,Crescente,Garoa/Chuvisco,Simples,Viaduto;Reta,Sim,2,0,0,2,0,0,2,1,-26.47700756,-49.01450515,SPRF-SC,DEL03-SC,UOP03-DEL03-SC,2023
"510288,0",2023-03-13,segunda-feira,11:30:00,SC,282,"17,3",PALHOCA,Pedestre andava na pista,Atropelamento de Pedestre,Com Vítimas Feridas,Pleno dia,Crescente,Nublado,Simples,Reta,Sim,2,0,2,0,0,0,2,2,-27.665707,-48.688065,SPRF-SC,DEL01-SC,UOP02-DEL01-SC,2023
"510327,0",2023-03-13,segunda-feira,16:00:00,SC,282,"39,8",AGUAS MORNAS,Ausência de reação do condutor,Colisão traseira,Com Vítimas Feridas,Pleno dia,Crescente,Céu Claro,Simples,Reta,Não,2,0,1,0,1,0,1,2,-27.712439,-48.860607,SPRF-SC,DEL01-SC,UOP03-DEL01-SC,2023
"510329,0",2023-03-13,segunda-feira,16:30:00,SC,101,"229,0",PALHOCA,Desrespeitar a preferência no cruzamento,Colisão transversal,Com Vítimas Feridas,Pleno dia,Crescente,Céu Claro,Simples,Interseção de Vias,Não,3,0,1,1,1,0,2,2,-27.7688932,-48.63205379,SPRF-SC,DEL01-SC,UOP02-DEL01-SC,2023
"510345,0",2023-03-13,segunda-feira,17:40:00,SC,101,"143,0",ITAPEMA,Acessar a via sem observar a presença dos outros veículos,Colisão lateral mesmo sentido,Com Vítimas Feridas,Pleno dia,Decrescente,Céu Claro,Dupla,Reta,Sim,2,0,1,0,1,0,1,2,-27.06436,-48.59599405,SPRF-SC,DEL04-SC,UOP03-DEL04-SC,2023
"510349,0",2023-03-13,segunda-feira,14:45:00,SC,282,"245,7",SAO JOSE DO CERRITO,Velocidade Incompatível,Colisão frontal,Com Vítimas Feridas,Pleno dia,Crescente,Chuva,Simples,Curva,Sim,6,0,5,0,0,1,5,3,-27.7251711,-50.53058624,SPRF-SC,DEL05-SC,UOP02-DEL05-SC,2023
"510351,0",2023-03-13,segunda-feira,15:05:00,SC,470,"174,5",POUSO REDONDO,Desrespeitar a preferência no cruzamento,Colisão transversal,Com Vítimas Feridas,Pleno dia,Crescente,Chuva,Simples,Reta;Interseção de Vias,Sim,2,0,0,1,1,0,1,2,-27.25691861,-49.93483543,SPRF-SC,DEL04-SC,UOP02-DEL04-SC,2023
"510360,0",2023-03-13,segunda-feira,18:00:00,SC,101,"163,0",TIJUCAS,Demais falhas mecânicas ou elétricas,Tombamento,Com Vítimas Feridas,Plena Noite,Decrescente,Céu Claro,Dupla,Reta,Sim,2,0,1,1,0,0,2,1,-27.23461699,-48.63039809,SPRF-SC,DEL04-SC,UOP03-DEL04-SC,2023
"510362,0",2023-03-13,segunda-feira,19:00:00,SC,101,"321,0",PESCARIA BRAVA,Animais na Pista,Atropelamento de Animal,Com Vítimas Feridas,Plena Noite,Decrescente,Nublado,Simples,Reta;Declive,Não,2,0,0,1,1,0,1,2,-28.42532339,-48.8919091,SPRF-SC,DEL02-SC,UOP01-DEL02-SC,2023
"510379,0",2023-03-13,segunda-feira,07:50:00,SC,101,"280,0",IMBITUBA,Ingestão de álcool pelo condutor,Saída de leito carroçável,Sem Vítimas,Pleno dia,Crescente,Céu Claro,Dupla,Reta,Sim,1,0,0,0,1,0,0,1,-28.17962805,-48.6956297,SPRF-SC,DEL02-SC,UOP03-DEL02-SC,2023
"510399,0",2023-03-13,segunda-feira,22:45:00,SC,280,"230,2",CANOINHAS,Acessar a via sem observar a presença dos outros veículos,Colisão transversal,Com Vítimas Feridas,Plena Noite,Decrescente,Céu Claro,Simples,Rotatória,Sim,2,0,1,0,1,0,1,2,-26.18773325,-50.36107063,SPRF-SC,DEL06-SC,UOP04-DEL06-SC,2023
"510401,0",2023-03-14,terça-feira,01:00:00,SC,282,"5,7",SAO JOSE,Ingestão de álcool pelo condutor,Colisão com objeto,Com Vítimas Feridas,Plena Noite,Crescente,Garoa/Chuvisco,Dupla,Curva,Não,2,0,2,0,0,0,2,1,-27.588425,-48.612919,SPRF-SC,DEL01-SC,UOP01-DEL01-SC,2023
"510425,0",2023-03-14,terça-feira,07:20:00,SC,101,"131,0",BALNEARIO CAMBORIU,Manobra de mudança de faixa,Colisão lateral mesmo sentido,Com Vítimas Feridas,Pleno dia,Decrescente,Nublado,Dupla,Reta,Sim,2,0,1,0,1,0,1,2,-26.99064209,-48.66310912,SPRF-SC,DEL04-SC,UOP03-DEL04-SC,2023
"510435,0",2023-03-14,terça-feira,08:40:00,SC,101,"203,0",SAO JOSE,Trafegar com motocicleta (ou similar) entre as faixas,Colisão lateral mesmo sentido,Com Vítimas Feridas,Pleno dia,Crescente,Nublado,Múltipla,Viaduto,Sim,2,0,1,0,0,1,1,2,-27.5650044,-48.61460082,SPRF-SC,DEL01-SC,UOP01-DEL01-SC,2023
"510444,0",2023-03-14,terça-feira,09:10:00,SC,101,"134,0",BALNEARIO CAMBORIU,Ausência de reação do condutor,Engavetamento,Sem Vítimas,Pleno dia,Decrescente,Sol,Simples,Reta,Não,3,0,0,0,3,0,0,3,-27.00218,-48.636433,SPRF-SC,DEL04-SC,UOP03-DEL04-SC,2023
"510458,0",2023-03-14,terça-feira,11:20:00,SC,101,"129,0",BALNEARIO CAMBORIU,Ausência de reação do condutor,Tombamento,Com Vítimas Feridas,Pleno dia,Decrescente,Céu Claro,Dupla,Reta,Não,1,0,1,0,0,0,1,1,-26.98064277,-48.6790679,SPRF-SC,DEL04-SC,UOP03-DEL04-SC,2023
"510464,0",2023-03-14,terça-feira,07:43:00,SC,470,"58,0",BLUMENAU,Acessar a via sem observar a presença dos outros veículos,Colisão transversal,Com Vítimas Feridas,Pleno dia,Decrescente,Garoa/Chuvisco,Dupla,Declive;Em Obras,Sim,2,0,1,0,1,0,1,2,-26.883879,-49.145622,SPRF-SC,DEL04-SC,UOP01-DEL04-SC,2023
"510496,0",2023-03-14,terça-feira,08:34:00,SC,282,"483,9",FAXINAL DOS GUEDES,Condutor Dormindo,Saída de leito carroçável,Com Vítimas Feridas,Pleno dia,Crescente,Céu Claro,Simples,Reta,Não,1,0,0,1,0,0,1,1,-26.861937,-52.227974,SPRF-SC,DEL07-SC,UOP01-DEL07-SC,2023
"510514,0",2023-03-14,terça-feira,16:20:00,SC,101,"193,0",BIGUACU,Acessar a via sem observar a presença dos outros veículos,Queda de ocupante de veículo,Com Vítimas Feridas,Pleno dia,Crescente,Céu Claro,Dupla,Reta,Sim,2,0,1,0,0,1,1,2,-27.489574,-48.655914,SPRF-SC,DEL01-SC,UOP01-DEL01-SC,2023
"510523,0",2023-03-14,terça-feira,16:05:00,SC,101,"420,0",ARARANGUA,Pedestre cruzava a pista fora da faixa,Atropelamento de Pedestre,Com Vítimas Feridas,Pleno dia,Decrescente,Céu Claro,Simples,Reta,Sim,2,0,2,0,0,0,2,2,-28.99380392,-49.55081408,SPRF-SC,DEL02-SC,UOP02-DEL02-SC,2023
"510535,0",2023-03-14,terça-feira,17:45:00,SC,280,"30,0",ARAQUARI,Manobra de mudança de faixa,Colisão lateral sentido oposto,Com Vítimas Feridas,Pleno dia,Crescente,Nublado,Simples,Reta,Sim,3,0,1,0,1,1,1,2,-26.4141523,-48.76209493,SPRF-SC,DEL03-SC,UOP03-DEL03-SC,2023
"510540,0",2023-03-14,terça-feira,18:25:00,SC,282,"23,3",SANTO AMARO DA IMPERATRIZ,Condutor deixou de manter distância do veículo da frente,Colisão transversal,Com Vítimas Feridas,Plena Noite,Decrescente,Ignorado,Simples,Reta,Sim,2,0,1,0,1,0,1,2,-27.687958,-48.736794,SPRF-SC,DEL01-SC,UOP02-DEL01-SC,2023
"510541,0",2023-03-14,terça-feira,17:45:00,SC,101,"134,0",BALNEARIO CAMBORIU,Condutor deixou de manter distância do veículo da frente,Engavetamento,Sem Vítimas,Anoitecer,Crescente,Chuva,Simples,Reta,Não,3,0,0,0,3,0,0,3,-27.00218,-48.636433,SPRF-SC,DEL04-SC,UOP03-DEL04-SC,2023
"510549,0",2023-03-14,terça-feira,18:15:00,SC,101,"308,0",LAGUNA,Iluminação deficiente,Colisão traseira,Com Vítimas Feridas,Plena Noite,Crescente,Céu Claro,Simples,Reta,Não,2,0,1,1,0,0,2,2,-28.399616,-48.7854,SPRF-SC,DEL02-SC,UOP01-DEL02-SC,2023
"510553,0",2023-03-14,terça-feira,19:05:00,SC,101,"254,0",PAULO LOPES,Condutor Dormindo,Saída de leito carroçável,Com Vítimas Feridas,Anoitecer,Decrescente,Nublado,Dupla,Reta,Não,1,0,0,1,0,0,1,1,-27.97368802,-48.67940247,SPRF-SC,DEL02-SC,UOP03-DEL02-SC,2023
"510629,0",2023-03-15,quarta-feira,07:30:00,SC,101,"207,2",SAO JOSE,Manobra de mudança de faixa,Colisão lateral mesmo sentido,Com Vítimas Feridas,Pleno dia,Decrescente,Chuva,Múltipla,Reta;Aclive,Sim,1,0,1,0,0,0,1,1,-27.60001226,-48.6226467,SPRF-SC,DEL01-SC,UOP01-DEL01-SC,2023
"510631,0",2023-03-14,terça-feira,23:35:00,SC,101,"256,0",PAULO LOPES,Avarias e/ou desgaste excessivo no pneu,Saída de leito carroçável,Com Vítimas Feridas,Plena Noite,Decrescente,Céu Claro,Dupla,Reta,Não,1,0,1,0,0,0,1,1,-27.99084416,-48.68056684,SPRF-SC,DEL02-SC,UOP03-DEL02-SC,2023
"510633,0",2023-03-15,quarta-feira,07:45:00,SC,280,"47,1",GUARAMIRIM,Pedestre cruzava a pista fora da faixa,Atropelamento de Pedestre,Com Vítimas Feridas,Pleno dia,Crescente,Nublado,Simples,Reta,Não,2,0,1,0,1,0,1,2,-26.45353692,-48.917876,SPRF-SC,DEL03-SC,UOP03-DEL03-SC,2023
"510635,0",2023-03-07,terça-feira,17:00:00,SC,282,"16,4",PALHOCA,Trafegar com motocicleta (ou similar) entre as faixas,Colisão transversal,Com Vítimas Feridas,Pleno dia,Crescente,Nublado,Simples,Reta,Sim,3,0,2,0,1,0,2,2,-27.658611,-48.681847,SPRF-SC,DEL01-SC,UOP02-DEL01-SC,2023
"510643,0",2023-03-15,quarta-feira,08:00:00,SC,101,"123,0",ITAJAI,Desrespeitar a preferência no cruzamento,Colisão transversal,Com Vítimas Feridas,Pleno dia,Decrescente,Chuva,Dupla,Interseção de Vias;Rotatória,Sim,2,0,1,0,1,0,1,2,-26.93668609,-48.69876905,SPRF-SC,DEL04-SC,UOP04-DEL04-SC,2023
"510645,0",2023-03-15,quarta-feira,09:50:00,SC,282,"4,7",SAO JOSE,Manobra de mudança de faixa,Colisão lateral mesmo sentido,Com Vítimas Feridas,Pleno dia,Decrescente,Sol,Múltipla,Reta,Não,3,0,2,0,1,0,2,3,-27.592646,-48.604034,SPRF-SC,DEL01-SC,UOP01-DEL01-SC,2023
"510669,0",2023-03-15,quarta-feira,12:15:00,SC,163,"83,0",GUARACIABA,Ausência de reação do condutor,Colisão traseira,Com Vítimas Feridas,Pleno dia,Crescente,Céu Claro,Simples,Desvio Temporário;Em Obras;Reta;Aclive,Não,4,0,0,1,3,0,1,2,-26.62425308,-53.51596135,SPRF-SC,DEL07-SC,UOP03-DEL07-SC,2023
"510695,0",2023-03-15,quarta-feira,11:35:00,SC,101,"109,0",PENHA,Manobra de mudança de faixa,Colisão lateral mesmo sentido,Com Vítimas Feridas,Pleno dia,Crescente,Chuva,Dupla,Reta,Não,3,0,1,0,2,0,1,2,-26.8333519,-48.69632106,SPRF-SC,DEL03-SC,UOP02-DEL03-SC,2023
"510706,0",2023-03-15,quarta-feira,16:00:00,SC,101,"204,8",SAO JOSE,Velocidade Incompatível,Tombamento,Com Vítimas Feridas,Pleno dia,Crescente,Sol,Múltipla,Interseção de Vias;Reta,Sim,1,0,1,0,0,0,1,1,-27.57413014,-48.61363083,SPRF-SC,DEL01-SC,UOP01-DEL01-SC,2023
"510716,0",2023-03-15,quarta-feira,16:50:00,SC,280,"126,0",RIO NEGRINHO,Acessar a via sem observar a presença dos outros veículos,Colisão transversal,Com Vítimas Feridas,Pleno dia,Crescente,Nublado,Simples,Declive;Reta,Não,2,0,1,0,1,0,1,2,-26.23779604,-49.49427399,SPRF-SC,DEL06-SC,UOP03-DEL06-SC,2023
"510719,0",2023-03-15,quarta-feira,17:40:00,SC,101,"212,0",PALHOCA,Reação tardia ou ineficiente do condutor,Colisão lateral mesmo sentido,Com Vítimas Feridas,Anoitecer,Crescente,Nublado,Múltipla,Reta,Sim,2,0,1,0,1,0,1,2,-27.62996929,-48.65903871,SPRF-SC,DEL01-SC,UOP02-DEL01-SC,2023
"510729,0",2023-03-15,quarta-feira,17:45:00,SC,470,"60,7",BLUMENAU,Acessar a via sem observar a presença dos outros veículos,Colisão transversal,Com Vítimas Feridas,Plena Noite,Crescente,Nublado,Simples,Reta,Não,2,0,0,1,1,0,1,2,-26.87952828,-49.17177379,SPRF-SC,DEL04-SC,UOP01-DEL04-SC,2023
"510742,0",2023-03-15,quarta-feira,18:35:00,SC,101,"406,0",ARARANGUA,Demais falhas mecânicas ou elétricas,Saída de leito carroçável,Com Vítimas Feridas,Plena Noite,Decrescente,Céu Claro,Dupla,Reta,Não,1,0,1,0,0,0,1,1,-28.912271,-49.4843,SPRF-SC,DEL02-SC,UOP02-DEL02-SC,2023
"510761,0",2023-03-15,quarta-feira,18:30:00,SC,101,"282,6",IMBITUBA,Velocidade Incompatível,Tombamento,Com Vítimas Feridas,Anoitecer,Crescente,Céu Claro,Simples,Rotatória;Viaduto,Não,2,0,1,0,1,0,1,2,-28.21513145,-48.70019853,SPRF-SC,DEL02-SC,UOP03-DEL02-SC,2023
"510763,0",2023-03-15,quarta-feira,20:24:00,SC,280,"124,8",RIO NEGRINHO,Acessar a via sem observar a presença dos outros veículos,Colisão transversal,Com Vítimas Feridas,Plena Noite,Decrescente,Céu Claro,Simples,Reta,Sim,2,0,1,0,1,0,1,2,-26.24130297,-49.47514499,SPRF-SC,DEL06-SC,UOP03-DEL06-SC,2023
"510774,0",2023-03-15,quarta-feira,17:55:00,SC,101,"289,2",IMBITUBA,Condutor usando celular,Saída de leito carroçável,Com Vítimas Feridas,Anoitecer,Decrescente,Céu Claro,Dupla,Reta,Não,1,0,1,0,0,0,1,1,-28.25395282,-48.70289554,SPRF-SC,DEL02-SC,UOP03-DEL02-SC,2023
"510779,0",2023-03-15,quarta-feira,23:00:00,SC,101,"99,3",BALNEARIO PICARRAS,Reação tardia ou ineficiente do condutor,Colisão com objeto,Sem Vítimas,Plena Noite,Decrescente,Garoa/Chuvisco,Dupla,Curva,Não,1,0,0,0,0,1,0,1,-26.7471002,-48.69654831,SPRF-SC,DEL03-SC,UOP02-DEL03-SC,2023
"510804,0",2023-03-15,quarta-feira,22:00:00,SC,282,"634,0",DESCANSO,Reação tardia ou ineficiente do condutor,Saída de leito carroçável,Com Vítimas Feridas,Plena Noite,Crescente,Ignorado,Simples,Curva,Não,1,0,1,0,0,0,1,1,-26.825808,-53.420979,SPRF-SC,DEL07-SC,UOP03-DEL07-SC,2023
"510816,0",2023-03-16,quinta-feira,08:00:00,SC,101,"128,8",BALNEARIO CAMBORIU,Reação tardia ou ineficiente do condutor,Tombamento,Com Vítimas Feridas,Amanhecer,Crescente,Céu Claro,Dupla,Curva,Não,1,0,1,0,0,0,1,1,-26.97284292,-48.68299451,SPRF-SC,DEL04-SC,UOP03-DEL04-SC,2023