id,data_inversa,dia_semana,horario,uf,br,km,municipio,causa_acidente,tipo_acidente,classificacao_acidente,fase_dia,sentido_via,condicao_metereologica,tipo_pista,tracado_via,uso_solo,pessoas,mortos,feridos_leves,feridos_graves,ilesos,ignorados,feridos,veiculos,latitude,longitude,regional,delegacia,uop,ano_arquivo
"510824,0",2023-03-14,terça-feira,20:35:00,SC,101,"254,0",PAULO LOPES,Reação tardia ou ineficiente do condutor,Saída de leito carroçável,Sem Vítimas,Plena Noite,Decrescente,Nublado,Múltipla,Reta,Sim,1,0,0,0,1,0,0,1,-27.97368802,-48.67940247,SPRF-SC,DEL02-SC,UOP03-DEL02-SC,2023
"510841,0",2023-03-16,quinta-feira,09:10:00,SC,280,"129,0",RIO NEGRINHO,Acessar a via sem observar a presença dos outros veículos,Colisão transversal,Com Vítimas Feridas,Pleno dia,Decrescente,Céu Claro,Simples,Declive;Reta;Interseção de Vias,Sim,2,0,1,1,0,0,2,2,-26.24396383,-49.51527357,SPRF-SC,DEL06-SC,UOP03-DEL06-SC,2023
"510843,0",2023-03-16,quinta-feira,08:10:00,SC,470,"173,8",POUSO REDONDO,Acesso irregular,Colisão frontal,Com Vítimas Feridas,Pleno dia,Crescente,Nublado,Simples,Reta;Aclive,Sim,2,0,1,0,1,0,1,2,-27.25984,-49.919285,SPRF-SC,DEL04-SC,UOP02-DEL04-SC,2023
"510850,0",2023-03-16,quinta-feira,07:20:00,SC,101,"43,0",JOINVILLE,Manobra de mudança de faixa,Colisão lateral mesmo sentido,Com Vítimas Feridas,Pleno dia,Crescente,Céu Claro,Múltipla,Reta,Não,2,0,1,0,1,0,1,2,-26.33034532,-48.8627243,SPRF-SC,DEL03-SC,UOP01-DEL03-SC,2023
"510851,0",2023-03-16,quinta-feira,10:00:00,SC,101,"130,0",BALNEARIO CAMBORIU,Condutor deixou de manter distância do veículo da frente,Colisão traseira,Sem Vítimas,Pleno dia,Decrescente,Céu Claro,Simples,Reta,Sim,2,0,0,0,1,1,0,2,-26.98407618,-48.66977107,SPRF-SC,DEL04-SC,UOP03-DEL04-SC,2023
"510862,0",2023-03-16,quinta-feira,11:34:00,SC,101,"214,0",PALHOCA,Desrespeitar a preferência no cruzamento,Colisão transversal,Com Vítimas Feridas,Pleno dia,Crescente,Céu Claro,Dupla,Reta,Sim,2,0,0,1,1,0,1,2,-27.64443,-48.67057,SPRF-SC,DEL01-SC,UOP02-DEL01-SC,2023
"510880,0",2023-03-12,domingo,21:42:00,SC,282,"516,0",XAXIM,Ausência de reação do condutor,Saída de leito carroçável,Sem Vítimas,Plena Noite,Decrescente,Céu Claro,Simples,Aclive;Curva,Não,1,0,0,0,0,1,0,1,-26.930862,-52.499157,SPRF-SC,DEL07-SC,UOP01-DEL07-SC,2023
"510896,0",2023-03-16,quinta-feira,15:00:00,SC,101,"148,0",ITAPEMA,Avarias e/ou desgaste excessivo no pneu,Tombamento,Com Vítimas Feridas,Pleno dia,Decrescente,Céu Claro,Múltipla,Reta,Sim,1,0,0,1,0,0,1,1,-27.10123686,-48.61807962,SPRF-SC,DEL04-SC,UOP03-DEL04-SC,2023
"510917,0",2023-03-16,quinta-feira,16:30:00,SC,280,"58,6",GUARAMIRIM,Acessar a via sem observar a presença dos outros veículos,Colisão transversal,Com Vítimas Feridas,Pleno dia,Crescente,Nublado,Simples,Em Obras;Curva,Não,2,0,1,0,1,0,1,2,-26.47415593,-49.021211,SPRF-SC,DEL03-SC,UOP03-DEL03-SC,2023
"510936,0",2023-03-16,quinta-feira,16:25:00,SC,101,"262,0",PAULO LOPES,Reação tardia ou ineficiente do condutor,Saída de leito carroçável,Com Vítimas Feridas,Pleno dia,Crescente,Sol,Dupla,Reta,Sim,1,0,1,0,0,0,1,1,-28.0353863,-48.70884453,SPRF-SC,DEL02-SC,UOP03-DEL02-SC,2023
"510941,0",2023-03-16,quinta-feira,12:20:00,SC,280,"243,0",CANOINHAS,Avarias e/ou desgaste excessivo no pneu,Saída de leito carroçável,Sem Vítimas,Pleno dia,Crescente,Sol,Simples,Reta,Não,1,0,0,0,1,0,0,1,-26.23350047,-50.47668595,SPRF-SC,DEL06-SC,UOP04-DEL06-SC,2023
"510945,0",2023-03-16,quinta-feira,15:15:00,SC,282,"513,0",XAXIM,Velocidade Incompatível,Colisão com objeto,Sem Vítimas,Pleno dia,Crescente,Céu Claro,Simples,Interseção de Vias;Aclive;Reta,Não,1,0,0,0,1,0,0,1,-26.91486,-52.480682,SPRF-SC,DEL07-SC,UOP01-DEL07-SC,2023
"510962,0",2023-03-16,quinta-feira,22:30:00,SC,101,"207,0",SAO JOSE,Declive acentuado,Colisão lateral mesmo sentido,Com Vítimas Feridas,Plena Noite,Decrescente,Garoa/Chuvisco,Múltipla,Curva,Não,2,0,1,0,1,0,1,2,-27.60001226,-48.6226467,SPRF-SC,DEL01-SC,UOP01-DEL01-SC,2023
"510965,0",2023-03-16,quinta-feira,09:30:00,SC,116,"83,4",MONTE CASTELO,Reação tardia ou ineficiente do condutor,Colisão traseira,Sem Vítimas,Pleno dia,Decrescente,Céu Claro,Simples,Declive;Reta;Em Obras,Não,2,0,0,0,2,0,0,2,-26.58339304,-50.22301866,SPRF-SC,DEL06-SC,UOP02-DEL06-SC,2023
"510974,0",2023-03-16,quinta-feira,22:25:00,SC,101,"75,0",ARAQUARI,Velocidade Incompatível,Capotamento,Sem Vítimas,Plena Noite,Crescente,Chuva,Múltipla,Curva,Não,1,0,0,0,1,0,0,1,-26.5544243,-48.71949434,SPRF-SC,DEL03-SC,UOP02-DEL03-SC,2023
"510989,0",2023-03-17,sexta-feira,02:40:00,SC,282,"183,8",BOCAINA DO SUL,Velocidade Incompatível,Capotamento,Sem Vítimas,Plena Noite,Decrescente,Céu Claro,Simples,Curva,Não,1,0,0,0,0,1,0,1,-27.73362,-49.968296,SPRF-SC,DEL05-SC,UOP01-DEL05-SC,2023
"510991,0",2023-03-17,sexta-feira,04:20:00,SC,101,"346,0",JAGUARUNA,Animais na Pista,Atropelamento de Animal,Sem Vítimas,Plena Noite,Crescente,Céu Claro,Dupla,Reta,Não,1,0,0,0,1,0,0,1,-28.564425,-49.054244,SPRF-SC,DEL02-SC,UOP01-DEL02-SC,2023
"511000,0",2023-03-17,sexta-feira,06:00:00,SC,101,"47,0",JOINVILLE,Condutor deixou de manter distância do veículo da frente,Queda de ocupante de veículo,Com Vítimas Feridas,Amanhecer,Decrescente,Céu Claro,Dupla,Reta,Não,1,0,1,0,0,0,1,1,-26.34234997,-48.85840089,SPRF-SC,DEL03-SC,UOP01-DEL03-SC,2023
"511001,0",2023-03-17,sexta-feira,05:00:00,SC,470,"182,0",POUSO REDONDO,Transitar na contramão,Colisão lateral sentido oposto,Com Vítimas Feridas,Amanhecer,Decrescente,Nublado,Simples,Reta,Sim,2,0,1,0,1,0,1,2,-27.252682,-50.006802,SPRF-SC,DEL04-SC,UOP02-DEL04-SC,2023
"511006,0",2023-03-17,sexta-feira,07:30:00,SC,101,"214,9",PALHOCA,Trafegar com motocicleta (ou similar) entre as faixas,Colisão lateral mesmo sentido,Com Vítimas Feridas,Pleno dia,Decrescente,Nublado,Múltipla,Reta,Não,2,0,1,0,1,0,1,2,-27.64443,-48.67057,SPRF-SC,DEL01-SC,UOP02-DEL01-SC,2023
"511012,0",2023-03-17,sexta-feira,06:50:00,SC,101,"211,5",PALHOCA,Reação tardia ou ineficiente do condutor,Queda de ocupante de veículo,Com Vítimas Feridas,Amanhecer,Decrescente,Chuva,Múltipla,Reta,Sim,1,0,1,0,0,0,1,1,-27.62329313,-48.65245588,SPRF-SC,DEL01-SC,UOP02-DEL01-SC,2023
"511020,0",2023-03-17,sexta-feira,08:10:00,SC,101,"189,0",BIGUACU,Condutor deixou de manter distância do veículo da frente,Colisão traseira,Com Vítimas Feridas,Pleno dia,Crescente,Céu Claro,Dupla,Declive;Reta,Não,9,0,5,0,4,0,5,2,-27.459393,-48.638914,SPRF-SC,DEL01-SC,UOP01-DEL01-SC,2023
"511021,0",2023-03-17,sexta-feira,06:55:00,SC,280,"20,5",BALNEARIO BARRA DO SUL,Acessar a via sem observar a presença dos outros veículos,Colisão transversal,Com Vítimas Feridas,Pleno dia,Decrescente,Céu Claro,Simples,Interseção de Vias;Reta,Não,2,0,1,0,1,0,1,2,-26.36990477,-48.68224301,SPRF-SC,DEL03-SC,UOP03-DEL03-SC,2023
"511024,0",2023-03-17,sexta-feira,08:50:00,SC,101,"188,2",BIGUACU,Manobra de mudança de faixa,Colisão traseira,Com Vítimas Feridas,Pleno dia,Crescente,Nublado,Múltipla,Reta,Não,2,0,1,0,1,0,1,2,-27.45123421,-48.63370766,SPRF-SC,DEL01-SC,UOP01-DEL01-SC,2023
"511037,0",2023-03-17,sexta-feira,09:20:00,SC,101,"135,0",BALNEARIO CAMBORIU,Ausência de reação do condutor,Colisão traseira,Com Vítimas Feridas,Pleno dia,Crescente,Céu Claro,Simples,Reta,Sim,2,0,1,0,1,0,1,2,-27.0050108,-48.62677494,SPRF-SC,DEL04-SC,UOP03-DEL04-SC,2023
"511042,0",2023-03-17,sexta-feira,10:00:00,SC,101,"205,7",SAO JOSE,Pista Escorregadia,Queda de ocupante de veículo,Com Vítimas Feridas,Pleno dia,Crescente,Sol,Múltipla,Curva,Sim,1,0,1,0,0,0,1,1,-27.58313237,-48.61532885,SPRF-SC,DEL01-SC,UOP01-DEL01-SC,2023
"511072,0",2023-03-17,sexta-feira,13:00:00,SC,101,"203,5",SAO JOSE,Falta de acostamento,Colisão traseira,Sem Vítimas,Pleno dia,Decrescente,Sol,Múltipla,Reta,Sim,2,0,0,0,2,0,0,2,-27.5650044,-48.61460082,SPRF-SC,DEL01-SC,UOP01-DEL01-SC,2023
"511080,0",2023-03-17,sexta-feira,11:30:00,SC,101,"356,0",SANGAO,Ausência de reação do condutor,Saída de leito carroçável,Com Vítimas Feridas,Pleno dia,Crescente,Céu Claro,Dupla,Reta,Sim,4,0,3,0,1,0,3,1,-28.62930081,-49.08665412,SPRF-SC,DEL02-SC,UOP01-DEL02-SC,2023
"511094,0",2023-03-17,sexta-feira,13:00:00,SC,470,"170,0",POUSO REDONDO,Conversão proibida,Colisão transversal,Com Vítimas Feridas,Pleno dia,Crescente,Céu Claro,Simples,Aclive;Curva,Não,2,0,0,1,1,0,1,2,-27.265903,-49.892441,SPRF-SC,DEL04-SC,UOP02-DEL04-SC,2023
"511111,0",2023-03-17,sexta-feira,08:10:00,SC,101,"119,8",ITAJAI,Reação tardia ou ineficiente do condutor,Queda de ocupante de veículo,Com Vítimas Feridas,Pleno dia,Crescente,Céu Claro,Dupla,Reta,Sim,1,0,1,0,0,0,1,1,-26.9043179,-48.71555481,SPRF-SC,DEL04-SC,UOP04-DEL04-SC,2023
"511152,0",2023-03-17,sexta-feira,20:10:00,SC,101,"195,4",BIGUACU,Acessar a via sem observar a presença dos outros veículos,Colisão traseira,Com Vítimas Feridas,Plena Noite,Crescente,Céu Claro,Simples,Reta,Sim,3,0,2,0,1,0,2,3,-27.5047092,-48.65010819,SPRF-SC,DEL01-SC,UOP01-DEL01-SC,2023
"511155,0",2023-03-17,sexta-feira,16:40:00,SC,470,"136,2",RIO DO SUL,Acessar a via sem observar a presença dos outros veículos,Colisão transversal,Com Vítimas Feridas,Pleno dia,Decrescente,Céu Claro,Simples,Reta;Retorno Regulamentado,Sim,2,0,1,0,1,0,1,2,-27.194323,-49.624554,SPRF-SC,DEL04-SC,UOP02-DEL04-SC,2023
"511157,0",2023-03-17,sexta-feira,20:10:00,SC,470,"52,3",BLUMENAU,Transitar na contramão,Colisão frontal,Com Vítimas Feridas,Plena Noite,Crescente,Nublado,Simples,Reta,Sim,3,0,3,0,0,0,3,2,-26.86268722,-49.09640908,SPRF-SC,DEL04-SC,UOP01-DEL04-SC,2023
"511172,0",2023-03-17,sexta-feira,18:40:00,SC,282,"591,0",SAUDADES,Condutor deixou de manter distância do veículo da frente,Colisão traseira,Com Vítimas Feridas,Plena Noite,Decrescente,Céu Claro,Simples,Reta,Não,6,0,2,0,4,0,2,2,-26.82672001,-53.08274567,SPRF-SC,DEL07-SC,UOP02-DEL07-SC,2023
"511176,0",2023-03-17,sexta-feira,21:20:00,SC,101,"77,1",ARAQUARI,Reação tardia ou ineficiente do condutor,Colisão transversal,Com Vítimas Feridas,Plena Noite,Crescente,Nublado,Dupla,Reta,Não,2,0,1,0,1,0,1,2,-26.56833103,-48.72029393,SPRF-SC,DEL03-SC,UOP02-DEL03-SC,2023
"511179,0",2023-03-17,sexta-feira,22:40:00,SC,101,"197,7",SAO JOSE,Reação tardia ou ineficiente do condutor,Queda de ocupante de veículo,Com Vítimas Feridas,Plena Noite,Crescente,Céu Claro,Dupla,Interseção de Vias;Declive;Reta,Sim,1,0,1,0,0,0,1,1,-27.51844497,-48.63848496,SPRF-SC,DEL01-SC,UOP01-DEL01-SC,2023
"511183,0",2023-03-17,sexta-feira,21:16:00,SC,101,"120,0",ITAJAI,Reação tardia ou ineficiente do condutor,Queda de ocupante de veículo,Com Vítimas Feridas,Plena Noite,Decrescente,Céu Claro,Simples,Interseção de Vias,Sim,1,0,1,0,0,0,1,1,-26.912758,-48.711998,SPRF-SC,DEL04-SC,UOP04-DEL04-SC,2023
"511190,0",2023-03-18,sábado,00:05:00,SC,101,"218,2",PALHOCA,Afundamento ou ondulação no pavimento,Queda de ocupante de veículo,Com Vítimas Feridas,Plena Noite,Crescente,Céu Claro,Dupla,Reta,Não,2,0,0,2,0,0,2,1,-27.6758601,-48.67052525,SPRF-SC,DEL01-SC,UOP02-DEL01-SC,2023
"511196,0",2023-03-17,sexta-feira,18:30:00,SC,116,"49,3",PAPANDUVA,Velocidade Incompatível,Saída de leito carroçável,Com Vítimas Feridas,Anoitecer,Decrescente,Céu Claro,Simples,Reta;Declive,Não,1,0,1,0,0,0,1,1,-26.37076692,-50.1256021,SPRF-SC,DEL06-SC,UOP01-DEL06-SC,2023
"511213,0",2023-03-17,sexta-feira,20:50:00,SC,280,"260,5",CANOINHAS,Reação tardia ou ineficiente do condutor,Colisão com objeto,Com Vítimas Feridas,Plena Noite,Crescente,Céu Claro,Simples,Ponte;Reta,Não,2,0,1,1,0,0,2,1,-26.26216,-50.637672,SPRF-SC,DEL06-SC,UOP04-DEL06-SC,2023
"511225,0",2023-03-18,sábado,02:20:00,SC,282,"622,2",IRACEMINHA,Ingestão de álcool pelo condutor,Colisão frontal,Com Vítimas Fatais,Plena Noite,Crescente,Céu Claro,Simples,Curva,Não,3,1,1,1,0,0,2,2,-26.79727852,-53.32599521,SPRF-SC,DEL07-SC,UOP02-DEL07-SC,2023
"511226,0",2023-03-18,sábado,04:10:00,SC,470,"74,0",INDAIAL,Ausência de reação do condutor,Saída de leito carroçável,Com Vítimas Feridas,Pleno dia,Crescente,Nublado,Simples,Reta,Não,1,0,1,0,0,0,1,1,-26.916288,-49.280807,SPRF-SC,DEL04-SC,UOP01-DEL04-SC,2023
"511227,0",2023-03-18,sábado,02:00:00,SC,101,"244,0",PALHOCA,Ingestão de álcool pelo condutor,Saída de leito carroçável,Sem Vítimas,Plena Noite,Crescente,Céu Claro,Dupla,Reta,Não,1,0,0,0,1,0,0,1,-27.89294003,-48.64821868,SPRF-SC,DEL01-SC,UOP02-DEL01-SC,2023
"511231,0",2023-03-18,sábado,06:00:00,SC,282,"211,0",LAGES,Ausência de reação do condutor,Saída de leito carroçável,Sem Vítimas,Amanhecer,Decrescente,Nublado,Simples,Reta,Não,1,0,0,0,0,1,0,1,-27.780222,-50.241741,SPRF-SC,DEL05-SC,UOP01-DEL05-SC,2023
"511283,0",2023-03-18,sábado,11:15:00,SC,101,"213,5",PALHOCA,Condutor deixou de manter distância do veículo da frente,Colisão traseira,Com Vítimas Feridas,Pleno dia,Crescente,Sol,Múltipla,Reta,Sim,3,0,1,0,2,0,1,3,-27.63697369,-48.66514142,SPRF-SC,DEL01-SC,UOP02-DEL01-SC,2023
"511298,0",2023-03-18,sábado,12:50:00,SC,282,"16,0",PALHOCA,Ausência de reação do condutor,Colisão traseira,Com Vítimas Feridas,Pleno dia,Crescente,Céu Claro,Simples,Reta,Sim,2,0,0,1,1,0,1,2,-27.658611,-48.681847,SPRF-SC,DEL01-SC,UOP02-DEL01-SC,2023
"511299,0",2023-03-18,sábado,10:40:00,SC,470,"66,0",INDAIAL,Manobra de mudança de faixa,Colisão lateral mesmo sentido,Com Vítimas Feridas,Pleno dia,Crescente,Céu Claro,Simples,Curva;Rotatória;Em Obras,Sim,2,0,1,0,1,0,1,2,-26.870407,-49.221844,SPRF-SC,DEL04-SC,UOP01-DEL04-SC,2023
"511309,0",2023-03-18,sábado,14:00:00,SC,470,"54,4",BLUMENAU,Desrespeitar a preferência no cruzamento,Colisão transversal,Com Vítimas Feridas,Pleno dia,Decrescente,Céu Claro,Simples,Interseção de Vias;Rotatória,Sim,3,0,1,0,2,0,1,2,-26.87358535,-49.1139633,SPRF-SC,DEL04-SC,UOP01-DEL04-SC,2023
"511311,0",2023-03-18,sábado,14:10:00,SC,470,"33,0",GASPAR,Mal súbito do condutor,Capotamento,Com Vítimas Feridas,Pleno dia,Decrescente,Céu Claro,Simples,Curva;Desvio Temporário;Em Obras,Não,3,0,3,0,0,0,3,1,-26.906223,-48.940575,SPRF-SC,DEL04-SC,UOP01-DEL04-SC,2023
"511338,0",2023-03-18,sábado,16:35:00,SC,101,"211,8",PALHOCA,Manobra de mudança de faixa,Colisão lateral mesmo sentido,Com Vítimas Feridas,Pleno dia,Decrescente,Céu Claro,Múltipla,Reta,Sim,3,0,2,0,1,0,2,2,-27.62329313,-48.65245588,SPRF-SC,DEL01-SC,UOP02-DEL01-SC,2023
"511354,0",2023-03-18,sábado,14:45:00,SC,101,"434,1",SOMBRIO,Desrespeitar a preferência no cruzamento,Colisão frontal,Com Vítimas Feridas,Pleno dia,Decrescente,Céu Claro,Múltipla,Reta;Interseção de Vias,Sim,2,0,0,1,1,0,1,2,-29.09958323,-49.63455677,SPRF-SC,DEL02-SC,UOP02-DEL02-SC,2023
"511377,0",2023-03-18,sábado,17:00:00,SC,101,"332,6",TUBARAO,Acesso irregular,Colisão lateral mesmo sentido,Com Vítimas Feridas,Pleno dia,Crescente,Céu Claro,Simples,Interseção de Vias;Reta,Sim,3,0,1,0,1,1,1,2,-28.4655,-48.995925,SPRF-SC,DEL02-SC,UOP01-DEL02-SC,2023
"511405,0",2023-03-18,sábado,19:40:00,SC,280,"107,6",SAO BENTO DO SUL,Transitar na contramão,Colisão lateral sentido oposto,Sem Vítimas,Anoitecer,Decrescente,Céu Claro,Simples,Reta,Não,2,0,0,0,2,0,0,2,-26.34306695,-49.37560427,SPRF-SC,DEL06-SC,UOP03-DEL06-SC,2023
"511413,0",2023-03-18,sábado,22:00:00,SC,101,"247,5",PAULO LOPES,Ausência de reação do condutor,Saída de leito carroçável,Com Vítimas Feridas,Plena Noite,Crescente,Céu Claro,Dupla,Reta,Não,2,0,1,0,1,0,1,1,-27.91824491,-48.65414317,SPRF-SC,DEL02-SC,UOP03-DEL02-SC,2023
"511420,0",2023-03-18,sábado,23:01:00,SC,158,"125,0",CAIBI,Ingestão de álcool pelo condutor,Colisão lateral sentido oposto,Com Vítimas Feridas,Pleno dia,Crescente,Céu Claro,Simples,Reta,Não,3,0,1,0,2,0,1,2,-27.004529,-53.225251,SPRF-SC,DEL07-SC,UOP02-DEL07-SC,2023
"511445,0",2023-03-19,domingo,02:10:00,SC,101,"26,9",JOINVILLE,Pedestre andava na pista,Atropelamento de Pedestre,Com Vítimas Fatais,Plena Noite,Crescente,Céu Claro,Múltipla,Reta;Viaduto,Sim,2,1,0,1,0,0,1,2,-26.2012207,-48.9132461,SPRF-SC,DEL03-SC,UOP01-DEL03-SC,2023
"511452,0",2023-03-19,domingo,02:00:00,SC,101,"32,0",JOINVILLE,Ingestão de álcool pelo condutor,Colisão traseira,Com Vítimas Feridas,Plena Noite,Crescente,Céu Claro,Dupla,Reta,Não,4,0,1,0,3,0,1,2,-26.226987,-48.91657,SPRF-SC,DEL03-SC,UOP01-DEL03-SC,2023
"511457,0",2023-03-19,domingo,01:20:00,SC,282,"129,0",BOM RETIRO,Ausência de reação do condutor,Saída de leito carroçável,Com Vítimas Feridas,Plena Noite,Crescente,Nublado,Simples,Reta,Sim,1,0,0,1,0,0,1,1,-27.800129,-49.496468,SPRF-SC,DEL05-SC,UOP01-DEL05-SC,2023
"511463,0",2023-03-19,domingo,03:30:00,SC,101,"381,0",ICARA,Pedestre andava na pista,Atropelamento de Pedestre,Sem Vítimas,Plena Noite,Decrescente,Nublado,Múltipla,Reta;Declive,Não,2,0,0,0,1,1,0,2,-28.75478409,-49.27732095,SPRF-SC,DEL02-SC,UOP02-DEL02-SC,2023
"511467,0",2023-03-19,domingo,05:25:00,SC,101,"119,0",ITAJAI,Reação tardia ou ineficiente do condutor,Colisão com objeto,Com Vítimas Feridas,Amanhecer,Decrescente,Céu Claro,Dupla,Reta,Não,1,0,1,0,0,0,1,1,-26.9043179,-48.71555481,SPRF-SC,DEL04-SC,UOP04-DEL04-SC,2023
"511471,0",2023-03-19,domingo,04:00:00,SC,101,"464,5",PASSO DE TORRES,Ingestão de álcool pelo condutor,Saída de leito carroçável,Sem Vítimas,Amanhecer,Crescente,Céu Claro,Simples,Curva,Não,1,0,0,0,1,0,0,1,-29.29207274,-49.76148319,SPRF-RS,DEL03-RS,UOP02-DEL03-RS,2023
"511476,0",2023-03-19,domingo,05:30:00,SC,101,"147,0",ITAPEMA,Condutor deixou de manter distância do veículo da frente,Colisão lateral mesmo sentido,Com Vítimas Feridas,Amanhecer,Crescente,Céu Claro,Múltipla,Reta,Sim,1,0,1,0,0,0,1,1,-27.09237407,-48.61730888,SPRF-SC,DEL04-SC,UOP03-DEL04-SC,2023
"511490,0",2023-03-03,sexta-feira,07:20:00,SC,470,"53,1",BLUMENAU,Ultrapassagem Indevida,Colisão lateral mesmo sentido,Com Vítimas Feridas,Pleno dia,Decrescente,Céu Claro,Simples,Reta,Não,3,0,2,0,1,0,2,2,-26.867121,-49.102066,SPRF-SC,DEL04-SC,UOP01-DEL04-SC,2023
"511496,0",2023-03-15,quarta-feira,07:20:00,SC,101,"212,9",PALHOCA,Trafegar com motocicleta (ou similar) entre as faixas,Colisão transversal,Com Vítimas Feridas,Pleno dia,Decrescente,Garoa/Chuvisco,Múltipla,Reta,Sim,3,0,1,0,2,0,1,2,-27.62996929,-48.65903871,SPRF-SC,DEL01-SC,UOP02-DEL01-SC,2023
"511541,0",2023-03-19,domingo,10:55:00,SC,282,"42,0",AGUAS MORNAS,Acessar a via sem observar a presença dos outros veículos,Colisão lateral mesmo sentido,Com Vítimas Feridas,Pleno dia,Decrescente,Céu Claro,Simples,Reta,Não,3,0,0,3,0,0,3,2,-27.72077,-48.887478,SPRF-SC,DEL01-SC,UOP03-DEL01-SC,2023
"511553,0",2023-03-19,domingo,11:15:00,SC,470,"57,0",BLUMENAU,Acessar a via sem observar a presença dos outros veículos,Colisão transversal,Com Vítimas Feridas,Pleno dia,Decrescente,Céu Claro,Simples,Reta;Em Obras,Não,3,0,1,0,2,0,1,2,-26.880428,-49.136532,SPRF-SC,DEL04-SC,UOP01-DEL04-SC,2023
"511561,0",2023-03-19,domingo,16:30:00,SC,101,"151,2",ITAPEMA,Ausência de reação do condutor,Colisão traseira,Com Vítimas Feridas,Pleno dia,Decrescente,Céu Claro,Dupla,Reta,Sim,3,0,1,1,1,0,2,2,-27.126536,-48.609642,SPRF-SC,DEL04-SC,UOP03-DEL04-SC,2023
"511562,0",2023-03-19,domingo,17:00:00,SC,101,"153,0",PORTO BELO,Trafegar com motocicleta (ou similar) entre as faixas,Colisão lateral mesmo sentido,Com Vítimas Feridas,Pleno dia,Decrescente,Sol,Dupla,Reta,Não,3,0,1,1,1,0,2,2,-27.144717,-48.61063935,SPRF-SC,DEL04-SC,UOP03-DEL04-SC,2023
"511586,0",2023-03-19,domingo,18:10:00,SC,282,"16,6",PALHOCA,Acesso irregular,Colisão lateral mesmo sentido,Com Vítimas Feridas,Pleno dia,Crescente,Céu Claro,Simples,Reta,Sim,2,0,1,0,1,0,1,2,-27.658611,-48.681847,SPRF-SC,DEL01-SC,UOP02-DEL01-SC,2023
"511597,0",2023-03-19,domingo,18:00:00,SC,470,"9,0",NAVEGANTES,Obras na pista,Saída de leito carroçável,Com Vítimas Feridas,Anoitecer,Crescente,Céu Claro,Simples,Em Obras;Reta,Não,2,0,2,0,0,0,2,1,-26.833143,-48.727432,SPRF-SC,DEL04-SC,UOP04-DEL04-SC,2023
"511605,0",2023-03-19,domingo,16:40:00,SC,470,"257,0",CURITIBANOS,Ausência de reação do condutor,Saída de leito carroçável,Sem Vítimas,Pleno dia,Decrescente,Nublado,Simples,Curva,Não,1,0,0,0,0,1,0,1,-27.308815,-50.641468,SPRF-SC,DEL05-SC,UOP03-DEL05-SC,2023
"511616,0",2023-03-19,domingo,20:45:00,SC,470,"68,0",INDAIAL,Ingestão de álcool pelo condutor,Tombamento,Com Vítimas Feridas,Plena Noite,Crescente,Nublado,Simples,Interseção de Vias;Viaduto,Sim,1,0,1,0,0,0,1,1,-26.877615,-49.239231,SPRF-SC,DEL04-SC,UOP01-DEL04-SC,2023
"511634,0",2023-03-19,domingo,19:10:00,SC,101,"62,6",ARAQUARI,Demais falhas mecânicas ou elétricas,Tombamento,Com Vítimas Feridas,Plena Noite,Crescente,Céu Claro,Dupla,Curva;Viaduto;Declive,Não,1,0,1,0,0,0,1,1,-26.45604,-48.763545,SPRF-SC,DEL03-SC,UOP02-DEL03-SC,2023
"511645,0",2023-03-19,domingo,21:40:00,SC,282,"339,4",CAMPOS NOVOS,Reação tardia ou ineficiente do condutor,Colisão transversal,Com Vítimas Feridas,Plena Noite,Decrescente,Céu Claro,Simples,Interseção de Vias,Não,3,0,3,0,0,0,3,2,-27.392731,-51.195118,SPRF-SC,DEL07-SC,UOP06-DEL07-SC,2023
"511662,0",2023-03-20,segunda-feira,01:20:00,SC,101,"214,7",PALHOCA,Condutor Dormindo,Colisão com objeto,Com Vítimas Feridas,Plena Noite,Decrescente,Céu Claro,Múltipla,Reta,Sim,1,0,0,1,0,0,1,1,-27.64443,-48.67057,SPRF-SC,DEL01-SC,UOP02-DEL01-SC,2023
"511706,0",2023-03-20,segunda-feira,08:20:00,SC,101,"110,0",PENHA,Condutor deixou de manter distância do veículo da frente,Colisão lateral mesmo sentido,Com Vítimas Feridas,Pleno dia,Crescente,Céu Claro,Dupla,Reta,Sim,2,0,1,0,1,0,1,2,-26.83477,-48.706151,SPRF-SC,DEL03-SC,UOP02-DEL03-SC,2023
"511708,0",2023-03-18,sábado,18:30:00,SC,282,"505,9",XANXERE,Ingestão de álcool pelo condutor,Colisão com objeto,Com Vítimas Feridas,Pleno dia,Crescente,Céu Claro,Dupla,Curva;Declive,Não,1,0,1,0,0,0,1,1,-26.885883,-52.418762,SPRF-SC,DEL07-SC,UOP01-DEL07-SC,2023
"511738,0",2023-03-12,domingo,19:50:00,SC,116,"12,0",MAFRA,Acessar a via sem observar a presença dos outros veículos,Colisão transversal,Com Vítimas Feridas,Plena Noite,Crescente,Chuva,Simples,Interseção de Vias;Reta,Não,7,0,4,0,3,0,4,2,-26.17877859,-49.86720998,SPRF-SC,DEL06-SC,UOP01-DEL06-SC,2023