id,data_inversa,dia_semana,horario,uf,br,km,municipio,causa_acidente,tipo_acidente,classificacao_acidente,fase_dia,sentido_via,condicao_metereologica,tipo_pista,tracado_via,uso_solo,pessoas,mortos,feridos_leves,feridos_graves,ilesos,ignorados,feridos,veiculos,latitude,longitude,regional,delegacia,uop,ano_arquivo
"511785,0",2023-03-20,segunda-feira,09:10:00,SC,101,"383,5",ICARA,Velocidade Incompatível,Colisão com objeto,Com Vítimas Feridas,Pleno dia,Crescente,Céu Claro,Múltipla,Interseção de Vias;Curva,Não,1,0,0,1,0,0,1,1,-28.7644284,-49.29379981,SPRF-SC,DEL02-SC,UOP02-DEL02-SC,2023
"511805,0",2023-03-20,segunda-feira,17:20:00,SC,470,"57,0",BLUMENAU,Reação tardia ou ineficiente do condutor,Colisão transversal,Com Vítimas Feridas,Pleno dia,Decrescente,Céu Claro,Simples,Interseção de Vias;Reta,Sim,2,0,1,0,1,0,1,2,-26.880428,-49.136532,SPRF-SC,DEL04-SC,UOP01-DEL04-SC,2023
"511824,0",2023-03-20,segunda-feira,18:26:00,SC,470,"56,2",BLUMENAU,Ultrapassagem Indevida,Colisão transversal,Com Vítimas Feridas,Anoitecer,Crescente,Nublado,Simples,Reta,Sim,2,0,1,0,1,0,1,2,-26.87674,-49.127743,SPRF-SC,DEL04-SC,UOP01-DEL04-SC,2023
"511853,0",2023-03-20,segunda-feira,19:45:00,SC,280,"111,3",SAO BENTO DO SUL,Pista em desnível,Tombamento,Com Vítimas Feridas,Plena Noite,Decrescente,Céu Claro,Simples,Reta,Não,1,0,1,0,0,0,1,1,-26.31295828,-49.38837778,SPRF-SC,DEL06-SC,UOP03-DEL06-SC,2023
"511862,0",2023-03-20,segunda-feira,22:05:00,SC,101,"192,0",BIGUACU,Condutor deixou de manter distância do veículo da frente,Queda de ocupante de veículo,Com Vítimas Feridas,Plena Noite,Crescente,Céu Claro,Dupla,Curva,Sim,2,0,1,0,1,0,1,2,-27.47930127,-48.64424229,SPRF-SC,DEL01-SC,UOP01-DEL01-SC,2023
"511866,0",2023-03-20,segunda-feira,22:00:00,SC,101,"218,0",PALHOCA,Sinalização encoberta,Queda de ocupante de veículo,Com Vítimas Feridas,Plena Noite,Crescente,Céu Claro,Dupla,Reta,Não,1,0,1,0,0,0,1,1,-27.6758601,-48.67052525,SPRF-SC,DEL01-SC,UOP02-DEL01-SC,2023
"511885,0",2023-03-21,terça-feira,01:45:00,SC,470,"301,5",CAMPOS NOVOS,Velocidade Incompatível,Colisão com objeto,Sem Vítimas,Plena Noite,Crescente,Céu Claro,Simples,Reta,Não,1,0,0,0,1,0,0,1,-27.373833,-51.056301,SPRF-SC,DEL07-SC,UOP06-DEL07-SC,2023
"511893,0",2023-03-20,segunda-feira,23:35:00,SC,280,"58,7",JARAGUA DO SUL,Acessar a via sem observar a presença dos outros veículos,Colisão frontal,Com Vítimas Feridas,Plena Noite,Crescente,Céu Claro,Simples,Reta;Interseção de Vias,Sim,2,0,1,0,1,0,1,2,-26.47415593,-49.021211,SPRF-SC,DEL03-SC,UOP03-DEL03-SC,2023
"511898,0",2023-03-21,terça-feira,07:40:00,SC,101,"198,0",BIGUACU,Manobra de mudança de faixa,Colisão lateral mesmo sentido,Com Vítimas Feridas,Pleno dia,Crescente,Céu Claro,Dupla,Reta,Não,2,0,1,0,0,1,1,2,-27.52658712,-48.63506019,SPRF-SC,DEL01-SC,UOP01-DEL01-SC,2023
"511928,0",2023-03-17,sexta-feira,20:50:00,SC,116,"199,0",PONTE ALTA,Condutor Dormindo,Colisão com objeto,Sem Vítimas,Plena Noite,Decrescente,Nublado,Simples,Reta,Não,1,0,0,0,1,0,0,1,-27.42102791,-50.41128862,SPRF-SC,DEL05-SC,UOP03-DEL05-SC,2023
"511954,0",2023-03-21,terça-feira,10:00:00,SC,280,"13,7",SAO FRANCISCO DO SUL,Transitar na contramão,Colisão frontal,Com Vítimas Feridas,Pleno dia,Crescente,Céu Claro,Simples,Reta,Não,3,0,1,1,1,0,2,3,-26.32171113,-48.64798666,SPRF-SC,DEL03-SC,UOP03-DEL03-SC,2023
"511982,0",2023-03-21,terça-feira,15:00:00,SC,280,"24,7",ARAQUARI,Reação tardia ou ineficiente do condutor,Engavetamento,Com Vítimas Feridas,Pleno dia,Crescente,Céu Claro,Simples,Reta,Sim,4,0,1,0,3,0,1,3,-26.37724921,-48.71953282,SPRF-SC,DEL03-SC,UOP03-DEL03-SC,2023
"512005,0",2023-03-21,terça-feira,17:00:00,SC,101,"112,0",ITAJAI,Trafegar com motocicleta (ou similar) entre as faixas,Queda de ocupante de veículo,Com Vítimas Feridas,Pleno dia,Decrescente,Céu Claro,Dupla,Reta;Ponte,Não,1,0,1,0,0,0,1,1,-26.84589005,-48.72131295,SPRF-SC,DEL04-SC,UOP04-DEL04-SC,2023
"512029,0",2023-03-21,terça-feira,17:40:00,SC,101,"135,0",BALNEARIO CAMBORIU,Ausência de reação do condutor,Colisão lateral mesmo sentido,Com Vítimas Feridas,Pleno dia,Crescente,Céu Claro,Simples,Reta,Sim,2,0,0,1,0,1,1,2,-27.0050108,-48.62677494,SPRF-SC,DEL04-SC,UOP03-DEL04-SC,2023
"512031,0",2023-03-21,terça-feira,18:15:00,SC,101,"130,6",BALNEARIO CAMBORIU,Acesso irregular,Colisão frontal,Com Vítimas Feridas,Plena Noite,Crescente,Nublado,Múltipla,Reta,Não,2,0,1,0,1,0,1,2,-26.98407618,-48.66977107,SPRF-SC,DEL04-SC,UOP03-DEL04-SC,2023
"512034,0",2023-03-21,terça-feira,19:10:00,SC,101,"103,5",BALNEARIO PICARRAS,Ausência de reação do condutor,Queda de ocupante de veículo,Com Vítimas Feridas,Plena Noite,Crescente,Nublado,Múltipla,Reta,Sim,2,0,2,0,0,0,2,1,-26.7832381,-48.68314632,SPRF-SC,DEL03-SC,UOP02-DEL03-SC,2023
"512047,0",2023-03-21,terça-feira,17:30:00,SC,470,"137,4",RIO DO SUL,Acessar a via sem observar a presença dos outros veículos,Colisão lateral mesmo sentido,Com Vítimas Feridas,Pleno dia,Decrescente,Céu Claro,Simples,Declive;Reta,Sim,2,0,1,0,1,0,1,2,-27.203201,-49.635063,SPRF-SC,DEL04-SC,UOP02-DEL04-SC,2023
"512060,0",2023-02-19,domingo,18:55:00,SC,101,"95,6",BARRA VELHA,Desrespeitar a preferência no cruzamento,Colisão transversal,Com Vítimas Feridas,Plena Noite,Decrescente,Chuva,Simples,Reta;Declive;Viaduto,Sim,2,0,1,0,1,0,1,2,-26.71514832,-48.70228529,SPRF-SC,DEL03-SC,UOP02-DEL03-SC,2023
"512063,0",2023-02-11,sábado,21:58:00,SC,101,"92,8",BARRA VELHA,Reação tardia ou ineficiente do condutor,Tombamento,Com Vítimas Feridas,Plena Noite,Decrescente,Nublado,Dupla,Reta,Não,1,0,0,1,0,0,1,1,-26.6806041,-48.6931497,SPRF-SC,DEL03-SC,UOP02-DEL03-SC,2023
"512099,0",2023-03-22,quarta-feira,08:00:00,SC,101,"206,9",SAO JOSE,Condutor deixou de manter distância do veículo da frente,Colisão traseira,Com Vítimas Feridas,Pleno dia,Crescente,Céu Claro,Dupla,Reta,Sim,2,0,1,0,1,0,1,2,-27.59193546,-48.61824557,SPRF-SC,DEL01-SC,UOP01-DEL01-SC,2023
"512103,0",2023-03-22,quarta-feira,08:20:00,SC,101,"204,0",SAO JOSE,Manobra de mudança de faixa,Colisão lateral mesmo sentido,Com Vítimas Feridas,Pleno dia,Crescente,Céu Claro,Múltipla,Reta,Sim,3,0,1,1,1,0,2,2,-27.57413014,-48.61363083,SPRF-SC,DEL01-SC,UOP01-DEL01-SC,2023
"512108,0",2023-03-22,quarta-feira,09:00:00,SC,282,"5,0",SAO JOSE,Condutor deixou de manter distância do veículo da frente,Colisão lateral mesmo sentido,Com Vítimas Feridas,Pleno dia,Decrescente,Céu Claro,Múltipla,Reta,Não,3,0,2,0,1,0,2,2,-27.588425,-48.612919,SPRF-SC,DEL01-SC,UOP01-DEL01-SC,2023
"512128,0",2023-03-22,quarta-feira,09:20:00,SC,470,"329,1",CAMPOS NOVOS,Desrespeitar a preferência no cruzamento,Colisão transversal,Com Vítimas Feridas,Pleno dia,Decrescente,Sol,Simples,Reta;Retorno Regulamentado,Não,2,0,1,0,1,0,1,2,-27.46828319,-51.27508163,SPRF-SC,DEL07-SC,UOP06-DEL07-SC,2023
"512147,0",2023-03-22,quarta-feira,13:20:00,SC,280,"126,0",RIO NEGRINHO,Acessar a via sem observar a presença dos outros veículos,Colisão traseira,Com Vítimas Feridas,Pleno dia,Crescente,Céu Claro,Simples,Reta;Interseção de Vias,Não,4,0,1,0,1,2,1,3,-26.23779604,-49.49427399,SPRF-SC,DEL06-SC,UOP03-DEL06-SC,2023
"512169,0",2023-03-22,quarta-feira,14:45:00,SC,470,"21,9",ILHOTA,Acessar a via sem observar a presença dos outros veículos,Colisão transversal,Com Vítimas Feridas,Pleno dia,Decrescente,Céu Claro,Dupla,Interseção de Vias,Não,2,0,0,1,1,0,1,2,-26.876698,-48.827362,SPRF-SC,DEL04-SC,UOP04-DEL04-SC,2023
"512184,0",2023-03-22,quarta-feira,16:40:00,SC,101,"106,3",PENHA,Condutor deixou de manter distância do veículo da frente,Colisão traseira,Com Vítimas Feridas,Pleno dia,Crescente,Céu Claro,Dupla,Declive;Curva,Não,2,0,1,0,1,0,1,2,-26.81998843,-48.68415356,SPRF-SC,DEL03-SC,UOP02-DEL03-SC,2023
"512194,0",2023-03-22,quarta-feira,17:30:00,SC,282,"3,5",FLORIANOPOLIS,Manobra de mudança de faixa,Colisão lateral mesmo sentido,Com Vítimas Feridas,Anoitecer,Crescente,Garoa/Chuvisco,Múltipla,Reta,Sim,2,0,1,0,1,0,1,2,-27.600384,-48.599705,SPRF-SC,DEL01-SC,UOP01-DEL01-SC,2023
"512204,0",2023-03-22,quarta-feira,17:30:00,SC,101,"212,6",PALHOCA,Ausência de reação do condutor,Tombamento,Com Vítimas Feridas,Pleno dia,Crescente,Chuva,Dupla,Reta;Interseção de Vias,Sim,1,0,1,0,0,0,1,1,-27.62996929,-48.65903871,SPRF-SC,DEL01-SC,UOP02-DEL01-SC,2023
"512236,0",2023-03-22,quarta-feira,19:15:00,SC,101,"114,0",ITAJAI,Reação tardia ou ineficiente do condutor,Colisão traseira,Com Vítimas Feridas,Plena Noite,Decrescente,Nublado,Dupla,Reta,Sim,2,0,0,1,1,0,1,2,-26.86192886,-48.7286704,SPRF-SC,DEL04-SC,UOP04-DEL04-SC,2023
"512252,0",2023-03-22,quarta-feira,19:00:00,SC,101,"123,0",ITAJAI,Ausência de reação do condutor,Colisão traseira,Com Vítimas Feridas,Plena Noite,Decrescente,Garoa/Chuvisco,Dupla,Reta,Não,1,0,0,1,0,0,1,1,-26.93668609,-48.69876905,SPRF-SC,DEL04-SC,UOP04-DEL04-SC,2023
"512265,0",2023-03-23,quinta-feira,00:32:00,SC,101,"20,0",JOINVILLE,Avarias e/ou desgaste excessivo no pneu,Colisão com objeto,Com Vítimas Feridas,Plena Noite,Crescente,Chuva,Dupla,Reta,Não,1,0,1,0,0,0,1,1,-26.140675,-48.902995,SPRF-SC,DEL03-SC,UOP01-DEL03-SC,2023
"512282,0",2023-03-23,quinta-feira,03:25:00,SC,101,"140,0",BALNEARIO CAMBORIU,Velocidade Incompatível,Saída de leito carroçável,Sem Vítimas,Plena Noite,Decrescente,Chuva,Simples,Curva;Declive,Sim,1,0,0,0,0,1,0,1,-27.03881189,-48.60025148,SPRF-SC,DEL04-SC,UOP03-DEL04-SC,2023
"512283,0",2023-03-23,quinta-feira,06:00:00,SC,101,"129,0",BALNEARIO CAMBORIU,Chuva,Saída de leito carroçável,Com Vítimas Feridas,Amanhecer,Decrescente,Chuva,Dupla,Reta,Não,2,0,1,0,1,0,1,1,-26.98064277,-48.6790679,SPRF-SC,DEL04-SC,UOP03-DEL04-SC,2023
"512284,0",2023-03-23,quinta-feira,07:00:00,SC,101,"140,0",BALNEARIO CAMBORIU,Acumulo de água sobre o pavimento,Colisão com objeto,Com Vítimas Feridas,Amanhecer,Crescente,Céu Claro,Dupla,Reta,Não,2,0,0,2,0,0,2,1,-27.03879211,-48.60274315,SPRF-SC,DEL04-SC,UOP03-DEL04-SC,2023
"512292,0",2023-03-23,quinta-feira,07:30:00,SC,282,"17,0",PALHOCA,Trafegar com motocicleta (ou similar) entre as faixas,Colisão lateral mesmo sentido,Com Vítimas Feridas,Pleno dia,Crescente,Garoa/Chuvisco,Simples,Interseção de Vias;Rotatória,Sim,2,0,1,0,1,0,1,2,-27.665707,-48.688065,SPRF-SC,DEL01-SC,UOP02-DEL01-SC,2023
"512300,0",2023-03-23,quinta-feira,08:15:00,SC,101,"73,0",ARAQUARI,Reação tardia ou ineficiente do condutor,Colisão com objeto,Com Vítimas Feridas,Pleno dia,Crescente,Nublado,Dupla,Curva,Não,1,0,1,0,0,0,1,1,-26.53567108,-48.71326731,SPRF-SC,DEL03-SC,UOP02-DEL03-SC,2023
"512318,0",2023-03-23,quinta-feira,06:20:00,SC,116,"145,0",SANTA CECILIA,Acessar a via sem observar a presença dos outros veículos,Colisão transversal,Com Vítimas Feridas,Pleno dia,Decrescente,Céu Claro,Simples,Reta,Não,2,0,0,1,1,0,1,2,-26.99576203,-50.40504813,SPRF-SC,DEL06-SC,UOP02-DEL06-SC,2023
"512327,0",2023-03-23,quinta-feira,10:05:00,SC,101,"233,9",PALHOCA,Chuva,Colisão com objeto,Com Vítimas Feridas,Pleno dia,Crescente,Garoa/Chuvisco,Dupla,Declive;Reta,Não,1,0,1,0,0,0,1,1,-27.80376397,-48.63826211,SPRF-SC,DEL01-SC,UOP02-DEL01-SC,2023
"512342,0",2023-03-23,quinta-feira,11:55:00,SC,101,"209,0",SAO JOSE,Condutor deixou de manter distância do veículo da frente,Colisão traseira,Com Vítimas Feridas,Pleno dia,Crescente,Nublado,Dupla,Reta,Sim,2,0,1,0,1,0,1,2,-27.61000542,-48.63895057,SPRF-SC,DEL01-SC,UOP01-DEL01-SC,2023
"512351,0",2023-03-23,quinta-feira,12:13:00,SC,101,"438,2",SOMBRIO,Transitar na contramão,Colisão frontal,Com Vítimas Feridas,Pleno dia,Crescente,Céu Claro,Múltipla,Interseção de Vias,Não,2,0,1,0,1,0,1,2,-29.12365438,-49.65695858,SPRF-SC,DEL02-SC,UOP02-DEL02-SC,2023
"512360,0",2023-03-23,quinta-feira,14:15:00,SC,101,"276,0",IMBITUBA,Acessar a via sem observar a presença dos outros veículos,Colisão transversal,Com Vítimas Feridas,Pleno dia,Decrescente,Céu Claro,Simples,Interseção de Vias;Viaduto,Não,3,0,2,0,1,0,2,2,-28.16030298,-48.69302094,SPRF-SC,DEL02-SC,UOP03-DEL02-SC,2023
"512395,0",2023-03-23,quinta-feira,18:20:00,SC,101,"201,4",SAO JOSE,Trafegar com motocicleta (ou similar) entre as faixas,Colisão transversal,Com Vítimas Feridas,Plena Noite,Crescente,Céu Claro,Múltipla,Reta,Sim,3,0,2,0,1,0,2,2,-27.54836599,-48.61977975,SPRF-SC,DEL01-SC,UOP01-DEL01-SC,2023
"512413,0",2023-03-23,quinta-feira,17:00:00,SC,470,"91,0",ASCURRA,Acessar a via sem observar a presença dos outros veículos,Colisão lateral sentido oposto,Com Vítimas Feridas,Pleno dia,Crescente,Céu Claro,Simples,Reta,Não,2,0,1,0,1,0,1,2,-26.97769,-49.369198,SPRF-SC,DEL04-SC,UOP01-DEL04-SC,2023
"512426,0",2023-03-23,quinta-feira,19:15:00,SC,163,"0,7",DIONISIO CERQUEIRA,Manobra de mudança de faixa,Colisão frontal,Com Vítimas Feridas,Plena Noite,Crescente,Céu Claro,Simples,Aclive;Reta,Sim,2,0,1,0,1,0,1,2,-26.2613,-53.6206,SPRF-SC,DEL07-SC,UOP03-DEL07-SC,2023
"512434,0",2023-03-23,quinta-feira,23:30:00,SC,101,"211,0",PALHOCA,Demais falhas mecânicas ou elétricas,Colisão traseira,Sem Vítimas,Pleno dia,Decrescente,Garoa/Chuvisco,Múltipla,Ponte,Não,2,0,0,0,2,0,0,2,-27.62329313,-48.65245588,SPRF-SC,DEL01-SC,UOP02-DEL01-SC,2023
"512439,0",2023-03-24,sexta-feira,00:30:00,SC,282,"0,5",FLORIANOPOLIS,Reação tardia ou ineficiente do condutor,Saída de leito carroçável,Sem Vítimas,Plena Noite,Crescente,Ignorado,Múltipla,Curva,Sim,1,0,0,0,1,0,0,1,-27.59845,-48.571995,SPRF-SC,DEL01-SC,UOP01-DEL01-SC,2023
"512442,0",2023-03-24,sexta-feira,00:20:00,SC,101,"200,0",SAO JOSE,Manobra de mudança de faixa,Colisão traseira,Com Vítimas Feridas,Plena Noite,Decrescente,Nublado,Múltipla,Declive;Curva,Não,2,0,1,0,1,0,1,2,-27.54018513,-48.62287714,SPRF-SC,DEL01-SC,UOP01-DEL01-SC,2023
"512471,0",2023-03-24,sexta-feira,06:40:00,SC,470,"26,0",ILHOTA,Demais falhas mecânicas ou elétricas,Queda de ocupante de veículo,Com Vítimas Feridas,Amanhecer,Decrescente,Nublado,Dupla,Reta,Não,1,0,1,0,0,0,1,1,-26.88942574,-48.8805449,SPRF-SC,DEL04-SC,UOP04-DEL04-SC,2023
"512476,0",2023-03-24,sexta-feira,07:00:00,SC,101,"209,0",SAO JOSE,Manobra de mudança de faixa,Colisão lateral mesmo sentido,Com Vítimas Feridas,Pleno dia,Crescente,Céu Claro,Múltipla,Reta;Declive,Sim,3,0,1,0,0,2,1,3,-27.61000542,-48.63895057,SPRF-SC,DEL01-SC,UOP01-DEL01-SC,2023
"512497,0",2023-03-24,sexta-feira,10:05:00,SC,470,"6,0",NAVEGANTES,Transitar na contramão,Colisão frontal,Com Vítimas Feridas,Pleno dia,Decrescente,Céu Claro,Dupla,Reta,Sim,2,0,1,1,0,0,2,2,-26.85154022,-48.71051431,SPRF-SC,DEL04-SC,UOP04-DEL04-SC,2023
"512509,0",2023-03-24,sexta-feira,11:15:00,SC,470,"67,4",INDAIAL,Ausência de reação do condutor,Colisão traseira,Com Vítimas Feridas,Pleno dia,Decrescente,Sol,Simples,Reta,Não,2,0,0,1,1,0,1,2,-26.872158,-49.23127,SPRF-SC,DEL04-SC,UOP01-DEL04-SC,2023
"512513,0",2023-03-24,sexta-feira,11:30:00,SC,280,"68,1",JARAGUA DO SUL,Ultrapassagem Indevida,Colisão lateral mesmo sentido,Com Vítimas Feridas,Pleno dia,Crescente,Céu Claro,Simples,Reta,Não,3,0,0,1,2,0,1,3,-26.47277719,-49.11098612,SPRF-SC,DEL03-SC,UOP03-DEL03-SC,2023
"512524,0",2023-03-24,sexta-feira,13:20:00,SC,280,"7,0",SAO FRANCISCO DO SUL,Ingestão de álcool pelo condutor,Colisão traseira,Sem Vítimas,Pleno dia,Crescente,Sol,Simples,Reta,Sim,2,0,0,0,2,0,0,2,-26.24531966,-48.61556107,SPRF-SC,DEL03-SC,UOP03-DEL03-SC,2023
"512527,0",2023-03-24,sexta-feira,12:30:00,SC,470,"70,9",INDAIAL,Ausência de reação do condutor,Colisão transversal,Com Vítimas Feridas,Pleno dia,Crescente,Sol,Simples,Reta;Declive,Não,3,0,0,2,1,0,2,2,-26.889374,-49.254478,SPRF-SC,DEL04-SC,UOP01-DEL04-SC,2023
"512559,0",2023-03-24,sexta-feira,18:00:00,SC,101,"194,0",BIGUACU,Trafegar com motocicleta (ou similar) entre as faixas,Colisão lateral mesmo sentido,Com Vítimas Feridas,Anoitecer,Decrescente,Céu Claro,Múltipla,Reta,Não,2,0,0,1,1,0,1,2,-27.49815117,-48.65661236,SPRF-SC,DEL01-SC,UOP01-DEL01-SC,2023
"512574,0",2023-03-24,sexta-feira,18:30:00,SC,101,"201,0",SAO JOSE,Condutor deixou de manter distância do veículo da frente,Colisão traseira,Com Vítimas Feridas,Plena Noite,Decrescente,Nublado,Dupla,Reta,Sim,1,0,1,0,0,0,1,1,-27.54836599,-48.61977975,SPRF-SC,DEL01-SC,UOP01-DEL01-SC,2023
"512577,0",2023-03-24,sexta-feira,15:00:00,SC,282,"115,3",ALFREDO WAGNER,Velocidade Incompatível,Saída de leito carroçável,Com Vítimas Feridas,Pleno dia,Crescente,Garoa/Chuvisco,Simples,Curva,Não,1,0,0,1,0,0,1,1,-27.755424,-49.39444,SPRF-SC,DEL01-SC,UOP03-DEL01-SC,2023
"512602,0",2023-03-24,sexta-feira,19:10:00,SC,470,"19,8",ILHOTA,Reação tardia ou ineficiente do condutor,Saída de leito carroçável,Com Vítimas Feridas,Plena Noite,Decrescente,Céu Claro,Dupla,Reta,Não,3,0,3,0,0,0,3,1,-26.862995,-48.814396,SPRF-SC,DEL04-SC,UOP04-DEL04-SC,2023
"512611,0",2023-03-24,sexta-feira,19:40:00,SC,101,"446,0",SANTA ROSA DO SUL,Demais falhas mecânicas ou elétricas,Queda de ocupante de veículo,Com Vítimas Feridas,Plena Noite,Crescente,Céu Claro,Dupla,Reta,Não,2,0,2,0,0,0,2,1,-29.14529081,-49.72240128,SPRF-SC,DEL02-SC,UOP02-DEL02-SC,2023
"512620,0",2023-03-24,sexta-feira,21:20:00,SC,101,"85,9",BARRA VELHA,Reação tardia ou ineficiente do condutor,Colisão traseira,Sem Vítimas,Plena Noite,Crescente,Céu Claro,Múltipla,Reta;Rotatória;Viaduto,Sim,2,0,0,0,2,0,0,2,-26.62840879,-48.70813584,SPRF-SC,DEL03-SC,UOP02-DEL03-SC,2023
"512623,0",2023-03-24,sexta-feira,22:00:00,SC,101,"214,0",PALHOCA,Frear bruscamente,Colisão transversal,Com Vítimas Feridas,Plena Noite,Crescente,Nublado,Simples,Interseção de Vias,Sim,2,0,0,1,1,0,1,2,-27.64443,-48.67057,SPRF-SC,DEL01-SC,UOP02-DEL01-SC,2023
"512632,0",2023-03-24,sexta-feira,22:10:00,SC,116,"219,3",CORREIA PINTO,Desrespeitar a preferência no cruzamento,Colisão transversal,Com Vítimas Feridas,Plena Noite,Decrescente,Céu Claro,Simples,Rotatória,Sim,2,0,1,0,0,1,1,2,-27.58076,-50.3681,SPRF-SC,DEL05-SC,UOP03-DEL05-SC,2023
"512637,0",2023-03-24,sexta-feira,22:45:00,SC,282,"388,6",JOACABA,Manobra de mudança de faixa,Colisão lateral mesmo sentido,Com Vítimas Feridas,Plena Noite,Crescente,Céu Claro,Simples,Curva,Não,2,0,1,0,1,0,1,2,-27.179003,-51.531616,SPRF-SC,DEL07-SC,UOP05-DEL07-SC,2023
"512644,0",2023-03-25,sábado,00:30:00,SC,470,"62,0",BLUMENAU,Ausência de reação do condutor,Colisão com objeto,Sem Vítimas,Plena Noite,Crescente,Nublado,Simples,Curva,Não,1,0,0,0,0,1,0,1,-26.874521,-49.182938,SPRF-SC,DEL04-SC,UOP01-DEL04-SC,2023
"512650,0",2023-03-24,sexta-feira,23:30:00,SC,470,"242,9",CURITIBANOS,Reação tardia ou ineficiente do condutor,Saída de leito carroçável,Com Vítimas Feridas,Plena Noite,Crescente,Nublado,Simples,Rotatória,Não,1,0,1,0,0,0,1,1,-27.31489164,-50.51548004,SPRF-SC,DEL05-SC,UOP03-DEL05-SC,2023
"512661,0",2023-03-25,sábado,04:15:00,SC,101,"205,0",SAO JOSE,Ingestão de álcool pelo condutor,Colisão com objeto,Com Vítimas Feridas,Plena Noite,Crescente,Céu Claro,Dupla,Curva,Sim,1,0,1,0,0,0,1,1,-27.58313237,-48.61532885,SPRF-SC,DEL01-SC,UOP01-DEL01-SC,2023
"512669,0",2023-03-25,sábado,06:00:00,SC,282,"2,9",FLORIANOPOLIS,Ingestão de álcool pelo condutor,Saída de leito carroçável,Com Vítimas Feridas,Amanhecer,Crescente,Nublado,Dupla,Curva;Declive,Sim,1,0,1,0,0,0,1,1,-27.603289,-48.590416,SPRF-SC,DEL01-SC,UOP01-DEL01-SC,2023
"512675,0",2023-03-25,sábado,00:05:00,SC,280,"4,4",SAO FRANCISCO DO SUL,Acessar a via sem observar a presença dos outros veículos,Colisão frontal,Com Vítimas Feridas,Plena Noite,Decrescente,Céu Claro,Simples,Reta,Sim,2,0,1,0,1,0,1,2,-26.25329566,-48.61916042,SPRF-SC,DEL03-SC,UOP03-DEL03-SC,2023
"512676,0",2023-03-25,sábado,06:00:00,SC,470,"66,7",INDAIAL,Ausência de reação do condutor,Colisão com objeto,Sem Vítimas,Amanhecer,Decrescente,Céu Claro,Simples,Ponte;Reta,Não,1,0,0,0,0,1,0,1,-26.870407,-49.221844,SPRF-SC,DEL04-SC,UOP01-DEL04-SC,2023
"512697,0",2023-03-25,sábado,08:30:00,SC,101,"252,5",PAULO LOPES,Reação tardia ou ineficiente do condutor,Colisão transversal,Com Vítimas Feridas,Pleno dia,Decrescente,Céu Claro,Simples,Interseção de Vias,Sim,2,0,1,0,1,0,1,2,-27.95672412,-48.6767588,SPRF-SC,DEL02-SC,UOP03-DEL02-SC,2023
"512709,0",2023-03-25,sábado,10:10:00,SC,101,"214,3",PALHOCA,Desrespeitar a preferência no cruzamento,Colisão transversal,Com Vítimas Feridas,Pleno dia,Decrescente,Céu Claro,Dupla,Interseção de Vias,Sim,2,0,1,0,1,0,1,2,-27.64443,-48.67057,SPRF-SC,DEL01-SC,UOP02-DEL01-SC,2023
"512710,0",2023-03-25,sábado,09:35:00,SC,101,"357,0",SANGAO,Desrespeitar a preferência no cruzamento,Colisão transversal,Com Vítimas Feridas,Pleno dia,Decrescente,Céu Claro,Simples,Viaduto,Não,5,0,0,1,4,0,1,2,-28.643403,-49.099546,SPRF-SC,DEL02-SC,UOP01-DEL02-SC,2023
"512711,0",2023-03-25,sábado,09:20:00,SC,470,"74,3",INDAIAL,Ausência de reação do condutor,Colisão transversal,Com Vítimas Feridas,Pleno dia,Crescente,Nublado,Simples,Reta,Sim,2,0,0,1,1,0,1,2,-26.91931485,-49.28198576,SPRF-SC,DEL04-SC,UOP01-DEL04-SC,2023
"512715,0",2023-03-25,sábado,11:10:00,SC,101,"205,0",SAO JOSE,Reação tardia ou ineficiente do condutor,Tombamento,Com Vítimas Feridas,Pleno dia,Crescente,Céu Claro,Dupla,Curva;Declive,Sim,1,0,1,0,0,0,1,1,-27.58313237,-48.61532885,SPRF-SC,DEL01-SC,UOP01-DEL01-SC,2023
"512718,0",2023-03-25,sábado,10:40:00,SC,158,"108,5",CUNHA PORA,Mal súbito do condutor,Saída de leito carroçável,Com Vítimas Feridas,Pleno dia,Crescente,Céu Claro,Simples,Curva,Não,1,0,1,0,0,0,1,1,-26.87452128,-53.12215805,SPRF-SC,DEL07-SC,UOP02-DEL07-SC,2023
"512739,0",2023-03-25,sábado,10:00:00,SC,101,"374,0",ICARA,Ausência de reação do condutor,Saída de leito carroçável,Com Vítimas Feridas,Pleno dia,Crescente,Céu Claro,Dupla,Reta,Sim,1,0,0,1,0,0,1,1,-28.71534412,-49.22723198,SPRF-SC,DEL02-SC,UOP01-DEL02-SC,2023
"512740,0",2023-03-25,sábado,08:15:00,SC,101,"336,0",TUBARAO,Desrespeitar a preferência no cruzamento,Colisão transversal,Com Vítimas Feridas,Pleno dia,Decrescente,Sol,Dupla,Reta;Rotatória,Sim,2,0,0,1,1,0,1,2,-28.47311347,-49.02437375,SPRF-SC,DEL02-SC,UOP01-DEL02-SC,2023
"512747,0",2023-03-25,sábado,13:35:00,SC,116,"133,8",SANTA CECILIA,Condutor Dormindo,Saída de leito carroçável,Com Vítimas Feridas,Pleno dia,Crescente,Céu Claro,Simples,Curva,Não,1,0,1,0,0,0,1,1,-26.91588013,-50.44574975,SPRF-SC,DEL06-SC,UOP02-DEL06-SC,2023