id,data_inversa,dia_semana,horario,uf,br,km,municipio,causa_acidente,tipo_acidente,classificacao_acidente,fase_dia,sentido_via,condicao_metereologica,tipo_pista,tracado_via,uso_solo,pessoas,mortos,feridos_leves,feridos_graves,ilesos,ignorados,feridos,veiculos,latitude,longitude,regional,delegacia,uop,ano_arquivo
"512750,0",2023-03-25,sábado,11:15:00,SC,470,"9,0",NAVEGANTES,Acessar a via sem observar a presença dos outros veículos,Colisão transversal,Com Vítimas Feridas,Pleno dia,Crescente,Céu Claro,Simples,Reta,Não,2,0,1,0,1,0,1,2,-26.833143,-48.727432,SPRF-SC,DEL04-SC,UOP04-DEL04-SC,2023
"512764,0",2023-03-25,sábado,20:20:00,SC,282,"37,0",AGUAS MORNAS,Transitar na contramão,Colisão lateral sentido oposto,Sem Vítimas,Plena Noite,Crescente,Garoa/Chuvisco,Simples,Curva,Não,2,0,0,0,0,2,0,2,-27.707325,-48.842983,SPRF-SC,DEL01-SC,UOP03-DEL01-SC,2023
"512799,0",2023-03-25,sábado,19:10:00,SC,116,"251,5",LAGES,Acumulo de água sobre o pavimento,Colisão frontal,Com Vítimas Feridas,Plena Noite,Decrescente,Chuva,Simples,Curva,Não,3,0,2,0,1,0,2,2,-27.8542052,-50.38327932,SPRF-SC,DEL05-SC,UOP02-DEL05-SC,2023
"512807,0",2023-03-25,sábado,18:50:00,SC,153,"64,0",IRANI,Transitar na contramão,Colisão frontal,Sem Vítimas,Plena Noite,Decrescente,Chuva,Simples,Reta,Sim,2,0,0,0,2,0,0,2,-27.003662,-51.872604,SPRF-SC,DEL07-SC,UOP04-DEL07-SC,2023
"512825,0",2023-03-25,sábado,23:00:00,SC,470,"65,0",INDAIAL,Ingestão de álcool pelo condutor,Saída de leito carroçável,Com Vítimas Feridas,Plena Noite,Decrescente,Garoa/Chuvisco,Simples,Reta,Não,1,0,1,0,0,0,1,1,-26.870411,-49.211864,SPRF-SC,DEL04-SC,UOP01-DEL04-SC,2023
"512849,0",2023-03-25,sábado,23:30:00,SC,280,"73,0",JARAGUA DO SUL,Ausência de reação do condutor,Colisão transversal,Com Vítimas Feridas,Plena Noite,Crescente,Céu Claro,Simples,Rotatória,Sim,2,0,0,1,0,1,1,2,-26.45917102,-49.15245,SPRF-SC,DEL03-SC,UOP03-DEL03-SC,2023
"512888,0",2023-03-25,sábado,17:00:00,SC,282,"528,0",CORDILHEIRA ALTA,Reação tardia ou ineficiente do condutor,Saída de leito carroçável,Com Vítimas Feridas,Pleno dia,Crescente,Céu Claro,Simples,Curva,Não,1,0,1,0,0,0,1,1,-26.978798,-52.588566,SPRF-SC,DEL07-SC,UOP01-DEL07-SC,2023
"512921,0",2023-03-26,domingo,10:17:00,SC,470,"79,9",INDAIAL,Reação tardia ou ineficiente do condutor,Colisão traseira,Com Vítimas Feridas,Pleno dia,Decrescente,Céu Claro,Dupla,Reta,Não,2,0,1,0,1,0,1,2,-26.951565,-49.306534,SPRF-SC,DEL04-SC,UOP01-DEL04-SC,2023
"512956,0",2023-03-26,domingo,13:55:00,SC,282,"475,8",VARGEAO,Velocidade Incompatível,Saída de leito carroçável,Sem Vítimas,Pleno dia,Crescente,Céu Claro,Simples,Curva,Não,1,0,0,0,0,1,0,1,-26.880404,-52.161064,SPRF-SC,DEL07-SC,UOP01-DEL07-SC,2023
"512957,0",2023-03-26,domingo,14:40:00,SC,101,"148,0",ITAPEMA,Manobra de mudança de faixa,Colisão lateral mesmo sentido,Com Vítimas Feridas,Pleno dia,Crescente,Céu Claro,Múltipla,Reta,Sim,2,0,0,1,1,0,1,2,-27.10123686,-48.61807962,SPRF-SC,DEL04-SC,UOP03-DEL04-SC,2023
"512972,0",2023-03-26,domingo,15:30:00,SC,101,"374,2",ICARA,Manobra de mudança de faixa,Colisão traseira,Com Vítimas Feridas,Pleno dia,Crescente,Céu Claro,Dupla,Reta,Não,2,0,1,0,1,0,1,2,-28.71534412,-49.22723198,SPRF-SC,DEL02-SC,UOP01-DEL02-SC,2023
"512988,0",2023-03-26,domingo,17:15:00,SC,101,"205,4",SAO JOSE,Acumulo de areia ou detritos sobre o pavimento,Tombamento,Com Vítimas Feridas,Pleno dia,Crescente,Nublado,Múltipla,Curva,Não,1,0,1,0,0,0,1,1,-27.58313237,-48.61532885,SPRF-SC,DEL01-SC,UOP01-DEL01-SC,2023
"512992,0",2023-03-26,domingo,18:00:00,SC,101,"144,0",ITAPEMA,Condutor deixou de manter distância do veículo da frente,Colisão traseira,Com Vítimas Feridas,Anoitecer,Crescente,Céu Claro,Dupla,Declive;Reta,Não,3,0,2,0,1,0,2,2,-27.0732659,-48.59672716,SPRF-SC,DEL04-SC,UOP03-DEL04-SC,2023
"512993,0",2023-03-26,domingo,17:00:00,SC,101,"146,0",ITAPEMA,Reação tardia ou ineficiente do condutor,Colisão traseira,Com Vítimas Feridas,Pleno dia,Decrescente,Céu Claro,Múltipla,Reta;Aclive,Sim,4,0,1,0,3,0,1,3,-27.08666525,-48.60955587,SPRF-SC,DEL04-SC,UOP03-DEL04-SC,2023
"513001,0",2023-03-26,domingo,17:12:00,SC,163,"74,0",SAO MIGUEL DO OESTE,Condutor deixou de manter distância do veículo da frente,Colisão lateral mesmo sentido,Com Vítimas Feridas,Pleno dia,Crescente,Céu Claro,Simples,Reta,Não,3,0,3,0,0,0,3,2,-26.70200479,-53.51350653,SPRF-SC,DEL07-SC,UOP03-DEL07-SC,2023
"513003,0",2023-03-26,domingo,15:30:00,SC,101,"275,0",IMBITUBA,Entrada inopinada do pedestre,Atropelamento de Pedestre,Com Vítimas Feridas,Pleno dia,Decrescente,Céu Claro,Dupla,Reta,Não,2,0,1,0,1,0,1,2,-28.138086,-48.69218292,SPRF-SC,DEL02-SC,UOP03-DEL02-SC,2023
"513013,0",2023-03-26,domingo,17:15:00,SC,101,"32,0",JOINVILLE,Manobra de mudança de faixa,Saída de leito carroçável,Com Vítimas Feridas,Pleno dia,Crescente,Céu Claro,Dupla,Curva,Não,2,0,2,0,0,0,2,1,-26.226987,-48.91657,SPRF-SC,DEL03-SC,UOP01-DEL03-SC,2023
"513017,0",2023-03-26,domingo,03:55:00,SC,470,"4,3",NAVEGANTES,Velocidade Incompatível,Colisão traseira,Com Vítimas Feridas,Plena Noite,Decrescente,Céu Claro,Dupla,Reta,Sim,2,0,1,0,0,1,1,2,-26.858473,-48.690788,SPRF-SC,DEL04-SC,UOP04-DEL04-SC,2023
"513048,0",2023-03-26,domingo,19:50:00,SC,470,"94,1",APIUNA,Ultrapassagem Indevida,Colisão frontal,Com Vítimas Feridas,Plena Noite,Decrescente,Céu Claro,Dupla,Reta,Não,3,0,1,0,2,0,1,2,-27.003345,-49.374668,SPRF-SC,DEL04-SC,UOP01-DEL04-SC,2023
"513050,0",2023-03-26,domingo,20:40:00,SC,280,"25,5",ARAQUARI,Trafegar com motocicleta (ou similar) entre as faixas,Colisão lateral mesmo sentido,Com Vítimas Feridas,Plena Noite,Crescente,Nublado,Simples,Reta,Sim,2,0,1,0,0,1,1,2,-26.38352781,-48.72677516,SPRF-SC,DEL03-SC,UOP03-DEL03-SC,2023
"513094,0",2023-03-27,segunda-feira,00:10:00,SC,282,"489,1",FAXINAL DOS GUEDES,Ingestão de álcool pelo condutor,Saída de leito carroçável,Com Vítimas Feridas,Plena Noite,Crescente,Céu Claro,Simples,Reta,Não,1,0,1,0,0,0,1,1,-26.870375,-52.274731,SPRF-SC,DEL07-SC,UOP01-DEL07-SC,2023
"513115,0",2023-03-27,segunda-feira,07:20:00,SC,101,"124,0",ITAJAI,Acessar a via sem observar a presença dos outros veículos,Colisão traseira,Com Vítimas Feridas,Amanhecer,Decrescente,Céu Claro,Dupla,Interseção de Vias,Sim,2,0,1,0,1,0,1,2,-26.94335064,-48.69198648,SPRF-SC,DEL04-SC,UOP04-DEL04-SC,2023
"513135,0",2023-03-27,segunda-feira,07:30:00,SC,101,"362,2",SANGAO,Ausência de reação do condutor,Colisão traseira,Com Vítimas Feridas,Pleno dia,Decrescente,Céu Claro,Dupla,Reta;Aclive,Não,3,0,2,0,1,0,2,2,-28.67703407,-49.13360596,SPRF-SC,DEL02-SC,UOP01-DEL02-SC,2023
"513144,0",2023-03-27,segunda-feira,09:50:00,SC,101,"204,6",SAO JOSE,Reação tardia ou ineficiente do condutor,Colisão traseira,Com Vítimas Feridas,Pleno dia,Crescente,Céu Claro,Múltipla,Reta,Não,2,0,1,0,1,0,1,2,-27.57413014,-48.61363083,SPRF-SC,DEL01-SC,UOP01-DEL01-SC,2023
"513154,0",2023-03-27,segunda-feira,10:35:00,SC,101,"208,6",SAO JOSE,Reação tardia ou ineficiente do condutor,Colisão traseira,Com Vítimas Feridas,Pleno dia,Decrescente,Sol,Múltipla,Interseção de Vias,Sim,3,0,1,0,1,1,1,3,-27.60327979,-48.63201818,SPRF-SC,DEL01-SC,UOP01-DEL01-SC,2023
"513163,0",2023-03-27,segunda-feira,11:00:00,SC,470,"58,0",BLUMENAU,Estacionar ou parar em local proibido,Eventos atípicos,Sem Vítimas,Pleno dia,Decrescente,Céu Claro,Simples,Reta,Não,1,0,0,0,0,1,0,1,-26.883879,-49.145622,SPRF-SC,DEL04-SC,UOP01-DEL04-SC,2023
"513208,0",2023-03-27,segunda-feira,15:35:00,SC,101,"212,0",PALHOCA,Ausência de reação do condutor,Colisão traseira,Com Vítimas Feridas,Pleno dia,Decrescente,Céu Claro,Dupla,Reta,Sim,2,0,0,1,1,0,1,2,-27.62996929,-48.65903871,SPRF-SC,DEL01-SC,UOP02-DEL01-SC,2023
"513231,0",2023-03-27,segunda-feira,17:10:00,SC,470,"249,0",CURITIBANOS,Estacionar ou parar em local proibido,Colisão traseira,Sem Vítimas,Pleno dia,Decrescente,Céu Claro,Simples,Aclive;Reta,Sim,5,0,0,0,5,0,0,2,-27.312902,-50.559643,SPRF-SC,DEL05-SC,UOP03-DEL05-SC,2023
"513264,0",2023-03-27,segunda-feira,19:20:00,SC,470,"115,5",IBIRAMA,Acostamento em desnível,Tombamento,Com Vítimas Feridas,Plena Noite,Crescente,Céu Claro,Simples,Reta,Não,1,0,0,1,0,0,1,1,-27.07785091,-49.49266791,SPRF-SC,DEL04-SC,UOP02-DEL04-SC,2023
"513278,0",2023-03-27,segunda-feira,21:15:00,SC,116,"36,5",ITAIOPOLIS,Reação tardia ou ineficiente do condutor,Saída de leito carroçável,Sem Vítimas,Plena Noite,Decrescente,Céu Claro,Simples,Reta,Não,1,0,0,0,0,1,0,1,-26.33961452,-50.01914263,SPRF-SC,DEL06-SC,UOP01-DEL06-SC,2023
"513284,0",2023-03-27,segunda-feira,21:30:00,SC,470,"71,0",INDAIAL,Ultrapassagem Indevida,Colisão frontal,Com Vítimas Feridas,Plena Noite,Crescente,Nublado,Simples,Reta;Declive,Sim,3,0,2,0,1,0,2,2,-26.895243,-49.262104,SPRF-SC,DEL04-SC,UOP01-DEL04-SC,2023
"513294,0",2023-03-28,terça-feira,04:30:00,SC,280,"58,7",GUARAMIRIM,Ausência de reação do condutor,Atropelamento de Pedestre,Com Vítimas Feridas,Amanhecer,Decrescente,Céu Claro,Simples,Reta,Sim,2,0,1,0,1,0,1,2,-26.47415593,-49.021211,SPRF-SC,DEL03-SC,UOP03-DEL03-SC,2023
"513308,0",2023-03-28,terça-feira,05:30:00,SC,282,"377,0",ERVAL VELHO,Pista Escorregadia,Queda de ocupante de veículo,Com Vítimas Feridas,Amanhecer,Crescente,Céu Claro,Simples,Curva,Não,1,0,1,0,0,0,1,1,-27.216974,-51.470055,SPRF-SC,DEL07-SC,UOP05-DEL07-SC,2023
"513314,0",2023-03-28,terça-feira,06:30:00,SC,282,"376,7",HERVAL DOESTE,Acumulo de óleo sobre o pavimento,Tombamento,Com Vítimas Feridas,Pleno dia,Crescente,Céu Claro,Simples,Declive;Reta,Não,2,0,1,0,1,0,1,2,-27.220205,-51.461185,SPRF-SC,DEL07-SC,UOP05-DEL07-SC,2023
"513348,0",2023-03-28,terça-feira,10:00:00,SC,280,"66,0",JARAGUA DO SUL,Conversão proibida,Colisão lateral mesmo sentido,Com Vítimas Feridas,Pleno dia,Decrescente,Céu Claro,Simples,Reta,Não,2,0,1,0,1,0,1,2,-26.47606607,-49.09568797,SPRF-SC,DEL03-SC,UOP03-DEL03-SC,2023
"513369,0",2023-03-28,terça-feira,13:20:00,SC,470,"65,0",INDAIAL,Ausência de reação do condutor,Colisão transversal,Com Vítimas Feridas,Pleno dia,Decrescente,Céu Claro,Simples,Reta,Não,3,0,1,0,2,0,1,2,-26.870411,-49.211864,SPRF-SC,DEL04-SC,UOP01-DEL04-SC,2023
"513403,0",2023-03-28,terça-feira,13:30:00,SC,282,"367,1",ERVAL VELHO,Ausência de reação do condutor,Capotamento,Com Vítimas Feridas,Pleno dia,Crescente,Sol,Simples,Reta,Não,2,0,1,1,0,0,2,1,-27.287449,-51.425842,SPRF-SC,DEL07-SC,UOP05-DEL07-SC,2023
"513419,0",2023-03-28,terça-feira,17:15:00,SC,101,"127,0",ITAJAI,Avarias e/ou desgaste excessivo no pneu,Tombamento,Com Vítimas Feridas,Pleno dia,Crescente,Céu Claro,Dupla,Curva,Sim,2,0,1,0,1,0,1,1,-26.9639319,-48.68328024,SPRF-SC,DEL04-SC,UOP04-DEL04-SC,2023
"513425,0",2023-03-28,terça-feira,18:20:00,SC,101,"204,0",SAO JOSE,Reação tardia ou ineficiente do condutor,Queda de ocupante de veículo,Com Vítimas Feridas,Anoitecer,Decrescente,Nublado,Simples,Reta,Sim,1,0,1,0,0,0,1,1,-27.57413014,-48.61363083,SPRF-SC,DEL01-SC,UOP01-DEL01-SC,2023
"513438,0",2023-03-28,terça-feira,20:30:00,SC,101,"365,6",SANGAO,Pedestre andava na pista,Atropelamento de Pedestre,Com Vítimas Feridas,Plena Noite,Crescente,Céu Claro,Dupla,Reta,Não,2,0,0,1,1,0,1,2,-28.68290284,-49.14759308,SPRF-SC,DEL02-SC,UOP01-DEL02-SC,2023
"513454,0",2023-03-28,terça-feira,21:45:00,SC,470,"65,9",INDAIAL,Frear bruscamente,Colisão transversal,Com Vítimas Feridas,Plena Noite,Decrescente,Céu Claro,Simples,Reta,Não,2,0,2,0,0,0,2,2,-26.870411,-49.211864,SPRF-SC,DEL04-SC,UOP01-DEL04-SC,2023
"513474,0",2023-03-29,quarta-feira,05:50:00,SC,163,"73,4",SAO MIGUEL DO OESTE,Desrespeitar a preferência no cruzamento,Colisão transversal,Com Vítimas Feridas,Amanhecer,Decrescente,Céu Claro,Dupla,Reta;Interseção de Vias,Sim,2,0,0,1,1,0,1,2,-26.70744135,-53.51408694,SPRF-SC,DEL07-SC,UOP03-DEL07-SC,2023
"513480,0",2023-03-29,quarta-feira,07:20:00,SC,101,"215,3",PALHOCA,Condutor deixou de manter distância do veículo da frente,Colisão traseira,Com Vítimas Feridas,Pleno dia,Decrescente,Céu Claro,Dupla,Reta,Sim,2,0,1,0,1,0,1,2,-27.65184843,-48.67604941,SPRF-SC,DEL01-SC,UOP02-DEL01-SC,2023
"513486,0",2023-03-29,quarta-feira,06:45:00,SC,280,"160,3",MAFRA,Reação tardia ou ineficiente do condutor,Colisão com objeto,Com Vítimas Feridas,Pleno dia,Crescente,Nublado,Simples,Reta,Não,1,0,1,0,0,0,1,1,-26.20326113,-49.77128799,SPRF-SC,DEL06-SC,UOP03-DEL06-SC,2023
"513489,0",2023-03-29,quarta-feira,08:00:00,SC,101,"415,0",ARARANGUA,Desrespeitar a preferência no cruzamento,Colisão transversal,Com Vítimas Feridas,Pleno dia,Decrescente,Céu Claro,Simples,Rotatória,Sim,2,0,1,0,1,0,1,2,-28.96316767,-49.51921105,SPRF-SC,DEL02-SC,UOP02-DEL02-SC,2023
"513496,0",2023-03-29,quarta-feira,08:40:00,SC,101,"116,0",ITAJAI,Reação tardia ou ineficiente do condutor,Queda de ocupante de veículo,Com Vítimas Feridas,Pleno dia,Crescente,Céu Claro,Simples,Reta,Sim,1,0,1,0,0,0,1,1,-26.87905605,-48.72603512,SPRF-SC,DEL04-SC,UOP04-DEL04-SC,2023
"513499,0",2023-03-28,terça-feira,22:00:00,SC,101,"282,3",IMBITUBA,Manobra de mudança de faixa,Colisão lateral mesmo sentido,Sem Vítimas,Plena Noite,Crescente,Céu Claro,Simples,Reta,Não,4,0,0,0,4,0,0,2,-28.19626005,-48.69739859,SPRF-SC,DEL02-SC,UOP03-DEL02-SC,2023
"513540,0",2023-03-29,quarta-feira,09:00:00,SC,280,"59,0",GUARAMIRIM,Acessar a via sem observar a presença dos outros veículos,Colisão transversal,Com Vítimas Feridas,Pleno dia,Crescente,Céu Claro,Dupla,Curva,Sim,2,0,1,0,1,0,1,2,-26.47525778,-49.03098916,SPRF-SC,DEL03-SC,UOP03-DEL03-SC,2023
"513544,0",2023-03-29,quarta-feira,13:20:00,SC,470,"0,9",NAVEGANTES,Avarias e/ou desgaste excessivo no pneu,Tombamento,Com Vítimas Feridas,Pleno dia,Crescente,Céu Claro,Múltipla,Reta,Sim,1,0,0,1,0,0,1,1,-26.88232,-48.66183,SPRF-SC,DEL04-SC,UOP04-DEL04-SC,2023
"513556,0",2023-03-29,quarta-feira,12:40:00,SC,101,"136,0",BALNEARIO CAMBORIU,Estacionar ou parar em local proibido,Colisão traseira,Com Vítimas Feridas,Pleno dia,Crescente,Sol,Múltipla,Curva,Sim,2,0,1,0,1,0,1,2,-27.008113,-48.617245,SPRF-SC,DEL04-SC,UOP03-DEL04-SC,2023
"513565,0",2023-02-13,segunda-feira,11:15:00,SC,101,"194,0",BIGUACU,Trafegar com motocicleta (ou similar) entre as faixas,Colisão lateral mesmo sentido,Com Vítimas Feridas,Pleno dia,Crescente,Sol,Múltipla,Reta,Sim,2,0,1,0,1,0,1,2,-27.49815117,-48.65661236,SPRF-SC,DEL01-SC,UOP01-DEL01-SC,2023
"513574,0",2023-03-29,quarta-feira,16:30:00,SC,282,"624,0",IRACEMINHA,Condutor deixou de manter distância do veículo da frente,Colisão traseira,Com Vítimas Feridas,Pleno dia,Decrescente,Chuva,Simples,Reta,Não,2,0,1,0,1,0,1,2,-26.798008,-53.34169,SPRF-SC,DEL07-SC,UOP02-DEL07-SC,2023
"513588,0",2023-03-29,quarta-feira,17:55:00,SC,101,"117,0",ITAJAI,Desrespeitar a preferência no cruzamento,Colisão transversal,Com Vítimas Feridas,Anoitecer,Crescente,Céu Claro,Múltipla,Interseção de Vias;Rotatória,Sim,2,0,1,0,1,0,1,2,-26.89004771,-48.7218976,SPRF-SC,DEL04-SC,UOP04-DEL04-SC,2023
"513606,0",2023-03-29,quarta-feira,19:00:00,SC,282,"82,0",RANCHO QUEIMADO,Acumulo de água sobre o pavimento,Capotamento,Com Vítimas Feridas,Plena Noite,Crescente,Chuva,Simples,Curva,Não,3,0,3,0,0,0,3,1,-27.662027,-49.178356,SPRF-SC,DEL01-SC,UOP03-DEL01-SC,2023
"513618,0",2023-03-29,quarta-feira,18:25:00,SC,101,"119,0",ITAJAI,Condutor deixou de manter distância do veículo da frente,Colisão traseira,Com Vítimas Feridas,Anoitecer,Crescente,Céu Claro,Dupla,Reta,Sim,2,0,1,0,0,1,1,2,-26.9043179,-48.71555481,SPRF-SC,DEL04-SC,UOP04-DEL04-SC,2023
"513657,0",2023-03-30,quinta-feira,07:45:00,SC,101,"199,6",SAO JOSE,Trafegar com motocicleta (ou similar) entre as faixas,Colisão traseira,Com Vítimas Feridas,Pleno dia,Crescente,Céu Claro,Múltipla,Reta,Não,2,0,2,0,0,0,2,2,-27.53413705,-48.63003205,SPRF-SC,DEL01-SC,UOP01-DEL01-SC,2023
"513672,0",2023-03-30,quinta-feira,08:00:00,SC,101,"113,0",ITAJAI,Acessar a via sem observar a presença dos outros veículos,Colisão transversal,Com Vítimas Feridas,Pleno dia,Decrescente,Céu Claro,Múltipla,Reta,Não,2,0,0,1,1,0,1,2,-26.85311393,-48.72689927,SPRF-SC,DEL04-SC,UOP04-DEL04-SC,2023
"513696,0",2023-01-24,terça-feira,18:30:00,SC,282,"115,8",ALFREDO WAGNER,Velocidade Incompatível,Saída de leito carroçável,Com Vítimas Feridas,Pleno dia,Decrescente,Céu Claro,Simples,Curva,Não,1,0,1,0,0,0,1,1,-27.755424,-49.39444,SPRF-SC,DEL01-SC,UOP03-DEL01-SC,2023
"513699,0",2023-03-30,quinta-feira,10:00:00,SC,101,"35,0",JOINVILLE,Reação tardia ou ineficiente do condutor,Colisão com objeto,Com Vítimas Feridas,Pleno dia,Crescente,Céu Claro,Dupla,Curva,Não,2,0,1,0,1,0,1,1,-26.2411301,-48.91227415,SPRF-SC,DEL03-SC,UOP01-DEL03-SC,2023
"513734,0",2023-03-30,quinta-feira,14:50:00,SC,101,"200,0",SAO JOSE,Ausência de reação do condutor,Colisão traseira,Com Vítimas Feridas,Pleno dia,Crescente,Céu Claro,Simples,Reta,Sim,4,0,0,2,2,0,2,2,-27.54018513,-48.62287714,SPRF-SC,DEL01-SC,UOP01-DEL01-SC,2023
"513736,0",2023-03-30,quinta-feira,14:40:00,SC,282,"5,2",SAO JOSE,Manobra de mudança de faixa,Colisão traseira,Sem Vítimas,Pleno dia,Crescente,Céu Claro,Múltipla,Reta,Sim,3,0,0,0,3,0,0,2,-27.588425,-48.612919,SPRF-SC,DEL01-SC,UOP01-DEL01-SC,2023
"513761,0",2023-03-30,quinta-feira,17:50:00,SC,101,"200,0",SAO JOSE,Acessar a via sem observar a presença dos outros veículos,Colisão transversal,Com Vítimas Feridas,Anoitecer,Decrescente,Céu Claro,Dupla,Reta,Não,2,0,0,1,1,0,1,2,-27.54018513,-48.62287714,SPRF-SC,DEL01-SC,UOP01-DEL01-SC,2023
"513765,0",2023-03-30,quinta-feira,18:20:00,SC,101,"207,0",SAO JOSE,Condutor deixou de manter distância do veículo da frente,Colisão traseira,Com Vítimas Feridas,Anoitecer,Crescente,Céu Claro,Múltipla,Reta,Sim,2,0,0,1,1,0,1,2,-27.60001226,-48.6226467,SPRF-SC,DEL01-SC,UOP01-DEL01-SC,2023
"513770,0",2023-03-30,quinta-feira,18:15:00,SC,101,"38,0",JOINVILLE,Ausência de reação do condutor,Colisão com objeto,Com Vítimas Feridas,Anoitecer,Decrescente,Céu Claro,Simples,Reta,Sim,1,0,1,0,0,0,1,1,-26.25472505,-48.90561309,SPRF-SC,DEL03-SC,UOP01-DEL03-SC,2023
"513772,0",2023-03-26,domingo,19:45:00,SC,470,"51,4",BLUMENAU,Ingestão de álcool ou de substâncias psicoativas pelo pedestre,Atropelamento de Pedestre,Com Vítimas Feridas,Plena Noite,Decrescente,Céu Claro,Dupla,Reta,Sim,2,0,1,0,1,0,1,2,-26.86305907,-49.08723685,SPRF-SC,DEL04-SC,UOP01-DEL04-SC,2023
"513773,0",2023-02-03,sexta-feira,05:30:00,SC,101,"232,0",PALHOCA,Ausência de reação do condutor,Colisão com objeto,Com Vítimas Feridas,Amanhecer,Decrescente,Garoa/Chuvisco,Dupla,Em Obras;Curva,Não,2,0,1,0,1,0,1,1,-27.795666,-48.638153,SPRF-SC,DEL01-SC,UOP02-DEL01-SC,2023
"513775,0",2023-03-30,quinta-feira,17:45:00,SC,101,"426,0",SOMBRIO,Demais falhas mecânicas ou elétricas,Colisão com objeto,Com Vítimas Feridas,Pleno dia,Decrescente,Céu Claro,Dupla,Reta,Não,2,0,1,0,1,0,1,1,-29.03171415,-49.60519731,SPRF-SC,DEL02-SC,UOP02-DEL02-SC,2023
"513783,0",2023-03-09,quinta-feira,05:30:00,SC,101,"209,0",SAO JOSE,Manobra de mudança de faixa,Colisão lateral mesmo sentido,Com Vítimas Feridas,Amanhecer,Crescente,Céu Claro,Dupla,Reta,Sim,3,0,1,0,1,1,1,3,-27.61000542,-48.63895057,SPRF-SC,DEL01-SC,UOP01-DEL01-SC,2023
"513784,0",2023-03-30,quinta-feira,18:50:00,SC,101,"415,8",ARARANGUA,Objeto estático sobre o leito carroçável,Tombamento,Com Vítimas Feridas,Plena Noite,Crescente,Céu Claro,Múltipla,Interseção de Vias;Curva,Sim,1,0,0,1,0,0,1,1,-28.97050525,-49.5276171,SPRF-SC,DEL02-SC,UOP02-DEL02-SC,2023
"513788,0",2023-03-30,quinta-feira,19:40:00,SC,282,"17,3",PALHOCA,Acesso irregular,Colisão transversal,Com Vítimas Feridas,Plena Noite,Decrescente,Céu Claro,Simples,Reta,Sim,2,0,1,0,1,0,1,2,-27.665707,-48.688065,SPRF-SC,DEL01-SC,UOP02-DEL01-SC,2023
"513793,0",2023-03-30,quinta-feira,20:25:00,SC,282,"4,6",SAO JOSE,Entrada inopinada do pedestre,Atropelamento de Pedestre,Com Vítimas Feridas,Plena Noite,Decrescente,Nublado,Múltipla,Reta,Sim,2,0,0,1,1,0,1,2,-27.592646,-48.604034,SPRF-SC,DEL01-SC,UOP01-DEL01-SC,2023
"513805,0",2023-03-30,quinta-feira,20:09:00,SC,282,"234,0",LAGES,Animais na Pista,Atropelamento de Animal,Com Vítimas Feridas,Plena Noite,Crescente,Céu Claro,Simples,Reta,Não,1,0,1,0,0,0,1,1,-27.783495,-50.463604,SPRF-SC,DEL05-SC,UOP02-DEL05-SC,2023
"513827,0",2023-03-31,sexta-feira,06:10:00,SC,101,"213,3",PALHOCA,Acessar a via sem observar a presença dos outros veículos,Atropelamento de Pedestre,Com Vítimas Feridas,Pleno dia,Crescente,Céu Claro,Dupla,Viaduto;Curva,Sim,2,0,1,0,1,0,1,2,-27.63697369,-48.66514142,SPRF-SC,DEL01-SC,UOP02-DEL01-SC,2023
"513828,0",2023-03-31,sexta-feira,04:32:00,SC,280,"53,0",GUARAMIRIM,Manobra de mudança de faixa,Colisão transversal,Com Vítimas Feridas,Plena Noite,Crescente,Céu Claro,Dupla,Reta,Sim,2,0,0,1,1,0,1,2,-26.47236756,-48.97426617,SPRF-SC,DEL03-SC,UOP03-DEL03-SC,2023
"513851,0",2023-03-31,sexta-feira,08:20:00,SC,282,"16,6",PALHOCA,Acessar a via sem observar a presença dos outros veículos,Colisão lateral mesmo sentido,Com Vítimas Feridas,Pleno dia,Decrescente,Sol,Simples,Reta,Sim,2,0,1,0,1,0,1,2,-27.658611,-48.681847,SPRF-SC,DEL01-SC,UOP02-DEL01-SC,2023
"513856,0",2023-03-19,domingo,17:50:00,SC,101,"62,9",ARAQUARI,Manobra de mudança de faixa,Colisão traseira,Com Vítimas Feridas,Anoitecer,Crescente,Céu Claro,Dupla,Reta,Não,8,0,0,2,5,1,2,3,-26.45504246,-48.76711901,SPRF-SC,DEL03-SC,UOP02-DEL03-SC,2023
"513862,0",2023-01-22,domingo,16:00:00,SC,470,"55,8",BLUMENAU,Acessar a via sem observar a presença dos outros veículos,Colisão transversal,Com Vítimas Feridas,Pleno dia,Crescente,Céu Claro,Simples,Reta,Sim,4,0,1,2,1,0,3,2,-26.87674,-49.127743,SPRF-SC,DEL04-SC,UOP01-DEL04-SC,2023
"513866,0",2023-03-31,sexta-feira,09:30:00,SC,116,"5,0",MAFRA,Reação tardia ou ineficiente do condutor,Engavetamento,Sem Vítimas,Pleno dia,Decrescente,Sol,Simples,Em Obras;Reta,Sim,3,0,0,0,3,0,0,3,-26.14094396,-49.81508303,SPRF-SC,DEL06-SC,UOP01-DEL06-SC,2023
"513870,0",2023-03-12,domingo,16:20:00,SC,101,"130,4",BALNEARIO CAMBORIU,Trafegar com motocicleta (ou similar) entre as faixas,Colisão lateral mesmo sentido,Com Vítimas Feridas,Pleno dia,Decrescente,Céu Claro,Simples,Reta,Sim,2,0,0,1,1,0,1,2,-26.98407618,-48.66977107,SPRF-SC,DEL04-SC,UOP03-DEL04-SC,2023