id,data_inversa,dia_semana,horario,uf,br,km,municipio,causa_acidente,tipo_acidente,classificacao_acidente,fase_dia,sentido_via,condicao_metereologica,tipo_pista,tracado_via,uso_solo,pessoas,mortos,feridos_leves,feridos_graves,ilesos,ignorados,feridos,veiculos,latitude,longitude,regional,delegacia,uop,ano_arquivo
"513902,0",2023-03-31,sexta-feira,13:50:00,SC,101,"200,5",SAO JOSE,Área urbana sem a presença de local apropriado para a travessia de pedestres,Atropelamento de Pedestre,Com Vítimas Feridas,Pleno dia,Crescente,Céu Claro,Múltipla,Interseção de Vias,Não,2,0,1,0,1,0,1,2,-27.54018513,-48.62287714,SPRF-SC,DEL01-SC,UOP01-DEL01-SC,2023
"513905,0",2023-03-31,sexta-feira,13:00:00,SC,470,"116,3",IBIRAMA,Ingestão de álcool pelo condutor,Saída de leito carroçável,Com Vítimas Feridas,Pleno dia,Crescente,Céu Claro,Simples,Curva;Aclive,Não,2,0,1,0,1,0,1,1,-27.07756,-49.49448,SPRF-SC,DEL04-SC,UOP02-DEL04-SC,2023
"513948,0",2023-03-31,sexta-feira,17:09:00,SC,101,"134,2",BALNEARIO CAMBORIU,Reação tardia ou ineficiente do condutor,Colisão transversal,Com Vítimas Feridas,Pleno dia,Crescente,Céu Claro,Simples,Reta;Interseção de Vias,Sim,2,0,0,1,1,0,1,2,-27.00218,-48.636433,SPRF-SC,DEL04-SC,UOP03-DEL04-SC,2023
"513962,0",2023-03-31,sexta-feira,18:15:00,SC,101,"123,0",ITAJAI,Área urbana sem a presença de local apropriado para a travessia de pedestres,Colisão transversal,Com Vítimas Feridas,Anoitecer,Decrescente,Céu Claro,Simples,Rotatória,Sim,2,0,1,0,1,0,1,2,-26.93668609,-48.69876905,SPRF-SC,DEL04-SC,UOP04-DEL04-SC,2023
"513966,0",2023-03-31,sexta-feira,17:33:00,SC,282,"1,3",FLORIANOPOLIS,Trafegar com motocicleta (ou similar) entre as faixas,Tombamento,Com Vítimas Feridas,Pleno dia,Crescente,Céu Claro,Múltipla,Viaduto;Reta,Sim,2,0,2,0,0,0,2,1,-27.602955,-48.580509,SPRF-SC,DEL01-SC,UOP01-DEL01-SC,2023
"513978,0",2023-03-31,sexta-feira,19:20:00,SC,470,"57,0",BLUMENAU,Ultrapassagem Indevida,Colisão transversal,Com Vítimas Feridas,Plena Noite,Decrescente,Céu Claro,Simples,Rotatória,Não,4,0,2,0,1,1,2,3,-26.88259053,-49.14101422,SPRF-SC,DEL04-SC,UOP01-DEL04-SC,2023
"513984,0",2023-03-31,sexta-feira,16:30:00,SC,470,"77,0",INDAIAL,Ausência de reação do condutor,Saída de leito carroçável,Com Vítimas Feridas,Pleno dia,Crescente,Céu Claro,Simples,Reta,Não,1,0,0,1,0,0,1,1,-26.940817,-49.29287,SPRF-SC,DEL04-SC,UOP01-DEL04-SC,2023
"513985,0",2023-04-01,sábado,06:45:00,SC,470,"67,0",INDAIAL,Ingestão de álcool pelo condutor,Saída de leito carroçável,Sem Vítimas,Amanhecer,Decrescente,Céu Claro,Simples,Reta,Não,1,0,0,0,0,1,0,1,-26.872158,-49.23127,SPRF-SC,DEL04-SC,UOP01-DEL04-SC,2023
"514012,0",2023-03-31,sexta-feira,21:20:00,SC,470,"179,0",POUSO REDONDO,Acessar a via sem observar a presença dos outros veículos,Saída de leito carroçável,Com Vítimas Feridas,Plena Noite,Crescente,Céu Claro,Simples,Reta,Não,2,0,1,0,0,1,1,2,-27.24810558,-49.97461796,SPRF-SC,DEL04-SC,UOP02-DEL04-SC,2023
"514037,0",2023-03-31,sexta-feira,22:45:00,SC,282,"571,0",NOVA ERECHIM,Acessar a via sem observar a presença dos outros veículos,Colisão transversal,Com Vítimas Feridas,Plena Noite,Crescente,Nublado,Simples,Reta,Não,5,0,4,0,1,0,4,2,-26.89006,-52.93306,SPRF-SC,DEL07-SC,UOP02-DEL07-SC,2023
"514041,0",2023-03-31,sexta-feira,23:46:00,SC,101,"37,1",JOINVILLE,Animais na Pista,Atropelamento de Animal,Com Vítimas Feridas,Plena Noite,Crescente,Céu Claro,Dupla,Reta,Sim,4,0,2,0,2,0,2,1,-26.25050176,-48.90863867,SPRF-SC,DEL03-SC,UOP01-DEL03-SC,2023
"514047,0",2023-04-01,sábado,00:50:00,SC,101,"212,5",PALHOCA,Velocidade Incompatível,Capotamento,Sem Vítimas,Plena Noite,Crescente,Céu Claro,Múltipla,Reta,Sim,2,0,0,0,1,1,0,2,-27.62996929,-48.65903871,SPRF-SC,DEL01-SC,UOP02-DEL01-SC,2023
"514048,0",2023-03-31,sexta-feira,20:23:00,SC,280,"276,5",IRINEOPOLIS,Acessar a via sem observar a presença dos outros veículos,Colisão transversal,Com Vítimas Fatais,Plena Noite,Decrescente,Céu Claro,Simples,Reta;Declive;Interseção de Vias,Não,4,2,1,0,1,0,1,2,-26.29087561,-50.78955889,SPRF-SC,DEL06-SC,UOP04-DEL06-SC,2023
"514060,0",2023-04-01,sábado,04:45:00,SC,101,"257,0",PAULO LOPES,Velocidade Incompatível,Saída de leito carroçável,Com Vítimas Feridas,Plena Noite,Decrescente,Garoa/Chuvisco,Dupla,Curva,Não,2,0,1,0,1,0,1,1,-27.99865211,-48.68870795,SPRF-SC,DEL02-SC,UOP03-DEL02-SC,2023
"514062,0",2023-04-01,sábado,03:00:00,SC,282,"309,2",VARGEM,Ausência de reação do condutor,Colisão com objeto,Com Vítimas Fatais,Plena Noite,Decrescente,Céu Claro,Simples,Reta;Aclive,Não,2,1,1,0,0,0,1,1,-27.4850702,-50.9812507,SPRF-SC,DEL07-SC,UOP06-DEL07-SC,2023
"514067,0",2023-04-01,sábado,04:40:00,SC,280,"139,5",MAFRA,Velocidade Incompatível,Capotamento,Sem Vítimas,Plena Noite,Decrescente,Céu Claro,Simples,Curva,Não,1,0,0,0,0,1,0,1,-26.254826,-49.603124,SPRF-SC,DEL06-SC,UOP03-DEL06-SC,2023
"514069,0",2023-04-01,sábado,04:45:00,SC,163,"67,4",SAO MIGUEL DO OESTE,Ingestão de álcool pelo condutor,Colisão com objeto,Com Vítimas Feridas,Plena Noite,Decrescente,Céu Claro,Dupla,Reta,Sim,1,0,1,0,0,0,1,1,-26.759436,-53.50055292,SPRF-SC,DEL07-SC,UOP03-DEL07-SC,2023
"514077,0",2023-04-01,sábado,05:30:00,SC,101,"160,0",PORTO BELO,Ausência de reação do condutor,Saída de leito carroçável,Com Vítimas Feridas,Amanhecer,Decrescente,Nublado,Dupla,Reta,Não,1,0,1,0,0,0,1,1,-27.20831288,-48.61987922,SPRF-SC,DEL04-SC,UOP03-DEL04-SC,2023
"514097,0",2023-04-01,sábado,07:30:00,SC,101,"344,0",TUBARAO,Ausência de reação do condutor,Colisão lateral mesmo sentido,Com Vítimas Feridas,Pleno dia,Crescente,Sol,Múltipla,Reta,Não,4,0,1,0,3,0,1,4,-28.53647889,-49.0531826,SPRF-SC,DEL02-SC,UOP01-DEL02-SC,2023
"514100,0",2023-04-01,sábado,08:30:00,SC,101,"112,0",ITAJAI,Reação tardia ou ineficiente do condutor,Tombamento,Com Vítimas Feridas,Pleno dia,Decrescente,Céu Claro,Dupla,Curva,Não,2,0,2,0,0,0,2,1,-26.84589005,-48.72131295,SPRF-SC,DEL04-SC,UOP04-DEL04-SC,2023
"514108,0",2023-04-01,sábado,08:30:00,SC,470,"172,0",POUSO REDONDO,Condutor deixou de manter distância do veículo da frente,Colisão lateral mesmo sentido,Com Vítimas Feridas,Pleno dia,Decrescente,Sol,Simples,Reta,Sim,2,0,1,0,1,0,1,2,-27.257526,-49.909592,SPRF-SC,DEL04-SC,UOP02-DEL04-SC,2023
"514110,0",2023-04-01,sábado,08:45:00,SC,101,"89,0",BARRA VELHA,Reação tardia ou ineficiente do condutor,Colisão com objeto,Com Vítimas Feridas,Pleno dia,Decrescente,Sol,Múltipla,Reta,Sim,1,0,1,0,0,0,1,1,-26.65175997,-48.68721921,SPRF-SC,DEL03-SC,UOP02-DEL03-SC,2023
"514119,0",2023-04-01,sábado,11:30:00,SC,101,"206,0",SAO JOSE,Ausência de reação do condutor,Colisão traseira,Com Vítimas Feridas,Pleno dia,Crescente,Céu Claro,Múltipla,Reta,Não,2,0,1,0,1,0,1,2,-27.59193546,-48.61824557,SPRF-SC,DEL01-SC,UOP01-DEL01-SC,2023
"514129,0",2023-04-01,sábado,12:05:00,SC,101,"213,3",PALHOCA,Acessar a via sem observar a presença dos outros veículos,Colisão lateral mesmo sentido,Com Vítimas Feridas,Pleno dia,Crescente,Sol,Múltipla,Reta,Não,3,0,1,0,2,0,1,2,-27.63697369,-48.66514142,SPRF-SC,DEL01-SC,UOP02-DEL01-SC,2023
"514139,0",2023-04-01,sábado,11:50:00,SC,101,"207,0",SAO JOSE,Transitar na contramão,Colisão transversal,Com Vítimas Feridas,Pleno dia,Decrescente,Sol,Múltipla,Interseção de Vias,Sim,2,0,1,0,1,0,1,2,-27.59648061,-48.61934066,SPRF-SC,DEL01-SC,UOP01-DEL01-SC,2023
"514142,0",2023-04-01,sábado,11:00:00,SC,101,"334,0",TUBARAO,Obras na pista,Colisão traseira,Com Vítimas Feridas,Pleno dia,Decrescente,Céu Claro,Dupla,Reta;Em Obras,Sim,3,0,0,1,2,0,1,3,-28.465121,-48.994488,SPRF-SC,DEL02-SC,UOP01-DEL02-SC,2023
"514164,0",2023-04-01,sábado,16:40:00,SC,101,"145,0",ITAPEMA,Condutor deixou de manter distância do veículo da frente,Colisão traseira,Com Vítimas Feridas,Pleno dia,Decrescente,Céu Claro,Dupla,Reta;Aclive,Não,3,0,1,0,2,0,1,2,-27.08387587,-48.60452121,SPRF-SC,DEL04-SC,UOP03-DEL04-SC,2023
"514165,0",2023-04-01,sábado,17:55:00,SC,101,"135,0",BALNEARIO CAMBORIU,Acessar a via sem observar a presença dos outros veículos,Colisão transversal,Com Vítimas Feridas,Anoitecer,Crescente,Céu Claro,Dupla,Interseção de Vias,Não,4,0,1,0,3,0,1,2,-27.0050108,-48.62677494,SPRF-SC,DEL04-SC,UOP03-DEL04-SC,2023
"514211,0",2023-03-24,sexta-feira,22:26:00,SC,470,"46,0",BLUMENAU,Transitar na contramão,Colisão frontal,Com Vítimas Feridas,Plena Noite,Crescente,Céu Claro,Simples,Em Obras;Reta,Sim,5,0,1,3,0,1,4,3,-26.86389868,-49.04529476,SPRF-SC,DEL04-SC,UOP01-DEL04-SC,2023
"514248,0",2023-04-01,sábado,22:15:00,SC,282,"216,0",LAGES,Ingestão de álcool pelo condutor,Colisão lateral sentido oposto,Sem Vítimas,Plena Noite,Crescente,Céu Claro,Simples,Reta,Não,4,0,0,0,4,0,0,2,-27.797529,-50.291862,SPRF-SC,DEL05-SC,UOP01-DEL05-SC,2023
"514322,0",2023-04-02,domingo,10:20:00,SC,280,"163,0",MAFRA,Ultrapassagem Indevida,Colisão lateral mesmo sentido,Com Vítimas Feridas,Pleno dia,Crescente,Céu Claro,Simples,Reta,Não,6,0,3,1,2,0,4,2,-26.19739326,-49.79756122,SPRF-SC,DEL06-SC,UOP01-DEL06-SC,2023
"514333,0",2023-04-02,domingo,11:20:00,SC,101,"369,0",ICARA,Acessar a via sem observar a presença dos outros veículos,Colisão lateral mesmo sentido,Com Vítimas Feridas,Pleno dia,Decrescente,Céu Claro,Dupla,Reta,Sim,4,0,0,1,2,1,1,3,-28.69775604,-49.182934,SPRF-SC,DEL02-SC,UOP01-DEL02-SC,2023
"514364,0",2023-04-02,domingo,11:30:00,SC,101,"41,0",JOINVILLE,Ausência de reação do condutor,Colisão traseira,Com Vítimas Feridas,Pleno dia,Decrescente,Céu Claro,Múltipla,Viaduto;Reta,Sim,5,0,1,0,4,0,1,3,-26.31786342,-48.87232661,SPRF-SC,DEL03-SC,UOP01-DEL03-SC,2023
"514385,0",2023-04-02,domingo,13:05:00,SC,282,"445,8",PONTE SERRADA,Velocidade Incompatível,Colisão com objeto,Com Vítimas Feridas,Pleno dia,Decrescente,Sol,Simples,Curva,Não,1,0,1,0,0,0,1,1,-26.9153352,-51.90559387,SPRF-SC,DEL07-SC,UOP04-DEL07-SC,2023
"514388,0",2023-04-02,domingo,17:20:00,SC,101,"98,1",BALNEARIO PICARRAS,Objeto estático sobre o leito carroçável,Colisão com objeto,Com Vítimas Feridas,Pleno dia,Decrescente,Céu Claro,Dupla,Reta,Não,1,0,1,0,0,0,1,1,-26.7405515,-48.69835854,SPRF-SC,DEL03-SC,UOP02-DEL03-SC,2023
"514408,0",2023-04-02,domingo,17:15:00,SC,101,"149,0",ITAPEMA,Manobra de mudança de faixa,Engavetamento,Com Vítimas Feridas,Pleno dia,Decrescente,Céu Claro,Dupla,Reta;Viaduto,Sim,4,0,1,0,3,0,1,3,-27.1089649,-48.61277586,SPRF-SC,DEL04-SC,UOP03-DEL04-SC,2023
"514418,0",2023-04-02,domingo,18:50:00,SC,101,"218,0",PALHOCA,Acessar a via sem observar a presença dos outros veículos,Tombamento,Com Vítimas Feridas,Plena Noite,Decrescente,Céu Claro,Dupla,Reta,Não,1,0,0,1,0,0,1,1,-27.6758601,-48.67052525,SPRF-SC,DEL01-SC,UOP02-DEL01-SC,2023
"514447,0",2023-04-02,domingo,15:45:00,SC,282,"549,0",NOVA ITABERABA,Velocidade Incompatível,Colisão traseira,Com Vítimas Feridas,Pleno dia,Crescente,Sol,Simples,Reta,Não,2,0,1,0,1,0,1,2,-26.962664,-52.762272,SPRF-SC,DEL07-SC,UOP01-DEL07-SC,2023
"514452,0",2023-04-02,domingo,20:45:00,SC,101,"117,1",ITAJAI,Manobra de mudança de faixa,Colisão lateral mesmo sentido,Com Vítimas Feridas,Plena Noite,Crescente,Céu Claro,Múltipla,Reta;Viaduto,Sim,2,0,0,1,0,1,1,2,-26.88747187,-48.72252969,SPRF-SC,DEL04-SC,UOP04-DEL04-SC,2023
"514455,0",2023-04-02,domingo,21:30:00,SC,101,"217,5",PALHOCA,Ingestão de álcool pelo condutor,Saída de leito carroçável,Sem Vítimas,Plena Noite,Decrescente,Ignorado,Múltipla,Reta,Sim,1,0,0,0,1,0,0,1,-27.66779034,-48.67393586,SPRF-SC,DEL01-SC,UOP02-DEL01-SC,2023
"514461,0",2023-04-02,domingo,19:00:00,SC,280,"59,0",GUARAMIRIM,Acessar a via sem observar a presença dos outros veículos,Colisão transversal,Com Vítimas Feridas,Plena Noite,Decrescente,Céu Claro,Simples,Interseção de Vias;Curva,Sim,2,0,2,0,0,0,2,2,-26.47545178,-49.03112411,SPRF-SC,DEL03-SC,UOP03-DEL03-SC,2023
"514481,0",2023-04-02,domingo,22:50:00,SC,480,"131,0",CHAPECO,Ingestão de álcool pelo condutor,Colisão com objeto,Sem Vítimas,Plena Noite,Decrescente,Céu Claro,Múltipla,Curva;Declive,Sim,1,0,0,0,1,0,0,1,-27.06314223,-52.63234636,SPRF-SC,DEL07-SC,UOP01-DEL07-SC,2023
"514490,0",2023-04-02,domingo,22:50:00,SC,280,"237,6",CANOINHAS,Reação tardia ou ineficiente do condutor,Saída de leito carroçável,Com Vítimas Feridas,Plena Noite,Decrescente,Céu Claro,Simples,Curva,Não,1,0,1,0,0,0,1,1,-26.20536399,-50.438846,SPRF-SC,DEL06-SC,UOP04-DEL06-SC,2023
"514507,0",2023-04-03,segunda-feira,04:20:00,SC,101,"196,0",BIGUACU,Ausência de reação do condutor,Colisão traseira,Sem Vítimas,Plena Noite,Crescente,Céu Claro,Múltipla,Reta,Sim,2,0,0,0,1,1,0,2,-27.51101091,-48.64322292,SPRF-SC,DEL01-SC,UOP01-DEL01-SC,2023
"514511,0",2023-04-03,segunda-feira,05:50:00,SC,101,"196,0",BIGUACU,Ingestão de álcool pelo condutor,Colisão traseira,Com Vítimas Feridas,Amanhecer,Decrescente,Céu Claro,Simples,Reta,Sim,3,0,1,0,2,0,1,2,-27.51101091,-48.64322292,SPRF-SC,DEL01-SC,UOP01-DEL01-SC,2023
"514519,0",2023-04-02,domingo,09:05:00,SC,101,"257,0",PAULO LOPES,Ausência de reação do condutor,Saída de leito carroçável,Sem Vítimas,Pleno dia,Crescente,Sol,Dupla,Reta,Não,4,0,0,0,3,1,0,1,-27.96492999,-48.67962057,SPRF-SC,DEL02-SC,UOP03-DEL02-SC,2023
"514551,0",2023-04-03,segunda-feira,11:00:00,SC,470,"137,9",RIO DO SUL,Frear bruscamente,Tombamento,Com Vítimas Feridas,Pleno dia,Crescente,Céu Claro,Simples,Reta,Sim,1,0,1,0,0,0,1,1,-27.19239479,-49.62236345,SPRF-SC,DEL04-SC,UOP02-DEL04-SC,2023
"514591,0",2023-04-03,segunda-feira,15:50:00,SC,101,"120,0",ITAJAI,Reação tardia ou ineficiente do condutor,Colisão frontal,Com Vítimas Feridas,Pleno dia,Crescente,Céu Claro,Simples,Curva;Viaduto,Não,3,0,1,0,2,0,1,2,-26.91929004,-48.71087909,SPRF-SC,DEL04-SC,UOP04-DEL04-SC,2023
"514614,0",2023-04-03,segunda-feira,14:45:00,SC,101,"369,9",ICARA,Demais falhas mecânicas ou elétricas,Colisão com objeto,Com Vítimas Feridas,Pleno dia,Decrescente,Sol,Dupla,Reta,Sim,1,0,1,0,0,0,1,1,-28.70585216,-49.20390129,SPRF-SC,DEL02-SC,UOP01-DEL02-SC,2023
"514629,0",2023-04-03,segunda-feira,18:20:00,SC,280,"30,0",ARAQUARI,Acumulo de areia ou detritos sobre o pavimento,Tombamento,Com Vítimas Feridas,Anoitecer,Crescente,Céu Claro,Simples,Reta,Sim,1,0,1,0,0,0,1,1,-26.4141523,-48.76209493,SPRF-SC,DEL03-SC,UOP03-DEL03-SC,2023
"514631,0",2023-04-03,segunda-feira,16:15:00,SC,470,"138,9",RIO DO SUL,Acessar a via sem observar a presença dos outros veículos,Colisão transversal,Com Vítimas Feridas,Pleno dia,Decrescente,Céu Claro,Simples,Reta;Interseção de Vias,Sim,2,0,1,0,1,0,1,2,-27.207214,-49.648476,SPRF-SC,DEL04-SC,UOP02-DEL04-SC,2023
"514632,0",2023-04-03,segunda-feira,15:30:00,SC,116,"81,6",MONTE CASTELO,Obras na pista,Colisão traseira,Sem Vítimas,Pleno dia,Crescente,Céu Claro,Simples,Reta,Não,3,0,0,0,3,0,0,3,-26.56542999,-50.22204992,SPRF-SC,DEL06-SC,UOP02-DEL06-SC,2023
"514634,0",2023-04-03,segunda-feira,18:45:00,SC,101,"213,5",PALHOCA,Trafegar com motocicleta (ou similar) entre as faixas,Colisão traseira,Com Vítimas Feridas,Plena Noite,Decrescente,Céu Claro,Dupla,Reta,Sim,3,0,2,0,1,0,2,2,-27.63697369,-48.66514142,SPRF-SC,DEL01-SC,UOP02-DEL01-SC,2023
"514637,0",2023-04-03,segunda-feira,18:20:00,SC,280,"81,2",CORUPA,Acessar a via sem observar a presença dos outros veículos,Colisão transversal,Com Vítimas Feridas,Anoitecer,Crescente,Céu Claro,Simples,Interseção de Vias;Reta,Não,3,0,0,1,2,0,1,2,-26.44009491,-49.22605498,SPRF-SC,DEL06-SC,UOP03-DEL06-SC,2023
"514648,0",2023-04-03,segunda-feira,18:30:00,SC,101,"380,2",ICARA,Ausência de reação do condutor,Colisão transversal,Com Vítimas Feridas,Anoitecer,Crescente,Céu Claro,Simples,Viaduto,Sim,4,0,1,0,3,0,1,2,-28.75047313,-49.26872594,SPRF-SC,DEL02-SC,UOP02-DEL02-SC,2023
"514654,0",2023-04-03,segunda-feira,19:50:00,SC,101,"122,0",ITAJAI,Avarias e/ou desgaste excessivo no pneu,Tombamento,Com Vítimas Feridas,Plena Noite,Crescente,Nublado,Dupla,Reta,Não,2,0,2,0,0,0,2,1,-26.92955916,-48.70499836,SPRF-SC,DEL04-SC,UOP04-DEL04-SC,2023
"514670,0",2023-04-03,segunda-feira,19:50:00,SC,101,"430,0",SOMBRIO,Reação tardia ou ineficiente do condutor,Colisão transversal,Com Vítimas Feridas,Pleno dia,Crescente,Céu Claro,Simples,Reta;Interseção de Vias,Não,2,0,1,0,1,0,1,2,-29.06478544,-49.62504566,SPRF-SC,DEL02-SC,UOP02-DEL02-SC,2023
"514683,0",2023-04-03,segunda-feira,22:50:00,SC,470,"67,3",INDAIAL,Ausência de reação do condutor,Colisão com objeto,Com Vítimas Feridas,Plena Noite,Decrescente,Nublado,Dupla,Desvio Temporário;Em Obras,Sim,1,0,0,1,0,0,1,1,-26.87345278,-49.23298448,SPRF-SC,DEL04-SC,UOP01-DEL04-SC,2023
"514723,0",2023-04-04,terça-feira,07:30:00,SC,470,"63,2",INDAIAL,Ausência de reação do condutor,Tombamento,Com Vítimas Feridas,Pleno dia,Decrescente,Céu Claro,Simples,Reta,Sim,1,0,0,1,0,0,1,1,-26.872396,-49.19228,SPRF-SC,DEL04-SC,UOP01-DEL04-SC,2023
"514751,0",2023-04-02,domingo,11:50:00,SC,280,"58,7",GUARAMIRIM,Reação tardia ou ineficiente do condutor,Colisão transversal,Com Vítimas Feridas,Pleno dia,Decrescente,Céu Claro,Simples,Curva,Sim,3,0,3,0,0,0,3,2,-26.47802633,-49.03894425,SPRF-SC,DEL03-SC,UOP03-DEL03-SC,2023
"514758,0",2023-04-04,terça-feira,11:30:00,SC,101,"361,4",SANGAO,Conversão proibida,Colisão transversal,Com Vítimas Feridas,Pleno dia,Decrescente,Céu Claro,Simples,Curva,Não,2,0,0,1,1,0,1,2,-28.67498205,-49.12463665,SPRF-SC,DEL02-SC,UOP01-DEL02-SC,2023
"514763,0",2023-04-04,terça-feira,12:20:00,SC,470,"30,9",GASPAR,Transitar na contramão,Colisão frontal,Com Vítimas Feridas,Pleno dia,Crescente,Céu Claro,Dupla,Reta,Não,2,0,0,1,1,0,1,2,-26.90105801,-48.93143713,SPRF-SC,DEL04-SC,UOP01-DEL04-SC,2023
"514764,0",2023-04-04,terça-feira,09:30:00,SC,101,"91,9",BARRA VELHA,Condutor deixou de manter distância do veículo da frente,Colisão traseira,Com Vítimas Feridas,Pleno dia,Crescente,Céu Claro,Dupla,Reta;Viaduto,Não,2,0,1,0,1,0,1,2,-26.67120698,-48.69011814,SPRF-SC,DEL03-SC,UOP02-DEL03-SC,2023
"514800,0",2023-04-04,terça-feira,14:45:00,SC,163,"3,5",DIONISIO CERQUEIRA,Desrespeitar a preferência no cruzamento,Colisão transversal,Com Vítimas Feridas,Pleno dia,Crescente,Céu Claro,Simples,Reta;Declive;Interseção de Vias,Sim,3,0,1,0,2,0,1,3,-26.26105284,-53.64111185,SPRF-SC,DEL07-SC,UOP03-DEL07-SC,2023
"514801,0",2023-04-04,terça-feira,17:20:00,SC,101,"215,7",PALHOCA,Reação tardia ou ineficiente do condutor,Queda de ocupante de veículo,Com Vítimas Feridas,Pleno dia,Crescente,Céu Claro,Múltipla,Interseção de Vias,Sim,2,0,1,0,1,0,1,2,-27.65184843,-48.67604941,SPRF-SC,DEL01-SC,UOP02-DEL01-SC,2023
"514806,0",2023-04-04,terça-feira,17:15:00,SC,101,"342,0",TUBARAO,Condutor deixou de manter distância do veículo da frente,Colisão traseira,Com Vítimas Feridas,Pleno dia,Crescente,Céu Claro,Dupla,Curva,Não,2,0,1,0,1,0,1,2,-28.537043,-49.053122,SPRF-SC,DEL02-SC,UOP01-DEL02-SC,2023
"514811,0",2023-04-04,terça-feira,17:15:00,SC,101,"274,9",IMBITUBA,Reação tardia ou ineficiente do condutor,Colisão lateral mesmo sentido,Com Vítimas Feridas,Anoitecer,Crescente,Céu Claro,Dupla,Reta,Não,2,0,1,0,1,0,1,2,-28.14748544,-48.69202316,SPRF-SC,DEL02-SC,UOP03-DEL02-SC,2023
"514814,0",2023-03-20,segunda-feira,18:00:00,SC,480,"125,9",CHAPECO,Avarias e/ou desgaste excessivo no pneu,Colisão com objeto,Com Vítimas Feridas,Pleno dia,Decrescente,Céu Claro,Dupla,Reta,Sim,1,0,1,0,0,0,1,1,-27.01164515,-52.63953123,SPRF-SC,DEL07-SC,UOP01-DEL07-SC,2023
"514822,0",2023-04-04,terça-feira,18:15:00,SC,282,"0,4",FLORIANOPOLIS,Entrada inopinada do pedestre,Atropelamento de Pedestre,Com Vítimas Feridas,Anoitecer,Crescente,Nublado,Múltipla,Reta;Aclive,Não,3,0,1,1,1,0,2,3,-27.59845,-48.571995,SPRF-SC,DEL01-SC,UOP01-DEL01-SC,2023
"514836,0",2023-04-04,terça-feira,18:40:00,SC,101,"25,3",JOINVILLE,Acessar a via sem observar a presença dos outros veículos,Colisão transversal,Com Vítimas Feridas,Anoitecer,Decrescente,Céu Claro,Simples,Reta,Sim,2,0,2,0,0,0,2,2,-26.1834739,-48.9105912,SPRF-SC,DEL03-SC,UOP01-DEL03-SC,2023
"514879,0",2023-04-05,quarta-feira,04:00:00,SC,101,"142,0",BALNEARIO CAMBORIU,Reação tardia ou ineficiente do condutor,Colisão traseira,Com Vítimas Feridas,Plena Noite,Crescente,Céu Claro,Dupla,Curva,Não,2,0,1,0,0,1,1,2,-27.056089,-48.599449,SPRF-SC,DEL04-SC,UOP03-DEL04-SC,2023
"514902,0",2023-04-05,quarta-feira,07:30:00,SC,101,"210,9",SAO JOSE,Manobra de mudança de faixa,Colisão traseira,Com Vítimas Feridas,Pleno dia,Decrescente,Céu Claro,Dupla,Reta,Sim,2,0,0,1,1,0,1,2,-27.6167305,-48.6457265,SPRF-SC,DEL01-SC,UOP01-DEL01-SC,2023
"514912,0",2023-04-05,quarta-feira,09:10:00,SC,101,"155,0",PORTO BELO,Reação tardia ou ineficiente do condutor,Colisão traseira,Com Vítimas Feridas,Pleno dia,Crescente,Céu Claro,Simples,Viaduto,Não,4,0,1,0,3,0,1,3,-27.16292,-48.61129,SPRF-SC,DEL04-SC,UOP03-DEL04-SC,2023
"514914,0",2023-04-05,quarta-feira,07:45:00,SC,101,"117,0",ITAJAI,Ausência de reação do condutor,Colisão lateral mesmo sentido,Com Vítimas Feridas,Pleno dia,Crescente,Céu Claro,Múltipla,Reta,Não,2,0,1,0,1,0,1,2,-26.88747187,-48.72252969,SPRF-SC,DEL04-SC,UOP04-DEL04-SC,2023
"514922,0",2023-04-05,quarta-feira,07:00:00,SC,470,"176,0",POUSO REDONDO,Condutor deixou de manter distância do veículo da frente,Colisão traseira,Com Vítimas Feridas,Pleno dia,Crescente,Céu Claro,Simples,Aclive,Sim,2,0,1,0,1,0,1,2,-27.254238,-49.948658,SPRF-SC,DEL04-SC,UOP02-DEL04-SC,2023
"514932,0",2023-04-05,quarta-feira,11:20:00,SC,101,"413,0",ARARANGUA,Ausência de reação do condutor,Colisão traseira,Com Vítimas Feridas,Pleno dia,Crescente,Nublado,Simples,Reta,Sim,3,0,2,0,1,0,2,2,-28.94605997,-49.50428402,SPRF-SC,DEL02-SC,UOP02-DEL02-SC,2023
"514948,0",2023-04-05,quarta-feira,07:15:00,SC,101,"279,0",IMBITUBA,Demais falhas mecânicas ou elétricas,Tombamento,Com Vítimas Feridas,Pleno dia,Decrescente,Céu Claro,Dupla,Reta,Sim,2,0,2,0,0,0,2,1,-28.17131302,-48.69463482,SPRF-SC,DEL02-SC,UOP03-DEL02-SC,2023
"514994,0",2023-04-05,quarta-feira,16:10:00,SC,282,"344,5",CAMPOS NOVOS,Chuva,Capotamento,Com Vítimas Feridas,Pleno dia,Crescente,Chuva,Simples,Reta,Sim,2,0,2,0,0,0,2,1,-27.381166,-51.240082,SPRF-SC,DEL07-SC,UOP06-DEL07-SC,2023