id,data_inversa,dia_semana,horario,uf,br,km,municipio,causa_acidente,tipo_acidente,classificacao_acidente,fase_dia,sentido_via,condicao_metereologica,tipo_pista,tracado_via,uso_solo,pessoas,mortos,feridos_leves,feridos_graves,ilesos,ignorados,feridos,veiculos,latitude,longitude,regional,delegacia,uop,ano_arquivo
"515001,0",2023-04-05,quarta-feira,15:30:00,SC,101,"297,0",LAGUNA,Ausência de reação do condutor,Tombamento,Com Vítimas Feridas,Pleno dia,Decrescente,Sol,Dupla,Reta,Não,1,0,1,0,0,0,1,1,-28.31353989,-48.7240982,SPRF-SC,DEL02-SC,UOP03-DEL02-SC,2023
"515013,0",2023-04-05,quarta-feira,18:05:00,SC,101,"217,2",PALHOCA,Reação tardia ou ineficiente do condutor,Tombamento,Com Vítimas Feridas,Plena Noite,Crescente,Nublado,Dupla,Reta,Sim,2,0,1,1,0,0,2,1,-27.66779034,-48.67393586,SPRF-SC,DEL01-SC,UOP02-DEL01-SC,2023
"515020,0",2023-04-05,quarta-feira,19:20:00,SC,101,"214,3",PALHOCA,Manobra de mudança de faixa,Tombamento,Com Vítimas Feridas,Plena Noite,Crescente,Nublado,Múltipla,Reta,Sim,1,0,0,1,0,0,1,1,-27.64443,-48.67057,SPRF-SC,DEL01-SC,UOP02-DEL01-SC,2023
"515022,0",2023-04-05,quarta-feira,19:20:00,SC,101,"194,0",BIGUACU,Acessar a via sem observar a presença dos outros veículos,Colisão lateral mesmo sentido,Com Vítimas Feridas,Plena Noite,Decrescente,Céu Claro,Dupla,Interseção de Vias;Reta,Sim,2,0,1,0,1,0,1,2,-27.49734664,-48.65718126,SPRF-SC,DEL01-SC,UOP01-DEL01-SC,2023
"515025,0",2023-04-05,quarta-feira,19:15:00,SC,101,"102,0",BALNEARIO PICARRAS,Ausência de reação do condutor,Colisão traseira,Com Vítimas Feridas,Plena Noite,Crescente,Céu Claro,Múltipla,Curva,Não,2,0,1,0,0,1,1,2,-26.77383397,-48.68594062,SPRF-SC,DEL03-SC,UOP02-DEL03-SC,2023
"515035,0",2023-04-05,quarta-feira,19:30:00,SC,101,"149,6",ITAPEMA,Reação tardia ou ineficiente do condutor,Tombamento,Com Vítimas Feridas,Plena Noite,Decrescente,Garoa/Chuvisco,Simples,Reta,Sim,2,0,1,0,1,0,1,2,-27.1089649,-48.61277586,SPRF-SC,DEL04-SC,UOP03-DEL04-SC,2023
"515059,0",2023-04-05,quarta-feira,22:10:00,SC,280,"220,0",TRES BARRAS,Ausência de reação do condutor,Saída de leito carroçável,Com Vítimas Feridas,Plena Noite,Crescente,Céu Claro,Simples,Rotatória,Não,1,0,1,0,0,0,1,1,-26.17118856,-50.26466388,SPRF-SC,DEL06-SC,UOP04-DEL06-SC,2023
"515081,0",2023-04-05,quarta-feira,21:05:00,SC,101,"412,4",ARARANGUA,Ausência de reação do condutor,Colisão transversal,Com Vítimas Feridas,Plena Noite,Crescente,Chuva,Simples,Interseção de Vias;Rotatória,Não,2,0,0,1,1,0,1,2,-28.939333,-49.497513,SPRF-SC,DEL02-SC,UOP02-DEL02-SC,2023
"515103,0",2023-04-06,quinta-feira,05:40:00,SC,101,"374,0",ICARA,Reação tardia ou ineficiente do condutor,Saída de leito carroçável,Com Vítimas Feridas,Amanhecer,Decrescente,Nublado,Dupla,Reta,Não,5,0,3,2,0,0,5,1,-28.738623,-49.249029,SPRF-SC,DEL02-SC,UOP01-DEL02-SC,2023
"515131,0",2023-04-06,quinta-feira,08:00:00,SC,101,"410,0",ARARANGUA,Acessar a via sem observar a presença dos outros veículos,Colisão transversal,Sem Vítimas,Pleno dia,Crescente,Nublado,Simples,Reta,Sim,2,0,0,0,2,0,0,2,-28.9381577,-49.49752808,SPRF-SC,DEL02-SC,UOP02-DEL02-SC,2023
"515141,0",2023-04-06,quinta-feira,10:50:00,SC,282,"214,0",LAGES,Frear bruscamente,Colisão traseira,Sem Vítimas,Pleno dia,Crescente,Chuva,Simples,Reta;Aclive,Não,3,0,0,0,3,0,0,3,-27.79647061,-50.28892994,SPRF-SC,DEL05-SC,UOP01-DEL05-SC,2023
"515175,0",2023-04-06,quinta-feira,13:50:00,SC,101,"82,0",ARAQUARI,Condutor deixou de manter distância do veículo da frente,Colisão traseira,Com Vítimas Feridas,Pleno dia,Crescente,Chuva,Múltipla,Declive,Não,2,0,1,0,1,0,1,2,-26.61085222,-48.72204472,SPRF-SC,DEL03-SC,UOP02-DEL03-SC,2023
"515181,0",2023-04-06,quinta-feira,13:04:00,SC,470,"339,0",CAMPOS NOVOS,Velocidade Incompatível,Saída de leito carroçável,Com Vítimas Feridas,Pleno dia,Decrescente,Chuva,Simples,Reta,Não,1,0,1,0,0,0,1,1,-27.52732828,-51.36277914,SPRF-SC,DEL07-SC,UOP06-DEL07-SC,2023
"515185,0",2023-04-06,quinta-feira,12:27:00,SC,282,"476,5",VARGEAO,Acessar a via sem observar a presença dos outros veículos,Colisão transversal,Com Vítimas Feridas,Pleno dia,Decrescente,Chuva,Simples,Reta,Sim,3,0,2,0,1,0,2,2,-26.882666,-52.169231,SPRF-SC,DEL07-SC,UOP01-DEL07-SC,2023
"515187,0",2023-04-06,quinta-feira,14:40:00,SC,470,"74,0",INDAIAL,Acessar a via sem observar a presença dos outros veículos,Colisão transversal,Com Vítimas Feridas,Pleno dia,Crescente,Nublado,Simples,Reta,Sim,4,0,1,0,3,0,1,2,-26.916288,-49.280807,SPRF-SC,DEL04-SC,UOP01-DEL04-SC,2023
"515192,0",2023-04-06,quinta-feira,15:20:00,SC,101,"109,4",PENHA,Reação tardia ou ineficiente do condutor,Saída de leito carroçável,Com Vítimas Feridas,Pleno dia,Crescente,Nublado,Dupla,Curva,Não,3,0,1,0,2,0,1,2,-26.8333519,-48.69632106,SPRF-SC,DEL03-SC,UOP02-DEL03-SC,2023
"515199,0",2023-04-06,quinta-feira,15:50:00,SC,282,"226,6",LAGES,Ausência de reação do condutor,Saída de leito carroçável,Com Vítimas Feridas,Pleno dia,Decrescente,Chuva,Simples,Curva,Não,2,0,2,0,0,0,2,1,-27.79713497,-50.39548874,SPRF-SC,DEL05-SC,UOP02-DEL05-SC,2023
"515230,0",2023-04-06,quinta-feira,13:15:00,SC,282,"45,7",AGUAS MORNAS,Transitar na contramão,Colisão traseira,Sem Vítimas,Pleno dia,Crescente,Garoa/Chuvisco,Simples,Aclive;Em Obras;Curva,Não,2,0,0,0,2,0,0,2,-27.719851,-48.916126,SPRF-SC,DEL01-SC,UOP03-DEL01-SC,2023
"515240,0",2023-04-05,quarta-feira,23:10:00,SC,116,"142,0",SANTA CECILIA,Acesso irregular,Colisão transversal,Com Vítimas Feridas,Plena Noite,Crescente,Chuva,Simples,Reta,Não,6,0,1,0,5,0,1,2,-26.97880161,-50.3961135,SPRF-SC,DEL06-SC,UOP02-DEL06-SC,2023
"515255,0",2023-04-06,quinta-feira,19:00:00,SC,101,"132,0",BALNEARIO CAMBORIU,Reação tardia ou ineficiente do condutor,Colisão traseira,Com Vítimas Feridas,Plena Noite,Crescente,Nublado,Múltipla,Reta,Sim,2,0,1,0,1,0,1,2,-26.99654133,-48.65564711,SPRF-SC,DEL04-SC,UOP03-DEL04-SC,2023
"515260,0",2023-04-06,quinta-feira,20:00:00,SC,101,"53,0",JOINVILLE,Pista Escorregadia,Capotamento,Com Vítimas Feridas,Plena Noite,Crescente,Garoa/Chuvisco,Dupla,Reta,Não,2,0,1,0,1,0,1,1,-26.40231201,-48.83969703,SPRF-SC,DEL03-SC,UOP01-DEL03-SC,2023
"515266,0",2023-04-06,quinta-feira,19:30:00,SC,101,"242,0",PALHOCA,Ausência de reação do condutor,Colisão com objeto,Com Vítimas Feridas,Plena Noite,Decrescente,Chuva,Dupla,Reta,Não,2,0,2,0,0,0,2,1,-27.87545797,-48.64678433,SPRF-SC,DEL01-SC,UOP02-DEL01-SC,2023
"515275,0",2023-04-06,quinta-feira,21:40:00,SC,101,"207,0",SAO JOSE,Chuva,Tombamento,Com Vítimas Feridas,Plena Noite,Crescente,Chuva,Múltipla,Reta,Sim,1,0,1,0,0,0,1,1,-27.60001226,-48.6226467,SPRF-SC,DEL01-SC,UOP01-DEL01-SC,2023
"515277,0",2023-04-06,quinta-feira,20:00:00,SC,101,"90,0",BARRA VELHA,Reação tardia ou ineficiente do condutor,Colisão transversal,Com Vítimas Feridas,Plena Noite,Crescente,Chuva,Simples,Reta,Sim,2,0,2,0,0,0,2,2,-26.66148503,-48.68866176,SPRF-SC,DEL03-SC,UOP02-DEL03-SC,2023
"515296,0",2023-04-06,quinta-feira,23:20:00,SC,116,"53,0",PAPANDUVA,Ingestão de álcool pelo condutor,Colisão frontal,Sem Vítimas,Plena Noite,Crescente,Chuva,Simples,Reta,Não,2,0,0,0,2,0,0,2,-26.3932492,-50.15515026,SPRF-SC,DEL06-SC,UOP01-DEL06-SC,2023
"515302,0",2023-04-07,sexta-feira,00:50:00,SC,101,"96,0",BARRA VELHA,Objeto estático sobre o leito carroçável,Colisão lateral mesmo sentido,Com Vítimas Feridas,Plena Noite,Crescente,Chuva,Múltipla,Reta,Não,3,0,1,0,1,1,1,2,-26.718427,-48.70233,SPRF-SC,DEL03-SC,UOP02-DEL03-SC,2023
"515304,0",2023-04-07,sexta-feira,02:30:00,SC,101,"211,0",PALHOCA,Acumulo de água sobre o pavimento,Saída de leito carroçável,Com Vítimas Feridas,Plena Noite,Decrescente,Chuva,Dupla,Reta,Não,1,0,0,1,0,0,1,1,-27.62329313,-48.65245588,SPRF-SC,DEL01-SC,UOP02-DEL01-SC,2023
"515305,0",2023-04-07,sexta-feira,00:30:00,SC,470,"121,0",IBIRAMA,Reação tardia ou ineficiente do condutor,Colisão lateral sentido oposto,Com Vítimas Feridas,Plena Noite,Decrescente,Chuva,Simples,Aclive;Curva,Não,5,0,1,0,4,0,1,3,-27.095861,-49.526859,SPRF-SC,DEL04-SC,UOP02-DEL04-SC,2023
"515313,0",2023-04-07,sexta-feira,03:10:00,SC,470,"280,0",BRUNOPOLIS,Transitar na contramão,Colisão frontal,Com Vítimas Feridas,Plena Noite,Decrescente,Chuva,Simples,Reta,Não,2,0,1,0,1,0,1,2,-27.332188,-50.862553,SPRF-SC,DEL07-SC,UOP06-DEL07-SC,2023
"515315,0",2023-04-07,sexta-feira,03:20:00,SC,470,"70,0",INDAIAL,Acumulo de água sobre o pavimento,Saída de leito carroçável,Com Vítimas Feridas,Plena Noite,Crescente,Garoa/Chuvisco,Simples,Reta,Não,3,0,3,0,0,0,3,1,-26.889374,-49.254478,SPRF-SC,DEL04-SC,UOP01-DEL04-SC,2023
"515318,0",2023-04-07,sexta-feira,02:50:00,SC,282,"408,4",CATANDUVAS,Ingestão de álcool pelo condutor,Colisão lateral sentido oposto,Sem Vítimas,Plena Noite,Crescente,Chuva,Simples,Curva;Aclive,Sim,6,0,0,0,6,0,0,2,-27.077851,-51.662963,SPRF-SC,DEL07-SC,UOP05-DEL07-SC,2023
"515321,0",2023-04-07,sexta-feira,01:45:00,SC,470,"209,8",SAO CRISTOVAO DO SUL,Ultrapassagem Indevida,Colisão frontal,Com Vítimas Fatais,Plena Noite,Decrescente,Chuva,Simples,Reta,Não,9,1,2,5,1,0,7,3,-27.3027981,-50.2205816,SPRF-SC,DEL05-SC,UOP03-DEL05-SC,2023
"515325,0",2023-04-07,sexta-feira,02:20:00,SC,101,"356,0",SANGAO,Ausência de reação do condutor,Saída de leito carroçável,Sem Vítimas,Plena Noite,Crescente,Chuva,Dupla,Reta,Sim,1,0,0,0,1,0,0,1,-28.62930081,-49.08665412,SPRF-SC,DEL02-SC,UOP01-DEL02-SC,2023
"515343,0",2023-04-07,sexta-feira,08:31:00,SC,101,"186,1",BIGUACU,Reação tardia ou ineficiente do condutor,Saída de leito carroçável,Com Vítimas Feridas,Pleno dia,Crescente,Chuva,Dupla,Reta,Não,3,0,2,0,1,0,2,1,-27.4341098,-48.62567129,SPRF-SC,DEL01-SC,UOP01-DEL01-SC,2023
"515348,0",2023-04-07,sexta-feira,08:30:00,SC,101,"211,0",PALHOCA,Reação tardia ou ineficiente do condutor,Saída de leito carroçável,Com Vítimas Feridas,Pleno dia,Crescente,Chuva,Múltipla,Reta,Sim,1,0,0,1,0,0,1,1,-27.62329313,-48.65245588,SPRF-SC,DEL01-SC,UOP02-DEL01-SC,2023
"515359,0",2023-04-07,sexta-feira,05:00:00,SC,280,"10,0",SAO FRANCISCO DO SUL,Ausência de reação do condutor,Saída de leito carroçável,Sem Vítimas,Amanhecer,Crescente,Chuva,Simples,Reta,Não,1,0,0,0,0,1,0,1,-26.29625399,-48.64238799,SPRF-SC,DEL03-SC,UOP03-DEL03-SC,2023
"515376,0",2023-04-07,sexta-feira,10:40:00,SC,282,"0,3",FLORIANOPOLIS,Velocidade Incompatível,Saída de leito carroçável,Com Vítimas Feridas,Pleno dia,Crescente,Chuva,Dupla,Curva,Sim,4,0,4,0,0,0,4,1,-27.59845,-48.571995,SPRF-SC,DEL01-SC,UOP01-DEL01-SC,2023
"515377,0",2023-04-07,sexta-feira,11:10:00,SC,101,"213,0",PALHOCA,Desrespeitar a preferência no cruzamento,Colisão transversal,Com Vítimas Feridas,Pleno dia,Decrescente,Chuva,Múltipla,Interseção de Vias,Sim,2,0,0,1,1,0,1,2,-27.63697369,-48.66514142,SPRF-SC,DEL01-SC,UOP02-DEL01-SC,2023
"515384,0",2023-04-07,sexta-feira,10:00:00,SC,470,"122,9",IBIRAMA,Acumulo de água sobre o pavimento,Colisão frontal,Com Vítimas Feridas,Pleno dia,Decrescente,Chuva,Simples,Curva;Aclive,Não,3,0,2,0,1,0,2,2,-27.106783,-49.522049,SPRF-SC,DEL04-SC,UOP02-DEL04-SC,2023
"515385,0",2023-04-07,sexta-feira,11:30:00,SC,101,"193,0",BIGUACU,Ausência de reação do condutor,Saída de leito carroçável,Com Vítimas Feridas,Pleno dia,Decrescente,Garoa/Chuvisco,Simples,Curva,Sim,3,0,1,0,2,0,1,1,-27.489574,-48.655914,SPRF-SC,DEL01-SC,UOP01-DEL01-SC,2023
"515390,0",2023-04-07,sexta-feira,12:05:00,SC,470,"54,0",BLUMENAU,Acessar a via sem observar a presença dos outros veículos,Colisão transversal,Com Vítimas Feridas,Pleno dia,Decrescente,Chuva,Simples,Interseção de Vias,Sim,2,0,1,0,1,0,1,2,-26.871065,-49.110374,SPRF-SC,DEL04-SC,UOP01-DEL04-SC,2023
"515393,0",2023-04-07,sexta-feira,13:00:00,SC,101,"142,0",ITAPEMA,Chuva,Colisão com objeto,Com Vítimas Feridas,Pleno dia,Crescente,Chuva,Múltipla,Reta,Não,3,0,2,0,1,0,2,2,-27.056089,-48.599449,SPRF-SC,DEL04-SC,UOP03-DEL04-SC,2023
"515394,0",2023-04-07,sexta-feira,13:05:00,SC,101,"190,9",BIGUACU,Velocidade Incompatível,Colisão com objeto,Com Vítimas Feridas,Pleno dia,Decrescente,Chuva,Dupla,Curva,Sim,3,0,3,0,0,0,3,1,-27.468056,-48.641712,SPRF-SC,DEL01-SC,UOP01-DEL01-SC,2023
"515408,0",2023-04-07,sexta-feira,14:30:00,SC,282,"6,0",SAO JOSE,Pista Escorregadia,Colisão transversal,Com Vítimas Feridas,Pleno dia,Crescente,Chuva,Dupla,Curva,Sim,2,0,1,0,1,0,1,2,-27.591936,-48.618244,SPRF-SC,DEL01-SC,UOP01-DEL01-SC,2023
"515413,0",2023-04-07,sexta-feira,14:40:00,SC,101,"147,9",ITAPEMA,Ingestão de álcool e/ou substâncias psicoativas pelo pedestre,Colisão traseira,Com Vítimas Feridas,Pleno dia,Decrescente,Garoa/Chuvisco,Múltipla,Reta,Sim,2,0,1,0,1,0,1,2,-27.09237407,-48.61730888,SPRF-SC,DEL04-SC,UOP03-DEL04-SC,2023
"515415,0",2023-04-07,sexta-feira,12:10:00,SC,282,"53,9",AGUAS MORNAS,Velocidade Incompatível,Colisão transversal,Com Vítimas Feridas,Pleno dia,Crescente,Chuva,Simples,Declive;Curva,Não,3,0,3,0,0,0,3,2,-27.691511,-48.970215,SPRF-SC,DEL01-SC,UOP03-DEL01-SC,2023
"515416,0",2023-04-07,sexta-feira,10:00:00,SC,280,"88,0",CORUPA,Condutor Dormindo,Colisão transversal,Com Vítimas Feridas,Pleno dia,Decrescente,Céu Claro,Simples,Curva,Não,3,0,2,1,0,0,3,2,-26.41552007,-49.26717599,SPRF-SC,DEL06-SC,UOP03-DEL06-SC,2023
"515417,0",2023-04-07,sexta-feira,11:50:00,SC,101,"384,4",ICARA,Condutor Dormindo,Colisão traseira,Com Vítimas Feridas,Pleno dia,Decrescente,Chuva,Múltipla,Reta,Não,2,0,0,1,1,0,1,2,-28.7786564,-49.32366729,SPRF-SC,DEL02-SC,UOP02-DEL02-SC,2023
"515419,0",2023-04-07,sexta-feira,13:10:00,SC,101,"415,0",ARARANGUA,Ausência de reação do condutor,Colisão traseira,Com Vítimas Feridas,Pleno dia,Decrescente,Garoa/Chuvisco,Simples,Reta,Sim,2,0,1,0,1,0,1,2,-28.96040535,-49.51653267,SPRF-SC,DEL02-SC,UOP02-DEL02-SC,2023
"515430,0",2023-04-07,sexta-feira,15:27:00,SC,282,"5,8",SAO JOSE,Condutor Dormindo,Capotamento,Com Vítimas Feridas,Pleno dia,Crescente,Chuva,Dupla,Curva;Viaduto,Sim,2,0,1,0,1,0,1,2,-27.588425,-48.612919,SPRF-SC,DEL01-SC,UOP01-DEL01-SC,2023
"515433,0",2023-04-07,sexta-feira,16:30:00,SC,101,"117,0",ITAJAI,Condutor deixou de manter distância do veículo da frente,Colisão traseira,Com Vítimas Feridas,Pleno dia,Crescente,Chuva,Dupla,Viaduto;Reta,Sim,5,0,2,0,3,0,2,3,-26.88747187,-48.72252969,SPRF-SC,DEL04-SC,UOP04-DEL04-SC,2023
"515442,0",2023-04-07,sexta-feira,09:45:00,SC,282,"273,6",SAO JOSE DO CERRITO,Pista Escorregadia,Colisão frontal,Com Vítimas Fatais,Pleno dia,Crescente,Chuva,Simples,Curva,Não,8,2,4,2,0,0,6,2,-27.61411311,-50.71718216,SPRF-SC,DEL05-SC,UOP02-DEL05-SC,2023
"515493,0",2023-04-07,sexta-feira,20:04:00,SC,101,"205,0",SAO JOSE,Ausência de reação do condutor,Tombamento,Com Vítimas Feridas,Plena Noite,Decrescente,Nublado,Simples,Declive;Curva;Viaduto,Não,1,0,1,0,0,0,1,1,-27.58313237,-48.61532885,SPRF-SC,DEL01-SC,UOP01-DEL01-SC,2023
"515494,0",2023-04-07,sexta-feira,21:55:00,SC,101,"213,0",PALHOCA,Desrespeitar a preferência no cruzamento,Colisão transversal,Com Vítimas Feridas,Plena Noite,Decrescente,Chuva,Dupla,Viaduto;Interseção de Vias,Sim,2,0,0,1,1,0,1,2,-27.63697369,-48.66514142,SPRF-SC,DEL01-SC,UOP02-DEL01-SC,2023
"515495,0",2023-04-07,sexta-feira,22:00:00,SC,101,"189,8",BIGUACU,Velocidade Incompatível,Capotamento,Com Vítimas Feridas,Plena Noite,Decrescente,Chuva,Dupla,Curva,Não,3,0,3,0,0,0,3,1,-27.459393,-48.638914,SPRF-SC,DEL01-SC,UOP01-DEL01-SC,2023
"515523,0",2023-04-08,sábado,02:10:00,SC,101,"85,0",BARRA VELHA,Estacionar ou parar em local proibido,Colisão traseira,Com Vítimas Feridas,Plena Noite,Crescente,Nublado,Dupla,Reta,Sim,3,0,0,2,0,1,2,3,-26.63181756,-48.7037766,SPRF-SC,DEL03-SC,UOP02-DEL03-SC,2023
"515542,0",2023-04-08,sábado,03:35:00,SC,116,"111,0",SANTA CECILIA,Neblina,Saída de leito carroçável,Sem Vítimas,Plena Noite,Crescente,Nevoeiro/Neblina,Simples,Reta,Não,1,0,0,0,1,0,0,1,-26.76856222,-50.35053362,SPRF-SC,DEL06-SC,UOP02-DEL06-SC,2023
"515562,0",2023-04-08,sábado,09:15:00,SC,101,"355,4",SANGAO,Demais falhas mecânicas ou elétricas,Incêndio,Sem Vítimas,Pleno dia,Decrescente,Chuva,Dupla,Reta,Não,1,0,0,0,1,0,0,1,-28.630602,-49.088563,SPRF-SC,DEL02-SC,UOP01-DEL02-SC,2023
"515600,0",2023-04-08,sábado,14:20:00,SC,101,"214,0",PALHOCA,Condutor deixou de manter distância do veículo da frente,Queda de ocupante de veículo,Com Vítimas Feridas,Pleno dia,Decrescente,Garoa/Chuvisco,Múltipla,Reta,Sim,2,0,1,0,1,0,1,2,-27.64443,-48.67057,SPRF-SC,DEL01-SC,UOP02-DEL01-SC,2023
"515618,0",2023-04-08,sábado,15:00:00,SC,470,"62,0",INDAIAL,Acessar a via sem observar a presença dos outros veículos,Colisão transversal,Com Vítimas Feridas,Pleno dia,Crescente,Céu Claro,Simples,Reta;Aclive,Não,3,0,1,1,1,0,2,2,-26.874521,-49.182938,SPRF-SC,DEL04-SC,UOP01-DEL04-SC,2023
"515620,0",2023-04-08,sábado,16:00:00,SC,101,"41,0",JOINVILLE,Velocidade Incompatível,Colisão com objeto,Com Vítimas Feridas,Pleno dia,Decrescente,Chuva,Dupla,Curva,Não,1,0,1,0,0,0,1,1,-26.28215489,-48.88973081,SPRF-SC,DEL03-SC,UOP01-DEL03-SC,2023
"515644,0",2023-04-08,sábado,17:10:00,SC,280,"255,9",CANOINHAS,Reação tardia ou ineficiente do condutor,Colisão com objeto,Com Vítimas Feridas,Pleno dia,Crescente,Céu Claro,Simples,Curva,Não,1,0,1,0,0,0,1,1,-26.265499,-50.598565,SPRF-SC,DEL06-SC,UOP04-DEL06-SC,2023
"515661,0",2023-04-08,sábado,17:39:00,SC,101,"205,0",FLORIANOPOLIS,Avarias e/ou desgaste excessivo no pneu,Saída de leito carroçável,Com Vítimas Feridas,Pleno dia,Decrescente,Céu Claro,Dupla,Curva;Viaduto,Sim,4,0,4,0,0,0,4,1,-27.58313237,-48.61532885,SPRF-SC,DEL01-SC,UOP01-DEL01-SC,2023
"515663,0",2023-04-08,sábado,19:00:00,SC,280,"229,9",CANOINHAS,Ingestão de álcool pelo condutor,Atropelamento de Pedestre,Com Vítimas Fatais,Plena Noite,Crescente,Nublado,Simples,Reta;Aclive,Não,4,1,0,0,1,2,0,2,-26.18671273,-50.35574913,SPRF-SC,DEL06-SC,UOP04-DEL06-SC,2023
"515664,0",2023-04-08,sábado,17:15:00,SC,163,"103,9",SAO JOSE DO CEDRO,Ingestão de álcool pelo condutor,Saída de leito carroçável,Com Vítimas Feridas,Pleno dia,Decrescente,Céu Claro,Simples,Curva,Sim,1,0,1,0,0,0,1,1,-26.4533039,-53.51028019,SPRF-SC,DEL07-SC,UOP03-DEL07-SC,2023
"515703,0",2023-04-09,domingo,01:45:00,SC,101,"416,0",ARARANGUA,Ultrapassagem Indevida,Colisão lateral mesmo sentido,Com Vítimas Feridas,Plena Noite,Crescente,Nublado,Simples,Reta,Sim,2,0,1,0,1,0,1,2,-28.97390583,-49.53072309,SPRF-SC,DEL02-SC,UOP02-DEL02-SC,2023
"515710,0",2023-04-09,domingo,02:22:00,SC,101,"225,8",PALHOCA,Ingestão de álcool pelo condutor,Colisão lateral mesmo sentido,Sem Vítimas,Plena Noite,Crescente,Nublado,Dupla,Reta,Não,3,0,0,0,3,0,0,2,-27.73292191,-48.6409567,SPRF-SC,DEL01-SC,UOP02-DEL01-SC,2023
"515717,0",2023-04-09,domingo,03:40:00,SC,282,"3,9",FLORIANOPOLIS,Velocidade Incompatível,Colisão traseira,Sem Vítimas,Plena Noite,Decrescente,Garoa/Chuvisco,Múltipla,Reta,Sim,2,0,0,0,1,1,0,2,-27.600384,-48.599705,SPRF-SC,DEL01-SC,UOP01-DEL01-SC,2023
"515720,0",2023-04-09,domingo,03:35:00,SC,101,"360,1",SANGAO,Ingestão de álcool pelo condutor,Saída de leito carroçável,Com Vítimas Feridas,Plena Noite,Crescente,Nublado,Simples,Reta,Sim,1,0,1,0,0,0,1,1,-28.66699952,-49.11678314,SPRF-SC,DEL02-SC,UOP01-DEL02-SC,2023
"515729,0",2023-04-09,domingo,04:30:00,SC,101,"402,8",MARACAJA,Ausência de reação do condutor,Colisão traseira,Com Vítimas Feridas,Plena Noite,Crescente,Céu Claro,Dupla,Reta,Não,11,0,1,1,9,0,2,4,-28.86330994,-49.44595308,SPRF-SC,DEL02-SC,UOP02-DEL02-SC,2023
"515734,0",2023-04-09,domingo,07:30:00,SC,101,"41,7",JOINVILLE,Ausência de reação do condutor,Capotamento,Com Vítimas Feridas,Pleno dia,Crescente,Garoa/Chuvisco,Dupla,Curva,Sim,2,0,2,0,0,0,2,1,-26.28215489,-48.88973081,SPRF-SC,DEL03-SC,UOP01-DEL03-SC,2023
"515742,0",2023-04-09,domingo,06:00:00,SC,282,"447,0",IRANI,Ausência de reação do condutor,Colisão com objeto,Sem Vítimas,Plena Noite,Decrescente,Céu Claro,Simples,Curva,Não,1,0,0,0,1,0,0,1,-26.916658,-51.923176,SPRF-SC,DEL07-SC,UOP04-DEL07-SC,2023
"515743,0",2023-04-09,domingo,07:40:00,SC,101,"49,0",JOINVILLE,Acessar a via sem observar a presença dos outros veículos,Colisão lateral mesmo sentido,Com Vítimas Feridas,Pleno dia,Decrescente,Céu Claro,Dupla,Curva,Não,2,0,1,0,1,0,1,1,-26.38500748,-48.84872317,SPRF-SC,DEL03-SC,UOP01-DEL03-SC,2023
"515745,0",2023-04-09,domingo,04:50:00,SC,153,"58,0",IRANI,Desrespeitar a preferência no cruzamento,Colisão transversal,Com Vítimas Feridas,Amanhecer,Crescente,Céu Claro,Simples,Rotatória,Não,3,0,1,0,2,0,1,2,-26.964373,-51.841362,SPRF-SC,DEL07-SC,UOP07-DEL07-SC,2023
"515755,0",2023-04-09,domingo,10:40:00,SC,101,"118,0",ITAJAI,Manobra de mudança de faixa,Colisão lateral mesmo sentido,Com Vítimas Feridas,Pleno dia,Decrescente,Céu Claro,Dupla,Reta;Ponte,Não,3,0,0,1,2,0,1,2,-26.895859,-48.71903,SPRF-SC,DEL04-SC,UOP04-DEL04-SC,2023
"515762,0",2023-04-09,domingo,10:40:00,SC,101,"206,9",SAO JOSE,Frear bruscamente,Engavetamento,Com Vítimas Feridas,Pleno dia,Crescente,Céu Claro,Múltipla,Reta,Sim,11,0,1,1,9,0,2,10,-27.59193546,-48.61824557,SPRF-SC,DEL01-SC,UOP01-DEL01-SC,2023
"515764,0",2023-04-09,domingo,10:30:00,SC,470,"33,0",GASPAR,Condutor Dormindo,Colisão traseira,Com Vítimas Feridas,Pleno dia,Decrescente,Céu Claro,Simples,Reta,Sim,3,0,2,0,1,0,2,2,-26.90782901,-48.94429564,SPRF-SC,DEL04-SC,UOP01-DEL04-SC,2023
"515768,0",2023-04-09,domingo,09:58:00,SC,280,"241,0",CANOINHAS,Conversão proibida,Colisão lateral mesmo sentido,Com Vítimas Feridas,Pleno dia,Crescente,Nublado,Simples,Reta,Não,3,0,1,0,2,0,1,2,-26.22501599,-50.45997601,SPRF-SC,DEL06-SC,UOP04-DEL06-SC,2023
"515787,0",2023-04-09,domingo,13:00:00,SC,470,"57,0",BLUMENAU,Ausência de reação do condutor,Colisão com objeto,Com Vítimas Feridas,Pleno dia,Decrescente,Nublado,Simples,Interseção de Vias,Não,3,0,3,0,0,0,3,1,-26.880428,-49.136532,SPRF-SC,DEL04-SC,UOP01-DEL04-SC,2023
"515811,0",2023-04-09,domingo,15:30:00,SC,282,"48,0",AGUAS MORNAS,Reação tardia ou ineficiente do condutor,Colisão lateral sentido oposto,Com Vítimas Feridas,Pleno dia,Decrescente,Chuva,Simples,Aclive;Curva,Não,4,0,2,0,2,0,2,3,-27.714352,-48.938072,SPRF-SC,DEL01-SC,UOP03-DEL01-SC,2023
"515835,0",2023-04-09,domingo,17:20:00,SC,101,"207,0",SAO JOSE,Reação tardia ou ineficiente do condutor,Colisão transversal,Com Vítimas Feridas,Anoitecer,Decrescente,Nublado,Dupla,Reta;Interseção de Vias,Sim,2,0,1,0,1,0,1,2,-27.60001226,-48.6226467,SPRF-SC,DEL01-SC,UOP01-DEL01-SC,2023