id,data_inversa,dia_semana,horario,uf,br,km,municipio,causa_acidente,tipo_acidente,classificacao_acidente,fase_dia,sentido_via,condicao_metereologica,tipo_pista,tracado_via,uso_solo,pessoas,mortos,feridos_leves,feridos_graves,ilesos,ignorados,feridos,veiculos,latitude,longitude,regional,delegacia,uop,ano_arquivo
"516730,0",2023-04-14,sexta-feira,08:30:00,SC,101,"88,6",BARRA VELHA,Condutor deixou de manter distância do veículo da frente,Colisão traseira,Com Vítimas Feridas,Pleno dia,Decrescente,Chuva,Dupla,Reta,Sim,2,0,2,0,0,0,2,2,-26.6516779,-48.68702888,SPRF-SC,DEL03-SC,UOP02-DEL03-SC,2023
"516750,0",2023-04-14,sexta-feira,10:00:00,SC,282,"351,0",CAMPOS NOVOS,Pista Escorregadia,Tombamento,Com Vítimas Feridas,Pleno dia,Decrescente,Garoa/Chuvisco,Simples,Reta,Não,2,0,0,1,1,0,1,1,-27.361374,-51.301975,SPRF-SC,DEL07-SC,UOP06-DEL07-SC,2023
"516752,0",2023-04-14,sexta-feira,12:00:00,SC,101,"419,0",ARARANGUA,Desrespeitar a preferência no cruzamento,Atropelamento de Pedestre,Com Vítimas Feridas,Pleno dia,Decrescente,Chuva,Simples,Reta,Sim,2,0,1,1,0,0,2,2,-28.99275124,-49.54960585,SPRF-SC,DEL02-SC,UOP02-DEL02-SC,2023
"516774,0",2023-04-14,sexta-feira,14:30:00,SC,101,"224,0",PALHOCA,Ausência de reação do condutor,Colisão traseira,Com Vítimas Feridas,Pleno dia,Decrescente,Chuva,Dupla,Reta,Não,2,0,1,0,1,0,1,2,-27.72384789,-48.64386769,SPRF-SC,DEL01-SC,UOP02-DEL01-SC,2023
"516780,0",2023-04-14,sexta-feira,11:40:00,SC,470,"195,0",POUSO REDONDO,Pista Escorregadia,Colisão lateral sentido oposto,Com Vítimas Feridas,Pleno dia,Crescente,Chuva,Simples,Curva;Aclive,Não,2,0,2,0,0,0,2,2,-27.303724,-50.088837,SPRF-SC,DEL04-SC,UOP02-DEL04-SC,2023
"516792,0",2023-04-14,sexta-feira,11:10:00,SC,282,"673,2",PARAISO,Conversão proibida,Colisão traseira,Sem Vítimas,Pleno dia,Crescente,Céu Claro,Simples,Reta;Declive,Não,3,0,0,0,3,0,0,2,-26.618063,-53.661022,SPRF-SC,DEL07-SC,UOP03-DEL07-SC,2023
"516794,0",2023-04-14,sexta-feira,16:10:00,SC,116,"5,4",MAFRA,Ausência de reação do condutor,Queda de ocupante de veículo,Com Vítimas Feridas,Pleno dia,Decrescente,Céu Claro,Simples,Reta,Sim,1,0,0,1,0,0,1,1,-26.14094396,-49.81508303,SPRF-SC,DEL06-SC,UOP01-DEL06-SC,2023
"516798,0",2023-04-14,sexta-feira,11:10:00,SC,282,"237,9",LAGES,Velocidade Incompatível,Saída de leito carroçável,Com Vítimas Feridas,Pleno dia,Decrescente,Chuva,Simples,Curva;Aclive,Não,1,0,1,0,0,0,1,1,-27.785622,-50.491371,SPRF-SC,DEL05-SC,UOP02-DEL05-SC,2023
"516853,0",2023-04-14,sexta-feira,19:30:00,SC,470,"109,0",IBIRAMA,Ultrapassagem Indevida,Colisão frontal,Com Vítimas Feridas,Plena Noite,Crescente,Chuva,Simples,Reta,Não,2,0,0,1,1,0,1,2,-27.083876,-49.449543,SPRF-SC,DEL04-SC,UOP02-DEL04-SC,2023
"516855,0",2023-04-14,sexta-feira,19:45:00,SC,101,"206,0",SAO JOSE,Ausência de reação do condutor,Queda de ocupante de veículo,Com Vítimas Feridas,Plena Noite,Crescente,Chuva,Múltipla,Reta,Sim,1,0,1,0,0,0,1,1,-27.59193546,-48.61824557,SPRF-SC,DEL01-SC,UOP01-DEL01-SC,2023
"516858,0",2023-04-14,sexta-feira,19:44:00,SC,470,"56,2",BLUMENAU,Reação tardia ou ineficiente do condutor,Colisão traseira,Sem Vítimas,Plena Noite,Decrescente,Chuva,Simples,Reta,Sim,3,0,0,0,3,0,0,3,-26.87674,-49.127743,SPRF-SC,DEL04-SC,UOP01-DEL04-SC,2023
"516863,0",2023-04-01,sábado,00:30:00,SC,101,"218,0",PALHOCA,Velocidade Incompatível,Saída de leito carroçável,Com Vítimas Feridas,Plena Noite,Crescente,Céu Claro,Simples,Desvio Temporário;Em Obras;Curva,Não,1,0,1,0,0,0,1,1,-27.6758601,-48.67052525,SPRF-SC,DEL01-SC,UOP02-DEL01-SC,2023
"516891,0",2023-04-14,sexta-feira,19:20:00,SC,280,"221,1",TRES BARRAS,Ausência de reação do condutor,Saída de leito carroçável,Com Vítimas Fatais,Plena Noite,Crescente,Céu Claro,Simples,Rotatória,Não,1,1,0,0,0,0,0,1,-26.17237629,-50.27151704,SPRF-SC,DEL06-SC,UOP04-DEL06-SC,2023
"516893,0",2023-04-14,sexta-feira,21:30:00,SC,153,"65,0",IRANI,Condutor Dormindo,Colisão frontal,Com Vítimas Feridas,Plena Noite,Decrescente,Céu Claro,Simples,Reta,Sim,2,0,1,1,0,0,2,2,-27.01640935,-51.88195825,SPRF-SC,DEL07-SC,UOP04-DEL07-SC,2023
"516895,0",2023-04-14,sexta-feira,23:30:00,SC,470,"67,0",INDAIAL,Obras na pista,Colisão com objeto,Com Vítimas Feridas,Plena Noite,Decrescente,Garoa/Chuvisco,Múltipla,Reta,Sim,2,0,2,0,0,0,2,1,-26.87186554,-49.23047662,SPRF-SC,DEL04-SC,UOP01-DEL04-SC,2023
"516898,0",2023-04-14,sexta-feira,23:50:00,SC,282,"6,0",SAO JOSE,Pista Escorregadia,Saída de leito carroçável,Sem Vítimas,Plena Noite,Crescente,Chuva,Dupla,Curva;Declive,Sim,1,0,0,0,1,0,0,1,-27.591936,-48.618244,SPRF-SC,DEL01-SC,UOP01-DEL01-SC,2023
"516903,0",2023-04-14,sexta-feira,23:55:00,SC,282,"4,9",FLORIANOPOLIS,Curva acentuada,Colisão com objeto,Sem Vítimas,Plena Noite,Decrescente,Nublado,Dupla,Curva,Sim,1,0,0,0,0,1,0,1,-27.592646,-48.604034,SPRF-SC,DEL01-SC,UOP01-DEL01-SC,2023
"516923,0",2023-04-15,sábado,05:00:00,SC,280,"299,0",PORTO UNIAO,Reação tardia ou ineficiente do condutor,Saída de leito carroçável,Com Vítimas Feridas,Plena Noite,Decrescente,Nublado,Simples,Reta,Não,1,0,0,1,0,0,1,1,-26.28420538,-51.0111179,SPRF-SC,DEL06-SC,UOP04-DEL06-SC,2023
"516927,0",2023-04-15,sábado,06:05:00,SC,282,"3,0",FLORIANOPOLIS,Reação tardia ou ineficiente do condutor,Colisão com objeto,Sem Vítimas,Amanhecer,Crescente,Céu Claro,Múltipla,Curva,Sim,1,0,0,0,0,1,0,1,-27.60068881,-48.59913826,SPRF-SC,DEL01-SC,UOP01-DEL01-SC,2023
"516928,0",2023-04-14,sexta-feira,16:50:00,SC,282,"393,0",JOACABA,Acesso irregular,Colisão transversal,Com Vítimas Feridas,Pleno dia,Decrescente,Chuva,Simples,Reta,Não,2,0,0,1,1,0,1,2,-27.160221,-51.573895,SPRF-SC,DEL07-SC,UOP05-DEL07-SC,2023
"516961,0",2023-04-15,sábado,06:00:00,SC,158,"140,9",PALMITOS,Condutor Dormindo,Colisão lateral sentido oposto,Sem Vítimas,Amanhecer,Decrescente,Céu Claro,Simples,Reta;Declive,Não,2,0,0,0,1,1,0,2,-27.12575601,-53.21242903,SPRF-SC,DEL07-SC,UOP02-DEL07-SC,2023
"516988,0",2023-04-15,sábado,14:00:00,SC,101,"236,0",PALHOCA,Acumulo de areia ou detritos sobre o pavimento,Tombamento,Com Vítimas Feridas,Pleno dia,Crescente,Nublado,Simples,Retorno Regulamentado;Curva,Sim,2,0,1,1,0,0,2,1,-27.82629382,-48.63034842,SPRF-SC,DEL01-SC,UOP02-DEL01-SC,2023
"516992,0",2023-04-15,sábado,15:00:00,SC,101,"164,0",TIJUCAS,Acessar a via sem observar a presença dos outros veículos,Colisão transversal,Com Vítimas Feridas,Pleno dia,Decrescente,Nublado,Múltipla,Interseção de Vias,Não,2,0,1,0,1,0,1,2,-27.243868,-48.6309,SPRF-SC,DEL04-SC,UOP03-DEL04-SC,2023
"516995,0",2023-04-15,sábado,13:30:00,SC,280,"239,9",CANOINHAS,Ultrapassagem Indevida,Saída de leito carroçável,Com Vítimas Feridas,Pleno dia,Crescente,Céu Claro,Simples,Reta,Não,5,0,2,3,0,0,5,1,-26.20971113,-50.44782084,SPRF-SC,DEL06-SC,UOP04-DEL06-SC,2023
"516997,0",2023-04-15,sábado,14:30:00,SC,116,"221,0",CORREIA PINTO,Ingestão de álcool pelo condutor,Queda de ocupante de veículo,Com Vítimas Feridas,Pleno dia,Crescente,Nublado,Simples,Reta;Aclive,Sim,1,0,1,0,0,0,1,1,-27.58573399,-50.36555188,SPRF-SC,DEL05-SC,UOP03-DEL05-SC,2023
"517004,0",2023-04-15,sábado,15:30:00,SC,282,"605,0",MARAVILHA,Demais falhas mecânicas ou elétricas,Colisão traseira,Com Vítimas Feridas,Pleno dia,Crescente,Sol,Simples,Declive;Curva,Não,2,0,1,0,1,0,1,2,-26.7832383,-53.19661617,SPRF-SC,DEL07-SC,UOP02-DEL07-SC,2023
"517027,0",2023-04-15,sábado,17:00:00,SC,101,"21,0",JOINVILLE,Velocidade Incompatível,Saída de leito carroçável,Com Vítimas Feridas,Pleno dia,Crescente,Nublado,Dupla,Curva,Não,1,0,1,0,0,0,1,1,-26.14793022,-48.90894562,SPRF-SC,DEL03-SC,UOP01-DEL03-SC,2023
"517032,0",2023-04-15,sábado,16:45:00,SC,280,"3,7",SAO FRANCISCO DO SUL,Velocidade Incompatível,Colisão transversal,Com Vítimas Feridas,Pleno dia,Crescente,Céu Claro,Simples,Rotatória,Sim,3,0,2,0,1,0,2,2,-26.24531966,-48.61556107,SPRF-SC,DEL03-SC,UOP03-DEL03-SC,2023
"517043,0",2023-04-15,sábado,17:25:00,SC,116,"183,0",SAO CRISTOVAO DO SUL,Pista Escorregadia,Saída de leito carroçável,Com Vítimas Feridas,Anoitecer,Decrescente,Garoa/Chuvisco,Simples,Reta,Não,2,0,1,0,1,0,1,1,-27.2929189,-50.43356775,SPRF-SC,DEL05-SC,UOP03-DEL05-SC,2023
"517048,0",2023-04-15,sábado,19:00:00,SC,163,"107,7",GUARUJA DO SUL,Acesso irregular,Colisão frontal,Com Vítimas Feridas,Plena Noite,Crescente,Céu Claro,Simples,Curva,Não,2,0,2,0,0,0,2,2,-26.42211709,-53.52522433,SPRF-SC,DEL07-SC,UOP03-DEL07-SC,2023
"517057,0",2023-04-15,sábado,19:30:00,SC,101,"214,0",PALHOCA,Acessar a via sem observar a presença dos outros veículos,Colisão transversal,Com Vítimas Feridas,Plena Noite,Crescente,Nublado,Múltipla,Reta,Sim,3,0,1,0,2,0,1,2,-27.64443,-48.67057,SPRF-SC,DEL01-SC,UOP02-DEL01-SC,2023
"517086,0",2023-04-15,sábado,23:54:00,SC,282,"17,7",PALHOCA,Transitar na contramão,Colisão transversal,Sem Vítimas,Plena Noite,Crescente,Nublado,Simples,Reta,Sim,3,0,0,0,3,0,0,2,-27.665707,-48.688065,SPRF-SC,DEL01-SC,UOP02-DEL01-SC,2023
"517092,0",2023-04-15,sábado,23:10:00,SC,101,"271,0",IMBITUBA,Ausência de reação do condutor,Saída de leito carroçável,Com Vítimas Feridas,Plena Noite,Crescente,Céu Claro,Dupla,Reta,Não,1,0,0,1,0,0,1,1,-28.11011972,-48.70211279,SPRF-SC,DEL02-SC,UOP03-DEL02-SC,2023
"517095,0",2023-04-16,domingo,02:00:00,SC,280,"53,7",GUARAMIRIM,Acumulo de água sobre o pavimento,Queda de ocupante de veículo,Com Vítimas Feridas,Plena Noite,Decrescente,Garoa/Chuvisco,Dupla,Curva,Sim,1,0,1,0,0,0,1,1,-26.47236756,-48.97426617,SPRF-SC,DEL03-SC,UOP03-DEL03-SC,2023
"517102,0",2023-04-16,domingo,03:18:00,SC,101,"202,5",SAO JOSE,Condutor Dormindo,Saída de leito carroçável,Com Vítimas Feridas,Plena Noite,Crescente,Céu Claro,Dupla,Reta,Sim,2,0,1,0,1,0,1,1,-27.55711595,-48.61897889,SPRF-SC,DEL01-SC,UOP01-DEL01-SC,2023
"517111,0",2023-04-16,domingo,02:50:00,SC,282,"404,3",JOACABA,Manobra de mudança de faixa,Colisão frontal,Com Vítimas Fatais,Plena Noite,Crescente,Nublado,Simples,Curva;Declive,Não,5,3,0,2,0,0,2,2,-27.106958,-51.641999,SPRF-SC,DEL07-SC,UOP05-DEL07-SC,2023
"517146,0",2023-04-16,domingo,07:20:00,SC,282,"590,0",SAUDADES,Neblina,Saída de leito carroçável,Com Vítimas Feridas,Pleno dia,Decrescente,Nevoeiro/Neblina,Simples,Aclive;Curva,Não,2,0,2,0,0,0,2,1,-26.825788,-53.072556,SPRF-SC,DEL07-SC,UOP02-DEL07-SC,2023
"517186,0",2023-04-16,domingo,12:00:00,SC,282,"620,0",FLOR DO SERTAO,Chuva,Capotamento,Com Vítimas Feridas,Pleno dia,Crescente,Chuva,Simples,Aclive;Curva,Não,4,0,1,0,3,0,1,1,-26.799355,-53.308002,SPRF-SC,DEL07-SC,UOP02-DEL07-SC,2023
"517190,0",2023-04-16,domingo,13:55:00,SC,101,"338,2",TUBARAO,Ausência de reação do condutor,Colisão traseira,Com Vítimas Feridas,Pleno dia,Decrescente,Céu Claro,Dupla,Reta,Não,2,0,2,0,0,0,2,2,-28.50641048,-49.05017853,SPRF-SC,DEL02-SC,UOP01-DEL02-SC,2023
"517214,0",2023-04-16,domingo,18:15:00,SC,101,"158,0",PORTO BELO,Reação tardia ou ineficiente do condutor,Colisão com objeto,Com Vítimas Feridas,Pleno dia,Decrescente,Céu Claro,Dupla,Reta;Retorno Regulamentado,Sim,2,0,2,0,0,0,2,1,-27.19096301,-48.61259017,SPRF-SC,DEL04-SC,UOP03-DEL04-SC,2023
"517248,0",2023-04-16,domingo,19:30:00,SC,280,"128,0",RIO NEGRINHO,Ausência de reação do condutor,Colisão com objeto,Sem Vítimas,Plena Noite,Decrescente,Chuva,Simples,Ponte,Não,1,0,0,0,0,1,0,1,-26.252,-49.527,SPRF-SC,DEL06-SC,UOP03-DEL06-SC,2023
"517254,0",2023-04-16,domingo,17:20:00,SC,282,"601,9",MARAVILHA,Ausência de reação do condutor,Colisão traseira,Com Vítimas Feridas,Pleno dia,Crescente,Chuva,Simples,Interseção de Vias;Reta,Não,4,0,3,0,1,0,3,2,-26.809002,-53.169399,SPRF-SC,DEL07-SC,UOP02-DEL07-SC,2023
"517261,0",2023-04-16,domingo,19:50:00,SC,116,"194,0",PONTE ALTA,Reação tardia ou ineficiente do condutor,Capotamento,Sem Vítimas,Plena Noite,Decrescente,Garoa/Chuvisco,Simples,Curva;Declive,Não,1,0,0,0,0,1,0,1,-27.380015,-50.43000816,SPRF-SC,DEL05-SC,UOP03-DEL05-SC,2023
"517279,0",2023-04-16,domingo,21:50:00,SC,282,"544,7",CHAPECO,Transitar na contramão,Colisão frontal,Com Vítimas Feridas,Plena Noite,Decrescente,Chuva,Simples,Reta,Não,4,0,2,1,1,0,3,3,-26.990418,-52.728735,SPRF-SC,DEL07-SC,UOP01-DEL07-SC,2023
"517282,0",2023-04-16,domingo,22:15:00,SC,101,"191,0",BIGUACU,Ingestão de álcool pelo condutor,Colisão com objeto,Com Vítimas Feridas,Plena Noite,Decrescente,Garoa/Chuvisco,Dupla,Curva,Não,3,0,3,0,0,0,3,1,-27.47730273,-48.64127329,SPRF-SC,DEL01-SC,UOP01-DEL01-SC,2023
"517304,0",2023-04-16,domingo,22:35:00,SC,470,"292,2",CAMPOS NOVOS,Condutor Dormindo,Colisão frontal,Com Vítimas Feridas,Plena Noite,Decrescente,Chuva,Simples,Reta,Não,7,0,2,0,5,0,2,2,-27.339112,-50.984666,SPRF-SC,DEL07-SC,UOP06-DEL07-SC,2023
"517316,0",2023-04-16,domingo,23:05:00,SC,101,"208,0",SAO JOSE,Ingestão de álcool pelo condutor,Colisão traseira,Sem Vítimas,Plena Noite,Crescente,Chuva,Simples,Reta,Sim,2,0,0,0,2,0,0,2,-27.60327979,-48.63201818,SPRF-SC,DEL01-SC,UOP01-DEL01-SC,2023
"517318,0",2023-04-17,segunda-feira,00:05:00,SC,101,"307,9",LAGUNA,Velocidade Incompatível,Colisão com objeto,Com Vítimas Feridas,Plena Noite,Decrescente,Chuva,Múltipla,Curva;Aclive,Não,4,0,4,0,0,0,4,1,-28.41664501,-48.79508972,SPRF-SC,DEL02-SC,UOP01-DEL02-SC,2023
"517321,0",2023-04-17,segunda-feira,02:00:00,SC,282,"293,8",VARGEM,Acumulo de água sobre o pavimento,Capotamento,Com Vítimas Feridas,Pleno dia,Decrescente,Chuva,Simples,Curva,Não,1,0,1,0,0,0,1,1,-27.538227,-50.860825,SPRF-SC,DEL07-SC,UOP06-DEL07-SC,2023
"517327,0",2023-04-17,segunda-feira,03:30:00,SC,101,"211,5",PALHOCA,Ingestão de álcool pelo condutor,Colisão com objeto,Sem Vítimas,Plena Noite,Crescente,Chuva,Dupla,Reta,Sim,1,0,0,0,0,1,0,1,-27.62329313,-48.65245588,SPRF-SC,DEL01-SC,UOP02-DEL01-SC,2023
"517328,0",2023-04-17,segunda-feira,05:30:00,SC,470,"4,0",NAVEGANTES,Velocidade Incompatível,Saída de leito carroçável,Sem Vítimas,Plena Noite,Decrescente,Chuva,Dupla,Reta,Sim,1,0,0,0,0,1,0,1,-26.858473,-48.690788,SPRF-SC,DEL04-SC,UOP04-DEL04-SC,2023
"517334,0",2023-04-17,segunda-feira,06:40:00,SC,101,"208,0",SAO JOSE,Trafegar com motocicleta (ou similar) entre as faixas,Colisão lateral mesmo sentido,Com Vítimas Feridas,Pleno dia,Decrescente,Nublado,Dupla,Reta,Sim,2,0,0,1,1,0,1,2,-27.60327979,-48.63201818,SPRF-SC,DEL01-SC,UOP01-DEL01-SC,2023
"517340,0",2023-04-17,segunda-feira,06:10:00,SC,101,"134,0",BALNEARIO CAMBORIU,Reação tardia ou ineficiente do condutor,Colisão com objeto,Com Vítimas Feridas,Pleno dia,Decrescente,Céu Claro,Múltipla,Reta,Sim,2,0,1,0,1,0,1,1,-27.00218,-48.636433,SPRF-SC,DEL04-SC,UOP03-DEL04-SC,2023
"517346,0",2023-02-28,terça-feira,16:52:00,SC,282,"17,0",PALHOCA,Acessar a via sem observar a presença dos outros veículos,Colisão transversal,Com Vítimas Feridas,Pleno dia,Crescente,Céu Claro,Simples,Reta,Sim,2,0,0,1,1,0,1,2,-27.665707,-48.688065,SPRF-SC,DEL01-SC,UOP02-DEL01-SC,2023
"517350,0",2023-04-17,segunda-feira,07:15:00,SC,101,"55,0",JOINVILLE,Chuva,Colisão com objeto,Sem Vítimas,Pleno dia,Crescente,Chuva,Dupla,Curva,Não,2,0,0,0,2,0,0,1,-26.42280898,-48.82977496,SPRF-SC,DEL03-SC,UOP01-DEL03-SC,2023
"517353,0",2023-04-17,segunda-feira,07:50:00,SC,101,"140,0",BALNEARIO CAMBORIU,Condutor deixou de manter distância do veículo da frente,Engavetamento,Com Vítimas Feridas,Pleno dia,Decrescente,Garoa/Chuvisco,Dupla,Túnel;Reta,Sim,3,0,2,0,1,0,2,3,-27.03881189,-48.60025148,SPRF-SC,DEL04-SC,UOP03-DEL04-SC,2023
"517364,0",2023-04-17,segunda-feira,07:00:00,SC,101,"138,0",BALNEARIO CAMBORIU,Ausência de reação do condutor,Colisão com objeto,Com Vítimas Feridas,Pleno dia,Decrescente,Céu Claro,Dupla,Curva,Não,1,0,1,0,0,0,1,1,-27.02397426,-48.60761649,SPRF-SC,DEL04-SC,UOP03-DEL04-SC,2023
"517373,0",2023-04-17,segunda-feira,08:00:00,SC,101,"132,9",BALNEARIO CAMBORIU,Acessar a via sem observar a presença dos outros veículos,Colisão lateral mesmo sentido,Com Vítimas Feridas,Pleno dia,Crescente,Céu Claro,Dupla,Reta,Sim,3,0,1,0,2,0,1,2,-26.99654133,-48.65564711,SPRF-SC,DEL04-SC,UOP03-DEL04-SC,2023
"517383,0",2023-04-17,segunda-feira,07:30:00,SC,101,"58,0",ARAQUARI,Avarias e/ou desgaste excessivo no pneu,Colisão com objeto,Com Vítimas Feridas,Pleno dia,Crescente,Chuva,Dupla,Reta,Não,2,0,1,0,1,0,1,1,-26.44025049,-48.80129043,SPRF-SC,DEL03-SC,UOP02-DEL03-SC,2023
"517393,0",2023-04-10,segunda-feira,07:11:00,SC,101,"115,0",ITAJAI,Acesso irregular,Colisão transversal,Com Vítimas Feridas,Pleno dia,Decrescente,Garoa/Chuvisco,Dupla,Reta,Não,2,0,2,0,0,0,2,2,-26.87064015,-48.72954134,SPRF-SC,DEL04-SC,UOP04-DEL04-SC,2023
"517411,0",2023-04-17,segunda-feira,13:50:00,SC,101,"194,0",BIGUACU,Condutor deixou de manter distância do veículo da frente,Colisão traseira,Com Vítimas Feridas,Pleno dia,Crescente,Sol,Múltipla,Reta,Não,4,0,1,0,3,0,1,2,-27.57413014,-48.61363083,SPRF-SC,DEL01-SC,UOP01-DEL01-SC,2023
"517448,0",2023-04-17,segunda-feira,05:00:00,SC,282,"72,0",RANCHO QUEIMADO,Velocidade Incompatível,Saída de leito carroçável,Com Vítimas Feridas,Amanhecer,Crescente,Chuva,Simples,Curva;Aclive,Não,1,0,1,0,0,0,1,1,-27.683439,-49.105259,SPRF-SC,DEL01-SC,UOP03-DEL01-SC,2023
"517476,0",2023-04-17,segunda-feira,18:30:00,SC,101,"206,0",SAO JOSE,Reação tardia ou ineficiente do condutor,Queda de ocupante de veículo,Com Vítimas Feridas,Plena Noite,Crescente,Garoa/Chuvisco,Múltipla,Reta,Sim,1,0,1,0,0,0,1,1,-27.59193546,-48.61824557,SPRF-SC,DEL01-SC,UOP01-DEL01-SC,2023
"517480,0",2023-04-17,segunda-feira,18:20:00,SC,101,"340,0",TUBARAO,Acumulo de areia ou detritos sobre o pavimento,Tombamento,Com Vítimas Feridas,Plena Noite,Crescente,Nublado,Simples,Viaduto,Sim,1,0,1,0,0,0,1,1,-28.50697617,-49.0500927,SPRF-SC,DEL02-SC,UOP01-DEL02-SC,2023
"517500,0",2023-04-17,segunda-feira,18:20:00,SC,101,"151,0",ITAPEMA,Acessar a via sem observar a presença dos outros veículos,Colisão transversal,Com Vítimas Feridas,Plena Noite,Decrescente,Chuva,Simples,Interseção de Vias;Reta,Sim,2,0,1,0,1,0,1,2,-27.126536,-48.609642,SPRF-SC,DEL04-SC,UOP03-DEL04-SC,2023
"517523,0",2023-04-17,segunda-feira,22:00:00,SC,470,"58,1",BLUMENAU,Demais falhas na via,Tombamento,Com Vítimas Feridas,Pleno dia,Crescente,Chuva,Simples,Reta;Em Obras;Desvio Temporário,Sim,1,0,0,1,0,0,1,1,-26.883879,-49.145622,SPRF-SC,DEL04-SC,UOP01-DEL04-SC,2023
"517526,0",2023-04-17,segunda-feira,22:00:00,SC,280,"10,0",SAO FRANCISCO DO SUL,Pedestre andava na pista,Atropelamento de Pedestre,Com Vítimas Feridas,Plena Noite,Crescente,Garoa/Chuvisco,Simples,Rotatória,Sim,2,0,1,0,1,0,1,2,-26.29625399,-48.64238799,SPRF-SC,DEL03-SC,UOP03-DEL03-SC,2023
"517573,0",2023-04-18,terça-feira,08:30:00,SC,101,"114,1",ITAJAI,Trafegar com motocicleta (ou similar) entre as faixas,Colisão lateral mesmo sentido,Com Vítimas Feridas,Pleno dia,Crescente,Nublado,Múltipla,Reta,Sim,2,0,0,1,1,0,1,2,-26.86192886,-48.7286704,SPRF-SC,DEL04-SC,UOP04-DEL04-SC,2023
"517575,0",2023-04-17,segunda-feira,20:00:00,SC,101,"145,0",ITAPEMA,Pedestre cruzava a pista fora da faixa,Atropelamento de Pedestre,Com Vítimas Feridas,Plena Noite,Crescente,Chuva,Dupla,Interseção de Vias,Não,2,0,1,0,1,0,1,2,-27.08139206,-48.60130993,SPRF-SC,DEL04-SC,UOP03-DEL04-SC,2023
"517595,0",2023-04-07,sexta-feira,23:40:00,SC,101,"311,0",LAGUNA,Acesso irregular,Saída de leito carroçável,Com Vítimas Feridas,Plena Noite,Decrescente,Chuva,Dupla,Reta,Não,4,0,1,0,3,0,1,1,-28.42531311,-48.80068884,SPRF-SC,DEL02-SC,UOP01-DEL02-SC,2023
"517603,0",2023-04-18,terça-feira,12:45:00,SC,101,"370,9",ICARA,Condutor Dormindo,Saída de leito carroçável,Com Vítimas Feridas,Pleno dia,Decrescente,Céu Claro,Dupla,Reta,Não,2,0,1,0,1,0,1,1,-28.69956788,-49.19239904,SPRF-SC,DEL02-SC,UOP01-DEL02-SC,2023
"517639,0",2023-04-07,sexta-feira,09:50:00,SC,470,"157,0",AGRONOMICA,Chuva,Colisão frontal,Com Vítimas Feridas,Pleno dia,Crescente,Chuva,Simples,Curva,Não,5,0,2,0,3,0,2,2,-27.285425,-49.76881,SPRF-SC,DEL04-SC,UOP02-DEL04-SC,2023
"517689,0",2023-04-18,terça-feira,20:20:00,SC,101,"247,9",PAULO LOPES,Animais na Pista,Atropelamento de Animal,Com Vítimas Feridas,Plena Noite,Decrescente,Nublado,Múltipla,Reta,Não,6,0,3,2,0,1,5,3,-27.91824491,-48.65414317,SPRF-SC,DEL02-SC,UOP03-DEL02-SC,2023
"517694,0",2023-04-14,sexta-feira,22:30:00,SC,280,"134,0",RIO NEGRINHO,Animais na Pista,Atropelamento de Animal,Sem Vítimas,Plena Noite,Decrescente,Garoa/Chuvisco,Simples,Reta,Não,4,0,0,0,4,0,0,1,-26.27250478,-49.5633014,SPRF-SC,DEL06-SC,UOP03-DEL06-SC,2023
"517697,0",2023-04-18,terça-feira,20:00:00,SC,101,"96,7",BARRA VELHA,Reação tardia ou ineficiente do condutor,Tombamento,Com Vítimas Feridas,Plena Noite,Crescente,Garoa/Chuvisco,Dupla,Reta,Não,1,0,1,0,0,0,1,1,-26.71939376,-48.70234966,SPRF-SC,DEL03-SC,UOP02-DEL03-SC,2023
"517724,0",2023-04-19,quarta-feira,03:40:00,SC,280,"231,0",CANOINHAS,Reação tardia ou ineficiente do condutor,Tombamento,Com Vítimas Feridas,Plena Noite,Decrescente,Nublado,Simples,Rotatória,Sim,1,0,0,1,0,0,1,1,-26.18980993,-50.37522381,SPRF-SC,DEL06-SC,UOP04-DEL06-SC,2023
"517739,0",2023-04-19,quarta-feira,07:05:00,SC,101,"204,0",SAO JOSE,Conversão proibida,Colisão transversal,Com Vítimas Feridas,Pleno dia,Decrescente,Céu Claro,Múltipla,Reta,Sim,4,0,0,1,3,0,1,2,-27.57413014,-48.61363083,SPRF-SC,DEL01-SC,UOP01-DEL01-SC,2023
"517751,0",2023-04-19,quarta-feira,08:00:00,SC,101,"194,4",BIGUACU,Ausência de reação do condutor,Tombamento,Com Vítimas Feridas,Pleno dia,Crescente,Sol,Dupla,Reta,Sim,1,0,1,0,0,0,1,1,-27.49815117,-48.65661236,SPRF-SC,DEL01-SC,UOP01-DEL01-SC,2023
"517760,0",2023-04-19,quarta-feira,07:10:00,SC,163,"70,0",SAO MIGUEL DO OESTE,Acessar a via sem observar a presença dos outros veículos,Colisão transversal,Com Vítimas Feridas,Pleno dia,Decrescente,Céu Claro,Simples,Reta,Não,2,0,1,0,1,0,1,2,-26.73461723,-53.50680015,SPRF-SC,DEL07-SC,UOP03-DEL07-SC,2023
"517773,0",2023-04-19,quarta-feira,09:00:00,SC,101,"213,2",PALHOCA,Trafegar com motocicleta (ou similar) entre as faixas,Colisão lateral mesmo sentido,Com Vítimas Feridas,Pleno dia,Crescente,Céu Claro,Dupla,Reta;Interseção de Vias,Sim,3,0,1,0,2,0,1,3,-27.63697369,-48.66514142,SPRF-SC,DEL01-SC,UOP02-DEL01-SC,2023
"517806,0",2023-03-17,sexta-feira,16:30:00,SC,470,"172,0",POUSO REDONDO,Acessar a via sem observar a presença dos outros veículos,Colisão transversal,Com Vítimas Feridas,Anoitecer,Crescente,Céu Claro,Simples,Aclive;Curva,Sim,2,0,0,1,1,0,1,2,-27.257526,-49.909592,SPRF-SC,DEL04-SC,UOP02-DEL04-SC,2023