id,data_inversa,dia_semana,horario,uf,br,km,municipio,causa_acidente,tipo_acidente,classificacao_acidente,fase_dia,sentido_via,condicao_metereologica,tipo_pista,tracado_via,uso_solo,pessoas,mortos,feridos_leves,feridos_graves,ilesos,ignorados,feridos,veiculos,latitude,longitude,regional,delegacia,uop,ano_arquivo
"517811,0",2023-04-19,quarta-feira,09:05:00,SC,470,"67,0",INDAIAL,Condutor deixou de manter distância do veículo da frente,Colisão traseira,Com Vítimas Feridas,Pleno dia,Decrescente,Sol,Simples,Reta;Em Obras,Não,5,0,3,0,2,0,3,3,-26.872158,-49.23127,SPRF-SC,DEL04-SC,UOP01-DEL04-SC,2023
"517846,0",2023-04-19,quarta-feira,13:45:00,SC,163,"70,0",SAO MIGUEL DO OESTE,Acessar a via sem observar a presença dos outros veículos,Colisão transversal,Com Vítimas Feridas,Pleno dia,Decrescente,Céu Claro,Dupla,Reta,Não,3,0,1,0,2,0,1,2,-26.73461723,-53.50680015,SPRF-SC,DEL07-SC,UOP03-DEL07-SC,2023
"517850,0",2023-04-19,quarta-feira,16:00:00,SC,116,"44,5",PAPANDUVA,Transitar na contramão,Colisão frontal,Com Vítimas Feridas,Pleno dia,Decrescente,Céu Claro,Simples,Aclive,Não,3,0,3,0,0,0,3,2,-26.33854104,-50.09182698,SPRF-SC,DEL06-SC,UOP01-DEL06-SC,2023
"517858,0",2023-04-19,quarta-feira,15:10:00,SC,282,"642,0",SAO MIGUEL DO OESTE,Acessar a via sem observar a presença dos outros veículos,Colisão transversal,Com Vítimas Feridas,Pleno dia,Crescente,Sol,Simples,Reta;Interseção de Vias,Não,3,0,1,1,1,0,2,2,-26.772327,-53.461613,SPRF-SC,DEL07-SC,UOP03-DEL07-SC,2023
"517878,0",2023-04-19,quarta-feira,17:50:00,SC,282,"1,1",FLORIANOPOLIS,Ausência de reação do condutor,Tombamento,Com Vítimas Feridas,Anoitecer,Crescente,Céu Claro,Múltipla,Reta,Sim,2,0,1,0,1,0,1,2,-27.602955,-48.580509,SPRF-SC,DEL01-SC,UOP01-DEL01-SC,2023
"517883,0",2023-04-19,quarta-feira,18:25:00,SC,101,"201,0",SAO JOSE,Ausência de reação do condutor,Tombamento,Com Vítimas Feridas,Plena Noite,Decrescente,Ignorado,Simples,Reta,Sim,3,0,1,0,2,0,1,2,-27.55711595,-48.61897889,SPRF-SC,DEL01-SC,UOP01-DEL01-SC,2023
"517891,0",2023-04-19,quarta-feira,19:00:00,SC,101,"132,0",BALNEARIO CAMBORIU,Condutor deixou de manter distância do veículo da frente,Colisão traseira,Com Vítimas Feridas,Plena Noite,Decrescente,Céu Claro,Múltipla,Reta,Não,3,0,2,0,1,0,2,2,-26.99654133,-48.65564711,SPRF-SC,DEL04-SC,UOP03-DEL04-SC,2023
"517916,0",2023-04-19,quarta-feira,17:50:00,SC,280,"93,8",CORUPA,Animais na Pista,Queda de ocupante de veículo,Com Vítimas Feridas,Anoitecer,Crescente,Céu Claro,Simples,Reta;Aclive,Não,1,0,1,0,0,0,1,1,-26.39962904,-49.29783103,SPRF-SC,DEL06-SC,UOP03-DEL06-SC,2023
"517921,0",2023-04-19,quarta-feira,19:45:00,SC,101,"299,0",IMBITUBA,Ausência de reação do condutor,Colisão com objeto,Sem Vítimas,Plena Noite,Crescente,Nublado,Dupla,Reta,Não,2,0,0,0,2,0,0,1,-28.3286551,-48.73211466,SPRF-SC,DEL02-SC,UOP03-DEL02-SC,2023
"517923,0",2023-04-19,quarta-feira,18:05:00,SC,280,"227,0",TRES BARRAS,Ultrapassagem Indevida,Colisão frontal,Com Vítimas Feridas,Plena Noite,Decrescente,Céu Claro,Simples,Reta;Aclive,Não,18,0,1,1,16,0,2,2,-26.18271156,-50.33250707,SPRF-SC,DEL06-SC,UOP04-DEL06-SC,2023
"517929,0",2023-04-19,quarta-feira,21:30:00,SC,101,"140,3",BALNEARIO CAMBORIU,Animais na Pista,Atropelamento de Animal,Com Vítimas Feridas,Plena Noite,Crescente,Céu Claro,Simples,Aclive,Não,2,0,1,1,0,0,2,1,-27.03881189,-48.60025148,SPRF-SC,DEL04-SC,UOP03-DEL04-SC,2023
"517932,0",2023-04-20,quinta-feira,00:50:00,SC,101,"161,0",PORTO BELO,Ausência de reação do condutor,Saída de leito carroçável,Com Vítimas Feridas,Plena Noite,Crescente,Céu Claro,Dupla,Reta,Não,1,0,1,0,0,0,1,1,-27.20831288,-48.61987922,SPRF-SC,DEL04-SC,UOP03-DEL04-SC,2023
"517945,0",2023-04-19,quarta-feira,20:50:00,SC,470,"66,0",INDAIAL,Ausência de reação do condutor,Tombamento,Sem Vítimas,Plena Noite,Decrescente,Nublado,Simples,Rotatória,Sim,1,0,0,0,0,1,0,1,-26.870407,-49.221844,SPRF-SC,DEL04-SC,UOP01-DEL04-SC,2023
"517952,0",2023-04-20,quinta-feira,07:16:00,SC,101,"211,9",PALHOCA,Condutor deixou de manter distância do veículo da frente,Colisão traseira,Com Vítimas Feridas,Pleno dia,Crescente,Sol,Múltipla,Declive,Sim,2,0,1,0,1,0,1,2,-27.62329313,-48.65245588,SPRF-SC,DEL01-SC,UOP02-DEL01-SC,2023
"517955,0",2023-04-20,quinta-feira,08:00:00,SC,101,"253,0",PAULO LOPES,Reação tardia ou ineficiente do condutor,Colisão transversal,Com Vítimas Feridas,Pleno dia,Crescente,Céu Claro,Múltipla,Reta;Interseção de Vias;Viaduto,Sim,3,0,0,2,1,0,2,2,-27.96671631,-48.67932558,SPRF-SC,DEL02-SC,UOP03-DEL02-SC,2023
"517958,0",2023-04-20,quinta-feira,07:30:00,SC,101,"210,3",SAO JOSE,Reação tardia ou ineficiente do condutor,Engavetamento,Com Vítimas Feridas,Pleno dia,Crescente,Céu Claro,Múltipla,Reta,Sim,4,0,1,0,3,0,1,4,-27.6167305,-48.6457265,SPRF-SC,DEL01-SC,UOP01-DEL01-SC,2023
"517987,0",2023-04-20,quinta-feira,10:07:00,SC,101,"215,4",PALHOCA,Falta de elemento de contenção que evite a saída do leito carroçável,Colisão transversal,Com Vítimas Feridas,Pleno dia,Decrescente,Sol,Múltipla,Interseção de Vias,Sim,2,0,1,0,0,1,1,2,-27.65184843,-48.67604941,SPRF-SC,DEL01-SC,UOP02-DEL01-SC,2023
"517996,0",2023-04-20,quinta-feira,07:35:00,SC,280,"75,5",JARAGUA DO SUL,Acessar a via sem observar a presença dos outros veículos,Colisão transversal,Com Vítimas Feridas,Pleno dia,Decrescente,Céu Claro,Simples,Reta;Retorno Regulamentado,Sim,3,0,1,0,1,1,1,3,-26.458391,-49.170483,SPRF-SC,DEL03-SC,UOP03-DEL03-SC,2023
"518022,0",2023-04-20,quinta-feira,13:50:00,SC,101,"209,7",SAO JOSE,Condutor deixou de manter distância do veículo da frente,Colisão traseira,Com Vítimas Feridas,Pleno dia,Decrescente,Céu Claro,Múltipla,Reta,Não,3,0,1,0,2,0,1,2,-27.61000542,-48.63895057,SPRF-SC,DEL01-SC,UOP01-DEL01-SC,2023
"518023,0",2023-04-20,quinta-feira,13:50:00,SC,101,"159,3",PORTO BELO,Mal súbito do condutor,Colisão com objeto,Com Vítimas Feridas,Pleno dia,Decrescente,Sol,Múltipla,Reta,Não,1,0,1,0,0,0,1,1,-27.1998778,-48.61534236,SPRF-SC,DEL04-SC,UOP03-DEL04-SC,2023
"518032,0",2023-04-20,quinta-feira,15:20:00,SC,282,"23,0",SANTO AMARO DA IMPERATRIZ,Ultrapassagem Indevida,Colisão lateral mesmo sentido,Com Vítimas Feridas,Pleno dia,Decrescente,Céu Claro,Simples,Reta,Não,3,0,1,1,1,0,2,2,-27.68497218,-48.74299049,SPRF-SC,DEL01-SC,UOP02-DEL01-SC,2023
"518048,0",2023-04-20,quinta-feira,16:35:00,SC,280,"6,8",SAO FRANCISCO DO SUL,Trafegar com motocicleta (ou similar) entre as faixas,Colisão transversal,Com Vítimas Feridas,Pleno dia,Crescente,Céu Claro,Simples,Reta,Sim,2,0,1,1,0,0,2,2,-26.26569095,-48.63361804,SPRF-SC,DEL03-SC,UOP03-DEL03-SC,2023
"518066,0",2023-04-20,quinta-feira,18:15:00,SC,101,"199,3",BIGUACU,Manobra de mudança de faixa,Colisão traseira,Com Vítimas Feridas,Plena Noite,Decrescente,Céu Claro,Múltipla,Reta,Sim,2,0,1,0,1,0,1,2,-27.53413705,-48.63003205,SPRF-SC,DEL01-SC,UOP01-DEL01-SC,2023
"518078,0",2023-04-20,quinta-feira,18:30:00,SC,101,"114,0",ITAJAI,Manobra de mudança de faixa,Colisão lateral mesmo sentido,Com Vítimas Feridas,Anoitecer,Decrescente,Nublado,Múltipla,Reta,Sim,2,0,1,0,1,0,1,2,-26.86192886,-48.7286704,SPRF-SC,DEL04-SC,UOP04-DEL04-SC,2023
"518097,0",2023-04-20,quinta-feira,16:00:00,SC,101,"126,0",ITAJAI,Condutor deixou de manter distância do veículo da frente,Colisão traseira,Com Vítimas Feridas,Pleno dia,Crescente,Céu Claro,Dupla,Reta,Não,2,0,2,0,0,0,2,2,-26.95564404,-48.67978366,SPRF-SC,DEL04-SC,UOP04-DEL04-SC,2023
"518104,0",2023-04-20,quinta-feira,18:50:00,SC,116,"229,0",CORREIA PINTO,Reação tardia ou ineficiente do condutor,Saída de leito carroçável,Sem Vítimas,Plena Noite,Decrescente,Céu Claro,Simples,Reta,Não,2,0,0,0,2,0,0,1,-27.655347,-50.33649095,SPRF-SC,DEL05-SC,UOP03-DEL05-SC,2023
"518122,0",2023-04-20,quinta-feira,20:30:00,SC,101,"204,4",SAO JOSE,Reação tardia ou ineficiente do condutor,Colisão com objeto,Com Vítimas Feridas,Plena Noite,Crescente,Nublado,Múltipla,Reta,Sim,1,0,1,0,0,0,1,1,-27.57413014,-48.61363083,SPRF-SC,DEL01-SC,UOP01-DEL01-SC,2023
"518129,0",2023-04-20,quinta-feira,19:40:00,SC,282,"19,0",PALHOCA,Reação tardia ou ineficiente do condutor,Colisão traseira,Com Vítimas Feridas,Plena Noite,Decrescente,Céu Claro,Simples,Reta;Em Obras,Não,2,0,1,0,1,0,1,2,-27.678635,-48.70192,SPRF-SC,DEL01-SC,UOP02-DEL01-SC,2023
"518140,0",2023-04-20,quinta-feira,18:55:00,SC,282,"171,5",BOCAINA DO SUL,Ultrapassagem Indevida,Colisão frontal,Com Vítimas Feridas,Plena Noite,Crescente,Céu Claro,Simples,Aclive;Curva,Não,3,0,0,1,2,0,1,2,-27.744198,-49.85305,SPRF-SC,DEL05-SC,UOP01-DEL05-SC,2023
"518141,0",2023-04-20,quinta-feira,16:00:00,SC,470,"55,0",BLUMENAU,Conversão proibida,Colisão lateral mesmo sentido,Com Vítimas Feridas,Pleno dia,Decrescente,Céu Claro,Simples,Reta,Sim,2,0,1,0,1,0,1,2,-26.875601,-49.117992,SPRF-SC,DEL04-SC,UOP01-DEL04-SC,2023
"518143,0",2023-04-20,quinta-feira,22:00:00,SC,101,"211,2",PALHOCA,Objeto estático sobre o leito carroçável,Tombamento,Com Vítimas Feridas,Plena Noite,Decrescente,Céu Claro,Múltipla,Reta,Não,1,0,1,0,0,0,1,1,-27.62329313,-48.65245588,SPRF-SC,DEL01-SC,UOP02-DEL01-SC,2023
"518166,0",2023-04-20,quinta-feira,22:45:00,SC,101,"361,6",SANGAO,Animais na Pista,Atropelamento de Animal,Com Vítimas Feridas,Plena Noite,Crescente,Céu Claro,Simples,Reta,Não,2,0,2,0,0,0,2,1,-28.67854011,-49.13532257,SPRF-SC,DEL02-SC,UOP01-DEL02-SC,2023
"518189,0",2023-04-20,quinta-feira,22:40:00,SC,101,"98,0",BALNEARIO PICARRAS,Reação tardia ou ineficiente do condutor,Colisão frontal,Com Vítimas Feridas,Plena Noite,Decrescente,Nublado,Dupla,Reta,Não,2,0,0,1,0,1,1,2,-26.73760897,-48.69918789,SPRF-SC,DEL03-SC,UOP02-DEL03-SC,2023
"518194,0",2023-04-21,sexta-feira,04:50:00,SC,470,"66,0",INDAIAL,Ausência de reação do condutor,Saída de leito carroçável,Com Vítimas Feridas,Amanhecer,Decrescente,Céu Claro,Simples,Em Obras;Reta,Sim,1,0,1,0,0,0,1,1,-26.86975048,-49.22469378,SPRF-SC,DEL04-SC,UOP01-DEL04-SC,2023
"518201,0",2023-04-21,sexta-feira,06:30:00,SC,101,"200,0",SAO JOSE,Reação tardia ou ineficiente do condutor,Queda de ocupante de veículo,Com Vítimas Feridas,Pleno dia,Decrescente,Nublado,Dupla,Reta,Sim,1,0,1,0,0,0,1,1,-27.54018513,-48.62287714,SPRF-SC,DEL01-SC,UOP01-DEL01-SC,2023
"518262,0",2023-04-21,sexta-feira,12:45:00,SC,101,"125,0",ITAJAI,Condutor deixou de manter distância do veículo da frente,Colisão lateral mesmo sentido,Com Vítimas Feridas,Pleno dia,Crescente,Céu Claro,Múltipla,Reta,Não,3,0,0,1,2,0,1,2,-26.94802427,-48.68338515,SPRF-SC,DEL04-SC,UOP04-DEL04-SC,2023
"518281,0",2023-04-21,sexta-feira,14:55:00,SC,101,"205,1",SAO JOSE,Reação tardia ou ineficiente do condutor,Colisão traseira,Com Vítimas Feridas,Pleno dia,Decrescente,Nublado,Múltipla,Reta;Aclive,Sim,2,0,1,0,1,0,1,2,-27.58399172,-48.61608982,SPRF-SC,DEL01-SC,UOP01-DEL01-SC,2023
"518285,0",2023-04-21,sexta-feira,15:15:00,SC,101,"144,0",ITAPEMA,Trafegar com motocicleta (ou similar) entre as faixas,Tombamento,Com Vítimas Feridas,Pleno dia,Decrescente,Céu Claro,Dupla,Curva,Não,1,0,1,0,0,0,1,1,-27.0732659,-48.59672716,SPRF-SC,DEL04-SC,UOP03-DEL04-SC,2023
"518304,0",2023-04-21,sexta-feira,16:45:00,SC,101,"426,0",ARARANGUA,Demais falhas mecânicas ou elétricas,Tombamento,Com Vítimas Feridas,Pleno dia,Crescente,Nublado,Dupla,Reta,Não,2,0,1,0,1,0,1,1,-29.02593927,-49.59976914,SPRF-SC,DEL02-SC,UOP02-DEL02-SC,2023
"518305,0",2023-04-21,sexta-feira,15:00:00,SC,101,"133,8",BALNEARIO CAMBORIU,Acessar a via sem observar a presença dos outros veículos,Colisão transversal,Com Vítimas Feridas,Pleno dia,Crescente,Céu Claro,Dupla,Interseção de Vias,Sim,2,0,1,0,1,0,1,2,-26.99936,-48.64609,SPRF-SC,DEL04-SC,UOP03-DEL04-SC,2023
"518316,0",2023-04-21,sexta-feira,10:45:00,SC,101,"415,9",ARARANGUA,Ausência de reação do condutor,Colisão transversal,Com Vítimas Feridas,Pleno dia,Decrescente,Céu Claro,Múltipla,Interseção de Vias,Sim,2,0,1,0,1,0,1,2,-28.971923,-49.527979,SPRF-SC,DEL02-SC,UOP02-DEL02-SC,2023
"518325,0",2023-04-21,sexta-feira,19:00:00,SC,282,"389,0",JOACABA,Manobra de mudança de faixa,Colisão lateral mesmo sentido,Com Vítimas Feridas,Plena Noite,Crescente,Céu Claro,Simples,Reta,Não,2,0,1,0,1,0,1,2,-27.178604,-51.541367,SPRF-SC,DEL07-SC,UOP05-DEL07-SC,2023
"518347,0",2023-04-21,sexta-feira,18:25:00,SC,280,"266,0",IRINEOPOLIS,Ausência de reação do condutor,Colisão com objeto,Com Vítimas Feridas,Anoitecer,Crescente,Céu Claro,Simples,Reta,Não,1,0,0,1,0,0,1,1,-26.26347502,-50.698061,SPRF-SC,DEL06-SC,UOP04-DEL06-SC,2023
"518366,0",2023-04-21,sexta-feira,18:30:00,SC,282,"253,0",SAO JOSE DO CERRITO,Animais na Pista,Saída de leito carroçável,Com Vítimas Feridas,Plena Noite,Decrescente,Céu Claro,Simples,Declive;Curva,Não,1,0,0,1,0,0,1,1,-27.684978,-50.565498,SPRF-SC,DEL05-SC,UOP02-DEL05-SC,2023
"518369,0",2023-04-21,sexta-feira,22:20:00,SC,282,"40,7",AGUAS MORNAS,Transitar na contramão,Colisão frontal,Com Vítimas Feridas,Plena Noite,Crescente,Nublado,Simples,Reta,Não,5,0,4,0,1,0,4,2,-27.716148,-48.869583,SPRF-SC,DEL01-SC,UOP03-DEL01-SC,2023
"518370,0",2023-04-21,sexta-feira,18:25:00,SC,116,"126,7",SANTA CECILIA,Ingestão de álcool ou de substâncias psicoativas pelo pedestre,Atropelamento de Pedestre,Com Vítimas Feridas,Plena Noite,Decrescente,Nublado,Simples,Reta;Aclive,Não,2,0,1,0,1,0,1,2,-26.86727993,-50.40768508,SPRF-SC,DEL06-SC,UOP02-DEL06-SC,2023
"518372,0",2023-04-21,sexta-feira,21:20:00,SC,163,"88,1",GUARACIABA,Frear bruscamente,Colisão traseira,Com Vítimas Feridas,Plena Noite,Decrescente,Céu Claro,Simples,Reta;Interseção de Vias;Em Obras;Aclive,Não,2,0,1,1,0,0,2,2,-26.58039098,-53.51612091,SPRF-SC,DEL07-SC,UOP03-DEL07-SC,2023
"518393,0",2023-04-22,sábado,01:35:00,SC,282,"17,5",PALHOCA,Desvio temporário,Colisão com objeto,Com Vítimas Feridas,Plena Noite,Decrescente,Nublado,Simples,Desvio Temporário,Sim,1,0,1,0,0,0,1,1,-27.665707,-48.688065,SPRF-SC,DEL01-SC,UOP02-DEL01-SC,2023
"518412,0",2023-04-22,sábado,05:30:00,SC,101,"193,0",BIGUACU,Ausência de reação do condutor,Colisão com objeto,Com Vítimas Feridas,Amanhecer,Decrescente,Chuva,Dupla,Curva,Não,1,0,1,0,0,0,1,1,-27.48443781,-48.64765238,SPRF-SC,DEL01-SC,UOP01-DEL01-SC,2023
"518472,0",2023-04-22,sábado,11:45:00,SC,282,"95,2",ALFREDO WAGNER,Velocidade Incompatível,Saída de leito carroçável,Com Vítimas Feridas,Pleno dia,Crescente,Céu Claro,Simples,Curva,Não,1,0,0,1,0,0,1,1,-27.71188,-49.255035,SPRF-SC,DEL01-SC,UOP03-DEL01-SC,2023
"518485,0",2023-04-22,sábado,15:50:00,SC,101,"131,0",BALNEARIO CAMBORIU,Carga excessiva e/ou mal acondicionada,Colisão com objeto,Com Vítimas Feridas,Pleno dia,Decrescente,Céu Claro,Múltipla,Reta,Não,4,0,2,0,2,0,2,2,-26.99064209,-48.66310912,SPRF-SC,DEL04-SC,UOP03-DEL04-SC,2023
"518497,0",2023-04-22,sábado,15:50:00,SC,101,"131,0",BALNEARIO CAMBORIU,Obstrução na via,Colisão traseira,Sem Vítimas,Pleno dia,Decrescente,Sol,Dupla,Reta,Sim,2,0,0,0,2,0,0,2,-26.99064209,-48.66310912,SPRF-SC,DEL04-SC,UOP03-DEL04-SC,2023
"518505,0",2023-04-22,sábado,14:40:00,SC,280,"31,0",ARAQUARI,Acessar a via sem observar a presença dos outros veículos,Colisão lateral mesmo sentido,Com Vítimas Feridas,Pleno dia,Crescente,Céu Claro,Simples,Reta,Não,2,0,1,0,1,0,1,2,-26.41649938,-48.77181215,SPRF-SC,DEL03-SC,UOP03-DEL03-SC,2023
"518506,0",2023-04-22,sábado,16:20:00,SC,101,"105,3",PENHA,Reação tardia ou ineficiente do condutor,Colisão traseira,Com Vítimas Feridas,Pleno dia,Crescente,Nublado,Dupla,Curva,Não,4,0,3,0,1,0,3,3,-26.80215497,-48.67891041,SPRF-SC,DEL03-SC,UOP02-DEL03-SC,2023
"518539,0",2023-01-06,sexta-feira,10:27:00,SC,470,"176,2",POUSO REDONDO,Ultrapassagem Indevida,Colisão lateral mesmo sentido,Com Vítimas Feridas,Pleno dia,Decrescente,Céu Claro,Simples,Reta,Sim,3,0,2,0,1,0,2,2,-27.25279832,-49.95175481,SPRF-SC,DEL04-SC,UOP02-DEL04-SC,2023
"518541,0",2023-04-22,sábado,16:30:00,SC,470,"92,0",ASCURRA,Pedestre cruzava a pista fora da faixa,Atropelamento de Pedestre,Com Vítimas Feridas,Pleno dia,Decrescente,Céu Claro,Simples,Reta,Sim,2,0,0,1,0,1,1,2,-27.01106447,-49.37249422,SPRF-SC,DEL04-SC,UOP01-DEL04-SC,2023
"518542,0",2023-04-22,sábado,16:40:00,SC,470,"65,0",INDAIAL,Acesso irregular,Colisão com objeto,Com Vítimas Feridas,Pleno dia,Crescente,Céu Claro,Simples,Em Obras,Sim,1,0,1,0,0,0,1,1,-26.870411,-49.211864,SPRF-SC,DEL04-SC,UOP01-DEL04-SC,2023
"518545,0",2023-04-22,sábado,21:00:00,SC,101,"134,1",BALNEARIO CAMBORIU,Ingestão de álcool e/ou substâncias psicoativas pelo pedestre,Colisão com objeto,Com Vítimas Feridas,Plena Noite,Decrescente,Céu Claro,Múltipla,Aclive;Interseção de Vias,Sim,1,0,1,0,0,0,1,1,-26.99654133,-48.65564711,SPRF-SC,DEL04-SC,UOP03-DEL04-SC,2023
"518546,0",2023-04-22,sábado,18:00:00,SC,163,"1,8",DIONISIO CERQUEIRA,Pedestre andava na pista,Atropelamento de Pedestre,Com Vítimas Feridas,Anoitecer,Decrescente,Céu Claro,Simples,Curva,Sim,2,0,1,0,0,1,1,2,-26.2613,-53.6206,SPRF-SC,DEL07-SC,UOP03-DEL07-SC,2023
"518553,0",2023-04-22,sábado,20:10:00,SC,282,"339,0",CAMPOS NOVOS,Ingestão de álcool pelo condutor,Colisão traseira,Com Vítimas Feridas,Plena Noite,Crescente,Céu Claro,Simples,Reta,Não,3,0,0,1,2,0,1,2,-27.392731,-51.195118,SPRF-SC,DEL07-SC,UOP06-DEL07-SC,2023
"518571,0",2023-04-23,domingo,01:10:00,SC,101,"128,0",BALNEARIO CAMBORIU,Manobra de mudança de faixa,Colisão com objeto,Com Vítimas Feridas,Plena Noite,Crescente,Céu Claro,Dupla,Reta,Sim,4,0,4,0,0,0,4,1,-26.97284292,-48.68299451,SPRF-SC,DEL04-SC,UOP04-DEL04-SC,2023
"518581,0",2023-04-23,domingo,01:40:00,SC,282,"219,0",LAGES,Ingestão de álcool pelo condutor,Saída de leito carroçável,Sem Vítimas,Plena Noite,Crescente,Céu Claro,Simples,Reta,Sim,1,0,0,0,0,1,0,1,-27.795521,-50.323608,SPRF-SC,DEL05-SC,UOP01-DEL05-SC,2023
"518588,0",2023-04-23,domingo,04:50:00,SC,101,"150,0",ITAPEMA,Deficiência do Sistema de Iluminação/Sinalização,Colisão traseira,Com Vítimas Feridas,Plena Noite,Crescente,Céu Claro,Múltipla,Reta,Não,2,0,1,0,0,1,1,2,-27.11744799,-48.60940987,SPRF-SC,DEL04-SC,UOP03-DEL04-SC,2023
"518604,0",2023-04-22,sábado,23:30:00,SC,280,"83,1",CORUPA,Ausência de reação do condutor,Colisão com objeto,Com Vítimas Feridas,Plena Noite,Decrescente,Céu Claro,Simples,Curva,Não,1,0,1,0,0,0,1,1,-26.43797588,-49.23478097,SPRF-SC,DEL06-SC,UOP03-DEL06-SC,2023
"518605,0",2023-04-22,sábado,13:15:00,SC,470,"65,0",INDAIAL,Demais falhas mecânicas ou elétricas,Capotamento,Com Vítimas Feridas,Pleno dia,Crescente,Nublado,Simples,Reta,Sim,2,0,2,0,0,0,2,1,-26.870411,-49.211864,SPRF-SC,DEL04-SC,UOP01-DEL04-SC,2023
"518607,0",2023-04-23,domingo,04:20:00,SC,282,"566,0",NOVA ERECHIM,Ausência de reação do condutor,Colisão com objeto,Com Vítimas Feridas,Plena Noite,Crescente,Céu Claro,Simples,Reta,Não,1,0,0,1,0,0,1,1,-26.8994693,-52.8851064,SPRF-SC,DEL07-SC,UOP02-DEL07-SC,2023
"518621,0",2023-04-23,domingo,08:15:00,SC,280,"56,0",GUARAMIRIM,Velocidade Incompatível,Colisão traseira,Com Vítimas Feridas,Pleno dia,Crescente,Garoa/Chuvisco,Dupla,Rotatória,Não,2,0,1,0,1,0,1,2,-26.47947677,-49.00298702,SPRF-SC,DEL03-SC,UOP03-DEL03-SC,2023
"518637,0",2023-04-23,domingo,08:00:00,SC,101,"407,8",ARARANGUA,Reação tardia ou ineficiente do condutor,Saída de leito carroçável,Sem Vítimas,Pleno dia,Crescente,Céu Claro,Simples,Curva,Não,1,0,0,0,0,1,0,1,-28.90009415,-49.47472781,SPRF-SC,DEL02-SC,UOP02-DEL02-SC,2023
"518642,0",2023-04-23,domingo,10:50:00,SC,101,"74,0",ARAQUARI,Velocidade Incompatível,Queda de ocupante de veículo,Com Vítimas Feridas,Pleno dia,Decrescente,Sol,Dupla,Reta,Não,1,0,1,0,0,0,1,1,-26.54446209,-48.71214452,SPRF-SC,DEL03-SC,UOP02-DEL03-SC,2023
"518651,0",2023-04-23,domingo,11:00:00,SC,282,"24,6",SANTO AMARO DA IMPERATRIZ,Desrespeitar a preferência no cruzamento,Colisão transversal,Com Vítimas Feridas,Pleno dia,Decrescente,Nublado,Simples,Interseção de Vias,Sim,2,0,0,1,1,0,1,2,-27.68268,-48.744614,SPRF-SC,DEL01-SC,UOP03-DEL01-SC,2023
"518671,0",2023-04-23,domingo,14:50:00,SC,280,"23,0",ARAQUARI,Acessar a via sem observar a presença dos outros veículos,Colisão lateral mesmo sentido,Com Vítimas Feridas,Pleno dia,Crescente,Nublado,Simples,Rotatória,Sim,3,0,1,0,2,0,1,2,-26.37146,-48.711887,SPRF-SC,DEL03-SC,UOP03-DEL03-SC,2023
"518672,0",2023-04-23,domingo,14:55:00,SC,101,"206,3",SAO JOSE,Trafegar com motocicleta (ou similar) entre as faixas,Colisão lateral mesmo sentido,Com Vítimas Feridas,Pleno dia,Decrescente,Nublado,Múltipla,Reta,Sim,3,0,1,0,2,0,1,3,-27.59193546,-48.61824557,SPRF-SC,DEL01-SC,UOP01-DEL01-SC,2023
"518686,0",2023-04-23,domingo,14:40:00,SC,282,"26,6",SANTO AMARO DA IMPERATRIZ,Ultrapassagem Indevida,Colisão transversal,Com Vítimas Feridas,Pleno dia,Decrescente,Nublado,Simples,Interseção de Vias;Reta,Sim,3,0,2,0,1,0,2,2,-27.680267,-48.762482,SPRF-SC,DEL01-SC,UOP03-DEL01-SC,2023
"518687,0",2023-04-23,domingo,15:40:00,SC,101,"149,0",ITAPEMA,Trafegar com motocicleta (ou similar) entre as faixas,Colisão traseira,Com Vítimas Feridas,Pleno dia,Decrescente,Nublado,Dupla,Reta,Sim,3,0,0,1,1,1,1,3,-27.1089649,-48.61277586,SPRF-SC,DEL04-SC,UOP03-DEL04-SC,2023
"518688,0",2023-04-23,domingo,14:40:00,SC,280,"11,0",SAO FRANCISCO DO SUL,Acessar a via sem observar a presença dos outros veículos,Colisão transversal,Com Vítimas Feridas,Pleno dia,Crescente,Chuva,Simples,Reta;Declive,Não,6,0,4,0,2,0,4,3,-26.304752,-48.641014,SPRF-SC,DEL03-SC,UOP03-DEL03-SC,2023
"518689,0",2023-04-23,domingo,15:10:00,SC,470,"62,0",INDAIAL,Acessar a via sem observar a presença dos outros veículos,Colisão traseira,Com Vítimas Feridas,Pleno dia,Crescente,Nublado,Simples,Reta,Sim,2,0,1,0,1,0,1,2,-26.874521,-49.182938,SPRF-SC,DEL04-SC,UOP01-DEL04-SC,2023
"518691,0",2023-04-23,domingo,15:10:00,SC,280,"73,9",JARAGUA DO SUL,Acessar a via sem observar a presença dos outros veículos,Colisão transversal,Com Vítimas Feridas,Pleno dia,Crescente,Nublado,Simples,Rotatória,Sim,2,0,1,0,1,0,1,2,-26.45917102,-49.15245,SPRF-SC,DEL03-SC,UOP03-DEL03-SC,2023