id,data_inversa,dia_semana,horario,uf,br,km,municipio,causa_acidente,tipo_acidente,classificacao_acidente,fase_dia,sentido_via,condicao_metereologica,tipo_pista,tracado_via,uso_solo,pessoas,mortos,feridos_leves,feridos_graves,ilesos,ignorados,feridos,veiculos,latitude,longitude,regional,delegacia,uop,ano_arquivo
"518701,0",2023-04-23,domingo,15:55:00,SC,282,"64,1",RANCHO QUEIMADO,Velocidade Incompatível,Saída de leito carroçável,Com Vítimas Feridas,Pleno dia,Decrescente,Chuva,Simples,Curva,Não,6,0,3,0,3,0,3,1,-27.695372,-49.042824,SPRF-SC,DEL01-SC,UOP03-DEL01-SC,2023
"518719,0",2023-04-23,domingo,18:20:00,SC,282,"24,6",SANTO AMARO DA IMPERATRIZ,Desrespeitar a preferência no cruzamento,Colisão transversal,Com Vítimas Feridas,Plena Noite,Decrescente,Chuva,Simples,Interseção de Vias;Reta;Viaduto,Sim,2,0,0,1,1,0,1,2,-27.68268,-48.744614,SPRF-SC,DEL01-SC,UOP03-DEL01-SC,2023
"518720,0",2023-04-23,domingo,18:55:00,SC,101,"195,2",BIGUACU,Acessar a via sem observar a presença dos outros veículos,Colisão transversal,Com Vítimas Feridas,Plena Noite,Crescente,Chuva,Dupla,Reta,Sim,3,0,2,0,1,0,2,2,-27.5047092,-48.65010819,SPRF-SC,DEL01-SC,UOP01-DEL01-SC,2023
"518721,0",2023-04-23,domingo,18:40:00,SC,101,"151,9",PORTO BELO,Ausência de reação do condutor,Engavetamento,Com Vítimas Feridas,Anoitecer,Decrescente,Céu Claro,Dupla,Reta,Sim,4,0,1,0,3,0,1,4,-27.126536,-48.609642,SPRF-SC,DEL04-SC,UOP03-DEL04-SC,2023
"518722,0",2023-04-23,domingo,17:00:00,SC,101,"246,0",PAULO LOPES,Demais falhas mecânicas ou elétricas,Queda de ocupante de veículo,Com Vítimas Feridas,Pleno dia,Decrescente,Nublado,Dupla,Reta,Não,2,0,1,0,1,0,1,1,-27.91036709,-48.64998267,SPRF-SC,DEL02-SC,UOP03-DEL02-SC,2023
"518737,0",2023-04-23,domingo,18:20:00,SC,282,"560,1",NOVA ITABERABA,Ultrapassagem Indevida,Colisão frontal,Com Vítimas Feridas,Plena Noite,Crescente,Céu Claro,Simples,Declive;Reta,Não,6,0,4,1,1,0,5,2,-26.927135,-52.856205,SPRF-SC,DEL07-SC,UOP01-DEL07-SC,2023
"518740,0",2023-04-23,domingo,19:40:00,SC,282,"5,0",SAO JOSE,Ausência de reação do condutor,Colisão com objeto,Com Vítimas Feridas,Plena Noite,Decrescente,Chuva,Simples,Curva;Aclive,Não,1,0,1,0,0,0,1,1,-27.588425,-48.612919,SPRF-SC,DEL01-SC,UOP01-DEL01-SC,2023
"518742,0",2023-04-23,domingo,17:30:00,SC,101,"37,3",JOINVILLE,Condutor Dormindo,Colisão com objeto,Com Vítimas Feridas,Pleno dia,Decrescente,Chuva,Dupla,Reta,Não,2,0,2,0,0,0,2,1,-26.25050176,-48.90863867,SPRF-SC,DEL03-SC,UOP01-DEL03-SC,2023
"518756,0",2023-04-23,domingo,20:55:00,SC,101,"201,3",SAO JOSE,Velocidade Incompatível,Saída de leito carroçável,Com Vítimas Fatais,Plena Noite,Crescente,Garoa/Chuvisco,Múltipla,Reta,Sim,1,1,0,0,0,0,0,1,-27.5518173,-48.6197651,SPRF-SC,DEL01-SC,UOP01-DEL01-SC,2023
"518763,0",2023-04-23,domingo,22:30:00,SC,282,"498,8",XANXERE,Manobra de mudança de faixa,Colisão lateral mesmo sentido,Com Vítimas Feridas,Plena Noite,Crescente,Céu Claro,Simples,Aclive,Não,7,0,1,0,6,0,1,2,-26.879793,-52.353662,SPRF-SC,DEL07-SC,UOP01-DEL07-SC,2023
"518797,0",2023-04-24,segunda-feira,03:10:00,SC,282,"424,0",VARGEM BONITA,Ausência de reação do condutor,Saída de leito carroçável,Com Vítimas Feridas,Plena Noite,Decrescente,Nevoeiro/Neblina,Dupla,Curva,Não,1,0,0,1,0,0,1,1,-26.988014,-51.753124,SPRF-SC,DEL07-SC,UOP05-DEL07-SC,2023
"518820,0",2023-04-24,segunda-feira,07:10:00,SC,282,"0,1",FLORIANOPOLIS,Manobra de mudança de faixa,Colisão lateral mesmo sentido,Com Vítimas Feridas,Pleno dia,Decrescente,Garoa/Chuvisco,Múltipla,Reta,Não,3,0,1,0,1,1,1,3,-27.59845,-48.571995,SPRF-SC,DEL01-SC,UOP01-DEL01-SC,2023
"518858,0",2023-04-24,segunda-feira,01:20:00,SC,282,"443,0",PONTE SERRADA,Velocidade Incompatível,Colisão com objeto,Sem Vítimas,Plena Noite,Crescente,Ignorado,Simples,Curva;Aclive,Não,1,0,0,0,0,1,0,1,-26.917578,-51.890999,SPRF-SC,DEL07-SC,UOP04-DEL07-SC,2023
"518901,0",2023-04-24,segunda-feira,11:00:00,SC,101,"138,0",BALNEARIO CAMBORIU,Ausência de reação do condutor,Engavetamento,Com Vítimas Feridas,Pleno dia,Crescente,Garoa/Chuvisco,Dupla,Curva,Sim,3,0,1,0,2,0,1,3,-27.02397426,-48.60761649,SPRF-SC,DEL04-SC,UOP03-DEL04-SC,2023
"518912,0",2023-04-24,segunda-feira,14:00:00,SC,101,"35,7",JOINVILLE,Manobra de mudança de faixa,Queda de ocupante de veículo,Com Vítimas Feridas,Pleno dia,Decrescente,Céu Claro,Dupla,Reta,Não,2,0,0,2,0,0,2,1,-26.2411301,-48.91227415,SPRF-SC,DEL03-SC,UOP01-DEL03-SC,2023
"518957,0",2023-02-23,quinta-feira,14:10:00,SC,116,"282,5",CAPAO ALTO,Avarias e/ou desgaste excessivo no pneu,Saída de leito carroçável,Com Vítimas Feridas,Pleno dia,Crescente,Chuva,Simples,Curva;Aclive,Não,1,0,1,0,0,0,1,1,-28.05640401,-50.56866393,SPRF-SC,DEL05-SC,UOP02-DEL05-SC,2023
"518972,0",2023-04-24,segunda-feira,18:25:00,SC,470,"125,9",LONTRAS,Carga excessiva e/ou mal acondicionada,Queda de ocupante de veículo,Com Vítimas Feridas,Plena Noite,Crescente,Nublado,Simples,Reta,Não,1,0,0,1,0,0,1,1,-27.120506,-49.534946,SPRF-SC,DEL04-SC,UOP02-DEL04-SC,2023
"518976,0",2023-04-24,segunda-feira,19:00:00,SC,101,"332,6",TUBARAO,Acessar a via sem observar a presença dos outros veículos,Colisão transversal,Com Vítimas Feridas,Plena Noite,Decrescente,Céu Claro,Simples,Interseção de Vias,Não,3,0,2,0,1,0,2,2,-28.46016431,-48.98968873,SPRF-SC,DEL02-SC,UOP01-DEL02-SC,2023
"518977,0",2023-04-24,segunda-feira,17:30:00,SC,282,"461,0",PONTE SERRADA,Entrada inopinada do pedestre,Atropelamento de Pedestre,Com Vítimas Feridas,Pleno dia,Decrescente,Céu Claro,Simples,Reta,Sim,3,0,1,1,1,0,2,2,-26.856403,-52.041328,SPRF-SC,DEL07-SC,UOP04-DEL07-SC,2023
"518982,0",2023-04-24,segunda-feira,20:30:00,SC,101,"117,0",ITAJAI,Acessar a via sem observar a presença dos outros veículos,Colisão lateral mesmo sentido,Com Vítimas Feridas,Plena Noite,Decrescente,Céu Claro,Múltipla,Interseção de Vias;Rotatória,Sim,2,0,1,0,0,1,1,2,-26.88961711,-48.72110367,SPRF-SC,DEL04-SC,UOP04-DEL04-SC,2023
"518998,0",2023-04-24,segunda-feira,12:50:00,SC,101,"122,0",ITAJAI,Ausência de reação do condutor,Queda de ocupante de veículo,Com Vítimas Feridas,Pleno dia,Crescente,Céu Claro,Dupla,Viaduto,Sim,1,0,1,0,0,0,1,1,-26.92955916,-48.70499836,SPRF-SC,DEL04-SC,UOP04-DEL04-SC,2023
"519018,0",2023-04-25,terça-feira,06:13:00,SC,101,"330,2",TUBARAO,Condutor Dormindo,Saída de leito carroçável,Com Vítimas Feridas,Pleno dia,Decrescente,Céu Claro,Dupla,Reta,Não,15,0,10,1,4,0,11,1,-28.457235,-48.983597,SPRF-SC,DEL02-SC,UOP01-DEL02-SC,2023
"519046,0",2023-04-25,terça-feira,07:15:00,SC,280,"143,6",MAFRA,Acessar a via sem observar a presença dos outros veículos,Colisão transversal,Com Vítimas Feridas,Pleno dia,Crescente,Céu Claro,Simples,Curva,Não,2,0,0,1,1,0,1,2,-26.24541406,-49.63661103,SPRF-SC,DEL06-SC,UOP03-DEL06-SC,2023
"519065,0",2023-04-25,terça-feira,09:50:00,SC,101,"118,0",ITAJAI,Manobra de mudança de faixa,Colisão traseira,Com Vítimas Feridas,Pleno dia,Crescente,Nublado,Dupla,Reta,Não,2,0,1,0,1,0,1,2,-26.895859,-48.71903,SPRF-SC,DEL04-SC,UOP04-DEL04-SC,2023
"519066,0",2023-04-25,terça-feira,07:45:00,SC,470,"54,0",BLUMENAU,Pedestre cruzava a pista fora da faixa,Atropelamento de Pedestre,Com Vítimas Feridas,Pleno dia,Decrescente,Nublado,Simples,Interseção de Vias,Não,2,0,1,0,1,0,1,2,-26.871065,-49.110374,SPRF-SC,DEL04-SC,UOP01-DEL04-SC,2023
"519104,0",2023-04-24,segunda-feira,18:30:00,SC,282,"551,0",NOVA ITABERABA,Ausência de reação do condutor,Saída de leito carroçável,Sem Vítimas,Plena Noite,Crescente,Céu Claro,Simples,Curva;Declive,Não,1,0,0,0,1,0,0,1,-26.951487,-52.778172,SPRF-SC,DEL07-SC,UOP01-DEL07-SC,2023
"519109,0",2023-04-25,terça-feira,10:29:00,SC,101,"334,0",TUBARAO,Desrespeitar a preferência no cruzamento,Colisão transversal,Com Vítimas Feridas,Pleno dia,Decrescente,Céu Claro,Simples,Reta;Interseção de Vias;Rotatória;Viaduto,Sim,3,0,0,1,2,0,1,2,-28.465975,-48.99542928,SPRF-SC,DEL02-SC,UOP01-DEL02-SC,2023
"519130,0",2023-03-25,sábado,08:00:00,SC,470,"77,9",RODEIO,Transitar na contramão,Colisão frontal,Com Vítimas Fatais,Pleno dia,Crescente,Nublado,Simples,Curva,Não,5,2,0,2,1,0,2,3,-26.9490099,-49.2975402,SPRF-SC,DEL04-SC,UOP01-DEL04-SC,2023
"519138,0",2023-04-25,terça-feira,04:30:00,SC,101,"214,2",PALHOCA,Velocidade Incompatível,Colisão com objeto,Sem Vítimas,Plena Noite,Decrescente,Nublado,Múltipla,Reta,Não,1,0,0,0,0,1,0,1,-27.64443,-48.67057,SPRF-SC,DEL01-SC,UOP02-DEL01-SC,2023
"519163,0",2023-04-25,terça-feira,16:45:00,SC,470,"139,2",RIO DO SUL,Condutor deixou de manter distância do veículo da frente,Colisão traseira,Com Vítimas Feridas,Pleno dia,Crescente,Sol,Simples,Reta,Sim,2,0,1,0,1,0,1,2,-27.217564,-49.65461,SPRF-SC,DEL04-SC,UOP02-DEL04-SC,2023
"519178,0",2023-04-25,terça-feira,18:36:00,SC,101,"212,3",PALHOCA,Condutor deixou de manter distância do veículo da frente,Engavetamento,Com Vítimas Feridas,Anoitecer,Decrescente,Céu Claro,Múltipla,Reta,Não,3,0,1,0,2,0,1,3,-27.62996929,-48.65903871,SPRF-SC,DEL01-SC,UOP02-DEL01-SC,2023
"519186,0",2023-04-25,terça-feira,18:45:00,SC,101,"214,0",PALHOCA,Ausência de reação do condutor,Capotamento,Com Vítimas Feridas,Plena Noite,Decrescente,Céu Claro,Múltipla,Reta,Não,1,0,1,0,0,0,1,1,-27.64443,-48.67057,SPRF-SC,DEL01-SC,UOP02-DEL01-SC,2023
"519189,0",2023-04-25,terça-feira,18:15:00,SC,101,"148,0",ITAPEMA,Ausência de reação do condutor,Colisão transversal,Com Vítimas Feridas,Anoitecer,Decrescente,Céu Claro,Simples,Reta,Sim,2,0,1,0,1,0,1,2,-27.11744799,-48.60940987,SPRF-SC,DEL04-SC,UOP03-DEL04-SC,2023
"519192,0",2023-04-25,terça-feira,19:00:00,SC,470,"26,0",GASPAR,Área urbana sem a presença de local apropriado para a travessia de pedestres,Atropelamento de Pedestre,Com Vítimas Feridas,Plena Noite,Crescente,Céu Claro,Dupla,Reta,Não,2,0,0,1,1,0,1,2,-26.887402,-48.875191,SPRF-SC,DEL04-SC,UOP04-DEL04-SC,2023
"519197,0",2023-04-25,terça-feira,17:38:00,SC,116,"246,1",LAGES,Desrespeitar a preferência no cruzamento,Colisão transversal,Com Vítimas Feridas,Plena Noite,Crescente,Céu Claro,Simples,Interseção de Vias;Reta;Aclive,Sim,3,0,1,1,1,0,2,2,-27.80419942,-50.36509464,SPRF-SC,DEL05-SC,UOP02-DEL05-SC,2023
"519228,0",2023-04-25,terça-feira,23:15:00,SC,101,"134,0",BALNEARIO CAMBORIU,Acessar a via sem observar a presença dos outros veículos,Atropelamento de Pedestre,Com Vítimas Feridas,Plena Noite,Crescente,Ignorado,Dupla,Reta,Sim,2,0,1,0,1,0,1,2,-27.00218,-48.636433,SPRF-SC,DEL04-SC,UOP03-DEL04-SC,2023
"519231,0",2023-04-26,quarta-feira,01:25:00,SC,101,"131,0",BALNEARIO CAMBORIU,Demais falhas mecânicas ou elétricas,Tombamento,Com Vítimas Feridas,Plena Noite,Decrescente,Céu Claro,Dupla,Interseção de Vias,Sim,1,0,0,1,0,0,1,1,-26.99064209,-48.66310912,SPRF-SC,DEL04-SC,UOP03-DEL04-SC,2023
"519248,0",2023-04-26,quarta-feira,06:30:00,SC,101,"124,0",ITAJAI,Demais falhas mecânicas ou elétricas,Tombamento,Com Vítimas Feridas,Amanhecer,Decrescente,Garoa/Chuvisco,Dupla,Reta,Sim,1,0,1,0,0,0,1,1,-26.94335064,-48.69198648,SPRF-SC,DEL04-SC,UOP04-DEL04-SC,2023
"519264,0",2023-03-18,sábado,02:00:00,SC,101,"328,0",CAPIVARI DE BAIXO,Ausência de reação do condutor,Colisão com objeto,Sem Vítimas,Plena Noite,Crescente,Céu Claro,Dupla,Reta,Sim,1,0,0,0,1,0,0,1,-28.43648094,-48.95989307,SPRF-SC,DEL02-SC,UOP01-DEL02-SC,2023
"519275,0",2023-04-26,quarta-feira,07:50:00,SC,101,"160,0",PORTO BELO,Demais falhas mecânicas ou elétricas,Tombamento,Com Vítimas Feridas,Pleno dia,Crescente,Céu Claro,Dupla,Reta,Não,2,0,1,1,0,0,2,1,-27.20831288,-48.61987922,SPRF-SC,DEL04-SC,UOP03-DEL04-SC,2023
"519303,0",2023-04-26,quarta-feira,13:00:00,SC,101,"203,0",SAO JOSE,Desrespeitar a preferência no cruzamento,Colisão transversal,Com Vítimas Feridas,Pleno dia,Crescente,Céu Claro,Múltipla,Viaduto;Rotatória,Sim,3,0,1,0,2,0,1,2,-27.5650044,-48.61460082,SPRF-SC,DEL01-SC,UOP01-DEL01-SC,2023
"519314,0",2023-04-26,quarta-feira,12:30:00,SC,470,"159,2",TROMBUDO CENTRAL,Acessar a via sem observar a presença dos outros veículos,Colisão transversal,Com Vítimas Feridas,Pleno dia,Crescente,Céu Claro,Simples,Reta,Não,2,0,2,0,0,0,2,2,-27.285877,-49.788143,SPRF-SC,DEL04-SC,UOP02-DEL04-SC,2023
"519352,0",2023-04-26,quarta-feira,17:45:00,SC,101,"206,0",SAO JOSE,Demais falhas mecânicas ou elétricas,Queda de ocupante de veículo,Com Vítimas Feridas,Plena Noite,Crescente,Céu Claro,Dupla,Reta,Sim,2,0,2,0,0,0,2,1,-27.59193546,-48.61824557,SPRF-SC,DEL01-SC,UOP01-DEL01-SC,2023
"519365,0",2023-04-26,quarta-feira,17:00:00,SC,470,"89,0",ASCURRA,Acessar a via sem observar a presença dos outros veículos,Colisão transversal,Com Vítimas Feridas,Pleno dia,Decrescente,Céu Claro,Simples,Reta;Interseção de Vias,Sim,2,0,0,1,1,0,1,2,-26.961573,-49.371918,SPRF-SC,DEL04-SC,UOP01-DEL04-SC,2023
"519374,0",2023-04-26,quarta-feira,14:50:00,SC,280,"275,5",IRINEOPOLIS,Acessar a via sem observar a presença dos outros veículos,Colisão transversal,Com Vítimas Feridas,Pleno dia,Decrescente,Céu Claro,Simples,Interseção de Vias,Não,2,0,0,1,1,0,1,2,-26.28674797,-50.78186002,SPRF-SC,DEL06-SC,UOP04-DEL06-SC,2023
"519384,0",2023-04-26,quarta-feira,20:14:00,SC,101,"206,2",SAO JOSE,Reação tardia ou ineficiente do condutor,Colisão traseira,Com Vítimas Feridas,Plena Noite,Crescente,Céu Claro,Dupla,Reta,Sim,3,0,2,0,0,1,2,2,-27.59193546,-48.61824557,SPRF-SC,DEL01-SC,UOP01-DEL01-SC,2023
"519411,0",2023-04-26,quarta-feira,21:40:00,SC,470,"31,7",GASPAR,Acesso irregular,Colisão traseira,Com Vítimas Fatais,Plena Noite,Decrescente,Céu Claro,Dupla,Reta,Não,2,1,0,0,1,0,0,2,-26.9009231,-48.9301805,SPRF-SC,DEL04-SC,UOP01-DEL04-SC,2023
"519462,0",2023-04-27,quinta-feira,09:24:00,SC,101,"214,3",PALHOCA,Desrespeitar a preferência no cruzamento,Colisão transversal,Com Vítimas Feridas,Pleno dia,Decrescente,Céu Claro,Dupla,Interseção de Vias,Sim,2,0,1,0,1,0,1,2,-27.64443,-48.67057,SPRF-SC,DEL01-SC,UOP02-DEL01-SC,2023
"519466,0",2023-04-27,quinta-feira,10:05:00,SC,101,"216,5",PALHOCA,Acessar a via sem observar a presença dos outros veículos,Colisão transversal,Com Vítimas Feridas,Pleno dia,Decrescente,Sol,Múltipla,Reta;Retorno Regulamentado,Não,2,0,1,0,1,0,1,2,-27.65981409,-48.67747798,SPRF-SC,DEL01-SC,UOP02-DEL01-SC,2023
"519468,0",2023-04-27,quinta-feira,07:40:00,SC,470,"57,0",BLUMENAU,Acessar a via sem observar a presença dos outros veículos,Colisão transversal,Com Vítimas Feridas,Pleno dia,Decrescente,Sol,Simples,Reta;Em Obras,Sim,3,0,1,0,2,0,1,2,-26.88182782,-49.13866997,SPRF-SC,DEL04-SC,UOP01-DEL04-SC,2023
"519477,0",2023-04-27,quinta-feira,10:10:00,SC,101,"93,9",BARRA VELHA,Reação tardia ou ineficiente do condutor,Colisão transversal,Sem Vítimas,Pleno dia,Crescente,Céu Claro,Dupla,Reta,Não,3,0,0,0,3,0,0,3,-26.7054749,-48.70100498,SPRF-SC,DEL03-SC,UOP02-DEL03-SC,2023
"519505,0",2023-04-27,quinta-feira,14:15:00,SC,101,"229,0",PALHOCA,Entrada inopinada do pedestre,Colisão lateral mesmo sentido,Com Vítimas Feridas,Pleno dia,Crescente,Céu Claro,Dupla,Reta,Não,2,0,0,1,1,0,1,2,-27.7688932,-48.63205379,SPRF-SC,DEL01-SC,UOP02-DEL01-SC,2023
"519509,0",2023-04-27,quinta-feira,13:02:00,SC,101,"282,0",IMBITUBA,Acessar a via sem observar a presença dos outros veículos,Colisão transversal,Com Vítimas Feridas,Pleno dia,Decrescente,Sol,Simples,Reta,Sim,2,0,1,0,1,0,1,2,-28.19626005,-48.69739859,SPRF-SC,DEL02-SC,UOP03-DEL02-SC,2023
"519532,0",2023-04-27,quinta-feira,16:40:00,SC,280,"74,0",JARAGUA DO SUL,Acessar a via sem observar a presença dos outros veículos,Colisão transversal,Com Vítimas Feridas,Pleno dia,Decrescente,Céu Claro,Simples,Reta;Rotatória;Aclive,Não,2,0,1,0,1,0,1,2,-26.45877322,-49.16147801,SPRF-SC,DEL03-SC,UOP03-DEL03-SC,2023
"519541,0",2023-04-27,quinta-feira,17:20:00,SC,470,"62,9",BLUMENAU,Trafegar com motocicleta (ou similar) entre as faixas,Colisão transversal,Com Vítimas Feridas,Anoitecer,Crescente,Céu Claro,Simples,Reta;Declive,Não,2,0,0,1,1,0,1,2,-26.874521,-49.182938,SPRF-SC,DEL04-SC,UOP01-DEL04-SC,2023
"519544,0",2023-04-27,quinta-feira,16:50:00,SC,282,"109,8",ALFREDO WAGNER,Velocidade Incompatível,Queda de ocupante de veículo,Com Vítimas Feridas,Anoitecer,Decrescente,Nublado,Simples,Curva,Não,1,0,0,1,0,0,1,1,-27.727324,-49.360542,SPRF-SC,DEL01-SC,UOP03-DEL01-SC,2023
"519551,0",2023-04-27,quinta-feira,18:25:00,SC,101,"133,1",BALNEARIO CAMBORIU,Avarias e/ou desgaste excessivo no pneu,Tombamento,Com Vítimas Feridas,Plena Noite,Decrescente,Céu Claro,Múltipla,Reta,Sim,2,0,1,0,1,0,1,1,-26.99936,-48.64609,SPRF-SC,DEL04-SC,UOP03-DEL04-SC,2023
"519557,0",2023-04-27,quinta-feira,17:38:00,SC,470,"141,2",RIO DO SUL,Conversão proibida,Colisão lateral mesmo sentido,Com Vítimas Feridas,Pleno dia,Decrescente,Céu Claro,Simples,Reta,Sim,2,0,0,1,1,0,1,2,-27.226065,-49.666161,SPRF-SC,DEL04-SC,UOP02-DEL04-SC,2023
"519562,0",2023-04-27,quinta-feira,17:30:00,SC,101,"311,0",LAGUNA,Reação tardia ou ineficiente do condutor,Atropelamento de Pedestre,Com Vítimas Feridas,Pleno dia,Crescente,Céu Claro,Simples,Interseção de Vias,Não,2,0,0,1,1,0,1,2,-28.42531311,-48.80068884,SPRF-SC,DEL02-SC,UOP01-DEL02-SC,2023
"519584,0",2023-04-27,quinta-feira,19:10:00,SC,116,"140,5",SANTA CECILIA,Acessar a via sem observar a presença dos outros veículos,Colisão transversal,Com Vítimas Feridas,Plena Noite,Crescente,Céu Claro,Simples,Retorno Regulamentado;Reta,Sim,4,0,2,0,2,0,2,2,-26.96625517,-50.40928315,SPRF-SC,DEL06-SC,UOP02-DEL06-SC,2023
"519590,0",2023-04-27,quinta-feira,21:30:00,SC,101,"134,0",BALNEARIO CAMBORIU,Ausência de reação do condutor,Colisão traseira,Com Vítimas Feridas,Plena Noite,Decrescente,Céu Claro,Dupla,Reta,Não,2,0,1,0,1,0,1,2,-27.00218,-48.636433,SPRF-SC,DEL04-SC,UOP03-DEL04-SC,2023
"519616,0",2023-04-28,sexta-feira,02:20:00,SC,101,"215,1",PALHOCA,Avarias e/ou desgaste excessivo no pneu,Tombamento,Com Vítimas Feridas,Plena Noite,Decrescente,Céu Claro,Múltipla,Reta,Sim,2,0,1,1,0,0,2,1,-27.65184843,-48.67604941,SPRF-SC,DEL01-SC,UOP02-DEL01-SC,2023
"519631,0",2023-04-28,sexta-feira,06:45:00,SC,101,"186,0",BIGUACU,Ausência de reação do condutor,Colisão traseira,Com Vítimas Feridas,Pleno dia,Decrescente,Céu Claro,Dupla,Reta,Não,2,0,1,0,1,0,1,2,-27.4341098,-48.62567129,SPRF-SC,DEL01-SC,UOP01-DEL01-SC,2023
"519644,0",2023-04-28,sexta-feira,07:40:00,SC,101,"80,1",ARAQUARI,Acessar a via sem observar a presença dos outros veículos,Colisão transversal,Sem Vítimas,Pleno dia,Decrescente,Céu Claro,Dupla,Reta,Não,2,0,0,0,2,0,0,2,-26.595779,-48.722602,SPRF-SC,DEL03-SC,UOP02-DEL03-SC,2023
"519659,0",2023-04-28,sexta-feira,08:15:00,SC,101,"214,0",PALHOCA,Ausência de reação do condutor,Colisão lateral mesmo sentido,Com Vítimas Feridas,Pleno dia,Decrescente,Céu Claro,Múltipla,Interseção de Vias;Reta,Sim,2,0,0,1,1,0,1,2,-27.64443,-48.67057,SPRF-SC,DEL01-SC,UOP02-DEL01-SC,2023
"519672,0",2023-04-28,sexta-feira,09:00:00,SC,101,"147,3",ITAPEMA,Manobra de mudança de faixa,Colisão lateral mesmo sentido,Com Vítimas Feridas,Pleno dia,Decrescente,Céu Claro,Simples,Reta,Sim,2,0,0,1,1,0,1,2,-27.09237407,-48.61730888,SPRF-SC,DEL04-SC,UOP03-DEL04-SC,2023
"519685,0",2023-04-28,sexta-feira,09:15:00,SC,101,"123,0",ITAJAI,Acessar a via sem observar a presença dos outros veículos,Colisão transversal,Com Vítimas Feridas,Pleno dia,Decrescente,Céu Claro,Dupla,Interseção de Vias;Rotatória;Retorno Regulamentado,Sim,2,0,1,0,1,0,1,2,-26.93668609,-48.69876905,SPRF-SC,DEL04-SC,UOP04-DEL04-SC,2023
"519697,0",2023-04-28,sexta-feira,11:30:00,SC,282,"16,5",PALHOCA,Condutor deixou de manter distância do veículo da frente,Colisão transversal,Com Vítimas Feridas,Pleno dia,Crescente,Céu Claro,Simples,Reta,Sim,2,0,1,0,1,0,1,2,-27.658611,-48.681847,SPRF-SC,DEL01-SC,UOP02-DEL01-SC,2023
"519704,0",2023-04-28,sexta-feira,11:30:00,SC,280,"129,5",RIO NEGRINHO,Área urbana sem a presença de local apropriado para a travessia de pedestres,Atropelamento de Pedestre,Com Vítimas Feridas,Pleno dia,Crescente,Céu Claro,Simples,Reta,Sim,3,0,2,0,1,0,2,2,-26.24586437,-49.52284615,SPRF-SC,DEL06-SC,UOP03-DEL06-SC,2023
"519709,0",2023-04-28,sexta-feira,08:39:00,SC,282,"383,2",HERVAL DOESTE,Ausência de reação do condutor,Saída de leito carroçável,Com Vítimas Feridas,Pleno dia,Crescente,Céu Claro,Simples,Declive;Curva,Não,1,0,1,0,0,0,1,1,-27.195795,-51.506767,SPRF-SC,DEL07-SC,UOP05-DEL07-SC,2023
"519728,0",2023-04-28,sexta-feira,12:45:00,SC,116,"140,7",SANTA CECILIA,Acessar a via sem observar a presença dos outros veículos,Colisão transversal,Com Vítimas Feridas,Pleno dia,Decrescente,Céu Claro,Simples,Interseção de Vias,Sim,3,0,1,0,2,0,1,2,-26.96625517,-50.40928315,SPRF-SC,DEL06-SC,UOP02-DEL06-SC,2023
"519732,0",2023-04-28,sexta-feira,10:37:00,SC,153,"1,0",AGUA DOCE,Mal súbito do condutor,Saída de leito carroçável,Com Vítimas Feridas,Pleno dia,Decrescente,Nublado,Simples,Curva,Não,1,0,1,0,0,0,1,1,-26.612688,-51.494854,SPRF-SC,DEL07-SC,UOP07-DEL07-SC,2023
"519742,0",2023-04-28,sexta-feira,15:20:00,SC,101,"39,0",JOINVILLE,Demais falhas mecânicas ou elétricas,Incêndio,Sem Vítimas,Pleno dia,Crescente,Sol,Dupla,Reta,Sim,1,0,0,0,1,0,0,1,-26.2628107,-48.90192257,SPRF-SC,DEL03-SC,UOP01-DEL03-SC,2023
"519755,0",2023-04-28,sexta-feira,14:35:00,SC,470,"63,0",INDAIAL,Ausência de reação do condutor,Colisão transversal,Com Vítimas Feridas,Pleno dia,Decrescente,Céu Claro,Dupla,Reta;Declive,Sim,2,0,0,1,1,0,1,2,-26.872396,-49.19228,SPRF-SC,DEL04-SC,UOP01-DEL04-SC,2023
"519756,0",2023-04-28,sexta-feira,13:38:00,SC,470,"31,0",GASPAR,Mal súbito do condutor,Saída de leito carroçável,Com Vítimas Feridas,Pleno dia,Crescente,Céu Claro,Dupla,Reta,Não,1,0,1,0,0,0,1,1,-26.897331,-48.923069,SPRF-SC,DEL04-SC,UOP01-DEL04-SC,2023
"519757,0",2023-04-28,sexta-feira,16:40:00,SC,470,"54,0",BLUMENAU,Manobra de mudança de faixa,Colisão lateral mesmo sentido,Com Vítimas Feridas,Pleno dia,Crescente,Céu Claro,Simples,Em Obras;Reta;Aclive,Não,3,0,1,0,2,0,1,2,-26.871065,-49.110374,SPRF-SC,DEL04-SC,UOP01-DEL04-SC,2023
"519758,0",2023-04-28,sexta-feira,13:29:00,SC,280,"118,0",SAO BENTO DO SUL,Ausência de reação do condutor,Tombamento,Com Vítimas Feridas,Pleno dia,Crescente,Céu Claro,Simples,Curva,Sim,1,0,1,0,0,0,1,1,-26.26608202,-49.42467403,SPRF-SC,DEL06-SC,UOP03-DEL06-SC,2023