id,data_inversa,dia_semana,horario,uf,br,km,municipio,causa_acidente,tipo_acidente,classificacao_acidente,fase_dia,sentido_via,condicao_metereologica,tipo_pista,tracado_via,uso_solo,pessoas,mortos,feridos_leves,feridos_graves,ilesos,ignorados,feridos,veiculos,latitude,longitude,regional,delegacia,uop,ano_arquivo
"519787,0",2023-04-28,sexta-feira,18:40:00,SC,101,"213,0",PALHOCA,Ausência de reação do condutor,Engavetamento,Com Vítimas Feridas,Plena Noite,Crescente,Céu Claro,Múltipla,Reta,Sim,5,0,1,0,4,0,1,5,-27.63697369,-48.66514142,SPRF-SC,DEL01-SC,UOP02-DEL01-SC,2023
"519791,0",2023-04-28,sexta-feira,16:20:00,SC,470,"165,0",POUSO REDONDO,Acessar a via sem observar a presença dos outros veículos,Colisão lateral mesmo sentido,Com Vítimas Feridas,Pleno dia,Decrescente,Céu Claro,Simples,Aclive;Reta,Não,2,0,1,0,1,0,1,2,-27.27663,-49.845661,SPRF-SC,DEL04-SC,UOP02-DEL04-SC,2023
"519793,0",2023-04-28,sexta-feira,19:45:00,SC,101,"210,8",SAO JOSE,Demais falhas mecânicas ou elétricas,Queda de ocupante de veículo,Com Vítimas Feridas,Plena Noite,Crescente,Céu Claro,Dupla,Reta,Não,2,0,2,0,0,0,2,1,-27.6167305,-48.6457265,SPRF-SC,DEL01-SC,UOP01-DEL01-SC,2023
"519798,0",2023-04-28,sexta-feira,18:30:00,SC,163,"71,2",SAO MIGUEL DO OESTE,Ausência de reação do condutor,Colisão transversal,Com Vítimas Feridas,Plena Noite,Crescente,Céu Claro,Dupla,Reta;Interseção de Vias,Sim,3,0,1,1,1,0,2,2,-26.72653302,-53.51291299,SPRF-SC,DEL07-SC,UOP03-DEL07-SC,2023
"519841,0",2023-04-28,sexta-feira,22:40:00,SC,101,"96,2",BARRA VELHA,Manobra de mudança de faixa,Colisão lateral mesmo sentido,Com Vítimas Feridas,Plena Noite,Decrescente,Céu Claro,Dupla,Reta,Não,3,0,1,0,2,0,1,3,-26.718427,-48.70233,SPRF-SC,DEL03-SC,UOP02-DEL03-SC,2023
"519849,0",2023-04-28,sexta-feira,22:45:00,SC,280,"28,1",ARAQUARI,Condutor deixou de manter distância do veículo da frente,Colisão traseira,Com Vítimas Feridas,Plena Noite,Decrescente,Nublado,Simples,Reta,Não,2,0,0,1,1,0,1,2,-26.40450077,-48.74561031,SPRF-SC,DEL03-SC,UOP03-DEL03-SC,2023
"519856,0",2023-04-28,sexta-feira,21:30:00,SC,101,"70,7",ARAQUARI,Entrada inopinada do pedestre,Atropelamento de Pedestre,Com Vítimas Feridas,Plena Noite,Crescente,Garoa/Chuvisco,Dupla,Reta,Não,3,0,0,1,2,0,1,3,-26.516633,-48.72183309,SPRF-SC,DEL03-SC,UOP02-DEL03-SC,2023
"519860,0",2023-04-28,sexta-feira,22:00:00,SC,101,"95,0",BARRA VELHA,Acesso irregular,Colisão lateral mesmo sentido,Sem Vítimas,Plena Noite,Decrescente,Céu Claro,Dupla,Reta,Sim,2,0,0,0,2,0,0,2,-26.70876413,-48.70221065,SPRF-SC,DEL03-SC,UOP02-DEL03-SC,2023
"519863,0",2023-04-19,quarta-feira,17:30:00,SC,470,"59,3",BLUMENAU,Ultrapassagem Indevida,Colisão transversal,Com Vítimas Feridas,Pleno dia,Crescente,Céu Claro,Simples,Em Obras;Curva,Sim,2,0,1,0,1,0,1,2,-26.88300486,-49.15622234,SPRF-SC,DEL04-SC,UOP01-DEL04-SC,2023
"519864,0",2023-04-28,sexta-feira,21:00:00,SC,282,"582,0",PINHALZINHO,Transitar na contramão,Colisão frontal,Com Vítimas Feridas,Plena Noite,Crescente,Céu Claro,Simples,Declive,Não,4,0,4,0,0,0,4,2,-26.826683,-53.002621,SPRF-SC,DEL07-SC,UOP02-DEL07-SC,2023
"519869,0",2023-04-28,sexta-feira,23:00:00,SC,101,"266,0",PAULO LOPES,Condutor deixou de manter distância do veículo da frente,Colisão traseira,Sem Vítimas,Plena Noite,Crescente,Céu Claro,Dupla,Reta,Não,4,0,0,0,4,0,0,2,-28.06847808,-48.71463931,SPRF-SC,DEL02-SC,UOP03-DEL02-SC,2023
"519903,0",2023-04-29,sábado,05:45:00,SC,101,"195,1",BIGUACU,Condutor Dormindo,Colisão com objeto,Com Vítimas Feridas,Amanhecer,Decrescente,Céu Claro,Dupla,Reta,Sim,1,0,1,0,0,0,1,1,-27.5047092,-48.65010819,SPRF-SC,DEL01-SC,UOP01-DEL01-SC,2023
"519904,0",2023-04-29,sábado,04:45:00,SC,280,"184,7",MAFRA,Acessar a via sem observar a presença dos outros veículos,Colisão transversal,Com Vítimas Feridas,Amanhecer,Crescente,Nublado,Simples,Reta,Não,3,0,0,1,2,0,1,2,-26.17398791,-49.92590299,SPRF-SC,DEL06-SC,UOP01-DEL06-SC,2023
"519924,0",2023-04-29,sábado,06:30:00,SC,282,"408,6",CATANDUVAS,Ausência de reação do condutor,Saída de leito carroçável,Sem Vítimas,Pleno dia,Decrescente,Céu Claro,Simples,Curva,Não,1,0,0,0,1,0,0,1,-27.079213,-51.663537,SPRF-SC,DEL07-SC,UOP05-DEL07-SC,2023
"519935,0",2023-04-29,sábado,07:40:00,SC,282,"47,4",AGUAS MORNAS,Reação tardia ou ineficiente do condutor,Tombamento,Com Vítimas Feridas,Pleno dia,Crescente,Nublado,Simples,Aclive;Curva;Em Obras,Não,1,0,1,0,0,0,1,1,-27.721771,-48.934837,SPRF-SC,DEL01-SC,UOP03-DEL01-SC,2023
"519954,0",2023-04-29,sábado,08:50:00,SC,470,"185,0",POUSO REDONDO,Velocidade Incompatível,Tombamento,Com Vítimas Feridas,Pleno dia,Crescente,Nublado,Simples,Curva,Sim,2,0,2,0,0,0,2,1,-27.254034,-50.036575,SPRF-SC,DEL04-SC,UOP02-DEL04-SC,2023
"519961,0",2023-04-29,sábado,11:12:00,SC,101,"215,4",PALHOCA,Manobra de mudança de faixa,Colisão lateral mesmo sentido,Com Vítimas Feridas,Pleno dia,Crescente,Céu Claro,Simples,Reta,Sim,3,0,1,0,2,0,1,3,-27.65184843,-48.67604941,SPRF-SC,DEL01-SC,UOP02-DEL01-SC,2023
"519965,0",2023-04-29,sábado,11:00:00,SC,101,"41,4",JOINVILLE,Demais falhas mecânicas ou elétricas,Colisão com objeto,Com Vítimas Feridas,Pleno dia,Crescente,Nublado,Dupla,Reta,Não,1,0,1,0,0,0,1,1,-26.28215489,-48.88973081,SPRF-SC,DEL03-SC,UOP01-DEL03-SC,2023
"519970,0",2023-04-29,sábado,12:00:00,SC,101,"114,0",ITAJAI,Condutor deixou de manter distância do veículo da frente,Colisão traseira,Com Vítimas Feridas,Pleno dia,Decrescente,Céu Claro,Dupla,Reta,Não,2,0,1,0,1,0,1,2,-26.86192886,-48.7286704,SPRF-SC,DEL04-SC,UOP04-DEL04-SC,2023
"519973,0",2023-04-29,sábado,12:55:00,SC,101,"119,0",ITAJAI,Ausência de reação do condutor,Colisão lateral mesmo sentido,Com Vítimas Feridas,Pleno dia,Crescente,Nublado,Dupla,Reta,Não,2,0,1,0,1,0,1,2,-26.9043179,-48.71555481,SPRF-SC,DEL04-SC,UOP04-DEL04-SC,2023
"520017,0",2023-04-29,sábado,16:15:00,SC,101,"330,0",TUBARAO,Ausência de reação do condutor,Tombamento,Com Vítimas Feridas,Pleno dia,Crescente,Céu Claro,Dupla,Reta,Sim,1,0,1,0,0,0,1,1,-28.45115639,-48.97286879,SPRF-SC,DEL02-SC,UOP01-DEL02-SC,2023
"520021,0",2023-04-29,sábado,15:50:00,SC,470,"143,5",RIO DO SUL,Condutor deixou de manter distância do veículo da frente,Colisão traseira,Com Vítimas Feridas,Pleno dia,Crescente,Sol,Simples,Rotatória;Retorno Regulamentado,Sim,3,0,1,0,2,0,1,2,-27.233143,-49.672886,SPRF-SC,DEL04-SC,UOP02-DEL04-SC,2023
"520029,0",2023-04-29,sábado,14:30:00,SC,282,"266,3",SAO JOSE DO CERRITO,Frear bruscamente,Colisão traseira,Com Vítimas Feridas,Pleno dia,Crescente,Céu Claro,Simples,Aclive,Não,3,0,1,0,2,0,1,2,-27.622122,-50.642452,SPRF-SC,DEL05-SC,UOP02-DEL05-SC,2023
"520043,0",2023-04-29,sábado,16:40:00,SC,282,"378,2",HERVAL DOESTE,Reação tardia ou ineficiente do condutor,Tombamento,Com Vítimas Fatais,Pleno dia,Decrescente,Céu Claro,Simples,Curva,Não,3,1,0,0,1,1,0,3,-27.21837467,-51.46417033,SPRF-SC,DEL07-SC,UOP05-DEL07-SC,2023
"520047,0",2023-04-29,sábado,18:45:00,SC,101,"148,3",ITAPEMA,Pedestre cruzava a pista fora da faixa,Atropelamento de Pedestre,Com Vítimas Fatais,Plena Noite,Crescente,Céu Claro,Dupla,Reta,Sim,5,1,0,0,4,0,0,2,-27.10424,-48.61637,SPRF-SC,DEL04-SC,UOP03-DEL04-SC,2023
"520048,0",2023-04-29,sábado,16:35:00,SC,101,"409,0",ARARANGUA,Redutor de velocidade em desacordo,Colisão traseira,Com Vítimas Feridas,Pleno dia,Decrescente,Céu Claro,Simples,Reta,Sim,3,0,1,0,0,2,1,3,-28.91482796,-49.48625305,SPRF-SC,DEL02-SC,UOP02-DEL02-SC,2023
"520049,0",2023-04-29,sábado,16:20:00,SC,280,"33,0",ARAQUARI,Retorno proibido,Colisão transversal,Com Vítimas Feridas,Pleno dia,Decrescente,Nublado,Simples,Reta,Não,2,0,1,0,1,0,1,2,-26.42576441,-48.78741376,SPRF-SC,DEL03-SC,UOP03-DEL03-SC,2023
"520061,0",2023-04-29,sábado,17:50:00,SC,470,"185,0",POUSO REDONDO,Acessar a via sem observar a presença dos outros veículos,Colisão transversal,Com Vítimas Feridas,Anoitecer,Crescente,Céu Claro,Simples,Curva,Não,2,0,1,0,1,0,1,2,-27.254034,-50.036575,SPRF-SC,DEL04-SC,UOP02-DEL04-SC,2023
"520065,0",2023-04-29,sábado,19:30:00,SC,101,"353,0",JAGUARUNA,Ausência de reação do condutor,Colisão com objeto,Com Vítimas Feridas,Plena Noite,Decrescente,Céu Claro,Dupla,Reta,Sim,2,0,2,0,0,0,2,2,-28.61232036,-49.06197674,SPRF-SC,DEL02-SC,UOP01-DEL02-SC,2023
"520066,0",2023-04-29,sábado,19:00:00,SC,101,"100,1",BALNEARIO PICARRAS,Área urbana sem a presença de local apropriado para a travessia de pedestres,Colisão transversal,Com Vítimas Feridas,Plena Noite,Crescente,Céu Claro,Dupla,Reta,Sim,4,0,0,1,3,0,1,2,-26.75482787,-48.68993675,SPRF-SC,DEL03-SC,UOP02-DEL03-SC,2023
"520074,0",2023-04-29,sábado,20:00:00,SC,116,"207,3",PONTE ALTA,Acessar a via sem observar a presença dos outros veículos,Colisão transversal,Com Vítimas Feridas,Plena Noite,Crescente,Céu Claro,Simples,Aclive;Reta,Não,3,0,2,0,1,0,2,2,-27.48456,-50.37797,SPRF-SC,DEL05-SC,UOP03-DEL05-SC,2023
"520092,0",2023-04-29,sábado,22:20:00,SC,282,"629,8",DESCANSO,Ingestão de álcool pelo condutor,Saída de leito carroçável,Com Vítimas Feridas,Pleno dia,Crescente,Céu Claro,Simples,Curva,Não,1,0,1,0,0,0,1,1,-26.82217705,-53.38476353,SPRF-SC,DEL07-SC,UOP03-DEL07-SC,2023
"520098,0",2023-03-25,sábado,04:20:00,SC,101,"203,0",SAO JOSE,Ingestão de álcool pelo condutor,Colisão com objeto,Sem Vítimas,Plena Noite,Decrescente,Ignorado,Múltipla,Reta,Sim,2,0,0,0,2,0,0,1,-27.5650044,-48.61460082,SPRF-SC,DEL01-SC,UOP01-DEL01-SC,2023
"520102,0",2023-04-30,domingo,00:05:00,SC,101,"130,0",BALNEARIO CAMBORIU,Reação tardia ou ineficiente do condutor,Saída de leito carroçável,Com Vítimas Feridas,Plena Noite,Decrescente,Céu Claro,Dupla,Curva,Não,1,0,0,1,0,0,1,1,-26.98407618,-48.66977107,SPRF-SC,DEL04-SC,UOP03-DEL04-SC,2023
"520107,0",2023-04-29,sábado,23:15:00,SC,101,"428,3",SOMBRIO,Animais na Pista,Atropelamento de Animal,Com Vítimas Feridas,Plena Noite,Crescente,Nublado,Múltipla,Reta,Não,2,0,1,1,0,0,2,1,-29.0402251,-49.61223688,SPRF-SC,DEL02-SC,UOP02-DEL02-SC,2023
"520110,0",2023-04-29,sábado,20:30:00,SC,280,"253,4",CANOINHAS,Condutor Dormindo,Colisão frontal,Com Vítimas Feridas,Plena Noite,Crescente,Céu Claro,Simples,Curva,Não,6,0,3,1,1,1,4,3,-26.26572045,-50.56913793,SPRF-SC,DEL06-SC,UOP04-DEL06-SC,2023
"520111,0",2023-04-30,domingo,01:50:00,SC,101,"145,0",ITAPEMA,Ausência de reação do condutor,Colisão com objeto,Com Vítimas Feridas,Plena Noite,Crescente,Céu Claro,Dupla,Reta,Não,2,0,1,1,0,0,2,1,-27.08139206,-48.60130993,SPRF-SC,DEL04-SC,UOP03-DEL04-SC,2023
"520128,0",2023-04-30,domingo,05:50:00,SC,101,"201,0",SAO JOSE,Ingestão de álcool pelo condutor,Capotamento,Sem Vítimas,Amanhecer,Crescente,Ignorado,Dupla,Reta,Não,2,0,0,0,2,0,0,1,-27.54836599,-48.61977975,SPRF-SC,DEL01-SC,UOP01-DEL01-SC,2023
"520132,0",2023-04-30,domingo,06:20:00,SC,101,"204,0",SAO JOSE,Reação tardia ou ineficiente do condutor,Queda de ocupante de veículo,Com Vítimas Feridas,Pleno dia,Crescente,Céu Claro,Dupla,Reta,Sim,1,0,1,0,0,0,1,1,-27.57413014,-48.61363083,SPRF-SC,DEL01-SC,UOP01-DEL01-SC,2023
"520142,0",2023-04-30,domingo,06:20:00,SC,282,"505,2",XANXERE,Velocidade Incompatível,Colisão traseira,Com Vítimas Feridas,Pleno dia,Crescente,Céu Claro,Simples,Reta,Sim,4,0,1,0,3,0,1,2,-26.885883,-52.418762,SPRF-SC,DEL07-SC,UOP01-DEL07-SC,2023
"520156,0",2023-04-30,domingo,04:40:00,SC,282,"98,7",ALFREDO WAGNER,Condutor Dormindo,Colisão com objeto,Com Vítimas Feridas,Plena Noite,Crescente,Nublado,Simples,Curva;Ponte,Não,1,0,1,0,0,0,1,1,-27.702288,-49.279648,SPRF-SC,DEL01-SC,UOP03-DEL01-SC,2023
"520200,0",2023-04-30,domingo,14:00:00,SC,101,"37,8",JOINVILLE,Avarias e/ou desgaste excessivo no pneu,Tombamento,Com Vítimas Feridas,Pleno dia,Crescente,Nublado,Múltipla,Curva,Sim,2,0,1,1,0,0,2,1,-26.29217808,-48.88483644,SPRF-SC,DEL03-SC,UOP01-DEL03-SC,2023
"520219,0",2023-04-30,domingo,03:50:00,SC,282,"303,0",VARGEM,Ausência de reação do condutor,Saída de leito carroçável,Com Vítimas Feridas,Pleno dia,Crescente,Céu Claro,Simples,Curva,Não,1,0,0,1,0,0,1,1,-27.49877,-50.931053,SPRF-SC,DEL07-SC,UOP06-DEL07-SC,2023
"520235,0",2023-04-30,domingo,17:55:00,SC,280,"4,5",SAO FRANCISCO DO SUL,Manobra de mudança de faixa,Colisão lateral mesmo sentido,Com Vítimas Feridas,Anoitecer,Crescente,Nublado,Simples,Reta,Sim,2,0,1,0,1,0,1,2,-26.25329566,-48.61916042,SPRF-SC,DEL03-SC,UOP03-DEL03-SC,2023
"520237,0",2023-04-30,domingo,17:20:00,SC,101,"82,8",BARRA VELHA,Reação tardia ou ineficiente do condutor,Colisão lateral mesmo sentido,Com Vítimas Feridas,Anoitecer,Decrescente,Nublado,Simples,Declive,Sim,2,0,1,0,1,0,1,2,-26.61791999,-48.71861458,SPRF-SC,DEL03-SC,UOP02-DEL03-SC,2023
"520244,0",2023-04-30,domingo,18:30:00,SC,101,"117,6",ITAJAI,Ingestão de álcool pelo condutor,Colisão traseira,Com Vítimas Feridas,Plena Noite,Crescente,Céu Claro,Múltipla,Reta,Sim,2,0,1,0,1,0,1,2,-26.89243988,-48.7207067,SPRF-SC,DEL04-SC,UOP04-DEL04-SC,2023
"520248,0",2023-04-30,domingo,17:30:00,SC,101,"409,2",ARARANGUA,Condutor deixou de manter distância do veículo da frente,Colisão traseira,Com Vítimas Feridas,Pleno dia,Decrescente,Céu Claro,Simples,Reta;Declive,Sim,3,0,2,0,1,0,2,2,-28.93485263,-49.49512482,SPRF-SC,DEL02-SC,UOP02-DEL02-SC,2023
"520252,0",2023-04-30,domingo,18:45:00,SC,282,"40,5",AGUAS MORNAS,Desrespeitar a preferência no cruzamento,Colisão transversal,Com Vítimas Feridas,Plena Noite,Crescente,Céu Claro,Simples,Interseção de Vias,Não,3,0,1,1,1,0,2,2,-27.716148,-48.869583,SPRF-SC,DEL01-SC,UOP03-DEL01-SC,2023
"520258,0",2023-04-30,domingo,18:20:00,SC,282,"654,9",SAO MIGUEL DO OESTE,Reação tardia ou ineficiente do condutor,Saída de leito carroçável,Sem Vítimas,Anoitecer,Crescente,Céu Claro,Simples,Curva,Não,1,0,0,0,0,1,0,1,-26.69823208,-53.53388786,SPRF-SC,DEL07-SC,UOP03-DEL07-SC,2023
"520285,0",2023-04-30,domingo,20:30:00,SC,282,"18,0",PALHOCA,Ausência de reação do condutor,Colisão com objeto,Sem Vítimas,Plena Noite,Crescente,Céu Claro,Simples,Desvio Temporário;Em Obras,Não,1,0,0,0,1,0,0,1,-27.672798,-48.694286,SPRF-SC,DEL01-SC,UOP02-DEL01-SC,2023
"520288,0",2023-04-30,domingo,21:50:00,SC,101,"158,0",PORTO BELO,Ingestão de álcool pelo condutor,Colisão lateral mesmo sentido,Com Vítimas Feridas,Plena Noite,Crescente,Céu Claro,Dupla,Reta,Não,3,0,2,0,1,0,2,2,-27.19096301,-48.61259017,SPRF-SC,DEL04-SC,UOP03-DEL04-SC,2023
"520296,0",2023-04-30,domingo,20:40:00,SC,282,"548,8",CHAPECO,Acessar a via sem observar a presença dos outros veículos,Colisão frontal,Com Vítimas Feridas,Plena Noite,Decrescente,Céu Claro,Simples,Reta,Não,4,0,1,2,1,0,3,2,-26.968346,-52.753883,SPRF-SC,DEL07-SC,UOP01-DEL07-SC,2023
"520302,0",2023-04-30,domingo,17:20:00,SC,101,"322,0",PESCARIA BRAVA,Reação tardia ou ineficiente do condutor,Tombamento,Com Vítimas Feridas,Anoitecer,Crescente,Céu Claro,Dupla,Curva,Sim,2,0,1,0,0,1,1,1,-28.42491971,-48.90238108,SPRF-SC,DEL02-SC,UOP01-DEL02-SC,2023
"520316,0",2023-05-01,segunda-feira,02:30:00,SC,101,"213,6",PALHOCA,Ingestão de substâncias psicoativas pelo condutor,Colisão com objeto,Sem Vítimas,Plena Noite,Crescente,Céu Claro,Múltipla,Reta,Sim,1,0,0,0,1,0,0,1,-27.63697369,-48.66514142,SPRF-SC,DEL01-SC,UOP02-DEL01-SC,2023
"520318,0",2023-05-01,segunda-feira,04:30:00,SC,101,"193,0",BIGUACU,Ausência de reação do condutor,Colisão com objeto,Sem Vítimas,Plena Noite,Crescente,Céu Claro,Dupla,Reta;Interseção de Vias,Sim,1,0,0,0,0,1,0,1,-27.489574,-48.655914,SPRF-SC,DEL01-SC,UOP01-DEL01-SC,2023
"520319,0",2023-04-30,domingo,20:10:00,SC,101,"96,0",BARRA VELHA,Ausência de reação do condutor,Saída de leito carroçável,Sem Vítimas,Plena Noite,Crescente,Garoa/Chuvisco,Múltipla,Reta,Não,1,0,0,0,0,1,0,1,-26.718427,-48.70233,SPRF-SC,DEL03-SC,UOP02-DEL03-SC,2023
"520320,0",2023-05-01,segunda-feira,03:50:00,SC,101,"206,6",SAO JOSE,Ausência de reação do condutor,Queda de ocupante de veículo,Com Vítimas Fatais,Plena Noite,Decrescente,Céu Claro,Múltipla,Curva,Sim,1,1,0,0,0,0,0,1,-27.5969001,-48.6198513,SPRF-SC,DEL01-SC,UOP01-DEL01-SC,2023
"520339,0",2023-05-01,segunda-feira,07:30:00,SC,101,"103,0",BALNEARIO PICARRAS,Avarias e/ou desgaste excessivo no pneu,Queda de ocupante de veículo,Com Vítimas Feridas,Pleno dia,Decrescente,Céu Claro,Dupla,Reta,Não,1,0,1,0,0,0,1,1,-26.7832381,-48.68314632,SPRF-SC,DEL03-SC,UOP02-DEL03-SC,2023
"520357,0",2023-05-01,segunda-feira,10:30:00,SC,280,"66,9",JARAGUA DO SUL,Acesso irregular,Colisão lateral mesmo sentido,Com Vítimas Feridas,Pleno dia,Decrescente,Nublado,Simples,Reta;Interseção de Vias,Sim,3,0,2,0,1,0,2,2,-26.47606607,-49.09568797,SPRF-SC,DEL03-SC,UOP03-DEL03-SC,2023
"520376,0",2023-05-01,segunda-feira,14:05:00,SC,101,"152,0",PORTO BELO,Ausência de reação do condutor,Colisão com objeto,Com Vítimas Feridas,Pleno dia,Decrescente,Céu Claro,Dupla,Reta,Sim,2,0,2,0,0,0,2,1,-27.13563503,-48.61004665,SPRF-SC,DEL04-SC,UOP03-DEL04-SC,2023
"520387,0",2023-05-01,segunda-feira,11:45:00,SC,282,"204,0",LAGES,Condutor deixou de manter distância do veículo da frente,Colisão traseira,Com Vítimas Feridas,Pleno dia,Crescente,Céu Claro,Simples,Reta,Não,5,0,2,0,3,0,2,2,-27.768663,-50.172195,SPRF-SC,DEL05-SC,UOP01-DEL05-SC,2023
"520395,0",2023-05-01,segunda-feira,15:10:00,SC,280,"9,5",SAO FRANCISCO DO SUL,Demais falhas mecânicas ou elétricas,Tombamento,Com Vítimas Feridas,Pleno dia,Crescente,Céu Claro,Simples,Reta,Sim,3,0,2,0,1,0,2,2,-26.304752,-48.641014,SPRF-SC,DEL03-SC,UOP03-DEL03-SC,2023
"520398,0",2023-05-01,segunda-feira,15:30:00,SC,101,"101,9",BALNEARIO PICARRAS,Avarias e/ou desgaste excessivo no pneu,Tombamento,Com Vítimas Feridas,Pleno dia,Crescente,Céu Claro,Múltipla,Reta,Não,1,0,1,0,0,0,1,1,-26.76404198,-48.68657667,SPRF-SC,DEL03-SC,UOP02-DEL03-SC,2023
"520399,0",2023-05-01,segunda-feira,15:13:00,SC,470,"158,1",TROMBUDO CENTRAL,Condutor deixou de manter distância do veículo da frente,Colisão traseira,Com Vítimas Feridas,Pleno dia,Decrescente,Céu Claro,Simples,Reta,Não,2,0,1,0,1,0,1,2,-27.287016,-49.778389,SPRF-SC,DEL04-SC,UOP02-DEL04-SC,2023
"520400,0",2023-05-01,segunda-feira,14:00:00,SC,282,"512,3",XANXERE,Condutor deixou de manter distância do veículo da frente,Colisão traseira,Com Vítimas Feridas,Pleno dia,Crescente,Céu Claro,Simples,Declive;Reta,Não,4,0,1,0,3,0,1,2,-26.910799,-52.472099,SPRF-SC,DEL07-SC,UOP01-DEL07-SC,2023
"520401,0",2023-05-01,segunda-feira,14:05:00,SC,282,"521,6",XAXIM,Acessar a via sem observar a presença dos outros veículos,Colisão transversal,Com Vítimas Feridas,Pleno dia,Decrescente,Céu Claro,Simples,Aclive;Interseção de Vias,Sim,3,0,1,0,2,0,1,2,-26.95283023,-52.53838062,SPRF-SC,DEL07-SC,UOP01-DEL07-SC,2023
"520412,0",2023-05-01,segunda-feira,16:15:00,SC,101,"152,5",PORTO BELO,Ingestão de álcool pelo condutor,Colisão com objeto,Sem Vítimas,Pleno dia,Crescente,Céu Claro,Dupla,Reta,Não,1,0,0,0,1,0,0,1,-27.16292,-48.61129,SPRF-SC,DEL04-SC,UOP03-DEL04-SC,2023
"520417,0",2023-05-01,segunda-feira,16:10:00,SC,101,"74,5",ARAQUARI,Desrespeitar a preferência no cruzamento,Colisão transversal,Com Vítimas Feridas,Pleno dia,Crescente,Céu Claro,Dupla,Curva,Não,2,0,0,2,0,0,2,2,-26.54446209,-48.71214452,SPRF-SC,DEL03-SC,UOP02-DEL03-SC,2023
"520421,0",2023-05-01,segunda-feira,16:29:00,SC,101,"152,4",PORTO BELO,Condutor deixou de manter distância do veículo da frente,Colisão traseira,Sem Vítimas,Pleno dia,Decrescente,Céu Claro,Dupla,Reta,Não,2,0,0,0,2,0,0,2,-27.16292,-48.61129,SPRF-SC,DEL04-SC,UOP03-DEL04-SC,2023
"520434,0",2023-05-01,segunda-feira,18:15:00,SC,101,"131,0",BALNEARIO CAMBORIU,Ausência de reação do condutor,Colisão traseira,Com Vítimas Feridas,Plena Noite,Decrescente,Céu Claro,Múltipla,Reta,Não,3,0,0,2,1,0,2,2,-26.99064209,-48.66310912,SPRF-SC,DEL04-SC,UOP03-DEL04-SC,2023
"520436,0",2023-05-01,segunda-feira,17:00:00,SC,101,"409,0",ARARANGUA,Reação tardia ou ineficiente do condutor,Colisão com objeto,Com Vítimas Feridas,Pleno dia,Crescente,Céu Claro,Dupla,Curva,Não,5,0,1,0,4,0,1,1,-28.92301797,-49.50272441,SPRF-SC,DEL02-SC,UOP02-DEL02-SC,2023
"520446,0",2023-05-01,segunda-feira,19:15:00,SC,282,"5,5",SAO JOSE,Condutor deixou de manter distância do veículo da frente,Colisão traseira,Com Vítimas Feridas,Plena Noite,Crescente,Céu Claro,Dupla,Curva,Sim,3,0,1,0,1,1,1,2,-27.588425,-48.612919,SPRF-SC,DEL01-SC,UOP01-DEL01-SC,2023
"520484,0",2023-05-01,segunda-feira,18:45:00,SC,280,"81,0",CORUPA,Conversão proibida,Colisão traseira,Com Vítimas Feridas,Plena Noite,Decrescente,Céu Claro,Simples,Reta,Sim,2,0,1,0,1,0,1,2,-26.44057489,-49.217056,SPRF-SC,DEL06-SC,UOP03-DEL06-SC,2023
"520491,0",2023-05-01,segunda-feira,21:15:00,SC,101,"209,0",SAO JOSE,Condutor deixou de manter distância do veículo da frente,Colisão traseira,Sem Vítimas,Plena Noite,Crescente,Céu Claro,Dupla,Reta,Não,2,0,0,0,2,0,0,2,-27.61000542,-48.63895057,SPRF-SC,DEL01-SC,UOP01-DEL01-SC,2023
"520497,0",2023-05-01,segunda-feira,19:30:00,SC,158,"135,0",PALMITOS,Obras na pista,Saída de leito carroçável,Com Vítimas Feridas,Plena Noite,Decrescente,Céu Claro,Simples,Interseção de Vias;Em Obras,Não,1,0,1,0,0,0,1,1,-27.07964683,-53.22476864,SPRF-SC,DEL07-SC,UOP02-DEL07-SC,2023
"520508,0",2023-05-01,segunda-feira,23:05:00,SC,101,"205,6",SAO JOSE,Ausência de reação do condutor,Tombamento,Sem Vítimas,Pleno dia,Crescente,Nublado,Múltipla,Reta,Sim,1,0,0,0,1,0,0,1,-27.58313237,-48.61532885,SPRF-SC,DEL01-SC,UOP01-DEL01-SC,2023
"520526,0",2023-05-01,segunda-feira,22:20:00,SC,101,"282,2",IMBITUBA,Ingestão de álcool pelo condutor,Tombamento,Com Vítimas Feridas,Plena Noite,Crescente,Céu Claro,Múltipla,Rotatória;Interseção de Vias;Viaduto,Sim,2,0,2,0,0,0,2,1,-28.21507192,-48.70017171,SPRF-SC,DEL02-SC,UOP03-DEL02-SC,2023
"520551,0",2023-05-02,terça-feira,02:50:00,SC,101,"122,0",ITAJAI,Animais na Pista,Atropelamento de Animal,Com Vítimas Feridas,Plena Noite,Decrescente,Nevoeiro/Neblina,Dupla,Reta,Sim,1,0,1,0,0,0,1,1,-26.92955916,-48.70499836,SPRF-SC,DEL04-SC,UOP04-DEL04-SC,2023
"520565,0",2023-05-02,terça-feira,07:50:00,SC,101,"206,8",SAO JOSE,Demais falhas mecânicas ou elétricas,Queda de ocupante de veículo,Com Vítimas Feridas,Pleno dia,Crescente,Céu Claro,Múltipla,Reta,Não,1,0,0,1,0,0,1,1,-27.59193546,-48.61824557,SPRF-SC,DEL01-SC,UOP01-DEL01-SC,2023