id,data_inversa,dia_semana,horario,uf,br,km,municipio,causa_acidente,tipo_acidente,classificacao_acidente,fase_dia,sentido_via,condicao_metereologica,tipo_pista,tracado_via,uso_solo,pessoas,mortos,feridos_leves,feridos_graves,ilesos,ignorados,feridos,veiculos,latitude,longitude,regional,delegacia,uop,ano_arquivo
"521340,0",2023-05-06,sábado,08:00:00,SC,101,"209,9",SAO JOSE,Reação tardia ou ineficiente do condutor,Colisão traseira,Sem Vítimas,Pleno dia,Decrescente,Céu Claro,Dupla,Reta,Não,1,0,0,0,1,0,0,1,-27.61000542,-48.63895057,SPRF-SC,DEL01-SC,UOP01-DEL01-SC,2023
"521347,0",2023-04-23,domingo,02:40:00,SC,101,"152,0",ITAPEMA,Ausência de reação do condutor,Colisão traseira,Com Vítimas Feridas,Plena Noite,Decrescente,Céu Claro,Dupla,Reta,Não,3,0,0,2,0,1,2,2,-27.13563503,-48.61004665,SPRF-SC,DEL04-SC,UOP03-DEL04-SC,2023
"521377,0",2023-05-06,sábado,11:15:00,SC,101,"312,9",LAGUNA,Ausência de reação do condutor,Colisão traseira,Com Vítimas Feridas,Pleno dia,Crescente,Céu Claro,Dupla,Ponte;Reta,Não,2,0,1,1,0,0,2,2,-28.43760057,-48.83731842,SPRF-SC,DEL02-SC,UOP01-DEL02-SC,2023
"521379,0",2023-05-06,sábado,10:40:00,SC,101,"117,7",ITAJAI,Pedestre andava na pista,Atropelamento de Pedestre,Com Vítimas Feridas,Pleno dia,Crescente,Sol,Dupla,Reta,Sim,2,0,0,1,0,1,1,2,-26.88747187,-48.72252969,SPRF-SC,DEL04-SC,UOP04-DEL04-SC,2023
"521382,0",2023-05-06,sábado,13:10:00,SC,101,"139,0",BALNEARIO CAMBORIU,Reação tardia ou ineficiente do condutor,Colisão com objeto,Com Vítimas Feridas,Pleno dia,Crescente,Nublado,Dupla,Curva,Não,1,0,0,1,0,0,1,1,-27.02982303,-48.60115006,SPRF-SC,DEL04-SC,UOP03-DEL04-SC,2023
"521398,0",2023-05-06,sábado,11:40:00,SC,101,"337,0",TUBARAO,Avarias e/ou desgaste excessivo no pneu,Tombamento,Com Vítimas Feridas,Pleno dia,Decrescente,Céu Claro,Múltipla,Curva;Aclive,Não,2,0,1,1,0,0,2,1,-28.49077752,-49.03906345,SPRF-SC,DEL02-SC,UOP01-DEL02-SC,2023
"521420,0",2023-05-06,sábado,17:15:00,SC,470,"51,0",BLUMENAU,Demais falhas mecânicas ou elétricas,Incêndio,Sem Vítimas,Anoitecer,Decrescente,Nublado,Dupla,Reta,Sim,1,0,0,0,1,0,0,1,-26.862339,-49.084038,SPRF-SC,DEL04-SC,UOP01-DEL04-SC,2023
"521427,0",2023-05-06,sábado,16:45:00,SC,101,"332,6",TUBARAO,Acessar a via sem observar a presença dos outros veículos,Colisão transversal,Com Vítimas Feridas,Pleno dia,Decrescente,Céu Claro,Múltipla,Interseção de Vias,Sim,2,0,1,0,1,0,1,2,-28.46969958,-49.0150255,SPRF-SC,DEL02-SC,UOP01-DEL02-SC,2023
"521454,0",2023-05-06,sábado,19:15:00,SC,101,"196,9",BIGUACU,Ingestão de álcool pelo condutor,Colisão com objeto,Com Vítimas Feridas,Plena Noite,Crescente,Nublado,Múltipla,Aclive;Curva,Sim,1,0,1,0,0,0,1,1,-27.51101091,-48.64322292,SPRF-SC,DEL01-SC,UOP01-DEL01-SC,2023
"521469,0",2023-05-06,sábado,20:20:00,SC,101,"210,6",SAO JOSE,Ingestão de álcool pelo condutor,Colisão traseira,Sem Vítimas,Plena Noite,Decrescente,Céu Claro,Múltipla,Reta,Não,2,0,0,0,2,0,0,2,-27.6167305,-48.6457265,SPRF-SC,DEL01-SC,UOP01-DEL01-SC,2023
"521476,0",2023-05-06,sábado,21:35:00,SC,101,"203,0",SAO JOSE,Reação tardia ou ineficiente do condutor,Colisão lateral mesmo sentido,Com Vítimas Feridas,Plena Noite,Decrescente,Nublado,Dupla,Reta;Interseção de Vias,Não,2,0,1,0,1,0,1,2,-27.567679,-48.613678,SPRF-SC,DEL01-SC,UOP01-DEL01-SC,2023
"521489,0",2023-05-06,sábado,21:50:00,SC,101,"451,0",SAO JOAO DO SUL,Ausência de reação do condutor,Tombamento,Com Vítimas Feridas,Plena Noite,Crescente,Nublado,Dupla,Reta;Aclive;Viaduto,Não,1,0,1,0,0,0,1,1,-29.17982211,-49.75464372,SPRF-SC,DEL02-SC,UOP02-DEL02-SC,2023
"521494,0",2023-05-06,sábado,23:00:00,SC,280,"56,5",GUARAMIRIM,Retorno proibido,Colisão lateral mesmo sentido,Com Vítimas Feridas,Plena Noite,Crescente,Céu Claro,Dupla,Em Obras,Sim,3,0,0,2,1,0,2,2,-26.47947677,-49.00298702,SPRF-SC,DEL03-SC,UOP03-DEL03-SC,2023
"521495,0",2023-05-06,sábado,22:15:00,SC,101,"182,0",BIGUACU,Velocidade Incompatível,Saída de leito carroçável,Sem Vítimas,Plena Noite,Decrescente,Céu Claro,Múltipla,Reta,Sim,1,0,0,0,1,0,0,1,-27.39798985,-48.6303592,SPRF-SC,DEL01-SC,UOP01-DEL01-SC,2023
"521513,0",2023-05-06,sábado,21:00:00,SC,280,"223,3",TRES BARRAS,Ingestão de álcool e/ou substâncias psicoativas pelo pedestre,Colisão frontal,Com Vítimas Feridas,Plena Noite,Crescente,Nublado,Simples,Reta,Não,3,0,1,2,0,0,3,2,-26.17532694,-50.29413599,SPRF-SC,DEL06-SC,UOP04-DEL06-SC,2023
"521526,0",2023-05-07,domingo,03:10:00,SC,101,"224,0",PALHOCA,Deixar de acionar o farol da motocicleta (ou similar),Colisão traseira,Com Vítimas Feridas,Plena Noite,Decrescente,Céu Claro,Dupla,Reta,Não,4,0,4,0,0,0,4,2,-27.72384789,-48.64386769,SPRF-SC,DEL01-SC,UOP02-DEL01-SC,2023
"521527,0",2023-05-07,domingo,02:57:00,SC,101,"189,1",BIGUACU,Reação tardia ou ineficiente do condutor,Colisão traseira,Sem Vítimas,Plena Noite,Crescente,Garoa/Chuvisco,Dupla,Reta,Não,1,0,0,0,1,0,0,1,-27.459393,-48.638914,SPRF-SC,DEL01-SC,UOP01-DEL01-SC,2023
"521528,0",2023-05-07,domingo,01:50:00,SC,101,"323,5",PESCARIA BRAVA,Demais falhas mecânicas ou elétricas,Incêndio,Sem Vítimas,Plena Noite,Decrescente,Céu Claro,Dupla,Aclive;Curva,Sim,1,0,0,0,1,0,0,1,-28.42568443,-48.93127084,SPRF-SC,DEL02-SC,UOP01-DEL02-SC,2023
"521532,0",2023-05-07,domingo,03:45:00,SC,101,"201,8",SAO JOSE,Reação tardia ou ineficiente do condutor,Atropelamento de Pedestre,Com Vítimas Feridas,Plena Noite,Decrescente,Nublado,Simples,Reta;Interseção de Vias,Sim,3,0,1,0,1,1,1,2,-27.54836599,-48.61977975,SPRF-SC,DEL01-SC,UOP01-DEL01-SC,2023
"521543,0",2023-05-07,domingo,05:30:00,SC,101,"133,0",BALNEARIO CAMBORIU,Ausência de reação do condutor,Saída de leito carroçável,Sem Vítimas,Amanhecer,Decrescente,Nublado,Múltipla,Reta,Sim,1,0,0,0,1,0,0,1,-26.99936,-48.64609,SPRF-SC,DEL04-SC,UOP03-DEL04-SC,2023
"521547,0",2023-05-06,sábado,20:45:00,SC,470,"68,0",INDAIAL,Velocidade Incompatível,Colisão lateral mesmo sentido,Com Vítimas Feridas,Plena Noite,Crescente,Nublado,Dupla,Reta,Sim,3,0,1,0,1,1,1,3,-26.877615,-49.239231,SPRF-SC,DEL04-SC,UOP01-DEL04-SC,2023
"521548,0",2023-05-06,sábado,21:15:00,SC,470,"67,0",INDAIAL,Sinalização mal posicionada,Colisão com objeto,Com Vítimas Feridas,Plena Noite,Decrescente,Nublado,Dupla,Reta;Em Obras,Não,1,0,1,0,0,0,1,1,-26.872158,-49.23127,SPRF-SC,DEL04-SC,UOP01-DEL04-SC,2023
"521550,0",2023-05-07,domingo,05:30:00,SC,101,"443,3",SANTA ROSA DO SUL,Velocidade Incompatível,Saída de leito carroçável,Com Vítimas Feridas,Amanhecer,Crescente,Céu Claro,Múltipla,Reta,Sim,2,0,1,0,1,0,1,1,-29.13223626,-49.69660393,SPRF-SC,DEL02-SC,UOP02-DEL02-SC,2023
"521553,0",2023-05-07,domingo,07:15:00,SC,101,"200,5",SAO JOSE,Ausência de reação do condutor,Colisão traseira,Com Vítimas Fatais,Pleno dia,Crescente,Céu Claro,Múltipla,Reta,Sim,2,1,0,1,0,0,1,2,-27.5439692,-48.6207139,SPRF-SC,DEL01-SC,UOP01-DEL01-SC,2023
"521597,0",2023-05-07,domingo,13:50:00,SC,101,"157,0",PORTO BELO,Ausência de reação do condutor,Colisão traseira,Com Vítimas Feridas,Pleno dia,Decrescente,Céu Claro,Dupla,Reta,Sim,3,0,2,1,0,0,3,2,-27.181625,-48.6121179,SPRF-SC,DEL04-SC,UOP03-DEL04-SC,2023
"521613,0",2023-05-07,domingo,16:16:00,SC,101,"235,0",PALHOCA,Estacionar ou parar em local proibido,Eventos atípicos,Com Vítimas Feridas,Pleno dia,Crescente,Céu Claro,Dupla,Aclive;Reta,Não,7,0,1,1,4,1,2,6,-27.8177775,-48.6315025,SPRF-SC,DEL01-SC,UOP02-DEL01-SC,2023
"521618,0",2023-05-07,domingo,17:00:00,SC,470,"53,0",BLUMENAU,Acessar a via sem observar a presença dos outros veículos,Colisão transversal,Com Vítimas Feridas,Pleno dia,Crescente,Céu Claro,Simples,Rotatória;Interseção de Vias,Sim,3,0,1,0,2,0,1,2,-26.86519482,-49.09972429,SPRF-SC,DEL04-SC,UOP01-DEL04-SC,2023
"521625,0",2023-05-07,domingo,18:00:00,SC,101,"208,0",SAO JOSE,Demais falhas mecânicas ou elétricas,Tombamento,Com Vítimas Feridas,Plena Noite,Decrescente,Nublado,Dupla,Reta,Sim,2,0,2,0,0,0,2,1,-27.60327979,-48.63201818,SPRF-SC,DEL01-SC,UOP01-DEL01-SC,2023
"521626,0",2023-05-07,domingo,17:30:00,SC,280,"125,0",RIO NEGRINHO,Acessar a via sem observar a presença dos outros veículos,Colisão lateral mesmo sentido,Com Vítimas Feridas,Anoitecer,Crescente,Céu Claro,Simples,Reta,Não,4,0,1,0,3,0,1,2,-26.23763684,-49.48434497,SPRF-SC,DEL06-SC,UOP03-DEL06-SC,2023
"521648,0",2023-05-07,domingo,17:30:00,SC,153,"63,6",IRANI,Ingestão de álcool pelo condutor,Saída de leito carroçável,Com Vítimas Feridas,Anoitecer,Crescente,Céu Claro,Simples,Reta,Sim,2,0,1,0,0,1,1,1,-26.994884,-51.87051,SPRF-SC,DEL07-SC,UOP04-DEL07-SC,2023
"521666,0",2023-05-07,domingo,21:55:00,SC,101,"118,0",ITAJAI,Ausência de reação do condutor,Saída de leito carroçável,Com Vítimas Fatais,Plena Noite,Decrescente,Céu Claro,Múltipla,Reta,Sim,2,1,0,1,0,0,1,1,-26.89615243,-48.71863604,SPRF-SC,DEL04-SC,UOP04-DEL04-SC,2023
"521668,0",2023-05-07,domingo,21:30:00,SC,101,"416,2",ARARANGUA,Acessar a via sem observar a presença dos outros veículos,Colisão transversal,Com Vítimas Feridas,Plena Noite,Crescente,Nublado,Múltipla,Interseção de Vias,Sim,2,0,0,1,1,0,1,2,-28.973648,-49.530426,SPRF-SC,DEL02-SC,UOP02-DEL02-SC,2023
"521680,0",2023-05-07,domingo,23:20:00,SC,101,"128,0",BALNEARIO CAMBORIU,Ingestão de álcool pelo condutor,Saída de leito carroçável,Sem Vítimas,Plena Noite,Decrescente,Chuva,Dupla,Reta,Sim,2,0,0,0,2,0,0,1,-26.97284292,-48.68299451,SPRF-SC,DEL04-SC,UOP04-DEL04-SC,2023
"521683,0",2023-05-07,domingo,21:30:00,SC,153,"67,0",IRANI,Reação tardia ou ineficiente do condutor,Tombamento,Com Vítimas Feridas,Plena Noite,Crescente,Chuva,Simples,Curva;Declive,Não,1,0,1,0,0,0,1,1,-27.026777,-51.884796,SPRF-SC,DEL07-SC,UOP04-DEL07-SC,2023
"521692,0",2023-05-08,segunda-feira,01:00:00,SC,101,"140,0",BALNEARIO CAMBORIU,Ingestão de álcool pelo condutor,Saída de leito carroçável,Sem Vítimas,Plena Noite,Crescente,Chuva,Múltipla,Declive,Não,2,0,0,0,2,0,0,1,-27.03881189,-48.60025148,SPRF-SC,DEL04-SC,UOP03-DEL04-SC,2023
"521693,0",2023-05-08,segunda-feira,00:45:00,SC,101,"139,0",BALNEARIO CAMBORIU,Ingestão de álcool pelo condutor,Saída de leito carroçável,Sem Vítimas,Plena Noite,Crescente,Garoa/Chuvisco,Dupla,Curva,Sim,1,0,0,0,1,0,0,1,-27.02982303,-48.60115006,SPRF-SC,DEL04-SC,UOP03-DEL04-SC,2023
"521696,0",2023-05-08,segunda-feira,01:30:00,SC,101,"210,0",SAO JOSE,Trafegar com motocicleta (ou similar) entre as faixas,Colisão traseira,Com Vítimas Feridas,Plena Noite,Decrescente,Céu Claro,Múltipla,Reta;Interseção de Vias,Sim,4,0,1,0,3,0,1,2,-27.6167305,-48.6457265,SPRF-SC,DEL01-SC,UOP01-DEL01-SC,2023
"521702,0",2023-05-08,segunda-feira,02:05:00,SC,101,"233,3",PALHOCA,Velocidade Incompatível,Tombamento,Com Vítimas Feridas,Plena Noite,Crescente,Céu Claro,Dupla,Curva;Declive,Não,1,0,0,1,0,0,1,1,-27.80376397,-48.63826211,SPRF-SC,DEL01-SC,UOP02-DEL01-SC,2023
"521714,0",2023-05-08,segunda-feira,04:30:00,SC,280,"56,0",GUARAMIRIM,Velocidade Incompatível,Colisão com objeto,Com Vítimas Feridas,Plena Noite,Crescente,Céu Claro,Dupla,Rotatória,Sim,1,0,1,0,0,0,1,1,-26.47947677,-49.00298702,SPRF-SC,DEL03-SC,UOP03-DEL03-SC,2023
"521737,0",2023-05-08,segunda-feira,07:00:00,SC,101,"151,0",ITAPEMA,Ultrapassagem Indevida,Colisão lateral mesmo sentido,Com Vítimas Feridas,Pleno dia,Crescente,Nublado,Múltipla,Interseção de Vias,Sim,2,0,0,1,1,0,1,2,-27.126536,-48.609642,SPRF-SC,DEL04-SC,UOP03-DEL04-SC,2023
"521752,0",2023-03-25,sábado,22:40:00,SC,101,"15,0",GARUVA,Reação tardia ou ineficiente do condutor,Queda de ocupante de veículo,Com Vítimas Feridas,Plena Noite,Decrescente,Nublado,Dupla,Reta,Não,2,0,2,0,0,0,2,1,-26.10609917,-48.87224159,SPRF-SC,DEL03-SC,UOP01-DEL03-SC,2023
"521760,0",2023-05-06,sábado,11:20:00,SC,282,"216,0",LAGES,Retorno proibido,Colisão lateral mesmo sentido,Com Vítimas Feridas,Pleno dia,Decrescente,Céu Claro,Simples,Reta,Não,3,0,1,0,2,0,1,2,-27.797529,-50.291862,SPRF-SC,DEL05-SC,UOP01-DEL05-SC,2023
"521762,0",2023-05-08,segunda-feira,03:45:00,SC,116,"65,7",PAPANDUVA,Condutor Dormindo,Saída de leito carroçável,Com Vítimas Feridas,Plena Noite,Decrescente,Chuva,Simples,Reta;Declive,Não,1,0,1,0,0,0,1,1,-26.42445099,-50.2281171,SPRF-SC,DEL06-SC,UOP02-DEL06-SC,2023
"521764,0",2023-05-08,segunda-feira,09:20:00,SC,470,"66,0",INDAIAL,Demais falhas mecânicas ou elétricas,Colisão traseira,Sem Vítimas,Pleno dia,Crescente,Nublado,Simples,Aclive;Rotatória,Não,3,0,0,0,3,0,0,2,-26.870407,-49.221844,SPRF-SC,DEL04-SC,UOP01-DEL04-SC,2023
"521766,0",2023-05-08,segunda-feira,09:40:00,SC,101,"373,0",ICARA,Avarias e/ou desgaste excessivo no pneu,Saída de leito carroçável,Sem Vítimas,Pleno dia,Crescente,Céu Claro,Dupla,Reta,Sim,1,0,0,0,1,0,0,1,-28.7132671,-49.21763596,SPRF-SC,DEL02-SC,UOP01-DEL02-SC,2023
"521789,0",2023-05-08,segunda-feira,11:45:00,SC,101,"436,4",SOMBRIO,Ausência de reação do condutor,Colisão traseira,Com Vítimas Feridas,Pleno dia,Decrescente,Céu Claro,Dupla,Curva;Declive,Sim,3,0,1,0,2,0,1,2,-29.1209176,-49.64247465,SPRF-SC,DEL02-SC,UOP02-DEL02-SC,2023
"521791,0",2023-05-08,segunda-feira,10:45:00,SC,101,"443,7",SANTA ROSA DO SUL,Desrespeitar a preferência no cruzamento,Colisão transversal,Com Vítimas Feridas,Pleno dia,Crescente,Céu Claro,Múltipla,Viaduto,Sim,2,0,0,1,1,0,1,2,-29.13691929,-49.71196532,SPRF-SC,DEL02-SC,UOP02-DEL02-SC,2023
"521795,0",2023-04-21,sexta-feira,06:15:00,SC,280,"160,5",MAFRA,Reação tardia ou ineficiente do condutor,Colisão lateral sentido oposto,Com Vítimas Feridas,Amanhecer,Decrescente,Céu Claro,Simples,Curva,Não,6,0,2,0,4,0,2,3,-26.20326113,-49.77128799,SPRF-SC,DEL06-SC,UOP03-DEL06-SC,2023
"521796,0",2023-05-08,segunda-feira,12:30:00,SC,470,"2,0",NAVEGANTES,Acessar a via sem observar a presença dos outros veículos,Colisão transversal,Com Vítimas Feridas,Pleno dia,Decrescente,Céu Claro,Dupla,Reta,Sim,2,0,1,0,1,0,1,2,-26.868551,-48.674831,SPRF-SC,DEL04-SC,UOP04-DEL04-SC,2023
"521809,0",2023-05-08,segunda-feira,14:50:00,SC,101,"215,0",PALHOCA,Condutor deixou de manter distância do veículo da frente,Colisão traseira,Com Vítimas Feridas,Pleno dia,Crescente,Nublado,Dupla,Reta;Aclive,Sim,3,0,1,0,2,0,1,2,-27.65184843,-48.67604941,SPRF-SC,DEL01-SC,UOP02-DEL01-SC,2023
"521816,0",2023-04-03,segunda-feira,00:08:00,SC,101,"203,0",SAO JOSE,Ausência de reação do condutor,Colisão lateral mesmo sentido,Com Vítimas Feridas,Plena Noite,Decrescente,Ignorado,Múltipla,Reta;Interseção de Vias,Sim,2,0,1,0,1,0,1,2,-27.5650044,-48.61460082,SPRF-SC,DEL01-SC,UOP01-DEL01-SC,2023
"521837,0",2023-05-08,segunda-feira,18:00:00,SC,101,"214,8",PALHOCA,Condutor deixou de manter distância do veículo da frente,Colisão lateral mesmo sentido,Com Vítimas Feridas,Anoitecer,Crescente,Nublado,Múltipla,Reta,Não,3,0,0,2,1,0,2,2,-27.64443,-48.67057,SPRF-SC,DEL01-SC,UOP02-DEL01-SC,2023
"521845,0",2023-05-08,segunda-feira,17:05:00,SC,101,"412,0",ARARANGUA,Condutor deixou de manter distância do veículo da frente,Colisão traseira,Com Vítimas Feridas,Pleno dia,Crescente,Céu Claro,Simples,Reta,Sim,2,0,0,1,1,0,1,2,-28.939333,-49.497513,SPRF-SC,DEL02-SC,UOP02-DEL02-SC,2023
"521874,0",2023-05-08,segunda-feira,19:25:00,SC,101,"131,0",BALNEARIO CAMBORIU,Modificação proibida,Colisão transversal,Com Vítimas Feridas,Plena Noite,Crescente,Céu Claro,Simples,Reta,Sim,2,0,1,0,1,0,1,2,-26.99064209,-48.66310912,SPRF-SC,DEL04-SC,UOP03-DEL04-SC,2023
"521916,0",2023-05-09,terça-feira,02:55:00,SC,101,"185,0",BIGUACU,Condutor Dormindo,Saída de leito carroçável,Com Vítimas Feridas,Plena Noite,Crescente,Céu Claro,Dupla,Curva,Não,1,0,1,0,0,0,1,1,-27.42536698,-48.62465876,SPRF-SC,DEL01-SC,UOP01-DEL01-SC,2023
"521917,0",2023-05-09,terça-feira,01:00:00,SC,282,"211,0",LAGES,Condutor Dormindo,Saída de leito carroçável,Com Vítimas Feridas,Plena Noite,Crescente,Céu Claro,Simples,Reta;Declive,Não,1,0,1,0,0,0,1,1,-27.780222,-50.241741,SPRF-SC,DEL05-SC,UOP01-DEL05-SC,2023
"521939,0",2023-05-09,terça-feira,07:40:00,SC,101,"335,0",TUBARAO,Acessar a via sem observar a presença dos outros veículos,Colisão transversal,Com Vítimas Feridas,Pleno dia,Decrescente,Céu Claro,Dupla,Rotatória,Sim,2,0,1,0,1,0,1,2,-28.476612,-49.02973,SPRF-SC,DEL02-SC,UOP01-DEL02-SC,2023
"521941,0",2023-05-09,terça-feira,07:55:00,SC,101,"87,1",BARRA VELHA,Objeto estático sobre o leito carroçável,Colisão com objeto,Com Vítimas Feridas,Pleno dia,Decrescente,Nublado,Múltipla,Curva,Sim,1,0,0,1,0,0,1,1,-26.63713377,-48.69651057,SPRF-SC,DEL03-SC,UOP02-DEL03-SC,2023
"521957,0",2023-05-09,terça-feira,08:30:00,SC,280,"29,0",ARAQUARI,Acessar a via sem observar a presença dos outros veículos,Colisão transversal,Com Vítimas Feridas,Pleno dia,Decrescente,Nublado,Simples,Reta,Sim,2,0,1,0,1,0,1,2,-26.41066264,-48.75295628,SPRF-SC,DEL03-SC,UOP03-DEL03-SC,2023
"521990,0",2023-05-09,terça-feira,13:20:00,SC,101,"210,6",SAO JOSE,Trafegar com motocicleta (ou similar) entre as faixas,Colisão traseira,Com Vítimas Feridas,Pleno dia,Decrescente,Sol,Simples,Reta,Sim,2,0,1,0,1,0,1,2,-27.6167305,-48.6457265,SPRF-SC,DEL01-SC,UOP01-DEL01-SC,2023
"522004,0",2023-05-09,terça-feira,14:53:00,SC,116,"6,9",MAFRA,Pedestre cruzava a pista fora da faixa,Atropelamento de Pedestre,Com Vítimas Feridas,Pleno dia,Decrescente,Nublado,Simples,Reta;Interseção de Vias,Sim,4,0,0,1,3,0,1,2,-26.14644691,-49.82305806,SPRF-SC,DEL06-SC,UOP01-DEL06-SC,2023
"522022,0",2023-05-09,terça-feira,17:15:00,SC,280,"123,0",RIO NEGRINHO,Acessar a via sem observar a presença dos outros veículos,Colisão frontal,Com Vítimas Feridas,Pleno dia,Decrescente,Céu Claro,Simples,Reta,Não,2,0,1,0,1,0,1,2,-26.24420169,-49.46557991,SPRF-SC,DEL06-SC,UOP03-DEL06-SC,2023
"522059,0",2023-05-09,terça-feira,20:40:00,SC,101,"443,0",SANTA ROSA DO SUL,Desrespeitar a preferência no cruzamento,Colisão transversal,Com Vítimas Feridas,Plena Noite,Decrescente,Céu Claro,Simples,Interseção de Vias,Sim,2,0,1,0,1,0,1,2,-29.13717787,-49.71149325,SPRF-SC,DEL02-SC,UOP02-DEL02-SC,2023
"522066,0",2023-05-09,terça-feira,22:35:00,SC,101,"180,5",GOVERNADOR CELSO RAMOS,Ausência de reação do condutor,Colisão traseira,Com Vítimas Feridas,Plena Noite,Crescente,Céu Claro,Dupla,Reta,Sim,3,0,2,0,0,1,2,2,-27.3811238,-48.63090648,SPRF-SC,DEL01-SC,UOP01-DEL01-SC,2023
"522073,0",2023-05-10,quarta-feira,01:45:00,SC,101,"198,9",SAO JOSE,Reação tardia ou ineficiente do condutor,Colisão traseira,Com Vítimas Feridas,Plena Noite,Crescente,Nublado,Dupla,Curva;Interseção de Vias,Sim,3,0,2,0,0,1,2,2,-27.52658712,-48.63506019,SPRF-SC,DEL01-SC,UOP01-DEL01-SC,2023
"522081,0",2023-05-10,quarta-feira,04:50:00,SC,280,"50,0",GUARAMIRIM,Pista em desnível,Queda de ocupante de veículo,Com Vítimas Feridas,Plena Noite,Crescente,Nublado,Dupla,Reta;Declive,Não,2,0,2,0,0,0,2,1,-26.4619489,-48.94618404,SPRF-SC,DEL03-SC,UOP03-DEL03-SC,2023
"522087,0",2023-05-10,quarta-feira,06:30:00,SC,280,"51,0",GUARAMIRIM,Afundamento ou ondulação no pavimento,Queda de ocupante de veículo,Com Vítimas Feridas,Amanhecer,Crescente,Céu Claro,Simples,Reta,Sim,1,0,1,0,0,0,1,1,-26.46538871,-48.95544449,SPRF-SC,DEL03-SC,UOP03-DEL03-SC,2023
"522091,0",2023-05-10,quarta-feira,07:00:00,SC,101,"42,0",JOINVILLE,Reação tardia ou ineficiente do condutor,Colisão traseira,Com Vítimas Feridas,Pleno dia,Decrescente,Céu Claro,Dupla,Reta,Não,3,0,1,0,2,0,1,3,-26.29251598,-48.88474385,SPRF-SC,DEL03-SC,UOP01-DEL03-SC,2023
"522138,0",2023-05-10,quarta-feira,12:00:00,SC,101,"216,0",PALHOCA,Reação tardia ou ineficiente do condutor,Colisão traseira,Sem Vítimas,Pleno dia,Decrescente,Céu Claro,Dupla,Curva;Interseção de Vias,Sim,3,0,0,0,3,0,0,2,-27.65981409,-48.67747798,SPRF-SC,DEL01-SC,UOP02-DEL01-SC,2023
"522145,0",2023-05-10,quarta-feira,12:00:00,SC,101,"45,0",JOINVILLE,Acessar a via sem observar a presença dos outros veículos,Colisão transversal,Com Vítimas Feridas,Pleno dia,Crescente,Nublado,Dupla,Aclive;Interseção de Vias,Sim,2,0,2,0,0,0,2,2,-26.32214492,-48.8689509,SPRF-SC,DEL03-SC,UOP01-DEL03-SC,2023
"522162,0",2023-05-10,quarta-feira,15:00:00,SC,470,"45,0",BLUMENAU,Ausência de reação do condutor,Colisão traseira,Com Vítimas Feridas,Pleno dia,Crescente,Céu Claro,Simples,Reta,Sim,2,0,1,0,1,0,1,2,-26.867064,-49.031109,SPRF-SC,DEL04-SC,UOP01-DEL04-SC,2023
"522183,0",2023-05-10,quarta-feira,11:30:00,SC,101,"423,5",ARARANGUA,Manobra de mudança de faixa,Colisão traseira,Com Vítimas Feridas,Pleno dia,Crescente,Céu Claro,Dupla,Reta;Aclive,Não,6,0,1,0,5,0,1,2,-29.01106757,-49.57413825,SPRF-SC,DEL02-SC,UOP02-DEL02-SC,2023
"522187,0",2023-05-10,quarta-feira,16:00:00,SC,101,"162,0",TIJUCAS,Reação tardia ou ineficiente do condutor,Saída de leito carroçável,Com Vítimas Feridas,Pleno dia,Decrescente,Céu Claro,Múltipla,Reta,Sim,1,0,1,0,0,0,1,1,-27.22554009,-48.6279367,SPRF-SC,DEL04-SC,UOP03-DEL04-SC,2023
"522189,0",2023-05-10,quarta-feira,17:25:00,SC,280,"125,5",RIO NEGRINHO,Acesso irregular,Colisão transversal,Com Vítimas Feridas,Pleno dia,Crescente,Céu Claro,Simples,Declive,Não,2,0,0,1,1,0,1,2,-26.23763684,-49.48434497,SPRF-SC,DEL06-SC,UOP03-DEL06-SC,2023
"522204,0",2023-05-10,quarta-feira,18:25:00,SC,280,"81,0",CORUPA,Acessar a via sem observar a presença dos outros veículos,Colisão transversal,Com Vítimas Feridas,Plena Noite,Decrescente,Céu Claro,Simples,Reta,Não,2,0,1,0,1,0,1,2,-26.44057489,-49.217056,SPRF-SC,DEL06-SC,UOP03-DEL06-SC,2023
"522207,0",2023-05-10,quarta-feira,19:00:00,SC,470,"157,7",TROMBUDO CENTRAL,Ausência de reação do condutor,Saída de leito carroçável,Com Vítimas Feridas,Plena Noite,Decrescente,Céu Claro,Simples,Curva,Não,1,0,1,0,0,0,1,1,-27.2853368,-49.76592064,SPRF-SC,DEL04-SC,UOP02-DEL04-SC,2023
"522213,0",2023-05-10,quarta-feira,19:00:00,SC,101,"150,0",ITAPEMA,Acessar a via sem observar a presença dos outros veículos,Colisão transversal,Com Vítimas Feridas,Plena Noite,Decrescente,Céu Claro,Dupla,Reta,Não,2,0,1,0,1,0,1,2,-27.11744799,-48.60940987,SPRF-SC,DEL04-SC,UOP03-DEL04-SC,2023
"522218,0",2023-05-10,quarta-feira,20:30:00,SC,101,"197,5",BIGUACU,Reação tardia ou ineficiente do condutor,Colisão com objeto,Com Vítimas Feridas,Pleno dia,Crescente,Céu Claro,Dupla,Reta;Declive,Sim,1,0,1,0,0,0,1,1,-27.51844497,-48.63848496,SPRF-SC,DEL01-SC,UOP01-DEL01-SC,2023