id,data_inversa,dia_semana,horario,uf,br,km,municipio,causa_acidente,tipo_acidente,classificacao_acidente,fase_dia,sentido_via,condicao_metereologica,tipo_pista,tracado_via,uso_solo,pessoas,mortos,feridos_leves,feridos_graves,ilesos,ignorados,feridos,veiculos,latitude,longitude,regional,delegacia,uop,ano_arquivo
"522259,0",2023-05-11,quinta-feira,06:32:00,SC,101,"199,0",SAO JOSE,Manobra de mudança de faixa,Colisão transversal,Com Vítimas Feridas,Pleno dia,Crescente,Céu Claro,Dupla,Reta;Interseção de Vias,Sim,6,0,4,0,1,1,4,2,-27.53413705,-48.63003205,SPRF-SC,DEL01-SC,UOP01-DEL01-SC,2023
"522267,0",2023-05-11,quinta-feira,07:39:00,SC,101,"213,4",PALHOCA,Manobra de mudança de faixa,Colisão lateral mesmo sentido,Com Vítimas Feridas,Pleno dia,Decrescente,Céu Claro,Múltipla,Reta,Não,2,0,1,0,1,0,1,2,-27.63697369,-48.66514142,SPRF-SC,DEL01-SC,UOP02-DEL01-SC,2023
"522271,0",2023-05-11,quinta-feira,07:17:00,SC,101,"211,0",PALHOCA,Trafegar com motocicleta (ou similar) entre as faixas,Colisão lateral mesmo sentido,Com Vítimas Feridas,Pleno dia,Decrescente,Céu Claro,Simples,Reta,Sim,2,0,0,1,1,0,1,2,-27.62519173,-48.65427375,SPRF-SC,DEL01-SC,UOP02-DEL01-SC,2023
"522276,0",2023-05-11,quinta-feira,07:50:00,SC,101,"203,8",SAO JOSE,Trafegar com motocicleta (ou similar) entre as faixas,Colisão lateral mesmo sentido,Com Vítimas Feridas,Pleno dia,Crescente,Céu Claro,Dupla,Reta,Não,2,0,0,1,1,0,1,2,-27.5650044,-48.61460082,SPRF-SC,DEL01-SC,UOP01-DEL01-SC,2023
"522296,0",2023-05-11,quinta-feira,09:10:00,SC,280,"128,8",RIO NEGRINHO,Acessar a via sem observar a presença dos outros veículos,Colisão frontal,Com Vítimas Feridas,Pleno dia,Decrescente,Sol,Simples,Interseção de Vias;Reta,Sim,2,0,1,0,1,0,1,2,-26.25414441,-49.53486443,SPRF-SC,DEL06-SC,UOP03-DEL06-SC,2023
"522324,0",2023-05-11,quinta-feira,11:45:00,SC,101,"23,1",JOINVILLE,Ausência de reação do condutor,Saída de leito carroçável,Com Vítimas Feridas,Pleno dia,Crescente,Céu Claro,Dupla,Reta,Sim,1,0,1,0,0,0,1,1,-26.16582501,-48.90742427,SPRF-SC,DEL03-SC,UOP01-DEL03-SC,2023
"522343,0",2023-05-11,quinta-feira,14:30:00,SC,101,"201,0",SAO JOSE,Trafegar com motocicleta (ou similar) entre as faixas,Colisão lateral mesmo sentido,Com Vítimas Feridas,Pleno dia,Decrescente,Céu Claro,Múltipla,Reta,Sim,6,0,0,1,4,1,1,4,-27.55378313,-48.61912072,SPRF-SC,DEL01-SC,UOP01-DEL01-SC,2023
"522378,0",2023-05-11,quinta-feira,17:00:00,SC,101,"84,0",BARRA VELHA,Reação tardia ou ineficiente do condutor,Tombamento,Com Vítimas Feridas,Pleno dia,Decrescente,Céu Claro,Dupla,Reta,Não,1,0,1,0,0,0,1,1,-26.62404682,-48.71394986,SPRF-SC,DEL03-SC,UOP02-DEL03-SC,2023
"522396,0",2023-05-11,quinta-feira,18:00:00,SC,470,"50,3",BLUMENAU,Pedestre cruzava a pista fora da faixa,Atropelamento de Pedestre,Com Vítimas Feridas,Plena Noite,Decrescente,Ignorado,Dupla,Reta,Sim,2,0,1,1,0,0,2,2,-26.859768,-49.074493,SPRF-SC,DEL04-SC,UOP01-DEL04-SC,2023
"522406,0",2023-05-11,quinta-feira,17:45:00,SC,101,"150,0",ITAPEMA,Trafegar com motocicleta (ou similar) entre as faixas,Colisão traseira,Com Vítimas Feridas,Pleno dia,Decrescente,Sol,Dupla,Reta,Sim,2,0,1,0,1,0,1,2,-27.11744799,-48.60940987,SPRF-SC,DEL04-SC,UOP03-DEL04-SC,2023
"522410,0",2023-05-11,quinta-feira,18:50:00,SC,101,"212,7",PALHOCA,Manobra de mudança de faixa,Colisão lateral mesmo sentido,Com Vítimas Feridas,Plena Noite,Crescente,Céu Claro,Múltipla,Reta,Sim,2,0,1,0,1,0,1,2,-27.63697369,-48.66514142,SPRF-SC,DEL01-SC,UOP02-DEL01-SC,2023
"522417,0",2023-05-11,quinta-feira,19:00:00,SC,101,"232,8",PALHOCA,Demais falhas mecânicas ou elétricas,Incêndio,Sem Vítimas,Plena Noite,Crescente,Céu Claro,Dupla,Aclive,Não,1,0,0,0,1,0,0,1,-27.795666,-48.638153,SPRF-SC,DEL01-SC,UOP02-DEL01-SC,2023
"522446,0",2023-05-11,quinta-feira,22:38:00,SC,101,"195,0",BIGUACU,Transitar na contramão,Colisão transversal,Com Vítimas Feridas,Plena Noite,Crescente,Céu Claro,Dupla,Reta;Interseção de Vias,Sim,2,0,0,1,1,0,1,2,-27.5047092,-48.65010819,SPRF-SC,DEL01-SC,UOP01-DEL01-SC,2023
"522478,0",2023-05-12,sexta-feira,07:10:00,SC,282,"535,4",CHAPECO,Demais Fenômenos da natureza,Colisão com objeto,Sem Vítimas,Pleno dia,Decrescente,Céu Claro,Simples,Reta,Não,2,0,0,0,2,0,0,1,-27.00050076,-52.64883751,SPRF-SC,DEL07-SC,UOP01-DEL07-SC,2023
"522490,0",2023-05-12,sexta-feira,07:48:00,SC,101,"315,0",PESCARIA BRAVA,Desrespeitar a preferência no cruzamento,Colisão frontal,Com Vítimas Feridas,Pleno dia,Crescente,Nublado,Simples,Interseção de Vias,Sim,3,0,0,1,2,0,1,2,-28.42664211,-48.85259628,SPRF-SC,DEL02-SC,UOP01-DEL02-SC,2023
"522515,0",2023-05-12,sexta-feira,09:45:00,SC,101,"214,3",PALHOCA,Desrespeitar a preferência no cruzamento,Colisão transversal,Com Vítimas Feridas,Pleno dia,Crescente,Nublado,Dupla,Interseção de Vias,Sim,2,0,0,1,1,0,1,2,-27.64443,-48.67057,SPRF-SC,DEL01-SC,UOP02-DEL01-SC,2023
"522523,0",2023-03-06,segunda-feira,16:00:00,SC,116,"14,8",MAFRA,Chuva,Saída de leito carroçável,Com Vítimas Feridas,Pleno dia,Crescente,Chuva,Simples,Reta,Não,2,0,2,0,0,0,2,1,-26.1927121,-49.87729374,SPRF-SC,DEL06-SC,UOP01-DEL06-SC,2023
"522525,0",2023-05-12,sexta-feira,07:15:00,SC,101,"201,0",SAO JOSE,Acessar a via sem observar a presença dos outros veículos,Colisão transversal,Com Vítimas Feridas,Pleno dia,Crescente,Céu Claro,Dupla,Interseção de Vias;Reta,Sim,2,0,1,0,1,0,1,2,-27.55188355,-48.619802,SPRF-SC,DEL01-SC,UOP01-DEL01-SC,2023
"522532,0",2023-05-12,sexta-feira,12:30:00,SC,101,"174,7",GOVERNADOR CELSO RAMOS,Demais falhas mecânicas ou elétricas,Incêndio,Sem Vítimas,Pleno dia,Decrescente,Céu Claro,Dupla,Reta,Não,1,0,0,0,1,0,0,1,-27.33081601,-48.62697562,SPRF-SC,DEL01-SC,UOP01-DEL01-SC,2023
"522572,0",2023-05-12,sexta-feira,16:00:00,SC,101,"198,5",BIGUACU,Ausência de reação do condutor,Colisão traseira,Com Vítimas Feridas,Pleno dia,Crescente,Céu Claro,Múltipla,Reta,Não,2,0,1,0,1,0,1,2,-27.52658712,-48.63506019,SPRF-SC,DEL01-SC,UOP01-DEL01-SC,2023
"522594,0",2023-05-12,sexta-feira,17:35:00,SC,280,"28,5",ARAQUARI,Acessar a via sem observar a presença dos outros veículos,Colisão transversal,Com Vítimas Feridas,Anoitecer,Crescente,Céu Claro,Simples,Interseção de Vias;Reta,Sim,2,0,1,0,1,0,1,2,-26.40962873,-48.75165939,SPRF-SC,DEL03-SC,UOP03-DEL03-SC,2023
"522605,0",2023-05-12,sexta-feira,17:50:00,SC,101,"209,0",SAO JOSE,Demais falhas mecânicas ou elétricas,Incêndio,Sem Vítimas,Plena Noite,Crescente,Céu Claro,Múltipla,Reta,Sim,1,0,0,0,1,0,0,1,-27.61000542,-48.63895057,SPRF-SC,DEL01-SC,UOP01-DEL01-SC,2023
"522613,0",2023-05-12,sexta-feira,18:55:00,SC,101,"89,8",BARRA VELHA,Reação tardia ou ineficiente do condutor,Queda de ocupante de veículo,Com Vítimas Feridas,Plena Noite,Decrescente,Céu Claro,Dupla,Reta,Sim,1,0,0,1,0,0,1,1,-26.65175997,-48.68721921,SPRF-SC,DEL03-SC,UOP02-DEL03-SC,2023
"522634,0",2023-05-12,sexta-feira,18:15:00,SC,153,"65,1",IRANI,Acesso irregular,Colisão transversal,Com Vítimas Feridas,Anoitecer,Decrescente,Céu Claro,Simples,Reta,Sim,2,0,0,1,1,0,1,2,-27.011721,-51.876862,SPRF-SC,DEL07-SC,UOP04-DEL07-SC,2023
"522640,0",2023-05-12,sexta-feira,19:50:00,SC,470,"51,6",BLUMENAU,Transitar na contramão,Colisão frontal,Com Vítimas Feridas,Plena Noite,Decrescente,Céu Claro,Simples,Reta,Sim,3,0,1,0,2,0,1,2,-26.862339,-49.084038,SPRF-SC,DEL04-SC,UOP01-DEL04-SC,2023
"522642,0",2023-05-12,sexta-feira,19:45:00,SC,470,"6,0",NAVEGANTES,Reação tardia ou ineficiente do condutor,Tombamento,Com Vítimas Feridas,Plena Noite,Decrescente,Nublado,Dupla,Curva,Sim,1,0,1,0,0,0,1,1,-26.852238,-48.709545,SPRF-SC,DEL04-SC,UOP04-DEL04-SC,2023
"522646,0",2023-05-12,sexta-feira,18:35:00,SC,282,"514,5",XAXIM,Demais falhas mecânicas ou elétricas,Queda de ocupante de veículo,Com Vítimas Feridas,Plena Noite,Crescente,Céu Claro,Simples,Reta,Não,1,0,1,0,0,0,1,1,-26.916084,-52.49052,SPRF-SC,DEL07-SC,UOP01-DEL07-SC,2023
"522648,0",2023-05-12,sexta-feira,19:40:00,SC,470,"85,9",RODEIO,Acessar a via sem observar a presença dos outros veículos,Colisão lateral mesmo sentido,Com Vítimas Feridas,Plena Noite,Decrescente,Céu Claro,Simples,Reta,Não,3,0,2,0,1,0,2,2,-26.956114,-49.350414,SPRF-SC,DEL04-SC,UOP01-DEL04-SC,2023
"522654,0",2023-05-12,sexta-feira,20:00:00,SC,282,"249,0",SAO JOSE DO CERRITO,Demais falhas mecânicas ou elétricas,Incêndio,Sem Vítimas,Plena Noite,Crescente,Nublado,Simples,Curva,Não,1,0,0,0,1,0,0,1,-27.705629,-50.539478,SPRF-SC,DEL05-SC,UOP02-DEL05-SC,2023
"522661,0",2023-05-12,sexta-feira,23:20:00,SC,280,"46,8",GUARAMIRIM,Obras na pista,Tombamento,Com Vítimas Feridas,Plena Noite,Decrescente,Nublado,Simples,Aclive;Reta,Não,1,0,0,1,0,0,1,1,-26.45295055,-48.90788103,SPRF-SC,DEL03-SC,UOP03-DEL03-SC,2023
"522697,0",2023-05-13,sábado,03:50:00,SC,101,"223,0",PALHOCA,Velocidade Incompatível,Colisão com objeto,Sem Vítimas,Plena Noite,Crescente,Céu Claro,Dupla,Reta,Não,1,0,0,0,0,1,0,1,-27.71552634,-48.64881251,SPRF-SC,DEL01-SC,UOP02-DEL01-SC,2023
"522701,0",2023-05-13,sábado,06:20:00,SC,101,"212,9",PALHOCA,Condutor deixou de manter distância do veículo da frente,Colisão traseira,Com Vítimas Feridas,Pleno dia,Decrescente,Céu Claro,Múltipla,Reta,Sim,3,0,2,0,1,0,2,2,-27.62996929,-48.65903871,SPRF-SC,DEL01-SC,UOP02-DEL01-SC,2023
"522725,0",2023-05-13,sábado,08:10:00,SC,101,"212,4",PALHOCA,Trafegar com motocicleta (ou similar) entre as faixas,Colisão lateral mesmo sentido,Com Vítimas Feridas,Pleno dia,Decrescente,Sol,Dupla,Reta,Sim,2,0,1,0,0,1,1,2,-27.62996929,-48.65903871,SPRF-SC,DEL01-SC,UOP02-DEL01-SC,2023
"522733,0",2023-05-13,sábado,08:15:00,SC,280,"125,0",RIO NEGRINHO,Reação tardia ou ineficiente do condutor,Colisão traseira,Com Vítimas Feridas,Pleno dia,Crescente,Céu Claro,Simples,Reta,Não,4,0,2,0,2,0,2,2,-26.23763684,-49.48434497,SPRF-SC,DEL06-SC,UOP03-DEL06-SC,2023
"522787,0",2023-05-13,sábado,12:15:00,SC,158,"107,9",CUNHA PORA,Ultrapassagem Indevida,Colisão frontal,Com Vítimas Feridas,Pleno dia,Decrescente,Céu Claro,Simples,Reta,Não,3,0,1,2,0,0,3,2,-26.87798082,-53.16696167,SPRF-SC,DEL07-SC,UOP02-DEL07-SC,2023
"522794,0",2023-05-13,sábado,15:15:00,SC,101,"194,6",BIGUACU,Ingestão de álcool pelo condutor,Colisão traseira,Sem Vítimas,Pleno dia,Decrescente,Sol,Múltipla,Reta,Sim,2,0,0,0,2,0,0,2,-27.49815117,-48.65661236,SPRF-SC,DEL01-SC,UOP01-DEL01-SC,2023
"522805,0",2023-05-13,sábado,15:50:00,SC,280,"124,9",RIO NEGRINHO,Entrada inopinada do pedestre,Atropelamento de Pedestre,Com Vítimas Feridas,Pleno dia,Crescente,Sol,Simples,Reta,Sim,2,0,1,0,1,0,1,2,-26.23763684,-49.48434497,SPRF-SC,DEL06-SC,UOP03-DEL06-SC,2023
"522807,0",2023-05-13,sábado,16:00:00,SC,101,"202,7",SAO JOSE,Reação tardia ou ineficiente do condutor,Colisão traseira,Com Vítimas Feridas,Pleno dia,Crescente,Céu Claro,Múltipla,Reta,Sim,3,0,0,2,1,0,2,2,-27.55711595,-48.61897889,SPRF-SC,DEL01-SC,UOP01-DEL01-SC,2023
"522811,0",2023-05-13,sábado,16:10:00,SC,470,"57,7",BLUMENAU,Ingestão de substâncias psicoativas pelo condutor,Colisão traseira,Com Vítimas Feridas,Pleno dia,Decrescente,Céu Claro,Simples,Em Obras;Interseção de Vias;Rotatória,Sim,5,0,3,0,2,0,3,3,-26.880428,-49.136532,SPRF-SC,DEL04-SC,UOP01-DEL04-SC,2023
"522816,0",2023-05-13,sábado,15:20:00,SC,282,"6,0",SAO JOSE,Ausência de reação do condutor,Colisão com objeto,Com Vítimas Fatais,Pleno dia,Crescente,Sol,Dupla,Curva,Sim,2,1,0,1,0,0,1,1,-27.585012,-48.617674,SPRF-SC,DEL01-SC,UOP01-DEL01-SC,2023
"522819,0",2023-05-13,sábado,17:20:00,SC,282,"4,6",FLORIANOPOLIS,Reação tardia ou ineficiente do condutor,Colisão traseira,Com Vítimas Feridas,Anoitecer,Crescente,Céu Claro,Múltipla,Reta,Sim,2,0,1,0,1,0,1,2,-27.592646,-48.604034,SPRF-SC,DEL01-SC,UOP01-DEL01-SC,2023
"522824,0",2023-05-13,sábado,17:40:00,SC,101,"208,8",SAO JOSE,Manobra de mudança de faixa,Colisão lateral mesmo sentido,Com Vítimas Feridas,Anoitecer,Decrescente,Céu Claro,Múltipla,Reta,Sim,3,0,1,1,0,1,2,3,-27.60327979,-48.63201818,SPRF-SC,DEL01-SC,UOP01-DEL01-SC,2023
"522827,0",2023-05-13,sábado,18:00:00,SC,116,"2,1",MAFRA,Transitar na contramão,Colisão transversal,Com Vítimas Feridas,Anoitecer,Decrescente,Céu Claro,Simples,Reta,Sim,3,0,0,1,2,0,1,2,-26.12391791,-49.79303212,SPRF-SC,DEL06-SC,UOP01-DEL06-SC,2023
"522831,0",2023-05-13,sábado,18:30:00,SC,101,"185,0",BIGUACU,Acessar a via sem observar a presença dos outros veículos,Colisão frontal,Com Vítimas Feridas,Pleno dia,Crescente,Céu Claro,Dupla,Reta,Sim,2,0,1,0,1,0,1,2,-27.42536698,-48.62465876,SPRF-SC,DEL01-SC,UOP01-DEL01-SC,2023
"522834,0",2023-05-13,sábado,18:40:00,SC,101,"100,0",BALNEARIO PICARRAS,Pedestre cruzava a pista fora da faixa,Atropelamento de Pedestre,Com Vítimas Feridas,Plena Noite,Crescente,Céu Claro,Simples,Reta,Sim,2,0,1,0,1,0,1,2,-26.75781591,-48.68859529,SPRF-SC,DEL03-SC,UOP02-DEL03-SC,2023
"522837,0",2023-05-13,sábado,18:45:00,SC,280,"74,0",JARAGUA DO SUL,Transitar na contramão,Colisão frontal,Com Vítimas Feridas,Anoitecer,Crescente,Céu Claro,Simples,Rotatória,Não,2,0,1,0,1,0,1,2,-26.45877322,-49.16147801,SPRF-SC,DEL03-SC,UOP03-DEL03-SC,2023
"522843,0",2023-05-13,sábado,19:00:00,SC,101,"125,0",ITAJAI,Condutor Dormindo,Saída de leito carroçável,Com Vítimas Feridas,Plena Noite,Decrescente,Céu Claro,Simples,Reta,Sim,1,0,0,1,0,0,1,1,-26.94802427,-48.68338515,SPRF-SC,DEL04-SC,UOP04-DEL04-SC,2023
"522857,0",2023-05-13,sábado,19:30:00,SC,282,"32,6",SANTO AMARO DA IMPERATRIZ,Ingestão de álcool e/ou substâncias psicoativas pelo pedestre,Atropelamento de Pedestre,Com Vítimas Fatais,Plena Noite,Decrescente,Céu Claro,Simples,Reta,Não,3,1,0,0,2,0,0,2,-27.7052216,-48.8059218,SPRF-SC,DEL01-SC,UOP03-DEL01-SC,2023
"522881,0",2023-05-13,sábado,18:10:00,SC,101,"397,5",MARACAJA,Reação tardia ou ineficiente do condutor,Colisão traseira,Com Vítimas Feridas,Plena Noite,Crescente,Céu Claro,Múltipla,Curva,Não,2,0,1,0,0,1,1,2,-28.84846615,-49.4346268,SPRF-SC,DEL02-SC,UOP02-DEL02-SC,2023
"522887,0",2023-05-13,sábado,20:50:00,SC,280,"56,0",GUARAMIRIM,Retorno proibido,Colisão transversal,Com Vítimas Feridas,Plena Noite,Decrescente,Céu Claro,Simples,Reta;Desvio Temporário,Sim,5,0,2,0,3,0,2,2,-26.47947677,-49.00298702,SPRF-SC,DEL03-SC,UOP03-DEL03-SC,2023
"522916,0",2023-05-13,sábado,19:30:00,SC,101,"289,0",IMBITUBA,Animais na Pista,Atropelamento de Animal,Sem Vítimas,Plena Noite,Crescente,Céu Claro,Múltipla,Aclive;Reta,Sim,1,0,0,0,1,0,0,1,-28.25395282,-48.70289554,SPRF-SC,DEL02-SC,UOP03-DEL02-SC,2023
"522920,0",2023-05-13,sábado,23:50:00,SC,280,"167,2",MAFRA,Ausência de reação do condutor,Colisão com objeto,Sem Vítimas,Plena Noite,Crescente,Céu Claro,Simples,Reta,Sim,1,0,0,0,0,1,0,1,-26.15338671,-49.8128593,SPRF-SC,DEL06-SC,UOP01-DEL06-SC,2023
"522936,0",2023-05-14,domingo,00:15:00,SC,282,"19,0",PALHOCA,Ausência de reação do condutor,Colisão com objeto,Com Vítimas Feridas,Plena Noite,Decrescente,Céu Claro,Simples,Reta;Interseção de Vias;Viaduto;Em Obras,Não,1,0,1,0,0,0,1,1,-27.67946172,-48.70278955,SPRF-SC,DEL01-SC,UOP02-DEL01-SC,2023
"522945,0",2023-05-14,domingo,03:00:00,SC,280,"240,0",CANOINHAS,Velocidade Incompatível,Capotamento,Sem Vítimas,Plena Noite,Decrescente,Céu Claro,Simples,Reta;Aclive,Não,1,0,0,0,0,1,0,1,-26.2173631,-50.45390288,SPRF-SC,DEL06-SC,UOP04-DEL06-SC,2023
"522948,0",2023-05-14,domingo,02:50:00,SC,280,"118,0",SAO BENTO DO SUL,Transitar na contramão,Colisão transversal,Com Vítimas Feridas,Plena Noite,Decrescente,Nevoeiro/Neblina,Simples,Reta,Não,4,0,1,0,2,1,1,2,-26.26608202,-49.42467403,SPRF-SC,DEL06-SC,UOP03-DEL06-SC,2023
"522964,0",2023-05-14,domingo,06:20:00,SC,101,"181,6",BIGUACU,Condutor Dormindo,Colisão com objeto,Com Vítimas Feridas,Amanhecer,Crescente,Céu Claro,Dupla,Reta,Sim,1,0,0,1,0,0,1,1,-27.38958699,-48.63197593,SPRF-SC,DEL01-SC,UOP01-DEL01-SC,2023
"522985,0",2023-05-14,domingo,03:50:00,SC,282,"125,1",BOM RETIRO,Reação tardia ou ineficiente do condutor,Saída de leito carroçável,Com Vítimas Feridas,Plena Noite,Decrescente,Nevoeiro/Neblina,Simples,Curva,Não,1,0,0,1,0,0,1,1,-27.806303,-49.46027,SPRF-SC,DEL05-SC,UOP01-DEL05-SC,2023
"522986,0",2023-05-14,domingo,05:50:00,SC,282,"126,2",BOM RETIRO,Pedestre andava na pista,Atropelamento de Pedestre,Com Vítimas Fatais,Amanhecer,Decrescente,Nevoeiro/Neblina,Simples,Reta,Não,2,1,0,0,0,1,0,2,-27.801258,-49.468643,SPRF-SC,DEL05-SC,UOP01-DEL05-SC,2023
"522992,0",2023-05-14,domingo,09:45:00,SC,101,"207,0",SAO JOSE,Manobra de mudança de faixa,Colisão lateral mesmo sentido,Com Vítimas Feridas,Pleno dia,Decrescente,Céu Claro,Múltipla,Curva;Declive,Sim,2,0,1,0,1,0,1,2,-27.60001226,-48.6226467,SPRF-SC,DEL01-SC,UOP01-DEL01-SC,2023
"523004,0",2023-05-14,domingo,10:50:00,SC,282,"417,0",CATANDUVAS,Conversão proibida,Colisão traseira,Com Vítimas Feridas,Pleno dia,Crescente,Céu Claro,Simples,Curva;Aclive,Não,5,0,1,0,4,0,1,2,-27.030245,-51.723061,SPRF-SC,DEL07-SC,UOP05-DEL07-SC,2023
"523013,0",2023-05-14,domingo,12:50:00,SC,101,"130,5",BALNEARIO CAMBORIU,Conversão proibida,Colisão transversal,Com Vítimas Feridas,Pleno dia,Decrescente,Céu Claro,Simples,Reta,Sim,2,0,1,0,1,0,1,2,-26.98407618,-48.66977107,SPRF-SC,DEL04-SC,UOP03-DEL04-SC,2023
"523026,0",2023-05-14,domingo,12:12:00,SC,470,"63,0",INDAIAL,Velocidade Incompatível,Colisão traseira,Com Vítimas Feridas,Pleno dia,Decrescente,Céu Claro,Simples,Reta,Sim,2,0,1,0,1,0,1,2,-26.872396,-49.19228,SPRF-SC,DEL04-SC,UOP01-DEL04-SC,2023
"523027,0",2023-05-14,domingo,13:40:00,SC,470,"89,0",ASCURRA,Retorno proibido,Colisão transversal,Sem Vítimas,Pleno dia,Crescente,Céu Claro,Simples,Reta,Não,2,0,0,0,2,0,0,2,-26.961573,-49.371918,SPRF-SC,DEL04-SC,UOP01-DEL04-SC,2023
"523033,0",2023-05-14,domingo,14:40:00,SC,101,"223,0",PALHOCA,Velocidade Incompatível,Colisão traseira,Com Vítimas Feridas,Pleno dia,Crescente,Céu Claro,Dupla,Reta,Não,3,0,1,0,2,0,1,3,-27.71552634,-48.64881251,SPRF-SC,DEL01-SC,UOP02-DEL01-SC,2023
"523045,0",2023-05-14,domingo,15:15:00,SC,282,"259,3",SAO JOSE DO CERRITO,Reação tardia ou ineficiente do condutor,Colisão com objeto,Com Vítimas Feridas,Pleno dia,Decrescente,Céu Claro,Simples,Curva;Declive,Não,6,0,3,0,3,0,3,2,-27.65102143,-50.59418678,SPRF-SC,DEL05-SC,UOP02-DEL05-SC,2023
"523049,0",2023-05-14,domingo,16:20:00,SC,101,"205,0",SAO JOSE,Reação tardia ou ineficiente do condutor,Queda de ocupante de veículo,Com Vítimas Feridas,Anoitecer,Crescente,Céu Claro,Dupla,Curva;Declive,Sim,1,0,1,0,0,0,1,1,-27.58313237,-48.61532885,SPRF-SC,DEL01-SC,UOP01-DEL01-SC,2023
"523056,0",2023-05-14,domingo,17:25:00,SC,101,"334,2",TUBARAO,Ausência de reação do condutor,Colisão traseira,Com Vítimas Feridas,Pleno dia,Decrescente,Céu Claro,Dupla,Aclive;Reta,Sim,4,0,3,0,1,0,3,2,-28.47412369,-49.02614594,SPRF-SC,DEL02-SC,UOP01-DEL02-SC,2023
"523087,0",2023-05-14,domingo,18:20:00,SC,280,"67,6",JARAGUA DO SUL,Condutor deixou de manter distância do veículo da frente,Colisão traseira,Com Vítimas Feridas,Plena Noite,Decrescente,Nublado,Simples,Reta,Não,2,0,1,0,1,0,1,2,-26.4775146,-49.10363575,SPRF-SC,DEL03-SC,UOP03-DEL03-SC,2023
"523105,0",2023-05-14,domingo,20:12:00,SC,101,"216,0",PALHOCA,Condutor deixou de manter distância do veículo da frente,Colisão traseira,Com Vítimas Feridas,Plena Noite,Crescente,Céu Claro,Dupla,Reta,Sim,2,0,0,1,1,0,1,2,-27.6597548,-48.67768407,SPRF-SC,DEL01-SC,UOP02-DEL01-SC,2023
"523128,0",2023-05-14,domingo,20:30:00,SC,282,"4,5",SAO JOSE,Velocidade Incompatível,Colisão com objeto,Com Vítimas Fatais,Plena Noite,Crescente,Céu Claro,Múltipla,Reta,Sim,2,1,0,0,0,1,0,2,-27.591382,-48.606206,SPRF-SC,DEL01-SC,UOP01-DEL01-SC,2023
"523145,0",2023-05-14,domingo,18:20:00,SC,101,"103,6",BALNEARIO PICARRAS,Reação tardia ou ineficiente do condutor,Colisão traseira,Com Vítimas Feridas,Plena Noite,Crescente,Céu Claro,Dupla,Reta,Não,7,0,3,0,2,2,3,3,-26.78968,-48.681552,SPRF-SC,DEL03-SC,UOP02-DEL03-SC,2023
"523148,0",2023-05-14,domingo,18:00:00,SC,116,"67,9",MONTE CASTELO,Ultrapassagem Indevida,Colisão frontal,Com Vítimas Fatais,Anoitecer,Decrescente,Céu Claro,Simples,Reta;Aclive,Não,5,1,0,3,1,0,3,3,-26.4499788,-50.2279713,SPRF-SC,DEL06-SC,UOP02-DEL06-SC,2023
"523165,0",2023-05-14,domingo,23:40:00,SC,101,"275,4",IMBITUBA,Reação tardia ou ineficiente do condutor,Capotamento,Com Vítimas Feridas,Plena Noite,Decrescente,Céu Claro,Múltipla,Reta,Não,2,0,1,1,0,0,2,1,-28.15125992,-48.6920768,SPRF-SC,DEL02-SC,UOP03-DEL02-SC,2023
"523199,0",2023-05-14,domingo,18:20:00,SC,470,"62,0",INDAIAL,Acessar a via sem observar a presença dos outros veículos,Colisão transversal,Com Vítimas Feridas,Anoitecer,Crescente,Céu Claro,Simples,Reta,Sim,3,0,2,0,1,0,2,2,-26.874521,-49.182938,SPRF-SC,DEL04-SC,UOP01-DEL04-SC,2023
"523237,0",2023-05-15,segunda-feira,08:00:00,SC,101,"331,0",TUBARAO,Avarias e/ou desgaste excessivo no pneu,Tombamento,Com Vítimas Feridas,Pleno dia,Crescente,Céu Claro,Múltipla,Reta,Não,2,0,2,0,0,0,2,1,-28.45567521,-48.9812689,SPRF-SC,DEL02-SC,UOP01-DEL02-SC,2023
"523238,0",2023-05-15,segunda-feira,07:30:00,SC,101,"341,0",TUBARAO,Ausência de reação do condutor,Colisão traseira,Com Vítimas Feridas,Pleno dia,Crescente,Sol,Simples,Reta,Sim,2,0,1,0,1,0,1,2,-28.50999405,-49.05070686,SPRF-SC,DEL02-SC,UOP01-DEL02-SC,2023
"523247,0",2023-05-15,segunda-feira,10:30:00,SC,101,"181,6",BIGUACU,Condutor deixou de manter distância do veículo da frente,Colisão traseira,Com Vítimas Feridas,Pleno dia,Crescente,Céu Claro,Dupla,Reta;Aclive,Sim,2,0,1,0,1,0,1,2,-27.38958699,-48.63197593,SPRF-SC,DEL01-SC,UOP01-DEL01-SC,2023
"523251,0",2023-05-14,domingo,15:15:00,SC,470,"95,0",APIUNA,Ausência de reação do condutor,Colisão traseira,Com Vítimas Feridas,Pleno dia,Crescente,Céu Claro,Simples,Reta,Não,2,0,1,0,1,0,1,2,-27.011988,-49.372101,SPRF-SC,DEL04-SC,UOP01-DEL04-SC,2023
"523300,0",2023-05-15,segunda-feira,17:50:00,SC,280,"125,2",RIO NEGRINHO,Transitar na contramão,Colisão transversal,Com Vítimas Feridas,Anoitecer,Crescente,Céu Claro,Simples,Reta,Sim,6,0,1,1,4,0,2,3,-26.23962382,-49.50502753,SPRF-SC,DEL06-SC,UOP03-DEL06-SC,2023
"523312,0",2023-05-15,segunda-feira,18:45:00,SC,470,"34,0",GASPAR,Desvio temporário,Colisão com objeto,Com Vítimas Feridas,Plena Noite,Crescente,Céu Claro,Dupla,Reta,Não,1,0,0,1,0,0,1,1,-26.910646,-48.949341,SPRF-SC,DEL04-SC,UOP01-DEL04-SC,2023