id,data_inversa,dia_semana,horario,uf,br,km,municipio,causa_acidente,tipo_acidente,classificacao_acidente,fase_dia,sentido_via,condicao_metereologica,tipo_pista,tracado_via,uso_solo,pessoas,mortos,feridos_leves,feridos_graves,ilesos,ignorados,feridos,veiculos,latitude,longitude,regional,delegacia,uop,ano_arquivo
"524372,0",2023-05-21,domingo,01:40:00,SC,101,"412,5",ARARANGUA,Velocidade Incompatível,Saída de leito carroçável,Sem Vítimas,Plena Noite,Crescente,Céu Claro,Simples,Rotatória,Sim,1,0,0,0,1,0,0,1,-28.939333,-49.497513,SPRF-SC,DEL02-SC,UOP02-DEL02-SC,2023
"524381,0",2023-05-21,domingo,02:50:00,SC,101,"271,0",IMBITUBA,Reação tardia ou ineficiente do condutor,Colisão com objeto,Com Vítimas Feridas,Plena Noite,Decrescente,Céu Claro,Dupla,Reta,Não,5,0,0,1,0,4,1,3,-28.10658204,-48.70278234,SPRF-SC,DEL02-SC,UOP03-DEL02-SC,2023
"524386,0",2023-05-21,domingo,02:37:00,SC,101,"193,0",BIGUACU,Ingestão de álcool pelo condutor,Saída de leito carroçável,Sem Vítimas,Plena Noite,Decrescente,Céu Claro,Múltipla,Reta;Interseção de Vias,Sim,1,0,0,0,1,0,0,1,-27.489574,-48.655914,SPRF-SC,DEL01-SC,UOP01-DEL01-SC,2023
"524407,0",2023-05-21,domingo,06:55:00,SC,470,"49,8",BLUMENAU,Reação tardia ou ineficiente do condutor,Colisão com objeto,Sem Vítimas,Amanhecer,Crescente,Céu Claro,Dupla,Curva,Não,1,0,0,0,0,1,0,1,-26.860662,-49.065159,SPRF-SC,DEL04-SC,UOP01-DEL04-SC,2023
"524414,0",2023-05-21,domingo,02:30:00,SC,101,"135,0",BALNEARIO CAMBORIU,Ingestão de álcool pelo condutor,Colisão traseira,Sem Vítimas,Plena Noite,Crescente,Céu Claro,Dupla,Reta,Sim,2,0,0,0,2,0,0,2,-27.0050108,-48.62677494,SPRF-SC,DEL04-SC,UOP03-DEL04-SC,2023
"524416,0",2023-05-21,domingo,07:00:00,SC,101,"41,0",JOINVILLE,Desrespeitar a preferência no cruzamento,Colisão transversal,Com Vítimas Feridas,Pleno dia,Crescente,Céu Claro,Simples,Viaduto;Rotatória,Sim,2,0,1,0,1,0,1,2,-26.31846642,-48.87228906,SPRF-SC,DEL03-SC,UOP01-DEL03-SC,2023
"524418,0",2023-05-16,terça-feira,18:15:00,SC,101,"275,9",IMBITUBA,Acessar a via sem observar a presença dos outros veículos,Colisão frontal,Com Vítimas Feridas,Plena Noite,Decrescente,Céu Claro,Dupla,Em Obras;Interseção de Vias,Sim,2,0,0,2,0,0,2,2,-28.138086,-48.69218292,SPRF-SC,DEL02-SC,UOP03-DEL02-SC,2023
"524451,0",2023-05-21,domingo,12:10:00,SC,101,"457,0",SAO JOAO DO SUL,Manobra de mudança de faixa,Colisão lateral mesmo sentido,Com Vítimas Feridas,Pleno dia,Decrescente,Céu Claro,Múltipla,Reta,Não,3,0,1,0,2,0,1,2,-29.2321129,-49.7583037,SPRF-SC,DEL02-SC,UOP02-DEL02-SC,2023
"524457,0",2023-05-21,domingo,12:10:00,SC,101,"387,0",CRICIUMA,Avarias e/ou desgaste excessivo no pneu,Colisão com objeto,Com Vítimas Feridas,Pleno dia,Decrescente,Nublado,Dupla,Reta,Não,2,0,2,0,0,0,2,1,-28.78085074,-49.32874013,SPRF-SC,DEL02-SC,UOP02-DEL02-SC,2023
"524464,0",2023-05-21,domingo,14:50:00,SC,101,"70,8",ARAQUARI,Avarias e/ou desgaste excessivo no pneu,Queda de ocupante de veículo,Com Vítimas Feridas,Pleno dia,Crescente,Sol,Múltipla,Reta,Sim,2,0,0,2,0,0,2,1,-26.51082007,-48.72345612,SPRF-SC,DEL03-SC,UOP02-DEL03-SC,2023
"524492,0",2023-05-21,domingo,17:45:00,SC,101,"206,0",SAO JOSE,Condutor deixou de manter distância do veículo da frente,Colisão lateral mesmo sentido,Com Vítimas Feridas,Plena Noite,Decrescente,Céu Claro,Múltipla,Reta,Sim,4,0,2,0,2,0,2,3,-27.59193546,-48.61824557,SPRF-SC,DEL01-SC,UOP01-DEL01-SC,2023
"524493,0",2023-05-21,domingo,17:00:00,SC,101,"450,3",SAO JOAO DO SUL,Acessar a via sem observar a presença dos outros veículos,Colisão lateral mesmo sentido,Com Vítimas Feridas,Anoitecer,Decrescente,Céu Claro,Dupla,Interseção de Vias;Curva,Não,6,0,0,2,4,0,2,2,-29.17229091,-49.74904711,SPRF-SC,DEL02-SC,UOP02-DEL02-SC,2023
"524498,0",2023-03-13,segunda-feira,16:35:00,SC,470,"140,0",RIO DO SUL,Desrespeitar a preferência no cruzamento,Colisão transversal,Com Vítimas Feridas,Pleno dia,Decrescente,Céu Claro,Simples,Reta,Sim,3,0,0,1,1,1,1,3,-27.222485,-49.662827,SPRF-SC,DEL04-SC,UOP02-DEL04-SC,2023
"524512,0",2023-05-21,domingo,18:35:00,SC,101,"117,0",ITAJAI,Acessar a via sem observar a presença dos outros veículos,Colisão transversal,Com Vítimas Feridas,Plena Noite,Decrescente,Céu Claro,Simples,Viaduto;Rotatória;Interseção de Vias,Não,5,0,1,1,3,0,2,2,-26.88747187,-48.72252969,SPRF-SC,DEL04-SC,UOP04-DEL04-SC,2023
"524519,0",2023-05-21,domingo,19:30:00,SC,101,"206,1",SAO JOSE,Reação tardia ou ineficiente do condutor,Atropelamento de Pedestre,Com Vítimas Feridas,Pleno dia,Decrescente,Céu Claro,Simples,Reta;Interseção de Vias,Sim,2,0,1,0,1,0,1,2,-27.59193546,-48.61824557,SPRF-SC,DEL01-SC,UOP01-DEL01-SC,2023
"524521,0",2023-05-21,domingo,18:20:00,SC,470,"73,1",INDAIAL,Retorno proibido,Colisão transversal,Com Vítimas Feridas,Plena Noite,Crescente,Céu Claro,Simples,Reta;Em Obras,Sim,4,0,3,0,1,0,3,2,-26.91100815,-49.2770738,SPRF-SC,DEL04-SC,UOP01-DEL04-SC,2023
"524534,0",2023-05-21,domingo,19:10:00,SC,282,"578,0",PINHALZINHO,Ingestão de álcool pelo condutor,Colisão frontal,Com Vítimas Feridas,Plena Noite,Crescente,Nublado,Simples,Reta,Sim,2,0,1,0,1,0,1,2,-26.838364,-52.985279,SPRF-SC,DEL07-SC,UOP02-DEL07-SC,2023
"524542,0",2023-05-21,domingo,18:45:00,SC,116,"220,4",CORREIA PINTO,Ingestão de álcool pelo condutor,Colisão frontal,Sem Vítimas,Plena Noite,Decrescente,Nublado,Simples,Reta;Declive,Sim,2,0,0,0,2,0,0,2,-27.58942141,-50.36318421,SPRF-SC,DEL05-SC,UOP03-DEL05-SC,2023
"524596,0",2023-05-22,segunda-feira,06:30:00,SC,101,"138,0",BALNEARIO CAMBORIU,Condutor deixou de manter distância do veículo da frente,Colisão traseira,Sem Vítimas,Pleno dia,Crescente,Céu Claro,Múltipla,Reta,Sim,2,0,0,0,2,0,0,2,-27.02397426,-48.60761649,SPRF-SC,DEL04-SC,UOP03-DEL04-SC,2023
"524612,0",2023-05-20,sábado,00:50:00,SC,116,"107,8",MONTE CASTELO,Velocidade Incompatível,Saída de leito carroçável,Sem Vítimas,Plena Noite,Decrescente,Nevoeiro/Neblina,Simples,Curva,Não,1,0,0,0,1,0,0,1,-26.75568818,-50.32812388,SPRF-SC,DEL06-SC,UOP02-DEL06-SC,2023
"524629,0",2023-05-07,domingo,05:00:00,SC,101,"96,0",BARRA VELHA,Ultrapassagem Indevida,Tombamento,Com Vítimas Feridas,Plena Noite,Crescente,Céu Claro,Dupla,Reta,Sim,1,0,0,1,0,0,1,1,-26.718427,-48.70233,SPRF-SC,DEL03-SC,UOP02-DEL03-SC,2023
"524639,0",2023-05-22,segunda-feira,08:20:00,SC,101,"90,1",BARRA VELHA,Avarias e/ou desgaste excessivo no pneu,Saída de leito carroçável,Com Vítimas Feridas,Pleno dia,Decrescente,Nublado,Múltipla,Reta,Sim,2,0,2,0,0,0,2,1,-26.66148503,-48.68866176,SPRF-SC,DEL03-SC,UOP02-DEL03-SC,2023
"524645,0",2023-05-19,sexta-feira,06:50:00,SC,280,"67,0",JARAGUA DO SUL,Acessar a via sem observar a presença dos outros veículos,Colisão transversal,Com Vítimas Feridas,Amanhecer,Decrescente,Céu Claro,Simples,Reta,Não,3,0,0,1,1,1,1,3,-26.4775146,-49.10363575,SPRF-SC,DEL03-SC,UOP03-DEL03-SC,2023
"524655,0",2023-05-22,segunda-feira,11:40:00,SC,470,"130,0",LONTRAS,Reação tardia ou ineficiente do condutor,Colisão traseira,Com Vítimas Feridas,Pleno dia,Crescente,Nublado,Simples,Reta,Sim,2,0,1,0,1,0,1,2,-27.15756,-49.556488,SPRF-SC,DEL04-SC,UOP02-DEL04-SC,2023
"524662,0",2023-05-21,domingo,23:30:00,SC,470,"169,0",POUSO REDONDO,Ingestão de álcool pelo condutor,Colisão frontal,Com Vítimas Feridas,Plena Noite,Crescente,Céu Claro,Simples,Declive;Reta,Sim,3,0,1,1,0,1,2,2,-27.26594745,-49.87861097,SPRF-SC,DEL04-SC,UOP02-DEL04-SC,2023
"524676,0",2023-05-22,segunda-feira,14:00:00,SC,282,"534,1",CORDILHEIRA ALTA,Conversão proibida,Colisão transversal,Com Vítimas Feridas,Pleno dia,Crescente,Sol,Simples,Reta,Não,6,0,3,0,3,0,3,3,-26.996832,-52.634586,SPRF-SC,DEL07-SC,UOP01-DEL07-SC,2023
"524685,0",2023-05-21,domingo,05:50:00,SC,282,"515,5",XAXIM,Animais na Pista,Saída de leito carroçável,Com Vítimas Feridas,Plena Noite,Crescente,Ignorado,Simples,Reta,Não,2,0,2,0,0,0,2,1,-26.922623,-52.496132,SPRF-SC,DEL07-SC,UOP01-DEL07-SC,2023
"524694,0",2023-05-22,segunda-feira,15:22:00,SC,470,"2,0",NAVEGANTES,Acessar a via sem observar a presença dos outros veículos,Atropelamento de Pedestre,Com Vítimas Feridas,Pleno dia,Crescente,Céu Claro,Dupla,Reta;Em Obras,Não,2,0,1,0,1,0,1,2,-26.868551,-48.674831,SPRF-SC,DEL04-SC,UOP04-DEL04-SC,2023
"524702,0",2023-05-22,segunda-feira,15:37:00,SC,280,"82,2",CORUPA,Acessar a via sem observar a presença dos outros veículos,Colisão transversal,Com Vítimas Feridas,Pleno dia,Crescente,Céu Claro,Simples,Rotatória,Não,2,0,1,0,1,0,1,2,-26.44009491,-49.22605498,SPRF-SC,DEL06-SC,UOP03-DEL06-SC,2023
"524710,0",2023-05-22,segunda-feira,17:30:00,SC,282,"17,0",PALHOCA,Acessar a via sem observar a presença dos outros veículos,Colisão transversal,Com Vítimas Feridas,Anoitecer,Decrescente,Céu Claro,Dupla,Reta;Desvio Temporário,Sim,3,0,1,0,2,0,1,2,-27.66822142,-48.68983984,SPRF-SC,DEL01-SC,UOP02-DEL01-SC,2023
"524712,0",2023-05-22,segunda-feira,17:15:00,SC,282,"37,5",AGUAS MORNAS,Ausência de reação do condutor,Colisão lateral sentido oposto,Com Vítimas Feridas,Plena Noite,Crescente,Céu Claro,Simples,Curva,Não,3,0,1,2,0,0,3,3,-27.707325,-48.842983,SPRF-SC,DEL01-SC,UOP03-DEL01-SC,2023
"524722,0",2023-05-22,segunda-feira,17:30:00,SC,101,"207,6",SAO JOSE,Reação tardia ou ineficiente do condutor,Colisão lateral mesmo sentido,Com Vítimas Feridas,Anoitecer,Decrescente,Céu Claro,Dupla,Declive;Reta,Sim,3,0,1,0,2,0,1,3,-27.60001226,-48.6226467,SPRF-SC,DEL01-SC,UOP01-DEL01-SC,2023
"524726,0",2023-05-21,domingo,00:05:00,SC,470,"0,8",NAVEGANTES,Condutor deixou de manter distância do veículo da frente,Colisão traseira,Com Vítimas Feridas,Plena Noite,Decrescente,Céu Claro,Múltipla,Reta,Sim,2,0,1,0,1,0,1,2,-26.88232,-48.66183,SPRF-SC,DEL04-SC,UOP04-DEL04-SC,2023
"524733,0",2023-05-22,segunda-feira,17:50:00,SC,101,"202,1",SAO JOSE,Entrada inopinada do pedestre,Atropelamento de Pedestre,Com Vítimas Feridas,Anoitecer,Crescente,Céu Claro,Dupla,Reta,Sim,2,0,2,0,0,0,2,2,-27.55711595,-48.61897889,SPRF-SC,DEL01-SC,UOP01-DEL01-SC,2023
"524743,0",2023-05-22,segunda-feira,18:30:00,SC,282,"427,0",VARGEM BONITA,Conversão proibida,Colisão transversal,Com Vítimas Feridas,Plena Noite,Crescente,Céu Claro,Simples,Reta,Não,2,0,1,0,1,0,1,2,-26.975946,-51.771011,SPRF-SC,DEL07-SC,UOP05-DEL07-SC,2023
"524766,0",2023-05-22,segunda-feira,19:01:00,SC,116,"220,0",CORREIA PINTO,Acessar a via sem observar a presença dos outros veículos,Colisão frontal,Com Vítimas Feridas,Plena Noite,Decrescente,Céu Claro,Simples,Reta;Interseção de Vias,Sim,4,0,2,0,2,0,2,3,-27.58354478,-50.36633849,SPRF-SC,DEL05-SC,UOP03-DEL05-SC,2023
"524806,0",2023-05-21,domingo,04:00:00,SC,101,"302,0",LAGUNA,Velocidade Incompatível,Saída de leito carroçável,Com Vítimas Feridas,Plena Noite,Crescente,Céu Claro,Dupla,Reta,Não,1,0,1,0,0,0,1,1,-28.35387609,-48.7426239,SPRF-SC,DEL02-SC,UOP03-DEL02-SC,2023
"524819,0",2023-05-23,terça-feira,09:30:00,SC,101,"139,0",BALNEARIO CAMBORIU,Reação tardia ou ineficiente do condutor,Colisão com objeto,Com Vítimas Feridas,Pleno dia,Decrescente,Céu Claro,Dupla,Curva;Declive,Sim,1,0,1,0,0,0,1,1,-27.02982303,-48.60115006,SPRF-SC,DEL04-SC,UOP03-DEL04-SC,2023
"524826,0",2023-05-23,terça-feira,10:00:00,SC,470,"55,6",BLUMENAU,Condutor deixou de manter distância do veículo da frente,Engavetamento,Com Vítimas Feridas,Pleno dia,Crescente,Céu Claro,Simples,Reta,Sim,4,0,1,0,3,0,1,4,-26.875601,-49.117992,SPRF-SC,DEL04-SC,UOP01-DEL04-SC,2023
"524853,0",2023-04-05,quarta-feira,20:52:00,SC,101,"46,8",JOINVILLE,Pista Escorregadia,Tombamento,Com Vítimas Feridas,Plena Noite,Crescente,Nublado,Dupla,Curva;Declive,Sim,1,0,1,0,0,0,1,1,-26.33150083,-48.86187762,SPRF-SC,DEL03-SC,UOP01-DEL03-SC,2023
"524862,0",2023-05-23,terça-feira,11:00:00,SC,470,"245,0",CURITIBANOS,Ausência de reação do condutor,Engavetamento,Sem Vítimas,Pleno dia,Crescente,Céu Claro,Simples,Reta,Não,4,0,0,0,4,0,0,3,-27.316158,-50.524006,SPRF-SC,DEL05-SC,UOP03-DEL05-SC,2023
"524871,0",2023-05-23,terça-feira,15:40:00,SC,101,"220,0",PALHOCA,Acesso irregular,Colisão lateral mesmo sentido,Com Vítimas Feridas,Pleno dia,Crescente,Céu Claro,Dupla,Reta,Sim,2,0,1,0,1,0,1,2,-27.69198941,-48.66368358,SPRF-SC,DEL01-SC,UOP02-DEL01-SC,2023
"524876,0",2023-05-23,terça-feira,16:15:00,SC,101,"42,0",JOINVILLE,Velocidade Incompatível,Capotamento,Com Vítimas Feridas,Pleno dia,Crescente,Céu Claro,Dupla,Interseção de Vias,Sim,1,0,1,0,0,0,1,1,-26.32346025,-48.86803508,SPRF-SC,DEL03-SC,UOP01-DEL03-SC,2023
"524879,0",2023-05-23,terça-feira,17:05:00,SC,470,"48,0",BLUMENAU,Obras na pista,Tombamento,Com Vítimas Feridas,Pleno dia,Decrescente,Céu Claro,Dupla,Reta;Em Obras,Não,1,0,1,0,0,0,1,1,-26.859823,-49.055393,SPRF-SC,DEL04-SC,UOP01-DEL04-SC,2023
"524894,0",2023-05-23,terça-feira,17:30:00,SC,101,"213,0",PALHOCA,Transitar na contramão,Colisão frontal,Com Vítimas Feridas,Amanhecer,Decrescente,Céu Claro,Dupla,Reta;Interseção de Vias,Sim,2,0,1,0,1,0,1,2,-27.63697369,-48.66514142,SPRF-SC,DEL01-SC,UOP02-DEL01-SC,2023
"524910,0",2023-05-23,terça-feira,18:45:00,SC,101,"321,0",PESCARIA BRAVA,Animais na Pista,Atropelamento de Animal,Com Vítimas Feridas,Plena Noite,Decrescente,Céu Claro,Simples,Reta;Declive,Não,3,0,0,1,2,0,1,2,-28.42837346,-48.913064,SPRF-SC,DEL02-SC,UOP01-DEL02-SC,2023
"524914,0",2023-05-23,terça-feira,16:45:00,SC,101,"412,5",ARARANGUA,Acumulo de óleo sobre o pavimento,Tombamento,Com Vítimas Feridas,Pleno dia,Crescente,Céu Claro,Simples,Rotatória,Não,2,0,1,0,1,0,1,1,-28.939333,-49.497513,SPRF-SC,DEL02-SC,UOP02-DEL02-SC,2023
"524917,0",2023-05-23,terça-feira,19:30:00,SC,101,"195,0",BIGUACU,Ingestão de álcool pelo condutor,Queda de ocupante de veículo,Com Vítimas Feridas,Plena Noite,Decrescente,Céu Claro,Dupla,Reta,Não,1,0,0,1,0,0,1,1,-27.5047092,-48.65010819,SPRF-SC,DEL01-SC,UOP01-DEL01-SC,2023
"524924,0",2023-05-06,sábado,06:00:00,SC,282,"553,0",NOVA ITABERABA,Ingestão de álcool pelo condutor,Colisão frontal,Com Vítimas Feridas,Amanhecer,Decrescente,Nevoeiro/Neblina,Simples,Reta,Não,2,0,1,0,1,0,1,2,-26.93815,-52.791916,SPRF-SC,DEL07-SC,UOP01-DEL07-SC,2023
"524930,0",2023-05-23,terça-feira,18:30:00,SC,101,"119,0",ITAJAI,Trafegar com motocicleta (ou similar) entre as faixas,Tombamento,Com Vítimas Feridas,Plena Noite,Crescente,Céu Claro,Dupla,Reta,Sim,1,0,1,0,0,0,1,1,-26.9043179,-48.71555481,SPRF-SC,DEL04-SC,UOP04-DEL04-SC,2023
"524972,0",2023-05-24,quarta-feira,07:40:00,SC,101,"135,0",BALNEARIO CAMBORIU,Reação tardia ou ineficiente do condutor,Colisão com objeto,Com Vítimas Feridas,Pleno dia,Decrescente,Céu Claro,Simples,Reta,Sim,2,0,1,0,1,0,1,1,-27.0050108,-48.62677494,SPRF-SC,DEL04-SC,UOP03-DEL04-SC,2023
"525012,0",2023-05-24,quarta-feira,12:45:00,SC,101,"435,0",SOMBRIO,Condutor deixou de manter distância do veículo da frente,Colisão traseira,Com Vítimas Feridas,Pleno dia,Crescente,Céu Claro,Múltipla,Reta,Sim,2,0,2,0,0,0,2,2,-29.096988,-49.633828,SPRF-SC,DEL02-SC,UOP02-DEL02-SC,2023
"525022,0",2023-03-17,sexta-feira,11:50:00,SC,101,"125,5",ITAJAI,Condutor deixou de manter distância do veículo da frente,Colisão traseira,Com Vítimas Feridas,Pleno dia,Crescente,Céu Claro,Múltipla,Reta,Sim,3,0,1,0,2,0,1,2,-26.94802427,-48.68338515,SPRF-SC,DEL04-SC,UOP04-DEL04-SC,2023
"525033,0",2023-05-24,quarta-feira,15:35:00,SC,101,"198,0",SAO JOSE,Acessar a via sem observar a presença dos outros veículos,Colisão lateral mesmo sentido,Com Vítimas Feridas,Pleno dia,Crescente,Céu Claro,Dupla,Reta,Sim,2,0,1,0,1,0,1,2,-27.52658712,-48.63506019,SPRF-SC,DEL01-SC,UOP01-DEL01-SC,2023
"525037,0",2023-05-21,domingo,03:00:00,SC,101,"271,0",IMBITUBA,Objeto estático sobre o leito carroçável,Colisão com objeto,Sem Vítimas,Plena Noite,Decrescente,Céu Claro,Dupla,Reta,Não,4,0,0,0,1,3,0,2,-28.11011972,-48.70211279,SPRF-SC,DEL02-SC,UOP03-DEL02-SC,2023
"525039,0",2023-05-24,quarta-feira,15:00:00,SC,101,"197,0",BIGUACU,Ausência de reação do condutor,Colisão com objeto,Com Vítimas Feridas,Pleno dia,Decrescente,Céu Claro,Dupla,Aclive,Sim,2,0,1,0,1,0,1,1,-27.51844497,-48.63848496,SPRF-SC,DEL01-SC,UOP01-DEL01-SC,2023
"525070,0",2023-05-24,quarta-feira,18:15:00,SC,282,"4,8",FLORIANOPOLIS,Manobra de mudança de faixa,Colisão lateral mesmo sentido,Com Vítimas Feridas,Plena Noite,Crescente,Céu Claro,Múltipla,Reta,Sim,2,0,1,0,1,0,1,2,-27.592646,-48.604034,SPRF-SC,DEL01-SC,UOP01-DEL01-SC,2023
"525071,0",2023-05-24,quarta-feira,16:00:00,SC,101,"360,0",SANGAO,Ausência de reação do condutor,Tombamento,Com Vítimas Feridas,Pleno dia,Crescente,Céu Claro,Simples,Curva;Declive,Sim,1,0,1,0,0,0,1,1,-28.65823109,-49.10991486,SPRF-SC,DEL02-SC,UOP01-DEL02-SC,2023
"525085,0",2023-05-24,quarta-feira,18:30:00,SC,280,"48,0",GUARAMIRIM,Acessar a via sem observar a presença dos outros veículos,Colisão transversal,Com Vítimas Feridas,Plena Noite,Decrescente,Céu Claro,Simples,Reta;Declive;Interseção de Vias,Não,4,0,2,0,2,0,2,2,-26.45606998,-48.93007994,SPRF-SC,DEL03-SC,UOP03-DEL03-SC,2023
"525090,0",2023-05-24,quarta-feira,19:00:00,SC,101,"125,4",ITAJAI,Condutor deixou de manter distância do veículo da frente,Colisão traseira,Com Vítimas Feridas,Plena Noite,Decrescente,Céu Claro,Simples,Reta,Não,2,0,1,0,1,0,1,2,-26.94802427,-48.68338515,SPRF-SC,DEL04-SC,UOP04-DEL04-SC,2023
"525194,0",2023-05-25,quinta-feira,12:00:00,SC,101,"134,0",BALNEARIO CAMBORIU,Desrespeitar a preferência no cruzamento,Colisão transversal,Com Vítimas Feridas,Pleno dia,Crescente,Nublado,Simples,Interseção de Vias,Não,2,0,1,0,1,0,1,2,-27.00218,-48.636433,SPRF-SC,DEL04-SC,UOP03-DEL04-SC,2023
"525197,0",2023-05-25,quinta-feira,12:15:00,SC,101,"205,0",SAO JOSE,Acessar a via sem observar a presença dos outros veículos,Colisão transversal,Com Vítimas Feridas,Pleno dia,Crescente,Céu Claro,Múltipla,Curva,Sim,2,0,1,0,1,0,1,2,-27.58313237,-48.61532885,SPRF-SC,DEL01-SC,UOP01-DEL01-SC,2023
"525212,0",2023-05-25,quinta-feira,10:10:00,SC,470,"57,0",BLUMENAU,Desrespeitar a preferência no cruzamento,Colisão transversal,Com Vítimas Feridas,Pleno dia,Decrescente,Nublado,Simples,Interseção de Vias,Sim,2,0,1,0,1,0,1,2,-26.880428,-49.136532,SPRF-SC,DEL04-SC,UOP01-DEL04-SC,2023
"525255,0",2023-05-25,quinta-feira,16:30:00,SC,470,"62,0",INDAIAL,Acessar a via sem observar a presença dos outros veículos,Colisão transversal,Com Vítimas Feridas,Pleno dia,Crescente,Nublado,Simples,Reta,Sim,2,0,1,0,1,0,1,2,-26.874521,-49.182938,SPRF-SC,DEL04-SC,UOP01-DEL04-SC,2023
"525260,0",2023-05-25,quinta-feira,18:00:00,SC,101,"131,0",CAMBORIU,Falta de acostamento,Colisão traseira,Com Vítimas Feridas,Plena Noite,Crescente,Céu Claro,Simples,Reta,Sim,3,0,0,1,2,0,1,2,-26.99064209,-48.66310912,SPRF-SC,DEL04-SC,UOP03-DEL04-SC,2023
"525262,0",2023-05-25,quinta-feira,18:30:00,SC,101,"202,4",SAO JOSE,Manobra de mudança de faixa,Colisão lateral mesmo sentido,Com Vítimas Feridas,Plena Noite,Decrescente,Nublado,Múltipla,Reta,Sim,3,0,1,0,2,0,1,2,-27.55711595,-48.61897889,SPRF-SC,DEL01-SC,UOP01-DEL01-SC,2023
"525271,0",2023-05-25,quinta-feira,12:00:00,SC,101,"120,0",ITAJAI,Reação tardia ou ineficiente do condutor,Saída de leito carroçável,Com Vítimas Feridas,Pleno dia,Decrescente,Nublado,Múltipla,Reta,Sim,1,0,1,0,0,0,1,1,-26.912758,-48.711998,SPRF-SC,DEL04-SC,UOP04-DEL04-SC,2023
"525272,0",2023-05-25,quinta-feira,19:26:00,SC,280,"32,0",ARAQUARI,Ausência de reação do condutor,Colisão frontal,Com Vítimas Feridas,Plena Noite,Crescente,Céu Claro,Simples,Aclive;Curva,Não,2,0,0,1,1,0,1,2,-26.420618,-48.779335,SPRF-SC,DEL03-SC,UOP03-DEL03-SC,2023
"525279,0",2023-05-25,quinta-feira,18:30:00,SC,163,"87,0",GUARACIABA,Ingestão de álcool ou de substâncias psicoativas pelo pedestre,Atropelamento de Pedestre,Com Vítimas Feridas,Plena Noite,Crescente,Céu Claro,Simples,Reta,Não,2,0,1,0,1,0,1,2,-26.59023103,-53.51574204,SPRF-SC,DEL07-SC,UOP03-DEL07-SC,2023
"525286,0",2023-05-25,quinta-feira,18:36:00,SC,470,"172,0",POUSO REDONDO,Ultrapassagem Indevida,Colisão frontal,Com Vítimas Feridas,Anoitecer,Crescente,Céu Claro,Simples,Curva,Sim,3,0,1,1,1,0,2,2,-27.257526,-49.909592,SPRF-SC,DEL04-SC,UOP02-DEL04-SC,2023
"525318,0",2023-05-25,quinta-feira,22:30:00,SC,101,"133,0",BALNEARIO CAMBORIU,Ingestão de álcool pelo condutor,Colisão traseira,Com Vítimas Feridas,Plena Noite,Crescente,Céu Claro,Dupla,Reta,Sim,2,0,1,0,1,0,1,2,-26.99936,-48.64609,SPRF-SC,DEL04-SC,UOP03-DEL04-SC,2023
"525324,0",2023-05-26,sexta-feira,01:20:00,SC,101,"215,0",PALHOCA,Velocidade Incompatível,Colisão com objeto,Com Vítimas Feridas,Plena Noite,Crescente,Céu Claro,Múltipla,Interseção de Vias;Reta;Viaduto,Sim,1,0,0,1,0,0,1,1,-27.65184843,-48.67604941,SPRF-SC,DEL01-SC,UOP02-DEL01-SC,2023
"525329,0",2023-05-26,sexta-feira,02:30:00,SC,282,"24,0",SANTO AMARO DA IMPERATRIZ,Condutor Dormindo,Saída de leito carroçável,Com Vítimas Feridas,Plena Noite,Crescente,Céu Claro,Simples,Curva,Sim,1,0,1,0,0,0,1,1,-27.687958,-48.736794,SPRF-SC,DEL01-SC,UOP03-DEL01-SC,2023
"525330,0",2023-05-26,sexta-feira,03:00:00,SC,101,"334,1",TUBARAO,Entrada inopinada do pedestre,Atropelamento de Pedestre,Com Vítimas Fatais,Plena Noite,Crescente,Céu Claro,Múltipla,Declive;Reta,Sim,3,1,0,0,1,1,0,2,-28.4710837,-49.0203686,SPRF-SC,DEL02-SC,UOP01-DEL02-SC,2023
"525333,0",2023-05-26,sexta-feira,04:00:00,SC,101,"214,6",PALHOCA,Reação tardia ou ineficiente do condutor,Colisão com objeto,Com Vítimas Feridas,Plena Noite,Crescente,Céu Claro,Dupla,Reta,Sim,1,0,0,1,0,0,1,1,-27.64443,-48.67057,SPRF-SC,DEL01-SC,UOP02-DEL01-SC,2023
"525338,0",2023-05-26,sexta-feira,06:50:00,SC,282,"1,0",FLORIANOPOLIS,Reação tardia ou ineficiente do condutor,Colisão traseira,Com Vítimas Feridas,Pleno dia,Decrescente,Céu Claro,Dupla,Reta,Sim,4,0,1,0,3,0,1,4,-27.602955,-48.580509,SPRF-SC,DEL01-SC,UOP01-DEL01-SC,2023
"525345,0",2023-05-26,sexta-feira,07:00:00,SC,470,"54,1",BLUMENAU,Ultrapassagem Indevida,Colisão transversal,Com Vítimas Feridas,Pleno dia,Crescente,Céu Claro,Simples,Interseção de Vias;Curva,Sim,2,0,0,1,1,0,1,2,-26.87149566,-49.11178979,SPRF-SC,DEL04-SC,UOP01-DEL04-SC,2023
"525352,0",2023-05-14,domingo,20:00:00,SC,101,"343,9",TUBARAO,Manobra de mudança de faixa,Colisão lateral mesmo sentido,Com Vítimas Feridas,Plena Noite,Decrescente,Céu Claro,Dupla,Reta,Não,2,0,1,0,1,0,1,2,-28.52765702,-49.05615309,SPRF-SC,DEL02-SC,UOP01-DEL02-SC,2023