id,data_inversa,dia_semana,horario,uf,br,km,municipio,causa_acidente,tipo_acidente,classificacao_acidente,fase_dia,sentido_via,condicao_metereologica,tipo_pista,tracado_via,uso_solo,pessoas,mortos,feridos_leves,feridos_graves,ilesos,ignorados,feridos,veiculos,latitude,longitude,regional,delegacia,uop,ano_arquivo
"525355,0",2023-05-26,sexta-feira,07:00:00,SC,101,"335,8",TUBARAO,Reação tardia ou ineficiente do condutor,Colisão com objeto,Com Vítimas Feridas,Pleno dia,Crescente,Céu Claro,Dupla,Curva,Sim,1,0,1,0,0,0,1,1,-28.47311347,-49.02437375,SPRF-SC,DEL02-SC,UOP01-DEL02-SC,2023
"525368,0",2023-05-26,sexta-feira,07:30:00,SC,282,"1,2",FLORIANOPOLIS,Reação tardia ou ineficiente do condutor,Colisão lateral mesmo sentido,Com Vítimas Feridas,Pleno dia,Decrescente,Céu Claro,Dupla,Reta;Declive,Sim,3,0,1,0,2,0,1,3,-27.602955,-48.580509,SPRF-SC,DEL01-SC,UOP01-DEL01-SC,2023
"525374,0",2023-05-26,sexta-feira,07:15:00,SC,163,"68,0",SAO MIGUEL DO OESTE,Animais na Pista,Tombamento,Com Vítimas Feridas,Pleno dia,Crescente,Sol,Dupla,Reta,Não,2,0,2,0,0,0,2,1,-26.75038301,-53.50086841,SPRF-SC,DEL07-SC,UOP03-DEL07-SC,2023
"525394,0",2023-05-26,sexta-feira,07:50:00,SC,282,"3,5",FLORIANOPOLIS,Trafegar com motocicleta (ou similar) entre as faixas,Colisão traseira,Com Vítimas Feridas,Pleno dia,Decrescente,Céu Claro,Múltipla,Reta,Sim,2,0,1,0,0,1,1,2,-27.60189452,-48.59748602,SPRF-SC,DEL01-SC,UOP01-DEL01-SC,2023
"525404,0",2023-05-26,sexta-feira,12:20:00,SC,101,"233,0",PALHOCA,Ausência de reação do condutor,Engavetamento,Sem Vítimas,Pleno dia,Decrescente,Céu Claro,Múltipla,Reta,Não,5,0,0,0,5,0,0,5,-27.80376397,-48.63826211,SPRF-SC,DEL01-SC,UOP02-DEL01-SC,2023
"525420,0",2023-05-26,sexta-feira,13:15:00,SC,282,"520,4",XAXIM,Velocidade Incompatível,Colisão com objeto,Com Vítimas Feridas,Pleno dia,Crescente,Céu Claro,Simples,Rotatória,Sim,1,0,0,1,0,0,1,1,-26.950415,-52.526096,SPRF-SC,DEL07-SC,UOP01-DEL07-SC,2023
"525431,0",2023-05-26,sexta-feira,14:00:00,SC,282,"17,0",PALHOCA,Velocidade Incompatível,Colisão transversal,Com Vítimas Feridas,Pleno dia,Crescente,Céu Claro,Simples,Reta,Não,2,0,1,0,1,0,1,2,-27.665707,-48.688065,SPRF-SC,DEL01-SC,UOP02-DEL01-SC,2023
"525454,0",2023-05-26,sexta-feira,17:40:00,SC,282,"17,0",PALHOCA,Reação tardia ou ineficiente do condutor,Colisão transversal,Com Vítimas Feridas,Plena Noite,Crescente,Céu Claro,Simples,Reta;Interseção de Vias,Sim,2,0,1,0,1,0,1,2,-27.665707,-48.688065,SPRF-SC,DEL01-SC,UOP02-DEL01-SC,2023
"525456,0",2023-05-26,sexta-feira,17:50:00,SC,470,"136,5",RIO DO SUL,Reação tardia ou ineficiente do condutor,Atropelamento de Pedestre,Com Vítimas Feridas,Plena Noite,Decrescente,Céu Claro,Simples,Reta,Sim,2,0,0,1,1,0,1,2,-27.19565176,-49.62657452,SPRF-SC,DEL04-SC,UOP02-DEL04-SC,2023
"525467,0",2023-05-26,sexta-feira,18:05:00,SC,101,"332,0",TUBARAO,Condutor deixou de manter distância do veículo da frente,Colisão traseira,Com Vítimas Feridas,Plena Noite,Crescente,Céu Claro,Múltipla,Curva,Sim,2,0,0,1,1,0,1,2,-28.46016431,-48.98968873,SPRF-SC,DEL02-SC,UOP01-DEL02-SC,2023
"525504,0",2023-05-26,sexta-feira,20:15:00,SC,101,"145,3",ITAPEMA,Reação tardia ou ineficiente do condutor,Colisão traseira,Com Vítimas Feridas,Plena Noite,Decrescente,Nublado,Dupla,Aclive,Não,2,0,1,0,1,0,1,2,-27.08139206,-48.60130993,SPRF-SC,DEL04-SC,UOP03-DEL04-SC,2023
"525510,0",2023-05-26,sexta-feira,18:45:00,SC,280,"49,4",GUARAMIRIM,Acesso irregular,Colisão traseira,Com Vítimas Feridas,Plena Noite,Decrescente,Céu Claro,Simples,Reta;Em Obras,Não,2,0,0,2,0,0,2,2,-26.45850039,-48.93692786,SPRF-SC,DEL03-SC,UOP03-DEL03-SC,2023
"525515,0",2023-05-26,sexta-feira,20:25:00,SC,470,"122,0",IBIRAMA,Acessar a via sem observar a presença dos outros veículos,Colisão transversal,Com Vítimas Feridas,Plena Noite,Crescente,Nublado,Simples,Curva,Sim,2,0,0,1,1,0,1,2,-27.099888,-49.527679,SPRF-SC,DEL04-SC,UOP02-DEL04-SC,2023
"525532,0",2023-05-26,sexta-feira,19:20:00,SC,101,"34,9",JOINVILLE,Ausência de reação do condutor,Tombamento,Com Vítimas Feridas,Plena Noite,Crescente,Céu Claro,Dupla,Curva;Declive,Sim,2,0,1,0,1,0,1,2,-26.23667403,-48.91486706,SPRF-SC,DEL03-SC,UOP01-DEL03-SC,2023
"525549,0",2023-05-27,sábado,01:15:00,SC,101,"209,4",SAO JOSE,Velocidade Incompatível,Colisão com objeto,Com Vítimas Feridas,Plena Noite,Crescente,Céu Claro,Múltipla,Reta,Não,1,0,0,1,0,0,1,1,-27.61000542,-48.63895057,SPRF-SC,DEL01-SC,UOP01-DEL01-SC,2023
"525551,0",2023-05-27,sábado,01:30:00,SC,101,"209,8",SAO JOSE,Ausência de reação do condutor,Colisão traseira,Com Vítimas Feridas,Plena Noite,Crescente,Nublado,Múltipla,Reta,Sim,2,0,1,0,1,0,1,2,-27.61000542,-48.63895057,SPRF-SC,DEL01-SC,UOP01-DEL01-SC,2023
"525564,0",2023-05-27,sábado,02:40:00,SC,470,"134,0",RIO DO SUL,Reação tardia ou ineficiente do condutor,Saída de leito carroçável,Sem Vítimas,Plena Noite,Crescente,Nublado,Simples,Curva,Sim,1,0,0,0,0,1,0,1,-27.181854,-49.600128,SPRF-SC,DEL04-SC,UOP02-DEL04-SC,2023
"525582,0",2023-05-27,sábado,06:10:00,SC,101,"155,0",PORTO BELO,Reação tardia ou ineficiente do condutor,Colisão transversal,Com Vítimas Feridas,Amanhecer,Crescente,Céu Claro,Múltipla,Interseção de Vias;Reta,Sim,2,0,0,1,1,0,1,2,-27.16292,-48.61129,SPRF-SC,DEL04-SC,UOP03-DEL04-SC,2023
"525590,0",2023-05-27,sábado,06:00:00,SC,101,"363,0",SANGAO,Ausência de reação do condutor,Saída de leito carroçável,Sem Vítimas,Amanhecer,Decrescente,Céu Claro,Dupla,Reta,Não,1,0,0,0,0,1,0,1,-28.67634681,-49.12963202,SPRF-SC,DEL02-SC,UOP01-DEL02-SC,2023
"525594,0",2023-04-01,sábado,20:20:00,SC,101,"207,0",SAO JOSE,Ausência de reação do condutor,Colisão traseira,Com Vítimas Feridas,Plena Noite,Crescente,Céu Claro,Múltipla,Reta,Não,2,0,0,1,0,1,1,2,-27.60001226,-48.6226467,SPRF-SC,DEL01-SC,UOP01-DEL01-SC,2023
"525600,0",2023-05-27,sábado,08:30:00,SC,470,"129,0",LONTRAS,Reação tardia ou ineficiente do condutor,Capotamento,Com Vítimas Feridas,Pleno dia,Decrescente,Nublado,Simples,Curva,Não,2,0,2,0,0,0,2,1,-27.148499,-49.556137,SPRF-SC,DEL04-SC,UOP02-DEL04-SC,2023
"525616,0",2023-05-27,sábado,07:30:00,SC,282,"487,0",FAXINAL DOS GUEDES,Reação tardia ou ineficiente do condutor,Colisão frontal,Com Vítimas Feridas,Pleno dia,Crescente,Chuva,Simples,Rotatória,Sim,2,0,2,0,0,0,2,2,-26.85758,-52.263203,SPRF-SC,DEL07-SC,UOP01-DEL07-SC,2023
"525620,0",2023-05-27,sábado,06:25:00,SC,282,"389,0",JOACABA,Transitar na contramão,Colisão frontal,Com Vítimas Feridas,Pleno dia,Decrescente,Chuva,Simples,Reta;Aclive,Não,4,0,3,1,0,0,4,2,-27.178604,-51.541367,SPRF-SC,DEL07-SC,UOP05-DEL07-SC,2023
"525621,0",2023-05-27,sábado,08:50:00,SC,163,"70,8",SAO MIGUEL DO OESTE,Acessar a via sem observar a presença dos outros veículos,Colisão transversal,Sem Vítimas,Pleno dia,Decrescente,Nevoeiro/Neblina,Dupla,Interseção de Vias,Sim,2,0,0,0,2,0,0,2,-26.73461723,-53.50680015,SPRF-SC,DEL07-SC,UOP03-DEL07-SC,2023
"525634,0",2023-05-27,sábado,10:40:00,SC,101,"38,4",JOINVILLE,Desrespeitar a preferência no cruzamento,Colisão transversal,Com Vítimas Feridas,Pleno dia,Decrescente,Céu Claro,Dupla,Viaduto;Rotatória;Interseção de Vias,Sim,4,0,3,0,1,0,3,2,-26.296686,-48.883814,SPRF-SC,DEL03-SC,UOP01-DEL03-SC,2023
"525644,0",2023-05-27,sábado,13:20:00,SC,101,"214,0",PALHOCA,Manobra de mudança de faixa,Colisão lateral mesmo sentido,Com Vítimas Feridas,Pleno dia,Decrescente,Nublado,Dupla,Reta,Sim,2,0,1,0,1,0,1,2,-27.64443,-48.67057,SPRF-SC,DEL01-SC,UOP02-DEL01-SC,2023
"525645,0",2023-05-27,sábado,10:40:00,SC,101,"349,0",JAGUARUNA,Pista Escorregadia,Colisão com objeto,Com Vítimas Feridas,Pleno dia,Decrescente,Garoa/Chuvisco,Dupla,Curva;Declive,Não,6,0,1,0,3,2,1,3,-28.590783,-49.044733,SPRF-SC,DEL02-SC,UOP01-DEL02-SC,2023
"525657,0",2023-05-27,sábado,12:20:00,SC,163,"92,0",GUARACIABA,Acumulo de água sobre o pavimento,Saída de leito carroçável,Sem Vítimas,Pleno dia,Decrescente,Chuva,Múltipla,Curva,Não,2,0,0,0,1,1,0,2,-26.54949131,-53.51843834,SPRF-SC,DEL07-SC,UOP03-DEL07-SC,2023
"525661,0",2023-05-27,sábado,14:30:00,SC,101,"6,0",SAO JOSE,Reação tardia ou ineficiente do condutor,Colisão com objeto,Com Vítimas Feridas,Pleno dia,Decrescente,Garoa/Chuvisco,Simples,Curva,Sim,1,0,1,0,0,0,1,1,-27.58491412,-48.61774206,SPRF-SC,DEL03-SC,UOP01-DEL03-SC,2023
"525672,0",2023-05-27,sábado,16:30:00,SC,470,"157,7",TROMBUDO CENTRAL,Demais falhas na via,Colisão frontal,Com Vítimas Feridas,Anoitecer,Crescente,Chuva,Simples,Aclive;Curva,Não,7,0,2,0,5,0,2,3,-27.28699306,-49.77839291,SPRF-SC,DEL04-SC,UOP02-DEL04-SC,2023
"525680,0",2023-05-27,sábado,17:00:00,SC,101,"192,0",BIGUACU,Chuva,Saída de leito carroçável,Sem Vítimas,Anoitecer,Decrescente,Garoa/Chuvisco,Múltipla,Curva,Sim,2,0,0,0,2,0,0,1,-27.48443781,-48.64765238,SPRF-SC,DEL01-SC,UOP01-DEL01-SC,2023
"525691,0",2023-05-27,sábado,16:20:00,SC,280,"51,1",GUARAMIRIM,Desrespeitar a preferência no cruzamento,Colisão transversal,Com Vítimas Feridas,Pleno dia,Crescente,Céu Claro,Dupla,Rotatória,Não,3,0,2,0,1,0,2,3,-26.46538871,-48.95544449,SPRF-SC,DEL03-SC,UOP03-DEL03-SC,2023
"525699,0",2023-05-27,sábado,17:45:00,SC,116,"11,5",MAFRA,Condutor deixou de manter distância do veículo da frente,Colisão traseira,Sem Vítimas,Anoitecer,Decrescente,Chuva,Simples,Reta;Declive,Não,2,0,0,0,2,0,0,2,-26.17627262,-49.8580203,SPRF-SC,DEL06-SC,UOP01-DEL06-SC,2023
"525700,0",2023-05-27,sábado,18:15:00,SC,116,"3,8",MAFRA,Ingestão de álcool pelo condutor,Colisão lateral mesmo sentido,Sem Vítimas,Plena Noite,Crescente,Chuva,Simples,Reta,Sim,2,0,0,0,2,0,0,2,-26.13073161,-49.79922442,SPRF-SC,DEL06-SC,UOP01-DEL06-SC,2023
"525722,0",2023-04-07,sexta-feira,22:45:00,SC,101,"138,5",BALNEARIO CAMBORIU,Acumulo de água sobre o pavimento,Colisão com objeto,Com Vítimas Feridas,Plena Noite,Decrescente,Chuva,Múltipla,Curva,Sim,2,0,2,0,0,0,2,1,-27.0275096,-48.60554338,SPRF-SC,DEL04-SC,UOP03-DEL04-SC,2023
"525733,0",2023-05-27,sábado,20:30:00,SC,282,"16,5",PALHOCA,Demais falhas na via,Saída de leito carroçável,Sem Vítimas,Plena Noite,Decrescente,Nublado,Simples,Reta,Sim,1,0,0,0,1,0,0,1,-27.658611,-48.681847,SPRF-SC,DEL01-SC,UOP02-DEL01-SC,2023
"525745,0",2023-05-27,sábado,21:17:00,SC,101,"112,0",ITAJAI,Ausência de reação do condutor,Colisão traseira,Com Vítimas Feridas,Plena Noite,Crescente,Nublado,Múltipla,Reta,Não,2,0,1,0,1,0,1,2,-26.84589005,-48.72131295,SPRF-SC,DEL04-SC,UOP04-DEL04-SC,2023
"525749,0",2023-05-27,sábado,21:30:00,SC,101,"148,0",ITAPEMA,Condutor deixou de manter distância do veículo da frente,Queda de ocupante de veículo,Com Vítimas Feridas,Plena Noite,Crescente,Céu Claro,Múltipla,Reta,Não,1,0,1,0,0,0,1,1,-27.10123686,-48.61807962,SPRF-SC,DEL04-SC,UOP03-DEL04-SC,2023
"525752,0",2023-05-27,sábado,21:20:00,SC,101,"110,3",PENHA,Reação tardia ou ineficiente do condutor,Saída de leito carroçável,Com Vítimas Feridas,Plena Noite,Decrescente,Chuva,Dupla,Curva,Sim,1,0,1,0,0,0,1,1,-26.83477,-48.706151,SPRF-SC,DEL04-SC,UOP04-DEL04-SC,2023
"525755,0",2023-05-27,sábado,18:00:00,SC,280,"204,0",MAFRA,Ausência de reação do condutor,Saída de leito carroçável,Com Vítimas Feridas,Anoitecer,Crescente,Chuva,Simples,Reta,Não,2,0,1,0,1,0,1,1,-26.16576739,-50.11188309,SPRF-SC,DEL06-SC,UOP01-DEL06-SC,2023
"525758,0",2023-05-27,sábado,19:50:00,SC,282,"581,6",PINHALZINHO,Ingestão de álcool pelo condutor,Colisão frontal,Com Vítimas Fatais,Plena Noite,Crescente,Nublado,Simples,Curva,Sim,6,2,0,4,0,0,4,3,-26.8284446,-52.9983871,SPRF-SC,DEL07-SC,UOP02-DEL07-SC,2023
"525766,0",2023-05-27,sábado,18:45:00,SC,116,"57,9",PAPANDUVA,Acessar a via sem observar a presença dos outros veículos,Colisão traseira,Com Vítimas Feridas,Plena Noite,Decrescente,Chuva,Simples,Curva,Não,3,0,2,0,0,1,2,2,-26.37833712,-50.19361496,SPRF-SC,DEL06-SC,UOP02-DEL06-SC,2023
"525800,0",2023-05-28,domingo,03:30:00,SC,282,"0,5",FLORIANOPOLIS,Ausência de reação do condutor,Colisão com objeto,Sem Vítimas,Plena Noite,Crescente,Céu Claro,Múltipla,Reta,Sim,2,0,0,0,2,0,0,1,-27.59845,-48.571995,SPRF-SC,DEL01-SC,UOP01-DEL01-SC,2023
"525801,0",2023-05-28,domingo,03:00:00,SC,101,"264,0",PAULO LOPES,Ingestão de álcool pelo condutor,Saída de leito carroçável,Sem Vítimas,Plena Noite,Crescente,Chuva,Dupla,Curva,Não,1,0,0,0,1,0,0,1,-28.05149404,-48.71632789,SPRF-SC,DEL02-SC,UOP03-DEL02-SC,2023
"525826,0",2023-05-28,domingo,06:15:00,SC,101,"328,0",CAPIVARI DE BAIXO,Ingestão de álcool pelo condutor,Saída de leito carroçável,Sem Vítimas,Amanhecer,Decrescente,Chuva,Dupla,Reta,Não,1,0,0,0,1,0,0,1,-28.43648094,-48.95989307,SPRF-SC,DEL02-SC,UOP01-DEL02-SC,2023
"525827,0",2023-05-28,domingo,04:50:00,SC,101,"333,0",TUBARAO,Ingestão de álcool pelo condutor,Colisão com objeto,Com Vítimas Feridas,Plena Noite,Decrescente,Nublado,Simples,Interseção de Vias,Sim,1,0,1,0,0,0,1,1,-28.46630107,-48.99653096,SPRF-SC,DEL02-SC,UOP01-DEL02-SC,2023
"525838,0",2023-05-28,domingo,08:20:00,SC,280,"136,0",RIO NEGRINHO,Ausência de reação do condutor,Colisão traseira,Sem Vítimas,Pleno dia,Decrescente,Chuva,Simples,Reta;Aclive,Não,3,0,0,0,3,0,0,2,-26.270102,-49.58121,SPRF-SC,DEL06-SC,UOP03-DEL06-SC,2023
"525843,0",2023-05-28,domingo,07:55:00,SC,101,"181,8",BIGUACU,Ausência de reação do condutor,Capotamento,Com Vítimas Feridas,Pleno dia,Decrescente,Nublado,Dupla,Reta,Não,3,0,2,0,1,0,2,1,-27.38958699,-48.63197593,SPRF-SC,DEL01-SC,UOP01-DEL01-SC,2023
"525863,0",2023-05-28,domingo,07:50:00,SC,282,"588,2",SAUDADES,Velocidade Incompatível,Saída de leito carroçável,Com Vítimas Fatais,Pleno dia,Decrescente,Nublado,Simples,Curva,Não,1,1,0,0,0,0,0,1,-26.82633988,-53.0565834,SPRF-SC,DEL07-SC,UOP02-DEL07-SC,2023
"525869,0",2023-05-28,domingo,10:00:00,SC,470,"188,0",POUSO REDONDO,Velocidade Incompatível,Saída de leito carroçável,Com Vítimas Feridas,Pleno dia,Decrescente,Chuva,Simples,Curva,Não,3,0,2,0,1,0,2,1,-27.266893,-50.060116,SPRF-SC,DEL04-SC,UOP02-DEL04-SC,2023
"525885,0",2023-05-28,domingo,17:00:00,SC,101,"190,5",BIGUACU,Ausência de reação do condutor,Saída de leito carroçável,Com Vítimas Feridas,Anoitecer,Decrescente,Chuva,Dupla,Curva,Sim,3,0,1,0,1,1,1,2,-27.468056,-48.641712,SPRF-SC,DEL01-SC,UOP01-DEL01-SC,2023
"525897,0",2023-05-28,domingo,14:20:00,SC,101,"139,0",BALNEARIO CAMBORIU,Reação tardia ou ineficiente do condutor,Capotamento,Com Vítimas Feridas,Pleno dia,Decrescente,Garoa/Chuvisco,Simples,Curva,Sim,1,0,1,0,0,0,1,1,-27.02982303,-48.60115006,SPRF-SC,DEL04-SC,UOP03-DEL04-SC,2023
"525911,0",2023-05-28,domingo,14:15:00,SC,101,"289,5",IMBITUBA,Condutor Dormindo,Colisão com objeto,Sem Vítimas,Pleno dia,Crescente,Nublado,Dupla,Curva,Sim,1,0,0,0,1,0,0,1,-28.25395282,-48.70289554,SPRF-SC,DEL02-SC,UOP03-DEL02-SC,2023
"525935,0",2023-05-28,domingo,18:20:00,SC,101,"71,0",ARAQUARI,Reação tardia ou ineficiente do condutor,Saída de leito carroçável,Com Vítimas Feridas,Plena Noite,Crescente,Chuva,Dupla,Reta,Não,1,0,1,0,0,0,1,1,-26.5183913,-48.7191081,SPRF-SC,DEL03-SC,UOP02-DEL03-SC,2023
"525951,0",2023-05-28,domingo,20:00:00,SC,470,"162,4",POUSO REDONDO,Velocidade Incompatível,Saída de leito carroçável,Com Vítimas Feridas,Plena Noite,Crescente,Chuva,Simples,Curva,Não,1,0,1,0,0,0,1,1,-27.282606,-49.817101,SPRF-SC,DEL04-SC,UOP02-DEL04-SC,2023
"525954,0",2023-05-28,domingo,18:15:00,SC,280,"155,0",MAFRA,Ausência de reação do condutor,Saída de leito carroçável,Com Vítimas Feridas,Plena Noite,Crescente,Chuva,Simples,Curva,Não,1,0,1,0,0,0,1,1,-26.19986048,-49.74292338,SPRF-SC,DEL06-SC,UOP03-DEL06-SC,2023
"525958,0",2023-05-28,domingo,18:00:00,SC,280,"92,3",CORUPA,Desvio temporário,Saída de leito carroçável,Com Vítimas Feridas,Plena Noite,Crescente,Garoa/Chuvisco,Simples,Reta;Aclive,Não,3,0,2,1,0,0,3,1,-26.39448258,-49.2950379,SPRF-SC,DEL06-SC,UOP03-DEL06-SC,2023
"525959,0",2023-05-28,domingo,18:40:00,SC,101,"134,0",BALNEARIO CAMBORIU,Reação tardia ou ineficiente do condutor,Colisão traseira,Com Vítimas Feridas,Plena Noite,Crescente,Chuva,Múltipla,Reta,Sim,2,0,1,0,1,0,1,2,-27.00218,-48.636433,SPRF-SC,DEL04-SC,UOP03-DEL04-SC,2023
"525963,0",2023-05-28,domingo,18:10:00,SC,116,"10,4",MAFRA,Ingestão de álcool pelo condutor,Colisão frontal,Com Vítimas Feridas,Anoitecer,Crescente,Chuva,Simples,Curva;Declive,Não,4,0,1,0,3,0,1,2,-26.16829411,-49.85476074,SPRF-SC,DEL06-SC,UOP01-DEL06-SC,2023
"525977,0",2023-05-28,domingo,22:50:00,SC,101,"139,0",BALNEARIO CAMBORIU,Reação tardia ou ineficiente do condutor,Colisão com objeto,Com Vítimas Feridas,Plena Noite,Decrescente,Garoa/Chuvisco,Simples,Curva,Sim,1,0,1,0,0,0,1,1,-27.02982303,-48.60115006,SPRF-SC,DEL04-SC,UOP03-DEL04-SC,2023
"525985,0",2023-05-28,domingo,17:45:00,SC,101,"139,0",BALNEARIO CAMBORIU,Velocidade Incompatível,Colisão com objeto,Com Vítimas Feridas,Anoitecer,Crescente,Chuva,Múltipla,Aclive;Viaduto;Curva,Sim,2,0,2,0,0,0,2,1,-27.02982303,-48.60115006,SPRF-SC,DEL04-SC,UOP03-DEL04-SC,2023
"525987,0",2023-05-28,domingo,22:30:00,SC,101,"162,0",PORTO BELO,Ausência de reação do condutor,Colisão com objeto,Com Vítimas Feridas,Plena Noite,Decrescente,Ignorado,Dupla,Reta,Sim,1,0,1,0,0,0,1,1,-27.22554009,-48.6279367,SPRF-SC,DEL04-SC,UOP03-DEL04-SC,2023
"526030,0",2023-05-29,segunda-feira,08:00:00,SC,101,"132,0",BALNEARIO CAMBORIU,Acessar a via sem observar a presença dos outros veículos,Colisão transversal,Com Vítimas Feridas,Pleno dia,Decrescente,Nublado,Simples,Interseção de Vias,Não,2,0,0,1,1,0,1,2,-26.99654133,-48.65564711,SPRF-SC,DEL04-SC,UOP03-DEL04-SC,2023
"526031,0",2023-05-29,segunda-feira,07:30:00,SC,101,"197,3",BIGUACU,Acessar a via sem observar a presença dos outros veículos,Colisão transversal,Com Vítimas Feridas,Pleno dia,Crescente,Nublado,Múltipla,Rotatória,Sim,2,0,0,1,1,0,1,2,-27.51844497,-48.63848496,SPRF-SC,DEL01-SC,UOP01-DEL01-SC,2023
"526040,0",2023-05-29,segunda-feira,07:30:00,SC,101,"416,9",ARARANGUA,Ausência de reação do condutor,Colisão lateral mesmo sentido,Com Vítimas Feridas,Pleno dia,Decrescente,Nublado,Múltipla,Reta,Sim,3,0,1,1,0,1,2,3,-28.96708874,-49.52338825,SPRF-SC,DEL02-SC,UOP02-DEL02-SC,2023
"526041,0",2023-05-29,segunda-feira,07:10:00,SC,280,"67,0",JARAGUA DO SUL,Conversão proibida,Colisão transversal,Com Vítimas Feridas,Pleno dia,Decrescente,Nublado,Simples,Reta,Não,2,0,1,0,1,0,1,2,-26.4775146,-49.10363575,SPRF-SC,DEL03-SC,UOP03-DEL03-SC,2023
"526048,0",2023-05-29,segunda-feira,08:10:00,SC,101,"222,0",PALHOCA,Manobra de mudança de faixa,Colisão lateral mesmo sentido,Com Vítimas Feridas,Pleno dia,Decrescente,Nublado,Dupla,Reta,Sim,2,0,1,0,1,0,1,2,-27.70865409,-48.65586407,SPRF-SC,DEL01-SC,UOP02-DEL01-SC,2023
"526063,0",2023-05-01,segunda-feira,07:00:00,SC,282,"493,0",FAXINAL DOS GUEDES,Ausência de reação do condutor,Saída de leito carroçável,Com Vítimas Fatais,Pleno dia,Decrescente,Céu Claro,Simples,Rotatória,Não,1,1,0,0,0,0,0,1,-26.8717596,-52.3009521,SPRF-SC,DEL07-SC,UOP01-DEL07-SC,2023
"526075,0",2023-05-05,sexta-feira,07:36:00,SC,282,"16,0",PALHOCA,Acessar a via sem observar a presença dos outros veículos,Tombamento,Com Vítimas Feridas,Pleno dia,Decrescente,Ignorado,Simples,Reta,Sim,2,0,0,1,0,1,1,2,-27.658611,-48.681847,SPRF-SC,DEL01-SC,UOP02-DEL01-SC,2023
"526095,0",2023-05-29,segunda-feira,12:35:00,SC,101,"211,8",PALHOCA,Ausência de reação do condutor,Colisão traseira,Com Vítimas Feridas,Pleno dia,Decrescente,Céu Claro,Múltipla,Reta,Sim,4,0,1,0,3,0,1,2,-27.62329313,-48.65245588,SPRF-SC,DEL01-SC,UOP02-DEL01-SC,2023
"526105,0",2023-05-29,segunda-feira,11:30:00,SC,280,"179,0",MAFRA,Ausência de reação do condutor,Colisão lateral sentido oposto,Com Vítimas Feridas,Pleno dia,Crescente,Nublado,Simples,Curva,Não,3,0,2,0,1,0,2,2,-26.17768641,-49.87831496,SPRF-SC,DEL06-SC,UOP01-DEL06-SC,2023
"526115,0",2023-05-29,segunda-feira,14:40:00,SC,101,"153,0",PORTO BELO,Acessar a via sem observar a presença dos outros veículos,Colisão traseira,Com Vítimas Feridas,Pleno dia,Crescente,Céu Claro,Dupla,Reta;Rotatória,Não,2,0,1,0,1,0,1,2,-27.144717,-48.61063935,SPRF-SC,DEL04-SC,UOP03-DEL04-SC,2023
"526155,0",2023-05-29,segunda-feira,17:00:00,SC,470,"75,0",INDAIAL,Acessar a via sem observar a presença dos outros veículos,Colisão transversal,Com Vítimas Feridas,Pleno dia,Decrescente,Nublado,Simples,Reta,Não,2,0,1,0,1,0,1,2,-26.924833,-49.284004,SPRF-SC,DEL04-SC,UOP01-DEL04-SC,2023
"526161,0",2023-05-29,segunda-feira,18:10:00,SC,470,"158,1",TROMBUDO CENTRAL,Acessar a via sem observar a presença dos outros veículos,Colisão transversal,Com Vítimas Feridas,Plena Noite,Crescente,Nublado,Simples,Reta,Sim,2,0,1,0,1,0,1,2,-27.28597282,-49.78231966,SPRF-SC,DEL04-SC,UOP02-DEL04-SC,2023
"526171,0",2023-05-29,segunda-feira,18:15:00,SC,280,"125,0",RIO NEGRINHO,Desrespeitar a preferência no cruzamento,Colisão transversal,Com Vítimas Feridas,Anoitecer,Decrescente,Nublado,Simples,Reta,Sim,3,0,2,0,1,0,2,2,-26.23763684,-49.48434497,SPRF-SC,DEL06-SC,UOP03-DEL06-SC,2023
"526209,0",2023-05-30,terça-feira,06:20:00,SC,101,"105,0",PENHA,Ausência de reação do condutor,Colisão frontal,Com Vítimas Feridas,Amanhecer,Decrescente,Nublado,Múltipla,Curva,Sim,2,0,2,0,0,0,2,2,-26.80215497,-48.67891041,SPRF-SC,DEL03-SC,UOP02-DEL03-SC,2023
"526238,0",2023-05-30,terça-feira,07:30:00,SC,280,"80,0",CORUPA,Acessar a via sem observar a presença dos outros veículos,Colisão traseira,Com Vítimas Feridas,Pleno dia,Crescente,Garoa/Chuvisco,Simples,Reta,Sim,2,0,1,0,1,0,1,2,-26.44412189,-49.20975187,SPRF-SC,DEL06-SC,UOP03-DEL06-SC,2023
"526245,0",2023-05-30,terça-feira,09:00:00,SC,101,"335,0",TUBARAO,Manobra de mudança de faixa,Colisão traseira,Com Vítimas Feridas,Pleno dia,Decrescente,Céu Claro,Dupla,Reta,Sim,3,0,1,0,2,0,1,3,-28.47502906,-49.02683258,SPRF-SC,DEL02-SC,UOP01-DEL02-SC,2023
"526282,0",2023-05-30,terça-feira,14:45:00,SC,101,"200,1",SAO JOSE,Condutor deixou de manter distância do veículo da frente,Colisão traseira,Com Vítimas Feridas,Pleno dia,Crescente,Nublado,Múltipla,Aclive,Sim,2,0,1,0,0,1,1,2,-27.54018513,-48.62287714,SPRF-SC,DEL01-SC,UOP01-DEL01-SC,2023