id,data_inversa,dia_semana,horario,uf,br,km,municipio,causa_acidente,tipo_acidente,classificacao_acidente,fase_dia,sentido_via,condicao_metereologica,tipo_pista,tracado_via,uso_solo,pessoas,mortos,feridos_leves,feridos_graves,ilesos,ignorados,feridos,veiculos,latitude,longitude,regional,delegacia,uop,ano_arquivo
"526294,0",2023-05-30,terça-feira,15:50:00,SC,101,"119,0",ITAJAI,Ausência de reação do condutor,Colisão lateral mesmo sentido,Com Vítimas Feridas,Pleno dia,Decrescente,Nublado,Dupla,Reta,Sim,2,0,1,0,1,0,1,2,-26.9043179,-48.71555481,SPRF-SC,DEL04-SC,UOP04-DEL04-SC,2023
"526324,0",2023-05-30,terça-feira,17:50:00,SC,101,"419,0",ARARANGUA,Entrada inopinada do pedestre,Atropelamento de Pedestre,Com Vítimas Feridas,Plena Noite,Crescente,Nublado,Simples,Reta,Sim,2,0,2,0,0,0,2,2,-28.99566972,-49.55294251,SPRF-SC,DEL02-SC,UOP02-DEL02-SC,2023
"526325,0",2023-05-30,terça-feira,17:40:00,SC,101,"434,0",SOMBRIO,Transitar na contramão,Colisão frontal,Com Vítimas Feridas,Anoitecer,Crescente,Céu Claro,Múltipla,Reta,Sim,3,0,1,0,2,0,1,2,-29.09075196,-49.63226114,SPRF-SC,DEL02-SC,UOP02-DEL02-SC,2023
"526328,0",2023-05-30,terça-feira,19:00:00,SC,282,"5,7",SAO JOSE,Ausência de reação do condutor,Colisão traseira,Com Vítimas Feridas,Plena Noite,Crescente,Céu Claro,Dupla,Viaduto;Reta,Não,2,0,0,1,1,0,1,2,-27.588425,-48.612919,SPRF-SC,DEL01-SC,UOP01-DEL01-SC,2023
"526333,0",2023-05-30,terça-feira,18:20:00,SC,116,"209,0",PONTE ALTA,Acessar a via sem observar a presença dos outros veículos,Colisão traseira,Sem Vítimas,Plena Noite,Crescente,Nublado,Simples,Reta,Não,3,0,0,0,3,0,0,2,-27.4978549,-50.36801219,SPRF-SC,DEL05-SC,UOP03-DEL05-SC,2023
"526351,0",2023-05-30,terça-feira,19:50:00,SC,280,"73,3",JARAGUA DO SUL,Ausência de reação do condutor,Saída de leito carroçável,Com Vítimas Feridas,Plena Noite,Decrescente,Nublado,Simples,Reta,Não,2,0,1,0,1,0,1,1,-26.45917102,-49.15245,SPRF-SC,DEL03-SC,UOP03-DEL03-SC,2023
"526357,0",2023-05-30,terça-feira,18:15:00,SC,470,"68,4",INDAIAL,Pedestre cruzava a pista fora da faixa,Atropelamento de Pedestre,Com Vítimas Feridas,Plena Noite,Crescente,Garoa/Chuvisco,Dupla,Em Obras;Reta,Não,2,0,1,0,0,1,1,2,-26.88035411,-49.24269676,SPRF-SC,DEL04-SC,UOP01-DEL04-SC,2023
"526400,0",2023-05-31,quarta-feira,04:00:00,SC,280,"79,9",CORUPA,Ausência de reação do condutor,Colisão com objeto,Com Vítimas Feridas,Amanhecer,Crescente,Nublado,Simples,Reta,Não,1,0,1,0,0,0,1,1,-26.44657315,-49.20157809,SPRF-SC,DEL06-SC,UOP03-DEL06-SC,2023
"526435,0",2023-02-27,segunda-feira,19:40:00,SC,101,"116,0",ITAJAI,Acumulo de areia ou detritos sobre o pavimento,Colisão com objeto,Com Vítimas Feridas,Plena Noite,Crescente,Céu Claro,Dupla,Reta,Sim,1,0,0,1,0,0,1,1,-26.87905605,-48.72603512,SPRF-SC,DEL04-SC,UOP04-DEL04-SC,2023
"526462,0",2023-05-31,quarta-feira,13:00:00,SC,101,"236,3",PALHOCA,Condutor Dormindo,Saída de leito carroçável,Com Vítimas Feridas,Pleno dia,Crescente,Céu Claro,Dupla,Reta,Não,1,0,1,0,0,0,1,1,-27.82629382,-48.63034842,SPRF-SC,DEL01-SC,UOP02-DEL01-SC,2023
"526473,0",2023-05-21,domingo,15:30:00,SC,470,"35,6",GASPAR,Trafegar com motocicleta (ou similar) entre as faixas,Colisão lateral mesmo sentido,Com Vítimas Feridas,Pleno dia,Decrescente,Céu Claro,Simples,Desvio Temporário;Em Obras,Não,3,0,1,0,2,0,1,2,-26.91407912,-48.96801895,SPRF-SC,DEL04-SC,UOP01-DEL04-SC,2023
"526489,0",2023-05-31,quarta-feira,12:50:00,SC,101,"131,0",BALNEARIO CAMBORIU,Transitar na contramão,Colisão lateral sentido oposto,Sem Vítimas,Pleno dia,Crescente,Céu Claro,Simples,Curva,Sim,2,0,0,0,1,1,0,2,-26.99064209,-48.66310912,SPRF-SC,DEL04-SC,UOP03-DEL04-SC,2023
"526558,0",2023-05-31,quarta-feira,23:00:00,SC,101,"193,0",BIGUACU,Acessar a via sem observar a presença dos outros veículos,Colisão lateral mesmo sentido,Com Vítimas Feridas,Plena Noite,Crescente,Céu Claro,Simples,Curva,Sim,3,0,1,0,2,0,1,2,-27.489574,-48.655914,SPRF-SC,DEL01-SC,UOP01-DEL01-SC,2023
"526568,0",2023-05-31,quarta-feira,23:15:00,SC,282,"285,8",SAO JOSE DO CERRITO,Transitar na contramão,Colisão frontal,Com Vítimas Feridas,Plena Noite,Crescente,Céu Claro,Simples,Reta,Não,3,0,2,1,0,0,3,2,-27.574823,-50.801476,SPRF-SC,DEL05-SC,UOP02-DEL05-SC,2023
"526582,0",2023-06-01,quinta-feira,06:40:00,SC,101,"203,0",SAO JOSE,Ausência de reação do condutor,Capotamento,Com Vítimas Feridas,Pleno dia,Decrescente,Céu Claro,Múltipla,Reta,Não,4,0,2,0,2,0,2,1,-27.5650044,-48.61460082,SPRF-SC,DEL01-SC,UOP01-DEL01-SC,2023
"526584,0",2023-03-14,terça-feira,15:10:00,SC,282,"382,0",HERVAL DOESTE,Acessar a via sem observar a presença dos outros veículos,Colisão transversal,Com Vítimas Feridas,Pleno dia,Crescente,Sol,Simples,Reta;Declive,Não,2,0,1,0,1,0,1,2,-27.19607,-51.503044,SPRF-SC,DEL07-SC,UOP05-DEL07-SC,2023
"526600,0",2023-06-01,quinta-feira,07:35:00,SC,101,"225,9",PALHOCA,Velocidade Incompatível,Colisão lateral mesmo sentido,Com Vítimas Feridas,Pleno dia,Decrescente,Céu Claro,Dupla,Reta,Não,2,0,0,1,0,1,1,2,-27.73292191,-48.6409567,SPRF-SC,DEL01-SC,UOP02-DEL01-SC,2023
"526624,0",2023-06-01,quinta-feira,07:35:00,SC,280,"29,0",ARAQUARI,Trafegar com motocicleta (ou similar) entre as faixas,Colisão transversal,Com Vítimas Feridas,Pleno dia,Crescente,Céu Claro,Simples,Reta,Sim,2,0,1,0,1,0,1,2,-26.41066264,-48.75295628,SPRF-SC,DEL03-SC,UOP03-DEL03-SC,2023
"526660,0",2023-06-01,quinta-feira,12:15:00,SC,101,"123,1",ITAJAI,Desrespeitar a preferência no cruzamento,Colisão transversal,Com Vítimas Feridas,Pleno dia,Decrescente,Céu Claro,Múltipla,Interseção de Vias;Viaduto,Sim,2,0,1,0,1,0,1,2,-26.9373905,-48.69765645,SPRF-SC,DEL04-SC,UOP04-DEL04-SC,2023
"526692,0",2023-06-01,quinta-feira,15:00:00,SC,470,"174,0",POUSO REDONDO,Desrespeitar a preferência no cruzamento,Colisão transversal,Com Vítimas Feridas,Pleno dia,Crescente,Sol,Simples,Reta,Sim,2,0,0,1,1,0,1,2,-27.258179,-49.929146,SPRF-SC,DEL04-SC,UOP02-DEL04-SC,2023
"526703,0",2023-06-01,quinta-feira,16:35:00,SC,470,"65,1",INDAIAL,Condutor deixou de manter distância do veículo da frente,Colisão traseira,Com Vítimas Feridas,Anoitecer,Crescente,Céu Claro,Simples,Em Obras;Reta,Não,2,0,1,0,1,0,1,2,-26.870411,-49.211864,SPRF-SC,DEL04-SC,UOP01-DEL04-SC,2023
"526708,0",2023-06-01,quinta-feira,18:15:00,SC,480,"129,9",CHAPECO,Acessar a via sem observar a presença dos outros veículos,Colisão transversal,Com Vítimas Feridas,Plena Noite,Crescente,Céu Claro,Dupla,Interseção de Vias,Sim,2,0,1,0,1,0,1,2,-27.04656607,-52.63577131,SPRF-SC,DEL07-SC,UOP01-DEL07-SC,2023
"526726,0",2023-06-01,quinta-feira,19:15:00,SC,101,"206,0",SAO JOSE,Manobra de mudança de faixa,Colisão lateral mesmo sentido,Com Vítimas Feridas,Plena Noite,Crescente,Céu Claro,Dupla,Reta,Sim,3,0,1,0,1,1,1,3,-27.59193546,-48.61824557,SPRF-SC,DEL01-SC,UOP01-DEL01-SC,2023
"526729,0",2023-06-01,quinta-feira,18:45:00,SC,101,"218,3",PALHOCA,Condutor deixou de manter distância do veículo da frente,Colisão lateral mesmo sentido,Com Vítimas Feridas,Plena Noite,Crescente,Céu Claro,Dupla,Em Obras,Não,2,0,1,0,1,0,1,2,-27.6758601,-48.67052525,SPRF-SC,DEL01-SC,UOP02-DEL01-SC,2023
"526730,0",2023-06-01,quinta-feira,18:40:00,SC,470,"70,5",INDAIAL,Acesso irregular,Queda de ocupante de veículo,Com Vítimas Feridas,Plena Noite,Crescente,Céu Claro,Simples,Em Obras;Reta,Sim,1,0,1,0,0,0,1,1,-26.889374,-49.254478,SPRF-SC,DEL04-SC,UOP01-DEL04-SC,2023
"526760,0",2023-06-01,quinta-feira,18:10:00,SC,101,"87,0",BARRA VELHA,Desrespeitar a preferência no cruzamento,Colisão transversal,Com Vítimas Feridas,Plena Noite,Crescente,Céu Claro,Dupla,Interseção de Vias;Reta;Declive,Sim,3,0,1,0,0,2,1,3,-26.64683255,-48.68727028,SPRF-SC,DEL03-SC,UOP02-DEL03-SC,2023
"526763,0",2023-06-01,quinta-feira,19:55:00,SC,282,"3,0",FLORIANOPOLIS,Manobra de mudança de faixa,Colisão lateral mesmo sentido,Com Vítimas Feridas,Plena Noite,Crescente,Céu Claro,Dupla,Reta,Sim,2,0,1,0,1,0,1,2,-27.600384,-48.599705,SPRF-SC,DEL01-SC,UOP01-DEL01-SC,2023
"526776,0",2023-06-01,quinta-feira,21:10:00,SC,101,"309,0",LAGUNA,Transitar na contramão,Colisão frontal,Com Vítimas Feridas,Plena Noite,Decrescente,Céu Claro,Simples,Reta,Não,2,0,0,1,1,0,1,2,-28.42408985,-48.79948854,SPRF-SC,DEL02-SC,UOP01-DEL02-SC,2023
"526786,0",2023-06-02,sexta-feira,02:15:00,SC,101,"409,9",ARARANGUA,Ausência de reação do condutor,Colisão frontal,Sem Vítimas,Plena Noite,Crescente,Céu Claro,Simples,Reta,Sim,2,0,0,0,2,0,0,2,-28.93979904,-49.49754953,SPRF-SC,DEL02-SC,UOP02-DEL02-SC,2023
"526790,0",2023-06-02,sexta-feira,03:35:00,SC,101,"195,1",BIGUACU,Condutor Dormindo,Colisão com objeto,Sem Vítimas,Plena Noite,Crescente,Céu Claro,Múltipla,Viaduto;Interseção de Vias;Curva,Sim,1,0,0,0,0,1,0,1,-27.5047092,-48.65010819,SPRF-SC,DEL01-SC,UOP01-DEL01-SC,2023
"526791,0",2023-06-02,sexta-feira,02:50:00,SC,470,"169,0",POUSO REDONDO,Transitar na contramão,Colisão frontal,Com Vítimas Feridas,Plena Noite,Crescente,Nevoeiro/Neblina,Simples,Reta,Não,2,0,0,1,1,0,1,2,-27.265471,-49.882442,SPRF-SC,DEL04-SC,UOP02-DEL04-SC,2023
"526797,0",2023-06-02,sexta-feira,06:00:00,SC,101,"200,0",SAO JOSE,Condutor deixou de manter distância do veículo da frente,Colisão traseira,Com Vítimas Feridas,Plena Noite,Decrescente,Céu Claro,Dupla,Curva,Sim,2,0,1,0,0,1,1,2,-27.54018513,-48.62287714,SPRF-SC,DEL01-SC,UOP01-DEL01-SC,2023
"526806,0",2023-06-02,sexta-feira,06:40:00,SC,280,"128,9",RIO NEGRINHO,Transitar na contramão,Colisão frontal,Com Vítimas Feridas,Amanhecer,Crescente,Nevoeiro/Neblina,Simples,Reta;Aclive,Sim,2,0,0,1,1,0,1,2,-26.25414155,-49.53526676,SPRF-SC,DEL06-SC,UOP03-DEL06-SC,2023
"526816,0",2023-06-02,sexta-feira,07:30:00,SC,101,"212,0",PALHOCA,Trafegar com motocicleta (ou similar) entre as faixas,Colisão lateral mesmo sentido,Com Vítimas Feridas,Pleno dia,Decrescente,Céu Claro,Dupla,Reta,Sim,3,0,0,1,2,0,1,3,-27.62996929,-48.65903871,SPRF-SC,DEL01-SC,UOP02-DEL01-SC,2023
"526818,0",2023-06-02,sexta-feira,07:50:00,SC,101,"204,8",SAO JOSE,Ausência de reação do condutor,Colisão traseira,Com Vítimas Feridas,Pleno dia,Crescente,Céu Claro,Múltipla,Reta,Sim,5,0,1,0,3,1,1,4,-27.58313237,-48.61532885,SPRF-SC,DEL01-SC,UOP01-DEL01-SC,2023
"526822,0",2023-06-02,sexta-feira,07:22:00,SC,470,"70,5",INDAIAL,Trafegar com motocicleta (ou similar) entre as faixas,Colisão transversal,Com Vítimas Feridas,Pleno dia,Decrescente,Céu Claro,Simples,Reta,Não,2,0,1,0,1,0,1,2,-26.89276237,-49.25884902,SPRF-SC,DEL04-SC,UOP01-DEL04-SC,2023
"526828,0",2023-06-02,sexta-feira,07:15:00,SC,282,"18,0",PALHOCA,Trafegar com motocicleta (ou similar) entre as faixas,Colisão frontal,Com Vítimas Feridas,Pleno dia,Decrescente,Sol,Simples,Reta,Não,2,0,1,0,1,0,1,2,-27.672798,-48.694286,SPRF-SC,DEL01-SC,UOP02-DEL01-SC,2023
"526854,0",2023-06-02,sexta-feira,10:22:00,SC,101,"208,0",SAO JOSE,Ausência de reação do condutor,Colisão traseira,Com Vítimas Feridas,Pleno dia,Crescente,Céu Claro,Múltipla,Reta,Não,2,0,1,0,1,0,1,2,-27.60327979,-48.63201818,SPRF-SC,DEL01-SC,UOP01-DEL01-SC,2023
"526871,0",2023-06-02,sexta-feira,12:50:00,SC,101,"206,2",SAO JOSE,Acessar a via sem observar a presença dos outros veículos,Colisão lateral mesmo sentido,Com Vítimas Feridas,Pleno dia,Decrescente,Céu Claro,Múltipla,Reta,Sim,2,0,1,0,1,0,1,2,-27.59193546,-48.61824557,SPRF-SC,DEL01-SC,UOP01-DEL01-SC,2023
"526899,0",2023-06-02,sexta-feira,15:45:00,SC,101,"119,9",ITAJAI,Trafegar com motocicleta (ou similar) entre as faixas,Colisão lateral mesmo sentido,Com Vítimas Feridas,Pleno dia,Crescente,Céu Claro,Dupla,Reta,Não,2,0,0,1,1,0,1,2,-26.9043179,-48.71555481,SPRF-SC,DEL04-SC,UOP04-DEL04-SC,2023
"526904,0",2023-06-02,sexta-feira,15:30:00,SC,101,"30,0",JOINVILLE,Manobra de mudança de faixa,Colisão lateral mesmo sentido,Com Vítimas Feridas,Pleno dia,Decrescente,Céu Claro,Dupla,Curva;Interseção de Vias,Não,3,0,2,0,1,0,2,2,-26.216931,-48.91612807,SPRF-SC,DEL03-SC,UOP01-DEL03-SC,2023
"526917,0",2023-06-02,sexta-feira,17:15:00,SC,101,"323,0",PESCARIA BRAVA,Reação tardia ou ineficiente do condutor,Colisão traseira,Com Vítimas Feridas,Pleno dia,Decrescente,Céu Claro,Dupla,Curva;Declive,Não,3,0,1,0,2,0,1,3,-28.42789556,-48.91248313,SPRF-SC,DEL02-SC,UOP01-DEL02-SC,2023
"526918,0",2023-06-02,sexta-feira,17:30:00,SC,101,"132,1",BALNEARIO CAMBORIU,Acessar a via sem observar a presença dos outros veículos,Colisão traseira,Com Vítimas Feridas,Anoitecer,Crescente,Céu Claro,Múltipla,Interseção de Vias,Não,2,0,1,0,1,0,1,2,-26.99654133,-48.65564711,SPRF-SC,DEL04-SC,UOP03-DEL04-SC,2023
"526927,0",2023-06-02,sexta-feira,17:50:00,SC,101,"122,0",ITAJAI,Reação tardia ou ineficiente do condutor,Colisão traseira,Com Vítimas Feridas,Anoitecer,Crescente,Céu Claro,Dupla,Reta,Sim,2,0,1,0,1,0,1,2,-26.92955916,-48.70499836,SPRF-SC,DEL04-SC,UOP04-DEL04-SC,2023
"526932,0",2023-06-02,sexta-feira,18:40:00,SC,101,"195,6",BIGUACU,Ausência de reação do condutor,Colisão traseira,Sem Vítimas,Plena Noite,Crescente,Céu Claro,Múltipla,Reta,Sim,2,0,0,0,2,0,0,2,-27.5047092,-48.65010819,SPRF-SC,DEL01-SC,UOP01-DEL01-SC,2023
"526940,0",2023-06-02,sexta-feira,19:00:00,SC,470,"70,5",INDAIAL,Conversão proibida,Colisão transversal,Com Vítimas Feridas,Plena Noite,Decrescente,Céu Claro,Simples,Reta,Sim,3,0,0,2,1,0,2,2,-26.889374,-49.254478,SPRF-SC,DEL04-SC,UOP01-DEL04-SC,2023
"526944,0",2023-06-02,sexta-feira,18:50:00,SC,101,"334,1",TUBARAO,Velocidade Incompatível,Colisão lateral mesmo sentido,Com Vítimas Feridas,Anoitecer,Decrescente,Céu Claro,Simples,Reta,Sim,2,0,1,0,1,0,1,2,-28.46730446,-49.00604302,SPRF-SC,DEL02-SC,UOP01-DEL02-SC,2023
"526976,0",2023-06-02,sexta-feira,19:40:00,SC,101,"44,0",JOINVILLE,Acessar a via sem observar a presença dos outros veículos,Colisão transversal,Com Vítimas Feridas,Plena Noite,Crescente,Céu Claro,Simples,Interseção de Vias;Viaduto,Não,2,0,1,0,1,0,1,2,-26.3380665,-48.85957003,SPRF-SC,DEL03-SC,UOP01-DEL03-SC,2023
"526978,0",2023-06-02,sexta-feira,19:10:00,SC,280,"90,7",CORUPA,Transitar na contramão,Colisão frontal,Com Vítimas Feridas,Plena Noite,Crescente,Céu Claro,Simples,Aclive;Curva,Não,2,0,0,1,1,0,1,2,-26.407423,-49.283504,SPRF-SC,DEL06-SC,UOP03-DEL06-SC,2023
"526979,0",2023-06-02,sexta-feira,21:30:00,SC,101,"212,2",PALHOCA,Condutor deixou de manter distância do veículo da frente,Colisão transversal,Com Vítimas Feridas,Plena Noite,Decrescente,Céu Claro,Dupla,Reta,Sim,2,0,2,0,0,0,2,2,-27.62996929,-48.65903871,SPRF-SC,DEL01-SC,UOP02-DEL01-SC,2023
"526982,0",2023-06-02,sexta-feira,18:30:00,SC,280,"120,5",SAO BENTO DO SUL,Ingestão de álcool pelo condutor,Colisão lateral sentido oposto,Com Vítimas Feridas,Plena Noite,Decrescente,Céu Claro,Simples,Reta,Sim,5,0,3,0,2,0,3,4,-26.24464705,-49.46425796,SPRF-SC,DEL06-SC,UOP03-DEL06-SC,2023
"527011,0",2023-06-02,sexta-feira,23:00:00,SC,280,"269,4",IRINEOPOLIS,Ausência de reação do condutor,Colisão traseira,Sem Vítimas,Plena Noite,Decrescente,Céu Claro,Simples,Aclive,Não,4,0,0,0,4,0,0,2,-26.26376839,-50.72757985,SPRF-SC,DEL06-SC,UOP04-DEL06-SC,2023
"527012,0",2023-06-02,sexta-feira,23:40:00,SC,116,"59,0",PAPANDUVA,Ausência de reação do condutor,Saída de leito carroçável,Sem Vítimas,Plena Noite,Decrescente,Nublado,Simples,Reta,Não,1,0,0,0,1,0,0,1,-26.37933149,-50.20775008,SPRF-SC,DEL06-SC,UOP02-DEL06-SC,2023
"527013,0",2023-06-03,sábado,00:40:00,SC,282,"598,9",CUNHA PORA,Transitar na contramão,Colisão frontal,Com Vítimas Feridas,Plena Noite,Decrescente,Nublado,Simples,Aclive;Reta,Não,2,0,1,0,1,0,1,2,-26.825783,-53.147213,SPRF-SC,DEL07-SC,UOP02-DEL07-SC,2023
"527018,0",2023-06-03,sábado,03:10:00,SC,101,"200,6",SAO JOSE,Ausência de reação do condutor,Colisão com objeto,Com Vítimas Feridas,Plena Noite,Crescente,Céu Claro,Múltipla,Reta;Interseção de Vias,Sim,1,0,1,0,0,0,1,1,-27.54836599,-48.61977975,SPRF-SC,DEL01-SC,UOP01-DEL01-SC,2023
"527023,0",2023-06-03,sábado,04:10:00,SC,280,"126,2",RIO NEGRINHO,Ingestão de álcool pelo condutor,Tombamento,Com Vítimas Feridas,Plena Noite,Crescente,Céu Claro,Simples,Reta;Aclive,Sim,1,0,1,0,0,0,1,1,-26.24313625,-49.51306343,SPRF-SC,DEL06-SC,UOP03-DEL06-SC,2023
"527039,0",2023-06-03,sábado,02:00:00,SC,116,"66,0",PAPANDUVA,Ingestão de álcool e/ou substâncias psicoativas pelo pedestre,Saída de leito carroçável,Sem Vítimas,Plena Noite,Decrescente,Céu Claro,Simples,Reta,Não,1,0,0,0,1,0,0,1,-26.43345701,-50.22890485,SPRF-SC,DEL06-SC,UOP02-DEL06-SC,2023
"527051,0",2023-06-03,sábado,06:30:00,SC,101,"131,0",BALNEARIO CAMBORIU,Ingestão de álcool pelo condutor,Capotamento,Sem Vítimas,Amanhecer,Crescente,Céu Claro,Múltipla,Curva,Sim,1,0,0,0,0,1,0,1,-26.99064209,-48.66310912,SPRF-SC,DEL04-SC,UOP03-DEL04-SC,2023
"527061,0",2023-06-03,sábado,07:30:00,SC,470,"46,0",BLUMENAU,Ausência de reação do condutor,Saída de leito carroçável,Sem Vítimas,Amanhecer,Crescente,Céu Claro,Simples,Interseção de Vias;Desvio Temporário;Em Obras;Reta,Não,1,0,0,0,0,1,0,1,-26.860388,-49.037617,SPRF-SC,DEL04-SC,UOP01-DEL04-SC,2023
"527071,0",2023-05-22,segunda-feira,20:06:00,SC,116,"220,0",CORREIA PINTO,Acessar a via sem observar a presença dos outros veículos,Colisão transversal,Com Vítimas Feridas,Plena Noite,Decrescente,Nublado,Simples,Rotatória;Interseção de Vias,Sim,2,0,1,0,0,1,1,2,-27.59082871,-50.36227226,SPRF-SC,DEL05-SC,UOP03-DEL05-SC,2023
"527085,0",2023-06-03,sábado,09:55:00,SC,470,"63,0",INDAIAL,Transitar na contramão,Colisão traseira,Com Vítimas Feridas,Pleno dia,Decrescente,Céu Claro,Simples,Aclive;Reta,Sim,3,0,0,1,1,1,1,3,-26.872396,-49.19228,SPRF-SC,DEL04-SC,UOP01-DEL04-SC,2023
"527102,0",2023-06-03,sábado,12:00:00,SC,116,"21,0",MAFRA,Ingestão de álcool pelo condutor,Saída de leito carroçável,Com Vítimas Feridas,Pleno dia,Crescente,Céu Claro,Simples,Reta,Não,2,0,2,0,0,0,2,1,-26.24948781,-49.90733133,SPRF-SC,DEL06-SC,UOP01-DEL06-SC,2023
"527104,0",2023-06-03,sábado,08:30:00,SC,163,"84,8",GUARACIABA,Acessar a via sem observar a presença dos outros veículos,Colisão frontal,Com Vítimas Feridas,Pleno dia,Decrescente,Céu Claro,Simples,Curva;Em Obras;Aclive,Não,2,0,2,0,0,0,2,2,-26.61594101,-53.51942819,SPRF-SC,DEL07-SC,UOP03-DEL07-SC,2023
"527118,0",2023-06-03,sábado,09:30:00,SC,101,"415,9",ARARANGUA,Ingestão de álcool pelo condutor,Colisão traseira,Sem Vítimas,Pleno dia,Crescente,Sol,Simples,Viaduto,Sim,2,0,0,0,2,0,0,2,-28.96040535,-49.51653267,SPRF-SC,DEL02-SC,UOP02-DEL02-SC,2023
"527120,0",2023-06-03,sábado,11:00:00,SC,101,"133,8",BALNEARIO CAMBORIU,Condutor desrespeitou a iluminação vermelha do semáforo,Colisão transversal,Com Vítimas Feridas,Pleno dia,Decrescente,Céu Claro,Múltipla,Interseção de Vias,Sim,3,0,1,0,1,1,1,3,-27.0050108,-48.62677494,SPRF-SC,DEL04-SC,UOP03-DEL04-SC,2023
"527139,0",2023-06-03,sábado,14:15:00,SC,470,"32,0",GASPAR,Ausência de reação do condutor,Saída de leito carroçável,Com Vítimas Feridas,Pleno dia,Decrescente,Céu Claro,Dupla,Reta,Não,1,0,1,0,0,0,1,1,-26.901793,-48.931812,SPRF-SC,DEL04-SC,UOP01-DEL04-SC,2023
"527154,0",2023-03-15,quarta-feira,20:00:00,SC,470,"66,0",INDAIAL,Reação tardia ou ineficiente do condutor,Tombamento,Com Vítimas Feridas,Plena Noite,Crescente,Garoa/Chuvisco,Simples,Rotatória,Não,1,0,0,1,0,0,1,1,-26.86981463,-49.22612423,SPRF-SC,DEL04-SC,UOP01-DEL04-SC,2023
"527166,0",2023-06-03,sábado,15:40:00,SC,101,"201,3",SAO JOSE,Ingestão de álcool pelo condutor,Saída de leito carroçável,Sem Vítimas,Pleno dia,Crescente,Sol,Múltipla,Reta,Sim,1,0,0,0,1,0,0,1,-27.54836599,-48.61977975,SPRF-SC,DEL01-SC,UOP01-DEL01-SC,2023
"527177,0",2023-06-03,sábado,19:10:00,SC,101,"182,2",BIGUACU,Ingestão de álcool pelo condutor,Colisão traseira,Com Vítimas Feridas,Plena Noite,Decrescente,Nublado,Múltipla,Declive;Reta,Não,2,0,1,0,1,0,1,2,-27.39798985,-48.6303592,SPRF-SC,DEL01-SC,UOP01-DEL01-SC,2023
"527178,0",2023-06-03,sábado,17:25:00,SC,282,"4,3",SAO JOSE,Condutor deixou de manter distância do veículo da frente,Colisão traseira,Sem Vítimas,Pleno dia,Decrescente,Céu Claro,Múltipla,Reta,Sim,1,0,0,0,0,1,0,1,-27.592646,-48.604034,SPRF-SC,DEL01-SC,UOP01-DEL01-SC,2023
"527198,0",2023-06-03,sábado,19:30:00,SC,470,"97,0",APIUNA,Mal súbito do condutor,Colisão com objeto,Com Vítimas Feridas,Plena Noite,Decrescente,Céu Claro,Simples,Reta,Sim,1,0,1,0,0,0,1,1,-27.026621,-49.378124,SPRF-SC,DEL04-SC,UOP01-DEL04-SC,2023
"527207,0",2023-06-03,sábado,20:30:00,SC,470,"16,7",ILHOTA,Acessar a via sem observar a presença dos outros veículos,Colisão transversal,Com Vítimas Feridas,Plena Noite,Decrescente,Céu Claro,Simples,Reta,Não,3,0,1,1,1,0,2,2,-26.843019,-48.794434,SPRF-SC,DEL04-SC,UOP04-DEL04-SC,2023
"527208,0",2023-06-03,sábado,20:50:00,SC,101,"223,0",PALHOCA,Acessar a via sem observar a presença dos outros veículos,Capotamento,Com Vítimas Feridas,Plena Noite,Decrescente,Céu Claro,Dupla,Reta,Não,1,0,1,0,0,0,1,1,-27.71552634,-48.64881251,SPRF-SC,DEL01-SC,UOP02-DEL01-SC,2023
"527216,0",2023-06-03,sábado,18:45:00,SC,282,"511,8",XANXERE,Ingestão de álcool pelo condutor,Colisão frontal,Com Vítimas Feridas,Plena Noite,Decrescente,Céu Claro,Simples,Aclive;Reta,Não,2,0,0,1,1,0,1,2,-26.90599492,-52.46499002,SPRF-SC,DEL07-SC,UOP01-DEL07-SC,2023
"527217,0",2023-06-03,sábado,20:00:00,SC,282,"584,2",PINHALZINHO,Curva acentuada,Saída de leito carroçável,Com Vítimas Feridas,Plena Noite,Crescente,Céu Claro,Simples,Curva,Não,1,0,1,0,0,0,1,1,-26.8311173,-53.01962256,SPRF-SC,DEL07-SC,UOP02-DEL07-SC,2023
"527252,0",2023-06-03,sábado,23:50:00,SC,101,"437,0",SOMBRIO,Manobra de mudança de faixa,Colisão traseira,Com Vítimas Feridas,Plena Noite,Decrescente,Céu Claro,Múltipla,Curva,Sim,4,0,3,0,1,0,3,2,-29.116756,-49.640408,SPRF-SC,DEL02-SC,UOP02-DEL02-SC,2023
"527260,0",2023-06-03,sábado,01:00:00,SC,101,"374,0",ICARA,Reação tardia ou ineficiente do condutor,Saída de leito carroçável,Com Vítimas Feridas,Plena Noite,Decrescente,Céu Claro,Dupla,Reta,Não,2,0,1,0,1,0,1,1,-28.71534412,-49.22723198,SPRF-SC,DEL02-SC,UOP01-DEL02-SC,2023
"527280,0",2023-06-04,domingo,03:45:00,SC,101,"269,4",IMBITUBA,Condutor Dormindo,Saída de leito carroçável,Sem Vítimas,Plena Noite,Decrescente,Céu Claro,Dupla,Reta,Não,1,0,0,0,0,1,0,1,-28.09417595,-48.70917593,SPRF-SC,DEL02-SC,UOP03-DEL02-SC,2023