id,data_inversa,dia_semana,horario,uf,br,km,municipio,causa_acidente,tipo_acidente,classificacao_acidente,fase_dia,sentido_via,condicao_metereologica,tipo_pista,tracado_via,uso_solo,pessoas,mortos,feridos_leves,feridos_graves,ilesos,ignorados,feridos,veiculos,latitude,longitude,regional,delegacia,uop,ano_arquivo
"527290,0",2023-06-04,domingo,05:30:00,SC,101,"415,8",ARARANGUA,Ingestão de álcool pelo condutor,Saída de leito carroçável,Sem Vítimas,Plena Noite,Crescente,Nublado,Simples,Curva;Interseção de Vias,Sim,1,0,0,0,1,0,0,1,-28.96729786,-49.52396393,SPRF-SC,DEL02-SC,UOP02-DEL02-SC,2023
"527310,0",2023-06-04,domingo,08:00:00,SC,101,"356,9",SANGAO,Ingestão de álcool pelo condutor,Saída de leito carroçável,Com Vítimas Fatais,Pleno dia,Crescente,Céu Claro,Dupla,Interseção de Vias;Curva,Não,3,1,1,1,0,0,2,1,-28.64206902,-49.10067916,SPRF-SC,DEL02-SC,UOP01-DEL02-SC,2023
"527311,0",2023-06-04,domingo,07:50:00,SC,101,"110,4",PENHA,Velocidade Incompatível,Tombamento,Com Vítimas Feridas,Pleno dia,Decrescente,Céu Claro,Dupla,Curva,Não,1,0,0,1,0,0,1,1,-26.83477,-48.706151,SPRF-SC,DEL04-SC,UOP04-DEL04-SC,2023
"527312,0",2023-06-04,domingo,06:00:00,SC,153,"113,2",CONCORDIA,Neblina,Atropelamento de Pedestre,Com Vítimas Fatais,Amanhecer,Crescente,Nevoeiro/Neblina,Simples,Curva,Não,2,1,0,0,0,1,0,2,-27.340137,-51.9846431,SPRF-SC,DEL07-SC,UOP04-DEL07-SC,2023
"527331,0",2023-06-04,domingo,09:10:00,SC,282,"644,3",SAO MIGUEL DO OESTE,Ingestão de álcool pelo condutor,Saída de leito carroçável,Com Vítimas Feridas,Plena Noite,Decrescente,Céu Claro,Simples,Declive;Curva,Não,2,0,2,0,0,0,2,1,-26.76574115,-53.48399454,SPRF-SC,DEL07-SC,UOP03-DEL07-SC,2023
"527333,0",2023-06-04,domingo,10:45:00,SC,101,"137,0",BALNEARIO CAMBORIU,Demais falhas mecânicas ou elétricas,Incêndio,Sem Vítimas,Pleno dia,Decrescente,Céu Claro,Múltipla,Reta,Sim,2,0,0,0,2,0,0,1,-27.0157238,-48.61192763,SPRF-SC,DEL04-SC,UOP03-DEL04-SC,2023
"527350,0",2023-06-04,domingo,11:45:00,SC,101,"308,0",LAGUNA,Avarias e/ou desgaste excessivo no pneu,Queda de ocupante de veículo,Com Vítimas Feridas,Pleno dia,Decrescente,Céu Claro,Simples,Reta,Sim,1,0,0,1,0,0,1,1,-28.399616,-48.7854,SPRF-SC,DEL02-SC,UOP01-DEL02-SC,2023
"527363,0",2023-06-04,domingo,14:45:00,SC,470,"88,5",ASCURRA,Ingestão de álcool pelo condutor,Atropelamento de Pedestre,Com Vítimas Feridas,Pleno dia,Crescente,Céu Claro,Simples,Curva,Não,2,0,1,0,1,0,1,2,-26.95927,-49.37577,SPRF-SC,DEL04-SC,UOP01-DEL04-SC,2023
"527366,0",2023-04-28,sexta-feira,20:30:00,SC,101,"126,0",ITAJAI,Manobra de mudança de faixa,Tombamento,Com Vítimas Feridas,Plena Noite,Crescente,Céu Claro,Dupla,Reta,Não,2,0,1,0,1,0,1,2,-26.95564404,-48.67978366,SPRF-SC,DEL04-SC,UOP04-DEL04-SC,2023
"527369,0",2023-06-04,domingo,16:20:00,SC,470,"47,0",BLUMENAU,Conversão proibida,Colisão transversal,Sem Vítimas,Pleno dia,Decrescente,Céu Claro,Simples,Em Obras,Não,2,0,0,0,2,0,0,2,-26.864044,-49.046516,SPRF-SC,DEL04-SC,UOP01-DEL04-SC,2023
"527373,0",2023-06-04,domingo,17:00:00,SC,101,"181,0",BIGUACU,Reação tardia ou ineficiente do condutor,Queda de ocupante de veículo,Com Vítimas Feridas,Anoitecer,Decrescente,Céu Claro,Simples,Reta;Aclive,Não,1,0,1,0,0,0,1,1,-27.38958699,-48.63197593,SPRF-SC,DEL01-SC,UOP01-DEL01-SC,2023
"527376,0",2023-06-04,domingo,17:00:00,SC,282,"26,0",AGUAS MORNAS,Ingestão de álcool pelo condutor,Engavetamento,Sem Vítimas,Pleno dia,Crescente,Céu Claro,Simples,Reta,Sim,8,0,0,0,8,0,0,3,-27.70701123,-48.84176016,SPRF-SC,DEL01-SC,UOP03-DEL01-SC,2023
"527378,0",2023-06-04,domingo,17:20:00,SC,101,"132,0",BALNEARIO CAMBORIU,Ingestão de álcool pelo condutor,Queda de ocupante de veículo,Com Vítimas Feridas,Pleno dia,Crescente,Céu Claro,Múltipla,Curva,Sim,2,0,1,0,1,0,1,1,-26.99654133,-48.65564711,SPRF-SC,DEL04-SC,UOP03-DEL04-SC,2023
"527397,0",2023-06-04,domingo,18:20:00,SC,101,"157,0",PORTO BELO,Manobra de mudança de faixa,Colisão lateral mesmo sentido,Com Vítimas Feridas,Anoitecer,Crescente,Céu Claro,Dupla,Reta,Sim,3,0,1,0,2,0,1,3,-27.181625,-48.6121179,SPRF-SC,DEL04-SC,UOP03-DEL04-SC,2023
"527402,0",2023-06-04,domingo,18:55:00,SC,101,"193,0",BIGUACU,Acessar a via sem observar a presença dos outros veículos,Colisão lateral mesmo sentido,Com Vítimas Feridas,Plena Noite,Crescente,Céu Claro,Dupla,Reta,Não,4,0,0,2,2,0,2,2,-27.489574,-48.655914,SPRF-SC,DEL01-SC,UOP01-DEL01-SC,2023
"527415,0",2023-06-04,domingo,19:10:00,SC,101,"207,0",SAO JOSE,Acessar a via sem observar a presença dos outros veículos,Colisão lateral mesmo sentido,Com Vítimas Feridas,Plena Noite,Decrescente,Céu Claro,Dupla,Interseção de Vias;Reta,Sim,3,0,1,0,2,0,1,2,-27.60001226,-48.6226467,SPRF-SC,DEL01-SC,UOP01-DEL01-SC,2023
"527434,0",2023-06-04,domingo,20:45:00,SC,282,"324,8",CAMPOS NOVOS,Ausência de reação do condutor,Colisão com objeto,Sem Vítimas,Plena Noite,Decrescente,Céu Claro,Simples,Reta,Não,1,0,0,0,0,1,0,1,-27.37923673,-51.06295109,SPRF-SC,DEL07-SC,UOP06-DEL07-SC,2023
"527455,0",2023-06-04,domingo,18:40:00,SC,470,"94,4",APIUNA,Ausência de reação do condutor,Colisão frontal,Com Vítimas Feridas,Plena Noite,Crescente,Céu Claro,Simples,Reta,Não,3,0,0,1,2,0,1,2,-27.00866705,-49.37350273,SPRF-SC,DEL04-SC,UOP01-DEL04-SC,2023
"527458,0",2023-06-05,segunda-feira,00:00:00,SC,101,"132,0",BALNEARIO CAMBORIU,Velocidade Incompatível,Saída de leito carroçável,Com Vítimas Feridas,Plena Noite,Decrescente,Céu Claro,Múltipla,Reta,Sim,2,0,0,2,0,0,2,1,-26.99654133,-48.65564711,SPRF-SC,DEL04-SC,UOP03-DEL04-SC,2023
"527469,0",2023-06-05,segunda-feira,02:23:00,SC,470,"45,2",GASPAR,Ingestão de álcool pelo condutor,Saída de leito carroçável,Com Vítimas Feridas,Plena Noite,Crescente,Nevoeiro/Neblina,Simples,Reta;Em Obras,Não,1,0,1,0,0,0,1,1,-26.867064,-49.031109,SPRF-SC,DEL04-SC,UOP01-DEL04-SC,2023
"527486,0",2023-06-05,segunda-feira,06:20:00,SC,116,"138,1",SANTA CECILIA,Transitar na contramão,Colisão com objeto,Com Vítimas Feridas,Amanhecer,Decrescente,Nevoeiro/Neblina,Simples,Reta,Sim,1,0,1,0,0,0,1,1,-26.95365013,-50.42351412,SPRF-SC,DEL06-SC,UOP02-DEL06-SC,2023
"527487,0",2023-06-04,domingo,20:00:00,SC,470,"47,0",BLUMENAU,Retorno proibido,Colisão transversal,Com Vítimas Feridas,Plena Noite,Decrescente,Céu Claro,Simples,Em Obras,Não,2,0,2,0,0,0,2,2,-26.864044,-49.046516,SPRF-SC,DEL04-SC,UOP01-DEL04-SC,2023
"527500,0",2023-06-05,segunda-feira,07:50:00,SC,282,"389,4",JOACABA,Acessar a via sem observar a presença dos outros veículos,Colisão transversal,Com Vítimas Feridas,Pleno dia,Crescente,Nevoeiro/Neblina,Dupla,Reta,Sim,2,0,1,0,1,0,1,2,-27.178604,-51.541367,SPRF-SC,DEL07-SC,UOP05-DEL07-SC,2023
"527507,0",2023-06-05,segunda-feira,08:00:00,SC,101,"204,4",SAO JOSE,Trafegar com motocicleta (ou similar) entre as faixas,Queda de ocupante de veículo,Com Vítimas Feridas,Pleno dia,Crescente,Sol,Múltipla,Declive;Reta,Sim,2,0,2,0,0,0,2,1,-27.57413014,-48.61363083,SPRF-SC,DEL01-SC,UOP01-DEL01-SC,2023
"527543,0",2023-06-05,segunda-feira,10:30:00,SC,101,"88,0",BARRA VELHA,Condutor deixou de manter distância do veículo da frente,Colisão traseira,Sem Vítimas,Pleno dia,Decrescente,Céu Claro,Dupla,Viaduto;Reta;Declive,Sim,2,0,0,0,2,0,0,2,-26.64253985,-48.68950684,SPRF-SC,DEL03-SC,UOP02-DEL03-SC,2023
"527561,0",2023-06-05,segunda-feira,12:15:00,SC,470,"48,7",BLUMENAU,Demais falhas na via,Tombamento,Com Vítimas Feridas,Pleno dia,Decrescente,Céu Claro,Simples,Em Obras;Reta,Sim,2,0,2,0,0,0,2,1,-26.859823,-49.055393,SPRF-SC,DEL04-SC,UOP01-DEL04-SC,2023
"527567,0",2023-06-05,segunda-feira,12:25:00,SC,101,"410,2",ARARANGUA,Velocidade Incompatível,Saída de leito carroçável,Sem Vítimas,Pleno dia,Decrescente,Nublado,Simples,Reta,Sim,1,0,0,0,1,0,0,1,-28.94167392,-49.49941635,SPRF-SC,DEL02-SC,UOP02-DEL02-SC,2023
"527573,0",2023-06-05,segunda-feira,12:00:00,SC,163,"70,8",SAO MIGUEL DO OESTE,Manobra de mudança de faixa,Colisão lateral mesmo sentido,Com Vítimas Feridas,Pleno dia,Crescente,Céu Claro,Simples,Interseção de Vias;Reta,Sim,4,0,1,1,2,0,2,3,-26.72962816,-53.51159334,SPRF-SC,DEL07-SC,UOP03-DEL07-SC,2023
"527600,0",2023-06-05,segunda-feira,17:30:00,SC,282,"537,6",CHAPECO,Ingestão de álcool pelo condutor,Saída de leito carroçável,Sem Vítimas,Anoitecer,Decrescente,Céu Claro,Simples,Curva,Não,1,0,0,0,1,0,0,1,-26.999933,-52.663895,SPRF-SC,DEL07-SC,UOP01-DEL07-SC,2023
"527602,0",2023-06-05,segunda-feira,17:45:00,SC,101,"126,0",ITAJAI,Trafegar com motocicleta (ou similar) entre as faixas,Colisão lateral mesmo sentido,Com Vítimas Feridas,Anoitecer,Decrescente,Céu Claro,Dupla,Reta,Não,2,0,1,0,1,0,1,2,-26.95564404,-48.67978366,SPRF-SC,DEL04-SC,UOP04-DEL04-SC,2023
"527606,0",2023-06-05,segunda-feira,18:30:00,SC,101,"265,8",PAULO LOPES,Ausência de reação do condutor,Colisão com objeto,Com Vítimas Feridas,Pleno dia,Decrescente,Chuva,Dupla,Reta,Sim,2,0,2,0,0,0,2,1,-28.06001385,-48.71690948,SPRF-SC,DEL02-SC,UOP03-DEL02-SC,2023
"527614,0",2023-06-05,segunda-feira,18:39:00,SC,101,"207,0",SAO JOSE,Reação tardia ou ineficiente do condutor,Colisão lateral mesmo sentido,Com Vítimas Feridas,Plena Noite,Crescente,Céu Claro,Simples,Reta,Sim,3,0,1,0,2,0,1,2,-27.60001226,-48.6226467,SPRF-SC,DEL01-SC,UOP01-DEL01-SC,2023
"527627,0",2023-06-05,segunda-feira,19:30:00,SC,101,"323,0",PESCARIA BRAVA,Objeto estático sobre o leito carroçável,Colisão com objeto,Com Vítimas Feridas,Plena Noite,Decrescente,Céu Claro,Dupla,Reta;Aclive,Sim,1,0,1,0,0,0,1,1,-28.426867,-48.928529,SPRF-SC,DEL02-SC,UOP01-DEL02-SC,2023
"527629,0",2023-06-05,segunda-feira,18:40:00,SC,470,"7,2",NAVEGANTES,Condutor deixou de manter distância do veículo da frente,Colisão traseira,Sem Vítimas,Plena Noite,Crescente,Céu Claro,Simples,Reta,Sim,2,0,0,0,2,0,0,2,-26.84318919,-48.7155354,SPRF-SC,DEL04-SC,UOP04-DEL04-SC,2023
"527643,0",2023-06-05,segunda-feira,17:05:00,SC,470,"322,3",CAMPOS NOVOS,Ausência de reação do condutor,Saída de leito carroçável,Com Vítimas Fatais,Pleno dia,Crescente,Céu Claro,Simples,Reta,Não,2,2,0,0,0,0,0,1,-27.4346906,-51.2441754,SPRF-SC,DEL07-SC,UOP06-DEL07-SC,2023
"527670,0",2023-06-06,terça-feira,04:50:00,SC,101,"43,0",JOINVILLE,Desrespeitar a preferência no cruzamento,Colisão transversal,Com Vítimas Feridas,Plena Noite,Crescente,Céu Claro,Simples,Interseção de Vias;Reta,Sim,2,0,1,0,1,0,1,2,-26.33291945,-48.86149585,SPRF-SC,DEL03-SC,UOP01-DEL03-SC,2023
"527683,0",2023-06-06,terça-feira,07:20:00,SC,101,"131,0",BALNEARIO CAMBORIU,Desrespeitar a preferência no cruzamento,Colisão transversal,Com Vítimas Feridas,Pleno dia,Crescente,Céu Claro,Simples,Reta;Interseção de Vias,Sim,3,0,1,1,1,0,2,2,-26.99064209,-48.66310912,SPRF-SC,DEL04-SC,UOP03-DEL04-SC,2023
"527730,0",2023-06-06,terça-feira,12:30:00,SC,470,"76,3",INDAIAL,Mal súbito do condutor,Saída de leito carroçável,Com Vítimas Feridas,Pleno dia,Crescente,Céu Claro,Simples,Reta,Não,1,0,1,0,0,0,1,1,-26.93636746,-49.2892403,SPRF-SC,DEL04-SC,UOP01-DEL04-SC,2023
"527746,0",2023-06-06,terça-feira,15:20:00,SC,470,"35,0",GASPAR,Condutor deixou de manter distância do veículo da frente,Colisão transversal,Com Vítimas Feridas,Pleno dia,Decrescente,Céu Claro,Simples,Reta;Em Obras;Interseção de Vias,Não,3,0,1,0,2,0,1,2,-26.91406955,-48.96797955,SPRF-SC,DEL04-SC,UOP01-DEL04-SC,2023
"527775,0",2023-06-06,terça-feira,18:00:00,SC,101,"157,0",PORTO BELO,Trafegar com motocicleta (ou similar) entre as faixas,Colisão lateral mesmo sentido,Sem Vítimas,Plena Noite,Crescente,Céu Claro,Múltipla,Reta,Não,2,0,0,0,1,1,0,2,-27.181625,-48.6121179,SPRF-SC,DEL04-SC,UOP03-DEL04-SC,2023
"527778,0",2023-06-06,terça-feira,17:45:00,SC,163,"72,0",SAO MIGUEL DO OESTE,Reação tardia ou ineficiente do condutor,Colisão traseira,Com Vítimas Feridas,Anoitecer,Crescente,Céu Claro,Dupla,Interseção de Vias,Sim,2,0,1,0,1,0,1,2,-26.72962532,-53.51157725,SPRF-SC,DEL07-SC,UOP03-DEL07-SC,2023
"527784,0",2023-06-06,terça-feira,17:50:00,SC,101,"105,2",PENHA,Condutor deixou de manter distância do veículo da frente,Colisão traseira,Com Vítimas Feridas,Plena Noite,Decrescente,Céu Claro,Dupla,Reta;Viaduto,Não,2,0,1,0,0,1,1,2,-26.80468102,-48.67930412,SPRF-SC,DEL03-SC,UOP02-DEL03-SC,2023
"527785,0",2023-06-06,terça-feira,16:20:00,SC,101,"337,0",TUBARAO,Ausência de reação do condutor,Tombamento,Com Vítimas Feridas,Pleno dia,Decrescente,Sol,Simples,Reta;Aclive,Sim,2,0,2,0,0,0,2,1,-28.47801624,-49.03246283,SPRF-SC,DEL02-SC,UOP01-DEL02-SC,2023
"527795,0",2023-06-06,terça-feira,17:45:00,SC,101,"181,3",BIGUACU,Ausência de reação do condutor,Colisão traseira,Com Vítimas Feridas,Plena Noite,Crescente,Céu Claro,Múltipla,Reta,Não,2,0,1,0,1,0,1,2,-27.38958699,-48.63197593,SPRF-SC,DEL01-SC,UOP01-DEL01-SC,2023
"527811,0",2023-06-06,terça-feira,20:05:00,SC,280,"31,0",ARAQUARI,Ultrapassagem Indevida,Colisão lateral sentido oposto,Com Vítimas Feridas,Plena Noite,Decrescente,Céu Claro,Simples,Reta,Sim,2,0,0,1,1,0,1,2,-26.41649938,-48.77181215,SPRF-SC,DEL03-SC,UOP03-DEL03-SC,2023
"527814,0",2023-06-06,terça-feira,20:20:00,SC,101,"264,4",GAROPABA,Reação tardia ou ineficiente do condutor,Colisão com objeto,Sem Vítimas,Plena Noite,Decrescente,Céu Claro,Dupla,Reta,Não,1,0,0,0,0,1,0,1,-28.05149404,-48.71632789,SPRF-SC,DEL02-SC,UOP03-DEL02-SC,2023
"527836,0",2023-06-07,quarta-feira,03:40:00,SC,101,"182,0",BIGUACU,Reação tardia ou ineficiente do condutor,Capotamento,Com Vítimas Feridas,Plena Noite,Crescente,Céu Claro,Dupla,Reta,Não,2,0,2,0,0,0,2,1,-27.39798985,-48.6303592,SPRF-SC,DEL01-SC,UOP01-DEL01-SC,2023
"527845,0",2023-06-07,quarta-feira,04:50:00,SC,101,"341,3",TUBARAO,Reação tardia ou ineficiente do condutor,Colisão frontal,Com Vítimas Feridas,Plena Noite,Crescente,Céu Claro,Simples,Reta,Não,2,0,0,1,1,0,1,2,-28.50999405,-49.05070686,SPRF-SC,DEL02-SC,UOP01-DEL02-SC,2023
"527857,0",2023-06-07,quarta-feira,07:30:00,SC,282,"16,0",PALHOCA,Condutor deixou de manter distância do veículo da frente,Colisão transversal,Com Vítimas Feridas,Pleno dia,Crescente,Céu Claro,Simples,Reta,Sim,2,0,0,1,1,0,1,2,-27.658611,-48.681847,SPRF-SC,DEL01-SC,UOP02-DEL01-SC,2023
"527882,0",2023-06-04,domingo,01:30:00,SC,282,"184,0",BOCAINA DO SUL,Velocidade Incompatível,Saída de leito carroçável,Com Vítimas Feridas,Plena Noite,Crescente,Nevoeiro/Neblina,Simples,Declive;Reta,Não,3,0,3,0,0,0,3,1,-27.73336,-49.978264,SPRF-SC,DEL05-SC,UOP01-DEL05-SC,2023
"527884,0",2023-06-07,quarta-feira,09:00:00,SC,282,"17,0",PALHOCA,Desrespeitar a preferência no cruzamento,Colisão transversal,Com Vítimas Feridas,Pleno dia,Crescente,Céu Claro,Simples,Reta,Não,3,0,1,0,2,0,1,2,-27.665707,-48.688065,SPRF-SC,DEL01-SC,UOP02-DEL01-SC,2023
"527896,0",2023-06-07,quarta-feira,08:30:00,SC,101,"333,7",TUBARAO,Reação tardia ou ineficiente do condutor,Colisão traseira,Sem Vítimas,Pleno dia,Decrescente,Céu Claro,Dupla,Interseção de Vias,Sim,2,0,0,0,2,0,0,2,-28.46989852,-49.01893616,SPRF-SC,DEL02-SC,UOP01-DEL02-SC,2023
"527913,0",2023-06-07,quarta-feira,11:40:00,SC,101,"134,0",BALNEARIO CAMBORIU,Desrespeitar a preferência no cruzamento,Colisão transversal,Com Vítimas Feridas,Pleno dia,Crescente,Sol,Múltipla,Reta,Sim,2,0,1,0,1,0,1,2,-27.00218,-48.636433,SPRF-SC,DEL04-SC,UOP03-DEL04-SC,2023
"527927,0",2023-06-07,quarta-feira,09:45:00,SC,282,"375,0",ERVAL VELHO,Pedestre andava na pista,Atropelamento de Pedestre,Com Vítimas Feridas,Pleno dia,Crescente,Céu Claro,Simples,Reta,Não,2,0,0,1,1,0,1,2,-27.228022,-51.456421,SPRF-SC,DEL07-SC,UOP05-DEL07-SC,2023
"527929,0",2023-06-07,quarta-feira,11:45:00,SC,153,"67,0",IRANI,Acumulo de óleo sobre o pavimento,Queda de ocupante de veículo,Com Vítimas Feridas,Pleno dia,Crescente,Céu Claro,Simples,Declive,Não,1,0,1,0,0,0,1,1,-27.026777,-51.884796,SPRF-SC,DEL07-SC,UOP04-DEL07-SC,2023
"527953,0",2023-06-07,quarta-feira,11:40:00,SC,163,"2,6",DIONISIO CERQUEIRA,Acessar a via sem observar a presença dos outros veículos,Colisão transversal,Com Vítimas Feridas,Pleno dia,Decrescente,Céu Claro,Simples,Reta;Aclive,Sim,2,0,1,0,1,0,1,2,-26.26646961,-53.63813996,SPRF-SC,DEL07-SC,UOP03-DEL07-SC,2023
"527963,0",2023-06-07,quarta-feira,17:40:00,SC,101,"213,0",PALHOCA,Condutor deixou de manter distância do veículo da frente,Colisão traseira,Com Vítimas Feridas,Plena Noite,Crescente,Céu Claro,Múltipla,Reta,Sim,2,0,1,0,1,0,1,2,-27.63697369,-48.66514142,SPRF-SC,DEL01-SC,UOP02-DEL01-SC,2023
"527967,0",2023-06-07,quarta-feira,17:20:00,SC,280,"48,0",GUARAMIRIM,Acessar a via sem observar a presença dos outros veículos,Colisão transversal,Com Vítimas Feridas,Anoitecer,Decrescente,Nublado,Simples,Reta,Não,6,0,6,0,0,0,6,2,-26.45506795,-48.92766502,SPRF-SC,DEL03-SC,UOP03-DEL03-SC,2023
"527973,0",2023-06-07,quarta-feira,17:10:00,SC,116,"228,0",CORREIA PINTO,Objeto estático sobre o leito carroçável,Saída de leito carroçável,Com Vítimas Feridas,Pleno dia,Decrescente,Céu Claro,Simples,Reta,Não,3,0,1,2,0,0,3,1,-27.64596607,-50.33792237,SPRF-SC,DEL05-SC,UOP03-DEL05-SC,2023
"528009,0",2023-06-07,quarta-feira,19:30:00,SC,101,"118,7",ITAJAI,Ausência de reação do condutor,Colisão lateral mesmo sentido,Com Vítimas Feridas,Plena Noite,Crescente,Céu Claro,Dupla,Reta,Não,2,0,1,0,1,0,1,2,-26.895859,-48.71903,SPRF-SC,DEL04-SC,UOP04-DEL04-SC,2023
"528012,0",2023-06-07,quarta-feira,18:00:00,SC,163,"71,6",SAO MIGUEL DO OESTE,Acessar a via sem observar a presença dos outros veículos,Colisão transversal,Com Vítimas Feridas,Plena Noite,Crescente,Céu Claro,Dupla,Reta,Sim,2,0,1,0,1,0,1,2,-26.72772401,-53.51281303,SPRF-SC,DEL07-SC,UOP03-DEL07-SC,2023
"528022,0",2023-06-07,quarta-feira,20:45:00,SC,101,"282,0",IMBITUBA,Condutor deixou de manter distância do veículo da frente,Colisão traseira,Com Vítimas Feridas,Plena Noite,Crescente,Céu Claro,Múltipla,Reta,Sim,2,0,1,0,1,0,1,2,-28.19626005,-48.69739859,SPRF-SC,DEL02-SC,UOP03-DEL02-SC,2023
"528025,0",2023-06-07,quarta-feira,20:00:00,SC,101,"86,5",BARRA VELHA,Acumulo de areia ou detritos sobre o pavimento,Queda de ocupante de veículo,Com Vítimas Feridas,Plena Noite,Crescente,Céu Claro,Simples,Viaduto,Não,1,0,1,0,0,0,1,1,-26.63277317,-48.70232513,SPRF-SC,DEL03-SC,UOP02-DEL03-SC,2023
"528055,0",2023-06-08,quinta-feira,01:20:00,SC,101,"153,7",PORTO BELO,Reação tardia ou ineficiente do condutor,Colisão traseira,Com Vítimas Feridas,Plena Noite,Decrescente,Nublado,Múltipla,Reta,Sim,5,0,3,1,1,0,4,3,-27.144717,-48.61063935,SPRF-SC,DEL04-SC,UOP03-DEL04-SC,2023
"528056,0",2023-06-08,quinta-feira,01:40:00,SC,282,"3,3",FLORIANOPOLIS,Velocidade Incompatível,Colisão com objeto,Sem Vítimas,Plena Noite,Decrescente,Céu Claro,Múltipla,Reta,Sim,1,0,0,0,0,1,0,1,-27.59648343,-48.6010319,SPRF-SC,DEL01-SC,UOP01-DEL01-SC,2023
"528059,0",2023-06-08,quinta-feira,02:31:00,SC,101,"48,6",JOINVILLE,Transitar na contramão,Colisão frontal,Com Vítimas Fatais,Plena Noite,Decrescente,Céu Claro,Múltipla,Curva,Não,2,1,0,1,0,0,1,2,-26.37899309,-48.85161214,SPRF-SC,DEL03-SC,UOP01-DEL03-SC,2023
"528068,0",2023-06-08,quinta-feira,04:20:00,SC,101,"195,9",BIGUACU,Ingestão de álcool pelo condutor,Colisão com objeto,Com Vítimas Feridas,Plena Noite,Crescente,Céu Claro,Múltipla,Reta,Sim,1,0,1,0,0,0,1,1,-27.5047092,-48.65010819,SPRF-SC,DEL01-SC,UOP01-DEL01-SC,2023
"528072,0",2023-06-08,quinta-feira,02:45:00,SC,101,"280,7",IMBITUBA,Ingestão de álcool pelo condutor,Colisão com objeto,Com Vítimas Feridas,Plena Noite,Crescente,Céu Claro,Dupla,Reta,Não,2,0,2,0,0,0,2,1,-28.199198,-48.698055,SPRF-SC,DEL02-SC,UOP03-DEL02-SC,2023
"528074,0",2023-06-07,quarta-feira,18:30:00,SC,470,"68,5",INDAIAL,Objeto estático sobre o leito carroçável,Colisão com objeto,Com Vítimas Feridas,Plena Noite,Crescente,Céu Claro,Dupla,Reta;Em Obras,Sim,1,0,0,1,0,0,1,1,-26.877615,-49.239231,SPRF-SC,DEL04-SC,UOP01-DEL04-SC,2023
"528121,0",2023-06-08,quinta-feira,08:50:00,SC,101,"71,4",ARAQUARI,Condutor deixou de manter distância do veículo da frente,Colisão traseira,Com Vítimas Feridas,Pleno dia,Crescente,Céu Claro,Dupla,Viaduto;Declive,Não,11,0,0,1,10,0,1,4,-26.523325,-48.716418,SPRF-SC,DEL03-SC,UOP02-DEL03-SC,2023
"528132,0",2023-06-08,quinta-feira,12:15:00,SC,101,"206,0",SAO JOSE,Ausência de reação do condutor,Colisão com objeto,Com Vítimas Feridas,Pleno dia,Crescente,Céu Claro,Múltipla,Reta,Não,2,0,1,1,0,0,2,1,-27.59193546,-48.61824557,SPRF-SC,DEL01-SC,UOP01-DEL01-SC,2023
"528137,0",2023-06-08,quinta-feira,12:00:00,SC,101,"206,0",SAO JOSE,Objeto estático sobre o leito carroçável,Colisão traseira,Com Vítimas Feridas,Pleno dia,Decrescente,Céu Claro,Múltipla,Reta,Sim,3,0,1,0,2,0,1,2,-27.59193546,-48.61824557,SPRF-SC,DEL01-SC,UOP01-DEL01-SC,2023
"528158,0",2023-06-08,quinta-feira,12:50:00,SC,101,"68,2",ARAQUARI,Condutor deixou de manter distância do veículo da frente,Colisão traseira,Com Vítimas Feridas,Pleno dia,Crescente,Céu Claro,Dupla,Reta,Não,8,0,1,0,7,0,1,2,-26.499691,-48.730045,SPRF-SC,DEL03-SC,UOP02-DEL03-SC,2023
"528173,0",2023-06-08,quinta-feira,16:00:00,SC,101,"231,0",PALHOCA,Ingestão de álcool pelo condutor,Queda de ocupante de veículo,Com Vítimas Feridas,Pleno dia,Crescente,Céu Claro,Dupla,Curva,Não,2,0,2,0,0,0,2,1,-27.78669984,-48.6356424,SPRF-SC,DEL01-SC,UOP02-DEL01-SC,2023
"528190,0",2023-06-08,quinta-feira,15:55:00,SC,282,"563,0",NOVA ERECHIM,Pedestre andava na pista,Atropelamento de Pedestre,Com Vítimas Feridas,Pleno dia,Crescente,Sol,Simples,Reta,Não,2,0,0,1,1,0,1,2,-26.902191,-52.868835,SPRF-SC,DEL07-SC,UOP02-DEL07-SC,2023
"528205,0",2023-06-07,quarta-feira,12:00:00,SC,470,"76,0",INDAIAL,Velocidade Incompatível,Colisão traseira,Com Vítimas Feridas,Pleno dia,Crescente,Céu Claro,Simples,Reta,Não,1,0,1,0,0,0,1,1,-26.933308,-49.287426,SPRF-SC,DEL04-SC,UOP01-DEL04-SC,2023
"528207,0",2023-06-08,quinta-feira,18:35:00,SC,282,"216,0",LAGES,Reação tardia ou ineficiente do condutor,Engavetamento,Com Vítimas Feridas,Plena Noite,Decrescente,Nublado,Simples,Reta,Sim,6,0,2,0,4,0,2,4,-27.797529,-50.291862,SPRF-SC,DEL05-SC,UOP01-DEL05-SC,2023
"528214,0",2023-06-08,quinta-feira,18:30:00,SC,280,"234,3",CANOINHAS,Desrespeitar a preferência no cruzamento,Colisão transversal,Com Vítimas Feridas,Plena Noite,Crescente,Céu Claro,Simples,Reta,Sim,4,0,2,0,1,1,2,2,-26.19130591,-50.40255601,SPRF-SC,DEL06-SC,UOP04-DEL06-SC,2023