id,data_inversa,dia_semana,horario,uf,br,km,municipio,causa_acidente,tipo_acidente,classificacao_acidente,fase_dia,sentido_via,condicao_metereologica,tipo_pista,tracado_via,uso_solo,pessoas,mortos,feridos_leves,feridos_graves,ilesos,ignorados,feridos,veiculos,latitude,longitude,regional,delegacia,uop,ano_arquivo
"530191,0",2023-06-18,domingo,03:00:00,SC,101,"212,0",PALHOCA,Ingestão de álcool pelo condutor,Colisão com objeto,Sem Vítimas,Plena Noite,Decrescente,Céu Claro,Dupla,Reta,Sim,1,0,0,0,1,0,0,1,-27.62996929,-48.65903871,SPRF-SC,DEL01-SC,UOP02-DEL01-SC,2023
"530195,0",2023-06-18,domingo,02:00:00,SC,101,"204,0",SAO JOSE,Ausência de reação do condutor,Colisão com objeto,Sem Vítimas,Plena Noite,Crescente,Céu Claro,Dupla,Curva,Sim,2,0,0,0,2,0,0,1,-27.57413014,-48.61363083,SPRF-SC,DEL01-SC,UOP01-DEL01-SC,2023
"530199,0",2023-06-18,domingo,03:50:00,SC,101,"358,0",SANGAO,Ausência de reação do condutor,Colisão frontal,Com Vítimas Feridas,Plena Noite,Decrescente,Céu Claro,Simples,Reta,Não,2,0,1,0,1,0,1,2,-28.6478098,-49.10316288,SPRF-SC,DEL02-SC,UOP01-DEL02-SC,2023
"530210,0",2023-06-18,domingo,03:40:00,SC,101,"317,0",PESCARIA BRAVA,Ausência de reação do condutor,Colisão com objeto,Com Vítimas Feridas,Plena Noite,Decrescente,Céu Claro,Dupla,Reta,Sim,2,0,2,0,0,0,2,1,-28.428357,-48.86755,SPRF-SC,DEL02-SC,UOP01-DEL02-SC,2023
"530211,0",2023-06-18,domingo,05:50:00,SC,101,"203,3",SAO JOSE,Ingestão de álcool pelo condutor,Colisão com objeto,Com Vítimas Fatais,Amanhecer,Decrescente,Céu Claro,Múltipla,Reta,Sim,3,1,1,0,0,1,1,2,-27.5674732,-48.6137636,SPRF-SC,DEL01-SC,UOP01-DEL01-SC,2023
"530213,0",2023-06-18,domingo,05:30:00,SC,101,"328,7",CAPIVARI DE BAIXO,Reação tardia ou ineficiente do condutor,Colisão traseira,Com Vítimas Feridas,Plena Noite,Decrescente,Céu Claro,Dupla,Ponte,Não,8,0,1,0,7,0,1,4,-28.450749,-48.972345,SPRF-SC,DEL02-SC,UOP01-DEL02-SC,2023
"530214,0",2023-06-18,domingo,06:00:00,SC,101,"360,0",SANGAO,Ausência de reação do condutor,Saída de leito carroçável,Sem Vítimas,Plena Noite,Crescente,Céu Claro,Simples,Reta,Não,1,0,0,0,0,1,0,1,-28.6626536,-49.11233872,SPRF-SC,DEL02-SC,UOP01-DEL02-SC,2023
"530216,0",2023-06-18,domingo,06:00:00,SC,282,"383,1",HERVAL DOESTE,Ingestão de álcool pelo condutor,Saída de leito carroçável,Sem Vítimas,Plena Noite,Crescente,Nevoeiro/Neblina,Simples,Curva,Não,1,0,0,0,0,1,0,1,-27.19527005,-51.50589108,SPRF-SC,DEL07-SC,UOP05-DEL07-SC,2023
"530225,0",2023-06-18,domingo,00:01:00,SC,470,"71,2",INDAIAL,Reação tardia ou ineficiente do condutor,Colisão frontal,Com Vítimas Feridas,Plena Noite,Decrescente,Céu Claro,Dupla,Em Obras;Reta;Desvio Temporário,Sim,2,0,0,1,1,0,1,2,-26.90113455,-49.26804364,SPRF-SC,DEL04-SC,UOP01-DEL04-SC,2023
"530229,0",2023-06-18,domingo,06:40:00,SC,101,"213,0",PALHOCA,Reação tardia ou ineficiente do condutor,Colisão com objeto,Sem Vítimas,Amanhecer,Crescente,Céu Claro,Dupla,Reta,Não,1,0,0,0,0,1,0,1,-27.63697369,-48.66514142,SPRF-SC,DEL01-SC,UOP02-DEL01-SC,2023
"530233,0",2023-06-18,domingo,06:30:00,SC,282,"21,5",SANTO AMARO DA IMPERATRIZ,Ausência de reação do condutor,Colisão com objeto,Sem Vítimas,Pleno dia,Crescente,Céu Claro,Simples,Curva,Não,1,0,0,0,1,0,0,1,-27.68907,-48.717541,SPRF-SC,DEL01-SC,UOP02-DEL01-SC,2023
"530245,0",2023-05-20,sábado,02:20:00,SC,101,"95,8",BARRA VELHA,Ausência de reação do condutor,Colisão traseira,Com Vítimas Feridas,Plena Noite,Crescente,Nublado,Múltipla,Curva;Aclive,Não,4,0,1,1,0,2,2,3,-26.70876413,-48.70221065,SPRF-SC,DEL03-SC,UOP02-DEL03-SC,2023
"530255,0",2023-06-18,domingo,10:45:00,SC,282,"16,2",PALHOCA,Condutor deixou de manter distância do veículo da frente,Colisão traseira,Com Vítimas Feridas,Pleno dia,Crescente,Sol,Simples,Reta,Sim,2,0,1,0,1,0,1,2,-27.658611,-48.681847,SPRF-SC,DEL01-SC,UOP02-DEL01-SC,2023
"530266,0",2023-06-18,domingo,12:40:00,SC,101,"232,3",PALHOCA,Manobra de mudança de faixa,Colisão lateral mesmo sentido,Com Vítimas Feridas,Pleno dia,Decrescente,Sol,Dupla,Curva;Declive,Não,2,0,1,0,1,0,1,2,-27.795666,-48.638153,SPRF-SC,DEL01-SC,UOP02-DEL01-SC,2023
"530271,0",2023-06-17,sábado,23:15:00,SC,101,"335,0",TUBARAO,Ausência de reação do condutor,Colisão traseira,Sem Vítimas,Plena Noite,Crescente,Céu Claro,Simples,Reta,Não,3,0,0,0,3,0,0,2,-28.46927473,-49.01557908,SPRF-SC,DEL02-SC,UOP01-DEL02-SC,2023
"530293,0",2023-06-18,domingo,13:10:00,SC,101,"214,4",PALHOCA,Condutor deixou de manter distância do veículo da frente,Colisão traseira,Com Vítimas Feridas,Pleno dia,Crescente,Sol,Múltipla,Reta,Sim,3,0,1,0,2,0,1,2,-27.64443,-48.67057,SPRF-SC,DEL01-SC,UOP02-DEL01-SC,2023
"530300,0",2023-06-18,domingo,16:25:00,SC,101,"158,0",PORTO BELO,Conversão proibida,Colisão transversal,Com Vítimas Feridas,Pleno dia,Crescente,Céu Claro,Dupla,Retorno Regulamentado,Não,2,0,1,0,1,0,1,2,-27.19096301,-48.61259017,SPRF-SC,DEL04-SC,UOP03-DEL04-SC,2023
"530315,0",2023-06-18,domingo,16:30:00,SC,101,"158,0",PORTO BELO,Acessar a via sem observar a presença dos outros veículos,Colisão lateral mesmo sentido,Com Vítimas Feridas,Pleno dia,Crescente,Céu Claro,Dupla,Reta,Não,2,0,1,1,0,0,2,2,-27.19096301,-48.61259017,SPRF-SC,DEL04-SC,UOP03-DEL04-SC,2023
"530321,0",2023-06-18,domingo,17:15:00,SC,101,"236,1",PALHOCA,Reação tardia ou ineficiente do condutor,Saída de leito carroçável,Sem Vítimas,Anoitecer,Crescente,Céu Claro,Dupla,Curva;Retorno Regulamentado,Não,2,0,0,0,1,1,0,1,-27.82629382,-48.63034842,SPRF-SC,DEL01-SC,UOP02-DEL01-SC,2023
"530338,0",2023-06-18,domingo,17:00:00,SC,282,"657,4",SAO MIGUEL DO OESTE,Desrespeitar a preferência no cruzamento,Colisão lateral mesmo sentido,Com Vítimas Feridas,Pleno dia,Crescente,Céu Claro,Simples,Reta,Não,2,0,0,1,1,0,1,2,-26.691545,-53.543961,SPRF-SC,DEL07-SC,UOP03-DEL07-SC,2023
"530340,0",2023-06-18,domingo,18:50:00,SC,101,"217,0",PALHOCA,Mal súbito do condutor,Tombamento,Com Vítimas Feridas,Plena Noite,Crescente,Céu Claro,Múltipla,Reta,Não,1,0,1,0,0,0,1,1,-27.66779034,-48.67393586,SPRF-SC,DEL01-SC,UOP02-DEL01-SC,2023
"530344,0",2023-06-18,domingo,18:20:00,SC,470,"128,8",LONTRAS,Condutor deixou de manter distância do veículo da frente,Colisão traseira,Com Vítimas Feridas,Anoitecer,Decrescente,Céu Claro,Múltipla,Reta,Não,4,0,1,0,3,0,1,2,-27.143742,-49.548897,SPRF-SC,DEL04-SC,UOP02-DEL04-SC,2023
"530346,0",2023-06-18,domingo,20:00:00,SC,282,"58,2",RANCHO QUEIMADO,Acessar a via sem observar a presença dos outros veículos,Colisão transversal,Com Vítimas Feridas,Plena Noite,Decrescente,Céu Claro,Simples,Interseção de Vias,Não,6,0,5,0,1,0,5,2,-27.683594,-49.005539,SPRF-SC,DEL01-SC,UOP03-DEL01-SC,2023
"530354,0",2023-06-18,domingo,20:10:00,SC,101,"382,0",ICARA,Pedestre andava na pista,Atropelamento de Pedestre,Com Vítimas Feridas,Plena Noite,Crescente,Céu Claro,Simples,Aclive;Reta,Não,2,0,0,2,0,0,2,2,-28.7731889,-49.31305647,SPRF-SC,DEL02-SC,UOP02-DEL02-SC,2023
"530362,0",2023-06-18,domingo,20:25:00,SC,116,"251,5",LAGES,Transitar na contramão,Colisão frontal,Com Vítimas Feridas,Plena Noite,Decrescente,Céu Claro,Simples,Reta,Não,6,0,0,2,4,0,2,3,-27.84811693,-50.37965298,SPRF-SC,DEL05-SC,UOP02-DEL05-SC,2023
"530383,0",2023-06-18,domingo,23:30:00,SC,101,"158,0",PORTO BELO,Ausência de sinalização,Colisão traseira,Com Vítimas Feridas,Plena Noite,Decrescente,Nublado,Dupla,Retorno Regulamentado,Não,2,0,1,0,1,0,1,2,-27.19096301,-48.61259017,SPRF-SC,DEL04-SC,UOP03-DEL04-SC,2023
"530406,0",2023-06-19,segunda-feira,02:50:00,SC,282,"315,0",VARGEM,Ingestão de álcool pelo condutor,Colisão lateral sentido oposto,Sem Vítimas,Plena Noite,Crescente,Céu Claro,Simples,Reta,Não,23,0,0,0,23,0,0,2,-27.445721,-51.002831,SPRF-SC,DEL07-SC,UOP06-DEL07-SC,2023
"530415,0",2023-06-19,segunda-feira,06:40:00,SC,101,"200,2",SAO JOSE,Ausência de reação do condutor,Colisão traseira,Com Vítimas Feridas,Amanhecer,Crescente,Nublado,Múltipla,Reta,Sim,2,0,1,0,1,0,1,2,-27.54018513,-48.62287714,SPRF-SC,DEL01-SC,UOP01-DEL01-SC,2023
"530425,0",2023-06-19,segunda-feira,07:00:00,SC,101,"39,0",JOINVILLE,Ausência de reação do condutor,Tombamento,Com Vítimas Feridas,Pleno dia,Decrescente,Nublado,Dupla,Reta,Sim,1,0,1,0,0,0,1,1,-26.30114826,-48.88309836,SPRF-SC,DEL03-SC,UOP01-DEL03-SC,2023
"530457,0",2023-06-19,segunda-feira,09:50:00,SC,101,"161,0",TIJUCAS,Velocidade Incompatível,Colisão traseira,Com Vítimas Feridas,Pleno dia,Crescente,Céu Claro,Dupla,Reta,Não,2,0,1,0,1,0,1,2,-27.21673911,-48.6244238,SPRF-SC,DEL04-SC,UOP03-DEL04-SC,2023
"530487,0",2023-06-19,segunda-feira,12:15:00,SC,101,"354,2",SANGAO,Ausência de reação do condutor,Capotamento,Com Vítimas Feridas,Pleno dia,Decrescente,Céu Claro,Dupla,Reta,Não,1,0,1,0,0,0,1,1,-28.63937602,-49.09824371,SPRF-SC,DEL02-SC,UOP01-DEL02-SC,2023
"530489,0",2023-06-19,segunda-feira,14:00:00,SC,470,"59,1",BLUMENAU,Acessar a via sem observar a presença dos outros veículos,Colisão transversal,Com Vítimas Feridas,Pleno dia,Crescente,Céu Claro,Simples,Reta;Em Obras,Sim,2,0,0,1,1,0,1,2,-26.882812,-49.1548,SPRF-SC,DEL04-SC,UOP01-DEL04-SC,2023
"530503,0",2023-06-19,segunda-feira,14:15:00,SC,101,"195,1",BIGUACU,Velocidade Incompatível,Colisão traseira,Com Vítimas Feridas,Pleno dia,Decrescente,Sol,Múltipla,Reta,Sim,2,0,1,0,1,0,1,2,-27.5047092,-48.65010819,SPRF-SC,DEL01-SC,UOP01-DEL01-SC,2023
"530568,0",2023-06-19,segunda-feira,19:15:00,SC,163,"104,3",SAO JOSE DO CEDRO,Ingestão de álcool pelo condutor,Colisão com objeto,Com Vítimas Feridas,Plena Noite,Crescente,Céu Claro,Simples,Reta,Sim,1,0,1,0,0,0,1,1,-26.45074853,-53.51311684,SPRF-SC,DEL07-SC,UOP03-DEL07-SC,2023
"530608,0",2023-06-20,terça-feira,06:10:00,SC,280,"186,9",MAFRA,Animais na Pista,Atropelamento de Animal,Com Vítimas Feridas,Amanhecer,Decrescente,Nublado,Simples,Curva;Aclive,Sim,1,0,1,0,0,0,1,1,-26.16977284,-49.94508991,SPRF-SC,DEL06-SC,UOP01-DEL06-SC,2023
"530610,0",2023-06-20,terça-feira,06:30:00,SC,101,"145,0",ITAPEMA,Trafegar com motocicleta (ou similar) entre as faixas,Colisão traseira,Com Vítimas Feridas,Pleno dia,Crescente,Nublado,Dupla,Reta,Sim,2,0,2,0,0,0,2,2,-27.08139206,-48.60130993,SPRF-SC,DEL04-SC,UOP03-DEL04-SC,2023
"530612,0",2023-06-20,terça-feira,06:30:00,SC,470,"52,0",BLUMENAU,Desrespeitar a preferência no cruzamento,Colisão transversal,Com Vítimas Feridas,Amanhecer,Crescente,Nublado,Simples,Interseção de Vias,Sim,2,0,0,1,1,0,1,2,-26.862286,-49.093903,SPRF-SC,DEL04-SC,UOP01-DEL04-SC,2023
"530625,0",2023-06-20,terça-feira,06:50:00,SC,280,"34,9",ARAQUARI,Condutor deixou de manter distância do veículo da frente,Colisão traseira,Com Vítimas Feridas,Pleno dia,Crescente,Céu Claro,Simples,Reta,Não,2,0,1,0,1,0,1,2,-26.42993971,-48.79615614,SPRF-SC,DEL03-SC,UOP03-DEL03-SC,2023
"530627,0",2023-06-16,sexta-feira,18:20:00,SC,101,"416,5",ARARANGUA,Ausência de reação do condutor,Colisão transversal,Com Vítimas Feridas,Plena Noite,Decrescente,Nublado,Múltipla,Reta,Não,2,0,1,0,1,0,1,2,-28.96708874,-49.52338825,SPRF-SC,DEL02-SC,UOP02-DEL02-SC,2023
"530628,0",2023-06-20,terça-feira,07:30:00,SC,101,"211,0",PALHOCA,Ausência de reação do condutor,Colisão traseira,Com Vítimas Feridas,Pleno dia,Decrescente,Céu Claro,Múltipla,Reta,Não,2,0,1,0,1,0,1,2,-27.62329313,-48.65245588,SPRF-SC,DEL01-SC,UOP02-DEL01-SC,2023
"530634,0",2023-06-20,terça-feira,07:40:00,SC,101,"361,3",SANGAO,Velocidade Incompatível,Saída de leito carroçável,Com Vítimas Feridas,Amanhecer,Decrescente,Céu Claro,Simples,Curva,Não,1,0,1,0,0,0,1,1,-28.66584041,-49.1146566,SPRF-SC,DEL02-SC,UOP01-DEL02-SC,2023
"530674,0",2023-06-20,terça-feira,11:30:00,SC,282,"409,0",CATANDUVAS,Acessar a via sem observar a presença dos outros veículos,Colisão transversal,Com Vítimas Feridas,Pleno dia,Decrescente,Céu Claro,Simples,Rotatória;Reta,Sim,2,0,1,0,1,0,1,2,-27.065756,-51.664165,SPRF-SC,DEL07-SC,UOP05-DEL07-SC,2023
"530684,0",2023-06-20,terça-feira,13:15:00,SC,163,"71,1",SAO MIGUEL DO OESTE,Acessar a via sem observar a presença dos outros veículos,Colisão transversal,Com Vítimas Feridas,Pleno dia,Crescente,Céu Claro,Simples,Curva,Sim,3,0,2,1,0,0,3,2,-26.72772401,-53.51281303,SPRF-SC,DEL07-SC,UOP03-DEL07-SC,2023
"530717,0",2023-06-20,terça-feira,17:30:00,SC,101,"202,0",SAO JOSE,Acessar a via sem observar a presença dos outros veículos,Colisão traseira,Com Vítimas Feridas,Plena Noite,Crescente,Céu Claro,Dupla,Reta;Interseção de Vias,Sim,2,0,1,0,1,0,1,2,-27.55711595,-48.61897889,SPRF-SC,DEL01-SC,UOP01-DEL01-SC,2023
"530727,0",2023-06-20,terça-feira,18:00:00,SC,101,"146,0",ITAPEMA,Condutor deixou de manter distância do veículo da frente,Colisão traseira,Com Vítimas Feridas,Anoitecer,Decrescente,Céu Claro,Dupla,Reta,Sim,2,0,1,0,1,0,1,2,-27.08666525,-48.60955587,SPRF-SC,DEL04-SC,UOP03-DEL04-SC,2023
"530775,0",2023-06-21,quarta-feira,01:00:00,SC,101,"214,0",PALHOCA,Reação tardia ou ineficiente do condutor,Tombamento,Com Vítimas Feridas,Plena Noite,Decrescente,Céu Claro,Dupla,Viaduto;Reta,Sim,1,0,1,0,0,0,1,1,-27.64443,-48.67057,SPRF-SC,DEL01-SC,UOP02-DEL01-SC,2023
"530780,0",2023-06-21,quarta-feira,01:40:00,SC,470,"204,4",PONTE ALTA,Reação tardia ou ineficiente do condutor,Saída de leito carroçável,Sem Vítimas,Plena Noite,Decrescente,Céu Claro,Simples,Declive;Curva,Não,1,0,0,0,0,1,0,1,-27.289559,-50.170014,SPRF-SC,DEL05-SC,UOP03-DEL05-SC,2023
"530804,0",2023-06-21,quarta-feira,07:40:00,SC,282,"24,0",SANTO AMARO DA IMPERATRIZ,Acesso irregular,Colisão traseira,Com Vítimas Feridas,Pleno dia,Decrescente,Céu Claro,Simples,Reta,Não,3,0,2,0,1,0,2,2,-27.68268,-48.744614,SPRF-SC,DEL01-SC,UOP03-DEL01-SC,2023
"530814,0",2023-06-21,quarta-feira,07:35:00,SC,116,"5,7",MAFRA,Ausência de reação do condutor,Tombamento,Com Vítimas Feridas,Amanhecer,Decrescente,Nevoeiro/Neblina,Simples,Interseção de Vias,Sim,2,0,2,0,0,0,2,1,-26.14094396,-49.81508303,SPRF-SC,DEL06-SC,UOP01-DEL06-SC,2023
"530815,0",2023-06-21,quarta-feira,08:00:00,SC,101,"209,7",SAO JOSE,Manobra de mudança de faixa,Colisão traseira,Com Vítimas Feridas,Pleno dia,Decrescente,Céu Claro,Múltipla,Reta,Sim,2,0,1,0,1,0,1,2,-27.61000542,-48.63895057,SPRF-SC,DEL01-SC,UOP01-DEL01-SC,2023
"530816,0",2023-06-21,quarta-feira,07:55:00,SC,282,"222,9",LAGES,Ausência de sinalização,Colisão transversal,Com Vítimas Feridas,Pleno dia,Decrescente,Céu Claro,Simples,Curva;Interseção de Vias;Retorno Regulamentado;Declive,Sim,2,0,1,0,1,0,1,2,-27.80006758,-50.36128521,SPRF-SC,DEL05-SC,UOP01-DEL05-SC,2023
"530826,0",2023-06-21,quarta-feira,07:50:00,SC,116,"223,2",CORREIA PINTO,Acessar a via sem observar a presença dos outros veículos,Colisão transversal,Com Vítimas Feridas,Pleno dia,Crescente,Nevoeiro/Neblina,Simples,Reta,Não,3,0,2,0,1,0,2,2,-27.60213889,-50.35543366,SPRF-SC,DEL05-SC,UOP03-DEL05-SC,2023
"530836,0",2023-06-21,quarta-feira,07:40:00,SC,101,"131,0",BALNEARIO CAMBORIU,Demais falhas mecânicas ou elétricas,Queda de ocupante de veículo,Com Vítimas Feridas,Pleno dia,Decrescente,Céu Claro,Dupla,Reta,Não,2,0,1,0,1,0,1,1,-26.99064209,-48.66310912,SPRF-SC,DEL04-SC,UOP03-DEL04-SC,2023
"530846,0",2023-06-21,quarta-feira,07:46:00,SC,280,"70,5",JARAGUA DO SUL,Desrespeitar a preferência no cruzamento,Colisão lateral sentido oposto,Com Vítimas Feridas,Pleno dia,Crescente,Sol,Simples,Reta,Sim,2,0,1,0,1,0,1,2,-26.46522052,-49.12675918,SPRF-SC,DEL03-SC,UOP03-DEL03-SC,2023
"530870,0",2023-06-10,sábado,08:00:00,SC,101,"208,6",SAO JOSE,Ausência de reação do condutor,Colisão traseira,Com Vítimas Fatais,Pleno dia,Decrescente,Céu Claro,Múltipla,Reta,Sim,4,1,0,1,1,1,1,3,-27.6072655,-48.636012,SPRF-SC,DEL01-SC,UOP01-DEL01-SC,2023
"530879,0",2023-06-21,quarta-feira,15:00:00,SC,101,"200,0",SAO JOSE,Manobra de mudança de faixa,Colisão lateral mesmo sentido,Com Vítimas Feridas,Pleno dia,Crescente,Céu Claro,Múltipla,Reta,Sim,2,0,1,0,1,0,1,2,-27.54018513,-48.62287714,SPRF-SC,DEL01-SC,UOP01-DEL01-SC,2023
"530899,0",2023-06-21,quarta-feira,16:40:00,SC,470,"70,5",INDAIAL,Trafegar com motocicleta (ou similar) entre as faixas,Colisão transversal,Com Vítimas Feridas,Pleno dia,Decrescente,Nublado,Simples,Interseção de Vias;Reta;Em Obras,Sim,2,0,1,0,1,0,1,2,-26.889374,-49.254478,SPRF-SC,DEL04-SC,UOP01-DEL04-SC,2023
"530900,0",2023-06-21,quarta-feira,17:00:00,SC,101,"205,7",SAO JOSE,Manobra de mudança de faixa,Colisão lateral mesmo sentido,Com Vítimas Feridas,Anoitecer,Crescente,Céu Claro,Dupla,Reta,Sim,1,0,1,0,0,0,1,1,-27.58313237,-48.61532885,SPRF-SC,DEL01-SC,UOP01-DEL01-SC,2023
"530918,0",2023-06-21,quarta-feira,18:20:00,SC,101,"134,0",BALNEARIO CAMBORIU,Trafegar com motocicleta (ou similar) entre as faixas,Colisão frontal,Com Vítimas Feridas,Anoitecer,Crescente,Céu Claro,Simples,Curva;Interseção de Vias,Sim,3,0,2,0,1,0,2,2,-27.00218,-48.636433,SPRF-SC,DEL04-SC,UOP03-DEL04-SC,2023
"530919,0",2023-06-21,quarta-feira,17:10:00,SC,101,"133,0",BALNEARIO CAMBORIU,Manobra de mudança de faixa,Colisão lateral mesmo sentido,Com Vítimas Feridas,Anoitecer,Decrescente,Nublado,Múltipla,Reta,Sim,2,0,1,0,1,0,1,2,-26.99936,-48.64609,SPRF-SC,DEL04-SC,UOP03-DEL04-SC,2023
"530923,0",2023-06-21,quarta-feira,18:30:00,SC,101,"332,0",TUBARAO,Acessar a via sem observar a presença dos outros veículos,Colisão lateral mesmo sentido,Com Vítimas Feridas,Plena Noite,Crescente,Céu Claro,Dupla,Interseção de Vias,Sim,2,0,1,0,1,0,1,2,-28.46016431,-48.98968873,SPRF-SC,DEL02-SC,UOP01-DEL02-SC,2023
"530933,0",2023-06-21,quarta-feira,19:05:00,SC,101,"251,0",PAULO LOPES,Desrespeitar a preferência no cruzamento,Colisão frontal,Com Vítimas Feridas,Plena Noite,Decrescente,Céu Claro,Simples,Aclive;Reta,Sim,2,0,1,0,1,0,1,2,-27.9490242,-48.67206568,SPRF-SC,DEL02-SC,UOP03-DEL02-SC,2023
"530939,0",2023-06-21,quarta-feira,20:00:00,SC,101,"132,0",BALNEARIO CAMBORIU,Acessar a via sem observar a presença dos outros veículos,Colisão transversal,Com Vítimas Feridas,Plena Noite,Decrescente,Nublado,Múltipla,Reta,Sim,2,0,1,0,1,0,1,2,-26.99654133,-48.65564711,SPRF-SC,DEL04-SC,UOP03-DEL04-SC,2023
"530942,0",2023-06-21,quarta-feira,19:00:00,SC,470,"162,0",TROMBUDO CENTRAL,Retorno proibido,Colisão transversal,Com Vítimas Feridas,Plena Noite,Crescente,Nublado,Simples,Reta,Não,3,0,2,1,0,0,3,2,-27.282606,-49.817101,SPRF-SC,DEL04-SC,UOP02-DEL04-SC,2023
"530976,0",2023-06-22,quinta-feira,00:30:00,SC,101,"192,0",BIGUACU,Chuva,Capotamento,Com Vítimas Feridas,Plena Noite,Decrescente,Chuva,Múltipla,Curva,Sim,2,0,2,0,0,0,2,1,-27.48443781,-48.64765238,SPRF-SC,DEL01-SC,UOP01-DEL01-SC,2023
"530978,0",2023-06-21,quarta-feira,23:50:00,SC,282,"383,0",HERVAL DOESTE,Ingestão de álcool e/ou substâncias psicoativas pelo pedestre,Colisão com objeto,Sem Vítimas,Plena Noite,Crescente,Garoa/Chuvisco,Simples,Curva;Declive,Não,1,0,0,0,1,0,0,1,-27.200508,-51.507919,SPRF-SC,DEL07-SC,UOP05-DEL07-SC,2023
"530981,0",2023-06-22,quinta-feira,01:10:00,SC,282,"17,3",PALHOCA,Ingestão de álcool pelo condutor,Colisão com objeto,Sem Vítimas,Plena Noite,Decrescente,Garoa/Chuvisco,Simples,Em Obras,Não,1,0,0,0,1,0,0,1,-27.665707,-48.688065,SPRF-SC,DEL01-SC,UOP02-DEL01-SC,2023
"531014,0",2023-06-22,quinta-feira,08:00:00,SC,282,"16,3",PALHOCA,Ausência de reação do condutor,Colisão lateral mesmo sentido,Com Vítimas Feridas,Pleno dia,Crescente,Nublado,Simples,Reta,Não,3,0,2,0,1,0,2,2,-27.658611,-48.681847,SPRF-SC,DEL01-SC,UOP02-DEL01-SC,2023
"531015,0",2023-06-22,quinta-feira,07:25:00,SC,101,"132,8",BALNEARIO CAMBORIU,Ausência de reação do condutor,Tombamento,Com Vítimas Feridas,Pleno dia,Crescente,Céu Claro,Múltipla,Reta,Sim,1,0,1,0,0,0,1,1,-26.99727919,-48.65402162,SPRF-SC,DEL04-SC,UOP03-DEL04-SC,2023
"531025,0",2023-06-22,quinta-feira,09:25:00,SC,101,"201,0",SAO JOSE,Demais falhas mecânicas ou elétricas,Queda de ocupante de veículo,Com Vítimas Feridas,Pleno dia,Crescente,Nublado,Dupla,Reta,Sim,1,0,1,0,0,0,1,1,-27.54836599,-48.61977975,SPRF-SC,DEL01-SC,UOP01-DEL01-SC,2023
"531040,0",2023-06-22,quinta-feira,10:40:00,SC,101,"214,3",PALHOCA,Desrespeitar a preferência no cruzamento,Colisão transversal,Com Vítimas Feridas,Pleno dia,Decrescente,Nublado,Múltipla,Interseção de Vias;Reta,Sim,2,0,1,0,1,0,1,2,-27.64443,-48.67057,SPRF-SC,DEL01-SC,UOP02-DEL01-SC,2023
"531049,0",2023-06-22,quinta-feira,12:05:00,SC,101,"199,5",SAO JOSE,Reação tardia ou ineficiente do condutor,Colisão traseira,Com Vítimas Feridas,Pleno dia,Crescente,Nublado,Múltipla,Reta,Sim,2,0,1,0,1,0,1,2,-27.53413705,-48.63003205,SPRF-SC,DEL01-SC,UOP01-DEL01-SC,2023
"531057,0",2023-06-22,quinta-feira,11:45:00,SC,470,"283,0",BRUNOPOLIS,Velocidade Incompatível,Saída de leito carroçável,Com Vítimas Feridas,Pleno dia,Decrescente,Céu Claro,Simples,Reta,Não,1,0,1,0,0,0,1,1,-27.333603,-50.892273,SPRF-SC,DEL07-SC,UOP06-DEL07-SC,2023
"531089,0",2023-06-22,quinta-feira,14:50:00,SC,282,"562,5",NOVA ERECHIM,Condutor Dormindo,Colisão com objeto,Com Vítimas Feridas,Pleno dia,Decrescente,Garoa/Chuvisco,Simples,Curva;Aclive,Não,1,0,0,1,0,0,1,1,-26.911108,-52.865475,SPRF-SC,DEL07-SC,UOP02-DEL07-SC,2023
"531100,0",2023-06-22,quinta-feira,14:50:00,SC,282,"652,2",SAO MIGUEL DO OESTE,Ausência de reação do condutor,Saída de leito carroçável,Com Vítimas Feridas,Pleno dia,Decrescente,Nublado,Simples,Curva,Sim,1,0,1,0,0,0,1,1,-26.716505,-53.516796,SPRF-SC,DEL07-SC,UOP03-DEL07-SC,2023
"531104,0",2023-06-22,quinta-feira,14:00:00,SC,163,"72,0",SAO MIGUEL DO OESTE,Manobra de mudança de faixa,Colisão transversal,Com Vítimas Feridas,Pleno dia,Decrescente,Céu Claro,Dupla,Interseção de Vias;Reta,Sim,2,0,1,0,1,0,1,2,-26.71908804,-53.5157791,SPRF-SC,DEL07-SC,UOP03-DEL07-SC,2023
"531140,0",2023-06-22,quinta-feira,17:40:00,SC,280,"82,3",CORUPA,Acessar a via sem observar a presença dos outros veículos,Colisão transversal,Com Vítimas Feridas,Anoitecer,Crescente,Céu Claro,Simples,Rotatória,Sim,2,0,1,0,1,0,1,2,-26.43532072,-49.24537897,SPRF-SC,DEL06-SC,UOP03-DEL06-SC,2023
"531155,0",2023-06-22,quinta-feira,21:30:00,SC,282,"216,2",LAGES,Condutor deixou de manter distância do veículo da frente,Colisão traseira,Com Vítimas Feridas,Plena Noite,Crescente,Chuva,Simples,Interseção de Vias;Reta,Sim,2,0,1,0,1,0,1,2,-27.797529,-50.291862,SPRF-SC,DEL05-SC,UOP01-DEL05-SC,2023