id,data_inversa,dia_semana,horario,uf,br,km,municipio,causa_acidente,tipo_acidente,classificacao_acidente,fase_dia,sentido_via,condicao_metereologica,tipo_pista,tracado_via,uso_solo,pessoas,mortos,feridos_leves,feridos_graves,ilesos,ignorados,feridos,veiculos,latitude,longitude,regional,delegacia,uop,ano_arquivo
"531165,0",2023-06-22,quinta-feira,21:48:00,SC,116,"246,9",LAGES,Desrespeitar a preferência no cruzamento,Colisão transversal,Com Vítimas Feridas,Plena Noite,Crescente,Chuva,Simples,Rotatória,Sim,2,0,1,0,1,0,1,2,-27.81121837,-50.36763668,SPRF-SC,DEL05-SC,UOP02-DEL05-SC,2023
"531171,0",2023-06-23,sexta-feira,00:30:00,SC,101,"205,0",SAO JOSE,Condutor Dormindo,Colisão com objeto,Com Vítimas Feridas,Plena Noite,Crescente,Garoa/Chuvisco,Dupla,Curva,Sim,1,0,1,0,0,0,1,1,-27.58313237,-48.61532885,SPRF-SC,DEL01-SC,UOP01-DEL01-SC,2023
"531176,0",2023-06-22,quinta-feira,23:47:00,SC,116,"130,0",SANTA CECILIA,Acumulo de água sobre o pavimento,Colisão com objeto,Com Vítimas Feridas,Plena Noite,Crescente,Chuva,Simples,Reta,Não,1,0,1,0,0,0,1,1,-26.89105589,-50.43451019,SPRF-SC,DEL06-SC,UOP02-DEL06-SC,2023
"531183,0",2023-06-23,sexta-feira,01:50:00,SC,101,"149,0",ITAPEMA,Ingestão de álcool pelo condutor,Colisão com objeto,Sem Vítimas,Plena Noite,Crescente,Garoa/Chuvisco,Dupla,Reta,Não,1,0,0,0,1,0,0,1,-27.1089649,-48.61277586,SPRF-SC,DEL04-SC,UOP03-DEL04-SC,2023
"531242,0",2023-06-23,sexta-feira,08:30:00,SC,470,"44,1",GASPAR,Condutor deixou de manter distância do veículo da frente,Colisão traseira,Sem Vítimas,Pleno dia,Decrescente,Garoa/Chuvisco,Dupla,Curva,Não,3,0,0,0,1,2,0,3,-26.870665,-49.021896,SPRF-SC,DEL04-SC,UOP01-DEL04-SC,2023
"531254,0",2023-06-23,sexta-feira,11:30:00,SC,101,"189,7",BIGUACU,Chuva,Saída de leito carroçável,Com Vítimas Feridas,Pleno dia,Crescente,Chuva,Dupla,Curva,Não,1,0,1,0,0,0,1,1,-27.459393,-48.638914,SPRF-SC,DEL01-SC,UOP01-DEL01-SC,2023
"531257,0",2023-06-23,sexta-feira,11:45:00,SC,101,"174,0",BIGUACU,Manobra de mudança de faixa,Colisão traseira,Com Vítimas Feridas,Pleno dia,Crescente,Chuva,Dupla,Aclive;Retorno Regulamentado;Reta,Não,1,0,0,1,0,0,1,1,-27.33081601,-48.62697562,SPRF-SC,DEL01-SC,UOP01-DEL01-SC,2023
"531266,0",2023-06-23,sexta-feira,12:00:00,SC,470,"135,0",RIO DO SUL,Condutor deixou de manter distância do veículo da frente,Colisão traseira,Com Vítimas Feridas,Pleno dia,Crescente,Chuva,Simples,Reta,Sim,4,0,3,0,1,0,3,2,-27.188492,-49.61232,SPRF-SC,DEL04-SC,UOP02-DEL04-SC,2023
"531280,0",2023-06-23,sexta-feira,08:20:00,SC,282,"222,5",LAGES,Reação tardia ou ineficiente do condutor,Colisão frontal,Com Vítimas Feridas,Pleno dia,Decrescente,Chuva,Simples,Curva,Não,5,0,3,2,0,0,5,2,-27.797739,-50.353409,SPRF-SC,DEL05-SC,UOP01-DEL05-SC,2023
"531302,0",2023-06-23,sexta-feira,13:30:00,SC,116,"1,2",MAFRA,Velocidade Incompatível,Colisão com objeto,Com Vítimas Feridas,Pleno dia,Crescente,Chuva,Simples,Rotatória,Não,2,0,1,0,1,0,1,1,-26.1186062,-49.78823662,SPRF-SC,DEL06-SC,UOP01-DEL06-SC,2023
"531323,0",2023-06-23,sexta-feira,17:15:00,SC,116,"202,0",PONTE ALTA,Ausência de reação do condutor,Colisão com objeto,Com Vítimas Feridas,Anoitecer,Crescente,Garoa/Chuvisco,Simples,Curva,Não,1,0,1,0,0,0,1,1,-27.44129626,-50.39571452,SPRF-SC,DEL05-SC,UOP03-DEL05-SC,2023
"531334,0",2023-06-23,sexta-feira,17:30:00,SC,101,"131,0",BALNEARIO CAMBORIU,Trafegar com motocicleta (ou similar) entre as faixas,Colisão lateral mesmo sentido,Com Vítimas Feridas,Anoitecer,Decrescente,Garoa/Chuvisco,Dupla,Reta,Sim,2,0,0,1,1,0,1,2,-26.99064209,-48.66310912,SPRF-SC,DEL04-SC,UOP03-DEL04-SC,2023
"531335,0",2023-06-23,sexta-feira,18:35:00,SC,480,"129,0",CHAPECO,Ausência de reação do condutor,Saída de leito carroçável,Com Vítimas Feridas,Plena Noite,Crescente,Garoa/Chuvisco,Dupla,Reta,Sim,1,0,0,1,0,0,1,1,-27.04656607,-52.63577131,SPRF-SC,DEL07-SC,UOP01-DEL07-SC,2023
"531348,0",2023-06-23,sexta-feira,18:40:00,SC,101,"415,0",ARARANGUA,Desrespeitar a preferência no cruzamento,Colisão transversal,Com Vítimas Feridas,Plena Noite,Crescente,Nublado,Simples,Curva;Interseção de Vias,Sim,2,0,2,0,0,0,2,2,-28.96589925,-49.52304125,SPRF-SC,DEL02-SC,UOP02-DEL02-SC,2023
"531365,0",2023-06-23,sexta-feira,19:15:00,SC,282,"494,0",XANXERE,Ultrapassagem Indevida,Colisão lateral sentido oposto,Sem Vítimas,Plena Noite,Crescente,Garoa/Chuvisco,Simples,Declive;Curva,Não,2,0,0,0,2,0,0,2,-26.87149,-52.318768,SPRF-SC,DEL07-SC,UOP01-DEL07-SC,2023
"531376,0",2023-06-23,sexta-feira,21:15:00,SC,101,"86,5",BARRA VELHA,Reação tardia ou ineficiente do condutor,Tombamento,Com Vítimas Feridas,Plena Noite,Crescente,Nublado,Dupla,Reta,Sim,1,0,1,0,0,0,1,1,-26.63277317,-48.70232513,SPRF-SC,DEL03-SC,UOP02-DEL03-SC,2023
"531389,0",2023-06-23,sexta-feira,21:00:00,SC,470,"67,0",INDAIAL,Ingestão de álcool pelo condutor,Colisão com objeto,Sem Vítimas,Plena Noite,Crescente,Nublado,Dupla,Reta,Sim,1,0,0,0,1,0,0,1,-26.872158,-49.23127,SPRF-SC,DEL04-SC,UOP01-DEL04-SC,2023
"531400,0",2023-06-23,sexta-feira,23:00:00,SC,282,"342,0",CAMPOS NOVOS,Ingestão de álcool pelo condutor,Colisão transversal,Com Vítimas Feridas,Plena Noite,Decrescente,Céu Claro,Simples,Rotatória,Sim,2,0,1,0,1,0,1,2,-27.390287,-51.223286,SPRF-SC,DEL07-SC,UOP06-DEL07-SC,2023
"531407,0",2023-06-23,sexta-feira,00:25:00,SC,101,"324,1",CAPIVARI DE BAIXO,Transitar no Acostamento,Saída de leito carroçável,Com Vítimas Feridas,Plena Noite,Decrescente,Céu Claro,Dupla,Reta,Não,2,0,0,1,0,1,1,2,-28.42496734,-48.93526196,SPRF-SC,DEL02-SC,UOP01-DEL02-SC,2023
"531423,0",2023-06-24,sábado,04:00:00,SC,280,"30,5",ARAQUARI,Ingestão de álcool pelo condutor,Capotamento,Com Vítimas Feridas,Plena Noite,Decrescente,Nublado,Simples,Reta,Sim,2,0,1,1,0,0,2,1,-26.41430829,-48.76204491,SPRF-SC,DEL03-SC,UOP03-DEL03-SC,2023
"531426,0",2023-06-24,sábado,04:38:00,SC,101,"206,9",SAO JOSE,Ingestão de álcool pelo condutor,Capotamento,Com Vítimas Fatais,Plena Noite,Decrescente,Céu Claro,Múltipla,Reta,Sim,3,1,1,0,1,0,1,1,-27.5995233,-48.6220713,SPRF-SC,DEL01-SC,UOP01-DEL01-SC,2023
"531429,0",2023-06-24,sábado,03:15:00,SC,282,"408,9",JOACABA,Reação tardia ou ineficiente do condutor,Saída de leito carroçável,Com Vítimas Feridas,Plena Noite,Crescente,Nublado,Simples,Curva,Sim,4,0,3,1,0,0,4,2,-27.076186,-51.663072,SPRF-SC,DEL07-SC,UOP05-DEL07-SC,2023
"531437,0",2023-06-24,sábado,02:50:00,SC,158,"135,5",PALMITOS,Ingestão de álcool e/ou substâncias psicoativas pelo pedestre,Colisão com objeto,Sem Vítimas,Plena Noite,Decrescente,Nublado,Simples,Curva,Não,1,0,0,0,1,0,0,1,-27.078894,-53.226196,SPRF-SC,DEL07-SC,UOP02-DEL07-SC,2023
"531442,0",2023-06-24,sábado,06:25:00,SC,101,"215,0",PALHOCA,Ausência de reação do condutor,Colisão traseira,Com Vítimas Feridas,Amanhecer,Crescente,Céu Claro,Dupla,Reta,Não,3,0,1,0,2,0,1,2,-27.65184843,-48.67604941,SPRF-SC,DEL01-SC,UOP02-DEL01-SC,2023
"531443,0",2023-06-24,sábado,06:15:00,SC,101,"216,0",PALHOCA,Velocidade Incompatível,Tombamento,Com Vítimas Feridas,Pleno dia,Crescente,Céu Claro,Múltipla,Reta,Não,1,0,1,0,0,0,1,1,-27.65184843,-48.67604941,SPRF-SC,DEL01-SC,UOP02-DEL01-SC,2023
"531451,0",2023-06-24,sábado,01:50:00,SC,282,"445,5",PONTE SERRADA,Ingestão de álcool pelo condutor,Capotamento,Sem Vítimas,Plena Noite,Decrescente,Céu Claro,Simples,Curva,Não,1,0,0,0,1,0,0,1,-26.908545,-51.905785,SPRF-SC,DEL07-SC,UOP04-DEL07-SC,2023
"531453,0",2023-06-24,sábado,07:00:00,SC,101,"216,0",PALHOCA,Reação tardia ou ineficiente do condutor,Tombamento,Com Vítimas Feridas,Amanhecer,Crescente,Céu Claro,Dupla,Retorno Regulamentado;Rotatória,Sim,1,0,0,1,0,0,1,1,-27.65981409,-48.67747798,SPRF-SC,DEL01-SC,UOP02-DEL01-SC,2023
"531466,0",2023-06-24,sábado,06:10:00,SC,280,"301,0",PORTO UNIAO,Pedestre andava na pista,Atropelamento de Pedestre,Com Vítimas Fatais,Plena Noite,Crescente,Nevoeiro/Neblina,Simples,Reta,Não,3,1,0,0,2,0,0,2,-26.28207506,-51.03061202,SPRF-SC,DEL06-SC,UOP04-DEL06-SC,2023
"531477,0",2023-06-24,sábado,08:30:00,SC,101,"145,0",ITAPEMA,Condutor deixou de manter distância do veículo da frente,Colisão traseira,Com Vítimas Feridas,Pleno dia,Crescente,Céu Claro,Dupla,Reta,Sim,3,0,0,1,2,0,1,3,-27.08139206,-48.60130993,SPRF-SC,DEL04-SC,UOP03-DEL04-SC,2023
"531511,0",2023-06-24,sábado,12:55:00,SC,101,"113,8",ITAJAI,Reação tardia ou ineficiente do condutor,Colisão lateral mesmo sentido,Com Vítimas Feridas,Pleno dia,Decrescente,Céu Claro,Múltipla,Reta,Não,2,0,0,1,0,1,1,2,-26.85311393,-48.72689927,SPRF-SC,DEL04-SC,UOP04-DEL04-SC,2023
"531539,0",2023-06-24,sábado,15:50:00,SC,470,"138,2",RIO DO SUL,Acessar a via sem observar a presença dos outros veículos,Colisão transversal,Com Vítimas Feridas,Pleno dia,Crescente,Céu Claro,Simples,Interseção de Vias;Retorno Regulamentado;Reta,Não,3,0,0,2,1,0,2,2,-27.207214,-49.648476,SPRF-SC,DEL04-SC,UOP02-DEL04-SC,2023
"531540,0",2023-06-24,sábado,14:30:00,SC,101,"330,0",TUBARAO,Ingestão de álcool pelo condutor,Colisão lateral mesmo sentido,Com Vítimas Feridas,Pleno dia,Decrescente,Sol,Dupla,Reta,Não,2,0,1,0,1,0,1,2,-28.45115639,-48.97286879,SPRF-SC,DEL02-SC,UOP01-DEL02-SC,2023
"531551,0",2023-06-24,sábado,16:30:00,SC,280,"124,0",RIO NEGRINHO,Conversão proibida,Colisão transversal,Com Vítimas Feridas,Pleno dia,Decrescente,Sol,Simples,Reta,Sim,2,0,1,0,1,0,1,2,-26.24130297,-49.47514499,SPRF-SC,DEL06-SC,UOP03-DEL06-SC,2023
"531567,0",2023-06-24,sábado,17:08:00,SC,282,"557,2",NOVA ITABERABA,Afundamento ou ondulação no pavimento,Saída de leito carroçável,Com Vítimas Feridas,Pleno dia,Crescente,Céu Claro,Simples,Reta,Não,2,0,1,0,0,1,1,2,-26.932125,-52.829117,SPRF-SC,DEL07-SC,UOP01-DEL07-SC,2023
"531582,0",2023-06-24,sábado,18:40:00,SC,470,"35,0",GASPAR,Reação tardia ou ineficiente do condutor,Queda de ocupante de veículo,Com Vítimas Feridas,Plena Noite,Crescente,Céu Claro,Simples,Reta,Não,1,0,0,1,0,0,1,1,-26.912857,-48.958965,SPRF-SC,DEL04-SC,UOP01-DEL04-SC,2023
"531624,0",2023-06-24,sábado,20:40:00,SC,282,"273,2",SAO JOSE DO CERRITO,Ingestão de álcool pelo condutor,Saída de leito carroçável,Com Vítimas Feridas,Plena Noite,Decrescente,Céu Claro,Simples,Reta,Não,2,0,1,0,0,1,1,2,-27.614969,-50.7123867,SPRF-SC,DEL05-SC,UOP02-DEL05-SC,2023
"531632,0",2023-06-24,sábado,22:00:00,SC,101,"135,0",BALNEARIO CAMBORIU,Ingestão de álcool pelo condutor,Saída de leito carroçável,Sem Vítimas,Plena Noite,Crescente,Céu Claro,Dupla,Declive;Reta,Sim,1,0,0,0,1,0,0,1,-27.0050108,-48.62677494,SPRF-SC,DEL04-SC,UOP03-DEL04-SC,2023
"531659,0",2023-06-25,domingo,02:00:00,SC,101,"123,0",ITAJAI,Pedestre cruzava a pista fora da faixa,Atropelamento de Pedestre,Com Vítimas Feridas,Plena Noite,Decrescente,Céu Claro,Simples,Retorno Regulamentado,Sim,3,0,0,1,2,0,1,2,-26.94335064,-48.69198648,SPRF-SC,DEL04-SC,UOP04-DEL04-SC,2023
"531691,0",2023-06-25,domingo,03:41:00,SC,101,"267,5",PAULO LOPES,Reação tardia ou ineficiente do condutor,Saída de leito carroçável,Sem Vítimas,Plena Noite,Decrescente,Céu Claro,Dupla,Reta,Não,1,0,0,0,0,1,0,1,-28.07699803,-48.71234311,SPRF-SC,DEL02-SC,UOP03-DEL02-SC,2023
"531721,0",2023-06-25,domingo,08:50:00,SC,101,"48,0",JOINVILLE,Ingestão de álcool pelo condutor,Tombamento,Com Vítimas Feridas,Pleno dia,Crescente,Céu Claro,Dupla,Curva,Não,2,0,2,0,0,0,2,1,-26.35345909,-48.85867862,SPRF-SC,DEL03-SC,UOP01-DEL03-SC,2023
"531723,0",2023-06-25,domingo,09:15:00,SC,101,"51,0",JOINVILLE,Manobra de mudança de faixa,Colisão traseira,Com Vítimas Feridas,Pleno dia,Crescente,Céu Claro,Dupla,Curva,Sim,2,0,0,1,1,0,1,2,-26.38506771,-48.84917582,SPRF-SC,DEL03-SC,UOP01-DEL03-SC,2023
"531748,0",2023-06-25,domingo,14:00:00,SC,282,"213,0",LAGES,Manobra de mudança de faixa,Colisão transversal,Com Vítimas Feridas,Pleno dia,Decrescente,Céu Claro,Simples,Reta,Não,3,0,1,0,2,0,1,2,-27.785299,-50.261921,SPRF-SC,DEL05-SC,UOP01-DEL05-SC,2023
"531753,0",2023-06-25,domingo,12:15:00,SC,282,"302,0",VARGEM,Velocidade Incompatível,Saída de leito carroçável,Com Vítimas Feridas,Pleno dia,Decrescente,Céu Claro,Simples,Reta,Não,1,0,0,1,0,0,1,1,-27.505852,-50.926998,SPRF-SC,DEL07-SC,UOP06-DEL07-SC,2023
"531756,0",2023-06-25,domingo,14:47:00,SC,470,"57,2",BLUMENAU,Ultrapassagem Indevida,Colisão lateral mesmo sentido,Com Vítimas Feridas,Pleno dia,Decrescente,Céu Claro,Simples,Reta;Desvio Temporário;Em Obras,Sim,3,0,2,0,1,0,2,2,-26.88193308,-49.13864851,SPRF-SC,DEL04-SC,UOP01-DEL04-SC,2023
"531759,0",2023-06-25,domingo,14:50:00,SC,470,"18,6",ILHOTA,Condutor deixou de manter distância do veículo da frente,Colisão traseira,Com Vítimas Feridas,Pleno dia,Decrescente,Céu Claro,Simples,Ponte;Reta,Não,2,0,1,0,1,0,1,2,-26.86090698,-48.8129425,SPRF-SC,DEL04-SC,UOP04-DEL04-SC,2023
"531773,0",2023-06-25,domingo,16:45:00,SC,101,"135,0",BALNEARIO CAMBORIU,Desrespeitar a preferência no cruzamento,Colisão transversal,Com Vítimas Feridas,Pleno dia,Crescente,Céu Claro,Múltipla,Interseção de Vias,Sim,2,0,1,1,0,0,2,2,-27.00535968,-48.62604618,SPRF-SC,DEL04-SC,UOP03-DEL04-SC,2023
"531774,0",2023-06-25,domingo,14:00:00,SC,116,"130,5",SANTA CECILIA,Demais falhas mecânicas ou elétricas,Incêndio,Sem Vítimas,Pleno dia,Decrescente,Céu Claro,Simples,Curva,Não,16,0,0,0,16,0,0,1,-26.89105589,-50.43451019,SPRF-SC,DEL06-SC,UOP02-DEL06-SC,2023
"531786,0",2023-06-25,domingo,17:20:00,SC,101,"365,0",SANGAO,Ausência de reação do condutor,Colisão traseira,Com Vítimas Feridas,Plena Noite,Decrescente,Céu Claro,Dupla,Reta,Sim,3,0,2,0,1,0,2,2,-28.68290284,-49.14759308,SPRF-SC,DEL02-SC,UOP01-DEL02-SC,2023
"531796,0",2023-06-25,domingo,17:40:00,SC,470,"70,0",INDAIAL,Ingestão de álcool pelo condutor,Colisão transversal,Sem Vítimas,Anoitecer,Decrescente,Céu Claro,Simples,Interseção de Vias;Em Obras;Reta,Sim,2,0,0,0,1,1,0,2,-26.88911385,-49.25403714,SPRF-SC,DEL04-SC,UOP01-DEL04-SC,2023
"531806,0",2023-06-25,domingo,11:25:00,SC,280,"250,4",CANOINHAS,Condutor deixou de manter distância do veículo da frente,Colisão traseira,Com Vítimas Feridas,Pleno dia,Decrescente,Céu Claro,Simples,Reta;Aclive,Não,5,0,1,0,4,0,1,2,-26.25489922,-50.54258496,SPRF-SC,DEL06-SC,UOP04-DEL06-SC,2023
"531818,0",2023-06-25,domingo,18:50:00,SC,282,"673,1",PARAISO,Ingestão de álcool pelo condutor,Colisão frontal,Sem Vítimas,Plena Noite,Decrescente,Céu Claro,Simples,Aclive;Reta,Não,4,0,0,0,4,0,0,2,-26.61490815,-53.6693716,SPRF-SC,DEL07-SC,UOP03-DEL07-SC,2023
"531824,0",2023-06-25,domingo,19:50:00,SC,101,"404,0",MARACAJA,Ausência de reação do condutor,Saída de leito carroçável,Sem Vítimas,Plena Noite,Decrescente,Céu Claro,Dupla,Reta,Não,1,0,0,0,1,0,0,1,-28.87801417,-49.45745479,SPRF-SC,DEL02-SC,UOP02-DEL02-SC,2023
"531830,0",2023-06-25,domingo,20:35:00,SC,280,"25,0",ARAQUARI,Acesso irregular,Colisão frontal,Com Vítimas Feridas,Plena Noite,Crescente,Nublado,Simples,Reta,Sim,2,0,0,2,0,0,2,2,-26.38352781,-48.72677516,SPRF-SC,DEL03-SC,UOP03-DEL03-SC,2023
"531832,0",2023-06-25,domingo,19:40:00,SC,282,"29,0",SANTO AMARO DA IMPERATRIZ,Ingestão de álcool pelo condutor,Colisão frontal,Com Vítimas Feridas,Plena Noite,Decrescente,Céu Claro,Simples,Curva,Sim,4,0,2,2,0,0,4,2,-27.679737,-48.786785,SPRF-SC,DEL01-SC,UOP03-DEL01-SC,2023
"531834,0",2023-06-25,domingo,18:40:00,SC,116,"60,9",PAPANDUVA,Pedestre cruzava a pista fora da faixa,Atropelamento de Pedestre,Com Vítimas Feridas,Plena Noite,Decrescente,Nublado,Simples,Curva;Aclive,Não,2,0,0,1,0,1,1,2,-26.38296807,-50.21675059,SPRF-SC,DEL06-SC,UOP02-DEL06-SC,2023
"531837,0",2023-05-24,quarta-feira,16:30:00,SC,280,"82,0",CORUPA,Transitar na contramão,Colisão frontal,Com Vítimas Feridas,Pleno dia,Crescente,Céu Claro,Simples,Reta,Sim,3,0,1,2,0,0,3,2,-26.44009491,-49.22605498,SPRF-SC,DEL06-SC,UOP03-DEL06-SC,2023
"531839,0",2023-06-25,domingo,22:00:00,SC,470,"126,0",LONTRAS,Acesso irregular,Colisão frontal,Com Vítimas Feridas,Plena Noite,Crescente,Nevoeiro/Neblina,Simples,Retorno Regulamentado,Não,3,0,3,0,0,0,3,2,-27.129,-49.538277,SPRF-SC,DEL04-SC,UOP02-DEL04-SC,2023
"531884,0",2023-06-26,segunda-feira,07:25:00,SC,101,"38,8",JOINVILLE,Trafegar com motocicleta (ou similar) entre as faixas,Colisão com objeto,Com Vítimas Feridas,Pleno dia,Decrescente,Céu Claro,Múltipla,Reta,Sim,3,0,1,0,2,0,1,2,-26.25472505,-48.90561309,SPRF-SC,DEL03-SC,UOP01-DEL03-SC,2023
"531889,0",2023-06-26,segunda-feira,07:30:00,SC,116,"11,0",MAFRA,Restrição de visibilidade em curvas verticais,Colisão frontal,Com Vítimas Feridas,Pleno dia,Decrescente,Céu Claro,Simples,Curva;Aclive,Não,2,0,0,2,0,0,2,1,-26.17627262,-49.8580203,SPRF-SC,DEL06-SC,UOP01-DEL06-SC,2023
"531895,0",2023-06-26,segunda-feira,08:40:00,SC,101,"212,0",PALHOCA,Velocidade Incompatível,Queda de ocupante de veículo,Com Vítimas Feridas,Pleno dia,Decrescente,Céu Claro,Dupla,Reta,Sim,2,0,1,0,0,1,1,2,-27.62996929,-48.65903871,SPRF-SC,DEL01-SC,UOP02-DEL01-SC,2023
"531899,0",2023-06-26,segunda-feira,06:50:00,SC,101,"353,0",JAGUARUNA,Animais na Pista,Atropelamento de Animal,Sem Vítimas,Pleno dia,Crescente,Céu Claro,Dupla,Reta,Não,1,0,0,0,1,0,0,1,-28.61232036,-49.06197674,SPRF-SC,DEL02-SC,UOP01-DEL02-SC,2023
"531907,0",2023-06-26,segunda-feira,08:40:00,SC,282,"95,3",ALFREDO WAGNER,Velocidade Incompatível,Capotamento,Com Vítimas Feridas,Pleno dia,Crescente,Sol,Simples,Curva,Não,1,0,1,0,0,0,1,1,-27.710436,-49.245926,SPRF-SC,DEL01-SC,UOP03-DEL01-SC,2023
"531914,0",2023-06-26,segunda-feira,09:50:00,SC,101,"209,0",SAO JOSE,Ausência de reação do condutor,Saída de leito carroçável,Com Vítimas Feridas,Pleno dia,Crescente,Céu Claro,Dupla,Reta,Sim,1,0,1,0,0,0,1,1,-27.61000542,-48.63895057,SPRF-SC,DEL01-SC,UOP01-DEL01-SC,2023
"531918,0",2023-06-24,sábado,19:45:00,SC,282,"525,0",XAXIM,Ingestão de álcool pelo condutor,Colisão transversal,Sem Vítimas,Plena Noite,Crescente,Céu Claro,Simples,Rotatória;Interseção de Vias,Sim,2,0,0,0,1,1,0,2,-26.965441,-52.566383,SPRF-SC,DEL07-SC,UOP01-DEL07-SC,2023
"531921,0",2023-06-26,segunda-feira,10:55:00,SC,116,"5,5",MAFRA,Acessar a via sem observar a presença dos outros veículos,Colisão transversal,Com Vítimas Feridas,Pleno dia,Decrescente,Céu Claro,Simples,Interseção de Vias;Reta,Sim,3,0,1,0,2,0,1,2,-26.14094396,-49.81508303,SPRF-SC,DEL06-SC,UOP01-DEL06-SC,2023
"531960,0",2023-06-26,segunda-feira,15:50:00,SC,101,"339,0",TUBARAO,Avarias e/ou desgaste excessivo no pneu,Tombamento,Com Vítimas Feridas,Pleno dia,Crescente,Céu Claro,Dupla,Reta;Viaduto;Declive,Sim,1,0,1,0,0,0,1,1,-28.50887119,-49.05040383,SPRF-SC,DEL02-SC,UOP01-DEL02-SC,2023
"531964,0",2023-06-26,segunda-feira,11:30:00,SC,153,"111,2",CONCORDIA,Acessar a via sem observar a presença dos outros veículos,Colisão transversal,Com Vítimas Feridas,Pleno dia,Crescente,Céu Claro,Simples,Reta,Não,2,0,1,0,1,0,1,2,-27.319271,-51.983299,SPRF-SC,DEL07-SC,UOP04-DEL07-SC,2023
"531965,0",2023-06-26,segunda-feira,16:07:00,SC,280,"8,7",SAO FRANCISCO DO SUL,Manobra de mudança de faixa,Colisão frontal,Com Vítimas Feridas,Pleno dia,Crescente,Céu Claro,Simples,Reta,Não,2,0,0,1,1,0,1,2,-26.285156,-48.646221,SPRF-SC,DEL03-SC,UOP03-DEL03-SC,2023
"531973,0",2023-06-26,segunda-feira,17:02:00,SC,101,"206,0",SAO JOSE,Manobra de mudança de faixa,Colisão lateral mesmo sentido,Com Vítimas Feridas,Anoitecer,Crescente,Céu Claro,Múltipla,Reta,Sim,3,0,1,0,2,0,1,3,-27.59193546,-48.61824557,SPRF-SC,DEL01-SC,UOP01-DEL01-SC,2023
"531978,0",2023-06-26,segunda-feira,14:50:00,SC,470,"281,0",BRUNOPOLIS,Reação tardia ou ineficiente do condutor,Colisão frontal,Com Vítimas Feridas,Pleno dia,Decrescente,Céu Claro,Simples,Curva,Não,2,0,2,0,0,0,2,2,-27.334003,-50.872852,SPRF-SC,DEL07-SC,UOP06-DEL07-SC,2023
"531984,0",2023-06-26,segunda-feira,13:50:00,SC,282,"527,6",CORDILHEIRA ALTA,Conversão proibida,Tombamento,Com Vítimas Feridas,Pleno dia,Crescente,Sol,Simples,Curva,Não,2,0,1,0,1,0,1,2,-26.973196,-52.583321,SPRF-SC,DEL07-SC,UOP01-DEL07-SC,2023
"531995,0",2023-06-26,segunda-feira,18:40:00,SC,282,"216,9",LAGES,Condutor deixou de manter distância do veículo da frente,Colisão traseira,Com Vítimas Feridas,Plena Noite,Decrescente,Céu Claro,Dupla,Aclive;Reta;Interseção de Vias,Sim,4,0,1,0,3,0,1,2,-27.7982264,-50.30837059,SPRF-SC,DEL05-SC,UOP01-DEL05-SC,2023
"531996,0",2023-06-26,segunda-feira,18:20:00,SC,101,"88,4",BARRA VELHA,Ausência de reação do condutor,Colisão traseira,Com Vítimas Feridas,Pleno dia,Decrescente,Nublado,Dupla,Reta,Sim,2,0,0,1,1,0,1,2,-26.64253985,-48.68950684,SPRF-SC,DEL03-SC,UOP02-DEL03-SC,2023
"532001,0",2023-06-26,segunda-feira,19:35:00,SC,101,"218,0",PALHOCA,Ausência de reação do condutor,Queda de ocupante de veículo,Com Vítimas Feridas,Plena Noite,Decrescente,Céu Claro,Dupla,Reta,Sim,1,0,1,0,0,0,1,1,-27.6758601,-48.67052525,SPRF-SC,DEL01-SC,UOP02-DEL01-SC,2023
"532034,0",2023-06-26,segunda-feira,19:00:00,SC,101,"116,0",ITAJAI,Reação tardia ou ineficiente do condutor,Engavetamento,Com Vítimas Feridas,Anoitecer,Decrescente,Céu Claro,Dupla,Reta,Sim,3,0,1,0,2,0,1,3,-26.87905605,-48.72603512,SPRF-SC,DEL04-SC,UOP04-DEL04-SC,2023
"532041,0",2023-06-26,segunda-feira,20:50:00,SC,282,"371,0",ERVAL VELHO,Reação tardia ou ineficiente do condutor,Capotamento,Com Vítimas Feridas,Plena Noite,Decrescente,Céu Claro,Simples,Curva;Declive,Não,3,0,3,0,0,0,3,1,-27.259993,-51.442684,SPRF-SC,DEL07-SC,UOP05-DEL07-SC,2023
"532050,0",2023-06-23,sexta-feira,00:55:00,SC,282,"215,0",LAGES,Reação tardia ou ineficiente do condutor,Saída de leito carroçável,Sem Vítimas,Plena Noite,Decrescente,Nevoeiro/Neblina,Simples,Reta,Sim,2,0,0,0,2,0,0,1,-27.793665,-50.281799,SPRF-SC,DEL05-SC,UOP01-DEL05-SC,2023
"532067,0",2023-06-27,terça-feira,06:30:00,SC,101,"138,8",BALNEARIO CAMBORIU,Ausência de reação do condutor,Queda de ocupante de veículo,Com Vítimas Feridas,Pleno dia,Crescente,Céu Claro,Simples,Reta,Sim,1,0,1,0,0,0,1,1,-27.02397426,-48.60761649,SPRF-SC,DEL04-SC,UOP03-DEL04-SC,2023
"532072,0",2023-06-27,terça-feira,06:36:00,SC,101,"172,0",TIJUCAS,Restrição de visibilidade em curvas horizontais,Tombamento,Com Vítimas Feridas,Pleno dia,Decrescente,Céu Claro,Dupla,Curva;Aclive,Não,2,0,0,1,1,0,1,2,-27.31398818,-48.63155831,SPRF-SC,DEL04-SC,UOP03-DEL04-SC,2023