id,data_inversa,dia_semana,horario,uf,br,km,municipio,causa_acidente,tipo_acidente,classificacao_acidente,fase_dia,sentido_via,condicao_metereologica,tipo_pista,tracado_via,uso_solo,pessoas,mortos,feridos_leves,feridos_graves,ilesos,ignorados,feridos,veiculos,latitude,longitude,regional,delegacia,uop,ano_arquivo
"532074,0",2023-06-26,segunda-feira,18:15:00,SC,280,"80,4",CORUPA,Ultrapassagem Indevida,Tombamento,Com Vítimas Feridas,Anoitecer,Decrescente,Céu Claro,Simples,Reta,Não,3,0,2,0,0,1,2,2,-26.44008569,-49.22612071,SPRF-SC,DEL06-SC,UOP03-DEL06-SC,2023
"532123,0",2023-06-27,terça-feira,09:40:00,SC,470,"68,0",INDAIAL,Demais falhas na via,Tombamento,Com Vítimas Feridas,Pleno dia,Decrescente,Céu Claro,Dupla,Em Obras;Reta;Desvio Temporário,Sim,1,0,1,0,0,0,1,1,-26.877615,-49.239231,SPRF-SC,DEL04-SC,UOP01-DEL04-SC,2023
"532136,0",2023-06-27,terça-feira,11:50:00,SC,280,"8,0",SAO FRANCISCO DO SUL,Condutor deixou de manter distância do veículo da frente,Engavetamento,Sem Vítimas,Pleno dia,Crescente,Céu Claro,Simples,Reta,Sim,3,0,0,0,3,0,0,3,-26.27887292,-48.64668626,SPRF-SC,DEL03-SC,UOP03-DEL03-SC,2023
"532140,0",2023-06-27,terça-feira,11:00:00,SC,470,"196,0",PONTE ALTA,Reação tardia ou ineficiente do condutor,Saída de leito carroçável,Sem Vítimas,Pleno dia,Decrescente,Céu Claro,Simples,Reta,Não,1,0,0,0,0,1,0,1,-27.30553698,-50.10421693,SPRF-SC,DEL05-SC,UOP03-DEL05-SC,2023
"532144,0",2023-06-27,terça-feira,12:50:00,SC,282,"5,0",SAO JOSE,Condutor deixou de manter distância do veículo da frente,Colisão traseira,Com Vítimas Feridas,Pleno dia,Crescente,Sol,Dupla,Aclive,Sim,2,0,1,0,1,0,1,2,-27.588425,-48.612919,SPRF-SC,DEL01-SC,UOP01-DEL01-SC,2023
"532151,0",2023-06-27,terça-feira,10:20:00,SC,470,"271,9",BRUNOPOLIS,Pedestre andava na pista,Atropelamento de Pedestre,Com Vítimas Fatais,Pleno dia,Crescente,Céu Claro,Simples,Reta,Não,4,1,0,0,0,3,0,2,-27.3242746,-50.7894816,SPRF-SC,DEL07-SC,UOP06-DEL07-SC,2023
"532179,0",2023-06-27,terça-feira,16:00:00,SC,101,"99,0",BALNEARIO PICARRAS,Mal súbito do condutor,Colisão com objeto,Com Vítimas Feridas,Pleno dia,Decrescente,Sol,Dupla,Curva,Não,2,0,1,0,1,0,1,1,-26.7471002,-48.69654831,SPRF-SC,DEL03-SC,UOP02-DEL03-SC,2023
"532187,0",2023-06-27,terça-feira,16:00:00,SC,101,"148,0",ITAPEMA,Frear bruscamente,Tombamento,Com Vítimas Feridas,Pleno dia,Decrescente,Céu Claro,Dupla,Reta,Sim,1,0,1,0,0,0,1,1,-27.10123686,-48.61807962,SPRF-SC,DEL04-SC,UOP03-DEL04-SC,2023
"532189,0",2023-06-27,terça-feira,16:40:00,SC,101,"44,4",JOINVILLE,Velocidade Incompatível,Tombamento,Com Vítimas Feridas,Pleno dia,Crescente,Sol,Simples,Declive;Reta,Sim,2,0,2,0,0,0,2,1,-26.31238996,-48.87458997,SPRF-SC,DEL03-SC,UOP01-DEL03-SC,2023
"532216,0",2023-06-27,terça-feira,18:10:00,SC,116,"246,9",LAGES,Acessar a via sem observar a presença dos outros veículos,Colisão transversal,Com Vítimas Feridas,Plena Noite,Crescente,Céu Claro,Múltipla,Interseção de Vias;Rotatória,Sim,2,0,1,0,1,0,1,2,-27.81116143,-50.36787271,SPRF-SC,DEL05-SC,UOP02-DEL05-SC,2023
"532229,0",2023-06-27,terça-feira,18:27:00,SC,101,"60,0",ARAQUARI,Condutor deixou de manter distância do veículo da frente,Engavetamento,Sem Vítimas,Plena Noite,Decrescente,Céu Claro,Dupla,Aclive;Reta,Não,4,0,0,0,3,1,0,4,-26.45072823,-48.78570317,SPRF-SC,DEL03-SC,UOP02-DEL03-SC,2023
"532242,0",2023-06-27,terça-feira,22:40:00,SC,280,"74,3",JARAGUA DO SUL,Iluminação deficiente,Colisão transversal,Com Vítimas Feridas,Plena Noite,Decrescente,Nublado,Simples,Reta,Sim,2,0,2,0,0,0,2,2,-26.45877322,-49.16147801,SPRF-SC,DEL03-SC,UOP03-DEL03-SC,2023
"532251,0",2023-06-28,quarta-feira,00:10:00,SC,282,"51,4",RANCHO QUEIMADO,Demais falhas mecânicas ou elétricas,Incêndio,Sem Vítimas,Plena Noite,Decrescente,Céu Claro,Simples,Curva;Aclive,Não,1,0,0,0,1,0,0,1,-27.703712,-48.959267,SPRF-SC,DEL01-SC,UOP03-DEL01-SC,2023
"532272,0",2023-06-28,quarta-feira,07:10:00,SC,282,"16,0",PALHOCA,Trafegar com motocicleta (ou similar) entre as faixas,Colisão transversal,Com Vítimas Feridas,Pleno dia,Decrescente,Céu Claro,Simples,Reta;Interseção de Vias,Sim,2,0,1,1,0,0,2,2,-27.658611,-48.681847,SPRF-SC,DEL01-SC,UOP02-DEL01-SC,2023
"532281,0",2023-04-26,quarta-feira,08:10:00,SC,101,"119,5",ITAJAI,Trafegar com motocicleta (ou similar) entre as faixas,Colisão lateral mesmo sentido,Com Vítimas Feridas,Pleno dia,Crescente,Céu Claro,Dupla,Reta,Não,3,0,2,0,1,0,2,2,-26.9043179,-48.71555481,SPRF-SC,DEL04-SC,UOP04-DEL04-SC,2023
"532309,0",2023-06-28,quarta-feira,06:45:00,SC,101,"394,0",CRICIUMA,Reação tardia ou ineficiente do condutor,Colisão traseira,Com Vítimas Feridas,Amanhecer,Decrescente,Céu Claro,Simples,Reta,Não,2,0,1,0,1,0,1,2,-28.80786013,-49.37589526,SPRF-SC,DEL02-SC,UOP02-DEL02-SC,2023
"532310,0",2023-06-28,quarta-feira,08:45:00,SC,101,"203,5",SAO JOSE,Demais falhas mecânicas ou elétricas,Tombamento,Com Vítimas Feridas,Pleno dia,Crescente,Céu Claro,Dupla,Reta,Sim,2,0,1,0,0,1,1,2,-27.5650044,-48.61460082,SPRF-SC,DEL01-SC,UOP01-DEL01-SC,2023
"532338,0",2023-02-20,segunda-feira,15:00:00,SC,282,"83,0",ALFREDO WAGNER,Velocidade Incompatível,Colisão frontal,Com Vítimas Feridas,Pleno dia,Crescente,Chuva,Simples,Curva;Declive,Não,7,0,7,0,0,0,7,2,-27.666153,-49.175022,SPRF-SC,DEL01-SC,UOP03-DEL01-SC,2023
"532357,0",2023-06-28,quarta-feira,15:30:00,SC,470,"70,3",INDAIAL,Ausência de reação do condutor,Colisão lateral mesmo sentido,Com Vítimas Feridas,Pleno dia,Crescente,Céu Claro,Simples,Reta,Sim,2,0,1,0,1,0,1,2,-26.889374,-49.254478,SPRF-SC,DEL04-SC,UOP01-DEL04-SC,2023
"532364,0",2023-06-28,quarta-feira,16:30:00,SC,101,"210,0",SAO JOSE,Ausência de reação do condutor,Colisão traseira,Com Vítimas Feridas,Pleno dia,Decrescente,Céu Claro,Múltipla,Reta,Não,2,0,1,0,1,0,1,2,-27.6167305,-48.6457265,SPRF-SC,DEL01-SC,UOP01-DEL01-SC,2023
"532393,0",2023-06-28,quarta-feira,18:40:00,SC,101,"80,8",BARRA VELHA,Acessar a via sem observar a presença dos outros veículos,Colisão lateral mesmo sentido,Com Vítimas Feridas,Plena Noite,Crescente,Céu Claro,Dupla,Curva,Sim,4,0,1,0,2,1,1,4,-26.59441996,-48.72183309,SPRF-SC,DEL03-SC,UOP02-DEL03-SC,2023
"532401,0",2023-06-28,quarta-feira,14:25:00,SC,282,"332,6",CAMPOS NOVOS,Velocidade Incompatível,Saída de leito carroçável,Com Vítimas Feridas,Pleno dia,Crescente,Céu Claro,Simples,Reta;Declive,Não,2,0,1,0,1,0,1,1,-27.390564,-51.125843,SPRF-SC,DEL07-SC,UOP06-DEL07-SC,2023
"532435,0",2023-06-28,quarta-feira,23:00:00,SC,480,"129,5",CHAPECO,Acessar a via sem observar a presença dos outros veículos,Colisão transversal,Com Vítimas Feridas,Plena Noite,Decrescente,Céu Claro,Simples,Interseção de Vias,Sim,2,0,1,0,1,0,1,2,-27.05040897,-52.63547122,SPRF-SC,DEL07-SC,UOP01-DEL07-SC,2023
"532466,0",2023-06-29,quinta-feira,06:45:00,SC,101,"37,7",JOINVILLE,Manobra de mudança de faixa,Colisão traseira,Com Vítimas Feridas,Pleno dia,Crescente,Nublado,Dupla,Reta,Sim,2,0,2,0,0,0,2,2,-26.25050176,-48.90863867,SPRF-SC,DEL03-SC,UOP01-DEL03-SC,2023
"532470,0",2023-06-29,quinta-feira,07:00:00,SC,470,"53,0",BLUMENAU,Acessar a via sem observar a presença dos outros veículos,Colisão transversal,Com Vítimas Feridas,Pleno dia,Decrescente,Nublado,Simples,Curva;Interseção de Vias;Em Obras,Sim,3,0,1,0,1,1,1,3,-26.867121,-49.102066,SPRF-SC,DEL04-SC,UOP01-DEL04-SC,2023
"532480,0",2023-06-29,quinta-feira,06:50:00,SC,163,"85,1",GUARACIABA,Acessar a via sem observar a presença dos outros veículos,Colisão transversal,Com Vítimas Feridas,Amanhecer,Decrescente,Nublado,Simples,Rotatória;Declive,Sim,2,0,1,0,1,0,1,2,-26.60479775,-53.51697922,SPRF-SC,DEL07-SC,UOP03-DEL07-SC,2023
"532485,0",2023-06-29,quinta-feira,07:50:00,SC,101,"195,0",SAO JOSE,Transitar na contramão,Colisão frontal,Com Vítimas Feridas,Pleno dia,Decrescente,Nublado,Simples,Interseção de Vias,Sim,2,0,1,0,1,0,1,2,-27.5047092,-48.65010819,SPRF-SC,DEL01-SC,UOP01-DEL01-SC,2023
"532522,0",2023-06-29,quinta-feira,09:00:00,SC,282,"3,8",FLORIANOPOLIS,Condutor deixou de manter distância do veículo da frente,Colisão lateral mesmo sentido,Com Vítimas Feridas,Pleno dia,Decrescente,Nublado,Dupla,Reta,Sim,3,0,1,0,2,0,1,3,-27.600384,-48.599705,SPRF-SC,DEL01-SC,UOP01-DEL01-SC,2023
"532532,0",2023-06-29,quinta-feira,09:00:00,SC,101,"454,1",SAO JOAO DO SUL,Objeto estático sobre o leito carroçável,Colisão com objeto,Com Vítimas Feridas,Pleno dia,Crescente,Céu Claro,Múltipla,Aclive,Sim,1,0,1,0,0,0,1,1,-29.21450776,-49.75914001,SPRF-SC,DEL02-SC,UOP02-DEL02-SC,2023
"532536,0",2023-06-29,quinta-feira,12:05:00,SC,101,"418,2",ARARANGUA,Desrespeitar a preferência no cruzamento,Colisão lateral sentido oposto,Com Vítimas Feridas,Pleno dia,Crescente,Céu Claro,Simples,Interseção de Vias,Sim,2,0,1,0,1,0,1,2,-28.98561892,-49.54319,SPRF-SC,DEL02-SC,UOP02-DEL02-SC,2023
"532576,0",2023-04-07,sexta-feira,04:30:00,SC,101,"331,0",TUBARAO,Ausência de reação do condutor,Colisão com objeto,Com Vítimas Feridas,Plena Noite,Decrescente,Garoa/Chuvisco,Simples,Reta,Sim,1,0,1,0,0,0,1,1,-28.46463008,-48.99343371,SPRF-SC,DEL02-SC,UOP01-DEL02-SC,2023
"532588,0",2023-06-29,quinta-feira,07:45:00,SC,282,"28,3",SANTO AMARO DA IMPERATRIZ,Acessar a via sem observar a presença dos outros veículos,Colisão transversal,Com Vítimas Feridas,Pleno dia,Decrescente,Céu Claro,Simples,Rotatória,Não,3,0,2,0,1,0,2,2,-27.67478,-48.778904,SPRF-SC,DEL01-SC,UOP03-DEL01-SC,2023
"532590,0",2023-06-29,quinta-feira,17:15:00,SC,101,"214,0",PALHOCA,Condutor deixou de manter distância do veículo da frente,Colisão lateral mesmo sentido,Com Vítimas Feridas,Anoitecer,Crescente,Céu Claro,Múltipla,Reta,Sim,2,0,0,1,1,0,1,2,-27.64443,-48.67057,SPRF-SC,DEL01-SC,UOP02-DEL01-SC,2023
"532602,0",2023-06-29,quinta-feira,16:45:00,SC,470,"3,9",NAVEGANTES,Acessar a via sem observar a presença dos outros veículos,Colisão transversal,Com Vítimas Feridas,Pleno dia,Decrescente,Céu Claro,Dupla,Rotatória,Sim,2,0,1,0,1,0,1,2,-26.861937,-48.681618,SPRF-SC,DEL04-SC,UOP04-DEL04-SC,2023
"532615,0",2023-06-29,quinta-feira,07:50:00,SC,280,"152,0",MAFRA,Ausência de reação do condutor,Saída de leito carroçável,Com Vítimas Feridas,Pleno dia,Crescente,Garoa/Chuvisco,Simples,Curva,Não,1,0,0,1,0,0,1,1,-26.21642764,-49.7150445,SPRF-SC,DEL06-SC,UOP03-DEL06-SC,2023
"532625,0",2023-06-29,quinta-feira,18:10:00,SC,470,"71,0",INDAIAL,Área urbana sem a presença de local apropriado para a travessia de pedestres,Atropelamento de Pedestre,Com Vítimas Feridas,Plena Noite,Decrescente,Céu Claro,Dupla,Reta,Não,2,0,1,1,0,0,2,2,-26.895243,-49.262104,SPRF-SC,DEL04-SC,UOP01-DEL04-SC,2023
"532628,0",2023-06-29,quinta-feira,18:30:00,SC,101,"450,5",SAO JOAO DO SUL,Objeto estático sobre o leito carroçável,Colisão com objeto,Com Vítimas Feridas,Plena Noite,Crescente,Céu Claro,Dupla,Curva,Sim,2,0,2,0,0,0,2,1,-29.18109116,-49.75527763,SPRF-SC,DEL02-SC,UOP02-DEL02-SC,2023
"532639,0",2023-06-29,quinta-feira,19:00:00,SC,101,"118,0",ITAJAI,Demais falhas mecânicas ou elétricas,Colisão traseira,Com Vítimas Feridas,Plena Noite,Crescente,Céu Claro,Dupla,Reta,Sim,2,0,0,1,1,0,1,2,-26.895859,-48.71903,SPRF-SC,DEL04-SC,UOP04-DEL04-SC,2023
"532643,0",2023-06-29,quinta-feira,19:30:00,SC,153,"111,1",CONCORDIA,Acessar a via sem observar a presença dos outros veículos,Colisão transversal,Com Vítimas Feridas,Plena Noite,Crescente,Céu Claro,Simples,Interseção de Vias,Não,3,0,2,1,0,0,3,2,-27.32749295,-51.97926879,SPRF-SC,DEL07-SC,UOP04-DEL07-SC,2023
"532807,0",2023-06-30,sexta-feira,19:10:00,SC,101,"134,0",BALNEARIO CAMBORIU,Acessar a via sem observar a presença dos outros veículos,Colisão transversal,Com Vítimas Feridas,Plena Noite,Crescente,Nublado,Simples,Interseção de Vias,Sim,2,0,1,0,1,0,1,2,-27.00218,-48.636433,SPRF-SC,DEL04-SC,UOP03-DEL04-SC,2023
"532809,0",2023-06-30,sexta-feira,18:30:00,SC,280,"56,7",GUARAMIRIM,Reação tardia ou ineficiente do condutor,Colisão com objeto,Com Vítimas Feridas,Plena Noite,Decrescente,Céu Claro,Simples,Reta,Sim,1,0,1,0,0,0,1,1,-26.47947677,-49.00298702,SPRF-SC,DEL03-SC,UOP03-DEL03-SC,2023
"532819,0",2023-06-30,sexta-feira,18:28:00,SC,480,"124,0",CHAPECO,Reação tardia ou ineficiente do condutor,Saída de leito carroçável,Com Vítimas Fatais,Plena Noite,Crescente,Garoa/Chuvisco,Múltipla,Reta,Sim,2,1,1,0,0,0,1,1,-27.00359519,-52.64391044,SPRF-SC,DEL07-SC,UOP01-DEL07-SC,2023
"532855,0",2023-07-01,sábado,00:00:00,SC,101,"132,6",BALNEARIO CAMBORIU,Acessar a via sem observar a presença dos outros veículos,Colisão traseira,Sem Vítimas,Plena Noite,Crescente,Nublado,Múltipla,Interseção de Vias,Sim,2,0,0,0,2,0,0,2,-27.00218,-48.636433,SPRF-SC,DEL04-SC,UOP03-DEL04-SC,2023
"532885,0",2023-07-01,sábado,03:11:00,SC,470,"52,0",BLUMENAU,Ingestão de álcool pelo condutor,Colisão frontal,Com Vítimas Feridas,Plena Noite,Crescente,Céu Claro,Simples,Curva,Não,3,0,2,0,1,0,2,2,-26.862286,-49.093903,SPRF-SC,DEL04-SC,UOP01-DEL04-SC,2023
"532891,0",2023-07-01,sábado,04:30:00,SC,101,"210,0",SAO JOSE,Ausência de reação do condutor,Tombamento,Com Vítimas Feridas,Plena Noite,Crescente,Céu Claro,Dupla,Reta,Não,1,0,1,0,0,0,1,1,-27.6167305,-48.6457265,SPRF-SC,DEL01-SC,UOP01-DEL01-SC,2023
"532894,0",2023-06-30,sexta-feira,16:40:00,SC,101,"99,5",BALNEARIO PICARRAS,Ausência de reação do condutor,Colisão lateral mesmo sentido,Com Vítimas Feridas,Pleno dia,Decrescente,Nublado,Múltipla,Curva,Sim,2,0,1,0,0,1,1,2,-26.7471002,-48.69654831,SPRF-SC,DEL03-SC,UOP02-DEL03-SC,2023
"532901,0",2023-07-01,sábado,05:50:00,SC,101,"130,6",BALNEARIO CAMBORIU,Ingestão de álcool pelo condutor,Capotamento,Sem Vítimas,Plena Noite,Crescente,Céu Claro,Dupla,Reta,Não,1,0,0,0,0,1,0,1,-26.98407618,-48.66977107,SPRF-SC,DEL04-SC,UOP03-DEL04-SC,2023
"532905,0",2023-07-01,sábado,04:50:00,SC,470,"254,5",CURITIBANOS,Neblina,Tombamento,Com Vítimas Feridas,Plena Noite,Decrescente,Nevoeiro/Neblina,Simples,Reta,Não,1,0,1,0,0,0,1,1,-27.309313,-50.63063,SPRF-SC,DEL05-SC,UOP03-DEL05-SC,2023
"532907,0",2023-07-01,sábado,00:57:00,SC,101,"214,0",PALHOCA,Ausência de reação do condutor,Saída de leito carroçável,Sem Vítimas,Plena Noite,Crescente,Nublado,Múltipla,Reta,Sim,1,0,0,0,0,1,0,1,-27.64443,-48.67057,SPRF-SC,DEL01-SC,UOP02-DEL01-SC,2023
"532912,0",2023-07-01,sábado,05:59:00,SC,282,"16,7",PALHOCA,Transitar na contramão,Colisão lateral sentido oposto,Com Vítimas Feridas,Amanhecer,Crescente,Céu Claro,Simples,Reta,Sim,4,0,2,0,2,0,2,2,-27.658611,-48.681847,SPRF-SC,DEL01-SC,UOP02-DEL01-SC,2023
"532914,0",2023-07-01,sábado,05:40:00,SC,163,"74,0",SAO MIGUEL DO OESTE,Ingestão de álcool pelo condutor,Saída de leito carroçável,Sem Vítimas,Amanhecer,Decrescente,Céu Claro,Simples,Curva,Não,1,0,0,0,0,1,0,1,-26.70200479,-53.51350653,SPRF-SC,DEL07-SC,UOP03-DEL07-SC,2023
"532919,0",2023-07-01,sábado,06:00:00,SC,101,"87,9",BARRA VELHA,Ausência de reação do condutor,Colisão lateral mesmo sentido,Com Vítimas Feridas,Amanhecer,Decrescente,Céu Claro,Dupla,Reta,Sim,2,0,1,0,0,1,1,2,-26.63713377,-48.69651057,SPRF-SC,DEL03-SC,UOP02-DEL03-SC,2023
"532920,0",2023-07-01,sábado,06:35:00,SC,101,"86,2",BARRA VELHA,Ingestão de álcool pelo condutor,Saída de leito carroçável,Sem Vítimas,Amanhecer,Crescente,Nublado,Múltipla,Viaduto,Sim,1,0,0,0,0,1,0,1,-26.63277317,-48.70232513,SPRF-SC,DEL03-SC,UOP02-DEL03-SC,2023
"532933,0",2023-07-01,sábado,05:15:00,SC,282,"419,0",VARGEM BONITA,Avarias e/ou desgaste excessivo no pneu,Saída de leito carroçável,Sem Vítimas,Plena Noite,Crescente,Chuva,Simples,Curva;Declive,Não,1,0,0,0,0,1,0,1,-27.020579,-51.731605,SPRF-SC,DEL07-SC,UOP05-DEL07-SC,2023
"532961,0",2023-07-01,sábado,10:15:00,SC,470,"148,0",RIO DO SUL,Acessar a via sem observar a presença dos outros veículos,Colisão transversal,Com Vítimas Feridas,Pleno dia,Decrescente,Céu Claro,Simples,Interseção de Vias,Sim,2,0,1,0,1,0,1,2,-27.246288,-49.694355,SPRF-SC,DEL04-SC,UOP02-DEL04-SC,2023
"532970,0",2023-07-01,sábado,10:26:00,SC,470,"55,5",BLUMENAU,Conversão proibida,Colisão lateral mesmo sentido,Com Vítimas Feridas,Pleno dia,Crescente,Céu Claro,Simples,Reta,Sim,2,0,1,0,1,0,1,2,-26.875601,-49.117992,SPRF-SC,DEL04-SC,UOP01-DEL04-SC,2023
"532978,0",2023-07-01,sábado,12:40:00,SC,101,"216,0",PALHOCA,Velocidade Incompatível,Colisão lateral mesmo sentido,Com Vítimas Feridas,Pleno dia,Crescente,Céu Claro,Múltipla,Reta,Sim,2,0,1,0,1,0,1,2,-27.65981409,-48.67747798,SPRF-SC,DEL01-SC,UOP02-DEL01-SC,2023
"532986,0",2023-07-01,sábado,13:00:00,SC,280,"8,0",SAO FRANCISCO DO SUL,Desrespeitar a preferência no cruzamento,Colisão transversal,Com Vítimas Feridas,Pleno dia,Crescente,Nublado,Simples,Reta,Não,3,0,2,0,1,0,2,2,-26.27887292,-48.64668626,SPRF-SC,DEL03-SC,UOP03-DEL03-SC,2023
"533001,0",2023-07-01,sábado,14:00:00,SC,101,"252,0",PAULO LOPES,Ausência de reação do condutor,Colisão traseira,Sem Vítimas,Pleno dia,Crescente,Céu Claro,Múltipla,Reta,Não,3,0,0,0,3,0,0,2,-27.95850037,-48.67801666,SPRF-SC,DEL02-SC,UOP03-DEL02-SC,2023
"533018,0",2023-07-01,sábado,15:00:00,SC,101,"149,0",ITAPEMA,Reação tardia ou ineficiente do condutor,Colisão lateral mesmo sentido,Com Vítimas Feridas,Pleno dia,Crescente,Sol,Múltipla,Reta,Não,2,0,1,0,1,0,1,2,-27.1089649,-48.61277586,SPRF-SC,DEL04-SC,UOP03-DEL04-SC,2023
"533021,0",2023-07-01,sábado,15:20:00,SC,101,"151,6",ITAPEMA,Desrespeitar a preferência no cruzamento,Colisão transversal,Com Vítimas Feridas,Pleno dia,Crescente,Nublado,Múltipla,Rotatória,Sim,2,0,1,0,1,0,1,2,-27.126536,-48.609642,SPRF-SC,DEL04-SC,UOP03-DEL04-SC,2023
"533026,0",2023-07-01,sábado,16:10:00,SC,101,"307,5",LAGUNA,Ingestão de álcool pelo condutor,Colisão transversal,Com Vítimas Feridas,Pleno dia,Crescente,Céu Claro,Múltipla,Reta;Interseção de Vias,Não,2,0,1,0,0,1,1,2,-28.413433,-48.794196,SPRF-SC,DEL02-SC,UOP03-DEL02-SC,2023
"533032,0",2023-07-01,sábado,13:20:00,SC,280,"74,2",JARAGUA DO SUL,Condutor Dormindo,Colisão frontal,Com Vítimas Feridas,Pleno dia,Decrescente,Céu Claro,Simples,Curva,Não,4,0,2,2,0,0,4,2,-26.45877322,-49.16147801,SPRF-SC,DEL03-SC,UOP03-DEL03-SC,2023
"533075,0",2023-07-01,sábado,17:30:00,SC,158,"134,5",CAIBI,Mal súbito do condutor,Saída de leito carroçável,Com Vítimas Feridas,Anoitecer,Crescente,Nublado,Simples,Reta,Não,1,0,1,0,0,0,1,1,-27.0689212,-53.2315649,SPRF-SC,DEL07-SC,UOP02-DEL07-SC,2023
"533094,0",2023-07-01,sábado,21:30:00,SC,101,"197,0",BIGUACU,Ingestão de álcool pelo condutor,Colisão com objeto,Sem Vítimas,Plena Noite,Decrescente,Céu Claro,Dupla,Interseção de Vias,Sim,1,0,0,0,1,0,0,1,-27.51844497,-48.63848496,SPRF-SC,DEL01-SC,UOP01-DEL01-SC,2023
"533123,0",2023-07-01,sábado,23:45:00,SC,282,"573,5",PINHALZINHO,Transitar na contramão,Colisão lateral sentido oposto,Com Vítimas Feridas,Plena Noite,Crescente,Nevoeiro/Neblina,Simples,Curva,Não,6,0,2,0,4,0,2,2,-26.87880382,-52.9509151,SPRF-SC,DEL07-SC,UOP02-DEL07-SC,2023
"533135,0",2023-07-02,domingo,04:00:00,SC,101,"137,2",BALNEARIO CAMBORIU,Ausência de reação do condutor,Tombamento,Com Vítimas Feridas,Plena Noite,Decrescente,Céu Claro,Múltipla,Reta,Sim,2,0,1,1,0,0,2,1,-27.0157238,-48.61192763,SPRF-SC,DEL04-SC,UOP03-DEL04-SC,2023
"533138,0",2023-07-02,domingo,04:10:00,SC,470,"151,0",AGRONOMICA,Ausência de reação do condutor,Colisão com objeto,Sem Vítimas,Plena Noite,Crescente,Céu Claro,Simples,Reta,Não,1,0,0,0,0,1,0,1,-27.260792,-49.719761,SPRF-SC,DEL04-SC,UOP02-DEL04-SC,2023
"533157,0",2023-07-02,domingo,06:00:00,SC,101,"76,0",BARRA VELHA,Condutor Dormindo,Capotamento,Com Vítimas Feridas,Pleno dia,Decrescente,Céu Claro,Dupla,Curva,Não,1,0,1,0,0,0,1,1,-26.55954801,-48.72063404,SPRF-SC,DEL03-SC,UOP02-DEL03-SC,2023
"533181,0",2023-07-02,domingo,06:00:00,SC,282,"613,5",MARAVILHA,Velocidade Incompatível,Saída de leito carroçável,Com Vítimas Feridas,Plena Noite,Crescente,Céu Claro,Simples,Curva,Não,1,0,1,0,0,0,1,1,-26.765053,-53.255871,SPRF-SC,DEL07-SC,UOP02-DEL07-SC,2023
"533224,0",2023-07-02,domingo,11:15:00,SC,101,"16,8",GARUVA,Demais falhas mecânicas ou elétricas,Incêndio,Sem Vítimas,Pleno dia,Decrescente,Nublado,Dupla,Reta,Não,1,0,0,0,1,0,0,1,-26.11427473,-48.87647034,SPRF-SC,DEL03-SC,UOP01-DEL03-SC,2023
"533225,0",2023-07-02,domingo,11:30:00,SC,101,"21,6",JOINVILLE,Avarias e/ou desgaste excessivo no pneu,Tombamento,Com Vítimas Feridas,Pleno dia,Decrescente,Sol,Dupla,Reta,Sim,1,0,1,0,0,0,1,1,-26.14793022,-48.90894562,SPRF-SC,DEL03-SC,UOP01-DEL03-SC,2023
"533229,0",2023-07-02,domingo,12:00:00,SC,101,"359,0",SANGAO,Ingestão de álcool pelo condutor,Saída de leito carroçável,Sem Vítimas,Pleno dia,Decrescente,Sol,Simples,Interseção de Vias;Reta,Sim,1,0,0,0,1,0,0,1,-28.65057609,-49.10516385,SPRF-SC,DEL02-SC,UOP01-DEL02-SC,2023
"533233,0",2023-03-23,quinta-feira,03:30:00,SC,282,"48,0",AGUAS MORNAS,Ausência de reação do condutor,Queda de ocupante de veículo,Com Vítimas Feridas,Plena Noite,Decrescente,Chuva,Simples,Curva,Não,1,0,1,0,0,0,1,1,-27.714352,-48.938072,SPRF-SC,DEL01-SC,UOP03-DEL01-SC,2023
"533242,0",2023-07-02,domingo,14:45:00,SC,101,"180,0",BIGUACU,Reação tardia ou ineficiente do condutor,Capotamento,Com Vítimas Feridas,Pleno dia,Crescente,Nublado,Dupla,Reta,Não,1,0,1,0,0,0,1,1,-27.3811238,-48.63090648,SPRF-SC,DEL01-SC,UOP01-DEL01-SC,2023
"533254,0",2023-07-02,domingo,14:35:00,SC,282,"557,2",NOVA ITABERABA,Reação tardia ou ineficiente do condutor,Tombamento,Com Vítimas Feridas,Pleno dia,Crescente,Céu Claro,Simples,Reta,Não,2,0,1,0,0,1,1,2,-26.930767,-52.822725,SPRF-SC,DEL07-SC,UOP01-DEL07-SC,2023
"533257,0",2023-07-02,domingo,16:00:00,SC,101,"237,0",PALHOCA,Manobra de mudança de faixa,Saída de leito carroçável,Com Vítimas Feridas,Pleno dia,Crescente,Céu Claro,Dupla,Reta,Não,5,0,1,0,3,1,1,2,-27.83490593,-48.63077716,SPRF-SC,DEL01-SC,UOP02-DEL01-SC,2023
"533267,0",2023-07-02,domingo,16:30:00,SC,101,"317,7",PESCARIA BRAVA,Velocidade Incompatível,Queda de ocupante de veículo,Com Vítimas Feridas,Pleno dia,Decrescente,Céu Claro,Múltipla,Curva,Sim,2,0,1,1,0,0,2,1,-28.42708421,-48.85211624,SPRF-SC,DEL02-SC,UOP01-DEL02-SC,2023
"533294,0",2023-07-02,domingo,19:10:00,SC,101,"132,0",BALNEARIO CAMBORIU,Velocidade Incompatível,Colisão traseira,Com Vítimas Feridas,Plena Noite,Crescente,Nublado,Dupla,Reta,Sim,3,0,1,0,2,0,1,3,-26.99936,-48.64609,SPRF-SC,DEL04-SC,UOP03-DEL04-SC,2023