id,data_inversa,dia_semana,horario,uf,br,km,municipio,causa_acidente,tipo_acidente,classificacao_acidente,fase_dia,sentido_via,condicao_metereologica,tipo_pista,tracado_via,uso_solo,pessoas,mortos,feridos_leves,feridos_graves,ilesos,ignorados,feridos,veiculos,latitude,longitude,regional,delegacia,uop,ano_arquivo
"533318,0",2023-07-02,domingo,19:45:00,SC,280,"55,0",GUARAMIRIM,Ingestão de álcool e/ou substâncias psicoativas pelo pedestre,Colisão com objeto,Com Vítimas Feridas,Plena Noite,Crescente,Céu Claro,Dupla,Curva;Aclive;Viaduto,Sim,3,0,1,0,2,0,1,1,-26.47584353,-48.9937858,SPRF-SC,DEL03-SC,UOP03-DEL03-SC,2023
"533323,0",2023-07-02,domingo,19:30:00,SC,480,"128,6",CHAPECO,Ingestão de álcool pelo condutor,Colisão com objeto,Sem Vítimas,Plena Noite,Crescente,Céu Claro,Dupla,Curva,Sim,1,0,0,0,0,1,0,1,-27.04521367,-52.63612032,SPRF-SC,DEL07-SC,UOP01-DEL07-SC,2023
"533325,0",2023-07-02,domingo,19:50:00,SC,280,"133,8",RIO NEGRINHO,Ultrapassagem Indevida,Saída de leito carroçável,Com Vítimas Feridas,Plena Noite,Crescente,Céu Claro,Simples,Reta,Não,1,0,1,0,0,0,1,1,-26.268433,-49.555073,SPRF-SC,DEL06-SC,UOP03-DEL06-SC,2023
"533332,0",2023-07-02,domingo,19:47:00,SC,101,"294,0",IMBITUBA,Acessar a via sem observar a presença dos outros veículos,Colisão transversal,Com Vítimas Feridas,Plena Noite,Crescente,Céu Claro,Simples,Interseção de Vias;Túnel,Sim,2,0,0,1,1,0,1,2,-28.29220304,-48.71018095,SPRF-SC,DEL02-SC,UOP03-DEL02-SC,2023
"533348,0",2023-07-02,domingo,23:30:00,SC,101,"206,0",SAO JOSE,Ausência de reação do condutor,Colisão lateral mesmo sentido,Com Vítimas Feridas,Plena Noite,Crescente,Céu Claro,Simples,Viaduto,Sim,2,0,1,0,1,0,1,2,-27.59223599,-48.61854672,SPRF-SC,DEL01-SC,UOP01-DEL01-SC,2023
"533407,0",2023-07-03,segunda-feira,08:25:00,SC,101,"118,1",ITAJAI,Ausência de reação do condutor,Tombamento,Com Vítimas Feridas,Pleno dia,Crescente,Garoa/Chuvisco,Dupla,Interseção de Vias;Reta,Sim,1,0,1,0,0,0,1,1,-26.895859,-48.71903,SPRF-SC,DEL04-SC,UOP04-DEL04-SC,2023
"533435,0",2023-07-03,segunda-feira,10:25:00,SC,470,"66,9",INDAIAL,Ausência de reação do condutor,Colisão traseira,Com Vítimas Feridas,Pleno dia,Decrescente,Nublado,Dupla,Reta;Em Obras,Sim,5,0,4,0,1,0,4,2,-26.87214376,-49.23114896,SPRF-SC,DEL04-SC,UOP01-DEL04-SC,2023
"533438,0",2023-07-03,segunda-feira,10:45:00,SC,282,"4,0",FLORIANOPOLIS,Ausência de reação do condutor,Colisão lateral mesmo sentido,Com Vítimas Feridas,Pleno dia,Decrescente,Nublado,Múltipla,Reta,Sim,2,0,1,0,1,0,1,2,-27.592646,-48.604034,SPRF-SC,DEL01-SC,UOP01-DEL01-SC,2023
"533454,0",2023-07-03,segunda-feira,10:45:00,SC,280,"48,0",GUARAMIRIM,Ultrapassagem Indevida,Colisão traseira,Com Vítimas Feridas,Pleno dia,Decrescente,Nublado,Dupla,Aclive;Em Obras;Reta,Sim,2,0,1,0,1,0,1,2,-26.453851,-48.92273,SPRF-SC,DEL03-SC,UOP03-DEL03-SC,2023
"533464,0",2023-07-03,segunda-feira,14:15:00,SC,101,"214,0",PALHOCA,Condutor deixou de manter distância do veículo da frente,Colisão traseira,Com Vítimas Feridas,Pleno dia,Crescente,Céu Claro,Dupla,Reta,Não,3,0,0,1,1,1,1,3,-27.64443,-48.67057,SPRF-SC,DEL01-SC,UOP02-DEL01-SC,2023
"533475,0",2023-07-03,segunda-feira,12:50:00,SC,282,"2,4",FLORIANOPOLIS,Manobra de mudança de faixa,Colisão lateral mesmo sentido,Com Vítimas Feridas,Pleno dia,Crescente,Céu Claro,Dupla,Reta,Sim,2,0,1,0,0,1,1,2,-27.603289,-48.590416,SPRF-SC,DEL01-SC,UOP01-DEL01-SC,2023
"533507,0",2023-07-03,segunda-feira,18:30:00,SC,101,"194,0",BIGUACU,Condutor deixou de manter distância do veículo da frente,Colisão traseira,Com Vítimas Feridas,Plena Noite,Decrescente,Céu Claro,Dupla,Reta,Sim,2,0,1,0,1,0,1,2,-27.49815117,-48.65661236,SPRF-SC,DEL01-SC,UOP01-DEL01-SC,2023
"533511,0",2023-07-03,segunda-feira,17:40:00,SC,282,"666,4",PARAISO,Entrada inopinada do pedestre,Atropelamento de Pedestre,Com Vítimas Feridas,Pleno dia,Crescente,Céu Claro,Simples,Reta,Não,3,0,0,1,2,0,1,2,-26.64676827,-53.6207056,SPRF-SC,DEL07-SC,UOP03-DEL07-SC,2023
"533512,0",2023-07-03,segunda-feira,19:00:00,SC,101,"112,0",ITAJAI,Ausência de reação do condutor,Colisão traseira,Com Vítimas Feridas,Plena Noite,Decrescente,Céu Claro,Dupla,Reta,Sim,2,0,1,0,1,0,1,2,-26.84589005,-48.72131295,SPRF-SC,DEL04-SC,UOP04-DEL04-SC,2023
"533516,0",2023-07-03,segunda-feira,19:00:00,SC,280,"27,3",ARAQUARI,Acessar a via sem observar a presença dos outros veículos,Atropelamento de Pedestre,Com Vítimas Feridas,Plena Noite,Crescente,Nublado,Simples,Reta,Não,2,0,1,0,1,0,1,2,-26.39685622,-48.74021969,SPRF-SC,DEL03-SC,UOP03-DEL03-SC,2023
"533521,0",2023-07-03,segunda-feira,19:50:00,SC,101,"215,8",PALHOCA,Condutor deixou de manter distância do veículo da frente,Colisão lateral mesmo sentido,Com Vítimas Feridas,Plena Noite,Crescente,Nublado,Dupla,Curva,Sim,2,0,0,1,1,0,1,2,-27.65184843,-48.67604941,SPRF-SC,DEL01-SC,UOP02-DEL01-SC,2023
"533547,0",2023-07-03,segunda-feira,19:00:00,SC,282,"526,4",XAXIM,Ultrapassagem Indevida,Colisão frontal,Com Vítimas Fatais,Plena Noite,Decrescente,Céu Claro,Simples,Reta,Não,3,1,1,1,0,0,2,2,-26.9703092,-52.578052,SPRF-SC,DEL07-SC,UOP01-DEL07-SC,2023
"533550,0",2023-07-03,segunda-feira,21:29:00,SC,116,"98,9",MONTE CASTELO,Desrespeitar a preferência no cruzamento,Colisão lateral mesmo sentido,Sem Vítimas,Plena Noite,Crescente,Céu Claro,Simples,Reta,Sim,4,0,0,0,4,0,0,2,-26.69721296,-50.29348478,SPRF-SC,DEL06-SC,UOP02-DEL06-SC,2023
"533561,0",2023-07-04,terça-feira,04:17:00,SC,280,"73,2",JARAGUA DO SUL,Reação tardia ou ineficiente do condutor,Colisão traseira,Com Vítimas Feridas,Plena Noite,Decrescente,Nublado,Simples,Reta,Sim,2,0,0,1,1,0,1,2,-26.45917102,-49.15245,SPRF-SC,DEL03-SC,UOP03-DEL03-SC,2023
"533566,0",2023-07-04,terça-feira,05:20:00,SC,101,"155,5",PORTO BELO,Reação tardia ou ineficiente do condutor,Tombamento,Com Vítimas Feridas,Plena Noite,Crescente,Nublado,Dupla,Reta,Não,1,0,1,0,0,0,1,1,-27.16292,-48.61129,SPRF-SC,DEL04-SC,UOP03-DEL04-SC,2023
"533572,0",2023-07-04,terça-feira,07:20:00,SC,101,"125,1",BALNEARIO CAMBORIU,Demais falhas mecânicas ou elétricas,Tombamento,Com Vítimas Feridas,Pleno dia,Decrescente,Nublado,Dupla,Reta,Não,2,0,2,0,0,0,2,1,-26.98407618,-48.66977107,SPRF-SC,DEL04-SC,UOP04-DEL04-SC,2023
"533580,0",2023-07-04,terça-feira,07:25:00,SC,101,"30,3",JOINVILLE,Acessar a via sem observar a presença dos outros veículos,Colisão transversal,Com Vítimas Feridas,Pleno dia,Crescente,Nevoeiro/Neblina,Simples,Interseção de Vias;Curva,Não,2,0,1,0,1,0,1,2,-26.216931,-48.91612807,SPRF-SC,DEL03-SC,UOP01-DEL03-SC,2023
"533587,0",2023-06-30,sexta-feira,05:28:00,SC,101,"211,7",PALHOCA,Velocidade Incompatível,Atropelamento de Pedestre,Com Vítimas Feridas,Amanhecer,Crescente,Céu Claro,Dupla,Interseção de Vias,Sim,2,0,0,1,0,1,1,2,-27.62329313,-48.65245588,SPRF-SC,DEL01-SC,UOP02-DEL01-SC,2023
"533590,0",2023-07-04,terça-feira,08:50:00,SC,282,"3,4",FLORIANOPOLIS,Reação tardia ou ineficiente do condutor,Colisão traseira,Com Vítimas Feridas,Pleno dia,Decrescente,Céu Claro,Múltipla,Reta,Sim,2,0,1,0,1,0,1,2,-27.600384,-48.599705,SPRF-SC,DEL01-SC,UOP01-DEL01-SC,2023
"533616,0",2023-07-04,terça-feira,11:30:00,SC,101,"196,3",BIGUACU,Ausência de reação do condutor,Colisão com objeto,Com Vítimas Feridas,Pleno dia,Crescente,Céu Claro,Simples,Reta,Sim,1,0,1,0,0,0,1,1,-27.51101091,-48.64322292,SPRF-SC,DEL01-SC,UOP01-DEL01-SC,2023
"533629,0",2023-07-04,terça-feira,12:45:00,SC,101,"214,4",PALHOCA,Manobra de mudança de faixa,Colisão transversal,Com Vítimas Feridas,Pleno dia,Decrescente,Sol,Múltipla,Reta,Sim,3,0,0,1,1,1,1,3,-27.64443,-48.67057,SPRF-SC,DEL01-SC,UOP02-DEL01-SC,2023
"533637,0",2023-07-04,terça-feira,12:30:00,SC,116,"139,9",SANTA CECILIA,Acessar a via sem observar a presença dos outros veículos,Colisão transversal,Com Vítimas Feridas,Pleno dia,Decrescente,Céu Claro,Simples,Interseção de Vias;Aclive;Reta,Sim,3,0,1,0,2,0,1,2,-26.96007677,-50.41626976,SPRF-SC,DEL06-SC,UOP02-DEL06-SC,2023
"533644,0",2023-07-04,terça-feira,12:50:00,SC,101,"50,0",JOINVILLE,Acessar a via sem observar a presença dos outros veículos,Colisão transversal,Com Vítimas Feridas,Pleno dia,Decrescente,Céu Claro,Múltipla,Interseção de Vias,Não,2,0,1,0,1,0,1,2,-26.38696815,-48.84240389,SPRF-SC,DEL03-SC,UOP01-DEL03-SC,2023
"533675,0",2023-07-04,terça-feira,17:20:00,SC,282,"16,3",PALHOCA,Transitar no Acostamento,Colisão transversal,Com Vítimas Feridas,Pleno dia,Decrescente,Céu Claro,Simples,Reta,Sim,3,0,1,0,2,0,1,2,-27.658611,-48.681847,SPRF-SC,DEL01-SC,UOP02-DEL01-SC,2023
"533681,0",2023-07-04,terça-feira,15:25:00,SC,101,"384,5",ICARA,Reação tardia ou ineficiente do condutor,Colisão traseira,Com Vítimas Feridas,Pleno dia,Decrescente,Céu Claro,Dupla,Reta,Não,2,0,1,0,1,0,1,2,-28.77774042,-49.32200432,SPRF-SC,DEL02-SC,UOP02-DEL02-SC,2023
"533689,0",2023-07-04,terça-feira,18:25:00,SC,282,"3,6",FLORIANOPOLIS,Ausência de reação do condutor,Colisão traseira,Com Vítimas Feridas,Plena Noite,Crescente,Céu Claro,Múltipla,Reta,Não,2,0,1,0,1,0,1,2,-27.600384,-48.599705,SPRF-SC,DEL01-SC,UOP01-DEL01-SC,2023
"533701,0",2023-03-24,sexta-feira,09:30:00,SC,282,"0,5",FLORIANOPOLIS,Ausência de reação do condutor,Colisão traseira,Com Vítimas Feridas,Pleno dia,Decrescente,Céu Claro,Múltipla,Reta,Não,4,0,2,0,2,0,2,3,-27.59845,-48.571995,SPRF-SC,DEL01-SC,UOP01-DEL01-SC,2023
"533718,0",2023-07-04,terça-feira,21:30:00,SC,470,"47,0",BLUMENAU,Pista esburacada,Tombamento,Com Vítimas Feridas,Plena Noite,Decrescente,Céu Claro,Simples,Reta;Desvio Temporário;Em Obras,Não,1,0,1,0,0,0,1,1,-26.864044,-49.046516,SPRF-SC,DEL04-SC,UOP01-DEL04-SC,2023
"533730,0",2023-07-04,terça-feira,22:05:00,SC,101,"282,3",IMBITUBA,Ausência de reação do condutor,Colisão com objeto,Com Vítimas Feridas,Plena Noite,Decrescente,Céu Claro,Dupla,Reta,Não,1,0,1,0,0,0,1,1,-28.19626005,-48.69739859,SPRF-SC,DEL02-SC,UOP03-DEL02-SC,2023
"533740,0",2023-07-05,quarta-feira,02:00:00,SC,101,"129,2",BALNEARIO CAMBORIU,Ingestão de álcool pelo condutor,Colisão com objeto,Sem Vítimas,Plena Noite,Crescente,Nublado,Dupla,Curva,Não,1,0,0,0,1,0,0,1,-26.98064277,-48.6790679,SPRF-SC,DEL04-SC,UOP03-DEL04-SC,2023
"533743,0",2023-07-05,quarta-feira,04:20:00,SC,101,"199,0",SAO JOSE,Ausência de reação do condutor,Queda de ocupante de veículo,Sem Vítimas,Plena Noite,Decrescente,Céu Claro,Múltipla,Reta,Não,1,0,0,0,0,1,0,1,-27.53413705,-48.63003205,SPRF-SC,DEL01-SC,UOP01-DEL01-SC,2023
"533746,0",2023-07-05,quarta-feira,06:10:00,SC,101,"199,1",BIGUACU,Reação tardia ou ineficiente do condutor,Colisão traseira,Com Vítimas Feridas,Amanhecer,Crescente,Céu Claro,Dupla,Reta,Sim,3,0,2,0,1,0,2,2,-27.53413705,-48.63003205,SPRF-SC,DEL01-SC,UOP01-DEL01-SC,2023
"533795,0",2023-07-05,quarta-feira,11:40:00,SC,101,"200,2",SAO JOSE,Desrespeitar a preferência no cruzamento,Colisão transversal,Com Vítimas Feridas,Pleno dia,Crescente,Céu Claro,Dupla,Interseção de Vias;Reta;Desvio Temporário,Sim,2,0,1,0,1,0,1,2,-27.54018513,-48.62287714,SPRF-SC,DEL01-SC,UOP01-DEL01-SC,2023
"533796,0",2023-07-05,quarta-feira,11:45:00,SC,101,"200,7",SAO JOSE,Velocidade Incompatível,Engavetamento,Com Vítimas Feridas,Pleno dia,Crescente,Céu Claro,Dupla,Reta,Não,4,0,2,0,2,0,2,4,-27.54018513,-48.62287714,SPRF-SC,DEL01-SC,UOP01-DEL01-SC,2023
"533802,0",2023-07-05,quarta-feira,12:10:00,SC,280,"257,8",CANOINHAS,Reação tardia ou ineficiente do condutor,Colisão traseira,Sem Vítimas,Pleno dia,Crescente,Céu Claro,Simples,Reta,Não,3,0,0,0,3,0,0,2,-26.26311182,-50.61712503,SPRF-SC,DEL06-SC,UOP04-DEL06-SC,2023
"533813,0",2023-07-05,quarta-feira,13:15:00,SC,470,"138,0",RIO DO SUL,Ingestão de álcool pelo condutor,Colisão transversal,Sem Vítimas,Pleno dia,Decrescente,Sol,Dupla,Reta,Sim,2,0,0,0,2,0,0,2,-27.207214,-49.648476,SPRF-SC,DEL04-SC,UOP02-DEL04-SC,2023
"533815,0",2023-07-05,quarta-feira,13:30:00,SC,101,"200,9",SAO JOSE,Manobra de mudança de faixa,Colisão lateral mesmo sentido,Com Vítimas Feridas,Pleno dia,Crescente,Sol,Múltipla,Reta,Sim,3,0,2,0,1,0,2,2,-27.54018513,-48.62287714,SPRF-SC,DEL01-SC,UOP01-DEL01-SC,2023
"533822,0",2023-07-05,quarta-feira,12:40:00,SC,163,"1,2",DIONISIO CERQUEIRA,Desrespeitar a preferência no cruzamento,Colisão transversal,Com Vítimas Feridas,Pleno dia,Crescente,Céu Claro,Simples,Rotatória;Interseção de Vias,Sim,2,0,1,0,1,0,1,2,-26.2613,-53.6206,SPRF-SC,DEL07-SC,UOP03-DEL07-SC,2023
"533861,0",2023-06-22,quinta-feira,07:35:00,SC,282,"527,2",XAXIM,Ausência de reação do condutor,Saída de leito carroçável,Com Vítimas Feridas,Pleno dia,Crescente,Céu Claro,Simples,Curva,Não,1,0,1,0,0,0,1,1,-26.973196,-52.583321,SPRF-SC,DEL07-SC,UOP01-DEL07-SC,2023
"533868,0",2023-07-05,quarta-feira,17:30:00,SC,470,"96,0",APIUNA,Manobra de mudança de faixa,Colisão frontal,Com Vítimas Feridas,Anoitecer,Decrescente,Céu Claro,Simples,Reta,Sim,1,0,1,0,0,0,1,1,-27.020767,-49.371342,SPRF-SC,DEL04-SC,UOP01-DEL04-SC,2023
"533889,0",2023-07-05,quarta-feira,19:01:00,SC,101,"148,8",ITAPEMA,Manobra de mudança de faixa,Colisão lateral mesmo sentido,Sem Vítimas,Anoitecer,Crescente,Nublado,Múltipla,Reta,Não,2,0,0,0,2,0,0,2,-27.10123686,-48.61807962,SPRF-SC,DEL04-SC,UOP03-DEL04-SC,2023
"533941,0",2023-07-06,quinta-feira,00:50:00,SC,282,"0,1",FLORIANOPOLIS,Ingestão de álcool pelo condutor,Saída de leito carroçável,Com Vítimas Feridas,Plena Noite,Decrescente,Céu Claro,Múltipla,Curva;Aclive,Sim,1,0,1,0,0,0,1,1,-27.59845,-48.571995,SPRF-SC,DEL01-SC,UOP01-DEL01-SC,2023
"533956,0",2023-07-05,quarta-feira,20:30:00,SC,470,"73,5",INDAIAL,Acessar a via sem observar a presença dos outros veículos,Colisão lateral mesmo sentido,Com Vítimas Feridas,Plena Noite,Crescente,Céu Claro,Simples,Interseção de Vias;Reta,Não,2,0,1,0,1,0,1,2,-26.908962,-49.275089,SPRF-SC,DEL04-SC,UOP01-DEL04-SC,2023
"533965,0",2023-07-06,quinta-feira,07:00:00,SC,101,"198,6",SAO JOSE,Acessar a via sem observar a presença dos outros veículos,Colisão transversal,Com Vítimas Feridas,Pleno dia,Crescente,Céu Claro,Dupla,Interseção de Vias;Reta,Sim,2,0,1,0,1,0,1,2,-27.532082,-48.631923,SPRF-SC,DEL01-SC,UOP01-DEL01-SC,2023
"533978,0",2023-05-19,sexta-feira,20:30:00,SC,101,"206,0",SAO JOSE,Condutor deixou de manter distância do veículo da frente,Colisão traseira,Com Vítimas Feridas,Plena Noite,Decrescente,Céu Claro,Múltipla,Reta,Sim,2,0,0,1,1,0,1,2,-27.59193546,-48.61824557,SPRF-SC,DEL01-SC,UOP01-DEL01-SC,2023
"534007,0",2023-07-06,quinta-feira,10:40:00,SC,101,"145,0",ITAPEMA,Ausência de reação do condutor,Colisão traseira,Com Vítimas Feridas,Pleno dia,Decrescente,Céu Claro,Múltipla,Aclive;Reta,Sim,2,0,0,1,1,0,1,2,-27.08546426,-48.60714197,SPRF-SC,DEL04-SC,UOP03-DEL04-SC,2023
"534050,0",2023-05-06,sábado,18:30:00,SC,470,"65,0",INDAIAL,Ingestão de álcool pelo condutor,Colisão traseira,Com Vítimas Feridas,Plena Noite,Crescente,Céu Claro,Simples,Reta,Não,3,0,1,0,2,0,1,2,-26.870411,-49.211864,SPRF-SC,DEL04-SC,UOP01-DEL04-SC,2023
"534056,0",2023-07-06,quinta-feira,16:40:00,SC,101,"178,0",GOVERNADOR CELSO RAMOS,Ausência de reação do condutor,Queda de ocupante de veículo,Com Vítimas Feridas,Pleno dia,Decrescente,Céu Claro,Dupla,Reta,Sim,1,0,1,0,0,0,1,1,-27.36408098,-48.63391212,SPRF-SC,DEL01-SC,UOP01-DEL01-SC,2023
"534067,0",2023-07-06,quinta-feira,17:30:00,SC,101,"185,0",BIGUACU,Pedestre cruzava a pista fora da faixa,Atropelamento de Pedestre,Com Vítimas Feridas,Anoitecer,Crescente,Céu Claro,Múltipla,Reta,Não,2,0,2,0,0,0,2,2,-27.42536698,-48.62465876,SPRF-SC,DEL01-SC,UOP01-DEL01-SC,2023
"534079,0",2023-07-06,quinta-feira,17:50:00,SC,282,"2,0",FLORIANOPOLIS,Trafegar com motocicleta (ou similar) entre as faixas,Colisão traseira,Com Vítimas Feridas,Pleno dia,Crescente,Céu Claro,Dupla,Reta,Sim,2,0,1,0,1,0,1,2,-27.603289,-48.590416,SPRF-SC,DEL01-SC,UOP01-DEL01-SC,2023
"534085,0",2023-07-06,quinta-feira,18:50:00,SC,282,"17,4",PALHOCA,Reação tardia ou ineficiente do condutor,Colisão com objeto,Com Vítimas Feridas,Plena Noite,Decrescente,Céu Claro,Simples,Curva,Não,2,0,0,1,0,1,1,2,-27.665707,-48.688065,SPRF-SC,DEL01-SC,UOP02-DEL01-SC,2023
"534110,0",2023-07-06,quinta-feira,17:40:00,SC,153,"62,0",IRANI,Acessar a via sem observar a presença dos outros veículos,Colisão transversal,Com Vítimas Feridas,Anoitecer,Crescente,Céu Claro,Simples,Reta,Sim,4,0,3,0,1,0,3,2,-26.986015,-51.870411,SPRF-SC,DEL07-SC,UOP04-DEL07-SC,2023
"534112,0",2023-07-06,quinta-feira,12:20:00,SC,153,"100,0",CONCORDIA,Acessar a via sem observar a presença dos outros veículos,Colisão transversal,Com Vítimas Feridas,Pleno dia,Crescente,Céu Claro,Simples,Reta,Não,2,0,1,0,1,0,1,2,-27.242643,-51.95171,SPRF-SC,DEL07-SC,UOP04-DEL07-SC,2023
"534120,0",2023-07-06,quinta-feira,18:50:00,SC,282,"530,8",CORDILHEIRA ALTA,Ausência de reação do condutor,Colisão lateral mesmo sentido,Com Vítimas Feridas,Pleno dia,Decrescente,Céu Claro,Simples,Curva,Sim,3,0,1,0,2,0,1,3,-26.98766173,-52.61078417,SPRF-SC,DEL07-SC,UOP01-DEL07-SC,2023
"534138,0",2023-07-07,sexta-feira,00:10:00,SC,101,"209,0",SAO JOSE,Velocidade Incompatível,Colisão com objeto,Com Vítimas Feridas,Plena Noite,Decrescente,Céu Claro,Dupla,Interseção de Vias;Reta,Sim,2,0,2,0,0,0,2,1,-27.61126106,-48.63977909,SPRF-SC,DEL01-SC,UOP01-DEL01-SC,2023
"534147,0",2023-07-07,sexta-feira,03:10:00,SC,280,"25,5",ARAQUARI,Ingestão de álcool pelo condutor,Tombamento,Com Vítimas Feridas,Plena Noite,Crescente,Céu Claro,Simples,Reta,Sim,1,0,1,0,0,0,1,1,-26.38352781,-48.72677516,SPRF-SC,DEL03-SC,UOP03-DEL03-SC,2023
"534175,0",2023-07-07,sexta-feira,07:49:00,SC,101,"122,0",ITAJAI,Trafegar com motocicleta (ou similar) entre as faixas,Colisão traseira,Com Vítimas Feridas,Pleno dia,Decrescente,Céu Claro,Dupla,Reta,Sim,2,0,1,0,1,0,1,2,-26.92955916,-48.70499836,SPRF-SC,DEL04-SC,UOP04-DEL04-SC,2023
"534187,0",2023-07-07,sexta-feira,07:15:00,SC,282,"606,0",MARAVILHA,Acessar a via sem observar a presença dos outros veículos,Colisão transversal,Com Vítimas Feridas,Amanhecer,Decrescente,Céu Claro,Simples,Rotatória;Interseção de Vias;Retorno Regulamentado,Sim,2,0,1,0,1,0,1,2,-26.778643,-53.198692,SPRF-SC,DEL07-SC,UOP02-DEL07-SC,2023
"534191,0",2023-07-07,sexta-feira,10:00:00,SC,101,"211,0",PALHOCA,Demais falhas mecânicas ou elétricas,Colisão traseira,Com Vítimas Feridas,Pleno dia,Decrescente,Nublado,Dupla,Reta,Sim,2,0,0,1,1,0,1,2,-27.62329313,-48.65245588,SPRF-SC,DEL01-SC,UOP02-DEL01-SC,2023
"534194,0",2023-07-07,sexta-feira,08:30:00,SC,282,"2,9",FLORIANOPOLIS,Trafegar com motocicleta (ou similar) entre as faixas,Colisão lateral mesmo sentido,Com Vítimas Feridas,Pleno dia,Decrescente,Nublado,Dupla,Reta,Sim,2,0,1,0,1,0,1,2,-27.603289,-48.590416,SPRF-SC,DEL01-SC,UOP01-DEL01-SC,2023
"534229,0",2023-07-07,sexta-feira,12:50:00,SC,101,"265,0",PAULO LOPES,Manobra de mudança de faixa,Colisão lateral mesmo sentido,Com Vítimas Feridas,Pleno dia,Crescente,Nublado,Dupla,Reta,Sim,6,0,1,0,4,1,1,3,-28.06001385,-48.71690948,SPRF-SC,DEL02-SC,UOP03-DEL02-SC,2023
"534239,0",2023-07-07,sexta-feira,13:40:00,SC,101,"226,0",PALHOCA,Demais falhas mecânicas ou elétricas,Incêndio,Sem Vítimas,Pleno dia,Decrescente,Céu Claro,Dupla,Reta,Não,1,0,0,0,1,0,0,1,-27.74200001,-48.63806504,SPRF-SC,DEL01-SC,UOP02-DEL01-SC,2023
"534260,0",2023-07-07,sexta-feira,15:20:00,SC,101,"121,3",ITAJAI,Condutor deixou de manter distância do veículo da frente,Colisão traseira,Sem Vítimas,Pleno dia,Crescente,Nublado,Múltipla,Reta,Sim,3,0,0,0,3,0,0,3,-26.92278737,-48.7078321,SPRF-SC,DEL04-SC,UOP04-DEL04-SC,2023
"534266,0",2023-07-07,sexta-feira,15:45:00,SC,282,"16,4",PALHOCA,Acessar a via sem observar a presença dos outros veículos,Colisão transversal,Com Vítimas Feridas,Pleno dia,Crescente,Nublado,Simples,Interseção de Vias,Sim,3,0,1,0,2,0,1,3,-27.658611,-48.681847,SPRF-SC,DEL01-SC,UOP02-DEL01-SC,2023
"534282,0",2023-07-07,sexta-feira,16:45:00,SC,280,"27,0",ARAQUARI,Transitar na contramão,Colisão transversal,Com Vítimas Feridas,Pleno dia,Crescente,Céu Claro,Simples,Reta,Sim,2,0,1,0,1,0,1,2,-26.39685622,-48.74021969,SPRF-SC,DEL03-SC,UOP03-DEL03-SC,2023
"534284,0",2023-07-07,sexta-feira,18:05:00,SC,101,"207,6",SAO JOSE,Condutor deixou de manter distância do veículo da frente,Colisão traseira,Com Vítimas Feridas,Plena Noite,Crescente,Céu Claro,Dupla,Reta,Não,2,0,1,0,1,0,1,2,-27.60001226,-48.6226467,SPRF-SC,DEL01-SC,UOP01-DEL01-SC,2023
"534286,0",2023-07-07,sexta-feira,18:20:00,SC,101,"160,0",PORTO BELO,Reação tardia ou ineficiente do condutor,Saída de leito carroçável,Com Vítimas Feridas,Plena Noite,Decrescente,Céu Claro,Dupla,Reta,Não,1,0,1,0,0,0,1,1,-27.20831288,-48.61987922,SPRF-SC,DEL04-SC,UOP03-DEL04-SC,2023
"534301,0",2023-07-07,sexta-feira,19:00:00,SC,101,"195,0",BIGUACU,Manobra de mudança de faixa,Colisão lateral mesmo sentido,Com Vítimas Feridas,Plena Noite,Crescente,Nublado,Dupla,Reta,Sim,3,0,1,0,2,0,1,3,-27.5047092,-48.65010819,SPRF-SC,DEL01-SC,UOP01-DEL01-SC,2023
"534312,0",2023-07-07,sexta-feira,14:50:00,SC,280,"25,0",ARAQUARI,Desrespeitar a preferência no cruzamento,Colisão transversal,Com Vítimas Feridas,Pleno dia,Crescente,Céu Claro,Simples,Reta;Em Obras,Sim,2,0,1,0,1,0,1,2,-26.38237399,-48.72565269,SPRF-SC,DEL03-SC,UOP03-DEL03-SC,2023
"534320,0",2023-07-07,sexta-feira,19:40:00,SC,280,"32,9",ARAQUARI,Acessar a via sem observar a presença dos outros veículos,Colisão transversal,Com Vítimas Feridas,Plena Noite,Crescente,Nublado,Simples,Interseção de Vias,Não,2,0,1,0,1,0,1,2,-26.420618,-48.779335,SPRF-SC,DEL03-SC,UOP03-DEL03-SC,2023
"534343,0",2023-07-07,sexta-feira,21:10:00,SC,470,"65,7",INDAIAL,Retorno proibido,Colisão transversal,Com Vítimas Feridas,Plena Noite,Decrescente,Nublado,Simples,Reta,Sim,2,0,1,0,1,0,1,2,-26.87086316,-49.21931914,SPRF-SC,DEL04-SC,UOP01-DEL04-SC,2023
"534349,0",2023-07-07,sexta-feira,19:20:00,SC,116,"139,9",SANTA CECILIA,Ingestão de álcool pelo condutor,Colisão transversal,Sem Vítimas,Plena Noite,Crescente,Nublado,Simples,Reta,Sim,2,0,0,0,2,0,0,2,-26.96377031,-50.41218281,SPRF-SC,DEL06-SC,UOP02-DEL06-SC,2023