id,data_inversa,dia_semana,horario,uf,br,km,municipio,causa_acidente,tipo_acidente,classificacao_acidente,fase_dia,sentido_via,condicao_metereologica,tipo_pista,tracado_via,uso_solo,pessoas,mortos,feridos_leves,feridos_graves,ilesos,ignorados,feridos,veiculos,latitude,longitude,regional,delegacia,uop,ano_arquivo
"534361,0",2023-07-07,sexta-feira,22:45:00,SC,101,"219,9",PALHOCA,Reação tardia ou ineficiente do condutor,Colisão com objeto,Com Vítimas Feridas,Plena Noite,Decrescente,Nublado,Dupla,Reta,Não,2,0,2,0,0,0,2,1,-27.68392194,-48.66710085,SPRF-SC,DEL01-SC,UOP02-DEL01-SC,2023
"534368,0",2023-07-07,sexta-feira,23:00:00,SC,470,"46,5",BLUMENAU,Ingestão de álcool pelo condutor,Tombamento,Com Vítimas Feridas,Plena Noite,Decrescente,Nublado,Simples,Reta;Em Obras,Não,1,0,1,0,0,0,1,1,-26.86224553,-49.04234916,SPRF-SC,DEL04-SC,UOP01-DEL04-SC,2023
"534375,0",2023-07-07,sexta-feira,20:20:00,SC,280,"277,0",IRINEOPOLIS,Transitar na contramão,Colisão frontal,Com Vítimas Feridas,Plena Noite,Crescente,Céu Claro,Simples,Reta,Não,3,0,0,1,2,0,1,2,-26.29406241,-50.80003385,SPRF-SC,DEL06-SC,UOP04-DEL06-SC,2023
"534378,0",2023-07-07,sexta-feira,23:40:00,SC,101,"86,3",BARRA VELHA,Reação tardia ou ineficiente do condutor,Colisão com objeto,Com Vítimas Feridas,Plena Noite,Crescente,Nublado,Simples,Rotatória,Sim,2,0,2,0,0,0,2,1,-26.63948976,-48.69377732,SPRF-SC,DEL03-SC,UOP02-DEL03-SC,2023
"534383,0",2023-07-07,sexta-feira,22:45:00,SC,116,"137,7",SANTA CECILIA,Ingestão de álcool pelo condutor,Colisão com objeto,Com Vítimas Feridas,Plena Noite,Crescente,Garoa/Chuvisco,Simples,Curva,Não,1,0,1,0,0,0,1,1,-26.9376961,-50.43145723,SPRF-SC,DEL06-SC,UOP02-DEL06-SC,2023
"534385,0",2023-07-08,sábado,00:10:00,SC,470,"176,0",POUSO REDONDO,Ingestão de álcool e/ou substâncias psicoativas pelo pedestre,Atropelamento de Pedestre,Com Vítimas Feridas,Plena Noite,Crescente,Chuva,Simples,Curva,Não,2,0,1,0,0,1,1,2,-27.254238,-49.948658,SPRF-SC,DEL04-SC,UOP02-DEL04-SC,2023
"534388,0",2023-07-08,sábado,02:00:00,SC,101,"201,0",SAO JOSE,Reação tardia ou ineficiente do condutor,Saída de leito carroçável,Sem Vítimas,Plena Noite,Crescente,Chuva,Simples,Interseção de Vias,Sim,1,0,0,0,0,1,0,1,-27.54836599,-48.61977975,SPRF-SC,DEL01-SC,UOP01-DEL01-SC,2023
"534398,0",2023-07-08,sábado,05:15:00,SC,101,"188,0",BIGUACU,Ingestão de álcool pelo condutor,Colisão com objeto,Com Vítimas Feridas,Plena Noite,Decrescente,Chuva,Múltipla,Reta,Sim,2,0,2,0,0,0,2,1,-27.45123421,-48.63370766,SPRF-SC,DEL01-SC,UOP01-DEL01-SC,2023
"534399,0",2023-07-08,sábado,05:00:00,SC,101,"328,0",CAPIVARI DE BAIXO,Ausência de reação do condutor,Saída de leito carroçável,Sem Vítimas,Plena Noite,Decrescente,Chuva,Dupla,Reta,Sim,1,0,0,0,1,0,0,1,-28.43648094,-48.95989307,SPRF-SC,DEL02-SC,UOP01-DEL02-SC,2023
"534422,0",2023-07-08,sábado,06:25:00,SC,282,"131,0",BOM RETIRO,Ausência de reação do condutor,Saída de leito carroçável,Com Vítimas Feridas,Amanhecer,Decrescente,Chuva,Simples,Curva,Não,4,0,1,0,3,0,1,1,-27.81068695,-49.51786995,SPRF-SC,DEL05-SC,UOP01-DEL05-SC,2023
"534425,0",2023-07-08,sábado,07:30:00,SC,101,"372,0",ICARA,Ausência de reação do condutor,Saída de leito carroçável,Sem Vítimas,Pleno dia,Crescente,Chuva,Dupla,Reta,Não,1,0,0,0,1,0,0,1,-28.70864509,-49.20924696,SPRF-SC,DEL02-SC,UOP01-DEL02-SC,2023
"534433,0",2023-07-08,sábado,08:00:00,SC,101,"39,0",JOINVILLE,Ausência de reação do condutor,Tombamento,Com Vítimas Feridas,Pleno dia,Crescente,Nublado,Dupla,Reta,Não,1,0,1,0,0,0,1,1,-26.2628107,-48.90192257,SPRF-SC,DEL03-SC,UOP01-DEL03-SC,2023
"534434,0",2023-06-02,sexta-feira,18:00:00,SC,101,"348,0",JAGUARUNA,Reação tardia ou ineficiente do condutor,Colisão lateral mesmo sentido,Com Vítimas Feridas,Plena Noite,Decrescente,Céu Claro,Simples,Reta,Não,2,0,1,0,1,0,1,2,-28.57317505,-49.05292143,SPRF-SC,DEL02-SC,UOP01-DEL02-SC,2023
"534436,0",2023-07-08,sábado,08:45:00,SC,101,"138,8",BALNEARIO CAMBORIU,Velocidade Incompatível,Colisão com objeto,Sem Vítimas,Pleno dia,Decrescente,Chuva,Múltipla,Curva,Sim,1,0,0,0,1,0,0,1,-27.02397426,-48.60761649,SPRF-SC,DEL04-SC,UOP03-DEL04-SC,2023
"534448,0",2023-07-08,sábado,09:00:00,SC,101,"200,0",SAO JOSE,Ausência de reação do condutor,Capotamento,Sem Vítimas,Pleno dia,Crescente,Garoa/Chuvisco,Múltipla,Reta,Sim,1,0,0,0,1,0,0,1,-27.54018513,-48.62287714,SPRF-SC,DEL01-SC,UOP01-DEL01-SC,2023
"534455,0",2023-07-08,sábado,10:05:00,SC,280,"74,0",JARAGUA DO SUL,Acessar a via sem observar a presença dos outros veículos,Colisão transversal,Com Vítimas Feridas,Pleno dia,Crescente,Garoa/Chuvisco,Simples,Rotatória,Não,2,0,1,0,0,1,1,2,-26.45877322,-49.16147801,SPRF-SC,DEL03-SC,UOP03-DEL03-SC,2023
"534507,0",2023-07-08,sábado,12:15:00,SC,470,"292,0",CAMPOS NOVOS,Acessar a via sem observar a presença dos outros veículos,Colisão transversal,Com Vítimas Feridas,Pleno dia,Crescente,Nublado,Simples,Reta,Não,5,0,4,0,1,0,4,2,-27.338255,-50.981739,SPRF-SC,DEL07-SC,UOP06-DEL07-SC,2023
"534519,0",2023-07-08,sábado,15:05:00,SC,101,"95,1",BARRA VELHA,Desrespeitar a preferência no cruzamento,Colisão transversal,Sem Vítimas,Pleno dia,Decrescente,Nublado,Múltipla,Interseção de Vias;Viaduto,Sim,3,0,0,0,2,1,0,3,-26.70876413,-48.70221065,SPRF-SC,DEL03-SC,UOP02-DEL03-SC,2023
"534521,0",2023-07-08,sábado,15:25:00,SC,470,"49,5",BLUMENAU,Ingestão de álcool pelo condutor,Saída de leito carroçável,Sem Vítimas,Pleno dia,Crescente,Nublado,Dupla,Curva,Não,1,0,0,0,1,0,0,1,-26.86135933,-49.06969135,SPRF-SC,DEL04-SC,UOP01-DEL04-SC,2023
"534542,0",2023-07-08,sábado,15:10:00,SC,101,"278,9",IMBITUBA,Ingestão de álcool pelo condutor,Queda de ocupante de veículo,Sem Vítimas,Pleno dia,Crescente,Céu Claro,Simples,Viaduto,Não,1,0,0,0,1,0,0,1,-28.16300604,-48.6939345,SPRF-SC,DEL02-SC,UOP03-DEL02-SC,2023
"534557,0",2023-07-08,sábado,19:00:00,SC,101,"208,9",SAO JOSE,Ausência de reação do condutor,Colisão lateral mesmo sentido,Com Vítimas Feridas,Plena Noite,Crescente,Céu Claro,Dupla,Reta,Não,5,0,1,0,4,0,1,3,-27.60327979,-48.63201818,SPRF-SC,DEL01-SC,UOP01-DEL01-SC,2023
"534571,0",2023-07-08,sábado,17:55:00,SC,101,"43,7",JOINVILLE,Avarias e/ou desgaste excessivo no pneu,Queda de ocupante de veículo,Com Vítimas Feridas,Plena Noite,Decrescente,Nublado,Dupla,Reta,Sim,1,0,1,0,0,0,1,1,-26.30357106,-48.88225609,SPRF-SC,DEL03-SC,UOP01-DEL03-SC,2023
"534588,0",2023-07-08,sábado,21:30:00,SC,101,"206,9",SAO JOSE,Ausência de reação do condutor,Colisão transversal,Sem Vítimas,Plena Noite,Decrescente,Nublado,Dupla,Interseção de Vias;Reta,Sim,4,0,0,0,1,3,0,3,-27.59504099,-48.61896515,SPRF-SC,DEL01-SC,UOP01-DEL01-SC,2023
"534593,0",2023-07-08,sábado,22:00:00,SC,101,"207,0",SAO JOSE,Ausência de reação do condutor,Colisão com objeto,Sem Vítimas,Plena Noite,Decrescente,Céu Claro,Múltipla,Declive,Sim,1,0,0,0,1,0,0,1,-27.60001226,-48.6226467,SPRF-SC,DEL01-SC,UOP01-DEL01-SC,2023
"534607,0",2023-07-08,sábado,21:20:00,SC,470,"176,5",POUSO REDONDO,Manobra de mudança de faixa,Colisão lateral mesmo sentido,Com Vítimas Feridas,Plena Noite,Crescente,Chuva,Simples,Reta,Não,3,0,3,0,0,0,3,2,-27.254238,-49.948658,SPRF-SC,DEL04-SC,UOP02-DEL04-SC,2023
"534610,0",2023-07-08,sábado,23:30:00,SC,116,"111,8",SANTA CECILIA,Velocidade Incompatível,Colisão com objeto,Sem Vítimas,Plena Noite,Decrescente,Nublado,Múltipla,Reta,Não,1,0,0,0,0,1,0,1,-26.76856222,-50.35053362,SPRF-SC,DEL06-SC,UOP02-DEL06-SC,2023
"534613,0",2023-07-08,sábado,23:15:00,SC,282,"508,0",XANXERE,Ingestão de álcool e/ou substâncias psicoativas pelo pedestre,Atropelamento de Pedestre,Com Vítimas Feridas,Plena Noite,Crescente,Céu Claro,Simples,Curva;Aclive,Não,2,0,0,1,1,0,1,2,-26.885814,-52.446595,SPRF-SC,DEL07-SC,UOP01-DEL07-SC,2023
"534620,0",2023-07-09,domingo,00:10:00,SC,101,"366,5",SANGAO,Reação tardia ou ineficiente do condutor,Colisão com objeto,Sem Vítimas,Plena Noite,Crescente,Garoa/Chuvisco,Dupla,Reta,Não,1,0,0,0,0,1,0,1,-28.68718511,-49.15621795,SPRF-SC,DEL02-SC,UOP01-DEL02-SC,2023
"534623,0",2023-07-09,domingo,00:30:00,SC,101,"213,0",PALHOCA,Ausência de sinalização,Colisão lateral mesmo sentido,Com Vítimas Feridas,Plena Noite,Decrescente,Céu Claro,Múltipla,Reta,Sim,2,0,0,1,1,0,1,2,-27.63697369,-48.66514142,SPRF-SC,DEL01-SC,UOP02-DEL01-SC,2023
"534627,0",2023-07-08,sábado,21:30:00,SC,101,"439,8",SANTA ROSA DO SUL,Ingestão de álcool pelo condutor,Tombamento,Com Vítimas Feridas,Plena Noite,Decrescente,Nublado,Dupla,Reta,Sim,1,0,1,0,0,0,1,1,-29.125993,-49.673796,SPRF-SC,DEL02-SC,UOP02-DEL02-SC,2023
"534635,0",2023-07-08,sábado,23:30:00,SC,282,"582,9",PINHALZINHO,Transitar na contramão,Colisão frontal,Com Vítimas Fatais,Plena Noite,Crescente,Nublado,Simples,Curva,Não,7,2,3,2,0,0,5,2,-26.8275228,-53.0091912,SPRF-SC,DEL07-SC,UOP02-DEL07-SC,2023
"534640,0",2023-07-09,domingo,02:00:00,SC,101,"151,0",ITAPEMA,Ingestão de álcool pelo condutor,Saída de leito carroçável,Sem Vítimas,Plena Noite,Crescente,Nublado,Múltipla,Reta,Não,1,0,0,0,1,0,0,1,-27.12659514,-48.61002266,SPRF-SC,DEL04-SC,UOP03-DEL04-SC,2023
"534646,0",2023-07-09,domingo,03:10:00,SC,116,"27,8",ITAIOPOLIS,Ingestão de álcool e/ou substâncias psicoativas pelo pedestre,Saída de leito carroçável,Com Vítimas Feridas,Plena Noite,Decrescente,Chuva,Simples,Reta;Declive,Não,2,0,1,0,1,0,1,1,-26.29228969,-49.94234725,SPRF-SC,DEL06-SC,UOP01-DEL06-SC,2023
"534655,0",2023-07-09,domingo,04:00:00,SC,280,"124,9",RIO NEGRINHO,Ausência de reação do condutor,Saída de leito carroçável,Sem Vítimas,Plena Noite,Decrescente,Céu Claro,Simples,Reta,Sim,1,0,0,0,1,0,0,1,-26.239,-49.502,SPRF-SC,DEL06-SC,UOP03-DEL06-SC,2023
"534659,0",2023-07-09,domingo,03:30:00,SC,101,"432,0",SOMBRIO,Ausência de reação do condutor,Colisão traseira,Com Vítimas Feridas,Plena Noite,Crescente,Nublado,Múltipla,Reta,Não,4,0,1,0,3,0,1,2,-29.07326609,-49.62717768,SPRF-SC,DEL02-SC,UOP02-DEL02-SC,2023
"534675,0",2023-07-09,domingo,03:20:00,SC,280,"59,0",JARAGUA DO SUL,Ingestão de álcool pelo condutor,Colisão com objeto,Com Vítimas Feridas,Plena Noite,Decrescente,Céu Claro,Simples,Reta;Ponte,Não,2,0,1,0,1,0,1,1,-26.47525778,-49.03098916,SPRF-SC,DEL03-SC,UOP03-DEL03-SC,2023
"534676,0",2023-07-09,domingo,03:40:00,SC,101,"382,0",ICARA,Transitar na contramão,Saída de leito carroçável,Com Vítimas Feridas,Plena Noite,Crescente,Garoa/Chuvisco,Múltipla,Reta,Não,7,0,0,3,3,1,3,4,-28.75966988,-49.28552404,SPRF-SC,DEL02-SC,UOP02-DEL02-SC,2023
"534679,0",2023-07-09,domingo,02:10:00,SC,101,"140,0",BALNEARIO CAMBORIU,Reação tardia ou ineficiente do condutor,Tombamento,Com Vítimas Feridas,Plena Noite,Crescente,Nublado,Múltipla,Curva,Não,1,0,0,1,0,0,1,1,-27.03881189,-48.60025148,SPRF-SC,DEL04-SC,UOP03-DEL04-SC,2023
"534686,0",2023-07-09,domingo,06:50:00,SC,101,"252,8",PAULO LOPES,Acesso irregular,Saída de leito carroçável,Com Vítimas Feridas,Pleno dia,Crescente,Nublado,Dupla,Reta,Sim,1,0,1,0,0,0,1,1,-27.95672412,-48.6767588,SPRF-SC,DEL02-SC,UOP03-DEL02-SC,2023
"534689,0",2023-07-09,domingo,05:50:00,SC,282,"572,0",NOVA ERECHIM,Ingestão de álcool pelo condutor,Saída de leito carroçável,Com Vítimas Feridas,Amanhecer,Crescente,Céu Claro,Simples,Rotatória,Sim,1,0,1,0,0,0,1,1,-26.879332,-52.949421,SPRF-SC,DEL07-SC,UOP02-DEL07-SC,2023
"534726,0",2023-07-09,domingo,09:00:00,SC,101,"117,0",ITAJAI,Desrespeitar a preferência no cruzamento,Colisão transversal,Com Vítimas Feridas,Pleno dia,Decrescente,Nublado,Simples,Interseção de Vias,Não,2,0,1,0,1,0,1,2,-26.88747187,-48.72252969,SPRF-SC,DEL04-SC,UOP04-DEL04-SC,2023
"534727,0",2023-07-09,domingo,11:00:00,SC,101,"125,0",ITAJAI,Trafegar com motocicleta (ou similar) entre as faixas,Colisão lateral mesmo sentido,Com Vítimas Feridas,Pleno dia,Crescente,Nublado,Dupla,Reta,Não,3,0,0,1,2,0,1,3,-26.94802427,-48.68338515,SPRF-SC,DEL04-SC,UOP04-DEL04-SC,2023
"534765,0",2023-07-09,domingo,15:19:00,SC,480,"126,2",CHAPECO,Ausência de reação do condutor,Colisão frontal,Com Vítimas Feridas,Pleno dia,Crescente,Céu Claro,Simples,Interseção de Vias,Não,2,0,1,0,1,0,1,2,-27.020083,-52.636024,SPRF-SC,DEL07-SC,UOP01-DEL07-SC,2023
"534770,0",2023-07-09,domingo,16:30:00,SC,101,"214,0",PALHOCA,Reação tardia ou ineficiente do condutor,Colisão traseira,Com Vítimas Feridas,Pleno dia,Crescente,Céu Claro,Múltipla,Reta,Sim,2,0,1,0,1,0,1,2,-27.64443,-48.67057,SPRF-SC,DEL01-SC,UOP02-DEL01-SC,2023
"534783,0",2023-07-09,domingo,17:30:00,SC,101,"409,0",ARARANGUA,Reação tardia ou ineficiente do condutor,Colisão com objeto,Com Vítimas Feridas,Anoitecer,Crescente,Nublado,Simples,Curva;Aclive,Não,2,0,2,0,0,0,2,1,-28.92734071,-49.51181889,SPRF-SC,DEL02-SC,UOP02-DEL02-SC,2023
"534790,0",2023-07-09,domingo,17:10:00,SC,101,"318,2",PESCARIA BRAVA,Condutor Dormindo,Saída de leito carroçável,Com Vítimas Feridas,Anoitecer,Crescente,Nublado,Dupla,Reta,Sim,1,0,0,1,0,0,1,1,-28.4266481,-48.86160099,SPRF-SC,DEL02-SC,UOP01-DEL02-SC,2023
"534807,0",2023-07-09,domingo,18:50:00,SC,116,"216,3",PONTE ALTA,Transitar na contramão,Colisão frontal,Com Vítimas Fatais,Plena Noite,Decrescente,Nublado,Simples,Declive;Reta,Não,11,1,0,8,2,0,8,6,-27.5552895,-50.3769838,SPRF-SC,DEL05-SC,UOP03-DEL05-SC,2023
"534811,0",2023-07-09,domingo,18:30:00,SC,470,"47,7",BLUMENAU,Manobra de mudança de faixa,Colisão lateral mesmo sentido,Com Vítimas Feridas,Anoitecer,Decrescente,Céu Claro,Simples,Reta;Em Obras,Sim,2,0,1,0,1,0,1,2,-26.864044,-49.046516,SPRF-SC,DEL04-SC,UOP01-DEL04-SC,2023
"534818,0",2023-07-09,domingo,19:00:00,SC,282,"503,1",XANXERE,Ausência de reação do condutor,Colisão com objeto,Com Vítimas Feridas,Plena Noite,Decrescente,Céu Claro,Múltipla,Reta,Sim,1,0,1,0,0,0,1,1,-26.88492,-52.399788,SPRF-SC,DEL07-SC,UOP01-DEL07-SC,2023
"534832,0",2023-07-09,domingo,18:45:00,SC,101,"407,0",ARARANGUA,Velocidade Incompatível,Saída de leito carroçável,Com Vítimas Feridas,Plena Noite,Crescente,Nublado,Simples,Curva,Não,3,0,1,0,2,0,1,1,-28.92103027,-49.49203491,SPRF-SC,DEL02-SC,UOP02-DEL02-SC,2023
"534835,0",2023-07-09,domingo,18:00:00,SC,116,"82,7",MONTE CASTELO,Manobra de mudança de faixa,Colisão transversal,Sem Vítimas,Pleno dia,Crescente,Céu Claro,Simples,Reta,Não,2,0,0,0,2,0,0,2,-26.57442903,-50.22178476,SPRF-SC,DEL06-SC,UOP02-DEL06-SC,2023
"534858,0",2023-07-09,domingo,21:20:00,SC,470,"4,0",NAVEGANTES,Reação tardia ou ineficiente do condutor,Colisão traseira,Com Vítimas Feridas,Plena Noite,Crescente,Céu Claro,Múltipla,Desvio Temporário;Em Obras;Retorno Regulamentado,Sim,2,0,1,0,0,1,1,2,-26.858473,-48.690788,SPRF-SC,DEL04-SC,UOP04-DEL04-SC,2023
"534876,0",2023-07-10,segunda-feira,03:30:00,SC,101,"213,9",PALHOCA,Ingestão de álcool pelo condutor,Queda de ocupante de veículo,Sem Vítimas,Plena Noite,Crescente,Céu Claro,Múltipla,Interseção de Vias,Não,1,0,0,0,1,0,0,1,-27.63697369,-48.66514142,SPRF-SC,DEL01-SC,UOP02-DEL01-SC,2023
"534897,0",2023-07-10,segunda-feira,07:30:00,SC,101,"203,5",SAO JOSE,Manobra de mudança de faixa,Colisão lateral mesmo sentido,Com Vítimas Feridas,Pleno dia,Crescente,Chuva,Dupla,Reta,Não,3,0,1,0,2,0,1,2,-27.5650044,-48.61460082,SPRF-SC,DEL01-SC,UOP01-DEL01-SC,2023
"534924,0",2023-07-10,segunda-feira,08:20:00,SC,101,"232,0",PALHOCA,Chuva,Colisão com objeto,Sem Vítimas,Pleno dia,Crescente,Nublado,Dupla,Curva,Não,1,0,0,0,1,0,0,1,-27.795666,-48.638153,SPRF-SC,DEL01-SC,UOP02-DEL01-SC,2023
"534947,0",2023-07-10,segunda-feira,11:00:00,SC,101,"98,0",BALNEARIO PICARRAS,Condutor deixou de manter distância do veículo da frente,Colisão traseira,Com Vítimas Feridas,Pleno dia,Decrescente,Nublado,Dupla,Reta,Sim,4,0,1,0,3,0,1,4,-26.73760897,-48.69918789,SPRF-SC,DEL03-SC,UOP02-DEL03-SC,2023
"534950,0",2023-05-27,sábado,10:45:00,SC,280,"47,9",GUARAMIRIM,Ingestão de álcool pelo condutor,Colisão transversal,Sem Vítimas,Pleno dia,Crescente,Céu Claro,Simples,Reta,Não,2,0,0,0,2,0,0,2,-26.45353692,-48.917876,SPRF-SC,DEL03-SC,UOP03-DEL03-SC,2023
"534952,0",2023-07-10,segunda-feira,03:30:00,SC,285,"52,4",TIMBE DO SUL,Curva acentuada,Colisão com objeto,Sem Vítimas,Plena Noite,Decrescente,Céu Claro,Simples,Curva;Declive;Em Obras,Não,1,0,0,0,0,1,0,1,-28.82035141,-49.86900408,SPRF-SC,DEL02-SC,UOP02-DEL02-SC,2023
"534964,0",2023-07-10,segunda-feira,14:00:00,SC,470,"55,0",BLUMENAU,Conversão proibida,Colisão transversal,Com Vítimas Feridas,Pleno dia,Crescente,Chuva,Simples,Reta,Sim,2,0,1,0,0,1,1,2,-26.875601,-49.117992,SPRF-SC,DEL04-SC,UOP01-DEL04-SC,2023
"534967,0",2023-07-10,segunda-feira,13:10:00,SC,101,"203,9",SAO JOSE,Reação tardia ou ineficiente do condutor,Colisão com objeto,Com Vítimas Fatais,Pleno dia,Decrescente,Nublado,Múltipla,Reta,Sim,2,1,0,0,0,1,0,2,-27.57354716,-48.61349881,SPRF-SC,DEL01-SC,UOP01-DEL01-SC,2023
"534969,0",2023-04-09,domingo,18:10:00,SC,480,"130,1",CHAPECO,Velocidade Incompatível,Colisão traseira,Com Vítimas Feridas,Pleno dia,Crescente,Céu Claro,Dupla,Reta,Sim,3,0,1,0,2,0,1,2,-27.055067,-52.63656,SPRF-SC,DEL07-SC,UOP01-DEL07-SC,2023
"534975,0",2023-07-10,segunda-feira,15:00:00,SC,470,"60,3",BLUMENAU,Retorno proibido,Colisão transversal,Com Vítimas Feridas,Pleno dia,Decrescente,Garoa/Chuvisco,Simples,Interseção de Vias;Reta,Sim,3,0,1,0,2,0,1,2,-26.88056464,-49.16772366,SPRF-SC,DEL04-SC,UOP01-DEL04-SC,2023
"534992,0",2023-07-10,segunda-feira,15:40:00,SC,470,"9,0",NAVEGANTES,Chuva,Saída de leito carroçável,Sem Vítimas,Pleno dia,Crescente,Chuva,Dupla,Reta;Em Obras,Sim,1,0,0,0,1,0,0,1,-26.833143,-48.727432,SPRF-SC,DEL04-SC,UOP04-DEL04-SC,2023
"535003,0",2023-07-10,segunda-feira,17:30:00,SC,280,"127,5",RIO NEGRINHO,Ingestão de álcool pelo condutor,Colisão lateral sentido oposto,Com Vítimas Feridas,Pleno dia,Crescente,Garoa/Chuvisco,Simples,Viaduto,Sim,4,0,3,0,1,0,3,3,-26.23943953,-49.50420708,SPRF-SC,DEL06-SC,UOP03-DEL06-SC,2023
"535004,0",2023-07-10,segunda-feira,12:40:00,SC,282,"70,0",RANCHO QUEIMADO,Ausência de reação do condutor,Colisão frontal,Com Vítimas Feridas,Pleno dia,Crescente,Garoa/Chuvisco,Simples,Curva,Não,2,0,0,1,1,0,1,2,-27.692705,-49.091351,SPRF-SC,DEL01-SC,UOP03-DEL01-SC,2023
"535029,0",2023-07-10,segunda-feira,18:50:00,SC,101,"214,8",PALHOCA,Reação tardia ou ineficiente do condutor,Tombamento,Com Vítimas Feridas,Plena Noite,Crescente,Chuva,Dupla,Reta;Declive,Sim,1,0,1,0,0,0,1,1,-27.64443,-48.67057,SPRF-SC,DEL01-SC,UOP02-DEL01-SC,2023
"535033,0",2023-07-10,segunda-feira,17:25:00,SC,280,"7,2",SAO FRANCISCO DO SUL,Acessar a via sem observar a presença dos outros veículos,Colisão transversal,Com Vítimas Feridas,Anoitecer,Crescente,Garoa/Chuvisco,Simples,Interseção de Vias,Não,3,0,1,0,2,0,1,2,-26.27127101,-48.64129599,SPRF-SC,DEL03-SC,UOP03-DEL03-SC,2023
"535036,0",2023-07-10,segunda-feira,18:30:00,SC,101,"217,0",PALHOCA,Reação tardia ou ineficiente do condutor,Colisão traseira,Sem Vítimas,Plena Noite,Crescente,Chuva,Simples,Reta,Sim,2,0,0,0,2,0,0,2,-27.662647,-48.6764,SPRF-SC,DEL01-SC,UOP02-DEL01-SC,2023
"535048,0",2023-07-10,segunda-feira,18:00:00,SC,282,"463,0",PONTE SERRADA,Desrespeitar a preferência no cruzamento,Colisão transversal,Com Vítimas Feridas,Plena Noite,Crescente,Chuva,Dupla,Interseção de Vias,Sim,2,0,1,0,1,0,1,2,-26.855036,-52.059551,SPRF-SC,DEL07-SC,UOP04-DEL07-SC,2023
"535065,0",2023-07-10,segunda-feira,21:40:00,SC,101,"41,0",JOINVILLE,Velocidade Incompatível,Colisão com objeto,Com Vítimas Feridas,Plena Noite,Crescente,Chuva,Dupla,Curva;Aclive,Sim,2,0,1,0,1,0,1,1,-26.28215489,-48.88973081,SPRF-SC,DEL03-SC,UOP01-DEL03-SC,2023
"535083,0",2023-07-10,segunda-feira,18:30:00,SC,101,"212,0",PALHOCA,Reação tardia ou ineficiente do condutor,Colisão lateral mesmo sentido,Com Vítimas Feridas,Plena Noite,Crescente,Céu Claro,Dupla,Reta,Não,3,0,2,0,0,1,2,2,-27.62996929,-48.65903871,SPRF-SC,DEL01-SC,UOP02-DEL01-SC,2023
"535084,0",2023-07-11,terça-feira,06:00:00,SC,480,"128,6",CHAPECO,Demais falhas na via,Saída de leito carroçável,Com Vítimas Feridas,Amanhecer,Crescente,Garoa/Chuvisco,Dupla,Retorno Regulamentado;Reta,Sim,1,0,1,0,0,0,1,1,-27.03781899,-52.63432603,SPRF-SC,DEL07-SC,UOP01-DEL07-SC,2023
"535088,0",2023-07-11,terça-feira,05:30:00,SC,101,"290,0",IMBITUBA,Condutor Dormindo,Colisão com objeto,Sem Vítimas,Plena Noite,Crescente,Nublado,Dupla,Reta,Não,1,0,0,0,1,0,0,1,-28.26202477,-48.70403355,SPRF-SC,DEL02-SC,UOP03-DEL02-SC,2023
"535103,0",2023-07-11,terça-feira,08:05:00,SC,282,"387,7",JOACABA,Condutor deixou de manter distância do veículo da frente,Colisão traseira,Sem Vítimas,Pleno dia,Decrescente,Chuva,Dupla,Rotatória,Sim,2,0,0,0,2,0,0,2,-27.178274,-51.524025,SPRF-SC,DEL07-SC,UOP05-DEL07-SC,2023
"535117,0",2023-07-11,terça-feira,10:35:00,SC,280,"28,0",ARAQUARI,Desrespeitar a preferência no cruzamento,Colisão transversal,Com Vítimas Feridas,Pleno dia,Crescente,Chuva,Simples,Reta;Em Obras,Sim,2,0,1,0,1,0,1,2,-26.40450077,-48.74561031,SPRF-SC,DEL03-SC,UOP03-DEL03-SC,2023
"535118,0",2023-07-11,terça-feira,08:15:00,SC,282,"3,5",FLORIANOPOLIS,Ausência de reação do condutor,Colisão traseira,Com Vítimas Feridas,Pleno dia,Crescente,Nublado,Simples,Reta,Sim,2,0,1,0,1,0,1,2,-27.600384,-48.599705,SPRF-SC,DEL01-SC,UOP01-DEL01-SC,2023
"535184,0",2023-07-11,terça-feira,16:40:00,SC,470,"60,6",BLUMENAU,Conversão proibida,Colisão frontal,Com Vítimas Feridas,Pleno dia,Crescente,Chuva,Simples,Reta,Sim,2,0,0,1,1,0,1,2,-26.88138,-49.164543,SPRF-SC,DEL04-SC,UOP01-DEL04-SC,2023
"535190,0",2023-07-11,terça-feira,15:50:00,SC,282,"69,7",RANCHO QUEIMADO,Velocidade Incompatível,Colisão frontal,Com Vítimas Feridas,Pleno dia,Crescente,Chuva,Simples,Curva;Declive,Não,4,0,1,2,1,0,3,2,-27.690144,-49.083813,SPRF-SC,DEL01-SC,UOP03-DEL01-SC,2023
"535201,0",2023-07-11,terça-feira,18:40:00,SC,282,"17,0",PALHOCA,Condutor deixou de manter distância do veículo da frente,Colisão traseira,Com Vítimas Feridas,Plena Noite,Decrescente,Chuva,Simples,Reta,Não,3,0,1,0,2,0,1,2,-27.665707,-48.688065,SPRF-SC,DEL01-SC,UOP02-DEL01-SC,2023
"535205,0",2023-07-11,terça-feira,18:45:00,SC,101,"198,0",BIGUACU,Condutor deixou de manter distância do veículo da frente,Colisão traseira,Com Vítimas Feridas,Plena Noite,Decrescente,Chuva,Múltipla,Reta,Sim,2,0,2,0,0,0,2,2,-27.52658712,-48.63506019,SPRF-SC,DEL01-SC,UOP01-DEL01-SC,2023