id,data_inversa,dia_semana,horario,uf,br,km,municipio,causa_acidente,tipo_acidente,classificacao_acidente,fase_dia,sentido_via,condicao_metereologica,tipo_pista,tracado_via,uso_solo,pessoas,mortos,feridos_leves,feridos_graves,ilesos,ignorados,feridos,veiculos,latitude,longitude,regional,delegacia,uop,ano_arquivo
"538138,0",2023-07-25,terça-feira,17:55:00,SC,470,"69,0",INDAIAL,Acessar a via sem observar a presença dos outros veículos,Colisão transversal,Com Vítimas Feridas,Anoitecer,Crescente,Céu Claro,Simples,Reta,Sim,2,0,0,1,1,0,1,2,-26.883745,-49.246704,SPRF-SC,DEL04-SC,UOP01-DEL04-SC,2023
"538144,0",2023-07-25,terça-feira,17:25:00,SC,282,"528,0",CORDILHEIRA ALTA,Condutor deixou de manter distância do veículo da frente,Colisão traseira,Com Vítimas Feridas,Anoitecer,Decrescente,Céu Claro,Simples,Reta,Não,2,0,1,0,1,0,1,2,-26.978798,-52.588566,SPRF-SC,DEL07-SC,UOP01-DEL07-SC,2023
"538149,0",2023-07-25,terça-feira,14:50:00,SC,470,"123,0",IBIRAMA,Animais na Pista,Colisão com objeto,Com Vítimas Feridas,Pleno dia,Crescente,Sol,Simples,Reta,Não,1,0,1,0,0,0,1,1,-27.106783,-49.522049,SPRF-SC,DEL04-SC,UOP02-DEL04-SC,2023
"538152,0",2023-07-25,terça-feira,17:20:00,SC,101,"213,0",PALHOCA,Reação tardia ou ineficiente do condutor,Tombamento,Com Vítimas Feridas,Anoitecer,Crescente,Céu Claro,Múltipla,Reta,Sim,1,0,1,0,0,0,1,1,-27.63697369,-48.66514142,SPRF-SC,DEL01-SC,UOP02-DEL01-SC,2023
"538168,0",2023-07-25,terça-feira,18:40:00,SC,101,"212,1",PALHOCA,Velocidade Incompatível,Colisão com objeto,Com Vítimas Feridas,Plena Noite,Decrescente,Céu Claro,Dupla,Reta,Sim,1,0,1,0,0,0,1,1,-27.62996929,-48.65903871,SPRF-SC,DEL01-SC,UOP02-DEL01-SC,2023
"538174,0",2023-07-25,terça-feira,20:00:00,SC,101,"455,0",SAO JOAO DO SUL,Acessar a via sem observar a presença dos outros veículos,Colisão transversal,Com Vítimas Feridas,Plena Noite,Crescente,Garoa/Chuvisco,Múltipla,Reta,Não,2,0,1,0,1,0,1,2,-29.22683019,-49.76024508,SPRF-SC,DEL02-SC,UOP02-DEL02-SC,2023
"538188,0",2023-07-25,terça-feira,22:30:00,SC,101,"222,0",PALHOCA,Velocidade Incompatível,Saída de leito carroçável,Sem Vítimas,Plena Noite,Crescente,Nublado,Dupla,Curva,Sim,4,0,0,0,3,1,0,2,-27.70865409,-48.65586407,SPRF-SC,DEL01-SC,UOP02-DEL01-SC,2023
"538193,0",2023-07-25,terça-feira,22:40:00,SC,101,"208,2",SAO JOSE,Velocidade Incompatível,Colisão traseira,Com Vítimas Feridas,Plena Noite,Decrescente,Céu Claro,Múltipla,Reta;Em Obras,Sim,2,0,0,1,1,0,1,2,-27.60327979,-48.63201818,SPRF-SC,DEL01-SC,UOP01-DEL01-SC,2023
"538208,0",2023-07-26,quarta-feira,03:10:00,SC,282,"502,7",XANXERE,Ingestão de álcool pelo condutor,Colisão com objeto,Sem Vítimas,Plena Noite,Crescente,Ignorado,Simples,Declive;Reta,Sim,2,0,0,0,1,1,0,2,-26.88568425,-52.39891648,SPRF-SC,DEL07-SC,UOP01-DEL07-SC,2023
"538237,0",2023-07-26,quarta-feira,08:12:00,SC,101,"211,2",PALHOCA,Trafegar com motocicleta (ou similar) entre as faixas,Queda de ocupante de veículo,Com Vítimas Feridas,Pleno dia,Decrescente,Céu Claro,Múltipla,Reta,Sim,2,0,1,0,1,0,1,2,-27.62239908,-48.65117311,SPRF-SC,DEL01-SC,UOP02-DEL01-SC,2023
"538252,0",2023-07-26,quarta-feira,09:00:00,SC,101,"213,5",PALHOCA,Desrespeitar a preferência no cruzamento,Colisão transversal,Com Vítimas Feridas,Pleno dia,Crescente,Céu Claro,Dupla,Reta,Sim,2,0,1,0,1,0,1,2,-27.63697369,-48.66514142,SPRF-SC,DEL01-SC,UOP02-DEL01-SC,2023
"538263,0",2023-06-08,quinta-feira,17:00:00,SC,280,"124,0",RIO NEGRINHO,Ausência de reação do condutor,Colisão traseira,Com Vítimas Feridas,Anoitecer,Crescente,Céu Claro,Simples,Reta,Não,2,0,1,0,1,0,1,2,-26.24130297,-49.47514499,SPRF-SC,DEL06-SC,UOP03-DEL06-SC,2023
"538284,0",2023-07-26,quarta-feira,14:20:00,SC,101,"206,0",SAO JOSE,Reação tardia ou ineficiente do condutor,Colisão lateral mesmo sentido,Com Vítimas Feridas,Pleno dia,Crescente,Céu Claro,Múltipla,Reta,Sim,4,0,1,0,3,0,1,3,-27.59193546,-48.61824557,SPRF-SC,DEL01-SC,UOP01-DEL01-SC,2023
"538325,0",2023-07-26,quarta-feira,18:15:00,SC,101,"200,2",SAO JOSE,Reação tardia ou ineficiente do condutor,Colisão traseira,Com Vítimas Feridas,Plena Noite,Decrescente,Céu Claro,Dupla,Interseção de Vias;Reta,Sim,2,0,1,0,1,0,1,2,-27.53843261,-48.62487674,SPRF-SC,DEL01-SC,UOP01-DEL01-SC,2023
"538340,0",2023-07-26,quarta-feira,19:02:00,SC,101,"200,3",SAO JOSE,Manobra de mudança de faixa,Colisão transversal,Com Vítimas Feridas,Plena Noite,Decrescente,Céu Claro,Múltipla,Reta,Sim,2,0,1,0,1,0,1,2,-27.54244714,-48.62092853,SPRF-SC,DEL01-SC,UOP01-DEL01-SC,2023
"538354,0",2023-07-26,quarta-feira,19:50:00,SC,101,"206,7",SAO JOSE,Manobra de mudança de faixa,Tombamento,Com Vítimas Feridas,Plena Noite,Crescente,Céu Claro,Múltipla,Reta,Sim,1,0,1,0,0,0,1,1,-27.59193546,-48.61824557,SPRF-SC,DEL01-SC,UOP01-DEL01-SC,2023
"538361,0",2023-07-14,sexta-feira,22:25:00,SC,116,"56,0",PAPANDUVA,Ausência de reação do condutor,Capotamento,Com Vítimas Feridas,Plena Noite,Decrescente,Céu Claro,Simples,Reta,Sim,3,0,0,1,0,2,1,1,-26.38887295,-50.18345597,SPRF-SC,DEL06-SC,UOP02-DEL06-SC,2023
"538376,0",2023-07-26,quarta-feira,18:15:00,SC,480,"125,7",CHAPECO,Desrespeitar a preferência no cruzamento,Colisão transversal,Com Vítimas Fatais,Anoitecer,Crescente,Nublado,Múltipla,Aclive;Interseção de Vias,Não,2,1,0,0,1,0,0,2,-27.01725045,-52.63724148,SPRF-SC,DEL07-SC,UOP01-DEL07-SC,2023
"538411,0",2023-07-27,quinta-feira,06:50:00,SC,101,"202,8",SAO JOSE,Ausência de reação do condutor,Colisão transversal,Com Vítimas Feridas,Pleno dia,Crescente,Nublado,Dupla,Reta,Sim,2,0,2,0,0,0,2,2,-27.55711595,-48.61897889,SPRF-SC,DEL01-SC,UOP01-DEL01-SC,2023
"538431,0",2023-07-27,quinta-feira,09:20:00,SC,280,"52,7",GUARAMIRIM,Condutor deixou de manter distância do veículo da frente,Colisão traseira,Com Vítimas Feridas,Pleno dia,Crescente,Nublado,Simples,Reta;Em Obras,Não,4,0,2,0,2,0,2,2,-26.468904,-48.96492,SPRF-SC,DEL03-SC,UOP03-DEL03-SC,2023
"538438,0",2023-07-27,quinta-feira,09:30:00,SC,282,"19,0",PALHOCA,Condutor deixou de manter distância do veículo da frente,Colisão traseira,Com Vítimas Feridas,Pleno dia,Decrescente,Nublado,Simples,Reta,Sim,2,0,1,0,1,0,1,2,-27.678635,-48.70192,SPRF-SC,DEL01-SC,UOP02-DEL01-SC,2023
"538442,0",2023-07-27,quinta-feira,08:50:00,SC,282,"23,0",SANTO AMARO DA IMPERATRIZ,Acessar a via sem observar a presença dos outros veículos,Colisão transversal,Com Vítimas Feridas,Pleno dia,Decrescente,Céu Claro,Simples,Curva;Retorno Regulamentado;Interseção de Vias,Sim,2,0,1,0,1,0,1,2,-27.687958,-48.736794,SPRF-SC,DEL01-SC,UOP02-DEL01-SC,2023
"538462,0",2023-07-27,quinta-feira,12:15:00,SC,101,"321,7",PESCARIA BRAVA,Reação tardia ou ineficiente do condutor,Tombamento,Com Vítimas Feridas,Pleno dia,Decrescente,Nublado,Dupla,Reta,Sim,1,0,0,1,0,0,1,1,-28.42532339,-48.8919091,SPRF-SC,DEL02-SC,UOP01-DEL02-SC,2023
"538471,0",2023-06-05,segunda-feira,18:00:00,SC,282,"221,0",LAGES,Acessar a via sem observar a presença dos outros veículos,Colisão transversal,Com Vítimas Feridas,Anoitecer,Decrescente,Céu Claro,Simples,Reta,Sim,2,0,1,0,0,1,1,2,-27.796358,-50.343426,SPRF-SC,DEL05-SC,UOP01-DEL05-SC,2023
"538478,0",2023-07-27,quinta-feira,14:30:00,SC,470,"48,5",BLUMENAU,Reação tardia ou ineficiente do condutor,Tombamento,Com Vítimas Feridas,Pleno dia,Decrescente,Nevoeiro/Neblina,Simples,Reta;Em Obras,Sim,1,0,0,1,0,0,1,1,-26.85935642,-49.06122923,SPRF-SC,DEL04-SC,UOP01-DEL04-SC,2023
"538512,0",2023-07-27,quinta-feira,17:15:00,SC,282,"18,0",PALHOCA,Trafegar com motocicleta (ou similar) entre as faixas,Colisão transversal,Com Vítimas Feridas,Anoitecer,Decrescente,Céu Claro,Simples,Retorno Regulamentado;Interseção de Vias;Reta,Sim,2,0,1,0,1,0,1,2,-27.672798,-48.694286,SPRF-SC,DEL01-SC,UOP02-DEL01-SC,2023
"538531,0",2023-07-27,quinta-feira,18:40:00,SC,470,"47,8",BLUMENAU,Demais falhas mecânicas ou elétricas,Incêndio,Sem Vítimas,Plena Noite,Decrescente,Nublado,Simples,Reta,Não,1,0,0,0,1,0,0,1,-26.864044,-49.046516,SPRF-SC,DEL04-SC,UOP01-DEL04-SC,2023
"538532,0",2023-07-27,quinta-feira,18:35:00,SC,101,"145,0",ITAPEMA,Manobra de mudança de faixa,Colisão traseira,Com Vítimas Feridas,Plena Noite,Crescente,Nublado,Dupla,Curva,Não,2,0,1,0,1,0,1,2,-27.08139206,-48.60130993,SPRF-SC,DEL04-SC,UOP03-DEL04-SC,2023
"538538,0",2023-07-16,domingo,00:10:00,SC,282,"375,8",ERVAL VELHO,Demais falhas mecânicas ou elétricas,Incêndio,Sem Vítimas,Plena Noite,Crescente,Céu Claro,Simples,Reta,Não,1,0,0,0,0,1,0,1,-27.228022,-51.456421,SPRF-SC,DEL07-SC,UOP05-DEL07-SC,2023
"538539,0",2023-07-27,quinta-feira,18:10:00,SC,101,"152,0",ITAPEMA,Manobra de mudança de faixa,Colisão lateral mesmo sentido,Com Vítimas Feridas,Plena Noite,Decrescente,Nublado,Múltipla,Reta,Sim,3,0,2,0,1,0,2,2,-27.13563503,-48.61004665,SPRF-SC,DEL04-SC,UOP03-DEL04-SC,2023
"538540,0",2023-07-27,quinta-feira,18:50:00,SC,101,"210,0",SAO JOSE,Manobra de mudança de faixa,Colisão lateral mesmo sentido,Com Vítimas Feridas,Plena Noite,Decrescente,Céu Claro,Múltipla,Reta,Sim,2,0,1,0,1,0,1,2,-27.6167305,-48.6457265,SPRF-SC,DEL01-SC,UOP01-DEL01-SC,2023
"538591,0",2023-07-28,sexta-feira,00:00:00,SC,101,"139,0",BALNEARIO CAMBORIU,Velocidade Incompatível,Colisão com objeto,Com Vítimas Feridas,Plena Noite,Crescente,Garoa/Chuvisco,Múltipla,Curva,Sim,2,0,2,0,0,0,2,1,-27.02982303,-48.60115006,SPRF-SC,DEL04-SC,UOP03-DEL04-SC,2023
"538593,0",2023-07-28,sexta-feira,00:00:00,SC,101,"213,0",PALHOCA,Ausência de reação do condutor,Atropelamento de Pedestre,Com Vítimas Feridas,Plena Noite,Decrescente,Nublado,Dupla,Reta,Sim,3,0,1,0,2,0,1,2,-27.63697369,-48.66514142,SPRF-SC,DEL01-SC,UOP02-DEL01-SC,2023
"538602,0",2023-07-28,sexta-feira,02:50:00,SC,101,"66,0",ARAQUARI,Reação tardia ou ineficiente do condutor,Colisão traseira,Sem Vítimas,Plena Noite,Decrescente,Garoa/Chuvisco,Dupla,Reta,Não,2,0,0,0,0,2,0,2,-26.47971573,-48.7374115,SPRF-SC,DEL03-SC,UOP02-DEL03-SC,2023
"538615,0",2023-07-28,sexta-feira,06:15:00,SC,101,"155,2",PORTO BELO,Velocidade Incompatível,Tombamento,Com Vítimas Feridas,Amanhecer,Crescente,Nublado,Simples,Declive;Viaduto,Não,1,0,1,0,0,0,1,1,-27.16292,-48.61129,SPRF-SC,DEL04-SC,UOP03-DEL04-SC,2023
"538616,0",2023-07-28,sexta-feira,00:10:00,SC,280,"298,5",PORTO UNIAO,Demais falhas mecânicas ou elétricas,Incêndio,Sem Vítimas,Plena Noite,Crescente,Garoa/Chuvisco,Simples,Reta,Não,1,0,0,0,1,0,0,1,-26.28153973,-51.00136008,SPRF-SC,DEL06-SC,UOP04-DEL06-SC,2023
"538636,0",2023-07-28,sexta-feira,06:50:00,SC,101,"358,2",SANGAO,Acesso irregular,Colisão transversal,Com Vítimas Feridas,Pleno dia,Decrescente,Chuva,Dupla,Reta,Sim,2,0,0,1,1,0,1,2,-28.642765,-49.100403,SPRF-SC,DEL02-SC,UOP01-DEL02-SC,2023
"538644,0",2023-07-28,sexta-feira,05:20:00,SC,101,"71,0",ARAQUARI,Condutor deixou de manter distância do veículo da frente,Colisão traseira,Sem Vítimas,Plena Noite,Crescente,Nublado,Dupla,Declive,Sim,2,0,0,0,1,1,0,2,-26.52442674,-48.71619523,SPRF-SC,DEL03-SC,UOP02-DEL03-SC,2023
"538654,0",2023-07-28,sexta-feira,08:00:00,SC,470,"80,0",RODEIO,Ausência de reação do condutor,Colisão com objeto,Com Vítimas Feridas,Pleno dia,Crescente,Nublado,Simples,Ponte;Reta,Não,1,0,0,1,0,0,1,1,-26.948805,-49.316097,SPRF-SC,DEL04-SC,UOP01-DEL04-SC,2023
"538668,0",2023-07-28,sexta-feira,11:50:00,SC,470,"47,0",BLUMENAU,Demais falhas na via,Eventos atípicos,Com Vítimas Feridas,Pleno dia,Decrescente,Chuva,Simples,Reta,Sim,3,0,1,0,2,0,1,1,-26.8610984,-49.05271053,SPRF-SC,DEL04-SC,UOP01-DEL04-SC,2023
"538678,0",2023-07-28,sexta-feira,10:45:00,SC,153,"70,9",IRANI,Velocidade Incompatível,Saída de leito carroçável,Com Vítimas Feridas,Pleno dia,Decrescente,Garoa/Chuvisco,Simples,Curva,Não,1,0,1,0,0,0,1,1,-27.05587723,-51.8894577,SPRF-SC,DEL07-SC,UOP04-DEL07-SC,2023
"538692,0",2023-07-28,sexta-feira,14:12:00,SC,101,"209,3",SAO JOSE,Reação tardia ou ineficiente do condutor,Colisão traseira,Com Vítimas Feridas,Pleno dia,Crescente,Nublado,Múltipla,Reta,Sim,4,0,1,0,3,0,1,2,-27.61000542,-48.63895057,SPRF-SC,DEL01-SC,UOP01-DEL01-SC,2023
"538694,0",2023-07-28,sexta-feira,13:20:00,SC,101,"340,2",TUBARAO,Acumulo de água sobre o pavimento,Colisão com objeto,Com Vítimas Feridas,Pleno dia,Decrescente,Chuva,Dupla,Reta,Sim,3,0,2,0,1,0,2,1,-28.501444,-49.04690399,SPRF-SC,DEL02-SC,UOP01-DEL02-SC,2023
"538794,0",2023-07-28,sexta-feira,19:30:00,SC,470,"3,0",NAVEGANTES,Condutor deixou de manter distância do veículo da frente,Colisão traseira,Com Vítimas Feridas,Plena Noite,Crescente,Chuva,Dupla,Reta,Não,2,0,0,1,1,0,1,2,-26.861937,-48.681618,SPRF-SC,DEL04-SC,UOP04-DEL04-SC,2023
"538841,0",2023-07-29,sábado,04:30:00,SC,280,"55,0",GUARAMIRIM,Acessar a via sem observar a presença dos outros veículos,Colisão transversal,Com Vítimas Feridas,Plena Noite,Crescente,Nublado,Simples,Rotatória,Sim,2,0,1,0,1,0,1,2,-26.47584353,-48.9937858,SPRF-SC,DEL03-SC,UOP03-DEL03-SC,2023
"538850,0",2023-07-29,sábado,05:20:00,SC,282,"18,3",PALHOCA,Reação tardia ou ineficiente do condutor,Colisão com objeto,Com Vítimas Feridas,Plena Noite,Crescente,Céu Claro,Simples,Desvio Temporário;Em Obras,Sim,1,0,0,1,0,0,1,1,-27.672798,-48.694286,SPRF-SC,DEL01-SC,UOP02-DEL01-SC,2023
"538866,0",2023-07-29,sábado,03:10:00,SC,470,"171,0",POUSO REDONDO,Curva acentuada,Saída de leito carroçável,Com Vítimas Feridas,Plena Noite,Decrescente,Nevoeiro/Neblina,Dupla,Declive;Curva,Não,1,0,1,0,0,0,1,1,-27.260828,-49.900455,SPRF-SC,DEL04-SC,UOP02-DEL04-SC,2023
"538895,0",2023-07-05,quarta-feira,12:00:00,SC,116,"93,2",MONTE CASTELO,Ultrapassagem Indevida,Colisão frontal,Com Vítimas Feridas,Pleno dia,Decrescente,Céu Claro,Simples,Reta,Não,5,0,3,0,2,0,3,3,-26.65724415,-50.27454781,SPRF-SC,DEL06-SC,UOP02-DEL06-SC,2023
"538896,0",2023-07-29,sábado,10:30:00,SC,101,"115,1",ITAJAI,Ausência de reação do condutor,Colisão traseira,Sem Vítimas,Pleno dia,Decrescente,Céu Claro,Dupla,Reta,Não,2,0,0,0,2,0,0,2,-26.87064015,-48.72954134,SPRF-SC,DEL04-SC,UOP04-DEL04-SC,2023
"538903,0",2023-07-29,sábado,08:30:00,SC,116,"106,3",MONTE CASTELO,Reação tardia ou ineficiente do condutor,Saída de leito carroçável,Com Vítimas Feridas,Pleno dia,Crescente,Nublado,Simples,Curva,Não,1,0,1,0,0,0,1,1,-26.75604307,-50.31916109,SPRF-SC,DEL06-SC,UOP02-DEL06-SC,2023
"538905,0",2023-07-29,sábado,11:10:00,SC,101,"120,1",ITAJAI,Ausência de reação do condutor,Colisão traseira,Com Vítimas Feridas,Pleno dia,Decrescente,Céu Claro,Dupla,Reta,Não,4,0,1,0,2,1,1,3,-26.912758,-48.711998,SPRF-SC,DEL04-SC,UOP04-DEL04-SC,2023
"538911,0",2023-07-29,sábado,11:50:00,SC,101,"199,0",BIGUACU,Trafegar com motocicleta (ou similar) entre as faixas,Colisão traseira,Com Vítimas Feridas,Pleno dia,Crescente,Sol,Múltipla,Reta,Sim,4,0,1,0,3,0,1,3,-27.53413705,-48.63003205,SPRF-SC,DEL01-SC,UOP01-DEL01-SC,2023
"538916,0",2023-07-29,sábado,13:10:00,SC,101,"207,4",SAO JOSE,Velocidade Incompatível,Colisão traseira,Com Vítimas Feridas,Pleno dia,Crescente,Céu Claro,Múltipla,Reta,Sim,2,0,0,1,1,0,1,2,-27.60001226,-48.6226467,SPRF-SC,DEL01-SC,UOP01-DEL01-SC,2023
"538925,0",2023-07-25,terça-feira,13:45:00,SC,116,"5,0",MAFRA,Transitar na contramão,Colisão frontal,Com Vítimas Feridas,Pleno dia,Decrescente,Sol,Simples,Reta,Sim,2,0,1,0,1,0,1,2,-26.14094396,-49.81508303,SPRF-SC,DEL06-SC,UOP01-DEL06-SC,2023
"538926,0",2023-07-29,sábado,12:40:00,SC,480,"129,0",CHAPECO,Condutor usando celular,Saída de leito carroçável,Com Vítimas Feridas,Pleno dia,Decrescente,Sol,Simples,Reta,Sim,4,0,0,3,1,0,3,2,-27.04656607,-52.63577131,SPRF-SC,DEL07-SC,UOP01-DEL07-SC,2023
"538930,0",2023-07-29,sábado,09:30:00,SC,116,"189,0",SAO CRISTOVAO DO SUL,Ingestão de álcool pelo condutor,Saída de leito carroçável,Sem Vítimas,Pleno dia,Crescente,Céu Claro,Simples,Reta;Declive,Não,1,0,0,0,1,0,0,1,-27.3383609,-50.42769835,SPRF-SC,DEL05-SC,UOP03-DEL05-SC,2023
"538959,0",2023-07-29,sábado,14:55:00,SC,470,"90,0",ASCURRA,Acessar a via sem observar a presença dos outros veículos,Colisão transversal,Com Vítimas Feridas,Pleno dia,Decrescente,Céu Claro,Simples,Reta,Não,3,0,0,1,2,0,1,2,-26.969337,-49.367718,SPRF-SC,DEL04-SC,UOP01-DEL04-SC,2023
"538995,0",2023-07-29,sábado,18:20:00,SC,470,"125,0",LONTRAS,Acessar a via sem observar a presença dos outros veículos,Colisão transversal,Com Vítimas Feridas,Plena Noite,Crescente,Céu Claro,Simples,Reta;Declive,Não,4,0,0,1,3,0,1,2,-27.12125058,-49.53540087,SPRF-SC,DEL04-SC,UOP02-DEL04-SC,2023
"538999,0",2023-07-29,sábado,18:50:00,SC,470,"124,0",LONTRAS,Ausência de reação do condutor,Colisão traseira,Com Vítimas Feridas,Plena Noite,Crescente,Céu Claro,Simples,Reta;Declive,Não,6,0,2,0,4,0,2,2,-27.11934074,-49.53430653,SPRF-SC,DEL04-SC,UOP02-DEL04-SC,2023
"539022,0",2023-07-29,sábado,19:20:00,SC,470,"10,5",NAVEGANTES,Ausência de reação do condutor,Colisão traseira,Com Vítimas Feridas,Plena Noite,Decrescente,Nublado,Dupla,Reta,Sim,3,0,0,1,2,0,1,2,-26.833693,-48.73724,SPRF-SC,DEL04-SC,UOP04-DEL04-SC,2023
"539024,0",2023-07-29,sábado,19:00:00,SC,101,"367,3",ICARA,Ingestão de substâncias psicoativas pelo condutor,Colisão com objeto,Sem Vítimas,Plena Noite,Crescente,Céu Claro,Dupla,Curva,Não,1,0,0,0,1,0,0,1,-28.69701793,-49.17849541,SPRF-SC,DEL02-SC,UOP01-DEL02-SC,2023
"539025,0",2023-07-29,sábado,19:10:00,SC,101,"371,8",ICARA,Ausência de reação do condutor,Saída de leito carroçável,Com Vítimas Feridas,Pleno dia,Crescente,Céu Claro,Dupla,Curva,Não,2,0,1,0,1,0,1,1,-28.70403682,-49.2008731,SPRF-SC,DEL02-SC,UOP01-DEL02-SC,2023
"539033,0",2023-07-29,sábado,19:30:00,SC,101,"38,7",JOINVILLE,Desrespeitar a preferência no cruzamento,Colisão transversal,Com Vítimas Feridas,Plena Noite,Decrescente,Nublado,Simples,Rotatória;Interseção de Vias;Viaduto,Sim,2,0,1,0,1,0,1,2,-26.25472505,-48.90561309,SPRF-SC,DEL03-SC,UOP01-DEL03-SC,2023
"539035,0",2023-07-29,sábado,17:25:00,SC,470,"123,0",IBIRAMA,Ausência de reação do condutor,Saída de leito carroçável,Com Vítimas Feridas,Anoitecer,Crescente,Céu Claro,Simples,Reta,Não,1,0,1,0,0,0,1,1,-27.106783,-49.522049,SPRF-SC,DEL04-SC,UOP02-DEL04-SC,2023
"539043,0",2023-07-29,sábado,19:30:00,SC,282,"101,0",ALFREDO WAGNER,Ingestão de álcool pelo condutor,Saída de leito carroçável,Sem Vítimas,Plena Noite,Crescente,Céu Claro,Simples,Curva,Não,1,0,0,0,0,1,0,1,-27.694626,-49.305317,SPRF-SC,DEL01-SC,UOP03-DEL01-SC,2023
"539063,0",2023-07-29,sábado,22:12:00,SC,101,"47,8",JOINVILLE,Ingestão de álcool pelo condutor,Colisão traseira,Sem Vítimas,Plena Noite,Crescente,Nublado,Dupla,Reta,Não,2,0,0,0,2,0,0,2,-26.3685135,-48.85784268,SPRF-SC,DEL03-SC,UOP01-DEL03-SC,2023
"539076,0",2023-07-30,domingo,02:15:00,SC,101,"209,5",SAO JOSE,Ingestão de álcool pelo condutor,Colisão com objeto,Sem Vítimas,Plena Noite,Decrescente,Nublado,Múltipla,Reta,Sim,1,0,0,0,1,0,0,1,-27.61000542,-48.63895057,SPRF-SC,DEL01-SC,UOP01-DEL01-SC,2023
"539079,0",2023-07-30,domingo,03:18:00,SC,101,"209,1",SAO JOSE,Ingestão de álcool pelo condutor,Colisão traseira,Sem Vítimas,Plena Noite,Decrescente,Céu Claro,Múltipla,Reta,Sim,2,0,0,0,2,0,0,2,-27.61104908,-48.63958061,SPRF-SC,DEL01-SC,UOP01-DEL01-SC,2023
"539118,0",2023-06-16,sexta-feira,07:05:00,SC,282,"602,0",MARAVILHA,Desrespeitar a preferência no cruzamento,Colisão frontal,Com Vítimas Feridas,Pleno dia,Decrescente,Garoa/Chuvisco,Simples,Interseção de Vias,Não,4,0,2,1,1,0,3,2,-26.80560988,-53.18146706,SPRF-SC,DEL07-SC,UOP02-DEL07-SC,2023
"539138,0",2023-06-21,quarta-feira,02:30:00,SC,280,"78,0",CORUPA,Condutor Dormindo,Capotamento,Sem Vítimas,Plena Noite,Decrescente,Céu Claro,Simples,Rotatória,Não,1,0,0,0,1,0,0,1,-26.45019273,-49.1935729,SPRF-SC,DEL06-SC,UOP03-DEL06-SC,2023
"539150,0",2023-07-30,domingo,11:10:00,SC,101,"148,0",ITAPEMA,Demais falhas mecânicas ou elétricas,Queda de ocupante de veículo,Com Vítimas Feridas,Pleno dia,Crescente,Céu Claro,Múltipla,Reta,Sim,2,0,1,1,0,0,2,1,-27.10123686,-48.61807962,SPRF-SC,DEL04-SC,UOP03-DEL04-SC,2023
"539168,0",2023-07-30,domingo,12:55:00,SC,101,"348,8",JAGUARUNA,Velocidade Incompatível,Queda de ocupante de veículo,Com Vítimas Feridas,Pleno dia,Decrescente,Céu Claro,Múltipla,Curva,Não,1,0,1,0,0,0,1,1,-28.57317505,-49.05292143,SPRF-SC,DEL02-SC,UOP01-DEL02-SC,2023
"539225,0",2023-07-30,domingo,16:30:00,SC,101,"112,0",ITAJAI,Condutor deixou de manter distância do veículo da frente,Engavetamento,Com Vítimas Feridas,Pleno dia,Crescente,Céu Claro,Múltipla,Reta,Sim,6,0,2,0,4,0,2,4,-26.84589005,-48.72131295,SPRF-SC,DEL04-SC,UOP04-DEL04-SC,2023
"539235,0",2023-07-30,domingo,19:00:00,SC,282,"216,0",LAGES,Manobra de mudança de faixa,Colisão lateral mesmo sentido,Com Vítimas Feridas,Plena Noite,Crescente,Céu Claro,Simples,Reta,Não,2,0,0,1,1,0,1,2,-27.797529,-50.291862,SPRF-SC,DEL05-SC,UOP01-DEL05-SC,2023
"539243,0",2023-07-30,domingo,17:45:00,SC,280,"26,9",ARAQUARI,Condutor deixou de manter distância do veículo da frente,Colisão traseira,Com Vítimas Feridas,Anoitecer,Crescente,Nublado,Simples,Reta,Sim,3,0,1,0,2,0,1,2,-26.38972308,-48.73411593,SPRF-SC,DEL03-SC,UOP03-DEL03-SC,2023
"539281,0",2023-07-30,domingo,18:50:00,SC,101,"320,9",PESCARIA BRAVA,Demais falhas mecânicas ou elétricas,Tombamento,Com Vítimas Feridas,Plena Noite,Decrescente,Céu Claro,Dupla,Reta,Não,2,0,1,0,1,0,1,1,-28.42800492,-48.88171497,SPRF-SC,DEL02-SC,UOP01-DEL02-SC,2023
"539282,0",2023-07-30,domingo,21:30:00,SC,280,"75,0",JARAGUA DO SUL,Transitar na contramão,Colisão lateral sentido oposto,Sem Vítimas,Plena Noite,Crescente,Céu Claro,Simples,Curva,Não,3,0,0,0,3,0,0,3,-26.456725,-49.185733,SPRF-SC,DEL03-SC,UOP03-DEL03-SC,2023
"539304,0",2023-07-31,segunda-feira,02:00:00,SC,101,"331,5",TUBARAO,Ausência de reação do condutor,Saída de leito carroçável,Sem Vítimas,Plena Noite,Crescente,Céu Claro,Múltipla,Reta,Não,1,0,0,0,0,1,0,1,-28.45567521,-48.9812689,SPRF-SC,DEL02-SC,UOP01-DEL02-SC,2023
"539311,0",2023-07-30,domingo,23:10:00,SC,101,"17,5",JOINVILLE,Reação tardia ou ineficiente do condutor,Colisão traseira,Com Vítimas Feridas,Plena Noite,Decrescente,Céu Claro,Dupla,Reta,Não,4,0,1,1,1,1,2,3,-26.12141519,-48.88262078,SPRF-SC,DEL03-SC,UOP01-DEL03-SC,2023
"539333,0",2023-07-31,segunda-feira,07:50:00,SC,101,"201,0",SAO JOSE,Manobra de mudança de faixa,Colisão lateral mesmo sentido,Com Vítimas Feridas,Pleno dia,Crescente,Céu Claro,Dupla,Reta,Sim,3,0,2,0,1,0,2,2,-27.54836599,-48.61977975,SPRF-SC,DEL01-SC,UOP01-DEL01-SC,2023