id,data_inversa,dia_semana,horario,uf,br,km,municipio,causa_acidente,tipo_acidente,classificacao_acidente,fase_dia,sentido_via,condicao_metereologica,tipo_pista,tracado_via,uso_solo,pessoas,mortos,feridos_leves,feridos_graves,ilesos,ignorados,feridos,veiculos,latitude,longitude,regional,delegacia,uop,ano_arquivo
"539346,0",2023-07-31,segunda-feira,05:00:00,SC,101,"133,6",BALNEARIO CAMBORIU,Reação tardia ou ineficiente do condutor,Colisão com objeto,Sem Vítimas,Plena Noite,Crescente,Céu Claro,Simples,Reta,Sim,1,0,0,0,0,1,0,1,-26.99936,-48.64609,SPRF-SC,DEL04-SC,UOP03-DEL04-SC,2023
"539359,0",2023-07-29,sábado,23:00:00,SC,280,"24,0",ARAQUARI,Acessar a via sem observar a presença dos outros veículos,Colisão transversal,Com Vítimas Feridas,Plena Noite,Crescente,Céu Claro,Simples,Reta,Sim,2,0,1,0,1,0,1,2,-26.37724921,-48.71953282,SPRF-SC,DEL03-SC,UOP03-DEL03-SC,2023
"539380,0",2023-07-31,segunda-feira,11:45:00,SC,101,"426,1",SOMBRIO,Demais falhas mecânicas ou elétricas,Tombamento,Com Vítimas Feridas,Pleno dia,Decrescente,Céu Claro,Múltipla,Reta,Não,2,0,2,0,0,0,2,1,-29.03606014,-49.608078,SPRF-SC,DEL02-SC,UOP02-DEL02-SC,2023
"539381,0",2023-07-31,segunda-feira,10:40:00,SC,163,"69,0",SAO MIGUEL DO OESTE,Acessar a via sem observar a presença dos outros veículos,Colisão transversal,Com Vítimas Feridas,Pleno dia,Decrescente,Céu Claro,Dupla,Declive;Interseção de Vias;Em Obras;Reta,Sim,2,0,1,0,1,0,1,2,-26.7402449,-53.5012722,SPRF-SC,DEL07-SC,UOP03-DEL07-SC,2023
"539383,0",2023-07-31,segunda-feira,11:27:00,SC,101,"207,9",SAO JOSE,Condutor deixou de manter distância do veículo da frente,Colisão traseira,Com Vítimas Feridas,Pleno dia,Decrescente,Céu Claro,Múltipla,Reta;Declive,Sim,2,0,2,0,0,0,2,2,-27.60001226,-48.6226467,SPRF-SC,DEL01-SC,UOP01-DEL01-SC,2023
"539384,0",2023-07-31,segunda-feira,11:25:00,SC,101,"148,9",ITAPEMA,Condutor deixou de manter distância do veículo da frente,Colisão lateral mesmo sentido,Com Vítimas Feridas,Pleno dia,Crescente,Céu Claro,Múltipla,Interseção de Vias,Sim,2,0,1,0,1,0,1,2,-27.10123686,-48.61807962,SPRF-SC,DEL04-SC,UOP03-DEL04-SC,2023
"539406,0",2023-07-31,segunda-feira,12:45:00,SC,101,"204,1",SAO JOSE,Reação tardia ou ineficiente do condutor,Atropelamento de Pedestre,Com Vítimas Feridas,Pleno dia,Crescente,Céu Claro,Dupla,Interseção de Vias;Reta,Sim,2,0,1,0,1,0,1,2,-27.57413014,-48.61363083,SPRF-SC,DEL01-SC,UOP01-DEL01-SC,2023
"539433,0",2023-07-31,segunda-feira,16:45:00,SC,282,"3,4",FLORIANOPOLIS,Condutor deixou de manter distância do veículo da frente,Colisão traseira,Com Vítimas Feridas,Pleno dia,Crescente,Céu Claro,Dupla,Reta,Não,2,0,1,0,1,0,1,2,-27.600384,-48.599705,SPRF-SC,DEL01-SC,UOP01-DEL01-SC,2023
"539434,0",2023-07-31,segunda-feira,17:00:00,SC,470,"66,9",INDAIAL,Ausência de reação do condutor,Colisão transversal,Com Vítimas Feridas,Pleno dia,Crescente,Céu Claro,Simples,Em Obras;Reta,Não,3,0,2,0,1,0,2,2,-26.87132003,-49.23004746,SPRF-SC,DEL04-SC,UOP01-DEL04-SC,2023
"539441,0",2023-07-31,segunda-feira,17:30:00,SC,101,"204,9",SAO JOSE,Manobra de mudança de faixa,Colisão lateral mesmo sentido,Com Vítimas Feridas,Anoitecer,Crescente,Céu Claro,Múltipla,Reta,Sim,2,0,1,0,1,0,1,2,-27.5824512,-48.61508131,SPRF-SC,DEL01-SC,UOP01-DEL01-SC,2023
"539474,0",2023-07-31,segunda-feira,18:15:00,SC,101,"124,0",ITAJAI,Entrada inopinada do pedestre,Atropelamento de Pedestre,Com Vítimas Feridas,Plena Noite,Crescente,Céu Claro,Dupla,Reta,Sim,2,0,2,0,0,0,2,2,-26.94335064,-48.69198648,SPRF-SC,DEL04-SC,UOP04-DEL04-SC,2023
"539479,0",2023-06-23,sexta-feira,09:15:00,SC,101,"132,0",BALNEARIO CAMBORIU,Ausência de reação do condutor,Tombamento,Com Vítimas Feridas,Pleno dia,Crescente,Céu Claro,Dupla,Reta,Sim,1,0,1,0,0,0,1,1,-26.99654133,-48.65564711,SPRF-SC,DEL04-SC,UOP03-DEL04-SC,2023
"539503,0",2023-08-01,terça-feira,00:05:00,SC,101,"170,9",TIJUCAS,Velocidade Incompatível,Tombamento,Com Vítimas Feridas,Plena Noite,Crescente,Nevoeiro/Neblina,Dupla,Reta;Interseção de Vias,Não,2,0,1,0,1,0,1,1,-27.29669601,-48.63147594,SPRF-SC,DEL04-SC,UOP03-DEL04-SC,2023
"539534,0",2023-08-01,terça-feira,07:20:00,SC,101,"121,0",ITAJAI,Manobra de mudança de faixa,Colisão lateral mesmo sentido,Com Vítimas Feridas,Pleno dia,Decrescente,Nublado,Dupla,Reta,Não,2,0,1,0,1,0,1,2,-26.92103178,-48.70856446,SPRF-SC,DEL04-SC,UOP04-DEL04-SC,2023
"539561,0",2023-08-01,terça-feira,07:35:00,SC,116,"164,9",PONTE ALTA DO NORTE,Velocidade Incompatível,Saída de leito carroçável,Com Vítimas Feridas,Pleno dia,Crescente,Nevoeiro/Neblina,Simples,Reta,Não,7,0,2,0,5,0,2,1,-27.149315,-50.460779,SPRF-SC,DEL05-SC,UOP03-DEL05-SC,2023
"539573,0",2023-08-01,terça-feira,05:20:00,SC,282,"536,3",CHAPECO,Acumulo de areia ou detritos sobre o pavimento,Tombamento,Com Vítimas Feridas,Amanhecer,Decrescente,Céu Claro,Simples,Interseção de Vias;Rotatória,Sim,1,0,1,0,0,0,1,1,-27.000677,-52.653439,SPRF-SC,DEL07-SC,UOP01-DEL07-SC,2023
"539577,0",2023-08-01,terça-feira,10:15:00,SC,101,"214,6",PALHOCA,Transitar na contramão,Colisão frontal,Com Vítimas Feridas,Pleno dia,Decrescente,Céu Claro,Simples,Reta;Viaduto,Sim,2,0,0,1,1,0,1,2,-27.64717245,-48.67245913,SPRF-SC,DEL01-SC,UOP02-DEL01-SC,2023
"539582,0",2023-08-01,terça-feira,07:10:00,SC,101,"316,4",LAGUNA,Manobra de mudança de faixa,Colisão traseira,Com Vítimas Fatais,Pleno dia,Crescente,Céu Claro,Múltipla,Reta,Não,3,1,0,1,0,1,1,2,-28.4266077,-48.8629527,SPRF-SC,DEL02-SC,UOP01-DEL02-SC,2023
"539588,0",2023-08-01,terça-feira,10:45:00,SC,101,"400,2",MARACAJA,Acessar a via sem observar a presença dos outros veículos,Colisão transversal,Sem Vítimas,Pleno dia,Crescente,Céu Claro,Simples,Reta,Não,3,0,0,0,3,0,0,2,-28.86809955,-49.44996715,SPRF-SC,DEL02-SC,UOP02-DEL02-SC,2023
"539594,0",2023-08-01,terça-feira,12:40:00,SC,101,"198,2",BIGUACU,Reação tardia ou ineficiente do condutor,Colisão traseira,Com Vítimas Feridas,Pleno dia,Decrescente,Céu Claro,Dupla,Reta,Sim,2,0,1,0,1,0,1,2,-27.52658712,-48.63506019,SPRF-SC,DEL01-SC,UOP01-DEL01-SC,2023
"539617,0",2023-08-01,terça-feira,07:30:00,SC,101,"253,5",PAULO LOPES,Condutor Dormindo,Saída de leito carroçável,Com Vítimas Feridas,Pleno dia,Crescente,Céu Claro,Múltipla,Reta,Sim,2,0,0,1,1,0,1,1,-27.97368802,-48.67940247,SPRF-SC,DEL02-SC,UOP03-DEL02-SC,2023
"539619,0",2023-08-01,terça-feira,13:45:00,SC,470,"54,0",BLUMENAU,Acessar a via sem observar a presença dos outros veículos,Colisão transversal,Com Vítimas Feridas,Pleno dia,Crescente,Sol,Simples,Reta,Sim,2,0,1,0,1,0,1,2,-26.871065,-49.110374,SPRF-SC,DEL04-SC,UOP01-DEL04-SC,2023
"539628,0",2023-08-01,terça-feira,15:15:00,SC,101,"193,2",BIGUACU,Acumulo de óleo sobre o pavimento,Tombamento,Com Vítimas Feridas,Pleno dia,Decrescente,Céu Claro,Dupla,Reta,Sim,1,0,1,0,0,0,1,1,-27.489574,-48.655914,SPRF-SC,DEL01-SC,UOP01-DEL01-SC,2023
"539640,0",2023-08-01,terça-feira,14:50:00,SC,282,"600,0",CUNHA PORA,Acesso irregular,Colisão traseira,Com Vítimas Feridas,Pleno dia,Decrescente,Céu Claro,Simples,Curva,Não,5,0,2,0,3,0,2,2,-26.816374,-53.163918,SPRF-SC,DEL07-SC,UOP02-DEL07-SC,2023
"539680,0",2023-08-01,terça-feira,18:40:00,SC,101,"43,6",JOINVILLE,Acessar a via sem observar a presença dos outros veículos,Colisão transversal,Com Vítimas Feridas,Anoitecer,Crescente,Céu Claro,Simples,Reta,Sim,2,0,1,0,1,0,1,2,-26.33581655,-48.86008501,SPRF-SC,DEL03-SC,UOP01-DEL03-SC,2023
"539686,0",2023-08-01,terça-feira,20:10:00,SC,101,"164,0",TIJUCAS,Curva acentuada,Colisão com objeto,Com Vítimas Feridas,Plena Noite,Decrescente,Céu Claro,Dupla,Curva,Sim,1,0,1,0,0,0,1,1,-27.243868,-48.6309,SPRF-SC,DEL04-SC,UOP03-DEL04-SC,2023
"539691,0",2023-08-01,terça-feira,20:05:00,SC,101,"210,8",PALHOCA,Reação tardia ou ineficiente do condutor,Colisão traseira,Com Vítimas Feridas,Plena Noite,Crescente,Céu Claro,Múltipla,Reta,Sim,2,0,0,1,1,0,1,2,-27.62301103,-48.6520797,SPRF-SC,DEL01-SC,UOP01-DEL01-SC,2023
"539700,0",2023-08-01,terça-feira,23:45:00,SC,101,"113,0",ITAJAI,Ausência de reação do condutor,Tombamento,Com Vítimas Feridas,Plena Noite,Crescente,Nevoeiro/Neblina,Múltipla,Reta,Não,1,0,1,0,0,0,1,1,-26.85311393,-48.72689927,SPRF-SC,DEL04-SC,UOP04-DEL04-SC,2023
"539711,0",2023-08-02,quarta-feira,06:45:00,SC,101,"205,0",SAO JOSE,Manobra de mudança de faixa,Colisão traseira,Com Vítimas Feridas,Amanhecer,Decrescente,Céu Claro,Múltipla,Reta,Sim,3,0,3,0,0,0,3,2,-27.58313237,-48.61532885,SPRF-SC,DEL01-SC,UOP01-DEL01-SC,2023
"539716,0",2023-08-02,quarta-feira,07:40:00,SC,101,"200,8",SAO JOSE,Manobra de mudança de faixa,Colisão lateral mesmo sentido,Com Vítimas Feridas,Pleno dia,Crescente,Sol,Múltipla,Reta,Sim,2,0,1,0,1,0,1,2,-27.54018513,-48.62287714,SPRF-SC,DEL01-SC,UOP01-DEL01-SC,2023
"539738,0",2023-08-02,quarta-feira,08:05:00,SC,101,"156,9",PORTO BELO,Frear bruscamente,Tombamento,Com Vítimas Feridas,Pleno dia,Crescente,Céu Claro,Dupla,Reta,Não,1,0,1,0,0,0,1,1,-27.172272,-48.61170204,SPRF-SC,DEL04-SC,UOP03-DEL04-SC,2023
"539749,0",2023-08-02,quarta-feira,09:30:00,SC,470,"59,0",BLUMENAU,Reação tardia ou ineficiente do condutor,Colisão traseira,Com Vítimas Feridas,Pleno dia,Decrescente,Céu Claro,Simples,Curva,Sim,3,0,1,0,2,0,1,2,-26.882812,-49.1548,SPRF-SC,DEL04-SC,UOP01-DEL04-SC,2023
"539761,0",2023-08-02,quarta-feira,11:00:00,SC,282,"2,7",FLORIANOPOLIS,Mal súbito do condutor,Colisão com objeto,Com Vítimas Fatais,Pleno dia,Decrescente,Sol,Dupla,Curva,Sim,3,1,0,0,1,1,0,3,-27.6020549,-48.5968078,SPRF-SC,DEL01-SC,UOP01-DEL01-SC,2023
"539768,0",2023-08-02,quarta-feira,13:10:00,SC,282,"18,5",PALHOCA,Acesso irregular,Colisão traseira,Com Vítimas Feridas,Pleno dia,Decrescente,Céu Claro,Simples,Viaduto;Reta,Não,2,0,1,0,1,0,1,2,-27.672798,-48.694286,SPRF-SC,DEL01-SC,UOP02-DEL01-SC,2023
"539769,0",2023-08-02,quarta-feira,12:45:00,SC,280,"46,3",GUARAMIRIM,Condutor deixou de manter distância do veículo da frente,Colisão lateral mesmo sentido,Com Vítimas Feridas,Pleno dia,Crescente,Céu Claro,Simples,Reta,Não,2,0,1,0,1,0,1,2,-26.45295055,-48.90788103,SPRF-SC,DEL03-SC,UOP03-DEL03-SC,2023
"539790,0",2023-08-02,quarta-feira,07:15:00,SC,163,"68,8",SAO MIGUEL DO OESTE,Acessar a via sem observar a presença dos outros veículos,Colisão transversal,Com Vítimas Feridas,Pleno dia,Decrescente,Sol,Dupla,Aclive;Reta,Sim,2,0,1,0,1,0,1,2,-26.75038301,-53.50086841,SPRF-SC,DEL07-SC,UOP03-DEL07-SC,2023
"539831,0",2023-08-02,quarta-feira,17:00:00,SC,280,"67,6",JARAGUA DO SUL,Entrada inopinada do pedestre,Atropelamento de Pedestre,Com Vítimas Feridas,Anoitecer,Crescente,Nublado,Simples,Reta,Não,3,0,2,0,1,0,2,3,-26.4775146,-49.10363575,SPRF-SC,DEL03-SC,UOP03-DEL03-SC,2023
"539847,0",2023-08-02,quarta-feira,19:50:00,SC,470,"58,0",BLUMENAU,Condutor Dormindo,Colisão lateral sentido oposto,Com Vítimas Feridas,Plena Noite,Crescente,Céu Claro,Simples,Em Obras,Não,2,0,0,1,1,0,1,2,-26.88029669,-49.13639545,SPRF-SC,DEL04-SC,UOP01-DEL04-SC,2023
"539850,0",2023-08-02,quarta-feira,18:40:00,SC,101,"120,0",ITAJAI,Transitar no Acostamento,Colisão traseira,Com Vítimas Feridas,Plena Noite,Crescente,Céu Claro,Dupla,Reta,Não,2,0,0,1,0,1,1,2,-26.912758,-48.711998,SPRF-SC,DEL04-SC,UOP04-DEL04-SC,2023
"539867,0",2023-08-02,quarta-feira,18:00:00,SC,280,"11,8",SAO FRANCISCO DO SUL,Reação tardia ou ineficiente do condutor,Colisão lateral mesmo sentido,Com Vítimas Feridas,Plena Noite,Crescente,Céu Claro,Simples,Reta,Não,2,0,0,1,1,0,1,2,-26.304752,-48.641014,SPRF-SC,DEL03-SC,UOP03-DEL03-SC,2023
"539869,0",2023-08-02,quarta-feira,18:30:00,SC,101,"416,7",ARARANGUA,Ausência de reação do condutor,Colisão transversal,Com Vítimas Feridas,Plena Noite,Crescente,Céu Claro,Múltipla,Reta,Não,2,0,1,0,1,0,1,2,-28.96708874,-49.52338825,SPRF-SC,DEL02-SC,UOP02-DEL02-SC,2023
"539879,0",2023-08-02,quarta-feira,23:40:00,SC,282,"218,2",LAGES,Ingestão de álcool pelo condutor,Saída de leito carroçável,Com Vítimas Feridas,Plena Noite,Decrescente,Céu Claro,Simples,Rotatória,Sim,2,0,1,1,0,0,2,1,-27.7978082,-50.31139216,SPRF-SC,DEL05-SC,UOP01-DEL05-SC,2023
"539898,0",2023-08-03,quinta-feira,06:30:00,SC,282,"18,2",PALHOCA,Ausência de reação do condutor,Colisão com objeto,Com Vítimas Feridas,Amanhecer,Crescente,Céu Claro,Simples,Desvio Temporário;Curva;Em Obras,Sim,1,0,1,0,0,0,1,1,-27.672798,-48.694286,SPRF-SC,DEL01-SC,UOP02-DEL01-SC,2023
"539935,0",2023-08-03,quinta-feira,09:40:00,SC,101,"205,1",SAO JOSE,Reação tardia ou ineficiente do condutor,Engavetamento,Com Vítimas Feridas,Pleno dia,Crescente,Céu Claro,Dupla,Reta,Sim,4,0,1,0,3,0,1,3,-27.58313237,-48.61532885,SPRF-SC,DEL01-SC,UOP01-DEL01-SC,2023
"539971,0",2023-08-03,quinta-feira,12:40:00,SC,282,"433,8",VARGEM BONITA,Acessar a via sem observar a presença dos outros veículos,Colisão transversal,Com Vítimas Feridas,Pleno dia,Crescente,Céu Claro,Simples,Reta,Não,4,0,3,0,1,0,3,2,-26.977535,-51.823674,SPRF-SC,DEL07-SC,UOP04-DEL07-SC,2023
"539974,0",2023-08-03,quinta-feira,13:00:00,SC,280,"21,0",ARAQUARI,Acessar a via sem observar a presença dos outros veículos,Colisão transversal,Com Vítimas Feridas,Pleno dia,Decrescente,Sol,Simples,Interseção de Vias,Sim,4,0,2,1,1,0,3,2,-26.37043169,-48.69219602,SPRF-SC,DEL03-SC,UOP03-DEL03-SC,2023
"539985,0",2023-08-03,quinta-feira,15:00:00,SC,280,"127,0",RIO NEGRINHO,Acessar a via sem observar a presença dos outros veículos,Colisão transversal,Com Vítimas Feridas,Pleno dia,Crescente,Céu Claro,Simples,Reta,Sim,2,0,1,0,1,0,1,2,-26.23943953,-49.50420708,SPRF-SC,DEL06-SC,UOP03-DEL06-SC,2023
"540009,0",2023-08-03,quinta-feira,17:20:00,SC,101,"135,1",BALNEARIO CAMBORIU,Acessar a via sem observar a presença dos outros veículos,Colisão transversal,Com Vítimas Feridas,Anoitecer,Decrescente,Céu Claro,Múltipla,Interseção de Vias;Reta,Sim,2,0,1,0,1,0,1,2,-27.00478614,-48.62635732,SPRF-SC,DEL04-SC,UOP03-DEL04-SC,2023
"540030,0",2023-08-03,quinta-feira,17:30:00,SC,470,"100,0",APIUNA,Acessar a via sem observar a presença dos outros veículos,Colisão transversal,Com Vítimas Feridas,Pleno dia,Crescente,Nublado,Simples,Interseção de Vias;Reta,Sim,2,0,1,0,1,0,1,2,-27.045143,-49.394142,SPRF-SC,DEL04-SC,UOP02-DEL04-SC,2023
"540038,0",2023-08-03,quinta-feira,20:00:00,SC,101,"201,0",SAO JOSE,Manobra de mudança de faixa,Tombamento,Com Vítimas Feridas,Plena Noite,Crescente,Céu Claro,Dupla,Reta,Sim,4,0,1,0,2,1,1,3,-27.54836599,-48.61977975,SPRF-SC,DEL01-SC,UOP01-DEL01-SC,2023
"540058,0",2023-08-03,quinta-feira,22:30:00,SC,282,"2,3",FLORIANOPOLIS,Frear bruscamente,Colisão traseira,Com Vítimas Feridas,Plena Noite,Crescente,Céu Claro,Múltipla,Reta,Sim,2,0,1,0,1,0,1,2,-27.603289,-48.590416,SPRF-SC,DEL01-SC,UOP01-DEL01-SC,2023
"540067,0",2023-08-03,quinta-feira,23:20:00,SC,470,"71,0",INDAIAL,Ausência de reação do condutor,Tombamento,Com Vítimas Feridas,Plena Noite,Decrescente,Céu Claro,Dupla,Reta,Sim,1,0,1,0,0,0,1,1,-26.895243,-49.262104,SPRF-SC,DEL04-SC,UOP01-DEL04-SC,2023
"540069,0",2023-08-04,sexta-feira,00:15:00,SC,101,"161,0",TIJUCAS,Demais falhas mecânicas ou elétricas,Queda de ocupante de veículo,Com Vítimas Feridas,Plena Noite,Decrescente,Nublado,Múltipla,Reta,Sim,2,0,0,2,0,0,2,1,-27.21673911,-48.6244238,SPRF-SC,DEL04-SC,UOP03-DEL04-SC,2023
"540075,0",2023-08-04,sexta-feira,00:05:00,SC,470,"24,9",ILHOTA,Velocidade Incompatível,Saída de leito carroçável,Com Vítimas Feridas,Plena Noite,Decrescente,Nublado,Dupla,Reta,Não,1,0,0,1,0,0,1,1,-26.881754,-48.856251,SPRF-SC,DEL04-SC,UOP04-DEL04-SC,2023
"540077,0",2023-08-04,sexta-feira,03:30:00,SC,470,"113,0",IBIRAMA,Acessar a via sem observar a presença dos outros veículos,Colisão traseira,Com Vítimas Feridas,Plena Noite,Decrescente,Nublado,Simples,Curva,Sim,6,0,2,0,4,0,2,2,-27.091105,-49.470123,SPRF-SC,DEL04-SC,UOP02-DEL04-SC,2023
"540097,0",2023-08-04,sexta-feira,06:45:00,SC,101,"441,0",SANTA ROSA DO SUL,Avarias e/ou desgaste excessivo no pneu,Tombamento,Com Vítimas Feridas,Amanhecer,Decrescente,Céu Claro,Múltipla,Reta;Aclive,Não,1,0,1,0,0,0,1,1,-29.1312336,-49.69232619,SPRF-SC,DEL02-SC,UOP02-DEL02-SC,2023
"540109,0",2023-07-11,terça-feira,20:20:00,SC,101,"203,0",SAO JOSE,Ausência de reação do condutor,Colisão traseira,Com Vítimas Feridas,Plena Noite,Decrescente,Nublado,Dupla,Reta,Não,1,0,0,1,0,0,1,1,-27.5650044,-48.61460082,SPRF-SC,DEL01-SC,UOP01-DEL01-SC,2023
"540132,0",2023-08-04,sexta-feira,08:45:00,SC,101,"208,0",SAO JOSE,Manobra de mudança de faixa,Colisão traseira,Com Vítimas Feridas,Pleno dia,Decrescente,Céu Claro,Dupla,Reta,Sim,2,0,1,0,1,0,1,2,-27.60327979,-48.63201818,SPRF-SC,DEL01-SC,UOP01-DEL01-SC,2023
"540159,0",2023-08-04,sexta-feira,13:00:00,SC,282,"16,0",PALHOCA,Manobra de mudança de faixa,Colisão lateral mesmo sentido,Com Vítimas Feridas,Pleno dia,Crescente,Céu Claro,Múltipla,Rotatória,Não,3,0,2,0,0,1,2,2,-27.658611,-48.681847,SPRF-SC,DEL01-SC,UOP02-DEL01-SC,2023
"540206,0",2023-08-04,sexta-feira,17:12:00,SC,282,"16,4",PALHOCA,Trafegar com motocicleta (ou similar) entre as faixas,Colisão transversal,Com Vítimas Feridas,Pleno dia,Decrescente,Sol,Simples,Retorno Regulamentado;Interseção de Vias;Reta,Sim,3,0,1,0,2,0,1,3,-27.658611,-48.681847,SPRF-SC,DEL01-SC,UOP02-DEL01-SC,2023
"540209,0",2023-08-04,sexta-feira,17:25:00,SC,101,"142,8",ITAPEMA,Reação tardia ou ineficiente do condutor,Colisão traseira,Sem Vítimas,Pleno dia,Crescente,Nublado,Múltipla,Reta,Sim,3,0,0,0,3,0,0,3,-27.056089,-48.599449,SPRF-SC,DEL04-SC,UOP03-DEL04-SC,2023
"540237,0",2023-08-04,sexta-feira,17:20:00,SC,470,"140,0",RIO DO SUL,Reação tardia ou ineficiente do condutor,Engavetamento,Com Vítimas Feridas,Pleno dia,Crescente,Nublado,Simples,Reta,Sim,3,0,1,0,2,0,1,3,-27.205016,-49.642132,SPRF-SC,DEL04-SC,UOP02-DEL04-SC,2023
"540245,0",2023-08-04,sexta-feira,18:55:00,SC,101,"116,0",ITAJAI,Acessar a via sem observar a presença dos outros veículos,Colisão lateral mesmo sentido,Com Vítimas Feridas,Plena Noite,Crescente,Céu Claro,Dupla,Reta,Não,2,0,1,0,1,0,1,2,-26.87905605,-48.72603512,SPRF-SC,DEL04-SC,UOP04-DEL04-SC,2023
"540253,0",2023-08-04,sexta-feira,18:15:00,SC,101,"115,0",ITAJAI,Acessar a via sem observar a presença dos outros veículos,Colisão lateral mesmo sentido,Sem Vítimas,Plena Noite,Decrescente,Céu Claro,Dupla,Reta,Sim,2,0,0,0,2,0,0,2,-26.87064015,-48.72954134,SPRF-SC,DEL04-SC,UOP04-DEL04-SC,2023
"540261,0",2023-08-04,sexta-feira,20:27:00,SC,282,"627,4",IRACEMINHA,Condutor deixou de manter distância do veículo da frente,Colisão traseira,Com Vítimas Feridas,Plena Noite,Decrescente,Céu Claro,Simples,Curva;Aclive,Não,5,0,1,0,4,0,1,2,-26.815043,-53.361762,SPRF-SC,DEL07-SC,UOP02-DEL07-SC,2023
"540263,0",2023-08-04,sexta-feira,23:20:00,SC,282,"18,9",PALHOCA,Transitar na contramão,Colisão com objeto,Sem Vítimas,Plena Noite,Decrescente,Céu Claro,Simples,Em Obras;Reta,Não,1,0,0,0,0,1,0,1,-27.672798,-48.694286,SPRF-SC,DEL01-SC,UOP02-DEL01-SC,2023
"540272,0",2023-08-05,sábado,00:50:00,SC,101,"214,3",PALHOCA,Desrespeitar a preferência no cruzamento,Colisão transversal,Sem Vítimas,Plena Noite,Decrescente,Céu Claro,Múltipla,Retorno Regulamentado;Interseção de Vias;Viaduto;Reta,Sim,2,0,0,0,2,0,0,2,-27.64443,-48.67057,SPRF-SC,DEL01-SC,UOP02-DEL01-SC,2023
"540282,0",2023-08-05,sábado,01:35:00,SC,101,"145,3",ITAPEMA,Ingestão de álcool pelo condutor,Colisão traseira,Com Vítimas Feridas,Plena Noite,Decrescente,Céu Claro,Múltipla,Reta;Aclive,Não,2,0,1,0,1,0,1,2,-27.08139206,-48.60130993,SPRF-SC,DEL04-SC,UOP03-DEL04-SC,2023
"540287,0",2023-08-05,sábado,01:40:00,SC,101,"216,5",PALHOCA,Pista Escorregadia,Tombamento,Com Vítimas Feridas,Plena Noite,Decrescente,Céu Claro,Múltipla,Viaduto,Sim,1,0,1,0,0,0,1,1,-27.65981409,-48.67747798,SPRF-SC,DEL01-SC,UOP02-DEL01-SC,2023
"540308,0",2023-08-05,sábado,01:00:00,SC,282,"504,8",XANXERE,Ingestão de álcool ou de substâncias psicoativas pelo pedestre,Atropelamento de Pedestre,Com Vítimas Feridas,Plena Noite,Crescente,Céu Claro,Dupla,Reta;Viaduto,Sim,2,0,1,1,0,0,2,2,-26.884279,-52.408466,SPRF-SC,DEL07-SC,UOP01-DEL07-SC,2023
"540313,0",2023-08-05,sábado,07:00:00,SC,101,"203,2",SAO JOSE,Ausência de reação do condutor,Colisão com objeto,Com Vítimas Feridas,Pleno dia,Decrescente,Céu Claro,Simples,Curva,Sim,2,0,1,0,1,0,1,1,-27.5650044,-48.61460082,SPRF-SC,DEL01-SC,UOP01-DEL01-SC,2023
"540316,0",2023-08-05,sábado,04:50:00,SC,101,"75,0",ARAQUARI,Ausência de reação do condutor,Colisão com objeto,Com Vítimas Feridas,Plena Noite,Crescente,Nublado,Múltipla,Curva,Sim,1,0,1,0,0,0,1,1,-26.55502606,-48.72013271,SPRF-SC,DEL03-SC,UOP02-DEL03-SC,2023
"540322,0",2023-08-05,sábado,06:50:00,SC,101,"112,0",ITAJAI,Ausência de reação do condutor,Saída de leito carroçável,Com Vítimas Feridas,Amanhecer,Crescente,Céu Claro,Dupla,Curva,Não,2,0,1,1,0,0,2,1,-26.84589005,-48.72131295,SPRF-SC,DEL04-SC,UOP04-DEL04-SC,2023
"540324,0",2023-08-05,sábado,07:25:00,SC,101,"131,5",BALNEARIO CAMBORIU,Reação tardia ou ineficiente do condutor,Tombamento,Com Vítimas Feridas,Pleno dia,Crescente,Céu Claro,Dupla,Reta,Sim,2,0,2,0,0,0,2,1,-26.99064209,-48.66310912,SPRF-SC,DEL04-SC,UOP03-DEL04-SC,2023
"540327,0",2023-08-05,sábado,06:40:00,SC,280,"54,7",GUARAMIRIM,Reação tardia ou ineficiente do condutor,Colisão traseira,Com Vítimas Feridas,Amanhecer,Decrescente,Céu Claro,Dupla,Reta,Sim,5,0,2,1,1,1,3,3,-26.47539893,-48.983748,SPRF-SC,DEL03-SC,UOP03-DEL03-SC,2023
"540342,0",2023-06-22,quinta-feira,18:10:00,SC,101,"238,0",PALHOCA,Objeto estático sobre o leito carroçável,Colisão com objeto,Com Vítimas Feridas,Anoitecer,Crescente,Ignorado,Dupla,Reta,Não,1,0,1,0,0,0,1,1,-27.84293889,-48.63471922,SPRF-SC,DEL01-SC,UOP02-DEL01-SC,2023
"540359,0",2023-08-05,sábado,09:55:00,SC,101,"438,7",SOMBRIO,Ausência de reação do condutor,Saída de leito carroçável,Com Vítimas Feridas,Pleno dia,Crescente,Nublado,Dupla,Reta,Não,1,0,1,0,0,0,1,1,-29.11643738,-49.6399641,SPRF-SC,DEL02-SC,UOP02-DEL02-SC,2023
"540375,0",2023-08-05,sábado,13:03:00,SC,470,"0,0",GASPAR,Ultrapassagem Indevida,Colisão lateral mesmo sentido,Com Vítimas Feridas,Pleno dia,Crescente,Céu Claro,Simples,Reta,Não,2,0,0,1,1,0,1,2,-26.9198697,-48.959198,SPRF-SC,DEL04-SC,UOP01-DEL04-SC,2023