id,data_inversa,dia_semana,horario,uf,br,km,municipio,causa_acidente,tipo_acidente,classificacao_acidente,fase_dia,sentido_via,condicao_metereologica,tipo_pista,tracado_via,uso_solo,pessoas,mortos,feridos_leves,feridos_graves,ilesos,ignorados,feridos,veiculos,latitude,longitude,regional,delegacia,uop,ano_arquivo
"540388,0",2023-08-05,sábado,13:40:00,SC,101,"130,0",BALNEARIO CAMBORIU,Transitar na contramão,Colisão frontal,Com Vítimas Feridas,Pleno dia,Decrescente,Céu Claro,Múltipla,Curva,Sim,2,0,0,1,1,0,1,2,-26.98407618,-48.66977107,SPRF-SC,DEL04-SC,UOP03-DEL04-SC,2023
"540393,0",2023-08-05,sábado,14:00:00,SC,101,"20,0",JOINVILLE,Ingestão de álcool pelo condutor,Capotamento,Com Vítimas Feridas,Pleno dia,Decrescente,Céu Claro,Dupla,Declive;Viaduto;Reta,Não,2,0,1,0,0,1,1,1,-26.14159852,-48.90331149,SPRF-SC,DEL03-SC,UOP01-DEL03-SC,2023
"540397,0",2023-08-05,sábado,15:10:00,SC,470,"43,0",GASPAR,Condutor deixou de manter distância do veículo da frente,Colisão traseira,Com Vítimas Feridas,Pleno dia,Crescente,Sol,Dupla,Reta;Aclive,Não,2,0,1,0,1,0,1,2,-26.874519,-49.013454,SPRF-SC,DEL04-SC,UOP01-DEL04-SC,2023
"540429,0",2023-07-02,domingo,02:17:00,SC,470,"72,0",INDAIAL,Manobra de mudança de faixa,Capotamento,Com Vítimas Feridas,Plena Noite,Crescente,Ignorado,Simples,Reta,Não,1,0,0,1,0,0,1,1,-26.901979,-49.268745,SPRF-SC,DEL04-SC,UOP01-DEL04-SC,2023
"540443,0",2023-08-05,sábado,19:10:00,SC,470,"55,3",BLUMENAU,Conversão proibida,Colisão transversal,Com Vítimas Feridas,Plena Noite,Decrescente,Céu Claro,Simples,Reta;Interseção de Vias;Declive,Sim,3,0,1,1,1,0,2,2,-26.87643723,-49.12329739,SPRF-SC,DEL04-SC,UOP01-DEL04-SC,2023
"540446,0",2023-01-21,sábado,23:45:00,SC,470,"68,0",INDAIAL,Acessar a via sem observar a presença dos outros veículos,Colisão transversal,Com Vítimas Feridas,Plena Noite,Crescente,Chuva,Dupla,Desvio Temporário;Em Obras;Reta,Sim,3,0,1,1,0,1,2,2,-26.877615,-49.239231,SPRF-SC,DEL04-SC,UOP01-DEL04-SC,2023
"540482,0",2023-08-05,sábado,21:45:00,SC,280,"230,4",CANOINHAS,Reação tardia ou ineficiente do condutor,Saída de leito carroçável,Com Vítimas Feridas,Plena Noite,Crescente,Céu Claro,Simples,Reta;Aclive,Sim,2,0,1,0,1,0,1,1,-26.18756479,-50.36192211,SPRF-SC,DEL06-SC,UOP04-DEL06-SC,2023
"540484,0",2023-08-05,sábado,21:09:00,SC,280,"58,2",GUARAMIRIM,Reação tardia ou ineficiente do condutor,Colisão com objeto,Com Vítimas Fatais,Plena Noite,Crescente,Céu Claro,Dupla,Reta,Sim,1,1,0,0,0,0,0,1,-26.474474,-49.0263726,SPRF-SC,DEL03-SC,UOP03-DEL03-SC,2023
"540492,0",2023-08-05,sábado,23:25:00,SC,282,"68,4",RANCHO QUEIMADO,Velocidade Incompatível,Saída de leito carroçável,Com Vítimas Feridas,Plena Noite,Decrescente,Céu Claro,Simples,Curva,Não,2,0,1,1,0,0,2,1,-27.692406,-49.075939,SPRF-SC,DEL01-SC,UOP03-DEL01-SC,2023
"540493,0",2023-08-05,sábado,23:00:00,SC,101,"375,8",ICARA,Reação tardia ou ineficiente do condutor,Saída de leito carroçável,Com Vítimas Feridas,Plena Noite,Crescente,Céu Claro,Dupla,Reta,Não,3,0,2,0,1,0,2,1,-28.72014713,-49.23508784,SPRF-SC,DEL02-SC,UOP01-DEL02-SC,2023
"540498,0",2023-08-06,domingo,00:00:00,SC,101,"103,0",BALNEARIO PICARRAS,Condutor deixou de manter distância do veículo da frente,Capotamento,Com Vítimas Feridas,Plena Noite,Crescente,Nublado,Dupla,Curva,Não,3,0,2,0,1,0,2,1,-26.7832381,-48.68314632,SPRF-SC,DEL03-SC,UOP02-DEL03-SC,2023
"540519,0",2023-08-06,domingo,04:35:00,SC,101,"113,7",ITAJAI,Velocidade Incompatível,Saída de leito carroçável,Com Vítimas Fatais,Plena Noite,Crescente,Nublado,Múltipla,Reta,Sim,1,1,0,0,0,0,0,1,-26.8607778,-48.7282423,SPRF-SC,DEL04-SC,UOP04-DEL04-SC,2023
"540526,0",2023-08-06,domingo,04:30:00,SC,101,"332,0",TUBARAO,Ingestão de álcool pelo condutor,Colisão com objeto,Sem Vítimas,Plena Noite,Decrescente,Céu Claro,Simples,Interseção de Vias;Reta,Sim,1,0,0,0,1,0,0,1,-28.46016431,-48.98968873,SPRF-SC,DEL02-SC,UOP01-DEL02-SC,2023
"540529,0",2023-08-06,domingo,04:00:00,SC,116,"30,0",ITAIOPOLIS,Ingestão de álcool pelo condutor,Saída de leito carroçável,Com Vítimas Feridas,Plena Noite,Decrescente,Nublado,Simples,Declive;Reta,Não,2,0,2,0,0,0,2,1,-26.31187517,-49.96286886,SPRF-SC,DEL06-SC,UOP01-DEL06-SC,2023
"540537,0",2023-08-06,domingo,04:19:00,SC,282,"207,0",LAGES,Reação tardia ou ineficiente do condutor,Saída de leito carroçável,Sem Vítimas,Plena Noite,Decrescente,Nevoeiro/Neblina,Simples,Declive;Reta,Sim,2,0,0,0,0,2,0,1,-27.773464,-50.202095,SPRF-SC,DEL05-SC,UOP01-DEL05-SC,2023
"540545,0",2023-08-06,domingo,05:50:00,SC,101,"139,9",BALNEARIO CAMBORIU,Ausência de reação do condutor,Atropelamento de Pedestre,Com Vítimas Fatais,Plena Noite,Decrescente,Nublado,Simples,Reta,Não,4,1,0,1,0,2,1,3,-27.03863921,-48.60287189,SPRF-SC,DEL04-SC,UOP03-DEL04-SC,2023
"540556,0",2023-08-06,domingo,07:55:00,SC,101,"264,0",GAROPABA,Condutor deixou de manter distância do veículo da frente,Colisão traseira,Com Vítimas Feridas,Pleno dia,Crescente,Céu Claro,Dupla,Reta,Não,3,0,2,0,1,0,2,2,-28.05149404,-48.71632789,SPRF-SC,DEL02-SC,UOP03-DEL02-SC,2023
"540560,0",2023-08-06,domingo,06:00:00,SC,163,"105,9",SAO JOSE DO CEDRO,Reação tardia ou ineficiente do condutor,Colisão frontal,Com Vítimas Feridas,Amanhecer,Crescente,Céu Claro,Simples,Curva,Não,3,0,1,1,1,0,2,2,-26.4397975,-53.51534843,SPRF-SC,DEL07-SC,UOP03-DEL07-SC,2023
"540563,0",2023-08-06,domingo,07:00:00,SC,280,"284,0",IRINEOPOLIS,Ausência de reação do condutor,Saída de leito carroçável,Sem Vítimas,Pleno dia,Decrescente,Nevoeiro/Neblina,Simples,Declive,Não,2,0,0,0,2,0,0,1,-26.29310313,-50.86810503,SPRF-SC,DEL06-SC,UOP04-DEL06-SC,2023
"540578,0",2023-08-06,domingo,11:40:00,SC,470,"70,0",INDAIAL,Acessar a via sem observar a presença dos outros veículos,Colisão transversal,Com Vítimas Feridas,Pleno dia,Crescente,Sol,Simples,Reta;Em Obras,Não,6,0,5,0,1,0,5,2,-26.895243,-49.262104,SPRF-SC,DEL04-SC,UOP01-DEL04-SC,2023
"540594,0",2023-08-06,domingo,13:50:00,SC,470,"124,2",LONTRAS,Pista esburacada,Tombamento,Com Vítimas Feridas,Pleno dia,Crescente,Céu Claro,Simples,Reta,Não,1,0,1,0,0,0,1,1,-27.113192,-49.529163,SPRF-SC,DEL04-SC,UOP02-DEL04-SC,2023
"540595,0",2023-08-06,domingo,14:15:00,SC,470,"54,0",BLUMENAU,Condutor Dormindo,Colisão lateral sentido oposto,Com Vítimas Feridas,Pleno dia,Decrescente,Céu Claro,Simples,Reta,Não,8,0,4,0,4,0,4,3,-26.871065,-49.110374,SPRF-SC,DEL04-SC,UOP01-DEL04-SC,2023
"540625,0",2023-08-06,domingo,16:40:00,SC,101,"149,0",ITAPEMA,Ausência de reação do condutor,Engavetamento,Com Vítimas Feridas,Pleno dia,Crescente,Céu Claro,Múltipla,Reta,Sim,4,0,0,1,3,0,1,3,-27.1089649,-48.61277586,SPRF-SC,DEL04-SC,UOP03-DEL04-SC,2023
"540629,0",2023-08-06,domingo,16:00:00,SC,101,"310,8",LAGUNA,Ausência de reação do condutor,Colisão traseira,Sem Vítimas,Pleno dia,Crescente,Céu Claro,Dupla,Reta,Não,2,0,0,0,2,0,0,2,-28.43934589,-48.81190181,SPRF-SC,DEL02-SC,UOP01-DEL02-SC,2023
"540633,0",2023-08-06,domingo,17:30:00,SC,470,"65,0",INDAIAL,Ausência de reação do condutor,Colisão lateral mesmo sentido,Com Vítimas Feridas,Pleno dia,Decrescente,Céu Claro,Simples,Reta,Não,2,0,1,0,1,0,1,2,-26.870411,-49.211864,SPRF-SC,DEL04-SC,UOP01-DEL04-SC,2023
"540634,0",2023-08-06,domingo,11:50:00,SC,282,"441,0",PONTE SERRADA,Demais falhas mecânicas ou elétricas,Incêndio,Sem Vítimas,Pleno dia,Decrescente,Céu Claro,Dupla,Reta,Não,2,0,0,0,2,0,0,1,-26.92963,-51.87466,SPRF-SC,DEL07-SC,UOP04-DEL07-SC,2023
"540645,0",2023-08-06,domingo,19:15:00,SC,101,"221,5",PALHOCA,Manobra de mudança de faixa,Colisão lateral mesmo sentido,Com Vítimas Feridas,Plena Noite,Decrescente,Céu Claro,Dupla,Reta,Não,2,0,1,0,1,0,1,2,-27.70012652,-48.66021182,SPRF-SC,DEL01-SC,UOP02-DEL01-SC,2023
"540653,0",2023-08-06,domingo,17:30:00,SC,282,"641,3",DESCANSO,Velocidade Incompatível,Saída de leito carroçável,Com Vítimas Feridas,Pleno dia,Decrescente,Céu Claro,Simples,Declive;Curva,Não,1,0,0,1,0,0,1,1,-26.779949,-53.460857,SPRF-SC,DEL07-SC,UOP03-DEL07-SC,2023
"540663,0",2023-08-06,domingo,18:10:00,SC,101,"70,8",ARAQUARI,Pedestre cruzava a pista fora da faixa,Atropelamento de Pedestre,Com Vítimas Feridas,Plena Noite,Decrescente,Nublado,Dupla,Reta,Não,3,0,0,1,2,0,1,3,-26.51082007,-48.72345612,SPRF-SC,DEL03-SC,UOP02-DEL03-SC,2023
"540688,0",2023-08-06,domingo,18:07:00,SC,282,"462,0",PONTE SERRADA,Estacionar ou parar em local proibido,Eventos atípicos,Sem Vítimas,Plena Noite,Decrescente,Céu Claro,Simples,Reta,Não,1,0,0,0,0,1,0,1,-26.857594,-52.050583,SPRF-SC,DEL07-SC,UOP04-DEL07-SC,2023
"540711,0",2023-08-06,domingo,23:30:00,SC,101,"196,0",BIGUACU,Ingestão de álcool pelo condutor,Colisão traseira,Sem Vítimas,Plena Noite,Crescente,Nublado,Múltipla,Aclive;Reta,Sim,3,0,0,0,3,0,0,3,-27.51101091,-48.64322292,SPRF-SC,DEL01-SC,UOP01-DEL01-SC,2023
"540713,0",2023-08-06,domingo,22:40:00,SC,101,"412,5",ARARANGUA,Ausência de sinalização,Tombamento,Com Vítimas Feridas,Plena Noite,Decrescente,Céu Claro,Simples,Rotatória,Sim,1,0,1,0,0,0,1,1,-28.939333,-49.497513,SPRF-SC,DEL02-SC,UOP02-DEL02-SC,2023
"540714,0",2023-08-06,domingo,22:00:00,SC,280,"49,7",GUARAMIRIM,Reação tardia ou ineficiente do condutor,Colisão frontal,Com Vítimas Fatais,Plena Noite,Decrescente,Céu Claro,Múltipla,Reta,Sim,2,1,0,0,0,1,0,2,-26.45850039,-48.93692786,SPRF-SC,DEL03-SC,UOP03-DEL03-SC,2023
"540728,0",2023-08-06,domingo,20:15:00,SC,282,"262,3",SAO JOSE DO CERRITO,Transitar na contramão,Colisão frontal,Com Vítimas Fatais,Plena Noite,Crescente,Céu Claro,Simples,Curva;Aclive,Não,2,1,0,0,0,1,0,2,-27.631264,-50.612248,SPRF-SC,DEL05-SC,UOP02-DEL05-SC,2023
"540778,0",2023-08-04,sexta-feira,06:30:00,SC,101,"283,0",IMBITUBA,Reação tardia ou ineficiente do condutor,Colisão traseira,Com Vítimas Feridas,Pleno dia,Crescente,Céu Claro,Dupla,Reta,Não,5,0,4,0,1,0,4,2,-28.20457404,-48.6984006,SPRF-SC,DEL02-SC,UOP03-DEL02-SC,2023
"540788,0",2023-08-07,segunda-feira,09:10:00,SC,101,"192,9",BIGUACU,Condutor deixou de manter distância do veículo da frente,Colisão traseira,Sem Vítimas,Pleno dia,Crescente,Sol,Dupla,Curva,Sim,2,0,0,0,2,0,0,2,-27.48443781,-48.64765238,SPRF-SC,DEL01-SC,UOP01-DEL01-SC,2023
"540840,0",2023-08-07,segunda-feira,09:30:00,SC,116,"106,3",MONTE CASTELO,Velocidade Incompatível,Tombamento,Com Vítimas Feridas,Pleno dia,Crescente,Sol,Simples,Curva;Aclive,Não,2,0,2,0,0,0,2,1,-26.75604307,-50.31916109,SPRF-SC,DEL06-SC,UOP02-DEL06-SC,2023
"540859,0",2023-07-16,domingo,19:40:00,SC,470,"282,9",BRUNOPOLIS,Transitar na contramão,Colisão frontal,Com Vítimas Fatais,Plena Noite,Decrescente,Nublado,Simples,Reta,Não,7,2,1,4,0,0,5,2,-27.332875,-50.89525,SPRF-SC,DEL07-SC,UOP06-DEL07-SC,2023
"540880,0",2023-08-07,segunda-feira,17:20:00,SC,101,"209,0",SAO JOSE,Acumulo de óleo sobre o pavimento,Queda de ocupante de veículo,Com Vítimas Feridas,Plena Noite,Decrescente,Chuva,Múltipla,Interseção de Vias,Sim,1,0,1,0,0,0,1,1,-27.61000542,-48.63895057,SPRF-SC,DEL01-SC,UOP01-DEL01-SC,2023
"540881,0",2023-08-07,segunda-feira,18:10:00,SC,101,"143,0",ITAPEMA,Ausência de reação do condutor,Queda de ocupante de veículo,Com Vítimas Feridas,Plena Noite,Crescente,Chuva,Dupla,Reta,Sim,1,0,0,1,0,0,1,1,-27.06436,-48.59599405,SPRF-SC,DEL04-SC,UOP03-DEL04-SC,2023
"540884,0",2023-08-07,segunda-feira,17:10:00,SC,280,"151,0",MAFRA,Pista Escorregadia,Saída de leito carroçável,Com Vítimas Feridas,Pleno dia,Crescente,Garoa/Chuvisco,Simples,Declive;Curva,Não,1,0,1,0,0,0,1,1,-26.23248274,-49.69867393,SPRF-SC,DEL06-SC,UOP03-DEL06-SC,2023
"540885,0",2023-08-07,segunda-feira,17:00:00,SC,101,"149,0",ITAPEMA,Acesso irregular,Colisão transversal,Com Vítimas Feridas,Anoitecer,Decrescente,Garoa/Chuvisco,Múltipla,Reta,Sim,2,0,0,1,1,0,1,2,-27.10917426,-48.61090422,SPRF-SC,DEL04-SC,UOP03-DEL04-SC,2023
"540892,0",2023-08-07,segunda-feira,17:00:00,SC,282,"386,0",JOACABA,Chuva,Saída de leito carroçável,Com Vítimas Feridas,Anoitecer,Crescente,Chuva,Dupla,Curva,Não,2,0,2,0,0,0,2,1,-27.185896,-51.518845,SPRF-SC,DEL07-SC,UOP05-DEL07-SC,2023
"540894,0",2023-08-07,segunda-feira,17:20:00,SC,101,"148,0",ITAPEMA,Condutor deixou de manter distância do veículo da frente,Colisão lateral mesmo sentido,Com Vítimas Feridas,Anoitecer,Decrescente,Chuva,Dupla,Reta,Não,2,0,1,0,1,0,1,2,-27.10123686,-48.61807962,SPRF-SC,DEL04-SC,UOP03-DEL04-SC,2023
"540895,0",2023-08-07,segunda-feira,18:10:00,SC,101,"120,9",ITAJAI,Ausência de reação do condutor,Colisão traseira,Com Vítimas Feridas,Anoitecer,Crescente,Chuva,Dupla,Reta,Não,2,0,1,0,0,1,1,2,-26.912758,-48.711998,SPRF-SC,DEL04-SC,UOP04-DEL04-SC,2023
"540912,0",2023-08-07,segunda-feira,20:10:00,SC,101,"159,0",PORTO BELO,Chuva,Saída de leito carroçável,Com Vítimas Feridas,Pleno dia,Crescente,Chuva,Dupla,Reta,Sim,1,0,1,0,0,0,1,1,-27.1998778,-48.61534236,SPRF-SC,DEL04-SC,UOP03-DEL04-SC,2023
"540955,0",2023-08-08,terça-feira,07:45:00,SC,282,"17,9",PALHOCA,Desrespeitar a preferência no cruzamento,Colisão transversal,Com Vítimas Feridas,Pleno dia,Crescente,Nublado,Simples,Reta,Não,3,0,1,0,2,0,1,3,-27.672798,-48.694286,SPRF-SC,DEL01-SC,UOP02-DEL01-SC,2023
"540992,0",2023-08-08,terça-feira,09:00:00,SC,282,"499,2",XANXERE,Ingestão de álcool pelo condutor,Saída de leito carroçável,Com Vítimas Feridas,Pleno dia,Crescente,Céu Claro,Simples,Reta,Não,1,0,1,0,0,0,1,1,-26.88049765,-52.35694528,SPRF-SC,DEL07-SC,UOP01-DEL07-SC,2023
"541039,0",2023-08-08,terça-feira,15:50:00,SC,470,"68,1",INDAIAL,Acessar a via sem observar a presença dos outros veículos,Colisão traseira,Com Vítimas Feridas,Pleno dia,Crescente,Nublado,Dupla,Em Obras;Ponte;Reta,Sim,4,0,1,0,3,0,1,2,-26.8782741,-49.24027624,SPRF-SC,DEL04-SC,UOP01-DEL04-SC,2023
"541046,0",2023-08-05,sábado,10:20:00,SC,101,"207,0",SAO JOSE,Condutor deixou de manter distância do veículo da frente,Colisão traseira,Com Vítimas Feridas,Pleno dia,Crescente,Céu Claro,Múltipla,Reta,Não,3,0,1,0,1,1,1,3,-27.60001226,-48.6226467,SPRF-SC,DEL01-SC,UOP01-DEL01-SC,2023
"541082,0",2023-08-08,terça-feira,18:00:00,SC,101,"276,5",IMBITUBA,Reação tardia ou ineficiente do condutor,Saída de leito carroçável,Com Vítimas Feridas,Anoitecer,Decrescente,Céu Claro,Dupla,Aclive,Não,1,0,1,0,0,0,1,1,-28.14644701,-48.69204746,SPRF-SC,DEL02-SC,UOP03-DEL02-SC,2023
"541088,0",2023-08-08,terça-feira,18:15:00,SC,101,"411,0",ARARANGUA,Condutor deixou de manter distância do veículo da frente,Colisão traseira,Com Vítimas Feridas,Anoitecer,Decrescente,Nublado,Simples,Reta,Sim,2,0,1,0,1,0,1,2,-28.95175245,-49.50825691,SPRF-SC,DEL02-SC,UOP02-DEL02-SC,2023
"541093,0",2023-08-08,terça-feira,19:30:00,SC,470,"68,7",INDAIAL,Ingestão de álcool ou de substâncias psicoativas pelo pedestre,Colisão com objeto,Com Vítimas Feridas,Plena Noite,Decrescente,Nublado,Simples,Rotatória,Sim,1,0,1,0,0,0,1,1,-26.88330037,-49.2463742,SPRF-SC,DEL04-SC,UOP01-DEL04-SC,2023
"541101,0",2023-08-08,terça-feira,19:30:00,SC,470,"138,0",RIO DO SUL,Desrespeitar a preferência no cruzamento,Colisão transversal,Com Vítimas Feridas,Plena Noite,Crescente,Nublado,Simples,Retorno Regulamentado,Sim,2,0,1,0,1,0,1,2,-27.207214,-49.648476,SPRF-SC,DEL04-SC,UOP02-DEL04-SC,2023
"541108,0",2023-08-08,terça-feira,11:10:00,SC,470,"22,0",ILHOTA,Acessar a via sem observar a presença dos outros veículos,Incêndio,Sem Vítimas,Pleno dia,Decrescente,Céu Claro,Simples,Interseção de Vias,Não,1,0,0,0,0,1,0,1,-26.880066,-48.836224,SPRF-SC,DEL04-SC,UOP04-DEL04-SC,2023
"541125,0",2023-08-08,terça-feira,20:10:00,SC,470,"297,0",CAMPOS NOVOS,Ingestão de álcool pelo condutor,Colisão com objeto,Sem Vítimas,Plena Noite,Decrescente,Céu Claro,Simples,Curva,Não,1,0,0,0,1,0,0,1,-27.354078,-51.027855,SPRF-SC,DEL07-SC,UOP06-DEL07-SC,2023
"541174,0",2023-08-09,quarta-feira,07:25:00,SC,101,"120,1",ITAJAI,Manobra de mudança de faixa,Colisão lateral mesmo sentido,Com Vítimas Feridas,Pleno dia,Crescente,Chuva,Dupla,Reta,Não,3,0,2,0,1,0,2,2,-26.912758,-48.711998,SPRF-SC,DEL04-SC,UOP04-DEL04-SC,2023
"541177,0",2023-08-09,quarta-feira,07:30:00,SC,163,"85,0",GUARACIABA,Acessar a via sem observar a presença dos outros veículos,Colisão frontal,Com Vítimas Feridas,Pleno dia,Crescente,Chuva,Simples,Aclive;Reta,Não,2,0,1,0,1,0,1,2,-26.60730301,-53.51704391,SPRF-SC,DEL07-SC,UOP03-DEL07-SC,2023
"541197,0",2023-08-09,quarta-feira,09:20:00,SC,282,"590,5",SAUDADES,Frear bruscamente,Saída de leito carroçável,Com Vítimas Feridas,Pleno dia,Decrescente,Chuva,Simples,Curva,Não,2,0,1,0,1,0,1,1,-26.825788,-53.072556,SPRF-SC,DEL07-SC,UOP02-DEL07-SC,2023
"541198,0",2023-07-21,sexta-feira,19:00:00,SC,101,"120,0",ITAJAI,Trafegar com motocicleta (ou similar) entre as faixas,Colisão traseira,Com Vítimas Feridas,Plena Noite,Crescente,Céu Claro,Dupla,Reta,Não,2,0,1,0,1,0,1,2,-26.912758,-48.711998,SPRF-SC,DEL04-SC,UOP04-DEL04-SC,2023
"541214,0",2023-08-09,quarta-feira,11:55:00,SC,470,"23,0",ILHOTA,Acumulo de água sobre o pavimento,Saída de leito carroçável,Com Vítimas Feridas,Pleno dia,Crescente,Chuva,Dupla,Reta,Não,1,0,0,1,0,0,1,1,-26.880913,-48.846237,SPRF-SC,DEL04-SC,UOP04-DEL04-SC,2023
"541218,0",2023-08-09,quarta-feira,12:35:00,SC,101,"204,0",SAO JOSE,Chuva,Tombamento,Com Vítimas Feridas,Pleno dia,Crescente,Chuva,Dupla,Túnel,Sim,1,0,0,1,0,0,1,1,-27.57413014,-48.61363083,SPRF-SC,DEL01-SC,UOP01-DEL01-SC,2023
"541252,0",2023-07-22,sábado,06:00:00,SC,282,"516,1",XAXIM,Ingestão de álcool pelo condutor,Capotamento,Com Vítimas Feridas,Plena Noite,Crescente,Ignorado,Simples,Curva,Não,2,0,1,1,0,0,2,1,-26.930862,-52.499157,SPRF-SC,DEL07-SC,UOP01-DEL07-SC,2023
"541289,0",2023-08-09,quarta-feira,19:30:00,SC,282,"21,0",PALHOCA,Transitar na contramão,Colisão lateral sentido oposto,Com Vítimas Feridas,Pleno dia,Crescente,Nublado,Simples,Reta,Sim,2,0,0,1,1,0,1,2,-27.68907,-48.717541,SPRF-SC,DEL01-SC,UOP02-DEL01-SC,2023
"541299,0",2023-08-09,quarta-feira,19:15:00,SC,282,"424,2",VARGEM BONITA,Ingestão de álcool pelo condutor,Saída de leito carroçável,Sem Vítimas,Plena Noite,Crescente,Céu Claro,Simples,Curva;Aclive,Não,1,0,0,0,1,0,0,1,-26.988014,-51.753124,SPRF-SC,DEL07-SC,UOP05-DEL07-SC,2023
"541326,0",2023-08-10,quinta-feira,00:50:00,SC,282,"1,0",FLORIANOPOLIS,Ausência de reação do condutor,Capotamento,Sem Vítimas,Plena Noite,Decrescente,Garoa/Chuvisco,Múltipla,Reta,Sim,1,0,0,0,1,0,0,1,-27.602955,-48.580509,SPRF-SC,DEL01-SC,UOP01-DEL01-SC,2023
"541331,0",2023-08-10,quinta-feira,05:40:00,SC,101,"190,7",BIGUACU,Ausência de reação do condutor,Saída de leito carroçável,Com Vítimas Feridas,Plena Noite,Decrescente,Chuva,Dupla,Curva,Não,2,0,1,0,1,0,1,1,-27.47713105,-48.64102364,SPRF-SC,DEL01-SC,UOP01-DEL01-SC,2023
"541354,0",2023-08-10,quinta-feira,07:50:00,SC,101,"216,0",PALHOCA,Chuva,Queda de ocupante de veículo,Com Vítimas Feridas,Pleno dia,Decrescente,Chuva,Múltipla,Reta,Não,2,0,1,0,1,0,1,2,-27.65981409,-48.67747798,SPRF-SC,DEL01-SC,UOP02-DEL01-SC,2023
"541359,0",2023-08-10,quinta-feira,07:20:00,SC,101,"411,2",ARARANGUA,Acesso irregular,Colisão transversal,Com Vítimas Feridas,Pleno dia,Crescente,Nevoeiro/Neblina,Simples,Rotatória,Sim,2,0,1,0,1,0,1,2,-28.94947774,-49.50715721,SPRF-SC,DEL02-SC,UOP02-DEL02-SC,2023
"541372,0",2023-08-10,quinta-feira,07:20:00,SC,470,"247,0",CURITIBANOS,Ingestão de álcool pelo condutor,Saída de leito carroçável,Com Vítimas Feridas,Amanhecer,Crescente,Nublado,Simples,Curva,Não,2,0,1,0,1,0,1,1,-27.315269,-50.541786,SPRF-SC,DEL05-SC,UOP03-DEL05-SC,2023
"541373,0",2023-08-10,quinta-feira,08:00:00,SC,116,"52,5",PAPANDUVA,Ausência de reação do condutor,Colisão lateral mesmo sentido,Com Vítimas Feridas,Pleno dia,Decrescente,Garoa/Chuvisco,Simples,Reta,Não,2,0,1,0,1,0,1,2,-26.39008273,-50.14576709,SPRF-SC,DEL06-SC,UOP01-DEL06-SC,2023
"541385,0",2023-08-10,quinta-feira,10:30:00,SC,101,"142,0",ITAPEMA,Acumulo de água sobre o pavimento,Queda de ocupante de veículo,Com Vítimas Feridas,Pleno dia,Crescente,Garoa/Chuvisco,Dupla,Reta;Declive,Sim,1,0,1,0,0,0,1,1,-27.05773755,-48.59792054,SPRF-SC,DEL04-SC,UOP03-DEL04-SC,2023
"541386,0",2023-08-10,quinta-feira,08:00:00,SC,101,"117,0",ITAJAI,Ausência de reação do condutor,Colisão lateral mesmo sentido,Com Vítimas Feridas,Pleno dia,Decrescente,Chuva,Múltipla,Reta,Não,2,0,1,0,0,1,1,2,-26.88747187,-48.72252969,SPRF-SC,DEL04-SC,UOP04-DEL04-SC,2023
"541398,0",2023-08-10,quinta-feira,12:15:00,SC,101,"205,1",SAO JOSE,Manobra de mudança de faixa,Colisão lateral mesmo sentido,Com Vítimas Feridas,Pleno dia,Decrescente,Nublado,Múltipla,Reta,Sim,2,0,0,1,1,0,1,2,-27.58313237,-48.61532885,SPRF-SC,DEL01-SC,UOP01-DEL01-SC,2023
"541406,0",2023-03-15,quarta-feira,18:00:00,SC,101,"92,8",BARRA VELHA,Condutor deixou de manter distância do veículo da frente,Colisão traseira,Com Vítimas Feridas,Anoitecer,Decrescente,Nublado,Dupla,Reta,Não,2,0,1,0,1,0,1,2,-26.688215,-48.69579,SPRF-SC,DEL03-SC,UOP02-DEL03-SC,2023
"541477,0",2023-08-10,quinta-feira,17:20:00,SC,101,"441,9",SANTA ROSA DO SUL,Reação tardia ou ineficiente do condutor,Colisão com objeto,Com Vítimas Feridas,Pleno dia,Decrescente,Nublado,Dupla,Desvio Temporário;Em Obras;Reta,Não,1,0,1,0,0,0,1,1,-29.13174904,-49.69427884,SPRF-SC,DEL02-SC,UOP02-DEL02-SC,2023
"541500,0",2023-08-10,quinta-feira,22:00:00,SC,101,"41,0",JOINVILLE,Ausência de reação do condutor,Tombamento,Com Vítimas Feridas,Plena Noite,Decrescente,Nublado,Dupla,Reta,Sim,1,0,0,1,0,0,1,1,-26.28215489,-48.88973081,SPRF-SC,DEL03-SC,UOP01-DEL03-SC,2023
"541522,0",2023-08-11,sexta-feira,04:00:00,SC,101,"202,8",SAO JOSE,Velocidade Incompatível,Tombamento,Com Vítimas Feridas,Plena Noite,Decrescente,Céu Claro,Múltipla,Reta,Sim,1,0,0,1,0,0,1,1,-27.55711595,-48.61897889,SPRF-SC,DEL01-SC,UOP01-DEL01-SC,2023
"541533,0",2023-08-11,sexta-feira,05:36:00,SC,280,"51,0",GUARAMIRIM,Entrada inopinada do pedestre,Atropelamento de Pedestre,Com Vítimas Feridas,Amanhecer,Crescente,Nublado,Dupla,Declive;Em Obras;Viaduto,Não,3,0,1,1,1,0,2,2,-26.46538871,-48.95544449,SPRF-SC,DEL03-SC,UOP03-DEL03-SC,2023