id,data_inversa,dia_semana,horario,uf,br,km,municipio,causa_acidente,tipo_acidente,classificacao_acidente,fase_dia,sentido_via,condicao_metereologica,tipo_pista,tracado_via,uso_solo,pessoas,mortos,feridos_leves,feridos_graves,ilesos,ignorados,feridos,veiculos,latitude,longitude,regional,delegacia,uop,ano_arquivo
"541536,0",2023-08-11,sexta-feira,06:30:00,SC,282,"6,0",SAO JOSE,Manobra de mudança de faixa,Colisão lateral mesmo sentido,Com Vítimas Feridas,Amanhecer,Decrescente,Chuva,Dupla,Curva,Sim,2,0,1,0,1,0,1,2,-27.591936,-48.618244,SPRF-SC,DEL01-SC,UOP01-DEL01-SC,2023
"541572,0",2023-08-11,sexta-feira,06:00:00,SC,282,"71,0",RANCHO QUEIMADO,Desrespeitar a preferência no cruzamento,Colisão transversal,Com Vítimas Feridas,Amanhecer,Crescente,Chuva,Simples,Interseção de Vias;Declive,Não,4,0,3,0,1,0,3,2,-27.689093,-49.097748,SPRF-SC,DEL01-SC,UOP03-DEL01-SC,2023
"541573,0",2023-08-11,sexta-feira,08:30:00,SC,101,"57,8",ARAQUARI,Chuva,Saída de leito carroçável,Com Vítimas Feridas,Pleno dia,Crescente,Garoa/Chuvisco,Dupla,Curva,Não,4,0,2,2,0,0,4,1,-26.43646093,-48.81113029,SPRF-SC,DEL03-SC,UOP01-DEL03-SC,2023
"541598,0",2023-07-28,sexta-feira,01:30:00,SC,101,"341,4",TUBARAO,Reação tardia ou ineficiente do condutor,Saída de leito carroçável,Sem Vítimas,Plena Noite,Decrescente,Céu Claro,Simples,Curva;Interseção de Vias;Viaduto,Sim,1,0,0,0,1,0,0,1,-28.50737981,-49.04951334,SPRF-SC,DEL02-SC,UOP01-DEL02-SC,2023
"541600,0",2023-08-11,sexta-feira,13:40:00,SC,101,"206,3",SAO JOSE,Mal súbito do condutor,Colisão com objeto,Com Vítimas Feridas,Pleno dia,Decrescente,Céu Claro,Dupla,Interseção de Vias,Sim,1,0,1,0,0,0,1,1,-27.59546887,-48.619169,SPRF-SC,DEL01-SC,UOP01-DEL01-SC,2023
"541643,0",2023-08-11,sexta-feira,16:20:00,SC,101,"206,0",SAO JOSE,Condutor deixou de manter distância do veículo da frente,Colisão traseira,Com Vítimas Feridas,Pleno dia,Crescente,Nublado,Dupla,Reta,Não,2,0,1,0,1,0,1,2,-27.59193546,-48.61824557,SPRF-SC,DEL01-SC,UOP01-DEL01-SC,2023
"541673,0",2023-08-11,sexta-feira,06:30:00,SC,282,"22,7",SANTO AMARO DA IMPERATRIZ,Reação tardia ou ineficiente do condutor,Tombamento,Com Vítimas Feridas,Amanhecer,Crescente,Chuva,Simples,Declive;Reta,Não,1,0,1,0,0,0,1,1,-27.688507,-48.72739,SPRF-SC,DEL01-SC,UOP02-DEL01-SC,2023
"541678,0",2023-08-11,sexta-feira,18:30:00,SC,101,"119,0",ITAJAI,Ausência de reação do condutor,Colisão traseira,Com Vítimas Feridas,Plena Noite,Decrescente,Nublado,Dupla,Reta,Não,3,0,1,0,2,0,1,2,-26.9043179,-48.71555481,SPRF-SC,DEL04-SC,UOP04-DEL04-SC,2023
"541682,0",2023-08-11,sexta-feira,19:00:00,SC,101,"206,8",SAO JOSE,Manobra de mudança de faixa,Colisão lateral mesmo sentido,Com Vítimas Feridas,Plena Noite,Crescente,Céu Claro,Dupla,Reta,Não,2,0,1,0,1,0,1,2,-27.59193546,-48.61824557,SPRF-SC,DEL01-SC,UOP01-DEL01-SC,2023
"541691,0",2023-08-11,sexta-feira,12:30:00,SC,282,"548,8",CHAPECO,Reação tardia ou ineficiente do condutor,Saída de leito carroçável,Com Vítimas Feridas,Pleno dia,Crescente,Sol,Simples,Reta,Não,1,0,1,0,0,0,1,1,-26.968346,-52.753883,SPRF-SC,DEL07-SC,UOP01-DEL07-SC,2023
"541701,0",2023-08-11,sexta-feira,19:30:00,SC,282,"602,0",CUNHA PORA,Acessar a via sem observar a presença dos outros veículos,Colisão frontal,Com Vítimas Feridas,Plena Noite,Crescente,Céu Claro,Simples,Interseção de Vias;Reta,Não,2,0,1,0,1,0,1,2,-26.80660578,-53.18138123,SPRF-SC,DEL07-SC,UOP02-DEL07-SC,2023
"541704,0",2023-08-11,sexta-feira,19:20:00,SC,116,"86,0",MONTE CASTELO,Acessar a via sem observar a presença dos outros veículos,Colisão transversal,Com Vítimas Feridas,Plena Noite,Crescente,Chuva,Simples,Aclive;Reta,Não,2,0,0,1,1,0,1,2,-26.60977491,-50.22937022,SPRF-SC,DEL06-SC,UOP02-DEL06-SC,2023
"541709,0",2023-08-11,sexta-feira,21:40:00,SC,101,"148,0",ITAPEMA,Condutor deixou de manter distância do veículo da frente,Colisão lateral mesmo sentido,Com Vítimas Feridas,Plena Noite,Crescente,Nublado,Múltipla,Reta,Sim,2,0,1,0,0,1,1,2,-27.10123686,-48.61807962,SPRF-SC,DEL04-SC,UOP03-DEL04-SC,2023
"541710,0",2023-08-11,sexta-feira,20:50:00,SC,282,"216,0",PALHOCA,Acessar a via sem observar a presença dos outros veículos,Colisão transversal,Com Vítimas Feridas,Plena Noite,Crescente,Céu Claro,Simples,Reta,Não,2,0,0,1,0,1,1,2,-27.661036,-48.684042,SPRF-SC,DEL05-SC,UOP01-DEL05-SC,2023
"541722,0",2023-08-11,sexta-feira,21:40:00,SC,470,"57,9",BLUMENAU,Ausência de reação do condutor,Colisão com objeto,Com Vítimas Feridas,Plena Noite,Crescente,Nublado,Simples,Reta,Não,1,0,1,0,0,0,1,1,-26.880428,-49.136532,SPRF-SC,DEL04-SC,UOP01-DEL04-SC,2023
"541737,0",2023-08-11,sexta-feira,21:00:00,SC,101,"117,9",ITAJAI,Acessar a via sem observar a presença dos outros veículos,Colisão traseira,Sem Vítimas,Plena Noite,Crescente,Nublado,Dupla,Reta,Sim,2,0,0,0,0,2,0,2,-26.88747187,-48.72252969,SPRF-SC,DEL04-SC,UOP04-DEL04-SC,2023
"541746,0",2023-08-11,sexta-feira,21:55:00,SC,280,"124,0",RIO NEGRINHO,Ausência de reação do condutor,Saída de leito carroçável,Sem Vítimas,Plena Noite,Crescente,Céu Claro,Simples,Reta,Sim,1,0,0,0,0,1,0,1,-26.24130297,-49.47514499,SPRF-SC,DEL06-SC,UOP03-DEL06-SC,2023
"541751,0",2023-08-11,sexta-feira,21:00:00,SC,282,"633,0",DESCANSO,Condutor Dormindo,Saída de leito carroçável,Com Vítimas Feridas,Plena Noite,Crescente,Céu Claro,Simples,Curva,Não,1,0,1,0,0,0,1,1,-26.824224,-53.412407,SPRF-SC,DEL07-SC,UOP03-DEL07-SC,2023
"541755,0",2023-08-11,sexta-feira,22:47:00,SC,101,"83,7",BARRA VELHA,Demais falhas mecânicas ou elétricas,Tombamento,Com Vítimas Fatais,Plena Noite,Decrescente,Nublado,Dupla,Declive;Reta,Não,3,1,0,0,0,2,0,2,-26.625882,-48.711252,SPRF-SC,DEL03-SC,UOP02-DEL03-SC,2023
"541756,0",2023-08-11,sexta-feira,21:30:00,SC,470,"173,5",POUSO REDONDO,Pedestre cruzava a pista fora da faixa,Atropelamento de Pedestre,Com Vítimas Feridas,Plena Noite,Decrescente,Nublado,Simples,Viaduto,Sim,2,0,1,1,0,0,2,2,-27.25984,-49.919285,SPRF-SC,DEL04-SC,UOP02-DEL04-SC,2023
"541764,0",2023-08-12,sábado,00:30:00,SC,282,"223,0",LAGES,Ingestão de álcool pelo condutor,Colisão lateral sentido oposto,Com Vítimas Feridas,Plena Noite,Decrescente,Nublado,Simples,Curva;Declive,Não,2,0,0,1,1,0,1,2,-27.800127,-50.362751,SPRF-SC,DEL05-SC,UOP01-DEL05-SC,2023
"541768,0",2023-08-12,sábado,01:55:00,SC,101,"214,8",PALHOCA,Ingestão de álcool pelo condutor,Colisão traseira,Com Vítimas Feridas,Plena Noite,Decrescente,Nublado,Dupla,Aclive;Reta,Sim,2,0,0,1,1,0,1,2,-27.64443,-48.67057,SPRF-SC,DEL01-SC,UOP02-DEL01-SC,2023
"541840,0",2023-08-12,sábado,10:00:00,SC,282,"64,0",RANCHO QUEIMADO,Chuva,Saída de leito carroçável,Com Vítimas Feridas,Pleno dia,Decrescente,Chuva,Simples,Declive;Curva,Não,5,0,2,1,2,0,3,1,-27.696323,-49.052456,SPRF-SC,DEL01-SC,UOP03-DEL01-SC,2023
"541855,0",2023-08-12,sábado,11:20:00,SC,101,"138,5",BALNEARIO CAMBORIU,Reação tardia ou ineficiente do condutor,Colisão com objeto,Com Vítimas Feridas,Pleno dia,Crescente,Garoa/Chuvisco,Simples,Curva,Sim,2,0,2,0,0,0,2,1,-27.02397426,-48.60761649,SPRF-SC,DEL04-SC,UOP03-DEL04-SC,2023
"541860,0",2023-08-12,sábado,12:45:00,SC,282,"54,2",AGUAS MORNAS,Pista Escorregadia,Capotamento,Com Vítimas Feridas,Pleno dia,Decrescente,Chuva,Simples,Curva;Declive,Não,2,0,1,0,1,0,1,1,-27.685799,-48.974514,SPRF-SC,DEL01-SC,UOP03-DEL01-SC,2023
"541872,0",2023-08-12,sábado,13:40:00,SC,470,"47,2",BLUMENAU,Condutor Dormindo,Colisão com objeto,Com Vítimas Feridas,Pleno dia,Decrescente,Nublado,Simples,Reta,Não,1,0,1,0,0,0,1,1,-26.8631725,-49.04937923,SPRF-SC,DEL04-SC,UOP01-DEL04-SC,2023
"541888,0",2023-08-12,sábado,09:15:00,SC,282,"58,2",RANCHO QUEIMADO,Acessar a via sem observar a presença dos outros veículos,Colisão transversal,Sem Vítimas,Pleno dia,Decrescente,Chuva,Simples,Declive;Interseção de Vias;Curva,Sim,2,0,0,0,2,0,0,2,-27.683594,-49.005539,SPRF-SC,DEL01-SC,UOP03-DEL01-SC,2023
"541903,0",2023-08-12,sábado,15:30:00,SC,101,"432,7",SOMBRIO,Avarias e/ou desgaste excessivo no pneu,Tombamento,Com Vítimas Feridas,Pleno dia,Decrescente,Nublado,Múltipla,Reta,Sim,2,0,2,0,0,0,2,1,-29.07326609,-49.62717768,SPRF-SC,DEL02-SC,UOP02-DEL02-SC,2023
"541929,0",2023-08-12,sábado,18:10:00,SC,282,"506,9",XANXERE,Reação tardia ou ineficiente do condutor,Saída de leito carroçável,Sem Vítimas,Anoitecer,Crescente,Chuva,Dupla,Retorno Regulamentado,Não,2,0,0,0,2,0,0,1,-26.885712,-52.42907,SPRF-SC,DEL07-SC,UOP01-DEL07-SC,2023
"541965,0",2023-08-12,sábado,21:00:00,SC,101,"39,0",JOINVILLE,Ingestão de álcool pelo condutor,Colisão com objeto,Sem Vítimas,Plena Noite,Crescente,Céu Claro,Dupla,Reta,Sim,1,0,0,0,1,0,0,1,-26.2628107,-48.90192257,SPRF-SC,DEL03-SC,UOP01-DEL03-SC,2023
"541972,0",2023-08-12,sábado,19:40:00,SC,101,"191,0",BIGUACU,Demais falhas mecânicas ou elétricas,Saída de leito carroçável,Sem Vítimas,Plena Noite,Crescente,Nublado,Dupla,Reta,Não,1,0,0,0,1,0,0,1,-27.47730273,-48.64127329,SPRF-SC,DEL01-SC,UOP01-DEL01-SC,2023
"541974,0",2023-08-12,sábado,22:00:00,SC,101,"139,1",BALNEARIO CAMBORIU,Reação tardia ou ineficiente do condutor,Tombamento,Com Vítimas Feridas,Plena Noite,Crescente,Nublado,Múltipla,Curva,Não,1,0,1,0,0,0,1,1,-27.02982303,-48.60115006,SPRF-SC,DEL04-SC,UOP03-DEL04-SC,2023
"541984,0",2023-08-12,sábado,19:00:00,SC,101,"116,3",ITAJAI,Demais falhas mecânicas ou elétricas,Incêndio,Sem Vítimas,Plena Noite,Decrescente,Nublado,Múltipla,Reta,Sim,1,0,0,0,1,0,0,1,-26.87905605,-48.72603512,SPRF-SC,DEL04-SC,UOP04-DEL04-SC,2023
"541998,0",2023-08-12,sábado,22:45:00,SC,101,"253,0",PAULO LOPES,Ausência de reação do condutor,Saída de leito carroçável,Com Vítimas Feridas,Plena Noite,Crescente,Céu Claro,Múltipla,Reta,Sim,2,0,2,0,0,0,2,1,-27.96492999,-48.67962057,SPRF-SC,DEL02-SC,UOP03-DEL02-SC,2023
"542010,0",2023-08-13,domingo,02:30:00,SC,101,"22,5",JOINVILLE,Demais falhas mecânicas ou elétricas,Queda de ocupante de veículo,Com Vítimas Feridas,Plena Noite,Crescente,Chuva,Dupla,Reta,Sim,1,0,1,0,0,0,1,1,-26.15679993,-48.90786269,SPRF-SC,DEL03-SC,UOP01-DEL03-SC,2023
"542026,0",2023-08-13,domingo,05:50:00,SC,101,"136,0",BALNEARIO CAMBORIU,Acessar a via sem observar a presença dos outros veículos,Atropelamento de Pedestre,Com Vítimas Feridas,Amanhecer,Crescente,Céu Claro,Dupla,Interseção de Vias,Sim,2,0,1,0,0,1,1,2,-27.008113,-48.617245,SPRF-SC,DEL04-SC,UOP03-DEL04-SC,2023
"542030,0",2023-08-13,domingo,05:45:00,SC,101,"196,4",BIGUACU,Reação tardia ou ineficiente do condutor,Capotamento,Com Vítimas Feridas,Amanhecer,Decrescente,Nublado,Dupla,Curva,Sim,2,0,1,0,0,1,1,1,-27.51101091,-48.64322292,SPRF-SC,DEL01-SC,UOP01-DEL01-SC,2023
"542031,0",2023-08-12,sábado,21:30:00,SC,163,"107,5",GUARUJA DO SUL,Ausência de reação do condutor,Saída de leito carroçável,Com Vítimas Feridas,Plena Noite,Crescente,Céu Claro,Simples,Reta,Sim,1,0,1,0,0,0,1,1,-26.42911689,-53.52001976,SPRF-SC,DEL07-SC,UOP03-DEL07-SC,2023
"542059,0",2023-08-06,domingo,04:30:00,SC,470,"177,0",POUSO REDONDO,Reação tardia ou ineficiente do condutor,Capotamento,Com Vítimas Feridas,Plena Noite,Decrescente,Nublado,Dupla,Reta,Não,1,0,1,0,0,0,1,1,-27.251858,-49.958,SPRF-SC,DEL04-SC,UOP02-DEL04-SC,2023
"542072,0",2023-08-04,sexta-feira,14:30:00,SC,101,"203,0",SAO JOSE,Acessar a via sem observar a presença dos outros veículos,Tombamento,Com Vítimas Feridas,Pleno dia,Decrescente,Céu Claro,Dupla,Rotatória,Sim,2,0,1,0,0,1,1,2,-27.56644472,-48.61339152,SPRF-SC,DEL01-SC,UOP01-DEL01-SC,2023
"542081,0",2023-08-12,sábado,14:00:00,SC,282,"516,0",XAXIM,Ausência de reação do condutor,Saída de leito carroçável,Sem Vítimas,Pleno dia,Crescente,Chuva,Simples,Curva,Não,1,0,0,0,0,1,0,1,-26.930862,-52.499157,SPRF-SC,DEL07-SC,UOP01-DEL07-SC,2023
"542088,0",2023-08-13,domingo,11:50:00,SC,282,"68,5",RANCHO QUEIMADO,Mal súbito do condutor,Capotamento,Com Vítimas Feridas,Pleno dia,Crescente,Céu Claro,Simples,Curva,Não,1,0,1,0,0,0,1,1,-27.692406,-49.075939,SPRF-SC,DEL01-SC,UOP03-DEL01-SC,2023
"542092,0",2023-08-13,domingo,12:45:00,SC,280,"29,0",ARAQUARI,Acessar a via sem observar a presença dos outros veículos,Colisão transversal,Com Vítimas Feridas,Pleno dia,Decrescente,Nublado,Simples,Reta,Sim,3,0,1,0,2,0,1,2,-26.40450077,-48.74561031,SPRF-SC,DEL03-SC,UOP03-DEL03-SC,2023
"542100,0",2023-08-13,domingo,11:25:00,SC,282,"653,0",SAO MIGUEL DO OESTE,Retorno proibido,Colisão transversal,Com Vítimas Feridas,Pleno dia,Crescente,Céu Claro,Simples,Curva,Não,2,0,2,0,0,0,2,2,-26.70806585,-53.52223635,SPRF-SC,DEL07-SC,UOP03-DEL07-SC,2023
"542107,0",2023-08-13,domingo,13:49:00,SC,101,"410,3",ARARANGUA,Desrespeitar a preferência no cruzamento,Colisão transversal,Com Vítimas Feridas,Pleno dia,Crescente,Sol,Simples,Retorno Regulamentado,Sim,3,0,1,0,2,0,1,2,-28.94364748,-49.50166404,SPRF-SC,DEL02-SC,UOP02-DEL02-SC,2023
"542125,0",2023-08-13,domingo,13:40:00,SC,116,"55,8",PAPANDUVA,Transitar na contramão,Colisão frontal,Com Vítimas Fatais,Pleno dia,Decrescente,Nublado,Simples,Aclive;Reta,Não,5,1,4,0,0,0,4,2,-26.390065,-50.1821589,SPRF-SC,DEL06-SC,UOP02-DEL06-SC,2023
"542189,0",2023-08-13,domingo,18:30:00,SC,101,"169,1",TIJUCAS,Reação tardia ou ineficiente do condutor,Saída de leito carroçável,Com Vítimas Feridas,Pleno dia,Crescente,Nublado,Dupla,Reta,Não,2,0,2,0,0,0,2,1,-27.28790602,-48.63095745,SPRF-SC,DEL04-SC,UOP03-DEL04-SC,2023
"542190,0",2023-08-13,domingo,20:00:00,SC,470,"62,0",BLUMENAU,Acessar a via sem observar a presença dos outros veículos,Colisão transversal,Com Vítimas Feridas,Plena Noite,Decrescente,Nublado,Dupla,Reta,Não,2,0,1,0,1,0,1,2,-26.874521,-49.182938,SPRF-SC,DEL04-SC,UOP01-DEL04-SC,2023
"542214,0",2023-08-13,domingo,22:30:00,SC,101,"216,9",PALHOCA,Ausência de reação do condutor,Saída de leito carroçável,Sem Vítimas,Plena Noite,Decrescente,Nublado,Dupla,Reta,Sim,2,0,0,0,2,0,0,1,-27.65981409,-48.67747798,SPRF-SC,DEL01-SC,UOP02-DEL01-SC,2023
"542252,0",2023-08-14,segunda-feira,02:40:00,SC,116,"244,0",LAGES,Ingestão de álcool pelo condutor,Colisão com objeto,Sem Vítimas,Plena Noite,Decrescente,Nublado,Simples,Curva;Declive;Em Obras,Não,1,0,0,0,1,0,0,1,-27.79544281,-50.36187437,SPRF-SC,DEL05-SC,UOP01-DEL05-SC,2023
"542276,0",2023-08-14,segunda-feira,07:50:00,SC,101,"32,0",JOINVILLE,Demais falhas mecânicas ou elétricas,Tombamento,Com Vítimas Feridas,Pleno dia,Crescente,Nublado,Dupla,Reta,Sim,2,0,2,0,0,0,2,1,-26.226987,-48.91657,SPRF-SC,DEL03-SC,UOP01-DEL03-SC,2023
"542287,0",2023-08-14,segunda-feira,07:45:00,SC,101,"154,0",PORTO BELO,Manobra de mudança de faixa,Colisão lateral mesmo sentido,Com Vítimas Feridas,Pleno dia,Crescente,Nublado,Dupla,Reta,Sim,2,0,0,1,1,0,1,2,-27.153819,-48.61086393,SPRF-SC,DEL04-SC,UOP03-DEL04-SC,2023
"542311,0",2023-08-14,segunda-feira,11:30:00,SC,101,"215,1",PALHOCA,Manobra de mudança de faixa,Queda de ocupante de veículo,Com Vítimas Feridas,Pleno dia,Crescente,Céu Claro,Dupla,Reta,Sim,1,0,0,1,0,0,1,1,-27.65184843,-48.67604941,SPRF-SC,DEL01-SC,UOP02-DEL01-SC,2023
"542326,0",2023-08-14,segunda-feira,07:30:00,SC,282,"503,0",XANXERE,Reação tardia ou ineficiente do condutor,Atropelamento de Pedestre,Com Vítimas Feridas,Pleno dia,Decrescente,Céu Claro,Simples,Interseção de Vias,Não,2,0,1,0,1,0,1,2,-26.88543812,-52.39360147,SPRF-SC,DEL07-SC,UOP01-DEL07-SC,2023
"542331,0",2023-07-29,sábado,14:45:00,SC,101,"198,9",SAO JOSE,Reação tardia ou ineficiente do condutor,Colisão lateral mesmo sentido,Com Vítimas Feridas,Pleno dia,Decrescente,Sol,Múltipla,Reta,Não,2,0,1,0,1,0,1,2,-27.52658712,-48.63506019,SPRF-SC,DEL01-SC,UOP01-DEL01-SC,2023
"542344,0",2023-08-14,segunda-feira,14:35:00,SC,470,"5,0",NAVEGANTES,Acessar a via sem observar a presença dos outros veículos,Colisão transversal,Com Vítimas Feridas,Pleno dia,Decrescente,Céu Claro,Dupla,Em Obras;Reta,Não,2,0,0,1,1,0,1,2,-26.855688,-48.700333,SPRF-SC,DEL04-SC,UOP04-DEL04-SC,2023
"542359,0",2023-08-14,segunda-feira,13:20:00,SC,280,"30,0",ARAQUARI,Reação tardia ou ineficiente do condutor,Colisão traseira,Sem Vítimas,Pleno dia,Decrescente,Céu Claro,Simples,Reta,Sim,2,0,0,0,2,0,0,2,-26.4141523,-48.76209493,SPRF-SC,DEL03-SC,UOP03-DEL03-SC,2023
"542375,0",2023-08-14,segunda-feira,16:55:00,SC,282,"29,0",SANTO AMARO DA IMPERATRIZ,Reação tardia ou ineficiente do condutor,Saída de leito carroçável,Com Vítimas Feridas,Anoitecer,Crescente,Céu Claro,Simples,Curva,Não,2,0,0,2,0,0,2,2,-27.67478,-48.778904,SPRF-SC,DEL01-SC,UOP03-DEL01-SC,2023
"542379,0",2023-08-14,segunda-feira,18:20:00,SC,101,"62,6",ARAQUARI,Reação tardia ou ineficiente do condutor,Queda de ocupante de veículo,Com Vítimas Feridas,Plena Noite,Decrescente,Céu Claro,Dupla,Interseção de Vias;Reta,Não,1,0,1,0,0,0,1,1,-26.45504246,-48.76711901,SPRF-SC,DEL03-SC,UOP02-DEL03-SC,2023
"542387,0",2023-08-14,segunda-feira,17:15:00,SC,101,"52,7",JOINVILLE,Reação tardia ou ineficiente do condutor,Colisão traseira,Com Vítimas Feridas,Pleno dia,Decrescente,Nublado,Dupla,Reta,Não,3,0,2,0,1,0,2,2,-26.39111608,-48.83984239,SPRF-SC,DEL03-SC,UOP01-DEL03-SC,2023
"542399,0",2023-08-14,segunda-feira,18:50:00,SC,116,"247,0",LAGES,Reação tardia ou ineficiente do condutor,Colisão traseira,Com Vítimas Feridas,Plena Noite,Crescente,Céu Claro,Simples,Interseção de Vias,Sim,3,0,1,0,2,0,1,2,-27.81155436,-50.36754012,SPRF-SC,DEL05-SC,UOP02-DEL05-SC,2023
"542413,0",2023-08-14,segunda-feira,17:30:00,SC,280,"305,5",PORTO UNIAO,Acessar a via sem observar a presença dos outros veículos,Colisão transversal,Com Vítimas Feridas,Anoitecer,Decrescente,Céu Claro,Simples,Reta,Sim,2,0,1,0,1,0,1,2,-26.26539205,-51.06071949,SPRF-SC,DEL06-SC,UOP04-DEL06-SC,2023
"542422,0",2023-08-14,segunda-feira,20:05:00,SC,101,"164,0",TIJUCAS,Acessar a via sem observar a presença dos outros veículos,Colisão transversal,Com Vítimas Feridas,Plena Noite,Decrescente,Nublado,Dupla,Reta,Sim,2,0,1,0,1,0,1,2,-27.243868,-48.6309,SPRF-SC,DEL04-SC,UOP03-DEL04-SC,2023
"542446,0",2023-08-15,terça-feira,06:30:00,SC,282,"16,9",PALHOCA,Acessar a via sem observar a presença dos outros veículos,Colisão transversal,Com Vítimas Feridas,Amanhecer,Decrescente,Céu Claro,Simples,Reta,Não,2,0,1,0,1,0,1,2,-27.658611,-48.681847,SPRF-SC,DEL01-SC,UOP02-DEL01-SC,2023
"542448,0",2023-08-15,terça-feira,06:53:00,SC,101,"203,0",SAO JOSE,Manobra de mudança de faixa,Colisão traseira,Com Vítimas Feridas,Pleno dia,Crescente,Sol,Múltipla,Reta,Sim,2,0,1,0,0,1,1,2,-27.5650044,-48.61460082,SPRF-SC,DEL01-SC,UOP01-DEL01-SC,2023
"542456,0",2023-08-15,terça-feira,06:20:00,SC,282,"23,5",SANTO AMARO DA IMPERATRIZ,Acessar a via sem observar a presença dos outros veículos,Colisão transversal,Com Vítimas Feridas,Pleno dia,Decrescente,Céu Claro,Simples,Reta,Sim,2,0,1,0,1,0,1,2,-27.687958,-48.736794,SPRF-SC,DEL01-SC,UOP03-DEL01-SC,2023
"542459,0",2023-08-15,terça-feira,07:50:00,SC,470,"56,0",BLUMENAU,Acessar a via sem observar a presença dos outros veículos,Colisão transversal,Com Vítimas Feridas,Pleno dia,Crescente,Nublado,Simples,Reta,Não,2,0,1,0,1,0,1,2,-26.87674,-49.127743,SPRF-SC,DEL04-SC,UOP01-DEL04-SC,2023
"542464,0",2023-08-15,terça-feira,07:20:00,SC,101,"197,3",BIGUACU,Reação tardia ou ineficiente do condutor,Colisão traseira,Com Vítimas Feridas,Pleno dia,Crescente,Céu Claro,Dupla,Reta,Não,2,0,1,0,1,0,1,2,-27.51844497,-48.63848496,SPRF-SC,DEL01-SC,UOP01-DEL01-SC,2023
"542471,0",2023-08-15,terça-feira,08:50:00,SC,101,"130,0",BALNEARIO CAMBORIU,Ultrapassagem Indevida,Colisão lateral mesmo sentido,Com Vítimas Feridas,Pleno dia,Crescente,Céu Claro,Múltipla,Reta,Sim,3,0,1,0,2,0,1,2,-26.98407618,-48.66977107,SPRF-SC,DEL04-SC,UOP03-DEL04-SC,2023
"542504,0",2023-08-15,terça-feira,12:25:00,SC,470,"35,8",GASPAR,Ausência de reação do condutor,Saída de leito carroçável,Com Vítimas Feridas,Pleno dia,Decrescente,Céu Claro,Dupla,Reta;Em Obras,Sim,2,0,1,0,1,0,1,1,-26.91399,-48.96718,SPRF-SC,DEL04-SC,UOP01-DEL04-SC,2023
"542524,0",2023-08-15,terça-feira,13:00:00,SC,480,"129,6",CHAPECO,Velocidade Incompatível,Saída de leito carroçável,Com Vítimas Feridas,Pleno dia,Decrescente,Céu Claro,Simples,Reta,Sim,1,0,1,0,0,0,1,1,-27.04656607,-52.63577131,SPRF-SC,DEL07-SC,UOP01-DEL07-SC,2023
"542525,0",2023-08-15,terça-feira,13:20:00,SC,470,"1,4",NAVEGANTES,Ausência de reação do condutor,Colisão transversal,Com Vítimas Feridas,Pleno dia,Decrescente,Sol,Dupla,Interseção de Vias,Não,2,0,0,1,1,0,1,2,-26.875383,-48.668285,SPRF-SC,DEL04-SC,UOP04-DEL04-SC,2023
"542534,0",2023-08-15,terça-feira,14:15:00,SC,101,"270,1",IMBITUBA,Manobra de mudança de faixa,Saída de leito carroçável,Com Vítimas Feridas,Pleno dia,Crescente,Sol,Dupla,Reta,Não,1,0,0,1,0,0,1,1,-28.1015411,-48.70410641,SPRF-SC,DEL02-SC,UOP03-DEL02-SC,2023
"542544,0",2023-08-15,terça-feira,16:10:00,SC,282,"4,0",FLORIANOPOLIS,Reação tardia ou ineficiente do condutor,Colisão traseira,Com Vítimas Feridas,Pleno dia,Crescente,Céu Claro,Múltipla,Reta,Não,2,0,1,0,1,0,1,2,-27.592646,-48.604034,SPRF-SC,DEL01-SC,UOP01-DEL01-SC,2023
"542551,0",2023-08-15,terça-feira,16:30:00,SC,101,"118,6",ITAJAI,Ausência de reação do condutor,Colisão transversal,Com Vítimas Feridas,Pleno dia,Decrescente,Sol,Simples,Interseção de Vias,Não,2,0,1,0,1,0,1,2,-26.895859,-48.71903,SPRF-SC,DEL04-SC,UOP04-DEL04-SC,2023
"542591,0",2023-08-15,terça-feira,19:30:00,SC,470,"64,0",INDAIAL,Ingestão de álcool e/ou substâncias psicoativas pelo pedestre,Atropelamento de Pedestre,Com Vítimas Feridas,Plena Noite,Decrescente,Céu Claro,Simples,Reta,Não,2,0,1,0,1,0,1,2,-26.869867,-49.201859,SPRF-SC,DEL04-SC,UOP01-DEL04-SC,2023
"542603,0",2023-08-15,terça-feira,21:40:00,SC,101,"313,4",LAGUNA,Ausência de reação do condutor,Saída de leito carroçável,Sem Vítimas,Plena Noite,Decrescente,Céu Claro,Simples,Curva;Rotatória,Sim,2,0,0,0,2,0,0,1,-28.4404376,-48.81403409,SPRF-SC,DEL02-SC,UOP01-DEL02-SC,2023
"542628,0",2023-08-16,quarta-feira,05:15:00,SC,101,"157,0",PORTO BELO,Ingestão de álcool pelo condutor,Colisão com objeto,Sem Vítimas,Amanhecer,Crescente,Nublado,Dupla,Reta,Não,1,0,0,0,1,0,0,1,-27.181625,-48.6121179,SPRF-SC,DEL04-SC,UOP03-DEL04-SC,2023
"542630,0",2023-08-16,quarta-feira,05:30:00,SC,101,"218,1",PALHOCA,Acessar a via sem observar a presença dos outros veículos,Colisão lateral mesmo sentido,Com Vítimas Feridas,Amanhecer,Decrescente,Nublado,Simples,Reta,Sim,3,0,2,1,0,0,3,2,-27.6758601,-48.67052525,SPRF-SC,DEL01-SC,UOP02-DEL01-SC,2023