id,data_inversa,dia_semana,horario,uf,br,km,municipio,causa_acidente,tipo_acidente,classificacao_acidente,fase_dia,sentido_via,condicao_metereologica,tipo_pista,tracado_via,uso_solo,pessoas,mortos,feridos_leves,feridos_graves,ilesos,ignorados,feridos,veiculos,latitude,longitude,regional,delegacia,uop,ano_arquivo
"542643,0",2023-08-16,quarta-feira,07:20:00,SC,101,"210,0",SAO JOSE,Trafegar com motocicleta (ou similar) entre as faixas,Colisão lateral mesmo sentido,Com Vítimas Feridas,Pleno dia,Decrescente,Céu Claro,Dupla,Aclive;Reta,Sim,5,0,1,0,4,0,1,2,-27.6167305,-48.6457265,SPRF-SC,DEL01-SC,UOP01-DEL01-SC,2023
"542652,0",2023-08-16,quarta-feira,08:25:00,SC,101,"335,0",TUBARAO,Acessar a via sem observar a presença dos outros veículos,Colisão transversal,Com Vítimas Feridas,Pleno dia,Decrescente,Céu Claro,Dupla,Reta,Sim,2,0,0,1,1,0,1,2,-28.476495,-49.029519,SPRF-SC,DEL02-SC,UOP01-DEL02-SC,2023
"542679,0",2023-08-16,quarta-feira,11:10:00,SC,101,"327,0",CAPIVARI DE BAIXO,Desrespeitar a preferência no cruzamento,Colisão transversal,Com Vítimas Feridas,Pleno dia,Decrescente,Céu Claro,Múltipla,Reta,Não,2,0,1,0,1,0,1,2,-28.43023306,-48.95205197,SPRF-SC,DEL02-SC,UOP01-DEL02-SC,2023
"542713,0",2023-08-16,quarta-feira,14:30:00,SC,101,"149,0",ITAPEMA,Acessar a via sem observar a presença dos outros veículos,Tombamento,Com Vítimas Feridas,Pleno dia,Decrescente,Chuva,Múltipla,Reta,Sim,1,0,0,1,0,0,1,1,-27.1089649,-48.61277586,SPRF-SC,DEL04-SC,UOP03-DEL04-SC,2023
"542717,0",2023-08-16,quarta-feira,11:00:00,SC,280,"81,9",CORUPA,Conversão proibida,Colisão traseira,Sem Vítimas,Pleno dia,Decrescente,Céu Claro,Simples,Reta;Em Obras,Sim,2,0,0,0,2,0,0,2,-26.44057489,-49.217056,SPRF-SC,DEL06-SC,UOP03-DEL06-SC,2023
"542732,0",2023-08-16,quarta-feira,15:50:00,SC,101,"136,0",BALNEARIO CAMBORIU,Ausência de reação do condutor,Queda de ocupante de veículo,Com Vítimas Feridas,Pleno dia,Decrescente,Céu Claro,Dupla,Viaduto;Reta,Sim,1,0,1,0,0,0,1,1,-27.008113,-48.617245,SPRF-SC,DEL04-SC,UOP03-DEL04-SC,2023
"542760,0",2023-08-16,quarta-feira,19:00:00,SC,101,"111,1",NAVEGANTES,Conversão proibida,Colisão transversal,Com Vítimas Fatais,Plena Noite,Crescente,Céu Claro,Múltipla,Curva;Interseção de Vias,Sim,3,1,0,0,1,1,0,3,-26.8401293,-48.7149136,SPRF-SC,DEL04-SC,UOP04-DEL04-SC,2023
"542761,0",2023-08-16,quarta-feira,20:20:00,SC,101,"196,8",BIGUACU,Mal súbito do condutor,Queda de ocupante de veículo,Com Vítimas Feridas,Plena Noite,Decrescente,Céu Claro,Dupla,Reta,Não,1,0,1,0,0,0,1,1,-27.51101091,-48.64322292,SPRF-SC,DEL01-SC,UOP01-DEL01-SC,2023
"542765,0",2023-08-16,quarta-feira,20:40:00,SC,101,"194,7",BIGUACU,Acessar a via sem observar a presença dos outros veículos,Colisão transversal,Com Vítimas Feridas,Plena Noite,Decrescente,Céu Claro,Dupla,Interseção de Vias,Sim,2,0,1,0,1,0,1,2,-27.49815117,-48.65661236,SPRF-SC,DEL01-SC,UOP01-DEL01-SC,2023
"542768,0",2023-08-16,quarta-feira,19:45:00,SC,280,"27,5",ARAQUARI,Reação tardia ou ineficiente do condutor,Colisão frontal,Com Vítimas Feridas,Plena Noite,Decrescente,Nublado,Simples,Reta,Sim,2,0,1,0,1,0,1,2,-26.39685622,-48.74021969,SPRF-SC,DEL03-SC,UOP03-DEL03-SC,2023
"542778,0",2023-08-16,quarta-feira,21:20:00,SC,470,"94,9",APIUNA,Acessar a via sem observar a presença dos outros veículos,Colisão transversal,Com Vítimas Feridas,Plena Noite,Crescente,Céu Claro,Simples,Reta,Não,2,0,0,1,1,0,1,2,-27.003345,-49.374668,SPRF-SC,DEL04-SC,UOP01-DEL04-SC,2023
"542789,0",2023-08-16,quarta-feira,22:50:00,SC,280,"128,0",RIO NEGRINHO,Desrespeitar a preferência no cruzamento,Colisão frontal,Com Vítimas Feridas,Plena Noite,Crescente,Nevoeiro/Neblina,Simples,Curva;Interseção de Vias,Sim,2,0,0,1,1,0,1,2,-26.25152147,-49.5270431,SPRF-SC,DEL06-SC,UOP03-DEL06-SC,2023
"542820,0",2023-08-17,quinta-feira,07:40:00,SC,101,"119,0",ITAJAI,Condutor deixou de manter distância do veículo da frente,Colisão traseira,Com Vítimas Feridas,Pleno dia,Decrescente,Nublado,Dupla,Reta,Não,2,0,0,1,1,0,1,2,-26.9043179,-48.71555481,SPRF-SC,DEL04-SC,UOP04-DEL04-SC,2023
"542823,0",2023-08-17,quinta-feira,08:26:00,SC,101,"150,0",ITAPEMA,Transitar na contramão,Colisão transversal,Com Vítimas Feridas,Pleno dia,Decrescente,Nublado,Simples,Interseção de Vias,Não,2,0,0,1,1,0,1,2,-27.11744799,-48.60940987,SPRF-SC,DEL04-SC,UOP03-DEL04-SC,2023
"542831,0",2023-08-17,quinta-feira,07:10:00,SC,470,"34,9",GASPAR,Desrespeitar a preferência no cruzamento,Colisão transversal,Com Vítimas Feridas,Pleno dia,Decrescente,Céu Claro,Simples,Interseção de Vias,Sim,2,0,1,0,1,0,1,2,-26.910646,-48.949341,SPRF-SC,DEL04-SC,UOP01-DEL04-SC,2023
"542833,0",2023-08-17,quinta-feira,08:50:00,SC,101,"408,4",ARARANGUA,Desrespeitar a preferência no cruzamento,Colisão transversal,Com Vítimas Feridas,Pleno dia,Decrescente,Céu Claro,Simples,Rotatória,Sim,2,0,1,0,1,0,1,2,-28.92800741,-49.49291468,SPRF-SC,DEL02-SC,UOP02-DEL02-SC,2023
"542841,0",2023-08-17,quinta-feira,07:40:00,SC,101,"369,0",ICARA,Trafegar com motocicleta (ou similar) entre as faixas,Saída de leito carroçável,Com Vítimas Feridas,Pleno dia,Decrescente,Céu Claro,Múltipla,Reta,Não,2,0,1,0,1,0,1,1,-28.69775604,-49.182934,SPRF-SC,DEL02-SC,UOP01-DEL02-SC,2023
"542865,0",2023-08-17,quinta-feira,11:30:00,SC,282,"340,3",CAMPOS NOVOS,Ausência de reação do condutor,Colisão traseira,Com Vítimas Fatais,Pleno dia,Crescente,Sol,Simples,Reta,Sim,2,1,0,0,1,0,0,2,-27.3903542,-51.20085955,SPRF-SC,DEL07-SC,UOP06-DEL07-SC,2023
"542888,0",2023-08-17,quinta-feira,13:35:00,SC,101,"134,2",BALNEARIO CAMBORIU,Desrespeitar a preferência no cruzamento,Colisão lateral mesmo sentido,Com Vítimas Feridas,Pleno dia,Crescente,Céu Claro,Simples,Interseção de Vias,Sim,2,0,1,0,1,0,1,2,-27.00218,-48.636433,SPRF-SC,DEL04-SC,UOP03-DEL04-SC,2023
"542889,0",2023-08-17,quinta-feira,15:00:00,SC,470,"286,6",BRUNOPOLIS,Velocidade Incompatível,Capotamento,Com Vítimas Feridas,Pleno dia,Crescente,Céu Claro,Simples,Curva,Não,2,0,0,2,0,0,2,1,-27.32847,-50.922611,SPRF-SC,DEL07-SC,UOP06-DEL07-SC,2023
"542897,0",2023-08-17,quinta-feira,17:30:00,SC,101,"203,0",SAO JOSE,Reação tardia ou ineficiente do condutor,Queda de ocupante de veículo,Com Vítimas Feridas,Anoitecer,Crescente,Céu Claro,Dupla,Reta,Sim,1,0,1,0,0,0,1,1,-27.5650044,-48.61460082,SPRF-SC,DEL01-SC,UOP01-DEL01-SC,2023
"542929,0",2023-08-17,quinta-feira,19:45:00,SC,158,"102,0",CUNHA PORA,Transitar na contramão,Colisão frontal,Com Vítimas Feridas,Plena Noite,Crescente,Céu Claro,Simples,Declive;Reta,Não,3,0,0,1,2,0,1,3,-26.84425606,-53.17106511,SPRF-SC,DEL07-SC,UOP02-DEL07-SC,2023
"542934,0",2023-08-17,quinta-feira,20:40:00,SC,101,"149,9",ITAPEMA,Ingestão de álcool pelo condutor,Saída de leito carroçável,Com Vítimas Feridas,Plena Noite,Crescente,Céu Claro,Simples,Reta,Sim,2,0,2,0,0,0,2,1,-27.1089649,-48.61277586,SPRF-SC,DEL04-SC,UOP03-DEL04-SC,2023
"542942,0",2023-08-17,quinta-feira,20:40:00,SC,101,"90,1",BARRA VELHA,Velocidade Incompatível,Saída de leito carroçável,Com Vítimas Feridas,Plena Noite,Decrescente,Céu Claro,Dupla,Interseção de Vias;Reta,Sim,1,0,1,0,0,0,1,1,-26.66148503,-48.68866176,SPRF-SC,DEL03-SC,UOP02-DEL03-SC,2023
"542955,0",2023-08-17,quinta-feira,12:20:00,SC,101,"202,2",SAO JOSE,Condutor deixou de manter distância do veículo da frente,Colisão traseira,Com Vítimas Feridas,Pleno dia,Decrescente,Céu Claro,Múltipla,Reta,Sim,2,0,1,0,1,0,1,2,-27.55711595,-48.61897889,SPRF-SC,DEL01-SC,UOP01-DEL01-SC,2023
"542975,0",2023-08-18,sexta-feira,06:40:00,SC,101,"201,0",SAO JOSE,Acessar a via sem observar a presença dos outros veículos,Colisão lateral mesmo sentido,Com Vítimas Feridas,Pleno dia,Crescente,Céu Claro,Dupla,Interseção de Vias;Reta,Sim,4,0,1,0,3,0,1,2,-27.54836599,-48.61977975,SPRF-SC,DEL01-SC,UOP01-DEL01-SC,2023
"542976,0",2023-08-18,sexta-feira,06:15:00,SC,101,"211,1",PALHOCA,Ingestão de álcool pelo condutor,Colisão traseira,Com Vítimas Feridas,Amanhecer,Crescente,Céu Claro,Dupla,Reta,Sim,3,0,3,0,0,0,3,3,-27.62329313,-48.65245588,SPRF-SC,DEL01-SC,UOP02-DEL01-SC,2023
"542997,0",2023-08-18,sexta-feira,07:40:00,SC,101,"146,8",ITAPEMA,Reação tardia ou ineficiente do condutor,Atropelamento de Pedestre,Com Vítimas Feridas,Pleno dia,Decrescente,Sol,Múltipla,Interseção de Vias,Não,2,0,1,0,1,0,1,2,-27.09035204,-48.61500084,SPRF-SC,DEL04-SC,UOP03-DEL04-SC,2023
"543016,0",2023-08-18,sexta-feira,09:40:00,SC,470,"179,8",POUSO REDONDO,Desrespeitar a preferência no cruzamento,Colisão transversal,Com Vítimas Feridas,Pleno dia,Decrescente,Nublado,Simples,Reta,Não,3,0,2,0,1,0,2,2,-27.24797205,-49.97657061,SPRF-SC,DEL04-SC,UOP02-DEL04-SC,2023
"543021,0",2023-08-18,sexta-feira,09:50:00,SC,101,"115,9",ITAJAI,Condutor deixou de manter distância do veículo da frente,Colisão traseira,Com Vítimas Feridas,Pleno dia,Decrescente,Céu Claro,Dupla,Reta,Sim,2,0,2,0,0,0,2,2,-26.87064015,-48.72954134,SPRF-SC,DEL04-SC,UOP04-DEL04-SC,2023
"543023,0",2023-08-18,sexta-feira,09:30:00,SC,101,"275,9",IMBITUBA,Ingestão de álcool pelo condutor,Colisão com objeto,Sem Vítimas,Pleno dia,Crescente,Céu Claro,Múltipla,Aclive;Reta,Não,1,0,0,0,1,0,0,1,-28.1575343,-48.6930263,SPRF-SC,DEL02-SC,UOP03-DEL02-SC,2023
"543039,0",2023-07-29,sábado,15:00:00,SC,101,"199,1",SAO JOSE,Velocidade Incompatível,Tombamento,Com Vítimas Feridas,Pleno dia,Decrescente,Céu Claro,Dupla,Declive;Viaduto,Sim,2,0,2,0,0,0,2,1,-27.53413705,-48.63003205,SPRF-SC,DEL01-SC,UOP01-DEL01-SC,2023
"543049,0",2023-08-18,sexta-feira,09:05:00,SC,101,"331,6",TUBARAO,Condutor deixou de manter distância do veículo da frente,Colisão traseira,Com Vítimas Feridas,Pleno dia,Crescente,Céu Claro,Dupla,Interseção de Vias;Reta,Não,3,0,1,0,2,0,1,3,-28.46446591,-48.99627686,SPRF-SC,DEL02-SC,UOP01-DEL02-SC,2023
"543064,0",2023-08-18,sexta-feira,13:40:00,SC,282,"17,0",PALHOCA,Acessar a via sem observar a presença dos outros veículos,Colisão transversal,Com Vítimas Feridas,Pleno dia,Decrescente,Céu Claro,Simples,Reta,Sim,2,0,1,0,1,0,1,2,-27.665707,-48.688065,SPRF-SC,DEL01-SC,UOP02-DEL01-SC,2023
"543091,0",2023-08-18,sexta-feira,16:00:00,SC,101,"198,0",SAO JOSE,Velocidade Incompatível,Colisão traseira,Com Vítimas Feridas,Pleno dia,Crescente,Céu Claro,Dupla,Reta,Sim,2,0,1,0,1,0,1,2,-27.52658712,-48.63506019,SPRF-SC,DEL01-SC,UOP01-DEL01-SC,2023
"543105,0",2023-08-18,sexta-feira,16:55:00,SC,282,"3,8",FLORIANOPOLIS,Demais falhas mecânicas ou elétricas,Incêndio,Sem Vítimas,Pleno dia,Crescente,Sol,Múltipla,Reta,Sim,1,0,0,0,1,0,0,1,-27.600384,-48.599705,SPRF-SC,DEL01-SC,UOP01-DEL01-SC,2023
"543127,0",2023-08-18,sexta-feira,16:15:00,SC,116,"267,7",CAPAO ALTO,Acessar a via sem observar a presença dos outros veículos,Colisão transversal,Com Vítimas Fatais,Pleno dia,Crescente,Chuva,Simples,Interseção de Vias;Reta,Não,5,4,0,0,1,0,0,2,-27.95643,-50.484384,SPRF-SC,DEL05-SC,UOP02-DEL05-SC,2023
"543137,0",2023-08-18,sexta-feira,18:20:00,SC,101,"55,8",JOINVILLE,Ausência de reação do condutor,Colisão traseira,Com Vítimas Feridas,Anoitecer,Decrescente,Céu Claro,Dupla,Reta,Não,3,0,1,0,2,0,1,2,-26.42280898,-48.82977496,SPRF-SC,DEL03-SC,UOP01-DEL03-SC,2023
"543142,0",2023-08-18,sexta-feira,19:00:00,SC,470,"67,7",INDAIAL,Ausência de reação do condutor,Colisão transversal,Com Vítimas Feridas,Plena Noite,Crescente,Chuva,Simples,Viaduto;Reta,Sim,2,0,0,1,1,0,1,2,-26.87486879,-49.236238,SPRF-SC,DEL04-SC,UOP01-DEL04-SC,2023
"543148,0",2023-08-18,sexta-feira,17:20:00,SC,101,"56,7",ARAQUARI,Ausência de reação do condutor,Colisão traseira,Com Vítimas Feridas,Pleno dia,Decrescente,Céu Claro,Dupla,Reta,Sim,2,0,1,0,1,0,1,2,-26.43207484,-48.82263984,SPRF-SC,DEL03-SC,UOP01-DEL03-SC,2023
"543153,0",2023-08-18,sexta-feira,18:30:00,SC,153,"80,0",IRANI,Chuva,Capotamento,Com Vítimas Feridas,Plena Noite,Crescente,Chuva,Simples,Curva,Não,2,0,1,0,1,0,1,1,-27.117521,-51.914806,SPRF-SC,DEL07-SC,UOP04-DEL07-SC,2023
"543161,0",2023-08-18,sexta-feira,20:15:00,SC,101,"258,7",PAULO LOPES,Reação tardia ou ineficiente do condutor,Colisão com objeto,Com Vítimas Feridas,Plena Noite,Decrescente,Chuva,Dupla,Aclive;Reta,Não,2,0,1,0,1,0,1,1,-28.01018975,-48.69419038,SPRF-SC,DEL02-SC,UOP03-DEL02-SC,2023
"543163,0",2023-08-18,sexta-feira,16:57:00,SC,280,"80,4",CORUPA,Acessar a via sem observar a presença dos outros veículos,Colisão transversal,Com Vítimas Feridas,Pleno dia,Decrescente,Céu Claro,Simples,Interseção de Vias;Reta,Sim,2,0,0,1,1,0,1,2,-26.44412189,-49.20975187,SPRF-SC,DEL06-SC,UOP03-DEL06-SC,2023
"543182,0",2023-08-18,sexta-feira,21:55:00,SC,101,"199,6",SAO JOSE,Manobra de mudança de faixa,Colisão traseira,Com Vítimas Feridas,Plena Noite,Decrescente,Chuva,Múltipla,Reta,Não,3,0,3,0,0,0,3,2,-27.53413705,-48.63003205,SPRF-SC,DEL01-SC,UOP01-DEL01-SC,2023
"543205,0",2023-08-19,sábado,00:20:00,SC,101,"317,0",PESCARIA BRAVA,Reação tardia ou ineficiente do condutor,Colisão traseira,Com Vítimas Feridas,Pleno dia,Decrescente,Nublado,Dupla,Reta,Não,2,0,1,0,1,0,1,2,-28.42708421,-48.85211624,SPRF-SC,DEL02-SC,UOP01-DEL02-SC,2023
"543213,0",2023-08-19,sábado,02:20:00,SC,101,"49,8",JOINVILLE,Ingestão de álcool pelo condutor,Colisão com objeto,Sem Vítimas,Plena Noite,Crescente,Chuva,Simples,Viaduto,Não,1,0,0,0,1,0,0,1,-26.36479799,-48.85878798,SPRF-SC,DEL03-SC,UOP01-DEL03-SC,2023
"543218,0",2023-08-19,sábado,04:30:00,SC,101,"276,9",IMBITUBA,Ingestão de álcool pelo condutor,Colisão com objeto,Sem Vítimas,Plena Noite,Crescente,Nublado,Múltipla,Interseção de Vias;Reta,Não,1,0,0,0,0,1,0,1,-28.16499728,-48.69385242,SPRF-SC,DEL02-SC,UOP03-DEL02-SC,2023
"543222,0",2023-08-19,sábado,05:30:00,SC,101,"212,0",PALHOCA,Velocidade Incompatível,Colisão com objeto,Sem Vítimas,Amanhecer,Crescente,Céu Claro,Simples,Reta,Sim,1,0,0,0,1,0,0,1,-27.62996929,-48.65903871,SPRF-SC,DEL01-SC,UOP02-DEL01-SC,2023
"543224,0",2023-08-19,sábado,06:30:00,SC,282,"379,0",HERVAL DOESTE,Ausência de reação do condutor,Queda de ocupante de veículo,Com Vítimas Feridas,Amanhecer,Decrescente,Nublado,Dupla,Reta,Não,1,0,1,0,0,0,1,1,-27.214668,-51.489677,SPRF-SC,DEL07-SC,UOP05-DEL07-SC,2023
"543231,0",2023-08-19,sábado,05:00:00,SC,101,"121,4",ITAJAI,Condutor deixou de manter distância do veículo da frente,Colisão traseira,Com Vítimas Feridas,Amanhecer,Decrescente,Céu Claro,Múltipla,Reta,Sim,2,0,1,0,0,1,1,2,-26.92103178,-48.70856446,SPRF-SC,DEL04-SC,UOP04-DEL04-SC,2023
"543243,0",2023-03-25,sábado,02:20:00,SC,101,"190,0",BIGUACU,Velocidade Incompatível,Colisão com objeto,Sem Vítimas,Plena Noite,Crescente,Céu Claro,Dupla,Reta,Não,4,0,0,0,4,0,0,3,-27.468056,-48.641712,SPRF-SC,DEL01-SC,UOP01-DEL01-SC,2023
"543278,0",2023-08-19,sábado,11:20:00,SC,101,"194,0",BIGUACU,Avarias e/ou desgaste excessivo no pneu,Tombamento,Com Vítimas Feridas,Pleno dia,Crescente,Nublado,Dupla,Reta,Sim,1,0,1,0,0,0,1,1,-27.49815117,-48.65661236,SPRF-SC,DEL01-SC,UOP01-DEL01-SC,2023
"543287,0",2023-08-19,sábado,11:15:00,SC,101,"331,5",TUBARAO,Ausência de reação do condutor,Colisão com objeto,Com Vítimas Feridas,Pleno dia,Crescente,Céu Claro,Múltipla,Em Obras;Viaduto;Reta,Sim,1,0,1,0,0,0,1,1,-28.45567521,-48.9812689,SPRF-SC,DEL02-SC,UOP01-DEL02-SC,2023
"543320,0",2023-08-19,sábado,14:50:00,SC,470,"1,2",NAVEGANTES,Pedestre cruzava a pista fora da faixa,Atropelamento de Pedestre,Com Vítimas Feridas,Pleno dia,Crescente,Nublado,Dupla,Reta,Sim,2,0,0,1,1,0,1,2,-26.875383,-48.668285,SPRF-SC,DEL04-SC,UOP04-DEL04-SC,2023
"543329,0",2023-08-19,sábado,16:30:00,SC,101,"216,0",PALHOCA,Desrespeitar a preferência no cruzamento,Colisão transversal,Com Vítimas Feridas,Pleno dia,Crescente,Céu Claro,Simples,Rotatória,Não,4,0,2,0,2,0,2,2,-27.65586529,-48.6794275,SPRF-SC,DEL01-SC,UOP02-DEL01-SC,2023
"543346,0",2023-08-19,sábado,19:10:00,SC,101,"176,0",BIGUACU,Ausência de reação do condutor,Queda de ocupante de veículo,Com Vítimas Feridas,Plena Noite,Crescente,Nublado,Dupla,Reta,Não,1,0,0,1,0,0,1,1,-27.34661396,-48.63300917,SPRF-SC,DEL01-SC,UOP01-DEL01-SC,2023
"543352,0",2023-08-19,sábado,19:20:00,SC,101,"463,0",PASSO DE TORRES,Ausência de reação do condutor,Tombamento,Com Vítimas Feridas,Plena Noite,Decrescente,Céu Claro,Simples,Rotatória,Não,1,0,1,0,0,0,1,1,-29.29421214,-49.76369977,SPRF-RS,DEL03-RS,UOP02-DEL03-RS,2023
"543385,0",2023-08-19,sábado,20:35:00,SC,470,"247,3",CURITIBANOS,Velocidade Incompatível,Saída de leito carroçável,Com Vítimas Feridas,Plena Noite,Crescente,Céu Claro,Simples,Reta,Sim,2,0,2,0,0,0,2,1,-27.312819,-50.560728,SPRF-SC,DEL05-SC,UOP03-DEL05-SC,2023
"543386,0",2023-08-19,sábado,22:00:00,SC,280,"66,0",JARAGUA DO SUL,Conversão proibida,Colisão transversal,Com Vítimas Feridas,Plena Noite,Decrescente,Céu Claro,Simples,Reta,Sim,2,0,1,0,1,0,1,2,-26.478254,-49.102419,SPRF-SC,DEL03-SC,UOP03-DEL03-SC,2023
"543389,0",2023-08-19,sábado,21:50:00,SC,116,"68,2",MONTE CASTELO,Acessar a via sem observar a presença dos outros veículos,Colisão transversal,Com Vítimas Feridas,Plena Noite,Crescente,Nublado,Simples,Aclive;Reta;Interseção de Vias,Sim,3,0,2,0,0,1,2,2,-26.4526362,-50.2277937,SPRF-SC,DEL06-SC,UOP02-DEL06-SC,2023
"543400,0",2023-08-19,sábado,23:45:00,SC,280,"58,9",GUARAMIRIM,Velocidade Incompatível,Colisão com objeto,Com Vítimas Feridas,Plena Noite,Decrescente,Céu Claro,Dupla,Curva,Sim,1,0,0,1,0,0,1,1,-26.4748037,-49.0295697,SPRF-SC,DEL03-SC,UOP03-DEL03-SC,2023
"543422,0",2023-08-20,domingo,02:00:00,SC,101,"94,7",BARRA VELHA,Transtornos Mentais (exceto suicidio),Saída de leito carroçável,Com Vítimas Feridas,Plena Noite,Decrescente,Céu Claro,Dupla,Reta,Não,2,0,1,0,0,1,1,1,-26.69940401,-48.69902784,SPRF-SC,DEL03-SC,UOP02-DEL03-SC,2023
"543425,0",2023-08-20,domingo,03:20:00,SC,101,"209,0",SAO JOSE,Ausência de reação do condutor,Capotamento,Sem Vítimas,Plena Noite,Crescente,Céu Claro,Múltipla,Reta,Não,1,0,0,0,1,0,0,1,-27.61000542,-48.63895057,SPRF-SC,DEL01-SC,UOP01-DEL01-SC,2023
"543426,0",2023-08-20,domingo,02:45:00,SC,470,"247,4",CURITIBANOS,Velocidade Incompatível,Colisão com objeto,Com Vítimas Feridas,Plena Noite,Decrescente,Nublado,Simples,Interseção de Vias,Sim,2,0,2,0,0,0,2,1,-27.315269,-50.541786,SPRF-SC,DEL05-SC,UOP03-DEL05-SC,2023
"543432,0",2023-08-20,domingo,04:15:00,SC,282,"538,1",CHAPECO,Ausência de reação do condutor,Saída de leito carroçável,Com Vítimas Feridas,Plena Noite,Crescente,Céu Claro,Simples,Reta,Não,1,0,1,0,0,0,1,1,-26.998323,-52.673199,SPRF-SC,DEL07-SC,UOP01-DEL07-SC,2023
"543433,0",2023-08-20,domingo,04:00:00,SC,101,"347,0",TUBARAO,Ingestão de álcool pelo condutor,Capotamento,Sem Vítimas,Plena Noite,Crescente,Céu Claro,Dupla,Reta,Não,2,0,0,0,2,0,0,1,-28.56402604,-49.05410532,SPRF-SC,DEL02-SC,UOP01-DEL02-SC,2023
"543453,0",2023-05-29,segunda-feira,16:40:00,SC,470,"2,0",NAVEGANTES,Reação tardia ou ineficiente do condutor,Colisão traseira,Com Vítimas Feridas,Pleno dia,Decrescente,Nublado,Simples,Reta,Sim,2,0,1,0,0,1,1,2,-26.868551,-48.674831,SPRF-SC,DEL04-SC,UOP04-DEL04-SC,2023
"543463,0",2023-08-20,domingo,08:10:00,SC,101,"204,6",SAO JOSE,Ingestão de álcool pelo condutor,Saída de leito carroçável,Sem Vítimas,Pleno dia,Decrescente,Céu Claro,Múltipla,Reta,Sim,1,0,0,0,1,0,0,1,-27.57413014,-48.61363083,SPRF-SC,DEL01-SC,UOP01-DEL01-SC,2023
"543478,0",2023-08-20,domingo,09:20:00,SC,101,"235,0",CANOINHAS,Desrespeitar a preferência no cruzamento,Colisão transversal,Sem Vítimas,Pleno dia,Decrescente,Nevoeiro/Neblina,Simples,Interseção de Vias;Reta,Sim,2,0,0,0,2,0,0,2,-26.19256068,-50.41652836,SPRF-SC,DEL01-SC,UOP02-DEL01-SC,2023
"543481,0",2023-08-20,domingo,09:50:00,SC,470,"29,5",GASPAR,Ausência de reação do condutor,Colisão lateral mesmo sentido,Com Vítimas Feridas,Pleno dia,Decrescente,Nublado,Dupla,Reta,Não,3,0,2,0,1,0,2,2,-26.89353252,-48.90880925,SPRF-SC,DEL04-SC,UOP01-DEL04-SC,2023
"543483,0",2023-08-20,domingo,06:25:00,SC,470,"87,0",ASCURRA,Transitar na contramão,Colisão frontal,Com Vítimas Fatais,Amanhecer,Decrescente,Nublado,Simples,Reta,Não,5,2,2,0,0,1,2,3,-26.94989757,-49.36842531,SPRF-SC,DEL04-SC,UOP01-DEL04-SC,2023
"543501,0",2023-08-20,domingo,11:40:00,SC,101,"1,8",GARUVA,Velocidade Incompatível,Colisão com objeto,Com Vítimas Feridas,Pleno dia,Decrescente,Céu Claro,Dupla,Reta,Não,1,0,1,0,0,0,1,1,-25.98895627,-48.88356133,SPRF-SC,DEL03-SC,UOP01-DEL03-SC,2023
"543505,0",2023-08-20,domingo,10:50:00,SC,101,"398,0",MARACAJA,Ausência de reação do condutor,Colisão com objeto,Com Vítimas Feridas,Pleno dia,Crescente,Céu Claro,Múltipla,Curva,Não,2,0,2,0,0,0,2,1,-28.836033,-49.420303,SPRF-SC,DEL02-SC,UOP02-DEL02-SC,2023
"543512,0",2023-08-20,domingo,13:44:00,SC,101,"205,5",SAO JOSE,Avarias e/ou desgaste excessivo no pneu,Queda de ocupante de veículo,Com Vítimas Feridas,Pleno dia,Decrescente,Céu Claro,Dupla,Reta,Sim,2,0,2,0,0,0,2,1,-27.58313237,-48.61532885,SPRF-SC,DEL01-SC,UOP01-DEL01-SC,2023
"543519,0",2023-08-20,domingo,11:00:00,SC,101,"273,0",IMBITUBA,Acessar a via sem observar a presença dos outros veículos,Colisão transversal,Com Vítimas Feridas,Pleno dia,Decrescente,Sol,Simples,Reta,Sim,4,0,2,0,2,0,2,2,-28.12382408,-48.69625015,SPRF-SC,DEL02-SC,UOP03-DEL02-SC,2023
"543529,0",2023-08-20,domingo,16:40:00,SC,101,"121,0",ITAJAI,Acessar a via sem observar a presença dos outros veículos,Colisão lateral mesmo sentido,Com Vítimas Feridas,Pleno dia,Decrescente,Nublado,Dupla,Reta,Sim,2,0,0,1,1,0,1,2,-26.92103178,-48.70856446,SPRF-SC,DEL04-SC,UOP04-DEL04-SC,2023
"543538,0",2023-08-20,domingo,16:10:00,SC,101,"57,0",ARAQUARI,Velocidade Incompatível,Tombamento,Com Vítimas Feridas,Pleno dia,Crescente,Sol,Simples,Interseção de Vias,Sim,2,0,2,0,0,0,2,1,-26.43646093,-48.81113029,SPRF-SC,DEL03-SC,UOP01-DEL03-SC,2023
"543549,0",2023-08-20,domingo,17:30:00,SC,101,"93,8",BARRA VELHA,Demais falhas mecânicas ou elétricas,Tombamento,Com Vítimas Feridas,Pleno dia,Decrescente,Céu Claro,Dupla,Curva;Aclive,Não,1,0,1,0,0,0,1,1,-26.70029104,-48.69902372,SPRF-SC,DEL03-SC,UOP02-DEL03-SC,2023