id,data_inversa,dia_semana,horario,uf,br,km,municipio,causa_acidente,tipo_acidente,classificacao_acidente,fase_dia,sentido_via,condicao_metereologica,tipo_pista,tracado_via,uso_solo,pessoas,mortos,feridos_leves,feridos_graves,ilesos,ignorados,feridos,veiculos,latitude,longitude,regional,delegacia,uop,ano_arquivo
"543577,0",2023-08-20,domingo,19:20:00,SC,101,"205,0",SAO JOSE,Condutor deixou de manter distância do veículo da frente,Colisão traseira,Com Vítimas Feridas,Plena Noite,Crescente,Céu Claro,Dupla,Reta,Sim,4,0,2,0,2,0,2,3,-27.58313237,-48.61532885,SPRF-SC,DEL01-SC,UOP01-DEL01-SC,2023
"543591,0",2023-08-20,domingo,15:30:00,SC,282,"576,2",PINHALZINHO,Velocidade Incompatível,Saída de leito carroçável,Com Vítimas Feridas,Pleno dia,Crescente,Nublado,Simples,Reta,Sim,2,0,0,2,0,0,2,1,-26.856054,-52.98011,SPRF-SC,DEL07-SC,UOP02-DEL07-SC,2023
"543597,0",2023-08-20,domingo,18:25:00,SC,282,"604,2",MARAVILHA,Transitar na contramão,Colisão lateral sentido oposto,Com Vítimas Feridas,Anoitecer,Decrescente,Céu Claro,Simples,Curva,Sim,7,0,4,1,2,0,5,3,-26.806049,-53.178757,SPRF-SC,DEL07-SC,UOP02-DEL07-SC,2023
"543611,0",2023-08-20,domingo,21:30:00,SC,470,"57,7",BLUMENAU,Ausência de reação do condutor,Colisão com objeto,Sem Vítimas,Plena Noite,Decrescente,Céu Claro,Simples,Curva;Em Obras;Desvio Temporário,Sim,1,0,0,0,1,0,0,1,-26.880428,-49.136532,SPRF-SC,DEL04-SC,UOP01-DEL04-SC,2023
"543628,0",2023-08-21,segunda-feira,00:30:00,SC,101,"212,0",PALHOCA,Reação tardia ou ineficiente do condutor,Tombamento,Com Vítimas Feridas,Plena Noite,Decrescente,Céu Claro,Simples,Reta,Sim,1,0,0,1,0,0,1,1,-27.62996929,-48.65903871,SPRF-SC,DEL01-SC,UOP02-DEL01-SC,2023
"543634,0",2023-08-21,segunda-feira,03:10:00,SC,101,"136,0",BALNEARIO CAMBORIU,Reação tardia ou ineficiente do condutor,Tombamento,Com Vítimas Feridas,Plena Noite,Decrescente,Céu Claro,Dupla,Interseção de Vias,Sim,1,0,1,0,0,0,1,1,-27.008113,-48.617245,SPRF-SC,DEL04-SC,UOP03-DEL04-SC,2023
"543650,0",2023-08-21,segunda-feira,07:30:00,SC,101,"206,9",SAO JOSE,Reação tardia ou ineficiente do condutor,Colisão traseira,Com Vítimas Feridas,Pleno dia,Crescente,Céu Claro,Múltipla,Aclive;Reta,Sim,2,0,1,0,1,0,1,2,-27.59193546,-48.61824557,SPRF-SC,DEL01-SC,UOP01-DEL01-SC,2023
"543653,0",2023-08-21,segunda-feira,07:45:00,SC,101,"117,0",ITAJAI,Ausência de reação do condutor,Colisão lateral mesmo sentido,Com Vítimas Feridas,Pleno dia,Crescente,Céu Claro,Múltipla,Reta,Sim,2,0,1,0,0,1,1,2,-26.88747187,-48.72252969,SPRF-SC,DEL04-SC,UOP04-DEL04-SC,2023
"543657,0",2023-08-21,segunda-feira,06:45:00,SC,282,"653,7",SAO MIGUEL DO OESTE,Acessar a via sem observar a presença dos outros veículos,Colisão transversal,Com Vítimas Feridas,Pleno dia,Decrescente,Céu Claro,Simples,Interseção de Vias,Não,2,0,1,0,1,0,1,2,-26.70506312,-53.52552474,SPRF-SC,DEL07-SC,UOP03-DEL07-SC,2023
"543664,0",2023-08-21,segunda-feira,06:50:00,SC,280,"14,0",SAO FRANCISCO DO SUL,Acessar a via sem observar a presença dos outros veículos,Colisão lateral mesmo sentido,Com Vítimas Feridas,Pleno dia,Crescente,Céu Claro,Simples,Reta,Não,2,0,0,1,1,0,1,2,-26.3301861,-48.65148076,SPRF-SC,DEL03-SC,UOP03-DEL03-SC,2023
"543673,0",2023-08-21,segunda-feira,10:05:00,SC,101,"40,0",JOINVILLE,Ausência de reação do condutor,Colisão com objeto,Com Vítimas Feridas,Pleno dia,Crescente,Sol,Simples,Aclive;Reta,Sim,1,0,1,0,0,0,1,1,-26.27176094,-48.89468382,SPRF-SC,DEL03-SC,UOP01-DEL03-SC,2023
"543679,0",2023-08-21,segunda-feira,10:34:00,SC,101,"253,0",PAULO LOPES,Acessar a via sem observar a presença dos outros veículos,Colisão transversal,Com Vítimas Feridas,Pleno dia,Crescente,Céu Claro,Simples,Reta,Sim,2,0,1,0,1,0,1,2,-27.96492999,-48.67962057,SPRF-SC,DEL02-SC,UOP03-DEL02-SC,2023
"543694,0",2023-08-21,segunda-feira,09:40:00,SC,101,"334,9",TUBARAO,Suicídio (presumido),Atropelamento de Pedestre,Com Vítimas Feridas,Pleno dia,Decrescente,Céu Claro,Múltipla,Reta,Sim,3,0,0,1,1,1,1,2,-28.46730446,-49.00604302,SPRF-SC,DEL02-SC,UOP01-DEL02-SC,2023
"543703,0",2023-08-21,segunda-feira,13:40:00,SC,101,"137,4",BALNEARIO CAMBORIU,Reação tardia ou ineficiente do condutor,Colisão traseira,Com Vítimas Feridas,Pleno dia,Crescente,Céu Claro,Dupla,Aclive;Reta;Viaduto,Sim,3,0,1,1,1,0,2,2,-27.0157238,-48.61192763,SPRF-SC,DEL04-SC,UOP03-DEL04-SC,2023
"543717,0",2023-07-12,quarta-feira,18:45:00,SC,101,"121,0",ITAJAI,Trafegar com motocicleta (ou similar) entre as faixas,Colisão lateral mesmo sentido,Com Vítimas Feridas,Plena Noite,Crescente,Céu Claro,Dupla,Reta,Não,2,0,0,1,1,0,1,2,-26.92103178,-48.70856446,SPRF-SC,DEL04-SC,UOP04-DEL04-SC,2023
"543735,0",2023-08-21,segunda-feira,17:30:00,SC,101,"134,1",BALNEARIO CAMBORIU,Trafegar com motocicleta (ou similar) entre as faixas,Colisão lateral mesmo sentido,Com Vítimas Feridas,Pleno dia,Crescente,Céu Claro,Múltipla,Reta,Sim,2,0,0,1,1,0,1,2,-27.00218,-48.636433,SPRF-SC,DEL04-SC,UOP03-DEL04-SC,2023
"543741,0",2023-08-21,segunda-feira,17:20:00,SC,280,"81,0",CORUPA,Acessar a via sem observar a presença dos outros veículos,Colisão transversal,Com Vítimas Feridas,Pleno dia,Crescente,Céu Claro,Simples,Reta,Sim,2,0,1,0,1,0,1,2,-26.4405748934,-49.2170559959,SPRF-SC,DEL06-SC,UOP03-DEL06-SC,2023
"543752,0",2023-08-21,segunda-feira,18:15:00,SC,101,"155,0",PORTO BELO,Transitar na contramão,Colisão frontal,Com Vítimas Feridas,Anoitecer,Crescente,Céu Claro,Simples,Viaduto;Curva,Não,2,0,0,1,1,0,1,2,-27.16292,-48.61129,SPRF-SC,DEL04-SC,UOP03-DEL04-SC,2023
"543755,0",2023-08-21,segunda-feira,19:00:00,SC,101,"442,0",SANTA ROSA DO SUL,Demais falhas mecânicas ou elétricas,Incêndio,Com Vítimas Feridas,Plena Noite,Crescente,Céu Claro,Múltipla,Reta,Não,2,0,1,0,1,0,1,1,-29.12959329,-49.68678391,SPRF-SC,DEL02-SC,UOP02-DEL02-SC,2023
"543759,0",2023-08-21,segunda-feira,19:50:00,SC,101,"118,0",ITAJAI,Demais falhas mecânicas ou elétricas,Tombamento,Com Vítimas Feridas,Plena Noite,Crescente,Nublado,Múltipla,Reta,Não,2,0,1,0,1,0,1,1,-26.895859,-48.71903,SPRF-SC,DEL04-SC,UOP04-DEL04-SC,2023
"543817,0",2023-04-15,sábado,20:15:00,SC,470,"156,0",AGRONOMICA,Ingestão de álcool pelo condutor,Colisão lateral sentido oposto,Com Vítimas Feridas,Plena Noite,Crescente,Céu Claro,Simples,Reta,Não,4,0,1,1,2,0,2,3,-27.281332,-49.760201,SPRF-SC,DEL04-SC,UOP02-DEL04-SC,2023
"543892,0",2023-08-22,terça-feira,15:45:00,SC,101,"202,0",SAO JOSE,Ausência de reação do condutor,Colisão traseira,Com Vítimas Feridas,Pleno dia,Crescente,Céu Claro,Múltipla,Reta,Sim,2,0,1,0,0,1,1,2,-27.55808244,-48.61848772,SPRF-SC,DEL01-SC,UOP01-DEL01-SC,2023
"543900,0",2023-08-22,terça-feira,18:00:00,SC,470,"138,0",RIO DO SUL,Reação tardia ou ineficiente do condutor,Colisão transversal,Com Vítimas Feridas,Plena Noite,Crescente,Céu Claro,Simples,Interseção de Vias,Não,2,0,1,0,1,0,1,2,-27.207214,-49.648476,SPRF-SC,DEL04-SC,UOP02-DEL04-SC,2023
"543913,0",2023-08-14,segunda-feira,10:35:00,SC,101,"205,0",SAO JOSE,Reação tardia ou ineficiente do condutor,Tombamento,Com Vítimas Feridas,Pleno dia,Crescente,Céu Claro,Dupla,Viaduto;Curva,Sim,2,0,0,1,1,0,1,1,-27.58313237,-48.61532885,SPRF-SC,DEL01-SC,UOP01-DEL01-SC,2023
"543926,0",2023-08-22,terça-feira,19:00:00,SC,101,"134,5",BALNEARIO CAMBORIU,Reação tardia ou ineficiente do condutor,Colisão transversal,Com Vítimas Feridas,Plena Noite,Decrescente,Nublado,Múltipla,Interseção de Vias,Sim,3,0,1,0,2,0,1,2,-27.00218,-48.636433,SPRF-SC,DEL04-SC,UOP03-DEL04-SC,2023
"543944,0",2023-08-22,terça-feira,20:00:00,SC,101,"425,0",ARARANGUA,Ausência de reação do condutor,Tombamento,Com Vítimas Feridas,Plena Noite,Decrescente,Nublado,Simples,Curva,Não,2,0,2,0,0,0,2,1,-29.02859309,-49.60229516,SPRF-SC,DEL02-SC,UOP02-DEL02-SC,2023
"543946,0",2023-08-22,terça-feira,20:15:00,SC,101,"49,8",JOINVILLE,Velocidade Incompatível,Tombamento,Com Vítimas Feridas,Plena Noite,Crescente,Céu Claro,Simples,Curva;Aclive;Retorno Regulamentado;Viaduto,Não,1,0,0,1,0,0,1,1,-26.36479799,-48.85878798,SPRF-SC,DEL03-SC,UOP01-DEL03-SC,2023
"543999,0",2023-08-23,quarta-feira,07:50:00,SC,101,"200,0",SAO JOSE,Manobra de mudança de faixa,Colisão lateral mesmo sentido,Com Vítimas Feridas,Pleno dia,Crescente,Céu Claro,Dupla,Reta,Não,2,0,1,0,1,0,1,2,-27.54018513,-48.62287714,SPRF-SC,DEL01-SC,UOP01-DEL01-SC,2023
"544009,0",2023-07-19,quarta-feira,18:20:00,SC,282,"137,0",BOM RETIRO,Desrespeitar a preferência no cruzamento,Colisão frontal,Com Vítimas Feridas,Plena Noite,Crescente,Céu Claro,Simples,Reta,Sim,6,0,2,3,0,1,5,3,-27.8218,-49.567032,SPRF-SC,DEL05-SC,UOP01-DEL05-SC,2023
"544018,0",2023-08-23,quarta-feira,09:20:00,SC,101,"42,9",JOINVILLE,Velocidade Incompatível,Colisão com objeto,Com Vítimas Feridas,Pleno dia,Crescente,Céu Claro,Dupla,Aclive,Sim,2,0,1,0,1,0,1,2,-26.29251598,-48.88474385,SPRF-SC,DEL03-SC,UOP01-DEL03-SC,2023
"544083,0",2023-08-23,quarta-feira,16:00:00,SC,101,"316,0",LAGUNA,Manobra de mudança de faixa,Atropelamento de Pedestre,Com Vítimas Feridas,Pleno dia,Decrescente,Sol,Dupla,Curva,Não,2,0,1,1,0,0,2,2,-28.42904239,-48.84257464,SPRF-SC,DEL02-SC,UOP01-DEL02-SC,2023
"544088,0",2023-08-23,quarta-feira,16:55:00,SC,280,"52,0",GUARAMIRIM,Condutor deixou de manter distância do veículo da frente,Colisão traseira,Com Vítimas Feridas,Anoitecer,Decrescente,Céu Claro,Múltipla,Reta,Sim,2,0,1,0,1,0,1,2,-26.468904,-48.96492,SPRF-SC,DEL03-SC,UOP03-DEL03-SC,2023
"544092,0",2023-08-23,quarta-feira,18:40:00,SC,101,"205,0",SAO JOSE,Manobra de mudança de faixa,Colisão lateral mesmo sentido,Com Vítimas Feridas,Anoitecer,Decrescente,Céu Claro,Múltipla,Reta,Não,2,0,1,0,1,0,1,2,-27.58313237,-48.61532885,SPRF-SC,DEL01-SC,UOP01-DEL01-SC,2023
"544095,0",2023-08-23,quarta-feira,18:04:00,SC,101,"217,2",PALHOCA,Transitar na contramão,Colisão transversal,Com Vítimas Feridas,Anoitecer,Crescente,Céu Claro,Simples,Reta,Sim,2,0,1,0,1,0,1,2,-27.66779034,-48.67393586,SPRF-SC,DEL01-SC,UOP02-DEL01-SC,2023
"544138,0",2023-08-23,quarta-feira,22:30:00,SC,470,"134,0",RIO DO SUL,Velocidade Incompatível,Colisão traseira,Com Vítimas Feridas,Plena Noite,Decrescente,Nublado,Simples,Rotatória,Não,2,0,1,0,1,0,1,2,-27.17494537,-49.58958954,SPRF-SC,DEL04-SC,UOP02-DEL04-SC,2023
"544140,0",2023-08-23,quarta-feira,23:30:00,SC,470,"35,3",GASPAR,Sinalização mal posicionada,Tombamento,Com Vítimas Feridas,Plena Noite,Crescente,Céu Claro,Simples,Reta;Em Obras,Não,1,0,0,1,0,0,1,1,-26.912857,-48.958965,SPRF-SC,DEL04-SC,UOP01-DEL04-SC,2023
"544165,0",2023-08-24,quinta-feira,06:00:00,SC,101,"153,0",PORTO BELO,Condutor deixou de manter distância do veículo da frente,Colisão traseira,Com Vítimas Feridas,Pleno dia,Crescente,Nublado,Dupla,Reta,Não,6,0,3,0,3,0,3,3,-27.144717,-48.61063935,SPRF-SC,DEL04-SC,UOP03-DEL04-SC,2023
"544169,0",2023-08-24,quinta-feira,06:30:00,SC,101,"51,3",JOINVILLE,Avarias e/ou desgaste excessivo no pneu,Tombamento,Com Vítimas Feridas,Pleno dia,Crescente,Céu Claro,Dupla,Reta,Não,2,0,2,0,0,0,2,1,-26.39817407,-48.83955002,SPRF-SC,DEL03-SC,UOP01-DEL03-SC,2023
"544172,0",2023-08-24,quinta-feira,05:35:00,SC,101,"116,0",ITAJAI,Condutor deixou de manter distância do veículo da frente,Colisão traseira,Com Vítimas Feridas,Amanhecer,Crescente,Nublado,Dupla,Reta,Não,2,0,1,0,1,0,1,2,-26.87905605,-48.72603512,SPRF-SC,DEL04-SC,UOP04-DEL04-SC,2023
"544201,0",2023-08-24,quinta-feira,09:05:00,SC,280,"29,6",ARAQUARI,Transitar no Acostamento,Colisão transversal,Com Vítimas Feridas,Pleno dia,Crescente,Céu Claro,Simples,Reta,Não,2,0,1,1,0,0,2,2,-26.41066264,-48.75295628,SPRF-SC,DEL03-SC,UOP03-DEL03-SC,2023
"544208,0",2023-08-24,quinta-feira,07:20:00,SC,470,"27,0",ILHOTA,Ausência de reação do condutor,Colisão transversal,Com Vítimas Feridas,Amanhecer,Crescente,Céu Claro,Dupla,Reta,Sim,2,0,1,0,1,0,1,2,-26.891006,-48.884411,SPRF-SC,DEL04-SC,UOP01-DEL04-SC,2023
"544211,0",2023-08-24,quinta-feira,07:50:00,SC,101,"45,8",JOINVILLE,Transitar no Acostamento,Colisão lateral mesmo sentido,Sem Vítimas,Pleno dia,Decrescente,Nublado,Dupla,Reta,Não,2,0,0,0,2,0,0,2,-26.34434499,-48.85761738,SPRF-SC,DEL03-SC,UOP01-DEL03-SC,2023
"544226,0",2023-08-24,quinta-feira,10:40:00,SC,282,"54,0",AGUAS MORNAS,Avarias e/ou desgaste excessivo no pneu,Tombamento,Com Vítimas Feridas,Pleno dia,Crescente,Céu Claro,Simples,Curva;Declive,Não,1,0,1,0,0,0,1,1,-27.68800949,-48.97894442,SPRF-SC,DEL01-SC,UOP03-DEL01-SC,2023
"544238,0",2023-08-24,quinta-feira,11:25:00,SC,101,"134,0",BALNEARIO CAMBORIU,Ausência de reação do condutor,Colisão lateral mesmo sentido,Com Vítimas Feridas,Pleno dia,Decrescente,Céu Claro,Simples,Reta,Sim,2,0,1,0,1,0,1,2,-27.00218,-48.636433,SPRF-SC,DEL04-SC,UOP03-DEL04-SC,2023
"544239,0",2023-08-11,sexta-feira,22:45:00,SC,470,"49,2",BLUMENAU,Ausência de reação do condutor,Tombamento,Com Vítimas Fatais,Plena Noite,Crescente,Nublado,Dupla,Reta,Sim,2,1,0,0,1,0,0,2,-26.8611262,-49.0669683,SPRF-SC,DEL04-SC,UOP01-DEL04-SC,2023
"544256,0",2023-08-24,quinta-feira,13:30:00,SC,101,"234,0",PALHOCA,Manobra de mudança de faixa,Colisão traseira,Com Vítimas Feridas,Pleno dia,Decrescente,Céu Claro,Dupla,Aclive,Não,3,0,1,1,1,0,2,2,-27.81043812,-48.63537111,SPRF-SC,DEL01-SC,UOP02-DEL01-SC,2023
"544324,0",2023-08-24,quinta-feira,19:15:00,SC,101,"123,0",ITAJAI,Acumulo de água sobre o pavimento,Tombamento,Com Vítimas Feridas,Plena Noite,Decrescente,Garoa/Chuvisco,Dupla,Reta,Sim,1,0,1,0,0,0,1,1,-26.93668609,-48.69876905,SPRF-SC,DEL04-SC,UOP04-DEL04-SC,2023
"544348,0",2023-08-24,quinta-feira,22:05:00,SC,101,"205,0",SAO JOSE,Acumulo de óleo sobre o pavimento,Queda de ocupante de veículo,Com Vítimas Feridas,Plena Noite,Decrescente,Nublado,Dupla,Reta,Sim,3,0,2,0,1,0,2,2,-27.58313237,-48.61532885,SPRF-SC,DEL01-SC,UOP01-DEL01-SC,2023
"544380,0",2023-08-25,sexta-feira,05:40:00,SC,280,"59,0",GUARAMIRIM,Acesso irregular,Colisão transversal,Com Vítimas Feridas,Amanhecer,Crescente,Nublado,Simples,Curva,Não,2,0,1,0,1,0,1,2,-26.47525778,-49.03098916,SPRF-SC,DEL03-SC,UOP03-DEL03-SC,2023
"544396,0",2023-08-25,sexta-feira,06:50:00,SC,101,"49,0",JOINVILLE,Ultrapassagem Indevida,Colisão lateral mesmo sentido,Com Vítimas Feridas,Amanhecer,Crescente,Céu Claro,Dupla,Curva,Não,2,0,1,0,0,1,1,2,-26.36479799,-48.85878798,SPRF-SC,DEL03-SC,UOP01-DEL03-SC,2023
"544408,0",2023-08-25,sexta-feira,07:05:00,SC,280,"26,9",ARAQUARI,Transitar na contramão,Colisão transversal,Com Vítimas Feridas,Pleno dia,Decrescente,Nublado,Simples,Reta;Em Obras,Não,2,0,1,0,1,0,1,2,-26.38972308,-48.73411593,SPRF-SC,DEL03-SC,UOP03-DEL03-SC,2023
"544417,0",2023-08-10,quinta-feira,06:40:00,SC,280,"26,0",ARAQUARI,Ultrapassagem Indevida,Colisão lateral mesmo sentido,Com Vítimas Feridas,Amanhecer,Crescente,Nublado,Simples,Reta,Não,2,0,1,0,1,0,1,2,-26.38972308,-48.73411593,SPRF-SC,DEL03-SC,UOP03-DEL03-SC,2023
"544424,0",2023-08-18,sexta-feira,06:28:00,SC,280,"24,0",ARAQUARI,Transitar no Acostamento,Atropelamento de Pedestre,Sem Vítimas,Amanhecer,Crescente,Nublado,Simples,Reta,Não,2,0,0,0,0,2,0,2,-26.37724921,-48.71953282,SPRF-SC,DEL03-SC,UOP03-DEL03-SC,2023
"544435,0",2023-08-25,sexta-feira,11:30:00,SC,470,"53,3",BLUMENAU,Retorno proibido,Colisão lateral mesmo sentido,Com Vítimas Feridas,Pleno dia,Crescente,Garoa/Chuvisco,Simples,Curva;Em Obras,Não,3,0,1,0,2,0,1,2,-26.86834076,-49.10440743,SPRF-SC,DEL04-SC,UOP01-DEL04-SC,2023
"544474,0",2023-08-25,sexta-feira,07:30:00,SC,282,"4,5",FLORIANOPOLIS,Acessar a via sem observar a presença dos outros veículos,Colisão lateral mesmo sentido,Com Vítimas Feridas,Pleno dia,Decrescente,Garoa/Chuvisco,Múltipla,Reta,Sim,3,0,1,0,2,0,1,3,-27.592646,-48.604034,SPRF-SC,DEL01-SC,UOP01-DEL01-SC,2023
"544492,0",2023-08-25,sexta-feira,17:20:00,SC,101,"201,0",SAO JOSE,Ausência de reação do condutor,Colisão traseira,Com Vítimas Feridas,Anoitecer,Crescente,Chuva,Múltipla,Reta,Não,2,0,1,0,1,0,1,2,-27.55711595,-48.61897889,SPRF-SC,DEL01-SC,UOP01-DEL01-SC,2023
"544503,0",2023-08-25,sexta-feira,18:20:00,SC,101,"204,0",SAO JOSE,Ausência de reação do condutor,Colisão traseira,Com Vítimas Feridas,Plena Noite,Decrescente,Chuva,Dupla,Reta,Sim,4,0,1,0,3,0,1,3,-27.57413014,-48.61363083,SPRF-SC,DEL01-SC,UOP01-DEL01-SC,2023
"544554,0",2023-08-25,sexta-feira,21:15:00,SC,470,"65,2",INDAIAL,Entrada inopinada do pedestre,Atropelamento de Pedestre,Com Vítimas Fatais,Plena Noite,Crescente,Nublado,Simples,Interseção de Vias;Reta,Sim,2,1,1,0,0,0,1,2,-26.87052284,-49.21379512,SPRF-SC,DEL04-SC,UOP01-DEL04-SC,2023
"544593,0",2023-08-26,sábado,05:50:00,SC,101,"395,0",MARACAJA,Condutor Dormindo,Colisão traseira,Com Vítimas Feridas,Pleno dia,Crescente,Céu Claro,Múltipla,Reta;Declive,Não,2,0,0,1,1,0,1,2,-28.81906377,-49.39678117,SPRF-SC,DEL02-SC,UOP02-DEL02-SC,2023
"544605,0",2023-08-26,sábado,03:50:00,SC,470,"154,0",AGRONOMICA,Ausência de reação do condutor,Colisão transversal,Com Vítimas Feridas,Plena Noite,Decrescente,Garoa/Chuvisco,Simples,Reta,Não,3,0,1,0,2,0,1,3,-27.275414,-49.742989,SPRF-SC,DEL04-SC,UOP02-DEL04-SC,2023
"544636,0",2023-08-26,sábado,09:11:00,SC,101,"207,6",SAO JOSE,Manobra de mudança de faixa,Colisão traseira,Com Vítimas Feridas,Pleno dia,Decrescente,Céu Claro,Dupla,Reta,Sim,2,0,1,0,1,0,1,2,-27.60001227,-48.628555,SPRF-SC,DEL01-SC,UOP01-DEL01-SC,2023
"544646,0",2023-08-26,sábado,09:15:00,SC,101,"193,3",BIGUACU,Condutor deixou de manter distância do veículo da frente,Colisão traseira,Com Vítimas Feridas,Pleno dia,Crescente,Sol,Múltipla,Reta,Sim,4,0,1,0,3,0,1,3,-27.489574,-48.655914,SPRF-SC,DEL01-SC,UOP01-DEL01-SC,2023
"544666,0",2023-08-26,sábado,11:48:00,SC,470,"56,0",BLUMENAU,Conversão proibida,Colisão transversal,Com Vítimas Feridas,Pleno dia,Crescente,Sol,Simples,Curva,Sim,3,0,2,0,1,0,2,2,-26.87674,-49.127743,SPRF-SC,DEL04-SC,UOP01-DEL04-SC,2023
"544679,0",2023-08-26,sábado,13:30:00,SC,101,"219,9",PALHOCA,Ultrapassagem Indevida,Colisão frontal,Com Vítimas Feridas,Pleno dia,Crescente,Céu Claro,Simples,Curva,Não,3,0,1,0,2,0,1,2,-27.68392194,-48.66710085,SPRF-SC,DEL01-SC,UOP02-DEL01-SC,2023
"544684,0",2023-08-26,sábado,12:30:00,SC,470,"159,8",TROMBUDO CENTRAL,Reação tardia ou ineficiente do condutor,Saída de leito carroçável,Com Vítimas Feridas,Pleno dia,Crescente,Céu Claro,Simples,Curva;Declive,Não,5,0,3,0,1,1,3,2,-27.285444,-49.807579,SPRF-SC,DEL04-SC,UOP02-DEL04-SC,2023
"544697,0",2023-08-26,sábado,13:53:00,SC,282,"400,6",JOACABA,Ausência de reação do condutor,Saída de leito carroçável,Com Vítimas Feridas,Pleno dia,Crescente,Céu Claro,Simples,Curva,Não,1,0,0,1,0,0,1,1,-27.132223,-51.627563,SPRF-SC,DEL07-SC,UOP05-DEL07-SC,2023
"544698,0",2023-08-26,sábado,14:55:00,SC,101,"387,3",ICARA,Avarias e/ou desgaste excessivo no pneu,Tombamento,Com Vítimas Feridas,Pleno dia,Crescente,Sol,Dupla,Reta,Não,2,0,2,0,0,0,2,1,-28.78085074,-49.32874013,SPRF-SC,DEL02-SC,UOP02-DEL02-SC,2023
"544718,0",2023-08-26,sábado,17:00:00,SC,282,"45,0",AGUAS MORNAS,Avarias e/ou desgaste excessivo no pneu,Tombamento,Com Vítimas Feridas,Pleno dia,Crescente,Céu Claro,Simples,Aclive;Curva,Não,2,0,0,2,0,0,2,1,-27.719851,-48.916126,SPRF-SC,DEL01-SC,UOP03-DEL01-SC,2023
"544746,0",2023-08-26,sábado,19:00:00,SC,101,"199,8",SAO JOSE,Ingestão de álcool pelo condutor,Colisão traseira,Com Vítimas Feridas,Plena Noite,Crescente,Céu Claro,Dupla,Aclive;Reta,Não,2,0,1,1,0,0,2,2,-27.53413705,-48.63003205,SPRF-SC,DEL01-SC,UOP01-DEL01-SC,2023
"544757,0",2023-08-26,sábado,19:50:00,SC,101,"379,0",ICARA,Ausência de reação do condutor,Colisão com objeto,Com Vítimas Feridas,Plena Noite,Decrescente,Nublado,Múltipla,Curva;Declive;Interseção de Vias,Não,1,0,1,0,0,0,1,1,-28.75741692,-49.28070903,SPRF-SC,DEL02-SC,UOP02-DEL02-SC,2023
"544777,0",2023-08-26,sábado,21:00:00,SC,101,"136,5",BALNEARIO CAMBORIU,Reação tardia ou ineficiente do condutor,Colisão com objeto,Sem Vítimas,Plena Noite,Decrescente,Céu Claro,Múltipla,Declive,Sim,1,0,0,0,0,1,0,1,-27.008113,-48.617245,SPRF-SC,DEL04-SC,UOP03-DEL04-SC,2023
"544780,0",2023-08-26,sábado,18:50:00,SC,101,"136,5",BALNEARIO CAMBORIU,Ingestão de álcool pelo condutor,Colisão com objeto,Com Vítimas Feridas,Plena Noite,Decrescente,Nublado,Simples,Curva;Declive,Sim,3,0,2,0,1,0,2,3,-27.008113,-48.617245,SPRF-SC,DEL04-SC,UOP03-DEL04-SC,2023
"544781,0",2023-08-26,sábado,19:20:00,SC,101,"157,0",PORTO BELO,Reação tardia ou ineficiente do condutor,Colisão com objeto,Sem Vítimas,Anoitecer,Crescente,Céu Claro,Dupla,Reta,Sim,1,0,0,0,1,0,0,1,-27.181625,-48.6121179,SPRF-SC,DEL04-SC,UOP03-DEL04-SC,2023
"544782,0",2023-08-26,sábado,22:00:00,SC,282,"4,7",SAO JOSE,Reação tardia ou ineficiente do condutor,Colisão traseira,Com Vítimas Feridas,Plena Noite,Decrescente,Céu Claro,Múltipla,Reta,Sim,2,0,0,1,1,0,1,2,-27.5900585,-48.60957742,SPRF-SC,DEL01-SC,UOP01-DEL01-SC,2023
"544786,0",2023-08-26,sábado,22:00:00,SC,282,"504,4",XANXERE,Transitar no Acostamento,Saída de leito carroçável,Sem Vítimas,Plena Noite,Crescente,Céu Claro,Simples,Reta;Interseção de Vias,Sim,1,0,0,0,1,0,0,1,-26.88528235,-52.41489172,SPRF-SC,DEL07-SC,UOP01-DEL07-SC,2023
"544799,0",2023-08-26,sábado,23:00:00,SC,101,"137,4",BALNEARIO CAMBORIU,Reação tardia ou ineficiente do condutor,Colisão traseira,Sem Vítimas,Plena Noite,Crescente,Nublado,Múltipla,Viaduto,Sim,2,0,0,0,1,1,0,2,-27.0157238,-48.61192763,SPRF-SC,DEL04-SC,UOP03-DEL04-SC,2023
"544804,0",2023-08-27,domingo,00:25:00,SC,470,"145,0",RIO DO SUL,Reação tardia ou ineficiente do condutor,Colisão traseira,Com Vítimas Fatais,Plena Noite,Crescente,Céu Claro,Simples,Reta,Sim,2,1,0,0,0,1,0,2,-27.2322787,-49.6716684,SPRF-SC,DEL04-SC,UOP02-DEL04-SC,2023
"544833,0",2023-08-27,domingo,05:00:00,SC,101,"296,0",IMBITUBA,Ingestão de álcool pelo condutor,Saída de leito carroçável,Com Vítimas Feridas,Plena Noite,Crescente,Nublado,Simples,Reta,Não,3,0,3,0,0,0,3,1,-28.30563701,-48.72103898,SPRF-SC,DEL02-SC,UOP03-DEL02-SC,2023
"544848,0",2023-08-27,domingo,08:10:00,SC,101,"186,1",BIGUACU,Ingestão de álcool pelo condutor,Colisão com objeto,Com Vítimas Feridas,Pleno dia,Crescente,Céu Claro,Dupla,Curva,Sim,1,0,1,0,0,0,1,1,-27.4341098,-48.62567129,SPRF-SC,DEL01-SC,UOP01-DEL01-SC,2023