id,data_inversa,dia_semana,horario,uf,br,km,municipio,causa_acidente,tipo_acidente,classificacao_acidente,fase_dia,sentido_via,condicao_metereologica,tipo_pista,tracado_via,uso_solo,pessoas,mortos,feridos_leves,feridos_graves,ilesos,ignorados,feridos,veiculos,latitude,longitude,regional,delegacia,uop,ano_arquivo
"544881,0",2023-08-27,domingo,12:15:00,SC,101,"145,0",ITAPEMA,Objeto estático sobre o leito carroçável,Queda de ocupante de veículo,Com Vítimas Feridas,Pleno dia,Decrescente,Céu Claro,Dupla,Reta,Não,1,0,0,1,0,0,1,1,-27.08139206,-48.60130993,SPRF-SC,DEL04-SC,UOP03-DEL04-SC,2023
"544884,0",2023-08-27,domingo,10:45:00,SC,101,"101,6",BALNEARIO PICARRAS,Manobra de mudança de faixa,Colisão com objeto,Com Vítimas Feridas,Pleno dia,Crescente,Nublado,Dupla,Reta,Sim,1,0,1,0,0,0,1,1,-26.76404198,-48.68657667,SPRF-SC,DEL03-SC,UOP02-DEL03-SC,2023
"544888,0",2023-08-27,domingo,13:15:00,SC,101,"219,5",PALHOCA,Manobra de mudança de faixa,Colisão lateral mesmo sentido,Sem Vítimas,Pleno dia,Decrescente,Céu Claro,Dupla,Reta,Não,2,0,0,0,2,0,0,2,-27.68392194,-48.66710085,SPRF-SC,DEL01-SC,UOP02-DEL01-SC,2023
"544925,0",2023-08-27,domingo,16:15:00,SC,101,"147,0",ITAPEMA,Condutor deixou de manter distância do veículo da frente,Engavetamento,Com Vítimas Feridas,Pleno dia,Decrescente,Céu Claro,Múltipla,Reta,Sim,9,0,1,0,8,0,1,4,-27.08854957,-48.61237764,SPRF-SC,DEL04-SC,UOP03-DEL04-SC,2023
"544946,0",2023-08-27,domingo,17:40:00,SC,116,"285,0",CAPAO ALTO,Ausência de reação do condutor,Colisão com objeto,Com Vítimas Feridas,Pleno dia,Decrescente,Céu Claro,Simples,Rotatória,Não,2,0,2,0,0,0,2,1,-28.07678926,-50.58122635,SPRF-SC,DEL05-SC,UOP02-DEL05-SC,2023
"544947,0",2023-08-27,domingo,17:40:00,SC,116,"285,0",CAPAO ALTO,Ausência de reação do condutor,Colisão com objeto,Com Vítimas Feridas,Anoitecer,Decrescente,Céu Claro,Simples,Interseção de Vias;Rotatória,Não,1,0,1,0,0,0,1,1,-28.07933778,-50.5840442,SPRF-SC,DEL05-SC,UOP02-DEL05-SC,2023
"544977,0",2023-08-27,domingo,19:55:00,SC,480,"130,7",CHAPECO,Ingestão de álcool pelo condutor,Colisão frontal,Sem Vítimas,Plena Noite,Crescente,Céu Claro,Dupla,Reta,Sim,4,0,0,0,3,1,0,3,-27.05534298,-52.63652069,SPRF-SC,DEL07-SC,UOP01-DEL07-SC,2023
"545005,0",2023-08-27,domingo,19:15:00,SC,101,"359,0",SANGAO,Desrespeitar a preferência no cruzamento,Colisão transversal,Com Vítimas Feridas,Plena Noite,Crescente,Céu Claro,Simples,Viaduto;Interseção de Vias,Não,2,0,1,0,1,0,1,2,-28.65057609,-49.10516385,SPRF-SC,DEL02-SC,UOP01-DEL02-SC,2023
"545010,0",2023-06-02,sexta-feira,18:30:00,SC,116,"231,7",CORREIA PINTO,Animais na Pista,Atropelamento de Animal,Sem Vítimas,Plena Noite,Crescente,Céu Claro,Simples,Reta,Não,1,0,0,0,1,0,0,1,-27.685651,-50.334932,SPRF-SC,DEL05-SC,UOP03-DEL05-SC,2023
"545021,0",2023-08-27,domingo,22:00:00,SC,280,"248,5",CANOINHAS,Conversão proibida,Colisão lateral mesmo sentido,Com Vítimas Feridas,Plena Noite,Decrescente,Céu Claro,Simples,Reta;Interseção de Vias,Não,2,0,1,0,0,1,1,2,-26.25130977,-50.52296105,SPRF-SC,DEL06-SC,UOP04-DEL06-SC,2023
"545023,0",2023-08-28,segunda-feira,00:30:00,SC,101,"89,0",BARRA VELHA,Ingestão de álcool pelo condutor,Saída de leito carroçável,Com Vítimas Feridas,Plena Noite,Decrescente,Céu Claro,Múltipla,Reta,Sim,2,0,1,0,1,0,1,1,-26.65175997,-48.68721921,SPRF-SC,DEL03-SC,UOP02-DEL03-SC,2023
"545050,0",2023-08-28,segunda-feira,06:20:00,SC,470,"170,0",POUSO REDONDO,Objeto estático sobre o leito carroçável,Tombamento,Com Vítimas Feridas,Pleno dia,Crescente,Nublado,Simples,Curva;Declive,Sim,1,0,0,1,0,0,1,1,-27.26524172,-49.88375008,SPRF-SC,DEL04-SC,UOP02-DEL04-SC,2023
"545061,0",2023-08-13,domingo,20:15:00,SC,101,"73,0",ARAQUARI,Acessar a via sem observar a presença dos outros veículos,Colisão transversal,Com Vítimas Feridas,Plena Noite,Decrescente,Nublado,Dupla,Reta,Sim,2,0,1,0,0,1,1,2,-26.53605407,-48.71297121,SPRF-SC,DEL03-SC,UOP02-DEL03-SC,2023
"545064,0",2023-08-28,segunda-feira,07:00:00,SC,101,"332,8",TUBARAO,Desrespeitar a preferência no cruzamento,Atropelamento de Pedestre,Com Vítimas Feridas,Pleno dia,Crescente,Céu Claro,Simples,Curva;Interseção de Vias;Viaduto;Retorno Regulamentado,Sim,2,0,2,0,0,0,2,2,-28.46016431,-48.98968873,SPRF-SC,DEL02-SC,UOP01-DEL02-SC,2023
"545081,0",2023-08-28,segunda-feira,07:50:00,SC,101,"212,0",PALHOCA,Ausência de reação do condutor,Colisão traseira,Com Vítimas Feridas,Pleno dia,Crescente,Céu Claro,Múltipla,Reta,Sim,2,0,0,1,1,0,1,2,-27.62996929,-48.65903871,SPRF-SC,DEL01-SC,UOP02-DEL01-SC,2023
"545083,0",2023-08-11,sexta-feira,13:40:00,SC,163,"2,3",DIONISIO CERQUEIRA,Acessar a via sem observar a presença dos outros veículos,Colisão transversal,Com Vítimas Feridas,Pleno dia,Crescente,Céu Claro,Simples,Declive;Curva,Sim,2,0,1,0,1,0,1,2,-26.26824949,-53.63628387,SPRF-SC,DEL07-SC,UOP03-DEL07-SC,2023
"545109,0",2023-08-28,segunda-feira,10:10:00,SC,101,"188,7",BIGUACU,Demais falhas mecânicas ou elétricas,Eventos atípicos,Com Vítimas Fatais,Pleno dia,Decrescente,Céu Claro,Múltipla,Reta,Não,2,1,0,0,1,0,0,2,-27.457181,-48.637357,SPRF-SC,DEL01-SC,UOP01-DEL01-SC,2023
"545113,0",2023-08-28,segunda-feira,10:20:00,SC,101,"187,0",BIGUACU,Condutor deixou de manter distância do veículo da frente,Colisão traseira,Com Vítimas Feridas,Pleno dia,Decrescente,Céu Claro,Simples,Reta,Não,3,0,1,0,2,0,1,3,-27.51844497,-48.63848496,SPRF-SC,DEL01-SC,UOP01-DEL01-SC,2023
"545134,0",2023-08-28,segunda-feira,12:25:00,SC,101,"142,8",ITAPEMA,Demais falhas mecânicas ou elétricas,Tombamento,Com Vítimas Feridas,Pleno dia,Decrescente,Céu Claro,Dupla,Reta,Sim,2,0,1,1,0,0,2,1,-27.056089,-48.599449,SPRF-SC,DEL04-SC,UOP03-DEL04-SC,2023
"545177,0",2023-08-28,segunda-feira,16:30:00,SC,470,"73,6",INDAIAL,Acessar a via sem observar a presença dos outros veículos,Colisão transversal,Com Vítimas Feridas,Pleno dia,Decrescente,Nublado,Simples,Reta,Sim,2,0,1,0,1,0,1,2,-26.91328495,-49.27906854,SPRF-SC,DEL04-SC,UOP01-DEL04-SC,2023
"545202,0",2023-08-28,segunda-feira,14:15:00,SC,280,"7,8",SAO FRANCISCO DO SUL,Acessar a via sem observar a presença dos outros veículos,Colisão transversal,Com Vítimas Feridas,Pleno dia,Decrescente,Nublado,Simples,Declive;Reta;Interseção de Vias,Sim,2,0,1,0,1,0,1,2,-26.276939,-48.645273,SPRF-SC,DEL03-SC,UOP03-DEL03-SC,2023
"545204,0",2023-08-28,segunda-feira,18:55:00,SC,101,"202,8",BIGUACU,Acessar a via sem observar a presença dos outros veículos,Colisão transversal,Com Vítimas Feridas,Plena Noite,Crescente,Nublado,Dupla,Reta,Sim,2,0,1,0,1,0,1,2,-27.55711595,-48.61897889,SPRF-SC,DEL01-SC,UOP01-DEL01-SC,2023
"545209,0",2023-08-28,segunda-feira,19:50:00,SC,101,"377,3",ICARA,Acessar a via sem observar a presença dos outros veículos,Colisão transversal,Com Vítimas Feridas,Plena Noite,Crescente,Céu Claro,Simples,Interseção de Vias;Reta,Não,2,0,1,0,1,0,1,2,-28.7345708,-49.24624124,SPRF-SC,DEL02-SC,UOP01-DEL02-SC,2023
"545213,0",2023-08-28,segunda-feira,19:40:00,SC,101,"14,0",GARUVA,Objeto estático sobre o leito carroçável,Colisão com objeto,Com Vítimas Feridas,Plena Noite,Crescente,Céu Claro,Dupla,Reta,Não,1,0,1,0,0,0,1,1,-26.09803515,-48.86773972,SPRF-SC,DEL03-SC,UOP01-DEL03-SC,2023
"545241,0",2023-08-29,terça-feira,06:50:00,SC,280,"129,0",RIO NEGRINHO,Acessar a via sem observar a presença dos outros veículos,Colisão traseira,Com Vítimas Feridas,Amanhecer,Crescente,Nublado,Simples,Interseção de Vias,Sim,4,0,2,0,2,0,2,2,-26.24586437,-49.52284615,SPRF-SC,DEL06-SC,UOP03-DEL06-SC,2023
"545243,0",2023-08-29,terça-feira,07:36:00,SC,470,"40,0",BLUMENAU,Acessar a via sem observar a presença dos outros veículos,Colisão transversal,Com Vítimas Feridas,Pleno dia,Crescente,Céu Claro,Simples,Reta;Em Obras,Não,2,0,0,1,1,0,1,2,-26.889574,-48.99094,SPRF-SC,DEL04-SC,UOP01-DEL04-SC,2023
"545247,0",2023-08-29,terça-feira,07:45:00,SC,101,"210,0",SAO JOSE,Condutor deixou de manter distância do veículo da frente,Colisão traseira,Com Vítimas Feridas,Pleno dia,Decrescente,Nublado,Dupla,Reta,Sim,2,0,1,0,0,1,1,2,-27.6167305,-48.6457265,SPRF-SC,DEL01-SC,UOP01-DEL01-SC,2023
"545248,0",2023-08-29,terça-feira,07:10:00,SC,101,"150,0",ITAPEMA,Transitar na contramão,Colisão transversal,Com Vítimas Feridas,Pleno dia,Decrescente,Céu Claro,Simples,Interseção de Vias,Sim,2,0,2,0,0,0,2,2,-27.11744799,-48.60940987,SPRF-SC,DEL04-SC,UOP03-DEL04-SC,2023
"545249,0",2023-08-29,terça-feira,08:00:00,SC,282,"2,2",SAO JOSE,Manobra de mudança de faixa,Colisão traseira,Com Vítimas Feridas,Pleno dia,Decrescente,Nublado,Múltipla,Reta,Sim,2,0,1,0,1,0,1,2,-27.603289,-48.590416,SPRF-SC,DEL01-SC,UOP01-DEL01-SC,2023
"545266,0",2023-07-05,quarta-feira,06:00:00,SC,280,"26,0",ARAQUARI,Ausência de reação do condutor,Colisão transversal,Com Vítimas Feridas,Plena Noite,Decrescente,Nublado,Simples,Reta,Sim,2,0,1,0,0,1,1,2,-26.38972308,-48.73411593,SPRF-SC,DEL03-SC,UOP03-DEL03-SC,2023
"545342,0",2023-08-29,terça-feira,17:40:00,SC,101,"126,9",ITAJAI,Condutor deixou de manter distância do veículo da frente,Engavetamento,Sem Vítimas,Pleno dia,Crescente,Chuva,Dupla,Reta,Não,3,0,0,0,3,0,0,3,-26.95564404,-48.67978366,SPRF-SC,DEL04-SC,UOP04-DEL04-SC,2023
"545348,0",2023-08-29,terça-feira,18:40:00,SC,280,"50,0",GUARAMIRIM,Conversão proibida,Colisão transversal,Com Vítimas Feridas,Plena Noite,Decrescente,Nublado,Simples,Aclive,Sim,2,0,1,0,1,0,1,2,-26.4619489,-48.94618404,SPRF-SC,DEL03-SC,UOP03-DEL03-SC,2023
"545350,0",2023-08-29,terça-feira,16:00:00,SC,470,"54,0",BLUMENAU,Conversão proibida,Colisão transversal,Com Vítimas Feridas,Pleno dia,Crescente,Nublado,Simples,Em Obras;Reta,Não,2,0,2,0,0,0,2,2,-26.871065,-49.110374,SPRF-SC,DEL04-SC,UOP01-DEL04-SC,2023
"545351,0",2023-08-29,terça-feira,19:10:00,SC,101,"203,0",SAO JOSE,Acessar a via sem observar a presença dos outros veículos,Colisão lateral mesmo sentido,Com Vítimas Feridas,Plena Noite,Decrescente,Chuva,Múltipla,Reta,Sim,2,0,1,0,1,0,1,2,-27.5650044,-48.61460082,SPRF-SC,DEL01-SC,UOP01-DEL01-SC,2023
"545368,0",2023-08-29,terça-feira,19:15:00,SC,101,"433,9",SOMBRIO,Desrespeitar a preferência no cruzamento,Colisão transversal,Com Vítimas Feridas,Plena Noite,Crescente,Céu Claro,Múltipla,Reta;Interseção de Vias,Sim,3,0,1,1,1,0,2,2,-29.08200809,-49.6297237,SPRF-SC,DEL02-SC,UOP02-DEL02-SC,2023
"545371,0",2023-08-29,terça-feira,21:20:00,SC,282,"18,5",PALHOCA,Ausência de sinalização,Queda de ocupante de veículo,Com Vítimas Feridas,Plena Noite,Crescente,Chuva,Simples,Curva;Desvio Temporário;Em Obras,Não,1,0,0,1,0,0,1,1,-27.672798,-48.694286,SPRF-SC,DEL01-SC,UOP02-DEL01-SC,2023
"545407,0",2023-08-30,quarta-feira,04:55:00,SC,101,"134,1",BALNEARIO CAMBORIU,Reação tardia ou ineficiente do condutor,Saída de leito carroçável,Com Vítimas Feridas,Plena Noite,Crescente,Nublado,Simples,Reta,Sim,1,0,1,0,0,0,1,1,-27.00218,-48.636433,SPRF-SC,DEL04-SC,UOP03-DEL04-SC,2023
"545418,0",2023-08-30,quarta-feira,07:14:00,SC,282,"5,5",SAO JOSE,Trafegar com motocicleta (ou similar) entre as faixas,Tombamento,Com Vítimas Feridas,Pleno dia,Decrescente,Nublado,Múltipla,Reta,Sim,1,0,1,0,0,0,1,1,-27.588425,-48.612919,SPRF-SC,DEL01-SC,UOP01-DEL01-SC,2023
"545425,0",2023-08-30,quarta-feira,07:30:00,SC,101,"233,7",PALHOCA,Velocidade Incompatível,Colisão com objeto,Com Vítimas Feridas,Pleno dia,Crescente,Garoa/Chuvisco,Dupla,Curva;Declive,Não,1,0,1,0,0,0,1,1,-27.80376397,-48.63826211,SPRF-SC,DEL01-SC,UOP02-DEL01-SC,2023
"545448,0",2023-06-19,segunda-feira,14:35:00,SC,101,"103,8",PENHA,Desrespeitar a preferência no cruzamento,Colisão transversal,Com Vítimas Feridas,Pleno dia,Decrescente,Céu Claro,Dupla,Retorno Regulamentado,Não,1,0,0,1,0,0,1,1,-26.7832381,-48.68314632,SPRF-SC,DEL03-SC,UOP02-DEL03-SC,2023
"545459,0",2023-08-30,quarta-feira,08:20:00,SC,101,"407,4",ARARANGUA,Ausência de reação do condutor,Saída de leito carroçável,Com Vítimas Feridas,Pleno dia,Crescente,Céu Claro,Dupla,Curva,Não,3,0,0,1,2,0,1,1,-28.91971555,-49.49041486,SPRF-SC,DEL02-SC,UOP02-DEL02-SC,2023
"545463,0",2023-08-30,quarta-feira,12:00:00,SC,101,"90,6",BARRA VELHA,Acessar a via sem observar a presença dos outros veículos,Colisão frontal,Com Vítimas Feridas,Pleno dia,Crescente,Sol,Simples,Reta,Não,2,0,1,0,1,0,1,2,-26.66148503,-48.68866176,SPRF-SC,DEL03-SC,UOP02-DEL03-SC,2023
"545468,0",2023-08-30,quarta-feira,14:30:00,SC,101,"122,0",ITAJAI,Ausência de reação do condutor,Colisão lateral mesmo sentido,Com Vítimas Feridas,Pleno dia,Crescente,Céu Claro,Múltipla,Reta,Não,2,0,0,1,1,0,1,2,-26.92955916,-48.70499836,SPRF-SC,DEL04-SC,UOP04-DEL04-SC,2023
"545484,0",2023-08-30,quarta-feira,15:20:00,SC,470,"76,6",INDAIAL,Acessar a via sem observar a presença dos outros veículos,Colisão transversal,Com Vítimas Feridas,Pleno dia,Crescente,Céu Claro,Simples,Reta,Não,2,0,0,1,1,0,1,2,-26.933308,-49.287426,SPRF-SC,DEL04-SC,UOP01-DEL04-SC,2023
"545488,0",2023-08-14,segunda-feira,23:00:00,SC,470,"141,5",RIO DO SUL,Reação tardia ou ineficiente do condutor,Colisão com objeto,Com Vítimas Feridas,Plena Noite,Decrescente,Céu Claro,Simples,Ponte;Curva;Em Obras,Sim,1,0,0,1,0,0,1,1,-27.226065,-49.666161,SPRF-SC,DEL04-SC,UOP02-DEL04-SC,2023
"545510,0",2023-08-30,quarta-feira,17:20:00,SC,101,"211,2",PALHOCA,Trafegar com motocicleta (ou similar) entre as faixas,Colisão lateral mesmo sentido,Com Vítimas Feridas,Anoitecer,Crescente,Nublado,Dupla,Reta,Sim,1,0,1,0,0,0,1,1,-27.62329313,-48.65245588,SPRF-SC,DEL01-SC,UOP02-DEL01-SC,2023
"545511,0",2023-08-30,quarta-feira,18:20:00,SC,101,"194,6",BIGUACU,Reação tardia ou ineficiente do condutor,Colisão traseira,Com Vítimas Feridas,Plena Noite,Decrescente,Céu Claro,Múltipla,Reta,Sim,2,0,1,0,1,0,1,2,-27.49815117,-48.65661236,SPRF-SC,DEL01-SC,UOP01-DEL01-SC,2023
"545549,0",2023-08-30,quarta-feira,21:00:00,SC,101,"321,0",PESCARIA BRAVA,Mal súbito do condutor,Colisão traseira,Com Vítimas Feridas,Plena Noite,Crescente,Céu Claro,Dupla,Reta,Sim,2,0,0,1,1,0,1,2,-28.42612789,-48.90632629,SPRF-SC,DEL02-SC,UOP01-DEL02-SC,2023
"545553,0",2023-08-30,quarta-feira,23:30:00,SC,101,"221,6",PALHOCA,Reação tardia ou ineficiente do condutor,Queda de ocupante de veículo,Com Vítimas Feridas,Plena Noite,Crescente,Céu Claro,Dupla,Reta;Viaduto,Não,1,0,0,1,0,0,1,1,-27.70012652,-48.66021182,SPRF-SC,DEL01-SC,UOP02-DEL01-SC,2023
"545569,0",2023-08-30,quarta-feira,22:05:00,SC,101,"341,3",TUBARAO,Desrespeitar a preferência no cruzamento,Colisão frontal,Com Vítimas Feridas,Plena Noite,Decrescente,Céu Claro,Simples,Reta;Aclive,Sim,2,0,1,0,1,0,1,2,-28.52403678,-49.05551612,SPRF-SC,DEL02-SC,UOP01-DEL02-SC,2023
"545581,0",2023-08-31,quinta-feira,06:20:00,SC,470,"62,0",BLUMENAU,Acessar a via sem observar a presença dos outros veículos,Colisão frontal,Com Vítimas Feridas,Pleno dia,Crescente,Céu Claro,Simples,Aclive;Reta,Não,2,0,1,0,1,0,1,2,-26.874521,-49.182938,SPRF-SC,DEL04-SC,UOP01-DEL04-SC,2023
"545587,0",2023-08-30,quarta-feira,21:40:00,SC,101,"74,0",ARAQUARI,Objeto estático sobre o leito carroçável,Tombamento,Com Vítimas Feridas,Plena Noite,Decrescente,Céu Claro,Dupla,Reta,Não,1,0,1,0,0,0,1,1,-26.53567108,-48.71326731,SPRF-SC,DEL03-SC,UOP02-DEL03-SC,2023
"545590,0",2023-08-31,quinta-feira,07:30:00,SC,470,"70,0",INDAIAL,Reação tardia ou ineficiente do condutor,Saída de leito carroçável,Com Vítimas Feridas,Pleno dia,Crescente,Céu Claro,Simples,Em Obras,Sim,2,0,2,0,0,0,2,1,-26.889374,-49.254478,SPRF-SC,DEL04-SC,UOP01-DEL04-SC,2023
"545612,0",2023-08-31,quinta-feira,08:40:00,SC,101,"147,0",ITAPEMA,Desrespeitar a preferência no cruzamento,Colisão transversal,Com Vítimas Feridas,Pleno dia,Crescente,Céu Claro,Múltipla,Interseção de Vias;Reta,Sim,3,0,1,0,2,0,1,2,-27.09237407,-48.61730888,SPRF-SC,DEL04-SC,UOP03-DEL04-SC,2023
"545644,0",2023-08-31,quinta-feira,13:00:00,SC,101,"123,6",ITAJAI,Ausência de reação do condutor,Colisão transversal,Com Vítimas Feridas,Pleno dia,Crescente,Sol,Simples,Interseção de Vias,Não,3,0,1,1,1,0,2,2,-26.93668609,-48.69876905,SPRF-SC,DEL04-SC,UOP04-DEL04-SC,2023
"545647,0",2023-08-31,quinta-feira,11:17:00,SC,470,"38,6",GASPAR,Ausência de reação do condutor,Colisão lateral mesmo sentido,Com Vítimas Feridas,Pleno dia,Decrescente,Céu Claro,Dupla,Reta,Sim,2,0,0,1,1,0,1,2,-26.89974048,-48.98452878,SPRF-SC,DEL04-SC,UOP01-DEL04-SC,2023
"545713,0",2023-08-31,quinta-feira,19:45:00,SC,101,"214,0",PALHOCA,Ausência de sinalização,Colisão traseira,Com Vítimas Feridas,Plena Noite,Decrescente,Céu Claro,Dupla,Aclive;Reta;Viaduto,Sim,2,0,1,0,1,0,1,2,-27.64443,-48.67057,SPRF-SC,DEL01-SC,UOP02-DEL01-SC,2023
"545723,0",2023-08-31,quinta-feira,20:00:00,SC,101,"132,0",BALNEARIO CAMBORIU,Mal súbito do condutor,Colisão frontal,Com Vítimas Feridas,Plena Noite,Crescente,Nublado,Múltipla,Reta,Não,2,0,1,0,1,0,1,2,-26.99654133,-48.65564711,SPRF-SC,DEL04-SC,UOP03-DEL04-SC,2023
"545735,0",2023-08-31,quinta-feira,21:00:00,SC,163,"70,3",SAO MIGUEL DO OESTE,Velocidade Incompatível,Colisão com objeto,Sem Vítimas,Plena Noite,Crescente,Céu Claro,Dupla,Reta,Sim,1,0,0,0,0,1,0,1,-26.73461723,-53.50680015,SPRF-SC,DEL07-SC,UOP03-DEL07-SC,2023
"545750,0",2023-08-31,quinta-feira,23:10:00,SC,116,"8,0",MAFRA,Acesso irregular,Saída de leito carroçável,Sem Vítimas,Plena Noite,Crescente,Céu Claro,Simples,Declive,Não,1,0,0,0,0,1,0,1,-26.15748603,-49.83898198,SPRF-SC,DEL06-SC,UOP01-DEL06-SC,2023
"545752,0",2023-09-01,sexta-feira,02:10:00,SC,101,"194,4",BIGUACU,Animais na Pista,Atropelamento de Animal,Com Vítimas Feridas,Plena Noite,Decrescente,Nevoeiro/Neblina,Dupla,Reta,Sim,1,0,1,0,0,0,1,1,-27.49815117,-48.65661236,SPRF-SC,DEL01-SC,UOP01-DEL01-SC,2023
"545781,0",2023-09-01,sexta-feira,07:15:00,SC,101,"186,0",BIGUACU,Ingestão de álcool pelo condutor,Colisão traseira,Com Vítimas Feridas,Pleno dia,Crescente,Céu Claro,Dupla,Reta,Não,2,0,1,0,1,0,1,2,-27.4341098,-48.62567129,SPRF-SC,DEL01-SC,UOP01-DEL01-SC,2023
"545795,0",2023-09-01,sexta-feira,07:30:00,SC,282,"508,0",XANXERE,Mal súbito do condutor,Saída de leito carroçável,Com Vítimas Feridas,Pleno dia,Crescente,Céu Claro,Simples,Aclive,Não,1,0,1,0,0,0,1,1,-26.887014,-52.448372,SPRF-SC,DEL07-SC,UOP01-DEL07-SC,2023
"545800,0",2023-05-29,segunda-feira,18:00:00,SC,101,"147,0",ITAPEMA,Demais falhas mecânicas ou elétricas,Incêndio,Sem Vítimas,Pleno dia,Crescente,Céu Claro,Simples,Reta,Sim,1,0,0,0,1,0,0,1,-27.09237407,-48.61730888,SPRF-SC,DEL04-SC,UOP03-DEL04-SC,2023
"545812,0",2023-09-01,sexta-feira,08:20:00,SC,282,"158,0",BOM RETIRO,Ausência de reação do condutor,Saída de leito carroçável,Com Vítimas Fatais,Pleno dia,Decrescente,Céu Claro,Simples,Declive;Reta,Não,1,1,0,0,0,0,0,1,-27.7628,-49.669552,SPRF-SC,DEL05-SC,UOP01-DEL05-SC,2023
"545867,0",2023-09-01,sexta-feira,11:52:00,SC,101,"87,9",BARRA VELHA,Ausência de reação do condutor,Colisão traseira,Com Vítimas Feridas,Pleno dia,Crescente,Sol,Múltipla,Reta,Sim,2,0,1,0,1,0,1,2,-26.63713377,-48.69651057,SPRF-SC,DEL03-SC,UOP02-DEL03-SC,2023
"545898,0",2023-09-01,sexta-feira,15:50:00,SC,470,"122,8",IBIRAMA,Conversão proibida,Colisão transversal,Com Vítimas Feridas,Pleno dia,Decrescente,Sol,Simples,Curva,Não,2,0,1,0,1,0,1,2,-27.099888,-49.527679,SPRF-SC,DEL04-SC,UOP02-DEL04-SC,2023
"545900,0",2023-09-01,sexta-feira,17:30:00,SC,101,"433,8",SOMBRIO,Desrespeitar a preferência no cruzamento,Colisão transversal,Com Vítimas Feridas,Pleno dia,Decrescente,Nublado,Múltipla,Reta,Sim,2,0,1,0,1,0,1,2,-29.08200809,-49.6297237,SPRF-SC,DEL02-SC,UOP02-DEL02-SC,2023
"545930,0",2023-09-01,sexta-feira,17:30:00,SC,101,"335,0",TUBARAO,Acessar a via sem observar a presença dos outros veículos,Colisão transversal,Com Vítimas Feridas,Pleno dia,Decrescente,Céu Claro,Dupla,Interseção de Vias;Reta,Sim,2,0,1,0,1,0,1,2,-28.47621735,-49.0288496,SPRF-SC,DEL02-SC,UOP01-DEL02-SC,2023
"545938,0",2023-09-01,sexta-feira,19:10:00,SC,101,"113,0",ITAJAI,Trafegar com motocicleta (ou similar) entre as faixas,Colisão lateral mesmo sentido,Com Vítimas Feridas,Plena Noite,Decrescente,Céu Claro,Dupla,Reta,Sim,2,0,1,0,1,0,1,2,-26.85311393,-48.72689927,SPRF-SC,DEL04-SC,UOP04-DEL04-SC,2023
"545946,0",2023-09-01,sexta-feira,18:45:00,SC,101,"91,0",BARRA VELHA,Condutor deixou de manter distância do veículo da frente,Colisão traseira,Com Vítimas Feridas,Plena Noite,Decrescente,Céu Claro,Múltipla,Reta,Não,3,0,1,0,2,0,1,2,-26.67120698,-48.69011814,SPRF-SC,DEL03-SC,UOP02-DEL03-SC,2023
"545979,0",2023-09-01,sexta-feira,23:50:00,SC,101,"215,4",PALHOCA,Condutor deixou de manter distância do veículo da frente,Colisão traseira,Com Vítimas Feridas,Plena Noite,Crescente,Nublado,Múltipla,Aclive,Não,3,0,1,1,1,0,2,2,-27.65184843,-48.67604941,SPRF-SC,DEL01-SC,UOP02-DEL01-SC,2023
"545983,0",2023-09-02,sábado,01:00:00,SC,101,"113,0",ITAJAI,Ingestão de álcool pelo condutor,Colisão com objeto,Com Vítimas Feridas,Plena Noite,Crescente,Nublado,Dupla,Em Obras;Reta,Sim,1,0,1,0,0,0,1,1,-26.85311393,-48.72689927,SPRF-SC,DEL04-SC,UOP04-DEL04-SC,2023
"545984,0",2023-09-02,sábado,00:40:00,SC,470,"18,7",ILHOTA,Ausência de reação do condutor,Colisão com objeto,Com Vítimas Feridas,Plena Noite,Crescente,Nublado,Simples,Desvio Temporário;Em Obras,Não,2,0,0,1,1,0,1,1,-26.862995,-48.814396,SPRF-SC,DEL04-SC,UOP04-DEL04-SC,2023
"545986,0",2023-09-01,sexta-feira,23:55:00,SC,282,"414,4",CATANDUVAS,Condutor Dormindo,Saída de leito carroçável,Com Vítimas Fatais,Plena Noite,Decrescente,Nublado,Simples,Reta;Declive,Não,1,1,0,0,0,0,0,1,-27.0514567,-51.6998801,SPRF-SC,DEL07-SC,UOP05-DEL07-SC,2023
"545996,0",2023-09-02,sábado,03:00:00,SC,101,"134,0",BALNEARIO CAMBORIU,Ingestão de álcool pelo condutor,Colisão com objeto,Com Vítimas Feridas,Plena Noite,Decrescente,Nublado,Múltipla,Reta,Não,1,0,0,1,0,0,1,1,-26.99936,-48.64609,SPRF-SC,DEL04-SC,UOP03-DEL04-SC,2023
"546006,0",2023-09-02,sábado,00:10:00,SC,282,"524,5",XAXIM,Ingestão de álcool pelo condutor,Colisão frontal,Com Vítimas Fatais,Plena Noite,Crescente,Chuva,Simples,Reta,Não,36,1,1,0,33,1,1,3,-26.9642804,-52.561759,SPRF-SC,DEL07-SC,UOP01-DEL07-SC,2023
"546011,0",2023-09-02,sábado,05:10:00,SC,282,"500,0",XANXERE,Ingestão de álcool pelo condutor,Saída de leito carroçável,Sem Vítimas,Amanhecer,Decrescente,Chuva,Dupla,Reta;Rotatória,Sim,1,0,0,0,0,1,0,1,-26.88130149,-52.36947656,SPRF-SC,DEL07-SC,UOP01-DEL07-SC,2023