id,data_inversa,dia_semana,horario,uf,br,km,municipio,causa_acidente,tipo_acidente,classificacao_acidente,fase_dia,sentido_via,condicao_metereologica,tipo_pista,tracado_via,uso_solo,pessoas,mortos,feridos_leves,feridos_graves,ilesos,ignorados,feridos,veiculos,latitude,longitude,regional,delegacia,uop,ano_arquivo
"546014,0",2023-09-02,sábado,04:20:00,SC,282,"99,0",ALFREDO WAGNER,Condutor Dormindo,Saída de leito carroçável,Com Vítimas Feridas,Amanhecer,Decrescente,Nublado,Simples,Curva,Não,1,0,1,0,0,0,1,1,-27.700373,-49.287563,SPRF-SC,DEL01-SC,UOP03-DEL01-SC,2023
"546026,0",2023-08-12,sábado,20:05:00,SC,280,"21,8",ARAQUARI,Transitar na contramão,Colisão frontal,Com Vítimas Feridas,Plena Noite,Decrescente,Nublado,Simples,Reta,Não,2,0,0,1,1,0,1,2,-26.37043169,-48.69219602,SPRF-SC,DEL03-SC,UOP03-DEL03-SC,2023
"546030,0",2023-09-02,sábado,07:40:00,SC,282,"377,0",HERVAL DOESTE,Pista Escorregadia,Colisão com objeto,Com Vítimas Feridas,Amanhecer,Crescente,Chuva,Simples,Curva,Não,3,0,1,0,2,0,1,1,-27.216974,-51.470055,SPRF-SC,DEL07-SC,UOP05-DEL07-SC,2023
"546043,0",2023-09-02,sábado,08:40:00,SC,282,"1,8",FLORIANOPOLIS,Ausência de reação do condutor,Colisão com objeto,Com Vítimas Feridas,Pleno dia,Decrescente,Garoa/Chuvisco,Múltipla,Reta,Sim,1,0,1,0,0,0,1,1,-27.603289,-48.590416,SPRF-SC,DEL01-SC,UOP01-DEL01-SC,2023
"546048,0",2023-09-02,sábado,09:10:00,SC,282,"1,8",FLORIANOPOLIS,Condutor deixou de manter distância do veículo da frente,Colisão traseira,Sem Vítimas,Pleno dia,Crescente,Garoa/Chuvisco,Múltipla,Reta,Sim,2,0,0,0,2,0,0,2,-27.602955,-48.580509,SPRF-SC,DEL01-SC,UOP01-DEL01-SC,2023
"546051,0",2023-09-02,sábado,09:30:00,SC,101,"189,0",BIGUACU,Reação tardia ou ineficiente do condutor,Colisão com objeto,Com Vítimas Feridas,Pleno dia,Crescente,Garoa/Chuvisco,Dupla,Curva,Não,1,0,1,0,0,0,1,1,-27.459393,-48.638914,SPRF-SC,DEL01-SC,UOP01-DEL01-SC,2023
"546073,0",2023-09-02,sábado,10:55:00,SC,101,"138,5",BALNEARIO CAMBORIU,Chuva,Colisão com objeto,Com Vítimas Feridas,Pleno dia,Decrescente,Chuva,Simples,Curva,Não,1,0,1,0,0,0,1,1,-27.02397426,-48.60761649,SPRF-SC,DEL04-SC,UOP03-DEL04-SC,2023
"546085,0",2023-09-02,sábado,13:00:00,SC,101,"186,0",BIGUACU,Chuva,Saída de leito carroçável,Com Vítimas Feridas,Pleno dia,Decrescente,Garoa/Chuvisco,Dupla,Curva,Sim,3,0,2,0,1,0,2,1,-27.4341098,-48.62567129,SPRF-SC,DEL01-SC,UOP01-DEL01-SC,2023
"546087,0",2023-09-02,sábado,12:35:00,SC,101,"138,8",BALNEARIO CAMBORIU,Reação tardia ou ineficiente do condutor,Colisão com objeto,Com Vítimas Feridas,Pleno dia,Decrescente,Nublado,Múltipla,Curva,Sim,3,0,2,0,1,0,2,1,-27.02397426,-48.60761649,SPRF-SC,DEL04-SC,UOP03-DEL04-SC,2023
"546088,0",2023-09-02,sábado,13:00:00,SC,282,"75,0",RANCHO QUEIMADO,Velocidade Incompatível,Saída de leito carroçável,Com Vítimas Feridas,Pleno dia,Decrescente,Garoa/Chuvisco,Simples,Curva,Não,3,0,3,0,0,0,3,1,-27.690931,-49.129143,SPRF-SC,DEL01-SC,UOP03-DEL01-SC,2023
"546091,0",2023-09-02,sábado,14:20:00,SC,101,"41,0",JOINVILLE,Manobra de mudança de faixa,Colisão lateral mesmo sentido,Com Vítimas Feridas,Pleno dia,Crescente,Garoa/Chuvisco,Dupla,Viaduto,Sim,2,0,1,0,1,0,1,2,-26.318412,-48.871715,SPRF-SC,DEL03-SC,UOP01-DEL03-SC,2023
"546098,0",2023-09-02,sábado,14:35:00,SC,101,"135,0",BALNEARIO CAMBORIU,Ingestão de álcool pelo condutor,Colisão com objeto,Sem Vítimas,Pleno dia,Crescente,Nublado,Múltipla,Reta,Sim,1,0,0,0,1,0,0,1,-27.0050108,-48.62677494,SPRF-SC,DEL04-SC,UOP03-DEL04-SC,2023
"546115,0",2023-09-02,sábado,15:20:00,SC,101,"441,0",SANTA ROSA DO SUL,Ingestão de álcool pelo condutor,Colisão traseira,Com Vítimas Feridas,Pleno dia,Decrescente,Sol,Múltipla,Viaduto,Sim,2,0,1,0,1,0,1,2,-29.12967129,-49.68584061,SPRF-SC,DEL02-SC,UOP02-DEL02-SC,2023
"546118,0",2023-09-02,sábado,16:30:00,SC,101,"204,9",SAO JOSE,Condutor deixou de manter distância do veículo da frente,Colisão traseira,Com Vítimas Feridas,Pleno dia,Decrescente,Céu Claro,Múltipla,Reta,Sim,2,0,1,0,1,0,1,2,-27.5821564,-48.61464143,SPRF-SC,DEL01-SC,UOP01-DEL01-SC,2023
"546131,0",2023-09-02,sábado,16:30:00,SC,280,"58,7",GUARAMIRIM,Ausência de reação do condutor,Tombamento,Com Vítimas Feridas,Anoitecer,Decrescente,Chuva,Simples,Curva;Em Obras,Sim,1,0,1,0,0,0,1,1,-26.47415593,-49.021211,SPRF-SC,DEL03-SC,UOP03-DEL03-SC,2023
"546135,0",2023-09-02,sábado,17:50:00,SC,282,"20,0",PALHOCA,Condutor deixou de manter distância do veículo da frente,Colisão traseira,Com Vítimas Feridas,Pleno dia,Decrescente,Nublado,Simples,Reta,Sim,4,0,2,0,0,2,2,3,-27.683958,-48.71006,SPRF-SC,DEL01-SC,UOP02-DEL01-SC,2023
"546154,0",2023-09-02,sábado,16:36:00,SC,101,"308,9",LAGUNA,Transitar na contramão,Colisão frontal,Com Vítimas Feridas,Pleno dia,Crescente,Céu Claro,Simples,Reta,Não,2,0,1,0,1,0,1,2,-28.42538582,-48.80085915,SPRF-SC,DEL02-SC,UOP01-DEL02-SC,2023
"546202,0",2023-09-02,sábado,21:39:00,SC,101,"410,4",ARARANGUA,Acessar a via sem observar a presença dos outros veículos,Colisão transversal,Com Vítimas Feridas,Plena Noite,Crescente,Nublado,Simples,Reta,Sim,2,0,1,0,1,0,1,2,-28.94210111,-49.49967384,SPRF-SC,DEL02-SC,UOP02-DEL02-SC,2023
"546207,0",2023-09-02,sábado,21:45:00,SC,470,"62,0",INDAIAL,Acessar a via sem observar a presença dos outros veículos,Colisão transversal,Com Vítimas Feridas,Plena Noite,Crescente,Nublado,Simples,Reta,Sim,3,0,2,0,0,1,2,2,-26.874521,-49.182938,SPRF-SC,DEL04-SC,UOP01-DEL04-SC,2023
"546225,0",2023-09-03,domingo,00:40:00,SC,470,"103,0",APIUNA,Transitar na contramão,Colisão frontal,Com Vítimas Feridas,Plena Noite,Decrescente,Céu Claro,Simples,Reta,Não,5,0,1,2,2,0,3,2,-27.064796,-49.401424,SPRF-SC,DEL04-SC,UOP02-DEL04-SC,2023
"546231,0",2023-09-03,domingo,00:15:00,SC,101,"103,6",PENHA,Ausência de reação do condutor,Colisão com objeto,Com Vítimas Feridas,Plena Noite,Crescente,Nublado,Dupla,Reta,Não,1,0,1,0,0,0,1,1,-26.7832381,-48.68314632,SPRF-SC,DEL03-SC,UOP02-DEL03-SC,2023
"546240,0",2023-09-03,domingo,03:20:00,SC,101,"198,0",SAO JOSE,Condutor Dormindo,Colisão com objeto,Com Vítimas Feridas,Plena Noite,Crescente,Nublado,Dupla,Reta,Sim,1,0,1,0,0,0,1,1,-27.52658712,-48.63506019,SPRF-SC,DEL01-SC,UOP01-DEL01-SC,2023
"546262,0",2023-09-03,domingo,05:30:00,SC,101,"227,0",PALHOCA,Velocidade Incompatível,Saída de leito carroçável,Com Vítimas Feridas,Amanhecer,Crescente,Céu Claro,Múltipla,Viaduto,Sim,2,0,1,0,1,0,1,1,-27.75498636,-48.63332838,SPRF-SC,DEL01-SC,UOP02-DEL01-SC,2023
"546266,0",2023-09-03,domingo,05:00:00,SC,101,"229,0",PALHOCA,Transitar na contramão,Colisão frontal,Com Vítimas Feridas,Plena Noite,Crescente,Céu Claro,Múltipla,Reta,Sim,3,0,2,0,1,0,2,2,-27.7688932,-48.63205379,SPRF-SC,DEL01-SC,UOP02-DEL01-SC,2023
"546315,0",2023-09-03,domingo,11:20:00,SC,101,"203,0",SAO JOSE,Desrespeitar a preferência no cruzamento,Colisão transversal,Sem Vítimas,Pleno dia,Crescente,Nublado,Múltipla,Reta;Interseção de Vias,Sim,2,0,0,0,1,1,0,2,-27.5650044,-48.61460082,SPRF-SC,DEL01-SC,UOP01-DEL01-SC,2023
"546333,0",2023-09-03,domingo,12:55:00,SC,470,"157,0",TROMBUDO CENTRAL,Avarias e/ou desgaste excessivo no pneu,Colisão frontal,Com Vítimas Feridas,Pleno dia,Decrescente,Nublado,Simples,Aclive;Curva,Não,2,0,0,1,1,0,1,2,-27.285425,-49.76881,SPRF-SC,DEL04-SC,UOP02-DEL04-SC,2023
"546341,0",2023-09-03,domingo,14:30:00,SC,470,"87,1",ASCURRA,Pista esburacada,Tombamento,Com Vítimas Feridas,Pleno dia,Crescente,Céu Claro,Simples,Aclive;Reta,Não,1,0,1,0,0,0,1,1,-26.948483,-49.366833,SPRF-SC,DEL04-SC,UOP01-DEL04-SC,2023
"546352,0",2023-09-03,domingo,14:55:00,SC,282,"6,0",SAO JOSE,Velocidade Incompatível,Queda de ocupante de veículo,Com Vítimas Feridas,Pleno dia,Crescente,Garoa/Chuvisco,Dupla,Curva;Declive;Viaduto,Sim,2,0,1,0,0,1,1,1,-27.591936,-48.618244,SPRF-SC,DEL01-SC,UOP01-DEL01-SC,2023
"546362,0",2023-09-03,domingo,12:09:00,SC,280,"82,8",CORUPA,Ausência de reação do condutor,Saída de leito carroçável,Sem Vítimas,Pleno dia,Crescente,Céu Claro,Simples,Curva,Não,2,0,0,0,0,2,0,2,-26.44009491,-49.22605498,SPRF-SC,DEL06-SC,UOP03-DEL06-SC,2023
"546375,0",2023-09-03,domingo,16:20:00,SC,101,"5,8",GARUVA,Condutor deixou de manter distância do veículo da frente,Colisão traseira,Com Vítimas Feridas,Pleno dia,Decrescente,Céu Claro,Dupla,Reta,Não,4,0,1,0,3,0,1,3,-26.01779797,-48.86233322,SPRF-SC,DEL03-SC,UOP01-DEL03-SC,2023
"546378,0",2023-09-03,domingo,16:25:00,SC,101,"334,5",TUBARAO,Condutor deixou de manter distância do veículo da frente,Tombamento,Com Vítimas Feridas,Pleno dia,Crescente,Chuva,Dupla,Interseção de Vias,Sim,2,0,2,0,0,0,2,1,-28.47352011,-49.02442932,SPRF-SC,DEL02-SC,UOP01-DEL02-SC,2023
"546380,0",2023-09-03,domingo,17:45:00,SC,282,"344,0",CAMPOS NOVOS,Reação tardia ou ineficiente do condutor,Colisão traseira,Com Vítimas Feridas,Pleno dia,Decrescente,Chuva,Simples,Reta,Não,4,0,1,0,3,0,1,2,-27.381166,-51.240082,SPRF-SC,DEL07-SC,UOP06-DEL07-SC,2023
"546381,0",2023-09-03,domingo,18:15:00,SC,101,"236,0",PALHOCA,Ingestão de álcool e/ou substâncias psicoativas pelo pedestre,Queda de ocupante de veículo,Com Vítimas Feridas,Plena Noite,Decrescente,Garoa/Chuvisco,Simples,Curva,Não,1,0,1,0,0,0,1,1,-27.82629382,-48.63034842,SPRF-SC,DEL01-SC,UOP02-DEL01-SC,2023
"546383,0",2023-09-03,domingo,18:00:00,SC,101,"201,1",SAO JOSE,Trafegar com motocicleta (ou similar) entre as faixas,Colisão traseira,Com Vítimas Feridas,Plena Noite,Crescente,Nublado,Múltipla,Reta,Sim,2,0,1,0,1,0,1,2,-27.54836599,-48.61977975,SPRF-SC,DEL01-SC,UOP01-DEL01-SC,2023
"546395,0",2023-09-03,domingo,08:20:00,SC,101,"135,0",BALNEARIO CAMBORIU,Condutor Dormindo,Saída de leito carroçável,Sem Vítimas,Pleno dia,Crescente,Nublado,Múltipla,Reta,Não,1,0,0,0,1,0,0,1,-27.0050108,-48.62677494,SPRF-SC,DEL04-SC,UOP03-DEL04-SC,2023
"546410,0",2023-09-03,domingo,19:45:00,SC,101,"287,0",IMBITUBA,Ingestão de álcool pelo condutor,Colisão lateral mesmo sentido,Com Vítimas Feridas,Plena Noite,Crescente,Garoa/Chuvisco,Dupla,Reta,Não,2,0,0,1,1,0,1,2,-28.2568439,-48.70392144,SPRF-SC,DEL02-SC,UOP03-DEL02-SC,2023
"546417,0",2023-09-03,domingo,17:50:00,SC,470,"121,0",IBIRAMA,Velocidade Incompatível,Saída de leito carroçável,Com Vítimas Feridas,Plena Noite,Crescente,Nublado,Simples,Curva;Aclive,Não,2,0,2,0,0,0,2,1,-27.095861,-49.526859,SPRF-SC,DEL04-SC,UOP02-DEL04-SC,2023
"546420,0",2023-09-03,domingo,20:12:00,SC,280,"131,2",RIO NEGRINHO,Pedestre andava na pista,Atropelamento de Pedestre,Com Vítimas Feridas,Plena Noite,Decrescente,Nublado,Simples,Declive,Não,2,0,0,1,1,0,1,2,-26.25581515,-49.53953493,SPRF-SC,DEL06-SC,UOP03-DEL06-SC,2023
"546425,0",2023-09-03,domingo,15:30:00,SC,282,"52,6",RANCHO QUEIMADO,Ingestão de álcool pelo condutor,Saída de leito carroçável,Com Vítimas Feridas,Pleno dia,Decrescente,Garoa/Chuvisco,Simples,Curva,Sim,3,0,2,0,1,0,2,1,-27.696936,-48.964138,SPRF-SC,DEL01-SC,UOP03-DEL01-SC,2023
"546453,0",2023-09-03,domingo,23:30:00,SC,280,"242,7",CANOINHAS,Transitar na contramão,Colisão lateral sentido oposto,Sem Vítimas,Plena Noite,Decrescente,Garoa/Chuvisco,Simples,Curva,Não,2,0,0,0,2,0,0,2,-26.23372461,-50.47898054,SPRF-SC,DEL06-SC,UOP04-DEL06-SC,2023
"546461,0",2023-09-04,segunda-feira,00:20:00,SC,282,"602,0",MARAVILHA,Ingestão de álcool pelo condutor,Colisão frontal,Com Vítimas Feridas,Plena Noite,Crescente,Céu Claro,Simples,Declive;Reta,Não,6,0,2,0,3,1,2,3,-26.806049,-53.178757,SPRF-SC,DEL07-SC,UOP02-DEL07-SC,2023
"546557,0",2023-09-04,segunda-feira,13:55:00,SC,101,"129,1",BALNEARIO CAMBORIU,Demais falhas mecânicas ou elétricas,Tombamento,Com Vítimas Feridas,Pleno dia,Decrescente,Céu Claro,Dupla,Reta,Sim,2,0,2,0,0,0,2,1,-26.98064277,-48.6790679,SPRF-SC,DEL04-SC,UOP03-DEL04-SC,2023
"546575,0",2023-09-04,segunda-feira,14:12:00,SC,282,"137,0",BOM RETIRO,Acumulo de água sobre o pavimento,Tombamento,Com Vítimas Feridas,Pleno dia,Decrescente,Chuva,Simples,Rotatória;Reta,Não,1,0,0,1,0,0,1,1,-27.8218,-49.567032,SPRF-SC,DEL05-SC,UOP01-DEL05-SC,2023
"546576,0",2023-09-04,segunda-feira,15:20:00,SC,470,"126,4",LONTRAS,Desrespeitar a preferência no cruzamento,Colisão transversal,Com Vítimas Feridas,Pleno dia,Decrescente,Chuva,Simples,Reta,Sim,3,0,2,0,1,0,2,2,-27.13413162,-49.54042196,SPRF-SC,DEL04-SC,UOP02-DEL04-SC,2023
"546622,0",2023-09-04,segunda-feira,19:45:00,SC,101,"213,0",PALHOCA,Chuva,Queda de ocupante de veículo,Com Vítimas Feridas,Plena Noite,Crescente,Chuva,Simples,Reta,Sim,4,0,1,0,1,2,1,3,-27.63697369,-48.66514142,SPRF-SC,DEL01-SC,UOP02-DEL01-SC,2023
"546627,0",2023-09-04,segunda-feira,18:40:00,SC,280,"66,0",JARAGUA DO SUL,Transitar na contramão,Colisão frontal,Com Vítimas Feridas,Plena Noite,Crescente,Chuva,Simples,Interseção de Vias;Reta,Sim,2,0,1,0,1,0,1,2,-26.47606607,-49.09568797,SPRF-SC,DEL03-SC,UOP03-DEL03-SC,2023
"546634,0",2023-09-04,segunda-feira,20:10:00,SC,101,"173,8",GOVERNADOR CELSO RAMOS,Acumulo de água sobre o pavimento,Saída de leito carroçável,Com Vítimas Feridas,Plena Noite,Crescente,Chuva,Dupla,Reta,Não,1,0,1,0,0,0,1,1,-27.32203197,-48.62757785,SPRF-SC,DEL01-SC,UOP01-DEL01-SC,2023
"546641,0",2023-09-04,segunda-feira,20:35:00,SC,282,"216,3",LAGES,Acessar a via sem observar a presença dos outros veículos,Colisão lateral mesmo sentido,Com Vítimas Feridas,Pleno dia,Crescente,Garoa/Chuvisco,Simples,Aclive;Reta,Não,2,0,1,1,0,0,2,2,-27.79719191,-50.29047489,SPRF-SC,DEL05-SC,UOP01-DEL05-SC,2023
"546643,0",2023-09-04,segunda-feira,22:20:00,SC,101,"140,9",ITAPEMA,Velocidade Incompatível,Capotamento,Com Vítimas Feridas,Plena Noite,Crescente,Chuva,Múltipla,Curva,Não,1,0,1,0,0,0,1,1,-27.03881189,-48.60025148,SPRF-SC,DEL04-SC,UOP03-DEL04-SC,2023
"546647,0",2023-09-04,segunda-feira,21:00:00,SC,116,"98,0",MONTE CASTELO,Demais falhas mecânicas ou elétricas,Incêndio,Sem Vítimas,Anoitecer,Decrescente,Chuva,Simples,Reta,Não,1,0,0,0,1,0,0,1,-26.69721296,-50.29348478,SPRF-SC,DEL06-SC,UOP02-DEL06-SC,2023
"546648,0",2023-09-04,segunda-feira,20:15:00,SC,116,"64,3",PAPANDUVA,Condutor deixou de manter distância do veículo da frente,Colisão traseira,Com Vítimas Feridas,Plena Noite,Decrescente,Garoa/Chuvisco,Simples,Reta,Não,5,0,1,1,3,0,2,2,-26.41544499,-50.22732716,SPRF-SC,DEL06-SC,UOP02-DEL06-SC,2023
"546649,0",2023-09-05,terça-feira,00:30:00,SC,101,"200,0",SAO JOSE,Ausência de reação do condutor,Colisão com objeto,Sem Vítimas,Plena Noite,Decrescente,Céu Claro,Simples,Reta,Não,1,0,0,0,1,0,0,1,-27.54018513,-48.62287714,SPRF-SC,DEL01-SC,UOP01-DEL01-SC,2023
"546652,0",2023-09-04,segunda-feira,21:00:00,SC,101,"253,0",PAULO LOPES,Ausência de reação do condutor,Colisão transversal,Com Vítimas Feridas,Plena Noite,Crescente,Chuva,Simples,Viaduto,Sim,2,0,1,0,1,0,1,2,-27.96051158,-48.6786347,SPRF-SC,DEL02-SC,UOP03-DEL02-SC,2023
"546655,0",2023-09-05,terça-feira,01:10:00,SC,116,"57,5",PAPANDUVA,Velocidade Incompatível,Saída de leito carroçável,Com Vítimas Feridas,Plena Noite,Decrescente,Nublado,Simples,Reta,Não,2,0,1,0,0,1,1,1,-26.38204782,-50.18999277,SPRF-SC,DEL06-SC,UOP02-DEL06-SC,2023
"546670,0",2023-09-05,terça-feira,07:10:00,SC,101,"199,0",SAO JOSE,Trafegar com motocicleta (ou similar) entre as faixas,Colisão lateral mesmo sentido,Com Vítimas Feridas,Pleno dia,Crescente,Céu Claro,Dupla,Reta,Sim,2,0,1,0,1,0,1,2,-27.53413705,-48.63003205,SPRF-SC,DEL01-SC,UOP01-DEL01-SC,2023
"546689,0",2023-09-05,terça-feira,07:55:00,SC,470,"146,3",RIO DO SUL,Reação tardia ou ineficiente do condutor,Colisão traseira,Com Vítimas Feridas,Pleno dia,Decrescente,Sol,Simples,Curva,Sim,3,0,1,0,2,0,1,3,-27.240673,-49.685822,SPRF-SC,DEL04-SC,UOP02-DEL04-SC,2023
"546711,0",2023-09-05,terça-feira,08:30:00,SC,116,"213,0",PONTE ALTA,Demais falhas mecânicas ou elétricas,Incêndio,Com Vítimas Fatais,Pleno dia,Decrescente,Nublado,Simples,Reta,Não,1,1,0,0,0,0,0,1,-27.52555618,-50.36559279,SPRF-SC,DEL05-SC,UOP03-DEL05-SC,2023
"546716,0",2023-09-05,terça-feira,10:30:00,SC,101,"204,5",SAO JOSE,Ausência de reação do condutor,Colisão traseira,Com Vítimas Fatais,Pleno dia,Decrescente,Céu Claro,Múltipla,Interseção de Vias;Reta,Sim,2,1,0,0,1,0,0,2,-27.57413014,-48.61363083,SPRF-SC,DEL01-SC,UOP01-DEL01-SC,2023
"546729,0",2023-09-05,terça-feira,12:25:00,SC,101,"207,0",SAO JOSE,Ausência de reação do condutor,Engavetamento,Com Vítimas Feridas,Pleno dia,Decrescente,Céu Claro,Múltipla,Reta,Sim,5,0,1,0,4,0,1,4,-27.60001226,-48.6226467,SPRF-SC,DEL01-SC,UOP01-DEL01-SC,2023
"546741,0",2023-07-15,sábado,20:30:00,SC,282,"208,0",LAGES,Acesso irregular,Colisão traseira,Com Vítimas Fatais,Plena Noite,Crescente,Céu Claro,Simples,Reta,Sim,5,1,0,0,2,2,0,3,-27.775061,-50.2104885,SPRF-SC,DEL05-SC,UOP01-DEL05-SC,2023
"546742,0",2023-09-05,terça-feira,14:20:00,SC,282,"16,0",PALHOCA,Acesso irregular,Colisão transversal,Com Vítimas Feridas,Pleno dia,Crescente,Céu Claro,Simples,Reta,Sim,2,0,1,0,1,0,1,2,-27.658611,-48.681847,SPRF-SC,DEL01-SC,UOP02-DEL01-SC,2023
"546757,0",2023-09-05,terça-feira,09:50:00,SC,116,"51,5",PAPANDUVA,Transitar no Acostamento,Colisão lateral mesmo sentido,Com Vítimas Feridas,Pleno dia,Crescente,Céu Claro,Simples,Reta,Não,2,0,1,0,1,0,1,2,-26.38519214,-50.13765683,SPRF-SC,DEL06-SC,UOP01-DEL06-SC,2023
"546762,0",2023-09-05,terça-feira,15:30:00,SC,153,"97,5",CONCORDIA,Acessar a via sem observar a presença dos outros veículos,Colisão transversal,Com Vítimas Feridas,Pleno dia,Crescente,Céu Claro,Simples,Interseção de Vias;Rotatória,Sim,5,0,0,1,4,0,1,2,-27.220152,-51.948879,SPRF-SC,DEL07-SC,UOP04-DEL07-SC,2023
"546772,0",2023-09-05,terça-feira,17:15:00,SC,116,"1,8",MAFRA,Animais na Pista,Atropelamento de Animal,Com Vítimas Feridas,Pleno dia,Crescente,Céu Claro,Simples,Reta,Sim,1,0,1,0,0,0,1,1,-26.12179477,-49.79117632,SPRF-SC,DEL06-SC,UOP01-DEL06-SC,2023
"546786,0",2023-08-26,sábado,12:15:00,SC,101,"204,0",SAO JOSE,Ausência de reação do condutor,Colisão lateral mesmo sentido,Com Vítimas Feridas,Pleno dia,Decrescente,Céu Claro,Múltipla,Reta,Sim,4,0,0,1,2,1,1,4,-27.57413014,-48.61363083,SPRF-SC,DEL01-SC,UOP01-DEL01-SC,2023
"546796,0",2023-09-05,terça-feira,18:55:00,SC,101,"128,0",ITAJAI,Condutor deixou de manter distância do veículo da frente,Colisão traseira,Com Vítimas Feridas,Plena Noite,Crescente,Céu Claro,Dupla,Curva,Não,2,0,1,0,1,0,1,2,-26.97284292,-48.68299451,SPRF-SC,DEL04-SC,UOP04-DEL04-SC,2023
"546824,0",2023-09-05,terça-feira,14:45:00,SC,101,"458,0",SAO JOAO DO SUL,Reação tardia ou ineficiente do condutor,Saída de leito carroçável,Com Vítimas Feridas,Pleno dia,Crescente,Céu Claro,Múltipla,Curva,Não,1,0,1,0,0,0,1,1,-29.25135828,-49.75364685,SPRF-SC,DEL02-SC,UOP02-DEL02-SC,2023
"546833,0",2023-09-05,terça-feira,23:00:00,SC,282,"5,0",SAO JOSE,Ausência de reação do condutor,Queda de ocupante de veículo,Com Vítimas Feridas,Plena Noite,Crescente,Céu Claro,Múltipla,Curva,Não,1,0,1,0,0,0,1,1,-27.588425,-48.612919,SPRF-SC,DEL01-SC,UOP01-DEL01-SC,2023
"546908,0",2023-09-06,quarta-feira,11:40:00,SC,101,"209,0",SAO JOSE,Ausência de reação do condutor,Colisão traseira,Com Vítimas Feridas,Pleno dia,Decrescente,Nublado,Múltipla,Reta,Sim,2,0,1,0,1,0,1,2,-27.61000542,-48.63895057,SPRF-SC,DEL01-SC,UOP01-DEL01-SC,2023
"546920,0",2023-09-06,quarta-feira,12:30:00,SC,101,"154,1",PORTO BELO,Demais falhas mecânicas ou elétricas,Incêndio,Sem Vítimas,Pleno dia,Crescente,Nublado,Dupla,Reta,Não,1,0,0,0,1,0,0,1,-27.153819,-48.61086393,SPRF-SC,DEL04-SC,UOP03-DEL04-SC,2023
"546924,0",2023-09-06,quarta-feira,12:05:00,SC,470,"176,9",POUSO REDONDO,Desrespeitar a preferência no cruzamento,Colisão transversal,Com Vítimas Feridas,Pleno dia,Crescente,Nublado,Simples,Rotatória,Não,2,0,1,0,1,0,1,2,-27.25069997,-49.95970488,SPRF-SC,DEL04-SC,UOP02-DEL04-SC,2023
"546935,0",2023-09-06,quarta-feira,14:20:00,SC,101,"208,7",SAO JOSE,Ausência de reação do condutor,Colisão lateral mesmo sentido,Com Vítimas Feridas,Pleno dia,Decrescente,Nublado,Dupla,Reta,Não,2,0,1,0,1,0,1,2,-27.60327979,-48.63201818,SPRF-SC,DEL01-SC,UOP01-DEL01-SC,2023
"546957,0",2023-09-06,quarta-feira,15:35:00,SC,101,"136,3",BALNEARIO CAMBORIU,Reação tardia ou ineficiente do condutor,Tombamento,Com Vítimas Feridas,Pleno dia,Crescente,Céu Claro,Dupla,Reta,Não,1,0,1,0,0,0,1,1,-27.008113,-48.617245,SPRF-SC,DEL04-SC,UOP03-DEL04-SC,2023
"546981,0",2023-09-06,quarta-feira,18:20:00,SC,101,"214,0",PALHOCA,Transitar na contramão,Colisão frontal,Com Vítimas Feridas,Plena Noite,Decrescente,Céu Claro,Múltipla,Reta,Sim,2,0,0,1,0,1,1,2,-27.64638838,-48.67164373,SPRF-SC,DEL01-SC,UOP02-DEL01-SC,2023
"546985,0",2023-07-20,quinta-feira,06:15:00,SC,282,"471,5",VARGEAO,Ultrapassagem Indevida,Colisão frontal,Com Vítimas Fatais,Plena Noite,Crescente,Céu Claro,Simples,Reta,Não,3,1,0,2,0,0,2,2,-26.8589693,-52.1147169,SPRF-SC,DEL07-SC,UOP01-DEL07-SC,2023
"547034,0",2023-09-06,quarta-feira,19:30:00,SC,480,"130,0",CHAPECO,Transitar na contramão,Colisão frontal,Com Vítimas Feridas,Plena Noite,Decrescente,Céu Claro,Simples,Aclive;Reta;Interseção de Vias,Sim,2,0,0,1,1,0,1,2,-27.05534298,-52.63652069,SPRF-SC,DEL07-SC,UOP01-DEL07-SC,2023
"547049,0",2023-09-06,quarta-feira,21:45:00,SC,101,"6,3",GARUVA,Velocidade Incompatível,Saída de leito carroçável,Com Vítimas Feridas,Plena Noite,Crescente,Nublado,Dupla,Viaduto;Reta,Sim,4,0,2,0,2,0,2,1,-26.02692002,-48.86142017,SPRF-SC,DEL03-SC,UOP01-DEL03-SC,2023
"547058,0",2023-08-06,domingo,03:05:00,SC,470,"66,0",INDAIAL,Velocidade Incompatível,Saída de leito carroçável,Sem Vítimas,Plena Noite,Crescente,Nublado,Simples,Reta;Declive;Rotatória,Sim,1,0,0,0,0,1,0,1,-26.86965193,-49.22539299,SPRF-SC,DEL04-SC,UOP01-DEL04-SC,2023
"547062,0",2023-09-06,quarta-feira,22:25:00,SC,101,"335,1",TUBARAO,Velocidade Incompatível,Capotamento,Sem Vítimas,Plena Noite,Crescente,Céu Claro,Simples,Reta,Sim,1,0,0,0,0,1,0,1,-28.46927473,-49.01557908,SPRF-SC,DEL02-SC,UOP01-DEL02-SC,2023
"547064,0",2023-09-02,sábado,22:50:00,SC,470,"57,6",BLUMENAU,Ultrapassagem Indevida,Colisão com objeto,Com Vítimas Feridas,Plena Noite,Decrescente,Céu Claro,Simples,Reta;Interseção de Vias;Desvio Temporário,Sim,1,0,1,0,0,0,1,1,-26.88332738,-49.14319938,SPRF-SC,DEL04-SC,UOP01-DEL04-SC,2023