id,data_inversa,dia_semana,horario,uf,br,km,municipio,causa_acidente,tipo_acidente,classificacao_acidente,fase_dia,sentido_via,condicao_metereologica,tipo_pista,tracado_via,uso_solo,pessoas,mortos,feridos_leves,feridos_graves,ilesos,ignorados,feridos,veiculos,latitude,longitude,regional,delegacia,uop,ano_arquivo
"547065,0",2023-09-06,quarta-feira,22:20:00,SC,280,"24,0",ARAQUARI,Ultrapassagem Indevida,Colisão transversal,Com Vítimas Feridas,Plena Noite,Crescente,Nublado,Simples,Reta,Não,2,0,1,0,1,0,1,2,-26.37724921,-48.71953282,SPRF-SC,DEL03-SC,UOP03-DEL03-SC,2023
"547066,0",2023-09-06,quarta-feira,22:15:00,SC,101,"127,0",ITAJAI,Ausência de reação do condutor,Colisão traseira,Com Vítimas Feridas,Plena Noite,Crescente,Céu Claro,Dupla,Reta,Sim,2,0,1,0,1,0,1,2,-26.9639319,-48.68328024,SPRF-SC,DEL04-SC,UOP04-DEL04-SC,2023
"547067,0",2023-09-06,quarta-feira,21:40:00,SC,116,"11,1",MAFRA,Acessar a via sem observar a presença dos outros veículos,Colisão transversal,Com Vítimas Feridas,Plena Noite,Decrescente,Céu Claro,Simples,Curva;Declive,Não,6,0,4,1,1,0,5,2,-26.17627262,-49.8580203,SPRF-SC,DEL06-SC,UOP01-DEL06-SC,2023
"547086,0",2023-09-07,quinta-feira,03:15:00,SC,101,"207,6",SAO JOSE,Demais falhas mecânicas ou elétricas,Tombamento,Com Vítimas Feridas,Plena Noite,Crescente,Céu Claro,Múltipla,Curva;Declive,Sim,1,0,1,0,0,0,1,1,-27.60001226,-48.6226467,SPRF-SC,DEL01-SC,UOP01-DEL01-SC,2023
"547089,0",2023-09-07,quinta-feira,03:20:00,SC,280,"5,0",SAO FRANCISCO DO SUL,Condutor deixou de manter distância do veículo da frente,Colisão traseira,Sem Vítimas,Plena Noite,Crescente,Nublado,Simples,Reta,Sim,2,0,0,0,2,0,0,2,-26.26011706,-48.62571995,SPRF-SC,DEL03-SC,UOP03-DEL03-SC,2023
"547106,0",2023-09-07,quinta-feira,04:10:00,SC,282,"443,3",PONTE SERRADA,Condutor Dormindo,Saída de leito carroçável,Com Vítimas Feridas,Plena Noite,Crescente,Céu Claro,Simples,Reta,Não,1,0,0,1,0,0,1,1,-26.92134,-51.881719,SPRF-SC,DEL07-SC,UOP04-DEL07-SC,2023
"547117,0",2023-09-07,quinta-feira,05:10:00,SC,101,"332,3",TUBARAO,Pedestre andava na pista,Atropelamento de Pedestre,Com Vítimas Fatais,Plena Noite,Crescente,Céu Claro,Múltipla,Reta,Sim,5,1,0,1,2,1,1,4,-28.4676784,-49.0018859,SPRF-SC,DEL02-SC,UOP01-DEL02-SC,2023
"547133,0",2023-09-07,quinta-feira,06:00:00,SC,470,"205,1",PONTE ALTA,Objeto estático sobre o leito carroçável,Colisão com objeto,Com Vítimas Feridas,Amanhecer,Decrescente,Garoa/Chuvisco,Simples,Declive;Reta,Não,5,0,4,1,0,0,5,1,-27.29310763,-50.17733932,SPRF-SC,DEL05-SC,UOP03-DEL05-SC,2023
"547150,0",2023-09-07,quinta-feira,08:00:00,SC,282,"71,9",RANCHO QUEIMADO,Velocidade Incompatível,Colisão frontal,Com Vítimas Feridas,Pleno dia,Crescente,Garoa/Chuvisco,Simples,Aclive;Curva,Não,4,0,1,0,3,0,1,4,-27.689093,-49.097748,SPRF-SC,DEL01-SC,UOP03-DEL01-SC,2023
"547169,0",2023-09-07,quinta-feira,12:19:00,SC,282,"64,0",RANCHO QUEIMADO,Reação tardia ou ineficiente do condutor,Saída de leito carroçável,Com Vítimas Feridas,Pleno dia,Crescente,Garoa/Chuvisco,Simples,Curva,Não,2,0,1,0,1,0,1,1,-27.69112554,-49.07268226,SPRF-SC,DEL01-SC,UOP03-DEL01-SC,2023
"547177,0",2023-09-07,quinta-feira,12:25:00,SC,101,"431,6",SOMBRIO,Entrada inopinada do pedestre,Atropelamento de Pedestre,Com Vítimas Feridas,Pleno dia,Decrescente,Céu Claro,Simples,Reta,Não,3,0,1,0,1,1,1,2,-29.07660353,-49.62778687,SPRF-SC,DEL02-SC,UOP02-DEL02-SC,2023
"547190,0",2023-09-07,quinta-feira,04:20:00,SC,101,"204,0",SAO JOSE,Ausência de reação do condutor,Eventos atípicos,Sem Vítimas,Plena Noite,Crescente,Céu Claro,Simples,Curva;Retorno Regulamentado;Viaduto,Sim,1,0,0,0,0,1,0,1,-27.57413014,-48.61363083,SPRF-SC,DEL01-SC,UOP01-DEL01-SC,2023
"547191,0",2023-09-07,quinta-feira,14:20:00,SC,101,"265,0",PAULO LOPES,Conversão proibida,Colisão transversal,Com Vítimas Feridas,Pleno dia,Crescente,Céu Claro,Múltipla,Reta,Sim,2,0,0,1,1,0,1,2,-28.06381026,-48.71620059,SPRF-SC,DEL02-SC,UOP03-DEL02-SC,2023
"547196,0",2023-09-07,quinta-feira,14:15:00,SC,116,"247,8",LAGES,Desrespeitar a preferência no cruzamento,Colisão transversal,Sem Vítimas,Pleno dia,Decrescente,Nublado,Simples,Reta,Sim,4,0,0,0,3,1,0,2,-27.81262488,-50.36859817,SPRF-SC,DEL05-SC,UOP02-DEL05-SC,2023
"547200,0",2023-09-07,quinta-feira,14:30:00,SC,101,"38,0",JOINVILLE,Desrespeitar a preferência no cruzamento,Colisão transversal,Com Vítimas Feridas,Pleno dia,Crescente,Nublado,Simples,Rotatória,Sim,2,0,1,0,1,0,1,2,-26.29653145,-48.88384938,SPRF-SC,DEL03-SC,UOP01-DEL03-SC,2023
"547208,0",2023-09-07,quinta-feira,05:30:00,SC,282,"255,1",SAO JOSE DO CERRITO,Condutor Dormindo,Colisão com objeto,Sem Vítimas,Plena Noite,Decrescente,Nublado,Simples,Curva,Não,1,0,0,0,0,1,0,1,-27.67435004,-50.57785749,SPRF-SC,DEL05-SC,UOP02-DEL05-SC,2023
"547214,0",2023-09-07,quinta-feira,16:50:00,SC,282,"54,3",RANCHO QUEIMADO,Velocidade Incompatível,Saída de leito carroçável,Com Vítimas Feridas,Pleno dia,Decrescente,Garoa/Chuvisco,Simples,Aclive;Curva,Não,1,0,1,0,0,0,1,1,-27.685799,-48.974514,SPRF-SC,DEL01-SC,UOP03-DEL01-SC,2023
"547222,0",2023-09-07,quinta-feira,16:05:00,SC,101,"329,2",TUBARAO,Reação tardia ou ineficiente do condutor,Colisão lateral mesmo sentido,Com Vítimas Feridas,Pleno dia,Crescente,Céu Claro,Dupla,Curva,Não,3,0,2,0,1,0,2,2,-28.45267543,-48.97552729,SPRF-SC,DEL02-SC,UOP01-DEL02-SC,2023
"547226,0",2023-09-07,quinta-feira,18:30:00,SC,101,"91,3",BARRA VELHA,Reação tardia ou ineficiente do condutor,Colisão com objeto,Com Vítimas Feridas,Plena Noite,Decrescente,Céu Claro,Dupla,Curva,Não,2,0,0,2,0,0,2,1,-26.674462,-48.690611,SPRF-SC,DEL03-SC,UOP02-DEL03-SC,2023
"547228,0",2023-09-07,quinta-feira,17:50:00,SC,163,"70,5",SAO MIGUEL DO OESTE,Objeto estático sobre o leito carroçável,Eventos atípicos,Com Vítimas Feridas,Anoitecer,Decrescente,Chuva,Dupla,Curva,Sim,1,0,1,0,0,0,1,1,-26.73461723,-53.50680015,SPRF-SC,DEL07-SC,UOP03-DEL07-SC,2023
"547237,0",2023-09-07,quinta-feira,18:15:00,SC,280,"51,2",GUARAMIRIM,Acessar a via sem observar a presença dos outros veículos,Colisão transversal,Com Vítimas Feridas,Plena Noite,Crescente,Chuva,Dupla,Reta;Retorno Regulamentado,Não,2,0,0,1,1,0,1,2,-26.46538871,-48.95544449,SPRF-SC,DEL03-SC,UOP03-DEL03-SC,2023
"547240,0",2023-09-07,quinta-feira,18:00:00,SC,101,"65,1",ARAQUARI,Reação tardia ou ineficiente do condutor,Colisão traseira,Sem Vítimas,Plena Noite,Decrescente,Céu Claro,Dupla,Reta,Não,2,0,0,0,2,0,0,2,-26.47135714,-48.74457217,SPRF-SC,DEL03-SC,UOP02-DEL03-SC,2023
"547244,0",2023-09-07,quinta-feira,19:20:00,SC,101,"420,2",ARARANGUA,Ausência de reação do condutor,Colisão lateral mesmo sentido,Com Vítimas Feridas,Plena Noite,Decrescente,Céu Claro,Simples,Reta,Não,2,0,1,0,0,1,1,2,-28.99961094,-49.55636501,SPRF-SC,DEL02-SC,UOP02-DEL02-SC,2023
"547264,0",2023-04-04,terça-feira,11:15:00,SC,282,"21,3",PALHOCA,Trafegar com motocicleta (ou similar) entre as faixas,Colisão transversal,Com Vítimas Feridas,Pleno dia,Crescente,Céu Claro,Simples,Reta,Sim,2,0,1,0,1,0,1,2,-27.68907,-48.717541,SPRF-SC,DEL01-SC,UOP02-DEL01-SC,2023
"547270,0",2023-09-07,quinta-feira,21:30:00,SC,101,"199,7",SAO JOSE,Condutor deixou de manter distância do veículo da frente,Colisão traseira,Sem Vítimas,Plena Noite,Crescente,Céu Claro,Múltipla,Reta,Sim,2,0,0,0,2,0,0,2,-27.53413705,-48.63003205,SPRF-SC,DEL01-SC,UOP01-DEL01-SC,2023
"547271,0",2023-09-07,quinta-feira,20:50:00,SC,470,"146,0",RIO DO SUL,Pista esburacada,Colisão lateral mesmo sentido,Com Vítimas Feridas,Plena Noite,Decrescente,Chuva,Simples,Reta,Não,3,0,0,2,1,0,2,2,-27.240673,-49.685822,SPRF-SC,DEL04-SC,UOP02-DEL04-SC,2023
"547303,0",2023-09-08,sexta-feira,02:20:00,SC,280,"4,0",SAO FRANCISCO DO SUL,Condutor deixou de manter distância do veículo da frente,Colisão traseira,Com Vítimas Feridas,Plena Noite,Decrescente,Nublado,Simples,Reta,Não,2,0,1,0,1,0,1,2,-26.25329566,-48.61916042,SPRF-SC,DEL03-SC,UOP03-DEL03-SC,2023
"547305,0",2023-09-08,sexta-feira,03:30:00,SC,101,"388,5",CRICIUMA,Ausência de reação do condutor,Saída de leito carroçável,Sem Vítimas,Plena Noite,Crescente,Céu Claro,Múltipla,Reta,Não,1,0,0,0,0,1,0,1,-28.78529329,-49.33739925,SPRF-SC,DEL02-SC,UOP02-DEL02-SC,2023
"547309,0",2023-09-08,sexta-feira,03:30:00,SC,101,"334,2",TUBARAO,Ingestão de álcool pelo condutor,Colisão com objeto,Com Vítimas Feridas,Plena Noite,Decrescente,Céu Claro,Dupla,Declive,Sim,1,0,1,0,0,0,1,1,-28.47194511,-49.02174711,SPRF-SC,DEL02-SC,UOP01-DEL02-SC,2023
"547317,0",2023-09-08,sexta-feira,06:40:00,SC,470,"46,5",BLUMENAU,Condutor deixou de manter distância do veículo da frente,Colisão traseira,Com Vítimas Feridas,Pleno dia,Crescente,Nublado,Simples,Reta;Em Obras,Não,3,0,1,0,2,0,1,3,-26.859823,-49.055393,SPRF-SC,DEL04-SC,UOP01-DEL04-SC,2023
"547319,0",2023-09-08,sexta-feira,04:25:00,SC,480,"127,9",CHAPECO,Ausência de reação do condutor,Saída de leito carroçável,Com Vítimas Feridas,Plena Noite,Decrescente,Chuva,Simples,Reta,Não,4,0,3,0,0,1,3,1,-27.03874821,-52.63441443,SPRF-SC,DEL07-SC,UOP01-DEL07-SC,2023
"547328,0",2023-09-08,sexta-feira,00:15:00,SC,470,"135,0",RIO DO SUL,Ausência de reação do condutor,Colisão transversal,Com Vítimas Feridas,Plena Noite,Decrescente,Garoa/Chuvisco,Simples,Reta,Não,2,0,1,0,1,0,1,2,-27.188492,-49.61232,SPRF-SC,DEL04-SC,UOP02-DEL04-SC,2023
"547340,0",2023-08-09,quarta-feira,08:00:00,SC,470,"57,0",BLUMENAU,Demais falhas mecânicas ou elétricas,Incêndio,Sem Vítimas,Pleno dia,Decrescente,Chuva,Simples,Curva;Retorno Regulamentado,Sim,1,0,0,0,1,0,0,1,-26.880428,-49.136532,SPRF-SC,DEL04-SC,UOP01-DEL04-SC,2023
"547369,0",2023-09-08,sexta-feira,11:50:00,SC,470,"158,0",TROMBUDO CENTRAL,Acessar a via sem observar a presença dos outros veículos,Colisão transversal,Com Vítimas Feridas,Pleno dia,Crescente,Nublado,Simples,Reta,Não,5,0,1,1,3,0,2,2,-27.287016,-49.778389,SPRF-SC,DEL04-SC,UOP02-DEL04-SC,2023
"547370,0",2023-09-03,domingo,02:00:00,SC,101,"202,7",SAO JOSE,Velocidade Incompatível,Colisão traseira,Com Vítimas Feridas,Plena Noite,Decrescente,Céu Claro,Múltipla,Reta,Sim,3,0,2,0,1,0,2,2,-27.55711595,-48.61897889,SPRF-SC,DEL01-SC,UOP01-DEL01-SC,2023
"547374,0",2023-09-08,sexta-feira,12:25:00,SC,101,"65,0",ARAQUARI,Velocidade Incompatível,Saída de leito carroçável,Sem Vítimas,Pleno dia,Crescente,Sol,Múltipla,Reta,Não,1,0,0,0,0,1,0,1,-26.47135714,-48.74457217,SPRF-SC,DEL03-SC,UOP02-DEL03-SC,2023
"547398,0",2023-09-08,sexta-feira,15:00:00,SC,101,"2,7",ARARANGUA,Acessar a via sem observar a presença dos outros veículos,Colisão transversal,Com Vítimas Feridas,Pleno dia,Crescente,Céu Claro,Simples,Rotatória,Não,2,0,0,1,1,0,1,2,-28.9356,-49.4864,SPRF-SC,DEL02-SC,UOP02-DEL02-SC,2023
"547406,0",2023-09-08,sexta-feira,15:20:00,SC,280,"48,5",GUARAMIRIM,Ausência de reação do condutor,Tombamento,Com Vítimas Feridas,Pleno dia,Crescente,Nublado,Simples,Aclive;Em Obras,Não,1,0,1,0,0,0,1,1,-26.45506795,-48.92766502,SPRF-SC,DEL03-SC,UOP03-DEL03-SC,2023
"547407,0",2023-09-08,sexta-feira,15:15:00,SC,280,"12,3",MAFRA,Acessar a via sem observar a presença dos outros veículos,Colisão transversal,Com Vítimas Feridas,Pleno dia,Crescente,Garoa/Chuvisco,Simples,Reta;Interseção de Vias;Retorno Regulamentado,Não,2,0,1,0,1,0,1,2,-26.17974211,-49.87106323,SPRF-SC,DEL03-SC,UOP03-DEL03-SC,2023
"547416,0",2023-09-08,sexta-feira,14:40:00,SC,101,"65,0",ARAQUARI,Condutor deixou de manter distância do veículo da frente,Saída de leito carroçável,Sem Vítimas,Pleno dia,Crescente,Céu Claro,Múltipla,Curva,Não,1,0,0,0,1,0,0,1,-26.4772045,-48.739832,SPRF-SC,DEL03-SC,UOP02-DEL03-SC,2023
"547421,0",2023-09-08,sexta-feira,17:00:00,SC,101,"144,0",ITAPEMA,Reação tardia ou ineficiente do condutor,Colisão traseira,Com Vítimas Feridas,Pleno dia,Decrescente,Nublado,Dupla,Reta,Não,4,0,1,0,3,0,1,3,-27.0732659,-48.59672716,SPRF-SC,DEL04-SC,UOP03-DEL04-SC,2023
"547432,0",2023-09-08,sexta-feira,17:30:00,SC,101,"196,8",BIGUACU,Condutor deixou de manter distância do veículo da frente,Tombamento,Com Vítimas Feridas,Anoitecer,Decrescente,Céu Claro,Múltipla,Reta,Sim,1,0,1,0,0,0,1,1,-27.51101091,-48.64322292,SPRF-SC,DEL01-SC,UOP01-DEL01-SC,2023
"547436,0",2023-09-08,sexta-feira,14:45:00,SC,101,"293,0",IMBITUBA,Avarias e/ou desgaste excessivo no pneu,Tombamento,Com Vítimas Feridas,Pleno dia,Crescente,Nublado,Dupla,Reta,Não,2,0,1,1,0,0,2,1,-28.2856298,-48.70438133,SPRF-SC,DEL02-SC,UOP03-DEL02-SC,2023
"547437,0",2023-09-08,sexta-feira,17:20:00,SC,282,"342,0",CAMPOS NOVOS,Demais falhas mecânicas ou elétricas,Colisão transversal,Com Vítimas Feridas,Pleno dia,Decrescente,Céu Claro,Simples,Rotatória,Sim,2,0,1,0,1,0,1,2,-27.390287,-51.223286,SPRF-SC,DEL07-SC,UOP06-DEL07-SC,2023
"547454,0",2023-09-08,sexta-feira,18:50:00,SC,101,"123,6",ITAJAI,Ausência de reação do condutor,Colisão transversal,Com Vítimas Feridas,Plena Noite,Decrescente,Nublado,Simples,Interseção de Vias,Não,3,0,1,0,2,0,1,2,-26.93668609,-48.69876905,SPRF-SC,DEL04-SC,UOP04-DEL04-SC,2023
"547458,0",2023-09-08,sexta-feira,19:20:00,SC,470,"72,0",INDAIAL,Ausência de sinalização,Saída de leito carroçável,Com Vítimas Feridas,Plena Noite,Crescente,Garoa/Chuvisco,Simples,Reta;Em Obras,Não,4,0,3,0,1,0,3,1,-26.901979,-49.268745,SPRF-SC,DEL04-SC,UOP01-DEL04-SC,2023
"547460,0",2023-09-08,sexta-feira,20:00:00,SC,101,"125,8",ITAJAI,Ausência de reação do condutor,Colisão lateral mesmo sentido,Com Vítimas Feridas,Plena Noite,Crescente,Nublado,Dupla,Reta,Não,2,0,0,1,1,0,1,2,-26.94802427,-48.68338515,SPRF-SC,DEL04-SC,UOP04-DEL04-SC,2023
"547488,0",2023-09-08,sexta-feira,19:20:00,SC,282,"194,0",LAGES,Acessar a via sem observar a presença dos outros veículos,Colisão transversal,Com Vítimas Feridas,Plena Noite,Decrescente,Garoa/Chuvisco,Simples,Aclive;Reta,Não,3,0,3,0,0,0,3,2,-27.74440094,-50.07845163,SPRF-SC,DEL05-SC,UOP01-DEL05-SC,2023
"547493,0",2023-09-08,sexta-feira,23:00:00,SC,101,"178,0",GOVERNADOR CELSO RAMOS,Ingestão de álcool pelo condutor,Colisão com objeto,Com Vítimas Feridas,Plena Noite,Crescente,Nublado,Simples,Viaduto,Não,1,0,1,0,0,0,1,1,-27.36408098,-48.63391212,SPRF-SC,DEL01-SC,UOP01-DEL01-SC,2023
"547496,0",2023-09-08,sexta-feira,21:00:00,SC,101,"282,8",IMBITUBA,Ausência de reação do condutor,Colisão lateral mesmo sentido,Sem Vítimas,Plena Noite,Crescente,Céu Claro,Dupla,Reta,Sim,1,0,0,0,0,1,0,1,-28.19626005,-48.69739859,SPRF-SC,DEL02-SC,UOP03-DEL02-SC,2023
"547499,0",2023-09-08,sexta-feira,23:40:00,SC,101,"2,0",GARUVA,Pista Escorregadia,Saída de leito carroçável,Sem Vítimas,Plena Noite,Decrescente,Garoa/Chuvisco,Dupla,Reta,Não,1,0,0,0,1,0,0,1,-25.99699834,-48.87891655,SPRF-SC,DEL03-SC,UOP01-DEL03-SC,2023
"547510,0",2023-09-09,sábado,03:55:00,SC,163,"85,0",GUARACIABA,Ingestão de álcool pelo condutor,Saída de leito carroçável,Com Vítimas Feridas,Plena Noite,Crescente,Céu Claro,Simples,Declive;Reta,Sim,1,0,1,0,0,0,1,1,-26.60730301,-53.51704391,SPRF-SC,DEL07-SC,UOP03-DEL07-SC,2023
"547513,0",2023-09-09,sábado,03:15:00,SC,101,"332,2",TUBARAO,Ingestão de álcool pelo condutor,Saída de leito carroçável,Sem Vítimas,Plena Noite,Crescente,Céu Claro,Dupla,Curva,Não,2,0,0,0,2,0,0,1,-28.46016431,-48.98968873,SPRF-SC,DEL02-SC,UOP01-DEL02-SC,2023
"547514,0",2023-09-09,sábado,04:30:00,SC,282,"510,1",XANXERE,Ingestão de álcool e/ou substâncias psicoativas pelo pedestre,Saída de leito carroçável,Com Vítimas Feridas,Plena Noite,Crescente,Chuva,Simples,Reta,Não,1,0,1,0,0,0,1,1,-26.8952,-52.4625,SPRF-SC,DEL07-SC,UOP01-DEL07-SC,2023
"547533,0",2023-09-09,sábado,06:20:00,SC,116,"6,7",MAFRA,Ausência de reação do condutor,Queda de ocupante de veículo,Com Vítimas Feridas,Amanhecer,Crescente,Céu Claro,Simples,Curva;Declive,Sim,1,0,1,0,0,0,1,1,-26.14644691,-49.82305806,SPRF-SC,DEL06-SC,UOP01-DEL06-SC,2023
"547551,0",2023-09-09,sábado,09:40:00,SC,470,"128,0",LONTRAS,Reação tardia ou ineficiente do condutor,Colisão traseira,Sem Vítimas,Pleno dia,Decrescente,Chuva,Simples,Reta;Aclive,Não,2,0,0,0,2,0,0,2,-27.143742,-49.548897,SPRF-SC,DEL04-SC,UOP02-DEL04-SC,2023
"547562,0",2023-06-21,quarta-feira,12:40:00,SC,470,"45,5",BLUMENAU,Condutor deixou de manter distância do veículo da frente,Colisão traseira,Com Vítimas Feridas,Pleno dia,Decrescente,Ignorado,Simples,Em Obras;Reta,Não,2,0,1,0,1,0,1,2,-26.86285382,-49.03488994,SPRF-SC,DEL04-SC,UOP01-DEL04-SC,2023
"547575,0",2023-09-09,sábado,12:30:00,SC,101,"129,0",BALNEARIO CAMBORIU,Condutor deixou de manter distância do veículo da frente,Colisão traseira,Sem Vítimas,Pleno dia,Crescente,Nublado,Dupla,Reta,Sim,5,0,0,0,5,0,0,2,-26.98064277,-48.6790679,SPRF-SC,DEL04-SC,UOP03-DEL04-SC,2023
"547591,0",2023-09-09,sábado,13:15:00,SC,101,"259,0",PAULO LOPES,Suicídio (presumido),Saída de leito carroçável,Com Vítimas Feridas,Pleno dia,Decrescente,Nublado,Dupla,Reta,Sim,1,0,1,0,0,0,1,1,-28.013062,-48.695152,SPRF-SC,DEL02-SC,UOP03-DEL02-SC,2023
"547640,0",2023-09-09,sábado,16:55:00,SC,101,"199,4",SAO JOSE,Condutor deixou de manter distância do veículo da frente,Colisão traseira,Com Vítimas Feridas,Pleno dia,Crescente,Nublado,Dupla,Reta,Sim,3,0,2,0,1,0,2,2,-27.53413705,-48.63003205,SPRF-SC,DEL01-SC,UOP01-DEL01-SC,2023
"547643,0",2023-09-09,sábado,18:35:00,SC,282,"18,0",PALHOCA,Reação tardia ou ineficiente do condutor,Colisão com objeto,Com Vítimas Feridas,Plena Noite,Crescente,Nublado,Simples,Em Obras,Sim,1,0,1,0,0,0,1,1,-27.672798,-48.694286,SPRF-SC,DEL01-SC,UOP02-DEL01-SC,2023
"547652,0",2023-09-09,sábado,18:15:00,SC,116,"5,5",MAFRA,Ingestão de álcool pelo condutor,Colisão com objeto,Sem Vítimas,Plena Noite,Decrescente,Nublado,Simples,Rotatória,Não,2,0,0,0,2,0,0,1,-26.14094396,-49.81508303,SPRF-SC,DEL06-SC,UOP01-DEL06-SC,2023
"547655,0",2023-09-09,sábado,19:40:00,SC,101,"194,0",BIGUACU,Acessar a via sem observar a presença dos outros veículos,Colisão transversal,Com Vítimas Feridas,Plena Noite,Crescente,Nublado,Simples,Interseção de Vias,Sim,3,0,2,0,1,0,2,2,-27.49815117,-48.65661236,SPRF-SC,DEL01-SC,UOP01-DEL01-SC,2023
"547662,0",2023-09-09,sábado,12:00:00,SC,282,"72,1",RANCHO QUEIMADO,Velocidade Incompatível,Saída de leito carroçável,Com Vítimas Feridas,Pleno dia,Crescente,Céu Claro,Simples,Curva,Não,1,0,0,1,0,0,1,1,-27.683439,-49.105259,SPRF-SC,DEL01-SC,UOP03-DEL01-SC,2023
"547669,0",2023-09-09,sábado,20:10:00,SC,470,"73,2",INDAIAL,Ingestão de álcool pelo condutor,Colisão lateral mesmo sentido,Com Vítimas Feridas,Plena Noite,Crescente,Nublado,Dupla,Reta,Sim,4,0,2,0,2,0,2,2,-26.91023322,-49.27641213,SPRF-SC,DEL04-SC,UOP01-DEL04-SC,2023
"547696,0",2023-09-09,sábado,22:05:00,SC,101,"123,0",ITAJAI,Reação tardia ou ineficiente do condutor,Tombamento,Com Vítimas Feridas,Plena Noite,Crescente,Nublado,Dupla,Ponte;Reta,Não,1,0,1,0,0,0,1,1,-26.93668609,-48.69876905,SPRF-SC,DEL04-SC,UOP04-DEL04-SC,2023
"547703,0",2023-09-09,sábado,22:30:00,SC,116,"135,1",SANTA CECILIA,Ausência de reação do condutor,Colisão com objeto,Com Vítimas Feridas,Plena Noite,Decrescente,Céu Claro,Simples,Curva,Não,2,0,1,0,1,0,1,1,-26.92904296,-50.4345818,SPRF-SC,DEL06-SC,UOP02-DEL06-SC,2023
"547715,0",2023-09-09,sábado,23:30:00,SC,101,"247,0",PAULO LOPES,Ingestão de álcool pelo condutor,Colisão traseira,Sem Vítimas,Plena Noite,Crescente,Nublado,Dupla,Reta,Não,6,0,0,0,6,0,0,2,-27.91824491,-48.65414317,SPRF-SC,DEL02-SC,UOP03-DEL02-SC,2023
"547716,0",2023-09-09,sábado,23:30:00,SC,101,"362,0",SANGAO,Ausência de reação do condutor,Saída de leito carroçável,Com Vítimas Feridas,Plena Noite,Decrescente,Chuva,Múltipla,Curva,Não,1,0,1,0,0,0,1,1,-28.67136197,-49.12225505,SPRF-SC,DEL02-SC,UOP01-DEL02-SC,2023
"547722,0",2023-09-10,domingo,00:20:00,SC,116,"247,0",LAGES,Ingestão de álcool pelo condutor,Saída de leito carroçável,Com Vítimas Feridas,Plena Noite,Decrescente,Nevoeiro/Neblina,Simples,Rotatória,Não,3,0,1,0,1,1,1,2,-27.81262488,-50.36859817,SPRF-SC,DEL05-SC,UOP02-DEL05-SC,2023
"547725,0",2023-09-10,domingo,01:50:00,SC,101,"338,0",TUBARAO,Objeto estático sobre o leito carroçável,Colisão com objeto,Com Vítimas Feridas,Plena Noite,Decrescente,Garoa/Chuvisco,Dupla,Declive;Reta,Sim,4,0,2,0,2,0,2,1,-28.503478,-49.047833,SPRF-SC,DEL02-SC,UOP01-DEL02-SC,2023
"547741,0",2023-09-10,domingo,05:00:00,SC,470,"53,3",BLUMENAU,Ingestão de substâncias psicoativas pelo condutor,Saída de leito carroçável,Sem Vítimas,Amanhecer,Decrescente,Céu Claro,Simples,Aclive;Reta,Sim,1,0,0,0,1,0,0,1,-26.867121,-49.102066,SPRF-SC,DEL04-SC,UOP01-DEL04-SC,2023
"547743,0",2023-09-10,domingo,05:00:00,SC,282,"606,0",MARAVILHA,Ingestão de álcool pelo condutor,Saída de leito carroçável,Com Vítimas Feridas,Plena Noite,Decrescente,Céu Claro,Simples,Aclive;Reta,Não,2,0,2,0,0,0,2,1,-26.778643,-53.198692,SPRF-SC,DEL07-SC,UOP02-DEL07-SC,2023
"547746,0",2023-09-10,domingo,05:00:00,SC,470,"49,5",BLUMENAU,Ingestão de álcool pelo condutor,Saída de leito carroçável,Sem Vítimas,Plena Noite,Decrescente,Nublado,Dupla,Curva,Não,1,0,0,0,0,1,0,1,-26.86074816,-49.07184005,SPRF-SC,DEL04-SC,UOP01-DEL04-SC,2023
"547747,0",2023-09-10,domingo,04:00:00,SC,101,"315,0",LAGUNA,Ausência de reação do condutor,Colisão com objeto,Sem Vítimas,Plena Noite,Decrescente,Garoa/Chuvisco,Dupla,Ponte;Reta,Sim,2,0,0,0,1,1,0,2,-28.43552413,-48.8343121,SPRF-SC,DEL02-SC,UOP01-DEL02-SC,2023
"547765,0",2023-09-10,domingo,05:00:00,SC,158,"123,0",CAIBI,Ingestão de álcool pelo condutor,Colisão transversal,Com Vítimas Feridas,Amanhecer,Crescente,Céu Claro,Simples,Curva,Não,2,0,1,0,1,0,1,2,-26.99025,-53.22588,SPRF-SC,DEL07-SC,UOP02-DEL07-SC,2023
"547768,0",2023-09-10,domingo,06:20:00,SC,101,"111,0",NAVEGANTES,Ingestão de álcool pelo condutor,Colisão traseira,Com Vítimas Feridas,Pleno dia,Crescente,Nublado,Dupla,Reta,Sim,2,0,1,0,1,0,1,2,-26.83955734,-48.71418074,SPRF-SC,DEL04-SC,UOP04-DEL04-SC,2023
"547779,0",2023-09-06,quarta-feira,17:10:00,SC,470,"66,0",INDAIAL,Reação tardia ou ineficiente do condutor,Colisão lateral mesmo sentido,Com Vítimas Feridas,Pleno dia,Decrescente,Nublado,Simples,Rotatória,Sim,2,0,1,0,1,0,1,2,-26.870407,-49.221844,SPRF-SC,DEL04-SC,UOP01-DEL04-SC,2023