id,data_inversa,dia_semana,horario,uf,br,km,municipio,causa_acidente,tipo_acidente,classificacao_acidente,fase_dia,sentido_via,condicao_metereologica,tipo_pista,tracado_via,uso_solo,pessoas,mortos,feridos_leves,feridos_graves,ilesos,ignorados,feridos,veiculos,latitude,longitude,regional,delegacia,uop,ano_arquivo
"547800,0",2023-09-10,domingo,11:20:00,SC,101,"199,6",SAO JOSE,Manobra de mudança de faixa,Colisão lateral mesmo sentido,Com Vítimas Feridas,Pleno dia,Decrescente,Nublado,Dupla,Reta,Sim,4,0,1,0,3,0,1,2,-27.53413705,-48.63003205,SPRF-SC,DEL01-SC,UOP01-DEL01-SC,2023
"547815,0",2023-09-10,domingo,10:45:00,SC,470,"40,0",GASPAR,Condutor deixou de manter distância do veículo da frente,Colisão traseira,Com Vítimas Feridas,Pleno dia,Crescente,Nublado,Dupla,Reta,Sim,2,0,1,0,1,0,1,2,-26.889574,-48.99094,SPRF-SC,DEL04-SC,UOP01-DEL04-SC,2023
"547822,0",2023-09-10,domingo,13:55:00,SC,101,"393,9",MARACAJA,Reação tardia ou ineficiente do condutor,Engavetamento,Com Vítimas Feridas,Pleno dia,Crescente,Nublado,Múltipla,Reta,Não,10,0,1,0,9,0,1,3,-28.83086473,-49.41323698,SPRF-SC,DEL02-SC,UOP02-DEL02-SC,2023
"547825,0",2023-09-10,domingo,14:20:00,SC,101,"336,7",TUBARAO,Manobra de mudança de faixa,Tombamento,Com Vítimas Feridas,Pleno dia,Decrescente,Céu Claro,Múltipla,Reta;Declive,Não,1,0,1,0,0,0,1,1,-28.47311347,-49.02437375,SPRF-SC,DEL02-SC,UOP01-DEL02-SC,2023
"547837,0",2023-09-10,domingo,11:00:00,SC,470,"157,9",TROMBUDO CENTRAL,Manobra de mudança de faixa,Colisão transversal,Com Vítimas Feridas,Pleno dia,Decrescente,Garoa/Chuvisco,Múltipla,Aclive,Não,7,0,1,0,6,0,1,3,-27.285425,-49.76881,SPRF-SC,DEL04-SC,UOP02-DEL04-SC,2023
"547840,0",2023-09-10,domingo,14:10:00,SC,280,"220,0",TRES BARRAS,Acessar a via sem observar a presença dos outros veículos,Colisão transversal,Com Vítimas Feridas,Pleno dia,Decrescente,Céu Claro,Simples,Curva,Não,6,0,0,1,5,0,1,2,-26.17118856,-50.26466388,SPRF-SC,DEL06-SC,UOP04-DEL06-SC,2023
"547842,0",2023-09-10,domingo,16:20:00,SC,101,"202,0",SAO JOSE,Trafegar com motocicleta (ou similar) entre as faixas,Colisão lateral mesmo sentido,Com Vítimas Feridas,Pleno dia,Crescente,Nublado,Dupla,Reta,Não,2,0,1,0,1,0,1,2,-27.55711595,-48.61897889,SPRF-SC,DEL01-SC,UOP01-DEL01-SC,2023
"547849,0",2023-09-10,domingo,16:40:00,SC,101,"222,1",PALHOCA,Trafegar com motocicleta (ou similar) entre as faixas,Colisão lateral mesmo sentido,Com Vítimas Feridas,Pleno dia,Decrescente,Nublado,Dupla,Reta,Não,3,0,1,0,1,1,1,3,-27.70865409,-48.65586407,SPRF-SC,DEL01-SC,UOP02-DEL01-SC,2023
"547850,0",2023-09-10,domingo,15:00:00,SC,282,"266,8",SAO JOSE DO CERRITO,Manobra de mudança de faixa,Colisão traseira,Com Vítimas Feridas,Pleno dia,Crescente,Sol,Simples,Reta;Interseção de Vias,Não,3,0,1,0,2,0,1,2,-27.62681333,-50.62362671,SPRF-SC,DEL05-SC,UOP02-DEL05-SC,2023
"547869,0",2023-09-10,domingo,18:28:00,SC,101,"133,1",BALNEARIO CAMBORIU,Trafegar com motocicleta (ou similar) entre as faixas,Colisão lateral mesmo sentido,Com Vítimas Feridas,Plena Noite,Decrescente,Nublado,Múltipla,Reta,Sim,2,0,1,0,1,0,1,2,-26.99654133,-48.65564711,SPRF-SC,DEL04-SC,UOP03-DEL04-SC,2023
"547893,0",2023-09-10,domingo,19:45:00,SC,101,"146,0",ITAPEMA,Trafegar com motocicleta (ou similar) entre as faixas,Colisão lateral mesmo sentido,Com Vítimas Feridas,Plena Noite,Crescente,Nublado,Dupla,Aclive;Reta,Sim,2,0,0,1,1,0,1,2,-27.08666525,-48.60955587,SPRF-SC,DEL04-SC,UOP03-DEL04-SC,2023
"547899,0",2023-09-10,domingo,19:25:00,SC,282,"498,6",XANXERE,Ingestão de álcool pelo condutor,Colisão transversal,Com Vítimas Feridas,Plena Noite,Crescente,Céu Claro,Simples,Curva,Não,3,0,2,0,1,0,2,2,-26.884584,-52.390911,SPRF-SC,DEL07-SC,UOP01-DEL07-SC,2023
"547904,0",2023-09-10,domingo,19:20:00,SC,470,"140,0",RIO DO SUL,Acessar a via sem observar a presença dos outros veículos,Colisão transversal,Com Vítimas Feridas,Plena Noite,Decrescente,Nublado,Simples,Interseção de Vias,Sim,3,0,1,1,1,0,2,2,-27.222485,-49.662827,SPRF-SC,DEL04-SC,UOP02-DEL04-SC,2023
"547922,0",2023-09-10,domingo,20:10:00,SC,101,"448,6",SANTA ROSA DO SUL,Acessar a via sem observar a presença dos outros veículos,Colisão transversal,Com Vítimas Feridas,Plena Noite,Decrescente,Nublado,Múltipla,Reta,Não,2,0,0,1,1,0,1,2,-29.15898991,-49.73540906,SPRF-SC,DEL02-SC,UOP02-DEL02-SC,2023
"547927,0",2023-09-10,domingo,20:00:00,SC,101,"14,9",GARUVA,Acessar a via sem observar a presença dos outros veículos,Colisão transversal,Com Vítimas Feridas,Plena Noite,Crescente,Céu Claro,Dupla,Reta,Não,6,0,2,1,3,0,3,4,-26.09803515,-48.86773972,SPRF-SC,DEL03-SC,UOP01-DEL03-SC,2023
"548017,0",2023-09-11,segunda-feira,09:50:00,SC,101,"213,2",PALHOCA,Manobra de mudança de faixa,Colisão lateral mesmo sentido,Com Vítimas Feridas,Pleno dia,Decrescente,Céu Claro,Dupla,Reta,Sim,2,0,0,1,1,0,1,2,-27.63697369,-48.66514142,SPRF-SC,DEL01-SC,UOP02-DEL01-SC,2023
"548033,0",2023-09-11,segunda-feira,11:30:00,SC,101,"388,4",SANGAO,Acumulo de areia ou detritos sobre o pavimento,Tombamento,Com Vítimas Feridas,Pleno dia,Decrescente,Céu Claro,Simples,Reta,Sim,1,0,1,0,0,0,1,1,-28.652504,-49.105904,SPRF-SC,DEL02-SC,UOP02-DEL02-SC,2023
"548042,0",2023-09-11,segunda-feira,13:00:00,SC,101,"331,7",TUBARAO,Desrespeitar a preferência no cruzamento,Colisão transversal,Com Vítimas Feridas,Pleno dia,Decrescente,Céu Claro,Dupla,Rotatória;Interseção de Vias;Viaduto,Sim,3,0,2,0,1,0,2,2,-28.46607874,-48.99559021,SPRF-SC,DEL02-SC,UOP01-DEL02-SC,2023
"548048,0",2023-08-30,quarta-feira,19:15:00,SC,101,"377,1",ICARA,Ausência de reação do condutor,Colisão traseira,Com Vítimas Fatais,Plena Noite,Decrescente,Céu Claro,Simples,Reta,Não,2,1,0,0,1,0,0,2,-28.745551,-49.258691,SPRF-SC,DEL02-SC,UOP01-DEL02-SC,2023
"548052,0",2023-09-11,segunda-feira,13:30:00,SC,101,"205,8",SAO JOSE,Condutor deixou de manter distância do veículo da frente,Colisão traseira,Com Vítimas Feridas,Pleno dia,Decrescente,Sol,Múltipla,Reta,Não,2,0,1,0,1,0,1,2,-27.58313237,-48.61532885,SPRF-SC,DEL01-SC,UOP01-DEL01-SC,2023
"548094,0",2023-09-11,segunda-feira,15:15:00,SC,101,"151,0",ITAPEMA,Reação tardia ou ineficiente do condutor,Colisão traseira,Com Vítimas Feridas,Pleno dia,Decrescente,Céu Claro,Simples,Curva;Viaduto,Sim,2,0,1,0,1,0,1,2,-27.126536,-48.609642,SPRF-SC,DEL04-SC,UOP03-DEL04-SC,2023
"548101,0",2023-09-11,segunda-feira,18:20:00,SC,101,"329,9",TUBARAO,Manobra de mudança de faixa,Colisão lateral mesmo sentido,Com Vítimas Feridas,Plena Noite,Decrescente,Céu Claro,Dupla,Reta,Não,3,0,1,0,2,0,1,2,-28.44404822,-48.96611372,SPRF-SC,DEL02-SC,UOP01-DEL02-SC,2023
"548177,0",2023-09-12,terça-feira,08:15:00,SC,101,"204,0",SAO JOSE,Reação tardia ou ineficiente do condutor,Tombamento,Com Vítimas Feridas,Pleno dia,Crescente,Céu Claro,Dupla,Reta,Sim,1,0,0,1,0,0,1,1,-27.57413014,-48.61363083,SPRF-SC,DEL01-SC,UOP01-DEL01-SC,2023
"548204,0",2023-09-12,terça-feira,10:10:00,SC,101,"206,0",SAO JOSE,Condutor deixou de manter distância do veículo da frente,Colisão traseira,Com Vítimas Feridas,Pleno dia,Crescente,Céu Claro,Múltipla,Reta,Não,2,0,1,0,1,0,1,2,-27.59193546,-48.61824557,SPRF-SC,DEL01-SC,UOP01-DEL01-SC,2023
"548237,0",2023-07-21,sexta-feira,18:35:00,SC,101,"292,4",IMBITUBA,Condutor deixou de manter distância do veículo da frente,Colisão lateral mesmo sentido,Com Vítimas Feridas,Plena Noite,Decrescente,Céu Claro,Dupla,Aclive;Reta,Não,3,0,2,0,0,1,2,2,-28.2954037,-48.71328771,SPRF-SC,DEL02-SC,UOP03-DEL02-SC,2023
"548238,0",2023-09-12,terça-feira,14:25:00,SC,280,"48,6",GUARAMIRIM,Desvio temporário,Colisão com objeto,Com Vítimas Feridas,Pleno dia,Decrescente,Céu Claro,Dupla,Em Obras;Aclive,Não,1,0,1,0,0,0,1,1,-26.45506795,-48.92766502,SPRF-SC,DEL03-SC,UOP03-DEL03-SC,2023
"548260,0",2023-09-12,terça-feira,17:10:00,SC,101,"178,0",BIGUACU,Objeto estático sobre o leito carroçável,Tombamento,Com Vítimas Feridas,Pleno dia,Crescente,Céu Claro,Dupla,Reta,Não,1,0,1,0,0,0,1,1,-27.36408098,-48.63391212,SPRF-SC,DEL01-SC,UOP01-DEL01-SC,2023
"548272,0",2023-09-12,terça-feira,18:40:00,SC,101,"218,0",PALHOCA,Acessar a via sem observar a presença dos outros veículos,Colisão lateral mesmo sentido,Sem Vítimas,Anoitecer,Crescente,Céu Claro,Múltipla,Reta,Sim,2,0,0,0,1,1,0,2,-27.6758601,-48.67052525,SPRF-SC,DEL01-SC,UOP02-DEL01-SC,2023
"548283,0",2023-09-12,terça-feira,18:30:00,SC,101,"295,0",IMBITUBA,Desrespeitar a preferência no cruzamento,Colisão transversal,Com Vítimas Feridas,Plena Noite,Decrescente,Céu Claro,Simples,Interseção de Vias,Não,2,0,0,1,1,0,1,2,-28.32043785,-48.72769117,SPRF-SC,DEL02-SC,UOP03-DEL02-SC,2023
"548292,0",2023-09-12,terça-feira,14:10:00,SC,280,"257,5",CANOINHAS,Condutor deixou de manter distância do veículo da frente,Colisão traseira,Com Vítimas Feridas,Pleno dia,Decrescente,Sol,Simples,Aclive;Reta,Não,7,0,1,0,6,0,1,3,-26.26373765,-50.60830397,SPRF-SC,DEL06-SC,UOP04-DEL06-SC,2023
"548301,0",2023-09-12,terça-feira,19:45:00,SC,101,"36,8",JOINVILLE,Ausência de reação do condutor,Tombamento,Com Vítimas Feridas,Plena Noite,Decrescente,Nublado,Dupla,Reta,Sim,1,0,1,0,0,0,1,1,-26.24573198,-48.9101069,SPRF-SC,DEL03-SC,UOP01-DEL03-SC,2023
"548302,0",2023-09-12,terça-feira,21:15:00,SC,101,"44,9",JOINVILLE,Ausência de reação do condutor,Colisão com objeto,Com Vítimas Feridas,Plena Noite,Crescente,Céu Claro,Dupla,Interseção de Vias;Declive;Viaduto,Sim,1,0,1,0,0,0,1,1,-26.34851764,-48.85710239,SPRF-SC,DEL03-SC,UOP01-DEL03-SC,2023
"548330,0",2023-09-12,terça-feira,18:30:00,SC,101,"335,0",TUBARAO,Desrespeitar a preferência no cruzamento,Colisão transversal,Com Vítimas Feridas,Anoitecer,Decrescente,Céu Claro,Simples,Retorno Regulamentado;Interseção de Vias;Reta,Sim,3,0,1,0,2,0,1,2,-28.46927473,-49.01557908,SPRF-SC,DEL02-SC,UOP01-DEL02-SC,2023
"548340,0",2023-09-12,terça-feira,21:20:00,SC,101,"135,0",BALNEARIO CAMBORIU,Ingestão de álcool pelo condutor,Colisão frontal,Com Vítimas Feridas,Plena Noite,Crescente,Céu Claro,Múltipla,Reta,Sim,1,0,1,0,0,0,1,1,-27.0050108,-48.62677494,SPRF-SC,DEL04-SC,UOP03-DEL04-SC,2023
"548362,0",2023-06-21,quarta-feira,09:50:00,SC,101,"205,0",SAO JOSE,Condutor deixou de manter distância do veículo da frente,Colisão traseira,Com Vítimas Feridas,Pleno dia,Decrescente,Céu Claro,Dupla,Reta,Não,2,0,1,0,1,0,1,2,-27.58313237,-48.61532885,SPRF-SC,DEL01-SC,UOP01-DEL01-SC,2023
"548400,0",2023-09-13,quarta-feira,11:40:00,SC,282,"487,7",FAXINAL DOS GUEDES,Desrespeitar a preferência no cruzamento,Colisão transversal,Sem Vítimas,Pleno dia,Decrescente,Chuva,Simples,Rotatória,Sim,2,0,0,0,2,0,0,2,-26.85758,-52.263203,SPRF-SC,DEL07-SC,UOP01-DEL07-SC,2023
"548404,0",2023-09-13,quarta-feira,11:30:00,SC,101,"91,0",BARRA VELHA,Mal súbito do condutor,Tombamento,Com Vítimas Feridas,Pleno dia,Decrescente,Nublado,Múltipla,Reta,Sim,1,0,1,0,0,0,1,1,-26.67790441,-48.69197488,SPRF-SC,DEL03-SC,UOP02-DEL03-SC,2023
"548413,0",2023-09-13,quarta-feira,14:45:00,SC,280,"23,0",ARAQUARI,Acessar a via sem observar a presença dos outros veículos,Colisão transversal,Com Vítimas Feridas,Pleno dia,Crescente,Nublado,Simples,Reta,Sim,2,0,1,0,1,0,1,2,-26.37522288,-48.71715546,SPRF-SC,DEL03-SC,UOP03-DEL03-SC,2023
"548414,0",2023-09-10,domingo,18:15:00,SC,282,"525,0",XAXIM,Ingestão de álcool pelo condutor,Colisão lateral sentido oposto,Sem Vítimas,Pleno dia,Decrescente,Céu Claro,Simples,Curva,Não,2,0,0,0,2,0,0,2,-26.965441,-52.566383,SPRF-SC,DEL07-SC,UOP01-DEL07-SC,2023
"548423,0",2023-09-06,quarta-feira,11:55:00,SC,282,"502,6",XANXERE,Desrespeitar a preferência no cruzamento,Colisão transversal,Com Vítimas Feridas,Pleno dia,Decrescente,Sol,Simples,Declive;Reta,Sim,2,0,1,0,1,0,1,2,-26.884584,-52.390911,SPRF-SC,DEL07-SC,UOP01-DEL07-SC,2023
"548439,0",2023-09-13,quarta-feira,13:20:00,SC,282,"4,0",FLORIANOPOLIS,Acessar a via sem observar a presença dos outros veículos,Colisão lateral mesmo sentido,Com Vítimas Feridas,Pleno dia,Crescente,Céu Claro,Dupla,Reta,Sim,2,0,1,0,1,0,1,2,-27.592646,-48.604034,SPRF-SC,DEL01-SC,UOP01-DEL01-SC,2023
"548482,0",2023-09-13,quarta-feira,21:10:00,SC,470,"39,9",GASPAR,Mal súbito do condutor,Saída de leito carroçável,Com Vítimas Feridas,Plena Noite,Crescente,Garoa/Chuvisco,Simples,Desvio Temporário;Em Obras,Não,2,0,2,0,0,0,2,1,-26.88919494,-48.99073822,SPRF-SC,DEL04-SC,UOP01-DEL04-SC,2023
"548483,0",2023-09-13,quarta-feira,21:30:00,SC,470,"22,0",ILHOTA,Condutor deixou de manter distância do veículo da frente,Colisão traseira,Com Vítimas Feridas,Plena Noite,Crescente,Chuva,Dupla,Reta,Não,2,0,0,1,1,0,1,2,-26.880066,-48.836224,SPRF-SC,DEL04-SC,UOP04-DEL04-SC,2023
"548517,0",2023-09-14,quinta-feira,06:30:00,SC,101,"214,9",PALHOCA,Demais falhas mecânicas ou elétricas,Queda de ocupante de veículo,Com Vítimas Feridas,Pleno dia,Crescente,Sol,Múltipla,Curva,Sim,1,0,1,0,0,0,1,1,-27.64443,-48.67057,SPRF-SC,DEL01-SC,UOP02-DEL01-SC,2023
"548555,0",2023-09-14,quinta-feira,08:50:00,SC,101,"336,9",TUBARAO,Ausência de reação do condutor,Saída de leito carroçável,Com Vítimas Feridas,Pleno dia,Decrescente,Céu Claro,Dupla,Aclive;Curva,Não,1,0,1,0,0,0,1,1,-28.47311347,-49.02437375,SPRF-SC,DEL02-SC,UOP01-DEL02-SC,2023
"548560,0",2023-09-14,quinta-feira,09:30:00,SC,101,"205,0",SAO JOSE,Ausência de reação do condutor,Colisão com objeto,Com Vítimas Feridas,Pleno dia,Crescente,Céu Claro,Múltipla,Reta,Não,2,0,1,0,1,0,1,1,-27.58313237,-48.61532885,SPRF-SC,DEL01-SC,UOP01-DEL01-SC,2023
"548577,0",2023-09-14,quinta-feira,11:10:00,SC,280,"48,0",GUARAMIRIM,Ultrapassagem Indevida,Colisão transversal,Com Vítimas Feridas,Pleno dia,Decrescente,Céu Claro,Simples,Desvio Temporário,Sim,2,0,1,0,1,0,1,2,-26.45506795,-48.92766502,SPRF-SC,DEL03-SC,UOP03-DEL03-SC,2023
"548595,0",2023-08-07,segunda-feira,23:00:00,SC,280,"225,7",TRES BARRAS,Velocidade Incompatível,Capotamento,Com Vítimas Feridas,Plena Noite,Decrescente,Nublado,Simples,Curva,Não,2,0,0,2,0,0,2,1,-26.17875971,-50.31308811,SPRF-SC,DEL06-SC,UOP04-DEL06-SC,2023
"548617,0",2023-09-14,quinta-feira,15:40:00,SC,101,"193,8",BIGUACU,Acessar a via sem observar a presença dos outros veículos,Colisão lateral mesmo sentido,Com Vítimas Feridas,Pleno dia,Crescente,Nublado,Dupla,Reta,Sim,2,0,1,0,1,0,1,2,-27.489574,-48.655914,SPRF-SC,DEL01-SC,UOP01-DEL01-SC,2023
"548649,0",2023-09-14,quinta-feira,17:45:00,SC,470,"53,0",BLUMENAU,Conversão proibida,Colisão transversal,Com Vítimas Feridas,Pleno dia,Decrescente,Sol,Simples,Curva,Sim,2,0,1,0,1,0,1,2,-26.867121,-49.102066,SPRF-SC,DEL04-SC,UOP01-DEL04-SC,2023
"548715,0",2023-09-15,sexta-feira,02:00:00,SC,101,"133,6",BALNEARIO CAMBORIU,Acessar a via sem observar a presença dos outros veículos,Tombamento,Com Vítimas Feridas,Plena Noite,Decrescente,Céu Claro,Múltipla,Reta,Sim,1,0,1,0,0,0,1,1,-26.99936,-48.64609,SPRF-SC,DEL04-SC,UOP03-DEL04-SC,2023
"548738,0",2023-09-15,sexta-feira,07:00:00,SC,101,"100,0",BALNEARIO PICARRAS,Ultrapassagem Indevida,Colisão transversal,Com Vítimas Feridas,Amanhecer,Decrescente,Céu Claro,Simples,Interseção de Vias;Reta,Não,2,0,1,0,1,0,1,2,-26.75482787,-48.68993675,SPRF-SC,DEL03-SC,UOP02-DEL03-SC,2023
"548739,0",2023-09-15,sexta-feira,08:00:00,SC,101,"209,4",SAO JOSE,Trafegar com motocicleta (ou similar) entre as faixas,Colisão lateral mesmo sentido,Com Vítimas Feridas,Pleno dia,Decrescente,Céu Claro,Múltipla,Reta,Não,3,0,2,0,1,0,2,2,-27.61000542,-48.63895057,SPRF-SC,DEL01-SC,UOP01-DEL01-SC,2023
"548749,0",2023-09-15,sexta-feira,08:40:00,SC,470,"60,0",BLUMENAU,Acessar a via sem observar a presença dos outros veículos,Colisão transversal,Com Vítimas Feridas,Pleno dia,Crescente,Céu Claro,Simples,Reta,Não,2,0,1,0,1,0,1,2,-26.88138,-49.164543,SPRF-SC,DEL04-SC,UOP01-DEL04-SC,2023
"548768,0",2023-09-15,sexta-feira,09:30:00,SC,101,"4,0",ARARANGUA,Acessar a via sem observar a presença dos outros veículos,Colisão transversal,Com Vítimas Feridas,Pleno dia,Decrescente,Céu Claro,Simples,Interseção de Vias;Reta,Sim,2,0,1,0,1,0,1,2,-28.94322777,-49.50194836,SPRF-SC,DEL02-SC,UOP02-DEL02-SC,2023
"548783,0",2023-09-14,quinta-feira,20:20:00,SC,470,"43,7",GASPAR,Reação tardia ou ineficiente do condutor,Tombamento,Com Vítimas Feridas,Plena Noite,Crescente,Céu Claro,Dupla,Reta;Em Obras,Não,1,0,1,0,0,0,1,1,-26.87135547,-49.01779002,SPRF-SC,DEL04-SC,UOP01-DEL04-SC,2023
"548799,0",2023-09-15,sexta-feira,12:45:00,SC,101,"206,0",SAO JOSE,Reação tardia ou ineficiente do condutor,Tombamento,Com Vítimas Feridas,Pleno dia,Crescente,Céu Claro,Múltipla,Reta,Sim,1,0,1,0,0,0,1,1,-27.58823948,-48.61678183,SPRF-SC,DEL01-SC,UOP01-DEL01-SC,2023
"548813,0",2023-09-15,sexta-feira,14:15:00,SC,470,"70,5",INDAIAL,Conversão proibida,Colisão transversal,Com Vítimas Feridas,Pleno dia,Decrescente,Céu Claro,Simples,Reta;Em Obras,Sim,3,0,2,1,0,0,3,2,-26.89255291,-49.25872564,SPRF-SC,DEL04-SC,UOP01-DEL04-SC,2023
"548815,0",2023-09-15,sexta-feira,15:00:00,SC,101,"276,0",IMBITUBA,Reação tardia ou ineficiente do condutor,Tombamento,Com Vítimas Feridas,Pleno dia,Decrescente,Céu Claro,Simples,Reta;Interseção de Vias,Não,1,0,0,1,0,0,1,1,-28.15728836,-48.69260788,SPRF-SC,DEL02-SC,UOP03-DEL02-SC,2023
"548833,0",2023-09-15,sexta-feira,16:20:00,SC,282,"213,7",LAGES,Acessar a via sem observar a presença dos outros veículos,Colisão lateral mesmo sentido,Sem Vítimas,Pleno dia,Crescente,Céu Claro,Simples,Interseção de Vias;Reta,Sim,2,0,0,0,1,1,0,2,-27.785299,-50.261921,SPRF-SC,DEL05-SC,UOP01-DEL05-SC,2023
"548838,0",2023-09-15,sexta-feira,14:45:00,SC,280,"126,0",RIO NEGRINHO,Ausência de reação do condutor,Colisão traseira,Com Vítimas Feridas,Pleno dia,Decrescente,Céu Claro,Simples,Reta,Não,3,0,1,0,2,0,1,2,-26.23779604,-49.49427399,SPRF-SC,DEL06-SC,UOP03-DEL06-SC,2023
"548841,0",2023-09-15,sexta-feira,16:00:00,SC,101,"102,9",BALNEARIO PICARRAS,Reação tardia ou ineficiente do condutor,Colisão com objeto,Com Vítimas Feridas,Pleno dia,Crescente,Céu Claro,Dupla,Reta;Aclive,Não,3,0,1,0,2,0,1,2,-26.7832381,-48.68314632,SPRF-SC,DEL03-SC,UOP02-DEL03-SC,2023
"548842,0",2023-09-15,sexta-feira,17:10:00,SC,101,"146,0",ITAPEMA,Reação tardia ou ineficiente do condutor,Colisão traseira,Sem Vítimas,Pleno dia,Decrescente,Céu Claro,Dupla,Reta,Sim,2,0,0,0,2,0,0,2,-27.08666525,-48.60955587,SPRF-SC,DEL04-SC,UOP03-DEL04-SC,2023
"548861,0",2023-09-15,sexta-feira,18:00:00,SC,282,"2,8",FLORIANOPOLIS,Trafegar com motocicleta (ou similar) entre as faixas,Colisão lateral mesmo sentido,Com Vítimas Feridas,Plena Noite,Crescente,Céu Claro,Múltipla,Reta,Sim,2,0,1,0,1,0,1,2,-27.603289,-48.590416,SPRF-SC,DEL01-SC,UOP01-DEL01-SC,2023
"548870,0",2023-09-15,sexta-feira,18:25:00,SC,101,"134,0",BALNEARIO CAMBORIU,Demais falhas mecânicas ou elétricas,Tombamento,Com Vítimas Feridas,Plena Noite,Crescente,Céu Claro,Simples,Reta,Sim,2,0,1,1,0,0,2,1,-27.00218,-48.636433,SPRF-SC,DEL04-SC,UOP03-DEL04-SC,2023
"548895,0",2023-09-15,sexta-feira,21:00:00,SC,470,"52,0",BLUMENAU,Acessar a via sem observar a presença dos outros veículos,Colisão transversal,Sem Vítimas,Plena Noite,Decrescente,Céu Claro,Simples,Reta;Interseção de Vias,Sim,18,0,0,0,18,0,0,2,-26.862286,-49.093903,SPRF-SC,DEL04-SC,UOP01-DEL04-SC,2023
"548922,0",2023-09-15,sexta-feira,19:15:00,SC,282,"229,0",LAGES,Carga excessiva e/ou mal acondicionada,Derramamento de carga,Com Vítimas Feridas,Plena Noite,Decrescente,Céu Claro,Simples,Aclive;Reta,Não,4,0,1,0,2,1,1,2,-27.791073,-50.416897,SPRF-SC,DEL05-SC,UOP02-DEL05-SC,2023
"548925,0",2023-09-16,sábado,01:10:00,SC,101,"192,0",BIGUACU,Ingestão de álcool pelo condutor,Colisão com objeto,Sem Vítimas,Plena Noite,Decrescente,Céu Claro,Múltipla,Viaduto,Sim,1,0,0,0,1,0,0,1,-27.48443781,-48.64765238,SPRF-SC,DEL01-SC,UOP01-DEL01-SC,2023
"548926,0",2023-09-15,sexta-feira,22:45:00,SC,101,"350,1",JAGUARUNA,Ausência de reação do condutor,Saída de leito carroçável,Com Vítimas Feridas,Plena Noite,Decrescente,Céu Claro,Dupla,Viaduto;Declive,Não,1,0,1,0,0,0,1,1,-28.5820168,-49.05059372,SPRF-SC,DEL02-SC,UOP01-DEL02-SC,2023
"548928,0",2023-09-16,sábado,01:30:00,SC,470,"92,0",APIUNA,Suicídio (presumido),Atropelamento de Pedestre,Com Vítimas Feridas,Plena Noite,Crescente,Céu Claro,Simples,Reta,Não,3,0,0,1,0,2,1,2,-26.994484,-49.375908,SPRF-SC,DEL04-SC,UOP01-DEL04-SC,2023
"548933,0",2023-09-15,sexta-feira,21:45:00,SC,101,"334,3",TUBARAO,Ingestão de álcool pelo condutor,Saída de leito carroçável,Sem Vítimas,Plena Noite,Decrescente,Céu Claro,Dupla,Declive,Sim,2,0,0,0,1,1,0,2,-28.4719734,-49.02194023,SPRF-SC,DEL02-SC,UOP01-DEL02-SC,2023
"548939,0",2023-09-16,sábado,04:30:00,SC,470,"6,0",NAVEGANTES,Ausência de reação do condutor,Colisão com objeto,Com Vítimas Feridas,Plena Noite,Crescente,Céu Claro,Simples,Reta;Viaduto;Em Obras,Não,1,0,0,1,0,0,1,1,-26.852238,-48.709545,SPRF-SC,DEL04-SC,UOP04-DEL04-SC,2023
"548962,0",2023-09-16,sábado,08:35:00,SC,101,"188,0",BIGUACU,Ausência de reação do condutor,Engavetamento,Com Vítimas Feridas,Pleno dia,Crescente,Céu Claro,Dupla,Reta,Sim,8,0,0,2,6,0,2,4,-27.45123421,-48.63370766,SPRF-SC,DEL01-SC,UOP01-DEL01-SC,2023
"548966,0",2023-09-16,sábado,09:10:00,SC,101,"203,0",SAO JOSE,Ausência de reação do condutor,Queda de ocupante de veículo,Sem Vítimas,Pleno dia,Crescente,Céu Claro,Múltipla,Reta,Não,1,0,0,0,1,0,0,1,-27.5650044,-48.61460082,SPRF-SC,DEL01-SC,UOP01-DEL01-SC,2023
"548969,0",2023-09-16,sábado,07:30:00,SC,116,"36,4",ITAIOPOLIS,Reação tardia ou ineficiente do condutor,Saída de leito carroçável,Sem Vítimas,Pleno dia,Crescente,Céu Claro,Simples,Aclive;Retorno Regulamentado;Interseção de Vias;Reta,Sim,1,0,0,0,1,0,0,1,-26.3385056,-50.01471809,SPRF-SC,DEL06-SC,UOP01-DEL06-SC,2023
"548976,0",2023-09-16,sábado,08:45:00,SC,101,"278,5",IMBITUBA,Reação tardia ou ineficiente do condutor,Colisão traseira,Com Vítimas Feridas,Pleno dia,Decrescente,Céu Claro,Dupla,Viaduto,Não,6,0,1,1,4,0,2,2,-28.16300604,-48.6939345,SPRF-SC,DEL02-SC,UOP03-DEL02-SC,2023
"548987,0",2023-09-16,sábado,11:05:00,SC,282,"22,0",SANTO AMARO DA IMPERATRIZ,Reação tardia ou ineficiente do condutor,Engavetamento,Com Vítimas Feridas,Pleno dia,Crescente,Céu Claro,Simples,Reta,Sim,3,0,1,0,2,0,1,3,-27.688507,-48.72739,SPRF-SC,DEL01-SC,UOP02-DEL01-SC,2023