id,data_inversa,dia_semana,horario,uf,br,km,municipio,causa_acidente,tipo_acidente,classificacao_acidente,fase_dia,sentido_via,condicao_metereologica,tipo_pista,tracado_via,uso_solo,pessoas,mortos,feridos_leves,feridos_graves,ilesos,ignorados,feridos,veiculos,latitude,longitude,regional,delegacia,uop,ano_arquivo
"548999,0",2023-09-16,sábado,10:55:00,SC,101,"54,6",JOINVILLE,Reação tardia ou ineficiente do condutor,Colisão traseira,Com Vítimas Feridas,Pleno dia,Crescente,Céu Claro,Dupla,Reta,Sim,3,0,1,0,2,0,1,2,-26.41319508,-48.83617332,SPRF-SC,DEL03-SC,UOP01-DEL03-SC,2023
"549001,0",2023-09-16,sábado,11:30:00,SC,101,"133,0",BALNEARIO CAMBORIU,Participar de racha,Colisão com objeto,Com Vítimas Feridas,Pleno dia,Decrescente,Céu Claro,Dupla,Reta,Sim,2,0,0,1,0,1,1,1,-26.99936,-48.64609,SPRF-SC,DEL04-SC,UOP03-DEL04-SC,2023
"549007,0",2023-09-16,sábado,12:00:00,SC,101,"207,0",SAO JOSE,Condutor deixou de manter distância do veículo da frente,Colisão traseira,Com Vítimas Feridas,Pleno dia,Crescente,Céu Claro,Múltipla,Reta,Sim,2,0,1,0,1,0,1,2,-27.60001226,-48.6226467,SPRF-SC,DEL01-SC,UOP01-DEL01-SC,2023
"549026,0",2023-09-16,sábado,14:20:00,SC,282,"223,2",LAGES,Ultrapassagem Indevida,Colisão transversal,Com Vítimas Feridas,Pleno dia,Decrescente,Céu Claro,Simples,Reta;Interseção de Vias,Sim,3,0,0,1,1,1,1,3,-27.79852061,-50.36566257,SPRF-SC,DEL05-SC,UOP01-DEL05-SC,2023
"549034,0",2023-09-16,sábado,14:59:00,SC,101,"333,0",TUBARAO,Velocidade Incompatível,Capotamento,Com Vítimas Feridas,Pleno dia,Decrescente,Céu Claro,Simples,Curva;Declive;Interseção de Vias,Sim,1,0,1,0,0,0,1,1,-28.46630107,-48.99653096,SPRF-SC,DEL02-SC,UOP01-DEL02-SC,2023
"549035,0",2023-09-16,sábado,13:15:00,SC,282,"449,0",PONTE SERRADA,Velocidade Incompatível,Capotamento,Com Vítimas Feridas,Pleno dia,Crescente,Céu Claro,Simples,Reta,Não,1,0,1,0,0,0,1,1,-26.919342,-51.944427,SPRF-SC,DEL07-SC,UOP04-DEL07-SC,2023
"549064,0",2023-09-16,sábado,18:30:00,SC,101,"206,1",SAO JOSE,Reação tardia ou ineficiente do condutor,Colisão traseira,Sem Vítimas,Plena Noite,Decrescente,Nublado,Múltipla,Reta,Não,3,0,0,0,3,0,0,3,-27.59193546,-48.61824557,SPRF-SC,DEL01-SC,UOP01-DEL01-SC,2023
"549072,0",2023-09-16,sábado,17:45:00,SC,282,"408,1",CATANDUVAS,Ingestão de álcool pelo condutor,Saída de leito carroçável,Com Vítimas Feridas,Pleno dia,Decrescente,Céu Claro,Simples,Aclive;Curva,Sim,1,0,1,0,0,0,1,1,-27.081282,-51.664106,SPRF-SC,DEL07-SC,UOP05-DEL07-SC,2023
"549077,0",2023-09-16,sábado,17:45:00,SC,116,"244,0",LAGES,Ausência de reação do condutor,Colisão com objeto,Com Vítimas Feridas,Anoitecer,Crescente,Céu Claro,Simples,Reta,Não,4,0,1,0,3,0,1,2,-27.78925388,-50.35413817,SPRF-SC,DEL05-SC,UOP01-DEL05-SC,2023
"549083,0",2023-09-16,sábado,20:00:00,SC,470,"71,0",INDAIAL,Reação tardia ou ineficiente do condutor,Saída de leito carroçável,Com Vítimas Feridas,Plena Noite,Crescente,Céu Claro,Dupla,Reta,Sim,2,0,2,0,0,0,2,1,-26.895243,-49.262104,SPRF-SC,DEL04-SC,UOP01-DEL04-SC,2023
"549096,0",2023-09-16,sábado,19:05:00,SC,280,"280,0",IRINEOPOLIS,Ausência de reação do condutor,Saída de leito carroçável,Com Vítimas Feridas,Plena Noite,Decrescente,Céu Claro,Simples,Reta;Declive,Não,1,0,0,1,0,0,1,1,-26.29669225,-50.82875994,SPRF-SC,DEL06-SC,UOP04-DEL06-SC,2023
"549121,0",2023-09-16,sábado,22:20:00,SC,282,"22,0",SANTO AMARO DA IMPERATRIZ,Condutor deixou de manter distância do veículo da frente,Colisão traseira,Sem Vítimas,Plena Noite,Decrescente,Céu Claro,Simples,Reta,Não,2,0,0,0,2,0,0,2,-27.688507,-48.72739,SPRF-SC,DEL01-SC,UOP02-DEL01-SC,2023
"549141,0",2023-09-16,sábado,22:10:00,SC,282,"396,0",JOACABA,Ingestão de álcool pelo condutor,Colisão com objeto,Sem Vítimas,Plena Noite,Decrescente,Céu Claro,Simples,Reta,Não,1,0,0,0,1,0,0,1,-27.155375,-51.601593,SPRF-SC,DEL07-SC,UOP05-DEL07-SC,2023
"549152,0",2023-09-17,domingo,00:35:00,SC,116,"169,0",PONTE ALTA DO NORTE,Ultrapassagem Indevida,Colisão frontal,Com Vítimas Feridas,Plena Noite,Crescente,Nublado,Dupla,Reta,Não,3,0,1,1,0,1,2,2,-27.18614796,-50.46482181,SPRF-SC,DEL05-SC,UOP03-DEL05-SC,2023
"549162,0",2023-09-17,domingo,03:50:00,SC,470,"57,0",BLUMENAU,Reação tardia ou ineficiente do condutor,Saída de leito carroçável,Sem Vítimas,Plena Noite,Crescente,Céu Claro,Simples,Em Obras;Reta,Sim,1,0,0,0,0,1,0,1,-26.880428,-49.136532,SPRF-SC,DEL04-SC,UOP01-DEL04-SC,2023
"549170,0",2023-09-17,domingo,03:30:00,SC,101,"317,0",PESCARIA BRAVA,Acesso irregular,Colisão frontal,Com Vítimas Feridas,Plena Noite,Crescente,Céu Claro,Dupla,Reta,Não,3,0,0,3,0,0,3,2,-28.42708421,-48.85211624,SPRF-SC,DEL02-SC,UOP01-DEL02-SC,2023
"549173,0",2023-09-17,domingo,06:15:00,SC,101,"132,0",BALNEARIO CAMBORIU,Ausência de reação do condutor,Colisão traseira,Com Vítimas Feridas,Pleno dia,Crescente,Nublado,Dupla,Reta,Sim,4,0,3,0,1,0,3,2,-26.99654133,-48.65564711,SPRF-SC,DEL04-SC,UOP03-DEL04-SC,2023
"549179,0",2023-09-17,domingo,05:00:00,SC,101,"154,0",PORTO BELO,Reação tardia ou ineficiente do condutor,Saída de leito carroçável,Sem Vítimas,Amanhecer,Decrescente,Céu Claro,Múltipla,Reta,Não,1,0,0,0,1,0,0,1,-27.153819,-48.61086393,SPRF-SC,DEL04-SC,UOP03-DEL04-SC,2023
"549188,0",2023-09-17,domingo,06:30:00,SC,282,"368,0",CAMPOS NOVOS,Reação tardia ou ineficiente do condutor,Saída de leito carroçável,Sem Vítimas,Amanhecer,Decrescente,Céu Claro,Simples,Aclive;Reta,Não,2,0,0,0,0,2,0,1,-27.332703,-51.3500126,SPRF-SC,DEL07-SC,UOP05-DEL07-SC,2023
"549191,0",2023-09-17,domingo,07:40:00,SC,101,"195,0",BIGUACU,Acessar a via sem observar a presença dos outros veículos,Atropelamento de Pedestre,Com Vítimas Feridas,Pleno dia,Decrescente,Céu Claro,Múltipla,Reta,Não,2,0,1,0,1,0,1,2,-27.5047092,-48.65010819,SPRF-SC,DEL01-SC,UOP01-DEL01-SC,2023
"549210,0",2023-09-17,domingo,10:45:00,SC,101,"206,2",SAO JOSE,Frear bruscamente,Queda de ocupante de veículo,Com Vítimas Feridas,Pleno dia,Decrescente,Céu Claro,Dupla,Reta,Sim,2,0,1,0,1,0,1,2,-27.59193546,-48.61824557,SPRF-SC,DEL01-SC,UOP01-DEL01-SC,2023
"549224,0",2023-09-17,domingo,13:00:00,SC,101,"133,6",BALNEARIO CAMBORIU,Reação tardia ou ineficiente do condutor,Colisão traseira,Com Vítimas Feridas,Pleno dia,Decrescente,Céu Claro,Múltipla,Reta,Sim,4,0,2,0,2,0,2,2,-26.99654133,-48.65564711,SPRF-SC,DEL04-SC,UOP03-DEL04-SC,2023
"549237,0",2023-09-17,domingo,11:40:00,SC,282,"42,5",AGUAS MORNAS,Desrespeitar a preferência no cruzamento,Colisão transversal,Com Vítimas Fatais,Pleno dia,Decrescente,Céu Claro,Simples,Reta,Não,5,1,1,3,0,0,4,2,-27.7198836,-48.8939106,SPRF-SC,DEL01-SC,UOP03-DEL01-SC,2023
"549243,0",2023-09-17,domingo,11:30:00,SC,101,"139,0",BALNEARIO CAMBORIU,Manobra de mudança de faixa,Colisão traseira,Com Vítimas Feridas,Pleno dia,Crescente,Céu Claro,Dupla,Reta;Aclive,Não,4,0,1,1,1,1,2,3,-27.02982303,-48.60115006,SPRF-SC,DEL04-SC,UOP03-DEL04-SC,2023
"549245,0",2023-09-17,domingo,15:00:00,SC,101,"83,2",BARRA VELHA,Acessar a via sem observar a presença dos outros veículos,Colisão transversal,Com Vítimas Feridas,Pleno dia,Crescente,Céu Claro,Dupla,Interseção de Vias;Reta,Não,2,0,1,0,1,0,1,2,-26.62325287,-48.71511698,SPRF-SC,DEL03-SC,UOP02-DEL03-SC,2023
"549248,0",2023-09-17,domingo,15:45:00,SC,101,"199,6",SAO JOSE,Condutor deixou de manter distância do veículo da frente,Colisão traseira,Com Vítimas Feridas,Pleno dia,Crescente,Céu Claro,Dupla,Reta;Aclive,Não,4,0,1,0,2,1,1,4,-27.53413705,-48.63003205,SPRF-SC,DEL01-SC,UOP01-DEL01-SC,2023
"549249,0",2023-09-17,domingo,13:35:00,SC,101,"406,8",ARARANGUA,Demais falhas mecânicas ou elétricas,Saída de leito carroçável,Com Vítimas Feridas,Pleno dia,Decrescente,Céu Claro,Dupla,Reta,Não,1,0,1,0,0,0,1,1,-28.91520781,-49.48658466,SPRF-SC,DEL02-SC,UOP02-DEL02-SC,2023
"549265,0",2023-09-17,domingo,17:30:00,SC,470,"6,0",NAVEGANTES,Reação tardia ou ineficiente do condutor,Colisão traseira,Com Vítimas Feridas,Pleno dia,Crescente,Céu Claro,Dupla,Reta,Não,3,0,2,0,1,0,2,2,-26.852238,-48.709545,SPRF-SC,DEL04-SC,UOP04-DEL04-SC,2023
"549275,0",2023-09-17,domingo,17:40:00,SC,116,"1,7",MAFRA,Ausência de reação do condutor,Colisão com objeto,Sem Vítimas,Pleno dia,Decrescente,Céu Claro,Simples,Reta,Sim,1,0,0,0,0,1,0,1,-26.1170929,-49.78694917,SPRF-SC,DEL06-SC,UOP01-DEL06-SC,2023
"549290,0",2023-09-17,domingo,16:45:00,SC,158,"101,3",CUNHA PORA,Condutor usando celular,Tombamento,Com Vítimas Feridas,Pleno dia,Crescente,Sol,Simples,Aclive;Reta,Não,1,0,1,0,0,0,1,1,-26.83661705,-53.17563409,SPRF-SC,DEL07-SC,UOP02-DEL07-SC,2023
"549316,0",2023-09-17,domingo,20:00:00,SC,101,"201,0",SAO JOSE,Acessar a via sem observar a presença dos outros veículos,Colisão transversal,Com Vítimas Feridas,Plena Noite,Crescente,Céu Claro,Múltipla,Declive;Reta,Sim,3,0,0,1,2,0,1,2,-27.55331036,-48.61975908,SPRF-SC,DEL01-SC,UOP01-DEL01-SC,2023
"549347,0",2023-09-17,domingo,21:05:00,SC,101,"389,1",CRICIUMA,Ingestão de álcool pelo condutor,Colisão traseira,Com Vítimas Feridas,Plena Noite,Crescente,Ignorado,Múltipla,Reta,Sim,3,0,2,0,1,0,2,2,-28.80376678,-49.36946869,SPRF-SC,DEL02-SC,UOP02-DEL02-SC,2023
"549355,0",2023-09-17,domingo,22:50:00,SC,282,"5,5",SAO JOSE,Manobra de mudança de faixa,Colisão lateral mesmo sentido,Com Vítimas Feridas,Plena Noite,Crescente,Céu Claro,Dupla,Reta,Não,3,0,1,0,2,0,1,2,-27.588425,-48.612919,SPRF-SC,DEL01-SC,UOP01-DEL01-SC,2023
"549370,0",2023-09-17,domingo,22:45:00,SC,101,"318,0",PESCARIA BRAVA,Ingestão de álcool e/ou substâncias psicoativas pelo pedestre,Atropelamento de Pedestre,Com Vítimas Feridas,Plena Noite,Decrescente,Céu Claro,Simples,Reta,Sim,2,0,0,1,0,1,1,2,-28.429347,-48.878489,SPRF-SC,DEL02-SC,UOP01-DEL02-SC,2023
"549400,0",2023-09-18,segunda-feira,06:00:00,SC,282,"252,6",SAO JOSE DO CERRITO,Condutor Dormindo,Saída de leito carroçável,Com Vítimas Feridas,Amanhecer,Crescente,Céu Claro,Simples,Curva,Não,1,0,1,0,0,0,1,1,-27.691267,-50.561481,SPRF-SC,DEL05-SC,UOP02-DEL05-SC,2023
"549403,0",2023-09-09,sábado,18:45:00,SC,280,"4,7",SAO FRANCISCO DO SUL,Ausência de reação do condutor,Queda de ocupante de veículo,Com Vítimas Feridas,Plena Noite,Crescente,Nublado,Simples,Rotatória,Sim,1,0,1,0,0,0,1,1,-26.258191,-48.62306,SPRF-SC,DEL03-SC,UOP03-DEL03-SC,2023
"549424,0",2023-09-18,segunda-feira,07:35:00,SC,101,"134,3",BALNEARIO CAMBORIU,Acessar a via sem observar a presença dos outros veículos,Colisão transversal,Com Vítimas Feridas,Pleno dia,Crescente,Céu Claro,Múltipla,Interseção de Vias,Sim,2,0,1,0,1,0,1,2,-27.00218,-48.636433,SPRF-SC,DEL04-SC,UOP03-DEL04-SC,2023
"549438,0",2023-09-18,segunda-feira,09:52:00,SC,470,"89,1",ASCURRA,Acessar a via sem observar a presença dos outros veículos,Colisão lateral mesmo sentido,Com Vítimas Feridas,Pleno dia,Crescente,Céu Claro,Simples,Reta;Interseção de Vias,Não,3,0,1,0,2,0,1,2,-26.961573,-49.371918,SPRF-SC,DEL04-SC,UOP01-DEL04-SC,2023
"549466,0",2023-09-18,segunda-feira,13:00:00,SC,470,"40,0",GASPAR,Trafegar com motocicleta (ou similar) entre as faixas,Colisão com objeto,Com Vítimas Feridas,Pleno dia,Crescente,Céu Claro,Dupla,Em Obras;Reta,Não,1,0,1,0,0,0,1,1,-26.889574,-48.99094,SPRF-SC,DEL04-SC,UOP01-DEL04-SC,2023
"549480,0",2023-09-18,segunda-feira,12:10:00,SC,101,"318,0",PESCARIA BRAVA,Reação tardia ou ineficiente do condutor,Tombamento,Com Vítimas Feridas,Pleno dia,Decrescente,Céu Claro,Simples,Reta,Sim,1,0,1,0,0,0,1,1,-28.4266481,-48.86160099,SPRF-SC,DEL02-SC,UOP01-DEL02-SC,2023
"549481,0",2023-09-18,segunda-feira,10:50:00,SC,470,"138,6",RIO DO SUL,Conversão proibida,Colisão transversal,Com Vítimas Feridas,Pleno dia,Decrescente,Céu Claro,Simples,Reta,Sim,2,0,0,1,1,0,1,2,-27.2054947,-49.6447438,SPRF-SC,DEL04-SC,UOP02-DEL04-SC,2023
"549487,0",2023-09-18,segunda-feira,14:30:00,SC,101,"205,2",SAO JOSE,Pedestre andava na pista,Atropelamento de Pedestre,Com Vítimas Feridas,Pleno dia,Decrescente,Céu Claro,Dupla,Curva;Declive,Sim,2,0,1,0,1,0,1,2,-27.58313237,-48.61532885,SPRF-SC,DEL01-SC,UOP01-DEL01-SC,2023
"549493,0",2023-09-18,segunda-feira,15:00:00,SC,101,"258,5",PAULO LOPES,Reação tardia ou ineficiente do condutor,Queda de ocupante de veículo,Com Vítimas Feridas,Pleno dia,Crescente,Céu Claro,Dupla,Curva;Declive,Não,1,0,1,0,0,0,1,1,-28.00482282,-48.69190437,SPRF-SC,DEL02-SC,UOP03-DEL02-SC,2023
"549518,0",2023-07-11,terça-feira,17:05:00,SC,116,"86,0",MONTE CASTELO,Reação tardia ou ineficiente do condutor,Colisão transversal,Com Vítimas Feridas,Anoitecer,Crescente,Chuva,Simples,Interseção de Vias;Aclive,Não,2,0,0,1,1,0,1,2,-26.60977491,-50.22937022,SPRF-SC,DEL06-SC,UOP02-DEL06-SC,2023
"549527,0",2023-09-18,segunda-feira,09:10:00,SC,101,"78,1",ARAQUARI,Demais falhas mecânicas ou elétricas,Queda de ocupante de veículo,Com Vítimas Feridas,Pleno dia,Crescente,Céu Claro,Dupla,Reta,Não,1,0,1,0,0,0,1,1,-26.57672096,-48.72270551,SPRF-SC,DEL03-SC,UOP02-DEL03-SC,2023
"549528,0",2023-09-18,segunda-feira,15:05:00,SC,470,"247,2",CURITIBANOS,Condutor deixou de manter distância do veículo da frente,Colisão traseira,Com Vítimas Feridas,Pleno dia,Crescente,Sol,Simples,Declive;Reta,Sim,4,0,1,0,3,0,1,4,-27.315269,-50.541786,SPRF-SC,DEL05-SC,UOP03-DEL05-SC,2023
"549577,0",2023-09-18,segunda-feira,19:35:00,SC,470,"179,8",POUSO REDONDO,Ingestão de álcool pelo condutor,Colisão traseira,Sem Vítimas,Plena Noite,Crescente,Chuva,Simples,Reta,Não,2,0,0,0,2,0,0,2,-27.2507095,-49.992342,SPRF-SC,DEL04-SC,UOP02-DEL04-SC,2023
"549599,0",2023-09-19,terça-feira,05:30:00,SC,282,"516,9",XAXIM,Velocidade Incompatível,Tombamento,Com Vítimas Feridas,Amanhecer,Crescente,Céu Claro,Simples,Aclive;Reta,Não,1,0,0,1,0,0,1,1,-26.930862,-52.499157,SPRF-SC,DEL07-SC,UOP01-DEL07-SC,2023
"549610,0",2023-09-19,terça-feira,07:11:00,SC,101,"237,0",PALHOCA,Avarias e/ou desgaste excessivo no pneu,Tombamento,Com Vítimas Feridas,Pleno dia,Crescente,Sol,Dupla,Reta,Sim,2,0,1,1,0,0,2,1,-27.83490593,-48.63077716,SPRF-SC,DEL01-SC,UOP02-DEL01-SC,2023
"549628,0",2023-09-19,terça-feira,07:40:00,SC,101,"209,4",SAO JOSE,Reação tardia ou ineficiente do condutor,Colisão traseira,Com Vítimas Feridas,Pleno dia,Crescente,Céu Claro,Múltipla,Reta,Não,2,0,1,0,1,0,1,2,-27.61000542,-48.63895057,SPRF-SC,DEL01-SC,UOP01-DEL01-SC,2023
"549635,0",2023-09-19,terça-feira,08:30:00,SC,101,"206,3",SAO JOSE,Manobra de mudança de faixa,Colisão lateral mesmo sentido,Com Vítimas Feridas,Pleno dia,Crescente,Céu Claro,Múltipla,Reta,Sim,2,0,1,0,1,0,1,2,-27.59193546,-48.61824557,SPRF-SC,DEL01-SC,UOP01-DEL01-SC,2023
"549646,0",2023-09-19,terça-feira,09:20:00,SC,101,"195,3",BIGUACU,Condutor deixou de manter distância do veículo da frente,Colisão traseira,Com Vítimas Feridas,Pleno dia,Decrescente,Sol,Múltipla,Reta,Sim,2,0,1,0,0,1,1,2,-27.5047092,-48.65010819,SPRF-SC,DEL01-SC,UOP01-DEL01-SC,2023
"549652,0",2023-09-19,terça-feira,10:10:00,SC,116,"207,5",PONTE ALTA,Reação tardia ou ineficiente do condutor,Colisão com objeto,Com Vítimas Feridas,Pleno dia,Crescente,Nublado,Simples,Rotatória,Sim,1,0,1,0,0,0,1,1,-27.48483607,-50.37802756,SPRF-SC,DEL05-SC,UOP03-DEL05-SC,2023
"549669,0",2023-09-19,terça-feira,12:24:00,SC,101,"210,4",SAO JOSE,Reação tardia ou ineficiente do condutor,Colisão frontal,Com Vítimas Feridas,Pleno dia,Crescente,Nublado,Múltipla,Reta,Sim,3,0,1,0,2,0,1,2,-27.61735871,-48.64642024,SPRF-SC,DEL01-SC,UOP01-DEL01-SC,2023
"549682,0",2023-09-19,terça-feira,14:35:00,SC,282,"5,3",SAO JOSE,Condutor deixou de manter distância do veículo da frente,Colisão traseira,Com Vítimas Feridas,Pleno dia,Crescente,Nublado,Múltipla,Reta,Sim,2,0,1,0,1,0,1,2,-27.588425,-48.612919,SPRF-SC,DEL01-SC,UOP01-DEL01-SC,2023
"549707,0",2023-09-19,terça-feira,15:30:00,SC,280,"52,2",GUARAMIRIM,Reação tardia ou ineficiente do condutor,Colisão lateral mesmo sentido,Com Vítimas Feridas,Pleno dia,Decrescente,Céu Claro,Dupla,Em Obras,Não,2,0,1,0,1,0,1,2,-26.468904,-48.96492,SPRF-SC,DEL03-SC,UOP03-DEL03-SC,2023
"549726,0",2023-09-19,terça-feira,07:40:00,SC,116,"122,7",SANTA CECILIA,Demais falhas mecânicas ou elétricas,Incêndio,Sem Vítimas,Pleno dia,Decrescente,Nublado,Simples,Reta,Não,1,0,0,0,1,0,0,1,-26.83694681,-50.39216836,SPRF-SC,DEL06-SC,UOP02-DEL06-SC,2023
"549728,0",2023-09-19,terça-feira,18:30:00,SC,101,"192,8",BIGUACU,Condutor deixou de manter distância do veículo da frente,Colisão traseira,Com Vítimas Feridas,Plena Noite,Crescente,Chuva,Múltipla,Reta,Sim,2,0,1,0,1,0,1,2,-27.48443781,-48.64765238,SPRF-SC,DEL01-SC,UOP01-DEL01-SC,2023
"549731,0",2023-09-06,quarta-feira,08:50:00,SC,101,"163,0",TIJUCAS,Reação tardia ou ineficiente do condutor,Colisão traseira,Com Vítimas Feridas,Pleno dia,Crescente,Céu Claro,Múltipla,Reta,Sim,1,0,0,1,0,0,1,1,-27.23363895,-48.63049865,SPRF-SC,DEL04-SC,UOP03-DEL04-SC,2023
"549740,0",2023-09-19,terça-feira,19:15:00,SC,470,"57,8",BLUMENAU,Acessar a via sem observar a presença dos outros veículos,Colisão lateral mesmo sentido,Com Vítimas Feridas,Plena Noite,Decrescente,Chuva,Múltipla,Em Obras;Rotatória;Viaduto,Sim,2,0,1,0,1,0,1,1,-26.88266709,-49.14157212,SPRF-SC,DEL04-SC,UOP01-DEL04-SC,2023
"549751,0",2023-09-19,terça-feira,18:46:00,SC,101,"214,0",PALHOCA,Demais falhas mecânicas ou elétricas,Eventos atípicos,Sem Vítimas,Plena Noite,Crescente,Chuva,Múltipla,Reta,Sim,1,0,0,0,1,0,0,1,-27.64443,-48.67057,SPRF-SC,DEL01-SC,UOP02-DEL01-SC,2023
"549758,0",2023-09-09,sábado,16:10:00,SC,282,"561,6",NOVA ERECHIM,Ultrapassagem Indevida,Colisão lateral mesmo sentido,Com Vítimas Feridas,Pleno dia,Decrescente,Céu Claro,Simples,Reta,Não,4,0,3,0,1,0,3,3,-26.919464,-52.861614,SPRF-SC,DEL07-SC,UOP02-DEL07-SC,2023
"549760,0",2023-09-19,terça-feira,21:10:00,SC,101,"136,0",BALNEARIO CAMBORIU,Acumulo de água sobre o pavimento,Saída de leito carroçável,Com Vítimas Feridas,Plena Noite,Decrescente,Chuva,Múltipla,Curva,Sim,1,0,1,0,0,0,1,1,-27.008113,-48.617245,SPRF-SC,DEL04-SC,UOP03-DEL04-SC,2023
"549764,0",2023-09-19,terça-feira,21:50:00,SC,101,"131,0",BALNEARIO CAMBORIU,Reação tardia ou ineficiente do condutor,Colisão com objeto,Com Vítimas Feridas,Plena Noite,Decrescente,Garoa/Chuvisco,Dupla,Interseção de Vias,Sim,1,0,1,0,0,0,1,1,-26.99064209,-48.66310912,SPRF-SC,DEL04-SC,UOP03-DEL04-SC,2023
"549773,0",2023-09-20,quarta-feira,00:21:00,SC,280,"134,0",RIO NEGRINHO,Transitar na contramão,Colisão lateral sentido oposto,Sem Vítimas,Plena Noite,Crescente,Céu Claro,Simples,Curva,Não,2,0,0,0,2,0,0,2,-26.27250478,-49.5633014,SPRF-SC,DEL06-SC,UOP03-DEL06-SC,2023
"549808,0",2023-09-20,quarta-feira,07:25:00,SC,101,"130,5",BALNEARIO CAMBORIU,Reação tardia ou ineficiente do condutor,Colisão traseira,Com Vítimas Feridas,Pleno dia,Crescente,Céu Claro,Dupla,Reta,Sim,2,0,1,0,1,0,1,2,-26.98407618,-48.66977107,SPRF-SC,DEL04-SC,UOP03-DEL04-SC,2023
"549810,0",2023-09-20,quarta-feira,08:20:00,SC,101,"211,0",PALHOCA,Condutor deixou de manter distância do veículo da frente,Colisão traseira,Com Vítimas Feridas,Pleno dia,Decrescente,Céu Claro,Múltipla,Reta,Sim,3,0,1,0,2,0,1,3,-27.62329313,-48.65245588,SPRF-SC,DEL01-SC,UOP02-DEL01-SC,2023
"549824,0",2023-09-20,quarta-feira,08:15:00,SC,282,"198,0",LAGES,Acessar a via sem observar a presença dos outros veículos,Colisão transversal,Com Vítimas Feridas,Pleno dia,Decrescente,Nublado,Simples,Curva;Aclive,Não,5,0,2,0,3,0,2,2,-27.754335,-50.113693,SPRF-SC,DEL05-SC,UOP01-DEL05-SC,2023
"549833,0",2023-09-20,quarta-feira,09:30:00,SC,282,"26,7",SANTO AMARO DA IMPERATRIZ,Acessar a via sem observar a presença dos outros veículos,Colisão transversal,Com Vítimas Feridas,Pleno dia,Decrescente,Céu Claro,Simples,Reta,Sim,2,0,1,0,1,0,1,2,-27.680267,-48.762482,SPRF-SC,DEL01-SC,UOP03-DEL01-SC,2023
"549839,0",2023-09-20,quarta-feira,11:50:00,SC,101,"152,0",ITAPEMA,Acessar a via sem observar a presença dos outros veículos,Colisão lateral mesmo sentido,Com Vítimas Feridas,Pleno dia,Decrescente,Sol,Múltipla,Reta,Sim,2,0,1,0,1,0,1,2,-27.13563503,-48.61004665,SPRF-SC,DEL04-SC,UOP03-DEL04-SC,2023
"549853,0",2023-09-20,quarta-feira,12:30:00,SC,282,"219,7",LAGES,Condutor deixou de manter distância do veículo da frente,Colisão traseira,Com Vítimas Feridas,Pleno dia,Crescente,Céu Claro,Simples,Rotatória,Não,3,0,1,0,1,1,1,3,-27.79456294,-50.32744646,SPRF-SC,DEL05-SC,UOP01-DEL05-SC,2023
"549888,0",2023-09-20,quarta-feira,17:40:00,SC,101,"201,0",SAO JOSE,Condutor deixou de manter distância do veículo da frente,Colisão traseira,Com Vítimas Feridas,Pleno dia,Decrescente,Céu Claro,Dupla,Reta,Sim,2,0,1,0,1,0,1,2,-27.54836599,-48.61977975,SPRF-SC,DEL01-SC,UOP01-DEL01-SC,2023
"549900,0",2023-09-20,quarta-feira,18:20:00,SC,101,"123,5",ITAJAI,Ausência de reação do condutor,Colisão lateral mesmo sentido,Com Vítimas Feridas,Anoitecer,Crescente,Céu Claro,Múltipla,Reta,Não,2,0,0,1,1,0,1,2,-26.93668609,-48.69876905,SPRF-SC,DEL04-SC,UOP04-DEL04-SC,2023
"549925,0",2023-09-20,quarta-feira,20:15:00,SC,101,"193,3",BIGUACU,Avarias e/ou desgaste excessivo no pneu,Eventos atípicos,Com Vítimas Feridas,Plena Noite,Decrescente,Nublado,Dupla,Reta,Não,3,0,1,0,1,1,1,2,-27.493509,-48.65671,SPRF-SC,DEL01-SC,UOP01-DEL01-SC,2023
"549929,0",2023-09-20,quarta-feira,20:00:00,SC,101,"136,8",BALNEARIO CAMBORIU,Reação tardia ou ineficiente do condutor,Colisão com objeto,Com Vítimas Feridas,Plena Noite,Crescente,Céu Claro,Simples,Reta,Sim,1,0,0,1,0,0,1,1,-27.008113,-48.617245,SPRF-SC,DEL04-SC,UOP03-DEL04-SC,2023
"549955,0",2023-09-20,quarta-feira,22:00:00,SC,101,"331,8",TUBARAO,Reação tardia ou ineficiente do condutor,Saída de leito carroçável,Com Vítimas Feridas,Plena Noite,Crescente,Céu Claro,Dupla,Reta,Sim,2,0,1,1,0,0,2,1,-28.46453,-48.99401,SPRF-SC,DEL02-SC,UOP01-DEL02-SC,2023
"549960,0",2023-09-20,quarta-feira,21:30:00,SC,282,"103,9",ALFREDO WAGNER,Acessar a via sem observar a presença dos outros veículos,Colisão frontal,Com Vítimas Fatais,Plena Noite,Crescente,Céu Claro,Simples,Reta;Interseção de Vias,Sim,2,1,0,0,1,0,0,2,-27.695915,-49.331459,SPRF-SC,DEL01-SC,UOP03-DEL01-SC,2023
"549975,0",2023-09-20,quarta-feira,21:15:00,SC,153,"1,2",AGUA DOCE,Acumulo de água sobre o pavimento,Saída de leito carroçável,Com Vítimas Feridas,Plena Noite,Decrescente,Chuva,Simples,Curva,Não,1,0,1,0,0,0,1,1,-26.613384,-51.496843,SPRF-SC,DEL07-SC,UOP07-DEL07-SC,2023