id,data_inversa,dia_semana,horario,uf,br,km,municipio,causa_acidente,tipo_acidente,classificacao_acidente,fase_dia,sentido_via,condicao_metereologica,tipo_pista,tracado_via,uso_solo,pessoas,mortos,feridos_leves,feridos_graves,ilesos,ignorados,feridos,veiculos,latitude,longitude,regional,delegacia,uop,ano_arquivo
"549985,0",2023-09-21,quinta-feira,05:45:00,SC,101,"43,2",JOINVILLE,Acessar a via sem observar a presença dos outros veículos,Colisão frontal,Com Vítimas Feridas,Amanhecer,Crescente,Nublado,Simples,Interseção de Vias;Reta,Sim,2,0,0,1,1,0,1,2,-26.33348001,-48.86114717,SPRF-SC,DEL03-SC,UOP01-DEL03-SC,2023
"549987,0",2023-09-21,quinta-feira,07:20:00,SC,470,"53,0",BLUMENAU,Trafegar com motocicleta (ou similar) entre as faixas,Colisão frontal,Com Vítimas Feridas,Pleno dia,Crescente,Céu Claro,Simples,Curva,Não,2,0,0,2,0,0,2,2,-26.867121,-49.102066,SPRF-SC,DEL04-SC,UOP01-DEL04-SC,2023
"549998,0",2023-09-21,quinta-feira,08:20:00,SC,280,"30,8",ARAQUARI,Acessar a via sem observar a presença dos outros veículos,Colisão transversal,Com Vítimas Feridas,Pleno dia,Crescente,Céu Claro,Simples,Reta,Não,2,0,1,0,1,0,1,2,-26.4141523,-48.76209493,SPRF-SC,DEL03-SC,UOP03-DEL03-SC,2023
"550010,0",2023-09-21,quinta-feira,08:10:00,SC,282,"4,0",FLORIANOPOLIS,Condutor deixou de manter distância do veículo da frente,Colisão lateral mesmo sentido,Com Vítimas Feridas,Pleno dia,Decrescente,Nublado,Dupla,Reta,Sim,2,0,1,0,1,0,1,2,-27.592646,-48.604034,SPRF-SC,DEL01-SC,UOP01-DEL01-SC,2023
"550034,0",2023-09-21,quinta-feira,08:00:00,SC,470,"187,0",POUSO REDONDO,Velocidade Incompatível,Saída de leito carroçável,Com Vítimas Feridas,Pleno dia,Crescente,Nublado,Simples,Curva,Não,1,0,1,0,0,0,1,1,-27.261072,-50.053226,SPRF-SC,DEL04-SC,UOP02-DEL04-SC,2023
"550057,0",2023-09-21,quinta-feira,13:40:00,SC,101,"198,5",BIGUACU,Condutor deixou de manter distância do veículo da frente,Colisão lateral mesmo sentido,Com Vítimas Feridas,Pleno dia,Crescente,Céu Claro,Dupla,Reta,Sim,2,0,0,1,1,0,1,2,-27.52658712,-48.63506019,SPRF-SC,DEL01-SC,UOP01-DEL01-SC,2023
"550072,0",2023-09-21,quinta-feira,15:21:00,SC,101,"133,0",BALNEARIO CAMBORIU,Transitar na contramão,Colisão frontal,Com Vítimas Feridas,Pleno dia,Crescente,Céu Claro,Múltipla,Interseção de Vias,Sim,2,0,0,1,1,0,1,2,-26.99936,-48.64609,SPRF-SC,DEL04-SC,UOP03-DEL04-SC,2023
"550109,0",2023-09-21,quinta-feira,17:00:00,SC,116,"1,1",MAFRA,Reação tardia ou ineficiente do condutor,Colisão transversal,Com Vítimas Feridas,Pleno dia,Crescente,Céu Claro,Simples,Interseção de Vias;Declive;Rotatória,Sim,2,0,0,1,1,0,1,2,-26.1170929,-49.78694917,SPRF-SC,DEL06-SC,UOP01-DEL06-SC,2023
"550122,0",2023-09-21,quinta-feira,16:40:00,SC,282,"463,0",PONTE SERRADA,Acessar a via sem observar a presença dos outros veículos,Colisão transversal,Com Vítimas Feridas,Pleno dia,Crescente,Nublado,Simples,Rotatória,Sim,2,0,2,0,0,0,2,2,-26.85598725,-52.03206539,SPRF-SC,DEL07-SC,UOP04-DEL07-SC,2023
"550125,0",2023-09-21,quinta-feira,18:00:00,SC,158,"136,5",PALMITOS,Falta de elemento de contenção que evite a saída do leito carroçável,Saída de leito carroçável,Com Vítimas Feridas,Plena Noite,Decrescente,Céu Claro,Simples,Curva;Declive,Não,2,0,1,0,1,0,1,1,-27.084828,-53.219748,SPRF-SC,DEL07-SC,UOP02-DEL07-SC,2023
"550129,0",2023-09-21,quinta-feira,20:50:00,SC,282,"19,5",PALHOCA,Pedestre andava na pista,Atropelamento de Pedestre,Com Vítimas Feridas,Plena Noite,Crescente,Céu Claro,Simples,Reta,Sim,2,0,0,1,1,0,1,2,-27.683958,-48.71006,SPRF-SC,DEL01-SC,UOP02-DEL01-SC,2023
"550133,0",2023-09-21,quinta-feira,19:00:00,SC,470,"128,5",LONTRAS,Velocidade Incompatível,Colisão frontal,Com Vítimas Fatais,Plena Noite,Decrescente,Nublado,Simples,Curva,Não,3,1,1,0,0,1,1,3,-27.1474941,-49.5551118,SPRF-SC,DEL04-SC,UOP02-DEL04-SC,2023
"550146,0",2023-09-21,quinta-feira,20:40:00,SC,101,"46,0",JOINVILLE,Reação tardia ou ineficiente do condutor,Tombamento,Com Vítimas Feridas,Plena Noite,Crescente,Céu Claro,Múltipla,Reta,Não,1,0,1,0,0,0,1,1,-26.35936874,-48.8589853,SPRF-SC,DEL03-SC,UOP01-DEL03-SC,2023
"550147,0",2023-09-21,quinta-feira,21:55:00,SC,470,"65,9",INDAIAL,Ausência de reação do condutor,Colisão transversal,Com Vítimas Feridas,Plena Noite,Crescente,Nublado,Simples,Interseção de Vias;Reta;Em Obras,Não,2,0,2,0,0,0,2,2,-26.87040127,-49.22118545,SPRF-SC,DEL04-SC,UOP01-DEL04-SC,2023
"550162,0",2023-09-22,sexta-feira,00:50:00,SC,280,"51,0",GUARAMIRIM,Acessar a via sem observar a presença dos outros veículos,Colisão transversal,Sem Vítimas,Plena Noite,Decrescente,Céu Claro,Dupla,Em Obras;Reta,Não,2,0,0,0,2,0,0,2,-26.46538871,-48.95544449,SPRF-SC,DEL03-SC,UOP03-DEL03-SC,2023
"550175,0",2023-09-22,sexta-feira,07:00:00,SC,101,"41,7",JOINVILLE,Trafegar com motocicleta (ou similar) entre as faixas,Colisão lateral mesmo sentido,Com Vítimas Feridas,Pleno dia,Decrescente,Céu Claro,Múltipla,Reta,Sim,2,0,1,0,1,0,1,2,-26.3178798,-48.87244999,SPRF-SC,DEL03-SC,UOP01-DEL03-SC,2023
"550188,0",2023-09-22,sexta-feira,07:30:00,SC,101,"117,0",ITAJAI,Reação tardia ou ineficiente do condutor,Colisão traseira,Com Vítimas Feridas,Pleno dia,Crescente,Nublado,Múltipla,Reta,Sim,3,0,2,0,1,0,2,2,-26.88747187,-48.72252969,SPRF-SC,DEL04-SC,UOP04-DEL04-SC,2023
"550198,0",2023-09-22,sexta-feira,09:00:00,SC,101,"252,6",PAULO LOPES,Ausência de reação do condutor,Tombamento,Com Vítimas Feridas,Pleno dia,Decrescente,Céu Claro,Múltipla,Reta,Sim,1,0,1,0,0,0,1,1,-27.96577144,-48.67929272,SPRF-SC,DEL02-SC,UOP03-DEL02-SC,2023
"550201,0",2023-09-22,sexta-feira,07:30:00,SC,470,"63,0",INDAIAL,Reação tardia ou ineficiente do condutor,Colisão transversal,Com Vítimas Feridas,Pleno dia,Decrescente,Nublado,Simples,Reta;Declive,Sim,2,0,1,0,1,0,1,2,-26.872396,-49.19228,SPRF-SC,DEL04-SC,UOP01-DEL04-SC,2023
"550202,0",2023-09-22,sexta-feira,10:00:00,SC,101,"139,4",BALNEARIO CAMBORIU,Condutor deixou de manter distância do veículo da frente,Colisão traseira,Com Vítimas Feridas,Pleno dia,Crescente,Céu Claro,Simples,Reta,Não,3,0,0,1,2,0,1,2,-27.02982303,-48.60115006,SPRF-SC,DEL04-SC,UOP03-DEL04-SC,2023
"550205,0",2023-09-22,sexta-feira,04:05:00,SC,101,"404,0",ARARANGUA,Ingestão de álcool pelo condutor,Colisão com objeto,Sem Vítimas,Plena Noite,Decrescente,Ignorado,Dupla,Curva,Não,1,0,0,0,1,0,0,1,-28.87065022,-49.45169172,SPRF-SC,DEL02-SC,UOP02-DEL02-SC,2023
"550209,0",2023-09-22,sexta-feira,11:30:00,SC,101,"276,8",IMBITUBA,Ausência de reação do condutor,Colisão traseira,Com Vítimas Feridas,Pleno dia,Crescente,Céu Claro,Dupla,Aclive;Em Obras;Reta,Sim,5,0,1,0,4,0,1,3,-28.14644701,-48.69204746,SPRF-SC,DEL02-SC,UOP03-DEL02-SC,2023
"550215,0",2023-09-22,sexta-feira,12:00:00,SC,101,"195,5",BIGUACU,Condutor deixou de manter distância do veículo da frente,Colisão traseira,Sem Vítimas,Pleno dia,Crescente,Céu Claro,Múltipla,Reta,Não,3,0,0,0,2,1,0,3,-27.5047092,-48.65010819,SPRF-SC,DEL01-SC,UOP01-DEL01-SC,2023
"550226,0",2023-09-22,sexta-feira,13:30:00,SC,101,"201,0",SAO JOSE,Trafegar com motocicleta (ou similar) entre as faixas,Colisão traseira,Com Vítimas Feridas,Pleno dia,Crescente,Céu Claro,Dupla,Reta,Sim,2,0,1,0,1,0,1,2,-27.54836599,-48.61977975,SPRF-SC,DEL01-SC,UOP01-DEL01-SC,2023
"550252,0",2023-09-22,sexta-feira,16:40:00,SC,101,"145,2",ITAPEMA,Trafegar com motocicleta (ou similar) entre as faixas,Colisão lateral mesmo sentido,Com Vítimas Feridas,Pleno dia,Decrescente,Nublado,Múltipla,Aclive;Reta,Não,2,0,1,0,1,0,1,2,-27.08139206,-48.60130993,SPRF-SC,DEL04-SC,UOP03-DEL04-SC,2023
"550273,0",2023-09-22,sexta-feira,17:50:00,SC,470,"136,0",RIO DO SUL,Entrada inopinada do pedestre,Queda de ocupante de veículo,Com Vítimas Feridas,Anoitecer,Decrescente,Nublado,Simples,Reta,Sim,1,0,1,0,0,0,1,1,-27.18625948,-49.60655451,SPRF-SC,DEL04-SC,UOP02-DEL04-SC,2023
"550275,0",2023-09-22,sexta-feira,18:30:00,SC,101,"130,9",BALNEARIO CAMBORIU,Manobra de mudança de faixa,Colisão lateral mesmo sentido,Com Vítimas Feridas,Plena Noite,Crescente,Céu Claro,Dupla,Reta,Não,2,0,0,1,0,1,1,2,-26.98407618,-48.66977107,SPRF-SC,DEL04-SC,UOP03-DEL04-SC,2023
"550292,0",2023-09-22,sexta-feira,19:00:00,SC,282,"28,3",SANTO AMARO DA IMPERATRIZ,Acessar a via sem observar a presença dos outros veículos,Colisão transversal,Com Vítimas Feridas,Plena Noite,Decrescente,Nublado,Simples,Interseção de Vias;Rotatória,Sim,7,0,4,0,3,0,4,2,-27.67478,-48.778904,SPRF-SC,DEL01-SC,UOP03-DEL01-SC,2023
"550316,0",2023-09-22,sexta-feira,22:30:00,SC,101,"147,0",ITAPEMA,Animais na Pista,Atropelamento de Animal,Com Vítimas Feridas,Plena Noite,Decrescente,Nublado,Dupla,Declive,Não,1,0,1,0,0,0,1,1,-27.09237407,-48.61730888,SPRF-SC,DEL04-SC,UOP03-DEL04-SC,2023
"550321,0",2023-09-22,sexta-feira,18:30:00,SC,101,"359,0",SANGAO,Iluminação deficiente,Colisão frontal,Com Vítimas Feridas,Plena Noite,Crescente,Céu Claro,Simples,Reta,Não,3,0,0,1,0,2,1,3,-28.635168,-49.09467,SPRF-SC,DEL02-SC,UOP01-DEL02-SC,2023
"550322,0",2023-09-22,sexta-feira,19:30:00,SC,101,"273,2",IMBITUBA,Demais falhas na via,Tombamento,Com Vítimas Feridas,Plena Noite,Decrescente,Nublado,Múltipla,Em Obras;Reta,Sim,1,0,1,0,0,0,1,1,-28.13413261,-48.69178109,SPRF-SC,DEL02-SC,UOP03-DEL02-SC,2023
"550332,0",2023-09-23,sábado,01:50:00,SC,280,"56,0",GUARAMIRIM,Conversão proibida,Colisão lateral mesmo sentido,Com Vítimas Feridas,Plena Noite,Crescente,Nublado,Dupla,Curva;Interseção de Vias,Sim,2,0,1,0,1,0,1,2,-26.47947677,-49.00298702,SPRF-SC,DEL03-SC,UOP03-DEL03-SC,2023
"550338,0",2023-09-23,sábado,01:00:00,SC,101,"382,0",ICARA,Transitar na contramão,Colisão frontal,Com Vítimas Feridas,Plena Noite,Decrescente,Nublado,Simples,Aclive;Reta,Não,2,0,0,1,1,0,1,2,-28.75966988,-49.28552404,SPRF-SC,DEL02-SC,UOP02-DEL02-SC,2023
"550352,0",2023-09-22,sexta-feira,22:30:00,SC,163,"99,5",SAO JOSE DO CEDRO,Ausência de reação do condutor,Saída de leito carroçável,Sem Vítimas,Plena Noite,Crescente,Céu Claro,Simples,Em Obras;Reta,Não,2,0,0,0,2,0,0,1,-26.49444297,-53.50152232,SPRF-SC,DEL07-SC,UOP03-DEL07-SC,2023
"550365,0",2023-09-22,sexta-feira,22:30:00,SC,280,"103,0",SAO BENTO DO SUL,Ausência de reação do condutor,Saída de leito carroçável,Sem Vítimas,Plena Noite,Decrescente,Nublado,Simples,Curva,Não,1,0,0,0,1,0,0,1,-26.35967199,-49.347507,SPRF-SC,DEL06-SC,UOP03-DEL06-SC,2023
"550391,0",2023-09-23,sábado,10:15:00,SC,101,"196,5",BIGUACU,Reação tardia ou ineficiente do condutor,Saída de leito carroçável,Com Vítimas Feridas,Pleno dia,Decrescente,Céu Claro,Múltipla,Curva,Não,1,0,1,0,0,0,1,1,-27.51101091,-48.64322292,SPRF-SC,DEL01-SC,UOP01-DEL01-SC,2023
"550396,0",2023-09-23,sábado,10:10:00,SC,470,"57,4",BLUMENAU,Manobra de mudança de faixa,Colisão lateral mesmo sentido,Sem Vítimas,Pleno dia,Decrescente,Céu Claro,Múltipla,Reta;Desvio Temporário;Em Obras,Sim,2,0,0,0,2,0,0,2,-26.8823513,-49.13959801,SPRF-SC,DEL04-SC,UOP01-DEL04-SC,2023
"550401,0",2023-09-23,sábado,09:20:00,SC,101,"247,5",PAULO LOPES,Ingestão de álcool pelo condutor,Colisão com objeto,Com Vítimas Feridas,Pleno dia,Crescente,Nublado,Dupla,Reta,Não,2,0,1,1,0,0,2,1,-27.91824491,-48.65414317,SPRF-SC,DEL02-SC,UOP03-DEL02-SC,2023
"550423,0",2023-09-23,sábado,14:15:00,SC,101,"420,5",ARARANGUA,Avarias e/ou desgaste excessivo no pneu,Colisão com objeto,Com Vítimas Feridas,Pleno dia,Decrescente,Chuva,Múltipla,Curva,Não,1,0,1,0,0,0,1,1,-28.99380392,-49.55081408,SPRF-SC,DEL02-SC,UOP02-DEL02-SC,2023
"550425,0",2023-09-23,sábado,12:55:00,SC,280,"126,0",RIO NEGRINHO,Conversão proibida,Colisão lateral mesmo sentido,Com Vítimas Feridas,Pleno dia,Decrescente,Céu Claro,Simples,Aclive;Reta,Não,2,0,1,0,1,0,1,2,-26.23779604,-49.49427399,SPRF-SC,DEL06-SC,UOP03-DEL06-SC,2023
"550429,0",2023-09-23,sábado,14:45:00,SC,101,"178,0",GOVERNADOR CELSO RAMOS,Demais falhas mecânicas ou elétricas,Queda de ocupante de veículo,Com Vítimas Feridas,Pleno dia,Decrescente,Nublado,Dupla,Reta,Não,2,0,1,0,1,0,1,1,-27.36408098,-48.63391212,SPRF-SC,DEL01-SC,UOP01-DEL01-SC,2023
"550444,0",2023-09-23,sábado,11:30:00,SC,280,"72,3",JARAGUA DO SUL,Condutor deixou de manter distância do veículo da frente,Colisão traseira,Com Vítimas Feridas,Pleno dia,Crescente,Sol,Simples,Reta,Não,2,0,1,0,1,0,1,2,-26.45955419,-49.14342101,SPRF-SC,DEL03-SC,UOP03-DEL03-SC,2023
"550465,0",2023-09-23,sábado,15:20:00,SC,280,"189,1",MAFRA,Ausência de reação do condutor,Queda de ocupante de veículo,Com Vítimas Feridas,Pleno dia,Decrescente,Céu Claro,Simples,Curva,Não,1,0,0,1,0,0,1,1,-26.17527846,-49.97184598,SPRF-SC,DEL06-SC,UOP01-DEL06-SC,2023
"550478,0",2023-09-23,sábado,18:45:00,SC,101,"204,8",SAO JOSE,Manobra de mudança de faixa,Colisão lateral mesmo sentido,Com Vítimas Feridas,Plena Noite,Decrescente,Nublado,Múltipla,Reta,Sim,3,0,2,0,1,0,2,2,-27.57413014,-48.61363083,SPRF-SC,DEL01-SC,UOP01-DEL01-SC,2023
"550493,0",2023-09-23,sábado,19:10:00,SC,282,"339,3",CAMPOS NOVOS,Ausência de sinalização,Colisão transversal,Com Vítimas Feridas,Plena Noite,Decrescente,Céu Claro,Simples,Interseção de Vias,Não,2,0,1,0,1,0,1,2,-27.392731,-51.195118,SPRF-SC,DEL07-SC,UOP06-DEL07-SC,2023
"550513,0",2023-09-23,sábado,20:00:00,SC,163,"70,8",SAO MIGUEL DO OESTE,Velocidade Incompatível,Colisão frontal,Com Vítimas Feridas,Plena Noite,Decrescente,Céu Claro,Simples,Interseção de Vias,Sim,2,0,1,0,1,0,1,2,-26.72974315,-53.5115397,SPRF-SC,DEL07-SC,UOP03-DEL07-SC,2023
"550515,0",2023-09-23,sábado,21:50:00,SC,101,"208,0",SAO JOSE,Velocidade Incompatível,Colisão traseira,Com Vítimas Feridas,Plena Noite,Decrescente,Céu Claro,Múltipla,Aclive,Sim,3,0,2,1,0,0,3,2,-27.60327979,-48.63201818,SPRF-SC,DEL01-SC,UOP01-DEL01-SC,2023
"550523,0",2023-09-23,sábado,21:00:00,SC,280,"25,0",ARAQUARI,Conversão proibida,Colisão transversal,Com Vítimas Feridas,Plena Noite,Decrescente,Nublado,Simples,Reta,Não,5,0,4,1,0,0,5,2,-26.38352781,-48.72677516,SPRF-SC,DEL03-SC,UOP03-DEL03-SC,2023
"550526,0",2023-09-23,sábado,21:50:00,SC,282,"418,0",CATANDUVAS,Condutor deixou de manter distância do veículo da frente,Colisão lateral mesmo sentido,Com Vítimas Feridas,Plena Noite,Crescente,Céu Claro,Simples,Reta,Não,4,0,0,1,2,1,1,2,-27.029184,-51.724043,SPRF-SC,DEL07-SC,UOP05-DEL07-SC,2023
"550533,0",2023-09-23,sábado,23:05:00,SC,101,"29,0",JOINVILLE,Ingestão de álcool pelo condutor,Colisão traseira,Sem Vítimas,Plena Noite,Crescente,Nublado,Dupla,Reta;Aclive,Não,2,0,0,0,2,0,0,2,-26.22618224,-48.91661101,SPRF-SC,DEL03-SC,UOP01-DEL03-SC,2023
"550544,0",2023-09-24,domingo,00:30:00,SC,101,"261,0",PAULO LOPES,Reação tardia ou ineficiente do condutor,Colisão com objeto,Sem Vítimas,Plena Noite,Decrescente,Céu Claro,Dupla,Reta,Não,1,0,0,0,1,0,0,1,-28.02774,-48.704035,SPRF-SC,DEL02-SC,UOP03-DEL02-SC,2023
"550555,0",2023-09-24,domingo,01:06:00,SC,101,"116,0",ITAJAI,Ingestão de álcool pelo condutor,Saída de leito carroçável,Sem Vítimas,Plena Noite,Crescente,Céu Claro,Múltipla,Reta,Sim,1,0,0,0,1,0,0,1,-26.87905605,-48.72603512,SPRF-SC,DEL04-SC,UOP04-DEL04-SC,2023
"550561,0",2023-09-24,domingo,03:30:00,SC,101,"236,0",PALHOCA,Ausência de reação do condutor,Saída de leito carroçável,Sem Vítimas,Plena Noite,Crescente,Céu Claro,Dupla,Retorno Regulamentado,Não,1,0,0,0,1,0,0,1,-27.82661599,-48.63036102,SPRF-SC,DEL01-SC,UOP02-DEL01-SC,2023
"550565,0",2023-09-24,domingo,03:20:00,SC,101,"89,8",BARRA VELHA,Ausência de reação do condutor,Saída de leito carroçável,Sem Vítimas,Plena Noite,Crescente,Céu Claro,Dupla,Reta,Sim,2,0,0,0,0,2,0,2,-26.66444959,-48.68928194,SPRF-SC,DEL03-SC,UOP02-DEL03-SC,2023
"550574,0",2023-09-24,domingo,04:30:00,SC,163,"104,2",SAO JOSE DO CEDRO,Ausência de reação do condutor,Saída de leito carroçável,Sem Vítimas,Plena Noite,Crescente,Céu Claro,Simples,Reta;Declive,Sim,1,0,0,0,0,1,0,1,-26.45385604,-53.51042064,SPRF-SC,DEL07-SC,UOP03-DEL07-SC,2023
"550603,0",2023-09-24,domingo,07:45:00,SC,101,"371,1",ICARA,Velocidade Incompatível,Saída de leito carroçável,Com Vítimas Feridas,Pleno dia,Decrescente,Nublado,Dupla,Reta,Não,2,0,2,0,0,0,2,1,-28.69956788,-49.19239904,SPRF-SC,DEL02-SC,UOP01-DEL02-SC,2023
"550631,0",2023-09-24,domingo,12:00:00,SC,101,"114,8",ITAJAI,Ausência de sinalização,Saída de leito carroçável,Com Vítimas Feridas,Pleno dia,Decrescente,Sol,Dupla,Reta,Não,2,0,1,0,0,1,1,2,-26.86192886,-48.7286704,SPRF-SC,DEL04-SC,UOP04-DEL04-SC,2023
"550639,0",2023-09-24,domingo,13:25:00,SC,101,"82,2",BARRA VELHA,Acessar a via sem observar a presença dos outros veículos,Colisão transversal,Com Vítimas Feridas,Pleno dia,Decrescente,Céu Claro,Dupla,Reta;Interseção de Vias;Viaduto,Não,3,0,1,0,2,0,1,2,-26.620196,-48.717191,SPRF-SC,DEL03-SC,UOP02-DEL03-SC,2023
"550640,0",2023-09-24,domingo,13:30:00,SC,101,"223,9",PALHOCA,Acessar a via sem observar a presença dos outros veículos,Colisão lateral mesmo sentido,Com Vítimas Feridas,Pleno dia,Decrescente,Garoa/Chuvisco,Dupla,Reta,Sim,3,0,1,0,1,1,1,2,-27.71552634,-48.64881251,SPRF-SC,DEL01-SC,UOP02-DEL01-SC,2023
"550643,0",2023-09-24,domingo,13:00:00,SC,280,"56,0",GUARAMIRIM,Desrespeitar a preferência no cruzamento,Colisão transversal,Com Vítimas Feridas,Pleno dia,Crescente,Céu Claro,Dupla,Interseção de Vias,Sim,3,0,2,0,1,0,2,2,-26.47947677,-49.00298702,SPRF-SC,DEL03-SC,UOP03-DEL03-SC,2023
"550649,0",2023-09-24,domingo,11:25:00,SC,101,"271,0",IMBITUBA,Demais falhas mecânicas ou elétricas,Tombamento,Com Vítimas Feridas,Pleno dia,Crescente,Céu Claro,Dupla,Reta,Não,2,0,2,0,0,0,2,1,-28.11011972,-48.70211279,SPRF-SC,DEL02-SC,UOP03-DEL02-SC,2023
"550662,0",2023-09-24,domingo,14:30:00,SC,101,"36,1",JOINVILLE,Manobra de mudança de faixa,Tombamento,Com Vítimas Feridas,Pleno dia,Decrescente,Céu Claro,Dupla,Reta,Sim,3,0,2,0,0,1,2,2,-26.24573198,-48.9101069,SPRF-SC,DEL03-SC,UOP01-DEL03-SC,2023
"550668,0",2023-09-24,domingo,17:20:00,SC,101,"180,6",BIGUACU,Manobra de mudança de faixa,Colisão lateral mesmo sentido,Com Vítimas Feridas,Pleno dia,Crescente,Nublado,Dupla,Reta,Sim,2,0,1,0,1,0,1,2,-27.3811238,-48.63090648,SPRF-SC,DEL01-SC,UOP01-DEL01-SC,2023
"550671,0",2023-09-24,domingo,16:40:00,SC,282,"47,9",AGUAS MORNAS,Acumulo de óleo sobre o pavimento,Saída de leito carroçável,Com Vítimas Feridas,Pleno dia,Crescente,Nublado,Simples,Curva,Não,4,0,1,0,3,0,1,1,-27.721771,-48.934837,SPRF-SC,DEL01-SC,UOP03-DEL01-SC,2023
"550675,0",2023-09-24,domingo,17:20:00,SC,101,"149,0",ITAPEMA,Trafegar com motocicleta (ou similar) entre as faixas,Colisão lateral mesmo sentido,Com Vítimas Feridas,Pleno dia,Decrescente,Chuva,Dupla,Reta,Sim,3,0,1,1,1,0,2,2,-27.1089649,-48.61277586,SPRF-SC,DEL04-SC,UOP03-DEL04-SC,2023
"550714,0",2023-05-19,sexta-feira,16:20:00,SC,282,"25,5",SANTO AMARO DA IMPERATRIZ,Trafegar com motocicleta (ou similar) entre as faixas,Colisão frontal,Com Vítimas Feridas,Pleno dia,Crescente,Céu Claro,Simples,Reta,Não,2,0,0,2,0,0,2,2,-27.678228,-48.752895,SPRF-SC,DEL01-SC,UOP03-DEL01-SC,2023
"550739,0",2023-09-24,domingo,20:20:00,SC,101,"105,1",PENHA,Ingestão de álcool pelo condutor,Colisão com objeto,Com Vítimas Feridas,Plena Noite,Decrescente,Céu Claro,Simples,Curva;Interseção de Vias,Não,3,0,1,0,1,1,1,1,-26.80215497,-48.67891041,SPRF-SC,DEL03-SC,UOP02-DEL03-SC,2023
"550740,0",2023-09-24,domingo,19:15:00,SC,470,"8,0",NAVEGANTES,Retorno proibido,Colisão lateral mesmo sentido,Com Vítimas Feridas,Plena Noite,Crescente,Nublado,Simples,Em Obras;Viaduto,Não,3,0,2,0,1,0,2,2,-26.83688,-48.718853,SPRF-SC,DEL04-SC,UOP04-DEL04-SC,2023
"550742,0",2023-09-24,domingo,19:30:00,SC,101,"212,0",PALHOCA,Condutor Dormindo,Queda de ocupante de veículo,Com Vítimas Feridas,Plena Noite,Crescente,Céu Claro,Simples,Reta,Sim,2,0,1,0,0,1,1,2,-27.634549,-48.66365,SPRF-SC,DEL01-SC,UOP02-DEL01-SC,2023
"550758,0",2023-09-24,domingo,18:10:00,SC,282,"298,3",VARGEM,Ingestão de álcool pelo condutor,Colisão frontal,Com Vítimas Feridas,Plena Noite,Crescente,Céu Claro,Simples,Curva;Aclive,Não,5,0,5,0,0,0,5,2,-27.523823,-50.901402,SPRF-SC,DEL07-SC,UOP06-DEL07-SC,2023
"550760,0",2023-09-24,domingo,23:10:00,SC,101,"3,5",ARARANGUA,Acessar a via sem observar a presença dos outros veículos,Colisão transversal,Com Vítimas Feridas,Plena Noite,Decrescente,Céu Claro,Simples,Reta,Não,4,0,0,1,2,1,1,3,-28.94605997,-49.50428402,SPRF-SC,DEL02-SC,UOP02-DEL02-SC,2023
"550768,0",2023-09-24,domingo,23:40:00,SC,470,"129,7",LONTRAS,Velocidade Incompatível,Colisão traseira,Com Vítimas Fatais,Plena Noite,Decrescente,Garoa/Chuvisco,Simples,Reta,Sim,5,2,0,0,2,1,0,3,-27.157606,-49.5565,SPRF-SC,DEL04-SC,UOP02-DEL04-SC,2023
"550819,0",2023-09-25,segunda-feira,08:30:00,SC,101,"146,0",ITAPEMA,Condutor deixou de manter distância do veículo da frente,Colisão traseira,Com Vítimas Feridas,Pleno dia,Decrescente,Nublado,Dupla,Reta,Não,2,0,1,0,1,0,1,2,-27.08666525,-48.60955587,SPRF-SC,DEL04-SC,UOP03-DEL04-SC,2023
"550830,0",2023-09-25,segunda-feira,07:20:00,SC,282,"51,1",AGUAS MORNAS,Chuva,Saída de leito carroçável,Com Vítimas Fatais,Pleno dia,Decrescente,Chuva,Simples,Curva;Declive,Não,2,1,0,1,0,0,1,1,-27.70239198,-48.9611882,SPRF-SC,DEL01-SC,UOP03-DEL01-SC,2023
"550831,0",2023-09-25,segunda-feira,09:50:00,SC,470,"54,4",BLUMENAU,Desrespeitar a preferência no cruzamento,Colisão transversal,Com Vítimas Feridas,Pleno dia,Crescente,Nublado,Simples,Interseção de Vias,Sim,2,0,1,0,1,0,1,2,-26.8731949,-49.11423785,SPRF-SC,DEL04-SC,UOP01-DEL04-SC,2023
"550836,0",2023-09-25,segunda-feira,10:05:00,SC,101,"118,4",ITAJAI,Condutor deixou de manter distância do veículo da frente,Colisão traseira,Com Vítimas Feridas,Pleno dia,Crescente,Céu Claro,Múltipla,Reta,Não,3,0,1,0,2,0,1,3,-26.895859,-48.71903,SPRF-SC,DEL04-SC,UOP04-DEL04-SC,2023
"550894,0",2023-09-25,segunda-feira,14:15:00,SC,101,"88,4",BARRA VELHA,Ausência de reação do condutor,Colisão traseira,Com Vítimas Feridas,Pleno dia,Crescente,Nublado,Múltipla,Reta,Sim,2,0,1,0,1,0,1,2,-26.65394759,-48.68759215,SPRF-SC,DEL03-SC,UOP02-DEL03-SC,2023