id,data_inversa,dia_semana,horario,uf,br,km,municipio,causa_acidente,tipo_acidente,classificacao_acidente,fase_dia,sentido_via,condicao_metereologica,tipo_pista,tracado_via,uso_solo,pessoas,mortos,feridos_leves,feridos_graves,ilesos,ignorados,feridos,veiculos,latitude,longitude,regional,delegacia,uop,ano_arquivo
"551843,0",2023-09-30,sábado,04:20:00,SC,470,"156,0",TROMBUDO CENTRAL,Transitar na contramão,Colisão frontal,Com Vítimas Feridas,Plena Noite,Decrescente,Chuva,Simples,Declive,Não,2,0,0,2,0,0,2,2,-27.281332,-49.760201,SPRF-SC,DEL04-SC,UOP02-DEL04-SC,2023
"551850,0",2023-09-30,sábado,06:06:00,SC,101,"270,0",IMBITUBA,Ingestão de álcool pelo condutor,Saída de leito carroçável,Sem Vítimas,Pleno dia,Decrescente,Céu Claro,Dupla,Reta,Não,2,0,0,0,2,0,0,1,-28.1015411,-48.70410641,SPRF-SC,DEL02-SC,UOP03-DEL02-SC,2023
"551885,0",2023-09-30,sábado,07:40:00,SC,116,"260,0",CAPAO ALTO,Ingestão de álcool pelo condutor,Colisão traseira,Com Vítimas Feridas,Pleno dia,Crescente,Céu Claro,Simples,Declive;Reta,Não,2,0,0,1,1,0,1,2,-27.90683082,-50.44183731,SPRF-SC,DEL05-SC,UOP02-DEL05-SC,2023
"551887,0",2023-09-30,sábado,07:20:00,SC,470,"287,6",CAMPOS NOVOS,Velocidade Incompatível,Colisão com objeto,Com Vítimas Feridas,Pleno dia,Crescente,Chuva,Simples,Curva,Não,1,0,1,0,0,0,1,1,-27.327944,-50.932907,SPRF-SC,DEL07-SC,UOP06-DEL07-SC,2023
"551922,0",2023-09-30,sábado,13:20:00,SC,101,"41,0",JOINVILLE,Velocidade Incompatível,Colisão com objeto,Com Vítimas Feridas,Pleno dia,Decrescente,Chuva,Dupla,Curva,Não,1,0,1,0,0,0,1,1,-26.31388201,-48.87366772,SPRF-SC,DEL03-SC,UOP01-DEL03-SC,2023
"551940,0",2023-09-30,sábado,15:30:00,SC,282,"1,5",FLORIANOPOLIS,Ausência de reação do condutor,Colisão lateral mesmo sentido,Com Vítimas Feridas,Pleno dia,Crescente,Nublado,Múltipla,Reta,Sim,3,0,2,1,0,0,3,3,-27.602955,-48.580509,SPRF-SC,DEL01-SC,UOP01-DEL01-SC,2023
"551961,0",2023-09-30,sábado,17:30:00,SC,282,"48,0",AGUAS MORNAS,Chuva,Saída de leito carroçável,Com Vítimas Feridas,Pleno dia,Crescente,Chuva,Simples,Curva;Aclive,Não,3,0,0,1,2,0,1,1,-27.714352,-48.938072,SPRF-SC,DEL01-SC,UOP03-DEL01-SC,2023
"551962,0",2023-09-30,sábado,18:30:00,SC,101,"202,1",SAO JOSE,Ausência de reação do condutor,Colisão traseira,Com Vítimas Feridas,Plena Noite,Crescente,Chuva,Dupla,Reta,Sim,3,0,1,0,2,0,1,3,-27.55711595,-48.61897889,SPRF-SC,DEL01-SC,UOP01-DEL01-SC,2023
"551969,0",2023-09-30,sábado,18:20:00,SC,101,"204,8",SAO JOSE,Ausência de reação do condutor,Atropelamento de Pedestre,Com Vítimas Feridas,Plena Noite,Crescente,Garoa/Chuvisco,Múltipla,Reta,Não,2,0,0,1,1,0,1,2,-27.57413014,-48.61363083,SPRF-SC,DEL01-SC,UOP01-DEL01-SC,2023
"551986,0",2023-09-30,sábado,20:20:00,SC,282,"72,0",RANCHO QUEIMADO,Avarias e/ou desgaste excessivo no pneu,Saída de leito carroçável,Com Vítimas Feridas,Plena Noite,Decrescente,Chuva,Simples,Curva;Declive,Não,5,0,1,0,4,0,1,1,-27.6837466,-49.10513163,SPRF-SC,DEL01-SC,UOP03-DEL01-SC,2023
"551989,0",2023-09-30,sábado,20:10:00,SC,101,"78,5",ARAQUARI,Ausência de reação do condutor,Saída de leito carroçável,Sem Vítimas,Plena Noite,Crescente,Chuva,Múltipla,Reta,Não,5,0,0,0,5,0,0,1,-26.57672096,-48.72270551,SPRF-SC,DEL03-SC,UOP02-DEL03-SC,2023
"551992,0",2023-09-30,sábado,21:15:00,SC,282,"70,0",RANCHO QUEIMADO,Chuva,Saída de leito carroçável,Com Vítimas Feridas,Plena Noite,Decrescente,Chuva,Simples,Curva,Não,2,0,2,0,0,0,2,1,-27.692705,-49.091351,SPRF-SC,DEL01-SC,UOP03-DEL01-SC,2023
"551993,0",2023-09-30,sábado,19:55:00,SC,153,"109,8",CONCORDIA,Ingestão de álcool pelo condutor,Colisão lateral sentido oposto,Com Vítimas Feridas,Plena Noite,Crescente,Garoa/Chuvisco,Simples,Curva,Não,4,0,1,0,3,0,1,2,-27.308092,-51.980938,SPRF-SC,DEL07-SC,UOP04-DEL07-SC,2023
"552004,0",2023-09-30,sábado,19:00:00,SC,280,"126,0",RIO NEGRINHO,Condutor deixou de manter distância do veículo da frente,Colisão traseira,Sem Vítimas,Plena Noite,Crescente,Chuva,Simples,Reta,Sim,2,0,0,0,2,0,0,2,-26.23779604,-49.49427399,SPRF-SC,DEL06-SC,UOP03-DEL06-SC,2023
"552052,0",2023-10-01,domingo,04:40:00,SC,101,"28,0",JOINVILLE,Reação tardia ou ineficiente do condutor,Colisão traseira,Com Vítimas Feridas,Plena Noite,Decrescente,Chuva,Dupla,Reta,Não,2,0,1,0,1,0,1,2,-26.20708302,-48.91468406,SPRF-SC,DEL03-SC,UOP01-DEL03-SC,2023
"552053,0",2023-10-01,domingo,01:10:00,SC,470,"239,4",SAO CRISTOVAO DO SUL,Ingestão de álcool pelo condutor,Saída de leito carroçável,Sem Vítimas,Plena Noite,Decrescente,Nevoeiro/Neblina,Simples,Reta,Não,2,0,0,0,2,0,0,1,-27.305603,-50.47327,SPRF-SC,DEL05-SC,UOP03-DEL05-SC,2023
"552058,0",2023-10-01,domingo,04:45:00,SC,101,"28,0",JOINVILLE,Reação tardia ou ineficiente do condutor,Colisão traseira,Com Vítimas Feridas,Plena Noite,Decrescente,Chuva,Dupla,Reta,Não,2,0,1,0,1,0,1,2,-26.20702527,-48.91469479,SPRF-SC,DEL03-SC,UOP01-DEL03-SC,2023
"552059,0",2023-10-01,domingo,02:00:00,SC,470,"263,0",CURITIBANOS,Reação tardia ou ineficiente do condutor,Capotamento,Com Vítimas Feridas,Plena Noite,Decrescente,Céu Claro,Simples,Reta,Não,1,0,1,0,0,0,1,1,-27.302788,-50.701061,SPRF-SC,DEL05-SC,UOP03-DEL05-SC,2023
"552060,0",2023-10-01,domingo,05:20:00,SC,280,"20,0",ARAQUARI,Ausência de reação do condutor,Colisão com objeto,Com Vítimas Feridas,Plena Noite,Crescente,Chuva,Simples,Interseção de Vias,Não,3,0,2,0,1,0,2,1,-26.36990477,-48.68224301,SPRF-SC,DEL03-SC,UOP03-DEL03-SC,2023
"552097,0",2023-10-01,domingo,08:50:00,SC,470,"61,2",BLUMENAU,Ingestão de álcool pelo condutor,Colisão frontal,Com Vítimas Fatais,Pleno dia,Decrescente,Céu Claro,Simples,Reta,Não,3,1,0,0,1,1,0,3,-26.878342,-49.176181,SPRF-SC,DEL04-SC,UOP01-DEL04-SC,2023
"552109,0",2023-10-01,domingo,07:53:00,SC,470,"5,0",NAVEGANTES,Acessar a via sem observar a presença dos outros veículos,Colisão lateral mesmo sentido,Com Vítimas Feridas,Pleno dia,Decrescente,Nublado,Dupla,Reta,Não,2,0,0,1,0,1,1,2,-26.855688,-48.700333,SPRF-SC,DEL04-SC,UOP04-DEL04-SC,2023
"552117,0",2023-10-01,domingo,09:00:00,SC,153,"98,7",CONCORDIA,Reação tardia ou ineficiente do condutor,Tombamento,Com Vítimas Feridas,Pleno dia,Decrescente,Nublado,Simples,Curva,Sim,2,0,2,0,0,0,2,1,-27.24119965,-51.95297241,SPRF-SC,DEL07-SC,UOP04-DEL07-SC,2023
"552149,0",2023-10-01,domingo,12:50:00,SC,282,"5,0",SAO JOSE,Reação tardia ou ineficiente do condutor,Colisão traseira,Com Vítimas Feridas,Pleno dia,Crescente,Nublado,Múltipla,Reta,Sim,2,0,1,0,1,0,1,2,-27.588425,-48.612919,SPRF-SC,DEL01-SC,UOP01-DEL01-SC,2023
"552204,0",2023-10-01,domingo,14:20:00,SC,282,"535,2",CHAPECO,Acumulo de óleo sobre o pavimento,Tombamento,Com Vítimas Feridas,Pleno dia,Crescente,Céu Claro,Simples,Interseção de Vias;Rotatória,Não,1,0,1,0,0,0,1,1,-26.99944837,-52.64613748,SPRF-SC,DEL07-SC,UOP01-DEL07-SC,2023
"552264,0",2023-10-01,domingo,19:40:00,SC,282,"1,3",FLORIANOPOLIS,Condutor deixou de manter distância do veículo da frente,Colisão traseira,Com Vítimas Feridas,Anoitecer,Decrescente,Céu Claro,Múltipla,Reta,Sim,3,0,0,1,1,1,1,2,-27.602955,-48.580509,SPRF-SC,DEL01-SC,UOP01-DEL01-SC,2023
"552269,0",2023-10-01,domingo,21:10:00,SC,282,"29,1",AGUAS MORNAS,Acessar a via sem observar a presença dos outros veículos,Colisão transversal,Com Vítimas Feridas,Plena Noite,Crescente,Céu Claro,Simples,Reta,Sim,3,0,0,1,2,0,1,2,-27.679737,-48.786785,SPRF-SC,DEL01-SC,UOP03-DEL01-SC,2023
"552283,0",2023-10-01,domingo,22:50:00,SC,116,"228,0",CORREIA PINTO,Ausência de reação do condutor,Saída de leito carroçável,Sem Vítimas,Plena Noite,Decrescente,Céu Claro,Simples,Reta,Não,1,0,0,0,1,0,0,1,-27.64596607,-50.33792237,SPRF-SC,DEL05-SC,UOP03-DEL05-SC,2023
"552291,0",2023-10-02,segunda-feira,00:25:00,SC,101,"206,7",PALHOCA,Acessar a via sem observar a presença dos outros veículos,Colisão transversal,Com Vítimas Feridas,Plena Noite,Decrescente,Nublado,Múltipla,Reta,Sim,3,0,0,3,0,0,3,2,-27.59193546,-48.61824557,SPRF-SC,DEL01-SC,UOP01-DEL01-SC,2023
"552307,0",2023-10-02,segunda-feira,01:40:00,SC,282,"6,0",SAO JOSE,Ingestão de álcool pelo condutor,Colisão com objeto,Sem Vítimas,Plena Noite,Crescente,Nublado,Dupla,Curva,Sim,1,0,0,0,0,1,0,1,-27.591936,-48.618244,SPRF-SC,DEL01-SC,UOP01-DEL01-SC,2023
"552333,0",2023-10-02,segunda-feira,06:50:00,SC,101,"329,6",TUBARAO,Reação tardia ou ineficiente do condutor,Saída de leito carroçável,Com Vítimas Feridas,Amanhecer,Crescente,Céu Claro,Dupla,Curva,Não,3,0,2,0,1,0,2,1,-28.4525245,-48.97505522,SPRF-SC,DEL02-SC,UOP01-DEL02-SC,2023
"552337,0",2023-10-02,segunda-feira,07:25:00,SC,101,"329,5",TUBARAO,Reação tardia ou ineficiente do condutor,Colisão traseira,Com Vítimas Feridas,Pleno dia,Crescente,Céu Claro,Dupla,Reta,Não,2,0,1,0,1,0,1,2,-28.44404822,-48.96611372,SPRF-SC,DEL02-SC,UOP01-DEL02-SC,2023
"552344,0",2023-10-02,segunda-feira,07:30:00,SC,101,"328,5",CAPIVARI DE BAIXO,Reação tardia ou ineficiente do condutor,Colisão traseira,Com Vítimas Feridas,Pleno dia,Crescente,Céu Claro,Dupla,Reta,Não,3,0,2,0,0,1,2,2,-28.44998702,-48.97153616,SPRF-SC,DEL02-SC,UOP01-DEL02-SC,2023
"552347,0",2023-10-02,segunda-feira,07:15:00,SC,470,"138,0",RIO DO SUL,Retorno proibido,Colisão transversal,Com Vítimas Feridas,Pleno dia,Crescente,Nublado,Simples,Reta,Sim,2,0,1,0,1,0,1,2,-27.207214,-49.648476,SPRF-SC,DEL04-SC,UOP02-DEL04-SC,2023
"552349,0",2023-10-02,segunda-feira,07:40:00,SC,470,"58,0",BLUMENAU,Acessar a via sem observar a presença dos outros veículos,Colisão lateral mesmo sentido,Com Vítimas Feridas,Pleno dia,Decrescente,Céu Claro,Simples,Reta;Em Obras,Não,2,0,1,0,1,0,1,2,-26.883879,-49.145622,SPRF-SC,DEL04-SC,UOP01-DEL04-SC,2023
"552365,0",2023-10-02,segunda-feira,07:50:00,SC,101,"90,0",BARRA VELHA,Avarias e/ou desgaste excessivo no pneu,Tombamento,Com Vítimas Feridas,Pleno dia,Crescente,Nublado,Múltipla,Reta,Sim,2,0,2,0,0,0,2,1,-26.66148503,-48.68866176,SPRF-SC,DEL03-SC,UOP02-DEL03-SC,2023
"552380,0",2023-10-02,segunda-feira,07:40:00,SC,101,"44,5",JOINVILLE,Reação tardia ou ineficiente do condutor,Queda de ocupante de veículo,Com Vítimas Feridas,Pleno dia,Decrescente,Nublado,Dupla,Interseção de Vias,Não,1,0,1,0,0,0,1,1,-26.31238996,-48.87458997,SPRF-SC,DEL03-SC,UOP01-DEL03-SC,2023
"552381,0",2023-10-02,segunda-feira,08:15:00,SC,101,"328,0",CAPIVARI DE BAIXO,Reação tardia ou ineficiente do condutor,Colisão lateral mesmo sentido,Com Vítimas Feridas,Pleno dia,Crescente,Sol,Dupla,Reta;Aclive,Não,2,0,1,0,1,0,1,2,-28.43648094,-48.95989307,SPRF-SC,DEL02-SC,UOP01-DEL02-SC,2023
"552382,0",2023-06-04,domingo,18:30:00,SC,470,"166,6",POUSO REDONDO,Reação tardia ou ineficiente do condutor,Saída de leito carroçável,Com Vítimas Feridas,Plena Noite,Crescente,Céu Claro,Simples,Reta;Declive,Não,2,0,0,1,1,0,1,1,-27.27179615,-49.859519,SPRF-SC,DEL04-SC,UOP02-DEL04-SC,2023
"552384,0",2023-10-02,segunda-feira,07:00:00,SC,101,"1,1",ARARANGUA,Ausência de reação do condutor,Saída de leito carroçável,Sem Vítimas,Amanhecer,Decrescente,Céu Claro,Simples,Rotatória,Não,1,0,0,0,0,1,0,1,-28.9356,-49.4864,SPRF-SC,DEL02-SC,UOP02-DEL02-SC,2023
"552404,0",2023-10-02,segunda-feira,11:50:00,SC,480,"129,1",CHAPECO,Ausência de reação do condutor,Saída de leito carroçável,Com Vítimas Feridas,Pleno dia,Crescente,Céu Claro,Simples,Reta,Sim,1,0,1,0,0,0,1,1,-27.04656607,-52.63577131,SPRF-SC,DEL07-SC,UOP01-DEL07-SC,2023
"552420,0",2023-10-02,segunda-feira,13:05:00,SC,101,"341,8",TUBARAO,Ausência de reação do condutor,Tombamento,Com Vítimas Feridas,Pleno dia,Decrescente,Céu Claro,Múltipla,Reta,Sim,1,0,1,0,0,0,1,1,-28.50999405,-49.05070686,SPRF-SC,DEL02-SC,UOP01-DEL02-SC,2023
"552464,0",2023-10-02,segunda-feira,17:00:00,SC,470,"58,0",BLUMENAU,Retorno proibido,Colisão lateral mesmo sentido,Com Vítimas Feridas,Pleno dia,Decrescente,Garoa/Chuvisco,Simples,Em Obras;Reta;Interseção de Vias,Não,2,0,1,0,1,0,1,2,-26.883879,-49.145622,SPRF-SC,DEL04-SC,UOP01-DEL04-SC,2023
"552468,0",2023-10-02,segunda-feira,17:00:00,SC,101,"257,0",PAULO LOPES,Manobra de mudança de faixa,Colisão traseira,Com Vítimas Feridas,Pleno dia,Crescente,Sol,Dupla,Reta,Não,2,0,1,0,1,0,1,2,-27.99701205,-48.68755194,SPRF-SC,DEL02-SC,UOP03-DEL02-SC,2023
"552479,0",2023-10-02,segunda-feira,18:00:00,SC,101,"131,0",BALNEARIO CAMBORIU,Manobra de mudança de faixa,Colisão traseira,Com Vítimas Feridas,Anoitecer,Crescente,Céu Claro,Dupla,Reta,Não,2,0,0,1,1,0,1,2,-26.99064209,-48.66310912,SPRF-SC,DEL04-SC,UOP03-DEL04-SC,2023
"552494,0",2023-10-02,segunda-feira,19:35:00,SC,101,"156,0",PORTO BELO,Animais na Pista,Atropelamento de Animal,Com Vítimas Feridas,Plena Noite,Decrescente,Nublado,Múltipla,Reta,Não,1,0,1,0,0,0,1,1,-27.172272,-48.61170204,SPRF-SC,DEL04-SC,UOP03-DEL04-SC,2023
"552497,0",2023-10-02,segunda-feira,18:45:00,SC,101,"274,2",IMBITUBA,Falta de elemento de contenção que evite a saída do leito carroçável,Saída de leito carroçável,Com Vítimas Feridas,Plena Noite,Decrescente,Céu Claro,Dupla,Reta,Sim,1,0,0,1,0,0,1,1,-28.129852,-48.69322,SPRF-SC,DEL02-SC,UOP03-DEL02-SC,2023
"552521,0",2023-10-02,segunda-feira,22:15:00,SC,280,"97,1",CORUPA,Neblina,Saída de leito carroçável,Com Vítimas Feridas,Plena Noite,Decrescente,Nevoeiro/Neblina,Simples,Curva;Aclive,Não,2,0,2,0,0,0,2,1,-26.37531616,-49.32563746,SPRF-SC,DEL06-SC,UOP03-DEL06-SC,2023
"552529,0",2023-10-03,terça-feira,02:00:00,SC,101,"387,1",ICARA,Ausência de reação do condutor,Saída de leito carroçável,Com Vítimas Feridas,Plena Noite,Crescente,Céu Claro,Múltipla,Reta,Não,3,0,3,0,0,0,3,1,-28.790978,-49.347532,SPRF-SC,DEL02-SC,UOP02-DEL02-SC,2023
"552538,0",2023-10-03,terça-feira,03:20:00,SC,280,"228,0",CANOINHAS,Curva acentuada,Capotamento,Com Vítimas Feridas,Plena Noite,Decrescente,Nevoeiro/Neblina,Simples,Rotatória,Não,1,0,1,0,0,0,1,1,-26.18436373,-50.34232305,SPRF-SC,DEL06-SC,UOP04-DEL06-SC,2023
"552540,0",2023-10-03,terça-feira,05:45:00,SC,116,"285,0",CAPAO ALTO,Reação tardia ou ineficiente do condutor,Colisão com objeto,Com Vítimas Feridas,Amanhecer,Decrescente,Nevoeiro/Neblina,Simples,Rotatória;Interseção de Vias,Não,1,0,1,0,0,0,1,1,-28.07686499,-50.58126926,SPRF-SC,DEL05-SC,UOP02-DEL05-SC,2023
"552568,0",2023-10-03,terça-feira,08:40:00,SC,101,"37,0",JOINVILLE,Velocidade Incompatível,Colisão traseira,Com Vítimas Feridas,Pleno dia,Crescente,Céu Claro,Simples,Reta,Não,3,0,2,0,1,0,2,3,-26.25050176,-48.90863867,SPRF-SC,DEL03-SC,UOP01-DEL03-SC,2023
"552569,0",2023-10-03,terça-feira,08:30:00,SC,470,"118,0",IBIRAMA,Reação tardia ou ineficiente do condutor,Colisão lateral mesmo sentido,Com Vítimas Feridas,Pleno dia,Crescente,Nublado,Múltipla,Reta;Aclive,Não,2,0,1,0,1,0,1,2,-27.082176,-49.511818,SPRF-SC,DEL04-SC,UOP02-DEL04-SC,2023
"552577,0",2023-10-03,terça-feira,07:40:00,SC,101,"282,8",IMBITUBA,Acessar a via sem observar a presença dos outros veículos,Colisão transversal,Com Vítimas Feridas,Pleno dia,Crescente,Céu Claro,Dupla,Rotatória,Sim,2,0,2,0,0,0,2,2,-28.21547461,-48.69998932,SPRF-SC,DEL02-SC,UOP03-DEL02-SC,2023
"552625,0",2023-10-03,terça-feira,15:25:00,SC,101,"124,0",ITAJAI,Reação tardia ou ineficiente do condutor,Colisão traseira,Com Vítimas Feridas,Pleno dia,Decrescente,Céu Claro,Dupla,Reta,Sim,3,0,1,0,1,1,1,3,-26.946714,-48.685575,SPRF-SC,DEL04-SC,UOP04-DEL04-SC,2023
"552627,0",2023-10-03,terça-feira,15:40:00,SC,282,"3,2",FLORIANOPOLIS,Ausência de reação do condutor,Colisão lateral mesmo sentido,Com Vítimas Feridas,Pleno dia,Decrescente,Céu Claro,Múltipla,Reta,Sim,2,0,1,0,1,0,1,2,-27.600384,-48.599705,SPRF-SC,DEL01-SC,UOP01-DEL01-SC,2023
"552634,0",2023-10-03,terça-feira,16:15:00,SC,282,"43,8",AGUAS MORNAS,Condutor Dormindo,Colisão lateral sentido oposto,Com Vítimas Feridas,Pleno dia,Decrescente,Céu Claro,Simples,Reta;Declive,Não,2,0,2,0,0,0,2,2,-27.719458,-48.897526,SPRF-SC,DEL01-SC,UOP03-DEL01-SC,2023
"552642,0",2023-10-03,terça-feira,17:40:00,SC,101,"213,4",PALHOCA,Ausência de reação do condutor,Colisão traseira,Sem Vítimas,Pleno dia,Crescente,Nublado,Dupla,Reta;Declive,Sim,2,0,0,0,2,0,0,2,-27.63697369,-48.66514142,SPRF-SC,DEL01-SC,UOP02-DEL01-SC,2023
"552645,0",2023-10-03,terça-feira,15:40:00,SC,116,"217,4",CORREIA PINTO,Acessar a via sem observar a presença dos outros veículos,Colisão transversal,Com Vítimas Feridas,Pleno dia,Decrescente,Nublado,Simples,Reta,Sim,2,0,1,0,1,0,1,2,-27.56375401,-50.37549019,SPRF-SC,DEL05-SC,UOP03-DEL05-SC,2023
"552651,0",2023-09-29,sexta-feira,15:40:00,SC,101,"2,7",ARARANGUA,Acessar a via sem observar a presença dos outros veículos,Colisão lateral mesmo sentido,Sem Vítimas,Pleno dia,Crescente,Céu Claro,Simples,Rotatória,Sim,2,0,0,0,2,0,0,2,-28.939,-49.498,SPRF-SC,DEL03-SC,UOP01-DEL03-SC,2023
"552664,0",2023-10-03,terça-feira,17:55:00,SC,101,"436,1",SOMBRIO,Acessar a via sem observar a presença dos outros veículos,Colisão traseira,Com Vítimas Feridas,Pleno dia,Crescente,Céu Claro,Múltipla,Reta,Sim,2,0,0,1,1,0,1,2,-29.11587499,-49.64030743,SPRF-SC,DEL02-SC,UOP02-DEL02-SC,2023
"552665,0",2023-10-03,terça-feira,18:00:00,SC,280,"225,5",TRES BARRAS,Acessar a via sem observar a presença dos outros veículos,Colisão transversal,Com Vítimas Feridas,Pleno dia,Crescente,Nublado,Simples,Reta,Não,2,0,0,1,1,0,1,2,-26.17875971,-50.31308811,SPRF-SC,DEL06-SC,UOP04-DEL06-SC,2023
"552672,0",2023-10-03,terça-feira,18:40:00,SC,101,"110,7",NAVEGANTES,Trafegar com motocicleta (ou similar) entre as faixas,Colisão traseira,Com Vítimas Feridas,Plena Noite,Crescente,Céu Claro,Dupla,Reta,Não,2,0,1,0,1,0,1,2,-26.83477,-48.706151,SPRF-SC,DEL04-SC,UOP04-DEL04-SC,2023
"552697,0",2023-10-03,terça-feira,22:30:00,SC,480,"128,2",CHAPECO,Desrespeitar a preferência no cruzamento,Colisão frontal,Com Vítimas Feridas,Plena Noite,Crescente,Garoa/Chuvisco,Dupla,Interseção de Vias;Aclive,Sim,3,0,1,0,2,0,1,2,-27.03958527,-52.63503671,SPRF-SC,DEL07-SC,UOP01-DEL07-SC,2023
"552704,0",2023-10-03,terça-feira,23:30:00,SC,470,"180,0",POUSO REDONDO,Ultrapassagem Indevida,Colisão frontal,Com Vítimas Feridas,Plena Noite,Crescente,Chuva,Simples,Reta,Não,4,0,0,4,0,0,4,2,-27.249525,-49.987041,SPRF-SC,DEL04-SC,UOP02-DEL04-SC,2023
"552709,0",2023-10-04,quarta-feira,01:30:00,SC,101,"368,0",MORRO DA FUMACA,Ausência de reação do condutor,Colisão com objeto,Com Vítimas Feridas,Plena Noite,Crescente,Chuva,Dupla,Reta,Sim,4,0,1,0,3,0,1,1,-28.6957326,-49.17347228,SPRF-SC,DEL02-SC,UOP01-DEL02-SC,2023
"552710,0",2023-10-04,quarta-feira,01:40:00,SC,280,"124,5",RIO NEGRINHO,Animais na Pista,Queda de ocupante de veículo,Com Vítimas Feridas,Plena Noite,Decrescente,Chuva,Simples,Reta;Declive,Não,1,0,0,1,0,0,1,1,-26.24130297,-49.47514499,SPRF-SC,DEL06-SC,UOP03-DEL06-SC,2023
"552726,0",2023-10-04,quarta-feira,05:40:00,SC,280,"55,7",GUARAMIRIM,Desrespeitar a preferência no cruzamento,Colisão transversal,Com Vítimas Feridas,Pleno dia,Crescente,Chuva,Múltipla,Interseção de Vias;Rotatória;Viaduto,Não,3,0,1,0,2,0,1,2,-26.47584353,-48.9937858,SPRF-SC,DEL03-SC,UOP03-DEL03-SC,2023
"552728,0",2023-10-04,quarta-feira,06:30:00,SC,101,"199,0",SAO JOSE,Manobra de mudança de faixa,Colisão lateral mesmo sentido,Com Vítimas Feridas,Pleno dia,Crescente,Chuva,Dupla,Reta,Sim,2,0,1,0,1,0,1,2,-27.53413705,-48.63003205,SPRF-SC,DEL01-SC,UOP01-DEL01-SC,2023
"552756,0",2023-10-04,quarta-feira,08:00:00,SC,158,"134,2",CAIBI,Condutor deixou de manter distância do veículo da frente,Colisão traseira,Sem Vítimas,Pleno dia,Decrescente,Garoa/Chuvisco,Simples,Interseção de Vias,Não,3,0,0,0,3,0,0,3,-27.0698758,-53.2292199,SPRF-SC,DEL07-SC,UOP02-DEL07-SC,2023
"552770,0",2023-10-04,quarta-feira,09:20:00,SC,101,"39,0",JOINVILLE,Acumulo de água sobre o pavimento,Colisão traseira,Sem Vítimas,Pleno dia,Crescente,Chuva,Múltipla,Reta,Não,2,0,0,0,2,0,0,2,-26.2628107,-48.90192257,SPRF-SC,DEL03-SC,UOP01-DEL03-SC,2023
"552784,0",2023-10-04,quarta-feira,13:00:00,SC,282,"49,0",AGUAS MORNAS,Velocidade Incompatível,Colisão frontal,Com Vítimas Feridas,Pleno dia,Crescente,Chuva,Simples,Curva,Não,2,0,2,0,0,0,2,2,-27.712931,-48.943741,SPRF-SC,DEL01-SC,UOP03-DEL01-SC,2023
"552794,0",2023-09-08,sexta-feira,21:47:00,SC,101,"417,2",ARARANGUA,Ausência de reação do condutor,Colisão transversal,Com Vítimas Fatais,Plena Noite,Decrescente,Céu Claro,Múltipla,Reta,Não,2,1,0,0,1,0,0,2,-28.980735,-49.536989,SPRF-SC,DEL02-SC,UOP02-DEL02-SC,2023
"552824,0",2023-10-04,quarta-feira,17:12:00,SC,101,"209,0",SAO JOSE,Manobra de mudança de faixa,Colisão lateral mesmo sentido,Sem Vítimas,Pleno dia,Decrescente,Nublado,Dupla,Reta,Sim,2,0,0,0,2,0,0,2,-27.61000542,-48.63895057,SPRF-SC,DEL01-SC,UOP01-DEL01-SC,2023
"552857,0",2023-10-04,quarta-feira,10:10:00,SC,282,"388,6",JOACABA,Acumulo de água sobre o pavimento,Saída de leito carroçável,Com Vítimas Feridas,Pleno dia,Decrescente,Chuva,Simples,Reta;Declive,Não,2,0,2,0,0,0,2,1,-27.179003,-51.531616,SPRF-SC,DEL07-SC,UOP05-DEL07-SC,2023
"552864,0",2023-10-04,quarta-feira,10:27:00,SC,282,"435,7",VARGEM BONITA,Acumulo de água sobre o pavimento,Saída de leito carroçável,Com Vítimas Feridas,Pleno dia,Decrescente,Chuva,Simples,Curva,Não,2,0,1,0,1,0,1,1,-26.97752,-51.823841,SPRF-SC,DEL07-SC,UOP04-DEL07-SC,2023
"552868,0",2023-10-04,quarta-feira,19:15:00,SC,163,"74,1",SAO MIGUEL DO OESTE,Reação tardia ou ineficiente do condutor,Saída de leito carroçável,Sem Vítimas,Plena Noite,Decrescente,Garoa/Chuvisco,Simples,Curva,Não,1,0,0,0,1,0,0,1,-26.70200479,-53.51350653,SPRF-SC,DEL07-SC,UOP03-DEL07-SC,2023
"552885,0",2023-10-04,quarta-feira,23:00:00,SC,101,"197,0",BIGUACU,Velocidade Incompatível,Colisão com objeto,Com Vítimas Feridas,Plena Noite,Decrescente,Nublado,Dupla,Aclive;Reta,Sim,2,0,0,1,0,1,1,2,-27.51844497,-48.63848496,SPRF-SC,DEL01-SC,UOP01-DEL01-SC,2023
"552914,0",2023-10-05,quinta-feira,08:00:00,SC,101,"114,0",ITAJAI,Ausência de reação do condutor,Colisão lateral mesmo sentido,Com Vítimas Feridas,Pleno dia,Decrescente,Chuva,Múltipla,Reta,Sim,2,0,0,1,1,0,1,2,-26.86192886,-48.7286704,SPRF-SC,DEL04-SC,UOP04-DEL04-SC,2023
"552918,0",2023-07-01,sábado,13:10:00,SC,282,"168,1",BOCAINA DO SUL,Transitar na contramão,Colisão frontal,Com Vítimas Feridas,Pleno dia,Decrescente,Céu Claro,Simples,Curva,Não,6,0,4,1,1,0,5,3,-27.743206,-49.824162,SPRF-SC,DEL05-SC,UOP01-DEL05-SC,2023