id,data_inversa,dia_semana,horario,uf,br,km,municipio,causa_acidente,tipo_acidente,classificacao_acidente,fase_dia,sentido_via,condicao_metereologica,tipo_pista,tracado_via,uso_solo,pessoas,mortos,feridos_leves,feridos_graves,ilesos,ignorados,feridos,veiculos,latitude,longitude,regional,delegacia,uop,ano_arquivo
"553830,0",2023-10-09,segunda-feira,09:00:00,SC,101,"112,0",ITAJAI,Acumulo de areia ou detritos sobre o pavimento,Tombamento,Com Vítimas Feridas,Pleno dia,Crescente,Céu Claro,Múltipla,Interseção de Vias,Sim,2,0,2,0,0,0,2,1,-26.84589005,-48.72131295,SPRF-SC,DEL04-SC,UOP04-DEL04-SC,2023
"553866,0",2023-09-23,sábado,17:50:00,SC,280,"96,3",SAO BENTO DO SUL,Ausência de reação do condutor,Saída de leito carroçável,Com Vítimas Feridas,Anoitecer,Crescente,Chuva,Simples,Declive;Curva,Não,3,0,2,0,1,0,2,1,-26.3833143,-49.31223107,SPRF-SC,DEL06-SC,UOP03-DEL06-SC,2023
"553895,0",2023-10-09,segunda-feira,14:22:00,SC,101,"324,3",CAPIVARI DE BAIXO,Demais falhas mecânicas ou elétricas,Incêndio,Sem Vítimas,Pleno dia,Crescente,Nublado,Simples,Reta,Sim,1,0,0,0,1,0,0,1,-28.42524483,-48.94302707,SPRF-SC,DEL02-SC,UOP01-DEL02-SC,2023
"553923,0",2023-10-09,segunda-feira,16:30:00,SC,101,"203,1",SAO JOSE,Ausência de reação do condutor,Colisão traseira,Com Vítimas Feridas,Pleno dia,Decrescente,Nublado,Dupla,Rotatória,Sim,3,0,1,0,2,0,1,2,-27.5650044,-48.61460082,SPRF-SC,DEL01-SC,UOP01-DEL01-SC,2023
"553924,0",2023-10-09,segunda-feira,16:15:00,SC,101,"212,0",PALHOCA,Pedestre cruzava a pista fora da faixa,Atropelamento de Pedestre,Com Vítimas Feridas,Pleno dia,Crescente,Nublado,Dupla,Reta,Sim,2,0,1,0,1,0,1,2,-27.62996929,-48.65903871,SPRF-SC,DEL01-SC,UOP02-DEL01-SC,2023
"553931,0",2023-10-09,segunda-feira,17:15:00,SC,280,"4,0",SAO FRANCISCO DO SUL,Desrespeitar a preferência no cruzamento,Colisão transversal,Com Vítimas Feridas,Pleno dia,Decrescente,Nublado,Simples,Rotatória,Sim,3,0,2,0,1,0,2,2,-26.251776,-48.617575,SPRF-SC,DEL03-SC,UOP03-DEL03-SC,2023
"553941,0",2023-10-09,segunda-feira,17:45:00,SC,101,"206,6",SAO JOSE,Manobra de mudança de faixa,Colisão lateral mesmo sentido,Com Vítimas Feridas,Anoitecer,Crescente,Nublado,Múltipla,Reta,Sim,2,0,0,1,1,0,1,2,-27.59193546,-48.61824557,SPRF-SC,DEL01-SC,UOP01-DEL01-SC,2023
"553959,0",2023-10-09,segunda-feira,19:40:00,SC,280,"23,8",ARAQUARI,Ingestão de álcool pelo condutor,Colisão lateral sentido oposto,Com Vítimas Feridas,Plena Noite,Decrescente,Nublado,Simples,Reta,Sim,2,0,1,0,1,0,1,2,-26.37146,-48.711887,SPRF-SC,DEL03-SC,UOP03-DEL03-SC,2023
"553963,0",2023-10-09,segunda-feira,20:40:00,SC,101,"70,0",ARAQUARI,Transitar na contramão,Colisão frontal,Com Vítimas Feridas,Plena Noite,Decrescente,Céu Claro,Simples,Reta;Interseção de Vias,Não,2,0,1,1,0,0,2,2,-26.52299639,-48.71597713,SPRF-SC,DEL03-SC,UOP02-DEL03-SC,2023
"553967,0",2023-10-09,segunda-feira,20:30:00,SC,101,"138,0",BALNEARIO CAMBORIU,Conversão proibida,Colisão transversal,Com Vítimas Feridas,Plena Noite,Crescente,Ignorado,Dupla,Reta,Sim,3,0,1,0,2,0,1,2,-27.02397426,-48.60761649,SPRF-SC,DEL04-SC,UOP03-DEL04-SC,2023
"553985,0",2023-10-09,segunda-feira,20:00:00,SC,470,"141,0",RIO DO SUL,Conversão proibida,Colisão frontal,Com Vítimas Feridas,Plena Noite,Crescente,Céu Claro,Simples,Reta,Sim,2,0,0,1,1,0,1,2,-27.226065,-49.666161,SPRF-SC,DEL04-SC,UOP02-DEL04-SC,2023
"553992,0",2023-10-09,segunda-feira,22:43:00,SC,101,"46,2",JOINVILLE,Reação tardia ou ineficiente do condutor,Saída de leito carroçável,Com Vítimas Feridas,Pleno dia,Crescente,Garoa/Chuvisco,Múltipla,Curva,Sim,1,0,1,0,0,0,1,1,-26.33150083,-48.86187762,SPRF-SC,DEL03-SC,UOP01-DEL03-SC,2023
"554000,0",2023-10-09,segunda-feira,20:45:00,SC,101,"133,0",BALNEARIO CAMBORIU,Acessar a via sem observar a presença dos outros veículos,Colisão lateral mesmo sentido,Com Vítimas Feridas,Plena Noite,Crescente,Céu Claro,Múltipla,Reta,Sim,3,0,3,0,0,0,3,2,-26.99936,-48.64609,SPRF-SC,DEL04-SC,UOP03-DEL04-SC,2023
"554028,0",2023-10-10,terça-feira,06:30:00,SC,101,"327,2",CAPIVARI DE BAIXO,Desrespeitar a preferência no cruzamento,Colisão transversal,Sem Vítimas,Amanhecer,Crescente,Céu Claro,Simples,Interseção de Vias;Rotatória,Sim,2,0,0,0,1,1,0,2,-28.43927705,-48.96257222,SPRF-SC,DEL02-SC,UOP01-DEL02-SC,2023
"554032,0",2023-10-10,terça-feira,07:15:00,SC,280,"51,3",GUARAMIRIM,Manobra de mudança de faixa,Colisão lateral mesmo sentido,Com Vítimas Feridas,Amanhecer,Crescente,Nublado,Dupla,Reta,Sim,2,0,1,0,1,0,1,2,-26.467605,-48.961672,SPRF-SC,DEL03-SC,UOP03-DEL03-SC,2023
"554038,0",2023-10-10,terça-feira,06:40:00,SC,101,"416,4",ARARANGUA,Ausência de reação do condutor,Saída de leito carroçável,Com Vítimas Feridas,Pleno dia,Decrescente,Sol,Múltipla,Reta,Sim,1,0,1,0,0,0,1,1,-28.96040535,-49.51653267,SPRF-SC,DEL02-SC,UOP02-DEL02-SC,2023
"554039,0",2023-10-10,terça-feira,07:15:00,SC,470,"140,0",RIO DO SUL,Acessar a via sem observar a presença dos outros veículos,Colisão transversal,Com Vítimas Feridas,Pleno dia,Decrescente,Nublado,Simples,Reta,Sim,2,0,1,0,1,0,1,2,-27.222485,-49.662827,SPRF-SC,DEL04-SC,UOP02-DEL04-SC,2023
"554057,0",2023-10-10,terça-feira,09:15:00,SC,101,"214,6",PALHOCA,Condutor deixou de manter distância do veículo da frente,Colisão traseira,Com Vítimas Feridas,Pleno dia,Decrescente,Céu Claro,Múltipla,Reta,Sim,3,0,1,0,2,0,1,2,-27.64443,-48.67057,SPRF-SC,DEL01-SC,UOP02-DEL01-SC,2023
"554076,0",2023-10-10,terça-feira,12:00:00,SC,101,"333,7",TUBARAO,Desrespeitar a preferência no cruzamento,Colisão transversal,Com Vítimas Feridas,Pleno dia,Decrescente,Céu Claro,Múltipla,Interseção de Vias;Viaduto,Sim,2,0,0,1,1,0,1,2,-28.46630107,-48.99653096,SPRF-SC,DEL02-SC,UOP01-DEL02-SC,2023
"554082,0",2023-09-26,terça-feira,19:00:00,SC,116,"112,5",SANTA CECILIA,Reação tardia ou ineficiente do condutor,Saída de leito carroçável,Com Vítimas Feridas,Plena Noite,Decrescente,Chuva,Simples,Declive;Reta,Não,2,0,2,0,0,0,2,1,-26.77723709,-50.3477023,SPRF-SC,DEL06-SC,UOP02-DEL06-SC,2023
"554088,0",2023-10-06,sexta-feira,01:30:00,SC,101,"372,0",ICARA,Chuva,Saída de leito carroçável,Com Vítimas Feridas,Plena Noite,Crescente,Chuva,Dupla,Reta,Sim,2,0,2,0,0,0,2,1,-28.70864509,-49.20924696,SPRF-SC,DEL02-SC,UOP01-DEL02-SC,2023
"554090,0",2023-09-29,sexta-feira,06:00:00,SC,282,"17,0",PALHOCA,Reação tardia ou ineficiente do condutor,Colisão lateral mesmo sentido,Com Vítimas Feridas,Pleno dia,Crescente,Nublado,Simples,Reta,Não,2,0,1,0,1,0,1,2,-27.665707,-48.688065,SPRF-SC,DEL01-SC,UOP02-DEL01-SC,2023
"554114,0",2023-09-17,domingo,00:30:00,SC,470,"137,6",RIO DO SUL,Transitar na contramão,Colisão frontal,Com Vítimas Fatais,Plena Noite,Crescente,Nublado,Simples,Reta;Ponte,Sim,4,2,1,1,0,0,2,2,-27.19010444,-49.61962407,SPRF-SC,DEL04-SC,UOP02-DEL04-SC,2023
"554145,0",2023-09-23,sábado,16:50:00,SC,282,"424,2",VARGEM BONITA,Velocidade Incompatível,Colisão frontal,Com Vítimas Feridas,Pleno dia,Decrescente,Céu Claro,Simples,Curva,Não,6,0,0,1,4,1,1,3,-26.993992,-51.753662,SPRF-SC,DEL07-SC,UOP05-DEL07-SC,2023
"554159,0",2023-10-10,terça-feira,19:00:00,SC,470,"56,0",BLUMENAU,Acessar a via sem observar a presença dos outros veículos,Colisão lateral mesmo sentido,Com Vítimas Feridas,Plena Noite,Decrescente,Nublado,Simples,Reta;Interseção de Vias,Sim,3,0,1,0,2,0,1,2,-26.87674,-49.127743,SPRF-SC,DEL04-SC,UOP01-DEL04-SC,2023
"554165,0",2023-10-10,terça-feira,18:50:00,SC,101,"194,1",BIGUACU,Ingestão de álcool pelo condutor,Colisão lateral mesmo sentido,Com Vítimas Feridas,Plena Noite,Decrescente,Céu Claro,Múltipla,Reta,Não,2,0,1,0,1,0,1,2,-27.49815117,-48.65661236,SPRF-SC,DEL01-SC,UOP01-DEL01-SC,2023
"554181,0",2023-10-10,terça-feira,19:30:00,SC,101,"311,0",LAGUNA,Ingestão de álcool pelo condutor,Colisão com objeto,Sem Vítimas,Plena Noite,Decrescente,Céu Claro,Múltipla,Reta,Sim,1,0,0,0,1,0,0,1,-28.42531311,-48.80068884,SPRF-SC,DEL02-SC,UOP01-DEL02-SC,2023
"554203,0",2023-10-11,quarta-feira,00:30:00,SC,282,"205,6",SAO JOSE,Reação tardia ou ineficiente do condutor,Colisão com objeto,Com Vítimas Feridas,Plena Noite,Decrescente,Garoa/Chuvisco,Dupla,Curva,Não,1,0,1,0,0,0,1,1,-27.5864322,-48.61533022,SPRF-SC,DEL05-SC,UOP01-DEL05-SC,2023
"554236,0",2023-10-11,quarta-feira,07:30:00,SC,101,"220,1",PALHOCA,Acessar a via sem observar a presença dos outros veículos,Colisão transversal,Com Vítimas Feridas,Pleno dia,Crescente,Sol,Múltipla,Interseção de Vias,Sim,2,0,1,0,1,0,1,2,-27.69103054,-48.66390288,SPRF-SC,DEL01-SC,UOP02-DEL01-SC,2023
"554252,0",2023-10-11,quarta-feira,09:00:00,SC,101,"238,4",PALHOCA,Reação tardia ou ineficiente do condutor,Tombamento,Com Vítimas Feridas,Pleno dia,Decrescente,Nublado,Dupla,Curva,Não,1,0,0,1,0,0,1,1,-27.84293889,-48.63471922,SPRF-SC,DEL01-SC,UOP02-DEL01-SC,2023
"554257,0",2023-10-11,quarta-feira,07:30:00,SC,470,"18,0",ILHOTA,Objeto estático sobre o leito carroçável,Colisão com objeto,Com Vítimas Feridas,Pleno dia,Crescente,Nublado,Dupla,Reta,Não,1,0,1,0,0,0,1,1,-26.855534,-48.808922,SPRF-SC,DEL04-SC,UOP04-DEL04-SC,2023
"554266,0",2023-10-11,quarta-feira,10:25:00,SC,101,"204,4",SAO JOSE,Acesso irregular,Colisão com objeto,Com Vítimas Feridas,Pleno dia,Crescente,Céu Claro,Múltipla,Interseção de Vias,Sim,1,0,1,0,0,0,1,1,-27.57413014,-48.61363083,SPRF-SC,DEL01-SC,UOP01-DEL01-SC,2023
"554274,0",2023-10-08,domingo,01:38:00,SC,282,"554,0",CHAPECO,Fumaça,Incêndio,Sem Vítimas,Plena Noite,Crescente,Chuva,Simples,Reta,Não,1,0,0,0,0,1,0,1,-26.936268,-52.800812,SPRF-SC,DEL07-SC,UOP01-DEL07-SC,2023
"554281,0",2023-10-11,quarta-feira,09:45:00,SC,282,"196,0",LAGES,Acessar a via sem observar a presença dos outros veículos,Saída de leito carroçável,Com Vítimas Feridas,Pleno dia,Decrescente,Nublado,Simples,Reta,Não,2,0,1,0,1,0,1,2,-27.750381,-50.094074,SPRF-SC,DEL05-SC,UOP01-DEL05-SC,2023
"554286,0",2023-10-11,quarta-feira,12:00:00,SC,101,"148,0",ITAPEMA,Condutor deixou de manter distância do veículo da frente,Colisão lateral mesmo sentido,Com Vítimas Feridas,Pleno dia,Decrescente,Céu Claro,Dupla,Reta,Sim,2,0,1,0,1,0,1,2,-27.10123686,-48.61807962,SPRF-SC,DEL04-SC,UOP03-DEL04-SC,2023
"554316,0",2023-10-11,quarta-feira,14:00:00,SC,101,"383,1",ICARA,Reação tardia ou ineficiente do condutor,Colisão traseira,Com Vítimas Feridas,Pleno dia,Decrescente,Chuva,Dupla,Reta,Sim,2,0,1,0,1,0,1,2,-28.75478409,-49.27732095,SPRF-SC,DEL02-SC,UOP02-DEL02-SC,2023
"554317,0",2023-10-11,quarta-feira,15:15:00,SC,470,"57,9",BLUMENAU,Acessar a via sem observar a presença dos outros veículos,Colisão transversal,Com Vítimas Feridas,Pleno dia,Decrescente,Céu Claro,Simples,Reta;Em Obras,Sim,3,0,1,0,2,0,1,2,-26.88410966,-49.14659347,SPRF-SC,DEL04-SC,UOP01-DEL04-SC,2023
"554331,0",2023-10-11,quarta-feira,16:30:00,SC,101,"151,0",ITAPEMA,Acessar a via sem observar a presença dos outros veículos,Colisão frontal,Com Vítimas Feridas,Pleno dia,Crescente,Nublado,Múltipla,Interseção de Vias,Sim,3,0,1,1,1,0,2,3,-27.126536,-48.609642,SPRF-SC,DEL04-SC,UOP03-DEL04-SC,2023
"554335,0",2023-10-11,quarta-feira,16:30:00,SC,101,"117,4",ITAJAI,Acessar a via sem observar a presença dos outros veículos,Colisão lateral mesmo sentido,Com Vítimas Feridas,Pleno dia,Crescente,Céu Claro,Múltipla,Reta,Não,2,0,1,0,1,0,1,2,-26.88747187,-48.72252969,SPRF-SC,DEL04-SC,UOP04-DEL04-SC,2023
"554344,0",2023-10-11,quarta-feira,18:00:00,SC,101,"120,8",ITAJAI,Condutor deixou de manter distância do veículo da frente,Colisão traseira,Com Vítimas Feridas,Anoitecer,Crescente,Céu Claro,Dupla,Reta,Não,2,0,1,0,1,0,1,2,-26.912758,-48.711998,SPRF-SC,DEL04-SC,UOP04-DEL04-SC,2023
"554352,0",2023-10-11,quarta-feira,18:20:00,SC,470,"70,0",INDAIAL,Retorno proibido,Colisão transversal,Com Vítimas Feridas,Plena Noite,Decrescente,Céu Claro,Simples,Reta;Aclive,Sim,2,0,1,0,1,0,1,2,-26.889374,-49.254478,SPRF-SC,DEL04-SC,UOP01-DEL04-SC,2023
"554353,0",2023-10-11,quarta-feira,16:30:00,SC,101,"436,1",SOMBRIO,Condutor deixou de manter distância do veículo da frente,Colisão traseira,Com Vítimas Feridas,Pleno dia,Crescente,Chuva,Múltipla,Reta,Sim,2,0,1,0,1,0,1,2,-29.10817487,-49.63739835,SPRF-SC,DEL02-SC,UOP02-DEL02-SC,2023
"554367,0",2023-10-11,quarta-feira,18:30:00,SC,101,"328,7",CAPIVARI DE BAIXO,Objeto estático sobre o leito carroçável,Colisão com objeto,Com Vítimas Feridas,Anoitecer,Decrescente,Garoa/Chuvisco,Dupla,Reta,Não,1,0,1,0,0,0,1,1,-28.44930783,-48.97040963,SPRF-SC,DEL02-SC,UOP01-DEL02-SC,2023
"554371,0",2023-10-11,quarta-feira,19:04:00,SC,163,"84,0",GUARACIABA,Ingestão de álcool pelo condutor,Saída de leito carroçável,Com Vítimas Feridas,Pleno dia,Decrescente,Chuva,Simples,Reta,Não,1,0,1,0,0,0,1,1,-26.61594101,-53.51942819,SPRF-SC,DEL07-SC,UOP03-DEL07-SC,2023
"554383,0",2023-10-11,quarta-feira,13:50:00,SC,282,"274,5",SAO JOSE DO CERRITO,Velocidade Incompatível,Colisão frontal,Com Vítimas Fatais,Pleno dia,Crescente,Nublado,Simples,Declive;Curva,Não,5,2,1,0,2,0,1,2,-27.6079413,-50.71849108,SPRF-SC,DEL05-SC,UOP02-DEL05-SC,2023
"554404,0",2023-10-11,quarta-feira,19:45:00,SC,116,"3,8",MAFRA,Ingestão de álcool pelo condutor,Colisão lateral mesmo sentido,Sem Vítimas,Plena Noite,Crescente,Céu Claro,Simples,Reta;Aclive,Sim,2,0,0,0,2,0,0,2,-26.13073161,-49.79922442,SPRF-SC,DEL06-SC,UOP01-DEL06-SC,2023
"554449,0",2023-10-12,quinta-feira,03:10:00,SC,282,"51,1",AGUAS MORNAS,Velocidade Incompatível,Saída de leito carroçável,Com Vítimas Feridas,Plena Noite,Decrescente,Chuva,Simples,Reta,Não,3,0,3,0,0,0,3,1,-27.703712,-48.959267,SPRF-SC,DEL01-SC,UOP03-DEL01-SC,2023
"554461,0",2023-10-12,quinta-feira,04:00:00,SC,101,"371,0",ICARA,Ausência de reação do condutor,Saída de leito carroçável,Sem Vítimas,Plena Noite,Crescente,Chuva,Dupla,Reta,Sim,1,0,0,0,1,0,0,1,-28.70403682,-49.2008731,SPRF-SC,DEL02-SC,UOP01-DEL02-SC,2023
"554471,0",2023-10-12,quinta-feira,05:10:00,SC,163,"75,5",SAO MIGUEL DO OESTE,Pista Escorregadia,Saída de leito carroçável,Com Vítimas Fatais,Amanhecer,Crescente,Chuva,Simples,Declive;Curva,Não,3,1,1,1,0,0,2,2,-26.6895781,-53.5142024,SPRF-SC,DEL07-SC,UOP03-DEL07-SC,2023
"554483,0",2023-10-12,quinta-feira,06:35:00,SC,101,"88,0",BARRA VELHA,Ausência de reação do condutor,Colisão com objeto,Sem Vítimas,Pleno dia,Crescente,Chuva,Múltipla,Curva;Aclive;Viaduto,Sim,2,0,0,0,2,0,0,2,-26.64925577,-48.68686795,SPRF-SC,DEL03-SC,UOP02-DEL03-SC,2023
"554567,0",2023-10-12,quinta-feira,14:45:00,SC,280,"56,0",GUARAMIRIM,Acesso irregular,Colisão transversal,Com Vítimas Feridas,Pleno dia,Crescente,Garoa/Chuvisco,Simples,Rotatória,Sim,3,0,1,0,2,0,1,2,-26.47947677,-49.00298702,SPRF-SC,DEL03-SC,UOP03-DEL03-SC,2023
"554573,0",2023-10-12,quinta-feira,10:40:00,SC,153,"74,0",IRANI,Chuva,Capotamento,Com Vítimas Feridas,Pleno dia,Decrescente,Chuva,Simples,Curva;Aclive,Não,1,0,1,0,0,0,1,1,-27.078651,-51.904682,SPRF-SC,DEL07-SC,UOP04-DEL07-SC,2023
"554607,0",2023-10-12,quinta-feira,16:30:00,SC,280,"1,2",DIONISIO CERQUEIRA,Acessar a via sem observar a presença dos outros veículos,Colisão transversal,Com Vítimas Feridas,Pleno dia,Crescente,Nublado,Simples,Rotatória,Sim,3,0,1,0,2,0,1,2,-26.26631567,-53.62623096,SPRF-SC,DEL03-SC,UOP03-DEL03-SC,2023
"554613,0",2023-10-12,quinta-feira,18:40:00,SC,101,"258,4",PAULO LOPES,Entrada inopinada do pedestre,Atropelamento de Pedestre,Com Vítimas Feridas,Plena Noite,Crescente,Chuva,Dupla,Reta,Não,4,0,0,1,1,2,1,2,-28.00482282,-48.69190437,SPRF-SC,DEL02-SC,UOP03-DEL02-SC,2023
"554614,0",2023-10-12,quinta-feira,18:40:00,SC,101,"258,0",PAULO LOPES,Ausência de reação do condutor,Colisão com objeto,Sem Vítimas,Plena Noite,Crescente,Chuva,Dupla,Curva;Declive,Não,1,0,0,0,1,0,0,1,-28.00482282,-48.69190437,SPRF-SC,DEL02-SC,UOP03-DEL02-SC,2023
"554618,0",2023-10-12,quinta-feira,08:15:00,SC,282,"632,0",DESCANSO,Reação tardia ou ineficiente do condutor,Saída de leito carroçável,Sem Vítimas,Pleno dia,Decrescente,Chuva,Simples,Declive;Curva,Não,1,0,0,0,1,0,0,1,-26.8253,-53.404217,SPRF-SC,DEL07-SC,UOP03-DEL07-SC,2023
"554634,0",2023-10-12,quinta-feira,20:35:00,SC,116,"7,0",MAFRA,Ingestão de álcool pelo condutor,Colisão transversal,Sem Vítimas,Plena Noite,Decrescente,Nublado,Simples,Reta;Interseção de Vias,Sim,2,0,0,0,2,0,0,2,-26.15196176,-49.83102416,SPRF-SC,DEL06-SC,UOP01-DEL06-SC,2023
"554666,0",2023-10-13,sexta-feira,03:35:00,SC,101,"195,3",BIGUACU,Ausência de reação do condutor,Colisão com objeto,Com Vítimas Feridas,Plena Noite,Decrescente,Céu Claro,Simples,Retorno Regulamentado;Reta;Túnel,Sim,1,0,1,0,0,0,1,1,-27.5047092,-48.65010819,SPRF-SC,DEL01-SC,UOP01-DEL01-SC,2023
"554670,0",2023-10-13,sexta-feira,04:17:00,SC,101,"5,9",ARARANGUA,Animais na Pista,Atropelamento de Animal,Com Vítimas Feridas,Plena Noite,Decrescente,Chuva,Simples,Reta,Não,1,0,1,0,0,0,1,1,-28.95995727,-49.51596022,SPRF-SC,DEL03-SC,UOP01-DEL03-SC,2023
"554671,0",2023-10-12,quinta-feira,20:50:00,SC,101,"248,4",PAULO LOPES,Reação tardia ou ineficiente do condutor,Saída de leito carroçável,Sem Vítimas,Plena Noite,Crescente,Chuva,Dupla,Reta,Não,1,0,0,0,0,1,0,1,-27.92619305,-48.65828191,SPRF-SC,DEL02-SC,UOP03-DEL02-SC,2023
"554675,0",2023-10-12,quinta-feira,23:00:00,SC,163,"81,0",GUARACIABA,Condutor deixou de manter distância do veículo da frente,Engavetamento,Sem Vítimas,Plena Noite,Decrescente,Nublado,Simples,Curva,Não,3,0,0,0,2,1,0,3,-26.64162493,-53.51842645,SPRF-SC,DEL07-SC,UOP03-DEL07-SC,2023
"554683,0",2023-10-13,sexta-feira,07:25:00,SC,101,"233,8",PALHOCA,Velocidade Incompatível,Colisão com objeto,Com Vítimas Feridas,Pleno dia,Crescente,Garoa/Chuvisco,Dupla,Curva,Não,4,0,1,0,3,0,1,2,-27.80376397,-48.63826211,SPRF-SC,DEL01-SC,UOP02-DEL01-SC,2023
"554692,0",2023-10-13,sexta-feira,07:00:00,SC,282,"407,0",CATANDUVAS,Chuva,Saída de leito carroçável,Sem Vítimas,Pleno dia,Decrescente,Chuva,Simples,Reta;Aclive,Não,1,0,0,0,1,0,0,1,-27.083517,-51.662014,SPRF-SC,DEL07-SC,UOP05-DEL07-SC,2023
"554695,0",2023-07-21,sexta-feira,21:10:00,SC,101,"409,2",ARARANGUA,Pedestre andava na pista,Atropelamento de Pedestre,Com Vítimas Fatais,Plena Noite,Decrescente,Céu Claro,Simples,Reta,Não,2,1,0,1,0,0,1,2,-28.93366,-49.494852,SPRF-SC,DEL02-SC,UOP02-DEL02-SC,2023
"554716,0",2023-10-13,sexta-feira,11:09:00,SC,101,"5,6",ARARANGUA,Acumulo de areia ou detritos sobre o pavimento,Tombamento,Com Vítimas Feridas,Pleno dia,Crescente,Nublado,Simples,Reta;Rotatória,Sim,1,0,1,0,0,0,1,1,-28.95834924,-49.51427042,SPRF-SC,DEL03-SC,UOP01-DEL03-SC,2023
"554727,0",2023-10-13,sexta-feira,12:30:00,SC,470,"6,0",NAVEGANTES,Reação tardia ou ineficiente do condutor,Colisão traseira,Com Vítimas Feridas,Pleno dia,Crescente,Céu Claro,Simples,Reta,Não,2,0,2,0,0,0,2,2,-26.852238,-48.709545,SPRF-SC,DEL04-SC,UOP04-DEL04-SC,2023
"554754,0",2023-10-13,sexta-feira,15:05:00,SC,470,"2,0",NAVEGANTES,Transitar na contramão,Colisão transversal,Sem Vítimas,Pleno dia,Crescente,Céu Claro,Múltipla,Reta,Não,2,0,0,0,2,0,0,2,-26.868551,-48.674831,SPRF-SC,DEL04-SC,UOP04-DEL04-SC,2023
"554809,0",2023-10-13,sexta-feira,20:45:00,SC,101,"212,1",PALHOCA,Manobra de mudança de faixa,Colisão lateral mesmo sentido,Com Vítimas Feridas,Plena Noite,Decrescente,Nublado,Dupla,Reta,Não,3,0,1,0,2,0,1,2,-27.62996929,-48.65903871,SPRF-SC,DEL01-SC,UOP02-DEL01-SC,2023
"554817,0",2023-10-13,sexta-feira,22:20:00,SC,101,"238,8",PALHOCA,Reação tardia ou ineficiente do condutor,Saída de leito carroçável,Sem Vítimas,Plena Noite,Decrescente,Nublado,Dupla,Reta,Não,1,0,0,0,1,0,0,1,-27.84293889,-48.63471922,SPRF-SC,DEL01-SC,UOP02-DEL01-SC,2023
"554818,0",2023-10-13,sexta-feira,20:45:00,SC,101,"442,0",SANTA ROSA DO SUL,Reação tardia ou ineficiente do condutor,Tombamento,Com Vítimas Feridas,Plena Noite,Decrescente,Céu Claro,Dupla,Reta,Não,2,0,2,0,0,0,2,1,-29.132236,-49.697005,SPRF-SC,DEL02-SC,UOP02-DEL02-SC,2023
"554827,0",2023-10-13,sexta-feira,23:35:00,SC,101,"191,7",BIGUACU,Ingestão de álcool pelo condutor,Colisão traseira,Com Vítimas Feridas,Plena Noite,Decrescente,Nublado,Dupla,Reta,Sim,2,0,0,1,0,1,1,2,-27.47730273,-48.64127329,SPRF-SC,DEL01-SC,UOP01-DEL01-SC,2023
"554833,0",2023-10-13,sexta-feira,22:30:00,SC,282,"543,0",NOVA ITABERABA,Ingestão de álcool e/ou substâncias psicoativas pelo pedestre,Capotamento,Com Vítimas Feridas,Plena Noite,Crescente,Céu Claro,Simples,Curva,Não,1,0,0,1,0,0,1,1,-26.93637269,-52.80110836,SPRF-SC,DEL07-SC,UOP01-DEL07-SC,2023
"554838,0",2023-10-13,sexta-feira,22:20:00,SC,282,"30,5",AGUAS MORNAS,Velocidade Incompatível,Capotamento,Com Vítimas Feridas,Plena Noite,Crescente,Nublado,Simples,Reta;Aclive,Não,1,0,0,1,0,0,1,1,-27.687376,-48.79071,SPRF-SC,DEL01-SC,UOP03-DEL01-SC,2023
"554843,0",2023-10-14,sábado,02:50:00,SC,101,"211,7",PALHOCA,Reação tardia ou ineficiente do condutor,Capotamento,Sem Vítimas,Plena Noite,Crescente,Nublado,Dupla,Interseção de Vias,Sim,1,0,0,0,1,0,0,1,-27.62329313,-48.65245588,SPRF-SC,DEL01-SC,UOP02-DEL01-SC,2023
"554849,0",2023-10-14,sábado,05:55:00,SC,282,"5,0",SAO JOSE,Acessar a via sem observar a presença dos outros veículos,Colisão lateral mesmo sentido,Com Vítimas Feridas,Pleno dia,Crescente,Nublado,Simples,Curva,Sim,2,0,1,0,0,1,1,2,-27.588425,-48.612919,SPRF-SC,DEL01-SC,UOP01-DEL01-SC,2023
"554850,0",2023-10-14,sábado,05:20:00,SC,280,"77,0",JARAGUA DO SUL,Reação tardia ou ineficiente do condutor,Saída de leito carroçável,Com Vítimas Feridas,Amanhecer,Decrescente,Nublado,Simples,Curva,Não,1,0,1,0,0,0,1,1,-26.45514314,-49.18726132,SPRF-SC,DEL03-SC,UOP03-DEL03-SC,2023
"554851,0",2023-10-14,sábado,00:25:00,SC,101,"333,3",TUBARAO,Ingestão de álcool pelo condutor,Saída de leito carroçável,Sem Vítimas,Plena Noite,Decrescente,Nublado,Dupla,Reta,Não,1,0,0,0,0,1,0,1,-28.46862528,-49.01174784,SPRF-SC,DEL02-SC,UOP01-DEL02-SC,2023
"554865,0",2023-10-14,sábado,05:10:00,SC,280,"77,1",CORUPA,Condutor deixou de manter distância do veículo da frente,Colisão traseira,Com Vítimas Feridas,Pleno dia,Decrescente,Garoa/Chuvisco,Simples,Curva,Não,2,0,1,0,1,0,1,2,-26.45514314,-49.18726132,SPRF-SC,DEL03-SC,UOP03-DEL03-SC,2023