id,data_inversa,dia_semana,horario,uf,br,km,municipio,causa_acidente,tipo_acidente,classificacao_acidente,fase_dia,sentido_via,condicao_metereologica,tipo_pista,tracado_via,uso_solo,pessoas,mortos,feridos_leves,feridos_graves,ilesos,ignorados,feridos,veiculos,latitude,longitude,regional,delegacia,uop,ano_arquivo
"554872,0",2023-10-14,sábado,08:00:00,SC,470,"35,1",GASPAR,Desrespeitar a preferência no cruzamento,Colisão frontal,Com Vítimas Feridas,Pleno dia,Decrescente,Nublado,Simples,Reta;Em Obras;Interseção de Vias,Sim,2,0,0,1,0,1,1,2,-26.912857,-48.958965,SPRF-SC,DEL04-SC,UOP01-DEL04-SC,2023
"554873,0",2023-09-16,sábado,13:50:00,SC,101,"136,5",BALNEARIO CAMBORIU,Ultrapassagem Indevida,Colisão lateral mesmo sentido,Com Vítimas Feridas,Pleno dia,Crescente,Céu Claro,Dupla,Reta,Sim,2,0,1,0,1,0,1,2,-27.008113,-48.617245,SPRF-SC,DEL04-SC,UOP03-DEL04-SC,2023
"554892,0",2023-10-14,sábado,10:20:00,SC,101,"207,0",SAO JOSE,Condutor deixou de manter distância do veículo da frente,Colisão traseira,Com Vítimas Feridas,Pleno dia,Crescente,Nublado,Múltipla,Reta,Sim,2,0,1,0,1,0,1,2,-27.60001226,-48.6226467,SPRF-SC,DEL01-SC,UOP01-DEL01-SC,2023
"554924,0",2023-10-14,sábado,13:10:00,SC,280,"52,9",GUARAMIRIM,Ausência de reação do condutor,Tombamento,Com Vítimas Feridas,Pleno dia,Crescente,Chuva,Simples,Reta,Sim,1,0,1,0,0,0,1,1,-26.468904,-48.96492,SPRF-SC,DEL03-SC,UOP03-DEL03-SC,2023
"554956,0",2023-10-14,sábado,15:50:00,SC,470,"90,2",ASCURRA,Ausência de reação do condutor,Colisão frontal,Com Vítimas Fatais,Pleno dia,Crescente,Garoa/Chuvisco,Simples,Reta,Não,3,1,0,1,0,1,1,3,-26.97152526,-49.36689377,SPRF-SC,DEL04-SC,UOP01-DEL04-SC,2023
"554969,0",2023-10-14,sábado,17:10:00,SC,101,"102,8",BALNEARIO PICARRAS,Manobra de mudança de faixa,Colisão lateral mesmo sentido,Com Vítimas Feridas,Pleno dia,Decrescente,Nublado,Dupla,Curva,Sim,2,0,1,0,1,0,1,2,-26.77383397,-48.68594062,SPRF-SC,DEL03-SC,UOP02-DEL03-SC,2023
"554976,0",2023-10-14,sábado,17:00:00,SC,280,"155,0",MAFRA,Chuva,Queda de ocupante de veículo,Com Vítimas Feridas,Anoitecer,Decrescente,Céu Claro,Simples,Reta,Não,1,0,1,0,0,0,1,1,-26.21132066,-49.72749885,SPRF-SC,DEL06-SC,UOP03-DEL06-SC,2023
"554978,0",2023-10-14,sábado,18:40:00,SC,101,"120,8",ITAJAI,Ausência de reação do condutor,Tombamento,Com Vítimas Feridas,Anoitecer,Crescente,Nublado,Simples,Curva,Não,2,0,0,1,1,0,1,2,-26.912758,-48.711998,SPRF-SC,DEL04-SC,UOP04-DEL04-SC,2023
"554997,0",2023-10-14,sábado,20:00:00,SC,153,"90,5",CONCORDIA,Ingestão de álcool pelo condutor,Saída de leito carroçável,Sem Vítimas,Plena Noite,Crescente,Céu Claro,Simples,Curva,Não,1,0,0,0,1,0,0,1,-27.178261,-51.914314,SPRF-SC,DEL07-SC,UOP04-DEL07-SC,2023
"555017,0",2023-10-14,sábado,20:20:00,SC,101,"415,0",ARARANGUA,Reação tardia ou ineficiente do condutor,Tombamento,Sem Vítimas,Plena Noite,Crescente,Ignorado,Simples,Aclive;Interseção de Vias,Não,1,0,0,0,0,1,0,1,-28.96040535,-49.51653267,SPRF-SC,DEL02-SC,UOP02-DEL02-SC,2023
"555021,0",2023-10-14,sábado,20:32:00,SC,101,"34,1",JOINVILLE,Reação tardia ou ineficiente do condutor,Queda de ocupante de veículo,Com Vítimas Feridas,Plena Noite,Crescente,Nublado,Dupla,Reta,Sim,1,0,1,0,0,0,1,1,-26.23667403,-48.91486706,SPRF-SC,DEL03-SC,UOP01-DEL03-SC,2023
"555038,0",2023-10-14,sábado,21:10:00,SC,280,"162,0",MAFRA,Ultrapassagem Indevida,Colisão lateral sentido oposto,Com Vítimas Feridas,Plena Noite,Decrescente,Céu Claro,Simples,Curva;Aclive,Não,4,0,3,1,0,0,4,2,-26.20386631,-49.79088509,SPRF-SC,DEL06-SC,UOP03-DEL06-SC,2023
"555073,0",2023-10-15,domingo,04:40:00,SC,101,"208,7",SAO JOSE,Acumulo de água sobre o pavimento,Colisão com objeto,Sem Vítimas,Amanhecer,Decrescente,Nublado,Múltipla,Reta,Sim,1,0,0,0,0,1,0,1,-27.60327979,-48.63201818,SPRF-SC,DEL01-SC,UOP01-DEL01-SC,2023
"555076,0",2023-10-15,domingo,05:25:00,SC,101,"215,0",PALHOCA,Reação tardia ou ineficiente do condutor,Tombamento,Com Vítimas Feridas,Amanhecer,Decrescente,Garoa/Chuvisco,Dupla,Reta,Sim,1,0,1,0,0,0,1,1,-27.65184843,-48.67604941,SPRF-SC,DEL01-SC,UOP02-DEL01-SC,2023
"555084,0",2023-10-15,domingo,04:45:00,SC,101,"283,0",IMBITUBA,Ausência de reação do condutor,Saída de leito carroçável,Sem Vítimas,Plena Noite,Decrescente,Chuva,Dupla,Reta,Não,1,0,0,0,0,1,0,1,-28.20457404,-48.6984006,SPRF-SC,DEL02-SC,UOP03-DEL02-SC,2023
"555087,0",2023-10-15,domingo,05:50:00,SC,101,"276,7",IMBITUBA,Ingestão de álcool pelo condutor,Queda de ocupante de veículo,Sem Vítimas,Amanhecer,Crescente,Céu Claro,Dupla,Reta,Não,1,0,0,0,1,0,0,1,-28.14644701,-48.69204746,SPRF-SC,DEL02-SC,UOP03-DEL02-SC,2023
"555088,0",2023-10-15,domingo,04:50:00,SC,282,"562,0",NOVA ERECHIM,Condutor Dormindo,Saída de leito carroçável,Sem Vítimas,Plena Noite,Decrescente,Céu Claro,Simples,Reta,Não,1,0,0,0,1,0,0,1,-26.911108,-52.865475,SPRF-SC,DEL07-SC,UOP02-DEL07-SC,2023
"555099,0",2023-10-15,domingo,07:10:00,SC,101,"193,0",BIGUACU,Reação tardia ou ineficiente do condutor,Colisão com objeto,Sem Vítimas,Pleno dia,Crescente,Nublado,Simples,Reta,Sim,1,0,0,0,0,1,0,1,-27.48443781,-48.64765238,SPRF-SC,DEL01-SC,UOP01-DEL01-SC,2023
"555111,0",2023-10-15,domingo,08:30:00,SC,101,"203,9",SAO JOSE,Reação tardia ou ineficiente do condutor,Colisão transversal,Com Vítimas Feridas,Pleno dia,Decrescente,Nublado,Dupla,Reta,Sim,2,0,1,0,0,1,1,2,-27.57398746,-48.61330032,SPRF-SC,DEL01-SC,UOP01-DEL01-SC,2023
"555120,0",2023-10-15,domingo,10:50:00,SC,101,"146,0",ITAPEMA,Acessar a via sem observar a presença dos outros veículos,Colisão transversal,Com Vítimas Feridas,Pleno dia,Crescente,Nublado,Dupla,Reta,Sim,2,0,1,1,0,0,2,2,-27.08666525,-48.60955587,SPRF-SC,DEL04-SC,UOP03-DEL04-SC,2023
"555125,0",2023-10-15,domingo,10:19:00,SC,101,"194,0",BIGUACU,Reação tardia ou ineficiente do condutor,Colisão com objeto,Com Vítimas Feridas,Pleno dia,Crescente,Nublado,Dupla,Reta,Sim,1,0,1,0,0,0,1,1,-27.49815117,-48.65661236,SPRF-SC,DEL01-SC,UOP01-DEL01-SC,2023
"555143,0",2023-10-15,domingo,12:30:00,SC,101,"112,9",ITAJAI,Trafegar com motocicleta (ou similar) entre as faixas,Colisão lateral mesmo sentido,Com Vítimas Feridas,Pleno dia,Decrescente,Nublado,Dupla,Reta,Não,4,0,1,0,3,0,1,3,-26.84589005,-48.72131295,SPRF-SC,DEL04-SC,UOP04-DEL04-SC,2023
"555166,0",2023-10-15,domingo,14:40:00,SC,282,"221,0",LAGES,Acessar a via sem observar a presença dos outros veículos,Colisão traseira,Com Vítimas Feridas,Pleno dia,Crescente,Nublado,Simples,Reta,Não,7,0,0,1,4,2,1,3,-27.79777752,-50.35353363,SPRF-SC,DEL05-SC,UOP01-DEL05-SC,2023
"555184,0",2023-10-15,domingo,17:00:00,SC,282,"5,0",SAO JOSE,Reação tardia ou ineficiente do condutor,Engavetamento,Sem Vítimas,Pleno dia,Crescente,Nublado,Dupla,Reta,Sim,8,0,0,0,8,0,0,3,-27.592646,-48.604034,SPRF-SC,DEL01-SC,UOP01-DEL01-SC,2023
"555215,0",2023-10-15,domingo,17:40:00,SC,280,"6,1",SAO FRANCISCO DO SUL,Demais falhas na via,Tombamento,Com Vítimas Feridas,Pleno dia,Decrescente,Nublado,Simples,Reta,Sim,2,0,2,0,0,0,2,1,-26.26569095,-48.63361804,SPRF-SC,DEL03-SC,UOP03-DEL03-SC,2023
"555245,0",2023-10-15,domingo,21:45:00,SC,101,"164,0",TIJUCAS,Acessar a via sem observar a presença dos outros veículos,Colisão transversal,Com Vítimas Feridas,Plena Noite,Decrescente,Garoa/Chuvisco,Múltipla,Rotatória,Sim,2,0,1,0,0,1,1,2,-27.243868,-48.6309,SPRF-SC,DEL04-SC,UOP03-DEL04-SC,2023
"555248,0",2023-10-15,domingo,20:05:00,SC,282,"194,0",LAGES,Acessar a via sem observar a presença dos outros veículos,Colisão transversal,Com Vítimas Feridas,Plena Noite,Decrescente,Garoa/Chuvisco,Simples,Reta;Aclive,Não,8,0,5,2,1,0,7,2,-27.74443892,-50.07856965,SPRF-SC,DEL05-SC,UOP01-DEL05-SC,2023
"555261,0",2023-10-15,domingo,22:30:00,SC,101,"127,0",ITAJAI,Acumulo de água sobre o pavimento,Capotamento,Com Vítimas Feridas,Plena Noite,Crescente,Chuva,Múltipla,Curva,Sim,1,0,0,1,0,0,1,1,-26.9639319,-48.68328024,SPRF-SC,DEL04-SC,UOP04-DEL04-SC,2023
"555263,0",2023-10-15,domingo,23:30:00,SC,101,"41,2",JOINVILLE,Ausência de reação do condutor,Colisão traseira,Com Vítimas Feridas,Plena Noite,Decrescente,Garoa/Chuvisco,Dupla,Reta,Sim,2,0,1,0,1,0,1,2,-26.28215489,-48.88973081,SPRF-SC,DEL03-SC,UOP01-DEL03-SC,2023
"555273,0",2023-10-15,domingo,23:50:00,SC,101,"138,0",BALNEARIO CAMBORIU,Velocidade Incompatível,Saída de leito carroçável,Com Vítimas Feridas,Plena Noite,Decrescente,Chuva,Dupla,Curva,Sim,3,0,2,0,1,0,2,1,-27.02397426,-48.60761649,SPRF-SC,DEL04-SC,UOP03-DEL04-SC,2023
"555280,0",2023-10-16,segunda-feira,01:00:00,SC,101,"294,0",IMBITUBA,Condutor Dormindo,Saída de leito carroçável,Sem Vítimas,Plena Noite,Decrescente,Céu Claro,Dupla,Reta,Não,1,0,0,0,1,0,0,1,-28.29220304,-48.71018095,SPRF-SC,DEL02-SC,UOP03-DEL02-SC,2023
"555304,0",2023-10-16,segunda-feira,02:40:00,SC,101,"129,0",BALNEARIO CAMBORIU,Condutor Dormindo,Saída de leito carroçável,Sem Vítimas,Plena Noite,Crescente,Garoa/Chuvisco,Múltipla,Reta,Sim,1,0,0,0,0,1,0,1,-26.98064277,-48.6790679,SPRF-SC,DEL04-SC,UOP03-DEL04-SC,2023
"555339,0",2023-10-16,segunda-feira,12:20:00,SC,282,"4,9",SAO JOSE,Reação tardia ou ineficiente do condutor,Colisão traseira,Com Vítimas Feridas,Pleno dia,Crescente,Garoa/Chuvisco,Múltipla,Reta,Sim,2,0,1,0,1,0,1,2,-27.592646,-48.604034,SPRF-SC,DEL01-SC,UOP01-DEL01-SC,2023
"555369,0",2023-10-16,segunda-feira,12:40:00,SC,101,"327,2",CAPIVARI DE BAIXO,Desrespeitar a preferência no cruzamento,Colisão transversal,Com Vítimas Feridas,Pleno dia,Decrescente,Chuva,Simples,Em Obras;Interseção de Vias,Não,2,0,2,0,0,0,2,2,-28.439307,-48.961958,SPRF-SC,DEL02-SC,UOP01-DEL02-SC,2023
"555415,0",2023-10-16,segunda-feira,18:35:00,SC,470,"70,0",INDAIAL,Acessar a via sem observar a presença dos outros veículos,Colisão transversal,Com Vítimas Feridas,Plena Noite,Decrescente,Chuva,Simples,Reta,Sim,3,0,0,1,1,1,1,3,-26.889374,-49.254478,SPRF-SC,DEL04-SC,UOP01-DEL04-SC,2023
"555418,0",2023-10-16,segunda-feira,19:20:00,SC,101,"216,0",PALHOCA,Manobra de mudança de faixa,Colisão lateral mesmo sentido,Com Vítimas Feridas,Plena Noite,Crescente,Chuva,Dupla,Reta,Sim,1,0,1,0,0,0,1,1,-27.65981409,-48.67747798,SPRF-SC,DEL01-SC,UOP02-DEL01-SC,2023
"555422,0",2023-10-16,segunda-feira,19:00:00,SC,101,"48,5",JOINVILLE,Velocidade Incompatível,Tombamento,Sem Vítimas,Plena Noite,Decrescente,Chuva,Dupla,Curva,Não,1,0,0,0,0,1,0,1,-26.35345909,-48.85867862,SPRF-SC,DEL03-SC,UOP01-DEL03-SC,2023
"555433,0",2023-10-16,segunda-feira,19:15:00,SC,470,"170,0",POUSO REDONDO,Chuva,Colisão frontal,Com Vítimas Feridas,Plena Noite,Crescente,Chuva,Simples,Curva;Aclive,Não,3,0,1,0,2,0,1,2,-27.265903,-49.892441,SPRF-SC,DEL04-SC,UOP02-DEL04-SC,2023
"555440,0",2023-10-16,segunda-feira,23:00:00,SC,101,"150,0",ITAPEMA,Desrespeitar a preferência no cruzamento,Colisão transversal,Com Vítimas Feridas,Plena Noite,Crescente,Chuva,Múltipla,Interseção de Vias,Não,2,0,1,0,0,1,1,2,-27.11744799,-48.60940987,SPRF-SC,DEL04-SC,UOP03-DEL04-SC,2023
"555473,0",2023-10-17,terça-feira,06:40:00,SC,101,"213,3",PALHOCA,Desrespeitar a preferência no cruzamento,Colisão transversal,Com Vítimas Feridas,Pleno dia,Crescente,Nublado,Dupla,Viaduto;Interseção de Vias,Sim,2,0,1,0,1,0,1,2,-27.63697369,-48.66514142,SPRF-SC,DEL01-SC,UOP02-DEL01-SC,2023
"555502,0",2023-10-17,terça-feira,10:30:00,SC,282,"0,5",FLORIANOPOLIS,Manobra de mudança de faixa,Colisão lateral mesmo sentido,Com Vítimas Feridas,Pleno dia,Decrescente,Nublado,Múltipla,Reta;Aclive,Sim,2,0,1,0,1,0,1,2,-27.59845,-48.571995,SPRF-SC,DEL01-SC,UOP01-DEL01-SC,2023
"555530,0",2023-10-17,terça-feira,13:10:00,SC,101,"213,0",PALHOCA,Ausência de reação do condutor,Colisão com objeto,Sem Vítimas,Pleno dia,Decrescente,Nublado,Dupla,Reta;Interseção de Vias,Sim,2,0,0,0,1,1,0,2,-27.63720247,-48.66491675,SPRF-SC,DEL01-SC,UOP02-DEL01-SC,2023
"555533,0",2023-10-17,terça-feira,09:45:00,SC,470,"59,6",BLUMENAU,Condutor deixou de manter distância do veículo da frente,Colisão traseira,Com Vítimas Feridas,Pleno dia,Decrescente,Nublado,Simples,Curva,Sim,2,0,1,0,1,0,1,2,-26.882812,-49.1548,SPRF-SC,DEL04-SC,UOP01-DEL04-SC,2023
"555538,0",2023-10-17,terça-feira,13:30:00,SC,282,"3,6",FLORIANOPOLIS,Reação tardia ou ineficiente do condutor,Colisão traseira,Com Vítimas Feridas,Pleno dia,Decrescente,Nublado,Múltipla,Reta,Sim,1,0,1,0,0,0,1,1,-27.600384,-48.599705,SPRF-SC,DEL01-SC,UOP01-DEL01-SC,2023
"555541,0",2023-10-17,terça-feira,13:15:00,SC,101,"150,0",ITAPEMA,Ingestão de substâncias psicoativas pelo condutor,Saída de leito carroçável,Com Vítimas Feridas,Pleno dia,Crescente,Sol,Dupla,Reta,Sim,1,0,1,0,0,0,1,1,-27.11744799,-48.60940987,SPRF-SC,DEL04-SC,UOP03-DEL04-SC,2023
"555546,0",2023-10-17,terça-feira,14:45:00,SC,101,"47,0",JOINVILLE,Velocidade Incompatível,Tombamento,Com Vítimas Feridas,Pleno dia,Decrescente,Nublado,Simples,Reta,Sim,1,0,1,0,0,0,1,1,-26.34234997,-48.85840089,SPRF-SC,DEL03-SC,UOP01-DEL03-SC,2023
"555579,0",2023-10-17,terça-feira,18:50:00,SC,101,"204,8",SAO JOSE,Reação tardia ou ineficiente do condutor,Tombamento,Com Vítimas Feridas,Plena Noite,Crescente,Nublado,Múltipla,Reta,Sim,1,0,1,0,0,0,1,1,-27.58313237,-48.61532885,SPRF-SC,DEL01-SC,UOP01-DEL01-SC,2023
"555590,0",2023-10-17,terça-feira,18:10:00,SC,470,"8,0",NAVEGANTES,Ausência de reação do condutor,Colisão lateral mesmo sentido,Com Vítimas Feridas,Anoitecer,Decrescente,Nublado,Dupla,Reta,Não,2,0,1,0,1,0,1,2,-26.83688,-48.718853,SPRF-SC,DEL04-SC,UOP04-DEL04-SC,2023
"555602,0",2023-10-17,terça-feira,19:30:00,SC,101,"154,5",PORTO BELO,Velocidade Incompatível,Saída de leito carroçável,Com Vítimas Feridas,Plena Noite,Decrescente,Céu Claro,Múltipla,Reta,Não,1,0,1,0,0,0,1,1,-27.153819,-48.61086393,SPRF-SC,DEL04-SC,UOP03-DEL04-SC,2023
"555603,0",2023-10-17,terça-feira,14:30:00,SC,153,"80,7",IRANI,Chuva,Colisão frontal,Com Vítimas Feridas,Pleno dia,Decrescente,Chuva,Simples,Curva;Aclive,Não,3,0,3,0,0,0,3,2,-27.117521,-51.914806,SPRF-SC,DEL07-SC,UOP04-DEL07-SC,2023
"555604,0",2023-10-17,terça-feira,19:20:00,SC,101,"137,3",BALNEARIO CAMBORIU,Desrespeitar a preferência no cruzamento,Colisão transversal,Com Vítimas Feridas,Plena Noite,Crescente,Nublado,Múltipla,Interseção de Vias,Sim,2,0,1,0,1,0,1,2,-27.0157238,-48.61192763,SPRF-SC,DEL04-SC,UOP03-DEL04-SC,2023
"555621,0",2023-10-17,terça-feira,21:55:00,SC,101,"331,6",TUBARAO,Desrespeitar a preferência no cruzamento,Colisão transversal,Com Vítimas Feridas,Plena Noite,Decrescente,Nublado,Dupla,Rotatória,Sim,2,0,1,0,1,0,1,2,-28.46588539,-48.99507523,SPRF-SC,DEL02-SC,UOP01-DEL02-SC,2023
"555656,0",2023-10-18,quarta-feira,07:00:00,SC,101,"112,0",ITAJAI,Reação tardia ou ineficiente do condutor,Tombamento,Com Vítimas Feridas,Pleno dia,Crescente,Nublado,Dupla,Reta,Não,1,0,1,0,0,0,1,1,-26.84589005,-48.72131295,SPRF-SC,DEL04-SC,UOP04-DEL04-SC,2023
"555665,0",2023-10-18,quarta-feira,08:08:00,SC,470,"57,1",BLUMENAU,Conversão proibida,Colisão lateral mesmo sentido,Com Vítimas Feridas,Pleno dia,Decrescente,Nublado,Simples,Em Obras;Curva,Sim,2,0,1,0,1,0,1,2,-26.880428,-49.136532,SPRF-SC,DEL04-SC,UOP01-DEL04-SC,2023
"555675,0",2023-10-18,quarta-feira,00:45:00,SC,282,"302,6",VARGEM,Demais falhas mecânicas ou elétricas,Incêndio,Sem Vítimas,Plena Noite,Decrescente,Nublado,Simples,Reta,Não,1,0,0,0,1,0,0,1,-27.505852,-50.926998,SPRF-SC,DEL07-SC,UOP06-DEL07-SC,2023
"555683,0",2023-10-10,terça-feira,16:30:00,SC,282,"31,0",AGUAS MORNAS,Demais falhas mecânicas ou elétricas,Incêndio,Sem Vítimas,Pleno dia,Decrescente,Nublado,Simples,Curva;Declive,Não,1,0,0,0,1,0,0,1,-27.695198,-48.793308,SPRF-SC,DEL01-SC,UOP03-DEL01-SC,2023
"555710,0",2023-10-18,quarta-feira,12:15:00,SC,101,"206,0",SAO JOSE,Manobra de mudança de faixa,Colisão traseira,Com Vítimas Feridas,Pleno dia,Crescente,Céu Claro,Dupla,Reta,Sim,3,0,1,0,2,0,1,3,-27.59193546,-48.61824557,SPRF-SC,DEL01-SC,UOP01-DEL01-SC,2023
"555742,0",2023-10-18,quarta-feira,15:30:00,SC,101,"205,7",SAO JOSE,Reação tardia ou ineficiente do condutor,Engavetamento,Com Vítimas Feridas,Pleno dia,Decrescente,Nublado,Múltipla,Reta,Sim,4,0,1,0,3,0,1,3,-27.58313237,-48.61532885,SPRF-SC,DEL01-SC,UOP01-DEL01-SC,2023
"555743,0",2023-10-18,quarta-feira,16:00:00,SC,101,"222,0",PALHOCA,Objeto estático sobre o leito carroçável,Colisão com objeto,Com Vítimas Feridas,Pleno dia,Decrescente,Nublado,Dupla,Reta,Sim,1,0,1,0,0,0,1,1,-27.70865409,-48.65586407,SPRF-SC,DEL01-SC,UOP02-DEL01-SC,2023
"555749,0",2023-10-18,quarta-feira,16:55:00,SC,101,"204,6",SAO JOSE,Manobra de mudança de faixa,Colisão lateral mesmo sentido,Com Vítimas Feridas,Pleno dia,Crescente,Chuva,Múltipla,Reta,Não,1,0,1,0,0,0,1,1,-27.57413014,-48.61363083,SPRF-SC,DEL01-SC,UOP01-DEL01-SC,2023
"555763,0",2023-10-18,quarta-feira,17:30:00,SC,101,"94,0",BARRA VELHA,Avarias e/ou desgaste excessivo no pneu,Tombamento,Com Vítimas Feridas,Pleno dia,Crescente,Nublado,Dupla,Reta,Não,1,0,1,0,0,0,1,1,-26.69940401,-48.69902784,SPRF-SC,DEL03-SC,UOP02-DEL03-SC,2023
"555781,0",2023-10-18,quarta-feira,18:20:00,SC,101,"434,7",SOMBRIO,Desrespeitar a preferência no cruzamento,Colisão transversal,Com Vítimas Feridas,Plena Noite,Decrescente,Céu Claro,Simples,Reta;Interseção de Vias,Sim,3,0,1,0,2,0,1,3,-29.103656,-49.635643,SPRF-SC,DEL02-SC,UOP02-DEL02-SC,2023
"555805,0",2023-10-18,quarta-feira,23:05:00,SC,101,"207,4",SAO JOSE,Reação tardia ou ineficiente do condutor,Engavetamento,Com Vítimas Feridas,Plena Noite,Decrescente,Nublado,Múltipla,Reta;Aclive,Sim,5,0,2,0,3,0,2,4,-27.601592,-48.626671,SPRF-SC,DEL01-SC,UOP01-DEL01-SC,2023
"555808,0",2023-10-18,quarta-feira,23:00:00,SC,101,"330,2",TUBARAO,Reação tardia ou ineficiente do condutor,Saída de leito carroçável,Sem Vítimas,Plena Noite,Decrescente,Nublado,Simples,Reta,Sim,1,0,0,0,1,0,0,1,-28.45115639,-48.97286879,SPRF-SC,DEL02-SC,UOP01-DEL02-SC,2023
"555812,0",2023-10-19,quinta-feira,00:30:00,SC,282,"18,3",PALHOCA,Acesso irregular,Colisão transversal,Com Vítimas Feridas,Plena Noite,Decrescente,Nublado,Simples,Reta;Em Obras,Não,3,0,1,0,2,0,1,2,-27.672798,-48.694286,SPRF-SC,DEL01-SC,UOP02-DEL01-SC,2023
"555844,0",2023-10-19,quinta-feira,07:40:00,SC,101,"42,0",JOINVILLE,Manobra de mudança de faixa,Colisão lateral mesmo sentido,Com Vítimas Feridas,Pleno dia,Crescente,Nevoeiro/Neblina,Dupla,Reta,Não,2,0,1,0,1,0,1,2,-26.29251598,-48.88474385,SPRF-SC,DEL03-SC,UOP01-DEL03-SC,2023
"555882,0",2023-10-19,quinta-feira,12:10:00,SC,101,"139,0",BALNEARIO CAMBORIU,Velocidade Incompatível,Queda de ocupante de veículo,Com Vítimas Feridas,Pleno dia,Decrescente,Nublado,Dupla,Reta,Sim,1,0,1,0,0,0,1,1,-27.02982303,-48.60115006,SPRF-SC,DEL04-SC,UOP03-DEL04-SC,2023
"555887,0",2023-10-19,quinta-feira,12:45:00,SC,280,"55,8",GUARAMIRIM,Desrespeitar a preferência no cruzamento,Colisão transversal,Com Vítimas Feridas,Pleno dia,Crescente,Garoa/Chuvisco,Dupla,Reta;Interseção de Vias;Rotatória,Não,3,0,2,0,1,0,2,2,-26.47584353,-48.9937858,SPRF-SC,DEL03-SC,UOP03-DEL03-SC,2023
"555888,0",2023-10-19,quinta-feira,13:00:00,SC,470,"4,0",NAVEGANTES,Desrespeitar a preferência no cruzamento,Colisão transversal,Com Vítimas Feridas,Pleno dia,Crescente,Nublado,Dupla,Reta;Rotatória;Em Obras,Sim,2,0,1,0,1,0,1,2,-26.858473,-48.690788,SPRF-SC,DEL04-SC,UOP04-DEL04-SC,2023
"555897,0",2023-10-19,quinta-feira,11:58:00,SC,282,"531,0",CORDILHEIRA ALTA,Pedestre cruzava a pista fora da faixa,Atropelamento de Pedestre,Com Vítimas Feridas,Pleno dia,Crescente,Chuva,Simples,Reta,Sim,3,0,1,0,2,0,1,2,-26.990747,-52.609776,SPRF-SC,DEL07-SC,UOP01-DEL07-SC,2023
"555909,0",2023-10-19,quinta-feira,14:30:00,SC,101,"158,0",PORTO BELO,Reação tardia ou ineficiente do condutor,Colisão traseira,Com Vítimas Feridas,Pleno dia,Decrescente,Nublado,Dupla,Reta,Não,2,0,1,0,1,0,1,2,-27.19096301,-48.61259017,SPRF-SC,DEL04-SC,UOP03-DEL04-SC,2023
"555914,0",2023-10-19,quinta-feira,14:05:00,SC,101,"70,2",ARAQUARI,Ausência de reação do condutor,Colisão traseira,Com Vítimas Feridas,Pleno dia,Crescente,Nublado,Múltipla,Retorno Regulamentado,Sim,2,0,0,1,1,0,1,2,-26.51082007,-48.72345612,SPRF-SC,DEL03-SC,UOP02-DEL03-SC,2023
"555944,0",2023-10-19,quinta-feira,15:50:00,SC,480,"130,0",CHAPECO,Reação tardia ou ineficiente do condutor,Saída de leito carroçável,Com Vítimas Feridas,Pleno dia,Decrescente,Chuva,Simples,Interseção de Vias;Rotatória,Sim,1,0,1,0,0,0,1,1,-27.05520556,-52.63617212,SPRF-SC,DEL07-SC,UOP01-DEL07-SC,2023
"555961,0",2023-10-19,quinta-feira,18:40:00,SC,470,"70,3",INDAIAL,Conversão proibida,Colisão transversal,Com Vítimas Fatais,Anoitecer,Crescente,Nublado,Simples,Reta;Em Obras,Sim,3,1,0,0,1,1,0,3,-26.89138733,-49.25718069,SPRF-SC,DEL04-SC,UOP01-DEL04-SC,2023
"555986,0",2023-10-19,quinta-feira,20:00:00,SC,101,"386,9",ICARA,Condutor deixou de manter distância do veículo da frente,Colisão traseira,Com Vítimas Feridas,Plena Noite,Crescente,Céu Claro,Dupla,Reta,Não,2,0,1,0,1,0,1,2,-28.77675081,-49.31999808,SPRF-SC,DEL02-SC,UOP02-DEL02-SC,2023
"555988,0",2023-10-19,quinta-feira,19:30:00,SC,470,"83,6",RODEIO,Reação tardia ou ineficiente do condutor,Saída de leito carroçável,Com Vítimas Feridas,Plena Noite,Decrescente,Nublado,Simples,Reta,Não,1,0,1,0,0,0,1,1,-26.9621229,-49.33949232,SPRF-SC,DEL04-SC,UOP01-DEL04-SC,2023
"556008,0",2023-10-20,sexta-feira,00:20:00,SC,280,"27,0",ARAQUARI,Ausência de reação do condutor,Colisão com objeto,Com Vítimas Feridas,Plena Noite,Decrescente,Chuva,Simples,Reta,Não,1,0,1,0,0,0,1,1,-26.39685622,-48.74021969,SPRF-SC,DEL03-SC,UOP03-DEL03-SC,2023
"556018,0",2023-10-19,quinta-feira,19:55:00,SC,101,"205,0",SAO JOSE,Condutor deixou de manter distância do veículo da frente,Colisão traseira,Com Vítimas Feridas,Plena Noite,Crescente,Céu Claro,Múltipla,Reta,Sim,2,0,1,0,0,1,1,2,-27.58863217,-48.61733437,SPRF-SC,DEL01-SC,UOP01-DEL01-SC,2023
"556038,0",2023-10-20,sexta-feira,06:50:00,SC,280,"127,0",RIO NEGRINHO,Acessar a via sem observar a presença dos outros veículos,Colisão transversal,Com Vítimas Feridas,Pleno dia,Decrescente,Nublado,Simples,Reta,Sim,2,0,1,0,1,0,1,2,-26.24409855,-49.51579928,SPRF-SC,DEL06-SC,UOP03-DEL06-SC,2023
"556043,0",2023-10-20,sexta-feira,07:50:00,SC,470,"54,0",BLUMENAU,Acessar a via sem observar a presença dos outros veículos,Colisão transversal,Com Vítimas Feridas,Pleno dia,Crescente,Garoa/Chuvisco,Simples,Curva,Sim,2,0,0,1,1,0,1,2,-26.87162628,-49.11193371,SPRF-SC,DEL04-SC,UOP01-DEL04-SC,2023