id,data_inversa,dia_semana,horario,uf,br,km,municipio,causa_acidente,tipo_acidente,classificacao_acidente,fase_dia,sentido_via,condicao_metereologica,tipo_pista,tracado_via,uso_solo,pessoas,mortos,feridos_leves,feridos_graves,ilesos,ignorados,feridos,veiculos,latitude,longitude,regional,delegacia,uop,ano_arquivo
"557164,0",2023-10-25,quarta-feira,17:00:00,SC,280,"58,0",GUARAMIRIM,Manobra de mudança de faixa,Colisão lateral mesmo sentido,Com Vítimas Feridas,Pleno dia,Decrescente,Nublado,Dupla,Reta,Não,3,0,1,0,2,0,1,3,-26.47415593,-49.021211,SPRF-SC,DEL03-SC,UOP03-DEL03-SC,2023
"557179,0",2023-10-25,quarta-feira,19:00:00,SC,470,"54,1",BLUMENAU,Acesso irregular,Colisão transversal,Com Vítimas Feridas,Anoitecer,Crescente,Nublado,Simples,Reta,Sim,2,0,1,0,1,0,1,2,-26.87159473,-49.11192482,SPRF-SC,DEL04-SC,UOP01-DEL04-SC,2023
"557228,0",2023-10-26,quinta-feira,06:45:00,SC,470,"22,0",ILHOTA,Avarias e/ou desgaste excessivo no pneu,Queda de ocupante de veículo,Com Vítimas Feridas,Pleno dia,Crescente,Nublado,Dupla,Reta,Não,1,0,0,1,0,0,1,1,-26.880066,-48.836224,SPRF-SC,DEL04-SC,UOP04-DEL04-SC,2023
"557296,0",2023-10-26,quinta-feira,13:00:00,SC,101,"333,8",TUBARAO,Transitar na contramão,Colisão frontal,Com Vítimas Feridas,Pleno dia,Crescente,Nublado,Dupla,Reta;Interseção de Vias,Sim,3,0,2,0,1,0,2,2,-28.46963164,-49.01687086,SPRF-SC,DEL02-SC,UOP01-DEL02-SC,2023
"557314,0",2023-10-26,quinta-feira,11:30:00,SC,280,"123,0",RIO NEGRINHO,Acessar a via sem observar a presença dos outros veículos,Colisão transversal,Com Vítimas Feridas,Pleno dia,Crescente,Céu Claro,Simples,Reta,Não,3,0,1,0,2,0,1,2,-26.24420169,-49.46557991,SPRF-SC,DEL06-SC,UOP03-DEL06-SC,2023
"557319,0",2023-09-24,domingo,11:35:00,SC,280,"7,0",SAO FRANCISCO DO SUL,Acessar a via sem observar a presença dos outros veículos,Colisão lateral mesmo sentido,Com Vítimas Feridas,Pleno dia,Decrescente,Céu Claro,Simples,Rotatória,Sim,3,0,1,0,2,0,1,2,-26.27038531,-48.64068031,SPRF-SC,DEL03-SC,UOP03-DEL03-SC,2023
"557358,0",2023-10-26,quinta-feira,18:03:00,SC,280,"27,5",ARAQUARI,Trafegar com motocicleta (ou similar) entre as faixas,Colisão transversal,Com Vítimas Feridas,Anoitecer,Crescente,Garoa/Chuvisco,Simples,Interseção de Vias,Sim,2,0,1,0,1,0,1,2,-26.39685622,-48.74021969,SPRF-SC,DEL03-SC,UOP03-DEL03-SC,2023
"557376,0",2023-10-26,quinta-feira,18:50:00,SC,101,"207,8",SAO JOSE,Reação tardia ou ineficiente do condutor,Colisão traseira,Com Vítimas Feridas,Plena Noite,Decrescente,Nublado,Múltipla,Reta;Aclive,Sim,2,0,1,0,1,0,1,2,-27.602853,-48.631037,SPRF-SC,DEL01-SC,UOP01-DEL01-SC,2023
"557379,0",2023-10-26,quinta-feira,18:30:00,SC,282,"23,5",SANTO AMARO DA IMPERATRIZ,Desrespeitar a preferência no cruzamento,Colisão transversal,Sem Vítimas,Plena Noite,Crescente,Nublado,Dupla,Interseção de Vias,Sim,3,0,0,0,3,0,0,3,-27.687958,-48.736794,SPRF-SC,DEL01-SC,UOP03-DEL01-SC,2023
"557416,0",2023-10-27,sexta-feira,00:08:00,SC,101,"214,3",PALHOCA,Desrespeitar a preferência no cruzamento,Colisão transversal,Com Vítimas Feridas,Plena Noite,Crescente,Nublado,Dupla,Interseção de Vias;Reta,Sim,2,0,1,0,1,0,1,2,-27.64443,-48.67057,SPRF-SC,DEL01-SC,UOP02-DEL01-SC,2023
"557440,0",2023-10-27,sexta-feira,06:25:00,SC,282,"0,3",FLORIANOPOLIS,Reação tardia ou ineficiente do condutor,Capotamento,Sem Vítimas,Pleno dia,Crescente,Garoa/Chuvisco,Múltipla,Reta,Sim,1,0,0,0,1,0,0,1,-27.59845,-48.571995,SPRF-SC,DEL01-SC,UOP01-DEL01-SC,2023
"557443,0",2023-10-27,sexta-feira,06:10:00,SC,101,"286,9",IMBITUBA,Ausência de reação do condutor,Tombamento,Com Vítimas Feridas,Pleno dia,Crescente,Sol,Dupla,Reta,Não,1,0,1,0,0,0,1,1,-28.22947996,-48.70163526,SPRF-SC,DEL02-SC,UOP03-DEL02-SC,2023
"557456,0",2023-10-27,sexta-feira,08:20:00,SC,101,"198,6",SAO JOSE,Condutor deixou de manter distância do veículo da frente,Colisão traseira,Com Vítimas Feridas,Pleno dia,Decrescente,Nublado,Dupla,Reta,Sim,2,0,1,0,1,0,1,2,-27.52658712,-48.63506019,SPRF-SC,DEL01-SC,UOP01-DEL01-SC,2023
"557458,0",2023-10-27,sexta-feira,07:55:00,SC,101,"326,6",CAPIVARI DE BAIXO,Condutor deixou de manter distância do veículo da frente,Colisão traseira,Com Vítimas Feridas,Pleno dia,Crescente,Céu Claro,Múltipla,Declive,Não,3,0,0,1,2,0,1,2,-28.43648094,-48.95989307,SPRF-SC,DEL02-SC,UOP01-DEL02-SC,2023
"557495,0",2023-10-27,sexta-feira,13:00:00,SC,101,"405,3",ARARANGUA,Reação tardia ou ineficiente do condutor,Saída de leito carroçável,Com Vítimas Feridas,Pleno dia,Decrescente,Céu Claro,Dupla,Reta,Não,2,0,1,0,1,0,1,1,-28.89456007,-49.47010517,SPRF-SC,DEL02-SC,UOP02-DEL02-SC,2023
"557496,0",2023-10-27,sexta-feira,12:50:00,SC,101,"404,0",ARARANGUA,Demais falhas mecânicas ou elétricas,Tombamento,Com Vítimas Feridas,Pleno dia,Decrescente,Céu Claro,Dupla,Reta,Não,2,0,1,0,1,0,1,1,-28.89567198,-49.4713068,SPRF-SC,DEL02-SC,UOP02-DEL02-SC,2023
"557507,0",2023-10-27,sexta-feira,14:00:00,SC,101,"144,0",ITAPEMA,Condutor deixou de manter distância do veículo da frente,Colisão traseira,Sem Vítimas,Pleno dia,Decrescente,Nublado,Dupla,Reta,Sim,2,0,0,0,2,0,0,2,-27.0732659,-48.59672716,SPRF-SC,DEL04-SC,UOP03-DEL04-SC,2023
"557525,0",2023-10-27,sexta-feira,15:30:00,SC,101,"201,0",SAO JOSE,Ausência de reação do condutor,Queda de ocupante de veículo,Com Vítimas Feridas,Pleno dia,Crescente,Garoa/Chuvisco,Dupla,Reta,Não,2,0,1,0,1,0,1,2,-27.54836599,-48.61977975,SPRF-SC,DEL01-SC,UOP01-DEL01-SC,2023
"557535,0",2023-10-11,quarta-feira,17:00:00,SC,280,"276,0",IRINEOPOLIS,Acessar a via sem observar a presença dos outros veículos,Colisão transversal,Com Vítimas Feridas,Pleno dia,Decrescente,Céu Claro,Simples,Curva;Interseção de Vias,Não,3,0,0,2,0,1,2,3,-26.29126407,-50.79052397,SPRF-SC,DEL06-SC,UOP04-DEL06-SC,2023
"557539,0",2023-10-27,sexta-feira,16:40:00,SC,101,"122,0",ITAJAI,Reação tardia ou ineficiente do condutor,Tombamento,Com Vítimas Feridas,Pleno dia,Decrescente,Garoa/Chuvisco,Múltipla,Reta,Sim,1,0,1,0,0,0,1,1,-26.92955916,-48.70499836,SPRF-SC,DEL04-SC,UOP04-DEL04-SC,2023
"557545,0",2023-10-27,sexta-feira,17:00:00,SC,101,"215,1",PALHOCA,Manobra de mudança de faixa,Colisão traseira,Com Vítimas Feridas,Pleno dia,Crescente,Chuva,Múltipla,Reta,Não,3,0,2,0,1,0,2,2,-27.65184843,-48.67604941,SPRF-SC,DEL01-SC,UOP02-DEL01-SC,2023
"557554,0",2023-10-27,sexta-feira,18:05:00,SC,101,"201,4",SAO JOSE,Trafegar com motocicleta (ou similar) entre as faixas,Colisão lateral mesmo sentido,Com Vítimas Feridas,Pleno dia,Crescente,Nublado,Dupla,Viaduto,Sim,2,0,1,0,1,0,1,2,-27.54836599,-48.61977975,SPRF-SC,DEL01-SC,UOP01-DEL01-SC,2023
"557559,0",2023-10-27,sexta-feira,18:15:00,SC,101,"204,0",SAO JOSE,Acessar a via sem observar a presença dos outros veículos,Colisão transversal,Com Vítimas Feridas,Pleno dia,Crescente,Céu Claro,Dupla,Reta,Sim,2,0,1,0,1,0,1,2,-27.57413014,-48.61363083,SPRF-SC,DEL01-SC,UOP01-DEL01-SC,2023
"557564,0",2023-10-27,sexta-feira,18:15:00,SC,282,"23,2",SANTO AMARO DA IMPERATRIZ,Avarias e/ou desgaste excessivo no pneu,Queda de ocupante de veículo,Com Vítimas Feridas,Plena Noite,Decrescente,Chuva,Simples,Reta,Sim,1,0,0,1,0,0,1,1,-27.687958,-48.736794,SPRF-SC,DEL01-SC,UOP02-DEL01-SC,2023
"557577,0",2023-10-27,sexta-feira,18:20:00,SC,470,"65,7",INDAIAL,Pedestre cruzava a pista fora da faixa,Atropelamento de Pedestre,Com Vítimas Feridas,Plena Noite,Crescente,Garoa/Chuvisco,Simples,Reta,Sim,2,0,0,2,0,0,2,2,-26.870411,-49.211864,SPRF-SC,DEL04-SC,UOP01-DEL04-SC,2023
"557580,0",2023-10-27,sexta-feira,16:50:00,SC,282,"463,0",PONTE SERRADA,Desrespeitar a preferência no cruzamento,Colisão transversal,Com Vítimas Feridas,Pleno dia,Crescente,Nublado,Dupla,Reta;Interseção de Vias,Sim,5,0,3,0,2,0,3,2,-26.85588036,-52.0321548,SPRF-SC,DEL07-SC,UOP04-DEL07-SC,2023
"557582,0",2023-10-27,sexta-feira,18:30:00,SC,101,"205,0",SAO JOSE,Trafegar com motocicleta (ou similar) entre as faixas,Colisão lateral mesmo sentido,Com Vítimas Feridas,Anoitecer,Crescente,Garoa/Chuvisco,Múltipla,Reta,Sim,2,0,1,0,1,0,1,2,-27.58390613,-48.61549973,SPRF-SC,DEL01-SC,UOP01-DEL01-SC,2023
"557583,0",2023-10-27,sexta-feira,19:40:00,SC,101,"214,7",PALHOCA,Velocidade Incompatível,Tombamento,Com Vítimas Feridas,Plena Noite,Crescente,Garoa/Chuvisco,Dupla,Interseção de Vias,Não,1,0,0,1,0,0,1,1,-27.64443,-48.67057,SPRF-SC,DEL01-SC,UOP02-DEL01-SC,2023
"557589,0",2023-10-27,sexta-feira,20:30:00,SC,101,"154,0",PORTO BELO,Acessar a via sem observar a presença dos outros veículos,Colisão lateral mesmo sentido,Com Vítimas Feridas,Plena Noite,Decrescente,Garoa/Chuvisco,Dupla,Reta,Não,4,0,1,0,3,0,1,3,-27.172272,-48.61170204,SPRF-SC,DEL04-SC,UOP03-DEL04-SC,2023
"557596,0",2023-10-27,sexta-feira,20:45:00,SC,101,"96,7",BALNEARIO PICARRAS,Ingestão de substâncias psicoativas pelo condutor,Saída de leito carroçável,Sem Vítimas,Plena Noite,Decrescente,Garoa/Chuvisco,Dupla,Curva,Não,1,0,0,0,1,0,0,1,-26.72833843,-48.70212436,SPRF-SC,DEL03-SC,UOP02-DEL03-SC,2023
"557598,0",2023-10-27,sexta-feira,21:25:00,SC,101,"189,0",BIGUACU,Chuva,Saída de leito carroçável,Sem Vítimas,Plena Noite,Crescente,Chuva,Dupla,Reta,Sim,1,0,0,0,1,0,0,1,-27.459393,-48.638914,SPRF-SC,DEL01-SC,UOP01-DEL01-SC,2023
"557601,0",2023-10-27,sexta-feira,19:30:00,SC,101,"381,5",ICARA,Pedestre andava na pista,Atropelamento de Pedestre,Com Vítimas Feridas,Plena Noite,Crescente,Nublado,Simples,Declive,Sim,3,0,1,0,0,2,1,2,-28.75478409,-49.27732095,SPRF-SC,DEL02-SC,UOP02-DEL02-SC,2023
"557602,0",2023-10-27,sexta-feira,19:00:00,SC,101,"452,0",PASSO DE TORRES,Condutor usando celular,Saída de leito carroçável,Com Vítimas Feridas,Plena Noite,Decrescente,Nublado,Dupla,Reta,Sim,1,0,1,0,0,0,1,1,-29.18871193,-49.75440564,SPRF-SC,DEL02-SC,UOP02-DEL02-SC,2023
"557611,0",2023-10-27,sexta-feira,20:30:00,SC,470,"15,0",ILHOTA,Ingestão de álcool pelo condutor,Saída de leito carroçável,Sem Vítimas,Anoitecer,Crescente,Chuva,Dupla,Curva,Sim,1,0,0,0,1,0,0,1,-26.839785,-48.785534,SPRF-SC,DEL04-SC,UOP04-DEL04-SC,2023
"557621,0",2023-10-27,sexta-feira,22:30:00,SC,101,"390,2",CRICIUMA,Ingestão de álcool pelo condutor,Colisão com objeto,Com Vítimas Feridas,Plena Noite,Decrescente,Nublado,Múltipla,Declive,Não,2,0,1,0,0,1,1,1,-28.80737685,-49.37427521,SPRF-SC,DEL02-SC,UOP02-DEL02-SC,2023
"557639,0",2023-10-28,sábado,03:50:00,SC,101,"275,2",IMBITUBA,Ingestão de álcool pelo condutor,Saída de leito carroçável,Sem Vítimas,Plena Noite,Decrescente,Garoa/Chuvisco,Múltipla,Reta,Sim,1,0,0,0,0,1,0,1,-28.150815,-48.691903,SPRF-SC,DEL02-SC,UOP03-DEL02-SC,2023
"557642,0",2023-10-28,sábado,04:30:00,SC,116,"241,3",LAGES,Avarias e/ou desgaste excessivo no pneu,Saída de leito carroçável,Sem Vítimas,Plena Noite,Decrescente,Chuva,Simples,Declive;Curva,Não,1,0,0,0,0,1,0,1,-27.76776602,-50.33668491,SPRF-SC,DEL05-SC,UOP01-DEL05-SC,2023
"557652,0",2023-10-27,sexta-feira,18:00:00,SC,282,"554,0",NOVA ITABERABA,Ultrapassagem Indevida,Colisão frontal,Com Vítimas Feridas,Plena Noite,Crescente,Garoa/Chuvisco,Simples,Reta,Não,6,0,6,0,0,0,6,2,-26.936268,-52.800812,SPRF-SC,DEL07-SC,UOP01-DEL07-SC,2023
"557671,0",2023-10-28,sábado,07:25:00,SC,101,"136,5",BALNEARIO CAMBORIU,Mal súbito do condutor,Colisão com objeto,Sem Vítimas,Pleno dia,Crescente,Chuva,Múltipla,Reta,Sim,1,0,0,0,1,0,0,1,-27.008113,-48.617245,SPRF-SC,DEL04-SC,UOP03-DEL04-SC,2023
"557679,0",2023-10-28,sábado,09:00:00,SC,101,"204,7",SAO JOSE,Reação tardia ou ineficiente do condutor,Engavetamento,Com Vítimas Feridas,Pleno dia,Crescente,Chuva,Múltipla,Reta,Sim,6,0,2,0,4,0,2,5,-27.57413014,-48.61363083,SPRF-SC,DEL01-SC,UOP01-DEL01-SC,2023
"557691,0",2023-10-28,sábado,08:20:00,SC,282,"189,2",LAGES,Manobra de mudança de faixa,Colisão com objeto,Com Vítimas Feridas,Pleno dia,Decrescente,Chuva,Simples,Declive;Em Obras;Reta,Não,3,0,0,2,0,1,2,2,-27.7374,-50.026859,SPRF-SC,DEL05-SC,UOP01-DEL05-SC,2023
"557695,0",2023-10-28,sábado,11:00:00,SC,101,"113,0",ITAJAI,Condutor deixou de manter distância do veículo da frente,Colisão traseira,Com Vítimas Feridas,Pleno dia,Decrescente,Chuva,Dupla,Reta,Sim,3,0,0,1,2,0,1,2,-26.85311393,-48.72689927,SPRF-SC,DEL04-SC,UOP04-DEL04-SC,2023
"557720,0",2023-10-28,sábado,14:45:00,SC,282,"519,3",XAXIM,Ingestão de álcool pelo condutor,Colisão com objeto,Sem Vítimas,Pleno dia,Crescente,Chuva,Dupla,Reta;Aclive,Não,1,0,0,0,1,0,0,1,-26.94822054,-52.51909018,SPRF-SC,DEL07-SC,UOP01-DEL07-SC,2023
"557722,0",2023-10-28,sábado,15:05:00,SC,101,"93,0",BARRA VELHA,Acumulo de água sobre o pavimento,Saída de leito carroçável,Com Vítimas Feridas,Pleno dia,Crescente,Chuva,Múltipla,Curva,Sim,1,0,1,0,0,0,1,1,-26.6899011,-48.69663873,SPRF-SC,DEL03-SC,UOP02-DEL03-SC,2023
"557724,0",2023-10-28,sábado,12:50:00,SC,470,"71,9",INDAIAL,Acumulo de água sobre o pavimento,Colisão com objeto,Sem Vítimas,Pleno dia,Decrescente,Chuva,Dupla,Reta,Não,1,0,0,0,0,1,0,1,-26.895243,-49.262104,SPRF-SC,DEL04-SC,UOP01-DEL04-SC,2023
"557737,0",2023-10-28,sábado,14:15:00,SC,470,"40,0",GASPAR,Falta de elemento de contenção que evite a saída do leito carroçável,Saída de leito carroçável,Com Vítimas Feridas,Pleno dia,Crescente,Chuva,Simples,Curva;Desvio Temporário;Em Obras,Não,1,0,1,0,0,0,1,1,-26.889574,-48.99094,SPRF-SC,DEL04-SC,UOP01-DEL04-SC,2023
"557744,0",2023-10-28,sábado,12:00:00,SC,101,"233,0",PALHOCA,Transitar no Acostamento,Atropelamento de Pedestre,Com Vítimas Feridas,Pleno dia,Decrescente,Chuva,Dupla,Reta,Sim,3,0,1,0,0,2,1,3,-27.80376397,-48.63826211,SPRF-SC,DEL01-SC,UOP02-DEL01-SC,2023
"557747,0",2023-10-28,sábado,11:50:00,SC,101,"368,0",ICARA,Reação tardia ou ineficiente do condutor,Colisão com objeto,Com Vítimas Feridas,Pleno dia,Crescente,Chuva,Dupla,Curva,Não,1,0,1,0,0,0,1,1,-28.6957326,-49.17347228,SPRF-SC,DEL02-SC,UOP01-DEL02-SC,2023
"557763,0",2023-10-28,sábado,11:00:00,SC,101,"165,8",TIJUCAS,Velocidade Incompatível,Saída de leito carroçável,Com Vítimas Feridas,Pleno dia,Decrescente,Chuva,Dupla,Reta,Não,1,0,1,0,0,0,1,1,-27.25872119,-48.6314857,SPRF-SC,DEL04-SC,UOP03-DEL04-SC,2023
"557774,0",2023-10-28,sábado,19:50:00,SC,101,"101,0",PENHA,Ingestão de álcool pelo condutor,Colisão traseira,Com Vítimas Feridas,Plena Noite,Decrescente,Garoa/Chuvisco,Dupla,Reta,Não,3,0,1,0,2,0,1,3,-26.76404198,-48.68657667,SPRF-SC,DEL03-SC,UOP02-DEL03-SC,2023
"557802,0",2023-10-28,sábado,19:50:00,SC,470,"89,0",ASCURRA,Ingestão de álcool pelo condutor,Colisão com objeto,Sem Vítimas,Plena Noite,Decrescente,Garoa/Chuvisco,Simples,Reta;Ponte,Sim,1,0,0,0,1,0,0,1,-26.96109277,-49.37306285,SPRF-SC,DEL04-SC,UOP01-DEL04-SC,2023
"557803,0",2023-10-28,sábado,15:00:00,SC,470,"120,7",IBIRAMA,Chuva,Atropelamento de Pedestre,Com Vítimas Fatais,Pleno dia,Decrescente,Chuva,Simples,Curva;Declive,Não,2,1,0,0,0,1,0,2,-27.09598072,-49.52735424,SPRF-SC,DEL04-SC,UOP02-DEL04-SC,2023
"557809,0",2023-10-28,sábado,22:30:00,SC,470,"69,0",INDAIAL,Ausência de reação do condutor,Tombamento,Com Vítimas Feridas,Plena Noite,Decrescente,Chuva,Dupla,Reta,Sim,1,0,1,0,0,0,1,1,-26.883745,-49.246704,SPRF-SC,DEL04-SC,UOP01-DEL04-SC,2023
"557860,0",2023-10-29,domingo,03:47:00,SC,101,"314,4",LAGUNA,Reação tardia ou ineficiente do condutor,Colisão traseira,Sem Vítimas,Plena Noite,Crescente,Céu Claro,Dupla,Ponte;Reta,Não,2,0,0,0,2,0,0,2,-28.44043981,-48.82497095,SPRF-SC,DEL02-SC,UOP01-DEL02-SC,2023
"557871,0",2023-10-29,domingo,06:15:00,SC,101,"185,2",BIGUACU,Ausência de reação do condutor,Tombamento,Com Vítimas Feridas,Pleno dia,Decrescente,Nublado,Dupla,Reta,Não,2,0,1,0,1,0,1,1,-27.42536644,-48.62437248,SPRF-SC,DEL01-SC,UOP01-DEL01-SC,2023
"557884,0",2023-10-29,domingo,05:20:00,SC,282,"512,2",XANXERE,Ingestão de álcool ou de substâncias psicoativas pelo pedestre,Saída de leito carroçável,Com Vítimas Feridas,Plena Noite,Decrescente,Nublado,Simples,Reta;Aclive,Não,4,0,1,2,1,0,3,1,-26.910799,-52.472099,SPRF-SC,DEL07-SC,UOP01-DEL07-SC,2023
"557886,0",2023-10-29,domingo,06:50:00,SC,101,"328,0",CAPIVARI DE BAIXO,Manobra de mudança de faixa,Colisão lateral mesmo sentido,Sem Vítimas,Amanhecer,Decrescente,Céu Claro,Múltipla,Reta;Aclive,Não,2,0,0,0,1,1,0,2,-28.43648094,-48.95989307,SPRF-SC,DEL02-SC,UOP01-DEL02-SC,2023
"557889,0",2023-10-29,domingo,07:45:00,SC,101,"116,4",ITAJAI,Pista Escorregadia,Tombamento,Com Vítimas Feridas,Pleno dia,Decrescente,Chuva,Dupla,Reta,Sim,1,0,1,0,0,0,1,1,-26.87905605,-48.72603512,SPRF-SC,DEL04-SC,UOP04-DEL04-SC,2023
"557890,0",2023-10-29,domingo,07:05:00,SC,101,"138,0",BALNEARIO CAMBORIU,Reação tardia ou ineficiente do condutor,Capotamento,Com Vítimas Feridas,Pleno dia,Decrescente,Garoa/Chuvisco,Simples,Curva,Não,1,0,1,0,0,0,1,1,-27.02397426,-48.60761649,SPRF-SC,DEL04-SC,UOP03-DEL04-SC,2023
"557894,0",2023-10-29,domingo,06:40:00,SC,101,"322,5",PESCARIA BRAVA,Condutor usando celular,Colisão com objeto,Com Vítimas Feridas,Amanhecer,Decrescente,Céu Claro,Dupla,Curva,Não,1,0,0,1,0,0,1,1,-28.42943019,-48.91881466,SPRF-SC,DEL02-SC,UOP01-DEL02-SC,2023
"557901,0",2023-10-29,domingo,07:00:00,SC,101,"138,0",BALNEARIO CAMBORIU,Reação tardia ou ineficiente do condutor,Saída de leito carroçável,Com Vítimas Feridas,Amanhecer,Decrescente,Chuva,Dupla,Curva,Sim,2,0,1,0,1,0,1,1,-27.02397426,-48.60761649,SPRF-SC,DEL04-SC,UOP03-DEL04-SC,2023
"557932,0",2023-10-29,domingo,13:00:00,SC,101,"210,2",SAO JOSE,Manobra de mudança de faixa,Colisão traseira,Com Vítimas Feridas,Pleno dia,Decrescente,Céu Claro,Múltipla,Reta,Sim,4,0,2,1,1,0,3,3,-27.61515409,-48.64395261,SPRF-SC,DEL01-SC,UOP01-DEL01-SC,2023
"557940,0",2023-10-29,domingo,11:55:00,SC,470,"142,0",RIO DO SUL,Acessar a via sem observar a presença dos outros veículos,Colisão transversal,Com Vítimas Feridas,Pleno dia,Crescente,Sol,Simples,Reta;Declive,Não,5,0,4,0,1,0,4,2,-27.229801,-49.6693,SPRF-SC,DEL04-SC,UOP02-DEL04-SC,2023
"557950,0",2023-10-29,domingo,10:00:00,SC,470,"269,1",BRUNOPOLIS,Velocidade Incompatível,Saída de leito carroçável,Com Vítimas Fatais,Pleno dia,Crescente,Céu Claro,Simples,Reta,Não,2,1,0,0,1,0,0,1,-27.318843,-50.767942,SPRF-SC,DEL07-SC,UOP06-DEL07-SC,2023
"557955,0",2023-10-29,domingo,15:30:00,SC,101,"213,5",PALHOCA,Ausência de reação do condutor,Colisão traseira,Com Vítimas Feridas,Pleno dia,Decrescente,Céu Claro,Dupla,Reta,Sim,2,0,0,1,1,0,1,2,-27.63697369,-48.66514142,SPRF-SC,DEL01-SC,UOP02-DEL01-SC,2023
"557964,0",2023-10-29,domingo,17:00:00,SC,101,"80,5",BARRA VELHA,Ingestão de álcool pelo condutor,Saída de leito carroçável,Com Vítimas Feridas,Pleno dia,Decrescente,Nublado,Dupla,Reta,Não,1,0,1,0,0,0,1,1,-26.59441996,-48.72183309,SPRF-SC,DEL03-SC,UOP02-DEL03-SC,2023
"557974,0",2023-10-29,domingo,17:40:00,SC,101,"142,0",ITAPEMA,Desrespeitar a preferência no cruzamento,Colisão transversal,Sem Vítimas,Pleno dia,Crescente,Céu Claro,Simples,Reta;Interseção de Vias,Sim,2,0,0,0,2,0,0,2,-27.056089,-48.599449,SPRF-SC,DEL04-SC,UOP03-DEL04-SC,2023
"558001,0",2023-10-24,terça-feira,22:30:00,SC,116,"29,0",MAFRA,Animais na Pista,Atropelamento de Animal,Sem Vítimas,Plena Noite,Decrescente,Nublado,Simples,Declive;Reta,Não,1,0,0,0,1,0,0,1,-26.31708989,-49.97099106,SPRF-SC,DEL06-SC,UOP01-DEL06-SC,2023
"558012,0",2023-10-29,domingo,18:10:00,SC,101,"344,6",TUBARAO,Ingestão de álcool pelo condutor,Colisão traseira,Sem Vítimas,Pleno dia,Decrescente,Céu Claro,Dupla,Reta,Não,2,0,0,0,2,0,0,2,-28.55467137,-49.0542984,SPRF-SC,DEL02-SC,UOP01-DEL02-SC,2023
"558046,0",2023-10-29,domingo,22:40:00,SC,282,"217,0",LAGES,Ingestão de álcool pelo condutor,Colisão com objeto,Sem Vítimas,Plena Noite,Decrescente,Céu Claro,Simples,Reta,Sim,1,0,0,0,1,0,0,1,-27.7979227,-50.29858589,SPRF-SC,DEL05-SC,UOP01-DEL05-SC,2023
"558049,0",2023-10-30,segunda-feira,01:20:00,SC,101,"207,5",SAO JOSE,Velocidade Incompatível,Colisão com objeto,Com Vítimas Feridas,Plena Noite,Decrescente,Nublado,Múltipla,Reta,Não,3,0,2,1,0,0,3,1,-27.60001226,-48.6226467,SPRF-SC,DEL01-SC,UOP01-DEL01-SC,2023
"558057,0",2023-10-30,segunda-feira,01:15:00,SC,101,"57,0",JOINVILLE,Ausência de reação do condutor,Saída de leito carroçável,Com Vítimas Feridas,Pleno dia,Decrescente,Céu Claro,Simples,Curva;Viaduto,Sim,1,0,0,1,0,0,1,1,-26.43646093,-48.81113029,SPRF-SC,DEL03-SC,UOP01-DEL03-SC,2023
"558058,0",2023-10-30,segunda-feira,06:30:00,SC,101,"196,5",BIGUACU,Reação tardia ou ineficiente do condutor,Colisão lateral mesmo sentido,Com Vítimas Feridas,Pleno dia,Crescente,Nublado,Múltipla,Reta,Não,2,0,0,1,1,0,1,2,-27.51101091,-48.64322292,SPRF-SC,DEL01-SC,UOP01-DEL01-SC,2023
"558066,0",2023-10-30,segunda-feira,07:05:00,SC,470,"134,0",RIO DO SUL,Acessar a via sem observar a presença dos outros veículos,Colisão transversal,Com Vítimas Feridas,Pleno dia,Crescente,Nublado,Simples,Rotatória,Sim,2,0,1,0,1,0,1,2,-27.1748752,-49.59007502,SPRF-SC,DEL04-SC,UOP02-DEL04-SC,2023
"558083,0",2023-10-30,segunda-feira,08:15:00,SC,101,"331,6",TUBARAO,Demais falhas mecânicas ou elétricas,Queda de ocupante de veículo,Com Vítimas Feridas,Pleno dia,Crescente,Céu Claro,Múltipla,Reta;Declive,Sim,1,0,1,0,0,0,1,1,-28.45567521,-48.9812689,SPRF-SC,DEL02-SC,UOP01-DEL02-SC,2023
"558095,0",2023-10-30,segunda-feira,09:05:00,SC,101,"158,7",PORTO BELO,Manobra de mudança de faixa,Colisão lateral mesmo sentido,Com Vítimas Feridas,Pleno dia,Crescente,Nublado,Dupla,Retorno Regulamentado,Sim,2,0,1,0,1,0,1,2,-27.19096301,-48.61259017,SPRF-SC,DEL04-SC,UOP03-DEL04-SC,2023
"558096,0",2023-10-06,sexta-feira,23:20:00,SC,101,"237,0",PALHOCA,Demais falhas mecânicas ou elétricas,Incêndio,Sem Vítimas,Plena Noite,Crescente,Chuva,Dupla,Reta,Não,1,0,0,0,1,0,0,1,-27.83490593,-48.63077716,SPRF-SC,DEL01-SC,UOP02-DEL01-SC,2023
"558134,0",2023-10-30,segunda-feira,14:11:00,SC,282,"16,6",PALHOCA,Trafegar com motocicleta (ou similar) entre as faixas,Colisão transversal,Com Vítimas Feridas,Pleno dia,Crescente,Nublado,Simples,Reta;Interseção de Vias,Sim,3,0,1,0,2,0,1,2,-27.658611,-48.681847,SPRF-SC,DEL01-SC,UOP02-DEL01-SC,2023
"558138,0",2023-10-30,segunda-feira,14:30:00,SC,282,"560,3",NOVA ITABERABA,Demais falhas na via,Colisão lateral mesmo sentido,Com Vítimas Feridas,Pleno dia,Decrescente,Chuva,Simples,Curva,Não,2,0,1,0,1,0,1,2,-26.927135,-52.856205,SPRF-SC,DEL07-SC,UOP01-DEL07-SC,2023