id,data_inversa,dia_semana,horario,uf,br,km,municipio,causa_acidente,tipo_acidente,classificacao_acidente,fase_dia,sentido_via,condicao_metereologica,tipo_pista,tracado_via,uso_solo,pessoas,mortos,feridos_leves,feridos_graves,ilesos,ignorados,feridos,veiculos,latitude,longitude,regional,delegacia,uop,ano_arquivo
"558156,0",2023-10-30,segunda-feira,12:00:00,SC,282,"530,3",CORDILHEIRA ALTA,Ausência de sinalização,Colisão lateral mesmo sentido,Com Vítimas Feridas,Pleno dia,Decrescente,Chuva,Dupla,Curva;Aclive,Não,4,0,1,0,3,0,1,3,-26.986555,-52.60524,SPRF-SC,DEL07-SC,UOP01-DEL07-SC,2023
"558161,0",2023-10-30,segunda-feira,08:30:00,SC,163,"71,0",SAO MIGUEL DO OESTE,Acessar a via sem observar a presença dos outros veículos,Colisão lateral mesmo sentido,Com Vítimas Feridas,Pleno dia,Decrescente,Chuva,Simples,Curva,Sim,2,0,1,0,1,0,1,2,-26.72772401,-53.51281303,SPRF-SC,DEL07-SC,UOP03-DEL07-SC,2023
"558170,0",2023-10-30,segunda-feira,18:20:00,SC,101,"204,0",SAO JOSE,Ausência de reação do condutor,Colisão traseira,Com Vítimas Feridas,Plena Noite,Decrescente,Chuva,Múltipla,Reta,Não,3,0,2,0,1,0,2,2,-27.57413014,-48.61363083,SPRF-SC,DEL01-SC,UOP01-DEL01-SC,2023
"558175,0",2023-10-30,segunda-feira,18:20:00,SC,101,"210,0",SAO JOSE,Pista Escorregadia,Queda de ocupante de veículo,Com Vítimas Feridas,Plena Noite,Decrescente,Chuva,Dupla,Reta,Sim,1,0,1,0,0,0,1,1,-27.6167305,-48.6457265,SPRF-SC,DEL01-SC,UOP01-DEL01-SC,2023
"558185,0",2023-10-29,domingo,11:50:00,SC,470,"58,0",BLUMENAU,Reação tardia ou ineficiente do condutor,Colisão traseira,Com Vítimas Feridas,Pleno dia,Decrescente,Céu Claro,Dupla,Reta,Sim,3,0,2,0,1,0,2,2,-26.883879,-49.145622,SPRF-SC,DEL04-SC,UOP01-DEL04-SC,2023
"558264,0",2023-10-31,terça-feira,07:50:00,SC,280,"31,1",ARAQUARI,Acessar a via sem observar a presença dos outros veículos,Colisão transversal,Com Vítimas Feridas,Pleno dia,Decrescente,Garoa/Chuvisco,Simples,Reta,Sim,2,0,1,0,1,0,1,2,-26.41704675,-48.77333164,SPRF-SC,DEL03-SC,UOP03-DEL03-SC,2023
"558270,0",2023-10-31,terça-feira,07:18:00,SC,282,"1,5",FLORIANOPOLIS,Trafegar com motocicleta (ou similar) entre as faixas,Colisão lateral mesmo sentido,Com Vítimas Feridas,Pleno dia,Decrescente,Chuva,Dupla,Reta,Sim,3,0,2,0,1,0,2,2,-27.602955,-48.580509,SPRF-SC,DEL01-SC,UOP01-DEL01-SC,2023
"558298,0",2023-10-31,terça-feira,11:30:00,SC,101,"205,0",SAO JOSE,Ausência de reação do condutor,Saída de leito carroçável,Com Vítimas Feridas,Pleno dia,Crescente,Nublado,Simples,Curva,Sim,1,0,1,0,0,0,1,1,-27.58313237,-48.61532885,SPRF-SC,DEL01-SC,UOP01-DEL01-SC,2023
"558299,0",2023-10-31,terça-feira,10:50:00,SC,116,"208,9",PONTE ALTA,Velocidade Incompatível,Colisão traseira,Com Vítimas Feridas,Pleno dia,Crescente,Céu Claro,Simples,Reta,Sim,3,0,2,0,1,0,2,2,-27.49620462,-50.37008286,SPRF-SC,DEL05-SC,UOP03-DEL05-SC,2023
"558307,0",2023-10-31,terça-feira,06:58:00,SC,480,"129,0",CHAPECO,Reação tardia ou ineficiente do condutor,Colisão frontal,Com Vítimas Feridas,Pleno dia,Decrescente,Céu Claro,Simples,Reta,Sim,3,0,3,0,0,0,3,2,-27.04608995,-52.63615066,SPRF-SC,DEL07-SC,UOP01-DEL07-SC,2023
"558312,0",2023-10-11,quarta-feira,23:00:00,SC,101,"115,0",ITAJAI,Demais falhas na via,Tombamento,Sem Vítimas,Plena Noite,Decrescente,Chuva,Múltipla,Reta,Não,1,0,0,0,1,0,0,1,-26.87064015,-48.72954134,SPRF-SC,DEL04-SC,UOP04-DEL04-SC,2023
"558316,0",2023-10-31,terça-feira,13:55:00,SC,101,"122,0",ITAJAI,Objeto estático sobre o leito carroçável,Tombamento,Com Vítimas Feridas,Pleno dia,Crescente,Céu Claro,Dupla,Reta,Não,1,0,1,0,0,0,1,1,-26.92955916,-48.70499836,SPRF-SC,DEL04-SC,UOP04-DEL04-SC,2023
"558319,0",2023-10-31,terça-feira,14:15:00,SC,470,"64,7",INDAIAL,Acessar a via sem observar a presença dos outros veículos,Colisão transversal,Com Vítimas Feridas,Pleno dia,Crescente,Nublado,Simples,Reta,Sim,2,0,0,1,1,0,1,2,-26.869867,-49.201859,SPRF-SC,DEL04-SC,UOP01-DEL04-SC,2023
"558345,0",2023-10-31,terça-feira,17:25:00,SC,280,"125,0",RIO NEGRINHO,Curva acentuada,Colisão transversal,Sem Vítimas,Pleno dia,Decrescente,Nublado,Simples,Curva,Sim,3,0,0,0,3,0,0,2,-26.23763684,-49.48434497,SPRF-SC,DEL06-SC,UOP03-DEL06-SC,2023
"558365,0",2023-10-31,terça-feira,14:15:00,SC,470,"57,0",BLUMENAU,Ausência de reação do condutor,Colisão lateral mesmo sentido,Com Vítimas Feridas,Pleno dia,Crescente,Nublado,Simples,Reta;Em Obras,Sim,2,0,1,0,0,1,1,2,-26.880428,-49.136532,SPRF-SC,DEL04-SC,UOP01-DEL04-SC,2023
"558389,0",2023-10-31,terça-feira,19:10:00,SC,101,"194,4",BIGUACU,Ausência de reação do condutor,Saída de leito carroçável,Com Vítimas Feridas,Plena Noite,Decrescente,Nublado,Dupla,Reta,Sim,1,0,1,0,0,0,1,1,-27.49815117,-48.65661236,SPRF-SC,DEL01-SC,UOP01-DEL01-SC,2023
"558431,0",2023-11-01,quarta-feira,06:30:00,SC,101,"89,0",BARRA VELHA,Problema na suspensão,Colisão frontal,Com Vítimas Feridas,Pleno dia,Decrescente,Sol,Simples,Reta,Não,2,0,1,0,1,0,1,2,-26.65175997,-48.68721921,SPRF-SC,DEL03-SC,UOP02-DEL03-SC,2023
"558434,0",2023-11-01,quarta-feira,07:00:00,SC,280,"28,0",ARAQUARI,Ultrapassagem Indevida,Colisão transversal,Com Vítimas Feridas,Pleno dia,Crescente,Céu Claro,Simples,Reta,Sim,2,0,1,0,1,0,1,2,-26.40450077,-48.74561031,SPRF-SC,DEL03-SC,UOP03-DEL03-SC,2023
"558458,0",2023-11-01,quarta-feira,10:10:00,SC,470,"140,0",RIO DO SUL,Acessar a via sem observar a presença dos outros veículos,Colisão transversal,Com Vítimas Feridas,Pleno dia,Decrescente,Céu Claro,Simples,Reta;Interseção de Vias,Sim,2,0,1,0,1,0,1,2,-27.222485,-49.662827,SPRF-SC,DEL04-SC,UOP02-DEL04-SC,2023
"558470,0",2023-05-26,sexta-feira,16:50:00,SC,101,"204,8",SAO JOSE,Trafegar com motocicleta (ou similar) entre as faixas,Colisão traseira,Com Vítimas Feridas,Pleno dia,Crescente,Nublado,Múltipla,Reta,Sim,3,0,2,0,1,0,2,3,-27.5803703,-48.6146107,SPRF-SC,DEL01-SC,UOP01-DEL01-SC,2023
"558483,0",2023-11-01,quarta-feira,13:50:00,SC,280,"27,0",ARAQUARI,Acessar a via sem observar a presença dos outros veículos,Colisão transversal,Com Vítimas Feridas,Pleno dia,Crescente,Nublado,Simples,Reta,Sim,2,0,1,1,0,0,2,2,-26.39685622,-48.74021969,SPRF-SC,DEL03-SC,UOP03-DEL03-SC,2023
"558485,0",2023-11-01,quarta-feira,13:15:00,SC,101,"207,0",SAO JOSE,Ausência de reação do condutor,Colisão traseira,Com Vítimas Feridas,Pleno dia,Decrescente,Nublado,Múltipla,Reta;Declive,Sim,2,0,1,0,1,0,1,2,-27.60166812,-48.62605691,SPRF-SC,DEL01-SC,UOP01-DEL01-SC,2023
"558486,0",2023-11-01,quarta-feira,13:50:00,SC,101,"201,8",SAO JOSE,Trafegar com motocicleta (ou similar) entre as faixas,Colisão traseira,Com Vítimas Feridas,Pleno dia,Crescente,Céu Claro,Múltipla,Reta,Sim,3,0,2,0,1,0,2,2,-27.54836599,-48.61977975,SPRF-SC,DEL01-SC,UOP01-DEL01-SC,2023
"558497,0",2023-11-01,quarta-feira,03:15:00,SC,282,"69,7",RANCHO QUEIMADO,Velocidade Incompatível,Saída de leito carroçável,Com Vítimas Fatais,Plena Noite,Decrescente,Nublado,Simples,Curva;Declive,Não,1,1,0,0,0,0,0,1,-27.6940524,-49.0891185,SPRF-SC,DEL01-SC,UOP03-DEL01-SC,2023
"558501,0",2023-11-01,quarta-feira,15:20:00,SC,101,"59,5",ARAQUARI,Demais falhas mecânicas ou elétricas,Saída de leito carroçável,Com Vítimas Feridas,Pleno dia,Crescente,Nublado,Simples,Reta,Não,1,0,1,0,0,0,1,1,-26.44651734,-48.79426826,SPRF-SC,DEL03-SC,UOP02-DEL03-SC,2023
"558508,0",2023-11-01,quarta-feira,16:35:00,SC,101,"209,8",SAO JOSE,Objeto estático sobre o leito carroçável,Tombamento,Com Vítimas Feridas,Pleno dia,Crescente,Nublado,Múltipla,Reta,Sim,2,0,2,0,0,0,2,1,-27.61000542,-48.63895057,SPRF-SC,DEL01-SC,UOP01-DEL01-SC,2023
"558545,0",2023-11-01,quarta-feira,18:30:00,SC,282,"5,0",SAO JOSE,Ausência de reação do condutor,Colisão traseira,Com Vítimas Feridas,Plena Noite,Decrescente,Nublado,Dupla,Curva;Aclive,Sim,2,0,1,0,1,0,1,2,-27.588425,-48.612919,SPRF-SC,DEL01-SC,UOP01-DEL01-SC,2023
"558547,0",2023-11-01,quarta-feira,17:30:00,SC,480,"123,3",CHAPECO,Condutor deixou de manter distância do veículo da frente,Colisão traseira,Com Vítimas Feridas,Pleno dia,Decrescente,Nublado,Dupla,Reta;Aclive,Sim,2,0,1,0,1,0,1,2,-26.99739704,-52.64201951,SPRF-SC,DEL07-SC,UOP01-DEL07-SC,2023
"558549,0",2023-11-01,quarta-feira,16:40:00,SC,470,"65,0",INDAIAL,Acessar a via sem observar a presença dos outros veículos,Colisão transversal,Com Vítimas Feridas,Pleno dia,Crescente,Nublado,Simples,Reta;Interseção de Vias;Em Obras,Não,3,0,1,2,0,0,3,2,-26.870411,-49.211864,SPRF-SC,DEL04-SC,UOP01-DEL04-SC,2023
"558562,0",2023-11-01,quarta-feira,19:05:00,SC,101,"116,0",ITAJAI,Trafegar com motocicleta (ou similar) entre as faixas,Colisão traseira,Com Vítimas Feridas,Plena Noite,Decrescente,Céu Claro,Dupla,Reta,Sim,3,0,1,0,2,0,1,2,-26.87905605,-48.72603512,SPRF-SC,DEL04-SC,UOP04-DEL04-SC,2023
"558578,0",2023-11-01,quarta-feira,17:32:00,SC,480,"126,3",CHAPECO,Manobra de mudança de faixa,Colisão transversal,Sem Vítimas,Pleno dia,Decrescente,Nublado,Dupla,Reta;Aclive,Não,2,0,0,0,2,0,0,2,-27.020083,-52.636024,SPRF-SC,DEL07-SC,UOP01-DEL07-SC,2023
"558591,0",2023-11-01,quarta-feira,20:15:00,SC,282,"75,0",RANCHO QUEIMADO,Velocidade Incompatível,Capotamento,Com Vítimas Feridas,Plena Noite,Decrescente,Garoa/Chuvisco,Simples,Curva,Não,4,0,2,0,2,0,2,1,-27.690931,-49.129143,SPRF-SC,DEL01-SC,UOP03-DEL01-SC,2023
"558596,0",2023-09-06,quarta-feira,19:30:00,SC,470,"140,0",RIO DO SUL,Deixar de acionar o farol da motocicleta (ou similar),Colisão transversal,Com Vítimas Feridas,Plena Noite,Decrescente,Nublado,Simples,Reta;Interseção de Vias,Sim,2,0,1,0,1,0,1,2,-27.222485,-49.662827,SPRF-SC,DEL04-SC,UOP02-DEL04-SC,2023
"558606,0",2023-11-01,quarta-feira,21:30:00,SC,101,"404,0",ARARANGUA,Reação tardia ou ineficiente do condutor,Saída de leito carroçável,Com Vítimas Feridas,Plena Noite,Decrescente,Nublado,Dupla,Reta,Não,2,0,1,0,1,0,1,1,-28.87801417,-49.45745479,SPRF-SC,DEL02-SC,UOP02-DEL02-SC,2023
"558609,0",2023-11-01,quarta-feira,15:10:00,SC,470,"136,0",RIO DO SUL,Acessar a via sem observar a presença dos outros veículos,Colisão transversal,Com Vítimas Feridas,Pleno dia,Decrescente,Nublado,Simples,Reta;Interseção de Vias,Não,2,0,1,0,1,0,1,2,-27.194323,-49.624554,SPRF-SC,DEL04-SC,UOP02-DEL04-SC,2023
"558672,0",2023-09-19,terça-feira,17:20:00,SC,101,"205,0",SAO JOSE,Condutor deixou de manter distância do veículo da frente,Colisão traseira,Com Vítimas Feridas,Pleno dia,Decrescente,Céu Claro,Dupla,Declive;Interseção de Vias,Sim,2,0,1,0,1,0,1,2,-27.58426466,-48.61533344,SPRF-SC,DEL01-SC,UOP01-DEL01-SC,2023
"558676,0",2023-11-02,quinta-feira,09:20:00,SC,101,"206,2",SAO JOSE,Reação tardia ou ineficiente do condutor,Colisão traseira,Com Vítimas Feridas,Pleno dia,Decrescente,Chuva,Múltipla,Reta,Não,3,0,3,0,0,0,3,2,-27.59193546,-48.61824557,SPRF-SC,DEL01-SC,UOP01-DEL01-SC,2023
"558684,0",2023-11-02,quinta-feira,09:50:00,SC,101,"1,5",GARUVA,Ausência de reação do condutor,Colisão traseira,Com Vítimas Feridas,Pleno dia,Crescente,Garoa/Chuvisco,Dupla,Reta,Não,3,0,1,0,2,0,1,2,-25.98895627,-48.88356133,SPRF-SC,DEL03-SC,UOP01-DEL03-SC,2023
"558688,0",2023-11-02,quinta-feira,10:30:00,SC,101,"143,0",ITAPEMA,Reação tardia ou ineficiente do condutor,Colisão traseira,Com Vítimas Feridas,Pleno dia,Crescente,Garoa/Chuvisco,Dupla,Reta,Sim,3,0,1,0,2,0,1,2,-27.06436,-48.59599405,SPRF-SC,DEL04-SC,UOP03-DEL04-SC,2023
"558690,0",2023-11-02,quinta-feira,10:35:00,SC,101,"210,0",SAO JOSE,Condutor deixou de manter distância do veículo da frente,Engavetamento,Com Vítimas Feridas,Pleno dia,Crescente,Chuva,Múltipla,Reta,Sim,5,0,0,1,4,0,1,4,-27.61576444,-48.64447296,SPRF-SC,DEL01-SC,UOP01-DEL01-SC,2023
"558697,0",2023-11-02,quinta-feira,12:00:00,SC,282,"57,0",RANCHO QUEIMADO,Reação tardia ou ineficiente do condutor,Tombamento,Com Vítimas Feridas,Pleno dia,Decrescente,Chuva,Simples,Declive;Interseção de Vias;Curva,Não,2,0,2,0,0,0,2,2,-27.688864,-48.998455,SPRF-SC,DEL01-SC,UOP03-DEL01-SC,2023
"558698,0",2023-11-02,quinta-feira,12:00:00,SC,101,"209,0",SAO JOSE,Reação tardia ou ineficiente do condutor,Colisão traseira,Com Vítimas Feridas,Pleno dia,Crescente,Garoa/Chuvisco,Dupla,Reta,Sim,2,0,1,0,1,0,1,2,-27.61000542,-48.63895057,SPRF-SC,DEL01-SC,UOP01-DEL01-SC,2023
"558699,0",2023-11-02,quinta-feira,12:00:00,SC,282,"52,0",AGUAS MORNAS,Reação tardia ou ineficiente do condutor,Tombamento,Com Vítimas Feridas,Pleno dia,Decrescente,Chuva,Simples,Curva;Declive,Não,1,0,1,0,0,0,1,1,-27.696936,-48.964138,SPRF-SC,DEL01-SC,UOP03-DEL01-SC,2023
"558700,0",2023-11-02,quinta-feira,12:00:00,SC,282,"52,0",AGUAS MORNAS,Reação tardia ou ineficiente do condutor,Saída de leito carroçável,Com Vítimas Feridas,Pleno dia,Decrescente,Chuva,Simples,Curva,Não,2,0,2,0,0,0,2,1,-27.696936,-48.964138,SPRF-SC,DEL01-SC,UOP03-DEL01-SC,2023
"558717,0",2023-11-02,quinta-feira,13:15:00,SC,101,"278,5",IMBITUBA,Ingestão de álcool pelo condutor,Tombamento,Sem Vítimas,Pleno dia,Decrescente,Chuva,Múltipla,Interseção de Vias,Sim,1,0,0,0,1,0,0,1,-28.1813497,-48.69560122,SPRF-SC,DEL02-SC,UOP03-DEL02-SC,2023
"558723,0",2023-11-02,quinta-feira,14:50:00,SC,101,"269,0",IMBITUBA,Reação tardia ou ineficiente do condutor,Colisão com objeto,Com Vítimas Feridas,Pleno dia,Crescente,Chuva,Dupla,Curva,Não,1,0,1,0,0,0,1,1,-28.09851593,-48.70527864,SPRF-SC,DEL02-SC,UOP03-DEL02-SC,2023
"558733,0",2023-11-02,quinta-feira,16:30:00,SC,101,"262,3",GAROPABA,Reação tardia ou ineficiente do condutor,Saída de leito carroçável,Com Vítimas Feridas,Pleno dia,Decrescente,Chuva,Múltipla,Curva,Não,3,0,2,0,1,0,2,1,-28.042492,-48.713134,SPRF-SC,DEL02-SC,UOP03-DEL02-SC,2023
"558753,0",2023-11-02,quinta-feira,19:05:00,SC,101,"157,0",PORTO BELO,Velocidade Incompatível,Colisão traseira,Com Vítimas Feridas,Plena Noite,Decrescente,Ignorado,Múltipla,Reta,Não,2,0,1,0,1,0,1,2,-27.181625,-48.6121179,SPRF-SC,DEL04-SC,UOP03-DEL04-SC,2023
"558770,0",2023-11-02,quinta-feira,19:30:00,SC,101,"194,0",BIGUACU,Reação tardia ou ineficiente do condutor,Colisão traseira,Com Vítimas Feridas,Plena Noite,Crescente,Nublado,Múltipla,Reta,Sim,2,0,1,0,1,0,1,2,-27.49815117,-48.65661236,SPRF-SC,DEL01-SC,UOP01-DEL01-SC,2023
"558772,0",2023-11-02,quinta-feira,19:30:00,SC,280,"82,0",CORUPA,Acessar a via sem observar a presença dos outros veículos,Colisão transversal,Sem Vítimas,Plena Noite,Decrescente,Garoa/Chuvisco,Simples,Reta;Rotatória,Sim,4,0,0,0,4,0,0,2,-26.44009491,-49.22605498,SPRF-SC,DEL06-SC,UOP03-DEL06-SC,2023
"558773,0",2023-11-02,quinta-feira,20:50:00,SC,470,"317,6",CAMPOS NOVOS,Reação tardia ou ineficiente do condutor,Capotamento,Sem Vítimas,Plena Noite,Crescente,Nublado,Simples,Rotatória,Não,1,0,0,0,0,1,0,1,-27.404869,-51.206257,SPRF-SC,DEL07-SC,UOP06-DEL07-SC,2023
"558780,0",2023-11-02,quinta-feira,21:00:00,SC,282,"587,1",SAUDADES,Objeto estático sobre o leito carroçável,Colisão com objeto,Com Vítimas Feridas,Plena Noite,Crescente,Chuva,Simples,Curva,Não,1,0,0,1,0,0,1,1,-26.830677,-53.04443,SPRF-SC,DEL07-SC,UOP02-DEL07-SC,2023
"558788,0",2023-11-03,sexta-feira,02:15:00,SC,282,"0,3",FLORIANOPOLIS,Velocidade Incompatível,Saída de leito carroçável,Sem Vítimas,Plena Noite,Crescente,Chuva,Dupla,Curva,Sim,1,0,0,0,0,1,0,1,-27.59845,-48.571995,SPRF-SC,DEL01-SC,UOP01-DEL01-SC,2023
"558791,0",2023-11-03,sexta-feira,05:40:00,SC,101,"150,6",ITAPEMA,Velocidade Incompatível,Colisão com objeto,Com Vítimas Feridas,Amanhecer,Crescente,Chuva,Múltipla,Reta,Sim,1,0,1,0,0,0,1,1,-27.11744799,-48.60940987,SPRF-SC,DEL04-SC,UOP03-DEL04-SC,2023
"558792,0",2023-11-03,sexta-feira,05:40:00,SC,101,"211,2",PALHOCA,Acumulo de água sobre o pavimento,Saída de leito carroçável,Sem Vítimas,Pleno dia,Decrescente,Chuva,Múltipla,Reta,Sim,1,0,0,0,0,1,0,1,-27.62329313,-48.65245588,SPRF-SC,DEL01-SC,UOP02-DEL01-SC,2023
"558815,0",2023-11-03,sexta-feira,08:05:00,SC,101,"102,0",BALNEARIO PICARRAS,Chuva,Tombamento,Com Vítimas Feridas,Pleno dia,Decrescente,Chuva,Dupla,Reta,Não,1,0,1,0,0,0,1,1,-26.77383397,-48.68594062,SPRF-SC,DEL03-SC,UOP02-DEL03-SC,2023
"558824,0",2023-11-03,sexta-feira,09:00:00,SC,101,"229,3",PALHOCA,Reação tardia ou ineficiente do condutor,Colisão com objeto,Com Vítimas Feridas,Pleno dia,Decrescente,Chuva,Dupla,Aclive;Reta,Não,4,0,3,0,1,0,3,1,-27.7688932,-48.63205379,SPRF-SC,DEL01-SC,UOP02-DEL01-SC,2023
"558839,0",2023-11-03,sexta-feira,10:00:00,SC,101,"339,8",TUBARAO,Ausência de reação do condutor,Saída de leito carroçável,Com Vítimas Feridas,Pleno dia,Decrescente,Chuva,Dupla,Reta,Não,1,0,1,0,0,0,1,1,-28.49351117,-49.04178985,SPRF-SC,DEL02-SC,UOP01-DEL02-SC,2023
"558854,0",2023-11-03,sexta-feira,12:00:00,SC,101,"203,0",SAO JOSE,Manobra de mudança de faixa,Colisão lateral mesmo sentido,Sem Vítimas,Pleno dia,Decrescente,Céu Claro,Dupla,Reta,Não,2,0,0,0,1,1,0,2,-27.5650044,-48.61460082,SPRF-SC,DEL01-SC,UOP01-DEL01-SC,2023
"558875,0",2023-11-03,sexta-feira,14:45:00,SC,101,"401,7",MARACAJA,Condutor deixou de manter distância do veículo da frente,Colisão traseira,Sem Vítimas,Pleno dia,Decrescente,Nublado,Múltipla,Reta,Sim,3,0,0,0,3,0,0,2,-28.877633,-49.456754,SPRF-SC,DEL02-SC,UOP02-DEL02-SC,2023
"558876,0",2023-11-03,sexta-feira,14:45:00,SC,282,"16,0",PALHOCA,Trafegar com motocicleta (ou similar) entre as faixas,Colisão lateral sentido oposto,Com Vítimas Feridas,Pleno dia,Crescente,Nublado,Simples,Reta;Interseção de Vias,Sim,2,0,1,0,1,0,1,2,-27.658611,-48.681847,SPRF-SC,DEL01-SC,UOP02-DEL01-SC,2023
"558901,0",2023-11-03,sexta-feira,17:00:00,SC,101,"198,2",BIGUACU,Ausência de reação do condutor,Colisão traseira,Com Vítimas Feridas,Pleno dia,Decrescente,Chuva,Dupla,Reta,Não,2,0,1,0,1,0,1,2,-27.52658712,-48.63506019,SPRF-SC,DEL01-SC,UOP01-DEL01-SC,2023
"558931,0",2023-11-03,sexta-feira,19:35:00,SC,101,"268,1",PAULO LOPES,Condutor Dormindo,Saída de leito carroçável,Com Vítimas Feridas,Plena Noite,Crescente,Chuva,Dupla,Reta,Sim,1,0,0,1,0,0,1,1,-28.08561804,-48.71086526,SPRF-SC,DEL02-SC,UOP03-DEL02-SC,2023
"558933,0",2023-11-03,sexta-feira,19:30:00,SC,101,"206,9",SAO JOSE,Objeto estático sobre o leito carroçável,Queda de ocupante de veículo,Com Vítimas Feridas,Pleno dia,Crescente,Céu Claro,Múltipla,Reta,Não,2,0,2,0,0,0,2,1,-27.60001226,-48.6226467,SPRF-SC,DEL01-SC,UOP01-DEL01-SC,2023
"558934,0",2023-11-03,sexta-feira,20:00:00,SC,101,"198,1",BIGUACU,Trafegar com motocicleta (ou similar) entre as faixas,Colisão lateral mesmo sentido,Com Vítimas Feridas,Plena Noite,Decrescente,Céu Claro,Múltipla,Reta,Sim,2,0,1,0,1,0,1,2,-27.52750519,-48.63429666,SPRF-SC,DEL01-SC,UOP01-DEL01-SC,2023
"558946,0",2023-11-03,sexta-feira,20:00:00,SC,101,"40,0",JOINVILLE,Desrespeitar a preferência no cruzamento,Colisão lateral mesmo sentido,Com Vítimas Feridas,Plena Noite,Decrescente,Céu Claro,Dupla,Curva;Interseção de Vias,Sim,5,0,1,0,4,0,1,2,-26.27176094,-48.89468382,SPRF-SC,DEL03-SC,UOP01-DEL03-SC,2023
"558959,0",2023-11-03,sexta-feira,17:35:00,SC,116,"72,8",MONTE CASTELO,Ausência de reação do condutor,Colisão transversal,Com Vítimas Feridas,Pleno dia,Crescente,Céu Claro,Simples,Aclive,Não,4,0,1,1,2,0,2,2,-26.48707,-50.23276105,SPRF-SC,DEL06-SC,UOP02-DEL06-SC,2023
"558960,0",2023-11-03,sexta-feira,19:20:00,SC,282,"407,1",CATANDUVAS,Falta de acostamento,Atropelamento de Pedestre,Com Vítimas Fatais,Plena Noite,Decrescente,Nublado,Simples,Curva,Não,2,1,0,0,0,1,0,2,-27.0911732,-51.6610467,SPRF-SC,DEL07-SC,UOP05-DEL07-SC,2023
"558997,0",2023-11-04,sábado,06:00:00,SC,101,"209,7",SAO JOSE,Ingestão de álcool ou de substâncias psicoativas pelo pedestre,Colisão com objeto,Com Vítimas Feridas,Pleno dia,Crescente,Céu Claro,Múltipla,Reta,Não,2,0,2,0,0,0,2,1,-27.61185821,-48.64095926,SPRF-SC,DEL01-SC,UOP01-DEL01-SC,2023
"559012,0",2023-11-04,sábado,05:50:00,SC,101,"85,0",BARRA VELHA,Avarias e/ou desgaste excessivo no pneu,Saída de leito carroçável,Sem Vítimas,Amanhecer,Crescente,Nublado,Múltipla,Reta,Sim,1,0,0,0,1,0,0,1,-26.62840879,-48.70813584,SPRF-SC,DEL03-SC,UOP02-DEL03-SC,2023
"559019,0",2023-10-07,sábado,16:00:00,SC,282,"6,0",SAO JOSE,Velocidade Incompatível,Colisão com objeto,Sem Vítimas,Pleno dia,Decrescente,Garoa/Chuvisco,Dupla,Curva,Sim,1,0,0,0,0,1,0,1,-27.591936,-48.618244,SPRF-SC,DEL01-SC,UOP01-DEL01-SC,2023
"559035,0",2023-10-11,quarta-feira,18:45:00,SC,282,"17,0",PALHOCA,Acessar a via sem observar a presença dos outros veículos,Colisão transversal,Com Vítimas Feridas,Anoitecer,Crescente,Ignorado,Simples,Interseção de Vias,Não,2,0,1,0,0,1,1,2,-27.665707,-48.688065,SPRF-SC,DEL01-SC,UOP02-DEL01-SC,2023
"559037,0",2023-11-04,sábado,09:00:00,SC,101,"118,0",ITAJAI,Reação tardia ou ineficiente do condutor,Queda de ocupante de veículo,Com Vítimas Feridas,Pleno dia,Decrescente,Céu Claro,Múltipla,Reta,Não,1,0,0,1,0,0,1,1,-26.88747188,-48.72252969,SPRF-SC,DEL04-SC,UOP04-DEL04-SC,2023
"559066,0",2023-11-04,sábado,11:46:00,SC,280,"51,9",GUARAMIRIM,Retorno proibido,Colisão traseira,Com Vítimas Feridas,Pleno dia,Crescente,Céu Claro,Dupla,Reta;Em Obras,Sim,5,0,4,0,1,0,4,2,-26.4686,-48.964126,SPRF-SC,DEL03-SC,UOP03-DEL03-SC,2023
"559074,0",2023-11-04,sábado,12:50:00,SC,101,"146,0",ITAPEMA,Condutor deixou de manter distância do veículo da frente,Engavetamento,Com Vítimas Feridas,Pleno dia,Decrescente,Céu Claro,Múltipla,Reta;Declive,Sim,3,0,1,0,2,0,1,3,-27.08666525,-48.60955587,SPRF-SC,DEL04-SC,UOP03-DEL04-SC,2023
"559089,0",2023-11-04,sábado,13:00:00,SC,282,"76,2",RANCHO QUEIMADO,Acumulo de água sobre o pavimento,Saída de leito carroçável,Com Vítimas Feridas,Pleno dia,Decrescente,Céu Claro,Simples,Curva,Não,1,0,0,1,0,0,1,1,-27.688168,-49.120075,SPRF-SC,DEL01-SC,UOP03-DEL01-SC,2023
"559093,0",2023-11-04,sábado,16:00:00,SC,101,"234,0",PALHOCA,Mal súbito do condutor,Queda de ocupante de veículo,Com Vítimas Feridas,Pleno dia,Crescente,Céu Claro,Dupla,Reta,Não,1,0,1,0,0,0,1,1,-27.81043812,-48.63537111,SPRF-SC,DEL01-SC,UOP02-DEL01-SC,2023
"559094,0",2023-11-04,sábado,15:40:00,SC,101,"86,0",BARRA VELHA,Reação tardia ou ineficiente do condutor,Colisão transversal,Com Vítimas Feridas,Pleno dia,Decrescente,Sol,Dupla,Curva,Sim,3,0,1,0,1,1,1,2,-26.64436807,-48.68801057,SPRF-SC,DEL03-SC,UOP02-DEL03-SC,2023