id,data_inversa,dia_semana,horario,uf,br,km,municipio,causa_acidente,tipo_acidente,classificacao_acidente,fase_dia,sentido_via,condicao_metereologica,tipo_pista,tracado_via,uso_solo,pessoas,mortos,feridos_leves,feridos_graves,ilesos,ignorados,feridos,veiculos,latitude,longitude,regional,delegacia,uop,ano_arquivo
"559102,0",2023-11-04,sábado,15:35:00,SC,470,"44,5",GASPAR,Reação tardia ou ineficiente do condutor,Colisão traseira,Com Vítimas Feridas,Pleno dia,Crescente,Céu Claro,Dupla,Reta,Sim,3,0,2,0,1,0,2,2,-26.870665,-49.021896,SPRF-SC,DEL04-SC,UOP01-DEL04-SC,2023
"559104,0",2023-11-04,sábado,16:40:00,SC,101,"216,2",PALHOCA,Manobra de mudança de faixa,Colisão lateral mesmo sentido,Com Vítimas Feridas,Pleno dia,Crescente,Céu Claro,Dupla,Reta,Sim,4,0,1,0,3,0,1,3,-27.65981409,-48.67747798,SPRF-SC,DEL01-SC,UOP02-DEL01-SC,2023
"559110,0",2023-11-04,sábado,17:00:00,SC,101,"155,0",PORTO BELO,Ingestão de álcool pelo condutor,Saída de leito carroçável,Com Vítimas Feridas,Pleno dia,Crescente,Céu Claro,Múltipla,Curva,Não,1,0,1,0,0,0,1,1,-27.16292,-48.61129,SPRF-SC,DEL04-SC,UOP03-DEL04-SC,2023
"559111,0",2023-11-04,sábado,15:30:00,SC,101,"196,6",BIGUACU,Ingestão de álcool pelo condutor,Queda de ocupante de veículo,Com Vítimas Feridas,Pleno dia,Crescente,Céu Claro,Dupla,Reta,Sim,1,0,1,0,0,0,1,1,-27.51101091,-48.64322292,SPRF-SC,DEL01-SC,UOP01-DEL01-SC,2023
"559114,0",2023-11-04,sábado,17:00:00,SC,470,"65,8",INDAIAL,Ausência de reação do condutor,Colisão lateral sentido oposto,Com Vítimas Feridas,Pleno dia,Crescente,Céu Claro,Simples,Reta,Sim,2,0,2,0,0,0,2,2,-26.870472,-49.22122836,SPRF-SC,DEL04-SC,UOP01-DEL04-SC,2023
"559126,0",2023-11-04,sábado,19:00:00,SC,101,"124,7",ITAJAI,Ausência de reação do condutor,Colisão traseira,Com Vítimas Feridas,Plena Noite,Crescente,Céu Claro,Múltipla,Reta,Sim,5,0,2,0,1,2,2,3,-26.94802427,-48.68338515,SPRF-SC,DEL04-SC,UOP04-DEL04-SC,2023
"559151,0",2023-11-04,sábado,20:00:00,SC,470,"151,0",AGRONOMICA,Demais falhas na via,Tombamento,Com Vítimas Feridas,Plena Noite,Decrescente,Nublado,Simples,Reta,Não,1,0,1,0,0,0,1,1,-27.260792,-49.719761,SPRF-SC,DEL04-SC,UOP02-DEL04-SC,2023
"559182,0",2023-11-04,sábado,23:00:00,SC,101,"329,9",TUBARAO,Pista esburacada,Tombamento,Com Vítimas Feridas,Plena Noite,Crescente,Céu Claro,Múltipla,Curva,Não,1,0,1,0,0,0,1,1,-28.43352489,-48.95713806,SPRF-SC,DEL02-SC,UOP01-DEL02-SC,2023
"559187,0",2023-11-05,domingo,00:35:00,SC,101,"113,5",ITAJAI,Acumulo de areia ou detritos sobre o pavimento,Tombamento,Com Vítimas Feridas,Plena Noite,Crescente,Céu Claro,Simples,Reta,Não,1,0,1,0,0,0,1,1,-26.85311393,-48.72689927,SPRF-SC,DEL04-SC,UOP04-DEL04-SC,2023
"559189,0",2023-11-05,domingo,01:00:00,SC,101,"331,4",TUBARAO,Pista esburacada,Tombamento,Com Vítimas Feridas,Plena Noite,Crescente,Céu Claro,Dupla,Curva,Sim,2,0,1,1,0,0,2,1,-28.45567521,-48.9812689,SPRF-SC,DEL02-SC,UOP01-DEL02-SC,2023
"559218,0",2023-11-05,domingo,07:15:00,SC,282,"4,7",FLORIANOPOLIS,Acessar a via sem observar a presença dos outros veículos,Colisão lateral mesmo sentido,Com Vítimas Feridas,Pleno dia,Crescente,Céu Claro,Múltipla,Reta,Sim,3,0,2,0,0,1,2,2,-27.592646,-48.604034,SPRF-SC,DEL01-SC,UOP01-DEL01-SC,2023
"559220,0",2023-11-02,quinta-feira,05:15:00,SC,470,"57,0",BLUMENAU,Ingestão de álcool pelo condutor,Colisão lateral sentido oposto,Sem Vítimas,Plena Noite,Decrescente,Chuva,Simples,Reta;Em Obras,Sim,2,0,0,0,2,0,0,2,-26.880428,-49.136532,SPRF-SC,DEL04-SC,UOP01-DEL04-SC,2023
"559226,0",2023-10-24,terça-feira,08:40:00,SC,480,"129,5",CHAPECO,Velocidade Incompatível,Colisão com objeto,Com Vítimas Feridas,Pleno dia,Crescente,Nublado,Dupla,Curva;Viaduto,Não,1,0,1,0,0,0,1,1,-27.04656607,-52.63577131,SPRF-SC,DEL07-SC,UOP01-DEL07-SC,2023
"559228,0",2023-11-05,domingo,08:30:00,SC,101,"237,8",PALHOCA,Pista esburacada,Capotamento,Com Vítimas Feridas,Pleno dia,Crescente,Sol,Dupla,Reta,Não,1,0,1,0,0,0,1,1,-27.84260999,-48.63481164,SPRF-SC,DEL01-SC,UOP02-DEL01-SC,2023
"559232,0",2023-11-05,domingo,09:00:00,SC,101,"336,0",TUBARAO,Avarias e/ou desgaste excessivo no pneu,Tombamento,Com Vítimas Feridas,Pleno dia,Crescente,Sol,Múltipla,Reta,Sim,3,0,2,0,0,1,2,2,-28.47311347,-49.02437375,SPRF-SC,DEL02-SC,UOP01-DEL02-SC,2023
"559240,0",2023-11-05,domingo,11:05:00,SC,101,"155,0",PORTO BELO,Demais falhas mecânicas ou elétricas,Tombamento,Com Vítimas Feridas,Pleno dia,Crescente,Céu Claro,Múltipla,Reta,Não,2,0,2,0,0,0,2,1,-27.16292,-48.61129,SPRF-SC,DEL04-SC,UOP03-DEL04-SC,2023
"559245,0",2023-11-05,domingo,12:30:00,SC,101,"207,5",SAO JOSE,Ausência de reação do condutor,Colisão traseira,Com Vítimas Feridas,Pleno dia,Crescente,Céu Claro,Múltipla,Reta,Sim,3,0,1,0,2,0,1,2,-27.60001226,-48.6226467,SPRF-SC,DEL01-SC,UOP01-DEL01-SC,2023
"559263,0",2023-11-05,domingo,10:30:00,SC,163,"97,0",SAO JOSE DO CEDRO,Acesso irregular,Colisão transversal,Com Vítimas Feridas,Pleno dia,Crescente,Céu Claro,Simples,Em Obras,Não,5,0,3,0,2,0,3,2,-26.50303017,-53.50925446,SPRF-SC,DEL07-SC,UOP03-DEL07-SC,2023
"559267,0",2023-11-04,sábado,22:29:00,SC,158,"114,0",CUNHA PORA,Demais falhas na via,Queda de ocupante de veículo,Com Vítimas Feridas,Plena Noite,Decrescente,Céu Claro,Simples,Reta,Sim,2,0,0,1,0,1,1,2,-26.89286688,-53.18749666,SPRF-SC,DEL07-SC,UOP02-DEL07-SC,2023
"559268,0",2023-11-05,domingo,14:00:00,SC,101,"216,5",PALHOCA,Condutor deixou de manter distância do veículo da frente,Colisão traseira,Com Vítimas Feridas,Pleno dia,Crescente,Céu Claro,Múltipla,Reta,Não,3,0,1,0,2,0,1,2,-27.65981409,-48.67747798,SPRF-SC,DEL01-SC,UOP02-DEL01-SC,2023
"559270,0",2023-11-05,domingo,14:40:00,SC,101,"130,0",BALNEARIO CAMBORIU,Trafegar com motocicleta (ou similar) entre as faixas,Colisão traseira,Com Vítimas Feridas,Pleno dia,Decrescente,Sol,Dupla,Reta,Não,2,0,0,1,1,0,1,2,-26.98407618,-48.66977107,SPRF-SC,DEL04-SC,UOP03-DEL04-SC,2023
"559286,0",2023-11-05,domingo,16:00:00,SC,101,"137,5",BALNEARIO CAMBORIU,Reação tardia ou ineficiente do condutor,Colisão traseira,Com Vítimas Feridas,Pleno dia,Decrescente,Céu Claro,Múltipla,Reta,Sim,3,0,2,0,1,0,2,2,-27.0157238,-48.61192763,SPRF-SC,DEL04-SC,UOP03-DEL04-SC,2023
"559287,0",2023-11-05,domingo,14:10:00,SC,101,"329,3",TUBARAO,Manobra de mudança de faixa,Colisão lateral mesmo sentido,Com Vítimas Feridas,Pleno dia,Decrescente,Céu Claro,Dupla,Reta,Não,3,0,2,0,1,0,2,2,-28.44404822,-48.96611372,SPRF-SC,DEL02-SC,UOP01-DEL02-SC,2023
"559311,0",2023-11-05,domingo,17:25:00,SC,101,"222,3",PALHOCA,Animais na Pista,Tombamento,Com Vítimas Feridas,Pleno dia,Decrescente,Céu Claro,Dupla,Reta;Declive,Sim,2,0,1,1,0,0,2,1,-27.71362208,-48.64996076,SPRF-SC,DEL01-SC,UOP02-DEL01-SC,2023
"559314,0",2023-11-05,domingo,16:30:00,SC,282,"231,4",LAGES,Acessar a via sem observar a presença dos outros veículos,Colisão transversal,Com Vítimas Feridas,Pleno dia,Crescente,Céu Claro,Simples,Curva;Interseção de Vias,Não,2,0,1,0,1,0,1,2,-27.7869414,-50.4390049,SPRF-SC,DEL05-SC,UOP02-DEL05-SC,2023
"559320,0",2023-11-05,domingo,18:10:00,SC,153,"96,6",CONCORDIA,Ausência de reação do condutor,Queda de ocupante de veículo,Com Vítimas Feridas,Pleno dia,Crescente,Céu Claro,Simples,Rotatória,Sim,1,0,1,0,0,0,1,1,-27.22393295,-51.9497323,SPRF-SC,DEL07-SC,UOP04-DEL07-SC,2023
"559325,0",2023-11-05,domingo,11:00:00,SC,470,"141,0",RIO DO SUL,Acessar a via sem observar a presença dos outros veículos,Colisão transversal,Com Vítimas Feridas,Pleno dia,Decrescente,Céu Claro,Dupla,Reta;Interseção de Vias,Sim,4,0,2,0,2,0,2,2,-27.226065,-49.666161,SPRF-SC,DEL04-SC,UOP02-DEL04-SC,2023
"559352,0",2023-11-05,domingo,19:15:00,SC,101,"325,5",CAPIVARI DE BAIXO,Condutor deixou de manter distância do veículo da frente,Colisão traseira,Sem Vítimas,Plena Noite,Crescente,Céu Claro,Múltipla,Reta,Não,2,0,0,0,2,0,0,2,-28.42516271,-48.93259193,SPRF-SC,DEL02-SC,UOP01-DEL02-SC,2023
"559383,0",2023-11-05,domingo,20:40:00,SC,470,"1,2",GASPAR,Retorno proibido,Colisão traseira,Com Vítimas Feridas,Plena Noite,Decrescente,Nublado,Simples,Reta,Sim,4,0,3,0,1,0,3,2,-26.92258985,-48.95890388,SPRF-SC,DEL04-SC,UOP01-DEL04-SC,2023
"559393,0",2023-11-05,domingo,21:40:00,SC,282,"197,0",LAGES,Reação tardia ou ineficiente do condutor,Saída de leito carroçável,Sem Vítimas,Plena Noite,Decrescente,Céu Claro,Simples,Reta,Não,1,0,0,0,0,1,0,1,-27.753368,-50.103615,SPRF-SC,DEL05-SC,UOP01-DEL05-SC,2023
"559470,0",2023-11-06,segunda-feira,07:00:00,SC,280,"96,0",CORUPA,Reação tardia ou ineficiente do condutor,Colisão com objeto,Com Vítimas Feridas,Pleno dia,Crescente,Céu Claro,Simples,Curva;Declive,Não,1,0,1,0,0,0,1,1,-26.37833107,-49.31732124,SPRF-SC,DEL06-SC,UOP03-DEL06-SC,2023
"559484,0",2023-11-06,segunda-feira,02:30:00,SC,101,"272,0",IMBITUBA,Reação tardia ou ineficiente do condutor,Colisão com objeto,Sem Vítimas,Plena Noite,Decrescente,Céu Claro,Múltipla,Curva,Não,1,0,0,0,0,1,0,1,-28.12295565,-48.69608402,SPRF-SC,DEL02-SC,UOP03-DEL02-SC,2023
"559509,0",2023-09-23,sábado,12:10:00,SC,280,"100,0",SAO BENTO DO SUL,Demais falhas mecânicas ou elétricas,Incêndio,Sem Vítimas,Pleno dia,Decrescente,Céu Claro,Simples,Curva,Não,1,0,0,0,1,0,0,1,-26.37158361,-49.33137101,SPRF-SC,DEL06-SC,UOP03-DEL06-SC,2023
"559515,0",2023-11-06,segunda-feira,09:50:00,SC,282,"393,5",JOACABA,Ausência de reação do condutor,Saída de leito carroçável,Com Vítimas Feridas,Pleno dia,Crescente,Céu Claro,Simples,Curva,Não,1,0,1,0,0,0,1,1,-27.160221,-51.573895,SPRF-SC,DEL07-SC,UOP05-DEL07-SC,2023
"559531,0",2023-11-06,segunda-feira,14:30:00,SC,101,"50,0",JOINVILLE,Ausência de reação do condutor,Colisão traseira,Com Vítimas Feridas,Pleno dia,Decrescente,Céu Claro,Múltipla,Reta,Sim,2,0,1,0,1,0,1,2,-26.37546719,-48.85479619,SPRF-SC,DEL03-SC,UOP01-DEL03-SC,2023
"559588,0",2023-11-06,segunda-feira,17:36:00,SC,470,"138,0",RIO DO SUL,Reação tardia ou ineficiente do condutor,Colisão traseira,Com Vítimas Feridas,Anoitecer,Crescente,Céu Claro,Simples,Reta,Sim,2,0,0,1,1,0,1,2,-27.207214,-49.648476,SPRF-SC,DEL04-SC,UOP02-DEL04-SC,2023
"559589,0",2023-11-06,segunda-feira,18:45:00,SC,101,"152,0",PORTO BELO,Demais falhas mecânicas ou elétricas,Colisão com objeto,Com Vítimas Feridas,Pleno dia,Crescente,Céu Claro,Dupla,Curva,Não,1,0,1,0,0,0,1,1,-27.13563503,-48.61004665,SPRF-SC,DEL04-SC,UOP03-DEL04-SC,2023
"559591,0",2023-11-06,segunda-feira,08:30:00,SC,101,"328,5",CAPIVARI DE BAIXO,Ausência de reação do condutor,Colisão traseira,Sem Vítimas,Pleno dia,Crescente,Céu Claro,Dupla,Reta,Não,3,0,0,0,3,0,0,2,-28.44993985,-48.97138596,SPRF-SC,DEL02-SC,UOP01-DEL02-SC,2023
"559598,0",2023-11-06,segunda-feira,20:30:00,SC,101,"148,0",ITAPEMA,Acessar a via sem observar a presença dos outros veículos,Colisão lateral mesmo sentido,Com Vítimas Feridas,Plena Noite,Crescente,Ignorado,Dupla,Reta,Sim,3,0,1,0,2,0,1,2,-27.10123686,-48.61807962,SPRF-SC,DEL04-SC,UOP03-DEL04-SC,2023
"559600,0",2023-11-06,segunda-feira,19:14:00,SC,101,"203,9",SAO JOSE,Desrespeitar a preferência no cruzamento,Colisão transversal,Com Vítimas Feridas,Plena Noite,Crescente,Céu Claro,Múltipla,Reta,Sim,2,0,1,0,0,1,1,2,-27.5728434,-48.61385286,SPRF-SC,DEL01-SC,UOP01-DEL01-SC,2023
"559601,0",2023-11-06,segunda-feira,20:20:00,SC,101,"215,8",PALHOCA,Trafegar com motocicleta (ou similar) entre as faixas,Colisão lateral mesmo sentido,Com Vítimas Feridas,Plena Noite,Crescente,Nublado,Múltipla,Declive;Curva,Não,3,0,0,1,1,1,1,3,-27.65184843,-48.67604941,SPRF-SC,DEL01-SC,UOP02-DEL01-SC,2023
"559602,0",2023-11-06,segunda-feira,21:15:00,SC,101,"223,0",PALHOCA,Avarias e/ou desgaste excessivo no pneu,Tombamento,Com Vítimas Feridas,Plena Noite,Crescente,Céu Claro,Múltipla,Reta;Aclive,Não,1,0,1,0,0,0,1,1,-27.71552634,-48.64881251,SPRF-SC,DEL01-SC,UOP02-DEL01-SC,2023
"559613,0",2023-11-06,segunda-feira,21:25:00,SC,101,"159,0",PORTO BELO,Reação tardia ou ineficiente do condutor,Queda de ocupante de veículo,Com Vítimas Feridas,Plena Noite,Decrescente,Céu Claro,Múltipla,Reta,Sim,1,0,1,0,0,0,1,1,-27.1998778,-48.61534236,SPRF-SC,DEL04-SC,UOP03-DEL04-SC,2023
"559641,0",2023-11-07,terça-feira,06:30:00,SC,101,"115,0",ITAJAI,Demais falhas mecânicas ou elétricas,Tombamento,Com Vítimas Feridas,Pleno dia,Crescente,Céu Claro,Múltipla,Reta,Não,2,0,2,0,0,0,2,1,-26.87064015,-48.72954134,SPRF-SC,DEL04-SC,UOP04-DEL04-SC,2023
"559665,0",2023-11-07,terça-feira,08:30:00,SC,101,"125,0",ITAJAI,Ausência de reação do condutor,Colisão com objeto,Com Vítimas Feridas,Pleno dia,Decrescente,Céu Claro,Dupla,Reta,Não,2,0,1,1,0,0,2,1,-26.94802427,-48.68338515,SPRF-SC,DEL04-SC,UOP04-DEL04-SC,2023
"559684,0",2023-11-07,terça-feira,09:46:00,SC,101,"92,3",BARRA VELHA,Ausência de reação do condutor,Queda de ocupante de veículo,Com Vítimas Feridas,Pleno dia,Crescente,Céu Claro,Dupla,Reta,Não,1,0,1,0,0,0,1,1,-26.6806041,-48.6931497,SPRF-SC,DEL03-SC,UOP02-DEL03-SC,2023
"559703,0",2023-11-07,terça-feira,12:40:00,SC,282,"505,2",XANXERE,Desrespeitar a preferência no cruzamento,Colisão transversal,Com Vítimas Feridas,Pleno dia,Decrescente,Céu Claro,Simples,Interseção de Vias,Sim,2,0,1,0,1,0,1,2,-26.885883,-52.418762,SPRF-SC,DEL07-SC,UOP01-DEL07-SC,2023
"559705,0",2023-11-07,terça-feira,11:30:00,SC,280,"102,8",SAO BENTO DO SUL,Condutor deixou de manter distância do veículo da frente,Colisão traseira,Com Vítimas Feridas,Pleno dia,Crescente,Sol,Simples,Reta;Em Obras,Não,2,0,1,0,1,0,1,2,-26.36381888,-49.34016753,SPRF-SC,DEL06-SC,UOP03-DEL06-SC,2023
"559711,0",2023-11-07,terça-feira,13:50:00,SC,282,"16,3",PALHOCA,Manobra de mudança de faixa,Colisão lateral mesmo sentido,Com Vítimas Feridas,Pleno dia,Decrescente,Céu Claro,Simples,Reta;Interseção de Vias,Sim,3,0,2,0,1,0,2,2,-27.658611,-48.681847,SPRF-SC,DEL01-SC,UOP02-DEL01-SC,2023
"559718,0",2023-11-07,terça-feira,14:00:00,SC,101,"217,0",PALHOCA,Ausência de reação do condutor,Colisão com objeto,Com Vítimas Feridas,Pleno dia,Crescente,Céu Claro,Simples,Reta,Sim,3,0,3,0,0,0,3,1,-27.66779034,-48.67393586,SPRF-SC,DEL01-SC,UOP02-DEL01-SC,2023
"559743,0",2023-11-07,terça-feira,13:45:00,SC,280,"81,5",CORUPA,Ultrapassagem Indevida,Colisão lateral mesmo sentido,Com Vítimas Feridas,Pleno dia,Decrescente,Céu Claro,Simples,Reta;Aclive,Sim,3,0,2,1,0,0,3,2,-26.44057489,-49.217056,SPRF-SC,DEL06-SC,UOP03-DEL06-SC,2023
"559774,0",2023-11-07,terça-feira,16:40:00,SC,282,"290,9",SAO JOSE DO CERRITO,Ausência de reação do condutor,Saída de leito carroçável,Com Vítimas Feridas,Pleno dia,Decrescente,Céu Claro,Simples,Reta,Não,1,0,0,1,0,0,1,1,-27.55353864,-50.84479094,SPRF-SC,DEL05-SC,UOP02-DEL05-SC,2023
"559778,0",2023-11-07,terça-feira,18:15:00,SC,101,"44,3",JOINVILLE,Ultrapassagem Indevida,Colisão transversal,Com Vítimas Feridas,Anoitecer,Crescente,Céu Claro,Simples,Reta,Sim,2,0,0,1,1,0,1,2,-26.31238996,-48.87458997,SPRF-SC,DEL03-SC,UOP01-DEL03-SC,2023
"559780,0",2023-11-07,terça-feira,19:30:00,SC,282,"605,0",MARAVILHA,Acessar a via sem observar a presença dos outros veículos,Colisão transversal,Com Vítimas Feridas,Plena Noite,Crescente,Céu Claro,Simples,Declive,Não,2,0,1,0,1,0,1,2,-26.786951,-53.195248,SPRF-SC,DEL07-SC,UOP02-DEL07-SC,2023
"559792,0",2023-11-07,terça-feira,06:45:00,SC,282,"216,4",PALHOCA,Trafegar com motocicleta (ou similar) entre as faixas,Colisão transversal,Sem Vítimas,Pleno dia,Crescente,Céu Claro,Simples,Reta,Não,2,0,0,0,0,2,0,2,-27.659899,-48.683224,SPRF-SC,DEL05-SC,UOP01-DEL05-SC,2023
"559801,0",2023-11-07,terça-feira,19:40:00,SC,101,"416,9",ARARANGUA,Acessar a via sem observar a presença dos outros veículos,Colisão transversal,Com Vítimas Feridas,Plena Noite,Decrescente,Céu Claro,Múltipla,Reta,Não,3,0,1,0,2,0,1,2,-28.978721,-49.534859,SPRF-SC,DEL02-SC,UOP02-DEL02-SC,2023
"559816,0",2023-11-07,terça-feira,20:40:00,SC,470,"125,0",LONTRAS,Reação tardia ou ineficiente do condutor,Colisão frontal,Com Vítimas Feridas,Plena Noite,Crescente,Céu Claro,Simples,Reta,Sim,2,0,0,1,1,0,1,2,-27.120506,-49.534946,SPRF-SC,DEL04-SC,UOP02-DEL04-SC,2023
"559830,0",2023-11-08,quarta-feira,05:00:00,SC,470,"94,0",APIUNA,Acessar a via sem observar a presença dos outros veículos,Colisão transversal,Com Vítimas Feridas,Amanhecer,Crescente,Céu Claro,Simples,Reta,Não,2,0,1,0,1,0,1,2,-27.003345,-49.374668,SPRF-SC,DEL04-SC,UOP01-DEL04-SC,2023
"559866,0",2023-11-08,quarta-feira,08:55:00,SC,101,"199,7",SAO JOSE,Condutor deixou de manter distância do veículo da frente,Colisão traseira,Sem Vítimas,Pleno dia,Crescente,Céu Claro,Dupla,Reta,Não,4,0,0,0,2,2,0,4,-27.53413705,-48.63003205,SPRF-SC,DEL01-SC,UOP01-DEL01-SC,2023
"559909,0",2023-11-08,quarta-feira,11:55:00,SC,282,"343,4",CAMPOS NOVOS,Desrespeitar a preferência no cruzamento,Colisão transversal,Com Vítimas Feridas,Pleno dia,Crescente,Céu Claro,Simples,Reta,Sim,5,0,3,1,1,0,4,2,-27.387402,-51.232861,SPRF-SC,DEL07-SC,UOP06-DEL07-SC,2023
"559914,0",2023-11-08,quarta-feira,12:30:00,SC,470,"55,8",BLUMENAU,Acessar a via sem observar a presença dos outros veículos,Colisão transversal,Com Vítimas Feridas,Pleno dia,Crescente,Céu Claro,Simples,Reta,Sim,2,0,1,0,1,0,1,2,-26.87655779,-49.12630611,SPRF-SC,DEL04-SC,UOP01-DEL04-SC,2023
"559930,0",2023-11-08,quarta-feira,14:45:00,SC,101,"194,0",BIGUACU,Acessar a via sem observar a presença dos outros veículos,Colisão transversal,Com Vítimas Feridas,Pleno dia,Crescente,Céu Claro,Dupla,Interseção de Vias,Sim,2,0,1,0,1,0,1,2,-27.49815117,-48.65661236,SPRF-SC,DEL01-SC,UOP01-DEL01-SC,2023
"559956,0",2023-11-08,quarta-feira,16:30:00,SC,101,"147,0",ITAPEMA,Trafegar com motocicleta (ou similar) entre as faixas,Colisão traseira,Com Vítimas Feridas,Pleno dia,Decrescente,Nublado,Dupla,Reta,Sim,3,0,2,0,1,0,2,2,-27.09237407,-48.61730888,SPRF-SC,DEL04-SC,UOP03-DEL04-SC,2023
"559974,0",2023-11-08,quarta-feira,18:25:00,SC,280,"129,0",RIO NEGRINHO,Ingestão de álcool pelo condutor,Colisão traseira,Sem Vítimas,Amanhecer,Crescente,Céu Claro,Simples,Rotatória,Sim,2,0,0,0,2,0,0,2,-26.24586437,-49.52284615,SPRF-SC,DEL06-SC,UOP03-DEL06-SC,2023
"559976,0",2023-11-08,quarta-feira,18:35:00,SC,280,"7,6",SAO FRANCISCO DO SUL,Ausência de reação do condutor,Colisão transversal,Com Vítimas Feridas,Anoitecer,Crescente,Céu Claro,Simples,Reta,Sim,2,0,1,0,1,0,1,2,-26.27127101,-48.64129599,SPRF-SC,DEL03-SC,UOP03-DEL03-SC,2023
"559988,0",2023-11-08,quarta-feira,19:30:00,SC,101,"145,0",ITAPEMA,Avarias e/ou desgaste excessivo no pneu,Queda de ocupante de veículo,Com Vítimas Feridas,Plena Noite,Crescente,Céu Claro,Dupla,Reta,Sim,2,0,2,0,0,0,2,1,-27.08139206,-48.60130993,SPRF-SC,DEL04-SC,UOP03-DEL04-SC,2023
"559991,0",2023-11-08,quarta-feira,19:20:00,SC,470,"63,5",INDAIAL,Transitar na contramão,Colisão lateral sentido oposto,Com Vítimas Feridas,Plena Noite,Decrescente,Céu Claro,Simples,Curva,Não,2,0,1,0,0,1,1,2,-26.872396,-49.19228,SPRF-SC,DEL04-SC,UOP01-DEL04-SC,2023
"560002,0",2023-11-08,quarta-feira,20:40:00,SC,280,"23,1",ARAQUARI,Transitar no Acostamento,Queda de ocupante de veículo,Com Vítimas Feridas,Plena Noite,Crescente,Nublado,Simples,Curva,Sim,1,0,1,0,0,0,1,1,-26.37146,-48.711887,SPRF-SC,DEL03-SC,UOP03-DEL03-SC,2023
"560003,0",2023-11-08,quarta-feira,19:30:00,SC,101,"337,0",TUBARAO,Reação tardia ou ineficiente do condutor,Colisão com objeto,Com Vítimas Feridas,Plena Noite,Crescente,Céu Claro,Dupla,Túnel,Não,3,0,1,0,2,0,1,1,-28.47801624,-49.03246283,SPRF-SC,DEL02-SC,UOP01-DEL02-SC,2023
"560008,0",2023-11-08,quarta-feira,22:20:00,SC,101,"213,5",PALHOCA,Desrespeitar a preferência no cruzamento,Colisão transversal,Com Vítimas Feridas,Plena Noite,Decrescente,Céu Claro,Dupla,Interseção de Vias,Sim,2,0,0,1,1,0,1,2,-27.63697369,-48.66514142,SPRF-SC,DEL01-SC,UOP02-DEL01-SC,2023
"560018,0",2023-11-08,quarta-feira,23:30:00,SC,101,"208,0",SAO JOSE,Manobra de mudança de faixa,Colisão lateral mesmo sentido,Com Vítimas Feridas,Plena Noite,Decrescente,Céu Claro,Múltipla,Reta;Interseção de Vias,Sim,2,0,0,1,1,0,1,2,-27.60515742,-48.63351345,SPRF-SC,DEL01-SC,UOP01-DEL01-SC,2023
"560032,0",2023-11-09,quinta-feira,04:40:00,SC,101,"90,8",BARRA VELHA,Afundamento ou ondulação no pavimento,Tombamento,Com Vítimas Feridas,Amanhecer,Crescente,Céu Claro,Múltipla,Reta,Sim,1,0,1,0,0,0,1,1,-26.676498,-48.69180858,SPRF-SC,DEL03-SC,UOP02-DEL03-SC,2023
"560043,0",2023-11-09,quinta-feira,07:15:00,SC,470,"58,3",BLUMENAU,Acessar a via sem observar a presença dos outros veículos,Colisão transversal,Com Vítimas Feridas,Pleno dia,Crescente,Céu Claro,Simples,Reta;Em Obras,Não,3,0,1,0,2,0,1,2,-26.883879,-49.145622,SPRF-SC,DEL04-SC,UOP01-DEL04-SC,2023
"560056,0",2023-11-09,quinta-feira,07:30:00,SC,116,"4,5",MAFRA,Desrespeitar a preferência no cruzamento,Colisão transversal,Com Vítimas Feridas,Pleno dia,Crescente,Céu Claro,Simples,Interseção de Vias;Rotatória;Viaduto,Sim,6,0,4,0,2,0,4,2,-26.13908471,-49.81265545,SPRF-SC,DEL06-SC,UOP01-DEL06-SC,2023
"560103,0",2023-11-09,quinta-feira,13:20:00,SC,101,"311,7",LAGUNA,Ausência de reação do condutor,Colisão traseira,Com Vítimas Feridas,Pleno dia,Decrescente,Céu Claro,Múltipla,Curva,Sim,7,0,1,0,6,0,1,4,-28.433701,-48.806344,SPRF-SC,DEL02-SC,UOP01-DEL02-SC,2023
"560112,0",2023-11-09,quinta-feira,14:30:00,SC,280,"52,6",GUARAMIRIM,Acessar a via sem observar a presença dos outros veículos,Colisão traseira,Com Vítimas Feridas,Pleno dia,Crescente,Nublado,Simples,Reta;Em Obras,Sim,3,0,0,1,1,1,1,3,-26.468904,-48.96492,SPRF-SC,DEL03-SC,UOP03-DEL03-SC,2023
"560118,0",2023-11-09,quinta-feira,16:00:00,SC,101,"203,4",SAO JOSE,Trafegar com motocicleta (ou similar) entre as faixas,Colisão lateral mesmo sentido,Com Vítimas Feridas,Pleno dia,Crescente,Nevoeiro/Neblina,Múltipla,Reta,Não,2,0,1,0,1,0,1,2,-27.5650044,-48.61460082,SPRF-SC,DEL01-SC,UOP01-DEL01-SC,2023
"560119,0",2023-11-09,quinta-feira,09:50:00,SC,470,"143,6",RIO DO SUL,Acumulo de água sobre o pavimento,Colisão traseira,Sem Vítimas,Pleno dia,Decrescente,Garoa/Chuvisco,Simples,Reta,Sim,3,0,0,0,2,1,0,3,-27.233143,-49.672886,SPRF-SC,DEL04-SC,UOP02-DEL04-SC,2023