id,data_inversa,dia_semana,horario,uf,br,km,municipio,causa_acidente,tipo_acidente,classificacao_acidente,fase_dia,sentido_via,condicao_metereologica,tipo_pista,tracado_via,uso_solo,pessoas,mortos,feridos_leves,feridos_graves,ilesos,ignorados,feridos,veiculos,latitude,longitude,regional,delegacia,uop,ano_arquivo
"561163,0",2023-11-13,segunda-feira,17:56:00,SC,101,"281,0",IMBITUBA,Ingestão de álcool pelo condutor,Colisão traseira,Com Vítimas Feridas,Pleno dia,Crescente,Nublado,Dupla,Reta,Sim,2,0,1,0,1,0,1,2,-28.18793595,-48.69652041,SPRF-SC,DEL02-SC,UOP03-DEL02-SC,2023
"561211,0",2023-11-10,sexta-feira,17:50:00,SC,480,"130,0",CHAPECO,Entrada inopinada do pedestre,Atropelamento de Pedestre,Com Vítimas Feridas,Pleno dia,Crescente,Céu Claro,Dupla,Curva,Sim,3,0,2,0,1,0,2,3,-27.05534298,-52.63652069,SPRF-SC,DEL07-SC,UOP01-DEL07-SC,2023
"561228,0",2023-11-14,terça-feira,09:29:00,SC,280,"125,3",RIO NEGRINHO,Pista Escorregadia,Tombamento,Com Vítimas Feridas,Pleno dia,Decrescente,Chuva,Simples,Reta;Aclive,Sim,1,0,1,0,0,0,1,1,-26.23763684,-49.48434497,SPRF-SC,DEL06-SC,UOP03-DEL06-SC,2023
"561265,0",2023-09-27,quarta-feira,08:00:00,SC,101,"160,0",PORTO BELO,Ausência de reação do condutor,Colisão lateral mesmo sentido,Com Vítimas Feridas,Pleno dia,Decrescente,Chuva,Dupla,Reta,Não,2,0,1,0,1,0,1,2,-27.20831288,-48.61987922,SPRF-SC,DEL04-SC,UOP03-DEL04-SC,2023
"561273,0",2023-11-14,terça-feira,11:20:00,SC,282,"50,4",AGUAS MORNAS,Chuva,Colisão frontal,Com Vítimas Fatais,Pleno dia,Decrescente,Chuva,Simples,Reta;Declive,Sim,4,1,0,3,0,0,3,2,-27.7059816,-48.9554128,SPRF-SC,DEL01-SC,UOP03-DEL01-SC,2023
"561278,0",2023-07-02,domingo,20:00:00,SC,470,"47,3",BLUMENAU,Acessar a via sem observar a presença dos outros veículos,Queda de ocupante de veículo,Com Vítimas Feridas,Plena Noite,Decrescente,Nublado,Simples,Reta;Em Obras;Viaduto,Sim,2,0,1,0,1,0,1,2,-26.864044,-49.046516,SPRF-SC,DEL04-SC,UOP01-DEL04-SC,2023
"561279,0",2023-11-14,terça-feira,15:20:00,SC,101,"123,0",ITAJAI,Ausência de reação do condutor,Saída de leito carroçável,Com Vítimas Feridas,Pleno dia,Crescente,Nublado,Múltipla,Reta,Não,1,0,0,1,0,0,1,1,-26.93668609,-48.69876905,SPRF-SC,DEL04-SC,UOP04-DEL04-SC,2023
"561282,0",2023-11-14,terça-feira,15:25:00,SC,282,"4,0",FLORIANOPOLIS,Pedestre cruzava a pista fora da faixa,Atropelamento de Pedestre,Com Vítimas Feridas,Pleno dia,Crescente,Chuva,Múltipla,Reta,Não,2,0,1,1,0,0,2,2,-27.592646,-48.604034,SPRF-SC,DEL01-SC,UOP01-DEL01-SC,2023
"561294,0",2023-11-14,terça-feira,16:20:00,SC,101,"121,0",ITAJAI,Trafegar com motocicleta (ou similar) entre as faixas,Colisão traseira,Com Vítimas Feridas,Pleno dia,Decrescente,Nublado,Múltipla,Reta,Sim,2,0,1,0,1,0,1,2,-26.92103178,-48.70856446,SPRF-SC,DEL04-SC,UOP04-DEL04-SC,2023
"561302,0",2023-11-14,terça-feira,16:40:00,SC,282,"210,0",LAGES,Reação tardia ou ineficiente do condutor,Saída de leito carroçável,Com Vítimas Feridas,Pleno dia,Decrescente,Chuva,Simples,Reta;Aclive,Não,2,0,1,0,1,0,1,1,-27.778582,-50.231815,SPRF-SC,DEL05-SC,UOP01-DEL05-SC,2023
"561316,0",2023-11-14,terça-feira,17:15:00,SC,280,"128,0",RIO NEGRINHO,Trafegar com motocicleta (ou similar) entre as faixas,Colisão lateral mesmo sentido,Com Vítimas Feridas,Pleno dia,Crescente,Céu Claro,Simples,Reta,Sim,2,0,2,0,0,0,2,2,-26.24317941,-49.51320018,SPRF-SC,DEL06-SC,UOP03-DEL06-SC,2023
"561329,0",2023-11-14,terça-feira,17:30:00,SC,101,"123,0",ITAJAI,Ausência de reação do condutor,Colisão lateral mesmo sentido,Com Vítimas Feridas,Anoitecer,Decrescente,Nublado,Múltipla,Reta,Não,2,0,1,0,1,0,1,2,-26.93668609,-48.69876905,SPRF-SC,DEL04-SC,UOP04-DEL04-SC,2023
"561334,0",2023-11-14,terça-feira,18:10:00,SC,101,"134,0",BALNEARIO CAMBORIU,Acessar a via sem observar a presença dos outros veículos,Colisão transversal,Com Vítimas Feridas,Anoitecer,Crescente,Céu Claro,Múltipla,Reta,Sim,2,0,1,0,1,0,1,2,-27.00542375,-48.62641633,SPRF-SC,DEL04-SC,UOP03-DEL04-SC,2023
"561336,0",2023-11-14,terça-feira,19:05:00,SC,101,"115,0",ITAJAI,Trafegar com motocicleta (ou similar) entre as faixas,Colisão traseira,Com Vítimas Feridas,Plena Noite,Decrescente,Nublado,Múltipla,Reta,Não,3,0,1,0,2,0,1,2,-26.87064015,-48.72954134,SPRF-SC,DEL04-SC,UOP04-DEL04-SC,2023
"561374,0",2023-11-14,terça-feira,16:00:00,SC,470,"192,0",POUSO REDONDO,Acessar a via sem observar a presença dos outros veículos,Colisão transversal,Sem Vítimas,Pleno dia,Decrescente,Chuva,Simples,Curva,Não,2,0,0,0,2,0,0,2,-27.293324,-50.078678,SPRF-SC,DEL04-SC,UOP02-DEL04-SC,2023
"561380,0",2023-11-14,terça-feira,20:45:00,SC,101,"345,0",TUBARAO,Ausência de reação do condutor,Saída de leito carroçável,Com Vítimas Feridas,Plena Noite,Decrescente,Garoa/Chuvisco,Dupla,Reta,Não,2,0,2,0,0,0,2,1,-28.55542527,-49.05412674,SPRF-SC,DEL02-SC,UOP01-DEL02-SC,2023
"561397,0",2023-11-14,terça-feira,22:40:00,SC,470,"60,6",BLUMENAU,Ultrapassagem Indevida,Colisão lateral sentido oposto,Com Vítimas Feridas,Plena Noite,Crescente,Chuva,Simples,Curva,Sim,3,0,1,1,1,0,2,3,-26.88138,-49.164543,SPRF-SC,DEL04-SC,UOP01-DEL04-SC,2023
"561405,0",2023-11-15,quarta-feira,03:20:00,SC,101,"419,0",ARARANGUA,Acesso irregular,Saída de leito carroçável,Sem Vítimas,Plena Noite,Decrescente,Nublado,Simples,Reta,Sim,2,0,0,0,2,0,0,1,-28.99148816,-49.54805017,SPRF-SC,DEL02-SC,UOP02-DEL02-SC,2023
"561417,0",2023-11-15,quarta-feira,04:15:00,SC,163,"66,9",SAO MIGUEL DO OESTE,Ausência de reação do condutor,Colisão com objeto,Com Vítimas Feridas,Plena Noite,Crescente,Chuva,Dupla,Reta,Sim,1,0,1,0,0,0,1,1,-26.76829633,-53.50019222,SPRF-SC,DEL07-SC,UOP03-DEL07-SC,2023
"561418,0",2023-11-15,quarta-feira,01:45:00,SC,163,"0,8",DIONISIO CERQUEIRA,Acessar a via sem observar a presença dos outros veículos,Colisão transversal,Sem Vítimas,Plena Noite,Decrescente,Céu Claro,Simples,Reta,Sim,2,0,0,0,1,1,0,2,-26.2613,-53.6206,SPRF-SC,DEL07-SC,UOP03-DEL07-SC,2023
"561428,0",2023-11-15,quarta-feira,07:30:00,SC,101,"208,3",SAO JOSE,Condutor desrespeitou a iluminação vermelha do semáforo,Colisão transversal,Com Vítimas Feridas,Pleno dia,Decrescente,Nublado,Dupla,Viaduto;Interseção de Vias,Sim,2,0,0,1,1,0,1,2,-27.60624127,-48.63471508,SPRF-SC,DEL01-SC,UOP01-DEL01-SC,2023
"561452,0",2023-11-15,quarta-feira,07:30:00,SC,116,"122,5",SANTA CECILIA,Acumulo de água sobre o pavimento,Saída de leito carroçável,Com Vítimas Feridas,Pleno dia,Decrescente,Chuva,Simples,Reta,Não,2,0,1,0,1,0,1,1,-26.83694681,-50.39216836,SPRF-SC,DEL06-SC,UOP02-DEL06-SC,2023
"561456,0",2023-10-20,sexta-feira,00:16:00,SC,101,"151,0",ITAPEMA,Ingestão de álcool pelo condutor,Colisão traseira,Sem Vítimas,Plena Noite,Crescente,Nublado,Dupla,Reta,Sim,2,0,0,0,1,1,0,2,-27.126536,-48.609642,SPRF-SC,DEL04-SC,UOP03-DEL04-SC,2023
"561478,0",2023-11-15,quarta-feira,11:23:00,SC,101,"49,3",JOINVILLE,Reação tardia ou ineficiente do condutor,Colisão traseira,Com Vítimas Feridas,Pleno dia,Crescente,Nublado,Dupla,Curva;Aclive,Sim,3,0,2,0,1,0,2,2,-26.38266909,-48.85132492,SPRF-SC,DEL03-SC,UOP01-DEL03-SC,2023
"561488,0",2023-11-15,quarta-feira,14:00:00,SC,101,"212,6",PALHOCA,Ausência de reação do condutor,Queda de ocupante de veículo,Com Vítimas Feridas,Pleno dia,Decrescente,Nublado,Dupla,Declive;Curva,Sim,1,0,1,0,0,0,1,1,-27.62996929,-48.65903871,SPRF-SC,DEL01-SC,UOP02-DEL01-SC,2023
"561509,0",2023-11-15,quarta-feira,17:45:00,SC,280,"52,0",GUARAMIRIM,Demais falhas mecânicas ou elétricas,Queda de ocupante de veículo,Com Vítimas Feridas,Anoitecer,Decrescente,Nublado,Dupla,Reta,Sim,1,0,1,0,0,0,1,1,-26.468904,-48.96492,SPRF-SC,DEL03-SC,UOP03-DEL03-SC,2023
"561519,0",2023-11-12,domingo,22:19:00,SC,282,"354,8",CAMPOS NOVOS,Velocidade Incompatível,Saída de leito carroçável,Sem Vítimas,Plena Noite,Crescente,Nublado,Simples,Curva,Não,1,0,0,0,0,1,0,1,-27.35796,-51.330452,SPRF-SC,DEL07-SC,UOP06-DEL07-SC,2023
"561520,0",2023-11-15,quarta-feira,19:10:00,SC,280,"43,0",GUARAMIRIM,Deficiência do Sistema de Iluminação/Sinalização,Colisão transversal,Com Vítimas Feridas,Plena Noite,Crescente,Céu Claro,Simples,Em Obras;Desvio Temporário;Reta,Não,2,0,1,0,1,0,1,2,-26.45118786,-48.87789901,SPRF-SC,DEL03-SC,UOP03-DEL03-SC,2023
"561530,0",2023-11-15,quarta-feira,18:30:00,SC,280,"128,0",RIO NEGRINHO,Ausência de reação do condutor,Saída de leito carroçável,Com Vítimas Feridas,Pleno dia,Decrescente,Nublado,Simples,Reta,Sim,1,0,1,0,0,0,1,1,-26.24317941,-49.51320018,SPRF-SC,DEL06-SC,UOP03-DEL06-SC,2023
"561538,0",2023-11-15,quarta-feira,18:45:00,SC,101,"222,0",PALHOCA,Avarias e/ou desgaste excessivo no pneu,Queda de ocupante de veículo,Com Vítimas Feridas,Plena Noite,Crescente,Céu Claro,Dupla,Reta,Não,2,0,2,0,0,0,2,1,-27.70865409,-48.65586407,SPRF-SC,DEL01-SC,UOP02-DEL01-SC,2023
"561539,0",2023-11-15,quarta-feira,18:45:00,SC,101,"217,0",PALHOCA,Ingestão de álcool pelo condutor,Colisão com objeto,Com Vítimas Feridas,Plena Noite,Decrescente,Chuva,Dupla,Reta,Sim,2,0,1,0,1,0,1,2,-27.66779034,-48.67393586,SPRF-SC,DEL01-SC,UOP02-DEL01-SC,2023
"561579,0",2023-11-16,quinta-feira,05:55:00,SC,163,"74,0",SAO MIGUEL DO OESTE,Velocidade Incompatível,Colisão traseira,Com Vítimas Feridas,Amanhecer,Decrescente,Ignorado,Simples,Reta,Não,2,0,1,0,1,0,1,2,-26.70200479,-53.51350653,SPRF-SC,DEL07-SC,UOP03-DEL07-SC,2023
"561634,0",2023-11-16,quinta-feira,11:50:00,SC,101,"145,0",ITAPEMA,Reação tardia ou ineficiente do condutor,Queda de ocupante de veículo,Com Vítimas Feridas,Pleno dia,Decrescente,Chuva,Dupla,Curva,Sim,1,0,0,1,0,0,1,1,-27.08139206,-48.60130993,SPRF-SC,DEL04-SC,UOP03-DEL04-SC,2023
"561654,0",2023-10-31,terça-feira,16:15:00,SC,470,"263,5",CURITIBANOS,Reação tardia ou ineficiente do condutor,Saída de leito carroçável,Com Vítimas Feridas,Pleno dia,Crescente,Céu Claro,Simples,Reta,Não,2,0,0,2,0,0,2,1,-27.302788,-50.701061,SPRF-SC,DEL05-SC,UOP03-DEL05-SC,2023
"561682,0",2023-11-16,quinta-feira,16:20:00,SC,101,"137,0",BALNEARIO CAMBORIU,Desrespeitar a preferência no cruzamento,Colisão transversal,Com Vítimas Feridas,Pleno dia,Crescente,Chuva,Dupla,Retorno Regulamentado;Interseção de Vias,Sim,2,0,1,0,1,0,1,2,-27.0157238,-48.61192763,SPRF-SC,DEL04-SC,UOP03-DEL04-SC,2023
"561697,0",2023-11-16,quinta-feira,17:15:00,SC,280,"126,0",RIO NEGRINHO,Reação tardia ou ineficiente do condutor,Colisão traseira,Sem Vítimas,Pleno dia,Crescente,Nublado,Simples,Declive;Reta,Sim,2,0,0,0,2,0,0,2,-26.23826122,-49.49702382,SPRF-SC,DEL06-SC,UOP03-DEL06-SC,2023
"561715,0",2023-11-16,quinta-feira,20:20:00,SC,101,"151,0",PORTO BELO,Ausência de reação do condutor,Colisão lateral mesmo sentido,Com Vítimas Feridas,Plena Noite,Decrescente,Chuva,Dupla,Reta,Sim,2,0,2,0,0,0,2,2,-27.126536,-48.609642,SPRF-SC,DEL04-SC,UOP03-DEL04-SC,2023
"561729,0",2023-11-16,quinta-feira,19:10:00,SC,101,"280,0",IMBITUBA,Ausência de reação do condutor,Saída de leito carroçável,Com Vítimas Feridas,Plena Noite,Crescente,Céu Claro,Dupla,Reta,Sim,1,0,1,0,0,0,1,1,-28.17962805,-48.6956297,SPRF-SC,DEL02-SC,UOP03-DEL02-SC,2023
"561769,0",2023-11-17,sexta-feira,07:15:00,SC,101,"216,4",PALHOCA,Ultrapassagem Indevida,Colisão transversal,Sem Vítimas,Pleno dia,Decrescente,Chuva,Dupla,Interseção de Vias,Sim,2,0,0,0,1,1,0,2,-27.65981409,-48.67747798,SPRF-SC,DEL01-SC,UOP02-DEL01-SC,2023
"561792,0",2023-11-17,sexta-feira,09:10:00,SC,470,"52,4",BLUMENAU,Retorno proibido,Colisão lateral mesmo sentido,Com Vítimas Feridas,Pleno dia,Crescente,Garoa/Chuvisco,Simples,Reta,Sim,2,0,1,0,1,0,1,2,-26.86393146,-49.09777164,SPRF-SC,DEL04-SC,UOP01-DEL04-SC,2023
"561796,0",2023-11-17,sexta-feira,09:00:00,SC,101,"334,3",TUBARAO,Ausência de reação do condutor,Colisão traseira,Com Vítimas Feridas,Pleno dia,Decrescente,Chuva,Simples,Reta,Sim,2,0,1,0,1,0,1,2,-28.46730446,-49.00604302,SPRF-SC,DEL02-SC,UOP01-DEL02-SC,2023
"561834,0",2023-11-17,sexta-feira,12:15:00,SC,282,"130,9",BOM RETIRO,Acumulo de água sobre o pavimento,Saída de leito carroçável,Com Vítimas Feridas,Pleno dia,Crescente,Chuva,Simples,Curva,Não,1,0,1,0,0,0,1,1,-27.803255,-49.505241,SPRF-SC,DEL05-SC,UOP01-DEL05-SC,2023
"561858,0",2023-11-17,sexta-feira,14:41:00,SC,101,"189,6",BIGUACU,Velocidade Incompatível,Colisão com objeto,Com Vítimas Feridas,Pleno dia,Crescente,Nublado,Dupla,Declive;Curva,Não,2,0,0,1,1,0,1,1,-27.46498469,-48.64213943,SPRF-SC,DEL01-SC,UOP01-DEL01-SC,2023
"561907,0",2023-11-17,sexta-feira,19:20:00,SC,101,"227,0",PALHOCA,Acumulo de areia ou detritos sobre o pavimento,Tombamento,Com Vítimas Feridas,Plena Noite,Crescente,Nublado,Simples,Interseção de Vias,Sim,2,0,1,0,1,0,1,1,-27.7509149,-48.63460277,SPRF-SC,DEL01-SC,UOP02-DEL01-SC,2023
"561909,0",2023-11-17,sexta-feira,19:15:00,SC,101,"260,2",GAROPABA,Velocidade Incompatível,Saída de leito carroçável,Com Vítimas Feridas,Plena Noite,Crescente,Nublado,Dupla,Declive;Curva,Não,1,0,1,0,0,0,1,1,-28.0210609,-48.69789507,SPRF-SC,DEL02-SC,UOP03-DEL02-SC,2023
"561916,0",2023-11-17,sexta-feira,18:05:00,SC,280,"101,0",SAO BENTO DO SUL,Reação tardia ou ineficiente do condutor,Saída de leito carroçável,Com Vítimas Feridas,Anoitecer,Crescente,Nevoeiro/Neblina,Simples,Curva,Não,2,0,1,0,1,0,1,1,-26.36622569,-49.34118748,SPRF-SC,DEL06-SC,UOP03-DEL06-SC,2023
"561950,0",2023-11-17,sexta-feira,19:30:00,SC,470,"203,8",PONTE ALTA,Objeto estático sobre o leito carroçável,Colisão com objeto,Com Vítimas Feridas,Plena Noite,Decrescente,Nevoeiro/Neblina,Simples,Reta;Declive,Não,3,0,2,0,1,0,2,1,-27.28935,-50.16645,SPRF-SC,DEL05-SC,UOP03-DEL05-SC,2023
"561968,0",2023-11-18,sábado,03:00:00,SC,282,"582,0",PINHALZINHO,Ingestão de álcool pelo condutor,Colisão frontal,Com Vítimas Feridas,Plena Noite,Crescente,Céu Claro,Dupla,Curva,Não,5,0,4,0,1,0,4,2,-26.82866639,-53.00971985,SPRF-SC,DEL07-SC,UOP02-DEL07-SC,2023
"561971,0",2023-11-18,sábado,04:20:00,SC,101,"148,0",ITAPEMA,Ingestão de álcool pelo condutor,Colisão traseira,Com Vítimas Feridas,Plena Noite,Decrescente,Céu Claro,Múltipla,Reta,Não,2,0,1,0,1,0,1,2,-27.10123686,-48.61807962,SPRF-SC,DEL04-SC,UOP03-DEL04-SC,2023
"561984,0",2023-11-18,sábado,06:00:00,SC,480,"127,6",CHAPECO,Ingestão de álcool pelo condutor,Saída de leito carroçável,Com Vítimas Feridas,Amanhecer,Crescente,Nublado,Simples,Aclive;Reta,Sim,3,0,2,1,0,0,3,1,-27.033724,-52.633896,SPRF-SC,DEL07-SC,UOP01-DEL07-SC,2023
"561986,0",2023-11-17,sexta-feira,22:15:00,SC,470,"51,0",BLUMENAU,Acessar a via sem observar a presença dos outros veículos,Colisão traseira,Com Vítimas Feridas,Plena Noite,Decrescente,Garoa/Chuvisco,Múltipla,Reta,Sim,3,0,2,0,1,0,2,2,-26.862339,-49.084038,SPRF-SC,DEL04-SC,UOP01-DEL04-SC,2023
"562023,0",2023-11-18,sábado,09:20:00,SC,101,"195,1",BIGUACU,Acessar a via sem observar a presença dos outros veículos,Colisão traseira,Com Vítimas Feridas,Pleno dia,Crescente,Nublado,Múltipla,Reta,Sim,2,0,0,1,1,0,1,2,-27.5047092,-48.65010819,SPRF-SC,DEL01-SC,UOP01-DEL01-SC,2023
"562047,0",2023-11-07,terça-feira,04:50:00,SC,470,"52,0",BLUMENAU,Sinalização mal posicionada,Colisão com objeto,Com Vítimas Feridas,Amanhecer,Crescente,Nublado,Simples,Interseção de Vias;Retorno Regulamentado;Desvio Temporário;Em Obras,Sim,1,0,1,0,0,0,1,1,-26.862286,-49.093903,SPRF-SC,DEL04-SC,UOP01-DEL04-SC,2023
"562076,0",2023-11-18,sábado,13:05:00,SC,282,"491,2",FAXINAL DOS GUEDES,Acumulo de óleo sobre o pavimento,Colisão transversal,Com Vítimas Feridas,Pleno dia,Crescente,Garoa/Chuvisco,Simples,Curva,Não,8,0,1,0,7,0,1,4,-26.872433,-52.291599,SPRF-SC,DEL07-SC,UOP01-DEL07-SC,2023
"562088,0",2023-11-18,sábado,16:05:00,SC,282,"22,9",SANTO AMARO DA IMPERATRIZ,Ultrapassagem Indevida,Colisão lateral mesmo sentido,Com Vítimas Feridas,Pleno dia,Decrescente,Nublado,Simples,Curva,Sim,4,0,0,1,1,2,1,3,-27.688507,-48.72739,SPRF-SC,DEL01-SC,UOP02-DEL01-SC,2023
"562098,0",2023-11-18,sábado,17:00:00,SC,101,"205,7",SAO JOSE,Reação tardia ou ineficiente do condutor,Colisão traseira,Com Vítimas Feridas,Pleno dia,Crescente,Nublado,Múltipla,Reta,Sim,3,0,1,0,2,0,1,2,-27.58313237,-48.61532885,SPRF-SC,DEL01-SC,UOP01-DEL01-SC,2023
"562133,0",2023-11-18,sábado,20:00:00,SC,101,"429,8",SOMBRIO,Ingestão de álcool pelo condutor,Colisão traseira,Com Vítimas Feridas,Plena Noite,Decrescente,Nublado,Múltipla,Reta,Não,2,0,1,0,1,0,1,2,-29.04753891,-49.61825012,SPRF-SC,DEL02-SC,UOP02-DEL02-SC,2023
"562135,0",2023-11-18,sábado,20:40:00,SC,101,"291,0",IMBITUBA,Acessar a via sem observar a presença dos outros veículos,Colisão frontal,Sem Vítimas,Plena Noite,Crescente,Nublado,Simples,Interseção de Vias,Não,3,0,0,0,3,0,0,2,-28.28960314,-48.70724738,SPRF-SC,DEL02-SC,UOP03-DEL02-SC,2023
"562138,0",2023-11-18,sábado,20:30:00,SC,470,"35,3",GASPAR,Ausência de reação do condutor,Colisão com objeto,Com Vítimas Feridas,Plena Noite,Crescente,Céu Claro,Simples,Reta;Em Obras;Desvio Temporário,Não,2,0,1,1,0,0,2,1,-26.91324681,-48.96241128,SPRF-SC,DEL04-SC,UOP01-DEL04-SC,2023
"562139,0",2023-11-18,sábado,20:35:00,SC,470,"35,3",GASPAR,Ingestão de álcool pelo condutor,Atropelamento de Pedestre,Com Vítimas Fatais,Plena Noite,Crescente,Nevoeiro/Neblina,Simples,Reta;Em Obras,Não,3,1,0,0,1,1,0,2,-26.91324681,-48.96226108,SPRF-SC,DEL04-SC,UOP01-DEL04-SC,2023
"562145,0",2023-11-18,sábado,21:10:00,SC,101,"254,6",PAULO LOPES,Velocidade Incompatível,Colisão com objeto,Com Vítimas Feridas,Plena Noite,Crescente,Nublado,Múltipla,Curva;Interseção de Vias,Sim,2,0,2,0,0,0,2,1,-27.98075872,-48.67985129,SPRF-SC,DEL02-SC,UOP03-DEL02-SC,2023
"562167,0",2023-11-18,sábado,18:00:00,SC,101,"340,5",TUBARAO,Ingestão de álcool pelo condutor,Colisão com objeto,Com Vítimas Feridas,Anoitecer,Crescente,Nublado,Dupla,Reta,Não,1,0,0,1,0,0,1,1,-28.50999405,-49.05070686,SPRF-SC,DEL02-SC,UOP01-DEL02-SC,2023
"562188,0",2023-11-19,domingo,03:15:00,SC,101,"404,8",ARARANGUA,Ausência de reação do condutor,Saída de leito carroçável,Com Vítimas Feridas,Plena Noite,Decrescente,Céu Claro,Múltipla,Reta,Não,2,0,1,0,1,0,1,1,-28.87801417,-49.45745479,SPRF-SC,DEL02-SC,UOP02-DEL02-SC,2023
"562196,0",2023-11-19,domingo,04:30:00,SC,470,"42,8",GASPAR,Ausência de reação do condutor,Colisão com objeto,Sem Vítimas,Plena Noite,Crescente,Céu Claro,Simples,Em Obras;Curva,Não,1,0,0,0,1,0,0,1,-26.87463806,-49.01284754,SPRF-SC,DEL04-SC,UOP01-DEL04-SC,2023
"562223,0",2023-11-05,domingo,13:00:00,SC,101,"209,0",SAO JOSE,Reação tardia ou ineficiente do condutor,Engavetamento,Com Vítimas Feridas,Pleno dia,Decrescente,Céu Claro,Múltipla,Reta,Sim,7,0,4,0,3,0,4,3,-27.61000542,-48.63895057,SPRF-SC,DEL01-SC,UOP01-DEL01-SC,2023
"562247,0",2023-11-19,domingo,10:50:00,SC,101,"138,0",BALNEARIO CAMBORIU,Ingestão de álcool pelo condutor,Colisão com objeto,Sem Vítimas,Pleno dia,Decrescente,Nublado,Dupla,Reta,Sim,1,0,0,0,1,0,0,1,-27.02397426,-48.60761649,SPRF-SC,DEL04-SC,UOP03-DEL04-SC,2023
"562251,0",2023-11-19,domingo,08:50:00,SC,282,"117,0",ALFREDO WAGNER,Manobra de mudança de faixa,Saída de leito carroçável,Com Vítimas Feridas,Pleno dia,Crescente,Céu Claro,Simples,Reta,Não,4,0,3,0,1,0,3,1,-27.770338,-49.404785,SPRF-SC,DEL01-SC,UOP03-DEL01-SC,2023
"562277,0",2023-11-19,domingo,07:00:00,SC,101,"414,6",ARARANGUA,Condutor Dormindo,Saída de leito carroçável,Com Vítimas Feridas,Amanhecer,Crescente,Nublado,Múltipla,Curva,Sim,1,0,1,0,0,0,1,1,-28.95360392,-49.50985011,SPRF-SC,DEL02-SC,UOP02-DEL02-SC,2023
"562284,0",2023-11-19,domingo,13:50:00,SC,101,"210,0",SAO JOSE,Objeto estático sobre o leito carroçável,Colisão com objeto,Com Vítimas Feridas,Pleno dia,Crescente,Céu Claro,Dupla,Reta,Sim,3,0,1,0,2,0,1,2,-27.6167305,-48.6457265,SPRF-SC,DEL01-SC,UOP01-DEL01-SC,2023
"562297,0",2023-11-16,quinta-feira,01:05:00,SC,470,"284,9",BRUNOPOLIS,Demais falhas mecânicas ou elétricas,Incêndio,Sem Vítimas,Plena Noite,Decrescente,Chuva,Simples,Reta;Aclive,Não,1,0,0,0,0,1,0,1,-27.331482,-50.902504,SPRF-SC,DEL07-SC,UOP06-DEL07-SC,2023
"562303,0",2023-11-19,domingo,15:45:00,SC,470,"141,1",RIO DO SUL,Problema com o freio,Colisão transversal,Com Vítimas Feridas,Pleno dia,Crescente,Céu Claro,Simples,Desvio Temporário;Declive;Retorno Regulamentado,Sim,2,0,1,0,1,0,1,2,-27.206988,-49.64870811,SPRF-SC,DEL04-SC,UOP02-DEL04-SC,2023
"562317,0",2023-10-22,domingo,22:20:00,SC,280,"213,6",TRES BARRAS,Transitar na contramão,Colisão frontal,Com Vítimas Fatais,Plena Noite,Decrescente,Céu Claro,Simples,Reta;Aclive,Não,3,1,0,2,0,0,2,2,-26.181212,-50.198264,SPRF-SC,DEL06-SC,UOP04-DEL06-SC,2023
"562365,0",2023-11-19,domingo,19:20:00,SC,101,"216,3",PALHOCA,Desrespeitar a preferência no cruzamento,Colisão transversal,Sem Vítimas,Plena Noite,Crescente,Céu Claro,Dupla,Reta;Interseção de Vias;Viaduto,Sim,2,0,0,0,0,2,0,2,-27.65981409,-48.67747798,SPRF-SC,DEL01-SC,UOP02-DEL01-SC,2023
"562378,0",2023-11-19,domingo,22:30:00,SC,101,"125,3",ITAJAI,Demais falhas mecânicas ou elétricas,Tombamento,Com Vítimas Feridas,Plena Noite,Decrescente,Nublado,Dupla,Reta,Não,1,0,0,1,0,0,1,1,-26.94802427,-48.68338515,SPRF-SC,DEL04-SC,UOP04-DEL04-SC,2023
"562380,0",2023-11-19,domingo,18:00:00,SC,153,"63,0",VARGEM BONITA,Manobra de mudança de faixa,Colisão transversal,Com Vítimas Feridas,Pleno dia,Decrescente,Céu Claro,Simples,Reta,Não,6,0,0,2,0,4,2,3,-26.994884,-51.87051,SPRF-SC,DEL07-SC,UOP04-DEL07-SC,2023
"562386,0",2023-11-19,domingo,19:30:00,SC,280,"304,3",PORTO UNIAO,Desrespeitar a preferência no cruzamento,Colisão transversal,Com Vítimas Feridas,Plena Noite,Decrescente,Céu Claro,Simples,Reta,Não,3,0,2,0,1,0,2,2,-26.27999553,-51.05063229,SPRF-SC,DEL06-SC,UOP04-DEL06-SC,2023
"562388,0",2023-11-19,domingo,23:20:00,SC,101,"212,1",PALHOCA,Demais falhas mecânicas ou elétricas,Eventos atípicos,Com Vítimas Feridas,Plena Noite,Crescente,Céu Claro,Dupla,Interseção de Vias,Sim,2,0,2,0,0,0,2,1,-27.63737689,-48.66554171,SPRF-SC,DEL01-SC,UOP02-DEL01-SC,2023
"562413,0",2023-11-19,domingo,22:40:00,SC,101,"315,3",LAGUNA,Ingestão de álcool e/ou substâncias psicoativas pelo pedestre,Atropelamento de Pedestre,Com Vítimas Feridas,Plena Noite,Decrescente,Céu Claro,Dupla,Ponte,Sim,2,0,0,1,1,0,1,2,-28.42889239,-48.85061145,SPRF-SC,DEL02-SC,UOP01-DEL02-SC,2023