id,data_inversa,dia_semana,horario,uf,br,km,municipio,causa_acidente,tipo_acidente,classificacao_acidente,fase_dia,sentido_via,condicao_metereologica,tipo_pista,tracado_via,uso_solo,pessoas,mortos,feridos_leves,feridos_graves,ilesos,ignorados,feridos,veiculos,latitude,longitude,regional,delegacia,uop,ano_arquivo
"562417,0",2023-11-20,segunda-feira,04:30:00,SC,101,"200,1",SAO JOSE,Ausência de reação do condutor,Colisão frontal,Com Vítimas Fatais,Plena Noite,Decrescente,Céu Claro,Múltipla,Reta;Declive,Sim,2,1,0,0,0,1,0,2,-27.54003083,-48.62261295,SPRF-SC,DEL01-SC,UOP01-DEL01-SC,2023
"562418,0",2023-11-20,segunda-feira,04:35:00,SC,282,"460,5",PONTE SERRADA,Reação tardia ou ineficiente do condutor,Colisão traseira,Sem Vítimas,Amanhecer,Decrescente,Céu Claro,Simples,Reta,Sim,5,0,0,0,4,1,0,2,-26.856062,-52.03215,SPRF-SC,DEL07-SC,UOP04-DEL07-SC,2023
"562422,0",2023-11-20,segunda-feira,00:30:00,SC,101,"445,4",SANTA ROSA DO SUL,Reação tardia ou ineficiente do condutor,Colisão com objeto,Sem Vítimas,Plena Noite,Crescente,Ignorado,Dupla,Reta,Não,1,0,0,0,1,0,0,1,-29.13876138,-49.71567783,SPRF-SC,DEL02-SC,UOP02-DEL02-SC,2023
"562444,0",2023-11-20,segunda-feira,07:22:00,SC,101,"212,3",PALHOCA,Condutor deixou de manter distância do veículo da frente,Colisão traseira,Com Vítimas Feridas,Pleno dia,Decrescente,Nublado,Múltipla,Reta,Sim,3,0,1,1,1,0,2,2,-27.62996929,-48.65903871,SPRF-SC,DEL01-SC,UOP02-DEL01-SC,2023
"562460,0",2023-11-20,segunda-feira,08:40:00,SC,280,"22,6",ARAQUARI,Acessar a via sem observar a presença dos outros veículos,Colisão transversal,Com Vítimas Feridas,Pleno dia,Decrescente,Nublado,Simples,Reta,Sim,2,0,0,1,1,0,1,2,-26.37112809,-48.70696306,SPRF-SC,DEL03-SC,UOP03-DEL03-SC,2023
"562504,0",2023-11-20,segunda-feira,13:00:00,SC,101,"189,9",BIGUACU,Mal súbito do condutor,Tombamento,Com Vítimas Feridas,Pleno dia,Decrescente,Céu Claro,Dupla,Reta,Sim,1,0,0,1,0,0,1,1,-27.459393,-48.638914,SPRF-SC,DEL01-SC,UOP01-DEL01-SC,2023
"562505,0",2023-11-20,segunda-feira,12:45:00,SC,101,"213,0",PALHOCA,Ausência de reação do condutor,Colisão traseira,Com Vítimas Feridas,Pleno dia,Crescente,Céu Claro,Dupla,Reta,Não,3,0,1,0,2,0,1,2,-27.63697369,-48.66514142,SPRF-SC,DEL01-SC,UOP02-DEL01-SC,2023
"562512,0",2023-11-20,segunda-feira,14:00:00,SC,101,"145,0",ITAPEMA,Avarias e/ou desgaste excessivo no pneu,Tombamento,Com Vítimas Feridas,Pleno dia,Decrescente,Céu Claro,Dupla,Reta;Aclive,Sim,2,0,1,1,0,0,2,1,-27.08139206,-48.60130993,SPRF-SC,DEL04-SC,UOP03-DEL04-SC,2023
"562529,0",2023-11-20,segunda-feira,16:05:00,SC,101,"31,0",JOINVILLE,Condutor deixou de manter distância do veículo da frente,Colisão traseira,Com Vítimas Feridas,Pleno dia,Decrescente,Céu Claro,Dupla,Reta,Não,2,0,1,0,1,0,1,2,-26.22195899,-48.91634925,SPRF-SC,DEL03-SC,UOP01-DEL03-SC,2023
"562530,0",2023-11-20,segunda-feira,11:45:00,SC,101,"210,7",SAO JOSE,Reação tardia ou ineficiente do condutor,Queda de ocupante de veículo,Com Vítimas Feridas,Pleno dia,Crescente,Céu Claro,Dupla,Reta,Sim,1,0,1,0,0,0,1,1,-27.6167305,-48.6457265,SPRF-SC,DEL01-SC,UOP01-DEL01-SC,2023
"562538,0",2023-11-20,segunda-feira,16:15:00,SC,101,"216,0",PALHOCA,Ausência de reação do condutor,Colisão traseira,Sem Vítimas,Pleno dia,Crescente,Céu Claro,Múltipla,Reta,Não,2,0,0,0,2,0,0,2,-27.65981409,-48.67747798,SPRF-SC,DEL01-SC,UOP02-DEL01-SC,2023
"562543,0",2023-11-20,segunda-feira,16:45:00,SC,101,"180,0",GOVERNADOR CELSO RAMOS,Ausência de reação do condutor,Colisão traseira,Com Vítimas Feridas,Pleno dia,Crescente,Nublado,Dupla,Reta,Sim,2,0,1,0,1,0,1,2,-27.3811238,-48.63090648,SPRF-SC,DEL01-SC,UOP01-DEL01-SC,2023
"562556,0",2023-11-20,segunda-feira,17:20:00,SC,153,"97,2",CONCORDIA,Acessar a via sem observar a presença dos outros veículos,Colisão transversal,Com Vítimas Feridas,Pleno dia,Crescente,Sol,Simples,Curva,Sim,2,0,0,1,1,0,1,2,-27.22937082,-51.95280075,SPRF-SC,DEL07-SC,UOP04-DEL07-SC,2023
"562559,0",2023-11-20,segunda-feira,17:50:00,SC,101,"203,2",SAO JOSE,Trafegar com motocicleta (ou similar) entre as faixas,Colisão lateral mesmo sentido,Com Vítimas Feridas,Pleno dia,Decrescente,Sol,Múltipla,Reta;Declive,Sim,2,0,1,0,1,0,1,2,-27.5650044,-48.61460082,SPRF-SC,DEL01-SC,UOP01-DEL01-SC,2023
"562560,0",2023-11-20,segunda-feira,18:20:00,SC,101,"152,0",ITAPEMA,Manobra de mudança de faixa,Colisão lateral mesmo sentido,Com Vítimas Feridas,Plena Noite,Decrescente,Nublado,Dupla,Reta,Sim,2,0,1,0,1,0,1,2,-27.13563503,-48.61004665,SPRF-SC,DEL04-SC,UOP03-DEL04-SC,2023
"562562,0",2023-11-20,segunda-feira,18:20:00,SC,282,"3,5",FLORIANOPOLIS,Trafegar com motocicleta (ou similar) entre as faixas,Colisão lateral mesmo sentido,Com Vítimas Feridas,Anoitecer,Crescente,Céu Claro,Múltipla,Reta,Sim,3,0,1,0,2,0,1,3,-27.59182712,-48.60561848,SPRF-SC,DEL01-SC,UOP01-DEL01-SC,2023
"562579,0",2023-11-20,segunda-feira,19:15:00,SC,101,"113,0",ITAJAI,Trafegar com motocicleta (ou similar) entre as faixas,Colisão lateral mesmo sentido,Com Vítimas Feridas,Plena Noite,Decrescente,Nublado,Dupla,Reta,Não,2,0,1,0,1,0,1,2,-26.85311393,-48.72689927,SPRF-SC,DEL04-SC,UOP04-DEL04-SC,2023
"562592,0",2023-11-20,segunda-feira,19:10:00,SC,101,"385,1",ICARA,Reação tardia ou ineficiente do condutor,Colisão lateral mesmo sentido,Com Vítimas Feridas,Plena Noite,Crescente,Céu Claro,Dupla,Reta,Não,5,0,3,1,1,0,4,2,-28.78381977,-49.33462143,SPRF-SC,DEL02-SC,UOP02-DEL02-SC,2023
"562597,0",2023-11-20,segunda-feira,21:00:00,SC,101,"161,0",TIJUCAS,Transitar na contramão,Colisão lateral sentido oposto,Com Vítimas Feridas,Plena Noite,Decrescente,Céu Claro,Dupla,Reta,Sim,2,0,0,1,1,0,1,2,-27.21673911,-48.6244238,SPRF-SC,DEL04-SC,UOP03-DEL04-SC,2023
"562603,0",2023-10-21,sábado,01:50:00,SC,101,"140,3",ITAPEMA,Transitar na contramão,Colisão frontal,Com Vítimas Feridas,Plena Noite,Crescente,Garoa/Chuvisco,Múltipla,Aclive,Não,9,0,1,1,0,7,2,3,-27.04176744,-48.59975552,SPRF-SC,DEL04-SC,UOP03-DEL04-SC,2023
"562619,0",2023-11-21,terça-feira,03:30:00,SC,282,"21,0",PALHOCA,Ausência de reação do condutor,Colisão com objeto,Com Vítimas Feridas,Plena Noite,Crescente,Céu Claro,Simples,Curva,Sim,1,0,1,0,0,0,1,1,-27.68907,-48.717541,SPRF-SC,DEL01-SC,UOP02-DEL01-SC,2023
"562626,0",2023-11-21,terça-feira,05:30:00,SC,101,"123,0",ITAJAI,Desrespeitar a preferência no cruzamento,Colisão transversal,Com Vítimas Feridas,Amanhecer,Decrescente,Céu Claro,Múltipla,Interseção de Vias,Sim,2,0,1,0,1,0,1,2,-26.93733351,-48.69767725,SPRF-SC,DEL04-SC,UOP04-DEL04-SC,2023
"562708,0",2023-11-21,terça-feira,11:00:00,SC,116,"128,0",SANTA CECILIA,Reação tardia ou ineficiente do condutor,Colisão traseira,Com Vítimas Feridas,Pleno dia,Crescente,Céu Claro,Simples,Reta;Aclive,Não,3,0,1,0,2,0,1,2,-26.87529113,-50.42492594,SPRF-SC,DEL06-SC,UOP02-DEL06-SC,2023
"562727,0",2023-11-21,terça-feira,15:30:00,SC,101,"201,0",SAO JOSE,Ingestão de álcool pelo condutor,Colisão lateral mesmo sentido,Com Vítimas Feridas,Pleno dia,Crescente,Céu Claro,Múltipla,Reta,Sim,3,0,1,0,2,0,1,3,-27.54836599,-48.61977975,SPRF-SC,DEL01-SC,UOP01-DEL01-SC,2023
"562734,0",2023-11-21,terça-feira,16:20:00,SC,101,"214,0",PALHOCA,Acessar a via sem observar a presença dos outros veículos,Colisão transversal,Com Vítimas Feridas,Pleno dia,Crescente,Céu Claro,Dupla,Interseção de Vias,Sim,3,0,1,0,2,0,1,2,-27.64443,-48.67057,SPRF-SC,DEL01-SC,UOP02-DEL01-SC,2023
"562748,0",2023-11-21,terça-feira,17:40:00,SC,280,"24,0",ARAQUARI,Ultrapassagem Indevida,Colisão lateral mesmo sentido,Com Vítimas Feridas,Pleno dia,Decrescente,Nublado,Simples,Reta,Sim,2,0,0,1,1,0,1,2,-26.37724921,-48.71953282,SPRF-SC,DEL03-SC,UOP03-DEL03-SC,2023
"562754,0",2023-11-21,terça-feira,18:00:00,SC,101,"152,0",ITAPEMA,Acessar a via sem observar a presença dos outros veículos,Colisão transversal,Com Vítimas Feridas,Pleno dia,Decrescente,Sol,Simples,Interseção de Vias,Sim,2,0,1,0,1,0,1,2,-27.13563503,-48.61004665,SPRF-SC,DEL04-SC,UOP03-DEL04-SC,2023
"562760,0",2023-11-21,terça-feira,17:45:00,SC,101,"200,7",SAO JOSE,Reação tardia ou ineficiente do condutor,Colisão traseira,Sem Vítimas,Anoitecer,Crescente,Céu Claro,Simples,Reta,Sim,2,0,0,0,2,0,0,2,-27.54018513,-48.62287714,SPRF-SC,DEL01-SC,UOP01-DEL01-SC,2023
"562776,0",2023-11-21,terça-feira,12:00:00,SC,470,"260,2",CURITIBANOS,Pista esburacada,Saída de leito carroçável,Sem Vítimas,Pleno dia,Decrescente,Céu Claro,Simples,Curva,Não,1,0,0,0,0,1,0,1,-27.301584,-50.671352,SPRF-SC,DEL05-SC,UOP03-DEL05-SC,2023
"562786,0",2023-11-13,segunda-feira,20:20:00,SC,101,"89,0",BARRA VELHA,Pista esburacada,Queda de ocupante de veículo,Com Vítimas Feridas,Plena Noite,Crescente,Garoa/Chuvisco,Dupla,Reta,Não,1,0,1,0,0,0,1,1,-26.65175997,-48.68721921,SPRF-SC,DEL03-SC,UOP02-DEL03-SC,2023
"562801,0",2023-11-21,terça-feira,21:00:00,SC,101,"416,5",ARARANGUA,Ausência de reação do condutor,Saída de leito carroçável,Sem Vítimas,Plena Noite,Crescente,Céu Claro,Múltipla,Reta,Sim,1,0,0,0,1,0,0,1,-28.96708874,-49.52338825,SPRF-SC,DEL02-SC,UOP02-DEL02-SC,2023
"562808,0",2023-11-21,terça-feira,22:00:00,SC,101,"207,0",SAO JOSE,Demais falhas mecânicas ou elétricas,Queda de ocupante de veículo,Com Vítimas Feridas,Plena Noite,Crescente,Céu Claro,Múltipla,Curva,Sim,2,0,1,1,0,0,2,1,-27.60001226,-48.6226467,SPRF-SC,DEL01-SC,UOP01-DEL01-SC,2023
"562816,0",2023-11-22,quarta-feira,00:30:00,SC,282,"577,0",PINHALZINHO,Ingestão de álcool pelo condutor,Colisão frontal,Com Vítimas Feridas,Plena Noite,Crescente,Céu Claro,Simples,Reta,Sim,3,0,1,0,1,1,1,2,-26.85391292,-52.98003101,SPRF-SC,DEL07-SC,UOP02-DEL07-SC,2023
"562841,0",2023-11-22,quarta-feira,08:20:00,SC,470,"3,0",NAVEGANTES,Acesso irregular,Colisão transversal,Com Vítimas Feridas,Pleno dia,Crescente,Céu Claro,Dupla,Em Obras;Reta,Não,2,0,1,0,1,0,1,2,-26.861937,-48.681618,SPRF-SC,DEL04-SC,UOP04-DEL04-SC,2023
"562874,0",2023-11-22,quarta-feira,10:40:00,SC,282,"532,0",CORDILHEIRA ALTA,Condutor deixou de manter distância do veículo da frente,Colisão traseira,Sem Vítimas,Pleno dia,Decrescente,Céu Claro,Simples,Declive;Reta;Em Obras,Não,2,0,0,0,2,0,0,2,-26.996822,-52.615528,SPRF-SC,DEL07-SC,UOP01-DEL07-SC,2023
"562878,0",2023-11-22,quarta-feira,11:20:00,SC,480,"125,5",CHAPECO,Ultrapassagem Indevida,Colisão lateral mesmo sentido,Com Vítimas Feridas,Pleno dia,Crescente,Céu Claro,Simples,Interseção de Vias;Aclive,Sim,2,0,1,0,1,0,1,2,-27.01674776,-52.63678182,SPRF-SC,DEL07-SC,UOP01-DEL07-SC,2023
"562884,0",2023-11-22,quarta-feira,12:15:00,SC,101,"416,0",ARARANGUA,Ausência de reação do condutor,Engavetamento,Com Vítimas Feridas,Pleno dia,Decrescente,Nublado,Simples,Reta,Sim,3,0,2,0,1,0,2,3,-28.96708874,-49.52338825,SPRF-SC,DEL02-SC,UOP02-DEL02-SC,2023
"562895,0",2023-11-22,quarta-feira,15:15:00,SC,101,"195,0",BIGUACU,Demais falhas mecânicas ou elétricas,Tombamento,Com Vítimas Feridas,Pleno dia,Crescente,Chuva,Dupla,Reta,Sim,1,0,0,1,0,0,1,1,-27.5047092,-48.65010819,SPRF-SC,DEL01-SC,UOP01-DEL01-SC,2023
"562899,0",2023-11-22,quarta-feira,15:50:00,SC,101,"119,0",ITAJAI,Trafegar com motocicleta (ou similar) entre as faixas,Colisão lateral mesmo sentido,Com Vítimas Feridas,Pleno dia,Crescente,Chuva,Múltipla,Reta,Não,2,0,1,0,1,0,1,2,-26.9043179,-48.71555481,SPRF-SC,DEL04-SC,UOP04-DEL04-SC,2023
"562904,0",2023-11-22,quarta-feira,15:00:00,SC,101,"390,9",CRICIUMA,Chuva,Colisão com objeto,Com Vítimas Feridas,Pleno dia,Decrescente,Chuva,Dupla,Reta;Declive,Não,2,0,2,0,0,0,2,1,-28.79513029,-49.35435084,SPRF-SC,DEL02-SC,UOP02-DEL02-SC,2023
"562910,0",2023-11-22,quarta-feira,16:50:00,SC,101,"146,0",ITAPEMA,Chuva,Tombamento,Com Vítimas Feridas,Anoitecer,Decrescente,Nublado,Múltipla,Viaduto;Reta,Sim,1,0,1,0,0,0,1,1,-27.08666525,-48.60955587,SPRF-SC,DEL04-SC,UOP03-DEL04-SC,2023
"562931,0",2023-11-22,quarta-feira,18:45:00,SC,470,"56,0",BLUMENAU,Acessar a via sem observar a presença dos outros veículos,Colisão transversal,Com Vítimas Feridas,Anoitecer,Decrescente,Nublado,Simples,Reta,Sim,2,0,1,0,1,0,1,2,-26.87674,-49.127743,SPRF-SC,DEL04-SC,UOP01-DEL04-SC,2023
"562961,0",2023-11-22,quarta-feira,17:00:00,SC,470,"247,3",CURITIBANOS,Acessar a via sem observar a presença dos outros veículos,Colisão traseira,Com Vítimas Feridas,Pleno dia,Crescente,Chuva,Simples,Reta,Sim,2,0,1,0,1,0,1,2,-27.31303665,-50.5589211,SPRF-SC,DEL05-SC,UOP03-DEL05-SC,2023
"562975,0",2023-11-06,segunda-feira,08:55:00,SC,101,"138,0",BALNEARIO CAMBORIU,Condutor deixou de manter distância do veículo da frente,Colisão lateral mesmo sentido,Com Vítimas Feridas,Pleno dia,Decrescente,Céu Claro,Múltipla,Reta,Sim,2,0,1,0,1,0,1,2,-27.02397426,-48.60761649,SPRF-SC,DEL04-SC,UOP03-DEL04-SC,2023
"563000,0",2023-11-23,quinta-feira,05:00:00,SC,101,"327,2",CAPIVARI DE BAIXO,Desrespeitar a preferência no cruzamento,Colisão transversal,Com Vítimas Feridas,Amanhecer,Decrescente,Chuva,Múltipla,Viaduto,Sim,2,0,1,0,1,0,1,2,-28.43929312,-48.96180511,SPRF-SC,DEL02-SC,UOP01-DEL02-SC,2023
"563009,0",2023-11-23,quinta-feira,07:35:00,SC,101,"199,3",BIGUACU,Manobra de mudança de faixa,Colisão lateral mesmo sentido,Com Vítimas Feridas,Pleno dia,Crescente,Nublado,Dupla,Reta;Interseção de Vias,Sim,2,0,1,0,1,0,1,2,-27.53413705,-48.63003205,SPRF-SC,DEL01-SC,UOP01-DEL01-SC,2023
"563031,0",2023-11-23,quinta-feira,07:50:00,SC,101,"1,8",ARARANGUA,Condutor deixou de manter distância do veículo da frente,Colisão traseira,Sem Vítimas,Pleno dia,Decrescente,Chuva,Simples,Reta,Não,3,0,0,0,3,0,0,2,-28.93595451,-49.49543303,SPRF-SC,DEL02-SC,UOP02-DEL02-SC,2023
"563034,0",2023-11-23,quinta-feira,08:45:00,SC,101,"117,3",ITAJAI,Desrespeitar a preferência no cruzamento,Colisão transversal,Com Vítimas Feridas,Pleno dia,Decrescente,Nublado,Simples,Interseção de Vias,Não,3,0,1,2,0,0,3,2,-26.88747187,-48.72252969,SPRF-SC,DEL04-SC,UOP04-DEL04-SC,2023
"563061,0",2023-08-31,quinta-feira,04:30:00,SC,101,"135,1",BALNEARIO CAMBORIU,Reação tardia ou ineficiente do condutor,Saída de leito carroçável,Com Vítimas Fatais,Plena Noite,Crescente,Nublado,Múltipla,Reta,Sim,2,2,0,0,0,0,0,1,-27.00543615,-48.62589598,SPRF-SC,DEL04-SC,UOP03-DEL04-SC,2023
"563089,0",2023-10-23,segunda-feira,01:00:00,SC,101,"146,0",ITAPEMA,Reação tardia ou ineficiente do condutor,Colisão com objeto,Sem Vítimas,Plena Noite,Crescente,Céu Claro,Múltipla,Curva,Sim,1,0,0,0,1,0,0,1,-27.08666525,-48.60955587,SPRF-SC,DEL04-SC,UOP03-DEL04-SC,2023
"563112,0",2023-11-23,quinta-feira,16:45:00,SC,101,"196,0",BIGUACU,Manobra de mudança de faixa,Colisão lateral mesmo sentido,Com Vítimas Feridas,Pleno dia,Crescente,Nublado,Dupla,Reta,Sim,3,0,1,0,2,0,1,2,-27.51101091,-48.64322292,SPRF-SC,DEL01-SC,UOP01-DEL01-SC,2023
"563131,0",2023-11-23,quinta-feira,18:05:00,SC,101,"214,0",PALHOCA,Demais falhas mecânicas ou elétricas,Colisão com objeto,Com Vítimas Feridas,Anoitecer,Crescente,Céu Claro,Simples,Reta,Não,2,0,2,0,0,0,2,1,-27.64443,-48.67057,SPRF-SC,DEL01-SC,UOP02-DEL01-SC,2023
"563147,0",2023-11-23,quinta-feira,18:15:00,SC,101,"415,0",ARARANGUA,Ausência de reação do condutor,Colisão traseira,Com Vítimas Feridas,Anoitecer,Decrescente,Nublado,Múltipla,Reta,Não,2,0,1,0,0,1,1,2,-28.96040535,-49.51653267,SPRF-SC,DEL02-SC,UOP02-DEL02-SC,2023
"563161,0",2023-11-23,quinta-feira,19:30:00,SC,280,"55,0",GUARAMIRIM,Chuva,Tombamento,Com Vítimas Feridas,Plena Noite,Crescente,Garoa/Chuvisco,Simples,Viaduto,Sim,2,0,2,0,0,0,2,1,-26.47584353,-48.9937858,SPRF-SC,DEL03-SC,UOP03-DEL03-SC,2023
"563174,0",2023-11-23,quinta-feira,20:30:00,SC,101,"140,5",BALNEARIO CAMBORIU,Avarias e/ou desgaste excessivo no pneu,Tombamento,Com Vítimas Feridas,Pleno dia,Decrescente,Nublado,Dupla,Reta,Sim,1,0,1,0,0,0,1,1,-27.03881189,-48.60025148,SPRF-SC,DEL04-SC,UOP03-DEL04-SC,2023
"563199,0",2023-11-24,sexta-feira,04:00:00,SC,101,"414,0",ARARANGUA,Condutor Dormindo,Saída de leito carroçável,Com Vítimas Feridas,Plena Noite,Crescente,Nublado,Múltipla,Reta,Não,1,0,1,0,0,0,1,1,-28.95360392,-49.50985011,SPRF-SC,DEL02-SC,UOP02-DEL02-SC,2023
"563203,0",2023-11-24,sexta-feira,05:30:00,SC,101,"158,0",PORTO BELO,Velocidade Incompatível,Colisão com objeto,Com Vítimas Feridas,Pleno dia,Decrescente,Céu Claro,Dupla,Curva,Não,4,0,0,3,1,0,3,1,-27.19096301,-48.61259017,SPRF-SC,DEL04-SC,UOP03-DEL04-SC,2023
"563205,0",2023-11-24,sexta-feira,06:30:00,SC,101,"342,2",TUBARAO,Demais falhas mecânicas ou elétricas,Queda de ocupante de veículo,Com Vítimas Feridas,Pleno dia,Decrescente,Céu Claro,Múltipla,Reta,Sim,2,0,2,0,0,0,2,1,-28.51875992,-49.05388322,SPRF-SC,DEL02-SC,UOP01-DEL02-SC,2023
"563211,0",2023-10-20,sexta-feira,04:55:00,SC,282,"551,0",NOVA ITABERABA,Reação tardia ou ineficiente do condutor,Colisão traseira,Com Vítimas Feridas,Plena Noite,Crescente,Garoa/Chuvisco,Simples,Reta,Não,4,0,3,0,1,0,3,2,-26.951487,-52.778172,SPRF-SC,DEL07-SC,UOP01-DEL07-SC,2023
"563221,0",2023-11-24,sexta-feira,07:45:00,SC,282,"2,0",FLORIANOPOLIS,Condutor deixou de manter distância do veículo da frente,Colisão traseira,Com Vítimas Feridas,Pleno dia,Crescente,Céu Claro,Múltipla,Reta,Sim,4,0,1,0,3,0,1,4,-27.603289,-48.590416,SPRF-SC,DEL01-SC,UOP01-DEL01-SC,2023
"563246,0",2023-11-24,sexta-feira,10:50:00,SC,101,"140,0",BALNEARIO CAMBORIU,Demais falhas mecânicas ou elétricas,Incêndio,Com Vítimas Feridas,Pleno dia,Decrescente,Céu Claro,Dupla,Túnel;Reta,Não,1,0,1,0,0,0,1,1,-27.03881189,-48.60025148,SPRF-SC,DEL04-SC,UOP03-DEL04-SC,2023
"563248,0",2023-11-24,sexta-feira,10:45:00,SC,101,"208,2",SAO JOSE,Demais falhas mecânicas ou elétricas,Queda de ocupante de veículo,Com Vítimas Feridas,Pleno dia,Decrescente,Céu Claro,Dupla,Reta,Sim,2,0,1,0,1,0,1,1,-27.60327979,-48.63201818,SPRF-SC,DEL01-SC,UOP01-DEL01-SC,2023
"563263,0",2023-11-24,sexta-feira,13:15:00,SC,101,"151,0",ITAPEMA,Ausência de reação do condutor,Tombamento,Com Vítimas Feridas,Pleno dia,Decrescente,Céu Claro,Dupla,Reta,Sim,2,0,1,0,1,0,1,2,-27.126536,-48.609642,SPRF-SC,DEL04-SC,UOP03-DEL04-SC,2023
"563298,0",2023-11-24,sexta-feira,16:10:00,SC,101,"207,6",SAO JOSE,Acessar a via sem observar a presença dos outros veículos,Colisão lateral mesmo sentido,Com Vítimas Feridas,Pleno dia,Crescente,Céu Claro,Múltipla,Reta;Interseção de Vias;Aclive,Sim,3,0,1,0,2,0,1,2,-27.60171566,-48.62810612,SPRF-SC,DEL01-SC,UOP01-DEL01-SC,2023
"563303,0",2023-11-24,sexta-feira,17:15:00,SC,101,"203,5",SAO JOSE,Manobra de mudança de faixa,Colisão lateral mesmo sentido,Com Vítimas Feridas,Pleno dia,Decrescente,Céu Claro,Dupla,Reta;Aclive,Não,2,0,1,1,0,0,2,2,-27.57171836,-48.61376166,SPRF-SC,DEL01-SC,UOP01-DEL01-SC,2023
"563308,0",2023-11-24,sexta-feira,17:25:00,SC,470,"55,2",BLUMENAU,Ausência de reação do condutor,Colisão transversal,Com Vítimas Feridas,Pleno dia,Crescente,Céu Claro,Simples,Reta,Não,2,0,1,0,1,0,1,2,-26.87645018,-49.12119269,SPRF-SC,DEL04-SC,UOP01-DEL04-SC,2023
"563313,0",2023-11-24,sexta-feira,18:09:00,SC,282,"16,0",PALHOCA,Conversão proibida,Colisão transversal,Com Vítimas Feridas,Pleno dia,Crescente,Céu Claro,Simples,Reta,Não,2,0,1,0,1,0,1,2,-27.658611,-48.681847,SPRF-SC,DEL01-SC,UOP02-DEL01-SC,2023
"563318,0",2023-11-24,sexta-feira,17:50:00,SC,101,"204,4",SAO JOSE,Manobra de mudança de faixa,Colisão lateral mesmo sentido,Com Vítimas Feridas,Anoitecer,Crescente,Nublado,Dupla,Reta,Sim,2,0,1,0,1,0,1,2,-27.57413014,-48.61363083,SPRF-SC,DEL01-SC,UOP01-DEL01-SC,2023
"563321,0",2023-11-24,sexta-feira,17:28:00,SC,163,"74,3",SAO MIGUEL DO OESTE,Acessar a via sem observar a presença dos outros veículos,Colisão transversal,Com Vítimas Feridas,Pleno dia,Decrescente,Céu Claro,Simples,Reta,Sim,3,0,2,0,1,0,2,2,-26.69884073,-53.51439893,SPRF-SC,DEL07-SC,UOP03-DEL07-SC,2023
"563332,0",2023-11-24,sexta-feira,19:00:00,SC,101,"134,0",BALNEARIO CAMBORIU,Condutor deixou de manter distância do veículo da frente,Colisão lateral mesmo sentido,Com Vítimas Feridas,Plena Noite,Crescente,Nublado,Simples,Interseção de Vias,Sim,3,0,2,0,1,0,2,2,-27.02397426,-48.60761649,SPRF-SC,DEL04-SC,UOP03-DEL04-SC,2023
"563357,0",2023-11-24,sexta-feira,20:30:00,SC,101,"205,0",SAO JOSE,Reação tardia ou ineficiente do condutor,Colisão traseira,Sem Vítimas,Plena Noite,Crescente,Céu Claro,Dupla,Reta,Sim,2,0,0,0,2,0,0,2,-27.58420761,-48.6155802,SPRF-SC,DEL01-SC,UOP01-DEL01-SC,2023
"563358,0",2023-11-24,sexta-feira,18:20:00,SC,101,"441,6",SANTA ROSA DO SUL,Reação tardia ou ineficiente do condutor,Colisão lateral mesmo sentido,Com Vítimas Feridas,Anoitecer,Crescente,Nublado,Múltipla,Reta;Declive;Viaduto,Não,3,0,2,0,1,0,2,3,-29.12997119,-49.68704224,SPRF-SC,DEL02-SC,UOP02-DEL02-SC,2023
"563360,0",2023-11-24,sexta-feira,19:45:00,SC,163,"68,6",SAO MIGUEL DO OESTE,Desrespeitar a preferência no cruzamento,Colisão transversal,Com Vítimas Feridas,Plena Noite,Decrescente,Céu Claro,Dupla,Aclive;Reta,Não,2,0,2,0,0,0,2,2,-26.75038301,-53.50086841,SPRF-SC,DEL07-SC,UOP03-DEL07-SC,2023
"563379,0",2023-11-24,sexta-feira,22:55:00,SC,470,"47,7",BLUMENAU,Ingestão de álcool pelo condutor,Colisão traseira,Com Vítimas Feridas,Plena Noite,Crescente,Nublado,Simples,Reta,Não,2,0,1,0,1,0,1,2,-26.86141045,-49.0519725,SPRF-SC,DEL04-SC,UOP01-DEL04-SC,2023
"563381,0",2023-11-24,sexta-feira,23:20:00,SC,101,"39,1",JOINVILLE,Trafegar com motocicleta (ou similar) entre as faixas,Colisão lateral mesmo sentido,Com Vítimas Feridas,Plena Noite,Crescente,Nublado,Dupla,Declive;Curva,Não,3,0,1,0,1,1,1,3,-26.302272,-48.882976,SPRF-SC,DEL03-SC,UOP01-DEL03-SC,2023
"563390,0",2023-11-24,sexta-feira,23:00:00,SC,282,"643,2",SAO MIGUEL DO OESTE,Ingestão de álcool pelo condutor,Colisão lateral sentido oposto,Com Vítimas Feridas,Plena Noite,Crescente,Céu Claro,Simples,Reta;Declive,Não,2,0,1,0,0,1,1,2,-26.76971361,-53.47290516,SPRF-SC,DEL07-SC,UOP03-DEL07-SC,2023
"563399,0",2023-11-25,sábado,00:01:00,SC,116,"271,0",CAPAO ALTO,Demais falhas mecânicas ou elétricas,Incêndio,Sem Vítimas,Plena Noite,Crescente,Céu Claro,Simples,Reta,Não,1,0,0,0,0,1,0,1,-27.97707988,-50.50914813,SPRF-SC,DEL05-SC,UOP02-DEL05-SC,2023
"563401,0",2023-11-25,sábado,00:30:00,SC,101,"183,8",BIGUACU,Velocidade Incompatível,Colisão traseira,Com Vítimas Fatais,Plena Noite,Crescente,Nublado,Dupla,Reta,Não,6,1,2,0,3,0,2,3,-27.41244865,-48.627411,SPRF-SC,DEL01-SC,UOP01-DEL01-SC,2023