id,data_inversa,dia_semana,horario,uf,br,km,municipio,causa_acidente,tipo_acidente,classificacao_acidente,fase_dia,sentido_via,condicao_metereologica,tipo_pista,tracado_via,uso_solo,pessoas,mortos,feridos_leves,feridos_graves,ilesos,ignorados,feridos,veiculos,latitude,longitude,regional,delegacia,uop,ano_arquivo
"567098,0",2023-12-11,segunda-feira,14:00:00,SC,101,"210,5",SAO JOSE,Reação tardia ou ineficiente do condutor,Tombamento,Com Vítimas Feridas,Pleno dia,Decrescente,Céu Claro,Dupla,Reta,Sim,1,0,1,0,0,0,1,1,-27.6167305,-48.6457265,SPRF-SC,DEL01-SC,UOP01-DEL01-SC,2023
"567100,0",2023-12-11,segunda-feira,11:10:00,SC,470,"6,0",NAVEGANTES,Transitar no Acostamento,Atropelamento de Pedestre,Com Vítimas Feridas,Pleno dia,Crescente,Nublado,Dupla,Reta,Sim,2,0,2,0,0,0,2,2,-26.852238,-48.709545,SPRF-SC,DEL04-SC,UOP04-DEL04-SC,2023
"567105,0",2023-12-11,segunda-feira,14:30:00,SC,101,"149,1",ITAPEMA,Condutor deixou de manter distância do veículo da frente,Colisão traseira,Com Vítimas Feridas,Pleno dia,Crescente,Nublado,Múltipla,Reta;Aclive,Sim,3,0,1,0,2,0,1,3,-27.1089649,-48.61277586,SPRF-SC,DEL04-SC,UOP03-DEL04-SC,2023
"567112,0",2023-12-11,segunda-feira,14:00:00,SC,101,"376,5",ICARA,Condutor Dormindo,Saída de leito carroçável,Com Vítimas Feridas,Pleno dia,Decrescente,Céu Claro,Múltipla,Curva,Não,1,0,1,0,0,0,1,1,-28.72736111,-49.24066084,SPRF-SC,DEL02-SC,UOP01-DEL02-SC,2023
"567114,0",2023-12-11,segunda-feira,15:25:00,SC,101,"145,0",ITAPEMA,Trafegar com motocicleta (ou similar) entre as faixas,Colisão lateral mesmo sentido,Com Vítimas Feridas,Pleno dia,Decrescente,Nublado,Dupla,Declive,Sim,2,0,1,0,1,0,1,2,-27.08139206,-48.60130993,SPRF-SC,DEL04-SC,UOP03-DEL04-SC,2023
"567123,0",2023-12-07,quinta-feira,14:40:00,SC,101,"205,1",SAO JOSE,Manobra de mudança de faixa,Colisão lateral mesmo sentido,Com Vítimas Feridas,Pleno dia,Crescente,Nublado,Dupla,Curva,Sim,2,0,1,0,1,0,1,2,-27.58313237,-48.61532885,SPRF-SC,DEL01-SC,UOP01-DEL01-SC,2023
"567149,0",2023-12-11,segunda-feira,17:30:00,SC,101,"123,0",ITAJAI,Desrespeitar a preferência no cruzamento,Colisão transversal,Com Vítimas Feridas,Pleno dia,Crescente,Céu Claro,Dupla,Interseção de Vias;Viaduto,Não,2,0,1,0,1,0,1,2,-26.93668609,-48.69876905,SPRF-SC,DEL04-SC,UOP04-DEL04-SC,2023
"567156,0",2023-12-11,segunda-feira,17:25:00,SC,101,"160,2",PORTO BELO,Demais falhas mecânicas ou elétricas,Tombamento,Com Vítimas Feridas,Pleno dia,Decrescente,Céu Claro,Dupla,Reta,Não,2,0,1,0,1,0,1,1,-27.20831288,-48.61987922,SPRF-SC,DEL04-SC,UOP03-DEL04-SC,2023
"567159,0",2023-12-11,segunda-feira,17:55:00,SC,116,"247,9",LAGES,Acessar a via sem observar a presença dos outros veículos,Colisão transversal,Com Vítimas Feridas,Pleno dia,Decrescente,Sol,Simples,Reta;Interseção de Vias,Sim,2,0,0,1,1,0,1,2,-27.81262488,-50.36859817,SPRF-SC,DEL05-SC,UOP02-DEL05-SC,2023
"567160,0",2023-12-11,segunda-feira,17:45:00,SC,470,"0,9",NAVEGANTES,Manobra de mudança de faixa,Colisão lateral mesmo sentido,Com Vítimas Feridas,Pleno dia,Decrescente,Nublado,Múltipla,Reta,Sim,2,0,1,0,1,0,1,2,-26.868551,-48.674831,SPRF-SC,DEL04-SC,UOP04-DEL04-SC,2023
"567181,0",2023-12-11,segunda-feira,19:20:00,SC,282,"568,8",NOVA ERECHIM,Velocidade Incompatível,Saída de leito carroçável,Com Vítimas Feridas,Anoitecer,Crescente,Céu Claro,Simples,Reta,Sim,1,0,1,0,0,0,1,1,-26.89006,-52.93306,SPRF-SC,DEL07-SC,UOP02-DEL07-SC,2023
"567188,0",2023-12-11,segunda-feira,19:30:00,SC,470,"91,0",ASCURRA,Mal súbito do condutor,Saída de leito carroçável,Com Vítimas Fatais,Plena Noite,Decrescente,Céu Claro,Simples,Reta,Não,1,1,0,0,0,0,0,1,-26.979705,-49.3704194,SPRF-SC,DEL04-SC,UOP01-DEL04-SC,2023
"567189,0",2023-12-11,segunda-feira,21:35:00,SC,470,"138,5",RIO DO SUL,Acessar a via sem observar a presença dos outros veículos,Colisão transversal,Com Vítimas Feridas,Plena Noite,Crescente,Céu Claro,Simples,Curva,Sim,2,0,1,1,0,0,2,2,-27.207214,-49.648476,SPRF-SC,DEL04-SC,UOP02-DEL04-SC,2023
"567203,0",2023-12-11,segunda-feira,22:00:00,SC,101,"381,1",ICARA,Avarias e/ou desgaste excessivo no pneu,Tombamento,Com Vítimas Feridas,Plena Noite,Decrescente,Nublado,Múltipla,Reta,Não,2,0,2,0,0,0,2,1,-28.75478409,-49.27732095,SPRF-SC,DEL02-SC,UOP02-DEL02-SC,2023
"567224,0",2023-12-12,terça-feira,06:45:00,SC,101,"195,0",BIGUACU,Reação tardia ou ineficiente do condutor,Colisão traseira,Com Vítimas Feridas,Pleno dia,Crescente,Céu Claro,Múltipla,Reta,Sim,2,0,0,1,1,0,1,2,-27.5047092,-48.65010819,SPRF-SC,DEL01-SC,UOP01-DEL01-SC,2023
"567228,0",2023-12-12,terça-feira,05:00:00,SC,470,"62,7",INDAIAL,Ingestão de álcool pelo condutor,Colisão transversal,Com Vítimas Feridas,Amanhecer,Decrescente,Céu Claro,Simples,Curva,Não,2,0,2,0,0,0,2,2,-26.873586,-49.190507,SPRF-SC,DEL04-SC,UOP01-DEL04-SC,2023
"567229,0",2023-12-12,terça-feira,06:00:00,SC,470,"7,0",NAVEGANTES,Velocidade Incompatível,Colisão transversal,Com Vítimas Feridas,Pleno dia,Decrescente,Céu Claro,Simples,Em Obras;Viaduto;Reta,Não,3,0,2,0,1,0,2,2,-26.84499,-48.71505,SPRF-SC,DEL04-SC,UOP04-DEL04-SC,2023
"567230,0",2023-12-12,terça-feira,07:15:00,SC,282,"48,0",AGUAS MORNAS,Velocidade Incompatível,Queda de ocupante de veículo,Com Vítimas Feridas,Pleno dia,Crescente,Nublado,Simples,Curva,Não,1,0,0,1,0,0,1,1,-27.714352,-48.938072,SPRF-SC,DEL01-SC,UOP03-DEL01-SC,2023
"567241,0",2023-12-12,terça-feira,08:00:00,SC,282,"21,5",PALHOCA,Condutor deixou de manter distância do veículo da frente,Colisão traseira,Com Vítimas Feridas,Pleno dia,Crescente,Céu Claro,Simples,Reta,Sim,2,0,0,1,1,0,1,2,-27.68907,-48.717541,SPRF-SC,DEL01-SC,UOP02-DEL01-SC,2023
"567242,0",2023-12-12,terça-feira,07:40:00,SC,101,"207,9",SAO JOSE,Condutor deixou de manter distância do veículo da frente,Colisão traseira,Com Vítimas Feridas,Pleno dia,Decrescente,Sol,Múltipla,Reta;Aclive,Sim,2,0,1,0,0,1,1,2,-27.60001226,-48.6226467,SPRF-SC,DEL01-SC,UOP01-DEL01-SC,2023
"567248,0",2023-12-12,terça-feira,08:15:00,SC,101,"216,3",PALHOCA,Acessar a via sem observar a presença dos outros veículos,Colisão lateral mesmo sentido,Com Vítimas Feridas,Pleno dia,Decrescente,Céu Claro,Múltipla,Viaduto;Interseção de Vias,Sim,2,0,1,0,1,0,1,2,-27.65981409,-48.67747798,SPRF-SC,DEL01-SC,UOP02-DEL01-SC,2023
"567252,0",2023-11-30,quinta-feira,06:50:00,SC,101,"229,1",PALHOCA,Afundamento ou ondulação no pavimento,Tombamento,Com Vítimas Feridas,Pleno dia,Crescente,Sol,Múltipla,Reta;Aclive,Não,2,0,1,1,0,0,2,1,-27.7688932,-48.63205379,SPRF-SC,DEL01-SC,UOP02-DEL01-SC,2023
"567262,0",2023-12-12,terça-feira,09:30:00,SC,470,"58,4",BLUMENAU,Acesso irregular,Colisão transversal,Sem Vítimas,Pleno dia,Decrescente,Céu Claro,Simples,Reta;Retorno Regulamentado;Em Obras,Sim,4,0,0,0,4,0,0,2,-26.883879,-49.145622,SPRF-SC,DEL04-SC,UOP01-DEL04-SC,2023
"567291,0",2023-12-12,terça-feira,12:00:00,SC,101,"206,2",SAO JOSE,Reação tardia ou ineficiente do condutor,Colisão traseira,Com Vítimas Feridas,Pleno dia,Crescente,Sol,Múltipla,Reta,Sim,3,0,0,2,1,0,2,2,-27.59193546,-48.61824557,SPRF-SC,DEL01-SC,UOP01-DEL01-SC,2023
"567299,0",2023-12-12,terça-feira,13:30:00,SC,101,"201,5",SAO JOSE,Trafegar com motocicleta (ou similar) entre as faixas,Colisão traseira,Com Vítimas Feridas,Pleno dia,Decrescente,Sol,Simples,Reta,Sim,2,0,1,0,1,0,1,2,-27.54836599,-48.61977975,SPRF-SC,DEL01-SC,UOP01-DEL01-SC,2023
"567315,0",2023-12-12,terça-feira,10:30:00,SC,470,"121,0",IBIRAMA,Ultrapassagem Indevida,Colisão transversal,Com Vítimas Feridas,Pleno dia,Crescente,Céu Claro,Múltipla,Curva;Declive,Não,2,0,1,0,1,0,1,2,-27.095861,-49.526859,SPRF-SC,DEL04-SC,UOP02-DEL04-SC,2023
"567317,0",2023-12-12,terça-feira,15:00:00,SC,101,"205,7",SAO JOSE,Trafegar com motocicleta (ou similar) entre as faixas,Colisão lateral mesmo sentido,Com Vítimas Feridas,Pleno dia,Crescente,Céu Claro,Múltipla,Reta,Sim,2,0,1,0,1,0,1,2,-27.58313237,-48.61532885,SPRF-SC,DEL01-SC,UOP01-DEL01-SC,2023
"567328,0",2023-12-12,terça-feira,16:15:00,SC,101,"276,8",IMBITUBA,Acessar a via sem observar a presença dos outros veículos,Colisão transversal,Com Vítimas Feridas,Pleno dia,Decrescente,Céu Claro,Múltipla,Reta,Sim,2,0,0,1,1,0,1,2,-28.14644701,-48.69204746,SPRF-SC,DEL02-SC,UOP03-DEL02-SC,2023
"567349,0",2023-12-12,terça-feira,17:30:00,SC,101,"149,0",ITAPEMA,Reação tardia ou ineficiente do condutor,Colisão traseira,Com Vítimas Feridas,Pleno dia,Decrescente,Céu Claro,Dupla,Reta,Sim,2,0,1,0,1,0,1,2,-27.1089649,-48.61277586,SPRF-SC,DEL04-SC,UOP03-DEL04-SC,2023
"567377,0",2023-12-12,terça-feira,18:10:00,SC,470,"63,6",INDAIAL,Retorno proibido,Colisão transversal,Com Vítimas Feridas,Anoitecer,Crescente,Céu Claro,Simples,Aclive,Não,2,0,1,0,1,0,1,2,-26.872396,-49.19228,SPRF-SC,DEL04-SC,UOP01-DEL04-SC,2023
"567387,0",2023-12-12,terça-feira,20:40:00,SC,280,"5,4",SAO FRANCISCO DO SUL,Acessar a via sem observar a presença dos outros veículos,Colisão transversal,Com Vítimas Feridas,Plena Noite,Crescente,Céu Claro,Simples,Reta,Sim,2,0,1,0,1,0,1,2,-26.262783,-48.62931,SPRF-SC,DEL03-SC,UOP03-DEL03-SC,2023
"567396,0",2023-12-12,terça-feira,23:57:00,SC,101,"118,0",ITAJAI,Objeto estático sobre o leito carroçável,Colisão com objeto,Com Vítimas Feridas,Plena Noite,Decrescente,Nublado,Múltipla,Reta,Não,1,0,1,0,0,0,1,1,-26.895859,-48.71903,SPRF-SC,DEL04-SC,UOP04-DEL04-SC,2023
"567420,0",2023-12-12,terça-feira,23:15:00,SC,282,"495,9",XANXERE,Reação tardia ou ineficiente do condutor,Saída de leito carroçável,Sem Vítimas,Plena Noite,Decrescente,Céu Claro,Simples,Reta,Não,1,0,0,0,1,0,0,1,-26.875349,-52.327076,SPRF-SC,DEL07-SC,UOP01-DEL07-SC,2023
"567423,0",2023-12-09,sábado,16:00:00,SC,282,"529,1",CORDILHEIRA ALTA,Velocidade Incompatível,Queda de ocupante de veículo,Com Vítimas Feridas,Pleno dia,Decrescente,Céu Claro,Simples,Reta,Não,1,0,1,0,0,0,1,1,-26.982185,-52.59734,SPRF-SC,DEL07-SC,UOP01-DEL07-SC,2023
"567431,0",2023-12-13,quarta-feira,08:00:00,SC,101,"214,6",PALHOCA,Condutor deixou de manter distância do veículo da frente,Colisão traseira,Sem Vítimas,Pleno dia,Decrescente,Céu Claro,Dupla,Reta,Sim,5,0,0,0,5,0,0,4,-27.64443,-48.67057,SPRF-SC,DEL01-SC,UOP02-DEL01-SC,2023
"567464,0",2023-12-13,quarta-feira,07:35:00,SC,101,"125,6",ITAJAI,Ausência de reação do condutor,Colisão traseira,Com Vítimas Feridas,Pleno dia,Decrescente,Sol,Dupla,Curva,Não,2,0,0,1,1,0,1,2,-26.94802427,-48.68338515,SPRF-SC,DEL04-SC,UOP04-DEL04-SC,2023
"567469,0",2023-12-13,quarta-feira,08:15:00,SC,101,"132,3",BALNEARIO CAMBORIU,Reação tardia ou ineficiente do condutor,Engavetamento,Com Vítimas Feridas,Pleno dia,Decrescente,Céu Claro,Dupla,Reta,Sim,4,0,1,0,3,0,1,4,-26.99654133,-48.65564711,SPRF-SC,DEL04-SC,UOP03-DEL04-SC,2023
"567496,0",2023-12-13,quarta-feira,13:45:00,SC,101,"316,3",PESCARIA BRAVA,Reação tardia ou ineficiente do condutor,Colisão com objeto,Com Vítimas Feridas,Pleno dia,Decrescente,Sol,Dupla,Reta,Sim,2,0,1,0,1,0,1,2,-28.42664403,-48.86180699,SPRF-SC,DEL02-SC,UOP01-DEL02-SC,2023
"567536,0",2023-12-13,quarta-feira,18:18:00,SC,101,"150,4",ITAPEMA,Trafegar com motocicleta (ou similar) entre as faixas,Colisão lateral mesmo sentido,Com Vítimas Feridas,Plena Noite,Decrescente,Céu Claro,Múltipla,Reta,Sim,2,0,1,0,1,0,1,2,-27.11744799,-48.60940987,SPRF-SC,DEL04-SC,UOP03-DEL04-SC,2023
"567548,0",2023-12-13,quarta-feira,07:08:00,SC,101,"208,0",SAO JOSE,Trafegar com motocicleta (ou similar) entre as faixas,Colisão lateral mesmo sentido,Com Vítimas Feridas,Plena Noite,Decrescente,Céu Claro,Dupla,Reta,Sim,2,0,0,1,1,0,1,2,-27.60327979,-48.63201818,SPRF-SC,DEL01-SC,UOP01-DEL01-SC,2023
"567552,0",2023-12-13,quarta-feira,18:00:00,SC,101,"139,0",BALNEARIO CAMBORIU,Ultrapassagem Indevida,Colisão lateral mesmo sentido,Com Vítimas Feridas,Anoitecer,Decrescente,Céu Claro,Simples,Retorno Regulamentado,Sim,2,0,1,0,1,0,1,2,-27.02982303,-48.60115006,SPRF-SC,DEL04-SC,UOP03-DEL04-SC,2023
"567614,0",2023-12-14,quinta-feira,03:30:00,SC,282,"115,0",ALFREDO WAGNER,Ausência de reação do condutor,Saída de leito carroçável,Com Vítimas Feridas,Amanhecer,Crescente,Garoa/Chuvisco,Simples,Reta,Não,3,0,1,0,2,0,1,1,-27.755424,-49.39444,SPRF-SC,DEL01-SC,UOP03-DEL01-SC,2023
"567620,0",2023-12-14,quinta-feira,06:55:00,SC,101,"41,9",JOINVILLE,Manobra de mudança de faixa,Colisão lateral mesmo sentido,Com Vítimas Feridas,Pleno dia,Decrescente,Sol,Dupla,Reta,Não,3,0,2,0,0,1,2,2,-26.28215489,-48.88973081,SPRF-SC,DEL03-SC,UOP01-DEL03-SC,2023
"567624,0",2023-12-14,quinta-feira,04:50:00,SC,282,"368,2",ERVAL VELHO,Conversão proibida,Colisão transversal,Com Vítimas Feridas,Plena Noite,Decrescente,Céu Claro,Simples,Curva,Sim,5,0,3,1,1,0,4,2,-27.283747,-51.434963,SPRF-SC,DEL07-SC,UOP05-DEL07-SC,2023
"567634,0",2023-12-14,quinta-feira,08:30:00,SC,101,"199,8",SAO JOSE,Trafegar com motocicleta (ou similar) entre as faixas,Colisão traseira,Com Vítimas Feridas,Pleno dia,Crescente,Sol,Múltipla,Reta,Sim,2,0,1,0,1,0,1,2,-27.53413705,-48.63003205,SPRF-SC,DEL01-SC,UOP01-DEL01-SC,2023
"567642,0",2023-11-21,terça-feira,08:10:00,SC,101,"326,0",CAPIVARI DE BAIXO,Demais falhas na via,Tombamento,Com Vítimas Feridas,Pleno dia,Crescente,Céu Claro,Dupla,Reta,Não,1,0,0,1,0,0,1,1,-28.42524483,-48.94302707,SPRF-SC,DEL02-SC,UOP01-DEL02-SC,2023
"567646,0",2023-12-14,quinta-feira,08:40:00,SC,101,"162,0",TIJUCAS,Reação tardia ou ineficiente do condutor,Colisão traseira,Com Vítimas Feridas,Pleno dia,Decrescente,Céu Claro,Múltipla,Reta,Sim,2,0,1,0,1,0,1,2,-27.22554009,-48.6279367,SPRF-SC,DEL04-SC,UOP03-DEL04-SC,2023
"567652,0",2023-12-14,quinta-feira,07:05:00,SC,470,"97,0",APIUNA,Acessar a via sem observar a presença dos outros veículos,Colisão transversal,Com Vítimas Feridas,Pleno dia,Decrescente,Sol,Simples,Retorno Regulamentado;Interseção de Vias,Sim,4,0,2,0,2,0,2,2,-27.026621,-49.378124,SPRF-SC,DEL04-SC,UOP01-DEL04-SC,2023
"567657,0",2023-12-14,quinta-feira,08:00:00,SC,282,"75,5",RANCHO QUEIMADO,Velocidade Incompatível,Saída de leito carroçável,Com Vítimas Feridas,Pleno dia,Decrescente,Céu Claro,Simples,Curva,Não,2,0,0,2,0,0,2,1,-27.690931,-49.129143,SPRF-SC,DEL01-SC,UOP03-DEL01-SC,2023
"567666,0",2023-12-14,quinta-feira,08:30:00,SC,101,"201,0",SAO JOSE,Manobra de mudança de faixa,Colisão lateral mesmo sentido,Com Vítimas Feridas,Pleno dia,Crescente,Céu Claro,Dupla,Reta,Sim,3,0,3,0,0,0,3,2,-27.54836599,-48.61977975,SPRF-SC,DEL01-SC,UOP01-DEL01-SC,2023
"567674,0",2023-12-14,quinta-feira,10:35:00,SC,101,"107,9",PENHA,Condutor deixou de manter distância do veículo da frente,Colisão traseira,Com Vítimas Feridas,Pleno dia,Crescente,Céu Claro,Dupla,Reta;Declive,Não,2,0,1,0,1,0,1,2,-26.81930608,-48.68390282,SPRF-SC,DEL03-SC,UOP02-DEL03-SC,2023
"567681,0",2023-12-14,quinta-feira,11:00:00,SC,282,"609,9",MARAVILHA,Reação tardia ou ineficiente do condutor,Saída de leito carroçável,Com Vítimas Feridas,Pleno dia,Decrescente,Sol,Simples,Curva;Aclive,Não,4,0,2,0,2,0,2,1,-26.75581368,-53.23093772,SPRF-SC,DEL07-SC,UOP02-DEL07-SC,2023
"567684,0",2023-12-14,quinta-feira,12:40:00,SC,470,"65,7",INDAIAL,Acessar a via sem observar a presença dos outros veículos,Colisão transversal,Com Vítimas Feridas,Pleno dia,Decrescente,Céu Claro,Simples,Reta;Em Obras,Sim,3,0,1,1,1,0,2,2,-26.87067328,-49.21991722,SPRF-SC,DEL04-SC,UOP01-DEL04-SC,2023
"567707,0",2023-12-14,quinta-feira,14:25:00,SC,101,"71,4",ARAQUARI,Reação tardia ou ineficiente do condutor,Colisão transversal,Com Vítimas Feridas,Pleno dia,Crescente,Céu Claro,Dupla,Reta,Não,2,0,1,0,1,0,1,2,-26.51864822,-48.71874636,SPRF-SC,DEL03-SC,UOP02-DEL03-SC,2023
"567708,0",2023-12-14,quinta-feira,14:50:00,SC,282,"2,3",FLORIANOPOLIS,Condutor deixou de manter distância do veículo da frente,Colisão traseira,Com Vítimas Feridas,Pleno dia,Crescente,Céu Claro,Múltipla,Reta,Sim,2,0,1,0,1,0,1,2,-27.603289,-48.590416,SPRF-SC,DEL01-SC,UOP01-DEL01-SC,2023
"567709,0",2023-12-14,quinta-feira,10:40:00,SC,280,"215,5",TRES BARRAS,Ultrapassagem Indevida,Colisão lateral mesmo sentido,Com Vítimas Feridas,Pleno dia,Crescente,Céu Claro,Simples,Declive;Reta,Não,2,0,0,1,1,0,1,2,-26.18222028,-50.21677704,SPRF-SC,DEL06-SC,UOP04-DEL06-SC,2023
"567715,0",2023-12-14,quinta-feira,15:30:00,SC,101,"120,0",ITAJAI,Condutor deixou de manter distância do veículo da frente,Colisão traseira,Com Vítimas Feridas,Pleno dia,Crescente,Céu Claro,Dupla,Reta,Não,3,0,1,1,0,1,2,3,-26.912758,-48.711998,SPRF-SC,DEL04-SC,UOP04-DEL04-SC,2023
"567727,0",2023-12-14,quinta-feira,15:35:00,SC,101,"198,3",BIGUACU,Trafegar com motocicleta (ou similar) entre as faixas,Colisão lateral mesmo sentido,Com Vítimas Fatais,Pleno dia,Crescente,Sol,Múltipla,Reta,Sim,5,1,0,0,4,0,0,3,-27.5294913,-48.6332451,SPRF-SC,DEL01-SC,UOP01-DEL01-SC,2023
"567730,0",2023-12-14,quinta-feira,16:57:00,SC,470,"57,9",BLUMENAU,Transitar no Acostamento,Colisão transversal,Com Vítimas Feridas,Pleno dia,Decrescente,Céu Claro,Simples,Reta;Interseção de Vias;Rotatória,Sim,2,0,1,0,1,0,1,2,-26.880428,-49.136532,SPRF-SC,DEL04-SC,UOP01-DEL04-SC,2023
"567737,0",2023-12-14,quinta-feira,17:15:00,SC,101,"43,9",JOINVILLE,Desrespeitar a preferência no cruzamento,Colisão transversal,Com Vítimas Feridas,Pleno dia,Decrescente,Céu Claro,Simples,Declive;Viaduto;Interseção de Vias,Sim,2,0,1,1,0,0,2,2,-26.33800595,-48.85957539,SPRF-SC,DEL03-SC,UOP01-DEL03-SC,2023
"567741,0",2023-12-14,quinta-feira,17:35:00,SC,280,"33,0",ARAQUARI,Acessar a via sem observar a presença dos outros veículos,Colisão transversal,Com Vítimas Feridas,Pleno dia,Crescente,Céu Claro,Simples,Reta;Retorno Regulamentado,Sim,2,0,1,0,1,0,1,2,-26.42576441,-48.78741376,SPRF-SC,DEL03-SC,UOP03-DEL03-SC,2023
"567749,0",2023-12-14,quinta-feira,17:45:00,SC,101,"204,4",SAO JOSE,Trafegar com motocicleta (ou similar) entre as faixas,Colisão lateral mesmo sentido,Com Vítimas Feridas,Pleno dia,Crescente,Céu Claro,Dupla,Reta,Sim,2,0,1,0,1,0,1,2,-27.57413014,-48.61363083,SPRF-SC,DEL01-SC,UOP01-DEL01-SC,2023
"567754,0",2023-12-14,quinta-feira,17:45:00,SC,101,"88,0",BARRA VELHA,Acessar a via sem observar a presença dos outros veículos,Colisão lateral mesmo sentido,Com Vítimas Feridas,Pleno dia,Crescente,Céu Claro,Dupla,Viaduto,Sim,2,0,1,0,1,0,1,2,-26.64253985,-48.68950684,SPRF-SC,DEL03-SC,UOP02-DEL03-SC,2023
"567798,0",2023-12-14,quinta-feira,22:40:00,SC,101,"209,5",SAO JOSE,Ausência de reação do condutor,Queda de ocupante de veículo,Com Vítimas Feridas,Plena Noite,Crescente,Céu Claro,Dupla,Reta,Sim,2,0,1,0,0,1,1,2,-27.61000542,-48.63895057,SPRF-SC,DEL01-SC,UOP01-DEL01-SC,2023
"567803,0",2023-12-14,quinta-feira,23:10:00,SC,101,"137,0",BALNEARIO CAMBORIU,Manobra de mudança de faixa,Colisão lateral mesmo sentido,Com Vítimas Feridas,Plena Noite,Crescente,Céu Claro,Dupla,Reta,Sim,2,0,1,0,1,0,1,2,-27.0157238,-48.61192763,SPRF-SC,DEL04-SC,UOP03-DEL04-SC,2023
"567829,0",2023-12-15,sexta-feira,01:15:00,SC,101,"216,0",PALHOCA,Ausência de reação do condutor,Queda de ocupante de veículo,Com Vítimas Feridas,Plena Noite,Decrescente,Céu Claro,Dupla,Reta,Não,2,0,1,0,0,1,1,1,-27.65981409,-48.67747798,SPRF-SC,DEL01-SC,UOP02-DEL01-SC,2023
"567868,0",2023-12-15,sexta-feira,08:30:00,SC,101,"212,0",PALHOCA,Condutor deixou de manter distância do veículo da frente,Colisão lateral mesmo sentido,Com Vítimas Feridas,Pleno dia,Decrescente,Céu Claro,Múltipla,Reta,Sim,2,0,1,0,1,0,1,2,-27.62996929,-48.65903871,SPRF-SC,DEL01-SC,UOP02-DEL01-SC,2023
"567888,0",2023-12-15,sexta-feira,09:50:00,SC,101,"200,0",SAO JOSE,Demais falhas mecânicas ou elétricas,Colisão transversal,Com Vítimas Feridas,Pleno dia,Crescente,Céu Claro,Dupla,Reta,Sim,3,0,2,0,1,0,2,2,-27.54018513,-48.62287714,SPRF-SC,DEL01-SC,UOP01-DEL01-SC,2023
"567908,0",2023-12-15,sexta-feira,11:50:00,SC,101,"199,3",SAO JOSE,Reação tardia ou ineficiente do condutor,Colisão traseira,Com Vítimas Feridas,Pleno dia,Decrescente,Céu Claro,Dupla,Reta,Sim,3,0,2,0,1,0,2,2,-27.53413705,-48.63003205,SPRF-SC,DEL01-SC,UOP01-DEL01-SC,2023
"567915,0",2023-12-15,sexta-feira,12:20:00,SC,101,"48,9",JOINVILLE,Reação tardia ou ineficiente do condutor,Colisão traseira,Com Vítimas Feridas,Pleno dia,Crescente,Céu Claro,Dupla,Curva,Não,3,0,2,0,1,0,2,2,-26.38211838,-48.85161996,SPRF-SC,DEL03-SC,UOP01-DEL03-SC,2023
"567921,0",2023-12-15,sexta-feira,13:40:00,SC,101,"49,0",JOINVILLE,Reação tardia ou ineficiente do condutor,Colisão traseira,Com Vítimas Feridas,Pleno dia,Crescente,Sol,Dupla,Reta,Não,4,0,3,0,1,0,3,2,-26.3812975,-48.85160923,SPRF-SC,DEL03-SC,UOP01-DEL03-SC,2023
"567947,0",2023-12-15,sexta-feira,13:30:00,SC,101,"436,1",SOMBRIO,Acessar a via sem observar a presença dos outros veículos,Colisão lateral mesmo sentido,Com Vítimas Feridas,Pleno dia,Crescente,Céu Claro,Dupla,Reta,Não,2,0,1,0,1,0,1,2,-29.10817487,-49.63739835,SPRF-SC,DEL02-SC,UOP02-DEL02-SC,2023
"567957,0",2023-12-15,sexta-feira,15:10:00,SC,116,"1,2",MAFRA,Manobra de mudança de faixa,Colisão lateral mesmo sentido,Com Vítimas Feridas,Pleno dia,Decrescente,Céu Claro,Simples,Rotatória,Sim,2,0,1,0,1,0,1,2,-26.1170929,-49.78694917,SPRF-SC,DEL06-SC,UOP01-DEL06-SC,2023
"567995,0",2023-12-15,sexta-feira,17:30:00,SC,101,"148,0",ITAPEMA,Reação tardia ou ineficiente do condutor,Colisão lateral mesmo sentido,Com Vítimas Feridas,Pleno dia,Decrescente,Sol,Múltipla,Reta,Sim,2,0,1,0,1,0,1,2,-27.10123686,-48.61807962,SPRF-SC,DEL04-SC,UOP03-DEL04-SC,2023
"567998,0",2023-12-15,sexta-feira,17:45:00,SC,101,"213,0",PALHOCA,Trafegar com motocicleta (ou similar) entre as faixas,Colisão lateral mesmo sentido,Com Vítimas Feridas,Pleno dia,Crescente,Nublado,Dupla,Reta,Sim,2,0,1,0,1,0,1,2,-27.6369736933,-48.6651414195,SPRF-SC,DEL01-SC,UOP02-DEL01-SC,2023
"568007,0",2023-12-15,sexta-feira,18:25:00,SC,282,"530,0",CORDILHEIRA ALTA,Acessar a via sem observar a presença dos outros veículos,Colisão transversal,Com Vítimas Feridas,Pleno dia,Decrescente,Céu Claro,Simples,Curva;Aclive,Não,2,0,0,1,1,0,1,2,-26.986555,-52.60524,SPRF-SC,DEL07-SC,UOP01-DEL07-SC,2023
"568035,0",2023-12-15,sexta-feira,19:25:00,SC,282,"205,9",SAO JOSE,Trafegar com motocicleta (ou similar) entre as faixas,Colisão traseira,Com Vítimas Feridas,Plena Noite,Crescente,Céu Claro,Dupla,Reta,Sim,4,0,1,0,3,0,1,4,-27.59024585,-48.6176222,SPRF-SC,DEL05-SC,UOP01-DEL05-SC,2023