id,data_inversa,dia_semana,horario,uf,br,km,municipio,causa_acidente,tipo_acidente,classificacao_acidente,fase_dia,sentido_via,condicao_metereologica,tipo_pista,tracado_via,uso_solo,pessoas,mortos,feridos_leves,feridos_graves,ilesos,ignorados,feridos,veiculos,latitude,longitude,regional,delegacia,uop,ano_arquivo
"568039,0",2023-12-15,sexta-feira,18:30:00,SC,101,"115,0",ITAJAI,Reação tardia ou ineficiente do condutor,Colisão traseira,Com Vítimas Feridas,Plena Noite,Crescente,Céu Claro,Dupla,Reta,Sim,2,0,0,1,1,0,1,2,-26.87064015,-48.72954134,SPRF-SC,DEL04-SC,UOP04-DEL04-SC,2023
"568053,0",2023-12-15,sexta-feira,19:30:00,SC,470,"12,0",NAVEGANTES,Demais falhas mecânicas ou elétricas,Incêndio,Sem Vítimas,Plena Noite,Crescente,Nublado,Dupla,Reta,Não,1,0,0,0,1,0,0,1,-26.835169,-48.757267,SPRF-SC,DEL04-SC,UOP04-DEL04-SC,2023
"568061,0",2023-12-15,sexta-feira,20:20:00,SC,282,"552,8",NOVA ITABERABA,Ausência de reação do condutor,Saída de leito carroçável,Com Vítimas Feridas,Plena Noite,Crescente,Céu Claro,Simples,Reta,Não,1,0,0,1,0,0,1,1,-26.943676,-52.783813,SPRF-SC,DEL07-SC,UOP01-DEL07-SC,2023
"568071,0",2023-12-15,sexta-feira,21:13:00,SC,470,"149,1",AGRONOMICA,Avarias e/ou desgaste excessivo no pneu,Capotamento,Com Vítimas Feridas,Plena Noite,Decrescente,Nublado,Simples,Reta,Não,3,0,0,1,1,1,1,2,-27.252104,-49.702129,SPRF-SC,DEL04-SC,UOP02-DEL04-SC,2023
"568072,0",2023-12-15,sexta-feira,22:30:00,SC,280,"29,0",ARAQUARI,Acessar a via sem observar a presença dos outros veículos,Colisão transversal,Com Vítimas Feridas,Plena Noite,Decrescente,Céu Claro,Simples,Reta,Sim,3,0,1,0,1,1,1,3,-26.41066264,-48.75295628,SPRF-SC,DEL03-SC,UOP03-DEL03-SC,2023
"568074,0",2023-12-15,sexta-feira,21:25:00,SC,282,"339,0",CAMPOS NOVOS,Deficiência do Sistema de Iluminação/Sinalização,Tombamento,Com Vítimas Feridas,Plena Noite,Decrescente,Céu Claro,Simples,Reta,Não,2,0,1,1,0,0,2,1,-27.392731,-51.195118,SPRF-SC,DEL07-SC,UOP06-DEL07-SC,2023
"568076,0",2023-12-15,sexta-feira,19:40:00,SC,282,"467,3",PONTE SERRADA,Retorno proibido,Colisão transversal,Com Vítimas Feridas,Plena Noite,Crescente,Céu Claro,Simples,Reta,Não,3,0,3,0,0,0,3,2,-26.854425,-52.096107,SPRF-SC,DEL07-SC,UOP04-DEL07-SC,2023
"568079,0",2023-12-15,sexta-feira,16:25:00,SC,282,"434,0",VARGEM BONITA,Condutor deixou de manter distância do veículo da frente,Colisão lateral mesmo sentido,Com Vítimas Feridas,Pleno dia,Decrescente,Céu Claro,Simples,Reta,Sim,2,0,1,0,1,0,1,1,-26.972441,-51.831917,SPRF-SC,DEL07-SC,UOP04-DEL07-SC,2023
"568081,0",2023-12-15,sexta-feira,22:20:00,SC,282,"605,0",MARAVILHA,Condutor usando celular,Saída de leito carroçável,Com Vítimas Feridas,Plena Noite,Decrescente,Céu Claro,Dupla,Declive,Sim,1,0,1,0,0,0,1,1,-26.786951,-53.195248,SPRF-SC,DEL07-SC,UOP02-DEL07-SC,2023
"568087,0",2023-12-15,sexta-feira,23:20:00,SC,470,"126,6",LONTRAS,Acessar a via sem observar a presença dos outros veículos,Colisão transversal,Com Vítimas Feridas,Plena Noite,Decrescente,Céu Claro,Simples,Reta,Não,3,0,1,0,2,0,1,2,-27.129,-49.538277,SPRF-SC,DEL04-SC,UOP02-DEL04-SC,2023
"568122,0",2023-12-16,sábado,02:20:00,SC,101,"134,6",BALNEARIO CAMBORIU,Ingestão de álcool pelo condutor,Colisão com objeto,Sem Vítimas,Plena Noite,Crescente,Nublado,Dupla,Túnel;Curva,Sim,1,0,0,0,1,0,0,1,-27.00218,-48.636433,SPRF-SC,DEL04-SC,UOP03-DEL04-SC,2023
"568125,0",2023-12-16,sábado,02:20:00,SC,280,"77,4",JARAGUA DO SUL,Ausência de reação do condutor,Saída de leito carroçável,Com Vítimas Feridas,Plena Noite,Decrescente,Céu Claro,Simples,Curva,Não,1,0,1,0,0,0,1,1,-26.45514314,-49.18726132,SPRF-SC,DEL03-SC,UOP03-DEL03-SC,2023
"568126,0",2023-12-16,sábado,03:25:00,SC,282,"6,0",SAO JOSE,Ingestão de álcool pelo condutor,Tombamento,Com Vítimas Feridas,Plena Noite,Crescente,Nublado,Múltipla,Curva,Não,2,0,2,0,0,0,2,1,-27.591936,-48.618244,SPRF-SC,DEL01-SC,UOP01-DEL01-SC,2023
"568141,0",2023-12-16,sábado,01:10:00,SC,282,"379,8",HERVAL DOESTE,Manobra de mudança de faixa,Colisão transversal,Com Vítimas Feridas,Plena Noite,Decrescente,Céu Claro,Dupla,Interseção de Vias;Rotatória;Retorno Regulamentado,Não,3,0,3,0,0,0,3,2,-27.2146021,-51.48598909,SPRF-SC,DEL07-SC,UOP05-DEL07-SC,2023
"568171,0",2023-12-16,sábado,07:45:00,SC,101,"291,0",IMBITUBA,Ausência de reação do condutor,Saída de leito carroçável,Sem Vítimas,Pleno dia,Decrescente,Céu Claro,Múltipla,Reta,Sim,1,0,0,0,1,0,0,1,-28.26980586,-48.70081551,SPRF-SC,DEL02-SC,UOP03-DEL02-SC,2023
"568187,0",2023-12-08,sexta-feira,13:40:00,SC,101,"209,7",SAO JOSE,Desrespeitar a preferência no cruzamento,Colisão transversal,Com Vítimas Feridas,Pleno dia,Decrescente,Céu Claro,Dupla,Interseção de Vias,Não,2,0,1,0,0,1,1,2,-27.61000542,-48.63895057,SPRF-SC,DEL01-SC,UOP01-DEL01-SC,2023
"568197,0",2023-12-16,sábado,09:40:00,SC,101,"116,0",ITAJAI,Condutor deixou de manter distância do veículo da frente,Engavetamento,Com Vítimas Feridas,Pleno dia,Crescente,Nublado,Múltipla,Reta,Não,4,0,1,0,3,0,1,3,-26.87905605,-48.72603512,SPRF-SC,DEL04-SC,UOP04-DEL04-SC,2023
"568198,0",2023-12-16,sábado,11:30:00,SC,101,"325,0",CAPIVARI DE BAIXO,Demais falhas mecânicas ou elétricas,Tombamento,Com Vítimas Feridas,Pleno dia,Crescente,Sol,Dupla,Declive,Não,2,0,2,0,0,0,2,1,-28.42664403,-48.94572794,SPRF-SC,DEL02-SC,UOP01-DEL02-SC,2023
"568205,0",2023-12-16,sábado,10:45:00,SC,470,"90,9",ASCURRA,Acessar a via sem observar a presença dos outros veículos,Colisão transversal,Com Vítimas Fatais,Pleno dia,Crescente,Sol,Simples,Reta,Não,2,1,1,0,0,0,1,2,-26.9794617,-49.3702783,SPRF-SC,DEL04-SC,UOP01-DEL04-SC,2023
"568207,0",2023-12-16,sábado,12:30:00,SC,470,"128,5",LONTRAS,Manobra de mudança de faixa,Colisão traseira,Com Vítimas Feridas,Pleno dia,Decrescente,Sol,Simples,Curva,Não,1,0,1,0,0,0,1,1,-27.143742,-49.548897,SPRF-SC,DEL04-SC,UOP02-DEL04-SC,2023
"568209,0",2023-12-16,sábado,09:30:00,SC,280,"44,0",GUARAMIRIM,Ausência de reação do condutor,Saída de leito carroçável,Com Vítimas Feridas,Pleno dia,Decrescente,Sol,Dupla,Reta,Não,1,0,1,0,0,0,1,1,-26.4517722,-48.88789399,SPRF-SC,DEL03-SC,UOP03-DEL03-SC,2023
"568211,0",2023-12-16,sábado,13:45:00,SC,101,"201,0",SAO JOSE,Manobra de mudança de faixa,Colisão lateral mesmo sentido,Com Vítimas Feridas,Pleno dia,Crescente,Sol,Dupla,Reta,Sim,2,0,1,0,1,0,1,2,-27.54836599,-48.61977975,SPRF-SC,DEL01-SC,UOP01-DEL01-SC,2023
"568213,0",2023-12-16,sábado,12:30:00,SC,101,"333,5",TUBARAO,Manobra de mudança de faixa,Colisão lateral mesmo sentido,Sem Vítimas,Pleno dia,Crescente,Chuva,Dupla,Reta,Sim,2,0,0,0,2,0,0,2,-28.46630107,-48.99653096,SPRF-SC,DEL02-SC,UOP01-DEL02-SC,2023
"568229,0",2023-12-16,sábado,07:00:00,SC,282,"559,3",NOVA ITABERABA,Reação tardia ou ineficiente do condutor,Saída de leito carroçável,Sem Vítimas,Amanhecer,Crescente,Céu Claro,Simples,Curva,Não,1,0,0,0,0,1,0,1,-26.93170075,-52.84118392,SPRF-SC,DEL07-SC,UOP01-DEL07-SC,2023
"568237,0",2023-12-16,sábado,14:50:00,SC,101,"401,0",MARACAJA,Ausência de reação do condutor,Colisão frontal,Com Vítimas Feridas,Pleno dia,Decrescente,Céu Claro,Múltipla,Reta,Sim,2,0,0,1,1,0,1,2,-28.85594274,-49.44019434,SPRF-SC,DEL02-SC,UOP02-DEL02-SC,2023
"568251,0",2023-12-16,sábado,13:05:00,SC,282,"492,9",FAXINAL DOS GUEDES,Reação tardia ou ineficiente do condutor,Tombamento,Com Vítimas Feridas,Pleno dia,Decrescente,Céu Claro,Simples,Reta,Não,2,0,2,0,0,0,2,1,-26.871534,-52.300915,SPRF-SC,DEL07-SC,UOP01-DEL07-SC,2023
"568256,0",2023-12-16,sábado,16:05:00,SC,101,"233,0",PALHOCA,Reação tardia ou ineficiente do condutor,Colisão traseira,Sem Vítimas,Pleno dia,Decrescente,Nublado,Dupla,Reta,Sim,2,0,0,0,2,0,0,2,-27.80376397,-48.63826211,SPRF-SC,DEL01-SC,UOP02-DEL01-SC,2023
"568259,0",2023-12-16,sábado,16:10:00,SC,101,"351,1",SANGAO,Condutor deixou de manter distância do veículo da frente,Colisão traseira,Com Vítimas Feridas,Pleno dia,Crescente,Nublado,Dupla,Curva,Não,3,0,2,0,1,0,2,2,-28.63576013,-49.09549713,SPRF-SC,DEL02-SC,UOP01-DEL02-SC,2023
"568263,0",2023-12-16,sábado,16:20:00,SC,101,"114,0",ITAJAI,Ausência de reação do condutor,Queda de ocupante de veículo,Com Vítimas Feridas,Pleno dia,Decrescente,Céu Claro,Múltipla,Reta,Não,2,0,1,0,1,0,1,1,-26.86192886,-48.7286704,SPRF-SC,DEL04-SC,UOP04-DEL04-SC,2023
"568268,0",2023-12-16,sábado,16:20:00,SC,101,"45,0",JOINVILLE,Demais falhas mecânicas ou elétricas,Tombamento,Com Vítimas Feridas,Pleno dia,Crescente,Sol,Dupla,Reta,Sim,2,0,2,0,0,0,2,1,-26.31238996,-48.87458997,SPRF-SC,DEL03-SC,UOP01-DEL03-SC,2023
"568270,0",2023-12-16,sábado,16:20:00,SC,470,"42,0",GASPAR,Ausência de reação do condutor,Saída de leito carroçável,Com Vítimas Feridas,Pleno dia,Crescente,Céu Claro,Simples,Em Obras;Reta,Não,3,0,1,1,1,0,2,1,-26.875719,-49.003746,SPRF-SC,DEL04-SC,UOP01-DEL04-SC,2023
"568313,0",2023-12-16,sábado,16:30:00,SC,153,"77,0",IRANI,Velocidade Incompatível,Saída de leito carroçável,Com Vítimas Feridas,Pleno dia,Decrescente,Chuva,Simples,Curva,Não,1,0,0,1,0,0,1,1,-27.097824,-51.899704,SPRF-SC,DEL07-SC,UOP04-DEL07-SC,2023
"568317,0",2023-12-16,sábado,17:50:00,SC,101,"126,0",ITAJAI,Manobra de mudança de faixa,Colisão traseira,Com Vítimas Feridas,Pleno dia,Crescente,Céu Claro,Dupla,Aclive,Não,2,0,1,0,1,0,1,2,-26.95564404,-48.67978366,SPRF-SC,DEL04-SC,UOP04-DEL04-SC,2023
"568318,0",2023-12-16,sábado,17:35:00,SC,153,"72,0",IRANI,Chuva,Saída de leito carroçável,Com Vítimas Feridas,Pleno dia,Crescente,Chuva,Simples,Curva,Não,1,0,1,0,0,0,1,1,-27.065798,-51.893486,SPRF-SC,DEL07-SC,UOP04-DEL07-SC,2023
"568321,0",2023-12-16,sábado,19:35:00,SC,101,"207,0",SAO JOSE,Condutor deixou de manter distância do veículo da frente,Colisão traseira,Com Vítimas Feridas,Anoitecer,Crescente,Céu Claro,Dupla,Reta,Não,3,0,1,0,2,0,1,2,-27.60001226,-48.6226467,SPRF-SC,DEL01-SC,UOP01-DEL01-SC,2023
"568325,0",2023-12-16,sábado,19:30:00,SC,470,"2,0",NAVEGANTES,Acessar a via sem observar a presença dos outros veículos,Colisão transversal,Com Vítimas Feridas,Plena Noite,Crescente,Nublado,Dupla,Reta,Sim,3,0,1,1,1,0,2,2,-26.868551,-48.674831,SPRF-SC,DEL04-SC,UOP04-DEL04-SC,2023
"568328,0",2023-12-16,sábado,19:30:00,SC,101,"206,9",SAO JOSE,Reação tardia ou ineficiente do condutor,Colisão traseira,Com Vítimas Feridas,Plena Noite,Crescente,Nublado,Múltipla,Reta,Sim,3,0,1,0,1,1,1,3,-27.59193546,-48.61824557,SPRF-SC,DEL01-SC,UOP01-DEL01-SC,2023
"568347,0",2023-12-16,sábado,21:05:00,SC,101,"123,3",ITAJAI,Manobra de mudança de faixa,Colisão traseira,Com Vítimas Feridas,Plena Noite,Crescente,Céu Claro,Múltipla,Reta,Não,3,0,2,0,0,1,2,2,-26.93668609,-48.69876905,SPRF-SC,DEL04-SC,UOP04-DEL04-SC,2023
"568349,0",2023-12-16,sábado,19:55:00,SC,280,"3,0",SAO FRANCISCO DO SUL,Ausência de reação do condutor,Tombamento,Com Vítimas Feridas,Plena Noite,Crescente,Céu Claro,Simples,Reta,Não,1,0,1,0,0,0,1,1,-26.246599,-48.615271,SPRF-SC,DEL03-SC,UOP03-DEL03-SC,2023
"568351,0",2023-12-16,sábado,21:15:00,SC,101,"204,0",SAO JOSE,Condutor deixou de manter distância do veículo da frente,Colisão traseira,Com Vítimas Feridas,Plena Noite,Crescente,Céu Claro,Múltipla,Reta,Sim,3,0,2,0,1,0,2,2,-27.57413014,-48.61363083,SPRF-SC,DEL01-SC,UOP01-DEL01-SC,2023
"568365,0",2023-12-16,sábado,18:30:00,SC,470,"142,0",RIO DO SUL,Acessar a via sem observar a presença dos outros veículos,Colisão transversal,Com Vítimas Feridas,Anoitecer,Decrescente,Chuva,Simples,Curva,Sim,2,0,1,0,1,0,1,2,-27.21595127,-49.65364337,SPRF-SC,DEL04-SC,UOP02-DEL04-SC,2023
"568367,0",2023-12-16,sábado,21:15:00,SC,280,"245,9",CANOINHAS,Reação tardia ou ineficiente do condutor,Saída de leito carroçável,Sem Vítimas,Plena Noite,Decrescente,Céu Claro,Simples,Reta,Não,1,0,0,0,1,0,0,1,-26.24768921,-50.5033452,SPRF-SC,DEL06-SC,UOP04-DEL06-SC,2023
"568388,0",2023-12-16,sábado,23:30:00,SC,116,"192,0",PONTE ALTA,Ingestão de álcool pelo condutor,Saída de leito carroçável,Sem Vítimas,Plena Noite,Decrescente,Céu Claro,Simples,Curva,Não,1,0,0,0,1,0,0,1,-27.36303564,-50.43355252,SPRF-SC,DEL05-SC,UOP03-DEL05-SC,2023
"568399,0",2023-12-17,domingo,01:00:00,SC,101,"139,0",BALNEARIO CAMBORIU,Velocidade Incompatível,Colisão traseira,Sem Vítimas,Plena Noite,Decrescente,Ignorado,Dupla,Reta,Sim,2,0,0,0,2,0,0,2,-27.02982303,-48.60115006,SPRF-SC,DEL04-SC,UOP03-DEL04-SC,2023
"568401,0",2023-12-16,sábado,22:50:00,SC,101,"394,0",MARACAJA,Estacionar ou parar em local proibido,Colisão traseira,Com Vítimas Feridas,Plena Noite,Crescente,Céu Claro,Múltipla,Reta,Sim,3,0,2,0,0,1,2,2,-28.81326275,-49.38911611,SPRF-SC,DEL02-SC,UOP02-DEL02-SC,2023
"568402,0",2023-12-17,domingo,01:40:00,SC,101,"371,9",ICARA,Demais falhas mecânicas ou elétricas,Tombamento,Com Vítimas Feridas,Plena Noite,Decrescente,Céu Claro,Dupla,Reta,Não,1,0,1,0,0,0,1,1,-28.71319953,-49.21675444,SPRF-SC,DEL02-SC,UOP01-DEL02-SC,2023
"568429,0",2023-12-17,domingo,06:20:00,SC,101,"221,0",PALHOCA,Condutor Dormindo,Saída de leito carroçável,Com Vítimas Feridas,Amanhecer,Crescente,Nublado,Dupla,Viaduto,Sim,3,0,1,1,1,0,2,1,-27.699768,-48.660876,SPRF-SC,DEL01-SC,UOP02-DEL01-SC,2023
"568431,0",2023-12-17,domingo,05:25:00,SC,163,"75,8",SAO MIGUEL DO OESTE,Condutor Dormindo,Capotamento,Com Vítimas Feridas,Amanhecer,Crescente,Nublado,Simples,Curva;Declive,Não,1,0,1,0,0,0,1,1,-26.69341396,-53.5158321,SPRF-SC,DEL07-SC,UOP03-DEL07-SC,2023
"568452,0",2023-12-17,domingo,08:56:00,SC,101,"232,9",PALHOCA,Reação tardia ou ineficiente do condutor,Tombamento,Com Vítimas Feridas,Pleno dia,Crescente,Céu Claro,Dupla,Reta,Não,1,0,1,0,0,0,1,1,-27.795666,-48.638153,SPRF-SC,DEL01-SC,UOP02-DEL01-SC,2023
"568475,0",2023-12-17,domingo,09:40:00,SC,470,"12,8",NAVEGANTES,Ausência de reação do condutor,Capotamento,Com Vítimas Feridas,Pleno dia,Decrescente,Nublado,Dupla,Reta,Não,1,0,0,1,0,0,1,1,-26.835169,-48.757267,SPRF-SC,DEL04-SC,UOP04-DEL04-SC,2023
"568480,0",2023-12-17,domingo,11:00:00,SC,101,"87,0",BARRA VELHA,Desrespeitar a preferência no cruzamento,Colisão transversal,Com Vítimas Feridas,Pleno dia,Crescente,Sol,Múltipla,Reta,Sim,2,0,1,0,1,0,1,2,-26.63713377,-48.69651057,SPRF-SC,DEL03-SC,UOP02-DEL03-SC,2023
"568491,0",2023-12-17,domingo,12:57:00,SC,470,"67,5",INDAIAL,Desrespeitar a preferência no cruzamento,Colisão transversal,Com Vítimas Feridas,Pleno dia,Decrescente,Céu Claro,Simples,Viaduto,Sim,5,0,1,0,4,0,1,2,-26.87529167,-49.23602343,SPRF-SC,DEL04-SC,UOP01-DEL04-SC,2023
"568509,0",2023-12-17,domingo,14:00:00,SC,280,"122,9",SAO BENTO DO SUL,Desrespeitar a preferência no cruzamento,Colisão transversal,Com Vítimas Feridas,Pleno dia,Crescente,Céu Claro,Simples,Reta;Aclive,Não,2,0,0,1,1,0,1,2,-26.24855895,-49.45712883,SPRF-SC,DEL06-SC,UOP03-DEL06-SC,2023
"568544,0",2023-12-17,domingo,18:00:00,SC,282,"519,0",XAXIM,Demais falhas mecânicas ou elétricas,Incêndio,Sem Vítimas,Anoitecer,Crescente,Chuva,Simples,Curva,Não,1,0,0,0,1,0,0,1,-26.947527,-52.517536,SPRF-SC,DEL07-SC,UOP01-DEL07-SC,2023
"568561,0",2023-12-17,domingo,19:35:00,SC,280,"22,8",ARAQUARI,Reação tardia ou ineficiente do condutor,Colisão traseira,Com Vítimas Feridas,Plena Noite,Crescente,Céu Claro,Simples,Reta,Sim,3,0,2,0,1,0,2,2,-26.37092616,-48.70204099,SPRF-SC,DEL03-SC,UOP03-DEL03-SC,2023
"568583,0",2023-12-17,domingo,18:40:00,SC,101,"80,0",BARRA VELHA,Avarias e/ou desgaste excessivo no pneu,Tombamento,Com Vítimas Feridas,Anoitecer,Crescente,Céu Claro,Dupla,Ponte,Não,2,0,2,0,0,0,2,1,-26.59441996,-48.72183309,SPRF-SC,DEL03-SC,UOP02-DEL03-SC,2023
"568584,0",2023-12-17,domingo,19:50:00,SC,470,"172,9",POUSO REDONDO,Transitar na contramão,Colisão frontal,Com Vítimas Feridas,Plena Noite,Crescente,Chuva,Simples,Curva,Sim,2,0,0,1,1,0,1,2,-27.25980844,-49.9194181,SPRF-SC,DEL04-SC,UOP02-DEL04-SC,2023
"568612,0",2023-12-17,domingo,21:20:00,SC,470,"267,0",CURITIBANOS,Reação tardia ou ineficiente do condutor,Saída de leito carroçável,Sem Vítimas,Plena Noite,Decrescente,Nublado,Simples,Reta,Não,1,0,0,0,0,1,0,1,-27.312983,-50.73885,SPRF-SC,DEL05-SC,UOP03-DEL05-SC,2023
"568647,0",2023-12-18,segunda-feira,02:50:00,SC,282,"656,0",SAO MIGUEL DO OESTE,Ingestão de álcool pelo condutor,Colisão com objeto,Com Vítimas Feridas,Plena Noite,Decrescente,Céu Claro,Simples,Curva,Não,1,0,1,0,0,0,1,1,-26.68781947,-53.54909599,SPRF-SC,DEL07-SC,UOP03-DEL07-SC,2023
"568656,0",2023-12-18,segunda-feira,06:10:00,SC,101,"216,1",PALHOCA,Avarias e/ou desgaste excessivo no pneu,Tombamento,Com Vítimas Feridas,Pleno dia,Decrescente,Céu Claro,Múltipla,Reta;Declive,Sim,2,0,2,0,0,0,2,1,-27.65981409,-48.67747798,SPRF-SC,DEL01-SC,UOP02-DEL01-SC,2023
"568665,0",2023-12-18,segunda-feira,07:00:00,SC,101,"199,2",SAO JOSE,Acessar a via sem observar a presença dos outros veículos,Colisão transversal,Com Vítimas Feridas,Pleno dia,Crescente,Céu Claro,Dupla,Reta,Sim,2,0,1,0,1,0,1,2,-27.53413705,-48.63003205,SPRF-SC,DEL01-SC,UOP01-DEL01-SC,2023
"568669,0",2023-12-18,segunda-feira,04:00:00,SC,282,"60,0",RANCHO QUEIMADO,Ingestão de álcool pelo condutor,Saída de leito carroçável,Com Vítimas Feridas,Plena Noite,Decrescente,Nublado,Simples,Curva,Não,1,0,1,0,0,0,1,1,-27.680164,-49.019672,SPRF-SC,DEL01-SC,UOP03-DEL01-SC,2023
"568673,0",2023-12-18,segunda-feira,07:20:00,SC,470,"64,8",INDAIAL,Transitar na contramão,Colisão frontal,Com Vítimas Feridas,Pleno dia,Crescente,Céu Claro,Simples,Reta,Não,2,0,1,0,1,0,1,2,-26.869867,-49.201859,SPRF-SC,DEL04-SC,UOP01-DEL04-SC,2023
"568681,0",2023-12-18,segunda-feira,06:40:00,SC,470,"10,1",NAVEGANTES,Ausência de reação do condutor,Colisão transversal,Com Vítimas Feridas,Pleno dia,Decrescente,Céu Claro,Simples,Curva;Interseção de Vias,Não,2,0,0,1,1,0,1,2,-26.833693,-48.73724,SPRF-SC,DEL04-SC,UOP04-DEL04-SC,2023
"568687,0",2023-12-18,segunda-feira,08:10:00,SC,480,"128,0",CHAPECO,Ausência de reação do condutor,Colisão traseira,Com Vítimas Feridas,Pleno dia,Decrescente,Céu Claro,Simples,Reta,Sim,3,0,1,1,1,0,2,3,-27.03781899,-52.63432603,SPRF-SC,DEL07-SC,UOP01-DEL07-SC,2023
"568691,0",2023-12-18,segunda-feira,08:40:00,SC,101,"202,4",BIGUACU,Transitar na contramão,Colisão frontal,Com Vítimas Feridas,Pleno dia,Crescente,Nublado,Dupla,Reta,Sim,2,0,1,0,1,0,1,2,-27.55711595,-48.61897889,SPRF-SC,DEL01-SC,UOP01-DEL01-SC,2023
"568704,0",2023-12-18,segunda-feira,07:45:00,SC,282,"379,8",HERVAL DOESTE,Ausência de reação do condutor,Colisão traseira,Sem Vítimas,Pleno dia,Crescente,Céu Claro,Simples,Rotatória,Não,2,0,0,0,2,0,0,2,-27.21431586,-51.48625731,SPRF-SC,DEL07-SC,UOP05-DEL07-SC,2023
"568715,0",2023-12-18,segunda-feira,10:50:00,SC,101,"138,0",BALNEARIO CAMBORIU,Avarias e/ou desgaste excessivo no pneu,Queda de ocupante de veículo,Com Vítimas Feridas,Pleno dia,Decrescente,Nublado,Múltipla,Reta,Sim,2,0,2,0,0,0,2,1,-27.02397426,-48.60761649,SPRF-SC,DEL04-SC,UOP03-DEL04-SC,2023
"568726,0",2023-12-18,segunda-feira,12:05:00,SC,282,"209,8",SAO JOSE,Reação tardia ou ineficiente do condutor,Engavetamento,Com Vítimas Feridas,Pleno dia,Decrescente,Céu Claro,Múltipla,Reta;Interseção de Vias,Sim,4,0,1,0,2,1,1,4,-27.61354882,-48.64239371,SPRF-SC,DEL05-SC,UOP01-DEL05-SC,2023
"568727,0",2023-12-18,segunda-feira,11:10:00,SC,282,"501,1",XANXERE,Reação tardia ou ineficiente do condutor,Colisão transversal,Sem Vítimas,Pleno dia,Decrescente,Céu Claro,Dupla,Retorno Regulamentado;Curva,Sim,2,0,0,0,2,0,0,2,-26.882715,-52.381729,SPRF-SC,DEL07-SC,UOP01-DEL07-SC,2023
"568730,0",2023-12-18,segunda-feira,12:30:00,SC,101,"205,0",FLORIANOPOLIS,Velocidade Incompatível,Colisão lateral mesmo sentido,Com Vítimas Feridas,Pleno dia,Crescente,Céu Claro,Dupla,Curva,Não,2,0,1,0,1,0,1,2,-27.58313237,-48.61532885,SPRF-SC,DEL01-SC,UOP01-DEL01-SC,2023
"568744,0",2023-12-18,segunda-feira,13:50:00,SC,101,"207,7",SAO JOSE,Acessar a via sem observar a presença dos outros veículos,Colisão lateral mesmo sentido,Com Vítimas Feridas,Pleno dia,Crescente,Céu Claro,Dupla,Interseção de Vias,Não,2,0,1,0,0,1,1,2,-27.60001226,-48.6226467,SPRF-SC,DEL01-SC,UOP01-DEL01-SC,2023
"568755,0",2023-12-18,segunda-feira,13:30:00,SC,101,"204,0",SAO JOSE,Manobra de mudança de faixa,Colisão lateral mesmo sentido,Sem Vítimas,Pleno dia,Crescente,Céu Claro,Dupla,Reta,Sim,4,0,0,0,4,0,0,2,-27.57413014,-48.61363083,SPRF-SC,DEL01-SC,UOP01-DEL01-SC,2023
"568810,0",2023-12-18,segunda-feira,14:50:00,SC,470,"318,6",CAMPOS NOVOS,Avarias e/ou desgaste excessivo no pneu,Capotamento,Com Vítimas Feridas,Pleno dia,Decrescente,Chuva,Simples,Declive;Reta,Sim,1,0,0,1,0,0,1,1,-27.408455,-51.214985,SPRF-SC,DEL07-SC,UOP06-DEL07-SC,2023
"568831,0",2023-12-18,segunda-feira,20:45:00,SC,280,"6,0",SAO FRANCISCO DO SUL,Transitar na contramão,Colisão frontal,Com Vítimas Feridas,Plena Noite,Crescente,Nublado,Simples,Rotatória,Sim,5,0,3,0,2,0,3,2,-26.26569095,-48.63361804,SPRF-SC,DEL03-SC,UOP03-DEL03-SC,2023
"568846,0",2023-12-18,segunda-feira,20:00:00,SC,280,"6,3",SAO FRANCISCO DO SUL,Ingestão de álcool pelo condutor,Colisão traseira,Com Vítimas Feridas,Plena Noite,Crescente,Céu Claro,Simples,Reta,Sim,2,0,1,0,1,0,1,2,-26.26569095,-48.63361804,SPRF-SC,DEL03-SC,UOP03-DEL03-SC,2023
"568849,0",2023-12-18,segunda-feira,22:15:00,SC,101,"215,5",PALHOCA,Reação tardia ou ineficiente do condutor,Colisão lateral sentido oposto,Com Vítimas Feridas,Plena Noite,Crescente,Céu Claro,Dupla,Túnel;Interseção de Vias,Não,2,0,1,0,1,0,1,2,-27.65184843,-48.67604941,SPRF-SC,DEL01-SC,UOP02-DEL01-SC,2023
"568906,0",2023-12-19,terça-feira,08:50:00,SC,101,"139,5",BALNEARIO CAMBORIU,Manobra de mudança de faixa,Queda de ocupante de veículo,Com Vítimas Feridas,Pleno dia,Crescente,Céu Claro,Múltipla,Aclive,Não,1,0,1,0,0,0,1,1,-27.02397426,-48.60761649,SPRF-SC,DEL04-SC,UOP03-DEL04-SC,2023
"568913,0",2023-12-19,terça-feira,09:15:00,SC,282,"5,6",SAO JOSE,Reação tardia ou ineficiente do condutor,Tombamento,Com Vítimas Feridas,Pleno dia,Crescente,Nublado,Dupla,Curva;Viaduto,Sim,1,0,1,0,0,0,1,1,-27.58480952,-48.61656189,SPRF-SC,DEL01-SC,UOP01-DEL01-SC,2023
"568950,0",2023-12-19,terça-feira,12:00:00,SC,101,"118,0",ITAJAI,Acessar a via sem observar a presença dos outros veículos,Colisão lateral mesmo sentido,Com Vítimas Feridas,Pleno dia,Crescente,Céu Claro,Dupla,Reta,Sim,2,0,1,0,0,1,1,2,-26.895859,-48.71903,SPRF-SC,DEL04-SC,UOP04-DEL04-SC,2023