id,data_inversa,dia_semana,horario,uf,br,km,municipio,causa_acidente,tipo_acidente,classificacao_acidente,fase_dia,sentido_via,condicao_metereologica,tipo_pista,tracado_via,uso_solo,pessoas,mortos,feridos_leves,feridos_graves,ilesos,ignorados,feridos,veiculos,latitude,longitude,regional,delegacia,uop,ano_arquivo
"568952,0",2023-12-19,terça-feira,13:15:00,SC,101,"35,0",JOINVILLE,Reação tardia ou ineficiente do condutor,Colisão com objeto,Com Vítimas Feridas,Pleno dia,Crescente,Sol,Dupla,Reta,Não,4,0,3,0,1,0,3,1,-26.2411301,-48.91227415,SPRF-SC,DEL03-SC,UOP01-DEL03-SC,2023
"568995,0",2023-12-19,terça-feira,16:50:00,SC,101,"202,3",SAO JOSE,Demais falhas mecânicas ou elétricas,Incêndio,Sem Vítimas,Pleno dia,Decrescente,Céu Claro,Múltipla,Reta,Sim,1,0,0,0,1,0,0,1,-27.55711595,-48.61897889,SPRF-SC,DEL01-SC,UOP01-DEL01-SC,2023
"569003,0",2023-12-19,terça-feira,17:40:00,SC,101,"198,8",BIGUACU,Trafegar com motocicleta (ou similar) entre as faixas,Colisão lateral sentido oposto,Com Vítimas Feridas,Pleno dia,Crescente,Céu Claro,Múltipla,Reta,Não,4,0,1,0,3,0,1,3,-27.52658712,-48.63506019,SPRF-SC,DEL01-SC,UOP01-DEL01-SC,2023
"569008,0",2023-12-19,terça-feira,14:15:00,SC,470,"70,0",INDAIAL,Acesso irregular,Colisão frontal,Com Vítimas Feridas,Pleno dia,Crescente,Céu Claro,Simples,Reta;Em Obras,Sim,2,0,1,0,1,0,1,2,-26.889374,-49.254478,SPRF-SC,DEL04-SC,UOP01-DEL04-SC,2023
"569021,0",2023-12-19,terça-feira,18:40:00,SC,101,"145,2",ITAPEMA,Ingestão de álcool ou de substâncias psicoativas pelo pedestre,Colisão traseira,Sem Vítimas,Anoitecer,Decrescente,Nublado,Dupla,Curva;Declive,Sim,2,0,0,0,2,0,0,2,-27.08139206,-48.60130993,SPRF-SC,DEL04-SC,UOP03-DEL04-SC,2023
"569053,0",2023-12-19,terça-feira,18:20:00,SC,101,"125,2",ITAJAI,Ausência de reação do condutor,Colisão traseira,Com Vítimas Feridas,Plena Noite,Decrescente,Nublado,Dupla,Curva,Não,2,0,1,0,1,0,1,2,-26.94802427,-48.68338515,SPRF-SC,DEL04-SC,UOP04-DEL04-SC,2023
"569055,0",2023-12-19,terça-feira,21:35:00,SC,280,"21,0",ARAQUARI,Afundamento ou ondulação no pavimento,Tombamento,Com Vítimas Feridas,Plena Noite,Crescente,Nublado,Simples,Reta,Sim,1,0,1,0,0,0,1,1,-26.37043169,-48.69219602,SPRF-SC,DEL03-SC,UOP03-DEL03-SC,2023
"569102,0",2023-12-20,quarta-feira,06:45:00,SC,101,"139,0",BALNEARIO CAMBORIU,Ingestão de álcool pelo condutor,Colisão com objeto,Com Vítimas Feridas,Pleno dia,Decrescente,Céu Claro,Simples,Curva;Ponte;Viaduto,Sim,1,0,0,1,0,0,1,1,-27.02982303,-48.60115006,SPRF-SC,DEL04-SC,UOP03-DEL04-SC,2023
"569108,0",2023-12-20,quarta-feira,06:00:00,SC,282,"115,8",ALFREDO WAGNER,Velocidade Incompatível,Saída de leito carroçável,Com Vítimas Feridas,Amanhecer,Decrescente,Sol,Simples,Curva,Não,3,0,1,1,1,0,2,1,-27.755424,-49.39444,SPRF-SC,DEL01-SC,UOP03-DEL01-SC,2023
"569116,0",2023-12-20,quarta-feira,07:10:00,SC,101,"208,0",SAO JOSE,Condutor deixou de manter distância do veículo da frente,Colisão traseira,Com Vítimas Feridas,Pleno dia,Decrescente,Céu Claro,Dupla,Reta,Não,2,0,1,0,1,0,1,2,-27.60327979,-48.63201818,SPRF-SC,DEL01-SC,UOP01-DEL01-SC,2023
"569162,0",2023-12-20,quarta-feira,07:25:00,SC,101,"321,0",PESCARIA BRAVA,Reação tardia ou ineficiente do condutor,Colisão traseira,Com Vítimas Feridas,Pleno dia,Crescente,Céu Claro,Dupla,Reta,Sim,2,0,1,0,1,0,1,2,-28.42652417,-48.90778542,SPRF-SC,DEL02-SC,UOP01-DEL02-SC,2023
"569183,0",2023-12-20,quarta-feira,14:00:00,SC,116,"7,0",MAFRA,Reação tardia ou ineficiente do condutor,Saída de leito carroçável,Com Vítimas Feridas,Pleno dia,Decrescente,Céu Claro,Simples,Curva,Não,1,0,1,0,0,0,1,1,-26.16560704,-49.85243797,SPRF-SC,DEL06-SC,UOP01-DEL06-SC,2023
"569188,0",2023-12-20,quarta-feira,14:10:00,SC,282,"5,0",SAO JOSE,Condutor deixou de manter distância do veículo da frente,Colisão traseira,Com Vítimas Feridas,Pleno dia,Crescente,Céu Claro,Múltipla,Reta,Não,3,0,1,0,2,0,1,2,-27.588425,-48.612919,SPRF-SC,DEL01-SC,UOP01-DEL01-SC,2023
"569198,0",2023-12-20,quarta-feira,14:20:00,SC,101,"195,0",BIGUACU,Avarias e/ou desgaste excessivo no pneu,Tombamento,Com Vítimas Feridas,Pleno dia,Decrescente,Sol,Múltipla,Reta,Sim,2,0,2,0,0,0,2,1,-27.5047092,-48.65010819,SPRF-SC,DEL01-SC,UOP01-DEL01-SC,2023
"569205,0",2023-12-20,quarta-feira,15:00:00,SC,280,"53,2",GUARAMIRIM,Reação tardia ou ineficiente do condutor,Colisão traseira,Com Vítimas Feridas,Pleno dia,Crescente,Céu Claro,Dupla,Reta,Sim,2,0,1,0,1,0,1,2,-26.47236756,-48.97426617,SPRF-SC,DEL03-SC,UOP03-DEL03-SC,2023
"569233,0",2023-12-20,quarta-feira,16:46:00,SC,101,"145,0",ITAPEMA,Trafegar com motocicleta (ou similar) entre as faixas,Colisão lateral mesmo sentido,Com Vítimas Feridas,Anoitecer,Decrescente,Céu Claro,Dupla,Reta;Aclive,Sim,5,0,1,1,2,1,2,4,-27.08257767,-48.60233545,SPRF-SC,DEL04-SC,UOP03-DEL04-SC,2023
"569243,0",2023-12-20,quarta-feira,17:25:00,SC,101,"210,0",SAO JOSE,Acessar a via sem observar a presença dos outros veículos,Colisão lateral mesmo sentido,Com Vítimas Feridas,Pleno dia,Crescente,Céu Claro,Dupla,Reta,Sim,2,0,1,0,1,0,1,2,-27.6167305,-48.6457265,SPRF-SC,DEL01-SC,UOP01-DEL01-SC,2023
"569263,0",2023-12-20,quarta-feira,17:15:00,SC,280,"48,4",GUARAMIRIM,Condutor deixou de manter distância do veículo da frente,Colisão traseira,Com Vítimas Feridas,Anoitecer,Crescente,Céu Claro,Múltipla,Desvio Temporário;Em Obras,Não,2,0,0,1,1,0,1,2,-26.45739,-48.93389,SPRF-SC,DEL03-SC,UOP03-DEL03-SC,2023
"569264,0",2023-12-20,quarta-feira,14:50:00,SC,101,"334,0",TUBARAO,Ausência de reação do condutor,Colisão traseira,Com Vítimas Feridas,Pleno dia,Crescente,Céu Claro,Dupla,Rotatória,Sim,3,0,2,0,1,0,2,2,-28.47020032,-49.0196228,SPRF-SC,DEL02-SC,UOP01-DEL02-SC,2023
"569296,0",2023-12-20,quarta-feira,20:50:00,SC,101,"208,0",SAO JOSE,Acesso irregular,Colisão lateral mesmo sentido,Com Vítimas Feridas,Plena Noite,Decrescente,Céu Claro,Múltipla,Reta,Sim,3,0,2,0,0,1,2,2,-27.60327979,-48.63201818,SPRF-SC,DEL01-SC,UOP01-DEL01-SC,2023
"569304,0",2023-12-20,quarta-feira,18:10:00,SC,101,"411,9",ARARANGUA,Avarias e/ou desgaste excessivo no pneu,Saída de leito carroçável,Com Vítimas Feridas,Anoitecer,Decrescente,Nublado,Dupla,Reta,Não,1,0,1,0,0,0,1,1,-28.94356577,-49.52705383,SPRF-SC,DEL02-SC,UOP02-DEL02-SC,2023
"569306,0",2023-12-20,quarta-feira,20:15:00,SC,101,"83,0",BARRA VELHA,Transitar na contramão,Colisão frontal,Com Vítimas Feridas,Plena Noite,Crescente,Garoa/Chuvisco,Simples,Reta,Sim,2,0,1,0,1,0,1,2,-26.61865655,-48.71834126,SPRF-SC,DEL03-SC,UOP02-DEL03-SC,2023
"569335,0",2023-12-20,quarta-feira,23:45:00,SC,480,"123,8",CHAPECO,Demais falhas mecânicas ou elétricas,Incêndio,Sem Vítimas,Plena Noite,Decrescente,Céu Claro,Dupla,Aclive;Reta,Sim,42,0,0,0,42,0,0,1,-27.00037575,-52.64563757,SPRF-SC,DEL07-SC,UOP01-DEL07-SC,2023
"569372,0",2023-12-21,quinta-feira,08:00:00,SC,282,"604,0",MARAVILHA,Manobra de mudança de faixa,Colisão transversal,Com Vítimas Feridas,Pleno dia,Decrescente,Céu Claro,Simples,Reta,Sim,2,0,1,0,1,0,1,2,-26.795523,-53.192974,SPRF-SC,DEL07-SC,UOP02-DEL07-SC,2023
"569379,0",2023-12-09,sábado,20:30:00,SC,282,"561,0",NOVA ITABERABA,Acessar a via sem observar a presença dos outros veículos,Colisão transversal,Com Vítimas Feridas,Plena Noite,Crescente,Céu Claro,Simples,Declive,Não,2,0,0,1,1,0,1,2,-26.919464,-52.861614,SPRF-SC,DEL07-SC,UOP02-DEL07-SC,2023
"569384,0",2023-12-21,quinta-feira,07:30:00,SC,101,"104,0",BALNEARIO PICARRAS,Ausência de reação do condutor,Tombamento,Com Vítimas Feridas,Pleno dia,Decrescente,Sol,Múltipla,Reta,Não,1,0,1,0,0,0,1,1,-26.79281742,-48.68080819,SPRF-SC,DEL03-SC,UOP02-DEL03-SC,2023
"569429,0",2023-12-21,quinta-feira,11:20:00,SC,282,"402,0",JOACABA,Curva acentuada,Tombamento,Com Vítimas Feridas,Pleno dia,Decrescente,Céu Claro,Simples,Curva,Não,2,0,2,0,0,0,2,1,-27.115656,-51.631065,SPRF-SC,DEL07-SC,UOP05-DEL07-SC,2023
"569452,0",2023-12-21,quinta-feira,14:20:00,SC,101,"10,0",GARUVA,Entrada inopinada do pedestre,Atropelamento de Pedestre,Com Vítimas Feridas,Pleno dia,Decrescente,Céu Claro,Dupla,Reta,Não,2,0,0,1,1,0,1,2,-26.063011,-48.86020605,SPRF-SC,DEL03-SC,UOP01-DEL03-SC,2023
"569489,0",2023-12-20,quarta-feira,21:00:00,SC,280,"275,0",IRINEOPOLIS,Desrespeitar a preferência no cruzamento,Colisão transversal,Sem Vítimas,Plena Noite,Crescente,Nublado,Simples,Interseção de Vias,Não,1,0,0,0,1,0,0,1,-26.28674797,-50.78186002,SPRF-SC,DEL06-SC,UOP04-DEL06-SC,2023
"569517,0",2023-12-21,quinta-feira,16:20:00,SC,101,"108,5",PENHA,Demais falhas mecânicas ou elétricas,Incêndio,Sem Vítimas,Pleno dia,Decrescente,Céu Claro,Dupla,Reta,Sim,1,0,0,0,0,1,0,1,-26.82606902,-48.69052298,SPRF-SC,DEL03-SC,UOP02-DEL03-SC,2023
"569523,0",2023-12-21,quinta-feira,18:30:00,SC,101,"121,5",ITAJAI,Ausência de reação do condutor,Colisão lateral mesmo sentido,Com Vítimas Feridas,Pleno dia,Decrescente,Céu Claro,Dupla,Reta,Não,4,0,0,1,2,1,1,4,-26.92103178,-48.70856446,SPRF-SC,DEL04-SC,UOP04-DEL04-SC,2023
"569524,0",2023-12-21,quinta-feira,17:15:00,SC,101,"341,0",TUBARAO,Reação tardia ou ineficiente do condutor,Tombamento,Com Vítimas Feridas,Pleno dia,Crescente,Céu Claro,Dupla,Reta,Não,1,0,1,0,0,0,1,1,-28.50999405,-49.05070686,SPRF-SC,DEL02-SC,UOP01-DEL02-SC,2023
"569526,0",2023-12-21,quinta-feira,18:50:00,SC,101,"206,0",SAO JOSE,Ausência de reação do condutor,Colisão traseira,Com Vítimas Feridas,Pleno dia,Crescente,Céu Claro,Múltipla,Reta,Não,2,0,1,0,1,0,1,2,-27.59193546,-48.61824557,SPRF-SC,DEL01-SC,UOP01-DEL01-SC,2023
"569532,0",2023-12-21,quinta-feira,12:50:00,SC,101,"445,1",SANTA ROSA DO SUL,Ausência de reação do condutor,Saída de leito carroçável,Com Vítimas Feridas,Pleno dia,Crescente,Céu Claro,Múltipla,Reta,Sim,3,0,2,0,1,0,2,1,-29.13876138,-49.71567783,SPRF-SC,DEL02-SC,UOP02-DEL02-SC,2023
"569554,0",2023-12-21,quinta-feira,20:29:00,SC,101,"416,3",ARARANGUA,Acessar a via sem observar a presença dos outros veículos,Colisão frontal,Com Vítimas Feridas,Plena Noite,Crescente,Céu Claro,Múltipla,Interseção de Vias,Não,2,0,0,1,1,0,1,2,-28.96708874,-49.52338825,SPRF-SC,DEL02-SC,UOP02-DEL02-SC,2023
"569588,0",2023-12-22,sexta-feira,00:10:00,SC,101,"213,9",PALHOCA,Ingestão de álcool pelo condutor,Colisão lateral mesmo sentido,Sem Vítimas,Plena Noite,Crescente,Céu Claro,Simples,Reta,Sim,2,0,0,0,2,0,0,2,-27.63697369,-48.66514142,SPRF-SC,DEL01-SC,UOP02-DEL01-SC,2023
"569598,0",2023-12-22,sexta-feira,03:20:00,SC,280,"54,0",JARAGUA DO SUL,Ingestão de álcool pelo condutor,Colisão com objeto,Com Vítimas Feridas,Plena Noite,Crescente,Céu Claro,Dupla,Reta,Sim,1,0,1,0,0,0,1,1,-26.47539893,-48.983748,SPRF-SC,DEL03-SC,UOP03-DEL03-SC,2023
"569632,0",2023-11-20,segunda-feira,08:40:00,SC,280,"22,6",ARAQUARI,Acessar a via sem observar a presença dos outros veículos,Colisão transversal,Com Vítimas Feridas,Pleno dia,Decrescente,Nublado,Simples,Reta,Sim,2,0,0,1,1,0,1,2,-26.37115693,-48.70699525,SPRF-SC,DEL03-SC,UOP03-DEL03-SC,2023
"569633,0",2023-12-22,sexta-feira,08:30:00,SC,101,"139,0",BALNEARIO CAMBORIU,Ausência de reação do condutor,Colisão com objeto,Com Vítimas Feridas,Pleno dia,Decrescente,Céu Claro,Múltipla,Curva,Sim,1,0,1,0,0,0,1,1,-27.02982303,-48.60115006,SPRF-SC,DEL04-SC,UOP03-DEL04-SC,2023
"569656,0",2023-12-02,sábado,14:30:00,SC,280,"197,0",MAFRA,Reação tardia ou ineficiente do condutor,Queda de ocupante de veículo,Com Vítimas Feridas,Pleno dia,Crescente,Céu Claro,Simples,Reta,Não,1,0,1,0,0,0,1,1,-26.17527886,-50.04358202,SPRF-SC,DEL06-SC,UOP01-DEL06-SC,2023
"569662,0",2023-12-22,sexta-feira,07:30:00,SC,101,"109,0",PENHA,Reação tardia ou ineficiente do condutor,Tombamento,Com Vítimas Feridas,Pleno dia,Crescente,Céu Claro,Dupla,Reta;Declive,Não,1,0,1,0,0,0,1,1,-26.8333519,-48.69632106,SPRF-SC,DEL03-SC,UOP02-DEL03-SC,2023
"569675,0",2023-12-22,sexta-feira,10:40:00,SC,282,"18,5",PALHOCA,Retorno proibido,Colisão transversal,Com Vítimas Feridas,Pleno dia,Crescente,Céu Claro,Simples,Reta,Não,2,0,0,1,0,1,1,2,-27.665707,-48.688065,SPRF-SC,DEL01-SC,UOP02-DEL01-SC,2023
"569688,0",2023-03-22,quarta-feira,23:20:00,SC,101,"131,0",BALNEARIO CAMBORIU,Manobra de mudança de faixa,Colisão traseira,Com Vítimas Feridas,Plena Noite,Decrescente,Chuva,Dupla,Reta,Não,2,0,1,0,1,0,1,2,-26.99064209,-48.66310912,SPRF-SC,DEL04-SC,UOP03-DEL04-SC,2023
"569693,0",2023-12-22,sexta-feira,12:30:00,SC,101,"168,0",TIJUCAS,Carga excessiva e/ou mal acondicionada,Colisão com objeto,Com Vítimas Feridas,Pleno dia,Decrescente,Céu Claro,Dupla,Reta,Não,2,0,2,0,0,0,2,1,-27.279105,-48.631554,SPRF-SC,DEL04-SC,UOP03-DEL04-SC,2023
"569695,0",2023-12-22,sexta-feira,11:50:00,SC,101,"207,0",SAO JOSE,Ingestão de álcool pelo condutor,Colisão lateral mesmo sentido,Sem Vítimas,Pleno dia,Crescente,Céu Claro,Múltipla,Reta;Aclive,Sim,2,0,0,0,2,0,0,2,-27.60156354,-48.6272049,SPRF-SC,DEL01-SC,UOP01-DEL01-SC,2023
"569702,0",2023-12-22,sexta-feira,11:20:00,SC,282,"45,5",AGUAS MORNAS,Velocidade Incompatível,Colisão frontal,Com Vítimas Feridas,Pleno dia,Crescente,Céu Claro,Simples,Aclive;Curva,Não,6,0,2,2,2,0,4,2,-27.71929705,-48.9220398,SPRF-SC,DEL01-SC,UOP03-DEL01-SC,2023
"569706,0",2023-12-22,sexta-feira,12:45:00,SC,101,"296,2",IMBITUBA,Condutor deixou de manter distância do veículo da frente,Colisão lateral mesmo sentido,Com Vítimas Feridas,Pleno dia,Crescente,Céu Claro,Múltipla,Interseção de Vias,Não,4,0,0,1,3,0,1,2,-28.30563701,-48.72103898,SPRF-SC,DEL02-SC,UOP03-DEL02-SC,2023
"569707,0",2023-12-22,sexta-feira,13:05:00,SC,101,"335,7",TUBARAO,Reação tardia ou ineficiente do condutor,Colisão traseira,Com Vítimas Feridas,Pleno dia,Decrescente,Céu Claro,Múltipla,Aclive;Interseção de Vias;Reta,Sim,2,0,1,0,1,0,1,2,-28.46927473,-49.01557908,SPRF-SC,DEL02-SC,UOP01-DEL02-SC,2023
"569727,0",2023-12-22,sexta-feira,14:50:00,SC,101,"209,0",SAO JOSE,Manobra de mudança de faixa,Colisão traseira,Com Vítimas Feridas,Pleno dia,Crescente,Nublado,Dupla,Reta,Sim,2,0,1,0,1,0,1,2,-27.61000542,-48.63895057,SPRF-SC,DEL01-SC,UOP01-DEL01-SC,2023
"569763,0",2023-12-22,sexta-feira,17:15:00,SC,101,"84,8",BARRA VELHA,Reação tardia ou ineficiente do condutor,Colisão traseira,Com Vítimas Feridas,Pleno dia,Crescente,Sol,Múltipla,Reta;Em Obras,Não,2,0,1,0,1,0,1,2,-26.63176673,-48.70361549,SPRF-SC,DEL03-SC,UOP02-DEL03-SC,2023
"569764,0",2023-12-22,sexta-feira,17:30:00,SC,101,"214,5",PALHOCA,Condutor deixou de manter distância do veículo da frente,Colisão traseira,Com Vítimas Feridas,Pleno dia,Crescente,Céu Claro,Múltipla,Reta,Não,2,0,0,1,1,0,1,2,-27.64443,-48.67057,SPRF-SC,DEL01-SC,UOP02-DEL01-SC,2023
"569774,0",2023-12-17,domingo,09:45:00,SC,101,"117,6",ITAJAI,Condutor deixou de manter distância do veículo da frente,Colisão traseira,Com Vítimas Feridas,Pleno dia,Decrescente,Nublado,Múltipla,Reta,Não,3,0,1,0,2,0,1,3,-26.89260255,-48.72024536,SPRF-SC,DEL04-SC,UOP04-DEL04-SC,2023
"569777,0",2023-12-22,sexta-feira,17:50:00,SC,101,"109,4",PENHA,Reação tardia ou ineficiente do condutor,Engavetamento,Com Vítimas Feridas,Pleno dia,Crescente,Céu Claro,Dupla,Reta,Não,3,0,1,0,2,0,1,3,-26.8333519,-48.69632106,SPRF-SC,DEL03-SC,UOP02-DEL03-SC,2023
"569786,0",2023-12-22,sexta-feira,18:30:00,SC,101,"87,4",BARRA VELHA,Acessar a via sem observar a presença dos outros veículos,Colisão transversal,Sem Vítimas,Pleno dia,Crescente,Céu Claro,Múltipla,Reta;Interseção de Vias,Sim,2,0,0,0,1,1,0,2,-26.63713377,-48.69651057,SPRF-SC,DEL03-SC,UOP02-DEL03-SC,2023
"569824,0",2023-12-22,sexta-feira,18:15:00,SC,101,"127,0",ITAJAI,Ausência de reação do condutor,Colisão lateral mesmo sentido,Com Vítimas Feridas,Pleno dia,Crescente,Céu Claro,Dupla,Reta,Sim,2,0,1,0,1,0,1,2,-26.9639319,-48.68328024,SPRF-SC,DEL04-SC,UOP04-DEL04-SC,2023
"569848,0",2023-12-22,sexta-feira,18:50:00,SC,280,"292,0",PORTO UNIAO,Ingestão de álcool pelo condutor,Colisão lateral mesmo sentido,Com Vítimas Feridas,Anoitecer,Crescente,Céu Claro,Simples,Reta;Aclive,Não,4,0,1,0,3,0,1,2,-26.29652221,-50.94542396,SPRF-SC,DEL06-SC,UOP04-DEL06-SC,2023
"569850,0",2023-12-22,sexta-feira,20:30:00,SC,163,"1,5",DIONISIO CERQUEIRA,Acesso irregular,Colisão frontal,Com Vítimas Feridas,Plena Noite,Crescente,Céu Claro,Simples,Em Obras;Reta,Sim,2,0,0,1,0,1,1,2,-26.26840342,-53.62856984,SPRF-SC,DEL07-SC,UOP03-DEL07-SC,2023
"569872,0",2023-12-22,sexta-feira,23:10:00,SC,101,"415,6",ARARANGUA,Desrespeitar a preferência no cruzamento,Colisão frontal,Com Vítimas Feridas,Plena Noite,Decrescente,Chuva,Múltipla,Reta;Interseção de Vias,Sim,2,0,0,1,1,0,1,2,-28.96910008,-49.52533722,SPRF-SC,DEL02-SC,UOP02-DEL02-SC,2023
"569874,0",2023-12-22,sexta-feira,20:20:00,SC,101,"427,1",ARARANGUA,Reação tardia ou ineficiente do condutor,Colisão traseira,Com Vítimas Feridas,Plena Noite,Crescente,Nublado,Simples,Reta,Não,5,0,2,0,3,0,2,3,-29.0329064,-49.60623553,SPRF-SC,DEL02-SC,UOP02-DEL02-SC,2023
"569888,0",2023-12-23,sábado,01:00:00,SC,101,"219,9",PALHOCA,Velocidade Incompatível,Capotamento,Com Vítimas Feridas,Plena Noite,Crescente,Chuva,Simples,Curva,Não,1,0,1,0,0,0,1,1,-27.68392194,-48.66710085,SPRF-SC,DEL01-SC,UOP02-DEL01-SC,2023
"569893,0",2023-12-23,sábado,03:00:00,SC,470,"141,0",RIO DO SUL,Transitar na contramão,Colisão frontal,Com Vítimas Feridas,Plena Noite,Crescente,Céu Claro,Simples,Curva,Sim,2,0,1,0,1,0,1,2,-27.226065,-49.666161,SPRF-SC,DEL04-SC,UOP02-DEL04-SC,2023
"569894,0",2023-12-23,sábado,02:45:00,SC,101,"138,0",BALNEARIO CAMBORIU,Velocidade Incompatível,Saída de leito carroçável,Com Vítimas Feridas,Plena Noite,Decrescente,Chuva,Dupla,Curva,Sim,2,0,1,0,0,1,1,1,-27.02397426,-48.60761649,SPRF-SC,DEL04-SC,UOP03-DEL04-SC,2023
"569895,0",2023-12-23,sábado,01:50:00,SC,101,"226,0",PALHOCA,Chuva,Saída de leito carroçável,Com Vítimas Feridas,Plena Noite,Crescente,Chuva,Dupla,Aclive,Não,1,0,1,0,0,0,1,1,-27.74200001,-48.63806504,SPRF-SC,DEL01-SC,UOP02-DEL01-SC,2023
"569906,0",2023-12-23,sábado,04:10:00,SC,280,"80,0",CORUPA,Ingestão de álcool pelo condutor,Colisão lateral sentido oposto,Com Vítimas Feridas,Plena Noite,Decrescente,Céu Claro,Simples,Reta,Sim,2,0,1,0,0,1,1,2,-26.44412189,-49.20975187,SPRF-SC,DEL06-SC,UOP03-DEL06-SC,2023
"569922,0",2023-12-23,sábado,05:00:00,SC,470,"22,0",GASPAR,Ausência de reação do condutor,Saída de leito carroçável,Com Vítimas Feridas,Pleno dia,Crescente,Céu Claro,Dupla,Curva,Não,1,0,0,1,0,0,1,1,-26.880066,-48.836224,SPRF-SC,DEL04-SC,UOP04-DEL04-SC,2023
"569926,0",2023-12-23,sábado,05:00:00,SC,280,"144,0",MAFRA,Transitar na contramão,Colisão frontal,Com Vítimas Feridas,Amanhecer,Decrescente,Céu Claro,Simples,Curva,Não,2,0,0,1,1,0,1,2,-26.24513497,-49.64589702,SPRF-SC,DEL06-SC,UOP03-DEL06-SC,2023
"569927,0",2023-12-23,sábado,06:40:00,SC,470,"60,7",BLUMENAU,Ingestão de álcool pelo condutor,Saída de leito carroçável,Sem Vítimas,Pleno dia,Decrescente,Céu Claro,Simples,Reta,Não,1,0,0,0,1,0,0,1,-26.88138,-49.164543,SPRF-SC,DEL04-SC,UOP01-DEL04-SC,2023
"569950,0",2023-12-23,sábado,09:30:00,SC,470,"169,0",POUSO REDONDO,Reação tardia ou ineficiente do condutor,Engavetamento,Com Vítimas Feridas,Pleno dia,Crescente,Nublado,Simples,Reta;Declive,Não,3,0,1,0,2,0,1,3,-27.265471,-49.882442,SPRF-SC,DEL04-SC,UOP02-DEL04-SC,2023
"569955,0",2023-12-23,sábado,05:50:00,SC,101,"125,0",ITAJAI,Reação tardia ou ineficiente do condutor,Colisão traseira,Com Vítimas Feridas,Pleno dia,Crescente,Nublado,Dupla,Reta,Sim,2,0,1,0,1,0,1,2,-26.94802427,-48.68338515,SPRF-SC,DEL04-SC,UOP04-DEL04-SC,2023
"569958,0",2023-10-24,terça-feira,14:30:00,SC,280,"58,0",GUARAMIRIM,Acessar a via sem observar a presença dos outros veículos,Colisão transversal,Com Vítimas Feridas,Pleno dia,Decrescente,Céu Claro,Dupla,Rotatória,Sim,2,0,1,0,1,0,1,2,-26.47415593,-49.021211,SPRF-SC,DEL03-SC,UOP03-DEL03-SC,2023
"569974,0",2023-12-23,sábado,10:35:00,SC,470,"159,0",TROMBUDO CENTRAL,Demais falhas na via,Saída de leito carroçável,Com Vítimas Feridas,Pleno dia,Crescente,Céu Claro,Simples,Curva,Não,2,0,2,0,0,0,2,1,-27.285877,-49.788143,SPRF-SC,DEL04-SC,UOP02-DEL04-SC,2023
"569975,0",2023-12-23,sábado,10:30:00,SC,282,"19,6",PALHOCA,Retorno proibido,Colisão transversal,Com Vítimas Feridas,Pleno dia,Decrescente,Céu Claro,Simples,Reta,Sim,3,0,2,0,1,0,2,2,-27.678635,-48.70192,SPRF-SC,DEL01-SC,UOP02-DEL01-SC,2023
"569977,0",2023-12-23,sábado,10:35:00,SC,101,"88,3",BARRA VELHA,Trafegar com motocicleta (ou similar) entre as faixas,Colisão lateral mesmo sentido,Com Vítimas Feridas,Pleno dia,Crescente,Céu Claro,Dupla,Viaduto;Reta;Declive,Não,4,0,1,1,2,0,2,3,-26.64253985,-48.68950684,SPRF-SC,DEL03-SC,UOP02-DEL03-SC,2023
"569986,0",2023-12-23,sábado,11:20:00,SC,101,"198,0",BIGUACU,Trafegar com motocicleta (ou similar) entre as faixas,Colisão traseira,Com Vítimas Feridas,Pleno dia,Crescente,Céu Claro,Múltipla,Reta,Sim,3,0,3,0,0,0,3,2,-27.52658712,-48.63506019,SPRF-SC,DEL01-SC,UOP01-DEL01-SC,2023
"569991,0",2023-12-23,sábado,11:00:00,SC,101,"122,7",ITAJAI,Condutor deixou de manter distância do veículo da frente,Colisão traseira,Com Vítimas Feridas,Pleno dia,Crescente,Céu Claro,Dupla,Reta,Não,5,0,2,0,3,0,2,3,-26.92955916,-48.70499836,SPRF-SC,DEL04-SC,UOP04-DEL04-SC,2023
"570003,0",2023-12-23,sábado,12:40:00,SC,101,"208,0",SAO JOSE,Acessar a via sem observar a presença dos outros veículos,Queda de ocupante de veículo,Com Vítimas Feridas,Pleno dia,Decrescente,Céu Claro,Dupla,Reta,Não,2,0,1,0,1,0,1,2,-27.60327979,-48.63201818,SPRF-SC,DEL01-SC,UOP01-DEL01-SC,2023
"570024,0",2023-12-23,sábado,09:25:00,SC,280,"93,0",CORUPA,Reação tardia ou ineficiente do condutor,Capotamento,Sem Vítimas,Pleno dia,Crescente,Chuva,Simples,Curva,Não,1,0,0,0,0,1,0,1,-26.39962904,-49.29783103,SPRF-SC,DEL06-SC,UOP03-DEL06-SC,2023
"570025,0",2023-12-23,sábado,13:15:00,SC,163,"73,4",SAO MIGUEL DO OESTE,Acessar a via sem observar a presença dos outros veículos,Colisão transversal,Com Vítimas Feridas,Pleno dia,Crescente,Nublado,Simples,Interseção de Vias,Sim,2,0,1,0,1,0,1,2,-26.71084646,-53.51502434,SPRF-SC,DEL07-SC,UOP03-DEL07-SC,2023