id,data_inversa,dia_semana,horario,uf,br,km,municipio,causa_acidente,tipo_acidente,classificacao_acidente,fase_dia,sentido_via,condicao_metereologica,tipo_pista,tracado_via,uso_solo,pessoas,mortos,feridos_leves,feridos_graves,ilesos,ignorados,feridos,veiculos,latitude,longitude,regional,delegacia,uop,ano_arquivo
"570063,0",2023-12-23,sábado,12:30:00,SC,282,"39,5",AGUAS MORNAS,Velocidade Incompatível,Saída de leito carroçável,Com Vítimas Feridas,Pleno dia,Decrescente,Sol,Simples,Reta,Não,2,0,2,0,0,0,2,1,-27.712439,-48.860607,SPRF-SC,DEL01-SC,UOP03-DEL01-SC,2023
"570096,0",2023-12-23,sábado,17:30:00,SC,101,"286,1",IMBITUBA,Demais falhas mecânicas ou elétricas,Incêndio,Sem Vítimas,Pleno dia,Decrescente,Céu Claro,Dupla,Reta;Declive,Não,2,0,0,0,2,0,0,1,-28.22947996,-48.70163526,SPRF-SC,DEL02-SC,UOP03-DEL02-SC,2023
"570099,0",2023-12-23,sábado,10:30:00,SC,470,"157,7",TROMBUDO CENTRAL,Chuva,Saída de leito carroçável,Com Vítimas Feridas,Pleno dia,Crescente,Chuva,Simples,Curva,Não,3,0,2,0,1,0,2,1,-27.285425,-49.76881,SPRF-SC,DEL04-SC,UOP02-DEL04-SC,2023
"570124,0",2023-12-23,sábado,19:15:00,SC,101,"38,5",JOINVILLE,Desrespeitar a preferência no cruzamento,Colisão transversal,Sem Vítimas,Anoitecer,Crescente,Céu Claro,Simples,Rotatória,Sim,2,0,0,0,2,0,0,2,-26.25472505,-48.90561309,SPRF-SC,DEL03-SC,UOP01-DEL03-SC,2023
"570125,0",2023-12-23,sábado,19:25:00,SC,101,"150,6",ITAPEMA,Manobra de mudança de faixa,Colisão traseira,Com Vítimas Feridas,Plena Noite,Crescente,Nublado,Dupla,Reta,Sim,3,0,0,2,1,0,2,2,-27.11744799,-48.60940987,SPRF-SC,DEL04-SC,UOP03-DEL04-SC,2023
"570136,0",2023-12-23,sábado,16:05:00,SC,101,"123,7",ITAJAI,Manobra de mudança de faixa,Colisão lateral mesmo sentido,Com Vítimas Feridas,Pleno dia,Crescente,Céu Claro,Dupla,Reta,Não,3,0,1,0,2,0,1,2,-26.93668609,-48.69876905,SPRF-SC,DEL04-SC,UOP04-DEL04-SC,2023
"570139,0",2023-12-23,sábado,17:50:00,SC,282,"244,0",SAO JOSE DO CERRITO,Condutor Dormindo,Colisão frontal,Com Vítimas Feridas,Pleno dia,Decrescente,Céu Claro,Simples,Aclive;Curva,Não,2,0,0,2,0,0,2,2,-27.73637705,-50.51967502,SPRF-SC,DEL05-SC,UOP02-DEL05-SC,2023
"570166,0",2023-12-23,sábado,22:20:00,SC,101,"211,3",PALHOCA,Ausência de reação do condutor,Colisão traseira,Com Vítimas Feridas,Plena Noite,Decrescente,Céu Claro,Simples,Interseção de Vias;Reta,Sim,3,0,3,0,0,0,3,2,-27.62329313,-48.65245588,SPRF-SC,DEL01-SC,UOP02-DEL01-SC,2023
"570178,0",2023-12-23,sábado,22:20:00,SC,280,"30,0",ARAQUARI,Ingestão de álcool pelo condutor,Colisão frontal,Sem Vítimas,Plena Noite,Decrescente,Nublado,Simples,Reta,Sim,2,0,0,0,2,0,0,2,-26.4141523,-48.76209493,SPRF-SC,DEL03-SC,UOP03-DEL03-SC,2023
"570198,0",2023-12-24,domingo,01:10:00,SC,282,"3,4",FLORIANOPOLIS,Ausência de reação do condutor,Colisão traseira,Com Vítimas Feridas,Plena Noite,Decrescente,Céu Claro,Múltipla,Reta,Sim,5,0,3,0,2,0,3,2,-27.600384,-48.599705,SPRF-SC,DEL01-SC,UOP01-DEL01-SC,2023
"570222,0",2023-12-24,domingo,03:00:00,SC,101,"321,5",PESCARIA BRAVA,Condutor Dormindo,Colisão com objeto,Com Vítimas Feridas,Plena Noite,Crescente,Céu Claro,Dupla,Reta,Não,1,0,1,0,0,0,1,1,-28.42532339,-48.8919091,SPRF-SC,DEL02-SC,UOP01-DEL02-SC,2023
"570236,0",2023-12-24,domingo,04:30:00,SC,470,"95,0",APIUNA,Condutor Dormindo,Colisão frontal,Com Vítimas Feridas,Amanhecer,Decrescente,Céu Claro,Simples,Curva,Não,4,0,1,0,3,0,1,2,-27.011988,-49.372101,SPRF-SC,DEL04-SC,UOP01-DEL04-SC,2023
"570243,0",2023-12-24,domingo,06:00:00,SC,101,"215,6",PALHOCA,Reação tardia ou ineficiente do condutor,Colisão com objeto,Com Vítimas Feridas,Pleno dia,Crescente,Céu Claro,Dupla,Curva,Sim,1,0,1,0,0,0,1,1,-27.65184843,-48.67604941,SPRF-SC,DEL01-SC,UOP02-DEL01-SC,2023
"570251,0",2023-12-24,domingo,05:30:00,SC,480,"129,8",CHAPECO,Ausência de reação do condutor,Saída de leito carroçável,Com Vítimas Feridas,Amanhecer,Crescente,Céu Claro,Múltipla,Curva,Sim,2,0,1,0,1,0,1,1,-27.053968,-52.636684,SPRF-SC,DEL07-SC,UOP01-DEL07-SC,2023
"570266,0",2023-12-24,domingo,08:00:00,SC,282,"2,0",FLORIANOPOLIS,Demais falhas mecânicas ou elétricas,Tombamento,Com Vítimas Feridas,Pleno dia,Decrescente,Sol,Múltipla,Reta,Sim,2,0,2,0,0,0,2,1,-27.603289,-48.590416,SPRF-SC,DEL01-SC,UOP01-DEL01-SC,2023
"570276,0",2023-12-24,domingo,08:10:00,SC,101,"145,0",ITAPEMA,Reação tardia ou ineficiente do condutor,Colisão com objeto,Com Vítimas Feridas,Pleno dia,Decrescente,Céu Claro,Dupla,Reta,Não,1,0,1,0,0,0,1,1,-27.08139206,-48.60130993,SPRF-SC,DEL04-SC,UOP03-DEL04-SC,2023
"570295,0",2023-12-24,domingo,10:55:00,SC,101,"61,0",ARAQUARI,Área urbana sem a presença de local apropriado para a travessia de pedestres,Atropelamento de Pedestre,Com Vítimas Fatais,Pleno dia,Crescente,Céu Claro,Dupla,Curva,Não,2,1,0,0,1,0,0,2,-26.45474174,-48.77699195,SPRF-SC,DEL03-SC,UOP02-DEL03-SC,2023
"570314,0",2023-12-24,domingo,06:00:00,SC,470,"227,8",SAO CRISTOVAO DO SUL,Ausência de reação do condutor,Saída de leito carroçável,Sem Vítimas,Pleno dia,Decrescente,Nublado,Simples,Reta,Não,1,0,0,0,0,1,0,1,-27.32236491,-50.37591934,SPRF-SC,DEL05-SC,UOP03-DEL05-SC,2023
"570324,0",2023-12-24,domingo,13:20:00,SC,470,"39,0",GASPAR,Ingestão de álcool pelo condutor,Colisão lateral mesmo sentido,Sem Vítimas,Pleno dia,Crescente,Céu Claro,Dupla,Curva,Não,2,0,0,0,2,0,0,2,-26.897341,-48.986881,SPRF-SC,DEL04-SC,UOP01-DEL04-SC,2023
"570331,0",2023-12-24,domingo,13:55:00,SC,101,"142,0",ITAPEMA,Demais falhas mecânicas ou elétricas,Tombamento,Com Vítimas Feridas,Pleno dia,Crescente,Céu Claro,Dupla,Declive,Não,1,0,1,0,0,0,1,1,-27.056089,-48.599449,SPRF-SC,DEL04-SC,UOP03-DEL04-SC,2023
"570335,0",2023-12-24,domingo,14:00:00,SC,101,"96,0",BARRA VELHA,Demais falhas mecânicas ou elétricas,Incêndio,Sem Vítimas,Pleno dia,Crescente,Céu Claro,Dupla,Reta,Não,1,0,0,0,1,0,0,1,-26.718427,-48.70233,SPRF-SC,DEL03-SC,UOP02-DEL03-SC,2023
"570336,0",2023-12-24,domingo,14:40:00,SC,101,"149,0",ITAPEMA,Reação tardia ou ineficiente do condutor,Colisão traseira,Com Vítimas Feridas,Pleno dia,Crescente,Céu Claro,Dupla,Reta,Sim,2,0,1,0,1,0,1,2,-27.1089649,-48.61277586,SPRF-SC,DEL04-SC,UOP03-DEL04-SC,2023
"570340,0",2023-12-08,sexta-feira,10:44:00,SC,101,"205,2",SAO JOSE,Manobra de mudança de faixa,Colisão traseira,Com Vítimas Feridas,Pleno dia,Crescente,Céu Claro,Múltipla,Reta,Não,2,0,1,0,0,1,1,2,-27.58313237,-48.61532885,SPRF-SC,DEL01-SC,UOP01-DEL01-SC,2023
"570344,0",2023-12-24,domingo,10:05:00,SC,101,"129,0",BALNEARIO CAMBORIU,Demais falhas mecânicas ou elétricas,Tombamento,Com Vítimas Feridas,Pleno dia,Decrescente,Céu Claro,Dupla,Reta,Sim,2,0,1,0,1,0,1,1,-26.98064277,-48.6790679,SPRF-SC,DEL04-SC,UOP03-DEL04-SC,2023
"570351,0",2023-12-24,domingo,15:00:00,SC,101,"80,0",BARRA VELHA,Ausência de reação do condutor,Queda de ocupante de veículo,Com Vítimas Feridas,Pleno dia,Decrescente,Sol,Dupla,Reta,Não,2,0,2,0,0,0,2,1,-26.59441996,-48.72183309,SPRF-SC,DEL03-SC,UOP02-DEL03-SC,2023
"570380,0",2023-12-24,domingo,16:30:00,SC,101,"293,5",IMBITUBA,Ingestão de álcool pelo condutor,Saída de leito carroçável,Sem Vítimas,Pleno dia,Decrescente,Céu Claro,Dupla,Reta,Não,4,0,0,0,4,0,0,1,-28.308059,-48.721747,SPRF-SC,DEL02-SC,UOP03-DEL02-SC,2023
"570399,0",2023-12-24,domingo,21:45:00,SC,101,"3,0",GARUVA,Velocidade Incompatível,Capotamento,Com Vítimas Feridas,Plena Noite,Decrescente,Chuva,Dupla,Curva,Não,3,0,2,0,1,0,2,2,-26.00555352,-48.86877537,SPRF-SC,DEL03-SC,UOP01-DEL03-SC,2023
"570422,0",2023-12-25,segunda-feira,02:30:00,SC,101,"86,3",BARRA VELHA,Ingestão de álcool pelo condutor,Saída de leito carroçável,Com Vítimas Feridas,Pleno dia,Crescente,Céu Claro,Simples,Reta,Não,1,0,1,0,0,0,1,1,-26.63277317,-48.70232513,SPRF-SC,DEL03-SC,UOP02-DEL03-SC,2023
"570434,0",2023-12-25,segunda-feira,07:00:00,SC,101,"205,0",SAO JOSE,Reação tardia ou ineficiente do condutor,Colisão com objeto,Com Vítimas Feridas,Pleno dia,Crescente,Céu Claro,Dupla,Reta,Sim,1,0,1,0,0,0,1,1,-27.58313237,-48.61532885,SPRF-SC,DEL01-SC,UOP01-DEL01-SC,2023
"570436,0",2023-12-24,domingo,21:30:00,SC,280,"127,5",RIO NEGRINHO,Acessar a via sem observar a presença dos outros veículos,Colisão transversal,Com Vítimas Feridas,Pleno dia,Crescente,Céu Claro,Simples,Reta,Sim,5,0,2,0,3,0,2,2,-26.23943953,-49.50420708,SPRF-SC,DEL06-SC,UOP03-DEL06-SC,2023
"570447,0",2023-12-24,domingo,01:40:00,SC,101,"119,0",ITAJAI,Reação tardia ou ineficiente do condutor,Saída de leito carroçável,Com Vítimas Feridas,Plena Noite,Crescente,Céu Claro,Múltipla,Reta,Sim,1,0,1,0,0,0,1,1,-26.9043179,-48.71555481,SPRF-SC,DEL04-SC,UOP04-DEL04-SC,2023
"570457,0",2023-12-25,segunda-feira,08:40:00,SC,470,"99,1",APIUNA,Conversão proibida,Colisão transversal,Com Vítimas Feridas,Pleno dia,Crescente,Nublado,Simples,Curva,Sim,2,0,1,0,0,1,1,2,-27.04078933,-49.39635515,SPRF-SC,DEL04-SC,UOP02-DEL04-SC,2023
"570460,0",2023-12-25,segunda-feira,07:20:00,SC,116,"116,8",SANTA CECILIA,Velocidade Incompatível,Capotamento,Com Vítimas Feridas,Pleno dia,Crescente,Céu Claro,Simples,Aclive;Reta,Não,1,0,1,0,0,0,1,1,-26.80986906,-50.34540393,SPRF-SC,DEL06-SC,UOP02-DEL06-SC,2023
"570471,0",2023-12-25,segunda-feira,11:40:00,SC,101,"194,5",BIGUACU,Condutor deixou de manter distância do veículo da frente,Engavetamento,Com Vítimas Feridas,Pleno dia,Decrescente,Sol,Múltipla,Reta,Sim,8,0,1,0,7,0,1,3,-27.49815117,-48.65661236,SPRF-SC,DEL01-SC,UOP01-DEL01-SC,2023
"570481,0",2023-12-25,segunda-feira,09:50:00,SC,101,"102,0",BALNEARIO PICARRAS,Acessar a via sem observar a presença dos outros veículos,Atropelamento de Pedestre,Com Vítimas Feridas,Pleno dia,Decrescente,Céu Claro,Dupla,Reta,Sim,3,0,0,1,2,0,1,2,-26.77383397,-48.68594062,SPRF-SC,DEL03-SC,UOP02-DEL03-SC,2023
"570482,0",2023-12-25,segunda-feira,13:20:00,SC,101,"200,0",SAO JOSE,Acessar a via sem observar a presença dos outros veículos,Colisão lateral mesmo sentido,Com Vítimas Feridas,Pleno dia,Crescente,Sol,Múltipla,Reta,Sim,2,0,1,0,1,0,1,2,-27.54018513,-48.62287714,SPRF-SC,DEL01-SC,UOP01-DEL01-SC,2023
"570488,0",2023-12-25,segunda-feira,14:00:00,SC,101,"211,0",PALHOCA,Acessar a via sem observar a presença dos outros veículos,Colisão lateral mesmo sentido,Com Vítimas Feridas,Pleno dia,Decrescente,Céu Claro,Múltipla,Reta,Não,3,0,2,0,1,0,2,2,-27.62329313,-48.65245588,SPRF-SC,DEL01-SC,UOP02-DEL01-SC,2023
"570503,0",2023-12-25,segunda-feira,15:30:00,SC,101,"22,7",SANTO AMARO DA IMPERATRIZ,Reação tardia ou ineficiente do condutor,Colisão frontal,Com Vítimas Feridas,Pleno dia,Crescente,Céu Claro,Simples,Reta,Não,3,0,1,0,2,0,1,2,-27.688245,-48.736342,SPRF-SC,DEL03-SC,UOP01-DEL03-SC,2023
"570506,0",2023-12-25,segunda-feira,15:35:00,SC,470,"163,9",TROMBUDO CENTRAL,Conversão proibida,Colisão transversal,Com Vítimas Feridas,Pleno dia,Decrescente,Nublado,Simples,Curva,Não,2,0,0,1,1,0,1,2,-27.278976,-49.825996,SPRF-SC,DEL04-SC,UOP02-DEL04-SC,2023
"570513,0",2023-12-25,segunda-feira,17:00:00,SC,101,"191,0",BIGUACU,Ausência de reação do condutor,Colisão traseira,Com Vítimas Feridas,Pleno dia,Crescente,Céu Claro,Múltipla,Reta,Não,6,0,1,0,5,0,1,3,-27.47730273,-48.64127329,SPRF-SC,DEL01-SC,UOP01-DEL01-SC,2023
"570532,0",2023-12-25,segunda-feira,17:20:00,SC,101,"66,0",ARAQUARI,Reação tardia ou ineficiente do condutor,Tombamento,Com Vítimas Feridas,Pleno dia,Decrescente,Nublado,Dupla,Reta,Sim,2,0,2,0,0,0,2,1,-26.478474,-48.73863,SPRF-SC,DEL03-SC,UOP02-DEL03-SC,2023
"570537,0",2023-12-25,segunda-feira,17:30:00,SC,101,"129,4",CAMBORIU,Avarias e/ou desgaste excessivo no pneu,Tombamento,Com Vítimas Feridas,Pleno dia,Crescente,Céu Claro,Dupla,Reta,Sim,2,0,2,0,0,0,2,1,-26.98064277,-48.6790679,SPRF-SC,DEL04-SC,UOP03-DEL04-SC,2023
"570539,0",2023-12-25,segunda-feira,16:00:00,SC,101,"253,0",PAULO LOPES,Ingestão de álcool pelo condutor,Tombamento,Com Vítimas Feridas,Pleno dia,Crescente,Sol,Simples,Reta,Não,1,0,0,1,0,0,1,1,-27.96492999,-48.67962057,SPRF-SC,DEL02-SC,UOP03-DEL02-SC,2023
"570589,0",2023-12-25,segunda-feira,19:45:00,SC,101,"313,7",LAGUNA,Ausência de reação do condutor,Tombamento,Sem Vítimas,Plena Noite,Decrescente,Nublado,Simples,Reta,Não,1,0,0,0,1,0,0,1,-28.43246821,-48.83903503,SPRF-SC,DEL02-SC,UOP01-DEL02-SC,2023
"570591,0",2023-12-25,segunda-feira,19:30:00,SC,101,"4,6",ARARANGUA,Ausência de reação do condutor,Colisão traseira,Sem Vítimas,Plena Noite,Decrescente,Nublado,Simples,Reta,Sim,3,0,0,0,3,0,0,2,-28.956176,-49.51213,SPRF-SC,DEL02-SC,UOP02-DEL02-SC,2023
"570594,0",2023-12-25,segunda-feira,21:40:00,SC,101,"378,0",ICARA,Reação tardia ou ineficiente do condutor,Saída de leito carroçável,Com Vítimas Feridas,Plena Noite,Crescente,Ignorado,Simples,Rotatória,Não,2,0,1,0,1,0,1,1,-28.741853,-49.251657,SPRF-SC,DEL02-SC,UOP02-DEL02-SC,2023
"570596,0",2023-12-25,segunda-feira,21:00:00,SC,282,"645,0",SAO MIGUEL DO OESTE,Acessar a via sem observar a presença dos outros veículos,Colisão transversal,Com Vítimas Feridas,Plena Noite,Decrescente,Céu Claro,Simples,Reta,Não,2,0,0,1,1,0,1,2,-26.765184,-53.487823,SPRF-SC,DEL07-SC,UOP03-DEL07-SC,2023
"570616,0",2023-12-26,terça-feira,01:13:00,SC,470,"68,1",INDAIAL,Velocidade Incompatível,Colisão com objeto,Com Vítimas Feridas,Plena Noite,Crescente,Nublado,Dupla,Interseção de Vias;Ponte;Reta;Em Obras;Declive,Sim,1,0,0,1,0,0,1,1,-26.87818178,-49.24050808,SPRF-SC,DEL04-SC,UOP01-DEL04-SC,2023
"570621,0",2023-12-26,terça-feira,04:25:00,SC,101,"219,0",PALHOCA,Ausência de reação do condutor,Capotamento,Com Vítimas Feridas,Plena Noite,Decrescente,Céu Claro,Múltipla,Reta,Não,1,0,1,0,0,0,1,1,-27.68392194,-48.66710085,SPRF-SC,DEL01-SC,UOP02-DEL01-SC,2023
"570636,0",2023-12-26,terça-feira,07:18:00,SC,280,"166,0",MAFRA,Ausência de reação do condutor,Engavetamento,Com Vítimas Feridas,Amanhecer,Crescente,Céu Claro,Simples,Reta,Não,9,0,1,0,8,0,1,5,-26.17713619,-49.81611416,SPRF-SC,DEL06-SC,UOP01-DEL06-SC,2023
"570647,0",2023-12-26,terça-feira,08:30:00,SC,101,"335,0",TUBARAO,Desrespeitar a preferência no cruzamento,Colisão transversal,Com Vítimas Feridas,Pleno dia,Decrescente,Sol,Simples,Interseção de Vias;Rotatória,Não,2,0,1,0,1,0,1,2,-28.47669832,-49.0297401,SPRF-SC,DEL02-SC,UOP01-DEL02-SC,2023
"570665,0",2023-12-26,terça-feira,09:50:00,SC,470,"46,6",BLUMENAU,Acessar a via sem observar a presença dos outros veículos,Colisão transversal,Com Vítimas Feridas,Pleno dia,Crescente,Sol,Simples,Reta;Em Obras,Sim,6,0,3,0,3,0,3,4,-26.86294619,-49.04348373,SPRF-SC,DEL04-SC,UOP01-DEL04-SC,2023
"570666,0",2023-12-23,sábado,18:00:00,SC,158,"141,0",PALMITOS,Demais falhas mecânicas ou elétricas,Incêndio,Sem Vítimas,Plena Noite,Crescente,Céu Claro,Simples,Curva,Não,2,0,0,0,2,0,0,1,-27.09152973,-53.21983337,SPRF-SC,DEL07-SC,UOP02-DEL07-SC,2023
"570671,0",2023-12-26,terça-feira,11:20:00,SC,101,"127,0",BALNEARIO CAMBORIU,Demais falhas mecânicas ou elétricas,Tombamento,Com Vítimas Feridas,Pleno dia,Crescente,Céu Claro,Dupla,Reta,Não,1,0,1,0,0,0,1,1,-26.9639319,-48.68328024,SPRF-SC,DEL04-SC,UOP04-DEL04-SC,2023
"570673,0",2023-12-26,terça-feira,11:05:00,SC,280,"132,0",RIO NEGRINHO,Condutor deixou de manter distância do veículo da frente,Colisão traseira,Com Vítimas Feridas,Pleno dia,Decrescente,Céu Claro,Simples,Reta,Não,2,0,1,0,1,0,1,2,-26.26132257,-49.5481391,SPRF-SC,DEL06-SC,UOP03-DEL06-SC,2023
"570691,0",2023-12-26,terça-feira,11:50:00,SC,101,"200,2",SAO JOSE,Acessar a via sem observar a presença dos outros veículos,Colisão lateral mesmo sentido,Com Vítimas Feridas,Pleno dia,Decrescente,Céu Claro,Dupla,Reta,Sim,3,0,2,0,0,1,2,2,-27.54018513,-48.62287714,SPRF-SC,DEL01-SC,UOP01-DEL01-SC,2023
"570692,0",2023-12-26,terça-feira,12:45:00,SC,470,"80,0",RODEIO,Manobra de mudança de faixa,Colisão lateral mesmo sentido,Com Vítimas Feridas,Pleno dia,Decrescente,Céu Claro,Simples,Reta,Não,2,0,1,0,1,0,1,2,-26.948805,-49.316097,SPRF-SC,DEL04-SC,UOP01-DEL04-SC,2023
"570726,0",2023-12-26,terça-feira,15:50:00,SC,101,"211,3",PALHOCA,Trafegar com motocicleta (ou similar) entre as faixas,Colisão traseira,Com Vítimas Feridas,Pleno dia,Decrescente,Sol,Múltipla,Reta,Não,2,0,1,0,1,0,1,2,-27.62329313,-48.65245588,SPRF-SC,DEL01-SC,UOP02-DEL01-SC,2023
"570727,0",2023-12-26,terça-feira,15:25:00,SC,101,"106,0",PENHA,Trafegar com motocicleta (ou similar) entre as faixas,Colisão lateral mesmo sentido,Com Vítimas Feridas,Pleno dia,Crescente,Sol,Múltipla,Declive,Não,2,0,1,0,1,0,1,2,-26.81031601,-48.68293896,SPRF-SC,DEL03-SC,UOP02-DEL03-SC,2023
"570754,0",2023-12-22,sexta-feira,08:05:00,SC,101,"80,0",ARAQUARI,Acessar a via sem observar a presença dos outros veículos,Colisão transversal,Com Vítimas Feridas,Pleno dia,Crescente,Sol,Múltipla,Retorno Regulamentado,Não,2,0,1,0,1,0,1,2,-26.59441996,-48.72183309,SPRF-SC,DEL03-SC,UOP02-DEL03-SC,2023
"570755,0",2023-12-26,terça-feira,17:30:00,SC,101,"212,0",PALHOCA,Condutor deixou de manter distância do veículo da frente,Engavetamento,Com Vítimas Feridas,Pleno dia,Decrescente,Céu Claro,Múltipla,Reta,Não,5,0,0,1,4,0,1,5,-27.62996929,-48.65903871,SPRF-SC,DEL01-SC,UOP02-DEL01-SC,2023
"570758,0",2023-12-26,terça-feira,15:40:00,SC,101,"338,0",TUBARAO,Condutor deixou de manter distância do veículo da frente,Colisão traseira,Com Vítimas Feridas,Pleno dia,Decrescente,Céu Claro,Dupla,Aclive;Reta,Sim,5,0,1,0,4,0,1,3,-28.485725,-49.03726,SPRF-SC,DEL02-SC,UOP01-DEL02-SC,2023
"570764,0",2023-12-26,terça-feira,17:45:00,SC,101,"402,0",MARACAJA,Animais na Pista,Colisão traseira,Com Vítimas Feridas,Pleno dia,Decrescente,Céu Claro,Dupla,Reta,Não,4,0,2,0,2,0,2,2,-28.88165652,-49.45941925,SPRF-SC,DEL02-SC,UOP02-DEL02-SC,2023
"570766,0",2023-12-26,terça-feira,13:05:00,SC,163,"70,8",SAO MIGUEL DO OESTE,Desrespeitar a preferência no cruzamento,Colisão transversal,Com Vítimas Feridas,Pleno dia,Decrescente,Sol,Dupla,Reta;Interseção de Vias,Sim,3,0,1,0,2,0,1,2,-26.72970482,-53.51152897,SPRF-SC,DEL07-SC,UOP03-DEL07-SC,2023
"570779,0",2023-12-26,terça-feira,19:30:00,SC,101,"88,3",BARRA VELHA,Reação tardia ou ineficiente do condutor,Colisão transversal,Com Vítimas Feridas,Anoitecer,Decrescente,Céu Claro,Múltipla,Reta,Sim,2,0,1,0,1,0,1,2,-26.65159834,-48.68680894,SPRF-SC,DEL03-SC,UOP02-DEL03-SC,2023
"570789,0",2023-12-26,terça-feira,14:00:00,SC,282,"104,5",ALFREDO WAGNER,Ausência de reação do condutor,Colisão com objeto,Com Vítimas Feridas,Pleno dia,Crescente,Céu Claro,Simples,Reta,Não,3,0,0,3,0,0,3,1,-27.696043,-49.334038,SPRF-SC,DEL01-SC,UOP03-DEL01-SC,2023
"570798,0",2023-12-26,terça-feira,20:30:00,SC,280,"6,3",SAO FRANCISCO DO SUL,Acessar a via sem observar a presença dos outros veículos,Atropelamento de Pedestre,Com Vítimas Feridas,Plena Noite,Decrescente,Céu Claro,Simples,Reta,Sim,3,0,0,1,1,1,1,2,-26.26740285,-48.63604546,SPRF-SC,DEL03-SC,UOP03-DEL03-SC,2023
"570815,0",2023-12-27,quarta-feira,00:05:00,SC,470,"66,7",INDAIAL,Ausência de reação do condutor,Colisão transversal,Com Vítimas Feridas,Plena Noite,Decrescente,Nublado,Simples,Reta,Sim,2,0,1,0,0,1,1,2,-26.87051028,-49.22800899,SPRF-SC,DEL04-SC,UOP01-DEL04-SC,2023
"570817,0",2023-12-27,quarta-feira,01:30:00,SC,101,"112,0",NAVEGANTES,Ausência de reação do condutor,Tombamento,Com Vítimas Feridas,Plena Noite,Decrescente,Nublado,Dupla,Aclive;Reta,Não,2,0,2,0,0,0,2,1,-26.84589005,-48.72131295,SPRF-SC,DEL04-SC,UOP04-DEL04-SC,2023
"570830,0",2023-12-27,quarta-feira,06:40:00,SC,101,"39,6",JOINVILLE,Manobra de mudança de faixa,Colisão lateral mesmo sentido,Com Vítimas Feridas,Pleno dia,Crescente,Céu Claro,Múltipla,Reta,Sim,2,0,1,0,1,0,1,2,-26.30409138,-48.88213277,SPRF-SC,DEL03-SC,UOP01-DEL03-SC,2023
"570835,0",2023-12-27,quarta-feira,07:45:00,SC,101,"146,5",ITAPEMA,Demais falhas mecânicas ou elétricas,Tombamento,Com Vítimas Feridas,Pleno dia,Crescente,Céu Claro,Dupla,Reta,Sim,2,0,2,0,0,0,2,1,-27.08666525,-48.60955587,SPRF-SC,DEL04-SC,UOP03-DEL04-SC,2023
"570860,0",2023-12-27,quarta-feira,10:20:00,SC,101,"112,0",ITAJAI,Trafegar com motocicleta (ou similar) entre as faixas,Colisão lateral mesmo sentido,Com Vítimas Feridas,Pleno dia,Crescente,Céu Claro,Dupla,Reta,Sim,4,0,2,1,1,0,3,2,-26.84589005,-48.72131295,SPRF-SC,DEL04-SC,UOP04-DEL04-SC,2023
"570879,0",2023-12-27,quarta-feira,11:50:00,SC,101,"43,9",JOINVILLE,Reação tardia ou ineficiente do condutor,Colisão traseira,Com Vítimas Feridas,Pleno dia,Crescente,Nublado,Simples,Reta,Não,2,0,1,0,1,0,1,2,-26.33836457,-48.85958076,SPRF-SC,DEL03-SC,UOP01-DEL03-SC,2023
"570883,0",2023-12-27,quarta-feira,12:40:00,SC,101,"96,0",BARRA VELHA,Trafegar com motocicleta (ou similar) entre as faixas,Colisão lateral mesmo sentido,Com Vítimas Feridas,Pleno dia,Crescente,Céu Claro,Dupla,Reta,Não,3,0,1,0,2,0,1,3,-26.718427,-48.70233,SPRF-SC,DEL03-SC,UOP02-DEL03-SC,2023
"570895,0",2023-12-27,quarta-feira,09:15:00,SC,470,"62,7",INDAIAL,Ausência de reação do condutor,Colisão traseira,Com Vítimas Feridas,Pleno dia,Crescente,Sol,Simples,Reta,Não,3,0,1,1,1,0,2,2,-26.87434423,-49.18433189,SPRF-SC,DEL04-SC,UOP01-DEL04-SC,2023
"570904,0",2023-12-27,quarta-feira,14:10:00,SC,101,"41,0",JOINVILLE,Desrespeitar a preferência no cruzamento,Colisão transversal,Com Vítimas Feridas,Pleno dia,Crescente,Céu Claro,Dupla,Rotatória;Viaduto,Não,3,0,2,0,1,0,2,2,-26.28215489,-48.88973081,SPRF-SC,DEL03-SC,UOP01-DEL03-SC,2023
"570906,0",2023-12-27,quarta-feira,14:00:00,SC,101,"205,5",SAO JOSE,Avarias e/ou desgaste excessivo no pneu,Tombamento,Com Vítimas Feridas,Pleno dia,Crescente,Céu Claro,Múltipla,Reta,Sim,2,0,2,0,0,0,2,1,-27.5886702,-48.6171627,SPRF-SC,DEL01-SC,UOP01-DEL01-SC,2023
"570918,0",2023-12-27,quarta-feira,14:50:00,SC,282,"36,5",AGUAS MORNAS,Mal súbito do condutor,Colisão lateral sentido oposto,Com Vítimas Feridas,Pleno dia,Decrescente,Nublado,Simples,Reta,Não,3,0,2,0,1,0,2,2,-27.704855,-48.834026,SPRF-SC,DEL01-SC,UOP03-DEL01-SC,2023
"570922,0",2023-12-27,quarta-feira,15:50:00,SC,470,"47,5",BLUMENAU,Retorno proibido,Colisão transversal,Com Vítimas Feridas,Pleno dia,Decrescente,Nublado,Simples,Reta;Em Obras,Sim,2,0,1,0,1,0,1,2,-26.86058841,-49.05371807,SPRF-SC,DEL04-SC,UOP01-DEL04-SC,2023