id,data_inversa,dia_semana,horario,uf,br,km,municipio,causa_acidente,tipo_acidente,classificacao_acidente,fase_dia,sentido_via,condicao_metereologica,tipo_pista,tracado_via,uso_solo,pessoas,mortos,feridos_leves,feridos_graves,ilesos,ignorados,feridos,veiculos,latitude,longitude,regional,delegacia,uop,ano_arquivo
"570927,0",2023-12-27,quarta-feira,16:10:00,SC,282,"72,0",RANCHO QUEIMADO,Manobra de mudança de faixa,Saída de leito carroçável,Com Vítimas Feridas,Pleno dia,Crescente,Nublado,Simples,Aclive;Curva,Não,2,0,0,2,0,0,2,1,-27.683439,-49.105259,SPRF-SC,DEL01-SC,UOP03-DEL01-SC,2023
"570932,0",2023-12-27,quarta-feira,16:00:00,SC,280,"14,0",SAO FRANCISCO DO SUL,Acesso irregular,Colisão traseira,Com Vítimas Feridas,Pleno dia,Crescente,Céu Claro,Simples,Reta,Não,3,0,2,0,1,0,2,2,-26.3301861,-48.65148076,SPRF-SC,DEL03-SC,UOP03-DEL03-SC,2023
"570935,0",2023-12-27,quarta-feira,16:20:00,SC,282,"0,5",FLORIANOPOLIS,Condutor deixou de manter distância do veículo da frente,Engavetamento,Com Vítimas Feridas,Pleno dia,Decrescente,Céu Claro,Múltipla,Declive,Sim,3,0,2,0,1,0,2,3,-27.59845,-48.571995,SPRF-SC,DEL01-SC,UOP01-DEL01-SC,2023
"570947,0",2023-12-27,quarta-feira,11:30:00,SC,101,"308,4",LAGUNA,Demais falhas mecânicas ou elétricas,Colisão com objeto,Com Vítimas Feridas,Pleno dia,Decrescente,Céu Claro,Dupla,Reta,Sim,1,0,1,0,0,0,1,1,-28.42039109,-48.79989624,SPRF-SC,DEL02-SC,UOP01-DEL02-SC,2023
"570952,0",2023-12-27,quarta-feira,17:15:00,SC,280,"126,8",RIO NEGRINHO,Condutor deixou de manter distância do veículo da frente,Colisão traseira,Com Vítimas Feridas,Pleno dia,Crescente,Céu Claro,Simples,Reta;Interseção de Vias,Sim,3,0,2,0,1,0,2,2,-26.23915228,-49.50229168,SPRF-SC,DEL06-SC,UOP03-DEL06-SC,2023
"570972,0",2023-12-27,quarta-feira,15:35:00,SC,282,"644,3",SAO MIGUEL DO OESTE,Ausência de reação do condutor,Colisão lateral sentido oposto,Sem Vítimas,Pleno dia,Crescente,Céu Claro,Simples,Curva;Aclive,Não,2,0,0,0,2,0,0,2,-26.769157,-53.479385,SPRF-SC,DEL07-SC,UOP03-DEL07-SC,2023
"570978,0",2023-12-27,quarta-feira,21:20:00,SC,470,"126,0",LONTRAS,Pedestre andava na pista,Atropelamento de Pedestre,Sem Vítimas,Plena Noite,Decrescente,Ignorado,Dupla,Curva,Não,3,0,0,0,2,1,0,2,-27.129,-49.538277,SPRF-SC,DEL04-SC,UOP02-DEL04-SC,2023
"571010,0",2023-12-28,quinta-feira,06:00:00,SC,101,"198,2",BIGUACU,Acessar a via sem observar a presença dos outros veículos,Colisão transversal,Com Vítimas Feridas,Pleno dia,Crescente,Céu Claro,Simples,Interseção de Vias;Reta,Sim,2,0,0,1,1,0,1,2,-27.52658712,-48.63506019,SPRF-SC,DEL01-SC,UOP01-DEL01-SC,2023
"571032,0",2023-12-28,quinta-feira,08:15:00,SC,101,"194,5",BIGUACU,Ausência de reação do condutor,Atropelamento de Animal,Com Vítimas Feridas,Pleno dia,Crescente,Céu Claro,Múltipla,Reta,Sim,1,0,1,0,0,0,1,1,-27.49815117,-48.65661236,SPRF-SC,DEL01-SC,UOP01-DEL01-SC,2023
"571052,0",2023-12-28,quinta-feira,10:03:00,SC,470,"54,2",BLUMENAU,Acessar a via sem observar a presença dos outros veículos,Colisão transversal,Com Vítimas Feridas,Pleno dia,Crescente,Céu Claro,Simples,Interseção de Vias;Rotatória,Sim,4,0,3,0,1,0,3,3,-26.871065,-49.110374,SPRF-SC,DEL04-SC,UOP01-DEL04-SC,2023
"571056,0",2023-12-28,quinta-feira,10:30:00,SC,101,"89,0",BARRA VELHA,Condutor deixou de manter distância do veículo da frente,Colisão traseira,Com Vítimas Feridas,Pleno dia,Crescente,Céu Claro,Dupla,Reta,Sim,4,0,1,1,2,0,2,2,-26.65175997,-48.68721921,SPRF-SC,DEL03-SC,UOP02-DEL03-SC,2023
"571057,0",2023-12-28,quinta-feira,11:00:00,SC,282,"6,0",SAO JOSE,Ausência de reação do condutor,Colisão lateral mesmo sentido,Sem Vítimas,Pleno dia,Decrescente,Sol,Múltipla,Curva,Não,2,0,0,0,2,0,0,2,-27.58612178,-48.61724854,SPRF-SC,DEL01-SC,UOP01-DEL01-SC,2023
"571062,0",2023-12-28,quinta-feira,08:30:00,SC,101,"148,7",ITAPEMA,Condutor deixou de manter distância do veículo da frente,Colisão traseira,Com Vítimas Feridas,Pleno dia,Crescente,Sol,Dupla,Reta;Interseção de Vias;Viaduto,Sim,2,0,1,0,1,0,1,2,-27.10123686,-48.61807962,SPRF-SC,DEL04-SC,UOP03-DEL04-SC,2023
"571066,0",2023-12-28,quinta-feira,11:00:00,SC,470,"69,0",INDAIAL,Ausência de reação do condutor,Tombamento,Com Vítimas Feridas,Pleno dia,Crescente,Céu Claro,Dupla,Reta;Em Obras,Não,1,0,0,1,0,0,1,1,-26.883745,-49.246704,SPRF-SC,DEL04-SC,UOP01-DEL04-SC,2023
"571074,0",2023-12-28,quinta-feira,10:45:00,SC,101,"278,0",IMBITUBA,Demais falhas mecânicas ou elétricas,Tombamento,Com Vítimas Feridas,Pleno dia,Crescente,Céu Claro,Dupla,Reta,Não,2,0,2,0,0,0,2,1,-28.16300604,-48.6939345,SPRF-SC,DEL02-SC,UOP03-DEL02-SC,2023
"571081,0",2023-12-28,quinta-feira,13:05:00,SC,280,"38,8",ARAQUARI,Acumulo de areia ou detritos sobre o pavimento,Eventos atípicos,Sem Vítimas,Pleno dia,Crescente,Céu Claro,Simples,Reta;Em Obras,Não,2,0,0,0,2,0,0,1,-26.448778,-48.837128,SPRF-SC,DEL03-SC,UOP03-DEL03-SC,2023
"571095,0",2023-12-28,quinta-feira,14:00:00,SC,101,"140,0",BALNEARIO CAMBORIU,Reação tardia ou ineficiente do condutor,Tombamento,Com Vítimas Feridas,Amanhecer,Crescente,Céu Claro,Dupla,Curva;Declive,Sim,1,0,1,0,0,0,1,1,-27.04720122,-48.59978199,SPRF-SC,DEL04-SC,UOP03-DEL04-SC,2023
"571110,0",2023-12-28,quinta-feira,14:20:00,SC,101,"462,0",PASSO DE TORRES,Reação tardia ou ineficiente do condutor,Colisão com objeto,Com Vítimas Feridas,Pleno dia,Decrescente,Céu Claro,Dupla,Reta,Não,4,0,1,1,2,0,2,1,-29.27577495,-49.75499332,SPRF-RS,DEL03-RS,UOP02-DEL03-RS,2023
"571130,0",2023-12-28,quinta-feira,14:20:00,SC,163,"94,8",GUARACIABA,Ultrapassagem Indevida,Colisão lateral mesmo sentido,Com Vítimas Feridas,Pleno dia,Decrescente,Céu Claro,Simples,Curva;Declive,Não,2,0,1,0,0,1,1,2,-26.53391703,-53.52174016,SPRF-SC,DEL07-SC,UOP03-DEL07-SC,2023
"571132,0",2023-12-28,quinta-feira,15:30:00,SC,282,"89,0",ALFREDO WAGNER,Reação tardia ou ineficiente do condutor,Saída de leito carroçável,Com Vítimas Feridas,Pleno dia,Decrescente,Céu Claro,Simples,Curva,Não,1,0,1,0,0,0,1,1,-27.677973,-49.215893,SPRF-SC,DEL01-SC,UOP03-DEL01-SC,2023
"571142,0",2023-12-28,quinta-feira,16:55:00,SC,101,"126,0",BALNEARIO CAMBORIU,Manobra de mudança de faixa,Colisão lateral mesmo sentido,Com Vítimas Feridas,Pleno dia,Crescente,Céu Claro,Dupla,Reta,Não,2,0,1,0,1,0,1,2,-26.95564404,-48.67978366,SPRF-SC,DEL04-SC,UOP04-DEL04-SC,2023
"571155,0",2023-12-28,quinta-feira,17:30:00,SC,101,"90,0",BARRA VELHA,Manobra de mudança de faixa,Colisão lateral mesmo sentido,Com Vítimas Feridas,Pleno dia,Crescente,Céu Claro,Simples,Reta,Não,2,0,2,0,0,0,2,2,-26.66148503,-48.68866176,SPRF-SC,DEL03-SC,UOP02-DEL03-SC,2023
"571175,0",2023-12-28,quinta-feira,20:00:00,SC,101,"151,0",ITAPEMA,Reação tardia ou ineficiente do condutor,Colisão traseira,Com Vítimas Feridas,Plena Noite,Crescente,Céu Claro,Dupla,Reta,Sim,2,0,1,0,1,0,1,2,-27.126536,-48.609642,SPRF-SC,DEL04-SC,UOP03-DEL04-SC,2023
"571183,0",2023-12-28,quinta-feira,19:00:00,SC,101,"134,0",BALNEARIO CAMBORIU,Condutor deixou de manter distância do veículo da frente,Colisão traseira,Com Vítimas Feridas,Anoitecer,Crescente,Ignorado,Dupla,Reta,Sim,2,0,1,0,1,0,1,2,-27.00218,-48.636433,SPRF-SC,DEL04-SC,UOP03-DEL04-SC,2023
"571188,0",2023-12-28,quinta-feira,21:03:00,SC,101,"33,3",JOINVILLE,Objeto estático sobre o leito carroçável,Colisão com objeto,Com Vítimas Feridas,Plena Noite,Decrescente,Céu Claro,Dupla,Reta,Não,1,0,1,0,0,0,1,1,-26.23200799,-48.91678053,SPRF-SC,DEL03-SC,UOP01-DEL03-SC,2023
"571189,0",2023-12-28,quinta-feira,19:50:00,SC,470,"52,4",BLUMENAU,Ausência de reação do condutor,Tombamento,Com Vítimas Feridas,Plena Noite,Crescente,Céu Claro,Simples,Interseção de Vias;Rotatória;Em Obras,Não,1,0,0,1,0,0,1,1,-26.862286,-49.093903,SPRF-SC,DEL04-SC,UOP01-DEL04-SC,2023
"571211,0",2023-12-29,sexta-feira,02:15:00,SC,101,"205,1",SAO JOSE,Reação tardia ou ineficiente do condutor,Saída de leito carroçável,Com Vítimas Feridas,Plena Noite,Decrescente,Céu Claro,Múltipla,Reta,Sim,2,0,2,0,0,0,2,2,-27.58313237,-48.61532885,SPRF-SC,DEL01-SC,UOP01-DEL01-SC,2023
"571226,0",2023-12-29,sexta-feira,04:50:00,SC,280,"253,4",CANOINHAS,Velocidade Incompatível,Colisão com objeto,Com Vítimas Feridas,Plena Noite,Decrescente,Céu Claro,Simples,Curva,Não,1,0,1,0,0,0,1,1,-26.26572045,-50.56913793,SPRF-SC,DEL06-SC,UOP04-DEL06-SC,2023
"571239,0",2023-07-19,quarta-feira,05:00:00,SC,282,"18,0",PALHOCA,Deficiência do Sistema de Iluminação/Sinalização,Colisão com objeto,Sem Vítimas,Plena Noite,Decrescente,Céu Claro,Simples,Reta,Não,1,0,0,0,0,1,0,1,-27.672798,-48.694286,SPRF-SC,DEL01-SC,UOP02-DEL01-SC,2023
"571257,0",2023-12-29,sexta-feira,05:15:00,SC,282,"180,8",BOCAINA DO SUL,Ausência de reação do condutor,Saída de leito carroçável,Com Vítimas Feridas,Pleno dia,Decrescente,Nublado,Simples,Rotatória,Não,1,0,1,0,0,0,1,1,-27.742239,-49.939873,SPRF-SC,DEL05-SC,UOP01-DEL05-SC,2023
"571263,0",2023-12-29,sexta-feira,10:00:00,SC,101,"139,0",BALNEARIO CAMBORIU,Manobra de mudança de faixa,Colisão lateral mesmo sentido,Com Vítimas Feridas,Pleno dia,Crescente,Céu Claro,Simples,Reta;Aclive,Não,4,0,2,0,2,0,2,3,-27.02982303,-48.60115006,SPRF-SC,DEL04-SC,UOP03-DEL04-SC,2023
"571270,0",2023-12-29,sexta-feira,10:50:00,SC,280,"17,0",ARAQUARI,Retorno proibido,Colisão transversal,Com Vítimas Feridas,Pleno dia,Crescente,Céu Claro,Simples,Reta,Não,2,0,2,0,0,0,2,2,-26.35609813,-48.66029868,SPRF-SC,DEL03-SC,UOP03-DEL03-SC,2023
"571296,0",2023-12-29,sexta-feira,13:10:00,SC,101,"101,0",BALNEARIO PICARRAS,Condutor deixou de manter distância do veículo da frente,Colisão traseira,Com Vítimas Feridas,Pleno dia,Decrescente,Sol,Múltipla,Reta,Não,3,0,2,0,1,0,2,2,-26.76404198,-48.68657667,SPRF-SC,DEL03-SC,UOP02-DEL03-SC,2023
"571297,0",2023-12-29,sexta-feira,14:30:00,SC,101,"124,6",ITAJAI,Manobra de mudança de faixa,Colisão lateral mesmo sentido,Com Vítimas Feridas,Pleno dia,Crescente,Nublado,Dupla,Reta,Sim,2,0,1,0,1,0,1,2,-26.94335064,-48.69198648,SPRF-SC,DEL04-SC,UOP04-DEL04-SC,2023
"571315,0",2023-12-29,sexta-feira,15:50:00,SC,101,"33,5",JOINVILLE,Velocidade Incompatível,Colisão com objeto,Com Vítimas Feridas,Pleno dia,Crescente,Céu Claro,Dupla,Viaduto,Não,2,0,2,0,0,0,2,1,-26.25647292,-48.90598297,SPRF-SC,DEL03-SC,UOP01-DEL03-SC,2023
"571319,0",2023-12-29,sexta-feira,16:00:00,SC,101,"107,6",PENHA,Manobra de mudança de faixa,Colisão lateral mesmo sentido,Com Vítimas Feridas,Pleno dia,Crescente,Céu Claro,Dupla,Reta,Não,3,0,2,0,1,0,2,2,-26.81930608,-48.68390282,SPRF-SC,DEL03-SC,UOP02-DEL03-SC,2023
"571324,0",2023-12-29,sexta-feira,15:45:00,SC,101,"75,6",ARAQUARI,Condutor deixou de manter distância do veículo da frente,Colisão traseira,Com Vítimas Feridas,Pleno dia,Decrescente,Céu Claro,Dupla,Reta,Não,2,0,1,0,1,0,1,2,-26.5519717,-48.71688324,SPRF-SC,DEL03-SC,UOP02-DEL03-SC,2023
"571343,0",2023-12-29,sexta-feira,18:10:00,SC,101,"103,0",PENHA,Trafegar com motocicleta (ou similar) entre as faixas,Colisão lateral mesmo sentido,Com Vítimas Feridas,Pleno dia,Crescente,Sol,Dupla,Reta,Sim,3,0,1,0,2,0,1,3,-26.7832381,-48.68314632,SPRF-SC,DEL03-SC,UOP02-DEL03-SC,2023
"571354,0",2023-12-29,sexta-feira,18:50:00,SC,101,"119,0",ITAJAI,Manobra de mudança de faixa,Colisão lateral mesmo sentido,Com Vítimas Feridas,Anoitecer,Crescente,Nublado,Dupla,Reta,Sim,2,0,1,0,1,0,1,2,-26.9043179,-48.71555481,SPRF-SC,DEL04-SC,UOP04-DEL04-SC,2023
"571362,0",2023-12-29,sexta-feira,19:30:00,SC,280,"9,4",SAO FRANCISCO DO SUL,Ultrapassagem Indevida,Colisão lateral mesmo sentido,Com Vítimas Feridas,Plena Noite,Decrescente,Céu Claro,Simples,Reta,Não,3,0,1,0,2,0,1,2,-26.28788296,-48.64601559,SPRF-SC,DEL03-SC,UOP03-DEL03-SC,2023
"571385,0",2023-12-29,sexta-feira,20:40:00,SC,470,"57,2",BLUMENAU,Ausência de reação do condutor,Saída de leito carroçável,Com Vítimas Feridas,Plena Noite,Crescente,Céu Claro,Simples,Curva;Em Obras,Sim,1,0,1,0,0,0,1,1,-26.880428,-49.136532,SPRF-SC,DEL04-SC,UOP01-DEL04-SC,2023
"571386,0",2023-12-29,sexta-feira,20:30:00,SC,280,"237,2",CANOINHAS,Ingestão de álcool pelo condutor,Colisão lateral sentido oposto,Com Vítimas Feridas,Plena Noite,Crescente,Céu Claro,Simples,Aclive;Curva,Não,5,0,1,0,3,1,1,2,-26.19844599,-50.43216601,SPRF-SC,DEL06-SC,UOP04-DEL06-SC,2023
"571395,0",2023-12-29,sexta-feira,22:30:00,SC,101,"187,0",BIGUACU,Avarias e/ou desgaste excessivo no pneu,Tombamento,Com Vítimas Feridas,Plena Noite,Decrescente,Nublado,Dupla,Reta,Não,1,0,1,0,0,0,1,1,-27.44307116,-48.62848475,SPRF-SC,DEL01-SC,UOP01-DEL01-SC,2023
"571402,0",2023-12-29,sexta-feira,22:35:00,SC,282,"230,1",LAGES,Reação tardia ou ineficiente do condutor,Saída de leito carroçável,Com Vítimas Feridas,Plena Noite,Decrescente,Nublado,Simples,Curva,Não,2,0,2,0,0,0,2,1,-27.787432,-50.425808,SPRF-SC,DEL05-SC,UOP02-DEL05-SC,2023
"571403,0",2023-12-30,sábado,00:00:00,SC,101,"345,1",TUBARAO,Reação tardia ou ineficiente do condutor,Saída de leito carroçável,Com Vítimas Feridas,Plena Noite,Decrescente,Céu Claro,Dupla,Reta,Não,2,0,1,1,0,0,2,1,-28.55672294,-49.05433595,SPRF-SC,DEL02-SC,UOP01-DEL02-SC,2023
"571418,0",2023-12-29,sexta-feira,20:30:00,SC,101,"283,9",IMBITUBA,Acessar a via sem observar a presença dos outros veículos,Colisão lateral mesmo sentido,Com Vítimas Feridas,Plena Noite,Crescente,Céu Claro,Dupla,Reta,Sim,3,0,2,0,1,0,2,2,-28.21285498,-48.69962617,SPRF-SC,DEL02-SC,UOP03-DEL02-SC,2023
"571458,0",2023-12-30,sábado,06:45:00,SC,282,"46,7",AGUAS MORNAS,Condutor Dormindo,Colisão lateral sentido oposto,Com Vítimas Fatais,Pleno dia,Decrescente,Sol,Simples,Reta;Declive,Não,13,1,2,2,8,0,4,3,-27.7219824,-48.9331965,SPRF-SC,DEL01-SC,UOP03-DEL01-SC,2023
"571479,0",2023-12-30,sábado,08:35:00,SC,101,"70,4",ARAQUARI,Condutor deixou de manter distância do veículo da frente,Colisão traseira,Com Vítimas Feridas,Pleno dia,Crescente,Céu Claro,Dupla,Reta,Não,3,0,1,0,2,0,1,2,-26.51082007,-48.72345612,SPRF-SC,DEL03-SC,UOP02-DEL03-SC,2023
"571488,0",2023-12-30,sábado,10:50:00,SC,282,"125,5",BOM RETIRO,Ultrapassagem Indevida,Colisão lateral mesmo sentido,Com Vítimas Feridas,Pleno dia,Crescente,Sol,Simples,Reta,Não,3,0,2,0,1,0,2,2,-27.802238,-49.440704,SPRF-SC,DEL05-SC,UOP01-DEL05-SC,2023
"571520,0",2023-12-30,sábado,14:30:00,SC,101,"122,3",ITAJAI,Demais falhas mecânicas ou elétricas,Queda de ocupante de veículo,Com Vítimas Feridas,Pleno dia,Crescente,Sol,Dupla,Reta,Não,2,0,1,0,1,0,1,1,-26.92955916,-48.70499836,SPRF-SC,DEL04-SC,UOP04-DEL04-SC,2023
"571539,0",2023-12-30,sábado,11:00:00,SC,280,"238,4",CANOINHAS,Reação tardia ou ineficiente do condutor,Queda de ocupante de veículo,Com Vítimas Feridas,Pleno dia,Crescente,Céu Claro,Simples,Curva,Não,3,0,2,0,0,1,2,2,-26.20536399,-50.438846,SPRF-SC,DEL06-SC,UOP04-DEL06-SC,2023
"571552,0",2023-12-30,sábado,15:50:00,SC,101,"25,0",JOINVILLE,Reação tardia ou ineficiente do condutor,Colisão com objeto,Com Vítimas Feridas,Pleno dia,Crescente,Céu Claro,Dupla,Reta,Sim,1,0,1,0,0,0,1,1,-26.1834739,-48.9105912,SPRF-SC,DEL03-SC,UOP01-DEL03-SC,2023
"571567,0",2023-12-30,sábado,17:30:00,SC,282,"4,6",SAO JOSE,Pedestre andava na pista,Atropelamento de Pedestre,Com Vítimas Feridas,Pleno dia,Crescente,Nublado,Dupla,Reta,Sim,2,0,0,1,1,0,1,2,-27.592646,-48.604034,SPRF-SC,DEL01-SC,UOP01-DEL01-SC,2023
"571589,0",2023-12-30,sábado,20:20:00,SC,280,"24,2",ARAQUARI,Acessar a via sem observar a presença dos outros veículos,Colisão transversal,Com Vítimas Feridas,Plena Noite,Decrescente,Nublado,Simples,Reta,Sim,2,0,1,0,1,0,1,2,-26.37724921,-48.71953282,SPRF-SC,DEL03-SC,UOP03-DEL03-SC,2023
"571610,0",2023-12-30,sábado,20:35:00,SC,101,"293,0",IMBITUBA,Animais na Pista,Colisão transversal,Com Vítimas Feridas,Plena Noite,Decrescente,Céu Claro,Dupla,Reta,Sim,4,0,0,2,2,0,2,2,-28.2856298,-48.70438133,SPRF-SC,DEL02-SC,UOP03-DEL02-SC,2023
"571616,0",2023-12-30,sábado,22:40:00,SC,280,"123,6",RIO NEGRINHO,Transitar na contramão,Colisão frontal,Com Vítimas Feridas,Plena Noite,Crescente,Céu Claro,Simples,Reta,Sim,4,0,3,1,0,0,4,2,-26.24130297,-49.47514499,SPRF-SC,DEL06-SC,UOP03-DEL06-SC,2023
"571630,0",2023-12-31,domingo,02:10:00,SC,101,"41,0",JOINVILLE,Reação tardia ou ineficiente do condutor,Colisão com objeto,Com Vítimas Feridas,Plena Noite,Crescente,Céu Claro,Dupla,Curva,Não,1,0,1,0,0,0,1,1,-26.32033924,-48.87021706,SPRF-SC,DEL03-SC,UOP01-DEL03-SC,2023
"571633,0",2023-12-31,domingo,03:00:00,SC,101,"114,0",ITAJAI,Ingestão de álcool pelo condutor,Colisão traseira,Com Vítimas Feridas,Plena Noite,Crescente,Céu Claro,Dupla,Reta,Não,4,0,2,0,1,1,2,2,-26.86192886,-48.7286704,SPRF-SC,DEL04-SC,UOP04-DEL04-SC,2023
"571639,0",2023-12-31,domingo,04:40:00,SC,101,"205,0",SAO JOSE,Ingestão de álcool pelo condutor,Saída de leito carroçável,Com Vítimas Feridas,Plena Noite,Crescente,Céu Claro,Múltipla,Curva,Sim,1,0,0,1,0,0,1,1,-27.58313237,-48.61532885,SPRF-SC,DEL01-SC,UOP01-DEL01-SC,2023
"571640,0",2023-12-31,domingo,04:50:00,SC,101,"344,1",TUBARAO,Ingestão de álcool pelo condutor,Colisão com objeto,Sem Vítimas,Amanhecer,Crescente,Céu Claro,Múltipla,Reta,Não,1,0,0,0,1,0,0,1,-28.554289,-49.05426,SPRF-SC,DEL02-SC,UOP01-DEL02-SC,2023
"571659,0",2023-12-31,domingo,06:00:00,SC,280,"92,8",CORUPA,Ausência de reação do condutor,Colisão frontal,Com Vítimas Feridas,Pleno dia,Decrescente,Garoa/Chuvisco,Simples,Curva,Não,6,0,5,0,1,0,5,2,-26.39198268,-49.30187441,SPRF-SC,DEL06-SC,UOP03-DEL06-SC,2023
"571665,0",2023-12-31,domingo,04:15:00,SC,280,"106,0",SAO BENTO DO SUL,Ausência de reação do condutor,Saída de leito carroçável,Sem Vítimas,Plena Noite,Crescente,Garoa/Chuvisco,Simples,Curva,Não,2,0,0,0,2,0,0,1,-26.34887721,-49.36904009,SPRF-SC,DEL06-SC,UOP03-DEL06-SC,2023
"571672,0",2023-12-31,domingo,08:45:00,SC,101,"297,5",IMBITUBA,Desrespeitar a preferência no cruzamento,Colisão transversal,Com Vítimas Feridas,Pleno dia,Crescente,Nublado,Simples,Viaduto,Sim,2,0,2,0,0,0,2,2,-28.31353989,-48.7240982,SPRF-SC,DEL02-SC,UOP03-DEL02-SC,2023
"571684,0",2023-12-31,domingo,09:40:00,SC,280,"93,1",CORUPA,Pista Escorregadia,Saída de leito carroçável,Com Vítimas Feridas,Pleno dia,Decrescente,Chuva,Simples,Curva;Declive,Não,3,0,3,0,0,0,3,1,-26.39004364,-49.30448413,SPRF-SC,DEL06-SC,UOP03-DEL06-SC,2023
"571688,0",2023-12-31,domingo,12:30:00,SC,101,"325,4",PESCARIA BRAVA,Acessar a via sem observar a presença dos outros veículos,Colisão traseira,Com Vítimas Feridas,Pleno dia,Crescente,Nublado,Dupla,Reta,Sim,3,0,0,1,2,0,1,2,-28.42516271,-48.93259193,SPRF-SC,DEL02-SC,UOP01-DEL02-SC,2023
"571734,0",2023-12-31,domingo,19:45:00,SC,101,"340,9",TUBARAO,Ingestão de álcool pelo condutor,Saída de leito carroçável,Sem Vítimas,Plena Noite,Crescente,Céu Claro,Múltipla,Reta,Não,1,0,0,0,1,0,0,1,-28.52000215,-49.05440032,SPRF-SC,DEL02-SC,UOP01-DEL02-SC,2023
"571744,0",2023-12-31,domingo,21:25:00,SC,101,"206,2",SAO JOSE,Condutor deixou de manter distância do veículo da frente,Colisão traseira,Com Vítimas Feridas,Plena Noite,Decrescente,Garoa/Chuvisco,Múltipla,Reta,Sim,2,0,1,0,1,0,1,2,-27.59193546,-48.61824557,SPRF-SC,DEL01-SC,UOP01-DEL01-SC,2023
"571752,0",2023-12-31,domingo,20:20:00,SC,163,"74,9",SAO MIGUEL DO OESTE,Reação tardia ou ineficiente do condutor,Saída de leito carroçável,Com Vítimas Feridas,Plena Noite,Decrescente,Céu Claro,Simples,Curva,Não,1,0,1,0,0,0,1,1,-26.69431176,-53.51611018,SPRF-SC,DEL07-SC,UOP03-DEL07-SC,2023
"571761,0",2023-12-31,domingo,22:55:00,SC,101,"81,4",BARRA VELHA,Ingestão de álcool pelo condutor,Saída de leito carroçável,Sem Vítimas,Plena Noite,Crescente,Nublado,Dupla,Reta,Não,1,0,0,0,1,0,0,1,-26.60256101,-48.72553524,SPRF-SC,DEL03-SC,UOP02-DEL03-SC,2023
"571767,0",2023-12-31,domingo,23:40:00,SC,280,"4,6",SAO FRANCISCO DO SUL,Reação tardia ou ineficiente do condutor,Colisão com objeto,Com Vítimas Feridas,Plena Noite,Crescente,Garoa/Chuvisco,Simples,Rotatória,Não,4,0,4,0,0,0,4,2,-26.25329566,-48.61916042,SPRF-SC,DEL03-SC,UOP03-DEL03-SC,2023
"571768,0",2023-12-31,domingo,23:30:00,SC,101,"95,5",BARRA VELHA,Velocidade Incompatível,Tombamento,Com Vítimas Feridas,Plena Noite,Crescente,Garoa/Chuvisco,Dupla,Curva,Não,2,0,2,0,0,0,2,1,-26.70876413,-48.70221065,SPRF-SC,DEL03-SC,UOP02-DEL03-SC,2023
"571775,0",2023-12-31,domingo,04:30:00,SC,282,"155,0",BOM RETIRO,Ausência de reação do condutor,Saída de leito carroçável,Sem Vítimas,Amanhecer,Decrescente,Nublado,Simples,Reta,Não,1,0,0,0,0,1,0,1,-27.75168,-49.707371,SPRF-SC,DEL05-SC,UOP01-DEL05-SC,2023
"571845,0",2023-12-12,terça-feira,15:30:00,SC,101,"208,9",SAO JOSE,Reação tardia ou ineficiente do condutor,Queda de ocupante de veículo,Com Vítimas Feridas,Pleno dia,Decrescente,Céu Claro,Múltipla,Reta,Não,1,0,1,0,0,0,1,1,-27.60327979,-48.63201818,SPRF-SC,DEL01-SC,UOP01-DEL01-SC,2023
"572330,0",2023-12-31,domingo,03:00:00,SC,101,"88,2",BARRA VELHA,Pedestre andava na pista,Atropelamento de Pedestre,Com Vítimas Feridas,Plena Noite,Crescente,Nublado,Dupla,Reta,Sim,2,0,1,0,0,1,1,2,-26.65144776,-48.68745804,SPRF-SC,DEL03-SC,UOP02-DEL03-SC,2023
"572375,0",2023-12-15,sexta-feira,11:30:00,SC,101,"147,0",PORTO BELO,Ausência de reação do condutor,Colisão traseira,Com Vítimas Feridas,Pleno dia,Decrescente,Céu Claro,Dupla,Reta,Sim,2,0,1,0,1,0,1,1,-27.09237407,-48.61730888,SPRF-SC,DEL04-SC,UOP03-DEL04-SC,2023
"572533,0",2023-11-25,sábado,22:10:00,SC,280,"229,0",CANOINHAS,Velocidade Incompatível,Saída de leito carroçável,Com Vítimas Feridas,Plena Noite,Decrescente,Céu Claro,Simples,Reta,Não,1,0,0,1,0,0,1,1,-26.18601731,-50.35213894,SPRF-SC,DEL06-SC,UOP04-DEL06-SC,2023
"572551,0",2023-12-13,quarta-feira,15:00:00,SC,101,"210,0",SAO JOSE,Condutor deixou de manter distância do veículo da frente,Colisão traseira,Com Vítimas Feridas,Pleno dia,Crescente,Céu Claro,Múltipla,Reta,Sim,2,0,1,0,1,0,1,2,-27.6167305,-48.6457265,SPRF-SC,DEL01-SC,UOP01-DEL01-SC,2023
"572605,0",2023-12-20,quarta-feira,00:34:00,SC,282,"5,4",SAO JOSE,Manobra de mudança de faixa,Queda de ocupante de veículo,Sem Vítimas,Plena Noite,Crescente,Ignorado,Simples,Curva,Sim,2,0,0,0,1,1,0,2,-27.588425,-48.612919,SPRF-SC,DEL01-SC,UOP01-DEL01-SC,2023
"573028,0",2023-12-15,sexta-feira,15:10:00,SC,101,"380,7",ICARA,Reação tardia ou ineficiente do condutor,Colisão com objeto,Com Vítimas Feridas,Pleno dia,Crescente,Céu Claro,Dupla,Declive;Reta,Não,5,0,1,0,0,4,1,3,-28.761944,-49.289365,SPRF-SC,DEL02-SC,UOP02-DEL02-SC,2023