id,data_inversa,dia_semana,horario,uf,br,km,municipio,causa_acidente,tipo_acidente,classificacao_acidente,fase_dia,sentido_via,condicao_metereologica,tipo_pista,tracado_via,uso_solo,pessoas,mortos,feridos_leves,feridos_graves,ilesos,ignorados,feridos,veiculos,latitude,longitude,regional,delegacia,uop,ano_arquivo
"573390,0",2023-12-28,quinta-feira,23:50:00,SC,101,"213,0",PALHOCA,Condutor deixou de manter distância do veículo da frente,Colisão traseira,Com Vítimas Feridas,Plena Noite,Decrescente,Céu Claro,Múltipla,Reta,Sim,2,0,0,1,1,0,1,2,-27.63844476,-48.66605585,SPRF-SC,DEL01-SC,UOP02-DEL01-SC,2023
"573710,0",2023-03-12,domingo,11:00:00,SC,101,"136,0",BALNEARIO CAMBORIU,Demais falhas na via,Tombamento,Com Vítimas Feridas,Pleno dia,Crescente,Céu Claro,Múltipla,Declive,Sim,1,0,1,0,0,0,1,1,-27.008113,-48.617245,SPRF-SC,DEL04-SC,UOP03-DEL04-SC,2023
"574030,0",2023-10-19,quinta-feira,20:30:00,SC,101,"124,5",ITAJAI,Reação tardia ou ineficiente do condutor,Colisão traseira,Com Vítimas Feridas,Plena Noite,Crescente,Nublado,Múltipla,Reta,Não,2,0,0,1,1,0,1,2,-26.94335064,-48.69198648,SPRF-SC,DEL04-SC,UOP04-DEL04-SC,2023
"575077,0",2023-12-30,sábado,09:15:00,SC,101,"250,0",PAULO LOPES,Manobra de mudança de faixa,Saída de leito carroçável,Com Vítimas Fatais,Pleno dia,Decrescente,Céu Claro,Dupla,Reta,Não,6,1,1,3,0,1,4,2,-27.94186028,-48.66644267,SPRF-SC,DEL02-SC,UOP03-DEL02-SC,2023
"575269,0",2023-12-28,quinta-feira,22:15:00,SC,101,"97,0",BARRA VELHA,Entrada inopinada do pedestre,Atropelamento de Pedestre,Com Vítimas Fatais,Plena Noite,Crescente,Nublado,Múltipla,Reta,Não,3,1,0,0,2,0,0,2,-26.7319364,-48.7012098,SPRF-SC,DEL03-SC,UOP02-DEL03-SC,2023
"575310,0",2023-11-01,quarta-feira,08:10:00,SC,280,"149,0",MAFRA,Transitar na contramão,Colisão frontal,Com Vítimas Feridas,Pleno dia,Crescente,Céu Claro,Simples,Reta,Não,2,0,2,0,0,0,2,2,-26.23857535,-49.6804832,SPRF-SC,DEL06-SC,UOP03-DEL06-SC,2023
"575588,0",2023-12-29,sexta-feira,15:00:00,SC,280,"124,0",RIO NEGRINHO,Condutor deixou de manter distância do veículo da frente,Colisão lateral mesmo sentido,Com Vítimas Feridas,Pleno dia,Decrescente,Sol,Simples,Reta,Sim,2,0,1,0,1,0,1,2,-26.24130297,-49.47514499,SPRF-SC,DEL06-SC,UOP03-DEL06-SC,2023
"575696,0",2023-12-02,sábado,19:29:00,SC,101,"344,0",TUBARAO,Estacionar ou parar em local proibido,Colisão traseira,Com Vítimas Feridas,Plena Noite,Decrescente,Céu Claro,Múltipla,Reta,Sim,5,0,1,0,4,0,1,2,-28.53647889,-49.0531826,SPRF-SC,DEL02-SC,UOP01-DEL02-SC,2023
"576184,0",2023-12-17,domingo,05:50:00,SC,116,"75,0",MONTE CASTELO,Reação tardia ou ineficiente do condutor,Colisão traseira,Sem Vítimas,Pleno dia,Crescente,Ignorado,Simples,Reta,Não,2,0,0,0,1,1,0,2,-26.51214597,-50.22707097,SPRF-SC,DEL06-SC,UOP02-DEL06-SC,2023
"576362,0",2023-12-25,segunda-feira,15:30:00,SC,153,"5,2",AGUA DOCE,Manobra de mudança de faixa,Engavetamento,Com Vítimas Feridas,Pleno dia,Decrescente,Céu Claro,Simples,Reta;Declive,Não,4,0,1,0,3,0,1,3,-26.647688,-51.519227,SPRF-SC,DEL07-SC,UOP07-DEL07-SC,2023
"576419,0",2023-02-25,sábado,02:20:00,SC,282,"29,0",SANTO AMARO DA IMPERATRIZ,Ingestão de álcool pelo condutor,Saída de leito carroçável,Sem Vítimas,Plena Noite,Crescente,Céu Claro,Simples,Curva,Não,1,0,0,0,1,0,0,1,-27.679737,-48.786785,SPRF-SC,DEL01-SC,UOP03-DEL01-SC,2023
"576823,0",2023-10-09,segunda-feira,18:50:00,SC,101,"86,1",BARRA VELHA,Condutor deixou de manter distância do veículo da frente,Colisão traseira,Com Vítimas Feridas,Plena Noite,Crescente,Nublado,Simples,Reta,Não,2,0,1,0,1,0,1,2,-26.63277317,-48.70232513,SPRF-SC,DEL03-SC,UOP02-DEL03-SC,2023
"578357,0",2023-12-16,sábado,17:00:00,SC,101,"119,4",ITAJAI,Ausência de reação do condutor,Colisão traseira,Com Vítimas Feridas,Pleno dia,Crescente,Céu Claro,Simples,Reta,Não,2,0,0,1,1,0,1,2,-26.9043179,-48.71555481,SPRF-SC,DEL04-SC,UOP04-DEL04-SC,2023
"581649,0",2023-12-18,segunda-feira,17:15:00,SC,282,"515,0",XANXERE,Acumulo de água sobre o pavimento,Colisão traseira,Com Vítimas Feridas,Pleno dia,Decrescente,Chuva,Simples,Reta,Não,3,0,2,0,1,0,2,3,-26.922623,-52.496132,SPRF-SC,DEL07-SC,UOP01-DEL07-SC,2023
"581997,0",2023-12-26,terça-feira,06:50:00,SC,282,"133,0",PALMITOS,Pista esburacada,Queda de ocupante de veículo,Com Vítimas Feridas,Pleno dia,Decrescente,Céu Claro,Simples,Curva,Não,1,0,1,0,0,0,1,1,-27.06371182,-53.22120667,SPRF-SC,DEL05-SC,UOP01-DEL05-SC,2023
"582112,0",2023-11-27,segunda-feira,20:35:00,SC,282,"20,0",PALHOCA,Pedestre andava na pista,Atropelamento de Pedestre,Com Vítimas Feridas,Plena Noite,Crescente,Chuva,Simples,Reta;Aclive,Sim,4,0,0,1,1,2,1,3,-27.68495318,-48.71158719,SPRF-SC,DEL01-SC,UOP02-DEL01-SC,2023
"585845,0",2023-10-21,sábado,06:45:00,SC,101,"197,0",BIGUACU,Ausência de reação do condutor,Queda de ocupante de veículo,Com Vítimas Feridas,Amanhecer,Decrescente,Ignorado,Múltipla,Reta,Sim,1,0,1,0,0,0,1,1,-27.51844497,-48.63848496,SPRF-SC,DEL01-SC,UOP01-DEL01-SC,2023
"585849,0",2023-10-21,sábado,06:45:00,SC,101,"197,0",BIGUACU,Reação tardia ou ineficiente do condutor,Queda de ocupante de veículo,Com Vítimas Feridas,Amanhecer,Decrescente,Ignorado,Múltipla,Reta,Sim,1,0,1,0,0,0,1,1,-27.51844497,-48.63848496,SPRF-SC,DEL01-SC,UOP01-DEL01-SC,2023
"586524,0",2023-12-23,sábado,11:20:00,SC,470,"192,2",POUSO REDONDO,Ausência de reação do condutor,Colisão transversal,Com Vítimas Feridas,Pleno dia,Crescente,Céu Claro,Simples,Curva,Não,3,0,1,0,2,0,1,2,-27.293324,-50.078678,SPRF-SC,DEL04-SC,UOP02-DEL04-SC,2023
"588966,0",2023-12-23,sábado,20:20:00,SC,280,"4,0",SAO FRANCISCO DO SUL,Acumulo de óleo sobre o pavimento,Queda de ocupante de veículo,Com Vítimas Feridas,Plena Noite,Crescente,Nublado,Simples,Rotatória,Não,2,0,1,0,1,0,1,1,-26.25329566,-48.61916042,SPRF-SC,DEL03-SC,UOP03-DEL03-SC,2023
"588979,0",2023-08-20,domingo,02:50:00,SC,101,"125,3",ITAJAI,Ausência de reação do condutor,Colisão traseira,Com Vítimas Feridas,Plena Noite,Decrescente,Nublado,Dupla,Reta,Não,2,0,1,0,0,1,1,2,-26.94802427,-48.68338515,SPRF-SC,DEL04-SC,UOP04-DEL04-SC,2023
"589847,0",2023-05-15,segunda-feira,01:30:00,SC,101,"457,0",SAO JOAO DO SUL,Ingestão de álcool pelo condutor,Colisão lateral mesmo sentido,Sem Vítimas,Plena Noite,Decrescente,Céu Claro,Dupla,Reta,Não,2,0,0,0,2,0,0,2,-29.24376643,-49.75425839,SPRF-SC,DEL02-SC,UOP02-DEL02-SC,2023
"592418,0",2023-09-12,terça-feira,22:10:00,SC,470,"43,4",GASPAR,Acesso irregular,Colisão com objeto,Com Vítimas Feridas,Plena Noite,Crescente,Ignorado,Dupla,Reta;Em Obras;Declive,Não,2,0,0,1,0,1,1,2,-26.87143,-49.01762,SPRF-SC,DEL04-SC,UOP01-DEL04-SC,2023
"593306,0",2023-06-11,domingo,13:40:00,SC,282,"70,2",RANCHO QUEIMADO,Reação tardia ou ineficiente do condutor,Colisão frontal,Com Vítimas Feridas,Pleno dia,Decrescente,Nublado,Simples,Aclive;Curva,Sim,7,0,2,3,2,0,5,2,-27.692705,-49.091351,SPRF-SC,DEL01-SC,UOP03-DEL01-SC,2023
"597979,0",2023-10-28,sábado,06:15:00,SC,116,"225,0",CORREIA PINTO,Reação tardia ou ineficiente do condutor,Saída de leito carroçável,Com Vítimas Feridas,Pleno dia,Crescente,Chuva,Dupla,Curva,Não,1,0,0,1,0,0,1,1,-27.62755477,-50.34160852,SPRF-SC,DEL05-SC,UOP03-DEL05-SC,2023
"598416,0",2023-06-01,quinta-feira,05:00:00,SC,280,"78,4",CORUPA,Ingestão de substâncias psicoativas pelo condutor,Colisão frontal,Com Vítimas Fatais,Plena Noite,Decrescente,Nublado,Simples,Curva,Não,2,1,0,0,0,1,0,2,-26.4455537,-49.208318,SPRF-SC,DEL06-SC,UOP03-DEL06-SC,2023
"600191,0",2023-12-20,quarta-feira,16:00:00,SC,470,"106,0",APIUNA,Acessar a via sem observar a presença dos outros veículos,Colisão transversal,Com Vítimas Feridas,Pleno dia,Crescente,Céu Claro,Simples,Curva,Sim,2,0,1,0,1,0,1,2,-27.073105,-49.422935,SPRF-SC,DEL04-SC,UOP02-DEL04-SC,2023
"600433,0",2023-12-26,terça-feira,18:15:00,SC,101,"216,5",PALHOCA,Trafegar com motocicleta (ou similar) entre as faixas,Colisão lateral mesmo sentido,Com Vítimas Feridas,Pleno dia,Decrescente,Céu Claro,Múltipla,Reta;Aclive;Viaduto,Sim,2,0,1,0,1,0,1,2,-27.65981409,-48.67747798,SPRF-SC,DEL01-SC,UOP02-DEL01-SC,2023
"600659,0",2023-10-28,sábado,19:40:00,SC,280,"121,0",SAO BENTO DO SUL,Ingestão de álcool pelo condutor,Colisão frontal,Com Vítimas Feridas,Plena Noite,Crescente,Chuva,Simples,Reta,Não,9,0,0,4,5,0,4,4,-26.252177,-49.454116,SPRF-SC,DEL06-SC,UOP03-DEL06-SC,2023
"617175,0",2023-09-24,domingo,05:00:00,SC,470,"0,9",GASPAR,Ausência de reação do condutor,Colisão frontal,Com Vítimas Feridas,Amanhecer,Decrescente,Céu Claro,Simples,Reta,Sim,3,0,1,2,0,0,3,2,-26.92203838,-48.95884931,,,,2023
"572178,0",2024-01-02,terça-feira,11:50:00,SC,282,"376,6",HERVAL DOESTE,Falta de elemento de contenção que evite a saída do leito carroçável,Saída de leito carroçável,Com Vítimas Fatais,Pleno dia,Crescente,Chuva,Simples,Curva;Declive,Não,3,2,0,1,0,0,1,1,-27.220205,-51.461185,SPRF-SC,DEL07-SC,UOP05-DEL07-SC,2024
"572181,0",2024-01-02,terça-feira,16:15:00,SC,101,"48,4",JOINVILLE,Condutor deixou de manter distância do veículo da frente,Colisão traseira,Com Vítimas Feridas,Pleno dia,Decrescente,Céu Claro,Dupla,Curva,Não,3,0,2,0,1,0,2,2,-26.37832466,-48.851915,SPRF-SC,DEL03-SC,UOP01-DEL03-SC,2024
"572236,0",2024-01-02,terça-feira,19:20:00,SC,101,"240,7",PALHOCA,Condutor deixou de manter distância do veículo da frente,Engavetamento,Sem Vítimas,Plena Noite,Decrescente,Garoa/Chuvisco,Múltipla,Reta,Sim,6,0,0,0,6,0,0,6,-27.86671599,-48.64607012,SPRF-SC,DEL01-SC,UOP02-DEL01-SC,2024
"572244,0",2024-01-02,terça-feira,18:20:00,SC,282,"51,8",AGUAS MORNAS,Ausência de reação do condutor,Colisão frontal,Com Vítimas Feridas,Anoitecer,Decrescente,Garoa/Chuvisco,Simples,Curva,Não,4,0,1,0,2,1,1,3,-27.703712,-48.959267,SPRF-SC,DEL01-SC,UOP03-DEL01-SC,2024
"572265,0",2024-01-02,terça-feira,22:40:00,SC,101,"41,0",JOINVILLE,Reação tardia ou ineficiente do condutor,Colisão traseira,Com Vítimas Feridas,Plena Noite,Crescente,Garoa/Chuvisco,Dupla,Viaduto,Não,6,0,3,0,3,0,3,3,-26.31856259,-48.87180626,SPRF-SC,DEL03-SC,UOP01-DEL03-SC,2024
"572270,0",2024-01-02,terça-feira,23:40:00,SC,101,"41,8",JOINVILLE,Manobra de mudança de faixa,Colisão lateral mesmo sentido,Com Vítimas Feridas,Plena Noite,Crescente,Garoa/Chuvisco,Dupla,Reta,Sim,3,0,1,0,1,1,1,3,-26.32314005,-48.86839449,SPRF-SC,DEL03-SC,UOP01-DEL03-SC,2024
"572277,0",2024-01-02,terça-feira,22:45:00,SC,101,"41,0",JOINVILLE,Velocidade Incompatível,Tombamento,Sem Vítimas,Plena Noite,Crescente,Nublado,Dupla,Curva;Viaduto,Sim,2,0,0,0,1,1,0,2,-26.28215489,-48.88973081,SPRF-SC,DEL03-SC,UOP01-DEL03-SC,2024
"572336,0",2024-01-03,quarta-feira,09:55:00,SC,101,"209,8",SAO JOSE,Manobra de mudança de faixa,Colisão lateral mesmo sentido,Com Vítimas Feridas,Pleno dia,Crescente,Nublado,Múltipla,Reta,Sim,4,0,2,0,1,1,2,3,-27.61000542,-48.63895057,SPRF-SC,DEL01-SC,UOP01-DEL01-SC,2024
"572476,0",2024-01-03,quarta-feira,16:00:00,SC,282,"420,0",VARGEM BONITA,Carga excessiva e/ou mal acondicionada,Tombamento,Com Vítimas Feridas,Pleno dia,Crescente,Céu Claro,Simples,Curva;Declive,Não,1,0,1,0,0,0,1,1,-27.014505,-51.736427,SPRF-SC,DEL07-SC,UOP05-DEL07-SC,2024
"572499,0",2024-01-04,quinta-feira,00:50:00,SC,101,"127,8",BALNEARIO CAMBORIU,Mal súbito do condutor,Colisão lateral mesmo sentido,Com Vítimas Feridas,Plena Noite,Crescente,Céu Claro,Dupla,Reta,Sim,3,0,0,1,1,1,1,3,-26.97284292,-48.68299451,SPRF-SC,DEL04-SC,UOP04-DEL04-SC,2024
"572562,0",2024-01-04,quinta-feira,11:40:00,SC,101,"95,0",BARRA VELHA,Ultrapassagem Indevida,Colisão lateral mesmo sentido,Sem Vítimas,Pleno dia,Decrescente,Sol,Dupla,Reta,Não,2,0,0,0,1,1,0,2,-26.70876413,-48.70221065,SPRF-SC,DEL03-SC,UOP02-DEL03-SC,2024
"572608,0",2024-01-04,quinta-feira,13:45:00,SC,282,"543,6",CHAPECO,Demais falhas mecânicas ou elétricas,Incêndio,Sem Vítimas,Pleno dia,Decrescente,Céu Claro,Simples,Declive;Curva,Não,2,0,0,0,2,0,0,1,-26.999392,-52.717831,SPRF-SC,DEL07-SC,UOP01-DEL07-SC,2024
"572618,0",2024-01-04,quinta-feira,14:00:00,SC,153,"111,2",CONCORDIA,Desrespeitar a preferência no cruzamento,Colisão transversal,Com Vítimas Feridas,Pleno dia,Crescente,Céu Claro,Simples,Reta,Não,7,0,5,0,1,1,5,3,-27.319271,-51.983299,SPRF-SC,DEL07-SC,UOP04-DEL07-SC,2024
"572659,0",2024-01-01,segunda-feira,03:50:00,SC,116,"114,9",MONTE CASTELO,Reação tardia ou ineficiente do condutor,Colisão com objeto,Com Vítimas Fatais,Plena Noite,Decrescente,Céu Claro,Simples,Curva;Declive,Não,1,1,0,0,0,0,0,1,-26.8005932,-50.3387598,SPRF-SC,DEL06-SC,UOP02-DEL06-SC,2024
"572735,0",2024-01-05,sexta-feira,12:00:00,SC,101,"114,0",ITAJAI,Ausência de reação do condutor,Engavetamento,Com Vítimas Feridas,Pleno dia,Crescente,Céu Claro,Múltipla,Reta,Não,5,0,1,0,4,0,1,4,-26.86192886,-48.7286704,SPRF-SC,DEL04-SC,UOP04-DEL04-SC,2024
"572756,0",2024-01-05,sexta-feira,12:18:00,SC,282,"151,3",BOM RETIRO,Conversão proibida,Saída de leito carroçável,Com Vítimas Feridas,Pleno dia,Decrescente,Céu Claro,Simples,Reta,Não,4,0,1,0,2,1,1,3,-27.7628,-49.669552,SPRF-SC,DEL05-SC,UOP01-DEL05-SC,2024
"572773,0",2024-01-05,sexta-feira,13:10:00,SC,101,"37,4",JOINVILLE,Condutor deixou de manter distância do veículo da frente,Engavetamento,Com Vítimas Feridas,Pleno dia,Crescente,Céu Claro,Dupla,Reta,Não,6,0,3,0,2,2,3,5,-26.25050176,-48.90863867,SPRF-SC,DEL03-SC,UOP01-DEL03-SC,2024
"572799,0",2024-01-05,sexta-feira,18:20:00,SC,101,"179,2",BIGUACU,Manobra de mudança de faixa,Colisão traseira,Com Vítimas Feridas,Pleno dia,Crescente,Céu Claro,Dupla,Declive;Reta,Não,4,0,1,0,2,1,1,3,-27.37281717,-48.63322708,SPRF-SC,DEL01-SC,UOP01-DEL01-SC,2024
"572843,0",2024-01-05,sexta-feira,21:00:00,SC,101,"12,2",GARUVA,Ingestão de álcool pelo condutor,Colisão com objeto,Sem Vítimas,Plena Noite,Decrescente,Nublado,Dupla,Declive;Reta,Não,1,0,0,0,1,0,0,1,-26.09803515,-48.86773972,SPRF-SC,DEL03-SC,UOP01-DEL03-SC,2024
"572911,0",2024-01-06,sábado,08:50:00,SC,116,"218,5",CORREIA PINTO,Reação tardia ou ineficiente do condutor,Colisão traseira,Com Vítimas Feridas,Pleno dia,Crescente,Nublado,Simples,Reta,Não,5,0,4,0,1,0,4,2,-27.57407,-50.37174,SPRF-SC,DEL05-SC,UOP03-DEL05-SC,2024
"573376,0",2024-01-08,segunda-feira,12:45:00,SC,101,"182,8",BIGUACU,Reação tardia ou ineficiente do condutor,Colisão traseira,Com Vítimas Feridas,Pleno dia,Crescente,Céu Claro,Dupla,Reta,Sim,2,0,0,1,1,0,1,2,-27.39798985,-48.6303592,SPRF-SC,DEL01-SC,UOP01-DEL01-SC,2024
"573445,0",2024-01-08,segunda-feira,18:45:00,SC,470,"59,0",BLUMENAU,Acessar a via sem observar a presença dos outros veículos,Colisão transversal,Com Vítimas Feridas,Pleno dia,Crescente,Nublado,Simples,Reta,Sim,3,0,2,0,1,0,2,2,-26.882812,-49.1548,SPRF-SC,DEL04-SC,UOP01-DEL04-SC,2024
"573457,0",2024-01-08,segunda-feira,18:30:00,SC,101,"118,0",ITAJAI,Ausência de reação do condutor,Tombamento,Com Vítimas Feridas,Anoitecer,Decrescente,Céu Claro,Dupla,Reta,Sim,2,0,1,0,1,0,1,2,-26.895859,-48.71903,SPRF-SC,DEL04-SC,UOP04-DEL04-SC,2024
"573627,0",2024-01-09,terça-feira,18:15:00,SC,470,"47,4",BLUMENAU,Ausência de reação do condutor,Colisão traseira,Com Vítimas Feridas,Anoitecer,Crescente,Nublado,Simples,Reta;Em Obras;Ponte,Sim,2,0,1,0,1,0,1,2,-26.864044,-49.046516,SPRF-SC,DEL04-SC,UOP01-DEL04-SC,2024
"573637,0",2024-01-09,terça-feira,18:20:00,SC,101,"215,0",PALHOCA,Acessar a via sem observar a presença dos outros veículos,Colisão frontal,Com Vítimas Feridas,Plena Noite,Decrescente,Chuva,Dupla,Reta,Sim,3,0,1,0,1,1,1,3,-27.65184843,-48.67604941,SPRF-SC,DEL01-SC,UOP02-DEL01-SC,2024
"573669,0",2024-01-09,terça-feira,12:50:00,SC,282,"483,0",FAXINAL DOS GUEDES,Ultrapassagem Indevida,Colisão traseira,Com Vítimas Feridas,Pleno dia,Decrescente,Céu Claro,Simples,Reta,Não,3,0,1,0,1,3,1,5,-26.864898,-52.212811,SPRF-SC,DEL07-SC,UOP01-DEL07-SC,2024
"573679,0",2024-01-10,quarta-feira,00:20:00,SC,116,"308,0",CAPAO ALTO,Reação tardia ou ineficiente do condutor,Tombamento,Com Vítimas Feridas,Plena Noite,Decrescente,Nublado,Simples,Aclive;Curva,Não,2,0,1,0,0,1,1,2,-28.19824113,-50.75066799,SPRF-SC,DEL05-SC,UOP02-DEL05-SC,2024
"573717,0",2024-01-10,quarta-feira,07:15:00,SC,101,"43,0",JOINVILLE,Acessar a via sem observar a presença dos outros veículos,Colisão lateral mesmo sentido,Sem Vítimas,Pleno dia,Decrescente,Céu Claro,Dupla,Interseção de Vias,Sim,4,0,0,0,3,1,0,4,-26.30357106,-48.88225609,SPRF-SC,DEL03-SC,UOP01-DEL03-SC,2024
"573922,0",2024-01-06,sábado,04:30:00,SC,480,"123,9",CHAPECO,Estacionar ou parar em local proibido,Colisão traseira,Com Vítimas Feridas,Amanhecer,Decrescente,Céu Claro,Dupla,Aclive;Reta,Sim,6,0,1,1,4,0,2,2,-27.001992,-52.644768,SPRF-SC,DEL07-SC,UOP01-DEL07-SC,2024
"573937,0",2024-01-11,quinta-feira,09:20:00,SC,101,"97,0",BALNEARIO PICARRAS,Manobra de mudança de faixa,Colisão lateral sentido oposto,Com Vítimas Feridas,Pleno dia,Crescente,Sol,Múltipla,Reta,Não,2,0,1,0,0,1,1,2,-26.72823703,-48.70224928,SPRF-SC,DEL03-SC,UOP02-DEL03-SC,2024
"573939,0",2024-01-11,quinta-feira,11:10:00,SC,101,"151,0",ITAPEMA,Trafegar com motocicleta (ou similar) entre as faixas,Colisão lateral mesmo sentido,Com Vítimas Feridas,Pleno dia,Decrescente,Céu Claro,Múltipla,Reta,Sim,4,0,0,1,3,0,1,4,-27.126536,-48.609642,SPRF-SC,DEL04-SC,UOP03-DEL04-SC,2024
"573978,0",2024-01-11,quinta-feira,08:00:00,SC,282,"504,5",XANXERE,Acessar a via sem observar a presença dos outros veículos,Queda de ocupante de veículo,Com Vítimas Feridas,Pleno dia,Crescente,Nublado,Simples,Reta;Interseção de Vias,Sim,3,0,0,1,1,1,1,3,-26.884279,-52.408466,SPRF-SC,DEL07-SC,UOP01-DEL07-SC,2024
"574002,0",2024-01-11,quinta-feira,15:20:00,SC,101,"101,4",BALNEARIO PICARRAS,Reação tardia ou ineficiente do condutor,Colisão traseira,Com Vítimas Feridas,Pleno dia,Crescente,Nublado,Múltipla,Reta;Declive,Sim,4,0,1,0,2,1,1,3,-26.77241069,-48.68604165,SPRF-SC,DEL03-SC,UOP02-DEL03-SC,2024
"574004,0",2024-01-11,quinta-feira,16:50:00,SC,470,"47,2",BLUMENAU,Condutor deixou de manter distância do veículo da frente,Colisão traseira,Com Vítimas Feridas,Pleno dia,Decrescente,Chuva,Simples,Reta;Viaduto,Sim,3,0,1,0,1,1,1,3,-26.864044,-49.046516,SPRF-SC,DEL04-SC,UOP01-DEL04-SC,2024
"574026,0",2024-01-11,quinta-feira,07:45:00,SC,282,"476,0",VARGEAO,Transitar na contramão,Colisão frontal,Com Vítimas Feridas,Pleno dia,Decrescente,Céu Claro,Simples,Rotatória;Reta,Não,2,0,1,1,0,0,2,2,-26.882666,-52.169231,SPRF-SC,DEL07-SC,UOP01-DEL07-SC,2024
"574040,0",2024-01-11,quinta-feira,17:00:00,SC,470,"341,7",CAMPOS NOVOS,Acessar a via sem observar a presença dos outros veículos,Colisão transversal,Com Vítimas Feridas,Pleno dia,Crescente,Céu Claro,Simples,Reta,Não,4,0,1,2,1,0,3,2,-27.527861,-51.380497,SPRF-SC,DEL07-SC,UOP06-DEL07-SC,2024
"574175,0",2024-01-12,sexta-feira,12:20:00,SC,101,"59,0",ARAQUARI,Manobra de mudança de faixa,Colisão lateral mesmo sentido,Com Vítimas Feridas,Pleno dia,Crescente,Nublado,Dupla,Curva,Não,4,0,1,0,2,1,1,3,-26.44651734,-48.79426826,SPRF-SC,DEL03-SC,UOP02-DEL03-SC,2024
"574273,0",2024-01-12,sexta-feira,18:40:00,SC,101,"132,9",BALNEARIO CAMBORIU,Trafegar com motocicleta (ou similar) entre as faixas,Colisão lateral mesmo sentido,Com Vítimas Feridas,Anoitecer,Crescente,Nublado,Múltipla,Interseção de Vias,Sim,2,0,0,1,1,0,1,2,-26.99654133,-48.65564711,SPRF-SC,DEL04-SC,UOP03-DEL04-SC,2024
"574275,0",2024-01-12,sexta-feira,17:15:00,SC,470,"245,1",CURITIBANOS,Manobra de mudança de faixa,Colisão lateral mesmo sentido,Com Vítimas Feridas,Pleno dia,Crescente,Nublado,Simples,Reta,Não,3,0,1,0,1,1,1,3,-27.31507593,-50.53261757,SPRF-SC,DEL05-SC,UOP03-DEL05-SC,2024
"574576,0",2024-01-14,domingo,02:20:00,SC,101,"213,7",PALHOCA,Manobra de mudança de faixa,Colisão lateral mesmo sentido,Com Vítimas Feridas,Plena Noite,Decrescente,Céu Claro,Dupla,Interseção de Vias;Reta,Sim,6,0,3,0,3,0,3,2,-27.63697369,-48.66514142,SPRF-SC,DEL01-SC,UOP02-DEL01-SC,2024
"574606,0",2024-01-14,domingo,06:10:00,SC,153,"58,7",IRANI,Acessar a via sem observar a presença dos outros veículos,Colisão transversal,Com Vítimas Feridas,Amanhecer,Decrescente,Céu Claro,Simples,Interseção de Vias,Não,3,0,1,0,1,1,1,3,-26.9697563,-51.85447097,SPRF-SC,DEL07-SC,UOP04-DEL07-SC,2024
"574683,0",2024-01-14,domingo,15:00:00,SC,280,"206,4",MAFRA,Acessar a via sem observar a presença dos outros veículos,Colisão transversal,Com Vítimas Feridas,Pleno dia,Decrescente,Céu Claro,Simples,Curva,Não,4,0,1,0,3,0,1,2,-26.1612574,-50.13125904,SPRF-SC,DEL06-SC,UOP01-DEL06-SC,2024
"574688,0",2024-01-14,domingo,15:42:00,SC,282,"529,0",CORDILHEIRA ALTA,Condutor deixou de manter distância do veículo da frente,Colisão traseira,Com Vítimas Feridas,Pleno dia,Decrescente,Nublado,Simples,Reta,Não,3,0,1,0,2,0,1,2,-26.982185,-52.59734,SPRF-SC,DEL07-SC,UOP01-DEL07-SC,2024
"574758,0",2024-01-14,domingo,20:00:00,SC,282,"253,0",SAO JOSE DO CERRITO,Manobra de mudança de faixa,Colisão transversal,Com Vítimas Feridas,Plena Noite,Crescente,Céu Claro,Simples,Curva,Não,3,0,2,0,1,0,2,2,-27.684978,-50.565498,SPRF-SC,DEL05-SC,UOP02-DEL05-SC,2024
"574778,0",2024-01-14,domingo,15:50:00,SC,282,"132,9",BOM RETIRO,Transitar na contramão,Colisão frontal,Com Vítimas Fatais,Pleno dia,Crescente,Céu Claro,Simples,Curva;Declive,Não,3,1,0,0,1,1,0,3,-27.8075185,-49.5322749,SPRF-SC,DEL05-SC,UOP01-DEL05-SC,2024
"574849,0",2024-01-15,segunda-feira,07:50:00,SC,470,"157,0",TROMBUDO CENTRAL,Ultrapassagem Indevida,Colisão frontal,Com Vítimas Feridas,Pleno dia,Decrescente,Céu Claro,Simples,Reta,Não,4,0,1,1,1,1,2,4,-27.285425,-49.76881,SPRF-SC,DEL04-SC,UOP02-DEL04-SC,2024
"574850,0",2024-01-15,segunda-feira,08:30:00,SC,282,"45,8",AGUAS MORNAS,Manobra de mudança de faixa,Colisão lateral sentido oposto,Com Vítimas Feridas,Pleno dia,Crescente,Céu Claro,Simples,Reta,Não,3,0,1,0,1,1,1,3,-27.719851,-48.916126,SPRF-SC,DEL01-SC,UOP03-DEL01-SC,2024
"574864,0",2024-01-15,segunda-feira,10:20:00,SC,101,"90,2",BARRA VELHA,Condutor deixou de manter distância do veículo da frente,Engavetamento,Com Vítimas Feridas,Pleno dia,Crescente,Céu Claro,Dupla,Reta,Sim,7,0,3,0,4,0,3,5,-26.66134309,-48.68870258,SPRF-SC,DEL03-SC,UOP02-DEL03-SC,2024