id,data_inversa,dia_semana,horario,uf,br,km,municipio,causa_acidente,tipo_acidente,classificacao_acidente,fase_dia,sentido_via,condicao_metereologica,tipo_pista,tracado_via,uso_solo,pessoas,mortos,feridos_leves,feridos_graves,ilesos,ignorados,feridos,veiculos,latitude,longitude,regional,delegacia,uop,ano_arquivo
"574878,0",2024-01-15,segunda-feira,11:10:00,SC,101,"135,0",BALNEARIO CAMBORIU,Trafegar com motocicleta (ou similar) entre as faixas,Colisão lateral mesmo sentido,Com Vítimas Feridas,Pleno dia,Decrescente,Céu Claro,Dupla,Reta,Sim,3,0,0,1,1,1,1,3,-27.0050108,-48.62677494,SPRF-SC,DEL04-SC,UOP03-DEL04-SC,2024
"574910,0",2024-01-15,segunda-feira,14:45:00,SC,101,"222,0",PALHOCA,Velocidade Incompatível,Colisão traseira,Sem Vítimas,Pleno dia,Crescente,Céu Claro,Múltipla,Reta;Aclive,Sim,3,0,0,0,2,1,0,3,-27.70865409,-48.65586407,SPRF-SC,DEL01-SC,UOP02-DEL01-SC,2024
"575021,0",2024-01-16,terça-feira,07:00:00,SC,470,"169,0",POUSO REDONDO,Acessar a via sem observar a presença dos outros veículos,Colisão transversal,Com Vítimas Feridas,Pleno dia,Crescente,Céu Claro,Simples,Rotatória;Reta;Interseção de Vias,Sim,3,0,0,1,1,2,1,4,-27.26552112,-49.88151312,SPRF-SC,DEL04-SC,UOP02-DEL04-SC,2024
"575146,0",2024-01-16,terça-feira,17:00:00,SC,101,"89,0",BARRA VELHA,Ausência de reação do condutor,Colisão traseira,Com Vítimas Feridas,Pleno dia,Decrescente,Nublado,Dupla,Reta,Sim,3,0,1,1,1,0,2,2,-26.65175997,-48.68721921,SPRF-SC,DEL03-SC,UOP02-DEL03-SC,2024
"575187,0",2024-01-16,terça-feira,20:05:00,SC,470,"7,0",NAVEGANTES,Acessar a via sem observar a presença dos outros veículos,Colisão transversal,Com Vítimas Feridas,Plena Noite,Decrescente,Nublado,Simples,Viaduto,Sim,3,0,0,1,1,4,1,6,-26.84499,-48.71505,SPRF-SC,DEL04-SC,UOP04-DEL04-SC,2024
"575207,0",2024-01-17,quarta-feira,00:15:00,SC,282,"134,0",BOM RETIRO,Transitar na contramão,Colisão frontal,Com Vítimas Feridas,Plena Noite,Decrescente,Nublado,Simples,Reta,Não,6,0,2,0,3,1,2,3,-27.813074,-49.540077,SPRF-SC,DEL05-SC,UOP01-DEL05-SC,2024
"575210,0",2024-01-17,quarta-feira,05:20:00,SC,101,"207,8",SAO JOSE,Reação tardia ou ineficiente do condutor,Colisão traseira,Com Vítimas Feridas,Amanhecer,Crescente,Chuva,Múltipla,Reta,Sim,5,0,3,0,1,2,3,4,-27.60001226,-48.6226467,SPRF-SC,DEL01-SC,UOP01-DEL01-SC,2024
"575231,0",2024-01-17,quarta-feira,07:40:00,SC,101,"212,0",PALHOCA,Trafegar com motocicleta (ou similar) entre as faixas,Colisão lateral mesmo sentido,Com Vítimas Feridas,Pleno dia,Decrescente,Nublado,Múltipla,Reta,Sim,3,0,0,1,1,1,1,3,-27.62996929,-48.65903871,SPRF-SC,DEL01-SC,UOP02-DEL01-SC,2024
"575248,0",2024-01-14,domingo,05:50:00,SC,101,"93,0",BALNEARIO PICARRAS,Ausência de reação do condutor,Colisão frontal,Com Vítimas Feridas,Pleno dia,Decrescente,Céu Claro,Dupla,Reta,Não,2,0,0,1,1,0,1,2,-26.6899011,-48.69663873,SPRF-SC,DEL03-SC,UOP02-DEL03-SC,2024
"575293,0",2024-01-17,quarta-feira,11:30:00,SC,153,"112,0",CONCORDIA,Acessar a via sem observar a presença dos outros veículos,Colisão transversal,Com Vítimas Feridas,Pleno dia,Decrescente,Chuva,Simples,Reta,Não,2,0,1,0,1,0,1,2,-27.327526,-51.979298,SPRF-SC,DEL07-SC,UOP04-DEL07-SC,2024
"575343,0",2024-01-17,quarta-feira,09:30:00,SC,470,"114,4",IBIRAMA,Ultrapassagem Indevida,Colisão frontal,Com Vítimas Feridas,Pleno dia,Decrescente,Nublado,Simples,Curva,Não,3,0,1,0,1,1,1,3,-27.086386,-49.478001,SPRF-SC,DEL04-SC,UOP02-DEL04-SC,2024
"575421,0",2024-01-17,quarta-feira,22:15:00,SC,101,"138,0",BALNEARIO CAMBORIU,Acesso irregular,Colisão traseira,Com Vítimas Feridas,Plena Noite,Crescente,Nublado,Dupla,Reta,Sim,9,0,1,0,7,1,1,4,-27.02397426,-48.60761649,SPRF-SC,DEL04-SC,UOP03-DEL04-SC,2024
"575466,0",2024-01-18,quinta-feira,09:40:00,SC,470,"56,2",BLUMENAU,Desrespeitar a preferência no cruzamento,Colisão transversal,Sem Vítimas,Pleno dia,Decrescente,Chuva,Simples,Interseção de Vias;Reta,Sim,6,0,0,0,6,0,0,2,-26.87674,-49.127743,SPRF-SC,DEL04-SC,UOP01-DEL04-SC,2024
"575488,0",2024-01-18,quinta-feira,11:31:00,SC,101,"233,0",PALHOCA,Ausência de reação do condutor,Saída de leito carroçável,Com Vítimas Feridas,Pleno dia,Crescente,Chuva,Múltipla,Curva,Não,5,0,1,0,3,1,1,4,-27.80376397,-48.63826211,SPRF-SC,DEL01-SC,UOP02-DEL01-SC,2024
"575511,0",2024-01-18,quinta-feira,12:40:00,SC,470,"178,7",POUSO REDONDO,Reação tardia ou ineficiente do condutor,Saída de leito carroçável,Com Vítimas Feridas,Pleno dia,Crescente,Chuva,Simples,Reta,Não,2,0,2,0,0,0,2,1,-27.248392,-49.967083,SPRF-SC,DEL04-SC,UOP02-DEL04-SC,2024
"575519,0",2024-01-18,quinta-feira,15:30:00,SC,101,"228,0",PALHOCA,Condutor deixou de manter distância do veículo da frente,Colisão traseira,Com Vítimas Fatais,Pleno dia,Crescente,Nublado,Múltipla,Aclive;Reta,Não,5,2,1,0,1,2,1,5,-27.7597249,-48.63078869,SPRF-SC,DEL01-SC,UOP02-DEL01-SC,2024
"575527,0",2024-01-18,quinta-feira,15:50:00,SC,101,"114,2",ITAJAI,Retorno proibido,Colisão lateral mesmo sentido,Com Vítimas Feridas,Pleno dia,Decrescente,Nublado,Dupla,Reta;Interseção de Vias,Sim,3,0,0,1,1,1,1,3,-26.86192886,-48.7286704,SPRF-SC,DEL04-SC,UOP04-DEL04-SC,2024
"575725,0",2024-01-19,sexta-feira,08:25:00,SC,116,"305,4",CAPAO ALTO,Problema com o freio,Tombamento,Com Vítimas Feridas,Pleno dia,Crescente,Sol,Simples,Declive;Curva,Não,2,0,0,1,0,1,1,2,-28.19840483,-50.72325701,SPRF-SC,DEL05-SC,UOP02-DEL05-SC,2024
"575732,0",2024-01-19,sexta-feira,15:00:00,SC,101,"71,0",ARAQUARI,Condutor deixou de manter distância do veículo da frente,Colisão traseira,Com Vítimas Feridas,Pleno dia,Crescente,Sol,Múltipla,Viaduto,Não,2,0,1,0,0,1,1,2,-26.51864822,-48.71874636,SPRF-SC,DEL03-SC,UOP02-DEL03-SC,2024
"575733,0",2024-01-19,sexta-feira,11:15:00,SC,280,"6,8",SAO FRANCISCO DO SUL,Ultrapassagem Indevida,Colisão lateral mesmo sentido,Com Vítimas Feridas,Pleno dia,Crescente,Céu Claro,Simples,Rotatória,Sim,3,0,0,1,1,2,1,4,-26.27041417,-48.64088416,SPRF-SC,DEL03-SC,UOP03-DEL03-SC,2024
"575753,0",2024-01-19,sexta-feira,16:00:00,SC,101,"200,0",SAO JOSE,Ausência de reação do condutor,Colisão traseira,Com Vítimas Feridas,Pleno dia,Decrescente,Céu Claro,Simples,Reta,Não,2,0,1,0,1,0,1,2,-27.54018513,-48.62287714,SPRF-SC,DEL01-SC,UOP01-DEL01-SC,2024
"575840,0",2024-01-19,sexta-feira,23:45:00,SC,101,"164,0",TIJUCAS,Ausência de reação do condutor,Colisão traseira,Com Vítimas Feridas,Plena Noite,Crescente,Céu Claro,Dupla,Reta;Declive;Ponte,Sim,2,0,0,1,1,0,1,2,-27.243868,-48.6309,SPRF-SC,DEL04-SC,UOP03-DEL04-SC,2024
"575882,0",2024-01-20,sábado,04:20:00,SC,101,"181,9",GOVERNADOR CELSO RAMOS,Ausência de reação do condutor,Tombamento,Com Vítimas Fatais,Plena Noite,Decrescente,Nublado,Múltipla,Reta,Não,3,1,0,0,1,3,0,5,-27.39778,-48.63011,SPRF-SC,DEL01-SC,UOP01-DEL01-SC,2024
"575952,0",2024-01-20,sábado,01:00:00,SC,158,"133,8",CAIBI,Reação tardia ou ineficiente do condutor,Colisão frontal,Com Vítimas Feridas,Plena Noite,Decrescente,Céu Claro,Simples,Curva,Não,2,0,0,1,1,0,1,2,-27.06086945,-53.22378159,SPRF-SC,DEL07-SC,UOP02-DEL07-SC,2024
"576078,0",2024-01-20,sábado,23:25:00,SC,101,"202,4",SAO JOSE,Entrada inopinada do pedestre,Atropelamento de Pedestre,Com Vítimas Feridas,Plena Noite,Crescente,Nublado,Múltipla,Reta,Sim,6,0,0,1,2,3,1,6,-27.55711595,-48.61897889,SPRF-SC,DEL01-SC,UOP01-DEL01-SC,2024
"576234,0",2024-01-21,domingo,16:00:00,SC,101,"95,0",BARRA VELHA,Pedestre andava na pista,Atropelamento de Pedestre,Com Vítimas Feridas,Pleno dia,Crescente,Nublado,Múltipla,Reta,Não,2,0,0,1,1,0,1,2,-26.70876413,-48.70221065,SPRF-SC,DEL03-SC,UOP02-DEL03-SC,2024
"576336,0",2024-01-22,segunda-feira,05:15:00,SC,470,"46,3",GASPAR,Transitar na contramão,Colisão frontal,Com Vítimas Fatais,Amanhecer,Crescente,Céu Claro,Simples,Em Obras;Reta,Não,5,1,1,0,0,3,1,4,-26.8612324,-49.04087663,SPRF-SC,DEL04-SC,UOP01-DEL04-SC,2024
"576406,0",2024-01-22,segunda-feira,11:00:00,SC,280,"20,0",ARAQUARI,Chuva,Colisão transversal,Com Vítimas Feridas,Pleno dia,Crescente,Chuva,Simples,Reta,Não,5,0,2,0,2,1,2,4,-26.36990477,-48.68224301,SPRF-SC,DEL03-SC,UOP03-DEL03-SC,2024
"576531,0",2024-01-22,segunda-feira,20:50:00,SC,280,"83,3",CORUPA,Reação tardia ou ineficiente do condutor,Saída de leito carroçável,Com Vítimas Fatais,Plena Noite,Crescente,Chuva,Simples,Declive;Curva,Não,1,1,0,0,0,0,0,1,-26.4152291,-49.2571923,SPRF-SC,DEL06-SC,UOP03-DEL06-SC,2024
"576566,0",2024-01-23,terça-feira,08:00:00,SC,101,"215,8",PALHOCA,Condutor deixou de manter distância do veículo da frente,Colisão traseira,Com Vítimas Feridas,Pleno dia,Decrescente,Nublado,Múltipla,Reta,Sim,2,0,0,1,1,0,1,2,-27.65184843,-48.67604941,SPRF-SC,DEL01-SC,UOP02-DEL01-SC,2024
"576578,0",2024-01-23,terça-feira,07:00:00,SC,282,"64,0",RANCHO QUEIMADO,Chuva,Colisão frontal,Com Vítimas Fatais,Pleno dia,Crescente,Garoa/Chuvisco,Simples,Reta;Declive,Não,2,1,0,0,1,0,0,2,-27.696323,-49.052456,SPRF-SC,DEL01-SC,UOP03-DEL01-SC,2024
"576613,0",2024-01-23,terça-feira,09:00:00,SC,101,"14,6",GARUVA,Condutor deixou de manter distância do veículo da frente,Saída de leito carroçável,Sem Vítimas,Pleno dia,Decrescente,Chuva,Dupla,Declive;Reta,Não,2,0,0,0,1,2,0,3,-26.09803515,-48.86773972,SPRF-SC,DEL03-SC,UOP01-DEL03-SC,2024
"576638,0",2024-01-23,terça-feira,14:00:00,SC,101,"149,0",ITAPEMA,Ausência de reação do condutor,Colisão traseira,Com Vítimas Feridas,Pleno dia,Decrescente,Nublado,Dupla,Reta,Sim,3,0,0,1,2,0,1,2,-27.1089649,-48.61277586,SPRF-SC,DEL04-SC,UOP03-DEL04-SC,2024
"576670,0",2024-01-23,terça-feira,16:35:00,SC,101,"421,3",ARARANGUA,Problema na suspensão,Colisão lateral mesmo sentido,Com Vítimas Feridas,Pleno dia,Decrescente,Nublado,Dupla,Declive;Reta,Não,3,0,1,0,1,1,1,2,-29.007157,-49.567217,SPRF-SC,DEL02-SC,UOP02-DEL02-SC,2024
"576673,0",2024-01-23,terça-feira,17:00:00,SC,282,"51,9",AGUAS MORNAS,Acumulo de água sobre o pavimento,Colisão frontal,Com Vítimas Feridas,Pleno dia,Crescente,Chuva,Simples,Curva;Declive,Não,3,0,0,1,1,1,1,3,-27.703712,-48.959267,SPRF-SC,DEL01-SC,UOP03-DEL01-SC,2024
"576711,0",2024-01-23,terça-feira,16:30:00,SC,282,"111,0",ALFREDO WAGNER,Demais falhas mecânicas ou elétricas,Incêndio,Sem Vítimas,Pleno dia,Decrescente,Chuva,Simples,Reta,Sim,2,0,0,0,1,1,0,2,-27.733616,-49.367538,SPRF-SC,DEL01-SC,UOP03-DEL01-SC,2024
"576723,0",2024-01-23,terça-feira,17:25:00,SC,116,"59,0",PAPANDUVA,Acessar a via sem observar a presença dos outros veículos,Colisão transversal,Com Vítimas Feridas,Pleno dia,Crescente,Garoa/Chuvisco,Simples,Interseção de Vias;Reta,Não,4,0,0,1,2,1,1,4,-26.37933149,-50.20775008,SPRF-SC,DEL06-SC,UOP02-DEL06-SC,2024
"576745,0",2024-01-24,quarta-feira,04:10:00,SC,101,"121,7",ITAJAI,Demais falhas mecânicas ou elétricas,Colisão traseira,Com Vítimas Feridas,Plena Noite,Crescente,Garoa/Chuvisco,Múltipla,Reta,Não,3,0,1,0,1,2,1,4,-26.92103178,-48.70856446,SPRF-SC,DEL04-SC,UOP04-DEL04-SC,2024
"576749,0",2024-01-24,quarta-feira,02:10:00,SC,280,"46,6",GUARAMIRIM,Chuva,Saída de leito carroçável,Com Vítimas Feridas,Plena Noite,Crescente,Chuva,Simples,Declive;Reta;Em Obras,Não,2,0,1,0,0,1,1,2,-26.453163,-48.914103,SPRF-SC,DEL03-SC,UOP03-DEL03-SC,2024
"576753,0",2024-01-24,quarta-feira,07:17:00,SC,101,"190,0",BIGUACU,Reação tardia ou ineficiente do condutor,Colisão traseira,Com Vítimas Feridas,Pleno dia,Decrescente,Nublado,Dupla,Reta,Não,2,0,1,0,1,0,1,2,-27.468056,-48.641712,SPRF-SC,DEL01-SC,UOP01-DEL01-SC,2024
"576818,0",2024-01-24,quarta-feira,12:55:00,SC,470,"61,0",BLUMENAU,Velocidade Incompatível,Colisão frontal,Com Vítimas Feridas,Pleno dia,Crescente,Chuva,Simples,Reta,Não,4,0,0,2,1,1,2,3,-26.87837034,-49.17541808,SPRF-SC,DEL04-SC,UOP01-DEL04-SC,2024
"576869,0",2024-01-24,quarta-feira,16:00:00,SC,470,"58,0",BLUMENAU,Condutor Dormindo,Colisão lateral sentido oposto,Com Vítimas Feridas,Pleno dia,Crescente,Garoa/Chuvisco,Dupla,Retorno Regulamentado,Sim,3,0,2,0,1,0,2,2,-26.883879,-49.145622,SPRF-SC,DEL04-SC,UOP01-DEL04-SC,2024
"576902,0",2024-01-24,quarta-feira,17:40:00,SC,470,"64,4",INDAIAL,Ultrapassagem Indevida,Colisão lateral mesmo sentido,Com Vítimas Feridas,Pleno dia,Decrescente,Garoa/Chuvisco,Simples,Interseção de Vias;Reta,Não,2,0,1,0,1,0,1,2,-26.87033144,-49.21053356,SPRF-SC,DEL04-SC,UOP01-DEL04-SC,2024
"576927,0",2024-01-24,quarta-feira,22:30:00,SC,101,"137,3",BALNEARIO CAMBORIU,Reação tardia ou ineficiente do condutor,Colisão traseira,Sem Vítimas,Plena Noite,Crescente,Nublado,Simples,Reta;Aclive,Não,7,0,0,0,5,2,0,7,-27.0157238,-48.61192763,SPRF-SC,DEL04-SC,UOP03-DEL04-SC,2024
"576933,0",2024-01-21,domingo,12:23:00,SC,480,"123,9",CHAPECO,Carga excessiva e/ou mal acondicionada,Colisão com objeto,Sem Vítimas,Pleno dia,Crescente,Céu Claro,Dupla,Declive;Reta,Sim,2,0,0,0,1,1,0,2,-27.00196618,-52.64485359,SPRF-SC,DEL07-SC,UOP01-DEL07-SC,2024
"576977,0",2024-01-25,quinta-feira,08:05:00,SC,116,"107,8",MONTE CASTELO,Velocidade Incompatível,Colisão lateral sentido oposto,Sem Vítimas,Pleno dia,Crescente,Nublado,Simples,Curva,Não,3,0,0,0,2,2,0,4,-26.75568818,-50.32812388,SPRF-SC,DEL06-SC,UOP02-DEL06-SC,2024
"577001,0",2024-01-25,quinta-feira,14:20:00,SC,470,"66,5",INDAIAL,Velocidade Incompatível,Tombamento,Com Vítimas Feridas,Pleno dia,Decrescente,Céu Claro,Simples,Retorno Regulamentado;Rotatória,Sim,4,0,1,0,1,2,1,4,-26.872158,-49.23127,SPRF-SC,DEL04-SC,UOP01-DEL04-SC,2024
"577017,0",2024-01-25,quinta-feira,10:50:00,SC,280,"22,9",ARAQUARI,Condutor deixou de manter distância do veículo da frente,Colisão lateral mesmo sentido,Sem Vítimas,Pleno dia,Decrescente,Nublado,Simples,Rotatória,Sim,2,0,0,0,2,0,0,2,-26.37092616,-48.70204099,SPRF-SC,DEL03-SC,UOP03-DEL03-SC,2024
"577035,0",2024-01-25,quinta-feira,15:20:00,SC,163,"74,0",SAO MIGUEL DO OESTE,Reação tardia ou ineficiente do condutor,Saída de leito carroçável,Com Vítimas Feridas,Pleno dia,Crescente,Céu Claro,Simples,Curva;Declive,Não,2,0,1,0,0,1,1,2,-26.70200479,-53.51350653,SPRF-SC,DEL07-SC,UOP03-DEL07-SC,2024
"577040,0",2024-01-25,quinta-feira,16:45:00,SC,101,"39,0",JOINVILLE,Manobra de mudança de faixa,Colisão lateral mesmo sentido,Com Vítimas Feridas,Pleno dia,Decrescente,Céu Claro,Simples,Reta,Sim,3,0,1,0,1,1,1,3,-26.30774903,-48.87915664,SPRF-SC,DEL03-SC,UOP01-DEL03-SC,2024
"577074,0",2024-01-25,quinta-feira,19:00:00,SC,153,"58,7",IRANI,Desrespeitar a preferência no cruzamento,Colisão transversal,Com Vítimas Feridas,Anoitecer,Crescente,Céu Claro,Simples,Rotatória,Não,4,0,1,0,2,1,1,3,-26.97134359,-51.85443878,SPRF-SC,DEL07-SC,UOP04-DEL07-SC,2024
"577113,0",2024-01-26,sexta-feira,03:15:00,SC,101,"121,0",ITAJAI,Reação tardia ou ineficiente do condutor,Colisão traseira,Com Vítimas Feridas,Plena Noite,Crescente,Chuva,Múltipla,Reta,Sim,4,0,1,2,1,0,3,2,-26.92103178,-48.70856446,SPRF-SC,DEL04-SC,UOP04-DEL04-SC,2024
"577118,0",2024-01-26,sexta-feira,00:45:00,SC,101,"93,0",BALNEARIO PICARRAS,Condutor Dormindo,Colisão com objeto,Com Vítimas Feridas,Plena Noite,Crescente,Céu Claro,Dupla,Curva,Não,1,0,1,0,0,0,1,1,-26.6899011,-48.69663873,SPRF-SC,DEL03-SC,UOP02-DEL03-SC,2024
"577376,0",2024-01-27,sábado,07:15:00,SC,282,"496,2",XANXERE,Velocidade Incompatível,Colisão transversal,Com Vítimas Feridas,Pleno dia,Decrescente,Céu Claro,Simples,Reta,Não,3,0,0,1,1,1,1,3,-26.87675019,-52.3307525,SPRF-SC,DEL07-SC,UOP01-DEL07-SC,2024
"577388,0",2024-01-27,sábado,11:30:00,SC,101,"126,0",ITAJAI,Manobra de mudança de faixa,Colisão lateral mesmo sentido,Com Vítimas Feridas,Pleno dia,Crescente,Nublado,Dupla,Curva,Não,5,0,0,1,3,2,1,5,-26.95564404,-48.67978366,SPRF-SC,DEL04-SC,UOP04-DEL04-SC,2024
"577404,0",2024-01-27,sábado,14:30:00,SC,101,"333,0",TUBARAO,Acessar a via sem observar a presença dos outros veículos,Colisão transversal,Com Vítimas Feridas,Pleno dia,Decrescente,Céu Claro,Dupla,Interseção de Vias;Reta,Sim,4,0,1,0,3,0,1,2,-28.46630107,-48.99653096,SPRF-SC,DEL02-SC,UOP01-DEL02-SC,2024
"577432,0",2024-01-27,sábado,09:30:00,SC,280,"305,7",PORTO UNIAO,Conversão proibida,Colisão traseira,Com Vítimas Feridas,Pleno dia,Decrescente,Céu Claro,Simples,Reta,Sim,2,0,1,0,1,0,1,2,-26.26625102,-51.05981502,SPRF-SC,DEL06-SC,UOP04-DEL06-SC,2024
"577605,0",2024-01-28,domingo,14:50:00,SC,282,"491,6",FAXINAL DOS GUEDES,Transitar na contramão,Colisão frontal,Com Vítimas Feridas,Pleno dia,Decrescente,Sol,Simples,Reta,Não,3,0,0,1,1,1,1,3,-26.874599,-52.282806,SPRF-SC,DEL07-SC,UOP01-DEL07-SC,2024
"577636,0",2024-01-28,domingo,17:20:00,SC,282,"509,3",XANXERE,Ingestão de álcool pelo condutor,Colisão transversal,Sem Vítimas,Pleno dia,Crescente,Céu Claro,Simples,Reta,Não,2,0,0,0,2,0,0,2,-26.890533,-52.457096,SPRF-SC,DEL07-SC,UOP01-DEL07-SC,2024
"577674,0",2024-01-28,domingo,16:10:00,SC,282,"507,0",XANXERE,Ingestão de álcool pelo condutor,Derramamento de carga,Sem Vítimas,Pleno dia,Decrescente,Sol,Dupla,Reta,Sim,2,0,0,0,1,2,0,3,-26.886171,-52.43911,SPRF-SC,DEL07-SC,UOP01-DEL07-SC,2024
"577711,0",2024-01-28,domingo,22:20:00,SC,101,"400,9",MARACAJA,Reação tardia ou ineficiente do condutor,Colisão traseira,Com Vítimas Feridas,Plena Noite,Decrescente,Céu Claro,Múltipla,Reta,Não,5,0,1,0,4,0,1,2,-28.84846615,-49.4346268,SPRF-SC,DEL02-SC,UOP02-DEL02-SC,2024
"577835,0",2024-01-29,segunda-feira,13:20:00,SC,163,"116,0",GUARUJA DO SUL,Retorno proibido,Saída de leito carroçável,Com Vítimas Feridas,Pleno dia,Crescente,Céu Claro,Simples,Aclive;Reta,Não,3,0,1,0,1,3,1,5,-26.35946595,-53.53565788,SPRF-SC,DEL07-SC,UOP03-DEL07-SC,2024
"577911,0",2024-01-29,segunda-feira,23:15:00,SC,470,"4,0",NAVEGANTES,Acessar a via sem observar a presença dos outros veículos,Colisão lateral mesmo sentido,Com Vítimas Feridas,Plena Noite,Decrescente,Céu Claro,Dupla,Rotatória,Não,3,0,0,1,1,1,1,3,-26.861937,-48.681618,SPRF-SC,DEL04-SC,UOP04-DEL04-SC,2024
"577921,0",2024-01-30,terça-feira,04:15:00,SC,101,"38,5",JOINVILLE,Velocidade Incompatível,Colisão traseira,Com Vítimas Feridas,Plena Noite,Crescente,Céu Claro,Dupla,Em Obras;Viaduto;Reta,Sim,5,0,4,0,1,0,4,2,-26.25472505,-48.90561309,SPRF-SC,DEL03-SC,UOP01-DEL03-SC,2024
"577953,0",2024-01-30,terça-feira,08:15:00,SC,282,"64,2",RANCHO QUEIMADO,Ultrapassagem Indevida,Colisão frontal,Com Vítimas Fatais,Pleno dia,Decrescente,Céu Claro,Simples,Declive;Curva,Não,4,1,0,1,1,1,1,3,-27.696963,-49.054121,SPRF-SC,DEL01-SC,UOP03-DEL01-SC,2024
"577975,0",2024-01-30,terça-feira,09:00:00,SC,116,"247,9",LAGES,Acessar a via sem observar a presença dos outros veículos,Colisão transversal,Com Vítimas Feridas,Pleno dia,Crescente,Céu Claro,Simples,Interseção de Vias,Sim,4,0,1,1,1,2,2,4,-27.81262488,-50.36859817,SPRF-SC,DEL05-SC,UOP02-DEL05-SC,2024
"578001,0",2024-01-30,terça-feira,10:00:00,SC,101,"294,0",IMBITUBA,Ausência de reação do condutor,Colisão traseira,Sem Vítimas,Pleno dia,Crescente,Sol,Dupla,Reta;Aclive,Não,4,0,0,0,4,0,0,4,-28.29220304,-48.71018095,SPRF-SC,DEL02-SC,UOP03-DEL02-SC,2024
"578016,0",2024-01-30,terça-feira,12:30:00,SC,101,"295,0",IMBITUBA,Ausência de reação do condutor,Colisão traseira,Com Vítimas Feridas,Pleno dia,Crescente,Céu Claro,Dupla,Viaduto,Sim,4,0,1,0,2,1,1,3,-28.29854333,-48.71633767,SPRF-SC,DEL02-SC,UOP03-DEL02-SC,2024
"578019,0",2024-01-30,terça-feira,10:51:00,SC,480,"123,7",CHAPECO,Manobra de mudança de faixa,Colisão com objeto,Sem Vítimas,Pleno dia,Decrescente,Sol,Dupla,Aclive;Reta,Sim,2,0,0,0,1,1,0,2,-27.00173676,-52.64475703,SPRF-SC,DEL07-SC,UOP01-DEL07-SC,2024
"578045,0",2024-01-30,terça-feira,16:50:00,SC,282,"47,5",AGUAS MORNAS,Problema com o freio,Saída de leito carroçável,Sem Vítimas,Pleno dia,Decrescente,Céu Claro,Simples,Curva;Declive,Não,1,0,0,0,1,0,0,1,-27.721771,-48.934837,SPRF-SC,DEL01-SC,UOP03-DEL01-SC,2024
"578110,0",2024-01-31,quarta-feira,00:30:00,SC,101,"209,8",SAO JOSE,Pedestre andava na pista,Atropelamento de Pedestre,Com Vítimas Fatais,Plena Noite,Crescente,Nublado,Múltipla,Reta,Sim,4,1,0,0,1,2,0,3,-27.6166068,-48.6455902,SPRF-SC,DEL01-SC,UOP01-DEL01-SC,2024
"578182,0",2024-01-31,quarta-feira,13:15:00,SC,101,"142,0",BALNEARIO CAMBORIU,Condutor deixou de manter distância do veículo da frente,Colisão traseira,Com Vítimas Feridas,Pleno dia,Crescente,Céu Claro,Dupla,Reta;Declive,Sim,5,0,1,1,3,0,2,4,-27.056089,-48.599449,SPRF-SC,DEL04-SC,UOP03-DEL04-SC,2024
"578194,0",2024-01-31,quarta-feira,09:20:00,SC,282,"423,3",VARGEM BONITA,Velocidade Incompatível,Tombamento,Com Vítimas Feridas,Pleno dia,Decrescente,Céu Claro,Simples,Curva;Declive,Não,2,0,0,1,0,1,1,2,-26.99556,-51.752289,SPRF-SC,DEL07-SC,UOP05-DEL07-SC,2024
"578234,0",2024-01-31,quarta-feira,14:50:00,SC,280,"129,0",RIO NEGRINHO,Ausência de reação do condutor,Colisão transversal,Com Vítimas Feridas,Pleno dia,Decrescente,Céu Claro,Simples,Reta;Interseção de Vias,Sim,2,0,1,0,0,1,1,2,-26.24586437,-49.52284615,SPRF-SC,DEL06-SC,UOP03-DEL06-SC,2024
"578244,0",2024-01-31,quarta-feira,20:00:00,SC,101,"13,0",GARUVA,Demais falhas mecânicas ou elétricas,Incêndio,Sem Vítimas,Plena Noite,Crescente,Nublado,Dupla,Reta;Declive,Não,2,0,0,0,1,1,0,2,-26.08986803,-48.86345096,SPRF-SC,DEL03-SC,UOP01-DEL03-SC,2024
"578270,0",2024-01-31,quarta-feira,23:30:00,SC,101,"57,3",ARAQUARI,Reação tardia ou ineficiente do condutor,Tombamento,Com Vítimas Feridas,Plena Noite,Decrescente,Nublado,Dupla,Curva,Não,2,0,1,0,0,1,1,2,-26.43802986,-48.8039732,SPRF-SC,DEL03-SC,UOP01-DEL03-SC,2024
"578321,0",2024-02-01,quinta-feira,07:35:00,SC,101,"116,0",ITAJAI,Condutor deixou de manter distância do veículo da frente,Colisão lateral mesmo sentido,Com Vítimas Feridas,Pleno dia,Crescente,Céu Claro,Simples,Reta,Sim,4,0,2,0,1,2,2,5,-26.87905605,-48.72603512,SPRF-SC,DEL04-SC,UOP04-DEL04-SC,2024
"578353,0",2024-02-01,quinta-feira,07:30:00,SC,282,"434,0",IRANI,Desrespeitar a preferência no cruzamento,Colisão transversal,Com Vítimas Feridas,Pleno dia,Crescente,Céu Claro,Simples,Interseção de Vias,Não,3,0,0,1,1,3,1,5,-26.96930688,-51.85425639,SPRF-SC,DEL07-SC,UOP04-DEL07-SC,2024
"578367,0",2024-02-01,quinta-feira,07:35:00,SC,480,"128,7",CHAPECO,Ausência de reação do condutor,Colisão traseira,Com Vítimas Feridas,Pleno dia,Crescente,Céu Claro,Simples,Interseção de Vias,Sim,2,0,1,0,1,0,1,2,-27.03781899,-52.63432603,SPRF-SC,DEL07-SC,UOP01-DEL07-SC,2024