id,data_inversa,dia_semana,horario,uf,br,km,municipio,causa_acidente,tipo_acidente,classificacao_acidente,fase_dia,sentido_via,condicao_metereologica,tipo_pista,tracado_via,uso_solo,pessoas,mortos,feridos_leves,feridos_graves,ilesos,ignorados,feridos,veiculos,latitude,longitude,regional,delegacia,uop,ano_arquivo
"578386,0",2024-02-01,quinta-feira,16:45:00,SC,101,"7,0",GARUVA,Entrada inopinada do pedestre,Eventos atípicos,Com Vítimas Feridas,Pleno dia,Crescente,Nublado,Dupla,Reta,Não,3,0,0,1,0,2,1,2,-26.03593,-48.860302,SPRF-SC,DEL03-SC,UOP01-DEL03-SC,2024
"578499,0",2024-02-01,quinta-feira,04:45:00,SC,153,"0,6",AGUA DOCE,Reação tardia ou ineficiente do condutor,Saída de leito carroçável,Com Vítimas Feridas,Plena Noite,Crescente,Céu Claro,Dupla,Curva,Não,1,0,1,0,0,0,1,1,-26.61054,-51.485115,SPRF-SC,DEL07-SC,UOP07-DEL07-SC,2024
"578522,0",2024-02-02,sexta-feira,09:20:00,SC,101,"236,0",PALHOCA,Velocidade Incompatível,Tombamento,Com Vítimas Feridas,Pleno dia,Decrescente,Céu Claro,Simples,Retorno Regulamentado;Curva,Não,2,0,1,0,0,1,1,2,-27.82686935,-48.62967622,SPRF-SC,DEL01-SC,UOP02-DEL01-SC,2024
"578583,0",2024-02-02,sexta-feira,17:00:00,SC,101,"115,9",ITAJAI,Manobra de mudança de faixa,Colisão lateral mesmo sentido,Com Vítimas Feridas,Pleno dia,Decrescente,Céu Claro,Múltipla,Reta,Não,2,0,1,0,0,1,1,2,-26.87905605,-48.72603512,SPRF-SC,DEL04-SC,UOP04-DEL04-SC,2024
"578644,0",2024-02-02,sexta-feira,18:30:00,SC,101,"56,5",ARAQUARI,Pedestre - Ingestão de álcool/ substâncias psicoativas,Colisão traseira,Com Vítimas Feridas,Plena Noite,Decrescente,Céu Claro,Dupla,Reta,Não,3,0,1,0,1,2,1,4,-26.43207484,-48.82263984,SPRF-SC,DEL03-SC,UOP01-DEL03-SC,2024
"578679,0",2024-02-03,sábado,02:30:00,SC,282,"669,9",PARAISO,Ingestão de álcool pelo condutor,Colisão lateral sentido oposto,Sem Vítimas,Plena Noite,Crescente,Céu Claro,Simples,Reta,Não,2,0,0,0,1,1,0,2,-26.637705,-53.634178,SPRF-SC,DEL07-SC,UOP03-DEL07-SC,2024
"578680,0",2024-02-03,sábado,02:30:00,SC,101,"81,2",BARRA VELHA,Manobra de mudança de faixa,Colisão lateral mesmo sentido,Com Vítimas Fatais,Plena Noite,Crescente,Céu Claro,Dupla,Reta;Declive,Não,7,1,1,0,1,4,1,4,-26.6073,-48.724333,SPRF-SC,DEL03-SC,UOP02-DEL03-SC,2024
"578786,0",2024-02-03,sábado,17:20:00,SC,101,"237,9",PALHOCA,Suicídio (presumido),Colisão com objeto,Com Vítimas Fatais,Pleno dia,Crescente,Céu Claro,Múltipla,Reta,Não,4,1,0,0,1,2,0,4,-27.8438031,-48.6355409,SPRF-SC,DEL01-SC,UOP02-DEL01-SC,2024
"579034,0",2024-02-04,domingo,20:20:00,SC,101,"81,0",BARRA VELHA,Condutor deixou de manter distância do veículo da frente,Colisão traseira,Com Vítimas Feridas,Plena Noite,Decrescente,Céu Claro,Múltipla,Aclive,Não,6,0,2,0,3,2,2,6,-26.60256101,-48.72553524,SPRF-SC,DEL03-SC,UOP02-DEL03-SC,2024
"579037,0",2024-02-04,domingo,19:50:00,SC,116,"169,8",PONTE ALTA DO NORTE,Manobra de mudança de faixa,Colisão frontal,Com Vítimas Fatais,Plena Noite,Decrescente,Garoa/Chuvisco,Simples,Curva,Não,6,1,1,1,2,2,2,5,-27.190528,-50.4636833,SPRF-SC,DEL05-SC,UOP03-DEL05-SC,2024
"579150,0",2024-02-05,segunda-feira,10:00:00,SC,101,"122,0",ITAJAI,Trafegar com motocicleta (ou similar) entre as faixas,Colisão traseira,Com Vítimas Feridas,Pleno dia,Decrescente,Céu Claro,Múltipla,Reta,Sim,3,0,0,1,1,1,1,3,-26.92955916,-48.70499836,SPRF-SC,DEL04-SC,UOP04-DEL04-SC,2024
"579195,0",2024-02-05,segunda-feira,14:15:00,SC,470,"90,0",ASCURRA,Condutor Dormindo,Colisão frontal,Com Vítimas Feridas,Pleno dia,Crescente,Céu Claro,Simples,Reta;Em Obras,Não,4,0,2,0,1,1,2,3,-26.969337,-49.367718,SPRF-SC,DEL04-SC,UOP01-DEL04-SC,2024
"579279,0",2024-02-05,segunda-feira,20:22:00,SC,116,"166,4",PONTE ALTA DO NORTE,Reação tardia ou ineficiente do condutor,Tombamento,Com Vítimas Feridas,Plena Noite,Decrescente,Céu Claro,Simples,Interseção de Vias;Curva,Sim,1,0,1,0,0,0,1,1,-27.16174113,-50.46682477,SPRF-SC,DEL05-SC,UOP03-DEL05-SC,2024
"579282,0",2024-02-05,segunda-feira,16:00:00,SC,153,"46,0",VARGEM BONITA,Ausência de reação do condutor,Tombamento,Com Vítimas Feridas,Pleno dia,Decrescente,Céu Claro,Simples,Declive;Reta,Não,2,0,0,1,0,1,1,2,-26.890306,-51.763412,SPRF-SC,DEL07-SC,UOP07-DEL07-SC,2024
"579293,0",2024-02-06,terça-feira,01:30:00,SC,470,"50,7",BLUMENAU,Velocidade Incompatível,Saída de leito carroçável,Com Vítimas Feridas,Plena Noite,Crescente,Céu Claro,Simples,Viaduto;Curva,Não,2,0,1,0,0,1,1,2,-26.86102183,-49.08176422,SPRF-SC,DEL04-SC,UOP01-DEL04-SC,2024
"579297,0",2024-02-06,terça-feira,01:30:00,SC,470,"356,2",CAMPOS NOVOS,Ausência de reação do condutor,Tombamento,Com Vítimas Feridas,Plena Noite,Decrescente,Céu Claro,Simples,Curva,Não,1,0,0,1,0,0,1,1,-27.596577,-51.473782,SPRF-SC,DEL07-SC,UOP06-DEL07-SC,2024
"579324,0",2024-02-06,terça-feira,07:05:00,SC,282,"402,0",JOACABA,Ausência de reação do condutor,Colisão frontal,Com Vítimas Feridas,Pleno dia,Decrescente,Céu Claro,Simples,Curva,Não,2,0,0,1,1,0,1,2,-27.115656,-51.631065,SPRF-SC,DEL07-SC,UOP05-DEL07-SC,2024
"579354,0",2024-02-06,terça-feira,08:25:00,SC,101,"46,4",JOINVILLE,Trafegar com motocicleta (ou similar) entre as faixas,Colisão lateral mesmo sentido,Com Vítimas Feridas,Pleno dia,Decrescente,Sol,Dupla,Reta,Sim,3,0,1,0,1,1,1,3,-26.33150083,-48.86187762,SPRF-SC,DEL03-SC,UOP01-DEL03-SC,2024
"579368,0",2024-02-06,terça-feira,12:45:00,SC,282,"599,0",CUNHA PORA,Demais falhas na via,Colisão lateral mesmo sentido,Com Vítimas Feridas,Pleno dia,Crescente,Sol,Simples,Aclive;Reta,Não,4,0,1,0,2,1,1,3,-26.820206,-53.155052,SPRF-SC,DEL07-SC,UOP02-DEL07-SC,2024
"579443,0",2024-02-06,terça-feira,18:34:00,SC,101,"335,9",TUBARAO,Condutor deixou de manter distância do veículo da frente,Colisão traseira,Sem Vítimas,Anoitecer,Crescente,Garoa/Chuvisco,Dupla,Reta,Sim,2,0,0,0,2,0,0,2,-28.46927473,-49.01557908,SPRF-SC,DEL02-SC,UOP01-DEL02-SC,2024
"579468,0",2024-02-06,terça-feira,16:30:00,SC,116,"58,0",PAPANDUVA,Acessar a via sem observar a presença dos outros veículos,Colisão transversal,Com Vítimas Feridas,Pleno dia,Decrescente,Sol,Simples,Retorno Regulamentado,Não,2,0,1,0,1,0,1,2,-26.37763463,-50.19755176,SPRF-SC,DEL06-SC,UOP02-DEL06-SC,2024
"579503,0",2024-02-07,quarta-feira,05:45:00,SC,282,"346,2",CAMPOS NOVOS,Ausência de reação do condutor,Colisão frontal,Com Vítimas Feridas,Amanhecer,Decrescente,Céu Claro,Simples,Curva;Aclive,Não,3,0,0,1,1,1,1,3,-27.390287,-51.223286,SPRF-SC,DEL07-SC,UOP06-DEL07-SC,2024
"579511,0",2024-02-07,quarta-feira,03:30:00,SC,280,"101,4",SAO BENTO DO SUL,Reação tardia ou ineficiente do condutor,Tombamento,Com Vítimas Fatais,Plena Noite,Decrescente,Céu Claro,Simples,Curva;Declive,Não,2,1,0,0,0,2,0,3,-26.36307266,-49.34030771,SPRF-SC,DEL06-SC,UOP03-DEL06-SC,2024
"579544,0",2024-02-07,quarta-feira,10:20:00,SC,101,"184,9",BIGUACU,Acessar a via sem observar a presença dos outros veículos,Colisão lateral mesmo sentido,Com Vítimas Feridas,Pleno dia,Decrescente,Sol,Múltipla,Reta,Não,5,0,2,0,2,1,2,4,-27.42536698,-48.62465876,SPRF-SC,DEL01-SC,UOP01-DEL01-SC,2024
"579606,0",2024-02-07,quarta-feira,09:00:00,SC,282,"525,0",XAXIM,Manobra de mudança de faixa,Saída de leito carroçável,Sem Vítimas,Pleno dia,Crescente,Céu Claro,Simples,Curva,Não,5,0,0,0,4,2,0,5,-26.965441,-52.566383,SPRF-SC,DEL07-SC,UOP01-DEL07-SC,2024
"579615,0",2024-02-07,quarta-feira,17:00:00,SC,101,"202,0",SAO JOSE,Manobra de mudança de faixa,Colisão lateral mesmo sentido,Sem Vítimas,Pleno dia,Decrescente,Céu Claro,Múltipla,Reta,Sim,2,0,0,0,2,0,0,2,-27.55711595,-48.61897889,SPRF-SC,DEL01-SC,UOP01-DEL01-SC,2024
"579636,0",2024-02-07,quarta-feira,17:50:00,SC,282,"510,0",XANXERE,Acessar a via sem observar a presença dos outros veículos,Colisão lateral mesmo sentido,Com Vítimas Feridas,Pleno dia,Decrescente,Nublado,Simples,Reta,Não,4,0,0,1,1,2,1,4,-26.897114,-52.463585,SPRF-SC,DEL07-SC,UOP01-DEL07-SC,2024
"579650,0",2024-02-07,quarta-feira,19:00:00,SC,480,"125,0",CHAPECO,Acessar a via sem observar a presença dos outros veículos,Colisão transversal,Com Vítimas Feridas,Anoitecer,Crescente,Céu Claro,Simples,Viaduto,Sim,2,0,1,0,1,0,1,2,-27.01164515,-52.63953123,SPRF-SC,DEL07-SC,UOP01-DEL07-SC,2024
"579655,0",2024-02-07,quarta-feira,20:15:00,SC,470,"62,1",INDAIAL,Pedestre andava na pista,Atropelamento de Pedestre,Com Vítimas Fatais,Plena Noite,Crescente,Nublado,Simples,Aclive;Curva,Não,3,1,0,0,1,1,0,3,-26.87443993,-49.18635964,SPRF-SC,DEL04-SC,UOP01-DEL04-SC,2024
"579727,0",2024-02-08,quinta-feira,07:40:00,SC,280,"56,4",GUARAMIRIM,Ultrapassagem Indevida,Colisão frontal,Com Vítimas Feridas,Pleno dia,Crescente,Céu Claro,Simples,Reta;Em Obras,Não,3,0,0,1,2,0,1,3,-26.47947677,-49.00298702,SPRF-SC,DEL03-SC,UOP03-DEL03-SC,2024
"579763,0",2024-01-11,quinta-feira,17:00:00,SC,101,"130,0",BALNEARIO CAMBORIU,Trafegar com motocicleta (ou similar) entre as faixas,Colisão lateral mesmo sentido,Com Vítimas Feridas,Pleno dia,Decrescente,Chuva,Dupla,Reta,Sim,3,0,1,0,2,0,1,3,-26.98407618,-48.66977107,SPRF-SC,DEL04-SC,UOP03-DEL04-SC,2024
"579779,0",2024-02-08,quinta-feira,12:00:00,SC,101,"148,0",ITAPEMA,Ultrapassagem Indevida,Colisão lateral mesmo sentido,Com Vítimas Feridas,Pleno dia,Crescente,Céu Claro,Dupla,Retorno Regulamentado,Sim,2,0,0,1,1,0,1,2,-27.10123686,-48.61807962,SPRF-SC,DEL04-SC,UOP03-DEL04-SC,2024
"579821,0",2024-02-08,quinta-feira,13:40:00,SC,153,"60,1",IRANI,Demais falhas mecânicas ou elétricas,Colisão com objeto,Com Vítimas Feridas,Pleno dia,Decrescente,Nublado,Simples,Reta,Não,2,0,1,0,1,0,1,2,-26.97267,-51.858185,SPRF-SC,DEL07-SC,UOP04-DEL07-SC,2024
"579830,0",2024-02-08,quinta-feira,17:00:00,SC,101,"194,7",BIGUACU,Ausência de reação do condutor,Colisão traseira,Sem Vítimas,Pleno dia,Crescente,Céu Claro,Dupla,Reta,Sim,2,0,0,0,2,0,0,2,-27.49815117,-48.65661236,SPRF-SC,DEL01-SC,UOP01-DEL01-SC,2024
"579837,0",2024-02-08,quinta-feira,13:45:00,SC,282,"636,5",DESCANSO,Reação tardia ou ineficiente do condutor,Saída de leito carroçável,Com Vítimas Fatais,Pleno dia,Decrescente,Nublado,Simples,Reta;Declive,Não,2,1,0,0,1,0,0,1,-26.80928698,-53.43977451,SPRF-SC,DEL07-SC,UOP03-DEL07-SC,2024
"579875,0",2024-02-08,quinta-feira,19:58:00,SC,282,"212,0",LAGES,Transitar na contramão,Colisão frontal,Com Vítimas Feridas,Plena Noite,Crescente,Chuva,Simples,Reta,Não,2,0,1,0,1,0,1,2,-27.782257,-50.251381,SPRF-SC,DEL05-SC,UOP01-DEL05-SC,2024
"579905,0",2024-02-08,quinta-feira,23:30:00,SC,116,"236,9",CORREIA PINTO,Pedestre andava na pista,Atropelamento de Pedestre,Com Vítimas Fatais,Plena Noite,Decrescente,Garoa/Chuvisco,Simples,Reta;Interseção de Vias,Não,5,1,0,0,1,3,0,2,-27.72090493,-50.33607643,SPRF-SC,DEL05-SC,UOP01-DEL05-SC,2024
"580081,0",2024-02-02,sexta-feira,10:34:00,SC,101,"212,6",PALHOCA,Manobra de mudança de faixa,Colisão lateral mesmo sentido,Sem Vítimas,Pleno dia,Crescente,Céu Claro,Dupla,Reta,Sim,3,0,0,0,3,0,0,3,-27.62996929,-48.65903871,SPRF-SC,DEL01-SC,UOP02-DEL01-SC,2024
"580113,0",2024-02-09,sexta-feira,20:12:00,SC,101,"441,5",SANTA ROSA DO SUL,Estacionar ou parar em local proibido,Colisão traseira,Com Vítimas Feridas,Plena Noite,Crescente,Céu Claro,Múltipla,Reta;Declive;Interseção de Vias,Não,2,0,0,1,1,0,1,2,-29.131307,-49.693191,SPRF-SC,DEL02-SC,UOP02-DEL02-SC,2024
"580180,0",2024-02-10,sábado,05:10:00,SC,101,"198,4",SAO JOSE,Ausência de reação do condutor,Colisão lateral mesmo sentido,Com Vítimas Fatais,Amanhecer,Decrescente,Céu Claro,Múltipla,Reta,Sim,2,1,0,0,1,0,0,2,-27.5300902,-48.6325387,SPRF-SC,DEL01-SC,UOP01-DEL01-SC,2024
"580201,0",2024-02-10,sábado,06:50:00,SC,116,"5,0",MAFRA,Acesso irregular,Colisão transversal,Com Vítimas Feridas,Pleno dia,Decrescente,Céu Claro,Simples,Reta,Sim,4,0,1,1,1,1,2,4,-26.14094396,-49.81508303,SPRF-SC,DEL06-SC,UOP01-DEL06-SC,2024
"580207,0",2024-02-10,sábado,07:32:00,SC,101,"121,0",ITAJAI,Reação tardia ou ineficiente do condutor,Colisão traseira,Com Vítimas Feridas,Pleno dia,Crescente,Céu Claro,Dupla,Reta,Não,4,0,1,0,3,0,1,4,-26.92103178,-48.70856446,SPRF-SC,DEL04-SC,UOP04-DEL04-SC,2024
"580222,0",2024-02-10,sábado,09:45:00,SC,101,"209,7",SAO JOSE,Velocidade Incompatível,Colisão traseira,Com Vítimas Feridas,Pleno dia,Decrescente,Céu Claro,Múltipla,Reta,Sim,4,0,1,0,2,1,1,4,-27.61000542,-48.63895057,SPRF-SC,DEL01-SC,UOP01-DEL01-SC,2024
"580272,0",2024-02-10,sábado,14:15:00,SC,101,"164,0",TIJUCAS,Ausência de reação do condutor,Colisão traseira,Com Vítimas Feridas,Pleno dia,Decrescente,Sol,Dupla,Aclive;Ponte;Reta,Sim,2,0,1,0,1,0,1,2,-27.243868,-48.6309,SPRF-SC,DEL04-SC,UOP03-DEL04-SC,2024
"580287,0",2024-02-10,sábado,09:30:00,SC,282,"625,0",IRACEMINHA,Carga excessiva e/ou mal acondicionada,Colisão frontal,Com Vítimas Feridas,Pleno dia,Decrescente,Sol,Simples,Curva,Não,2,0,1,0,0,1,1,2,-26.800232,-53.351334,SPRF-SC,DEL07-SC,UOP02-DEL07-SC,2024
"580298,0",2024-02-10,sábado,09:20:00,SC,282,"450,6",PONTE SERRADA,Mal súbito do condutor,Saída de leito carroçável,Com Vítimas Fatais,Pleno dia,Decrescente,Céu Claro,Simples,Declive;Curva,Não,2,1,0,0,0,1,0,2,-26.920411,-51.9409027,SPRF-SC,DEL07-SC,UOP04-DEL07-SC,2024
"580393,0",2024-02-10,sábado,21:30:00,SC,101,"396,5",MARACAJA,Demais falhas mecânicas ou elétricas,Incêndio,Sem Vítimas,Plena Noite,Decrescente,Céu Claro,Dupla,Reta,Não,2,0,0,0,1,1,0,2,-28.82459572,-49.40472033,SPRF-SC,DEL02-SC,UOP02-DEL02-SC,2024
"580508,0",2024-02-11,domingo,11:45:00,SC,101,"187,7",BIGUACU,Pedestre andava na pista,Atropelamento de Pedestre,Com Vítimas Feridas,Pleno dia,Decrescente,Céu Claro,Dupla,Reta,Não,3,0,0,1,1,1,1,3,-27.44307116,-48.62848475,SPRF-SC,DEL01-SC,UOP01-DEL01-SC,2024
"580523,0",2024-02-11,domingo,12:30:00,SC,282,"535,4",CHAPECO,Desrespeitar a preferência no cruzamento,Colisão transversal,Com Vítimas Feridas,Pleno dia,Decrescente,Sol,Simples,Interseção de Vias,Sim,4,0,1,0,3,0,1,2,-26.99942338,-52.64596939,SPRF-SC,DEL07-SC,UOP01-DEL07-SC,2024
"580527,0",2024-02-05,segunda-feira,07:10:00,SC,470,"134,3",RIO DO SUL,Ausência de reação do condutor,Colisão traseira,Com Vítimas Feridas,Pleno dia,Crescente,Nublado,Simples,Reta,Sim,2,0,0,1,1,0,1,2,-27.17567694,-49.59106207,SPRF-SC,DEL04-SC,UOP02-DEL04-SC,2024
"580593,0",2024-02-11,domingo,17:40:00,SC,282,"588,0",SAUDADES,Velocidade Incompatível,Colisão lateral sentido oposto,Sem Vítimas,Pleno dia,Crescente,Sol,Simples,Curva;Aclive,Não,2,0,0,0,1,1,0,2,-26.82600479,-53.07286978,SPRF-SC,DEL07-SC,UOP02-DEL07-SC,2024
"580633,0",2024-02-11,domingo,15:50:00,SC,282,"49,0",VARGEM BONITA,Reação tardia ou ineficiente do condutor,Colisão com objeto,Sem Vítimas,Pleno dia,Crescente,Céu Claro,Simples,Em Obras;Declive;Curva,Não,2,0,0,0,1,1,0,2,-26.911786,-51.787604,SPRF-SC,DEL01-SC,UOP03-DEL01-SC,2024
"580668,0",2024-02-12,segunda-feira,03:15:00,SC,101,"192,4",BIGUACU,Condutor Dormindo,Tombamento,Com Vítimas Feridas,Plena Noite,Crescente,Céu Claro,Dupla,Curva,Não,2,0,1,1,0,0,2,1,-27.48443781,-48.64765238,SPRF-SC,DEL01-SC,UOP01-DEL01-SC,2024
"580679,0",2024-02-11,domingo,23:10:00,SC,163,"70,0",SAO MIGUEL DO OESTE,Ingestão de álcool pelo condutor,Colisão transversal,Sem Vítimas,Plena Noite,Crescente,Céu Claro,Simples,Interseção de Vias,Sim,3,0,0,0,2,1,0,3,-26.73461723,-53.50680015,SPRF-SC,DEL07-SC,UOP03-DEL07-SC,2024
"580713,0",2024-02-12,segunda-feira,07:30:00,SC,470,"70,0",INDAIAL,Demais falhas mecânicas ou elétricas,Colisão traseira,Com Vítimas Feridas,Pleno dia,Decrescente,Céu Claro,Dupla,Aclive;Reta;Em Obras;Desvio Temporário,Sim,3,0,0,1,2,0,1,2,-26.889374,-49.254478,SPRF-SC,DEL04-SC,UOP01-DEL04-SC,2024
"580715,0",2024-02-09,sexta-feira,03:40:00,SC,101,"307,7",LAGUNA,Condutor Dormindo,Colisão traseira,Com Vítimas Feridas,Plena Noite,Crescente,Céu Claro,Múltipla,Viaduto,Não,3,0,1,0,2,0,1,2,-28.39199505,-48.77826295,SPRF-SC,DEL02-SC,UOP03-DEL02-SC,2024
"580725,0",2024-02-12,segunda-feira,08:50:00,SC,280,"192,8",MAFRA,Velocidade Incompatível,Colisão traseira,Com Vítimas Feridas,Pleno dia,Crescente,Céu Claro,Simples,Aclive;Reta,Não,3,0,0,1,1,2,1,4,-26.17893079,-49.99673293,SPRF-SC,DEL06-SC,UOP01-DEL06-SC,2024
"580736,0",2024-02-12,segunda-feira,09:15:00,SC,101,"223,0",PALHOCA,Condutor deixou de manter distância do veículo da frente,Colisão traseira,Com Vítimas Feridas,Pleno dia,Decrescente,Sol,Dupla,Reta,Não,2,0,1,0,0,1,1,2,-27.71552634,-48.64881251,SPRF-SC,DEL01-SC,UOP02-DEL01-SC,2024
"580763,0",2024-02-12,segunda-feira,14:17:00,SC,280,"38,3",ARAQUARI,Ausência de reação do condutor,Engavetamento,Com Vítimas Feridas,Pleno dia,Crescente,Sol,Simples,Reta;Em Obras,Não,11,0,2,0,9,0,2,8,-26.44812855,-48.82794004,SPRF-SC,DEL03-SC,UOP03-DEL03-SC,2024
"580899,0",2024-02-13,terça-feira,10:25:00,SC,101,"41,0",JOINVILLE,Manobra de mudança de faixa,Colisão lateral mesmo sentido,Sem Vítimas,Pleno dia,Decrescente,Sol,Dupla,Reta;Aclive,Sim,3,0,0,0,2,1,0,3,-26.318977,-48.871376,SPRF-SC,DEL03-SC,UOP01-DEL03-SC,2024
"581039,0",2024-02-14,quarta-feira,02:50:00,SC,470,"54,0",BLUMENAU,Reação tardia ou ineficiente do condutor,Colisão frontal,Com Vítimas Feridas,Plena Noite,Decrescente,Chuva,Dupla,Reta,Sim,3,0,1,0,1,1,1,3,-26.871065,-49.110374,SPRF-SC,DEL04-SC,UOP01-DEL04-SC,2024
"581052,0",2024-02-14,quarta-feira,04:10:00,SC,280,"102,5",SAO BENTO DO SUL,Pista Escorregadia,Colisão com objeto,Com Vítimas Feridas,Plena Noite,Decrescente,Chuva,Simples,Curva;Declive,Não,2,0,1,0,0,1,1,2,-26.35991955,-49.34605837,SPRF-SC,DEL06-SC,UOP03-DEL06-SC,2024
"581078,0",2024-02-14,quarta-feira,08:00:00,SC,101,"23,5",JOINVILLE,Reação tardia ou ineficiente do condutor,Colisão traseira,Sem Vítimas,Pleno dia,Crescente,Chuva,Dupla,Reta,Não,4,0,0,0,3,3,0,6,-26.16582501,-48.90742427,SPRF-SC,DEL03-SC,UOP01-DEL03-SC,2024
"581128,0",2024-02-14,quarta-feira,14:10:00,SC,101,"175,0",BIGUACU,Velocidade Incompatível,Saída de leito carroçável,Com Vítimas Feridas,Pleno dia,Decrescente,Garoa/Chuvisco,Simples,Curva,Não,2,0,2,0,0,0,2,1,-27.33963303,-48.62734885,SPRF-SC,DEL01-SC,UOP01-DEL01-SC,2024
"581135,0",2024-02-14,quarta-feira,15:25:00,SC,101,"115,0",ITAJAI,Trafegar com motocicleta (ou similar) entre as faixas,Colisão traseira,Com Vítimas Feridas,Pleno dia,Decrescente,Nublado,Múltipla,Reta,Não,4,0,1,0,3,0,1,4,-26.87064015,-48.72954134,SPRF-SC,DEL04-SC,UOP04-DEL04-SC,2024
"581154,0",2024-02-14,quarta-feira,15:30:00,SC,280,"128,6",RIO NEGRINHO,Condutor deixou de manter distância do veículo da frente,Engavetamento,Com Vítimas Feridas,Pleno dia,Decrescente,Garoa/Chuvisco,Simples,Reta,Sim,6,0,3,0,2,1,3,6,-26.24317941,-49.51320018,SPRF-SC,DEL06-SC,UOP03-DEL06-SC,2024
"581171,0",2024-02-14,quarta-feira,18:30:00,SC,101,"121,0",ITAJAI,Reação tardia ou ineficiente do condutor,Engavetamento,Com Vítimas Feridas,Pleno dia,Decrescente,Nublado,Múltipla,Reta,Não,6,0,0,1,5,0,1,5,-26.92103178,-48.70856446,SPRF-SC,DEL04-SC,UOP04-DEL04-SC,2024
"581206,0",2024-02-14,quarta-feira,16:10:00,SC,282,"64,2",RANCHO QUEIMADO,Velocidade Incompatível,Colisão frontal,Com Vítimas Fatais,Pleno dia,Crescente,Chuva,Simples,Curva;Aclive,Não,3,1,0,0,1,1,0,3,-27.6972083,-49.0548425,SPRF-SC,DEL01-SC,UOP03-DEL01-SC,2024
"581267,0",2024-02-15,quinta-feira,08:35:00,SC,101,"114,3",ITAJAI,Ausência de reação do condutor,Colisão lateral mesmo sentido,Com Vítimas Feridas,Pleno dia,Decrescente,Nublado,Dupla,Reta,Não,4,0,1,0,2,1,1,3,-26.86192886,-48.7286704,SPRF-SC,DEL04-SC,UOP04-DEL04-SC,2024
"581299,0",2024-02-15,quinta-feira,09:40:00,SC,101,"94,5",BARRA VELHA,Desrespeitar a preferência no cruzamento,Colisão transversal,Com Vítimas Feridas,Pleno dia,Decrescente,Céu Claro,Simples,Interseção de Vias;Viaduto,Sim,3,0,0,1,2,0,1,3,-26.69940401,-48.69902784,SPRF-SC,DEL03-SC,UOP02-DEL03-SC,2024
"581302,0",2024-02-15,quinta-feira,13:45:00,SC,153,"97,0",CONCORDIA,Acessar a via sem observar a presença dos outros veículos,Colisão transversal,Com Vítimas Feridas,Pleno dia,Crescente,Chuva,Simples,Rotatória,Sim,2,0,1,0,1,0,1,2,-27.22456262,-51.95003271,SPRF-SC,DEL07-SC,UOP04-DEL07-SC,2024
"581330,0",2024-02-15,quinta-feira,06:30:00,SC,282,"73,1",RANCHO QUEIMADO,Reação tardia ou ineficiente do condutor,Tombamento,Com Vítimas Feridas,Pleno dia,Decrescente,Nublado,Simples,Reta,Não,1,0,1,0,0,0,1,1,-27.681437,-49.113388,SPRF-SC,DEL01-SC,UOP03-DEL01-SC,2024
"581413,0",2024-02-15,quinta-feira,16:55:00,SC,101,"396,0",MARACAJA,Ausência de reação do condutor,Colisão traseira,Com Vítimas Feridas,Pleno dia,Crescente,Céu Claro,Múltipla,Aclive,Não,2,0,0,1,1,0,1,2,-28.82459572,-49.40472033,SPRF-SC,DEL02-SC,UOP02-DEL02-SC,2024
"581421,0",2024-02-16,sexta-feira,06:00:00,SC,153,"92,7",CONCORDIA,Transitar na contramão,Colisão lateral sentido oposto,Com Vítimas Feridas,Amanhecer,Crescente,Nublado,Simples,Reta,Não,2,0,1,0,1,0,1,2,-27.185669,-51.931538,SPRF-SC,DEL07-SC,UOP04-DEL07-SC,2024
"581468,0",2024-02-16,sexta-feira,12:45:00,SC,101,"50,4",JOINVILLE,Demais falhas mecânicas ou elétricas,Colisão com objeto,Com Vítimas Feridas,Pleno dia,Crescente,Nublado,Dupla,Reta,Não,4,0,1,0,3,0,1,4,-26.380125,-48.851591,SPRF-SC,DEL03-SC,UOP01-DEL03-SC,2024
"581511,0",2024-02-16,sexta-feira,15:20:00,SC,470,"163,0",POUSO REDONDO,Acessar a via sem observar a presença dos outros veículos,Colisão traseira,Com Vítimas Feridas,Pleno dia,Crescente,Chuva,Simples,Reta,Não,4,0,2,0,2,0,2,2,-27.27660362,-49.85046744,SPRF-SC,DEL04-SC,UOP02-DEL04-SC,2024
"581612,0",2024-02-17,sábado,05:50:00,SC,101,"219,7",PALHOCA,Reação tardia ou ineficiente do condutor,Colisão lateral mesmo sentido,Com Vítimas Feridas,Amanhecer,Decrescente,Nublado,Múltipla,Reta,Não,3,0,0,1,1,2,1,4,-27.68392194,-48.66710085,SPRF-SC,DEL01-SC,UOP02-DEL01-SC,2024
"581624,0",2024-02-17,sábado,05:30:00,SC,280,"146,0",MAFRA,Velocidade Incompatível,Colisão frontal,Com Vítimas Feridas,Plena Noite,Crescente,Chuva,Simples,Curva;Declive,Não,2,0,0,1,1,0,1,2,-26.25487301,-49.66127724,SPRF-SC,DEL06-SC,UOP03-DEL06-SC,2024
"581645,0",2024-02-15,quinta-feira,09:30:00,SC,282,"617,0",IRACEMINHA,Chuva,Colisão lateral sentido oposto,Com Vítimas Feridas,Pleno dia,Decrescente,Chuva,Simples,Curva,Não,3,0,1,0,1,4,1,6,-26.782682,-53.285789,SPRF-SC,DEL07-SC,UOP02-DEL07-SC,2024