id,data_inversa,dia_semana,horario,uf,br,km,municipio,causa_acidente,tipo_acidente,classificacao_acidente,fase_dia,sentido_via,condicao_metereologica,tipo_pista,tracado_via,uso_solo,pessoas,mortos,feridos_leves,feridos_graves,ilesos,ignorados,feridos,veiculos,latitude,longitude,regional,delegacia,uop,ano_arquivo
"581654,0",2024-02-17,sábado,10:30:00,SC,101,"120,0",ITAJAI,Condutor deixou de manter distância do veículo da frente,Colisão traseira,Com Vítimas Feridas,Pleno dia,Decrescente,Céu Claro,Dupla,Reta,Não,2,0,1,0,1,0,1,2,-26.912758,-48.711998,SPRF-SC,DEL04-SC,UOP04-DEL04-SC,2024
"581697,0",2024-02-17,sábado,16:20:00,SC,101,"5,8",GARUVA,Estacionar ou parar em local proibido,Colisão traseira,Com Vítimas Feridas,Pleno dia,Decrescente,Nublado,Dupla,Interseção de Vias;Reta,Sim,6,0,2,0,3,1,2,4,-26.01779797,-48.86233322,SPRF-SC,DEL03-SC,UOP01-DEL03-SC,2024
"581721,0",2024-02-17,sábado,17:50:00,SC,101,"307,3",LAGUNA,Reação tardia ou ineficiente do condutor,Colisão traseira,Com Vítimas Feridas,Anoitecer,Decrescente,Garoa/Chuvisco,Múltipla,Reta,Não,7,0,1,0,5,1,1,4,-28.41186742,-48.79322827,SPRF-SC,DEL02-SC,UOP03-DEL02-SC,2024
"581745,0",2024-02-17,sábado,14:50:00,SC,153,"111,2",CONCORDIA,Transitar na contramão,Colisão lateral mesmo sentido,Com Vítimas Fatais,Pleno dia,Crescente,Céu Claro,Simples,Reta,Não,4,1,1,0,1,1,1,3,-27.3271078,-51.9797747,SPRF-SC,DEL07-SC,UOP04-DEL07-SC,2024
"581821,0",2024-02-18,domingo,07:05:00,SC,101,"186,1",BIGUACU,Velocidade Incompatível,Colisão com objeto,Com Vítimas Feridas,Pleno dia,Crescente,Garoa/Chuvisco,Dupla,Curva,Não,3,0,1,0,1,2,1,4,-27.4341098,-48.62567129,SPRF-SC,DEL01-SC,UOP01-DEL01-SC,2024
"581832,0",2024-02-18,domingo,05:30:00,SC,158,"119,0",CAIBI,Demais falhas na via,Colisão lateral sentido oposto,Com Vítimas Feridas,Amanhecer,Crescente,Céu Claro,Simples,Reta,Não,3,0,1,0,1,3,1,5,-27.07838586,-53.22910309,SPRF-SC,DEL07-SC,UOP02-DEL07-SC,2024
"582002,0",2024-02-19,segunda-feira,08:40:00,SC,282,"21,7",SANTO AMARO DA IMPERATRIZ,Transitar na contramão,Colisão lateral sentido oposto,Com Vítimas Feridas,Pleno dia,Decrescente,Céu Claro,Simples,Curva,Sim,4,0,0,2,1,2,2,4,-27.68907,-48.717541,SPRF-SC,DEL01-SC,UOP02-DEL01-SC,2024
"582019,0",2024-02-19,segunda-feira,07:45:00,SC,282,"526,0",XAXIM,Condutor usando celular,Colisão frontal,Com Vítimas Feridas,Pleno dia,Crescente,Chuva,Simples,Curva,Não,3,0,1,1,0,1,2,3,-26.96869198,-52.57369252,SPRF-SC,DEL07-SC,UOP01-DEL07-SC,2024
"582023,0",2024-02-19,segunda-feira,10:45:00,SC,101,"28,2",JOINVILLE,Manobra de mudança de faixa,Colisão lateral mesmo sentido,Com Vítimas Feridas,Pleno dia,Decrescente,Sol,Dupla,Reta,Sim,4,0,1,0,2,1,1,3,-26.21412901,-48.91602516,SPRF-SC,DEL03-SC,UOP01-DEL03-SC,2024
"582054,0",2024-02-19,segunda-feira,13:15:00,SC,282,"103,9",ALFREDO WAGNER,Demais falhas mecânicas ou elétricas,Incêndio,Sem Vítimas,Pleno dia,Decrescente,Céu Claro,Simples,Reta,Sim,3,0,0,0,3,0,0,1,-27.694868,-49.324345,SPRF-SC,DEL01-SC,UOP03-DEL01-SC,2024
"582093,0",2024-02-19,segunda-feira,17:20:00,SC,101,"122,4",ITAJAI,Ausência de reação do condutor,Colisão lateral mesmo sentido,Com Vítimas Feridas,Pleno dia,Crescente,Céu Claro,Dupla,Reta,Não,3,0,0,1,1,1,1,3,-26.92955916,-48.70499836,SPRF-SC,DEL04-SC,UOP04-DEL04-SC,2024
"582136,0",2024-02-19,segunda-feira,13:15:00,SC,153,"29,6",AGUA DOCE,Acumulo de óleo sobre o pavimento,Colisão frontal,Com Vítimas Fatais,Pleno dia,Decrescente,Nublado,Simples,Declive;Curva,Não,3,1,1,0,0,2,1,4,-26.7904333,-51.6887564,SPRF-SC,DEL07-SC,UOP07-DEL07-SC,2024
"582167,0",2024-02-20,terça-feira,05:10:00,SC,116,"176,1",SAO CRISTOVAO DO SUL,Velocidade Incompatível,Tombamento,Com Vítimas Feridas,Amanhecer,Decrescente,Nublado,Simples,Curva,Não,2,0,1,0,0,2,1,3,-27.24164321,-50.46329137,SPRF-SC,DEL05-SC,UOP03-DEL05-SC,2024
"582229,0",2024-02-20,terça-feira,07:00:00,SC,282,"283,4",SAO JOSE DO CERRITO,Transitar na contramão,Colisão frontal,Com Vítimas Feridas,Pleno dia,Decrescente,Nublado,Simples,Aclive;Reta,Não,6,0,0,4,1,1,4,3,-27.574697,-50.783157,SPRF-SC,DEL05-SC,UOP02-DEL05-SC,2024
"582298,0",2024-02-20,terça-feira,13:20:00,SC,116,"245,6",LAGES,Velocidade Incompatível,Tombamento,Com Vítimas Feridas,Pleno dia,Crescente,Sol,Simples,Interseção de Vias;Rotatória,Sim,2,0,1,0,0,2,1,3,-27.79544281,-50.36187437,SPRF-SC,DEL05-SC,UOP02-DEL05-SC,2024
"582330,0",2024-02-21,quarta-feira,03:40:00,SC,101,"285,7",IMBITUBA,Ingestão de álcool pelo condutor,Colisão lateral mesmo sentido,Com Vítimas Feridas,Plena Noite,Decrescente,Céu Claro,Dupla,Curva;Declive,Não,2,0,1,0,0,1,1,2,-28.22947996,-48.70163526,SPRF-SC,DEL02-SC,UOP03-DEL02-SC,2024
"582357,0",2024-02-14,quarta-feira,02:30:00,SC,470,"2,2",NAVEGANTES,Frear bruscamente,Saída de leito carroçável,Com Vítimas Feridas,Plena Noite,Crescente,Garoa/Chuvisco,Múltipla,Desvio Temporário,Não,2,0,0,1,0,1,1,2,-26.868551,-48.674831,SPRF-SC,DEL04-SC,UOP04-DEL04-SC,2024
"582410,0",2024-02-21,quarta-feira,11:50:00,SC,101,"10,9",GARUVA,Reação tardia ou ineficiente do condutor,Colisão transversal,Com Vítimas Feridas,Pleno dia,Decrescente,Céu Claro,Dupla,Curva,Não,3,0,1,0,2,0,1,2,-26.063011,-48.86020605,SPRF-SC,DEL03-SC,UOP01-DEL03-SC,2024
"582418,0",2024-02-21,quarta-feira,09:00:00,SC,101,"324,8",CAPIVARI DE BAIXO,Reação tardia ou ineficiente do condutor,Colisão traseira,Com Vítimas Feridas,Pleno dia,Crescente,Céu Claro,Múltipla,Reta;Aclive,Não,4,0,3,0,1,0,3,3,-28.42516271,-48.93259193,SPRF-SC,DEL02-SC,UOP01-DEL02-SC,2024
"582449,0",2024-02-21,quarta-feira,16:40:00,SC,470,"81,3",RODEIO,Reação tardia ou ineficiente do condutor,Engavetamento,Com Vítimas Feridas,Pleno dia,Decrescente,Nublado,Simples,Curva;Em Obras,Não,4,0,1,0,3,0,1,3,-26.95419496,-49.32634061,SPRF-SC,DEL04-SC,UOP01-DEL04-SC,2024
"582459,0",2024-02-21,quarta-feira,16:20:00,SC,153,"111,5",CONCORDIA,Acessar a via sem observar a presença dos outros veículos,Colisão traseira,Com Vítimas Feridas,Pleno dia,Crescente,Céu Claro,Simples,Reta,Não,6,0,3,0,2,1,3,4,-27.319271,-51.983299,SPRF-SC,DEL07-SC,UOP04-DEL07-SC,2024
"582470,0",2024-02-21,quarta-feira,15:30:00,SC,282,"327,0",CAMPOS NOVOS,Reação tardia ou ineficiente do condutor,Tombamento,Com Vítimas Feridas,Pleno dia,Decrescente,Céu Claro,Simples,Rotatória,Não,2,0,0,1,0,1,1,2,-27.37542586,-51.06616974,SPRF-SC,DEL07-SC,UOP06-DEL07-SC,2024
"582473,0",2024-02-21,quarta-feira,19:50:00,SC,101,"46,9",JOINVILLE,Manobra de mudança de faixa,Colisão lateral mesmo sentido,Sem Vítimas,Plena Noite,Decrescente,Nublado,Múltipla,Desvio Temporário,Sim,3,0,0,0,2,1,0,3,-26.36599498,-48.85815382,SPRF-SC,DEL03-SC,UOP01-DEL03-SC,2024
"582511,0",2024-02-22,quinta-feira,01:20:00,SC,101,"149,9",ITAPEMA,Ingestão de álcool pelo condutor,Colisão lateral mesmo sentido,Com Vítimas Feridas,Plena Noite,Decrescente,Nublado,Múltipla,Túnel;Curva;Retorno Regulamentado,Sim,2,0,1,0,0,1,1,2,-27.1089649,-48.61277586,SPRF-SC,DEL04-SC,UOP03-DEL04-SC,2024
"582542,0",2024-02-22,quinta-feira,08:30:00,SC,470,"47,0",BLUMENAU,Condutor usando celular,Colisão frontal,Com Vítimas Feridas,Pleno dia,Crescente,Céu Claro,Simples,Curva;Em Obras,Sim,2,0,1,1,0,0,2,2,-26.864044,-49.046516,SPRF-SC,DEL04-SC,UOP01-DEL04-SC,2024
"582584,0",2024-02-22,quinta-feira,10:00:00,SC,101,"100,5",BALNEARIO PICARRAS,Trafegar com motocicleta (ou similar) entre as faixas,Colisão lateral mesmo sentido,Com Vítimas Feridas,Pleno dia,Crescente,Céu Claro,Dupla,Reta,Sim,3,0,0,1,1,2,1,4,-26.75482787,-48.68993675,SPRF-SC,DEL03-SC,UOP02-DEL03-SC,2024
"582657,0",2024-02-22,quinta-feira,18:15:00,SC,470,"97,1",APIUNA,Acessar a via sem observar a presença dos outros veículos,Colisão transversal,Com Vítimas Feridas,Anoitecer,Crescente,Nevoeiro/Neblina,Simples,Interseção de Vias;Reta,Sim,6,0,3,1,1,1,4,3,-27.026621,-49.378124,SPRF-SC,DEL04-SC,UOP01-DEL04-SC,2024
"582686,0",2024-02-22,quinta-feira,22:00:00,SC,101,"98,5",BALNEARIO PICARRAS,Pedestre cruzava a pista fora da faixa,Atropelamento de Pedestre,Com Vítimas Fatais,Plena Noite,Crescente,Chuva,Dupla,Curva,Não,4,1,0,0,1,2,0,3,-26.746573,-48.696797,SPRF-SC,DEL03-SC,UOP02-DEL03-SC,2024
"582726,0",2024-02-23,sexta-feira,06:45:00,SC,470,"233,0",SAO CRISTOVAO DO SUL,Ausência de reação do condutor,Tombamento,Com Vítimas Feridas,Pleno dia,Crescente,Nublado,Simples,Curva;Interseção de Vias;Rotatória,Não,1,0,1,0,0,0,1,1,-27.30112578,-50.42602301,SPRF-SC,DEL05-SC,UOP03-DEL05-SC,2024
"582768,0",2024-02-23,sexta-feira,12:20:00,SC,282,"523,7",XAXIM,Ausência de reação do condutor,Colisão lateral sentido oposto,Com Vítimas Feridas,Pleno dia,Crescente,Céu Claro,Simples,Curva,Não,3,0,1,0,1,1,1,3,-26.963129,-52.548851,SPRF-SC,DEL07-SC,UOP01-DEL07-SC,2024
"582769,0",2024-02-23,sexta-feira,12:15:00,SC,101,"13,1",GARUVA,Condutor deixou de manter distância do veículo da frente,Colisão traseira,Com Vítimas Feridas,Pleno dia,Decrescente,Sol,Dupla,Aclive;Reta,Não,6,0,2,0,3,1,2,3,-26.08986803,-48.86345096,SPRF-SC,DEL03-SC,UOP01-DEL03-SC,2024
"582795,0",2024-02-23,sexta-feira,11:50:00,SC,285,"38,0",TIMBE DO SUL,Conversão proibida,Colisão transversal,Com Vítimas Feridas,Pleno dia,Decrescente,Céu Claro,Simples,Reta,Sim,2,0,1,0,1,0,1,2,-28.87667248,-49.75661467,SPRF-SC,DEL02-SC,UOP02-DEL02-SC,2024
"582837,0",2024-02-23,sexta-feira,18:15:00,SC,101,"202,2",SAO JOSE,Condutor deixou de manter distância do veículo da frente,Colisão traseira,Com Vítimas Feridas,Pleno dia,Crescente,Céu Claro,Múltipla,Reta,Sim,3,0,1,0,2,0,1,2,-27.55711595,-48.61897889,SPRF-SC,DEL01-SC,UOP01-DEL01-SC,2024
"583007,0",2024-02-24,sábado,12:15:00,SC,282,"538,9",CHAPECO,Reação tardia ou ineficiente do condutor,Colisão traseira,Sem Vítimas,Pleno dia,Decrescente,Céu Claro,Simples,Curva;Declive,Não,3,0,0,0,2,2,0,4,-27.00079038,-52.67025948,SPRF-SC,DEL07-SC,UOP01-DEL07-SC,2024
"583008,0",2024-02-24,sábado,10:50:00,SC,101,"253,1",PAULO LOPES,Condutor Dormindo,Saída de leito carroçável,Com Vítimas Feridas,Pleno dia,Decrescente,Céu Claro,Dupla,Reta,Sim,1,0,1,0,0,0,1,1,-27.96492999,-48.67962057,SPRF-SC,DEL02-SC,UOP03-DEL02-SC,2024
"583018,0",2024-02-24,sábado,15:00:00,SC,101,"220,8",PALHOCA,Manobra de mudança de faixa,Colisão lateral mesmo sentido,Com Vítimas Feridas,Pleno dia,Crescente,Nublado,Dupla,Reta,Sim,3,0,1,0,1,1,1,3,-27.69198941,-48.66368358,SPRF-SC,DEL01-SC,UOP02-DEL01-SC,2024
"583064,0",2024-02-24,sábado,16:30:00,SC,280,"152,8",MAFRA,Velocidade Incompatível,Colisão frontal,Com Vítimas Fatais,Pleno dia,Decrescente,Chuva,Simples,Aclive;Curva,Não,3,1,0,0,1,1,0,3,-26.2236769,-49.7112766,SPRF-SC,DEL06-SC,UOP03-DEL06-SC,2024
"583085,0",2024-02-24,sábado,19:40:00,SC,116,"172,0",PONTE ALTA DO NORTE,Ausência de reação do condutor,Colisão lateral mesmo sentido,Sem Vítimas,Plena Noite,Decrescente,Garoa/Chuvisco,Simples,Curva,Não,3,0,0,0,1,2,0,3,-27.2035,-50.4657062,SPRF-SC,DEL05-SC,UOP03-DEL05-SC,2024
"583196,0",2024-02-25,domingo,06:30:00,SC,282,"612,3",MARAVILHA,Ingestão de álcool pelo condutor,Colisão lateral sentido oposto,Sem Vítimas,Pleno dia,Crescente,Céu Claro,Simples,Curva,Não,3,0,0,0,2,1,0,3,-26.76254832,-53.25107574,SPRF-SC,DEL07-SC,UOP02-DEL07-SC,2024
"583213,0",2024-02-25,domingo,11:25:00,SC,101,"119,8",ITAJAI,Acesso irregular,Colisão traseira,Com Vítimas Feridas,Pleno dia,Decrescente,Nublado,Múltipla,Reta,Sim,5,0,1,0,3,1,1,4,-26.9043179,-48.71555481,SPRF-SC,DEL04-SC,UOP04-DEL04-SC,2024
"583434,0",2024-02-26,segunda-feira,10:30:00,SC,101,"209,2",SAO JOSE,Trafegar com motocicleta (ou similar) entre as faixas,Colisão traseira,Com Vítimas Feridas,Pleno dia,Decrescente,Nublado,Múltipla,Reta;Aclive,Sim,4,0,0,1,2,2,1,5,-27.61000542,-48.63895057,SPRF-SC,DEL01-SC,UOP01-DEL01-SC,2024
"583444,0",2024-02-26,segunda-feira,11:50:00,SC,282,"0,3",FLORIANOPOLIS,Manobra de mudança de faixa,Colisão lateral mesmo sentido,Com Vítimas Feridas,Pleno dia,Decrescente,Nublado,Múltipla,Reta;Declive,Sim,2,0,1,0,1,0,1,2,-27.59845,-48.571995,SPRF-SC,DEL01-SC,UOP01-DEL01-SC,2024
"583455,0",2024-02-26,segunda-feira,13:30:00,SC,101,"199,7",SAO JOSE,Ultrapassagem Indevida,Colisão lateral mesmo sentido,Com Vítimas Feridas,Pleno dia,Crescente,Nublado,Múltipla,Aclive,Não,3,0,0,1,2,0,1,3,-27.53413705,-48.63003205,SPRF-SC,DEL01-SC,UOP01-DEL01-SC,2024
"583471,0",2024-02-26,segunda-feira,12:55:00,SC,116,"152,4",SANTA CECILIA,Velocidade Incompatível,Colisão com objeto,Sem Vítimas,Pleno dia,Decrescente,Nublado,Múltipla,Curva,Não,2,0,0,0,1,1,0,2,-27.04856485,-50.42638928,SPRF-SC,DEL06-SC,UOP02-DEL06-SC,2024
"583562,0",2024-02-26,segunda-feira,20:50:00,SC,282,"72,0",RANCHO QUEIMADO,Reação tardia ou ineficiente do condutor,Colisão frontal,Com Vítimas Feridas,Plena Noite,Decrescente,Chuva,Múltipla,Declive;Curva,Não,4,0,2,0,1,1,2,3,-27.683439,-49.105259,SPRF-SC,DEL01-SC,UOP03-DEL01-SC,2024
"583627,0",2024-02-27,terça-feira,09:00:00,SC,101,"222,0",PALHOCA,Acessar a via sem observar a presença dos outros veículos,Colisão com objeto,Com Vítimas Feridas,Pleno dia,Decrescente,Nublado,Dupla,Reta,Não,3,0,2,0,0,1,2,2,-27.70865409,-48.65586407,SPRF-SC,DEL01-SC,UOP02-DEL01-SC,2024
"583639,0",2024-02-27,terça-feira,11:00:00,SC,101,"199,0",BIGUACU,Reação tardia ou ineficiente do condutor,Colisão traseira,Com Vítimas Feridas,Pleno dia,Crescente,Garoa/Chuvisco,Dupla,Reta,Sim,5,0,2,0,2,1,2,4,-27.53413705,-48.63003205,SPRF-SC,DEL01-SC,UOP01-DEL01-SC,2024
"583645,0",2024-02-27,terça-feira,05:30:00,SC,116,"137,3",SANTA CECILIA,Ultrapassagem Indevida,Colisão lateral mesmo sentido,Sem Vítimas,Amanhecer,Crescente,Chuva,Simples,Aclive;Reta,Não,5,0,0,0,4,2,0,6,-26.946361,-50.42928293,SPRF-SC,DEL06-SC,UOP02-DEL06-SC,2024
"583655,0",2024-02-27,terça-feira,08:20:00,SC,282,"69,0",RANCHO QUEIMADO,Ausência de reação do condutor,Tombamento,Com Vítimas Feridas,Pleno dia,Decrescente,Nublado,Simples,Reta,Não,1,0,1,0,0,0,1,1,-27.690144,-49.083813,SPRF-SC,DEL01-SC,UOP03-DEL01-SC,2024
"583664,0",2024-02-27,terça-feira,10:40:00,SC,116,"252,7",LAGES,Reação tardia ou ineficiente do condutor,Colisão traseira,Com Vítimas Feridas,Pleno dia,Crescente,Garoa/Chuvisco,Simples,Reta,Não,4,0,2,0,1,2,2,4,-27.85340789,-50.38268819,SPRF-SC,DEL05-SC,UOP02-DEL05-SC,2024
"583677,0",2024-02-27,terça-feira,13:00:00,SC,116,"69,9",MONTE CASTELO,Reação tardia ou ineficiente do condutor,Colisão traseira,Com Vítimas Feridas,Pleno dia,Decrescente,Nublado,Simples,Reta,Não,4,0,2,0,1,2,2,4,-26.46909494,-50.23134921,SPRF-SC,DEL06-SC,UOP02-DEL06-SC,2024
"583697,0",2024-02-27,terça-feira,17:15:00,SC,101,"141,0",BALNEARIO CAMBORIU,Reação tardia ou ineficiente do condutor,Colisão traseira,Com Vítimas Feridas,Pleno dia,Decrescente,Chuva,Dupla,Reta,Sim,2,0,1,0,1,0,1,2,-27.04761729,-48.59995855,SPRF-SC,DEL04-SC,UOP03-DEL04-SC,2024
"583766,0",2024-02-28,quarta-feira,03:15:00,SC,470,"86,9",RODEIO,Demais falhas mecânicas ou elétricas,Colisão com objeto,Com Vítimas Feridas,Plena Noite,Crescente,Céu Claro,Simples,Ponte,Não,2,0,1,0,0,2,1,3,-26.949951,-49.357296,SPRF-SC,DEL04-SC,UOP01-DEL04-SC,2024
"583787,0",2024-02-28,quarta-feira,08:15:00,SC,101,"198,0",BIGUACU,Ausência de reação do condutor,Queda de ocupante de veículo,Com Vítimas Feridas,Pleno dia,Crescente,Céu Claro,Dupla,Reta,Sim,2,0,1,0,0,1,1,2,-27.52658712,-48.63506019,SPRF-SC,DEL01-SC,UOP01-DEL01-SC,2024
"583789,0",2024-02-28,quarta-feira,08:00:00,SC,101,"141,0",BALNEARIO CAMBORIU,Manobra de mudança de faixa,Colisão lateral mesmo sentido,Com Vítimas Feridas,Pleno dia,Decrescente,Céu Claro,Dupla,Reta,Não,4,0,2,0,1,1,2,4,-27.04761729,-48.59995855,SPRF-SC,DEL04-SC,UOP03-DEL04-SC,2024
"583802,0",2024-02-28,quarta-feira,08:50:00,SC,101,"422,0",ARARANGUA,Manobra de mudança de faixa,Colisão lateral mesmo sentido,Com Vítimas Feridas,Pleno dia,Decrescente,Céu Claro,Múltipla,Reta,Sim,2,0,1,0,1,0,1,2,-29.00145951,-49.5582962,SPRF-SC,DEL02-SC,UOP02-DEL02-SC,2024
"583808,0",2024-02-28,quarta-feira,08:50:00,SC,101,"120,7",ITAJAI,Condutor deixou de manter distância do veículo da frente,Colisão traseira,Com Vítimas Feridas,Pleno dia,Decrescente,Sol,Múltipla,Viaduto,Não,3,0,1,0,2,0,1,3,-26.912758,-48.711998,SPRF-SC,DEL04-SC,UOP04-DEL04-SC,2024
"583835,0",2024-02-28,quarta-feira,12:30:00,SC,101,"149,0",ITAPEMA,Reação tardia ou ineficiente do condutor,Queda de ocupante de veículo,Com Vítimas Feridas,Pleno dia,Crescente,Céu Claro,Múltipla,Reta,Sim,4,0,1,0,2,1,1,3,-27.1089649,-48.61277586,SPRF-SC,DEL04-SC,UOP03-DEL04-SC,2024
"583881,0",2024-02-28,quarta-feira,17:00:00,SC,101,"123,0",ITAJAI,Condutor deixou de manter distância do veículo da frente,Colisão traseira,Com Vítimas Feridas,Pleno dia,Decrescente,Céu Claro,Simples,Interseção de Vias,Não,3,0,1,1,1,0,2,2,-26.93668609,-48.69876905,SPRF-SC,DEL04-SC,UOP04-DEL04-SC,2024
"583886,0",2024-02-28,quarta-feira,17:00:00,SC,101,"214,2",PALHOCA,Velocidade Incompatível,Colisão transversal,Com Vítimas Feridas,Pleno dia,Crescente,Nublado,Múltipla,Reta,Sim,4,0,1,0,1,2,1,4,-27.64443,-48.67057,SPRF-SC,DEL01-SC,UOP02-DEL01-SC,2024
"583913,0",2024-02-28,quarta-feira,19:30:00,SC,470,"175,0",POUSO REDONDO,Ultrapassagem Indevida,Colisão frontal,Com Vítimas Feridas,Plena Noite,Decrescente,Nublado,Simples,Curva,Sim,6,0,1,1,3,1,2,5,-27.25617,-49.938969,SPRF-SC,DEL04-SC,UOP02-DEL04-SC,2024
"583966,0",2024-02-28,quarta-feira,22:50:00,SC,116,"107,7",MONTE CASTELO,Velocidade Incompatível,Capotamento,Com Vítimas Feridas,Plena Noite,Decrescente,Chuva,Simples,Declive;Curva,Não,1,0,1,0,0,0,1,1,-26.75568818,-50.32812388,SPRF-SC,DEL06-SC,UOP02-DEL06-SC,2024
"583989,0",2024-02-29,quinta-feira,05:20:00,SC,101,"283,3",IMBITUBA,Chuva,Colisão traseira,Com Vítimas Fatais,Plena Noite,Crescente,Chuva,Dupla,Reta;Declive,Não,2,1,0,0,1,0,0,2,-28.22549536,-48.70112658,SPRF-SC,DEL02-SC,UOP03-DEL02-SC,2024
"584002,0",2024-02-29,quinta-feira,07:20:00,SC,101,"118,0",ITAJAI,Manobra de mudança de faixa,Colisão lateral mesmo sentido,Com Vítimas Feridas,Pleno dia,Crescente,Nublado,Dupla,Reta,Sim,3,0,2,0,1,0,2,2,-26.895859,-48.71903,SPRF-SC,DEL04-SC,UOP04-DEL04-SC,2024
"584060,0",2024-02-29,quinta-feira,15:50:00,SC,282,"509,3",XANXERE,Condutor deixou de manter distância do veículo da frente,Colisão traseira,Com Vítimas Feridas,Pleno dia,Decrescente,Sol,Simples,Reta,Não,5,0,0,1,4,0,1,2,-26.890533,-52.457096,SPRF-SC,DEL07-SC,UOP01-DEL07-SC,2024
"584077,0",2024-02-29,quinta-feira,11:04:00,SC,470,"247,4",CURITIBANOS,Velocidade Incompatível,Tombamento,Com Vítimas Feridas,Pleno dia,Decrescente,Nublado,Simples,Rotatória;Interseção de Vias,Sim,2,0,1,0,0,1,1,2,-27.31288979,-50.56097031,SPRF-SC,DEL05-SC,UOP03-DEL05-SC,2024
"584205,0",2024-03-01,sexta-feira,10:00:00,SC,101,"119,4",ITAJAI,Manobra de mudança de faixa,Colisão lateral mesmo sentido,Com Vítimas Feridas,Pleno dia,Crescente,Céu Claro,Múltipla,Reta,Não,2,0,1,0,0,1,1,2,-26.9043179,-48.71555481,SPRF-SC,DEL04-SC,UOP04-DEL04-SC,2024
"584232,0",2024-03-01,sexta-feira,10:30:00,SC,101,"106,5",PENHA,Velocidade Incompatível,Engavetamento,Com Vítimas Feridas,Pleno dia,Crescente,Céu Claro,Múltipla,Declive;Reta,Não,4,0,3,0,1,0,3,3,-26.81031601,-48.68293896,SPRF-SC,DEL03-SC,UOP02-DEL03-SC,2024
"584248,0",2024-03-01,sexta-feira,12:47:00,SC,280,"153,8",MAFRA,Reação tardia ou ineficiente do condutor,Colisão com objeto,Sem Vítimas,Pleno dia,Decrescente,Céu Claro,Simples,Ponte;Curva;Declive,Não,2,0,0,0,1,2,0,3,-26.22099817,-49.71288041,SPRF-SC,DEL06-SC,UOP03-DEL06-SC,2024
"584272,0",2024-03-01,sexta-feira,17:00:00,SC,101,"225,8",PALHOCA,Manobra de mudança de faixa,Colisão lateral mesmo sentido,Com Vítimas Feridas,Pleno dia,Crescente,Céu Claro,Dupla,Reta;Aclive,Não,3,0,1,0,1,1,1,3,-27.73292191,-48.6409567,SPRF-SC,DEL01-SC,UOP02-DEL01-SC,2024
"584278,0",2024-03-01,sexta-feira,13:40:00,SC,280,"238,5",CANOINHAS,Transitar na contramão,Colisão lateral sentido oposto,Com Vítimas Feridas,Pleno dia,Crescente,Sol,Simples,Reta,Não,3,0,0,1,1,1,1,3,-26.20546585,-50.43870449,SPRF-SC,DEL06-SC,UOP04-DEL06-SC,2024
"584358,0",2024-03-01,sexta-feira,21:20:00,SC,101,"257,3",PAULO LOPES,Acessar a via sem observar a presença dos outros veículos,Colisão traseira,Com Vítimas Feridas,Plena Noite,Decrescente,Garoa/Chuvisco,Simples,Declive;Curva,Não,3,0,1,0,1,1,1,3,-28.00116527,-48.68971109,SPRF-SC,DEL02-SC,UOP03-DEL02-SC,2024
"584390,0",2024-03-02,sábado,04:40:00,SC,282,"4,2",FLORIANOPOLIS,Condutor Dormindo,Colisão traseira,Com Vítimas Feridas,Plena Noite,Decrescente,Céu Claro,Múltipla,Reta,Sim,3,0,1,0,2,0,1,2,-27.592646,-48.604034,SPRF-SC,DEL01-SC,UOP01-DEL01-SC,2024
"584416,0",2024-03-02,sábado,08:10:00,SC,282,"520,4",XAXIM,Falta de acostamento,Colisão lateral mesmo sentido,Com Vítimas Feridas,Pleno dia,Decrescente,Céu Claro,Simples,Aclive;Reta,Não,4,0,2,0,1,1,2,4,-26.95005121,-52.52643585,SPRF-SC,DEL07-SC,UOP01-DEL07-SC,2024
"584427,0",2024-03-02,sábado,08:30:00,SC,101,"114,0",ITAJAI,Ausência de reação do condutor,Colisão traseira,Com Vítimas Feridas,Pleno dia,Crescente,Sol,Dupla,Reta,Não,3,0,1,0,1,1,1,3,-26.86192886,-48.7286704,SPRF-SC,DEL04-SC,UOP04-DEL04-SC,2024
"584451,0",2024-03-02,sábado,04:30:00,SC,282,"593,3",SAUDADES,Condutor Dormindo,Saída de leito carroçável,Com Vítimas Fatais,Plena Noite,Crescente,Céu Claro,Simples,Curva,Não,1,1,0,0,0,0,0,1,-26.8241125,-53.1046191,SPRF-SC,DEL07-SC,UOP02-DEL07-SC,2024
"584487,0",2024-03-02,sábado,13:30:00,SC,153,"68,9",IRANI,Ultrapassagem Indevida,Colisão traseira,Com Vítimas Feridas,Pleno dia,Crescente,Céu Claro,Simples,Curva;Declive,Não,3,0,0,1,1,1,1,3,-27.033516,-51.879311,SPRF-SC,DEL07-SC,UOP04-DEL07-SC,2024
"584489,0",2024-03-02,sábado,14:00:00,SC,282,"75,0",RANCHO QUEIMADO,Avarias e/ou desgaste excessivo no pneu,Tombamento,Com Vítimas Feridas,Pleno dia,Decrescente,Céu Claro,Simples,Declive;Reta,Não,3,0,1,1,0,2,2,4,-27.690931,-49.129143,SPRF-SC,DEL01-SC,UOP03-DEL01-SC,2024
"584665,0",2024-03-03,domingo,08:20:00,SC,101,"132,0",BALNEARIO CAMBORIU,Reação tardia ou ineficiente do condutor,Colisão traseira,Com Vítimas Feridas,Pleno dia,Crescente,Céu Claro,Dupla,Curva,Não,6,0,1,0,4,1,1,3,-26.99654133,-48.65564711,SPRF-SC,DEL04-SC,UOP03-DEL04-SC,2024