id,data_inversa,dia_semana,horario,uf,br,km,municipio,causa_acidente,tipo_acidente,classificacao_acidente,fase_dia,sentido_via,condicao_metereologica,tipo_pista,tracado_via,uso_solo,pessoas,mortos,feridos_leves,feridos_graves,ilesos,ignorados,feridos,veiculos,latitude,longitude,regional,delegacia,uop,ano_arquivo
"584811,0",2024-03-03,domingo,20:30:00,SC,280,"84,0",CORUPA,Pedestre andava na pista,Atropelamento de Pedestre,Com Vítimas Feridas,Plena Noite,Crescente,Nublado,Simples,Reta;Declive,Não,2,0,1,0,1,0,1,2,-26.42332789,-49.25263733,SPRF-SC,DEL06-SC,UOP03-DEL06-SC,2024
"584825,0",2024-03-03,domingo,21:00:00,SC,470,"96,3",APIUNA,Ausência de reação do condutor,Colisão lateral sentido oposto,Com Vítimas Feridas,Plena Noite,Crescente,Nublado,Simples,Reta,Sim,3,0,1,0,1,1,1,3,-27.02531711,-49.37535882,SPRF-SC,DEL04-SC,UOP01-DEL04-SC,2024
"584881,0",2024-03-04,segunda-feira,07:45:00,SC,101,"216,0",PALHOCA,Trafegar com motocicleta (ou similar) entre as faixas,Colisão lateral mesmo sentido,Com Vítimas Feridas,Pleno dia,Crescente,Céu Claro,Múltipla,Reta,Sim,2,0,0,1,1,0,1,2,-27.65981409,-48.67747798,SPRF-SC,DEL01-SC,UOP02-DEL01-SC,2024
"584953,0",2024-03-04,segunda-feira,12:30:00,SC,282,"498,8",XANXERE,Condutor deixou de manter distância do veículo da frente,Colisão traseira,Com Vítimas Feridas,Pleno dia,Decrescente,Nublado,Simples,Reta;Aclive,Não,3,0,1,0,2,0,1,3,-26.87978,-52.353825,SPRF-SC,DEL07-SC,UOP01-DEL07-SC,2024
"584979,0",2024-02-18,domingo,07:27:00,SC,101,"58,0",ARAQUARI,Ausência de reação do condutor,Engavetamento,Com Vítimas Feridas,Amanhecer,Decrescente,Nublado,Múltipla,Declive,Não,9,0,5,1,2,1,6,5,-26.44025049,-48.80129043,SPRF-SC,DEL03-SC,UOP02-DEL03-SC,2024
"585001,0",2024-03-04,segunda-feira,16:15:00,SC,280,"27,0",ARAQUARI,Acesso irregular,Colisão transversal,Com Vítimas Feridas,Pleno dia,Crescente,Nublado,Simples,Em Obras;Reta,Não,2,0,1,0,1,0,1,2,-26.39685622,-48.74021969,SPRF-SC,DEL03-SC,UOP03-DEL03-SC,2024
"585096,0",2024-03-04,segunda-feira,16:50:00,SC,153,"84,9",CONCORDIA,Transitar na contramão,Colisão frontal,Com Vítimas Feridas,Pleno dia,Decrescente,Garoa/Chuvisco,Simples,Curva;Aclive,Não,8,0,4,3,0,1,7,3,-27.13419,-51.916466,SPRF-SC,DEL07-SC,UOP04-DEL07-SC,2024
"585254,0",2024-03-05,terça-feira,19:50:00,SC,280,"154,1",MAFRA,Pista Escorregadia,Saída de leito carroçável,Com Vítimas Feridas,Plena Noite,Crescente,Garoa/Chuvisco,Simples,Declive;Curva,Não,2,0,1,0,0,1,1,2,-26.21362587,-49.7181449,SPRF-SC,DEL06-SC,UOP03-DEL06-SC,2024
"585310,0",2024-03-06,quarta-feira,08:34:00,SC,101,"206,6",SAO JOSE,Reação tardia ou ineficiente do condutor,Colisão traseira,Com Vítimas Feridas,Pleno dia,Crescente,Céu Claro,Múltipla,Reta,Não,2,0,0,1,1,0,1,2,-27.59193546,-48.61824557,SPRF-SC,DEL01-SC,UOP01-DEL01-SC,2024
"585485,0",2024-03-06,quarta-feira,18:00:00,SC,101,"192,9",BIGUACU,Manobra de mudança de faixa,Colisão traseira,Com Vítimas Feridas,Pleno dia,Decrescente,Céu Claro,Múltipla,Ponte;Reta,Não,3,0,1,0,2,0,1,2,-27.48443781,-48.64765238,SPRF-SC,DEL01-SC,UOP01-DEL01-SC,2024
"585567,0",2024-03-07,quinta-feira,04:20:00,SC,101,"183,5",BIGUACU,Reação tardia ou ineficiente do condutor,Colisão traseira,Com Vítimas Feridas,Plena Noite,Decrescente,Céu Claro,Dupla,Reta,Não,2,0,1,0,0,1,1,2,-27.41150002,-48.62744093,SPRF-SC,DEL01-SC,UOP01-DEL01-SC,2024
"585576,0",2024-03-06,quarta-feira,19:27:00,SC,470,"132,1",LONTRAS,Transitar na contramão,Colisão frontal,Com Vítimas Fatais,Plena Noite,Crescente,Garoa/Chuvisco,Simples,Declive;Reta,Não,3,1,2,0,0,0,2,3,-27.16978784,-49.57329512,SPRF-SC,DEL04-SC,UOP02-DEL04-SC,2024
"585585,0",2024-01-31,quarta-feira,18:10:00,SC,280,"130,0",RIO NEGRINHO,Ingestão de álcool pelo condutor,Colisão lateral sentido oposto,Com Vítimas Feridas,Pleno dia,Decrescente,Céu Claro,Simples,Aclive;Reta,Não,2,0,1,0,1,0,1,2,-26.2530246,-49.52924913,SPRF-SC,DEL06-SC,UOP03-DEL06-SC,2024
"585590,0",2024-03-07,quinta-feira,07:45:00,SC,101,"331,0",TUBARAO,Ausência de reação do condutor,Colisão lateral mesmo sentido,Com Vítimas Feridas,Pleno dia,Crescente,Céu Claro,Dupla,Declive,Não,6,0,1,0,3,2,1,5,-28.45567521,-48.9812689,SPRF-SC,DEL02-SC,UOP01-DEL02-SC,2024
"585642,0",2024-03-07,quinta-feira,11:48:00,SC,280,"157,0",MAFRA,Reação tardia ou ineficiente do condutor,Colisão traseira,Com Vítimas Feridas,Pleno dia,Decrescente,Céu Claro,Simples,Reta,Não,3,0,0,1,1,3,1,5,-26.20081502,-49.74222347,SPRF-SC,DEL06-SC,UOP03-DEL06-SC,2024
"585680,0",2024-01-18,quinta-feira,11:40:00,SC,116,"251,9",LAGES,Reação tardia ou ineficiente do condutor,Colisão lateral sentido oposto,Com Vítimas Feridas,Pleno dia,Crescente,Chuva,Simples,Reta,Não,3,0,1,0,2,0,1,3,-27.8494545,-50.38042545,SPRF-SC,DEL05-SC,UOP02-DEL05-SC,2024
"585712,0",2024-03-07,quinta-feira,19:28:00,SC,280,"27,2",ARAQUARI,Acessar a via sem observar a presença dos outros veículos,Atropelamento de Pedestre,Com Vítimas Fatais,Plena Noite,Crescente,Nublado,Simples,Interseção de Vias;Reta,Sim,4,1,0,0,2,1,0,3,-26.3998477,-48.742187,SPRF-SC,DEL03-SC,UOP03-DEL03-SC,2024
"585725,0",2024-03-07,quinta-feira,16:15:00,SC,101,"312,0",LAGUNA,Objeto estático sobre o leito carroçável,Colisão traseira,Com Vítimas Feridas,Pleno dia,Decrescente,Céu Claro,Dupla,Ponte,Não,3,0,2,0,1,0,2,2,-28.433701,-48.806344,SPRF-SC,DEL02-SC,UOP01-DEL02-SC,2024
"585732,0",2024-03-07,quinta-feira,20:00:00,SC,470,"181,0",POUSO REDONDO,Ultrapassagem Indevida,Colisão transversal,Com Vítimas Feridas,Plena Noite,Crescente,Chuva,Simples,Reta,Não,3,0,0,1,1,2,1,4,-27.251818,-49.996815,SPRF-SC,DEL04-SC,UOP02-DEL04-SC,2024
"585733,0",2024-03-07,quinta-feira,19:30:00,SC,470,"223,5",SAO CRISTOVAO DO SUL,Velocidade Incompatível,Saída de leito carroçável,Com Vítimas Feridas,Anoitecer,Crescente,Chuva,Simples,Curva,Não,1,0,1,0,0,0,1,1,-27.319908,-50.336388,SPRF-SC,DEL05-SC,UOP03-DEL05-SC,2024
"585742,0",2024-02-19,segunda-feira,17:48:00,SC,116,"85,6",MONTE CASTELO,Transitar na contramão,Colisão frontal,Com Vítimas Fatais,Pleno dia,Crescente,Céu Claro,Simples,Declive,Não,4,2,0,1,0,1,1,3,-26.60562,-50.227709,SPRF-SC,DEL06-SC,UOP02-DEL06-SC,2024
"585819,0",2024-03-08,sexta-feira,09:30:00,SC,470,"83,0",RODEIO,Velocidade Incompatível,Colisão lateral sentido oposto,Com Vítimas Feridas,Pleno dia,Crescente,Garoa/Chuvisco,Simples,Declive;Curva,Não,3,0,1,0,1,1,1,3,-26.95960096,-49.32500839,SPRF-SC,DEL04-SC,UOP01-DEL04-SC,2024
"585862,0",2024-03-08,sexta-feira,11:00:00,SC,282,"54,3",AGUAS MORNAS,Faixas de trânsito com largura insuficiente,Colisão frontal,Com Vítimas Fatais,Pleno dia,Crescente,Chuva,Simples,Curva;Aclive,Não,5,2,0,2,1,0,2,2,-27.6878224,-48.9781041,SPRF-SC,DEL01-SC,UOP03-DEL01-SC,2024
"585922,0",2024-03-08,sexta-feira,12:45:00,SC,280,"32,0",ARAQUARI,Chuva,Colisão lateral mesmo sentido,Com Vítimas Feridas,Pleno dia,Decrescente,Chuva,Simples,Reta,Não,3,0,2,0,1,0,2,3,-26.420618,-48.779335,SPRF-SC,DEL03-SC,UOP03-DEL03-SC,2024
"585941,0",2024-03-08,sexta-feira,12:15:00,SC,282,"147,8",BOM RETIRO,Condutor deixou de manter distância do veículo da frente,Colisão traseira,Com Vítimas Feridas,Pleno dia,Decrescente,Chuva,Simples,Reta,Não,5,0,2,0,2,3,2,7,-27.788177,-49.641987,SPRF-SC,DEL05-SC,UOP01-DEL05-SC,2024
"585956,0",2024-03-08,sexta-feira,17:00:00,SC,101,"111,0",ITAJAI,Reação tardia ou ineficiente do condutor,Colisão lateral mesmo sentido,Com Vítimas Feridas,Pleno dia,Decrescente,Céu Claro,Dupla,Ponte,Sim,3,0,1,0,2,0,1,3,-26.83955734,-48.71418074,SPRF-SC,DEL04-SC,UOP04-DEL04-SC,2024
"585965,0",2024-03-08,sexta-feira,20:25:00,SC,101,"44,3",JOINVILLE,Manobra de mudança de faixa,Colisão lateral mesmo sentido,Com Vítimas Feridas,Plena Noite,Decrescente,Chuva,Múltipla,Reta,Sim,4,0,1,0,2,1,1,4,-26.33899916,-48.85911942,SPRF-SC,DEL03-SC,UOP01-DEL03-SC,2024
"586033,0",2024-03-09,sábado,05:30:00,SC,101,"236,1",PALHOCA,Afundamento ou ondulação no pavimento,Saída de leito carroçável,Com Vítimas Fatais,Plena Noite,Decrescente,Garoa/Chuvisco,Dupla,Viaduto;Reta,Não,4,1,2,0,0,1,2,2,-27.82769,-48.63002,SPRF-SC,DEL01-SC,UOP02-DEL01-SC,2024
"586049,0",2024-03-09,sábado,00:44:00,SC,280,"75,0",JARAGUA DO SUL,Ingestão de álcool pelo condutor,Colisão frontal,Com Vítimas Feridas,Plena Noite,Crescente,Garoa/Chuvisco,Simples,Reta,Não,3,0,1,0,1,1,1,3,-26.458391,-49.170483,SPRF-SC,DEL03-SC,UOP03-DEL03-SC,2024
"586115,0",2024-03-09,sábado,10:20:00,SC,282,"622,9",IRACEMINHA,Demais falhas mecânicas ou elétricas,Incêndio,Sem Vítimas,Pleno dia,Decrescente,Céu Claro,Simples,Curva;Declive,Não,2,0,0,0,1,1,0,2,-26.797441,-53.323349,SPRF-SC,DEL07-SC,UOP02-DEL07-SC,2024
"586299,0",2024-03-10,domingo,08:20:00,SC,101,"50,2",JOINVILLE,Mal súbito do condutor,Colisão com objeto,Com Vítimas Feridas,Pleno dia,Crescente,Céu Claro,Múltipla,Reta,Sim,2,0,1,0,0,1,1,2,-26.37546719,-48.85479619,SPRF-SC,DEL03-SC,UOP01-DEL03-SC,2024
"586337,0",2024-03-10,domingo,15:45:00,SC,101,"234,0",PALHOCA,Trafegar com motocicleta (ou similar) entre as faixas,Colisão traseira,Com Vítimas Feridas,Pleno dia,Decrescente,Céu Claro,Dupla,Reta,Não,5,0,0,2,2,1,2,4,-27.81043812,-48.63537111,SPRF-SC,DEL01-SC,UOP02-DEL01-SC,2024
"586471,0",2024-03-11,segunda-feira,01:00:00,SC,101,"220,5",PALHOCA,Ingestão de álcool pelo condutor,Colisão lateral mesmo sentido,Com Vítimas Feridas,Plena Noite,Decrescente,Céu Claro,Dupla,Reta,Não,2,0,1,0,1,0,1,2,-27.69198941,-48.66368358,SPRF-SC,DEL01-SC,UOP02-DEL01-SC,2024
"586510,0",2024-03-11,segunda-feira,06:00:00,SC,280,"38,0",ARAQUARI,Ingestão de álcool pelo condutor,Colisão lateral sentido oposto,Com Vítimas Feridas,Pleno dia,Crescente,Céu Claro,Simples,Reta,Não,4,0,1,0,2,1,1,4,-26.44812855,-48.82794004,SPRF-SC,DEL03-SC,UOP03-DEL03-SC,2024
"586557,0",2024-03-11,segunda-feira,12:30:00,SC,101,"203,4",SAO JOSE,Acessar a via sem observar a presença dos outros veículos,Colisão transversal,Com Vítimas Feridas,Pleno dia,Decrescente,Céu Claro,Múltipla,Reta,Sim,4,0,0,1,1,2,1,4,-27.5650044,-48.61460082,SPRF-SC,DEL01-SC,UOP01-DEL01-SC,2024
"586623,0",2024-03-11,segunda-feira,17:00:00,SC,101,"133,0",BALNEARIO CAMBORIU,Manobra de mudança de faixa,Colisão lateral mesmo sentido,Com Vítimas Feridas,Pleno dia,Decrescente,Céu Claro,Múltipla,Reta,Sim,4,0,1,0,2,1,1,3,-26.99936,-48.64609,SPRF-SC,DEL04-SC,UOP03-DEL04-SC,2024
"586655,0",2024-02-22,quinta-feira,07:40:00,SC,116,"69,0",MONTE CASTELO,Velocidade Incompatível,Tombamento,Sem Vítimas,Pleno dia,Decrescente,Nublado,Simples,Rotatória,Sim,4,0,0,0,3,1,0,3,-26.46036818,-50.22889671,SPRF-SC,DEL06-SC,UOP02-DEL06-SC,2024
"586699,0",2024-03-12,terça-feira,06:15:00,SC,101,"14,0",GARUVA,Condutor deixou de manter distância do veículo da frente,Colisão traseira,Com Vítimas Feridas,Pleno dia,Decrescente,Nublado,Dupla,Reta,Não,4,0,0,1,2,3,1,6,-26.103686,-48.870616,SPRF-SC,DEL03-SC,UOP01-DEL03-SC,2024
"586716,0",2024-03-12,terça-feira,08:05:00,SC,101,"62,1",ARAQUARI,Ultrapassagem Indevida,Colisão lateral mesmo sentido,Sem Vítimas,Pleno dia,Crescente,Sol,Dupla,Reta,Não,2,0,0,0,1,1,0,2,-26.45504246,-48.76711901,SPRF-SC,DEL03-SC,UOP02-DEL03-SC,2024
"586741,0",2024-03-12,terça-feira,10:10:00,SC,282,"89,5",ALFREDO WAGNER,Manobra de mudança de faixa,Colisão lateral sentido oposto,Com Vítimas Feridas,Pleno dia,Decrescente,Céu Claro,Simples,Curva,Não,4,0,0,1,2,1,1,4,-27.677973,-49.215893,SPRF-SC,DEL01-SC,UOP03-DEL01-SC,2024
"586806,0",2024-03-12,terça-feira,17:45:00,SC,101,"192,9",BIGUACU,Reação tardia ou ineficiente do condutor,Colisão lateral mesmo sentido,Com Vítimas Feridas,Anoitecer,Decrescente,Céu Claro,Múltipla,Reta,Sim,2,0,1,0,1,0,1,2,-27.48443781,-48.64765238,SPRF-SC,DEL01-SC,UOP01-DEL01-SC,2024
"586826,0",2024-03-12,terça-feira,17:55:00,SC,101,"37,2",JOINVILLE,Velocidade Incompatível,Engavetamento,Sem Vítimas,Plena Noite,Crescente,Nublado,Dupla,Declive;Reta,Sim,6,0,0,0,5,1,0,4,-26.25050176,-48.90863867,SPRF-SC,DEL03-SC,UOP01-DEL03-SC,2024
"586839,0",2024-03-12,terça-feira,13:30:00,SC,285,"51,6",TIMBE DO SUL,Demais falhas mecânicas ou elétricas,Tombamento,Com Vítimas Feridas,Pleno dia,Decrescente,Céu Claro,Simples,Curva;Aclive;Em Obras,Não,1,0,0,1,0,0,1,1,-28.80615192,-49.94522631,SPRF-SC,DEL02-SC,UOP02-DEL02-SC,2024
"586903,0",2024-03-13,quarta-feira,07:00:00,SC,480,"126,9",CHAPECO,Desrespeitar a preferência no cruzamento,Colisão transversal,Com Vítimas Feridas,Pleno dia,Crescente,Céu Claro,Simples,Reta;Interseção de Vias,Sim,2,0,1,0,1,0,1,2,-27.020083,-52.636024,SPRF-SC,DEL07-SC,UOP01-DEL07-SC,2024
"586914,0",2024-03-13,quarta-feira,05:50:00,SC,101,"176,5",BIGUACU,Demais falhas mecânicas ou elétricas,Colisão com objeto,Com Vítimas Feridas,Amanhecer,Decrescente,Céu Claro,Múltipla,Reta,Não,4,0,1,0,2,1,1,4,-27.34661396,-48.63300917,SPRF-SC,DEL01-SC,UOP01-DEL01-SC,2024
"587009,0",2024-03-13,quarta-feira,14:50:00,SC,470,"5,0",NAVEGANTES,Acessar a via sem observar a presença dos outros veículos,Colisão lateral mesmo sentido,Com Vítimas Feridas,Pleno dia,Decrescente,Céu Claro,Dupla,Em Obras,Não,2,0,0,1,1,0,1,2,-26.855688,-48.700333,SPRF-SC,DEL04-SC,UOP04-DEL04-SC,2024
"587036,0",2024-03-13,quarta-feira,17:30:00,SC,470,"147,0",RIO DO SUL,Ultrapassagem Indevida,Colisão transversal,Com Vítimas Feridas,Pleno dia,Decrescente,Céu Claro,Simples,Reta,Sim,2,0,0,1,1,0,1,2,-27.240673,-49.685822,SPRF-SC,DEL04-SC,UOP02-DEL04-SC,2024
"587061,0",2024-03-13,quarta-feira,19:00:00,SC,101,"236,3",PALHOCA,Acessar a via sem observar a presença dos outros veículos,Colisão lateral mesmo sentido,Com Vítimas Fatais,Plena Noite,Crescente,Céu Claro,Dupla,Reta,Não,5,1,1,0,1,4,1,6,-27.829308,-48.6300206,SPRF-SC,DEL01-SC,UOP02-DEL01-SC,2024
"587074,0",2024-03-13,quarta-feira,18:50:00,SC,101,"37,2",JOINVILLE,Avarias e/ou desgaste excessivo no pneu,Colisão com objeto,Com Vítimas Feridas,Plena Noite,Crescente,Céu Claro,Dupla,Reta,Não,4,0,1,0,2,2,1,5,-26.25050176,-48.90863867,SPRF-SC,DEL03-SC,UOP01-DEL03-SC,2024
"587102,0",2024-02-02,sexta-feira,05:40:00,SC,101,"106,1",PENHA,Ausência de reação do condutor,Colisão traseira,Com Vítimas Feridas,Amanhecer,Crescente,Nublado,Múltipla,Interseção de Vias;Retorno Regulamentado,Sim,3,0,1,0,1,2,1,4,-26.81031601,-48.68293896,SPRF-SC,DEL03-SC,UOP02-DEL03-SC,2024
"587107,0",2024-03-14,quinta-feira,00:30:00,SC,101,"374,7",ICARA,Condutor Dormindo,Saída de leito carroçável,Com Vítimas Feridas,Plena Noite,Decrescente,Nevoeiro/Neblina,Dupla,Reta,Não,2,0,1,0,0,2,1,3,-28.736311,-49.24681664,SPRF-SC,DEL02-SC,UOP01-DEL02-SC,2024
"587123,0",2024-03-14,quinta-feira,05:30:00,SC,280,"34,0",ARAQUARI,Acessar a via sem observar a presença dos outros veículos,Colisão transversal,Com Vítimas Feridas,Amanhecer,Decrescente,Céu Claro,Simples,Reta,Sim,3,0,1,0,1,2,1,4,-26.42993971,-48.79615614,SPRF-SC,DEL03-SC,UOP03-DEL03-SC,2024
"587154,0",2024-03-14,quinta-feira,08:30:00,SC,470,"141,3",RIO DO SUL,Problema com o freio,Colisão traseira,Com Vítimas Feridas,Pleno dia,Crescente,Nublado,Simples,Reta,Sim,4,0,1,0,2,2,1,5,-27.20809484,-49.65012431,SPRF-SC,DEL04-SC,UOP02-DEL04-SC,2024
"587403,0",2024-03-15,sexta-feira,11:15:00,SC,470,"144,0",RIO DO SUL,Acessar a via sem observar a presença dos outros veículos,Colisão transversal,Com Vítimas Feridas,Pleno dia,Decrescente,Céu Claro,Simples,Reta,Sim,2,0,1,0,1,0,1,2,-27.22978104,-49.66928601,SPRF-SC,DEL04-SC,UOP02-DEL04-SC,2024
"587407,0",2024-03-15,sexta-feira,13:30:00,SC,101,"132,0",BALNEARIO CAMBORIU,Reação tardia ou ineficiente do condutor,Colisão lateral mesmo sentido,Com Vítimas Feridas,Pleno dia,Crescente,Céu Claro,Múltipla,Reta,Sim,2,0,1,0,1,0,1,2,-26.99654133,-48.65564711,SPRF-SC,DEL04-SC,UOP03-DEL04-SC,2024
"587437,0",2024-03-15,sexta-feira,15:10:00,SC,116,"11,9",MAFRA,Condutor Dormindo,Colisão traseira,Com Vítimas Feridas,Pleno dia,Decrescente,Céu Claro,Simples,Reta,Não,5,0,1,0,4,0,1,2,-26.17627262,-49.8580203,SPRF-SC,DEL06-SC,UOP01-DEL06-SC,2024
"587444,0",2024-03-15,sexta-feira,16:15:00,SC,101,"135,0",BALNEARIO CAMBORIU,Reação tardia ou ineficiente do condutor,Colisão traseira,Com Vítimas Feridas,Pleno dia,Crescente,Céu Claro,Dupla,Reta,Sim,6,0,1,1,2,4,2,7,-27.0050108,-48.62677494,SPRF-SC,DEL04-SC,UOP03-DEL04-SC,2024
"587518,0",2024-03-15,sexta-feira,20:40:00,SC,101,"144,0",ITAPEMA,Reação tardia ou ineficiente do condutor,Colisão traseira,Com Vítimas Feridas,Plena Noite,Decrescente,Céu Claro,Dupla,Curva,Não,2,0,1,0,0,1,1,2,-27.0732659,-48.59672716,SPRF-SC,DEL04-SC,UOP03-DEL04-SC,2024
"587539,0",2024-03-15,sexta-feira,22:00:00,SC,470,"72,6",INDAIAL,Reação tardia ou ineficiente do condutor,Colisão traseira,Com Vítimas Feridas,Plena Noite,Crescente,Céu Claro,Dupla,Viaduto;Reta,Não,5,0,1,0,3,2,1,4,-26.901979,-49.268745,SPRF-SC,DEL04-SC,UOP01-DEL04-SC,2024
"587582,0",2024-03-16,sábado,04:30:00,SC,101,"151,0",ITAPEMA,Ingestão de álcool pelo condutor,Colisão lateral mesmo sentido,Sem Vítimas,Plena Noite,Crescente,Céu Claro,Dupla,Reta,Sim,3,0,0,0,2,1,0,3,-27.126536,-48.609642,SPRF-SC,DEL04-SC,UOP03-DEL04-SC,2024
"587614,0",2024-03-16,sábado,02:20:00,SC,282,"582,5",PINHALZINHO,Condutor Dormindo,Saída de leito carroçável,Com Vítimas Feridas,Plena Noite,Decrescente,Céu Claro,Simples,Curva,Não,1,0,1,0,0,0,1,1,-26.826683,-53.002621,SPRF-SC,DEL07-SC,UOP02-DEL07-SC,2024
"587698,0",2024-03-16,sábado,15:00:00,SC,470,"75,3",INDAIAL,Reação tardia ou ineficiente do condutor,Saída de leito carroçável,Com Vítimas Feridas,Pleno dia,Crescente,Céu Claro,Simples,Reta,Não,3,0,1,1,1,0,2,1,-26.924833,-49.284004,SPRF-SC,DEL04-SC,UOP01-DEL04-SC,2024
"587703,0",2024-03-16,sábado,16:00:00,SC,470,"81,8",RODEIO,Ausência de reação do condutor,Colisão transversal,Com Vítimas Feridas,Pleno dia,Crescente,Céu Claro,Simples,Curva,Não,7,0,2,0,5,0,2,3,-26.950367,-49.325638,SPRF-SC,DEL04-SC,UOP01-DEL04-SC,2024
"587733,0",2024-03-16,sábado,21:40:00,SC,280,"25,5",ARAQUARI,Acessar a via sem observar a presença dos outros veículos,Colisão transversal,Com Vítimas Feridas,Plena Noite,Crescente,Nublado,Simples,Reta,Sim,4,0,2,0,2,0,2,2,-26.38352781,-48.72677516,SPRF-SC,DEL03-SC,UOP03-DEL03-SC,2024
"587754,0",2024-03-16,sábado,22:30:00,SC,116,"255,0",LAGES,Acessar a via sem observar a presença dos outros veículos,Colisão frontal,Sem Vítimas,Plena Noite,Crescente,Céu Claro,Simples,Reta,Não,2,0,0,0,1,1,0,2,-27.87402097,-50.40238738,SPRF-SC,DEL05-SC,UOP02-DEL05-SC,2024
"587831,0",2024-03-17,domingo,10:40:00,SC,101,"204,0",SAO JOSE,Ingestão de álcool pelo condutor,Colisão lateral mesmo sentido,Sem Vítimas,Pleno dia,Decrescente,Céu Claro,Múltipla,Reta,Sim,3,0,0,0,2,1,0,3,-27.57413014,-48.61363083,SPRF-SC,DEL01-SC,UOP01-DEL01-SC,2024
"587856,0",2024-03-17,domingo,10:30:00,SC,282,"563,0",NOVA ERECHIM,Reação tardia ou ineficiente do condutor,Colisão lateral mesmo sentido,Com Vítimas Feridas,Pleno dia,Decrescente,Garoa/Chuvisco,Simples,Declive;Reta,Não,4,0,1,0,2,1,1,3,-26.902191,-52.868835,SPRF-SC,DEL07-SC,UOP02-DEL07-SC,2024
"587864,0",2024-03-13,quarta-feira,21:48:00,SC,282,"514,8",XAXIM,Demais falhas mecânicas ou elétricas,Incêndio,Sem Vítimas,Plena Noite,Decrescente,Nublado,Simples,Reta;Declive,Não,1,0,0,0,1,0,0,1,-26.91970124,-52.49462843,SPRF-SC,DEL07-SC,UOP01-DEL07-SC,2024
"588060,0",2024-03-18,segunda-feira,06:00:00,SC,470,"258,0",CURITIBANOS,Ausência de reação do condutor,Saída de leito carroçável,Sem Vítimas,Pleno dia,Crescente,Céu Claro,Simples,Declive;Curva,Não,2,0,0,0,1,1,0,2,-27.307161,-50.651653,SPRF-SC,DEL05-SC,UOP03-DEL05-SC,2024
"588088,0",2024-03-18,segunda-feira,10:45:00,SC,101,"124,0",ITAJAI,Ausência de reação do condutor,Colisão traseira,Com Vítimas Feridas,Pleno dia,Decrescente,Céu Claro,Dupla,Reta,Não,2,0,1,0,1,0,1,2,-26.94335064,-48.69198648,SPRF-SC,DEL04-SC,UOP04-DEL04-SC,2024
"588090,0",2024-03-18,segunda-feira,07:30:00,SC,282,"340,9",CAMPOS NOVOS,Reação tardia ou ineficiente do condutor,Colisão frontal,Com Vítimas Fatais,Pleno dia,Crescente,Céu Claro,Simples,Declive;Curva,Sim,2,1,0,0,1,0,0,2,-27.388234,-51.203907,SPRF-SC,DEL07-SC,UOP06-DEL07-SC,2024
"588102,0",2024-03-15,sexta-feira,05:00:00,SC,280,"285,4",IRINEOPOLIS,Velocidade Incompatível,Colisão frontal,Com Vítimas Feridas,Amanhecer,Crescente,Céu Claro,Simples,Declive;Curva,Não,4,0,0,1,3,0,1,2,-26.29239616,-50.87751706,SPRF-SC,DEL06-SC,UOP04-DEL06-SC,2024
"588132,0",2024-03-18,segunda-feira,13:20:00,SC,101,"210,0",SAO JOSE,Manobra de mudança de faixa,Queda de ocupante de veículo,Com Vítimas Feridas,Pleno dia,Decrescente,Céu Claro,Múltipla,Reta,Sim,3,0,0,2,1,0,2,2,-27.6167305,-48.6457265,SPRF-SC,DEL01-SC,UOP01-DEL01-SC,2024
"588143,0",2024-03-18,segunda-feira,10:05:00,SC,282,"427,8",VARGEM BONITA,Ausência de reação do condutor,Saída de leito carroçável,Com Vítimas Feridas,Pleno dia,Crescente,Céu Claro,Simples,Reta,Não,5,0,0,1,3,1,1,3,-26.975946,-51.771011,SPRF-SC,DEL07-SC,UOP05-DEL07-SC,2024
"588187,0",2024-03-18,segunda-feira,05:30:00,SC,282,"86,0",ALFREDO WAGNER,Velocidade Incompatível,Tombamento,Com Vítimas Feridas,Amanhecer,Crescente,Céu Claro,Simples,Declive;Curva,Não,2,0,2,0,0,0,2,1,-27.661551,-49.197906,SPRF-SC,DEL01-SC,UOP03-DEL01-SC,2024
"588218,0",2024-03-18,segunda-feira,16:30:00,SC,470,"263,2",CURITIBANOS,Reação tardia ou ineficiente do condutor,Saída de leito carroçável,Com Vítimas Feridas,Pleno dia,Decrescente,Céu Claro,Simples,Aclive;Reta,Não,2,0,1,0,0,2,1,3,-27.302788,-50.701061,SPRF-SC,DEL05-SC,UOP03-DEL05-SC,2024
"588258,0",2024-03-18,segunda-feira,12:15:00,SC,282,"410,6",CATANDUVAS,Demais falhas mecânicas ou elétricas,Saída de leito carroçável,Sem Vítimas,Pleno dia,Crescente,Céu Claro,Simples,Curva;Declive,Não,2,0,0,0,1,2,0,3,-27.061399,-51.671875,SPRF-SC,DEL07-SC,UOP05-DEL07-SC,2024
"588272,0",2024-03-19,terça-feira,02:55:00,SC,101,"22,0",JOINVILLE,Ausência de reação do condutor,Colisão traseira,Sem Vítimas,Plena Noite,Crescente,Céu Claro,Múltipla,Reta,Sim,2,0,0,0,1,1,0,2,-26.15679993,-48.90786269,SPRF-SC,DEL03-SC,UOP01-DEL03-SC,2024