id,data_inversa,dia_semana,horario,uf,br,km,municipio,causa_acidente,tipo_acidente,classificacao_acidente,fase_dia,sentido_via,condicao_metereologica,tipo_pista,tracado_via,uso_solo,pessoas,mortos,feridos_leves,feridos_graves,ilesos,ignorados,feridos,veiculos,latitude,longitude,regional,delegacia,uop,ano_arquivo
"588392,0",2024-03-19,terça-feira,15:40:00,SC,101,"381,4",ICARA,Velocidade Incompatível,Colisão traseira,Com Vítimas Feridas,Pleno dia,Crescente,Céu Claro,Dupla,Reta,Não,4,0,0,1,2,2,1,5,-28.75478409,-49.27732095,SPRF-SC,DEL02-SC,UOP02-DEL02-SC,2024
"588400,0",2024-03-19,terça-feira,17:30:00,SC,280,"125,7",RIO NEGRINHO,Ultrapassagem Indevida,Colisão frontal,Sem Vítimas,Anoitecer,Crescente,Céu Claro,Simples,Reta;Aclive,Sim,2,0,0,0,2,0,0,2,-26.23763684,-49.48434497,SPRF-SC,DEL06-SC,UOP03-DEL06-SC,2024
"588421,0",2024-03-19,terça-feira,18:45:00,SC,101,"148,0",ITAPEMA,Condutor deixou de manter distância do veículo da frente,Colisão traseira,Com Vítimas Feridas,Plena Noite,Decrescente,Céu Claro,Dupla,Reta,Sim,4,0,1,1,2,0,2,4,-27.10123686,-48.61807962,SPRF-SC,DEL04-SC,UOP03-DEL04-SC,2024
"588433,0",2024-03-19,terça-feira,18:20:00,SC,280,"29,0",ARAQUARI,Acessar a via sem observar a presença dos outros veículos,Colisão transversal,Sem Vítimas,Plena Noite,Crescente,Nublado,Simples,Interseção de Vias;Reta,Sim,2,0,0,0,2,0,0,2,-26.41066264,-48.75295628,SPRF-SC,DEL03-SC,UOP03-DEL03-SC,2024
"588440,0",2024-03-19,terça-feira,21:45:00,SC,101,"39,0",JOINVILLE,Velocidade Incompatível,Colisão traseira,Com Vítimas Feridas,Plena Noite,Decrescente,Céu Claro,Dupla,Viaduto;Reta;Aclive,Sim,5,0,1,0,3,2,1,4,-26.2628107,-48.90192257,SPRF-SC,DEL03-SC,UOP01-DEL03-SC,2024
"588484,0",2024-03-19,terça-feira,21:40:00,SC,280,"237,3",CANOINHAS,Velocidade Incompatível,Tombamento,Com Vítimas Feridas,Plena Noite,Decrescente,Nevoeiro/Neblina,Simples,Curva;Declive,Não,2,0,1,0,0,1,1,2,-26.19844599,-50.43216601,SPRF-SC,DEL06-SC,UOP04-DEL06-SC,2024
"588548,0",2024-03-20,quarta-feira,08:30:00,SC,101,"117,0",ITAJAI,Acessar a via sem observar a presença dos outros veículos,Colisão transversal,Sem Vítimas,Pleno dia,Crescente,Céu Claro,Simples,Rotatória,Não,3,0,0,0,1,2,0,3,-26.88747187,-48.72252969,SPRF-SC,DEL04-SC,UOP04-DEL04-SC,2024
"588623,0",2024-03-20,quarta-feira,17:50:00,SC,101,"115,0",ITAJAI,Trafegar com motocicleta (ou similar) entre as faixas,Colisão lateral mesmo sentido,Com Vítimas Feridas,Pleno dia,Decrescente,Nublado,Múltipla,Reta,Sim,3,0,1,0,1,2,1,4,-26.87064015,-48.72954134,SPRF-SC,DEL04-SC,UOP04-DEL04-SC,2024
"588641,0",2024-03-20,quarta-feira,18:00:00,SC,101,"164,3",TIJUCAS,Acesso irregular,Colisão com objeto,Com Vítimas Feridas,Anoitecer,Crescente,Nublado,Múltipla,Retorno Regulamentado;Reta,Não,2,0,1,0,0,1,1,2,-27.243868,-48.6309,SPRF-SC,DEL04-SC,UOP03-DEL04-SC,2024
"588685,0",2024-03-20,quarta-feira,17:30:00,SC,153,"49,0",VARGEM BONITA,Velocidade Incompatível,Tombamento,Com Vítimas Feridas,Pleno dia,Crescente,Chuva,Simples,Curva,Não,2,0,1,0,0,1,1,2,-26.908381,-51.783154,SPRF-SC,DEL07-SC,UOP07-DEL07-SC,2024
"588686,0",2024-03-20,quarta-feira,23:30:00,SC,470,"7,0",NAVEGANTES,Condutor deixou de manter distância do veículo da frente,Colisão traseira,Com Vítimas Feridas,Plena Noite,Decrescente,Nublado,Dupla,Reta,Sim,3,0,1,0,1,1,1,3,-26.84499,-48.71505,SPRF-SC,DEL04-SC,UOP04-DEL04-SC,2024
"588701,0",2024-03-20,quarta-feira,23:00:00,SC,282,"459,8",PONTE SERRADA,Transitar na contramão,Colisão frontal,Com Vítimas Fatais,Plena Noite,Decrescente,Céu Claro,Simples,Reta;Aclive,Sim,2,1,0,0,1,0,0,2,-26.879523,-52.014036,SPRF-SC,DEL07-SC,UOP04-DEL07-SC,2024
"588791,0",2024-03-21,quinta-feira,10:00:00,SC,470,"220,0",SAO CRISTOVAO DO SUL,Ausência de reação do condutor,Tombamento,Com Vítimas Feridas,Pleno dia,Decrescente,Nublado,Simples,Curva;Declive,Não,1,0,1,0,0,0,1,1,-27.309702,-50.30975,SPRF-SC,DEL05-SC,UOP03-DEL05-SC,2024
"588827,0",2024-03-21,quinta-feira,15:10:00,SC,116,"28,0",ITAIOPOLIS,Demais falhas mecânicas ou elétricas,Incêndio,Sem Vítimas,Pleno dia,Crescente,Céu Claro,Simples,Aclive,Não,2,0,0,0,1,6,0,7,-26.29910292,-49.94877311,SPRF-SC,DEL06-SC,UOP01-DEL06-SC,2024
"588836,0",2024-03-21,quinta-feira,16:40:00,SC,101,"382,0",ICARA,Ausência de sinalização,Colisão traseira,Com Vítimas Feridas,Pleno dia,Decrescente,Céu Claro,Múltipla,Reta,Sim,2,0,1,0,1,0,1,2,-28.75966988,-49.28552404,SPRF-SC,DEL02-SC,UOP02-DEL02-SC,2024
"588908,0",2024-03-22,sexta-feira,01:50:00,SC,470,"47,7",BLUMENAU,Demais falhas mecânicas ou elétricas,Colisão transversal,Com Vítimas Feridas,Plena Noite,Crescente,Nublado,Simples,Reta;Aclive,Não,3,0,1,0,1,1,1,3,-26.864044,-49.046516,SPRF-SC,DEL04-SC,UOP01-DEL04-SC,2024
"588954,0",2024-03-22,sexta-feira,07:30:00,SC,280,"73,3",JARAGUA DO SUL,Ultrapassagem Indevida,Colisão lateral mesmo sentido,Com Vítimas Feridas,Pleno dia,Crescente,Nublado,Simples,Rotatória,Sim,2,0,1,0,1,0,1,2,-26.45917102,-49.15245,SPRF-SC,DEL03-SC,UOP03-DEL03-SC,2024
"588965,0",2024-03-22,sexta-feira,05:25:00,SC,282,"170,3",BOCAINA DO SUL,Ultrapassagem Indevida,Colisão frontal,Com Vítimas Fatais,Amanhecer,Decrescente,Céu Claro,Simples,Reta;Aclive,Não,8,1,3,2,1,1,5,4,-27.741282,-49.843479,SPRF-SC,DEL05-SC,UOP01-DEL05-SC,2024
"589068,0",2024-03-22,sexta-feira,12:16:00,SC,116,"130,6",SANTA CECILIA,Ausência de reação do condutor,Colisão traseira,Com Vítimas Feridas,Pleno dia,Decrescente,Céu Claro,Simples,Reta,Não,5,0,0,2,1,3,2,5,-26.89105589,-50.43451019,SPRF-SC,DEL06-SC,UOP02-DEL06-SC,2024
"589093,0",2024-03-22,sexta-feira,19:50:00,SC,470,"52,6",BLUMENAU,Acessar a via sem observar a presença dos outros veículos,Colisão transversal,Com Vítimas Feridas,Plena Noite,Decrescente,Céu Claro,Simples,Interseção de Vias,Sim,4,0,1,0,3,0,1,2,-26.862286,-49.093903,SPRF-SC,DEL04-SC,UOP01-DEL04-SC,2024
"589132,0",2024-03-23,sábado,00:10:00,SC,101,"166,9",TIJUCAS,Ausência de reação do condutor,Saída de leito carroçável,Com Vítimas Feridas,Plena Noite,Crescente,Nublado,Dupla,Reta,Não,2,0,1,0,0,1,1,2,-27.26147697,-48.63180349,SPRF-SC,DEL04-SC,UOP03-DEL04-SC,2024
"589137,0",2024-03-23,sábado,02:00:00,SC,282,"16,4",PALHOCA,Acessar a via sem observar a presença dos outros veículos,Colisão transversal,Com Vítimas Feridas,Plena Noite,Crescente,Nublado,Simples,Reta,Sim,5,0,1,0,3,2,1,4,-27.658611,-48.681847,SPRF-SC,DEL01-SC,UOP02-DEL01-SC,2024
"589232,0",2024-03-23,sábado,03:40:00,SC,158,"103,0",CUNHA PORA,Ingestão de álcool pelo condutor,Colisão lateral sentido oposto,Com Vítimas Feridas,Plena Noite,Crescente,Céu Claro,Simples,Reta,Não,3,0,2,0,1,0,2,2,-26.85293519,-53.16889316,SPRF-SC,DEL07-SC,UOP02-DEL07-SC,2024
"589307,0",2024-03-23,sábado,19:20:00,SC,282,"18,0",PALHOCA,Ingestão de álcool pelo condutor,Colisão traseira,Sem Vítimas,Plena Noite,Decrescente,Céu Claro,Simples,Reta,Não,2,0,0,0,2,0,0,2,-27.672798,-48.694286,SPRF-SC,DEL01-SC,UOP02-DEL01-SC,2024
"589315,0",2024-03-23,sábado,18:25:00,SC,470,"99,7",APIUNA,Manobra de mudança de faixa,Colisão frontal,Com Vítimas Fatais,Plena Noite,Decrescente,Garoa/Chuvisco,Simples,Desvio Temporário;Reta;Em Obras,Não,2,1,0,0,1,0,0,2,-27.0455908,-49.393765,SPRF-SC,DEL04-SC,UOP02-DEL04-SC,2024
"589524,0",2024-03-24,domingo,19:30:00,SC,470,"127,0",LONTRAS,Ultrapassagem Indevida,Colisão lateral mesmo sentido,Com Vítimas Feridas,Plena Noite,Decrescente,Céu Claro,Simples,Curva,Não,9,0,7,0,0,2,7,3,-27.14322769,-49.54884946,SPRF-SC,DEL04-SC,UOP02-DEL04-SC,2024
"589607,0",2024-03-25,segunda-feira,07:40:00,SC,282,"580,0",PINHALZINHO,Reação tardia ou ineficiente do condutor,Colisão transversal,Com Vítimas Feridas,Pleno dia,Crescente,Céu Claro,Simples,Rotatória,Sim,3,0,0,1,1,1,1,3,-26.832148,-52.994308,SPRF-SC,DEL07-SC,UOP02-DEL07-SC,2024
"589641,0",2024-01-18,quinta-feira,20:30:00,SC,470,"235,2",SAO CRISTOVAO DO SUL,Transitar no Acostamento,Colisão frontal,Com Vítimas Feridas,Anoitecer,Decrescente,Nublado,Simples,Curva,Não,2,0,0,1,1,0,1,2,-27.302292,-50.439423,SPRF-SC,DEL05-SC,UOP03-DEL05-SC,2024
"589708,0",2024-03-25,segunda-feira,15:30:00,SC,101,"106,1",PENHA,Manobra de mudança de faixa,Colisão lateral mesmo sentido,Com Vítimas Feridas,Pleno dia,Decrescente,Céu Claro,Dupla,Curva;Declive,Não,4,0,2,0,1,1,2,3,-26.81031601,-48.68293896,SPRF-SC,DEL03-SC,UOP02-DEL03-SC,2024
"589763,0",2024-03-26,terça-feira,00:20:00,SC,101,"219,3",PALHOCA,Reação tardia ou ineficiente do condutor,Engavetamento,Com Vítimas Feridas,Plena Noite,Decrescente,Céu Claro,Simples,Reta,Sim,5,0,1,0,3,2,1,5,-27.68392194,-48.66710085,SPRF-SC,DEL01-SC,UOP02-DEL01-SC,2024
"589772,0",2024-03-26,terça-feira,02:40:00,SC,101,"127,6",BALNEARIO CAMBORIU,Condutor deixou de manter distância do veículo da frente,Colisão traseira,Com Vítimas Feridas,Plena Noite,Decrescente,Céu Claro,Dupla,Reta,Não,2,0,0,1,1,0,1,2,-26.9639319,-48.68328024,SPRF-SC,DEL04-SC,UOP04-DEL04-SC,2024
"589795,0",2024-03-26,terça-feira,05:40:00,SC,116,"215,5",CORREIA PINTO,Reação tardia ou ineficiente do condutor,Tombamento,Com Vítimas Feridas,Pleno dia,Decrescente,Céu Claro,Simples,Reta,Não,2,0,1,0,0,1,1,2,-27.538325,-50.376366,SPRF-SC,DEL05-SC,UOP03-DEL05-SC,2024
"589834,0",2024-03-26,terça-feira,10:10:00,SC,480,"123,0",CHAPECO,Reação tardia ou ineficiente do condutor,Tombamento,Com Vítimas Feridas,Pleno dia,Crescente,Céu Claro,Simples,Interseção de Vias;Curva,Não,2,0,1,0,0,1,1,2,-26.99739704,-52.64201951,SPRF-SC,DEL07-SC,UOP01-DEL07-SC,2024
"589852,0",2024-03-26,terça-feira,14:20:00,SC,101,"209,0",SAO JOSE,Trafegar com motocicleta (ou similar) entre as faixas,Colisão transversal,Com Vítimas Feridas,Pleno dia,Decrescente,Céu Claro,Dupla,Reta,Sim,4,0,1,0,1,2,1,4,-27.61000542,-48.63895057,SPRF-SC,DEL01-SC,UOP01-DEL01-SC,2024
"589874,0",2024-03-26,terça-feira,11:30:00,SC,282,"351,0",CAMPOS NOVOS,Entrada inopinada do pedestre,Eventos atípicos,Com Vítimas Feridas,Pleno dia,Decrescente,Céu Claro,Simples,Rotatória,Não,3,0,1,0,1,1,1,3,-27.361374,-51.301975,SPRF-SC,DEL07-SC,UOP06-DEL07-SC,2024
"589976,0",2024-03-27,quarta-feira,07:00:00,SC,101,"44,0",JOINVILLE,Velocidade Incompatível,Colisão traseira,Com Vítimas Feridas,Pleno dia,Decrescente,Céu Claro,Múltipla,Reta;Declive,Sim,3,0,2,0,1,0,2,2,-26.31238996,-48.87458997,SPRF-SC,DEL03-SC,UOP01-DEL03-SC,2024
"590008,0",2024-03-27,quarta-feira,06:30:00,SC,282,"22,6",SANTO AMARO DA IMPERATRIZ,Reação tardia ou ineficiente do condutor,Colisão com objeto,Com Vítimas Feridas,Amanhecer,Decrescente,Céu Claro,Simples,Reta,Sim,4,0,1,0,2,1,1,4,-27.688507,-48.72739,SPRF-SC,DEL01-SC,UOP02-DEL01-SC,2024
"590025,0",2024-02-01,quinta-feira,17:35:00,SC,282,"156,3",BOM RETIRO,Reação tardia ou ineficiente do condutor,Colisão traseira,Com Vítimas Feridas,Anoitecer,Decrescente,Céu Claro,Simples,Declive;Reta,Não,2,0,1,0,1,0,1,2,-27.746881,-49.715881,SPRF-SC,DEL05-SC,UOP01-DEL05-SC,2024
"590071,0",2024-03-27,quarta-feira,10:20:00,SC,470,"347,3",CAMPOS NOVOS,Velocidade Incompatível,Capotamento,Com Vítimas Feridas,Pleno dia,Crescente,Sol,Simples,Aclive;Curva,Não,2,0,0,1,0,1,1,2,-27.54815474,-51.45206451,SPRF-SC,DEL07-SC,UOP06-DEL07-SC,2024
"590103,0",2024-03-27,quarta-feira,15:30:00,SC,101,"208,8",SAO JOSE,Condutor deixou de manter distância do veículo da frente,Colisão traseira,Com Vítimas Feridas,Pleno dia,Crescente,Céu Claro,Dupla,Reta,Sim,4,0,1,0,2,1,1,4,-27.60327979,-48.63201818,SPRF-SC,DEL01-SC,UOP01-DEL01-SC,2024
"590146,0",2024-03-27,quarta-feira,11:40:00,SC,101,"41,0",JOINVILLE,Reação tardia ou ineficiente do condutor,Derramamento de carga,Sem Vítimas,Pleno dia,Crescente,Céu Claro,Múltipla,Curva,Sim,2,0,0,0,1,1,0,2,-26.31698544,-48.87319028,SPRF-SC,DEL03-SC,UOP01-DEL03-SC,2024
"590182,0",2024-03-27,quarta-feira,19:30:00,SC,101,"157,0",PORTO BELO,Carga excessiva e/ou mal acondicionada,Colisão com objeto,Com Vítimas Feridas,Plena Noite,Crescente,Céu Claro,Dupla,Reta,Sim,2,0,1,0,0,1,1,2,-27.181625,-48.6121179,SPRF-SC,DEL04-SC,UOP03-DEL04-SC,2024
"590183,0",2024-03-27,quarta-feira,22:30:00,SC,101,"145,0",ITAPEMA,Ausência de reação do condutor,Engavetamento,Com Vítimas Feridas,Plena Noite,Decrescente,Céu Claro,Dupla,Reta;Aclive,Sim,4,0,0,1,2,1,1,4,-27.08139206,-48.60130993,SPRF-SC,DEL04-SC,UOP03-DEL04-SC,2024
"590216,0",2024-03-28,quinta-feira,05:50:00,SC,282,"376,4",HERVAL DOESTE,Suicídio (presumido),Atropelamento de Pedestre,Com Vítimas Fatais,Amanhecer,Crescente,Céu Claro,Simples,Declive;Reta,Não,3,1,0,0,1,1,0,3,-27.2230317,-51.458607,SPRF-SC,DEL07-SC,UOP05-DEL07-SC,2024
"590241,0",2024-03-28,quinta-feira,08:30:00,SC,101,"204,0",SAO JOSE,Reação tardia ou ineficiente do condutor,Colisão lateral mesmo sentido,Sem Vítimas,Pleno dia,Decrescente,Céu Claro,Dupla,Reta,Não,2,0,0,0,2,0,0,2,-27.57413014,-48.61363083,SPRF-SC,DEL01-SC,UOP01-DEL01-SC,2024
"590244,0",2024-03-28,quinta-feira,08:10:00,SC,282,"572,7",NOVA ERECHIM,Acessar a via sem observar a presença dos outros veículos,Colisão frontal,Com Vítimas Feridas,Pleno dia,Decrescente,Céu Claro,Simples,Reta;Interseção de Vias,Sim,2,0,0,1,1,0,1,2,-26.879332,-52.949421,SPRF-SC,DEL07-SC,UOP02-DEL07-SC,2024
"590278,0",2024-03-28,quinta-feira,07:30:00,SC,280,"227,5",TRES BARRAS,Condutor deixou de manter distância do veículo da frente,Colisão traseira,Com Vítimas Feridas,Pleno dia,Decrescente,Céu Claro,Simples,Reta,Não,2,0,0,1,1,0,1,2,-26.18271156,-50.33250707,SPRF-SC,DEL06-SC,UOP04-DEL06-SC,2024
"590279,0",2024-03-28,quinta-feira,12:00:00,SC,101,"384,6",ICARA,Condutor deixou de manter distância do veículo da frente,Colisão traseira,Com Vítimas Feridas,Pleno dia,Crescente,Céu Claro,Dupla,Reta,Não,3,0,1,0,1,1,1,3,-28.76851141,-49.3025538,SPRF-SC,DEL02-SC,UOP02-DEL02-SC,2024
"590286,0",2024-03-28,quinta-feira,13:50:00,SC,101,"203,0",SAO JOSE,Manobra de mudança de faixa,Colisão lateral mesmo sentido,Com Vítimas Feridas,Pleno dia,Crescente,Céu Claro,Múltipla,Reta,Sim,3,0,1,0,1,1,1,3,-27.5650044,-48.61460082,SPRF-SC,DEL01-SC,UOP01-DEL01-SC,2024
"590344,0",2024-03-28,quinta-feira,14:40:00,SC,280,"237,5",CANOINHAS,Transitar na contramão,Colisão frontal,Com Vítimas Feridas,Pleno dia,Crescente,Céu Claro,Simples,Curva,Não,3,0,0,2,1,0,2,2,-26.19844599,-50.43216601,SPRF-SC,DEL06-SC,UOP04-DEL06-SC,2024
"590468,0",2024-03-29,sexta-feira,04:30:00,SC,101,"148,0",ITAPEMA,Ingestão de álcool pelo condutor,Colisão traseira,Sem Vítimas,Plena Noite,Decrescente,Céu Claro,Dupla,Reta,Sim,3,0,0,0,2,2,0,4,-27.06436,-48.59599405,SPRF-SC,DEL04-SC,UOP03-DEL04-SC,2024
"590474,0",2024-03-29,sexta-feira,03:45:00,SC,282,"220,4",LAGES,Ingestão de álcool pelo condutor,Colisão traseira,Com Vítimas Feridas,Plena Noite,Crescente,Nublado,Simples,Curva,Sim,4,0,0,1,1,2,1,4,-27.794014,-50.33363,SPRF-SC,DEL05-SC,UOP01-DEL05-SC,2024
"590488,0",2024-03-29,sexta-feira,06:50:00,SC,101,"10,1",GARUVA,Condutor deixou de manter distância do veículo da frente,Colisão traseira,Com Vítimas Feridas,Pleno dia,Crescente,Nublado,Dupla,Declive;Reta,Não,5,0,1,0,3,1,1,3,-26.063011,-48.86020605,SPRF-SC,DEL03-SC,UOP01-DEL03-SC,2024
"590568,0",2024-03-29,sexta-feira,12:50:00,SC,163,"104,3",SAO JOSE DO CEDRO,Ausência de reação do condutor,Colisão frontal,Com Vítimas Feridas,Pleno dia,Decrescente,Céu Claro,Simples,Curva;Aclive,Sim,2,0,0,1,1,0,1,2,-26.4517091,-53.51159334,SPRF-SC,DEL07-SC,UOP03-DEL07-SC,2024
"590674,0",2024-03-30,sábado,08:30:00,SC,282,"528,4",XAXIM,Mal súbito do condutor,Saída de leito carroçável,Com Vítimas Feridas,Pleno dia,Crescente,Céu Claro,Simples,Reta;Aclive,Não,4,0,2,0,0,2,2,3,-26.978798,-52.588566,SPRF-SC,DEL07-SC,UOP01-DEL07-SC,2024
"590788,0",2024-03-30,sábado,17:35:00,SC,101,"298,8",IMBITUBA,Condutor deixou de manter distância do veículo da frente,Colisão traseira,Com Vítimas Feridas,Pleno dia,Crescente,Céu Claro,Múltipla,Reta,Sim,2,0,0,1,1,0,1,2,-28.32102597,-48.72829906,SPRF-SC,DEL02-SC,UOP03-DEL02-SC,2024
"591004,0",2024-03-31,domingo,16:30:00,SC,101,"229,4",PALHOCA,Ausência de reação do condutor,Saída de leito carroçável,Com Vítimas Feridas,Pleno dia,Decrescente,Céu Claro,Simples,Reta,Não,2,0,1,0,0,1,1,2,-27.7688932,-48.63205379,SPRF-SC,DEL01-SC,UOP02-DEL01-SC,2024
"591041,0",2024-03-31,domingo,20:15:00,SC,101,"183,3",BIGUACU,Transitar no Acostamento,Colisão lateral mesmo sentido,Com Vítimas Feridas,Plena Noite,Crescente,Céu Claro,Dupla,Reta,Não,5,0,1,0,3,2,1,5,-27.40688892,-48.6285296,SPRF-SC,DEL01-SC,UOP01-DEL01-SC,2024
"591140,0",2024-04-01,segunda-feira,08:50:00,SC,470,"39,0",GASPAR,Condutor deixou de manter distância do veículo da frente,Engavetamento,Com Vítimas Feridas,Pleno dia,Crescente,Céu Claro,Dupla,Desvio Temporário;Aclive;Em Obras,Não,8,0,3,0,4,1,3,5,-26.897341,-48.986881,SPRF-SC,DEL04-SC,UOP01-DEL04-SC,2024
"591148,0",2024-04-01,segunda-feira,11:20:00,SC,101,"197,4",BIGUACU,Manobra de mudança de faixa,Colisão traseira,Sem Vítimas,Pleno dia,Crescente,Nublado,Dupla,Reta,Sim,4,0,0,0,2,2,0,4,-27.51844497,-48.63848496,SPRF-SC,DEL01-SC,UOP01-DEL01-SC,2024
"591180,0",2024-04-01,segunda-feira,12:55:00,SC,470,"118,0",IBIRAMA,Reação tardia ou ineficiente do condutor,Colisão transversal,Com Vítimas Feridas,Pleno dia,Decrescente,Céu Claro,Simples,Curva,Não,7,0,1,0,5,1,1,5,-27.082176,-49.511818,SPRF-SC,DEL04-SC,UOP02-DEL04-SC,2024
"591187,0",2024-04-01,segunda-feira,14:37:00,SC,470,"73,5",INDAIAL,Transitar na contramão,Colisão frontal,Com Vítimas Feridas,Pleno dia,Crescente,Céu Claro,Simples,Curva,Não,3,0,1,0,1,2,1,4,-26.91369645,-49.27942341,SPRF-SC,DEL04-SC,UOP01-DEL04-SC,2024
"591213,0",2024-04-01,segunda-feira,17:00:00,SC,101,"219,3",PALHOCA,Manobra de mudança de faixa,Colisão lateral mesmo sentido,Com Vítimas Feridas,Pleno dia,Crescente,Céu Claro,Dupla,Reta,Não,3,0,1,0,1,1,1,3,-27.68392194,-48.66710085,SPRF-SC,DEL01-SC,UOP02-DEL01-SC,2024
"591262,0",2024-04-01,segunda-feira,19:10:00,SC,101,"238,4",PALHOCA,Demais falhas mecânicas ou elétricas,Incêndio,Sem Vítimas,Plena Noite,Decrescente,Céu Claro,Dupla,Reta;Viaduto,Não,2,0,0,0,1,1,0,2,-27.84293889,-48.63471922,SPRF-SC,DEL01-SC,UOP02-DEL01-SC,2024
"591420,0",2024-04-02,terça-feira,14:00:00,SC,101,"127,3",ITAJAI,Reação tardia ou ineficiente do condutor,Colisão traseira,Com Vítimas Feridas,Pleno dia,Crescente,Céu Claro,Dupla,Reta,Sim,5,0,1,0,3,1,1,4,-26.9639319,-48.68328024,SPRF-SC,DEL04-SC,UOP04-DEL04-SC,2024
"591454,0",2024-04-02,terça-feira,16:31:00,SC,470,"36,6",GASPAR,Acumulo de água sobre o pavimento,Colisão com objeto,Sem Vítimas,Pleno dia,Decrescente,Chuva,Dupla,Curva,Não,3,0,0,0,2,1,0,3,-26.914196,-48.968948,SPRF-SC,DEL04-SC,UOP01-DEL04-SC,2024
"591463,0",2024-04-02,terça-feira,20:30:00,SC,282,"4,5",SAO JOSE,Reação tardia ou ineficiente do condutor,Colisão com objeto,Com Vítimas Feridas,Plena Noite,Crescente,Céu Claro,Múltipla,Declive;Reta,Sim,3,0,1,0,2,0,1,2,-27.592646,-48.604034,SPRF-SC,DEL01-SC,UOP01-DEL01-SC,2024
"591471,0",2024-04-02,terça-feira,21:10:00,SC,101,"362,2",SANGAO,Condutor usando celular,Colisão traseira,Com Vítimas Feridas,Plena Noite,Decrescente,Garoa/Chuvisco,Múltipla,Curva;Aclive,Não,3,0,1,0,1,2,1,4,-28.67136197,-49.12225505,SPRF-SC,DEL02-SC,UOP01-DEL02-SC,2024
"591507,0",2024-04-03,quarta-feira,01:30:00,SC,282,"591,9",SAUDADES,Ultrapassagem Indevida,Saída de leito carroçável,Com Vítimas Feridas,Plena Noite,Decrescente,Céu Claro,Simples,Aclive;Curva,Não,1,0,1,0,0,0,1,1,-26.826925,-53.082031,SPRF-SC,DEL07-SC,UOP02-DEL07-SC,2024
"591515,0",2024-04-03,quarta-feira,01:30:00,SC,153,"25,0",AGUA DOCE,Ingestão de álcool pelo condutor,Saída de leito carroçável,Sem Vítimas,Plena Noite,Decrescente,Nublado,Simples,Curva,Não,2,0,0,0,1,1,0,2,-26.763589,-51.668524,SPRF-SC,DEL07-SC,UOP07-DEL07-SC,2024
"591571,0",2024-04-03,quarta-feira,08:30:00,SC,101,"134,0",BALNEARIO CAMBORIU,Demais falhas mecânicas ou elétricas,Incêndio,Com Vítimas Feridas,Pleno dia,Crescente,Nublado,Dupla,Reta,Não,2,0,1,0,0,1,1,2,-27.00218,-48.636433,SPRF-SC,DEL04-SC,UOP03-DEL04-SC,2024
"591630,0",2024-04-03,quarta-feira,07:40:00,SC,280,"81,0",CORUPA,Reação tardia ou ineficiente do condutor,Atropelamento de Pedestre,Com Vítimas Feridas,Pleno dia,Decrescente,Céu Claro,Simples,Reta,Não,2,0,1,0,1,0,1,2,-26.44057489,-49.217056,SPRF-SC,DEL06-SC,UOP03-DEL06-SC,2024
"591631,0",2024-04-03,quarta-feira,19:10:00,SC,280,"241,0",CANOINHAS,Conversão proibida,Colisão traseira,Com Vítimas Feridas,Plena Noite,Decrescente,Nublado,Simples,Reta;Declive,Não,4,0,2,0,2,0,2,2,-26.22501599,-50.45997601,SPRF-SC,DEL06-SC,UOP04-DEL06-SC,2024
"591660,0",2024-04-04,quinta-feira,01:00:00,SC,280,"162,0",MAFRA,Ingestão de álcool pelo condutor,Colisão lateral sentido oposto,Com Vítimas Feridas,Plena Noite,Crescente,Céu Claro,Simples,Aclive;Reta,Não,3,0,1,0,1,2,1,4,-26.20386631,-49.79088509,SPRF-SC,DEL06-SC,UOP03-DEL06-SC,2024
"591686,0",2024-01-03,quarta-feira,15:00:00,SC,470,"17,0",ILHOTA,Carga excessiva e/ou mal acondicionada,Tombamento,Com Vítimas Feridas,Pleno dia,Crescente,Céu Claro,Dupla,Reta,Não,3,0,1,1,0,1,2,3,-26.849277,-48.801674,SPRF-SC,DEL04-SC,UOP04-DEL04-SC,2024
"591692,0",2024-04-04,quinta-feira,07:10:00,SC,101,"205,3",SAO JOSE,Reação tardia ou ineficiente do condutor,Colisão traseira,Com Vítimas Feridas,Pleno dia,Crescente,Céu Claro,Múltipla,Reta,Sim,3,0,0,1,2,0,1,3,-27.58313237,-48.61532885,SPRF-SC,DEL01-SC,UOP01-DEL01-SC,2024
"591705,0",2024-04-04,quinta-feira,08:40:00,SC,116,"10,5",MAFRA,Velocidade Incompatível,Tombamento,Com Vítimas Feridas,Pleno dia,Decrescente,Céu Claro,Simples,Curva;Aclive,Sim,3,0,1,0,0,2,1,3,-26.17415761,-49.85561371,SPRF-SC,DEL06-SC,UOP01-DEL06-SC,2024
"591752,0",2024-04-04,quinta-feira,14:45:00,SC,101,"204,3",SAO JOSE,Trafegar com motocicleta (ou similar) entre as faixas,Colisão lateral mesmo sentido,Com Vítimas Feridas,Pleno dia,Crescente,Céu Claro,Múltipla,Reta,Sim,2,0,0,1,0,1,1,2,-27.57413014,-48.61363083,SPRF-SC,DEL01-SC,UOP01-DEL01-SC,2024
"591767,0",2024-04-04,quinta-feira,16:10:00,SC,470,"58,6",BLUMENAU,Trafegar com motocicleta (ou similar) entre as faixas,Colisão lateral mesmo sentido,Com Vítimas Feridas,Pleno dia,Crescente,Nublado,Simples,Curva,Sim,2,0,1,0,0,1,1,2,-26.88376757,-49.15174305,SPRF-SC,DEL04-SC,UOP01-DEL04-SC,2024