id,data_inversa,dia_semana,horario,uf,br,km,municipio,causa_acidente,tipo_acidente,classificacao_acidente,fase_dia,sentido_via,condicao_metereologica,tipo_pista,tracado_via,uso_solo,pessoas,mortos,feridos_leves,feridos_graves,ilesos,ignorados,feridos,veiculos,latitude,longitude,regional,delegacia,uop,ano_arquivo
"591801,0",2024-04-04,quinta-feira,16:55:00,SC,282,"207,3",SAO JOSE,Trafegar com motocicleta (ou similar) entre as faixas,Colisão lateral mesmo sentido,Com Vítimas Fatais,Pleno dia,Crescente,Céu Claro,Múltipla,Curva;Aclive,Sim,3,1,0,0,1,1,0,3,-27.6016948,-48.6269563,SPRF-SC,DEL05-SC,UOP01-DEL05-SC,2024
"591869,0",2024-04-05,sexta-feira,07:30:00,SC,101,"333,8",TUBARAO,Manobra de mudança de faixa,Colisão transversal,Com Vítimas Feridas,Pleno dia,Decrescente,Nublado,Dupla,Interseção de Vias,Sim,3,0,1,0,2,0,1,2,-28.46730446,-49.00604302,SPRF-SC,DEL02-SC,UOP01-DEL02-SC,2024
"592021,0",2024-04-05,sexta-feira,19:50:00,SC,282,"535,9",CHAPECO,Ingestão de álcool pelo condutor,Colisão transversal,Sem Vítimas,Plena Noite,Decrescente,Céu Claro,Simples,Interseção de Vias,Não,3,0,0,0,2,1,0,3,-27.00090509,-52.65087247,SPRF-SC,DEL07-SC,UOP01-DEL07-SC,2024
"592044,0",2024-04-05,sexta-feira,18:10:00,SC,280,"102,4",SAO BENTO DO SUL,Pista Escorregadia,Colisão frontal,Com Vítimas Feridas,Plena Noite,Decrescente,Chuva,Simples,Declive;Curva,Não,6,0,3,1,1,1,4,3,-26.36381888,-49.34016753,SPRF-SC,DEL06-SC,UOP03-DEL06-SC,2024
"592080,0",2024-04-06,sábado,04:35:00,SC,101,"106,7",PENHA,Condutor Dormindo,Colisão traseira,Com Vítimas Feridas,Plena Noite,Crescente,Nublado,Dupla,Reta,Sim,3,0,1,0,1,1,1,3,-26.81031601,-48.68293896,SPRF-SC,DEL03-SC,UOP02-DEL03-SC,2024
"592136,0",2024-04-06,sábado,11:30:00,SC,101,"204,5",SAO JOSE,Demais falhas mecânicas ou elétricas,Colisão traseira,Com Vítimas Feridas,Pleno dia,Crescente,Sol,Múltipla,Reta,Sim,6,0,1,0,5,0,1,6,-27.57774109,-48.61350954,SPRF-SC,DEL01-SC,UOP01-DEL01-SC,2024
"592180,0",2024-04-06,sábado,15:00:00,SC,470,"90,0",ASCURRA,Ausência de reação do condutor,Colisão com objeto,Sem Vítimas,Pleno dia,Crescente,Nublado,Simples,Aclive;Interseção de Vias;Reta,Não,1,0,0,0,1,0,0,1,-26.969337,-49.367718,SPRF-SC,DEL04-SC,UOP01-DEL04-SC,2024
"592236,0",2024-04-06,sábado,07:20:00,SC,470,"126,6",RIO DO SUL,Desrespeitar a preferência no cruzamento,Colisão transversal,Com Vítimas Feridas,Pleno dia,Decrescente,Céu Claro,Simples,Interseção de Vias,Não,2,0,1,0,1,0,1,2,-27.129,-49.538277,SPRF-SC,DEL04-SC,UOP02-DEL04-SC,2024
"592258,0",2024-04-06,sábado,18:40:00,SC,470,"239,0",SAO CRISTOVAO DO SUL,Ausência de sinalização,Saída de leito carroçável,Com Vítimas Feridas,Anoitecer,Decrescente,Nublado,Simples,Curva,Não,7,0,2,1,3,1,3,3,-27.305603,-50.47327,SPRF-SC,DEL05-SC,UOP03-DEL05-SC,2024
"592396,0",2024-04-07,domingo,07:05:00,SC,282,"537,7",CHAPECO,Velocidade Incompatível,Saída de leito carroçável,Com Vítimas Feridas,Pleno dia,Crescente,Chuva,Simples,Aclive;Curva,Não,3,0,3,0,0,0,3,1,-26.99983,-52.667747,SPRF-SC,DEL07-SC,UOP01-DEL07-SC,2024
"592503,0",2024-04-07,domingo,11:55:00,SC,282,"421,0",VARGEM BONITA,Reação tardia ou ineficiente do condutor,Colisão traseira,Com Vítimas Feridas,Pleno dia,Crescente,Chuva,Simples,Declive;Curva,Não,4,0,2,0,1,1,2,3,-27.006414,-51.737789,SPRF-SC,DEL07-SC,UOP05-DEL07-SC,2024
"592505,0",2024-04-07,domingo,13:21:00,SC,282,"387,2",JOACABA,Velocidade Incompatível,Colisão frontal,Com Vítimas Fatais,Pleno dia,Decrescente,Chuva,Simples,Reta,Sim,3,2,1,0,0,0,1,2,-27.18336178,-51.51990294,SPRF-SC,DEL07-SC,UOP05-DEL07-SC,2024
"592576,0",2024-04-08,segunda-feira,05:45:00,SC,101,"75,0",ARAQUARI,Suicídio (presumido),Atropelamento de Pedestre,Com Vítimas Fatais,Amanhecer,Crescente,Garoa/Chuvisco,Dupla,Curva,Não,2,1,0,0,1,0,0,2,-26.5519717,-48.71688324,SPRF-SC,DEL03-SC,UOP02-DEL03-SC,2024
"592608,0",2024-04-08,segunda-feira,08:50:00,SC,280,"139,8",RIO NEGRINHO,Pista Escorregadia,Saída de leito carroçável,Com Vítimas Feridas,Pleno dia,Crescente,Garoa/Chuvisco,Simples,Declive;Curva,Não,2,0,0,1,0,2,1,3,-26.254826,-49.603124,SPRF-SC,DEL06-SC,UOP03-DEL06-SC,2024
"592641,0",2024-04-07,domingo,00:00:00,SC,280,"292,0",PORTO UNIAO,Condutor Dormindo,Saída de leito carroçável,Com Vítimas Feridas,Plena Noite,Crescente,Nublado,Simples,Curva,Não,2,0,1,0,0,2,1,3,-26.29558883,-50.94094276,SPRF-SC,DEL06-SC,UOP04-DEL06-SC,2024
"592660,0",2024-04-08,segunda-feira,14:00:00,SC,282,"24,5",SANTO AMARO DA IMPERATRIZ,Transitar no Acostamento,Colisão transversal,Com Vítimas Feridas,Pleno dia,Crescente,Céu Claro,Simples,Curva,Não,2,0,0,1,1,0,1,2,-27.68268,-48.744614,SPRF-SC,DEL01-SC,UOP03-DEL01-SC,2024
"592715,0",2024-04-08,segunda-feira,17:45:00,SC,280,"25,1",ARAQUARI,Trafegar com motocicleta (ou similar) entre as faixas,Colisão lateral sentido oposto,Com Vítimas Feridas,Pleno dia,Crescente,Garoa/Chuvisco,Simples,Reta,Sim,3,0,0,1,1,2,1,4,-26.38352781,-48.72677516,SPRF-SC,DEL03-SC,UOP03-DEL03-SC,2024
"592732,0",2024-04-08,segunda-feira,17:00:00,SC,116,"211,1",PONTE ALTA,Velocidade Incompatível,Tombamento,Com Vítimas Feridas,Pleno dia,Crescente,Sol,Simples,Curva,Não,2,0,1,0,0,1,1,2,-27.51040007,-50.36397936,SPRF-SC,DEL05-SC,UOP03-DEL05-SC,2024
"592743,0",2024-04-08,segunda-feira,20:00:00,SC,101,"43,1",JOINVILLE,Reação tardia ou ineficiente do condutor,Colisão lateral mesmo sentido,Com Vítimas Feridas,Plena Noite,Crescente,Nublado,Dupla,Reta,Não,4,0,2,0,2,0,2,3,-26.33480408,-48.86041224,SPRF-SC,DEL03-SC,UOP01-DEL03-SC,2024
"592763,0",2024-04-08,segunda-feira,15:50:00,SC,153,"64,7",IRANI,Acessar a via sem observar a presença dos outros veículos,Colisão transversal,Com Vítimas Feridas,Pleno dia,Crescente,Sol,Simples,Reta,Sim,4,0,3,0,1,0,3,2,-27.01563789,-51.88127589,SPRF-SC,DEL07-SC,UOP04-DEL07-SC,2024
"592775,0",2024-04-08,segunda-feira,19:45:00,SC,280,"199,2",MAFRA,Suicídio (presumido),Colisão frontal,Com Vítimas Fatais,Plena Noite,Decrescente,Céu Claro,Simples,Reta,Não,3,1,0,0,2,0,0,2,-26.175846,-50.066181,SPRF-SC,DEL06-SC,UOP01-DEL06-SC,2024
"592787,0",2024-04-09,terça-feira,00:20:00,SC,101,"18,2",GARUVA,Transitar na contramão,Colisão frontal,Com Vítimas Feridas,Plena Noite,Decrescente,Céu Claro,Múltipla,Reta,Não,3,0,0,1,1,1,1,3,-26.128553,-48.888776,SPRF-SC,DEL03-SC,UOP01-DEL03-SC,2024
"592927,0",2024-04-06,sábado,03:15:00,SC,470,"176,0",POUSO REDONDO,Ausência de reação do condutor,Colisão transversal,Com Vítimas Feridas,Plena Noite,Crescente,Céu Claro,Dupla,Aclive,Não,3,0,1,0,1,1,1,3,-27.254238,-49.948658,SPRF-SC,DEL04-SC,UOP02-DEL04-SC,2024
"593101,0",2024-04-10,quarta-feira,14:00:00,SC,470,"202,5",PONTE ALTA,Reação tardia ou ineficiente do condutor,Tombamento,Com Vítimas Feridas,Pleno dia,Decrescente,Sol,Simples,Declive;Curva,Não,2,0,1,0,0,2,1,3,-27.291437,-50.149284,SPRF-SC,DEL05-SC,UOP03-DEL05-SC,2024
"593103,0",2024-04-10,quarta-feira,15:50:00,SC,101,"207,0",SAO JOSE,Manobra de mudança de faixa,Colisão lateral mesmo sentido,Com Vítimas Feridas,Pleno dia,Crescente,Céu Claro,Dupla,Declive,Não,6,0,2,0,2,2,2,5,-27.60001226,-48.6226467,SPRF-SC,DEL01-SC,UOP01-DEL01-SC,2024
"593125,0",2024-04-10,quarta-feira,07:30:00,SC,470,"75,0",INDAIAL,Suicídio (presumido),Colisão frontal,Com Vítimas Feridas,Pleno dia,Decrescente,Céu Claro,Simples,Reta,Não,3,0,0,1,1,1,1,3,-26.92544049,-49.28422901,SPRF-SC,DEL04-SC,UOP01-DEL04-SC,2024
"593142,0",2024-04-10,quarta-feira,16:00:00,SC,282,"211,1",LAGES,Reação tardia ou ineficiente do condutor,Colisão traseira,Com Vítimas Feridas,Pleno dia,Crescente,Céu Claro,Dupla,Aclive;Em Obras;Reta,Não,5,0,2,0,2,1,2,3,-27.780222,-50.241741,SPRF-SC,DEL05-SC,UOP01-DEL05-SC,2024
"593209,0",2024-04-11,quinta-feira,05:00:00,SC,101,"45,8",JOINVILLE,Ausência de reação do condutor,Colisão traseira,Com Vítimas Feridas,Amanhecer,Decrescente,Céu Claro,Múltipla,Reta,Não,3,0,1,0,1,1,1,3,-26.32214492,-48.8689509,SPRF-SC,DEL03-SC,UOP01-DEL03-SC,2024
"593345,0",2024-04-11,quinta-feira,19:00:00,SC,163,"85,8",GUARACIABA,Ingestão de álcool pelo condutor,Saída de leito carroçável,Sem Vítimas,Plena Noite,Crescente,Nublado,Simples,Curva;Rotatória;Aclive;Interseção de Vias,Sim,1,0,0,0,1,0,0,1,-26.5993393,-53.51500511,SPRF-SC,DEL07-SC,UOP03-DEL07-SC,2024
"593347,0",2024-04-11,quinta-feira,20:00:00,SC,101,"309,9",LAGUNA,Manobra de mudança de faixa,Colisão lateral mesmo sentido,Com Vítimas Feridas,Plena Noite,Decrescente,Chuva,Dupla,Reta,Não,3,0,1,0,1,1,1,3,-28.40755485,-48.79169438,SPRF-SC,DEL02-SC,UOP01-DEL02-SC,2024
"593358,0",2024-04-11,quinta-feira,19:30:00,SC,101,"125,0",ITAJAI,Transitar na contramão,Colisão lateral sentido oposto,Com Vítimas Feridas,Plena Noite,Crescente,Nublado,Dupla,Reta,Não,2,0,0,1,1,0,1,2,-26.94802427,-48.68338515,SPRF-SC,DEL04-SC,UOP04-DEL04-SC,2024
"593445,0",2024-04-12,sexta-feira,10:20:00,SC,101,"458,0",SAO JOAO DO SUL,Reação tardia ou ineficiente do condutor,Saída de leito carroçável,Com Vítimas Feridas,Pleno dia,Decrescente,Chuva,Dupla,Curva,Não,1,0,1,0,0,0,1,1,-29.25045964,-49.75296021,SPRF-SC,DEL02-SC,UOP02-DEL02-SC,2024
"593446,0",2024-04-12,sexta-feira,11:05:00,SC,282,"123,5",CHAPECO,Acessar a via sem observar a presença dos outros veículos,Colisão transversal,Com Vítimas Feridas,Pleno dia,Crescente,Céu Claro,Simples,Interseção de Vias,Sim,4,0,2,0,2,0,2,2,-26.99987267,-52.64639854,SPRF-SC,DEL05-SC,UOP01-DEL05-SC,2024
"593447,0",2024-04-12,sexta-feira,11:30:00,SC,158,"105,5",CUNHA PORA,Ultrapassagem Indevida,Colisão lateral sentido oposto,Com Vítimas Feridas,Pleno dia,Decrescente,Céu Claro,Simples,Reta,Não,3,0,2,0,1,0,2,2,-26.87517922,-53.1636706,SPRF-SC,DEL07-SC,UOP02-DEL07-SC,2024
"593461,0",2024-03-25,segunda-feira,07:55:00,SC,101,"129,5",BALNEARIO CAMBORIU,Reação tardia ou ineficiente do condutor,Colisão lateral mesmo sentido,Com Vítimas Fatais,Pleno dia,Crescente,Céu Claro,Múltipla,Reta,Sim,4,2,0,0,1,1,0,3,-26.9823592,-48.6743693,SPRF-SC,DEL04-SC,UOP03-DEL04-SC,2024
"593534,0",2024-04-12,sexta-feira,18:00:00,SC,470,"130,0",LONTRAS,Acessar a via sem observar a presença dos outros veículos,Colisão transversal,Com Vítimas Feridas,Plena Noite,Crescente,Garoa/Chuvisco,Simples,Retorno Regulamentado,Sim,3,0,1,0,2,0,1,3,-27.16052882,-49.55660105,SPRF-SC,DEL04-SC,UOP02-DEL04-SC,2024
"593660,0",2024-04-13,sábado,06:00:00,SC,101,"206,9",SAO JOSE,Condutor desrespeitou a iluminação vermelha do semáforo,Colisão transversal,Com Vítimas Feridas,Pleno dia,Crescente,Chuva,Dupla,Interseção de Vias;Reta,Sim,2,0,1,0,1,0,1,2,-27.59193546,-48.61824557,SPRF-SC,DEL01-SC,UOP01-DEL01-SC,2024
"593683,0",2024-04-13,sábado,06:55:00,SC,101,"234,5",PALHOCA,Reação tardia ou ineficiente do condutor,Colisão traseira,Com Vítimas Feridas,Amanhecer,Crescente,Chuva,Dupla,Declive;Reta,Não,5,0,2,0,1,2,2,4,-27.81043812,-48.63537111,SPRF-SC,DEL01-SC,UOP02-DEL01-SC,2024
"593728,0",2024-04-13,sábado,11:40:00,SC,101,"57,7",ARAQUARI,Velocidade Incompatível,Tombamento,Com Vítimas Feridas,Pleno dia,Decrescente,Chuva,Dupla,Curva,Não,2,0,1,0,0,1,1,2,-26.43793379,-48.8041234,SPRF-SC,DEL03-SC,UOP01-DEL03-SC,2024
"593778,0",2024-04-13,sábado,20:00:00,SC,101,"25,0",JOINVILLE,Manobra de mudança de faixa,Colisão lateral mesmo sentido,Sem Vítimas,Pleno dia,Crescente,Chuva,Dupla,Reta,Não,3,0,0,0,2,2,0,4,-26.1834739,-48.9105912,SPRF-SC,DEL03-SC,UOP01-DEL03-SC,2024
"593931,0",2024-04-14,domingo,12:15:00,SC,282,"104,0",ALFREDO WAGNER,Acessar a via sem observar a presença dos outros veículos,Colisão lateral mesmo sentido,Com Vítimas Feridas,Pleno dia,Decrescente,Nublado,Simples,Aclive;Reta,Sim,3,0,2,0,1,0,2,2,-27.696043,-49.334038,SPRF-SC,DEL01-SC,UOP03-DEL01-SC,2024
"594242,0",2024-04-15,segunda-feira,19:00:00,SC,101,"220,0",PALHOCA,Chuva,Colisão traseira,Com Vítimas Feridas,Plena Noite,Crescente,Chuva,Dupla,Reta,Não,2,0,0,1,1,0,1,2,-27.69198941,-48.66368358,SPRF-SC,DEL01-SC,UOP02-DEL01-SC,2024
"594272,0",2024-04-16,terça-feira,05:30:00,SC,101,"153,0",PORTO BELO,Acessar a via sem observar a presença dos outros veículos,Colisão lateral mesmo sentido,Com Vítimas Feridas,Amanhecer,Decrescente,Chuva,Múltipla,Reta,Não,3,0,1,0,1,1,1,3,-27.144717,-48.61063935,SPRF-SC,DEL04-SC,UOP03-DEL04-SC,2024
"594391,0",2024-04-16,terça-feira,18:55:00,SC,101,"214,3",PALHOCA,Manobra de mudança de faixa,Colisão lateral mesmo sentido,Com Vítimas Feridas,Plena Noite,Crescente,Chuva,Múltipla,Reta,Não,2,0,1,0,0,1,1,2,-27.64443,-48.67057,SPRF-SC,DEL01-SC,UOP02-DEL01-SC,2024
"594406,0",2024-04-16,terça-feira,19:10:00,SC,101,"265,0",PAULO LOPES,Condutor deixou de manter distância do veículo da frente,Colisão traseira,Com Vítimas Feridas,Plena Noite,Decrescente,Garoa/Chuvisco,Dupla,Reta,Sim,2,0,0,1,1,0,1,2,-28.06001385,-48.71690948,SPRF-SC,DEL02-SC,UOP03-DEL02-SC,2024
"594466,0",2024-04-17,quarta-feira,07:00:00,SC,153,"93,4",CONCORDIA,Ultrapassagem Indevida,Colisão frontal,Com Vítimas Feridas,Pleno dia,Crescente,Céu Claro,Simples,Reta,Não,3,0,1,0,1,1,1,3,-27.192907,-51.936951,SPRF-SC,DEL07-SC,UOP04-DEL07-SC,2024
"594540,0",2024-04-17,quarta-feira,14:30:00,SC,101,"79,0",ARAQUARI,Problema com o freio,Colisão com objeto,Sem Vítimas,Pleno dia,Decrescente,Céu Claro,Múltipla,Reta,Não,3,0,0,0,2,1,0,3,-26.58559601,-48.72192112,SPRF-SC,DEL03-SC,UOP02-DEL03-SC,2024
"594604,0",2024-04-17,quarta-feira,20:30:00,SC,101,"60,9",ARAQUARI,Reação tardia ou ineficiente do condutor,Saída de leito carroçável,Com Vítimas Feridas,Plena Noite,Crescente,Céu Claro,Dupla,Curva,Não,2,0,1,0,1,0,1,2,-26.45072823,-48.78570317,SPRF-SC,DEL03-SC,UOP02-DEL03-SC,2024
"594608,0",2024-04-17,quarta-feira,18:30:00,SC,280,"87,4",CORUPA,Manobra de mudança de faixa,Colisão lateral mesmo sentido,Com Vítimas Feridas,Anoitecer,Crescente,Céu Claro,Simples,Reta;Aclive,Não,2,0,1,0,0,1,1,2,-26.41501369,-49.25741675,SPRF-SC,DEL06-SC,UOP03-DEL06-SC,2024
"594623,0",2024-04-17,quarta-feira,18:30:00,SC,101,"275,0",IMBITUBA,Ausência de reação do condutor,Colisão traseira,Com Vítimas Feridas,Plena Noite,Decrescente,Céu Claro,Múltipla,Reta,Não,3,0,1,0,2,0,1,2,-28.138086,-48.69218292,SPRF-SC,DEL02-SC,UOP03-DEL02-SC,2024
"594646,0",2024-04-18,quinta-feira,06:20:00,SC,101,"185,7",BIGUACU,Manobra de mudança de faixa,Colisão lateral mesmo sentido,Com Vítimas Feridas,Pleno dia,Crescente,Céu Claro,Dupla,Curva,Sim,4,0,1,0,2,1,1,3,-27.42536698,-48.62465876,SPRF-SC,DEL01-SC,UOP01-DEL01-SC,2024
"594721,0",2024-04-18,quinta-feira,12:10:00,SC,470,"142,0",RIO DO SUL,Acessar a via sem observar a presença dos outros veículos,Colisão lateral sentido oposto,Com Vítimas Feridas,Pleno dia,Decrescente,Sol,Simples,Declive;Reta,Sim,5,0,2,0,2,1,2,4,-27.229801,-49.6693,SPRF-SC,DEL04-SC,UOP02-DEL04-SC,2024
"594725,0",2024-04-18,quinta-feira,12:20:00,SC,101,"206,0",SAO JOSE,Condutor deixou de manter distância do veículo da frente,Colisão traseira,Com Vítimas Feridas,Pleno dia,Crescente,Sol,Múltipla,Reta,Sim,8,0,2,0,5,1,2,7,-27.59193546,-48.61824557,SPRF-SC,DEL01-SC,UOP01-DEL01-SC,2024
"594761,0",2024-04-18,quinta-feira,15:30:00,SC,101,"279,5",IMBITUBA,Reação tardia ou ineficiente do condutor,Colisão com objeto,Sem Vítimas,Pleno dia,Decrescente,Céu Claro,Múltipla,Reta,Não,2,0,0,0,1,3,0,4,-28.1916668,-48.69694233,SPRF-SC,DEL02-SC,UOP03-DEL02-SC,2024
"594774,0",2024-04-18,quinta-feira,15:05:00,SC,116,"105,8",MONTE CASTELO,Demais falhas mecânicas ou elétricas,Colisão traseira,Sem Vítimas,Pleno dia,Decrescente,Céu Claro,Simples,Curva,Não,3,0,0,0,2,1,0,3,-26.75095005,-50.31749478,SPRF-SC,DEL06-SC,UOP02-DEL06-SC,2024
"594808,0",2024-04-18,quinta-feira,17:10:00,SC,470,"281,8",BRUNOPOLIS,Reação tardia ou ineficiente do condutor,Colisão traseira,Com Vítimas Feridas,Pleno dia,Decrescente,Céu Claro,Simples,Reta,Não,2,0,1,0,1,0,1,2,-27.335253,-50.880929,SPRF-SC,DEL07-SC,UOP06-DEL07-SC,2024
"594809,0",2024-04-18,quinta-feira,19:15:00,SC,470,"86,0",RODEIO,Acessar a via sem observar a presença dos outros veículos,Colisão traseira,Com Vítimas Feridas,Plena Noite,Crescente,Nevoeiro/Neblina,Simples,Reta,Sim,3,0,2,0,1,0,2,2,-26.949951,-49.357296,SPRF-SC,DEL04-SC,UOP01-DEL04-SC,2024
"594820,0",2024-04-18,quinta-feira,16:30:00,SC,163,"72,2",SAO MIGUEL DO OESTE,Condutor deixou de manter distância do veículo da frente,Engavetamento,Com Vítimas Feridas,Pleno dia,Crescente,Céu Claro,Dupla,Reta;Interseção de Vias,Sim,3,0,1,0,2,0,1,3,-26.72772401,-53.51281303,SPRF-SC,DEL07-SC,UOP03-DEL07-SC,2024
"594836,0",2024-04-18,quinta-feira,19:50:00,SC,116,"254,0",LAGES,Velocidade Incompatível,Tombamento,Com Vítimas Feridas,Plena Noite,Crescente,Céu Claro,Simples,Desvio Temporário,Não,2,0,0,1,0,1,1,2,-27.86721884,-50.39576317,SPRF-SC,DEL05-SC,UOP02-DEL05-SC,2024
"594885,0",2024-04-19,sexta-feira,06:45:00,SC,101,"199,3",BIGUACU,Condutor deixou de manter distância do veículo da frente,Colisão traseira,Com Vítimas Feridas,Pleno dia,Crescente,Céu Claro,Simples,Reta,Não,3,0,1,0,2,0,1,2,-27.53413705,-48.63003205,SPRF-SC,DEL01-SC,UOP01-DEL01-SC,2024
"594945,0",2024-04-19,sexta-feira,12:50:00,SC,101,"204,0",SAO JOSE,Reação tardia ou ineficiente do condutor,Colisão transversal,Com Vítimas Feridas,Pleno dia,Crescente,Céu Claro,Dupla,Reta,Sim,2,0,1,0,1,0,1,2,-27.57413014,-48.61363083,SPRF-SC,DEL01-SC,UOP01-DEL01-SC,2024
"595000,0",2024-04-19,sexta-feira,14:10:00,SC,282,"211,1",LAGES,Ausência de reação do condutor,Colisão traseira,Com Vítimas Feridas,Pleno dia,Crescente,Sol,Simples,Reta;Aclive;Em Obras,Não,11,0,5,0,4,2,5,7,-27.780222,-50.241741,SPRF-SC,DEL05-SC,UOP01-DEL05-SC,2024
"595019,0",2024-04-19,sexta-feira,18:00:00,SC,470,"180,6",POUSO REDONDO,Acessar a via sem observar a presença dos outros veículos,Colisão transversal,Com Vítimas Feridas,Pleno dia,Crescente,Céu Claro,Simples,Reta,Não,2,0,0,1,1,0,1,2,-27.249525,-49.987041,SPRF-SC,DEL04-SC,UOP02-DEL04-SC,2024
"595020,0",2024-02-15,quinta-feira,18:50:00,SC,282,"51,8",AGUAS MORNAS,Transitar na contramão,Colisão transversal,Com Vítimas Feridas,Anoitecer,Decrescente,Garoa/Chuvisco,Simples,Curva,Não,3,0,0,1,1,1,1,3,-27.703712,-48.959267,SPRF-SC,DEL01-SC,UOP03-DEL01-SC,2024
"595043,0",2024-04-19,sexta-feira,19:05:00,SC,116,"251,1",LAGES,Desrespeitar a preferência no cruzamento,Colisão transversal,Com Vítimas Feridas,Plena Noite,Crescente,Céu Claro,Simples,Interseção de Vias,Sim,4,0,2,0,1,1,2,3,-27.84512201,-50.37880391,SPRF-SC,DEL05-SC,UOP02-DEL05-SC,2024
"595113,0",2024-04-19,sexta-feira,23:30:00,SC,116,"58,0",PAPANDUVA,Ingestão de álcool pelo condutor,Colisão transversal,Sem Vítimas,Plena Noite,Decrescente,Céu Claro,Simples,Interseção de Vias;Reta,Não,3,0,0,0,2,1,0,3,-26.37772259,-50.19785907,SPRF-SC,DEL06-SC,UOP02-DEL06-SC,2024
"595125,0",2024-04-20,sábado,03:30:00,SC,101,"129,2",BALNEARIO CAMBORIU,Pedestre cruzava a pista fora da faixa,Atropelamento de Pedestre,Com Vítimas Fatais,Plena Noite,Decrescente,Céu Claro,Dupla,Reta,Sim,2,1,0,0,1,0,0,2,-26.98089552,-48.67816687,SPRF-SC,DEL04-SC,UOP03-DEL04-SC,2024
"595174,0",2024-04-12,sexta-feira,07:30:00,SC,282,"71,9",RANCHO QUEIMADO,Chuva,Tombamento,Com Vítimas Feridas,Pleno dia,Decrescente,Chuva,Simples,Curva,Não,2,0,0,1,0,1,1,2,-27.689093,-49.097748,SPRF-SC,DEL01-SC,UOP03-DEL01-SC,2024
"595180,0",2024-04-20,sábado,09:00:00,SC,101,"213,3",PALHOCA,Acessar a via sem observar a presença dos outros veículos,Colisão transversal,Sem Vítimas,Pleno dia,Decrescente,Sol,Múltipla,Reta;Interseção de Vias;Viaduto,Sim,2,0,0,0,2,0,0,2,-27.63697369,-48.66514142,SPRF-SC,DEL01-SC,UOP02-DEL01-SC,2024
"595193,0",2024-04-20,sábado,11:15:00,SC,282,"179,2",BOCAINA DO SUL,Transitar no Acostamento,Colisão traseira,Com Vítimas Feridas,Pleno dia,Crescente,Céu Claro,Simples,Reta,Não,4,0,1,2,0,1,3,3,-27.740141,-49.930519,SPRF-SC,DEL05-SC,UOP01-DEL05-SC,2024
"595483,0",2024-04-21,domingo,15:30:00,SC,282,"437,1",IRANI,Desrespeitar a preferência no cruzamento,Colisão transversal,Com Vítimas Feridas,Pleno dia,Decrescente,Céu Claro,Simples,Interseção de Vias,Não,3,0,1,1,0,3,2,5,-26.963764,-51.854839,SPRF-SC,DEL07-SC,UOP04-DEL07-SC,2024
"595520,0",2024-04-21,domingo,19:45:00,SC,101,"329,8",TUBARAO,Manobra de mudança de faixa,Colisão lateral mesmo sentido,Com Vítimas Feridas,Plena Noite,Decrescente,Céu Claro,Múltipla,Reta,Sim,4,0,1,1,1,3,2,5,-28.44404822,-48.96611372,SPRF-SC,DEL02-SC,UOP01-DEL02-SC,2024
"595565,0",2024-04-21,domingo,13:50:00,SC,153,"29,0",AGUA DOCE,Mal súbito do condutor,Colisão transversal,Com Vítimas Feridas,Pleno dia,Crescente,Sol,Simples,Reta,Não,3,0,1,0,1,2,1,4,-26.779648,-51.684895,SPRF-SC,DEL07-SC,UOP07-DEL07-SC,2024
"595647,0",2024-04-22,segunda-feira,09:00:00,SC,101,"147,0",ITAPEMA,Demais falhas mecânicas ou elétricas,Saída de leito carroçável,Com Vítimas Feridas,Pleno dia,Decrescente,Céu Claro,Dupla,Reta,Sim,2,0,1,0,1,0,1,1,-27.09237407,-48.61730888,SPRF-SC,DEL04-SC,UOP03-DEL04-SC,2024
"595657,0",2024-04-22,segunda-feira,10:20:00,SC,470,"63,0",BLUMENAU,Mal súbito do condutor,Colisão lateral sentido oposto,Com Vítimas Feridas,Pleno dia,Decrescente,Céu Claro,Simples,Curva,Não,3,0,0,1,1,1,1,3,-26.874521,-49.182938,SPRF-SC,DEL04-SC,UOP01-DEL04-SC,2024
"595716,0",2024-04-22,segunda-feira,12:50:00,SC,282,"491,7",FAXINAL DOS GUEDES,Ausência de reação do condutor,Saída de leito carroçável,Sem Vítimas,Pleno dia,Decrescente,Nublado,Simples,Aclive;Reta,Não,2,0,0,0,1,1,0,2,-26.872433,-52.291599,SPRF-SC,DEL07-SC,UOP01-DEL07-SC,2024
"595749,0",2024-04-22,segunda-feira,18:20:00,SC,101,"116,5",ITAJAI,Trafegar com motocicleta (ou similar) entre as faixas,Colisão lateral mesmo sentido,Com Vítimas Feridas,Plena Noite,Decrescente,Nublado,Múltipla,Reta,Não,3,0,1,0,1,2,1,4,-26.87905605,-48.72603512,SPRF-SC,DEL04-SC,UOP04-DEL04-SC,2024
"595858,0",2024-04-23,terça-feira,10:45:00,SC,282,"455,0",PONTE SERRADA,Acostamento em desnível,Tombamento,Com Vítimas Feridas,Pleno dia,Decrescente,Chuva,Simples,Curva;Declive,Não,2,0,1,0,0,1,1,2,-26.888617,-51.99427,SPRF-SC,DEL07-SC,UOP04-DEL07-SC,2024
"595860,0",2024-04-23,terça-feira,14:30:00,SC,101,"193,1",BIGUACU,Acessar a via sem observar a presença dos outros veículos,Tombamento,Com Vítimas Feridas,Pleno dia,Crescente,Céu Claro,Simples,Reta,Não,3,0,2,0,1,0,2,2,-27.489574,-48.655914,SPRF-SC,DEL01-SC,UOP01-DEL01-SC,2024