id,data_inversa,dia_semana,horario,uf,br,km,municipio,causa_acidente,tipo_acidente,classificacao_acidente,fase_dia,sentido_via,condicao_metereologica,tipo_pista,tracado_via,uso_solo,pessoas,mortos,feridos_leves,feridos_graves,ilesos,ignorados,feridos,veiculos,latitude,longitude,regional,delegacia,uop,ano_arquivo
"596017,0",2024-04-24,quarta-feira,09:15:00,SC,101,"194,0",BIGUACU,Acessar a via sem observar a presença dos outros veículos,Colisão lateral mesmo sentido,Com Vítimas Feridas,Pleno dia,Crescente,Céu Claro,Dupla,Reta,Sim,3,0,1,0,1,1,1,3,-27.49815117,-48.65661236,SPRF-SC,DEL01-SC,UOP01-DEL01-SC,2024
"596052,0",2024-04-24,quarta-feira,09:00:00,SC,116,"254,0",LAGES,Condutor deixou de manter distância do veículo da frente,Colisão lateral mesmo sentido,Com Vítimas Feridas,Pleno dia,Crescente,Céu Claro,Simples,Desvio Temporário,Não,3,0,1,0,2,0,1,2,-27.86721884,-50.39576317,SPRF-SC,DEL05-SC,UOP02-DEL05-SC,2024
"596137,0",2024-04-24,quarta-feira,20:30:00,SC,101,"113,3",ITAJAI,Ausência de reação do condutor,Tombamento,Com Vítimas Feridas,Plena Noite,Crescente,Céu Claro,Dupla,Reta,Não,2,0,1,0,0,1,1,2,-26.85311393,-48.72689927,SPRF-SC,DEL04-SC,UOP04-DEL04-SC,2024
"596146,0",2024-04-24,quarta-feira,17:51:00,SC,470,"68,1",INDAIAL,Pedestre - Ingestão de álcool/ substâncias psicoativas,Atropelamento de Pedestre,Com Vítimas Feridas,Anoitecer,Crescente,Céu Claro,Dupla,Reta;Ponte,Sim,3,0,0,1,1,1,1,3,-26.877615,-49.239231,SPRF-SC,DEL04-SC,UOP01-DEL04-SC,2024
"596199,0",2024-04-25,quinta-feira,04:30:00,SC,282,"324,9",CAMPOS NOVOS,Retorno proibido,Colisão transversal,Com Vítimas Feridas,Plena Noite,Decrescente,Céu Claro,Simples,Reta,Não,6,0,1,0,4,3,1,7,-27.387329,-51.055897,SPRF-SC,DEL07-SC,UOP06-DEL07-SC,2024
"596222,0",2024-04-25,quinta-feira,09:30:00,SC,470,"111,9",IBIRAMA,Reação tardia ou ineficiente do condutor,Colisão lateral sentido oposto,Com Vítimas Feridas,Pleno dia,Crescente,Chuva,Simples,Curva,Não,3,0,0,2,1,0,2,2,-27.095388,-49.457878,SPRF-SC,DEL04-SC,UOP02-DEL04-SC,2024
"596286,0",2024-04-25,quinta-feira,14:37:00,SC,101,"81,0",BARRA VELHA,Condutor deixou de manter distância do veículo da frente,Colisão traseira,Com Vítimas Feridas,Pleno dia,Crescente,Garoa/Chuvisco,Múltipla,Reta,Não,2,0,1,0,0,1,1,2,-26.60256101,-48.72553524,SPRF-SC,DEL03-SC,UOP02-DEL03-SC,2024
"596293,0",2024-04-25,quinta-feira,14:38:00,SC,101,"205,0",SAO JOSE,Chuva,Colisão lateral mesmo sentido,Com Vítimas Feridas,Pleno dia,Crescente,Chuva,Dupla,Reta,Sim,2,0,0,1,1,0,1,2,-27.58313237,-48.61532885,SPRF-SC,DEL01-SC,UOP01-DEL01-SC,2024
"596295,0",2024-03-26,terça-feira,21:30:00,SC,101,"194,5",BIGUACU,Suicídio (presumido),Atropelamento de Pedestre,Com Vítimas Fatais,Plena Noite,Decrescente,Céu Claro,Múltipla,Reta,Sim,5,1,0,0,1,3,0,3,-27.5016455,-48.6531828,SPRF-SC,DEL01-SC,UOP01-DEL01-SC,2024
"596367,0",2024-04-25,quinta-feira,18:25:00,SC,116,"145,0",SANTA CECILIA,Carga excessiva e/ou mal acondicionada,Tombamento,Com Vítimas Feridas,Anoitecer,Crescente,Garoa/Chuvisco,Simples,Reta,Não,2,0,1,0,0,2,1,3,-26.9952408,-50.40782997,SPRF-SC,DEL06-SC,UOP02-DEL06-SC,2024
"596382,0",2024-04-26,sexta-feira,02:15:00,SC,101,"240,6",PALHOCA,Ausência de reação do condutor,Saída de leito carroçável,Com Vítimas Feridas,Plena Noite,Crescente,Céu Claro,Dupla,Curva,Não,2,0,1,0,0,1,1,2,-27.85825092,-48.64383119,SPRF-SC,DEL01-SC,UOP02-DEL01-SC,2024
"596384,0",2024-04-26,sexta-feira,02:00:00,SC,282,"639,8",DESCANSO,Transitar na contramão,Colisão frontal,Sem Vítimas,Plena Noite,Decrescente,Céu Claro,Simples,Reta,Não,3,0,0,0,1,2,0,3,-26.793066,-53.451859,SPRF-SC,DEL07-SC,UOP03-DEL07-SC,2024
"596395,0",2024-04-26,sexta-feira,05:30:00,SC,101,"41,0",JOINVILLE,Velocidade Incompatível,Colisão com objeto,Com Vítimas Feridas,Amanhecer,Decrescente,Nublado,Dupla,Reta,Sim,7,0,5,0,1,1,5,3,-26.28215489,-48.88973081,SPRF-SC,DEL03-SC,UOP01-DEL03-SC,2024
"596476,0",2024-04-26,sexta-feira,10:05:00,SC,470,"79,1",RODEIO,Condutor deixou de manter distância do veículo da frente,Colisão traseira,Com Vítimas Feridas,Pleno dia,Decrescente,Céu Claro,Simples,Reta,Não,3,0,1,0,2,0,1,2,-26.951565,-49.306534,SPRF-SC,DEL04-SC,UOP01-DEL04-SC,2024
"596526,0",2024-04-26,sexta-feira,16:40:00,SC,282,"24,8",SANTO AMARO DA IMPERATRIZ,Reação tardia ou ineficiente do condutor,Colisão traseira,Com Vítimas Feridas,Pleno dia,Decrescente,Nublado,Simples,Aclive;Viaduto;Reta,Sim,2,0,1,0,1,0,1,2,-27.68268,-48.744614,SPRF-SC,DEL01-SC,UOP03-DEL01-SC,2024
"596641,0",2024-04-27,sábado,02:00:00,SC,282,"459,0",PONTE SERRADA,Acessar a via sem observar a presença dos outros veículos,Colisão transversal,Com Vítimas Feridas,Plena Noite,Crescente,Céu Claro,Simples,Reta,Sim,6,0,1,0,3,2,1,3,-26.863695,-52.024818,SPRF-SC,DEL07-SC,UOP04-DEL07-SC,2024
"596648,0",2024-04-27,sábado,03:10:00,SC,101,"10,5",GARUVA,Demais falhas mecânicas ou elétricas,Incêndio,Sem Vítimas,Plena Noite,Crescente,Nublado,Dupla,Reta,Não,1,0,0,0,1,0,0,1,-26.063011,-48.86020605,SPRF-SC,DEL03-SC,UOP01-DEL03-SC,2024
"596657,0",2024-04-27,sábado,04:45:00,SC,116,"297,5",CAPAO ALTO,Condutor Dormindo,Colisão com objeto,Com Vítimas Feridas,Plena Noite,Decrescente,Céu Claro,Simples,Reta,Não,1,0,1,0,0,0,1,1,-28.15699494,-50.66550226,SPRF-SC,DEL05-SC,UOP02-DEL05-SC,2024
"596684,0",2024-04-27,sábado,07:30:00,SC,101,"142,0",BALNEARIO CAMBORIU,Demais falhas mecânicas ou elétricas,Colisão traseira,Com Vítimas Feridas,Pleno dia,Crescente,Céu Claro,Simples,Reta;Declive,Não,2,0,1,0,1,0,1,2,-27.056089,-48.599449,SPRF-SC,DEL04-SC,UOP03-DEL04-SC,2024
"596753,0",2024-04-27,sábado,13:00:00,SC,282,"222,0",LAGES,Transitar na contramão,Colisão lateral sentido oposto,Com Vítimas Feridas,Pleno dia,Decrescente,Céu Claro,Simples,Curva;Declive,Não,3,0,1,0,1,3,1,5,-27.797739,-50.353409,SPRF-SC,DEL05-SC,UOP01-DEL05-SC,2024
"596890,0",2024-04-28,domingo,05:10:00,SC,101,"32,7",JOINVILLE,Demais falhas mecânicas ou elétricas,Colisão com objeto,Sem Vítimas,Plena Noite,Decrescente,Céu Claro,Dupla,Reta,Não,2,0,0,0,1,1,0,2,-26.25096909,-48.90806437,SPRF-SC,DEL03-SC,UOP01-DEL03-SC,2024
"597051,0",2024-04-28,domingo,20:00:00,SC,470,"57,0",BLUMENAU,Ingestão de álcool pelo condutor,Colisão lateral sentido oposto,Sem Vítimas,Plena Noite,Crescente,Chuva,Simples,Reta,Sim,4,0,0,0,2,3,0,5,-26.880428,-49.136532,SPRF-SC,DEL04-SC,UOP01-DEL04-SC,2024
"597105,0",2024-04-28,domingo,21:50:00,SC,101,"234,7",PALHOCA,Chuva,Colisão com objeto,Com Vítimas Feridas,Plena Noite,Crescente,Chuva,Dupla,Curva,Não,4,0,2,1,0,1,3,3,-27.81043812,-48.63537111,SPRF-SC,DEL01-SC,UOP02-DEL01-SC,2024
"597115,0",2024-04-29,segunda-feira,01:00:00,SC,470,"101,0",APIUNA,Velocidade Incompatível,Tombamento,Com Vítimas Feridas,Plena Noite,Decrescente,Garoa/Chuvisco,Simples,Curva,Não,3,0,1,0,1,1,1,3,-27.0585007,-49.38970184,SPRF-SC,DEL04-SC,UOP02-DEL04-SC,2024
"597126,0",2024-04-29,segunda-feira,05:50:00,SC,470,"52,0",BLUMENAU,Frear bruscamente,Colisão traseira,Sem Vítimas,Pleno dia,Crescente,Garoa/Chuvisco,Dupla,Reta,Sim,3,0,0,0,2,1,0,3,-26.862286,-49.093903,SPRF-SC,DEL04-SC,UOP01-DEL04-SC,2024
"597202,0",2024-04-29,segunda-feira,11:00:00,SC,101,"46,6",JOINVILLE,Velocidade Incompatível,Colisão traseira,Com Vítimas Feridas,Pleno dia,Decrescente,Nublado,Múltipla,Reta,Sim,2,0,1,0,1,0,1,2,-26.33150083,-48.86187762,SPRF-SC,DEL03-SC,UOP01-DEL03-SC,2024
"597246,0",2024-04-29,segunda-feira,05:35:00,SC,158,"103,4",CUNHA PORA,Ausência de reação do condutor,Tombamento,Com Vítimas Feridas,Amanhecer,Decrescente,Céu Claro,Simples,Reta,Não,1,0,1,0,0,0,1,1,-26.85293519,-53.16889316,SPRF-SC,DEL07-SC,UOP02-DEL07-SC,2024
"597283,0",2024-04-23,terça-feira,17:20:00,SC,282,"472,8",PONTE SERRADA,Transitar na contramão,Colisão frontal,Com Vítimas Feridas,Anoitecer,Crescente,Chuva,Simples,Reta;Declive,Não,6,0,1,1,3,2,2,7,-26.854208,-52.107345,SPRF-SC,DEL07-SC,UOP01-DEL07-SC,2024
"597312,0",2024-04-29,segunda-feira,18:15:00,SC,470,"27,0",ILHOTA,Reação tardia ou ineficiente do condutor,Colisão com objeto,Com Vítimas Feridas,Plena Noite,Crescente,Garoa/Chuvisco,Dupla,Reta,Não,3,0,1,0,1,1,1,3,-26.891006,-48.884411,SPRF-SC,DEL04-SC,UOP01-DEL04-SC,2024
"597323,0",2024-04-29,segunda-feira,22:25:00,SC,101,"46,9",JOINVILLE,Ingestão de substâncias psicoativas pelo condutor,Colisão traseira,Com Vítimas Feridas,Plena Noite,Decrescente,Garoa/Chuvisco,Dupla,Reta,Sim,4,0,1,0,1,2,1,4,-26.33150083,-48.86187762,SPRF-SC,DEL03-SC,UOP01-DEL03-SC,2024
"597354,0",2024-04-30,terça-feira,05:20:00,SC,101,"392,1",CRICIUMA,Condutor Dormindo,Tombamento,Com Vítimas Feridas,Plena Noite,Crescente,Chuva,Dupla,Curva,Não,2,0,0,1,0,2,1,3,-28.80489882,-49.3712151,SPRF-SC,DEL02-SC,UOP02-DEL02-SC,2024
"597373,0",2024-04-30,terça-feira,08:10:00,SC,282,"4,4",FLORIANOPOLIS,Ausência de reação do condutor,Colisão lateral mesmo sentido,Com Vítimas Feridas,Pleno dia,Decrescente,Céu Claro,Múltipla,Reta,Sim,2,0,1,0,1,0,1,2,-27.592646,-48.604034,SPRF-SC,DEL01-SC,UOP01-DEL01-SC,2024
"597403,0",2024-04-07,domingo,01:50:00,SC,282,"615,0",MARAVILHA,Condutor Dormindo,Colisão frontal,Com Vítimas Feridas,Plena Noite,Crescente,Céu Claro,Simples,Curva,Não,4,0,1,0,2,1,1,3,-26.774349,-53.271767,SPRF-SC,DEL07-SC,UOP02-DEL07-SC,2024
"597406,0",2024-04-30,terça-feira,07:15:00,SC,282,"585,4",PINHALZINHO,Manobra de mudança de faixa,Colisão lateral sentido oposto,Com Vítimas Feridas,Pleno dia,Crescente,Céu Claro,Simples,Curva,Não,3,0,2,0,1,0,2,2,-26.830591,-53.025528,SPRF-SC,DEL07-SC,UOP02-DEL07-SC,2024
"597482,0",2024-04-30,terça-feira,14:05:00,SC,470,"242,0",CURITIBANOS,Demais falhas mecânicas ou elétricas,Eventos atípicos,Sem Vítimas,Pleno dia,Decrescente,Nublado,Simples,Curva;Aclive,Não,2,0,0,0,1,1,0,2,-27.311794,-50.498703,SPRF-SC,DEL05-SC,UOP03-DEL05-SC,2024
"597504,0",2024-04-30,terça-feira,17:15:00,SC,101,"133,0",BALNEARIO CAMBORIU,Reação tardia ou ineficiente do condutor,Tombamento,Com Vítimas Feridas,Anoitecer,Decrescente,Sol,Dupla,Reta,Sim,2,0,1,0,1,0,1,2,-26.99936,-48.64609,SPRF-SC,DEL04-SC,UOP03-DEL04-SC,2024
"597597,0",2024-05-01,quarta-feira,07:15:00,SC,101,"211,0",PALHOCA,Condutor deixou de manter distância do veículo da frente,Colisão traseira,Com Vítimas Feridas,Pleno dia,Crescente,Céu Claro,Múltipla,Reta;Aclive,Sim,3,0,1,0,1,1,1,3,-27.62329313,-48.65245588,SPRF-SC,DEL01-SC,UOP02-DEL01-SC,2024
"597856,0",2024-05-02,quinta-feira,10:45:00,SC,470,"115,4",IBIRAMA,Reação tardia ou ineficiente do condutor,Colisão lateral sentido oposto,Com Vítimas Feridas,Pleno dia,Crescente,Nublado,Simples,Reta,Sim,3,0,2,0,0,2,2,4,-27.080416,-49.485348,SPRF-SC,DEL04-SC,UOP02-DEL04-SC,2024
"597866,0",2024-04-12,sexta-feira,11:30:00,SC,116,"48,1",PAPANDUVA,Transitar na contramão,Colisão frontal,Com Vítimas Fatais,Pleno dia,Decrescente,Céu Claro,Simples,Reta;Declive,Não,3,2,0,0,1,0,0,2,-26.36355729,-50.11956966,SPRF-SC,DEL06-SC,UOP01-DEL06-SC,2024
"597883,0",2024-05-02,quinta-feira,16:30:00,SC,470,"46,3",GASPAR,Transitar na contramão,Colisão frontal,Com Vítimas Feridas,Pleno dia,Crescente,Nublado,Simples,Reta;Em Obras,Não,5,0,3,0,2,0,3,5,-26.86093204,-49.04027435,SPRF-SC,DEL04-SC,UOP01-DEL04-SC,2024
"597923,0",2024-05-02,quinta-feira,17:15:00,SC,282,"359,0",ERVAL VELHO,Transitar na contramão,Colisão lateral sentido oposto,Sem Vítimas,Pleno dia,Crescente,Chuva,Simples,Reta;Ponte,Não,2,0,0,0,1,1,0,2,-27.324184,-51.36026,SPRF-SC,DEL07-SC,UOP05-DEL07-SC,2024
"598036,0",2024-05-03,sexta-feira,17:30:00,SC,282,"18,3",PALHOCA,Trafegar com motocicleta (ou similar) entre as faixas,Colisão transversal,Com Vítimas Feridas,Pleno dia,Decrescente,Céu Claro,Simples,Reta,Sim,2,0,0,1,1,0,1,2,-27.672798,-48.694286,SPRF-SC,DEL01-SC,UOP02-DEL01-SC,2024
"598156,0",2024-05-04,sábado,06:30:00,SC,101,"69,0",ARAQUARI,Problema com o freio,Incêndio,Sem Vítimas,Pleno dia,Decrescente,Céu Claro,Dupla,Reta,Não,2,0,0,0,1,3,0,4,-26.50298009,-48.72814515,SPRF-SC,DEL03-SC,UOP02-DEL03-SC,2024
"598176,0",2024-05-04,sábado,08:15:00,SC,470,"81,9",RODEIO,Condutor Dormindo,Colisão com objeto,Com Vítimas Feridas,Pleno dia,Decrescente,Nublado,Simples,Curva;Declive,Não,2,0,1,0,0,1,1,2,-26.958838,-49.324978,SPRF-SC,DEL04-SC,UOP01-DEL04-SC,2024
"598344,0",2024-05-04,sábado,20:30:00,SC,101,"154,5",PORTO BELO,Manobra de mudança de faixa,Colisão lateral mesmo sentido,Sem Vítimas,Plena Noite,Crescente,Nublado,Múltipla,Reta,Sim,2,0,0,0,0,2,0,2,-27.153819,-48.61086393,SPRF-SC,DEL04-SC,UOP03-DEL04-SC,2024
"598425,0",2024-05-05,domingo,01:00:00,SC,470,"250,0",CURITIBANOS,Ausência de reação do condutor,Saída de leito carroçável,Sem Vítimas,Plena Noite,Crescente,Nublado,Simples,Curva,Não,3,0,0,0,1,2,0,3,-27.314182,-50.569588,SPRF-SC,DEL05-SC,UOP03-DEL05-SC,2024
"598481,0",2024-05-05,domingo,12:35:00,SC,116,"169,7",PONTE ALTA DO NORTE,Manobra de mudança de faixa,Colisão lateral mesmo sentido,Com Vítimas Feridas,Pleno dia,Crescente,Céu Claro,Simples,Curva;Aclive,Não,5,0,1,2,1,2,3,5,-27.18614796,-50.46482181,SPRF-SC,DEL05-SC,UOP03-DEL05-SC,2024
"598575,0",2024-05-05,domingo,23:30:00,SC,101,"10,0",GARUVA,Velocidade Incompatível,Colisão lateral sentido oposto,Com Vítimas Feridas,Plena Noite,Crescente,Garoa/Chuvisco,Simples,Interseção de Vias,Não,3,0,1,0,1,2,1,4,-26.063011,-48.86020605,SPRF-SC,DEL03-SC,UOP01-DEL03-SC,2024
"598702,0",2024-05-06,segunda-feira,15:58:00,SC,282,"340,0",CAMPOS NOVOS,Reação tardia ou ineficiente do condutor,Colisão lateral sentido oposto,Com Vítimas Feridas,Pleno dia,Decrescente,Céu Claro,Simples,Reta;Declive,Sim,4,0,2,0,1,1,2,4,-27.388266,-51.203793,SPRF-SC,DEL07-SC,UOP06-DEL07-SC,2024
"598739,0",2024-05-06,segunda-feira,17:10:00,SC,480,"129,6",CHAPECO,Demais falhas mecânicas ou elétricas,Saída de leito carroçável,Sem Vítimas,Pleno dia,Decrescente,Céu Claro,Múltipla,Curva;Declive,Sim,2,0,0,0,0,2,0,2,-27.0521431,-52.63541031,SPRF-SC,DEL07-SC,UOP01-DEL07-SC,2024
"598752,0",2024-05-06,segunda-feira,23:02:00,SC,280,"43,2",GUARAMIRIM,Reação tardia ou ineficiente do condutor,Saída de leito carroçável,Com Vítimas Feridas,Plena Noite,Crescente,Céu Claro,Simples,Reta;Desvio Temporário;Em Obras,Não,2,0,1,0,0,1,1,2,-26.45118786,-48.87789901,SPRF-SC,DEL03-SC,UOP03-DEL03-SC,2024
"598781,0",2024-05-07,terça-feira,07:35:00,SC,470,"62,0",INDAIAL,Trafegar com motocicleta (ou similar) entre as faixas,Colisão transversal,Com Vítimas Feridas,Pleno dia,Decrescente,Céu Claro,Dupla,Interseção de Vias;Reta;Declive,Não,2,0,0,1,1,0,1,2,-26.874521,-49.182938,SPRF-SC,DEL04-SC,UOP01-DEL04-SC,2024
"598793,0",2024-05-07,terça-feira,09:30:00,SC,101,"205,0",SAO JOSE,Ausência de reação do condutor,Colisão lateral mesmo sentido,Com Vítimas Feridas,Pleno dia,Decrescente,Céu Claro,Múltipla,Reta,Sim,3,0,1,0,1,1,1,3,-27.58313237,-48.61532885,SPRF-SC,DEL01-SC,UOP01-DEL01-SC,2024
"598806,0",2024-05-07,terça-feira,10:00:00,SC,101,"217,1",PALHOCA,Manobra de mudança de faixa,Colisão lateral mesmo sentido,Com Vítimas Feridas,Pleno dia,Crescente,Céu Claro,Dupla,Reta,Sim,4,0,1,0,2,1,1,3,-27.66779034,-48.67393586,SPRF-SC,DEL01-SC,UOP02-DEL01-SC,2024
"598838,0",2024-05-07,terça-feira,10:30:00,SC,282,"446,2",PONTE SERRADA,Manobra de mudança de faixa,Colisão lateral mesmo sentido,Com Vítimas Feridas,Pleno dia,Decrescente,Sol,Simples,Curva,Não,5,0,1,0,3,2,1,6,-26.91319225,-51.90525055,SPRF-SC,DEL07-SC,UOP04-DEL07-SC,2024
"598887,0",2024-04-10,quarta-feira,05:15:00,SC,470,"123,4",IBIRAMA,Ausência de reação do condutor,Colisão frontal,Com Vítimas Fatais,Amanhecer,Decrescente,Nublado,Simples,Declive;Interseção de Vias,Sim,3,1,0,0,1,1,0,3,-27.110635,-49.5262953,SPRF-SC,DEL04-SC,UOP02-DEL04-SC,2024
"598917,0",2024-05-07,terça-feira,18:25:00,SC,282,"504,9",XANXERE,Desrespeitar a preferência no cruzamento,Colisão transversal,Com Vítimas Feridas,Amanhecer,Decrescente,Céu Claro,Simples,Reta,Sim,2,0,1,0,1,0,1,2,-26.884279,-52.408466,SPRF-SC,DEL07-SC,UOP01-DEL07-SC,2024
"598931,0",2024-05-07,terça-feira,20:40:00,SC,101,"282,3",IMBITUBA,Ultrapassagem Indevida,Colisão lateral mesmo sentido,Com Vítimas Feridas,Plena Noite,Crescente,Céu Claro,Múltipla,Reta,Não,4,0,2,0,1,1,2,3,-28.21294091,-48.69992495,SPRF-SC,DEL02-SC,UOP03-DEL02-SC,2024
"598935,0",2024-05-07,terça-feira,21:00:00,SC,470,"93,0",ASCURRA,Transitar na contramão,Colisão frontal,Com Vítimas Feridas,Plena Noite,Decrescente,Céu Claro,Simples,Reta,Sim,3,0,1,0,1,1,1,3,-26.994484,-49.375908,SPRF-SC,DEL04-SC,UOP01-DEL04-SC,2024
"598959,0",2024-05-08,quarta-feira,01:45:00,SC,101,"5,0",GARUVA,Demais falhas mecânicas ou elétricas,Incêndio,Sem Vítimas,Plena Noite,Crescente,Nublado,Dupla,Reta,Não,2,0,0,0,1,1,0,2,-26.01779797,-48.86233322,SPRF-SC,DEL03-SC,UOP01-DEL03-SC,2024
"599021,0",2024-05-08,quarta-feira,09:58:00,SC,101,"158,3",TIJUCAS,Condutor deixou de manter distância do veículo da frente,Colisão traseira,Com Vítimas Feridas,Pleno dia,Decrescente,Céu Claro,Dupla,Reta,Não,4,0,1,0,2,1,1,4,-27.19096301,-48.61259017,SPRF-SC,DEL04-SC,UOP03-DEL04-SC,2024
"599038,0",2024-05-08,quarta-feira,10:14:00,SC,282,"322,6",CAMPOS NOVOS,Transitar na contramão,Colisão frontal,Com Vítimas Fatais,Pleno dia,Decrescente,Céu Claro,Simples,Curva;Declive,Não,4,2,0,1,0,1,1,3,-27.39437,-51.049665,SPRF-SC,DEL07-SC,UOP06-DEL07-SC,2024
"599053,0",2024-05-08,quarta-feira,09:35:00,SC,282,"481,8",VARGEAO,Ultrapassagem Indevida,Queda de ocupante de veículo,Com Vítimas Feridas,Pleno dia,Decrescente,Céu Claro,Simples,Reta,Não,3,0,1,0,1,1,1,3,-26.865356,-52.209568,SPRF-SC,DEL07-SC,UOP01-DEL07-SC,2024
"599086,0",2024-05-08,quarta-feira,14:45:00,SC,280,"52,0",GUARAMIRIM,Reação tardia ou ineficiente do condutor,Colisão lateral mesmo sentido,Com Vítimas Feridas,Pleno dia,Crescente,Céu Claro,Dupla,Reta;Em Obras,Não,2,0,1,0,1,0,1,2,-26.4752632,-48.9880934,SPRF-SC,DEL03-SC,UOP03-DEL03-SC,2024
"599095,0",2024-05-08,quarta-feira,17:15:00,SC,101,"199,0",SAO JOSE,Condutor deixou de manter distância do veículo da frente,Colisão traseira,Com Vítimas Feridas,Anoitecer,Crescente,Céu Claro,Múltipla,Reta,Sim,4,0,2,0,2,0,2,2,-27.53413705,-48.63003205,SPRF-SC,DEL01-SC,UOP01-DEL01-SC,2024
"599162,0",2024-05-08,quarta-feira,18:40:00,SC,282,"633,0",DESCANSO,Chuva,Saída de leito carroçável,Com Vítimas Feridas,Plena Noite,Decrescente,Chuva,Simples,Curva;Declive,Não,1,0,0,1,0,0,1,1,-26.824224,-53.412407,SPRF-SC,DEL07-SC,UOP03-DEL07-SC,2024
"599359,0",2024-05-09,quinta-feira,18:10:00,SC,101,"154,1",PORTO BELO,Manobra de mudança de faixa,Colisão lateral mesmo sentido,Com Vítimas Fatais,Plena Noite,Decrescente,Nublado,Múltipla,Reta,Sim,3,1,0,0,0,2,0,3,-27.153819,-48.61086393,SPRF-SC,DEL04-SC,UOP03-DEL04-SC,2024
"599383,0",2024-05-09,quinta-feira,19:00:00,SC,280,"27,0",ARAQUARI,Ingestão de álcool pelo condutor,Colisão transversal,Com Vítimas Feridas,Plena Noite,Crescente,Garoa/Chuvisco,Simples,Reta,Sim,2,0,1,0,1,0,1,2,-26.38972308,-48.73411593,SPRF-SC,DEL03-SC,UOP03-DEL03-SC,2024
"599395,0",2024-05-10,sexta-feira,02:17:00,SC,101,"146,1",ITAPEMA,Reação tardia ou ineficiente do condutor,Colisão traseira,Com Vítimas Fatais,Plena Noite,Decrescente,Nublado,Múltipla,Reta,Sim,3,1,0,0,1,1,0,3,-27.08666525,-48.60955587,SPRF-SC,DEL04-SC,UOP03-DEL04-SC,2024
"599470,0",2024-05-10,sexta-feira,10:30:00,SC,470,"153,0",AGRONOMICA,Desrespeitar a preferência no cruzamento,Colisão transversal,Com Vítimas Feridas,Pleno dia,Decrescente,Nublado,Simples,Curva,Não,3,0,1,1,1,0,2,2,-27.27541421,-49.74318624,SPRF-SC,DEL04-SC,UOP02-DEL04-SC,2024
"599495,0",2024-05-10,sexta-feira,14:15:00,SC,101,"137,0",BALNEARIO CAMBORIU,Transitar na contramão,Colisão frontal,Com Vítimas Fatais,Pleno dia,Crescente,Nublado,Múltipla,Reta,Sim,2,1,0,0,1,0,0,2,-27.0157238,-48.61192763,SPRF-SC,DEL04-SC,UOP03-DEL04-SC,2024
"599604,0",2024-05-10,sexta-feira,16:25:00,SC,116,"238,9",LAGES,Ausência de reação do condutor,Saída de leito carroçável,Com Vítimas Feridas,Pleno dia,Decrescente,Garoa/Chuvisco,Simples,Rotatória,Não,2,0,1,0,0,1,1,2,-27.75016448,-50.33493519,SPRF-SC,DEL05-SC,UOP01-DEL05-SC,2024
"599649,0",2024-05-11,sábado,02:10:00,SC,470,"85,5",RODEIO,Ingestão de álcool pelo condutor,Colisão transversal,Sem Vítimas,Plena Noite,Crescente,Céu Claro,Simples,Reta,Não,3,0,0,0,2,1,0,3,-26.956114,-49.350414,SPRF-SC,DEL04-SC,UOP01-DEL04-SC,2024
"599699,0",2024-05-11,sábado,07:50:00,SC,282,"500,2",XANXERE,Conversão proibida,Colisão lateral mesmo sentido,Sem Vítimas,Pleno dia,Crescente,Nublado,Dupla,Interseção de Vias;Reta,Sim,2,0,0,0,2,0,0,2,-26.881372,-52.37252,SPRF-SC,DEL07-SC,UOP01-DEL07-SC,2024
"599726,0",2024-05-11,sábado,09:50:00,SC,101,"202,8",SAO JOSE,Reação tardia ou ineficiente do condutor,Colisão lateral mesmo sentido,Com Vítimas Feridas,Pleno dia,Decrescente,Céu Claro,Múltipla,Reta,Sim,8,0,3,0,4,1,3,4,-27.55711595,-48.61897889,SPRF-SC,DEL01-SC,UOP01-DEL01-SC,2024
"599801,0",2024-05-11,sábado,13:45:00,SC,101,"121,0",ITAJAI,Reação tardia ou ineficiente do condutor,Colisão traseira,Com Vítimas Feridas,Pleno dia,Crescente,Céu Claro,Dupla,Reta,Sim,2,0,1,0,0,1,1,2,-26.92103178,-48.70856446,SPRF-SC,DEL04-SC,UOP04-DEL04-SC,2024
"599891,0",2024-05-11,sábado,20:10:00,SC,116,"58,0",PAPANDUVA,Reação tardia ou ineficiente do condutor,Colisão lateral mesmo sentido,Sem Vítimas,Plena Noite,Crescente,Nublado,Simples,Reta,Não,3,0,0,0,1,3,0,4,-26.37772259,-50.19785907,SPRF-SC,DEL06-SC,UOP02-DEL06-SC,2024
"600130,0",2024-05-12,domingo,21:50:00,SC,282,"267,4",SAO JOSE DO CERRITO,Velocidade Incompatível,Colisão traseira,Com Vítimas Feridas,Plena Noite,Decrescente,Garoa/Chuvisco,Simples,Reta,Não,2,0,1,0,1,0,1,2,-27.62302053,-50.65692902,SPRF-SC,DEL05-SC,UOP02-DEL05-SC,2024
"600242,0",2024-05-13,segunda-feira,12:15:00,SC,101,"215,1",PALHOCA,Reação tardia ou ineficiente do condutor,Saída de leito carroçável,Com Vítimas Feridas,Pleno dia,Crescente,Chuva,Múltipla,Reta,Sim,2,0,1,0,0,1,1,2,-27.65184843,-48.67604941,SPRF-SC,DEL01-SC,UOP02-DEL01-SC,2024