id,data_inversa,dia_semana,horario,uf,br,km,municipio,causa_acidente,tipo_acidente,classificacao_acidente,fase_dia,sentido_via,condicao_metereologica,tipo_pista,tracado_via,uso_solo,pessoas,mortos,feridos_leves,feridos_graves,ilesos,ignorados,feridos,veiculos,latitude,longitude,regional,delegacia,uop,ano_arquivo
"600258,0",2024-05-13,segunda-feira,12:28:00,SC,116,"267,7",CAPAO ALTO,Reação tardia ou ineficiente do condutor,Colisão traseira,Com Vítimas Feridas,Pleno dia,Decrescente,Chuva,Simples,Rotatória;Interseção de Vias,Não,3,0,1,0,2,0,1,3,-27.95247066,-50.47994924,SPRF-SC,DEL05-SC,UOP02-DEL05-SC,2024
"600259,0",2024-05-13,segunda-feira,11:05:00,SC,470,"327,1",CAMPOS NOVOS,Desrespeitar a preferência no cruzamento,Colisão transversal,Com Vítimas Feridas,Pleno dia,Decrescente,Chuva,Simples,Interseção de Vias,Não,3,0,2,0,1,0,2,2,-27.46696317,-51.27320766,SPRF-SC,DEL07-SC,UOP06-DEL07-SC,2024
"600336,0",2024-05-13,segunda-feira,18:27:00,SC,470,"128,8",LONTRAS,Ausência de reação do condutor,Saída de leito carroçável,Com Vítimas Feridas,Plena Noite,Crescente,Chuva,Simples,Curva;Declive,Não,2,0,0,1,0,1,1,2,-27.14916877,-49.55649376,SPRF-SC,DEL04-SC,UOP02-DEL04-SC,2024
"600379,0",2024-05-14,terça-feira,01:00:00,SC,470,"118,0",IBIRAMA,Velocidade Incompatível,Tombamento,Com Vítimas Feridas,Plena Noite,Crescente,Chuva,Simples,Curva,Não,2,0,1,0,0,1,1,2,-27.082176,-49.511818,SPRF-SC,DEL04-SC,UOP02-DEL04-SC,2024
"600397,0",2024-05-14,terça-feira,06:10:00,SC,101,"144,9",ITAPEMA,Reação tardia ou ineficiente do condutor,Colisão traseira,Com Vítimas Feridas,Amanhecer,Crescente,Garoa/Chuvisco,Dupla,Reta,Sim,4,0,1,0,2,1,1,4,-27.0732659,-48.59672716,SPRF-SC,DEL04-SC,UOP03-DEL04-SC,2024
"600410,0",2024-05-13,segunda-feira,06:20:00,SC,101,"188,0",BIGUACU,Condutor deixou de manter distância do veículo da frente,Colisão traseira,Com Vítimas Feridas,Amanhecer,Crescente,Nublado,Dupla,Reta,Sim,2,0,0,1,1,0,1,2,-27.45123421,-48.63370766,SPRF-SC,DEL01-SC,UOP01-DEL01-SC,2024
"600599,0",2024-05-15,quarta-feira,06:15:00,SC,116,"204,0",PONTE ALTA,Demais falhas mecânicas ou elétricas,Colisão lateral mesmo sentido,Com Vítimas Feridas,Amanhecer,Decrescente,Nevoeiro/Neblina,Simples,Curva,Não,3,0,1,0,1,2,1,4,-27.45772582,-50.39132057,SPRF-SC,DEL05-SC,UOP03-DEL05-SC,2024
"600613,0",2024-05-14,terça-feira,22:05:00,SC,282,"480,8",VARGEAO,Reação tardia ou ineficiente do condutor,Colisão lateral mesmo sentido,Com Vítimas Feridas,Plena Noite,Crescente,Nublado,Simples,Reta,Não,4,0,1,0,2,2,1,5,-26.86869,-52.201077,SPRF-SC,DEL07-SC,UOP01-DEL07-SC,2024
"600693,0",2024-05-15,quarta-feira,14:45:00,SC,282,"24,5",SANTO AMARO DA IMPERATRIZ,Pedestre cruzava a pista fora da faixa,Atropelamento de Pedestre,Com Vítimas Fatais,Pleno dia,Crescente,Céu Claro,Simples,Viaduto;Aclive;Reta,Sim,3,1,0,0,1,1,0,2,-27.678693,-48.750013,SPRF-SC,DEL01-SC,UOP03-DEL01-SC,2024
"600718,0",2024-05-15,quarta-feira,17:50:00,SC,101,"116,0",ITAJAI,Manobra de mudança de faixa,Colisão lateral mesmo sentido,Com Vítimas Feridas,Plena Noite,Crescente,Céu Claro,Dupla,Reta,Sim,3,0,1,0,2,0,1,3,-26.87905605,-48.72603512,SPRF-SC,DEL04-SC,UOP04-DEL04-SC,2024
"600731,0",2024-05-15,quarta-feira,19:00:00,SC,101,"14,7",GARUVA,Condutor usando celular,Colisão traseira,Com Vítimas Feridas,Plena Noite,Decrescente,Nublado,Dupla,Reta,Não,3,0,0,1,1,1,1,3,-26.09803515,-48.86773972,SPRF-SC,DEL03-SC,UOP01-DEL03-SC,2024
"600797,0",2024-05-16,quinta-feira,02:20:00,SC,101,"210,2",SAO JOSE,Ausência de reação do condutor,Colisão lateral mesmo sentido,Sem Vítimas,Plena Noite,Decrescente,Céu Claro,Múltipla,Reta,Sim,3,0,0,0,2,1,0,3,-27.6167305,-48.6457265,SPRF-SC,DEL01-SC,UOP01-DEL01-SC,2024
"600848,0",2024-05-16,quinta-feira,08:00:00,SC,101,"137,0",BALNEARIO CAMBORIU,Reação tardia ou ineficiente do condutor,Colisão traseira,Com Vítimas Feridas,Pleno dia,Decrescente,Nublado,Múltipla,Reta,Sim,2,0,1,0,1,0,1,2,-27.0157238,-48.61192763,SPRF-SC,DEL04-SC,UOP03-DEL04-SC,2024
"600879,0",2024-05-16,quinta-feira,13:30:00,SC,470,"116,0",IBIRAMA,Reação tardia ou ineficiente do condutor,Tombamento,Com Vítimas Feridas,Pleno dia,Decrescente,Céu Claro,Simples,Curva;Declive,Não,3,0,1,0,1,1,1,2,-27.07756,-49.49448,SPRF-SC,DEL04-SC,UOP02-DEL04-SC,2024
"600896,0",2024-05-16,quinta-feira,15:40:00,SC,101,"103,7",PENHA,Reação tardia ou ineficiente do condutor,Colisão transversal,Com Vítimas Feridas,Pleno dia,Decrescente,Nublado,Dupla,Reta,Não,5,0,2,0,1,2,2,4,-26.7832381,-48.68314632,SPRF-SC,DEL03-SC,UOP02-DEL03-SC,2024
"600910,0",2024-05-16,quinta-feira,18:45:00,SC,470,"174,8",POUSO REDONDO,Ultrapassagem Indevida,Colisão traseira,Sem Vítimas,Anoitecer,Crescente,Nublado,Simples,Aclive;Reta,Não,3,0,0,0,3,0,0,3,-27.258179,-49.929146,SPRF-SC,DEL04-SC,UOP02-DEL04-SC,2024
"600916,0",2024-05-16,quinta-feira,18:25:00,SC,101,"116,0",ITAJAI,Acessar a via sem observar a presença dos outros veículos,Colisão lateral mesmo sentido,Com Vítimas Feridas,Anoitecer,Crescente,Céu Claro,Dupla,Reta,Sim,2,0,1,0,1,0,1,2,-26.87905605,-48.72603512,SPRF-SC,DEL04-SC,UOP04-DEL04-SC,2024
"600926,0",2024-05-16,quinta-feira,17:30:00,SC,470,"174,0",POUSO REDONDO,Frear bruscamente,Colisão lateral sentido oposto,Com Vítimas Feridas,Plena Noite,Crescente,Nublado,Simples,Reta,Não,2,0,1,0,1,0,1,2,-27.258179,-49.929146,SPRF-SC,DEL04-SC,UOP02-DEL04-SC,2024
"600966,0",2024-05-16,quinta-feira,18:30:00,SC,470,"329,9",CAMPOS NOVOS,Ausência de reação do condutor,Colisão lateral sentido oposto,Com Vítimas Feridas,Plena Noite,Decrescente,Nublado,Simples,Reta,Não,3,0,1,0,1,2,1,4,-27.468428,-51.288605,SPRF-SC,DEL07-SC,UOP06-DEL07-SC,2024
"600971,0",2024-05-16,quinta-feira,21:50:00,SC,101,"68,3",ARAQUARI,Estacionar ou parar em local proibido,Colisão traseira,Sem Vítimas,Plena Noite,Decrescente,Nublado,Dupla,Reta,Não,3,0,0,0,2,2,0,4,-26.51082007,-48.72345612,SPRF-SC,DEL03-SC,UOP02-DEL03-SC,2024
"600980,0",2024-05-17,sexta-feira,02:30:00,SC,101,"350,0",JAGUARUNA,Condutor Dormindo,Saída de leito carroçável,Com Vítimas Feridas,Plena Noite,Crescente,Garoa/Chuvisco,Dupla,Reta;Interseção de Vias;Declive,Sim,2,0,1,0,1,0,1,1,-28.58988203,-49.04517307,SPRF-SC,DEL02-SC,UOP01-DEL02-SC,2024
"600987,0",2024-05-17,sexta-feira,03:25:00,SC,470,"22,0",ILHOTA,Demais falhas mecânicas ou elétricas,Incêndio,Sem Vítimas,Plena Noite,Decrescente,Céu Claro,Dupla,Reta,Não,1,0,0,0,1,0,0,1,-26.88043066,-48.83937836,SPRF-SC,DEL04-SC,UOP04-DEL04-SC,2024
"601040,0",2024-05-17,sexta-feira,09:55:00,SC,101,"206,2",SAO JOSE,Velocidade Incompatível,Atropelamento de Pedestre,Com Vítimas Feridas,Pleno dia,Decrescente,Garoa/Chuvisco,Simples,Reta;Interseção de Vias,Sim,2,0,1,0,1,0,1,2,-27.59193546,-48.61824557,SPRF-SC,DEL01-SC,UOP01-DEL01-SC,2024
"601082,0",2024-05-17,sexta-feira,15:00:00,SC,101,"207,0",SAO JOSE,Reação tardia ou ineficiente do condutor,Colisão traseira,Com Vítimas Feridas,Pleno dia,Decrescente,Nublado,Múltipla,Curva,Sim,4,0,2,0,1,1,2,4,-27.59193546,-48.61824557,SPRF-SC,DEL01-SC,UOP01-DEL01-SC,2024
"601097,0",2024-05-17,sexta-feira,10:30:00,SC,282,"612,0",MARAVILHA,Chuva,Colisão frontal,Com Vítimas Feridas,Pleno dia,Crescente,Chuva,Simples,Curva,Não,2,0,0,1,1,0,1,2,-26.763353,-53.25167656,SPRF-SC,DEL07-SC,UOP02-DEL07-SC,2024
"601105,0",2024-05-17,sexta-feira,14:10:00,SC,282,"468,4",PONTE SERRADA,Ausência de reação do condutor,Colisão com objeto,Com Vítimas Feridas,Pleno dia,Decrescente,Chuva,Simples,Reta;Interseção de Vias,Não,3,0,3,0,0,0,3,2,-26.85438876,-52.08444357,SPRF-SC,DEL07-SC,UOP04-DEL07-SC,2024
"601218,0",2024-05-17,sexta-feira,22:50:00,SC,470,"13,2",NAVEGANTES,Ausência de reação do condutor,Colisão lateral sentido oposto,Sem Vítimas,Plena Noite,Decrescente,Nublado,Dupla,Curva,Não,4,0,0,0,3,1,0,4,-26.839108,-48.766262,SPRF-SC,DEL04-SC,UOP04-DEL04-SC,2024
"601240,0",2024-05-18,sábado,05:20:00,SC,101,"155,0",PORTO BELO,Reação tardia ou ineficiente do condutor,Colisão traseira,Com Vítimas Feridas,Plena Noite,Crescente,Garoa/Chuvisco,Dupla,Reta,Sim,2,0,0,1,1,0,1,2,-27.16292,-48.61129,SPRF-SC,DEL04-SC,UOP03-DEL04-SC,2024
"601249,0",2024-05-17,sexta-feira,20:10:00,SC,153,"110,6",CONCORDIA,Ausência de reação do condutor,Colisão traseira,Com Vítimas Feridas,Plena Noite,Decrescente,Garoa/Chuvisco,Simples,Reta,Não,3,0,1,0,1,2,1,4,-27.313625,-51.984699,SPRF-SC,DEL07-SC,UOP04-DEL07-SC,2024
"601353,0",2024-05-18,sábado,13:40:00,SC,101,"265,0",PAULO LOPES,Ingestão de álcool pelo condutor,Saída de leito carroçável,Sem Vítimas,Pleno dia,Crescente,Chuva,Múltipla,Reta;Declive;Viaduto,Sim,2,0,0,0,1,1,0,2,-28.06674895,-48.71534228,SPRF-SC,DEL02-SC,UOP03-DEL02-SC,2024
"601425,0",2024-05-18,sábado,19:00:00,SC,163,"105,0",SAO JOSE DO CEDRO,Ingestão de álcool pelo condutor,Colisão lateral sentido oposto,Com Vítimas Feridas,Plena Noite,Crescente,Chuva,Múltipla,Aclive,Sim,2,0,1,0,1,0,1,2,-26.44252575,-53.51491928,SPRF-SC,DEL07-SC,UOP03-DEL07-SC,2024
"601509,0",2024-05-19,domingo,06:21:00,SC,280,"123,7",RIO NEGRINHO,Transitar na contramão,Colisão frontal,Com Vítimas Fatais,Amanhecer,Decrescente,Garoa/Chuvisco,Simples,Declive,Sim,3,1,0,0,1,1,0,3,-26.242406,-49.472216,SPRF-SC,DEL06-SC,UOP03-DEL06-SC,2024
"601696,0",2024-05-19,domingo,21:30:00,SC,101,"417,1",ARARANGUA,Manobra de mudança de faixa,Colisão lateral mesmo sentido,Com Vítimas Feridas,Plena Noite,Decrescente,Garoa/Chuvisco,Múltipla,Reta,Não,6,0,2,0,2,2,2,3,-28.978694,-49.535236,SPRF-SC,DEL02-SC,UOP02-DEL02-SC,2024
"601779,0",2024-05-20,segunda-feira,07:30:00,SC,470,"60,1",BLUMENAU,Acessar a via sem observar a presença dos outros veículos,Colisão transversal,Com Vítimas Feridas,Pleno dia,Crescente,Céu Claro,Simples,Retorno Regulamentado,Sim,3,0,1,1,1,0,2,2,-26.88138,-49.164543,SPRF-SC,DEL04-SC,UOP01-DEL04-SC,2024
"601894,0",2024-05-20,segunda-feira,17:07:00,SC,116,"251,3",LAGES,Mal súbito do condutor,Colisão frontal,Com Vítimas Fatais,Pleno dia,Decrescente,Céu Claro,Simples,Curva,Não,4,1,0,0,1,2,0,4,-27.84512201,-50.37880391,SPRF-SC,DEL05-SC,UOP02-DEL05-SC,2024
"601910,0",2024-05-20,segunda-feira,18:50:00,SC,116,"119,0",SANTA CECILIA,Transitar na contramão,Colisão lateral sentido oposto,Com Vítimas Fatais,Plena Noite,Decrescente,Céu Claro,Simples,Reta,Não,9,1,0,0,7,1,0,6,-26.8241952,-50.3657697,SPRF-SC,DEL06-SC,UOP02-DEL06-SC,2024
"601965,0",2024-05-03,sexta-feira,19:50:00,SC,470,"223,4",SAO CRISTOVAO DO SUL,Transitar na contramão,Colisão lateral mesmo sentido,Com Vítimas Feridas,Plena Noite,Crescente,Chuva,Simples,Reta,Não,3,0,0,1,1,2,1,4,-27.319908,-50.336388,SPRF-SC,DEL05-SC,UOP03-DEL05-SC,2024
"601992,0",2024-05-21,terça-feira,11:00:00,SC,101,"88,0",BARRA VELHA,Condutor deixou de manter distância do veículo da frente,Colisão traseira,Com Vítimas Feridas,Pleno dia,Decrescente,Nublado,Múltipla,Interseção de Vias,Sim,2,0,1,0,1,0,1,2,-26.64253985,-48.68950684,SPRF-SC,DEL03-SC,UOP02-DEL03-SC,2024
"602025,0",2024-02-10,sábado,23:03:00,SC,158,"110,7",CUNHA PORA,Acessar a via sem observar a presença dos outros veículos,Colisão transversal,Com Vítimas Feridas,Plena Noite,Decrescente,Céu Claro,Simples,Reta,Não,4,0,0,2,1,1,2,3,-26.893902,-53.188772,SPRF-SC,DEL07-SC,UOP02-DEL07-SC,2024
"602104,0",2024-05-21,terça-feira,19:45:00,SC,101,"140,0",BALNEARIO CAMBORIU,Manobra de mudança de faixa,Colisão lateral mesmo sentido,Sem Vítimas,Plena Noite,Crescente,Céu Claro,Dupla,Reta;Aclive,Não,3,0,0,0,3,0,0,3,-27.03881189,-48.60025148,SPRF-SC,DEL04-SC,UOP03-DEL04-SC,2024
"602131,0",2024-05-22,quarta-feira,02:50:00,SC,101,"129,5",BALNEARIO CAMBORIU,Reação tardia ou ineficiente do condutor,Colisão lateral mesmo sentido,Sem Vítimas,Plena Noite,Decrescente,Chuva,Dupla,Reta,Sim,3,0,0,0,2,1,0,3,-26.98064277,-48.6790679,SPRF-SC,DEL04-SC,UOP03-DEL04-SC,2024
"602146,0",2024-05-21,terça-feira,19:15:00,SC,470,"57,0",BLUMENAU,Trafegar com motocicleta (ou similar) entre as faixas,Queda de ocupante de veículo,Com Vítimas Feridas,Plena Noite,Decrescente,Céu Claro,Simples,Em Obras;Ponte,Não,2,0,1,0,1,0,1,2,-26.880428,-49.136532,SPRF-SC,DEL04-SC,UOP01-DEL04-SC,2024
"602151,0",2024-05-22,quarta-feira,05:22:00,SC,101,"199,0",SAO JOSE,Acessar a via sem observar a presença dos outros veículos,Colisão traseira,Com Vítimas Feridas,Pleno dia,Crescente,Céu Claro,Dupla,Reta,Sim,4,0,0,1,2,1,1,3,-27.53413705,-48.63003205,SPRF-SC,DEL01-SC,UOP01-DEL01-SC,2024
"602208,0",2024-05-22,quarta-feira,10:40:00,SC,470,"89,5",ASCURRA,Acessar a via sem observar a presença dos outros veículos,Colisão transversal,Com Vítimas Feridas,Pleno dia,Decrescente,Céu Claro,Simples,Reta,Sim,4,0,2,0,1,1,2,3,-26.961573,-49.371918,SPRF-SC,DEL04-SC,UOP01-DEL04-SC,2024
"602215,0",2024-05-10,sexta-feira,19:20:00,SC,470,"189,0",POUSO REDONDO,Transitar na contramão,Colisão lateral sentido oposto,Sem Vítimas,Plena Noite,Decrescente,Nublado,Simples,Curva;Em Obras,Não,4,0,0,0,2,2,0,4,-27.275368,-50.063206,SPRF-SC,DEL04-SC,UOP02-DEL04-SC,2024
"602251,0",2024-05-22,quarta-feira,14:40:00,SC,101,"198,0",BIGUACU,Ausência de reação do condutor,Queda de ocupante de veículo,Com Vítimas Feridas,Pleno dia,Decrescente,Céu Claro,Dupla,Reta,Sim,2,0,1,0,0,1,1,2,-27.52658712,-48.63506019,SPRF-SC,DEL01-SC,UOP01-DEL01-SC,2024
"602261,0",2024-05-22,quarta-feira,14:41:00,SC,101,"198,0",BIGUACU,Ausência de reação do condutor,Queda de ocupante de veículo,Com Vítimas Feridas,Pleno dia,Decrescente,Céu Claro,Dupla,Reta,Sim,2,0,1,0,0,1,1,2,-27.52658712,-48.63506019,SPRF-SC,DEL01-SC,UOP01-DEL01-SC,2024
"602288,0",2024-05-22,quarta-feira,17:30:00,SC,116,"53,0",PAPANDUVA,Conversão proibida,Colisão transversal,Sem Vítimas,Anoitecer,Decrescente,Céu Claro,Simples,Reta,Não,4,0,0,0,3,1,0,4,-26.3932492,-50.15515026,SPRF-SC,DEL06-SC,UOP01-DEL06-SC,2024
"602300,0",2024-05-22,quarta-feira,20:49:00,SC,280,"22,6",ARAQUARI,Transitar no Acostamento,Colisão lateral sentido oposto,Com Vítimas Feridas,Plena Noite,Crescente,Nublado,Simples,Reta,Sim,2,0,0,1,0,1,1,2,-26.37092616,-48.70204099,SPRF-SC,DEL03-SC,UOP03-DEL03-SC,2024
"602319,0",2024-05-22,quarta-feira,19:10:00,SC,116,"71,6",MONTE CASTELO,Ingestão de álcool pelo condutor,Colisão lateral sentido oposto,Com Vítimas Fatais,Plena Noite,Crescente,Nublado,Simples,Reta;Aclive,Não,4,1,0,0,2,2,0,5,-26.4832019,-50.2325697,SPRF-SC,DEL06-SC,UOP02-DEL06-SC,2024
"602347,0",2024-05-23,quinta-feira,06:30:00,SC,116,"247,8",LAGES,Neblina,Colisão traseira,Com Vítimas Feridas,Amanhecer,Crescente,Nevoeiro/Neblina,Simples,Interseção de Vias;Reta,Sim,3,0,1,0,1,2,1,4,-27.81801267,-50.37304401,SPRF-SC,DEL05-SC,UOP02-DEL05-SC,2024
"602420,0",2024-05-23,quinta-feira,10:05:00,SC,153,"97,2",CONCORDIA,Acessar a via sem observar a presença dos outros veículos,Colisão transversal,Com Vítimas Feridas,Pleno dia,Crescente,Sol,Simples,Reta,Sim,4,0,1,0,2,1,1,4,-27.22921818,-51.95297241,SPRF-SC,DEL07-SC,UOP04-DEL07-SC,2024
"602423,0",2024-05-23,quinta-feira,14:55:00,SC,116,"6,0",MAFRA,Reação tardia ou ineficiente do condutor,Colisão traseira,Com Vítimas Feridas,Pleno dia,Decrescente,Céu Claro,Simples,Reta,Sim,4,0,1,0,3,0,1,2,-26.14644691,-49.82305806,SPRF-SC,DEL06-SC,UOP01-DEL06-SC,2024
"602430,0",2024-05-23,quinta-feira,14:10:00,SC,480,"124,7",CHAPECO,Manobra de mudança de faixa,Colisão lateral mesmo sentido,Sem Vítimas,Pleno dia,Crescente,Chuva,Dupla,Reta,Não,3,0,0,0,3,0,0,3,-27.00359519,-52.64391044,SPRF-SC,DEL07-SC,UOP01-DEL07-SC,2024
"602453,0",2024-05-23,quinta-feira,15:10:00,SC,470,"257,0",CURITIBANOS,Ausência de reação do condutor,Saída de leito carroçável,Com Vítimas Feridas,Pleno dia,Crescente,Nublado,Simples,Reta;Aclive,Não,2,0,1,0,0,2,1,3,-27.30900037,-50.63909769,SPRF-SC,DEL05-SC,UOP03-DEL05-SC,2024
"602525,0",2024-05-23,quinta-feira,22:00:00,SC,470,"92,5",APIUNA,Ausência de reação do condutor,Colisão traseira,Com Vítimas Fatais,Plena Noite,Decrescente,Chuva,Simples,Reta,Não,3,1,0,0,1,1,0,3,-26.9912017,-49.3749802,SPRF-SC,DEL04-SC,UOP01-DEL04-SC,2024
"602555,0",2024-05-24,sexta-feira,08:00:00,SC,282,"1,0",FLORIANOPOLIS,Trafegar com motocicleta (ou similar) entre as faixas,Tombamento,Com Vítimas Feridas,Pleno dia,Decrescente,Nublado,Múltipla,Declive,Sim,2,0,0,1,1,0,1,2,-27.602955,-48.580509,SPRF-SC,DEL01-SC,UOP01-DEL01-SC,2024
"602605,0",2024-05-24,sexta-feira,09:30:00,SC,153,"117,0",CONCORDIA,Demais falhas mecânicas ou elétricas,Eventos atípicos,Com Vítimas Feridas,Pleno dia,Decrescente,Garoa/Chuvisco,Dupla,Reta,Não,2,0,1,0,0,2,1,3,-27.359379,-51.99279,SPRF-SC,DEL07-SC,UOP04-DEL07-SC,2024
"602618,0",2024-05-24,sexta-feira,11:10:00,SC,480,"126,8",CHAPECO,Condutor deixou de manter distância do veículo da frente,Colisão traseira,Com Vítimas Feridas,Pleno dia,Crescente,Garoa/Chuvisco,Múltipla,Reta,Não,4,0,1,0,2,1,1,4,-27.020083,-52.636024,SPRF-SC,DEL07-SC,UOP01-DEL07-SC,2024
"602622,0",2024-05-24,sexta-feira,10:15:00,SC,282,"495,0",XANXERE,Condutor deixou de manter distância do veículo da frente,Colisão frontal,Com Vítimas Feridas,Pleno dia,Decrescente,Chuva,Simples,Curva,Não,5,0,1,0,3,1,1,4,-26.872722,-52.320417,SPRF-SC,DEL07-SC,UOP01-DEL07-SC,2024
"602638,0",2024-05-24,sexta-feira,14:00:00,SC,101,"140,0",ITAPEMA,Reação tardia ou ineficiente do condutor,Colisão lateral mesmo sentido,Sem Vítimas,Pleno dia,Crescente,Nublado,Dupla,Curva,Não,2,0,0,0,2,0,0,2,-27.03881189,-48.60025148,SPRF-SC,DEL04-SC,UOP03-DEL04-SC,2024
"602742,0",2024-05-24,sexta-feira,12:00:00,SC,101,"34,7",JOINVILLE,Reação tardia ou ineficiente do condutor,Colisão traseira,Com Vítimas Feridas,Pleno dia,Crescente,Nublado,Múltipla,Curva,Não,3,0,1,0,1,1,1,3,-26.23667403,-48.91486706,SPRF-SC,DEL03-SC,UOP01-DEL03-SC,2024
"602767,0",2024-05-24,sexta-feira,19:50:00,SC,282,"40,5",AGUAS MORNAS,Conversão proibida,Colisão lateral sentido oposto,Sem Vítimas,Plena Noite,Crescente,Céu Claro,Simples,Reta,Não,3,0,0,0,1,2,0,3,-27.716148,-48.869583,SPRF-SC,DEL01-SC,UOP03-DEL01-SC,2024
"602805,0",2024-05-25,sábado,04:35:00,SC,101,"115,0",ITAJAI,Ingestão de álcool pelo condutor,Colisão com objeto,Sem Vítimas,Amanhecer,Decrescente,Céu Claro,Dupla,Reta,Sim,2,0,0,0,2,0,0,2,-26.87064015,-48.72954134,SPRF-SC,DEL04-SC,UOP04-DEL04-SC,2024
"602920,0",2024-05-25,sábado,16:10:00,SC,282,"216,5",LAGES,Desrespeitar a preferência no cruzamento,Colisão transversal,Sem Vítimas,Pleno dia,Decrescente,Nublado,Simples,Interseção de Vias;Rotatória,Sim,2,0,0,0,2,0,0,2,-27.797529,-50.291862,SPRF-SC,DEL05-SC,UOP01-DEL05-SC,2024
"602977,0",2024-05-25,sábado,22:30:00,SC,101,"207,4",SAO JOSE,Ausência de reação do condutor,Colisão traseira,Com Vítimas Feridas,Plena Noite,Decrescente,Céu Claro,Múltipla,Reta,Não,8,0,1,0,6,1,1,4,-27.60001226,-48.6226467,SPRF-SC,DEL01-SC,UOP01-DEL01-SC,2024
"603067,0",2024-04-12,sexta-feira,19:00:00,SC,101,"210,0",SAO JOSE,Pista Escorregadia,Colisão traseira,Com Vítimas Feridas,Plena Noite,Crescente,Chuva,Dupla,Reta,Sim,4,0,0,1,1,2,1,3,-27.61563417,-48.64475727,SPRF-SC,DEL01-SC,UOP01-DEL01-SC,2024
"603133,0",2024-05-26,domingo,15:10:00,SC,101,"317,0",PESCARIA BRAVA,Suicídio (presumido),Atropelamento de Pedestre,Com Vítimas Feridas,Pleno dia,Decrescente,Nublado,Dupla,Reta,Não,3,0,0,1,1,1,1,3,-28.42708421,-48.85211624,SPRF-SC,DEL02-SC,UOP01-DEL02-SC,2024
"603194,0",2024-05-26,domingo,19:30:00,SC,101,"132,0",BALNEARIO CAMBORIU,Reação tardia ou ineficiente do condutor,Colisão traseira,Com Vítimas Feridas,Plena Noite,Decrescente,Nublado,Múltipla,Reta,Sim,5,0,1,0,4,0,1,4,-26.99654133,-48.65564711,SPRF-SC,DEL04-SC,UOP03-DEL04-SC,2024
"603244,0",2024-05-26,domingo,21:00:00,SC,470,"99,0",APIUNA,Estacionar ou parar em local proibido,Colisão traseira,Com Vítimas Feridas,Plena Noite,Decrescente,Nublado,Simples,Reta,Sim,4,0,1,0,2,2,1,5,-27.037956,-49.393417,SPRF-SC,DEL04-SC,UOP02-DEL04-SC,2024
"603251,0",2024-05-26,domingo,23:30:00,SC,101,"316,4",PESCARIA BRAVA,Objeto estático sobre o leito carroçável,Colisão com objeto,Com Vítimas Fatais,Plena Noite,Crescente,Chuva,Múltipla,Reta;Interseção de Vias,Sim,2,1,0,0,1,0,0,2,-28.426493,-48.861364,SPRF-SC,DEL02-SC,UOP01-DEL02-SC,2024
"603281,0",2024-05-27,segunda-feira,05:20:00,SC,116,"174,8",SAO CRISTOVAO DO SUL,Velocidade Incompatível,Colisão com objeto,Com Vítimas Feridas,Plena Noite,Crescente,Garoa/Chuvisco,Simples,Curva;Declive,Não,2,0,1,0,0,1,1,2,-27.2255548,-50.46647072,SPRF-SC,DEL05-SC,UOP03-DEL05-SC,2024
"603319,0",2024-05-27,segunda-feira,06:30:00,SC,280,"242,0",CANOINHAS,Demais falhas mecânicas ou elétricas,Tombamento,Com Vítimas Feridas,Amanhecer,Decrescente,Chuva,Simples,Curva,Não,2,0,1,0,1,0,1,2,-26.23241075,-50.46635011,SPRF-SC,DEL06-SC,UOP04-DEL06-SC,2024
"603339,0",2024-05-27,segunda-feira,11:10:00,SC,101,"102,0",BALNEARIO PICARRAS,Ausência de reação do condutor,Colisão traseira,Com Vítimas Feridas,Pleno dia,Crescente,Chuva,Múltipla,Reta,Não,3,0,0,1,1,1,1,3,-26.77383397,-48.68594062,SPRF-SC,DEL03-SC,UOP02-DEL03-SC,2024
"603371,0",2024-05-27,segunda-feira,09:00:00,SC,470,"155,0",TROMBUDO CENTRAL,Demais falhas mecânicas ou elétricas,Tombamento,Com Vítimas Feridas,Pleno dia,Decrescente,Chuva,Simples,Curva,Não,2,0,1,0,0,1,1,2,-27.277105,-49.751972,SPRF-SC,DEL04-SC,UOP02-DEL04-SC,2024
"603456,0",2024-05-27,segunda-feira,20:10:00,SC,101,"153,0",ITAPEMA,Ausência de reação do condutor,Colisão traseira,Com Vítimas Feridas,Plena Noite,Crescente,Chuva,Dupla,Reta,Não,2,0,0,1,0,1,1,2,-27.144717,-48.61063935,SPRF-SC,DEL04-SC,UOP03-DEL04-SC,2024
"603472,0",2024-05-27,segunda-feira,20:40:00,SC,116,"134,1",SANTA CECILIA,Transitar na contramão,Colisão lateral sentido oposto,Sem Vítimas,Plena Noite,Crescente,Chuva,Simples,Aclive;Curva,Não,5,0,0,0,4,1,0,3,-26.92437688,-50.44273489,SPRF-SC,DEL06-SC,UOP02-DEL06-SC,2024
"603483,0",2024-05-27,segunda-feira,21:55:00,SC,116,"141,0",SANTA CECILIA,Ausência de reação do condutor,Colisão traseira,Com Vítimas Feridas,Plena Noite,Decrescente,Garoa/Chuvisco,Simples,Reta,Sim,4,0,1,0,1,3,1,5,-26.97282394,-50.40309796,SPRF-SC,DEL06-SC,UOP02-DEL06-SC,2024
"603501,0",2024-05-28,terça-feira,06:35:00,SC,101,"333,1",TUBARAO,Condutor Dormindo,Saída de leito carroçável,Com Vítimas Feridas,Pleno dia,Crescente,Céu Claro,Dupla,Reta,Não,1,0,1,0,0,0,1,1,-28.46630107,-48.99653096,SPRF-SC,DEL02-SC,UOP01-DEL02-SC,2024