id,data_inversa,dia_semana,horario,uf,br,km,municipio,causa_acidente,tipo_acidente,classificacao_acidente,fase_dia,sentido_via,condicao_metereologica,tipo_pista,tracado_via,uso_solo,pessoas,mortos,feridos_leves,feridos_graves,ilesos,ignorados,feridos,veiculos,latitude,longitude,regional,delegacia,uop,ano_arquivo
"603544,0",2024-05-28,terça-feira,07:48:00,SC,282,"520,7",XAXIM,Carga excessiva e/ou mal acondicionada,Derramamento de carga,Sem Vítimas,Pleno dia,Decrescente,Nublado,Simples,Rotatória,Sim,2,0,0,0,1,1,0,2,-26.950415,-52.526096,SPRF-SC,DEL07-SC,UOP01-DEL07-SC,2024
"603554,0",2024-05-28,terça-feira,07:45:00,SC,101,"331,9",TUBARAO,Demais Fenômenos da natureza,Colisão com objeto,Com Vítimas Feridas,Pleno dia,Decrescente,Céu Claro,Dupla,Curva,Sim,4,0,1,0,2,1,1,3,-28.46686157,-48.99692059,SPRF-SC,DEL02-SC,UOP01-DEL02-SC,2024
"603595,0",2024-05-28,terça-feira,11:50:00,SC,280,"179,0",MAFRA,Carga excessiva e/ou mal acondicionada,Tombamento,Sem Vítimas,Pleno dia,Crescente,Sol,Simples,Curva,Não,2,0,0,0,1,1,0,2,-26.17768641,-49.87831496,SPRF-SC,DEL06-SC,UOP01-DEL06-SC,2024
"603613,0",2024-05-28,terça-feira,16:30:00,SC,101,"38,2",JOINVILLE,Acessar a via sem observar a presença dos outros veículos,Colisão lateral mesmo sentido,Com Vítimas Feridas,Pleno dia,Crescente,Sol,Dupla,Reta;Viaduto,Sim,5,0,2,0,2,1,2,4,-26.25472505,-48.90561309,SPRF-SC,DEL03-SC,UOP01-DEL03-SC,2024
"603620,0",2024-03-18,segunda-feira,07:30:00,SC,101,"119,0",ITAJAI,Transitar no Acostamento,Colisão traseira,Com Vítimas Feridas,Pleno dia,Crescente,Céu Claro,Dupla,Reta,Sim,2,0,0,1,1,0,1,2,-26.9043179,-48.71555481,SPRF-SC,DEL04-SC,UOP04-DEL04-SC,2024
"603670,0",2024-05-28,terça-feira,21:20:00,SC,101,"305,1",LAGUNA,Ausência de reação do condutor,Colisão traseira,Com Vítimas Feridas,Plena Noite,Decrescente,Céu Claro,Múltipla,Reta,Não,3,0,0,1,1,1,1,3,-28.396563,-48.782397,SPRF-SC,DEL02-SC,UOP03-DEL02-SC,2024
"603673,0",2024-05-28,terça-feira,23:55:00,SC,101,"31,2",JOINVILLE,Carga excessiva e/ou mal acondicionada,Colisão com objeto,Com Vítimas Feridas,Plena Noite,Decrescente,Nublado,Dupla,Reta,Não,3,0,1,0,1,2,1,4,-26.22195899,-48.91634925,SPRF-SC,DEL03-SC,UOP01-DEL03-SC,2024
"603690,0",2024-05-28,terça-feira,22:10:00,SC,153,"14,1",AGUA DOCE,Velocidade Incompatível,Colisão transversal,Com Vítimas Feridas,Plena Noite,Crescente,Garoa/Chuvisco,Simples,Reta;Interseção de Vias,Não,9,0,1,0,7,1,1,4,-26.697666,-51.57309,SPRF-SC,DEL07-SC,UOP07-DEL07-SC,2024
"603896,0",2024-05-29,quarta-feira,22:00:00,SC,101,"108,0",PENHA,Condutor deixou de manter distância do veículo da frente,Colisão traseira,Com Vítimas Feridas,Plena Noite,Crescente,Céu Claro,Dupla,Reta,Não,3,0,1,0,1,2,1,4,-26.82606902,-48.69052298,SPRF-SC,DEL03-SC,UOP02-DEL03-SC,2024
"603910,0",2024-05-29,quarta-feira,17:35:00,SC,282,"89,4",ALFREDO WAGNER,Velocidade Incompatível,Colisão lateral sentido oposto,Com Vítimas Fatais,Anoitecer,Crescente,Céu Claro,Simples,Curva,Não,5,2,0,0,2,4,0,7,-27.6800568,-49.2190195,SPRF-SC,DEL01-SC,UOP03-DEL01-SC,2024
"603922,0",2024-05-29,quarta-feira,19:30:00,SC,101,"277,8",IMBITUBA,Condutor deixou de manter distância do veículo da frente,Colisão traseira,Com Vítimas Feridas,Plena Noite,Crescente,Céu Claro,Dupla,Reta,Sim,3,0,1,0,2,0,1,3,-28.15478103,-48.69265474,SPRF-SC,DEL02-SC,UOP03-DEL02-SC,2024
"604040,0",2024-05-30,quinta-feira,14:25:00,SC,282,"644,1",SAO MIGUEL DO OESTE,Acessar a via sem observar a presença dos outros veículos,Colisão transversal,Com Vítimas Feridas,Pleno dia,Decrescente,Céu Claro,Simples,Declive;Reta,Não,2,0,0,1,1,0,1,2,-26.76771159,-53.4814775,SPRF-SC,DEL07-SC,UOP03-DEL07-SC,2024
"604130,0",2024-05-30,quinta-feira,20:30:00,SC,116,"289,9",CAPAO ALTO,Ingestão de álcool pelo condutor,Saída de leito carroçável,Com Vítimas Feridas,Plena Noite,Crescente,Nublado,Simples,Reta,Não,2,0,1,0,0,1,1,2,-28.10427947,-50.61303777,SPRF-SC,DEL05-SC,UOP02-DEL05-SC,2024
"604138,0",2024-05-30,quinta-feira,22:20:00,SC,116,"135,2",SANTA CECILIA,Transitar na contramão,Colisão frontal,Com Vítimas Fatais,Plena Noite,Crescente,Nublado,Simples,Aclive;Reta,Não,5,1,0,1,1,3,1,5,-26.92904296,-50.4345818,SPRF-SC,DEL06-SC,UOP02-DEL06-SC,2024
"604176,0",2024-05-31,sexta-feira,07:30:00,SC,470,"43,0",GASPAR,Retorno proibido,Colisão transversal,Com Vítimas Feridas,Pleno dia,Crescente,Nublado,Simples,Reta,Não,2,0,0,1,1,0,1,2,-26.874519,-49.013454,SPRF-SC,DEL04-SC,UOP01-DEL04-SC,2024
"604205,0",2024-05-31,sexta-feira,07:50:00,SC,280,"37,8",ARAQUARI,Transitar na contramão,Colisão lateral sentido oposto,Sem Vítimas,Pleno dia,Decrescente,Céu Claro,Simples,Reta;Em Obras,Não,3,0,0,0,3,0,0,3,-26.44572892,-48.81862707,SPRF-SC,DEL03-SC,UOP03-DEL03-SC,2024
"604213,0",2024-05-31,sexta-feira,10:50:00,SC,101,"364,0",SANGAO,Reação tardia ou ineficiente do condutor,Colisão traseira,Com Vítimas Feridas,Pleno dia,Decrescente,Céu Claro,Dupla,Reta;Aclive,Não,3,0,1,1,0,1,2,3,-28.68202936,-49.14561689,SPRF-SC,DEL02-SC,UOP01-DEL02-SC,2024
"604216,0",2024-05-31,sexta-feira,11:00:00,SC,101,"210,0",SAO JOSE,Problema com o freio,Engavetamento,Com Vítimas Feridas,Pleno dia,Decrescente,Céu Claro,Múltipla,Reta,Sim,5,0,2,0,2,1,2,4,-27.6167305,-48.6457265,SPRF-SC,DEL01-SC,UOP01-DEL01-SC,2024
"604219,0",2024-05-31,sexta-feira,11:40:00,SC,101,"41,0",JOINVILLE,Trafegar com motocicleta (ou similar) entre as faixas,Colisão lateral mesmo sentido,Com Vítimas Feridas,Pleno dia,Decrescente,Sol,Dupla,Aclive;Reta,Não,4,0,1,0,1,2,1,4,-26.314723,-48.873445,SPRF-SC,DEL03-SC,UOP01-DEL03-SC,2024
"604228,0",2024-05-31,sexta-feira,12:45:00,SC,101,"156,0",ITAPEMA,Acessar a via sem observar a presença dos outros veículos,Colisão transversal,Com Vítimas Feridas,Pleno dia,Decrescente,Céu Claro,Simples,Reta,Sim,3,0,1,0,2,0,1,2,-27.172272,-48.61170204,SPRF-SC,DEL04-SC,UOP03-DEL04-SC,2024
"604253,0",2024-05-31,sexta-feira,11:05:00,SC,282,"429,1",VARGEM BONITA,Transitar na contramão,Colisão frontal,Com Vítimas Fatais,Pleno dia,Crescente,Céu Claro,Simples,Aclive;Reta,Não,3,1,1,0,0,2,1,4,-26.977345,-51.782223,SPRF-SC,DEL07-SC,UOP05-DEL07-SC,2024
"604272,0",2024-05-31,sexta-feira,16:45:00,SC,282,"3,0",FLORIANOPOLIS,Trafegar com motocicleta (ou similar) entre as faixas,Colisão lateral mesmo sentido,Com Vítimas Feridas,Pleno dia,Crescente,Céu Claro,Múltipla,Reta,Sim,2,0,0,1,1,0,1,2,-27.600384,-48.599705,SPRF-SC,DEL01-SC,UOP01-DEL01-SC,2024
"604331,0",2024-05-07,terça-feira,11:45:00,SC,101,"62,8",ARAQUARI,Ausência de reação do condutor,Colisão traseira,Sem Vítimas,Pleno dia,Decrescente,Céu Claro,Dupla,Reta,Não,3,0,0,0,2,3,0,5,-26.45504246,-48.76711901,SPRF-SC,DEL03-SC,UOP02-DEL03-SC,2024
"604524,0",2024-06-01,sábado,19:00:00,SC,101,"446,0",SANTA ROSA DO SUL,Falta de acostamento,Atropelamento de Pedestre,Com Vítimas Feridas,Plena Noite,Crescente,Céu Claro,Múltipla,Reta,Não,2,0,1,0,1,0,1,2,-29.1453211,-49.72212553,SPRF-SC,DEL02-SC,UOP02-DEL02-SC,2024
"604541,0",2024-06-01,sábado,20:20:00,SC,282,"627,5",IRACEMINHA,Demais falhas na via,Colisão lateral sentido oposto,Sem Vítimas,Plena Noite,Crescente,Céu Claro,Dupla,Curva;Aclive,Não,3,0,0,0,2,1,0,3,-26.811321,-53.362316,SPRF-SC,DEL07-SC,UOP02-DEL07-SC,2024
"604549,0",2024-06-01,sábado,22:45:00,SC,101,"333,7",TUBARAO,Pedestre - Ingestão de álcool/ substâncias psicoativas,Colisão traseira,Com Vítimas Feridas,Plena Noite,Decrescente,Céu Claro,Múltipla,Reta;Viaduto;Declive,Sim,2,0,1,0,0,1,1,2,-28.46630107,-48.99653096,SPRF-SC,DEL02-SC,UOP01-DEL02-SC,2024
"604573,0",2024-06-02,domingo,01:45:00,SC,101,"34,5",JOINVILLE,Estacionar ou parar em local proibido,Colisão com objeto,Com Vítimas Feridas,Plena Noite,Crescente,Nevoeiro/Neblina,Dupla,Reta;Aclive,Não,3,0,1,0,1,2,1,4,-26.23667403,-48.91486706,SPRF-SC,DEL03-SC,UOP01-DEL03-SC,2024
"604621,0",2024-06-02,domingo,06:50:00,SC,470,"247,0",CURITIBANOS,Reação tardia ou ineficiente do condutor,Tombamento,Com Vítimas Feridas,Pleno dia,Decrescente,Céu Claro,Simples,Rotatória,Sim,2,0,1,0,0,1,1,2,-27.31298511,-50.56054115,SPRF-SC,DEL05-SC,UOP03-DEL05-SC,2024
"604671,0",2024-06-02,domingo,07:30:00,SC,101,"317,0",PESCARIA BRAVA,Acessar a via sem observar a presença dos outros veículos,Colisão lateral mesmo sentido,Com Vítimas Feridas,Amanhecer,Decrescente,Céu Claro,Dupla,Reta;Aclive,Sim,2,0,0,1,0,1,1,2,-28.42708421,-48.85211624,SPRF-SC,DEL02-SC,UOP01-DEL02-SC,2024
"604936,0",2024-06-03,segunda-feira,10:15:00,SC,101,"204,0",SAO JOSE,Manobra de mudança de faixa,Colisão traseira,Com Vítimas Feridas,Pleno dia,Crescente,Céu Claro,Múltipla,Reta,Sim,4,0,1,1,1,1,2,3,-27.57413014,-48.61363083,SPRF-SC,DEL01-SC,UOP01-DEL01-SC,2024
"604979,0",2024-06-03,segunda-feira,12:45:00,SC,282,"58,0",RANCHO QUEIMADO,Acessar a via sem observar a presença dos outros veículos,Colisão transversal,Com Vítimas Feridas,Pleno dia,Decrescente,Céu Claro,Simples,Interseção de Vias;Declive,Sim,10,0,8,1,1,0,9,2,-27.683594,-49.005539,SPRF-SC,DEL01-SC,UOP03-DEL01-SC,2024
"605048,0",2024-06-03,segunda-feira,21:20:00,SC,101,"211,7",PALHOCA,Entrada inopinada do pedestre,Atropelamento de Pedestre,Com Vítimas Feridas,Plena Noite,Crescente,Nublado,Dupla,Viaduto,Não,2,0,1,0,1,0,1,2,-27.62329313,-48.65245588,SPRF-SC,DEL01-SC,UOP02-DEL01-SC,2024
"605067,0",2024-06-03,segunda-feira,23:00:00,SC,282,"415,0",CATANDUVAS,Ingestão de álcool pelo condutor,Colisão traseira,Com Vítimas Feridas,Plena Noite,Crescente,Céu Claro,Simples,Aclive;Reta,Não,2,0,1,0,1,0,1,2,-27.048531,-51.703181,SPRF-SC,DEL07-SC,UOP05-DEL07-SC,2024
"605078,0",2024-06-04,terça-feira,05:20:00,SC,101,"194,0",BIGUACU,Condutor deixou de manter distância do veículo da frente,Colisão traseira,Com Vítimas Feridas,Plena Noite,Crescente,Céu Claro,Múltipla,Reta,Sim,2,0,0,1,1,0,1,2,-27.49815117,-48.65661236,SPRF-SC,DEL01-SC,UOP01-DEL01-SC,2024
"605154,0",2024-06-04,terça-feira,12:35:00,SC,470,"52,4",BLUMENAU,Reação tardia ou ineficiente do condutor,Colisão traseira,Com Vítimas Feridas,Pleno dia,Crescente,Nublado,Simples,Reta;Aclive,Sim,6,0,4,0,1,2,4,4,-26.86387261,-49.09792277,SPRF-SC,DEL04-SC,UOP01-DEL04-SC,2024
"605218,0",2024-06-04,terça-feira,18:15:00,SC,282,"68,7",RANCHO QUEIMADO,Demais falhas mecânicas ou elétricas,Saída de leito carroçável,Com Vítimas Feridas,Plena Noite,Decrescente,Céu Claro,Simples,Declive;Curva,Não,1,0,1,0,0,0,1,1,-27.692406,-49.075939,SPRF-SC,DEL01-SC,UOP03-DEL01-SC,2024
"605253,0",2024-06-04,terça-feira,22:50:00,SC,116,"296,3",CAPAO ALTO,Condutor Dormindo,Colisão lateral sentido oposto,Com Vítimas Feridas,Plena Noite,Decrescente,Nublado,Simples,Curva,Não,4,0,1,0,2,1,1,4,-28.14874485,-50.66210712,SPRF-SC,DEL05-SC,UOP02-DEL05-SC,2024
"605257,0",2024-06-05,quarta-feira,00:00:00,SC,101,"129,0",BALNEARIO CAMBORIU,Ausência de reação do condutor,Colisão traseira,Sem Vítimas,Plena Noite,Crescente,Céu Claro,Dupla,Curva,Não,2,0,0,0,2,0,0,2,-26.98064277,-48.6790679,SPRF-SC,DEL04-SC,UOP03-DEL04-SC,2024
"605372,0",2024-06-05,quarta-feira,18:30:00,SC,101,"214,4",PALHOCA,Condutor deixou de manter distância do veículo da frente,Colisão traseira,Com Vítimas Feridas,Plena Noite,Crescente,Céu Claro,Múltipla,Reta,Sim,3,0,0,1,1,1,1,3,-27.64443,-48.67057,SPRF-SC,DEL01-SC,UOP02-DEL01-SC,2024
"605381,0",2024-06-05,quarta-feira,18:40:00,SC,101,"119,0",ITAJAI,Trafegar com motocicleta (ou similar) entre as faixas,Colisão lateral mesmo sentido,Com Vítimas Feridas,Plena Noite,Decrescente,Céu Claro,Múltipla,Reta,Sim,5,0,0,1,1,3,1,5,-26.9043179,-48.71555481,SPRF-SC,DEL04-SC,UOP04-DEL04-SC,2024
"605471,0",2024-05-18,sábado,00:10:00,SC,470,"62,0",INDAIAL,Acessar a via sem observar a presença dos outros veículos,Colisão transversal,Com Vítimas Feridas,Plena Noite,Crescente,Chuva,Simples,Interseção de Vias;Reta,Não,5,0,1,1,2,1,2,3,-26.874521,-49.182938,SPRF-SC,DEL04-SC,UOP01-DEL04-SC,2024
"605480,0",2024-02-03,sábado,12:15:00,SC,470,"92,0",APIUNA,Transitar na contramão,Colisão frontal,Com Vítimas Feridas,Pleno dia,Crescente,Céu Claro,Simples,Reta,Sim,6,0,1,3,1,1,4,3,-26.98592,-49.373047,SPRF-SC,DEL04-SC,UOP01-DEL04-SC,2024
"605618,0",2024-06-06,quinta-feira,22:15:00,SC,101,"125,5",ITAJAI,Ausência de reação do condutor,Colisão traseira,Com Vítimas Feridas,Plena Noite,Crescente,Nublado,Dupla,Curva,Não,2,0,0,1,0,1,1,2,-26.94802427,-48.68338515,SPRF-SC,DEL04-SC,UOP04-DEL04-SC,2024
"605648,0",2024-06-07,sexta-feira,00:10:00,SC,470,"62,5",INDAIAL,Velocidade Incompatível,Saída de leito carroçável,Com Vítimas Feridas,Plena Noite,Decrescente,Ignorado,Simples,Curva;Declive,Não,1,0,1,0,0,0,1,1,-26.8743538,-49.18875217,SPRF-SC,DEL04-SC,UOP01-DEL04-SC,2024
"605684,0",2024-06-07,sexta-feira,08:30:00,SC,101,"214,5",PALHOCA,Reação tardia ou ineficiente do condutor,Colisão traseira,Com Vítimas Feridas,Pleno dia,Crescente,Céu Claro,Múltipla,Reta,Sim,2,0,0,1,1,0,1,2,-27.64443,-48.67057,SPRF-SC,DEL01-SC,UOP02-DEL01-SC,2024
"605765,0",2024-04-22,segunda-feira,13:10:00,SC,470,"155,1",AGRONOMICA,Ausência de reação do condutor,Colisão frontal,Com Vítimas Fatais,Pleno dia,Decrescente,Céu Claro,Simples,Curva,Não,8,2,2,0,3,3,2,7,-27.27897389,-49.75434238,SPRF-SC,DEL04-SC,UOP02-DEL04-SC,2024
"605787,0",2024-06-07,sexta-feira,17:00:00,SC,153,"95,8",CONCORDIA,Acessar a via sem observar a presença dos outros veículos,Colisão transversal,Com Vítimas Feridas,Anoitecer,Decrescente,Céu Claro,Simples,Interseção de Vias;Reta,Sim,2,0,1,0,1,0,1,2,-27.217372,-51.950684,SPRF-SC,DEL07-SC,UOP04-DEL07-SC,2024
"605797,0",2024-06-07,sexta-feira,18:18:00,SC,280,"28,0",ARAQUARI,Acessar a via sem observar a presença dos outros veículos,Colisão transversal,Com Vítimas Feridas,Anoitecer,Crescente,Céu Claro,Simples,Reta,Sim,3,0,1,0,1,1,1,3,-26.40450077,-48.74561031,SPRF-SC,DEL03-SC,UOP03-DEL03-SC,2024
"605910,0",2024-06-08,sábado,06:00:00,SC,282,"17,4",PALHOCA,Acessar a via sem observar a presença dos outros veículos,Colisão transversal,Com Vítimas Feridas,Plena Noite,Decrescente,Céu Claro,Simples,Interseção de Vias,Não,3,0,0,1,2,0,1,3,-27.665707,-48.688065,SPRF-SC,DEL01-SC,UOP02-DEL01-SC,2024
"606063,0",2024-06-08,sábado,16:25:00,SC,282,"332,5",CAMPOS NOVOS,Condutor usando celular,Colisão lateral sentido oposto,Sem Vítimas,Pleno dia,Decrescente,Céu Claro,Simples,Reta,Não,3,0,0,0,1,2,0,3,-27.390564,-51.125843,SPRF-SC,DEL07-SC,UOP06-DEL07-SC,2024
"606080,0",2024-06-08,sábado,18:40:00,SC,101,"124,1",ITAJAI,Manobra de mudança de faixa,Colisão lateral mesmo sentido,Com Vítimas Feridas,Plena Noite,Decrescente,Céu Claro,Dupla,Reta,Sim,2,0,1,0,1,0,1,2,-26.94335064,-48.69198648,SPRF-SC,DEL04-SC,UOP04-DEL04-SC,2024
"606182,0",2024-06-09,domingo,03:00:00,SC,280,"21,0",ARAQUARI,Iluminação deficiente,Colisão transversal,Com Vítimas Feridas,Plena Noite,Crescente,Nublado,Simples,Reta,Sim,3,0,1,0,1,2,1,4,-26.37043169,-48.69219602,SPRF-SC,DEL03-SC,UOP03-DEL03-SC,2024
"606204,0",2024-06-09,domingo,03:15:00,SC,470,"239,0",SAO CRISTOVAO DO SUL,Transitar na contramão,Colisão frontal,Com Vítimas Fatais,Plena Noite,Decrescente,Nublado,Simples,Em Obras;Desvio Temporário;Curva;Aclive,Não,4,1,2,1,0,0,3,2,-27.306276,-50.480236,SPRF-SC,DEL05-SC,UOP03-DEL05-SC,2024
"606351,0",2024-06-09,domingo,09:30:00,SC,470,"281,9",BRUNOPOLIS,Velocidade Incompatível,Tombamento,Com Vítimas Fatais,Pleno dia,Crescente,Céu Claro,Simples,Curva;Aclive,Não,11,2,2,0,6,1,2,4,-27.3336866,-50.8858868,SPRF-SC,DEL07-SC,UOP06-DEL07-SC,2024
"606355,0",2024-06-09,domingo,14:25:00,SC,101,"168,0",TIJUCAS,Acessar a via sem observar a presença dos outros veículos,Colisão lateral mesmo sentido,Com Vítimas Feridas,Pleno dia,Decrescente,Céu Claro,Dupla,Reta,Não,2,0,1,0,1,0,1,2,-27.279105,-48.631554,SPRF-SC,DEL04-SC,UOP03-DEL04-SC,2024
"606414,0",2024-06-09,domingo,20:00:00,SC,282,"539,6",CHAPECO,Velocidade Incompatível,Tombamento,Com Vítimas Feridas,Pleno dia,Crescente,Céu Claro,Simples,Curva,Não,1,0,1,0,0,0,1,1,-26.99134246,-52.68614704,SPRF-SC,DEL07-SC,UOP01-DEL07-SC,2024
"606445,0",2024-06-10,segunda-feira,04:00:00,SC,101,"117,2",ITAJAI,Demais falhas mecânicas ou elétricas,Colisão lateral mesmo sentido,Com Vítimas Fatais,Amanhecer,Decrescente,Céu Claro,Múltipla,Reta;Declive,Sim,3,1,0,0,2,0,0,3,-26.8890227,-48.7217396,SPRF-SC,DEL04-SC,UOP04-DEL04-SC,2024
"606493,0",2024-06-10,segunda-feira,08:50:00,SC,282,"535,1",CHAPECO,Desrespeitar a preferência no cruzamento,Colisão transversal,Com Vítimas Feridas,Pleno dia,Decrescente,Céu Claro,Dupla,Aclive;Interseção de Vias,Sim,3,0,3,0,0,0,3,2,-26.99973884,-52.64651656,SPRF-SC,DEL07-SC,UOP01-DEL07-SC,2024
"606505,0",2024-05-23,quinta-feira,20:10:00,SC,470,"1,0",NAVEGANTES,Reação tardia ou ineficiente do condutor,Colisão traseira,Com Vítimas Feridas,Plena Noite,Decrescente,Céu Claro,Dupla,Reta,Sim,5,0,1,0,3,1,1,3,-26.875383,-48.668285,SPRF-SC,DEL04-SC,UOP04-DEL04-SC,2024
"606576,0",2024-06-10,segunda-feira,16:25:00,SC,282,"516,0",XAXIM,Frear bruscamente,Engavetamento,Sem Vítimas,Pleno dia,Decrescente,Céu Claro,Simples,Rotatória,Não,10,0,0,0,9,1,0,4,-26.930862,-52.499157,SPRF-SC,DEL07-SC,UOP01-DEL07-SC,2024
"606710,0",2024-04-20,sábado,11:05:00,SC,282,"515,3",XAXIM,Ultrapassagem Indevida,Colisão lateral mesmo sentido,Com Vítimas Fatais,Pleno dia,Crescente,Sol,Simples,Reta,Não,5,1,1,1,2,0,2,5,-26.9238,-52.49686,SPRF-SC,DEL07-SC,UOP01-DEL07-SC,2024
"606744,0",2024-06-11,terça-feira,09:00:00,SC,153,"49,0",VARGEM BONITA,Condutor deixou de manter distância do veículo da frente,Colisão traseira,Com Vítimas Feridas,Pleno dia,Decrescente,Céu Claro,Simples,Reta,Não,5,0,2,0,2,1,2,3,-26.908381,-51.783154,SPRF-SC,DEL07-SC,UOP07-DEL07-SC,2024
"606755,0",2024-06-11,terça-feira,13:42:00,SC,101,"210,3",SAO JOSE,Ausência de reação do condutor,Colisão lateral mesmo sentido,Com Vítimas Feridas,Pleno dia,Decrescente,Céu Claro,Múltipla,Reta,Sim,3,0,1,0,1,1,1,3,-27.6167305,-48.6457265,SPRF-SC,DEL01-SC,UOP01-DEL01-SC,2024
"606784,0",2024-06-11,terça-feira,11:30:00,SC,116,"145,6",SANTA CECILIA,Reação tardia ou ineficiente do condutor,Derramamento de carga,Com Vítimas Feridas,Pleno dia,Crescente,Céu Claro,Simples,Curva,Não,10,0,0,4,5,4,4,11,-26.99474,-50.411757,SPRF-SC,DEL06-SC,UOP02-DEL06-SC,2024
"606800,0",2024-06-11,terça-feira,18:20:00,SC,101,"44,0",JOINVILLE,Trafegar com motocicleta (ou similar) entre as faixas,Colisão lateral mesmo sentido,Com Vítimas Feridas,Plena Noite,Crescente,Céu Claro,Simples,Interseção de Vias,Não,2,0,1,0,1,0,1,2,-26.31238996,-48.87458997,SPRF-SC,DEL03-SC,UOP01-DEL03-SC,2024
"606846,0",2024-06-11,terça-feira,19:15:00,SC,282,"459,1",PONTE SERRADA,Velocidade Incompatível,Saída de leito carroçável,Com Vítimas Feridas,Plena Noite,Crescente,Céu Claro,Simples,Reta,Não,1,0,1,0,0,0,1,1,-26.863695,-52.024818,SPRF-SC,DEL07-SC,UOP04-DEL07-SC,2024
"606979,0",2024-06-12,quarta-feira,13:10:00,SC,280,"304,6",PORTO UNIAO,Carga excessiva e/ou mal acondicionada,Colisão com objeto,Com Vítimas Feridas,Pleno dia,Crescente,Céu Claro,Simples,Reta,Sim,2,0,1,0,0,1,1,2,-26.27999553,-51.05063229,SPRF-SC,DEL06-SC,UOP04-DEL06-SC,2024
"606994,0",2024-06-12,quarta-feira,14:50:00,SC,470,"89,8",ASCURRA,Reação tardia ou ineficiente do condutor,Colisão transversal,Com Vítimas Feridas,Pleno dia,Crescente,Sol,Simples,Reta,Sim,2,0,1,0,1,0,1,2,-26.97769,-49.369198,SPRF-SC,DEL04-SC,UOP01-DEL04-SC,2024
"607033,0",2024-06-12,quarta-feira,18:50:00,SC,470,"69,0",INDAIAL,Ultrapassagem Indevida,Colisão transversal,Com Vítimas Feridas,Plena Noite,Crescente,Céu Claro,Múltipla,Aclive;Reta,Sim,2,0,1,0,1,0,1,2,-26.88575124,-49.25012112,SPRF-SC,DEL04-SC,UOP01-DEL04-SC,2024
"607052,0",2024-06-12,quarta-feira,18:20:00,SC,101,"142,0",ITAPEMA,Trafegar com motocicleta (ou similar) entre as faixas,Colisão traseira,Com Vítimas Feridas,Plena Noite,Crescente,Céu Claro,Simples,Declive,Não,2,0,1,0,0,1,1,2,-27.056089,-48.599449,SPRF-SC,DEL04-SC,UOP03-DEL04-SC,2024
"607093,0",2024-06-13,quinta-feira,02:00:00,SC,116,"31,3",ITAIOPOLIS,Ingestão de álcool pelo condutor,Colisão lateral mesmo sentido,Sem Vítimas,Plena Noite,Decrescente,Céu Claro,Simples,Reta,Não,3,0,0,0,2,1,0,3,-26.31708989,-49.97099106,SPRF-SC,DEL06-SC,UOP01-DEL06-SC,2024
"607094,0",2024-06-13,quinta-feira,00:40:00,SC,116,"30,5",ITAIOPOLIS,Ingestão de álcool pelo condutor,Colisão lateral sentido oposto,Com Vítimas Fatais,Plena Noite,Decrescente,Céu Claro,Simples,Curva;Declive,Não,3,1,0,0,2,0,0,3,-26.31187517,-49.96286886,SPRF-SC,DEL06-SC,UOP01-DEL06-SC,2024
"607147,0",2024-06-13,quinta-feira,09:50:00,SC,101,"275,5",IMBITUBA,Trafegar com motocicleta (ou similar) entre as faixas,Tombamento,Com Vítimas Feridas,Pleno dia,Crescente,Céu Claro,Múltipla,Reta,Não,4,0,2,0,1,2,2,4,-28.153294,-48.692543,SPRF-SC,DEL02-SC,UOP03-DEL02-SC,2024
"607204,0",2024-06-13,quinta-feira,14:45:00,SC,282,"82,2",ALFREDO WAGNER,Reação tardia ou ineficiente do condutor,Colisão traseira,Com Vítimas Feridas,Pleno dia,Decrescente,Céu Claro,Simples,Curva;Aclive,Não,4,0,1,0,3,0,1,3,-27.662027,-49.178356,SPRF-SC,DEL01-SC,UOP03-DEL01-SC,2024
"607215,0",2024-06-13,quinta-feira,17:20:00,SC,101,"204,0",SAO JOSE,Manobra de mudança de faixa,Colisão lateral mesmo sentido,Com Vítimas Feridas,Anoitecer,Crescente,Céu Claro,Múltipla,Reta,Não,5,0,1,1,2,1,2,4,-27.57413014,-48.61363083,SPRF-SC,DEL01-SC,UOP01-DEL01-SC,2024
"607233,0",2024-06-13,quinta-feira,17:30:00,SC,101,"134,0",BALNEARIO CAMBORIU,Reação tardia ou ineficiente do condutor,Atropelamento de Pedestre,Com Vítimas Feridas,Pleno dia,Decrescente,Nublado,Múltipla,Reta,Sim,2,0,0,1,1,0,1,2,-27.00218,-48.636433,SPRF-SC,DEL04-SC,UOP03-DEL04-SC,2024
"607247,0",2024-04-06,sábado,17:00:00,SC,470,"127,7",LONTRAS,Transitar na contramão,Colisão frontal,Com Vítimas Fatais,Pleno dia,Crescente,Céu Claro,Simples,Curva,Não,3,1,1,0,1,0,1,3,-27.14250001,-49.54870489,SPRF-SC,DEL04-SC,UOP02-DEL04-SC,2024
"607265,0",2024-06-13,quinta-feira,09:40:00,SC,163,"68,9",SAO MIGUEL DO OESTE,Reação tardia ou ineficiente do condutor,Colisão lateral mesmo sentido,Com Vítimas Feridas,Pleno dia,Crescente,Céu Claro,Dupla,Reta;Declive,Sim,3,0,1,0,1,3,1,5,-26.74254442,-53.50100398,SPRF-SC,DEL07-SC,UOP03-DEL07-SC,2024