id,data_inversa,dia_semana,horario,uf,br,km,municipio,causa_acidente,tipo_acidente,classificacao_acidente,fase_dia,sentido_via,condicao_metereologica,tipo_pista,tracado_via,uso_solo,pessoas,mortos,feridos_leves,feridos_graves,ilesos,ignorados,feridos,veiculos,latitude,longitude,regional,delegacia,uop,ano_arquivo
"607330,0",2024-06-14,sexta-feira,01:00:00,SC,282,"477,9",VARGEAO,Ingestão de álcool pelo condutor,Tombamento,Sem Vítimas,Pleno dia,Decrescente,Céu Claro,Simples,Curva,Não,2,0,0,0,1,1,0,2,-26.88257511,-52.16845618,SPRF-SC,DEL07-SC,UOP01-DEL07-SC,2024
"607340,0",2024-06-13,quinta-feira,20:50:00,SC,153,"11,0",AGUA DOCE,Velocidade Incompatível,Colisão com objeto,Com Vítimas Feridas,Plena Noite,Decrescente,Céu Claro,Simples,Reta;Ponte,Não,1,0,1,0,0,0,1,1,-26.678205,-51.554218,SPRF-SC,DEL07-SC,UOP07-DEL07-SC,2024
"607361,0",2024-03-29,sexta-feira,03:20:00,SC,101,"138,6",BALNEARIO CAMBORIU,Ingestão de álcool pelo condutor,Colisão lateral mesmo sentido,Com Vítimas Feridas,Plena Noite,Crescente,Nublado,Múltipla,Aclive;Reta,Sim,5,0,1,0,3,1,1,4,-27.02397426,-48.60761649,SPRF-SC,DEL04-SC,UOP03-DEL04-SC,2024
"607387,0",2024-06-14,sexta-feira,09:15:00,SC,101,"130,3",BALNEARIO CAMBORIU,Manobra de mudança de faixa,Colisão lateral mesmo sentido,Com Vítimas Feridas,Pleno dia,Decrescente,Céu Claro,Dupla,Reta,Sim,4,0,1,0,2,1,1,3,-26.98407618,-48.66977107,SPRF-SC,DEL04-SC,UOP03-DEL04-SC,2024
"607401,0",2024-06-14,sexta-feira,10:30:00,SC,101,"206,0",SAO JOSE,Reação tardia ou ineficiente do condutor,Engavetamento,Sem Vítimas,Pleno dia,Crescente,Céu Claro,Múltipla,Aclive;Reta,Sim,7,0,0,0,7,0,0,7,-27.59193546,-48.61824557,SPRF-SC,DEL01-SC,UOP01-DEL01-SC,2024
"607451,0",2024-06-14,sexta-feira,14:40:00,SC,101,"47,8",JOINVILLE,Condutor deixou de manter distância do veículo da frente,Colisão com objeto,Sem Vítimas,Pleno dia,Crescente,Céu Claro,Dupla,Aclive,Não,1,0,0,0,1,0,0,1,-26.34234997,-48.85840089,SPRF-SC,DEL03-SC,UOP01-DEL03-SC,2024
"607465,0",2024-06-14,sexta-feira,16:20:00,SC,470,"59,9",BLUMENAU,Ausência de reação do condutor,Colisão traseira,Com Vítimas Feridas,Pleno dia,Decrescente,Céu Claro,Simples,Reta,Sim,5,0,1,1,2,1,2,4,-26.882812,-49.1548,SPRF-SC,DEL04-SC,UOP01-DEL04-SC,2024
"607564,0",2024-06-15,sábado,00:45:00,SC,116,"218,7",CORREIA PINTO,Transitar na contramão,Colisão lateral sentido oposto,Com Vítimas Feridas,Plena Noite,Decrescente,Céu Claro,Simples,Reta,Não,5,0,1,1,2,2,2,5,-27.56247698,-50.37616896,SPRF-SC,DEL05-SC,UOP03-DEL05-SC,2024
"607567,0",2024-06-15,sábado,01:00:00,SC,101,"145,3",ITAPEMA,Reação tardia ou ineficiente do condutor,Colisão traseira,Com Vítimas Fatais,Plena Noite,Decrescente,Céu Claro,Dupla,Aclive;Reta,Sim,3,1,0,0,1,1,0,3,-27.08139206,-48.60130993,SPRF-SC,DEL04-SC,UOP03-DEL04-SC,2024
"607577,0",2024-06-15,sábado,01:30:00,SC,470,"194,2",POUSO REDONDO,Condutor Dormindo,Saída de leito carroçável,Com Vítimas Feridas,Plena Noite,Crescente,Nevoeiro/Neblina,Simples,Curva;Aclive,Não,2,0,0,1,0,1,1,2,-27.300501,-50.080284,SPRF-SC,DEL04-SC,UOP02-DEL04-SC,2024
"607638,0",2024-06-15,sábado,10:25:00,SC,101,"206,9",SAO JOSE,Condutor deixou de manter distância do veículo da frente,Colisão traseira,Com Vítimas Feridas,Pleno dia,Crescente,Céu Claro,Múltipla,Reta,Sim,8,0,4,0,3,1,4,6,-27.59193546,-48.61824557,SPRF-SC,DEL01-SC,UOP01-DEL01-SC,2024
"607644,0",2024-06-15,sábado,10:51:00,SC,163,"69,0",SAO MIGUEL DO OESTE,Desrespeitar a preferência no cruzamento,Colisão transversal,Com Vítimas Feridas,Pleno dia,Decrescente,Céu Claro,Dupla,Interseção de Vias,Sim,3,0,1,0,1,1,1,3,-26.74369417,-53.50131512,SPRF-SC,DEL07-SC,UOP03-DEL07-SC,2024
"607688,0",2024-06-15,sábado,12:05:00,SC,101,"87,4",BARRA VELHA,Reação tardia ou ineficiente do condutor,Colisão lateral mesmo sentido,Com Vítimas Feridas,Pleno dia,Decrescente,Céu Claro,Dupla,Reta,Sim,3,0,1,1,0,1,2,2,-26.63529888,-48.69881988,SPRF-SC,DEL03-SC,UOP02-DEL03-SC,2024
"607745,0",2024-06-15,sábado,19:00:00,SC,470,"231,4",SAO CRISTOVAO DO SUL,Reação tardia ou ineficiente do condutor,Colisão traseira,Com Vítimas Feridas,Plena Noite,Crescente,Nublado,Simples,Curva,Não,4,0,1,0,2,1,1,3,-27.30423,-50.401447,SPRF-SC,DEL05-SC,UOP03-DEL05-SC,2024
"607748,0",2024-06-15,sábado,20:10:00,SC,158,"126,5",CAIBI,Ingestão de álcool pelo condutor,Colisão frontal,Com Vítimas Feridas,Plena Noite,Decrescente,Nublado,Simples,Reta,Não,2,0,1,0,1,0,1,2,-27.04689545,-53.22738647,SPRF-SC,DEL07-SC,UOP02-DEL07-SC,2024
"607850,0",2024-06-16,domingo,08:40:00,SC,101,"49,0",JOINVILLE,Ingestão de álcool pelo condutor,Saída de leito carroçável,Sem Vítimas,Pleno dia,Crescente,Nublado,Simples,Retorno Regulamentado,Não,2,0,0,0,1,1,0,2,-26.38940933,-48.84581566,SPRF-SC,DEL03-SC,UOP01-DEL03-SC,2024
"607951,0",2024-06-16,domingo,18:00:00,SC,101,"218,2",PALHOCA,Pedestre cruzava a pista fora da faixa,Atropelamento de Pedestre,Com Vítimas Fatais,Plena Noite,Decrescente,Céu Claro,Múltipla,Reta,Sim,2,1,0,0,0,1,0,2,-27.677525,-48.66984,SPRF-SC,DEL01-SC,UOP02-DEL01-SC,2024
"607979,0",2024-06-16,domingo,19:40:00,SC,101,"243,1",PALHOCA,Reação tardia ou ineficiente do condutor,Engavetamento,Sem Vítimas,Plena Noite,Decrescente,Garoa/Chuvisco,Múltipla,Reta,Não,4,0,0,0,3,1,0,4,-27.88419902,-48.64750077,SPRF-SC,DEL01-SC,UOP02-DEL01-SC,2024
"608102,0",2024-06-17,segunda-feira,07:45:00,SC,116,"85,2",MONTE CASTELO,Transitar na contramão,Colisão lateral sentido oposto,Com Vítimas Feridas,Pleno dia,Crescente,Chuva,Simples,Curva,Não,4,0,1,0,3,0,1,3,-26.60122995,-50.22615221,SPRF-SC,DEL06-SC,UOP02-DEL06-SC,2024
"608177,0",2024-05-18,sábado,14:20:00,SC,282,"393,0",JOACABA,Ingestão de álcool pelo condutor,Colisão lateral mesmo sentido,Com Vítimas Feridas,Pleno dia,Decrescente,Garoa/Chuvisco,Simples,Curva;Aclive,Não,6,0,1,0,5,0,1,2,-27.160221,-51.573895,SPRF-SC,DEL07-SC,UOP05-DEL07-SC,2024
"608223,0",2024-06-17,segunda-feira,14:50:00,SC,101,"45,9",JOINVILLE,Estacionar ou parar em local proibido,Colisão traseira,Com Vítimas Feridas,Pleno dia,Decrescente,Céu Claro,Múltipla,Reta,Não,3,0,1,1,1,0,2,2,-26.32214492,-48.8689509,SPRF-SC,DEL03-SC,UOP01-DEL03-SC,2024
"608347,0",2024-06-18,terça-feira,10:00:00,SC,470,"258,2",CURITIBANOS,Chuva,Saída de leito carroçável,Com Vítimas Feridas,Pleno dia,Crescente,Chuva,Simples,Curva;Declive,Não,2,0,2,0,0,0,2,1,-27.30164872,-50.66689342,SPRF-SC,DEL05-SC,UOP03-DEL05-SC,2024
"608373,0",2024-05-06,segunda-feira,01:30:00,SC,101,"142,0",BALNEARIO CAMBORIU,Manobra de mudança de faixa,Colisão traseira,Com Vítimas Feridas,Plena Noite,Crescente,Céu Claro,Simples,Reta;Declive,Sim,2,0,0,1,0,1,1,2,-27.056089,-48.599449,SPRF-SC,DEL04-SC,UOP03-DEL04-SC,2024
"608376,0",2024-06-18,terça-feira,13:54:00,SC,470,"1,4",NAVEGANTES,Acessar a via sem observar a presença dos outros veículos,Colisão transversal,Com Vítimas Feridas,Pleno dia,Decrescente,Céu Claro,Simples,Reta;Em Obras,Sim,3,0,0,1,1,1,1,3,-26.875383,-48.668285,SPRF-SC,DEL04-SC,UOP04-DEL04-SC,2024
"608387,0",2024-06-18,terça-feira,14:50:00,SC,470,"92,3",APIUNA,Velocidade Incompatível,Colisão com objeto,Com Vítimas Feridas,Pleno dia,Decrescente,Céu Claro,Simples,Retorno Regulamentado;Reta,Não,3,0,0,1,1,1,1,3,-26.98909863,-49.37424302,SPRF-SC,DEL04-SC,UOP01-DEL04-SC,2024
"608391,0",2024-06-18,terça-feira,16:00:00,SC,280,"248,0",CANOINHAS,Ausência de reação do condutor,Colisão traseira,Com Vítimas Feridas,Pleno dia,Crescente,Céu Claro,Simples,Aclive,Não,2,0,0,1,1,0,1,2,-26.25130977,-50.52296105,SPRF-SC,DEL06-SC,UOP04-DEL06-SC,2024
"608403,0",2024-06-18,terça-feira,17:35:00,SC,101,"130,4",CAMBORIU,Trafegar com motocicleta (ou similar) entre as faixas,Colisão traseira,Com Vítimas Feridas,Pleno dia,Crescente,Nublado,Dupla,Reta,Sim,4,0,2,0,2,0,2,4,-26.98636433,-48.6663866,SPRF-SC,DEL04-SC,UOP03-DEL04-SC,2024
"608410,0",2024-06-18,terça-feira,18:20:00,SC,470,"65,0",INDAIAL,Condutor deixou de manter distância do veículo da frente,Colisão traseira,Com Vítimas Feridas,Plena Noite,Crescente,Céu Claro,Simples,Reta,Não,2,0,1,0,1,0,1,2,-26.87049697,-49.2135787,SPRF-SC,DEL04-SC,UOP01-DEL04-SC,2024
"608436,0",2024-06-18,terça-feira,18:30:00,SC,480,"125,4",CHAPECO,Manobra de mudança de faixa,Colisão lateral mesmo sentido,Com Vítimas Feridas,Plena Noite,Crescente,Nublado,Dupla,Reta,Sim,3,0,1,0,1,1,1,3,-27.01164515,-52.63953123,SPRF-SC,DEL07-SC,UOP01-DEL07-SC,2024
"608451,0",2024-06-18,terça-feira,20:00:00,SC,101,"142,2",BALNEARIO CAMBORIU,Manobra de mudança de faixa,Colisão lateral mesmo sentido,Com Vítimas Feridas,Plena Noite,Crescente,Nublado,Dupla,Reta,Sim,3,0,1,0,1,1,1,3,-27.056089,-48.599449,SPRF-SC,DEL04-SC,UOP03-DEL04-SC,2024
"608622,0",2024-06-19,quarta-feira,07:20:00,SC,280,"301,8",PORTO UNIAO,Acessar a via sem observar a presença dos outros veículos,Colisão traseira,Com Vítimas Feridas,Pleno dia,Decrescente,Nevoeiro/Neblina,Simples,Reta,Não,7,0,1,0,5,1,1,4,-26.28207506,-51.03061202,SPRF-SC,DEL06-SC,UOP04-DEL06-SC,2024
"608651,0",2024-06-19,quarta-feira,20:40:00,SC,280,"245,0",CANOINHAS,Conversão proibida,Colisão transversal,Sem Vítimas,Plena Noite,Decrescente,Céu Claro,Simples,Reta,Não,2,0,0,0,1,1,0,2,-26.24263646,-50.49461672,SPRF-SC,DEL06-SC,UOP04-DEL06-SC,2024
"608673,0",2024-06-19,quarta-feira,22:40:00,SC,163,"84,0",GUARACIABA,Reação tardia ou ineficiente do condutor,Colisão traseira,Sem Vítimas,Plena Noite,Decrescente,Chuva,Simples,Curva,Não,2,0,0,0,2,0,0,2,-26.61538774,-53.51959705,SPRF-SC,DEL07-SC,UOP03-DEL07-SC,2024
"608681,0",2024-06-19,quarta-feira,19:20:00,SC,116,"281,2",CAPAO ALTO,Ingestão de álcool pelo condutor,Colisão lateral mesmo sentido,Com Vítimas Feridas,Plena Noite,Decrescente,Nublado,Simples,Reta,Não,6,0,2,0,1,3,2,4,-28.047439,-50.568375,SPRF-SC,DEL05-SC,UOP02-DEL05-SC,2024
"608721,0",2024-06-20,quinta-feira,07:15:00,SC,280,"68,1",JARAGUA DO SUL,Condutor deixou de manter distância do veículo da frente,Colisão traseira,Com Vítimas Feridas,Pleno dia,Decrescente,Nublado,Simples,Rotatória;Reta;Interseção de Vias,Sim,6,0,2,2,2,0,4,5,-26.47248023,-49.11157492,SPRF-SC,DEL03-SC,UOP03-DEL03-SC,2024
"608742,0",2024-06-20,quinta-feira,10:46:00,SC,101,"211,3",SAO JOSE,Manobra de mudança de faixa,Colisão lateral mesmo sentido,Com Vítimas Feridas,Pleno dia,Decrescente,Nublado,Múltipla,Reta,Sim,3,0,1,0,2,0,1,3,-27.62329313,-48.65245588,SPRF-SC,DEL01-SC,UOP02-DEL01-SC,2024
"608797,0",2024-06-20,quinta-feira,11:50:00,SC,163,"122,6",DIONISIO CERQUEIRA,Reação tardia ou ineficiente do condutor,Colisão traseira,Com Vítimas Fatais,Pleno dia,Crescente,Garoa/Chuvisco,Simples,Em Obras;Reta;Declive,Não,3,1,0,0,1,1,0,3,-26.2920358,-53.5552567,SPRF-SC,DEL07-SC,UOP03-DEL07-SC,2024
"608853,0",2024-06-20,quinta-feira,19:50:00,SC,101,"158,0",TIJUCAS,Animais na Pista,Atropelamento de Animal,Com Vítimas Feridas,Plena Noite,Decrescente,Nublado,Dupla,Reta,Não,3,0,1,0,1,1,1,3,-27.19096301,-48.61259017,SPRF-SC,DEL04-SC,UOP03-DEL04-SC,2024
"608867,0",2024-06-20,quinta-feira,18:30:00,SC,282,"538,0",CHAPECO,Chuva,Colisão frontal,Com Vítimas Feridas,Plena Noite,Crescente,Chuva,Simples,Aclive;Curva,Não,3,0,1,1,1,0,2,2,-27.00047589,-52.67019007,SPRF-SC,DEL07-SC,UOP01-DEL07-SC,2024
"608874,0",2024-06-20,quinta-feira,15:50:00,SC,153,"93,5",CONCORDIA,Demais falhas mecânicas ou elétricas,Saída de leito carroçável,Com Vítimas Feridas,Pleno dia,Crescente,Chuva,Simples,Reta,Não,2,0,1,0,0,1,1,2,-27.192907,-51.936951,SPRF-SC,DEL07-SC,UOP04-DEL07-SC,2024
"608885,0",2024-06-21,sexta-feira,01:00:00,SC,101,"66,8",ARAQUARI,Reação tardia ou ineficiente do condutor,Colisão traseira,Com Vítimas Feridas,Plena Noite,Decrescente,Nublado,Dupla,Curva,Não,3,0,1,0,1,2,1,4,-26.48196288,-48.73564124,SPRF-SC,DEL03-SC,UOP02-DEL03-SC,2024
"608900,0",2024-06-21,sexta-feira,05:37:00,SC,101,"70,0",ARAQUARI,Reação tardia ou ineficiente do condutor,Colisão traseira,Com Vítimas Feridas,Plena Noite,Decrescente,Nublado,Múltipla,Reta,Não,7,0,3,1,2,2,4,4,-26.51082007,-48.72345612,SPRF-SC,DEL03-SC,UOP02-DEL03-SC,2024
"608917,0",2024-05-28,terça-feira,07:40:00,SC,101,"202,3",SAO JOSE,Manobra de mudança de faixa,Colisão lateral mesmo sentido,Com Vítimas Feridas,Pleno dia,Crescente,Céu Claro,Múltipla,Reta,Sim,5,0,3,0,2,0,3,4,-27.55711595,-48.61897889,SPRF-SC,DEL01-SC,UOP01-DEL01-SC,2024
"608927,0",2024-06-21,sexta-feira,07:27:00,SC,101,"136,5",BALNEARIO CAMBORIU,Acessar a via sem observar a presença dos outros veículos,Colisão lateral mesmo sentido,Com Vítimas Feridas,Pleno dia,Decrescente,Nublado,Dupla,Reta,Sim,2,0,0,1,1,0,1,2,-27.008113,-48.617245,SPRF-SC,DEL04-SC,UOP03-DEL04-SC,2024
"608972,0",2024-06-21,sexta-feira,11:50:00,SC,282,"459,0",PONTE SERRADA,Reação tardia ou ineficiente do condutor,Colisão traseira,Com Vítimas Feridas,Pleno dia,Crescente,Céu Claro,Simples,Reta;Declive,Sim,3,0,1,0,1,2,1,4,-26.880604,-52.013371,SPRF-SC,DEL07-SC,UOP04-DEL07-SC,2024
"609051,0",2024-06-21,sexta-feira,18:40:00,SC,101,"212,4",PALHOCA,Reação tardia ou ineficiente do condutor,Colisão traseira,Com Vítimas Feridas,Plena Noite,Crescente,Nublado,Múltipla,Reta,Sim,4,0,0,1,2,1,1,4,-27.62996929,-48.65903871,SPRF-SC,DEL01-SC,UOP02-DEL01-SC,2024
"609070,0",2024-06-21,sexta-feira,16:10:00,SC,470,"94,0",APIUNA,Reação tardia ou ineficiente do condutor,Engavetamento,Com Vítimas Feridas,Pleno dia,Decrescente,Nublado,Simples,Reta,Sim,4,0,1,0,1,2,1,4,-27.003345,-49.374668,SPRF-SC,DEL04-SC,UOP01-DEL04-SC,2024
"609145,0",2024-06-22,sábado,01:30:00,SC,101,"328,7",CAPIVARI DE BAIXO,Manobra de mudança de faixa,Derramamento de carga,Sem Vítimas,Plena Noite,Decrescente,Céu Claro,Múltipla,Reta,Não,4,0,0,0,3,1,0,4,-28.4505813,-48.97202969,SPRF-SC,DEL02-SC,UOP01-DEL02-SC,2024
"609199,0",2024-06-22,sábado,04:40:00,SC,282,"478,9",VARGEAO,Transitar na contramão,Colisão frontal,Com Vítimas Fatais,Plena Noite,Crescente,Nublado,Simples,Curva,Não,2,1,0,0,1,0,0,2,-26.8831971,-52.1778083,SPRF-SC,DEL07-SC,UOP01-DEL07-SC,2024
"609202,0",2024-06-22,sábado,09:15:00,SC,101,"211,0",SAO JOSE,Ausência de reação do condutor,Colisão traseira,Com Vítimas Feridas,Pleno dia,Crescente,Céu Claro,Múltipla,Reta,Sim,2,0,0,1,1,0,1,2,-27.62329313,-48.65245588,SPRF-SC,DEL01-SC,UOP02-DEL01-SC,2024
"609214,0",2024-06-22,sábado,07:15:00,SC,101,"424,1",ARARANGUA,Reação tardia ou ineficiente do condutor,Tombamento,Com Vítimas Feridas,Amanhecer,Decrescente,Céu Claro,Dupla,Reta,Não,2,0,1,0,0,1,1,2,-29.01601155,-49.58269226,SPRF-SC,DEL02-SC,UOP02-DEL02-SC,2024
"609300,0",2024-06-22,sábado,15:30:00,SC,282,"221,0",LAGES,Transitar na contramão,Colisão lateral sentido oposto,Com Vítimas Feridas,Pleno dia,Decrescente,Céu Claro,Simples,Declive;Reta,Não,4,0,1,0,2,1,1,3,-27.79694515,-50.34697294,SPRF-SC,DEL05-SC,UOP01-DEL05-SC,2024
"609376,0",2024-06-22,sábado,20:20:00,SC,101,"81,0",BARRA VELHA,Condutor Dormindo,Colisão com objeto,Com Vítimas Feridas,Plena Noite,Decrescente,Nublado,Dupla,Reta,Não,5,0,2,0,2,1,2,4,-26.60256101,-48.72553524,SPRF-SC,DEL03-SC,UOP02-DEL03-SC,2024
"609593,0",2024-06-23,domingo,20:40:00,SC,101,"157,0",PORTO BELO,Manobra de mudança de faixa,Colisão traseira,Sem Vítimas,Plena Noite,Decrescente,Nublado,Dupla,Reta,Não,2,0,0,0,2,0,0,2,-27.181625,-48.6121179,SPRF-SC,DEL04-SC,UOP03-DEL04-SC,2024
"609626,0",2024-06-24,segunda-feira,00:30:00,SC,282,"591,4",SAUDADES,Ingestão de álcool pelo condutor,Colisão frontal,Com Vítimas Feridas,Plena Noite,Crescente,Nublado,Simples,Curva,Não,3,0,0,2,1,0,2,2,-26.82564097,-53.08676362,SPRF-SC,DEL07-SC,UOP02-DEL07-SC,2024
"609631,0",2024-06-23,domingo,23:30:00,SC,116,"155,0",SANTA CECILIA,Ultrapassagem Indevida,Tombamento,Com Vítimas Feridas,Plena Noite,Crescente,Céu Claro,Simples,Curva;Aclive,Não,1,0,1,0,0,0,1,1,-27.07453696,-50.42919788,SPRF-SC,DEL06-SC,UOP02-DEL06-SC,2024
"609687,0",2024-06-24,segunda-feira,10:00:00,SC,280,"192,4",MAFRA,Condutor deixou de manter distância do veículo da frente,Colisão traseira,Com Vítimas Feridas,Pleno dia,Decrescente,Chuva,Simples,Reta;Aclive,Não,3,0,1,0,1,1,1,2,-26.17893079,-49.99673293,SPRF-SC,DEL06-SC,UOP01-DEL06-SC,2024
"609703,0",2024-06-24,segunda-feira,12:00:00,SC,280,"26,0",ARAQUARI,Pista Escorregadia,Colisão lateral mesmo sentido,Sem Vítimas,Pleno dia,Crescente,Chuva,Simples,Reta,Sim,3,0,0,0,3,0,0,3,-26.38972308,-48.73411593,SPRF-SC,DEL03-SC,UOP03-DEL03-SC,2024
"609736,0",2024-06-14,sexta-feira,05:00:00,SC,470,"129,0",LONTRAS,Ultrapassagem Indevida,Colisão transversal,Com Vítimas Feridas,Amanhecer,Decrescente,Nevoeiro/Neblina,Simples,Curva;Declive,Não,5,0,1,0,3,1,1,5,-27.148499,-49.556137,SPRF-SC,DEL04-SC,UOP02-DEL04-SC,2024
"609738,0",2024-06-04,terça-feira,04:15:00,SC,282,"100,3",ALFREDO WAGNER,Ausência de reação do condutor,Saída de leito carroçável,Sem Vítimas,Plena Noite,Decrescente,Céu Claro,Simples,Curva,Não,2,0,0,0,1,2,0,3,-27.698915,-49.297039,SPRF-SC,DEL01-SC,UOP03-DEL01-SC,2024
"609757,0",2024-06-20,quinta-feira,15:45:00,SC,280,"109,2",SAO BENTO DO SUL,Transitar na contramão,Colisão lateral sentido oposto,Com Vítimas Feridas,Pleno dia,Crescente,Céu Claro,Simples,Reta,Não,3,0,1,0,2,0,1,2,-26.32727786,-49.38259006,SPRF-SC,DEL06-SC,UOP03-DEL06-SC,2024
"609760,0",2024-06-24,segunda-feira,17:00:00,SC,280,"10,0",SAO FRANCISCO DO SUL,Participar de racha,Colisão lateral sentido oposto,Com Vítimas Feridas,Plena Noite,Crescente,Chuva,Simples,Retorno Regulamentado,Não,4,0,0,1,2,1,1,3,-26.29625399,-48.64238799,SPRF-SC,DEL03-SC,UOP03-DEL03-SC,2024
"609764,0",2024-06-24,segunda-feira,14:00:00,SC,153,"72,3",IRANI,Condutor deixou de manter distância do veículo da frente,Colisão traseira,Com Vítimas Feridas,Pleno dia,Crescente,Chuva,Simples,Declive;Curva,Não,3,0,1,0,2,0,1,3,-27.065798,-51.893486,SPRF-SC,DEL07-SC,UOP04-DEL07-SC,2024
"609780,0",2024-06-24,segunda-feira,18:40:00,SC,101,"197,7",BIGUACU,Ausência de reação do condutor,Colisão traseira,Com Vítimas Feridas,Plena Noite,Decrescente,Nublado,Simples,Reta,Sim,2,0,1,0,1,0,1,2,-27.51844497,-48.63848496,SPRF-SC,DEL01-SC,UOP01-DEL01-SC,2024
"609880,0",2024-03-17,domingo,08:50:00,SC,282,"446,0",PONTE SERRADA,Reação tardia ou ineficiente do condutor,Colisão lateral sentido oposto,Com Vítimas Feridas,Pleno dia,Crescente,Chuva,Dupla,Reta,Não,6,0,2,0,3,1,2,3,-26.880604,-52.013371,SPRF-SC,DEL07-SC,UOP04-DEL07-SC,2024
"609950,0",2024-06-25,terça-feira,13:20:00,SC,101,"74,0",ARAQUARI,Ingestão de álcool pelo condutor,Colisão lateral mesmo sentido,Com Vítimas Feridas,Pleno dia,Crescente,Nublado,Dupla,Reta,Não,4,0,1,0,1,2,1,4,-26.54446209,-48.71214452,SPRF-SC,DEL03-SC,UOP02-DEL03-SC,2024
"609991,0",2024-06-25,terça-feira,18:05:00,SC,282,"21,0",SANTO AMARO DA IMPERATRIZ,Acessar a via sem observar a presença dos outros veículos,Colisão transversal,Com Vítimas Feridas,Plena Noite,Decrescente,Chuva,Simples,Reta,Sim,2,0,1,0,1,0,1,2,-27.68907,-48.717541,SPRF-SC,DEL01-SC,UOP02-DEL01-SC,2024
"610008,0",2024-06-25,terça-feira,16:15:00,SC,470,"126,6",LONTRAS,Acessar a via sem observar a presença dos outros veículos,Colisão transversal,Com Vítimas Fatais,Pleno dia,Decrescente,Garoa/Chuvisco,Simples,Rotatória;Reta;Interseção de Vias,Não,2,1,0,0,1,0,0,2,-27.1360985,-49.54253554,SPRF-SC,DEL04-SC,UOP02-DEL04-SC,2024
"610028,0",2024-05-15,quarta-feira,15:55:00,SC,101,"121,1",ITAJAI,Reação tardia ou ineficiente do condutor,Colisão lateral mesmo sentido,Com Vítimas Feridas,Pleno dia,Decrescente,Nublado,Dupla,Reta,Sim,3,0,1,0,1,2,1,4,-26.92103178,-48.70856446,SPRF-SC,DEL04-SC,UOP04-DEL04-SC,2024
"610039,0",2024-06-25,terça-feira,20:45:00,SC,101,"206,7",SAO JOSE,Ausência de reação do condutor,Colisão traseira,Com Vítimas Feridas,Plena Noite,Crescente,Chuva,Dupla,Reta,Sim,3,0,0,1,1,2,1,4,-27.59193546,-48.61824557,SPRF-SC,DEL01-SC,UOP01-DEL01-SC,2024
"610065,0",2024-06-25,terça-feira,23:10:00,SC,282,"644,0",SAO MIGUEL DO OESTE,Transitar na contramão,Colisão frontal,Com Vítimas Feridas,Plena Noite,Decrescente,Nevoeiro/Neblina,Simples,Curva;Declive,Não,4,0,1,1,1,1,2,3,-26.769157,-53.479385,SPRF-SC,DEL07-SC,UOP03-DEL07-SC,2024
"610099,0",2024-06-26,quarta-feira,06:00:00,SC,470,"114,0",IBIRAMA,Acessar a via sem observar a presença dos outros veículos,Colisão lateral mesmo sentido,Com Vítimas Feridas,Plena Noite,Crescente,Nublado,Simples,Aclive;Curva,Não,3,0,1,0,1,1,1,3,-27.086386,-49.478001,SPRF-SC,DEL04-SC,UOP02-DEL04-SC,2024
"610147,0",2024-06-26,quarta-feira,11:00:00,SC,101,"115,0",ITAJAI,Reação tardia ou ineficiente do condutor,Colisão traseira,Com Vítimas Feridas,Pleno dia,Crescente,Sol,Múltipla,Reta,Não,2,0,1,0,1,0,1,2,-26.87062812,-48.72978866,SPRF-SC,DEL04-SC,UOP04-DEL04-SC,2024
"610202,0",2024-06-26,quarta-feira,16:00:00,SC,480,"130,0",CHAPECO,Reação tardia ou ineficiente do condutor,Saída de leito carroçável,Com Vítimas Feridas,Pleno dia,Crescente,Céu Claro,Simples,Reta,Sim,2,0,1,0,0,1,1,2,-27.05534298,-52.63652069,SPRF-SC,DEL07-SC,UOP01-DEL07-SC,2024
"610210,0",2024-06-26,quarta-feira,14:55:00,SC,282,"458,3",PONTE SERRADA,Desrespeitar a preferência no cruzamento,Colisão transversal,Com Vítimas Feridas,Pleno dia,Decrescente,Garoa/Chuvisco,Simples,Retorno Regulamentado;Reta;Interseção de Vias,Sim,5,0,2,0,2,1,2,3,-26.86647589,-52.02280012,SPRF-SC,DEL07-SC,UOP04-DEL07-SC,2024
"610251,0",2024-06-26,quarta-feira,19:40:00,SC,101,"168,1",TIJUCAS,Ultrapassagem Indevida,Colisão com objeto,Sem Vítimas,Plena Noite,Decrescente,Nublado,Dupla,Retorno Regulamentado,Sim,2,0,0,0,2,0,0,2,-27.279105,-48.631554,SPRF-SC,DEL04-SC,UOP03-DEL04-SC,2024
"610265,0",2024-06-26,quarta-feira,22:05:00,SC,282,"552,9",NOVA ITABERABA,Reação tardia ou ineficiente do condutor,Saída de leito carroçável,Sem Vítimas,Plena Noite,Decrescente,Nublado,Simples,Declive;Reta,Não,1,0,0,0,0,1,0,1,-26.94337156,-52.78483272,SPRF-SC,DEL07-SC,UOP01-DEL07-SC,2024
"610280,0",2024-06-27,quinta-feira,00:30:00,SC,470,"81,0",RODEIO,Condutor Dormindo,Tombamento,Com Vítimas Feridas,Plena Noite,Crescente,Nublado,Simples,Declive;Curva,Não,2,0,1,0,0,1,1,2,-26.950367,-49.325638,SPRF-SC,DEL04-SC,UOP01-DEL04-SC,2024