id,data_inversa,dia_semana,horario,uf,br,km,municipio,causa_acidente,tipo_acidente,classificacao_acidente,fase_dia,sentido_via,condicao_metereologica,tipo_pista,tracado_via,uso_solo,pessoas,mortos,feridos_leves,feridos_graves,ilesos,ignorados,feridos,veiculos,latitude,longitude,regional,delegacia,uop,ano_arquivo
"610329,0",2024-06-27,quinta-feira,06:00:00,SC,116,"109,0",SANTA CECILIA,Ultrapassagem Indevida,Colisão lateral mesmo sentido,Sem Vítimas,Plena Noite,Decrescente,Céu Claro,Simples,Declive;Reta,Não,4,0,0,0,4,0,0,2,-26.7575178,-50.34172617,SPRF-SC,DEL06-SC,UOP02-DEL06-SC,2024
"610443,0",2024-06-27,quinta-feira,16:16:00,SC,101,"263,9",GAROPABA,Condutor Dormindo,Colisão transversal,Com Vítimas Feridas,Pleno dia,Crescente,Céu Claro,Dupla,Reta,Sim,5,0,0,1,2,2,1,4,-28.05149404,-48.71632789,SPRF-SC,DEL02-SC,UOP03-DEL02-SC,2024
"610449,0",2024-06-27,quinta-feira,18:30:00,SC,101,"211,7",PALHOCA,Condutor deixou de manter distância do veículo da frente,Colisão traseira,Com Vítimas Feridas,Plena Noite,Crescente,Céu Claro,Múltipla,Reta,Sim,4,0,1,0,3,0,1,3,-27.62329313,-48.65245588,SPRF-SC,DEL01-SC,UOP02-DEL01-SC,2024
"610459,0",2024-06-27,quinta-feira,19:30:00,SC,101,"120,5",ITAJAI,Reação tardia ou ineficiente do condutor,Colisão traseira,Com Vítimas Feridas,Plena Noite,Decrescente,Nublado,Múltipla,Reta,Não,2,0,0,1,1,0,1,2,-26.912758,-48.711998,SPRF-SC,DEL04-SC,UOP04-DEL04-SC,2024
"610474,0",2024-06-27,quinta-feira,19:30:00,SC,282,"45,4",AGUAS MORNAS,Problema com o freio,Colisão lateral sentido oposto,Sem Vítimas,Plena Noite,Decrescente,Céu Claro,Simples,Curva;Declive,Não,3,0,0,0,2,1,0,3,-27.719851,-48.916126,SPRF-SC,DEL01-SC,UOP03-DEL01-SC,2024
"610523,0",2024-06-28,sexta-feira,06:20:00,SC,101,"328,0",TUBARAO,Condutor Dormindo,Colisão traseira,Com Vítimas Feridas,Amanhecer,Crescente,Céu Claro,Dupla,Reta,Não,3,0,1,0,1,2,1,4,-28.43648094,-48.95989307,SPRF-SC,DEL02-SC,UOP01-DEL02-SC,2024
"610615,0",2024-06-28,sexta-feira,15:50:00,SC,101,"37,0",JOINVILLE,Condutor deixou de manter distância do veículo da frente,Colisão traseira,Sem Vítimas,Pleno dia,Crescente,Nublado,Dupla,Reta,Sim,6,0,0,0,5,1,0,5,-26.28733576,-48.88688564,SPRF-SC,DEL03-SC,UOP01-DEL03-SC,2024
"610736,0",2024-06-29,sábado,02:55:00,SC,470,"226,9",SAO CRISTOVAO DO SUL,Reação tardia ou ineficiente do condutor,Saída de leito carroçável,Sem Vítimas,Plena Noite,Crescente,Ignorado,Simples,Curva,Não,1,0,0,0,0,1,0,1,-27.327692,-50.361202,SPRF-SC,DEL05-SC,UOP03-DEL05-SC,2024
"610794,0",2024-06-29,sábado,11:45:00,SC,101,"118,0",ITAJAI,Reação tardia ou ineficiente do condutor,Colisão lateral mesmo sentido,Com Vítimas Feridas,Pleno dia,Decrescente,Céu Claro,Múltipla,Reta,Sim,4,0,1,0,2,2,1,4,-26.895859,-48.71903,SPRF-SC,DEL04-SC,UOP04-DEL04-SC,2024
"610859,0",2024-06-29,sábado,17:15:00,SC,280,"29,0",ARAQUARI,Mal súbito do condutor,Colisão lateral sentido oposto,Com Vítimas Feridas,Anoitecer,Crescente,Céu Claro,Simples,Reta,Não,4,0,0,2,1,1,2,4,-26.41066264,-48.75295628,SPRF-SC,DEL03-SC,UOP03-DEL03-SC,2024
"610866,0",2024-06-29,sábado,16:35:00,SC,101,"2,0",GARUVA,Condutor Dormindo,Colisão com objeto,Com Vítimas Feridas,Pleno dia,Crescente,Céu Claro,Dupla,Curva,Sim,3,0,1,0,1,1,1,3,-25.99699834,-48.87891655,SPRF-SC,DEL03-SC,UOP01-DEL03-SC,2024
"610946,0",2024-06-29,sábado,22:00:00,SC,163,"74,9",SAO MIGUEL DO OESTE,Transitar na contramão,Colisão frontal,Com Vítimas Feridas,Plena Noite,Decrescente,Céu Claro,Simples,Curva;Aclive,Não,5,0,1,1,3,0,2,3,-26.69477185,-53.51594925,SPRF-SC,DEL07-SC,UOP03-DEL07-SC,2024
"611035,0",2024-06-30,domingo,10:30:00,SC,116,"164,9",PONTE ALTA DO NORTE,Reação tardia ou ineficiente do condutor,Tombamento,Com Vítimas Feridas,Pleno dia,Crescente,Céu Claro,Simples,Curva,Não,2,0,1,0,0,1,1,2,-27.14325097,-50.46036547,SPRF-SC,DEL05-SC,UOP03-DEL05-SC,2024
"611091,0",2024-06-30,domingo,15:30:00,SC,101,"57,0",ARAQUARI,Demais falhas mecânicas ou elétricas,Incêndio,Sem Vítimas,Pleno dia,Decrescente,Céu Claro,Dupla,Reta,Não,1,0,0,0,1,0,0,1,-26.43646093,-48.81113029,SPRF-SC,DEL03-SC,UOP01-DEL03-SC,2024
"611093,0",2024-06-30,domingo,16:44:00,SC,101,"39,0",JOINVILLE,Acessar a via sem observar a presença dos outros veículos,Colisão lateral mesmo sentido,Sem Vítimas,Pleno dia,Decrescente,Céu Claro,Dupla,Interseção de Vias,Não,2,0,0,0,2,0,0,2,-26.2628107,-48.90192257,SPRF-SC,DEL03-SC,UOP01-DEL03-SC,2024
"611179,0",2024-07-01,segunda-feira,00:00:00,SC,116,"166,4",PONTE ALTA DO NORTE,Transitar na contramão,Colisão lateral sentido oposto,Sem Vítimas,Plena Noite,Crescente,Nublado,Simples,Curva,Não,2,0,0,0,1,1,0,2,-27.16000685,-50.46631231,SPRF-SC,DEL05-SC,UOP03-DEL05-SC,2024
"611258,0",2024-04-16,terça-feira,03:00:00,SC,282,"529,4",CORDILHEIRA ALTA,Velocidade Incompatível,Colisão transversal,Com Vítimas Feridas,Plena Noite,Crescente,Garoa/Chuvisco,Simples,Declive;Curva,Não,2,0,1,0,1,0,1,2,-26.982185,-52.59734,SPRF-SC,DEL07-SC,UOP01-DEL07-SC,2024
"611267,0",2024-07-01,segunda-feira,10:00:00,SC,101,"138,3",BALNEARIO CAMBORIU,Ausência de reação do condutor,Colisão lateral mesmo sentido,Com Vítimas Feridas,Pleno dia,Crescente,Nublado,Dupla,Aclive,Sim,3,0,0,1,1,1,1,3,-27.02397426,-48.60761649,SPRF-SC,DEL04-SC,UOP03-DEL04-SC,2024
"611316,0",2024-07-01,segunda-feira,17:15:00,SC,101,"117,0",ITAJAI,Desrespeitar a preferência no cruzamento,Colisão transversal,Com Vítimas Feridas,Pleno dia,Decrescente,Céu Claro,Dupla,Rotatória;Viaduto;Reta,Sim,2,0,1,0,1,0,1,2,-26.88747187,-48.72252969,SPRF-SC,DEL04-SC,UOP04-DEL04-SC,2024
"611322,0",2024-07-01,segunda-feira,17:15:00,SC,101,"150,0",ITAPEMA,Reação tardia ou ineficiente do condutor,Saída de leito carroçável,Sem Vítimas,Pleno dia,Crescente,Céu Claro,Dupla,Curva,Sim,1,0,0,0,1,0,0,1,-27.126536,-48.609642,SPRF-SC,DEL04-SC,UOP03-DEL04-SC,2024
"611379,0",2024-07-01,segunda-feira,21:10:00,SC,101,"175,3",BIGUACU,Pedestre andava na pista,Atropelamento de Pedestre,Com Vítimas Feridas,Plena Noite,Crescente,Nublado,Dupla,Reta,Não,2,0,0,1,0,1,1,2,-27.33963303,-48.62734885,SPRF-SC,DEL01-SC,UOP01-DEL01-SC,2024
"611431,0",2024-07-02,terça-feira,06:30:00,SC,101,"401,6",MARACAJA,Velocidade Incompatível,Colisão traseira,Com Vítimas Fatais,Amanhecer,Crescente,Nevoeiro/Neblina,Múltipla,Reta,Sim,4,1,0,0,2,1,0,4,-28.8766775,-49.4564418,SPRF-SC,DEL02-SC,UOP02-DEL02-SC,2024
"611455,0",2024-06-29,sábado,00:01:00,SC,101,"138,0",BALNEARIO CAMBORIU,Ingestão de álcool pelo condutor,Colisão traseira,Com Vítimas Feridas,Plena Noite,Decrescente,Nublado,Dupla,Reta,Sim,2,0,1,0,0,1,1,2,-27.02397426,-48.60761649,SPRF-SC,DEL04-SC,UOP03-DEL04-SC,2024
"611457,0",2024-07-02,terça-feira,07:35:00,SC,101,"401,0",MARACAJA,Reação tardia ou ineficiente do condutor,Colisão com objeto,Com Vítimas Feridas,Pleno dia,Crescente,Céu Claro,Dupla,Reta,Sim,3,0,1,1,1,0,2,1,-28.87594458,-49.4556427,SPRF-SC,DEL02-SC,UOP02-DEL02-SC,2024
"611520,0",2024-07-02,terça-feira,15:20:00,SC,470,"217,5",SAO CRISTOVAO DO SUL,Reação tardia ou ineficiente do condutor,Colisão transversal,Com Vítimas Feridas,Pleno dia,Crescente,Céu Claro,Simples,Curva,Não,3,0,1,0,2,0,1,2,-27.29754,-50.291843,SPRF-SC,DEL05-SC,UOP03-DEL05-SC,2024
"611531,0",2024-07-02,terça-feira,15:30:00,SC,282,"223,0",LAGES,Desrespeitar a preferência no cruzamento,Colisão transversal,Com Vítimas Feridas,Pleno dia,Crescente,Céu Claro,Simples,Rotatória,Sim,4,0,1,0,2,1,1,3,-27.79979235,-50.36360264,SPRF-SC,DEL05-SC,UOP01-DEL05-SC,2024
"611549,0",2024-07-02,terça-feira,06:00:00,SC,153,"52,0",VARGEM BONITA,Ausência de reação do condutor,Saída de leito carroçável,Com Vítimas Feridas,Amanhecer,Crescente,Nublado,Simples,Ponte;Reta,Não,2,0,1,0,0,1,1,2,-26.920887,-51.808014,SPRF-SC,DEL07-SC,UOP07-DEL07-SC,2024
"611641,0",2024-07-03,quarta-feira,07:45:00,SC,101,"223,9",PALHOCA,Reação tardia ou ineficiente do condutor,Colisão lateral mesmo sentido,Com Vítimas Feridas,Pleno dia,Crescente,Céu Claro,Dupla,Reta,Sim,4,0,1,0,2,2,1,4,-27.71552634,-48.64881251,SPRF-SC,DEL01-SC,UOP02-DEL01-SC,2024
"611654,0",2024-07-03,quarta-feira,08:00:00,SC,101,"200,9",SAO JOSE,Acessar a via sem observar a presença dos outros veículos,Colisão transversal,Com Vítimas Feridas,Pleno dia,Crescente,Céu Claro,Múltipla,Reta,Não,3,0,0,1,1,1,1,3,-27.54018513,-48.62287714,SPRF-SC,DEL01-SC,UOP01-DEL01-SC,2024
"611699,0",2024-07-03,quarta-feira,08:30:00,SC,101,"117,6",ITAJAI,Manobra de mudança de faixa,Colisão traseira,Com Vítimas Feridas,Pleno dia,Crescente,Céu Claro,Múltipla,Reta,Sim,4,0,2,0,0,2,2,3,-26.88747187,-48.72252969,SPRF-SC,DEL04-SC,UOP04-DEL04-SC,2024
"611738,0",2024-07-03,quarta-feira,14:30:00,SC,101,"329,2",TUBARAO,Reação tardia ou ineficiente do condutor,Saída de leito carroçável,Com Vítimas Feridas,Pleno dia,Decrescente,Céu Claro,Dupla,Reta,Não,3,0,1,0,1,1,1,3,-28.45752383,-48.98563385,SPRF-SC,DEL02-SC,UOP01-DEL02-SC,2024
"611777,0",2024-07-03,quarta-feira,16:30:00,SC,101,"170,0",TIJUCAS,Condutor deixou de manter distância do veículo da frente,Colisão traseira,Com Vítimas Feridas,Pleno dia,Crescente,Nublado,Dupla,Reta,Não,2,0,1,0,1,0,1,2,-27.29669601,-48.63147594,SPRF-SC,DEL04-SC,UOP03-DEL04-SC,2024
"611779,0",2024-07-03,quarta-feira,12:41:00,SC,470,"25,6",ILHOTA,Demais falhas mecânicas ou elétricas,Tombamento,Com Vítimas Feridas,Pleno dia,Crescente,Céu Claro,Simples,Rotatória;Retorno Regulamentado;Viaduto,Não,1,0,1,0,0,0,1,1,-26.88443846,-48.87484789,SPRF-SC,DEL04-SC,UOP04-DEL04-SC,2024
"611814,0",2024-07-03,quarta-feira,17:00:00,SC,282,"449,0",PONTE SERRADA,Reação tardia ou ineficiente do condutor,Colisão com objeto,Com Vítimas Feridas,Anoitecer,Crescente,Céu Claro,Dupla,Curva,Não,3,0,1,0,1,1,1,3,-26.919342,-51.944427,SPRF-SC,DEL07-SC,UOP04-DEL07-SC,2024
"611819,0",2024-07-03,quarta-feira,10:30:00,SC,101,"118,2",ITAJAI,Reação tardia ou ineficiente do condutor,Engavetamento,Sem Vítimas,Pleno dia,Crescente,Céu Claro,Múltipla,Reta,Sim,4,0,0,0,4,0,0,4,-26.895859,-48.71903,SPRF-SC,DEL04-SC,UOP04-DEL04-SC,2024
"611829,0",2024-07-03,quarta-feira,13:25:00,SC,101,"150,0",ITAPEMA,Reação tardia ou ineficiente do condutor,Colisão traseira,Com Vítimas Feridas,Pleno dia,Crescente,Sol,Múltipla,Reta,Sim,5,0,3,0,2,0,3,4,-27.11744799,-48.60940987,SPRF-SC,DEL04-SC,UOP03-DEL04-SC,2024
"611884,0",2024-07-04,quinta-feira,03:45:00,SC,470,"81,9",RODEIO,Velocidade Incompatível,Tombamento,Com Vítimas Feridas,Plena Noite,Decrescente,Céu Claro,Simples,Curva,Não,2,0,1,0,0,1,1,2,-26.95900448,-49.32496548,SPRF-SC,DEL04-SC,UOP01-DEL04-SC,2024
"611911,0",2024-07-04,quinta-feira,09:30:00,SC,470,"60,2",BLUMENAU,Acessar a via sem observar a presença dos outros veículos,Colisão transversal,Com Vítimas Feridas,Pleno dia,Crescente,Céu Claro,Simples,Interseção de Vias;Retorno Regulamentado,Não,3,0,1,0,1,1,1,3,-26.88138,-49.164543,SPRF-SC,DEL04-SC,UOP01-DEL04-SC,2024
"612035,0",2024-07-04,quinta-feira,17:45:00,SC,163,"67,0",SAO MIGUEL DO OESTE,Manobra de mudança de faixa,Colisão transversal,Com Vítimas Feridas,Anoitecer,Decrescente,Nublado,Dupla,Declive;Reta;Interseção de Vias,Sim,2,0,0,1,1,0,1,2,-26.7589655,-53.50047827,SPRF-SC,DEL07-SC,UOP03-DEL07-SC,2024
"612041,0",2024-07-04,quinta-feira,18:30:00,SC,101,"415,0",ARARANGUA,Acessar a via sem observar a presença dos outros veículos,Tombamento,Com Vítimas Feridas,Plena Noite,Decrescente,Céu Claro,Múltipla,Aclive;Reta,Não,3,0,1,0,1,2,1,4,-28.96774842,-49.52382445,SPRF-SC,DEL02-SC,UOP02-DEL02-SC,2024
"612061,0",2024-07-04,quinta-feira,22:40:00,SC,101,"224,9",PALHOCA,Velocidade Incompatível,Colisão traseira,Com Vítimas Feridas,Plena Noite,Crescente,Céu Claro,Dupla,Reta,Não,2,0,1,0,1,0,1,2,-27.725967,-48.643324,SPRF-SC,DEL01-SC,UOP02-DEL01-SC,2024
"612139,0",2024-06-07,sexta-feira,11:30:00,SC,480,"125,1",CHAPECO,Reação tardia ou ineficiente do condutor,Colisão transversal,Com Vítimas Feridas,Pleno dia,Crescente,Céu Claro,Simples,Reta;Viaduto,Sim,2,0,0,1,1,0,1,2,-27.01533884,-52.63820171,SPRF-SC,DEL07-SC,UOP01-DEL07-SC,2024
"612183,0",2024-07-05,sexta-feira,14:10:00,SC,116,"246,3",LAGES,Acesso irregular,Colisão lateral mesmo sentido,Com Vítimas Feridas,Pleno dia,Crescente,Céu Claro,Múltipla,Reta,Sim,3,0,0,1,1,2,1,4,-27.8060626,-50.36577523,SPRF-SC,DEL05-SC,UOP02-DEL05-SC,2024
"612251,0",2024-07-05,sexta-feira,18:25:00,SC,282,"391,0",JOACABA,Demais falhas mecânicas ou elétricas,Incêndio,Sem Vítimas,Plena Noite,Decrescente,Céu Claro,Simples,Reta,Não,2,0,0,0,2,0,0,1,-27.170649,-51.559193,SPRF-SC,DEL07-SC,UOP05-DEL07-SC,2024
"612513,0",2024-07-06,sábado,15:30:00,SC,101,"206,2",SAO JOSE,Reação tardia ou ineficiente do condutor,Colisão traseira,Com Vítimas Feridas,Pleno dia,Crescente,Garoa/Chuvisco,Múltipla,Reta;Aclive,Sim,2,0,1,0,0,1,1,2,-27.59193546,-48.61824557,SPRF-SC,DEL01-SC,UOP01-DEL01-SC,2024
"612525,0",2024-07-06,sábado,14:30:00,SC,101,"195,0",BIGUACU,Reação tardia ou ineficiente do condutor,Colisão lateral mesmo sentido,Com Vítimas Feridas,Pleno dia,Decrescente,Chuva,Dupla,Reta,Sim,4,0,2,0,1,1,2,3,-27.5047092,-48.65010819,SPRF-SC,DEL01-SC,UOP01-DEL01-SC,2024
"612599,0",2024-07-06,sábado,17:20:00,SC,282,"526,0",XAXIM,Reação tardia ou ineficiente do condutor,Tombamento,Com Vítimas Feridas,Anoitecer,Decrescente,Chuva,Simples,Curva,Não,2,0,1,0,0,2,1,3,-26.969427,-52.57497,SPRF-SC,DEL07-SC,UOP01-DEL07-SC,2024
"612631,0",2024-07-06,sábado,23:05:00,SC,101,"355,3",SANGAO,Demais falhas mecânicas ou elétricas,Colisão traseira,Com Vítimas Fatais,Plena Noite,Crescente,Chuva,Dupla,Declive;Reta,Não,6,1,0,0,4,1,0,4,-28.63088226,-49.08943534,SPRF-SC,DEL02-SC,UOP01-DEL02-SC,2024
"612737,0",2024-07-07,domingo,08:15:00,SC,280,"96,0",CORUPA,Pista Escorregadia,Colisão frontal,Com Vítimas Feridas,Pleno dia,Crescente,Garoa/Chuvisco,Simples,Curva,Não,3,0,1,0,1,1,1,3,-26.3833143,-49.31223107,SPRF-SC,DEL06-SC,UOP03-DEL06-SC,2024
"612821,0",2024-05-20,segunda-feira,12:04:00,SC,101,"7,0",GARUVA,Ausência de reação do condutor,Colisão traseira,Com Vítimas Feridas,Pleno dia,Decrescente,Céu Claro,Múltipla,Reta,Sim,3,0,1,0,1,1,1,2,-26.03593,-48.860302,SPRF-SC,DEL03-SC,UOP01-DEL03-SC,2024
"612875,0",2024-07-07,domingo,20:30:00,SC,101,"101,0",BALNEARIO PICARRAS,Ingestão de álcool pelo condutor,Colisão com objeto,Com Vítimas Feridas,Plena Noite,Decrescente,Chuva,Dupla,Reta,Não,4,0,1,0,2,1,1,4,-26.76404198,-48.68657667,SPRF-SC,DEL03-SC,UOP02-DEL03-SC,2024
"612896,0",2024-07-07,domingo,14:55:00,SC,282,"497,9",XANXERE,Ingestão de álcool pelo condutor,Colisão frontal,Com Vítimas Fatais,Pleno dia,Crescente,Chuva,Simples,Aclive;Curva,Não,5,1,3,0,0,1,3,4,-26.879157,-52.347801,SPRF-SC,DEL07-SC,UOP01-DEL07-SC,2024
"612922,0",2024-07-08,segunda-feira,02:49:00,SC,282,"17,0",PALHOCA,Condutor Dormindo,Colisão traseira,Com Vítimas Feridas,Plena Noite,Crescente,Nublado,Simples,Reta,Sim,3,0,1,0,1,1,1,3,-27.665707,-48.688065,SPRF-SC,DEL01-SC,UOP02-DEL01-SC,2024
"612952,0",2024-07-08,segunda-feira,06:04:00,SC,470,"6,0",NAVEGANTES,Reação tardia ou ineficiente do condutor,Colisão traseira,Com Vítimas Feridas,Pleno dia,Crescente,Nublado,Dupla,Reta,Sim,3,0,1,0,1,1,1,3,-26.852238,-48.709545,SPRF-SC,DEL04-SC,UOP04-DEL04-SC,2024
"612973,0",2024-07-08,segunda-feira,09:18:00,SC,101,"119,6",ITAJAI,Ausência de reação do condutor,Colisão traseira,Com Vítimas Feridas,Pleno dia,Crescente,Nublado,Dupla,Reta,Não,4,0,1,0,2,1,1,3,-26.9043179,-48.71555481,SPRF-SC,DEL04-SC,UOP04-DEL04-SC,2024
"613020,0",2024-07-06,sábado,15:00:00,SC,101,"132,5",BALNEARIO CAMBORIU,Entrada inopinada do pedestre,Atropelamento de Pedestre,Com Vítimas Feridas,Pleno dia,Decrescente,Nublado,Múltipla,Reta,Sim,3,0,1,0,1,2,1,4,-26.99654133,-48.65564711,SPRF-SC,DEL04-SC,UOP03-DEL04-SC,2024
"613043,0",2024-07-08,segunda-feira,14:30:00,SC,101,"182,1",BIGUACU,Demais falhas mecânicas ou elétricas,Incêndio,Sem Vítimas,Pleno dia,Crescente,Nublado,Dupla,Reta,Sim,2,0,0,0,1,1,0,2,-27.41613807,-48.6266443,SPRF-SC,DEL01-SC,UOP01-DEL01-SC,2024
"613044,0",2024-07-08,segunda-feira,13:25:00,SC,116,"171,0",PONTE ALTA DO NORTE,Reação tardia ou ineficiente do condutor,Engavetamento,Com Vítimas Feridas,Pleno dia,Crescente,Nublado,Simples,Declive;Reta,Não,4,0,2,0,1,2,2,5,-27.2035,-50.4657062,SPRF-SC,DEL05-SC,UOP03-DEL05-SC,2024
"613045,0",2024-07-08,segunda-feira,11:00:00,SC,153,"61,7",IRANI,Neblina,Colisão traseira,Com Vítimas Feridas,Pleno dia,Decrescente,Nevoeiro/Neblina,Simples,Reta,Não,3,0,1,0,1,1,1,3,-26.978279,-51.865761,SPRF-SC,DEL07-SC,UOP04-DEL07-SC,2024
"613049,0",2024-07-07,domingo,18:10:00,SC,282,"124,8",BOM RETIRO,Ingestão de álcool pelo condutor,Colisão transversal,Com Vítimas Feridas,Plena Noite,Crescente,Chuva,Simples,Reta,Não,3,0,2,0,1,0,2,2,-27.805086,-49.450378,SPRF-SC,DEL05-SC,UOP01-DEL05-SC,2024
"613089,0",2024-07-08,segunda-feira,18:40:00,SC,101,"151,0",ITAPEMA,Condutor deixou de manter distância do veículo da frente,Colisão traseira,Com Vítimas Feridas,Plena Noite,Decrescente,Nublado,Dupla,Reta,Sim,3,0,1,0,1,2,1,4,-27.126536,-48.609642,SPRF-SC,DEL04-SC,UOP03-DEL04-SC,2024
"613091,0",2024-07-08,segunda-feira,19:25:00,SC,280,"29,0",ARAQUARI,Ultrapassagem Indevida,Colisão frontal,Com Vítimas Feridas,Plena Noite,Crescente,Garoa/Chuvisco,Simples,Reta,Sim,7,0,5,0,1,2,5,6,-26.41066264,-48.75295628,SPRF-SC,DEL03-SC,UOP03-DEL03-SC,2024
"613106,0",2024-07-08,segunda-feira,20:00:00,SC,101,"208,0",SAO JOSE,Ausência de reação do condutor,Colisão lateral mesmo sentido,Com Vítimas Feridas,Plena Noite,Crescente,Céu Claro,Múltipla,Reta,Não,3,0,1,0,0,2,1,3,-27.60327979,-48.63201818,SPRF-SC,DEL01-SC,UOP01-DEL01-SC,2024
"613115,0",2024-07-08,segunda-feira,19:30:00,SC,101,"124,5",ITAJAI,Ausência de reação do condutor,Colisão lateral mesmo sentido,Com Vítimas Feridas,Plena Noite,Crescente,Nublado,Dupla,Reta,Não,2,0,0,1,0,1,1,2,-26.94335064,-48.69198648,SPRF-SC,DEL04-SC,UOP04-DEL04-SC,2024
"613152,0",2024-07-09,terça-feira,00:30:00,SC,470,"36,3",GASPAR,Demais falhas mecânicas ou elétricas,Colisão com objeto,Sem Vítimas,Plena Noite,Decrescente,Nublado,Dupla,Viaduto;Reta,Não,2,0,0,0,1,1,0,2,-26.914196,-48.968948,SPRF-SC,DEL04-SC,UOP01-DEL04-SC,2024
"613176,0",2024-07-09,terça-feira,07:30:00,SC,101,"31,9",JOINVILLE,Ausência de reação do condutor,Tombamento,Com Vítimas Feridas,Pleno dia,Decrescente,Nublado,Dupla,Reta,Sim,2,0,1,0,1,0,1,2,-26.22195899,-48.91634925,SPRF-SC,DEL03-SC,UOP01-DEL03-SC,2024
"613249,0",2024-06-19,quarta-feira,11:00:00,SC,101,"206,0",SAO JOSE,Reação tardia ou ineficiente do condutor,Colisão lateral mesmo sentido,Com Vítimas Feridas,Pleno dia,Crescente,Céu Claro,Dupla,Reta,Sim,3,0,0,1,2,0,1,3,-27.59193546,-48.61824557,SPRF-SC,DEL01-SC,UOP01-DEL01-SC,2024
"613259,0",2024-07-09,terça-feira,13:20:00,SC,163,"69,8",SAO MIGUEL DO OESTE,Acessar a via sem observar a presença dos outros veículos,Colisão transversal,Com Vítimas Feridas,Pleno dia,Crescente,Nevoeiro/Neblina,Dupla,Interseção de Vias;Aclive;Reta,Sim,2,0,1,0,1,0,1,2,-26.74132699,-53.50120591,SPRF-SC,DEL07-SC,UOP03-DEL07-SC,2024
"613278,0",2024-06-04,terça-feira,02:55:00,SC,116,"254,0",LAGES,Velocidade Incompatível,Tombamento,Com Vítimas Feridas,Plena Noite,Crescente,Céu Claro,Simples,Em Obras,Não,2,0,1,0,0,1,1,2,-27.86677492,-50.3955102,SPRF-SC,DEL05-SC,UOP02-DEL05-SC,2024
"613329,0",2024-07-09,terça-feira,19:55:00,SC,282,"0,4",FLORIANOPOLIS,Demais falhas mecânicas ou elétricas,Colisão com objeto,Sem Vítimas,Plena Noite,Decrescente,Chuva,Múltipla,Reta;Declive,Sim,4,0,0,0,3,1,0,3,-27.59845,-48.571995,SPRF-SC,DEL01-SC,UOP01-DEL01-SC,2024
"613358,0",2024-07-09,terça-feira,22:30:00,SC,101,"205,0",SAO JOSE,Acessar a via sem observar a presença dos outros veículos,Colisão lateral mesmo sentido,Com Vítimas Feridas,Plena Noite,Crescente,Chuva,Dupla,Reta,Sim,3,0,0,1,2,0,1,2,-27.58313237,-48.61532885,SPRF-SC,DEL01-SC,UOP01-DEL01-SC,2024
"613365,0",2024-07-09,terça-feira,22:00:00,SC,116,"133,5",SANTA CECILIA,Transitar na contramão,Colisão frontal,Sem Vítimas,Plena Noite,Crescente,Garoa/Chuvisco,Simples,Aclive;Reta,Não,3,0,0,0,2,1,0,3,-26.92073066,-50.44464827,SPRF-SC,DEL06-SC,UOP02-DEL06-SC,2024
"613375,0",2024-07-10,quarta-feira,01:00:00,SC,280,"163,9",MAFRA,Acessar a via sem observar a presença dos outros veículos,Colisão transversal,Com Vítimas Feridas,Plena Noite,Crescente,Chuva,Simples,Aclive;Reta,Sim,2,0,0,1,1,0,1,2,-26.19230663,-49.80362578,SPRF-SC,DEL06-SC,UOP01-DEL06-SC,2024
"613456,0",2024-07-10,quarta-feira,12:45:00,SC,101,"203,5",SAO JOSE,Reação tardia ou ineficiente do condutor,Colisão traseira,Com Vítimas Feridas,Pleno dia,Decrescente,Céu Claro,Múltipla,Reta,Sim,3,0,1,0,2,0,1,2,-27.5650044,-48.61460082,SPRF-SC,DEL01-SC,UOP01-DEL01-SC,2024
"613463,0",2024-07-07,domingo,05:00:00,SC,158,"110,0",CUNHA PORA,Ingestão de álcool pelo condutor,Colisão lateral mesmo sentido,Com Vítimas Feridas,Amanhecer,Crescente,Chuva,Simples,Reta,Sim,4,0,1,0,2,2,1,4,-26.89114811,-53.18361282,SPRF-SC,DEL07-SC,UOP02-DEL07-SC,2024
"613486,0",2024-07-10,quarta-feira,11:40:00,SC,101,"202,8",SAO JOSE,Mal súbito do condutor,Saída de leito carroçável,Com Vítimas Fatais,Pleno dia,Decrescente,Céu Claro,Múltipla,Reta,Sim,3,1,0,0,0,2,0,2,-27.563395,-48.615287,SPRF-SC,DEL01-SC,UOP01-DEL01-SC,2024
"613592,0",2024-07-11,quinta-feira,03:00:00,SC,101,"182,5",GOVERNADOR CELSO RAMOS,Reação tardia ou ineficiente do condutor,Colisão traseira,Com Vítimas Fatais,Plena Noite,Decrescente,Ignorado,Múltipla,Reta,Sim,4,1,0,0,1,2,0,4,-27.40121054,-48.62955987,SPRF-SC,DEL01-SC,UOP01-DEL01-SC,2024
"613751,0",2024-07-11,quinta-feira,18:20:00,SC,101,"279,5",IMBITUBA,Estacionar ou parar em local proibido,Colisão lateral mesmo sentido,Com Vítimas Feridas,Plena Noite,Crescente,Chuva,Simples,Reta,Não,3,0,0,1,1,1,1,3,-28.19094533,-48.6972481,SPRF-SC,DEL02-SC,UOP03-DEL02-SC,2024
"613817,0",2024-07-12,sexta-feira,00:10:00,SC,101,"200,0",SAO JOSE,Velocidade Incompatível,Colisão traseira,Com Vítimas Feridas,Plena Noite,Crescente,Garoa/Chuvisco,Múltipla,Curva,Não,5,0,2,0,2,2,2,5,-27.54018513,-48.62287714,SPRF-SC,DEL01-SC,UOP01-DEL01-SC,2024