id,data_inversa,dia_semana,horario,uf,br,km,municipio,causa_acidente,tipo_acidente,classificacao_acidente,fase_dia,sentido_via,condicao_metereologica,tipo_pista,tracado_via,uso_solo,pessoas,mortos,feridos_leves,feridos_graves,ilesos,ignorados,feridos,veiculos,latitude,longitude,regional,delegacia,uop,ano_arquivo
"613869,0",2024-07-12,sexta-feira,08:00:00,SC,163,"67,7",SAO MIGUEL DO OESTE,Manobra de mudança de faixa,Colisão traseira,Com Vítimas Feridas,Pleno dia,Decrescente,Céu Claro,Dupla,Declive;Retorno Regulamentado;Reta,Sim,3,0,1,0,1,1,1,3,-26.759436,-53.50055292,SPRF-SC,DEL07-SC,UOP03-DEL07-SC,2024
"613877,0",2024-07-01,segunda-feira,05:00:00,SC,116,"209,0",PONTE ALTA,Animais na Pista,Atropelamento de Animal,Com Vítimas Feridas,Plena Noite,Crescente,Nublado,Simples,Reta,Não,3,0,1,0,1,1,1,2,-27.49607258,-50.37005465,SPRF-SC,DEL05-SC,UOP03-DEL05-SC,2024
"613931,0",2024-07-12,sexta-feira,11:10:00,SC,282,"452,0",PONTE SERRADA,Ultrapassagem Indevida,Colisão lateral sentido oposto,Com Vítimas Feridas,Pleno dia,Decrescente,Nublado,Dupla,Reta,Não,15,0,1,0,13,1,1,5,-26.90612,-51.970417,SPRF-SC,DEL07-SC,UOP04-DEL07-SC,2024
"613991,0",2024-07-12,sexta-feira,19:15:00,SC,158,"113,4",CUNHA PORA,Ingestão de álcool pelo condutor,Colisão frontal,Com Vítimas Feridas,Plena Noite,Decrescente,Céu Claro,Simples,Reta,Sim,3,0,1,0,1,2,1,4,-26.8975781,-53.18893433,SPRF-SC,DEL07-SC,UOP02-DEL07-SC,2024
"614029,0",2024-07-12,sexta-feira,20:00:00,SC,101,"214,0",PALHOCA,Condutor deixou de manter distância do veículo da frente,Colisão traseira,Com Vítimas Feridas,Plena Noite,Crescente,Céu Claro,Múltipla,Reta,Não,3,0,1,0,1,1,1,2,-27.64443,-48.67057,SPRF-SC,DEL01-SC,UOP02-DEL01-SC,2024
"614030,0",2024-07-12,sexta-feira,22:05:00,SC,101,"201,2",SAO JOSE,Acessar a via sem observar a presença dos outros veículos,Colisão transversal,Com Vítimas Feridas,Plena Noite,Crescente,Nublado,Dupla,Reta,Sim,2,0,1,0,1,0,1,2,-27.55187122,-48.61980015,SPRF-SC,DEL01-SC,UOP01-DEL01-SC,2024
"614062,0",2024-07-13,sábado,03:50:00,SC,101,"194,9",BIGUACU,Acessar a via sem observar a presença dos outros veículos,Colisão lateral mesmo sentido,Sem Vítimas,Plena Noite,Crescente,Nublado,Múltipla,Reta,Sim,6,0,0,0,5,3,0,6,-27.49815117,-48.65661236,SPRF-SC,DEL01-SC,UOP01-DEL01-SC,2024
"614095,0",2024-07-13,sábado,05:30:00,SC,282,"573,3",NOVA ERECHIM,Ausência de reação do condutor,Colisão frontal,Com Vítimas Fatais,Plena Noite,Crescente,Nevoeiro/Neblina,Simples,Curva,Não,4,1,0,2,1,0,2,2,-26.872942,-52.956654,SPRF-SC,DEL07-SC,UOP02-DEL07-SC,2024
"614234,0",2024-07-13,sábado,18:50:00,SC,101,"38,1",JOINVILLE,Velocidade Incompatível,Colisão com objeto,Com Vítimas Fatais,Plena Noite,Crescente,Chuva,Múltipla,Declive;Reta,Sim,5,2,0,0,1,2,0,4,-26.2935182,-48.8845734,SPRF-SC,DEL03-SC,UOP01-DEL03-SC,2024
"614240,0",2024-07-13,sábado,17:50:00,SC,282,"615,3",MARAVILHA,Transitar na contramão,Colisão lateral sentido oposto,Com Vítimas Feridas,Plena Noite,Decrescente,Chuva,Simples,Curva,Não,5,0,1,0,3,2,1,5,-26.77624468,-53.27540159,SPRF-SC,DEL07-SC,UOP02-DEL07-SC,2024
"614308,0",2024-07-13,sábado,21:10:00,SC,101,"265,7",PAULO LOPES,Transitar na contramão,Colisão lateral mesmo sentido,Com Vítimas Feridas,Plena Noite,Decrescente,Chuva,Múltipla,Reta,Sim,5,0,1,0,3,1,1,4,-28.06001385,-48.71690948,SPRF-SC,DEL02-SC,UOP03-DEL02-SC,2024
"614449,0",2024-07-14,domingo,16:40:00,SC,282,"433,9",VARGEM BONITA,Neblina,Colisão transversal,Com Vítimas Feridas,Pleno dia,Decrescente,Nevoeiro/Neblina,Simples,Reta,Não,6,0,4,0,1,2,4,4,-26.97752,-51.823841,SPRF-SC,DEL07-SC,UOP04-DEL07-SC,2024
"614527,0",2024-07-15,segunda-feira,01:40:00,SC,101,"28,4",JOINVILLE,Acessar a via sem observar a presença dos outros veículos,Colisão traseira,Sem Vítimas,Plena Noite,Crescente,Chuva,Dupla,Reta,Não,2,0,0,0,2,0,0,2,-26.20697505,-48.91482635,SPRF-SC,DEL03-SC,UOP01-DEL03-SC,2024
"614578,0",2024-07-15,segunda-feira,02:25:00,SC,480,"126,0",CHAPECO,Reação tardia ou ineficiente do condutor,Saída de leito carroçável,Sem Vítimas,Plena Noite,Decrescente,Nevoeiro/Neblina,Dupla,Reta,Sim,2,0,0,0,1,1,0,2,-27.020083,-52.636024,SPRF-SC,DEL07-SC,UOP01-DEL07-SC,2024
"614580,0",2024-07-15,segunda-feira,09:05:00,SC,280,"66,8",JARAGUA DO SUL,Acessar a via sem observar a presença dos outros veículos,Colisão transversal,Com Vítimas Feridas,Pleno dia,Decrescente,Chuva,Simples,Reta,Sim,2,0,1,0,1,0,1,2,-26.4775146,-49.10363575,SPRF-SC,DEL03-SC,UOP03-DEL03-SC,2024
"614597,0",2024-07-15,segunda-feira,07:45:00,SC,282,"141,1",BOM RETIRO,Condutor Dormindo,Colisão lateral sentido oposto,Com Vítimas Feridas,Pleno dia,Crescente,Nublado,Simples,Reta,Não,2,0,1,0,1,0,1,2,-27.8130783,-49.5977354,SPRF-SC,DEL05-SC,UOP01-DEL05-SC,2024
"614598,0",2024-07-15,segunda-feira,10:00:00,SC,470,"63,3",INDAIAL,Chuva,Tombamento,Com Vítimas Feridas,Pleno dia,Crescente,Chuva,Simples,Reta,Sim,2,0,1,0,0,1,1,2,-26.872396,-49.19228,SPRF-SC,DEL04-SC,UOP01-DEL04-SC,2024
"614615,0",2024-07-09,terça-feira,23:50:00,SC,470,"142,2",RIO DO SUL,Transitar na contramão,Colisão lateral sentido oposto,Com Vítimas Feridas,Plena Noite,Decrescente,Chuva,Simples,Curva,Sim,2,0,0,1,1,0,1,2,-27.229801,-49.6693,SPRF-SC,DEL04-SC,UOP02-DEL04-SC,2024
"614629,0",2024-07-15,segunda-feira,12:40:00,SC,470,"35,7",GASPAR,Acessar a via sem observar a presença dos outros veículos,Colisão lateral mesmo sentido,Com Vítimas Feridas,Pleno dia,Decrescente,Nublado,Dupla,Reta;Em Obras,Não,2,0,1,0,1,0,1,2,-26.912857,-48.958965,SPRF-SC,DEL04-SC,UOP01-DEL04-SC,2024
"614670,0",2024-07-15,segunda-feira,16:05:00,SC,101,"346,5",JAGUARUNA,Velocidade Incompatível,Colisão traseira,Com Vítimas Feridas,Pleno dia,Decrescente,Nublado,Dupla,Reta,Não,3,0,0,1,1,1,1,3,-28.5703514,-49.05326843,SPRF-SC,DEL02-SC,UOP01-DEL02-SC,2024
"614752,0",2024-07-15,segunda-feira,23:15:00,SC,280,"221,3",TRES BARRAS,Demais falhas mecânicas ou elétricas,Incêndio,Sem Vítimas,Plena Noite,Crescente,Garoa/Chuvisco,Simples,Declive,Não,2,0,0,0,1,2,0,3,-26.173056,-50.27445,SPRF-SC,DEL06-SC,UOP04-DEL06-SC,2024
"614753,0",2024-07-15,segunda-feira,17:00:00,SC,280,"294,5",PORTO UNIAO,Transitar na contramão,Colisão lateral sentido oposto,Com Vítimas Feridas,Anoitecer,Decrescente,Garoa/Chuvisco,Simples,Aclive;Reta,Não,4,0,2,0,1,1,2,3,-26.29276302,-50.96449301,SPRF-SC,DEL06-SC,UOP04-DEL06-SC,2024
"614802,0",2024-07-16,terça-feira,05:20:00,SC,116,"90,9",MONTE CASTELO,Reação tardia ou ineficiente do condutor,Saída de leito carroçável,Com Vítimas Feridas,Plena Noite,Decrescente,Garoa/Chuvisco,Simples,Reta,Não,2,0,1,0,0,1,1,2,-26.63695731,-50.25471279,SPRF-SC,DEL06-SC,UOP02-DEL06-SC,2024
"614810,0",2024-07-16,terça-feira,05:15:00,SC,280,"237,4",CANOINHAS,Falta de acostamento,Atropelamento de Pedestre,Com Vítimas Feridas,Plena Noite,Crescente,Garoa/Chuvisco,Simples,Aclive;Reta,Não,3,0,1,0,1,2,1,4,-26.19844599,-50.43216601,SPRF-SC,DEL06-SC,UOP04-DEL06-SC,2024
"614834,0",2024-07-08,segunda-feira,11:15:00,SC,101,"99,1",BALNEARIO PICARRAS,Reação tardia ou ineficiente do condutor,Colisão traseira,Com Vítimas Feridas,Pleno dia,Crescente,Nublado,Múltipla,Reta,Sim,9,0,0,6,2,1,6,3,-26.7471002,-48.69654831,SPRF-SC,DEL03-SC,UOP02-DEL03-SC,2024
"614844,0",2024-07-16,terça-feira,13:30:00,SC,163,"106,2",SAO JOSE DO CEDRO,Ultrapassagem Indevida,Colisão lateral mesmo sentido,Com Vítimas Feridas,Pleno dia,Decrescente,Nublado,Simples,Em Obras;Reta,Sim,3,0,1,0,1,2,1,4,-26.43752707,-53.51693708,SPRF-SC,DEL07-SC,UOP03-DEL07-SC,2024
"614872,0",2024-07-16,terça-feira,17:30:00,SC,470,"226,9",SAO CRISTOVAO DO SUL,Reação tardia ou ineficiente do condutor,Saída de leito carroçável,Com Vítimas Feridas,Anoitecer,Crescente,Nublado,Simples,Declive;Curva,Não,1,0,1,0,0,0,1,1,-27.327692,-50.361202,SPRF-SC,DEL05-SC,UOP03-DEL05-SC,2024
"614873,0",2024-07-16,terça-feira,09:15:00,SC,101,"394,0",CRICIUMA,Demais falhas mecânicas ou elétricas,Incêndio,Sem Vítimas,Pleno dia,Crescente,Ignorado,Dupla,Reta,Não,1,0,0,0,1,0,0,1,-28.81326275,-49.38911611,SPRF-SC,DEL02-SC,UOP02-DEL02-SC,2024
"614904,0",2024-07-16,terça-feira,18:15:00,SC,101,"220,8",PALHOCA,Avarias e/ou desgaste excessivo no pneu,Tombamento,Com Vítimas Feridas,Plena Noite,Crescente,Chuva,Múltipla,Reta,Não,3,0,1,1,1,0,2,2,-27.69198941,-48.66368358,SPRF-SC,DEL01-SC,UOP02-DEL01-SC,2024
"614921,0",2024-07-16,terça-feira,21:40:00,SC,153,"75,0",IRANI,Deficiência do Sistema de Iluminação/Sinalização,Colisão traseira,Com Vítimas Feridas,Plena Noite,Crescente,Céu Claro,Simples,Reta,Não,2,0,1,0,0,1,1,2,-27.0849,-51.909855,SPRF-SC,DEL07-SC,UOP04-DEL07-SC,2024
"614954,0",2024-07-17,quarta-feira,04:25:00,SC,101,"21,5",JOINVILLE,Ausência de reação do condutor,Saída de leito carroçável,Com Vítimas Feridas,Plena Noite,Decrescente,Nublado,Dupla,Reta,Não,3,0,0,2,0,1,2,2,-26.146358,-48.907592,SPRF-SC,DEL03-SC,UOP01-DEL03-SC,2024
"614962,0",2024-07-17,quarta-feira,07:10:00,SC,101,"203,5",SAO JOSE,Manobra de mudança de faixa,Colisão lateral mesmo sentido,Com Vítimas Feridas,Pleno dia,Decrescente,Nevoeiro/Neblina,Dupla,Reta,Sim,2,0,0,1,1,0,1,2,-27.5650044,-48.61460082,SPRF-SC,DEL01-SC,UOP01-DEL01-SC,2024
"615008,0",2024-07-17,quarta-feira,12:30:00,SC,280,"10,0",SAO FRANCISCO DO SUL,Trafegar com motocicleta (ou similar) entre as faixas,Colisão lateral mesmo sentido,Com Vítimas Feridas,Pleno dia,Crescente,Céu Claro,Simples,Rotatória,Não,3,0,0,1,1,1,1,3,-26.29625399,-48.64238799,SPRF-SC,DEL03-SC,UOP03-DEL03-SC,2024
"615049,0",2024-07-17,quarta-feira,14:20:00,SC,280,"28,0",ARAQUARI,Acessar a via sem observar a presença dos outros veículos,Colisão transversal,Com Vítimas Feridas,Pleno dia,Decrescente,Sol,Simples,Reta,Sim,4,0,1,0,2,1,1,4,-26.40450077,-48.74561031,SPRF-SC,DEL03-SC,UOP03-DEL03-SC,2024
"615091,0",2024-07-17,quarta-feira,11:30:00,SC,116,"124,3",SANTA CECILIA,Demais falhas mecânicas ou elétricas,Colisão lateral sentido oposto,Com Vítimas Feridas,Pleno dia,Crescente,Céu Claro,Simples,Declive;Curva,Não,3,0,1,0,1,2,1,4,-26.98647529,-50.39438169,SPRF-SC,DEL06-SC,UOP02-DEL06-SC,2024
"615173,0",2024-07-17,quarta-feira,05:30:00,SC,280,"87,7",CORUPA,Pista Escorregadia,Saída de leito carroçável,Sem Vítimas,Amanhecer,Crescente,Garoa/Chuvisco,Simples,Aclive,Não,2,0,0,0,1,1,0,2,-26.41008997,-49.27874565,SPRF-SC,DEL06-SC,UOP03-DEL06-SC,2024
"615177,0",2024-06-28,sexta-feira,20:30:00,SC,470,"68,0",INDAIAL,Frear bruscamente,Colisão transversal,Sem Vítimas,Plena Noite,Decrescente,Céu Claro,Dupla,Reta,Sim,4,0,0,0,3,1,0,4,-26.877615,-49.239231,SPRF-SC,DEL04-SC,UOP01-DEL04-SC,2024
"615182,0",2024-07-15,segunda-feira,07:00:00,SC,101,"422,6",ARARANGUA,Ausência de reação do condutor,Colisão transversal,Com Vítimas Feridas,Pleno dia,Decrescente,Garoa/Chuvisco,Simples,Reta,Não,2,0,0,1,1,0,1,2,-29.01583128,-49.58178699,SPRF-SC,DEL02-SC,UOP02-DEL02-SC,2024
"615198,0",2024-06-11,terça-feira,11:30:00,SC,101,"210,0",SAO JOSE,Desrespeitar a preferência no cruzamento,Colisão lateral mesmo sentido,Com Vítimas Feridas,Pleno dia,Decrescente,Céu Claro,Múltipla,Reta;Interseção de Vias,Sim,2,0,0,1,1,0,1,2,-27.6167305,-48.6457265,SPRF-SC,DEL01-SC,UOP01-DEL01-SC,2024
"615244,0",2024-07-18,quinta-feira,14:00:00,SC,280,"6,5",SAO FRANCISCO DO SUL,Velocidade Incompatível,Colisão lateral sentido oposto,Com Vítimas Feridas,Pleno dia,Crescente,Nublado,Simples,Reta,Sim,3,0,1,0,1,1,1,3,-26.26569095,-48.63361804,SPRF-SC,DEL03-SC,UOP03-DEL03-SC,2024
"615254,0",2024-07-18,quinta-feira,14:00:00,SC,101,"226,1",PALHOCA,Reação tardia ou ineficiente do condutor,Colisão traseira,Com Vítimas Feridas,Pleno dia,Decrescente,Céu Claro,Dupla,Reta,Não,5,0,1,0,4,0,1,2,-27.74200001,-48.63806504,SPRF-SC,DEL01-SC,UOP02-DEL01-SC,2024
"615358,0",2024-07-18,quinta-feira,23:50:00,SC,101,"129,0",BALNEARIO CAMBORIU,Reação tardia ou ineficiente do condutor,Colisão traseira,Com Vítimas Feridas,Plena Noite,Decrescente,Céu Claro,Dupla,Reta,Sim,3,0,1,0,1,2,1,4,-26.98064277,-48.6790679,SPRF-SC,DEL04-SC,UOP03-DEL04-SC,2024
"615360,0",2024-07-19,sexta-feira,00:40:00,SC,280,"56,5",GUARAMIRIM,Ingestão de álcool pelo condutor,Colisão frontal,Com Vítimas Feridas,Plena Noite,Decrescente,Nublado,Simples,Reta,Sim,2,0,1,0,1,0,1,2,-26.47947677,-49.00298702,SPRF-SC,DEL03-SC,UOP03-DEL03-SC,2024
"615433,0",2024-07-19,sexta-feira,10:30:00,SC,101,"110,3",PENHA,Ausência de reação do condutor,Colisão traseira,Com Vítimas Feridas,Pleno dia,Crescente,Nublado,Dupla,Curva,Não,3,0,1,0,1,1,1,3,-26.83477,-48.706151,SPRF-SC,DEL04-SC,UOP04-DEL04-SC,2024
"615464,0",2024-07-19,sexta-feira,13:36:00,SC,101,"144,0",ITAPEMA,Manobra de mudança de faixa,Colisão lateral mesmo sentido,Com Vítimas Feridas,Pleno dia,Decrescente,Céu Claro,Dupla,Reta,Sim,3,0,1,0,1,1,1,3,-27.0732659,-48.59672716,SPRF-SC,DEL04-SC,UOP03-DEL04-SC,2024
"615491,0",2024-07-19,sexta-feira,15:45:00,SC,282,"503,6",XANXERE,Demais falhas mecânicas ou elétricas,Colisão com objeto,Com Vítimas Feridas,Pleno dia,Crescente,Sol,Dupla,Reta;Declive,Sim,1,0,1,0,0,0,1,1,-26.88492,-52.399788,SPRF-SC,DEL07-SC,UOP01-DEL07-SC,2024
"615501,0",2024-07-19,sexta-feira,16:10:00,SC,101,"86,1",BARRA VELHA,Ausência de reação do condutor,Colisão traseira,Sem Vítimas,Pleno dia,Decrescente,Céu Claro,Múltipla,Declive;Reta,Não,2,0,0,0,1,1,0,2,-26.63277317,-48.70232513,SPRF-SC,DEL03-SC,UOP02-DEL03-SC,2024
"615521,0",2024-07-19,sexta-feira,15:15:00,SC,282,"625,1",IRACEMINHA,Ultrapassagem Indevida,Colisão lateral mesmo sentido,Com Vítimas Feridas,Pleno dia,Decrescente,Céu Claro,Simples,Aclive;Reta,Não,6,0,3,1,0,3,4,6,-26.800232,-53.351334,SPRF-SC,DEL07-SC,UOP02-DEL07-SC,2024
"615588,0",2024-07-19,sexta-feira,21:00:00,SC,282,"516,0",XAXIM,Ingestão de álcool pelo condutor,Colisão lateral mesmo sentido,Sem Vítimas,Plena Noite,Crescente,Céu Claro,Simples,Aclive;Curva,Não,3,0,0,0,2,1,0,3,-26.92941359,-52.49955112,SPRF-SC,DEL07-SC,UOP01-DEL07-SC,2024
"615631,0",2024-07-19,sexta-feira,23:30:00,SC,470,"83,6",RODEIO,Ingestão de álcool pelo condutor,Colisão frontal,Com Vítimas Feridas,Plena Noite,Crescente,Nevoeiro/Neblina,Simples,Reta,Não,3,0,1,1,0,1,2,3,-26.96263236,-49.3292141,SPRF-SC,DEL04-SC,UOP01-DEL04-SC,2024
"615651,0",2024-07-20,sábado,07:00:00,SC,470,"233,0",SAO CRISTOVAO DO SUL,Velocidade Incompatível,Tombamento,Com Vítimas Feridas,Amanhecer,Crescente,Céu Claro,Simples,Rotatória,Não,2,0,1,0,0,1,1,2,-27.30109435,-50.42565286,SPRF-SC,DEL05-SC,UOP03-DEL05-SC,2024
"615653,0",2024-07-17,quarta-feira,03:35:00,SC,101,"380,8",ICARA,Condutor Dormindo,Colisão com objeto,Com Vítimas Feridas,Plena Noite,Crescente,Ignorado,Múltipla,Reta,Não,1,0,1,0,0,0,1,1,-28.75047313,-49.26872594,SPRF-SC,DEL02-SC,UOP02-DEL02-SC,2024
"615672,0",2024-07-20,sábado,08:00:00,SC,280,"303,1",PORTO UNIAO,Reação tardia ou ineficiente do condutor,Saída de leito carroçável,Com Vítimas Feridas,Amanhecer,Crescente,Nevoeiro/Neblina,Simples,Curva;Ponte,Sim,2,0,1,0,1,0,1,2,-26.27999553,-51.05063229,SPRF-SC,DEL06-SC,UOP04-DEL06-SC,2024
"615714,0",2024-07-20,sábado,13:30:00,SC,163,"112,6",GUARUJA DO SUL,Velocidade Incompatível,Tombamento,Com Vítimas Feridas,Pleno dia,Decrescente,Céu Claro,Simples,Declive;Reta,Sim,2,0,1,0,0,2,1,3,-26.38443757,-53.52122247,SPRF-SC,DEL07-SC,UOP03-DEL07-SC,2024
"615735,0",2024-07-20,sábado,11:53:00,SC,101,"334,3",TUBARAO,Acessar a via sem observar a presença dos outros veículos,Saída de leito carroçável,Com Vítimas Feridas,Pleno dia,Decrescente,Céu Claro,Múltipla,Reta,Sim,3,0,1,1,1,0,2,2,-28.47253927,-49.02245522,SPRF-SC,DEL02-SC,UOP01-DEL02-SC,2024
"615746,0",2024-07-20,sábado,17:00:00,SC,480,"129,0",CHAPECO,Ausência de sinalização,Colisão lateral mesmo sentido,Com Vítimas Feridas,Pleno dia,Crescente,Céu Claro,Simples,Reta;Interseção de Vias;Em Obras,Sim,3,0,0,1,1,2,1,4,-27.04656607,-52.63577131,SPRF-SC,DEL07-SC,UOP01-DEL07-SC,2024
"615796,0",2024-07-20,sábado,18:40:00,SC,282,"604,5",MARAVILHA,Ingestão de álcool pelo condutor,Colisão transversal,Com Vítimas Feridas,Plena Noite,Crescente,Nublado,Simples,Declive;Reta,Sim,2,0,0,1,1,0,1,2,-26.795523,-53.192974,SPRF-SC,DEL07-SC,UOP02-DEL07-SC,2024
"615842,0",2024-07-21,domingo,00:20:00,SC,158,"102,1",CUNHA PORA,Ingestão de substâncias psicoativas pelo condutor,Colisão traseira,Com Vítimas Feridas,Plena Noite,Decrescente,Céu Claro,Simples,Reta,Não,3,0,2,0,1,0,2,2,-26.84425606,-53.17106511,SPRF-SC,DEL07-SC,UOP02-DEL07-SC,2024
"615956,0",2024-07-21,domingo,16:00:00,SC,101,"8,0",GARUVA,Manobra de mudança de faixa,Colisão com objeto,Sem Vítimas,Pleno dia,Decrescente,Chuva,Dupla,Reta,Não,2,0,0,0,2,0,0,2,-26.044942,-48.859703,SPRF-SC,DEL03-SC,UOP01-DEL03-SC,2024
"615977,0",2024-07-21,domingo,16:25:00,SC,101,"280,5",IMBITUBA,Manobra de mudança de faixa,Colisão transversal,Com Vítimas Feridas,Pleno dia,Decrescente,Céu Claro,Múltipla,Reta,Sim,4,0,1,0,3,0,1,2,-28.17962805,-48.6956297,SPRF-SC,DEL02-SC,UOP03-DEL02-SC,2024
"616030,0",2024-07-21,domingo,14:15:00,SC,153,"80,9",IRANI,Reação tardia ou ineficiente do condutor,Tombamento,Com Vítimas Feridas,Pleno dia,Crescente,Céu Claro,Simples,Curva,Não,2,0,1,0,0,1,1,2,-27.12073493,-51.92890763,SPRF-SC,DEL07-SC,UOP04-DEL07-SC,2024
"616130,0",2024-06-02,domingo,06:40:00,SC,282,"610,5",MARAVILHA,Transitar na contramão,Colisão frontal,Com Vítimas Fatais,Pleno dia,Decrescente,Céu Claro,Simples,Reta;Aclive,Não,5,1,0,0,2,4,0,7,-26.75509,-53.23556,SPRF-SC,DEL07-SC,UOP02-DEL07-SC,2024
"616165,0",2024-07-22,segunda-feira,12:30:00,SC,101,"162,0",TIJUCAS,Reação tardia ou ineficiente do condutor,Colisão lateral mesmo sentido,Com Vítimas Feridas,Pleno dia,Decrescente,Céu Claro,Dupla,Reta,Sim,3,0,1,0,1,1,1,3,-27.22554009,-48.6279367,SPRF-SC,DEL04-SC,UOP03-DEL04-SC,2024
"616199,0",2024-07-22,segunda-feira,14:30:00,SC,282,"231,3",LAGES,Desrespeitar a preferência no cruzamento,Colisão transversal,Com Vítimas Feridas,Pleno dia,Decrescente,Céu Claro,Simples,Reta,Não,5,0,2,0,2,1,2,3,-27.787624,-50.435722,SPRF-SC,DEL05-SC,UOP02-DEL05-SC,2024
"616204,0",2024-01-11,quinta-feira,14:40:00,SC,282,"19,4",PALHOCA,Retorno proibido,Colisão transversal,Com Vítimas Feridas,Pleno dia,Decrescente,Garoa/Chuvisco,Simples,Reta,Não,4,0,2,0,1,1,2,3,-27.678635,-48.70192,SPRF-SC,DEL01-SC,UOP02-DEL01-SC,2024
"616321,0",2024-07-23,terça-feira,08:30:00,SC,101,"298,5",LAGUNA,Reação tardia ou ineficiente do condutor,Colisão traseira,Com Vítimas Feridas,Pleno dia,Decrescente,Céu Claro,Múltipla,Reta,Não,3,0,1,0,1,1,1,3,-28.35076704,-48.73925149,SPRF-SC,DEL02-SC,UOP03-DEL02-SC,2024
"616343,0",2024-07-23,terça-feira,11:15:00,SC,101,"257,0",PAULO LOPES,Demais falhas mecânicas ou elétricas,Saída de leito carroçável,Com Vítimas Feridas,Pleno dia,Decrescente,Céu Claro,Dupla,Declive;Curva,Não,2,0,1,0,0,1,1,2,-27.99701205,-48.68755194,SPRF-SC,DEL02-SC,UOP03-DEL02-SC,2024
"616353,0",2024-07-23,terça-feira,11:00:00,SC,101,"119,0",ITAJAI,Ausência de reação do condutor,Colisão traseira,Com Vítimas Feridas,Pleno dia,Crescente,Céu Claro,Múltipla,Reta,Sim,3,0,1,0,1,1,1,3,-26.9043179,-48.71555481,SPRF-SC,DEL04-SC,UOP04-DEL04-SC,2024
"616437,0",2024-07-23,terça-feira,19:30:00,SC,101,"208,4",SAO JOSE,Reação tardia ou ineficiente do condutor,Colisão traseira,Com Vítimas Feridas,Plena Noite,Decrescente,Céu Claro,Múltipla,Reta,Sim,4,0,0,1,2,1,1,4,-27.60327979,-48.63201818,SPRF-SC,DEL01-SC,UOP01-DEL01-SC,2024
"616464,0",2024-07-23,terça-feira,21:00:00,SC,282,"112,0",ALFREDO WAGNER,Ingestão de álcool pelo condutor,Colisão frontal,Com Vítimas Feridas,Plena Noite,Decrescente,Céu Claro,Simples,Aclive,Não,2,0,0,1,1,0,1,2,-27.734867,-49.376289,SPRF-SC,DEL01-SC,UOP03-DEL01-SC,2024
"616466,0",2024-07-23,terça-feira,21:55:00,SC,280,"45,1",GUARAMIRIM,Transitar na contramão,Colisão transversal,Com Vítimas Feridas,Plena Noite,Crescente,Céu Claro,Dupla,Em Obras;Desvio Temporário;Reta,Não,3,0,1,0,1,2,1,4,-26.45236168,-48.89788602,SPRF-SC,DEL03-SC,UOP03-DEL03-SC,2024
"616472,0",2024-07-24,quarta-feira,00:46:00,SC,101,"216,4",PALHOCA,Ingestão de álcool pelo condutor,Colisão traseira,Com Vítimas Feridas,Plena Noite,Crescente,Céu Claro,Múltipla,Reta,Sim,6,0,4,0,1,3,4,5,-27.65981409,-48.67747798,SPRF-SC,DEL01-SC,UOP02-DEL01-SC,2024
"616479,0",2024-07-24,quarta-feira,01:55:00,SC,282,"218,9",LAGES,Suicídio (presumido),Atropelamento de Pedestre,Com Vítimas Fatais,Plena Noite,Crescente,Céu Claro,Múltipla,Aclive;Reta;Viaduto,Sim,3,1,0,0,1,1,0,3,-27.79760951,-50.31116009,SPRF-SC,DEL05-SC,UOP01-DEL05-SC,2024
"616494,0",2024-07-24,quarta-feira,04:40:00,SC,470,"159,2",TROMBUDO CENTRAL,Ausência de reação do condutor,Colisão transversal,Com Vítimas Fatais,Plena Noite,Decrescente,Nevoeiro/Neblina,Simples,Reta,Sim,3,1,0,0,1,1,0,3,-27.28643333,-49.79195952,SPRF-SC,DEL04-SC,UOP02-DEL04-SC,2024
"616590,0",2024-07-24,quarta-feira,15:30:00,SC,101,"113,0",ITAJAI,Ausência de reação do condutor,Colisão traseira,Com Vítimas Feridas,Pleno dia,Decrescente,Céu Claro,Dupla,Reta,Não,2,0,1,0,1,0,1,2,-26.85311393,-48.72689927,SPRF-SC,DEL04-SC,UOP04-DEL04-SC,2024
"616653,0",2024-07-24,quarta-feira,16:30:00,SC,282,"514,1",XAXIM,Transitar no Acostamento,Queda de ocupante de veículo,Com Vítimas Feridas,Pleno dia,Decrescente,Céu Claro,Simples,Declive;Reta,Não,2,0,1,0,0,1,1,2,-26.916084,-52.49052,SPRF-SC,DEL07-SC,UOP01-DEL07-SC,2024
"616670,0",2024-07-24,quarta-feira,15:30:00,SC,282,"506,0",XANXERE,Ausência de sinalização,Colisão lateral mesmo sentido,Com Vítimas Feridas,Pleno dia,Crescente,Céu Claro,Simples,Reta;Aclive,Não,2,0,1,0,1,0,1,2,-26.88604788,-52.43869901,SPRF-SC,DEL07-SC,UOP01-DEL07-SC,2024
"616697,0",2024-07-25,quinta-feira,06:45:00,SC,101,"216,3",PALHOCA,Acessar a via sem observar a presença dos outros veículos,Colisão lateral mesmo sentido,Com Vítimas Feridas,Pleno dia,Crescente,Nublado,Dupla,Reta,Sim,2,0,0,1,0,1,1,2,-27.65981409,-48.67747798,SPRF-SC,DEL01-SC,UOP02-DEL01-SC,2024
"616786,0",2024-07-25,quinta-feira,12:40:00,SC,470,"58,0",BLUMENAU,Acesso irregular,Colisão transversal,Com Vítimas Feridas,Pleno dia,Decrescente,Céu Claro,Simples,Reta;Interseção de Vias;Em Obras,Sim,3,0,1,1,1,0,2,2,-26.883879,-49.145622,SPRF-SC,DEL04-SC,UOP01-DEL04-SC,2024