id,data_inversa,dia_semana,horario,uf,br,km,municipio,causa_acidente,tipo_acidente,classificacao_acidente,fase_dia,sentido_via,condicao_metereologica,tipo_pista,tracado_via,uso_solo,pessoas,mortos,feridos_leves,feridos_graves,ilesos,ignorados,feridos,veiculos,latitude,longitude,regional,delegacia,uop,ano_arquivo
"616789,0",2024-07-25,quinta-feira,14:35:00,SC,101,"123,1",ITAJAI,Condutor deixou de manter distância do veículo da frente,Engavetamento,Com Vítimas Feridas,Pleno dia,Crescente,Céu Claro,Múltipla,Reta,Não,5,0,2,0,2,1,2,4,-26.93668609,-48.69876905,SPRF-SC,DEL04-SC,UOP04-DEL04-SC,2024
"616856,0",2024-07-25,quinta-feira,12:30:00,SC,163,"109,2",GUARUJA DO SUL,Velocidade Incompatível,Tombamento,Sem Vítimas,Pleno dia,Crescente,Céu Claro,Simples,Curva;Declive,Não,2,0,0,0,1,3,0,4,-26.41337297,-53.52364405,SPRF-SC,DEL07-SC,UOP03-DEL07-SC,2024
"616873,0",2024-07-25,quinta-feira,18:40:00,SC,285,"50,0",TIMBE DO SUL,Demais falhas mecânicas ou elétricas,Colisão lateral mesmo sentido,Com Vítimas Feridas,Plena Noite,Decrescente,Ignorado,Simples,Declive;Curva,Não,2,0,1,0,1,0,1,2,-28.806,-49.938,SPRF-SC,DEL02-SC,UOP02-DEL02-SC,2024
"616955,0",2024-07-26,sexta-feira,07:55:00,SC,101,"199,5",SAO JOSE,Reação tardia ou ineficiente do condutor,Colisão lateral mesmo sentido,Com Vítimas Feridas,Pleno dia,Crescente,Nublado,Múltipla,Aclive;Reta,Sim,4,0,2,0,1,1,2,3,-27.53413705,-48.63003205,SPRF-SC,DEL01-SC,UOP01-DEL01-SC,2024
"616966,0",2024-07-26,sexta-feira,09:55:00,SC,470,"65,0",INDAIAL,Ultrapassagem Indevida,Colisão frontal,Com Vítimas Feridas,Pleno dia,Decrescente,Céu Claro,Simples,Reta;Em Obras,Sim,2,0,1,0,1,0,1,2,-26.87074581,-49.21505928,SPRF-SC,DEL04-SC,UOP01-DEL04-SC,2024
"617031,0",2024-07-26,sexta-feira,15:20:00,SC,470,"114,6",IBIRAMA,Entrada inopinada do pedestre,Atropelamento de Pedestre,Com Vítimas Fatais,Pleno dia,Decrescente,Céu Claro,Simples,Reta,Sim,3,1,0,0,2,0,0,2,-27.0822204,-49.4833052,SPRF-SC,DEL04-SC,UOP02-DEL04-SC,2024
"617127,0",2024-07-27,sábado,00:35:00,SC,101,"430,0",SOMBRIO,Ausência de reação do condutor,Colisão traseira,Com Vítimas Feridas,Plena Noite,Decrescente,Céu Claro,Múltipla,Reta,Não,2,0,1,0,1,0,1,2,-29.063184,-49.624157,SPRF-SC,DEL02-SC,UOP02-DEL02-SC,2024
"617146,0",2024-07-27,sábado,04:20:00,SC,282,"580,0",PINHALZINHO,Ingestão de álcool pelo condutor,Colisão traseira,Com Vítimas Feridas,Plena Noite,Crescente,Céu Claro,Múltipla,Reta,Sim,8,0,3,0,4,1,3,4,-26.832148,-52.994308,SPRF-SC,DEL07-SC,UOP02-DEL07-SC,2024
"617149,0",2024-07-27,sábado,06:17:00,SC,470,"134,0",RIO DO SUL,Condutor deixou de manter distância do veículo da frente,Colisão traseira,Sem Vítimas,Pleno dia,Crescente,Céu Claro,Simples,Interseção de Vias;Declive;Curva,Sim,5,0,0,0,5,0,0,2,-27.181854,-49.600128,SPRF-SC,DEL04-SC,UOP02-DEL04-SC,2024
"617153,0",2024-07-27,sábado,07:15:00,SC,101,"130,4",BALNEARIO CAMBORIU,Conversão proibida,Colisão transversal,Com Vítimas Feridas,Pleno dia,Decrescente,Céu Claro,Múltipla,Reta,Sim,2,0,1,0,1,0,1,2,-26.98407618,-48.66977107,SPRF-SC,DEL04-SC,UOP03-DEL04-SC,2024
"617163,0",2024-07-03,quarta-feira,07:55:00,SC,101,"331,5",TUBARAO,Ausência de reação do condutor,Colisão traseira,Com Vítimas Feridas,Pleno dia,Crescente,Céu Claro,Dupla,Viaduto;Aclive;Reta,Sim,6,0,1,1,3,3,2,7,-28.45567521,-48.9812689,SPRF-SC,DEL02-SC,UOP01-DEL02-SC,2024
"617172,0",2024-07-27,sábado,06:20:00,SC,101,"174,8",GOVERNADOR CELSO RAMOS,Frear bruscamente,Colisão traseira,Com Vítimas Feridas,Amanhecer,Crescente,Nevoeiro/Neblina,Dupla,Reta;Em Obras,Não,5,0,4,0,1,0,4,2,-27.33081601,-48.62697562,SPRF-SC,DEL01-SC,UOP01-DEL01-SC,2024
"617353,0",2024-07-28,domingo,00:43:00,SC,101,"337,3",TUBARAO,Reação tardia ou ineficiente do condutor,Colisão traseira,Com Vítimas Feridas,Plena Noite,Decrescente,Nublado,Múltipla,Curva,Sim,4,0,1,1,1,2,2,4,-28.49114247,-49.03916538,SPRF-SC,DEL02-SC,UOP01-DEL02-SC,2024
"617435,0",2024-07-28,domingo,10:30:00,SC,282,"457,3",PONTE SERRADA,Transtornos Mentais (exceto suicidio),Colisão traseira,Com Vítimas Feridas,Pleno dia,Crescente,Nublado,Simples,Declive;Reta,Não,4,0,1,0,2,4,1,7,-26.880604,-52.013371,SPRF-SC,DEL07-SC,UOP04-DEL07-SC,2024
"617536,0",2024-07-28,domingo,20:00:00,SC,101,"87,0",BARRA VELHA,Acessar a via sem observar a presença dos outros veículos,Colisão lateral mesmo sentido,Sem Vítimas,Plena Noite,Decrescente,Nevoeiro/Neblina,Múltipla,Curva,Não,2,0,0,0,2,0,0,2,-26.63713377,-48.69651057,SPRF-SC,DEL03-SC,UOP02-DEL03-SC,2024
"617577,0",2024-07-28,domingo,20:10:00,SC,282,"400,9",JOACABA,Ultrapassagem Indevida,Saída de leito carroçável,Com Vítimas Feridas,Plena Noite,Decrescente,Chuva,Simples,Declive;Curva,Não,2,0,1,0,0,1,1,2,-27.132223,-51.627563,SPRF-SC,DEL07-SC,UOP05-DEL07-SC,2024
"617721,0",2024-07-29,segunda-feira,14:50:00,SC,116,"211,2",PONTE ALTA,Reação tardia ou ineficiente do condutor,Tombamento,Com Vítimas Fatais,Pleno dia,Crescente,Nublado,Simples,Declive;Curva,Não,4,1,1,1,0,1,2,2,-27.5135354,-50.3652118,SPRF-SC,DEL05-SC,UOP03-DEL05-SC,2024
"617803,0",2024-07-29,segunda-feira,23:30:00,SC,101,"54,0",JOINVILLE,Ausência de reação do condutor,Colisão traseira,Com Vítimas Feridas,Plena Noite,Decrescente,Chuva,Múltipla,Reta,Não,3,0,1,0,1,1,1,3,-26.42110929,-48.83047342,SPRF-SC,DEL03-SC,UOP01-DEL03-SC,2024
"617841,0",2024-07-30,terça-feira,08:30:00,SC,101,"41,9",JOINVILLE,Manobra de mudança de faixa,Colisão lateral mesmo sentido,Com Vítimas Feridas,Pleno dia,Decrescente,Nublado,Dupla,Reta,Não,3,0,1,0,1,2,1,4,-26.29251598,-48.88474385,SPRF-SC,DEL03-SC,UOP01-DEL03-SC,2024
"617861,0",2024-07-30,terça-feira,10:30:00,SC,101,"127,3",ITAJAI,Reação tardia ou ineficiente do condutor,Colisão traseira,Com Vítimas Feridas,Pleno dia,Crescente,Nublado,Dupla,Curva,Não,3,0,0,2,0,1,2,2,-26.9639319,-48.68328024,SPRF-SC,DEL04-SC,UOP04-DEL04-SC,2024
"617888,0",2024-07-20,sábado,05:15:00,SC,280,"159,0",MAFRA,Transitar na contramão,Colisão frontal,Com Vítimas Feridas,Plena Noite,Decrescente,Nevoeiro/Neblina,Simples,Reta,Não,5,0,0,1,2,2,1,3,-26.20208315,-49.76143098,SPRF-SC,DEL06-SC,UOP03-DEL06-SC,2024
"617902,0",2024-07-30,terça-feira,14:00:00,SC,282,"488,2",FAXINAL DOS GUEDES,Reação tardia ou ineficiente do condutor,Tombamento,Com Vítimas Feridas,Pleno dia,Decrescente,Sol,Simples,Rotatória,Não,2,0,1,0,0,1,1,2,-26.863047,-52.270107,SPRF-SC,DEL07-SC,UOP01-DEL07-SC,2024
"617909,0",2024-07-30,terça-feira,14:30:00,SC,470,"133,0",RIO DO SUL,Condutor deixou de manter distância do veículo da frente,Engavetamento,Com Vítimas Feridas,Pleno dia,Crescente,Nublado,Dupla,Reta,Não,7,0,2,1,3,1,3,5,-27.174187,-49.588497,SPRF-SC,DEL04-SC,UOP02-DEL04-SC,2024
"617924,0",2024-07-30,terça-feira,15:12:00,SC,101,"1,0",GARUVA,Manobra de mudança de faixa,Colisão traseira,Sem Vítimas,Pleno dia,Crescente,Nublado,Múltipla,Reta,Sim,3,0,0,0,2,1,0,3,-25.98895627,-48.88356133,SPRF-SC,DEL03-SC,UOP01-DEL03-SC,2024
"617935,0",2024-07-30,terça-feira,18:10:00,SC,101,"106,0",PENHA,Reação tardia ou ineficiente do condutor,Colisão lateral mesmo sentido,Com Vítimas Feridas,Plena Noite,Decrescente,Nublado,Dupla,Curva,Não,3,0,1,0,1,2,1,4,-26.81031601,-48.68293896,SPRF-SC,DEL03-SC,UOP02-DEL03-SC,2024
"617942,0",2024-07-30,terça-feira,18:20:00,SC,282,"328,0",CAMPOS NOVOS,Condutor deixou de manter distância do veículo da frente,Colisão traseira,Com Vítimas Feridas,Plena Noite,Decrescente,Céu Claro,Simples,Reta,Não,6,0,1,0,4,1,1,3,-27.37558,-51.088852,SPRF-SC,DEL07-SC,UOP06-DEL07-SC,2024
"617978,0",2024-07-30,terça-feira,22:20:00,SC,101,"416,0",ARARANGUA,Condutor deixou de manter distância do veículo da frente,Colisão traseira,Com Vítimas Feridas,Plena Noite,Decrescente,Céu Claro,Múltipla,Aclive;Reta,Sim,6,0,2,0,4,0,2,2,-28.97051273,-49.52688217,SPRF-SC,DEL02-SC,UOP02-DEL02-SC,2024
"617987,0",2024-07-30,terça-feira,17:30:00,SC,280,"90,4",CORUPA,Carga excessiva e/ou mal acondicionada,Tombamento,Com Vítimas Feridas,Pleno dia,Crescente,Garoa/Chuvisco,Simples,Reta,Não,3,0,1,0,0,2,1,3,-26.407423,-49.283504,SPRF-SC,DEL06-SC,UOP03-DEL06-SC,2024
"618254,0",2024-08-01,quinta-feira,12:20:00,SC,282,"637,5",DESCANSO,Reação tardia ou ineficiente do condutor,Colisão traseira,Sem Vítimas,Pleno dia,Decrescente,Céu Claro,Simples,Reta,Não,2,0,0,0,2,0,0,2,-26.800833,-53.448235,SPRF-SC,DEL07-SC,UOP03-DEL07-SC,2024
"618289,0",2024-07-29,segunda-feira,02:30:00,SC,470,"170,0",POUSO REDONDO,Ingestão de álcool pelo condutor,Colisão frontal,Sem Vítimas,Plena Noite,Crescente,Garoa/Chuvisco,Simples,Declive;Reta,Sim,3,0,0,0,2,1,0,3,-27.265903,-49.892441,SPRF-SC,DEL04-SC,UOP02-DEL04-SC,2024
"618291,0",2024-08-01,quinta-feira,14:05:00,SC,282,"86,3",ALFREDO WAGNER,Velocidade Incompatível,Colisão frontal,Com Vítimas Fatais,Pleno dia,Decrescente,Céu Claro,Simples,Curva,Não,4,1,0,0,3,0,0,2,-27.6642202,-49.2008223,SPRF-SC,DEL01-SC,UOP03-DEL01-SC,2024
"618351,0",2024-08-01,quinta-feira,19:30:00,SC,101,"332,0",TUBARAO,Ausência de reação do condutor,Colisão transversal,Com Vítimas Feridas,Plena Noite,Crescente,Céu Claro,Dupla,Reta,Sim,3,0,0,1,2,0,1,2,-28.46016431,-48.98968873,SPRF-SC,DEL02-SC,UOP01-DEL02-SC,2024
"618388,0",2024-08-02,sexta-feira,00:15:00,SC,116,"23,8",ITAIOPOLIS,Ausência de reação do condutor,Colisão frontal,Sem Vítimas,Plena Noite,Crescente,Céu Claro,Simples,Reta,Não,3,0,0,0,1,2,0,3,-26.26545939,-49.91656109,SPRF-SC,DEL06-SC,UOP01-DEL06-SC,2024
"618409,0",2024-07-07,domingo,06:15:00,SC,101,"254,8",PAULO LOPES,Mal súbito do condutor,Saída de leito carroçável,Com Vítimas Fatais,Pleno dia,Decrescente,Chuva,Múltipla,Reta,Sim,2,1,0,0,0,2,0,3,-27.9831828,-48.6791603,SPRF-SC,DEL02-SC,UOP03-DEL02-SC,2024
"618429,0",2024-08-01,quinta-feira,23:00:00,SC,280,"233,0",CANOINHAS,Ausência de reação do condutor,Colisão frontal,Com Vítimas Fatais,Plena Noite,Decrescente,Garoa/Chuvisco,Simples,Reta;Aclive,Sim,4,2,0,0,1,1,0,3,-26.1910047,-50.3896921,SPRF-SC,DEL06-SC,UOP04-DEL06-SC,2024
"618465,0",2024-08-02,sexta-feira,10:55:00,SC,470,"51,0",BLUMENAU,Ausência de reação do condutor,Colisão traseira,Com Vítimas Feridas,Pleno dia,Crescente,Céu Claro,Simples,Reta,Sim,2,0,0,1,1,0,1,2,-26.862339,-49.084038,SPRF-SC,DEL04-SC,UOP01-DEL04-SC,2024
"618472,0",2024-08-02,sexta-feira,11:30:00,SC,101,"121,0",ITAJAI,Trafegar com motocicleta (ou similar) entre as faixas,Colisão lateral mesmo sentido,Com Vítimas Feridas,Pleno dia,Decrescente,Céu Claro,Dupla,Reta,Não,3,0,0,1,2,0,1,3,-26.92103178,-48.70856446,SPRF-SC,DEL04-SC,UOP04-DEL04-SC,2024
"618485,0",2024-08-02,sexta-feira,08:35:00,SC,116,"139,8",SANTA CECILIA,Transitar na contramão,Colisão frontal,Com Vítimas Feridas,Pleno dia,Decrescente,Céu Claro,Simples,Aclive;Reta,Sim,3,0,2,0,0,1,2,3,-26.96625517,-50.40928315,SPRF-SC,DEL06-SC,UOP02-DEL06-SC,2024
"618566,0",2024-08-02,sexta-feira,18:00:00,SC,470,"66,5",INDAIAL,Ausência de reação do condutor,Colisão transversal,Com Vítimas Feridas,Anoitecer,Crescente,Céu Claro,Simples,Rotatória;Em Obras,Sim,3,0,2,0,1,0,2,2,-26.87017851,-49.22745109,SPRF-SC,DEL04-SC,UOP01-DEL04-SC,2024
"618575,0",2024-08-02,sexta-feira,19:00:00,SC,101,"143,3",ITAPEMA,Demais falhas mecânicas ou elétricas,Colisão com objeto,Com Vítimas Fatais,Plena Noite,Decrescente,Nublado,Dupla,Reta,Sim,3,1,0,0,1,1,0,3,-27.0678433,-48.5955943,SPRF-SC,DEL04-SC,UOP03-DEL04-SC,2024
"618622,0",2024-08-02,sexta-feira,09:00:00,SC,282,"322,6",CAMPOS NOVOS,Reação tardia ou ineficiente do condutor,Tombamento,Sem Vítimas,Pleno dia,Decrescente,Céu Claro,Simples,Rotatória,Não,2,0,0,0,1,1,0,2,-27.37465625,-51.06676168,SPRF-SC,DEL07-SC,UOP06-DEL07-SC,2024
"618629,0",2024-08-02,sexta-feira,21:30:00,SC,101,"406,0",ARARANGUA,Reação tardia ou ineficiente do condutor,Saída de leito carroçável,Sem Vítimas,Plena Noite,Decrescente,Ignorado,Dupla,Reta,Não,2,0,0,0,1,1,0,2,-28.90089442,-49.47486877,SPRF-SC,DEL02-SC,UOP02-DEL02-SC,2024
"618631,0",2024-08-02,sexta-feira,22:00:00,SC,470,"122,6",IBIRAMA,Velocidade Incompatível,Saída de leito carroçável,Com Vítimas Feridas,Pleno dia,Decrescente,Nublado,Simples,Curva,Não,2,0,1,0,0,1,1,2,-27.099888,-49.527679,SPRF-SC,DEL04-SC,UOP02-DEL04-SC,2024
"618717,0",2024-08-03,sábado,09:10:00,SC,101,"243,1",PALHOCA,Ausência de reação do condutor,Colisão traseira,Com Vítimas Feridas,Pleno dia,Decrescente,Céu Claro,Dupla,Reta,Não,6,0,1,0,4,1,1,3,-27.88419902,-48.64750077,SPRF-SC,DEL01-SC,UOP02-DEL01-SC,2024
"618808,0",2024-08-03,sábado,18:20:00,SC,101,"90,0",BARRA VELHA,Ingestão de álcool pelo condutor,Colisão frontal,Com Vítimas Feridas,Plena Noite,Crescente,Nublado,Dupla,Reta,Sim,3,0,2,0,1,0,2,2,-26.66148503,-48.68866176,SPRF-SC,DEL03-SC,UOP02-DEL03-SC,2024
"618878,0",2024-08-03,sábado,19:00:00,SC,280,"259,1",CANOINHAS,Transitar na contramão,Colisão frontal,Com Vítimas Fatais,Plena Noite,Decrescente,Céu Claro,Simples,Reta;Aclive,Não,3,1,0,0,2,0,0,2,-26.262934,-50.6216445,SPRF-SC,DEL06-SC,UOP04-DEL06-SC,2024
"619084,0",2024-08-04,domingo,13:40:00,SC,101,"31,5",JOINVILLE,Manobra de mudança de faixa,Colisão lateral mesmo sentido,Com Vítimas Feridas,Pleno dia,Decrescente,Sol,Dupla,Reta,Não,4,0,3,0,0,1,3,2,-26.22195899,-48.91634925,SPRF-SC,DEL03-SC,UOP01-DEL03-SC,2024
"619148,0",2024-08-04,domingo,16:00:00,SC,470,"190,0",POUSO REDONDO,Velocidade Incompatível,Tombamento,Com Vítimas Feridas,Pleno dia,Decrescente,Céu Claro,Dupla,Declive;Curva,Não,2,0,1,0,0,1,1,2,-27.281504,-50.069775,SPRF-SC,DEL04-SC,UOP02-DEL04-SC,2024
"619160,0",2024-08-05,segunda-feira,00:20:00,SC,470,"153,6",AGRONOMICA,Ingestão de álcool pelo condutor,Colisão frontal,Com Vítimas Feridas,Plena Noite,Decrescente,Céu Claro,Simples,Reta;Interseção de Vias,Não,4,0,2,0,1,1,2,3,-27.272911,-49.734741,SPRF-SC,DEL04-SC,UOP02-DEL04-SC,2024
"619163,0",2024-08-05,segunda-feira,01:42:00,SC,101,"162,0",TIJUCAS,Acessar a via sem observar a presença dos outros veículos,Colisão transversal,Com Vítimas Feridas,Plena Noite,Decrescente,Nublado,Múltipla,Reta,Sim,3,0,1,0,1,1,1,3,-27.22554009,-48.6279367,SPRF-SC,DEL04-SC,UOP03-DEL04-SC,2024
"619181,0",2024-08-05,segunda-feira,06:40:00,SC,101,"201,0",SAO JOSE,Manobra de mudança de faixa,Colisão lateral mesmo sentido,Sem Vítimas,Pleno dia,Crescente,Céu Claro,Dupla,Reta,Não,3,0,0,0,2,2,0,4,-27.54836599,-48.61977975,SPRF-SC,DEL01-SC,UOP01-DEL01-SC,2024
"619215,0",2024-08-05,segunda-feira,07:40:00,SC,282,"23,8",SANTO AMARO DA IMPERATRIZ,Desrespeitar a preferência no cruzamento,Colisão transversal,Com Vítimas Feridas,Pleno dia,Crescente,Céu Claro,Simples,Reta,Sim,8,0,0,1,7,0,1,3,-27.68452951,-48.74358058,SPRF-SC,DEL01-SC,UOP03-DEL01-SC,2024
"619250,0",2024-08-05,segunda-feira,10:50:00,SC,470,"60,2",BLUMENAU,Acessar a via sem observar a presença dos outros veículos,Colisão transversal,Com Vítimas Feridas,Pleno dia,Crescente,Céu Claro,Simples,Reta;Retorno Regulamentado,Sim,5,0,1,2,1,2,3,4,-26.88138,-49.164543,SPRF-SC,DEL04-SC,UOP01-DEL04-SC,2024
"619329,0",2024-08-05,segunda-feira,18:15:00,SC,101,"132,6",BALNEARIO CAMBORIU,Reação tardia ou ineficiente do condutor,Engavetamento,Com Vítimas Feridas,Anoitecer,Crescente,Céu Claro,Dupla,Reta,Sim,5,0,1,0,3,1,1,5,-26.99654133,-48.65564711,SPRF-SC,DEL04-SC,UOP03-DEL04-SC,2024
"619352,0",2024-08-05,segunda-feira,19:12:00,SC,282,"602,1",CUNHA PORA,Acesso irregular,Colisão transversal,Com Vítimas Feridas,Plena Noite,Decrescente,Garoa/Chuvisco,Simples,Em Obras;Interseção de Vias,Não,5,0,3,0,2,0,3,2,-26.806049,-53.178757,SPRF-SC,DEL07-SC,UOP02-DEL07-SC,2024
"619354,0",2024-08-05,segunda-feira,20:00:00,SC,101,"50,8",JOINVILLE,Suicídio (presumido),Atropelamento de Pedestre,Com Vítimas Feridas,Plena Noite,Decrescente,Céu Claro,Dupla,Reta,Não,3,0,0,1,1,1,1,3,-26.37546719,-48.85479619,SPRF-SC,DEL03-SC,UOP01-DEL03-SC,2024
"619357,0",2024-08-05,segunda-feira,19:30:00,SC,470,"290,0",CAMPOS NOVOS,Reação tardia ou ineficiente do condutor,Colisão transversal,Com Vítimas Feridas,Plena Noite,Decrescente,Nublado,Simples,Interseção de Vias,Não,3,0,1,0,1,2,1,4,-27.335585,-50.962185,SPRF-SC,DEL07-SC,UOP06-DEL07-SC,2024
"619378,0",2024-08-05,segunda-feira,22:30:00,SC,101,"135,5",BALNEARIO CAMBORIU,Demais falhas mecânicas ou elétricas,Saída de leito carroçável,Sem Vítimas,Plena Noite,Decrescente,Nevoeiro/Neblina,Múltipla,Reta,Sim,2,0,0,0,1,3,0,4,-27.00584435,-48.62309039,SPRF-SC,DEL04-SC,UOP03-DEL04-SC,2024
"619392,0",2024-08-06,terça-feira,03:00:00,SC,470,"107,8",APIUNA,Ausência de reação do condutor,Tombamento,Com Vítimas Feridas,Plena Noite,Crescente,Nublado,Simples,Curva,Não,1,0,1,0,0,0,1,1,-27.077623,-49.43145,SPRF-SC,DEL04-SC,UOP02-DEL04-SC,2024
"619399,0",2024-07-10,quarta-feira,07:50:00,SC,470,"4,5",NAVEGANTES,Ausência de reação do condutor,Colisão traseira,Com Vítimas Feridas,Pleno dia,Crescente,Chuva,Dupla,Reta,Não,3,0,1,0,1,1,1,3,-26.858473,-48.690788,SPRF-SC,DEL04-SC,UOP04-DEL04-SC,2024
"619400,0",2024-08-06,terça-feira,07:40:00,SC,101,"204,1",FLORIANOPOLIS,Ausência de reação do condutor,Colisão traseira,Com Vítimas Feridas,Pleno dia,Decrescente,Céu Claro,Múltipla,Reta,Não,2,0,0,1,1,0,1,2,-27.57413014,-48.61363083,SPRF-SC,DEL01-SC,UOP01-DEL01-SC,2024
"619428,0",2024-08-06,terça-feira,07:30:00,SC,101,"42,0",JOINVILLE,Reação tardia ou ineficiente do condutor,Colisão traseira,Com Vítimas Feridas,Pleno dia,Decrescente,Céu Claro,Múltipla,Aclive;Reta,Sim,5,0,3,0,1,1,3,5,-26.31861067,-48.87168825,SPRF-SC,DEL03-SC,UOP01-DEL03-SC,2024
"619440,0",2024-08-06,terça-feira,09:21:00,SC,101,"103,1",BALNEARIO PICARRAS,Condutor deixou de manter distância do veículo da frente,Colisão traseira,Com Vítimas Feridas,Pleno dia,Crescente,Nublado,Dupla,Reta;Declive,Não,3,0,1,0,1,1,1,3,-26.78365972,-48.68304849,SPRF-SC,DEL03-SC,UOP02-DEL03-SC,2024
"619452,0",2024-08-06,terça-feira,12:40:00,SC,101,"215,7",PALHOCA,Manobra de mudança de faixa,Colisão transversal,Com Vítimas Feridas,Pleno dia,Decrescente,Nublado,Múltipla,Reta,Sim,2,0,0,1,1,0,1,2,-27.65184843,-48.67604941,SPRF-SC,DEL01-SC,UOP02-DEL01-SC,2024
"619482,0",2024-08-06,terça-feira,14:45:00,SC,282,"27,5",SANTO AMARO DA IMPERATRIZ,Ingestão de álcool pelo condutor,Saída de leito carroçável,Com Vítimas Feridas,Pleno dia,Decrescente,Nublado,Simples,Reta,Sim,2,0,1,0,0,1,1,2,-27.673981,-48.769676,SPRF-SC,DEL01-SC,UOP03-DEL01-SC,2024
"619492,0",2024-08-06,terça-feira,15:45:00,SC,470,"138,0",RIO DO SUL,Desrespeitar a preferência no cruzamento,Tombamento,Com Vítimas Feridas,Pleno dia,Crescente,Sol,Simples,Reta;Retorno Regulamentado,Sim,3,0,2,0,1,0,2,2,-27.207214,-49.648476,SPRF-SC,DEL04-SC,UOP02-DEL04-SC,2024
"619589,0",2024-08-07,quarta-feira,03:30:00,SC,282,"378,0",HERVAL DOESTE,Reação tardia ou ineficiente do condutor,Colisão com objeto,Sem Vítimas,Plena Noite,Crescente,Céu Claro,Simples,Rotatória,Sim,1,0,0,0,1,0,0,1,-27.214546,-51.47958,SPRF-SC,DEL07-SC,UOP05-DEL07-SC,2024
"619631,0",2024-03-04,segunda-feira,17:10:00,SC,101,"113,0",ITAJAI,Reação tardia ou ineficiente do condutor,Colisão lateral mesmo sentido,Com Vítimas Feridas,Pleno dia,Decrescente,Céu Claro,Dupla,Reta,Sim,4,0,1,0,1,2,1,4,-26.85311393,-48.72689927,SPRF-SC,DEL04-SC,UOP04-DEL04-SC,2024
"619681,0",2024-08-07,quarta-feira,11:45:00,SC,163,"112,7",GUARUJA DO SUL,Acessar a via sem observar a presença dos outros veículos,Colisão lateral mesmo sentido,Com Vítimas Feridas,Pleno dia,Crescente,Nublado,Simples,Interseção de Vias;Rotatória;Aclive,Sim,3,0,1,0,1,2,1,4,-26.39002442,-53.51715088,SPRF-SC,DEL07-SC,UOP03-DEL07-SC,2024
"619715,0",2024-08-07,quarta-feira,18:30:00,SC,101,"104,0",PENHA,Ultrapassagem Indevida,Colisão lateral mesmo sentido,Com Vítimas Feridas,Plena Noite,Crescente,Nublado,Dupla,Declive,Não,2,0,1,0,0,1,1,2,-26.79281742,-48.68080819,SPRF-SC,DEL03-SC,UOP02-DEL03-SC,2024
"619730,0",2024-08-07,quarta-feira,19:45:00,SC,101,"202,0",SAO JOSE,Reação tardia ou ineficiente do condutor,Saída de leito carroçável,Com Vítimas Feridas,Plena Noite,Decrescente,Céu Claro,Múltipla,Reta,Sim,3,0,1,0,1,1,1,3,-27.55711595,-48.61897889,SPRF-SC,DEL01-SC,UOP01-DEL01-SC,2024
"619744,0",2024-08-07,quarta-feira,20:30:00,SC,470,"140,0",RIO DO SUL,Acessar a via sem observar a presença dos outros veículos,Colisão transversal,Com Vítimas Feridas,Plena Noite,Decrescente,Nublado,Simples,Interseção de Vias,Sim,5,0,2,0,2,1,2,3,-27.222485,-49.662827,SPRF-SC,DEL04-SC,UOP02-DEL04-SC,2024
"619803,0",2024-08-08,quinta-feira,06:10:00,SC,282,"37,2",AGUAS MORNAS,Velocidade Incompatível,Tombamento,Com Vítimas Feridas,Amanhecer,Decrescente,Nevoeiro/Neblina,Simples,Declive;Curva,Não,2,0,1,0,0,2,1,3,-27.707325,-48.842983,SPRF-SC,DEL01-SC,UOP03-DEL01-SC,2024
"619804,0",2024-08-08,quinta-feira,06:00:00,SC,282,"90,4",ALFREDO WAGNER,Transitar na contramão,Tombamento,Com Vítimas Fatais,Amanhecer,Crescente,Céu Claro,Simples,Reta,Não,6,1,1,1,0,3,2,4,-27.6871154,-49.2261268,SPRF-SC,DEL01-SC,UOP03-DEL01-SC,2024
"619822,0",2024-08-08,quinta-feira,06:30:00,SC,101,"186,0",BIGUACU,Reação tardia ou ineficiente do condutor,Colisão traseira,Com Vítimas Feridas,Amanhecer,Decrescente,Céu Claro,Múltipla,Aclive;Curva,Não,2,0,1,0,0,1,1,2,-27.4341098,-48.62567129,SPRF-SC,DEL01-SC,UOP01-DEL01-SC,2024
"619881,0",2024-08-08,quinta-feira,15:40:00,SC,282,"507,5",XANXERE,Problema com o freio,Colisão lateral mesmo sentido,Sem Vítimas,Pleno dia,Decrescente,Nublado,Simples,Curva,Não,2,0,0,0,2,0,0,2,-26.886171,-52.43911,SPRF-SC,DEL07-SC,UOP01-DEL07-SC,2024
"619923,0",2024-08-08,quinta-feira,16:00:00,SC,470,"261,0",CURITIBANOS,Reação tardia ou ineficiente do condutor,Colisão lateral sentido oposto,Com Vítimas Feridas,Pleno dia,Crescente,Chuva,Simples,Curva;Aclive,Não,7,0,0,4,3,0,4,3,-27.30013427,-50.67894459,SPRF-SC,DEL05-SC,UOP03-DEL05-SC,2024
"619999,0",2024-08-09,sexta-feira,05:40:00,SC,101,"296,0",IMBITUBA,Animais na Pista,Atropelamento de Animal,Sem Vítimas,Plena Noite,Decrescente,Nublado,Dupla,Curva,Não,7,0,0,0,6,2,0,5,-28.329791,-48.732203,SPRF-SC,DEL02-SC,UOP03-DEL02-SC,2024