id,data_inversa,dia_semana,horario,uf,br,km,municipio,causa_acidente,tipo_acidente,classificacao_acidente,fase_dia,sentido_via,condicao_metereologica,tipo_pista,tracado_via,uso_solo,pessoas,mortos,feridos_leves,feridos_graves,ilesos,ignorados,feridos,veiculos,latitude,longitude,regional,delegacia,uop,ano_arquivo
"620004,0",2024-08-09,sexta-feira,07:20:00,SC,101,"124,0",ITAJAI,Ausência de reação do condutor,Colisão lateral mesmo sentido,Com Vítimas Feridas,Pleno dia,Decrescente,Céu Claro,Múltipla,Reta,Sim,3,0,1,0,2,0,1,3,-26.94335064,-48.69198648,SPRF-SC,DEL04-SC,UOP04-DEL04-SC,2024
"620079,0",2024-08-09,sexta-feira,14:25:00,SC,470,"135,7",RIO DO SUL,Ausência de reação do condutor,Colisão transversal,Com Vítimas Feridas,Pleno dia,Decrescente,Céu Claro,Simples,Interseção de Vias;Declive;Reta,Sim,3,0,0,1,2,0,1,3,-27.1831023,-49.60198402,SPRF-SC,DEL04-SC,UOP02-DEL04-SC,2024
"620108,0",2024-07-16,terça-feira,09:28:00,SC,101,"197,1",BIGUACU,Acessar a via sem observar a presença dos outros veículos,Colisão lateral mesmo sentido,Com Vítimas Feridas,Pleno dia,Decrescente,Chuva,Dupla,Interseção de Vias;Reta,Sim,2,0,1,0,1,0,1,2,-27.51844497,-48.63848496,SPRF-SC,DEL01-SC,UOP01-DEL01-SC,2024
"620116,0",2024-08-09,sexta-feira,11:15:00,SC,116,"308,7",CAPAO ALTO,Curva acentuada,Tombamento,Com Vítimas Feridas,Pleno dia,Decrescente,Céu Claro,Simples,Curva,Não,2,0,1,0,0,1,1,2,-28.19697819,-50.75885832,SPRF-SC,DEL05-SC,UOP02-DEL05-SC,2024
"620139,0",2024-08-09,sexta-feira,19:00:00,SC,101,"210,6",SAO JOSE,Frear bruscamente,Engavetamento,Com Vítimas Feridas,Plena Noite,Crescente,Céu Claro,Múltipla,Reta,Não,10,0,0,2,8,0,2,6,-27.6167305,-48.6457265,SPRF-SC,DEL01-SC,UOP01-DEL01-SC,2024
"620183,0",2024-08-09,sexta-feira,17:50:00,SC,470,"116,4",IBIRAMA,Velocidade Incompatível,Derramamento de carga,Com Vítimas Feridas,Anoitecer,Decrescente,Céu Claro,Simples,Declive;Curva,Sim,3,0,1,0,1,2,1,4,-27.07756,-49.49448,SPRF-SC,DEL04-SC,UOP02-DEL04-SC,2024
"620322,0",2024-08-10,sábado,10:40:00,SC,470,"132,0",LONTRAS,Condutor deixou de manter distância do veículo da frente,Colisão traseira,Com Vítimas Feridas,Pleno dia,Crescente,Céu Claro,Simples,Reta,Não,4,0,1,0,3,0,1,2,-27.170237,-49.574718,SPRF-SC,DEL04-SC,UOP02-DEL04-SC,2024
"620392,0",2024-08-10,sábado,16:55:00,SC,101,"368,2",ICARA,Reação tardia ou ineficiente do condutor,Tombamento,Com Vítimas Feridas,Pleno dia,Decrescente,Céu Claro,Múltipla,Rotatória,Sim,1,0,1,0,0,0,1,1,-28.69885072,-49.18959975,SPRF-SC,DEL02-SC,UOP01-DEL02-SC,2024
"620483,0",2024-08-11,domingo,06:10:00,SC,116,"225,5",CORREIA PINTO,Ausência de reação do condutor,Saída de leito carroçável,Com Vítimas Feridas,Pleno dia,Crescente,Nevoeiro/Neblina,Simples,Reta;Rotatória,Não,2,0,1,0,0,1,1,2,-27.61850811,-50.34537224,SPRF-SC,DEL05-SC,UOP03-DEL05-SC,2024
"620599,0",2024-08-11,domingo,18:45:00,SC,101,"240,0",PALHOCA,Ingestão de álcool pelo condutor,Colisão traseira,Com Vítimas Feridas,Plena Noite,Decrescente,Céu Claro,Dupla,Reta,Não,3,0,1,0,2,0,1,3,-27.85825092,-48.64383119,SPRF-SC,DEL01-SC,UOP02-DEL01-SC,2024
"620699,0",2024-08-12,segunda-feira,02:45:00,SC,116,"254,7",LAGES,Acessar a via sem observar a presença dos outros veículos,Colisão transversal,Com Vítimas Fatais,Plena Noite,Crescente,Céu Claro,Simples,Reta;Interseção de Vias,Sim,7,1,3,1,1,1,4,3,-27.86721884,-50.39576317,SPRF-SC,DEL05-SC,UOP02-DEL05-SC,2024
"620734,0",2024-08-12,segunda-feira,04:20:00,SC,282,"351,0",CAMPOS NOVOS,Transitar na contramão,Colisão frontal,Com Vítimas Feridas,Plena Noite,Crescente,Céu Claro,Simples,Reta,Não,4,0,0,1,1,2,1,4,-27.361374,-51.301975,SPRF-SC,DEL07-SC,UOP06-DEL07-SC,2024
"620744,0",2024-08-12,segunda-feira,08:20:00,SC,280,"28,7",ARAQUARI,Acessar a via sem observar a presença dos outros veículos,Colisão lateral mesmo sentido,Sem Vítimas,Pleno dia,Decrescente,Céu Claro,Simples,Reta,Não,2,0,0,0,2,0,0,2,-26.40450077,-48.74561031,SPRF-SC,DEL03-SC,UOP03-DEL03-SC,2024
"620758,0",2024-08-12,segunda-feira,05:30:00,SC,153,"0,5",AGUA DOCE,Reação tardia ou ineficiente do condutor,Tombamento,Com Vítimas Feridas,Amanhecer,Crescente,Céu Claro,Simples,Curva,Não,2,0,1,0,0,1,1,2,-26.61304728,-51.49641752,SPRF-SC,DEL07-SC,UOP07-DEL07-SC,2024
"620772,0",2024-08-12,segunda-feira,11:00:00,SC,101,"0,0",BIGUACU,Condutor deixou de manter distância do veículo da frente,Colisão traseira,Com Vítimas Feridas,Pleno dia,Crescente,Céu Claro,Dupla,Curva,Não,3,0,1,0,1,1,1,2,-27.4946,-48.6561,SPRF-SC,DEL01-SC,UOP01-DEL01-SC,2024
"620778,0",2024-08-12,segunda-feira,11:10:00,SC,101,"283,3",IMBITUBA,Reação tardia ou ineficiente do condutor,Colisão traseira,Com Vítimas Feridas,Pleno dia,Crescente,Céu Claro,Dupla,Reta,Não,3,0,1,0,1,3,1,5,-28.22221893,-48.70070815,SPRF-SC,DEL02-SC,UOP03-DEL02-SC,2024
"620793,0",2024-08-12,segunda-feira,11:55:00,SC,470,"53,9",BLUMENAU,Demais falhas na via,Colisão lateral mesmo sentido,Sem Vítimas,Pleno dia,Crescente,Céu Claro,Simples,Em Obras;Curva,Sim,3,0,0,0,2,1,0,3,-26.87115449,-49.10897791,SPRF-SC,DEL04-SC,UOP01-DEL04-SC,2024
"620821,0",2024-08-12,segunda-feira,13:30:00,SC,101,"194,0",BIGUACU,Trafegar com motocicleta (ou similar) entre as faixas,Colisão traseira,Com Vítimas Feridas,Pleno dia,Decrescente,Céu Claro,Dupla,Reta,Não,2,0,0,1,1,0,1,2,-27.49815117,-48.65661236,SPRF-SC,DEL01-SC,UOP01-DEL01-SC,2024
"620878,0",2024-07-20,sábado,01:55:00,SC,282,"342,0",CAMPOS NOVOS,Condutor Dormindo,Colisão frontal,Com Vítimas Feridas,Plena Noite,Decrescente,Céu Claro,Simples,Reta,Sim,2,0,1,0,1,0,1,2,-27.390287,-51.223286,SPRF-SC,DEL07-SC,UOP06-DEL07-SC,2024
"620914,0",2024-08-13,terça-feira,07:10:00,SC,280,"119,0",SAO BENTO DO SUL,Demais Fenômenos da natureza,Colisão traseira,Com Vítimas Feridas,Pleno dia,Crescente,Céu Claro,Simples,Reta;Em Obras,Não,3,0,1,0,2,0,1,2,-26.2470816,-49.45864677,SPRF-SC,DEL06-SC,UOP03-DEL06-SC,2024
"620975,0",2024-08-13,terça-feira,11:30:00,SC,101,"98,0",BALNEARIO PICARRAS,Trafegar com motocicleta (ou similar) entre as faixas,Colisão traseira,Com Vítimas Feridas,Pleno dia,Decrescente,Céu Claro,Dupla,Reta,Não,3,0,1,0,1,1,1,3,-26.73760897,-48.69918789,SPRF-SC,DEL03-SC,UOP02-DEL03-SC,2024
"620997,0",2024-08-10,sábado,04:00:00,SC,282,"104,0",ALFREDO WAGNER,Reação tardia ou ineficiente do condutor,Colisão frontal,Sem Vítimas,Plena Noite,Crescente,Céu Claro,Simples,Curva,Não,2,0,0,0,2,0,0,2,-27.696043,-49.334038,SPRF-SC,DEL01-SC,UOP03-DEL01-SC,2024
"621038,0",2024-08-13,terça-feira,17:45:00,SC,116,"16,8",MAFRA,Demais falhas mecânicas ou elétricas,Colisão com objeto,Com Vítimas Feridas,Anoitecer,Crescente,Ignorado,Simples,Reta;Declive,Não,4,0,1,0,2,1,1,4,-26.21694921,-49.88854051,SPRF-SC,DEL06-SC,UOP01-DEL06-SC,2024
"621048,0",2024-08-13,terça-feira,19:10:00,SC,101,"433,5",SOMBRIO,Reação tardia ou ineficiente do condutor,Colisão traseira,Com Vítimas Feridas,Plena Noite,Decrescente,Ignorado,Dupla,Reta,Sim,3,0,1,0,1,1,1,3,-29.08200809,-49.6297237,SPRF-SC,DEL02-SC,UOP02-DEL02-SC,2024
"621074,0",2024-08-13,terça-feira,20:55:00,SC,282,"513,0",XANXERE,Ultrapassagem Indevida,Colisão lateral mesmo sentido,Sem Vítimas,Plena Noite,Decrescente,Céu Claro,Simples,Aclive;Curva,Não,4,0,0,0,3,2,0,5,-26.914485,-52.478322,SPRF-SC,DEL07-SC,UOP01-DEL07-SC,2024
"621153,0",2024-07-19,sexta-feira,09:00:00,SC,470,"184,7",POUSO REDONDO,Ultrapassagem Indevida,Colisão frontal,Com Vítimas Feridas,Pleno dia,Decrescente,Céu Claro,Simples,Reta,Não,4,0,0,1,2,1,1,4,-27.253036,-50.026642,SPRF-SC,DEL04-SC,UOP02-DEL04-SC,2024
"621175,0",2024-08-14,quarta-feira,07:45:00,SC,470,"356,0",CAMPOS NOVOS,Condutor Dormindo,Tombamento,Com Vítimas Feridas,Pleno dia,Decrescente,Céu Claro,Simples,Curva;Aclive,Não,2,0,0,1,0,1,1,2,-27.59919429,-51.47358656,SPRF-SC,DEL07-SC,UOP06-DEL07-SC,2024
"621189,0",2024-08-14,quarta-feira,13:20:00,SC,101,"105,0",PENHA,Velocidade Incompatível,Tombamento,Com Vítimas Feridas,Pleno dia,Crescente,Sol,Simples,Curva;Interseção de Vias,Não,2,0,1,0,0,2,1,3,-26.79281742,-48.68080819,SPRF-SC,DEL03-SC,UOP02-DEL03-SC,2024
"621245,0",2024-08-14,quarta-feira,19:10:00,SC,282,"23,4",SANTO AMARO DA IMPERATRIZ,Condutor deixou de manter distância do veículo da frente,Colisão lateral sentido oposto,Com Vítimas Feridas,Plena Noite,Crescente,Céu Claro,Simples,Reta,Sim,2,0,0,1,1,0,1,2,-27.687958,-48.736794,SPRF-SC,DEL01-SC,UOP02-DEL01-SC,2024
"621352,0",2024-08-15,quinta-feira,11:20:00,SC,470,"47,0",BLUMENAU,Acesso irregular,Colisão lateral mesmo sentido,Com Vítimas Feridas,Pleno dia,Crescente,Céu Claro,Simples,Aclive;Em Obras,Sim,2,0,0,1,1,0,1,2,-26.864044,-49.046516,SPRF-SC,DEL04-SC,UOP01-DEL04-SC,2024
"621366,0",2024-08-15,quinta-feira,11:30:00,SC,282,"548,6",CHAPECO,Acessar a via sem observar a presença dos outros veículos,Colisão transversal,Com Vítimas Feridas,Pleno dia,Crescente,Céu Claro,Simples,Reta,Não,3,0,1,0,2,0,1,3,-26.968346,-52.753883,SPRF-SC,DEL07-SC,UOP01-DEL07-SC,2024
"621368,0",2024-08-15,quinta-feira,10:40:00,SC,470,"281,0",BRUNOPOLIS,Ausência de reação do condutor,Colisão frontal,Com Vítimas Feridas,Pleno dia,Crescente,Céu Claro,Simples,Curva,Não,4,0,1,0,2,1,1,4,-27.334003,-50.872852,SPRF-SC,DEL07-SC,UOP06-DEL07-SC,2024
"621409,0",2024-08-15,quinta-feira,17:11:00,SC,116,"164,9",PONTE ALTA DO NORTE,Velocidade Incompatível,Tombamento,Com Vítimas Feridas,Pleno dia,Crescente,Céu Claro,Simples,Curva,Não,2,0,1,0,0,1,1,2,-27.14300811,-50.46031773,SPRF-SC,DEL05-SC,UOP03-DEL05-SC,2024
"621467,0",2024-08-15,quinta-feira,23:00:00,SC,101,"203,1",SAO JOSE,Reação tardia ou ineficiente do condutor,Tombamento,Com Vítimas Feridas,Plena Noite,Decrescente,Céu Claro,Múltipla,Interseção de Vias;Rotatória,Sim,5,0,1,0,3,1,1,3,-27.5650044,-48.61460082,SPRF-SC,DEL01-SC,UOP01-DEL01-SC,2024
"621470,0",2024-08-14,quarta-feira,22:30:00,SC,282,"434,0",VARGEM BONITA,Ausência de reação do condutor,Saída de leito carroçável,Sem Vítimas,Plena Noite,Crescente,Céu Claro,Simples,Curva,Não,2,0,0,0,0,2,0,2,-26.972441,-51.831917,SPRF-SC,DEL07-SC,UOP04-DEL07-SC,2024
"621507,0",2024-08-16,sexta-feira,07:20:00,SC,282,"529,6",CORDILHEIRA ALTA,Manobra de mudança de faixa,Colisão traseira,Sem Vítimas,Pleno dia,Crescente,Céu Claro,Simples,Curva,Não,20,0,0,0,20,0,0,2,-26.982185,-52.59734,SPRF-SC,DEL07-SC,UOP01-DEL07-SC,2024
"621557,0",2024-08-16,sexta-feira,11:50:00,SC,282,"364,9",ERVAL VELHO,Reação tardia ou ineficiente do condutor,Colisão traseira,Com Vítimas Feridas,Pleno dia,Decrescente,Céu Claro,Simples,Aclive;Curva,Não,4,0,1,0,2,2,1,4,-27.297198,-51.399118,SPRF-SC,DEL07-SC,UOP05-DEL07-SC,2024
"621578,0",2024-01-16,terça-feira,11:50:00,SC,282,"447,6",PONTE SERRADA,Ultrapassagem Indevida,Colisão frontal,Com Vítimas Fatais,Pleno dia,Decrescente,Céu Claro,Simples,Reta,Não,4,2,0,0,1,1,0,3,-26.9098174,-51.9144984,SPRF-SC,DEL07-SC,UOP04-DEL07-SC,2024
"621656,0",2024-08-16,sexta-feira,19:00:00,SC,470,"175,0",POUSO REDONDO,Ultrapassagem Indevida,Colisão lateral sentido oposto,Sem Vítimas,Plena Noite,Crescente,Céu Claro,Simples,Reta,Sim,5,0,0,0,4,1,0,5,-27.25617,-49.938969,SPRF-SC,DEL04-SC,UOP02-DEL04-SC,2024
"621767,0",2024-08-17,sábado,08:50:00,SC,101,"136,2",BALNEARIO CAMBORIU,Pedestre cruzava a pista fora da faixa,Atropelamento de Pedestre,Com Vítimas Feridas,Pleno dia,Crescente,Céu Claro,Simples,Reta,Sim,2,0,0,1,1,0,1,2,-27.008113,-48.617245,SPRF-SC,DEL04-SC,UOP03-DEL04-SC,2024
"621840,0",2024-08-17,sábado,15:30:00,SC,101,"202,0",SAO JOSE,Estacionar ou parar em local proibido,Colisão lateral mesmo sentido,Com Vítimas Feridas,Pleno dia,Decrescente,Sol,Simples,Reta,Sim,4,0,1,0,3,0,1,4,-27.55711595,-48.61897889,SPRF-SC,DEL01-SC,UOP01-DEL01-SC,2024
"622196,0",2024-08-18,domingo,20:00:00,SC,470,"80,0",RODEIO,Ausência de reação do condutor,Tombamento,Sem Vítimas,Plena Noite,Crescente,Céu Claro,Simples,Ponte;Curva,Sim,2,0,0,0,1,1,0,2,-26.948805,-49.316097,SPRF-SC,DEL04-SC,UOP01-DEL04-SC,2024
"622210,0",2024-08-18,domingo,23:25:00,SC,282,"385,2",JOACABA,Condutor Dormindo,Colisão traseira,Com Vítimas Feridas,Plena Noite,Crescente,Céu Claro,Simples,Aclive;Curva,Não,2,0,1,0,1,0,1,2,-27.194431,-51.515869,SPRF-SC,DEL07-SC,UOP05-DEL07-SC,2024
"622241,0",2024-08-19,segunda-feira,00:10:00,SC,101,"57,0",ARAQUARI,Reação tardia ou ineficiente do condutor,Tombamento,Com Vítimas Feridas,Plena Noite,Decrescente,Nevoeiro/Neblina,Múltipla,Curva,Não,2,0,1,0,0,1,1,2,-26.43813944,-48.80385518,SPRF-SC,DEL03-SC,UOP01-DEL03-SC,2024
"622252,0",2024-08-19,segunda-feira,07:35:00,SC,280,"42,9",GUARAMIRIM,Acessar a via sem observar a presença dos outros veículos,Colisão transversal,Com Vítimas Fatais,Pleno dia,Decrescente,Nevoeiro/Neblina,Simples,Reta;Em Obras,Não,5,1,0,0,1,3,0,4,-26.4511979,-48.8775431,SPRF-SC,DEL03-SC,UOP03-DEL03-SC,2024
"622282,0",2024-08-19,segunda-feira,10:15:00,SC,101,"234,7",PALHOCA,Manobra de mudança de faixa,Colisão lateral mesmo sentido,Com Vítimas Feridas,Pleno dia,Crescente,Céu Claro,Dupla,Aclive;Reta,Não,2,0,1,0,1,0,1,2,-27.81043812,-48.63537111,SPRF-SC,DEL01-SC,UOP02-DEL01-SC,2024
"622304,0",2024-08-19,segunda-feira,12:00:00,SC,280,"8,0",SAO FRANCISCO DO SUL,Condutor deixou de manter distância do veículo da frente,Colisão traseira,Com Vítimas Feridas,Pleno dia,Decrescente,Céu Claro,Simples,Reta,Sim,3,0,1,0,2,0,1,2,-26.27887292,-48.64668626,SPRF-SC,DEL03-SC,UOP03-DEL03-SC,2024
"622308,0",2024-08-19,segunda-feira,12:40:00,SC,101,"430,2",SOMBRIO,Ingestão de álcool pelo condutor,Colisão traseira,Com Vítimas Feridas,Pleno dia,Decrescente,Céu Claro,Dupla,Reta,Não,3,0,1,0,1,2,1,4,-29.05466912,-49.62163925,SPRF-SC,DEL02-SC,UOP02-DEL02-SC,2024
"622339,0",2024-08-19,segunda-feira,16:30:00,SC,280,"25,0",ARAQUARI,Transitar no Acostamento,Colisão transversal,Com Vítimas Feridas,Pleno dia,Crescente,Céu Claro,Simples,Interseção de Vias,Sim,2,0,1,0,1,0,1,2,-26.38352781,-48.72677516,SPRF-SC,DEL03-SC,UOP03-DEL03-SC,2024
"622354,0",2024-08-19,segunda-feira,15:30:00,SC,282,"539,7",CHAPECO,Carga excessiva e/ou mal acondicionada,Incêndio,Sem Vítimas,Pleno dia,Crescente,Céu Claro,Simples,Curva,Não,1,0,0,0,1,0,0,1,-26.991587,-52.685516,SPRF-SC,DEL07-SC,UOP01-DEL07-SC,2024
"622411,0",2024-08-19,segunda-feira,22:30:00,SC,101,"358,3",SANGAO,Manobra de mudança de faixa,Colisão lateral mesmo sentido,Sem Vítimas,Plena Noite,Crescente,Céu Claro,Dupla,Reta,Não,5,0,0,0,5,0,0,2,-28.635168,-49.09467,SPRF-SC,DEL02-SC,UOP01-DEL02-SC,2024
"622451,0",2024-08-20,terça-feira,08:10:00,SC,101,"212,5",PALHOCA,Reação tardia ou ineficiente do condutor,Colisão lateral mesmo sentido,Com Vítimas Feridas,Pleno dia,Decrescente,Garoa/Chuvisco,Múltipla,Reta,Sim,4,0,3,0,0,1,3,3,-27.62996929,-48.65903871,SPRF-SC,DEL01-SC,UOP02-DEL01-SC,2024
"622502,0",2024-08-20,terça-feira,09:50:00,SC,470,"284,1",BRUNOPOLIS,Ausência de reação do condutor,Colisão frontal,Com Vítimas Feridas,Pleno dia,Crescente,Céu Claro,Simples,Curva,Não,3,0,1,0,1,1,1,3,-27.33067642,-50.90730786,SPRF-SC,DEL07-SC,UOP06-DEL07-SC,2024
"622509,0",2024-08-20,terça-feira,13:30:00,SC,280,"24,6",ARAQUARI,Acessar a via sem observar a presença dos outros veículos,Colisão transversal,Sem Vítimas,Pleno dia,Crescente,Nublado,Simples,Reta,Sim,2,0,0,0,2,0,0,2,-26.37724921,-48.71953282,SPRF-SC,DEL03-SC,UOP03-DEL03-SC,2024
"622512,0",2024-08-20,terça-feira,14:05:00,SC,101,"213,8",PALHOCA,Condutor deixou de manter distância do veículo da frente,Colisão traseira,Com Vítimas Feridas,Pleno dia,Crescente,Nublado,Múltipla,Reta,Sim,2,0,0,1,1,0,1,2,-27.63697369,-48.66514142,SPRF-SC,DEL01-SC,UOP02-DEL01-SC,2024
"622513,0",2024-08-10,sábado,16:20:00,SC,470,"242,0",CURITIBANOS,Reação tardia ou ineficiente do condutor,Colisão frontal,Sem Vítimas,Pleno dia,Crescente,Céu Claro,Simples,Aclive;Reta,Não,5,0,0,0,4,1,0,4,-27.311794,-50.498703,SPRF-SC,DEL05-SC,UOP03-DEL05-SC,2024
"622523,0",2024-08-20,terça-feira,12:25:00,SC,116,"154,0",SANTA CECILIA,Velocidade Incompatível,Colisão frontal,Com Vítimas Feridas,Pleno dia,Crescente,Nublado,Simples,Curva,Não,5,0,3,0,2,0,3,3,-27.0659161,-50.4277677,SPRF-SC,DEL06-SC,UOP02-DEL06-SC,2024
"622586,0",2024-08-20,terça-feira,15:00:00,SC,282,"366,5",ERVAL VELHO,Ultrapassagem Indevida,Colisão frontal,Com Vítimas Feridas,Pleno dia,Decrescente,Nublado,Simples,Reta;Declive,Não,5,0,2,2,1,0,4,3,-27.295325,-51.404048,SPRF-SC,DEL07-SC,UOP05-DEL07-SC,2024
"622625,0",2024-08-21,quarta-feira,05:45:00,SC,282,"246,5",SAO JOSE DO CERRITO,Velocidade Incompatível,Saída de leito carroçável,Com Vítimas Feridas,Amanhecer,Crescente,Nublado,Simples,Declive;Curva,Não,2,0,0,1,0,3,1,4,-27.727213,-50.529724,SPRF-SC,DEL05-SC,UOP02-DEL05-SC,2024
"622634,0",2024-08-21,quarta-feira,06:50:00,SC,470,"145,0",RIO DO SUL,Ausência de reação do condutor,Colisão frontal,Com Vítimas Feridas,Amanhecer,Decrescente,Garoa/Chuvisco,Simples,Reta,Não,2,0,1,0,1,0,1,2,-27.237301,-49.682217,SPRF-SC,DEL04-SC,UOP02-DEL04-SC,2024
"622649,0",2024-08-21,quarta-feira,08:25:00,SC,101,"210,6",SAO JOSE,Reação tardia ou ineficiente do condutor,Colisão traseira,Com Vítimas Feridas,Pleno dia,Decrescente,Nublado,Múltipla,Reta,Sim,3,0,0,1,2,0,1,2,-27.6167305,-48.6457265,SPRF-SC,DEL01-SC,UOP01-DEL01-SC,2024
"622695,0",2024-08-21,quarta-feira,13:37:00,SC,470,"9,5",ILHOTA,Ausência de reação do condutor,Colisão traseira,Com Vítimas Feridas,Pleno dia,Crescente,Nublado,Dupla,Reta,Não,4,0,2,0,2,0,2,2,-26.833143,-48.727432,SPRF-SC,DEL04-SC,UOP04-DEL04-SC,2024
"622710,0",2024-08-21,quarta-feira,15:50:00,SC,282,"535,0",CHAPECO,Desrespeitar a preferência no cruzamento,Colisão lateral mesmo sentido,Com Vítimas Feridas,Pleno dia,Decrescente,Céu Claro,Dupla,Interseção de Vias;Reta,Não,5,0,1,0,3,1,1,3,-26.99949985,-52.64598012,SPRF-SC,DEL07-SC,UOP01-DEL07-SC,2024
"622821,0",2024-08-22,quinta-feira,07:00:00,SC,282,"401,9",JOACABA,Transitar na contramão,Colisão lateral sentido oposto,Sem Vítimas,Pleno dia,Decrescente,Céu Claro,Simples,Reta,Não,3,0,0,0,1,2,0,3,-27.123957,-51.630913,SPRF-SC,DEL07-SC,UOP05-DEL07-SC,2024
"622851,0",2024-08-22,quinta-feira,08:40:00,SC,470,"152,0",AGRONOMICA,Condutor deixou de manter distância do veículo da frente,Engavetamento,Com Vítimas Feridas,Pleno dia,Crescente,Céu Claro,Simples,Reta,Não,6,0,1,0,4,2,1,6,-27.266434,-49.727642,SPRF-SC,DEL04-SC,UOP02-DEL04-SC,2024
"622904,0",2024-08-22,quinta-feira,17:30:00,SC,282,"15,7",PALHOCA,Condutor deixou de manter distância do veículo da frente,Colisão lateral mesmo sentido,Com Vítimas Feridas,Anoitecer,Crescente,Nublado,Simples,Reta,Não,2,0,0,1,1,0,1,2,-27.651848,-48.676048,SPRF-SC,DEL01-SC,UOP02-DEL01-SC,2024
"622917,0",2024-08-22,quinta-feira,18:00:00,SC,282,"0,7",FLORIANOPOLIS,Ausência de reação do condutor,Colisão traseira,Com Vítimas Feridas,Plena Noite,Crescente,Nublado,Múltipla,Declive,Sim,4,0,3,0,1,0,3,3,-27.59845,-48.571995,SPRF-SC,DEL01-SC,UOP01-DEL01-SC,2024
"622965,0",2024-08-22,quinta-feira,22:20:00,SC,280,"22,0",ARAQUARI,Acessar a via sem observar a presença dos outros veículos,Colisão transversal,Com Vítimas Feridas,Plena Noite,Crescente,Nublado,Simples,Reta,Sim,3,0,1,0,1,1,1,3,-26.37092616,-48.70204099,SPRF-SC,DEL03-SC,UOP03-DEL03-SC,2024
"623025,0",2024-06-13,quinta-feira,04:45:00,SC,116,"31,5",ITAIOPOLIS,Problema com o freio,Colisão traseira,Sem Vítimas,Plena Noite,Decrescente,Céu Claro,Simples,Reta,Não,2,0,0,0,2,0,0,2,-26.31708989,-49.97099106,SPRF-SC,DEL06-SC,UOP01-DEL06-SC,2024
"623037,0",2024-08-23,sexta-feira,07:00:00,SC,116,"240,0",LAGES,Acessar a via sem observar a presença dos outros veículos,Colisão transversal,Com Vítimas Feridas,Pleno dia,Decrescente,Nublado,Simples,Reta;Declive,Não,4,0,2,0,1,1,2,3,-27.76245015,-50.33557892,SPRF-SC,DEL05-SC,UOP01-DEL05-SC,2024
"623081,0",2024-08-23,sexta-feira,14:10:00,SC,101,"107,0",PENHA,Reação tardia ou ineficiente do condutor,Colisão traseira,Com Vítimas Feridas,Pleno dia,Crescente,Nublado,Dupla,Reta,Não,2,0,0,1,0,1,1,2,-26.81930608,-48.68390282,SPRF-SC,DEL03-SC,UOP02-DEL03-SC,2024
"623083,0",2024-08-23,sexta-feira,15:00:00,SC,101,"404,0",ARARANGUA,Ausência de reação do condutor,Colisão traseira,Sem Vítimas,Pleno dia,Crescente,Chuva,Dupla,Reta,Não,3,0,0,0,2,2,0,4,-28.87801417,-49.45745479,SPRF-SC,DEL02-SC,UOP02-DEL02-SC,2024
"623109,0",2024-08-23,sexta-feira,10:50:00,SC,101,"147,0",ITAPEMA,Ausência de reação do condutor,Colisão lateral mesmo sentido,Com Vítimas Feridas,Pleno dia,Crescente,Nublado,Dupla,Reta,Sim,2,0,1,0,1,0,1,2,-27.09237407,-48.61730888,SPRF-SC,DEL04-SC,UOP03-DEL04-SC,2024
"623147,0",2024-08-23,sexta-feira,08:00:00,SC,116,"78,8",MONTE CASTELO,Condutor Dormindo,Saída de leito carroçável,Com Vítimas Feridas,Pleno dia,Decrescente,Céu Claro,Simples,Declive,Não,2,0,1,0,0,1,1,2,-26.53846399,-50.22495089,SPRF-SC,DEL06-SC,UOP02-DEL06-SC,2024
"623173,0",2024-08-23,sexta-feira,18:35:00,SC,470,"121,0",IBIRAMA,Condutor deixou de manter distância do veículo da frente,Colisão transversal,Com Vítimas Feridas,Plena Noite,Decrescente,Garoa/Chuvisco,Dupla,Declive;Curva,Não,2,0,1,0,1,0,1,2,-27.095861,-49.526859,SPRF-SC,DEL04-SC,UOP02-DEL04-SC,2024
"623176,0",2024-08-23,sexta-feira,19:43:00,SC,101,"308,5",LAGUNA,Ausência de reação do condutor,Tombamento,Com Vítimas Feridas,Plena Noite,Decrescente,Chuva,Múltipla,Reta,Não,2,0,0,1,0,2,1,3,-28.399616,-48.7854,SPRF-SC,DEL02-SC,UOP01-DEL02-SC,2024
"623207,0",2024-08-23,sexta-feira,23:02:00,SC,101,"103,7",BALNEARIO PICARRAS,Reação tardia ou ineficiente do condutor,Colisão traseira,Com Vítimas Feridas,Plena Noite,Crescente,Nublado,Dupla,Reta,Não,4,0,0,1,2,3,1,6,-26.80215497,-48.67891041,SPRF-SC,DEL03-SC,UOP02-DEL03-SC,2024
"623213,0",2024-08-23,sexta-feira,22:35:00,SC,282,"544,5",CHAPECO,Ingestão de álcool pelo condutor,Colisão lateral sentido oposto,Com Vítimas Feridas,Plena Noite,Crescente,Nublado,Simples,Curva,Não,3,0,1,0,1,1,1,3,-26.992517,-52.724781,SPRF-SC,DEL07-SC,UOP01-DEL07-SC,2024
"623290,0",2024-08-24,sábado,06:45:00,SC,282,"197,7",LAGES,Transitar na contramão,Colisão frontal,Com Vítimas Fatais,Amanhecer,Decrescente,Garoa/Chuvisco,Simples,Reta,Não,5,2,0,0,1,2,0,4,-27.75424,-50.1112514,SPRF-SC,DEL05-SC,UOP01-DEL05-SC,2024