id,data_inversa,dia_semana,horario,uf,br,km,municipio,causa_acidente,tipo_acidente,classificacao_acidente,fase_dia,sentido_via,condicao_metereologica,tipo_pista,tracado_via,uso_solo,pessoas,mortos,feridos_leves,feridos_graves,ilesos,ignorados,feridos,veiculos,latitude,longitude,regional,delegacia,uop,ano_arquivo
"623415,0",2024-07-02,terça-feira,06:40:00,SC,101,"214,2",PALHOCA,Condutor deixou de manter distância do veículo da frente,Colisão lateral mesmo sentido,Com Vítimas Feridas,Amanhecer,Decrescente,Céu Claro,Múltipla,Reta,Sim,7,0,1,0,6,0,1,5,-27.64443,-48.67057,SPRF-SC,DEL01-SC,UOP02-DEL01-SC,2024
"623439,0",2024-08-24,sábado,17:20:00,SC,470,"319,1",CAMPOS NOVOS,Ingestão de álcool pelo condutor,Colisão traseira,Com Vítimas Feridas,Anoitecer,Decrescente,Céu Claro,Simples,Reta;Aclive,Sim,4,0,1,0,2,1,1,3,-27.41120477,-51.2289691,SPRF-SC,DEL07-SC,UOP06-DEL07-SC,2024
"623588,0",2024-08-11,domingo,15:00:00,SC,282,"425,0",VARGEM BONITA,Ausência de reação do condutor,Tombamento,Sem Vítimas,Pleno dia,Crescente,Sol,Simples,Curva;Declive,Não,2,0,0,0,1,1,0,2,-26.980412,-51.756256,SPRF-SC,DEL07-SC,UOP05-DEL07-SC,2024
"623743,0",2024-08-26,segunda-feira,10:00:00,SC,101,"112,3",ITAJAI,Mal súbito do condutor,Colisão lateral mesmo sentido,Com Vítimas Feridas,Pleno dia,Crescente,Céu Claro,Múltipla,Reta,Não,3,0,2,0,0,2,2,4,-26.84589005,-48.72131295,SPRF-SC,DEL04-SC,UOP04-DEL04-SC,2024
"623800,0",2024-08-26,segunda-feira,15:15:00,SC,101,"327,0",CAPIVARI DE BAIXO,Ausência de reação do condutor,Colisão traseira,Com Vítimas Feridas,Pleno dia,Crescente,Céu Claro,Múltipla,Viaduto;Reta;Declive,Sim,5,0,1,0,3,1,1,5,-28.43023306,-48.95205197,SPRF-SC,DEL02-SC,UOP01-DEL02-SC,2024
"623849,0",2024-08-26,segunda-feira,18:20:00,SC,101,"331,0",TUBARAO,Acessar a via sem observar a presença dos outros veículos,Colisão lateral mesmo sentido,Com Vítimas Feridas,Plena Noite,Decrescente,Céu Claro,Dupla,Reta,Sim,5,0,1,0,3,1,1,3,-28.45567521,-48.9812689,SPRF-SC,DEL02-SC,UOP01-DEL02-SC,2024
"623938,0",2024-08-27,terça-feira,09:20:00,SC,101,"15,7",GARUVA,Reação tardia ou ineficiente do condutor,Colisão traseira,Com Vítimas Feridas,Pleno dia,Decrescente,Céu Claro,Dupla,Curva;Declive,Não,3,0,1,0,2,0,1,2,-26.10609917,-48.87224159,SPRF-SC,DEL03-SC,UOP01-DEL03-SC,2024
"623962,0",2024-08-27,terça-feira,13:30:00,SC,101,"48,0",PALHOCA,Velocidade Incompatível,Tombamento,Com Vítimas Feridas,Pleno dia,Crescente,Céu Claro,Simples,Curva;Viaduto;Declive,Sim,2,0,1,0,0,1,1,2,-27.6427,-48.6695,SPRF-SC,DEL01-SC,UOP02-DEL01-SC,2024
"623970,0",2024-08-26,segunda-feira,21:20:00,SC,101,"216,2",PALHOCA,Acessar a via sem observar a presença dos outros veículos,Colisão transversal,Com Vítimas Feridas,Plena Noite,Crescente,Céu Claro,Dupla,Reta,Sim,2,0,0,1,1,0,1,2,-27.65184843,-48.67604941,SPRF-SC,DEL01-SC,UOP02-DEL01-SC,2024
"623972,0",2024-06-24,segunda-feira,12:30:00,SC,470,"259,8",CURITIBANOS,Reação tardia ou ineficiente do condutor,Tombamento,Com Vítimas Feridas,Pleno dia,Decrescente,Chuva,Simples,Declive;Curva,Não,2,0,0,1,0,1,1,2,-27.303122,-50.661118,SPRF-SC,DEL05-SC,UOP03-DEL05-SC,2024
"623973,0",2024-08-27,terça-feira,14:30:00,SC,101,"121,0",ITAJAI,Ausência de reação do condutor,Colisão lateral mesmo sentido,Com Vítimas Feridas,Pleno dia,Decrescente,Céu Claro,Dupla,Reta,Sim,5,0,1,0,3,2,1,5,-26.92103178,-48.70856446,SPRF-SC,DEL04-SC,UOP04-DEL04-SC,2024
"624007,0",2024-08-27,terça-feira,16:50:00,SC,116,"258,2",LAGES,Transitar na contramão,Colisão lateral sentido oposto,Com Vítimas Feridas,Pleno dia,Decrescente,Céu Claro,Simples,Aclive;Reta,Não,3,0,1,0,1,2,1,4,-27.89324692,-50.42299606,SPRF-SC,DEL05-SC,UOP02-DEL05-SC,2024
"624114,0",2024-07-15,segunda-feira,18:18:00,SC,101,"105,0",PENHA,Manobra de mudança de faixa,Colisão lateral mesmo sentido,Com Vítimas Feridas,Anoitecer,Crescente,Chuva,Dupla,Reta,Não,3,0,1,0,2,0,1,2,-26.80215497,-48.67891041,SPRF-SC,DEL03-SC,UOP02-DEL03-SC,2024
"624123,0",2024-07-16,terça-feira,11:10:00,SC,280,"259,9",CANOINHAS,Mal súbito do condutor,Colisão frontal,Com Vítimas Fatais,Pleno dia,Decrescente,Nublado,Simples,Reta,Não,4,1,0,0,3,0,0,2,-26.26285061,-50.62826397,SPRF-SC,DEL06-SC,UOP04-DEL06-SC,2024
"624164,0",2024-08-28,quarta-feira,15:40:00,SC,282,"118,0",BOM RETIRO,Demais falhas mecânicas ou elétricas,Colisão com objeto,Com Vítimas Feridas,Pleno dia,Decrescente,Céu Claro,Simples,Curva,Não,3,0,2,0,1,0,2,2,-27.777065,-49.411317,SPRF-SC,DEL05-SC,UOP01-DEL05-SC,2024
"624178,0",2024-07-27,sábado,21:15:00,SC,101,"343,4",TUBARAO,Reação tardia ou ineficiente do condutor,Colisão com objeto,Sem Vítimas,Plena Noite,Crescente,Céu Claro,Dupla,Reta,Não,2,0,0,0,1,1,0,2,-28.54458742,-49.05376196,SPRF-SC,DEL02-SC,UOP01-DEL02-SC,2024
"624255,0",2024-08-28,quarta-feira,23:50:00,SC,280,"15,0",SAO FRANCISCO DO SUL,Acessar a via sem observar a presença dos outros veículos,Colisão transversal,Com Vítimas Feridas,Plena Noite,Decrescente,Céu Claro,Simples,Reta,Não,3,0,0,1,1,2,1,4,-26.33868901,-48.65489598,SPRF-SC,DEL03-SC,UOP03-DEL03-SC,2024
"624256,0",2024-08-28,quarta-feira,23:59:00,SC,101,"126,0",ITAJAI,Ausência de reação do condutor,Colisão traseira,Com Vítimas Fatais,Plena Noite,Crescente,Céu Claro,Dupla,Reta;Aclive,Não,3,1,0,0,1,1,0,3,-26.95564404,-48.67978366,SPRF-SC,DEL04-SC,UOP04-DEL04-SC,2024
"624267,0",2024-08-29,quinta-feira,04:20:00,SC,116,"203,6",PONTE ALTA,Ausência de reação do condutor,Colisão traseira,Com Vítimas Feridas,Plena Noite,Decrescente,Nublado,Simples,Reta,Não,3,0,1,0,2,0,1,3,-27.45017401,-50.39628572,SPRF-SC,DEL05-SC,UOP03-DEL05-SC,2024
"624341,0",2024-08-29,quinta-feira,12:00:00,SC,282,"589,0",SAUDADES,Transitar na contramão,Colisão lateral mesmo sentido,Com Vítimas Feridas,Pleno dia,Decrescente,Céu Claro,Simples,Reta,Não,4,0,1,1,1,1,2,3,-26.82596,-53.062588,SPRF-SC,DEL07-SC,UOP02-DEL07-SC,2024
"624397,0",2024-08-29,quinta-feira,11:40:00,SC,470,"202,4",PONTE ALTA,Ausência de sinalização,Colisão com objeto,Com Vítimas Feridas,Pleno dia,Decrescente,Céu Claro,Simples,Reta,Não,2,0,1,0,0,1,1,2,-27.291437,-50.149284,SPRF-SC,DEL05-SC,UOP03-DEL05-SC,2024
"624398,0",2024-08-29,quinta-feira,18:15:00,SC,470,"46,5",BLUMENAU,Ultrapassagem Indevida,Colisão lateral mesmo sentido,Com Vítimas Feridas,Plena Noite,Crescente,Ignorado,Simples,Reta;Em Obras,Sim,2,0,0,1,1,0,1,2,-26.86275422,-49.0432477,SPRF-SC,DEL04-SC,UOP01-DEL04-SC,2024
"624432,0",2024-08-29,quinta-feira,19:00:00,SC,101,"78,0",ARAQUARI,Frear bruscamente,Colisão lateral mesmo sentido,Com Vítimas Feridas,Plena Noite,Crescente,Céu Claro,Múltipla,Reta,Não,3,0,1,0,1,1,1,3,-26.57672096,-48.72270551,SPRF-SC,DEL03-SC,UOP02-DEL03-SC,2024
"624551,0",2024-08-30,sexta-feira,06:40:00,SC,470,"259,4",CURITIBANOS,Curva acentuada,Tombamento,Com Vítimas Feridas,Amanhecer,Decrescente,Céu Claro,Simples,Declive;Curva,Não,2,0,1,0,0,1,1,2,-27.30024868,-50.67877293,SPRF-SC,DEL05-SC,UOP03-DEL05-SC,2024
"624599,0",2024-08-30,sexta-feira,15:50:00,SC,470,"119,0",IBIRAMA,Condutor deixou de manter distância do veículo da frente,Colisão traseira,Com Vítimas Feridas,Pleno dia,Crescente,Sol,Simples,Reta,Não,2,0,1,0,1,0,1,2,-27.081554,-49.520206,SPRF-SC,DEL04-SC,UOP02-DEL04-SC,2024
"624735,0",2024-07-17,quarta-feira,22:15:00,SC,101,"12,4",GARUVA,Ausência de reação do condutor,Colisão traseira,Com Vítimas Feridas,Plena Noite,Decrescente,Nevoeiro/Neblina,Dupla,Declive;Reta,Não,5,0,1,0,2,5,1,8,-26.08104399,-48.86175612,SPRF-SC,DEL03-SC,UOP01-DEL03-SC,2024
"624758,0",2024-08-31,sábado,07:52:00,SC,101,"34,7",JOINVILLE,Condutor deixou de manter distância do veículo da frente,Colisão traseira,Com Vítimas Feridas,Pleno dia,Decrescente,Nublado,Dupla,Curva,Não,3,0,2,0,0,1,2,2,-26.23667403,-48.91486706,SPRF-SC,DEL03-SC,UOP01-DEL03-SC,2024
"624808,0",2024-08-31,sábado,10:30:00,SC,101,"116,0",ITAJAI,Reação tardia ou ineficiente do condutor,Colisão traseira,Com Vítimas Feridas,Pleno dia,Crescente,Céu Claro,Múltipla,Reta,Sim,16,0,2,0,13,1,2,11,-26.87905605,-48.72603512,SPRF-SC,DEL04-SC,UOP04-DEL04-SC,2024
"624821,0",2024-08-31,sábado,11:00:00,SC,470,"66,0",INDAIAL,Condutor Dormindo,Colisão traseira,Com Vítimas Feridas,Pleno dia,Decrescente,Céu Claro,Dupla,Em Obras;Declive,Sim,4,0,1,0,3,0,1,3,-26.87265988,-49.2318821,SPRF-SC,DEL04-SC,UOP01-DEL04-SC,2024
"625164,0",2024-09-01,domingo,17:00:00,SC,116,"55,0",PAPANDUVA,Reação tardia ou ineficiente do condutor,Colisão lateral sentido oposto,Com Vítimas Feridas,Anoitecer,Crescente,Céu Claro,Simples,Reta,Não,3,0,1,0,1,1,1,3,-26.39272091,-50.17465998,SPRF-SC,DEL06-SC,UOP02-DEL06-SC,2024
"625289,0",2024-09-02,segunda-feira,10:50:00,SC,101,"58,9",ARAQUARI,Demais falhas mecânicas ou elétricas,Incêndio,Sem Vítimas,Pleno dia,Crescente,Sol,Múltipla,Reta,Não,1,0,0,0,1,0,0,1,-26.44025049,-48.80129043,SPRF-SC,DEL03-SC,UOP02-DEL03-SC,2024
"625301,0",2024-09-02,segunda-feira,13:35:00,SC,282,"644,8",SAO MIGUEL DO OESTE,Ausência de reação do condutor,Colisão traseira,Com Vítimas Feridas,Pleno dia,Crescente,Sol,Simples,Curva;Aclive,Não,2,0,1,0,1,0,1,2,-26.76492403,-53.48627329,SPRF-SC,DEL07-SC,UOP03-DEL07-SC,2024
"625368,0",2024-09-02,segunda-feira,17:00:00,SC,282,"580,7",PINHALZINHO,Acessar a via sem observar a presença dos outros veículos,Colisão transversal,Com Vítimas Feridas,Pleno dia,Crescente,Sol,Simples,Reta,Sim,2,0,0,1,1,0,1,2,-26.832148,-52.994308,SPRF-SC,DEL07-SC,UOP02-DEL07-SC,2024
"625391,0",2024-09-02,segunda-feira,18:40:00,SC,280,"233,0",CANOINHAS,Pedestre andava na pista,Atropelamento de Pedestre,Com Vítimas Feridas,Plena Noite,Crescente,Céu Claro,Simples,Aclive,Não,2,0,0,1,1,0,1,2,-26.19146187,-50.39215,SPRF-SC,DEL06-SC,UOP04-DEL06-SC,2024
"625460,0",2024-09-03,terça-feira,08:35:00,SC,101,"47,0",JOINVILLE,Reação tardia ou ineficiente do condutor,Colisão lateral mesmo sentido,Com Vítimas Feridas,Pleno dia,Crescente,Nublado,Múltipla,Curva;Aclive,Não,5,0,1,0,3,1,1,3,-26.36672555,-48.85817528,SPRF-SC,DEL03-SC,UOP01-DEL03-SC,2024
"625533,0",2024-09-03,terça-feira,13:45:00,SC,282,"585,8",PINHALZINHO,Reação tardia ou ineficiente do condutor,Engavetamento,Com Vítimas Feridas,Pleno dia,Crescente,Céu Claro,Simples,Curva;Em Obras,Não,6,0,2,0,3,1,2,4,-26.830591,-53.025528,SPRF-SC,DEL07-SC,UOP02-DEL07-SC,2024
"625543,0",2024-09-03,terça-feira,17:30:00,SC,101,"171,0",TIJUCAS,Trafegar com motocicleta (ou similar) entre as faixas,Tombamento,Com Vítimas Feridas,Pleno dia,Crescente,Céu Claro,Dupla,Reta,Não,3,0,1,0,1,1,1,3,-27.30546499,-48.63258412,SPRF-SC,DEL04-SC,UOP03-DEL04-SC,2024
"625580,0",2024-09-03,terça-feira,20:15:00,SC,101,"172,0",TIJUCAS,Condutor Dormindo,Colisão traseira,Com Vítimas Feridas,Plena Noite,Crescente,Nublado,Dupla,Reta,Não,3,0,0,1,1,3,1,5,-27.31398818,-48.63155831,SPRF-SC,DEL04-SC,UOP03-DEL04-SC,2024
"625617,0",2024-09-03,terça-feira,21:30:00,SC,282,"390,5",JOACABA,Condutor deixou de manter distância do veículo da frente,Colisão traseira,Sem Vítimas,Plena Noite,Crescente,Céu Claro,Simples,Reta;Declive,Sim,4,0,0,0,1,4,0,5,-27.175066,-51.550556,SPRF-SC,DEL07-SC,UOP05-DEL07-SC,2024
"625621,0",2024-09-04,quarta-feira,01:25:00,SC,282,"173,7",BOCAINA DO SUL,Transitar na contramão,Colisão frontal,Com Vítimas Fatais,Plena Noite,Decrescente,Nublado,Simples,Reta,Não,2,1,0,0,1,0,0,2,-27.74197959,-49.87929225,SPRF-SC,DEL05-SC,UOP01-DEL05-SC,2024
"625660,0",2024-09-04,quarta-feira,09:00:00,SC,470,"6,0",NAVEGANTES,Reação tardia ou ineficiente do condutor,Colisão lateral mesmo sentido,Com Vítimas Feridas,Pleno dia,Decrescente,Céu Claro,Dupla,Em Obras;Reta,Sim,3,0,1,0,1,1,1,3,-26.852238,-48.709545,SPRF-SC,DEL04-SC,UOP04-DEL04-SC,2024
"625675,0",2024-09-04,quarta-feira,07:30:00,SC,101,"335,8",TUBARAO,Reação tardia ou ineficiente do condutor,Colisão transversal,Com Vítimas Feridas,Pleno dia,Crescente,Céu Claro,Múltipla,Reta,Sim,3,0,1,0,1,1,1,3,-28.47722644,-49.0317142,SPRF-SC,DEL02-SC,UOP01-DEL02-SC,2024
"625684,0",2024-09-04,quarta-feira,10:20:00,SC,282,"478,2",VARGEAO,Transitar na contramão,Colisão frontal,Com Vítimas Feridas,Pleno dia,Decrescente,Sol,Simples,Reta,Sim,2,0,0,1,1,0,1,2,-26.875297,-52.157038,SPRF-SC,DEL07-SC,UOP01-DEL07-SC,2024
"625732,0",2024-01-19,sexta-feira,10:20:00,SC,280,"131,2",RIO NEGRINHO,Acessar a via sem observar a presença dos outros veículos,Colisão traseira,Sem Vítimas,Pleno dia,Crescente,Céu Claro,Simples,Reta,Sim,4,0,0,0,3,1,0,4,-26.25581515,-49.53953493,SPRF-SC,DEL06-SC,UOP03-DEL06-SC,2024
"625825,0",2024-09-05,quinta-feira,00:05:00,SC,101,"48,0",JOINVILLE,Velocidade Incompatível,Colisão transversal,Com Vítimas Feridas,Plena Noite,Decrescente,Garoa/Chuvisco,Múltipla,Curva,Sim,3,0,0,1,1,1,1,3,-26.35345909,-48.85867862,SPRF-SC,DEL03-SC,UOP01-DEL03-SC,2024
"625826,0",2024-09-05,quinta-feira,06:00:00,SC,282,"16,3",PALHOCA,Acessar a via sem observar a presença dos outros veículos,Colisão transversal,Com Vítimas Feridas,Pleno dia,Decrescente,Chuva,Simples,Reta,Sim,2,0,1,0,1,0,1,2,-27.658611,-48.681847,SPRF-SC,DEL01-SC,UOP02-DEL01-SC,2024
"625828,0",2024-09-04,quarta-feira,23:53:00,SC,282,"393,0",JOACABA,Chuva,Saída de leito carroçável,Sem Vítimas,Plena Noite,Crescente,Garoa/Chuvisco,Simples,Reta;Declive,Não,1,0,0,0,1,0,0,1,-27.161442,-51.571239,SPRF-SC,DEL07-SC,UOP05-DEL07-SC,2024
"625889,0",2024-08-01,quinta-feira,23:00:00,SC,116,"251,0",LAGES,Transitar na contramão,Colisão frontal,Com Vítimas Feridas,Plena Noite,Crescente,Céu Claro,Simples,Reta,Não,3,0,0,1,1,1,1,3,-27.84512201,-50.37880391,SPRF-SC,DEL05-SC,UOP02-DEL05-SC,2024
"625898,0",2024-09-05,quinta-feira,11:50:00,SC,101,"278,6",IMBITUBA,Ausência de reação do condutor,Colisão traseira,Com Vítimas Feridas,Pleno dia,Decrescente,Nublado,Múltipla,Aclive;Reta,Não,3,0,1,0,1,1,1,3,-28.18132133,-48.69565487,SPRF-SC,DEL02-SC,UOP03-DEL02-SC,2024
"625920,0",2024-09-05,quinta-feira,13:10:00,SC,101,"405,1",ARARANGUA,Ausência de reação do condutor,Engavetamento,Com Vítimas Feridas,Pleno dia,Decrescente,Céu Claro,Dupla,Reta,Não,7,0,2,1,3,2,3,7,-28.900898,-49.475288,SPRF-SC,DEL02-SC,UOP02-DEL02-SC,2024
"626019,0",2024-09-05,quinta-feira,20:55:00,SC,101,"140,0",BALNEARIO CAMBORIU,Acessar a via sem observar a presença dos outros veículos,Colisão lateral mesmo sentido,Sem Vítimas,Plena Noite,Crescente,Céu Claro,Múltipla,Aclive,Não,2,0,0,0,0,2,0,2,-27.03881189,-48.60025148,SPRF-SC,DEL04-SC,UOP03-DEL04-SC,2024
"626037,0",2024-09-05,quinta-feira,23:30:00,SC,101,"31,0",JOINVILLE,Manobra de mudança de faixa,Colisão lateral mesmo sentido,Com Vítimas Feridas,Plena Noite,Crescente,Nublado,Dupla,Reta,Não,4,0,2,0,1,3,2,5,-26.22195899,-48.91634925,SPRF-SC,DEL03-SC,UOP01-DEL03-SC,2024
"626081,0",2024-09-06,sexta-feira,07:40:00,SC,470,"136,0",RIO DO SUL,Ausência de reação do condutor,Engavetamento,Com Vítimas Feridas,Pleno dia,Crescente,Céu Claro,Simples,Reta,Sim,4,0,0,1,3,0,1,4,-27.18492375,-49.60458845,SPRF-SC,DEL04-SC,UOP02-DEL04-SC,2024
"626202,0",2024-09-06,sexta-feira,15:40:00,SC,282,"455,0",PONTE SERRADA,Ultrapassagem Indevida,Colisão lateral mesmo sentido,Com Vítimas Feridas,Pleno dia,Crescente,Céu Claro,Simples,Curva;Declive,Não,5,0,0,1,2,2,1,3,-26.888617,-51.99427,SPRF-SC,DEL07-SC,UOP04-DEL07-SC,2024
"626207,0",2024-09-06,sexta-feira,17:22:00,SC,101,"348,9",JAGUARUNA,Reação tardia ou ineficiente do condutor,Colisão lateral mesmo sentido,Com Vítimas Fatais,Pleno dia,Crescente,Céu Claro,Múltipla,Curva,Não,5,1,0,0,2,3,0,6,-28.58872346,-49.04600501,SPRF-SC,DEL02-SC,UOP01-DEL02-SC,2024
"626246,0",2024-09-06,sexta-feira,19:28:00,SC,280,"26,0",ARAQUARI,Acessar a via sem observar a presença dos outros veículos,Colisão transversal,Com Vítimas Feridas,Plena Noite,Crescente,Céu Claro,Simples,Reta;Interseção de Vias,Não,5,0,1,1,2,2,2,5,-26.38972308,-48.73411593,SPRF-SC,DEL03-SC,UOP03-DEL03-SC,2024
"626283,0",2024-09-06,sexta-feira,23:00:00,SC,282,"492,8",FAXINAL DOS GUEDES,Ultrapassagem Indevida,Colisão lateral mesmo sentido,Com Vítimas Feridas,Plena Noite,Decrescente,Céu Claro,Simples,Reta,Não,4,0,2,0,1,1,2,3,-26.871534,-52.300915,SPRF-SC,DEL07-SC,UOP01-DEL07-SC,2024
"626301,0",2024-09-07,sábado,01:02:00,SC,470,"88,6",ASCURRA,Condutor Dormindo,Colisão lateral sentido oposto,Com Vítimas Feridas,Plena Noite,Crescente,Nublado,Simples,Curva,Sim,3,0,1,0,1,2,1,4,-26.955355,-49.373169,SPRF-SC,DEL04-SC,UOP01-DEL04-SC,2024
"626322,0",2024-09-07,sábado,04:10:00,SC,101,"160,0",PORTO BELO,Ausência de reação do condutor,Tombamento,Com Vítimas Fatais,Plena Noite,Decrescente,Céu Claro,Dupla,Reta,Não,4,1,0,0,1,2,0,4,-27.20725,-48.61908,SPRF-SC,DEL04-SC,UOP03-DEL04-SC,2024
"626789,0",2024-09-08,domingo,19:50:00,SC,163,"111,7",GUARUJA DO SUL,Velocidade Incompatível,Colisão frontal,Com Vítimas Feridas,Plena Noite,Decrescente,Céu Claro,Simples,Reta;Aclive,Não,4,0,1,0,1,3,1,5,-26.39616397,-53.52416104,SPRF-SC,DEL07-SC,UOP03-DEL07-SC,2024
"626796,0",2024-09-08,domingo,20:45:00,SC,280,"131,0",RIO NEGRINHO,Transitar na contramão,Colisão frontal,Com Vítimas Fatais,Plena Noite,Decrescente,Céu Claro,Simples,Reta;Declive,Sim,3,1,0,0,1,1,0,3,-26.25574166,-49.53924179,SPRF-SC,DEL06-SC,UOP03-DEL06-SC,2024
"626976,0",2024-09-09,segunda-feira,16:53:00,SC,470,"60,2",BLUMENAU,Acessar a via sem observar a presença dos outros veículos,Colisão transversal,Com Vítimas Feridas,Pleno dia,Crescente,Céu Claro,Simples,Interseção de Vias,Não,6,0,1,1,3,2,2,6,-26.88138,-49.164543,SPRF-SC,DEL04-SC,UOP01-DEL04-SC,2024
"627012,0",2024-09-09,segunda-feira,19:00:00,SC,282,"276,2",SAO JOSE DO CERRITO,Ingestão de álcool pelo condutor,Colisão frontal,Com Vítimas Feridas,Plena Noite,Decrescente,Céu Claro,Simples,Reta,Não,3,0,0,1,1,1,1,3,-27.602106,-50.727554,SPRF-SC,DEL05-SC,UOP02-DEL05-SC,2024
"627034,0",2024-09-09,segunda-feira,19:20:00,SC,282,"34,0",AGUAS MORNAS,Condutor deixou de manter distância do veículo da frente,Colisão lateral sentido oposto,Com Vítimas Feridas,Plena Noite,Decrescente,Céu Claro,Simples,Reta,Sim,2,0,1,0,0,1,1,2,-27.704247,-48.817547,SPRF-SC,DEL01-SC,UOP03-DEL01-SC,2024
"627045,0",2024-09-10,terça-feira,00:15:00,SC,101,"38,3",PALHOCA,Condutor Dormindo,Colisão traseira,Sem Vítimas,Plena Noite,Crescente,Céu Claro,Dupla,Curva;Declive,Não,2,0,0,0,2,0,0,2,-27.6427,-48.6695,SPRF-SC,DEL01-SC,UOP02-DEL01-SC,2024
"627050,0",2024-09-10,terça-feira,02:35:00,SC,282,"331,0",CAMPOS NOVOS,Suicídio (presumido),Colisão frontal,Com Vítimas Fatais,Plena Noite,Crescente,Céu Claro,Simples,Reta,Não,4,1,0,0,1,2,0,3,-27.387941,-51.116081,SPRF-SC,DEL07-SC,UOP06-DEL07-SC,2024
"627061,0",2024-09-10,terça-feira,07:40:00,SC,101,"204,0",SAO JOSE,Condutor deixou de manter distância do veículo da frente,Colisão lateral mesmo sentido,Com Vítimas Feridas,Pleno dia,Crescente,Céu Claro,Múltipla,Reta,Sim,3,0,2,0,1,0,2,3,-27.57413014,-48.61363083,SPRF-SC,DEL01-SC,UOP01-DEL01-SC,2024
"627080,0",2024-09-06,sexta-feira,05:00:00,SC,101,"81,0",BARRA VELHA,Condutor Dormindo,Colisão traseira,Sem Vítimas,Plena Noite,Decrescente,Céu Claro,Múltipla,Reta,Não,2,0,0,0,0,2,0,2,-26.60256101,-48.72553524,SPRF-SC,DEL03-SC,UOP02-DEL03-SC,2024
"627111,0",2024-09-10,terça-feira,10:00:00,SC,116,"50,4",PAPANDUVA,Ausência de reação do condutor,Colisão traseira,Com Vítimas Feridas,Pleno dia,Decrescente,Céu Claro,Simples,Reta,Não,3,0,0,1,1,2,1,4,-26.37798337,-50.13162356,SPRF-SC,DEL06-SC,UOP01-DEL06-SC,2024
"627123,0",2024-09-10,terça-feira,10:20:00,SC,470,"259,4",CURITIBANOS,Reação tardia ou ineficiente do condutor,Tombamento,Com Vítimas Feridas,Pleno dia,Crescente,Céu Claro,Simples,Curva,Não,2,0,1,0,0,2,1,3,-27.301584,-50.671352,SPRF-SC,DEL05-SC,UOP03-DEL05-SC,2024
"627182,0",2024-09-10,terça-feira,11:52:00,SC,116,"90,6",MONTE CASTELO,Ausência de reação do condutor,Colisão traseira,Com Vítimas Fatais,Pleno dia,Decrescente,Céu Claro,Simples,Reta;Declive;Em Obras,Não,3,1,0,0,1,2,0,4,-26.64035,-50.258745,SPRF-SC,DEL06-SC,UOP02-DEL06-SC,2024
"627183,0",2024-09-10,terça-feira,14:30:00,SC,101,"286,5",IMBITUBA,Ausência de reação do condutor,Colisão traseira,Com Vítimas Feridas,Pleno dia,Decrescente,Céu Claro,Dupla,Reta,Sim,2,0,1,0,1,0,1,2,-28.22947996,-48.70163526,SPRF-SC,DEL02-SC,UOP03-DEL02-SC,2024
"627190,0",2024-09-10,terça-feira,18:00:00,SC,101,"331,8",TUBARAO,Condutor deixou de manter distância do veículo da frente,Colisão traseira,Com Vítimas Feridas,Anoitecer,Decrescente,Céu Claro,Simples,Rotatória;Interseção de Vias;Viaduto,Sim,4,0,1,0,3,0,1,2,-28.45567521,-48.9812689,SPRF-SC,DEL02-SC,UOP01-DEL02-SC,2024
"627193,0",2024-09-10,terça-feira,18:40:00,SC,101,"49,0",JOINVILLE,Acessar a via sem observar a presença dos outros veículos,Colisão lateral mesmo sentido,Com Vítimas Fatais,Anoitecer,Decrescente,Nublado,Dupla,Reta;Declive,Não,6,1,0,0,3,2,0,6,-26.3828741,-48.8509389,SPRF-SC,DEL03-SC,UOP01-DEL03-SC,2024
"627197,0",2024-09-10,terça-feira,12:00:00,SC,282,"528,0",CORDILHEIRA ALTA,Carga excessiva e/ou mal acondicionada,Tombamento,Com Vítimas Feridas,Pleno dia,Crescente,Céu Claro,Simples,Curva;Declive,Não,4,0,2,0,1,1,2,4,-26.978798,-52.588566,SPRF-SC,DEL07-SC,UOP01-DEL07-SC,2024
"627199,0",2024-09-10,terça-feira,20:10:00,SC,101,"216,3",PALHOCA,Manobra de mudança de faixa,Colisão lateral mesmo sentido,Com Vítimas Feridas,Plena Noite,Crescente,Nublado,Múltipla,Reta,Sim,4,0,2,0,1,1,2,3,-27.65981409,-48.67747798,SPRF-SC,DEL01-SC,UOP02-DEL01-SC,2024
"627217,0",2024-09-10,terça-feira,20:30:00,SC,116,"36,5",ITAIOPOLIS,Demais falhas mecânicas ou elétricas,Incêndio,Sem Vítimas,Plena Noite,Decrescente,Céu Claro,Simples,Reta,Não,2,0,0,0,1,1,0,2,-26.3385056,-50.01471809,SPRF-SC,DEL06-SC,UOP01-DEL06-SC,2024
"627314,0",2024-09-11,quarta-feira,14:00:00,SC,101,"44,0",JOINVILLE,Condutor deixou de manter distância do veículo da frente,Colisão traseira,Com Vítimas Feridas,Pleno dia,Crescente,Céu Claro,Dupla,Reta,Não,4,0,2,0,1,1,2,3,-26.31238996,-48.87458997,SPRF-SC,DEL03-SC,UOP01-DEL03-SC,2024
"627343,0",2024-09-11,quarta-feira,16:35:00,SC,470,"55,7",BLUMENAU,Acessar a via sem observar a presença dos outros veículos,Colisão transversal,Com Vítimas Feridas,Pleno dia,Crescente,Céu Claro,Simples,Reta,Sim,2,0,1,0,1,0,1,2,-26.87644007,-49.12496924,SPRF-SC,DEL04-SC,UOP01-DEL04-SC,2024