id,data_inversa,dia_semana,horario,uf,br,km,municipio,causa_acidente,tipo_acidente,classificacao_acidente,fase_dia,sentido_via,condicao_metereologica,tipo_pista,tracado_via,uso_solo,pessoas,mortos,feridos_leves,feridos_graves,ilesos,ignorados,feridos,veiculos,latitude,longitude,regional,delegacia,uop,ano_arquivo
"630915,0",2024-09-27,sexta-feira,17:40:00,SC,470,"126,6",LONTRAS,Desrespeitar a preferência no cruzamento,Colisão transversal,Com Vítimas Feridas,Pleno dia,Crescente,Céu Claro,Simples,Retorno Regulamentado,Sim,2,0,1,0,1,0,1,2,-27.129,-49.538277,SPRF-SC,DEL04-SC,UOP02-DEL04-SC,2024
"630946,0",2024-09-27,sexta-feira,19:20:00,SC,101,"206,0",SAO JOSE,Condutor deixou de manter distância do veículo da frente,Colisão traseira,Com Vítimas Feridas,Plena Noite,Crescente,Céu Claro,Dupla,Reta,Sim,4,0,2,0,2,0,2,3,-27.59193546,-48.61824557,SPRF-SC,DEL01-SC,UOP01-DEL01-SC,2024
"630963,0",2024-09-27,sexta-feira,06:45:00,SC,101,"202,0",SAO JOSE,Reação tardia ou ineficiente do condutor,Colisão lateral mesmo sentido,Sem Vítimas,Pleno dia,Crescente,Nublado,Múltipla,Reta,Sim,3,0,0,0,3,0,0,2,-27.55711595,-48.61897889,SPRF-SC,DEL01-SC,UOP01-DEL01-SC,2024
"631090,0",2024-09-28,sábado,08:46:00,SC,101,"233,4",PALHOCA,Demais falhas mecânicas ou elétricas,Incêndio,Sem Vítimas,Pleno dia,Decrescente,Céu Claro,Dupla,Reta,Sim,2,0,0,0,1,1,0,2,-27.80376397,-48.63826211,SPRF-SC,DEL01-SC,UOP02-DEL01-SC,2024
"631170,0",2024-09-28,sábado,13:00:00,SC,116,"162,1",PONTE ALTA DO NORTE,Reação tardia ou ineficiente do condutor,Tombamento,Com Vítimas Feridas,Pleno dia,Crescente,Céu Claro,Simples,Curva;Declive,Não,2,0,0,1,0,1,1,2,-27.12440175,-50.45638561,SPRF-SC,DEL05-SC,UOP03-DEL05-SC,2024
"631196,0",2024-09-28,sábado,07:00:00,SC,470,"81,8",RODEIO,Velocidade Incompatível,Tombamento,Sem Vítimas,Pleno dia,Decrescente,Céu Claro,Simples,Curva,Não,2,0,0,0,1,1,0,2,-26.950367,-49.325638,SPRF-SC,DEL04-SC,UOP01-DEL04-SC,2024
"631244,0",2024-09-28,sábado,21:30:00,SC,101,"248,6",PAULO LOPES,Reação tardia ou ineficiente do condutor,Colisão traseira,Com Vítimas Feridas,Plena Noite,Crescente,Céu Claro,Múltipla,Reta,Não,3,0,1,0,1,1,1,3,-27.93115398,-48.6608988,SPRF-SC,DEL02-SC,UOP03-DEL02-SC,2024
"631363,0",2024-09-29,domingo,10:20:00,SC,101,"306,0",LAGUNA,Manobra de mudança de faixa,Colisão traseira,Com Vítimas Feridas,Pleno dia,Decrescente,Céu Claro,Dupla,Reta,Não,3,0,1,0,1,1,1,2,-28.38437001,-48.77113299,SPRF-SC,DEL02-SC,UOP03-DEL02-SC,2024
"631413,0",2024-09-29,domingo,17:30:00,SC,101,"150,0",ITAPEMA,Trafegar com motocicleta (ou similar) entre as faixas,Tombamento,Com Vítimas Feridas,Pleno dia,Decrescente,Céu Claro,Dupla,Reta,Sim,3,0,0,1,1,1,1,3,-27.11744799,-48.60940987,SPRF-SC,DEL04-SC,UOP03-DEL04-SC,2024
"631428,0",2024-09-29,domingo,18:25:00,SC,101,"86,0",BARRA VELHA,Trafegar com motocicleta (ou similar) entre as faixas,Colisão traseira,Com Vítimas Feridas,Anoitecer,Decrescente,Céu Claro,Dupla,Reta,Sim,4,0,1,1,2,0,2,3,-26.63277317,-48.70232513,SPRF-SC,DEL03-SC,UOP02-DEL03-SC,2024
"631518,0",2024-09-30,segunda-feira,05:20:00,SC,280,"33,0",ARAQUARI,Acessar a via sem observar a presença dos outros veículos,Colisão lateral mesmo sentido,Com Vítimas Feridas,Amanhecer,Crescente,Nublado,Simples,Reta;Interseção de Vias,Sim,3,0,0,1,1,2,1,4,-26.42576441,-48.78741376,SPRF-SC,DEL03-SC,UOP03-DEL03-SC,2024
"631524,0",2024-09-29,domingo,21:42:00,SC,470,"92,9",APIUNA,Acessar a via sem observar a presença dos outros veículos,Colisão transversal,Com Vítimas Feridas,Plena Noite,Crescente,Nublado,Simples,Retorno Regulamentado,Não,3,0,1,1,1,0,2,2,-26.98957665,-49.37447906,SPRF-SC,DEL04-SC,UOP01-DEL04-SC,2024
"631536,0",2024-09-30,segunda-feira,05:55:00,SC,280,"137,0",RIO NEGRINHO,Reação tardia ou ineficiente do condutor,Colisão lateral sentido oposto,Sem Vítimas,Amanhecer,Crescente,Céu Claro,Simples,Curva,Não,2,0,0,0,2,0,0,2,-26.26817911,-49.59044504,SPRF-SC,DEL06-SC,UOP03-DEL06-SC,2024
"631542,0",2024-09-30,segunda-feira,05:50:00,SC,282,"584,0",PINHALZINHO,Ultrapassagem Indevida,Colisão lateral mesmo sentido,Com Vítimas Feridas,Amanhecer,Decrescente,Céu Claro,Simples,Declive,Sim,2,0,1,0,1,0,1,2,-26.831865,-53.016579,SPRF-SC,DEL07-SC,UOP02-DEL07-SC,2024
"631574,0",2024-09-30,segunda-feira,08:15:00,SC,282,"508,5",XANXERE,Manobra de mudança de faixa,Colisão lateral mesmo sentido,Com Vítimas Feridas,Pleno dia,Crescente,Céu Claro,Simples,Reta,Não,2,0,1,0,1,0,1,2,-26.887014,-52.448372,SPRF-SC,DEL07-SC,UOP01-DEL07-SC,2024
"631636,0",2024-09-30,segunda-feira,14:30:00,SC,282,"53,2",AGUAS MORNAS,Ultrapassagem Indevida,Saída de leito carroçável,Com Vítimas Feridas,Pleno dia,Decrescente,Céu Claro,Simples,Reta,Não,4,0,1,0,3,0,1,2,-27.691511,-48.970215,SPRF-SC,DEL01-SC,UOP03-DEL01-SC,2024
"631660,0",2024-09-30,segunda-feira,12:15:00,SC,101,"90,4",BARRA VELHA,Suicídio (presumido),Atropelamento de Pedestre,Com Vítimas Fatais,Pleno dia,Crescente,Nublado,Múltipla,Reta,Sim,4,1,0,0,1,2,0,3,-26.6727649,-48.6903731,SPRF-SC,DEL03-SC,UOP02-DEL03-SC,2024
"631678,0",2024-09-30,segunda-feira,16:00:00,SC,153,"69,5",IRANI,Ultrapassagem Indevida,Colisão frontal,Com Vítimas Feridas,Pleno dia,Crescente,Céu Claro,Dupla,Curva,Não,3,0,0,1,1,1,1,3,-27.041891,-51.882576,SPRF-SC,DEL07-SC,UOP04-DEL07-SC,2024
"631704,0",2024-09-30,segunda-feira,19:50:00,SC,280,"128,0",RIO NEGRINHO,Transitar na contramão,Colisão frontal,Com Vítimas Feridas,Plena Noite,Crescente,Céu Claro,Simples,Reta,Sim,3,0,1,0,2,0,1,3,-26.24317941,-49.51320018,SPRF-SC,DEL06-SC,UOP03-DEL06-SC,2024
"631713,0",2024-09-30,segunda-feira,19:40:00,SC,470,"54,4",BLUMENAU,Ingestão de álcool pelo condutor,Tombamento,Sem Vítimas,Plena Noite,Decrescente,Céu Claro,Simples,Curva;Interseção de Vias,Sim,2,0,0,0,1,1,0,2,-26.871065,-49.110374,SPRF-SC,DEL04-SC,UOP01-DEL04-SC,2024
"631780,0",2024-10-01,terça-feira,07:30:00,SC,282,"3,7",FLORIANOPOLIS,Condutor deixou de manter distância do veículo da frente,Colisão traseira,Com Vítimas Feridas,Pleno dia,Decrescente,Céu Claro,Múltipla,Reta,Sim,4,0,2,0,1,1,2,3,-27.600384,-48.599705,SPRF-SC,DEL01-SC,UOP01-DEL01-SC,2024
"631791,0",2024-10-01,terça-feira,07:45:00,SC,101,"201,0",SAO JOSE,Acessar a via sem observar a presença dos outros veículos,Colisão traseira,Com Vítimas Feridas,Pleno dia,Crescente,Céu Claro,Dupla,Reta,Sim,2,0,1,0,1,0,1,2,-27.54836599,-48.61977975,SPRF-SC,DEL01-SC,UOP01-DEL01-SC,2024
"631813,0",2024-10-01,terça-feira,08:15:00,SC,101,"336,0",TUBARAO,Manobra de mudança de faixa,Colisão lateral mesmo sentido,Com Vítimas Feridas,Pleno dia,Crescente,Céu Claro,Dupla,Ponte,Sim,3,0,1,0,1,1,1,3,-28.483671,-49.035693,SPRF-SC,DEL02-SC,UOP01-DEL02-SC,2024
"631829,0",2024-10-01,terça-feira,10:15:00,SC,101,"433,0",SOMBRIO,Condutor deixou de manter distância do veículo da frente,Colisão traseira,Com Vítimas Feridas,Pleno dia,Decrescente,Céu Claro,Múltipla,Reta;Interseção de Vias,Sim,2,0,1,0,1,0,1,2,-29.08200809,-49.6297237,SPRF-SC,DEL02-SC,UOP02-DEL02-SC,2024
"631840,0",2024-10-01,terça-feira,12:30:00,SC,116,"308,9",CAPAO ALTO,Velocidade Incompatível,Tombamento,Com Vítimas Feridas,Pleno dia,Crescente,Céu Claro,Simples,Curva,Não,2,0,1,0,0,1,1,2,-28.19754833,-50.75958252,SPRF-SC,DEL05-SC,UOP02-DEL05-SC,2024
"631885,0",2024-10-01,terça-feira,15:30:00,SC,116,"51,9",PAPANDUVA,Reação tardia ou ineficiente do condutor,Colisão lateral sentido oposto,Com Vítimas Feridas,Pleno dia,Crescente,Céu Claro,Simples,Aclive;Reta,Não,3,0,1,0,1,2,1,4,-26.38519214,-50.13765683,SPRF-SC,DEL06-SC,UOP01-DEL06-SC,2024
"631890,0",2024-10-01,terça-feira,18:30:00,SC,101,"1,0",GARUVA,Reação tardia ou ineficiente do condutor,Colisão traseira,Com Vítimas Feridas,Plena Noite,Crescente,Nublado,Múltipla,Reta,Não,4,0,1,0,2,3,1,5,-25.99204065,-48.88169825,SPRF-SC,DEL03-SC,UOP01-DEL03-SC,2024
"631909,0",2024-10-01,terça-feira,16:05:00,SC,282,"340,0",CAMPOS NOVOS,Acessar a via sem observar a presença dos outros veículos,Colisão transversal,Com Vítimas Feridas,Pleno dia,Decrescente,Sol,Simples,Interseção de Vias,Sim,2,0,0,1,1,0,1,2,-27.388266,-51.203793,SPRF-SC,DEL07-SC,UOP06-DEL07-SC,2024
"631917,0",2024-10-01,terça-feira,19:08:00,SC,282,"419,2",VARGEM BONITA,Manobra de mudança de faixa,Colisão lateral mesmo sentido,Sem Vítimas,Plena Noite,Decrescente,Céu Claro,Simples,Aclive,Não,4,0,0,0,2,2,0,3,-27.037748,-51.718472,SPRF-SC,DEL07-SC,UOP05-DEL07-SC,2024
"631943,0",2024-10-01,terça-feira,22:05:00,SC,116,"251,3",LAGES,Mal súbito do condutor,Colisão transversal,Com Vítimas Feridas,Plena Noite,Crescente,Nublado,Simples,Interseção de Vias,Não,3,0,1,0,1,1,1,3,-27.84690268,-50.37926674,SPRF-SC,DEL05-SC,UOP02-DEL05-SC,2024
"631951,0",2024-10-02,quarta-feira,01:00:00,SC,101,"118,0",ITAJAI,Reação tardia ou ineficiente do condutor,Atropelamento de Pedestre,Com Vítimas Feridas,Plena Noite,Crescente,Nublado,Dupla,Reta,Sim,2,0,0,1,1,0,1,2,-26.895859,-48.71903,SPRF-SC,DEL04-SC,UOP04-DEL04-SC,2024
"632015,0",2024-08-03,sábado,03:15:00,SC,280,"22,5",ARAQUARI,Ingestão de álcool pelo condutor,Colisão traseira,Com Vítimas Feridas,Plena Noite,Crescente,Nublado,Simples,Reta,Sim,3,0,0,1,1,2,1,4,-26.37092616,-48.70204099,SPRF-SC,DEL03-SC,UOP03-DEL03-SC,2024
"632053,0",2024-10-02,quarta-feira,13:45:00,SC,280,"68,7",JARAGUA DO SUL,Reação tardia ou ineficiente do condutor,Colisão traseira,Com Vítimas Feridas,Pleno dia,Decrescente,Chuva,Simples,Reta,Sim,2,0,1,0,1,0,1,2,-26.47277719,-49.11098612,SPRF-SC,DEL03-SC,UOP03-DEL03-SC,2024
"632092,0",2024-10-02,quarta-feira,16:30:00,SC,101,"123,0",ITAJAI,Reação tardia ou ineficiente do condutor,Colisão traseira,Com Vítimas Feridas,Pleno dia,Decrescente,Chuva,Múltipla,Rotatória,Sim,3,0,1,0,2,0,1,2,-26.93668609,-48.69876905,SPRF-SC,DEL04-SC,UOP04-DEL04-SC,2024
"632102,0",2024-10-02,quarta-feira,17:20:00,SC,101,"99,0",BALNEARIO PICARRAS,Condutor deixou de manter distância do veículo da frente,Engavetamento,Com Vítimas Feridas,Pleno dia,Decrescente,Chuva,Dupla,Reta,Não,4,0,1,0,2,1,1,4,-26.7471002,-48.69654831,SPRF-SC,DEL03-SC,UOP02-DEL03-SC,2024
"632107,0",2024-09-20,sexta-feira,15:08:00,SC,101,"12,0",GARUVA,Pista Escorregadia,Colisão com objeto,Com Vítimas Feridas,Pleno dia,Crescente,Chuva,Dupla,Aclive,Não,2,0,1,0,0,2,1,3,-26.084134,-48.862041,SPRF-SC,DEL03-SC,UOP01-DEL03-SC,2024
"632108,0",2024-10-02,quarta-feira,17:30:00,SC,101,"157,0",PORTO BELO,Condutor deixou de manter distância do veículo da frente,Colisão traseira,Com Vítimas Feridas,Pleno dia,Crescente,Chuva,Múltipla,Reta,Não,2,0,0,1,1,0,1,2,-27.181625,-48.6121179,SPRF-SC,DEL04-SC,UOP03-DEL04-SC,2024
"632225,0",2024-10-03,quinta-feira,07:43:00,SC,282,"524,9",XAXIM,Conversão proibida,Colisão frontal,Sem Vítimas,Pleno dia,Decrescente,Céu Claro,Simples,Curva,Não,5,0,0,0,4,2,0,6,-26.96378376,-52.55933404,SPRF-SC,DEL07-SC,UOP01-DEL07-SC,2024
"632228,0",2024-09-30,segunda-feira,14:30:00,SC,101,"435,5",SOMBRIO,Ausência de reação do condutor,Colisão transversal,Com Vítimas Feridas,Pleno dia,Decrescente,Céu Claro,Múltipla,Retorno Regulamentado,Sim,2,0,0,1,1,0,1,2,-29.09949414,-49.63480552,SPRF-SC,DEL02-SC,UOP02-DEL02-SC,2024
"632289,0",2024-10-03,quinta-feira,12:00:00,SC,101,"382,1",ICARA,Ausência de reação do condutor,Colisão lateral mesmo sentido,Com Vítimas Feridas,Pleno dia,Decrescente,Céu Claro,Múltipla,Reta;Aclive,Não,3,0,1,0,1,1,1,3,-28.76878766,-49.30239201,SPRF-SC,DEL02-SC,UOP02-DEL02-SC,2024
"632291,0",2024-10-03,quinta-feira,10:40:00,SC,470,"204,4",PONTE ALTA,Ausência de reação do condutor,Saída de leito carroçável,Com Vítimas Feridas,Pleno dia,Crescente,Chuva,Simples,Aclive,Não,1,0,1,0,0,0,1,1,-27.289373,-50.166328,SPRF-SC,DEL05-SC,UOP03-DEL05-SC,2024
"632295,0",2024-10-03,quinta-feira,15:30:00,SC,101,"262,0",GAROPABA,Reação tardia ou ineficiente do condutor,Saída de leito carroçável,Com Vítimas Feridas,Pleno dia,Crescente,Sol,Dupla,Reta,Não,3,0,2,0,0,1,2,2,-28.0353863,-48.70884453,SPRF-SC,DEL02-SC,UOP03-DEL02-SC,2024
"632392,0",2024-10-04,sexta-feira,03:50:00,SC,101,"1,3",GARUVA,Condutor Dormindo,Colisão traseira,Com Vítimas Feridas,Plena Noite,Crescente,Nublado,Múltipla,Curva,Não,4,0,1,0,2,2,1,5,-25.98895627,-48.88356133,SPRF-SC,DEL03-SC,UOP01-DEL03-SC,2024
"632521,0",2024-09-22,domingo,07:40:00,SC,116,"96,5",MONTE CASTELO,Condutor Dormindo,Saída de leito carroçável,Com Vítimas Feridas,Pleno dia,Decrescente,Céu Claro,Simples,Curva,Não,2,0,0,1,0,1,1,2,-26.67989297,-50.29106905,SPRF-SC,DEL06-SC,UOP02-DEL06-SC,2024
"632629,0",2024-10-04,sexta-feira,22:45:00,SC,101,"45,1",JOINVILLE,Reação tardia ou ineficiente do condutor,Colisão lateral mesmo sentido,Com Vítimas Feridas,Plena Noite,Crescente,Céu Claro,Dupla,Reta;Aclive,Não,3,0,1,0,1,1,1,3,-26.32214492,-48.8689509,SPRF-SC,DEL03-SC,UOP01-DEL03-SC,2024
"632632,0",2024-10-04,sexta-feira,23:00:00,SC,101,"430,0",SOMBRIO,Reação tardia ou ineficiente do condutor,Colisão traseira,Com Vítimas Feridas,Plena Noite,Decrescente,Ignorado,Dupla,Reta,Não,3,0,0,1,1,1,1,3,-29.05578387,-49.62209542,SPRF-SC,DEL02-SC,UOP02-DEL02-SC,2024
"632676,0",2024-10-05,sábado,07:20:00,SC,101,"193,2",BIGUACU,Acessar a via sem observar a presença dos outros veículos,Colisão traseira,Com Vítimas Feridas,Pleno dia,Crescente,Céu Claro,Múltipla,Reta,Sim,2,0,1,0,1,0,1,2,-27.489574,-48.655914,SPRF-SC,DEL01-SC,UOP01-DEL01-SC,2024
"632679,0",2024-09-11,quarta-feira,10:50:00,SC,470,"3,9",NAVEGANTES,Ausência de reação do condutor,Colisão traseira,Com Vítimas Feridas,Pleno dia,Decrescente,Céu Claro,Dupla,Em Obras;Rotatória;Reta,Sim,3,0,0,2,1,0,2,2,-26.861937,-48.681618,SPRF-SC,DEL04-SC,UOP04-DEL04-SC,2024
"632906,0",2024-10-05,sábado,21:30:00,SC,282,"338,0",CAMPOS NOVOS,Ausência de reação do condutor,Colisão frontal,Com Vítimas Feridas,Plena Noite,Decrescente,Nublado,Simples,Curva,Sim,3,0,0,1,1,1,1,3,-27.394457,-51.185211,SPRF-SC,DEL07-SC,UOP06-DEL07-SC,2024
"632939,0",2024-07-31,quarta-feira,12:48:00,SC,280,"159,0",MAFRA,Ausência de reação do condutor,Queda de ocupante de veículo,Com Vítimas Feridas,Pleno dia,Crescente,Céu Claro,Simples,Reta,Não,1,0,0,1,0,0,1,1,-26.20208315,-49.76143098,SPRF-SC,DEL06-SC,UOP03-DEL06-SC,2024
"632947,0",2024-10-06,domingo,09:20:00,SC,101,"335,9",TUBARAO,Manobra de mudança de faixa,Colisão lateral mesmo sentido,Com Vítimas Feridas,Pleno dia,Crescente,Céu Claro,Múltipla,Curva,Sim,3,0,0,1,1,1,1,3,-28.46927473,-49.01557908,SPRF-SC,DEL02-SC,UOP01-DEL02-SC,2024
"633168,0",2024-10-07,segunda-feira,06:08:00,SC,101,"359,5",SANGAO,Pista Escorregadia,Tombamento,Com Vítimas Feridas,Pleno dia,Decrescente,Céu Claro,Múltipla,Reta,Não,2,0,1,0,1,0,1,2,-28.65057609,-49.10516385,SPRF-SC,DEL02-SC,UOP01-DEL02-SC,2024
"633186,0",2024-10-07,segunda-feira,07:30:00,SC,101,"123,1",ITAJAI,Acessar a via sem observar a presença dos outros veículos,Colisão transversal,Sem Vítimas,Pleno dia,Decrescente,Céu Claro,Múltipla,Interseção de Vias;Rotatória,Não,3,0,0,0,2,2,0,4,-26.93668609,-48.69876905,SPRF-SC,DEL04-SC,UOP04-DEL04-SC,2024
"633199,0",2024-10-04,sexta-feira,06:30:00,SC,282,"177,0",BOCAINA DO SUL,Demais falhas mecânicas ou elétricas,Tombamento,Com Vítimas Feridas,Pleno dia,Crescente,Céu Claro,Simples,Curva;Declive,Não,2,0,1,0,1,0,1,2,-27.739725,-49.911453,SPRF-SC,DEL05-SC,UOP01-DEL05-SC,2024
"633285,0",2024-09-18,quarta-feira,05:50:00,SC,282,"381,2",HERVAL DOESTE,Reação tardia ou ineficiente do condutor,Colisão traseira,Com Vítimas Feridas,Amanhecer,Decrescente,Nublado,Simples,Reta;Aclive,Não,2,0,1,0,1,0,1,2,-27.204979,-51.501442,SPRF-SC,DEL07-SC,UOP05-DEL07-SC,2024
"633311,0",2024-10-07,segunda-feira,15:15:00,SC,280,"115,1",SAO BENTO DO SUL,Condutor Dormindo,Colisão frontal,Com Vítimas Fatais,Pleno dia,Decrescente,Céu Claro,Simples,Curva,Não,4,1,0,1,1,1,1,3,-26.284761,-49.408313,SPRF-SC,DEL06-SC,UOP03-DEL06-SC,2024
"633335,0",2024-10-07,segunda-feira,18:45:00,SC,282,"58,0",IRANI,Desrespeitar a preferência no cruzamento,Colisão transversal,Com Vítimas Feridas,Plena Noite,Crescente,Céu Claro,Simples,Rotatória,Não,4,0,2,0,1,1,2,3,-26.96948856,-51.85471773,SPRF-SC,DEL01-SC,UOP03-DEL01-SC,2024
"633388,0",2024-10-08,terça-feira,07:00:00,SC,101,"114,0",ITAJAI,Trafegar com motocicleta (ou similar) entre as faixas,Colisão lateral mesmo sentido,Com Vítimas Feridas,Pleno dia,Decrescente,Nublado,Simples,Túnel,Sim,5,0,0,2,2,1,2,4,-26.86192886,-48.7286704,SPRF-SC,DEL04-SC,UOP04-DEL04-SC,2024
"633394,0",2024-10-08,terça-feira,07:00:00,SC,101,"41,5",JOINVILLE,Condutor deixou de manter distância do veículo da frente,Colisão traseira,Com Vítimas Feridas,Pleno dia,Decrescente,Céu Claro,Dupla,Reta,Sim,4,0,1,0,2,3,1,5,-26.28215489,-48.88973081,SPRF-SC,DEL03-SC,UOP01-DEL03-SC,2024
"633487,0",2024-10-08,terça-feira,16:00:00,SC,101,"121,3",ITAJAI,Ausência de reação do condutor,Colisão lateral mesmo sentido,Com Vítimas Feridas,Pleno dia,Decrescente,Nublado,Dupla,Reta,Sim,2,0,0,1,1,0,1,2,-26.92103178,-48.70856446,SPRF-SC,DEL04-SC,UOP04-DEL04-SC,2024
"633562,0",2024-10-08,terça-feira,21:30:00,SC,101,"371,9",ICARA,Condutor Dormindo,Saída de leito carroçável,Com Vítimas Feridas,Plena Noite,Crescente,Garoa/Chuvisco,Dupla,Reta,Não,2,0,1,0,0,1,1,2,-28.71416107,-49.22115326,SPRF-SC,DEL02-SC,UOP01-DEL02-SC,2024
"633664,0",2024-10-09,quarta-feira,13:00:00,SC,101,"114,5",ITAJAI,Mal súbito do condutor,Colisão traseira,Com Vítimas Feridas,Pleno dia,Crescente,Chuva,Múltipla,Reta,Não,3,0,1,0,2,0,1,2,-26.86192886,-48.7286704,SPRF-SC,DEL04-SC,UOP04-DEL04-SC,2024
"633687,0",2024-10-09,quarta-feira,14:15:00,SC,285,"35,3",TIMBE DO SUL,Acessar a via sem observar a presença dos outros veículos,Colisão transversal,Com Vítimas Feridas,Pleno dia,Decrescente,Chuva,Simples,Curva;Interseção de Vias,Não,2,0,1,0,1,0,1,2,-28.82772543,-49.84693944,SPRF-SC,DEL02-SC,UOP02-DEL02-SC,2024
"633723,0",2024-10-09,quarta-feira,14:35:00,SC,280,"154,5",MAFRA,Reação tardia ou ineficiente do condutor,Saída de leito carroçável,Com Vítimas Feridas,Pleno dia,Crescente,Chuva,Simples,Aclive;Reta,Não,1,0,1,0,0,0,1,1,-26.21284883,-49.72171783,SPRF-SC,DEL06-SC,UOP03-DEL06-SC,2024
"633727,0",2024-10-09,quarta-feira,10:00:00,SC,282,"384,5",JOACABA,Chuva,Saída de leito carroçável,Com Vítimas Feridas,Pleno dia,Decrescente,Chuva,Simples,Declive;Curva,Não,1,0,0,1,0,0,1,1,-27.20396037,-51.51472628,SPRF-SC,DEL07-SC,UOP05-DEL07-SC,2024
"633766,0",2024-10-09,quarta-feira,17:20:00,SC,470,"13,0",LUIZ ALVES,Pista Escorregadia,Colisão lateral mesmo sentido,Com Vítimas Feridas,Pleno dia,Decrescente,Chuva,Dupla,Curva,Sim,2,0,1,0,1,0,1,2,-26.839108,-48.766262,SPRF-SC,DEL04-SC,UOP04-DEL04-SC,2024
"633796,0",2024-10-10,quinta-feira,05:45:00,SC,101,"188,0",BIGUACU,Condutor Dormindo,Saída de leito carroçável,Com Vítimas Feridas,Pleno dia,Crescente,Chuva,Múltipla,Reta,Não,2,0,1,0,0,1,1,2,-27.45123421,-48.63370766,SPRF-SC,DEL01-SC,UOP01-DEL01-SC,2024
"633874,0",2024-10-10,quinta-feira,12:50:00,SC,280,"8,9",SAO FRANCISCO DO SUL,Acesso irregular,Colisão lateral mesmo sentido,Com Vítimas Feridas,Pleno dia,Crescente,Chuva,Simples,Reta,Sim,3,0,0,1,1,2,1,4,-26.28425754,-48.64638805,SPRF-SC,DEL03-SC,UOP03-DEL03-SC,2024
"633876,0",2024-10-10,quinta-feira,11:50:00,SC,101,"6,0",GARUVA,Chuva,Colisão traseira,Com Vítimas Feridas,Pleno dia,Crescente,Chuva,Dupla,Reta,Sim,6,0,2,0,4,0,2,2,-26.02692002,-48.86142017,SPRF-SC,DEL03-SC,UOP01-DEL03-SC,2024
"633878,0",2024-10-10,quinta-feira,11:16:00,SC,163,"72,0",SAO MIGUEL DO OESTE,Reação tardia ou ineficiente do condutor,Queda de ocupante de veículo,Com Vítimas Feridas,Pleno dia,Crescente,Céu Claro,Dupla,Reta;Declive;Retorno Regulamentado,Sim,2,0,1,0,1,0,1,2,-26.71908804,-53.5157791,SPRF-SC,DEL07-SC,UOP03-DEL07-SC,2024
"633901,0",2024-10-10,quinta-feira,09:15:00,SC,101,"145,0",ITAPEMA,Reação tardia ou ineficiente do condutor,Colisão lateral mesmo sentido,Sem Vítimas,Pleno dia,Decrescente,Chuva,Múltipla,Reta,Sim,3,0,0,0,2,1,0,2,-27.08139206,-48.60130993,SPRF-SC,DEL04-SC,UOP03-DEL04-SC,2024
"633902,0",2024-10-10,quinta-feira,14:00:00,SC,470,"63,3",INDAIAL,Acessar a via sem observar a presença dos outros veículos,Colisão transversal,Com Vítimas Feridas,Pleno dia,Decrescente,Chuva,Simples,Reta;Aclive,Não,3,0,0,1,2,0,1,3,-26.87188857,-49.19539332,SPRF-SC,DEL04-SC,UOP01-DEL04-SC,2024
"633904,0",2024-10-10,quinta-feira,13:00:00,SC,101,"155,0",PORTO BELO,Ausência de reação do condutor,Colisão traseira,Com Vítimas Feridas,Pleno dia,Decrescente,Chuva,Dupla,Reta,Sim,2,0,0,1,1,0,1,2,-27.16292,-48.61129,SPRF-SC,DEL04-SC,UOP03-DEL04-SC,2024
"633989,0",2024-10-10,quinta-feira,19:00:00,SC,101,"246,3",PAULO LOPES,Ausência de reação do condutor,Colisão traseira,Com Vítimas Feridas,Plena Noite,Crescente,Chuva,Dupla,Reta,Não,4,0,0,2,1,1,2,3,-27.91036709,-48.64998267,SPRF-SC,DEL02-SC,UOP03-DEL02-SC,2024
"634012,0",2024-10-10,quinta-feira,21:44:00,SC,470,"287,0",BRUNOPOLIS,Ausência de reação do condutor,Saída de leito carroçável,Com Vítimas Feridas,Plena Noite,Decrescente,Chuva,Simples,Reta,Não,1,0,0,1,0,0,1,1,-27.327944,-50.932907,SPRF-SC,DEL07-SC,UOP06-DEL07-SC,2024
"634058,0",2024-10-10,quinta-feira,21:50:00,SC,101,"26,0",JOINVILLE,Chuva,Colisão traseira,Com Vítimas Feridas,Plena Noite,Crescente,Chuva,Dupla,Reta,Sim,2,0,1,0,1,0,1,2,-26.19234802,-48.91210384,SPRF-SC,DEL03-SC,UOP01-DEL03-SC,2024
"634087,0",2024-10-11,sexta-feira,09:00:00,SC,101,"191,9",BIGUACU,Velocidade Incompatível,Colisão com objeto,Com Vítimas Feridas,Pleno dia,Decrescente,Chuva,Simples,Curva,Não,3,0,2,0,1,0,2,2,-27.47730273,-48.64127329,SPRF-SC,DEL01-SC,UOP01-DEL01-SC,2024
"634188,0",2024-10-11,sexta-feira,15:20:00,SC,101,"27,7",JOINVILLE,Reação tardia ou ineficiente do condutor,Colisão lateral mesmo sentido,Com Vítimas Feridas,Pleno dia,Crescente,Chuva,Dupla,Reta;Viaduto,Sim,6,0,2,0,3,2,2,5,-26.20130351,-48.91331794,SPRF-SC,DEL03-SC,UOP01-DEL03-SC,2024
"634205,0",2024-10-11,sexta-feira,17:45:00,SC,282,"30,7",SANTO AMARO DA IMPERATRIZ,Avarias e/ou desgaste excessivo no pneu,Colisão frontal,Com Vítimas Feridas,Plena Noite,Crescente,Chuva,Simples,Curva;Declive,Não,3,0,0,1,1,1,1,3,-27.68859776,-48.79281521,SPRF-SC,DEL01-SC,UOP03-DEL01-SC,2024