id,data_inversa,dia_semana,horario,uf,br,km,municipio,causa_acidente,tipo_acidente,classificacao_acidente,fase_dia,sentido_via,condicao_metereologica,tipo_pista,tracado_via,uso_solo,pessoas,mortos,feridos_leves,feridos_graves,ilesos,ignorados,feridos,veiculos,latitude,longitude,regional,delegacia,uop,ano_arquivo
"634230,0",2024-10-11,sexta-feira,18:28:00,SC,116,"245,0",LAGES,Acessar a via sem observar a presença dos outros veículos,Colisão transversal,Com Vítimas Feridas,Anoitecer,Crescente,Chuva,Simples,Interseção de Vias;Rotatória,Sim,3,0,1,0,2,0,1,2,-27.79976774,-50.36363482,SPRF-SC,DEL05-SC,UOP01-DEL05-SC,2024
"634255,0",2024-10-11,sexta-feira,20:20:00,SC,101,"53,5",JOINVILLE,Condutor deixou de manter distância do veículo da frente,Colisão com objeto,Com Vítimas Feridas,Plena Noite,Crescente,Chuva,Dupla,Curva,Não,2,0,1,0,0,1,1,2,-26.40231201,-48.83969703,SPRF-SC,DEL03-SC,UOP01-DEL03-SC,2024
"634257,0",2024-10-11,sexta-feira,21:00:00,SC,101,"131,3",CAMBORIU,Pedestre cruzava a pista fora da faixa,Atropelamento de Pedestre,Com Vítimas Fatais,Pleno dia,Crescente,Chuva,Múltipla,Reta,Sim,3,1,0,0,1,1,0,3,-26.99243516,-48.66155863,SPRF-SC,DEL04-SC,UOP03-DEL04-SC,2024
"634272,0",2024-10-11,sexta-feira,19:05:00,SC,280,"5,2",SAO FRANCISCO DO SUL,Ingestão de álcool pelo condutor,Tombamento,Sem Vítimas,Plena Noite,Crescente,Chuva,Simples,Reta;Interseção de Vias,Sim,2,0,0,0,1,3,0,4,-26.26011706,-48.62571995,SPRF-SC,DEL03-SC,UOP03-DEL03-SC,2024
"634287,0",2024-10-11,sexta-feira,22:00:00,SC,470,"126,0",LONTRAS,Velocidade Incompatível,Colisão frontal,Com Vítimas Fatais,Plena Noite,Crescente,Garoa/Chuvisco,Simples,Curva,Sim,4,1,0,0,2,1,0,4,-27.1319749,-49.5385924,SPRF-SC,DEL04-SC,UOP02-DEL04-SC,2024
"634305,0",2024-10-12,sábado,00:10:00,SC,101,"38,0",JOINVILLE,Condutor Dormindo,Colisão lateral mesmo sentido,Com Vítimas Feridas,Plena Noite,Crescente,Nublado,Dupla,Reta,Sim,5,0,1,1,2,1,2,4,-26.25472505,-48.90561309,SPRF-SC,DEL03-SC,UOP01-DEL03-SC,2024
"634323,0",2024-10-12,sábado,00:30:00,SC,282,"82,9",ALFREDO WAGNER,Transitar na contramão,Colisão frontal,Com Vítimas Fatais,Plena Noite,Decrescente,Nublado,Simples,Curva;Aclive,Não,8,1,0,0,5,3,0,4,-27.66549149,-49.17610824,SPRF-SC,DEL01-SC,UOP03-DEL01-SC,2024
"634432,0",2024-10-12,sábado,13:00:00,SC,101,"376,4",ICARA,Condutor Dormindo,Colisão traseira,Com Vítimas Feridas,Pleno dia,Crescente,Nublado,Dupla,Reta,Sim,5,0,2,1,1,1,3,3,-28.72736111,-49.24066084,SPRF-SC,DEL02-SC,UOP01-DEL02-SC,2024
"634529,0",2024-10-13,domingo,01:30:00,SC,280,"22,6",ARAQUARI,Ingestão de álcool pelo condutor,Colisão transversal,Com Vítimas Feridas,Plena Noite,Crescente,Nublado,Simples,Reta,Não,4,0,1,0,2,3,1,5,-26.37092616,-48.70204099,SPRF-SC,DEL03-SC,UOP03-DEL03-SC,2024
"634629,0",2024-10-13,domingo,16:00:00,SC,101,"144,0",ITAPEMA,Trafegar com motocicleta (ou similar) entre as faixas,Colisão traseira,Com Vítimas Feridas,Pleno dia,Decrescente,Céu Claro,Dupla,Reta,Sim,5,0,2,0,2,1,2,4,-27.0732659,-48.59672716,SPRF-SC,DEL04-SC,UOP03-DEL04-SC,2024
"634642,0",2024-10-13,domingo,16:00:00,SC,101,"17,8",BIGUACU,Avarias e/ou desgaste excessivo no pneu,Saída de leito carroçável,Sem Vítimas,Pleno dia,Decrescente,Céu Claro,Dupla,Reta,Não,3,0,0,0,3,0,0,1,-27.4946,-48.6561,SPRF-SC,DEL01-SC,UOP01-DEL01-SC,2024
"634651,0",2024-10-13,domingo,16:58:00,SC,101,"49,2",JOINVILLE,Ausência de reação do condutor,Tombamento,Com Vítimas Feridas,Pleno dia,Decrescente,Nublado,Múltipla,Curva,Não,2,0,1,0,1,0,1,2,-26.385092,-48.848711,SPRF-SC,DEL03-SC,UOP01-DEL03-SC,2024
"634653,0",2024-10-13,domingo,13:40:00,SC,116,"25,3",ITAIOPOLIS,Manobra de mudança de faixa,Colisão lateral mesmo sentido,Com Vítimas Feridas,Pleno dia,Crescente,Céu Claro,Simples,Reta;Aclive,Não,5,0,2,0,2,1,2,3,-26.28051002,-49.92717199,SPRF-SC,DEL06-SC,UOP01-DEL06-SC,2024
"634661,0",2024-10-13,domingo,17:42:00,SC,280,"28,0",ARAQUARI,Ausência de reação do condutor,Colisão lateral mesmo sentido,Sem Vítimas,Pleno dia,Decrescente,Céu Claro,Simples,Curva,Não,3,0,0,0,2,2,0,4,-26.41293423,-48.7567234,SPRF-SC,DEL03-SC,UOP03-DEL03-SC,2024
"634770,0",2024-10-13,domingo,21:40:00,SC,280,"119,4",SAO BENTO DO SUL,Ausência de reação do condutor,Tombamento,Com Vítimas Feridas,Plena Noite,Crescente,Céu Claro,Simples,Curva,Sim,5,0,3,0,1,1,3,2,-26.26519673,-49.434177,SPRF-SC,DEL06-SC,UOP03-DEL06-SC,2024
"634891,0",2024-10-14,segunda-feira,12:30:00,SC,280,"103,4",SAO BENTO DO SUL,Pista Escorregadia,Tombamento,Sem Vítimas,Pleno dia,Decrescente,Garoa/Chuvisco,Simples,Curva;Declive,Não,1,0,0,0,1,0,0,1,-26.35967199,-49.347507,SPRF-SC,DEL06-SC,UOP03-DEL06-SC,2024
"634914,0",2024-10-14,segunda-feira,15:50:00,SC,282,"40,8",AGUAS MORNAS,Acesso irregular,Colisão traseira,Com Vítimas Feridas,Pleno dia,Crescente,Nublado,Simples,Reta,Sim,3,0,1,1,1,0,2,2,-27.716148,-48.869583,SPRF-SC,DEL01-SC,UOP03-DEL01-SC,2024
"634919,0",2024-10-14,segunda-feira,17:50:00,SC,101,"148,0",ITAPEMA,Condutor deixou de manter distância do veículo da frente,Colisão transversal,Com Vítimas Feridas,Anoitecer,Crescente,Céu Claro,Dupla,Reta,Sim,4,0,2,0,2,0,2,2,-27.10123686,-48.61807962,SPRF-SC,DEL04-SC,UOP03-DEL04-SC,2024
"634921,0",2024-10-14,segunda-feira,12:40:00,SC,101,"99,1",BALNEARIO PICARRAS,Transitar no Acostamento,Colisão traseira,Com Vítimas Fatais,Pleno dia,Decrescente,Nublado,Dupla,Reta,Não,3,1,0,1,0,2,1,4,-26.7471002,-48.69654831,SPRF-SC,DEL03-SC,UOP02-DEL03-SC,2024
"635042,0",2024-10-15,terça-feira,09:50:00,SC,470,"148,7",AGRONOMICA,Reação tardia ou ineficiente do condutor,Colisão traseira,Com Vítimas Feridas,Pleno dia,Crescente,Chuva,Simples,Reta;Em Obras,Não,2,0,1,0,1,0,1,2,-27.25039475,-49.70000267,SPRF-SC,DEL04-SC,UOP02-DEL04-SC,2024
"635059,0",2024-10-15,terça-feira,10:45:00,SC,480,"129,0",CHAPECO,Desrespeitar a preferência no cruzamento,Colisão transversal,Com Vítimas Feridas,Pleno dia,Crescente,Nublado,Simples,Interseção de Vias,Sim,3,0,1,0,2,0,1,2,-27.04265612,-52.63560053,SPRF-SC,DEL07-SC,UOP01-DEL07-SC,2024
"635072,0",2024-10-15,terça-feira,09:00:00,SC,116,"15,5",MAFRA,Transitar na contramão,Colisão frontal,Com Vítimas Fatais,Pleno dia,Crescente,Nublado,Simples,Curva;Aclive,Não,9,1,4,0,3,2,4,7,-26.2069779,-49.8827644,SPRF-SC,DEL06-SC,UOP01-DEL06-SC,2024
"635086,0",2024-10-15,terça-feira,05:41:00,SC,282,"67,0",RANCHO QUEIMADO,Acessar a via sem observar a presença dos outros veículos,Colisão lateral sentido oposto,Com Vítimas Feridas,Amanhecer,Crescente,Chuva,Simples,Reta,Não,4,0,0,1,1,3,1,5,-27.695963,-49.0695,SPRF-SC,DEL01-SC,UOP03-DEL01-SC,2024
"635119,0",2024-10-15,terça-feira,17:00:00,SC,470,"160,8",TROMBUDO CENTRAL,Mal súbito do condutor,Tombamento,Com Vítimas Feridas,Pleno dia,Decrescente,Céu Claro,Simples,Curva;Aclive,Não,2,0,0,1,0,1,1,2,-27.28526052,-49.8035574,SPRF-SC,DEL04-SC,UOP02-DEL04-SC,2024
"635176,0",2024-10-15,terça-feira,18:15:00,SC,470,"105,6",APIUNA,Reação tardia ou ineficiente do condutor,Engavetamento,Com Vítimas Feridas,Anoitecer,Decrescente,Garoa/Chuvisco,Simples,Reta,Não,5,0,1,0,3,2,1,6,-27.066006,-49.417019,SPRF-SC,DEL04-SC,UOP02-DEL04-SC,2024
"635186,0",2024-10-15,terça-feira,17:40:00,SC,101,"137,8",BALNEARIO CAMBORIU,Ausência de reação do condutor,Colisão traseira,Com Vítimas Feridas,Anoitecer,Decrescente,Nublado,Múltipla,Reta,Sim,8,0,3,0,4,2,3,7,-27.0157238,-48.61192763,SPRF-SC,DEL04-SC,UOP03-DEL04-SC,2024
"635197,0",2024-10-15,terça-feira,22:40:00,SC,101,"15,6",GARUVA,Ausência de reação do condutor,Colisão traseira,Com Vítimas Feridas,Plena Noite,Crescente,Nublado,Dupla,Reta;Aclive,Não,3,0,0,1,1,2,1,4,-26.10609917,-48.87224159,SPRF-SC,DEL03-SC,UOP01-DEL03-SC,2024
"635207,0",2024-10-15,terça-feira,07:55:00,SC,282,"501,3",XANXERE,Desrespeitar a preferência no cruzamento,Colisão transversal,Com Vítimas Feridas,Pleno dia,Decrescente,Nublado,Dupla,Interseção de Vias,Sim,3,0,1,0,1,1,1,3,-26.882715,-52.381729,SPRF-SC,DEL07-SC,UOP01-DEL07-SC,2024
"635258,0",2024-10-16,quarta-feira,07:00:00,SC,101,"40,5",JOINVILLE,Manobra de mudança de faixa,Colisão lateral mesmo sentido,Sem Vítimas,Pleno dia,Decrescente,Sol,Dupla,Reta,Sim,2,0,0,0,2,0,0,2,-26.31096799,-48.8763392,SPRF-SC,DEL03-SC,UOP01-DEL03-SC,2024
"635265,0",2024-10-16,quarta-feira,10:48:00,SC,101,"151,0",ITAPEMA,Reação tardia ou ineficiente do condutor,Colisão traseira,Sem Vítimas,Pleno dia,Decrescente,Sol,Múltipla,Reta,Sim,3,0,0,0,2,2,0,4,-27.126536,-48.609642,SPRF-SC,DEL04-SC,UOP03-DEL04-SC,2024
"635327,0",2024-10-16,quarta-feira,15:20:00,SC,101,"123,8",ITAJAI,Demais falhas mecânicas ou elétricas,Incêndio,Sem Vítimas,Pleno dia,Decrescente,Céu Claro,Dupla,Reta,Sim,2,0,0,0,1,2,0,3,-26.93668609,-48.69876905,SPRF-SC,DEL04-SC,UOP04-DEL04-SC,2024
"635335,0",2024-05-19,domingo,21:45:00,SC,282,"571,4",PINHALZINHO,Suicídio (presumido),Colisão frontal,Com Vítimas Fatais,Plena Noite,Decrescente,Chuva,Simples,Curva,Não,4,1,1,1,1,0,2,2,-26.8910952,-52.931977,SPRF-SC,DEL07-SC,UOP02-DEL07-SC,2024
"635394,0",2024-10-17,quinta-feira,00:30:00,SC,101,"12,0",GARUVA,Condutor Dormindo,Colisão traseira,Com Vítimas Feridas,Plena Noite,Crescente,Nublado,Dupla,Aclive,Não,3,0,1,0,1,2,1,4,-26.08104399,-48.86175612,SPRF-SC,DEL03-SC,UOP01-DEL03-SC,2024
"635484,0",2024-10-17,quinta-feira,11:54:00,SC,101,"207,0",SAO JOSE,Reação tardia ou ineficiente do condutor,Colisão traseira,Com Vítimas Feridas,Pleno dia,Crescente,Céu Claro,Múltipla,Reta,Não,4,0,1,0,3,0,1,3,-27.5987844,-48.62169212,SPRF-SC,DEL01-SC,UOP01-DEL01-SC,2024
"635566,0",2024-10-17,quinta-feira,18:55:00,SC,470,"59,8",BLUMENAU,Ausência de reação do condutor,Colisão traseira,Sem Vítimas,Plena Noite,Decrescente,Nublado,Simples,Reta,Sim,3,0,0,0,2,1,0,3,-26.88166611,-49.16365034,SPRF-SC,DEL04-SC,UOP01-DEL04-SC,2024
"635631,0",2024-10-18,sexta-feira,05:15:00,SC,282,"540,5",CHAPECO,Condutor deixou de manter distância do veículo da frente,Colisão traseira,Com Vítimas Feridas,Plena Noite,Decrescente,Céu Claro,Simples,Reta,Não,9,0,6,0,3,0,6,2,-26.994461,-52.690178,SPRF-SC,DEL07-SC,UOP01-DEL07-SC,2024
"635653,0",2024-10-18,sexta-feira,08:00:00,SC,101,"214,2",PALHOCA,Trafegar com motocicleta (ou similar) entre as faixas,Colisão traseira,Com Vítimas Feridas,Pleno dia,Crescente,Nublado,Dupla,Reta,Sim,4,0,1,0,2,1,1,3,-27.64443,-48.67057,SPRF-SC,DEL01-SC,UOP02-DEL01-SC,2024
"635726,0",2024-10-18,sexta-feira,15:00:00,SC,282,"2,0",FLORIANOPOLIS,Acessar a via sem observar a presença dos outros veículos,Colisão transversal,Com Vítimas Feridas,Pleno dia,Crescente,Nublado,Dupla,Interseção de Vias,Não,2,0,1,0,1,0,1,2,-27.603289,-48.590416,SPRF-SC,DEL01-SC,UOP01-DEL01-SC,2024
"635732,0",2024-10-18,sexta-feira,08:45:00,SC,116,"240,0",LAGES,Carga excessiva e/ou mal acondicionada,Derramamento de carga,Com Vítimas Feridas,Pleno dia,Crescente,Céu Claro,Simples,Reta;Declive,Não,4,0,1,0,3,0,1,3,-27.75844898,-50.33475912,SPRF-SC,DEL05-SC,UOP01-DEL05-SC,2024
"635736,0",2024-10-18,sexta-feira,15:10:00,SC,282,"569,5",NOVA ERECHIM,Transitar na contramão,Colisão lateral sentido oposto,Sem Vítimas,Pleno dia,Crescente,Céu Claro,Simples,Curva,Não,4,0,0,0,4,0,0,2,-26.8980333,-52.9167472,SPRF-SC,DEL07-SC,UOP02-DEL07-SC,2024
"635801,0",2024-10-18,sexta-feira,20:10:00,SC,101,"367,5",ICARA,Ausência de reação do condutor,Colisão traseira,Com Vítimas Feridas,Plena Noite,Crescente,Céu Claro,Múltipla,Reta,Não,3,0,1,0,1,2,1,4,-28.69145778,-49.16484911,SPRF-SC,DEL02-SC,UOP01-DEL02-SC,2024
"635805,0",2024-10-18,sexta-feira,15:30:00,SC,101,"385,0",ICARA,Ausência de reação do condutor,Saída de leito carroçável,Sem Vítimas,Pleno dia,Crescente,Céu Claro,Múltipla,Declive,Não,1,0,0,0,1,0,0,1,-28.77675081,-49.31999808,SPRF-SC,DEL02-SC,UOP02-DEL02-SC,2024
"635880,0",2024-07-19,sexta-feira,02:10:00,SC,101,"106,3",PENHA,Velocidade Incompatível,Colisão traseira,Sem Vítimas,Plena Noite,Crescente,Céu Claro,Dupla,Aclive,Não,3,0,0,0,2,2,0,4,-26.81031601,-48.68293896,SPRF-SC,DEL03-SC,UOP02-DEL03-SC,2024
"635917,0",2024-10-19,sábado,10:25:00,SC,280,"99,1",SAO BENTO DO SUL,Pista Escorregadia,Saída de leito carroçável,Com Vítimas Feridas,Pleno dia,Crescente,Chuva,Simples,Curva,Não,2,0,1,0,1,0,1,1,-26.37147413,-49.3304801,SPRF-SC,DEL06-SC,UOP03-DEL06-SC,2024
"635983,0",2024-10-19,sábado,15:20:00,SC,163,"91,0",GUARACIABA,Velocidade Incompatível,Saída de leito carroçável,Com Vítimas Feridas,Pleno dia,Crescente,Céu Claro,Simples,Reta;Aclive,Não,4,0,1,0,1,3,1,5,-26.55862536,-53.51206275,SPRF-SC,DEL07-SC,UOP03-DEL07-SC,2024
"636047,0",2024-10-19,sábado,12:00:00,SC,101,"142,0",ITAPEMA,Carga excessiva e/ou mal acondicionada,Derramamento de carga,Sem Vítimas,Pleno dia,Crescente,Nublado,Dupla,Curva,Sim,2,0,0,0,1,1,0,2,-27.056089,-48.599449,SPRF-SC,DEL04-SC,UOP03-DEL04-SC,2024
"636108,0",2024-10-20,domingo,06:00:00,SC,470,"265,5",CURITIBANOS,Ausência de reação do condutor,Colisão frontal,Sem Vítimas,Pleno dia,Decrescente,Nublado,Simples,Curva,Não,3,0,0,0,2,1,0,3,-27.30501215,-50.71881082,SPRF-SC,DEL05-SC,UOP03-DEL05-SC,2024
"636169,0",2024-10-20,domingo,11:10:00,SC,282,"255,0",SAO JOSE DO CERRITO,Acessar a via sem observar a presença dos outros veículos,Colisão transversal,Com Vítimas Feridas,Pleno dia,Decrescente,Céu Claro,Simples,Rotatória;Retorno Regulamentado,Não,2,0,1,0,1,0,1,2,-27.67445174,-50.57406485,SPRF-SC,DEL05-SC,UOP02-DEL05-SC,2024
"636178,0",2024-10-20,domingo,09:20:00,SC,470,"245,4",CURITIBANOS,Transitar na contramão,Colisão frontal,Com Vítimas Fatais,Pleno dia,Crescente,Nublado,Simples,Reta,Não,2,1,1,0,0,0,1,2,-27.3151471,-50.5305385,SPRF-SC,DEL05-SC,UOP03-DEL05-SC,2024
"636324,0",2024-10-20,domingo,20:25:00,SC,282,"437,0",IRANI,Desrespeitar a preferência no cruzamento,Colisão transversal,Com Vítimas Feridas,Plena Noite,Decrescente,Céu Claro,Simples,Interseção de Vias,Sim,2,0,1,0,1,0,1,2,-26.96955938,-51.85468554,SPRF-SC,DEL07-SC,UOP04-DEL07-SC,2024
"636335,0",2024-10-20,domingo,21:30:00,SC,101,"128,0",CAMBORIU,Ingestão de álcool pelo condutor,Colisão lateral mesmo sentido,Sem Vítimas,Plena Noite,Crescente,Céu Claro,Dupla,Reta,Não,3,0,0,0,2,1,0,3,-26.97284292,-48.68299451,SPRF-SC,DEL04-SC,UOP04-DEL04-SC,2024
"636381,0",2024-10-21,segunda-feira,06:00:00,SC,101,"139,0",BALNEARIO CAMBORIU,Reação tardia ou ineficiente do condutor,Colisão traseira,Com Vítimas Feridas,Amanhecer,Crescente,Chuva,Simples,Curva,Sim,3,0,1,0,2,0,1,3,-27.02982303,-48.60115006,SPRF-SC,DEL04-SC,UOP03-DEL04-SC,2024
"636427,0",2024-10-21,segunda-feira,10:30:00,SC,470,"139,2",RIO DO SUL,Carga excessiva e/ou mal acondicionada,Derramamento de carga,Sem Vítimas,Pleno dia,Crescente,Garoa/Chuvisco,Múltipla,Retorno Regulamentado,Sim,2,0,0,0,1,1,0,2,-27.217564,-49.65461,SPRF-SC,DEL04-SC,UOP02-DEL04-SC,2024
"636452,0",2024-10-21,segunda-feira,12:00:00,SC,282,"450,4",PONTE SERRADA,Condutor deixou de manter distância do veículo da frente,Colisão traseira,Com Vítimas Feridas,Pleno dia,Decrescente,Céu Claro,Simples,Declive;Reta,Não,4,0,3,0,0,1,3,2,-26.919556,-51.954494,SPRF-SC,DEL07-SC,UOP04-DEL07-SC,2024
"636543,0",2024-10-09,quarta-feira,15:45:00,SC,282,"486,6",FAXINAL DOS GUEDES,Ultrapassagem Indevida,Colisão lateral sentido oposto,Com Vítimas Feridas,Pleno dia,Crescente,Garoa/Chuvisco,Simples,Reta,Não,7,0,2,0,4,1,2,5,-26.855415,-52.25423,SPRF-SC,DEL07-SC,UOP01-DEL07-SC,2024
"636586,0",2024-10-22,terça-feira,06:00:00,SC,470,"190,0",POUSO REDONDO,Velocidade Incompatível,Tombamento,Com Vítimas Feridas,Pleno dia,Decrescente,Nublado,Simples,Curva,Não,2,0,1,0,0,1,1,2,-27.293324,-50.078678,SPRF-SC,DEL04-SC,UOP02-DEL04-SC,2024
"636594,0",2024-10-22,terça-feira,06:40:00,SC,101,"12,1",GARUVA,Condutor deixou de manter distância do veículo da frente,Colisão traseira,Com Vítimas Feridas,Pleno dia,Crescente,Céu Claro,Dupla,Declive;Reta,Sim,3,0,0,1,1,1,1,3,-26.08104399,-48.86175612,SPRF-SC,DEL03-SC,UOP01-DEL03-SC,2024
"636611,0",2024-10-22,terça-feira,07:30:00,SC,280,"27,0",ARAQUARI,Condutor deixou de manter distância do veículo da frente,Engavetamento,Com Vítimas Feridas,Pleno dia,Crescente,Céu Claro,Simples,Reta,Sim,4,0,1,0,3,0,1,4,-26.39685622,-48.74021969,SPRF-SC,DEL03-SC,UOP03-DEL03-SC,2024
"636669,0",2024-10-22,terça-feira,12:05:00,SC,101,"94,0",BARRA VELHA,Ausência de reação do condutor,Colisão traseira,Sem Vítimas,Pleno dia,Crescente,Céu Claro,Dupla,Reta,Não,4,0,0,0,3,1,0,4,-26.69940401,-48.69902784,SPRF-SC,DEL03-SC,UOP02-DEL03-SC,2024
"636777,0",2024-10-22,terça-feira,23:05:00,SC,101,"231,4",PALHOCA,Reação tardia ou ineficiente do condutor,Colisão lateral mesmo sentido,Com Vítimas Fatais,Plena Noite,Crescente,Céu Claro,Dupla,Reta,Não,7,1,0,0,5,2,0,7,-27.78816,-48.63643,SPRF-SC,DEL01-SC,UOP02-DEL01-SC,2024
"636795,0",2024-10-23,quarta-feira,06:30:00,SC,101,"148,0",ITAPEMA,Reação tardia ou ineficiente do condutor,Colisão traseira,Com Vítimas Feridas,Pleno dia,Decrescente,Céu Claro,Dupla,Reta,Não,4,0,0,1,2,1,1,4,-27.10123686,-48.61807962,SPRF-SC,DEL04-SC,UOP03-DEL04-SC,2024
"636822,0",2024-10-21,segunda-feira,07:20:00,SC,280,"50,0",GUARAMIRIM,Transitar na contramão,Colisão frontal,Com Vítimas Feridas,Pleno dia,Decrescente,Chuva,Simples,Em Obras;Desvio Temporário,Não,2,0,1,0,1,0,1,2,-26.463722,-48.949568,SPRF-SC,DEL03-SC,UOP03-DEL03-SC,2024
"636844,0",2024-10-23,quarta-feira,10:00:00,SC,101,"190,1",BIGUACU,Demais falhas mecânicas ou elétricas,Colisão com objeto,Com Vítimas Feridas,Pleno dia,Crescente,Nublado,Dupla,Reta,Não,1,0,1,0,0,0,1,1,-27.468056,-48.641712,SPRF-SC,DEL01-SC,UOP01-DEL01-SC,2024
"636898,0",2024-10-23,quarta-feira,13:00:00,SC,470,"1,3",NAVEGANTES,Manobra de mudança de faixa,Colisão lateral mesmo sentido,Com Vítimas Feridas,Pleno dia,Decrescente,Céu Claro,Múltipla,Reta,Sim,2,0,1,0,0,1,1,2,-26.875383,-48.668285,SPRF-SC,DEL04-SC,UOP04-DEL04-SC,2024
"636993,0",2024-10-24,quinta-feira,05:00:00,SC,101,"6,2",GARUVA,Ausência de reação do condutor,Colisão traseira,Com Vítimas Feridas,Amanhecer,Decrescente,Céu Claro,Dupla,Reta,Não,3,0,1,0,1,2,1,4,-26.02692002,-48.86142017,SPRF-SC,DEL03-SC,UOP01-DEL03-SC,2024
"636998,0",2024-10-24,quinta-feira,06:50:00,SC,101,"150,7",ITAPEMA,Manobra de mudança de faixa,Colisão lateral mesmo sentido,Com Vítimas Feridas,Pleno dia,Crescente,Céu Claro,Múltipla,Reta,Sim,2,0,1,0,1,0,1,2,-27.12215775,-48.60943794,SPRF-SC,DEL04-SC,UOP03-DEL04-SC,2024
"637055,0",2024-10-24,quinta-feira,08:15:00,SC,282,"343,9",CAMPOS NOVOS,Desrespeitar a preferência no cruzamento,Colisão transversal,Com Vítimas Feridas,Pleno dia,Crescente,Céu Claro,Simples,Reta,Sim,4,0,2,0,2,0,2,2,-27.387402,-51.232861,SPRF-SC,DEL07-SC,UOP06-DEL07-SC,2024
"637057,0",2024-10-24,quinta-feira,11:30:00,SC,101,"152,5",ITAPEMA,Reação tardia ou ineficiente do condutor,Colisão traseira,Com Vítimas Feridas,Pleno dia,Crescente,Céu Claro,Dupla,Reta,Não,2,0,0,1,1,0,1,2,-27.13563503,-48.61004665,SPRF-SC,DEL04-SC,UOP03-DEL04-SC,2024
"637065,0",2024-10-24,quinta-feira,11:30:00,SC,101,"330,0",TUBARAO,Ausência de reação do condutor,Colisão traseira,Com Vítimas Feridas,Pleno dia,Crescente,Céu Claro,Múltipla,Reta,Não,2,0,1,0,1,0,1,2,-28.45115639,-48.97286879,SPRF-SC,DEL02-SC,UOP01-DEL02-SC,2024
"637066,0",2024-10-11,sexta-feira,05:00:00,SC,470,"82,0",RODEIO,Velocidade Incompatível,Saída de leito carroçável,Com Vítimas Feridas,Plena Noite,Decrescente,Chuva,Simples,Declive;Curva,Não,2,0,1,0,0,1,1,2,-26.958838,-49.324978,SPRF-SC,DEL04-SC,UOP01-DEL04-SC,2024
"637170,0",2024-10-24,quinta-feira,20:00:00,SC,101,"280,2",IMBITUBA,Reação tardia ou ineficiente do condutor,Colisão transversal,Com Vítimas Feridas,Plena Noite,Crescente,Ignorado,Múltipla,Reta,Sim,4,0,2,0,1,1,2,3,-28.17962805,-48.6956297,SPRF-SC,DEL02-SC,UOP03-DEL02-SC,2024
"637183,0",2024-10-24,quinta-feira,14:00:00,SC,282,"402,0",JOACABA,Transitar na contramão,Colisão lateral sentido oposto,Com Vítimas Feridas,Pleno dia,Decrescente,Nublado,Simples,Curva,Não,3,0,1,0,1,1,1,3,-27.115656,-51.631065,SPRF-SC,DEL07-SC,UOP05-DEL07-SC,2024
"637210,0",2024-10-25,sexta-feira,03:45:00,SC,470,"23,9",ILHOTA,Demais falhas mecânicas ou elétricas,Incêndio,Sem Vítimas,Plena Noite,Crescente,Nublado,Dupla,Reta,Não,2,0,0,0,1,1,0,2,-26.880913,-48.846237,SPRF-SC,DEL04-SC,UOP04-DEL04-SC,2024
"637277,0",2024-10-25,sexta-feira,09:00:00,SC,282,"134,0",BOM RETIRO,Acessar a via sem observar a presença dos outros veículos,Colisão lateral mesmo sentido,Com Vítimas Feridas,Pleno dia,Decrescente,Céu Claro,Simples,Reta,Não,2,0,1,0,1,0,1,2,-27.813074,-49.540077,SPRF-SC,DEL05-SC,UOP01-DEL05-SC,2024
"637292,0",2024-10-25,sexta-feira,12:40:00,SC,116,"22,0",ITAIOPOLIS,Ultrapassagem Indevida,Colisão lateral mesmo sentido,Com Vítimas Feridas,Pleno dia,Decrescente,Céu Claro,Simples,Reta,Não,5,0,2,1,1,1,3,3,-26.2574752,-49.91194265,SPRF-SC,DEL06-SC,UOP01-DEL06-SC,2024
"637294,0",2024-09-12,quinta-feira,21:20:00,SC,101,"69,6",ARAQUARI,Reação tardia ou ineficiente do condutor,Colisão lateral mesmo sentido,Com Vítimas Feridas,Plena Noite,Decrescente,Nublado,Dupla,Reta,Não,4,0,1,0,1,2,1,4,-26.50298009,-48.72814515,SPRF-SC,DEL03-SC,UOP02-DEL03-SC,2024
"637307,0",2024-10-25,sexta-feira,13:30:00,SC,101,"100,1",BALNEARIO PICARRAS,Ingestão de substâncias psicoativas pelo condutor,Colisão com objeto,Sem Vítimas,Pleno dia,Crescente,Céu Claro,Dupla,Reta,Sim,2,0,0,0,1,1,0,2,-26.75482787,-48.68993675,SPRF-SC,DEL03-SC,UOP02-DEL03-SC,2024
"637340,0",2024-10-25,sexta-feira,16:15:00,SC,101,"42,0",JOINVILLE,Velocidade Incompatível,Engavetamento,Com Vítimas Feridas,Pleno dia,Decrescente,Céu Claro,Dupla,Aclive,Sim,4,0,1,1,1,1,2,4,-26.29251598,-48.88474385,SPRF-SC,DEL03-SC,UOP01-DEL03-SC,2024
"637341,0",2024-10-25,sexta-feira,15:00:00,SC,282,"73,1",RANCHO QUEIMADO,Velocidade Incompatível,Colisão frontal,Com Vítimas Fatais,Pleno dia,Crescente,Sol,Simples,Reta,Não,4,1,0,0,1,3,0,5,-27.682188,-49.11416,SPRF-SC,DEL01-SC,UOP03-DEL01-SC,2024
"637404,0",2024-10-25,sexta-feira,20:50:00,SC,116,"99,0",MONTE CASTELO,Retorno proibido,Colisão transversal,Com Vítimas Feridas,Plena Noite,Decrescente,Céu Claro,Simples,Reta,Não,2,0,1,0,1,0,1,2,-26.70617499,-50.29253434,SPRF-SC,DEL06-SC,UOP02-DEL06-SC,2024