id,data_inversa,dia_semana,horario,uf,br,km,municipio,causa_acidente,tipo_acidente,classificacao_acidente,fase_dia,sentido_via,condicao_metereologica,tipo_pista,tracado_via,uso_solo,pessoas,mortos,feridos_leves,feridos_graves,ilesos,ignorados,feridos,veiculos,latitude,longitude,regional,delegacia,uop,ano_arquivo
"637430,0",2024-10-26,sábado,00:10:00,SC,101,"196,0",BIGUACU,Reação tardia ou ineficiente do condutor,Colisão traseira,Com Vítimas Feridas,Plena Noite,Decrescente,Céu Claro,Dupla,Reta,Não,2,0,1,0,1,0,1,2,-27.51101091,-48.64322292,SPRF-SC,DEL01-SC,UOP01-DEL01-SC,2024
"637431,0",2024-10-25,sexta-feira,22:05:00,SC,282,"561,9",NOVA ERECHIM,Problema com o freio,Incêndio,Sem Vítimas,Plena Noite,Crescente,Céu Claro,Simples,Reta;Aclive,Não,2,0,0,0,1,1,0,2,-26.92094111,-52.85992384,SPRF-SC,DEL07-SC,UOP02-DEL07-SC,2024
"637453,0",2024-10-26,sábado,02:30:00,SC,101,"101,0",BALNEARIO PICARRAS,Ausência de reação do condutor,Colisão lateral mesmo sentido,Sem Vítimas,Amanhecer,Decrescente,Nublado,Múltipla,Reta,Não,3,0,0,0,2,1,0,3,-26.76404198,-48.68657667,SPRF-SC,DEL03-SC,UOP02-DEL03-SC,2024
"637469,0",2024-10-26,sábado,05:40:00,SC,101,"368,7",ICARA,Ausência de reação do condutor,Tombamento,Com Vítimas Feridas,Amanhecer,Decrescente,Céu Claro,Múltipla,Curva,Não,2,0,1,0,0,1,1,2,-28.70052584,-49.19403076,SPRF-SC,DEL02-SC,UOP01-DEL02-SC,2024
"637590,0",2024-10-26,sábado,09:00:00,SC,282,"455,0",PONTE SERRADA,Mal súbito do condutor,Saída de leito carroçável,Com Vítimas Feridas,Pleno dia,Crescente,Céu Claro,Simples,Reta,Não,1,0,1,0,0,0,1,1,-26.888617,-51.99427,SPRF-SC,DEL07-SC,UOP04-DEL07-SC,2024
"637649,0",2024-10-26,sábado,22:30:00,SC,101,"122,0",ITAJAI,Ingestão de álcool pelo condutor,Colisão lateral mesmo sentido,Sem Vítimas,Plena Noite,Crescente,Céu Claro,Múltipla,Reta,Sim,3,0,0,0,2,2,0,4,-26.92955916,-48.70499836,SPRF-SC,DEL04-SC,UOP04-DEL04-SC,2024
"637671,0",2024-10-26,sábado,19:00:00,SC,153,"24,7",AGUA DOCE,Ingestão de álcool pelo condutor,Tombamento,Sem Vítimas,Anoitecer,Crescente,Céu Claro,Simples,Reta,Não,3,0,0,0,2,1,0,3,-26.743023,-51.656918,SPRF-SC,DEL07-SC,UOP07-DEL07-SC,2024
"637754,0",2024-10-27,domingo,08:45:00,SC,101,"157,0",PORTO BELO,Problema com o freio,Colisão traseira,Com Vítimas Feridas,Pleno dia,Decrescente,Nublado,Múltipla,Reta,Sim,3,0,1,0,2,0,1,2,-27.181625,-48.6121179,SPRF-SC,DEL04-SC,UOP03-DEL04-SC,2024
"637778,0",2024-10-27,domingo,15:00:00,SC,101,"223,1",PALHOCA,Manobra de mudança de faixa,Colisão lateral mesmo sentido,Com Vítimas Feridas,Pleno dia,Crescente,Nublado,Dupla,Reta;Declive,Não,6,0,1,0,4,1,1,4,-27.71552634,-48.64881251,SPRF-SC,DEL01-SC,UOP02-DEL01-SC,2024
"637866,0",2024-10-27,domingo,20:50:00,SC,101,"420,0",ARARANGUA,Ultrapassagem Indevida,Colisão frontal,Sem Vítimas,Plena Noite,Decrescente,Nublado,Múltipla,Reta,Sim,3,0,0,0,3,0,0,3,-29.00346757,-49.56062436,SPRF-SC,DEL02-SC,UOP02-DEL02-SC,2024
"637886,0",2024-10-27,domingo,22:50:00,SC,101,"271,9",IMBITUBA,Acessar a via sem observar a presença dos outros veículos,Colisão transversal,Sem Vítimas,Plena Noite,Decrescente,Céu Claro,Múltipla,Reta;Interseção de Vias,Não,3,0,0,0,2,1,0,3,-28.12284211,-48.6963737,SPRF-SC,DEL02-SC,UOP03-DEL02-SC,2024
"637991,0",2024-10-28,segunda-feira,12:45:00,SC,101,"118,7",ITAJAI,Condutor deixou de manter distância do veículo da frente,Colisão lateral mesmo sentido,Com Vítimas Feridas,Pleno dia,Decrescente,Céu Claro,Dupla,Reta,Sim,4,0,0,2,1,1,2,4,-26.895859,-48.71903,SPRF-SC,DEL04-SC,UOP04-DEL04-SC,2024
"638099,0",2024-10-28,segunda-feira,21:40:00,SC,116,"155,0",SANTA CECILIA,Velocidade Incompatível,Tombamento,Com Vítimas Feridas,Plena Noite,Decrescente,Céu Claro,Simples,Curva;Declive,Não,2,0,1,0,0,1,1,2,-27.07453696,-50.42919788,SPRF-SC,DEL06-SC,UOP02-DEL06-SC,2024
"638132,0",2024-10-29,terça-feira,07:05:00,SC,101,"138,0",BALNEARIO CAMBORIU,Reação tardia ou ineficiente do condutor,Colisão lateral mesmo sentido,Sem Vítimas,Pleno dia,Decrescente,Nublado,Simples,Curva,Sim,2,0,0,0,2,0,0,2,-27.02397426,-48.60761649,SPRF-SC,DEL04-SC,UOP03-DEL04-SC,2024
"638343,0",2024-10-30,quarta-feira,08:05:00,SC,470,"52,7",BLUMENAU,Ingestão de álcool pelo condutor,Colisão transversal,Com Vítimas Feridas,Pleno dia,Crescente,Nublado,Dupla,Interseção de Vias,Sim,2,0,1,0,1,0,1,2,-26.862286,-49.093903,SPRF-SC,DEL04-SC,UOP01-DEL04-SC,2024
"638377,0",2024-10-30,quarta-feira,12:15:00,SC,101,"118,5",ITAJAI,Desrespeitar a preferência no cruzamento,Colisão transversal,Com Vítimas Feridas,Pleno dia,Decrescente,Nublado,Múltipla,Reta;Interseção de Vias,Sim,2,0,1,0,1,0,1,2,-26.895859,-48.71903,SPRF-SC,DEL04-SC,UOP04-DEL04-SC,2024
"638397,0",2024-10-30,quarta-feira,09:20:00,SC,282,"449,8",PONTE SERRADA,Ultrapassagem Indevida,Colisão frontal,Com Vítimas Fatais,Pleno dia,Crescente,Céu Claro,Simples,Reta,Não,3,1,1,0,0,1,1,3,-26.91958,-51.9340519,SPRF-SC,DEL07-SC,UOP04-DEL07-SC,2024
"638567,0",2024-10-31,quinta-feira,11:50:00,SC,470,"3,8",NAVEGANTES,Acesso irregular,Colisão lateral sentido oposto,Com Vítimas Feridas,Pleno dia,Decrescente,Céu Claro,Dupla,Rotatória;Em Obras,Não,2,0,1,0,1,0,1,2,-26.861937,-48.681618,SPRF-SC,DEL04-SC,UOP04-DEL04-SC,2024
"638581,0",2024-08-30,sexta-feira,23:40:00,SC,101,"210,0",SAO JOSE,Reação tardia ou ineficiente do condutor,Colisão traseira,Com Vítimas Feridas,Plena Noite,Decrescente,Céu Claro,Múltipla,Reta,Sim,3,0,0,1,1,1,1,3,-27.6167305,-48.6457265,SPRF-SC,DEL01-SC,UOP01-DEL01-SC,2024
"638647,0",2024-10-31,quinta-feira,16:50:00,SC,101,"55,0",JOINVILLE,Demais falhas mecânicas ou elétricas,Incêndio,Sem Vítimas,Anoitecer,Decrescente,Céu Claro,Dupla,Reta,Não,1,0,0,0,1,0,0,1,-26.42280898,-48.82977496,SPRF-SC,DEL03-SC,UOP01-DEL03-SC,2024
"638664,0",2024-10-31,quinta-feira,15:10:00,SC,101,"26,8",JOINVILLE,Transitar no Acostamento,Colisão traseira,Com Vítimas Feridas,Pleno dia,Decrescente,Nublado,Dupla,Reta,Sim,2,0,1,0,1,0,1,2,-26.19234802,-48.91210384,SPRF-SC,DEL03-SC,UOP01-DEL03-SC,2024
"638732,0",2024-10-31,quinta-feira,23:05:00,SC,282,"527,3",XAXIM,Ingestão de álcool pelo condutor,Colisão frontal,Com Vítimas Feridas,Plena Noite,Decrescente,Céu Claro,Simples,Curva;Aclive,Não,4,0,1,0,2,2,1,4,-26.97382681,-52.58457363,SPRF-SC,DEL07-SC,UOP01-DEL07-SC,2024
"638734,0",2024-11-01,sexta-feira,06:10:00,SC,101,"9,0",GARUVA,Condutor Dormindo,Colisão traseira,Com Vítimas Feridas,Amanhecer,Crescente,Chuva,Dupla,Reta,Não,3,0,1,0,1,2,1,4,-26.053987,-48.859608,SPRF-SC,DEL03-SC,UOP01-DEL03-SC,2024
"638740,0",2024-11-01,sexta-feira,07:00:00,SC,101,"162,0",TIJUCAS,Manobra de mudança de faixa,Colisão lateral mesmo sentido,Com Vítimas Feridas,Pleno dia,Decrescente,Sol,Dupla,Reta,Sim,2,0,1,0,1,0,1,2,-27.22554009,-48.6279367,SPRF-SC,DEL04-SC,UOP03-DEL04-SC,2024
"638751,0",2024-11-01,sexta-feira,07:45:00,SC,101,"200,0",SAO JOSE,Manobra de mudança de faixa,Colisão traseira,Com Vítimas Feridas,Pleno dia,Decrescente,Céu Claro,Dupla,Reta,Sim,3,0,2,0,1,0,2,2,-27.54018513,-48.62287714,SPRF-SC,DEL01-SC,UOP01-DEL01-SC,2024
"638836,0",2024-11-01,sexta-feira,16:35:00,SC,470,"47,2",BLUMENAU,Transitar no Acostamento,Colisão lateral mesmo sentido,Com Vítimas Feridas,Pleno dia,Crescente,Nublado,Simples,Reta;Em Obras,Sim,2,0,1,0,1,0,1,2,-26.864044,-49.046516,SPRF-SC,DEL04-SC,UOP01-DEL04-SC,2024
"638883,0",2024-11-01,sexta-feira,20:20:00,SC,101,"79,9",BARRA VELHA,Demais falhas mecânicas ou elétricas,Tombamento,Com Vítimas Feridas,Plena Noite,Crescente,Garoa/Chuvisco,Dupla,Aclive,Não,2,0,0,1,0,1,1,2,-26.58559601,-48.72192112,SPRF-SC,DEL03-SC,UOP02-DEL03-SC,2024
"638893,0",2024-11-01,sexta-feira,20:00:00,SC,280,"127,6",RIO NEGRINHO,Ingestão de álcool pelo condutor,Colisão com objeto,Com Vítimas Feridas,Plena Noite,Decrescente,Céu Claro,Simples,Reta;Aclive,Sim,2,0,1,0,0,1,1,2,-26.23943953,-49.50420708,SPRF-SC,DEL06-SC,UOP03-DEL06-SC,2024
"638916,0",2024-11-01,sexta-feira,22:45:00,SC,101,"206,6",SAO JOSE,Chuva,Colisão com objeto,Com Vítimas Feridas,Plena Noite,Crescente,Chuva,Múltipla,Curva,Não,5,0,1,1,2,1,2,4,-27.59760257,-48.62030625,SPRF-SC,DEL01-SC,UOP01-DEL01-SC,2024
"638927,0",2024-11-02,sábado,01:00:00,SC,116,"90,1",MONTE CASTELO,Pedestre - Ingestão de álcool/ substâncias psicoativas,Atropelamento de Pedestre,Com Vítimas Fatais,Plena Noite,Decrescente,Céu Claro,Simples,Reta;Declive,Não,2,1,0,0,0,1,0,2,-26.6367076,-50.2542839,SPRF-SC,DEL06-SC,UOP02-DEL06-SC,2024
"639003,0",2024-11-02,sábado,09:00:00,SC,116,"254,4",LAGES,Ausência de sinalização,Colisão frontal,Com Vítimas Feridas,Pleno dia,Crescente,Chuva,Simples,Rotatória,Não,4,0,3,0,0,1,3,3,-27.870743,-50.39927699,SPRF-SC,DEL05-SC,UOP02-DEL05-SC,2024
"639044,0",2024-11-02,sábado,11:50:00,SC,282,"407,6",CATANDUVAS,Reação tardia ou ineficiente do condutor,Saída de leito carroçável,Com Vítimas Feridas,Pleno dia,Crescente,Garoa/Chuvisco,Simples,Reta,Não,3,0,2,0,1,0,2,1,-27.083517,-51.662014,SPRF-SC,DEL07-SC,UOP05-DEL07-SC,2024
"639050,0",2024-11-02,sábado,11:15:00,SC,116,"139,9",SANTA CECILIA,Acessar a via sem observar a presença dos outros veículos,Colisão transversal,Com Vítimas Fatais,Pleno dia,Crescente,Chuva,Simples,Declive;Reta,Sim,3,1,0,0,1,1,0,3,-26.96392907,-50.41187393,SPRF-SC,DEL06-SC,UOP02-DEL06-SC,2024
"639109,0",2024-11-02,sábado,13:05:00,SC,163,"81,6",GUARACIABA,Ausência de reação do condutor,Saída de leito carroçável,Sem Vítimas,Pleno dia,Decrescente,Chuva,Simples,Curva;Aclive,Não,1,0,0,0,1,0,0,1,-26.64162493,-53.51842645,SPRF-SC,DEL07-SC,UOP03-DEL07-SC,2024
"639168,0",2024-11-02,sábado,22:50:00,SC,282,"407,8",CATANDUVAS,Reação tardia ou ineficiente do condutor,Saída de leito carroçável,Com Vítimas Feridas,Pleno dia,Crescente,Chuva,Simples,Curva;Declive,Não,3,0,2,1,0,0,3,1,-27.083517,-51.662014,SPRF-SC,DEL07-SC,UOP05-DEL07-SC,2024
"639308,0",2024-11-03,domingo,09:55:00,SC,282,"451,9",PONTE SERRADA,Carga excessiva e/ou mal acondicionada,Colisão lateral sentido oposto,Com Vítimas Feridas,Pleno dia,Crescente,Nublado,Simples,Reta,Não,3,0,0,1,1,1,1,3,-26.912806,-51.962536,SPRF-SC,DEL07-SC,UOP04-DEL07-SC,2024
"639318,0",2024-11-03,domingo,16:40:00,SC,101,"58,0",ARAQUARI,Ausência de reação do condutor,Colisão traseira,Com Vítimas Feridas,Pleno dia,Crescente,Chuva,Dupla,Curva;Viaduto,Não,4,0,2,0,1,1,2,3,-26.44025049,-48.80129043,SPRF-SC,DEL03-SC,UOP02-DEL03-SC,2024
"639509,0",2024-11-04,segunda-feira,12:20:00,SC,101,"58,1",ARAQUARI,Reação tardia ou ineficiente do condutor,Colisão traseira,Com Vítimas Feridas,Pleno dia,Decrescente,Chuva,Dupla,Reta,Não,4,0,1,1,1,1,2,4,-26.44025049,-48.80129043,SPRF-SC,DEL03-SC,UOP02-DEL03-SC,2024
"639657,0",2024-11-05,terça-feira,02:30:00,SC,101,"427,0",SOMBRIO,Demais falhas mecânicas ou elétricas,Incêndio,Sem Vítimas,Plena Noite,Decrescente,Garoa/Chuvisco,Múltipla,Reta,Não,3,0,0,0,2,1,0,2,-29.04230728,-49.61375356,SPRF-SC,DEL02-SC,UOP02-DEL02-SC,2024
"639790,0",2024-11-05,terça-feira,17:45:00,SC,101,"22,7",BIGUACU,Reação tardia ou ineficiente do condutor,Saída de leito carroçável,Com Vítimas Feridas,Pleno dia,Decrescente,Céu Claro,Dupla,Reta,Não,2,0,0,1,0,1,1,2,-27.511523,-48.71156,SPRF-SC,DEL01-SC,UOP02-DEL01-SC,2024
"639855,0",2024-11-06,quarta-feira,03:30:00,SC,101,"232,0",PALHOCA,Demais falhas mecânicas ou elétricas,Incêndio,Sem Vítimas,Amanhecer,Crescente,Céu Claro,Dupla,Reta;Aclive,Não,2,0,0,0,1,1,0,2,-27.795666,-48.638153,SPRF-SC,DEL01-SC,UOP02-DEL01-SC,2024
"639959,0",2024-11-06,quarta-feira,15:50:00,SC,282,"16,0",PALHOCA,Conversão proibida,Colisão lateral mesmo sentido,Com Vítimas Feridas,Pleno dia,Crescente,Nublado,Simples,Reta,Não,3,0,1,0,2,0,1,3,-27.658611,-48.681847,SPRF-SC,DEL01-SC,UOP02-DEL01-SC,2024
"639960,0",2024-11-06,quarta-feira,15:40:00,SC,470,"97,6",APIUNA,Reação tardia ou ineficiente do condutor,Colisão traseira,Com Vítimas Feridas,Pleno dia,Decrescente,Céu Claro,Simples,Reta,Não,4,0,1,0,2,1,1,4,-27.026621,-49.378124,SPRF-SC,DEL04-SC,UOP01-DEL04-SC,2024
"640017,0",2024-11-06,quarta-feira,20:30:00,SC,101,"232,0",PALHOCA,Chuva,Colisão lateral mesmo sentido,Com Vítimas Feridas,Plena Noite,Decrescente,Chuva,Dupla,Reta,Não,3,0,1,0,2,0,1,2,-27.795666,-48.638153,SPRF-SC,DEL01-SC,UOP02-DEL01-SC,2024
"640053,0",2024-11-07,quinta-feira,00:30:00,SC,101,"48,3",JOINVILLE,Velocidade Incompatível,Saída de leito carroçável,Com Vítimas Feridas,Plena Noite,Crescente,Chuva,Dupla,Curva,Não,2,0,1,0,1,0,1,1,-26.35345909,-48.85867862,SPRF-SC,DEL03-SC,UOP01-DEL03-SC,2024
"640064,0",2024-11-07,quinta-feira,05:25:00,SC,282,"87,8",ALFREDO WAGNER,Acumulo de óleo sobre o pavimento,Colisão frontal,Com Vítimas Feridas,Plena Noite,Decrescente,Chuva,Simples,Reta;Aclive,Não,5,0,4,0,1,0,4,2,-27.664766,-49.20578,SPRF-SC,DEL01-SC,UOP03-DEL01-SC,2024
"640123,0",2024-08-21,quarta-feira,15:40:00,SC,116,"144,9",SANTA CECILIA,Desrespeitar a preferência no cruzamento,Colisão transversal,Com Vítimas Feridas,Pleno dia,Crescente,Céu Claro,Simples,Reta;Retorno Regulamentado;Interseção de Vias,Não,3,0,1,0,1,1,1,3,-26.99398389,-50.39844506,SPRF-SC,DEL06-SC,UOP02-DEL06-SC,2024
"640173,0",2024-11-07,quinta-feira,16:10:00,SC,101,"53,8",JOINVILLE,Manobra de mudança de faixa,Colisão lateral mesmo sentido,Com Vítimas Feridas,Pleno dia,Crescente,Nublado,Dupla,Reta,Não,4,0,1,0,2,2,1,4,-26.40231201,-48.83969703,SPRF-SC,DEL03-SC,UOP01-DEL03-SC,2024
"640180,0",2024-11-07,quinta-feira,15:10:00,SC,282,"116,8",BOM RETIRO,Reação tardia ou ineficiente do condutor,Colisão traseira,Sem Vítimas,Pleno dia,Crescente,Céu Claro,Simples,Reta,Não,6,0,0,0,3,3,0,4,-27.762548,-49.39983,SPRF-SC,DEL01-SC,UOP03-DEL01-SC,2024
"640280,0",2024-11-08,sexta-feira,05:55:00,SC,101,"239,0",PALHOCA,Reação tardia ou ineficiente do condutor,Saída de leito carroçável,Sem Vítimas,Amanhecer,Crescente,Céu Claro,Dupla,Reta,Não,2,0,0,0,1,1,0,2,-27.85046883,-48.63955216,SPRF-SC,DEL01-SC,UOP02-DEL01-SC,2024
"640290,0",2024-11-08,sexta-feira,04:40:00,SC,470,"127,0",LONTRAS,Ultrapassagem Indevida,Colisão lateral mesmo sentido,Com Vítimas Feridas,Amanhecer,Decrescente,Céu Claro,Simples,Curva;Aclive,Não,3,0,1,0,1,1,1,3,-27.136574,-49.543015,SPRF-SC,DEL04-SC,UOP02-DEL04-SC,2024
"640310,0",2024-11-08,sexta-feira,08:20:00,SC,101,"225,5",PALHOCA,Ingestão de álcool pelo condutor,Colisão lateral mesmo sentido,Com Vítimas Feridas,Pleno dia,Crescente,Céu Claro,Dupla,Aclive,Não,3,0,1,0,1,1,1,3,-27.73292191,-48.6409567,SPRF-SC,DEL01-SC,UOP02-DEL01-SC,2024
"640341,0",2024-11-08,sexta-feira,07:00:00,SC,282,"59,0",RANCHO QUEIMADO,Demais falhas mecânicas ou elétricas,Incêndio,Sem Vítimas,Pleno dia,Crescente,Nublado,Simples,Reta;Aclive,Não,1,0,0,0,1,0,0,1,-27.677965,-49.011559,SPRF-SC,DEL01-SC,UOP03-DEL01-SC,2024
"640369,0",2024-09-13,sexta-feira,08:53:00,SC,470,"53,3",BLUMENAU,Reação tardia ou ineficiente do condutor,Colisão frontal,Com Vítimas Fatais,Pleno dia,Crescente,Céu Claro,Simples,Em Obras;Curva;Aclive,Sim,5,2,0,0,2,1,0,3,-26.868672,-49.1047985,SPRF-SC,DEL04-SC,UOP01-DEL04-SC,2024
"640378,0",2024-11-08,sexta-feira,09:39:00,SC,480,"129,2",CHAPECO,Ultrapassagem Indevida,Colisão frontal,Com Vítimas Feridas,Pleno dia,Crescente,Céu Claro,Simples,Declive;Reta;Interseção de Vias,Sim,2,0,2,0,0,0,2,2,-27.04797237,-52.63565361,SPRF-SC,DEL07-SC,UOP01-DEL07-SC,2024
"640389,0",2024-11-08,sexta-feira,14:50:00,SC,101,"203,0",SAO JOSE,Curva acentuada,Colisão lateral mesmo sentido,Sem Vítimas,Pleno dia,Decrescente,Céu Claro,Múltipla,Curva,Não,2,0,0,0,2,0,0,2,-27.5650044,-48.61460082,SPRF-SC,DEL01-SC,UOP01-DEL01-SC,2024
"640437,0",2024-11-08,sexta-feira,17:15:00,SC,101,"241,8",PALHOCA,Reação tardia ou ineficiente do condutor,Colisão traseira,Com Vítimas Feridas,Pleno dia,Crescente,Sol,Dupla,Reta,Não,4,0,1,1,1,1,2,4,-27.86671599,-48.64607012,SPRF-SC,DEL01-SC,UOP02-DEL01-SC,2024
"640493,0",2024-11-08,sexta-feira,17:35:00,SC,480,"127,0",CHAPECO,Velocidade Incompatível,Colisão lateral mesmo sentido,Com Vítimas Feridas,Pleno dia,Crescente,Céu Claro,Simples,Reta,Sim,3,0,1,0,1,1,1,3,-27.02885905,-52.63380035,SPRF-SC,DEL07-SC,UOP01-DEL07-SC,2024
"640637,0",2024-11-09,sábado,15:00:00,SC,101,"176,0",GOVERNADOR CELSO RAMOS,Manobra de mudança de faixa,Colisão lateral mesmo sentido,Com Vítimas Feridas,Pleno dia,Decrescente,Nublado,Dupla,Curva,Não,7,0,2,0,4,1,2,3,-27.34661396,-48.63300917,SPRF-SC,DEL01-SC,UOP01-DEL01-SC,2024
"640676,0",2024-11-09,sábado,17:45:00,SC,116,"254,3",LAGES,Demais falhas na via,Tombamento,Com Vítimas Feridas,Pleno dia,Decrescente,Céu Claro,Simples,Curva;Rotatória,Não,1,0,1,0,0,0,1,1,-27.86721884,-50.39576317,SPRF-SC,DEL05-SC,UOP02-DEL05-SC,2024
"640907,0",2024-11-10,domingo,17:30:00,SC,101,"12,1",GARUVA,Manobra de mudança de faixa,Colisão lateral mesmo sentido,Com Vítimas Feridas,Pleno dia,Crescente,Nublado,Dupla,Reta,Não,6,0,2,0,3,1,2,3,-26.075393,-48.86128,SPRF-SC,DEL03-SC,UOP01-DEL03-SC,2024
"640995,0",2024-11-10,domingo,21:30:00,SC,116,"64,0",MONTE CASTELO,Ausência de reação do condutor,Colisão traseira,Sem Vítimas,Plena Noite,Crescente,Nublado,Simples,Reta,Não,3,0,0,0,2,1,0,2,-26.41544499,-50.22732716,SPRF-SC,DEL06-SC,UOP02-DEL06-SC,2024
"641092,0",2024-11-11,segunda-feira,11:25:00,SC,101,"118,0",ITAJAI,Acessar a via sem observar a presença dos outros veículos,Colisão lateral mesmo sentido,Com Vítimas Feridas,Pleno dia,Crescente,Céu Claro,Dupla,Reta,Sim,2,0,1,0,1,0,1,2,-26.895859,-48.71903,SPRF-SC,DEL04-SC,UOP04-DEL04-SC,2024
"641105,0",2024-11-06,quarta-feira,05:25:00,SC,282,"574,5",PINHALZINHO,Condutor deixou de manter distância do veículo da frente,Colisão traseira,Com Vítimas Feridas,Amanhecer,Crescente,Céu Claro,Simples,Interseção de Vias,Não,2,0,1,0,1,0,1,2,-26.867399,-52.965149,SPRF-SC,DEL07-SC,UOP02-DEL07-SC,2024
"641146,0",2024-11-11,segunda-feira,16:30:00,SC,101,"181,8",GOVERNADOR CELSO RAMOS,Reação tardia ou ineficiente do condutor,Colisão lateral mesmo sentido,Com Vítimas Feridas,Pleno dia,Decrescente,Céu Claro,Dupla,Reta,Não,2,0,1,0,1,0,1,2,-27.38958699,-48.63197593,SPRF-SC,DEL01-SC,UOP01-DEL01-SC,2024
"641180,0",2024-11-11,segunda-feira,18:00:00,SC,101,"139,0",BALNEARIO CAMBORIU,Condutor deixou de manter distância do veículo da frente,Colisão traseira,Com Vítimas Feridas,Anoitecer,Decrescente,Céu Claro,Simples,Reta,Sim,4,0,1,0,2,1,1,4,-27.03030024,-48.60513568,SPRF-SC,DEL04-SC,UOP03-DEL04-SC,2024
"641209,0",2024-11-11,segunda-feira,19:30:00,SC,101,"272,4",IMBITUBA,Demais falhas mecânicas ou elétricas,Colisão com objeto,Com Vítimas Feridas,Plena Noite,Crescente,Céu Claro,Dupla,Reta,Não,5,0,0,1,3,2,1,5,-28.124268,-48.695993,SPRF-SC,DEL02-SC,UOP03-DEL02-SC,2024
"641216,0",2024-11-11,segunda-feira,20:50:00,SC,470,"74,7",INDAIAL,Transitar na contramão,Colisão frontal,Com Vítimas Fatais,Plena Noite,Decrescente,Céu Claro,Simples,Reta,Não,4,1,0,0,1,2,0,4,-26.9211307,-49.2826063,SPRF-SC,DEL04-SC,UOP01-DEL04-SC,2024
"641265,0",2024-11-12,terça-feira,09:15:00,SC,101,"119,0",ITAJAI,Condutor deixou de manter distância do veículo da frente,Colisão traseira,Sem Vítimas,Pleno dia,Decrescente,Nublado,Dupla,Reta;Em Obras,Sim,3,0,0,0,2,1,0,3,-26.9043179,-48.71555481,SPRF-SC,DEL04-SC,UOP04-DEL04-SC,2024
"641326,0",2024-11-12,terça-feira,14:30:00,SC,101,"214,3",PALHOCA,Trafegar com motocicleta (ou similar) entre as faixas,Colisão traseira,Com Vítimas Feridas,Pleno dia,Decrescente,Nublado,Múltipla,Reta;Aclive,Sim,2,0,0,1,1,0,1,2,-27.64443,-48.67057,SPRF-SC,DEL01-SC,UOP02-DEL01-SC,2024
"641337,0",2024-11-12,terça-feira,09:45:00,SC,470,"141,3",RIO DO SUL,Velocidade Incompatível,Tombamento,Com Vítimas Feridas,Pleno dia,Decrescente,Nublado,Simples,Viaduto;Declive;Curva,Sim,6,0,1,1,3,3,2,8,-27.226065,-49.666161,SPRF-SC,DEL04-SC,UOP02-DEL04-SC,2024
"641345,0",2024-11-06,quarta-feira,09:10:00,SC,101,"119,0",ITAJAI,Ausência de reação do condutor,Colisão lateral mesmo sentido,Sem Vítimas,Pleno dia,Decrescente,Nublado,Dupla,Reta,Não,3,0,0,0,3,0,0,2,-26.9043179,-48.71555481,SPRF-SC,DEL04-SC,UOP04-DEL04-SC,2024
"641358,0",2024-11-12,terça-feira,16:10:00,SC,101,"145,8",ITAPEMA,Ausência de reação do condutor,Engavetamento,Com Vítimas Feridas,Pleno dia,Decrescente,Garoa/Chuvisco,Dupla,Reta,Sim,4,0,1,0,3,0,1,3,-27.08139206,-48.60130993,SPRF-SC,DEL04-SC,UOP03-DEL04-SC,2024
"641431,0",2024-11-12,terça-feira,23:10:00,SC,101,"191,0",BIGUACU,Velocidade Incompatível,Tombamento,Com Vítimas Feridas,Plena Noite,Crescente,Céu Claro,Dupla,Curva,Não,5,0,4,0,1,0,4,2,-27.47730273,-48.64127329,SPRF-SC,DEL01-SC,UOP01-DEL01-SC,2024
"641441,0",2024-11-12,terça-feira,20:40:00,SC,101,"328,8",TUBARAO,Ausência de reação do condutor,Saída de leito carroçável,Com Vítimas Feridas,Plena Noite,Decrescente,Céu Claro,Múltipla,Ponte;Em Obras;Reta,Não,1,0,1,0,0,0,1,1,-28.43648094,-48.95989307,SPRF-SC,DEL02-SC,UOP01-DEL02-SC,2024
"641468,0",2024-11-13,quarta-feira,06:30:00,SC,282,"1,0",FLORIANOPOLIS,Manobra de mudança de faixa,Colisão traseira,Com Vítimas Fatais,Pleno dia,Crescente,Sol,Múltipla,Reta,Sim,4,1,1,0,1,1,1,4,-27.6020104,-48.57936502,SPRF-SC,DEL01-SC,UOP01-DEL01-SC,2024
"641494,0",2024-03-22,sexta-feira,09:08:00,SC,470,"108,8",APIUNA,Transitar na contramão,Colisão lateral sentido oposto,Com Vítimas Feridas,Pleno dia,Crescente,Nublado,Simples,Reta,Sim,3,0,0,1,1,1,1,3,-27.08354425,-49.45174813,SPRF-SC,DEL04-SC,UOP02-DEL04-SC,2024
"641524,0",2024-11-13,quarta-feira,12:20:00,SC,101,"145,5",ITAPEMA,Manobra de mudança de faixa,Colisão lateral mesmo sentido,Com Vítimas Feridas,Pleno dia,Decrescente,Nublado,Dupla,Aclive;Reta,Sim,3,0,1,0,2,0,1,2,-27.08139206,-48.60130993,SPRF-SC,DEL04-SC,UOP03-DEL04-SC,2024
"641532,0",2024-11-13,quarta-feira,13:30:00,SC,470,"54,4",BLUMENAU,Ingestão de álcool pelo condutor,Colisão transversal,Sem Vítimas,Pleno dia,Crescente,Céu Claro,Simples,Interseção de Vias;Declive;Reta;Em Obras,Sim,2,0,0,0,2,0,0,2,-26.87320538,-49.11420822,SPRF-SC,DEL04-SC,UOP01-DEL04-SC,2024