id,data_inversa,dia_semana,horario,uf,br,km,municipio,causa_acidente,tipo_acidente,classificacao_acidente,fase_dia,sentido_via,condicao_metereologica,tipo_pista,tracado_via,uso_solo,pessoas,mortos,feridos_leves,feridos_graves,ilesos,ignorados,feridos,veiculos,latitude,longitude,regional,delegacia,uop,ano_arquivo
"644622,0",2024-11-27,quarta-feira,16:30:00,SC,101,"209,6",SAO JOSE,Condutor desrespeitou a iluminação vermelha do semáforo,Colisão lateral mesmo sentido,Com Vítimas Feridas,Pleno dia,Crescente,Céu Claro,Dupla,Reta,Sim,2,0,1,0,1,0,1,2,-27.61000542,-48.63895057,SPRF-SC,DEL01-SC,UOP01-DEL01-SC,2024
"644634,0",2024-11-27,quarta-feira,15:20:00,SC,101,"440,0",SOMBRIO,Reação tardia ou ineficiente do condutor,Colisão traseira,Com Vítimas Feridas,Pleno dia,Decrescente,Céu Claro,Dupla,Reta;Aclive,Não,2,0,1,0,1,0,1,2,-29.12420083,-49.66719602,SPRF-SC,DEL02-SC,UOP02-DEL02-SC,2024
"644642,0",2024-11-27,quarta-feira,17:00:00,SC,101,"338,4",TUBARAO,Condutor usando celular,Saída de leito carroçável,Com Vítimas Feridas,Pleno dia,Decrescente,Céu Claro,Múltipla,Reta;Ponte,Não,1,0,0,1,0,0,1,1,-28.485725,-49.03726,SPRF-SC,DEL02-SC,UOP01-DEL02-SC,2024
"644661,0",2024-11-27,quarta-feira,18:25:00,SC,282,"36,6",AGUAS MORNAS,Velocidade Incompatível,Colisão frontal,Com Vítimas Fatais,Anoitecer,Decrescente,Chuva,Simples,Curva;Declive,Não,3,1,0,0,1,2,0,4,-27.70619152,-48.83972704,SPRF-SC,DEL01-SC,UOP03-DEL01-SC,2024
"644686,0",2024-11-27,quarta-feira,16:40:00,SC,280,"258,7",CANOINHAS,Condutor Dormindo,Colisão lateral sentido oposto,Com Vítimas Feridas,Pleno dia,Decrescente,Garoa/Chuvisco,Simples,Reta,Não,4,0,1,0,3,0,1,4,-26.26304631,-50.61827002,SPRF-SC,DEL06-SC,UOP04-DEL06-SC,2024
"644708,0",2024-11-27,quarta-feira,22:50:00,SC,101,"97,4",BALNEARIO PICARRAS,Manobra de mudança de faixa,Colisão lateral mesmo sentido,Com Vítimas Feridas,Plena Noite,Crescente,Céu Claro,Dupla,Reta,Não,5,0,0,1,1,3,1,5,-26.72823703,-48.70224928,SPRF-SC,DEL03-SC,UOP02-DEL03-SC,2024
"644720,0",2024-11-28,quinta-feira,04:00:00,SC,101,"463,0",PASSO DE TORRES,Ausência de reação do condutor,Colisão traseira,Com Vítimas Feridas,Plena Noite,Decrescente,Nublado,Dupla,Curva,Não,2,0,0,1,1,0,1,2,-29.25755958,-49.75645244,SPRF-RS,DEL03-RS,UOP02-DEL03-RS,2024
"644741,0",2024-11-28,quinta-feira,05:40:00,SC,280,"154,0",MAFRA,Chuva,Colisão lateral mesmo sentido,Com Vítimas Feridas,Amanhecer,Decrescente,Chuva,Simples,Reta;Declive,Não,3,0,1,0,2,0,1,2,-26.21362587,-49.7181449,SPRF-SC,DEL06-SC,UOP03-DEL06-SC,2024
"644793,0",2024-11-28,quinta-feira,14:30:00,SC,101,"219,1",PALHOCA,Manobra de mudança de faixa,Colisão lateral mesmo sentido,Com Vítimas Feridas,Pleno dia,Crescente,Nublado,Dupla,Reta,Não,4,0,2,0,1,1,2,3,-27.68392194,-48.66710085,SPRF-SC,DEL01-SC,UOP02-DEL01-SC,2024
"644890,0",2024-11-28,quinta-feira,22:54:00,SC,282,"17,4",PALHOCA,Desrespeitar a preferência no cruzamento,Colisão transversal,Com Vítimas Fatais,Plena Noite,Decrescente,Nublado,Simples,Interseção de Vias,Sim,4,2,0,1,1,0,1,3,-27.6691484,-48.6911058,SPRF-SC,DEL01-SC,UOP02-DEL01-SC,2024
"644896,0",2024-11-28,quinta-feira,22:30:00,SC,470,"86,0",ASCURRA,Ultrapassagem Indevida,Colisão lateral sentido oposto,Sem Vítimas,Plena Noite,Decrescente,Céu Claro,Simples,Ponte,Sim,3,0,0,0,3,0,0,3,-26.949951,-49.357296,SPRF-SC,DEL04-SC,UOP01-DEL04-SC,2024
"644902,0",2024-11-28,quinta-feira,21:38:00,SC,282,"341,5",CAMPOS NOVOS,Ingestão de álcool pelo condutor,Colisão frontal,Com Vítimas Feridas,Plena Noite,Decrescente,Céu Claro,Simples,Reta,Sim,3,0,1,1,1,0,2,2,-27.389957,-51.213387,SPRF-SC,DEL07-SC,UOP06-DEL07-SC,2024
"644904,0",2024-11-28,quinta-feira,23:00:00,SC,470,"266,5",CURITIBANOS,Ingestão de álcool pelo condutor,Colisão frontal,Com Vítimas Feridas,Plena Noite,Crescente,Nublado,Simples,Curva,Não,3,0,1,0,1,1,1,3,-27.31199371,-50.7298851,SPRF-SC,DEL05-SC,UOP03-DEL05-SC,2024
"644919,0",2024-11-29,sexta-feira,04:50:00,SC,470,"60,1",BLUMENAU,Acessar a via sem observar a presença dos outros veículos,Colisão com objeto,Com Vítimas Fatais,Amanhecer,Crescente,Nublado,Simples,Reta;Retorno Regulamentado,Sim,4,1,3,0,0,0,3,3,-26.8806919,-49.1670757,SPRF-SC,DEL04-SC,UOP01-DEL04-SC,2024
"644926,0",2024-11-29,sexta-feira,06:50:00,SC,101,"22,0",JOINVILLE,Retorno proibido,Colisão lateral mesmo sentido,Com Vítimas Feridas,Pleno dia,Decrescente,Chuva,Dupla,Reta,Não,3,0,2,0,0,1,2,3,-26.160453,-48.907275,SPRF-SC,DEL03-SC,UOP01-DEL03-SC,2024
"644940,0",2024-11-29,sexta-feira,06:40:00,SC,282,"593,2",SAUDADES,Acessar a via sem observar a presença dos outros veículos,Colisão lateral mesmo sentido,Sem Vítimas,Pleno dia,Decrescente,Sol,Simples,Curva,Não,17,0,0,0,15,3,0,5,-26.826199,-53.10162,SPRF-SC,DEL07-SC,UOP02-DEL07-SC,2024
"645044,0",2024-11-29,sexta-feira,13:30:00,SC,470,"175,0",POUSO REDONDO,Ausência de reação do condutor,Colisão traseira,Sem Vítimas,Pleno dia,Decrescente,Céu Claro,Dupla,Declive;Reta,Sim,3,0,0,0,3,0,0,3,-27.25617,-49.938969,SPRF-SC,DEL04-SC,UOP02-DEL04-SC,2024
"645070,0",2024-11-29,sexta-feira,16:30:00,SC,101,"329,7",TUBARAO,Acessar a via sem observar a presença dos outros veículos,Colisão lateral mesmo sentido,Sem Vítimas,Pleno dia,Decrescente,Nublado,Dupla,Reta;Em Obras,Não,3,0,0,0,2,1,0,3,-28.44404822,-48.96611372,SPRF-SC,DEL02-SC,UOP01-DEL02-SC,2024
"645359,0",2024-12-01,domingo,02:35:00,SC,116,"284,7",CAPAO ALTO,Demais falhas mecânicas ou elétricas,Incêndio,Com Vítimas Feridas,Plena Noite,Crescente,Céu Claro,Simples,Rotatória,Não,1,0,1,0,0,0,1,1,-28.071781,-50.57883399,SPRF-SC,DEL05-SC,UOP02-DEL05-SC,2024
"645360,0",2024-12-01,domingo,03:10:00,SC,101,"63,0",ARAQUARI,Velocidade Incompatível,Tombamento,Com Vítimas Feridas,Plena Noite,Crescente,Céu Claro,Múltipla,Curva,Não,3,0,1,0,2,0,1,2,-26.45898367,-48.7584088,SPRF-SC,DEL03-SC,UOP02-DEL03-SC,2024
"645386,0",2024-12-01,domingo,06:50:00,SC,470,"57,0",BLUMENAU,Acesso irregular,Colisão transversal,Com Vítimas Feridas,Pleno dia,Decrescente,Céu Claro,Simples,Em Obras;Reta;Declive,Sim,3,0,2,0,1,0,2,2,-26.880428,-49.136532,SPRF-SC,DEL04-SC,UOP01-DEL04-SC,2024
"645480,0",2024-12-01,domingo,15:30:00,SC,470,"46,6",GASPAR,Acessar a via sem observar a presença dos outros veículos,Colisão transversal,Sem Vítimas,Pleno dia,Decrescente,Céu Claro,Simples,Reta;Em Obras,Não,3,0,0,0,2,2,0,4,-26.860388,-49.037617,SPRF-SC,DEL04-SC,UOP01-DEL04-SC,2024
"645637,0",2024-12-02,segunda-feira,03:40:00,SC,282,"380,8",JOACABA,Ausência de reação do condutor,Saída de leito carroçável,Com Vítimas Feridas,Plena Noite,Crescente,Chuva,Dupla,Declive;Reta,Não,2,0,1,0,0,1,1,2,-27.213797,-51.499413,SPRF-SC,DEL07-SC,UOP05-DEL07-SC,2024
"645660,0",2024-12-02,segunda-feira,09:10:00,SC,101,"124,0",ITAJAI,Ausência de reação do condutor,Colisão transversal,Com Vítimas Feridas,Pleno dia,Crescente,Nublado,Dupla,Reta,Sim,2,0,0,1,1,0,1,2,-26.94335064,-48.69198648,SPRF-SC,DEL04-SC,UOP04-DEL04-SC,2024
"645767,0",2024-12-02,segunda-feira,15:15:00,SC,282,"443,1",PONTE SERRADA,Manobra de mudança de faixa,Colisão traseira,Com Vítimas Feridas,Pleno dia,Crescente,Nublado,Simples,Curva,Não,4,0,0,1,2,1,1,3,-26.922215,-51.880138,SPRF-SC,DEL07-SC,UOP04-DEL07-SC,2024
"645768,0",2024-12-02,segunda-feira,19:20:00,SC,116,"242,1",LAGES,Ausência de reação do condutor,Saída de leito carroçável,Com Vítimas Fatais,Anoitecer,Decrescente,Nublado,Simples,Reta;Aclive,Não,2,1,0,0,0,1,0,2,-27.77666295,-50.34027011,SPRF-SC,DEL05-SC,UOP01-DEL05-SC,2024
"645785,0",2024-12-02,segunda-feira,17:30:00,SC,470,"327,7",CAMPOS NOVOS,Demais falhas mecânicas ou elétricas,Tombamento,Com Vítimas Feridas,Pleno dia,Decrescente,Céu Claro,Simples,Reta,Não,2,0,1,0,0,1,1,2,-27.45324955,-51.25282288,SPRF-SC,DEL07-SC,UOP06-DEL07-SC,2024
"645856,0",2024-12-03,terça-feira,07:50:00,SC,116,"11,2",MAFRA,Manobra de mudança de faixa,Colisão lateral mesmo sentido,Sem Vítimas,Pleno dia,Decrescente,Nublado,Simples,Reta;Aclive,Não,3,0,0,0,2,1,0,2,-26.17627262,-49.8580203,SPRF-SC,DEL06-SC,UOP01-DEL06-SC,2024
"645957,0",2024-12-03,terça-feira,18:05:00,SC,280,"188,0",MAFRA,Velocidade Incompatível,Tombamento,Com Vítimas Feridas,Anoitecer,Decrescente,Nublado,Simples,Curva,Não,2,0,1,0,0,1,1,2,-26.17143885,-49.9631671,SPRF-SC,DEL06-SC,UOP01-DEL06-SC,2024
"646002,0",2024-12-03,terça-feira,20:35:00,SC,280,"4,0",SAO FRANCISCO DO SUL,Transitar na contramão,Colisão frontal,Com Vítimas Feridas,Plena Noite,Crescente,Garoa/Chuvisco,Simples,Reta,Sim,3,0,1,0,1,2,1,4,-26.25329566,-48.61916042,SPRF-SC,DEL03-SC,UOP03-DEL03-SC,2024
"646022,0",2024-12-03,terça-feira,23:54:00,SC,116,"22,3",ITAIOPOLIS,Pedestre andava na pista,Atropelamento de Pedestre,Com Vítimas Feridas,Plena Noite,Crescente,Nublado,Simples,Reta,Não,3,0,1,0,1,1,1,3,-26.2574752,-49.91194265,SPRF-SC,DEL06-SC,UOP01-DEL06-SC,2024
"646043,0",2024-09-15,domingo,05:00:00,SC,101,"19,5",JOINVILLE,Ausência de reação do condutor,Colisão traseira,Com Vítimas Fatais,Amanhecer,Decrescente,Chuva,Dupla,Curva,Não,51,1,13,0,36,3,13,5,-26.13374712,-48.9003421,SPRF-SC,DEL03-SC,UOP01-DEL03-SC,2024
"646070,0",2024-12-04,quarta-feira,08:30:00,SC,282,"1,0",FLORIANOPOLIS,Trafegar com motocicleta (ou similar) entre as faixas,Colisão lateral mesmo sentido,Com Vítimas Feridas,Pleno dia,Decrescente,Nublado,Múltipla,Reta,Sim,3,0,0,1,1,1,1,3,-27.602955,-48.580509,SPRF-SC,DEL01-SC,UOP01-DEL01-SC,2024
"646109,0",2024-12-04,quarta-feira,13:57:00,SC,101,"279,9",IMBITUBA,Ausência de reação do condutor,Colisão traseira,Com Vítimas Feridas,Pleno dia,Crescente,Céu Claro,Múltipla,Em Obras;Reta,Sim,4,0,3,0,1,0,3,2,-28.17131302,-48.69463482,SPRF-SC,DEL02-SC,UOP03-DEL02-SC,2024
"646122,0",2024-12-04,quarta-feira,15:25:00,SC,280,"27,1",ARAQUARI,Ultrapassagem Indevida,Colisão lateral mesmo sentido,Com Vítimas Feridas,Pleno dia,Crescente,Garoa/Chuvisco,Simples,Reta;Interseção de Vias,Sim,2,0,0,1,1,0,1,2,-26.398106,-48.740947,SPRF-SC,DEL03-SC,UOP03-DEL03-SC,2024
"646190,0",2024-12-04,quarta-feira,23:00:00,SC,101,"204,7",SAO JOSE,Objeto estático sobre o leito carroçável,Colisão traseira,Com Vítimas Feridas,Plena Noite,Decrescente,Céu Claro,Múltipla,Reta,Sim,2,0,0,1,1,0,1,2,-27.57413014,-48.61363083,SPRF-SC,DEL01-SC,UOP01-DEL01-SC,2024
"646285,0",2024-12-05,quinta-feira,11:25:00,SC,470,"3,8",ITAJAI,Acessar a via sem observar a presença dos outros veículos,Colisão lateral mesmo sentido,Com Vítimas Feridas,Pleno dia,Decrescente,Nublado,Múltipla,Rotatória;Em Obras,Sim,3,0,1,0,1,1,1,3,-26.861937,-48.681618,SPRF-SC,DEL04-SC,UOP04-DEL04-SC,2024
"646316,0",2024-12-05,quinta-feira,16:05:00,SC,101,"340,0",TUBARAO,Manobra de mudança de faixa,Colisão transversal,Com Vítimas Feridas,Pleno dia,Crescente,Céu Claro,Dupla,Reta,Sim,4,0,1,0,1,2,1,3,-28.51689685,-49.05328345,SPRF-SC,DEL02-SC,UOP01-DEL02-SC,2024
"646348,0",2024-12-05,quinta-feira,16:45:00,SC,282,"583,0",PINHALZINHO,Manobra de mudança de faixa,Colisão lateral mesmo sentido,Com Vítimas Feridas,Pleno dia,Crescente,Céu Claro,Simples,Aclive;Reta,Não,3,0,1,1,1,0,2,2,-26.828905,-53.009552,SPRF-SC,DEL07-SC,UOP02-DEL07-SC,2024
"646377,0",2024-12-05,quinta-feira,21:52:00,SC,101,"67,8",ARAQUARI,Condutor Dormindo,Tombamento,Com Vítimas Feridas,Plena Noite,Decrescente,Garoa/Chuvisco,Dupla,Reta,Não,1,0,1,0,0,0,1,1,-26.48645,-48.73483602,SPRF-SC,DEL03-SC,UOP02-DEL03-SC,2024
"646386,0",2024-12-05,quinta-feira,22:20:00,SC,116,"234,2",CORREIA PINTO,Reação tardia ou ineficiente do condutor,Colisão traseira,Com Vítimas Feridas,Plena Noite,Decrescente,Céu Claro,Simples,Aclive;Reta,Não,6,0,1,0,4,1,1,3,-27.70240496,-50.33486119,SPRF-SC,DEL05-SC,UOP01-DEL05-SC,2024
"646399,0",2024-12-06,sexta-feira,01:50:00,SC,101,"144,0",ITAPEMA,Condutor deixou de manter distância do veículo da frente,Colisão traseira,Sem Vítimas,Plena Noite,Crescente,Nublado,Dupla,Reta,Não,3,0,0,0,2,1,0,3,-27.0732659,-48.59672716,SPRF-SC,DEL04-SC,UOP03-DEL04-SC,2024
"646425,0",2024-12-06,sexta-feira,07:40:00,SC,101,"113,2",ITAJAI,Acessar a via sem observar a presença dos outros veículos,Colisão traseira,Com Vítimas Feridas,Pleno dia,Decrescente,Céu Claro,Múltipla,Reta,Não,3,0,1,0,2,0,1,3,-26.85311393,-48.72689927,SPRF-SC,DEL04-SC,UOP04-DEL04-SC,2024
"646436,0",2024-12-06,sexta-feira,08:05:00,SC,101,"414,0",ARARANGUA,Manobra de mudança de faixa,Colisão lateral mesmo sentido,Com Vítimas Feridas,Pleno dia,Crescente,Nublado,Dupla,Reta,Não,3,0,1,0,1,1,1,3,-28.96038908,-49.52396393,SPRF-SC,DEL02-SC,UOP02-DEL02-SC,2024
"646490,0",2024-12-06,sexta-feira,10:30:00,SC,282,"464,0",PONTE SERRADA,Reação tardia ou ineficiente do condutor,Colisão traseira,Com Vítimas Feridas,Pleno dia,Crescente,Nublado,Dupla,Reta,Sim,3,0,2,0,1,0,2,2,-26.852072,-52.068142,SPRF-SC,DEL07-SC,UOP04-DEL07-SC,2024
"646503,0",2024-12-06,sexta-feira,15:00:00,SC,282,"18,8",PALHOCA,Ausência de reação do condutor,Colisão traseira,Com Vítimas Feridas,Pleno dia,Crescente,Céu Claro,Simples,Reta;Declive;Viaduto,Não,3,0,1,1,1,0,2,2,-27.672798,-48.694286,SPRF-SC,DEL01-SC,UOP02-DEL01-SC,2024
"646511,0",2024-12-06,sexta-feira,13:50:00,SC,282,"600,5",CUNHA PORA,Condutor deixou de manter distância do veículo da frente,Colisão traseira,Com Vítimas Feridas,Pleno dia,Decrescente,Nublado,Simples,Em Obras;Reta;Declive,Não,6,0,3,0,1,2,3,4,-26.81078077,-53.16793799,SPRF-SC,DEL07-SC,UOP02-DEL07-SC,2024
"646522,0",2024-12-06,sexta-feira,15:30:00,SC,101,"36,0",PALHOCA,Reação tardia ou ineficiente do condutor,Colisão traseira,Com Vítimas Feridas,Pleno dia,Decrescente,Céu Claro,Dupla,Túnel;Reta;Aclive,Não,3,0,1,0,1,1,1,3,-27.6427,-48.6695,SPRF-SC,DEL01-SC,UOP02-DEL01-SC,2024
"646545,0",2024-12-06,sexta-feira,15:35:00,SC,101,"40,9",JOINVILLE,Ausência de reação do condutor,Colisão transversal,Com Vítimas Feridas,Pleno dia,Crescente,Nublado,Dupla,Reta,Sim,2,0,1,0,1,0,1,2,-26.27176094,-48.89468382,SPRF-SC,DEL03-SC,UOP01-DEL03-SC,2024
"646550,0",2024-12-06,sexta-feira,18:20:00,SC,101,"191,2",BIGUACU,Ingestão de álcool pelo condutor,Colisão lateral mesmo sentido,Sem Vítimas,Pleno dia,Decrescente,Céu Claro,Dupla,Curva,Sim,2,0,0,0,2,0,0,2,-27.47730273,-48.64127329,SPRF-SC,DEL01-SC,UOP01-DEL01-SC,2024
"646584,0",2024-12-06,sexta-feira,17:15:00,SC,280,"111,0",SAO BENTO DO SUL,Acessar a via sem observar a presença dos outros veículos,Colisão transversal,Com Vítimas Feridas,Pleno dia,Decrescente,Chuva,Simples,Interseção de Vias,Não,3,0,1,0,2,0,1,2,-26.31295828,-49.38837778,SPRF-SC,DEL06-SC,UOP03-DEL06-SC,2024
"646602,0",2024-12-06,sexta-feira,20:40:00,SC,116,"281,1",CAPAO ALTO,Chuva,Colisão frontal,Sem Vítimas,Plena Noite,Crescente,Chuva,Simples,Reta,Não,3,0,0,0,2,1,0,3,-28.047439,-50.568375,SPRF-SC,DEL05-SC,UOP02-DEL05-SC,2024
"646609,0",2024-12-06,sexta-feira,17:15:00,SC,470,"276,2",BRUNOPOLIS,Acessar a via sem observar a presença dos outros veículos,Colisão transversal,Com Vítimas Feridas,Pleno dia,Crescente,Céu Claro,Simples,Reta,Sim,3,0,0,1,1,1,1,3,-27.329716,-50.823788,SPRF-SC,DEL07-SC,UOP06-DEL07-SC,2024
"646639,0",2024-12-06,sexta-feira,22:45:00,SC,280,"26,6",ARAQUARI,Transitar na contramão,Colisão frontal,Com Vítimas Feridas,Plena Noite,Crescente,Garoa/Chuvisco,Simples,Reta,Sim,3,0,0,2,1,0,2,2,-26.38972308,-48.73411593,SPRF-SC,DEL03-SC,UOP03-DEL03-SC,2024
"646680,0",2024-12-07,sábado,04:15:00,SC,101,"223,3",PALHOCA,Ausência de reação do condutor,Colisão traseira,Com Vítimas Feridas,Plena Noite,Crescente,Garoa/Chuvisco,Simples,Declive,Não,5,0,1,3,0,1,4,2,-27.71552634,-48.64881251,SPRF-SC,DEL01-SC,UOP02-DEL01-SC,2024
"646730,0",2024-12-07,sábado,00:30:00,SC,282,"593,0",SAUDADES,Velocidade Incompatível,Saída de leito carroçável,Sem Vítimas,Plena Noite,Crescente,Nublado,Simples,Curva;Declive,Não,1,0,0,0,1,0,0,1,-26.826199,-53.10162,SPRF-SC,DEL07-SC,UOP02-DEL07-SC,2024
"646738,0",2024-12-07,sábado,07:30:00,SC,101,"264,3",GAROPABA,Ausência de reação do condutor,Saída de leito carroçável,Sem Vítimas,Pleno dia,Crescente,Chuva,Dupla,Reta,Não,1,0,0,0,1,0,0,1,-28.05149404,-48.71632789,SPRF-SC,DEL02-SC,UOP03-DEL02-SC,2024
"646740,0",2024-12-07,sábado,07:30:00,SC,101,"104,0",PENHA,Reação tardia ou ineficiente do condutor,Colisão lateral mesmo sentido,Sem Vítimas,Pleno dia,Crescente,Chuva,Múltipla,Reta,Não,2,0,0,0,1,1,0,2,-26.79281742,-48.68080819,SPRF-SC,DEL03-SC,UOP02-DEL03-SC,2024
"646744,0",2024-12-07,sábado,08:00:00,SC,282,"515,1",XAXIM,Velocidade Incompatível,Colisão traseira,Com Vítimas Feridas,Pleno dia,Crescente,Chuva,Simples,Reta,Não,4,0,1,1,1,1,2,3,-26.939375,-52.500057,SPRF-SC,DEL07-SC,UOP01-DEL07-SC,2024
"646756,0",2024-12-07,sábado,06:00:00,SC,282,"303,9",VARGEM,Ingestão de álcool pelo condutor,Colisão frontal,Com Vítimas Feridas,Pleno dia,Crescente,Chuva,Simples,Curva,Não,2,0,0,2,0,0,2,2,-27.49983051,-50.92947364,SPRF-SC,DEL07-SC,UOP06-DEL07-SC,2024
"646764,0",2024-12-07,sábado,10:05:00,SC,101,"106,0",PENHA,Condutor deixou de manter distância do veículo da frente,Tombamento,Com Vítimas Feridas,Pleno dia,Crescente,Chuva,Dupla,Reta,Sim,2,0,0,1,0,1,1,2,-26.81031601,-48.68293896,SPRF-SC,DEL03-SC,UOP02-DEL03-SC,2024
"646967,0",2024-12-08,domingo,05:15:00,SC,470,"59,2",BLUMENAU,Velocidade Incompatível,Colisão frontal,Com Vítimas Feridas,Amanhecer,Crescente,Nublado,Simples,Curva,Sim,2,0,0,1,1,0,1,2,-26.882812,-49.1548,SPRF-SC,DEL04-SC,UOP01-DEL04-SC,2024
"647014,0",2024-11-12,terça-feira,21:00:00,SC,282,"6,0",SAO JOSE,Problema com o freio,Colisão lateral mesmo sentido,Com Vítimas Feridas,Plena Noite,Decrescente,Nublado,Dupla,Curva,Sim,3,0,2,0,1,0,2,2,-27.591936,-48.618244,SPRF-SC,DEL01-SC,UOP01-DEL01-SC,2024
"647049,0",2024-12-08,domingo,14:50:00,SC,470,"88,0",ASCURRA,Ausência de reação do condutor,Tombamento,Com Vítimas Feridas,Pleno dia,Crescente,Garoa/Chuvisco,Simples,Rotatória,Sim,3,0,1,1,0,1,2,3,-26.95524976,-49.37332034,SPRF-SC,DEL04-SC,UOP01-DEL04-SC,2024
"647118,0",2024-12-08,domingo,20:15:00,SC,116,"11,8",MAFRA,Ingestão de álcool pelo condutor,Colisão lateral mesmo sentido,Sem Vítimas,Plena Noite,Decrescente,Chuva,Simples,Reta;Aclive,Não,3,0,0,0,2,1,0,3,-26.17627262,-49.8580203,SPRF-SC,DEL06-SC,UOP01-DEL06-SC,2024
"647150,0",2024-12-08,domingo,14:00:00,SC,280,"237,5",CANOINHAS,Velocidade Incompatível,Saída de leito carroçável,Com Vítimas Feridas,Pleno dia,Crescente,Chuva,Simples,Curva;Declive,Não,3,0,1,0,2,0,1,1,-26.19844599,-50.43216601,SPRF-SC,DEL06-SC,UOP04-DEL06-SC,2024
"647170,0",2024-12-09,segunda-feira,01:15:00,SC,101,"440,7",SANTA ROSA DO SUL,Condutor Dormindo,Saída de leito carroçável,Com Vítimas Feridas,Plena Noite,Crescente,Nublado,Múltipla,Reta,Sim,2,0,1,0,0,1,1,2,-29.12845294,-49.68302965,SPRF-SC,DEL02-SC,UOP02-DEL02-SC,2024
"647175,0",2024-12-09,segunda-feira,01:45:00,SC,470,"347,6",CAMPOS NOVOS,Velocidade Incompatível,Saída de leito carroçável,Com Vítimas Feridas,Plena Noite,Crescente,Nublado,Simples,Curva;Declive,Não,2,0,0,1,0,1,1,2,-27.54787606,-51.45121157,SPRF-SC,DEL07-SC,UOP06-DEL07-SC,2024
"647208,0",2024-11-28,quinta-feira,00:25:00,SC,101,"131,0",BALNEARIO CAMBORIU,Condutor deixou de manter distância do veículo da frente,Colisão traseira,Com Vítimas Feridas,Plena Noite,Decrescente,Céu Claro,Dupla,Reta,Sim,4,0,1,1,1,1,2,4,-26.99064209,-48.66310912,SPRF-SC,DEL04-SC,UOP03-DEL04-SC,2024
"647220,0",2024-12-09,segunda-feira,08:30:00,SC,470,"67,6",INDAIAL,Acessar a via sem observar a presença dos outros veículos,Colisão transversal,Com Vítimas Feridas,Pleno dia,Crescente,Chuva,Simples,Interseção de Vias,Sim,2,0,1,0,1,0,1,2,-26.872158,-49.23127,SPRF-SC,DEL04-SC,UOP01-DEL04-SC,2024
"647543,0",2024-12-10,terça-feira,17:38:00,SC,282,"57,0",RANCHO QUEIMADO,Reação tardia ou ineficiente do condutor,Colisão lateral sentido oposto,Com Vítimas Feridas,Pleno dia,Crescente,Chuva,Simples,Curva,Não,3,0,1,0,1,2,1,4,-27.688864,-48.998455,SPRF-SC,DEL01-SC,UOP03-DEL01-SC,2024
"647602,0",2024-12-10,terça-feira,22:20:00,SC,282,"501,3",XANXERE,Mal súbito do condutor,Saída de leito carroçável,Sem Vítimas,Plena Noite,Decrescente,Céu Claro,Dupla,Rotatória,Sim,2,0,0,0,1,1,0,2,-26.88262208,-52.38160014,SPRF-SC,DEL07-SC,UOP01-DEL07-SC,2024
"647618,0",2024-12-11,quarta-feira,01:50:00,SC,101,"151,5",ITAPEMA,Reação tardia ou ineficiente do condutor,Colisão traseira,Com Vítimas Feridas,Plena Noite,Decrescente,Nublado,Dupla,Reta,Sim,2,0,1,0,1,0,1,2,-27.126536,-48.609642,SPRF-SC,DEL04-SC,UOP03-DEL04-SC,2024
"647619,0",2024-12-11,quarta-feira,00:05:00,SC,101,"354,3",SANGAO,Condutor Dormindo,Colisão com objeto,Com Vítimas Feridas,Plena Noite,Decrescente,Chuva,Dupla,Reta;Aclive,Não,6,0,3,0,2,1,3,3,-28.61806302,-49.07013199,SPRF-SC,DEL02-SC,UOP01-DEL02-SC,2024
"647623,0",2024-12-11,quarta-feira,03:15:00,SC,101,"9,9",GARUVA,Condutor Dormindo,Colisão traseira,Com Vítimas Feridas,Plena Noite,Crescente,Nublado,Dupla,Reta,Não,3,0,1,0,1,2,1,4,-26.053987,-48.859608,SPRF-SC,DEL03-SC,UOP01-DEL03-SC,2024
"647732,0",2024-12-11,quarta-feira,13:40:00,SC,101,"86,0",BARRA VELHA,Condutor deixou de manter distância do veículo da frente,Colisão traseira,Com Vítimas Feridas,Pleno dia,Crescente,Sol,Múltipla,Reta,Sim,3,0,2,0,1,0,2,2,-26.63277317,-48.70232513,SPRF-SC,DEL03-SC,UOP02-DEL03-SC,2024
"647948,0",2024-12-12,quinta-feira,13:55:00,SC,101,"26,0",JOINVILLE,Demais falhas mecânicas ou elétricas,Incêndio,Sem Vítimas,Pleno dia,Crescente,Céu Claro,Múltipla,Reta,Sim,2,0,0,0,1,1,0,2,-26.19234802,-48.91210384,SPRF-SC,DEL03-SC,UOP01-DEL03-SC,2024
"647983,0",2024-12-12,quinta-feira,17:00:00,SC,101,"90,0",BARRA VELHA,Trafegar com motocicleta (ou similar) entre as faixas,Colisão lateral mesmo sentido,Com Vítimas Feridas,Pleno dia,Decrescente,Sol,Múltipla,Reta,Não,2,0,1,0,1,0,1,2,-26.66148503,-48.68866176,SPRF-SC,DEL03-SC,UOP02-DEL03-SC,2024
"648020,0",2024-12-12,quinta-feira,18:45:00,SC,101,"50,6",JOINVILLE,Pedestre andava na pista,Atropelamento de Pedestre,Com Vítimas Feridas,Anoitecer,Crescente,Nublado,Dupla,Reta,Não,3,0,0,1,1,1,1,3,-26.37546719,-48.85479619,SPRF-SC,DEL03-SC,UOP01-DEL03-SC,2024