id,data_inversa,dia_semana,horario,uf,br,km,municipio,causa_acidente,tipo_acidente,classificacao_acidente,fase_dia,sentido_via,condicao_metereologica,tipo_pista,tracado_via,uso_solo,pessoas,mortos,feridos_leves,feridos_graves,ilesos,ignorados,feridos,veiculos,latitude,longitude,regional,delegacia,uop,ano_arquivo
"648028,0",2024-12-12,quinta-feira,19:30:00,SC,101,"344,5",TUBARAO,Demais falhas mecânicas ou elétricas,Incêndio,Sem Vítimas,Plena Noite,Decrescente,Céu Claro,Dupla,Reta,Sim,1,0,0,0,1,0,0,1,-28.53647889,-49.0531826,SPRF-SC,DEL02-SC,UOP01-DEL02-SC,2024
"648113,0",2024-12-13,sexta-feira,06:50:00,SC,280,"90,4",CORUPA,Ausência de reação do condutor,Tombamento,Com Vítimas Fatais,Pleno dia,Decrescente,Céu Claro,Simples,Curva;Declive,Não,2,1,0,1,0,0,1,1,-26.3949901,-49.2944768,SPRF-SC,DEL06-SC,UOP03-DEL06-SC,2024
"648128,0",2024-12-13,sexta-feira,05:27:00,SC,282,"546,5",CHAPECO,Condutor Dormindo,Colisão frontal,Com Vítimas Feridas,Pleno dia,Decrescente,Céu Claro,Simples,Curva,Não,4,0,1,0,1,2,1,4,-26.9785528,-52.737225,SPRF-SC,DEL07-SC,UOP01-DEL07-SC,2024
"648130,0",2024-12-13,sexta-feira,10:30:00,SC,470,"9,9",NAVEGANTES,Manobra de mudança de faixa,Colisão traseira,Com Vítimas Feridas,Pleno dia,Crescente,Céu Claro,Dupla,Reta,Não,3,0,0,1,1,1,1,3,-26.833143,-48.727432,SPRF-SC,DEL04-SC,UOP04-DEL04-SC,2024
"648143,0",2024-12-13,sexta-feira,08:30:00,SC,101,"451,0",SAO JOAO DO SUL,Condutor Dormindo,Colisão traseira,Com Vítimas Feridas,Pleno dia,Crescente,Sol,Dupla,Curva,Não,5,0,2,0,3,0,2,2,-29.17982211,-49.75464372,SPRF-SC,DEL02-SC,UOP02-DEL02-SC,2024
"648192,0",2024-12-13,sexta-feira,16:40:00,SC,280,"24,0",ARAQUARI,Manobra de mudança de faixa,Colisão lateral mesmo sentido,Com Vítimas Feridas,Pleno dia,Crescente,Nublado,Simples,Reta,Sim,4,0,1,0,3,0,1,4,-26.37724921,-48.71953282,SPRF-SC,DEL03-SC,UOP03-DEL03-SC,2024
"648247,0",2024-12-13,sexta-feira,19:30:00,SC,282,"489,2",FAXINAL DOS GUEDES,Ingestão de álcool pelo condutor,Colisão lateral sentido oposto,Sem Vítimas,Plena Noite,Decrescente,Chuva,Simples,Reta,Sim,2,0,0,0,2,0,0,2,-26.870375,-52.274731,SPRF-SC,DEL07-SC,UOP01-DEL07-SC,2024
"648277,0",2024-12-13,sexta-feira,21:15:00,SC,470,"249,1",CURITIBANOS,Transitar na contramão,Colisão frontal,Com Vítimas Feridas,Plena Noite,Crescente,Garoa/Chuvisco,Simples,Curva;Rotatória,Sim,7,0,1,4,1,2,5,4,-27.31231782,-50.57794333,SPRF-SC,DEL05-SC,UOP03-DEL05-SC,2024
"648326,0",2024-12-14,sábado,05:35:00,SC,470,"54,4",BLUMENAU,Desrespeitar a preferência no cruzamento,Colisão transversal,Com Vítimas Feridas,Amanhecer,Decrescente,Chuva,Dupla,Curva;Interseção de Vias,Sim,3,0,1,0,1,1,1,3,-26.87351835,-49.11394536,SPRF-SC,DEL04-SC,UOP01-DEL04-SC,2024
"648396,0",2024-12-14,sábado,08:20:00,SC,282,"508,4",XANXERE,Reação tardia ou ineficiente do condutor,Colisão traseira,Sem Vítimas,Pleno dia,Crescente,Nublado,Simples,Aclive;Reta,Não,3,0,0,0,2,1,0,3,-26.88716747,-52.44868755,SPRF-SC,DEL07-SC,UOP01-DEL07-SC,2024
"648401,0",2024-12-13,sexta-feira,16:30:00,SC,282,"530,8",CORDILHEIRA ALTA,Reação tardia ou ineficiente do condutor,Saída de leito carroçável,Sem Vítimas,Pleno dia,Crescente,Chuva,Simples,Curva;Declive,Não,2,0,0,0,2,0,0,1,-26.98663541,-52.60967966,SPRF-SC,DEL07-SC,UOP01-DEL07-SC,2024
"648402,0",2024-12-14,sábado,11:00:00,SC,282,"78,6",RANCHO QUEIMADO,Reação tardia ou ineficiente do condutor,Colisão frontal,Com Vítimas Feridas,Pleno dia,Decrescente,Chuva,Simples,Reta,Não,3,0,1,0,1,1,1,3,-27.675831,-49.148048,SPRF-SC,DEL01-SC,UOP03-DEL01-SC,2024
"648464,0",2024-12-14,sábado,16:05:00,SC,101,"450,5",SAO JOAO DO SUL,Suicídio (presumido),Atropelamento de Pedestre,Com Vítimas Feridas,Pleno dia,Decrescente,Nublado,Dupla,Reta,Não,3,0,0,1,1,1,1,3,-29.17229091,-49.74904711,SPRF-SC,DEL02-SC,UOP02-DEL02-SC,2024
"648598,0",2024-12-15,domingo,01:00:00,SC,101,"140,0",BALNEARIO CAMBORIU,Reação tardia ou ineficiente do condutor,Colisão traseira,Com Vítimas Feridas,Plena Noite,Crescente,Nublado,Dupla,Aclive,Não,2,0,1,0,1,0,1,2,-27.03881189,-48.60025148,SPRF-SC,DEL04-SC,UOP03-DEL04-SC,2024
"648607,0",2024-12-15,domingo,04:05:00,SC,101,"37,0",JOINVILLE,Suicídio (presumido),Atropelamento de Pedestre,Com Vítimas Feridas,Amanhecer,Crescente,Nublado,Dupla,Reta,Não,2,0,0,1,1,0,1,2,-26.25050176,-48.90863867,SPRF-SC,DEL03-SC,UOP01-DEL03-SC,2024
"648762,0",2024-12-15,domingo,17:40:00,SC,116,"211,4",PONTE ALTA,Reação tardia ou ineficiente do condutor,Colisão com objeto,Com Vítimas Feridas,Pleno dia,Decrescente,Céu Claro,Simples,Declive;Curva,Não,5,0,3,0,1,1,3,3,-27.51040007,-50.36397936,SPRF-SC,DEL05-SC,UOP03-DEL05-SC,2024
"648891,0",2024-12-16,segunda-feira,07:50:00,SC,282,"22,0",SANTO AMARO DA IMPERATRIZ,Desrespeitar a preferência no cruzamento,Colisão transversal,Com Vítimas Feridas,Pleno dia,Decrescente,Céu Claro,Simples,Ponte;Interseção de Vias,Sim,2,0,2,0,0,0,2,2,-27.688507,-48.72739,SPRF-SC,DEL01-SC,UOP02-DEL01-SC,2024
"648893,0",2024-11-22,sexta-feira,20:20:00,SC,101,"376,0",ICARA,Manobra de mudança de faixa,Colisão lateral mesmo sentido,Com Vítimas Feridas,Plena Noite,Decrescente,Garoa/Chuvisco,Dupla,Reta,Sim,6,0,0,1,4,1,1,3,-28.72736111,-49.24066084,SPRF-SC,DEL02-SC,UOP01-DEL02-SC,2024
"648911,0",2024-12-16,segunda-feira,07:13:00,SC,116,"260,6",CAPAO ALTO,Transitar na contramão,Colisão frontal,Com Vítimas Fatais,Pleno dia,Crescente,Céu Claro,Simples,Reta,Não,2,1,0,0,1,0,0,2,-27.9074474,-50.443321,SPRF-SC,DEL05-SC,UOP02-DEL05-SC,2024
"648932,0",2024-12-16,segunda-feira,07:50:00,SC,470,"189,0",POUSO REDONDO,Condutor Dormindo,Saída de leito carroçável,Com Vítimas Feridas,Pleno dia,Decrescente,Céu Claro,Simples,Curva,Não,2,0,1,0,0,1,1,2,-27.28306167,-50.07051973,SPRF-SC,DEL04-SC,UOP02-DEL04-SC,2024
"648939,0",2024-12-16,segunda-feira,12:30:00,SC,470,"3,0",NAVEGANTES,Reação tardia ou ineficiente do condutor,Colisão lateral mesmo sentido,Com Vítimas Feridas,Pleno dia,Crescente,Céu Claro,Simples,Reta,Não,2,0,0,1,0,1,1,2,-26.861937,-48.681618,SPRF-SC,DEL04-SC,UOP04-DEL04-SC,2024
"648954,0",2024-12-16,segunda-feira,14:00:00,SC,470,"45,1",GASPAR,Acessar a via sem observar a presença dos outros veículos,Colisão lateral mesmo sentido,Com Vítimas Feridas,Pleno dia,Crescente,Céu Claro,Simples,Reta,Não,5,0,0,1,3,2,1,6,-26.867064,-49.031109,SPRF-SC,DEL04-SC,UOP01-DEL04-SC,2024
"648980,0",2024-12-16,segunda-feira,15:30:00,SC,101,"206,4",SAO JOSE,Condutor deixou de manter distância do veículo da frente,Engavetamento,Sem Vítimas,Pleno dia,Decrescente,Chuva,Simples,Reta,Sim,3,0,0,0,3,0,0,3,-27.59193546,-48.61824557,SPRF-SC,DEL01-SC,UOP01-DEL01-SC,2024
"649009,0",2024-12-16,segunda-feira,11:14:00,SC,116,"108,0",MONTE CASTELO,Demais falhas mecânicas ou elétricas,Colisão traseira,Com Vítimas Feridas,Pleno dia,Decrescente,Sol,Simples,Em Obras;Declive;Curva,Não,2,0,1,0,1,0,1,2,-26.7520839,-50.33425198,SPRF-SC,DEL06-SC,UOP02-DEL06-SC,2024
"649017,0",2024-12-16,segunda-feira,18:50:00,SC,470,"5,0",NAVEGANTES,Condutor deixou de manter distância do veículo da frente,Colisão lateral mesmo sentido,Sem Vítimas,Anoitecer,Decrescente,Céu Claro,Simples,Em Obras;Retorno Regulamentado;Curva;Rotatória,Sim,3,0,0,0,1,3,0,4,-26.855688,-48.700333,SPRF-SC,DEL04-SC,UOP04-DEL04-SC,2024
"649050,0",2024-12-16,segunda-feira,23:13:00,SC,280,"21,1",ARAQUARI,Ultrapassagem Indevida,Colisão frontal,Com Vítimas Fatais,Plena Noite,Decrescente,Nublado,Simples,Reta,Não,5,3,0,0,1,2,0,4,-26.3705313,-48.6933128,SPRF-SC,DEL03-SC,UOP03-DEL03-SC,2024
"649070,0",2024-12-17,terça-feira,05:10:00,SC,101,"36,0",JOINVILLE,Condutor Dormindo,Colisão com objeto,Com Vítimas Feridas,Amanhecer,Decrescente,Céu Claro,Dupla,Reta,Não,3,0,2,0,0,1,2,2,-26.24573198,-48.9101069,SPRF-SC,DEL03-SC,UOP01-DEL03-SC,2024
"649078,0",2024-12-17,terça-feira,05:20:00,SC,101,"37,0",JOINVILLE,Manobra de mudança de faixa,Colisão com objeto,Sem Vítimas,Pleno dia,Decrescente,Céu Claro,Dupla,Reta,Sim,2,0,0,0,2,0,0,2,-26.25050176,-48.90863867,SPRF-SC,DEL03-SC,UOP01-DEL03-SC,2024
"649106,0",2024-12-17,terça-feira,07:16:00,SC,470,"89,0",ASCURRA,Condutor usando celular,Colisão transversal,Com Vítimas Feridas,Pleno dia,Decrescente,Céu Claro,Simples,Reta,Sim,5,0,1,1,2,1,2,4,-26.961573,-49.371918,SPRF-SC,DEL04-SC,UOP01-DEL04-SC,2024
"649107,0",2024-12-13,sexta-feira,21:00:00,SC,280,"128,0",RIO NEGRINHO,Conversão proibida,Colisão transversal,Com Vítimas Feridas,Plena Noite,Decrescente,Garoa/Chuvisco,Simples,Interseção de Vias;Reta,Não,2,0,1,0,1,0,1,2,-26.24317941,-49.51320018,SPRF-SC,DEL06-SC,UOP03-DEL06-SC,2024
"649126,0",2024-12-17,terça-feira,09:40:00,SC,101,"28,0",JOINVILLE,Trafegar com motocicleta (ou similar) entre as faixas,Colisão traseira,Com Vítimas Feridas,Pleno dia,Crescente,Nublado,Múltipla,Reta,Não,4,0,1,0,2,1,1,4,-26.21472578,-48.9160037,SPRF-SC,DEL03-SC,UOP01-DEL03-SC,2024
"649155,0",2024-12-17,terça-feira,13:00:00,SC,101,"122,4",ITAJAI,Trafegar com motocicleta (ou similar) entre as faixas,Colisão lateral mesmo sentido,Com Vítimas Feridas,Pleno dia,Decrescente,Sol,Dupla,Reta,Sim,2,0,0,1,0,1,1,2,-26.92955916,-48.70499836,SPRF-SC,DEL04-SC,UOP04-DEL04-SC,2024
"649182,0",2024-12-17,terça-feira,14:30:00,SC,282,"16,5",PALHOCA,Demais Fenômenos da natureza,Derramamento de carga,Com Vítimas Feridas,Pleno dia,Decrescente,Céu Claro,Simples,Reta,Sim,2,0,0,1,1,0,1,2,-27.658611,-48.681847,SPRF-SC,DEL01-SC,UOP02-DEL01-SC,2024
"649230,0",2024-12-17,terça-feira,18:00:00,SC,101,"213,5",PALHOCA,Manobra de mudança de faixa,Colisão transversal,Com Vítimas Feridas,Pleno dia,Decrescente,Céu Claro,Múltipla,Reta,Sim,3,0,1,0,1,1,1,3,-27.63697369,-48.66514142,SPRF-SC,DEL01-SC,UOP02-DEL01-SC,2024
"649251,0",2024-12-17,terça-feira,18:50:00,SC,282,"598,9",CUNHA PORA,Reação tardia ou ineficiente do condutor,Colisão lateral sentido oposto,Com Vítimas Feridas,Anoitecer,Crescente,Nublado,Simples,Reta;Aclive,Não,5,0,2,0,2,1,2,4,-26.82111047,-53.15393686,SPRF-SC,DEL07-SC,UOP02-DEL07-SC,2024
"649323,0",2024-12-18,quarta-feira,08:50:00,SC,101,"118,0",ITAJAI,Reação tardia ou ineficiente do condutor,Colisão traseira,Com Vítimas Feridas,Pleno dia,Crescente,Céu Claro,Múltipla,Reta,Sim,4,0,0,1,2,1,1,3,-26.895859,-48.71903,SPRF-SC,DEL04-SC,UOP04-DEL04-SC,2024
"649328,0",2024-12-18,quarta-feira,04:30:00,SC,470,"356,0",CAMPOS NOVOS,Velocidade Incompatível,Tombamento,Com Vítimas Feridas,Amanhecer,Decrescente,Céu Claro,Simples,Reta,Não,1,0,1,0,0,0,1,1,-27.596577,-51.473782,SPRF-SC,DEL07-SC,UOP06-DEL07-SC,2024
"649332,0",2024-12-18,quarta-feira,06:50:00,SC,282,"153,0",BOM RETIRO,Ausência de reação do condutor,Saída de leito carroçável,Com Vítimas Fatais,Pleno dia,Crescente,Nublado,Simples,Reta;Declive,Não,2,1,1,0,0,0,1,1,-27.755646,-49.6893314,SPRF-SC,DEL05-SC,UOP01-DEL05-SC,2024
"649359,0",2024-12-18,quarta-feira,12:10:00,SC,101,"192,3",BIGUACU,Manobra de mudança de faixa,Colisão lateral mesmo sentido,Com Vítimas Feridas,Pleno dia,Decrescente,Céu Claro,Múltipla,Aclive;Reta,Sim,3,0,1,0,1,1,1,3,-27.48443781,-48.64765238,SPRF-SC,DEL01-SC,UOP01-DEL01-SC,2024
"649365,0",2024-12-18,quarta-feira,10:10:00,SC,282,"415,0",CATANDUVAS,Transitar na contramão,Colisão frontal,Com Vítimas Feridas,Pleno dia,Decrescente,Céu Claro,Simples,Curva;Declive,Não,4,0,1,0,2,1,1,3,-27.04487,-51.707005,SPRF-SC,DEL07-SC,UOP05-DEL07-SC,2024
"649432,0",2024-12-18,quarta-feira,17:30:00,SC,470,"3,0",NAVEGANTES,Ausência de reação do condutor,Colisão traseira,Com Vítimas Feridas,Anoitecer,Decrescente,Nublado,Dupla,Reta;Em Obras,Não,2,0,1,0,1,0,1,2,-26.861937,-48.681618,SPRF-SC,DEL04-SC,UOP04-DEL04-SC,2024
"649440,0",2024-12-18,quarta-feira,18:10:00,SC,101,"113,0",ITAJAI,Transitar no Acostamento,Colisão lateral mesmo sentido,Sem Vítimas,Anoitecer,Crescente,Nublado,Simples,Reta,Sim,3,0,0,0,2,1,0,3,-26.85311393,-48.72689927,SPRF-SC,DEL04-SC,UOP04-DEL04-SC,2024
"649445,0",2024-12-18,quarta-feira,19:55:00,SC,280,"25,0",ARAQUARI,Condutor deixou de manter distância do veículo da frente,Engavetamento,Com Vítimas Feridas,Plena Noite,Crescente,Nublado,Simples,Reta,Não,4,0,2,0,2,0,2,3,-26.38352781,-48.72677516,SPRF-SC,DEL03-SC,UOP03-DEL03-SC,2024
"649489,0",2024-12-19,quinta-feira,04:01:00,SC,101,"119,0",ITAJAI,Pedestre - Ingestão de álcool/ substâncias psicoativas,Eventos atípicos,Com Vítimas Feridas,Plena Noite,Crescente,Céu Claro,Múltipla,Reta,Não,2,0,1,0,0,1,1,2,-26.9043179,-48.71555481,SPRF-SC,DEL04-SC,UOP04-DEL04-SC,2024
"649513,0",2024-12-19,quinta-feira,06:00:00,SC,153,"81,9",IRANI,Ultrapassagem Indevida,Colisão frontal,Com Vítimas Fatais,Amanhecer,Decrescente,Céu Claro,Simples,Reta,Não,4,1,0,0,1,2,0,4,-27.1268306,-51.9191446,SPRF-SC,DEL07-SC,UOP04-DEL07-SC,2024
"649533,0",2024-12-19,quinta-feira,08:00:00,SC,282,"389,6",JOACABA,Ausência de reação do condutor,Colisão traseira,Com Vítimas Feridas,Pleno dia,Decrescente,Céu Claro,Simples,Reta,Não,6,0,2,0,4,0,2,2,-27.178604,-51.541367,SPRF-SC,DEL07-SC,UOP05-DEL07-SC,2024
"649600,0",2024-12-19,quinta-feira,13:30:00,SC,101,"111,0",NAVEGANTES,Ausência de reação do condutor,Colisão lateral mesmo sentido,Sem Vítimas,Pleno dia,Crescente,Sol,Dupla,Interseção de Vias,Não,2,0,0,0,2,0,0,2,-26.83955734,-48.71418074,SPRF-SC,DEL04-SC,UOP04-DEL04-SC,2024
"649657,0",2024-12-19,quinta-feira,16:00:00,SC,282,"396,0",JOACABA,Acumulo de água sobre o pavimento,Colisão lateral sentido oposto,Com Vítimas Feridas,Pleno dia,Crescente,Chuva,Simples,Reta,Não,4,0,1,0,2,1,1,3,-27.155375,-51.601593,SPRF-SC,DEL07-SC,UOP05-DEL07-SC,2024
"649733,0",2024-12-19,quinta-feira,23:50:00,SC,282,"129,1",BOM RETIRO,Transitar na contramão,Colisão frontal,Com Vítimas Fatais,Plena Noite,Crescente,Garoa/Chuvisco,Simples,Aclive;Curva,Não,2,1,0,0,1,0,0,2,-27.79969745,-49.49804306,SPRF-SC,DEL05-SC,UOP01-DEL05-SC,2024
"649775,0",2024-12-20,sexta-feira,09:10:00,SC,470,"68,0",INDAIAL,Acessar a via sem observar a presença dos outros veículos,Colisão transversal,Com Vítimas Feridas,Pleno dia,Crescente,Céu Claro,Dupla,Reta,Sim,4,0,2,0,2,0,2,2,-26.8781435,-49.24031496,SPRF-SC,DEL04-SC,UOP01-DEL04-SC,2024
"649835,0",2024-12-20,sexta-feira,13:45:00,SC,282,"2,5",FLORIANOPOLIS,Condutor deixou de manter distância do veículo da frente,Colisão traseira,Com Vítimas Feridas,Pleno dia,Crescente,Céu Claro,Múltipla,Reta,Sim,3,0,1,0,2,0,1,2,-27.603289,-48.590416,SPRF-SC,DEL01-SC,UOP01-DEL01-SC,2024
"649892,0",2024-12-20,sexta-feira,16:50:00,SC,101,"113,0",ITAJAI,Ausência de reação do condutor,Colisão traseira,Com Vítimas Feridas,Pleno dia,Decrescente,Céu Claro,Dupla,Reta,Não,4,0,1,0,3,0,1,4,-26.85311393,-48.72689927,SPRF-SC,DEL04-SC,UOP04-DEL04-SC,2024
"649896,0",2024-12-20,sexta-feira,11:00:00,SC,470,"259,1",CURITIBANOS,Demais falhas na via,Saída de leito carroçável,Com Vítimas Feridas,Pleno dia,Decrescente,Céu Claro,Simples,Curva,Não,2,0,1,0,0,1,1,2,-27.303122,-50.661118,SPRF-SC,DEL05-SC,UOP03-DEL05-SC,2024
"650055,0",2024-12-21,sábado,05:50:00,SC,116,"172,0",PONTE ALTA DO NORTE,Ausência de reação do condutor,Colisão com objeto,Sem Vítimas,Pleno dia,Crescente,Nevoeiro/Neblina,Simples,Reta,Não,3,0,0,0,2,1,0,3,-27.21243998,-50.4652468,SPRF-SC,DEL05-SC,UOP03-DEL05-SC,2024
"650149,0",2024-10-22,terça-feira,15:02:00,SC,282,"35,1",AGUAS MORNAS,Transitar na contramão,Colisão frontal,Com Vítimas Fatais,Pleno dia,Crescente,Céu Claro,Simples,Declive;Curva,Não,2,1,1,0,0,0,1,2,-27.7011771,-48.8286376,SPRF-SC,DEL01-SC,UOP03-DEL01-SC,2024
"650155,0",2024-12-21,sábado,08:00:00,SC,116,"140,0",SANTA CECILIA,Conversão proibida,Colisão transversal,Com Vítimas Feridas,Pleno dia,Crescente,Céu Claro,Simples,Reta;Declive;Interseção de Vias,Sim,4,0,1,0,2,1,1,3,-26.96625517,-50.40928315,SPRF-SC,DEL06-SC,UOP02-DEL06-SC,2024
"650169,0",2024-12-21,sábado,12:10:00,SC,101,"208,6",SAO JOSE,Reação tardia ou ineficiente do condutor,Engavetamento,Com Vítimas Feridas,Pleno dia,Decrescente,Céu Claro,Múltipla,Reta,Sim,4,0,1,0,3,0,1,4,-27.60327979,-48.63201818,SPRF-SC,DEL01-SC,UOP01-DEL01-SC,2024
"650189,0",2024-12-21,sábado,10:20:00,SC,280,"220,5",TRES BARRAS,Transitar na contramão,Colisão frontal,Com Vítimas Feridas,Pleno dia,Decrescente,Céu Claro,Simples,Reta;Declive,Não,5,0,3,0,1,1,3,3,-26.17118856,-50.26466388,SPRF-SC,DEL06-SC,UOP04-DEL06-SC,2024
"650232,0",2024-12-21,sábado,15:00:00,SC,101,"317,8",LAGUNA,Condutor Dormindo,Colisão lateral mesmo sentido,Sem Vítimas,Pleno dia,Crescente,Céu Claro,Dupla,Curva,Não,3,0,0,0,2,1,0,2,-28.42708421,-48.85211624,SPRF-SC,DEL02-SC,UOP01-DEL02-SC,2024
"650510,0",2024-12-22,domingo,13:00:00,SC,280,"10,6",SAO FRANCISCO DO SUL,Mal súbito do condutor,Saída de leito carroçável,Com Vítimas Feridas,Pleno dia,Decrescente,Chuva,Simples,Curva,Não,2,0,1,0,0,1,1,2,-26.304752,-48.641014,SPRF-SC,DEL03-SC,UOP03-DEL03-SC,2024
"650598,0",2024-12-22,domingo,19:02:00,SC,470,"133,6",RIO DO SUL,Manobra de mudança de faixa,Colisão frontal,Com Vítimas Fatais,Anoitecer,Decrescente,Céu Claro,Simples,Declive;Interseção de Vias;Reta,Não,3,1,0,0,1,1,0,3,-27.174187,-49.588497,SPRF-SC,DEL04-SC,UOP02-DEL04-SC,2024
"650604,0",2024-12-22,domingo,14:20:00,SC,101,"141,0",BALNEARIO CAMBORIU,Manobra de mudança de faixa,Colisão lateral mesmo sentido,Com Vítimas Feridas,Pleno dia,Decrescente,Céu Claro,Dupla,Túnel;Reta,Não,3,0,1,0,1,1,1,3,-27.04761729,-48.59995855,SPRF-SC,DEL04-SC,UOP03-DEL04-SC,2024
"650698,0",2024-12-22,domingo,21:55:00,SC,470,"172,0",POUSO REDONDO,Transitar na contramão,Colisão transversal,Com Vítimas Feridas,Plena Noite,Decrescente,Garoa/Chuvisco,Dupla,Interseção de Vias;Rotatória,Sim,6,0,1,1,4,0,2,3,-27.257526,-49.909592,SPRF-SC,DEL04-SC,UOP02-DEL04-SC,2024
"650740,0",2024-10-15,terça-feira,19:15:00,SC,116,"43,0",ITAIOPOLIS,Demais falhas mecânicas ou elétricas,Colisão com objeto,Com Vítimas Fatais,Plena Noite,Crescente,Nublado,Simples,Reta,Não,9,1,1,1,5,1,2,3,-26.33676966,-50.08224597,SPRF-SC,DEL06-SC,UOP01-DEL06-SC,2024
"650744,0",2024-12-23,segunda-feira,10:30:00,SC,470,"45,3",GASPAR,Acessar a via sem observar a presença dos outros veículos,Colisão traseira,Com Vítimas Feridas,Pleno dia,Crescente,Nublado,Simples,Reta;Em Obras,Não,4,0,1,0,2,1,1,4,-26.867064,-49.031109,SPRF-SC,DEL04-SC,UOP01-DEL04-SC,2024
"650850,0",2024-12-20,sexta-feira,06:50:00,SC,101,"353,0",JAGUARUNA,Acessar a via sem observar a presença dos outros veículos,Colisão lateral mesmo sentido,Com Vítimas Feridas,Pleno dia,Crescente,Céu Claro,Dupla,Reta;Aclive,Sim,3,0,0,1,1,1,1,3,-28.61232036,-49.06197674,SPRF-SC,DEL02-SC,UOP01-DEL02-SC,2024
"650923,0",2024-12-24,terça-feira,02:00:00,SC,282,"203,7",LAGES,Transitar na contramão,Colisão frontal,Com Vítimas Fatais,Plena Noite,Crescente,Garoa/Chuvisco,Simples,Declive;Reta,Não,3,1,0,0,1,1,0,3,-27.7682972,-50.1700339,SPRF-SC,DEL05-SC,UOP01-DEL05-SC,2024
"650944,0",2024-12-24,terça-feira,05:45:00,SC,282,"68,4",RANCHO QUEIMADO,Reação tardia ou ineficiente do condutor,Tombamento,Com Vítimas Fatais,Pleno dia,Decrescente,Chuva,Simples,Curva;Declive,Não,1,1,0,0,0,0,0,1,-27.6934391,-49.0806728,SPRF-SC,DEL01-SC,UOP03-DEL01-SC,2024
"651031,0",2024-12-24,terça-feira,11:50:00,SC,101,"123,0",ITAJAI,Desrespeitar a preferência no cruzamento,Colisão transversal,Com Vítimas Feridas,Pleno dia,Crescente,Garoa/Chuvisco,Simples,Rotatória,Não,2,0,1,0,1,0,1,2,-26.93668609,-48.69876905,SPRF-SC,DEL04-SC,UOP04-DEL04-SC,2024
"651067,0",2024-11-02,sábado,08:55:00,SC,153,"87,5",CONCORDIA,Velocidade Incompatível,Tombamento,Com Vítimas Feridas,Pleno dia,Decrescente,Garoa/Chuvisco,Simples,Declive;Curva,Não,4,0,3,0,0,1,3,2,-27.157175,-51.914791,SPRF-SC,DEL07-SC,UOP04-DEL07-SC,2024
"651277,0",2024-12-25,quarta-feira,17:45:00,SC,282,"602,0",MARAVILHA,Ingestão de álcool pelo condutor,Colisão traseira,Sem Vítimas,Pleno dia,Crescente,Sol,Simples,Reta;Interseção de Vias;Em Obras,Não,2,0,0,0,2,0,0,2,-26.806049,-53.178757,SPRF-SC,DEL07-SC,UOP02-DEL07-SC,2024
"651383,0",2024-12-26,quinta-feira,09:20:00,SC,282,"456,0",PONTE SERRADA,Condutor usando celular,Saída de leito carroçável,Com Vítimas Feridas,Pleno dia,Crescente,Céu Claro,Dupla,Reta,Não,2,0,1,0,0,1,1,2,-26.885752,-52.004669,SPRF-SC,DEL07-SC,UOP04-DEL07-SC,2024
"651412,0",2024-12-26,quinta-feira,12:15:00,SC,101,"80,1",BARRA VELHA,Acessar a via sem observar a presença dos outros veículos,Colisão lateral mesmo sentido,Com Vítimas Feridas,Pleno dia,Decrescente,Céu Claro,Múltipla,Reta,Não,3,0,1,2,0,0,3,2,-26.58559601,-48.72192112,SPRF-SC,DEL03-SC,UOP02-DEL03-SC,2024
"651431,0",2024-12-26,quinta-feira,11:50:00,SC,101,"144,5",ITAPEMA,Reação tardia ou ineficiente do condutor,Colisão lateral mesmo sentido,Com Vítimas Fatais,Pleno dia,Decrescente,Nublado,Dupla,Reta,Não,3,1,0,0,1,1,0,3,-27.0774056,-48.598867,SPRF-SC,DEL04-SC,UOP03-DEL04-SC,2024
"651516,0",2024-12-26,quinta-feira,18:55:00,SC,101,"191,6",BIGUACU,Suicídio (presumido),Atropelamento de Pedestre,Com Vítimas Fatais,Pleno dia,Decrescente,Nublado,Dupla,Reta,Não,4,1,0,0,1,2,0,3,-27.48232525,-48.64618957,SPRF-SC,DEL01-SC,UOP01-DEL01-SC,2024
"651659,0",2024-12-27,sexta-feira,08:00:00,SC,282,"425,0",VARGEM BONITA,Reação tardia ou ineficiente do condutor,Saída de leito carroçável,Com Vítimas Feridas,Pleno dia,Crescente,Céu Claro,Simples,Declive;Reta,Não,2,0,1,0,0,1,1,2,-26.980412,-51.756256,SPRF-SC,DEL07-SC,UOP05-DEL07-SC,2024
"651696,0",2024-12-27,sexta-feira,10:15:00,SC,116,"105,7",MONTE CASTELO,Reação tardia ou ineficiente do condutor,Tombamento,Com Vítimas Feridas,Pleno dia,Decrescente,Céu Claro,Simples,Curva;Declive,Não,2,0,1,0,0,1,1,2,-26.75095005,-50.31749478,SPRF-SC,DEL06-SC,UOP02-DEL06-SC,2024
"651699,0",2024-12-27,sexta-feira,11:06:00,SC,280,"34,0",ARAQUARI,Velocidade Incompatível,Colisão traseira,Com Vítimas Feridas,Pleno dia,Crescente,Sol,Simples,Reta,Sim,3,0,1,0,1,1,1,2,-26.42993971,-48.79615614,SPRF-SC,DEL03-SC,UOP03-DEL03-SC,2024
"651767,0",2024-12-27,sexta-feira,22:35:00,SC,470,"116,0",IBIRAMA,Ausência de reação do condutor,Tombamento,Com Vítimas Feridas,Plena Noite,Decrescente,Nublado,Simples,Curva,Não,2,0,1,0,0,1,1,2,-27.08196354,-49.50082671,SPRF-SC,DEL04-SC,UOP02-DEL04-SC,2024