id,data_inversa,dia_semana,horario,uf,br,km,municipio,causa_acidente,tipo_acidente,classificacao_acidente,fase_dia,sentido_via,condicao_metereologica,tipo_pista,tracado_via,uso_solo,pessoas,mortos,feridos_leves,feridos_graves,ilesos,ignorados,feridos,veiculos,latitude,longitude,regional,delegacia,uop,ano_arquivo
"572630,0",2024-01-04,quinta-feira,18:10:00,SC,101,"137,0",BALNEARIO CAMBORIU,Trafegar com motocicleta (ou similar) entre as faixas,Colisão lateral mesmo sentido,Com Vítimas Feridas,Pleno dia,Decrescente,Nublado,Múltipla,Aclive;Reta;Viaduto,Sim,3,0,2,0,1,0,2,2,-27.0157238,-48.61192763,SPRF-SC,DEL04-SC,UOP03-DEL04-SC,2024
"572633,0",2024-01-04,quinta-feira,17:50:00,SC,163,"70,0",SAO MIGUEL DO OESTE,Acessar a via sem observar a presença dos outros veículos,Colisão transversal,Com Vítimas Feridas,Pleno dia,Decrescente,Céu Claro,Simples,Interseção de Vias;Reta,Sim,2,0,1,0,1,0,1,2,-26.73461723,-53.50680015,SPRF-SC,DEL07-SC,UOP03-DEL07-SC,2024
"572638,0",2024-01-04,quinta-feira,12:40:00,SC,101,"344,0",TUBARAO,Acumulo de água sobre o pavimento,Saída de leito carroçável,Sem Vítimas,Pleno dia,Crescente,Chuva,Múltipla,Curva,Não,4,0,0,0,4,0,0,1,-28.53647889,-49.0531826,SPRF-SC,DEL02-SC,UOP01-DEL02-SC,2024
"572654,0",2024-01-04,quinta-feira,21:00:00,SC,282,"5,4",SAO JOSE,Reação tardia ou ineficiente do condutor,Tombamento,Com Vítimas Feridas,Plena Noite,Crescente,Garoa/Chuvisco,Dupla,Curva;Declive,Sim,2,0,2,0,0,0,2,1,-27.588425,-48.612919,SPRF-SC,DEL01-SC,UOP01-DEL01-SC,2024
"572656,0",2024-01-04,quinta-feira,19:35:00,SC,101,"3,9",ARARANGUA,Acessar a via sem observar a presença dos outros veículos,Colisão transversal,Com Vítimas Feridas,Plena Noite,Decrescente,Céu Claro,Simples,Reta,Sim,2,0,0,1,1,0,1,2,-28.9356,-49.4864,SPRF-SC,DEL02-SC,UOP02-DEL02-SC,2024
"572669,0",2024-01-04,quinta-feira,22:40:00,SC,470,"70,0",INDAIAL,Condutor Dormindo,Colisão com objeto,Com Vítimas Feridas,Plena Noite,Decrescente,Garoa/Chuvisco,Simples,Reta,Sim,2,0,2,0,0,0,2,1,-26.889374,-49.254478,SPRF-SC,DEL04-SC,UOP01-DEL04-SC,2024
"572683,0",2024-01-05,sexta-feira,03:30:00,SC,282,"252,1",SAO JOSE DO CERRITO,Condutor Dormindo,Saída de leito carroçável,Sem Vítimas,Plena Noite,Crescente,Nublado,Simples,Curva;Declive,Não,1,0,0,0,1,0,0,1,-27.68969291,-50.56574928,SPRF-SC,DEL05-SC,UOP02-DEL05-SC,2024
"572690,0",2024-01-05,sexta-feira,02:20:00,SC,101,"136,0",BALNEARIO CAMBORIU,Ingestão de álcool pelo condutor,Saída de leito carroçável,Sem Vítimas,Plena Noite,Crescente,Chuva,Múltipla,Reta,Sim,1,0,0,0,0,1,0,1,-27.008113,-48.617245,SPRF-SC,DEL04-SC,UOP03-DEL04-SC,2024
"572693,0",2024-01-05,sexta-feira,07:00:00,SC,282,"6,0",SAO JOSE,Pista Escorregadia,Colisão com objeto,Com Vítimas Feridas,Pleno dia,Crescente,Chuva,Dupla,Curva;Declive,Sim,1,0,0,1,0,0,1,1,-27.591936,-48.618244,SPRF-SC,DEL01-SC,UOP01-DEL01-SC,2024
"572704,0",2024-01-05,sexta-feira,08:10:00,SC,101,"202,1",SAO JOSE,Velocidade Incompatível,Colisão traseira,Com Vítimas Feridas,Pleno dia,Crescente,Garoa/Chuvisco,Múltipla,Reta,Sim,2,0,1,0,1,0,1,2,-27.55711595,-48.61897889,SPRF-SC,DEL01-SC,UOP01-DEL01-SC,2024
"572718,0",2024-01-05,sexta-feira,10:10:00,SC,101,"121,0",ITAJAI,Ausência de reação do condutor,Tombamento,Com Vítimas Feridas,Pleno dia,Crescente,Chuva,Múltipla,Reta,Não,2,0,2,0,0,0,2,1,-26.92103178,-48.70856446,SPRF-SC,DEL04-SC,UOP04-DEL04-SC,2024
"572725,0",2024-01-05,sexta-feira,10:30:00,SC,101,"360,7",SANGAO,Acesso irregular,Colisão lateral mesmo sentido,Com Vítimas Feridas,Pleno dia,Decrescente,Chuva,Dupla,Reta,Não,3,0,1,0,2,0,1,2,-28.65823109,-49.10991486,SPRF-SC,DEL02-SC,UOP01-DEL02-SC,2024
"572726,0",2024-01-05,sexta-feira,08:10:00,SC,101,"260,0",PAULO LOPES,Velocidade Incompatível,Saída de leito carroçável,Com Vítimas Feridas,Pleno dia,Crescente,Garoa/Chuvisco,Simples,Declive;Curva,Não,1,0,0,1,0,0,1,1,-28.02203,-48.702403,SPRF-SC,DEL02-SC,UOP03-DEL02-SC,2024
"572732,0",2024-01-05,sexta-feira,11:00:00,SC,101,"235,4",PALHOCA,Reação tardia ou ineficiente do condutor,Colisão traseira,Com Vítimas Feridas,Pleno dia,Decrescente,Garoa/Chuvisco,Dupla,Ponte;Reta,Não,4,0,1,0,2,1,1,2,-27.8177775,-48.6315025,SPRF-SC,DEL01-SC,UOP02-DEL01-SC,2024
"572740,0",2024-01-05,sexta-feira,13:15:00,SC,101,"227,5",PALHOCA,Condutor deixou de manter distância do veículo da frente,Colisão traseira,Com Vítimas Feridas,Pleno dia,Decrescente,Garoa/Chuvisco,Dupla,Reta,Sim,2,0,0,1,0,1,1,2,-27.7509149,-48.63460277,SPRF-SC,DEL01-SC,UOP02-DEL01-SC,2024
"572759,0",2024-01-05,sexta-feira,12:30:00,SC,101,"158,4",PORTO BELO,Reação tardia ou ineficiente do condutor,Colisão traseira,Com Vítimas Feridas,Pleno dia,Crescente,Chuva,Dupla,Retorno Regulamentado,Sim,2,0,1,0,1,0,1,2,-27.19096301,-48.61259017,SPRF-SC,DEL04-SC,UOP03-DEL04-SC,2024
"572791,0",2024-01-05,sexta-feira,15:45:00,SC,101,"28,1",JOINVILLE,Ingestão de álcool pelo condutor,Colisão traseira,Com Vítimas Feridas,Pleno dia,Crescente,Nublado,Dupla,Reta,Não,2,0,1,0,1,0,1,2,-26.20697505,-48.91482635,SPRF-SC,DEL03-SC,UOP01-DEL03-SC,2024
"572794,0",2024-01-05,sexta-feira,17:20:00,SC,101,"145,0",ITAPEMA,Manobra de mudança de faixa,Colisão lateral mesmo sentido,Com Vítimas Feridas,Pleno dia,Decrescente,Ignorado,Dupla,Aclive;Reta,Sim,2,0,1,0,1,0,1,2,-27.08139206,-48.60130993,SPRF-SC,DEL04-SC,UOP03-DEL04-SC,2024
"572809,0",2024-01-05,sexta-feira,15:00:00,SC,101,"386,3",ICARA,Condutor Dormindo,Saída de leito carroçável,Com Vítimas Feridas,Pleno dia,Crescente,Nublado,Dupla,Declive;Reta,Não,2,0,1,1,0,0,2,1,-28.78720017,-49.3409729,SPRF-SC,DEL02-SC,UOP02-DEL02-SC,2024
"572812,0",2024-01-05,sexta-feira,19:20:00,SC,470,"67,6",INDAIAL,Desrespeitar a preferência no cruzamento,Colisão frontal,Com Vítimas Feridas,Plena Noite,Crescente,Nublado,Simples,Reta;Viaduto,Sim,2,0,0,1,1,0,1,2,-26.872158,-49.23127,SPRF-SC,DEL04-SC,UOP01-DEL04-SC,2024
"572817,0",2024-01-05,sexta-feira,10:30:00,SC,101,"390,9",CRICIUMA,Chuva,Colisão com objeto,Com Vítimas Feridas,Pleno dia,Decrescente,Chuva,Dupla,Declive,Não,4,0,2,0,2,0,2,1,-28.79513029,-49.35435084,SPRF-SC,DEL02-SC,UOP02-DEL02-SC,2024
"572822,0",2024-01-05,sexta-feira,18:30:00,SC,280,"82,2",CORUPA,Acessar a via sem observar a presença dos outros veículos,Colisão transversal,Com Vítimas Feridas,Plena Noite,Decrescente,Nublado,Simples,Interseção de Vias;Rotatória,Sim,2,0,1,0,1,0,1,2,-26.44009491,-49.22605498,SPRF-SC,DEL06-SC,UOP03-DEL06-SC,2024
"572833,0",2024-01-05,sexta-feira,20:35:00,SC,282,"388,6",JOACABA,Velocidade Incompatível,Colisão frontal,Com Vítimas Fatais,Plena Noite,Decrescente,Céu Claro,Simples,Reta;Declive,Sim,3,1,1,1,0,0,2,2,-27.177313,-51.530122,SPRF-SC,DEL07-SC,UOP05-DEL07-SC,2024
"572836,0",2024-01-05,sexta-feira,21:30:00,SC,101,"2,5",GARUVA,Reação tardia ou ineficiente do condutor,Colisão com objeto,Com Vítimas Feridas,Plena Noite,Crescente,Nublado,Dupla,Reta,Não,2,0,2,0,0,0,2,1,-25.99699834,-48.87891655,SPRF-SC,DEL03-SC,UOP01-DEL03-SC,2024
"572839,0",2024-01-05,sexta-feira,21:30:00,SC,101,"6,2",GARUVA,Acumulo de água sobre o pavimento,Saída de leito carroçável,Com Vítimas Feridas,Plena Noite,Crescente,Chuva,Dupla,Declive;Curva,Sim,4,0,2,0,2,0,2,1,-26.02880906,-48.8613081,SPRF-SC,DEL03-SC,UOP01-DEL03-SC,2024
"572841,0",2024-01-05,sexta-feira,22:00:00,SC,101,"124,0",ITAJAI,Manobra de mudança de faixa,Colisão lateral mesmo sentido,Com Vítimas Feridas,Plena Noite,Crescente,Céu Claro,Múltipla,Reta,Sim,3,0,2,0,1,0,2,2,-26.94335064,-48.69198648,SPRF-SC,DEL04-SC,UOP04-DEL04-SC,2024
"572844,0",2024-01-05,sexta-feira,20:00:00,SC,101,"149,0",ITAPEMA,Acessar a via sem observar a presença dos outros veículos,Queda de ocupante de veículo,Com Vítimas Feridas,Plena Noite,Crescente,Garoa/Chuvisco,Simples,Reta,Sim,2,0,1,0,1,0,1,2,-27.1089649,-48.61277586,SPRF-SC,DEL04-SC,UOP03-DEL04-SC,2024
"572851,0",2024-01-05,sexta-feira,23:20:00,SC,101,"163,0",TIJUCAS,Acumulo de água sobre o pavimento,Tombamento,Com Vítimas Feridas,Plena Noite,Crescente,Chuva,Múltipla,Declive;Reta,Sim,1,0,1,0,0,0,1,1,-27.23461699,-48.63039809,SPRF-SC,DEL04-SC,UOP03-DEL04-SC,2024
"572854,0",2024-01-06,sábado,00:57:00,SC,101,"199,1",SAO JOSE,Velocidade Incompatível,Colisão lateral mesmo sentido,Com Vítimas Feridas,Plena Noite,Decrescente,Garoa/Chuvisco,Múltipla,Reta,Sim,5,0,2,0,3,0,2,5,-27.53413705,-48.63003205,SPRF-SC,DEL01-SC,UOP01-DEL01-SC,2024
"572856,0",2024-01-06,sábado,00:50:00,SC,282,"2,9",FLORIANOPOLIS,Velocidade Incompatível,Colisão traseira,Com Vítimas Feridas,Plena Noite,Crescente,Chuva,Múltipla,Curva,Sim,5,0,5,0,0,0,5,2,-27.603289,-48.590416,SPRF-SC,DEL01-SC,UOP01-DEL01-SC,2024
"572859,0",2024-01-06,sábado,00:30:00,SC,470,"136,7",RIO DO SUL,Reação tardia ou ineficiente do condutor,Saída de leito carroçável,Com Vítimas Fatais,Plena Noite,Crescente,Céu Claro,Simples,Curva;Em Obras,Não,2,1,0,1,0,0,1,1,-27.1881332,-49.6102315,SPRF-SC,DEL04-SC,UOP02-DEL04-SC,2024
"572866,0",2024-01-06,sábado,03:00:00,SC,101,"287,3",IMBITUBA,Velocidade Incompatível,Saída de leito carroçável,Sem Vítimas,Plena Noite,Decrescente,Chuva,Dupla,Curva,Não,1,0,0,0,1,0,0,1,-28.25918091,-48.7044096,SPRF-SC,DEL02-SC,UOP03-DEL02-SC,2024
"572881,0",2024-01-06,sábado,05:17:00,SC,101,"376,4",ICARA,Demais falhas mecânicas ou elétricas,Saída de leito carroçável,Sem Vítimas,Amanhecer,Crescente,Céu Claro,Dupla,Curva,Não,1,0,0,0,1,0,0,1,-28.74478445,-49.25514221,SPRF-SC,DEL02-SC,UOP01-DEL02-SC,2024
"572888,0",2024-01-06,sábado,08:20:00,SC,101,"186,0",BIGUACU,Chuva,Colisão com objeto,Com Vítimas Feridas,Pleno dia,Decrescente,Chuva,Dupla,Curva,Não,3,0,1,0,1,1,1,2,-27.43537187,-48.62612665,SPRF-SC,DEL01-SC,UOP01-DEL01-SC,2024
"572904,0",2024-01-06,sábado,08:00:00,SC,101,"433,8",SOMBRIO,Desrespeitar a preferência no cruzamento,Colisão frontal,Com Vítimas Feridas,Pleno dia,Crescente,Nublado,Múltipla,Reta,Sim,3,0,3,0,0,0,3,2,-29.095879,-49.633547,SPRF-SC,DEL02-SC,UOP02-DEL02-SC,2024
"572944,0",2024-01-06,sábado,10:50:00,SC,280,"110,0",SAO BENTO DO SUL,Chuva,Saída de leito carroçável,Com Vítimas Feridas,Pleno dia,Crescente,Céu Claro,Simples,Curva,Não,3,0,2,0,1,0,2,1,-26.32140672,-49.38932175,SPRF-SC,DEL06-SC,UOP03-DEL06-SC,2024
"572964,0",2024-01-06,sábado,08:30:00,SC,282,"494,1",XANXERE,Transitar na contramão,Colisão frontal,Com Vítimas Fatais,Pleno dia,Crescente,Céu Claro,Simples,Aclive;Reta,Não,9,2,1,6,0,0,7,2,-26.86929782,-52.3128801,SPRF-SC,DEL07-SC,UOP01-DEL07-SC,2024
"572967,0",2024-01-06,sábado,15:58:00,SC,470,"56,2",BLUMENAU,Retorno proibido,Colisão traseira,Com Vítimas Feridas,Pleno dia,Crescente,Céu Claro,Simples,Declive,Sim,2,0,0,1,1,0,1,2,-26.87674,-49.127743,SPRF-SC,DEL04-SC,UOP01-DEL04-SC,2024
"572980,0",2024-01-06,sábado,16:40:00,SC,101,"203,0",SAO JOSE,Mal súbito do condutor,Colisão traseira,Com Vítimas Feridas,Pleno dia,Decrescente,Céu Claro,Dupla,Reta,Sim,3,0,1,0,2,0,1,2,-27.5650044,-48.61460082,SPRF-SC,DEL01-SC,UOP01-DEL01-SC,2024
"572987,0",2024-01-06,sábado,16:30:00,SC,101,"136,0",BALNEARIO CAMBORIU,Manobra de mudança de faixa,Colisão lateral mesmo sentido,Com Vítimas Feridas,Pleno dia,Crescente,Nublado,Múltipla,Curva,Sim,1,0,1,0,0,0,1,1,-27.008113,-48.617245,SPRF-SC,DEL04-SC,UOP03-DEL04-SC,2024
"572998,0",2024-01-06,sábado,17:45:00,SC,101,"133,0",BALNEARIO CAMBORIU,Transitar na contramão,Colisão frontal,Com Vítimas Feridas,Pleno dia,Decrescente,Céu Claro,Simples,Reta,Sim,2,0,0,1,1,0,1,2,-26.99936,-48.64609,SPRF-SC,DEL04-SC,UOP03-DEL04-SC,2024
"573007,0",2024-01-06,sábado,19:00:00,SC,101,"116,9",ITAJAI,Ausência de reação do condutor,Tombamento,Com Vítimas Feridas,Plena Noite,Decrescente,Nublado,Dupla,Reta,Não,1,0,0,1,0,0,1,1,-26.87905605,-48.72603512,SPRF-SC,DEL04-SC,UOP04-DEL04-SC,2024
"573014,0",2024-01-06,sábado,19:45:00,SC,282,"16,3",PALHOCA,Acessar a via sem observar a presença dos outros veículos,Colisão transversal,Com Vítimas Feridas,Plena Noite,Decrescente,Nublado,Simples,Reta;Interseção de Vias,Sim,2,0,1,0,1,0,1,2,-27.658611,-48.681847,SPRF-SC,DEL01-SC,UOP02-DEL01-SC,2024
"573029,0",2024-01-06,sábado,21:00:00,SC,101,"210,0",SAO JOSE,Ausência de reação do condutor,Tombamento,Com Vítimas Feridas,Plena Noite,Decrescente,Garoa/Chuvisco,Múltipla,Reta,Sim,1,0,1,0,0,0,1,1,-27.6167305,-48.6457265,SPRF-SC,DEL01-SC,UOP01-DEL01-SC,2024
"573057,0",2024-01-06,sábado,23:30:00,SC,101,"103,0",BALNEARIO PICARRAS,Manobra de mudança de faixa,Colisão traseira,Com Vítimas Feridas,Plena Noite,Crescente,Garoa/Chuvisco,Dupla,Reta,Não,4,0,2,0,2,0,2,2,-26.7832381,-48.68314632,SPRF-SC,DEL03-SC,UOP02-DEL03-SC,2024
"573086,0",2024-01-07,domingo,02:40:00,SC,163,"70,0",SAO MIGUEL DO OESTE,Ingestão de álcool pelo condutor,Colisão com objeto,Com Vítimas Feridas,Plena Noite,Crescente,Céu Claro,Dupla,Curva,Sim,1,0,1,0,0,0,1,1,-26.73259865,-53.51011276,SPRF-SC,DEL07-SC,UOP03-DEL07-SC,2024
"573090,0",2024-01-07,domingo,03:50:00,SC,280,"49,0",GUARAMIRIM,Ausência de sinalização,Tombamento,Com Vítimas Feridas,Plena Noite,Crescente,Céu Claro,Simples,Reta,Sim,1,0,1,0,0,0,1,1,-26.45850039,-48.93692786,SPRF-SC,DEL03-SC,UOP03-DEL03-SC,2024
"573093,0",2024-01-06,sábado,22:30:00,SC,101,"1,0",ARARANGUA,Condutor deixou de manter distância do veículo da frente,Colisão traseira,Com Vítimas Feridas,Plena Noite,Crescente,Céu Claro,Simples,Rotatória,Não,2,0,1,0,1,0,1,2,-28.9356,-49.4864,SPRF-SC,DEL02-SC,UOP02-DEL02-SC,2024
"573098,0",2024-01-07,domingo,04:30:00,SC,101,"139,0",BALNEARIO CAMBORIU,Ausência de reação do condutor,Capotamento,Sem Vítimas,Amanhecer,Decrescente,Nublado,Dupla,Curva,Sim,1,0,0,0,1,0,0,1,-27.02982303,-48.60115006,SPRF-SC,DEL04-SC,UOP03-DEL04-SC,2024
"573100,0",2024-01-07,domingo,05:24:00,SC,101,"191,0",BIGUACU,Pista Escorregadia,Saída de leito carroçável,Com Vítimas Feridas,Amanhecer,Decrescente,Chuva,Dupla,Curva,Não,5,0,1,0,4,0,1,2,-27.47730273,-48.64127329,SPRF-SC,DEL01-SC,UOP01-DEL01-SC,2024
"573104,0",2024-01-07,domingo,05:15:00,SC,163,"1,5",DIONISIO CERQUEIRA,Ingestão de álcool pelo condutor,Colisão com objeto,Com Vítimas Feridas,Amanhecer,Crescente,Céu Claro,Simples,Em Obras;Reta,Sim,2,0,0,2,0,0,2,1,-26.268284,-53.628391,SPRF-SC,DEL07-SC,UOP03-DEL07-SC,2024
"573108,0",2024-01-07,domingo,05:17:00,SC,101,"457,9",SAO JOAO DO SUL,Condutor Dormindo,Colisão com objeto,Sem Vítimas,Pleno dia,Crescente,Céu Claro,Múltipla,Reta,Não,1,0,0,0,1,0,0,1,-29.243574,-49.754735,SPRF-SC,DEL02-SC,UOP02-DEL02-SC,2024
"573113,0",2024-01-07,domingo,07:15:00,SC,470,"74,1",INDAIAL,Demais falhas mecânicas ou elétricas,Incêndio,Sem Vítimas,Pleno dia,Decrescente,Céu Claro,Simples,Reta;Aclive,Não,1,0,0,0,0,1,0,1,-26.916288,-49.280807,SPRF-SC,DEL04-SC,UOP01-DEL04-SC,2024
"573116,0",2024-01-07,domingo,06:05:00,SC,282,"583,0",PINHALZINHO,Velocidade Incompatível,Saída de leito carroçável,Com Vítimas Feridas,Pleno dia,Decrescente,Céu Claro,Simples,Aclive;Curva,Não,1,0,0,1,0,0,1,1,-26.828905,-53.009552,SPRF-SC,DEL07-SC,UOP02-DEL07-SC,2024
"573128,0",2024-01-07,domingo,08:30:00,SC,101,"326,9",CAPIVARI DE BAIXO,Manobra de mudança de faixa,Colisão lateral mesmo sentido,Com Vítimas Feridas,Pleno dia,Decrescente,Céu Claro,Dupla,Declive,Sim,6,0,2,0,4,0,2,2,-28.4385,-48.961647,SPRF-SC,DEL02-SC,UOP01-DEL02-SC,2024
"573129,0",2024-01-07,domingo,07:30:00,SC,470,"67,5",INDAIAL,Reação tardia ou ineficiente do condutor,Tombamento,Com Vítimas Feridas,Pleno dia,Crescente,Céu Claro,Simples,Viaduto,Sim,1,0,1,0,0,0,1,1,-26.872158,-49.23127,SPRF-SC,DEL04-SC,UOP01-DEL04-SC,2024
"573145,0",2024-01-07,domingo,11:50:00,SC,101,"161,0",TIJUCAS,Ausência de reação do condutor,Queda de ocupante de veículo,Com Vítimas Feridas,Pleno dia,Decrescente,Céu Claro,Dupla,Reta,Sim,1,0,1,0,0,0,1,1,-27.21673911,-48.6244238,SPRF-SC,DEL04-SC,UOP03-DEL04-SC,2024
"573175,0",2024-01-07,domingo,15:10:00,SC,101,"200,0",SAO JOSE,Transitar na contramão,Colisão transversal,Com Vítimas Feridas,Pleno dia,Crescente,Céu Claro,Múltipla,Reta,Sim,2,0,1,0,1,0,1,2,-27.54018513,-48.62287714,SPRF-SC,DEL01-SC,UOP01-DEL01-SC,2024
"573185,0",2024-01-07,domingo,15:23:00,SC,101,"83,5",BARRA VELHA,Acessar a via sem observar a presença dos outros veículos,Colisão lateral mesmo sentido,Com Vítimas Feridas,Pleno dia,Crescente,Céu Claro,Dupla,Interseção de Vias;Reta,Não,3,0,0,1,1,1,1,3,-26.624381,-48.713557,SPRF-SC,DEL03-SC,UOP02-DEL03-SC,2024
"573188,0",2024-01-07,domingo,15:40:00,SC,101,"17,6",JOINVILLE,Reação tardia ou ineficiente do condutor,Colisão traseira,Sem Vítimas,Pleno dia,Decrescente,Céu Claro,Dupla,Reta,Não,2,0,0,0,2,0,0,2,-26.12141519,-48.88262078,SPRF-SC,DEL03-SC,UOP01-DEL03-SC,2024
"573210,0",2024-01-07,domingo,18:20:00,SC,163,"87,9",GUARACIABA,Ingestão de álcool pelo condutor,Colisão traseira,Sem Vítimas,Pleno dia,Decrescente,Céu Claro,Simples,Curva,Não,5,0,0,0,5,0,0,2,-26.59023103,-53.51574204,SPRF-SC,DEL07-SC,UOP03-DEL07-SC,2024
"573213,0",2024-01-07,domingo,19:15:00,SC,101,"227,2",PALHOCA,Condutor deixou de manter distância do veículo da frente,Tombamento,Com Vítimas Feridas,Plena Noite,Decrescente,Garoa/Chuvisco,Dupla,Reta,Não,4,0,1,0,2,1,1,4,-27.7509149,-48.63460277,SPRF-SC,DEL01-SC,UOP02-DEL01-SC,2024
"573229,0",2024-01-07,domingo,18:40:00,SC,101,"75,3",ARAQUARI,Ingestão de álcool pelo condutor,Colisão lateral mesmo sentido,Com Vítimas Feridas,Anoitecer,Decrescente,Sol,Dupla,Curva,Não,5,0,2,0,3,0,2,2,-26.5554483,-48.72024518,SPRF-SC,DEL03-SC,UOP02-DEL03-SC,2024
"573257,0",2024-01-07,domingo,21:40:00,SC,282,"620,2",IRACEMINHA,Condutor Dormindo,Colisão traseira,Com Vítimas Feridas,Plena Noite,Decrescente,Céu Claro,Simples,Aclive;Reta,Não,4,0,1,0,3,0,1,2,-26.80141261,-53.31023611,SPRF-SC,DEL07-SC,UOP02-DEL07-SC,2024
"573261,0",2024-01-07,domingo,23:15:00,SC,101,"218,0",PALHOCA,Transitar na contramão,Colisão frontal,Com Vítimas Feridas,Plena Noite,Decrescente,Céu Claro,Múltipla,Reta,Sim,2,0,1,1,0,0,2,2,-27.6758601,-48.67052525,SPRF-SC,DEL01-SC,UOP02-DEL01-SC,2024
"573284,0",2024-01-08,segunda-feira,00:15:00,SC,282,"455,5",PONTE SERRADA,Ausência de reação do condutor,Saída de leito carroçável,Com Vítimas Feridas,Plena Noite,Decrescente,Céu Claro,Simples,Reta,Não,3,0,3,0,0,0,3,1,-26.888617,-51.99427,SPRF-SC,DEL07-SC,UOP04-DEL07-SC,2024
"573293,0",2024-01-08,segunda-feira,06:15:00,SC,101,"134,0",BALNEARIO CAMBORIU,Desrespeitar a preferência no cruzamento,Colisão transversal,Com Vítimas Feridas,Pleno dia,Crescente,Céu Claro,Múltipla,Rotatória,Sim,2,0,1,0,1,0,1,2,-27.00218,-48.636433,SPRF-SC,DEL04-SC,UOP03-DEL04-SC,2024
"573296,0",2024-01-08,segunda-feira,07:00:00,SC,101,"137,0",BALNEARIO CAMBORIU,Condutor deixou de manter distância do veículo da frente,Colisão traseira,Com Vítimas Feridas,Pleno dia,Decrescente,Céu Claro,Dupla,Reta,Sim,2,0,1,0,1,0,1,2,-27.0157238,-48.61192763,SPRF-SC,DEL04-SC,UOP03-DEL04-SC,2024
"573303,0",2024-01-08,segunda-feira,07:40:00,SC,101,"50,0",JOINVILLE,Condutor deixou de manter distância do veículo da frente,Engavetamento,Com Vítimas Feridas,Pleno dia,Decrescente,Nublado,Dupla,Reta,Não,6,0,3,0,3,0,3,4,-26.389594,-48.840036,SPRF-SC,DEL03-SC,UOP01-DEL03-SC,2024
"573310,0",2024-01-08,segunda-feira,08:00:00,SC,280,"51,0",GUARAMIRIM,Acessar a via sem observar a presença dos outros veículos,Colisão transversal,Com Vítimas Feridas,Pleno dia,Decrescente,Céu Claro,Dupla,Retorno Regulamentado,Sim,2,0,0,1,1,0,1,2,-26.46538871,-48.95544449,SPRF-SC,DEL03-SC,UOP03-DEL03-SC,2024
"573322,0",2024-01-08,segunda-feira,08:30:00,SC,280,"28,9",ARAQUARI,Ausência de reação do condutor,Queda de ocupante de veículo,Com Vítimas Feridas,Pleno dia,Decrescente,Céu Claro,Simples,Reta,Não,1,0,1,0,0,0,1,1,-26.40450077,-48.74561031,SPRF-SC,DEL03-SC,UOP03-DEL03-SC,2024
"573327,0",2024-01-08,segunda-feira,09:35:00,SC,101,"23,0",JOINVILLE,Reação tardia ou ineficiente do condutor,Colisão com objeto,Com Vítimas Feridas,Pleno dia,Crescente,Sol,Dupla,Reta,Não,3,0,2,0,1,0,2,1,-26.16582501,-48.90742427,SPRF-SC,DEL03-SC,UOP01-DEL03-SC,2024
"573357,0",2024-01-08,segunda-feira,12:16:00,SC,101,"205,0",SAO JOSE,Ausência de reação do condutor,Colisão traseira,Com Vítimas Feridas,Pleno dia,Decrescente,Céu Claro,Múltipla,Reta,Sim,5,0,1,0,4,0,1,2,-27.58313237,-48.61532885,SPRF-SC,DEL01-SC,UOP01-DEL01-SC,2024
"573373,0",2024-01-08,segunda-feira,13:20:00,SC,101,"122,2",ITAJAI,Manobra de mudança de faixa,Colisão lateral mesmo sentido,Com Vítimas Feridas,Pleno dia,Decrescente,Céu Claro,Múltipla,Reta;Interseção de Vias,Sim,2,0,1,0,1,0,1,2,-26.92955916,-48.70499836,SPRF-SC,DEL04-SC,UOP04-DEL04-SC,2024
"573393,0",2024-01-08,segunda-feira,15:30:00,SC,101,"200,9",SAO JOSE,Reação tardia ou ineficiente do condutor,Colisão traseira,Com Vítimas Feridas,Pleno dia,Crescente,Céu Claro,Dupla,Reta,Sim,3,0,1,0,1,1,1,3,-27.54018513,-48.62287714,SPRF-SC,DEL01-SC,UOP01-DEL01-SC,2024
"573397,0",2024-01-08,segunda-feira,11:20:00,SC,101,"121,3",ITAJAI,Trafegar com motocicleta (ou similar) entre as faixas,Colisão lateral mesmo sentido,Com Vítimas Feridas,Pleno dia,Decrescente,Céu Claro,Múltipla,Reta,Sim,2,0,0,1,1,0,1,2,-26.92103178,-48.70856446,SPRF-SC,DEL04-SC,UOP04-DEL04-SC,2024
"573404,0",2024-01-08,segunda-feira,15:50:00,SC,101,"133,4",BALNEARIO CAMBORIU,Reação tardia ou ineficiente do condutor,Colisão traseira,Com Vítimas Feridas,Pleno dia,Crescente,Céu Claro,Múltipla,Reta,Sim,4,0,1,0,3,0,1,2,-26.99936,-48.64609,SPRF-SC,DEL04-SC,UOP03-DEL04-SC,2024
"573421,0",2024-01-08,segunda-feira,17:40:00,SC,101,"133,8",BALNEARIO CAMBORIU,Acessar a via sem observar a presença dos outros veículos,Colisão lateral mesmo sentido,Com Vítimas Feridas,Pleno dia,Crescente,Céu Claro,Múltipla,Interseção de Vias,Sim,2,0,1,0,1,0,1,2,-26.99936,-48.64609,SPRF-SC,DEL04-SC,UOP03-DEL04-SC,2024
"573422,0",2024-01-08,segunda-feira,17:45:00,SC,101,"229,0",PALHOCA,Condutor deixou de manter distância do veículo da frente,Colisão com objeto,Com Vítimas Feridas,Pleno dia,Decrescente,Garoa/Chuvisco,Múltipla,Reta,Não,1,0,1,0,0,0,1,1,-27.7688932,-48.63205379,SPRF-SC,DEL01-SC,UOP02-DEL01-SC,2024
"573447,0",2024-01-08,segunda-feira,20:00:00,SC,101,"461,0",PASSO DE TORRES,Manobra de mudança de faixa,Colisão lateral mesmo sentido,Com Vítimas Feridas,Plena Noite,Decrescente,Céu Claro,Dupla,Retorno Regulamentado;Reta,Não,4,0,2,1,1,0,3,2,-29.26681993,-49.75517865,SPRF-RS,DEL03-RS,UOP02-DEL03-RS,2024