id,data_inversa,dia_semana,horario,uf,br,km,municipio,causa_acidente,tipo_acidente,classificacao_acidente,fase_dia,sentido_via,condicao_metereologica,tipo_pista,tracado_via,uso_solo,pessoas,mortos,feridos_leves,feridos_graves,ilesos,ignorados,feridos,veiculos,latitude,longitude,regional,delegacia,uop,ano_arquivo
"573461,0",2024-01-08,segunda-feira,21:00:00,SC,470,"126,0",LONTRAS,Avarias e/ou desgaste excessivo no pneu,Saída de leito carroçável,Com Vítimas Feridas,Plena Noite,Decrescente,Chuva,Simples,Declive,Não,2,0,2,0,0,0,2,1,-27.129,-49.538277,SPRF-SC,DEL04-SC,UOP02-DEL04-SC,2024
"573474,0",2024-01-08,segunda-feira,21:00:00,SC,470,"354,0",CAMPOS NOVOS,Demais falhas mecânicas ou elétricas,Incêndio,Sem Vítimas,Plena Noite,Decrescente,Céu Claro,Simples,Curva,Não,1,0,0,0,0,1,0,1,-27.579763,-51.470905,SPRF-SC,DEL07-SC,UOP06-DEL07-SC,2024
"573530,0",2024-01-09,terça-feira,08:00:00,SC,282,"17,1",PALHOCA,Conversão proibida,Colisão transversal,Com Vítimas Feridas,Pleno dia,Decrescente,Céu Claro,Simples,Reta,Sim,2,0,0,1,1,0,1,2,-27.665707,-48.688065,SPRF-SC,DEL01-SC,UOP02-DEL01-SC,2024
"573552,0",2024-01-09,terça-feira,10:40:00,SC,101,"232,0",PALHOCA,Condutor deixou de manter distância do veículo da frente,Colisão traseira,Sem Vítimas,Pleno dia,Decrescente,Céu Claro,Dupla,Reta;Aclive,Não,2,0,0,0,2,0,0,2,-27.795666,-48.638153,SPRF-SC,DEL01-SC,UOP02-DEL01-SC,2024
"573554,0",2024-01-09,terça-feira,10:45:00,SC,101,"150,0",ITAPEMA,Manobra de mudança de faixa,Colisão transversal,Com Vítimas Feridas,Pleno dia,Decrescente,Céu Claro,Dupla,Reta,Não,4,0,1,1,2,0,2,3,-27.11744799,-48.60940987,SPRF-SC,DEL04-SC,UOP03-DEL04-SC,2024
"573586,0",2024-01-09,terça-feira,13:30:00,SC,101,"193,2",BIGUACU,Ingestão de álcool pelo condutor,Saída de leito carroçável,Sem Vítimas,Pleno dia,Crescente,Céu Claro,Múltipla,Curva,Sim,1,0,0,0,1,0,0,1,-27.489574,-48.655914,SPRF-SC,DEL01-SC,UOP01-DEL01-SC,2024
"573591,0",2024-01-09,terça-feira,15:00:00,SC,101,"136,0",BALNEARIO CAMBORIU,Acessar a via sem observar a presença dos outros veículos,Colisão lateral mesmo sentido,Com Vítimas Feridas,Pleno dia,Decrescente,Céu Claro,Dupla,Reta,Não,3,0,2,0,1,0,2,2,-27.008113,-48.617245,SPRF-SC,DEL04-SC,UOP03-DEL04-SC,2024
"573604,0",2024-01-09,terça-feira,16:40:00,SC,101,"274,8",IMBITUBA,Pedestre andava na pista,Atropelamento de Pedestre,Com Vítimas Feridas,Pleno dia,Decrescente,Nublado,Múltipla,Reta,Não,2,0,1,1,0,0,2,2,-28.129852,-48.69322,SPRF-SC,DEL02-SC,UOP03-DEL02-SC,2024
"573622,0",2024-01-09,terça-feira,17:45:00,SC,101,"329,5",TUBARAO,Ausência de reação do condutor,Colisão traseira,Com Vítimas Feridas,Anoitecer,Decrescente,Nublado,Dupla,Reta,Não,2,0,1,0,1,0,1,2,-28.44404822,-48.96611372,SPRF-SC,DEL02-SC,UOP01-DEL02-SC,2024
"573633,0",2024-01-09,terça-feira,18:20:00,SC,101,"211,8",PALHOCA,Manobra de mudança de faixa,Colisão lateral mesmo sentido,Com Vítimas Feridas,Anoitecer,Decrescente,Garoa/Chuvisco,Múltipla,Reta,Não,2,0,0,1,1,0,1,2,-27.62329313,-48.65245588,SPRF-SC,DEL01-SC,UOP02-DEL01-SC,2024
"573649,0",2024-01-09,terça-feira,20:15:00,SC,470,"22,0",ILHOTA,Ausência de reação do condutor,Tombamento,Com Vítimas Feridas,Plena Noite,Decrescente,Nublado,Dupla,Viaduto,Não,1,0,0,1,0,0,1,1,-26.880066,-48.836224,SPRF-SC,DEL04-SC,UOP04-DEL04-SC,2024
"573742,0",2024-01-10,quarta-feira,10:00:00,SC,101,"204,0",SAO JOSE,Condutor deixou de manter distância do veículo da frente,Colisão lateral mesmo sentido,Com Vítimas Feridas,Pleno dia,Decrescente,Céu Claro,Múltipla,Reta;Declive,Sim,2,0,0,1,1,0,1,2,-27.57413014,-48.61363083,SPRF-SC,DEL01-SC,UOP01-DEL01-SC,2024
"573757,0",2024-01-10,quarta-feira,11:15:00,SC,101,"118,1",ITAJAI,Ausência de reação do condutor,Colisão lateral mesmo sentido,Com Vítimas Feridas,Pleno dia,Crescente,Sol,Dupla,Reta,Não,2,0,1,0,1,0,1,2,-26.895859,-48.71903,SPRF-SC,DEL04-SC,UOP04-DEL04-SC,2024
"573771,0",2024-01-10,quarta-feira,08:45:00,SC,101,"92,2",BARRA VELHA,Frear bruscamente,Colisão traseira,Com Vítimas Feridas,Pleno dia,Decrescente,Céu Claro,Dupla,Reta,Sim,2,0,1,0,1,0,1,2,-26.61085222,-48.72204472,SPRF-SC,DEL03-SC,UOP02-DEL03-SC,2024
"573773,0",2024-01-10,quarta-feira,08:10:00,SC,101,"59,3",ARAQUARI,Reação tardia ou ineficiente do condutor,Colisão com objeto,Com Vítimas Feridas,Pleno dia,Decrescente,Sol,Dupla,Curva,Sim,2,0,2,0,0,0,2,1,-26.44651734,-48.79426826,SPRF-SC,DEL03-SC,UOP02-DEL03-SC,2024
"573791,0",2024-01-10,quarta-feira,15:30:00,SC,101,"137,0",BALNEARIO CAMBORIU,Trafegar com motocicleta (ou similar) entre as faixas,Colisão lateral mesmo sentido,Com Vítimas Feridas,Pleno dia,Decrescente,Céu Claro,Dupla,Reta,Sim,2,0,1,0,1,0,1,2,-27.0157238,-48.61192763,SPRF-SC,DEL04-SC,UOP03-DEL04-SC,2024
"573799,0",2024-01-10,quarta-feira,11:30:00,SC,280,"240,0",CANOINHAS,Condutor Dormindo,Saída de leito carroçável,Sem Vítimas,Pleno dia,Crescente,Céu Claro,Simples,Reta,Não,1,0,0,0,1,0,0,1,-26.2173631,-50.45390288,SPRF-SC,DEL06-SC,UOP04-DEL06-SC,2024
"573819,0",2024-01-10,quarta-feira,17:30:00,SC,101,"328,0",CAPIVARI DE BAIXO,Demais falhas mecânicas ou elétricas,Colisão traseira,Com Vítimas Feridas,Pleno dia,Crescente,Céu Claro,Dupla,Reta;Aclive,Sim,2,0,0,1,1,0,1,2,-28.43648094,-48.95989307,SPRF-SC,DEL02-SC,UOP01-DEL02-SC,2024
"573823,0",2024-01-10,quarta-feira,18:50:00,SC,101,"205,5",SAO JOSE,Manobra de mudança de faixa,Colisão lateral mesmo sentido,Com Vítimas Feridas,Anoitecer,Crescente,Céu Claro,Dupla,Reta,Sim,2,0,0,1,0,1,1,2,-27.58313237,-48.61532885,SPRF-SC,DEL01-SC,UOP01-DEL01-SC,2024
"573836,0",2024-01-10,quarta-feira,19:50:00,SC,101,"217,3",PALHOCA,Ingestão de álcool pelo condutor,Tombamento,Com Vítimas Feridas,Plena Noite,Decrescente,Céu Claro,Múltipla,Reta,Sim,1,0,1,0,0,0,1,1,-27.66779034,-48.67393586,SPRF-SC,DEL01-SC,UOP02-DEL01-SC,2024
"573839,0",2024-01-10,quarta-feira,19:45:00,SC,101,"121,0",ITAJAI,Ausência de reação do condutor,Colisão lateral mesmo sentido,Com Vítimas Feridas,Plena Noite,Decrescente,Nublado,Dupla,Reta,Sim,3,0,0,2,1,0,2,2,-26.92103178,-48.70856446,SPRF-SC,DEL04-SC,UOP04-DEL04-SC,2024
"573847,0",2024-01-10,quarta-feira,19:00:00,SC,101,"144,0",ITAPEMA,Reação tardia ou ineficiente do condutor,Colisão traseira,Com Vítimas Feridas,Pleno dia,Crescente,Céu Claro,Dupla,Reta,Sim,2,0,1,0,1,0,1,2,-27.0732659,-48.59672716,SPRF-SC,DEL04-SC,UOP03-DEL04-SC,2024
"573848,0",2024-01-10,quarta-feira,19:54:00,SC,101,"135,0",BALNEARIO CAMBORIU,Acessar a via sem observar a presença dos outros veículos,Colisão transversal,Com Vítimas Feridas,Plena Noite,Crescente,Céu Claro,Simples,Reta,Sim,2,0,0,1,1,0,1,2,-27.0050108,-48.62677494,SPRF-SC,DEL04-SC,UOP03-DEL04-SC,2024
"573867,0",2024-01-10,quarta-feira,22:10:00,SC,101,"425,1",ARARANGUA,Avarias e/ou desgaste excessivo no pneu,Tombamento,Com Vítimas Feridas,Plena Noite,Decrescente,Céu Claro,Dupla,Curva;Declive;Viaduto,Não,2,0,2,0,0,0,2,1,-29.02095789,-49.59124506,SPRF-SC,DEL02-SC,UOP02-DEL02-SC,2024
"573868,0",2024-01-10,quarta-feira,20:50:00,SC,101,"328,0",CAPIVARI DE BAIXO,Ingestão de álcool pelo condutor,Colisão traseira,Sem Vítimas,Plena Noite,Crescente,Céu Claro,Dupla,Reta,Não,1,0,0,0,1,0,0,1,-28.43648094,-48.95989307,SPRF-SC,DEL02-SC,UOP01-DEL02-SC,2024
"573915,0",2024-01-11,quinta-feira,08:30:00,SC,470,"68,1",INDAIAL,Acessar a via sem observar a presença dos outros veículos,Colisão lateral mesmo sentido,Com Vítimas Feridas,Pleno dia,Decrescente,Céu Claro,Dupla,Reta;Em Obras,Sim,3,0,2,0,1,0,2,2,-26.87874376,-49.2407012,SPRF-SC,DEL04-SC,UOP01-DEL04-SC,2024
"573924,0",2024-01-11,quinta-feira,09:15:00,SC,101,"157,0",PORTO BELO,Ausência de reação do condutor,Colisão traseira,Com Vítimas Feridas,Pleno dia,Decrescente,Céu Claro,Múltipla,Reta,Sim,3,0,1,0,2,0,1,2,-27.181625,-48.6121179,SPRF-SC,DEL04-SC,UOP03-DEL04-SC,2024
"573928,0",2024-01-11,quinta-feira,08:50:00,SC,280,"138,0",RIO NEGRINHO,Manobra de mudança de faixa,Saída de leito carroçável,Com Vítimas Feridas,Pleno dia,Crescente,Céu Claro,Simples,Declive;Reta;Em Obras,Não,1,0,1,0,0,0,1,1,-26.26237708,-49.59785109,SPRF-SC,DEL06-SC,UOP03-DEL06-SC,2024
"573967,0",2024-01-11,quinta-feira,12:00:00,SC,101,"207,0",SAO JOSE,Trafegar com motocicleta (ou similar) entre as faixas,Queda de ocupante de veículo,Com Vítimas Feridas,Pleno dia,Crescente,Céu Claro,Dupla,Reta,Sim,1,0,1,0,0,0,1,1,-27.60001226,-48.6226467,SPRF-SC,DEL01-SC,UOP01-DEL01-SC,2024
"574020,0",2024-01-11,quinta-feira,18:00:00,SC,101,"41,0",JOINVILLE,Acumulo de água sobre o pavimento,Tombamento,Com Vítimas Feridas,Pleno dia,Crescente,Chuva,Múltipla,Reta,Não,1,0,1,0,0,0,1,1,-26.31578047,-48.87378573,SPRF-SC,DEL03-SC,UOP01-DEL03-SC,2024
"574024,0",2024-01-11,quinta-feira,16:55:00,SC,101,"323,0",PESCARIA BRAVA,Chuva,Saída de leito carroçável,Sem Vítimas,Pleno dia,Crescente,Chuva,Dupla,Curva,Não,1,0,0,0,0,1,0,1,-28.42789556,-48.91248313,SPRF-SC,DEL02-SC,UOP01-DEL02-SC,2024
"574039,0",2024-01-11,quinta-feira,19:30:00,SC,101,"118,0",ITAJAI,Reação tardia ou ineficiente do condutor,Tombamento,Com Vítimas Feridas,Plena Noite,Crescente,Chuva,Dupla,Reta,Não,1,0,0,1,0,0,1,1,-26.895859,-48.71903,SPRF-SC,DEL04-SC,UOP04-DEL04-SC,2024
"574058,0",2024-01-11,quinta-feira,19:40:00,SC,101,"210,0",SAO JOSE,Condutor deixou de manter distância do veículo da frente,Colisão traseira,Sem Vítimas,Plena Noite,Decrescente,Céu Claro,Múltipla,Reta,Sim,2,0,0,0,2,0,0,2,-27.6167305,-48.6457265,SPRF-SC,DEL01-SC,UOP01-DEL01-SC,2024
"574061,0",2024-01-11,quinta-feira,19:00:00,SC,282,"54,4",RANCHO QUEIMADO,Velocidade Incompatível,Saída de leito carroçável,Com Vítimas Feridas,Pleno dia,Decrescente,Céu Claro,Simples,Curva,Não,1,0,1,0,0,0,1,1,-27.685799,-48.974514,SPRF-SC,DEL01-SC,UOP03-DEL01-SC,2024
"574087,0",2024-01-11,quinta-feira,19:48:00,SC,280,"28,8",ARAQUARI,Acessar a via sem observar a presença dos outros veículos,Colisão transversal,Com Vítimas Feridas,Plena Noite,Decrescente,Chuva,Simples,Reta,Sim,2,0,1,0,1,0,1,2,-26.40801439,-48.7494278,SPRF-SC,DEL03-SC,UOP03-DEL03-SC,2024
"574092,0",2024-01-12,sexta-feira,00:20:00,SC,101,"203,6",SAO JOSE,Mal súbito do condutor,Queda de ocupante de veículo,Com Vítimas Feridas,Plena Noite,Decrescente,Céu Claro,Múltipla,Reta,Sim,1,0,1,0,0,0,1,1,-27.5650044,-48.61460082,SPRF-SC,DEL01-SC,UOP01-DEL01-SC,2024
"574116,0",2024-01-12,sexta-feira,06:15:00,SC,101,"95,2",BARRA VELHA,Desrespeitar a preferência no cruzamento,Colisão transversal,Com Vítimas Feridas,Pleno dia,Decrescente,Nublado,Múltipla,Reta;Declive;Interseção de Vias;Viaduto,Sim,2,0,1,0,1,0,1,2,-26.70876413,-48.70221065,SPRF-SC,DEL03-SC,UOP02-DEL03-SC,2024
"574144,0",2024-01-12,sexta-feira,07:30:00,SC,470,"66,0",INDAIAL,Manobra de mudança de faixa,Colisão lateral mesmo sentido,Com Vítimas Feridas,Pleno dia,Crescente,Nublado,Simples,Rotatória,Sim,2,0,1,0,0,1,1,2,-26.870407,-49.221844,SPRF-SC,DEL04-SC,UOP01-DEL04-SC,2024
"574174,0",2024-01-12,sexta-feira,07:24:00,SC,116,"227,3",CORREIA PINTO,Transitar na contramão,Colisão frontal,Com Vítimas Fatais,Pleno dia,Crescente,Céu Claro,Simples,Reta,Não,17,1,5,1,10,0,6,3,-27.6464543,-50.3378133,SPRF-SC,DEL05-SC,UOP03-DEL05-SC,2024
"574179,0",2024-01-12,sexta-feira,09:30:00,SC,101,"116,0",ITAJAI,Mal súbito do condutor,Colisão traseira,Com Vítimas Feridas,Pleno dia,Crescente,Céu Claro,Dupla,Reta,Sim,2,0,1,0,1,0,1,2,-26.87905605,-48.72603512,SPRF-SC,DEL04-SC,UOP04-DEL04-SC,2024
"574272,0",2024-01-12,sexta-feira,17:50:00,SC,470,"132,9",RIO DO SUL,Condutor Dormindo,Colisão transversal,Com Vítimas Feridas,Pleno dia,Decrescente,Nublado,Dupla,Curva,Não,7,0,2,0,5,0,2,3,-27.170237,-49.574718,SPRF-SC,DEL04-SC,UOP02-DEL04-SC,2024
"574312,0",2024-01-12,sexta-feira,20:00:00,SC,282,"488,1",FAXINAL DOS GUEDES,Ingestão de álcool pelo condutor,Colisão traseira,Sem Vítimas,Plena Noite,Crescente,Céu Claro,Simples,Rotatória,Sim,3,0,0,0,3,0,0,2,-26.863047,-52.270107,SPRF-SC,DEL07-SC,UOP01-DEL07-SC,2024
"574319,0",2024-01-12,sexta-feira,21:53:00,SC,280,"28,9",ARAQUARI,Trafegar com motocicleta (ou similar) entre as faixas,Colisão frontal,Com Vítimas Feridas,Plena Noite,Crescente,Garoa/Chuvisco,Simples,Reta,Não,3,0,0,2,1,0,2,2,-26.40450077,-48.74561031,SPRF-SC,DEL03-SC,UOP03-DEL03-SC,2024
"574346,0",2024-01-13,sábado,03:20:00,SC,280,"125,8",RIO NEGRINHO,Reação tardia ou ineficiente do condutor,Colisão traseira,Com Vítimas Feridas,Plena Noite,Decrescente,Garoa/Chuvisco,Simples,Reta,Sim,2,0,1,0,0,1,1,2,-26.23779604,-49.49427399,SPRF-SC,DEL06-SC,UOP03-DEL06-SC,2024
"574388,0",2024-01-13,sábado,10:00:00,SC,280,"36,3",GUARAMIRIM,Ultrapassagem Indevida,Saída de leito carroçável,Com Vítimas Feridas,Pleno dia,Crescente,Céu Claro,Simples,Reta;Em Obras,Sim,3,0,1,0,0,2,1,3,-26.442765,-48.812031,SPRF-SC,DEL03-SC,UOP03-DEL03-SC,2024
"574405,0",2024-01-13,sábado,11:15:00,SC,101,"202,1",SAO JOSE,Manobra de mudança de faixa,Colisão lateral mesmo sentido,Com Vítimas Feridas,Pleno dia,Crescente,Nublado,Múltipla,Reta,Não,2,0,1,0,1,0,1,2,-27.56504751,-48.61505985,SPRF-SC,DEL01-SC,UOP01-DEL01-SC,2024
"574408,0",2024-01-13,sábado,12:05:00,SC,280,"58,0",JARAGUA DO SUL,Acessar a via sem observar a presença dos outros veículos,Colisão lateral mesmo sentido,Com Vítimas Feridas,Pleno dia,Crescente,Chuva,Múltipla,Interseção de Vias;Rotatória,Sim,3,0,1,0,2,0,1,2,-26.47415593,-49.021211,SPRF-SC,DEL03-SC,UOP03-DEL03-SC,2024
"574449,0",2024-01-13,sábado,14:50:00,SC,470,"151,0",AGRONOMICA,Manobra de mudança de faixa,Colisão frontal,Com Vítimas Feridas,Pleno dia,Crescente,Céu Claro,Simples,Reta,Não,5,0,1,0,3,1,1,3,-27.260792,-49.719761,SPRF-SC,DEL04-SC,UOP02-DEL04-SC,2024
"574497,0",2024-01-13,sábado,17:40:00,SC,101,"37,2",JOINVILLE,Acumulo de óleo sobre o pavimento,Colisão traseira,Com Vítimas Feridas,Anoitecer,Decrescente,Chuva,Múltipla,Reta,Não,2,0,1,0,1,0,1,2,-26.25050176,-48.90863867,SPRF-SC,DEL03-SC,UOP01-DEL03-SC,2024
"574500,0",2024-01-13,sábado,15:30:00,SC,470,"200,1",PONTE ALTA,Reação tardia ou ineficiente do condutor,Queda de ocupante de veículo,Com Vítimas Feridas,Pleno dia,Crescente,Nublado,Simples,Reta,Não,2,0,2,0,0,0,2,1,-27.305405,-50.136627,SPRF-SC,DEL05-SC,UOP03-DEL05-SC,2024
"574504,0",2024-01-13,sábado,18:40:00,SC,101,"183,7",BIGUACU,Reação tardia ou ineficiente do condutor,Saída de leito carroçável,Sem Vítimas,Pleno dia,Decrescente,Nublado,Dupla,Reta,Não,1,0,0,0,0,1,0,1,-27.40688892,-48.6285296,SPRF-SC,DEL01-SC,UOP01-DEL01-SC,2024
"574516,0",2024-01-13,sábado,20:10:00,SC,470,"52,0",BLUMENAU,Ultrapassagem Indevida,Colisão lateral mesmo sentido,Com Vítimas Feridas,Plena Noite,Crescente,Céu Claro,Múltipla,Interseção de Vias,Sim,2,0,1,0,1,0,1,2,-26.862286,-49.093903,SPRF-SC,DEL04-SC,UOP01-DEL04-SC,2024
"574522,0",2024-01-13,sábado,20:15:00,SC,280,"25,0",ARAQUARI,Acessar a via sem observar a presença dos outros veículos,Colisão transversal,Com Vítimas Feridas,Plena Noite,Decrescente,Céu Claro,Simples,Reta,Sim,2,0,1,0,1,0,1,2,-26.385302,-48.728688,SPRF-SC,DEL03-SC,UOP03-DEL03-SC,2024
"574530,0",2024-01-13,sábado,21:30:00,SC,116,"246,0",LAGES,Acessar a via sem observar a presença dos outros veículos,Colisão lateral mesmo sentido,Com Vítimas Feridas,Plena Noite,Decrescente,Nublado,Simples,Reta;Interseção de Vias,Sim,2,0,0,1,1,0,1,2,-27.80419942,-50.36509464,SPRF-SC,DEL05-SC,UOP02-DEL05-SC,2024
"574532,0",2024-01-13,sábado,16:28:00,SC,280,"103,0",SAO BENTO DO SUL,Pista Escorregadia,Colisão frontal,Com Vítimas Feridas,Pleno dia,Decrescente,Garoa/Chuvisco,Simples,Curva;Declive,Não,7,0,4,0,3,0,4,2,-26.35967199,-49.347507,SPRF-SC,DEL06-SC,UOP03-DEL06-SC,2024
"574536,0",2024-01-13,sábado,21:20:00,SC,480,"124,0",CHAPECO,Acesso irregular,Atropelamento de Pedestre,Com Vítimas Feridas,Plena Noite,Crescente,Céu Claro,Dupla,Declive;Reta,Sim,5,0,0,1,4,0,1,2,-27.00359519,-52.64391044,SPRF-SC,DEL07-SC,UOP01-DEL07-SC,2024
"574550,0",2024-01-13,sábado,22:50:00,SC,282,"223,7",LAGES,Pedestre andava na pista,Atropelamento de Pedestre,Com Vítimas Fatais,Plena Noite,Decrescente,Nublado,Simples,Curva,Não,2,1,0,1,0,0,1,2,-27.7987205,-50.3593191,SPRF-SC,DEL05-SC,UOP02-DEL05-SC,2024
"574592,0",2024-01-14,domingo,01:30:00,SC,280,"206,8",MAFRA,Ingestão de álcool pelo condutor,Colisão com objeto,Com Vítimas Feridas,Plena Noite,Crescente,Céu Claro,Simples,Curva,Não,3,0,3,0,0,0,3,1,-26.1612574,-50.13125904,SPRF-SC,DEL06-SC,UOP01-DEL06-SC,2024
"574602,0",2024-01-14,domingo,06:00:00,SC,101,"102,5",BALNEARIO PICARRAS,Ausência de reação do condutor,Saída de leito carroçável,Com Vítimas Feridas,Pleno dia,Crescente,Céu Claro,Dupla,Reta,Não,1,0,0,1,0,0,1,1,-26.77383397,-48.68594062,SPRF-SC,DEL03-SC,UOP02-DEL03-SC,2024
"574636,0",2024-01-14,domingo,10:00:00,SC,101,"196,0",BIGUACU,Reação tardia ou ineficiente do condutor,Colisão traseira,Com Vítimas Feridas,Pleno dia,Decrescente,Céu Claro,Dupla,Reta,Sim,3,0,2,0,1,0,2,2,-27.51101091,-48.64322292,SPRF-SC,DEL01-SC,UOP01-DEL01-SC,2024
"574647,0",2024-01-14,domingo,11:30:00,SC,101,"135,6",BALNEARIO CAMBORIU,Trafegar com motocicleta (ou similar) entre as faixas,Colisão lateral mesmo sentido,Com Vítimas Feridas,Pleno dia,Decrescente,Sol,Dupla,Reta,Sim,2,0,1,0,1,0,1,2,-27.0050108,-48.62677494,SPRF-SC,DEL04-SC,UOP03-DEL04-SC,2024
"574652,0",2024-01-14,domingo,08:30:00,SC,282,"246,3",SAO JOSE DO CERRITO,Reação tardia ou ineficiente do condutor,Colisão com objeto,Com Vítimas Feridas,Pleno dia,Decrescente,Céu Claro,Simples,Curva,Não,2,0,1,0,1,0,1,1,-27.72642471,-50.53047895,SPRF-SC,DEL05-SC,UOP02-DEL05-SC,2024
"574663,0",2024-01-14,domingo,13:00:00,SC,280,"168,0",MAFRA,Reação tardia ou ineficiente do condutor,Colisão traseira,Com Vítimas Feridas,Pleno dia,Crescente,Céu Claro,Simples,Aclive;Curva,Não,3,0,1,0,2,0,1,2,-26.1600847,-49.81588937,SPRF-SC,DEL06-SC,UOP01-DEL06-SC,2024
"574680,0",2024-01-14,domingo,13:50:00,SC,101,"120,5",ITAJAI,Avarias e/ou desgaste excessivo no pneu,Tombamento,Com Vítimas Feridas,Pleno dia,Crescente,Céu Claro,Dupla,Reta,Sim,2,0,2,0,0,0,2,1,-26.912758,-48.711998,SPRF-SC,DEL04-SC,UOP04-DEL04-SC,2024
"574687,0",2024-01-14,domingo,15:00:00,SC,282,"22,4",SANTO AMARO DA IMPERATRIZ,Condutor deixou de manter distância do veículo da frente,Colisão traseira,Sem Vítimas,Pleno dia,Crescente,Céu Claro,Simples,Reta,Sim,2,0,0,0,2,0,0,2,-27.688507,-48.72739,SPRF-SC,DEL01-SC,UOP02-DEL01-SC,2024
"574701,0",2024-01-14,domingo,17:30:00,SC,280,"30,5",ARAQUARI,Ingestão de álcool pelo condutor,Colisão traseira,Com Vítimas Feridas,Pleno dia,Crescente,Céu Claro,Simples,Reta,Sim,2,0,0,1,1,0,1,2,-26.4141523,-48.76209493,SPRF-SC,DEL03-SC,UOP03-DEL03-SC,2024
"574710,0",2024-01-14,domingo,17:49:00,SC,101,"145,0",ITAPEMA,Acessar a via sem observar a presença dos outros veículos,Colisão lateral mesmo sentido,Sem Vítimas,Pleno dia,Decrescente,Céu Claro,Dupla,Reta,Sim,2,0,0,0,2,0,0,2,-27.08139206,-48.60130993,SPRF-SC,DEL04-SC,UOP03-DEL04-SC,2024
"574720,0",2024-01-14,domingo,18:20:00,SC,101,"187,2",BIGUACU,Acessar a via sem observar a presença dos outros veículos,Colisão lateral mesmo sentido,Sem Vítimas,Pleno dia,Crescente,Céu Claro,Dupla,Reta,Não,3,0,0,0,3,0,0,2,-27.44307116,-48.62848475,SPRF-SC,DEL01-SC,UOP01-DEL01-SC,2024
"574725,0",2024-01-14,domingo,18:30:00,SC,101,"223,0",PALHOCA,Trafegar com motocicleta (ou similar) entre as faixas,Colisão traseira,Com Vítimas Feridas,Anoitecer,Decrescente,Céu Claro,Dupla,Reta,Não,4,0,2,0,2,0,2,3,-27.71552634,-48.64881251,SPRF-SC,DEL01-SC,UOP02-DEL01-SC,2024
"574728,0",2024-01-14,domingo,19:10:00,SC,101,"193,2",BIGUACU,Objeto estático sobre o leito carroçável,Colisão com objeto,Com Vítimas Feridas,Anoitecer,Decrescente,Nublado,Dupla,Reta,Sim,1,0,1,0,0,0,1,1,-27.489574,-48.655914,SPRF-SC,DEL01-SC,UOP01-DEL01-SC,2024
"574729,0",2024-01-14,domingo,17:45:00,SC,101,"111,0",NAVEGANTES,Ausência de reação do condutor,Colisão com objeto,Com Vítimas Feridas,Anoitecer,Crescente,Nublado,Simples,Ponte,Não,1,0,0,1,0,0,1,1,-26.83955734,-48.71418074,SPRF-SC,DEL04-SC,UOP04-DEL04-SC,2024
"574732,0",2024-01-14,domingo,19:30:00,SC,101,"206,0",SAO JOSE,Ausência de reação do condutor,Colisão traseira,Com Vítimas Feridas,Plena Noite,Crescente,Céu Claro,Múltipla,Reta,Sim,2,0,1,0,0,1,1,2,-27.59193546,-48.61824557,SPRF-SC,DEL01-SC,UOP01-DEL01-SC,2024
"574735,0",2024-01-14,domingo,18:00:00,SC,470,"55,3",BLUMENAU,Ingestão de álcool pelo condutor,Colisão traseira,Sem Vítimas,Pleno dia,Decrescente,Céu Claro,Simples,Curva,Sim,3,0,0,0,3,0,0,2,-26.875601,-49.117992,SPRF-SC,DEL04-SC,UOP01-DEL04-SC,2024
"574738,0",2024-01-14,domingo,17:30:00,SC,116,"30,1",ITAIOPOLIS,Demais falhas mecânicas ou elétricas,Saída de leito carroçável,Com Vítimas Feridas,Pleno dia,Decrescente,Céu Claro,Simples,Reta,Não,1,0,1,0,0,0,1,1,-26.31187517,-49.96286886,SPRF-SC,DEL06-SC,UOP01-DEL06-SC,2024
"574755,0",2024-01-14,domingo,20:15:00,SC,282,"485,0",FAXINAL DOS GUEDES,Ingestão de álcool pelo condutor,Colisão traseira,Sem Vítimas,Plena Noite,Decrescente,Chuva,Simples,Reta,Não,2,0,0,0,2,0,0,2,-26.857132,-52.245258,SPRF-SC,DEL07-SC,UOP01-DEL07-SC,2024
"574764,0",2024-01-14,domingo,21:05:00,SC,101,"224,9",PALHOCA,Reação tardia ou ineficiente do condutor,Colisão lateral mesmo sentido,Com Vítimas Feridas,Plena Noite,Decrescente,Céu Claro,Múltipla,Reta;Aclive,Sim,2,0,0,1,0,1,1,2,-27.72384789,-48.64386769,SPRF-SC,DEL01-SC,UOP02-DEL01-SC,2024
"574769,0",2024-01-14,domingo,20:00:00,SC,282,"48,7",AGUAS MORNAS,Ultrapassagem Indevida,Colisão frontal,Com Vítimas Feridas,Plena Noite,Crescente,Céu Claro,Simples,Curva,Não,4,0,2,0,2,0,2,3,-27.714352,-48.938072,SPRF-SC,DEL01-SC,UOP03-DEL01-SC,2024
"574784,0",2024-01-14,domingo,22:40:00,SC,470,"40,0",GASPAR,Ausência de reação do condutor,Tombamento,Com Vítimas Feridas,Plena Noite,Crescente,Céu Claro,Simples,Reta,Não,1,0,1,0,0,0,1,1,-26.889574,-48.99094,SPRF-SC,DEL04-SC,UOP01-DEL04-SC,2024
"574788,0",2024-01-14,domingo,23:40:00,SC,101,"43,0",JOINVILLE,Transitar na contramão,Colisão lateral sentido oposto,Com Vítimas Feridas,Plena Noite,Crescente,Céu Claro,Dupla,Reta,Sim,2,0,1,0,1,0,1,2,-26.33175597,-48.86200011,SPRF-SC,DEL03-SC,UOP01-DEL03-SC,2024