id,data_inversa,dia_semana,horario,uf,br,km,municipio,causa_acidente,tipo_acidente,classificacao_acidente,fase_dia,sentido_via,condicao_metereologica,tipo_pista,tracado_via,uso_solo,pessoas,mortos,feridos_leves,feridos_graves,ilesos,ignorados,feridos,veiculos,latitude,longitude,regional,delegacia,uop,ano_arquivo
"575717,0",2024-01-19,sexta-feira,11:00:00,SC,282,"59,0",IRANI,Desrespeitar a preferência no cruzamento,Colisão transversal,Com Vítimas Feridas,Pleno dia,Crescente,Nublado,Simples,Interseção de Vias;Rotatória,Não,6,0,2,2,2,0,4,2,-26.96947494,-51.85476923,SPRF-SC,DEL01-SC,UOP03-DEL01-SC,2024
"575718,0",2024-01-19,sexta-feira,11:37:00,SC,282,"212,2",LAGES,Acessar a via sem observar a presença dos outros veículos,Colisão transversal,Com Vítimas Feridas,Pleno dia,Decrescente,Nublado,Simples,Interseção de Vias;Declive,Não,3,0,1,1,1,0,2,2,-27.782257,-50.251381,SPRF-SC,DEL05-SC,UOP01-DEL05-SC,2024
"575726,0",2024-01-19,sexta-feira,14:35:00,SC,101,"2,3",ARARANGUA,Condutor deixou de manter distância do veículo da frente,Colisão traseira,Sem Vítimas,Pleno dia,Decrescente,Céu Claro,Simples,Interseção de Vias,Sim,2,0,0,0,2,0,0,2,-28.93981019,-49.49769974,SPRF-SC,DEL02-SC,UOP02-DEL02-SC,2024
"575731,0",2024-01-19,sexta-feira,15:40:00,SC,101,"135,0",BALNEARIO CAMBORIU,Ausência de reação do condutor,Colisão traseira,Com Vítimas Feridas,Pleno dia,Crescente,Céu Claro,Múltipla,Reta,Sim,2,0,0,1,1,0,1,2,-27.0050108,-48.62677494,SPRF-SC,DEL04-SC,UOP03-DEL04-SC,2024
"575744,0",2024-01-19,sexta-feira,16:00:00,SC,101,"144,0",ITAPEMA,Manobra de mudança de faixa,Colisão lateral mesmo sentido,Com Vítimas Feridas,Pleno dia,Decrescente,Céu Claro,Dupla,Reta,Sim,3,0,2,0,1,0,2,2,-27.0732659,-48.59672716,SPRF-SC,DEL04-SC,UOP03-DEL04-SC,2024
"575759,0",2024-01-19,sexta-feira,17:20:00,SC,101,"2,5",GARUVA,Ausência de reação do condutor,Saída de leito carroçável,Com Vítimas Feridas,Pleno dia,Crescente,Chuva,Dupla,Curva;Declive,Não,2,0,2,0,0,0,2,1,-26.00788699,-48.86529922,SPRF-SC,DEL03-SC,UOP01-DEL03-SC,2024
"575764,0",2024-01-19,sexta-feira,18:00:00,SC,101,"159,0",PORTO BELO,Ausência de reação do condutor,Saída de leito carroçável,Sem Vítimas,Anoitecer,Crescente,Céu Claro,Dupla,Reta,Sim,1,0,0,0,0,1,0,1,-27.1998778,-48.61534236,SPRF-SC,DEL04-SC,UOP03-DEL04-SC,2024
"575767,0",2024-01-19,sexta-feira,18:10:00,SC,101,"114,9",ITAJAI,Condutor deixou de manter distância do veículo da frente,Colisão traseira,Com Vítimas Feridas,Pleno dia,Decrescente,Céu Claro,Múltipla,Reta,Não,2,0,0,1,1,0,1,2,-26.87064015,-48.72954134,SPRF-SC,DEL04-SC,UOP04-DEL04-SC,2024
"575770,0",2024-01-19,sexta-feira,16:57:00,SC,101,"213,0",PALHOCA,Trafegar com motocicleta (ou similar) entre as faixas,Colisão traseira,Com Vítimas Feridas,Pleno dia,Decrescente,Céu Claro,Múltipla,Reta,Sim,2,0,1,0,1,0,1,2,-27.63697369,-48.66514142,SPRF-SC,DEL01-SC,UOP02-DEL01-SC,2024
"575781,0",2024-01-19,sexta-feira,18:18:00,SC,101,"209,2",SAO JOSE,Manobra de mudança de faixa,Colisão lateral mesmo sentido,Com Vítimas Feridas,Pleno dia,Crescente,Céu Claro,Múltipla,Reta,Sim,2,0,1,0,1,0,1,2,-27.61110895,-48.64028335,SPRF-SC,DEL01-SC,UOP01-DEL01-SC,2024
"575788,0",2024-01-19,sexta-feira,19:00:00,SC,101,"66,3",ARAQUARI,Reação tardia ou ineficiente do condutor,Tombamento,Com Vítimas Feridas,Anoitecer,Decrescente,Nublado,Dupla,Curva,Não,1,0,1,0,0,0,1,1,-26.4825074,-48.7354213,SPRF-SC,DEL03-SC,UOP02-DEL03-SC,2024
"575792,0",2024-01-19,sexta-feira,19:20:00,SC,282,"3,5",FLORIANOPOLIS,Manobra de mudança de faixa,Colisão traseira,Com Vítimas Feridas,Plena Noite,Crescente,Céu Claro,Dupla,Reta,Não,3,0,2,0,1,0,2,2,-27.600384,-48.599705,SPRF-SC,DEL01-SC,UOP01-DEL01-SC,2024
"575799,0",2024-01-19,sexta-feira,20:00:00,SC,101,"204,3",SAO JOSE,Condutor deixou de manter distância do veículo da frente,Colisão traseira,Com Vítimas Feridas,Plena Noite,Decrescente,Nublado,Múltipla,Reta,Sim,2,0,1,0,1,0,1,2,-27.57413014,-48.61363083,SPRF-SC,DEL01-SC,UOP01-DEL01-SC,2024
"575800,0",2024-01-19,sexta-feira,17:40:00,SC,470,"300,0",CAMPOS NOVOS,Condutor Dormindo,Saída de leito carroçável,Com Vítimas Feridas,Pleno dia,Crescente,Céu Claro,Simples,Reta,Não,1,0,0,1,0,0,1,1,-27.372538,-51.046467,SPRF-SC,DEL07-SC,UOP06-DEL07-SC,2024
"575801,0",2024-01-19,sexta-feira,19:41:00,SC,101,"412,9",ARARANGUA,Pedestre andava na pista,Atropelamento de Pedestre,Com Vítimas Fatais,Plena Noite,Crescente,Nublado,Dupla,Curva,Sim,2,1,0,0,1,0,0,2,-28.95317942,-49.53117371,SPRF-SC,DEL02-SC,UOP02-DEL02-SC,2024
"575803,0",2024-01-19,sexta-feira,18:30:00,SC,280,"56,2",GUARAMIRIM,Condutor deixou de manter distância do veículo da frente,Colisão traseira,Com Vítimas Feridas,Plena Noite,Crescente,Nublado,Dupla,Reta;Em Obras,Não,3,0,1,0,2,0,1,2,-26.47947677,-49.00298702,SPRF-SC,DEL03-SC,UOP03-DEL03-SC,2024
"575810,0",2024-01-19,sexta-feira,21:15:00,SC,280,"25,2",ARAQUARI,Acessar a via sem observar a presença dos outros veículos,Colisão frontal,Com Vítimas Feridas,Plena Noite,Crescente,Nublado,Simples,Reta,Sim,2,0,1,0,1,0,1,2,-26.38523815,-48.72876406,SPRF-SC,DEL03-SC,UOP03-DEL03-SC,2024
"575816,0",2024-01-19,sexta-feira,21:15:00,SC,101,"195,0",BIGUACU,Acessar a via sem observar a presença dos outros veículos,Colisão transversal,Com Vítimas Feridas,Plena Noite,Decrescente,Céu Claro,Dupla,Reta,Sim,2,0,1,0,0,1,1,2,-27.5047092,-48.65010819,SPRF-SC,DEL01-SC,UOP01-DEL01-SC,2024
"575819,0",2024-01-19,sexta-feira,21:25:00,SC,101,"131,0",BALNEARIO CAMBORIU,Acessar a via sem observar a presença dos outros veículos,Colisão transversal,Com Vítimas Feridas,Plena Noite,Decrescente,Nublado,Simples,Aclive;Reta,Sim,3,0,2,1,0,0,3,2,-26.99064209,-48.66310912,SPRF-SC,DEL04-SC,UOP03-DEL04-SC,2024
"575822,0",2024-01-19,sexta-feira,21:45:00,SC,101,"206,3",SAO JOSE,Condutor deixou de manter distância do veículo da frente,Colisão traseira,Sem Vítimas,Plena Noite,Crescente,Céu Claro,Dupla,Reta,Sim,2,0,0,0,1,1,0,2,-27.59193546,-48.61824557,SPRF-SC,DEL01-SC,UOP01-DEL01-SC,2024
"575826,0",2024-01-03,quarta-feira,23:59:00,SC,101,"214,3",PALHOCA,Acessar a via sem observar a presença dos outros veículos,Colisão transversal,Com Vítimas Feridas,Plena Noite,Decrescente,Céu Claro,Múltipla,Interseção de Vias;Viaduto,Sim,2,0,1,0,1,0,1,2,-27.64717913,-48.67216408,SPRF-SC,DEL01-SC,UOP02-DEL01-SC,2024
"575832,0",2024-01-19,sexta-feira,23:20:00,SC,101,"137,0",BALNEARIO CAMBORIU,Ausência de reação do condutor,Colisão transversal,Com Vítimas Feridas,Pleno dia,Crescente,Céu Claro,Dupla,Aclive;Viaduto,Sim,2,0,0,2,0,0,2,2,-27.0157238,-48.61192763,SPRF-SC,DEL04-SC,UOP03-DEL04-SC,2024
"575860,0",2024-01-20,sábado,01:15:00,SC,280,"70,5",JARAGUA DO SUL,Manobra de mudança de faixa,Colisão frontal,Sem Vítimas,Plena Noite,Decrescente,Céu Claro,Simples,Reta,Sim,6,0,0,0,6,0,0,2,-26.46522052,-49.12675918,SPRF-SC,DEL03-SC,UOP03-DEL03-SC,2024
"575875,0",2024-01-20,sábado,05:30:00,SC,470,"128,0",LONTRAS,Reação tardia ou ineficiente do condutor,Saída de leito carroçável,Com Vítimas Feridas,Amanhecer,Decrescente,Nublado,Simples,Reta;Declive,Não,1,0,0,1,0,0,1,1,-27.143742,-49.548897,SPRF-SC,DEL04-SC,UOP02-DEL04-SC,2024
"575891,0",2024-01-20,sábado,06:30:00,SC,158,"109,2",CUNHA PORA,Desrespeitar a preferência no cruzamento,Colisão transversal,Com Vítimas Feridas,Pleno dia,Crescente,Céu Claro,Simples,Interseção de Vias,Não,2,0,2,0,0,0,2,2,-26.88666987,-53.1757164,SPRF-SC,DEL07-SC,UOP02-DEL07-SC,2024
"575892,0",2024-01-20,sábado,07:50:00,SC,101,"309,8",LAGUNA,Ausência de reação do condutor,Colisão com objeto,Com Vítimas Feridas,Pleno dia,Crescente,Céu Claro,Dupla,Reta,Não,2,0,1,1,0,0,2,1,-28.40755485,-48.79169438,SPRF-SC,DEL02-SC,UOP01-DEL02-SC,2024
"575919,0",2024-01-20,sábado,09:30:00,SC,101,"110,0",PENHA,Reação tardia ou ineficiente do condutor,Colisão traseira,Com Vítimas Feridas,Pleno dia,Crescente,Céu Claro,Dupla,Reta,Não,2,0,0,1,1,0,1,2,-26.83477,-48.706151,SPRF-SC,DEL03-SC,UOP02-DEL03-SC,2024
"575926,0",2024-01-20,sábado,09:20:00,SC,282,"0,1",FLORIANOPOLIS,Reação tardia ou ineficiente do condutor,Colisão lateral mesmo sentido,Com Vítimas Feridas,Pleno dia,Decrescente,Céu Claro,Múltipla,Curva,Sim,3,0,1,0,1,1,1,2,-27.59845,-48.571995,SPRF-SC,DEL01-SC,UOP01-DEL01-SC,2024
"575930,0",2024-01-20,sábado,09:00:00,SC,282,"420,8",VARGEM BONITA,Pista Escorregadia,Saída de leito carroçável,Com Vítimas Feridas,Pleno dia,Crescente,Céu Claro,Simples,Curva,Não,2,0,1,0,1,0,1,1,-27.014505,-51.736427,SPRF-SC,DEL07-SC,UOP05-DEL07-SC,2024
"575947,0",2024-01-20,sábado,11:00:00,SC,101,"112,0",ITAJAI,Acessar a via sem observar a presença dos outros veículos,Colisão lateral mesmo sentido,Com Vítimas Feridas,Pleno dia,Decrescente,Céu Claro,Dupla,Curva,Sim,3,0,3,0,0,0,3,2,-26.84589005,-48.72131295,SPRF-SC,DEL04-SC,UOP04-DEL04-SC,2024
"575953,0",2024-01-20,sábado,13:55:00,SC,101,"360,9",SANGAO,Manobra de mudança de faixa,Colisão com objeto,Com Vítimas Feridas,Pleno dia,Crescente,Nublado,Múltipla,Curva,Não,4,0,4,0,0,0,4,1,-28.67096645,-49.12202954,SPRF-SC,DEL02-SC,UOP01-DEL02-SC,2024
"575969,0",2024-01-20,sábado,15:35:00,SC,101,"137,7",BALNEARIO CAMBORIU,Trafegar com motocicleta (ou similar) entre as faixas,Colisão traseira,Com Vítimas Feridas,Pleno dia,Decrescente,Chuva,Múltipla,Reta,Sim,2,0,0,1,1,0,1,2,-27.0157238,-48.61192763,SPRF-SC,DEL04-SC,UOP03-DEL04-SC,2024
"575988,0",2024-01-20,sábado,17:20:00,SC,101,"228,1",PALHOCA,Animais na Pista,Colisão com objeto,Com Vítimas Feridas,Pleno dia,Decrescente,Céu Claro,Dupla,Aclive;Reta,Não,2,0,1,0,1,0,1,1,-27.7597249,-48.63078869,SPRF-SC,DEL01-SC,UOP02-DEL01-SC,2024
"575995,0",2024-01-20,sábado,16:15:00,SC,470,"56,0",BLUMENAU,Conversão proibida,Colisão transversal,Com Vítimas Feridas,Pleno dia,Crescente,Nublado,Simples,Reta,Sim,2,0,1,0,1,0,1,2,-26.87674,-49.127743,SPRF-SC,DEL04-SC,UOP01-DEL04-SC,2024
"575998,0",2024-01-20,sábado,17:30:00,SC,101,"219,2",PALHOCA,Avarias e/ou desgaste excessivo no pneu,Tombamento,Com Vítimas Feridas,Pleno dia,Decrescente,Nublado,Dupla,Reta,Não,2,0,2,0,0,0,2,1,-27.68392194,-48.66710085,SPRF-SC,DEL01-SC,UOP02-DEL01-SC,2024
"576019,0",2024-01-20,sábado,17:20:00,SC,282,"43,1",AGUAS MORNAS,Conversão proibida,Colisão transversal,Sem Vítimas,Pleno dia,Decrescente,Nublado,Simples,Reta,Não,2,0,0,0,2,0,0,2,-27.719458,-48.897526,SPRF-SC,DEL01-SC,UOP03-DEL01-SC,2024
"576022,0",2024-01-20,sábado,17:15:00,SC,282,"246,0",SAO JOSE DO CERRITO,Velocidade Incompatível,Saída de leito carroçável,Com Vítimas Feridas,Pleno dia,Decrescente,Céu Claro,Simples,Curva,Não,1,0,0,1,0,0,1,1,-27.72682358,-50.53024292,SPRF-SC,DEL05-SC,UOP02-DEL05-SC,2024
"576030,0",2024-01-20,sábado,18:45:00,SC,101,"202,0",SAO JOSE,Manobra de mudança de faixa,Colisão lateral mesmo sentido,Com Vítimas Feridas,Anoitecer,Crescente,Nublado,Simples,Reta;Viaduto,Sim,2,0,1,0,1,0,1,2,-27.55711595,-48.61897889,SPRF-SC,DEL01-SC,UOP01-DEL01-SC,2024
"576031,0",2024-01-20,sábado,19:15:00,SC,280,"58,0",GUARAMIRIM,Retorno proibido,Colisão transversal,Com Vítimas Feridas,Pleno dia,Crescente,Chuva,Simples,Em Obras;Reta,Sim,2,0,1,0,1,0,1,2,-26.47415593,-49.021211,SPRF-SC,DEL03-SC,UOP03-DEL03-SC,2024
"576034,0",2024-01-20,sábado,17:15:00,SC,282,"246,1",SAO JOSE DO CERRITO,Velocidade Incompatível,Saída de leito carroçável,Com Vítimas Feridas,Pleno dia,Decrescente,Céu Claro,Simples,Curva,Não,1,0,1,0,0,0,1,1,-27.727213,-50.529724,SPRF-SC,DEL05-SC,UOP02-DEL05-SC,2024
"576056,0",2024-01-20,sábado,21:00:00,SC,101,"336,7",TUBARAO,Ingestão de álcool pelo condutor,Colisão com objeto,Sem Vítimas,Plena Noite,Crescente,Chuva,Múltipla,Curva,Sim,1,0,0,0,1,0,0,1,-28.49304529,-49.0414238,SPRF-SC,DEL02-SC,UOP01-DEL02-SC,2024
"576075,0",2024-01-20,sábado,22:00:00,SC,101,"163,1",TIJUCAS,Deficiência do Sistema de Iluminação/Sinalização,Colisão traseira,Com Vítimas Feridas,Plena Noite,Crescente,Céu Claro,Dupla,Reta,Sim,2,0,1,1,0,0,2,2,-27.23461699,-48.63039809,SPRF-SC,DEL04-SC,UOP03-DEL04-SC,2024
"576081,0",2024-01-20,sábado,21:15:00,SC,282,"407,7",CATANDUVAS,Chuva,Saída de leito carroçável,Com Vítimas Feridas,Plena Noite,Crescente,Nublado,Simples,Curva;Declive,Não,2,0,2,0,0,0,2,1,-27.083517,-51.662014,SPRF-SC,DEL07-SC,UOP05-DEL07-SC,2024
"576085,0",2024-01-21,domingo,00:45:00,SC,101,"191,0",BIGUACU,Demais falhas mecânicas ou elétricas,Tombamento,Com Vítimas Feridas,Plena Noite,Crescente,Garoa/Chuvisco,Múltipla,Curva,Sim,2,0,1,0,1,0,1,1,-27.47730273,-48.64127329,SPRF-SC,DEL01-SC,UOP01-DEL01-SC,2024
"576087,0",2024-01-21,domingo,01:30:00,SC,101,"216,0",PALHOCA,Acumulo de areia ou detritos sobre o pavimento,Tombamento,Com Vítimas Feridas,Plena Noite,Decrescente,Garoa/Chuvisco,Simples,Interseção de Vias,Sim,1,0,0,1,0,0,1,1,-27.65981409,-48.67747798,SPRF-SC,DEL01-SC,UOP02-DEL01-SC,2024
"576089,0",2024-01-21,domingo,00:15:00,SC,101,"401,5",MARACAJA,Ausência de reação do condutor,Tombamento,Com Vítimas Feridas,Plena Noite,Crescente,Garoa/Chuvisco,Dupla,Reta,Não,2,0,1,0,1,0,1,1,-28.85594274,-49.44019434,SPRF-SC,DEL02-SC,UOP02-DEL02-SC,2024
"576097,0",2024-01-21,domingo,02:00:00,SC,101,"333,3",TUBARAO,Acessar a via sem observar a presença dos outros veículos,Colisão transversal,Sem Vítimas,Plena Noite,Decrescente,Chuva,Simples,Interseção de Vias;Viaduto,Sim,3,0,0,0,3,0,0,2,-28.46630107,-48.99653096,SPRF-SC,DEL02-SC,UOP01-DEL02-SC,2024
"576102,0",2024-01-21,domingo,02:45:00,SC,101,"205,0",SAO JOSE,Ingestão de álcool pelo condutor,Queda de ocupante de veículo,Com Vítimas Feridas,Plena Noite,Crescente,Garoa/Chuvisco,Dupla,Reta,Sim,1,0,1,0,0,0,1,1,-27.58313237,-48.61532885,SPRF-SC,DEL01-SC,UOP01-DEL01-SC,2024
"576126,0",2024-01-21,domingo,04:10:00,SC,101,"290,8",IMBITUBA,Reação tardia ou ineficiente do condutor,Colisão traseira,Sem Vítimas,Plena Noite,Decrescente,Nublado,Dupla,Reta,Não,2,0,0,0,2,0,0,2,-28.26202477,-48.70403355,SPRF-SC,DEL02-SC,UOP03-DEL02-SC,2024
"576187,0",2024-01-21,domingo,11:35:00,SC,101,"306,6",LAGUNA,Avarias e/ou desgaste excessivo no pneu,Colisão com objeto,Com Vítimas Feridas,Pleno dia,Decrescente,Chuva,Dupla,Curva,Não,1,0,1,0,0,0,1,1,-28.38437001,-48.77113299,SPRF-SC,DEL02-SC,UOP03-DEL02-SC,2024
"576194,0",2024-01-18,quinta-feira,04:00:00,SC,282,"76,0",RANCHO QUEIMADO,Chuva,Saída de leito carroçável,Com Vítimas Feridas,Plena Noite,Decrescente,Chuva,Simples,Curva,Não,3,0,3,0,0,0,3,1,-27.689442,-49.138737,SPRF-SC,DEL01-SC,UOP03-DEL01-SC,2024
"576202,0",2024-01-21,domingo,09:45:00,SC,101,"382,9",ICARA,Velocidade Incompatível,Capotamento,Com Vítimas Feridas,Pleno dia,Decrescente,Chuva,Dupla,Curva,Sim,3,0,3,0,0,0,3,1,-28.75966988,-49.28552404,SPRF-SC,DEL02-SC,UOP02-DEL02-SC,2024
"576209,0",2024-01-21,domingo,15:15:00,SC,282,"6,0",SAO JOSE,Velocidade Incompatível,Colisão lateral mesmo sentido,Com Vítimas Feridas,Plena Noite,Crescente,Garoa/Chuvisco,Dupla,Curva,Não,2,0,1,0,1,0,1,2,-27.591936,-48.618244,SPRF-SC,DEL01-SC,UOP01-DEL01-SC,2024
"576218,0",2024-01-21,domingo,15:50:00,SC,282,"54,4",AGUAS MORNAS,Frear bruscamente,Colisão frontal,Com Vítimas Feridas,Pleno dia,Decrescente,Garoa/Chuvisco,Dupla,Curva,Sim,4,0,2,0,2,0,2,2,-27.685799,-48.974514,SPRF-SC,DEL01-SC,UOP03-DEL01-SC,2024
"576220,0",2024-01-21,domingo,15:30:00,SC,282,"54,4",AGUAS MORNAS,Chuva,Saída de leito carroçável,Com Vítimas Feridas,Pleno dia,Crescente,Chuva,Simples,Curva,Não,1,0,1,0,0,0,1,1,-27.68813967,-48.97734046,SPRF-SC,DEL01-SC,UOP03-DEL01-SC,2024
"576262,0",2024-01-21,domingo,17:55:00,SC,101,"205,4",SAO JOSE,Velocidade Incompatível,Colisão traseira,Com Vítimas Feridas,Anoitecer,Crescente,Nublado,Múltipla,Reta,Sim,2,0,1,0,1,0,1,2,-27.58313237,-48.61532885,SPRF-SC,DEL01-SC,UOP01-DEL01-SC,2024
"576269,0",2024-01-21,domingo,18:00:00,SC,101,"146,6",ITAPEMA,Reação tardia ou ineficiente do condutor,Colisão transversal,Com Vítimas Feridas,Pleno dia,Crescente,Nublado,Múltipla,Interseção de Vias,Sim,2,0,1,0,1,0,1,2,-27.08666525,-48.60955587,SPRF-SC,DEL04-SC,UOP03-DEL04-SC,2024
"576271,0",2024-01-21,domingo,15:15:00,SC,282,"4,0",FLORIANOPOLIS,Entrada inopinada do pedestre,Atropelamento de Pedestre,Com Vítimas Fatais,Pleno dia,Decrescente,Chuva,Múltipla,Reta,Sim,2,1,0,0,1,0,0,2,-27.592646,-48.604034,SPRF-SC,DEL01-SC,UOP01-DEL01-SC,2024
"576278,0",2024-01-21,domingo,19:40:00,SC,101,"25,6",JOINVILLE,Acumulo de água sobre o pavimento,Queda de ocupante de veículo,Com Vítimas Feridas,Plena Noite,Crescente,Chuva,Dupla,Reta,Não,2,0,2,0,0,0,2,1,-26.1834739,-48.9105912,SPRF-SC,DEL03-SC,UOP01-DEL03-SC,2024
"576307,0",2024-01-21,domingo,21:30:00,SC,101,"146,0",ITAPEMA,Ausência de reação do condutor,Colisão traseira,Sem Vítimas,Plena Noite,Crescente,Garoa/Chuvisco,Múltipla,Interseção de Vias;Viaduto,Sim,2,0,0,0,2,0,0,2,-27.08666525,-48.60955587,SPRF-SC,DEL04-SC,UOP03-DEL04-SC,2024
"576325,0",2024-01-22,segunda-feira,02:30:00,SC,470,"7,3",NAVEGANTES,Transitar na contramão,Colisão transversal,Com Vítimas Feridas,Plena Noite,Crescente,Céu Claro,Múltipla,Aclive;Viaduto,Sim,2,0,1,0,1,0,1,2,-26.84499,-48.71505,SPRF-SC,DEL04-SC,UOP04-DEL04-SC,2024
"576346,0",2024-01-22,segunda-feira,07:00:00,SC,101,"211,5",PALHOCA,Manobra de mudança de faixa,Colisão lateral mesmo sentido,Com Vítimas Feridas,Pleno dia,Decrescente,Garoa/Chuvisco,Dupla,Reta,Sim,2,0,1,0,1,0,1,2,-27.62636516,-48.65504891,SPRF-SC,DEL01-SC,UOP02-DEL01-SC,2024
"576372,0",2024-01-22,segunda-feira,08:00:00,SC,282,"1,0",FLORIANOPOLIS,Manobra de mudança de faixa,Colisão lateral mesmo sentido,Com Vítimas Feridas,Pleno dia,Decrescente,Nublado,Múltipla,Reta,Não,2,0,1,0,1,0,1,2,-27.602955,-48.580509,SPRF-SC,DEL01-SC,UOP01-DEL01-SC,2024
"576380,0",2024-01-22,segunda-feira,09:30:00,SC,282,"4,0",FLORIANOPOLIS,Trafegar com motocicleta (ou similar) entre as faixas,Colisão lateral mesmo sentido,Com Vítimas Feridas,Pleno dia,Decrescente,Céu Claro,Múltipla,Reta,Sim,2,0,1,0,1,0,1,2,-27.592646,-48.604034,SPRF-SC,DEL01-SC,UOP01-DEL01-SC,2024
"576383,0",2024-01-22,segunda-feira,08:20:00,SC,282,"220,0",LAGES,Mal súbito do condutor,Saída de leito carroçável,Com Vítimas Feridas,Amanhecer,Crescente,Nublado,Simples,Reta,Sim,1,0,1,0,0,0,1,1,-27.794014,-50.33363,SPRF-SC,DEL05-SC,UOP01-DEL05-SC,2024
"576409,0",2024-01-01,segunda-feira,11:15:00,SC,101,"12,0",GARUVA,Manobra de mudança de faixa,Colisão lateral mesmo sentido,Com Vítimas Feridas,Pleno dia,Decrescente,Sol,Dupla,Reta,Não,3,0,1,1,1,0,2,2,-26.08104399,-48.86175612,SPRF-SC,DEL03-SC,UOP01-DEL03-SC,2024
"576410,0",2024-01-22,segunda-feira,10:30:00,SC,101,"106,0",PENHA,Ausência de reação do condutor,Tombamento,Com Vítimas Feridas,Pleno dia,Decrescente,Nublado,Dupla,Curva,Não,1,0,1,0,0,0,1,1,-26.81031601,-48.68293896,SPRF-SC,DEL03-SC,UOP02-DEL03-SC,2024
"576431,0",2024-01-22,segunda-feira,14:00:00,SC,101,"210,0",SAO JOSE,Trafegar com motocicleta (ou similar) entre as faixas,Colisão lateral mesmo sentido,Com Vítimas Feridas,Pleno dia,Crescente,Nublado,Dupla,Reta,Sim,3,0,1,0,2,0,1,3,-27.6167305,-48.6457265,SPRF-SC,DEL01-SC,UOP01-DEL01-SC,2024
"576434,0",2024-01-22,segunda-feira,13:00:00,SC,101,"135,4",BALNEARIO CAMBORIU,Transitar na contramão,Colisão frontal,Com Vítimas Feridas,Pleno dia,Crescente,Nublado,Simples,Declive;Curva,Sim,2,0,1,0,1,0,1,2,-27.0050108,-48.62677494,SPRF-SC,DEL04-SC,UOP03-DEL04-SC,2024
"576478,0",2024-01-22,segunda-feira,16:40:00,SC,101,"146,0",ITAPEMA,Reação tardia ou ineficiente do condutor,Colisão traseira,Com Vítimas Feridas,Pleno dia,Decrescente,Chuva,Múltipla,Reta,Sim,2,0,1,0,1,0,1,2,-27.08666525,-48.60955587,SPRF-SC,DEL04-SC,UOP03-DEL04-SC,2024
"576486,0",2024-01-22,segunda-feira,15:30:00,SC,101,"50,0",JOINVILLE,Condutor deixou de manter distância do veículo da frente,Colisão traseira,Com Vítimas Feridas,Pleno dia,Decrescente,Garoa/Chuvisco,Dupla,Reta,Não,4,0,1,0,3,0,1,3,-26.37546719,-48.85479619,SPRF-SC,DEL03-SC,UOP01-DEL03-SC,2024
"576487,0",2024-01-22,segunda-feira,17:46:00,SC,101,"36,0",JOINVILLE,Reação tardia ou ineficiente do condutor,Engavetamento,Com Vítimas Feridas,Anoitecer,Decrescente,Chuva,Dupla,Reta,Não,5,0,2,0,3,0,2,3,-26.2764665,-48.8928359,SPRF-SC,DEL03-SC,UOP01-DEL03-SC,2024
"576488,0",2024-01-22,segunda-feira,18:30:00,SC,101,"217,0",PALHOCA,Avarias e/ou desgaste excessivo no pneu,Tombamento,Com Vítimas Feridas,Anoitecer,Crescente,Chuva,Múltipla,Declive;Reta,Sim,2,0,1,0,1,0,1,1,-27.66779034,-48.67393586,SPRF-SC,DEL01-SC,UOP02-DEL01-SC,2024
"576503,0",2024-01-22,segunda-feira,20:00:00,SC,101,"199,8",BIGUACU,Demais falhas mecânicas ou elétricas,Queda de ocupante de veículo,Com Vítimas Feridas,Plena Noite,Decrescente,Céu Claro,Múltipla,Reta,Sim,2,0,2,0,0,0,2,1,-27.53413705,-48.63003205,SPRF-SC,DEL01-SC,UOP01-DEL01-SC,2024
"576505,0",2024-01-22,segunda-feira,19:00:00,SC,101,"130,8",CAMBORIU,Demais falhas na via,Tombamento,Com Vítimas Feridas,Plena Noite,Crescente,Chuva,Múltipla,Reta,Sim,1,0,1,0,0,0,1,1,-26.98407618,-48.66977107,SPRF-SC,DEL04-SC,UOP03-DEL04-SC,2024
"576527,0",2024-01-22,segunda-feira,21:15:00,SC,101,"436,6",SOMBRIO,Ausência de reação do condutor,Colisão traseira,Com Vítimas Feridas,Plena Noite,Decrescente,Nublado,Múltipla,Declive;Reta,Sim,3,0,2,0,0,1,2,2,-29.09949414,-49.63480552,SPRF-SC,DEL02-SC,UOP02-DEL02-SC,2024
"576533,0",2024-01-22,segunda-feira,23:25:00,SC,101,"142,0",ITAPEMA,Velocidade Incompatível,Colisão traseira,Com Vítimas Feridas,Plena Noite,Crescente,Chuva,Dupla,Reta,Sim,3,0,1,0,2,0,1,2,-27.056089,-48.599449,SPRF-SC,DEL04-SC,UOP03-DEL04-SC,2024
"576536,0",2024-01-22,segunda-feira,23:30:00,SC,101,"87,0",BARRA VELHA,Reação tardia ou ineficiente do condutor,Atropelamento de Pedestre,Com Vítimas Feridas,Plena Noite,Crescente,Céu Claro,Dupla,Interseção de Vias;Aclive,Sim,2,0,1,0,1,0,1,2,-26.63713377,-48.69651057,SPRF-SC,DEL03-SC,UOP02-DEL03-SC,2024
"576537,0",2024-01-22,segunda-feira,18:30:00,SC,101,"461,8",PASSO DE TORRES,Reação tardia ou ineficiente do condutor,Saída de leito carroçável,Sem Vítimas,Pleno dia,Decrescente,Céu Claro,Dupla,Reta,Não,1,0,0,0,1,0,0,1,-29.26681993,-49.75517865,SPRF-RS,DEL03-RS,UOP02-DEL03-RS,2024
"576539,0",2024-01-23,terça-feira,00:10:00,SC,101,"202,8",SAO JOSE,Reação tardia ou ineficiente do condutor,Saída de leito carroçável,Sem Vítimas,Plena Noite,Crescente,Chuva,Dupla,Reta,Sim,5,0,0,0,1,4,0,2,-27.56329607,-48.61553997,SPRF-SC,DEL01-SC,UOP01-DEL01-SC,2024