id,data_inversa,dia_semana,horario,uf,br,km,municipio,causa_acidente,tipo_acidente,classificacao_acidente,fase_dia,sentido_via,condicao_metereologica,tipo_pista,tracado_via,uso_solo,pessoas,mortos,feridos_leves,feridos_graves,ilesos,ignorados,feridos,veiculos,latitude,longitude,regional,delegacia,uop,ano_arquivo
"576542,0",2024-01-23,terça-feira,00:10:00,SC,101,"112,0",NAVEGANTES,Avarias e/ou desgaste excessivo no pneu,Tombamento,Com Vítimas Feridas,Plena Noite,Decrescente,Chuva,Dupla,Interseção de Vias,Não,2,0,1,0,1,0,1,1,-26.84589005,-48.72131295,SPRF-SC,DEL04-SC,UOP04-DEL04-SC,2024
"576589,0",2024-01-23,terça-feira,07:50:00,SC,116,"15,0",MAFRA,Acesso irregular,Colisão lateral mesmo sentido,Com Vítimas Feridas,Pleno dia,Decrescente,Chuva,Simples,Reta,Não,4,0,3,0,1,0,3,2,-26.20122513,-49.88054366,SPRF-SC,DEL06-SC,UOP01-DEL06-SC,2024
"576616,0",2024-01-23,terça-feira,12:00:00,SC,153,"97,2",CONCORDIA,Acessar a via sem observar a presença dos outros veículos,Colisão transversal,Com Vítimas Feridas,Pleno dia,Decrescente,Céu Claro,Simples,Reta,Sim,3,0,2,0,1,0,2,2,-27.220152,-51.948879,SPRF-SC,DEL07-SC,UOP04-DEL07-SC,2024
"576643,0",2024-01-23,terça-feira,15:00:00,SC,101,"212,8",PALHOCA,Manobra de mudança de faixa,Colisão lateral mesmo sentido,Sem Vítimas,Pleno dia,Decrescente,Nublado,Dupla,Reta,Não,2,0,0,0,1,1,0,2,-27.62996929,-48.65903871,SPRF-SC,DEL01-SC,UOP02-DEL01-SC,2024
"576652,0",2024-01-23,terça-feira,15:30:00,SC,282,"431,2",VARGEM BONITA,Acumulo de areia ou detritos sobre o pavimento,Colisão com objeto,Sem Vítimas,Pleno dia,Decrescente,Céu Claro,Simples,Reta,Não,2,0,0,0,2,0,0,1,-26.97927012,-51.79985046,SPRF-SC,DEL07-SC,UOP05-DEL07-SC,2024
"576660,0",2024-01-23,terça-feira,16:05:00,SC,101,"144,0",ITAPEMA,Condutor deixou de manter distância do veículo da frente,Colisão traseira,Com Vítimas Feridas,Pleno dia,Decrescente,Céu Claro,Dupla,Reta,Sim,5,0,3,0,2,0,3,2,-27.0732659,-48.59672716,SPRF-SC,DEL04-SC,UOP03-DEL04-SC,2024
"576676,0",2024-01-23,terça-feira,17:15:00,SC,101,"202,0",SAO JOSE,Trafegar com motocicleta (ou similar) entre as faixas,Colisão lateral mesmo sentido,Com Vítimas Feridas,Pleno dia,Crescente,Céu Claro,Múltipla,Reta,Sim,2,0,1,0,1,0,1,2,-27.55711595,-48.61897889,SPRF-SC,DEL01-SC,UOP01-DEL01-SC,2024
"576686,0",2024-01-23,terça-feira,14:15:00,SC,282,"90,7",ALFREDO WAGNER,Ingestão de substâncias psicoativas pelo condutor,Colisão frontal,Com Vítimas Feridas,Pleno dia,Decrescente,Garoa/Chuvisco,Simples,Reta,Não,5,0,2,2,1,0,4,2,-27.683796,-49.222366,SPRF-SC,DEL01-SC,UOP03-DEL01-SC,2024
"576687,0",2024-01-11,quinta-feira,20:45:00,SC,470,"132,0",RIO DO SUL,Ultrapassagem Indevida,Colisão transversal,Com Vítimas Feridas,Plena Noite,Crescente,Céu Claro,Simples,Reta,Sim,3,0,1,1,1,0,2,2,-27.170237,-49.574718,SPRF-SC,DEL04-SC,UOP02-DEL04-SC,2024
"576692,0",2024-01-23,terça-feira,06:00:00,SC,282,"68,5",RANCHO QUEIMADO,Velocidade Incompatível,Saída de leito carroçável,Com Vítimas Feridas,Plena Noite,Crescente,Chuva,Simples,Curva,Não,1,0,1,0,0,0,1,1,-27.692406,-49.075939,SPRF-SC,DEL01-SC,UOP03-DEL01-SC,2024
"576700,0",2024-01-23,terça-feira,17:40:00,SC,282,"1,0",FLORIANOPOLIS,Ausência de reação do condutor,Colisão traseira,Com Vítimas Feridas,Pleno dia,Crescente,Nublado,Dupla,Reta,Sim,2,0,1,0,0,1,1,2,-27.602955,-48.580509,SPRF-SC,DEL01-SC,UOP01-DEL01-SC,2024
"576734,0",2024-01-23,terça-feira,17:00:00,SC,470,"110,0",APIUNA,Reação tardia ou ineficiente do condutor,Saída de leito carroçável,Sem Vítimas,Plena Noite,Crescente,Nublado,Simples,Reta,Não,1,0,0,0,1,0,0,1,-27.0909835,-49.45838191,SPRF-SC,DEL04-SC,UOP02-DEL04-SC,2024
"576781,0",2024-01-24,quarta-feira,09:00:00,SC,101,"371,0",ICARA,Reação tardia ou ineficiente do condutor,Colisão com objeto,Com Vítimas Fatais,Pleno dia,Decrescente,Céu Claro,Dupla,Reta,Sim,2,1,1,0,0,0,1,1,-28.71163,-49.21395,SPRF-SC,DEL02-SC,UOP01-DEL02-SC,2024
"576806,0",2024-01-24,quarta-feira,09:30:00,SC,280,"139,9",RIO NEGRINHO,Velocidade Incompatível,Saída de leito carroçável,Com Vítimas Feridas,Pleno dia,Crescente,Garoa/Chuvisco,Simples,Reta,Não,2,0,2,0,0,0,2,1,-26.254826,-49.603124,SPRF-SC,DEL06-SC,UOP03-DEL06-SC,2024
"576838,0",2024-01-24,quarta-feira,16:00:00,SC,101,"289,0",IMBITUBA,Reação tardia ou ineficiente do condutor,Colisão traseira,Sem Vítimas,Pleno dia,Crescente,Chuva,Múltipla,Reta;Aclive,Não,2,0,0,0,2,0,0,2,-28.27974902,-48.70121777,SPRF-SC,DEL02-SC,UOP03-DEL02-SC,2024
"576839,0",2024-01-24,quarta-feira,16:15:00,SC,101,"175,0",BIGUACU,Pista Escorregadia,Saída de leito carroçável,Com Vítimas Feridas,Pleno dia,Decrescente,Céu Claro,Dupla,Curva,Não,4,0,2,0,2,0,2,1,-27.33963303,-48.62734885,SPRF-SC,DEL01-SC,UOP01-DEL01-SC,2024
"576847,0",2024-01-24,quarta-feira,12:30:00,SC,101,"437,0",SOMBRIO,Avarias e/ou desgaste excessivo no pneu,Saída de leito carroçável,Com Vítimas Feridas,Pleno dia,Crescente,Garoa/Chuvisco,Dupla,Declive;Curva,Não,2,0,2,0,0,0,2,1,-29.122587,-49.64502,SPRF-SC,DEL02-SC,UOP02-DEL02-SC,2024
"576864,0",2024-01-24,quarta-feira,18:45:00,SC,101,"202,0",SAO JOSE,Acessar a via sem observar a presença dos outros veículos,Colisão lateral mesmo sentido,Com Vítimas Feridas,Anoitecer,Decrescente,Céu Claro,Múltipla,Reta,Sim,2,0,1,0,1,0,1,2,-27.55711595,-48.61897889,SPRF-SC,DEL01-SC,UOP01-DEL01-SC,2024
"576931,0",2024-01-25,quinta-feira,07:05:00,SC,101,"133,8",BALNEARIO CAMBORIU,Desrespeitar a preferência no cruzamento,Colisão transversal,Com Vítimas Feridas,Pleno dia,Crescente,Céu Claro,Múltipla,Interseção de Vias,Sim,2,0,1,0,1,0,1,2,-26.99982308,-48.64615202,SPRF-SC,DEL04-SC,UOP03-DEL04-SC,2024
"576939,0",2024-01-25,quinta-feira,06:30:00,SC,282,"63,8",RANCHO QUEIMADO,Velocidade Incompatível,Saída de leito carroçável,Com Vítimas Feridas,Pleno dia,Decrescente,Garoa/Chuvisco,Simples,Curva,Não,4,0,2,1,0,1,3,2,-27.695372,-49.042824,SPRF-SC,DEL01-SC,UOP03-DEL01-SC,2024
"576953,0",2024-01-25,quinta-feira,10:12:00,SC,280,"20,0",ARAQUARI,Acessar a via sem observar a presença dos outros veículos,Colisão transversal,Com Vítimas Feridas,Pleno dia,Decrescente,Nublado,Simples,Reta,Sim,2,0,1,0,1,0,1,2,-26.36990477,-48.68224301,SPRF-SC,DEL03-SC,UOP03-DEL03-SC,2024
"576985,0",2024-01-25,quinta-feira,12:45:00,SC,282,"363,9",ERVAL VELHO,Mal súbito do condutor,Saída de leito carroçável,Com Vítimas Feridas,Pleno dia,Crescente,Garoa/Chuvisco,Simples,Aclive;Reta,Não,2,0,2,0,0,0,2,1,-27.302458,-51.390484,SPRF-SC,DEL07-SC,UOP05-DEL07-SC,2024
"577002,0",2024-01-25,quinta-feira,14:05:00,SC,101,"275,6",IMBITUBA,Animais na Pista,Tombamento,Com Vítimas Feridas,Pleno dia,Crescente,Céu Claro,Simples,Reta,Sim,1,0,1,0,0,0,1,1,-28.138086,-48.69218292,SPRF-SC,DEL02-SC,UOP03-DEL02-SC,2024
"577028,0",2024-01-25,quinta-feira,16:40:00,SC,101,"199,0",SAO JOSE,Problema com o freio,Colisão traseira,Com Vítimas Feridas,Pleno dia,Crescente,Nublado,Múltipla,Reta,Sim,2,0,0,1,1,0,1,2,-27.53413705,-48.63003205,SPRF-SC,DEL01-SC,UOP01-DEL01-SC,2024
"577034,0",2024-01-25,quinta-feira,16:40:00,SC,101,"206,0",SAO JOSE,Demais falhas mecânicas ou elétricas,Tombamento,Com Vítimas Feridas,Pleno dia,Decrescente,Nublado,Múltipla,Reta,Sim,2,0,0,1,1,0,1,1,-27.59193546,-48.61824557,SPRF-SC,DEL01-SC,UOP01-DEL01-SC,2024
"577039,0",2024-01-25,quinta-feira,17:10:00,SC,101,"346,5",JAGUARUNA,Ausência de reação do condutor,Tombamento,Com Vítimas Feridas,Pleno dia,Decrescente,Céu Claro,Dupla,Reta,Não,2,0,2,0,0,0,2,1,-28.55485199,-49.0540891,SPRF-SC,DEL02-SC,UOP01-DEL02-SC,2024
"577078,0",2024-01-25,quinta-feira,18:20:00,SC,101,"135,0",BALNEARIO CAMBORIU,Suicídio (presumido),Saída de leito carroçável,Com Vítimas Feridas,Anoitecer,Crescente,Céu Claro,Múltipla,Reta,Sim,1,0,1,0,0,0,1,1,-27.0050108,-48.62677494,SPRF-SC,DEL04-SC,UOP03-DEL04-SC,2024
"577079,0",2024-01-25,quinta-feira,20:30:00,SC,470,"249,9",CURITIBANOS,Transitar na contramão,Colisão frontal,Com Vítimas Feridas,Plena Noite,Crescente,Nublado,Simples,Rotatória;Reta,Sim,2,0,1,1,0,0,2,2,-27.31237502,-50.57787895,SPRF-SC,DEL05-SC,UOP03-DEL05-SC,2024
"577088,0",2024-01-25,quinta-feira,22:10:00,SC,470,"76,1",INDAIAL,Animais na Pista,Atropelamento de Animal,Com Vítimas Feridas,Plena Noite,Crescente,Céu Claro,Simples,Reta,Não,3,0,1,0,1,1,1,2,-26.93865615,-49.29114424,SPRF-SC,DEL04-SC,UOP01-DEL04-SC,2024
"577090,0",2024-01-25,quinta-feira,22:10:00,SC,101,"200,0",SAO JOSE,Transitar na contramão,Colisão frontal,Com Vítimas Feridas,Plena Noite,Crescente,Céu Claro,Múltipla,Aclive;Reta,Sim,2,0,1,0,1,0,1,2,-27.54018513,-48.62287714,SPRF-SC,DEL01-SC,UOP01-DEL01-SC,2024
"577107,0",2024-01-26,sexta-feira,00:05:00,SC,470,"137,2",RIO DO SUL,Velocidade Incompatível,Colisão com objeto,Com Vítimas Feridas,Plena Noite,Crescente,Nublado,Simples,Curva;Ponte,Sim,1,0,1,0,0,0,1,1,-27.203201,-49.635063,SPRF-SC,DEL04-SC,UOP02-DEL04-SC,2024
"577119,0",2024-01-26,sexta-feira,06:30:00,SC,101,"253,0",PAULO LOPES,Ausência de reação do condutor,Capotamento,Com Vítimas Feridas,Pleno dia,Crescente,Chuva,Dupla,Curva,Não,1,0,1,0,0,0,1,1,-27.96492999,-48.67962057,SPRF-SC,DEL02-SC,UOP03-DEL02-SC,2024
"577137,0",2024-01-26,sexta-feira,08:45:00,SC,101,"186,7",BIGUACU,Acumulo de água sobre o pavimento,Saída de leito carroçável,Com Vítimas Feridas,Pleno dia,Crescente,Garoa/Chuvisco,Dupla,Curva,Não,3,0,2,0,1,0,2,1,-27.4341098,-48.62567129,SPRF-SC,DEL01-SC,UOP01-DEL01-SC,2024
"577140,0",2024-01-26,sexta-feira,08:20:00,SC,470,"40,4",GASPAR,Demais falhas mecânicas ou elétricas,Incêndio,Sem Vítimas,Pleno dia,Decrescente,Garoa/Chuvisco,Dupla,Reta,Não,1,0,0,0,1,0,0,1,-26.889574,-48.99094,SPRF-SC,DEL04-SC,UOP01-DEL04-SC,2024
"577146,0",2024-01-26,sexta-feira,08:45:00,SC,101,"195,0",BIGUACU,Ausência de reação do condutor,Colisão traseira,Com Vítimas Feridas,Pleno dia,Crescente,Chuva,Dupla,Reta,Não,3,0,2,0,1,0,2,2,-27.5047092,-48.65010819,SPRF-SC,DEL01-SC,UOP01-DEL01-SC,2024
"577171,0",2024-01-26,sexta-feira,12:00:00,SC,101,"202,0",SAO JOSE,Trafegar com motocicleta (ou similar) entre as faixas,Colisão lateral mesmo sentido,Com Vítimas Feridas,Pleno dia,Decrescente,Garoa/Chuvisco,Múltipla,Reta,Sim,2,0,1,0,1,0,1,2,-27.55711595,-48.61897889,SPRF-SC,DEL01-SC,UOP01-DEL01-SC,2024
"577181,0",2024-01-26,sexta-feira,10:38:00,SC,101,"112,0",ITAJAI,Ingestão de substâncias psicoativas pelo condutor,Saída de leito carroçável,Com Vítimas Feridas,Pleno dia,Crescente,Chuva,Dupla,Curva,Não,1,0,1,0,0,0,1,1,-26.84589005,-48.72131295,SPRF-SC,DEL04-SC,UOP04-DEL04-SC,2024
"577200,0",2024-01-26,sexta-feira,14:15:00,SC,101,"155,7",PORTO BELO,Demais falhas na via,Tombamento,Com Vítimas Feridas,Pleno dia,Crescente,Chuva,Simples,Reta,Sim,1,0,1,0,0,0,1,1,-27.16944139,-48.61170709,SPRF-SC,DEL04-SC,UOP03-DEL04-SC,2024
"577209,0",2024-01-26,sexta-feira,10:00:00,SC,101,"119,0",ITAJAI,Reação tardia ou ineficiente do condutor,Colisão lateral mesmo sentido,Sem Vítimas,Pleno dia,Crescente,Céu Claro,Dupla,Reta,Sim,2,0,0,0,1,1,0,2,-26.9043179,-48.71555481,SPRF-SC,DEL04-SC,UOP04-DEL04-SC,2024
"577247,0",2024-01-26,sexta-feira,18:05:00,SC,470,"58,4",BLUMENAU,Conversão proibida,Colisão frontal,Com Vítimas Feridas,Pleno dia,Decrescente,Nublado,Simples,Reta;Em Obras;Aclive,Sim,5,0,1,0,4,0,1,3,-26.88408619,-49.14987087,SPRF-SC,DEL04-SC,UOP01-DEL04-SC,2024
"577248,0",2024-01-26,sexta-feira,14:40:00,SC,101,"285,0",IMBITUBA,Ausência de reação do condutor,Saída de leito carroçável,Com Vítimas Feridas,Pleno dia,Decrescente,Nublado,Dupla,Curva,Não,2,0,1,0,1,0,1,1,-28.22116606,-48.70063047,SPRF-SC,DEL02-SC,UOP03-DEL02-SC,2024
"577252,0",2024-01-26,sexta-feira,19:15:00,SC,282,"23,0",PALHOCA,Desrespeitar a preferência no cruzamento,Colisão transversal,Com Vítimas Feridas,Plena Noite,Crescente,Nublado,Simples,Interseção de Vias,Sim,2,0,0,1,1,0,1,2,-27.687958,-48.736794,SPRF-SC,DEL01-SC,UOP02-DEL01-SC,2024
"577256,0",2024-01-26,sexta-feira,18:45:00,SC,101,"139,0",BALNEARIO CAMBORIU,Reação tardia ou ineficiente do condutor,Colisão com objeto,Com Vítimas Feridas,Plena Noite,Decrescente,Chuva,Dupla,Curva,Sim,1,0,1,0,0,0,1,1,-27.02873574,-48.6052376,SPRF-SC,DEL04-SC,UOP03-DEL04-SC,2024
"577274,0",2024-01-26,sexta-feira,20:20:00,SC,101,"191,0",BIGUACU,Acumulo de água sobre o pavimento,Saída de leito carroçável,Com Vítimas Feridas,Plena Noite,Crescente,Céu Claro,Dupla,Curva,Não,5,0,1,0,4,0,1,1,-27.47730273,-48.64127329,SPRF-SC,DEL01-SC,UOP01-DEL01-SC,2024
"577276,0",2024-01-26,sexta-feira,20:15:00,SC,101,"207,0",SAO JOSE,Reação tardia ou ineficiente do condutor,Saída de leito carroçável,Com Vítimas Feridas,Plena Noite,Decrescente,Garoa/Chuvisco,Dupla,Reta;Declive,Sim,1,0,1,0,0,0,1,1,-27.600574,-48.622675,SPRF-SC,DEL01-SC,UOP01-DEL01-SC,2024
"577324,0",2024-01-26,sexta-feira,22:30:00,SC,280,"25,3",ARAQUARI,Acesso irregular,Colisão frontal,Com Vítimas Feridas,Plena Noite,Crescente,Garoa/Chuvisco,Simples,Interseção de Vias,Não,2,0,1,0,1,0,1,2,-26.38352781,-48.72677516,SPRF-SC,DEL03-SC,UOP03-DEL03-SC,2024
"577330,0",2024-01-27,sábado,01:46:00,SC,116,"7,5",MAFRA,Ausência de reação do condutor,Saída de leito carroçável,Com Vítimas Feridas,Plena Noite,Decrescente,Céu Claro,Simples,Reta,Não,1,0,1,0,0,0,1,1,-26.15196176,-49.83102416,SPRF-SC,DEL06-SC,UOP01-DEL06-SC,2024
"577332,0",2024-01-27,sábado,03:00:00,SC,470,"176,6",POUSO REDONDO,Ausência de reação do condutor,Saída de leito carroçável,Com Vítimas Feridas,Plena Noite,Crescente,Nevoeiro/Neblina,Simples,Declive;Reta,Sim,2,0,2,0,0,0,2,1,-27.25213067,-49.95578885,SPRF-SC,DEL04-SC,UOP02-DEL04-SC,2024
"577359,0",2024-01-27,sábado,09:00:00,SC,101,"233,0",PALHOCA,Ausência de reação do condutor,Colisão com objeto,Sem Vítimas,Pleno dia,Crescente,Céu Claro,Dupla,Curva,Não,1,0,0,0,0,1,0,1,-27.80376397,-48.63826211,SPRF-SC,DEL01-SC,UOP02-DEL01-SC,2024
"577360,0",2024-01-27,sábado,10:45:00,SC,101,"243,0",PALHOCA,Condutor deixou de manter distância do veículo da frente,Colisão traseira,Com Vítimas Feridas,Pleno dia,Decrescente,Nublado,Múltipla,Reta,Não,3,0,1,0,1,1,1,3,-27.88419902,-48.64750077,SPRF-SC,DEL01-SC,UOP02-DEL01-SC,2024
"577377,0",2024-01-27,sábado,09:45:00,SC,282,"502,4",XANXERE,Acessar a via sem observar a presença dos outros veículos,Colisão traseira,Com Vítimas Feridas,Pleno dia,Decrescente,Céu Claro,Dupla,Interseção de Vias;Reta,Sim,3,0,2,0,1,0,2,2,-26.88513881,-52.39339113,SPRF-SC,DEL07-SC,UOP01-DEL07-SC,2024
"577386,0",2024-01-27,sábado,12:44:00,SC,101,"208,0",SAO JOSE,Manobra de mudança de faixa,Colisão lateral mesmo sentido,Com Vítimas Feridas,Pleno dia,Crescente,Nublado,Múltipla,Reta,Sim,2,0,1,0,1,0,1,2,-27.60327979,-48.63201818,SPRF-SC,DEL01-SC,UOP01-DEL01-SC,2024
"577391,0",2024-01-27,sábado,12:40:00,SC,101,"350,0",JAGUARUNA,Pista Escorregadia,Saída de leito carroçável,Com Vítimas Feridas,Pleno dia,Crescente,Garoa/Chuvisco,Simples,Retorno Regulamentado,Sim,2,0,1,0,1,0,1,1,-28.58988203,-49.04517307,SPRF-SC,DEL02-SC,UOP01-DEL02-SC,2024
"577406,0",2024-01-27,sábado,13:00:00,SC,101,"206,8",SAO JOSE,Reação tardia ou ineficiente do condutor,Colisão lateral mesmo sentido,Com Vítimas Feridas,Pleno dia,Crescente,Céu Claro,Simples,Viaduto,Sim,2,0,1,0,1,0,1,2,-27.59193546,-48.61824557,SPRF-SC,DEL01-SC,UOP01-DEL01-SC,2024
"577416,0",2024-01-27,sábado,15:40:00,SC,101,"129,6",BALNEARIO CAMBORIU,Transitar na contramão,Colisão lateral sentido oposto,Com Vítimas Feridas,Pleno dia,Crescente,Céu Claro,Dupla,Reta;Aclive,Sim,2,0,0,1,1,0,1,2,-26.98064277,-48.6790679,SPRF-SC,DEL04-SC,UOP03-DEL04-SC,2024
"577427,0",2024-01-27,sábado,15:00:00,SC,101,"312,0",LAGUNA,Transtornos Mentais (exceto suicidio),Saída de leito carroçável,Com Vítimas Feridas,Pleno dia,Decrescente,Céu Claro,Simples,Curva,Sim,1,0,0,1,0,0,1,1,-28.44060725,-48.81270111,SPRF-SC,DEL02-SC,UOP01-DEL02-SC,2024
"577443,0",2024-01-27,sábado,19:10:00,SC,101,"404,3",ARARANGUA,Frear bruscamente,Tombamento,Sem Vítimas,Pleno dia,Crescente,Nublado,Dupla,Reta,Sim,1,0,0,0,1,0,0,1,-28.89770087,-49.47336674,SPRF-SC,DEL02-SC,UOP02-DEL02-SC,2024
"577450,0",2024-01-27,sábado,20:10:00,SC,101,"331,0",TUBARAO,Ausência de reação do condutor,Tombamento,Com Vítimas Feridas,Plena Noite,Crescente,Céu Claro,Simples,Reta,Sim,1,0,1,0,0,0,1,1,-28.45567521,-48.9812689,SPRF-SC,DEL02-SC,UOP01-DEL02-SC,2024
"577453,0",2024-01-27,sábado,17:00:00,SC,153,"108,7",CONCORDIA,Velocidade Incompatível,Queda de ocupante de veículo,Com Vítimas Feridas,Pleno dia,Decrescente,Nublado,Simples,Curva,Não,1,0,1,0,0,0,1,1,-27.30955328,-51.98558807,SPRF-SC,DEL07-SC,UOP04-DEL07-SC,2024
"577460,0",2024-01-27,sábado,21:00:00,SC,470,"47,2",BLUMENAU,Conversão proibida,Colisão lateral mesmo sentido,Com Vítimas Feridas,Plena Noite,Decrescente,Garoa/Chuvisco,Simples,Reta;Em Obras,Não,6,0,2,0,4,0,2,2,-26.864044,-49.046516,SPRF-SC,DEL04-SC,UOP01-DEL04-SC,2024
"577466,0",2024-01-27,sábado,18:43:00,SC,101,"298,0",LAGUNA,Ausência de reação do condutor,Colisão com objeto,Com Vítimas Feridas,Pleno dia,Crescente,Céu Claro,Dupla,Reta,Não,2,0,2,0,0,0,2,1,-28.32102597,-48.72829906,SPRF-SC,DEL02-SC,UOP03-DEL02-SC,2024
"577477,0",2024-01-27,sábado,21:40:00,SC,470,"61,3",BLUMENAU,Ausência de reação do condutor,Saída de leito carroçável,Sem Vítimas,Plena Noite,Decrescente,Chuva,Simples,Reta,Não,1,0,0,0,0,1,0,1,-26.878952,-49.17421,SPRF-SC,DEL04-SC,UOP01-DEL04-SC,2024
"577500,0",2024-01-28,domingo,01:03:00,SC,282,"3,0",FLORIANOPOLIS,Reação tardia ou ineficiente do condutor,Saída de leito carroçável,Com Vítimas Feridas,Plena Noite,Crescente,Céu Claro,Múltipla,Curva,Sim,2,0,1,0,1,0,1,1,-27.600384,-48.599705,SPRF-SC,DEL01-SC,UOP01-DEL01-SC,2024
"577507,0",2024-01-28,domingo,00:15:00,SC,101,"371,3",ICARA,Transitar na contramão,Colisão lateral sentido oposto,Com Vítimas Feridas,Plena Noite,Crescente,Nublado,Dupla,Reta,Não,8,0,3,0,4,1,3,3,-28.712925,-49.21687,SPRF-SC,DEL02-SC,UOP01-DEL02-SC,2024
"577510,0",2024-01-28,domingo,03:20:00,SC,101,"10,0",GARUVA,Ingestão de álcool pelo condutor,Saída de leito carroçável,Sem Vítimas,Plena Noite,Decrescente,Céu Claro,Dupla,Reta,Não,1,0,0,0,1,0,0,1,-26.063011,-48.86020605,SPRF-SC,DEL03-SC,UOP01-DEL03-SC,2024
"577524,0",2024-01-28,domingo,04:00:00,SC,282,"37,5",AGUAS MORNAS,Ausência de reação do condutor,Saída de leito carroçável,Sem Vítimas,Plena Noite,Decrescente,Nublado,Simples,Curva,Não,1,0,0,0,1,0,0,1,-27.707325,-48.842983,SPRF-SC,DEL01-SC,UOP03-DEL01-SC,2024
"577558,0",2024-01-28,domingo,09:30:00,SC,101,"91,0",BARRA VELHA,Mal súbito do condutor,Queda de ocupante de veículo,Com Vítimas Feridas,Pleno dia,Crescente,Nublado,Simples,Reta,Sim,2,0,1,1,0,0,2,1,-26.67120698,-48.69011814,SPRF-SC,DEL03-SC,UOP02-DEL03-SC,2024
"577573,0",2024-01-28,domingo,09:40:00,SC,470,"266,7",CURITIBANOS,Reação tardia ou ineficiente do condutor,Tombamento,Com Vítimas Feridas,Pleno dia,Crescente,Céu Claro,Simples,Declive;Curva,Não,1,0,0,1,0,0,1,1,-27.311543,-50.729591,SPRF-SC,DEL05-SC,UOP03-DEL05-SC,2024
"577583,0",2024-01-28,domingo,13:12:00,SC,101,"195,6",BIGUACU,Acessar a via sem observar a presença dos outros veículos,Colisão transversal,Com Vítimas Feridas,Pleno dia,Decrescente,Céu Claro,Dupla,Reta,Sim,3,0,3,0,0,0,3,2,-27.5047092,-48.65010819,SPRF-SC,DEL01-SC,UOP01-DEL01-SC,2024
"577594,0",2024-01-28,domingo,14:25:00,SC,470,"54,0",BLUMENAU,Condutor deixou de manter distância do veículo da frente,Colisão traseira,Sem Vítimas,Pleno dia,Crescente,Céu Claro,Simples,Interseção de Vias,Não,2,0,0,0,2,0,0,2,-26.871065,-49.110374,SPRF-SC,DEL04-SC,UOP01-DEL04-SC,2024
"577604,0",2024-01-28,domingo,15:50:00,SC,101,"137,8",BALNEARIO CAMBORIU,Reação tardia ou ineficiente do condutor,Colisão traseira,Com Vítimas Feridas,Pleno dia,Decrescente,Nublado,Dupla,Reta,Sim,5,0,2,0,2,1,2,3,-27.0157238,-48.61192763,SPRF-SC,DEL04-SC,UOP03-DEL04-SC,2024
"577613,0",2024-01-28,domingo,16:10:00,SC,282,"59,0",RANCHO QUEIMADO,Desrespeitar a preferência no cruzamento,Colisão transversal,Com Vítimas Feridas,Pleno dia,Decrescente,Chuva,Múltipla,Interseção de Vias,Sim,2,0,1,0,1,0,1,2,-27.677965,-49.011559,SPRF-SC,DEL01-SC,UOP03-DEL01-SC,2024
"577633,0",2024-01-28,domingo,17:50:00,SC,101,"119,0",ITAJAI,Reação tardia ou ineficiente do condutor,Colisão traseira,Com Vítimas Feridas,Anoitecer,Decrescente,Céu Claro,Dupla,Reta,Sim,3,0,1,0,2,0,1,2,-26.9043179,-48.71555481,SPRF-SC,DEL04-SC,UOP04-DEL04-SC,2024
"577647,0",2024-01-28,domingo,17:40:00,SC,101,"1,0",GARUVA,Reação tardia ou ineficiente do condutor,Tombamento,Com Vítimas Feridas,Pleno dia,Decrescente,Céu Claro,Múltipla,Reta,Não,1,0,1,0,0,0,1,1,-25.98895627,-48.88356133,SPRF-SC,DEL03-SC,UOP01-DEL03-SC,2024
"577668,0",2024-01-28,domingo,19:00:00,SC,163,"73,0",SAO MIGUEL DO OESTE,Conversão proibida,Colisão traseira,Com Vítimas Feridas,Anoitecer,Decrescente,Céu Claro,Simples,Reta,Sim,2,0,1,0,1,0,1,2,-26.71084646,-53.51502434,SPRF-SC,DEL07-SC,UOP03-DEL07-SC,2024
"577680,0",2024-01-28,domingo,17:15:00,SC,470,"108,0",APIUNA,Pista esburacada,Atropelamento de Pedestre,Com Vítimas Feridas,Pleno dia,Decrescente,Garoa/Chuvisco,Simples,Reta,Não,3,0,2,1,0,0,3,2,-27.080708,-49.440491,SPRF-SC,DEL04-SC,UOP02-DEL04-SC,2024
"577681,0",2024-01-28,domingo,19:00:00,SC,470,"115,7",IBIRAMA,Conversão proibida,Colisão transversal,Com Vítimas Feridas,Pleno dia,Crescente,Céu Claro,Simples,Curva;Ponte,Não,5,0,2,0,2,1,2,2,-27.080416,-49.485348,SPRF-SC,DEL04-SC,UOP02-DEL04-SC,2024
"577699,0",2024-01-28,domingo,22:50:00,SC,101,"173,5",TIJUCAS,Demais falhas mecânicas ou elétricas,Queda de ocupante de veículo,Com Vítimas Feridas,Plena Noite,Decrescente,Nublado,Dupla,Reta,Não,1,0,1,0,0,0,1,1,-27.32203197,-48.62757785,SPRF-SC,DEL01-SC,UOP01-DEL01-SC,2024
"577707,0",2024-01-28,domingo,21:03:00,SC,101,"341,0",TUBARAO,Ingestão de álcool pelo condutor,Saída de leito carroçável,Sem Vítimas,Plena Noite,Decrescente,Garoa/Chuvisco,Dupla,Reta,Sim,2,0,0,0,1,1,0,1,-28.50999405,-49.05070686,SPRF-SC,DEL02-SC,UOP01-DEL02-SC,2024