id,data_inversa,dia_semana,horario,uf,br,km,municipio,causa_acidente,tipo_acidente,classificacao_acidente,fase_dia,sentido_via,condicao_metereologica,tipo_pista,tracado_via,uso_solo,pessoas,mortos,feridos_leves,feridos_graves,ilesos,ignorados,feridos,veiculos,latitude,longitude,regional,delegacia,uop,ano_arquivo
"577730,0",2024-01-29,segunda-feira,03:50:00,SC,101,"154,9",PORTO BELO,Ingestão de álcool pelo condutor,Saída de leito carroçável,Sem Vítimas,Plena Noite,Decrescente,Nublado,Simples,Curva,Não,1,0,0,0,1,0,0,1,-27.16244571,-48.61006021,SPRF-SC,DEL04-SC,UOP03-DEL04-SC,2024
"577746,0",2024-01-29,segunda-feira,07:20:00,SC,470,"46,7",BLUMENAU,Reação tardia ou ineficiente do condutor,Colisão traseira,Com Vítimas Feridas,Pleno dia,Crescente,Céu Claro,Simples,Em Obras;Reta,Não,2,0,1,0,1,0,1,2,-26.86230153,-49.04257363,SPRF-SC,DEL04-SC,UOP01-DEL04-SC,2024
"577756,0",2024-01-29,segunda-feira,06:45:00,SC,101,"435,0",SOMBRIO,Desrespeitar a preferência no cruzamento,Colisão transversal,Com Vítimas Feridas,Pleno dia,Decrescente,Céu Claro,Simples,Interseção de Vias,Sim,2,0,1,0,1,0,1,2,-29.09949414,-49.63480552,SPRF-SC,DEL02-SC,UOP02-DEL02-SC,2024
"577770,0",2024-01-29,segunda-feira,08:00:00,SC,282,"436,0",IRANI,Ausência de reação do condutor,Saída de leito carroçável,Com Vítimas Feridas,Pleno dia,Crescente,Céu Claro,Dupla,Reta,Não,1,0,1,0,0,0,1,1,-26.970835,-51.851101,SPRF-SC,DEL07-SC,UOP04-DEL07-SC,2024
"577784,0",2024-01-29,segunda-feira,10:50:00,SC,101,"124,0",ITAJAI,Trafegar com motocicleta (ou similar) entre as faixas,Colisão traseira,Com Vítimas Feridas,Pleno dia,Decrescente,Céu Claro,Dupla,Reta,Não,2,0,1,0,1,0,1,2,-26.94335064,-48.69198648,SPRF-SC,DEL04-SC,UOP04-DEL04-SC,2024
"577797,0",2024-01-29,segunda-feira,11:20:00,SC,101,"357,0",SANGAO,Condutor deixou de manter distância do veículo da frente,Engavetamento,Com Vítimas Feridas,Pleno dia,Decrescente,Sol,Dupla,Reta,Sim,7,0,2,0,5,0,2,6,-28.635168,-49.09467,SPRF-SC,DEL02-SC,UOP01-DEL02-SC,2024
"577805,0",2024-01-29,segunda-feira,10:50:00,SC,101,"135,5",BALNEARIO CAMBORIU,Reação tardia ou ineficiente do condutor,Colisão traseira,Com Vítimas Feridas,Pleno dia,Decrescente,Céu Claro,Múltipla,Reta,Sim,4,0,2,0,2,0,2,3,-27.0050108,-48.62677494,SPRF-SC,DEL04-SC,UOP03-DEL04-SC,2024
"577825,0",2024-01-29,segunda-feira,15:00:00,SC,282,"4,5",FLORIANOPOLIS,Trafegar com motocicleta (ou similar) entre as faixas,Colisão lateral mesmo sentido,Com Vítimas Feridas,Pleno dia,Crescente,Nublado,Múltipla,Reta;Declive,Não,2,0,1,0,0,1,1,2,-27.592646,-48.604034,SPRF-SC,DEL01-SC,UOP01-DEL01-SC,2024
"577827,0",2024-01-29,segunda-feira,14:50:00,SC,280,"137,9",RIO NEGRINHO,Ausência de reação do condutor,Colisão traseira,Com Vítimas Feridas,Pleno dia,Decrescente,Céu Claro,Simples,Aclive,Não,6,0,2,0,4,0,2,2,-26.26817911,-49.59044504,SPRF-SC,DEL06-SC,UOP03-DEL06-SC,2024
"577830,0",2024-01-29,segunda-feira,15:15:00,SC,101,"209,2",SAO JOSE,Reação tardia ou ineficiente do condutor,Tombamento,Com Vítimas Feridas,Pleno dia,Crescente,Chuva,Múltipla,Reta,Sim,1,0,1,0,0,0,1,1,-27.61000542,-48.63895057,SPRF-SC,DEL01-SC,UOP01-DEL01-SC,2024
"577832,0",2024-01-29,segunda-feira,16:05:00,SC,101,"210,8",SAO JOSE,Trafegar com motocicleta (ou similar) entre as faixas,Colisão traseira,Com Vítimas Feridas,Pleno dia,Decrescente,Nublado,Múltipla,Reta,Sim,3,0,1,0,1,1,1,3,-27.6167305,-48.6457265,SPRF-SC,DEL01-SC,UOP01-DEL01-SC,2024
"577851,0",2024-01-29,segunda-feira,11:10:00,SC,280,"27,0",ARAQUARI,Conversão proibida,Colisão transversal,Com Vítimas Feridas,Pleno dia,Crescente,Sol,Simples,Reta,Sim,2,0,1,0,1,0,1,2,-26.40450077,-48.74561031,SPRF-SC,DEL03-SC,UOP03-DEL03-SC,2024
"577878,0",2024-01-29,segunda-feira,18:25:00,SC,101,"105,3",PENHA,Velocidade Incompatível,Tombamento,Com Vítimas Feridas,Pleno dia,Crescente,Nublado,Dupla,Curva,Não,1,0,1,0,0,0,1,1,-26.80215497,-48.67891041,SPRF-SC,DEL03-SC,UOP02-DEL03-SC,2024
"577886,0",2024-01-24,quarta-feira,17:30:00,SC,101,"124,0",ITAJAI,Ultrapassagem Indevida,Colisão transversal,Com Vítimas Feridas,Pleno dia,Crescente,Nublado,Dupla,Rotatória,Sim,2,0,0,1,1,0,1,2,-26.94335064,-48.69198648,SPRF-SC,DEL04-SC,UOP04-DEL04-SC,2024
"577890,0",2024-01-29,segunda-feira,15:30:00,SC,470,"67,1",INDAIAL,Ausência de reação do condutor,Tombamento,Com Vítimas Feridas,Pleno dia,Crescente,Céu Claro,Simples,Reta;Em Obras,Sim,2,0,2,0,0,0,2,1,-26.872158,-49.23127,SPRF-SC,DEL04-SC,UOP01-DEL04-SC,2024
"577897,0",2024-01-29,segunda-feira,17:05:00,SC,101,"461,0",PASSO DE TORRES,Demais falhas mecânicas ou elétricas,Incêndio,Sem Vítimas,Pleno dia,Crescente,Nublado,Dupla,Reta,Não,1,0,0,0,1,0,0,1,-29.2662127,-49.7554493,SPRF-RS,DEL03-RS,UOP02-DEL03-RS,2024
"577908,0",2024-01-29,segunda-feira,22:55:00,SC,101,"148,0",ITAPEMA,Pedestre andava na pista,Atropelamento de Pedestre,Com Vítimas Feridas,Plena Noite,Decrescente,Céu Claro,Dupla,Reta,Sim,2,0,0,1,1,0,1,2,-27.10123686,-48.61807962,SPRF-SC,DEL04-SC,UOP03-DEL04-SC,2024
"577945,0",2024-01-30,terça-feira,05:35:00,SC,280,"25,3",ARAQUARI,Acessar a via sem observar a presença dos outros veículos,Colisão transversal,Com Vítimas Feridas,Pleno dia,Crescente,Céu Claro,Simples,Reta,Não,2,0,2,0,0,0,2,2,-26.38352781,-48.72677516,SPRF-SC,DEL03-SC,UOP03-DEL03-SC,2024
"577949,0",2024-01-30,terça-feira,07:50:00,SC,101,"120,9",ITAJAI,Ausência de reação do condutor,Colisão lateral mesmo sentido,Com Vítimas Feridas,Pleno dia,Decrescente,Céu Claro,Múltipla,Reta,Sim,2,0,1,0,1,0,1,2,-26.912758,-48.711998,SPRF-SC,DEL04-SC,UOP04-DEL04-SC,2024
"577986,0",2024-01-30,terça-feira,10:45:00,SC,282,"2,0",FLORIANOPOLIS,Manobra de mudança de faixa,Colisão lateral mesmo sentido,Com Vítimas Feridas,Pleno dia,Decrescente,Sol,Múltipla,Reta,Sim,2,0,1,0,1,0,1,2,-27.603289,-48.590416,SPRF-SC,DEL01-SC,UOP01-DEL01-SC,2024
"577990,0",2024-01-30,terça-feira,10:50:00,SC,101,"137,5",BALNEARIO CAMBORIU,Reação tardia ou ineficiente do condutor,Colisão traseira,Com Vítimas Feridas,Pleno dia,Decrescente,Céu Claro,Múltipla,Reta,Sim,2,0,1,0,1,0,1,2,-27.0157238,-48.61192763,SPRF-SC,DEL04-SC,UOP03-DEL04-SC,2024
"578024,0",2024-01-30,terça-feira,11:02:00,SC,280,"129,0",RIO NEGRINHO,Acessar a via sem observar a presença dos outros veículos,Colisão transversal,Com Vítimas Feridas,Pleno dia,Crescente,Céu Claro,Simples,Reta,Não,2,0,1,0,1,0,1,2,-26.24586437,-49.52284615,SPRF-SC,DEL06-SC,UOP03-DEL06-SC,2024
"578032,0",2024-01-30,terça-feira,14:10:00,SC,280,"25,8",ARAQUARI,Acessar a via sem observar a presença dos outros veículos,Colisão transversal,Com Vítimas Feridas,Pleno dia,Crescente,Céu Claro,Simples,Reta,Não,2,0,1,0,1,0,1,2,-26.38352781,-48.72677516,SPRF-SC,DEL03-SC,UOP03-DEL03-SC,2024
"578050,0",2024-01-30,terça-feira,17:30:00,SC,282,"16,2",PALHOCA,Estacionar ou parar em local proibido,Colisão traseira,Com Vítimas Feridas,Pleno dia,Crescente,Céu Claro,Simples,Reta,Sim,2,0,1,0,0,1,1,2,-27.66101584,-48.68390143,SPRF-SC,DEL01-SC,UOP02-DEL01-SC,2024
"578055,0",2024-01-30,terça-feira,17:05:00,SC,101,"157,8",PORTO BELO,Manobra de mudança de faixa,Colisão lateral mesmo sentido,Sem Vítimas,Pleno dia,Decrescente,Céu Claro,Dupla,Reta,Sim,2,0,0,0,2,0,0,2,-27.181625,-48.6121179,SPRF-SC,DEL04-SC,UOP03-DEL04-SC,2024
"578056,0",2024-01-30,terça-feira,18:00:00,SC,101,"16,0",PALHOCA,Trafegar com motocicleta (ou similar) entre as faixas,Colisão lateral mesmo sentido,Com Vítimas Feridas,Anoitecer,Crescente,Nublado,Simples,Reta,Sim,2,0,1,0,1,0,1,2,-27.660612,-48.677251,SPRF-SC,DEL03-SC,UOP01-DEL03-SC,2024
"578070,0",2024-01-30,terça-feira,18:50:00,SC,101,"118,6",ITAJAI,Manobra de mudança de faixa,Tombamento,Com Vítimas Feridas,Anoitecer,Decrescente,Nublado,Dupla,Reta,Não,2,0,1,0,1,0,1,2,-26.895859,-48.71903,SPRF-SC,DEL04-SC,UOP04-DEL04-SC,2024
"578071,0",2024-01-30,terça-feira,19:10:00,SC,101,"112,9",ITAJAI,Acessar a via sem observar a presença dos outros veículos,Colisão lateral mesmo sentido,Com Vítimas Feridas,Plena Noite,Decrescente,Nublado,Múltipla,Reta;Retorno Regulamentado,Sim,2,0,1,0,1,0,1,2,-26.84589005,-48.72131295,SPRF-SC,DEL04-SC,UOP04-DEL04-SC,2024
"578087,0",2024-01-30,terça-feira,21:51:00,SC,101,"201,4",SAO JOSE,Estacionar ou parar em local proibido,Colisão traseira,Com Vítimas Feridas,Plena Noite,Decrescente,Nublado,Múltipla,Reta,Sim,2,0,1,0,1,0,1,2,-27.54836599,-48.61977975,SPRF-SC,DEL01-SC,UOP01-DEL01-SC,2024
"578088,0",2024-01-30,terça-feira,19:30:00,SC,101,"357,2",SANGAO,Reação tardia ou ineficiente do condutor,Colisão com objeto,Com Vítimas Feridas,Anoitecer,Decrescente,Céu Claro,Dupla,Curva,Sim,1,0,0,1,0,0,1,1,-28.64422,-49.1008,SPRF-SC,DEL02-SC,UOP01-DEL02-SC,2024
"578113,0",2024-01-30,terça-feira,23:30:00,SC,282,"425,0",VARGEM BONITA,Ausência de reação do condutor,Colisão com objeto,Com Vítimas Fatais,Plena Noite,Decrescente,Céu Claro,Simples,Declive;Curva,Não,1,1,0,0,0,0,0,1,-26.97885,-51.75913,SPRF-SC,DEL07-SC,UOP05-DEL07-SC,2024
"578121,0",2024-01-31,quarta-feira,00:00:00,SC,282,"443,0",PONTE SERRADA,Ingestão de álcool pelo condutor,Saída de leito carroçável,Com Vítimas Feridas,Plena Noite,Crescente,Céu Claro,Simples,Reta,Não,1,0,1,0,0,0,1,1,-26.917578,-51.890999,SPRF-SC,DEL07-SC,UOP04-DEL07-SC,2024
"578124,0",2024-01-31,quarta-feira,05:25:00,SC,280,"58,6",GUARAMIRIM,Velocidade Incompatível,Colisão com objeto,Com Vítimas Feridas,Amanhecer,Decrescente,Nublado,Simples,Curva,Sim,1,0,1,0,0,0,1,1,-26.47415593,-49.021211,SPRF-SC,DEL03-SC,UOP03-DEL03-SC,2024
"578125,0",2024-01-31,quarta-feira,05:00:00,SC,282,"20,4",PALHOCA,Velocidade Incompatível,Colisão com objeto,Com Vítimas Feridas,Amanhecer,Crescente,Nublado,Dupla,Reta,Não,2,0,1,0,1,0,1,2,-27.68594123,-48.7129283,SPRF-SC,DEL01-SC,UOP02-DEL01-SC,2024
"578143,0",2024-01-31,quarta-feira,07:25:00,SC,101,"148,0",ITAPEMA,Reação tardia ou ineficiente do condutor,Colisão traseira,Com Vítimas Feridas,Pleno dia,Crescente,Céu Claro,Múltipla,Reta,Sim,2,0,1,0,1,0,1,2,-27.10123686,-48.61807962,SPRF-SC,DEL04-SC,UOP03-DEL04-SC,2024
"578147,0",2024-01-31,quarta-feira,07:30:00,SC,101,"133,0",BALNEARIO CAMBORIU,Manobra de mudança de faixa,Colisão lateral mesmo sentido,Com Vítimas Feridas,Pleno dia,Crescente,Céu Claro,Dupla,Reta,Sim,2,0,2,0,0,0,2,2,-26.99936,-48.64609,SPRF-SC,DEL04-SC,UOP03-DEL04-SC,2024
"578148,0",2024-01-31,quarta-feira,07:15:00,SC,101,"129,0",BALNEARIO CAMBORIU,Ausência de reação do condutor,Colisão traseira,Com Vítimas Feridas,Pleno dia,Decrescente,Nublado,Dupla,Reta,Sim,4,0,1,1,2,0,2,2,-26.98064277,-48.6790679,SPRF-SC,DEL04-SC,UOP03-DEL04-SC,2024
"578152,0",2024-01-31,quarta-feira,05:20:00,SC,282,"379,0",HERVAL DOESTE,Ausência de reação do condutor,Colisão com objeto,Sem Vítimas,Amanhecer,Crescente,Céu Claro,Simples,Rotatória,Não,1,0,0,0,0,1,0,1,-27.21446527,-51.48563731,SPRF-SC,DEL07-SC,UOP05-DEL07-SC,2024
"578163,0",2024-01-31,quarta-feira,09:00:00,SC,101,"39,5",JOINVILLE,Acessar a via sem observar a presença dos outros veículos,Colisão transversal,Com Vítimas Feridas,Pleno dia,Decrescente,Céu Claro,Simples,Viaduto;Interseção de Vias,Sim,2,0,2,0,0,0,2,2,-26.29643527,-48.88377428,SPRF-SC,DEL03-SC,UOP01-DEL03-SC,2024
"578204,0",2024-01-31,quarta-feira,15:30:00,SC,101,"36,0",JOINVILLE,Transitar na contramão,Colisão frontal,Com Vítimas Feridas,Pleno dia,Crescente,Chuva,Múltipla,Reta;Declive,Não,2,0,0,1,1,0,1,2,-26.27494543,-48.89396667,SPRF-SC,DEL03-SC,UOP01-DEL03-SC,2024
"578218,0",2024-01-31,quarta-feira,17:35:00,SC,470,"56,3",BLUMENAU,Acessar a via sem observar a presença dos outros veículos,Colisão transversal,Com Vítimas Feridas,Pleno dia,Crescente,Nublado,Simples,Reta,Sim,2,0,1,0,1,0,1,2,-26.87751308,-49.13049897,SPRF-SC,DEL04-SC,UOP01-DEL04-SC,2024
"578231,0",2024-01-31,quarta-feira,18:23:00,SC,101,"204,0",SAO JOSE,Trafegar com motocicleta (ou similar) entre as faixas,Colisão lateral mesmo sentido,Com Vítimas Feridas,Anoitecer,Crescente,Céu Claro,Múltipla,Reta,Não,4,0,2,0,2,0,2,3,-27.57413014,-48.61363083,SPRF-SC,DEL01-SC,UOP01-DEL01-SC,2024
"578239,0",2024-01-31,quarta-feira,19:30:00,SC,101,"143,0",ITAPEMA,Ultrapassagem Indevida,Colisão lateral mesmo sentido,Com Vítimas Feridas,Plena Noite,Crescente,Nublado,Dupla,Reta,Sim,2,0,1,0,1,0,1,2,-27.06436,-48.59599405,SPRF-SC,DEL04-SC,UOP03-DEL04-SC,2024
"578254,0",2024-01-31,quarta-feira,21:30:00,SC,101,"211,3",PALHOCA,Demais falhas mecânicas ou elétricas,Tombamento,Com Vítimas Feridas,Plena Noite,Decrescente,Céu Claro,Dupla,Reta,Não,2,0,2,0,0,0,2,1,-27.62329313,-48.65245588,SPRF-SC,DEL01-SC,UOP02-DEL01-SC,2024
"578272,0",2024-01-31,quarta-feira,22:00:00,SC,101,"277,8",IMBITUBA,Ingestão de álcool pelo condutor,Tombamento,Com Vítimas Feridas,Plena Noite,Decrescente,Nublado,Múltipla,Reta,Sim,1,0,1,0,0,0,1,1,-28.15478103,-48.69265474,SPRF-SC,DEL02-SC,UOP03-DEL02-SC,2024
"578278,0",2024-02-01,quinta-feira,03:10:00,SC,101,"134,0",BALNEARIO CAMBORIU,Ingestão de álcool pelo condutor,Colisão com objeto,Sem Vítimas,Plena Noite,Crescente,Céu Claro,Dupla,Interseção de Vias;Retorno Regulamentado,Sim,1,0,0,0,1,0,0,1,-27.00218,-48.636433,SPRF-SC,DEL04-SC,UOP03-DEL04-SC,2024
"578281,0",2024-02-01,quinta-feira,04:50:00,SC,101,"218,4",PALHOCA,Velocidade Incompatível,Colisão com objeto,Com Vítimas Feridas,Plena Noite,Crescente,Céu Claro,Dupla,Em Obras,Não,1,0,0,1,0,0,1,1,-27.6758601,-48.67052525,SPRF-SC,DEL01-SC,UOP02-DEL01-SC,2024
"578290,0",2024-02-01,quinta-feira,00:00:00,SC,101,"80,0",ARAQUARI,Chuva,Saída de leito carroçável,Com Vítimas Feridas,Plena Noite,Decrescente,Chuva,Dupla,Reta,Não,1,0,1,0,0,0,1,1,-26.59718753,-48.72324407,SPRF-SC,DEL03-SC,UOP02-DEL03-SC,2024
"578317,0",2024-02-01,quinta-feira,07:50:00,SC,101,"234,2",PALHOCA,Demais falhas mecânicas ou elétricas,Incêndio,Sem Vítimas,Pleno dia,Decrescente,Céu Claro,Dupla,Curva;Aclive,Não,1,0,0,0,1,0,0,1,-27.81043812,-48.63537111,SPRF-SC,DEL01-SC,UOP02-DEL01-SC,2024
"578329,0",2024-02-01,quinta-feira,09:00:00,SC,282,"2,0",FLORIANOPOLIS,Trafegar com motocicleta (ou similar) entre as faixas,Colisão lateral mesmo sentido,Com Vítimas Feridas,Pleno dia,Decrescente,Céu Claro,Múltipla,Reta,Não,2,0,1,0,1,0,1,2,-27.603289,-48.590416,SPRF-SC,DEL01-SC,UOP01-DEL01-SC,2024
"578354,0",2024-02-01,quinta-feira,11:40:00,SC,470,"54,0",BLUMENAU,Acessar a via sem observar a presença dos outros veículos,Colisão lateral sentido oposto,Com Vítimas Feridas,Pleno dia,Decrescente,Céu Claro,Simples,Em Obras,Sim,2,0,1,0,1,0,1,2,-26.871065,-49.110374,SPRF-SC,DEL04-SC,UOP01-DEL04-SC,2024
"578378,0",2024-02-01,quinta-feira,15:30:00,SC,101,"206,0",SAO JOSE,Reação tardia ou ineficiente do condutor,Engavetamento,Com Vítimas Feridas,Pleno dia,Decrescente,Nublado,Múltipla,Reta,Sim,5,0,3,0,2,0,3,4,-27.59622953,-48.6194694,SPRF-SC,DEL01-SC,UOP01-DEL01-SC,2024
"578411,0",2024-02-01,quinta-feira,17:50:00,SC,101,"208,0",SAO JOSE,Manobra de mudança de faixa,Colisão lateral mesmo sentido,Com Vítimas Feridas,Pleno dia,Decrescente,Céu Claro,Múltipla,Reta,Sim,4,0,1,0,3,0,1,4,-27.60327979,-48.63201818,SPRF-SC,DEL01-SC,UOP01-DEL01-SC,2024
"578446,0",2024-02-01,quinta-feira,16:30:00,SC,116,"139,0",SANTA CECILIA,Acessar a via sem observar a presença dos outros veículos,Colisão transversal,Com Vítimas Feridas,Pleno dia,Crescente,Sol,Simples,Reta,Não,2,0,1,0,1,0,1,2,-26.96007677,-50.41626976,SPRF-SC,DEL06-SC,UOP02-DEL06-SC,2024
"578460,0",2024-02-01,quinta-feira,22:30:00,SC,101,"414,9",ARARANGUA,Avarias e/ou desgaste excessivo no pneu,Colisão com objeto,Com Vítimas Feridas,Plena Noite,Decrescente,Céu Claro,Dupla,Curva,Sim,1,0,1,0,0,0,1,1,-28.95360392,-49.50985011,SPRF-SC,DEL02-SC,UOP02-DEL02-SC,2024
"578465,0",2024-02-02,sexta-feira,00:10:00,SC,101,"213,7",PALHOCA,Desrespeitar a preferência no cruzamento,Colisão transversal,Com Vítimas Feridas,Plena Noite,Decrescente,Céu Claro,Múltipla,Reta;Interseção de Vias,Sim,2,0,1,0,0,1,1,2,-27.63697369,-48.66514142,SPRF-SC,DEL01-SC,UOP02-DEL01-SC,2024
"578472,0",2024-02-02,sexta-feira,03:25:00,SC,470,"52,7",BLUMENAU,Chuva,Tombamento,Com Vítimas Feridas,Plena Noite,Crescente,Chuva,Dupla,Interseção de Vias;Em Obras,Não,1,0,1,0,0,0,1,1,-26.86524343,-49.0996711,SPRF-SC,DEL04-SC,UOP01-DEL04-SC,2024
"578487,0",2024-02-02,sexta-feira,06:40:00,SC,101,"97,0",BALNEARIO PICARRAS,Ausência de reação do condutor,Colisão lateral mesmo sentido,Com Vítimas Feridas,Pleno dia,Crescente,Nublado,Múltipla,Curva,Sim,2,0,1,0,0,1,1,2,-26.72823703,-48.70224928,SPRF-SC,DEL03-SC,UOP02-DEL03-SC,2024
"578495,0",2024-02-02,sexta-feira,07:50:00,SC,101,"41,0",JOINVILLE,Condutor deixou de manter distância do veículo da frente,Colisão traseira,Com Vítimas Feridas,Pleno dia,Decrescente,Céu Claro,Dupla,Reta,Sim,3,0,1,0,2,0,1,3,-26.28215489,-48.88973081,SPRF-SC,DEL03-SC,UOP01-DEL03-SC,2024
"578523,0",2024-02-02,sexta-feira,08:40:00,SC,101,"428,7",SOMBRIO,Acessar a via sem observar a presença dos outros veículos,Colisão transversal,Com Vítimas Feridas,Pleno dia,Decrescente,Céu Claro,Simples,Interseção de Vias;Curva;Declive,Não,2,0,1,0,0,1,1,2,-29.05078628,-49.62098479,SPRF-SC,DEL02-SC,UOP02-DEL02-SC,2024
"578529,0",2024-02-02,sexta-feira,07:05:00,SC,282,"579,1",PINHALZINHO,Acessar a via sem observar a presença dos outros veículos,Colisão transversal,Com Vítimas Fatais,Pleno dia,Crescente,Sol,Simples,Reta,Sim,4,1,0,0,3,0,0,2,-26.843527,-52.982072,SPRF-SC,DEL07-SC,UOP02-DEL07-SC,2024
"578542,0",2024-02-02,sexta-feira,11:50:00,SC,470,"52,0",BLUMENAU,Acessar a via sem observar a presença dos outros veículos,Colisão transversal,Com Vítimas Feridas,Pleno dia,Crescente,Céu Claro,Simples,Reta,Não,2,0,1,0,1,0,1,2,-26.862286,-49.093903,SPRF-SC,DEL04-SC,UOP01-DEL04-SC,2024
"578617,0",2024-02-02,sexta-feira,20:00:00,SC,101,"361,0",SANGAO,Transitar na contramão,Colisão frontal,Com Vítimas Feridas,Plena Noite,Crescente,Céu Claro,Dupla,Reta;Aclive,Sim,4,0,1,1,2,0,2,2,-28.66584041,-49.1146566,SPRF-SC,DEL02-SC,UOP01-DEL02-SC,2024
"578621,0",2024-02-02,sexta-feira,20:20:00,SC,101,"216,0",PALHOCA,Reação tardia ou ineficiente do condutor,Colisão traseira,Com Vítimas Feridas,Plena Noite,Decrescente,Céu Claro,Dupla,Reta,Sim,4,0,0,1,2,1,1,3,-27.65997723,-48.67705476,SPRF-SC,DEL01-SC,UOP02-DEL01-SC,2024
"578633,0",2024-02-02,sexta-feira,21:00:00,SC,101,"201,9",SAO JOSE,Trafegar com motocicleta (ou similar) entre as faixas,Colisão lateral mesmo sentido,Com Vítimas Feridas,Plena Noite,Crescente,Nublado,Múltipla,Reta,Sim,2,0,1,0,1,0,1,2,-27.54836599,-48.61977975,SPRF-SC,DEL01-SC,UOP01-DEL01-SC,2024
"578639,0",2024-02-02,sexta-feira,21:45:00,SC,101,"201,6",SAO JOSE,Reação tardia ou ineficiente do condutor,Colisão traseira,Com Vítimas Feridas,Plena Noite,Decrescente,Céu Claro,Dupla,Reta,Sim,3,0,0,2,0,1,2,2,-27.5650044,-48.61460082,SPRF-SC,DEL01-SC,UOP01-DEL01-SC,2024
"578648,0",2024-02-02,sexta-feira,18:30:00,SC,101,"42,9",JOINVILLE,Ausência de reação do condutor,Colisão traseira,Com Vítimas Feridas,Amanhecer,Crescente,Nublado,Dupla,Aclive;Reta,Sim,2,0,1,0,1,0,1,2,-26.3320872,-48.86194915,SPRF-SC,DEL03-SC,UOP01-DEL03-SC,2024
"578653,0",2024-02-02,sexta-feira,22:30:00,SC,101,"216,8",PALHOCA,Ausência de reação do condutor,Colisão traseira,Com Vítimas Feridas,Plena Noite,Crescente,Céu Claro,Dupla,Reta,Sim,2,0,1,0,1,0,1,2,-27.65981409,-48.67747798,SPRF-SC,DEL01-SC,UOP02-DEL01-SC,2024
"578658,0",2024-02-02,sexta-feira,22:25:00,SC,282,"418,0",CATANDUVAS,Transitar na contramão,Colisão frontal,Com Vítimas Feridas,Plena Noite,Crescente,Céu Claro,Simples,Reta,Não,2,0,1,0,1,0,1,2,-27.024965,-51.730766,SPRF-SC,DEL07-SC,UOP05-DEL07-SC,2024
"578659,0",2024-02-02,sexta-feira,21:20:00,SC,116,"51,6",PAPANDUVA,Ausência de reação do condutor,Colisão com objeto,Com Vítimas Feridas,Plena Noite,Crescente,Céu Claro,Simples,Curva;Declive,Não,1,0,1,0,0,0,1,1,-26.38519214,-50.13765683,SPRF-SC,DEL06-SC,UOP01-DEL06-SC,2024
"578664,0",2024-02-02,sexta-feira,22:50:00,SC,282,"293,9",VARGEM,Velocidade Incompatível,Saída de leito carroçável,Sem Vítimas,Plena Noite,Crescente,Céu Claro,Simples,Aclive;Curva,Não,1,0,0,0,0,1,0,1,-27.538227,-50.860825,SPRF-SC,DEL07-SC,UOP06-DEL07-SC,2024
"578678,0",2024-02-03,sábado,03:20:00,SC,101,"111,0",NAVEGANTES,Reação tardia ou ineficiente do condutor,Colisão com objeto,Com Vítimas Feridas,Plena Noite,Crescente,Céu Claro,Dupla,Reta,Não,3,0,2,0,1,0,2,1,-26.83955734,-48.71418074,SPRF-SC,DEL04-SC,UOP04-DEL04-SC,2024
"578685,0",2024-02-03,sábado,03:40:00,SC,101,"277,6",IMBITUBA,Ingestão de álcool pelo condutor,Saída de leito carroçável,Com Vítimas Feridas,Plena Noite,Decrescente,Céu Claro,Dupla,Reta,Não,1,0,1,0,0,0,1,1,-28.172595,-48.694628,SPRF-SC,DEL02-SC,UOP03-DEL02-SC,2024
"578701,0",2024-02-03,sábado,07:00:00,SC,101,"63,4",ARAQUARI,Ausência de reação do condutor,Saída de leito carroçável,Sem Vítimas,Pleno dia,Crescente,Nublado,Dupla,Curva,Não,1,0,0,0,1,0,0,1,-26.461753,-48.755264,SPRF-SC,DEL03-SC,UOP02-DEL03-SC,2024
"578703,0",2024-02-03,sábado,07:00:00,SC,282,"17,0",PALHOCA,Conversão proibida,Colisão traseira,Com Vítimas Feridas,Pleno dia,Decrescente,Céu Claro,Simples,Reta,Sim,3,0,2,0,1,0,2,2,-27.665707,-48.688065,SPRF-SC,DEL01-SC,UOP02-DEL01-SC,2024
"578712,0",2024-02-03,sábado,03:15:00,SC,116,"122,9",SANTA CECILIA,Ausência de reação do condutor,Tombamento,Com Vítimas Feridas,Plena Noite,Decrescente,Céu Claro,Simples,Aclive;Reta,Não,1,0,0,1,0,0,1,1,-26.83694681,-50.39216836,SPRF-SC,DEL06-SC,UOP02-DEL06-SC,2024
"578717,0",2024-02-03,sábado,07:00:00,SC,282,"557,2",NOVA ITABERABA,Demais falhas mecânicas ou elétricas,Incêndio,Sem Vítimas,Amanhecer,Decrescente,Céu Claro,Simples,Reta,Não,1,0,0,0,0,1,0,1,-26.93078248,-52.82310247,SPRF-SC,DEL07-SC,UOP01-DEL07-SC,2024
"578719,0",2024-02-03,sábado,07:15:00,SC,470,"4,8",NAVEGANTES,Ingestão de álcool pelo condutor,Colisão com objeto,Com Vítimas Feridas,Pleno dia,Decrescente,Céu Claro,Dupla,Reta,Não,1,0,1,0,0,0,1,1,-26.858473,-48.690788,SPRF-SC,DEL04-SC,UOP04-DEL04-SC,2024
"578723,0",2024-02-03,sábado,10:20:00,SC,101,"53,7",JOINVILLE,Manobra de mudança de faixa,Colisão transversal,Com Vítimas Feridas,Pleno dia,Decrescente,Céu Claro,Dupla,Interseção de Vias,Não,3,0,1,0,2,0,1,2,-26.40231201,-48.83969703,SPRF-SC,DEL03-SC,UOP01-DEL03-SC,2024