id,data_inversa,dia_semana,horario,uf,br,km,municipio,causa_acidente,tipo_acidente,classificacao_acidente,fase_dia,sentido_via,condicao_metereologica,tipo_pista,tracado_via,uso_solo,pessoas,mortos,feridos_leves,feridos_graves,ilesos,ignorados,feridos,veiculos,latitude,longitude,regional,delegacia,uop,ano_arquivo
"578743,0",2024-02-03,sábado,06:30:00,SC,101,"244,0",PAULO LOPES,Velocidade Incompatível,Saída de leito carroçável,Com Vítimas Feridas,Amanhecer,Crescente,Céu Claro,Dupla,Reta,Não,2,0,0,1,0,1,1,2,-27.89294003,-48.64821868,SPRF-SC,DEL01-SC,UOP02-DEL01-SC,2024
"578773,0",2024-02-03,sábado,15:40:00,SC,101,"46,8",JOINVILLE,Velocidade Incompatível,Colisão traseira,Com Vítimas Feridas,Pleno dia,Crescente,Céu Claro,Dupla,Curva,Sim,2,0,1,0,1,0,1,2,-26.36422336,-48.85892093,SPRF-SC,DEL03-SC,UOP01-DEL03-SC,2024
"578780,0",2024-02-03,sábado,15:50:00,SC,101,"94,0",BARRA VELHA,Manobra de mudança de faixa,Colisão lateral mesmo sentido,Com Vítimas Feridas,Pleno dia,Crescente,Sol,Dupla,Reta,Não,2,0,1,0,1,0,1,2,-26.69940401,-48.69902784,SPRF-SC,DEL03-SC,UOP02-DEL03-SC,2024
"578795,0",2024-02-03,sábado,18:00:00,SC,282,"216,9",LAGES,Desrespeitar a preferência no cruzamento,Colisão transversal,Com Vítimas Feridas,Pleno dia,Decrescente,Céu Claro,Simples,Interseção de Vias,Sim,2,0,1,0,1,0,1,2,-27.797529,-50.291862,SPRF-SC,DEL05-SC,UOP01-DEL05-SC,2024
"578799,0",2024-02-03,sábado,15:20:00,SC,101,"304,9",LAGUNA,Ingestão de álcool pelo condutor,Colisão traseira,Sem Vítimas,Pleno dia,Crescente,Céu Claro,Simples,Reta,Não,5,0,0,0,5,0,0,2,-28.36912427,-48.75686871,SPRF-SC,DEL02-SC,UOP03-DEL02-SC,2024
"578826,0",2024-02-03,sábado,16:00:00,SC,282,"17,3",PALHOCA,Acumulo de óleo sobre o pavimento,Tombamento,Com Vítimas Feridas,Pleno dia,Decrescente,Céu Claro,Simples,Retorno Regulamentado;Reta,Sim,3,0,1,0,2,0,1,2,-27.665707,-48.688065,SPRF-SC,DEL01-SC,UOP02-DEL01-SC,2024
"578845,0",2024-02-03,sábado,23:20:00,SC,470,"67,0",INDAIAL,Ingestão de álcool pelo condutor,Colisão com objeto,Sem Vítimas,Plena Noite,Decrescente,Nublado,Simples,Em Obras;Declive;Desvio Temporário;Curva,Sim,1,0,0,0,0,1,0,1,-26.87161671,-49.23003674,SPRF-SC,DEL04-SC,UOP01-DEL04-SC,2024
"578848,0",2024-02-04,domingo,01:00:00,SC,101,"210,0",PALHOCA,Ingestão de álcool pelo condutor,Colisão com objeto,Sem Vítimas,Plena Noite,Crescente,Céu Claro,Múltipla,Reta;Ponte,Sim,1,0,0,0,0,1,0,1,-27.6167305,-48.6457265,SPRF-SC,DEL01-SC,UOP01-DEL01-SC,2024
"578853,0",2024-02-04,domingo,01:00:00,SC,101,"156,4",PORTO BELO,Ultrapassagem Indevida,Colisão lateral mesmo sentido,Com Vítimas Feridas,Plena Noite,Decrescente,Céu Claro,Dupla,Curva,Sim,2,0,1,0,1,0,1,2,-27.172272,-48.61170204,SPRF-SC,DEL04-SC,UOP03-DEL04-SC,2024
"578854,0",2024-02-04,domingo,01:00:00,SC,101,"107,2",PENHA,Ausência de reação do condutor,Saída de leito carroçável,Com Vítimas Feridas,Plena Noite,Decrescente,Nublado,Múltipla,Reta,Não,1,0,1,0,0,0,1,1,-26.81930608,-48.68390282,SPRF-SC,DEL03-SC,UOP02-DEL03-SC,2024
"578857,0",2024-02-04,domingo,01:30:00,SC,101,"23,4",JOINVILLE,Ausência de reação do condutor,Capotamento,Com Vítimas Feridas,Plena Noite,Crescente,Céu Claro,Dupla,Reta,Não,1,0,1,0,0,0,1,1,-26.16582501,-48.90742427,SPRF-SC,DEL03-SC,UOP01-DEL03-SC,2024
"578858,0",2024-02-04,domingo,00:01:00,SC,280,"303,0",PORTO UNIAO,Acessar a via sem observar a presença dos outros veículos,Colisão transversal,Com Vítimas Feridas,Plena Noite,Decrescente,Garoa/Chuvisco,Simples,Curva,Sim,2,0,2,0,0,0,2,2,-26.27999553,-51.05063229,SPRF-SC,DEL06-SC,UOP04-DEL06-SC,2024
"578878,0",2024-02-04,domingo,04:40:00,SC,280,"119,4",SAO BENTO DO SUL,Reação tardia ou ineficiente do condutor,Saída de leito carroçável,Com Vítimas Feridas,Plena Noite,Crescente,Céu Claro,Simples,Curva,Sim,1,0,1,0,0,0,1,1,-26.26519673,-49.434177,SPRF-SC,DEL06-SC,UOP03-DEL06-SC,2024
"578879,0",2024-02-04,domingo,06:00:00,SC,101,"216,5",PALHOCA,Acumulo de óleo sobre o pavimento,Tombamento,Com Vítimas Feridas,Amanhecer,Crescente,Céu Claro,Dupla,Rotatória,Sim,2,0,1,0,0,1,1,1,-27.65981409,-48.67747798,SPRF-SC,DEL01-SC,UOP02-DEL01-SC,2024
"578910,0",2024-02-04,domingo,09:10:00,SC,470,"247,2",CURITIBANOS,Acessar a via sem observar a presença dos outros veículos,Colisão transversal,Sem Vítimas,Pleno dia,Crescente,Sol,Simples,Reta,Sim,2,0,0,0,1,1,0,2,-27.31299182,-50.55871189,SPRF-SC,DEL05-SC,UOP03-DEL05-SC,2024
"578931,0",2024-02-04,domingo,12:00:00,SC,470,"43,4",GASPAR,Condutor deixou de manter distância do veículo da frente,Colisão com objeto,Com Vítimas Feridas,Pleno dia,Decrescente,Céu Claro,Dupla,Aclive;Reta,Não,8,0,0,1,7,0,1,2,-26.874519,-49.013454,SPRF-SC,DEL04-SC,UOP01-DEL04-SC,2024
"578974,0",2024-02-04,domingo,16:15:00,SC,116,"245,4",LAGES,Desrespeitar a preferência no cruzamento,Colisão transversal,Sem Vítimas,Pleno dia,Decrescente,Sol,Simples,Interseção de Vias,Sim,2,0,0,0,1,1,0,2,-27.80003629,-50.36342561,SPRF-SC,DEL05-SC,UOP01-DEL05-SC,2024
"578982,0",2024-02-04,domingo,17:40:00,SC,101,"239,0",PALHOCA,Condutor deixou de manter distância do veículo da frente,Engavetamento,Sem Vítimas,Pleno dia,Decrescente,Nublado,Dupla,Reta,Não,3,0,0,0,3,0,0,3,-27.84293889,-48.63471922,SPRF-SC,DEL01-SC,UOP02-DEL01-SC,2024
"578999,0",2024-02-04,domingo,16:30:00,SC,282,"664,0",PARAISO,Reação tardia ou ineficiente do condutor,Colisão traseira,Com Vítimas Feridas,Pleno dia,Decrescente,Nublado,Simples,Aclive;Curva,Não,3,0,1,0,2,0,1,2,-26.66049934,-53.60315323,SPRF-SC,DEL07-SC,UOP03-DEL07-SC,2024
"579001,0",2024-02-04,domingo,17:15:00,SC,101,"73,4",ARAQUARI,Pedestre cruzava a pista fora da faixa,Atropelamento de Pedestre,Com Vítimas Fatais,Pleno dia,Decrescente,Nublado,Dupla,Reta,Sim,3,2,0,0,0,1,0,2,-26.5414359,-48.71204317,SPRF-SC,DEL03-SC,UOP02-DEL03-SC,2024
"579031,0",2024-02-04,domingo,21:30:00,SC,101,"214,4",PALHOCA,Desrespeitar a preferência no cruzamento,Colisão transversal,Sem Vítimas,Plena Noite,Crescente,Céu Claro,Dupla,Interseção de Vias,Não,2,0,0,0,2,0,0,2,-27.64443,-48.67057,SPRF-SC,DEL01-SC,UOP02-DEL01-SC,2024
"579046,0",2024-02-04,domingo,21:50:00,SC,101,"196,9",BIGUACU,Ingestão de álcool pelo condutor,Colisão traseira,Sem Vítimas,Plena Noite,Decrescente,Céu Claro,Múltipla,Curva,Sim,2,0,0,0,2,0,0,2,-27.51101091,-48.64322292,SPRF-SC,DEL01-SC,UOP01-DEL01-SC,2024
"579059,0",2024-02-04,domingo,21:55:00,SC,282,"633,7",DESCANSO,Ausência de reação do condutor,Saída de leito carroçável,Sem Vítimas,Plena Noite,Decrescente,Nublado,Simples,Declive;Curva,Não,1,0,0,0,0,1,0,1,-26.824224,-53.412407,SPRF-SC,DEL07-SC,UOP03-DEL07-SC,2024
"579063,0",2024-02-04,domingo,23:30:00,SC,101,"4,7",ARARANGUA,Ingestão de álcool pelo condutor,Colisão traseira,Com Vítimas Feridas,Plena Noite,Crescente,Nublado,Simples,Reta,Sim,2,0,1,0,1,0,1,2,-28.95783572,-49.51375008,SPRF-SC,DEL03-SC,UOP01-DEL03-SC,2024
"579065,0",2024-02-05,segunda-feira,00:10:00,SC,101,"208,0",SAO JOSE,Reação tardia ou ineficiente do condutor,Colisão traseira,Com Vítimas Feridas,Plena Noite,Crescente,Céu Claro,Múltipla,Reta,Não,2,0,0,1,1,0,1,2,-27.60327979,-48.63201818,SPRF-SC,DEL01-SC,UOP01-DEL01-SC,2024
"579071,0",2024-02-05,segunda-feira,01:20:00,SC,101,"139,0",BALNEARIO CAMBORIU,Avarias e/ou desgaste excessivo no pneu,Tombamento,Com Vítimas Feridas,Plena Noite,Crescente,Céu Claro,Múltipla,Aclive;Reta,Não,1,0,1,0,0,0,1,1,-27.02982303,-48.60115006,SPRF-SC,DEL04-SC,UOP03-DEL04-SC,2024
"579089,0",2024-02-04,domingo,19:40:00,SC,282,"614,4",MARAVILHA,Ingestão de álcool pelo condutor,Capotamento,Com Vítimas Feridas,Plena Noite,Crescente,Nublado,Simples,Curva,Não,1,0,0,1,0,0,1,1,-26.76932,-53.264568,SPRF-SC,DEL07-SC,UOP02-DEL07-SC,2024
"579104,0",2024-02-05,segunda-feira,06:40:00,SC,470,"29,0",GASPAR,Manobra de mudança de faixa,Colisão traseira,Com Vítimas Feridas,Pleno dia,Crescente,Céu Claro,Dupla,Reta,Não,2,0,1,0,1,0,1,2,-26.89362,-48.903973,SPRF-SC,DEL04-SC,UOP01-DEL04-SC,2024
"579121,0",2024-02-05,segunda-feira,07:45:00,SC,470,"148,0",AGRONOMICA,Ausência de reação do condutor,Colisão traseira,Com Vítimas Feridas,Pleno dia,Decrescente,Céu Claro,Simples,Reta,Não,6,0,4,0,2,0,4,2,-27.246288,-49.694355,SPRF-SC,DEL04-SC,UOP02-DEL04-SC,2024
"579132,0",2024-02-05,segunda-feira,08:50:00,SC,282,"1,9",FLORIANOPOLIS,Reação tardia ou ineficiente do condutor,Colisão traseira,Com Vítimas Feridas,Pleno dia,Decrescente,Céu Claro,Múltipla,Reta,Sim,2,0,1,0,1,0,1,2,-27.602955,-48.580509,SPRF-SC,DEL01-SC,UOP01-DEL01-SC,2024
"579142,0",2024-02-05,segunda-feira,07:50:00,SC,280,"17,0",SAO FRANCISCO DO SUL,Mal súbito do condutor,Colisão com objeto,Com Vítimas Feridas,Pleno dia,Crescente,Céu Claro,Dupla,Reta,Sim,1,0,1,0,0,0,1,1,-26.35609813,-48.66029868,SPRF-SC,DEL03-SC,UOP03-DEL03-SC,2024
"579147,0",2024-02-05,segunda-feira,10:00:00,SC,101,"203,2",SAO JOSE,Desrespeitar a preferência no cruzamento,Colisão transversal,Com Vítimas Feridas,Pleno dia,Decrescente,Sol,Dupla,Interseção de Vias;Rotatória,Sim,2,0,1,0,1,0,1,2,-27.56611274,-48.61304283,SPRF-SC,DEL01-SC,UOP01-DEL01-SC,2024
"579157,0",2024-02-05,segunda-feira,08:00:00,SC,470,"1,4",NAVEGANTES,Desrespeitar a preferência no cruzamento,Colisão transversal,Com Vítimas Feridas,Pleno dia,Crescente,Céu Claro,Múltipla,Reta,Sim,2,0,2,0,0,0,2,2,-26.875383,-48.668285,SPRF-SC,DEL04-SC,UOP04-DEL04-SC,2024
"579168,0",2024-02-05,segunda-feira,12:10:00,SC,101,"38,5",JOINVILLE,Desrespeitar a preferência no cruzamento,Colisão transversal,Com Vítimas Feridas,Pleno dia,Decrescente,Sol,Dupla,Interseção de Vias,Sim,2,0,0,1,1,0,1,2,-26.296366,-48.884204,SPRF-SC,DEL03-SC,UOP01-DEL03-SC,2024
"579172,0",2024-02-05,segunda-feira,11:26:00,SC,480,"131,0",CHAPECO,Condutor deixou de manter distância do veículo da frente,Colisão traseira,Com Vítimas Feridas,Pleno dia,Crescente,Céu Claro,Dupla,Curva;Em Obras;Desvio Temporário,Sim,3,0,1,0,2,0,1,2,-27.06314223,-52.63234636,SPRF-SC,DEL07-SC,UOP01-DEL07-SC,2024
"579201,0",2024-02-05,segunda-feira,16:10:00,SC,101,"206,2",SAO JOSE,Reação tardia ou ineficiente do condutor,Colisão traseira,Com Vítimas Feridas,Pleno dia,Decrescente,Céu Claro,Dupla,Reta,Sim,2,0,1,0,1,0,1,2,-27.59193546,-48.61824557,SPRF-SC,DEL01-SC,UOP01-DEL01-SC,2024
"579217,0",2024-02-05,segunda-feira,15:05:00,SC,101,"333,4",TUBARAO,Condutor deixou de manter distância do veículo da frente,Colisão traseira,Com Vítimas Feridas,Pleno dia,Decrescente,Céu Claro,Múltipla,Reta,Sim,2,0,1,0,1,0,1,2,-28.46630107,-48.99653096,SPRF-SC,DEL02-SC,UOP01-DEL02-SC,2024
"579219,0",2024-02-05,segunda-feira,17:55:00,SC,116,"246,9",LAGES,Desrespeitar a preferência no cruzamento,Colisão transversal,Com Vítimas Feridas,Pleno dia,Decrescente,Nublado,Simples,Rotatória,Sim,2,0,1,0,1,0,1,2,-27.81188263,-50.36785126,SPRF-SC,DEL05-SC,UOP02-DEL05-SC,2024
"579220,0",2024-02-05,segunda-feira,18:00:00,SC,101,"212,0",PALHOCA,Trafegar com motocicleta (ou similar) entre as faixas,Colisão lateral mesmo sentido,Com Vítimas Feridas,Pleno dia,Crescente,Nublado,Múltipla,Reta,Sim,2,0,1,0,1,0,1,2,-27.62996929,-48.65903871,SPRF-SC,DEL01-SC,UOP02-DEL01-SC,2024
"579249,0",2024-02-05,segunda-feira,20:00:00,SC,282,"3,4",FLORIANOPOLIS,Manobra de mudança de faixa,Colisão lateral mesmo sentido,Com Vítimas Feridas,Plena Noite,Crescente,Céu Claro,Múltipla,Reta,Sim,4,0,2,0,1,1,2,3,-27.600384,-48.599705,SPRF-SC,DEL01-SC,UOP01-DEL01-SC,2024
"579281,0",2024-02-05,segunda-feira,18:15:00,SC,153,"2,9",AGUA DOCE,Ausência de reação do condutor,Saída de leito carroçável,Com Vítimas Feridas,Anoitecer,Crescente,Céu Claro,Simples,Reta,Não,4,0,4,0,0,0,4,1,-26.619865,-51.499592,SPRF-SC,DEL07-SC,UOP07-DEL07-SC,2024
"579284,0",2024-02-05,segunda-feira,20:15:00,SC,116,"175,2",SAO CRISTOVAO DO SUL,Velocidade Incompatível,Saída de leito carroçável,Com Vítimas Feridas,Plena Noite,Crescente,Céu Claro,Simples,Retorno Regulamentado;Reta,Não,1,0,1,0,0,0,1,1,-27.23313103,-50.46402807,SPRF-SC,DEL05-SC,UOP03-DEL05-SC,2024
"579285,0",2024-02-05,segunda-feira,23:00:00,SC,101,"285,6",IMBITUBA,Demais falhas mecânicas ou elétricas,Incêndio,Sem Vítimas,Plena Noite,Crescente,Céu Claro,Dupla,Reta,Não,1,0,0,0,1,0,0,1,-28.22116606,-48.70063047,SPRF-SC,DEL02-SC,UOP03-DEL02-SC,2024
"579287,0",2024-02-05,segunda-feira,21:10:00,SC,101,"131,0",BALNEARIO CAMBORIU,Velocidade Incompatível,Colisão traseira,Com Vítimas Feridas,Plena Noite,Decrescente,Céu Claro,Múltipla,Reta,Não,3,0,2,0,0,1,2,2,-26.99064209,-48.66310912,SPRF-SC,DEL04-SC,UOP03-DEL04-SC,2024
"579288,0",2024-02-06,terça-feira,00:10:00,SC,470,"60,0",INDAIAL,Ausência de sinalização,Queda de ocupante de veículo,Com Vítimas Feridas,Plena Noite,Decrescente,Nublado,Dupla,Reta,Não,1,0,1,0,0,0,1,1,-26.88138,-49.164543,SPRF-SC,DEL04-SC,UOP01-DEL04-SC,2024
"579299,0",2024-02-06,terça-feira,04:45:00,SC,280,"126,0",RIO NEGRINHO,Transitar na contramão,Colisão frontal,Com Vítimas Feridas,Plena Noite,Crescente,Céu Claro,Simples,Reta,Sim,3,0,2,0,1,0,2,2,-26.23779604,-49.49427399,SPRF-SC,DEL06-SC,UOP03-DEL06-SC,2024
"579305,0",2024-02-06,terça-feira,07:10:00,SC,282,"16,4",PALHOCA,Acesso irregular,Colisão lateral mesmo sentido,Com Vítimas Feridas,Pleno dia,Crescente,Sol,Simples,Reta,Sim,2,0,1,0,1,0,1,2,-27.658611,-48.681847,SPRF-SC,DEL01-SC,UOP02-DEL01-SC,2024
"579306,0",2024-02-06,terça-feira,06:45:00,SC,101,"331,5",TUBARAO,Manobra de mudança de faixa,Colisão traseira,Com Vítimas Feridas,Pleno dia,Crescente,Céu Claro,Dupla,Curva,Sim,2,0,1,0,0,1,1,2,-28.46349826,-48.99274707,SPRF-SC,DEL02-SC,UOP01-DEL02-SC,2024
"579319,0",2024-02-06,terça-feira,08:00:00,SC,101,"328,5",CAPIVARI DE BAIXO,Condutor deixou de manter distância do veículo da frente,Colisão traseira,Com Vítimas Feridas,Pleno dia,Crescente,Céu Claro,Dupla,Aclive;Reta,Sim,2,0,0,1,1,0,1,2,-28.43648094,-48.95989307,SPRF-SC,DEL02-SC,UOP01-DEL02-SC,2024
"579320,0",2024-02-03,sábado,11:50:00,SC,101,"286,0",IMBITUBA,Ingestão de álcool pelo condutor,Colisão com objeto,Com Vítimas Feridas,Pleno dia,Crescente,Céu Claro,Dupla,Reta,Não,1,0,1,0,0,0,1,1,-28.22947996,-48.70163526,SPRF-SC,DEL02-SC,UOP03-DEL02-SC,2024
"579323,0",2024-02-04,domingo,02:10:00,SC,101,"292,0",IMBITUBA,Participar de racha,Queda de ocupante de veículo,Com Vítimas Feridas,Plena Noite,Crescente,Céu Claro,Dupla,Reta,Não,2,0,1,0,1,0,1,1,-28.278057,-48.700386,SPRF-SC,DEL02-SC,UOP03-DEL02-SC,2024
"579325,0",2024-02-06,terça-feira,08:00:00,SC,101,"207,0",PALHOCA,Trafegar com motocicleta (ou similar) entre as faixas,Colisão lateral mesmo sentido,Com Vítimas Feridas,Pleno dia,Decrescente,Céu Claro,Múltipla,Aclive,Sim,2,0,1,0,1,0,1,2,-27.60001226,-48.6226467,SPRF-SC,DEL01-SC,UOP01-DEL01-SC,2024
"579345,0",2024-02-06,terça-feira,09:35:00,SC,101,"74,0",BARRA VELHA,Demais falhas mecânicas ou elétricas,Queda de ocupante de veículo,Com Vítimas Feridas,Pleno dia,Decrescente,Céu Claro,Múltipla,Reta,Sim,1,0,1,0,0,0,1,1,-26.54446209,-48.71214452,SPRF-SC,DEL03-SC,UOP02-DEL03-SC,2024
"579352,0",2024-02-06,terça-feira,11:00:00,SC,470,"67,0",INDAIAL,Ausência de reação do condutor,Colisão lateral mesmo sentido,Com Vítimas Feridas,Pleno dia,Decrescente,Céu Claro,Simples,Reta,Não,2,0,1,0,1,0,1,2,-26.872158,-49.23127,SPRF-SC,DEL04-SC,UOP01-DEL04-SC,2024
"579353,0",2024-02-06,terça-feira,10:15:00,SC,101,"309,7",LAGUNA,Acumulo de areia ou detritos sobre o pavimento,Tombamento,Com Vítimas Feridas,Pleno dia,Decrescente,Céu Claro,Simples,Reta,Sim,1,0,1,0,0,0,1,1,-28.40755485,-48.79169438,SPRF-SC,DEL02-SC,UOP01-DEL02-SC,2024
"579382,0",2024-02-06,terça-feira,12:35:00,SC,116,"246,1",LAGES,Desrespeitar a preferência no cruzamento,Colisão transversal,Com Vítimas Feridas,Pleno dia,Crescente,Céu Claro,Simples,Reta;Interseção de Vias,Sim,3,0,2,0,1,0,2,2,-27.80419942,-50.36509464,SPRF-SC,DEL05-SC,UOP02-DEL05-SC,2024
"579394,0",2024-02-06,terça-feira,14:50:00,SC,101,"215,1",PALHOCA,Reação tardia ou ineficiente do condutor,Colisão lateral mesmo sentido,Com Vítimas Feridas,Pleno dia,Decrescente,Nublado,Múltipla,Interseção de Vias,Sim,2,0,1,0,1,0,1,2,-27.65184843,-48.67604941,SPRF-SC,DEL01-SC,UOP02-DEL01-SC,2024
"579396,0",2024-02-06,terça-feira,14:40:00,SC,282,"605,0",MARAVILHA,Acessar a via sem observar a presença dos outros veículos,Queda de ocupante de veículo,Com Vítimas Feridas,Pleno dia,Decrescente,Céu Claro,Simples,Reta,Sim,3,0,2,0,1,0,2,2,-26.786951,-53.195248,SPRF-SC,DEL07-SC,UOP02-DEL07-SC,2024
"579403,0",2024-01-09,terça-feira,12:15:00,SC,101,"137,0",BALNEARIO CAMBORIU,Condutor deixou de manter distância do veículo da frente,Colisão traseira,Sem Vítimas,Pleno dia,Decrescente,Sol,Dupla,Reta,Sim,3,0,0,0,3,0,0,3,-27.0157238,-48.61192763,SPRF-SC,DEL04-SC,UOP03-DEL04-SC,2024
"579421,0",2024-02-06,terça-feira,17:00:00,SC,470,"53,0",BLUMENAU,Acessar a via sem observar a presença dos outros veículos,Colisão transversal,Com Vítimas Feridas,Pleno dia,Decrescente,Céu Claro,Simples,Reta,Sim,2,0,1,0,1,0,1,2,-26.867121,-49.102066,SPRF-SC,DEL04-SC,UOP01-DEL04-SC,2024
"579429,0",2024-02-06,terça-feira,18:00:00,SC,101,"206,4",SAO JOSE,Trafegar com motocicleta (ou similar) entre as faixas,Colisão traseira,Com Vítimas Feridas,Pleno dia,Crescente,Nublado,Múltipla,Reta,Sim,2,0,2,0,0,0,2,2,-27.59193546,-48.61824557,SPRF-SC,DEL01-SC,UOP01-DEL01-SC,2024
"579436,0",2024-02-06,terça-feira,17:25:00,SC,101,"207,7",SAO JOSE,Reação tardia ou ineficiente do condutor,Tombamento,Com Vítimas Feridas,Anoitecer,Crescente,Céu Claro,Dupla,Declive;Reta,Sim,1,0,1,0,0,0,1,1,-27.60184595,-48.62742132,SPRF-SC,DEL01-SC,UOP01-DEL01-SC,2024
"579440,0",2024-02-06,terça-feira,17:50:00,SC,282,"354,0",CAMPOS NOVOS,Ausência de reação do condutor,Saída de leito carroçável,Com Vítimas Feridas,Pleno dia,Decrescente,Céu Claro,Simples,Curva,Não,1,0,1,0,0,0,1,1,-27.35796,-51.330452,SPRF-SC,DEL07-SC,UOP06-DEL07-SC,2024
"579447,0",2024-02-06,terça-feira,16:30:00,SC,101,"283,1",IMBITUBA,Ingestão de álcool pelo condutor,Colisão com objeto,Com Vítimas Feridas,Pleno dia,Crescente,Céu Claro,Dupla,Reta,Não,1,0,0,1,0,0,1,1,-28.2219,-48.700659,SPRF-SC,DEL02-SC,UOP03-DEL02-SC,2024
"579450,0",2024-02-06,terça-feira,18:30:00,SC,101,"195,6",SAO JOSE,Acessar a via sem observar a presença dos outros veículos,Colisão transversal,Com Vítimas Feridas,Anoitecer,Decrescente,Garoa/Chuvisco,Múltipla,Reta,Sim,2,0,1,0,1,0,1,2,-27.5047092,-48.65010819,SPRF-SC,DEL01-SC,UOP01-DEL01-SC,2024
"579456,0",2024-02-06,terça-feira,18:15:00,SC,101,"425,2",ARARANGUA,Desrespeitar a preferência no cruzamento,Colisão transversal,Com Vítimas Feridas,Anoitecer,Crescente,Céu Claro,Simples,Reta;Interseção de Vias,Sim,6,0,5,0,1,0,5,2,-29.02095789,-49.59124506,SPRF-SC,DEL02-SC,UOP02-DEL02-SC,2024
"579460,0",2024-02-06,terça-feira,19:20:00,SC,101,"334,9",TUBARAO,Avarias e/ou desgaste excessivo no pneu,Colisão com objeto,Com Vítimas Feridas,Plena Noite,Crescente,Garoa/Chuvisco,Simples,Reta,Sim,2,0,1,1,0,0,2,1,-28.46927473,-49.01557908,SPRF-SC,DEL02-SC,UOP01-DEL02-SC,2024
"579472,0",2024-02-06,terça-feira,20:20:00,SC,101,"278,8",IMBITUBA,Ingestão de álcool pelo condutor,Colisão traseira,Com Vítimas Feridas,Plena Noite,Decrescente,Nublado,Múltipla,Declive,Não,2,0,2,0,0,0,2,2,-28.16300604,-48.6939345,SPRF-SC,DEL02-SC,UOP03-DEL02-SC,2024
"579478,0",2024-02-06,terça-feira,22:00:00,SC,101,"333,2",TUBARAO,Desrespeitar a preferência no cruzamento,Colisão transversal,Com Vítimas Feridas,Plena Noite,Decrescente,Céu Claro,Simples,Interseção de Vias,Não,3,0,1,0,2,0,1,2,-28.46630107,-48.99653096,SPRF-SC,DEL02-SC,UOP01-DEL02-SC,2024
"579490,0",2024-02-06,terça-feira,22:30:00,SC,101,"202,3",SAO JOSE,Frear bruscamente,Queda de ocupante de veículo,Com Vítimas Feridas,Plena Noite,Crescente,Chuva,Simples,Reta,Sim,1,0,0,1,0,0,1,1,-27.55711595,-48.61897889,SPRF-SC,DEL01-SC,UOP01-DEL01-SC,2024
"579497,0",2024-02-07,quarta-feira,01:40:00,SC,101,"350,7",JAGUARUNA,Condutor Dormindo,Saída de leito carroçável,Com Vítimas Feridas,Plena Noite,Decrescente,Chuva,Dupla,Aclive;Reta;Viaduto,Não,1,0,1,0,0,0,1,1,-28.5977641,-49.04943589,SPRF-SC,DEL02-SC,UOP01-DEL02-SC,2024
"579506,0",2024-02-06,terça-feira,22:50:00,SC,116,"69,0",MONTE CASTELO,Ausência de reação do condutor,Saída de leito carroçável,Com Vítimas Feridas,Plena Noite,Decrescente,Céu Claro,Simples,Rotatória,Sim,1,0,1,0,0,0,1,1,-26.46036818,-50.22889671,SPRF-SC,DEL06-SC,UOP02-DEL06-SC,2024
"579521,0",2024-02-07,quarta-feira,08:15:00,SC,101,"212,4",PALHOCA,Trafegar com motocicleta (ou similar) entre as faixas,Colisão lateral mesmo sentido,Com Vítimas Feridas,Pleno dia,Decrescente,Céu Claro,Múltipla,Reta,Sim,2,0,1,0,1,0,1,2,-27.62996929,-48.65903871,SPRF-SC,DEL01-SC,UOP02-DEL01-SC,2024
"579532,0",2024-02-07,quarta-feira,08:45:00,SC,282,"17,0",PALHOCA,Acessar a via sem observar a presença dos outros veículos,Colisão transversal,Sem Vítimas,Pleno dia,Crescente,Céu Claro,Simples,Reta,Não,2,0,0,0,2,0,0,2,-27.665707,-48.688065,SPRF-SC,DEL01-SC,UOP02-DEL01-SC,2024
"579547,0",2024-02-07,quarta-feira,11:30:00,SC,101,"201,0",BIGUACU,Trafegar com motocicleta (ou similar) entre as faixas,Colisão lateral mesmo sentido,Com Vítimas Feridas,Pleno dia,Crescente,Céu Claro,Múltipla,Reta,Não,2,0,1,0,1,0,1,2,-27.54836599,-48.61977975,SPRF-SC,DEL01-SC,UOP01-DEL01-SC,2024
"579568,0",2024-02-07,quarta-feira,12:35:00,SC,282,"323,2",CAMPOS NOVOS,Mal súbito do condutor,Saída de leito carroçável,Com Vítimas Feridas,Pleno dia,Crescente,Nublado,Simples,Curva,Não,3,0,3,0,0,0,3,1,-27.394375,-51.0495,SPRF-SC,DEL07-SC,UOP06-DEL07-SC,2024
"579590,0",2024-02-07,quarta-feira,15:00:00,SC,101,"133,8",BALNEARIO CAMBORIU,Reação tardia ou ineficiente do condutor,Tombamento,Com Vítimas Feridas,Pleno dia,Decrescente,Céu Claro,Dupla,Reta,Sim,1,0,0,1,0,0,1,1,-26.99936,-48.64609,SPRF-SC,DEL04-SC,UOP03-DEL04-SC,2024
"579596,0",2024-02-07,quarta-feira,15:00:00,SC,101,"210,4",SAO JOSE,Ausência de reação do condutor,Colisão lateral mesmo sentido,Com Vítimas Feridas,Pleno dia,Crescente,Nublado,Simples,Reta,Não,4,0,2,0,1,1,2,4,-27.6167305,-48.6457265,SPRF-SC,DEL01-SC,UOP01-DEL01-SC,2024