id,data_inversa,dia_semana,horario,uf,br,km,municipio,causa_acidente,tipo_acidente,classificacao_acidente,fase_dia,sentido_via,condicao_metereologica,tipo_pista,tracado_via,uso_solo,pessoas,mortos,feridos_leves,feridos_graves,ilesos,ignorados,feridos,veiculos,latitude,longitude,regional,delegacia,uop,ano_arquivo
"579601,0",2024-02-07,quarta-feira,16:30:00,SC,282,"208,2",SAO JOSE,Reação tardia ou ineficiente do condutor,Colisão traseira,Com Vítimas Feridas,Pleno dia,Decrescente,Céu Claro,Múltipla,Reta,Sim,2,0,1,0,1,0,1,2,-27.60483417,-48.63356709,SPRF-SC,DEL05-SC,UOP01-DEL05-SC,2024
"579607,0",2024-02-07,quarta-feira,15:40:00,SC,470,"245,9",CURITIBANOS,Conversão proibida,Colisão lateral mesmo sentido,Com Vítimas Feridas,Pleno dia,Decrescente,Sol,Simples,Reta,Sim,2,0,1,0,1,0,1,2,-27.31513949,-50.5462718,SPRF-SC,DEL05-SC,UOP03-DEL05-SC,2024
"579625,0",2024-02-07,quarta-feira,16:50:00,SC,470,"45,0",GASPAR,Ausência de reação do condutor,Colisão lateral mesmo sentido,Com Vítimas Feridas,Pleno dia,Crescente,Céu Claro,Simples,Reta;Em Obras,Sim,2,0,1,0,1,0,1,2,-26.867064,-49.031109,SPRF-SC,DEL04-SC,UOP01-DEL04-SC,2024
"579627,0",2024-02-07,quarta-feira,18:00:00,SC,101,"215,7",PALHOCA,Reação tardia ou ineficiente do condutor,Tombamento,Com Vítimas Feridas,Anoitecer,Crescente,Céu Claro,Múltipla,Reta;Declive,Sim,1,0,0,1,0,0,1,1,-27.65184843,-48.67604941,SPRF-SC,DEL01-SC,UOP02-DEL01-SC,2024
"579629,0",2024-02-07,quarta-feira,16:40:00,SC,101,"134,3",BALNEARIO CAMBORIU,Acessar a via sem observar a presença dos outros veículos,Colisão transversal,Com Vítimas Feridas,Pleno dia,Decrescente,Céu Claro,Dupla,Reta,Sim,2,0,1,0,1,0,1,2,-27.00218,-48.636433,SPRF-SC,DEL04-SC,UOP03-DEL04-SC,2024
"579656,0",2024-02-07,quarta-feira,19:30:00,SC,101,"205,6",SAO JOSE,Trafegar com motocicleta (ou similar) entre as faixas,Colisão lateral mesmo sentido,Com Vítimas Feridas,Plena Noite,Crescente,Céu Claro,Múltipla,Reta,Sim,2,0,1,0,1,0,1,2,-27.59193546,-48.61824557,SPRF-SC,DEL01-SC,UOP01-DEL01-SC,2024
"579658,0",2024-02-07,quarta-feira,18:10:00,SC,101,"317,0",PESCARIA BRAVA,Acessar a via sem observar a presença dos outros veículos,Atropelamento de Pedestre,Com Vítimas Feridas,Anoitecer,Decrescente,Nublado,Dupla,Curva,Sim,2,0,0,1,1,0,1,2,-28.42708421,-48.85211624,SPRF-SC,DEL02-SC,UOP01-DEL02-SC,2024
"579673,0",2024-02-07,quarta-feira,20:20:00,SC,101,"128,0",ITAJAI,Reação tardia ou ineficiente do condutor,Colisão traseira,Com Vítimas Feridas,Plena Noite,Decrescente,Nublado,Dupla,Reta,Não,3,0,1,0,2,0,1,2,-26.97284292,-48.68299451,SPRF-SC,DEL04-SC,UOP04-DEL04-SC,2024
"579680,0",2024-02-07,quarta-feira,20:20:00,SC,282,"225,9",LAGES,Demais falhas mecânicas ou elétricas,Saída de leito carroçável,Com Vítimas Feridas,Plena Noite,Crescente,Nublado,Simples,Reta,Não,1,0,1,0,0,0,1,1,-27.794176,-50.379559,SPRF-SC,DEL05-SC,UOP02-DEL05-SC,2024
"579683,0",2024-02-07,quarta-feira,21:10:00,SC,101,"106,6",PENHA,Condutor deixou de manter distância do veículo da frente,Colisão traseira,Com Vítimas Feridas,Plena Noite,Crescente,Nublado,Múltipla,Reta,Não,3,0,2,0,1,0,2,2,-26.81031601,-48.68293896,SPRF-SC,DEL03-SC,UOP02-DEL03-SC,2024
"579684,0",2024-02-07,quarta-feira,22:30:00,SC,280,"129,0",RIO NEGRINHO,Transitar na contramão,Colisão frontal,Com Vítimas Feridas,Plena Noite,Crescente,Céu Claro,Simples,Reta,Não,6,0,1,0,5,0,1,2,-26.24586437,-49.52284615,SPRF-SC,DEL06-SC,UOP03-DEL06-SC,2024
"579729,0",2024-02-08,quinta-feira,08:15:00,SC,101,"201,0",SAO JOSE,Reação tardia ou ineficiente do condutor,Tombamento,Com Vítimas Feridas,Pleno dia,Crescente,Céu Claro,Múltipla,Reta,Sim,1,0,1,0,0,0,1,1,-27.54836599,-48.61977975,SPRF-SC,DEL01-SC,UOP01-DEL01-SC,2024
"579736,0",2024-02-08,quinta-feira,04:10:00,SC,470,"348,9",CAMPOS NOVOS,Condutor Dormindo,Saída de leito carroçável,Com Vítimas Feridas,Amanhecer,Decrescente,Céu Claro,Simples,Reta;Aclive,Não,2,0,2,0,0,0,2,1,-27.549749,-51.453571,SPRF-SC,DEL07-SC,UOP06-DEL07-SC,2024
"579748,0",2024-02-08,quinta-feira,08:10:00,SC,116,"246,0",LAGES,Conversão proibida,Colisão transversal,Com Vítimas Feridas,Pleno dia,Decrescente,Céu Claro,Simples,Reta,Sim,2,0,1,0,1,0,1,2,-27.80419942,-50.36509464,SPRF-SC,DEL05-SC,UOP02-DEL05-SC,2024
"579764,0",2024-02-08,quinta-feira,10:30:00,SC,101,"150,0",ITAPEMA,Condutor deixou de manter distância do veículo da frente,Colisão traseira,Com Vítimas Feridas,Pleno dia,Crescente,Céu Claro,Dupla,Reta,Sim,4,0,2,1,1,0,3,2,-27.11744799,-48.60940987,SPRF-SC,DEL04-SC,UOP03-DEL04-SC,2024
"579777,0",2024-02-08,quinta-feira,12:00:00,SC,101,"127,3",ITAJAI,Manobra de mudança de faixa,Colisão traseira,Com Vítimas Feridas,Pleno dia,Crescente,Céu Claro,Dupla,Reta,Não,2,0,1,0,1,0,1,2,-26.9639319,-48.68328024,SPRF-SC,DEL04-SC,UOP04-DEL04-SC,2024
"579797,0",2024-02-08,quinta-feira,14:35:00,SC,470,"55,3",BLUMENAU,Reação tardia ou ineficiente do condutor,Colisão transversal,Com Vítimas Feridas,Pleno dia,Decrescente,Céu Claro,Simples,Reta,Sim,2,0,1,0,1,0,1,2,-26.8764249,-49.1226012,SPRF-SC,DEL04-SC,UOP01-DEL04-SC,2024
"579817,0",2024-02-08,quinta-feira,15:30:00,SC,470,"61,9",BLUMENAU,Reação tardia ou ineficiente do condutor,Tombamento,Com Vítimas Feridas,Pleno dia,Crescente,Céu Claro,Simples,Curva,Sim,1,0,1,0,0,0,1,1,-26.878952,-49.17421,SPRF-SC,DEL04-SC,UOP01-DEL04-SC,2024
"579839,0",2024-02-08,quinta-feira,17:15:00,SC,101,"195,3",BIGUACU,Reação tardia ou ineficiente do condutor,Queda de ocupante de veículo,Com Vítimas Feridas,Pleno dia,Crescente,Céu Claro,Múltipla,Reta,Sim,2,0,1,0,1,0,1,1,-27.5047092,-48.65010819,SPRF-SC,DEL01-SC,UOP01-DEL01-SC,2024
"579846,0",2024-02-08,quinta-feira,17:15:00,SC,470,"153,6",AGRONOMICA,Acessar a via sem observar a presença dos outros veículos,Colisão transversal,Com Vítimas Feridas,Pleno dia,Decrescente,Nublado,Simples,Reta,Não,2,0,1,0,1,0,1,2,-27.27539513,-49.74316478,SPRF-SC,DEL04-SC,UOP02-DEL04-SC,2024
"579856,0",2024-02-08,quinta-feira,18:00:00,SC,101,"331,0",TUBARAO,Acessar a via sem observar a presença dos outros veículos,Colisão transversal,Com Vítimas Feridas,Pleno dia,Decrescente,Céu Claro,Simples,Reta,Sim,2,0,1,0,1,0,1,2,-28.45567521,-48.9812689,SPRF-SC,DEL02-SC,UOP01-DEL02-SC,2024
"579860,0",2024-02-08,quinta-feira,19:30:00,SC,101,"166,0",TIJUCAS,Demais falhas mecânicas ou elétricas,Incêndio,Sem Vítimas,Plena Noite,Crescente,Céu Claro,Dupla,Reta,Não,1,0,0,0,1,0,0,1,-27.26147697,-48.63180349,SPRF-SC,DEL04-SC,UOP03-DEL04-SC,2024
"579861,0",2024-02-08,quinta-feira,19:35:00,SC,101,"157,0",PORTO BELO,Ausência de reação do condutor,Colisão lateral mesmo sentido,Com Vítimas Feridas,Plena Noite,Decrescente,Céu Claro,Dupla,Reta,Sim,2,0,1,0,1,0,1,2,-27.181625,-48.6121179,SPRF-SC,DEL04-SC,UOP03-DEL04-SC,2024
"579864,0",2024-02-08,quinta-feira,20:00:00,SC,101,"211,0",PALHOCA,Demais falhas mecânicas ou elétricas,Incêndio,Sem Vítimas,Plena Noite,Crescente,Nublado,Múltipla,Reta,Não,1,0,0,0,0,1,0,1,-27.62329313,-48.65245588,SPRF-SC,DEL01-SC,UOP02-DEL01-SC,2024
"579881,0",2024-02-08,quinta-feira,20:55:00,SC,280,"127,0",RIO NEGRINHO,Acessar a via sem observar a presença dos outros veículos,Colisão transversal,Com Vítimas Feridas,Plena Noite,Decrescente,Céu Claro,Simples,Interseção de Vias,Sim,2,0,1,0,1,0,1,2,-26.23943953,-49.50420708,SPRF-SC,DEL06-SC,UOP03-DEL06-SC,2024
"579887,0",2024-02-08,quinta-feira,21:30:00,SC,116,"212,0",PONTE ALTA,Ausência de reação do condutor,Colisão frontal,Com Vítimas Feridas,Plena Noite,Decrescente,Chuva,Simples,Curva,Não,3,0,0,1,2,0,1,2,-27.51778688,-50.36501884,SPRF-SC,DEL05-SC,UOP03-DEL05-SC,2024
"579898,0",2024-02-09,sexta-feira,00:20:00,SC,101,"217,0",PALHOCA,Demais falhas mecânicas ou elétricas,Tombamento,Com Vítimas Feridas,Plena Noite,Crescente,Garoa/Chuvisco,Dupla,Reta,Não,2,0,1,0,1,0,1,1,-27.66779034,-48.67393586,SPRF-SC,DEL01-SC,UOP02-DEL01-SC,2024
"579901,0",2024-02-08,quinta-feira,23:50:00,SC,116,"84,4",MONTE CASTELO,Chuva,Colisão com objeto,Sem Vítimas,Plena Noite,Decrescente,Garoa/Chuvisco,Simples,Declive;Reta,Não,1,0,0,0,0,1,0,1,-26.59235699,-50.22426607,SPRF-SC,DEL06-SC,UOP02-DEL06-SC,2024
"579902,0",2024-02-09,sexta-feira,00:30:00,SC,101,"327,0",CAPIVARI DE BAIXO,Acumulo de areia ou detritos sobre o pavimento,Tombamento,Com Vítimas Feridas,Plena Noite,Decrescente,Céu Claro,Dupla,Rotatória;Interseção de Vias;Viaduto,Sim,2,0,2,0,0,0,2,1,-28.43023306,-48.95205197,SPRF-SC,DEL02-SC,UOP01-DEL02-SC,2024
"579930,0",2024-02-09,sexta-feira,07:15:00,SC,470,"71,6",INDAIAL,Manobra de mudança de faixa,Colisão transversal,Com Vítimas Feridas,Pleno dia,Crescente,Céu Claro,Dupla,Reta;Interseção de Vias,Sim,2,0,1,0,1,0,1,2,-26.90062766,-49.26780224,SPRF-SC,DEL04-SC,UOP01-DEL04-SC,2024
"579936,0",2024-02-09,sexta-feira,08:00:00,SC,280,"167,1",MAFRA,Acessar a via sem observar a presença dos outros veículos,Colisão transversal,Com Vítimas Feridas,Pleno dia,Decrescente,Céu Claro,Simples,Interseção de Vias,Sim,3,0,1,0,2,0,1,2,-26.16857105,-49.81820938,SPRF-SC,DEL06-SC,UOP01-DEL06-SC,2024
"579939,0",2024-02-09,sexta-feira,08:05:00,SC,101,"190,0",BIGUACU,Reação tardia ou ineficiente do condutor,Colisão com objeto,Sem Vítimas,Pleno dia,Decrescente,Céu Claro,Dupla,Reta,Não,4,0,0,0,4,0,0,1,-27.468056,-48.641712,SPRF-SC,DEL01-SC,UOP01-DEL01-SC,2024
"579961,0",2024-02-09,sexta-feira,06:15:00,SC,282,"155,0",BOM RETIRO,Reação tardia ou ineficiente do condutor,Saída de leito carroçável,Com Vítimas Feridas,Pleno dia,Decrescente,Nublado,Simples,Curva;Declive,Não,4,0,3,0,1,0,3,1,-27.75168,-49.707371,SPRF-SC,DEL05-SC,UOP01-DEL05-SC,2024
"579974,0",2024-02-09,sexta-feira,09:40:00,SC,116,"140,9",SANTA CECILIA,Transitar na contramão,Colisão frontal,Com Vítimas Feridas,Pleno dia,Crescente,Céu Claro,Simples,Reta;Interseção de Vias;Aclive,Não,2,0,2,0,0,0,2,2,-26.97108542,-50.40570259,SPRF-SC,DEL06-SC,UOP02-DEL06-SC,2024
"579978,0",2024-02-09,sexta-feira,11:15:00,SC,101,"189,9",BIGUACU,Avarias e/ou desgaste excessivo no pneu,Tombamento,Com Vítimas Feridas,Pleno dia,Crescente,Sol,Dupla,Reta,Sim,2,0,2,0,0,0,2,1,-27.459393,-48.638914,SPRF-SC,DEL01-SC,UOP01-DEL01-SC,2024
"579979,0",2024-02-09,sexta-feira,11:00:00,SC,101,"94,0",BARRA VELHA,Ausência de reação do condutor,Colisão traseira,Com Vítimas Feridas,Pleno dia,Crescente,Sol,Dupla,Aclive;Reta,Não,2,0,1,1,0,0,2,2,-26.70892842,-48.70234966,SPRF-SC,DEL03-SC,UOP02-DEL03-SC,2024
"579986,0",2024-02-09,sexta-feira,11:55:00,SC,101,"100,4",BALNEARIO PICARRAS,Conversão proibida,Colisão transversal,Com Vítimas Feridas,Pleno dia,Crescente,Céu Claro,Simples,Reta,Não,3,0,1,0,2,0,1,2,-26.762377,-48.686866,SPRF-SC,DEL03-SC,UOP02-DEL03-SC,2024
"579989,0",2024-02-09,sexta-feira,12:35:00,SC,101,"137,2",BALNEARIO CAMBORIU,Ingestão de álcool pelo condutor,Colisão transversal,Com Vítimas Feridas,Pleno dia,Crescente,Sol,Múltipla,Reta,Sim,2,0,2,0,0,0,2,2,-27.0157238,-48.61192763,SPRF-SC,DEL04-SC,UOP03-DEL04-SC,2024
"580014,0",2024-02-09,sexta-feira,14:00:00,SC,101,"201,0",SAO JOSE,Manobra de mudança de faixa,Colisão lateral mesmo sentido,Com Vítimas Feridas,Pleno dia,Crescente,Céu Claro,Simples,Reta,Sim,2,0,1,0,0,1,1,2,-27.54836599,-48.61977975,SPRF-SC,DEL01-SC,UOP01-DEL01-SC,2024
"580016,0",2024-02-09,sexta-feira,14:35:00,SC,101,"38,0",JOINVILLE,Manobra de mudança de faixa,Colisão lateral mesmo sentido,Com Vítimas Feridas,Pleno dia,Crescente,Céu Claro,Dupla,Rotatória;Viaduto,Sim,2,0,1,0,1,0,1,2,-26.25670385,-48.90572548,SPRF-SC,DEL03-SC,UOP01-DEL03-SC,2024
"580034,0",2024-02-09,sexta-feira,14:15:00,SC,116,"4,2",MAFRA,Manobra de mudança de faixa,Colisão lateral mesmo sentido,Com Vítimas Feridas,Pleno dia,Decrescente,Céu Claro,Simples,Aclive;Reta,Sim,4,0,1,0,3,0,1,3,-26.13554917,-49.8072652,SPRF-SC,DEL06-SC,UOP01-DEL06-SC,2024
"580057,0",2024-02-09,sexta-feira,17:20:00,SC,101,"107,9",PENHA,Ausência de reação do condutor,Colisão traseira,Com Vítimas Feridas,Pleno dia,Crescente,Nublado,Múltipla,Declive,Não,2,0,1,0,1,0,1,2,-26.81930608,-48.68390282,SPRF-SC,DEL03-SC,UOP02-DEL03-SC,2024
"580061,0",2024-02-09,sexta-feira,16:45:00,SC,153,"99,8",CONCORDIA,Acessar a via sem observar a presença dos outros veículos,Colisão transversal,Com Vítimas Feridas,Pleno dia,Crescente,Céu Claro,Simples,Reta,Sim,3,0,1,0,2,0,1,2,-27.235508,-51.951069,SPRF-SC,DEL07-SC,UOP04-DEL07-SC,2024
"580062,0",2024-02-09,sexta-feira,17:45:00,SC,470,"3,0",NAVEGANTES,Conversão proibida,Colisão transversal,Com Vítimas Feridas,Anoitecer,Crescente,Céu Claro,Simples,Reta;Em Obras,Não,2,0,0,1,1,0,1,2,-26.868551,-48.674831,SPRF-SC,DEL04-SC,UOP04-DEL04-SC,2024
"580064,0",2024-02-09,sexta-feira,18:10:00,SC,101,"143,5",ITAPEMA,Trafegar com motocicleta (ou similar) entre as faixas,Colisão lateral mesmo sentido,Com Vítimas Feridas,Anoitecer,Decrescente,Nublado,Dupla,Reta,Sim,3,0,1,0,2,0,1,3,-27.06436,-48.59599405,SPRF-SC,DEL04-SC,UOP03-DEL04-SC,2024
"580068,0",2024-02-09,sexta-feira,18:00:00,SC,280,"69,9",JARAGUA DO SUL,Acessar a via sem observar a presença dos outros veículos,Colisão lateral mesmo sentido,Com Vítimas Feridas,Pleno dia,Crescente,Céu Claro,Simples,Reta,Sim,2,0,1,0,1,0,1,2,-26.46803296,-49.11833097,SPRF-SC,DEL03-SC,UOP03-DEL03-SC,2024
"580069,0",2024-02-09,sexta-feira,12:35:00,SC,280,"306,3",PORTO UNIAO,Trafegar com motocicleta (ou similar) entre as faixas,Colisão lateral mesmo sentido,Com Vítimas Feridas,Pleno dia,Decrescente,Céu Claro,Simples,Reta,Sim,2,0,1,0,1,0,1,2,-26.25143864,-51.085456,SPRF-SC,DEL06-SC,UOP04-DEL06-SC,2024
"580080,0",2024-02-09,sexta-feira,18:30:00,SC,282,"2,0",FLORIANOPOLIS,Reação tardia ou ineficiente do condutor,Colisão lateral mesmo sentido,Com Vítimas Feridas,Plena Noite,Crescente,Céu Claro,Múltipla,Reta,Sim,2,0,1,0,1,0,1,2,-27.603289,-48.590416,SPRF-SC,DEL01-SC,UOP01-DEL01-SC,2024
"580097,0",2024-02-09,sexta-feira,20:30:00,SC,282,"339,0",CAMPOS NOVOS,Velocidade Incompatível,Colisão com objeto,Com Vítimas Feridas,Plena Noite,Decrescente,Céu Claro,Simples,Curva,Não,1,0,1,0,0,0,1,1,-27.392731,-51.195118,SPRF-SC,DEL07-SC,UOP06-DEL07-SC,2024
"580101,0",2024-02-09,sexta-feira,15:00:00,SC,282,"394,0",JOACABA,Pista Escorregadia,Queda de ocupante de veículo,Com Vítimas Feridas,Pleno dia,Crescente,Sol,Simples,Curva,Não,1,0,1,0,0,0,1,1,-27.16017,-51.58284,SPRF-SC,DEL07-SC,UOP05-DEL07-SC,2024
"580132,0",2024-02-09,sexta-feira,22:40:00,SC,101,"209,5",SAO JOSE,Trafegar com motocicleta (ou similar) entre as faixas,Colisão lateral mesmo sentido,Com Vítimas Feridas,Plena Noite,Crescente,Garoa/Chuvisco,Simples,Interseção de Vias,Sim,2,0,1,0,0,1,1,2,-27.61000542,-48.63895057,SPRF-SC,DEL01-SC,UOP01-DEL01-SC,2024
"580133,0",2024-02-09,sexta-feira,22:40:00,SC,101,"325,0",CAPIVARI DE BAIXO,Avarias e/ou desgaste excessivo no pneu,Tombamento,Com Vítimas Feridas,Plena Noite,Decrescente,Céu Claro,Dupla,Reta,Não,2,0,2,0,0,0,2,1,-28.42516271,-48.93259193,SPRF-SC,DEL02-SC,UOP01-DEL02-SC,2024
"580148,0",2024-02-10,sábado,01:50:00,SC,101,"212,0",PALHOCA,Pedestre cruzava a pista fora da faixa,Atropelamento de Pedestre,Sem Vítimas,Plena Noite,Decrescente,Céu Claro,Dupla,Reta,Sim,2,0,0,0,1,1,0,2,-27.62996929,-48.65903871,SPRF-SC,DEL01-SC,UOP02-DEL01-SC,2024
"580185,0",2024-02-10,sábado,05:35:00,SC,282,"578,2",PINHALZINHO,Transitar na contramão,Colisão lateral sentido oposto,Com Vítimas Feridas,Amanhecer,Crescente,Céu Claro,Simples,Curva,Sim,1,0,1,0,0,0,1,1,-26.838364,-52.985279,SPRF-SC,DEL07-SC,UOP02-DEL07-SC,2024
"580189,0",2024-02-10,sábado,01:50:00,SC,470,"61,3",BLUMENAU,Reação tardia ou ineficiente do condutor,Saída de leito carroçável,Sem Vítimas,Plena Noite,Crescente,Céu Claro,Simples,Curva,Não,1,0,0,0,0,1,0,1,-26.878952,-49.17421,SPRF-SC,DEL04-SC,UOP01-DEL04-SC,2024
"580193,0",2024-02-10,sábado,06:30:00,SC,101,"407,3",ARARANGUA,Acessar a via sem observar a presença dos outros veículos,Colisão lateral mesmo sentido,Sem Vítimas,Pleno dia,Decrescente,Céu Claro,Múltipla,Interseção de Vias;Reta,Não,2,0,0,0,0,2,0,2,-28.9173,-49.488151,SPRF-SC,DEL02-SC,UOP02-DEL02-SC,2024
"580217,0",2024-02-10,sábado,08:20:00,SC,280,"26,0",ARAQUARI,Acessar a via sem observar a presença dos outros veículos,Colisão transversal,Sem Vítimas,Pleno dia,Crescente,Céu Claro,Simples,Reta,Sim,3,0,0,0,3,0,0,2,-26.38972308,-48.73411593,SPRF-SC,DEL03-SC,UOP03-DEL03-SC,2024
"580224,0",2024-02-10,sábado,09:10:00,SC,282,"20,0",PALHOCA,Velocidade Incompatível,Queda de ocupante de veículo,Com Vítimas Feridas,Pleno dia,Crescente,Sol,Simples,Reta;Declive,Não,1,0,1,0,0,0,1,1,-27.68503868,-48.71166229,SPRF-SC,DEL01-SC,UOP02-DEL01-SC,2024
"580239,0",2024-02-10,sábado,11:34:00,SC,101,"203,5",SAO JOSE,Reação tardia ou ineficiente do condutor,Colisão traseira,Com Vítimas Feridas,Pleno dia,Decrescente,Sol,Múltipla,Reta,Sim,2,0,1,0,1,0,1,2,-27.5650044,-48.61460082,SPRF-SC,DEL01-SC,UOP01-DEL01-SC,2024
"580254,0",2024-02-10,sábado,10:00:00,SC,282,"234,0",LAGES,Demais falhas mecânicas ou elétricas,Saída de leito carroçável,Com Vítimas Feridas,Pleno dia,Crescente,Nublado,Simples,Reta,Não,5,0,4,0,1,0,4,1,-27.78341816,-50.46284437,SPRF-SC,DEL05-SC,UOP02-DEL05-SC,2024
"580268,0",2024-02-10,sábado,11:05:00,SC,116,"228,5",CORREIA PINTO,Acessar a via sem observar a presença dos outros veículos,Colisão transversal,Com Vítimas Fatais,Pleno dia,Crescente,Céu Claro,Simples,Reta,Não,46,1,0,2,43,0,2,2,-27.655347,-50.33649095,SPRF-SC,DEL05-SC,UOP03-DEL05-SC,2024
"580280,0",2024-02-10,sábado,13:50:00,SC,101,"315,0",LAGUNA,Avarias e/ou desgaste excessivo no pneu,Tombamento,Com Vítimas Feridas,Pleno dia,Crescente,Céu Claro,Múltipla,Reta,Não,2,0,2,0,0,0,2,1,-28.427928,-48.851248,SPRF-SC,DEL02-SC,UOP01-DEL02-SC,2024
"580281,0",2024-02-10,sábado,14:20:00,SC,101,"211,1",PALHOCA,Ausência de reação do condutor,Colisão lateral mesmo sentido,Com Vítimas Feridas,Pleno dia,Decrescente,Céu Claro,Múltipla,Aclive,Sim,3,0,2,0,1,0,2,2,-27.62329313,-48.65245588,SPRF-SC,DEL01-SC,UOP02-DEL01-SC,2024
"580283,0",2024-02-10,sábado,14:10:00,SC,101,"102,3",BALNEARIO PICARRAS,Reação tardia ou ineficiente do condutor,Colisão traseira,Com Vítimas Feridas,Pleno dia,Decrescente,Céu Claro,Dupla,Reta;Declive,Sim,2,0,2,0,0,0,2,2,-26.77383397,-48.68594062,SPRF-SC,DEL03-SC,UOP02-DEL03-SC,2024
"580300,0",2024-02-10,sábado,13:15:00,SC,101,"218,0",PALHOCA,Velocidade Incompatível,Saída de leito carroçável,Com Vítimas Feridas,Pleno dia,Decrescente,Sol,Múltipla,Reta,Sim,1,0,1,0,0,0,1,1,-27.6758601,-48.67052525,SPRF-SC,DEL01-SC,UOP02-DEL01-SC,2024
"580309,0",2024-02-10,sábado,15:00:00,SC,101,"89,0",BARRA VELHA,Condutor Dormindo,Capotamento,Com Vítimas Feridas,Pleno dia,Decrescente,Céu Claro,Múltipla,Reta,Não,2,0,2,0,0,0,2,1,-26.65175997,-48.68721921,SPRF-SC,DEL03-SC,UOP02-DEL03-SC,2024
"580336,0",2024-02-10,sábado,18:00:00,SC,101,"330,3",TUBARAO,Avarias e/ou desgaste excessivo no pneu,Tombamento,Com Vítimas Feridas,Pleno dia,Decrescente,Céu Claro,Múltipla,Reta,Não,2,0,2,0,0,0,2,1,-28.45115639,-48.97286879,SPRF-SC,DEL02-SC,UOP01-DEL02-SC,2024
"580346,0",2024-02-10,sábado,17:25:00,SC,282,"527,9",CORDILHEIRA ALTA,Reação tardia ou ineficiente do condutor,Tombamento,Com Vítimas Feridas,Pleno dia,Decrescente,Nublado,Simples,Curva,Não,2,0,0,2,0,0,2,1,-26.977688,-52.588146,SPRF-SC,DEL07-SC,UOP01-DEL07-SC,2024
"580354,0",2024-02-10,sábado,18:20:00,SC,470,"277,0",BRUNOPOLIS,Ingestão de álcool pelo condutor,Colisão lateral mesmo sentido,Com Vítimas Feridas,Pleno dia,Decrescente,Céu Claro,Simples,Rotatória,Não,2,0,1,0,1,0,1,2,-27.328163,-50.834103,SPRF-SC,DEL07-SC,UOP06-DEL07-SC,2024
"580355,0",2024-02-09,sexta-feira,20:30:00,SC,470,"60,0",BLUMENAU,Ingestão de álcool pelo condutor,Colisão com objeto,Sem Vítimas,Plena Noite,Decrescente,Ignorado,Simples,Reta,Sim,2,0,0,0,0,2,0,2,-26.88138,-49.164543,SPRF-SC,DEL04-SC,UOP01-DEL04-SC,2024
"580360,0",2024-02-10,sábado,19:02:00,SC,282,"22,5",SANTO AMARO DA IMPERATRIZ,Trafegar com motocicleta (ou similar) entre as faixas,Colisão frontal,Com Vítimas Feridas,Anoitecer,Crescente,Nublado,Simples,Curva,Sim,3,0,0,3,0,0,3,2,-27.688507,-48.72739,SPRF-SC,DEL01-SC,UOP02-DEL01-SC,2024
"580364,0",2024-02-10,sábado,17:45:00,SC,470,"60,2",BLUMENAU,Transitar no Acostamento,Colisão frontal,Com Vítimas Feridas,Pleno dia,Decrescente,Nublado,Simples,Reta;Em Obras,Sim,2,0,2,0,0,0,2,2,-26.88138,-49.164543,SPRF-SC,DEL04-SC,UOP01-DEL04-SC,2024
"580368,0",2024-02-10,sábado,21:00:00,SC,101,"218,0",PALHOCA,Ausência de reação do condutor,Saída de leito carroçável,Sem Vítimas,Plena Noite,Decrescente,Céu Claro,Dupla,Reta,Sim,1,0,0,0,0,1,0,1,-27.6758601,-48.67052525,SPRF-SC,DEL01-SC,UOP02-DEL01-SC,2024
"580377,0",2024-02-10,sábado,17:20:00,SC,101,"161,5",TIJUCAS,Pista esburacada,Colisão com objeto,Com Vítimas Feridas,Pleno dia,Decrescente,Céu Claro,Múltipla,Reta,Não,2,0,2,0,0,0,2,2,-27.21673911,-48.6244238,SPRF-SC,DEL04-SC,UOP03-DEL04-SC,2024
"580383,0",2024-02-10,sábado,22:00:00,SC,101,"179,7",BIGUACU,Desrespeitar a preferência no cruzamento,Colisão transversal,Com Vítimas Feridas,Plena Noite,Decrescente,Nublado,Múltipla,Viaduto,Sim,2,0,1,0,1,0,1,2,-27.37281717,-48.63322708,SPRF-SC,DEL01-SC,UOP01-DEL01-SC,2024
"580391,0",2024-02-10,sábado,22:20:00,SC,282,"52,0",AGUAS MORNAS,Ausência de reação do condutor,Saída de leito carroçável,Com Vítimas Feridas,Plena Noite,Crescente,Nublado,Simples,Curva,Não,1,0,1,0,0,0,1,1,-27.708536,-48.952251,SPRF-SC,DEL01-SC,UOP03-DEL01-SC,2024
"580397,0",2024-02-10,sábado,23:00:00,SC,101,"214,0",PALHOCA,Manobra de mudança de faixa,Colisão lateral mesmo sentido,Com Vítimas Feridas,Plena Noite,Decrescente,Céu Claro,Múltipla,Interseção de Vias;Reta,Sim,2,0,1,0,1,0,1,2,-27.64443,-48.67057,SPRF-SC,DEL01-SC,UOP02-DEL01-SC,2024
"580400,0",2024-02-10,sábado,23:27:00,SC,470,"73,8",INDAIAL,Ausência de reação do condutor,Colisão frontal,Com Vítimas Fatais,Plena Noite,Decrescente,Céu Claro,Simples,Reta;Em Obras,Não,3,1,0,0,2,0,0,2,-26.9155504,-49.2805602,SPRF-SC,DEL04-SC,UOP01-DEL04-SC,2024