id,data_inversa,dia_semana,horario,uf,br,km,municipio,causa_acidente,tipo_acidente,classificacao_acidente,fase_dia,sentido_via,condicao_metereologica,tipo_pista,tracado_via,uso_solo,pessoas,mortos,feridos_leves,feridos_graves,ilesos,ignorados,feridos,veiculos,latitude,longitude,regional,delegacia,uop,ano_arquivo
"580408,0",2024-02-10,sábado,23:20:00,SC,101,"2,2",GARUVA,Velocidade Incompatível,Saída de leito carroçável,Sem Vítimas,Plena Noite,Crescente,Céu Claro,Dupla,Curva,Sim,1,0,0,0,1,0,0,1,-25.99841781,-48.87825966,SPRF-SC,DEL03-SC,UOP01-DEL03-SC,2024
"580409,0",2024-02-10,sábado,20:30:00,SC,470,"274,0",BRUNOPOLIS,Condutor deixou de manter distância do veículo da frente,Colisão traseira,Sem Vítimas,Plena Noite,Decrescente,Céu Claro,Simples,Reta,Não,2,0,0,0,1,1,0,2,-27.328598,-50.803162,SPRF-SC,DEL07-SC,UOP06-DEL07-SC,2024
"580411,0",2024-02-10,sábado,22:50:00,SC,470,"223,0",SAO CRISTOVAO DO SUL,Ingestão de álcool pelo condutor,Saída de leito carroçável,Com Vítimas Feridas,Plena Noite,Crescente,Céu Claro,Simples,Declive;Curva,Não,5,0,4,1,0,0,5,1,-27.319908,-50.336388,SPRF-SC,DEL05-SC,UOP03-DEL05-SC,2024
"580429,0",2024-02-11,domingo,03:50:00,SC,470,"54,5",BLUMENAU,Ausência de reação do condutor,Saída de leito carroçável,Com Vítimas Feridas,Plena Noite,Crescente,Céu Claro,Simples,Reta;Em Obras;Rotatória;Retorno Regulamentado,Sim,2,0,1,1,0,0,2,1,-26.871065,-49.110374,SPRF-SC,DEL04-SC,UOP01-DEL04-SC,2024
"580430,0",2024-02-11,domingo,04:10:00,SC,101,"330,5",TUBARAO,Ingestão de álcool pelo condutor,Saída de leito carroçável,Sem Vítimas,Plena Noite,Decrescente,Céu Claro,Simples,Reta,Não,1,0,0,0,0,1,0,1,-28.45961502,-48.98842871,SPRF-SC,DEL02-SC,UOP01-DEL02-SC,2024
"580435,0",2024-02-11,domingo,04:10:00,SC,101,"100,0",BALNEARIO PICARRAS,Condutor Dormindo,Colisão com objeto,Com Vítimas Feridas,Plena Noite,Decrescente,Céu Claro,Múltipla,Reta,Não,1,0,1,0,0,0,1,1,-26.75482787,-48.68993675,SPRF-SC,DEL03-SC,UOP02-DEL03-SC,2024
"580444,0",2024-02-11,domingo,05:00:00,SC,470,"35,4",GASPAR,Ausência de reação do condutor,Colisão com objeto,Com Vítimas Feridas,Plena Noite,Decrescente,Céu Claro,Simples,Reta;Em Obras,Não,1,0,1,0,0,0,1,1,-26.91369929,-48.96299601,SPRF-SC,DEL04-SC,UOP01-DEL04-SC,2024
"580453,0",2024-02-11,domingo,06:05:00,SC,101,"330,5",TUBARAO,Ingestão de álcool pelo condutor,Colisão traseira,Com Vítimas Feridas,Amanhecer,Crescente,Céu Claro,Dupla,Reta,Sim,2,0,2,0,0,0,2,2,-28.45863126,-48.98796201,SPRF-SC,DEL02-SC,UOP01-DEL02-SC,2024
"580458,0",2024-02-11,domingo,01:40:00,SC,280,"141,0",RIO NEGRINHO,Reação tardia ou ineficiente do condutor,Saída de leito carroçável,Com Vítimas Feridas,Plena Noite,Crescente,Nublado,Simples,Reta,Não,2,0,1,1,0,0,2,1,-26.25591654,-49.62226321,SPRF-SC,DEL06-SC,UOP03-DEL06-SC,2024
"580491,0",2024-02-11,domingo,09:30:00,SC,101,"197,7",BIGUACU,Ausência de reação do condutor,Saída de leito carroçável,Sem Vítimas,Pleno dia,Decrescente,Céu Claro,Dupla,Reta,Sim,1,0,0,0,1,0,0,1,-27.51844497,-48.63848496,SPRF-SC,DEL01-SC,UOP01-DEL01-SC,2024
"580494,0",2024-02-11,domingo,09:00:00,SC,101,"138,5",BALNEARIO CAMBORIU,Reação tardia ou ineficiente do condutor,Colisão com objeto,Com Vítimas Feridas,Pleno dia,Decrescente,Céu Claro,Simples,Reta,Sim,3,0,1,1,1,0,2,2,-27.02397426,-48.60761649,SPRF-SC,DEL04-SC,UOP03-DEL04-SC,2024
"580503,0",2024-01-14,domingo,17:20:00,SC,280,"78,5",CORUPA,Acessar a via sem observar a presença dos outros veículos,Colisão lateral mesmo sentido,Com Vítimas Feridas,Pleno dia,Crescente,Céu Claro,Simples,Curva;Interseção de Vias,Não,3,0,0,2,1,0,2,2,-26.45019273,-49.1935729,SPRF-SC,DEL06-SC,UOP03-DEL06-SC,2024
"580526,0",2024-02-11,domingo,13:50:00,SC,153,"99,0",CONCORDIA,Acesso irregular,Colisão transversal,Sem Vítimas,Pleno dia,Decrescente,Céu Claro,Simples,Reta,Não,6,0,0,0,6,0,0,2,-27.235508,-51.951069,SPRF-SC,DEL07-SC,UOP04-DEL07-SC,2024
"580539,0",2024-02-11,domingo,14:50:00,SC,470,"31,1",GASPAR,Ingestão de álcool pelo condutor,Colisão lateral mesmo sentido,Com Vítimas Feridas,Pleno dia,Crescente,Céu Claro,Dupla,Reta,Não,4,0,3,0,1,0,3,2,-26.897331,-48.923069,SPRF-SC,DEL04-SC,UOP01-DEL04-SC,2024
"580549,0",2024-02-11,domingo,16:15:00,SC,282,"18,0",PALHOCA,Trafegar com motocicleta (ou similar) entre as faixas,Colisão lateral sentido oposto,Com Vítimas Feridas,Pleno dia,Crescente,Céu Claro,Simples,Em Obras;Curva,Sim,2,0,0,1,1,0,1,2,-27.672798,-48.694286,SPRF-SC,DEL01-SC,UOP02-DEL01-SC,2024
"580554,0",2024-02-11,domingo,14:25:00,SC,116,"74,0",MONTE CASTELO,Problema na suspensão,Colisão com objeto,Com Vítimas Feridas,Pleno dia,Decrescente,Céu Claro,Simples,Reta,Não,1,0,1,0,0,0,1,1,-26.50510886,-50.23328349,SPRF-SC,DEL06-SC,UOP02-DEL06-SC,2024
"580571,0",2024-02-11,domingo,15:25:00,SC,282,"354,5",CAMPOS NOVOS,Ingestão de álcool pelo condutor,Colisão frontal,Com Vítimas Feridas,Pleno dia,Crescente,Céu Claro,Simples,Declive;Reta,Não,3,0,1,0,1,1,1,2,-27.35796,-51.330452,SPRF-SC,DEL07-SC,UOP06-DEL07-SC,2024
"580589,0",2024-02-11,domingo,19:15:00,SC,470,"12,7",NAVEGANTES,Ausência de reação do condutor,Tombamento,Com Vítimas Feridas,Plena Noite,Decrescente,Nublado,Dupla,Reta;Declive,Não,2,0,0,2,0,0,2,1,-26.835169,-48.757267,SPRF-SC,DEL04-SC,UOP04-DEL04-SC,2024
"580598,0",2024-02-11,domingo,20:20:00,SC,101,"193,5",BIGUACU,Manobra de mudança de faixa,Queda de ocupante de veículo,Com Vítimas Feridas,Plena Noite,Decrescente,Nublado,Múltipla,Reta,Sim,2,0,1,0,0,1,1,2,-27.489574,-48.655914,SPRF-SC,DEL01-SC,UOP01-DEL01-SC,2024
"580608,0",2024-02-11,domingo,16:45:00,SC,101,"221,0",PALHOCA,Avarias e/ou desgaste excessivo no pneu,Queda de ocupante de veículo,Com Vítimas Feridas,Pleno dia,Decrescente,Céu Claro,Simples,Reta,Não,1,0,1,0,0,0,1,1,-27.70012652,-48.66021182,SPRF-SC,DEL01-SC,UOP02-DEL01-SC,2024
"580612,0",2024-02-11,domingo,19:50:00,SC,282,"668,0",SAO MIGUEL DO OESTE,Reação tardia ou ineficiente do condutor,Queda de ocupante de veículo,Com Vítimas Feridas,Plena Noite,Crescente,Céu Claro,Simples,Reta,Não,1,0,1,0,0,0,1,1,-26.641872,-53.625648,SPRF-SC,DEL07-SC,UOP03-DEL07-SC,2024
"580622,0",2024-02-11,domingo,21:15:00,SC,282,"264,3",SAO JOSE DO CERRITO,Animais na Pista,Atropelamento de Animal,Com Vítimas Feridas,Plena Noite,Decrescente,Céu Claro,Simples,Reta,Não,6,0,1,0,4,1,1,2,-27.627396,-50.623634,SPRF-SC,DEL05-SC,UOP02-DEL05-SC,2024
"580630,0",2024-02-11,domingo,19:00:00,SC,282,"547,0",CHAPECO,Ultrapassagem Indevida,Colisão frontal,Com Vítimas Feridas,Anoitecer,Decrescente,Céu Claro,Simples,Reta,Não,2,0,0,2,0,0,2,2,-26.973904,-52.745403,SPRF-SC,DEL07-SC,UOP01-DEL07-SC,2024
"580636,0",2024-02-11,domingo,22:30:00,SC,101,"65,0",ARAQUARI,Avarias e/ou desgaste excessivo no pneu,Colisão com objeto,Com Vítimas Feridas,Pleno dia,Crescente,Céu Claro,Dupla,Reta,Sim,3,0,1,0,2,0,1,2,-26.47135714,-48.74457217,SPRF-SC,DEL03-SC,UOP02-DEL03-SC,2024
"580637,0",2024-02-11,domingo,22:00:00,SC,101,"155,0",ITAPEMA,Avarias e/ou desgaste excessivo no pneu,Queda de ocupante de veículo,Com Vítimas Feridas,Plena Noite,Crescente,Céu Claro,Dupla,Reta,Não,2,0,2,0,0,0,2,1,-27.16292,-48.61129,SPRF-SC,DEL04-SC,UOP03-DEL04-SC,2024
"580645,0",2024-02-11,domingo,22:30:00,SC,101,"139,0",BALNEARIO CAMBORIU,Manobra de mudança de faixa,Colisão lateral mesmo sentido,Com Vítimas Feridas,Plena Noite,Crescente,Céu Claro,Dupla,Reta,Não,1,0,1,0,0,0,1,1,-27.03881189,-48.60025148,SPRF-SC,DEL04-SC,UOP03-DEL04-SC,2024
"580659,0",2024-02-12,segunda-feira,01:35:00,SC,101,"211,2",SAO JOSE,Reação tardia ou ineficiente do condutor,Tombamento,Com Vítimas Feridas,Plena Noite,Crescente,Céu Claro,Dupla,Interseção de Vias;Reta,Sim,2,0,1,0,1,0,1,2,-27.62329313,-48.65245588,SPRF-SC,DEL01-SC,UOP02-DEL01-SC,2024
"580662,0",2024-02-12,segunda-feira,02:40:00,SC,101,"215,0",PALHOCA,Condutor Dormindo,Colisão com objeto,Com Vítimas Feridas,Plena Noite,Decrescente,Céu Claro,Múltipla,Reta;Aclive,Sim,1,0,1,0,0,0,1,1,-27.65184843,-48.67604941,SPRF-SC,DEL01-SC,UOP02-DEL01-SC,2024
"580670,0",2024-02-12,segunda-feira,03:00:00,SC,101,"143,0",BALNEARIO CAMBORIU,Ausência de reação do condutor,Colisão traseira,Com Vítimas Feridas,Plena Noite,Crescente,Céu Claro,Dupla,Reta,Sim,3,0,0,1,2,0,1,2,-27.06436,-48.59599405,SPRF-SC,DEL04-SC,UOP03-DEL04-SC,2024
"580680,0",2024-02-12,segunda-feira,06:00:00,SC,101,"149,0",ITAPEMA,Reação tardia ou ineficiente do condutor,Tombamento,Com Vítimas Feridas,Pleno dia,Crescente,Sol,Múltipla,Curva,Não,1,0,1,0,0,0,1,1,-27.1089649,-48.61277586,SPRF-SC,DEL04-SC,UOP03-DEL04-SC,2024
"580693,0",2024-02-11,domingo,21:50:00,SC,470,"22,3",ILHOTA,Ausência de reação do condutor,Tombamento,Com Vítimas Feridas,Plena Noite,Crescente,Nublado,Dupla,Reta,Não,1,0,1,0,0,0,1,1,-26.880066,-48.836224,SPRF-SC,DEL04-SC,UOP04-DEL04-SC,2024
"580703,0",2024-02-12,segunda-feira,06:56:00,SC,163,"82,2",GUARACIABA,Acessar a via sem observar a presença dos outros veículos,Colisão transversal,Com Vítimas Feridas,Pleno dia,Decrescente,Céu Claro,Simples,Reta;Declive,Não,2,0,1,0,1,0,1,2,-26.6327579,-53.51856923,SPRF-SC,DEL07-SC,UOP03-DEL07-SC,2024
"580726,0",2024-02-12,segunda-feira,06:28:00,SC,101,"184,9",BIGUACU,Reação tardia ou ineficiente do condutor,Queda de ocupante de veículo,Com Vítimas Feridas,Pleno dia,Crescente,Céu Claro,Múltipla,Reta,Não,2,0,1,0,1,0,1,1,-27.41613807,-48.6266443,SPRF-SC,DEL01-SC,UOP01-DEL01-SC,2024
"580735,0",2024-02-12,segunda-feira,08:45:00,SC,282,"133,5",BOM RETIRO,Demais falhas mecânicas ou elétricas,Queda de ocupante de veículo,Com Vítimas Feridas,Pleno dia,Decrescente,Céu Claro,Simples,Reta,Não,2,0,2,0,0,0,2,1,-27.807491,-49.532272,SPRF-SC,DEL05-SC,UOP01-DEL05-SC,2024
"580756,0",2024-02-12,segunda-feira,11:30:00,SC,101,"323,0",PESCARIA BRAVA,Ausência de reação do condutor,Colisão traseira,Sem Vítimas,Pleno dia,Decrescente,Céu Claro,Múltipla,Reta,Não,4,0,0,0,3,1,0,2,-28.42789556,-48.91248313,SPRF-SC,DEL02-SC,UOP01-DEL02-SC,2024
"580760,0",2024-02-12,segunda-feira,11:40:00,SC,282,"304,0",VARGEM,Condutor Dormindo,Colisão frontal,Com Vítimas Feridas,Pleno dia,Crescente,Sol,Simples,Aclive;Reta,Não,2,0,2,0,0,0,2,2,-27.49730858,-50.93467712,SPRF-SC,DEL07-SC,UOP06-DEL07-SC,2024
"580764,0",2024-02-12,segunda-feira,14:00:00,SC,470,"151,0",AGRONOMICA,Ingestão de álcool pelo condutor,Colisão lateral sentido oposto,Sem Vítimas,Pleno dia,Decrescente,Céu Claro,Simples,Reta,Não,2,0,0,0,2,0,0,2,-27.26028504,-49.71904983,SPRF-SC,DEL04-SC,UOP02-DEL04-SC,2024
"580788,0",2024-02-12,segunda-feira,16:30:00,SC,101,"438,2",SOMBRIO,Demais falhas mecânicas ou elétricas,Saída de leito carroçável,Com Vítimas Feridas,Pleno dia,Decrescente,Céu Claro,Dupla,Reta,Sim,1,0,1,0,0,0,1,1,-29.12374811,-49.65150833,SPRF-SC,DEL02-SC,UOP02-DEL02-SC,2024
"580821,0",2024-02-12,segunda-feira,17:30:00,SC,282,"24,6",SANTO AMARO DA IMPERATRIZ,Desrespeitar a preferência no cruzamento,Colisão lateral sentido oposto,Com Vítimas Feridas,Pleno dia,Decrescente,Céu Claro,Múltipla,Interseção de Vias;Viaduto,Sim,4,0,1,0,3,0,1,2,-27.68268,-48.744614,SPRF-SC,DEL01-SC,UOP03-DEL01-SC,2024
"580823,0",2024-02-12,segunda-feira,17:50:00,SC,116,"53,7",PAPANDUVA,Ausência de reação do condutor,Colisão com objeto,Com Vítimas Feridas,Pleno dia,Decrescente,Céu Claro,Simples,Rotatória,Sim,1,0,1,0,0,0,1,1,-26.3932492,-50.15515026,SPRF-SC,DEL06-SC,UOP02-DEL06-SC,2024
"580832,0",2024-02-12,segunda-feira,21:00:00,SC,101,"415,5",ARARANGUA,Manobra de mudança de faixa,Colisão transversal,Com Vítimas Feridas,Plena Noite,Decrescente,Céu Claro,Múltipla,Reta;Interseção de Vias,Sim,2,0,1,0,1,0,1,2,-28.96040535,-49.51653267,SPRF-SC,DEL02-SC,UOP02-DEL02-SC,2024
"580840,0",2024-02-12,segunda-feira,21:40:00,SC,101,"415,1",ARARANGUA,Velocidade Incompatível,Colisão lateral mesmo sentido,Com Vítimas Feridas,Plena Noite,Crescente,Ignorado,Simples,Reta,Sim,2,0,0,1,1,0,1,2,-28.96729786,-49.52259064,SPRF-SC,DEL02-SC,UOP02-DEL02-SC,2024
"580847,0",2024-02-12,segunda-feira,23:10:00,SC,101,"145,0",ITAPEMA,Avarias e/ou desgaste excessivo no pneu,Tombamento,Com Vítimas Feridas,Plena Noite,Crescente,Nublado,Dupla,Declive;Reta,Sim,2,0,2,0,0,0,2,1,-27.08139206,-48.60130993,SPRF-SC,DEL04-SC,UOP03-DEL04-SC,2024
"580861,0",2024-02-13,terça-feira,02:23:00,SC,101,"139,0",BALNEARIO CAMBORIU,Ausência de reação do condutor,Colisão lateral mesmo sentido,Sem Vítimas,Plena Noite,Crescente,Céu Claro,Múltipla,Curva,Sim,2,0,0,0,2,0,0,2,-27.02982303,-48.60115006,SPRF-SC,DEL04-SC,UOP03-DEL04-SC,2024
"580870,0",2024-02-13,terça-feira,06:20:00,SC,101,"374,0",ICARA,Ausência de reação do condutor,Colisão com objeto,Com Vítimas Feridas,Pleno dia,Crescente,Céu Claro,Dupla,Reta,Sim,2,0,2,0,0,0,2,1,-28.72423,-49.23838,SPRF-SC,DEL02-SC,UOP01-DEL02-SC,2024
"580872,0",2024-02-13,terça-feira,07:00:00,SC,101,"203,1",SAO JOSE,Reação tardia ou ineficiente do condutor,Tombamento,Com Vítimas Feridas,Pleno dia,Crescente,Céu Claro,Dupla,Reta,Sim,1,0,1,0,0,0,1,1,-27.5650044,-48.61460082,SPRF-SC,DEL01-SC,UOP01-DEL01-SC,2024
"580875,0",2024-02-13,terça-feira,05:10:00,SC,101,"138,0",BALNEARIO CAMBORIU,Demais falhas mecânicas ou elétricas,Incêndio,Sem Vítimas,Plena Noite,Decrescente,Nublado,Múltipla,Reta,Sim,1,0,0,0,1,0,0,1,-27.02397426,-48.60761649,SPRF-SC,DEL04-SC,UOP03-DEL04-SC,2024
"580876,0",2024-02-13,terça-feira,06:30:00,SC,101,"397,7",MARACAJA,Reação tardia ou ineficiente do condutor,Colisão com objeto,Com Vítimas Feridas,Pleno dia,Crescente,Céu Claro,Múltipla,Reta,Sim,2,0,1,0,1,0,1,2,-28.83036461,-49.41244828,SPRF-SC,DEL02-SC,UOP02-DEL02-SC,2024
"580895,0",2024-02-13,terça-feira,10:00:00,SC,101,"114,0",ITAJAI,Trafegar com motocicleta (ou similar) entre as faixas,Queda de ocupante de veículo,Com Vítimas Feridas,Pleno dia,Decrescente,Céu Claro,Dupla,Reta,Sim,3,0,0,2,0,1,2,2,-26.86192886,-48.7286704,SPRF-SC,DEL04-SC,UOP04-DEL04-SC,2024
"580898,0",2024-02-13,terça-feira,10:20:00,SC,101,"99,0",BALNEARIO PICARRAS,Avarias e/ou desgaste excessivo no pneu,Queda de ocupante de veículo,Com Vítimas Feridas,Pleno dia,Crescente,Sol,Dupla,Reta,Não,1,0,1,0,0,0,1,1,-26.7471002,-48.69654831,SPRF-SC,DEL03-SC,UOP02-DEL03-SC,2024
"580925,0",2024-02-13,terça-feira,12:00:00,SC,280,"80,0",CORUPA,Condutor deixou de manter distância do veículo da frente,Colisão lateral mesmo sentido,Com Vítimas Feridas,Pleno dia,Decrescente,Céu Claro,Simples,Rotatória,Sim,3,0,1,0,2,0,1,2,-26.44049878,-49.22178626,SPRF-SC,DEL06-SC,UOP03-DEL06-SC,2024
"580926,0",2024-02-13,terça-feira,07:20:00,SC,470,"7,0",NAVEGANTES,Velocidade Incompatível,Saída de leito carroçável,Com Vítimas Feridas,Pleno dia,Decrescente,Céu Claro,Dupla,Viaduto,Sim,1,0,1,0,0,0,1,1,-26.83955734,-48.71418074,SPRF-SC,DEL04-SC,UOP04-DEL04-SC,2024
"580941,0",2024-02-13,terça-feira,16:00:00,SC,101,"369,2",ICARA,Reação tardia ou ineficiente do condutor,Colisão com objeto,Com Vítimas Feridas,Pleno dia,Crescente,Garoa/Chuvisco,Múltipla,Reta,Não,4,0,2,0,2,0,2,1,-28.69775604,-49.182934,SPRF-SC,DEL02-SC,UOP01-DEL02-SC,2024
"580948,0",2024-02-13,terça-feira,16:30:00,SC,101,"190,0",BIGUACU,Condutor deixou de manter distância do veículo da frente,Colisão traseira,Sem Vítimas,Pleno dia,Crescente,Garoa/Chuvisco,Dupla,Reta,Sim,2,0,0,0,2,0,0,2,-27.468056,-48.641712,SPRF-SC,DEL01-SC,UOP01-DEL01-SC,2024
"580950,0",2024-02-13,terça-feira,17:20:00,SC,101,"44,0",JOINVILLE,Acessar a via sem observar a presença dos outros veículos,Colisão lateral mesmo sentido,Com Vítimas Feridas,Pleno dia,Crescente,Nublado,Simples,Reta,Sim,2,0,1,0,1,0,1,2,-26.34006642,-48.85910869,SPRF-SC,DEL03-SC,UOP01-DEL03-SC,2024
"580952,0",2024-02-13,terça-feira,17:22:00,SC,101,"70,8",ARAQUARI,Ausência de reação do condutor,Colisão traseira,Com Vítimas Feridas,Pleno dia,Crescente,Garoa/Chuvisco,Múltipla,Reta,Sim,5,0,1,0,4,0,1,4,-26.51082007,-48.72345612,SPRF-SC,DEL03-SC,UOP02-DEL03-SC,2024
"580970,0",2024-02-13,terça-feira,17:40:00,SC,282,"501,1",XANXERE,Manobra de mudança de faixa,Tombamento,Com Vítimas Feridas,Pleno dia,Crescente,Nublado,Dupla,Rotatória;Reta,Sim,1,0,1,0,0,0,1,1,-26.88252479,-52.38010168,SPRF-SC,DEL07-SC,UOP01-DEL07-SC,2024
"580974,0",2024-02-13,terça-feira,18:20:00,SC,101,"305,5",LAGUNA,Ausência de reação do condutor,Colisão com objeto,Com Vítimas Feridas,Anoitecer,Decrescente,Chuva,Múltipla,Reta,Sim,2,0,1,1,0,0,2,1,-28.37674574,-48.76400229,SPRF-SC,DEL02-SC,UOP03-DEL02-SC,2024
"581014,0",2024-02-13,terça-feira,22:10:00,SC,101,"235,0",PALHOCA,Reação tardia ou ineficiente do condutor,Saída de leito carroçável,Sem Vítimas,Plena Noite,Crescente,Chuva,Dupla,Reta,Não,1,0,0,0,1,0,0,1,-27.8177775,-48.6315025,SPRF-SC,DEL01-SC,UOP02-DEL01-SC,2024
"581019,0",2024-02-13,terça-feira,23:30:00,SC,101,"206,1",SAO JOSE,Condutor Dormindo,Colisão com objeto,Sem Vítimas,Plena Noite,Crescente,Nublado,Múltipla,Reta,Sim,2,0,0,0,2,0,0,2,-27.59193546,-48.61824557,SPRF-SC,DEL01-SC,UOP01-DEL01-SC,2024
"581020,0",2024-02-13,terça-feira,18:00:00,SC,101,"150,5",ITAPEMA,Reação tardia ou ineficiente do condutor,Tombamento,Com Vítimas Feridas,Plena Noite,Crescente,Nublado,Múltipla,Reta,Sim,1,0,1,0,0,0,1,1,-27.11744799,-48.60940987,SPRF-SC,DEL04-SC,UOP03-DEL04-SC,2024
"581021,0",2024-02-13,terça-feira,21:10:00,SC,101,"130,0",BALNEARIO CAMBORIU,Trafegar com motocicleta (ou similar) entre as faixas,Tombamento,Com Vítimas Feridas,Plena Noite,Decrescente,Nublado,Múltipla,Reta,Sim,1,0,0,1,0,0,1,1,-26.98407618,-48.66977107,SPRF-SC,DEL04-SC,UOP03-DEL04-SC,2024
"581035,0",2024-02-14,quarta-feira,00:55:00,SC,282,"222,6",LAGES,Reação tardia ou ineficiente do condutor,Saída de leito carroçável,Com Vítimas Feridas,Plena Noite,Decrescente,Garoa/Chuvisco,Simples,Curva;Declive,Sim,38,0,37,1,0,0,38,1,-27.800127,-50.362751,SPRF-SC,DEL05-SC,UOP01-DEL05-SC,2024
"581040,0",2024-02-14,quarta-feira,02:40:00,SC,101,"3,1",ARARANGUA,Ingestão de álcool pelo condutor,Saída de leito carroçável,Com Vítimas Feridas,Plena Noite,Decrescente,Chuva,Simples,Reta,Sim,1,0,1,0,0,0,1,1,-28.94564448,-49.50356841,SPRF-SC,DEL03-SC,UOP01-DEL03-SC,2024
"581048,0",2024-02-14,quarta-feira,06:40:00,SC,101,"0,1",GARUVA,Acumulo de água sobre o pavimento,Colisão com objeto,Com Vítimas Feridas,Pleno dia,Decrescente,Chuva,Dupla,Reta,Sim,2,0,1,0,1,0,1,1,-25.9815218,-48.88624191,SPRF-SC,DEL03-SC,UOP01-DEL03-SC,2024
"581051,0",2024-02-14,quarta-feira,05:55:00,SC,282,"5,7",SAO JOSE,Reação tardia ou ineficiente do condutor,Tombamento,Com Vítimas Fatais,Amanhecer,Crescente,Chuva,Dupla,Curva;Declive,Sim,10,1,2,3,4,0,5,5,-27.585219,-48.6177929,SPRF-SC,DEL01-SC,UOP01-DEL01-SC,2024
"581057,0",2024-02-14,quarta-feira,07:30:00,SC,101,"16,0",GARUVA,Acumulo de água sobre o pavimento,Saída de leito carroçável,Com Vítimas Feridas,Pleno dia,Crescente,Chuva,Dupla,Reta,Não,1,0,1,0,0,0,1,1,-26.11427473,-48.87647034,SPRF-SC,DEL03-SC,UOP01-DEL03-SC,2024
"581071,0",2024-02-14,quarta-feira,07:13:00,SC,101,"450,2",SAO JOAO DO SUL,Condutor Dormindo,Saída de leito carroçável,Com Vítimas Fatais,Pleno dia,Crescente,Nublado,Dupla,Curva,Não,3,2,1,0,0,0,1,1,-29.179705,-49.754645,SPRF-SC,DEL02-SC,UOP02-DEL02-SC,2024
"581098,0",2024-02-14,quarta-feira,10:30:00,SC,101,"131,9",BALNEARIO CAMBORIU,Trafegar com motocicleta (ou similar) entre as faixas,Tombamento,Com Vítimas Feridas,Pleno dia,Decrescente,Chuva,Múltipla,Curva,Sim,2,0,1,0,1,0,1,2,-26.990642093,-48.6631091191,SPRF-SC,DEL04-SC,UOP03-DEL04-SC,2024
"581100,0",2024-02-14,quarta-feira,12:00:00,SC,101,"193,0",BIGUACU,Pista Escorregadia,Tombamento,Com Vítimas Feridas,Pleno dia,Crescente,Chuva,Dupla,Curva,Sim,1,0,1,0,0,0,1,1,-27.489574,-48.655914,SPRF-SC,DEL01-SC,UOP01-DEL01-SC,2024
"581110,0",2024-02-14,quarta-feira,12:15:00,SC,282,"216,0",LAGES,Mal súbito do condutor,Colisão com objeto,Sem Vítimas,Pleno dia,Decrescente,Chuva,Simples,Reta;Aclive;Viaduto,Sim,1,0,0,0,1,0,0,1,-27.797529,-50.291862,SPRF-SC,DEL05-SC,UOP01-DEL05-SC,2024
"581113,0",2024-02-14,quarta-feira,13:05:00,SC,101,"213,8",PALHOCA,Manobra de mudança de faixa,Colisão traseira,Com Vítimas Feridas,Pleno dia,Crescente,Chuva,Múltipla,Reta,Não,3,0,1,0,2,0,1,3,-27.63697369,-48.66514142,SPRF-SC,DEL01-SC,UOP02-DEL01-SC,2024
"581115,0",2024-02-14,quarta-feira,11:30:00,SC,101,"32,4",JOINVILLE,Condutor deixou de manter distância do veículo da frente,Colisão traseira,Com Vítimas Feridas,Pleno dia,Crescente,Chuva,Dupla,Reta,Não,3,0,1,0,2,0,1,3,-26.226987,-48.91657,SPRF-SC,DEL03-SC,UOP01-DEL03-SC,2024
"581117,0",2024-02-14,quarta-feira,13:30:00,SC,101,"198,5",SAO JOSE,Trafegar com motocicleta (ou similar) entre as faixas,Colisão lateral mesmo sentido,Com Vítimas Feridas,Pleno dia,Crescente,Chuva,Múltipla,Reta,Sim,2,0,1,0,1,0,1,2,-27.52658712,-48.63506019,SPRF-SC,DEL01-SC,UOP01-DEL01-SC,2024
"581123,0",2024-02-14,quarta-feira,11:50:00,SC,470,"181,0",POUSO REDONDO,Desrespeitar a preferência no cruzamento,Colisão transversal,Com Vítimas Feridas,Pleno dia,Decrescente,Chuva,Simples,Reta,Não,5,0,5,0,0,0,5,2,-27.251818,-49.996815,SPRF-SC,DEL04-SC,UOP02-DEL04-SC,2024
"581137,0",2024-02-03,sábado,18:55:00,SC,101,"295,5",IMBITUBA,Reação tardia ou ineficiente do condutor,Colisão com objeto,Com Vítimas Fatais,Plena Noite,Decrescente,Céu Claro,Múltipla,Reta,Sim,1,1,0,0,0,0,0,1,-28.324153,-48.72976,SPRF-SC,DEL02-SC,UOP03-DEL02-SC,2024
"581138,0",2024-02-14,quarta-feira,13:25:00,SC,163,"107,1",GUARUJA DO SUL,Ausência de reação do condutor,Saída de leito carroçável,Com Vítimas Feridas,Pleno dia,Decrescente,Chuva,Simples,Declive;Reta,Não,1,0,0,1,0,0,1,1,-26.42911689,-53.52001976,SPRF-SC,DEL07-SC,UOP03-DEL07-SC,2024
"581140,0",2024-02-14,quarta-feira,15:30:00,SC,101,"211,5",PALHOCA,Condutor deixou de manter distância do veículo da frente,Colisão traseira,Com Vítimas Feridas,Pleno dia,Decrescente,Garoa/Chuvisco,Dupla,Aclive,Não,2,0,1,0,1,0,1,2,-27.62329313,-48.65245588,SPRF-SC,DEL01-SC,UOP02-DEL01-SC,2024
"581146,0",2024-02-14,quarta-feira,16:20:00,SC,470,"243,0",CURITIBANOS,Reação tardia ou ineficiente do condutor,Saída de leito carroçável,Com Vítimas Feridas,Pleno dia,Decrescente,Chuva,Simples,Rotatória;Curva;Declive;Retorno Regulamentado,Não,2,0,2,0,0,0,2,1,-27.315144,-50.506874,SPRF-SC,DEL05-SC,UOP03-DEL05-SC,2024