id,data_inversa,dia_semana,horario,uf,br,km,municipio,causa_acidente,tipo_acidente,classificacao_acidente,fase_dia,sentido_via,condicao_metereologica,tipo_pista,tracado_via,uso_solo,pessoas,mortos,feridos_leves,feridos_graves,ilesos,ignorados,feridos,veiculos,latitude,longitude,regional,delegacia,uop,ano_arquivo
"581161,0",2024-02-14,quarta-feira,18:00:00,SC,116,"9,0",MAFRA,Reação tardia ou ineficiente do condutor,Colisão traseira,Com Vítimas Feridas,Pleno dia,Decrescente,Garoa/Chuvisco,Simples,Reta,Sim,5,0,2,0,3,0,2,2,-26.16297778,-49.84696715,SPRF-SC,DEL06-SC,UOP01-DEL06-SC,2024
"581167,0",2024-02-14,quarta-feira,18:10:00,SC,101,"216,5",PALHOCA,Acessar a via sem observar a presença dos outros veículos,Colisão transversal,Com Vítimas Feridas,Anoitecer,Crescente,Nublado,Múltipla,Interseção de Vias;Reta,Sim,2,0,1,0,1,0,1,2,-27.65981409,-48.67747798,SPRF-SC,DEL01-SC,UOP02-DEL01-SC,2024
"581179,0",2024-02-14,quarta-feira,17:50:00,SC,470,"52,3",BLUMENAU,Reação tardia ou ineficiente do condutor,Colisão traseira,Sem Vítimas,Pleno dia,Decrescente,Nublado,Simples,Em Obras;Retorno Regulamentado;Rotatória;Interseção de Vias,Sim,2,0,0,0,2,0,0,2,-26.86596255,-49.10006564,SPRF-SC,DEL04-SC,UOP01-DEL04-SC,2024
"581185,0",2024-02-14,quarta-feira,09:50:00,SC,101,"136,0",BALNEARIO CAMBORIU,Trafegar com motocicleta (ou similar) entre as faixas,Queda de ocupante de veículo,Com Vítimas Feridas,Pleno dia,Decrescente,Céu Claro,Dupla,Reta,Sim,1,0,1,0,0,0,1,1,-27.008113,-48.617245,SPRF-SC,DEL04-SC,UOP03-DEL04-SC,2024
"581208,0",2024-02-14,quarta-feira,21:55:00,SC,101,"119,0",ITAJAI,Acesso irregular,Colisão lateral mesmo sentido,Com Vítimas Feridas,Plena Noite,Decrescente,Nublado,Múltipla,Reta,Não,2,0,0,1,1,0,1,2,-26.9043179,-48.71555481,SPRF-SC,DEL04-SC,UOP04-DEL04-SC,2024
"581214,0",2024-02-14,quarta-feira,20:10:00,SC,101,"57,2",ARAQUARI,Velocidade Incompatível,Colisão lateral mesmo sentido,Com Vítimas Feridas,Plena Noite,Decrescente,Chuva,Dupla,Curva,Não,4,0,2,0,1,1,2,2,-26.43795301,-48.80433798,SPRF-SC,DEL03-SC,UOP01-DEL03-SC,2024
"581234,0",2024-02-15,quinta-feira,05:15:00,SC,101,"206,0",SAO JOSE,Condutor deixou de manter distância do veículo da frente,Colisão traseira,Com Vítimas Feridas,Amanhecer,Decrescente,Sol,Múltipla,Reta,Sim,2,0,1,0,1,0,1,2,-27.59193546,-48.61824557,SPRF-SC,DEL01-SC,UOP01-DEL01-SC,2024
"581247,0",2024-02-15,quinta-feira,07:30:00,SC,101,"215,4",PALHOCA,Manobra de mudança de faixa,Colisão traseira,Com Vítimas Feridas,Pleno dia,Decrescente,Nublado,Múltipla,Reta,Sim,3,0,1,0,0,2,1,3,-27.65184843,-48.67604941,SPRF-SC,DEL01-SC,UOP02-DEL01-SC,2024
"581255,0",2024-02-15,quinta-feira,07:40:00,SC,101,"88,0",BARRA VELHA,Acessar a via sem observar a presença dos outros veículos,Colisão transversal,Com Vítimas Feridas,Pleno dia,Decrescente,Nublado,Múltipla,Reta,Sim,2,0,1,0,1,0,1,2,-26.64253985,-48.68950684,SPRF-SC,DEL03-SC,UOP02-DEL03-SC,2024
"581271,0",2024-02-15,quinta-feira,09:45:00,SC,101,"377,4",ICARA,Avarias e/ou desgaste excessivo no pneu,Saída de leito carroçável,Com Vítimas Feridas,Pleno dia,Crescente,Sol,Dupla,Reta,Não,4,0,1,0,3,0,1,1,-28.74721,-49.26204,SPRF-SC,DEL02-SC,UOP01-DEL02-SC,2024
"581281,0",2024-02-15,quinta-feira,10:00:00,SC,282,"17,0",PALHOCA,Trafegar com motocicleta (ou similar) entre as faixas,Colisão transversal,Com Vítimas Feridas,Pleno dia,Crescente,Céu Claro,Simples,Reta,Não,2,0,1,0,1,0,1,2,-27.665707,-48.688065,SPRF-SC,DEL01-SC,UOP02-DEL01-SC,2024
"581289,0",2024-02-15,quinta-feira,12:00:00,SC,280,"25,0",ARAQUARI,Acessar a via sem observar a presença dos outros veículos,Colisão transversal,Com Vítimas Feridas,Pleno dia,Decrescente,Nublado,Simples,Reta,Sim,2,0,1,0,1,0,1,2,-26.38352781,-48.72677516,SPRF-SC,DEL03-SC,UOP03-DEL03-SC,2024
"581290,0",2024-02-15,quinta-feira,11:00:00,SC,101,"136,0",BALNEARIO CAMBORIU,Ultrapassagem Indevida,Colisão traseira,Com Vítimas Feridas,Pleno dia,Crescente,Nublado,Múltipla,Reta,Sim,2,0,1,0,1,0,1,2,-27.008113,-48.617245,SPRF-SC,DEL04-SC,UOP03-DEL04-SC,2024
"581291,0",2024-02-15,quinta-feira,12:05:00,SC,101,"154,0",PORTO BELO,Reação tardia ou ineficiente do condutor,Colisão traseira,Com Vítimas Feridas,Pleno dia,Crescente,Céu Claro,Dupla,Reta,Sim,1,0,0,1,0,0,1,1,-27.153819,-48.61086393,SPRF-SC,DEL04-SC,UOP03-DEL04-SC,2024
"581317,0",2024-02-15,quinta-feira,13:30:00,SC,282,"115,0",ALFREDO WAGNER,Demais falhas mecânicas ou elétricas,Incêndio,Sem Vítimas,Pleno dia,Crescente,Nublado,Simples,Curva,Não,1,0,0,0,1,0,0,1,-27.755424,-49.39444,SPRF-SC,DEL01-SC,UOP03-DEL01-SC,2024
"581322,0",2024-01-14,domingo,18:40:00,SC,282,"531,7",CORDILHEIRA ALTA,Condutor usando celular,Colisão lateral sentido oposto,Com Vítimas Feridas,Pleno dia,Crescente,Nublado,Simples,Reta,Não,8,0,0,2,4,2,2,4,-26.995453,-52.612208,SPRF-SC,DEL07-SC,UOP01-DEL07-SC,2024
"581327,0",2024-02-15,quinta-feira,14:45:00,SC,101,"334,6",TUBARAO,Frear bruscamente,Queda de ocupante de veículo,Com Vítimas Feridas,Pleno dia,Decrescente,Céu Claro,Múltipla,Reta,Sim,1,0,1,0,0,0,1,1,-28.46730446,-49.00604302,SPRF-SC,DEL02-SC,UOP01-DEL02-SC,2024
"581334,0",2024-02-15,quinta-feira,15:40:00,SC,101,"196,2",BIGUACU,Manobra de mudança de faixa,Colisão traseira,Com Vítimas Feridas,Pleno dia,Crescente,Nublado,Múltipla,Reta,Sim,2,0,1,0,1,0,1,2,-27.51101091,-48.64322292,SPRF-SC,DEL01-SC,UOP01-DEL01-SC,2024
"581342,0",2024-01-15,segunda-feira,10:50:00,SC,101,"91,2",BARRA VELHA,Reação tardia ou ineficiente do condutor,Colisão transversal,Com Vítimas Feridas,Pleno dia,Decrescente,Nublado,Dupla,Reta,Sim,3,0,1,0,1,1,1,3,-26.67999998,-48.69257569,SPRF-SC,DEL03-SC,UOP02-DEL03-SC,2024
"581362,0",2024-02-15,quinta-feira,18:20:00,SC,470,"73,0",INDAIAL,Acessar a via sem observar a presença dos outros veículos,Colisão transversal,Com Vítimas Feridas,Anoitecer,Crescente,Chuva,Simples,Reta,Não,2,0,1,0,1,0,1,2,-26.908962,-49.275089,SPRF-SC,DEL04-SC,UOP01-DEL04-SC,2024
"581402,0",2024-02-16,sexta-feira,03:00:00,SC,101,"34,3",JOINVILLE,Frear bruscamente,Colisão traseira,Sem Vítimas,Plena Noite,Crescente,Garoa/Chuvisco,Dupla,Reta,Não,2,0,0,0,2,0,0,2,-26.23667403,-48.91486706,SPRF-SC,DEL03-SC,UOP01-DEL03-SC,2024
"581407,0",2024-02-16,sexta-feira,04:30:00,SC,280,"66,5",JARAGUA DO SUL,Acessar a via sem observar a presença dos outros veículos,Colisão transversal,Com Vítimas Feridas,Pleno dia,Decrescente,Nublado,Simples,Interseção de Vias;Reta,Sim,2,0,1,0,1,0,1,2,-26.47606607,-49.09568797,SPRF-SC,DEL03-SC,UOP03-DEL03-SC,2024
"581417,0",2024-02-12,segunda-feira,18:50:00,SC,101,"137,0",BALNEARIO CAMBORIU,Acessar a via sem observar a presença dos outros veículos,Colisão lateral mesmo sentido,Com Vítimas Feridas,Anoitecer,Decrescente,Céu Claro,Dupla,Reta,Não,6,0,1,0,5,0,1,3,-27.0157238,-48.61192763,SPRF-SC,DEL04-SC,UOP03-DEL04-SC,2024
"581433,0",2024-02-16,sexta-feira,08:45:00,SC,101,"223,8",PALHOCA,Acessar a via sem observar a presença dos outros veículos,Colisão transversal,Com Vítimas Feridas,Pleno dia,Crescente,Céu Claro,Múltipla,Reta,Sim,2,0,0,1,1,0,1,2,-27.71552634,-48.64881251,SPRF-SC,DEL01-SC,UOP02-DEL01-SC,2024
"581438,0",2024-02-16,sexta-feira,09:00:00,SC,101,"137,0",BALNEARIO CAMBORIU,Demais falhas mecânicas ou elétricas,Colisão traseira,Com Vítimas Feridas,Pleno dia,Crescente,Céu Claro,Dupla,Reta,Não,2,0,0,1,1,0,1,2,-27.0157238,-48.61192763,SPRF-SC,DEL04-SC,UOP03-DEL04-SC,2024
"581444,0",2024-02-16,sexta-feira,07:50:00,SC,116,"57,8",PAPANDUVA,Acessar a via sem observar a presença dos outros veículos,Colisão transversal,Com Vítimas Feridas,Pleno dia,Decrescente,Nublado,Simples,Reta,Não,4,0,1,0,3,0,1,2,-26.38204782,-50.18999277,SPRF-SC,DEL06-SC,UOP02-DEL06-SC,2024
"581455,0",2024-02-16,sexta-feira,11:10:00,SC,470,"104,0",APIUNA,Reação tardia ou ineficiente do condutor,Saída de leito carroçável,Com Vítimas Feridas,Pleno dia,Crescente,Garoa/Chuvisco,Simples,Curva,Não,1,0,0,1,0,0,1,1,-27.06361344,-49.41609085,SPRF-SC,DEL04-SC,UOP02-DEL04-SC,2024
"581466,0",2024-02-16,sexta-feira,11:30:00,SC,101,"153,0",ITAPEMA,Reação tardia ou ineficiente do condutor,Colisão com objeto,Sem Vítimas,Pleno dia,Crescente,Nublado,Dupla,Reta,Não,1,0,0,0,1,0,0,1,-27.144717,-48.61063935,SPRF-SC,DEL04-SC,UOP03-DEL04-SC,2024
"581486,0",2024-02-16,sexta-feira,13:30:00,SC,101,"148,0",ITAPEMA,Reação tardia ou ineficiente do condutor,Atropelamento de Pedestre,Com Vítimas Feridas,Pleno dia,Crescente,Nublado,Múltipla,Reta,Sim,2,0,1,0,1,0,1,2,-27.10123686,-48.61807962,SPRF-SC,DEL04-SC,UOP03-DEL04-SC,2024
"581494,0",2024-02-16,sexta-feira,11:15:00,SC,153,"97,0",CONCORDIA,Velocidade Incompatível,Queda de ocupante de veículo,Com Vítimas Feridas,Pleno dia,Crescente,Nevoeiro/Neblina,Simples,Rotatória,Sim,2,0,2,0,0,0,2,1,-27.22502055,-51.95031166,SPRF-SC,DEL07-SC,UOP04-DEL07-SC,2024
"581496,0",2024-02-16,sexta-feira,11:40:00,SC,282,"577,8",PINHALZINHO,Reação tardia ou ineficiente do condutor,Tombamento,Com Vítimas Feridas,Pleno dia,Crescente,Chuva,Simples,Reta,Sim,1,0,1,0,0,0,1,1,-26.85496023,-52.98018873,SPRF-SC,DEL07-SC,UOP02-DEL07-SC,2024
"581529,0",2024-02-16,sexta-feira,15:30:00,SC,282,"115,8",ALFREDO WAGNER,Velocidade Incompatível,Saída de leito carroçável,Com Vítimas Feridas,Pleno dia,Decrescente,Chuva,Simples,Curva,Não,1,0,1,0,0,0,1,1,-27.755424,-49.39444,SPRF-SC,DEL01-SC,UOP03-DEL01-SC,2024
"581537,0",2024-02-16,sexta-feira,18:00:00,SC,470,"98,6",APIUNA,Ultrapassagem Indevida,Colisão transversal,Com Vítimas Feridas,Plena Noite,Crescente,Chuva,Simples,Reta,Sim,2,0,1,0,1,0,1,2,-27.03567392,-49.39007342,SPRF-SC,DEL04-SC,UOP02-DEL04-SC,2024
"581559,0",2024-02-16,sexta-feira,18:30:00,SC,280,"224,0",TRES BARRAS,Transitar na contramão,Colisão frontal,Com Vítimas Feridas,Anoitecer,Crescente,Céu Claro,Simples,Rotatória,Não,4,0,2,0,2,0,2,2,-26.17513189,-50.30394805,SPRF-SC,DEL06-SC,UOP04-DEL06-SC,2024
"581561,0",2024-02-16,sexta-feira,16:30:00,SC,101,"133,0",BALNEARIO CAMBORIU,Desrespeitar a preferência no cruzamento,Colisão transversal,Com Vítimas Feridas,Pleno dia,Crescente,Nublado,Dupla,Interseção de Vias,Não,3,0,0,2,1,0,2,2,-26.99936,-48.64609,SPRF-SC,DEL04-SC,UOP03-DEL04-SC,2024
"581568,0",2024-02-16,sexta-feira,20:50:00,SC,101,"79,4",ARAQUARI,Objeto estático sobre o leito carroçável,Colisão traseira,Com Vítimas Feridas,Plena Noite,Decrescente,Chuva,Múltipla,Interseção de Vias,Não,4,0,2,0,2,0,2,2,-26.58559601,-48.72192112,SPRF-SC,DEL03-SC,UOP02-DEL03-SC,2024
"581582,0",2024-02-16,sexta-feira,22:50:00,SC,101,"196,0",BIGUACU,Acessar a via sem observar a presença dos outros veículos,Colisão lateral mesmo sentido,Com Vítimas Feridas,Plena Noite,Decrescente,Céu Claro,Múltipla,Interseção de Vias;Reta,Sim,3,0,1,0,2,0,1,2,-27.5047092,-48.65010819,SPRF-SC,DEL01-SC,UOP01-DEL01-SC,2024
"581587,0",2024-02-16,sexta-feira,22:45:00,SC,282,"68,5",RANCHO QUEIMADO,Velocidade Incompatível,Saída de leito carroçável,Com Vítimas Feridas,Plena Noite,Decrescente,Chuva,Simples,Curva;Declive,Não,2,0,2,0,0,0,2,1,-27.692406,-49.075939,SPRF-SC,DEL01-SC,UOP03-DEL01-SC,2024
"581591,0",2024-02-17,sábado,00:30:00,SC,101,"218,1",PALHOCA,Acessar a via sem observar a presença dos outros veículos,Colisão traseira,Com Vítimas Feridas,Plena Noite,Decrescente,Céu Claro,Múltipla,Reta,Sim,2,0,0,2,0,0,2,2,-27.6758601,-48.67052525,SPRF-SC,DEL01-SC,UOP02-DEL01-SC,2024
"581595,0",2024-02-17,sábado,01:30:00,SC,101,"128,0",ITAJAI,Reação tardia ou ineficiente do condutor,Colisão com objeto,Com Vítimas Feridas,Plena Noite,Crescente,Nublado,Dupla,Curva,Não,1,0,1,0,0,0,1,1,-26.97284292,-48.68299451,SPRF-SC,DEL04-SC,UOP04-DEL04-SC,2024
"581603,0",2024-02-17,sábado,03:50:00,SC,101,"192,4",BIGUACU,Ingestão de álcool pelo condutor,Tombamento,Sem Vítimas,Plena Noite,Decrescente,Céu Claro,Múltipla,Reta,Sim,1,0,0,0,1,0,0,1,-27.48443781,-48.64765238,SPRF-SC,DEL01-SC,UOP01-DEL01-SC,2024
"581628,0",2024-02-17,sábado,07:15:00,SC,470,"43,0",GASPAR,Condutor deixou de manter distância do veículo da frente,Colisão lateral mesmo sentido,Com Vítimas Feridas,Pleno dia,Decrescente,Céu Claro,Simples,Aclive;Reta,Não,2,0,1,0,1,0,1,2,-26.874519,-49.013454,SPRF-SC,DEL04-SC,UOP01-DEL04-SC,2024
"581635,0",2024-02-17,sábado,06:20:00,SC,282,"633,7",DESCANSO,Velocidade Incompatível,Saída de leito carroçável,Com Vítimas Fatais,Amanhecer,Decrescente,Céu Claro,Simples,Declive;Curva,Não,1,1,0,0,0,0,0,1,-26.82646435,-53.42026949,SPRF-SC,DEL07-SC,UOP03-DEL07-SC,2024
"581640,0",2024-02-17,sábado,08:25:00,SC,101,"285,9",IMBITUBA,Reação tardia ou ineficiente do condutor,Tombamento,Com Vítimas Feridas,Pleno dia,Crescente,Céu Claro,Simples,Aclive;Reta,Não,2,0,1,0,1,0,1,1,-28.24751602,-48.70070279,SPRF-SC,DEL02-SC,UOP03-DEL02-SC,2024
"581669,0",2024-02-17,sábado,12:45:00,SC,101,"120,0",ITAJAI,Condutor deixou de manter distância do veículo da frente,Colisão traseira,Com Vítimas Feridas,Pleno dia,Decrescente,Nublado,Múltipla,Reta,Sim,2,0,0,1,1,0,1,2,-26.912758,-48.711998,SPRF-SC,DEL04-SC,UOP04-DEL04-SC,2024
"581672,0",2024-02-17,sábado,12:00:00,SC,282,"4,3",SAO JOSE,Reação tardia ou ineficiente do condutor,Colisão transversal,Com Vítimas Feridas,Pleno dia,Decrescente,Nublado,Dupla,Reta,Sim,2,0,1,0,1,0,1,2,-27.592646,-48.604034,SPRF-SC,DEL01-SC,UOP01-DEL01-SC,2024
"581677,0",2024-02-17,sábado,10:45:00,SC,280,"151,6",MAFRA,Ausência de reação do condutor,Saída de leito carroçável,Com Vítimas Feridas,Pleno dia,Crescente,Chuva,Simples,Curva,Não,2,0,2,0,0,0,2,1,-26.23049098,-49.70386505,SPRF-SC,DEL06-SC,UOP03-DEL06-SC,2024
"581694,0",2024-02-17,sábado,15:45:00,SC,470,"51,4",BLUMENAU,Desrespeitar a preferência no cruzamento,Colisão transversal,Com Vítimas Feridas,Pleno dia,Decrescente,Céu Claro,Dupla,Reta,Sim,3,0,2,0,1,0,2,2,-26.862339,-49.084038,SPRF-SC,DEL04-SC,UOP01-DEL04-SC,2024
"581700,0",2024-02-17,sábado,16:05:00,SC,282,"609,8",MARAVILHA,Condutor deixou de manter distância do veículo da frente,Colisão traseira,Com Vítimas Feridas,Pleno dia,Crescente,Sol,Simples,Reta,Não,3,0,0,1,2,0,1,2,-26.761354,-53.221897,SPRF-SC,DEL07-SC,UOP02-DEL07-SC,2024
"581702,0",2024-02-17,sábado,17:00:00,SC,282,"22,2",PALHOCA,Ultrapassagem Indevida,Colisão lateral mesmo sentido,Com Vítimas Feridas,Pleno dia,Crescente,Nublado,Simples,Reta,Sim,3,0,0,2,1,0,2,3,-27.688507,-48.72739,SPRF-SC,DEL01-SC,UOP02-DEL01-SC,2024
"581714,0",2024-02-17,sábado,18:00:00,SC,101,"42,0",JOINVILLE,Condutor deixou de manter distância do veículo da frente,Colisão traseira,Com Vítimas Feridas,Pleno dia,Decrescente,Nublado,Dupla,Reta,Não,4,0,1,0,3,0,1,2,-26.29251598,-48.88474385,SPRF-SC,DEL03-SC,UOP01-DEL03-SC,2024
"581720,0",2024-02-17,sábado,18:50:00,SC,280,"30,0",ARAQUARI,Ultrapassagem Indevida,Tombamento,Com Vítimas Feridas,Anoitecer,Decrescente,Nublado,Simples,Reta,Sim,1,0,1,0,0,0,1,1,-26.4141523,-48.76209493,SPRF-SC,DEL03-SC,UOP03-DEL03-SC,2024
"581741,0",2024-02-17,sábado,19:30:00,SC,470,"138,0",RIO DO SUL,Acessar a via sem observar a presença dos outros veículos,Colisão transversal,Com Vítimas Feridas,Anoitecer,Decrescente,Garoa/Chuvisco,Simples,Interseção de Vias,Sim,4,0,2,0,2,0,2,2,-27.207214,-49.648476,SPRF-SC,DEL04-SC,UOP02-DEL04-SC,2024
"581743,0",2024-02-17,sábado,19:40:00,SC,285,"50,3",TIMBE DO SUL,Velocidade Incompatível,Colisão com objeto,Com Vítimas Feridas,Plena Noite,Decrescente,Céu Claro,Simples,Declive;Curva,Não,1,0,1,0,0,0,1,1,-28.806377,-49.934865,SPRF-SC,DEL02-SC,UOP02-DEL02-SC,2024
"581750,0",2024-02-17,sábado,21:45:00,SC,282,"207,0",LAGES,Acesso irregular,Saída de leito carroçável,Sem Vítimas,Plena Noite,Crescente,Nublado,Simples,Declive,Não,1,0,0,0,1,0,0,1,-27.773464,-50.202095,SPRF-SC,DEL05-SC,UOP01-DEL05-SC,2024
"581751,0",2024-02-17,sábado,20:45:00,SC,280,"25,3",ARAQUARI,Ingestão de álcool pelo condutor,Tombamento,Com Vítimas Feridas,Plena Noite,Crescente,Nublado,Simples,Reta,Sim,1,0,1,0,0,0,1,1,-26.38352781,-48.72677516,SPRF-SC,DEL03-SC,UOP03-DEL03-SC,2024
"581774,0",2024-02-17,sábado,23:40:00,SC,163,"76,5",SAO MIGUEL DO OESTE,Ingestão de álcool pelo condutor,Tombamento,Com Vítimas Feridas,Plena Noite,Decrescente,Céu Claro,Simples,Retorno Regulamentado,Não,1,0,1,0,0,0,1,1,-26.67822362,-53.51556838,SPRF-SC,DEL07-SC,UOP03-DEL07-SC,2024
"581793,0",2024-02-18,domingo,03:20:00,SC,470,"34,9",GASPAR,Velocidade Incompatível,Colisão com objeto,Sem Vítimas,Plena Noite,Decrescente,Céu Claro,Dupla,Em Obras;Reta,Não,1,0,0,0,0,1,0,1,-26.91302004,-48.9599061,SPRF-SC,DEL04-SC,UOP01-DEL04-SC,2024
"581797,0",2024-02-18,domingo,05:15:00,SC,101,"427,9",SOMBRIO,Condutor deixou de manter distância do veículo da frente,Colisão traseira,Com Vítimas Feridas,Amanhecer,Crescente,Garoa/Chuvisco,Múltipla,Reta,Não,4,0,2,0,1,1,2,2,-29.045754,-49.616932,SPRF-SC,DEL02-SC,UOP02-DEL02-SC,2024
"581800,0",2024-02-18,domingo,05:00:00,SC,101,"195,0",BIGUACU,Ausência de reação do condutor,Colisão com objeto,Sem Vítimas,Amanhecer,Decrescente,Nublado,Dupla,Reta;Declive,Sim,1,0,0,0,0,1,0,1,-27.5047092,-48.65010819,SPRF-SC,DEL01-SC,UOP01-DEL01-SC,2024
"581812,0",2024-02-18,domingo,05:00:00,SC,101,"154,8",PORTO BELO,Ingestão de álcool pelo condutor,Saída de leito carroçável,Sem Vítimas,Plena Noite,Decrescente,Chuva,Simples,Reta,Sim,3,0,0,0,3,0,0,1,-27.153819,-48.61086393,SPRF-SC,DEL04-SC,UOP03-DEL04-SC,2024
"581814,0",2024-02-17,sábado,20:00:00,SC,280,"49,0",GUARAMIRIM,Acessar a via sem observar a presença dos outros veículos,Atropelamento de Pedestre,Com Vítimas Feridas,Plena Noite,Decrescente,Nublado,Dupla,Reta;Aclive,Não,2,0,2,0,0,0,2,2,-26.45850039,-48.93692786,SPRF-SC,DEL03-SC,UOP03-DEL03-SC,2024
"581823,0",2024-02-17,sábado,23:30:00,SC,470,"178,0",POUSO REDONDO,Acessar a via sem observar a presença dos outros veículos,Colisão transversal,Com Vítimas Feridas,Plena Noite,Decrescente,Chuva,Simples,Reta,Sim,4,0,0,1,3,0,1,2,-27.248392,-49.967083,SPRF-SC,DEL04-SC,UOP02-DEL04-SC,2024
"581829,0",2024-02-18,domingo,06:01:00,SC,101,"154,0",PORTO BELO,Ingestão de álcool pelo condutor,Saída de leito carroçável,Sem Vítimas,Amanhecer,Crescente,Chuva,Simples,Curva,Não,1,0,0,0,0,1,0,1,-27.153819,-48.61086393,SPRF-SC,DEL04-SC,UOP03-DEL04-SC,2024
"581833,0",2024-02-18,domingo,04:50:00,SC,101,"131,6",BALNEARIO CAMBORIU,Reação tardia ou ineficiente do condutor,Colisão com objeto,Com Vítimas Feridas,Plena Noite,Crescente,Chuva,Múltipla,Reta,Sim,3,0,1,0,2,0,1,2,-26.99064209,-48.66310912,SPRF-SC,DEL04-SC,UOP03-DEL04-SC,2024
"581834,0",2024-02-18,domingo,04:50:00,SC,101,"138,6",ITAPEMA,Ingestão de álcool pelo condutor,Colisão com objeto,Sem Vítimas,Plena Noite,Crescente,Chuva,Simples,Aclive;Curva,Não,1,0,0,0,0,1,0,1,-27.02397426,-48.60761649,SPRF-SC,DEL04-SC,UOP03-DEL04-SC,2024
"581836,0",2024-02-18,domingo,07:30:00,SC,101,"142,0",ITAPEMA,Pista Escorregadia,Colisão com objeto,Com Vítimas Feridas,Pleno dia,Crescente,Garoa/Chuvisco,Dupla,Reta,Sim,2,0,2,0,0,0,2,1,-27.056089,-48.599449,SPRF-SC,DEL04-SC,UOP03-DEL04-SC,2024
"581837,0",2024-02-18,domingo,08:30:00,SC,101,"141,0",ITAPEMA,Velocidade Incompatível,Tombamento,Com Vítimas Feridas,Pleno dia,Crescente,Céu Claro,Dupla,Curva,Sim,1,0,1,0,0,0,1,1,-27.04761729,-48.59995855,SPRF-SC,DEL04-SC,UOP03-DEL04-SC,2024
"581863,0",2024-02-18,domingo,11:30:00,SC,158,"101,1",CUNHA PORA,Ausência de reação do condutor,Saída de leito carroçável,Sem Vítimas,Pleno dia,Crescente,Céu Claro,Simples,Reta,Não,1,0,0,0,0,1,0,1,-26.83661705,-53.17563409,SPRF-SC,DEL07-SC,UOP02-DEL07-SC,2024
"581877,0",2024-02-18,domingo,14:30:00,SC,101,"184,5",BIGUACU,Reação tardia ou ineficiente do condutor,Colisão com objeto,Com Vítimas Feridas,Pleno dia,Crescente,Sol,Dupla,Reta,Não,1,0,1,0,0,0,1,1,-27.41613807,-48.6266443,SPRF-SC,DEL01-SC,UOP01-DEL01-SC,2024
"581878,0",2024-02-18,domingo,14:50:00,SC,101,"238,8",PALHOCA,Reação tardia ou ineficiente do condutor,Colisão com objeto,Com Vítimas Feridas,Pleno dia,Crescente,Nublado,Dupla,Curva;Declive,Não,1,0,1,0,0,0,1,1,-27.84293889,-48.63471922,SPRF-SC,DEL01-SC,UOP02-DEL01-SC,2024
"581892,0",2024-02-18,domingo,09:00:00,SC,282,"72,0",RANCHO QUEIMADO,Reação tardia ou ineficiente do condutor,Capotamento,Com Vítimas Feridas,Pleno dia,Crescente,Nublado,Múltipla,Aclive;Curva,Não,2,0,1,0,1,0,1,1,-27.683439,-49.105259,SPRF-SC,DEL01-SC,UOP03-DEL01-SC,2024
"581899,0",2024-02-18,domingo,15:55:00,SC,101,"333,4",TUBARAO,Reação tardia ou ineficiente do condutor,Colisão lateral mesmo sentido,Com Vítimas Feridas,Pleno dia,Decrescente,Céu Claro,Múltipla,Interseção de Vias,Sim,2,0,1,0,1,0,1,2,-28.46630107,-48.99653096,SPRF-SC,DEL02-SC,UOP01-DEL02-SC,2024
"581908,0",2024-02-18,domingo,16:45:00,SC,470,"65,6",INDAIAL,Acesso irregular,Colisão traseira,Com Vítimas Feridas,Pleno dia,Crescente,Céu Claro,Simples,Reta;Em Obras,Sim,4,0,0,2,2,0,2,2,-26.870411,-49.211864,SPRF-SC,DEL04-SC,UOP01-DEL04-SC,2024
"581909,0",2024-02-18,domingo,17:30:00,SC,101,"124,9",ITAJAI,Ultrapassagem Indevida,Colisão lateral mesmo sentido,Com Vítimas Feridas,Anoitecer,Decrescente,Céu Claro,Dupla,Reta,Não,4,0,0,3,1,0,3,3,-26.94335064,-48.69198648,SPRF-SC,DEL04-SC,UOP04-DEL04-SC,2024
"581918,0",2024-02-18,domingo,18:00:00,SC,153,"58,8",IRANI,Desrespeitar a preferência no cruzamento,Colisão transversal,Com Vítimas Feridas,Pleno dia,Crescente,Céu Claro,Simples,Interseção de Vias;Rotatória,Não,7,0,3,0,4,0,3,2,-26.96950088,-51.85476494,SPRF-SC,DEL07-SC,UOP04-DEL07-SC,2024
"581934,0",2024-02-18,domingo,19:45:00,SC,280,"66,8",JARAGUA DO SUL,Desrespeitar a preferência no cruzamento,Colisão transversal,Com Vítimas Feridas,Plena Noite,Crescente,Nublado,Simples,Reta,Não,2,0,1,0,1,0,1,2,-26.47606607,-49.09568797,SPRF-SC,DEL03-SC,UOP03-DEL03-SC,2024
"581942,0",2024-02-18,domingo,19:45:00,SC,282,"526,0",XAXIM,Ingestão de álcool pelo condutor,Saída de leito carroçável,Sem Vítimas,Plena Noite,Decrescente,Céu Claro,Simples,Reta,Não,1,0,0,0,1,0,0,1,-26.965441,-52.566383,SPRF-SC,DEL07-SC,UOP01-DEL07-SC,2024
"581951,0",2024-02-18,domingo,22:20:00,SC,101,"118,0",ITAJAI,Ausência de reação do condutor,Colisão traseira,Com Vítimas Feridas,Plena Noite,Crescente,Céu Claro,Simples,Reta,Sim,1,0,1,0,0,0,1,1,-26.895859,-48.71903,SPRF-SC,DEL04-SC,UOP04-DEL04-SC,2024