id,data_inversa,dia_semana,horario,uf,br,km,municipio,causa_acidente,tipo_acidente,classificacao_acidente,fase_dia,sentido_via,condicao_metereologica,tipo_pista,tracado_via,uso_solo,pessoas,mortos,feridos_leves,feridos_graves,ilesos,ignorados,feridos,veiculos,latitude,longitude,regional,delegacia,uop,ano_arquivo
"581958,0",2024-02-19,segunda-feira,00:51:00,SC,470,"137,0",RIO DO SUL,Velocidade Incompatível,Saída de leito carroçável,Sem Vítimas,Plena Noite,Decrescente,Nublado,Simples,Curva,Sim,1,0,0,0,0,1,0,1,-27.203201,-49.635063,SPRF-SC,DEL04-SC,UOP02-DEL04-SC,2024
"581963,0",2024-02-19,segunda-feira,00:05:00,SC,101,"367,9",ICARA,Ausência de reação do condutor,Colisão com objeto,Com Vítimas Feridas,Plena Noite,Crescente,Garoa/Chuvisco,Dupla,Reta;Declive,Não,1,0,0,1,0,0,1,1,-28.69902011,-49.18647766,SPRF-SC,DEL02-SC,UOP01-DEL02-SC,2024
"581970,0",2024-02-19,segunda-feira,04:50:00,SC,101,"264,0",GAROPABA,Avarias e/ou desgaste excessivo no pneu,Colisão com objeto,Com Vítimas Feridas,Plena Noite,Decrescente,Céu Claro,Dupla,Curva,Não,2,0,0,2,0,0,2,1,-28.05594258,-48.7176919,SPRF-SC,DEL02-SC,UOP03-DEL02-SC,2024
"581973,0",2024-02-19,segunda-feira,05:30:00,SC,101,"405,8",ARARANGUA,Condutor usando celular,Saída de leito carroçável,Com Vítimas Feridas,Amanhecer,Decrescente,Nevoeiro/Neblina,Dupla,Reta,Não,2,0,1,0,1,0,1,1,-28.908344,-49.481178,SPRF-SC,DEL02-SC,UOP02-DEL02-SC,2024
"581979,0",2024-02-19,segunda-feira,07:15:00,SC,101,"200,7",BIGUACU,Manobra de mudança de faixa,Colisão lateral mesmo sentido,Com Vítimas Feridas,Pleno dia,Crescente,Céu Claro,Dupla,Reta,Não,2,0,1,0,1,0,1,2,-27.54018513,-48.62287714,SPRF-SC,DEL01-SC,UOP01-DEL01-SC,2024
"581981,0",2024-02-07,quarta-feira,09:35:00,SC,282,"5,5",SAO JOSE,Reação tardia ou ineficiente do condutor,Colisão lateral mesmo sentido,Sem Vítimas,Pleno dia,Decrescente,Céu Claro,Dupla,Reta,Sim,2,0,0,0,2,0,0,2,-27.588425,-48.612919,SPRF-SC,DEL01-SC,UOP01-DEL01-SC,2024
"581988,0",2024-02-19,segunda-feira,07:15:00,SC,470,"54,1",BLUMENAU,Conversão proibida,Colisão frontal,Com Vítimas Feridas,Pleno dia,Crescente,Céu Claro,Simples,Reta;Em Obras;Declive,Sim,2,0,1,0,1,0,1,2,-26.871065,-49.110374,SPRF-SC,DEL04-SC,UOP01-DEL04-SC,2024
"581998,0",2024-02-19,segunda-feira,07:50:00,SC,280,"28,0",ARAQUARI,Acessar a via sem observar a presença dos outros veículos,Colisão transversal,Com Vítimas Feridas,Pleno dia,Decrescente,Sol,Simples,Reta,Sim,3,0,1,0,2,0,1,2,-26.40450077,-48.74561031,SPRF-SC,DEL03-SC,UOP03-DEL03-SC,2024
"582022,0",2024-02-19,segunda-feira,10:30:00,SC,470,"50,0",BLUMENAU,Velocidade Incompatível,Colisão traseira,Com Vítimas Feridas,Pleno dia,Decrescente,Sol,Dupla,Reta,Sim,4,0,2,0,2,0,2,3,-26.860349,-49.07925904,SPRF-SC,DEL04-SC,UOP01-DEL04-SC,2024
"582032,0",2024-02-19,segunda-feira,08:37:00,SC,101,"205,0",SAO JOSE,Animais na Pista,Atropelamento de Animal,Sem Vítimas,Pleno dia,Crescente,Nublado,Simples,Curva,Sim,1,0,0,0,1,0,0,1,-27.58313237,-48.61532885,SPRF-SC,DEL01-SC,UOP01-DEL01-SC,2024
"582052,0",2024-02-19,segunda-feira,07:45:00,SC,280,"81,8",CORUPA,Condutor deixou de manter distância do veículo da frente,Colisão lateral mesmo sentido,Com Vítimas Feridas,Pleno dia,Crescente,Céu Claro,Simples,Reta,Sim,2,0,1,0,1,0,1,2,-26.43670412,-49.24016476,SPRF-SC,DEL06-SC,UOP03-DEL06-SC,2024
"582057,0",2024-02-19,segunda-feira,14:05:00,SC,280,"28,5",ARAQUARI,Acessar a via sem observar a presença dos outros veículos,Colisão transversal,Com Vítimas Feridas,Pleno dia,Decrescente,Céu Claro,Simples,Reta,Sim,3,0,1,0,2,0,1,2,-26.40450077,-48.74561031,SPRF-SC,DEL03-SC,UOP03-DEL03-SC,2024
"582069,0",2024-02-19,segunda-feira,15:00:00,SC,101,"110,0",PENHA,Demais falhas mecânicas ou elétricas,Queda de ocupante de veículo,Com Vítimas Feridas,Pleno dia,Decrescente,Sol,Dupla,Reta,Sim,1,0,0,1,0,0,1,1,-26.83477,-48.706151,SPRF-SC,DEL03-SC,UOP02-DEL03-SC,2024
"582077,0",2024-02-17,sábado,23:15:00,SC,470,"12,0",NAVEGANTES,Acumulo de água sobre o pavimento,Saída de leito carroçável,Com Vítimas Feridas,Plena Noite,Crescente,Chuva,Dupla,Reta,Não,3,0,3,0,0,0,3,1,-26.835169,-48.757267,SPRF-SC,DEL04-SC,UOP04-DEL04-SC,2024
"582078,0",2024-01-15,segunda-feira,07:10:00,SC,280,"82,0",CORUPA,Acessar a via sem observar a presença dos outros veículos,Colisão lateral sentido oposto,Com Vítimas Feridas,Amanhecer,Crescente,Céu Claro,Simples,Reta,Não,3,0,1,0,2,0,1,3,-26.44009491,-49.22605498,SPRF-SC,DEL06-SC,UOP03-DEL06-SC,2024
"582080,0",2024-02-19,segunda-feira,14:20:00,SC,470,"52,3",BLUMENAU,Desrespeitar a preferência no cruzamento,Colisão transversal,Com Vítimas Feridas,Pleno dia,Decrescente,Sol,Simples,Retorno Regulamentado,Sim,3,0,2,0,1,0,2,2,-26.86616821,-49.1003412,SPRF-SC,DEL04-SC,UOP01-DEL04-SC,2024
"582088,0",2024-02-19,segunda-feira,16:20:00,SC,101,"204,7",SAO JOSE,Condutor deixou de manter distância do veículo da frente,Colisão lateral mesmo sentido,Com Vítimas Feridas,Pleno dia,Decrescente,Céu Claro,Múltipla,Reta,Sim,2,0,1,0,1,0,1,2,-27.58039713,-48.61405134,SPRF-SC,DEL01-SC,UOP01-DEL01-SC,2024
"582128,0",2024-02-19,segunda-feira,20:15:00,SC,101,"132,8",BALNEARIO CAMBORIU,Reação tardia ou ineficiente do condutor,Colisão traseira,Com Vítimas Feridas,Plena Noite,Crescente,Céu Claro,Simples,Reta,Sim,2,0,0,1,1,0,1,2,-26.99654133,-48.65564711,SPRF-SC,DEL04-SC,UOP03-DEL04-SC,2024
"582145,0",2024-02-19,segunda-feira,21:30:00,SC,116,"34,2",ITAIOPOLIS,Condutor deixou de manter distância do veículo da frente,Colisão traseira,Com Vítimas Feridas,Plena Noite,Crescente,Chuva,Simples,Reta,Não,2,0,1,0,1,0,1,2,-26.33118709,-49.99664695,SPRF-SC,DEL06-SC,UOP01-DEL06-SC,2024
"582150,0",2024-02-19,segunda-feira,19:30:00,SC,101,"106,0",PENHA,Avarias e/ou desgaste excessivo no pneu,Queda de ocupante de veículo,Com Vítimas Feridas,Plena Noite,Crescente,Céu Claro,Dupla,Reta,Não,2,0,0,1,0,1,1,1,-26.81031601,-48.68293896,SPRF-SC,DEL03-SC,UOP02-DEL03-SC,2024
"582155,0",2024-02-20,terça-feira,05:10:00,SC,101,"123,2",ITAJAI,Ausência de reação do condutor,Tombamento,Com Vítimas Feridas,Pleno dia,Crescente,Nublado,Dupla,Reta;Viaduto;Declive,Não,1,0,0,1,0,0,1,1,-26.93668609,-48.69876905,SPRF-SC,DEL04-SC,UOP04-DEL04-SC,2024
"582180,0",2024-02-20,terça-feira,06:50:00,SC,470,"139,0",RIO DO SUL,Conversão proibida,Colisão transversal,Com Vítimas Feridas,Amanhecer,Crescente,Nublado,Simples,Reta,Sim,2,0,0,1,1,0,1,2,-27.217564,-49.65461,SPRF-SC,DEL04-SC,UOP02-DEL04-SC,2024
"582187,0",2024-02-20,terça-feira,08:05:00,SC,280,"167,8",MAFRA,Acessar a via sem observar a presença dos outros veículos,Colisão transversal,Com Vítimas Feridas,Pleno dia,Decrescente,Nublado,Simples,Retorno Regulamentado;Reta;Aclive,Sim,2,0,1,0,1,0,1,2,-26.16857105,-49.81820938,SPRF-SC,DEL06-SC,UOP01-DEL06-SC,2024
"582191,0",2024-02-20,terça-feira,08:50:00,SC,116,"5,5",MAFRA,Desrespeitar a preferência no cruzamento,Colisão transversal,Com Vítimas Feridas,Pleno dia,Decrescente,Garoa/Chuvisco,Simples,Interseção de Vias,Sim,3,0,2,0,1,0,2,2,-26.14094396,-49.81508303,SPRF-SC,DEL06-SC,UOP01-DEL06-SC,2024
"582192,0",2024-02-20,terça-feira,08:05:00,SC,101,"326,0",CAPIVARI DE BAIXO,Condutor deixou de manter distância do veículo da frente,Colisão traseira,Com Vítimas Feridas,Pleno dia,Crescente,Céu Claro,Dupla,Reta,Sim,3,0,1,0,2,0,1,3,-28.42524483,-48.94302707,SPRF-SC,DEL02-SC,UOP01-DEL02-SC,2024
"582210,0",2024-02-20,terça-feira,10:15:00,SC,280,"164,9",MAFRA,Acessar a via sem observar a presença dos outros veículos,Atropelamento de Pedestre,Com Vítimas Feridas,Pleno dia,Decrescente,Nublado,Simples,Reta,Sim,2,0,0,2,0,0,2,2,-26.19131398,-49.80487298,SPRF-SC,DEL06-SC,UOP01-DEL06-SC,2024
"582213,0",2024-02-20,terça-feira,10:40:00,SC,101,"204,0",SAO JOSE,Transitar na contramão,Queda de ocupante de veículo,Com Vítimas Feridas,Pleno dia,Crescente,Céu Claro,Múltipla,Aclive;Reta,Sim,2,0,1,0,1,0,1,2,-27.57413014,-48.61363083,SPRF-SC,DEL01-SC,UOP01-DEL01-SC,2024
"582217,0",2024-02-20,terça-feira,09:10:00,SC,101,"95,0",BARRA VELHA,Demais falhas mecânicas ou elétricas,Capotamento,Com Vítimas Feridas,Pleno dia,Crescente,Nublado,Simples,Viaduto;Aclive;Reta,Não,2,0,1,0,1,0,1,1,-26.71539749,-48.70275736,SPRF-SC,DEL03-SC,UOP02-DEL03-SC,2024
"582220,0",2024-02-20,terça-feira,10:00:00,SC,101,"152,0",ITAPEMA,Manobra de mudança de faixa,Colisão lateral mesmo sentido,Com Vítimas Feridas,Pleno dia,Decrescente,Céu Claro,Múltipla,Reta,Sim,2,0,1,0,1,0,1,2,-27.13563503,-48.61004665,SPRF-SC,DEL04-SC,UOP03-DEL04-SC,2024
"582232,0",2024-02-20,terça-feira,13:00:00,SC,282,"15,8",PALHOCA,Conversão proibida,Colisão lateral mesmo sentido,Com Vítimas Feridas,Pleno dia,Crescente,Céu Claro,Simples,Reta,Sim,3,0,2,0,1,0,2,2,-27.651848,-48.676048,SPRF-SC,DEL01-SC,UOP02-DEL01-SC,2024
"582260,0",2024-02-20,terça-feira,13:50:00,SC,101,"141,0",ITAPEMA,Condutor deixou de manter distância do veículo da frente,Colisão traseira,Com Vítimas Feridas,Pleno dia,Decrescente,Sol,Dupla,Reta,Não,2,0,1,0,1,0,1,2,-27.04761729,-48.59995855,SPRF-SC,DEL04-SC,UOP03-DEL04-SC,2024
"582277,0",2024-02-20,terça-feira,17:15:00,SC,470,"54,4",BLUMENAU,Ausência de reação do condutor,Colisão transversal,Com Vítimas Feridas,Pleno dia,Crescente,Nublado,Simples,Interseção de Vias,Não,2,0,1,0,1,0,1,2,-26.871065,-49.110374,SPRF-SC,DEL04-SC,UOP01-DEL04-SC,2024
"582285,0",2024-02-20,terça-feira,18:45:00,SC,470,"5,4",NAVEGANTES,Ingestão de álcool pelo condutor,Colisão traseira,Com Vítimas Feridas,Anoitecer,Crescente,Nublado,Dupla,Reta,Não,2,0,1,0,1,0,1,2,-26.855688,-48.700333,SPRF-SC,DEL04-SC,UOP04-DEL04-SC,2024
"582287,0",2024-02-20,terça-feira,18:20:00,SC,282,"15,5",PALHOCA,Desrespeitar a preferência no cruzamento,Colisão transversal,Com Vítimas Feridas,Pleno dia,Crescente,Céu Claro,Simples,Interseção de Vias;Em Obras,Sim,2,0,1,0,1,0,1,2,-27.651848,-48.676048,SPRF-SC,DEL01-SC,UOP02-DEL01-SC,2024
"582289,0",2024-02-20,terça-feira,18:50:00,SC,101,"204,0",SAO JOSE,Acessar a via sem observar a presença dos outros veículos,Colisão transversal,Com Vítimas Feridas,Anoitecer,Crescente,Céu Claro,Múltipla,Aclive,Sim,3,0,2,0,1,0,2,2,-27.57413014,-48.61363083,SPRF-SC,DEL01-SC,UOP01-DEL01-SC,2024
"582294,0",2024-02-20,terça-feira,18:45:00,SC,101,"207,0",SAO JOSE,Ausência de reação do condutor,Queda de ocupante de veículo,Com Vítimas Feridas,Plena Noite,Decrescente,Céu Claro,Dupla,Declive,Sim,1,0,1,0,0,0,1,1,-27.60001226,-48.6226467,SPRF-SC,DEL01-SC,UOP01-DEL01-SC,2024
"582306,0",2024-02-20,terça-feira,19:00:00,SC,101,"166,0",TIJUCAS,Avarias e/ou desgaste excessivo no pneu,Tombamento,Com Vítimas Feridas,Plena Noite,Crescente,Nublado,Dupla,Reta,Não,1,0,1,0,0,0,1,1,-27.26147697,-48.63180349,SPRF-SC,DEL04-SC,UOP03-DEL04-SC,2024
"582328,0",2024-02-21,quarta-feira,01:00:00,SC,116,"245,6",LAGES,Ingestão de álcool pelo condutor,Colisão com objeto,Sem Vítimas,Plena Noite,Crescente,Nublado,Simples,Interseção de Vias;Rotatória,Não,1,0,0,0,0,1,0,1,-27.79544281,-50.36187437,SPRF-SC,DEL05-SC,UOP02-DEL05-SC,2024
"582335,0",2024-02-21,quarta-feira,06:30:00,SC,101,"214,2",PALHOCA,Reação tardia ou ineficiente do condutor,Tombamento,Com Vítimas Feridas,Pleno dia,Decrescente,Céu Claro,Dupla,Reta,Sim,1,0,0,1,0,0,1,1,-27.64443,-48.67057,SPRF-SC,DEL01-SC,UOP02-DEL01-SC,2024
"582353,0",2024-02-21,quarta-feira,08:15:00,SC,101,"206,4",SAO JOSE,Acessar a via sem observar a presença dos outros veículos,Colisão transversal,Com Vítimas Feridas,Pleno dia,Crescente,Céu Claro,Dupla,Reta,Sim,2,0,1,0,1,0,1,2,-27.59193546,-48.61824557,SPRF-SC,DEL01-SC,UOP01-DEL01-SC,2024
"582368,0",2024-02-16,sexta-feira,22:00:00,SC,101,"216,8",PALHOCA,Reação tardia ou ineficiente do condutor,Colisão traseira,Com Vítimas Feridas,Plena Noite,Decrescente,Nublado,Dupla,Reta,Sim,2,0,1,0,1,0,1,2,-27.65981409,-48.67747798,SPRF-SC,DEL01-SC,UOP02-DEL01-SC,2024
"582372,0",2024-02-09,sexta-feira,11:10:00,SC,470,"43,0",GASPAR,Retorno proibido,Colisão transversal,Com Vítimas Feridas,Pleno dia,Crescente,Céu Claro,Dupla,Reta,Não,2,0,0,2,0,0,2,2,-26.874519,-49.013454,SPRF-SC,DEL04-SC,UOP01-DEL04-SC,2024
"582384,0",2024-02-21,quarta-feira,10:50:00,SC,101,"416,0",ARARANGUA,Reação tardia ou ineficiente do condutor,Colisão traseira,Com Vítimas Feridas,Pleno dia,Crescente,Céu Claro,Múltipla,Em Obras;Reta,Sim,5,0,2,0,3,0,2,3,-28.97231679,-49.52878654,SPRF-SC,DEL02-SC,UOP02-DEL02-SC,2024
"582388,0",2024-02-21,quarta-feira,11:50:00,SC,101,"113,9",ITAJAI,Condutor deixou de manter distância do veículo da frente,Colisão traseira,Com Vítimas Feridas,Pleno dia,Decrescente,Nublado,Múltipla,Reta,Sim,2,0,0,1,1,0,1,2,-26.85311393,-48.72689927,SPRF-SC,DEL04-SC,UOP04-DEL04-SC,2024
"582401,0",2024-02-21,quarta-feira,12:00:00,SC,163,"69,0",SAO MIGUEL DO OESTE,Afundamento ou ondulação no pavimento,Tombamento,Com Vítimas Feridas,Pleno dia,Decrescente,Nublado,Dupla,Em Obras;Curva,Sim,1,0,1,0,0,0,1,1,-26.74132699,-53.50120591,SPRF-SC,DEL07-SC,UOP03-DEL07-SC,2024
"582402,0",2024-02-21,quarta-feira,13:15:00,SC,101,"201,1",SAO JOSE,Reação tardia ou ineficiente do condutor,Tombamento,Com Vítimas Feridas,Pleno dia,Crescente,Céu Claro,Múltipla,Reta,Sim,1,0,1,0,0,0,1,1,-27.54836599,-48.61977975,SPRF-SC,DEL01-SC,UOP01-DEL01-SC,2024
"582405,0",2024-02-21,quarta-feira,13:25:00,SC,101,"147,2",ITAPEMA,Reação tardia ou ineficiente do condutor,Tombamento,Com Vítimas Feridas,Pleno dia,Crescente,Nublado,Múltipla,Declive;Reta,Sim,1,0,1,0,0,0,1,1,-27.09237407,-48.61730888,SPRF-SC,DEL04-SC,UOP03-DEL04-SC,2024
"582429,0",2024-02-21,quarta-feira,16:10:00,SC,101,"208,0",SAO JOSE,Reação tardia ou ineficiente do condutor,Colisão traseira,Com Vítimas Feridas,Pleno dia,Crescente,Céu Claro,Múltipla,Reta,Sim,2,0,1,0,1,0,1,2,-27.60327979,-48.63201818,SPRF-SC,DEL01-SC,UOP01-DEL01-SC,2024
"582432,0",2024-02-21,quarta-feira,16:10:00,SC,101,"134,2",BALNEARIO CAMBORIU,Acessar a via sem observar a presença dos outros veículos,Colisão transversal,Com Vítimas Feridas,Pleno dia,Crescente,Nublado,Múltipla,Reta;Interseção de Vias,Sim,2,0,1,0,1,0,1,2,-27.00218,-48.636433,SPRF-SC,DEL04-SC,UOP03-DEL04-SC,2024
"582444,0",2024-02-21,quarta-feira,16:55:00,SC,470,"74,0",INDAIAL,Transitar no Acostamento,Colisão traseira,Com Vítimas Feridas,Pleno dia,Crescente,Céu Claro,Dupla,Reta,Não,2,0,1,0,1,0,1,2,-26.916288,-49.280807,SPRF-SC,DEL04-SC,UOP01-DEL04-SC,2024
"582445,0",2024-02-21,quarta-feira,16:50:00,SC,101,"160,8",TIJUCAS,Ingestão de álcool pelo condutor,Colisão transversal,Com Vítimas Feridas,Pleno dia,Decrescente,Céu Claro,Simples,Reta,Sim,2,0,0,1,1,0,1,2,-27.20831288,-48.61987922,SPRF-SC,DEL04-SC,UOP03-DEL04-SC,2024
"582446,0",2024-02-21,quarta-feira,17:00:00,SC,101,"195,5",BIGUACU,Reação tardia ou ineficiente do condutor,Colisão lateral mesmo sentido,Sem Vítimas,Pleno dia,Decrescente,Nublado,Dupla,Reta,Sim,2,0,0,0,2,0,0,2,-27.5047092,-48.65010819,SPRF-SC,DEL01-SC,UOP01-DEL01-SC,2024
"582472,0",2024-02-21,quarta-feira,19:30:00,SC,282,"19,5",PALHOCA,Acessar a via sem observar a presença dos outros veículos,Colisão transversal,Com Vítimas Feridas,Plena Noite,Decrescente,Nublado,Simples,Reta,Sim,2,0,1,0,1,0,1,2,-27.6823975,-48.70757461,SPRF-SC,DEL01-SC,UOP02-DEL01-SC,2024
"582484,0",2024-02-21,quarta-feira,19:45:00,SC,101,"295,0",IMBITUBA,Reação tardia ou ineficiente do condutor,Colisão lateral mesmo sentido,Com Vítimas Feridas,Plena Noite,Crescente,Nublado,Múltipla,Declive;Reta,Não,3,0,3,0,0,0,3,2,-28.32380675,-48.72985303,SPRF-SC,DEL02-SC,UOP03-DEL02-SC,2024
"582488,0",2024-02-21,quarta-feira,20:50:00,SC,282,"17,5",PALHOCA,Desrespeitar a preferência no cruzamento,Colisão transversal,Com Vítimas Feridas,Plena Noite,Decrescente,Céu Claro,Simples,Reta,Sim,2,0,1,0,0,1,1,2,-27.66743275,-48.68956089,SPRF-SC,DEL01-SC,UOP02-DEL01-SC,2024
"582504,0",2024-02-21,quarta-feira,23:30:00,SC,101,"135,8",BALNEARIO CAMBORIU,Ingestão de álcool pelo condutor,Colisão traseira,Sem Vítimas,Plena Noite,Crescente,Nublado,Múltipla,Curva,Sim,2,0,0,0,2,0,0,2,-27.0050108,-48.62677494,SPRF-SC,DEL04-SC,UOP03-DEL04-SC,2024
"582519,0",2024-02-22,quinta-feira,06:00:00,SC,101,"290,0",IMBITUBA,Reação tardia ou ineficiente do condutor,Tombamento,Com Vítimas Feridas,Pleno dia,Crescente,Céu Claro,Dupla,Aclive;Reta,Não,2,0,2,0,0,0,2,1,-28.2620247659,-48.7040335527,SPRF-SC,DEL02-SC,UOP03-DEL02-SC,2024
"582530,0",2024-02-22,quinta-feira,06:40:00,SC,101,"137,0",BALNEARIO CAMBORIU,Reação tardia ou ineficiente do condutor,Queda de ocupante de veículo,Com Vítimas Feridas,Pleno dia,Decrescente,Nublado,Dupla,Reta,Sim,1,0,0,1,0,0,1,1,-27.0157238,-48.61192763,SPRF-SC,DEL04-SC,UOP03-DEL04-SC,2024
"582545,0",2024-02-22,quinta-feira,08:00:00,SC,282,"3,0",FLORIANOPOLIS,Manobra de mudança de faixa,Colisão lateral mesmo sentido,Com Vítimas Feridas,Pleno dia,Decrescente,Céu Claro,Múltipla,Curva,Sim,3,0,0,1,2,0,1,3,-27.600384,-48.599705,SPRF-SC,DEL01-SC,UOP01-DEL01-SC,2024
"582571,0",2024-02-22,quinta-feira,11:40:00,SC,470,"49,8",BLUMENAU,Ausência de reação do condutor,Tombamento,Com Vítimas Feridas,Pleno dia,Decrescente,Céu Claro,Simples,Reta,Não,1,0,1,0,0,0,1,1,-26.860662,-49.065159,SPRF-SC,DEL04-SC,UOP01-DEL04-SC,2024
"582609,0",2024-02-22,quinta-feira,15:25:00,SC,101,"82,7",BARRA VELHA,Reação tardia ou ineficiente do condutor,Colisão com objeto,Com Vítimas Feridas,Pleno dia,Decrescente,Céu Claro,Simples,Reta;Declive,Não,1,0,1,0,0,0,1,1,-26.618372,-48.718276,SPRF-SC,DEL03-SC,UOP02-DEL03-SC,2024
"582637,0",2024-02-22,quinta-feira,17:40:00,SC,470,"246,6",CURITIBANOS,Condutor deixou de manter distância do veículo da frente,Colisão lateral mesmo sentido,Com Vítimas Feridas,Anoitecer,Decrescente,Céu Claro,Simples,Reta;Aclive,Sim,7,0,1,0,4,2,1,3,-27.314163,-50.550713,SPRF-SC,DEL05-SC,UOP03-DEL05-SC,2024
"582652,0",2024-02-22,quinta-feira,17:40:00,SC,101,"44,3",JOINVILLE,Reação tardia ou ineficiente do condutor,Capotamento,Com Vítimas Feridas,Pleno dia,Crescente,Nublado,Dupla,Reta,Sim,3,0,2,0,0,1,2,2,-26.31238996,-48.87458997,SPRF-SC,DEL03-SC,UOP01-DEL03-SC,2024
"582670,0",2024-02-22,quinta-feira,16:30:00,SC,282,"501,3",XANXERE,Acessar a via sem observar a presença dos outros veículos,Colisão transversal,Com Vítimas Feridas,Pleno dia,Crescente,Sol,Simples,Interseção de Vias,Sim,4,0,1,1,2,0,2,2,-26.88244026,-52.38146067,SPRF-SC,DEL07-SC,UOP01-DEL07-SC,2024
"582676,0",2024-02-22,quinta-feira,18:30:00,SC,282,"273,5",SAO JOSE DO CERRITO,Pedestre andava na pista,Atropelamento de Pedestre,Com Vítimas Fatais,Anoitecer,Decrescente,Céu Claro,Simples,Reta;Declive,Não,2,1,0,0,1,0,0,2,-27.6140454,-50.7104734,SPRF-SC,DEL05-SC,UOP02-DEL05-SC,2024
"582682,0",2024-02-22,quinta-feira,22:10:00,SC,101,"207,0",SAO JOSE,Entrada inopinada do pedestre,Atropelamento de Pedestre,Com Vítimas Feridas,Plena Noite,Crescente,Garoa/Chuvisco,Dupla,Curva,Não,3,0,0,1,1,1,1,2,-27.60001226,-48.6226467,SPRF-SC,DEL01-SC,UOP01-DEL01-SC,2024
"582709,0",2024-02-23,sexta-feira,06:30:00,SC,282,"5,0",SAO JOSE,Trafegar com motocicleta (ou similar) entre as faixas,Colisão lateral mesmo sentido,Com Vítimas Feridas,Pleno dia,Decrescente,Sol,Dupla,Reta,Sim,4,0,1,0,3,0,1,4,-27.588425,-48.612919,SPRF-SC,DEL01-SC,UOP01-DEL01-SC,2024
"582717,0",2024-02-23,sexta-feira,07:20:00,SC,101,"156,0",PORTO BELO,Reação tardia ou ineficiente do condutor,Colisão traseira,Com Vítimas Feridas,Pleno dia,Decrescente,Sol,Múltipla,Reta,Sim,2,0,1,0,1,0,1,2,-27.17142957,-48.61131549,SPRF-SC,DEL04-SC,UOP03-DEL04-SC,2024
"582720,0",2024-02-23,sexta-feira,07:20:00,SC,101,"210,0",SAO JOSE,Manobra de mudança de faixa,Colisão lateral mesmo sentido,Com Vítimas Feridas,Pleno dia,Decrescente,Sol,Múltipla,Reta,Sim,2,0,1,0,1,0,1,2,-27.6167305,-48.6457265,SPRF-SC,DEL01-SC,UOP01-DEL01-SC,2024
"582722,0",2024-02-23,sexta-feira,07:40:00,SC,470,"60,2",BLUMENAU,Acessar a via sem observar a presença dos outros veículos,Colisão transversal,Com Vítimas Feridas,Pleno dia,Decrescente,Céu Claro,Simples,Retorno Regulamentado,Não,2,0,1,0,1,0,1,2,-26.88138,-49.164543,SPRF-SC,DEL04-SC,UOP01-DEL04-SC,2024
"582735,0",2024-02-23,sexta-feira,08:30:00,SC,101,"202,7",SAO JOSE,Condutor deixou de manter distância do veículo da frente,Engavetamento,Com Vítimas Feridas,Pleno dia,Decrescente,Céu Claro,Dupla,Reta,Não,9,0,1,0,8,0,1,4,-27.55711595,-48.61897889,SPRF-SC,DEL01-SC,UOP01-DEL01-SC,2024
"582772,0",2024-02-23,sexta-feira,11:43:00,SC,470,"135,7",RIO DO SUL,Acessar a via sem observar a presença dos outros veículos,Colisão transversal,Com Vítimas Feridas,Pleno dia,Crescente,Céu Claro,Simples,Interseção de Vias;Reta,Sim,2,0,0,1,1,0,1,2,-27.18326455,-49.60237026,SPRF-SC,DEL04-SC,UOP02-DEL04-SC,2024
"582781,0",2024-02-23,sexta-feira,13:05:00,SC,282,"6,0",SAO JOSE,Manobra de mudança de faixa,Colisão lateral mesmo sentido,Sem Vítimas,Pleno dia,Crescente,Céu Claro,Dupla,Curva,Não,1,0,0,0,1,0,0,1,-27.591936,-48.618244,SPRF-SC,DEL01-SC,UOP01-DEL01-SC,2024
"582793,0",2024-02-23,sexta-feira,13:55:00,SC,101,"286,0",IMBITUBA,Frear bruscamente,Colisão traseira,Com Vítimas Feridas,Pleno dia,Decrescente,Céu Claro,Dupla,Curva;Aclive,Não,3,0,1,0,2,0,1,2,-28.22947996,-48.70163526,SPRF-SC,DEL02-SC,UOP03-DEL02-SC,2024
"582821,0",2024-02-23,sexta-feira,16:15:00,SC,101,"200,3",SAO JOSE,Condutor deixou de manter distância do veículo da frente,Colisão traseira,Com Vítimas Feridas,Pleno dia,Crescente,Céu Claro,Múltipla,Reta,Sim,2,0,1,0,1,0,1,2,-27.54018513,-48.62287714,SPRF-SC,DEL01-SC,UOP01-DEL01-SC,2024
"582831,0",2024-02-23,sexta-feira,17:00:00,SC,470,"45,6",GASPAR,Acessar a via sem observar a presença dos outros veículos,Colisão lateral mesmo sentido,Com Vítimas Feridas,Pleno dia,Crescente,Nublado,Simples,Em Obras;Reta;Interseção de Vias,Sim,2,0,1,0,1,0,1,2,-26.867064,-49.031109,SPRF-SC,DEL04-SC,UOP01-DEL04-SC,2024
"582833,0",2024-02-23,sexta-feira,14:30:00,SC,470,"123,0",IBIRAMA,Ausência de reação do condutor,Saída de leito carroçável,Com Vítimas Feridas,Pleno dia,Decrescente,Céu Claro,Dupla,Curva,Não,1,0,1,0,0,0,1,1,-27.106783,-49.522049,SPRF-SC,DEL04-SC,UOP02-DEL04-SC,2024