id,data_inversa,dia_semana,horario,uf,br,km,municipio,causa_acidente,tipo_acidente,classificacao_acidente,fase_dia,sentido_via,condicao_metereologica,tipo_pista,tracado_via,uso_solo,pessoas,mortos,feridos_leves,feridos_graves,ilesos,ignorados,feridos,veiculos,latitude,longitude,regional,delegacia,uop,ano_arquivo
"582846,0",2024-02-23,sexta-feira,16:45:00,SC,280,"78,8",CORUPA,Transitar na contramão,Colisão frontal,Com Vítimas Feridas,Pleno dia,Decrescente,Chuva,Simples,Reta,Sim,4,0,1,3,0,0,4,2,-26.44270827,-49.21107888,SPRF-SC,DEL06-SC,UOP03-DEL06-SC,2024
"582855,0",2024-02-20,terça-feira,07:25:00,SC,470,"45,5",BLUMENAU,Acessar a via sem observar a presença dos outros veículos,Queda de ocupante de veículo,Com Vítimas Feridas,Pleno dia,Decrescente,Céu Claro,Simples,Reta;Interseção de Vias;Em Obras,Sim,2,0,1,0,1,0,1,2,-26.867064,-49.031109,SPRF-SC,DEL04-SC,UOP01-DEL04-SC,2024
"582877,0",2024-02-23,sexta-feira,20:50:00,SC,101,"6,8",GARUVA,Objeto estático sobre o leito carroçável,Saída de leito carroçável,Com Vítimas Feridas,Plena Noite,Crescente,Céu Claro,Dupla,Reta,Não,1,0,0,1,0,0,1,1,-26.03593,-48.860302,SPRF-SC,DEL03-SC,UOP01-DEL03-SC,2024
"582892,0",2024-02-23,sexta-feira,22:35:00,SC,282,"215,5",LAGES,Ultrapassagem Indevida,Colisão lateral mesmo sentido,Com Vítimas Feridas,Plena Noite,Crescente,Céu Claro,Simples,Interseção de Vias,Sim,2,0,1,0,1,0,1,2,-27.7942877,-50.2844131,SPRF-SC,DEL05-SC,UOP01-DEL05-SC,2024
"582922,0",2024-02-24,sábado,04:04:00,SC,101,"205,0",SAO JOSE,Condutor Dormindo,Colisão com objeto,Sem Vítimas,Amanhecer,Decrescente,Céu Claro,Dupla,Reta;Interseção de Vias,Sim,1,0,0,0,1,0,0,1,-27.58308833,-48.61497402,SPRF-SC,DEL01-SC,UOP01-DEL01-SC,2024
"582927,0",2024-02-24,sábado,05:20:00,SC,282,"214,0",LAGES,Transitar na contramão,Colisão frontal,Com Vítimas Feridas,Amanhecer,Crescente,Nublado,Simples,Aclive;Reta;Rotatória,Não,3,0,3,0,0,0,3,3,-27.78937,-50.271915,SPRF-SC,DEL05-SC,UOP01-DEL05-SC,2024
"582929,0",2024-02-24,sábado,06:40:00,SC,101,"199,3",SAO JOSE,Acessar a via sem observar a presença dos outros veículos,Colisão transversal,Com Vítimas Feridas,Amanhecer,Crescente,Céu Claro,Simples,Reta,Não,2,0,1,0,1,0,1,2,-27.53413705,-48.63003205,SPRF-SC,DEL01-SC,UOP01-DEL01-SC,2024
"582942,0",2024-02-24,sábado,06:40:00,SC,101,"228,2",PALHOCA,Ausência de reação do condutor,Tombamento,Com Vítimas Feridas,Pleno dia,Crescente,Céu Claro,Simples,Reta,Sim,1,0,0,1,0,0,1,1,-27.7597249,-48.63078869,SPRF-SC,DEL01-SC,UOP02-DEL01-SC,2024
"582947,0",2024-02-24,sábado,07:45:00,SC,280,"25,5",ARAQUARI,Reação tardia ou ineficiente do condutor,Colisão traseira,Com Vítimas Feridas,Pleno dia,Crescente,Céu Claro,Simples,Reta,Sim,3,0,2,0,1,0,2,2,-26.38352781,-48.72677516,SPRF-SC,DEL03-SC,UOP03-DEL03-SC,2024
"582952,0",2024-02-24,sábado,08:05:00,SC,101,"196,0",BIGUACU,Ingestão de álcool pelo condutor,Saída de leito carroçável,Com Vítimas Feridas,Pleno dia,Crescente,Céu Claro,Múltipla,Reta,Sim,2,0,1,0,0,1,1,2,-27.51101091,-48.64322292,SPRF-SC,DEL01-SC,UOP01-DEL01-SC,2024
"582960,0",2024-02-24,sábado,08:52:00,SC,101,"207,6",SAO JOSE,Manobra de mudança de faixa,Colisão lateral mesmo sentido,Com Vítimas Feridas,Pleno dia,Decrescente,Céu Claro,Múltipla,Declive;Reta,Não,2,0,1,0,1,0,1,2,-27.60001226,-48.6226467,SPRF-SC,DEL01-SC,UOP01-DEL01-SC,2024
"582974,0",2024-02-24,sábado,10:15:00,SC,282,"16,4",PALHOCA,Trafegar com motocicleta (ou similar) entre as faixas,Colisão transversal,Com Vítimas Feridas,Pleno dia,Crescente,Céu Claro,Simples,Reta,Não,3,0,1,0,2,0,1,2,-27.658611,-48.681847,SPRF-SC,DEL01-SC,UOP02-DEL01-SC,2024
"582978,0",2024-02-24,sábado,11:00:00,SC,101,"206,0",SAO JOSE,Ausência de reação do condutor,Colisão traseira,Com Vítimas Feridas,Pleno dia,Decrescente,Céu Claro,Dupla,Reta,Sim,2,0,1,0,1,0,1,2,-27.59193546,-48.61824557,SPRF-SC,DEL01-SC,UOP01-DEL01-SC,2024
"582986,0",2024-02-24,sábado,11:55:00,SC,101,"198,8",BIGUACU,Manobra de mudança de faixa,Colisão lateral mesmo sentido,Com Vítimas Feridas,Pleno dia,Decrescente,Céu Claro,Dupla,Reta,Sim,3,0,2,0,1,0,2,2,-27.52658712,-48.63506019,SPRF-SC,DEL01-SC,UOP01-DEL01-SC,2024
"583004,0",2024-02-24,sábado,12:10:00,SC,101,"412,0",ARARANGUA,Ingestão de álcool pelo condutor,Colisão traseira,Com Vítimas Feridas,Pleno dia,Crescente,Céu Claro,Simples,Reta,Sim,2,0,1,0,1,0,1,2,-28.939333,-49.497513,SPRF-SC,DEL02-SC,UOP02-DEL02-SC,2024
"583013,0",2024-02-24,sábado,14:40:00,SC,470,"49,3",BLUMENAU,Pista Escorregadia,Colisão frontal,Com Vítimas Feridas,Pleno dia,Crescente,Chuva,Dupla,Curva;Interseção de Vias,Sim,3,0,2,0,1,0,2,2,-26.8614334,-49.06838536,SPRF-SC,DEL04-SC,UOP01-DEL04-SC,2024
"583029,0",2024-02-24,sábado,15:20:00,SC,101,"333,0",TUBARAO,Manobra de mudança de faixa,Colisão lateral mesmo sentido,Sem Vítimas,Pleno dia,Decrescente,Céu Claro,Dupla,Túnel,Não,2,0,0,0,2,0,0,2,-28.46630107,-48.99653096,SPRF-SC,DEL02-SC,UOP01-DEL02-SC,2024
"583035,0",2024-02-24,sábado,06:00:00,SC,480,"126,5",CHAPECO,Ingestão de álcool pelo condutor,Saída de leito carroçável,Sem Vítimas,Amanhecer,Decrescente,Céu Claro,Dupla,Reta,Não,1,0,0,0,0,1,0,1,-27.020083,-52.636024,SPRF-SC,DEL07-SC,UOP01-DEL07-SC,2024
"583052,0",2024-02-24,sábado,17:00:00,SC,101,"443,3",SANTA ROSA DO SUL,Ingestão de álcool pelo condutor,Colisão traseira,Sem Vítimas,Pleno dia,Decrescente,Céu Claro,Simples,Reta,Sim,2,0,0,0,2,0,0,2,-29.13596898,-49.70867157,SPRF-SC,DEL02-SC,UOP02-DEL02-SC,2024
"583055,0",2024-02-24,sábado,17:55:00,SC,101,"148,0",ITAPEMA,Reação tardia ou ineficiente do condutor,Colisão lateral mesmo sentido,Com Vítimas Feridas,Anoitecer,Crescente,Nublado,Dupla,Reta,Sim,4,0,1,0,3,0,1,4,-27.10123686,-48.61807962,SPRF-SC,DEL04-SC,UOP03-DEL04-SC,2024
"583065,0",2024-02-24,sábado,18:00:00,SC,101,"343,0",TUBARAO,Ingestão de álcool pelo condutor,Colisão traseira,Sem Vítimas,Pleno dia,Crescente,Céu Claro,Dupla,Reta,Não,5,0,0,0,5,0,0,2,-28.543668,-49.053424,SPRF-SC,DEL02-SC,UOP01-DEL02-SC,2024
"583088,0",2024-02-24,sábado,21:25:00,SC,280,"46,8",GUARAMIRIM,Acessar a via sem observar a presença dos outros veículos,Colisão transversal,Com Vítimas Feridas,Plena Noite,Crescente,Chuva,Simples,Aclive;Reta;Interseção de Vias,Não,3,0,0,2,1,0,2,3,-26.45314994,-48.91017795,SPRF-SC,DEL03-SC,UOP03-DEL03-SC,2024
"583116,0",2024-02-24,sábado,23:30:00,SC,101,"222,0",PALHOCA,Avarias e/ou desgaste excessivo no pneu,Queda de ocupante de veículo,Com Vítimas Feridas,Plena Noite,Crescente,Nublado,Dupla,Reta,Não,2,0,2,0,0,0,2,1,-27.70865409,-48.65586407,SPRF-SC,DEL01-SC,UOP02-DEL01-SC,2024
"583117,0",2024-02-24,sábado,22:10:00,SC,101,"454,9",SAO JOAO DO SUL,Falta de acostamento,Colisão traseira,Com Vítimas Feridas,Plena Noite,Decrescente,Ignorado,Simples,Reta,Sim,2,0,1,1,0,0,2,2,-29.22619351,-49.75982666,SPRF-SC,DEL02-SC,UOP02-DEL02-SC,2024
"583122,0",2024-02-24,sábado,22:30:00,SC,101,"13,0",GARUVA,Ingestão de álcool pelo condutor,Saída de leito carroçável,Com Vítimas Feridas,Plena Noite,Crescente,Chuva,Múltipla,Declive;Reta,Não,4,0,2,0,2,0,2,1,-26.09036771,-48.86377573,SPRF-SC,DEL03-SC,UOP01-DEL03-SC,2024
"583135,0",2024-02-25,domingo,01:30:00,SC,101,"213,0",PALHOCA,Ingestão de álcool pelo condutor,Saída de leito carroçável,Sem Vítimas,Plena Noite,Decrescente,Garoa/Chuvisco,Dupla,Reta,Sim,1,0,0,0,1,0,0,1,-27.63697369,-48.66514142,SPRF-SC,DEL01-SC,UOP02-DEL01-SC,2024
"583139,0",2024-02-25,domingo,01:00:00,SC,101,"459,0",PASSO DE TORRES,Ausência de reação do condutor,Queda de ocupante de veículo,Com Vítimas Feridas,Plena Noite,Crescente,Céu Claro,Dupla,Reta,Não,2,0,2,0,0,0,2,1,-29.249493,-49.75304901,SPRF-RS,DEL03-RS,UOP02-DEL03-RS,2024
"583148,0",2024-02-25,domingo,03:20:00,SC,470,"99,9",APIUNA,Velocidade Incompatível,Colisão com objeto,Com Vítimas Feridas,Plena Noite,Decrescente,Céu Claro,Simples,Reta,Não,4,0,2,0,1,1,2,2,-27.037956,-49.393417,SPRF-SC,DEL04-SC,UOP02-DEL04-SC,2024
"583166,0",2024-02-25,domingo,05:30:00,SC,101,"121,0",ITAJAI,Ingestão de álcool pelo condutor,Colisão com objeto,Com Vítimas Feridas,Amanhecer,Crescente,Nublado,Dupla,Reta,Não,1,0,1,0,0,0,1,1,-26.92103178,-48.70856446,SPRF-SC,DEL04-SC,UOP04-DEL04-SC,2024
"583172,0",2024-02-25,domingo,06:55:00,SC,101,"203,0",SAO JOSE,Reação tardia ou ineficiente do condutor,Colisão com objeto,Com Vítimas Feridas,Pleno dia,Crescente,Chuva,Múltipla,Reta,Sim,2,0,1,1,0,0,2,1,-27.55711595,-48.61897889,SPRF-SC,DEL01-SC,UOP01-DEL01-SC,2024
"583185,0",2024-02-25,domingo,07:40:00,SC,101,"49,0",JOINVILLE,Pista Escorregadia,Tombamento,Com Vítimas Feridas,Pleno dia,Crescente,Chuva,Dupla,Reta,Não,2,0,0,1,1,0,1,1,-26.38560338,-48.84774685,SPRF-SC,DEL03-SC,UOP01-DEL03-SC,2024
"583190,0",2024-02-25,domingo,07:50:00,SC,101,"138,6",BALNEARIO CAMBORIU,Pista Escorregadia,Colisão com objeto,Com Vítimas Feridas,Pleno dia,Decrescente,Chuva,Simples,Curva,Não,1,0,1,0,0,0,1,1,-27.02397426,-48.60761649,SPRF-SC,DEL04-SC,UOP03-DEL04-SC,2024
"583195,0",2024-02-25,domingo,04:35:00,SC,480,"125,4",CHAPECO,Ingestão de álcool pelo condutor,Colisão com objeto,Com Vítimas Feridas,Plena Noite,Decrescente,Céu Claro,Dupla,Interseção de Vias;Retorno Regulamentado,Não,1,0,1,0,0,0,1,1,-27.014944,-52.637511,SPRF-SC,DEL07-SC,UOP01-DEL07-SC,2024
"583224,0",2024-02-25,domingo,13:40:00,SC,101,"206,8",FLORIANOPOLIS,Ausência de reação do condutor,Tombamento,Com Vítimas Feridas,Pleno dia,Crescente,Céu Claro,Múltipla,Reta,Sim,2,0,2,0,0,0,2,1,-27.59193546,-48.61824557,SPRF-SC,DEL01-SC,UOP01-DEL01-SC,2024
"583238,0",2024-02-25,domingo,05:30:00,SC,101,"389,0",CRICIUMA,Condutor Dormindo,Saída de leito carroçável,Com Vítimas Feridas,Plena Noite,Crescente,Nublado,Múltipla,Reta,Não,1,0,0,1,0,0,1,1,-28.79968369,-49.36273634,SPRF-SC,DEL02-SC,UOP02-DEL02-SC,2024
"583245,0",2024-02-25,domingo,14:33:00,SC,101,"51,0",JOINVILLE,Chuva,Colisão com objeto,Sem Vítimas,Pleno dia,Decrescente,Chuva,Dupla,Interseção de Vias;Curva,Sim,1,0,0,0,1,0,0,1,-26.38506771,-48.84917582,SPRF-SC,DEL03-SC,UOP01-DEL03-SC,2024
"583253,0",2024-02-25,domingo,14:45:00,SC,282,"404,0",CATANDUVAS,Velocidade Incompatível,Saída de leito carroçável,Com Vítimas Feridas,Pleno dia,Crescente,Chuva,Simples,Curva,Não,1,0,1,0,0,0,1,1,-27.104719,-51.644424,SPRF-SC,DEL07-SC,UOP05-DEL07-SC,2024
"583284,0",2024-02-25,domingo,19:45:00,SC,101,"351,9",JAGUARUNA,Acesso irregular,Colisão traseira,Com Vítimas Feridas,Plena Noite,Decrescente,Garoa/Chuvisco,Dupla,Reta,Não,2,0,1,0,1,0,1,2,-28.5977641,-49.04943589,SPRF-SC,DEL02-SC,UOP01-DEL02-SC,2024
"583285,0",2024-02-25,domingo,20:00:00,SC,280,"6,1",SAO FRANCISCO DO SUL,Acessar a via sem observar a presença dos outros veículos,Atropelamento de Pedestre,Com Vítimas Feridas,Plena Noite,Crescente,Garoa/Chuvisco,Simples,Reta,Sim,2,0,0,1,1,0,1,2,-26.26569095,-48.63361804,SPRF-SC,DEL03-SC,UOP03-DEL03-SC,2024
"583298,0",2024-02-25,domingo,09:35:00,SC,101,"273,3",IMBITUBA,Condutor usando celular,Saída de leito carroçável,Sem Vítimas,Pleno dia,Crescente,Garoa/Chuvisco,Dupla,Em Obras;Reta,Sim,1,0,0,0,1,0,0,1,-28.12382408,-48.69625015,SPRF-SC,DEL02-SC,UOP03-DEL02-SC,2024
"583325,0",2024-02-25,domingo,20:15:00,SC,282,"40,6",AGUAS MORNAS,Condutor deixou de manter distância do veículo da frente,Engavetamento,Com Vítimas Feridas,Plena Noite,Decrescente,Nublado,Simples,Curva,Não,9,0,0,1,8,0,1,3,-27.716148,-48.869583,SPRF-SC,DEL01-SC,UOP03-DEL01-SC,2024
"583334,0",2024-02-25,domingo,22:52:00,SC,101,"136,4",BALNEARIO CAMBORIU,Velocidade Incompatível,Tombamento,Com Vítimas Feridas,Plena Noite,Crescente,Céu Claro,Simples,Viaduto;Curva,Sim,1,0,1,0,0,0,1,1,-27.0121846,-48.61546755,SPRF-SC,DEL04-SC,UOP03-DEL04-SC,2024
"583340,0",2024-02-25,domingo,23:48:00,SC,101,"420,5",ARARANGUA,Pista Escorregadia,Tombamento,Com Vítimas Feridas,Plena Noite,Decrescente,Garoa/Chuvisco,Simples,Reta,Não,1,0,1,0,0,0,1,1,-29.002602,-49.559422,SPRF-SC,DEL02-SC,UOP02-DEL02-SC,2024
"583341,0",2024-02-25,domingo,18:20:00,SC,282,"91,5",ALFREDO WAGNER,Pedestre - Ingestão de álcool/ substâncias psicoativas,Queda de ocupante de veículo,Com Vítimas Feridas,Pleno dia,Crescente,Nublado,Simples,Reta,Sim,1,0,1,0,0,0,1,1,-27.71060937,-49.2670083,SPRF-SC,DEL01-SC,UOP03-DEL01-SC,2024
"583353,0",2024-02-26,segunda-feira,01:55:00,SC,101,"160,6",TIJUCAS,Acesso irregular,Saída de leito carroçável,Sem Vítimas,Plena Noite,Decrescente,Nublado,Múltipla,Reta,Não,1,0,0,0,0,1,0,1,-27.20831288,-48.61987922,SPRF-SC,DEL04-SC,UOP03-DEL04-SC,2024
"583361,0",2024-02-26,segunda-feira,02:00:00,SC,101,"131,5",BALNEARIO CAMBORIU,Suicídio (presumido),Atropelamento de Pedestre,Com Vítimas Feridas,Plena Noite,Crescente,Nublado,Múltipla,Curva,Sim,2,0,1,0,0,1,1,2,-26.99064209,-48.66310912,SPRF-SC,DEL04-SC,UOP03-DEL04-SC,2024
"583362,0",2024-02-26,segunda-feira,03:30:00,SC,101,"425,0",ARARANGUA,Avarias e/ou desgaste excessivo no pneu,Tombamento,Com Vítimas Feridas,Plena Noite,Crescente,Chuva,Dupla,Viaduto;Reta,Sim,2,0,2,0,0,0,2,1,-29.02228883,-49.59373355,SPRF-SC,DEL02-SC,UOP02-DEL02-SC,2024
"583363,0",2024-02-25,domingo,18:10:00,SC,470,"111,0",APIUNA,Afundamento ou ondulação no pavimento,Tombamento,Com Vítimas Feridas,Pleno dia,Crescente,Céu Claro,Simples,Ponte;Curva,Não,1,0,1,0,0,0,1,1,-27.095388,-49.457878,SPRF-SC,DEL04-SC,UOP02-DEL04-SC,2024
"583374,0",2024-02-26,segunda-feira,07:00:00,SC,101,"233,4",PALHOCA,Reação tardia ou ineficiente do condutor,Queda de ocupante de veículo,Com Vítimas Feridas,Pleno dia,Crescente,Chuva,Dupla,Curva;Declive,Não,1,0,0,1,0,0,1,1,-27.80376397,-48.63826211,SPRF-SC,DEL01-SC,UOP02-DEL01-SC,2024
"583389,0",2024-02-26,segunda-feira,08:00:00,SC,280,"27,4",ARAQUARI,Ultrapassagem Indevida,Colisão transversal,Com Vítimas Feridas,Pleno dia,Decrescente,Chuva,Simples,Reta,Sim,2,0,1,0,1,0,1,2,-26.39685622,-48.74021969,SPRF-SC,DEL03-SC,UOP03-DEL03-SC,2024
"583414,0",2024-02-26,segunda-feira,07:30:00,SC,101,"215,5",PALHOCA,Frear bruscamente,Queda de ocupante de veículo,Com Vítimas Feridas,Pleno dia,Decrescente,Garoa/Chuvisco,Múltipla,Reta,Sim,1,0,0,1,0,0,1,1,-27.65184843,-48.67604941,SPRF-SC,DEL01-SC,UOP02-DEL01-SC,2024
"583415,0",2024-02-26,segunda-feira,09:00:00,SC,282,"539,8",CHAPECO,Condutor usando celular,Saída de leito carroçável,Com Vítimas Feridas,Pleno dia,Decrescente,Sol,Simples,Reta,Não,1,0,1,0,0,0,1,1,-26.993254,-52.681767,SPRF-SC,DEL07-SC,UOP01-DEL07-SC,2024
"583422,0",2024-02-26,segunda-feira,10:10:00,SC,101,"207,5",SAO JOSE,Condutor deixou de manter distância do veículo da frente,Colisão traseira,Com Vítimas Feridas,Pleno dia,Decrescente,Nublado,Múltipla,Declive;Reta,Sim,2,0,1,0,1,0,1,2,-27.60199525,-48.62811685,SPRF-SC,DEL01-SC,UOP01-DEL01-SC,2024
"583427,0",2024-02-26,segunda-feira,10:30:00,SC,101,"205,6",SAO JOSE,Condutor deixou de manter distância do veículo da frente,Colisão traseira,Com Vítimas Feridas,Pleno dia,Decrescente,Nublado,Múltipla,Reta,Sim,3,0,1,0,2,0,1,3,-27.58313237,-48.61532885,SPRF-SC,DEL01-SC,UOP01-DEL01-SC,2024
"583451,0",2024-02-26,segunda-feira,12:00:00,SC,282,"72,1",RANCHO QUEIMADO,Velocidade Incompatível,Saída de leito carroçável,Com Vítimas Feridas,Pleno dia,Crescente,Chuva,Simples,Curva,Sim,3,0,2,1,0,0,3,1,-27.683439,-49.105259,SPRF-SC,DEL01-SC,UOP03-DEL01-SC,2024
"583467,0",2024-02-26,segunda-feira,14:25:00,SC,101,"215,5",PALHOCA,Reação tardia ou ineficiente do condutor,Atropelamento de Pedestre,Com Vítimas Feridas,Pleno dia,Decrescente,Chuva,Múltipla,Reta,Sim,3,0,2,0,1,0,2,2,-27.65184843,-48.67604941,SPRF-SC,DEL01-SC,UOP02-DEL01-SC,2024
"583469,0",2024-02-26,segunda-feira,10:30:00,SC,101,"209,0",SAO JOSE,Frear bruscamente,Colisão traseira,Com Vítimas Feridas,Pleno dia,Crescente,Chuva,Múltipla,Reta,Não,2,0,1,0,0,1,1,2,-27.61000542,-48.63895057,SPRF-SC,DEL01-SC,UOP01-DEL01-SC,2024
"583480,0",2024-02-26,segunda-feira,13:40:00,SC,280,"12,1",SAO FRANCISCO DO SUL,Ausência de reação do condutor,Tombamento,Com Vítimas Feridas,Pleno dia,Decrescente,Chuva,Simples,Reta,Não,1,0,0,1,0,0,1,1,-26.31323107,-48.64449483,SPRF-SC,DEL03-SC,UOP03-DEL03-SC,2024
"583489,0",2024-02-26,segunda-feira,12:00:00,SC,470,"207,0",PONTE ALTA,Ausência de reação do condutor,Saída de leito carroçável,Sem Vítimas,Pleno dia,Decrescente,Nublado,Simples,Curva,Não,1,0,0,0,0,1,0,1,-27.291355,-50.194443,SPRF-SC,DEL05-SC,UOP03-DEL05-SC,2024
"583492,0",2024-02-26,segunda-feira,17:10:00,SC,101,"213,4",PALHOCA,Reação tardia ou ineficiente do condutor,Colisão com objeto,Com Vítimas Feridas,Pleno dia,Crescente,Chuva,Múltipla,Reta,Sim,1,0,0,1,0,0,1,1,-27.63697369,-48.66514142,SPRF-SC,DEL01-SC,UOP02-DEL01-SC,2024
"583501,0",2024-02-26,segunda-feira,14:20:00,SC,116,"5,0",MAFRA,Acessar a via sem observar a presença dos outros veículos,Colisão lateral mesmo sentido,Com Vítimas Feridas,Pleno dia,Crescente,Céu Claro,Simples,Interseção de Vias,Sim,2,0,1,0,0,1,1,2,-26.14094396,-49.81508303,SPRF-SC,DEL06-SC,UOP01-DEL06-SC,2024
"583520,0",2024-02-26,segunda-feira,19:29:00,SC,280,"22,8",ARAQUARI,Condutor deixou de manter distância do veículo da frente,Colisão traseira,Sem Vítimas,Plena Noite,Decrescente,Céu Claro,Simples,Reta,Sim,2,0,0,0,2,0,0,2,-26.37092616,-48.70204099,SPRF-SC,DEL03-SC,UOP03-DEL03-SC,2024
"583528,0",2024-02-26,segunda-feira,17:40:00,SC,101,"399,0",MARACAJA,Reação tardia ou ineficiente do condutor,Colisão transversal,Com Vítimas Feridas,Pleno dia,Decrescente,Chuva,Dupla,Curva,Sim,2,0,0,1,0,1,1,2,-28.84171475,-49.42814418,SPRF-SC,DEL02-SC,UOP02-DEL02-SC,2024
"583539,0",2024-02-26,segunda-feira,18:50:00,SC,101,"298,6",LAGUNA,Ausência de reação do condutor,Colisão traseira,Com Vítimas Feridas,Plena Noite,Crescente,Nublado,Dupla,Curva,Não,3,0,1,0,2,0,1,2,-28.32102597,-48.72829906,SPRF-SC,DEL02-SC,UOP03-DEL02-SC,2024
"583547,0",2024-02-26,segunda-feira,16:25:00,SC,282,"555,8",NOVA ITABERABA,Velocidade Incompatível,Saída de leito carroçável,Com Vítimas Feridas,Pleno dia,Crescente,Céu Claro,Simples,Reta,Não,2,0,1,0,1,0,1,1,-26.935896,-52.810684,SPRF-SC,DEL07-SC,UOP01-DEL07-SC,2024
"583566,0",2024-02-27,terça-feira,00:50:00,SC,282,"4,5",SAO JOSE,Demais falhas mecânicas ou elétricas,Incêndio,Sem Vítimas,Plena Noite,Crescente,Nublado,Múltipla,Declive;Reta,Sim,1,0,0,0,0,1,0,1,-27.592646,-48.604034,SPRF-SC,DEL01-SC,UOP01-DEL01-SC,2024
"583571,0",2024-02-26,segunda-feira,21:20:00,SC,101,"32,0",JOINVILLE,Pista Escorregadia,Saída de leito carroçável,Com Vítimas Feridas,Plena Noite,Crescente,Chuva,Dupla,Reta,Sim,1,0,1,0,0,0,1,1,-26.226987,-48.91657,SPRF-SC,DEL03-SC,UOP01-DEL03-SC,2024
"583595,0",2024-02-27,terça-feira,06:52:00,SC,470,"154,0",AGRONOMICA,Velocidade Incompatível,Saída de leito carroçável,Com Vítimas Feridas,Pleno dia,Decrescente,Chuva,Simples,Curva,Não,1,0,1,0,0,0,1,1,-27.27448534,-49.74457026,SPRF-SC,DEL04-SC,UOP02-DEL04-SC,2024
"583599,0",2024-02-27,terça-feira,07:20:00,SC,101,"212,3",PALHOCA,Reação tardia ou ineficiente do condutor,Tombamento,Com Vítimas Feridas,Pleno dia,Decrescente,Chuva,Múltipla,Reta,Sim,1,0,1,0,0,0,1,1,-27.62996929,-48.65903871,SPRF-SC,DEL01-SC,UOP02-DEL01-SC,2024
"583619,0",2024-02-04,domingo,02:00:00,SC,282,"130,7",BOM RETIRO,Transitar na contramão,Colisão frontal,Com Vítimas Fatais,Plena Noite,Crescente,Céu Claro,Simples,Reta;Aclive,Não,3,3,0,0,0,0,0,2,-27.8069846,-49.5106133,SPRF-SC,DEL05-SC,UOP01-DEL05-SC,2024
"583632,0",2024-02-27,terça-feira,10:30:00,SC,101,"189,0",BIGUACU,Reação tardia ou ineficiente do condutor,Colisão com objeto,Com Vítimas Feridas,Pleno dia,Decrescente,Garoa/Chuvisco,Dupla,Curva,Não,1,0,1,0,0,0,1,1,-27.459393,-48.638914,SPRF-SC,DEL01-SC,UOP01-DEL01-SC,2024
"583640,0",2024-02-27,terça-feira,09:00:00,SC,101,"375,2",ICARA,Ausência de reação do condutor,Saída de leito carroçável,Sem Vítimas,Pleno dia,Decrescente,Chuva,Múltipla,Reta,Não,1,0,0,0,1,0,0,1,-28.72014713,-49.23508784,SPRF-SC,DEL02-SC,UOP01-DEL02-SC,2024
"583699,0",2024-02-27,terça-feira,16:15:00,SC,101,"141,0",ITAPEMA,Reação tardia ou ineficiente do condutor,Tombamento,Com Vítimas Feridas,Pleno dia,Crescente,Sol,Dupla,Declive;Curva,Não,1,0,1,0,0,0,1,1,-27.04761729,-48.59995855,SPRF-SC,DEL04-SC,UOP03-DEL04-SC,2024
"583700,0",2024-02-27,terça-feira,17:55:00,SC,101,"116,9",ITAJAI,Ausência de reação do condutor,Tombamento,Com Vítimas Feridas,Pleno dia,Crescente,Nublado,Dupla,Reta,Não,1,0,0,1,0,0,1,1,-26.87905605,-48.72603512,SPRF-SC,DEL04-SC,UOP04-DEL04-SC,2024
"583709,0",2024-02-27,terça-feira,17:00:00,SC,101,"264,0",PAULO LOPES,Ausência de reação do condutor,Colisão com objeto,Com Vítimas Feridas,Pleno dia,Decrescente,Sol,Dupla,Reta,Não,3,0,1,1,1,0,2,2,-28.05149404,-48.71632789,SPRF-SC,DEL02-SC,UOP03-DEL02-SC,2024
"583721,0",2024-02-27,terça-feira,17:30:00,SC,101,"207,3",SAO JOSE,Chuva,Tombamento,Com Vítimas Feridas,Anoitecer,Crescente,Chuva,Múltipla,Reta,Não,1,0,1,0,0,0,1,1,-27.60001226,-48.6226467,SPRF-SC,DEL01-SC,UOP01-DEL01-SC,2024
"583733,0",2024-02-27,terça-feira,20:00:00,SC,101,"104,5",PENHA,Conversão proibida,Colisão com objeto,Com Vítimas Feridas,Plena Noite,Crescente,Nublado,Dupla,Viaduto;Reta,Sim,3,0,0,3,0,0,3,1,-26.79281742,-48.68080819,SPRF-SC,DEL03-SC,UOP02-DEL03-SC,2024
"583738,0",2024-02-27,terça-feira,17:50:00,SC,101,"381,7",ICARA,Demais falhas mecânicas ou elétricas,Saída de leito carroçável,Com Vítimas Feridas,Pleno dia,Decrescente,Nublado,Dupla,Reta,Não,2,0,1,1,0,0,2,1,-28.766633,-49.297711,SPRF-SC,DEL02-SC,UOP02-DEL02-SC,2024
"583801,0",2024-02-28,quarta-feira,08:15:00,SC,101,"207,6",SAO JOSE,Reação tardia ou ineficiente do condutor,Tombamento,Com Vítimas Feridas,Pleno dia,Decrescente,Céu Claro,Múltipla,Reta,Sim,1,0,1,0,0,0,1,1,-27.60001226,-48.6226467,SPRF-SC,DEL01-SC,UOP01-DEL01-SC,2024
"583862,0",2024-02-28,quarta-feira,14:00:00,SC,101,"101,0",BALNEARIO PICARRAS,Velocidade Incompatível,Queda de ocupante de veículo,Com Vítimas Feridas,Pleno dia,Crescente,Sol,Dupla,Reta,Não,1,0,0,1,0,0,1,1,-26.76404198,-48.68657667,SPRF-SC,DEL03-SC,UOP02-DEL03-SC,2024