id,data_inversa,dia_semana,horario,uf,br,km,municipio,causa_acidente,tipo_acidente,classificacao_acidente,fase_dia,sentido_via,condicao_metereologica,tipo_pista,tracado_via,uso_solo,pessoas,mortos,feridos_leves,feridos_graves,ilesos,ignorados,feridos,veiculos,latitude,longitude,regional,delegacia,uop,ano_arquivo
"584854,0",2024-03-04,segunda-feira,06:30:00,SC,101,"212,7",PALHOCA,Trafegar com motocicleta (ou similar) entre as faixas,Colisão lateral mesmo sentido,Com Vítimas Feridas,Pleno dia,Decrescente,Céu Claro,Múltipla,Reta,Não,2,0,0,1,1,0,1,2,-27.62996929,-48.65903871,SPRF-SC,DEL01-SC,UOP02-DEL01-SC,2024
"584877,0",2024-03-04,segunda-feira,06:45:00,SC,101,"253,0",PAULO LOPES,Animais na Pista,Atropelamento de Animal,Com Vítimas Feridas,Pleno dia,Crescente,Céu Claro,Dupla,Reta,Não,1,0,0,1,0,0,1,1,-27.96492999,-48.67962057,SPRF-SC,DEL02-SC,UOP03-DEL02-SC,2024
"584887,0",2024-01-24,quarta-feira,09:29:00,SC,101,"436,8",SOMBRIO,Pedestre cruzava a pista fora da faixa,Atropelamento de Pedestre,Com Vítimas Fatais,Pleno dia,Crescente,Garoa/Chuvisco,Dupla,Declive;Curva,Não,3,1,0,0,2,0,0,2,-29.121356,-49.643096,SPRF-SC,DEL02-SC,UOP02-DEL02-SC,2024
"584914,0",2024-03-04,segunda-feira,08:50:00,SC,470,"71,0",INDAIAL,Condutor deixou de manter distância do veículo da frente,Colisão traseira,Com Vítimas Feridas,Pleno dia,Decrescente,Céu Claro,Dupla,Em Obras;Reta,Sim,3,0,1,1,1,0,2,2,-26.895243,-49.262104,SPRF-SC,DEL04-SC,UOP01-DEL04-SC,2024
"584925,0",2024-03-04,segunda-feira,09:28:00,SC,282,"52,0",AGUAS MORNAS,Acessar a via sem observar a presença dos outros veículos,Colisão transversal,Com Vítimas Feridas,Pleno dia,Crescente,Nublado,Simples,Declive;Reta,Não,2,0,1,0,1,0,1,2,-27.696936,-48.964138,SPRF-SC,DEL01-SC,UOP03-DEL01-SC,2024
"584948,0",2024-03-04,segunda-feira,08:30:00,SC,470,"275,0",BRUNOPOLIS,Ausência de reação do condutor,Colisão com objeto,Com Vítimas Fatais,Pleno dia,Decrescente,Céu Claro,Simples,Curva,Não,1,1,0,0,0,0,0,1,-27.330534,-50.819355,SPRF-SC,DEL07-SC,UOP06-DEL07-SC,2024
"584954,0",2024-03-04,segunda-feira,13:30:00,SC,101,"214,1",PALHOCA,Reação tardia ou ineficiente do condutor,Colisão traseira,Com Vítimas Feridas,Pleno dia,Crescente,Céu Claro,Simples,Reta,Não,2,0,1,0,1,0,1,2,-27.64443,-48.67057,SPRF-SC,DEL01-SC,UOP02-DEL01-SC,2024
"584963,0",2024-03-04,segunda-feira,13:50:00,SC,101,"197,6",BIGUACU,Reação tardia ou ineficiente do condutor,Colisão traseira,Com Vítimas Feridas,Pleno dia,Crescente,Nublado,Dupla,Reta,Sim,2,0,1,0,1,0,1,2,-27.51844497,-48.63848496,SPRF-SC,DEL01-SC,UOP01-DEL01-SC,2024
"585006,0",2024-03-04,segunda-feira,17:50:00,SC,282,"6,0",SAO JOSE,Trafegar com motocicleta (ou similar) entre as faixas,Colisão lateral mesmo sentido,Com Vítimas Feridas,Pleno dia,Decrescente,Céu Claro,Dupla,Curva,Não,2,0,1,0,1,0,1,2,-27.591936,-48.618244,SPRF-SC,DEL01-SC,UOP01-DEL01-SC,2024
"585038,0",2024-03-04,segunda-feira,18:00:00,SC,282,"4,4",FLORIANOPOLIS,Condutor deixou de manter distância do veículo da frente,Colisão traseira,Com Vítimas Feridas,Anoitecer,Crescente,Nublado,Dupla,Reta,Não,3,0,2,0,1,0,2,3,-27.592646,-48.604034,SPRF-SC,DEL01-SC,UOP01-DEL01-SC,2024
"585054,0",2024-03-04,segunda-feira,19:25:00,SC,101,"84,0",BARRA VELHA,Ausência de reação do condutor,Atropelamento de Pedestre,Com Vítimas Feridas,Plena Noite,Crescente,Nublado,Múltipla,Interseção de Vias,Sim,2,0,1,0,1,0,1,2,-26.62404682,-48.71394986,SPRF-SC,DEL03-SC,UOP02-DEL03-SC,2024
"585055,0",2024-03-04,segunda-feira,17:55:00,SC,280,"154,1",MAFRA,Pista Escorregadia,Saída de leito carroçável,Com Vítimas Feridas,Anoitecer,Decrescente,Chuva,Simples,Curva;Declive,Não,4,0,2,1,1,0,3,1,-26.21324347,-49.71888542,SPRF-SC,DEL06-SC,UOP03-DEL06-SC,2024
"585059,0",2024-03-04,segunda-feira,20:15:00,SC,101,"434,1",SOMBRIO,Desrespeitar a preferência no cruzamento,Colisão transversal,Com Vítimas Feridas,Plena Noite,Crescente,Chuva,Múltipla,Interseção de Vias;Reta,Sim,3,0,2,0,1,0,2,2,-29.09950824,-49.63506103,SPRF-SC,DEL02-SC,UOP02-DEL02-SC,2024
"585085,0",2024-03-05,terça-feira,04:15:00,SC,101,"272,9",IMBITUBA,Velocidade Incompatível,Saída de leito carroçável,Sem Vítimas,Plena Noite,Crescente,Céu Claro,Dupla,Viaduto,Não,1,0,0,0,0,1,0,1,-28.13031416,-48.69305313,SPRF-SC,DEL02-SC,UOP03-DEL02-SC,2024
"585088,0",2024-03-05,terça-feira,06:30:00,SC,101,"215,0",PALHOCA,Ausência de reação do condutor,Colisão traseira,Com Vítimas Feridas,Amanhecer,Decrescente,Nublado,Dupla,Reta,Sim,2,0,2,0,0,0,2,2,-27.65184843,-48.67604941,SPRF-SC,DEL01-SC,UOP02-DEL01-SC,2024
"585116,0",2024-03-05,terça-feira,08:19:00,SC,101,"119,0",ITAJAI,Ausência de reação do condutor,Colisão traseira,Com Vítimas Feridas,Pleno dia,Decrescente,Nublado,Múltipla,Reta,Não,2,0,1,0,1,0,1,2,-26.9043179,-48.71555481,SPRF-SC,DEL04-SC,UOP04-DEL04-SC,2024
"585154,0",2024-03-05,terça-feira,11:20:00,SC,101,"329,1",TUBARAO,Avarias e/ou desgaste excessivo no pneu,Saída de leito carroçável,Com Vítimas Feridas,Pleno dia,Crescente,Nublado,Dupla,Curva,Sim,2,0,2,0,0,0,2,1,-28.45208499,-48.97435784,SPRF-SC,DEL02-SC,UOP01-DEL02-SC,2024
"585162,0",2024-02-10,sábado,21:00:00,SC,470,"122,0",IBIRAMA,Reação tardia ou ineficiente do condutor,Saída de leito carroçável,Sem Vítimas,Plena Noite,Decrescente,Céu Claro,Simples,Reta,Não,1,0,0,0,1,0,0,1,-27.09056217,-49.5206219,SPRF-SC,DEL04-SC,UOP02-DEL04-SC,2024
"585180,0",2024-03-05,terça-feira,09:30:00,SC,282,"591,0",SAUDADES,Demais falhas mecânicas ou elétricas,Colisão frontal,Com Vítimas Feridas,Pleno dia,Crescente,Garoa/Chuvisco,Simples,Curva,Não,4,0,3,0,1,0,3,2,-26.82728772,-53.07608843,SPRF-SC,DEL07-SC,UOP02-DEL07-SC,2024
"585256,0",2024-03-05,terça-feira,22:54:00,SC,101,"135,0",BALNEARIO CAMBORIU,Acessar a via sem observar a presença dos outros veículos,Colisão transversal,Com Vítimas Feridas,Plena Noite,Crescente,Céu Claro,Dupla,Reta,Sim,2,0,1,0,1,0,1,2,-27.0050108,-48.62677494,SPRF-SC,DEL04-SC,UOP03-DEL04-SC,2024
"585265,0",2024-03-06,quarta-feira,01:00:00,SC,282,"537,1",CHAPECO,Reação tardia ou ineficiente do condutor,Saída de leito carroçável,Sem Vítimas,Plena Noite,Decrescente,Céu Claro,Simples,Reta,Não,1,0,0,0,0,1,0,1,-26.999933,-52.663895,SPRF-SC,DEL07-SC,UOP01-DEL07-SC,2024
"585296,0",2024-03-06,quarta-feira,06:45:00,SC,101,"45,3",JOINVILLE,Reação tardia ou ineficiente do condutor,Colisão traseira,Com Vítimas Feridas,Pleno dia,Decrescente,Garoa/Chuvisco,Dupla,Reta,Sim,3,0,1,0,2,0,1,3,-26.32214492,-48.8689509,SPRF-SC,DEL03-SC,UOP01-DEL03-SC,2024
"585305,0",2024-03-06,quarta-feira,07:06:00,SC,101,"284,1",IMBITUBA,Avarias e/ou desgaste excessivo no pneu,Queda de ocupante de veículo,Com Vítimas Feridas,Pleno dia,Decrescente,Céu Claro,Dupla,Reta,Não,1,0,1,0,0,0,1,1,-28.21285498,-48.69962617,SPRF-SC,DEL02-SC,UOP03-DEL02-SC,2024
"585320,0",2024-03-06,quarta-feira,09:10:00,SC,282,"4,3",SAO JOSE,Reação tardia ou ineficiente do condutor,Colisão traseira,Com Vítimas Feridas,Pleno dia,Crescente,Nublado,Dupla,Reta,Sim,3,0,2,0,1,0,2,2,-27.592646,-48.604034,SPRF-SC,DEL01-SC,UOP01-DEL01-SC,2024
"585344,0",2024-03-06,quarta-feira,10:40:00,SC,282,"409,0",CATANDUVAS,Reação tardia ou ineficiente do condutor,Colisão traseira,Sem Vítimas,Pleno dia,Crescente,Céu Claro,Simples,Curva,Não,2,0,0,0,2,0,0,2,-27.065756,-51.664165,SPRF-SC,DEL07-SC,UOP05-DEL07-SC,2024
"585357,0",2024-03-06,quarta-feira,12:25:00,SC,101,"118,0",ITAJAI,Demais falhas mecânicas ou elétricas,Tombamento,Com Vítimas Feridas,Pleno dia,Crescente,Céu Claro,Simples,Reta,Sim,2,0,1,1,0,0,2,1,-26.895859,-48.71903,SPRF-SC,DEL04-SC,UOP04-DEL04-SC,2024
"585365,0",2024-03-06,quarta-feira,12:40:00,SC,470,"110,9",APIUNA,Conversão proibida,Colisão frontal,Com Vítimas Feridas,Pleno dia,Decrescente,Nublado,Simples,Reta,Não,2,0,2,0,0,0,2,2,-27.09599982,-49.45788503,SPRF-SC,DEL04-SC,UOP02-DEL04-SC,2024
"585380,0",2024-03-06,quarta-feira,15:10:00,SC,101,"225,0",PALHOCA,Reação tardia ou ineficiente do condutor,Saída de leito carroçável,Com Vítimas Feridas,Pleno dia,Decrescente,Céu Claro,Múltipla,Reta;Aclive,Sim,1,0,1,0,0,0,1,1,-27.73292191,-48.6409567,SPRF-SC,DEL01-SC,UOP02-DEL01-SC,2024
"585507,0",2024-03-06,quarta-feira,19:20:00,SC,101,"345,0",TREZE DE MAIO,Ausência de reação do condutor,Saída de leito carroçável,Com Vítimas Feridas,Plena Noite,Decrescente,Céu Claro,Múltipla,Reta,Sim,5,0,0,5,0,0,5,1,-28.55712153,-49.05435205,SPRF-SC,DEL02-SC,UOP01-DEL02-SC,2024
"585536,0",2024-03-06,quarta-feira,21:15:00,SC,282,"216,2",LAGES,Ingestão de álcool pelo condutor,Colisão com objeto,Sem Vítimas,Plena Noite,Crescente,Nublado,Simples,Reta,Sim,2,0,0,0,1,1,0,2,-27.7972109,-50.29047489,SPRF-SC,DEL05-SC,UOP01-DEL05-SC,2024
"585549,0",2024-03-06,quarta-feira,21:15:00,SC,116,"171,2",PONTE ALTA DO NORTE,Reação tardia ou ineficiente do condutor,Saída de leito carroçável,Sem Vítimas,Plena Noite,Crescente,Garoa/Chuvisco,Simples,Reta;Declive,Não,1,0,0,0,1,0,0,1,-27.2035,-50.4657062,SPRF-SC,DEL05-SC,UOP03-DEL05-SC,2024
"585553,0",2024-03-07,quinta-feira,00:01:00,SC,101,"139,0",BALNEARIO CAMBORIU,Reação tardia ou ineficiente do condutor,Tombamento,Com Vítimas Feridas,Plena Noite,Crescente,Chuva,Múltipla,Curva,Sim,1,0,1,0,0,0,1,1,-27.02982303,-48.60115006,SPRF-SC,DEL04-SC,UOP03-DEL04-SC,2024
"585565,0",2024-03-07,quinta-feira,04:15:00,SC,101,"129,0",BALNEARIO CAMBORIU,Ingestão de álcool pelo condutor,Colisão com objeto,Sem Vítimas,Plena Noite,Decrescente,Céu Claro,Dupla,Curva,Sim,2,0,0,0,2,0,0,2,-26.98064277,-48.6790679,SPRF-SC,DEL04-SC,UOP03-DEL04-SC,2024
"585570,0",2024-03-07,quinta-feira,05:35:00,SC,101,"119,1",ITAJAI,Reação tardia ou ineficiente do condutor,Tombamento,Com Vítimas Feridas,Amanhecer,Crescente,Nublado,Dupla,Reta,Não,2,0,0,1,1,0,1,1,-26.9043179,-48.71555481,SPRF-SC,DEL04-SC,UOP04-DEL04-SC,2024
"585596,0",2024-03-07,quinta-feira,08:13:00,SC,470,"76,0",INDAIAL,Conversão proibida,Colisão transversal,Com Vítimas Feridas,Pleno dia,Decrescente,Nublado,Simples,Curva;Em Obras,Não,4,0,1,1,2,0,2,2,-26.924833,-49.284004,SPRF-SC,DEL04-SC,UOP01-DEL04-SC,2024
"585599,0",2024-03-07,quinta-feira,08:30:00,SC,101,"121,0",ITAJAI,Reação tardia ou ineficiente do condutor,Colisão traseira,Com Vítimas Feridas,Pleno dia,Crescente,Nublado,Dupla,Viaduto,Sim,2,0,1,0,1,0,1,2,-26.92103178,-48.70856446,SPRF-SC,DEL04-SC,UOP04-DEL04-SC,2024
"585605,0",2024-03-07,quinta-feira,07:30:00,SC,280,"154,0",MAFRA,Condutor deixou de manter distância do veículo da frente,Colisão traseira,Sem Vítimas,Pleno dia,Decrescente,Nublado,Simples,Curva,Não,2,0,0,0,2,0,0,2,-26.21362587,-49.7181449,SPRF-SC,DEL06-SC,UOP03-DEL06-SC,2024
"585611,0",2024-03-07,quinta-feira,08:30:00,SC,101,"86,0",BARRA VELHA,Acessar a via sem observar a presença dos outros veículos,Colisão frontal,Com Vítimas Feridas,Pleno dia,Decrescente,Nublado,Simples,Viaduto,Não,2,0,1,0,1,0,1,2,-26.63277317,-48.70232513,SPRF-SC,DEL03-SC,UOP02-DEL03-SC,2024
"585615,0",2024-02-29,quinta-feira,21:57:00,SC,101,"252,8",PAULO LOPES,Reação tardia ou ineficiente do condutor,Colisão frontal,Com Vítimas Feridas,Plena Noite,Crescente,Nublado,Múltipla,Reta,Sim,6,0,4,1,1,0,5,3,-27.96488448,-48.67937708,SPRF-SC,DEL02-SC,UOP03-DEL02-SC,2024
"585649,0",2024-03-07,quinta-feira,14:05:00,SC,101,"205,0",SAO JOSE,Acessar a via sem observar a presença dos outros veículos,Colisão transversal,Com Vítimas Feridas,Pleno dia,Decrescente,Nublado,Múltipla,Reta,Sim,2,0,1,0,1,0,1,2,-27.58313237,-48.61532885,SPRF-SC,DEL01-SC,UOP01-DEL01-SC,2024
"585661,0",2024-03-07,quinta-feira,13:10:00,SC,282,"564,7",PONTE SERRADA,Transitar na contramão,Colisão lateral sentido oposto,Com Vítimas Feridas,Pleno dia,Decrescente,Chuva,Simples,Aclive;Curva,Não,2,0,2,0,0,0,2,2,-26.8577534,-52.04927353,SPRF-SC,DEL07-SC,UOP02-DEL07-SC,2024
"585685,0",2024-03-07,quinta-feira,17:20:00,SC,282,"2,0",FLORIANOPOLIS,Trafegar com motocicleta (ou similar) entre as faixas,Colisão traseira,Com Vítimas Feridas,Pleno dia,Crescente,Céu Claro,Dupla,Reta,Sim,2,0,1,0,1,0,1,2,-27.603289,-48.590416,SPRF-SC,DEL01-SC,UOP01-DEL01-SC,2024
"585686,0",2024-03-07,quinta-feira,16:40:00,SC,101,"92,1",BARRA VELHA,Demais falhas mecânicas ou elétricas,Tombamento,Com Vítimas Feridas,Pleno dia,Decrescente,Nublado,Dupla,Reta,Sim,2,0,2,0,0,0,2,1,-26.6806041,-48.6931497,SPRF-SC,DEL03-SC,UOP02-DEL03-SC,2024
"585687,0",2024-02-12,segunda-feira,12:20:00,SC,470,"62,0",INDAIAL,Acessar a via sem observar a presença dos outros veículos,Colisão transversal,Com Vítimas Feridas,Pleno dia,Decrescente,Céu Claro,Simples,Reta,Não,3,0,2,0,1,0,2,2,-26.87448778,-49.18597341,SPRF-SC,DEL04-SC,UOP01-DEL04-SC,2024
"585690,0",2024-03-07,quinta-feira,17:15:00,SC,101,"330,0",TUBARAO,Demais falhas mecânicas ou elétricas,Colisão traseira,Com Vítimas Feridas,Pleno dia,Decrescente,Céu Claro,Dupla,Reta,Não,2,0,1,0,1,0,1,2,-28.45115639,-48.97286879,SPRF-SC,DEL02-SC,UOP01-DEL02-SC,2024
"585695,0",2024-03-07,quinta-feira,18:45:00,SC,101,"210,1",SAO JOSE,Trafegar com motocicleta (ou similar) entre as faixas,Colisão traseira,Com Vítimas Feridas,Plena Noite,Decrescente,Nublado,Múltipla,Reta,Sim,3,0,2,0,1,0,2,2,-27.6167305,-48.6457265,SPRF-SC,DEL01-SC,UOP01-DEL01-SC,2024
"585704,0",2024-03-07,quinta-feira,18:18:00,SC,116,"180,0",SAO CRISTOVAO DO SUL,Acessar a via sem observar a presença dos outros veículos,Colisão transversal,Com Vítimas Feridas,Anoitecer,Crescente,Garoa/Chuvisco,Simples,Reta,Sim,2,0,1,0,1,0,1,2,-27.27041426,-50.44097161,SPRF-SC,DEL05-SC,UOP03-DEL05-SC,2024
"585708,0",2024-03-07,quinta-feira,18:00:00,SC,280,"116,0",SAO BENTO DO SUL,Acessar a via sem observar a presença dos outros veículos,Colisão transversal,Com Vítimas Feridas,Anoitecer,Decrescente,Céu Claro,Simples,Interseção de Vias,Não,2,0,2,0,0,0,2,2,-26.2808956,-49.4169527,SPRF-SC,DEL06-SC,UOP03-DEL06-SC,2024
"585718,0",2024-01-26,sexta-feira,01:00:00,SC,101,"189,0",BIGUACU,Ingestão de álcool pelo condutor,Colisão com objeto,Com Vítimas Feridas,Plena Noite,Decrescente,Garoa/Chuvisco,Dupla,Curva,Não,3,0,1,0,2,0,1,2,-27.459393,-48.638914,SPRF-SC,DEL01-SC,UOP01-DEL01-SC,2024
"585726,0",2024-03-07,quinta-feira,19:45:00,SC,101,"358,0",SANGAO,Transitar na contramão,Saída de leito carroçável,Com Vítimas Feridas,Plena Noite,Decrescente,Ignorado,Dupla,Reta,Sim,1,0,1,0,0,0,1,1,-28.648278,-49.103548,SPRF-SC,DEL02-SC,UOP01-DEL02-SC,2024
"585774,0",2024-03-08,sexta-feira,05:00:00,SC,101,"163,0",TIJUCAS,Ausência de reação do condutor,Queda de ocupante de veículo,Com Vítimas Feridas,Plena Noite,Decrescente,Garoa/Chuvisco,Dupla,Reta,Não,1,0,1,0,0,0,1,1,-27.23461699,-48.63039809,SPRF-SC,DEL04-SC,UOP03-DEL04-SC,2024
"585790,0",2024-03-08,sexta-feira,07:30:00,SC,280,"25,1",ARAQUARI,Acessar a via sem observar a presença dos outros veículos,Colisão transversal,Com Vítimas Feridas,Pleno dia,Decrescente,Nublado,Simples,Reta,Não,2,0,0,1,1,0,1,2,-26.385138,-48.728538,SPRF-SC,DEL03-SC,UOP03-DEL03-SC,2024
"585794,0",2024-03-08,sexta-feira,07:35:00,SC,101,"214,9",PALHOCA,Trafegar com motocicleta (ou similar) entre as faixas,Colisão lateral mesmo sentido,Com Vítimas Feridas,Pleno dia,Decrescente,Chuva,Múltipla,Reta,Sim,2,0,1,0,0,1,1,2,-27.64443,-48.67057,SPRF-SC,DEL01-SC,UOP02-DEL01-SC,2024
"585799,0",2024-03-08,sexta-feira,07:30:00,SC,101,"165,4",TIJUCAS,Ingestão de álcool pelo condutor,Saída de leito carroçável,Sem Vítimas,Pleno dia,Crescente,Nublado,Múltipla,Reta,Sim,1,0,0,0,0,1,0,1,-27.252663,-48.63154894,SPRF-SC,DEL04-SC,UOP03-DEL04-SC,2024
"585803,0",2024-03-08,sexta-feira,08:15:00,SC,153,"94,1",CONCORDIA,Velocidade Incompatível,Queda de ocupante de veículo,Com Vítimas Feridas,Pleno dia,Crescente,Chuva,Simples,Reta,Não,1,0,1,0,0,0,1,1,-27.20456435,-51.94953918,SPRF-SC,DEL07-SC,UOP04-DEL07-SC,2024
"585805,0",2024-03-08,sexta-feira,08:20:00,SC,101,"354,8",SANGAO,Reação tardia ou ineficiente do condutor,Queda de ocupante de veículo,Com Vítimas Feridas,Pleno dia,Crescente,Chuva,Múltipla,Desvio Temporário;Em Obras;Reta,Não,1,0,1,0,0,0,1,1,-28.61806302,-49.07013199,SPRF-SC,DEL02-SC,UOP01-DEL02-SC,2024
"585806,0",2024-03-08,sexta-feira,08:30:00,SC,282,"541,8",CHAPECO,Ingestão de álcool pelo condutor,Saída de leito carroçável,Sem Vítimas,Pleno dia,Decrescente,Chuva,Simples,Curva,Não,1,0,0,0,0,1,0,1,-26.997713,-52.699165,SPRF-SC,DEL07-SC,UOP01-DEL07-SC,2024
"585814,0",2024-03-08,sexta-feira,09:00:00,SC,101,"189,0",BIGUACU,Chuva,Colisão com objeto,Com Vítimas Feridas,Pleno dia,Decrescente,Chuva,Dupla,Curva,Sim,2,0,1,0,1,0,1,1,-27.459393,-48.638914,SPRF-SC,DEL01-SC,UOP01-DEL01-SC,2024
"585872,0",2024-03-08,sexta-feira,11:11:00,SC,282,"49,0",AGUAS MORNAS,Acumulo de água sobre o pavimento,Saída de leito carroçável,Com Vítimas Feridas,Pleno dia,Crescente,Chuva,Simples,Curva;Aclive,Não,3,0,3,0,0,0,3,1,-27.70455699,-48.95623684,SPRF-SC,DEL01-SC,UOP03-DEL01-SC,2024
"585890,0",2024-03-08,sexta-feira,12:50:00,SC,280,"32,0",ARAQUARI,Condutor deixou de manter distância do veículo da frente,Colisão traseira,Com Vítimas Feridas,Pleno dia,Decrescente,Chuva,Simples,Reta,Não,2,0,1,0,1,0,1,2,-26.420618,-48.779335,SPRF-SC,DEL03-SC,UOP03-DEL03-SC,2024
"585905,0",2024-03-08,sexta-feira,16:00:00,SC,101,"122,0",ITAJAI,Demais falhas mecânicas ou elétricas,Tombamento,Com Vítimas Feridas,Pleno dia,Decrescente,Chuva,Múltipla,Reta,Sim,1,0,1,0,0,0,1,1,-26.92955916,-48.70499836,SPRF-SC,DEL04-SC,UOP04-DEL04-SC,2024
"585953,0",2024-03-08,sexta-feira,16:00:00,SC,101,"403,2",MARACAJA,Condutor deixou de manter distância do veículo da frente,Colisão com objeto,Com Vítimas Feridas,Pleno dia,Crescente,Chuva,Dupla,Viaduto;Reta,Não,3,0,1,0,2,0,1,2,-28.87065022,-49.45169172,SPRF-SC,DEL02-SC,UOP02-DEL02-SC,2024
"585958,0",2024-03-08,sexta-feira,16:00:00,SC,101,"403,4",ARARANGUA,Condutor deixou de manter distância do veículo da frente,Colisão traseira,Com Vítimas Feridas,Pleno dia,Crescente,Chuva,Dupla,Reta,Não,3,0,0,1,2,0,1,3,-28.88920653,-49.46629107,SPRF-SC,DEL02-SC,UOP02-DEL02-SC,2024
"585982,0",2024-03-08,sexta-feira,17:30:00,SC,116,"53,2",PAPANDUVA,Pista Escorregadia,Tombamento,Com Vítimas Feridas,Pleno dia,Crescente,Nublado,Simples,Reta;Declive,Não,2,0,2,0,0,0,2,1,-26.39398399,-50.15735149,SPRF-SC,DEL06-SC,UOP01-DEL06-SC,2024
"585983,0",2024-03-08,sexta-feira,21:00:00,SC,116,"206,2",PONTE ALTA,Ultrapassagem Indevida,Saída de leito carroçável,Sem Vítimas,Plena Noite,Decrescente,Chuva,Simples,Curva;Declive,Sim,1,0,0,0,1,0,0,1,-27.47335386,-50.3816746,SPRF-SC,DEL05-SC,UOP03-DEL05-SC,2024
"585986,0",2024-03-08,sexta-feira,21:40:00,SC,101,"335,4",TUBARAO,Ingestão de álcool pelo condutor,Saída de leito carroçável,Sem Vítimas,Plena Noite,Crescente,Garoa/Chuvisco,Simples,Interseção de Vias,Sim,1,0,0,0,1,0,0,1,-28.46927473,-49.01557908,SPRF-SC,DEL02-SC,UOP01-DEL02-SC,2024
"585999,0",2024-03-08,sexta-feira,22:20:00,SC,101,"123,0",ITAJAI,Velocidade Incompatível,Colisão com objeto,Sem Vítimas,Anoitecer,Decrescente,Céu Claro,Simples,Reta;Rotatória,Sim,1,0,0,0,1,0,0,1,-26.93668609,-48.69876905,SPRF-SC,DEL04-SC,UOP04-DEL04-SC,2024
"586004,0",2024-03-08,sexta-feira,23:05:00,SC,101,"397,7",MARACAJA,Velocidade Incompatível,Colisão traseira,Com Vítimas Feridas,Plena Noite,Crescente,Céu Claro,Múltipla,Reta,Não,4,0,1,0,3,0,1,2,-28.845912,-49.432957,SPRF-SC,DEL02-SC,UOP02-DEL02-SC,2024
"586017,0",2024-03-09,sábado,00:00:00,SC,280,"79,0",CORUPA,Ausência de reação do condutor,Colisão transversal,Sem Vítimas,Pleno dia,Crescente,Chuva,Simples,Reta,Sim,2,0,0,0,2,0,0,2,-26.44657315,-49.20157809,SPRF-SC,DEL06-SC,UOP03-DEL06-SC,2024
"586021,0",2024-03-09,sábado,00:15:00,SC,282,"575,0",PINHALZINHO,Ingestão de álcool pelo condutor,Colisão frontal,Com Vítimas Feridas,Plena Noite,Crescente,Nevoeiro/Neblina,Simples,Reta,Não,3,0,1,2,0,0,3,2,-26.863194,-52.974529,SPRF-SC,DEL07-SC,UOP02-DEL07-SC,2024
"586032,0",2024-03-09,sábado,04:00:00,SC,101,"205,0",SAO JOSE,Chuva,Saída de leito carroçável,Sem Vítimas,Plena Noite,Decrescente,Chuva,Múltipla,Declive;Curva,Sim,1,0,0,0,0,1,0,1,-27.58313237,-48.61532885,SPRF-SC,DEL01-SC,UOP01-DEL01-SC,2024
"586036,0",2024-03-09,sábado,05:30:00,SC,163,"106,0",SAO JOSE DO CEDRO,Condutor Dormindo,Saída de leito carroçável,Sem Vítimas,Plena Noite,Decrescente,Céu Claro,Simples,Reta,Sim,1,0,0,0,1,0,0,1,-26.46209088,-53.5077059,SPRF-SC,DEL07-SC,UOP03-DEL07-SC,2024
"586043,0",2024-03-09,sábado,00:45:00,SC,280,"71,0",JARAGUA DO SUL,Ausência de reação do condutor,Capotamento,Sem Vítimas,Plena Noite,Crescente,Chuva,Simples,Reta,Não,1,0,0,0,0,1,0,1,-26.46151693,-49.13480597,SPRF-SC,DEL03-SC,UOP03-DEL03-SC,2024
"586045,0",2024-03-09,sábado,06:00:00,SC,101,"99,8",BALNEARIO PICARRAS,Pedestre andava na pista,Atropelamento de Pedestre,Com Vítimas Fatais,Amanhecer,Decrescente,Chuva,Dupla,Reta,Não,2,1,0,0,1,0,0,2,-26.7548616,-48.6897615,SPRF-SC,DEL03-SC,UOP02-DEL03-SC,2024
"586046,0",2024-03-09,sábado,06:20:00,SC,101,"89,0",BARRA VELHA,Ausência de reação do condutor,Saída de leito carroçável,Sem Vítimas,Amanhecer,Decrescente,Nublado,Múltipla,Reta,Sim,1,0,0,0,0,1,0,1,-26.65175997,-48.68721921,SPRF-SC,DEL03-SC,UOP02-DEL03-SC,2024
"586047,0",2024-03-09,sábado,03:50:00,SC,470,"301,0",CAMPOS NOVOS,Reação tardia ou ineficiente do condutor,Colisão com objeto,Com Vítimas Feridas,Plena Noite,Crescente,Céu Claro,Simples,Reta,Não,2,0,1,0,1,0,1,1,-27.373833,-51.056301,SPRF-SC,DEL07-SC,UOP06-DEL07-SC,2024
"586061,0",2024-03-09,sábado,03:40:00,SC,280,"78,6",CORUPA,Transitar na contramão,Colisão frontal,Com Vítimas Fatais,Plena Noite,Decrescente,Garoa/Chuvisco,Simples,Reta,Não,2,1,0,1,0,0,1,2,-26.45019273,-49.1935729,SPRF-SC,DEL06-SC,UOP03-DEL06-SC,2024
"586064,0",2024-03-09,sábado,05:50:00,SC,280,"78,6",CORUPA,Ausência de reação do condutor,Colisão traseira,Com Vítimas Feridas,Amanhecer,Decrescente,Garoa/Chuvisco,Simples,Reta,Não,2,0,0,1,1,0,1,2,-26.45019273,-49.1935729,SPRF-SC,DEL06-SC,UOP03-DEL06-SC,2024