id,data_inversa,dia_semana,horario,uf,br,km,municipio,causa_acidente,tipo_acidente,classificacao_acidente,fase_dia,sentido_via,condicao_metereologica,tipo_pista,tracado_via,uso_solo,pessoas,mortos,feridos_leves,feridos_graves,ilesos,ignorados,feridos,veiculos,latitude,longitude,regional,delegacia,uop,ano_arquivo
"587049,0",2024-03-13,quarta-feira,18:45:00,SC,470,"141,0",RIO DO SUL,Acesso irregular,Colisão transversal,Com Vítimas Feridas,Anoitecer,Crescente,Céu Claro,Simples,Interseção de Vias,Sim,2,0,1,0,1,0,1,2,-27.207214,-49.648476,SPRF-SC,DEL04-SC,UOP02-DEL04-SC,2024
"587050,0",2024-03-13,quarta-feira,18:50:00,SC,101,"213,6",PALHOCA,Manobra de mudança de faixa,Colisão lateral mesmo sentido,Com Vítimas Feridas,Plena Noite,Decrescente,Céu Claro,Múltipla,Reta,Sim,2,0,1,0,1,0,1,2,-27.63697369,-48.66514142,SPRF-SC,DEL01-SC,UOP02-DEL01-SC,2024
"587060,0",2024-03-13,quarta-feira,19:30:00,SC,101,"150,0",ITAPEMA,Ultrapassagem Indevida,Colisão lateral mesmo sentido,Com Vítimas Feridas,Anoitecer,Crescente,Sol,Dupla,Reta,Sim,3,0,1,0,0,2,1,3,-27.11744799,-48.60940987,SPRF-SC,DEL04-SC,UOP03-DEL04-SC,2024
"587067,0",2024-03-13,quarta-feira,19:05:00,SC,101,"25,0",JOINVILLE,Acessar a via sem observar a presença dos outros veículos,Colisão transversal,Com Vítimas Feridas,Plena Noite,Decrescente,Céu Claro,Simples,Reta,Sim,2,0,1,0,1,0,1,2,-26.17984401,-48.90908793,SPRF-SC,DEL03-SC,UOP01-DEL03-SC,2024
"587075,0",2024-03-13,quarta-feira,21:10:00,SC,470,"139,0",RIO DO SUL,Acessar a via sem observar a presença dos outros veículos,Colisão transversal,Com Vítimas Feridas,Plena Noite,Decrescente,Céu Claro,Simples,Retorno Regulamentado;Interseção de Vias;Reta,Sim,2,0,0,1,1,0,1,2,-27.217564,-49.65461,SPRF-SC,DEL04-SC,UOP02-DEL04-SC,2024
"587094,0",2024-03-13,quarta-feira,20:20:00,SC,470,"138,1",RIO DO SUL,Acessar a via sem observar a presença dos outros veículos,Colisão transversal,Com Vítimas Feridas,Plena Noite,Decrescente,Céu Claro,Simples,Reta,Sim,2,0,1,0,1,0,1,2,-27.203201,-49.635063,SPRF-SC,DEL04-SC,UOP02-DEL04-SC,2024
"587095,0",2024-03-13,quarta-feira,23:10:00,SC,101,"346,0",JAGUARUNA,Condutor Dormindo,Saída de leito carroçável,Com Vítimas Feridas,Plena Noite,Crescente,Céu Claro,Dupla,Reta,Não,1,0,0,1,0,0,1,1,-28.55485199,-49.0540891,SPRF-SC,DEL02-SC,UOP01-DEL02-SC,2024
"587098,0",2024-02-26,segunda-feira,14:25:00,SC,101,"138,0",BALNEARIO CAMBORIU,Trafegar com motocicleta (ou similar) entre as faixas,Colisão lateral mesmo sentido,Sem Vítimas,Pleno dia,Crescente,Ignorado,Dupla,Reta,Sim,2,0,0,0,0,2,0,2,-27.02330722,-48.60796273,SPRF-SC,DEL04-SC,UOP03-DEL04-SC,2024
"587106,0",2024-03-14,quinta-feira,00:15:00,SC,101,"206,1",SAO JOSE,Transitar na contramão,Colisão frontal,Com Vítimas Feridas,Plena Noite,Crescente,Céu Claro,Múltipla,Reta,Sim,4,0,1,1,2,0,2,3,-27.59193546,-48.61824557,SPRF-SC,DEL01-SC,UOP01-DEL01-SC,2024
"587108,0",2024-03-13,quarta-feira,23:00:00,SC,280,"226,0",TRES BARRAS,Ausência de reação do condutor,Saída de leito carroçável,Com Vítimas Feridas,Plena Noite,Crescente,Céu Claro,Simples,Reta;Declive,Não,1,0,1,0,0,0,1,1,-26.18105839,-50.32269294,SPRF-SC,DEL06-SC,UOP04-DEL06-SC,2024
"587129,0",2024-03-14,quinta-feira,06:50:00,SC,282,"17,1",PALHOCA,Acessar a via sem observar a presença dos outros veículos,Colisão transversal,Com Vítimas Feridas,Pleno dia,Decrescente,Céu Claro,Simples,Interseção de Vias;Rotatória,Sim,2,0,1,0,1,0,1,2,-27.66748976,-48.68951797,SPRF-SC,DEL01-SC,UOP02-DEL01-SC,2024
"587131,0",2024-03-14,quinta-feira,06:50:00,SC,101,"7,1",GARUVA,Acessar a via sem observar a presença dos outros veículos,Colisão transversal,Com Vítimas Feridas,Pleno dia,Decrescente,Céu Claro,Múltipla,Reta,Não,2,0,2,0,0,0,2,2,-26.03593,-48.860302,SPRF-SC,DEL03-SC,UOP01-DEL03-SC,2024
"587136,0",2024-03-14,quinta-feira,07:20:00,SC,101,"211,1",PALHOCA,Condutor deixou de manter distância do veículo da frente,Colisão traseira,Com Vítimas Feridas,Pleno dia,Decrescente,Céu Claro,Múltipla,Reta,Sim,4,0,1,0,2,1,1,3,-27.62329313,-48.65245588,SPRF-SC,DEL01-SC,UOP02-DEL01-SC,2024
"587142,0",2024-03-14,quinta-feira,07:45:00,SC,101,"349,8",JAGUARUNA,Condutor Dormindo,Saída de leito carroçável,Com Vítimas Feridas,Pleno dia,Decrescente,Céu Claro,Dupla,Aclive;Reta,Não,1,0,0,1,0,0,1,1,-28.5820168,-49.05059372,SPRF-SC,DEL02-SC,UOP01-DEL02-SC,2024
"587147,0",2024-03-14,quinta-feira,08:30:00,SC,282,"17,0",PALHOCA,Acessar a via sem observar a presença dos outros veículos,Queda de ocupante de veículo,Com Vítimas Feridas,Pleno dia,Decrescente,Céu Claro,Simples,Reta,Não,2,0,1,0,1,0,1,2,-27.665707,-48.688065,SPRF-SC,DEL01-SC,UOP02-DEL01-SC,2024
"587160,0",2024-03-14,quinta-feira,08:45:00,SC,101,"46,0",JOINVILLE,Reação tardia ou ineficiente do condutor,Colisão traseira,Com Vítimas Feridas,Pleno dia,Decrescente,Céu Claro,Dupla,Reta,Não,4,0,1,0,3,0,1,4,-26.33150083,-48.86187762,SPRF-SC,DEL03-SC,UOP01-DEL03-SC,2024
"587162,0",2024-03-14,quinta-feira,08:05:00,SC,280,"51,0",GUARAMIRIM,Manobra de mudança de faixa,Colisão lateral mesmo sentido,Com Vítimas Feridas,Pleno dia,Decrescente,Céu Claro,Dupla,Reta,Sim,2,0,1,0,1,0,1,2,-26.46538871,-48.95544449,SPRF-SC,DEL03-SC,UOP03-DEL03-SC,2024
"587166,0",2024-03-14,quinta-feira,08:50:00,SC,101,"118,3",ITAJAI,Ausência de reação do condutor,Colisão traseira,Sem Vítimas,Pleno dia,Crescente,Sol,Dupla,Reta,Não,3,0,0,0,3,0,0,3,-26.895859,-48.71903,SPRF-SC,DEL04-SC,UOP04-DEL04-SC,2024
"587183,0",2024-03-14,quinta-feira,12:35:00,SC,101,"135,0",BALNEARIO CAMBORIU,Ausência de reação do condutor,Colisão com objeto,Com Vítimas Feridas,Pleno dia,Crescente,Céu Claro,Dupla,Reta,Sim,1,0,1,0,0,0,1,1,-27.0050108,-48.62677494,SPRF-SC,DEL04-SC,UOP03-DEL04-SC,2024
"587190,0",2024-03-14,quinta-feira,11:35:00,SC,470,"54,1",BLUMENAU,Conversão proibida,Colisão frontal,Com Vítimas Feridas,Pleno dia,Decrescente,Céu Claro,Simples,Reta;Em Obras;Interseção de Vias,Sim,2,0,1,0,1,0,1,2,-26.87159757,-49.11197662,SPRF-SC,DEL04-SC,UOP01-DEL04-SC,2024
"587208,0",2024-03-14,quinta-feira,13:00:00,SC,101,"360,2",SANGAO,Ausência de reação do condutor,Saída de leito carroçável,Com Vítimas Feridas,Pleno dia,Decrescente,Sol,Dupla,Reta,Não,2,0,2,0,0,0,2,1,-28.66844922,-49.11800623,SPRF-SC,DEL02-SC,UOP01-DEL02-SC,2024
"587211,0",2024-03-14,quinta-feira,11:30:00,SC,101,"138,0",BALNEARIO CAMBORIU,Condutor deixou de manter distância do veículo da frente,Engavetamento,Com Vítimas Feridas,Pleno dia,Crescente,Céu Claro,Múltipla,Reta,Não,4,0,2,0,2,0,2,3,-27.02397426,-48.60761649,SPRF-SC,DEL04-SC,UOP03-DEL04-SC,2024
"587215,0",2024-03-14,quinta-feira,16:00:00,SC,101,"213,0",PALHOCA,Manobra de mudança de faixa,Colisão lateral mesmo sentido,Com Vítimas Feridas,Pleno dia,Crescente,Céu Claro,Dupla,Reta,Sim,2,0,1,0,0,1,1,2,-27.63656242,-48.66493624,SPRF-SC,DEL01-SC,UOP02-DEL01-SC,2024
"587229,0",2024-03-14,quinta-feira,17:25:00,SC,280,"24,0",ARAQUARI,Acessar a via sem observar a presença dos outros veículos,Colisão transversal,Com Vítimas Feridas,Pleno dia,Crescente,Céu Claro,Simples,Reta;Interseção de Vias,Sim,2,0,1,0,1,0,1,2,-26.37724921,-48.71953282,SPRF-SC,DEL03-SC,UOP03-DEL03-SC,2024
"587236,0",2024-03-14,quinta-feira,13:05:00,SC,101,"305,3",LAGUNA,Demais falhas mecânicas ou elétricas,Saída de leito carroçável,Com Vítimas Feridas,Pleno dia,Decrescente,Céu Claro,Múltipla,Reta,Sim,1,0,1,0,0,0,1,1,-28.37674574,-48.76400229,SPRF-SC,DEL02-SC,UOP03-DEL02-SC,2024
"587256,0",2024-03-14,quinta-feira,19:00:00,SC,101,"216,3",PALHOCA,Acessar a via sem observar a presença dos outros veículos,Colisão lateral mesmo sentido,Com Vítimas Feridas,Plena Noite,Decrescente,Céu Claro,Dupla,Reta;Interseção de Vias,Sim,3,0,0,1,2,0,1,2,-27.65981409,-48.67747798,SPRF-SC,DEL01-SC,UOP02-DEL01-SC,2024
"587263,0",2024-03-14,quinta-feira,18:00:00,SC,282,"257,3",SAO JOSE DO CERRITO,Manobra de mudança de faixa,Colisão lateral mesmo sentido,Com Vítimas Feridas,Pleno dia,Crescente,Céu Claro,Simples,Reta;Aclive,Sim,2,0,1,0,0,1,1,2,-27.664351,-50.584618,SPRF-SC,DEL05-SC,UOP02-DEL05-SC,2024
"587271,0",2024-03-14,quinta-feira,17:15:00,SC,101,"128,0",BALNEARIO CAMBORIU,Ausência de reação do condutor,Colisão lateral mesmo sentido,Com Vítimas Feridas,Pleno dia,Crescente,Sol,Dupla,Reta,Não,2,0,1,0,1,0,1,2,-26.97284292,-48.68299451,SPRF-SC,DEL04-SC,UOP04-DEL04-SC,2024
"587281,0",2024-03-14,quinta-feira,20:00:00,SC,280,"66,0",JARAGUA DO SUL,Ausência de reação do condutor,Colisão traseira,Com Vítimas Feridas,Plena Noite,Decrescente,Céu Claro,Simples,Reta,Sim,2,0,1,0,1,0,1,2,-26.47606607,-49.09568797,SPRF-SC,DEL03-SC,UOP03-DEL03-SC,2024
"587315,0",2024-03-15,sexta-feira,02:00:00,SC,101,"213,5",PALHOCA,Reação tardia ou ineficiente do condutor,Colisão com objeto,Com Vítimas Feridas,Plena Noite,Decrescente,Céu Claro,Múltipla,Reta,Sim,2,0,2,0,0,0,2,2,-27.63697369,-48.66514142,SPRF-SC,DEL01-SC,UOP02-DEL01-SC,2024
"587316,0",2024-03-14,quinta-feira,23:10:00,SC,163,"104,0",SAO JOSE DO CEDRO,Condutor deixou de manter distância do veículo da frente,Colisão traseira,Sem Vítimas,Plena Noite,Decrescente,Céu Claro,Simples,Reta;Aclive,Sim,2,0,0,0,2,0,0,2,-26.45385604,-53.51042064,SPRF-SC,DEL07-SC,UOP03-DEL07-SC,2024
"587327,0",2024-03-14,quinta-feira,23:30:00,SC,163,"104,0",SAO JOSE DO CEDRO,Ausência de reação do condutor,Saída de leito carroçável,Com Vítimas Feridas,Plena Noite,Crescente,Céu Claro,Simples,Reta,Não,2,0,0,1,1,0,1,2,-26.47803802,-53.50670007,SPRF-SC,DEL07-SC,UOP03-DEL07-SC,2024
"587359,0",2024-01-28,domingo,01:15:00,SC,101,"374,0",ICARA,Ingestão de álcool pelo condutor,Colisão com objeto,Sem Vítimas,Plena Noite,Decrescente,Céu Claro,Dupla,Reta,Não,4,0,0,0,4,0,0,1,-28.71534412,-49.22723198,SPRF-SC,DEL02-SC,UOP01-DEL02-SC,2024
"587360,0",2024-03-15,sexta-feira,09:05:00,SC,101,"205,2",SAO JOSE,Reação tardia ou ineficiente do condutor,Colisão lateral mesmo sentido,Com Vítimas Feridas,Pleno dia,Crescente,Céu Claro,Múltipla,Reta,Sim,2,0,1,0,1,0,1,2,-27.58313237,-48.61532885,SPRF-SC,DEL01-SC,UOP01-DEL01-SC,2024
"587379,0",2024-03-15,sexta-feira,11:05:00,SC,470,"142,0",RIO DO SUL,Acessar a via sem observar a presença dos outros veículos,Colisão transversal,Com Vítimas Feridas,Pleno dia,Decrescente,Céu Claro,Simples,Curva,Sim,2,0,0,1,1,0,1,2,-27.229801,-49.6693,SPRF-SC,DEL04-SC,UOP02-DEL04-SC,2024
"587387,0",2024-03-15,sexta-feira,07:40:00,SC,280,"67,0",JARAGUA DO SUL,Transitar na contramão,Colisão transversal,Com Vítimas Feridas,Pleno dia,Decrescente,Céu Claro,Simples,Reta,Sim,2,0,2,0,0,0,2,2,-26.4775146,-49.10363575,SPRF-SC,DEL03-SC,UOP03-DEL03-SC,2024
"587406,0",2024-03-15,sexta-feira,11:50:00,SC,163,"74,3",SAO MIGUEL DO OESTE,Conversão proibida,Colisão frontal,Com Vítimas Feridas,Pleno dia,Decrescente,Céu Claro,Simples,Reta,Sim,2,0,0,1,1,0,1,2,-26.70200479,-53.51350653,SPRF-SC,DEL07-SC,UOP03-DEL07-SC,2024
"587419,0",2024-03-15,sexta-feira,14:35:00,SC,470,"138,0",RIO DO SUL,Ultrapassagem Indevida,Colisão frontal,Com Vítimas Feridas,Pleno dia,Decrescente,Céu Claro,Simples,Reta,Sim,2,0,0,1,1,0,1,2,-27.207214,-49.648476,SPRF-SC,DEL04-SC,UOP02-DEL04-SC,2024
"587446,0",2024-03-15,sexta-feira,16:50:00,SC,470,"70,1",INDAIAL,Ausência de reação do condutor,Colisão lateral mesmo sentido,Com Vítimas Feridas,Pleno dia,Crescente,Céu Claro,Simples,Em Obras;Desvio Temporário,Sim,2,0,1,0,1,0,1,2,-26.8899884,-49.25548616,SPRF-SC,DEL04-SC,UOP01-DEL04-SC,2024
"587453,0",2024-03-15,sexta-feira,17:45:00,SC,101,"130,0",BALNEARIO CAMBORIU,Ausência de reação do condutor,Colisão frontal,Com Vítimas Feridas,Pleno dia,Crescente,Céu Claro,Múltipla,Interseção de Vias,Sim,2,0,0,1,1,0,1,2,-26.99654133,-48.65564711,SPRF-SC,DEL04-SC,UOP03-DEL04-SC,2024
"587476,0",2024-03-15,sexta-feira,18:00:00,SC,470,"140,0",RIO DO SUL,Acessar a via sem observar a presença dos outros veículos,Colisão transversal,Com Vítimas Feridas,Pleno dia,Crescente,Céu Claro,Simples,Interseção de Vias;Reta,Sim,2,0,1,0,1,0,1,2,-27.222485,-49.662827,SPRF-SC,DEL04-SC,UOP02-DEL04-SC,2024
"587477,0",2024-03-15,sexta-feira,19:00:00,SC,282,"154,0",BOM RETIRO,Transitar na contramão,Colisão frontal,Com Vítimas Feridas,Anoitecer,Decrescente,Céu Claro,Simples,Reta,Não,2,0,0,1,1,0,1,2,-27.754395,-49.69775,SPRF-SC,DEL05-SC,UOP01-DEL05-SC,2024
"587489,0",2024-03-15,sexta-feira,19:25:00,SC,282,"3,0",FLORIANOPOLIS,Reação tardia ou ineficiente do condutor,Colisão traseira,Com Vítimas Feridas,Plena Noite,Decrescente,Céu Claro,Múltipla,Reta,Sim,3,0,1,0,1,1,1,2,-27.600384,-48.599705,SPRF-SC,DEL01-SC,UOP01-DEL01-SC,2024
"587491,0",2024-03-15,sexta-feira,20:00:00,SC,101,"203,7",SAO JOSE,Trafegar com motocicleta (ou similar) entre as faixas,Queda de ocupante de veículo,Com Vítimas Feridas,Plena Noite,Decrescente,Céu Claro,Dupla,Reta,Sim,1,0,1,0,0,0,1,1,-27.5650044,-48.61460082,SPRF-SC,DEL01-SC,UOP01-DEL01-SC,2024
"587505,0",2024-03-15,sexta-feira,19:45:00,SC,101,"1,3",GARUVA,Acumulo de óleo sobre o pavimento,Tombamento,Com Vítimas Feridas,Plena Noite,Crescente,Céu Claro,Dupla,Reta,Sim,2,0,2,0,0,0,2,1,-25.98895627,-48.88356133,SPRF-SC,DEL03-SC,UOP01-DEL03-SC,2024
"587507,0",2024-03-15,sexta-feira,20:30:00,SC,282,"0,8",FLORIANOPOLIS,Ausência de reação do condutor,Engavetamento,Com Vítimas Feridas,Plena Noite,Crescente,Céu Claro,Dupla,Reta,Sim,4,0,1,0,3,0,1,4,-27.59845,-48.571995,SPRF-SC,DEL01-SC,UOP01-DEL01-SC,2024
"587549,0",2024-03-15,sexta-feira,22:40:00,SC,101,"252,5",PAULO LOPES,Acesso irregular,Colisão transversal,Com Vítimas Feridas,Plena Noite,Crescente,Céu Claro,Dupla,Reta,Sim,3,0,0,1,2,0,1,2,-27.95672412,-48.6767588,SPRF-SC,DEL02-SC,UOP03-DEL02-SC,2024
"587554,0",2024-03-15,sexta-feira,23:30:00,SC,101,"213,1",PALHOCA,Demais falhas mecânicas ou elétricas,Incêndio,Com Vítimas Feridas,Plena Noite,Crescente,Céu Claro,Múltipla,Reta,Sim,2,0,1,0,1,0,1,1,-27.63697369,-48.66514142,SPRF-SC,DEL01-SC,UOP02-DEL01-SC,2024
"587555,0",2024-03-15,sexta-feira,23:50:00,SC,101,"212,9",PALHOCA,Condutor deixou de manter distância do veículo da frente,Colisão traseira,Com Vítimas Feridas,Plena Noite,Decrescente,Céu Claro,Dupla,Declive,Sim,3,0,0,1,2,0,1,2,-27.62996929,-48.65903871,SPRF-SC,DEL01-SC,UOP02-DEL01-SC,2024
"587558,0",2024-03-15,sexta-feira,22:45:00,SC,101,"215,4",PALHOCA,Ausência de reação do condutor,Queda de ocupante de veículo,Com Vítimas Feridas,Plena Noite,Crescente,Céu Claro,Dupla,Reta,Não,1,0,0,1,0,0,1,1,-27.65184843,-48.67604941,SPRF-SC,DEL01-SC,UOP02-DEL01-SC,2024
"587560,0",2024-03-16,sábado,00:10:00,SC,280,"29,0",ARAQUARI,Ingestão de álcool pelo condutor,Colisão com objeto,Com Vítimas Feridas,Plena Noite,Decrescente,Céu Claro,Simples,Reta,Sim,3,0,2,1,0,0,3,1,-26.41066264,-48.75295628,SPRF-SC,DEL03-SC,UOP03-DEL03-SC,2024
"587579,0",2024-03-16,sábado,04:40:00,SC,280,"124,7",RIO NEGRINHO,Ingestão de álcool pelo condutor,Colisão lateral mesmo sentido,Com Vítimas Feridas,Plena Noite,Decrescente,Céu Claro,Simples,Reta,Não,2,0,0,1,1,0,1,2,-26.24130297,-49.47514499,SPRF-SC,DEL06-SC,UOP03-DEL06-SC,2024
"587580,0",2024-03-16,sábado,05:10:00,SC,470,"53,7",BLUMENAU,Ingestão de álcool pelo condutor,Colisão frontal,Com Vítimas Feridas,Plena Noite,Decrescente,Nublado,Simples,Curva,Sim,3,0,1,1,1,0,2,2,-26.87107998,-49.10776419,SPRF-SC,DEL04-SC,UOP01-DEL04-SC,2024
"587581,0",2024-03-16,sábado,04:30:00,SC,101,"216,3",PALHOCA,Condutor Dormindo,Colisão com objeto,Sem Vítimas,Plena Noite,Crescente,Céu Claro,Múltipla,Viaduto;Reta,Sim,1,0,0,0,1,0,0,1,-27.66400631,-48.67560267,SPRF-SC,DEL01-SC,UOP02-DEL01-SC,2024
"587591,0",2024-03-15,sexta-feira,21:45:00,SC,282,"506,6",XANXERE,Ingestão de álcool pelo condutor,Saída de leito carroçável,Sem Vítimas,Plena Noite,Crescente,Nublado,Dupla,Reta,Sim,1,0,0,0,1,0,0,1,-26.885712,-52.42907,SPRF-SC,DEL07-SC,UOP01-DEL07-SC,2024
"587596,0",2024-03-16,sábado,04:20:00,SC,153,"64,8",IRANI,Acessar a via sem observar a presença dos outros veículos,Colisão transversal,Com Vítimas Feridas,Plena Noite,Decrescente,Céu Claro,Simples,Reta,Sim,3,0,3,0,0,0,3,2,-27.01614172,-51.8817544,SPRF-SC,DEL07-SC,UOP04-DEL07-SC,2024
"587600,0",2024-03-15,sexta-feira,23:21:00,SC,280,"22,2",ARAQUARI,Acessar a via sem observar a presença dos outros veículos,Colisão frontal,Com Vítimas Feridas,Plena Noite,Crescente,Céu Claro,Simples,Reta,Não,2,0,2,0,0,0,2,2,-26.37092616,-48.70204099,SPRF-SC,DEL03-SC,UOP03-DEL03-SC,2024
"587621,0",2024-02-23,sexta-feira,07:07:00,SC,280,"46,8",GUARAMIRIM,Acessar a via sem observar a presença dos outros veículos,Colisão transversal,Com Vítimas Feridas,Pleno dia,Crescente,Céu Claro,Simples,Interseção de Vias;Reta;Aclive,Não,2,0,0,1,1,0,1,2,-26.45313073,-48.91017795,SPRF-SC,DEL03-SC,UOP03-DEL03-SC,2024
"587626,0",2024-03-16,sábado,09:00:00,SC,101,"145,0",ITAPEMA,Reação tardia ou ineficiente do condutor,Tombamento,Com Vítimas Feridas,Pleno dia,Crescente,Céu Claro,Dupla,Reta,Não,1,0,1,0,0,0,1,1,-27.08267498,-48.60274315,SPRF-SC,DEL04-SC,UOP03-DEL04-SC,2024
"587627,0",2024-03-16,sábado,08:50:00,SC,101,"145,0",ITAPEMA,Condutor deixou de manter distância do veículo da frente,Colisão traseira,Com Vítimas Feridas,Pleno dia,Crescente,Céu Claro,Dupla,Reta,Sim,3,0,1,0,2,0,1,2,-27.08139206,-48.60130993,SPRF-SC,DEL04-SC,UOP03-DEL04-SC,2024
"587628,0",2024-03-16,sábado,09:15:00,SC,101,"34,0",JOINVILLE,Demais falhas mecânicas ou elétricas,Tombamento,Com Vítimas Feridas,Pleno dia,Decrescente,Nublado,Dupla,Reta,Não,2,0,2,0,0,0,2,1,-26.23667403,-48.91486706,SPRF-SC,DEL03-SC,UOP01-DEL03-SC,2024
"587631,0",2024-03-16,sábado,07:40:00,SC,470,"138,9",RIO DO SUL,Acessar a via sem observar a presença dos outros veículos,Colisão lateral mesmo sentido,Com Vítimas Feridas,Pleno dia,Crescente,Céu Claro,Simples,Retorno Regulamentado;Reta,Sim,3,0,2,0,1,0,2,2,-27.207214,-49.648476,SPRF-SC,DEL04-SC,UOP02-DEL04-SC,2024
"587641,0",2024-03-16,sábado,09:02:00,SC,470,"65,8",INDAIAL,Desrespeitar a preferência no cruzamento,Colisão traseira,Com Vítimas Feridas,Pleno dia,Decrescente,Nublado,Múltipla,Em Obras;Aclive;Rotatória;Reta,Sim,2,0,1,0,0,1,1,2,-26.87046542,-49.22123021,SPRF-SC,DEL04-SC,UOP01-DEL04-SC,2024
"587649,0",2024-03-16,sábado,10:45:00,SC,101,"206,3",SAO JOSE,Reação tardia ou ineficiente do condutor,Colisão lateral mesmo sentido,Com Vítimas Feridas,Pleno dia,Crescente,Céu Claro,Dupla,Reta,Não,2,0,1,0,1,0,1,2,-27.59193546,-48.61824557,SPRF-SC,DEL01-SC,UOP01-DEL01-SC,2024
"587650,0",2024-03-16,sábado,11:20:00,SC,280,"30,0",ARAQUARI,Acesso irregular,Colisão transversal,Com Vítimas Feridas,Pleno dia,Crescente,Céu Claro,Simples,Reta,Sim,2,0,1,0,1,0,1,2,-26.4141523,-48.76209493,SPRF-SC,DEL03-SC,UOP03-DEL03-SC,2024
"587659,0",2024-03-16,sábado,10:00:00,SC,101,"216,0",PALHOCA,Reação tardia ou ineficiente do condutor,Colisão traseira,Com Vítimas Feridas,Pleno dia,Crescente,Céu Claro,Múltipla,Reta;Declive,Sim,3,0,2,0,1,0,2,2,-27.65981409,-48.67747798,SPRF-SC,DEL01-SC,UOP02-DEL01-SC,2024
"587664,0",2024-03-16,sábado,13:10:00,SC,101,"197,0",BIGUACU,Ingestão de álcool pelo condutor,Colisão traseira,Com Vítimas Feridas,Pleno dia,Crescente,Céu Claro,Múltipla,Reta,Não,2,0,1,0,1,0,1,2,-27.51844497,-48.63848496,SPRF-SC,DEL01-SC,UOP01-DEL01-SC,2024
"587682,0",2024-03-16,sábado,15:00:00,SC,470,"74,0",RODEIO,Reação tardia ou ineficiente do condutor,Colisão traseira,Com Vítimas Feridas,Pleno dia,Crescente,Céu Claro,Simples,Reta,Não,10,0,6,0,4,0,6,2,-26.916288,-49.280807,SPRF-SC,DEL04-SC,UOP01-DEL04-SC,2024
"587694,0",2024-03-16,sábado,17:05:00,SC,282,"461,5",PONTE SERRADA,Transitar na contramão,Colisão lateral sentido oposto,Com Vítimas Feridas,Pleno dia,Decrescente,Céu Claro,Simples,Reta,Sim,3,0,2,1,0,0,3,2,-26.872128,-52.019024,SPRF-SC,DEL07-SC,UOP04-DEL07-SC,2024
"587709,0",2024-03-16,sábado,19:35:00,SC,101,"33,7",JOINVILLE,Manobra de mudança de faixa,Colisão traseira,Sem Vítimas,Plena Noite,Crescente,Chuva,Dupla,Interseção de Vias;Aclive;Rotatória,Não,2,0,0,0,2,0,0,2,-26.25835879,-48.9042449,SPRF-SC,DEL03-SC,UOP01-DEL03-SC,2024
"587715,0",2024-03-16,sábado,19:50:00,SC,101,"190,0",BIGUACU,Acumulo de areia ou detritos sobre o pavimento,Eventos atípicos,Com Vítimas Feridas,Plena Noite,Crescente,Chuva,Múltipla,Reta,Sim,1,0,1,0,0,0,1,1,-27.468056,-48.641712,SPRF-SC,DEL01-SC,UOP01-DEL01-SC,2024
"587739,0",2024-03-16,sábado,21:00:00,SC,101,"331,6",TUBARAO,Acessar a via sem observar a presença dos outros veículos,Tombamento,Com Vítimas Feridas,Plena Noite,Crescente,Garoa/Chuvisco,Múltipla,Rotatória,Sim,1,0,1,0,0,0,1,1,-28.45567521,-48.9812689,SPRF-SC,DEL02-SC,UOP01-DEL02-SC,2024
"587746,0",2024-03-16,sábado,21:30:00,SC,101,"189,6",BIGUACU,Reação tardia ou ineficiente do condutor,Colisão com objeto,Com Vítimas Fatais,Plena Noite,Crescente,Garoa/Chuvisco,Dupla,Curva;Declive,Não,2,1,1,0,0,0,1,1,-27.465204,-48.642047,SPRF-SC,DEL01-SC,UOP01-DEL01-SC,2024
"587770,0",2024-03-17,domingo,01:30:00,SC,280,"48,0",GUARAMIRIM,Transitar na contramão,Colisão frontal,Com Vítimas Feridas,Plena Noite,Decrescente,Garoa/Chuvisco,Simples,Reta;Em Obras;Desvio Temporário,Não,6,0,3,0,3,0,3,3,-26.45506795,-48.92766502,SPRF-SC,DEL03-SC,UOP03-DEL03-SC,2024
"587776,0",2024-03-17,domingo,03:40:00,SC,101,"196,8",BIGUACU,Ausência de reação do condutor,Colisão com objeto,Sem Vítimas,Plena Noite,Decrescente,Céu Claro,Múltipla,Reta,Sim,1,0,0,0,1,0,0,1,-27.51101091,-48.64322292,SPRF-SC,DEL01-SC,UOP01-DEL01-SC,2024
"587779,0",2024-03-17,domingo,04:10:00,SC,101,"209,6",SAO JOSE,Ingestão de álcool pelo condutor,Colisão com objeto,Com Vítimas Feridas,Plena Noite,Crescente,Céu Claro,Múltipla,Reta,Sim,1,0,1,0,0,0,1,1,-27.61000542,-48.63895057,SPRF-SC,DEL01-SC,UOP01-DEL01-SC,2024
"587816,0",2024-03-17,domingo,08:35:00,SC,282,"590,0",SAUDADES,Ingestão de álcool pelo condutor,Saída de leito carroçável,Sem Vítimas,Pleno dia,Decrescente,Garoa/Chuvisco,Simples,Aclive;Reta,Não,2,0,0,0,2,0,0,1,-26.82656009,-53.0744791,SPRF-SC,DEL07-SC,UOP02-DEL07-SC,2024