id,data_inversa,dia_semana,horario,uf,br,km,municipio,causa_acidente,tipo_acidente,classificacao_acidente,fase_dia,sentido_via,condicao_metereologica,tipo_pista,tracado_via,uso_solo,pessoas,mortos,feridos_leves,feridos_graves,ilesos,ignorados,feridos,veiculos,latitude,longitude,regional,delegacia,uop,ano_arquivo
"587850,0",2024-03-17,domingo,12:10:00,SC,101,"232,8",PALHOCA,Reação tardia ou ineficiente do condutor,Colisão traseira,Sem Vítimas,Pleno dia,Crescente,Nublado,Dupla,Aclive;Curva,Não,3,0,0,0,3,0,0,2,-27.795666,-48.638153,SPRF-SC,DEL01-SC,UOP02-DEL01-SC,2024
"587860,0",2024-03-17,domingo,09:00:00,SC,470,"246,0",CURITIBANOS,Mal súbito do condutor,Saída de leito carroçável,Com Vítimas Feridas,Pleno dia,Crescente,Nublado,Simples,Reta,Sim,1,0,1,0,0,0,1,1,-27.315086,-50.532715,SPRF-SC,DEL05-SC,UOP03-DEL05-SC,2024
"587872,0",2024-03-17,domingo,15:00:00,SC,282,"390,0",JOACABA,Conversão proibida,Colisão transversal,Sem Vítimas,Pleno dia,Crescente,Sol,Simples,Reta,Não,3,0,0,0,3,0,0,2,-27.175066,-51.550556,SPRF-SC,DEL07-SC,UOP05-DEL07-SC,2024
"587876,0",2024-03-17,domingo,15:30:00,SC,101,"339,0",TUBARAO,Condutor Dormindo,Saída de leito carroçável,Sem Vítimas,Pleno dia,Crescente,Nublado,Dupla,Curva;Aclive,Sim,1,0,0,0,1,0,0,1,-28.50457862,-49.04871404,SPRF-SC,DEL02-SC,UOP01-DEL02-SC,2024
"587880,0",2024-03-17,domingo,15:45:00,SC,101,"137,4",BALNEARIO CAMBORIU,Desrespeitar a preferência no cruzamento,Colisão transversal,Com Vítimas Feridas,Pleno dia,Crescente,Nublado,Dupla,Reta,Sim,2,0,1,0,1,0,1,2,-27.0157238,-48.61192763,SPRF-SC,DEL04-SC,UOP03-DEL04-SC,2024
"587891,0",2024-03-17,domingo,17:15:00,SC,101,"119,0",ITAJAI,Manobra de mudança de faixa,Colisão lateral mesmo sentido,Com Vítimas Feridas,Pleno dia,Decrescente,Céu Claro,Dupla,Reta,Não,5,0,1,1,3,0,2,2,-26.9043179,-48.71555481,SPRF-SC,DEL04-SC,UOP04-DEL04-SC,2024
"587900,0",2024-03-17,domingo,15:25:00,SC,101,"208,0",SAO JOSE,Reação tardia ou ineficiente do condutor,Colisão com objeto,Com Vítimas Feridas,Pleno dia,Decrescente,Céu Claro,Múltipla,Reta,Sim,2,0,1,0,1,0,1,1,-27.60327979,-48.63201818,SPRF-SC,DEL01-SC,UOP01-DEL01-SC,2024
"587907,0",2024-03-17,domingo,18:00:00,SC,101,"139,0",BALNEARIO CAMBORIU,Condutor deixou de manter distância do veículo da frente,Colisão traseira,Com Vítimas Feridas,Anoitecer,Decrescente,Céu Claro,Dupla,Reta,Sim,3,0,1,1,1,0,2,2,-27.02982303,-48.60115006,SPRF-SC,DEL04-SC,UOP03-DEL04-SC,2024
"587926,0",2024-03-17,domingo,18:20:00,SC,101,"41,0",JOINVILLE,Reação tardia ou ineficiente do condutor,Colisão traseira,Com Vítimas Feridas,Anoitecer,Crescente,Chuva,Dupla,Curva,Sim,5,0,1,0,4,0,1,4,-26.28215489,-48.88973081,SPRF-SC,DEL03-SC,UOP01-DEL03-SC,2024
"587928,0",2024-03-17,domingo,18:24:00,SC,470,"96,8",APIUNA,Ausência de reação do condutor,Colisão traseira,Com Vítimas Feridas,Anoitecer,Decrescente,Céu Claro,Simples,Reta,Sim,2,0,1,0,1,0,1,2,-26.98908907,-49.37444687,SPRF-SC,DEL04-SC,UOP01-DEL04-SC,2024
"587940,0",2024-03-17,domingo,20:00:00,SC,101,"48,7",JOINVILLE,Velocidade Incompatível,Saída de leito carroçável,Com Vítimas Feridas,Amanhecer,Crescente,Céu Claro,Múltipla,Declive;Curva,Não,2,0,2,0,0,0,2,1,-26.35345909,-48.85867862,SPRF-SC,DEL03-SC,UOP01-DEL03-SC,2024
"587945,0",2024-03-17,domingo,19:00:00,SC,101,"420,7",ARARANGUA,Animais na Pista,Atropelamento de Animal,Com Vítimas Feridas,Plena Noite,Crescente,Céu Claro,Simples,Reta,Não,1,0,1,0,0,0,1,1,-29.00320483,-49.56109643,SPRF-SC,DEL02-SC,UOP02-DEL02-SC,2024
"587947,0",2024-03-17,domingo,18:00:00,SC,470,"256,0",CURITIBANOS,Velocidade Incompatível,Colisão lateral sentido oposto,Com Vítimas Feridas,Anoitecer,Decrescente,Céu Claro,Simples,Reta,Não,2,0,0,1,1,0,1,2,-27.309309,-50.630985,SPRF-SC,DEL05-SC,UOP03-DEL05-SC,2024
"587960,0",2024-03-17,domingo,17:30:00,SC,282,"318,4",VARGEM,Desrespeitar a preferência no cruzamento,Colisão transversal,Com Vítimas Feridas,Pleno dia,Decrescente,Céu Claro,Simples,Curva,Não,6,0,2,0,4,0,2,2,-27.432497,-51.028515,SPRF-SC,DEL07-SC,UOP06-DEL07-SC,2024
"587971,0",2024-03-17,domingo,19:20:00,SC,101,"331,6",TUBARAO,Ingestão de álcool pelo condutor,Colisão traseira,Com Vítimas Feridas,Plena Noite,Crescente,Nublado,Dupla,Reta,Sim,2,0,1,0,1,0,1,2,-28.46487384,-48.99481773,SPRF-SC,DEL02-SC,UOP01-DEL02-SC,2024
"588039,0",2024-03-18,segunda-feira,06:00:00,SC,470,"121,0",IBIRAMA,Desvio temporário,Tombamento,Com Vítimas Feridas,Pleno dia,Crescente,Céu Claro,Simples,Curva,Não,1,0,1,0,0,0,1,1,-27.095861,-49.526859,SPRF-SC,DEL04-SC,UOP02-DEL04-SC,2024
"588044,0",2024-03-18,segunda-feira,06:35:00,SC,282,"16,3",PALHOCA,Trafegar com motocicleta (ou similar) entre as faixas,Colisão transversal,Com Vítimas Feridas,Pleno dia,Crescente,Nublado,Simples,Reta;Interseção de Vias,Sim,3,0,1,0,2,0,1,2,-27.65902309,-48.68221164,SPRF-SC,DEL01-SC,UOP02-DEL01-SC,2024
"588045,0",2024-03-18,segunda-feira,07:05:00,SC,280,"51,1",GUARAMIRIM,Condutor deixou de manter distância do veículo da frente,Colisão traseira,Com Vítimas Feridas,Pleno dia,Decrescente,Céu Claro,Simples,Retorno Regulamentado,Não,2,0,1,0,1,0,1,2,-26.466825,-48.959827,SPRF-SC,DEL03-SC,UOP03-DEL03-SC,2024
"588062,0",2024-03-18,segunda-feira,08:15:00,SC,470,"64,3",INDAIAL,Reação tardia ou ineficiente do condutor,Colisão traseira,Com Vítimas Feridas,Pleno dia,Crescente,Céu Claro,Simples,Reta,Sim,2,0,1,0,1,0,1,2,-26.869867,-49.201859,SPRF-SC,DEL04-SC,UOP01-DEL04-SC,2024
"588066,0",2024-03-02,sábado,21:05:00,SC,470,"329,0",CAMPOS NOVOS,Reação tardia ou ineficiente do condutor,Saída de leito carroçável,Com Vítimas Feridas,Plena Noite,Decrescente,Céu Claro,Simples,Reta,Não,4,0,3,0,1,0,3,1,-27.468428,-51.288605,SPRF-SC,DEL07-SC,UOP06-DEL07-SC,2024
"588117,0",2024-03-18,segunda-feira,11:45:00,SC,101,"119,0",ITAJAI,Ausência de reação do condutor,Colisão lateral mesmo sentido,Sem Vítimas,Pleno dia,Decrescente,Sol,Dupla,Reta,Não,2,0,0,0,1,1,0,2,-26.9043179,-48.71555481,SPRF-SC,DEL04-SC,UOP04-DEL04-SC,2024
"588164,0",2024-03-12,terça-feira,18:30:00,SC,282,"4,5",SAO JOSE,Reação tardia ou ineficiente do condutor,Colisão lateral mesmo sentido,Com Vítimas Feridas,Anoitecer,Decrescente,Nublado,Múltipla,Reta,Sim,2,0,1,0,1,0,1,2,-27.592646,-48.604034,SPRF-SC,DEL01-SC,UOP01-DEL01-SC,2024
"588180,0",2024-03-18,segunda-feira,15:25:00,SC,101,"140,0",BALNEARIO CAMBORIU,Reação tardia ou ineficiente do condutor,Colisão com objeto,Com Vítimas Feridas,Pleno dia,Crescente,Céu Claro,Simples,Declive,Não,1,0,1,0,0,0,1,1,-27.03881189,-48.60025148,SPRF-SC,DEL04-SC,UOP03-DEL04-SC,2024
"588195,0",2024-03-18,segunda-feira,17:23:00,SC,101,"205,0",SAO JOSE,Ausência de reação do condutor,Colisão lateral mesmo sentido,Com Vítimas Feridas,Pleno dia,Crescente,Nublado,Dupla,Reta,Sim,2,0,1,0,1,0,1,2,-27.58313237,-48.61532885,SPRF-SC,DEL01-SC,UOP01-DEL01-SC,2024
"588205,0",2024-03-18,segunda-feira,07:10:00,SC,470,"247,5",CURITIBANOS,Velocidade Incompatível,Saída de leito carroçável,Com Vítimas Feridas,Pleno dia,Decrescente,Céu Claro,Simples,Interseção de Vias;Rotatória,Sim,2,0,2,0,0,0,2,1,-27.315269,-50.541786,SPRF-SC,DEL05-SC,UOP03-DEL05-SC,2024
"588211,0",2024-03-18,segunda-feira,17:40:00,SC,470,"142,0",RIO DO SUL,Condutor deixou de manter distância do veículo da frente,Colisão traseira,Com Vítimas Feridas,Anoitecer,Decrescente,Céu Claro,Dupla,Reta,Sim,3,0,1,0,2,0,1,3,-27.229801,-49.6693,SPRF-SC,DEL04-SC,UOP02-DEL04-SC,2024
"588219,0",2024-03-18,segunda-feira,17:25:00,SC,116,"211,1",PONTE ALTA,Reação tardia ou ineficiente do condutor,Colisão com objeto,Com Vítimas Feridas,Pleno dia,Decrescente,Céu Claro,Simples,Curva,Não,1,0,0,1,0,0,1,1,-27.51040007,-50.36397936,SPRF-SC,DEL05-SC,UOP03-DEL05-SC,2024
"588235,0",2024-03-18,segunda-feira,17:45:00,SC,101,"43,9",JOINVILLE,Desrespeitar a preferência no cruzamento,Colisão transversal,Com Vítimas Feridas,Anoitecer,Crescente,Nublado,Simples,Interseção de Vias,Não,2,0,1,0,1,0,1,2,-26.31238996,-48.87458997,SPRF-SC,DEL03-SC,UOP01-DEL03-SC,2024
"588237,0",2024-03-18,segunda-feira,11:45:00,SC,470,"5,0",NAVEGANTES,Transitar no Acostamento,Colisão transversal,Com Vítimas Feridas,Pleno dia,Decrescente,Nublado,Simples,Interseção de Vias,Não,3,0,2,0,1,0,2,2,-26.855688,-48.700333,SPRF-SC,DEL04-SC,UOP04-DEL04-SC,2024
"588262,0",2024-03-18,segunda-feira,23:00:00,SC,101,"322,0",PESCARIA BRAVA,Objeto estático sobre o leito carroçável,Colisão com objeto,Com Vítimas Feridas,Plena Noite,Decrescente,Céu Claro,Dupla,Reta,Não,1,0,1,0,0,0,1,1,-28.42491971,-48.90238108,SPRF-SC,DEL02-SC,UOP01-DEL02-SC,2024
"588268,0",2024-03-19,terça-feira,00:05:00,SC,101,"113,3",ITAJAI,Ausência de reação do condutor,Colisão traseira,Sem Vítimas,Plena Noite,Crescente,Nublado,Dupla,Curva,Não,2,0,0,0,2,0,0,2,-26.85311393,-48.72689927,SPRF-SC,DEL04-SC,UOP04-DEL04-SC,2024
"588271,0",2024-03-19,terça-feira,01:00:00,SC,101,"372,7",ICARA,Ausência de reação do condutor,Saída de leito carroçável,Com Vítimas Feridas,Plena Noite,Crescente,Céu Claro,Dupla,Reta,Não,1,0,1,0,0,0,1,1,-28.70864509,-49.20924696,SPRF-SC,DEL02-SC,UOP01-DEL02-SC,2024
"588284,0",2024-03-19,terça-feira,07:04:00,SC,101,"202,0",SAO JOSE,Acessar a via sem observar a presença dos outros veículos,Colisão lateral mesmo sentido,Com Vítimas Feridas,Pleno dia,Crescente,Céu Claro,Múltipla,Reta,Sim,2,0,1,0,0,1,1,2,-27.55711595,-48.61897889,SPRF-SC,DEL01-SC,UOP01-DEL01-SC,2024
"588300,0",2024-02-18,domingo,21:00:00,SC,470,"65,0",INDAIAL,Acessar a via sem observar a presença dos outros veículos,Colisão traseira,Sem Vítimas,Plena Noite,Crescente,Nublado,Simples,Reta,Não,3,0,0,0,3,0,0,3,-26.87029988,-49.21146512,SPRF-SC,DEL04-SC,UOP01-DEL04-SC,2024
"588337,0",2024-03-19,terça-feira,12:40:00,SC,101,"132,3",BALNEARIO CAMBORIU,Transitar na contramão,Colisão transversal,Com Vítimas Feridas,Pleno dia,Decrescente,Nublado,Múltipla,Reta,Sim,2,0,1,0,1,0,1,2,-26.99654133,-48.65564711,SPRF-SC,DEL04-SC,UOP03-DEL04-SC,2024
"588341,0",2024-03-19,terça-feira,10:45:00,SC,101,"27,0",JOINVILLE,Acessar a via sem observar a presença dos outros veículos,Colisão transversal,Com Vítimas Feridas,Pleno dia,Decrescente,Céu Claro,Múltipla,Viaduto,Sim,2,0,1,0,1,0,1,2,-26.20326146,-48.91348243,SPRF-SC,DEL03-SC,UOP01-DEL03-SC,2024
"588360,0",2024-03-19,terça-feira,15:00:00,SC,101,"199,6",SAO JOSE,Manobra de mudança de faixa,Colisão traseira,Com Vítimas Feridas,Pleno dia,Decrescente,Nublado,Múltipla,Reta,Não,3,0,2,0,1,0,2,2,-27.53413705,-48.63003205,SPRF-SC,DEL01-SC,UOP01-DEL01-SC,2024
"588370,0",2024-01-08,segunda-feira,07:40:00,SC,101,"335,3",TUBARAO,Acessar a via sem observar a presença dos outros veículos,Colisão traseira,Com Vítimas Feridas,Pleno dia,Crescente,Céu Claro,Múltipla,Viaduto,Sim,3,0,0,1,2,0,1,2,-28.4762236,-49.0300294,SPRF-SC,DEL02-SC,UOP01-DEL02-SC,2024
"588378,0",2024-03-19,terça-feira,16:00:00,SC,280,"48,7",GUARAMIRIM,Reação tardia ou ineficiente do condutor,Queda de ocupante de veículo,Com Vítimas Feridas,Pleno dia,Decrescente,Céu Claro,Simples,Aclive;Reta;Em Obras,Não,1,0,1,0,0,0,1,1,-26.45506795,-48.92766502,SPRF-SC,DEL03-SC,UOP03-DEL03-SC,2024
"588385,0",2024-03-19,terça-feira,17:00:00,SC,101,"141,0",ITAPEMA,Manobra de mudança de faixa,Colisão lateral mesmo sentido,Com Vítimas Feridas,Pleno dia,Decrescente,Céu Claro,Dupla,Reta,Sim,2,0,1,0,0,1,1,2,-27.04761729,-48.59995855,SPRF-SC,DEL04-SC,UOP03-DEL04-SC,2024
"588404,0",2024-03-19,terça-feira,17:55:00,SC,101,"125,8",ITAJAI,Trafegar com motocicleta (ou similar) entre as faixas,Colisão lateral mesmo sentido,Com Vítimas Feridas,Anoitecer,Crescente,Nublado,Dupla,Reta,Não,2,0,1,0,1,0,1,2,-26.94802427,-48.68338515,SPRF-SC,DEL04-SC,UOP04-DEL04-SC,2024
"588417,0",2024-03-19,terça-feira,18:35:00,SC,101,"433,1",SOMBRIO,Reação tardia ou ineficiente do condutor,Colisão traseira,Com Vítimas Feridas,Plena Noite,Decrescente,Nublado,Múltipla,Reta;Interseção de Vias;Retorno Regulamentado,Sim,3,0,0,1,2,0,1,3,-29.08200809,-49.6297237,SPRF-SC,DEL02-SC,UOP02-DEL02-SC,2024
"588436,0",2024-03-19,terça-feira,19:00:00,SC,101,"133,0",BALNEARIO CAMBORIU,Ausência de reação do condutor,Queda de ocupante de veículo,Com Vítimas Feridas,Plena Noite,Decrescente,Céu Claro,Múltipla,Reta,Não,1,0,1,0,0,0,1,1,-26.99936,-48.64609,SPRF-SC,DEL04-SC,UOP03-DEL04-SC,2024
"588442,0",2024-03-19,terça-feira,21:55:00,SC,282,"342,0",CAMPOS NOVOS,Desrespeitar a preferência no cruzamento,Colisão transversal,Com Vítimas Feridas,Plena Noite,Decrescente,Céu Claro,Simples,Rotatória,Sim,2,0,1,0,1,0,1,2,-27.390287,-51.223286,SPRF-SC,DEL07-SC,UOP06-DEL07-SC,2024
"588452,0",2024-03-19,terça-feira,22:45:00,SC,101,"274,0",IMBITUBA,Problema na suspensão,Saída de leito carroçável,Sem Vítimas,Plena Noite,Decrescente,Ignorado,Dupla,Reta,Sim,2,0,0,0,2,0,0,1,-28.129852,-48.69322,SPRF-SC,DEL02-SC,UOP03-DEL02-SC,2024
"588473,0",2024-03-20,quarta-feira,05:00:00,SC,470,"11,0",NAVEGANTES,Ausência de reação do condutor,Saída de leito carroçável,Com Vítimas Feridas,Amanhecer,Decrescente,Garoa/Chuvisco,Dupla,Reta,Não,2,0,1,0,1,0,1,1,-26.834309,-48.747269,SPRF-SC,DEL04-SC,UOP04-DEL04-SC,2024
"588496,0",2024-03-20,quarta-feira,08:10:00,SC,101,"201,1",SAO JOSE,Manobra de mudança de faixa,Tombamento,Com Vítimas Feridas,Pleno dia,Crescente,Nublado,Múltipla,Reta,Sim,2,0,1,0,1,0,1,2,-27.54836599,-48.61977975,SPRF-SC,DEL01-SC,UOP01-DEL01-SC,2024
"588540,0",2024-03-20,quarta-feira,12:05:00,SC,101,"224,8",PALHOCA,Avarias e/ou desgaste excessivo no pneu,Tombamento,Com Vítimas Feridas,Pleno dia,Crescente,Céu Claro,Dupla,Reta,Não,2,0,2,0,0,0,2,1,-27.72384789,-48.64386769,SPRF-SC,DEL01-SC,UOP02-DEL01-SC,2024
"588559,0",2024-03-20,quarta-feira,08:10:00,SC,470,"5,0",NAVEGANTES,Entrada inopinada do pedestre,Saída de leito carroçável,Com Vítimas Feridas,Pleno dia,Crescente,Garoa/Chuvisco,Múltipla,Reta,Sim,1,0,1,0,0,0,1,1,-26.855688,-48.700333,SPRF-SC,DEL04-SC,UOP04-DEL04-SC,2024
"588597,0",2024-03-20,quarta-feira,15:40:00,SC,101,"203,6",SAO JOSE,Acessar a via sem observar a presença dos outros veículos,Colisão lateral mesmo sentido,Com Vítimas Feridas,Pleno dia,Crescente,Céu Claro,Dupla,Reta,Não,2,0,1,0,1,0,1,2,-27.5650044,-48.61460082,SPRF-SC,DEL01-SC,UOP01-DEL01-SC,2024
"588618,0",2024-03-20,quarta-feira,17:40:00,SC,101,"213,6",PALHOCA,Trafegar com motocicleta (ou similar) entre as faixas,Colisão traseira,Com Vítimas Feridas,Anoitecer,Crescente,Céu Claro,Dupla,Reta,Sim,3,0,1,1,1,0,2,2,-27.63697369,-48.66514142,SPRF-SC,DEL01-SC,UOP02-DEL01-SC,2024
"588665,0",2024-03-20,quarta-feira,21:00:00,SC,101,"205,5",SAO JOSE,Manobra de mudança de faixa,Colisão lateral mesmo sentido,Com Vítimas Feridas,Plena Noite,Crescente,Céu Claro,Múltipla,Reta,Sim,2,0,1,0,1,0,1,2,-27.58806163,-48.61699104,SPRF-SC,DEL01-SC,UOP01-DEL01-SC,2024
"588675,0",2024-03-20,quarta-feira,20:40:00,SC,101,"388,4",ICARA,Reação tardia ou ineficiente do condutor,Saída de leito carroçável,Sem Vítimas,Plena Noite,Crescente,Céu Claro,Múltipla,Reta,Não,1,0,0,0,1,0,0,1,-28.78529329,-49.33739925,SPRF-SC,DEL02-SC,UOP02-DEL02-SC,2024
"588683,0",2024-03-20,quarta-feira,22:10:00,SC,101,"112,0",ITAJAI,Demais falhas mecânicas ou elétricas,Tombamento,Com Vítimas Feridas,Plena Noite,Crescente,Céu Claro,Dupla,Reta,Sim,1,0,1,0,0,0,1,1,-26.84589005,-48.72131295,SPRF-SC,DEL04-SC,UOP04-DEL04-SC,2024
"588687,0",2024-03-20,quarta-feira,21:40:00,SC,116,"58,0",PAPANDUVA,Ausência de reação do condutor,Saída de leito carroçável,Com Vítimas Feridas,Plena Noite,Crescente,Nublado,Simples,Reta,Não,1,0,1,0,0,0,1,1,-26.37772259,-50.19785907,SPRF-SC,DEL06-SC,UOP02-DEL06-SC,2024
"588692,0",2024-03-21,quinta-feira,00:05:00,SC,282,"519,9",XAXIM,Velocidade Incompatível,Saída de leito carroçável,Sem Vítimas,Plena Noite,Decrescente,Céu Claro,Simples,Curva,Não,1,0,0,0,1,0,0,1,-26.947527,-52.517536,SPRF-SC,DEL07-SC,UOP01-DEL07-SC,2024
"588693,0",2024-03-20,quarta-feira,08:00:00,SC,101,"254,5",PAULO LOPES,Avarias e/ou desgaste excessivo no pneu,Tombamento,Com Vítimas Feridas,Pleno dia,Decrescente,Céu Claro,Dupla,Reta,Não,1,0,1,0,0,0,1,1,-27.97368802,-48.67940247,SPRF-SC,DEL02-SC,UOP03-DEL02-SC,2024
"588698,0",2024-03-21,quinta-feira,00:30:00,SC,101,"137,0",BALNEARIO CAMBORIU,Transitar na contramão,Colisão traseira,Com Vítimas Feridas,Plena Noite,Crescente,Céu Claro,Dupla,Reta,Sim,2,0,1,0,1,0,1,2,-27.0157238,-48.61192763,SPRF-SC,DEL04-SC,UOP03-DEL04-SC,2024
"588709,0",2024-03-21,quinta-feira,06:05:00,SC,282,"17,0",PALHOCA,Acesso irregular,Colisão transversal,Com Vítimas Feridas,Amanhecer,Crescente,Céu Claro,Simples,Reta,Sim,2,0,1,0,0,1,1,2,-27.665707,-48.688065,SPRF-SC,DEL01-SC,UOP02-DEL01-SC,2024
"588714,0",2024-03-21,quinta-feira,06:10:00,SC,101,"396,7",MARACAJA,Transitar na contramão,Colisão traseira,Com Vítimas Feridas,Pleno dia,Decrescente,Céu Claro,Simples,Reta,Não,2,0,0,2,0,0,2,2,-28.841352,-49.427177,SPRF-SC,DEL02-SC,UOP02-DEL02-SC,2024
"588732,0",2024-03-21,quinta-feira,07:40:00,SC,101,"201,0",SAO JOSE,Ingestão de álcool pelo condutor,Colisão traseira,Com Vítimas Feridas,Pleno dia,Decrescente,Céu Claro,Múltipla,Reta;Aclive,Não,2,0,1,0,1,0,1,2,-27.54836599,-48.61977975,SPRF-SC,DEL01-SC,UOP01-DEL01-SC,2024
"588738,0",2024-03-21,quinta-feira,07:30:00,SC,280,"3,8",SAO FRANCISCO DO SUL,Desrespeitar a preferência no cruzamento,Colisão transversal,Com Vítimas Feridas,Pleno dia,Decrescente,Céu Claro,Simples,Rotatória,Sim,2,0,1,0,1,0,1,2,-26.252143,-48.618044,SPRF-SC,DEL03-SC,UOP03-DEL03-SC,2024
"588746,0",2024-03-21,quinta-feira,07:40:00,SC,470,"64,0",INDAIAL,Transitar na contramão,Colisão lateral sentido oposto,Com Vítimas Feridas,Pleno dia,Crescente,Céu Claro,Simples,Reta,Não,2,0,1,0,1,0,1,2,-26.869867,-49.201859,SPRF-SC,DEL04-SC,UOP01-DEL04-SC,2024
"588774,0",2024-03-10,domingo,04:15:00,SC,101,"199,3",BIGUACU,Ingestão de álcool pelo condutor,Saída de leito carroçável,Sem Vítimas,Plena Noite,Decrescente,Céu Claro,Múltipla,Reta,Sim,1,0,0,0,0,1,0,1,-27.53413705,-48.63003205,SPRF-SC,DEL01-SC,UOP01-DEL01-SC,2024
"588784,0",2024-03-21,quinta-feira,12:30:00,SC,101,"205,5",SAO JOSE,Reação tardia ou ineficiente do condutor,Queda de ocupante de veículo,Com Vítimas Feridas,Pleno dia,Crescente,Céu Claro,Múltipla,Curva,Não,1,0,1,0,0,0,1,1,-27.58313237,-48.61532885,SPRF-SC,DEL01-SC,UOP01-DEL01-SC,2024
"588804,0",2024-03-21,quinta-feira,14:30:00,SC,470,"66,0",INDAIAL,Trafegar com motocicleta (ou similar) entre as faixas,Colisão transversal,Com Vítimas Feridas,Pleno dia,Decrescente,Nublado,Simples,Retorno Regulamentado,Não,2,0,0,1,1,0,1,2,-26.870407,-49.221844,SPRF-SC,DEL04-SC,UOP01-DEL04-SC,2024
"588826,0",2024-02-24,sábado,06:50:00,SC,470,"57,8",BLUMENAU,Animais na Pista,Atropelamento de Animal,Com Vítimas Feridas,Pleno dia,Decrescente,Céu Claro,Simples,Reta,Não,1,0,1,0,0,0,1,1,-26.880428,-49.136532,SPRF-SC,DEL04-SC,UOP01-DEL04-SC,2024
"588844,0",2024-03-21,quinta-feira,18:00:00,SC,101,"227,5",PALHOCA,Manobra de mudança de faixa,Colisão transversal,Com Vítimas Feridas,Anoitecer,Crescente,Nublado,Simples,Declive,Sim,2,0,1,0,1,0,1,2,-27.7509149,-48.63460277,SPRF-SC,DEL01-SC,UOP02-DEL01-SC,2024
"588855,0",2024-03-21,quinta-feira,19:00:00,SC,470,"56,0",BLUMENAU,Acessar a via sem observar a presença dos outros veículos,Colisão transversal,Com Vítimas Feridas,Plena Noite,Decrescente,Nublado,Simples,Em Obras;Reta;Interseção de Vias,Sim,3,0,0,1,2,0,1,2,-26.87740663,-49.12991524,SPRF-SC,DEL04-SC,UOP01-DEL04-SC,2024
"588877,0",2024-03-21,quinta-feira,19:50:00,SC,280,"29,0",ARAQUARI,Acessar a via sem observar a presença dos outros veículos,Colisão transversal,Com Vítimas Feridas,Plena Noite,Crescente,Nublado,Simples,Reta,Não,3,0,1,0,2,0,1,2,-26.41066264,-48.75295628,SPRF-SC,DEL03-SC,UOP03-DEL03-SC,2024
"588934,0",2024-03-22,sexta-feira,06:26:00,SC,101,"138,5",BALNEARIO CAMBORIU,Reação tardia ou ineficiente do condutor,Tombamento,Com Vítimas Feridas,Pleno dia,Crescente,Céu Claro,Múltipla,Reta;Aclive,Sim,1,0,1,0,0,0,1,1,-27.02397426,-48.60761649,SPRF-SC,DEL04-SC,UOP03-DEL04-SC,2024
"588937,0",2024-03-22,sexta-feira,07:10:00,SC,101,"416,2",ARARANGUA,Condutor deixou de manter distância do veículo da frente,Colisão traseira,Com Vítimas Feridas,Pleno dia,Crescente,Céu Claro,Simples,Reta,Sim,2,0,1,0,0,1,1,2,-28.9739903,-49.53085184,SPRF-SC,DEL02-SC,UOP02-DEL02-SC,2024
"588949,0",2024-03-22,sexta-feira,08:25:00,SC,101,"125,2",ITAJAI,Ausência de reação do condutor,Colisão lateral mesmo sentido,Com Vítimas Feridas,Pleno dia,Decrescente,Nublado,Dupla,Curva,Não,3,0,0,2,1,0,2,2,-26.94802427,-48.68338515,SPRF-SC,DEL04-SC,UOP04-DEL04-SC,2024
"588961,0",2024-02-01,quinta-feira,07:50:00,SC,470,"53,4",BLUMENAU,Manobra de mudança de faixa,Colisão lateral mesmo sentido,Com Vítimas Feridas,Pleno dia,Crescente,Céu Claro,Simples,Em Obras;Reta,Não,3,0,1,0,1,1,1,3,-26.867121,-49.102066,SPRF-SC,DEL04-SC,UOP01-DEL04-SC,2024
"588969,0",2024-03-22,sexta-feira,09:17:00,SC,282,"26,5",SANTO AMARO DA IMPERATRIZ,Acessar a via sem observar a presença dos outros veículos,Colisão transversal,Com Vítimas Feridas,Pleno dia,Decrescente,Céu Claro,Simples,Retorno Regulamentado;Reta;Interseção de Vias,Sim,2,0,1,0,1,0,1,2,-27.680267,-48.762482,SPRF-SC,DEL01-SC,UOP03-DEL01-SC,2024
"588970,0",2024-03-22,sexta-feira,09:00:00,SC,280,"129,0",RIO NEGRINHO,Desrespeitar a preferência no cruzamento,Colisão transversal,Com Vítimas Feridas,Pleno dia,Crescente,Céu Claro,Simples,Rotatória,Não,2,0,1,0,1,0,1,2,-26.24586437,-49.52284615,SPRF-SC,DEL06-SC,UOP03-DEL06-SC,2024
"588978,0",2024-03-22,sexta-feira,10:30:00,SC,101,"97,0",BALNEARIO PICARRAS,Pedestre cruzava a pista fora da faixa,Atropelamento de Pedestre,Com Vítimas Feridas,Pleno dia,Decrescente,Sol,Dupla,Curva,Não,2,0,1,0,1,0,1,2,-26.72823703,-48.70224928,SPRF-SC,DEL03-SC,UOP02-DEL03-SC,2024
"588988,0",2024-03-22,sexta-feira,11:00:00,SC,101,"205,0",SAO JOSE,Ausência de reação do condutor,Colisão traseira,Com Vítimas Feridas,Pleno dia,Crescente,Céu Claro,Dupla,Reta,Não,3,0,1,0,2,0,1,2,-27.58313237,-48.61532885,SPRF-SC,DEL01-SC,UOP01-DEL01-SC,2024