id,data_inversa,dia_semana,horario,uf,br,km,municipio,causa_acidente,tipo_acidente,classificacao_acidente,fase_dia,sentido_via,condicao_metereologica,tipo_pista,tracado_via,uso_solo,pessoas,mortos,feridos_leves,feridos_graves,ilesos,ignorados,feridos,veiculos,latitude,longitude,regional,delegacia,uop,ano_arquivo
"589009,0",2024-03-18,segunda-feira,08:10:00,SC,101,"111,4",NAVEGANTES,Manobra de mudança de faixa,Colisão lateral mesmo sentido,Com Vítimas Feridas,Pleno dia,Crescente,Céu Claro,Múltipla,Reta,Não,2,0,1,0,1,0,1,2,-26.83955734,-48.71418074,SPRF-SC,DEL04-SC,UOP04-DEL04-SC,2024
"589019,0",2024-03-17,domingo,21:00:00,SC,282,"75,6",RANCHO QUEIMADO,Ingestão de álcool pelo condutor,Colisão frontal,Com Vítimas Feridas,Plena Noite,Crescente,Céu Claro,Simples,Curva,Não,6,0,0,5,0,1,5,3,-27.6910557,-49.13479418,SPRF-SC,DEL01-SC,UOP03-DEL01-SC,2024
"589050,0",2024-03-22,sexta-feira,17:00:00,SC,101,"87,0",BARRA VELHA,Manobra de mudança de faixa,Colisão lateral mesmo sentido,Sem Vítimas,Pleno dia,Crescente,Céu Claro,Dupla,Reta,Sim,1,0,0,0,1,0,0,1,-26.63713377,-48.69651057,SPRF-SC,DEL03-SC,UOP02-DEL03-SC,2024
"589054,0",2024-03-22,sexta-feira,17:30:00,SC,101,"146,0",ITAPEMA,Reação tardia ou ineficiente do condutor,Colisão traseira,Com Vítimas Feridas,Pleno dia,Decrescente,Nublado,Dupla,Reta,Sim,3,0,2,0,1,0,2,2,-27.08666525,-48.60955587,SPRF-SC,DEL04-SC,UOP03-DEL04-SC,2024
"589058,0",2024-03-22,sexta-feira,18:15:00,SC,101,"210,0",PALHOCA,Trafegar com motocicleta (ou similar) entre as faixas,Colisão lateral mesmo sentido,Com Vítimas Feridas,Anoitecer,Decrescente,Céu Claro,Múltipla,Reta,Sim,2,0,1,0,1,0,1,2,-27.6167305,-48.6457265,SPRF-SC,DEL01-SC,UOP01-DEL01-SC,2024
"589084,0",2024-03-22,sexta-feira,19:00:00,SC,101,"202,5",SAO JOSE,Manobra de mudança de faixa,Colisão lateral mesmo sentido,Com Vítimas Feridas,Plena Noite,Decrescente,Céu Claro,Dupla,Reta,Não,2,0,1,0,1,0,1,2,-27.55711595,-48.61897889,SPRF-SC,DEL01-SC,UOP01-DEL01-SC,2024
"589094,0",2024-03-22,sexta-feira,19:30:00,SC,101,"99,0",BALNEARIO PICARRAS,Demais falhas mecânicas ou elétricas,Tombamento,Com Vítimas Feridas,Plena Noite,Decrescente,Ignorado,Dupla,Reta,Não,1,0,1,0,0,0,1,1,-26.7471002,-48.69654831,SPRF-SC,DEL03-SC,UOP02-DEL03-SC,2024
"589110,0",2024-03-22,sexta-feira,21:30:00,SC,101,"204,0",SAO JOSE,Estacionar ou parar em local proibido,Colisão traseira,Com Vítimas Feridas,Plena Noite,Decrescente,Céu Claro,Dupla,Declive,Sim,2,0,1,0,0,1,1,2,-27.57413014,-48.61363083,SPRF-SC,DEL01-SC,UOP01-DEL01-SC,2024
"589119,0",2024-03-22,sexta-feira,18:45:00,SC,116,"84,0",MONTE CASTELO,Ausência de reação do condutor,Colisão com objeto,Com Vítimas Feridas,Anoitecer,Decrescente,Garoa/Chuvisco,Simples,Reta;Aclive,Sim,1,0,0,1,0,0,1,1,-26.59235699,-50.22426607,SPRF-SC,DEL06-SC,UOP02-DEL06-SC,2024
"589136,0",2024-03-22,sexta-feira,18:00:00,SC,101,"36,3",JOINVILLE,Demais falhas mecânicas ou elétricas,Colisão traseira,Com Vítimas Feridas,Pleno dia,Crescente,Céu Claro,Dupla,Reta,Sim,2,0,1,0,1,0,1,2,-26.24573198,-48.9101069,SPRF-SC,DEL03-SC,UOP01-DEL03-SC,2024
"589138,0",2024-03-23,sábado,01:00:00,SC,101,"39,3",JOINVILLE,Ingestão de álcool pelo condutor,Colisão com objeto,Com Vítimas Feridas,Plena Noite,Crescente,Céu Claro,Dupla,Reta,Sim,1,0,1,0,0,0,1,1,-26.2628107,-48.90192257,SPRF-SC,DEL03-SC,UOP01-DEL03-SC,2024
"589140,0",2024-03-23,sábado,03:00:00,SC,101,"129,0",CAMBORIU,Reação tardia ou ineficiente do condutor,Tombamento,Com Vítimas Feridas,Plena Noite,Crescente,Nublado,Dupla,Reta,Não,2,0,2,0,0,0,2,1,-26.98064277,-48.6790679,SPRF-SC,DEL04-SC,UOP03-DEL04-SC,2024
"589144,0",2024-03-23,sábado,04:30:00,SC,101,"225,8",PALHOCA,Velocidade Incompatível,Colisão com objeto,Com Vítimas Feridas,Plena Noite,Crescente,Céu Claro,Dupla,Reta,Não,2,0,0,1,1,0,1,2,-27.73292191,-48.6409567,SPRF-SC,DEL01-SC,UOP02-DEL01-SC,2024
"589174,0",2024-03-23,sábado,08:00:00,SC,101,"92,2",BARRA VELHA,Ausência de reação do condutor,Colisão lateral mesmo sentido,Com Vítimas Feridas,Amanhecer,Decrescente,Nublado,Múltipla,Reta,Não,3,0,2,0,1,0,2,2,-26.6806041,-48.6931497,SPRF-SC,DEL03-SC,UOP02-DEL03-SC,2024
"589186,0",2024-03-11,segunda-feira,16:50:00,SC,282,"4,0",SAO JOSE,Manobra de mudança de faixa,Colisão lateral mesmo sentido,Com Vítimas Feridas,Pleno dia,Decrescente,Céu Claro,Múltipla,Curva,Sim,1,0,1,0,0,0,1,1,-27.592646,-48.604034,SPRF-SC,DEL01-SC,UOP01-DEL01-SC,2024
"589192,0",2024-03-23,sábado,10:00:00,SC,101,"125,9",ITAJAI,Condutor deixou de manter distância do veículo da frente,Engavetamento,Com Vítimas Feridas,Pleno dia,Crescente,Céu Claro,Dupla,Reta,Não,4,0,1,0,3,0,1,4,-26.94802427,-48.68338515,SPRF-SC,DEL04-SC,UOP04-DEL04-SC,2024
"589222,0",2024-03-23,sábado,12:25:00,SC,280,"51,7",GUARAMIRIM,Ausência de reação do condutor,Queda de ocupante de veículo,Com Vítimas Feridas,Pleno dia,Decrescente,Nublado,Dupla,Reta;Em Obras,Não,2,0,2,0,0,0,2,1,-26.46538871,-48.95544449,SPRF-SC,DEL03-SC,UOP03-DEL03-SC,2024
"589251,0",2024-03-23,sábado,15:30:00,SC,101,"206,9",SAO JOSE,Condutor deixou de manter distância do veículo da frente,Engavetamento,Com Vítimas Feridas,Pleno dia,Decrescente,Nublado,Múltipla,Declive,Sim,5,0,1,0,4,0,1,4,-27.59193546,-48.61824557,SPRF-SC,DEL01-SC,UOP01-DEL01-SC,2024
"589257,0",2024-03-23,sábado,16:00:00,SC,101,"138,0",BALNEARIO CAMBORIU,Ausência de reação do condutor,Colisão lateral mesmo sentido,Com Vítimas Feridas,Pleno dia,Crescente,Céu Claro,Simples,Interseção de Vias,Sim,2,0,1,0,0,1,1,2,-27.02397426,-48.60761649,SPRF-SC,DEL04-SC,UOP03-DEL04-SC,2024
"589265,0",2024-03-23,sábado,17:30:00,SC,101,"201,0",SAO JOSE,Reação tardia ou ineficiente do condutor,Atropelamento de Pedestre,Com Vítimas Feridas,Pleno dia,Crescente,Nublado,Simples,Viaduto,Sim,2,0,1,0,1,0,1,2,-27.54836599,-48.61977975,SPRF-SC,DEL01-SC,UOP01-DEL01-SC,2024
"589266,0",2024-02-29,quinta-feira,07:35:00,SC,282,"599,0",MARAVILHA,Pista esburacada,Saída de leito carroçável,Com Vítimas Feridas,Pleno dia,Crescente,Céu Claro,Simples,Reta,Não,1,0,1,0,0,0,1,1,-26.820206,-53.155052,SPRF-SC,DEL07-SC,UOP02-DEL07-SC,2024
"589275,0",2024-03-23,sábado,17:30:00,SC,282,"3,0",FLORIANOPOLIS,Velocidade Incompatível,Colisão lateral mesmo sentido,Com Vítimas Feridas,Pleno dia,Crescente,Céu Claro,Múltipla,Curva,Sim,2,0,1,0,1,0,1,2,-27.600384,-48.599705,SPRF-SC,DEL01-SC,UOP01-DEL01-SC,2024
"589286,0",2024-03-23,sábado,19:00:00,SC,101,"123,0",ITAJAI,Desrespeitar a preferência no cruzamento,Colisão transversal,Com Vítimas Feridas,Plena Noite,Crescente,Céu Claro,Dupla,Rotatória;Viaduto;Interseção de Vias,Sim,2,0,1,0,1,0,1,2,-26.93668609,-48.69876905,SPRF-SC,DEL04-SC,UOP04-DEL04-SC,2024
"589288,0",2024-03-07,quinta-feira,21:30:00,SC,101,"164,0",TIJUCAS,Manobra de mudança de faixa,Queda de ocupante de veículo,Com Vítimas Feridas,Plena Noite,Decrescente,Chuva,Dupla,Reta,Sim,2,0,1,0,1,0,1,2,-27.243868,-48.6309,SPRF-SC,DEL04-SC,UOP03-DEL04-SC,2024
"589290,0",2024-03-23,sábado,13:30:00,SC,280,"127,0",RIO NEGRINHO,Acessar a via sem observar a presença dos outros veículos,Colisão transversal,Com Vítimas Feridas,Pleno dia,Crescente,Céu Claro,Simples,Reta,Não,2,0,1,0,1,0,1,2,-26.23943953,-49.50420708,SPRF-SC,DEL06-SC,UOP03-DEL06-SC,2024
"589293,0",2024-03-23,sábado,19:15:00,SC,280,"72,9",JARAGUA DO SUL,Reação tardia ou ineficiente do condutor,Colisão com objeto,Com Vítimas Feridas,Plena Noite,Crescente,Chuva,Simples,Declive;Rotatória;Interseção de Vias,Não,2,0,0,1,0,1,1,2,-26.45881705,-49.15961266,SPRF-SC,DEL03-SC,UOP03-DEL03-SC,2024
"589309,0",2024-03-23,sábado,20:25:00,SC,101,"206,4",SAO JOSE,Retorno proibido,Colisão transversal,Com Vítimas Feridas,Plena Noite,Crescente,Nublado,Dupla,Viaduto,Sim,2,0,0,1,1,0,1,2,-27.59193546,-48.61824557,SPRF-SC,DEL01-SC,UOP01-DEL01-SC,2024
"589324,0",2024-03-23,sábado,20:35:00,SC,101,"281,8",IMBITUBA,Ingestão de álcool pelo condutor,Colisão com objeto,Sem Vítimas,Plena Noite,Crescente,Nublado,Múltipla,Reta,Não,1,0,0,0,1,0,0,1,-28.18793595,-48.69652041,SPRF-SC,DEL02-SC,UOP03-DEL02-SC,2024
"589346,0",2024-03-23,sábado,23:05:00,SC,101,"415,6",ARARANGUA,Ausência de sinalização,Colisão traseira,Com Vítimas Feridas,Plena Noite,Crescente,Nublado,Simples,Reta,Sim,2,0,2,0,0,0,2,2,-28.97090226,-49.52602386,SPRF-SC,DEL02-SC,UOP02-DEL02-SC,2024
"589348,0",2024-03-23,sábado,23:30:00,SC,282,"3,0",FLORIANOPOLIS,Ingestão de álcool pelo condutor,Colisão traseira,Com Vítimas Feridas,Plena Noite,Decrescente,Nublado,Dupla,Curva,Sim,3,0,2,0,1,0,2,2,-27.600384,-48.599705,SPRF-SC,DEL01-SC,UOP01-DEL01-SC,2024
"589352,0",2024-03-23,sábado,23:10:00,SC,282,"30,0",SANTO AMARO DA IMPERATRIZ,Chuva,Queda de ocupante de veículo,Com Vítimas Feridas,Plena Noite,Decrescente,Chuva,Simples,Curva,Não,2,0,1,0,1,0,1,2,-27.687376,-48.79071,SPRF-SC,DEL01-SC,UOP03-DEL01-SC,2024
"589361,0",2024-03-21,quinta-feira,21:00:00,SC,101,"130,0",BALNEARIO CAMBORIU,Acessar a via sem observar a presença dos outros veículos,Colisão traseira,Com Vítimas Feridas,Plena Noite,Crescente,Céu Claro,Dupla,Reta,Sim,2,0,1,0,1,0,1,2,-26.98407618,-48.66977107,SPRF-SC,DEL04-SC,UOP03-DEL04-SC,2024
"589362,0",2024-03-24,domingo,00:10:00,SC,101,"34,0",JOINVILLE,Ingestão de álcool pelo condutor,Saída de leito carroçável,Sem Vítimas,Plena Noite,Decrescente,Nublado,Dupla,Reta,Não,1,0,0,0,0,1,0,1,-26.23667403,-48.91486706,SPRF-SC,DEL03-SC,UOP01-DEL03-SC,2024
"589363,0",2024-03-24,domingo,02:35:00,SC,101,"222,8",PALHOCA,Iluminação deficiente,Atropelamento de Pedestre,Com Vítimas Feridas,Plena Noite,Crescente,Garoa/Chuvisco,Dupla,Reta,Sim,2,0,1,0,0,1,1,2,-27.70865409,-48.65586407,SPRF-SC,DEL01-SC,UOP02-DEL01-SC,2024
"589370,0",2024-03-24,domingo,03:30:00,SC,101,"138,0",BALNEARIO CAMBORIU,Ingestão de álcool pelo condutor,Colisão traseira,Sem Vítimas,Plena Noite,Decrescente,Céu Claro,Dupla,Reta,Sim,2,0,0,0,1,1,0,2,-27.02397426,-48.60761649,SPRF-SC,DEL04-SC,UOP03-DEL04-SC,2024
"589390,0",2024-03-23,sábado,22:05:00,SC,280,"80,8",CORUPA,Acessar a via sem observar a presença dos outros veículos,Colisão transversal,Sem Vítimas,Plena Noite,Crescente,Garoa/Chuvisco,Simples,Interseção de Vias;Aclive,Sim,2,0,0,0,2,0,0,2,-26.44412189,-49.20975187,SPRF-SC,DEL06-SC,UOP03-DEL06-SC,2024
"589412,0",2024-03-24,domingo,07:30:00,SC,101,"272,7",IMBITUBA,Ingestão de álcool pelo condutor,Saída de leito carroçável,Sem Vítimas,Pleno dia,Crescente,Nublado,Dupla,Curva;Viaduto,Não,1,0,0,0,1,0,0,1,-28.11780197,-48.69928995,SPRF-SC,DEL02-SC,UOP03-DEL02-SC,2024
"589425,0",2024-03-24,domingo,10:30:00,SC,101,"136,9",BALNEARIO CAMBORIU,Trafegar com motocicleta (ou similar) entre as faixas,Colisão lateral mesmo sentido,Com Vítimas Feridas,Pleno dia,Crescente,Nublado,Múltipla,Reta,Sim,3,0,1,0,2,0,1,3,-27.008113,-48.617245,SPRF-SC,DEL04-SC,UOP03-DEL04-SC,2024
"589439,0",2024-03-24,domingo,12:10:00,SC,282,"50,0",AGUAS MORNAS,Velocidade Incompatível,Colisão com objeto,Com Vítimas Feridas,Pleno dia,Decrescente,Garoa/Chuvisco,Simples,Curva;Declive,Não,1,0,1,0,0,0,1,1,-27.708536,-48.952251,SPRF-SC,DEL01-SC,UOP03-DEL01-SC,2024
"589444,0",2024-03-24,domingo,13:00:00,SC,101,"185,0",BIGUACU,Reação tardia ou ineficiente do condutor,Tombamento,Com Vítimas Feridas,Pleno dia,Decrescente,Nublado,Múltipla,Reta,Não,1,0,1,0,0,0,1,1,-27.42536698,-48.62465876,SPRF-SC,DEL01-SC,UOP01-DEL01-SC,2024
"589465,0",2024-03-24,domingo,15:20:00,SC,282,"32,4",AGUAS MORNAS,Acessar a via sem observar a presença dos outros veículos,Colisão transversal,Com Vítimas Feridas,Pleno dia,Crescente,Céu Claro,Simples,Rotatória,Sim,2,0,2,0,0,0,2,2,-27.70116,-48.800175,SPRF-SC,DEL01-SC,UOP03-DEL01-SC,2024
"589467,0",2024-03-24,domingo,13:20:00,SC,101,"115,3",ITAJAI,Avarias e/ou desgaste excessivo no pneu,Tombamento,Com Vítimas Feridas,Pleno dia,Decrescente,Nublado,Múltipla,Reta,Sim,2,0,2,0,0,0,2,1,-26.87064015,-48.72954134,SPRF-SC,DEL04-SC,UOP04-DEL04-SC,2024
"589489,0",2024-03-24,domingo,16:35:00,SC,470,"34,7",GASPAR,Ausência de reação do condutor,Saída de leito carroçável,Com Vítimas Feridas,Pleno dia,Crescente,Nublado,Dupla,Reta;Em Obras,Não,2,0,2,0,0,0,2,1,-26.910646,-48.949341,SPRF-SC,DEL04-SC,UOP01-DEL04-SC,2024
"589544,0",2024-03-24,domingo,20:30:00,SC,101,"203,9",SAO JOSE,Acessar a via sem observar a presença dos outros veículos,Colisão transversal,Com Vítimas Feridas,Plena Noite,Decrescente,Céu Claro,Múltipla,Rotatória;Interseção de Vias,Não,2,0,1,0,1,0,1,2,-27.5650044,-48.61460082,SPRF-SC,DEL01-SC,UOP01-DEL01-SC,2024
"589557,0",2024-03-24,domingo,22:00:00,SC,101,"4,1",ARARANGUA,Pedestre cruzava a pista fora da faixa,Atropelamento de Pedestre,Com Vítimas Fatais,Plena Noite,Crescente,Nublado,Simples,Reta,Sim,2,1,0,0,0,1,0,2,-28.95709792,-49.51300979,SPRF-SC,DEL02-SC,UOP02-DEL02-SC,2024
"589560,0",2024-03-24,domingo,23:00:00,SC,101,"131,5",CAMBORIU,Entrada inopinada do pedestre,Atropelamento de Pedestre,Com Vítimas Fatais,Plena Noite,Crescente,Céu Claro,Múltipla,Reta,Sim,2,1,1,0,0,0,1,2,-26.9944245,-48.6591476,SPRF-SC,DEL04-SC,UOP03-DEL04-SC,2024
"589569,0",2024-03-25,segunda-feira,01:10:00,SC,101,"200,3",SAO JOSE,Reação tardia ou ineficiente do condutor,Tombamento,Com Vítimas Feridas,Plena Noite,Crescente,Céu Claro,Múltipla,Curva,Sim,1,0,1,0,0,0,1,1,-27.54018513,-48.62287714,SPRF-SC,DEL01-SC,UOP01-DEL01-SC,2024
"589576,0",2024-03-25,segunda-feira,02:30:00,SC,470,"34,8",GASPAR,Ingestão de álcool pelo condutor,Saída de leito carroçável,Sem Vítimas,Plena Noite,Crescente,Nublado,Simples,Em Obras;Desvio Temporário;Reta,Não,1,0,0,0,1,0,0,1,-26.91205274,-48.9555491,SPRF-SC,DEL04-SC,UOP01-DEL04-SC,2024
"589596,0",2024-03-25,segunda-feira,07:10:00,SC,101,"214,4",PALHOCA,Condutor deixou de manter distância do veículo da frente,Colisão traseira,Com Vítimas Feridas,Pleno dia,Decrescente,Céu Claro,Múltipla,Reta;Aclive,Sim,3,0,3,0,0,0,3,2,-27.64443,-48.67057,SPRF-SC,DEL01-SC,UOP02-DEL01-SC,2024
"589613,0",2024-03-25,segunda-feira,07:50:00,SC,101,"199,8",SAO JOSE,Manobra de mudança de faixa,Colisão lateral mesmo sentido,Com Vítimas Feridas,Pleno dia,Crescente,Céu Claro,Dupla,Interseção de Vias;Reta,Sim,2,0,1,0,1,0,1,2,-27.53413705,-48.63003205,SPRF-SC,DEL01-SC,UOP01-DEL01-SC,2024
"589628,0",2024-03-25,segunda-feira,08:10:00,SC,282,"70,1",RANCHO QUEIMADO,Manobra de mudança de faixa,Colisão lateral mesmo sentido,Com Vítimas Feridas,Pleno dia,Crescente,Céu Claro,Simples,Curva;Aclive,Sim,2,0,1,0,0,1,1,2,-27.692705,-49.091351,SPRF-SC,DEL01-SC,UOP03-DEL01-SC,2024
"589632,0",2024-03-25,segunda-feira,07:30:00,SC,101,"130,0",BALNEARIO CAMBORIU,Trafegar com motocicleta (ou similar) entre as faixas,Colisão traseira,Com Vítimas Feridas,Pleno dia,Decrescente,Céu Claro,Dupla,Reta,Sim,2,0,1,0,1,0,1,2,-26.98407618,-48.66977107,SPRF-SC,DEL04-SC,UOP03-DEL04-SC,2024
"589639,0",2024-03-25,segunda-feira,07:00:00,SC,280,"259,0",CANOINHAS,Reação tardia ou ineficiente do condutor,Saída de leito carroçável,Com Vítimas Feridas,Pleno dia,Crescente,Céu Claro,Simples,Reta,Não,1,0,1,0,0,0,1,1,-26.263,-50.622,SPRF-SC,DEL06-SC,UOP04-DEL06-SC,2024
"589673,0",2024-03-25,segunda-feira,10:20:00,SC,470,"156,0",TROMBUDO CENTRAL,Acessar a via sem observar a presença dos outros veículos,Colisão transversal,Com Vítimas Feridas,Pleno dia,Decrescente,Céu Claro,Simples,Reta,Sim,2,0,2,0,0,0,2,2,-27.281332,-49.760201,SPRF-SC,DEL04-SC,UOP02-DEL04-SC,2024
"589685,0",2024-03-25,segunda-feira,14:40:00,SC,280,"58,6",GUARAMIRIM,Condutor deixou de manter distância do veículo da frente,Colisão traseira,Com Vítimas Feridas,Pleno dia,Decrescente,Céu Claro,Dupla,Reta,Não,2,0,1,0,1,0,1,2,-26.47525778,-49.03098916,SPRF-SC,DEL03-SC,UOP03-DEL03-SC,2024
"589735,0",2024-03-25,segunda-feira,15:50:00,SC,101,"131,0",BALNEARIO CAMBORIU,Ausência de reação do condutor,Tombamento,Com Vítimas Feridas,Pleno dia,Crescente,Céu Claro,Simples,Reta,Sim,1,0,1,0,0,0,1,1,-26.99064209,-48.66310912,SPRF-SC,DEL04-SC,UOP03-DEL04-SC,2024
"589741,0",2024-03-25,segunda-feira,19:00:00,SC,470,"15,0",ILHOTA,Reação tardia ou ineficiente do condutor,Tombamento,Com Vítimas Feridas,Plena Noite,Crescente,Nublado,Dupla,Reta,Não,1,0,1,0,0,0,1,1,-26.839785,-48.785534,SPRF-SC,DEL04-SC,UOP04-DEL04-SC,2024
"589752,0",2024-03-25,segunda-feira,19:20:00,SC,101,"333,7",TUBARAO,Desrespeitar a preferência no cruzamento,Colisão transversal,Com Vítimas Feridas,Plena Noite,Decrescente,Céu Claro,Dupla,Interseção de Vias;Rotatória,Sim,2,0,1,0,1,0,1,2,-28.46967217,-49.01498795,SPRF-SC,DEL02-SC,UOP01-DEL02-SC,2024
"589756,0",2024-03-25,segunda-feira,22:00:00,SC,101,"398,0",MARACAJA,Demais falhas mecânicas ou elétricas,Incêndio,Sem Vítimas,Plena Noite,Crescente,Céu Claro,Simples,Reta,Não,1,0,0,0,1,0,0,1,-28.850217,-49.435273,SPRF-SC,DEL02-SC,UOP02-DEL02-SC,2024
"589766,0",2024-03-26,terça-feira,00:45:00,SC,101,"326,0",CAPIVARI DE BAIXO,Reação tardia ou ineficiente do condutor,Capotamento,Sem Vítimas,Plena Noite,Crescente,Garoa/Chuvisco,Dupla,Declive;Reta,Não,2,0,0,0,2,0,0,1,-28.42524483,-48.94302707,SPRF-SC,DEL02-SC,UOP01-DEL02-SC,2024
"589809,0",2024-03-26,terça-feira,08:25:00,SC,282,"216,0",LAGES,Acessar a via sem observar a presença dos outros veículos,Colisão transversal,Com Vítimas Feridas,Pleno dia,Decrescente,Céu Claro,Simples,Reta;Rotatória,Sim,2,0,1,0,1,0,1,2,-27.797529,-50.291862,SPRF-SC,DEL05-SC,UOP01-DEL05-SC,2024
"589818,0",2024-03-26,terça-feira,08:20:00,SC,101,"113,0",ITAJAI,Ausência de reação do condutor,Colisão lateral mesmo sentido,Com Vítimas Feridas,Pleno dia,Decrescente,Céu Claro,Dupla,Reta,Não,2,0,1,0,1,0,1,2,-26.85311393,-48.72689927,SPRF-SC,DEL04-SC,UOP04-DEL04-SC,2024
"589826,0",2024-03-26,terça-feira,09:20:00,SC,282,"218,0",LAGES,Ausência de reação do condutor,Tombamento,Com Vítimas Feridas,Pleno dia,Decrescente,Sol,Simples,Reta,Sim,1,0,1,0,0,0,1,1,-27.79821691,-50.30899286,SPRF-SC,DEL05-SC,UOP01-DEL05-SC,2024
"589831,0",2024-03-26,terça-feira,07:00:00,SC,101,"119,0",ITAJAI,Reação tardia ou ineficiente do condutor,Colisão lateral mesmo sentido,Com Vítimas Feridas,Pleno dia,Crescente,Sol,Múltipla,Reta,Sim,3,0,1,0,2,0,1,3,-26.9043179,-48.71555481,SPRF-SC,DEL04-SC,UOP04-DEL04-SC,2024
"589846,0",2024-03-26,terça-feira,13:00:00,SC,101,"209,8",SAO JOSE,Manobra de mudança de faixa,Colisão traseira,Com Vítimas Feridas,Pleno dia,Decrescente,Céu Claro,Múltipla,Reta,Não,2,0,1,0,1,0,1,2,-27.61000542,-48.63895057,SPRF-SC,DEL01-SC,UOP01-DEL01-SC,2024
"589929,0",2024-03-26,terça-feira,21:30:00,SC,101,"151,0",ITAPEMA,Manobra de mudança de faixa,Colisão lateral mesmo sentido,Com Vítimas Feridas,Plena Noite,Decrescente,Céu Claro,Múltipla,Reta,Não,2,0,1,0,1,0,1,2,-27.126536,-48.609642,SPRF-SC,DEL04-SC,UOP03-DEL04-SC,2024
"589962,0",2024-03-27,quarta-feira,03:30:00,SC,101,"207,0",SAO JOSE,Ingestão de álcool pelo condutor,Tombamento,Com Vítimas Feridas,Plena Noite,Decrescente,Céu Claro,Dupla,Reta,Sim,1,0,1,0,0,0,1,1,-27.60001226,-48.6226467,SPRF-SC,DEL01-SC,UOP01-DEL01-SC,2024
"589991,0",2024-02-16,sexta-feira,11:20:00,SC,470,"56,0",BLUMENAU,Acessar a via sem observar a presença dos outros veículos,Colisão transversal,Com Vítimas Feridas,Pleno dia,Crescente,Nublado,Simples,Reta,Sim,2,0,1,0,1,0,1,2,-26.87730829,-49.12982941,SPRF-SC,DEL04-SC,UOP01-DEL04-SC,2024
"590028,0",2024-03-27,quarta-feira,10:05:00,SC,282,"0,8",FLORIANOPOLIS,Trafegar com motocicleta (ou similar) entre as faixas,Colisão traseira,Com Vítimas Feridas,Pleno dia,Decrescente,Céu Claro,Múltipla,Reta,Sim,4,0,2,0,2,0,2,2,-27.602955,-48.580509,SPRF-SC,DEL01-SC,UOP01-DEL01-SC,2024
"590063,0",2024-03-27,quarta-feira,12:00:00,SC,101,"206,0",SAO JOSE,Reação tardia ou ineficiente do condutor,Colisão traseira,Com Vítimas Feridas,Pleno dia,Crescente,Céu Claro,Múltipla,Reta,Sim,2,0,1,0,1,0,1,2,-27.59193546,-48.61824557,SPRF-SC,DEL01-SC,UOP01-DEL01-SC,2024
"590079,0",2024-03-27,quarta-feira,12:00:00,SC,101,"82,8",BARRA VELHA,Reação tardia ou ineficiente do condutor,Saída de leito carroçável,Com Vítimas Feridas,Pleno dia,Decrescente,Céu Claro,Dupla,Reta;Viaduto;Declive,Não,3,0,2,0,1,0,2,2,-26.61975199,-48.71764898,SPRF-SC,DEL03-SC,UOP02-DEL03-SC,2024
"590084,0",2024-03-27,quarta-feira,13:45:00,SC,280,"58,9",GUARAMIRIM,Condutor deixou de manter distância do veículo da frente,Colisão lateral mesmo sentido,Com Vítimas Feridas,Pleno dia,Decrescente,Céu Claro,Dupla,Curva,Sim,2,0,1,0,1,0,1,2,-26.47415593,-49.021211,SPRF-SC,DEL03-SC,UOP03-DEL03-SC,2024
"590089,0",2024-03-27,quarta-feira,14:50:00,SC,101,"11,0",GARUVA,Condutor deixou de manter distância do veículo da frente,Engavetamento,Com Vítimas Feridas,Pleno dia,Crescente,Nublado,Dupla,Aclive,Não,4,0,3,0,1,0,3,3,-26.07202503,-48.86100853,SPRF-SC,DEL03-SC,UOP01-DEL03-SC,2024
"590107,0",2024-03-27,quarta-feira,15:05:00,SC,101,"151,0",ITAPEMA,Acessar a via sem observar a presença dos outros veículos,Colisão transversal,Com Vítimas Feridas,Pleno dia,Decrescente,Céu Claro,Múltipla,Reta,Não,3,0,1,0,1,1,1,3,-27.126536,-48.609642,SPRF-SC,DEL04-SC,UOP03-DEL04-SC,2024
"590132,0",2024-03-27,quarta-feira,18:00:00,SC,101,"243,2",PALHOCA,Demais falhas mecânicas ou elétricas,Tombamento,Com Vítimas Feridas,Anoitecer,Decrescente,Nublado,Dupla,Reta,Não,2,0,0,2,0,0,2,1,-27.88419902,-48.64750077,SPRF-SC,DEL01-SC,UOP02-DEL01-SC,2024
"590145,0",2024-03-27,quarta-feira,19:00:00,SC,101,"215,7",PALHOCA,Reação tardia ou ineficiente do condutor,Tombamento,Com Vítimas Fatais,Plena Noite,Decrescente,Nublado,Múltipla,Interseção de Vias;Curva,Sim,2,1,0,0,1,0,0,2,-27.657942,-48.678136,SPRF-SC,DEL01-SC,UOP02-DEL01-SC,2024
"590194,0",2024-03-20,quarta-feira,07:35:00,SC,101,"328,5",CAPIVARI DE BAIXO,Ausência de reação do condutor,Colisão traseira,Com Vítimas Feridas,Pleno dia,Crescente,Céu Claro,Dupla,Reta,Não,4,0,1,0,3,0,1,2,-28.43648094,-48.95989307,SPRF-SC,DEL02-SC,UOP01-DEL02-SC,2024
"590195,0",2024-03-27,quarta-feira,22:30:00,SC,101,"156,0",PORTO BELO,Ausência de reação do condutor,Saída de leito carroçável,Com Vítimas Feridas,Plena Noite,Decrescente,Céu Claro,Múltipla,Reta,Não,1,0,1,0,0,0,1,1,-27.172272,-48.61170204,SPRF-SC,DEL04-SC,UOP03-DEL04-SC,2024