id,data_inversa,dia_semana,horario,uf,br,km,municipio,causa_acidente,tipo_acidente,classificacao_acidente,fase_dia,sentido_via,condicao_metereologica,tipo_pista,tracado_via,uso_solo,pessoas,mortos,feridos_leves,feridos_graves,ilesos,ignorados,feridos,veiculos,latitude,longitude,regional,delegacia,uop,ano_arquivo
"590211,0",2024-03-28,quinta-feira,04:50:00,SC,280,"48,4",GUARAMIRIM,Condutor deixou de manter distância do veículo da frente,Colisão traseira,Com Vítimas Feridas,Plena Noite,Crescente,Nublado,Dupla,Em Obras;Aclive,Não,2,0,1,0,1,0,1,2,-26.45506795,-48.92766502,SPRF-SC,DEL03-SC,UOP03-DEL03-SC,2024
"590217,0",2024-03-28,quinta-feira,06:35:00,SC,101,"195,7",BIGUACU,Trafegar com motocicleta (ou similar) entre as faixas,Queda de ocupante de veículo,Com Vítimas Feridas,Pleno dia,Crescente,Céu Claro,Dupla,Reta,Sim,1,0,1,0,0,0,1,1,-27.5047092,-48.65010819,SPRF-SC,DEL01-SC,UOP01-DEL01-SC,2024
"590219,0",2024-03-27,quarta-feira,22:30:00,SC,282,"448,0",PONTE SERRADA,Reação tardia ou ineficiente do condutor,Colisão traseira,Com Vítimas Feridas,Plena Noite,Decrescente,Céu Claro,Simples,Reta,Não,3,0,1,0,2,0,1,2,-26.919491,-51.933693,SPRF-SC,DEL07-SC,UOP04-DEL07-SC,2024
"590229,0",2024-03-28,quinta-feira,07:50:00,SC,101,"205,0",SAO JOSE,Transitar na contramão,Colisão transversal,Com Vítimas Feridas,Pleno dia,Crescente,Céu Claro,Múltipla,Reta,Sim,2,0,1,0,1,0,1,2,-27.58313237,-48.61532885,SPRF-SC,DEL01-SC,UOP01-DEL01-SC,2024
"590231,0",2024-03-28,quinta-feira,07:45:00,SC,101,"42,0",JOINVILLE,Trafegar com motocicleta (ou similar) entre as faixas,Colisão traseira,Com Vítimas Feridas,Pleno dia,Decrescente,Céu Claro,Múltipla,Reta,Não,2,0,1,0,1,0,1,2,-26.29251598,-48.88474385,SPRF-SC,DEL03-SC,UOP01-DEL03-SC,2024
"590234,0",2024-03-28,quinta-feira,07:35:00,SC,101,"212,2",PALHOCA,Manobra de mudança de faixa,Colisão lateral mesmo sentido,Com Vítimas Feridas,Pleno dia,Decrescente,Sol,Múltipla,Reta,Sim,2,0,2,0,0,0,2,2,-27.62996929,-48.65903871,SPRF-SC,DEL01-SC,UOP02-DEL01-SC,2024
"590254,0",2024-03-28,quinta-feira,09:30:00,SC,101,"214,0",PALHOCA,Trafegar com motocicleta (ou similar) entre as faixas,Colisão lateral mesmo sentido,Com Vítimas Feridas,Pleno dia,Decrescente,Céu Claro,Múltipla,Reta,Não,3,0,1,0,2,0,1,3,-27.64443,-48.67057,SPRF-SC,DEL01-SC,UOP02-DEL01-SC,2024
"590270,0",2024-03-28,quinta-feira,11:40:00,SC,280,"124,0",RIO NEGRINHO,Acessar a via sem observar a presença dos outros veículos,Colisão lateral mesmo sentido,Com Vítimas Feridas,Pleno dia,Crescente,Céu Claro,Simples,Reta,Sim,2,0,1,0,1,0,1,2,-26.24130297,-49.47514499,SPRF-SC,DEL06-SC,UOP03-DEL06-SC,2024
"590307,0",2024-03-28,quinta-feira,14:45:00,SC,282,"19,0",PALHOCA,Acesso irregular,Colisão transversal,Com Vítimas Feridas,Pleno dia,Crescente,Sol,Simples,Reta,Sim,3,0,1,0,1,1,1,3,-27.678635,-48.70192,SPRF-SC,DEL01-SC,UOP02-DEL01-SC,2024
"590332,0",2024-03-28,quinta-feira,14:30:00,SC,101,"124,0",ITAJAI,Reação tardia ou ineficiente do condutor,Colisão traseira,Com Vítimas Feridas,Pleno dia,Crescente,Céu Claro,Dupla,Reta,Sim,3,0,2,0,1,0,2,2,-26.94335064,-48.69198648,SPRF-SC,DEL04-SC,UOP04-DEL04-SC,2024
"590336,0",2024-03-28,quinta-feira,15:50:00,SC,101,"126,0",ITAJAI,Trafegar com motocicleta (ou similar) entre as faixas,Colisão transversal,Com Vítimas Feridas,Pleno dia,Crescente,Céu Claro,Dupla,Reta,Sim,2,0,1,0,1,0,1,2,-26.95564404,-48.67978366,SPRF-SC,DEL04-SC,UOP04-DEL04-SC,2024
"590349,0",2024-03-28,quinta-feira,17:10:00,SC,470,"115,0",IBIRAMA,Ausência de reação do condutor,Saída de leito carroçável,Com Vítimas Feridas,Pleno dia,Crescente,Céu Claro,Simples,Reta,Não,1,0,1,0,0,0,1,1,-27.080416,-49.485348,SPRF-SC,DEL04-SC,UOP02-DEL04-SC,2024
"590357,0",2024-03-28,quinta-feira,18:15:00,SC,101,"209,8",SAO JOSE,Reação tardia ou ineficiente do condutor,Colisão lateral mesmo sentido,Com Vítimas Feridas,Plena Noite,Decrescente,Ignorado,Múltipla,Reta,Sim,2,0,1,0,1,0,1,2,-27.61000542,-48.63895057,SPRF-SC,DEL01-SC,UOP01-DEL01-SC,2024
"590374,0",2024-03-28,quinta-feira,18:05:00,SC,282,"16,0",PALHOCA,Reação tardia ou ineficiente do condutor,Colisão transversal,Com Vítimas Feridas,Plena Noite,Decrescente,Céu Claro,Múltipla,Reta,Sim,2,0,1,0,1,0,1,2,-27.65561821,-48.67913783,SPRF-SC,DEL01-SC,UOP02-DEL01-SC,2024
"590393,0",2024-03-28,quinta-feira,19:25:00,SC,282,"535,2",CHAPECO,Acessar a via sem observar a presença dos outros veículos,Colisão transversal,Com Vítimas Feridas,Plena Noite,Crescente,Céu Claro,Simples,Interseção de Vias,Não,2,0,0,1,1,0,1,2,-26.999363,-52.64615,SPRF-SC,DEL07-SC,UOP01-DEL07-SC,2024
"590401,0",2024-03-28,quinta-feira,20:30:00,SC,101,"145,0",ITAPEMA,Manobra de mudança de faixa,Colisão lateral mesmo sentido,Com Vítimas Feridas,Plena Noite,Decrescente,Céu Claro,Dupla,Curva,Não,2,0,1,0,1,0,1,2,-27.08139206,-48.60130993,SPRF-SC,DEL04-SC,UOP03-DEL04-SC,2024
"590410,0",2024-03-28,quinta-feira,21:20:00,SC,116,"69,0",MONTE CASTELO,Condutor deixou de manter distância do veículo da frente,Colisão traseira,Sem Vítimas,Plena Noite,Decrescente,Céu Claro,Simples,Declive;Reta,Não,2,0,0,0,2,0,0,2,-26.46036818,-50.22889671,SPRF-SC,DEL06-SC,UOP02-DEL06-SC,2024
"590413,0",2024-03-28,quinta-feira,19:50:00,SC,158,"134,6",CAIBI,Ingestão de álcool pelo condutor,Colisão traseira,Com Vítimas Feridas,Plena Noite,Decrescente,Céu Claro,Simples,Reta,Não,6,0,2,0,3,1,2,3,-27.05453956,-53.22875977,SPRF-SC,DEL07-SC,UOP02-DEL07-SC,2024
"590415,0",2024-03-28,quinta-feira,19:35:00,SC,282,"374,8",ERVAL VELHO,Transitar na contramão,Colisão frontal,Com Vítimas Fatais,Plena Noite,Crescente,Céu Claro,Simples,Curva,Não,2,1,0,0,0,1,0,2,-27.236115,-51.452618,SPRF-SC,DEL07-SC,UOP05-DEL07-SC,2024
"590433,0",2024-03-28,quinta-feira,21:55:00,SC,282,"218,6",LAGES,Transitar na contramão,Colisão frontal,Com Vítimas Feridas,Plena Noite,Crescente,Nublado,Simples,Reta,Sim,3,0,2,0,1,0,2,2,-27.797235,-50.31361,SPRF-SC,DEL05-SC,UOP01-DEL05-SC,2024
"590437,0",2024-03-28,quinta-feira,20:00:00,SC,101,"310,2",LAGUNA,Estacionar ou parar em local proibido,Colisão com objeto,Com Vítimas Fatais,Plena Noite,Decrescente,Céu Claro,Múltipla,Reta,Não,2,1,0,0,1,0,0,2,-28.4352385,-48.8075854,SPRF-SC,DEL02-SC,UOP01-DEL02-SC,2024
"590438,0",2024-03-28,quinta-feira,21:50:00,SC,282,"22,0",SANTO AMARO DA IMPERATRIZ,Acessar a via sem observar a presença dos outros veículos,Colisão frontal,Com Vítimas Feridas,Pleno dia,Crescente,Céu Claro,Simples,Interseção de Vias,Não,3,0,2,0,1,0,2,2,-27.688507,-48.72739,SPRF-SC,DEL01-SC,UOP02-DEL01-SC,2024
"590439,0",2024-03-28,quinta-feira,22:20:00,SC,282,"54,3",AGUAS MORNAS,Velocidade Incompatível,Saída de leito carroçável,Com Vítimas Feridas,Plena Noite,Decrescente,Garoa/Chuvisco,Simples,Declive;Curva,Não,3,0,0,1,2,0,1,1,-27.685799,-48.974514,SPRF-SC,DEL01-SC,UOP03-DEL01-SC,2024
"590450,0",2024-03-29,sexta-feira,01:00:00,SC,470,"57,9",BLUMENAU,Ingestão de álcool pelo condutor,Colisão transversal,Com Vítimas Feridas,Plena Noite,Decrescente,Céu Claro,Simples,Reta,Sim,2,0,1,0,1,0,1,2,-26.880428,-49.136532,SPRF-SC,DEL04-SC,UOP01-DEL04-SC,2024
"590473,0",2024-03-28,quinta-feira,19:00:00,SC,101,"380,4",ICARA,Pedestre cruzava a pista fora da faixa,Atropelamento de Pedestre,Com Vítimas Fatais,Plena Noite,Crescente,Céu Claro,Múltipla,Reta,Sim,2,1,0,0,0,1,0,2,-28.76092515,-49.28762913,SPRF-SC,DEL02-SC,UOP02-DEL02-SC,2024
"590518,0",2024-03-29,sexta-feira,07:55:00,SC,101,"91,4",BARRA VELHA,Ausência de reação do condutor,Colisão traseira,Sem Vítimas,Pleno dia,Crescente,Céu Claro,Dupla,Viaduto,Não,2,0,0,0,2,0,0,2,-26.680872,-48.693323,SPRF-SC,DEL03-SC,UOP02-DEL03-SC,2024
"590524,0",2024-03-29,sexta-feira,07:50:00,SC,470,"247,4",CURITIBANOS,Acessar a via sem observar a presença dos outros veículos,Colisão transversal,Com Vítimas Feridas,Pleno dia,Crescente,Céu Claro,Simples,Rotatória,Sim,2,0,1,0,1,0,1,2,-27.31268007,-50.56169987,SPRF-SC,DEL05-SC,UOP03-DEL05-SC,2024
"590525,0",2024-03-29,sexta-feira,08:30:00,SC,101,"102,5",BALNEARIO PICARRAS,Demais falhas mecânicas ou elétricas,Tombamento,Com Vítimas Feridas,Pleno dia,Decrescente,Céu Claro,Dupla,Reta,Não,2,0,2,0,0,0,2,1,-26.77383397,-48.68594062,SPRF-SC,DEL03-SC,UOP02-DEL03-SC,2024
"590543,0",2024-03-29,sexta-feira,10:55:00,SC,282,"565,6",NOVA ERECHIM,Reação tardia ou ineficiente do condutor,Saída de leito carroçável,Sem Vítimas,Pleno dia,Crescente,Sol,Simples,Reta,Não,2,0,0,0,1,1,0,2,-26.89921424,-52.88175702,SPRF-SC,DEL07-SC,UOP02-DEL07-SC,2024
"590552,0",2024-03-29,sexta-feira,13:10:00,SC,282,"15,8",PALHOCA,Conversão proibida,Colisão transversal,Com Vítimas Feridas,Pleno dia,Crescente,Céu Claro,Simples,Reta,Sim,2,0,1,0,1,0,1,2,-27.651848,-48.676048,SPRF-SC,DEL01-SC,UOP02-DEL01-SC,2024
"590555,0",2024-03-21,quinta-feira,07:40:00,SC,101,"206,0",SAO JOSE,Manobra de mudança de faixa,Colisão lateral mesmo sentido,Com Vítimas Feridas,Pleno dia,Decrescente,Nublado,Múltipla,Declive;Reta,Sim,2,0,1,0,1,0,1,2,-27.59193546,-48.61824557,SPRF-SC,DEL01-SC,UOP01-DEL01-SC,2024
"590564,0",2024-03-29,sexta-feira,13:53:00,SC,280,"154,0",MAFRA,Reação tardia ou ineficiente do condutor,Saída de leito carroçável,Com Vítimas Feridas,Pleno dia,Crescente,Céu Claro,Simples,Reta,Não,1,0,1,0,0,0,1,1,-26.21362587,-49.7181449,SPRF-SC,DEL06-SC,UOP03-DEL06-SC,2024
"590583,0",2024-03-29,sexta-feira,17:15:00,SC,470,"147,0",RIO DO SUL,Acessar a via sem observar a presença dos outros veículos,Colisão transversal,Com Vítimas Feridas,Anoitecer,Crescente,Céu Claro,Simples,Reta,Não,2,0,1,0,1,0,1,2,-27.243439,-49.690025,SPRF-SC,DEL04-SC,UOP02-DEL04-SC,2024
"590585,0",2024-03-29,sexta-feira,17:30:00,SC,280,"55,4",GUARAMIRIM,Desrespeitar a preferência no cruzamento,Colisão transversal,Com Vítimas Feridas,Anoitecer,Crescente,Céu Claro,Simples,Interseção de Vias;Rotatória;Viaduto,Sim,3,0,2,0,1,0,2,2,-26.47869777,-49.00097609,SPRF-SC,DEL03-SC,UOP03-DEL03-SC,2024
"590600,0",2024-03-29,sexta-feira,19:20:00,SC,101,"204,0",SAO JOSE,Ingestão de álcool pelo condutor,Colisão lateral mesmo sentido,Sem Vítimas,Plena Noite,Crescente,Céu Claro,Múltipla,Reta,Não,1,0,0,0,1,0,0,1,-27.57413014,-48.61363083,SPRF-SC,DEL01-SC,UOP01-DEL01-SC,2024
"590602,0",2024-03-29,sexta-feira,18:08:00,SC,282,"460,0",PONTE SERRADA,Ingestão de álcool pelo condutor,Colisão transversal,Com Vítimas Feridas,Anoitecer,Decrescente,Nublado,Simples,Rotatória,Sim,6,0,5,0,1,0,5,2,-26.85623,-52.032304,SPRF-SC,DEL07-SC,UOP04-DEL07-SC,2024
"590606,0",2024-03-29,sexta-feira,17:38:00,SC,282,"411,8",CATANDUVAS,Velocidade Incompatível,Saída de leito carroçável,Com Vítimas Feridas,Pleno dia,Decrescente,Chuva,Simples,Curva;Aclive,Não,2,0,2,0,0,0,2,1,-27.059202,-51.680046,SPRF-SC,DEL07-SC,UOP05-DEL07-SC,2024
"590609,0",2024-03-29,sexta-feira,20:30:00,SC,470,"51,0",BLUMENAU,Ingestão de álcool pelo condutor,Colisão traseira,Sem Vítimas,Plena Noite,Decrescente,Céu Claro,Simples,Em Obras;Reta,Sim,2,0,0,0,2,0,0,2,-26.862339,-49.084038,SPRF-SC,DEL04-SC,UOP01-DEL04-SC,2024
"590616,0",2024-03-29,sexta-feira,20:30:00,SC,101,"212,2",PALHOCA,Ausência de reação do condutor,Colisão traseira,Com Vítimas Feridas,Plena Noite,Crescente,Céu Claro,Múltipla,Reta,Sim,4,0,4,0,0,0,4,2,-27.62996929,-48.65903871,SPRF-SC,DEL01-SC,UOP02-DEL01-SC,2024
"590625,0",2024-03-29,sexta-feira,20:40:00,SC,101,"123,0",ITAJAI,Desrespeitar a preferência no cruzamento,Colisão transversal,Com Vítimas Feridas,Plena Noite,Crescente,Nublado,Dupla,Rotatória;Viaduto;Interseção de Vias,Não,2,0,1,0,1,0,1,2,-26.93668609,-48.69876905,SPRF-SC,DEL04-SC,UOP04-DEL04-SC,2024
"590629,0",2024-03-29,sexta-feira,20:45:00,SC,101,"162,0",TIJUCAS,Reação tardia ou ineficiente do condutor,Saída de leito carroçável,Sem Vítimas,Plena Noite,Crescente,Céu Claro,Múltipla,Reta,Sim,1,0,0,0,1,0,0,1,-27.22554009,-48.6279367,SPRF-SC,DEL04-SC,UOP03-DEL04-SC,2024
"590634,0",2024-03-29,sexta-feira,22:10:00,SC,116,"190,2",PONTE ALTA,Acumulo de água sobre o pavimento,Queda de ocupante de veículo,Sem Vítimas,Plena Noite,Crescente,Chuva,Simples,Declive;Reta,Não,1,0,0,0,1,0,0,1,-27.34581721,-50.43271975,SPRF-SC,DEL05-SC,UOP03-DEL05-SC,2024
"590645,0",2024-03-30,sábado,00:45:00,SC,282,"259,0",SAO JOSE DO CERRITO,Reação tardia ou ineficiente do condutor,Colisão frontal,Com Vítimas Feridas,Plena Noite,Decrescente,Céu Claro,Simples,Curva,Não,1,0,1,0,0,0,1,1,-27.653334,-50.59449,SPRF-SC,DEL05-SC,UOP02-DEL05-SC,2024
"590669,0",2024-03-30,sábado,08:00:00,SC,101,"105,1",PENHA,Ausência de reação do condutor,Colisão com objeto,Com Vítimas Feridas,Pleno dia,Crescente,Céu Claro,Simples,Viaduto;Curva;Aclive,Não,1,0,1,0,0,0,1,1,-26.80215497,-48.67891041,SPRF-SC,DEL03-SC,UOP02-DEL03-SC,2024
"590678,0",2024-03-18,segunda-feira,18:10:00,SC,101,"29,0",JOINVILLE,Manobra de mudança de faixa,Colisão traseira,Com Vítimas Feridas,Plena Noite,Crescente,Ignorado,Dupla,Reta,Não,2,0,0,1,1,0,1,2,-26.21389228,-48.91603589,SPRF-SC,DEL03-SC,UOP01-DEL03-SC,2024
"590687,0",2024-03-30,sábado,11:30:00,SC,101,"193,0",BIGUACU,Mal súbito do condutor,Queda de ocupante de veículo,Com Vítimas Feridas,Pleno dia,Crescente,Céu Claro,Dupla,Reta,Não,2,0,2,0,0,0,2,1,-27.489574,-48.655914,SPRF-SC,DEL01-SC,UOP01-DEL01-SC,2024
"590694,0",2024-03-30,sábado,10:00:00,SC,101,"441,6",SANTA ROSA DO SUL,Ausência de reação do condutor,Saída de leito carroçável,Com Vítimas Feridas,Pleno dia,Decrescente,Céu Claro,Dupla,Reta,Não,4,0,1,3,0,0,4,1,-29.131426,-49.692485,SPRF-SC,DEL02-SC,UOP02-DEL02-SC,2024
"590698,0",2024-03-30,sábado,11:20:00,SC,101,"274,9",IMBITUBA,Manobra de mudança de faixa,Colisão lateral mesmo sentido,Com Vítimas Feridas,Pleno dia,Crescente,Céu Claro,Dupla,Reta,Sim,2,0,1,0,1,0,1,2,-28.129852,-48.69322,SPRF-SC,DEL02-SC,UOP03-DEL02-SC,2024
"590700,0",2024-03-30,sábado,12:10:00,SC,101,"50,9",JOINVILLE,Manobra de mudança de faixa,Colisão lateral mesmo sentido,Com Vítimas Feridas,Pleno dia,Crescente,Céu Claro,Dupla,Reta,Não,2,0,0,1,1,0,1,2,-26.39403595,-48.83923888,SPRF-SC,DEL03-SC,UOP01-DEL03-SC,2024
"590725,0",2024-03-30,sábado,14:45:00,SC,101,"335,3",TUBARAO,Acessar a via sem observar a presença dos outros veículos,Colisão transversal,Com Vítimas Feridas,Pleno dia,Crescente,Céu Claro,Dupla,Interseção de Vias;Rotatória,Sim,2,0,1,0,1,0,1,2,-28.47622678,-49.0299654,SPRF-SC,DEL02-SC,UOP01-DEL02-SC,2024
"590727,0",2024-03-30,sábado,13:45:00,SC,280,"85,2",CORUPA,Acumulo de óleo sobre o pavimento,Tombamento,Com Vítimas Feridas,Pleno dia,Decrescente,Sol,Simples,Curva;Declive,Não,1,0,1,0,0,0,1,1,-26.41512503,-49.25754547,SPRF-SC,DEL06-SC,UOP03-DEL06-SC,2024
"590732,0",2024-03-30,sábado,15:00:00,SC,101,"158,0",TIJUCAS,Manobra de mudança de faixa,Colisão traseira,Com Vítimas Feridas,Pleno dia,Decrescente,Céu Claro,Dupla,Reta,Sim,3,0,2,0,1,0,2,2,-27.19096301,-48.61259017,SPRF-SC,DEL04-SC,UOP03-DEL04-SC,2024
"590736,0",2024-03-30,sábado,13:20:00,SC,101,"41,7",JOINVILLE,Ausência de reação do condutor,Colisão transversal,Sem Vítimas,Pleno dia,Crescente,Céu Claro,Dupla,Rotatória,Sim,3,0,0,0,3,0,0,2,-26.28215489,-48.88973081,SPRF-SC,DEL03-SC,UOP01-DEL03-SC,2024
"590737,0",2024-03-30,sábado,16:30:00,SC,101,"208,0",SAO JOSE,Acessar a via sem observar a presença dos outros veículos,Colisão transversal,Com Vítimas Feridas,Pleno dia,Decrescente,Sol,Dupla,Reta,Sim,3,0,2,0,1,0,2,2,-27.60327979,-48.63201818,SPRF-SC,DEL01-SC,UOP01-DEL01-SC,2024
"590741,0",2024-03-30,sábado,16:58:00,SC,101,"210,7",SAO JOSE,Reação tardia ou ineficiente do condutor,Tombamento,Com Vítimas Feridas,Pleno dia,Decrescente,Céu Claro,Múltipla,Reta,Sim,1,0,0,1,0,0,1,1,-27.62142,-48.65011,SPRF-SC,DEL01-SC,UOP01-DEL01-SC,2024
"590753,0",2024-03-30,sábado,17:30:00,SC,470,"139,7",RIO DO SUL,Entrada inopinada do pedestre,Atropelamento de Pedestre,Com Vítimas Feridas,Anoitecer,Crescente,Céu Claro,Simples,Aclive;Reta,Sim,2,0,1,0,1,0,1,2,-27.217564,-49.65461,SPRF-SC,DEL04-SC,UOP02-DEL04-SC,2024
"590774,0",2024-03-30,sábado,18:00:00,SC,101,"1,8",GARUVA,Reação tardia ou ineficiente do condutor,Tombamento,Com Vítimas Feridas,Anoitecer,Decrescente,Céu Claro,Múltipla,Reta,Não,2,0,2,0,0,0,2,1,-25.98895627,-48.88356133,SPRF-SC,DEL03-SC,UOP01-DEL03-SC,2024
"590776,0",2024-03-30,sábado,08:20:00,SC,470,"149,7",AGRONOMICA,Afundamento ou ondulação no pavimento,Queda de ocupante de veículo,Com Vítimas Feridas,Pleno dia,Crescente,Céu Claro,Simples,Rotatória,Não,2,0,0,1,1,0,1,2,-27.252104,-49.702129,SPRF-SC,DEL04-SC,UOP02-DEL04-SC,2024
"590792,0",2024-03-30,sábado,18:30:00,SC,101,"405,7",ARARANGUA,Condutor deixou de manter distância do veículo da frente,Colisão traseira,Com Vítimas Feridas,Plena Noite,Decrescente,Céu Claro,Dupla,Reta,Não,5,0,1,1,3,0,2,2,-28.906588,-49.479686,SPRF-SC,DEL02-SC,UOP02-DEL02-SC,2024
"590818,0",2024-03-30,sábado,20:40:00,SC,101,"294,0",IMBITUBA,Ingestão de álcool pelo condutor,Colisão transversal,Sem Vítimas,Plena Noite,Decrescente,Céu Claro,Dupla,Curva,Não,2,0,0,0,2,0,0,2,-28.29220304,-48.71018095,SPRF-SC,DEL02-SC,UOP03-DEL02-SC,2024
"590828,0",2024-03-30,sábado,22:00:00,SC,116,"219,3",CORREIA PINTO,Ausência de reação do condutor,Colisão traseira,Com Vítimas Feridas,Plena Noite,Decrescente,Céu Claro,Simples,Rotatória;Reta;Aclive,Sim,2,0,1,0,1,0,1,2,-27.57012897,-50.37318791,SPRF-SC,DEL05-SC,UOP03-DEL05-SC,2024
"590853,0",2024-03-31,domingo,00:10:00,SC,101,"106,0",PENHA,Avarias e/ou desgaste excessivo no pneu,Tombamento,Com Vítimas Feridas,Plena Noite,Decrescente,Céu Claro,Dupla,Reta,Não,2,0,2,0,0,0,2,1,-26.81031601,-48.68293896,SPRF-SC,DEL03-SC,UOP02-DEL03-SC,2024
"590873,0",2024-03-31,domingo,03:30:00,SC,101,"229,0",PALHOCA,Ingestão de álcool pelo condutor,Colisão com objeto,Sem Vítimas,Plena Noite,Decrescente,Céu Claro,Dupla,Reta,Não,1,0,0,0,1,0,0,1,-27.7688932,-48.63205379,SPRF-SC,DEL01-SC,UOP02-DEL01-SC,2024
"590875,0",2024-03-31,domingo,02:50:00,SC,101,"277,0",IMBITUBA,Condutor deixou de manter distância do veículo da frente,Colisão traseira,Com Vítimas Feridas,Plena Noite,Crescente,Céu Claro,Dupla,Reta,Sim,3,0,0,3,0,0,3,2,-28.15478103,-48.69265474,SPRF-SC,DEL02-SC,UOP03-DEL02-SC,2024
"590878,0",2024-03-31,domingo,04:00:00,SC,282,"1,0",FLORIANOPOLIS,Ingestão de álcool pelo condutor,Colisão traseira,Sem Vítimas,Pleno dia,Decrescente,Céu Claro,Múltipla,Curva;Aclive,Sim,3,0,0,0,3,0,0,2,-27.602955,-48.580509,SPRF-SC,DEL01-SC,UOP01-DEL01-SC,2024
"590890,0",2024-03-31,domingo,05:15:00,SC,101,"134,6",BALNEARIO CAMBORIU,Ausência de reação do condutor,Saída de leito carroçável,Sem Vítimas,Amanhecer,Crescente,Céu Claro,Múltipla,Reta,Sim,1,0,0,0,0,1,0,1,-26.99936,-48.64609,SPRF-SC,DEL04-SC,UOP03-DEL04-SC,2024
"590914,0",2024-03-31,domingo,08:45:00,SC,282,"38,6",AGUAS MORNAS,Transitar na contramão,Colisão lateral sentido oposto,Com Vítimas Feridas,Pleno dia,Crescente,Céu Claro,Simples,Curva,Sim,3,0,1,0,2,0,1,2,-27.709209,-48.852467,SPRF-SC,DEL01-SC,UOP03-DEL01-SC,2024
"590934,0",2024-03-31,domingo,12:45:00,SC,282,"17,0",PALHOCA,Acessar a via sem observar a presença dos outros veículos,Colisão transversal,Com Vítimas Feridas,Pleno dia,Decrescente,Céu Claro,Simples,Reta,Não,2,0,0,1,1,0,1,2,-27.665707,-48.688065,SPRF-SC,DEL01-SC,UOP02-DEL01-SC,2024
"590937,0",2024-03-31,domingo,11:25:00,SC,101,"340,2",TUBARAO,Reação tardia ou ineficiente do condutor,Colisão traseira,Com Vítimas Feridas,Pleno dia,Crescente,Céu Claro,Múltipla,Reta,Não,4,0,1,0,3,0,1,2,-28.501444,-49.04690399,SPRF-SC,DEL02-SC,UOP01-DEL02-SC,2024
"590958,0",2024-03-31,domingo,15:10:00,SC,101,"128,0",ITAJAI,Manobra de mudança de faixa,Colisão lateral mesmo sentido,Com Vítimas Feridas,Pleno dia,Crescente,Céu Claro,Dupla,Reta,Não,2,0,1,0,0,1,1,2,-26.97284292,-48.68299451,SPRF-SC,DEL04-SC,UOP04-DEL04-SC,2024
"590970,0",2024-03-31,domingo,16:10:00,SC,280,"168,5",MAFRA,Ausência de reação do condutor,Colisão com objeto,Com Vítimas Feridas,Pleno dia,Decrescente,Céu Claro,Simples,Aclive;Reta,Sim,2,0,1,0,1,0,1,1,-26.1600847,-49.81588937,SPRF-SC,DEL06-SC,UOP01-DEL06-SC,2024
"590973,0",2024-03-31,domingo,16:00:00,SC,282,"26,7",SANTO AMARO DA IMPERATRIZ,Acessar a via sem observar a presença dos outros veículos,Colisão transversal,Com Vítimas Feridas,Pleno dia,Crescente,Céu Claro,Simples,Reta;Interseção de Vias,Não,2,0,0,1,1,0,1,2,-27.67564892,-48.7678653,SPRF-SC,DEL01-SC,UOP03-DEL01-SC,2024
"590986,0",2024-03-31,domingo,17:00:00,SC,101,"149,0",ITAPEMA,Manobra de mudança de faixa,Colisão lateral mesmo sentido,Com Vítimas Feridas,Pleno dia,Decrescente,Céu Claro,Dupla,Reta,Sim,2,0,1,0,1,0,1,2,-27.1089649,-48.61277586,SPRF-SC,DEL04-SC,UOP03-DEL04-SC,2024
"590993,0",2024-03-31,domingo,17:10:00,SC,101,"149,0",ITAPEMA,Manobra de mudança de faixa,Colisão lateral mesmo sentido,Com Vítimas Feridas,Pleno dia,Decrescente,Céu Claro,Múltipla,Reta,Sim,2,0,1,0,1,0,1,2,-27.1089649,-48.61277586,SPRF-SC,DEL04-SC,UOP03-DEL04-SC,2024
"591014,0",2024-03-31,domingo,19:10:00,SC,101,"229,0",PALHOCA,Condutor deixou de manter distância do veículo da frente,Colisão lateral mesmo sentido,Com Vítimas Feridas,Plena Noite,Decrescente,Céu Claro,Dupla,Declive,Não,3,0,0,1,2,0,1,3,-27.7688932,-48.63205379,SPRF-SC,DEL01-SC,UOP02-DEL01-SC,2024
"591019,0",2024-03-31,domingo,18:15:00,SC,101,"105,3",PENHA,Reação tardia ou ineficiente do condutor,Colisão traseira,Com Vítimas Feridas,Anoitecer,Crescente,Nublado,Dupla,Declive;Curva,Não,4,0,1,0,3,0,1,3,-26.80341518,-48.67923975,SPRF-SC,DEL03-SC,UOP02-DEL03-SC,2024
"591024,0",2024-03-31,domingo,14:40:00,SC,480,"126,3",CHAPECO,Problema com o freio,Colisão traseira,Com Vítimas Feridas,Pleno dia,Decrescente,Sol,Dupla,Reta;Aclive,Sim,3,0,0,1,2,0,1,2,-27.020083,-52.636024,SPRF-SC,DEL07-SC,UOP01-DEL07-SC,2024
"591050,0",2024-03-31,domingo,20:30:00,SC,282,"573,1",NOVA ERECHIM,Acessar a via sem observar a presença dos outros veículos,Colisão transversal,Com Vítimas Feridas,Plena Noite,Crescente,Nublado,Simples,Interseção de Vias;Reta,Não,4,0,0,2,2,0,2,2,-26.872942,-52.956654,SPRF-SC,DEL07-SC,UOP02-DEL07-SC,2024