id,data_inversa,dia_semana,horario,uf,br,km,municipio,causa_acidente,tipo_acidente,classificacao_acidente,fase_dia,sentido_via,condicao_metereologica,tipo_pista,tracado_via,uso_solo,pessoas,mortos,feridos_leves,feridos_graves,ilesos,ignorados,feridos,veiculos,latitude,longitude,regional,delegacia,uop,ano_arquivo
"591055,0",2024-03-31,domingo,21:00:00,SC,282,"25,6",SANTO AMARO DA IMPERATRIZ,Condutor deixou de manter distância do veículo da frente,Engavetamento,Com Vítimas Feridas,Plena Noite,Decrescente,Céu Claro,Simples,Reta,Sim,6,0,1,0,5,0,1,4,-27.678228,-48.752895,SPRF-SC,DEL01-SC,UOP03-DEL01-SC,2024
"591059,0",2024-03-31,domingo,20:15:00,SC,101,"102,7",BALNEARIO PICARRAS,Manobra de mudança de faixa,Colisão lateral mesmo sentido,Com Vítimas Feridas,Plena Noite,Crescente,Céu Claro,Dupla,Aclive;Interseção de Vias;Reta,Não,3,0,2,0,1,0,2,2,-26.77383397,-48.68594062,SPRF-SC,DEL03-SC,UOP02-DEL03-SC,2024
"591069,0",2024-03-31,domingo,19:17:00,SC,470,"324,9",CAMPOS NOVOS,Ultrapassagem Indevida,Colisão frontal,Com Vítimas Fatais,Plena Noite,Crescente,Céu Claro,Simples,Reta,Não,5,1,2,2,0,0,4,3,-27.4558764,-51.2547255,SPRF-SC,DEL07-SC,UOP06-DEL07-SC,2024
"591078,0",2024-03-31,domingo,23:25:00,SC,153,"96,8",CONCORDIA,Condutor deixou de manter distância do veículo da frente,Colisão lateral mesmo sentido,Com Vítimas Feridas,Plena Noite,Crescente,Céu Claro,Simples,Rotatória,Sim,2,0,1,0,1,0,1,2,-27.22471526,-51.95022583,SPRF-SC,DEL07-SC,UOP04-DEL07-SC,2024
"591114,0",2024-04-01,segunda-feira,07:15:00,SC,101,"342,0",TUBARAO,Reação tardia ou ineficiente do condutor,Engavetamento,Com Vítimas Feridas,Pleno dia,Crescente,Céu Claro,Dupla,Reta,Sim,6,0,2,0,4,0,2,3,-28.533148,-49.054391,SPRF-SC,DEL02-SC,UOP01-DEL02-SC,2024
"591117,0",2024-03-16,sábado,05:30:00,SC,282,"432,4",VARGEM BONITA,Ultrapassagem Indevida,Colisão frontal,Com Vítimas Fatais,Amanhecer,Decrescente,Céu Claro,Simples,Reta,Não,5,2,0,3,0,0,3,3,-26.9813857,-51.8115387,SPRF-SC,DEL07-SC,UOP05-DEL07-SC,2024
"591118,0",2024-04-01,segunda-feira,08:10:00,SC,101,"148,4",ITAPEMA,Acessar a via sem observar a presença dos outros veículos,Colisão lateral mesmo sentido,Com Vítimas Feridas,Pleno dia,Crescente,Céu Claro,Dupla,Reta,Sim,2,0,1,0,1,0,1,2,-27.10123686,-48.61807962,SPRF-SC,DEL04-SC,UOP03-DEL04-SC,2024
"591122,0",2024-04-01,segunda-feira,09:00:00,SC,101,"45,0",JOINVILLE,Reação tardia ou ineficiente do condutor,Engavetamento,Com Vítimas Feridas,Pleno dia,Decrescente,Nublado,Dupla,Declive,Sim,6,0,1,0,5,0,1,3,-26.32214492,-48.8689509,SPRF-SC,DEL03-SC,UOP01-DEL03-SC,2024
"591124,0",2024-04-01,segunda-feira,08:00:00,SC,101,"327,5",CAPIVARI DE BAIXO,Reação tardia ou ineficiente do condutor,Colisão traseira,Com Vítimas Feridas,Pleno dia,Crescente,Sol,Dupla,Reta;Aclive,Não,2,0,1,0,1,0,1,2,-28.44253633,-48.96489861,SPRF-SC,DEL02-SC,UOP01-DEL02-SC,2024
"591224,0",2024-04-01,segunda-feira,18:00:00,SC,470,"56,0",BLUMENAU,Conversão proibida,Colisão lateral mesmo sentido,Com Vítimas Feridas,Plena Noite,Crescente,Céu Claro,Simples,Reta,Sim,2,0,1,0,1,0,1,2,-26.87674,-49.127743,SPRF-SC,DEL04-SC,UOP01-DEL04-SC,2024
"591233,0",2024-04-01,segunda-feira,17:00:00,SC,282,"502,6",XANXERE,Acessar a via sem observar a presença dos outros veículos,Colisão transversal,Com Vítimas Feridas,Pleno dia,Decrescente,Nublado,Múltipla,Interseção de Vias,Sim,2,0,1,0,1,0,1,2,-26.884584,-52.390911,SPRF-SC,DEL07-SC,UOP01-DEL07-SC,2024
"591265,0",2024-04-01,segunda-feira,17:30:00,SC,282,"599,0",CUNHA PORA,Pista Escorregadia,Saída de leito carroçável,Com Vítimas Feridas,Pleno dia,Decrescente,Garoa/Chuvisco,Simples,Curva,Não,1,0,1,0,0,0,1,1,-26.820206,-53.155052,SPRF-SC,DEL07-SC,UOP02-DEL07-SC,2024
"591275,0",2024-04-01,segunda-feira,22:00:00,SC,282,"19,0",PALHOCA,Conversão proibida,Colisão transversal,Com Vítimas Feridas,Plena Noite,Crescente,Céu Claro,Simples,Interseção de Vias;Reta,Sim,2,0,0,1,1,0,1,2,-27.68033581,-48.70445251,SPRF-SC,DEL01-SC,UOP02-DEL01-SC,2024
"591287,0",2024-04-02,terça-feira,00:25:00,SC,101,"180,5",GOVERNADOR CELSO RAMOS,Ausência de reação do condutor,Queda de ocupante de veículo,Com Vítimas Feridas,Plena Noite,Crescente,Céu Claro,Múltipla,Reta,Sim,2,0,1,0,0,1,1,1,-27.3811238,-48.63090648,SPRF-SC,DEL01-SC,UOP01-DEL01-SC,2024
"591302,0",2024-04-02,terça-feira,06:10:00,SC,101,"33,4",JOINVILLE,Acessar a via sem observar a presença dos outros veículos,Colisão traseira,Com Vítimas Feridas,Amanhecer,Decrescente,Nublado,Dupla,Viaduto;Reta,Não,2,0,1,0,1,0,1,2,-26.25680788,-48.90458822,SPRF-SC,DEL03-SC,UOP01-DEL03-SC,2024
"591315,0",2024-04-02,terça-feira,07:30:00,SC,101,"213,9",PALHOCA,Manobra de mudança de faixa,Colisão lateral mesmo sentido,Com Vítimas Feridas,Pleno dia,Decrescente,Céu Claro,Múltipla,Reta,Sim,2,0,2,0,0,0,2,2,-27.63697369,-48.66514142,SPRF-SC,DEL01-SC,UOP02-DEL01-SC,2024
"591340,0",2024-04-02,terça-feira,07:50:00,SC,101,"27,8",JOINVILLE,Condutor deixou de manter distância do veículo da frente,Colisão traseira,Com Vítimas Feridas,Pleno dia,Decrescente,Sol,Dupla,Reta,Sim,2,0,1,0,1,0,1,2,-26.20130351,-48.91331794,SPRF-SC,DEL03-SC,UOP01-DEL03-SC,2024
"591354,0",2024-04-02,terça-feira,11:00:00,SC,470,"52,7",BLUMENAU,Acessar a via sem observar a presença dos outros veículos,Colisão transversal,Com Vítimas Feridas,Pleno dia,Decrescente,Céu Claro,Simples,Interseção de Vias,Não,3,0,1,0,2,0,1,2,-26.862286,-49.093903,SPRF-SC,DEL04-SC,UOP01-DEL04-SC,2024
"591356,0",2024-04-02,terça-feira,09:00:00,SC,101,"123,0",ITAJAI,Acessar a via sem observar a presença dos outros veículos,Colisão transversal,Com Vítimas Feridas,Pleno dia,Crescente,Céu Claro,Dupla,Retorno Regulamentado;Rotatória,Sim,2,0,1,0,1,0,1,2,-26.93668609,-48.69876905,SPRF-SC,DEL04-SC,UOP04-DEL04-SC,2024
"591367,0",2024-04-02,terça-feira,12:40:00,SC,101,"207,7",SAO JOSE,Demais falhas mecânicas ou elétricas,Tombamento,Com Vítimas Feridas,Pleno dia,Crescente,Nublado,Múltipla,Reta;Declive,Sim,2,0,2,0,0,0,2,1,-27.60001226,-48.6226467,SPRF-SC,DEL01-SC,UOP01-DEL01-SC,2024
"591373,0",2024-04-02,terça-feira,13:30:00,SC,282,"52,7",AGUAS MORNAS,Velocidade Incompatível,Saída de leito carroçável,Com Vítimas Feridas,Pleno dia,Decrescente,Chuva,Simples,Curva;Declive,Não,2,0,2,0,0,0,2,1,-27.69840626,-48.96409879,SPRF-SC,DEL01-SC,UOP03-DEL01-SC,2024
"591387,0",2024-04-02,terça-feira,13:00:00,SC,101,"327,9",CAPIVARI DE BAIXO,Reação tardia ou ineficiente do condutor,Colisão com objeto,Com Vítimas Feridas,Pleno dia,Decrescente,Céu Claro,Dupla,Reta,Não,1,0,1,0,0,0,1,1,-28.43023306,-48.95205197,SPRF-SC,DEL02-SC,UOP01-DEL02-SC,2024
"591410,0",2024-04-02,terça-feira,15:10:00,SC,101,"152,0",ITAPEMA,Reação tardia ou ineficiente do condutor,Tombamento,Com Vítimas Feridas,Pleno dia,Crescente,Nublado,Dupla,Reta,Não,1,0,1,0,0,0,1,1,-27.13563503,-48.61004665,SPRF-SC,DEL04-SC,UOP03-DEL04-SC,2024
"591416,0",2024-04-02,terça-feira,16:15:00,SC,280,"69,0",JARAGUA DO SUL,Condutor deixou de manter distância do veículo da frente,Colisão traseira,Com Vítimas Feridas,Pleno dia,Crescente,Céu Claro,Simples,Reta,Não,2,0,1,0,1,0,1,2,-26.46803296,-49.11833097,SPRF-SC,DEL03-SC,UOP03-DEL03-SC,2024
"591434,0",2024-04-02,terça-feira,13:10:00,SC,470,"173,0",POUSO REDONDO,Desrespeitar a preferência no cruzamento,Colisão transversal,Com Vítimas Feridas,Pleno dia,Crescente,Céu Claro,Simples,Interseção de Vias,Sim,3,0,1,0,2,0,1,2,-27.25984,-49.919285,SPRF-SC,DEL04-SC,UOP02-DEL04-SC,2024
"591442,0",2024-04-02,terça-feira,17:50:00,SC,101,"414,0",ARARANGUA,Velocidade Incompatível,Colisão com objeto,Com Vítimas Feridas,Pleno dia,Decrescente,Céu Claro,Simples,Reta,Sim,1,0,1,0,0,0,1,1,-28.95516964,-49.51087475,SPRF-SC,DEL02-SC,UOP02-DEL02-SC,2024
"591443,0",2024-04-02,terça-feira,18:04:00,SC,282,"4,1",FLORIANOPOLIS,Reação tardia ou ineficiente do condutor,Queda de ocupante de veículo,Com Vítimas Feridas,Anoitecer,Crescente,Nublado,Múltipla,Reta,Sim,2,0,2,0,0,0,2,1,-27.592646,-48.604034,SPRF-SC,DEL01-SC,UOP01-DEL01-SC,2024
"591456,0",2024-04-02,terça-feira,13:45:00,SC,101,"149,0",ITAPEMA,Acessar a via sem observar a presença dos outros veículos,Colisão transversal,Sem Vítimas,Pleno dia,Decrescente,Céu Claro,Dupla,Declive,Sim,1,0,0,0,1,0,0,1,-27.13563503,-48.61004665,SPRF-SC,DEL04-SC,UOP03-DEL04-SC,2024
"591468,0",2024-04-02,terça-feira,19:30:00,SC,101,"2,8",ARARANGUA,Acessar a via sem observar a presença dos outros veículos,Colisão transversal,Com Vítimas Feridas,Plena Noite,Crescente,Céu Claro,Simples,Reta,Sim,3,0,1,0,2,0,1,2,-28.94343844,-49.50139921,SPRF-SC,DEL03-SC,UOP01-DEL03-SC,2024
"591506,0",2024-04-03,quarta-feira,06:20:00,SC,101,"211,5",PALHOCA,Reação tardia ou ineficiente do condutor,Colisão traseira,Com Vítimas Feridas,Amanhecer,Decrescente,Céu Claro,Múltipla,Reta;Declive,Sim,3,0,0,1,2,0,1,2,-27.62329313,-48.65245588,SPRF-SC,DEL01-SC,UOP02-DEL01-SC,2024
"591547,0",2024-04-03,quarta-feira,07:50:00,SC,101,"114,0",ITAJAI,Ausência de reação do condutor,Colisão lateral mesmo sentido,Com Vítimas Feridas,Pleno dia,Decrescente,Sol,Dupla,Reta,Não,2,0,1,0,1,0,1,2,-26.86192886,-48.7286704,SPRF-SC,DEL04-SC,UOP04-DEL04-SC,2024
"591566,0",2024-04-03,quarta-feira,11:00:00,SC,101,"134,0",BALNEARIO CAMBORIU,Reação tardia ou ineficiente do condutor,Colisão lateral mesmo sentido,Com Vítimas Feridas,Pleno dia,Decrescente,Nublado,Múltipla,Reta,Sim,2,0,1,0,1,0,1,2,-27.00218,-48.636433,SPRF-SC,DEL04-SC,UOP03-DEL04-SC,2024
"591572,0",2024-04-03,quarta-feira,12:10:00,SC,101,"142,0",ITAPEMA,Desrespeitar a preferência no cruzamento,Colisão transversal,Com Vítimas Feridas,Pleno dia,Crescente,Nublado,Simples,Interseção de Vias,Não,2,0,1,0,1,0,1,2,-27.056089,-48.599449,SPRF-SC,DEL04-SC,UOP03-DEL04-SC,2024
"591588,0",2024-04-03,quarta-feira,13:30:00,SC,280,"82,0",CORUPA,Condutor Dormindo,Queda de ocupante de veículo,Com Vítimas Feridas,Pleno dia,Crescente,Céu Claro,Simples,Reta,Não,1,0,1,0,0,0,1,1,-26.44009491,-49.22605498,SPRF-SC,DEL06-SC,UOP03-DEL06-SC,2024
"591601,0",2024-04-03,quarta-feira,08:10:00,SC,101,"205,0",SAO JOSE,Condutor deixou de manter distância do veículo da frente,Engavetamento,Com Vítimas Feridas,Pleno dia,Crescente,Céu Claro,Dupla,Reta,Sim,3,0,1,0,2,0,1,3,-27.58313237,-48.61532885,SPRF-SC,DEL01-SC,UOP01-DEL01-SC,2024
"591620,0",2024-04-03,quarta-feira,07:33:00,SC,101,"210,8",SAO JOSE,Manobra de mudança de faixa,Colisão lateral mesmo sentido,Com Vítimas Feridas,Pleno dia,Decrescente,Céu Claro,Dupla,Reta,Sim,2,0,1,0,1,0,1,2,-27.6167305,-48.6457265,SPRF-SC,DEL01-SC,UOP01-DEL01-SC,2024
"591635,0",2024-04-03,quarta-feira,20:15:00,SC,280,"126,0",RIO NEGRINHO,Acessar a via sem observar a presença dos outros veículos,Colisão lateral mesmo sentido,Com Vítimas Feridas,Plena Noite,Crescente,Céu Claro,Simples,Aclive;Reta,Sim,2,0,1,0,1,0,1,2,-26.23779604,-49.49427399,SPRF-SC,DEL06-SC,UOP03-DEL06-SC,2024
"591639,0",2024-03-05,terça-feira,08:05:00,SC,470,"126,5",LONTRAS,Reação tardia ou ineficiente do condutor,Saída de leito carroçável,Com Vítimas Feridas,Pleno dia,Decrescente,Chuva,Simples,Curva,Não,1,0,1,0,0,0,1,1,-27.129,-49.538277,SPRF-SC,DEL04-SC,UOP02-DEL04-SC,2024
"591648,0",2024-04-03,quarta-feira,21:40:00,SC,282,"369,0",ERVAL VELHO,Acessar a via sem observar a presença dos outros veículos,Colisão transversal,Com Vítimas Feridas,Plena Noite,Decrescente,Céu Claro,Simples,Interseção de Vias;Rotatória,Sim,5,0,1,1,2,1,2,2,-27.275529,-51.441288,SPRF-SC,DEL07-SC,UOP05-DEL07-SC,2024
"591661,0",2024-04-04,quinta-feira,02:20:00,SC,116,"244,0",LAGES,Ausência de reação do condutor,Colisão com objeto,Sem Vítimas,Plena Noite,Decrescente,Nublado,Simples,Reta,Não,1,0,0,0,0,1,0,1,-27.78925388,-50.35413817,SPRF-SC,DEL05-SC,UOP01-DEL05-SC,2024
"591688,0",2024-04-04,quinta-feira,07:30:00,SC,101,"27,0",JOINVILLE,Desrespeitar a preferência no cruzamento,Colisão transversal,Com Vítimas Feridas,Pleno dia,Decrescente,Nublado,Dupla,Rotatória;Viaduto,Sim,2,0,1,0,1,0,1,2,-26.20130351,-48.91331794,SPRF-SC,DEL03-SC,UOP01-DEL03-SC,2024
"591689,0",2024-04-04,quinta-feira,07:20:00,SC,101,"158,0",PORTO BELO,Reação tardia ou ineficiente do condutor,Tombamento,Com Vítimas Feridas,Pleno dia,Crescente,Nublado,Dupla,Retorno Regulamentado,Sim,1,0,1,0,0,0,1,1,-27.19096301,-48.61259017,SPRF-SC,DEL04-SC,UOP03-DEL04-SC,2024
"591699,0",2024-04-04,quinta-feira,07:32:00,SC,153,"97,2",CONCORDIA,Acessar a via sem observar a presença dos outros veículos,Colisão transversal,Com Vítimas Feridas,Pleno dia,Crescente,Céu Claro,Simples,Interseção de Vias,Sim,2,0,1,0,1,0,1,2,-27.220152,-51.948879,SPRF-SC,DEL07-SC,UOP04-DEL07-SC,2024
"591720,0",2024-04-04,quinta-feira,09:00:00,SC,470,"55,0",BLUMENAU,Reação tardia ou ineficiente do condutor,Colisão lateral mesmo sentido,Com Vítimas Feridas,Pleno dia,Decrescente,Nublado,Simples,Reta,Sim,2,0,1,0,1,0,1,2,-26.87597114,-49.11880016,SPRF-SC,DEL04-SC,UOP01-DEL04-SC,2024
"591725,0",2024-04-04,quinta-feira,11:45:00,SC,280,"55,5",GUARAMIRIM,Trafegar com motocicleta (ou similar) entre as faixas,Colisão lateral mesmo sentido,Com Vítimas Feridas,Pleno dia,Crescente,Céu Claro,Dupla,Rotatória;Interseção de Vias,Sim,2,0,1,0,1,0,1,2,-26.47584353,-48.9937858,SPRF-SC,DEL03-SC,UOP03-DEL03-SC,2024
"591734,0",2024-04-03,quarta-feira,19:15:00,SC,282,"610,0",MARAVILHA,Acessar a via sem observar a presença dos outros veículos,Colisão transversal,Com Vítimas Feridas,Plena Noite,Crescente,Céu Claro,Simples,Curva,Não,2,0,0,1,1,0,1,2,-26.756321,-53.230247,SPRF-SC,DEL07-SC,UOP02-DEL07-SC,2024
"591762,0",2024-04-04,quinta-feira,15:30:00,SC,470,"54,4",BLUMENAU,Acessar a via sem observar a presença dos outros veículos,Colisão transversal,Com Vítimas Feridas,Pleno dia,Crescente,Céu Claro,Dupla,Rotatória,Sim,2,0,1,0,1,0,1,2,-26.871065,-49.110374,SPRF-SC,DEL04-SC,UOP01-DEL04-SC,2024
"591770,0",2024-01-25,quinta-feira,18:40:00,SC,101,"182,0",BIGUACU,Objeto estático sobre o leito carroçável,Colisão com objeto,Com Vítimas Feridas,Anoitecer,Decrescente,Ignorado,Dupla,Reta,Sim,1,0,1,0,0,0,1,1,-27.39798985,-48.6303592,SPRF-SC,DEL01-SC,UOP01-DEL01-SC,2024
"591809,0",2024-04-04,quinta-feira,18:30:00,SC,101,"205,1",SAO JOSE,Manobra de mudança de faixa,Colisão lateral mesmo sentido,Com Vítimas Feridas,Pleno dia,Crescente,Céu Claro,Múltipla,Reta,Sim,3,0,0,1,2,0,1,3,-27.58313237,-48.61532885,SPRF-SC,DEL01-SC,UOP01-DEL01-SC,2024
"591811,0",2024-04-04,quinta-feira,19:45:00,SC,101,"2,5",ARARANGUA,Condutor deixou de manter distância do veículo da frente,Colisão lateral sentido oposto,Com Vítimas Feridas,Plena Noite,Decrescente,Céu Claro,Simples,Reta,Sim,2,0,1,0,1,0,1,2,-28.94116222,-49.49872971,SPRF-SC,DEL02-SC,UOP02-DEL02-SC,2024
"591812,0",2024-04-04,quinta-feira,17:10:00,SC,101,"204,0",SAO JOSE,Trafegar com motocicleta (ou similar) entre as faixas,Colisão traseira,Com Vítimas Feridas,Plena Noite,Crescente,Céu Claro,Múltipla,Reta,Sim,3,0,1,0,2,0,1,3,-27.57413014,-48.61363083,SPRF-SC,DEL01-SC,UOP01-DEL01-SC,2024
"591841,0",2024-04-04,quinta-feira,22:00:00,SC,282,"377,7",HERVAL DOESTE,Pista esburacada,Capotamento,Com Vítimas Feridas,Plena Noite,Decrescente,Céu Claro,Simples,Reta;Aclive,Não,2,0,2,0,0,0,2,1,-27.21769339,-51.46888733,SPRF-SC,DEL07-SC,UOP05-DEL07-SC,2024
"591849,0",2024-04-05,sexta-feira,03:00:00,SC,470,"37,1",GASPAR,Condutor Dormindo,Saída de leito carroçável,Com Vítimas Feridas,Plena Noite,Decrescente,Céu Claro,Dupla,Curva,Não,1,0,0,1,0,0,1,1,-26.912727,-48.978043,SPRF-SC,DEL04-SC,UOP01-DEL04-SC,2024
"591861,0",2024-04-05,sexta-feira,06:04:00,SC,280,"24,0",ARAQUARI,Acessar a via sem observar a presença dos outros veículos,Colisão frontal,Com Vítimas Feridas,Plena Noite,Decrescente,Nublado,Simples,Reta,Sim,2,0,0,1,0,1,1,2,-26.37724921,-48.71953282,SPRF-SC,DEL03-SC,UOP03-DEL03-SC,2024
"591881,0",2024-04-05,sexta-feira,05:35:00,SC,282,"462,0",PONTE SERRADA,Ausência de reação do condutor,Saída de leito carroçável,Com Vítimas Feridas,Plena Noite,Crescente,Céu Claro,Dupla,Reta,Sim,1,0,1,0,0,0,1,1,-26.85897357,-52.02834249,SPRF-SC,DEL07-SC,UOP04-DEL07-SC,2024
"591896,0",2024-04-02,terça-feira,17:20:00,SC,470,"139,0",RIO DO SUL,Acessar a via sem observar a presença dos outros veículos,Colisão lateral sentido oposto,Com Vítimas Feridas,Pleno dia,Decrescente,Céu Claro,Simples,Declive;Reta,Sim,3,0,0,1,2,0,1,2,-27.217564,-49.65461,SPRF-SC,DEL04-SC,UOP02-DEL04-SC,2024
"591899,0",2024-04-05,sexta-feira,09:55:00,SC,101,"138,9",BALNEARIO CAMBORIU,Avarias e/ou desgaste excessivo no pneu,Tombamento,Com Vítimas Feridas,Pleno dia,Decrescente,Nublado,Múltipla,Curva,Sim,2,0,1,1,0,0,2,1,-27.02397426,-48.60761649,SPRF-SC,DEL04-SC,UOP03-DEL04-SC,2024
"591910,0",2024-03-13,quarta-feira,07:40:00,SC,280,"26,0",ARAQUARI,Acesso irregular,Colisão lateral mesmo sentido,Com Vítimas Feridas,Pleno dia,Crescente,Céu Claro,Simples,Reta,Sim,2,0,1,0,1,0,1,2,-26.38972308,-48.73411593,SPRF-SC,DEL03-SC,UOP03-DEL03-SC,2024
"591912,0",2024-04-05,sexta-feira,09:20:00,SC,282,"508,3",XANXERE,Acessar a via sem observar a presença dos outros veículos,Colisão transversal,Sem Vítimas,Pleno dia,Crescente,Céu Claro,Simples,Reta;Aclive,Não,2,0,0,0,2,0,0,2,-26.88719617,-52.44867682,SPRF-SC,DEL07-SC,UOP01-DEL07-SC,2024
"591927,0",2024-01-21,domingo,14:00:00,SC,470,"165,0",POUSO REDONDO,Ausência de reação do condutor,Saída de leito carroçável,Com Vítimas Feridas,Pleno dia,Crescente,Céu Claro,Simples,Curva,Não,1,0,0,1,0,0,1,1,-27.27663,-49.845661,SPRF-SC,DEL04-SC,UOP02-DEL04-SC,2024
"591929,0",2024-04-05,sexta-feira,15:00:00,SC,470,"65,0",INDAIAL,Acessar a via sem observar a presença dos outros veículos,Colisão transversal,Com Vítimas Feridas,Pleno dia,Crescente,Céu Claro,Simples,Em Obras;Curva,Sim,2,0,1,0,1,0,1,2,-26.870411,-49.211864,SPRF-SC,DEL04-SC,UOP01-DEL04-SC,2024
"591944,0",2024-04-05,sexta-feira,16:00:00,SC,470,"59,0",BLUMENAU,Reação tardia ou ineficiente do condutor,Tombamento,Com Vítimas Feridas,Pleno dia,Crescente,Céu Claro,Simples,Reta;Declive,Sim,1,0,1,0,0,0,1,1,-26.882812,-49.1548,SPRF-SC,DEL04-SC,UOP01-DEL04-SC,2024
"591960,0",2024-04-05,sexta-feira,17:30:00,SC,101,"140,0",BALNEARIO CAMBORIU,Manobra de mudança de faixa,Colisão traseira,Com Vítimas Feridas,Anoitecer,Crescente,Chuva,Múltipla,Reta,Sim,2,0,1,0,1,0,1,2,-27.03881189,-48.60025148,SPRF-SC,DEL04-SC,UOP03-DEL04-SC,2024
"591975,0",2024-04-05,sexta-feira,18:20:00,SC,101,"369,0",ICARA,Demais falhas mecânicas ou elétricas,Tombamento,Com Vítimas Feridas,Plena Noite,Crescente,Garoa/Chuvisco,Múltipla,Reta,Não,1,0,1,0,0,0,1,1,-28.69775604,-49.182934,SPRF-SC,DEL02-SC,UOP01-DEL02-SC,2024
"591979,0",2024-03-17,domingo,03:50:00,SC,470,"52,6",BLUMENAU,Ingestão de álcool pelo condutor,Saída de leito carroçável,Com Vítimas Feridas,Plena Noite,Decrescente,Céu Claro,Simples,Interseção de Vias;Em Obras,Sim,1,0,1,0,0,0,1,1,-26.86634048,-49.10046643,SPRF-SC,DEL04-SC,UOP01-DEL04-SC,2024
"592004,0",2024-04-05,sexta-feira,20:20:00,SC,101,"195,0",BIGUACU,Reação tardia ou ineficiente do condutor,Colisão lateral mesmo sentido,Sem Vítimas,Plena Noite,Crescente,Chuva,Dupla,Reta,Sim,3,0,0,0,3,0,0,2,-27.5047092,-48.65010819,SPRF-SC,DEL01-SC,UOP01-DEL01-SC,2024
"592011,0",2024-04-05,sexta-feira,14:00:00,SC,116,"139,9",SANTA CECILIA,Acessar a via sem observar a presença dos outros veículos,Colisão transversal,Com Vítimas Feridas,Pleno dia,Crescente,Sol,Simples,Reta,Sim,2,0,1,0,1,0,1,2,-26.96007677,-50.41626976,SPRF-SC,DEL06-SC,UOP02-DEL06-SC,2024
"592020,0",2024-04-05,sexta-feira,21:40:00,SC,101,"202,0",SAO JOSE,Reação tardia ou ineficiente do condutor,Colisão traseira,Com Vítimas Feridas,Plena Noite,Decrescente,Nublado,Simples,Reta;Interseção de Vias,Sim,3,0,2,0,1,0,2,2,-27.55711595,-48.61897889,SPRF-SC,DEL01-SC,UOP01-DEL01-SC,2024
"592025,0",2024-04-05,sexta-feira,18:15:00,SC,101,"138,0",BALNEARIO CAMBORIU,Transitar no Acostamento,Colisão lateral mesmo sentido,Com Vítimas Feridas,Plena Noite,Crescente,Chuva,Múltipla,Reta,Sim,2,0,2,0,0,0,2,2,-27.02397426,-48.60761649,SPRF-SC,DEL04-SC,UOP03-DEL04-SC,2024
"592031,0",2024-04-05,sexta-feira,21:00:00,SC,101,"114,0",ITAJAI,Chuva,Tombamento,Com Vítimas Feridas,Plena Noite,Decrescente,Chuva,Dupla,Reta,Sim,1,0,0,1,0,0,1,1,-26.86192886,-48.7286704,SPRF-SC,DEL04-SC,UOP04-DEL04-SC,2024
"592049,0",2024-04-06,sábado,01:00:00,SC,101,"207,8",SAO JOSE,Reação tardia ou ineficiente do condutor,Colisão traseira,Com Vítimas Feridas,Plena Noite,Decrescente,Céu Claro,Múltipla,Reta,Sim,7,0,5,0,2,0,5,3,-27.60001226,-48.6226467,SPRF-SC,DEL01-SC,UOP01-DEL01-SC,2024
"592059,0",2024-04-06,sábado,02:10:00,SC,101,"210,7",SAO JOSE,Ausência de reação do condutor,Colisão com objeto,Com Vítimas Fatais,Plena Noite,Crescente,Nublado,Múltipla,Reta,Sim,1,1,0,0,0,0,0,1,-27.62189,-48.65087,SPRF-SC,DEL01-SC,UOP01-DEL01-SC,2024
"592061,0",2024-04-06,sábado,03:30:00,SC,101,"89,5",BARRA VELHA,Ausência de reação do condutor,Saída de leito carroçável,Sem Vítimas,Pleno dia,Decrescente,Nublado,Dupla,Reta;Interseção de Vias,Não,1,0,0,0,0,1,0,1,-26.65175997,-48.68721921,SPRF-SC,DEL03-SC,UOP02-DEL03-SC,2024
"592064,0",2024-04-06,sábado,03:45:00,SC,101,"211,5",PALHOCA,Reação tardia ou ineficiente do condutor,Tombamento,Com Vítimas Feridas,Plena Noite,Decrescente,Nublado,Dupla,Reta,Sim,1,0,0,1,0,0,1,1,-27.62329313,-48.65245588,SPRF-SC,DEL01-SC,UOP02-DEL01-SC,2024
"592073,0",2024-04-06,sábado,05:15:00,SC,116,"225,2",CORREIA PINTO,Avarias e/ou desgaste excessivo no pneu,Saída de leito carroçável,Sem Vítimas,Amanhecer,Decrescente,Nublado,Simples,Rotatória,Não,1,0,0,0,0,1,0,1,-27.62912035,-50.34085214,SPRF-SC,DEL05-SC,UOP03-DEL05-SC,2024
"592084,0",2024-04-06,sábado,06:50:00,SC,101,"208,2",SAO JOSE,Reação tardia ou ineficiente do condutor,Colisão traseira,Com Vítimas Feridas,Pleno dia,Decrescente,Céu Claro,Múltipla,Reta,Sim,2,0,1,0,1,0,1,2,-27.60327979,-48.63201818,SPRF-SC,DEL01-SC,UOP01-DEL01-SC,2024
"592086,0",2024-04-06,sábado,06:00:00,SC,101,"389,1",CRICIUMA,Ingestão de álcool pelo condutor,Saída de leito carroçável,Com Vítimas Feridas,Amanhecer,Decrescente,Nublado,Múltipla,Reta,Não,1,0,1,0,0,0,1,1,-28.80213753,-49.36592281,SPRF-SC,DEL02-SC,UOP02-DEL02-SC,2024