id,data_inversa,dia_semana,horario,uf,br,km,municipio,causa_acidente,tipo_acidente,classificacao_acidente,fase_dia,sentido_via,condicao_metereologica,tipo_pista,tracado_via,uso_solo,pessoas,mortos,feridos_leves,feridos_graves,ilesos,ignorados,feridos,veiculos,latitude,longitude,regional,delegacia,uop,ano_arquivo
"592089,0",2024-04-06,sábado,05:30:00,SC,282,"516,9",XAXIM,Avarias e/ou desgaste excessivo no pneu,Saída de leito carroçável,Sem Vítimas,Plena Noite,Crescente,Céu Claro,Simples,Reta,Não,1,0,0,0,0,1,0,1,-26.9354301,-52.4986499,SPRF-SC,DEL07-SC,UOP01-DEL07-SC,2024
"592091,0",2024-04-05,sexta-feira,18:40:00,SC,280,"107,0",SAO BENTO DO SUL,Reação tardia ou ineficiente do condutor,Colisão com objeto,Com Vítimas Feridas,Plena Noite,Decrescente,Chuva,Simples,Reta,Não,2,0,2,0,0,0,2,1,-26.34306695,-49.37560427,SPRF-SC,DEL06-SC,UOP03-DEL06-SC,2024
"592092,0",2024-04-06,sábado,06:45:00,SC,101,"212,0",PALHOCA,Reação tardia ou ineficiente do condutor,Colisão traseira,Com Vítimas Feridas,Pleno dia,Crescente,Céu Claro,Múltipla,Reta,Sim,2,0,0,1,1,0,1,2,-27.62996929,-48.65903871,SPRF-SC,DEL01-SC,UOP02-DEL01-SC,2024
"592094,0",2024-04-05,sexta-feira,22:45:00,SC,101,"139,0",BALNEARIO CAMBORIU,Reação tardia ou ineficiente do condutor,Colisão com objeto,Sem Vítimas,Plena Noite,Decrescente,Garoa/Chuvisco,Dupla,Reta,Sim,1,0,0,0,0,1,0,1,-27.03206437,-48.60531807,SPRF-SC,DEL04-SC,UOP03-DEL04-SC,2024
"592127,0",2024-04-06,sábado,10:23:00,SC,101,"201,1",SAO JOSE,Reação tardia ou ineficiente do condutor,Tombamento,Com Vítimas Feridas,Pleno dia,Crescente,Céu Claro,Múltipla,Reta,Sim,2,0,1,0,1,0,1,2,-27.54836599,-48.61977975,SPRF-SC,DEL01-SC,UOP01-DEL01-SC,2024
"592143,0",2024-04-06,sábado,08:00:00,SC,101,"387,0",ICARA,Ausência de reação do condutor,Saída de leito carroçável,Sem Vítimas,Pleno dia,Decrescente,Céu Claro,Múltipla,Reta,Não,1,0,0,0,1,0,0,1,-28.790316,-49.345893,SPRF-SC,DEL02-SC,UOP02-DEL02-SC,2024
"592149,0",2024-04-06,sábado,09:35:00,SC,280,"73,6",JARAGUA DO SUL,Ausência de reação do condutor,Saída de leito carroçável,Com Vítimas Feridas,Pleno dia,Crescente,Nublado,Simples,Reta,Não,1,0,1,0,0,0,1,1,-26.45917102,-49.15245,SPRF-SC,DEL03-SC,UOP03-DEL03-SC,2024
"592153,0",2024-04-06,sábado,13:00:00,SC,470,"65,8",INDAIAL,Acessar a via sem observar a presença dos outros veículos,Colisão transversal,Com Vítimas Feridas,Pleno dia,Decrescente,Céu Claro,Simples,Reta;Em Obras;Interseção de Vias,Sim,2,0,1,0,1,0,1,2,-26.870411,-49.211864,SPRF-SC,DEL04-SC,UOP01-DEL04-SC,2024
"592160,0",2024-04-06,sábado,13:00:00,SC,101,"88,0",BARRA VELHA,Entrada inopinada do pedestre,Atropelamento de Pedestre,Com Vítimas Feridas,Pleno dia,Decrescente,Nublado,Simples,Reta;Interseção de Vias;Viaduto,Sim,6,0,0,1,3,2,1,2,-26.65100098,-48.68673921,SPRF-SC,DEL03-SC,UOP02-DEL03-SC,2024
"592164,0",2024-04-06,sábado,05:40:00,SC,470,"95,0",APIUNA,Ingestão de álcool pelo condutor,Saída de leito carroçável,Com Vítimas Feridas,Amanhecer,Decrescente,Céu Claro,Simples,Reta,Não,1,0,1,0,0,0,1,1,-27.01399927,-49.37149736,SPRF-SC,DEL04-SC,UOP01-DEL04-SC,2024
"592197,0",2024-04-06,sábado,15:00:00,SC,282,"424,0",VARGEM BONITA,Velocidade Incompatível,Saída de leito carroçável,Com Vítimas Fatais,Pleno dia,Decrescente,Céu Claro,Simples,Curva,Não,1,1,0,0,0,0,0,1,-26.993483,-51.753368,SPRF-SC,DEL07-SC,UOP05-DEL07-SC,2024
"592234,0",2024-04-06,sábado,17:10:00,SC,280,"154,5",MAFRA,Pista Escorregadia,Saída de leito carroçável,Com Vítimas Feridas,Pleno dia,Decrescente,Garoa/Chuvisco,Simples,Declive;Curva,Não,3,0,2,0,1,0,2,1,-26.21362587,-49.7181449,SPRF-SC,DEL06-SC,UOP03-DEL06-SC,2024
"592239,0",2024-04-06,sábado,09:15:00,SC,470,"136,0",RIO DO SUL,Ultrapassagem Indevida,Colisão transversal,Com Vítimas Feridas,Pleno dia,Crescente,Nublado,Simples,Reta,Não,2,0,0,1,1,0,1,2,-27.194323,-49.624554,SPRF-SC,DEL04-SC,UOP02-DEL04-SC,2024
"592245,0",2024-04-06,sábado,19:30:00,SC,101,"213,0",PALHOCA,Condutor deixou de manter distância do veículo da frente,Colisão traseira,Sem Vítimas,Plena Noite,Decrescente,Céu Claro,Múltipla,Reta,Não,4,0,0,0,2,2,0,4,-27.63697369,-48.66514142,SPRF-SC,DEL01-SC,UOP02-DEL01-SC,2024
"592266,0",2024-04-06,sábado,21:00:00,SC,101,"100,1",BALNEARIO PICARRAS,Entrada inopinada do pedestre,Atropelamento de Pedestre,Com Vítimas Fatais,Plena Noite,Crescente,Céu Claro,Dupla,Reta,Não,3,1,0,0,2,0,0,2,-26.75482787,-48.68993675,SPRF-SC,DEL03-SC,UOP02-DEL03-SC,2024
"592269,0",2024-04-06,sábado,10:45:00,SC,280,"246,2",CANOINHAS,Mal súbito do condutor,Saída de leito carroçável,Com Vítimas Feridas,Pleno dia,Crescente,Nublado,Simples,Reta,Não,3,0,1,0,2,0,1,1,-26.24768921,-50.5033452,SPRF-SC,DEL06-SC,UOP04-DEL06-SC,2024
"592270,0",2024-04-06,sábado,12:00:00,SC,116,"134,2",SANTA CECILIA,Avarias e/ou desgaste excessivo no pneu,Colisão lateral sentido oposto,Com Vítimas Feridas,Pleno dia,Decrescente,Nublado,Simples,Curva,Não,3,0,3,0,0,0,3,2,-26.92437688,-50.44273489,SPRF-SC,DEL06-SC,UOP02-DEL06-SC,2024
"592271,0",2024-04-06,sábado,17:50:00,SC,280,"292,0",PORTO UNIAO,Ausência de reação do condutor,Capotamento,Sem Vítimas,Pleno dia,Crescente,Nublado,Simples,Aclive;Curva,Não,1,0,0,0,0,1,0,1,-26.29652221,-50.94542396,SPRF-SC,DEL06-SC,UOP04-DEL06-SC,2024
"592290,0",2024-04-06,sábado,19:20:00,SC,280,"31,4",ARAQUARI,Reação tardia ou ineficiente do condutor,Colisão frontal,Com Vítimas Feridas,Plena Noite,Crescente,Céu Claro,Simples,Reta,Não,4,0,2,2,0,0,4,2,-26.41649938,-48.77181215,SPRF-SC,DEL03-SC,UOP03-DEL03-SC,2024
"592291,0",2024-04-06,sábado,21:45:00,SC,280,"126,0",RIO NEGRINHO,Acessar a via sem observar a presença dos outros veículos,Colisão transversal,Com Vítimas Feridas,Pleno dia,Decrescente,Céu Claro,Simples,Reta;Interseção de Vias,Sim,4,0,3,1,0,0,4,2,-26.23779604,-49.49427399,SPRF-SC,DEL06-SC,UOP03-DEL06-SC,2024
"592295,0",2024-04-06,sábado,18:30:00,SC,101,"64,0",ARAQUARI,Ausência de reação do condutor,Tombamento,Com Vítimas Feridas,Plena Noite,Decrescente,Céu Claro,Dupla,Reta,Não,2,0,2,0,0,0,2,1,-26.46433196,-48.75063097,SPRF-SC,DEL03-SC,UOP02-DEL03-SC,2024
"592304,0",2024-04-06,sábado,23:35:00,SC,282,"185,3",BOCAINA DO SUL,Condutor Dormindo,Saída de leito carroçável,Com Vítimas Feridas,Plena Noite,Decrescente,Nublado,Simples,Declive;Curva,Não,1,0,0,1,0,0,1,1,-27.7343464,-49.9913172,SPRF-SC,DEL05-SC,UOP01-DEL05-SC,2024
"592310,0",2024-04-06,sábado,23:45:00,SC,101,"208,4",SAO JOSE,Ingestão de álcool pelo condutor,Colisão lateral mesmo sentido,Com Vítimas Feridas,Plena Noite,Crescente,Nublado,Múltipla,Reta,Sim,2,0,1,0,1,0,1,2,-27.60327979,-48.63201818,SPRF-SC,DEL01-SC,UOP01-DEL01-SC,2024
"592311,0",2024-04-07,domingo,00:05:00,SC,101,"155,0",PORTO BELO,Manobra de mudança de faixa,Colisão lateral mesmo sentido,Com Vítimas Feridas,Plena Noite,Crescente,Nublado,Dupla,Reta,Sim,5,0,4,0,0,1,4,2,-27.16292,-48.61129,SPRF-SC,DEL04-SC,UOP03-DEL04-SC,2024
"592326,0",2024-04-06,sábado,11:41:00,SC,101,"147,0",ITAPEMA,Reação tardia ou ineficiente do condutor,Colisão traseira,Com Vítimas Feridas,Pleno dia,Crescente,Sol,Dupla,Reta,Sim,3,0,2,0,1,0,2,3,-27.09237407,-48.61730888,SPRF-SC,DEL04-SC,UOP03-DEL04-SC,2024
"592329,0",2024-04-07,domingo,01:00:00,SC,101,"245,7",PAULO LOPES,Reação tardia ou ineficiente do condutor,Saída de leito carroçável,Com Vítimas Feridas,Plena Noite,Decrescente,Nublado,Múltipla,Curva,Não,1,0,1,0,0,0,1,1,-27.90882956,-48.64954233,SPRF-SC,DEL02-SC,UOP03-DEL02-SC,2024
"592366,0",2024-04-06,sábado,22:15:00,SC,280,"162,0",MAFRA,Condutor deixou de manter distância do veículo da frente,Colisão traseira,Com Vítimas Feridas,Plena Noite,Decrescente,Céu Claro,Simples,Reta,Não,2,0,1,0,1,0,1,2,-26.20386631,-49.79088509,SPRF-SC,DEL06-SC,UOP03-DEL06-SC,2024
"592382,0",2024-04-07,domingo,06:30:00,SC,101,"210,0",SAO JOSE,Reação tardia ou ineficiente do condutor,Colisão com objeto,Sem Vítimas,Pleno dia,Crescente,Nublado,Múltipla,Reta,Sim,1,0,0,0,0,1,0,1,-27.6167305,-48.6457265,SPRF-SC,DEL01-SC,UOP01-DEL01-SC,2024
"592393,0",2024-04-07,domingo,07:30:00,SC,101,"393,9",CRICIUMA,Ausência de reação do condutor,Saída de leito carroçável,Sem Vítimas,Pleno dia,Decrescente,Nublado,Simples,Declive;Curva,Não,1,0,0,0,0,1,0,1,-28.8249272,-49.40401554,SPRF-SC,DEL02-SC,UOP02-DEL02-SC,2024
"592401,0",2024-04-07,domingo,11:00:00,SC,282,"1,0",FLORIANOPOLIS,Trafegar com motocicleta (ou similar) entre as faixas,Colisão traseira,Com Vítimas Feridas,Pleno dia,Decrescente,Nublado,Múltipla,Reta,Sim,2,0,1,0,1,0,1,2,-27.602955,-48.580509,SPRF-SC,DEL01-SC,UOP01-DEL01-SC,2024
"592421,0",2024-04-07,domingo,12:50:00,SC,282,"68,0",RANCHO QUEIMADO,Neblina,Saída de leito carroçável,Com Vítimas Feridas,Pleno dia,Crescente,Garoa/Chuvisco,Simples,Curva,Não,1,0,1,0,0,0,1,1,-27.692406,-49.075939,SPRF-SC,DEL01-SC,UOP03-DEL01-SC,2024
"592428,0",2024-04-07,domingo,10:00:00,SC,116,"77,9",MONTE CASTELO,Mal súbito do condutor,Saída de leito carroçável,Com Vítimas Feridas,Pleno dia,Decrescente,Céu Claro,Simples,Reta;Declive,Não,1,0,1,0,0,0,1,1,-26.52947196,-50.22592053,SPRF-SC,DEL06-SC,UOP02-DEL06-SC,2024
"592440,0",2024-04-07,domingo,13:30:00,SC,101,"158,2",PORTO BELO,Chuva,Tombamento,Com Vítimas Feridas,Pleno dia,Crescente,Chuva,Dupla,Reta,Sim,1,0,1,0,0,0,1,1,-27.19096301,-48.61259017,SPRF-SC,DEL04-SC,UOP03-DEL04-SC,2024
"592441,0",2024-04-07,domingo,12:30:00,SC,282,"301,9",VARGEM,Velocidade Incompatível,Saída de leito carroçável,Com Vítimas Feridas,Pleno dia,Decrescente,Chuva,Simples,Curva,Não,1,0,1,0,0,0,1,1,-27.510321,-50.922432,SPRF-SC,DEL07-SC,UOP06-DEL07-SC,2024
"592445,0",2024-04-07,domingo,09:30:00,SC,470,"284,1",BRUNOPOLIS,Velocidade Incompatível,Saída de leito carroçável,Com Vítimas Feridas,Pleno dia,Crescente,Chuva,Simples,Curva,Não,3,0,2,0,1,0,2,1,-27.331482,-50.902504,SPRF-SC,DEL07-SC,UOP06-DEL07-SC,2024
"592447,0",2024-04-07,domingo,16:00:00,SC,101,"117,1",ITAJAI,Ausência de reação do condutor,Colisão transversal,Com Vítimas Feridas,Pleno dia,Crescente,Nublado,Simples,Interseção de Vias,Não,3,0,1,0,2,0,1,2,-26.88747187,-48.72252969,SPRF-SC,DEL04-SC,UOP04-DEL04-SC,2024
"592482,0",2024-04-07,domingo,11:00:00,SC,101,"301,0",LAGUNA,Velocidade Incompatível,Capotamento,Com Vítimas Feridas,Pleno dia,Crescente,Céu Claro,Múltipla,Reta,Sim,2,0,1,1,0,0,2,1,-28.34625432,-48.73549064,SPRF-SC,DEL02-SC,UOP03-DEL02-SC,2024
"592489,0",2024-04-07,domingo,16:00:00,SC,470,"267,8",CURITIBANOS,Ingestão de álcool pelo condutor,Saída de leito carroçável,Com Vítimas Feridas,Pleno dia,Decrescente,Nublado,Simples,Aclive;Curva,Não,1,0,0,1,0,0,1,1,-27.312983,-50.73885,SPRF-SC,DEL05-SC,UOP03-DEL05-SC,2024
"592491,0",2024-04-07,domingo,17:20:00,SC,280,"78,0",CORUPA,Manobra de mudança de faixa,Colisão traseira,Com Vítimas Feridas,Anoitecer,Crescente,Céu Claro,Simples,Curva,Não,3,0,2,0,1,0,2,2,-26.45019273,-49.1935729,SPRF-SC,DEL06-SC,UOP03-DEL06-SC,2024
"592507,0",2024-04-07,domingo,16:40:00,SC,282,"400,8",JOACABA,Curva acentuada,Saída de leito carroçável,Com Vítimas Feridas,Plena Noite,Crescente,Chuva,Dupla,Curva,Não,4,0,4,0,0,0,4,1,-27.132223,-51.627563,SPRF-SC,DEL07-SC,UOP05-DEL07-SC,2024
"592520,0",2024-04-07,domingo,21:30:00,SC,101,"120,5",ITAJAI,Manobra de mudança de faixa,Colisão lateral mesmo sentido,Com Vítimas Feridas,Plena Noite,Decrescente,Nublado,Dupla,Reta,Não,2,0,1,0,1,0,1,2,-26.912758,-48.711998,SPRF-SC,DEL04-SC,UOP04-DEL04-SC,2024
"592522,0",2024-04-07,domingo,18:50:00,SC,470,"147,0",AGRONOMICA,Entrada inopinada do pedestre,Atropelamento de Pedestre,Com Vítimas Feridas,Plena Noite,Crescente,Céu Claro,Simples,Ponte,Não,2,0,1,0,1,0,1,2,-27.243439,-49.690025,SPRF-SC,DEL04-SC,UOP02-DEL04-SC,2024
"592540,0",2024-04-07,domingo,22:27:00,SC,470,"247,1",CURITIBANOS,Conversão proibida,Colisão frontal,Com Vítimas Fatais,Plena Noite,Crescente,Nublado,Simples,Reta,Não,5,1,1,0,3,0,1,2,-27.31297558,-50.55817008,SPRF-SC,DEL05-SC,UOP03-DEL05-SC,2024
"592560,0",2024-04-08,segunda-feira,03:45:00,SC,101,"28,0",JOINVILLE,Condutor Dormindo,Saída de leito carroçável,Com Vítimas Feridas,Plena Noite,Decrescente,Nublado,Dupla,Reta,Sim,2,0,1,0,1,0,1,1,-26.20697505,-48.91482635,SPRF-SC,DEL03-SC,UOP01-DEL03-SC,2024
"592567,0",2024-04-08,segunda-feira,05:10:00,SC,101,"156,0",PORTO BELO,Reação tardia ou ineficiente do condutor,Capotamento,Com Vítimas Feridas,Amanhecer,Crescente,Nublado,Dupla,Reta,Não,5,0,2,2,1,0,4,3,-27.172272,-48.61170204,SPRF-SC,DEL04-SC,UOP03-DEL04-SC,2024
"592583,0",2024-04-08,segunda-feira,07:30:00,SC,101,"201,9",SAO JOSE,Chuva,Tombamento,Com Vítimas Feridas,Pleno dia,Crescente,Chuva,Simples,Curva,Não,2,0,2,0,0,0,2,1,-27.54836599,-48.61977975,SPRF-SC,DEL01-SC,UOP01-DEL01-SC,2024
"592590,0",2024-04-08,segunda-feira,08:00:00,SC,101,"191,3",BIGUACU,Frear bruscamente,Capotamento,Com Vítimas Feridas,Pleno dia,Crescente,Nublado,Dupla,Curva,Não,2,0,2,0,0,0,2,1,-27.47730273,-48.64127329,SPRF-SC,DEL01-SC,UOP01-DEL01-SC,2024
"592616,0",2024-04-08,segunda-feira,05:00:00,SC,282,"580,0",PINHALZINHO,Ingestão de álcool pelo condutor,Saída de leito carroçável,Sem Vítimas,Plena Noite,Crescente,Ignorado,Simples,Reta,Sim,1,0,0,0,0,1,0,1,-26.832148,-52.994308,SPRF-SC,DEL07-SC,UOP02-DEL07-SC,2024
"592622,0",2024-04-08,segunda-feira,10:40:00,SC,280,"58,0",GUARAMIRIM,Condutor deixou de manter distância do veículo da frente,Colisão traseira,Com Vítimas Feridas,Pleno dia,Crescente,Nublado,Dupla,Reta,Sim,3,0,2,0,1,0,2,2,-26.47415593,-49.021211,SPRF-SC,DEL03-SC,UOP03-DEL03-SC,2024
"592630,0",2024-04-08,segunda-feira,11:40:00,SC,101,"126,0",ITAJAI,Ausência de reação do condutor,Colisão traseira,Com Vítimas Feridas,Pleno dia,Crescente,Céu Claro,Dupla,Reta,Não,2,0,1,0,1,0,1,2,-26.95564404,-48.67978366,SPRF-SC,DEL04-SC,UOP04-DEL04-SC,2024
"592644,0",2024-03-31,domingo,17:30:00,SC,282,"27,0",SANTO AMARO DA IMPERATRIZ,Condutor deixou de manter distância do veículo da frente,Colisão lateral mesmo sentido,Com Vítimas Feridas,Pleno dia,Decrescente,Céu Claro,Simples,Reta,Sim,2,0,0,1,0,1,1,2,-27.673981,-48.769676,SPRF-SC,DEL01-SC,UOP03-DEL01-SC,2024
"592653,0",2024-04-08,segunda-feira,13:45:00,SC,101,"123,0",ITAJAI,Reação tardia ou ineficiente do condutor,Colisão lateral mesmo sentido,Com Vítimas Feridas,Pleno dia,Crescente,Nublado,Dupla,Reta,Não,2,0,0,1,1,0,1,2,-26.93668609,-48.69876905,SPRF-SC,DEL04-SC,UOP04-DEL04-SC,2024
"592662,0",2024-04-08,segunda-feira,12:20:00,SC,101,"85,0",BARRA VELHA,Acessar a via sem observar a presença dos outros veículos,Colisão lateral mesmo sentido,Com Vítimas Feridas,Pleno dia,Decrescente,Nublado,Múltipla,Interseção de Vias,Não,2,0,1,0,1,0,1,2,-26.62840879,-48.70813584,SPRF-SC,DEL03-SC,UOP02-DEL03-SC,2024
"592667,0",2024-04-08,segunda-feira,11:05:00,SC,280,"26,5",ARAQUARI,Ausência de reação do condutor,Capotamento,Sem Vítimas,Pleno dia,Crescente,Nublado,Simples,Reta,Sim,1,0,0,0,0,1,0,1,-26.38972308,-48.73411593,SPRF-SC,DEL03-SC,UOP03-DEL03-SC,2024
"592672,0",2024-04-08,segunda-feira,14:03:00,SC,101,"216,0",PALHOCA,Acessar a via sem observar a presença dos outros veículos,Colisão frontal,Com Vítimas Feridas,Pleno dia,Crescente,Sol,Múltipla,Interseção de Vias;Reta,Não,2,0,1,0,1,0,1,2,-27.65981409,-48.67747798,SPRF-SC,DEL01-SC,UOP02-DEL01-SC,2024
"592693,0",2024-04-08,segunda-feira,08:20:00,SC,101,"2,5",ARARANGUA,Condutor deixou de manter distância do veículo da frente,Tombamento,Com Vítimas Feridas,Pleno dia,Decrescente,Céu Claro,Simples,Reta,Sim,1,0,1,0,0,0,1,1,-28.9356,-49.4864,SPRF-SC,DEL02-SC,UOP02-DEL02-SC,2024
"592702,0",2024-04-08,segunda-feira,17:15:00,SC,282,"3,6",FLORIANOPOLIS,Trafegar com motocicleta (ou similar) entre as faixas,Colisão lateral mesmo sentido,Com Vítimas Feridas,Anoitecer,Crescente,Nublado,Múltipla,Reta,Sim,2,0,1,0,1,0,1,2,-27.600384,-48.599705,SPRF-SC,DEL01-SC,UOP01-DEL01-SC,2024
"592726,0",2024-04-08,segunda-feira,16:52:00,SC,101,"209,8",SAO JOSE,Acessar a via sem observar a presença dos outros veículos,Colisão lateral mesmo sentido,Com Vítimas Feridas,Anoitecer,Crescente,Céu Claro,Dupla,Reta,Sim,3,0,2,0,1,0,2,2,-27.61000542,-48.63895057,SPRF-SC,DEL01-SC,UOP01-DEL01-SC,2024
"592772,0",2024-04-08,segunda-feira,22:10:00,SC,101,"427,4",SOMBRIO,Demais falhas mecânicas ou elétricas,Tombamento,Com Vítimas Feridas,Plena Noite,Crescente,Céu Claro,Múltipla,Reta,Não,2,0,2,0,0,0,2,1,-29.0329064,-49.60623553,SPRF-SC,DEL02-SC,UOP02-DEL02-SC,2024
"592779,0",2024-04-08,segunda-feira,22:50:00,SC,282,"392,5",JOACABA,Reação tardia ou ineficiente do condutor,Colisão com objeto,Com Vítimas Feridas,Plena Noite,Crescente,Céu Claro,Dupla,Curva,Não,2,0,2,0,0,0,2,1,-27.164942,-51.56567,SPRF-SC,DEL07-SC,UOP05-DEL07-SC,2024
"592796,0",2024-04-09,terça-feira,04:30:00,SC,282,"100,9",ALFREDO WAGNER,Condutor Dormindo,Colisão frontal,Com Vítimas Feridas,Plena Noite,Crescente,Céu Claro,Simples,Curva,Não,4,0,1,1,2,0,2,2,-27.698915,-49.297039,SPRF-SC,DEL01-SC,UOP03-DEL01-SC,2024
"592800,0",2024-04-09,terça-feira,05:55:00,SC,101,"197,7",BIGUACU,Condutor deixou de manter distância do veículo da frente,Colisão traseira,Com Vítimas Feridas,Pleno dia,Crescente,Céu Claro,Dupla,Reta,Não,2,0,1,0,1,0,1,2,-27.51844497,-48.63848496,SPRF-SC,DEL01-SC,UOP01-DEL01-SC,2024
"592831,0",2024-04-09,terça-feira,08:25:00,SC,101,"207,8",SAO JOSE,Reação tardia ou ineficiente do condutor,Colisão traseira,Com Vítimas Feridas,Pleno dia,Decrescente,Céu Claro,Múltipla,Reta,Sim,2,0,1,0,1,0,1,2,-27.60001226,-48.6226467,SPRF-SC,DEL01-SC,UOP01-DEL01-SC,2024
"592832,0",2024-04-09,terça-feira,08:50:00,SC,101,"276,3",IMBITUBA,Ultrapassagem Indevida,Colisão lateral mesmo sentido,Com Vítimas Feridas,Pleno dia,Decrescente,Céu Claro,Simples,Interseção de Vias,Sim,2,0,0,1,1,0,1,2,-28.16036254,-48.69297266,SPRF-SC,DEL02-SC,UOP03-DEL02-SC,2024
"592833,0",2024-04-09,terça-feira,09:00:00,SC,101,"332,0",TUBARAO,Desrespeitar a preferência no cruzamento,Colisão transversal,Sem Vítimas,Pleno dia,Decrescente,Céu Claro,Múltipla,Rotatória;Interseção de Vias,Sim,2,0,0,0,2,0,0,2,-28.46016431,-48.98968873,SPRF-SC,DEL02-SC,UOP01-DEL02-SC,2024
"592851,0",2024-04-09,terça-feira,11:15:00,SC,470,"68,0",INDAIAL,Acessar a via sem observar a presença dos outros veículos,Colisão transversal,Com Vítimas Feridas,Pleno dia,Decrescente,Céu Claro,Dupla,Reta,Sim,2,0,1,0,1,0,1,2,-26.877615,-49.239231,SPRF-SC,DEL04-SC,UOP01-DEL04-SC,2024
"592883,0",2024-04-09,terça-feira,14:00:00,SC,153,"94,0",CONCORDIA,Ultrapassagem Indevida,Colisão frontal,Com Vítimas Feridas,Pleno dia,Crescente,Céu Claro,Simples,Aclive;Reta,Não,2,0,1,0,1,0,1,2,-27.200716,-51.940483,SPRF-SC,DEL07-SC,UOP04-DEL07-SC,2024
"592914,0",2024-04-09,terça-feira,16:15:00,SC,101,"414,1",ARARANGUA,Demais falhas mecânicas ou elétricas,Saída de leito carroçável,Com Vítimas Feridas,Pleno dia,Decrescente,Céu Claro,Dupla,Reta,Não,5,0,0,1,4,0,1,1,-28.94132264,-49.52453105,SPRF-SC,DEL02-SC,UOP02-DEL02-SC,2024
"592916,0",2024-04-09,terça-feira,16:45:00,SC,470,"120,0",IBIRAMA,Reação tardia ou ineficiente do condutor,Colisão traseira,Com Vítimas Feridas,Pleno dia,Decrescente,Céu Claro,Simples,Interseção de Vias,Não,3,0,1,0,2,0,1,2,-27.08216871,-49.52059507,SPRF-SC,DEL04-SC,UOP02-DEL04-SC,2024
"592925,0",2024-04-09,terça-feira,14:55:00,SC,280,"129,1",RIO NEGRINHO,Conversão proibida,Colisão transversal,Com Vítimas Feridas,Pleno dia,Crescente,Sol,Simples,Reta,Sim,3,0,2,0,1,0,2,2,-26.24586437,-49.52284615,SPRF-SC,DEL06-SC,UOP03-DEL06-SC,2024
"592936,0",2024-04-09,terça-feira,18:25:00,SC,101,"134,0",BALNEARIO CAMBORIU,Trafegar com motocicleta (ou similar) entre as faixas,Colisão traseira,Com Vítimas Feridas,Plena Noite,Decrescente,Nublado,Múltipla,Reta,Sim,2,0,1,0,1,0,1,2,-27.00218,-48.636433,SPRF-SC,DEL04-SC,UOP03-DEL04-SC,2024
"592947,0",2024-04-09,terça-feira,19:30:00,SC,101,"138,0",BALNEARIO CAMBORIU,Condutor deixou de manter distância do veículo da frente,Colisão traseira,Com Vítimas Feridas,Plena Noite,Decrescente,Céu Claro,Múltipla,Reta,Sim,2,0,1,0,1,0,1,2,-27.02397426,-48.60761649,SPRF-SC,DEL04-SC,UOP03-DEL04-SC,2024
"592968,0",2024-04-09,terça-feira,21:50:00,SC,101,"275,7",IMBITUBA,Reação tardia ou ineficiente do condutor,Atropelamento de Pedestre,Com Vítimas Feridas,Plena Noite,Crescente,Céu Claro,Simples,Em Obras;Reta,Sim,2,0,1,0,0,1,1,2,-28.138086,-48.69218292,SPRF-SC,DEL02-SC,UOP03-DEL02-SC,2024
"592973,0",2024-04-09,terça-feira,22:00:00,SC,101,"330,8",TUBARAO,Ingestão de álcool pelo condutor,Colisão traseira,Com Vítimas Feridas,Plena Noite,Decrescente,Céu Claro,Dupla,Reta,Não,2,0,1,0,0,1,1,2,-28.45115639,-48.97286879,SPRF-SC,DEL02-SC,UOP01-DEL02-SC,2024
"592999,0",2024-04-10,quarta-feira,05:30:00,SC,280,"50,2",GUARAMIRIM,Velocidade Incompatível,Colisão com objeto,Com Vítimas Feridas,Amanhecer,Crescente,Nublado,Simples,Em Obras;Desvio Temporário;Curva,Não,1,0,0,1,0,0,1,1,-26.4619489,-48.94618404,SPRF-SC,DEL03-SC,UOP03-DEL03-SC,2024
"593014,0",2024-04-10,quarta-feira,07:10:00,SC,101,"203,8",SAO JOSE,Acessar a via sem observar a presença dos outros veículos,Colisão transversal,Com Vítimas Feridas,Pleno dia,Decrescente,Sol,Múltipla,Interseção de Vias;Reta,Sim,2,0,1,0,1,0,1,2,-27.5650044,-48.61460082,SPRF-SC,DEL01-SC,UOP01-DEL01-SC,2024
"593054,0",2024-04-10,quarta-feira,09:30:00,SC,280,"46,0",GUARAMIRIM,Retorno proibido,Colisão traseira,Com Vítimas Feridas,Pleno dia,Decrescente,Sol,Simples,Em Obras;Reta,Sim,3,0,1,0,2,0,1,2,-26.45295055,-48.90788103,SPRF-SC,DEL03-SC,UOP03-DEL03-SC,2024
"593055,0",2024-04-10,quarta-feira,07:45:00,SC,282,"627,0",IRACEMINHA,Pista esburacada,Queda de ocupante de veículo,Com Vítimas Feridas,Pleno dia,Decrescente,Céu Claro,Simples,Reta,Não,1,0,1,0,0,0,1,1,-26.811321,-53.362316,SPRF-SC,DEL07-SC,UOP02-DEL07-SC,2024
"593134,0",2024-04-10,quarta-feira,18:40:00,SC,470,"130,0",LONTRAS,Acessar a via sem observar a presença dos outros veículos,Colisão transversal,Com Vítimas Feridas,Anoitecer,Decrescente,Nublado,Simples,Declive;Curva,Não,3,0,3,0,0,0,3,2,-27.15756,-49.556488,SPRF-SC,DEL04-SC,UOP02-DEL04-SC,2024