id,data_inversa,dia_semana,horario,uf,br,km,municipio,causa_acidente,tipo_acidente,classificacao_acidente,fase_dia,sentido_via,condicao_metereologica,tipo_pista,tracado_via,uso_solo,pessoas,mortos,feridos_leves,feridos_graves,ilesos,ignorados,feridos,veiculos,latitude,longitude,regional,delegacia,uop,ano_arquivo
"593143,0",2024-04-10,quarta-feira,18:30:00,SC,282,"0,6",FLORIANOPOLIS,Reação tardia ou ineficiente do condutor,Queda de ocupante de veículo,Com Vítimas Feridas,Anoitecer,Crescente,Nublado,Dupla,Reta,Sim,1,0,1,0,0,0,1,1,-27.59845,-48.571995,SPRF-SC,DEL01-SC,UOP01-DEL01-SC,2024
"593147,0",2024-04-10,quarta-feira,19:15:00,SC,101,"200,3",SAO JOSE,Trafegar com motocicleta (ou similar) entre as faixas,Colisão lateral mesmo sentido,Com Vítimas Feridas,Plena Noite,Crescente,Nublado,Múltipla,Reta,Sim,2,0,1,0,1,0,1,2,-27.54018513,-48.62287714,SPRF-SC,DEL01-SC,UOP01-DEL01-SC,2024
"593148,0",2024-04-10,quarta-feira,19:30:00,SC,470,"57,4",BLUMENAU,Acostamento em desnível,Tombamento,Com Vítimas Feridas,Plena Noite,Decrescente,Céu Claro,Simples,Reta;Em Obras,Sim,1,0,1,0,0,0,1,1,-26.880428,-49.136532,SPRF-SC,DEL04-SC,UOP01-DEL04-SC,2024
"593149,0",2024-04-10,quarta-feira,18:55:00,SC,280,"169,9",MAFRA,Acessar a via sem observar a presença dos outros veículos,Colisão transversal,Com Vítimas Feridas,Plena Noite,Decrescente,Céu Claro,Simples,Reta,Sim,2,0,2,0,0,0,2,2,-26.15225092,-49.81293951,SPRF-SC,DEL06-SC,UOP01-DEL06-SC,2024
"593191,0",2024-04-10,quarta-feira,23:10:00,SC,101,"90,1",BARRA VELHA,Velocidade Incompatível,Saída de leito carroçável,Com Vítimas Feridas,Plena Noite,Decrescente,Céu Claro,Dupla,Reta,Sim,1,0,0,1,0,0,1,1,-26.66148503,-48.68866176,SPRF-SC,DEL03-SC,UOP02-DEL03-SC,2024
"593212,0",2024-04-11,quinta-feira,06:40:00,SC,101,"213,5",PALHOCA,Ingestão de álcool pelo condutor,Colisão com objeto,Sem Vítimas,Pleno dia,Crescente,Céu Claro,Múltipla,Reta,Sim,1,0,0,0,1,0,0,1,-27.63697369,-48.66514142,SPRF-SC,DEL01-SC,UOP02-DEL01-SC,2024
"593230,0",2024-04-11,quinta-feira,06:55:00,SC,282,"400,8",JOACABA,Velocidade Incompatível,Saída de leito carroçável,Com Vítimas Feridas,Pleno dia,Crescente,Chuva,Simples,Curva,Não,1,0,1,0,0,0,1,1,-27.131617,-51.62781,SPRF-SC,DEL07-SC,UOP05-DEL07-SC,2024
"593236,0",2024-04-11,quinta-feira,08:10:00,SC,282,"4,0",SAO JOSE,Manobra de mudança de faixa,Colisão lateral mesmo sentido,Com Vítimas Feridas,Pleno dia,Decrescente,Nublado,Múltipla,Reta;Retorno Regulamentado,Sim,2,0,1,0,1,0,1,2,-27.592646,-48.604034,SPRF-SC,DEL01-SC,UOP01-DEL01-SC,2024
"593291,0",2024-04-11,quinta-feira,14:20:00,SC,101,"134,0",BALNEARIO CAMBORIU,Reação tardia ou ineficiente do condutor,Colisão lateral mesmo sentido,Com Vítimas Feridas,Pleno dia,Decrescente,Céu Claro,Simples,Reta,Sim,2,0,1,0,1,0,1,2,-27.00218,-48.636433,SPRF-SC,DEL04-SC,UOP03-DEL04-SC,2024
"593298,0",2024-04-11,quinta-feira,16:00:00,SC,282,"4,2",FLORIANOPOLIS,Manobra de mudança de faixa,Colisão lateral mesmo sentido,Com Vítimas Feridas,Pleno dia,Crescente,Nublado,Múltipla,Reta,Sim,4,0,1,0,3,0,1,2,-27.592646,-48.604034,SPRF-SC,DEL01-SC,UOP01-DEL01-SC,2024
"593316,0",2024-04-11,quinta-feira,17:50:00,SC,101,"335,1",TUBARAO,Condutor deixou de manter distância do veículo da frente,Colisão traseira,Com Vítimas Feridas,Anoitecer,Crescente,Garoa/Chuvisco,Múltipla,Reta,Sim,2,0,1,0,1,0,1,2,-28.46927473,-49.01557908,SPRF-SC,DEL02-SC,UOP01-DEL02-SC,2024
"593317,0",2024-04-11,quinta-feira,17:00:00,SC,101,"339,2",TUBARAO,Acessar a via sem observar a presença dos outros veículos,Colisão transversal,Com Vítimas Feridas,Pleno dia,Decrescente,Garoa/Chuvisco,Simples,Reta;Interseção de Vias,Sim,2,0,0,1,1,0,1,2,-28.49351117,-49.04178985,SPRF-SC,DEL02-SC,UOP01-DEL02-SC,2024
"593320,0",2024-04-11,quinta-feira,18:15:00,SC,101,"131,2",BALNEARIO CAMBORIU,Reação tardia ou ineficiente do condutor,Tombamento,Com Vítimas Feridas,Plena Noite,Decrescente,Nublado,Dupla,Reta,Sim,1,0,1,0,0,0,1,1,-26.99064209,-48.66310912,SPRF-SC,DEL04-SC,UOP03-DEL04-SC,2024
"593353,0",2024-04-11,quinta-feira,19:30:00,SC,153,"65,0",IRANI,Pedestre cruzava a pista fora da faixa,Atropelamento de Pedestre,Com Vítimas Feridas,Plena Noite,Decrescente,Céu Claro,Simples,Reta,Não,3,0,1,0,2,0,1,2,-27.011721,-51.876862,SPRF-SC,DEL07-SC,UOP04-DEL07-SC,2024
"593357,0",2024-02-23,sexta-feira,07:30:00,SC,101,"205,0",SAO JOSE,Manobra de mudança de faixa,Queda de ocupante de veículo,Com Vítimas Feridas,Pleno dia,Crescente,Ignorado,Múltipla,Reta,Não,2,0,1,0,0,1,1,2,-27.58313237,-48.61532885,SPRF-SC,DEL01-SC,UOP01-DEL01-SC,2024
"593375,0",2024-04-11,quinta-feira,23:20:00,SC,101,"210,0",SAO JOSE,Ingestão de álcool pelo condutor,Colisão traseira,Sem Vítimas,Plena Noite,Crescente,Chuva,Múltipla,Reta,Sim,2,0,0,0,2,0,0,2,-27.6167305,-48.6457265,SPRF-SC,DEL01-SC,UOP01-DEL01-SC,2024
"593382,0",2024-04-12,sexta-feira,03:50:00,SC,101,"159,8",PORTO BELO,Condutor Dormindo,Saída de leito carroçável,Sem Vítimas,Plena Noite,Decrescente,Nublado,Múltipla,Reta,Sim,1,0,0,0,1,0,0,1,-27.1998778,-48.61534236,SPRF-SC,DEL04-SC,UOP03-DEL04-SC,2024
"593400,0",2024-04-12,sexta-feira,07:10:00,SC,101,"140,5",BALNEARIO CAMBORIU,Manobra de mudança de faixa,Colisão traseira,Com Vítimas Feridas,Pleno dia,Decrescente,Garoa/Chuvisco,Simples,Reta,Não,4,0,2,1,1,0,3,3,-27.03881189,-48.60025148,SPRF-SC,DEL04-SC,UOP03-DEL04-SC,2024
"593406,0",2024-04-12,sexta-feira,08:00:00,SC,101,"118,5",ITAJAI,Ausência de reação do condutor,Tombamento,Com Vítimas Feridas,Pleno dia,Decrescente,Chuva,Múltipla,Reta,Não,1,0,1,0,0,0,1,1,-26.895859,-48.71903,SPRF-SC,DEL04-SC,UOP04-DEL04-SC,2024
"593414,0",2024-04-12,sexta-feira,08:35:00,SC,101,"42,0",JOINVILLE,Ausência de reação do condutor,Colisão traseira,Com Vítimas Feridas,Pleno dia,Decrescente,Nublado,Múltipla,Reta,Não,2,0,1,0,1,0,1,2,-26.32419109,-48.86710167,SPRF-SC,DEL03-SC,UOP01-DEL03-SC,2024
"593456,0",2024-04-12,sexta-feira,10:00:00,SC,470,"190,0",POUSO REDONDO,Velocidade Incompatível,Tombamento,Com Vítimas Feridas,Pleno dia,Decrescente,Garoa/Chuvisco,Simples,Curva,Não,1,0,1,0,0,0,1,1,-27.281504,-50.069775,SPRF-SC,DEL04-SC,UOP02-DEL04-SC,2024
"593468,0",2024-04-12,sexta-feira,13:15:00,SC,101,"335,0",TUBARAO,Chuva,Capotamento,Com Vítimas Feridas,Pleno dia,Decrescente,Chuva,Dupla,Curva,Sim,1,0,1,0,0,0,1,1,-28.478464,-49.032798,SPRF-SC,DEL02-SC,UOP01-DEL02-SC,2024
"593470,0",2024-04-12,sexta-feira,04:30:00,SC,282,"629,3",IRACEMINHA,Condutor Dormindo,Saída de leito carroçável,Sem Vítimas,Amanhecer,Decrescente,Céu Claro,Simples,Reta;Interseção de Vias,Não,1,0,0,0,0,1,0,1,-26.82059523,-53.38030457,SPRF-SC,DEL07-SC,UOP03-DEL07-SC,2024
"593471,0",2024-04-12,sexta-feira,13:10:00,SC,101,"163,0",TIJUCAS,Acumulo de água sobre o pavimento,Saída de leito carroçável,Sem Vítimas,Pleno dia,Decrescente,Chuva,Dupla,Reta,Sim,2,0,0,0,0,2,0,1,-27.23461699,-48.63039809,SPRF-SC,DEL04-SC,UOP03-DEL04-SC,2024
"593477,0",2024-04-12,sexta-feira,14:36:00,SC,101,"196,8",BIGUACU,Trafegar com motocicleta (ou similar) entre as faixas,Colisão traseira,Com Vítimas Feridas,Pleno dia,Crescente,Chuva,Dupla,Curva,Sim,2,0,1,0,1,0,1,2,-27.51101091,-48.64322292,SPRF-SC,DEL01-SC,UOP01-DEL01-SC,2024
"593484,0",2024-04-12,sexta-feira,15:00:00,SC,101,"233,6",PALHOCA,Chuva,Colisão transversal,Com Vítimas Feridas,Pleno dia,Crescente,Chuva,Dupla,Curva,Não,3,0,1,1,1,0,2,2,-27.80376397,-48.63826211,SPRF-SC,DEL01-SC,UOP02-DEL01-SC,2024
"593498,0",2024-04-12,sexta-feira,14:00:00,SC,470,"111,0",APIUNA,Reação tardia ou ineficiente do condutor,Tombamento,Com Vítimas Feridas,Pleno dia,Decrescente,Garoa/Chuvisco,Simples,Curva,Não,1,0,1,0,0,0,1,1,-27.095388,-49.457878,SPRF-SC,DEL04-SC,UOP02-DEL04-SC,2024
"593518,0",2024-04-12,sexta-feira,17:20:00,SC,101,"186,1",BIGUACU,Chuva,Colisão com objeto,Com Vítimas Feridas,Pleno dia,Crescente,Nublado,Múltipla,Curva,Sim,2,0,1,0,1,0,1,1,-27.4341098,-48.62567129,SPRF-SC,DEL01-SC,UOP01-DEL01-SC,2024
"593538,0",2024-04-12,sexta-feira,18:15:00,SC,282,"23,3",SANTO AMARO DA IMPERATRIZ,Acessar a via sem observar a presença dos outros veículos,Colisão transversal,Com Vítimas Feridas,Plena Noite,Decrescente,Chuva,Simples,Reta,Não,2,0,0,1,1,0,1,2,-27.687958,-48.736794,SPRF-SC,DEL01-SC,UOP02-DEL01-SC,2024
"593539,0",2024-04-12,sexta-feira,17:35:00,SC,101,"207,1",SAO JOSE,Trafegar com motocicleta (ou similar) entre as faixas,Colisão lateral mesmo sentido,Com Vítimas Feridas,Anoitecer,Crescente,Chuva,Múltipla,Reta,Sim,2,0,0,1,1,0,1,2,-27.60001226,-48.6226467,SPRF-SC,DEL01-SC,UOP01-DEL01-SC,2024
"593548,0",2024-04-12,sexta-feira,18:00:00,SC,116,"261,5",CAPAO ALTO,Velocidade Incompatível,Capotamento,Com Vítimas Feridas,Anoitecer,Decrescente,Garoa/Chuvisco,Simples,Reta,Não,3,0,3,0,0,0,3,1,-27.91003632,-50.44670952,SPRF-SC,DEL05-SC,UOP02-DEL05-SC,2024
"593552,0",2024-04-12,sexta-feira,12:00:00,SC,280,"242,1",BELA VISTA DO TOLDO,Ausência de reação do condutor,Colisão traseira,Com Vítimas Feridas,Pleno dia,Crescente,Nublado,Simples,Aclive;Reta,Não,4,0,2,0,2,0,2,2,-26.2284988,-50.46269417,SPRF-SC,DEL06-SC,UOP04-DEL06-SC,2024
"593554,0",2024-04-12,sexta-feira,14:30:00,SC,282,"52,0",AGUAS MORNAS,Ausência de reação do condutor,Colisão frontal,Com Vítimas Fatais,Pleno dia,Crescente,Chuva,Simples,Aclive;Curva,Não,7,1,3,3,0,0,6,2,-27.696936,-48.964138,SPRF-SC,DEL01-SC,UOP03-DEL01-SC,2024
"593577,0",2024-04-12,sexta-feira,20:20:00,SC,282,"3,3",FLORIANOPOLIS,Manobra de mudança de faixa,Colisão lateral mesmo sentido,Com Vítimas Feridas,Plena Noite,Crescente,Chuva,Dupla,Reta,Sim,2,0,1,0,1,0,1,2,-27.600384,-48.599705,SPRF-SC,DEL01-SC,UOP01-DEL01-SC,2024
"593580,0",2024-04-12,sexta-feira,20:00:00,SC,101,"391,0",CRICIUMA,Acumulo de água sobre o pavimento,Saída de leito carroçável,Com Vítimas Feridas,Plena Noite,Decrescente,Chuva,Dupla,Reta;Declive,Não,3,0,1,0,2,0,1,3,-28.80761329,-49.37570858,SPRF-SC,DEL02-SC,UOP02-DEL02-SC,2024
"593582,0",2024-04-12,sexta-feira,20:30:00,SC,280,"130,0",RIO NEGRINHO,Acessar a via sem observar a presença dos outros veículos,Colisão transversal,Com Vítimas Feridas,Plena Noite,Decrescente,Nublado,Simples,Interseção de Vias;Reta,Sim,4,0,1,0,2,1,1,3,-26.2530246,-49.52924913,SPRF-SC,DEL06-SC,UOP03-DEL06-SC,2024
"593596,0",2024-04-12,sexta-feira,13:00:00,SC,153,"1,0",AGUA DOCE,Reação tardia ou ineficiente do condutor,Saída de leito carroçável,Com Vítimas Feridas,Pleno dia,Crescente,Sol,Simples,Curva,Não,1,0,1,0,0,0,1,1,-26.612688,-51.494854,SPRF-SC,DEL07-SC,UOP07-DEL07-SC,2024
"593597,0",2024-04-12,sexta-feira,16:45:00,SC,101,"285,8",IMBITUBA,Acumulo de água sobre o pavimento,Colisão com objeto,Com Vítimas Feridas,Anoitecer,Crescente,Chuva,Dupla,Curva;Declive,Sim,3,0,2,1,0,0,3,1,-28.22116606,-48.70063047,SPRF-SC,DEL02-SC,UOP03-DEL02-SC,2024
"593607,0",2024-04-12,sexta-feira,20:10:00,SC,470,"289,0",CAMPOS NOVOS,Acessar a via sem observar a presença dos outros veículos,Colisão transversal,Sem Vítimas,Plena Noite,Decrescente,Nublado,Simples,Reta,Não,2,0,0,0,2,0,0,2,-27.33578502,-50.96008301,SPRF-SC,DEL07-SC,UOP06-DEL07-SC,2024
"593632,0",2024-04-13,sábado,03:20:00,SC,101,"197,2",BIGUACU,Chuva,Colisão traseira,Com Vítimas Feridas,Plena Noite,Crescente,Chuva,Múltipla,Reta,Não,4,0,2,0,2,0,2,2,-27.51844497,-48.63848496,SPRF-SC,DEL01-SC,UOP01-DEL01-SC,2024
"593638,0",2024-04-13,sábado,03:15:00,SC,163,"90,1",GUARACIABA,Ausência de reação do condutor,Saída de leito carroçável,Com Vítimas Feridas,Plena Noite,Decrescente,Céu Claro,Simples,Declive;Em Obras;Curva,Não,1,0,1,0,0,0,1,1,-26.5662744,-53.51004116,SPRF-SC,DEL07-SC,UOP03-DEL07-SC,2024
"593639,0",2024-04-13,sábado,04:15:00,SC,470,"44,0",GASPAR,Ausência de reação do condutor,Colisão com objeto,Sem Vítimas,Plena Noite,Decrescente,Garoa/Chuvisco,Dupla,Reta,Não,1,0,0,0,0,1,0,1,-26.8705544,-49.0224123,SPRF-SC,DEL04-SC,UOP01-DEL04-SC,2024
"593643,0",2024-04-13,sábado,04:50:00,SC,101,"214,2",PALHOCA,Ingestão de álcool pelo condutor,Colisão com objeto,Sem Vítimas,Plena Noite,Crescente,Chuva,Dupla,Reta,Sim,1,0,0,0,0,1,0,1,-27.64443,-48.67057,SPRF-SC,DEL01-SC,UOP02-DEL01-SC,2024
"593644,0",2024-04-13,sábado,03:30:00,SC,470,"50,4",BLUMENAU,Ausência de reação do condutor,Colisão com objeto,Sem Vítimas,Plena Noite,Decrescente,Garoa/Chuvisco,Dupla,Aclive;Reta,Sim,2,0,0,0,1,1,0,2,-26.8610984,-49.08059478,SPRF-SC,DEL04-SC,UOP01-DEL04-SC,2024
"593645,0",2024-04-13,sábado,04:10:00,SC,470,"44,3",GASPAR,Reação tardia ou ineficiente do condutor,Colisão com objeto,Sem Vítimas,Plena Noite,Decrescente,Garoa/Chuvisco,Dupla,Reta,Não,1,0,0,0,1,0,0,1,-26.86963563,-49.02533054,SPRF-SC,DEL04-SC,UOP01-DEL04-SC,2024
"593646,0",2024-04-13,sábado,05:20:00,SC,101,"142,0",BALNEARIO CAMBORIU,Avarias e/ou desgaste excessivo no pneu,Saída de leito carroçável,Sem Vítimas,Amanhecer,Crescente,Céu Claro,Dupla,Curva;Declive,Não,1,0,0,0,1,0,0,1,-27.056089,-48.599449,SPRF-SC,DEL04-SC,UOP03-DEL04-SC,2024
"593647,0",2024-04-13,sábado,04:50:00,SC,282,"344,0",CAMPOS NOVOS,Velocidade Incompatível,Capotamento,Com Vítimas Feridas,Plena Noite,Decrescente,Céu Claro,Simples,Curva,Não,2,0,1,1,0,0,2,1,-27.381166,-51.240082,SPRF-SC,DEL07-SC,UOP06-DEL07-SC,2024
"593648,0",2024-04-13,sábado,04:00:00,SC,280,"217,2",TRES BARRAS,Transitar na contramão,Colisão frontal,Com Vítimas Feridas,Plena Noite,Decrescente,Céu Claro,Simples,Aclive;Reta,Não,6,0,6,0,0,0,6,2,-26.17679115,-50.23574004,SPRF-SC,DEL06-SC,UOP04-DEL06-SC,2024
"593652,0",2024-04-13,sábado,06:00:00,SC,101,"198,0",BIGUACU,Reação tardia ou ineficiente do condutor,Colisão transversal,Com Vítimas Feridas,Amanhecer,Decrescente,Chuva,Simples,Reta,Sim,2,0,1,0,1,0,1,2,-27.52669179,-48.63459033,SPRF-SC,DEL01-SC,UOP01-DEL01-SC,2024
"593667,0",2024-04-13,sábado,07:10:00,SC,101,"232,0",PALHOCA,Ausência de reação do condutor,Tombamento,Com Vítimas Feridas,Pleno dia,Crescente,Garoa/Chuvisco,Dupla,Aclive;Reta,Não,1,0,1,0,0,0,1,1,-27.795666,-48.638153,SPRF-SC,DEL01-SC,UOP02-DEL01-SC,2024
"593672,0",2024-04-13,sábado,07:40:00,SC,101,"142,0",ITAPEMA,Reação tardia ou ineficiente do condutor,Colisão lateral mesmo sentido,Com Vítimas Feridas,Pleno dia,Crescente,Nublado,Dupla,Declive;Curva,Sim,3,0,2,0,1,0,2,2,-27.056089,-48.599449,SPRF-SC,DEL04-SC,UOP03-DEL04-SC,2024
"593689,0",2024-04-13,sábado,09:20:00,SC,282,"50,3",AGUAS MORNAS,Velocidade Incompatível,Colisão com objeto,Com Vítimas Feridas,Pleno dia,Decrescente,Chuva,Simples,Curva,Não,5,0,3,1,1,0,4,3,-27.708536,-48.952251,SPRF-SC,DEL01-SC,UOP03-DEL01-SC,2024
"593738,0",2024-04-13,sábado,10:20:00,SC,101,"335,6",TUBARAO,Velocidade Incompatível,Colisão com objeto,Com Vítimas Feridas,Pleno dia,Decrescente,Chuva,Múltipla,Curva,Sim,3,0,3,0,0,0,3,1,-28.46729543,-49.00628686,SPRF-SC,DEL02-SC,UOP01-DEL02-SC,2024
"593774,0",2024-04-13,sábado,19:30:00,SC,280,"28,8",ARAQUARI,Reação tardia ou ineficiente do condutor,Colisão traseira,Com Vítimas Feridas,Plena Noite,Crescente,Garoa/Chuvisco,Simples,Reta,Sim,3,0,1,0,2,0,1,2,-26.40450077,-48.74561031,SPRF-SC,DEL03-SC,UOP03-DEL03-SC,2024
"593781,0",2024-04-13,sábado,19:10:00,SC,470,"66,0",INDAIAL,Ausência de reação do condutor,Colisão transversal,Com Vítimas Feridas,Plena Noite,Crescente,Chuva,Simples,Reta,Sim,2,0,1,0,1,0,1,2,-26.870407,-49.221844,SPRF-SC,DEL04-SC,UOP01-DEL04-SC,2024
"593785,0",2024-04-13,sábado,20:00:00,SC,101,"189,0",BIGUACU,Reação tardia ou ineficiente do condutor,Colisão traseira,Com Vítimas Feridas,Plena Noite,Decrescente,Chuva,Dupla,Curva,Não,5,0,2,0,3,0,2,3,-27.46464198,-48.6420536,SPRF-SC,DEL01-SC,UOP01-DEL01-SC,2024
"593788,0",2024-04-13,sábado,18:00:00,SC,101,"192,9",BIGUACU,Reação tardia ou ineficiente do condutor,Colisão transversal,Com Vítimas Feridas,Anoitecer,Decrescente,Chuva,Múltipla,Curva,Sim,3,0,1,0,1,1,1,2,-27.48443781,-48.64765238,SPRF-SC,DEL01-SC,UOP01-DEL01-SC,2024
"593817,0",2024-04-14,domingo,01:40:00,SC,101,"89,8",BARRA VELHA,Ausência de reação do condutor,Saída de leito carroçável,Com Vítimas Feridas,Plena Noite,Crescente,Garoa/Chuvisco,Simples,Reta,Sim,3,0,1,0,0,2,1,2,-26.65175997,-48.68721921,SPRF-SC,DEL03-SC,UOP02-DEL03-SC,2024
"593840,0",2024-04-14,domingo,04:00:00,SC,101,"198,7",BIGUACU,Ausência de reação do condutor,Colisão traseira,Sem Vítimas,Plena Noite,Decrescente,Chuva,Múltipla,Reta,Sim,2,0,0,0,2,0,0,2,-27.52658712,-48.63506019,SPRF-SC,DEL01-SC,UOP01-DEL01-SC,2024
"593851,0",2024-04-13,sábado,16:10:00,SC,282,"300,0",VARGEM,Reação tardia ou ineficiente do condutor,Saída de leito carroçável,Com Vítimas Feridas,Pleno dia,Decrescente,Céu Claro,Simples,Curva,Não,1,0,1,0,0,0,1,1,-27.515957,-50.917877,SPRF-SC,DEL07-SC,UOP06-DEL07-SC,2024
"593864,0",2024-04-14,domingo,04:30:00,SC,101,"139,0",BALNEARIO CAMBORIU,Reação tardia ou ineficiente do condutor,Saída de leito carroçável,Com Vítimas Feridas,Amanhecer,Crescente,Céu Claro,Dupla,Curva;Aclive,Não,1,0,1,0,0,0,1,1,-27.02982303,-48.60115006,SPRF-SC,DEL04-SC,UOP03-DEL04-SC,2024
"593886,0",2024-04-14,domingo,04:20:00,SC,470,"149,1",AGRONOMICA,Sinalização mal posicionada,Colisão com objeto,Sem Vítimas,Plena Noite,Crescente,Chuva,Simples,Reta;Em Obras;Desvio Temporário,Não,1,0,0,0,1,0,0,1,-27.252104,-49.702129,SPRF-SC,DEL04-SC,UOP02-DEL04-SC,2024
"593896,0",2024-04-14,domingo,06:30:00,SC,101,"178,0",BIGUACU,Velocidade Incompatível,Saída de leito carroçável,Sem Vítimas,Amanhecer,Crescente,Chuva,Dupla,Reta,Não,1,0,0,0,0,1,0,1,-27.36408098,-48.63391212,SPRF-SC,DEL01-SC,UOP01-DEL01-SC,2024
"593898,0",2024-04-14,domingo,03:50:00,SC,116,"132,4",SANTA CECILIA,Ingestão de álcool pelo condutor,Colisão com objeto,Com Vítimas Feridas,Plena Noite,Crescente,Chuva,Simples,Reta,Não,2,0,0,2,0,0,2,1,-26.90777447,-50.44120314,SPRF-SC,DEL06-SC,UOP02-DEL06-SC,2024
"593900,0",2024-04-14,domingo,06:50:00,SC,116,"145,7",SANTA CECILIA,Chuva,Colisão com objeto,Com Vítimas Feridas,Amanhecer,Crescente,Chuva,Simples,Curva,Não,1,0,1,0,0,0,1,1,-26.9952408,-50.40782997,SPRF-SC,DEL06-SC,UOP02-DEL06-SC,2024
"593902,0",2024-04-14,domingo,10:15:00,SC,101,"190,8",BIGUACU,Reação tardia ou ineficiente do condutor,Colisão com objeto,Com Vítimas Feridas,Pleno dia,Crescente,Chuva,Dupla,Curva,Sim,2,0,1,0,1,0,1,1,-27.468056,-48.641712,SPRF-SC,DEL01-SC,UOP01-DEL01-SC,2024
"593909,0",2024-04-14,domingo,10:30:00,SC,470,"57,8",BLUMENAU,Acessar a via sem observar a presença dos outros veículos,Colisão transversal,Com Vítimas Feridas,Pleno dia,Crescente,Chuva,Múltipla,Rotatória;Em Obras;Interseção de Vias;Viaduto,Sim,4,0,3,0,1,0,3,2,-26.880428,-49.136532,SPRF-SC,DEL04-SC,UOP01-DEL04-SC,2024
"593920,0",2024-04-14,domingo,11:50:00,SC,101,"140,9",ITAPEMA,Ausência de reação do condutor,Saída de leito carroçável,Com Vítimas Feridas,Pleno dia,Crescente,Nublado,Múltipla,Curva,Não,3,0,2,0,1,0,2,1,-27.03881189,-48.60025148,SPRF-SC,DEL04-SC,UOP03-DEL04-SC,2024
"593923,0",2024-04-14,domingo,11:30:00,SC,282,"49,0",AGUAS MORNAS,Velocidade Incompatível,Capotamento,Com Vítimas Feridas,Pleno dia,Decrescente,Chuva,Simples,Reta,Não,3,0,3,0,0,0,3,1,-27.712931,-48.943741,SPRF-SC,DEL01-SC,UOP03-DEL01-SC,2024
"593926,0",2024-04-14,domingo,07:50:00,SC,101,"138,0",BALNEARIO CAMBORIU,Chuva,Saída de leito carroçável,Com Vítimas Feridas,Amanhecer,Decrescente,Chuva,Dupla,Curva,Sim,1,0,1,0,0,0,1,1,-27.02397426,-48.60761649,SPRF-SC,DEL04-SC,UOP03-DEL04-SC,2024
"593944,0",2024-04-14,domingo,15:10:00,SC,101,"293,1",IMBITUBA,Ingestão de álcool pelo condutor,Saída de leito carroçável,Com Vítimas Feridas,Pleno dia,Crescente,Nublado,Dupla,Reta,Não,2,0,1,1,0,0,2,1,-28.304831,-48.720785,SPRF-SC,DEL02-SC,UOP03-DEL02-SC,2024
"593963,0",2024-04-10,quarta-feira,19:28:00,SC,101,"308,0",LAGUNA,Transitar na contramão,Saída de leito carroçável,Sem Vítimas,Plena Noite,Decrescente,Chuva,Múltipla,Reta,Não,1,0,0,0,1,0,0,1,-28.399616,-48.7854,SPRF-SC,DEL02-SC,UOP01-DEL02-SC,2024
"593967,0",2024-04-14,domingo,16:45:00,SC,101,"61,0",ARAQUARI,Reação tardia ou ineficiente do condutor,Saída de leito carroçável,Com Vítimas Feridas,Pleno dia,Crescente,Chuva,Dupla,Curva,Não,5,0,2,0,3,0,2,1,-26.45474174,-48.77699195,SPRF-SC,DEL03-SC,UOP02-DEL03-SC,2024
"593977,0",2024-04-14,domingo,12:00:00,SC,101,"222,0",PALHOCA,Reação tardia ou ineficiente do condutor,Capotamento,Com Vítimas Feridas,Pleno dia,Crescente,Chuva,Dupla,Reta,Não,1,0,1,0,0,0,1,1,-27.70865409,-48.65586407,SPRF-SC,DEL01-SC,UOP02-DEL01-SC,2024
"594036,0",2024-04-14,domingo,21:00:00,SC,101,"329,1",TUBARAO,Ingestão de álcool pelo condutor,Saída de leito carroçável,Sem Vítimas,Plena Noite,Crescente,Chuva,Dupla,Curva,Não,1,0,0,0,1,0,0,1,-28.45211712,-48.97462606,SPRF-SC,DEL02-SC,UOP01-DEL02-SC,2024
"594043,0",2024-04-14,domingo,19:50:00,SC,116,"84,4",MONTE CASTELO,Ausência de reação do condutor,Atropelamento de Pedestre,Com Vítimas Fatais,Plena Noite,Decrescente,Chuva,Simples,Aclive;Reta,Não,2,1,0,0,0,1,0,2,-26.595355,-50.2248654,SPRF-SC,DEL06-SC,UOP02-DEL06-SC,2024
"594051,0",2024-04-14,domingo,22:00:00,SC,470,"173,0",POUSO REDONDO,Ingestão de álcool pelo condutor,Colisão frontal,Sem Vítimas,Plena Noite,Decrescente,Nublado,Simples,Aclive;Viaduto,Sim,2,0,0,0,1,1,0,2,-27.25984,-49.919285,SPRF-SC,DEL04-SC,UOP02-DEL04-SC,2024
"594057,0",2024-04-15,segunda-feira,01:30:00,SC,101,"205,0",SAO JOSE,Ingestão de álcool pelo condutor,Colisão com objeto,Sem Vítimas,Plena Noite,Decrescente,Chuva,Múltipla,Reta,Sim,1,0,0,0,1,0,0,1,-27.58313237,-48.61532885,SPRF-SC,DEL01-SC,UOP01-DEL01-SC,2024
"594058,0",2024-04-15,segunda-feira,02:05:00,SC,101,"212,0",PALHOCA,Acumulo de água sobre o pavimento,Saída de leito carroçável,Sem Vítimas,Plena Noite,Crescente,Chuva,Múltipla,Reta,Sim,1,0,0,0,1,0,0,1,-27.62996929,-48.65903871,SPRF-SC,DEL01-SC,UOP02-DEL01-SC,2024
"594065,0",2024-04-15,segunda-feira,03:15:00,SC,280,"14,3",SAO FRANCISCO DO SUL,Reação tardia ou ineficiente do condutor,Saída de leito carroçável,Com Vítimas Feridas,Plena Noite,Crescente,Garoa/Chuvisco,Simples,Reta,Não,2,0,2,0,0,0,2,1,-26.3301861,-48.65148076,SPRF-SC,DEL03-SC,UOP03-DEL03-SC,2024
"594074,0",2024-04-15,segunda-feira,05:05:00,SC,470,"142,0",RIO DO SUL,Animais na Pista,Atropelamento de Animal,Com Vítimas Feridas,Plena Noite,Decrescente,Garoa/Chuvisco,Simples,Reta,Não,2,0,1,0,0,1,1,2,-27.229801,-49.6693,SPRF-SC,DEL04-SC,UOP02-DEL04-SC,2024