id,data_inversa,dia_semana,horario,uf,br,km,municipio,causa_acidente,tipo_acidente,classificacao_acidente,fase_dia,sentido_via,condicao_metereologica,tipo_pista,tracado_via,uso_solo,pessoas,mortos,feridos_leves,feridos_graves,ilesos,ignorados,feridos,veiculos,latitude,longitude,regional,delegacia,uop,ano_arquivo
"594123,0",2024-04-15,segunda-feira,10:20:00,SC,282,"5,0",SAO JOSE,Pista Escorregadia,Tombamento,Com Vítimas Feridas,Pleno dia,Decrescente,Chuva,Dupla,Curva,Sim,1,0,1,0,0,0,1,1,-27.588425,-48.612919,SPRF-SC,DEL01-SC,UOP01-DEL01-SC,2024
"594149,0",2024-04-15,segunda-feira,10:55:00,SC,282,"319,6",CAMPOS NOVOS,Reação tardia ou ineficiente do condutor,Saída de leito carroçável,Com Vítimas Feridas,Pleno dia,Decrescente,Nublado,Simples,Reta,Não,1,0,1,0,0,0,1,1,-27.423697,-51.03046,SPRF-SC,DEL07-SC,UOP06-DEL07-SC,2024
"594153,0",2024-04-15,segunda-feira,13:25:00,SC,101,"136,0",BALNEARIO CAMBORIU,Reação tardia ou ineficiente do condutor,Tombamento,Com Vítimas Feridas,Pleno dia,Decrescente,Chuva,Simples,Curva,Sim,1,0,1,0,0,0,1,1,-27.008113,-48.617245,SPRF-SC,DEL04-SC,UOP03-DEL04-SC,2024
"594171,0",2024-04-15,segunda-feira,14:20:00,SC,470,"68,0",INDAIAL,Condutor deixou de manter distância do veículo da frente,Colisão traseira,Com Vítimas Feridas,Pleno dia,Decrescente,Chuva,Dupla,Reta,Sim,2,0,0,1,1,0,1,2,-26.877615,-49.239231,SPRF-SC,DEL04-SC,UOP01-DEL04-SC,2024
"594174,0",2024-04-15,segunda-feira,14:50:00,SC,101,"212,0",PALHOCA,Pista Escorregadia,Tombamento,Com Vítimas Feridas,Pleno dia,Crescente,Chuva,Múltipla,Reta,Sim,1,0,1,0,0,0,1,1,-27.62996929,-48.65903871,SPRF-SC,DEL01-SC,UOP02-DEL01-SC,2024
"594178,0",2024-04-15,segunda-feira,09:10:00,SC,470,"258,1",CURITIBANOS,Animais na Pista,Saída de leito carroçável,Com Vítimas Feridas,Pleno dia,Decrescente,Garoa/Chuvisco,Simples,Reta,Não,1,0,1,0,0,0,1,1,-27.307161,-50.651653,SPRF-SC,DEL05-SC,UOP03-DEL05-SC,2024
"594187,0",2024-04-15,segunda-feira,13:00:00,SC,282,"303,6",VARGEM,Chuva,Colisão com objeto,Com Vítimas Feridas,Pleno dia,Crescente,Chuva,Simples,Curva,Não,2,0,2,0,0,0,2,1,-27.49877,-50.931053,SPRF-SC,DEL07-SC,UOP06-DEL07-SC,2024
"594190,0",2024-04-15,segunda-feira,15:50:00,SC,282,"220,0",LAGES,Ausência de reação do condutor,Colisão traseira,Sem Vítimas,Pleno dia,Crescente,Garoa/Chuvisco,Simples,Reta,Não,2,0,0,0,2,0,0,2,-27.794014,-50.33363,SPRF-SC,DEL05-SC,UOP01-DEL05-SC,2024
"594213,0",2024-04-15,segunda-feira,18:15:00,SC,280,"127,2",RIO NEGRINHO,Acessar a via sem observar a presença dos outros veículos,Colisão lateral mesmo sentido,Com Vítimas Feridas,Plena Noite,Crescente,Garoa/Chuvisco,Simples,Reta,Sim,2,0,1,0,1,0,1,2,-26.23943953,-49.50420708,SPRF-SC,DEL06-SC,UOP03-DEL06-SC,2024
"594234,0",2024-04-15,segunda-feira,19:30:00,SC,470,"66,3",INDAIAL,Reação tardia ou ineficiente do condutor,Saída de leito carroçável,Sem Vítimas,Plena Noite,Decrescente,Chuva,Dupla,Reta;Declive,Sim,1,0,0,0,1,0,0,1,-26.870407,-49.221844,SPRF-SC,DEL04-SC,UOP01-DEL04-SC,2024
"594260,0",2024-04-15,segunda-feira,23:55:00,SC,101,"138,5",BALNEARIO CAMBORIU,Reação tardia ou ineficiente do condutor,Colisão com objeto,Com Vítimas Feridas,Plena Noite,Decrescente,Chuva,Múltipla,Curva,Sim,2,0,1,0,1,0,1,1,-27.02397426,-48.60761649,SPRF-SC,DEL04-SC,UOP03-DEL04-SC,2024
"594274,0",2024-04-16,terça-feira,00:45:00,SC,101,"342,0",TUBARAO,Ausência de reação do condutor,Saída de leito carroçável,Sem Vítimas,Plena Noite,Crescente,Céu Claro,Simples,Reta,Sim,1,0,0,0,1,0,0,1,-28.51875992,-49.05388322,SPRF-SC,DEL02-SC,UOP01-DEL02-SC,2024
"594275,0",2024-04-16,terça-feira,06:30:00,SC,282,"2,0",FLORIANOPOLIS,Condutor deixou de manter distância do veículo da frente,Colisão traseira,Com Vítimas Feridas,Pleno dia,Decrescente,Chuva,Múltipla,Reta,Sim,3,0,1,0,2,0,1,2,-27.603289,-48.590416,SPRF-SC,DEL01-SC,UOP01-DEL01-SC,2024
"594276,0",2024-01-17,quarta-feira,08:20:00,SC,280,"245,1",CANOINHAS,Acesso irregular,Colisão transversal,Com Vítimas Fatais,Pleno dia,Crescente,Garoa/Chuvisco,Simples,Reta,Não,8,3,4,1,0,0,5,2,-26.24033594,-50.49092174,SPRF-SC,DEL06-SC,UOP04-DEL06-SC,2024
"594278,0",2024-04-16,terça-feira,06:15:00,SC,101,"148,4",ITAPEMA,Acessar a via sem observar a presença dos outros veículos,Colisão transversal,Com Vítimas Feridas,Pleno dia,Decrescente,Nublado,Simples,Reta,Sim,2,0,1,0,1,0,1,2,-27.10123686,-48.61807962,SPRF-SC,DEL04-SC,UOP03-DEL04-SC,2024
"594284,0",2024-04-16,terça-feira,07:25:00,SC,280,"23,7",ARAQUARI,Ultrapassagem Indevida,Colisão transversal,Com Vítimas Feridas,Pleno dia,Decrescente,Nublado,Simples,Reta,Sim,3,0,0,2,1,0,2,2,-26.37146,-48.711887,SPRF-SC,DEL03-SC,UOP03-DEL03-SC,2024
"594294,0",2024-04-16,terça-feira,08:20:00,SC,101,"203,0",SAO JOSE,Ausência de reação do condutor,Queda de ocupante de veículo,Com Vítimas Feridas,Pleno dia,Crescente,Chuva,Dupla,Rotatória,Sim,2,0,1,0,1,0,1,2,-27.5650044,-48.61460082,SPRF-SC,DEL01-SC,UOP01-DEL01-SC,2024
"594302,0",2024-04-16,terça-feira,08:05:00,SC,280,"51,5",GUARAMIRIM,Condutor deixou de manter distância do veículo da frente,Engavetamento,Com Vítimas Feridas,Pleno dia,Decrescente,Céu Claro,Dupla,Em Obras;Reta,Não,4,0,1,0,3,0,1,4,-26.46538871,-48.95544449,SPRF-SC,DEL03-SC,UOP03-DEL03-SC,2024
"594303,0",2024-04-16,terça-feira,08:30:00,SC,101,"123,1",ITAJAI,Reação tardia ou ineficiente do condutor,Colisão transversal,Com Vítimas Feridas,Pleno dia,Crescente,Chuva,Múltipla,Rotatória,Sim,2,0,1,0,0,1,1,2,-26.93668609,-48.69876905,SPRF-SC,DEL04-SC,UOP04-DEL04-SC,2024
"594341,0",2024-04-16,terça-feira,07:15:00,SC,153,"99,0",CONCORDIA,Condutor deixou de manter distância do veículo da frente,Colisão traseira,Com Vítimas Feridas,Pleno dia,Crescente,Chuva,Simples,Curva,Não,2,0,1,0,1,0,1,2,-27.235508,-51.951069,SPRF-SC,DEL07-SC,UOP04-DEL07-SC,2024
"594342,0",2024-04-12,sexta-feira,10:00:00,SC,280,"93,0",CORUPA,Reação tardia ou ineficiente do condutor,Saída de leito carroçável,Com Vítimas Feridas,Pleno dia,Decrescente,Chuva,Simples,Aclive;Curva,Não,2,0,1,0,1,0,1,1,-26.39962904,-49.29783103,SPRF-SC,DEL06-SC,UOP03-DEL06-SC,2024
"594370,0",2024-04-16,terça-feira,16:30:00,SC,282,"47,1",AGUAS MORNAS,Ultrapassagem Indevida,Colisão lateral sentido oposto,Com Vítimas Feridas,Anoitecer,Crescente,Chuva,Simples,Reta,Não,3,0,2,0,1,0,2,2,-27.721771,-48.934837,SPRF-SC,DEL01-SC,UOP03-DEL01-SC,2024
"594378,0",2024-04-16,terça-feira,17:00:00,SC,101,"114,0",ITAJAI,Ausência de reação do condutor,Queda de ocupante de veículo,Com Vítimas Feridas,Pleno dia,Crescente,Chuva,Dupla,Reta,Não,2,0,0,1,0,1,1,2,-26.86192886,-48.7286704,SPRF-SC,DEL04-SC,UOP04-DEL04-SC,2024
"594379,0",2024-04-16,terça-feira,16:40:00,SC,101,"106,0",PENHA,Reação tardia ou ineficiente do condutor,Saída de leito carroçável,Com Vítimas Feridas,Pleno dia,Crescente,Chuva,Simples,Reta,Não,1,0,1,0,0,0,1,1,-26.81053181,-48.68331671,SPRF-SC,DEL03-SC,UOP02-DEL03-SC,2024
"594394,0",2024-04-16,terça-feira,18:30:00,SC,101,"122,7",ITAJAI,Reação tardia ou ineficiente do condutor,Tombamento,Com Vítimas Feridas,Anoitecer,Crescente,Chuva,Dupla,Reta,Sim,1,0,1,0,0,0,1,1,-26.92955916,-48.70499836,SPRF-SC,DEL04-SC,UOP04-DEL04-SC,2024
"594399,0",2024-04-16,terça-feira,15:20:00,SC,101,"406,0",ARARANGUA,Chuva,Saída de leito carroçável,Com Vítimas Feridas,Pleno dia,Decrescente,Chuva,Dupla,Reta,Não,2,0,1,0,1,0,1,1,-28.89284011,-49.46880088,SPRF-SC,DEL02-SC,UOP02-DEL02-SC,2024
"594410,0",2024-04-16,terça-feira,16:35:00,SC,101,"336,0",TUBARAO,Acessar a via sem observar a presença dos outros veículos,Colisão traseira,Com Vítimas Feridas,Pleno dia,Decrescente,Chuva,Simples,Interseção de Vias;Rotatória;Viaduto;Curva,Sim,2,0,1,0,0,1,1,2,-28.47311347,-49.02437375,SPRF-SC,DEL02-SC,UOP01-DEL02-SC,2024
"594418,0",2024-04-16,terça-feira,19:30:00,SC,282,"578,1",PINHALZINHO,Desrespeitar a preferência no cruzamento,Colisão transversal,Com Vítimas Feridas,Plena Noite,Decrescente,Garoa/Chuvisco,Simples,Rotatória,Sim,2,0,1,0,1,0,1,2,-26.85245524,-52.98030138,SPRF-SC,DEL07-SC,UOP02-DEL07-SC,2024
"594421,0",2024-04-16,terça-feira,20:20:00,SC,280,"22,4",ARAQUARI,Ausência de reação do condutor,Colisão lateral mesmo sentido,Com Vítimas Feridas,Plena Noite,Decrescente,Garoa/Chuvisco,Simples,Reta,Sim,3,0,2,0,1,0,2,3,-26.37092616,-48.70204099,SPRF-SC,DEL03-SC,UOP03-DEL03-SC,2024
"594444,0",2024-04-16,terça-feira,23:55:00,SC,280,"83,0",CORUPA,Suicídio (presumido),Queda de ocupante de veículo,Sem Vítimas,Plena Noite,Decrescente,Garoa/Chuvisco,Simples,Rotatória,Não,1,0,0,0,1,0,0,1,-26.43533708,-49.24541652,SPRF-SC,DEL06-SC,UOP03-DEL06-SC,2024
"594447,0",2024-04-17,quarta-feira,01:50:00,SC,470,"57,6",BLUMENAU,Ausência de reação do condutor,Saída de leito carroçável,Sem Vítimas,Plena Noite,Decrescente,Garoa/Chuvisco,Simples,Desvio Temporário;Em Obras,Sim,1,0,0,0,1,0,0,1,-26.88340413,-49.14324045,SPRF-SC,DEL04-SC,UOP01-DEL04-SC,2024
"594448,0",2024-04-16,terça-feira,20:20:00,SC,282,"313,0",VARGEM,Acumulo de água sobre o pavimento,Colisão traseira,Com Vítimas Feridas,Plena Noite,Crescente,Chuva,Simples,Curva;Aclive,Não,3,0,2,0,1,0,2,2,-27.46136717,-50.98926544,SPRF-SC,DEL07-SC,UOP06-DEL07-SC,2024
"594465,0",2024-04-17,quarta-feira,06:50:00,SC,282,"5,4",SAO JOSE,Reação tardia ou ineficiente do condutor,Saída de leito carroçável,Com Vítimas Feridas,Pleno dia,Crescente,Garoa/Chuvisco,Dupla,Declive;Curva,Sim,1,0,1,0,0,0,1,1,-27.588425,-48.612919,SPRF-SC,DEL01-SC,UOP01-DEL01-SC,2024
"594492,0",2024-04-17,quarta-feira,07:10:00,SC,282,"506,6",XANXERE,Problema na suspensão,Saída de leito carroçável,Sem Vítimas,Pleno dia,Crescente,Céu Claro,Dupla,Declive,Sim,1,0,0,0,1,0,0,1,-26.885712,-52.42907,SPRF-SC,DEL07-SC,UOP01-DEL07-SC,2024
"594494,0",2024-04-17,quarta-feira,09:00:00,SC,101,"243,0",PALHOCA,Ausência de reação do condutor,Colisão traseira,Com Vítimas Feridas,Pleno dia,Crescente,Nublado,Múltipla,Reta,Não,2,0,1,0,1,0,1,2,-27.88419902,-48.64750077,SPRF-SC,DEL01-SC,UOP02-DEL01-SC,2024
"594511,0",2024-04-17,quarta-feira,10:00:00,SC,280,"6,1",SAO FRANCISCO DO SUL,Retorno proibido,Colisão transversal,Com Vítimas Feridas,Pleno dia,Crescente,Céu Claro,Simples,Reta,Sim,3,0,2,0,1,0,2,2,-26.26569095,-48.63361804,SPRF-SC,DEL03-SC,UOP03-DEL03-SC,2024
"594526,0",2024-04-17,quarta-feira,12:45:00,SC,280,"127,8",RIO NEGRINHO,Desrespeitar a preferência no cruzamento,Colisão transversal,Com Vítimas Feridas,Pleno dia,Decrescente,Céu Claro,Simples,Interseção de Vias;Declive;Curva,Sim,2,0,0,1,1,0,1,2,-26.24294379,-49.51244116,SPRF-SC,DEL06-SC,UOP03-DEL06-SC,2024
"594554,0",2024-04-17,quarta-feira,16:43:00,SC,101,"198,5",BIGUACU,Reação tardia ou ineficiente do condutor,Tombamento,Com Vítimas Feridas,Pleno dia,Decrescente,Nublado,Dupla,Reta,Sim,1,0,1,0,0,0,1,1,-27.52658712,-48.63506019,SPRF-SC,DEL01-SC,UOP01-DEL01-SC,2024
"594556,0",2024-04-17,quarta-feira,16:45:00,SC,101,"221,0",PALHOCA,Reação tardia ou ineficiente do condutor,Colisão traseira,Com Vítimas Feridas,Pleno dia,Crescente,Céu Claro,Dupla,Reta;Ponte,Não,6,0,1,0,5,0,1,3,-27.70012652,-48.66021182,SPRF-SC,DEL01-SC,UOP02-DEL01-SC,2024
"594567,0",2024-04-17,quarta-feira,15:10:00,SC,470,"48,6",BLUMENAU,Velocidade Incompatível,Queda de ocupante de veículo,Com Vítimas Fatais,Pleno dia,Crescente,Céu Claro,Dupla,Curva,Não,2,1,0,0,0,1,0,2,-26.86002074,-49.06338573,SPRF-SC,DEL04-SC,UOP01-DEL04-SC,2024
"594573,0",2024-04-17,quarta-feira,18:00:00,SC,101,"265,2",PAULO LOPES,Acessar a via sem observar a presença dos outros veículos,Colisão transversal,Com Vítimas Feridas,Anoitecer,Decrescente,Céu Claro,Múltipla,Reta,Sim,2,0,1,0,1,0,1,2,-28.06001385,-48.71690948,SPRF-SC,DEL02-SC,UOP03-DEL02-SC,2024
"594575,0",2024-04-17,quarta-feira,18:00:00,SC,280,"24,8",ARAQUARI,Trafegar com motocicleta (ou similar) entre as faixas,Colisão transversal,Com Vítimas Feridas,Anoitecer,Crescente,Céu Claro,Simples,Reta;Interseção de Vias,Sim,3,0,0,1,1,1,1,3,-26.37724921,-48.71953282,SPRF-SC,DEL03-SC,UOP03-DEL03-SC,2024
"594583,0",2024-04-17,quarta-feira,18:30:00,SC,101,"215,8",PALHOCA,Acessar a via sem observar a presença dos outros veículos,Colisão lateral mesmo sentido,Com Vítimas Feridas,Plena Noite,Decrescente,Céu Claro,Múltipla,Curva,Sim,3,0,1,0,2,0,1,2,-27.65184843,-48.67604941,SPRF-SC,DEL01-SC,UOP02-DEL01-SC,2024
"594584,0",2024-01-25,quinta-feira,20:50:00,SC,101,"125,7",ITAJAI,Ausência de reação do condutor,Eventos atípicos,Com Vítimas Fatais,Plena Noite,Crescente,Nublado,Múltipla,Viaduto;Curva,Não,1,1,0,0,0,0,0,1,-26.9526866,-48.6795371,SPRF-SC,DEL04-SC,UOP04-DEL04-SC,2024
"594585,0",2024-04-17,quarta-feira,18:10:00,SC,470,"151,0",AGRONOMICA,Deficiência do Sistema de Iluminação/Sinalização,Colisão com objeto,Com Vítimas Feridas,Plena Noite,Crescente,Céu Claro,Simples,Reta;Em Obras,Não,1,0,1,0,0,0,1,1,-27.260792,-49.719761,SPRF-SC,DEL04-SC,UOP02-DEL04-SC,2024
"594594,0",2024-04-17,quarta-feira,17:40:00,SC,282,"454,3",PONTE SERRADA,Condutor deixou de manter distância do veículo da frente,Colisão traseira,Com Vítimas Feridas,Pleno dia,Crescente,Céu Claro,Simples,Reta,Não,2,0,1,0,1,0,1,2,-26.891756,-51.98447,SPRF-SC,DEL07-SC,UOP04-DEL07-SC,2024
"594661,0",2024-04-18,quinta-feira,07:30:00,SC,101,"183,0",BIGUACU,Trafegar com motocicleta (ou similar) entre as faixas,Colisão lateral mesmo sentido,Com Vítimas Feridas,Pleno dia,Crescente,Céu Claro,Dupla,Reta,Não,2,0,1,0,1,0,1,2,-27.40688892,-48.6285296,SPRF-SC,DEL01-SC,UOP01-DEL01-SC,2024
"594665,0",2024-04-18,quinta-feira,07:45:00,SC,282,"3,0",FLORIANOPOLIS,Trafegar com motocicleta (ou similar) entre as faixas,Colisão traseira,Com Vítimas Feridas,Pleno dia,Decrescente,Céu Claro,Múltipla,Reta,Sim,2,0,0,1,1,0,1,2,-27.600384,-48.599705,SPRF-SC,DEL01-SC,UOP01-DEL01-SC,2024
"594669,0",2024-04-18,quinta-feira,07:30:00,SC,101,"210,0",SAO JOSE,Animais na Pista,Atropelamento de Animal,Com Vítimas Feridas,Pleno dia,Decrescente,Céu Claro,Múltipla,Reta,Sim,2,0,2,0,0,0,2,1,-27.6167305,-48.6457265,SPRF-SC,DEL01-SC,UOP01-DEL01-SC,2024
"594691,0",2024-04-15,segunda-feira,06:25:00,SC,101,"141,0",BALNEARIO CAMBORIU,Acumulo de óleo sobre o pavimento,Colisão com objeto,Com Vítimas Feridas,Pleno dia,Crescente,Sol,Múltipla,Declive;Curva,Sim,1,0,1,0,0,0,1,1,-27.04761729,-48.59995855,SPRF-SC,DEL04-SC,UOP03-DEL04-SC,2024
"594693,0",2024-02-06,terça-feira,17:30:00,SC,116,"247,9",LAGES,Acessar a via sem observar a presença dos outros veículos,Colisão lateral mesmo sentido,Com Vítimas Feridas,Pleno dia,Crescente,Céu Claro,Simples,Reta;Interseção de Vias,Sim,2,0,2,0,0,0,2,2,-27.81262488,-50.36859817,SPRF-SC,DEL05-SC,UOP02-DEL05-SC,2024
"594720,0",2024-04-18,quinta-feira,11:54:00,SC,282,"17,4",PALHOCA,Acessar a via sem observar a presença dos outros veículos,Colisão transversal,Com Vítimas Feridas,Pleno dia,Decrescente,Sol,Simples,Reta,Sim,2,0,0,1,1,0,1,2,-27.665707,-48.688065,SPRF-SC,DEL01-SC,UOP02-DEL01-SC,2024
"594737,0",2024-04-18,quinta-feira,11:25:00,SC,470,"300,1",CAMPOS NOVOS,Reação tardia ou ineficiente do condutor,Colisão lateral mesmo sentido,Com Vítimas Feridas,Pleno dia,Crescente,Nublado,Simples,Reta,Não,2,0,0,1,1,0,1,2,-27.372538,-51.046467,SPRF-SC,DEL07-SC,UOP06-DEL07-SC,2024
"594739,0",2024-04-18,quinta-feira,07:00:00,SC,163,"109,4",GUARUJA DO SUL,Reação tardia ou ineficiente do condutor,Colisão frontal,Com Vítimas Fatais,Pleno dia,Crescente,Céu Claro,Simples,Curva;Declive,Não,2,1,0,1,0,0,1,2,-26.4106825,-53.5222391,SPRF-SC,DEL07-SC,UOP03-DEL07-SC,2024
"594769,0",2024-04-18,quinta-feira,17:30:00,SC,282,"5,2",SAO JOSE,Reação tardia ou ineficiente do condutor,Colisão traseira,Com Vítimas Feridas,Pleno dia,Crescente,Nublado,Dupla,Reta,Sim,2,0,0,1,1,0,1,2,-27.588425,-48.612919,SPRF-SC,DEL01-SC,UOP01-DEL01-SC,2024
"594775,0",2024-04-18,quinta-feira,17:15:00,SC,101,"443,9",SANTA ROSA DO SUL,Acessar a via sem observar a presença dos outros veículos,Colisão transversal,Com Vítimas Feridas,Pleno dia,Crescente,Céu Claro,Simples,Reta;Interseção de Vias,Sim,2,0,1,0,1,0,1,2,-29.13743089,-49.71326351,SPRF-SC,DEL02-SC,UOP02-DEL02-SC,2024
"594827,0",2024-04-18,quinta-feira,19:45:00,SC,101,"380,7",ICARA,Acumulo de areia ou detritos sobre o pavimento,Tombamento,Com Vítimas Feridas,Plena Noite,Crescente,Céu Claro,Múltipla,Declive;Em Obras,Não,2,0,2,0,0,0,2,1,-28.75898764,-49.28481817,SPRF-SC,DEL02-SC,UOP02-DEL02-SC,2024
"594837,0",2024-04-18,quinta-feira,17:00:00,SC,280,"279,0",IRINEOPOLIS,Deficiência do Sistema de Iluminação/Sinalização,Colisão traseira,Sem Vítimas,Anoitecer,Crescente,Céu Claro,Simples,Reta,Não,2,0,0,0,1,1,0,2,-26.29452167,-50.81904506,SPRF-SC,DEL06-SC,UOP04-DEL06-SC,2024
"594857,0",2024-04-19,sexta-feira,03:40:00,SC,470,"69,0",INDAIAL,Reação tardia ou ineficiente do condutor,Colisão com objeto,Com Vítimas Feridas,Plena Noite,Decrescente,Céu Claro,Dupla,Interseção de Vias;Reta;Em Obras;Viaduto,Sim,1,0,0,1,0,0,1,1,-26.883745,-49.246704,SPRF-SC,DEL04-SC,UOP01-DEL04-SC,2024
"594878,0",2024-04-19,sexta-feira,07:10:00,SC,101,"118,0",ITAJAI,Ausência de reação do condutor,Saída de leito carroçável,Com Vítimas Feridas,Pleno dia,Crescente,Céu Claro,Dupla,Reta,Não,1,0,1,0,0,0,1,1,-26.895859,-48.71903,SPRF-SC,DEL04-SC,UOP04-DEL04-SC,2024
"594896,0",2024-04-19,sexta-feira,07:00:00,SC,280,"30,4",ARAQUARI,Condutor deixou de manter distância do veículo da frente,Colisão traseira,Com Vítimas Feridas,Pleno dia,Decrescente,Céu Claro,Simples,Reta,Não,2,0,2,0,0,0,2,2,-26.4141523,-48.76209493,SPRF-SC,DEL03-SC,UOP03-DEL03-SC,2024
"594903,0",2024-04-19,sexta-feira,07:30:00,SC,163,"71,0",SAO MIGUEL DO OESTE,Velocidade Incompatível,Colisão lateral sentido oposto,Com Vítimas Feridas,Pleno dia,Decrescente,Sol,Dupla,Curva,Não,3,0,1,0,2,0,1,3,-26.72772401,-53.51281303,SPRF-SC,DEL07-SC,UOP03-DEL07-SC,2024
"594932,0",2024-04-19,sexta-feira,12:00:00,SC,101,"175,0",GOVERNADOR CELSO RAMOS,Demais falhas mecânicas ou elétricas,Tombamento,Com Vítimas Feridas,Pleno dia,Crescente,Céu Claro,Dupla,Reta,Não,2,0,0,1,1,0,1,1,-27.33963303,-48.62734885,SPRF-SC,DEL01-SC,UOP01-DEL01-SC,2024
"594954,0",2024-04-19,sexta-feira,13:00:00,SC,101,"201,0",SAO JOSE,Manobra de mudança de faixa,Colisão lateral mesmo sentido,Com Vítimas Feridas,Pleno dia,Crescente,Céu Claro,Múltipla,Reta,Sim,3,0,2,0,1,0,2,2,-27.54836599,-48.61977975,SPRF-SC,DEL01-SC,UOP01-DEL01-SC,2024
"594963,0",2024-04-13,sábado,02:15:00,SC,153,"65,1",IRANI,Ultrapassagem Indevida,Colisão frontal,Com Vítimas Feridas,Plena Noite,Crescente,Céu Claro,Simples,Reta,Sim,7,0,4,2,1,0,6,2,-27.018208,-51.883216,SPRF-SC,DEL07-SC,UOP04-DEL07-SC,2024
"594970,0",2024-04-19,sexta-feira,11:55:00,SC,101,"106,3",PENHA,Carga excessiva e/ou mal acondicionada,Colisão com objeto,Com Vítimas Feridas,Pleno dia,Crescente,Céu Claro,Dupla,Curva,Sim,4,0,1,1,1,1,2,3,-26.81031601,-48.68293896,SPRF-SC,DEL03-SC,UOP02-DEL03-SC,2024
"594975,0",2024-04-19,sexta-feira,13:20:00,SC,280,"4,6",SAO FRANCISCO DO SUL,Acumulo de areia ou detritos sobre o pavimento,Tombamento,Com Vítimas Feridas,Pleno dia,Decrescente,Céu Claro,Múltipla,Rotatória,Sim,1,0,1,0,0,0,1,1,-26.25329566,-48.61916042,SPRF-SC,DEL03-SC,UOP03-DEL03-SC,2024
"594976,0",2024-04-19,sexta-feira,14:30:00,SC,101,"197,8",BIGUACU,Manobra de mudança de faixa,Colisão lateral sentido oposto,Com Vítimas Feridas,Pleno dia,Crescente,Céu Claro,Múltipla,Reta,Sim,2,0,0,1,1,0,1,2,-27.51844497,-48.63848496,SPRF-SC,DEL01-SC,UOP01-DEL01-SC,2024
"595003,0",2024-04-19,sexta-feira,17:00:00,SC,470,"63,3",INDAIAL,Condutor deixou de manter distância do veículo da frente,Colisão traseira,Com Vítimas Feridas,Pleno dia,Decrescente,Céu Claro,Simples,Declive;Reta,Não,3,0,1,1,1,0,2,2,-26.872396,-49.19228,SPRF-SC,DEL04-SC,UOP01-DEL04-SC,2024
"595012,0",2024-04-19,sexta-feira,14:00:00,SC,116,"207,4",PONTE ALTA,Demais falhas mecânicas ou elétricas,Incêndio,Com Vítimas Feridas,Pleno dia,Decrescente,Céu Claro,Simples,Reta,Sim,1,0,1,0,0,0,1,1,-27.48199748,-50.37911479,SPRF-SC,DEL05-SC,UOP03-DEL05-SC,2024
"595023,0",2024-04-19,sexta-feira,18:30:00,SC,101,"211,5",PALHOCA,Acessar a via sem observar a presença dos outros veículos,Colisão lateral mesmo sentido,Com Vítimas Feridas,Plena Noite,Decrescente,Céu Claro,Dupla,Reta,Sim,2,0,1,0,1,0,1,2,-27.62329313,-48.65245588,SPRF-SC,DEL01-SC,UOP02-DEL01-SC,2024
"595027,0",2024-04-19,sexta-feira,19:00:00,SC,280,"26,9",ARAQUARI,Reação tardia ou ineficiente do condutor,Colisão traseira,Com Vítimas Feridas,Plena Noite,Crescente,Céu Claro,Múltipla,Reta,Sim,2,0,1,0,1,0,1,2,-26.38972308,-48.73411593,SPRF-SC,DEL03-SC,UOP03-DEL03-SC,2024
"595036,0",2024-04-19,sexta-feira,18:30:00,SC,282,"18,0",PALHOCA,Acessar a via sem observar a presença dos outros veículos,Colisão transversal,Com Vítimas Feridas,Plena Noite,Crescente,Céu Claro,Simples,Reta,Não,2,0,1,0,1,0,1,2,-27.672798,-48.694286,SPRF-SC,DEL01-SC,UOP02-DEL01-SC,2024
"595041,0",2024-04-19,sexta-feira,18:15:00,SC,101,"117,3",ITAJAI,Trafegar com motocicleta (ou similar) entre as faixas,Colisão lateral mesmo sentido,Com Vítimas Feridas,Plena Noite,Crescente,Nublado,Dupla,Reta;Viaduto,Sim,2,0,0,1,1,0,1,2,-26.88747187,-48.72252969,SPRF-SC,DEL04-SC,UOP04-DEL04-SC,2024
"595047,0",2024-04-19,sexta-feira,19:50:00,SC,101,"118,3",ITAJAI,Mal súbito do condutor,Tombamento,Com Vítimas Feridas,Plena Noite,Decrescente,Nublado,Dupla,Reta,Não,1,0,0,1,0,0,1,1,-26.895859,-48.71903,SPRF-SC,DEL04-SC,UOP04-DEL04-SC,2024
"595054,0",2024-04-19,sexta-feira,19:30:00,SC,101,"115,5",ITAJAI,Velocidade Incompatível,Colisão lateral mesmo sentido,Com Vítimas Feridas,Plena Noite,Decrescente,Nublado,Dupla,Reta,Sim,2,0,1,0,1,0,1,2,-26.87064015,-48.72954134,SPRF-SC,DEL04-SC,UOP04-DEL04-SC,2024
"595056,0",2024-04-19,sexta-feira,20:10:00,SC,101,"212,2",PALHOCA,Condutor deixou de manter distância do veículo da frente,Engavetamento,Com Vítimas Feridas,Plena Noite,Decrescente,Céu Claro,Dupla,Reta,Sim,5,0,1,0,3,1,1,4,-27.62996929,-48.65903871,SPRF-SC,DEL01-SC,UOP02-DEL01-SC,2024