id,data_inversa,dia_semana,horario,uf,br,km,municipio,causa_acidente,tipo_acidente,classificacao_acidente,fase_dia,sentido_via,condicao_metereologica,tipo_pista,tracado_via,uso_solo,pessoas,mortos,feridos_leves,feridos_graves,ilesos,ignorados,feridos,veiculos,latitude,longitude,regional,delegacia,uop,ano_arquivo
"595068,0",2024-04-19,sexta-feira,19:40:00,SC,101,"131,0",BALNEARIO CAMBORIU,Desrespeitar a preferência no cruzamento,Colisão frontal,Com Vítimas Feridas,Plena Noite,Decrescente,Céu Claro,Simples,Reta,Sim,2,0,0,1,1,0,1,2,-26.99064209,-48.66310912,SPRF-SC,DEL04-SC,UOP03-DEL04-SC,2024
"595102,0",2024-04-19,sexta-feira,23:45:00,SC,282,"4,0",FLORIANOPOLIS,Ingestão de álcool pelo condutor,Colisão traseira,Sem Vítimas,Plena Noite,Crescente,Céu Claro,Múltipla,Reta,Sim,2,0,0,0,2,0,0,2,-27.592646,-48.604034,SPRF-SC,DEL01-SC,UOP01-DEL01-SC,2024
"595103,0",2024-04-20,sábado,00:25:00,SC,101,"89,0",BARRA VELHA,Velocidade Incompatível,Colisão com objeto,Com Vítimas Feridas,Plena Noite,Crescente,Céu Claro,Múltipla,Declive;Reta,Não,1,0,0,1,0,0,1,1,-26.65175997,-48.68721921,SPRF-SC,DEL03-SC,UOP02-DEL03-SC,2024
"595106,0",2024-04-20,sábado,01:30:00,SC,101,"207,0",SAO JOSE,Reação tardia ou ineficiente do condutor,Colisão traseira,Com Vítimas Feridas,Plena Noite,Crescente,Céu Claro,Múltipla,Reta,Não,2,0,2,0,0,0,2,2,-27.60001226,-48.6226467,SPRF-SC,DEL01-SC,UOP01-DEL01-SC,2024
"595123,0",2024-04-20,sábado,02:15:00,SC,282,"255,0",SAO JOSE DO CERRITO,Ausência de reação do condutor,Saída de leito carroçável,Com Vítimas Feridas,Plena Noite,Crescente,Céu Claro,Simples,Rotatória,Sim,2,0,1,0,1,0,1,1,-27.673826,-50.572021,SPRF-SC,DEL05-SC,UOP02-DEL05-SC,2024
"595139,0",2024-04-20,sábado,06:35:00,SC,282,"2,9",FLORIANOPOLIS,Velocidade Incompatível,Colisão com objeto,Com Vítimas Feridas,Pleno dia,Crescente,Céu Claro,Múltipla,Reta,Sim,2,0,1,0,0,1,1,2,-27.603289,-48.590416,SPRF-SC,DEL01-SC,UOP01-DEL01-SC,2024
"595182,0",2024-04-20,sábado,10:00:00,SC,101,"77,2",ARAQUARI,Reação tardia ou ineficiente do condutor,Tombamento,Com Vítimas Feridas,Pleno dia,Crescente,Sol,Dupla,Curva,Não,2,0,2,0,0,0,2,1,-26.57262666,-48.72275591,SPRF-SC,DEL03-SC,UOP02-DEL03-SC,2024
"595199,0",2024-04-20,sábado,12:00:00,SC,101,"125,0",ITAJAI,Reação tardia ou ineficiente do condutor,Colisão traseira,Sem Vítimas,Pleno dia,Crescente,Céu Claro,Dupla,Reta,Sim,2,0,0,0,2,0,0,2,-26.94802427,-48.68338515,SPRF-SC,DEL04-SC,UOP04-DEL04-SC,2024
"595204,0",2024-04-20,sábado,12:55:00,SC,470,"81,6",RODEIO,Manobra de mudança de faixa,Colisão transversal,Com Vítimas Fatais,Pleno dia,Crescente,Céu Claro,Simples,Reta,Não,3,1,0,0,1,1,0,3,-26.95666,-49.32574,SPRF-SC,DEL04-SC,UOP01-DEL04-SC,2024
"595217,0",2024-04-20,sábado,13:15:00,SC,101,"201,4",SAO JOSE,Reação tardia ou ineficiente do condutor,Colisão traseira,Com Vítimas Feridas,Pleno dia,Crescente,Céu Claro,Múltipla,Reta,Sim,4,0,1,0,1,2,1,3,-27.54836599,-48.61977975,SPRF-SC,DEL01-SC,UOP01-DEL01-SC,2024
"595226,0",2024-04-20,sábado,15:35:00,SC,101,"315,0",LAGUNA,Ausência de reação do condutor,Colisão traseira,Com Vítimas Feridas,Pleno dia,Decrescente,Céu Claro,Dupla,Ponte;Reta,Sim,2,0,1,0,1,0,1,2,-28.43552413,-48.8343121,SPRF-SC,DEL02-SC,UOP01-DEL02-SC,2024
"595234,0",2024-04-20,sábado,12:45:00,SC,101,"361,0",SANGAO,Transitar na contramão,Saída de leito carroçável,Com Vítimas Feridas,Pleno dia,Decrescente,Céu Claro,Dupla,Curva,Não,1,0,1,0,0,0,1,1,-28.67160655,-49.12183642,SPRF-SC,DEL02-SC,UOP01-DEL02-SC,2024
"595240,0",2024-04-20,sábado,16:20:00,SC,101,"277,3",IMBITUBA,Acessar a via sem observar a presença dos outros veículos,Colisão frontal,Com Vítimas Feridas,Pleno dia,Crescente,Céu Claro,Simples,Interseção de Vias;Viaduto,Sim,2,0,1,0,1,0,1,2,-28.16014793,-48.69357038,SPRF-SC,DEL02-SC,UOP03-DEL02-SC,2024
"595245,0",2024-04-20,sábado,16:30:00,SC,101,"105,0",PENHA,Ausência de reação do condutor,Queda de ocupante de veículo,Com Vítimas Feridas,Pleno dia,Crescente,Sol,Simples,Curva,Não,2,0,2,0,0,0,2,1,-26.80215497,-48.67891041,SPRF-SC,DEL03-SC,UOP02-DEL03-SC,2024
"595246,0",2024-04-20,sábado,15:10:00,SC,280,"240,0",CANOINHAS,Reação tardia ou ineficiente do condutor,Colisão traseira,Com Vítimas Feridas,Pleno dia,Decrescente,Sol,Simples,Reta,Não,3,0,1,0,2,0,1,2,-26.2173631,-50.45390288,SPRF-SC,DEL06-SC,UOP04-DEL06-SC,2024
"595251,0",2024-04-20,sábado,17:00:00,SC,470,"13,0",ILHOTA,Ausência de reação do condutor,Tombamento,Com Vítimas Feridas,Pleno dia,Crescente,Céu Claro,Dupla,Curva,Não,2,0,1,1,0,0,2,1,-26.839108,-48.766262,SPRF-SC,DEL04-SC,UOP04-DEL04-SC,2024
"595257,0",2024-04-20,sábado,17:00:00,SC,470,"126,7",LONTRAS,Ingestão de álcool pelo condutor,Saída de leito carroçável,Com Vítimas Fatais,Pleno dia,Crescente,Sol,Simples,Retorno Regulamentado;Reta,Sim,2,1,0,1,0,0,1,1,-27.13693871,-49.54335093,SPRF-SC,DEL04-SC,UOP02-DEL04-SC,2024
"595273,0",2024-04-20,sábado,19:30:00,SC,101,"132,0",BALNEARIO CAMBORIU,Demais falhas mecânicas ou elétricas,Queda de ocupante de veículo,Com Vítimas Feridas,Plena Noite,Decrescente,Céu Claro,Múltipla,Reta,Sim,1,0,1,0,0,0,1,1,-26.99654133,-48.65564711,SPRF-SC,DEL04-SC,UOP03-DEL04-SC,2024
"595274,0",2024-04-20,sábado,14:47:00,SC,101,"205,2",SAO JOSE,Condutor deixou de manter distância do veículo da frente,Tombamento,Com Vítimas Feridas,Pleno dia,Crescente,Céu Claro,Dupla,Reta,Não,2,0,1,0,1,0,1,1,-27.58313237,-48.61532885,SPRF-SC,DEL01-SC,UOP01-DEL01-SC,2024
"595275,0",2024-04-20,sábado,19:00:00,SC,101,"209,0",SAO JOSE,Desrespeitar a preferência no cruzamento,Colisão transversal,Com Vítimas Feridas,Plena Noite,Decrescente,Céu Claro,Dupla,Viaduto,Sim,3,0,2,0,1,0,2,2,-27.61000542,-48.63895057,SPRF-SC,DEL01-SC,UOP01-DEL01-SC,2024
"595292,0",2024-04-20,sábado,19:43:00,SC,101,"136,0",BALNEARIO CAMBORIU,Acessar a via sem observar a presença dos outros veículos,Colisão transversal,Com Vítimas Feridas,Plena Noite,Crescente,Nublado,Dupla,Reta,Sim,2,0,0,1,1,0,1,2,-27.008113,-48.617245,SPRF-SC,DEL04-SC,UOP03-DEL04-SC,2024
"595293,0",2024-04-20,sábado,19:10:00,SC,280,"129,1",RIO NEGRINHO,Manobra de mudança de faixa,Tombamento,Com Vítimas Feridas,Plena Noite,Crescente,Céu Claro,Simples,Aclive;Reta;Interseção de Vias,Sim,2,0,0,1,1,0,1,2,-26.25325346,-49.53021884,SPRF-SC,DEL06-SC,UOP03-DEL06-SC,2024
"595314,0",2024-04-20,sábado,19:30:00,SC,280,"26,4",ARAQUARI,Ultrapassagem Indevida,Colisão transversal,Com Vítimas Feridas,Plena Noite,Crescente,Céu Claro,Simples,Reta,Sim,2,0,1,0,1,0,1,2,-26.38972308,-48.73411593,SPRF-SC,DEL03-SC,UOP03-DEL03-SC,2024
"595328,0",2024-04-20,sábado,22:15:00,SC,158,"102,0",CUNHA PORA,Demais falhas na via,Queda de ocupante de veículo,Com Vítimas Feridas,Plena Noite,Decrescente,Céu Claro,Simples,Reta,Não,1,0,0,1,0,0,1,1,-26.83448722,-53.17708969,SPRF-SC,DEL07-SC,UOP02-DEL07-SC,2024
"595329,0",2024-04-20,sábado,22:40:00,SC,101,"203,9",SAO JOSE,Animais na Pista,Tombamento,Com Vítimas Feridas,Plena Noite,Decrescente,Céu Claro,Múltipla,Reta,Sim,1,0,0,1,0,0,1,1,-27.5650044,-48.61460082,SPRF-SC,DEL01-SC,UOP01-DEL01-SC,2024
"595344,0",2024-04-20,sábado,22:50:00,SC,480,"128,0",CHAPECO,Ingestão de álcool pelo condutor,Saída de leito carroçável,Sem Vítimas,Plena Noite,Crescente,Céu Claro,Simples,Declive,Sim,1,0,0,0,1,0,0,1,-27.03781899,-52.63432603,SPRF-SC,DEL07-SC,UOP01-DEL07-SC,2024
"595357,0",2024-04-21,domingo,02:00:00,SC,101,"431,7",SOMBRIO,Ausência de reação do condutor,Saída de leito carroçável,Com Vítimas Feridas,Plena Noite,Crescente,Ignorado,Múltipla,Reta,Sim,1,0,1,0,0,0,1,1,-29.08272633,-49.63056564,SPRF-SC,DEL02-SC,UOP02-DEL02-SC,2024
"595364,0",2024-04-21,domingo,04:05:00,SC,101,"37,0",JOINVILLE,Velocidade Incompatível,Saída de leito carroçável,Com Vítimas Feridas,Plena Noite,Crescente,Céu Claro,Simples,Aclive;Reta,Sim,2,0,0,2,0,0,2,1,-26.29787804,-48.88413906,SPRF-SC,DEL03-SC,UOP01-DEL03-SC,2024
"595366,0",2024-04-21,domingo,02:05:00,SC,282,"16,9",PALHOCA,Transitar na contramão,Colisão frontal,Com Vítimas Feridas,Plena Noite,Crescente,Céu Claro,Simples,Reta,Não,3,0,1,1,0,1,2,2,-27.658611,-48.681847,SPRF-SC,DEL01-SC,UOP02-DEL01-SC,2024
"595374,0",2024-04-21,domingo,05:00:00,SC,470,"3,8",NAVEGANTES,Acessar a via sem observar a presença dos outros veículos,Colisão transversal,Com Vítimas Feridas,Amanhecer,Decrescente,Nublado,Dupla,Rotatória,Sim,2,0,1,0,1,0,1,2,-26.858473,-48.690788,SPRF-SC,DEL04-SC,UOP04-DEL04-SC,2024
"595375,0",2024-04-21,domingo,05:15:00,SC,101,"149,0",ITAPEMA,Ingestão de álcool pelo condutor,Saída de leito carroçável,Sem Vítimas,Amanhecer,Crescente,Nublado,Múltipla,Reta,Sim,1,0,0,0,1,0,0,1,-27.1089649,-48.61277586,SPRF-SC,DEL04-SC,UOP03-DEL04-SC,2024
"595405,0",2024-04-21,domingo,07:40:00,SC,101,"150,1",ITAPEMA,Ingestão de álcool pelo condutor,Colisão traseira,Sem Vítimas,Pleno dia,Crescente,Céu Claro,Múltipla,Reta,Sim,4,0,0,0,4,0,0,2,-27.11744799,-48.60940987,SPRF-SC,DEL04-SC,UOP03-DEL04-SC,2024
"595432,0",2024-04-21,domingo,10:40:00,SC,101,"158,2",PORTO BELO,Reação tardia ou ineficiente do condutor,Tombamento,Com Vítimas Feridas,Pleno dia,Decrescente,Céu Claro,Dupla,Reta,Sim,2,0,2,0,0,0,2,1,-27.19096301,-48.61259017,SPRF-SC,DEL04-SC,UOP03-DEL04-SC,2024
"595433,0",2024-04-21,domingo,11:30:00,SC,280,"22,0",ARAQUARI,Acessar a via sem observar a presença dos outros veículos,Colisão transversal,Com Vítimas Feridas,Pleno dia,Crescente,Céu Claro,Simples,Reta,Sim,3,0,2,0,1,0,2,2,-26.37092616,-48.70204099,SPRF-SC,DEL03-SC,UOP03-DEL03-SC,2024
"595449,0",2024-04-21,domingo,13:40:00,SC,101,"145,0",ITAPEMA,Reação tardia ou ineficiente do condutor,Colisão traseira,Com Vítimas Feridas,Pleno dia,Decrescente,Céu Claro,Múltipla,Reta,Sim,6,0,0,2,4,0,2,5,-27.08139206,-48.60130993,SPRF-SC,DEL04-SC,UOP03-DEL04-SC,2024
"595451,0",2024-04-21,domingo,12:20:00,SC,101,"298,0",LAGUNA,Condutor deixou de manter distância do veículo da frente,Colisão com objeto,Com Vítimas Feridas,Pleno dia,Crescente,Céu Claro,Dupla,Reta,Sim,4,0,1,0,3,0,1,2,-28.32102597,-48.72829906,SPRF-SC,DEL02-SC,UOP03-DEL02-SC,2024
"595452,0",2024-04-21,domingo,11:00:00,SC,470,"238,1",CURITIBANOS,Reação tardia ou ineficiente do condutor,Colisão traseira,Com Vítimas Feridas,Pleno dia,Crescente,Sol,Simples,Curva;Em Obras,Não,3,0,1,0,1,1,1,2,-27.304041,-50.464909,SPRF-SC,DEL05-SC,UOP03-DEL05-SC,2024
"595459,0",2024-04-21,domingo,14:50:00,SC,101,"131,0",BALNEARIO CAMBORIU,Reação tardia ou ineficiente do condutor,Colisão traseira,Com Vítimas Feridas,Pleno dia,Decrescente,Céu Claro,Dupla,Reta,Sim,2,0,1,0,1,0,1,2,-26.99064209,-48.66310912,SPRF-SC,DEL04-SC,UOP03-DEL04-SC,2024
"595461,0",2024-04-21,domingo,15:30:00,SC,101,"185,6",BIGUACU,Reação tardia ou ineficiente do condutor,Colisão traseira,Com Vítimas Feridas,Pleno dia,Crescente,Céu Claro,Dupla,Curva,Sim,3,0,2,0,1,0,2,2,-27.42536698,-48.62465876,SPRF-SC,DEL01-SC,UOP01-DEL01-SC,2024
"595484,0",2024-04-21,domingo,14:45:00,SC,470,"318,0",CAMPOS NOVOS,Velocidade Incompatível,Saída de leito carroçável,Com Vítimas Feridas,Pleno dia,Crescente,Céu Claro,Simples,Reta,Não,2,0,0,1,0,1,1,2,-27.408455,-51.214985,SPRF-SC,DEL07-SC,UOP06-DEL07-SC,2024
"595510,0",2024-04-21,domingo,17:30:00,SC,101,"309,4",LAGUNA,Velocidade Incompatível,Colisão com objeto,Com Vítimas Fatais,Anoitecer,Decrescente,Céu Claro,Múltipla,Reta,Sim,1,1,0,0,0,0,0,1,-28.4296376,-48.8033845,SPRF-SC,DEL02-SC,UOP01-DEL02-SC,2024
"595511,0",2024-04-21,domingo,19:40:00,SC,101,"143,0",ITAPEMA,Ingestão de álcool pelo condutor,Colisão lateral mesmo sentido,Sem Vítimas,Plena Noite,Decrescente,Céu Claro,Dupla,Reta,Sim,2,0,0,0,2,0,0,2,-27.06436,-48.59599405,SPRF-SC,DEL04-SC,UOP03-DEL04-SC,2024
"595518,0",2024-04-21,domingo,19:00:00,SC,101,"149,0",ITAPEMA,Reação tardia ou ineficiente do condutor,Colisão traseira,Com Vítimas Feridas,Plena Noite,Decrescente,Céu Claro,Dupla,Reta,Sim,2,0,1,0,1,0,1,2,-27.1089649,-48.61277586,SPRF-SC,DEL04-SC,UOP03-DEL04-SC,2024
"595521,0",2024-04-21,domingo,16:40:00,SC,282,"219,0",LAGES,Animais na Pista,Atropelamento de Animal,Com Vítimas Feridas,Pleno dia,Crescente,Céu Claro,Simples,Reta;Declive,Não,2,0,2,0,0,0,2,1,-27.795521,-50.323608,SPRF-SC,DEL05-SC,UOP01-DEL05-SC,2024
"595527,0",2024-04-21,domingo,16:00:00,SC,282,"567,7",NOVA ERECHIM,Acessar a via sem observar a presença dos outros veículos,Colisão transversal,Com Vítimas Feridas,Pleno dia,Crescente,Céu Claro,Dupla,Rotatória,Sim,2,0,0,1,1,0,1,2,-26.904472,-52.907639,SPRF-SC,DEL07-SC,UOP02-DEL07-SC,2024
"595535,0",2024-04-21,domingo,18:20:00,SC,116,"73,9",MONTE CASTELO,Ultrapassagem Indevida,Colisão frontal,Com Vítimas Feridas,Plena Noite,Crescente,Céu Claro,Simples,Curva,Não,3,0,0,1,2,0,1,3,-26.49609399,-50.23312331,SPRF-SC,DEL06-SC,UOP02-DEL06-SC,2024
"595567,0",2024-04-21,domingo,16:13:00,SC,285,"34,7",TIMBE DO SUL,Ausência de reação do condutor,Saída de leito carroçável,Com Vítimas Feridas,Pleno dia,Decrescente,Céu Claro,Simples,Interseção de Vias;Rotatória,Não,1,0,1,0,0,0,1,1,-28.82970204,-49.84057188,SPRF-SC,DEL02-SC,UOP02-DEL02-SC,2024
"595582,0",2024-04-22,segunda-feira,02:00:00,SC,116,"214,0",PONTE ALTA,Ausência de reação do condutor,Saída de leito carroçável,Com Vítimas Feridas,Plena Noite,Decrescente,Nublado,Simples,Reta,Não,1,0,1,0,0,0,1,1,-27.53188987,-50.37131713,SPRF-SC,DEL05-SC,UOP03-DEL05-SC,2024
"595593,0",2024-04-01,segunda-feira,17:00:00,SC,101,"139,0",BALNEARIO CAMBORIU,Manobra de mudança de faixa,Colisão lateral mesmo sentido,Com Vítimas Feridas,Pleno dia,Crescente,Céu Claro,Múltipla,Curva,Sim,2,0,1,0,1,0,1,2,-27.02982303,-48.60115006,SPRF-SC,DEL04-SC,UOP03-DEL04-SC,2024
"595596,0",2024-04-21,domingo,11:50:00,SC,282,"386,1",JOACABA,Suicídio (presumido),Saída de leito carroçável,Com Vítimas Feridas,Pleno dia,Decrescente,Sol,Simples,Curva;Declive,Não,1,0,0,1,0,0,1,1,-27.19229742,-51.51686132,SPRF-SC,DEL07-SC,UOP05-DEL07-SC,2024
"595602,0",2024-04-22,segunda-feira,02:10:00,SC,101,"132,0",BALNEARIO CAMBORIU,Velocidade Incompatível,Capotamento,Sem Vítimas,Plena Noite,Crescente,Céu Claro,Dupla,Reta,Sim,1,0,0,0,0,1,0,1,-26.99654133,-48.65564711,SPRF-SC,DEL04-SC,UOP03-DEL04-SC,2024
"595620,0",2024-04-22,segunda-feira,08:00:00,SC,280,"56,3",GUARAMIRIM,Manobra de mudança de faixa,Colisão lateral mesmo sentido,Com Vítimas Feridas,Pleno dia,Decrescente,Céu Claro,Dupla,Reta,Não,2,0,1,0,1,0,1,2,-26.47947677,-49.00298702,SPRF-SC,DEL03-SC,UOP03-DEL03-SC,2024
"595634,0",2024-04-22,segunda-feira,08:02:00,SC,101,"132,6",BALNEARIO CAMBORIU,Reação tardia ou ineficiente do condutor,Colisão lateral mesmo sentido,Com Vítimas Feridas,Pleno dia,Crescente,Céu Claro,Múltipla,Reta,Sim,3,0,1,0,2,0,1,3,-26.99654133,-48.65564711,SPRF-SC,DEL04-SC,UOP03-DEL04-SC,2024
"595635,0",2024-04-22,segunda-feira,08:16:00,SC,101,"203,6",SAO JOSE,Manobra de mudança de faixa,Colisão lateral mesmo sentido,Com Vítimas Feridas,Pleno dia,Crescente,Céu Claro,Múltipla,Reta,Sim,3,0,0,2,1,0,2,2,-27.5650044,-48.61460082,SPRF-SC,DEL01-SC,UOP01-DEL01-SC,2024
"595644,0",2024-04-22,segunda-feira,08:22:00,SC,101,"205,1",PENHA,Manobra de mudança de faixa,Colisão lateral mesmo sentido,Com Vítimas Feridas,Pleno dia,Crescente,Céu Claro,Dupla,Reta,Sim,2,0,1,0,0,1,1,2,-26.80215497,-48.67891041,SPRF-SC,DEL01-SC,UOP01-DEL01-SC,2024
"595658,0",2024-04-22,segunda-feira,06:40:00,SC,280,"113,5",SAO BENTO DO SUL,Condutor Dormindo,Saída de leito carroçável,Com Vítimas Feridas,Amanhecer,Crescente,Nevoeiro/Neblina,Simples,Reta,Não,1,0,0,1,0,0,1,1,-26.29873518,-49.39799743,SPRF-SC,DEL06-SC,UOP03-DEL06-SC,2024
"595662,0",2024-04-22,segunda-feira,11:15:00,SC,101,"252,9",PAULO LOPES,Reação tardia ou ineficiente do condutor,Saída de leito carroçável,Com Vítimas Feridas,Pleno dia,Crescente,Céu Claro,Simples,Curva;Interseção de Vias,Não,2,0,2,0,0,0,2,1,-27.96605966,-48.6799854,SPRF-SC,DEL02-SC,UOP03-DEL02-SC,2024
"595675,0",2024-04-22,segunda-feira,12:00:00,SC,470,"33,1",GASPAR,Acessar a via sem observar a presença dos outros veículos,Colisão lateral mesmo sentido,Com Vítimas Feridas,Pleno dia,Crescente,Céu Claro,Simples,Reta,Sim,3,0,2,0,1,0,2,2,-26.906223,-48.940575,SPRF-SC,DEL04-SC,UOP01-DEL04-SC,2024
"595684,0",2024-04-22,segunda-feira,08:40:00,SC,163,"72,0",SAO MIGUEL DO OESTE,Acessar a via sem observar a presença dos outros veículos,Colisão transversal,Com Vítimas Feridas,Pleno dia,Decrescente,Céu Claro,Dupla,Reta,Sim,2,0,1,0,1,0,1,2,-26.71908804,-53.5157791,SPRF-SC,DEL07-SC,UOP03-DEL07-SC,2024
"595699,0",2024-04-22,segunda-feira,14:20:00,SC,101,"38,0",JOINVILLE,Desrespeitar a preferência no cruzamento,Colisão transversal,Com Vítimas Feridas,Pleno dia,Decrescente,Sol,Simples,Interseção de Vias,Sim,2,0,1,0,1,0,1,2,-26.29643241,-48.8838011,SPRF-SC,DEL03-SC,UOP01-DEL03-SC,2024
"595711,0",2024-04-22,segunda-feira,15:00:00,SC,282,"529,0",XAXIM,Reação tardia ou ineficiente do condutor,Colisão traseira,Sem Vítimas,Pleno dia,Decrescente,Garoa/Chuvisco,Simples,Curva,Não,2,0,0,0,2,0,0,2,-26.982185,-52.59734,SPRF-SC,DEL07-SC,UOP01-DEL07-SC,2024
"595714,0",2024-04-22,segunda-feira,16:45:00,SC,282,"16,5",PALHOCA,Trafegar com motocicleta (ou similar) entre as faixas,Atropelamento de Pedestre,Com Vítimas Feridas,Pleno dia,Decrescente,Céu Claro,Simples,Reta,Sim,2,0,1,0,1,0,1,2,-27.658611,-48.681847,SPRF-SC,DEL01-SC,UOP02-DEL01-SC,2024
"595720,0",2024-04-21,domingo,14:00:00,SC,101,"133,7",BALNEARIO CAMBORIU,Frear bruscamente,Colisão traseira,Com Vítimas Feridas,Pleno dia,Decrescente,Céu Claro,Dupla,Reta,Sim,4,0,2,0,2,0,2,2,-26.99936,-48.64609,SPRF-SC,DEL04-SC,UOP03-DEL04-SC,2024
"595728,0",2024-04-22,segunda-feira,18:10:00,SC,282,"2,6",SAO JOSE,Trafegar com motocicleta (ou similar) entre as faixas,Colisão lateral mesmo sentido,Com Vítimas Feridas,Plena Noite,Crescente,Céu Claro,Múltipla,Reta,Sim,2,0,1,0,1,0,1,2,-27.603289,-48.590416,SPRF-SC,DEL01-SC,UOP01-DEL01-SC,2024
"595736,0",2024-04-22,segunda-feira,15:30:00,SC,470,"173,0",POUSO REDONDO,Desrespeitar a preferência no cruzamento,Colisão transversal,Com Vítimas Feridas,Pleno dia,Crescente,Céu Claro,Simples,Viaduto;Interseção de Vias,Não,2,0,0,1,1,0,1,2,-27.25984,-49.919285,SPRF-SC,DEL04-SC,UOP02-DEL04-SC,2024
"595742,0",2024-04-22,segunda-feira,15:50:00,SC,280,"6,5",SAO FRANCISCO DO SUL,Conversão proibida,Colisão transversal,Com Vítimas Feridas,Pleno dia,Crescente,Céu Claro,Simples,Reta,Não,2,0,1,0,1,0,1,2,-26.26569095,-48.63361804,SPRF-SC,DEL03-SC,UOP03-DEL03-SC,2024
"595746,0",2024-04-22,segunda-feira,17:30:00,SC,280,"51,0",GUARAMIRIM,Acessar a via sem observar a presença dos outros veículos,Colisão transversal,Com Vítimas Feridas,Anoitecer,Crescente,Nublado,Dupla,Interseção de Vias,Não,2,0,1,0,1,0,1,2,-26.46719234,-48.96057129,SPRF-SC,DEL03-SC,UOP03-DEL03-SC,2024
"595752,0",2024-04-22,segunda-feira,19:30:00,SC,282,"4,4",FLORIANOPOLIS,Trafegar com motocicleta (ou similar) entre as faixas,Colisão traseira,Com Vítimas Feridas,Plena Noite,Crescente,Céu Claro,Múltipla,Reta;Declive,Sim,2,0,1,0,1,0,1,2,-27.592646,-48.604034,SPRF-SC,DEL01-SC,UOP01-DEL01-SC,2024
"595764,0",2024-04-22,segunda-feira,20:10:00,SC,101,"333,0",TUBARAO,Acumulo de areia ou detritos sobre o pavimento,Tombamento,Com Vítimas Feridas,Plena Noite,Decrescente,Céu Claro,Dupla,Interseção de Vias;Rotatória;Curva,Sim,1,0,1,0,0,0,1,1,-28.46630107,-48.99653096,SPRF-SC,DEL02-SC,UOP01-DEL02-SC,2024
"595788,0",2024-04-23,terça-feira,01:10:00,SC,101,"212,5",PALHOCA,Reação tardia ou ineficiente do condutor,Tombamento,Com Vítimas Feridas,Plena Noite,Crescente,Nublado,Múltipla,Reta,Sim,1,0,0,1,0,0,1,1,-27.62996929,-48.65903871,SPRF-SC,DEL01-SC,UOP02-DEL01-SC,2024
"595791,0",2024-04-23,terça-feira,00:50:00,SC,101,"306,7",LAGUNA,Ausência de reação do condutor,Colisão com objeto,Com Vítimas Feridas,Plena Noite,Crescente,Céu Claro,Dupla,Curva,Não,1,0,0,1,0,0,1,1,-28.40573452,-48.79086256,SPRF-SC,DEL02-SC,UOP03-DEL02-SC,2024
"595801,0",2024-04-23,terça-feira,07:10:00,SC,470,"67,7",INDAIAL,Acessar a via sem observar a presença dos outros veículos,Colisão transversal,Com Vítimas Feridas,Pleno dia,Decrescente,Céu Claro,Simples,Interseção de Vias;Viaduto,Sim,2,0,1,0,1,0,1,2,-26.872158,-49.23127,SPRF-SC,DEL04-SC,UOP01-DEL04-SC,2024
"595809,0",2024-04-23,terça-feira,08:00:00,SC,280,"164,5",MAFRA,Acessar a via sem observar a presença dos outros veículos,Colisão transversal,Com Vítimas Feridas,Pleno dia,Decrescente,Céu Claro,Simples,Reta,Sim,2,0,1,0,1,0,1,2,-26.19131398,-49.80487298,SPRF-SC,DEL06-SC,UOP01-DEL06-SC,2024
"595815,0",2024-04-23,terça-feira,07:35:00,SC,280,"115,6",SAO BENTO DO SUL,Acessar a via sem observar a presença dos outros veículos,Colisão transversal,Com Vítimas Feridas,Amanhecer,Crescente,Céu Claro,Simples,Reta;Rotatória,Não,2,0,1,0,1,0,1,2,-26.284761,-49.408313,SPRF-SC,DEL06-SC,UOP03-DEL06-SC,2024
"595823,0",2024-04-23,terça-feira,07:10:00,SC,280,"79,9",CORUPA,Condutor deixou de manter distância do veículo da frente,Colisão lateral mesmo sentido,Com Vítimas Feridas,Pleno dia,Crescente,Céu Claro,Simples,Retorno Regulamentado;Rotatória,Não,2,0,1,0,1,0,1,2,-26.44657315,-49.20157809,SPRF-SC,DEL06-SC,UOP03-DEL06-SC,2024
"595830,0",2024-04-23,terça-feira,10:10:00,SC,282,"23,2",SANTO AMARO DA IMPERATRIZ,Conversão proibida,Colisão lateral mesmo sentido,Com Vítimas Feridas,Pleno dia,Crescente,Céu Claro,Simples,Reta,Sim,2,0,1,0,1,0,1,2,-27.687958,-48.736794,SPRF-SC,DEL01-SC,UOP02-DEL01-SC,2024
"595845,0",2024-04-23,terça-feira,12:00:00,SC,101,"199,0",BIGUACU,Ausência de reação do condutor,Colisão traseira,Com Vítimas Feridas,Pleno dia,Crescente,Céu Claro,Múltipla,Interseção de Vias;Reta,Sim,2,0,1,0,1,0,1,2,-27.53413705,-48.63003205,SPRF-SC,DEL01-SC,UOP01-DEL01-SC,2024
"595853,0",2024-04-23,terça-feira,13:00:00,SC,101,"95,0",BARRA VELHA,Manobra de mudança de faixa,Colisão transversal,Com Vítimas Feridas,Pleno dia,Decrescente,Sol,Múltipla,Reta,Não,3,0,2,0,0,1,2,2,-26.70876413,-48.70221065,SPRF-SC,DEL03-SC,UOP02-DEL03-SC,2024
"595871,0",2024-04-23,terça-feira,15:00:00,SC,101,"119,8",ITAJAI,Ausência de reação do condutor,Tombamento,Com Vítimas Feridas,Pleno dia,Decrescente,Nublado,Dupla,Reta,Não,1,0,1,0,0,0,1,1,-26.9043179,-48.71555481,SPRF-SC,DEL04-SC,UOP04-DEL04-SC,2024