id,data_inversa,dia_semana,horario,uf,br,km,municipio,causa_acidente,tipo_acidente,classificacao_acidente,fase_dia,sentido_via,condicao_metereologica,tipo_pista,tracado_via,uso_solo,pessoas,mortos,feridos_leves,feridos_graves,ilesos,ignorados,feridos,veiculos,latitude,longitude,regional,delegacia,uop,ano_arquivo
"595887,0",2024-04-23,terça-feira,17:00:00,SC,101,"206,0",SAO JOSE,Reação tardia ou ineficiente do condutor,Colisão traseira,Sem Vítimas,Pleno dia,Decrescente,Céu Claro,Múltipla,Reta,Não,3,0,0,0,3,0,0,2,-27.59040081,-48.61769915,SPRF-SC,DEL01-SC,UOP01-DEL01-SC,2024
"595913,0",2024-04-23,terça-feira,19:25:00,SC,101,"216,0",PALHOCA,Reação tardia ou ineficiente do condutor,Colisão traseira,Com Vítimas Feridas,Plena Noite,Decrescente,Céu Claro,Dupla,Reta,Sim,2,0,1,0,1,0,1,2,-27.65981409,-48.67747798,SPRF-SC,DEL01-SC,UOP02-DEL01-SC,2024
"595928,0",2024-04-23,terça-feira,19:15:00,SC,101,"43,8",JOINVILLE,Acessar a via sem observar a presença dos outros veículos,Colisão transversal,Com Vítimas Feridas,Anoitecer,Crescente,Céu Claro,Simples,Reta,Sim,2,0,0,1,1,0,1,2,-26.30357106,-48.88225609,SPRF-SC,DEL03-SC,UOP01-DEL03-SC,2024
"595967,0",2024-04-24,quarta-feira,05:20:00,SC,470,"48,0",BLUMENAU,Ausência de reação do condutor,Colisão com objeto,Com Vítimas Feridas,Amanhecer,Crescente,Céu Claro,Simples,Curva,Não,1,0,1,0,0,0,1,1,-26.859823,-49.055393,SPRF-SC,DEL04-SC,UOP01-DEL04-SC,2024
"595976,0",2024-04-24,quarta-feira,02:00:00,SC,101,"458,0",SAO JOAO DO SUL,Reação tardia ou ineficiente do condutor,Colisão com objeto,Com Vítimas Feridas,Plena Noite,Decrescente,Ignorado,Múltipla,Reta,Não,2,0,1,0,1,0,1,1,-29.244,-49.754,SPRF-SC,DEL02-SC,UOP02-DEL02-SC,2024
"595977,0",2024-04-23,terça-feira,20:00:00,SC,153,"71,9",IRANI,Ausência de reação do condutor,Capotamento,Com Vítimas Feridas,Plena Noite,Crescente,Nevoeiro/Neblina,Simples,Declive;Curva,Não,1,0,1,0,0,0,1,1,-27.05794,-51.890205,SPRF-SC,DEL07-SC,UOP04-DEL07-SC,2024
"595986,0",2024-04-23,terça-feira,13:00:00,SC,470,"181,0",POUSO REDONDO,Velocidade Incompatível,Saída de leito carroçável,Com Vítimas Feridas,Pleno dia,Crescente,Chuva,Simples,Curva,Não,2,0,1,1,0,0,2,1,-27.251818,-49.996815,SPRF-SC,DEL04-SC,UOP02-DEL04-SC,2024
"595991,0",2024-04-19,sexta-feira,07:30:00,SC,470,"99,0",APIUNA,Conversão proibida,Colisão lateral mesmo sentido,Com Vítimas Feridas,Pleno dia,Crescente,Céu Claro,Simples,Curva,Sim,2,0,2,0,0,0,2,2,-27.037956,-49.393417,SPRF-SC,DEL04-SC,UOP02-DEL04-SC,2024
"596011,0",2024-04-13,sábado,04:15:00,SC,101,"196,1",BIGUACU,Animais na Pista,Atropelamento de Animal,Sem Vítimas,Plena Noite,Crescente,Chuva,Dupla,Reta,Sim,1,0,0,0,1,0,0,1,-27.51101091,-48.64322292,SPRF-SC,DEL01-SC,UOP01-DEL01-SC,2024
"596033,0",2024-04-24,quarta-feira,07:40:00,SC,470,"246,3",CURITIBANOS,Manobra de mudança de faixa,Colisão lateral mesmo sentido,Com Vítimas Feridas,Pleno dia,Decrescente,Nublado,Simples,Reta,Sim,2,0,1,0,1,0,1,2,-27.315086,-50.532715,SPRF-SC,DEL05-SC,UOP03-DEL05-SC,2024
"596101,0",2024-04-24,quarta-feira,16:45:00,SC,101,"121,2",ITAJAI,Manobra de mudança de faixa,Colisão traseira,Com Vítimas Feridas,Pleno dia,Decrescente,Céu Claro,Múltipla,Reta,Não,2,0,1,0,1,0,1,2,-26.92103178,-48.70856446,SPRF-SC,DEL04-SC,UOP04-DEL04-SC,2024
"596102,0",2024-04-24,quarta-feira,15:00:00,SC,282,"97,2",ALFREDO WAGNER,Velocidade Incompatível,Colisão frontal,Com Vítimas Feridas,Pleno dia,Decrescente,Nublado,Simples,Reta,Não,4,0,2,0,1,1,2,3,-27.707966,-49.272182,SPRF-SC,DEL01-SC,UOP03-DEL01-SC,2024
"596108,0",2024-04-24,quarta-feira,16:50:00,SC,101,"340,8",TUBARAO,Pedestre cruzava a pista fora da faixa,Atropelamento de Pedestre,Com Vítimas Feridas,Pleno dia,Decrescente,Chuva,Dupla,Reta,Sim,2,0,0,1,1,0,1,2,-28.501444,-49.04690399,SPRF-SC,DEL02-SC,UOP01-DEL02-SC,2024
"596140,0",2024-04-24,quarta-feira,18:15:00,SC,282,"504,1",XANXERE,Ausência de reação do condutor,Colisão com objeto,Com Vítimas Feridas,Plena Noite,Decrescente,Nublado,Dupla,Reta,Sim,1,0,1,0,0,0,1,1,-26.884279,-52.408466,SPRF-SC,DEL07-SC,UOP01-DEL07-SC,2024
"596147,0",2024-04-24,quarta-feira,19:48:00,SC,101,"149,0",ITAPEMA,Reação tardia ou ineficiente do condutor,Tombamento,Com Vítimas Feridas,Plena Noite,Decrescente,Céu Claro,Múltipla,Reta,Sim,1,0,1,0,0,0,1,1,-27.1089649,-48.61277586,SPRF-SC,DEL04-SC,UOP03-DEL04-SC,2024
"596149,0",2024-04-24,quarta-feira,21:05:00,SC,280,"115,6",SAO BENTO DO SUL,Reação tardia ou ineficiente do condutor,Saída de leito carroçável,Sem Vítimas,Plena Noite,Decrescente,Garoa/Chuvisco,Simples,Retorno Regulamentado;Interseção de Vias,Sim,1,0,0,0,0,1,0,1,-26.284761,-49.408313,SPRF-SC,DEL06-SC,UOP03-DEL06-SC,2024
"596154,0",2024-04-24,quarta-feira,21:40:00,SC,101,"149,0",ITAPEMA,Manobra de mudança de faixa,Colisão lateral mesmo sentido,Com Vítimas Feridas,Plena Noite,Decrescente,Céu Claro,Dupla,Reta,Sim,3,0,2,0,1,0,2,2,-27.1089649,-48.61277586,SPRF-SC,DEL04-SC,UOP03-DEL04-SC,2024
"596167,0",2024-04-25,quinta-feira,00:30:00,SC,280,"127,2",RIO NEGRINHO,Desrespeitar a preferência no cruzamento,Colisão lateral mesmo sentido,Com Vítimas Feridas,Plena Noite,Crescente,Garoa/Chuvisco,Simples,Interseção de Vias;Aclive;Reta,Sim,3,0,1,1,1,0,2,2,-26.23984515,-49.50631499,SPRF-SC,DEL06-SC,UOP03-DEL06-SC,2024
"596175,0",2024-04-25,quinta-feira,03:28:00,SC,101,"21,0",JOINVILLE,Ingestão de álcool pelo condutor,Colisão com objeto,Sem Vítimas,Plena Noite,Crescente,Garoa/Chuvisco,Dupla,Reta;Aclive,Não,1,0,0,0,1,0,0,1,-26.14793022,-48.90894562,SPRF-SC,DEL03-SC,UOP01-DEL03-SC,2024
"596185,0",2024-04-25,quinta-feira,05:00:00,SC,470,"70,3",INDAIAL,Transitar na contramão,Colisão frontal,Com Vítimas Feridas,Amanhecer,Crescente,Garoa/Chuvisco,Simples,Reta,Não,2,0,2,0,0,0,2,2,-26.889374,-49.254478,SPRF-SC,DEL04-SC,UOP01-DEL04-SC,2024
"596200,0",2024-03-23,sábado,16:10:00,SC,153,"77,9",IRANI,Ingestão de álcool pelo condutor,Atropelamento de Pedestre,Com Vítimas Fatais,Pleno dia,Decrescente,Céu Claro,Simples,Declive;Reta,Não,2,1,0,0,1,0,0,2,-27.1095008,-51.9055417,SPRF-SC,DEL07-SC,UOP04-DEL07-SC,2024
"596209,0",2024-04-25,quinta-feira,08:15:00,SC,101,"217,1",PALHOCA,Reação tardia ou ineficiente do condutor,Colisão traseira,Com Vítimas Feridas,Pleno dia,Decrescente,Garoa/Chuvisco,Dupla,Reta,Sim,2,0,1,0,1,0,1,2,-27.66779034,-48.67393586,SPRF-SC,DEL01-SC,UOP02-DEL01-SC,2024
"596227,0",2024-04-25,quinta-feira,07:40:00,SC,101,"127,9",ITAJAI,Condutor deixou de manter distância do veículo da frente,Colisão traseira,Com Vítimas Feridas,Pleno dia,Crescente,Nublado,Dupla,Reta,Não,2,0,1,0,1,0,1,2,-26.9639319,-48.68328024,SPRF-SC,DEL04-SC,UOP04-DEL04-SC,2024
"596316,0",2024-04-25,quinta-feira,15:30:00,SC,101,"112,0",ITAJAI,Trafegar com motocicleta (ou similar) entre as faixas,Colisão lateral mesmo sentido,Com Vítimas Feridas,Pleno dia,Decrescente,Garoa/Chuvisco,Dupla,Reta,Sim,2,0,1,0,1,0,1,2,-26.84589005,-48.72131295,SPRF-SC,DEL04-SC,UOP04-DEL04-SC,2024
"596332,0",2024-04-25,quinta-feira,18:40:00,SC,101,"195,9",BIGUACU,Reação tardia ou ineficiente do condutor,Engavetamento,Sem Vítimas,Plena Noite,Crescente,Céu Claro,Múltipla,Reta,Sim,6,0,0,0,6,0,0,3,-27.5047092,-48.65010819,SPRF-SC,DEL01-SC,UOP01-DEL01-SC,2024
"596337,0",2024-04-25,quinta-feira,18:50:00,SC,101,"212,0",PALHOCA,Ingestão de substâncias psicoativas pelo condutor,Colisão lateral mesmo sentido,Com Vítimas Feridas,Plena Noite,Crescente,Nublado,Dupla,Reta;Viaduto,Sim,3,0,1,0,2,0,1,3,-27.62996929,-48.65903871,SPRF-SC,DEL01-SC,UOP02-DEL01-SC,2024
"596339,0",2024-04-25,quinta-feira,17:05:00,SC,101,"170,5",TIJUCAS,Reação tardia ou ineficiente do condutor,Tombamento,Com Vítimas Feridas,Anoitecer,Crescente,Nublado,Dupla,Reta,Sim,1,0,1,0,0,0,1,1,-27.29669601,-48.63147594,SPRF-SC,DEL04-SC,UOP03-DEL04-SC,2024
"596350,0",2024-04-25,quinta-feira,17:35:00,SC,116,"52,1",PAPANDUVA,Acessar a via sem observar a presença dos outros veículos,Colisão transversal,Com Vítimas Feridas,Anoitecer,Decrescente,Céu Claro,Simples,Aclive;Reta,Sim,8,0,4,0,4,0,4,2,-26.39008273,-50.14576709,SPRF-SC,DEL06-SC,UOP01-DEL06-SC,2024
"596359,0",2024-04-25,quinta-feira,20:10:00,SC,101,"201,0",SAO JOSE,Ausência de reação do condutor,Colisão com objeto,Sem Vítimas,Plena Noite,Decrescente,Nublado,Dupla,Reta,Sim,1,0,0,0,1,0,0,1,-27.54836599,-48.61977975,SPRF-SC,DEL01-SC,UOP01-DEL01-SC,2024
"596365,0",2024-04-25,quinta-feira,21:30:00,SC,280,"69,0",JARAGUA DO SUL,Transitar na contramão,Colisão lateral sentido oposto,Com Vítimas Feridas,Plena Noite,Crescente,Garoa/Chuvisco,Simples,Reta;Viaduto,Não,5,0,3,0,2,0,3,3,-26.46803296,-49.11833097,SPRF-SC,DEL03-SC,UOP03-DEL03-SC,2024
"596413,0",2024-04-26,sexta-feira,07:25:00,SC,116,"250,2",LAGES,Ausência de reação do condutor,Colisão traseira,Com Vítimas Feridas,Pleno dia,Crescente,Nublado,Simples,Declive;Desvio Temporário;Reta;Em Obras,Não,3,0,1,0,2,0,1,2,-27.83626507,-50.38045026,SPRF-SC,DEL05-SC,UOP02-DEL05-SC,2024
"596420,0",2024-03-25,segunda-feira,08:10:00,SC,282,"209,0",LAGES,Ultrapassagem Indevida,Colisão frontal,Com Vítimas Feridas,Pleno dia,Crescente,Céu Claro,Simples,Declive;Reta,Não,3,0,1,1,1,0,2,2,-27.776926,-50.221893,SPRF-SC,DEL05-SC,UOP01-DEL05-SC,2024
"596470,0",2024-04-26,sexta-feira,10:15:00,SC,101,"195,0",BIGUACU,Condutor deixou de manter distância do veículo da frente,Colisão traseira,Sem Vítimas,Pleno dia,Decrescente,Nublado,Dupla,Reta,Sim,2,0,0,0,2,0,0,2,-27.5047092,-48.65010819,SPRF-SC,DEL01-SC,UOP01-DEL01-SC,2024
"596513,0",2024-04-26,sexta-feira,15:40:00,SC,280,"128,1",RIO NEGRINHO,Acessar a via sem observar a presença dos outros veículos,Colisão transversal,Com Vítimas Feridas,Pleno dia,Crescente,Céu Claro,Simples,Reta,Não,2,0,1,0,1,0,1,2,-26.24317941,-49.51320018,SPRF-SC,DEL06-SC,UOP03-DEL06-SC,2024
"596520,0",2024-04-26,sexta-feira,16:15:00,SC,101,"201,6",SAO JOSE,Manobra de mudança de faixa,Colisão lateral mesmo sentido,Com Vítimas Feridas,Pleno dia,Decrescente,Céu Claro,Múltipla,Reta,Sim,3,0,1,1,1,0,2,2,-27.54836599,-48.61977975,SPRF-SC,DEL01-SC,UOP01-DEL01-SC,2024
"596530,0",2024-04-26,sexta-feira,17:30:00,SC,282,"17,5",PALHOCA,Trafegar com motocicleta (ou similar) entre as faixas,Colisão transversal,Com Vítimas Feridas,Anoitecer,Crescente,Céu Claro,Simples,Reta,Sim,2,0,1,0,1,0,1,2,-27.665707,-48.688065,SPRF-SC,DEL01-SC,UOP02-DEL01-SC,2024
"596537,0",2024-04-26,sexta-feira,17:30:00,SC,470,"125,2",LONTRAS,Acessar a via sem observar a presença dos outros veículos,Colisão transversal,Com Vítimas Feridas,Pleno dia,Crescente,Céu Claro,Simples,Reta,Não,1,0,1,0,0,0,1,1,-27.120506,-49.534946,SPRF-SC,DEL04-SC,UOP02-DEL04-SC,2024
"596543,0",2024-04-26,sexta-feira,18:00:00,SC,282,"17,5",PALHOCA,Acessar a via sem observar a presença dos outros veículos,Colisão transversal,Com Vítimas Feridas,Anoitecer,Crescente,Nublado,Simples,Interseção de Vias;Reta,Sim,5,0,4,0,1,0,4,2,-27.665707,-48.688065,SPRF-SC,DEL01-SC,UOP02-DEL01-SC,2024
"596545,0",2024-04-26,sexta-feira,17:25:00,SC,101,"118,0",ITAJAI,Ingestão de álcool pelo condutor,Colisão traseira,Sem Vítimas,Anoitecer,Decrescente,Céu Claro,Dupla,Reta,Não,2,0,0,0,2,0,0,2,-26.895859,-48.71903,SPRF-SC,DEL04-SC,UOP04-DEL04-SC,2024
"596547,0",2024-04-26,sexta-feira,15:50:00,SC,101,"157,9",PORTO BELO,Manobra de mudança de faixa,Colisão lateral mesmo sentido,Com Vítimas Feridas,Pleno dia,Decrescente,Nublado,Múltipla,Reta,Sim,2,0,1,0,1,0,1,2,-27.181625,-48.6121179,SPRF-SC,DEL04-SC,UOP03-DEL04-SC,2024
"596559,0",2024-04-26,sexta-feira,17:50:00,SC,163,"69,8",SAO MIGUEL DO OESTE,Pedestre cruzava a pista fora da faixa,Atropelamento de Pedestre,Com Vítimas Feridas,Anoitecer,Decrescente,Nublado,Dupla,Reta;Interseção de Vias;Declive,Sim,2,0,0,2,0,0,2,2,-26.74132699,-53.50120591,SPRF-SC,DEL07-SC,UOP03-DEL07-SC,2024
"596560,0",2024-04-26,sexta-feira,18:10:00,SC,280,"162,0",MAFRA,Conversão proibida,Colisão transversal,Com Vítimas Feridas,Plena Noite,Crescente,Céu Claro,Simples,Reta,Não,5,0,3,1,1,0,4,2,-26.20386631,-49.79088509,SPRF-SC,DEL06-SC,UOP03-DEL06-SC,2024
"596567,0",2024-04-26,sexta-feira,18:35:00,SC,101,"197,6",SAO JOSE,Ingestão de álcool pelo condutor,Colisão traseira,Sem Vítimas,Anoitecer,Crescente,Céu Claro,Dupla,Curva,Sim,16,0,0,0,15,1,0,8,-27.51844497,-48.63848496,SPRF-SC,DEL01-SC,UOP01-DEL01-SC,2024
"596568,0",2024-04-26,sexta-feira,19:30:00,SC,101,"135,0",BALNEARIO CAMBORIU,Condutor deixou de manter distância do veículo da frente,Colisão traseira,Com Vítimas Feridas,Plena Noite,Crescente,Céu Claro,Dupla,Reta,Sim,4,0,0,2,2,0,2,3,-27.0050108,-48.62677494,SPRF-SC,DEL04-SC,UOP03-DEL04-SC,2024
"596592,0",2024-04-26,sexta-feira,19:05:00,SC,470,"138,2",RIO DO SUL,Acessar a via sem observar a presença dos outros veículos,Colisão transversal,Com Vítimas Feridas,Plena Noite,Crescente,Garoa/Chuvisco,Simples,Interseção de Vias,Sim,2,0,0,1,1,0,1,2,-27.207214,-49.648476,SPRF-SC,DEL04-SC,UOP02-DEL04-SC,2024
"596628,0",2024-04-27,sábado,00:50:00,SC,282,"206,0",LAGES,Velocidade Incompatível,Atropelamento de Animal,Sem Vítimas,Plena Noite,Crescente,Garoa/Chuvisco,Simples,Reta;Aclive,Não,1,0,0,0,1,0,0,1,-27.771982,-50.192139,SPRF-SC,DEL05-SC,UOP01-DEL05-SC,2024
"596631,0",2024-04-27,sábado,00:40:00,SC,480,"126,3",CHAPECO,Animais na Pista,Atropelamento de Animal,Sem Vítimas,Plena Noite,Crescente,Céu Claro,Dupla,Reta,Sim,1,0,0,0,0,1,0,1,-27.020083,-52.636024,SPRF-SC,DEL07-SC,UOP01-DEL07-SC,2024
"596632,0",2024-04-27,sábado,00:20:00,SC,282,"69,0",RANCHO QUEIMADO,Velocidade Incompatível,Saída de leito carroçável,Com Vítimas Feridas,Plena Noite,Decrescente,Nevoeiro/Neblina,Simples,Curva;Declive,Não,1,0,1,0,0,0,1,1,-27.690144,-49.083813,SPRF-SC,DEL01-SC,UOP03-DEL01-SC,2024
"596645,0",2024-04-27,sábado,03:20:00,SC,101,"195,9",BIGUACU,Demais falhas mecânicas ou elétricas,Incêndio,Sem Vítimas,Plena Noite,Crescente,Céu Claro,Dupla,Reta,Sim,1,0,0,0,1,0,0,1,-27.5047092,-48.65010819,SPRF-SC,DEL01-SC,UOP01-DEL01-SC,2024
"596667,0",2024-04-27,sábado,05:50:00,SC,280,"237,0",CANOINHAS,Ausência de reação do condutor,Saída de leito carroçável,Sem Vítimas,Amanhecer,Decrescente,Nublado,Simples,Reta,Não,1,0,0,0,0,1,0,1,-26.19844599,-50.43216601,SPRF-SC,DEL06-SC,UOP04-DEL06-SC,2024
"596668,0",2024-04-27,sábado,06:30:00,SC,101,"152,5",PORTO BELO,Reação tardia ou ineficiente do condutor,Queda de ocupante de veículo,Com Vítimas Feridas,Pleno dia,Decrescente,Céu Claro,Múltipla,Reta,Sim,1,0,1,0,0,0,1,1,-27.13563503,-48.61004665,SPRF-SC,DEL04-SC,UOP03-DEL04-SC,2024
"596695,0",2024-04-27,sábado,09:20:00,SC,282,"16,5",PALHOCA,Manobra de mudança de faixa,Colisão lateral mesmo sentido,Com Vítimas Feridas,Pleno dia,Decrescente,Céu Claro,Simples,Reta,Sim,3,0,1,0,2,0,1,2,-27.658611,-48.681847,SPRF-SC,DEL01-SC,UOP02-DEL01-SC,2024
"596697,0",2024-04-27,sábado,06:18:00,SC,282,"407,5",CATANDUVAS,Ingestão de álcool pelo condutor,Colisão frontal,Com Vítimas Fatais,Amanhecer,Decrescente,Céu Claro,Simples,Curva;Declive,Não,7,1,1,0,4,1,1,2,-27.086405,-51.661671,SPRF-SC,DEL07-SC,UOP05-DEL07-SC,2024
"596707,0",2024-04-27,sábado,10:25:00,SC,101,"203,8",SAO JOSE,Acessar a via sem observar a presença dos outros veículos,Colisão transversal,Com Vítimas Feridas,Pleno dia,Decrescente,Sol,Simples,Viaduto,Sim,2,0,1,0,0,1,1,2,-27.5650044,-48.61460082,SPRF-SC,DEL01-SC,UOP01-DEL01-SC,2024
"596713,0",2024-04-27,sábado,10:55:00,SC,101,"206,0",SAO JOSE,Reação tardia ou ineficiente do condutor,Colisão traseira,Com Vítimas Feridas,Pleno dia,Crescente,Céu Claro,Múltipla,Reta;Aclive,Sim,2,0,1,0,1,0,1,2,-27.59193546,-48.61824557,SPRF-SC,DEL01-SC,UOP01-DEL01-SC,2024
"596724,0",2024-04-27,sábado,10:15:00,SC,101,"425,2",ARARANGUA,Desrespeitar a preferência no cruzamento,Colisão transversal,Com Vítimas Feridas,Pleno dia,Decrescente,Sol,Simples,Interseção de Vias,Sim,3,0,1,1,0,1,2,2,-29.02640728,-49.60068583,SPRF-SC,DEL02-SC,UOP02-DEL02-SC,2024
"596731,0",2024-03-16,sábado,16:55:00,SC,101,"215,0",PALHOCA,Reação tardia ou ineficiente do condutor,Colisão com objeto,Com Vítimas Feridas,Pleno dia,Decrescente,Céu Claro,Múltipla,Reta,Não,2,0,1,0,1,0,1,2,-27.6951116,-48.661823,SPRF-SC,DEL01-SC,UOP02-DEL01-SC,2024
"596744,0",2024-04-27,sábado,11:15:00,SC,116,"219,2",CORREIA PINTO,Acessar a via sem observar a presença dos outros veículos,Colisão lateral mesmo sentido,Com Vítimas Feridas,Pleno dia,Crescente,Sol,Simples,Reta;Aclive,Não,2,0,0,1,0,1,1,2,-27.57012897,-50.37318791,SPRF-SC,DEL05-SC,UOP03-DEL05-SC,2024
"596759,0",2024-04-27,sábado,15:45:00,SC,282,"48,0",AGUAS MORNAS,Problema com o freio,Saída de leito carroçável,Com Vítimas Feridas,Pleno dia,Decrescente,Céu Claro,Simples,Curva,Não,1,0,1,0,0,0,1,1,-27.714352,-48.938072,SPRF-SC,DEL01-SC,UOP03-DEL01-SC,2024
"596762,0",2024-04-27,sábado,16:34:00,SC,282,"27,0",SANTO AMARO DA IMPERATRIZ,Ingestão de álcool pelo condutor,Colisão transversal,Sem Vítimas,Anoitecer,Decrescente,Céu Claro,Simples,Reta,Sim,2,0,0,0,2,0,0,2,-27.673981,-48.769676,SPRF-SC,DEL01-SC,UOP03-DEL01-SC,2024
"596771,0",2024-04-27,sábado,16:30:00,SC,101,"51,0",JOINVILLE,Ausência de reação do condutor,Queda de ocupante de veículo,Com Vítimas Feridas,Pleno dia,Decrescente,Céu Claro,Dupla,Reta,Não,1,0,1,0,0,0,1,1,-26.38506771,-48.84917582,SPRF-SC,DEL03-SC,UOP01-DEL03-SC,2024
"596810,0",2024-04-27,sábado,21:45:00,SC,470,"92,3",APIUNA,Ingestão de álcool pelo condutor,Colisão com objeto,Com Vítimas Feridas,Plena Noite,Decrescente,Nublado,Simples,Reta,Sim,1,0,0,1,0,0,1,1,-26.98592,-49.373047,SPRF-SC,DEL04-SC,UOP01-DEL04-SC,2024
"596826,0",2024-04-27,sábado,19:55:00,SC,282,"232,7",LAGES,Conversão proibida,Colisão transversal,Com Vítimas Feridas,Plena Noite,Decrescente,Nublado,Simples,Reta,Não,2,0,1,0,0,1,1,2,-27.785076,-50.445385,SPRF-SC,DEL05-SC,UOP02-DEL05-SC,2024
"596828,0",2024-04-27,sábado,22:50:00,SC,282,"4,7",SAO JOSE,Condutor deixou de manter distância do veículo da frente,Colisão traseira,Com Vítimas Fatais,Plena Noite,Decrescente,Céu Claro,Múltipla,Reta,Sim,4,1,0,0,0,3,0,3,-27.590383,-48.609058,SPRF-SC,DEL01-SC,UOP01-DEL01-SC,2024
"596843,0",2024-04-27,sábado,21:30:00,SC,101,"296,0",IMBITUBA,Reação tardia ou ineficiente do condutor,Colisão traseira,Com Vítimas Feridas,Plena Noite,Crescente,Chuva,Dupla,Reta,Não,5,0,3,0,2,0,3,2,-28.32873,-48.732254,SPRF-SC,DEL02-SC,UOP03-DEL02-SC,2024
"596853,0",2024-04-28,domingo,02:10:00,SC,470,"40,0",GASPAR,Ingestão de álcool pelo condutor,Tombamento,Com Vítimas Feridas,Plena Noite,Decrescente,Nublado,Dupla,Reta;Em Obras,Não,1,0,0,1,0,0,1,1,-26.88936832,-48.99116993,SPRF-SC,DEL04-SC,UOP01-DEL04-SC,2024
"596856,0",2024-04-28,domingo,02:00:00,SC,280,"5,0",SAO FRANCISCO DO SUL,Ausência de reação do condutor,Colisão traseira,Sem Vítimas,Plena Noite,Decrescente,Nublado,Simples,Reta,Não,2,0,0,0,1,1,0,2,-26.26011706,-48.62571995,SPRF-SC,DEL03-SC,UOP03-DEL03-SC,2024
"596858,0",2024-04-27,sábado,22:00:00,SC,282,"614,0",MARAVILHA,Afundamento ou ondulação no pavimento,Tombamento,Com Vítimas Feridas,Plena Noite,Crescente,Nublado,Simples,Reta,Não,1,0,0,1,0,0,1,1,-26.76932,-53.264568,SPRF-SC,DEL07-SC,UOP02-DEL07-SC,2024
"596869,0",2024-04-28,domingo,03:45:00,SC,101,"137,0",BALNEARIO CAMBORIU,Reação tardia ou ineficiente do condutor,Colisão com objeto,Com Vítimas Feridas,Plena Noite,Crescente,Céu Claro,Simples,Reta,Sim,2,0,1,1,0,0,2,1,-27.0157238,-48.61192763,SPRF-SC,DEL04-SC,UOP03-DEL04-SC,2024
"596870,0",2024-04-28,domingo,03:40:00,SC,101,"136,0",BALNEARIO CAMBORIU,Reação tardia ou ineficiente do condutor,Tombamento,Com Vítimas Feridas,Plena Noite,Crescente,Céu Claro,Múltipla,Reta,Sim,1,0,1,0,0,0,1,1,-27.008113,-48.617245,SPRF-SC,DEL04-SC,UOP03-DEL04-SC,2024
"596876,0",2024-04-28,domingo,04:50:00,SC,101,"205,0",SAO JOSE,Ingestão de álcool pelo condutor,Colisão com objeto,Com Vítimas Feridas,Plena Noite,Crescente,Nublado,Dupla,Interseção de Vias,Não,1,0,1,0,0,0,1,1,-27.58313237,-48.61532885,SPRF-SC,DEL01-SC,UOP01-DEL01-SC,2024
"596896,0",2024-01-22,segunda-feira,09:00:00,SC,280,"56,9",GUARAMIRIM,Acessar a via sem observar a presença dos outros veículos,Tombamento,Com Vítimas Feridas,Pleno dia,Crescente,Céu Claro,Simples,Rotatória;Viaduto;Interseção de Vias;Reta,Sim,1,0,1,0,0,0,1,1,-26.47947677,-49.00298702,SPRF-SC,DEL03-SC,UOP03-DEL03-SC,2024
"596907,0",2024-04-28,domingo,08:00:00,SC,101,"381,0",ICARA,Condutor Dormindo,Colisão com objeto,Com Vítimas Feridas,Pleno dia,Decrescente,Céu Claro,Dupla,Declive,Não,2,0,2,0,0,0,2,1,-28.75478409,-49.27732095,SPRF-SC,DEL02-SC,UOP02-DEL02-SC,2024
"596932,0",2024-04-28,domingo,08:15:00,SC,470,"155,3",AGRONOMICA,Velocidade Incompatível,Colisão frontal,Com Vítimas Feridas,Pleno dia,Crescente,Chuva,Simples,Curva,Não,2,0,0,1,1,0,1,2,-27.277105,-49.751972,SPRF-SC,DEL04-SC,UOP02-DEL04-SC,2024
"596933,0",2024-04-28,domingo,08:10:00,SC,282,"644,2",SAO MIGUEL DO OESTE,Ausência de reação do condutor,Saída de leito carroçável,Com Vítimas Feridas,Pleno dia,Crescente,Nublado,Simples,Aclive;Reta,Não,2,0,0,1,0,1,1,1,-26.76717516,-53.48188519,SPRF-SC,DEL07-SC,UOP03-DEL07-SC,2024
"596938,0",2024-04-28,domingo,11:25:00,SC,101,"462,0",PASSO DE TORRES,Demais falhas mecânicas ou elétricas,Saída de leito carroçável,Com Vítimas Feridas,Pleno dia,Crescente,Nublado,Dupla,Reta,Não,3,0,1,0,2,0,1,2,-29.27574946,-49.7551918,SPRF-RS,DEL03-RS,UOP02-DEL03-RS,2024
"596951,0",2024-04-28,domingo,12:45:00,SC,101,"110,0",PENHA,Chuva,Colisão com objeto,Com Vítimas Feridas,Pleno dia,Crescente,Chuva,Múltipla,Curva,Não,1,0,1,0,0,0,1,1,-26.83477,-48.706151,SPRF-SC,DEL03-SC,UOP02-DEL03-SC,2024
"596952,0",2024-04-28,domingo,14:00:00,SC,282,"6,0",SAO JOSE,Reação tardia ou ineficiente do condutor,Colisão com objeto,Com Vítimas Feridas,Pleno dia,Decrescente,Nublado,Múltipla,Reta,Sim,3,0,3,0,0,0,3,1,-27.58313237,-48.61532885,SPRF-SC,DEL01-SC,UOP01-DEL01-SC,2024