id,data_inversa,dia_semana,horario,uf,br,km,municipio,causa_acidente,tipo_acidente,classificacao_acidente,fase_dia,sentido_via,condicao_metereologica,tipo_pista,tracado_via,uso_solo,pessoas,mortos,feridos_leves,feridos_graves,ilesos,ignorados,feridos,veiculos,latitude,longitude,regional,delegacia,uop,ano_arquivo
"596964,0",2024-04-28,domingo,16:15:00,SC,282,"50,4",AGUAS MORNAS,Ausência de reação do condutor,Colisão lateral sentido oposto,Com Vítimas Feridas,Pleno dia,Decrescente,Chuva,Simples,Reta,Não,3,0,2,0,1,0,2,2,-27.708536,-48.952251,SPRF-SC,DEL01-SC,UOP03-DEL01-SC,2024
"596988,0",2024-04-28,domingo,15:50:00,SC,470,"157,8",TROMBUDO CENTRAL,Velocidade Incompatível,Capotamento,Com Vítimas Feridas,Pleno dia,Decrescente,Chuva,Simples,Curva,Não,3,0,3,0,0,0,3,1,-27.285425,-49.76881,SPRF-SC,DEL04-SC,UOP02-DEL04-SC,2024
"596990,0",2024-04-28,domingo,07:00:00,SC,282,"497,1",XANXERE,Ingestão de álcool pelo condutor,Capotamento,Sem Vítimas,Amanhecer,Decrescente,Nublado,Simples,Curva,Não,1,0,0,0,0,1,0,1,-26.880062,-52.344685,SPRF-SC,DEL07-SC,UOP01-DEL07-SC,2024
"596993,0",2024-04-28,domingo,17:10:00,SC,116,"10,0",MAFRA,Ausência de reação do condutor,Colisão traseira,Com Vítimas Feridas,Anoitecer,Decrescente,Chuva,Simples,Reta,Não,6,0,3,0,3,0,3,3,-26.16829411,-49.85476074,SPRF-SC,DEL06-SC,UOP01-DEL06-SC,2024
"596996,0",2024-04-28,domingo,16:30:00,SC,282,"664,9",GUARACIABA,Condutor deixou de manter distância do veículo da frente,Colisão traseira,Com Vítimas Feridas,Pleno dia,Decrescente,Garoa/Chuvisco,Simples,Reta;Ponte,Não,3,0,1,0,2,0,1,2,-26.666431,-53.600082,SPRF-SC,DEL07-SC,UOP03-DEL07-SC,2024
"597003,0",2024-04-28,domingo,16:10:00,SC,101,"41,0",JOINVILLE,Velocidade Incompatível,Colisão com objeto,Com Vítimas Feridas,Pleno dia,Decrescente,Chuva,Múltipla,Curva,Não,4,0,2,0,2,0,2,1,-26.31588235,-48.87343168,SPRF-SC,DEL03-SC,UOP01-DEL03-SC,2024
"597023,0",2024-04-28,domingo,17:50:00,SC,116,"87,3",MONTE CASTELO,Chuva,Queda de ocupante de veículo,Sem Vítimas,Pleno dia,Crescente,Chuva,Simples,Declive,Não,1,0,0,0,0,1,0,1,-26.61710581,-50.23483816,SPRF-SC,DEL06-SC,UOP02-DEL06-SC,2024
"597027,0",2024-04-28,domingo,17:40:00,SC,280,"102,3",SAO BENTO DO SUL,Ausência de reação do condutor,Tombamento,Com Vítimas Feridas,Plena Noite,Decrescente,Chuva,Simples,Curva,Não,2,0,1,1,0,0,2,1,-26.36381888,-49.34016753,SPRF-SC,DEL06-SC,UOP03-DEL06-SC,2024
"597034,0",2024-04-28,domingo,19:30:00,SC,101,"131,0",BALNEARIO CAMBORIU,Chuva,Tombamento,Com Vítimas Feridas,Plena Noite,Decrescente,Chuva,Dupla,Reta,Sim,1,0,1,0,0,0,1,1,-26.99064209,-48.66310912,SPRF-SC,DEL04-SC,UOP03-DEL04-SC,2024
"597060,0",2024-04-28,domingo,18:40:00,SC,470,"163,7",TROMBUDO CENTRAL,Desrespeitar a preferência no cruzamento,Colisão transversal,Com Vítimas Feridas,Plena Noite,Crescente,Chuva,Simples,Reta,Não,2,0,1,0,1,0,1,2,-27.278976,-49.825996,SPRF-SC,DEL04-SC,UOP02-DEL04-SC,2024
"597062,0",2024-04-28,domingo,19:00:00,SC,282,"599,1",CUNHA PORA,Demais falhas na via,Saída de leito carroçável,Com Vítimas Fatais,Plena Noite,Decrescente,Nublado,Simples,Reta;Declive,Não,1,1,0,0,0,0,0,1,-26.81877319,-53.15790117,SPRF-SC,DEL07-SC,UOP02-DEL07-SC,2024
"597082,0",2024-04-28,domingo,21:10:00,SC,282,"25,1",SANTO AMARO DA IMPERATRIZ,Acessar a via sem observar a presença dos outros veículos,Colisão transversal,Com Vítimas Fatais,Plena Noite,Crescente,Chuva,Simples,Reta,Não,4,1,0,0,1,2,0,3,-27.6788673,-48.7563217,SPRF-SC,DEL01-SC,UOP03-DEL01-SC,2024
"597113,0",2024-04-28,domingo,21:10:00,SC,280,"206,5",MAFRA,Transitar na contramão,Colisão frontal,Com Vítimas Fatais,Plena Noite,Decrescente,Chuva,Simples,Curva,Não,8,1,3,3,0,1,6,3,-26.1612574,-50.13125904,SPRF-SC,DEL06-SC,UOP01-DEL06-SC,2024
"597114,0",2024-04-29,segunda-feira,02:30:00,SC,470,"101,0",APIUNA,Ingestão de álcool pelo condutor,Saída de leito carroçável,Com Vítimas Feridas,Plena Noite,Crescente,Céu Claro,Simples,Curva,Não,1,0,1,0,0,0,1,1,-27.053085,-49.390018,SPRF-SC,DEL04-SC,UOP02-DEL04-SC,2024
"597121,0",2024-04-29,segunda-feira,04:45:00,SC,101,"102,6",BALNEARIO PICARRAS,Pedestre andava na pista,Atropelamento de Pedestre,Com Vítimas Fatais,Plena Noite,Crescente,Chuva,Múltipla,Reta,Sim,3,1,0,1,0,1,1,3,-26.7804912,-48.6842424,SPRF-SC,DEL03-SC,UOP02-DEL03-SC,2024
"597123,0",2024-04-29,segunda-feira,04:00:00,SC,101,"41,5",JOINVILLE,Curva acentuada,Colisão com objeto,Com Vítimas Feridas,Plena Noite,Crescente,Garoa/Chuvisco,Múltipla,Aclive;Curva,Não,2,0,1,0,1,0,1,1,-26.31403588,-48.87388229,SPRF-SC,DEL03-SC,UOP01-DEL03-SC,2024
"597125,0",2024-04-29,segunda-feira,03:10:00,SC,282,"194,1",LAGES,Velocidade Incompatível,Colisão frontal,Com Vítimas Fatais,Plena Noite,Decrescente,Garoa/Chuvisco,Simples,Reta,Não,12,1,0,2,9,0,2,2,-27.7422323,-50.0700938,SPRF-SC,DEL05-SC,UOP01-DEL05-SC,2024
"597129,0",2024-04-29,segunda-feira,05:00:00,SC,282,"378,0",HERVAL DOESTE,Demais falhas mecânicas ou elétricas,Incêndio,Sem Vítimas,Plena Noite,Decrescente,Chuva,Simples,Reta,Não,1,0,0,0,1,0,0,1,-27.214546,-51.47958,SPRF-SC,DEL07-SC,UOP05-DEL07-SC,2024
"597134,0",2024-04-29,segunda-feira,01:15:00,SC,101,"119,5",ITAJAI,Ingestão de álcool pelo condutor,Colisão com objeto,Sem Vítimas,Plena Noite,Decrescente,Nublado,Múltipla,Reta,Não,1,0,0,0,0,1,0,1,-26.9043179,-48.71555481,SPRF-SC,DEL04-SC,UOP04-DEL04-SC,2024
"597138,0",2024-04-29,segunda-feira,07:25:00,SC,101,"118,2",ITAJAI,Trafegar com motocicleta (ou similar) entre as faixas,Colisão lateral mesmo sentido,Com Vítimas Feridas,Pleno dia,Crescente,Céu Claro,Múltipla,Reta,Sim,2,0,1,0,1,0,1,2,-26.895859,-48.71903,SPRF-SC,DEL04-SC,UOP04-DEL04-SC,2024
"597143,0",2024-04-29,segunda-feira,07:40:00,SC,101,"193,0",BIGUACU,Reação tardia ou ineficiente do condutor,Colisão traseira,Sem Vítimas,Pleno dia,Decrescente,Céu Claro,Dupla,Ponte,Sim,2,0,0,0,2,0,0,2,-27.48443781,-48.64765238,SPRF-SC,DEL01-SC,UOP01-DEL01-SC,2024
"597145,0",2024-04-29,segunda-feira,06:25:00,SC,282,"227,3",LAGES,Acessar a via sem observar a presença dos outros veículos,Colisão transversal,Com Vítimas Feridas,Amanhecer,Decrescente,Nevoeiro/Neblina,Simples,Reta,Não,2,0,0,1,1,0,1,2,-27.795815,-50.399048,SPRF-SC,DEL05-SC,UOP02-DEL05-SC,2024
"597155,0",2024-03-24,domingo,13:15:00,SC,101,"116,0",ITAJAI,Reação tardia ou ineficiente do condutor,Colisão traseira,Com Vítimas Feridas,Pleno dia,Decrescente,Nublado,Dupla,Reta,Sim,4,0,2,0,2,0,2,3,-26.87905605,-48.72603512,SPRF-SC,DEL04-SC,UOP04-DEL04-SC,2024
"597231,0",2024-04-29,segunda-feira,15:10:00,SC,101,"92,0",BARRA VELHA,Demais falhas mecânicas ou elétricas,Tombamento,Com Vítimas Feridas,Pleno dia,Crescente,Nublado,Múltipla,Reta,Não,2,0,2,0,0,0,2,1,-26.6806041,-48.6931497,SPRF-SC,DEL03-SC,UOP02-DEL03-SC,2024
"597233,0",2024-04-29,segunda-feira,13:45:00,SC,282,"627,8",IRACEMINHA,Demais falhas mecânicas ou elétricas,Colisão com objeto,Com Vítimas Feridas,Pleno dia,Decrescente,Céu Claro,Simples,Curva,Não,1,0,1,0,0,0,1,1,-26.811321,-53.362316,SPRF-SC,DEL07-SC,UOP02-DEL07-SC,2024
"597337,0",2024-04-30,terça-feira,01:40:00,SC,101,"129,0",BALNEARIO CAMBORIU,Ingestão de álcool pelo condutor,Colisão com objeto,Sem Vítimas,Plena Noite,Decrescente,Chuva,Múltipla,Reta,Sim,1,0,0,0,1,0,0,1,-26.98064277,-48.6790679,SPRF-SC,DEL04-SC,UOP03-DEL04-SC,2024
"597348,0",2024-04-30,terça-feira,05:00:00,SC,101,"332,1",TUBARAO,Ingestão de álcool pelo condutor,Saída de leito carroçável,Com Vítimas Feridas,Plena Noite,Decrescente,Chuva,Múltipla,Reta,Sim,2,0,1,1,0,0,2,1,-28.46016431,-48.98968873,SPRF-SC,DEL02-SC,UOP01-DEL02-SC,2024
"597351,0",2024-04-30,terça-feira,05:20:00,SC,101,"95,3",BARRA VELHA,Demais falhas mecânicas ou elétricas,Tombamento,Com Vítimas Feridas,Plena Noite,Crescente,Nublado,Múltipla,Reta,Sim,1,0,1,0,0,0,1,1,-26.70876413,-48.70221065,SPRF-SC,DEL03-SC,UOP02-DEL03-SC,2024
"597376,0",2024-04-30,terça-feira,08:45:00,SC,282,"4,2",SAO JOSE,Condutor deixou de manter distância do veículo da frente,Colisão traseira,Sem Vítimas,Pleno dia,Crescente,Céu Claro,Dupla,Reta;Aclive,Sim,2,0,0,0,2,0,0,2,-27.592646,-48.604034,SPRF-SC,DEL01-SC,UOP01-DEL01-SC,2024
"597399,0",2024-04-30,terça-feira,08:50:00,SC,101,"393,7",CRICIUMA,Acumulo de água sobre o pavimento,Colisão traseira,Com Vítimas Feridas,Pleno dia,Decrescente,Chuva,Dupla,Declive,Não,3,0,0,1,2,0,1,2,-28.823848,-49.403289,SPRF-SC,DEL02-SC,UOP02-DEL02-SC,2024
"597409,0",2024-04-30,terça-feira,11:10:00,SC,282,"3,5",FLORIANOPOLIS,Transitar na contramão,Colisão frontal,Com Vítimas Feridas,Pleno dia,Crescente,Céu Claro,Múltipla,Reta,Não,2,0,1,0,1,0,1,2,-27.600384,-48.599705,SPRF-SC,DEL01-SC,UOP01-DEL01-SC,2024
"597444,0",2024-04-30,terça-feira,14:08:00,SC,470,"45,9",GASPAR,Condutor Dormindo,Colisão lateral sentido oposto,Com Vítimas Feridas,Pleno dia,Decrescente,Céu Claro,Simples,Curva;Em Obras,Não,5,0,1,0,4,0,1,3,-26.86048584,-49.03747559,SPRF-SC,DEL04-SC,UOP01-DEL04-SC,2024
"597452,0",2024-04-19,sexta-feira,22:15:00,SC,101,"18,6",JOINVILLE,Velocidade Incompatível,Saída de leito carroçável,Com Vítimas Feridas,Plena Noite,Crescente,Céu Claro,Dupla,Curva,Não,1,0,1,0,0,0,1,1,-26.128553,-48.888776,SPRF-SC,DEL03-SC,UOP01-DEL03-SC,2024
"597461,0",2024-04-30,terça-feira,16:20:00,SC,101,"117,0",ITAJAI,Desrespeitar a preferência no cruzamento,Colisão transversal,Com Vítimas Feridas,Pleno dia,Decrescente,Céu Claro,Dupla,Reta,Sim,2,0,1,0,1,0,1,2,-26.88747187,-48.72252969,SPRF-SC,DEL04-SC,UOP04-DEL04-SC,2024
"597492,0",2024-04-30,terça-feira,18:40:00,SC,116,"5,3",MAFRA,Condutor deixou de manter distância do veículo da frente,Colisão lateral mesmo sentido,Com Vítimas Feridas,Plena Noite,Decrescente,Céu Claro,Simples,Reta;Declive,Sim,3,0,1,0,2,0,1,2,-26.14094396,-49.81508303,SPRF-SC,DEL06-SC,UOP01-DEL06-SC,2024
"597507,0",2024-04-30,terça-feira,16:30:00,SC,101,"132,4",BALNEARIO CAMBORIU,Trafegar com motocicleta (ou similar) entre as faixas,Colisão lateral mesmo sentido,Com Vítimas Feridas,Pleno dia,Decrescente,Céu Claro,Múltipla,Reta,Sim,2,0,1,0,1,0,1,2,-26.99654133,-48.65564711,SPRF-SC,DEL04-SC,UOP03-DEL04-SC,2024
"597522,0",2024-04-30,terça-feira,21:30:00,SC,101,"203,0",SAO JOSE,Ultrapassagem Indevida,Colisão lateral mesmo sentido,Com Vítimas Feridas,Plena Noite,Decrescente,Céu Claro,Múltipla,Reta,Sim,2,0,1,0,1,0,1,2,-27.5650044,-48.61460082,SPRF-SC,DEL01-SC,UOP01-DEL01-SC,2024
"597532,0",2024-04-30,terça-feira,15:45:00,SC,480,"129,6",CHAPECO,Ultrapassagem Indevida,Colisão frontal,Com Vítimas Feridas,Pleno dia,Crescente,Céu Claro,Simples,Aclive;Reta,Sim,2,0,1,0,1,0,1,2,-27.05218905,-52.63605595,SPRF-SC,DEL07-SC,UOP01-DEL07-SC,2024
"597539,0",2024-04-30,terça-feira,22:40:00,SC,101,"52,9",JOINVILLE,Manobra de mudança de faixa,Colisão lateral mesmo sentido,Com Vítimas Feridas,Plena Noite,Crescente,Nublado,Dupla,Reta,Não,2,0,1,0,1,0,1,2,-26.39111608,-48.83984239,SPRF-SC,DEL03-SC,UOP01-DEL03-SC,2024
"597549,0",2024-05-01,quarta-feira,03:30:00,SC,101,"120,0",ITAJAI,Condutor Dormindo,Tombamento,Sem Vítimas,Plena Noite,Decrescente,Nevoeiro/Neblina,Dupla,Reta,Sim,1,0,0,0,1,0,0,1,-26.912758,-48.711998,SPRF-SC,DEL04-SC,UOP04-DEL04-SC,2024
"597555,0",2024-05-01,quarta-feira,04:20:00,SC,282,"516,1",XAXIM,Condutor Dormindo,Saída de leito carroçável,Com Vítimas Feridas,Plena Noite,Crescente,Céu Claro,Simples,Curva,Não,1,0,1,0,0,0,1,1,-26.92948723,-52.49959183,SPRF-SC,DEL07-SC,UOP01-DEL07-SC,2024
"597558,0",2024-05-01,quarta-feira,03:50:00,SC,470,"58,0",BLUMENAU,Ingestão de álcool pelo condutor,Colisão transversal,Com Vítimas Feridas,Plena Noite,Decrescente,Céu Claro,Simples,Curva,Sim,3,0,1,1,1,0,2,2,-26.883879,-49.145622,SPRF-SC,DEL04-SC,UOP01-DEL04-SC,2024
"597561,0",2024-05-01,quarta-feira,04:58:00,SC,470,"97,2",APIUNA,Acessar a via sem observar a presença dos outros veículos,Colisão transversal,Com Vítimas Fatais,Plena Noite,Crescente,Céu Claro,Simples,Reta,Sim,3,1,0,0,0,2,0,3,-27.02934067,-49.38222528,SPRF-SC,DEL04-SC,UOP01-DEL04-SC,2024
"597562,0",2024-05-01,quarta-feira,05:11:00,SC,280,"51,5",GUARAMIRIM,Manobra de mudança de faixa,Colisão lateral mesmo sentido,Com Vítimas Feridas,Amanhecer,Decrescente,Céu Claro,Dupla,Reta,Sim,3,0,1,0,2,0,1,2,-26.46834486,-48.96297455,SPRF-SC,DEL03-SC,UOP03-DEL03-SC,2024
"597567,0",2024-05-01,quarta-feira,05:29:00,SC,101,"317,9",PESCARIA BRAVA,Ingestão de álcool pelo condutor,Colisão com objeto,Sem Vítimas,Plena Noite,Decrescente,Ignorado,Múltipla,Reta,Sim,2,0,0,0,2,0,0,2,-28.42708421,-48.85211624,SPRF-SC,DEL02-SC,UOP01-DEL02-SC,2024
"597568,0",2024-05-01,quarta-feira,05:45:00,SC,101,"139,0",BALNEARIO CAMBORIU,Demais falhas mecânicas ou elétricas,Colisão traseira,Com Vítimas Feridas,Amanhecer,Crescente,Céu Claro,Dupla,Curva,Sim,3,0,1,0,2,0,1,3,-27.02982303,-48.60115006,SPRF-SC,DEL04-SC,UOP03-DEL04-SC,2024
"597576,0",2024-05-01,quarta-feira,07:45:00,SC,282,"521,6",XAXIM,Acessar a via sem observar a presença dos outros veículos,Colisão transversal,Sem Vítimas,Pleno dia,Decrescente,Céu Claro,Dupla,Retorno Regulamentado;Aclive;Interseção de Vias;Rotatória;Curva,Sim,2,0,0,0,0,2,0,2,-26.952988,-52.538207,SPRF-SC,DEL07-SC,UOP01-DEL07-SC,2024
"597587,0",2024-05-01,quarta-feira,09:00:00,SC,101,"118,2",ITAJAI,Ausência de reação do condutor,Tombamento,Com Vítimas Feridas,Pleno dia,Crescente,Sol,Dupla,Reta,Não,1,0,1,0,0,0,1,1,-26.895859,-48.71903,SPRF-SC,DEL04-SC,UOP04-DEL04-SC,2024
"597588,0",2024-05-01,quarta-feira,05:00:00,SC,101,"203,0",SAO JOSE,Ingestão de álcool pelo condutor,Saída de leito carroçável,Sem Vítimas,Pleno dia,Decrescente,Céu Claro,Simples,Rotatória,Não,1,0,0,0,1,0,0,1,-27.5650044,-48.61460082,SPRF-SC,DEL01-SC,UOP01-DEL01-SC,2024
"597589,0",2024-04-23,terça-feira,08:45:00,SC,101,"213,9",PALHOCA,Reação tardia ou ineficiente do condutor,Colisão lateral mesmo sentido,Com Vítimas Feridas,Pleno dia,Decrescente,Céu Claro,Múltipla,Reta,Sim,2,0,1,0,1,0,1,2,-27.63697369,-48.66514142,SPRF-SC,DEL01-SC,UOP02-DEL01-SC,2024
"597590,0",2024-05-01,quarta-feira,10:00:00,SC,101,"215,0",PALHOCA,Ingestão de álcool pelo condutor,Colisão com objeto,Com Vítimas Feridas,Pleno dia,Crescente,Céu Claro,Múltipla,Reta,Sim,1,0,1,0,0,0,1,1,-27.65184843,-48.67604941,SPRF-SC,DEL01-SC,UOP02-DEL01-SC,2024
"597617,0",2024-05-01,quarta-feira,13:30:00,SC,280,"45,8",GUARAMIRIM,Reação tardia ou ineficiente do condutor,Colisão traseira,Com Vítimas Feridas,Pleno dia,Crescente,Céu Claro,Simples,Reta,Não,3,0,3,0,0,0,3,2,-26.45236168,-48.89788602,SPRF-SC,DEL03-SC,UOP03-DEL03-SC,2024
"597636,0",2024-05-01,quarta-feira,16:40:00,SC,282,"58,0",RANCHO QUEIMADO,Velocidade Incompatível,Saída de leito carroçável,Com Vítimas Feridas,Anoitecer,Decrescente,Céu Claro,Simples,Rotatória,Não,2,0,2,0,0,0,2,1,-27.68097905,-49.006024,SPRF-SC,DEL01-SC,UOP03-DEL01-SC,2024
"597640,0",2024-05-01,quarta-feira,16:40:00,SC,282,"522,0",XAXIM,Condutor deixou de manter distância do veículo da frente,Colisão traseira,Com Vítimas Feridas,Pleno dia,Crescente,Céu Claro,Simples,Rotatória,Sim,5,0,2,1,2,0,3,2,-26.95962681,-52.54535973,SPRF-SC,DEL07-SC,UOP01-DEL07-SC,2024
"597670,0",2024-05-01,quarta-feira,19:45:00,SC,101,"89,0",BARRA VELHA,Ausência de reação do condutor,Colisão traseira,Com Vítimas Feridas,Plena Noite,Decrescente,Nublado,Simples,Reta,Sim,3,0,2,0,1,0,2,2,-26.65175997,-48.68721921,SPRF-SC,DEL03-SC,UOP02-DEL03-SC,2024
"597679,0",2024-05-01,quarta-feira,20:15:00,SC,470,"57,6",BLUMENAU,Falta de elemento de contenção que evite a saída do leito carroçável,Saída de leito carroçável,Com Vítimas Feridas,Plena Noite,Crescente,Céu Claro,Dupla,Desvio Temporário,Sim,1,0,1,0,0,0,1,1,-26.880428,-49.136532,SPRF-SC,DEL04-SC,UOP01-DEL04-SC,2024
"597684,0",2024-05-01,quarta-feira,18:50:00,SC,470,"103,0",APIUNA,Manobra de mudança de faixa,Colisão frontal,Com Vítimas Feridas,Plena Noite,Crescente,Céu Claro,Simples,Curva,Não,4,0,2,0,1,1,2,3,-27.064796,-49.401424,SPRF-SC,DEL04-SC,UOP02-DEL04-SC,2024
"597699,0",2024-05-01,quarta-feira,19:20:00,SC,101,"141,5",BALNEARIO CAMBORIU,Demais falhas mecânicas ou elétricas,Colisão com objeto,Com Vítimas Feridas,Plena Noite,Decrescente,Nublado,Dupla,Reta,Sim,2,0,0,2,0,0,2,1,-27.05197884,-48.59780788,SPRF-SC,DEL04-SC,UOP03-DEL04-SC,2024
"597701,0",2024-05-01,quarta-feira,21:40:00,SC,101,"11,0",GARUVA,Velocidade Incompatível,Capotamento,Sem Vítimas,Plena Noite,Crescente,Nublado,Dupla,Reta,Não,1,0,0,0,0,1,0,1,-26.07202503,-48.86100853,SPRF-SC,DEL03-SC,UOP01-DEL03-SC,2024
"597702,0",2024-05-01,quarta-feira,21:50:00,SC,101,"157,3",PORTO BELO,Reação tardia ou ineficiente do condutor,Colisão lateral mesmo sentido,Sem Vítimas,Plena Noite,Crescente,Céu Claro,Dupla,Reta,Não,2,0,0,0,2,0,0,2,-27.181625,-48.6121179,SPRF-SC,DEL04-SC,UOP03-DEL04-SC,2024
"597703,0",2024-05-01,quarta-feira,19:30:00,SC,280,"79,0",CORUPA,Reação tardia ou ineficiente do condutor,Colisão lateral mesmo sentido,Com Vítimas Feridas,Plena Noite,Crescente,Céu Claro,Simples,Curva,Não,2,0,1,1,0,0,2,2,-26.44657315,-49.20157809,SPRF-SC,DEL06-SC,UOP03-DEL06-SC,2024
"597723,0",2024-05-02,quinta-feira,02:30:00,SC,470,"146,0",RIO DO SUL,Condutor Dormindo,Colisão traseira,Com Vítimas Feridas,Plena Noite,Decrescente,Céu Claro,Simples,Reta,Não,2,0,1,0,1,0,1,2,-27.240673,-49.685822,SPRF-SC,DEL04-SC,UOP02-DEL04-SC,2024
"597733,0",2024-05-02,quinta-feira,05:20:00,SC,101,"132,0",BALNEARIO CAMBORIU,Velocidade Incompatível,Colisão com objeto,Sem Vítimas,Amanhecer,Decrescente,Céu Claro,Múltipla,Reta,Sim,1,0,0,0,1,0,0,1,-26.99654133,-48.65564711,SPRF-SC,DEL04-SC,UOP03-DEL04-SC,2024
"597737,0",2024-05-02,quinta-feira,06:30:00,SC,101,"332,0",TUBARAO,Chuva,Tombamento,Com Vítimas Feridas,Amanhecer,Crescente,Chuva,Dupla,Viaduto,Sim,1,0,1,0,0,0,1,1,-28.46016431,-48.98968873,SPRF-SC,DEL02-SC,UOP01-DEL02-SC,2024
"597750,0",2024-05-02,quinta-feira,08:00:00,SC,101,"209,8",SAO JOSE,Acumulo de óleo sobre o pavimento,Queda de ocupante de veículo,Com Vítimas Feridas,Pleno dia,Decrescente,Céu Claro,Dupla,Viaduto,Não,2,0,2,0,0,0,2,1,-27.61000542,-48.63895057,SPRF-SC,DEL01-SC,UOP01-DEL01-SC,2024
"597753,0",2024-05-02,quinta-feira,08:10:00,SC,101,"243,1",PALHOCA,Demais falhas mecânicas ou elétricas,Colisão traseira,Com Vítimas Feridas,Pleno dia,Decrescente,Céu Claro,Múltipla,Reta,Não,2,0,1,0,0,1,1,2,-27.88419902,-48.64750077,SPRF-SC,DEL01-SC,UOP02-DEL01-SC,2024
"597755,0",2024-05-02,quinta-feira,07:35:00,SC,470,"160,0",TROMBUDO CENTRAL,Acessar a via sem observar a presença dos outros veículos,Colisão transversal,Com Vítimas Feridas,Pleno dia,Crescente,Céu Claro,Simples,Reta,Não,4,0,1,2,1,0,3,2,-27.286278,-49.798035,SPRF-SC,DEL04-SC,UOP02-DEL04-SC,2024
"597758,0",2024-05-02,quinta-feira,07:50:00,SC,470,"141,6",RIO DO SUL,Ausência de reação do condutor,Colisão transversal,Com Vítimas Feridas,Pleno dia,Crescente,Nublado,Simples,Interseção de Vias,Sim,2,0,1,0,1,0,1,2,-27.21038483,-49.65203404,SPRF-SC,DEL04-SC,UOP02-DEL04-SC,2024
"597769,0",2024-05-02,quinta-feira,07:40:00,SC,101,"45,5",JOINVILLE,Ausência de reação do condutor,Colisão traseira,Com Vítimas Fatais,Pleno dia,Crescente,Céu Claro,Múltipla,Curva;Declive,Não,2,1,0,0,1,0,0,2,-26.354432,-48.858765,SPRF-SC,DEL03-SC,UOP01-DEL03-SC,2024
"597774,0",2024-05-02,quinta-feira,09:40:00,SC,282,"552,2",NOVA ITABERABA,Pista Escorregadia,Saída de leito carroçável,Com Vítimas Feridas,Pleno dia,Crescente,Garoa/Chuvisco,Simples,Reta,Não,1,0,0,1,0,0,1,1,-26.951487,-52.778172,SPRF-SC,DEL07-SC,UOP01-DEL07-SC,2024
"597794,0",2024-05-02,quinta-feira,13:10:00,SC,101,"27,1",JOINVILLE,Entrada inopinada do pedestre,Atropelamento de Pedestre,Com Vítimas Feridas,Pleno dia,Crescente,Céu Claro,Dupla,Rotatória,Sim,2,0,0,1,1,0,1,2,-26.20697505,-48.91482635,SPRF-SC,DEL03-SC,UOP01-DEL03-SC,2024
"597804,0",2024-04-12,sexta-feira,12:50:00,SC,470,"113,8",IBIRAMA,Transitar na contramão,Colisão frontal,Com Vítimas Fatais,Pleno dia,Crescente,Garoa/Chuvisco,Simples,Curva,Não,3,1,0,2,0,0,2,2,-27.08663917,-49.47761536,SPRF-SC,DEL04-SC,UOP02-DEL04-SC,2024
"597819,0",2024-04-28,domingo,09:45:00,SC,280,"46,1",GUARAMIRIM,Acessar a via sem observar a presença dos outros veículos,Colisão transversal,Com Vítimas Feridas,Pleno dia,Decrescente,Nublado,Simples,Interseção de Vias;Reta,Sim,7,0,4,1,2,0,5,2,-26.45295055,-48.90788103,SPRF-SC,DEL03-SC,UOP03-DEL03-SC,2024
"597828,0",2024-05-02,quinta-feira,14:00:00,SC,470,"279,4",BRUNOPOLIS,Avarias e/ou desgaste excessivo no pneu,Saída de leito carroçável,Com Vítimas Feridas,Pleno dia,Decrescente,Chuva,Simples,Curva,Não,3,0,2,0,1,0,2,1,-27.334526,-50.852642,SPRF-SC,DEL07-SC,UOP06-DEL07-SC,2024
"597859,0",2024-05-02,quinta-feira,18:30:00,SC,101,"202,4",SAO JOSE,Reação tardia ou ineficiente do condutor,Tombamento,Com Vítimas Feridas,Plena Noite,Decrescente,Garoa/Chuvisco,Dupla,Reta,Sim,1,0,1,0,0,0,1,1,-27.55711595,-48.61897889,SPRF-SC,DEL01-SC,UOP01-DEL01-SC,2024
"597870,0",2024-05-02,quinta-feira,19:40:00,SC,282,"17,1",PALHOCA,Condutor deixou de manter distância do veículo da frente,Colisão traseira,Com Vítimas Feridas,Plena Noite,Decrescente,Nublado,Simples,Reta,Sim,2,0,0,1,1,0,1,2,-27.665707,-48.688065,SPRF-SC,DEL01-SC,UOP02-DEL01-SC,2024
"597878,0",2024-05-02,quinta-feira,19:00:00,SC,282,"519,8",XAXIM,Ingestão de álcool pelo condutor,Colisão frontal,Com Vítimas Feridas,Plena Noite,Crescente,Chuva,Simples,Curva,Não,2,0,1,0,1,0,1,2,-26.947527,-52.517536,SPRF-SC,DEL07-SC,UOP01-DEL07-SC,2024
"597889,0",2024-05-02,quinta-feira,09:10:00,SC,470,"127,0",LONTRAS,Conversão proibida,Colisão lateral mesmo sentido,Com Vítimas Feridas,Pleno dia,Crescente,Céu Claro,Simples,Reta,Não,2,0,1,0,1,0,1,2,-27.136574,-49.543015,SPRF-SC,DEL04-SC,UOP02-DEL04-SC,2024
"597898,0",2024-05-02,quinta-feira,22:50:00,SC,282,"3,0",FLORIANOPOLIS,Ausência de reação do condutor,Saída de leito carroçável,Com Vítimas Feridas,Plena Noite,Crescente,Céu Claro,Múltipla,Curva,Sim,1,0,0,1,0,0,1,1,-27.600384,-48.599705,SPRF-SC,DEL01-SC,UOP01-DEL01-SC,2024
"597910,0",2024-02-28,quarta-feira,13:15:00,SC,101,"204,0",SAO JOSE,Acesso irregular,Colisão transversal,Com Vítimas Feridas,Pleno dia,Decrescente,Céu Claro,Múltipla,Viaduto;Interseção de Vias,Sim,3,0,1,0,2,0,1,2,-27.57413014,-48.61363083,SPRF-SC,DEL01-SC,UOP01-DEL01-SC,2024