id,data_inversa,dia_semana,horario,uf,br,km,municipio,causa_acidente,tipo_acidente,classificacao_acidente,fase_dia,sentido_via,condicao_metereologica,tipo_pista,tracado_via,uso_solo,pessoas,mortos,feridos_leves,feridos_graves,ilesos,ignorados,feridos,veiculos,latitude,longitude,regional,delegacia,uop,ano_arquivo
"597927,0",2024-05-03,sexta-feira,05:51:00,SC,470,"66,4",INDAIAL,Transitar no Acostamento,Colisão com objeto,Com Vítimas Feridas,Amanhecer,Decrescente,Garoa/Chuvisco,Dupla,Reta;Em Obras,Sim,1,0,1,0,0,0,1,1,-26.870407,-49.221844,SPRF-SC,DEL04-SC,UOP01-DEL04-SC,2024
"597936,0",2024-05-03,sexta-feira,07:30:00,SC,282,"1,0",FLORIANOPOLIS,Manobra de mudança de faixa,Colisão lateral mesmo sentido,Com Vítimas Feridas,Pleno dia,Decrescente,Céu Claro,Múltipla,Reta,Sim,3,0,1,0,1,1,1,3,-27.59845,-48.571995,SPRF-SC,DEL01-SC,UOP01-DEL01-SC,2024
"597945,0",2024-05-03,sexta-feira,06:30:00,SC,280,"230,0",CANOINHAS,Ingestão de álcool pelo condutor,Saída de leito carroçável,Sem Vítimas,Amanhecer,Crescente,Nublado,Simples,Rotatória,Sim,1,0,0,0,1,0,0,1,-26.18756479,-50.36192211,SPRF-SC,DEL06-SC,UOP04-DEL06-SC,2024
"597952,0",2024-05-03,sexta-feira,08:40:00,SC,101,"214,9",PALHOCA,Ausência de reação do condutor,Colisão traseira,Com Vítimas Feridas,Pleno dia,Crescente,Céu Claro,Simples,Reta,Sim,2,0,1,0,0,1,1,2,-27.64443,-48.67057,SPRF-SC,DEL01-SC,UOP02-DEL01-SC,2024
"598002,0",2024-05-03,sexta-feira,14:35:00,SC,101,"46,0",JOINVILLE,Transitar na contramão,Atropelamento de Pedestre,Com Vítimas Feridas,Pleno dia,Decrescente,Nublado,Múltipla,Reta,Não,2,0,1,0,1,0,1,2,-26.33150083,-48.86187762,SPRF-SC,DEL03-SC,UOP01-DEL03-SC,2024
"598003,0",2024-03-18,segunda-feira,10:05:00,SC,280,"5,4",SAO FRANCISCO DO SUL,Trafegar com motocicleta (ou similar) entre as faixas,Colisão frontal,Com Vítimas Feridas,Pleno dia,Decrescente,Céu Claro,Simples,Reta;Interseção de Vias,Sim,2,0,1,0,1,0,1,2,-26.26274621,-48.62922192,SPRF-SC,DEL03-SC,UOP03-DEL03-SC,2024
"598010,0",2024-05-03,sexta-feira,15:20:00,SC,101,"186,0",BIGUACU,Reação tardia ou ineficiente do condutor,Saída de leito carroçável,Com Vítimas Feridas,Pleno dia,Crescente,Nublado,Dupla,Curva,Não,1,0,1,0,0,0,1,1,-27.4341098,-48.62567129,SPRF-SC,DEL01-SC,UOP01-DEL01-SC,2024
"598012,0",2024-05-03,sexta-feira,15:15:00,SC,101,"214,0",PALHOCA,Manobra de mudança de faixa,Colisão traseira,Com Vítimas Feridas,Pleno dia,Crescente,Nublado,Múltipla,Reta,Sim,3,0,1,0,2,0,1,3,-27.64443,-48.67057,SPRF-SC,DEL01-SC,UOP02-DEL01-SC,2024
"598026,0",2024-05-03,sexta-feira,15:00:00,SC,282,"612,3",MARAVILHA,Chuva,Saída de leito carroçável,Com Vítimas Feridas,Pleno dia,Crescente,Chuva,Simples,Aclive;Curva,Não,2,0,2,0,0,0,2,1,-26.75906,-53.248955,SPRF-SC,DEL07-SC,UOP02-DEL07-SC,2024
"598043,0",2024-05-03,sexta-feira,14:20:00,SC,101,"104,0",BALNEARIO PICARRAS,Avarias e/ou desgaste excessivo no pneu,Queda de ocupante de veículo,Com Vítimas Feridas,Pleno dia,Crescente,Céu Claro,Dupla,Reta,Não,1,0,1,0,0,0,1,1,-26.79281742,-48.68080819,SPRF-SC,DEL03-SC,UOP02-DEL03-SC,2024
"598047,0",2024-05-03,sexta-feira,17:30:00,SC,101,"340,2",TUBARAO,Transitar na contramão,Colisão traseira,Com Vítimas Feridas,Anoitecer,Decrescente,Garoa/Chuvisco,Múltipla,Reta,Sim,4,0,1,0,1,2,1,3,-28.501444,-49.04690399,SPRF-SC,DEL02-SC,UOP01-DEL02-SC,2024
"598068,0",2024-05-03,sexta-feira,18:30:00,SC,101,"132,0",CAMBORIU,Ausência de reação do condutor,Queda de ocupante de veículo,Com Vítimas Feridas,Plena Noite,Decrescente,Garoa/Chuvisco,Simples,Reta,Não,1,0,1,0,0,0,1,1,-26.99654133,-48.65564711,SPRF-SC,DEL04-SC,UOP03-DEL04-SC,2024
"598070,0",2024-05-03,sexta-feira,18:45:00,SC,101,"137,0",BALNEARIO CAMBORIU,Reação tardia ou ineficiente do condutor,Tombamento,Com Vítimas Feridas,Plena Noite,Decrescente,Garoa/Chuvisco,Dupla,Reta,Sim,1,0,1,0,0,0,1,1,-27.0157238,-48.61192763,SPRF-SC,DEL04-SC,UOP03-DEL04-SC,2024
"598101,0",2024-05-03,sexta-feira,20:50:00,SC,101,"382,6",ICARA,Ingestão de álcool pelo condutor,Saída de leito carroçável,Sem Vítimas,Plena Noite,Decrescente,Garoa/Chuvisco,Múltipla,Reta;Interseção de Vias;Aclive,Sim,1,0,0,0,0,1,0,1,-28.770602,-49.307206,SPRF-SC,DEL02-SC,UOP02-DEL02-SC,2024
"598107,0",2024-05-03,sexta-feira,22:50:00,SC,101,"197,0",BIGUACU,Reação tardia ou ineficiente do condutor,Colisão lateral mesmo sentido,Com Vítimas Feridas,Plena Noite,Crescente,Garoa/Chuvisco,Múltipla,Reta,Sim,2,0,1,0,1,0,1,2,-27.51844497,-48.63848496,SPRF-SC,DEL01-SC,UOP01-DEL01-SC,2024
"598131,0",2024-05-04,sábado,01:00:00,SC,101,"213,0",PALHOCA,Ausência de reação do condutor,Colisão com objeto,Com Vítimas Feridas,Plena Noite,Crescente,Garoa/Chuvisco,Múltipla,Reta,Sim,1,0,0,1,0,0,1,1,-27.638478,-48.66625,SPRF-SC,DEL01-SC,UOP02-DEL01-SC,2024
"598134,0",2024-05-04,sábado,01:30:00,SC,101,"340,0",TUBARAO,Velocidade Incompatível,Colisão traseira,Sem Vítimas,Plena Noite,Decrescente,Chuva,Múltipla,Reta,Sim,2,0,0,0,2,0,0,2,-28.501444,-49.04690399,SPRF-SC,DEL02-SC,UOP01-DEL02-SC,2024
"598135,0",2024-05-04,sábado,00:20:00,SC,101,"163,0",TIJUCAS,Ausência de reação do condutor,Colisão com objeto,Sem Vítimas,Plena Noite,Crescente,Garoa/Chuvisco,Dupla,Retorno Regulamentado,Sim,1,0,0,0,1,0,0,1,-27.23461699,-48.63039809,SPRF-SC,DEL04-SC,UOP03-DEL04-SC,2024
"598151,0",2024-05-04,sábado,04:00:00,SC,101,"102,0",BALNEARIO PICARRAS,Condutor Dormindo,Capotamento,Sem Vítimas,Plena Noite,Decrescente,Garoa/Chuvisco,Múltipla,Reta,Não,1,0,0,0,0,1,0,1,-26.77383397,-48.68594062,SPRF-SC,DEL03-SC,UOP02-DEL03-SC,2024
"598162,0",2024-05-04,sábado,04:30:00,SC,101,"97,0",BALNEARIO PICARRAS,Ausência de reação do condutor,Saída de leito carroçável,Sem Vítimas,Plena Noite,Decrescente,Garoa/Chuvisco,Múltipla,Reta,Sim,1,0,0,0,0,1,0,1,-26.72823703,-48.70224928,SPRF-SC,DEL03-SC,UOP02-DEL03-SC,2024
"598170,0",2024-05-04,sábado,07:00:00,SC,280,"69,8",JARAGUA DO SUL,Ausência de reação do condutor,Colisão transversal,Com Vítimas Feridas,Pleno dia,Decrescente,Nublado,Simples,Reta,Sim,2,0,1,0,1,0,1,2,-26.46803296,-49.11833097,SPRF-SC,DEL03-SC,UOP03-DEL03-SC,2024
"598174,0",2024-05-04,sábado,08:10:00,SC,282,"0,5",FLORIANOPOLIS,Velocidade Incompatível,Colisão lateral mesmo sentido,Sem Vítimas,Pleno dia,Crescente,Chuva,Dupla,Curva,Sim,3,0,0,0,3,0,0,3,-27.59845,-48.571995,SPRF-SC,DEL01-SC,UOP01-DEL01-SC,2024
"598228,0",2024-05-04,sábado,13:00:00,SC,101,"95,0",BARRA VELHA,Ausência de reação do condutor,Colisão com objeto,Com Vítimas Feridas,Pleno dia,Crescente,Nublado,Dupla,Reta;Viaduto,Sim,2,0,2,0,0,0,2,1,-26.70876413,-48.70221065,SPRF-SC,DEL03-SC,UOP02-DEL03-SC,2024
"598247,0",2024-05-04,sábado,15:40:00,SC,470,"66,0",INDAIAL,Reação tardia ou ineficiente do condutor,Colisão transversal,Com Vítimas Feridas,Pleno dia,Crescente,Céu Claro,Simples,Reta;Rotatória;Retorno Regulamentado,Sim,3,0,1,1,1,0,2,2,-26.870407,-49.221844,SPRF-SC,DEL04-SC,UOP01-DEL04-SC,2024
"598251,0",2024-05-04,sábado,15:35:00,SC,101,"113,0",ITAJAI,Ausência de reação do condutor,Saída de leito carroçável,Com Vítimas Feridas,Pleno dia,Decrescente,Céu Claro,Múltipla,Reta,Não,1,0,1,0,0,0,1,1,-26.85311393,-48.72689927,SPRF-SC,DEL04-SC,UOP04-DEL04-SC,2024
"598257,0",2024-05-04,sábado,09:00:00,SC,101,"143,0",ITAPEMA,Acessar a via sem observar a presença dos outros veículos,Colisão traseira,Com Vítimas Feridas,Pleno dia,Crescente,Sol,Dupla,Viaduto;Interseção de Vias;Reta;Declive,Sim,2,0,2,0,0,0,2,2,-27.06436,-48.59599405,SPRF-SC,DEL04-SC,UOP03-DEL04-SC,2024
"598269,0",2024-05-04,sábado,15:30:00,SC,101,"446,0",SANTA ROSA DO SUL,Ausência de reação do condutor,Saída de leito carroçável,Com Vítimas Feridas,Pleno dia,Decrescente,Chuva,Múltipla,Curva,Não,1,0,1,0,0,0,1,1,-29.14529081,-49.72240128,SPRF-SC,DEL02-SC,UOP02-DEL02-SC,2024
"598270,0",2024-05-04,sábado,16:00:00,SC,101,"414,0",ARARANGUA,Chuva,Colisão com objeto,Sem Vítimas,Pleno dia,Crescente,Chuva,Dupla,Reta,Não,1,0,0,0,1,0,0,1,-28.95360392,-49.50985011,SPRF-SC,DEL02-SC,UOP02-DEL02-SC,2024
"598289,0",2024-05-04,sábado,19:00:00,SC,101,"206,8",SAO JOSE,Desrespeitar a preferência no cruzamento,Colisão transversal,Com Vítimas Feridas,Plena Noite,Decrescente,Céu Claro,Múltipla,Interseção de Vias,Não,2,0,2,0,0,0,2,2,-27.59193546,-48.61824557,SPRF-SC,DEL01-SC,UOP01-DEL01-SC,2024
"598293,0",2024-05-04,sábado,19:00:00,SC,470,"50,0",BLUMENAU,Velocidade Incompatível,Colisão traseira,Com Vítimas Feridas,Plena Noite,Crescente,Nublado,Dupla,Curva,Não,2,0,1,0,0,1,1,2,-26.85977331,-49.07759527,SPRF-SC,DEL04-SC,UOP01-DEL04-SC,2024
"598299,0",2024-05-04,sábado,17:30:00,SC,470,"316,7",CAMPOS NOVOS,Velocidade Incompatível,Saída de leito carroçável,Com Vítimas Feridas,Anoitecer,Crescente,Chuva,Simples,Reta,Não,2,0,1,0,1,0,1,1,-27.399858,-51.198162,SPRF-SC,DEL07-SC,UOP06-DEL07-SC,2024
"598306,0",2024-05-04,sábado,20:10:00,SC,280,"12,3",SAO FRANCISCO DO SUL,Ausência de reação do condutor,Saída de leito carroçável,Com Vítimas Feridas,Plena Noite,Crescente,Nublado,Simples,Reta,Não,1,0,1,0,0,0,1,1,-26.315316,-48.645498,SPRF-SC,DEL03-SC,UOP03-DEL03-SC,2024
"598312,0",2024-05-04,sábado,20:50:00,SC,470,"2,0",NAVEGANTES,Conversão proibida,Colisão transversal,Com Vítimas Feridas,Plena Noite,Crescente,Céu Claro,Múltipla,Reta,Sim,5,0,3,1,0,1,4,3,-26.868551,-48.674831,SPRF-SC,DEL04-SC,UOP04-DEL04-SC,2024
"598322,0",2024-05-04,sábado,19:10:00,SC,282,"645,8",SAO MIGUEL DO OESTE,Conversão proibida,Colisão lateral mesmo sentido,Com Vítimas Feridas,Plena Noite,Crescente,Nublado,Simples,Reta;Aclive,Não,5,0,3,0,2,0,3,3,-26.76406188,-53.49663734,SPRF-SC,DEL07-SC,UOP03-DEL07-SC,2024
"598332,0",2024-05-04,sábado,22:45:00,SC,101,"209,0",SAO JOSE,Manobra de mudança de faixa,Tombamento,Com Vítimas Feridas,Plena Noite,Decrescente,Céu Claro,Dupla,Reta,Sim,2,0,1,1,0,0,2,1,-27.61000542,-48.63895057,SPRF-SC,DEL01-SC,UOP01-DEL01-SC,2024
"598358,0",2024-05-05,domingo,01:50:00,SC,470,"245,0",CURITIBANOS,Ingestão de álcool pelo condutor,Saída de leito carroçável,Sem Vítimas,Plena Noite,Decrescente,Céu Claro,Simples,Reta,Não,1,0,0,0,1,0,0,1,-27.316158,-50.524006,SPRF-SC,DEL05-SC,UOP03-DEL05-SC,2024
"598370,0",2024-05-05,domingo,03:00:00,SC,101,"426,8",SOMBRIO,Condutor Dormindo,Saída de leito carroçável,Com Vítimas Feridas,Plena Noite,Crescente,Céu Claro,Múltipla,Reta,Sim,2,0,1,0,1,0,1,1,-29.02593927,-49.59976914,SPRF-SC,DEL02-SC,UOP02-DEL02-SC,2024
"598372,0",2024-05-05,domingo,04:40:00,SC,101,"275,6",IMBITUBA,Condutor Dormindo,Colisão com objeto,Sem Vítimas,Plena Noite,Decrescente,Céu Claro,Múltipla,Reta,Não,1,0,0,0,1,0,0,1,-28.138086,-48.69218292,SPRF-SC,DEL02-SC,UOP03-DEL02-SC,2024
"598376,0",2024-05-05,domingo,05:00:00,SC,101,"46,3",JOINVILLE,Ingestão de álcool pelo condutor,Colisão com objeto,Sem Vítimas,Amanhecer,Crescente,Nublado,Múltipla,Reta,Não,1,0,0,0,1,0,0,1,-26.33150083,-48.86187762,SPRF-SC,DEL03-SC,UOP01-DEL03-SC,2024
"598389,0",2024-05-04,sábado,21:00:00,SC,280,"4,0",SAO FRANCISCO DO SUL,Ingestão de álcool pelo condutor,Colisão frontal,Com Vítimas Feridas,Plena Noite,Crescente,Nublado,Simples,Reta,Não,3,0,1,0,2,0,1,2,-26.25329566,-48.61916042,SPRF-SC,DEL03-SC,UOP03-DEL03-SC,2024
"598399,0",2024-05-05,domingo,06:50:00,SC,101,"209,9",SAO JOSE,Condutor Dormindo,Colisão com objeto,Sem Vítimas,Pleno dia,Decrescente,Sol,Múltipla,Reta,Sim,1,0,0,0,0,1,0,1,-27.61000542,-48.63895057,SPRF-SC,DEL01-SC,UOP01-DEL01-SC,2024
"598403,0",2024-04-27,sábado,11:10:00,SC,101,"281,4",IMBITUBA,Objeto estático sobre o leito carroçável,Colisão com objeto,Com Vítimas Feridas,Pleno dia,Crescente,Céu Claro,Múltipla,Reta,Sim,1,0,1,0,0,0,1,1,-28.18793595,-48.69652041,SPRF-SC,DEL02-SC,UOP03-DEL02-SC,2024
"598452,0",2024-05-05,domingo,13:30:00,SC,470,"129,0",LONTRAS,Ingestão de álcool pelo condutor,Saída de leito carroçável,Com Vítimas Feridas,Pleno dia,Crescente,Céu Claro,Simples,Curva,Não,3,0,1,0,2,0,1,1,-27.148499,-49.556137,SPRF-SC,DEL04-SC,UOP02-DEL04-SC,2024
"598457,0",2024-05-05,domingo,14:00:00,SC,101,"54,5",JOINVILLE,Demais falhas mecânicas ou elétricas,Tombamento,Com Vítimas Feridas,Pleno dia,Crescente,Céu Claro,Dupla,Reta,Sim,2,0,2,0,0,0,2,1,-26.41319508,-48.83617332,SPRF-SC,DEL03-SC,UOP01-DEL03-SC,2024
"598466,0",2024-05-05,domingo,14:55:00,SC,470,"154,2",AGRONOMICA,Ultrapassagem Indevida,Colisão lateral mesmo sentido,Com Vítimas Feridas,Pleno dia,Decrescente,Céu Claro,Simples,Reta,Não,2,0,1,0,1,0,1,2,-27.2745807,-49.74668384,SPRF-SC,DEL04-SC,UOP02-DEL04-SC,2024
"598478,0",2024-05-05,domingo,15:50:00,SC,116,"236,0",CORREIA PINTO,Conversão proibida,Colisão transversal,Com Vítimas Feridas,Pleno dia,Decrescente,Céu Claro,Simples,Reta,Não,3,0,2,0,0,1,2,3,-27.72090493,-50.33607643,SPRF-SC,DEL05-SC,UOP01-DEL05-SC,2024
"598492,0",2024-05-05,domingo,16:40:00,SC,480,"130,0",CHAPECO,Ausência de reação do condutor,Colisão lateral mesmo sentido,Com Vítimas Feridas,Pleno dia,Crescente,Céu Claro,Dupla,Interseção de Vias;Reta,Sim,3,0,0,1,0,2,1,2,-27.05534298,-52.63652069,SPRF-SC,DEL07-SC,UOP01-DEL07-SC,2024
"598499,0",2024-05-05,domingo,18:30:00,SC,280,"243,7",CANOINHAS,Acessar a via sem observar a presença dos outros veículos,Atropelamento de Animal,Com Vítimas Feridas,Plena Noite,Crescente,Céu Claro,Simples,Reta,Não,2,0,0,1,1,0,1,2,-26.23350047,-50.47668595,SPRF-SC,DEL06-SC,UOP04-DEL06-SC,2024
"598508,0",2024-05-05,domingo,17:40:00,SC,101,"91,0",BARRA VELHA,Manobra de mudança de faixa,Tombamento,Com Vítimas Feridas,Plena Noite,Crescente,Céu Claro,Dupla,Reta,Sim,3,0,0,2,0,1,2,2,-26.67120698,-48.69011814,SPRF-SC,DEL03-SC,UOP02-DEL03-SC,2024
"598512,0",2024-05-05,domingo,19:30:00,SC,101,"2,0",ARARANGUA,Reação tardia ou ineficiente do condutor,Colisão traseira,Com Vítimas Feridas,Plena Noite,Decrescente,Ignorado,Simples,Reta,Sim,2,0,1,0,1,0,1,2,-28.94026087,-49.49958801,SPRF-SC,DEL03-SC,UOP01-DEL03-SC,2024
"598536,0",2024-05-05,domingo,18:30:00,SC,101,"400,7",MARACAJA,Acessar a via sem observar a presença dos outros veículos,Colisão transversal,Com Vítimas Feridas,Plena Noite,Crescente,Nublado,Múltipla,Reta,Sim,2,0,1,0,1,0,1,2,-28.86813435,-49.4500047,SPRF-SC,DEL02-SC,UOP02-DEL02-SC,2024
"598542,0",2024-05-05,domingo,21:40:00,SC,101,"201,4",SAO JOSE,Reação tardia ou ineficiente do condutor,Queda de ocupante de veículo,Com Vítimas Feridas,Plena Noite,Decrescente,Céu Claro,Múltipla,Reta,Não,2,0,1,1,0,0,2,1,-27.54836599,-48.61977975,SPRF-SC,DEL01-SC,UOP01-DEL01-SC,2024
"598553,0",2024-05-05,domingo,22:55:00,SC,101,"199,0",SAO JOSE,Transitar na contramão,Colisão frontal,Com Vítimas Feridas,Plena Noite,Crescente,Céu Claro,Múltipla,Reta,Sim,2,0,2,0,0,0,2,2,-27.53661556,-48.62719417,SPRF-SC,DEL01-SC,UOP01-DEL01-SC,2024
"598565,0",2024-05-05,domingo,19:45:00,SC,282,"678,4",PARAISO,Ingestão de álcool pelo condutor,Colisão frontal,Com Vítimas Fatais,Plena Noite,Decrescente,Nublado,Simples,Aclive;Curva,Não,2,1,0,1,0,0,1,2,-26.6132355,-53.7172864,SPRF-SC,DEL07-SC,UOP03-DEL07-SC,2024
"598569,0",2024-05-05,domingo,23:40:00,SC,282,"283,5",SAO JOSE DO CERRITO,Transitar na contramão,Colisão frontal,Com Vítimas Fatais,Plena Noite,Crescente,Nevoeiro/Neblina,Simples,Curva,Não,5,1,1,0,3,0,1,2,-27.57744911,-50.79288483,SPRF-SC,DEL05-SC,UOP02-DEL05-SC,2024
"598586,0",2024-05-05,domingo,19:20:00,SC,101,"248,0",PAULO LOPES,Ausência de reação do condutor,Tombamento,Com Vítimas Feridas,Plena Noite,Decrescente,Nublado,Dupla,Reta,Não,1,0,1,0,0,0,1,1,-27.92619305,-48.65828191,SPRF-SC,DEL02-SC,UOP03-DEL02-SC,2024
"598593,0",2024-05-06,segunda-feira,07:30:00,SC,101,"209,9",SAO JOSE,Condutor deixou de manter distância do veículo da frente,Colisão traseira,Com Vítimas Feridas,Pleno dia,Decrescente,Sol,Múltipla,Reta,Não,2,0,1,0,1,0,1,2,-27.61000542,-48.63895057,SPRF-SC,DEL01-SC,UOP01-DEL01-SC,2024
"598603,0",2024-05-06,segunda-feira,07:30:00,SC,101,"439,9",SANTA ROSA DO SUL,Acessar a via sem observar a presença dos outros veículos,Colisão traseira,Com Vítimas Feridas,Pleno dia,Decrescente,Céu Claro,Múltipla,Reta,Sim,2,0,1,0,1,0,1,2,-29.12603495,-49.67334151,SPRF-SC,DEL02-SC,UOP02-DEL02-SC,2024
"598624,0",2024-05-03,sexta-feira,05:30:00,SC,101,"117,0",ITAJAI,Ingestão de álcool pelo condutor,Colisão com objeto,Sem Vítimas,Amanhecer,Crescente,Nublado,Múltipla,Reta,Não,1,0,0,0,0,1,0,1,-26.88747187,-48.72252969,SPRF-SC,DEL04-SC,UOP04-DEL04-SC,2024
"598626,0",2024-01-11,quinta-feira,17:00:00,SC,101,"137,0",BALNEARIO CAMBORIU,Acessar a via sem observar a presença dos outros veículos,Colisão lateral mesmo sentido,Com Vítimas Feridas,Pleno dia,Decrescente,Nublado,Dupla,Reta,Sim,3,0,1,0,1,1,1,3,-27.0157238,-48.61192763,SPRF-SC,DEL04-SC,UOP03-DEL04-SC,2024
"598648,0",2024-05-06,segunda-feira,12:25:00,SC,282,"16,4",PALHOCA,Acessar a via sem observar a presença dos outros veículos,Colisão transversal,Com Vítimas Feridas,Pleno dia,Crescente,Céu Claro,Simples,Reta,Sim,2,0,0,1,1,0,1,2,-27.658611,-48.681847,SPRF-SC,DEL01-SC,UOP02-DEL01-SC,2024
"598681,0",2024-05-06,segunda-feira,15:45:00,SC,282,"501,4",XANXERE,Desrespeitar a preferência no cruzamento,Colisão transversal,Com Vítimas Feridas,Pleno dia,Crescente,Sol,Dupla,Reta;Interseção de Vias,Sim,2,0,1,0,1,0,1,2,-26.882715,-52.381729,SPRF-SC,DEL07-SC,UOP01-DEL07-SC,2024
"598697,0",2024-05-06,segunda-feira,17:10:00,SC,101,"207,0",SAO JOSE,Entrada inopinada do pedestre,Atropelamento de Pedestre,Com Vítimas Feridas,Anoitecer,Decrescente,Céu Claro,Dupla,Reta;Interseção de Vias,Sim,2,0,1,0,1,0,1,2,-27.60001226,-48.6226467,SPRF-SC,DEL01-SC,UOP01-DEL01-SC,2024
"598708,0",2024-05-06,segunda-feira,18:21:00,SC,101,"225,8",PALHOCA,Demais falhas mecânicas ou elétricas,Queda de ocupante de veículo,Com Vítimas Feridas,Pleno dia,Crescente,Céu Claro,Dupla,Reta,Não,1,0,1,0,0,0,1,1,-27.73292191,-48.6409567,SPRF-SC,DEL01-SC,UOP02-DEL01-SC,2024
"598711,0",2024-05-06,segunda-feira,18:30:00,SC,101,"138,8",BALNEARIO CAMBORIU,Objeto estático sobre o leito carroçável,Colisão com objeto,Com Vítimas Feridas,Plena Noite,Decrescente,Céu Claro,Dupla,Reta,Não,1,0,1,0,0,0,1,1,-27.02397426,-48.60761649,SPRF-SC,DEL04-SC,UOP03-DEL04-SC,2024
"598719,0",2024-05-06,segunda-feira,18:35:00,SC,480,"124,8",CHAPECO,Velocidade Incompatível,Colisão traseira,Com Vítimas Feridas,Plena Noite,Decrescente,Céu Claro,Dupla,Reta,Não,2,0,0,1,1,0,1,2,-27.00359519,-52.64391044,SPRF-SC,DEL07-SC,UOP01-DEL07-SC,2024
"598720,0",2024-05-06,segunda-feira,19:30:00,SC,101,"110,6",PENHA,Demais falhas mecânicas ou elétricas,Queda de ocupante de veículo,Com Vítimas Feridas,Plena Noite,Decrescente,Céu Claro,Dupla,Curva,Sim,1,0,1,0,0,0,1,1,-26.83477,-48.706151,SPRF-SC,DEL04-SC,UOP04-DEL04-SC,2024
"598722,0",2024-05-06,segunda-feira,19:25:00,SC,101,"213,0",PALHOCA,Trafegar com motocicleta (ou similar) entre as faixas,Colisão lateral mesmo sentido,Com Vítimas Feridas,Pleno dia,Crescente,Céu Claro,Múltipla,Reta,Sim,4,0,2,1,1,0,3,3,-27.63697369,-48.66514142,SPRF-SC,DEL01-SC,UOP02-DEL01-SC,2024
"598788,0",2024-05-07,terça-feira,08:40:00,SC,101,"212,1",PALHOCA,Trafegar com motocicleta (ou similar) entre as faixas,Colisão lateral mesmo sentido,Com Vítimas Feridas,Pleno dia,Decrescente,Céu Claro,Múltipla,Reta,Sim,2,0,1,0,1,0,1,2,-27.62996929,-48.65903871,SPRF-SC,DEL01-SC,UOP02-DEL01-SC,2024
"598807,0",2024-05-07,terça-feira,07:30:00,SC,280,"233,0",CANOINHAS,Transitar na contramão,Colisão frontal,Com Vítimas Feridas,Pleno dia,Crescente,Céu Claro,Simples,Reta,Sim,3,0,2,0,1,0,2,2,-26.19146187,-50.39215,SPRF-SC,DEL06-SC,UOP04-DEL06-SC,2024
"598810,0",2024-05-07,terça-feira,11:05:00,SC,101,"202,0",SAO JOSE,Condutor deixou de manter distância do veículo da frente,Colisão traseira,Com Vítimas Feridas,Pleno dia,Decrescente,Céu Claro,Simples,Reta,Sim,2,0,1,0,1,0,1,2,-27.55711595,-48.61897889,SPRF-SC,DEL01-SC,UOP01-DEL01-SC,2024
"598866,0",2024-05-07,terça-feira,16:05:00,SC,280,"2,7",SAO FRANCISCO DO SUL,Acessar a via sem observar a presença dos outros veículos,Colisão transversal,Com Vítimas Feridas,Pleno dia,Crescente,Céu Claro,Simples,Reta,Não,2,0,1,0,1,0,1,2,-26.243221,-48.616454,SPRF-SC,DEL03-SC,UOP03-DEL03-SC,2024
"598870,0",2024-05-07,terça-feira,15:45:00,SC,101,"360,1",SANGAO,Ultrapassagem Indevida,Colisão transversal,Com Vítimas Feridas,Pleno dia,Crescente,Céu Claro,Múltipla,Reta,Sim,2,0,1,0,1,0,1,2,-28.65823109,-49.10991486,SPRF-SC,DEL02-SC,UOP01-DEL02-SC,2024
"598871,0",2024-05-07,terça-feira,16:10:00,SC,101,"212,9",PALHOCA,Avarias e/ou desgaste excessivo no pneu,Tombamento,Com Vítimas Feridas,Pleno dia,Crescente,Céu Claro,Múltipla,Reta,Sim,2,0,2,0,0,0,2,1,-27.62996929,-48.65903871,SPRF-SC,DEL01-SC,UOP02-DEL01-SC,2024
"598872,0",2024-05-07,terça-feira,15:25:00,SC,101,"37,3",JOINVILLE,Condutor Dormindo,Colisão com objeto,Com Vítimas Feridas,Pleno dia,Decrescente,Céu Claro,Dupla,Reta,Não,1,0,1,0,0,0,1,1,-26.25050176,-48.90863867,SPRF-SC,DEL03-SC,UOP01-DEL03-SC,2024
"598874,0",2024-05-07,terça-feira,15:45:00,SC,470,"10,1",NAVEGANTES,Acessar a via sem observar a presença dos outros veículos,Colisão frontal,Com Vítimas Feridas,Pleno dia,Crescente,Nublado,Dupla,Interseção de Vias;Retorno Regulamentado;Reta,Não,3,0,0,3,0,0,3,2,-26.833693,-48.73724,SPRF-SC,DEL04-SC,UOP04-DEL04-SC,2024
"598875,0",2024-05-07,terça-feira,16:30:00,SC,101,"135,0",BALNEARIO CAMBORIU,Acessar a via sem observar a presença dos outros veículos,Colisão transversal,Com Vítimas Feridas,Pleno dia,Crescente,Céu Claro,Múltipla,Reta,Sim,2,0,1,0,0,1,1,2,-27.0050108,-48.62677494,SPRF-SC,DEL04-SC,UOP03-DEL04-SC,2024
"598883,0",2024-05-07,terça-feira,17:15:00,SC,101,"5,2",ARARANGUA,Desrespeitar a preferência no cruzamento,Colisão lateral mesmo sentido,Com Vítimas Feridas,Pleno dia,Crescente,Céu Claro,Simples,Rotatória,Sim,2,0,1,0,1,0,1,2,-28.95798592,-49.51427579,SPRF-SC,DEL02-SC,UOP02-DEL02-SC,2024
"598888,0",2024-05-07,terça-feira,18:10:00,SC,101,"204,7",SAO JOSE,Ausência de reação do condutor,Colisão traseira,Com Vítimas Feridas,Plena Noite,Decrescente,Céu Claro,Dupla,Reta,Sim,2,0,1,0,1,0,1,2,-27.57413014,-48.61363083,SPRF-SC,DEL01-SC,UOP01-DEL01-SC,2024