id,data_inversa,dia_semana,horario,uf,br,km,municipio,causa_acidente,tipo_acidente,classificacao_acidente,fase_dia,sentido_via,condicao_metereologica,tipo_pista,tracado_via,uso_solo,pessoas,mortos,feridos_leves,feridos_graves,ilesos,ignorados,feridos,veiculos,latitude,longitude,regional,delegacia,uop,ano_arquivo
"598896,0",2024-05-07,terça-feira,17:45:00,SC,101,"209,8",SAO JOSE,Ausência de reação do condutor,Atropelamento de Pedestre,Com Vítimas Feridas,Plena Noite,Crescente,Céu Claro,Dupla,Reta,Sim,2,0,0,1,1,0,1,2,-27.61000542,-48.63895057,SPRF-SC,DEL01-SC,UOP01-DEL01-SC,2024
"598902,0",2024-05-07,terça-feira,19:10:00,SC,282,"18,0",PALHOCA,Pedestre cruzava a pista fora da faixa,Atropelamento de Pedestre,Com Vítimas Feridas,Plena Noite,Crescente,Céu Claro,Simples,Reta,Sim,4,0,2,0,1,1,2,4,-27.672798,-48.694286,SPRF-SC,DEL01-SC,UOP02-DEL01-SC,2024
"598909,0",2024-05-07,terça-feira,18:20:00,SC,101,"414,7",ARARANGUA,Pedestre cruzava a pista fora da faixa,Atropelamento de Pedestre,Com Vítimas Fatais,Plena Noite,Decrescente,Céu Claro,Dupla,Viaduto;Curva,Sim,3,1,0,0,2,0,0,2,-28.96328031,-49.52182889,SPRF-SC,DEL02-SC,UOP02-DEL02-SC,2024
"598916,0",2024-05-07,terça-feira,19:20:00,SC,101,"213,9",PALHOCA,Ingestão de álcool pelo condutor,Colisão transversal,Sem Vítimas,Plena Noite,Crescente,Céu Claro,Dupla,Interseção de Vias,Sim,3,0,0,0,3,0,0,3,-27.63697369,-48.66514142,SPRF-SC,DEL01-SC,UOP02-DEL01-SC,2024
"598925,0",2024-05-07,terça-feira,20:30:00,SC,101,"154,0",PORTO BELO,Avarias e/ou desgaste excessivo no pneu,Tombamento,Com Vítimas Feridas,Plena Noite,Crescente,Nublado,Múltipla,Reta,Não,2,0,1,0,1,0,1,1,-27.153819,-48.61086393,SPRF-SC,DEL04-SC,UOP03-DEL04-SC,2024
"598929,0",2024-05-07,terça-feira,18:55:00,SC,282,"210,0",LAGES,Animais na Pista,Atropelamento de Animal,Com Vítimas Feridas,Plena Noite,Decrescente,Céu Claro,Simples,Reta;Declive,Não,4,0,2,0,2,0,2,2,-27.778582,-50.231815,SPRF-SC,DEL05-SC,UOP01-DEL05-SC,2024
"598939,0",2024-05-07,terça-feira,21:05:00,SC,101,"397,0",MARACAJA,Condutor Dormindo,Colisão com objeto,Com Vítimas Feridas,Plena Noite,Decrescente,Céu Claro,Múltipla,Reta;Viaduto,Não,3,0,0,2,0,1,2,2,-28.83036461,-49.41244828,SPRF-SC,DEL02-SC,UOP02-DEL02-SC,2024
"598942,0",2024-05-07,terça-feira,22:15:00,SC,280,"67,0",JARAGUA DO SUL,Acessar a via sem observar a presença dos outros veículos,Colisão transversal,Com Vítimas Feridas,Plena Noite,Crescente,Céu Claro,Simples,Reta,Sim,2,0,1,0,1,0,1,2,-26.4775146,-49.10363575,SPRF-SC,DEL03-SC,UOP03-DEL03-SC,2024
"598953,0",2024-05-08,quarta-feira,00:25:00,SC,282,"664,0",PARAISO,Condutor deixou de manter distância do veículo da frente,Colisão traseira,Sem Vítimas,Plena Noite,Decrescente,Céu Claro,Simples,Curva,Não,3,0,0,0,1,2,0,2,-26.666431,-53.600082,SPRF-SC,DEL07-SC,UOP03-DEL07-SC,2024
"598957,0",2024-05-08,quarta-feira,02:10:00,SC,101,"248,0",PAULO LOPES,Condutor Dormindo,Colisão traseira,Com Vítimas Feridas,Plena Noite,Decrescente,Céu Claro,Dupla,Reta,Não,2,0,1,0,1,0,1,2,-27.929507,-48.659795,SPRF-SC,DEL02-SC,UOP03-DEL02-SC,2024
"598981,0",2024-05-08,quarta-feira,01:00:00,SC,101,"148,0",ITAPEMA,Condutor Dormindo,Capotamento,Com Vítimas Feridas,Plena Noite,Decrescente,Garoa/Chuvisco,Dupla,Reta,Sim,1,0,1,0,0,0,1,1,-27.10123686,-48.61807962,SPRF-SC,DEL04-SC,UOP03-DEL04-SC,2024
"598999,0",2024-05-08,quarta-feira,08:30:00,SC,282,"32,5",SANTO AMARO DA IMPERATRIZ,Ultrapassagem Indevida,Colisão lateral mesmo sentido,Com Vítimas Feridas,Pleno dia,Decrescente,Céu Claro,Simples,Curva,Sim,2,0,1,0,0,1,1,2,-27.70389849,-48.8045054,SPRF-SC,DEL01-SC,UOP03-DEL01-SC,2024
"599015,0",2024-05-08,quarta-feira,10:30:00,SC,282,"16,2",PALHOCA,Trafegar com motocicleta (ou similar) entre as faixas,Colisão transversal,Com Vítimas Feridas,Pleno dia,Decrescente,Sol,Simples,Reta,Não,2,0,1,0,1,0,1,2,-27.658611,-48.681847,SPRF-SC,DEL01-SC,UOP02-DEL01-SC,2024
"599019,0",2024-05-08,quarta-feira,08:50:00,SC,116,"271,9",CAPAO ALTO,Transitar na contramão,Colisão frontal,Com Vítimas Feridas,Pleno dia,Crescente,Céu Claro,Simples,Reta;Declive,Não,5,0,1,2,2,0,3,3,-27.97707988,-50.50914813,SPRF-SC,DEL05-SC,UOP02-DEL05-SC,2024
"599028,0",2024-05-08,quarta-feira,10:30:00,SC,101,"33,3",JOINVILLE,Ausência de reação do condutor,Saída de leito carroçável,Com Vítimas Feridas,Pleno dia,Crescente,Sol,Simples,Curva,Não,1,0,1,0,0,0,1,1,-26.23200799,-48.91678053,SPRF-SC,DEL03-SC,UOP01-DEL03-SC,2024
"599033,0",2024-05-08,quarta-feira,11:20:00,SC,470,"54,5",BLUMENAU,Ultrapassagem Indevida,Colisão lateral mesmo sentido,Com Vítimas Feridas,Pleno dia,Crescente,Céu Claro,Simples,Reta;Interseção de Vias;Retorno Regulamentado;Rotatória,Sim,2,0,1,0,1,0,1,2,-26.871065,-49.110374,SPRF-SC,DEL04-SC,UOP01-DEL04-SC,2024
"599036,0",2024-05-08,quarta-feira,11:58:00,SC,101,"148,0",ITAPEMA,Manobra de mudança de faixa,Colisão lateral mesmo sentido,Com Vítimas Feridas,Pleno dia,Crescente,Céu Claro,Múltipla,Reta,Sim,2,0,1,0,1,0,1,2,-27.10123686,-48.61807962,SPRF-SC,DEL04-SC,UOP03-DEL04-SC,2024
"599055,0",2024-05-08,quarta-feira,08:00:00,SC,101,"353,0",JAGUARUNA,Ausência de reação do condutor,Saída de leito carroçável,Com Vítimas Feridas,Pleno dia,Decrescente,Céu Claro,Múltipla,Reta,Não,1,0,1,0,0,0,1,1,-28.61232036,-49.06197674,SPRF-SC,DEL02-SC,UOP01-DEL02-SC,2024
"599058,0",2024-05-08,quarta-feira,13:45:00,SC,282,"6,0",SAO JOSE,Acessar a via sem observar a presença dos outros veículos,Colisão lateral mesmo sentido,Com Vítimas Feridas,Pleno dia,Decrescente,Céu Claro,Dupla,Curva,Não,2,0,1,0,0,1,1,2,-27.591936,-48.618244,SPRF-SC,DEL01-SC,UOP01-DEL01-SC,2024
"599060,0",2024-05-08,quarta-feira,13:30:00,SC,101,"201,5",SAO JOSE,Manobra de mudança de faixa,Colisão lateral mesmo sentido,Com Vítimas Feridas,Pleno dia,Crescente,Céu Claro,Múltipla,Reta;Aclive,Sim,3,0,2,0,1,0,2,3,-27.54836599,-48.61977975,SPRF-SC,DEL01-SC,UOP01-DEL01-SC,2024
"599068,0",2024-05-08,quarta-feira,12:50:00,SC,163,"67,0",SAO MIGUEL DO OESTE,Acessar a via sem observar a presença dos outros veículos,Colisão transversal,Com Vítimas Feridas,Plena Noite,Crescente,Céu Claro,Dupla,Reta,Sim,2,0,1,0,1,0,1,2,-26.759436,-53.50055292,SPRF-SC,DEL07-SC,UOP03-DEL07-SC,2024
"599084,0",2024-05-08,quarta-feira,12:30:00,SC,280,"5,1",SAO FRANCISCO DO SUL,Desrespeitar a preferência no cruzamento,Colisão frontal,Com Vítimas Feridas,Pleno dia,Decrescente,Céu Claro,Simples,Reta,Sim,2,0,1,0,1,0,1,2,-26.26011706,-48.62571995,SPRF-SC,DEL03-SC,UOP03-DEL03-SC,2024
"599089,0",2024-05-08,quarta-feira,13:57:00,SC,282,"217,3",LAGES,Desrespeitar a preferência no cruzamento,Colisão lateral mesmo sentido,Com Vítimas Feridas,Pleno dia,Crescente,Céu Claro,Simples,Reta,Sim,2,0,1,0,1,0,1,2,-27.797916,-50.302944,SPRF-SC,DEL05-SC,UOP01-DEL05-SC,2024
"599113,0",2024-05-08,quarta-feira,18:30:00,SC,470,"92,0",APIUNA,Condutor Dormindo,Capotamento,Com Vítimas Feridas,Plena Noite,Crescente,Céu Claro,Simples,Reta,Sim,2,0,2,0,0,0,2,1,-26.98592,-49.373047,SPRF-SC,DEL04-SC,UOP01-DEL04-SC,2024
"599115,0",2024-05-08,quarta-feira,18:00:00,SC,101,"210,0",SAO JOSE,Velocidade Incompatível,Engavetamento,Com Vítimas Feridas,Anoitecer,Decrescente,Nublado,Múltipla,Reta,Sim,5,0,2,0,3,0,2,3,-27.6167305,-48.6457265,SPRF-SC,DEL01-SC,UOP01-DEL01-SC,2024
"599128,0",2024-05-08,quarta-feira,18:30:00,SC,101,"124,5",ITAJAI,Pedestre cruzava a pista fora da faixa,Atropelamento de Pedestre,Com Vítimas Fatais,Anoitecer,Crescente,Céu Claro,Dupla,Reta,Sim,2,1,0,0,1,0,0,2,-26.94335064,-48.69198648,SPRF-SC,DEL04-SC,UOP04-DEL04-SC,2024
"599134,0",2024-05-08,quarta-feira,19:00:00,SC,470,"88,0",ASCURRA,Ausência de reação do condutor,Colisão frontal,Com Vítimas Feridas,Plena Noite,Crescente,Céu Claro,Simples,Reta;Ponte,Sim,3,0,1,0,1,1,1,2,-26.955355,-49.373169,SPRF-SC,DEL04-SC,UOP01-DEL04-SC,2024
"599152,0",2024-05-08,quarta-feira,21:15:00,SC,101,"219,6",PALHOCA,Ingestão de álcool pelo condutor,Colisão traseira,Com Vítimas Feridas,Plena Noite,Decrescente,Céu Claro,Dupla,Reta,Não,2,0,1,0,1,0,1,2,-27.68392194,-48.66710085,SPRF-SC,DEL01-SC,UOP02-DEL01-SC,2024
"599155,0",2024-05-08,quarta-feira,13:30:00,SC,101,"146,0",ITAPEMA,Desrespeitar a preferência no cruzamento,Colisão transversal,Com Vítimas Feridas,Pleno dia,Crescente,Céu Claro,Dupla,Interseção de Vias;Retorno Regulamentado;Túnel,Sim,2,0,1,0,1,0,1,2,-27.08666525,-48.60955587,SPRF-SC,DEL04-SC,UOP03-DEL04-SC,2024
"599166,0",2024-05-08,quarta-feira,23:30:00,SC,101,"193,1",BIGUACU,Velocidade Incompatível,Saída de leito carroçável,Sem Vítimas,Plena Noite,Decrescente,Céu Claro,Simples,Curva,Sim,1,0,0,0,1,0,0,1,-27.489574,-48.655914,SPRF-SC,DEL01-SC,UOP01-DEL01-SC,2024
"599176,0",2024-05-09,quinta-feira,01:30:00,SC,101,"153,5",PORTO BELO,Avarias e/ou desgaste excessivo no pneu,Tombamento,Com Vítimas Feridas,Plena Noite,Crescente,Céu Claro,Múltipla,Reta,Não,2,0,2,0,0,0,2,1,-27.144717,-48.61063935,SPRF-SC,DEL04-SC,UOP03-DEL04-SC,2024
"599182,0",2024-05-09,quinta-feira,03:20:00,SC,101,"127,0",ITAJAI,Ausência de reação do condutor,Saída de leito carroçável,Com Vítimas Feridas,Plena Noite,Decrescente,Nublado,Dupla,Curva,Não,1,0,0,1,0,0,1,1,-26.9639319,-48.68328024,SPRF-SC,DEL04-SC,UOP04-DEL04-SC,2024
"599185,0",2024-05-09,quinta-feira,03:40:00,SC,101,"106,0",PENHA,Ingestão de álcool pelo condutor,Colisão com objeto,Com Vítimas Feridas,Plena Noite,Decrescente,Céu Claro,Dupla,Declive;Curva,Não,3,0,2,0,1,0,2,1,-26.81031601,-48.68293896,SPRF-SC,DEL03-SC,UOP02-DEL03-SC,2024
"599191,0",2024-05-09,quinta-feira,05:10:00,SC,470,"36,0",GASPAR,Condutor deixou de manter distância do veículo da frente,Colisão lateral mesmo sentido,Com Vítimas Feridas,Amanhecer,Crescente,Céu Claro,Múltipla,Interseção de Vias;Retorno Regulamentado;Desvio Temporário;Em Obras,Não,2,0,1,0,0,1,1,2,-26.914196,-48.968948,SPRF-SC,DEL04-SC,UOP01-DEL04-SC,2024
"599208,0",2024-05-09,quinta-feira,06:10:00,SC,282,"16,0",PALHOCA,Desrespeitar a preferência no cruzamento,Colisão transversal,Com Vítimas Feridas,Pleno dia,Crescente,Nublado,Simples,Reta;Interseção de Vias;Rotatória,Sim,2,0,0,1,1,0,1,2,-27.683958,-48.71006,SPRF-SC,DEL01-SC,UOP02-DEL01-SC,2024
"599211,0",2024-05-09,quinta-feira,07:10:00,SC,282,"17,0",PALHOCA,Acessar a via sem observar a presença dos outros veículos,Colisão transversal,Com Vítimas Feridas,Pleno dia,Crescente,Nublado,Simples,Reta;Interseção de Vias,Sim,2,0,1,0,1,0,1,2,-27.665707,-48.688065,SPRF-SC,DEL01-SC,UOP02-DEL01-SC,2024
"599213,0",2024-05-09,quinta-feira,07:10:00,SC,282,"5,3",SAO JOSE,Reação tardia ou ineficiente do condutor,Queda de ocupante de veículo,Com Vítimas Feridas,Pleno dia,Decrescente,Nublado,Simples,Curva,Não,1,0,1,0,0,0,1,1,-27.588425,-48.612919,SPRF-SC,DEL01-SC,UOP01-DEL01-SC,2024
"599306,0",2024-05-09,quinta-feira,17:15:00,SC,282,"535,0",CHAPECO,Ausência de reação do condutor,Colisão transversal,Com Vítimas Feridas,Pleno dia,Decrescente,Garoa/Chuvisco,Simples,Interseção de Vias,Não,2,0,1,0,1,0,1,2,-26.998245,-52.643768,SPRF-SC,DEL07-SC,UOP01-DEL07-SC,2024
"599309,0",2024-05-09,quinta-feira,17:30:00,SC,101,"204,0",SAO JOSE,Chuva,Queda de ocupante de veículo,Com Vítimas Feridas,Anoitecer,Decrescente,Garoa/Chuvisco,Múltipla,Reta,Sim,2,0,1,0,1,0,1,1,-27.57531887,-48.61321449,SPRF-SC,DEL01-SC,UOP01-DEL01-SC,2024
"599314,0",2024-05-09,quinta-feira,17:00:00,SC,101,"203,7",SAO JOSE,Reação tardia ou ineficiente do condutor,Atropelamento de Pedestre,Com Vítimas Feridas,Plena Noite,Decrescente,Chuva,Simples,Viaduto,Sim,2,0,1,0,1,0,1,2,-27.5650044,-48.61460082,SPRF-SC,DEL01-SC,UOP01-DEL01-SC,2024
"599319,0",2024-05-09,quinta-feira,16:50:00,SC,470,"10,0",NAVEGANTES,Ausência de reação do condutor,Tombamento,Com Vítimas Feridas,Pleno dia,Decrescente,Nublado,Simples,Curva,Não,1,0,1,0,0,0,1,1,-26.833693,-48.73724,SPRF-SC,DEL04-SC,UOP04-DEL04-SC,2024
"599340,0",2024-05-09,quinta-feira,18:00:00,SC,280,"139,7",RIO NEGRINHO,Ausência de reação do condutor,Saída de leito carroçável,Com Vítimas Feridas,Anoitecer,Crescente,Chuva,Simples,Curva,Não,2,0,1,0,1,0,1,1,-26.26237708,-49.59785109,SPRF-SC,DEL06-SC,UOP03-DEL06-SC,2024
"599351,0",2024-05-09,quinta-feira,20:00:00,SC,101,"204,0",SAO JOSE,Pista Escorregadia,Tombamento,Com Vítimas Feridas,Plena Noite,Decrescente,Chuva,Múltipla,Reta,Sim,2,0,1,0,0,1,1,2,-27.57413014,-48.61363083,SPRF-SC,DEL01-SC,UOP01-DEL01-SC,2024
"599355,0",2024-05-09,quinta-feira,19:00:00,SC,163,"70,0",SAO MIGUEL DO OESTE,Acessar a via sem observar a presença dos outros veículos,Colisão transversal,Com Vítimas Feridas,Pleno dia,Crescente,Nublado,Dupla,Reta,Sim,2,0,1,0,1,0,1,2,-26.73461723,-53.50680015,SPRF-SC,DEL07-SC,UOP03-DEL07-SC,2024
"599362,0",2024-05-09,quinta-feira,20:12:00,SC,101,"403,0",MARACAJA,Reação tardia ou ineficiente do condutor,Colisão transversal,Sem Vítimas,Plena Noite,Decrescente,Céu Claro,Dupla,Reta,Não,2,0,0,0,2,0,0,2,-28.87801417,-49.45745479,SPRF-SC,DEL02-SC,UOP02-DEL02-SC,2024
"599366,0",2024-05-09,quinta-feira,21:10:00,SC,282,"2,7",FLORIANOPOLIS,Reação tardia ou ineficiente do condutor,Colisão lateral mesmo sentido,Com Vítimas Feridas,Plena Noite,Crescente,Chuva,Múltipla,Reta,Sim,1,0,1,0,0,0,1,1,-27.603289,-48.590416,SPRF-SC,DEL01-SC,UOP01-DEL01-SC,2024
"599369,0",2024-05-09,quinta-feira,20:00:00,SC,282,"68,4",RANCHO QUEIMADO,Reação tardia ou ineficiente do condutor,Colisão frontal,Com Vítimas Feridas,Plena Noite,Decrescente,Garoa/Chuvisco,Simples,Curva,Não,3,0,0,1,2,0,1,3,-27.692406,-49.075939,SPRF-SC,DEL01-SC,UOP03-DEL01-SC,2024
"599372,0",2024-05-09,quinta-feira,20:40:00,SC,470,"93,0",ASCURRA,Acessar a via sem observar a presença dos outros veículos,Colisão traseira,Com Vítimas Feridas,Plena Noite,Decrescente,Chuva,Simples,Reta,Sim,2,0,2,0,0,0,2,2,-26.994484,-49.375908,SPRF-SC,DEL04-SC,UOP01-DEL04-SC,2024
"599390,0",2024-05-09,quinta-feira,23:00:00,SC,101,"368,3",ICARA,Ausência de reação do condutor,Tombamento,Com Vítimas Feridas,Plena Noite,Decrescente,Chuva,Dupla,Reta;Viaduto,Sim,1,0,1,0,0,0,1,1,-28.69876,-49.18989,SPRF-SC,DEL02-SC,UOP01-DEL02-SC,2024
"599411,0",2024-05-10,sexta-feira,05:00:00,SC,101,"283,0",IMBITUBA,Ingestão de álcool pelo condutor,Saída de leito carroçável,Com Vítimas Feridas,Plena Noite,Decrescente,Céu Claro,Dupla,Reta,Não,1,0,1,0,0,0,1,1,-28.20457404,-48.6984006,SPRF-SC,DEL02-SC,UOP03-DEL02-SC,2024
"599429,0",2024-05-10,sexta-feira,07:35:00,SC,282,"35,5",AGUAS MORNAS,Demais falhas mecânicas ou elétricas,Tombamento,Com Vítimas Feridas,Pleno dia,Crescente,Céu Claro,Simples,Curva,Não,1,0,0,1,0,0,1,1,-27.702084,-48.826664,SPRF-SC,DEL01-SC,UOP03-DEL01-SC,2024
"599430,0",2024-05-10,sexta-feira,07:35:00,SC,280,"91,0",CORUPA,Pista Escorregadia,Colisão com objeto,Com Vítimas Feridas,Amanhecer,Decrescente,Nevoeiro/Neblina,Simples,Curva;Declive,Não,1,0,1,0,0,0,1,1,-26.40198057,-49.29053774,SPRF-SC,DEL06-SC,UOP03-DEL06-SC,2024
"599438,0",2024-05-10,sexta-feira,09:15:00,SC,101,"205,0",SAO JOSE,Condutor deixou de manter distância do veículo da frente,Colisão traseira,Com Vítimas Feridas,Pleno dia,Crescente,Céu Claro,Dupla,Reta;Interseção de Vias,Sim,3,0,3,0,0,0,3,2,-27.58313237,-48.61532885,SPRF-SC,DEL01-SC,UOP01-DEL01-SC,2024
"599484,0",2024-05-10,sexta-feira,11:40:00,SC,470,"74,0",INDAIAL,Reação tardia ou ineficiente do condutor,Colisão traseira,Sem Vítimas,Pleno dia,Crescente,Nublado,Simples,Reta,Sim,2,0,0,0,2,0,0,2,-26.9182982,-49.2816056,SPRF-SC,DEL04-SC,UOP01-DEL04-SC,2024
"599510,0",2024-05-10,sexta-feira,16:05:00,SC,101,"117,5",ITAJAI,Ausência de reação do condutor,Colisão traseira,Com Vítimas Feridas,Pleno dia,Decrescente,Nublado,Múltipla,Interseção de Vias,Não,3,0,1,0,2,0,1,3,-26.88747187,-48.72252969,SPRF-SC,DEL04-SC,UOP04-DEL04-SC,2024
"599521,0",2024-05-10,sexta-feira,16:20:00,SC,282,"17,0",PALHOCA,Acessar a via sem observar a presença dos outros veículos,Colisão transversal,Com Vítimas Feridas,Pleno dia,Decrescente,Nublado,Simples,Interseção de Vias,Não,2,0,1,0,1,0,1,2,-27.665707,-48.688065,SPRF-SC,DEL01-SC,UOP02-DEL01-SC,2024
"599522,0",2024-05-10,sexta-feira,16:25:00,SC,101,"148,0",ITAPEMA,Reação tardia ou ineficiente do condutor,Colisão traseira,Com Vítimas Feridas,Pleno dia,Decrescente,Nublado,Múltipla,Reta,Sim,2,0,0,1,1,0,1,2,-27.10123686,-48.61807962,SPRF-SC,DEL04-SC,UOP03-DEL04-SC,2024
"599531,0",2024-05-10,sexta-feira,17:30:00,SC,101,"121,0",ITAJAI,Acumulo de areia ou detritos sobre o pavimento,Tombamento,Com Vítimas Feridas,Anoitecer,Crescente,Nublado,Dupla,Reta,Sim,1,0,0,1,0,0,1,1,-26.92103178,-48.70856446,SPRF-SC,DEL04-SC,UOP04-DEL04-SC,2024
"599534,0",2024-05-10,sexta-feira,17:15:00,SC,282,"17,0",PALHOCA,Transitar no Acostamento,Colisão transversal,Com Vítimas Feridas,Anoitecer,Decrescente,Céu Claro,Simples,Retorno Regulamentado;Interseção de Vias,Sim,2,0,1,0,0,1,1,2,-27.665707,-48.688065,SPRF-SC,DEL01-SC,UOP02-DEL01-SC,2024
"599570,0",2024-05-10,sexta-feira,18:00:00,SC,480,"129,0",CHAPECO,Transitar na contramão,Colisão transversal,Com Vítimas Feridas,Anoitecer,Crescente,Nublado,Dupla,Reta;Em Obras,Sim,2,0,0,1,1,0,1,2,-27.04656607,-52.63577131,SPRF-SC,DEL07-SC,UOP01-DEL07-SC,2024
"599581,0",2024-05-10,sexta-feira,19:30:00,SC,101,"207,0",SAO JOSE,Condutor deixou de manter distância do veículo da frente,Colisão traseira,Com Vítimas Feridas,Plena Noite,Crescente,Céu Claro,Múltipla,Reta,Sim,3,0,1,0,2,0,1,2,-27.60001226,-48.6226467,SPRF-SC,DEL01-SC,UOP01-DEL01-SC,2024
"599584,0",2024-05-10,sexta-feira,19:00:00,SC,101,"201,0",SAO JOSE,Acessar a via sem observar a presença dos outros veículos,Atropelamento de Pedestre,Com Vítimas Feridas,Plena Noite,Decrescente,Céu Claro,Dupla,Reta,Sim,2,0,0,1,0,1,1,2,-27.54836599,-48.61977975,SPRF-SC,DEL01-SC,UOP01-DEL01-SC,2024
"599592,0",2024-05-10,sexta-feira,17:58:00,SC,101,"204,7",SAO JOSE,Trafegar com motocicleta (ou similar) entre as faixas,Colisão lateral mesmo sentido,Com Vítimas Feridas,Anoitecer,Crescente,Céu Claro,Dupla,Reta,Sim,2,0,1,1,0,0,2,2,-27.57413014,-48.61363083,SPRF-SC,DEL01-SC,UOP01-DEL01-SC,2024
"599598,0",2024-05-10,sexta-feira,20:30:00,SC,282,"17,0",PALHOCA,Acessar a via sem observar a presença dos outros veículos,Colisão transversal,Com Vítimas Feridas,Plena Noite,Crescente,Nublado,Simples,Interseção de Vias,Não,2,0,1,0,1,0,1,2,-27.665707,-48.688065,SPRF-SC,DEL01-SC,UOP02-DEL01-SC,2024
"599606,0",2024-05-10,sexta-feira,21:00:00,SC,282,"16,0",PALHOCA,Conversão proibida,Colisão frontal,Sem Vítimas,Plena Noite,Crescente,Céu Claro,Simples,Reta,Sim,2,0,0,0,1,1,0,2,-27.658611,-48.681847,SPRF-SC,DEL01-SC,UOP02-DEL01-SC,2024
"599608,0",2024-05-10,sexta-feira,16:20:00,SC,101,"351,0",JAGUARUNA,Condutor usando celular,Saída de leito carroçável,Com Vítimas Feridas,Anoitecer,Decrescente,Céu Claro,Dupla,Reta,Sim,4,0,1,3,0,0,4,1,-28.5977641,-49.04943589,SPRF-SC,DEL02-SC,UOP01-DEL02-SC,2024
"599643,0",2024-05-11,sábado,01:40:00,SC,101,"131,0",BALNEARIO CAMBORIU,Velocidade Incompatível,Saída de leito carroçável,Sem Vítimas,Plena Noite,Crescente,Nublado,Múltipla,Reta,Sim,1,0,0,0,1,0,0,1,-26.99064209,-48.66310912,SPRF-SC,DEL04-SC,UOP03-DEL04-SC,2024
"599651,0",2024-05-11,sábado,02:20:00,SC,101,"298,0",LAGUNA,Condutor Dormindo,Capotamento,Com Vítimas Feridas,Plena Noite,Crescente,Céu Claro,Dupla,Reta,Não,1,0,1,0,0,0,1,1,-28.32102597,-48.72829906,SPRF-SC,DEL02-SC,UOP03-DEL02-SC,2024
"599656,0",2024-05-11,sábado,03:40:00,SC,101,"431,1",SOMBRIO,Ausência de reação do condutor,Saída de leito carroçável,Com Vítimas Feridas,Plena Noite,Decrescente,Chuva,Múltipla,Reta;Viaduto,Sim,2,0,1,1,0,0,2,1,-29.07467778,-49.62751865,SPRF-SC,DEL02-SC,UOP02-DEL02-SC,2024
"599668,0",2024-05-11,sábado,04:00:00,SC,101,"413,0",ARARANGUA,Animais na Pista,Atropelamento de Animal,Sem Vítimas,Plena Noite,Decrescente,Chuva,Dupla,Curva,Sim,1,0,0,0,1,0,0,1,-28.95017525,-49.53117371,SPRF-SC,DEL02-SC,UOP02-DEL02-SC,2024
"599683,0",2024-05-11,sábado,05:15:00,SC,101,"132,0",BALNEARIO CAMBORIU,Ingestão de álcool pelo condutor,Saída de leito carroçável,Sem Vítimas,Amanhecer,Decrescente,Nublado,Dupla,Reta,Sim,1,0,0,0,0,1,0,1,-26.99654133,-48.65564711,SPRF-SC,DEL04-SC,UOP03-DEL04-SC,2024
"599713,0",2024-05-11,sábado,08:35:00,SC,282,"1,4",FLORIANOPOLIS,Ausência de reação do condutor,Colisão traseira,Com Vítimas Feridas,Pleno dia,Decrescente,Céu Claro,Múltipla,Reta,Sim,3,0,1,0,2,0,1,3,-27.602955,-48.580509,SPRF-SC,DEL01-SC,UOP01-DEL01-SC,2024
"599720,0",2024-05-11,sábado,10:00:00,SC,101,"202,8",SAO JOSE,Reação tardia ou ineficiente do condutor,Colisão lateral mesmo sentido,Com Vítimas Feridas,Pleno dia,Crescente,Céu Claro,Dupla,Reta,Sim,3,0,2,0,1,0,2,2,-27.55711595,-48.61897889,SPRF-SC,DEL01-SC,UOP01-DEL01-SC,2024
"599724,0",2024-05-11,sábado,10:20:00,SC,101,"202,5",SAO JOSE,Reação tardia ou ineficiente do condutor,Colisão traseira,Com Vítimas Feridas,Pleno dia,Crescente,Nublado,Múltipla,Reta,Sim,5,0,3,0,2,0,3,4,-27.55711595,-48.61897889,SPRF-SC,DEL01-SC,UOP01-DEL01-SC,2024
"599752,0",2024-05-11,sábado,12:15:00,SC,101,"46,9",JOINVILLE,Ausência de reação do condutor,Colisão traseira,Com Vítimas Feridas,Pleno dia,Crescente,Céu Claro,Dupla,Reta,Sim,3,0,1,0,2,0,1,2,-26.34880606,-48.85757446,SPRF-SC,DEL03-SC,UOP01-DEL03-SC,2024
"599761,0",2024-05-11,sábado,14:15:00,SC,101,"181,4",BIGUACU,Ausência de reação do condutor,Colisão traseira,Com Vítimas Feridas,Pleno dia,Crescente,Céu Claro,Múltipla,Reta,Sim,2,0,0,1,1,0,1,2,-27.38958699,-48.63197593,SPRF-SC,DEL01-SC,UOP01-DEL01-SC,2024
"599780,0",2024-05-11,sábado,12:30:00,SC,101,"117,0",ITAJAI,Velocidade Incompatível,Colisão traseira,Com Vítimas Feridas,Pleno dia,Crescente,Céu Claro,Dupla,Reta,Sim,2,0,1,0,0,1,1,2,-26.88747187,-48.72252969,SPRF-SC,DEL04-SC,UOP04-DEL04-SC,2024
"599782,0",2024-05-11,sábado,16:20:00,SC,101,"208,0",SAO JOSE,Reação tardia ou ineficiente do condutor,Colisão traseira,Com Vítimas Feridas,Pleno dia,Decrescente,Céu Claro,Múltipla,Reta,Sim,3,0,2,0,1,0,2,2,-27.60327979,-48.63201818,SPRF-SC,DEL01-SC,UOP01-DEL01-SC,2024