id,data_inversa,dia_semana,horario,uf,br,km,municipio,causa_acidente,tipo_acidente,classificacao_acidente,fase_dia,sentido_via,condicao_metereologica,tipo_pista,tracado_via,uso_solo,pessoas,mortos,feridos_leves,feridos_graves,ilesos,ignorados,feridos,veiculos,latitude,longitude,regional,delegacia,uop,ano_arquivo
"599802,0",2024-05-11,sábado,14:00:00,SC,101,"123,1",ITAJAI,Acessar a via sem observar a presença dos outros veículos,Colisão frontal,Com Vítimas Feridas,Pleno dia,Crescente,Nublado,Dupla,Rotatória;Interseção de Vias,Sim,2,0,0,1,1,0,1,2,-26.93668609,-48.69876905,SPRF-SC,DEL04-SC,UOP04-DEL04-SC,2024
"599806,0",2024-05-11,sábado,18:30:00,SC,280,"27,0",ARAQUARI,Acessar a via sem observar a presença dos outros veículos,Atropelamento de Pedestre,Com Vítimas Feridas,Pleno dia,Crescente,Céu Claro,Simples,Reta,Sim,2,0,1,0,1,0,1,2,-26.39685622,-48.74021969,SPRF-SC,DEL03-SC,UOP03-DEL03-SC,2024
"599810,0",2024-05-11,sábado,17:40:00,SC,101,"169,9",TIJUCAS,Condutor deixou de manter distância do veículo da frente,Colisão traseira,Com Vítimas Feridas,Anoitecer,Decrescente,Nublado,Dupla,Reta,Não,5,0,3,0,2,0,3,2,-27.28790602,-48.63095745,SPRF-SC,DEL04-SC,UOP03-DEL04-SC,2024
"599813,0",2024-05-11,sábado,19:05:00,SC,280,"128,6",RIO NEGRINHO,Transitar na contramão,Colisão frontal,Sem Vítimas,Plena Noite,Decrescente,Céu Claro,Simples,Aclive;Interseção de Vias;Reta,Sim,2,0,0,0,2,0,0,2,-26.24502234,-49.51931834,SPRF-SC,DEL06-SC,UOP03-DEL06-SC,2024
"599814,0",2024-05-11,sábado,18:50:00,SC,101,"335,0",TUBARAO,Chuva,Saída de leito carroçável,Com Vítimas Feridas,Plena Noite,Decrescente,Chuva,Dupla,Interseção de Vias;Curva,Não,2,0,1,0,1,0,1,1,-28.46927473,-49.01557908,SPRF-SC,DEL02-SC,UOP01-DEL02-SC,2024
"599816,0",2024-05-11,sábado,18:20:00,SC,101,"227,8",PALHOCA,Ultrapassagem Indevida,Colisão frontal,Com Vítimas Feridas,Plena Noite,Crescente,Céu Claro,Simples,Reta,Sim,3,0,0,1,1,1,1,3,-27.7509149,-48.63460277,SPRF-SC,DEL01-SC,UOP02-DEL01-SC,2024
"599843,0",2024-05-11,sábado,18:45:00,SC,158,"109,0",CUNHA PORA,Ingestão de álcool pelo condutor,Colisão frontal,Sem Vítimas,Plena Noite,Crescente,Nublado,Simples,Curva,Sim,3,0,0,0,2,1,0,2,-26.76435611,-53.17729026,SPRF-SC,DEL07-SC,UOP02-DEL07-SC,2024
"599862,0",2024-05-11,sábado,21:20:00,SC,101,"205,1",SAO JOSE,Reação tardia ou ineficiente do condutor,Saída de leito carroçável,Com Vítimas Fatais,Plena Noite,Decrescente,Nublado,Múltipla,Interseção de Vias;Reta,Sim,4,1,2,0,0,1,2,2,-27.58313237,-48.61532885,SPRF-SC,DEL01-SC,UOP01-DEL01-SC,2024
"599871,0",2024-05-11,sábado,22:00:00,SC,101,"417,7",ARARANGUA,Avarias e/ou desgaste excessivo no pneu,Saída de leito carroçável,Com Vítimas Feridas,Plena Noite,Decrescente,Chuva,Dupla,Reta,Sim,7,0,3,1,3,0,4,1,-28.97376391,-49.53023409,SPRF-SC,DEL02-SC,UOP02-DEL02-SC,2024
"599884,0",2024-05-11,sábado,23:50:00,SC,101,"434,8",SOMBRIO,Ingestão de álcool pelo condutor,Colisão com objeto,Com Vítimas Feridas,Plena Noite,Crescente,Chuva,Múltipla,Interseção de Vias,Sim,1,0,1,0,0,0,1,1,-29.104502,-49.63653624,SPRF-SC,DEL02-SC,UOP02-DEL02-SC,2024
"599892,0",2024-05-12,domingo,01:10:00,SC,101,"152,0",ITAPEMA,Reação tardia ou ineficiente do condutor,Atropelamento de Animal,Com Vítimas Feridas,Plena Noite,Crescente,Céu Claro,Dupla,Reta,Sim,1,0,1,0,0,0,1,1,-27.13563503,-48.61004665,SPRF-SC,DEL04-SC,UOP03-DEL04-SC,2024
"599901,0",2024-05-11,sábado,22:25:00,SC,101,"256,0",PAULO LOPES,Ausência de reação do condutor,Saída de leito carroçável,Com Vítimas Feridas,Plena Noite,Decrescente,Chuva,Dupla,Reta;Em Obras,Não,1,0,1,0,0,0,1,1,-27.99084416,-48.68056684,SPRF-SC,DEL02-SC,UOP03-DEL02-SC,2024
"599909,0",2024-05-12,domingo,04:15:00,SC,280,"32,0",ARAQUARI,Condutor Dormindo,Saída de leito carroçável,Com Vítimas Feridas,Plena Noite,Crescente,Nublado,Simples,Curva;Declive,Sim,1,0,1,0,0,0,1,1,-26.420618,-48.779335,SPRF-SC,DEL03-SC,UOP03-DEL03-SC,2024
"599913,0",2024-05-12,domingo,02:50:00,SC,101,"330,7",TUBARAO,Ausência de reação do condutor,Saída de leito carroçável,Sem Vítimas,Plena Noite,Decrescente,Chuva,Dupla,Reta,Não,1,0,0,0,1,0,0,1,-28.45115639,-48.97286879,SPRF-SC,DEL02-SC,UOP01-DEL02-SC,2024
"599920,0",2024-05-12,domingo,04:15:00,SC,101,"334,0",TUBARAO,Ingestão de álcool pelo condutor,Atropelamento de Pedestre,Com Vítimas Feridas,Plena Noite,Decrescente,Chuva,Dupla,Reta,Sim,3,0,1,1,1,0,2,2,-28.470636,-49.018293,SPRF-SC,DEL02-SC,UOP01-DEL02-SC,2024
"599926,0",2024-05-12,domingo,04:30:00,SC,101,"137,0",BALNEARIO CAMBORIU,Ingestão de álcool pelo condutor,Colisão lateral sentido oposto,Com Vítimas Feridas,Plena Noite,Decrescente,Céu Claro,Dupla,Reta,Não,2,0,0,1,0,1,1,2,-27.0157238,-48.61192763,SPRF-SC,DEL04-SC,UOP03-DEL04-SC,2024
"599931,0",2024-05-12,domingo,03:45:00,SC,101,"328,6",CAPIVARI DE BAIXO,Ingestão de álcool pelo condutor,Saída de leito carroçável,Sem Vítimas,Plena Noite,Decrescente,Chuva,Múltipla,Reta,Não,1,0,0,0,1,0,0,1,-28.43648094,-48.95989307,SPRF-SC,DEL02-SC,UOP01-DEL02-SC,2024
"599938,0",2024-05-11,sábado,22:37:00,SC,101,"362,1",SANGAO,Ingestão de álcool pelo condutor,Colisão com objeto,Sem Vítimas,Plena Noite,Crescente,Chuva,Múltipla,Reta;Declive,Não,4,0,0,0,4,0,0,1,-28.67136197,-49.12225505,SPRF-SC,DEL02-SC,UOP01-DEL02-SC,2024
"599939,0",2024-05-12,domingo,06:30:00,SC,101,"13,4",GARUVA,Ingestão de álcool pelo condutor,Saída de leito carroçável,Sem Vítimas,Amanhecer,Crescente,Garoa/Chuvisco,Dupla,Reta;Retorno Regulamentado,Não,1,0,0,0,1,0,0,1,-26.08986803,-48.86345096,SPRF-SC,DEL03-SC,UOP01-DEL03-SC,2024
"599947,0",2024-05-12,domingo,01:20:00,SC,470,"54,5",BLUMENAU,Acessar a via sem observar a presença dos outros veículos,Colisão transversal,Sem Vítimas,Plena Noite,Crescente,Céu Claro,Dupla,Interseção de Vias,Sim,2,0,0,0,1,1,0,2,-26.871065,-49.110374,SPRF-SC,DEL04-SC,UOP01-DEL04-SC,2024
"599952,0",2024-05-12,domingo,04:50:00,SC,101,"121,0",ITAJAI,Ingestão de álcool pelo condutor,Saída de leito carroçável,Sem Vítimas,Plena Noite,Crescente,Nublado,Múltipla,Reta,Sim,1,0,0,0,1,0,0,1,-26.92103178,-48.70856446,SPRF-SC,DEL04-SC,UOP04-DEL04-SC,2024
"599973,0",2024-05-12,domingo,09:05:00,SC,282,"54,5",AGUAS MORNAS,Velocidade Incompatível,Colisão frontal,Com Vítimas Feridas,Pleno dia,Crescente,Nublado,Simples,Reta,Não,4,0,4,0,0,0,4,2,-27.685799,-48.974514,SPRF-SC,DEL01-SC,UOP03-DEL01-SC,2024
"599984,0",2024-05-12,domingo,10:26:00,SC,101,"212,2",PALHOCA,Ingestão de álcool pelo condutor,Colisão traseira,Com Vítimas Feridas,Pleno dia,Decrescente,Nublado,Múltipla,Reta,Sim,3,0,1,0,2,0,1,2,-27.62996929,-48.65903871,SPRF-SC,DEL01-SC,UOP02-DEL01-SC,2024
"599989,0",2024-05-12,domingo,11:15:00,SC,101,"203,5",SAO JOSE,Acesso irregular,Colisão lateral mesmo sentido,Com Vítimas Feridas,Pleno dia,Decrescente,Nublado,Dupla,Reta;Declive,Sim,2,0,1,0,1,0,1,2,-27.5650044,-48.61460082,SPRF-SC,DEL01-SC,UOP01-DEL01-SC,2024
"599990,0",2024-05-12,domingo,11:25:00,SC,101,"207,0",SAO JOSE,Condutor deixou de manter distância do veículo da frente,Engavetamento,Sem Vítimas,Pleno dia,Crescente,Céu Claro,Múltipla,Reta,Sim,4,0,0,0,2,2,0,4,-27.60001226,-48.6226467,SPRF-SC,DEL01-SC,UOP01-DEL01-SC,2024
"600016,0",2024-05-12,domingo,12:00:00,SC,101,"205,5",SAO JOSE,Ausência de reação do condutor,Colisão traseira,Sem Vítimas,Pleno dia,Crescente,Céu Claro,Múltipla,Reta,Sim,3,0,0,0,3,0,0,2,-27.58313237,-48.61532885,SPRF-SC,DEL01-SC,UOP01-DEL01-SC,2024
"600030,0",2024-05-12,domingo,14:30:00,SC,282,"403,0",CATANDUVAS,Velocidade Incompatível,Saída de leito carroçável,Com Vítimas Feridas,Pleno dia,Crescente,Céu Claro,Simples,Curva,Não,1,0,1,0,0,0,1,1,-27.108929,-51.635838,SPRF-SC,DEL07-SC,UOP05-DEL07-SC,2024
"600049,0",2024-05-12,domingo,17:30:00,SC,101,"204,0",SAO JOSE,Ausência de reação do condutor,Colisão traseira,Com Vítimas Feridas,Anoitecer,Crescente,Céu Claro,Múltipla,Reta,Não,3,0,1,0,1,1,1,3,-27.57413014,-48.61363083,SPRF-SC,DEL01-SC,UOP01-DEL01-SC,2024
"600092,0",2024-05-12,domingo,19:45:00,SC,101,"206,0",SAO JOSE,Trafegar com motocicleta (ou similar) entre as faixas,Colisão lateral mesmo sentido,Com Vítimas Feridas,Plena Noite,Decrescente,Nublado,Múltipla,Reta,Sim,2,0,1,0,1,0,1,2,-27.59193546,-48.61824557,SPRF-SC,DEL01-SC,UOP01-DEL01-SC,2024
"600106,0",2024-05-12,domingo,18:20:00,SC,282,"541,2",CHAPECO,Acessar a via sem observar a presença dos outros veículos,Colisão lateral mesmo sentido,Com Vítimas Feridas,Plena Noite,Decrescente,Chuva,Simples,Rotatória,Não,5,0,0,2,3,0,2,2,-26.99801812,-52.69848704,SPRF-SC,DEL07-SC,UOP01-DEL07-SC,2024
"600119,0",2024-05-12,domingo,22:38:00,SC,101,"202,5",SAO JOSE,Ausência de reação do condutor,Colisão traseira,Com Vítimas Feridas,Plena Noite,Decrescente,Céu Claro,Múltipla,Reta,Sim,3,0,1,0,2,0,1,2,-27.55711595,-48.61897889,SPRF-SC,DEL01-SC,UOP01-DEL01-SC,2024
"600125,0",2024-05-12,domingo,22:22:00,SC,470,"58,3",BLUMENAU,Transitar na contramão,Colisão frontal,Com Vítimas Fatais,Plena Noite,Decrescente,Céu Claro,Simples,Reta;Em Obras,Sim,5,1,1,2,0,1,3,4,-26.8842556,-49.1478163,SPRF-SC,DEL04-SC,UOP01-DEL04-SC,2024
"600163,0",2024-05-13,segunda-feira,06:00:00,SC,101,"197,0",BIGUACU,Demais falhas mecânicas ou elétricas,Incêndio,Sem Vítimas,Pleno dia,Decrescente,Nublado,Múltipla,Curva,Sim,1,0,0,0,0,1,0,1,-27.51844497,-48.63848496,SPRF-SC,DEL01-SC,UOP01-DEL01-SC,2024
"600168,0",2024-05-13,segunda-feira,06:30:00,SC,282,"535,0",CHAPECO,Reação tardia ou ineficiente do condutor,Colisão com objeto,Com Vítimas Feridas,Plena Noite,Crescente,Chuva,Simples,Rotatória,Sim,1,0,0,1,0,0,1,1,-27.00080686,-52.65038967,SPRF-SC,DEL07-SC,UOP01-DEL07-SC,2024
"600196,0",2024-02-13,terça-feira,16:30:00,SC,101,"146,0",ITAPEMA,Trafegar com motocicleta (ou similar) entre as faixas,Colisão lateral mesmo sentido,Com Vítimas Feridas,Pleno dia,Decrescente,Nublado,Dupla,Reta,Sim,3,0,1,0,2,0,1,3,-27.08666525,-48.60955587,SPRF-SC,DEL04-SC,UOP03-DEL04-SC,2024
"600198,0",2024-05-13,segunda-feira,09:00:00,SC,101,"204,0",SAO JOSE,Manobra de mudança de faixa,Colisão traseira,Com Vítimas Feridas,Pleno dia,Crescente,Céu Claro,Múltipla,Reta,Sim,3,0,2,0,1,0,2,2,-27.57413014,-48.61363083,SPRF-SC,DEL01-SC,UOP01-DEL01-SC,2024
"600200,0",2024-05-13,segunda-feira,09:20:00,SC,470,"53,9",BLUMENAU,Acessar a via sem observar a presença dos outros veículos,Colisão transversal,Com Vítimas Feridas,Pleno dia,Crescente,Céu Claro,Simples,Reta,Não,2,0,1,0,1,0,1,2,-26.87159757,-49.11188006,SPRF-SC,DEL04-SC,UOP01-DEL04-SC,2024
"600212,0",2024-05-13,segunda-feira,09:00:00,SC,470,"60,2",BLUMENAU,Acessar a via sem observar a presença dos outros veículos,Colisão transversal,Com Vítimas Feridas,Pleno dia,Crescente,Nublado,Simples,Interseção de Vias,Não,2,0,0,1,1,0,1,2,-26.88138,-49.164543,SPRF-SC,DEL04-SC,UOP01-DEL04-SC,2024
"600250,0",2024-05-13,segunda-feira,12:00:00,SC,282,"16,4",PALHOCA,Desrespeitar a preferência no cruzamento,Colisão transversal,Com Vítimas Feridas,Pleno dia,Decrescente,Chuva,Simples,Reta,Não,2,0,1,0,1,0,1,2,-27.658611,-48.681847,SPRF-SC,DEL01-SC,UOP02-DEL01-SC,2024
"600263,0",2024-05-13,segunda-feira,11:20:00,SC,282,"500,1",XANXERE,Velocidade Incompatível,Colisão com objeto,Com Vítimas Feridas,Pleno dia,Decrescente,Chuva,Dupla,Declive;Reta,Sim,1,0,1,0,0,0,1,1,-26.88233819,-52.37896442,SPRF-SC,DEL07-SC,UOP01-DEL07-SC,2024
"600271,0",2024-05-13,segunda-feira,14:30:00,SC,101,"235,0",PALHOCA,Chuva,Capotamento,Com Vítimas Feridas,Pleno dia,Decrescente,Chuva,Dupla,Curva,Não,4,0,2,0,2,0,2,1,-27.8177775,-48.6315025,SPRF-SC,DEL01-SC,UOP02-DEL01-SC,2024
"600277,0",2024-05-13,segunda-feira,15:10:00,SC,101,"198,0",BIGUACU,Trafegar com motocicleta (ou similar) entre as faixas,Colisão lateral mesmo sentido,Com Vítimas Feridas,Pleno dia,Crescente,Chuva,Múltipla,Reta,Sim,2,0,1,0,1,0,1,2,-27.52658712,-48.63506019,SPRF-SC,DEL01-SC,UOP01-DEL01-SC,2024
"600282,0",2024-05-13,segunda-feira,14:45:00,SC,101,"119,0",ITAJAI,Ausência de reação do condutor,Tombamento,Com Vítimas Feridas,Pleno dia,Crescente,Chuva,Dupla,Reta,Não,1,0,0,1,0,0,1,1,-26.9043179,-48.71555481,SPRF-SC,DEL04-SC,UOP04-DEL04-SC,2024
"600307,0",2024-05-13,segunda-feira,17:40:00,SC,101,"210,0",SAO JOSE,Trafegar com motocicleta (ou similar) entre as faixas,Colisão traseira,Com Vítimas Feridas,Plena Noite,Crescente,Chuva,Múltipla,Reta,Sim,2,0,1,0,1,0,1,2,-27.6167305,-48.6457265,SPRF-SC,DEL01-SC,UOP01-DEL01-SC,2024
"600309,0",2024-05-13,segunda-feira,17:45:00,SC,101,"27,3",JOINVILLE,Condutor deixou de manter distância do veículo da frente,Colisão lateral mesmo sentido,Com Vítimas Feridas,Anoitecer,Crescente,Chuva,Dupla,Reta,Não,3,0,1,0,2,0,1,3,-26.20130351,-48.91331794,SPRF-SC,DEL03-SC,UOP01-DEL03-SC,2024
"600314,0",2024-05-13,segunda-feira,18:30:00,SC,470,"65,0",INDAIAL,Ausência de reação do condutor,Queda de ocupante de veículo,Com Vítimas Feridas,Plena Noite,Crescente,Chuva,Simples,Reta,Não,2,0,1,0,1,0,1,1,-26.870411,-49.211864,SPRF-SC,DEL04-SC,UOP01-DEL04-SC,2024
"600317,0",2024-05-13,segunda-feira,16:40:00,SC,280,"234,6",CANOINHAS,Acessar a via sem observar a presença dos outros veículos,Colisão transversal,Com Vítimas Feridas,Pleno dia,Crescente,Chuva,Simples,Declive,Sim,2,0,1,0,1,0,1,2,-26.19130591,-50.40255601,SPRF-SC,DEL06-SC,UOP04-DEL06-SC,2024
"600324,0",2024-04-06,sábado,15:30:00,SC,470,"5,0",NAVEGANTES,Ausência de reação do condutor,Tombamento,Com Vítimas Feridas,Pleno dia,Crescente,Céu Claro,Dupla,Reta,Não,1,0,1,0,0,0,1,1,-26.855688,-48.700333,SPRF-SC,DEL04-SC,UOP04-DEL04-SC,2024
"600331,0",2024-05-13,segunda-feira,19:45:00,SC,101,"345,0",TUBARAO,Ausência de reação do condutor,Saída de leito carroçável,Com Vítimas Feridas,Plena Noite,Decrescente,Garoa/Chuvisco,Dupla,Reta,Não,3,0,2,0,1,0,2,1,-28.557109,-49.054278,SPRF-SC,DEL02-SC,UOP01-DEL02-SC,2024
"600340,0",2024-05-13,segunda-feira,19:20:00,SC,101,"206,8",SAO JOSE,Conversão proibida,Queda de ocupante de veículo,Com Vítimas Feridas,Plena Noite,Crescente,Garoa/Chuvisco,Dupla,Retorno Regulamentado;Reta;Interseção de Vias,Sim,2,0,1,0,1,0,1,2,-27.593495,-48.61911,SPRF-SC,DEL01-SC,UOP01-DEL01-SC,2024
"600369,0",2024-05-13,segunda-feira,22:15:00,SC,101,"113,0",ITAJAI,Ausência de reação do condutor,Capotamento,Com Vítimas Feridas,Plena Noite,Decrescente,Chuva,Dupla,Reta;Retorno Regulamentado,Não,1,0,0,1,0,0,1,1,-26.85311393,-48.72689927,SPRF-SC,DEL04-SC,UOP04-DEL04-SC,2024
"600376,0",2024-05-13,segunda-feira,20:30:00,SC,101,"289,0",IMBITUBA,Demais falhas mecânicas ou elétricas,Tombamento,Com Vítimas Feridas,Plena Noite,Decrescente,Chuva,Dupla,Declive,Não,1,0,1,0,0,0,1,1,-28.25395282,-48.70289554,SPRF-SC,DEL02-SC,UOP03-DEL02-SC,2024
"600399,0",2024-05-14,terça-feira,06:45:00,SC,101,"327,0",CAPIVARI DE BAIXO,Desrespeitar a preferência no cruzamento,Colisão lateral mesmo sentido,Com Vítimas Feridas,Amanhecer,Decrescente,Nublado,Dupla,Viaduto;Interseção de Vias;Em Obras,Sim,2,0,1,0,1,0,1,2,-28.43023306,-48.95205197,SPRF-SC,DEL02-SC,UOP01-DEL02-SC,2024
"600426,0",2024-05-14,terça-feira,07:13:00,SC,101,"199,0",SAO JOSE,Trafegar com motocicleta (ou similar) entre as faixas,Colisão lateral mesmo sentido,Com Vítimas Feridas,Pleno dia,Crescente,Nublado,Dupla,Reta,Sim,2,0,1,0,1,0,1,2,-27.53413705,-48.63003205,SPRF-SC,DEL01-SC,UOP01-DEL01-SC,2024
"600466,0",2024-05-14,terça-feira,12:40:00,SC,101,"147,9",ITAPEMA,Acesso irregular,Colisão transversal,Com Vítimas Feridas,Pleno dia,Decrescente,Nublado,Dupla,Reta;Interseção de Vias,Sim,3,0,1,0,2,0,1,2,-27.09237407,-48.61730888,SPRF-SC,DEL04-SC,UOP03-DEL04-SC,2024
"600473,0",2024-05-14,terça-feira,13:20:00,SC,282,"3,0",FLORIANOPOLIS,Reação tardia ou ineficiente do condutor,Colisão lateral mesmo sentido,Com Vítimas Feridas,Pleno dia,Crescente,Céu Claro,Dupla,Reta,Sim,2,0,1,0,1,0,1,2,-27.600384,-48.599705,SPRF-SC,DEL01-SC,UOP01-DEL01-SC,2024
"600499,0",2024-05-14,terça-feira,13:40:00,SC,116,"10,4",MAFRA,Ausência de reação do condutor,Colisão com objeto,Com Vítimas Feridas,Pleno dia,Decrescente,Chuva,Simples,Curva,Não,3,0,1,0,2,0,1,1,-26.17326891,-49.855147,SPRF-SC,DEL06-SC,UOP01-DEL06-SC,2024
"600520,0",2024-05-14,terça-feira,16:30:00,SC,101,"109,0",PENHA,Reação tardia ou ineficiente do condutor,Colisão lateral mesmo sentido,Com Vítimas Feridas,Pleno dia,Crescente,Garoa/Chuvisco,Dupla,Curva,Não,2,0,1,0,1,0,1,2,-26.8333519,-48.69632106,SPRF-SC,DEL03-SC,UOP02-DEL03-SC,2024
"600535,0",2024-05-14,terça-feira,18:30:00,SC,470,"56,0",BLUMENAU,Ingestão de álcool pelo condutor,Colisão lateral mesmo sentido,Sem Vítimas,Plena Noite,Decrescente,Nublado,Simples,Reta,Sim,2,0,0,0,2,0,0,2,-26.87728821,-49.12993313,SPRF-SC,DEL04-SC,UOP01-DEL04-SC,2024
"600553,0",2024-05-14,terça-feira,20:30:00,SC,101,"207,0",SAO JOSE,Avarias e/ou desgaste excessivo no pneu,Queda de ocupante de veículo,Com Vítimas Feridas,Plena Noite,Crescente,Nublado,Múltipla,Reta;Declive,Sim,2,0,2,0,0,0,2,1,-27.60001226,-48.6226467,SPRF-SC,DEL01-SC,UOP01-DEL01-SC,2024
"600554,0",2024-05-14,terça-feira,19:30:00,SC,470,"67,6",INDAIAL,Desrespeitar a preferência no cruzamento,Colisão transversal,Com Vítimas Feridas,Amanhecer,Decrescente,Céu Claro,Simples,Interseção de Vias;Reta,Sim,2,0,0,1,1,0,1,2,-26.872158,-49.23127,SPRF-SC,DEL04-SC,UOP01-DEL04-SC,2024
"600563,0",2024-05-14,terça-feira,21:15:00,SC,282,"4,0",FLORIANOPOLIS,Transtornos Mentais (exceto suicidio),Saída de leito carroçável,Com Vítimas Feridas,Plena Noite,Decrescente,Nublado,Múltipla,Reta,Sim,1,0,1,0,0,0,1,1,-27.592646,-48.604034,SPRF-SC,DEL01-SC,UOP01-DEL01-SC,2024
"600568,0",2024-05-14,terça-feira,19:25:00,SC,282,"528,3",CORDILHEIRA ALTA,Transitar na contramão,Colisão frontal,Com Vítimas Fatais,Plena Noite,Crescente,Nublado,Simples,Reta,Não,4,1,0,1,0,2,1,2,-26.978798,-52.588566,SPRF-SC,DEL07-SC,UOP01-DEL07-SC,2024
"600571,0",2024-05-14,terça-feira,18:15:00,SC,282,"154,8",BOM RETIRO,Conversão proibida,Colisão transversal,Com Vítimas Fatais,Plena Noite,Crescente,Nublado,Simples,Reta,Não,9,1,6,0,0,2,6,2,-27.74986064,-49.71132159,SPRF-SC,DEL05-SC,UOP01-DEL05-SC,2024
"600581,0",2024-05-14,terça-feira,22:05:00,SC,470,"95,0",APIUNA,Ausência de reação do condutor,Capotamento,Com Vítimas Feridas,Plena Noite,Decrescente,Garoa/Chuvisco,Simples,Reta,Não,1,0,1,0,0,0,1,1,-27.00005328,-49.37542738,SPRF-SC,DEL04-SC,UOP01-DEL04-SC,2024
"600604,0",2024-05-15,quarta-feira,07:30:00,SC,101,"193,4",BIGUACU,Reação tardia ou ineficiente do condutor,Colisão lateral mesmo sentido,Com Vítimas Feridas,Pleno dia,Decrescente,Céu Claro,Múltipla,Reta,Sim,3,0,2,0,1,0,2,2,-27.489574,-48.655914,SPRF-SC,DEL01-SC,UOP01-DEL01-SC,2024
"600628,0",2024-05-15,quarta-feira,07:50:00,SC,101,"333,1",TUBARAO,Ausência de reação do condutor,Colisão traseira,Com Vítimas Feridas,Pleno dia,Crescente,Céu Claro,Múltipla,Interseção de Vias;Reta,Sim,3,0,2,0,0,1,2,2,-28.46630107,-48.99653096,SPRF-SC,DEL02-SC,UOP01-DEL02-SC,2024
"600634,0",2024-04-05,sexta-feira,22:30:00,SC,280,"37,0",ARAQUARI,Pedestre - Ingestão de álcool/ substâncias psicoativas,Atropelamento de Pedestre,Com Vítimas Feridas,Plena Noite,Decrescente,Garoa/Chuvisco,Simples,Reta,Não,2,0,0,1,1,0,1,2,-26.44572892,-48.81862707,SPRF-SC,DEL03-SC,UOP03-DEL03-SC,2024
"600656,0",2024-05-15,quarta-feira,12:15:00,SC,101,"214,0",PALHOCA,Reação tardia ou ineficiente do condutor,Colisão traseira,Com Vítimas Feridas,Pleno dia,Crescente,Céu Claro,Dupla,Reta,Sim,6,0,1,0,5,0,1,3,-27.64443,-48.67057,SPRF-SC,DEL01-SC,UOP02-DEL01-SC,2024
"600661,0",2024-05-15,quarta-feira,08:30:00,SC,116,"22,0",ITAIOPOLIS,Demais falhas mecânicas ou elétricas,Eventos atípicos,Com Vítimas Feridas,Pleno dia,Decrescente,Garoa/Chuvisco,Simples,Reta,Não,1,0,1,0,0,0,1,1,-26.2574752,-49.91194265,SPRF-SC,DEL06-SC,UOP01-DEL06-SC,2024
"600678,0",2024-05-15,quarta-feira,14:10:00,SC,470,"47,0",BLUMENAU,Ausência de reação do condutor,Colisão traseira,Com Vítimas Feridas,Pleno dia,Crescente,Céu Claro,Simples,Reta,Sim,3,0,1,0,2,0,1,2,-26.864044,-49.046516,SPRF-SC,DEL04-SC,UOP01-DEL04-SC,2024
"600724,0",2024-05-15,quarta-feira,18:30:00,SC,101,"200,7",SAO JOSE,Reação tardia ou ineficiente do condutor,Colisão traseira,Com Vítimas Feridas,Plena Noite,Decrescente,Nublado,Múltipla,Reta,Não,3,0,1,0,2,0,1,2,-27.54018513,-48.62287714,SPRF-SC,DEL01-SC,UOP01-DEL01-SC,2024
"600725,0",2024-05-15,quarta-feira,18:30:00,SC,101,"32,8",JOINVILLE,Manobra de mudança de faixa,Colisão lateral mesmo sentido,Com Vítimas Feridas,Plena Noite,Crescente,Céu Claro,Dupla,Reta,Não,2,0,1,0,1,0,1,2,-26.226987,-48.91657,SPRF-SC,DEL03-SC,UOP01-DEL03-SC,2024
"600760,0",2024-05-15,quarta-feira,18:10:00,SC,470,"152,9",AGRONOMICA,Ultrapassagem Indevida,Colisão frontal,Com Vítimas Fatais,Plena Noite,Decrescente,Céu Claro,Simples,Reta,Não,3,1,0,1,1,0,1,3,-27.2744136,-49.7367438,SPRF-SC,DEL04-SC,UOP02-DEL04-SC,2024
"600765,0",2024-05-15,quarta-feira,19:00:00,SC,282,"580,0",PINHALZINHO,Pedestre cruzava a pista fora da faixa,Atropelamento de Pedestre,Com Vítimas Feridas,Plena Noite,Decrescente,Céu Claro,Múltipla,Reta,Não,2,0,1,0,1,0,1,2,-26.832148,-52.994308,SPRF-SC,DEL07-SC,UOP02-DEL07-SC,2024
"600774,0",2024-05-15,quarta-feira,16:50:00,SC,101,"1,0",SANGAO,Retorno proibido,Colisão transversal,Com Vítimas Feridas,Pleno dia,Crescente,Céu Claro,Simples,Reta,Não,3,0,1,0,2,0,1,2,-28.64871647,-49.09721375,SPRF-SC,DEL02-SC,UOP01-DEL02-SC,2024
"600785,0",2024-05-15,quarta-feira,22:55:00,SC,101,"6,0",ARARANGUA,Animais na Pista,Atropelamento de Animal,Com Vítimas Feridas,Plena Noite,Crescente,Céu Claro,Simples,Reta,Sim,1,0,0,1,0,0,1,1,-28.9356,-49.4864,SPRF-SC,DEL02-SC,UOP02-DEL02-SC,2024
"600804,0",2024-05-16,quinta-feira,05:20:00,SC,470,"2,5",NAVEGANTES,Mal súbito do condutor,Colisão traseira,Com Vítimas Feridas,Plena Noite,Crescente,Nublado,Dupla,Reta;Em Obras,Sim,2,0,1,0,1,0,1,2,-26.868551,-48.674831,SPRF-SC,DEL04-SC,UOP04-DEL04-SC,2024
"600841,0",2024-05-16,quinta-feira,08:30:00,SC,101,"196,5",BIGUACU,Ausência de reação do condutor,Colisão traseira,Com Vítimas Feridas,Pleno dia,Crescente,Céu Claro,Dupla,Reta,Não,2,0,1,0,1,0,1,2,-27.51101091,-48.64322292,SPRF-SC,DEL01-SC,UOP01-DEL01-SC,2024