id,data_inversa,dia_semana,horario,uf,br,km,municipio,causa_acidente,tipo_acidente,classificacao_acidente,fase_dia,sentido_via,condicao_metereologica,tipo_pista,tracado_via,uso_solo,pessoas,mortos,feridos_leves,feridos_graves,ilesos,ignorados,feridos,veiculos,latitude,longitude,regional,delegacia,uop,ano_arquivo
"600842,0",2024-05-16,quinta-feira,08:05:00,SC,470,"2,0",NAVEGANTES,Pista Escorregadia,Tombamento,Com Vítimas Feridas,Pleno dia,Crescente,Céu Claro,Múltipla,Reta,Sim,1,0,0,1,0,0,1,1,-26.868551,-48.674831,SPRF-SC,DEL04-SC,UOP04-DEL04-SC,2024
"600846,0",2024-02-13,terça-feira,01:07:00,SC,282,"528,2",XAXIM,Falta de elemento de contenção que evite a saída do leito carroçável,Saída de leito carroçável,Com Vítimas Feridas,Plena Noite,Crescente,Nublado,Simples,Reta,Não,1,0,1,0,0,0,1,1,-26.98046,-52.59069,SPRF-SC,DEL07-SC,UOP01-DEL07-SC,2024
"600864,0",2024-05-16,quinta-feira,12:30:00,SC,101,"210,0",SAO JOSE,Condutor deixou de manter distância do veículo da frente,Colisão traseira,Com Vítimas Feridas,Pleno dia,Crescente,Nublado,Múltipla,Reta,Sim,2,0,0,1,1,0,1,2,-27.6167305,-48.6457265,SPRF-SC,DEL01-SC,UOP01-DEL01-SC,2024
"600868,0",2024-05-16,quinta-feira,10:50:00,SC,280,"67,0",JARAGUA DO SUL,Desrespeitar a preferência no cruzamento,Colisão transversal,Com Vítimas Feridas,Pleno dia,Decrescente,Nublado,Simples,Rotatória,Sim,2,0,1,0,1,0,1,2,-26.4775146,-49.10363575,SPRF-SC,DEL03-SC,UOP03-DEL03-SC,2024
"600869,0",2024-05-16,quinta-feira,12:10:00,SC,101,"333,0",TUBARAO,Condutor deixou de manter distância do veículo da frente,Colisão lateral mesmo sentido,Com Vítimas Feridas,Pleno dia,Crescente,Nublado,Múltipla,Reta,Sim,2,0,1,0,1,0,1,2,-28.46630107,-48.99653096,SPRF-SC,DEL02-SC,UOP01-DEL02-SC,2024
"600883,0",2024-05-14,terça-feira,00:20:00,SC,470,"123,0",IBIRAMA,Velocidade Incompatível,Saída de leito carroçável,Sem Vítimas,Plena Noite,Crescente,Chuva,Simples,Curva,Não,1,0,0,0,1,0,0,1,-27.106783,-49.522049,SPRF-SC,DEL04-SC,UOP02-DEL04-SC,2024
"600890,0",2024-05-16,quinta-feira,14:40:00,SC,101,"69,0",ARAQUARI,Objeto estático sobre o leito carroçável,Colisão traseira,Com Vítimas Feridas,Pleno dia,Decrescente,Céu Claro,Dupla,Reta,Não,3,0,1,0,1,1,1,3,-26.50298009,-48.72814515,SPRF-SC,DEL03-SC,UOP02-DEL03-SC,2024
"600897,0",2024-05-16,quinta-feira,15:45:00,SC,282,"340,4",CAMPOS NOVOS,Desrespeitar a preferência no cruzamento,Colisão transversal,Sem Vítimas,Pleno dia,Decrescente,Nublado,Simples,Interseção de Vias,Não,8,0,0,0,8,0,0,2,-27.39345965,-51.19214773,SPRF-SC,DEL07-SC,UOP06-DEL07-SC,2024
"600909,0",2024-05-16,quinta-feira,17:30:00,SC,101,"201,8",SAO JOSE,Trafegar com motocicleta (ou similar) entre as faixas,Colisão traseira,Com Vítimas Feridas,Plena Noite,Decrescente,Céu Claro,Múltipla,Reta,Sim,3,0,2,0,1,0,2,2,-27.54836599,-48.61977975,SPRF-SC,DEL01-SC,UOP01-DEL01-SC,2024
"600914,0",2024-05-16,quinta-feira,18:00:00,SC,470,"65,0",INDAIAL,Reação tardia ou ineficiente do condutor,Colisão traseira,Com Vítimas Feridas,Anoitecer,Crescente,Nublado,Simples,Reta,Sim,2,0,1,0,1,0,1,2,-26.870411,-49.211864,SPRF-SC,DEL04-SC,UOP01-DEL04-SC,2024
"600918,0",2024-05-16,quinta-feira,18:30:00,SC,101,"345,7",TUBARAO,Mal súbito do condutor,Saída de leito carroçável,Com Vítimas Feridas,Plena Noite,Decrescente,Garoa/Chuvisco,Dupla,Reta,Não,1,0,1,0,0,0,1,1,-28.55766809,-49.05438423,SPRF-SC,DEL02-SC,UOP01-DEL02-SC,2024
"600934,0",2024-05-16,quinta-feira,19:15:00,SC,101,"214,1",PALHOCA,Trafegar com motocicleta (ou similar) entre as faixas,Colisão lateral mesmo sentido,Com Vítimas Feridas,Plena Noite,Crescente,Céu Claro,Múltipla,Aclive;Reta,Sim,3,0,2,0,1,0,2,2,-27.64443,-48.67057,SPRF-SC,DEL01-SC,UOP02-DEL01-SC,2024
"600944,0",2024-05-16,quinta-feira,20:10:00,SC,282,"4,5",SAO JOSE,Ausência de reação do condutor,Colisão traseira,Com Vítimas Feridas,Plena Noite,Crescente,Céu Claro,Dupla,Reta,Sim,2,0,1,0,1,0,1,2,-27.592646,-48.604034,SPRF-SC,DEL01-SC,UOP01-DEL01-SC,2024
"600948,0",2024-05-16,quinta-feira,20:05:00,SC,280,"46,0",GUARAMIRIM,Acessar a via sem observar a presença dos outros veículos,Colisão transversal,Com Vítimas Feridas,Plena Noite,Decrescente,Céu Claro,Simples,Reta;Em Obras,Não,2,0,1,0,1,0,1,2,-26.45295055,-48.90788103,SPRF-SC,DEL03-SC,UOP03-DEL03-SC,2024
"600950,0",2024-05-16,quinta-feira,19:00:00,SC,101,"432,9",SOMBRIO,Condutor deixou de manter distância do veículo da frente,Colisão traseira,Com Vítimas Feridas,Plena Noite,Decrescente,Nublado,Múltipla,Reta,Sim,4,0,3,0,1,0,3,2,-29.08541724,-49.63060856,SPRF-SC,DEL02-SC,UOP02-DEL02-SC,2024
"600953,0",2024-05-16,quinta-feira,20:00:00,SC,101,"25,0",JOINVILLE,Acessar a via sem observar a presença dos outros veículos,Colisão transversal,Com Vítimas Feridas,Plena Noite,Decrescente,Nublado,Simples,Reta,Sim,2,0,1,0,0,1,1,2,-26.1834739,-48.9105912,SPRF-SC,DEL03-SC,UOP01-DEL03-SC,2024
"600962,0",2024-05-16,quinta-feira,21:40:00,SC,282,"16,3",PALHOCA,Ausência de reação do condutor,Colisão frontal,Com Vítimas Feridas,Plena Noite,Crescente,Nublado,Simples,Reta,Sim,2,0,0,1,1,0,1,2,-27.658611,-48.681847,SPRF-SC,DEL01-SC,UOP02-DEL01-SC,2024
"600977,0",2024-05-17,sexta-feira,00:20:00,SC,282,"524,0",XAXIM,Ingestão de álcool pelo condutor,Saída de leito carroçável,Sem Vítimas,Plena Noite,Crescente,Nublado,Simples,Curva,Não,1,0,0,0,1,0,0,1,-26.965002,-52.557384,SPRF-SC,DEL07-SC,UOP01-DEL07-SC,2024
"600984,0",2024-05-17,sexta-feira,03:55:00,SC,101,"390,5",CRICIUMA,Pista Escorregadia,Colisão com objeto,Com Vítimas Feridas,Plena Noite,Decrescente,Chuva,Múltipla,Reta;Aclive,Não,4,0,1,1,2,0,2,1,-28.79513029,-49.35435084,SPRF-SC,DEL02-SC,UOP02-DEL02-SC,2024
"600990,0",2024-05-17,sexta-feira,01:50:00,SC,282,"633,5",DESCANSO,Ausência de reação do condutor,Saída de leito carroçável,Com Vítimas Feridas,Plena Noite,Decrescente,Nevoeiro/Neblina,Simples,Curva;Declive,Não,1,0,1,0,0,0,1,1,-26.825808,-53.420979,SPRF-SC,DEL07-SC,UOP03-DEL07-SC,2024
"601011,0",2024-05-17,sexta-feira,07:00:00,SC,101,"40,0",JOINVILLE,Manobra de mudança de faixa,Colisão lateral mesmo sentido,Com Vítimas Feridas,Pleno dia,Decrescente,Nublado,Dupla,Reta,Sim,2,0,1,0,1,0,1,2,-26.27176094,-48.89468382,SPRF-SC,DEL03-SC,UOP01-DEL03-SC,2024
"601020,0",2024-05-17,sexta-feira,08:30:00,SC,470,"60,0",BLUMENAU,Acessar a via sem observar a presença dos outros veículos,Colisão transversal,Com Vítimas Feridas,Pleno dia,Decrescente,Nublado,Simples,Interseção de Vias;Reta,Não,2,0,0,1,1,0,1,2,-26.88138,-49.164543,SPRF-SC,DEL04-SC,UOP01-DEL04-SC,2024
"601024,0",2024-05-17,sexta-feira,08:30:00,SC,480,"127,1",CHAPECO,Desrespeitar a preferência no cruzamento,Colisão transversal,Com Vítimas Feridas,Pleno dia,Crescente,Chuva,Dupla,Reta;Interseção de Vias;Retorno Regulamentado,Sim,2,0,1,0,1,0,1,2,-27.027733,-52.634153,SPRF-SC,DEL07-SC,UOP01-DEL07-SC,2024
"601049,0",2024-04-08,segunda-feira,06:00:00,SC,282,"5,7",SAO JOSE,Pista Escorregadia,Colisão com objeto,Com Vítimas Feridas,Pleno dia,Crescente,Garoa/Chuvisco,Dupla,Curva,Sim,1,0,1,0,0,0,1,1,-27.588425,-48.612919,SPRF-SC,DEL01-SC,UOP01-DEL01-SC,2024
"601051,0",2024-05-17,sexta-feira,11:10:00,SC,101,"208,0",SAO JOSE,Trafegar com motocicleta (ou similar) entre as faixas,Colisão traseira,Com Vítimas Feridas,Pleno dia,Crescente,Nublado,Múltipla,Reta,Sim,2,0,1,0,1,0,1,2,-27.60327979,-48.63201818,SPRF-SC,DEL01-SC,UOP01-DEL01-SC,2024
"601055,0",2024-05-17,sexta-feira,07:10:00,SC,282,"39,3",AGUAS MORNAS,Mal súbito do condutor,Saída de leito carroçável,Com Vítimas Feridas,Pleno dia,Decrescente,Chuva,Simples,Curva,Sim,1,0,1,0,0,0,1,1,-27.712439,-48.860607,SPRF-SC,DEL01-SC,UOP03-DEL01-SC,2024
"601057,0",2024-05-17,sexta-feira,11:50:00,SC,101,"200,0",SAO JOSE,Reação tardia ou ineficiente do condutor,Colisão lateral mesmo sentido,Com Vítimas Feridas,Pleno dia,Crescente,Nublado,Múltipla,Reta,Sim,2,0,1,0,1,0,1,2,-27.54018513,-48.62287714,SPRF-SC,DEL01-SC,UOP01-DEL01-SC,2024
"601061,0",2024-05-17,sexta-feira,12:15:00,SC,480,"129,0",CHAPECO,Transitar na contramão,Colisão transversal,Com Vítimas Feridas,Pleno dia,Decrescente,Garoa/Chuvisco,Simples,Reta,Sim,4,0,1,0,0,3,1,3,-27.04656607,-52.63577131,SPRF-SC,DEL07-SC,UOP01-DEL07-SC,2024
"601087,0",2024-05-17,sexta-feira,14:45:00,SC,280,"4,5",SAO FRANCISCO DO SUL,Acessar a via sem observar a presença dos outros veículos,Colisão transversal,Com Vítimas Feridas,Pleno dia,Crescente,Nublado,Simples,Rotatória,Sim,2,0,1,0,1,0,1,2,-26.25329566,-48.61916042,SPRF-SC,DEL03-SC,UOP03-DEL03-SC,2024
"601124,0",2024-05-17,sexta-feira,18:00:00,SC,282,"3,0",SAO JOSE,Trafegar com motocicleta (ou similar) entre as faixas,Colisão lateral mesmo sentido,Com Vítimas Feridas,Plena Noite,Crescente,Chuva,Múltipla,Reta,Não,2,0,1,0,1,0,1,2,-27.600384,-48.599705,SPRF-SC,DEL01-SC,UOP01-DEL01-SC,2024
"601129,0",2024-05-17,sexta-feira,18:40:00,SC,101,"131,0",BALNEARIO CAMBORIU,Acessar a via sem observar a presença dos outros veículos,Colisão transversal,Com Vítimas Feridas,Plena Noite,Crescente,Nublado,Simples,Interseção de Vias,Sim,2,0,1,0,0,1,1,2,-26.99064209,-48.66310912,SPRF-SC,DEL04-SC,UOP03-DEL04-SC,2024
"601147,0",2024-05-17,sexta-feira,19:40:00,SC,101,"13,0",GARUVA,Reação tardia ou ineficiente do condutor,Colisão traseira,Com Vítimas Feridas,Plena Noite,Crescente,Chuva,Dupla,Aclive;Reta,Não,4,0,2,0,2,0,2,2,-26.08986803,-48.86345096,SPRF-SC,DEL03-SC,UOP01-DEL03-SC,2024
"601191,0",2024-05-17,sexta-feira,22:00:00,SC,470,"78,0",INDAIAL,Reação tardia ou ineficiente do condutor,Colisão traseira,Com Vítimas Feridas,Plena Noite,Crescente,Chuva,Simples,Reta,Não,5,0,2,0,3,0,2,3,-26.948776,-49.29723,SPRF-SC,DEL04-SC,UOP01-DEL04-SC,2024
"601193,0",2024-05-17,sexta-feira,19:39:00,SC,282,"129,0",BOM RETIRO,Ausência de reação do condutor,Colisão frontal,Com Vítimas Feridas,Plena Noite,Decrescente,Chuva,Simples,Curva,Não,3,0,1,0,2,0,1,2,-27.800129,-49.496468,SPRF-SC,DEL05-SC,UOP01-DEL05-SC,2024
"601206,0",2024-05-17,sexta-feira,17:40:00,SC,280,"249,0",CANOINHAS,Ausência de reação do condutor,Colisão traseira,Sem Vítimas,Pleno dia,Crescente,Céu Claro,Simples,Aclive,Não,5,0,0,0,5,0,0,2,-26.25310206,-50.53277399,SPRF-SC,DEL06-SC,UOP04-DEL06-SC,2024
"601238,0",2024-05-18,sábado,04:45:00,SC,101,"88,0",BARRA VELHA,Ausência de reação do condutor,Colisão com objeto,Sem Vítimas,Plena Noite,Decrescente,Garoa/Chuvisco,Simples,Reta,Sim,2,0,0,0,0,2,0,2,-26.64253985,-48.68950684,SPRF-SC,DEL03-SC,UOP02-DEL03-SC,2024
"601239,0",2024-05-18,sábado,02:00:00,SC,163,"89,3",GUARACIABA,Neblina,Saída de leito carroçável,Sem Vítimas,Plena Noite,Crescente,Nevoeiro/Neblina,Simples,Curva;Em Obras,Não,1,0,0,0,1,0,0,1,-26.57474691,-53.51220012,SPRF-SC,DEL07-SC,UOP03-DEL07-SC,2024
"601243,0",2024-05-18,sábado,05:15:00,SC,101,"397,9",MARACAJA,Condutor Dormindo,Saída de leito carroçável,Sem Vítimas,Plena Noite,Crescente,Nublado,Dupla,Reta,Não,1,0,0,0,1,0,0,1,-28.83036461,-49.41244828,SPRF-SC,DEL02-SC,UOP02-DEL02-SC,2024
"601244,0",2024-05-18,sábado,03:15:00,SC,280,"82,2",CORUPA,Ingestão de álcool pelo condutor,Colisão com objeto,Com Vítimas Feridas,Plena Noite,Crescente,Garoa/Chuvisco,Simples,Rotatória,Não,1,0,1,0,0,0,1,1,-26.44009491,-49.22605498,SPRF-SC,DEL06-SC,UOP03-DEL06-SC,2024
"601245,0",2024-05-18,sábado,05:45:00,SC,282,"368,0",ERVAL VELHO,Ingestão de álcool pelo condutor,Saída de leito carroçável,Sem Vítimas,Plena Noite,Decrescente,Nevoeiro/Neblina,Simples,Reta;Declive,Não,1,0,0,0,0,1,0,1,-27.283747,-51.434963,SPRF-SC,DEL07-SC,UOP05-DEL07-SC,2024
"601265,0",2024-05-18,sábado,05:50:00,SC,282,"363,0",ERVAL VELHO,Ingestão de álcool pelo condutor,Saída de leito carroçável,Sem Vítimas,Pleno dia,Decrescente,Nevoeiro/Neblina,Simples,Reta,Não,1,0,0,0,0,1,0,1,-27.302458,-51.390484,SPRF-SC,DEL07-SC,UOP05-DEL07-SC,2024
"601287,0",2024-05-18,sábado,05:00:00,SC,282,"2,0",FLORIANOPOLIS,Reação tardia ou ineficiente do condutor,Saída de leito carroçável,Com Vítimas Feridas,Pleno dia,Crescente,Chuva,Múltipla,Reta,Sim,3,0,2,0,0,1,2,2,-27.603289,-48.590416,SPRF-SC,DEL01-SC,UOP01-DEL01-SC,2024
"601297,0",2024-05-18,sábado,08:40:00,SC,101,"165,2",TIJUCAS,Acumulo de água sobre o pavimento,Tombamento,Com Vítimas Feridas,Pleno dia,Crescente,Chuva,Dupla,Curva,Não,2,0,2,0,0,0,2,1,-27.252663,-48.63154894,SPRF-SC,DEL04-SC,UOP03-DEL04-SC,2024
"601304,0",2024-05-18,sábado,09:40:00,SC,101,"165,0",TIJUCAS,Velocidade Incompatível,Saída de leito carroçável,Com Vítimas Feridas,Pleno dia,Crescente,Chuva,Dupla,Reta,Não,2,0,1,0,1,0,1,1,-27.252663,-48.63154894,SPRF-SC,DEL04-SC,UOP03-DEL04-SC,2024
"601345,0",2024-05-18,sábado,12:20:00,SC,101,"115,0",NAVEGANTES,Velocidade Incompatível,Saída de leito carroçável,Com Vítimas Feridas,Pleno dia,Decrescente,Chuva,Dupla,Curva,Não,2,0,1,0,1,0,1,1,-26.87064015,-48.72954134,SPRF-SC,DEL04-SC,UOP04-DEL04-SC,2024
"601347,0",2024-05-18,sábado,12:15:00,SC,101,"333,0",TUBARAO,Reação tardia ou ineficiente do condutor,Colisão traseira,Sem Vítimas,Pleno dia,Decrescente,Chuva,Dupla,Reta,Sim,2,0,0,0,2,0,0,2,-28.467715,-49.008793,SPRF-SC,DEL02-SC,UOP01-DEL02-SC,2024
"601351,0",2024-03-27,quarta-feira,14:30:00,SC,101,"146,0",ITAPEMA,Reação tardia ou ineficiente do condutor,Colisão traseira,Com Vítimas Feridas,Pleno dia,Decrescente,Céu Claro,Dupla,Reta,Sim,5,0,1,0,4,0,1,4,-27.08666525,-48.60955587,SPRF-SC,DEL04-SC,UOP03-DEL04-SC,2024
"601359,0",2024-05-18,sábado,12:00:00,SC,101,"201,2",SAO JOSE,Acessar a via sem observar a presença dos outros veículos,Colisão lateral mesmo sentido,Sem Vítimas,Pleno dia,Crescente,Chuva,Dupla,Reta,Sim,2,0,0,0,2,0,0,2,-27.54836599,-48.61977975,SPRF-SC,DEL01-SC,UOP01-DEL01-SC,2024
"601388,0",2024-05-18,sábado,15:00:00,SC,101,"138,0",BALNEARIO CAMBORIU,Velocidade Incompatível,Colisão com objeto,Com Vítimas Feridas,Pleno dia,Crescente,Chuva,Dupla,Curva;Aclive,Sim,1,0,1,0,0,0,1,1,-27.02397426,-48.60761649,SPRF-SC,DEL04-SC,UOP03-DEL04-SC,2024
"601400,0",2024-05-18,sábado,19:00:00,SC,101,"86,4",BARRA VELHA,Desrespeitar a preferência no cruzamento,Colisão transversal,Com Vítimas Feridas,Plena Noite,Crescente,Chuva,Múltipla,Interseção de Vias;Viaduto,Sim,4,0,4,0,0,0,4,2,-26.63277317,-48.70232513,SPRF-SC,DEL03-SC,UOP02-DEL03-SC,2024
"601402,0",2024-05-18,sábado,18:40:00,SC,101,"420,5",ARARANGUA,Acessar a via sem observar a presença dos outros veículos,Colisão transversal,Sem Vítimas,Plena Noite,Crescente,Chuva,Múltipla,Reta,Sim,6,0,0,0,6,0,0,2,-29.00281073,-49.55958366,SPRF-SC,DEL02-SC,UOP02-DEL02-SC,2024
"601426,0",2024-05-18,sábado,20:40:00,SC,101,"344,0",TUBARAO,Reação tardia ou ineficiente do condutor,Saída de leito carroçável,Com Vítimas Feridas,Plena Noite,Decrescente,Chuva,Dupla,Reta,Não,2,0,1,0,1,0,1,1,-28.53647889,-49.0531826,SPRF-SC,DEL02-SC,UOP01-DEL02-SC,2024
"601431,0",2024-05-18,sábado,19:00:00,SC,480,"126,0",CHAPECO,Ingestão de álcool pelo condutor,Colisão traseira,Com Vítimas Feridas,Plena Noite,Crescente,Chuva,Dupla,Declive;Reta,Sim,2,0,1,0,0,1,1,2,-27.020083,-52.636024,SPRF-SC,DEL07-SC,UOP01-DEL07-SC,2024
"601436,0",2024-05-18,sábado,21:10:00,SC,101,"151,0",ITAPEMA,Ingestão de álcool pelo condutor,Colisão traseira,Com Vítimas Feridas,Plena Noite,Decrescente,Chuva,Dupla,Reta,Sim,2,0,1,0,1,0,1,2,-27.126536,-48.609642,SPRF-SC,DEL04-SC,UOP03-DEL04-SC,2024
"601443,0",2024-05-18,sábado,21:20:00,SC,101,"138,0",ITAPEMA,Velocidade Incompatível,Capotamento,Com Vítimas Feridas,Pleno dia,Decrescente,Chuva,Dupla,Curva,Sim,2,0,1,0,1,0,1,2,-27.02397426,-48.60761649,SPRF-SC,DEL04-SC,UOP03-DEL04-SC,2024
"601450,0",2024-05-18,sábado,21:20:00,SC,101,"320,0",PESCARIA BRAVA,Ingestão de álcool pelo condutor,Capotamento,Com Vítimas Feridas,Plena Noite,Crescente,Chuva,Dupla,Reta,Não,4,0,1,0,3,0,1,1,-28.42800492,-48.88171497,SPRF-SC,DEL02-SC,UOP01-DEL02-SC,2024
"601468,0",2024-05-18,sábado,23:40:00,SC,101,"432,1",SOMBRIO,Ingestão de álcool pelo condutor,Saída de leito carroçável,Sem Vítimas,Plena Noite,Decrescente,Chuva,Múltipla,Reta;Interseção de Vias,Sim,1,0,0,0,1,0,0,1,-29.07931336,-49.62867737,SPRF-SC,DEL02-SC,UOP02-DEL02-SC,2024
"601500,0",2024-05-19,domingo,05:10:00,SC,101,"114,0",ITAJAI,Reação tardia ou ineficiente do condutor,Colisão com objeto,Com Vítimas Feridas,Plena Noite,Crescente,Chuva,Múltipla,Reta,Não,1,0,1,0,0,0,1,1,-26.86192886,-48.7286704,SPRF-SC,DEL04-SC,UOP04-DEL04-SC,2024
"601502,0",2024-05-19,domingo,04:00:00,SC,470,"7,0",NAVEGANTES,Ingestão de álcool pelo condutor,Saída de leito carroçável,Com Vítimas Feridas,Plena Noite,Crescente,Chuva,Dupla,Reta,Não,1,0,1,0,0,0,1,1,-26.84499,-48.71505,SPRF-SC,DEL04-SC,UOP04-DEL04-SC,2024
"601505,0",2024-05-19,domingo,05:15:00,SC,101,"37,0",JOINVILLE,Ingestão de álcool pelo condutor,Colisão com objeto,Sem Vítimas,Plena Noite,Decrescente,Chuva,Múltipla,Reta,Não,1,0,0,0,1,0,0,1,-26.29453078,-48.88424635,SPRF-SC,DEL03-SC,UOP01-DEL03-SC,2024
"601506,0",2024-05-19,domingo,04:20:00,SC,101,"279,9",IMBITUBA,Ingestão de álcool pelo condutor,Saída de leito carroçável,Sem Vítimas,Plena Noite,Decrescente,Chuva,Múltipla,Reta,Sim,1,0,0,0,1,0,0,1,-28.17962805,-48.6956297,SPRF-SC,DEL02-SC,UOP03-DEL02-SC,2024
"601508,0",2024-05-18,sábado,21:30:00,SC,153,"65,0",IRANI,Ausência de reação do condutor,Saída de leito carroçável,Sem Vítimas,Plena Noite,Crescente,Chuva,Simples,Reta,Sim,1,0,0,0,1,0,0,1,-27.0174225,-51.88284874,SPRF-SC,DEL07-SC,UOP04-DEL07-SC,2024
"601521,0",2024-05-19,domingo,06:55:00,SC,101,"89,1",BARRA VELHA,Reação tardia ou ineficiente do condutor,Colisão com objeto,Com Vítimas Feridas,Amanhecer,Decrescente,Garoa/Chuvisco,Simples,Reta,Sim,1,0,1,0,0,0,1,1,-26.66368256,-48.68861675,SPRF-SC,DEL03-SC,UOP02-DEL03-SC,2024
"601541,0",2024-05-19,domingo,08:50:00,SC,470,"48,0",BLUMENAU,Acumulo de óleo sobre o pavimento,Colisão transversal,Com Vítimas Feridas,Pleno dia,Crescente,Nublado,Dupla,Viaduto;Curva;Declive,Sim,4,0,1,0,3,0,1,2,-26.859823,-49.055393,SPRF-SC,DEL04-SC,UOP01-DEL04-SC,2024
"601546,0",2024-05-19,domingo,08:55:00,SC,101,"448,9",SANTA ROSA DO SUL,Velocidade Incompatível,Saída de leito carroçável,Com Vítimas Feridas,Pleno dia,Decrescente,Chuva,Múltipla,Reta,Não,4,0,0,4,0,0,4,1,-29.17041,-49.747415,SPRF-SC,DEL02-SC,UOP02-DEL02-SC,2024
"601611,0",2024-05-19,domingo,15:30:00,SC,282,"24,0",SANTO AMARO DA IMPERATRIZ,Ingestão de álcool pelo condutor,Colisão traseira,Sem Vítimas,Pleno dia,Decrescente,Garoa/Chuvisco,Simples,Reta;Viaduto,Não,2,0,0,0,2,0,0,2,-27.68268,-48.744614,SPRF-SC,DEL01-SC,UOP03-DEL01-SC,2024
"601615,0",2024-05-19,domingo,16:35:00,SC,101,"24,9",JOINVILLE,Demais falhas mecânicas ou elétricas,Colisão traseira,Com Vítimas Feridas,Pleno dia,Decrescente,Garoa/Chuvisco,Dupla,Interseção de Vias;Reta,Não,2,0,1,0,1,0,1,2,-26.1834739,-48.9105912,SPRF-SC,DEL03-SC,UOP01-DEL03-SC,2024
"601645,0",2024-05-19,domingo,18:45:00,SC,101,"191,0",BIGUACU,Reação tardia ou ineficiente do condutor,Capotamento,Com Vítimas Feridas,Plena Noite,Crescente,Chuva,Múltipla,Curva,Sim,1,0,1,0,0,0,1,1,-27.47730273,-48.64127329,SPRF-SC,DEL01-SC,UOP01-DEL01-SC,2024
"601646,0",2024-05-19,domingo,14:00:00,SC,282,"69,7",RANCHO QUEIMADO,Pista Escorregadia,Colisão frontal,Com Vítimas Fatais,Pleno dia,Crescente,Chuva,Simples,Aclive;Curva,Não,4,2,1,0,1,0,1,3,-27.6941128,-49.0894815,SPRF-SC,DEL01-SC,UOP03-DEL01-SC,2024
"601651,0",2024-05-19,domingo,18:30:00,SC,282,"5,5",SAO JOSE,Reação tardia ou ineficiente do condutor,Colisão traseira,Com Vítimas Feridas,Plena Noite,Decrescente,Chuva,Dupla,Curva;Aclive,Sim,3,0,1,0,2,0,1,2,-27.588425,-48.612919,SPRF-SC,DEL01-SC,UOP01-DEL01-SC,2024
"601660,0",2024-05-19,domingo,17:15:00,SC,282,"53,0",AGUAS MORNAS,Pista Escorregadia,Colisão traseira,Com Vítimas Feridas,Anoitecer,Decrescente,Chuva,Simples,Curva,Não,2,0,0,1,1,0,1,2,-27.691511,-48.970215,SPRF-SC,DEL01-SC,UOP03-DEL01-SC,2024
"601669,0",2024-05-19,domingo,19:30:00,SC,282,"600,0",CUNHA PORA,Ingestão de álcool pelo condutor,Queda de ocupante de veículo,Com Vítimas Feridas,Plena Noite,Crescente,Garoa/Chuvisco,Simples,Interseção de Vias,Não,1,0,1,0,0,0,1,1,-26.816374,-53.163918,SPRF-SC,DEL07-SC,UOP02-DEL07-SC,2024
"601679,0",2024-05-19,domingo,17:15:00,SC,470,"167,7",POUSO REDONDO,Ausência de reação do condutor,Saída de leito carroçável,Com Vítimas Fatais,Anoitecer,Crescente,Garoa/Chuvisco,Dupla,Aclive;Reta,Não,1,1,0,0,0,0,0,1,-27.2679014,-49.867594,SPRF-SC,DEL04-SC,UOP02-DEL04-SC,2024
"601683,0",2024-05-19,domingo,21:05:00,SC,280,"30,0",ARAQUARI,Acessar a via sem observar a presença dos outros veículos,Colisão transversal,Com Vítimas Feridas,Plena Noite,Crescente,Garoa/Chuvisco,Simples,Reta,Sim,1,0,1,0,0,0,1,1,-26.4141523,-48.76209493,SPRF-SC,DEL03-SC,UOP03-DEL03-SC,2024
"601695,0",2024-05-19,domingo,20:55:00,SC,101,"4,9",ARARANGUA,Desrespeitar a preferência no cruzamento,Colisão traseira,Com Vítimas Feridas,Plena Noite,Decrescente,Garoa/Chuvisco,Simples,Rotatória,Não,2,0,0,1,0,1,1,2,-28.95828632,-49.51400757,SPRF-SC,DEL02-SC,UOP02-DEL02-SC,2024
"601703,0",2024-05-19,domingo,22:30:00,SC,101,"352,0",JAGUARUNA,Ingestão de álcool pelo condutor,Saída de leito carroçável,Sem Vítimas,Plena Noite,Crescente,Garoa/Chuvisco,Múltipla,Curva,Não,1,0,0,0,1,0,0,1,-28.60489869,-49.05593332,SPRF-SC,DEL02-SC,UOP01-DEL02-SC,2024
"601713,0",2024-05-19,domingo,23:00:00,SC,101,"210,8",SAO JOSE,Reação tardia ou ineficiente do condutor,Colisão traseira,Com Vítimas Feridas,Plena Noite,Crescente,Nublado,Simples,Reta,Sim,4,0,0,1,2,1,1,2,-27.6167305,-48.6457265,SPRF-SC,DEL01-SC,UOP01-DEL01-SC,2024
"601738,0",2024-05-20,segunda-feira,01:45:00,SC,101,"440,0",SANTA ROSA DO SUL,Ingestão de álcool pelo condutor,Colisão traseira,Sem Vítimas,Plena Noite,Crescente,Nublado,Múltipla,Reta;Viaduto,Não,2,0,0,0,2,0,0,2,-29.12712211,-49.67845917,SPRF-SC,DEL02-SC,UOP02-DEL02-SC,2024
"601748,0",2024-05-20,segunda-feira,07:09:00,SC,101,"212,6",PALHOCA,Ultrapassagem Indevida,Colisão lateral mesmo sentido,Com Vítimas Feridas,Pleno dia,Decrescente,Céu Claro,Múltipla,Reta,Sim,2,0,1,0,0,1,1,2,-27.62996929,-48.65903871,SPRF-SC,DEL01-SC,UOP02-DEL01-SC,2024