id,data_inversa,dia_semana,horario,uf,br,km,municipio,causa_acidente,tipo_acidente,classificacao_acidente,fase_dia,sentido_via,condicao_metereologica,tipo_pista,tracado_via,uso_solo,pessoas,mortos,feridos_leves,feridos_graves,ilesos,ignorados,feridos,veiculos,latitude,longitude,regional,delegacia,uop,ano_arquivo
"603557,0",2024-05-28,terça-feira,11:05:00,SC,101,"215,4",PALHOCA,Acumulo de areia ou detritos sobre o pavimento,Colisão lateral mesmo sentido,Com Vítimas Feridas,Pleno dia,Crescente,Céu Claro,Dupla,Reta,Sim,2,0,2,0,0,0,2,2,-27.65184843,-48.67604941,SPRF-SC,DEL01-SC,UOP02-DEL01-SC,2024
"603564,0",2024-05-28,terça-feira,12:15:00,SC,101,"200,7",SAO JOSE,Acesso irregular,Queda de ocupante de veículo,Com Vítimas Feridas,Pleno dia,Crescente,Céu Claro,Múltipla,Reta,Não,2,0,1,0,1,0,1,2,-27.54018513,-48.62287714,SPRF-SC,DEL01-SC,UOP01-DEL01-SC,2024
"603573,0",2024-05-28,terça-feira,12:30:00,SC,101,"264,9",PAULO LOPES,Demais falhas na via,Colisão com objeto,Com Vítimas Feridas,Pleno dia,Crescente,Céu Claro,Dupla,Reta,Sim,1,0,1,0,0,0,1,1,-28.06274991,-48.71632934,SPRF-SC,DEL02-SC,UOP03-DEL02-SC,2024
"603578,0",2024-05-28,terça-feira,13:55:00,SC,101,"213,0",PALHOCA,Manobra de mudança de faixa,Colisão lateral mesmo sentido,Com Vítimas Feridas,Pleno dia,Crescente,Sol,Múltipla,Reta,Não,3,0,0,1,2,0,1,3,-27.63697369,-48.66514142,SPRF-SC,DEL01-SC,UOP02-DEL01-SC,2024
"603626,0",2024-05-28,terça-feira,18:50:00,SC,101,"201,4",SAO JOSE,Condutor deixou de manter distância do veículo da frente,Colisão traseira,Com Vítimas Feridas,Plena Noite,Crescente,Céu Claro,Dupla,Reta,Não,3,0,1,0,2,0,1,2,-27.54836599,-48.61977975,SPRF-SC,DEL01-SC,UOP01-DEL01-SC,2024
"603629,0",2024-05-28,terça-feira,18:35:00,SC,101,"131,0",BALNEARIO CAMBORIU,Acessar a via sem observar a presença dos outros veículos,Colisão lateral mesmo sentido,Com Vítimas Feridas,Anoitecer,Crescente,Céu Claro,Múltipla,Interseção de Vias,Sim,2,0,1,0,1,0,1,2,-26.99064209,-48.66310912,SPRF-SC,DEL04-SC,UOP03-DEL04-SC,2024
"603631,0",2024-05-28,terça-feira,09:40:00,SC,116,"66,6",MONTE CASTELO,Acessar a via sem observar a presença dos outros veículos,Colisão lateral mesmo sentido,Sem Vítimas,Pleno dia,Decrescente,Sol,Simples,Reta,Sim,2,0,0,0,2,0,0,2,-26.43345701,-50.22890485,SPRF-SC,DEL06-SC,UOP02-DEL06-SC,2024
"603637,0",2024-05-28,terça-feira,20:05:00,SC,280,"129,9",RIO NEGRINHO,Animais na Pista,Colisão lateral mesmo sentido,Com Vítimas Feridas,Plena Noite,Decrescente,Céu Claro,Simples,Reta;Declive,Sim,2,0,0,2,0,0,2,2,-26.24586437,-49.52284615,SPRF-SC,DEL06-SC,UOP03-DEL06-SC,2024
"603638,0",2024-05-20,segunda-feira,21:15:00,SC,282,"69,0",RANCHO QUEIMADO,Demais falhas mecânicas ou elétricas,Incêndio,Sem Vítimas,Plena Noite,Crescente,Céu Claro,Múltipla,Reta;Aclive,Não,1,0,0,0,1,0,0,1,-27.690144,-49.083813,SPRF-SC,DEL01-SC,UOP03-DEL01-SC,2024
"603658,0",2024-05-28,terça-feira,21:20:00,SC,470,"62,9",INDAIAL,Acessar a via sem observar a presença dos outros veículos,Colisão transversal,Com Vítimas Feridas,Plena Noite,Crescente,Céu Claro,Simples,Reta;Aclive,Não,2,0,1,0,0,1,1,2,-26.872396,-49.19228,SPRF-SC,DEL04-SC,UOP01-DEL04-SC,2024
"603663,0",2024-05-28,terça-feira,20:40:00,SC,470,"54,0",BLUMENAU,Acessar a via sem observar a presença dos outros veículos,Colisão transversal,Sem Vítimas,Pleno dia,Crescente,Céu Claro,Simples,Rotatória;Em Obras;Retorno Regulamentado;Interseção de Vias,Sim,2,0,0,0,2,0,0,2,-26.871065,-49.110374,SPRF-SC,DEL04-SC,UOP01-DEL04-SC,2024
"603671,0",2024-05-28,terça-feira,23:30:00,SC,101,"118,0",ITAJAI,Condutor deixou de manter distância do veículo da frente,Colisão lateral mesmo sentido,Com Vítimas Feridas,Plena Noite,Crescente,Céu Claro,Dupla,Reta,Não,1,0,0,1,0,0,1,1,-26.895859,-48.71903,SPRF-SC,DEL04-SC,UOP04-DEL04-SC,2024
"603681,0",2024-05-29,quarta-feira,04:50:00,SC,470,"48,0",BLUMENAU,Acessar a via sem observar a presença dos outros veículos,Tombamento,Com Vítimas Feridas,Plena Noite,Crescente,Céu Claro,Dupla,Reta;Em Obras,Sim,1,0,1,0,0,0,1,1,-26.859823,-49.055393,SPRF-SC,DEL04-SC,UOP01-DEL04-SC,2024
"603683,0",2024-05-29,quarta-feira,06:15:00,SC,101,"217,7",PALHOCA,Entrada inopinada do pedestre,Atropelamento de Pedestre,Com Vítimas Feridas,Amanhecer,Decrescente,Céu Claro,Dupla,Reta,Sim,2,0,0,1,1,0,1,2,-27.66779034,-48.67393586,SPRF-SC,DEL01-SC,UOP02-DEL01-SC,2024
"603686,0",2024-05-29,quarta-feira,06:12:00,SC,470,"230,5",SAO CRISTOVAO DO SUL,Ausência de reação do condutor,Saída de leito carroçável,Com Vítimas Feridas,Amanhecer,Crescente,Nublado,Simples,Reta,Não,1,0,0,1,0,0,1,1,-27.308146,-50.392616,SPRF-SC,DEL05-SC,UOP03-DEL05-SC,2024
"603689,0",2024-05-29,quarta-feira,01:30:00,SC,116,"37,0",ITAIOPOLIS,Condutor deixou de manter distância do veículo da frente,Capotamento,Com Vítimas Feridas,Plena Noite,Decrescente,Céu Claro,Simples,Reta;Aclive,Não,3,0,1,0,2,0,1,1,-26.34065776,-50.02444605,SPRF-SC,DEL06-SC,UOP01-DEL06-SC,2024
"603697,0",2024-05-29,quarta-feira,07:24:00,SC,101,"146,6",ITAPEMA,Reação tardia ou ineficiente do condutor,Colisão transversal,Com Vítimas Feridas,Pleno dia,Crescente,Nublado,Múltipla,Interseção de Vias;Reta,Sim,2,0,1,0,1,0,1,2,-27.08666525,-48.60955587,SPRF-SC,DEL04-SC,UOP03-DEL04-SC,2024
"603701,0",2024-05-29,quarta-feira,07:50:00,SC,282,"4,0",FLORIANOPOLIS,Trafegar com motocicleta (ou similar) entre as faixas,Colisão traseira,Com Vítimas Feridas,Pleno dia,Decrescente,Céu Claro,Múltipla,Reta,Não,3,0,1,0,2,0,1,2,-27.600384,-48.599705,SPRF-SC,DEL01-SC,UOP01-DEL01-SC,2024
"603705,0",2024-05-29,quarta-feira,07:20:00,SC,470,"63,0",INDAIAL,Acessar a via sem observar a presença dos outros veículos,Colisão transversal,Com Vítimas Feridas,Pleno dia,Crescente,Céu Claro,Simples,Reta,Sim,2,0,1,0,1,0,1,2,-26.889374,-49.254478,SPRF-SC,DEL04-SC,UOP01-DEL04-SC,2024
"603707,0",2024-05-29,quarta-feira,07:35:00,SC,101,"212,8",PALHOCA,Condutor usando celular,Colisão traseira,Com Vítimas Feridas,Pleno dia,Crescente,Céu Claro,Simples,Reta,Sim,2,0,0,1,1,0,1,2,-27.62996929,-48.65903871,SPRF-SC,DEL01-SC,UOP02-DEL01-SC,2024
"603708,0",2024-05-29,quarta-feira,06:45:00,SC,101,"56,7",JOINVILLE,Manobra de mudança de faixa,Colisão lateral mesmo sentido,Com Vítimas Feridas,Pleno dia,Crescente,Sol,Dupla,Reta;Interseção de Vias,Sim,2,0,1,0,1,0,1,2,-26.43207484,-48.82263984,SPRF-SC,DEL03-SC,UOP01-DEL03-SC,2024
"603715,0",2024-05-29,quarta-feira,08:06:00,SC,101,"213,2",PALHOCA,Reação tardia ou ineficiente do condutor,Colisão lateral mesmo sentido,Com Vítimas Feridas,Pleno dia,Decrescente,Céu Claro,Dupla,Reta,Não,2,0,0,1,1,0,1,2,-27.63697369,-48.66514142,SPRF-SC,DEL01-SC,UOP02-DEL01-SC,2024
"603720,0",2024-05-29,quarta-feira,08:15:00,SC,101,"119,1",ITAJAI,Ausência de reação do condutor,Colisão lateral mesmo sentido,Com Vítimas Feridas,Pleno dia,Crescente,Sol,Dupla,Reta,Não,2,0,1,0,1,0,1,2,-26.9043179,-48.71555481,SPRF-SC,DEL04-SC,UOP04-DEL04-SC,2024
"603722,0",2024-05-29,quarta-feira,09:00:00,SC,101,"208,9",SAO JOSE,Trafegar com motocicleta (ou similar) entre as faixas,Colisão lateral mesmo sentido,Com Vítimas Feridas,Pleno dia,Decrescente,Sol,Simples,Aclive;Reta,Sim,2,0,1,0,1,0,1,2,-27.60327979,-48.63201818,SPRF-SC,DEL01-SC,UOP01-DEL01-SC,2024
"603726,0",2024-05-29,quarta-feira,08:00:00,SC,101,"381,9",ICARA,Ausência de reação do condutor,Colisão traseira,Com Vítimas Feridas,Pleno dia,Decrescente,Céu Claro,Múltipla,Declive,Não,2,0,0,1,1,0,1,2,-28.75966988,-49.28552404,SPRF-SC,DEL02-SC,UOP02-DEL02-SC,2024
"603747,0",2024-05-29,quarta-feira,12:20:00,SC,101,"206,0",SAO JOSE,Manobra de mudança de faixa,Colisão lateral mesmo sentido,Com Vítimas Feridas,Pleno dia,Crescente,Céu Claro,Múltipla,Reta,Não,2,0,1,0,1,0,1,2,-27.59193546,-48.61824557,SPRF-SC,DEL01-SC,UOP01-DEL01-SC,2024
"603754,0",2024-05-29,quarta-feira,12:30:00,SC,470,"134,8",RIO DO SUL,Ausência de reação do condutor,Colisão lateral sentido oposto,Com Vítimas Feridas,Pleno dia,Crescente,Céu Claro,Simples,Reta,Sim,2,0,2,0,0,0,2,2,-27.17889339,-49.59569693,SPRF-SC,DEL04-SC,UOP02-DEL04-SC,2024
"603768,0",2024-05-29,quarta-feira,13:15:00,SC,101,"222,6",PALHOCA,Acessar a via sem observar a presença dos outros veículos,Saída de leito carroçável,Com Vítimas Feridas,Pleno dia,Decrescente,Céu Claro,Dupla,Reta,Não,2,0,2,0,0,0,2,1,-27.70865409,-48.65586407,SPRF-SC,DEL01-SC,UOP02-DEL01-SC,2024
"603779,0",2024-05-29,quarta-feira,13:15:00,SC,101,"57,0",ARAQUARI,Acessar a via sem observar a presença dos outros veículos,Colisão lateral mesmo sentido,Com Vítimas Feridas,Pleno dia,Crescente,Céu Claro,Dupla,Reta,Não,2,0,1,0,1,0,1,2,-26.43646093,-48.81113029,SPRF-SC,DEL03-SC,UOP01-DEL03-SC,2024
"603788,0",2024-05-29,quarta-feira,15:15:00,SC,470,"22,0",ILHOTA,Ausência de reação do condutor,Saída de leito carroçável,Com Vítimas Feridas,Pleno dia,Decrescente,Nublado,Dupla,Interseção de Vias,Não,2,0,0,2,0,0,2,1,-26.880066,-48.836224,SPRF-SC,DEL04-SC,UOP04-DEL04-SC,2024
"603797,0",2024-05-29,quarta-feira,17:00:00,SC,280,"28,4",ARAQUARI,Acessar a via sem observar a presença dos outros veículos,Colisão transversal,Com Vítimas Feridas,Pleno dia,Decrescente,Céu Claro,Simples,Reta,Não,3,0,2,0,1,0,2,2,-26.40450077,-48.74561031,SPRF-SC,DEL03-SC,UOP03-DEL03-SC,2024
"603807,0",2024-05-29,quarta-feira,16:20:00,SC,101,"139,0",BALNEARIO CAMBORIU,Reação tardia ou ineficiente do condutor,Colisão traseira,Com Vítimas Feridas,Pleno dia,Crescente,Céu Claro,Simples,Reta;Aclive,Não,2,0,0,1,1,0,1,2,-27.02982303,-48.60115006,SPRF-SC,DEL04-SC,UOP03-DEL04-SC,2024
"603828,0",2024-05-29,quarta-feira,17:50:00,SC,282,"144,9",BOM RETIRO,Animais na Pista,Atropelamento de Animal,Com Vítimas Feridas,Pleno dia,Crescente,Céu Claro,Simples,Curva,Não,1,0,1,0,0,0,1,1,-27.806391,-49.622917,SPRF-SC,DEL05-SC,UOP01-DEL05-SC,2024
"603831,0",2024-05-29,quarta-feira,18:45:00,SC,282,"15,9",PALHOCA,Acessar a via sem observar a presença dos outros veículos,Colisão transversal,Com Vítimas Feridas,Plena Noite,Crescente,Céu Claro,Simples,Rotatória,Sim,2,0,0,1,1,0,1,2,-27.65646681,-48.67973328,SPRF-SC,DEL01-SC,UOP02-DEL01-SC,2024
"603838,0",2024-05-29,quarta-feira,18:50:00,SC,101,"134,1",BALNEARIO CAMBORIU,Reação tardia ou ineficiente do condutor,Colisão traseira,Com Vítimas Feridas,Plena Noite,Decrescente,Céu Claro,Simples,Reta,Não,2,0,0,1,1,0,1,2,-27.00218,-48.636433,SPRF-SC,DEL04-SC,UOP03-DEL04-SC,2024
"603839,0",2024-05-24,sexta-feira,02:35:00,SC,101,"137,0",BALNEARIO CAMBORIU,Reação tardia ou ineficiente do condutor,Colisão traseira,Sem Vítimas,Plena Noite,Decrescente,Garoa/Chuvisco,Múltipla,Reta,Sim,2,0,0,0,1,1,0,2,-27.0157238,-48.61192763,SPRF-SC,DEL04-SC,UOP03-DEL04-SC,2024
"603840,0",2024-05-29,quarta-feira,18:35:00,SC,282,"16,7",PALHOCA,Acessar a via sem observar a presença dos outros veículos,Colisão transversal,Com Vítimas Feridas,Plena Noite,Decrescente,Nublado,Simples,Reta,Sim,3,0,1,0,2,0,1,3,-27.658611,-48.681847,SPRF-SC,DEL01-SC,UOP02-DEL01-SC,2024
"603841,0",2024-05-29,quarta-feira,18:00:00,SC,101,"130,5",BALNEARIO CAMBORIU,Reação tardia ou ineficiente do condutor,Colisão traseira,Com Vítimas Feridas,Plena Noite,Crescente,Céu Claro,Dupla,Reta,Sim,2,0,0,1,1,0,1,2,-26.98407618,-48.66977107,SPRF-SC,DEL04-SC,UOP03-DEL04-SC,2024
"603843,0",2024-05-29,quarta-feira,17:55:00,SC,101,"130,6",CAMBORIU,Trafegar com motocicleta (ou similar) entre as faixas,Colisão lateral mesmo sentido,Com Vítimas Feridas,Anoitecer,Decrescente,Nublado,Dupla,Reta,Sim,5,0,3,0,2,0,3,4,-26.99061588,-48.6630553,SPRF-SC,DEL04-SC,UOP03-DEL04-SC,2024
"603844,0",2024-05-29,quarta-feira,18:30:00,SC,101,"140,0",BALNEARIO CAMBORIU,Manobra de mudança de faixa,Colisão lateral mesmo sentido,Com Vítimas Feridas,Plena Noite,Decrescente,Céu Claro,Dupla,Reta,Sim,2,0,2,0,0,0,2,1,-27.034795,-48.6044,SPRF-SC,DEL04-SC,UOP03-DEL04-SC,2024
"603851,0",2024-05-29,quarta-feira,18:50:00,SC,101,"116,7",ITAJAI,Manobra de mudança de faixa,Colisão lateral mesmo sentido,Com Vítimas Feridas,Plena Noite,Crescente,Céu Claro,Múltipla,Reta,Sim,2,0,1,0,1,0,1,2,-26.87905605,-48.72603512,SPRF-SC,DEL04-SC,UOP04-DEL04-SC,2024
"603857,0",2024-05-29,quarta-feira,19:00:00,SC,282,"2,0",FLORIANOPOLIS,Condutor deixou de manter distância do veículo da frente,Colisão traseira,Com Vítimas Feridas,Plena Noite,Decrescente,Céu Claro,Dupla,Reta,Sim,2,0,1,0,0,1,1,2,-27.603289,-48.590416,SPRF-SC,DEL01-SC,UOP01-DEL01-SC,2024
"603862,0",2024-05-29,quarta-feira,18:20:00,SC,101,"35,0",JOINVILLE,Reação tardia ou ineficiente do condutor,Colisão traseira,Com Vítimas Feridas,Pleno dia,Crescente,Céu Claro,Dupla,Reta,Não,2,0,1,0,1,0,1,2,-26.2411301,-48.91227415,SPRF-SC,DEL03-SC,UOP01-DEL03-SC,2024
"603863,0",2024-05-29,quarta-feira,20:40:00,SC,101,"120,5",ITAJAI,Manobra de mudança de faixa,Colisão traseira,Com Vítimas Feridas,Plena Noite,Crescente,Nublado,Dupla,Reta,Não,3,0,0,1,2,0,1,3,-26.912758,-48.711998,SPRF-SC,DEL04-SC,UOP04-DEL04-SC,2024
"603905,0",2024-05-29,quarta-feira,22:20:00,SC,101,"149,8",ITAPEMA,Condutor deixou de manter distância do veículo da frente,Colisão traseira,Com Vítimas Feridas,Plena Noite,Crescente,Nublado,Dupla,Reta,Sim,2,0,1,0,1,0,1,2,-27.1160147,-48.60976517,SPRF-SC,DEL04-SC,UOP03-DEL04-SC,2024
"603913,0",2024-05-29,quarta-feira,21:30:00,SC,280,"230,1",CANOINHAS,Deficiência do Sistema de Iluminação/Sinalização,Colisão frontal,Com Vítimas Feridas,Plena Noite,Decrescente,Céu Claro,Simples,Reta;Rotatória,Sim,2,0,1,0,1,0,1,2,-26.18756479,-50.36192211,SPRF-SC,DEL06-SC,UOP04-DEL06-SC,2024
"603920,0",2024-05-30,quinta-feira,01:00:00,SC,282,"46,0",AGUAS MORNAS,Mal súbito do condutor,Saída de leito carroçável,Com Vítimas Feridas,Plena Noite,Decrescente,Garoa/Chuvisco,Simples,Curva,Não,2,0,1,0,1,0,1,1,-27.721041,-48.925152,SPRF-SC,DEL01-SC,UOP03-DEL01-SC,2024
"603931,0",2024-05-30,quinta-feira,02:50:00,SC,470,"109,7",APIUNA,Condutor Dormindo,Saída de leito carroçável,Com Vítimas Feridas,Plena Noite,Crescente,Céu Claro,Simples,Curva,Não,1,0,1,0,0,0,1,1,-27.083876,-49.449543,SPRF-SC,DEL04-SC,UOP02-DEL04-SC,2024
"603935,0",2024-05-30,quinta-feira,04:30:00,SC,101,"199,0",SAO JOSE,Ingestão de álcool pelo condutor,Saída de leito carroçável,Com Vítimas Feridas,Plena Noite,Crescente,Céu Claro,Múltipla,Reta,Não,4,0,1,0,3,0,1,1,-27.53413705,-48.63003205,SPRF-SC,DEL01-SC,UOP01-DEL01-SC,2024
"603939,0",2024-05-30,quinta-feira,05:25:00,SC,282,"508,1",XANXERE,Ultrapassagem Indevida,Colisão lateral sentido oposto,Com Vítimas Feridas,Plena Noite,Decrescente,Céu Claro,Simples,Reta;Declive,Não,3,0,1,1,1,0,2,2,-26.886171,-52.43911,SPRF-SC,DEL07-SC,UOP01-DEL07-SC,2024
"603943,0",2024-05-30,quinta-feira,03:10:00,SC,101,"210,0",SAO JOSE,Ingestão de álcool pelo condutor,Capotamento,Com Vítimas Feridas,Plena Noite,Crescente,Céu Claro,Simples,Reta,Sim,1,0,1,0,0,0,1,1,-27.6167305,-48.6457265,SPRF-SC,DEL01-SC,UOP01-DEL01-SC,2024
"603945,0",2024-05-30,quinta-feira,05:55:00,SC,101,"216,3",PALHOCA,Acessar a via sem observar a presença dos outros veículos,Colisão transversal,Com Vítimas Feridas,Plena Noite,Crescente,Céu Claro,Dupla,Reta;Viaduto,Sim,2,0,0,1,1,0,1,2,-27.65981409,-48.67747798,SPRF-SC,DEL01-SC,UOP02-DEL01-SC,2024
"603947,0",2024-05-30,quinta-feira,04:00:00,SC,280,"236,8",CANOINHAS,Transitar na contramão,Colisão frontal,Com Vítimas Feridas,Plena Noite,Crescente,Nevoeiro/Neblina,Simples,Reta,Não,4,0,2,1,1,0,3,2,-26.19473731,-50.42288587,SPRF-SC,DEL06-SC,UOP04-DEL06-SC,2024
"603950,0",2024-05-30,quinta-feira,05:10:00,SC,282,"207,3",LAGES,Reação tardia ou ineficiente do condutor,Colisão traseira,Com Vítimas Feridas,Amanhecer,Decrescente,Nevoeiro/Neblina,Simples,Rotatória,Não,5,0,1,0,4,0,1,2,-27.773464,-50.202095,SPRF-SC,DEL05-SC,UOP01-DEL05-SC,2024
"603983,0",2024-05-30,quinta-feira,09:35:00,SC,116,"220,0",CORREIA PINTO,Transitar na contramão,Colisão transversal,Com Vítimas Feridas,Pleno dia,Crescente,Céu Claro,Simples,Interseção de Vias,Sim,2,0,1,0,1,0,1,2,-27.59041983,-50.3633666,SPRF-SC,DEL05-SC,UOP03-DEL05-SC,2024
"603984,0",2024-05-30,quinta-feira,10:30:00,SC,101,"206,9",SAO JOSE,Condutor deixou de manter distância do veículo da frente,Colisão traseira,Com Vítimas Feridas,Pleno dia,Crescente,Céu Claro,Dupla,Reta,Sim,5,0,1,0,4,0,1,5,-27.59193546,-48.61824557,SPRF-SC,DEL01-SC,UOP01-DEL01-SC,2024
"604021,0",2024-05-30,quinta-feira,09:50:00,SC,280,"220,0",TRES BARRAS,Ausência de reação do condutor,Saída de leito carroçável,Com Vítimas Feridas,Pleno dia,Decrescente,Céu Claro,Simples,Rotatória,Não,2,0,1,0,0,1,1,1,-26.17118856,-50.26466388,SPRF-SC,DEL06-SC,UOP04-DEL06-SC,2024
"604024,0",2024-05-30,quinta-feira,10:00:00,SC,282,"463,6",PONTE SERRADA,Conversão proibida,Colisão transversal,Com Vítimas Feridas,Pleno dia,Crescente,Céu Claro,Simples,Reta,Não,6,0,0,1,0,5,1,3,-26.855036,-52.059551,SPRF-SC,DEL07-SC,UOP04-DEL07-SC,2024
"604026,0",2024-05-30,quinta-feira,13:55:00,SC,101,"123,2",ITAJAI,Manobra de mudança de faixa,Colisão traseira,Com Vítimas Feridas,Pleno dia,Crescente,Céu Claro,Múltipla,Viaduto,Sim,5,0,0,2,2,1,2,4,-26.93668609,-48.69876905,SPRF-SC,DEL04-SC,UOP04-DEL04-SC,2024
"604028,0",2024-04-08,segunda-feira,14:35:00,SC,101,"215,0",PALHOCA,Manobra de mudança de faixa,Colisão lateral mesmo sentido,Com Vítimas Feridas,Pleno dia,Crescente,Céu Claro,Múltipla,Reta,Sim,1,0,1,0,0,0,1,1,-27.65553194,-48.67805958,SPRF-SC,DEL01-SC,UOP02-DEL01-SC,2024
"604056,0",2024-05-30,quinta-feira,16:20:00,SC,101,"216,3",PALHOCA,Acessar a via sem observar a presença dos outros veículos,Colisão transversal,Com Vítimas Feridas,Pleno dia,Crescente,Céu Claro,Múltipla,Interseção de Vias,Sim,2,0,1,0,1,0,1,2,-27.65981409,-48.67747798,SPRF-SC,DEL01-SC,UOP02-DEL01-SC,2024
"604088,0",2024-05-30,quinta-feira,14:50:00,SC,153,"111,1",CONCORDIA,Acessar a via sem observar a presença dos outros veículos,Colisão transversal,Com Vítimas Feridas,Pleno dia,Decrescente,Sol,Simples,Reta,Não,5,0,2,0,3,0,2,2,-27.32757469,-51.97926664,SPRF-SC,DEL07-SC,UOP04-DEL07-SC,2024
"604103,0",2024-05-30,quinta-feira,13:57:00,SC,101,"123,0",ITAJAI,Reação tardia ou ineficiente do condutor,Colisão traseira,Com Vítimas Feridas,Pleno dia,Crescente,Céu Claro,Múltipla,Reta,Sim,3,0,1,1,0,1,2,2,-26.93668609,-48.69876905,SPRF-SC,DEL04-SC,UOP04-DEL04-SC,2024
"604112,0",2024-05-30,quinta-feira,19:30:00,SC,101,"3,7",ARARANGUA,Acessar a via sem observar a presença dos outros veículos,Colisão transversal,Com Vítimas Feridas,Plena Noite,Decrescente,Céu Claro,Simples,Rotatória,Sim,2,0,0,1,1,0,1,2,-28.94951808,-49.50666904,SPRF-SC,DEL02-SC,UOP02-DEL02-SC,2024
"604117,0",2024-05-30,quinta-feira,20:51:00,SC,101,"142,0",ITAPEMA,Manobra de mudança de faixa,Colisão lateral mesmo sentido,Com Vítimas Feridas,Plena Noite,Crescente,Nublado,Dupla,Reta,Sim,2,0,0,1,0,1,1,2,-27.056089,-48.599449,SPRF-SC,DEL04-SC,UOP03-DEL04-SC,2024
"604126,0",2024-05-30,quinta-feira,21:00:00,SC,101,"194,4",BIGUACU,Ingestão de álcool pelo condutor,Colisão com objeto,Com Vítimas Feridas,Plena Noite,Decrescente,Céu Claro,Múltipla,Reta,Sim,1,0,0,1,0,0,1,1,-27.49815117,-48.65661236,SPRF-SC,DEL01-SC,UOP01-DEL01-SC,2024
"604127,0",2024-05-30,quinta-feira,22:30:00,SC,101,"10,0",GARUVA,Ingestão de álcool pelo condutor,Saída de leito carroçável,Sem Vítimas,Plena Noite,Decrescente,Céu Claro,Múltipla,Reta,Não,1,0,0,0,1,0,0,1,-26.06834261,-48.86039615,SPRF-SC,DEL03-SC,UOP01-DEL03-SC,2024
"604131,0",2024-05-30,quinta-feira,23:00:00,SC,101,"335,5",TUBARAO,Animais na Pista,Atropelamento de Animal,Com Vítimas Feridas,Plena Noite,Decrescente,Céu Claro,Dupla,Curva,Não,1,0,1,0,0,0,1,1,-28.46927473,-49.01557908,SPRF-SC,DEL02-SC,UOP01-DEL02-SC,2024
"604136,0",2024-05-30,quinta-feira,21:30:00,SC,101,"4,6",ARARANGUA,Ingestão de álcool pelo condutor,Colisão traseira,Sem Vítimas,Plena Noite,Crescente,Nublado,Simples,Reta,Sim,2,0,0,0,2,0,0,2,-28.94927399,-49.50679779,SPRF-SC,DEL03-SC,UOP01-DEL03-SC,2024
"604167,0",2024-05-31,sexta-feira,06:24:00,SC,101,"207,4",SAO JOSE,Ausência de reação do condutor,Colisão traseira,Com Vítimas Feridas,Pleno dia,Crescente,Céu Claro,Dupla,Aclive;Reta,Sim,3,0,2,0,1,0,2,3,-27.60001226,-48.6226467,SPRF-SC,DEL01-SC,UOP01-DEL01-SC,2024
"604170,0",2024-05-31,sexta-feira,01:30:00,SC,282,"378,9",HERVAL DOESTE,Neblina,Capotamento,Com Vítimas Feridas,Plena Noite,Crescente,Nevoeiro/Neblina,Simples,Rotatória;Interseção de Vias,Não,4,0,2,0,2,0,2,1,-27.21430632,-51.48537755,SPRF-SC,DEL07-SC,UOP05-DEL07-SC,2024
"604177,0",2024-05-31,sexta-feira,07:00:00,SC,470,"57,0",BLUMENAU,Manobra de mudança de faixa,Colisão traseira,Com Vítimas Feridas,Pleno dia,Crescente,Nublado,Múltipla,Em Obras;Desvio Temporário;Curva;Declive;Interseção de Vias,Sim,3,0,2,0,1,0,2,2,-26.88019957,-49.1364983,SPRF-SC,DEL04-SC,UOP01-DEL04-SC,2024
"604186,0",2024-05-31,sexta-feira,08:30:00,SC,101,"201,5",SAO JOSE,Manobra de mudança de faixa,Colisão traseira,Com Vítimas Feridas,Pleno dia,Crescente,Céu Claro,Múltipla,Reta;Viaduto,Sim,2,0,1,0,1,0,1,2,-27.54836599,-48.61977975,SPRF-SC,DEL01-SC,UOP01-DEL01-SC,2024
"604189,0",2024-05-31,sexta-feira,06:50:00,SC,101,"123,0",ITAJAI,Desrespeitar a preferência no cruzamento,Colisão transversal,Com Vítimas Feridas,Pleno dia,Crescente,Céu Claro,Múltipla,Viaduto;Interseção de Vias,Sim,2,0,1,0,1,0,1,2,-26.93668609,-48.69876905,SPRF-SC,DEL04-SC,UOP04-DEL04-SC,2024
"604221,0",2024-05-31,sexta-feira,11:30:00,SC,101,"208,5",SAO JOSE,Reação tardia ou ineficiente do condutor,Colisão traseira,Com Vítimas Feridas,Pleno dia,Crescente,Céu Claro,Múltipla,Reta,Sim,3,0,1,0,2,0,1,2,-27.60327979,-48.63201818,SPRF-SC,DEL01-SC,UOP01-DEL01-SC,2024
"604224,0",2024-05-31,sexta-feira,11:35:00,SC,101,"116,8",ITAJAI,Reação tardia ou ineficiente do condutor,Colisão traseira,Com Vítimas Feridas,Pleno dia,Crescente,Céu Claro,Múltipla,Reta,Sim,5,0,2,0,3,0,2,3,-26.87905605,-48.72603512,SPRF-SC,DEL04-SC,UOP04-DEL04-SC,2024
"604241,0",2024-05-31,sexta-feira,13:30:00,SC,101,"206,7",SAO JOSE,Reação tardia ou ineficiente do condutor,Engavetamento,Com Vítimas Feridas,Pleno dia,Crescente,Céu Claro,Múltipla,Reta,Sim,6,0,1,0,5,0,1,6,-27.59193546,-48.61824557,SPRF-SC,DEL01-SC,UOP01-DEL01-SC,2024