id,data_inversa,dia_semana,horario,uf,br,km,municipio,causa_acidente,tipo_acidente,classificacao_acidente,fase_dia,sentido_via,condicao_metereologica,tipo_pista,tracado_via,uso_solo,pessoas,mortos,feridos_leves,feridos_graves,ilesos,ignorados,feridos,veiculos,latitude,longitude,regional,delegacia,uop,ano_arquivo
"605238,0",2024-06-04,terça-feira,19:30:00,SC,101,"73,5",ARAQUARI,Reação tardia ou ineficiente do condutor,Saída de leito carroçável,Com Vítimas Feridas,Plena Noite,Crescente,Céu Claro,Simples,Curva,Não,1,0,1,0,0,0,1,1,-26.54446209,-48.71214452,SPRF-SC,DEL03-SC,UOP02-DEL03-SC,2024
"605268,0",2024-06-05,quarta-feira,07:00:00,SC,282,"17,5",PALHOCA,Ultrapassagem Indevida,Colisão transversal,Com Vítimas Feridas,Amanhecer,Decrescente,Céu Claro,Simples,Reta;Retorno Regulamentado,Sim,2,0,0,1,1,0,1,2,-27.665707,-48.688065,SPRF-SC,DEL01-SC,UOP02-DEL01-SC,2024
"605278,0",2024-06-05,quarta-feira,08:00:00,SC,101,"200,0",SAO JOSE,Reação tardia ou ineficiente do condutor,Tombamento,Com Vítimas Feridas,Pleno dia,Crescente,Céu Claro,Múltipla,Interseção de Vias,Sim,2,0,1,1,0,0,2,1,-27.54018513,-48.62287714,SPRF-SC,DEL01-SC,UOP01-DEL01-SC,2024
"605287,0",2024-06-05,quarta-feira,08:15:00,SC,101,"118,9",ITAJAI,Ausência de reação do condutor,Tombamento,Com Vítimas Feridas,Pleno dia,Decrescente,Nublado,Múltipla,Reta,Não,1,0,1,0,0,0,1,1,-26.895859,-48.71903,SPRF-SC,DEL04-SC,UOP04-DEL04-SC,2024
"605290,0",2024-06-05,quarta-feira,07:20:00,SC,280,"66,3",JARAGUA DO SUL,Acessar a via sem observar a presença dos outros veículos,Colisão transversal,Com Vítimas Feridas,Pleno dia,Decrescente,Céu Claro,Simples,Reta,Sim,2,0,1,0,1,0,1,2,-26.47606607,-49.09568797,SPRF-SC,DEL03-SC,UOP03-DEL03-SC,2024
"605295,0",2024-05-24,sexta-feira,19:30:00,SC,470,"91,0",ASCURRA,Ausência de reação do condutor,Colisão com objeto,Com Vítimas Feridas,Plena Noite,Crescente,Céu Claro,Simples,Ponte;Reta,Não,1,0,1,0,0,0,1,1,-26.98534134,-49.37286973,SPRF-SC,DEL04-SC,UOP01-DEL04-SC,2024
"605319,0",2024-06-05,quarta-feira,11:18:00,SC,101,"283,9",IMBITUBA,Condutor deixou de manter distância do veículo da frente,Colisão lateral mesmo sentido,Com Vítimas Feridas,Pleno dia,Crescente,Céu Claro,Dupla,Reta,Não,2,0,1,0,0,1,1,2,-28.22853641,-48.70150393,SPRF-SC,DEL02-SC,UOP03-DEL02-SC,2024
"605334,0",2024-06-05,quarta-feira,13:15:00,SC,101,"125,8",ITAJAI,Reação tardia ou ineficiente do condutor,Tombamento,Com Vítimas Feridas,Pleno dia,Crescente,Céu Claro,Múltipla,Declive,Sim,1,0,1,0,0,0,1,1,-26.94802427,-48.68338515,SPRF-SC,DEL04-SC,UOP04-DEL04-SC,2024
"605335,0",2024-06-05,quarta-feira,15:30:00,SC,101,"201,0",SAO JOSE,Acessar a via sem observar a presença dos outros veículos,Colisão transversal,Com Vítimas Feridas,Pleno dia,Crescente,Céu Claro,Simples,Reta,Sim,2,0,1,0,1,0,1,2,-27.54836599,-48.61977975,SPRF-SC,DEL01-SC,UOP01-DEL01-SC,2024
"605352,0",2024-06-05,quarta-feira,16:45:00,SC,282,"26,7",SANTO AMARO DA IMPERATRIZ,Acessar a via sem observar a presença dos outros veículos,Colisão transversal,Com Vítimas Feridas,Pleno dia,Crescente,Céu Claro,Simples,Reta,Não,2,0,1,0,1,0,1,2,-27.680267,-48.762482,SPRF-SC,DEL01-SC,UOP03-DEL01-SC,2024
"605357,0",2024-06-05,quarta-feira,17:35:00,SC,282,"605,0",MARAVILHA,Acessar a via sem observar a presença dos outros veículos,Queda de ocupante de veículo,Com Vítimas Feridas,Pleno dia,Crescente,Sol,Simples,Interseção de Vias,Sim,2,0,1,0,0,1,1,2,-26.786951,-53.195248,SPRF-SC,DEL07-SC,UOP02-DEL07-SC,2024
"605379,0",2024-06-05,quarta-feira,17:10:00,SC,163,"101,5",SAO JOSE DO CEDRO,Ausência de reação do condutor,Colisão traseira,Com Vítimas Feridas,Pleno dia,Decrescente,Céu Claro,Simples,Reta,Não,2,0,1,0,1,0,1,2,-26.46950615,-53.50552783,SPRF-SC,DEL07-SC,UOP03-DEL07-SC,2024
"605392,0",2024-06-05,quarta-feira,19:05:00,SC,282,"5,3",SAO JOSE,Manobra de mudança de faixa,Queda de ocupante de veículo,Com Vítimas Feridas,Plena Noite,Crescente,Céu Claro,Dupla,Reta,Não,3,0,1,0,2,0,1,3,-27.588425,-48.612919,SPRF-SC,DEL01-SC,UOP01-DEL01-SC,2024
"605399,0",2024-06-01,sábado,18:40:00,SC,101,"334,4",TUBARAO,Condutor usando celular,Atropelamento de Pedestre,Com Vítimas Feridas,Plena Noite,Crescente,Céu Claro,Dupla,Reta,Sim,2,0,1,0,1,0,1,2,-28.47159615,-49.02212262,SPRF-SC,DEL02-SC,UOP01-DEL02-SC,2024
"605451,0",2024-06-06,quinta-feira,03:15:00,SC,116,"71,0",MONTE CASTELO,Reação tardia ou ineficiente do condutor,Saída de leito carroçável,Sem Vítimas,Plena Noite,Decrescente,Nublado,Simples,Reta,Não,2,0,0,0,2,0,0,1,-26.47804399,-50.23238915,SPRF-SC,DEL06-SC,UOP02-DEL06-SC,2024
"605457,0",2024-06-06,quinta-feira,04:30:00,SC,282,"450,8",PONTE SERRADA,Condutor Dormindo,Saída de leito carroçável,Com Vítimas Feridas,Plena Noite,Crescente,Céu Claro,Simples,Curva;Declive,Não,2,0,1,0,1,0,1,1,-26.91944878,-51.94432497,SPRF-SC,DEL07-SC,UOP04-DEL07-SC,2024
"605473,0",2024-04-27,sábado,23:45:00,SC,282,"572,2",PINHALZINHO,Manobra de mudança de faixa,Colisão frontal,Com Vítimas Fatais,Plena Noite,Decrescente,Céu Claro,Simples,Curva,Não,3,2,1,0,0,0,1,2,-26.8862443,-52.9359628,SPRF-SC,DEL07-SC,UOP02-DEL07-SC,2024
"605478,0",2024-06-06,quinta-feira,07:50:00,SC,101,"134,2",BALNEARIO CAMBORIU,Desrespeitar a preferência no cruzamento,Colisão transversal,Com Vítimas Feridas,Pleno dia,Crescente,Céu Claro,Dupla,Reta,Sim,2,0,1,0,1,0,1,2,-27.00218,-48.636433,SPRF-SC,DEL04-SC,UOP03-DEL04-SC,2024
"605481,0",2024-06-02,domingo,17:50:00,SC,470,"108,0",APIUNA,Reação tardia ou ineficiente do condutor,Colisão transversal,Com Vítimas Feridas,Anoitecer,Crescente,Nublado,Simples,Reta,Sim,3,0,0,1,2,0,1,2,-27.08243617,-49.44324017,SPRF-SC,DEL04-SC,UOP02-DEL04-SC,2024
"605530,0",2024-06-06,quinta-feira,14:30:00,SC,282,"605,0",MARAVILHA,Acessar a via sem observar a presença dos outros veículos,Colisão transversal,Com Vítimas Feridas,Pleno dia,Crescente,Céu Claro,Simples,Reta;Rotatória,Sim,5,0,2,2,1,0,4,2,-26.786951,-53.195248,SPRF-SC,DEL07-SC,UOP02-DEL07-SC,2024
"605531,0",2024-06-06,quinta-feira,14:45:00,SC,282,"488,8",FAXINAL DOS GUEDES,Mal súbito do condutor,Saída de leito carroçável,Sem Vítimas,Pleno dia,Crescente,Céu Claro,Simples,Rotatória,Sim,2,0,0,0,2,0,0,2,-26.874599,-52.282806,SPRF-SC,DEL07-SC,UOP01-DEL07-SC,2024
"605542,0",2024-06-06,quinta-feira,14:50:00,SC,282,"283,9",CAPAO ALTO,Reação tardia ou ineficiente do condutor,Saída de leito carroçável,Com Vítimas Feridas,Pleno dia,Decrescente,Céu Claro,Simples,Reta,Não,1,0,1,0,0,0,1,1,-28.06415598,-50.57357403,SPRF-SC,DEL05-SC,UOP02-DEL05-SC,2024
"605563,0",2024-06-06,quinta-feira,17:25:00,SC,101,"41,6",JOINVILLE,Ausência de reação do condutor,Colisão lateral mesmo sentido,Com Vítimas Feridas,Anoitecer,Decrescente,Nublado,Dupla,Reta;Aclive,Sim,2,0,1,0,1,0,1,2,-26.31729318,-48.87262166,SPRF-SC,DEL03-SC,UOP01-DEL03-SC,2024
"605577,0",2024-06-06,quinta-feira,18:10:00,SC,282,"605,0",MARAVILHA,Desrespeitar a preferência no cruzamento,Colisão transversal,Com Vítimas Feridas,Anoitecer,Crescente,Céu Claro,Simples,Reta;Rotatória,Sim,3,0,2,0,1,0,2,2,-26.78243376,-53.19683075,SPRF-SC,DEL07-SC,UOP02-DEL07-SC,2024
"605578,0",2024-06-06,quinta-feira,18:35:00,SC,470,"6,3",NAVEGANTES,Pedestre cruzava a pista fora da faixa,Atropelamento de Pedestre,Com Vítimas Feridas,Plena Noite,Crescente,Nublado,Dupla,Reta,Não,3,0,0,1,2,0,1,3,-26.852238,-48.709545,SPRF-SC,DEL04-SC,UOP04-DEL04-SC,2024
"605596,0",2024-06-06,quinta-feira,19:50:00,SC,101,"215,0",PALHOCA,Reação tardia ou ineficiente do condutor,Colisão traseira,Sem Vítimas,Plena Noite,Crescente,Céu Claro,Múltipla,Reta,Sim,2,0,0,0,2,0,0,2,-27.65184843,-48.67604941,SPRF-SC,DEL01-SC,UOP02-DEL01-SC,2024
"605598,0",2024-06-06,quinta-feira,19:30:00,SC,101,"211,1",PALHOCA,Ausência de reação do condutor,Colisão traseira,Com Vítimas Feridas,Plena Noite,Crescente,Céu Claro,Múltipla,Reta,Não,2,0,1,0,1,0,1,2,-27.62329313,-48.65245588,SPRF-SC,DEL01-SC,UOP02-DEL01-SC,2024
"605608,0",2024-06-06,quinta-feira,18:15:00,SC,101,"310,8",LAGUNA,Transitar na contramão,Colisão lateral sentido oposto,Com Vítimas Feridas,Plena Noite,Decrescente,Céu Claro,Simples,Reta,Não,2,0,1,0,1,0,1,2,-28.41679416,-48.79529064,SPRF-SC,DEL02-SC,UOP01-DEL02-SC,2024
"605622,0",2024-06-06,quinta-feira,21:30:00,SC,280,"230,7",CANOINHAS,Transitar na contramão,Colisão frontal,Com Vítimas Feridas,Plena Noite,Decrescente,Céu Claro,Simples,Reta,Não,4,0,3,0,1,0,3,2,-26.18756479,-50.36192211,SPRF-SC,DEL06-SC,UOP04-DEL06-SC,2024
"605626,0",2024-06-06,quinta-feira,18:45:00,SC,116,"74,8",MONTE CASTELO,Condutor deixou de manter distância do veículo da frente,Colisão traseira,Com Vítimas Feridas,Plena Noite,Crescente,Céu Claro,Simples,Reta,Não,3,0,2,0,1,0,2,2,-26.50510886,-50.23328349,SPRF-SC,DEL06-SC,UOP02-DEL06-SC,2024
"605628,0",2024-06-06,quinta-feira,22:40:00,SC,101,"207,2",SAO JOSE,Ausência de reação do condutor,Colisão traseira,Com Vítimas Feridas,Plena Noite,Crescente,Céu Claro,Múltipla,Reta,Sim,6,0,3,0,2,1,3,3,-27.59733635,-48.62037063,SPRF-SC,DEL01-SC,UOP01-DEL01-SC,2024
"605717,0",2024-06-07,sexta-feira,10:40:00,SC,282,"564,0",NOVA ERECHIM,Reação tardia ou ineficiente do condutor,Tombamento,Com Vítimas Feridas,Pleno dia,Decrescente,Nublado,Simples,Rotatória;Reta,Não,1,0,0,1,0,0,1,1,-26.90398858,-52.86806703,SPRF-SC,DEL07-SC,UOP02-DEL07-SC,2024
"605736,0",2024-06-07,sexta-feira,13:25:00,SC,116,"9,0",MAFRA,Condutor deixou de manter distância do veículo da frente,Colisão traseira,Com Vítimas Feridas,Pleno dia,Decrescente,Céu Claro,Simples,Declive;Curva,Não,2,0,1,0,0,1,1,2,-26.16297778,-49.84696715,SPRF-SC,DEL06-SC,UOP01-DEL06-SC,2024
"605753,0",2024-06-07,sexta-feira,15:10:00,SC,280,"67,2",JARAGUA DO SUL,Ausência de reação do condutor,Engavetamento,Com Vítimas Feridas,Pleno dia,Decrescente,Céu Claro,Simples,Reta,Sim,3,0,1,0,2,0,1,3,-26.4775146,-49.10363575,SPRF-SC,DEL03-SC,UOP03-DEL03-SC,2024
"605755,0",2024-06-07,sexta-feira,13:40:00,SC,101,"211,3",PALHOCA,Demais falhas mecânicas ou elétricas,Tombamento,Com Vítimas Feridas,Pleno dia,Crescente,Céu Claro,Múltipla,Reta,Não,1,0,0,1,0,0,1,1,-27.63697369,-48.66514142,SPRF-SC,DEL01-SC,UOP02-DEL01-SC,2024
"605760,0",2024-06-07,sexta-feira,15:25:00,SC,280,"24,9",ARAQUARI,Acessar a via sem observar a presença dos outros veículos,Colisão transversal,Com Vítimas Feridas,Pleno dia,Crescente,Céu Claro,Simples,Reta,Não,4,0,1,0,3,0,1,3,-26.37724921,-48.71953282,SPRF-SC,DEL03-SC,UOP03-DEL03-SC,2024
"605814,0",2024-06-07,sexta-feira,18:45:00,SC,101,"4,8",ARARANGUA,Ausência de reação do condutor,Colisão traseira,Com Vítimas Feridas,Plena Noite,Crescente,Ignorado,Simples,Reta,Não,2,0,1,0,1,0,1,2,-28.95768552,-49.51572418,SPRF-SC,DEL02-SC,UOP02-DEL02-SC,2024
"605817,0",2024-06-07,sexta-feira,17:35:00,SC,280,"117,0",SAO BENTO DO SUL,Reação tardia ou ineficiente do condutor,Saída de leito carroçável,Sem Vítimas,Plena Noite,Decrescente,Céu Claro,Simples,Reta,Não,1,0,0,0,1,0,0,1,-26.2747362,-49.42277912,SPRF-SC,DEL06-SC,UOP03-DEL06-SC,2024
"605821,0",2024-06-07,sexta-feira,18:30:00,SC,282,"253,0",SAO JOSE DO CERRITO,Acessar a via sem observar a presença dos outros veículos,Colisão traseira,Com Vítimas Feridas,Plena Noite,Crescente,Céu Claro,Simples,Declive;Ponte;Reta,Não,2,0,1,0,1,0,1,2,-27.684978,-50.565498,SPRF-SC,DEL05-SC,UOP02-DEL05-SC,2024
"605829,0",2024-06-07,sexta-feira,19:50:00,SC,101,"265,6",PAULO LOPES,Ausência de reação do condutor,Colisão frontal,Com Vítimas Feridas,Plena Noite,Decrescente,Céu Claro,Simples,Declive;Reta,Sim,3,0,0,1,1,1,1,3,-28.06001385,-48.71690948,SPRF-SC,DEL02-SC,UOP03-DEL02-SC,2024
"605831,0",2024-06-07,sexta-feira,17:30:00,SC,470,"315,0",CAMPOS NOVOS,Ausência de reação do condutor,Capotamento,Com Vítimas Feridas,Anoitecer,Decrescente,Nublado,Simples,Curva,Sim,1,0,0,1,0,0,1,1,-27.39966076,-51.19577408,SPRF-SC,DEL07-SC,UOP06-DEL07-SC,2024
"605833,0",2024-06-07,sexta-feira,19:20:00,SC,101,"352,0",JAGUARUNA,Pedestre andava na pista,Atropelamento de Pedestre,Com Vítimas Feridas,Plena Noite,Crescente,Céu Claro,Múltipla,Retorno Regulamentado;Reta;Aclive,Não,2,0,0,1,1,0,1,2,-28.6132428,-49.06368613,SPRF-SC,DEL02-SC,UOP01-DEL02-SC,2024
"605838,0",2024-06-07,sexta-feira,19:50:00,SC,101,"203,0",SAO JOSE,Condutor deixou de manter distância do veículo da frente,Colisão traseira,Com Vítimas Feridas,Plena Noite,Decrescente,Céu Claro,Múltipla,Reta,Sim,2,0,1,0,1,0,1,2,-27.5650044,-48.61460082,SPRF-SC,DEL01-SC,UOP01-DEL01-SC,2024
"605845,0",2024-06-07,sexta-feira,18:50:00,SC,101,"41,0",JOINVILLE,Manobra de mudança de faixa,Colisão lateral mesmo sentido,Com Vítimas Feridas,Plena Noite,Crescente,Céu Claro,Dupla,Reta,Sim,3,0,2,0,1,0,2,2,-26.28215489,-48.88973081,SPRF-SC,DEL03-SC,UOP01-DEL03-SC,2024
"605865,0",2024-06-07,sexta-feira,20:10:00,SC,280,"232,1",CANOINHAS,Acesso irregular,Queda de ocupante de veículo,Com Vítimas Feridas,Plena Noite,Decrescente,Céu Claro,Simples,Reta,Sim,2,0,0,1,0,1,1,2,-26.19014736,-50.38186997,SPRF-SC,DEL06-SC,UOP04-DEL06-SC,2024
"605881,0",2024-06-07,sexta-feira,23:50:00,SC,101,"197,5",BIGUACU,Ingestão de álcool pelo condutor,Colisão transversal,Com Vítimas Feridas,Plena Noite,Crescente,Nublado,Múltipla,Viaduto,Sim,3,0,1,1,1,0,2,2,-27.51844497,-48.63848496,SPRF-SC,DEL01-SC,UOP01-DEL01-SC,2024
"605899,0",2024-06-08,sábado,02:20:00,SC,101,"232,9",PALHOCA,Ingestão de álcool pelo condutor,Queda de ocupante de veículo,Sem Vítimas,Plena Noite,Decrescente,Céu Claro,Dupla,Reta;Aclive,Não,1,0,0,0,0,1,0,1,-27.795666,-48.638153,SPRF-SC,DEL01-SC,UOP02-DEL01-SC,2024
"605937,0",2024-04-17,quarta-feira,12:00:00,SC,470,"174,0",POUSO REDONDO,Acessar a via sem observar a presença dos outros veículos,Colisão frontal,Com Vítimas Feridas,Pleno dia,Decrescente,Céu Claro,Simples,Reta,Sim,2,0,2,0,0,0,2,2,-27.258179,-49.929146,SPRF-SC,DEL04-SC,UOP02-DEL04-SC,2024
"605956,0",2024-06-08,sábado,10:15:00,SC,101,"30,0",JOINVILLE,Ingestão de álcool pelo condutor,Saída de leito carroçável,Com Vítimas Feridas,Pleno dia,Crescente,Nublado,Simples,Reta,Não,1,0,1,0,0,0,1,1,-26.23023114,-48.91627192,SPRF-SC,DEL03-SC,UOP01-DEL03-SC,2024
"605957,0",2024-06-08,sábado,10:00:00,SC,280,"46,0",GUARAMIRIM,Acessar a via sem observar a presença dos outros veículos,Colisão transversal,Com Vítimas Feridas,Pleno dia,Crescente,Céu Claro,Simples,Declive,Sim,4,0,1,0,3,0,1,3,-26.45118786,-48.87789901,SPRF-SC,DEL03-SC,UOP03-DEL03-SC,2024
"606001,0",2024-06-08,sábado,13:30:00,SC,101,"333,7",TUBARAO,Desrespeitar a preferência no cruzamento,Colisão transversal,Com Vítimas Feridas,Pleno dia,Decrescente,Céu Claro,Múltipla,Interseção de Vias,Sim,5,0,1,1,3,0,2,2,-28.46971932,-49.01511669,SPRF-SC,DEL02-SC,UOP01-DEL02-SC,2024
"606018,0",2024-06-08,sábado,11:20:00,SC,470,"230,0",SAO CRISTOVAO DO SUL,Reação tardia ou ineficiente do condutor,Saída de leito carroçável,Com Vítimas Feridas,Pleno dia,Decrescente,Céu Claro,Simples,Reta;Declive,Não,2,0,1,0,0,1,1,2,-27.308146,-50.392616,SPRF-SC,DEL05-SC,UOP03-DEL05-SC,2024
"606020,0",2024-06-08,sábado,13:15:00,SC,470,"2,0",NAVEGANTES,Reação tardia ou ineficiente do condutor,Colisão transversal,Com Vítimas Feridas,Pleno dia,Crescente,Céu Claro,Dupla,Reta,Sim,3,0,1,0,0,2,1,2,-26.868551,-48.674831,SPRF-SC,DEL04-SC,UOP04-DEL04-SC,2024
"606050,0",2024-06-08,sábado,16:45:00,SC,101,"347,0",TREZE DE MAIO,Desrespeitar a preferência no cruzamento,Colisão transversal,Com Vítimas Feridas,Pleno dia,Crescente,Nevoeiro/Neblina,Múltipla,Reta;Interseção de Vias,Não,2,0,1,0,1,0,1,2,-28.56402604,-49.05410532,SPRF-SC,DEL02-SC,UOP01-DEL02-SC,2024
"606057,0",2024-06-08,sábado,16:00:00,SC,282,"29,0",SANTO AMARO DA IMPERATRIZ,Reação tardia ou ineficiente do condutor,Saída de leito carroçável,Com Vítimas Feridas,Pleno dia,Decrescente,Céu Claro,Simples,Reta;Declive,Não,1,0,1,0,0,0,1,1,-27.679737,-48.786785,SPRF-SC,DEL01-SC,UOP03-DEL01-SC,2024
"606069,0",2024-06-08,sábado,18:53:00,SC,101,"115,0",ITAJAI,Reação tardia ou ineficiente do condutor,Saída de leito carroçável,Sem Vítimas,Plena Noite,Crescente,Céu Claro,Dupla,Reta,Sim,1,0,0,0,1,0,0,1,-26.87064015,-48.72954134,SPRF-SC,DEL04-SC,UOP04-DEL04-SC,2024
"606115,0",2024-06-08,sábado,20:30:00,SC,101,"132,6",BALNEARIO CAMBORIU,Reação tardia ou ineficiente do condutor,Colisão traseira,Com Vítimas Feridas,Plena Noite,Crescente,Céu Claro,Múltipla,Reta,Sim,2,0,1,0,1,0,1,2,-26.99654133,-48.65564711,SPRF-SC,DEL04-SC,UOP03-DEL04-SC,2024
"606129,0",2024-06-08,sábado,19:40:00,SC,158,"143,6",PALMITOS,Ingestão de álcool pelo condutor,Saída de leito carroçável,Com Vítimas Feridas,Plena Noite,Decrescente,Céu Claro,Simples,Reta,Não,1,0,0,1,0,0,1,1,-27.15140888,-53.21514623,SPRF-SC,DEL07-SC,UOP02-DEL07-SC,2024
"606134,0",2024-06-08,sábado,18:15:00,SC,116,"57,0",PAPANDUVA,Reação tardia ou ineficiente do condutor,Saída de leito carroçável,Com Vítimas Feridas,Plena Noite,Crescente,Céu Claro,Simples,Reta,Não,2,0,1,0,1,0,1,1,-26.38204782,-50.18999277,SPRF-SC,DEL06-SC,UOP02-DEL06-SC,2024
"606137,0",2024-06-08,sábado,22:10:00,SC,101,"331,9",TUBARAO,Neblina,Tombamento,Com Vítimas Fatais,Plena Noite,Crescente,Nevoeiro/Neblina,Múltipla,Declive;Curva,Não,2,1,0,0,0,1,0,2,-28.46684,-48.9975916,SPRF-SC,DEL02-SC,UOP01-DEL02-SC,2024
"606146,0",2024-06-08,sábado,22:50:00,SC,101,"214,0",PALHOCA,Acessar a via sem observar a presença dos outros veículos,Colisão transversal,Com Vítimas Feridas,Plena Noite,Crescente,Céu Claro,Dupla,Reta;Interseção de Vias,Sim,4,0,1,0,2,1,1,2,-27.64443,-48.67057,SPRF-SC,DEL01-SC,UOP02-DEL01-SC,2024
"606180,0",2024-06-09,domingo,02:45:00,SC,101,"204,4",SAO JOSE,Reação tardia ou ineficiente do condutor,Colisão com objeto,Com Vítimas Feridas,Plena Noite,Crescente,Nublado,Múltipla,Curva,Sim,4,0,1,1,2,0,2,1,-27.57413014,-48.61363083,SPRF-SC,DEL01-SC,UOP01-DEL01-SC,2024
"606189,0",2024-06-09,domingo,03:30:00,SC,101,"405,1",ARARANGUA,Ingestão de álcool pelo condutor,Colisão traseira,Com Vítimas Feridas,Plena Noite,Crescente,Nevoeiro/Neblina,Dupla,Reta,Não,7,0,4,0,3,0,4,2,-28.90200935,-49.47646201,SPRF-SC,DEL02-SC,UOP02-DEL02-SC,2024
"606209,0",2024-06-09,domingo,06:30:00,SC,101,"35,7",JOINVILLE,Condutor Dormindo,Colisão com objeto,Sem Vítimas,Amanhecer,Decrescente,Nublado,Dupla,Reta;Declive,Não,1,0,0,0,0,1,0,1,-26.2411301,-48.91227415,SPRF-SC,DEL03-SC,UOP01-DEL03-SC,2024
"606217,0",2024-06-09,domingo,06:10:00,SC,282,"523,9",XAXIM,Velocidade Incompatível,Tombamento,Com Vítimas Feridas,Amanhecer,Crescente,Céu Claro,Simples,Curva,Não,1,0,1,0,0,0,1,1,-26.963129,-52.548851,SPRF-SC,DEL07-SC,UOP01-DEL07-SC,2024
"606224,0",2024-06-09,domingo,00:10:00,SC,101,"124,0",ITAJAI,Reação tardia ou ineficiente do condutor,Colisão com objeto,Sem Vítimas,Plena Noite,Crescente,Céu Claro,Dupla,Reta,Não,1,0,0,0,1,0,0,1,-26.94335064,-48.69198648,SPRF-SC,DEL04-SC,UOP04-DEL04-SC,2024
"606225,0",2024-06-09,domingo,07:50:00,SC,282,"521,6",XAXIM,Desrespeitar a preferência no cruzamento,Colisão transversal,Com Vítimas Feridas,Pleno dia,Decrescente,Céu Claro,Simples,Rotatória,Sim,2,0,1,0,1,0,1,2,-26.95301866,-52.53822858,SPRF-SC,DEL07-SC,UOP01-DEL07-SC,2024
"606230,0",2024-04-27,sábado,23:40:00,SC,280,"154,9",MAFRA,Pista Escorregadia,Saída de leito carroçável,Com Vítimas Feridas,Plena Noite,Crescente,Chuva,Simples,Aclive,Não,2,0,1,0,1,0,1,1,-26.21294027,-49.72345591,SPRF-SC,DEL06-SC,UOP03-DEL06-SC,2024
"606232,0",2024-06-09,domingo,08:20:00,SC,101,"119,2",ITAJAI,Avarias e/ou desgaste excessivo no pneu,Tombamento,Com Vítimas Feridas,Pleno dia,Crescente,Céu Claro,Múltipla,Reta,Sim,2,0,2,0,0,0,2,1,-26.9043179,-48.71555481,SPRF-SC,DEL04-SC,UOP04-DEL04-SC,2024
"606255,0",2024-06-09,domingo,09:15:00,SC,101,"333,4",TUBARAO,Ausência de reação do condutor,Colisão lateral mesmo sentido,Com Vítimas Feridas,Pleno dia,Crescente,Céu Claro,Simples,Reta,Sim,2,0,0,1,1,0,1,2,-28.46730446,-49.00604302,SPRF-SC,DEL02-SC,UOP01-DEL02-SC,2024
"606258,0",2024-06-09,domingo,10:30:00,SC,282,"35,2",AGUAS MORNAS,Velocidade Incompatível,Saída de leito carroçável,Com Vítimas Feridas,Pleno dia,Crescente,Céu Claro,Simples,Curva,Não,1,0,0,1,0,0,1,1,-27.702084,-48.826664,SPRF-SC,DEL01-SC,UOP03-DEL01-SC,2024
"606259,0",2024-06-09,domingo,07:15:00,SC,101,"356,8",SANGAO,Reação tardia ou ineficiente do condutor,Saída de leito carroçável,Com Vítimas Feridas,Amanhecer,Crescente,Nevoeiro/Neblina,Simples,Curva,Sim,2,0,2,0,0,0,2,1,-28.64181302,-49.10045385,SPRF-SC,DEL02-SC,UOP01-DEL02-SC,2024
"606268,0",2024-06-09,domingo,14:00:00,SC,101,"187,1",BIGUACU,Reação tardia ou ineficiente do condutor,Colisão traseira,Com Vítimas Feridas,Pleno dia,Crescente,Céu Claro,Dupla,Reta,Sim,3,0,1,1,1,0,2,2,-27.4341098,-48.62567129,SPRF-SC,DEL01-SC,UOP01-DEL01-SC,2024
"606277,0",2024-06-09,domingo,14:00:00,SC,101,"224,9",PALHOCA,Ausência de reação do condutor,Saída de leito carroçável,Com Vítimas Feridas,Pleno dia,Decrescente,Céu Claro,Dupla,Reta;Aclive,Não,1,0,1,0,0,0,1,1,-27.72384789,-48.64386769,SPRF-SC,DEL01-SC,UOP02-DEL01-SC,2024
"606279,0",2024-06-09,domingo,14:30:00,SC,101,"5,0",ARARANGUA,Avarias e/ou desgaste excessivo no pneu,Tombamento,Com Vítimas Feridas,Pleno dia,Crescente,Céu Claro,Simples,Reta,Não,1,0,1,0,0,0,1,1,-28.92647054,-49.49252129,SPRF-SC,DEL02-SC,UOP02-DEL02-SC,2024
"606284,0",2024-06-09,domingo,15:35:00,SC,470,"45,0",GASPAR,Acessar a via sem observar a presença dos outros veículos,Colisão transversal,Com Vítimas Feridas,Pleno dia,Crescente,Nublado,Simples,Em Obras;Reta,Sim,2,0,1,0,1,0,1,2,-26.867064,-49.031109,SPRF-SC,DEL04-SC,UOP01-DEL04-SC,2024
"606291,0",2024-06-09,domingo,16:00:00,SC,282,"49,2",AGUAS MORNAS,Ultrapassagem Indevida,Saída de leito carroçável,Com Vítimas Feridas,Pleno dia,Decrescente,Céu Claro,Simples,Curva;Declive,Não,3,0,2,0,0,1,2,2,-27.712931,-48.943741,SPRF-SC,DEL01-SC,UOP03-DEL01-SC,2024
"606293,0",2024-06-09,domingo,15:30:00,SC,470,"4,0",NAVEGANTES,Condutor deixou de manter distância do veículo da frente,Colisão traseira,Com Vítimas Feridas,Pleno dia,Decrescente,Céu Claro,Dupla,Em Obras;Rotatória,Sim,2,0,1,0,1,0,1,2,-26.858473,-48.690788,SPRF-SC,DEL04-SC,UOP04-DEL04-SC,2024