id,data_inversa,dia_semana,horario,uf,br,km,municipio,causa_acidente,tipo_acidente,classificacao_acidente,fase_dia,sentido_via,condicao_metereologica,tipo_pista,tracado_via,uso_solo,pessoas,mortos,feridos_leves,feridos_graves,ilesos,ignorados,feridos,veiculos,latitude,longitude,regional,delegacia,uop,ano_arquivo
"606298,0",2024-06-09,domingo,15:30:00,SC,101,"95,0",BARRA VELHA,Desrespeitar a preferência no cruzamento,Colisão transversal,Com Vítimas Feridas,Pleno dia,Decrescente,Céu Claro,Simples,Interseção de Vias,Sim,4,0,2,0,2,0,2,2,-26.70876413,-48.70221065,SPRF-SC,DEL03-SC,UOP02-DEL03-SC,2024
"606302,0",2024-06-09,domingo,16:30:00,SC,280,"127,0",RIO NEGRINHO,Acessar a via sem observar a presença dos outros veículos,Colisão traseira,Com Vítimas Feridas,Pleno dia,Decrescente,Céu Claro,Simples,Interseção de Vias,Sim,2,0,1,0,1,0,1,2,-26.23943953,-49.50420708,SPRF-SC,DEL06-SC,UOP03-DEL06-SC,2024
"606314,0",2024-06-09,domingo,17:08:00,SC,470,"68,1",INDAIAL,Ingestão de álcool pelo condutor,Colisão com objeto,Com Vítimas Feridas,Pleno dia,Crescente,Céu Claro,Dupla,Reta,Não,1,0,0,1,0,0,1,1,-26.872158,-49.23127,SPRF-SC,DEL04-SC,UOP01-DEL04-SC,2024
"606319,0",2024-06-09,domingo,17:30:00,SC,101,"65,0",ARAQUARI,Ausência de reação do condutor,Engavetamento,Com Vítimas Feridas,Anoitecer,Decrescente,Céu Claro,Dupla,Reta,Não,6,0,3,0,3,0,3,3,-26.47135714,-48.74457217,SPRF-SC,DEL03-SC,UOP02-DEL03-SC,2024
"606342,0",2024-06-09,domingo,17:30:00,SC,101,"148,0",ITAPEMA,Manobra de mudança de faixa,Colisão lateral mesmo sentido,Com Vítimas Feridas,Anoitecer,Decrescente,Nublado,Múltipla,Reta,Sim,3,0,1,0,2,0,1,2,-27.10123686,-48.61807962,SPRF-SC,DEL04-SC,UOP03-DEL04-SC,2024
"606352,0",2024-06-09,domingo,18:00:00,SC,101,"363,8",SANGAO,Ingestão de álcool pelo condutor,Saída de leito carroçável,Sem Vítimas,Plena Noite,Decrescente,Céu Claro,Dupla,Reta,Não,1,0,0,0,0,1,0,1,-28.67634681,-49.12963202,SPRF-SC,DEL02-SC,UOP01-DEL02-SC,2024
"606353,0",2024-06-09,domingo,18:45:00,SC,101,"335,9",TUBARAO,Ingestão de álcool pelo condutor,Tombamento,Com Vítimas Feridas,Plena Noite,Crescente,Céu Claro,Dupla,Curva,Sim,1,0,1,0,0,0,1,1,-28.47916738,-49.03376341,SPRF-SC,DEL02-SC,UOP01-DEL02-SC,2024
"606356,0",2024-06-09,domingo,18:30:00,SC,101,"151,0",ITAPEMA,Demais falhas mecânicas ou elétricas,Incêndio,Sem Vítimas,Anoitecer,Decrescente,Nublado,Múltipla,Reta,Sim,1,0,0,0,1,0,0,1,-27.126536,-48.609642,SPRF-SC,DEL04-SC,UOP03-DEL04-SC,2024
"606367,0",2024-06-09,domingo,18:15:00,SC,101,"392,6",CRICIUMA,Ausência de reação do condutor,Colisão com objeto,Sem Vítimas,Plena Noite,Crescente,Nublado,Dupla,Curva,Não,1,0,0,0,1,0,0,1,-28.81898655,-49.39688087,SPRF-SC,DEL02-SC,UOP02-DEL02-SC,2024
"606371,0",2024-06-09,domingo,17:00:00,SC,280,"24,0",ARAQUARI,Trafegar com motocicleta (ou similar) entre as faixas,Colisão transversal,Com Vítimas Feridas,Pleno dia,Crescente,Céu Claro,Simples,Reta,Sim,3,0,2,0,1,0,2,2,-26.37724921,-48.71953282,SPRF-SC,DEL03-SC,UOP03-DEL03-SC,2024
"606399,0",2024-06-09,domingo,18:35:00,SC,101,"210,0",SAO JOSE,Desrespeitar a preferência no cruzamento,Colisão transversal,Com Vítimas Feridas,Anoitecer,Crescente,Céu Claro,Simples,Interseção de Vias,Sim,2,0,1,0,1,0,1,2,-27.6167305,-48.6457265,SPRF-SC,DEL01-SC,UOP01-DEL01-SC,2024
"606409,0",2024-06-09,domingo,21:30:00,SC,101,"8,5",GARUVA,Ingestão de substâncias psicoativas pelo condutor,Colisão com objeto,Sem Vítimas,Plena Noite,Crescente,Nevoeiro/Neblina,Dupla,Reta,Não,1,0,0,0,1,0,0,1,-26.044942,-48.859703,SPRF-SC,DEL03-SC,UOP01-DEL03-SC,2024
"606412,0",2024-06-09,domingo,22:40:00,SC,101,"132,0",BALNEARIO CAMBORIU,Manobra de mudança de faixa,Colisão lateral mesmo sentido,Com Vítimas Feridas,Plena Noite,Crescente,Céu Claro,Múltipla,Interseção de Vias;Reta,Sim,2,0,1,0,1,0,1,2,-26.99861754,-48.6495477,SPRF-SC,DEL04-SC,UOP03-DEL04-SC,2024
"606421,0",2024-06-09,domingo,20:00:00,SC,280,"245,0",CANOINHAS,Transitar no Acostamento,Saída de leito carroçável,Sem Vítimas,Plena Noite,Crescente,Céu Claro,Simples,Reta,Não,1,0,0,0,0,1,0,1,-26.24263646,-50.49461672,SPRF-SC,DEL06-SC,UOP04-DEL06-SC,2024
"606425,0",2024-06-10,segunda-feira,00:00:00,SC,101,"216,5",PALHOCA,Ausência de reação do condutor,Colisão com objeto,Sem Vítimas,Plena Noite,Decrescente,Céu Claro,Dupla,Reta,Sim,1,0,0,0,0,1,0,1,-27.65981409,-48.67747798,SPRF-SC,DEL01-SC,UOP02-DEL01-SC,2024
"606451,0",2024-06-10,segunda-feira,07:00:00,SC,470,"61,2",BLUMENAU,Manobra de mudança de faixa,Colisão lateral mesmo sentido,Com Vítimas Feridas,Pleno dia,Decrescente,Céu Claro,Simples,Reta,Sim,2,0,1,0,1,0,1,2,-26.878952,-49.17421,SPRF-SC,DEL04-SC,UOP01-DEL04-SC,2024
"606453,0",2024-06-09,domingo,19:00:00,SC,470,"71,8",INDAIAL,Ingestão de álcool pelo condutor,Colisão traseira,Com Vítimas Feridas,Plena Noite,Decrescente,Nublado,Simples,Reta,Sim,5,0,3,0,2,0,3,3,-26.895243,-49.262104,SPRF-SC,DEL04-SC,UOP01-DEL04-SC,2024
"606474,0",2024-06-10,segunda-feira,07:00:00,SC,163,"69,2",SAO MIGUEL DO OESTE,Acessar a via sem observar a presença dos outros veículos,Colisão transversal,Com Vítimas Feridas,Amanhecer,Decrescente,Céu Claro,Dupla,Reta;Declive;Interseção de Vias,Sim,2,0,0,1,1,0,1,2,-26.73961252,-53.50120783,SPRF-SC,DEL07-SC,UOP03-DEL07-SC,2024
"606507,0",2024-06-10,segunda-feira,00:20:00,SC,101,"109,9",NAVEGANTES,Avarias e/ou desgaste excessivo no pneu,Tombamento,Com Vítimas Feridas,Plena Noite,Crescente,Céu Claro,Múltipla,Reta,Não,2,0,2,0,0,0,2,1,-26.8333519,-48.69632106,SPRF-SC,DEL03-SC,UOP02-DEL03-SC,2024
"606516,0",2024-06-10,segunda-feira,11:30:00,SC,101,"95,0",BARRA VELHA,Ausência de reação do condutor,Tombamento,Com Vítimas Feridas,Pleno dia,Decrescente,Sol,Dupla,Curva,Não,1,0,1,0,0,0,1,1,-26.70876413,-48.70221065,SPRF-SC,DEL03-SC,UOP02-DEL03-SC,2024
"606521,0",2024-06-10,segunda-feira,12:20:00,SC,282,"3,0",FLORIANOPOLIS,Trafegar com motocicleta (ou similar) entre as faixas,Colisão lateral mesmo sentido,Com Vítimas Feridas,Pleno dia,Crescente,Sol,Dupla,Curva,Sim,3,0,1,0,1,1,1,3,-27.600384,-48.599705,SPRF-SC,DEL01-SC,UOP01-DEL01-SC,2024
"606526,0",2024-05-29,quarta-feira,18:20:00,SC,101,"39,4",JOINVILLE,Transitar na contramão,Colisão transversal,Com Vítimas Feridas,Plena Noite,Decrescente,Céu Claro,Dupla,Rotatória;Viaduto,Não,2,0,1,0,1,0,1,2,-26.2628107,-48.90192257,SPRF-SC,DEL03-SC,UOP01-DEL03-SC,2024
"606542,0",2024-06-10,segunda-feira,13:03:00,SC,280,"28,0",ARAQUARI,Acessar a via sem observar a presença dos outros veículos,Colisão transversal,Com Vítimas Feridas,Pleno dia,Decrescente,Sol,Simples,Reta,Sim,2,0,1,0,1,0,1,2,-26.40450077,-48.74561031,SPRF-SC,DEL03-SC,UOP03-DEL03-SC,2024
"606543,0",2024-06-10,segunda-feira,13:45:00,SC,282,"1,0",FLORIANOPOLIS,Reação tardia ou ineficiente do condutor,Colisão traseira,Com Vítimas Feridas,Pleno dia,Decrescente,Céu Claro,Múltipla,Reta,Sim,3,0,1,0,2,0,1,2,-27.602955,-48.580509,SPRF-SC,DEL01-SC,UOP01-DEL01-SC,2024
"606581,0",2024-06-10,segunda-feira,14:40:00,SC,480,"125,0",CHAPECO,Ausência de reação do condutor,Engavetamento,Sem Vítimas,Pleno dia,Crescente,Céu Claro,Dupla,Reta,Não,4,0,0,0,4,0,0,3,-27.01164515,-52.63953123,SPRF-SC,DEL07-SC,UOP01-DEL07-SC,2024
"606582,0",2024-06-10,segunda-feira,15:00:00,SC,282,"69,0",RANCHO QUEIMADO,Ausência de reação do condutor,Saída de leito carroçável,Com Vítimas Feridas,Pleno dia,Decrescente,Céu Claro,Simples,Curva,Não,1,0,1,0,0,0,1,1,-27.690144,-49.083813,SPRF-SC,DEL01-SC,UOP03-DEL01-SC,2024
"606589,0",2024-06-10,segunda-feira,17:40:00,SC,101,"149,5",ITAPEMA,Reação tardia ou ineficiente do condutor,Colisão lateral mesmo sentido,Com Vítimas Feridas,Anoitecer,Crescente,Céu Claro,Simples,Reta,Sim,2,0,0,1,1,0,1,2,-27.1089649,-48.61277586,SPRF-SC,DEL04-SC,UOP03-DEL04-SC,2024
"606603,0",2024-06-10,segunda-feira,18:30:00,SC,280,"232,0",CANOINHAS,Condutor deixou de manter distância do veículo da frente,Colisão traseira,Com Vítimas Feridas,Plena Noite,Crescente,Céu Claro,Simples,Rotatória;Interseção de Vias,Sim,2,0,1,0,1,0,1,2,-26.19014736,-50.38186997,SPRF-SC,DEL06-SC,UOP04-DEL06-SC,2024
"606613,0",2024-06-10,segunda-feira,18:20:00,SC,280,"131,1",RIO NEGRINHO,Acessar a via sem observar a presença dos outros veículos,Atropelamento de Pedestre,Com Vítimas Fatais,Anoitecer,Decrescente,Céu Claro,Simples,Reta;Declive,Não,2,1,0,0,1,0,0,2,-26.2562559,-49.540473,SPRF-SC,DEL06-SC,UOP03-DEL06-SC,2024
"606621,0",2024-06-10,segunda-feira,18:25:00,SC,101,"39,4",JOINVILLE,Suicídio (presumido),Atropelamento de Pedestre,Com Vítimas Feridas,Plena Noite,Decrescente,Céu Claro,Dupla,Reta,Sim,2,0,1,0,1,0,1,2,-26.2628107,-48.90192257,SPRF-SC,DEL03-SC,UOP01-DEL03-SC,2024
"606626,0",2024-06-10,segunda-feira,20:47:00,SC,101,"102,6",BALNEARIO PICARRAS,Entrada inopinada do pedestre,Atropelamento de Pedestre,Com Vítimas Fatais,Plena Noite,Decrescente,Nublado,Múltipla,Declive;Reta,Sim,3,1,0,0,1,1,0,3,-26.77383397,-48.68594062,SPRF-SC,DEL03-SC,UOP02-DEL03-SC,2024
"606627,0",2024-06-10,segunda-feira,20:30:00,SC,470,"138,9",RIO DO SUL,Transitar na contramão,Colisão frontal,Com Vítimas Feridas,Plena Noite,Crescente,Céu Claro,Simples,Reta;Aclive,Sim,2,0,0,1,1,0,1,2,-27.1980756,-49.62887049,SPRF-SC,DEL04-SC,UOP02-DEL04-SC,2024
"606636,0",2024-06-10,segunda-feira,20:40:00,SC,282,"217,4",LAGES,Ausência de reação do condutor,Colisão com objeto,Com Vítimas Feridas,Plena Noite,Crescente,Nublado,Dupla,Reta,Sim,1,0,1,0,0,0,1,1,-27.797916,-50.302944,SPRF-SC,DEL05-SC,UOP01-DEL05-SC,2024
"606663,0",2024-06-11,terça-feira,01:30:00,SC,101,"158,2",PORTO BELO,Ausência de reação do condutor,Colisão com objeto,Sem Vítimas,Plena Noite,Decrescente,Nublado,Dupla,Reta,Sim,2,0,0,0,2,0,0,2,-27.19096301,-48.61259017,SPRF-SC,DEL04-SC,UOP03-DEL04-SC,2024
"606665,0",2024-06-10,segunda-feira,19:30:00,SC,101,"442,0",SANTA ROSA DO SUL,Velocidade Incompatível,Colisão traseira,Com Vítimas Feridas,Plena Noite,Decrescente,Céu Claro,Múltipla,Reta,Sim,3,0,1,1,1,0,2,3,-29.12959329,-49.68678391,SPRF-SC,DEL02-SC,UOP02-DEL02-SC,2024
"606698,0",2024-06-11,terça-feira,08:00:00,SC,470,"100,0",APIUNA,Condutor deixou de manter distância do veículo da frente,Colisão traseira,Com Vítimas Feridas,Pleno dia,Decrescente,Nublado,Simples,Reta,Não,2,0,1,0,1,0,1,2,-27.045143,-49.394142,SPRF-SC,DEL04-SC,UOP02-DEL04-SC,2024
"606723,0",2024-06-11,terça-feira,10:30:00,SC,280,"232,0",CANOINHAS,Reação tardia ou ineficiente do condutor,Colisão traseira,Sem Vítimas,Pleno dia,Decrescente,Céu Claro,Simples,Reta,Sim,2,0,0,0,2,0,0,2,-26.19014736,-50.38186997,SPRF-SC,DEL06-SC,UOP04-DEL06-SC,2024
"606734,0",2024-06-11,terça-feira,12:00:00,SC,101,"214,2",PALHOCA,Condutor deixou de manter distância do veículo da frente,Colisão lateral mesmo sentido,Com Vítimas Feridas,Pleno dia,Crescente,Céu Claro,Dupla,Reta,Sim,2,0,1,0,1,0,1,2,-27.64443,-48.67057,SPRF-SC,DEL01-SC,UOP02-DEL01-SC,2024
"606738,0",2024-06-11,terça-feira,12:30:00,SC,101,"151,0",ITAPEMA,Transitar na contramão,Colisão frontal,Com Vítimas Feridas,Pleno dia,Decrescente,Céu Claro,Dupla,Reta,Sim,2,0,0,1,1,0,1,2,-27.126536,-48.609642,SPRF-SC,DEL04-SC,UOP03-DEL04-SC,2024
"606748,0",2024-05-30,quinta-feira,07:45:00,SC,101,"208,0",SAO JOSE,Acessar a via sem observar a presença dos outros veículos,Colisão lateral mesmo sentido,Com Vítimas Feridas,Pleno dia,Decrescente,Céu Claro,Múltipla,Declive;Reta,Sim,3,0,1,0,2,0,1,2,-27.60327979,-48.63201818,SPRF-SC,DEL01-SC,UOP01-DEL01-SC,2024
"606756,0",2024-06-11,terça-feira,14:10:00,SC,280,"24,9",ARAQUARI,Ausência de reação do condutor,Colisão lateral mesmo sentido,Com Vítimas Feridas,Pleno dia,Decrescente,Céu Claro,Simples,Reta;Interseção de Vias,Sim,2,0,1,0,0,1,1,2,-26.37724921,-48.71953282,SPRF-SC,DEL03-SC,UOP03-DEL03-SC,2024
"606775,0",2024-06-11,terça-feira,15:50:00,SC,280,"128,0",RIO NEGRINHO,Ausência de reação do condutor,Colisão traseira,Sem Vítimas,Pleno dia,Crescente,Céu Claro,Simples,Declive;Reta,Não,2,0,0,0,2,0,0,2,-26.24317941,-49.51320018,SPRF-SC,DEL06-SC,UOP03-DEL06-SC,2024
"606779,0",2024-06-11,terça-feira,16:10:00,SC,101,"153,0",PORTO BELO,Ausência de reação do condutor,Engavetamento,Sem Vítimas,Pleno dia,Crescente,Céu Claro,Dupla,Retorno Regulamentado,Sim,3,0,0,0,3,0,0,3,-27.144717,-48.61063935,SPRF-SC,DEL04-SC,UOP03-DEL04-SC,2024
"606789,0",2024-06-11,terça-feira,17:30:00,SC,101,"143,0",ITAPEMA,Condutor deixou de manter distância do veículo da frente,Colisão traseira,Com Vítimas Feridas,Pleno dia,Decrescente,Nublado,Dupla,Reta,Sim,3,0,2,0,0,1,2,3,-27.06436,-48.59599405,SPRF-SC,DEL04-SC,UOP03-DEL04-SC,2024
"606824,0",2024-06-11,terça-feira,18:50:00,SC,101,"208,5",SAO JOSE,Trafegar com motocicleta (ou similar) entre as faixas,Colisão lateral mesmo sentido,Com Vítimas Feridas,Plena Noite,Decrescente,Céu Claro,Múltipla,Reta,Sim,2,0,1,0,1,0,1,2,-27.60327979,-48.63201818,SPRF-SC,DEL01-SC,UOP01-DEL01-SC,2024
"606830,0",2024-06-11,terça-feira,19:30:00,SC,101,"206,0",SAO JOSE,Manobra de mudança de faixa,Colisão lateral mesmo sentido,Com Vítimas Feridas,Plena Noite,Crescente,Céu Claro,Múltipla,Reta,Sim,3,0,1,1,1,0,2,2,-27.59193546,-48.61824557,SPRF-SC,DEL01-SC,UOP01-DEL01-SC,2024
"606842,0",2024-06-11,terça-feira,21:00:00,SC,101,"135,9",BALNEARIO CAMBORIU,Mal súbito do condutor,Saída de leito carroçável,Com Vítimas Feridas,Plena Noite,Crescente,Nublado,Dupla,Reta,Sim,1,0,1,0,0,0,1,1,-27.0050108,-48.62677494,SPRF-SC,DEL04-SC,UOP03-DEL04-SC,2024
"606844,0",2024-06-11,terça-feira,18:40:00,SC,470,"99,0",APIUNA,Acessar a via sem observar a presença dos outros veículos,Colisão transversal,Sem Vítimas,Plena Noite,Crescente,Céu Claro,Simples,Reta,Sim,2,0,0,0,2,0,0,2,-27.037956,-49.393417,SPRF-SC,DEL04-SC,UOP02-DEL04-SC,2024
"606864,0",2024-06-11,terça-feira,21:35:00,SC,101,"373,7",ICARA,Entrada inopinada do pedestre,Atropelamento de Pedestre,Com Vítimas Fatais,Plena Noite,Decrescente,Garoa/Chuvisco,Dupla,Reta,Não,2,1,0,0,1,0,0,2,-28.7231091,-49.23625946,SPRF-SC,DEL02-SC,UOP01-DEL02-SC,2024
"606874,0",2024-06-11,terça-feira,13:40:00,SC,101,"298,0",IMBITUBA,Condutor deixou de manter distância do veículo da frente,Colisão traseira,Com Vítimas Feridas,Pleno dia,Crescente,Céu Claro,Múltipla,Reta,Não,1,0,1,0,0,0,1,1,-28.32102597,-48.72829906,SPRF-SC,DEL02-SC,UOP03-DEL02-SC,2024
"606880,0",2024-06-12,quarta-feira,06:35:00,SC,101,"199,0",SAO JOSE,Acessar a via sem observar a presença dos outros veículos,Colisão transversal,Com Vítimas Feridas,Pleno dia,Crescente,Céu Claro,Múltipla,Reta,Sim,2,0,1,0,1,0,1,2,-27.53413705,-48.63003205,SPRF-SC,DEL01-SC,UOP01-DEL01-SC,2024
"606890,0",2024-06-12,quarta-feira,06:55:00,SC,101,"152,0",PORTO BELO,Acesso irregular,Saída de leito carroçável,Com Vítimas Feridas,Pleno dia,Decrescente,Nevoeiro/Neblina,Dupla,Reta,Sim,2,0,2,0,0,0,2,1,-27.13563503,-48.61004665,SPRF-SC,DEL04-SC,UOP03-DEL04-SC,2024
"606913,0",2024-06-12,quarta-feira,07:45:00,SC,101,"384,0",ICARA,Reação tardia ou ineficiente do condutor,Colisão com objeto,Com Vítimas Feridas,Pleno dia,Decrescente,Céu Claro,Dupla,Retorno Regulamentado,Não,1,0,1,0,0,0,1,1,-28.77636746,-49.31659698,SPRF-SC,DEL02-SC,UOP02-DEL02-SC,2024
"606919,0",2024-05-27,segunda-feira,17:30:00,SC,282,"49,9",AGUAS MORNAS,Pista Escorregadia,Colisão frontal,Com Vítimas Fatais,Anoitecer,Crescente,Chuva,Simples,Declive;Curva,Não,7,1,1,5,0,0,6,3,-27.709133,-48.9503573,SPRF-SC,DEL01-SC,UOP03-DEL01-SC,2024
"606925,0",2024-06-12,quarta-feira,08:50:00,SC,101,"340,0",TUBARAO,Avarias e/ou desgaste excessivo no pneu,Capotamento,Com Vítimas Feridas,Pleno dia,Decrescente,Céu Claro,Múltipla,Reta,Não,1,0,1,0,0,0,1,1,-28.501444,-49.04690399,SPRF-SC,DEL02-SC,UOP01-DEL02-SC,2024
"606938,0",2024-06-12,quarta-feira,11:30:00,SC,101,"111,0",NAVEGANTES,Condutor deixou de manter distância do veículo da frente,Colisão traseira,Com Vítimas Feridas,Pleno dia,Crescente,Céu Claro,Dupla,Reta,Não,2,0,1,0,1,0,1,2,-26.83955734,-48.71418074,SPRF-SC,DEL04-SC,UOP04-DEL04-SC,2024
"606948,0",2024-06-12,quarta-feira,11:45:00,SC,101,"209,5",SAO JOSE,Desrespeitar a preferência no cruzamento,Colisão transversal,Com Vítimas Feridas,Pleno dia,Crescente,Céu Claro,Simples,Reta;Interseção de Vias,Sim,2,0,1,0,1,0,1,2,-27.61000542,-48.63895057,SPRF-SC,DEL01-SC,UOP01-DEL01-SC,2024
"606969,0",2024-06-12,quarta-feira,12:20:00,SC,282,"553,8",NOVA ITABERABA,Acesso irregular,Colisão traseira,Com Vítimas Feridas,Pleno dia,Crescente,Sol,Simples,Reta,Não,2,0,1,0,1,0,1,2,-26.93815,-52.791916,SPRF-SC,DEL07-SC,UOP01-DEL07-SC,2024
"606972,0",2024-05-19,domingo,21:10:00,SC,101,"348,0",JAGUARUNA,Ausência de reação do condutor,Colisão com objeto,Com Vítimas Feridas,Plena Noite,Decrescente,Nublado,Dupla,Reta,Não,2,0,1,1,0,0,2,1,-28.58845967,-49.04601574,SPRF-SC,DEL02-SC,UOP01-DEL02-SC,2024
"606997,0",2024-06-12,quarta-feira,16:35:00,SC,163,"72,9",SAO MIGUEL DO OESTE,Condutor deixou de manter distância do veículo da frente,Colisão traseira,Com Vítimas Feridas,Pleno dia,Decrescente,Céu Claro,Simples,Reta,Sim,3,0,1,0,2,0,1,2,-26.71908804,-53.5157791,SPRF-SC,DEL07-SC,UOP03-DEL07-SC,2024
"607024,0",2024-06-12,quarta-feira,15:40:00,SC,282,"407,0",CATANDUVAS,Reação tardia ou ineficiente do condutor,Saída de leito carroçável,Com Vítimas Feridas,Pleno dia,Decrescente,Céu Claro,Simples,Reta;Declive,Não,1,0,1,0,0,0,1,1,-27.083517,-51.662014,SPRF-SC,DEL07-SC,UOP05-DEL07-SC,2024
"607032,0",2024-06-12,quarta-feira,15:45:00,SC,282,"189,7",BOCAINA DO SUL,Mal súbito do condutor,Saída de leito carroçável,Com Vítimas Feridas,Pleno dia,Crescente,Céu Claro,Simples,Reta,Não,2,0,1,0,0,1,1,2,-27.7374,-50.026859,SPRF-SC,DEL05-SC,UOP01-DEL05-SC,2024
"607070,0",2024-06-12,quarta-feira,06:30:00,SC,470,"233,6",SAO CRISTOVAO DO SUL,Neblina,Colisão transversal,Com Vítimas Feridas,Amanhecer,Crescente,Nevoeiro/Neblina,Simples,Curva,Não,2,0,1,0,1,0,1,2,-27.301632,-50.43058,SPRF-SC,DEL05-SC,UOP03-DEL05-SC,2024
"607173,0",2024-06-13,quinta-feira,06:30:00,SC,282,"16,3",PALHOCA,Acessar a via sem observar a presença dos outros veículos,Colisão transversal,Com Vítimas Feridas,Pleno dia,Crescente,Céu Claro,Simples,Reta,Sim,2,0,1,0,1,0,1,2,-27.658611,-48.681847,SPRF-SC,DEL01-SC,UOP02-DEL01-SC,2024
"607195,0",2024-06-13,quinta-feira,14:50:00,SC,101,"204,2",SAO JOSE,Condutor deixou de manter distância do veículo da frente,Colisão traseira,Com Vítimas Feridas,Pleno dia,Crescente,Céu Claro,Múltipla,Reta,Sim,2,0,0,1,1,0,1,2,-27.57413014,-48.61363083,SPRF-SC,DEL01-SC,UOP01-DEL01-SC,2024
"607207,0",2024-06-13,quinta-feira,15:55:00,SC,280,"73,0",JARAGUA DO SUL,Ausência de reação do condutor,Colisão traseira,Com Vítimas Feridas,Pleno dia,Crescente,Céu Claro,Simples,Aclive;Reta,Não,3,0,2,0,1,0,2,2,-26.45917102,-49.15245,SPRF-SC,DEL03-SC,UOP03-DEL03-SC,2024
"607217,0",2024-06-13,quinta-feira,17:15:00,SC,280,"27,5",ARAQUARI,Acessar a via sem observar a presença dos outros veículos,Colisão transversal,Com Vítimas Feridas,Anoitecer,Crescente,Céu Claro,Simples,Reta;Interseção de Vias;Em Obras,Sim,2,0,0,1,1,0,1,2,-26.399605,-48.742007,SPRF-SC,DEL03-SC,UOP03-DEL03-SC,2024
"607232,0",2024-06-13,quinta-feira,15:50:00,SC,470,"57,0",BLUMENAU,Acessar a via sem observar a presença dos outros veículos,Colisão lateral mesmo sentido,Com Vítimas Feridas,Pleno dia,Decrescente,Céu Claro,Simples,Em Obras;Reta,Sim,3,0,1,1,0,1,2,2,-26.880428,-49.136532,SPRF-SC,DEL04-SC,UOP01-DEL04-SC,2024
"607266,0",2024-06-13,quinta-feira,18:40:00,SC,101,"406,5",ARARANGUA,Condutor deixou de manter distância do veículo da frente,Colisão traseira,Com Vítimas Feridas,Plena Noite,Crescente,Céu Claro,Dupla,Reta,Não,2,0,1,0,0,1,1,2,-28.90783916,-49.48099494,SPRF-SC,DEL02-SC,UOP02-DEL02-SC,2024
"607267,0",2024-06-13,quinta-feira,18:00:00,SC,282,"535,2",CHAPECO,Ausência de reação do condutor,Colisão transversal,Com Vítimas Feridas,Plena Noite,Crescente,Nublado,Simples,Interseção de Vias,Não,6,0,3,0,3,0,3,2,-26.998245,-52.643768,SPRF-SC,DEL07-SC,UOP01-DEL07-SC,2024
"607271,0",2024-06-13,quinta-feira,19:30:00,SC,101,"416,0",ARARANGUA,Ultrapassagem Indevida,Colisão transversal,Com Vítimas Feridas,Plena Noite,Crescente,Céu Claro,Simples,Reta,Sim,2,0,1,0,1,0,1,2,-28.96938167,-49.52526212,SPRF-SC,DEL02-SC,UOP02-DEL02-SC,2024
"607273,0",2024-06-13,quinta-feira,19:05:00,SC,280,"130,6",RIO NEGRINHO,Acessar a via sem observar a presença dos outros veículos,Colisão transversal,Com Vítimas Feridas,Plena Noite,Crescente,Céu Claro,Simples,Aclive;Reta,Sim,3,0,0,2,1,0,2,2,-26.25416365,-49.53477859,SPRF-SC,DEL06-SC,UOP03-DEL06-SC,2024
"607286,0",2024-06-13,quinta-feira,21:30:00,SC,101,"204,9",SAO JOSE,Reação tardia ou ineficiente do condutor,Colisão traseira,Com Vítimas Feridas,Plena Noite,Decrescente,Nublado,Múltipla,Reta,Não,2,0,0,1,1,0,1,2,-27.57413014,-48.61363083,SPRF-SC,DEL01-SC,UOP01-DEL01-SC,2024
"607295,0",2024-06-13,quinta-feira,16:30:00,SC,101,"350,0",JAGUARUNA,Velocidade Incompatível,Colisão com objeto,Com Vítimas Feridas,Pleno dia,Decrescente,Nublado,Simples,Reta,Sim,2,0,1,0,1,0,1,2,-28.60193051,-49.0530324,SPRF-SC,DEL02-SC,UOP01-DEL02-SC,2024
"607302,0",2024-06-13,quinta-feira,22:11:00,SC,280,"48,3",GUARAMIRIM,Acessar a via sem observar a presença dos outros veículos,Colisão transversal,Com Vítimas Feridas,Plena Noite,Crescente,Nublado,Simples,Reta;Em Obras,Não,2,0,1,0,1,0,1,2,-26.45506795,-48.92766502,SPRF-SC,DEL03-SC,UOP03-DEL03-SC,2024
"607319,0",2024-06-14,sexta-feira,01:25:00,SC,101,"285,9",IMBITUBA,Pedestre andava na pista,Atropelamento de Pedestre,Com Vítimas Fatais,Plena Noite,Decrescente,Nublado,Múltipla,Reta;Declive,Não,2,1,0,0,0,1,0,2,-28.247499,-48.700404,SPRF-SC,DEL02-SC,UOP03-DEL02-SC,2024
"607332,0",2024-06-14,sexta-feira,05:00:00,SC,282,"564,0",NOVA ERECHIM,Ausência de reação do condutor,Saída de leito carroçável,Com Vítimas Feridas,Plena Noite,Crescente,Céu Claro,Simples,Reta,Não,1,0,0,1,0,0,1,1,-26.898739,-52.877975,SPRF-SC,DEL07-SC,UOP02-DEL07-SC,2024
"607348,0",2024-06-14,sexta-feira,06:55:00,SC,101,"337,9",TUBARAO,Reação tardia ou ineficiente do condutor,Tombamento,Com Vítimas Feridas,Pleno dia,Crescente,Céu Claro,Múltipla,Reta,Sim,2,0,2,0,0,0,2,1,-28.4978117,-49.04494286,SPRF-SC,DEL02-SC,UOP01-DEL02-SC,2024