id,data_inversa,dia_semana,horario,uf,br,km,municipio,causa_acidente,tipo_acidente,classificacao_acidente,fase_dia,sentido_via,condicao_metereologica,tipo_pista,tracado_via,uso_solo,pessoas,mortos,feridos_leves,feridos_graves,ilesos,ignorados,feridos,veiculos,latitude,longitude,regional,delegacia,uop,ano_arquivo
"608270,0",2024-06-17,segunda-feira,23:40:00,SC,282,"69,0",RANCHO QUEIMADO,Velocidade Incompatível,Capotamento,Com Vítimas Feridas,Plena Noite,Decrescente,Chuva,Simples,Curva,Não,2,0,2,0,0,0,2,1,-27.690144,-49.083813,SPRF-SC,DEL01-SC,UOP03-DEL01-SC,2024
"608285,0",2024-06-18,terça-feira,06:40:00,SC,101,"206,0",SAO JOSE,Condutor deixou de manter distância do veículo da frente,Colisão traseira,Com Vítimas Feridas,Amanhecer,Decrescente,Garoa/Chuvisco,Múltipla,Reta,Sim,4,0,1,1,1,1,2,4,-27.59193546,-48.61824557,SPRF-SC,DEL01-SC,UOP01-DEL01-SC,2024
"608314,0",2024-06-09,domingo,06:30:00,SC,282,"593,9",FAXINAL DOS GUEDES,Ultrapassagem Indevida,Colisão lateral mesmo sentido,Sem Vítimas,Amanhecer,Decrescente,Céu Claro,Simples,Reta;Declive,Não,2,0,0,0,1,1,0,2,-26.869873,-52.309698,SPRF-SC,DEL07-SC,UOP02-DEL07-SC,2024
"608327,0",2024-06-18,terça-feira,10:20:00,SC,101,"125,0",ITAJAI,Ausência de reação do condutor,Colisão traseira,Com Vítimas Feridas,Pleno dia,Crescente,Nublado,Dupla,Curva,Não,3,0,1,0,2,0,1,3,-26.94802427,-48.68338515,SPRF-SC,DEL04-SC,UOP04-DEL04-SC,2024
"608348,0",2024-05-13,segunda-feira,07:30:00,SC,282,"273,4",SAO JOSE DO CERRITO,Transitar na contramão,Colisão frontal,Com Vítimas Feridas,Pleno dia,Decrescente,Chuva,Simples,Reta;Declive,Não,2,0,1,1,0,0,2,2,-27.61421,-50.71346,SPRF-SC,DEL05-SC,UOP02-DEL05-SC,2024
"608356,0",2024-06-18,terça-feira,13:10:00,SC,470,"52,1",BLUMENAU,Condutor deixou de manter distância do veículo da frente,Colisão traseira,Com Vítimas Feridas,Pleno dia,Crescente,Céu Claro,Simples,Reta,Sim,2,0,1,0,1,0,1,2,-26.862286,-49.093903,SPRF-SC,DEL04-SC,UOP01-DEL04-SC,2024
"608362,0",2024-06-18,terça-feira,12:55:00,SC,470,"60,7",INDAIAL,Conversão proibida,Colisão transversal,Com Vítimas Feridas,Pleno dia,Crescente,Céu Claro,Simples,Reta,Sim,2,0,0,1,1,0,1,2,-26.87952155,-49.17200446,SPRF-SC,DEL04-SC,UOP01-DEL04-SC,2024
"608374,0",2024-06-18,terça-feira,07:40:00,SC,470,"334,7",CAMPOS NOVOS,Acumulo de água sobre o pavimento,Saída de leito carroçável,Sem Vítimas,Pleno dia,Decrescente,Chuva,Simples,Reta,Não,1,0,0,0,1,0,0,1,-27.491199,-51.331421,SPRF-SC,DEL07-SC,UOP06-DEL07-SC,2024
"608380,0",2024-06-18,terça-feira,14:40:00,SC,470,"68,9",INDAIAL,Acessar a via sem observar a presença dos outros veículos,Colisão lateral mesmo sentido,Com Vítimas Feridas,Pleno dia,Decrescente,Céu Claro,Simples,Retorno Regulamentado;Interseção de Vias,Sim,2,0,1,0,1,0,1,2,-26.877615,-49.239231,SPRF-SC,DEL04-SC,UOP01-DEL04-SC,2024
"608394,0",2024-06-18,terça-feira,15:00:00,SC,101,"43,0",JOINVILLE,Ausência de reação do condutor,Tombamento,Com Vítimas Feridas,Pleno dia,Crescente,Céu Claro,Simples,Interseção de Vias,Sim,2,0,2,0,0,0,2,1,-26.30357106,-48.88225609,SPRF-SC,DEL03-SC,UOP01-DEL03-SC,2024
"608397,0",2024-06-18,terça-feira,16:45:00,SC,282,"3,3",FLORIANOPOLIS,Acessar a via sem observar a presença dos outros veículos,Colisão lateral mesmo sentido,Com Vítimas Feridas,Pleno dia,Crescente,Céu Claro,Múltipla,Reta,Sim,2,0,0,1,1,0,1,2,-27.600384,-48.599705,SPRF-SC,DEL01-SC,UOP01-DEL01-SC,2024
"608401,0",2024-06-18,terça-feira,15:45:00,SC,101,"133,0",BALNEARIO CAMBORIU,Reação tardia ou ineficiente do condutor,Colisão com objeto,Com Vítimas Feridas,Pleno dia,Crescente,Céu Claro,Dupla,Reta,Sim,1,0,0,1,0,0,1,1,-26.99936,-48.64609,SPRF-SC,DEL04-SC,UOP03-DEL04-SC,2024
"608413,0",2024-06-18,terça-feira,18:10:00,SC,280,"26,0",ARAQUARI,Ausência de reação do condutor,Colisão transversal,Com Vítimas Feridas,Plena Noite,Decrescente,Nublado,Simples,Reta,Sim,2,0,1,0,1,0,1,2,-26.38972308,-48.73411593,SPRF-SC,DEL03-SC,UOP03-DEL03-SC,2024
"608422,0",2024-06-18,terça-feira,18:00:00,SC,101,"62,4",ARAQUARI,Ausência de reação do condutor,Tombamento,Com Vítimas Fatais,Plena Noite,Decrescente,Céu Claro,Múltipla,Aclive;Reta,Não,2,1,0,0,0,1,0,2,-26.4560545,-48.7628529,SPRF-SC,DEL03-SC,UOP02-DEL03-SC,2024
"608423,0",2024-06-18,terça-feira,18:00:00,SC,101,"30,7",JOINVILLE,Ausência de reação do condutor,Colisão traseira,Com Vítimas Feridas,Plena Noite,Crescente,Nublado,Dupla,Curva;Interseção de Vias,Não,4,0,1,0,0,3,1,3,-26.23324056,-48.91663134,SPRF-SC,DEL03-SC,UOP01-DEL03-SC,2024
"608425,0",2024-06-18,terça-feira,18:05:00,SC,101,"146,4",ITAPEMA,Reação tardia ou ineficiente do condutor,Colisão traseira,Com Vítimas Feridas,Pleno dia,Crescente,Céu Claro,Simples,Reta,Sim,2,0,0,1,1,0,1,2,-27.08666525,-48.60955587,SPRF-SC,DEL04-SC,UOP03-DEL04-SC,2024
"608467,0",2024-06-18,terça-feira,17:30:00,SC,470,"146,0",RIO DO SUL,Condutor deixou de manter distância do veículo da frente,Colisão traseira,Sem Vítimas,Plena Noite,Decrescente,Céu Claro,Simples,Reta,Não,2,0,0,0,2,0,0,2,-27.240673,-49.685822,SPRF-SC,DEL04-SC,UOP02-DEL04-SC,2024
"608471,0",2024-06-18,terça-feira,19:30:00,SC,101,"38,3",JOINVILLE,Desrespeitar a preferência no cruzamento,Colisão transversal,Com Vítimas Feridas,Plena Noite,Decrescente,Céu Claro,Dupla,Interseção de Vias;Viaduto,Sim,2,0,1,0,1,0,1,2,-26.25472505,-48.90561309,SPRF-SC,DEL03-SC,UOP01-DEL03-SC,2024
"608485,0",2024-06-18,terça-feira,17:30:00,SC,282,"1,4",FLORIANOPOLIS,Manobra de mudança de faixa,Colisão lateral mesmo sentido,Com Vítimas Feridas,Anoitecer,Crescente,Céu Claro,Múltipla,Reta,Não,2,0,1,0,1,0,1,2,-27.602955,-48.580509,SPRF-SC,DEL01-SC,UOP01-DEL01-SC,2024
"608488,0",2024-06-19,quarta-feira,04:30:00,SC,101,"282,0",IMBITUBA,Reação tardia ou ineficiente do condutor,Tombamento,Com Vítimas Feridas,Plena Noite,Decrescente,Garoa/Chuvisco,Simples,Curva,Não,1,0,1,0,0,0,1,1,-28.19626005,-48.69739859,SPRF-SC,DEL02-SC,UOP03-DEL02-SC,2024
"608498,0",2024-05-19,domingo,12:25:00,SC,282,"66,0",RANCHO QUEIMADO,Pista Escorregadia,Saída de leito carroçável,Com Vítimas Feridas,Pleno dia,Decrescente,Chuva,Simples,Curva,Não,1,0,1,0,0,0,1,1,-27.699602,-49.062912,SPRF-SC,DEL01-SC,UOP03-DEL01-SC,2024
"608502,0",2024-06-19,quarta-feira,07:30:00,SC,101,"213,3",PALHOCA,Condutor deixou de manter distância do veículo da frente,Colisão traseira,Com Vítimas Feridas,Pleno dia,Decrescente,Céu Claro,Múltipla,Reta,Sim,3,0,3,0,0,0,3,2,-27.63697369,-48.66514142,SPRF-SC,DEL01-SC,UOP02-DEL01-SC,2024
"608515,0",2024-06-19,quarta-feira,08:00:00,SC,101,"149,0",ITAPEMA,Condutor deixou de manter distância do veículo da frente,Colisão traseira,Com Vítimas Feridas,Pleno dia,Crescente,Nublado,Dupla,Reta,Sim,2,0,1,0,0,1,1,2,-27.1089649,-48.61277586,SPRF-SC,DEL04-SC,UOP03-DEL04-SC,2024
"608523,0",2024-06-19,quarta-feira,08:50:00,SC,101,"117,1",ITAJAI,Condutor deixou de manter distância do veículo da frente,Engavetamento,Com Vítimas Feridas,Pleno dia,Crescente,Céu Claro,Múltipla,Reta,Sim,4,0,1,0,3,0,1,3,-26.88747187,-48.72252969,SPRF-SC,DEL04-SC,UOP04-DEL04-SC,2024
"608543,0",2024-06-19,quarta-feira,10:20:00,SC,280,"57,9",GUARAMIRIM,Acessar a via sem observar a presença dos outros veículos,Colisão transversal,Com Vítimas Feridas,Pleno dia,Decrescente,Céu Claro,Dupla,Reta;Rotatória,Sim,2,0,1,0,1,0,1,2,-26.47811421,-49.01259213,SPRF-SC,DEL03-SC,UOP03-DEL03-SC,2024
"608558,0",2024-06-19,quarta-feira,11:50:00,SC,101,"200,0",SAO JOSE,Acessar a via sem observar a presença dos outros veículos,Colisão lateral mesmo sentido,Com Vítimas Feridas,Pleno dia,Crescente,Céu Claro,Dupla,Reta,Sim,3,0,2,0,1,0,2,2,-27.54018513,-48.62287714,SPRF-SC,DEL01-SC,UOP01-DEL01-SC,2024
"608561,0",2024-06-19,quarta-feira,11:40:00,SC,101,"361,0",SANGAO,Transitar na contramão,Saída de leito carroçável,Com Vítimas Feridas,Pleno dia,Crescente,Nublado,Dupla,Curva,Não,1,0,1,0,0,0,1,1,-28.66584041,-49.1146566,SPRF-SC,DEL02-SC,UOP01-DEL02-SC,2024
"608565,0",2024-06-19,quarta-feira,09:45:00,SC,280,"42,0",ARAQUARI,Avarias e/ou desgaste excessivo no pneu,Queda de ocupante de veículo,Com Vítimas Feridas,Pleno dia,Crescente,Céu Claro,Simples,Reta,Não,2,0,2,0,0,0,2,1,-26.45059684,-48.86790401,SPRF-SC,DEL03-SC,UOP03-DEL03-SC,2024
"608591,0",2024-06-19,quarta-feira,14:50:00,SC,470,"147,0",RIO DO SUL,Condutor deixou de manter distância do veículo da frente,Colisão traseira,Com Vítimas Feridas,Pleno dia,Decrescente,Garoa/Chuvisco,Simples,Reta;Ponte,Não,2,0,1,0,1,0,1,2,-27.243439,-49.690025,SPRF-SC,DEL04-SC,UOP02-DEL04-SC,2024
"608592,0",2024-05-10,sexta-feira,16:30:00,SC,470,"67,0",INDAIAL,Ausência de reação do condutor,Colisão transversal,Com Vítimas Feridas,Pleno dia,Crescente,Ignorado,Dupla,Reta,Sim,2,0,1,0,0,1,1,2,-26.872158,-49.23127,SPRF-SC,DEL04-SC,UOP01-DEL04-SC,2024
"608612,0",2024-06-19,quarta-feira,08:00:00,SC,280,"231,0",CANOINHAS,Acessar a via sem observar a presença dos outros veículos,Colisão transversal,Com Vítimas Feridas,Pleno dia,Decrescente,Céu Claro,Simples,Aclive;Reta,Sim,2,0,0,1,1,0,1,2,-26.1893047,-50.37170989,SPRF-SC,DEL06-SC,UOP04-DEL06-SC,2024
"608619,0",2024-06-19,quarta-feira,16:10:00,SC,280,"32,4",ARAQUARI,Ultrapassagem Indevida,Colisão traseira,Com Vítimas Feridas,Pleno dia,Decrescente,Céu Claro,Simples,Interseção de Vias;Em Obras;Reta,Não,3,0,1,1,1,0,2,2,-26.42457959,-48.78549814,SPRF-SC,DEL03-SC,UOP03-DEL03-SC,2024
"608624,0",2024-06-19,quarta-feira,17:36:00,SC,280,"127,8",RIO NEGRINHO,Trafegar com motocicleta (ou similar) entre as faixas,Colisão transversal,Com Vítimas Feridas,Anoitecer,Decrescente,Céu Claro,Simples,Reta;Interseção de Vias,Sim,2,0,1,0,1,0,1,2,-26.24220884,-49.51181889,SPRF-SC,DEL06-SC,UOP03-DEL06-SC,2024
"608629,0",2024-06-19,quarta-feira,18:20:00,SC,282,"23,6",SANTO AMARO DA IMPERATRIZ,Acessar a via sem observar a presença dos outros veículos,Colisão transversal,Com Vítimas Feridas,Plena Noite,Crescente,Garoa/Chuvisco,Dupla,Reta;Interseção de Vias,Sim,2,0,1,0,1,0,1,2,-27.687958,-48.736794,SPRF-SC,DEL01-SC,UOP03-DEL01-SC,2024
"608680,0",2024-06-19,quarta-feira,18:05:00,SC,116,"251,2",LAGES,Acessar a via sem observar a presença dos outros veículos,Colisão transversal,Com Vítimas Feridas,Anoitecer,Crescente,Céu Claro,Simples,Interseção de Vias,Não,2,0,1,0,1,0,1,2,-27.84512201,-50.37880391,SPRF-SC,DEL05-SC,UOP02-DEL05-SC,2024
"608715,0",2024-06-20,quinta-feira,06:47:00,SC,101,"183,4",GOVERNADOR CELSO RAMOS,Ausência de reação do condutor,Colisão traseira,Com Vítimas Feridas,Amanhecer,Decrescente,Nublado,Dupla,Reta,Não,3,0,1,0,2,0,1,2,-27.40688892,-48.6285296,SPRF-SC,DEL01-SC,UOP01-DEL01-SC,2024
"608748,0",2024-06-20,quinta-feira,11:40:00,SC,282,"50,3",AGUAS MORNAS,Pista Escorregadia,Colisão frontal,Com Vítimas Feridas,Pleno dia,Crescente,Chuva,Simples,Curva;Aclive,Não,5,0,1,0,4,0,1,2,-27.708536,-48.952251,SPRF-SC,DEL01-SC,UOP03-DEL01-SC,2024
"608755,0",2024-06-20,quinta-feira,12:20:00,SC,101,"150,0",ITAPEMA,Acesso irregular,Colisão traseira,Com Vítimas Feridas,Pleno dia,Decrescente,Céu Claro,Simples,Reta,Sim,4,0,1,0,3,0,1,4,-27.11744799,-48.60940987,SPRF-SC,DEL04-SC,UOP03-DEL04-SC,2024
"608789,0",2024-06-20,quinta-feira,11:45:00,SC,282,"109,0",ALFREDO WAGNER,Velocidade Incompatível,Saída de leito carroçável,Com Vítimas Feridas,Pleno dia,Decrescente,Garoa/Chuvisco,Simples,Declive;Curva,Não,3,0,0,2,1,0,2,1,-27.719378,-49.3582,SPRF-SC,DEL01-SC,UOP03-DEL01-SC,2024
"608793,0",2024-06-20,quinta-feira,16:00:00,SC,282,"4,0",FLORIANOPOLIS,Reação tardia ou ineficiente do condutor,Colisão lateral mesmo sentido,Com Vítimas Feridas,Anoitecer,Crescente,Céu Claro,Múltipla,Reta,Sim,2,0,1,0,1,0,1,2,-27.592646,-48.604034,SPRF-SC,DEL01-SC,UOP01-DEL01-SC,2024
"608807,0",2024-06-20,quinta-feira,17:28:00,SC,101,"191,0",BIGUACU,Reação tardia ou ineficiente do condutor,Colisão com objeto,Com Vítimas Feridas,Anoitecer,Decrescente,Nublado,Dupla,Curva;Aclive,Sim,1,0,1,0,0,0,1,1,-27.47730273,-48.64127329,SPRF-SC,DEL01-SC,UOP01-DEL01-SC,2024
"608809,0",2024-06-20,quinta-feira,17:30:00,SC,101,"364,3",SANGAO,Acumulo de areia ou detritos sobre o pavimento,Tombamento,Com Vítimas Feridas,Plena Noite,Decrescente,Céu Claro,Dupla,Reta;Em Obras,Não,2,0,1,0,1,0,1,1,-28.68290284,-49.14759308,SPRF-SC,DEL02-SC,UOP01-DEL02-SC,2024
"608813,0",2024-06-20,quinta-feira,18:00:00,SC,101,"203,9",SAO JOSE,Reação tardia ou ineficiente do condutor,Tombamento,Com Vítimas Feridas,Plena Noite,Crescente,Nublado,Simples,Reta;Viaduto;Interseção de Vias,Sim,1,0,1,0,0,0,1,1,-27.5650044,-48.61460082,SPRF-SC,DEL01-SC,UOP01-DEL01-SC,2024
"608817,0",2024-06-16,domingo,20:10:00,SC,101,"148,5",ITAPEMA,Acessar a via sem observar a presença dos outros veículos,Colisão transversal,Com Vítimas Feridas,Plena Noite,Crescente,Céu Claro,Múltipla,Reta,Sim,3,0,3,0,0,0,3,2,-27.10123686,-48.61807962,SPRF-SC,DEL04-SC,UOP03-DEL04-SC,2024
"608852,0",2024-06-20,quinta-feira,20:10:00,SC,470,"96,8",APIUNA,Conversão proibida,Colisão transversal,Com Vítimas Feridas,Plena Noite,Crescente,Céu Claro,Simples,Reta,Sim,3,0,2,0,1,0,2,2,-27.020767,-49.371342,SPRF-SC,DEL04-SC,UOP01-DEL04-SC,2024
"608856,0",2024-06-20,quinta-feira,18:45:00,SC,101,"125,0",ITAJAI,Manobra de mudança de faixa,Colisão lateral mesmo sentido,Com Vítimas Feridas,Plena Noite,Decrescente,Céu Claro,Múltipla,Reta,Sim,2,0,1,0,1,0,1,2,-26.94802427,-48.68338515,SPRF-SC,DEL04-SC,UOP04-DEL04-SC,2024
"608860,0",2024-06-20,quinta-feira,18:30:00,SC,470,"136,0",RIO DO SUL,Acessar a via sem observar a presença dos outros veículos,Colisão transversal,Com Vítimas Feridas,Anoitecer,Crescente,Nublado,Simples,Reta;Em Obras,Sim,2,0,1,0,1,0,1,2,-27.194323,-49.624554,SPRF-SC,DEL04-SC,UOP02-DEL04-SC,2024
"608861,0",2024-06-20,quinta-feira,21:00:00,SC,282,"258,5",SAO JOSE DO CERRITO,Avarias e/ou desgaste excessivo no pneu,Saída de leito carroçável,Com Vítimas Feridas,Plena Noite,Crescente,Chuva,Simples,Curva,Não,2,0,1,0,1,0,1,1,-27.664351,-50.584618,SPRF-SC,DEL05-SC,UOP02-DEL05-SC,2024
"608880,0",2024-06-21,sexta-feira,00:20:00,SC,101,"32,0",JOINVILLE,Condutor Dormindo,Colisão com objeto,Com Vítimas Feridas,Plena Noite,Crescente,Nublado,Dupla,Reta,Não,1,0,1,0,0,0,1,1,-26.247657,-48.909977,SPRF-SC,DEL03-SC,UOP01-DEL03-SC,2024
"608894,0",2024-06-20,quinta-feira,23:35:00,SC,101,"307,0",LAGUNA,Ausência de reação do condutor,Tombamento,Com Vítimas Feridas,Plena Noite,Decrescente,Céu Claro,Múltipla,Reta,Não,1,0,1,0,0,0,1,1,-28.39199505,-48.77826295,SPRF-SC,DEL02-SC,UOP03-DEL02-SC,2024
"608903,0",2024-06-20,quinta-feira,23:50:00,SC,470,"146,0",RIO DO SUL,Pista Escorregadia,Capotamento,Com Vítimas Feridas,Plena Noite,Crescente,Garoa/Chuvisco,Simples,Reta,Não,2,0,1,0,1,0,1,2,-27.240673,-49.685822,SPRF-SC,DEL04-SC,UOP02-DEL04-SC,2024
"608913,0",2024-06-21,sexta-feira,07:05:00,SC,280,"57,6",GUARAMIRIM,Acessar a via sem observar a presença dos outros veículos,Colisão lateral mesmo sentido,Com Vítimas Feridas,Pleno dia,Crescente,Céu Claro,Dupla,Rotatória,Sim,2,0,1,0,1,0,1,2,-26.47811421,-49.01259213,SPRF-SC,DEL03-SC,UOP03-DEL03-SC,2024
"608914,0",2024-06-21,sexta-feira,07:30:00,SC,101,"189,7",BIGUACU,Velocidade Incompatível,Colisão com objeto,Com Vítimas Feridas,Pleno dia,Decrescente,Nublado,Dupla,Curva,Não,1,0,1,0,0,0,1,1,-27.459393,-48.638914,SPRF-SC,DEL01-SC,UOP01-DEL01-SC,2024
"608940,0",2024-06-09,domingo,17:49:00,SC,282,"3,2",FLORIANOPOLIS,Manobra de mudança de faixa,Colisão lateral mesmo sentido,Com Vítimas Feridas,Anoitecer,Crescente,Céu Claro,Múltipla,Reta,Sim,3,0,2,0,1,0,2,2,-27.600384,-48.599705,SPRF-SC,DEL01-SC,UOP01-DEL01-SC,2024
"608955,0",2024-06-21,sexta-feira,10:15:00,SC,153,"64,0",IRANI,Acessar a via sem observar a presença dos outros veículos,Colisão lateral mesmo sentido,Com Vítimas Feridas,Pleno dia,Crescente,Céu Claro,Simples,Reta,Não,2,0,1,0,1,0,1,2,-27.003662,-51.872604,SPRF-SC,DEL07-SC,UOP04-DEL07-SC,2024
"608976,0",2024-06-21,sexta-feira,13:10:00,SC,470,"54,3",BLUMENAU,Acessar a via sem observar a presença dos outros veículos,Colisão transversal,Com Vítimas Feridas,Pleno dia,Decrescente,Céu Claro,Simples,Reta,Não,2,0,1,0,1,0,1,2,-26.871065,-49.110374,SPRF-SC,DEL04-SC,UOP01-DEL04-SC,2024
"608978,0",2024-06-21,sexta-feira,13:15:00,SC,101,"293,8",IMBITUBA,Reação tardia ou ineficiente do condutor,Saída de leito carroçável,Com Vítimas Feridas,Pleno dia,Crescente,Céu Claro,Dupla,Reta,Não,1,0,0,1,0,0,1,1,-28.31040713,-48.72282028,SPRF-SC,DEL02-SC,UOP03-DEL02-SC,2024
"609032,0",2024-06-21,sexta-feira,17:00:00,SC,470,"63,2",INDAIAL,Acessar a via sem observar a presença dos outros veículos,Colisão transversal,Com Vítimas Feridas,Plena Noite,Decrescente,Céu Claro,Simples,Reta,Sim,2,0,1,0,1,0,1,2,-26.872396,-49.19228,SPRF-SC,DEL04-SC,UOP01-DEL04-SC,2024
"609039,0",2024-06-21,sexta-feira,17:30:00,SC,101,"109,5",PENHA,Trafegar com motocicleta (ou similar) entre as faixas,Colisão lateral mesmo sentido,Com Vítimas Feridas,Anoitecer,Crescente,Céu Claro,Dupla,Reta,Não,2,0,1,0,1,0,1,2,-26.8333519,-48.69632106,SPRF-SC,DEL03-SC,UOP02-DEL03-SC,2024
"609046,0",2024-06-21,sexta-feira,19:00:00,SC,101,"149,0",ITAPEMA,Acessar a via sem observar a presença dos outros veículos,Colisão lateral mesmo sentido,Sem Vítimas,Plena Noite,Decrescente,Nublado,Múltipla,Reta,Sim,2,0,0,0,2,0,0,2,-27.1089649,-48.61277586,SPRF-SC,DEL04-SC,UOP03-DEL04-SC,2024
"609048,0",2024-06-21,sexta-feira,14:20:00,SC,101,"151,0",ITAPEMA,Velocidade Incompatível,Queda de ocupante de veículo,Com Vítimas Feridas,Pleno dia,Decrescente,Nublado,Múltipla,Reta,Sim,1,0,1,0,0,0,1,1,-27.126536,-48.609642,SPRF-SC,DEL04-SC,UOP03-DEL04-SC,2024
"609050,0",2024-06-21,sexta-feira,19:00:00,SC,101,"204,6",SAO JOSE,Ausência de reação do condutor,Colisão traseira,Com Vítimas Feridas,Plena Noite,Decrescente,Céu Claro,Múltipla,Reta,Não,2,0,1,0,1,0,1,2,-27.57413014,-48.61363083,SPRF-SC,DEL01-SC,UOP01-DEL01-SC,2024
"609075,0",2024-06-21,sexta-feira,10:30:00,SC,470,"141,0",RIO DO SUL,Conversão proibida,Colisão transversal,Com Vítimas Feridas,Pleno dia,Crescente,Nublado,Dupla,Reta;Declive,Sim,2,0,1,0,0,1,1,2,-27.226065,-49.666161,SPRF-SC,DEL04-SC,UOP02-DEL04-SC,2024
"609076,0",2024-06-21,sexta-feira,16:30:00,SC,470,"332,6",CAMPOS NOVOS,Condutor Dormindo,Saída de leito carroçável,Com Vítimas Feridas,Pleno dia,Crescente,Céu Claro,Simples,Reta,Não,3,0,1,2,0,0,3,1,-27.482849,-51.31358,SPRF-SC,DEL07-SC,UOP06-DEL07-SC,2024
"609077,0",2024-06-21,sexta-feira,20:00:00,SC,280,"45,5",GUARAMIRIM,Iluminação deficiente,Tombamento,Com Vítimas Feridas,Plena Noite,Crescente,Céu Claro,Simples,Reta;Em Obras;Desvio Temporário,Não,1,0,0,1,0,0,1,1,-26.45236168,-48.89788602,SPRF-SC,DEL03-SC,UOP03-DEL03-SC,2024
"609082,0",2024-06-21,sexta-feira,21:00:00,SC,470,"48,0",BLUMENAU,Ausência de reação do condutor,Colisão traseira,Com Vítimas Feridas,Plena Noite,Decrescente,Céu Claro,Dupla,Desvio Temporário;Em Obras,Sim,3,0,2,0,0,1,2,2,-26.859823,-49.055393,SPRF-SC,DEL04-SC,UOP01-DEL04-SC,2024
"609095,0",2024-06-21,sexta-feira,19:00:00,SC,280,"300,7",PORTO UNIAO,Reação tardia ou ineficiente do condutor,Eventos atípicos,Com Vítimas Feridas,Plena Noite,Decrescente,Céu Claro,Simples,Reta,Não,1,0,0,1,0,0,1,1,-26.28524961,-51.02104389,SPRF-SC,DEL06-SC,UOP04-DEL06-SC,2024
"609107,0",2024-06-21,sexta-feira,21:00:00,SC,282,"1,0",FLORIANOPOLIS,Demais falhas mecânicas ou elétricas,Incêndio,Sem Vítimas,Plena Noite,Crescente,Nublado,Múltipla,Ponte;Curva,Sim,1,0,0,0,0,1,0,1,-27.602955,-48.580509,SPRF-SC,DEL01-SC,UOP01-DEL01-SC,2024
"609126,0",2024-06-21,sexta-feira,20:00:00,SC,101,"82,0",BARRA VELHA,Manobra de mudança de faixa,Colisão frontal,Com Vítimas Feridas,Plena Noite,Crescente,Céu Claro,Simples,Reta,Não,2,0,0,1,1,0,1,2,-26.61085222,-48.72204472,SPRF-SC,DEL03-SC,UOP02-DEL03-SC,2024
"609135,0",2024-06-22,sábado,01:00:00,SC,101,"196,0",BIGUACU,Ausência de reação do condutor,Colisão com objeto,Sem Vítimas,Plena Noite,Crescente,Nublado,Dupla,Reta,Sim,2,0,0,0,0,2,0,1,-27.51101091,-48.64322292,SPRF-SC,DEL01-SC,UOP01-DEL01-SC,2024
"609161,0",2024-06-22,sábado,04:15:00,SC,101,"328,7",TUBARAO,Condutor deixou de manter distância do veículo da frente,Colisão traseira,Sem Vítimas,Plena Noite,Decrescente,Céu Claro,Dupla,Reta;Ponte;Em Obras,Sim,2,0,0,0,2,0,0,2,-28.43648094,-48.95989307,SPRF-SC,DEL02-SC,UOP01-DEL02-SC,2024
"609165,0",2024-06-22,sábado,05:30:00,SC,101,"212,0",PALHOCA,Ausência de reação do condutor,Colisão traseira,Com Vítimas Feridas,Amanhecer,Crescente,Céu Claro,Dupla,Reta,Sim,2,0,1,0,1,0,1,2,-27.62996929,-48.65903871,SPRF-SC,DEL01-SC,UOP02-DEL01-SC,2024
"609177,0",2024-06-22,sábado,07:00:00,SC,101,"103,9",PENHA,Acessar a via sem observar a presença dos outros veículos,Tombamento,Com Vítimas Feridas,Amanhecer,Decrescente,Céu Claro,Dupla,Reta,Não,1,0,1,0,0,0,1,1,-26.7832381,-48.68314632,SPRF-SC,DEL03-SC,UOP02-DEL03-SC,2024
"609191,0",2024-06-22,sábado,07:35:00,SC,101,"211,0",PALHOCA,Ausência de reação do condutor,Saída de leito carroçável,Sem Vítimas,Pleno dia,Decrescente,Céu Claro,Dupla,Reta,Sim,1,0,0,0,1,0,0,1,-27.62329313,-48.65245588,SPRF-SC,DEL01-SC,UOP02-DEL01-SC,2024
"609222,0",2024-06-22,sábado,09:50:00,SC,101,"134,0",BALNEARIO CAMBORIU,Desrespeitar a preferência no cruzamento,Colisão transversal,Com Vítimas Feridas,Pleno dia,Crescente,Sol,Múltipla,Interseção de Vias,Sim,2,0,1,0,1,0,1,2,-27.00218,-48.636433,SPRF-SC,DEL04-SC,UOP03-DEL04-SC,2024
"609236,0",2024-06-22,sábado,11:30:00,SC,101,"203,5",SAO JOSE,Manobra de mudança de faixa,Colisão lateral mesmo sentido,Com Vítimas Feridas,Pleno dia,Crescente,Céu Claro,Múltipla,Reta,Sim,3,0,2,0,1,0,2,3,-27.5650044,-48.61460082,SPRF-SC,DEL01-SC,UOP01-DEL01-SC,2024
"609238,0",2024-06-22,sábado,11:20:00,SC,101,"204,0",SAO JOSE,Manobra de mudança de faixa,Colisão lateral mesmo sentido,Com Vítimas Feridas,Pleno dia,Crescente,Céu Claro,Múltipla,Reta,Sim,2,0,0,1,1,0,1,2,-27.57413014,-48.61363083,SPRF-SC,DEL01-SC,UOP01-DEL01-SC,2024
"609263,0",2024-06-22,sábado,13:50:00,SC,101,"163,3",TIJUCAS,Acessar a via sem observar a presença dos outros veículos,Colisão transversal,Com Vítimas Feridas,Pleno dia,Crescente,Céu Claro,Dupla,Reta,Sim,2,0,1,0,1,0,1,2,-27.23461699,-48.63039809,SPRF-SC,DEL04-SC,UOP03-DEL04-SC,2024