id,data_inversa,dia_semana,horario,uf,br,km,municipio,causa_acidente,tipo_acidente,classificacao_acidente,fase_dia,sentido_via,condicao_metereologica,tipo_pista,tracado_via,uso_solo,pessoas,mortos,feridos_leves,feridos_graves,ilesos,ignorados,feridos,veiculos,latitude,longitude,regional,delegacia,uop,ano_arquivo
"610357,0",2024-06-27,quinta-feira,10:35:00,SC,101,"130,0",BALNEARIO CAMBORIU,Reação tardia ou ineficiente do condutor,Colisão lateral mesmo sentido,Com Vítimas Feridas,Pleno dia,Decrescente,Céu Claro,Dupla,Reta,Sim,2,0,1,0,1,0,1,2,-26.98407618,-48.66977107,SPRF-SC,DEL04-SC,UOP03-DEL04-SC,2024
"610380,0",2024-06-27,quinta-feira,13:00:00,SC,101,"154,5",PORTO BELO,Condutor deixou de manter distância do veículo da frente,Colisão traseira,Com Vítimas Feridas,Pleno dia,Decrescente,Céu Claro,Múltipla,Reta,Sim,2,0,1,0,1,0,1,2,-27.153819,-48.61086393,SPRF-SC,DEL04-SC,UOP03-DEL04-SC,2024
"610385,0",2024-06-27,quinta-feira,13:45:00,SC,101,"149,0",ITAPEMA,Ausência de reação do condutor,Colisão transversal,Com Vítimas Feridas,Pleno dia,Decrescente,Céu Claro,Dupla,Viaduto;Interseção de Vias,Sim,2,0,2,0,0,0,2,2,-27.1089649,-48.61277586,SPRF-SC,DEL04-SC,UOP03-DEL04-SC,2024
"610447,0",2024-06-27,quinta-feira,18:20:00,SC,101,"209,7",SAO JOSE,Condutor deixou de manter distância do veículo da frente,Colisão traseira,Com Vítimas Feridas,Plena Noite,Crescente,Nublado,Múltipla,Reta,Sim,6,0,2,0,4,0,2,5,-27.61000542,-48.63895057,SPRF-SC,DEL01-SC,UOP01-DEL01-SC,2024
"610455,0",2024-06-27,quinta-feira,18:20:00,SC,101,"211,7",PALHOCA,Ausência de reação do condutor,Colisão lateral mesmo sentido,Com Vítimas Feridas,Plena Noite,Decrescente,Céu Claro,Múltipla,Reta,Sim,2,0,1,0,1,0,1,2,-27.62329313,-48.65245588,SPRF-SC,DEL01-SC,UOP02-DEL01-SC,2024
"610486,0",2024-06-27,quinta-feira,22:40:00,SC,101,"205,5",SAO JOSE,Reação tardia ou ineficiente do condutor,Colisão com objeto,Com Vítimas Feridas,Plena Noite,Decrescente,Céu Claro,Múltipla,Reta;Interseção de Vias,Sim,2,0,0,1,1,0,1,1,-27.58313237,-48.61532885,SPRF-SC,DEL01-SC,UOP01-DEL01-SC,2024
"610487,0",2024-06-27,quinta-feira,22:15:00,SC,101,"8,0",GARUVA,Reação tardia ou ineficiente do condutor,Colisão traseira,Com Vítimas Feridas,Plena Noite,Crescente,Céu Claro,Dupla,Reta,Não,2,0,2,0,0,0,2,2,-26.044942,-48.859703,SPRF-SC,DEL03-SC,UOP01-DEL03-SC,2024
"610611,0",2024-06-28,sexta-feira,15:45:00,SC,470,"52,1",BLUMENAU,Acessar a via sem observar a presença dos outros veículos,Colisão transversal,Com Vítimas Feridas,Pleno dia,Crescente,Céu Claro,Simples,Reta,Sim,5,0,1,0,4,0,1,2,-26.867121,-49.102066,SPRF-SC,DEL04-SC,UOP01-DEL04-SC,2024
"610616,0",2024-06-28,sexta-feira,15:10:00,SC,282,"26,5",SANTO AMARO DA IMPERATRIZ,Desrespeitar a preferência no cruzamento,Colisão transversal,Com Vítimas Feridas,Pleno dia,Decrescente,Nublado,Simples,Retorno Regulamentado;Reta,Não,2,0,1,1,0,0,2,2,-27.680267,-48.762482,SPRF-SC,DEL01-SC,UOP03-DEL01-SC,2024
"610626,0",2024-06-28,sexta-feira,13:43:00,SC,116,"219,4",CORREIA PINTO,Acessar a via sem observar a presença dos outros veículos,Colisão transversal,Com Vítimas Feridas,Pleno dia,Decrescente,Nublado,Simples,Rotatória;Interseção de Vias,Sim,2,0,1,0,1,0,1,2,-27.57012897,-50.37318791,SPRF-SC,DEL05-SC,UOP03-DEL05-SC,2024
"610632,0",2024-06-28,sexta-feira,17:35:00,SC,101,"119,0",ITAJAI,Acessar a via sem observar a presença dos outros veículos,Colisão transversal,Sem Vítimas,Anoitecer,Decrescente,Céu Claro,Múltipla,Reta,Sim,2,0,0,0,2,0,0,2,-26.9043179,-48.71555481,SPRF-SC,DEL04-SC,UOP04-DEL04-SC,2024
"610639,0",2024-06-28,sexta-feira,18:00:00,SC,280,"52,0",GUARAMIRIM,Acessar a via sem observar a presença dos outros veículos,Colisão lateral mesmo sentido,Com Vítimas Feridas,Plena Noite,Crescente,Céu Claro,Dupla,Retorno Regulamentado,Sim,3,0,1,0,2,0,1,2,-26.468904,-48.96492,SPRF-SC,DEL03-SC,UOP03-DEL03-SC,2024
"610671,0",2024-06-28,sexta-feira,18:55:00,SC,280,"214,0",TRES BARRAS,Ingestão de álcool pelo condutor,Colisão lateral mesmo sentido,Sem Vítimas,Plena Noite,Crescente,Céu Claro,Simples,Reta,Não,2,0,0,0,2,0,0,2,-26.18318414,-50.20686497,SPRF-SC,DEL06-SC,UOP04-DEL06-SC,2024
"610695,0",2024-06-28,sexta-feira,22:00:00,SC,470,"2,0",NAVEGANTES,Reação tardia ou ineficiente do condutor,Colisão com objeto,Com Vítimas Feridas,Plena Noite,Crescente,Céu Claro,Dupla,Reta;Em Obras,Não,1,0,1,0,0,0,1,1,-26.868551,-48.674831,SPRF-SC,DEL04-SC,UOP04-DEL04-SC,2024
"610710,0",2024-06-28,sexta-feira,23:40:00,SC,280,"56,2",GUARAMIRIM,Acessar a via sem observar a presença dos outros veículos,Colisão transversal,Com Vítimas Feridas,Plena Noite,Decrescente,Nublado,Dupla,Reta,Sim,2,0,2,0,0,0,2,2,-26.47947677,-49.00298702,SPRF-SC,DEL03-SC,UOP03-DEL03-SC,2024
"610722,0",2024-06-29,sábado,02:30:00,SC,101,"207,5",SAO JOSE,Ausência de reação do condutor,Colisão traseira,Com Vítimas Fatais,Plena Noite,Decrescente,Céu Claro,Múltipla,Reta;Declive,Sim,3,1,0,0,0,2,0,3,-27.60327979,-48.63201818,SPRF-SC,DEL01-SC,UOP01-DEL01-SC,2024
"610724,0",2024-06-29,sábado,03:00:00,SC,101,"30,9",JOINVILLE,Suicídio (presumido),Atropelamento de Pedestre,Com Vítimas Fatais,Plena Noite,Crescente,Nublado,Dupla,Reta,Não,2,1,0,0,0,1,0,2,-26.2357983,-48.9153365,SPRF-SC,DEL03-SC,UOP01-DEL03-SC,2024
"610739,0",2024-06-29,sábado,05:50:00,SC,101,"276,9",IMBITUBA,Velocidade Incompatível,Colisão com objeto,Sem Vítimas,Plena Noite,Decrescente,Céu Claro,Múltipla,Interseção de Vias,Não,1,0,0,0,0,1,0,1,-28.1663,-48.6939,SPRF-SC,DEL02-SC,UOP03-DEL02-SC,2024
"610778,0",2024-06-29,sábado,10:50:00,SC,101,"334,2",TUBARAO,Acessar a via sem observar a presença dos outros veículos,Colisão lateral mesmo sentido,Com Vítimas Feridas,Pleno dia,Decrescente,Céu Claro,Múltipla,Interseção de Vias,Sim,2,0,1,0,1,0,1,2,-28.46927473,-49.01557908,SPRF-SC,DEL02-SC,UOP01-DEL02-SC,2024
"610784,0",2024-06-29,sábado,10:35:00,SC,280,"55,4",GUARAMIRIM,Desrespeitar a preferência no cruzamento,Colisão transversal,Com Vítimas Feridas,Pleno dia,Crescente,Céu Claro,Simples,Rotatória,Sim,3,0,2,0,1,0,2,2,-26.46657766,-48.95988464,SPRF-SC,DEL03-SC,UOP03-DEL03-SC,2024
"610812,0",2024-06-29,sábado,12:15:00,SC,116,"218,8",CORREIA PINTO,Reação tardia ou ineficiente do condutor,Colisão traseira,Com Vítimas Feridas,Pleno dia,Decrescente,Céu Claro,Simples,Reta;Declive,Sim,2,0,0,1,0,1,1,2,-27.57710111,-50.3702867,SPRF-SC,DEL05-SC,UOP03-DEL05-SC,2024
"610813,0",2024-06-29,sábado,13:30:00,SC,101,"208,0",SAO JOSE,Condutor deixou de manter distância do veículo da frente,Colisão traseira,Com Vítimas Feridas,Pleno dia,Crescente,Céu Claro,Múltipla,Reta,Sim,2,0,1,0,1,0,1,2,-27.60327979,-48.63201818,SPRF-SC,DEL01-SC,UOP01-DEL01-SC,2024
"610828,0",2024-06-29,sábado,15:13:00,SC,470,"45,5",GASPAR,Acessar a via sem observar a presença dos outros veículos,Colisão transversal,Sem Vítimas,Pleno dia,Crescente,Céu Claro,Simples,Interseção de Vias;Reta,Não,2,0,0,0,1,1,0,2,-26.867064,-49.031109,SPRF-SC,DEL04-SC,UOP01-DEL04-SC,2024
"610843,0",2024-06-29,sábado,13:15:00,SC,470,"86,0",RODEIO,Acessar a via sem observar a presença dos outros veículos,Colisão transversal,Com Vítimas Feridas,Pleno dia,Crescente,Céu Claro,Simples,Reta;Rotatória;Interseção de Vias,Não,4,0,3,0,1,0,3,2,-26.949951,-49.357296,SPRF-SC,DEL04-SC,UOP01-DEL04-SC,2024
"610846,0",2024-06-29,sábado,16:20:00,SC,153,"64,5",IRANI,Reação tardia ou ineficiente do condutor,Colisão traseira,Sem Vítimas,Pleno dia,Decrescente,Céu Claro,Simples,Curva,Sim,2,0,0,0,2,0,0,2,-27.003662,-51.872604,SPRF-SC,DEL07-SC,UOP04-DEL07-SC,2024
"610861,0",2024-06-29,sábado,17:35:00,SC,101,"87,5",BARRA VELHA,Área urbana sem a presença de local apropriado para a travessia de pedestres,Atropelamento de Pedestre,Com Vítimas Feridas,Anoitecer,Crescente,Céu Claro,Dupla,Reta,Sim,3,0,0,1,2,0,1,2,-26.64563353,-48.68752956,SPRF-SC,DEL03-SC,UOP02-DEL03-SC,2024
"610879,0",2024-06-29,sábado,18:00:00,SC,280,"236,4",CANOINHAS,Acessar a via sem observar a presença dos outros veículos,Colisão transversal,Com Vítimas Feridas,Plena Noite,Decrescente,Céu Claro,Simples,Reta,Sim,3,0,2,0,1,0,2,2,-26.19473731,-50.42288587,SPRF-SC,DEL06-SC,UOP04-DEL06-SC,2024
"610887,0",2024-06-29,sábado,15:35:00,SC,282,"609,8",MARAVILHA,Transitar na contramão,Colisão frontal,Com Vítimas Fatais,Pleno dia,Decrescente,Sol,Simples,Reta;Aclive,Não,3,1,1,0,0,1,1,3,-26.7563711,-53.230295,SPRF-SC,DEL07-SC,UOP02-DEL07-SC,2024
"610937,0",2024-06-29,sábado,20:30:00,SC,101,"382,4",ICARA,Condutor deixou de manter distância do veículo da frente,Colisão traseira,Com Vítimas Feridas,Plena Noite,Crescente,Céu Claro,Dupla,Reta;Declive,Não,4,0,1,0,3,0,1,2,-28.75966988,-49.28552404,SPRF-SC,DEL02-SC,UOP02-DEL02-SC,2024
"610942,0",2024-06-29,sábado,23:00:00,SC,470,"72,3",INDAIAL,Ausência de reação do condutor,Saída de leito carroçável,Sem Vítimas,Plena Noite,Crescente,Céu Claro,Dupla,Reta,Sim,1,0,0,0,0,1,0,1,-26.901979,-49.268745,SPRF-SC,DEL04-SC,UOP01-DEL04-SC,2024
"610948,0",2024-06-29,sábado,22:50:00,SC,101,"299,5",LAGUNA,Transitar no Acostamento,Colisão lateral mesmo sentido,Com Vítimas Feridas,Plena Noite,Decrescente,Céu Claro,Dupla,Reta,Não,2,0,0,1,0,1,1,2,-28.35561347,-48.74403,SPRF-SC,DEL02-SC,UOP03-DEL02-SC,2024
"610951,0",2024-06-30,domingo,00:55:00,SC,282,"4,9",SAO JOSE,Velocidade Incompatível,Colisão lateral mesmo sentido,Com Vítimas Feridas,Plena Noite,Decrescente,Nublado,Múltipla,Reta;Declive,Sim,2,0,1,0,1,0,1,1,-27.592646,-48.604034,SPRF-SC,DEL01-SC,UOP01-DEL01-SC,2024
"610985,0",2024-06-30,domingo,05:00:00,SC,282,"520,6",XAXIM,Ausência de reação do condutor,Colisão traseira,Com Vítimas Feridas,Plena Noite,Decrescente,Céu Claro,Simples,Rotatória,Sim,4,0,2,0,0,2,2,3,-26.950415,-52.526096,SPRF-SC,DEL07-SC,UOP01-DEL07-SC,2024
"611039,0",2024-06-30,domingo,12:45:00,SC,153,"94,0",CONCORDIA,Conversão proibida,Colisão transversal,Com Vítimas Feridas,Pleno dia,Decrescente,Céu Claro,Simples,Curva,Não,4,0,3,0,1,0,3,2,-27.200716,-51.940483,SPRF-SC,DEL07-SC,UOP04-DEL07-SC,2024
"611060,0",2024-06-30,domingo,14:19:00,SC,280,"22,4",ARAQUARI,Reação tardia ou ineficiente do condutor,Colisão traseira,Com Vítimas Feridas,Pleno dia,Crescente,Sol,Dupla,Reta,Sim,4,0,2,0,2,0,2,3,-26.37092616,-48.70204099,SPRF-SC,DEL03-SC,UOP03-DEL03-SC,2024
"611075,0",2024-06-30,domingo,16:05:00,SC,101,"144,0",ITAPEMA,Reação tardia ou ineficiente do condutor,Engavetamento,Com Vítimas Feridas,Pleno dia,Decrescente,Sol,Dupla,Reta,Sim,5,0,1,0,4,0,1,4,-27.0732659,-48.59672716,SPRF-SC,DEL04-SC,UOP03-DEL04-SC,2024
"611098,0",2024-06-30,domingo,18:05:00,SC,101,"124,1",ITAJAI,Trafegar com motocicleta (ou similar) entre as faixas,Colisão lateral mesmo sentido,Com Vítimas Feridas,Anoitecer,Decrescente,Nublado,Dupla,Curva,Não,2,0,1,0,1,0,1,2,-26.94335064,-48.69198648,SPRF-SC,DEL04-SC,UOP04-DEL04-SC,2024
"611101,0",2024-06-30,domingo,17:30:00,SC,282,"26,5",SANTO AMARO DA IMPERATRIZ,Acessar a via sem observar a presença dos outros veículos,Colisão transversal,Com Vítimas Feridas,Anoitecer,Decrescente,Céu Claro,Simples,Reta,Não,3,0,1,0,2,0,1,2,-27.680267,-48.762482,SPRF-SC,DEL01-SC,UOP03-DEL01-SC,2024
"611124,0",2024-06-30,domingo,19:50:00,SC,470,"146,2",RIO DO SUL,Transitar na contramão,Colisão frontal,Sem Vítimas,Plena Noite,Crescente,Céu Claro,Simples,Reta,Sim,2,0,0,0,2,0,0,2,-27.23906293,-49.68415618,SPRF-SC,DEL04-SC,UOP02-DEL04-SC,2024
"611127,0",2024-06-30,domingo,19:11:00,SC,101,"400,5",MARACAJA,Ingestão de álcool pelo condutor,Saída de leito carroçável,Sem Vítimas,Plena Noite,Crescente,Céu Claro,Múltipla,Reta,Não,1,0,0,0,1,0,0,1,-28.867989,-49.449936,SPRF-SC,DEL02-SC,UOP02-DEL02-SC,2024
"611137,0",2024-06-30,domingo,20:15:00,SC,101,"102,5",BALNEARIO PICARRAS,Pedestre - Ingestão de álcool/ substâncias psicoativas,Atropelamento de Pedestre,Com Vítimas Fatais,Plena Noite,Crescente,Céu Claro,Múltipla,Reta,Não,2,1,0,0,1,0,0,2,-26.7792202,-48.6847298,SPRF-SC,DEL03-SC,UOP02-DEL03-SC,2024
"611145,0",2024-06-30,domingo,17:00:00,SC,280,"1,4",DIONISIO CERQUEIRA,Ingestão de álcool pelo condutor,Saída de leito carroçável,Com Vítimas Fatais,Pleno dia,Decrescente,Sol,Simples,Reta;Em Obras,Sim,4,1,1,1,0,1,2,2,-26.2689942,-53.62901341,SPRF-SC,DEL03-SC,UOP03-DEL03-SC,2024
"611148,0",2024-06-30,domingo,20:15:00,SC,101,"1,3",GARUVA,Manobra de mudança de faixa,Colisão lateral mesmo sentido,Com Vítimas Feridas,Plena Noite,Crescente,Céu Claro,Múltipla,Reta,Não,3,0,3,0,0,0,3,2,-25.98895627,-48.88356133,SPRF-SC,DEL03-SC,UOP01-DEL03-SC,2024
"611153,0",2024-06-30,domingo,19:45:00,SC,101,"72,0",ARAQUARI,Entrada inopinada do pedestre,Atropelamento de Pedestre,Com Vítimas Feridas,Plena Noite,Crescente,Céu Claro,Dupla,Reta,Não,2,0,1,0,1,0,1,2,-26.52700004,-48.71551117,SPRF-SC,DEL03-SC,UOP02-DEL03-SC,2024
"611158,0",2024-06-30,domingo,22:15:00,SC,101,"205,0",SAO JOSE,Manobra de mudança de faixa,Colisão lateral mesmo sentido,Com Vítimas Feridas,Plena Noite,Decrescente,Nublado,Múltipla,Reta,Sim,2,0,1,0,1,0,1,2,-27.58313237,-48.61532885,SPRF-SC,DEL01-SC,UOP01-DEL01-SC,2024
"611165,0",2024-06-30,domingo,22:30:00,SC,101,"138,0",BALNEARIO CAMBORIU,Transitar na contramão,Colisão frontal,Com Vítimas Feridas,Plena Noite,Decrescente,Céu Claro,Múltipla,Reta,Sim,2,0,2,0,0,0,2,2,-27.02397426,-48.60761649,SPRF-SC,DEL04-SC,UOP03-DEL04-SC,2024
"611170,0",2024-06-30,domingo,23:19:00,SC,280,"28,0",ARAQUARI,Transitar na contramão,Colisão frontal,Com Vítimas Feridas,Plena Noite,Decrescente,Nublado,Simples,Reta,Não,2,0,1,0,1,0,1,2,-26.40450077,-48.74561031,SPRF-SC,DEL03-SC,UOP03-DEL03-SC,2024
"611208,0",2024-07-01,segunda-feira,07:15:00,SC,101,"132,7",BALNEARIO CAMBORIU,Reação tardia ou ineficiente do condutor,Tombamento,Com Vítimas Feridas,Pleno dia,Crescente,Céu Claro,Simples,Reta,Sim,1,0,0,1,0,0,1,1,-26.99654133,-48.65564711,SPRF-SC,DEL04-SC,UOP03-DEL04-SC,2024
"611216,0",2024-07-01,segunda-feira,01:40:00,SC,282,"419,0",VARGEM BONITA,Ingestão de álcool pelo condutor,Saída de leito carroçável,Sem Vítimas,Plena Noite,Crescente,Céu Claro,Simples,Curva,Não,1,0,0,0,1,0,0,1,-27.019398,-51.729195,SPRF-SC,DEL07-SC,UOP05-DEL07-SC,2024
"611221,0",2024-07-01,segunda-feira,00:01:00,SC,282,"435,2",VARGEM BONITA,Reação tardia ou ineficiente do condutor,Saída de leito carroçável,Com Vítimas Feridas,Plena Noite,Crescente,Nevoeiro/Neblina,Simples,Curva,Não,2,0,2,0,0,0,2,1,-26.9796699,-51.80489302,SPRF-SC,DEL07-SC,UOP04-DEL07-SC,2024
"611222,0",2024-06-30,domingo,18:00:00,SC,153,"15,9",AGUA DOCE,Acessar a via sem observar a presença dos outros veículos,Colisão transversal,Com Vítimas Feridas,Anoitecer,Decrescente,Céu Claro,Simples,Curva;Interseção de Vias,Não,3,0,0,2,1,0,2,2,-26.702927,-51.581104,SPRF-SC,DEL07-SC,UOP07-DEL07-SC,2024
"611230,0",2024-07-01,segunda-feira,07:50:00,SC,282,"3,8",SAO JOSE,Trafegar com motocicleta (ou similar) entre as faixas,Colisão lateral mesmo sentido,Com Vítimas Feridas,Pleno dia,Decrescente,Céu Claro,Dupla,Reta,Sim,3,0,1,0,2,0,1,2,-27.592646,-48.604034,SPRF-SC,DEL01-SC,UOP01-DEL01-SC,2024
"611255,0",2024-07-01,segunda-feira,11:30:00,SC,101,"215,7",PALHOCA,Acessar a via sem observar a presença dos outros veículos,Colisão lateral mesmo sentido,Com Vítimas Feridas,Pleno dia,Crescente,Céu Claro,Dupla,Interseção de Vias,Não,2,0,1,0,1,0,1,2,-27.65184843,-48.67604941,SPRF-SC,DEL01-SC,UOP02-DEL01-SC,2024
"611275,0",2024-07-01,segunda-feira,12:10:00,SC,163,"70,8",SAO MIGUEL DO OESTE,Desrespeitar a preferência no cruzamento,Colisão frontal,Com Vítimas Feridas,Pleno dia,Decrescente,Céu Claro,Dupla,Reta;Interseção de Vias,Sim,2,0,1,0,1,0,1,2,-26.73461723,-53.50680015,SPRF-SC,DEL07-SC,UOP03-DEL07-SC,2024
"611279,0",2024-07-01,segunda-feira,13:40:00,SC,101,"204,7",SAO JOSE,Condutor deixou de manter distância do veículo da frente,Colisão traseira,Com Vítimas Feridas,Pleno dia,Crescente,Céu Claro,Dupla,Reta,Sim,2,0,1,0,1,0,1,2,-27.57413014,-48.61363083,SPRF-SC,DEL01-SC,UOP01-DEL01-SC,2024
"611303,0",2024-07-01,segunda-feira,15:50:00,SC,470,"49,2",BLUMENAU,Conversão proibida,Colisão traseira,Com Vítimas Feridas,Pleno dia,Decrescente,Nublado,Múltipla,Em Obras;Interseção de Vias,Não,2,0,1,0,1,0,1,2,-26.860662,-49.065159,SPRF-SC,DEL04-SC,UOP01-DEL04-SC,2024
"611308,0",2024-07-01,segunda-feira,15:35:00,SC,101,"207,0",SAO JOSE,Condutor deixou de manter distância do veículo da frente,Colisão traseira,Com Vítimas Feridas,Pleno dia,Decrescente,Céu Claro,Múltipla,Declive;Reta,Sim,2,0,1,0,1,0,1,2,-27.60001226,-48.6226467,SPRF-SC,DEL01-SC,UOP01-DEL01-SC,2024
"611319,0",2024-07-01,segunda-feira,17:00:00,SC,101,"85,0",BARRA VELHA,Reação tardia ou ineficiente do condutor,Queda de ocupante de veículo,Com Vítimas Feridas,Anoitecer,Decrescente,Sol,Múltipla,Reta,Não,1,0,1,0,0,0,1,1,-26.62840879,-48.70813584,SPRF-SC,DEL03-SC,UOP02-DEL03-SC,2024
"611334,0",2024-07-01,segunda-feira,18:00:00,SC,470,"66,5",INDAIAL,Reação tardia ou ineficiente do condutor,Colisão transversal,Com Vítimas Feridas,Plena Noite,Crescente,Céu Claro,Simples,Interseção de Vias,Sim,2,0,1,0,1,0,1,2,-26.87004889,-49.22747994,SPRF-SC,DEL04-SC,UOP01-DEL04-SC,2024
"611346,0",2024-07-01,segunda-feira,17:30:00,SC,470,"3,0",NAVEGANTES,Manobra de mudança de faixa,Colisão lateral mesmo sentido,Com Vítimas Feridas,Plena Noite,Crescente,Nublado,Dupla,Reta,Não,2,0,0,1,1,0,1,2,-26.861937,-48.681618,SPRF-SC,DEL04-SC,UOP04-DEL04-SC,2024
"611359,0",2024-07-01,segunda-feira,19:28:00,SC,101,"258,1",GAROPABA,Acessar a via sem observar a presença dos outros veículos,Colisão traseira,Com Vítimas Feridas,Plena Noite,Decrescente,Céu Claro,Dupla,Reta;Aclive,Não,4,0,1,0,3,0,1,2,-28.07699803,-48.71234311,SPRF-SC,DEL02-SC,UOP03-DEL02-SC,2024
"611364,0",2024-07-01,segunda-feira,17:15:00,SC,153,"82,6",CONCORDIA,Transitar na contramão,Colisão frontal,Com Vítimas Feridas,Pleno dia,Decrescente,Céu Claro,Simples,Curva,Não,5,0,3,0,2,0,3,2,-27.122955,-51.926865,SPRF-SC,DEL07-SC,UOP04-DEL07-SC,2024
"611369,0",2024-07-01,segunda-feira,20:40:00,SC,101,"428,2",SOMBRIO,Pedestre andava na pista,Atropelamento de Pedestre,Com Vítimas Feridas,Plena Noite,Crescente,Ignorado,Múltipla,Reta,Não,2,0,0,1,0,1,1,2,-29.04956699,-49.6200943,SPRF-SC,DEL02-SC,UOP02-DEL02-SC,2024
"611380,0",2024-07-01,segunda-feira,22:10:00,SC,101,"333,7",TUBARAO,Ausência de reação do condutor,Colisão traseira,Sem Vítimas,Plena Noite,Decrescente,Céu Claro,Múltipla,Reta;Interseção de Vias,Sim,3,0,0,0,3,0,0,2,-28.46978534,-49.01518106,SPRF-SC,DEL02-SC,UOP01-DEL02-SC,2024
"611383,0",2024-07-01,segunda-feira,16:45:00,SC,280,"283,5",IRINEOPOLIS,Suicídio (presumido),Colisão traseira,Com Vítimas Fatais,Pleno dia,Decrescente,Céu Claro,Simples,Declive;Reta,Não,5,1,2,0,2,0,2,3,-26.294141,-50.856575,SPRF-SC,DEL06-SC,UOP04-DEL06-SC,2024
"611385,0",2024-07-01,segunda-feira,22:05:00,SC,282,"401,0",JOACABA,Ingestão de substâncias psicoativas pelo condutor,Saída de leito carroçável,Com Vítimas Feridas,Plena Noite,Decrescente,Céu Claro,Simples,Reta,Não,1,0,1,0,0,0,1,1,-27.098232,-51.651218,SPRF-SC,DEL07-SC,UOP05-DEL07-SC,2024
"611401,0",2024-07-02,terça-feira,00:05:00,SC,282,"353,0",CAMPOS NOVOS,Condutor Dormindo,Colisão frontal,Com Vítimas Feridas,Plena Noite,Decrescente,Céu Claro,Simples,Reta,Não,2,0,1,1,0,0,2,2,-27.35926631,-51.32529259,SPRF-SC,DEL07-SC,UOP06-DEL07-SC,2024
"611418,0",2024-07-02,terça-feira,07:15:00,SC,101,"201,6",SAO JOSE,Manobra de mudança de faixa,Colisão lateral mesmo sentido,Com Vítimas Feridas,Pleno dia,Crescente,Céu Claro,Múltipla,Reta,Sim,2,0,1,0,1,0,1,2,-27.54836599,-48.61977975,SPRF-SC,DEL01-SC,UOP01-DEL01-SC,2024
"611422,0",2024-07-02,terça-feira,07:10:00,SC,101,"137,0",BALNEARIO CAMBORIU,Trafegar com motocicleta (ou similar) entre as faixas,Colisão lateral mesmo sentido,Sem Vítimas,Pleno dia,Crescente,Nublado,Dupla,Reta,Sim,2,0,0,0,1,1,0,2,-27.0157238,-48.61192763,SPRF-SC,DEL04-SC,UOP03-DEL04-SC,2024
"611424,0",2024-07-02,terça-feira,07:10:00,SC,101,"154,2",PORTO BELO,Demais falhas mecânicas ou elétricas,Tombamento,Com Vítimas Feridas,Amanhecer,Crescente,Nublado,Dupla,Reta,Não,1,0,0,1,0,0,1,1,-27.153819,-48.61086393,SPRF-SC,DEL04-SC,UOP03-DEL04-SC,2024
"611435,0",2024-07-02,terça-feira,07:20:00,SC,470,"66,3",INDAIAL,Ultrapassagem Indevida,Colisão transversal,Com Vítimas Feridas,Pleno dia,Crescente,Céu Claro,Simples,Rotatória;Em Obras,Não,3,0,2,0,1,0,2,3,-26.87012373,-49.22745109,SPRF-SC,DEL04-SC,UOP01-DEL04-SC,2024
"611464,0",2024-07-02,terça-feira,10:35:00,SC,470,"87,1",ASCURRA,Conversão proibida,Colisão transversal,Com Vítimas Feridas,Pleno dia,Decrescente,Nublado,Simples,Aclive;Reta,Não,2,0,2,0,0,0,2,2,-26.95057659,-49.36928538,SPRF-SC,DEL04-SC,UOP01-DEL04-SC,2024
"611480,0",2024-07-02,terça-feira,12:50:00,SC,101,"97,4",BALNEARIO PICARRAS,Reação tardia ou ineficiente do condutor,Queda de ocupante de veículo,Com Vítimas Feridas,Pleno dia,Crescente,Céu Claro,Dupla,Reta;Aclive,Não,1,0,1,0,0,0,1,1,-26.72823703,-48.70224928,SPRF-SC,DEL03-SC,UOP02-DEL03-SC,2024
"611490,0",2024-07-02,terça-feira,12:30:00,SC,101,"208,2",SAO JOSE,Reação tardia ou ineficiente do condutor,Colisão com objeto,Com Vítimas Feridas,Pleno dia,Crescente,Céu Claro,Múltipla,Reta,Não,2,0,2,0,0,0,2,1,-27.60327979,-48.63201818,SPRF-SC,DEL01-SC,UOP01-DEL01-SC,2024
"611499,0",2024-07-02,terça-feira,13:35:00,SC,101,"134,0",BALNEARIO CAMBORIU,Desrespeitar a preferência no cruzamento,Colisão transversal,Com Vítimas Feridas,Pleno dia,Crescente,Céu Claro,Múltipla,Interseção de Vias;Rotatória,Sim,2,0,1,0,1,0,1,2,-27.00218,-48.636433,SPRF-SC,DEL04-SC,UOP03-DEL04-SC,2024
"611514,0",2024-07-02,terça-feira,16:00:00,SC,101,"276,3",IMBITUBA,Desrespeitar a preferência no cruzamento,Colisão com objeto,Com Vítimas Feridas,Pleno dia,Crescente,Céu Claro,Múltipla,Viaduto,Sim,3,0,1,0,2,0,1,2,-28.1466908,-48.69249523,SPRF-SC,DEL02-SC,UOP03-DEL02-SC,2024