id,data_inversa,dia_semana,horario,uf,br,km,municipio,causa_acidente,tipo_acidente,classificacao_acidente,fase_dia,sentido_via,condicao_metereologica,tipo_pista,tracado_via,uso_solo,pessoas,mortos,feridos_leves,feridos_graves,ilesos,ignorados,feridos,veiculos,latitude,longitude,regional,delegacia,uop,ano_arquivo
"612542,0",2024-07-06,sábado,15:50:00,SC,470,"157,8",TROMBUDO CENTRAL,Ausência de reação do condutor,Tombamento,Com Vítimas Feridas,Pleno dia,Decrescente,Chuva,Simples,Reta;Aclive,Não,2,0,1,0,1,0,1,1,-27.285425,-49.76881,SPRF-SC,DEL04-SC,UOP02-DEL04-SC,2024
"612557,0",2024-07-06,sábado,17:28:00,SC,282,"375,3",ERVAL VELHO,Reação tardia ou ineficiente do condutor,Saída de leito carroçável,Com Vítimas Feridas,Anoitecer,Decrescente,Chuva,Simples,Reta,Não,2,0,0,1,0,1,1,2,-27.228022,-51.456421,SPRF-SC,DEL07-SC,UOP05-DEL07-SC,2024
"612583,0",2024-07-06,sábado,18:25:00,SC,282,"52,1",AGUAS MORNAS,Chuva,Colisão frontal,Com Vítimas Feridas,Anoitecer,Crescente,Chuva,Simples,Curva;Aclive,Não,7,0,4,2,1,0,6,3,-27.696936,-48.964138,SPRF-SC,DEL01-SC,UOP03-DEL01-SC,2024
"612586,0",2024-07-06,sábado,17:50:00,SC,282,"550,0",NOVA ITABERABA,Neblina,Colisão frontal,Com Vítimas Feridas,Anoitecer,Decrescente,Nevoeiro/Neblina,Simples,Reta,Sim,4,0,2,1,1,0,3,2,-26.958057,-52.771416,SPRF-SC,DEL07-SC,UOP01-DEL07-SC,2024
"612598,0",2024-07-06,sábado,20:00:00,SC,470,"88,0",ASCURRA,Ingestão de álcool pelo condutor,Colisão com objeto,Sem Vítimas,Plena Noite,Decrescente,Garoa/Chuvisco,Simples,Reta;Ponte,Sim,1,0,0,0,1,0,0,1,-26.955355,-49.373169,SPRF-SC,DEL04-SC,UOP01-DEL04-SC,2024
"612606,0",2024-07-06,sábado,23:00:00,SC,470,"51,0",BLUMENAU,Acessar a via sem observar a presença dos outros veículos,Colisão transversal,Com Vítimas Feridas,Plena Noite,Decrescente,Garoa/Chuvisco,Múltipla,Reta,Sim,2,0,1,0,1,0,1,2,-26.862339,-49.084038,SPRF-SC,DEL04-SC,UOP01-DEL04-SC,2024
"612607,0",2024-07-06,sábado,21:30:00,SC,470,"30,0",GASPAR,Velocidade Incompatível,Saída de leito carroçável,Sem Vítimas,Plena Noite,Decrescente,Chuva,Dupla,Reta,Não,1,0,0,0,0,1,0,1,-26.893518,-48.914028,SPRF-SC,DEL04-SC,UOP01-DEL04-SC,2024
"612624,0",2024-07-06,sábado,22:45:00,SC,282,"397,5",JOACABA,Acessar a via sem observar a presença dos outros veículos,Colisão transversal,Com Vítimas Feridas,Plena Noite,Crescente,Chuva,Simples,Reta;Interseção de Vias,Não,3,0,0,1,1,1,1,3,-27.1507917,-51.60499334,SPRF-SC,DEL07-SC,UOP05-DEL07-SC,2024
"612627,0",2024-07-06,sábado,23:25:00,SC,282,"377,5",HERVAL DOESTE,Velocidade Incompatível,Capotamento,Com Vítimas Feridas,Plena Noite,Crescente,Chuva,Simples,Reta,Não,1,0,1,0,0,0,1,1,-27.216974,-51.470055,SPRF-SC,DEL07-SC,UOP05-DEL07-SC,2024
"612645,0",2024-07-07,domingo,02:00:00,SC,101,"327,4",CAPIVARI DE BAIXO,Acumulo de água sobre o pavimento,Capotamento,Com Vítimas Feridas,Plena Noite,Crescente,Chuva,Dupla,Declive;Reta,Não,3,0,3,0,0,0,3,1,-28.43023306,-48.95205197,SPRF-SC,DEL02-SC,UOP01-DEL02-SC,2024
"612663,0",2024-07-07,domingo,03:30:00,SC,101,"119,0",ITAJAI,Ingestão de álcool pelo condutor,Colisão com objeto,Com Vítimas Feridas,Plena Noite,Decrescente,Chuva,Múltipla,Reta,Sim,3,0,1,0,2,0,1,3,-26.9043179,-48.71555481,SPRF-SC,DEL04-SC,UOP04-DEL04-SC,2024
"612668,0",2024-07-07,domingo,04:00:00,SC,280,"80,0",CORUPA,Ingestão de álcool pelo condutor,Saída de leito carroçável,Sem Vítimas,Plena Noite,Crescente,Garoa/Chuvisco,Simples,Rotatória,Não,1,0,0,0,1,0,0,1,-26.44412189,-49.20975187,SPRF-SC,DEL06-SC,UOP03-DEL06-SC,2024
"612670,0",2024-07-07,domingo,04:20:00,SC,116,"210,7",PONTE ALTA,Ingestão de álcool pelo condutor,Saída de leito carroçável,Sem Vítimas,Plena Noite,Decrescente,Chuva,Simples,Aclive;Reta,Não,1,0,0,0,1,0,0,1,-27.508156,-50.365428,SPRF-SC,DEL05-SC,UOP03-DEL05-SC,2024
"612680,0",2024-07-07,domingo,06:10:00,SC,282,"18,3",PALHOCA,Ingestão de álcool pelo condutor,Colisão com objeto,Sem Vítimas,Plena Noite,Crescente,Garoa/Chuvisco,Simples,Reta,Sim,1,0,0,0,1,0,0,1,-27.672798,-48.694286,SPRF-SC,DEL01-SC,UOP02-DEL01-SC,2024
"612681,0",2024-07-06,sábado,20:00:00,SC,282,"48,2",AGUAS MORNAS,Chuva,Saída de leito carroçável,Sem Vítimas,Plena Noite,Crescente,Chuva,Simples,Aclive;Curva,Não,1,0,0,0,0,1,0,1,-27.714352,-48.938072,SPRF-SC,DEL01-SC,UOP03-DEL01-SC,2024
"612688,0",2024-07-07,domingo,05:30:00,SC,153,"61,7",IRANI,Reação tardia ou ineficiente do condutor,Saída de leito carroçável,Com Vítimas Feridas,Plena Noite,Decrescente,Chuva,Simples,Reta,Não,1,0,1,0,0,0,1,1,-26.978279,-51.865761,SPRF-SC,DEL07-SC,UOP04-DEL07-SC,2024
"612700,0",2024-07-07,domingo,06:45:00,SC,101,"103,0",BALNEARIO PICARRAS,Ingestão de álcool pelo condutor,Saída de leito carroçável,Sem Vítimas,Pleno dia,Decrescente,Céu Claro,Dupla,Reta,Não,1,0,0,0,1,0,0,1,-26.7832381,-48.68314632,SPRF-SC,DEL03-SC,UOP02-DEL03-SC,2024
"612704,0",2024-07-07,domingo,07:40:00,SC,282,"503,0",XANXERE,Ingestão de álcool pelo condutor,Saída de leito carroçável,Sem Vítimas,Pleno dia,Decrescente,Garoa/Chuvisco,Dupla,Aclive,Sim,1,0,0,0,1,0,0,1,-26.88368144,-52.40207965,SPRF-SC,DEL07-SC,UOP01-DEL07-SC,2024
"612717,0",2024-07-07,domingo,08:00:00,SC,101,"57,5",ARAQUARI,Velocidade Incompatível,Colisão com objeto,Com Vítimas Fatais,Pleno dia,Decrescente,Chuva,Dupla,Interseção de Vias;Curva,Não,5,1,4,0,0,0,4,1,-26.43795301,-48.8041234,SPRF-SC,DEL03-SC,UOP01-DEL03-SC,2024
"612720,0",2024-07-07,domingo,05:30:00,SC,480,"130,2",CHAPECO,Reação tardia ou ineficiente do condutor,Saída de leito carroçável,Sem Vítimas,Plena Noite,Crescente,Chuva,Dupla,Reta,Sim,1,0,0,0,0,1,0,1,-27.05534298,-52.63652069,SPRF-SC,DEL07-SC,UOP01-DEL07-SC,2024
"612724,0",2024-07-07,domingo,09:20:00,SC,280,"229,4",TRES BARRAS,Reação tardia ou ineficiente do condutor,Saída de leito carroçável,Com Vítimas Feridas,Pleno dia,Crescente,Chuva,Simples,Reta,Não,1,0,1,0,0,0,1,1,-26.18601731,-50.35213894,SPRF-SC,DEL06-SC,UOP04-DEL06-SC,2024
"612726,0",2024-07-07,domingo,08:25:00,SC,101,"138,0",BALNEARIO CAMBORIU,Velocidade Incompatível,Colisão com objeto,Com Vítimas Feridas,Pleno dia,Decrescente,Chuva,Múltipla,Curva,Não,1,0,0,1,0,0,1,1,-27.02397426,-48.60761649,SPRF-SC,DEL04-SC,UOP03-DEL04-SC,2024
"612736,0",2024-07-07,domingo,11:00:00,SC,280,"131,0",RIO NEGRINHO,Ultrapassagem Indevida,Colisão lateral mesmo sentido,Com Vítimas Feridas,Pleno dia,Crescente,Garoa/Chuvisco,Simples,Curva,Sim,2,0,1,0,1,0,1,2,-26.24317941,-49.51320018,SPRF-SC,DEL06-SC,UOP03-DEL06-SC,2024
"612749,0",2024-07-07,domingo,13:00:00,SC,282,"5,4",FLORIANOPOLIS,Velocidade Incompatível,Saída de leito carroçável,Sem Vítimas,Pleno dia,Decrescente,Chuva,Dupla,Curva,Sim,1,0,0,0,1,0,0,1,-27.588425,-48.612919,SPRF-SC,DEL01-SC,UOP01-DEL01-SC,2024
"612756,0",2024-07-07,domingo,12:05:00,SC,280,"128,0",RIO NEGRINHO,Retorno proibido,Colisão transversal,Sem Vítimas,Pleno dia,Decrescente,Garoa/Chuvisco,Simples,Reta,Sim,2,0,0,0,2,0,0,2,-26.24317941,-49.51320018,SPRF-SC,DEL06-SC,UOP03-DEL06-SC,2024
"612758,0",2024-07-07,domingo,12:30:00,SC,470,"291,1",CAMPOS NOVOS,Chuva,Saída de leito carroçável,Com Vítimas Feridas,Pleno dia,Decrescente,Chuva,Simples,Curva,Não,1,0,1,0,0,0,1,1,-27.337597,-50.97187,SPRF-SC,DEL07-SC,UOP06-DEL07-SC,2024
"612769,0",2024-07-07,domingo,13:00:00,SC,282,"388,6",JOACABA,Pista Escorregadia,Saída de leito carroçável,Sem Vítimas,Pleno dia,Decrescente,Chuva,Simples,Curva,Sim,1,0,0,0,1,0,0,1,-27.177313,-51.530122,SPRF-SC,DEL07-SC,UOP05-DEL07-SC,2024
"612783,0",2024-07-07,domingo,16:10:00,SC,101,"233,7",PALHOCA,Acumulo de água sobre o pavimento,Colisão com objeto,Com Vítimas Feridas,Pleno dia,Crescente,Chuva,Dupla,Curva,Não,4,0,1,1,2,0,2,1,-27.80376397,-48.63826211,SPRF-SC,DEL01-SC,UOP02-DEL01-SC,2024
"612794,0",2024-07-07,domingo,15:20:00,SC,116,"210,9",PONTE ALTA,Avarias e/ou desgaste excessivo no pneu,Saída de leito carroçável,Com Vítimas Feridas,Pleno dia,Crescente,Chuva,Simples,Curva,Não,2,0,1,1,0,0,2,1,-27.50285695,-50.36575969,SPRF-SC,DEL05-SC,UOP03-DEL05-SC,2024
"612804,0",2024-07-07,domingo,17:30:00,SC,280,"5,4",SAO FRANCISCO DO SUL,Acessar a via sem observar a presença dos outros veículos,Colisão transversal,Com Vítimas Feridas,Anoitecer,Crescente,Chuva,Simples,Interseção de Vias,Sim,4,0,2,0,2,0,2,2,-26.26011706,-48.62571995,SPRF-SC,DEL03-SC,UOP03-DEL03-SC,2024
"612812,0",2024-07-07,domingo,18:50:00,SC,470,"57,0",BLUMENAU,Mal súbito do condutor,Colisão com objeto,Com Vítimas Feridas,Anoitecer,Decrescente,Chuva,Simples,Curva,Sim,2,0,2,0,0,0,2,1,-26.880428,-49.136532,SPRF-SC,DEL04-SC,UOP01-DEL04-SC,2024
"612814,0",2024-07-07,domingo,16:35:00,SC,282,"212,2",LAGES,Desrespeitar a preferência no cruzamento,Colisão transversal,Sem Vítimas,Pleno dia,Decrescente,Chuva,Simples,Reta,Sim,2,0,0,0,2,0,0,2,-27.78282194,-50.25309563,SPRF-SC,DEL05-SC,UOP01-DEL05-SC,2024
"612846,0",2024-06-26,quarta-feira,06:40:00,SC,282,"3,5",FLORIANOPOLIS,Condutor deixou de manter distância do veículo da frente,Colisão traseira,Com Vítimas Feridas,Amanhecer,Decrescente,Chuva,Dupla,Reta,Sim,2,0,0,1,0,1,1,2,-27.59661655,-48.60102117,SPRF-SC,DEL01-SC,UOP01-DEL01-SC,2024
"612857,0",2024-07-07,domingo,13:45:00,SC,470,"348,5",CAMPOS NOVOS,Ingestão de álcool pelo condutor,Saída de leito carroçável,Sem Vítimas,Pleno dia,Decrescente,Chuva,Simples,Curva,Não,2,0,0,0,2,0,0,1,-27.549416,-51.44669,SPRF-SC,DEL07-SC,UOP06-DEL07-SC,2024
"612867,0",2024-07-07,domingo,18:10:00,SC,282,"309,6",VARGEM,Velocidade Incompatível,Saída de leito carroçável,Com Vítimas Feridas,Plena Noite,Decrescente,Chuva,Simples,Declive;Curva,Não,3,0,2,0,1,0,2,1,-27.49302592,-50.97136974,SPRF-SC,DEL07-SC,UOP06-DEL07-SC,2024
"612874,0",2024-07-07,domingo,17:30:00,SC,282,"396,0",JOACABA,Demais falhas mecânicas ou elétricas,Incêndio,Sem Vítimas,Anoitecer,Decrescente,Chuva,Simples,Reta,Não,1,0,0,0,1,0,0,1,-27.1504,-51.605823,SPRF-SC,DEL07-SC,UOP05-DEL07-SC,2024
"612907,0",2024-07-07,domingo,20:00:00,SC,101,"372,0",ICARA,Ingestão de álcool pelo condutor,Saída de leito carroçável,Sem Vítimas,Plena Noite,Decrescente,Chuva,Dupla,Reta,Não,1,0,0,0,1,0,0,1,-28.71407638,-49.22218323,SPRF-SC,DEL02-SC,UOP01-DEL02-SC,2024
"612918,0",2024-07-08,segunda-feira,01:20:00,SC,101,"100,0",BALNEARIO PICARRAS,Ingestão de álcool pelo condutor,Colisão frontal,Com Vítimas Feridas,Plena Noite,Decrescente,Chuva,Dupla,Reta,Sim,2,0,1,0,1,0,1,2,-26.75482787,-48.68993675,SPRF-SC,DEL03-SC,UOP02-DEL03-SC,2024
"612921,0",2024-07-08,segunda-feira,03:00:00,SC,101,"109,0",PENHA,Ingestão de álcool pelo condutor,Capotamento,Com Vítimas Feridas,Plena Noite,Crescente,Garoa/Chuvisco,Dupla,Curva,Não,1,0,1,0,0,0,1,1,-26.8333519,-48.69632106,SPRF-SC,DEL03-SC,UOP02-DEL03-SC,2024
"612925,0",2024-07-08,segunda-feira,03:00:00,SC,282,"1,7",FLORIANOPOLIS,Reação tardia ou ineficiente do condutor,Colisão com objeto,Com Vítimas Fatais,Plena Noite,Crescente,Chuva,Múltipla,Declive;Curva,Sim,1,1,0,0,0,0,0,1,-27.603016,-48.587868,SPRF-SC,DEL01-SC,UOP01-DEL01-SC,2024
"612930,0",2024-07-08,segunda-feira,04:51:00,SC,101,"192,0",BIGUACU,Reação tardia ou ineficiente do condutor,Colisão com objeto,Com Vítimas Feridas,Plena Noite,Crescente,Nevoeiro/Neblina,Dupla,Curva;Viaduto,Não,1,0,1,0,0,0,1,1,-27.48443781,-48.64765238,SPRF-SC,DEL01-SC,UOP01-DEL01-SC,2024
"612934,0",2024-07-07,domingo,21:00:00,SC,163,"73,6",SAO MIGUEL DO OESTE,Ausência de reação do condutor,Saída de leito carroçável,Com Vítimas Feridas,Plena Noite,Crescente,Nublado,Simples,Declive;Reta,Sim,1,0,1,0,0,0,1,1,-26.7054781,-53.51350307,SPRF-SC,DEL07-SC,UOP03-DEL07-SC,2024
"612957,0",2024-07-08,segunda-feira,07:40:00,SC,101,"199,0",BIGUACU,Reação tardia ou ineficiente do condutor,Colisão traseira,Com Vítimas Feridas,Pleno dia,Crescente,Nublado,Múltipla,Interseção de Vias,Sim,2,0,1,0,1,0,1,2,-27.53413705,-48.63003205,SPRF-SC,DEL01-SC,UOP01-DEL01-SC,2024
"612959,0",2024-07-08,segunda-feira,07:25:00,SC,101,"113,9",ITAJAI,Ausência de reação do condutor,Colisão traseira,Com Vítimas Feridas,Pleno dia,Decrescente,Nublado,Dupla,Reta,Não,2,0,1,0,1,0,1,2,-26.85311393,-48.72689927,SPRF-SC,DEL04-SC,UOP04-DEL04-SC,2024
"612977,0",2024-07-08,segunda-feira,08:40:00,SC,101,"75,0",BARRA VELHA,Demais falhas na via,Queda de ocupante de veículo,Com Vítimas Feridas,Pleno dia,Decrescente,Chuva,Dupla,Reta,Não,2,0,2,0,0,0,2,1,-26.5519717,-48.71688324,SPRF-SC,DEL03-SC,UOP02-DEL03-SC,2024
"613007,0",2024-07-08,segunda-feira,09:50:00,SC,116,"221,1",CORREIA PINTO,Acessar a via sem observar a presença dos outros veículos,Colisão lateral mesmo sentido,Com Vítimas Feridas,Pleno dia,Crescente,Nublado,Simples,Reta,Não,2,0,1,0,1,0,1,2,-27.58573399,-50.36555188,SPRF-SC,DEL05-SC,UOP03-DEL05-SC,2024
"613019,0",2024-07-08,segunda-feira,13:50:00,SC,101,"87,0",BARRA VELHA,Condutor deixou de manter distância do veículo da frente,Colisão traseira,Com Vítimas Feridas,Pleno dia,Crescente,Nublado,Simples,Interseção de Vias,Não,2,0,1,0,0,1,1,2,-26.63713377,-48.69651057,SPRF-SC,DEL03-SC,UOP02-DEL03-SC,2024
"613047,0",2024-07-08,segunda-feira,13:20:00,SC,282,"463,0",PONTE SERRADA,Acessar a via sem observar a presença dos outros veículos,Colisão transversal,Com Vítimas Feridas,Pleno dia,Crescente,Nublado,Dupla,Rotatória,Sim,3,0,2,0,1,0,2,2,-26.85609253,-52.0318079,SPRF-SC,DEL07-SC,UOP04-DEL07-SC,2024
"613048,0",2024-07-08,segunda-feira,14:00:00,SC,282,"46,1",AGUAS MORNAS,Ingestão de álcool pelo condutor,Saída de leito carroçável,Com Vítimas Feridas,Pleno dia,Decrescente,Nublado,Simples,Curva;Declive,Não,2,0,2,0,0,0,2,1,-27.721045,-48.92711,SPRF-SC,DEL01-SC,UOP03-DEL01-SC,2024
"613055,0",2024-07-08,segunda-feira,11:50:00,SC,101,"6,0",GARUVA,Velocidade Incompatível,Saída de leito carroçável,Com Vítimas Feridas,Pleno dia,Crescente,Nublado,Dupla,Reta,Sim,1,0,1,0,0,0,1,1,-26.02692002,-48.86142017,SPRF-SC,DEL03-SC,UOP01-DEL03-SC,2024
"613070,0",2024-07-08,segunda-feira,17:50:00,SC,280,"28,0",ARAQUARI,Transitar no Acostamento,Colisão transversal,Com Vítimas Feridas,Plena Noite,Crescente,Garoa/Chuvisco,Simples,Interseção de Vias;Reta,Sim,2,0,0,1,1,0,1,2,-26.40450077,-48.74561031,SPRF-SC,DEL03-SC,UOP03-DEL03-SC,2024
"613078,0",2024-07-08,segunda-feira,18:00:00,SC,116,"140,9",SANTA CECILIA,Acessar a via sem observar a presença dos outros veículos,Colisão transversal,Sem Vítimas,Plena Noite,Crescente,Chuva,Simples,Reta,Sim,2,0,0,0,2,0,0,2,-26.96625517,-50.40928315,SPRF-SC,DEL06-SC,UOP02-DEL06-SC,2024
"613090,0",2024-07-08,segunda-feira,19:00:00,SC,101,"206,0",SAO JOSE,Condutor deixou de manter distância do veículo da frente,Colisão lateral mesmo sentido,Com Vítimas Feridas,Plena Noite,Decrescente,Céu Claro,Múltipla,Reta,Não,3,0,1,0,2,0,1,2,-27.59193546,-48.61824557,SPRF-SC,DEL01-SC,UOP01-DEL01-SC,2024
"613095,0",2024-07-08,segunda-feira,17:30:00,SC,116,"238,2",LAGES,Reação tardia ou ineficiente do condutor,Colisão com objeto,Com Vítimas Feridas,Anoitecer,Decrescente,Garoa/Chuvisco,Simples,Rotatória;Interseção de Vias,Não,2,0,2,0,0,0,2,1,-27.75024044,-50.3352356,SPRF-SC,DEL05-SC,UOP01-DEL05-SC,2024
"613108,0",2024-07-08,segunda-feira,18:30:00,SC,101,"158,0",PORTO BELO,Reação tardia ou ineficiente do condutor,Colisão traseira,Com Vítimas Feridas,Plena Noite,Crescente,Céu Claro,Dupla,Retorno Regulamentado,Sim,2,0,1,0,1,0,1,2,-27.19096301,-48.61259017,SPRF-SC,DEL04-SC,UOP03-DEL04-SC,2024
"613113,0",2024-07-08,segunda-feira,18:10:00,SC,163,"68,5",SAO MIGUEL DO OESTE,Animais na Pista,Atropelamento de Animal,Com Vítimas Feridas,Anoitecer,Crescente,Garoa/Chuvisco,Dupla,Declive;Reta;Interseção de Vias,Sim,3,0,1,0,1,1,1,3,-26.74522714,-53.50097179,SPRF-SC,DEL07-SC,UOP03-DEL07-SC,2024
"613114,0",2024-07-08,segunda-feira,20:25:00,SC,470,"66,5",INDAIAL,Ausência de reação do condutor,Tombamento,Com Vítimas Feridas,Plena Noite,Crescente,Ignorado,Simples,Rotatória;Em Obras,Sim,1,0,1,0,0,0,1,1,-26.87025771,-49.22781587,SPRF-SC,DEL04-SC,UOP01-DEL04-SC,2024
"613146,0",2024-07-08,segunda-feira,23:05:00,SC,101,"116,8",ITAJAI,Trafegar com motocicleta (ou similar) entre as faixas,Colisão lateral mesmo sentido,Com Vítimas Feridas,Plena Noite,Crescente,Nublado,Múltipla,Reta,Sim,1,0,1,0,0,0,1,1,-26.87905605,-48.72603512,SPRF-SC,DEL04-SC,UOP04-DEL04-SC,2024
"613163,0",2024-07-09,terça-feira,05:30:00,SC,470,"64,8",INDAIAL,Ingestão de álcool pelo condutor,Saída de leito carroçável,Com Vítimas Feridas,Plena Noite,Crescente,Garoa/Chuvisco,Simples,Declive;Em Obras,Sim,1,0,1,0,0,0,1,1,-26.86976005,-49.201895,SPRF-SC,DEL04-SC,UOP01-DEL04-SC,2024
"613177,0",2024-07-09,terça-feira,07:30:00,SC,101,"41,0",JOINVILLE,Acumulo de água sobre o pavimento,Tombamento,Com Vítimas Feridas,Pleno dia,Decrescente,Chuva,Múltipla,Reta;Declive,Sim,1,0,1,0,0,0,1,1,-26.31781248,-48.87233198,SPRF-SC,DEL03-SC,UOP01-DEL03-SC,2024
"613179,0",2024-07-09,terça-feira,08:00:00,SC,101,"211,1",PALHOCA,Manobra de mudança de faixa,Colisão lateral mesmo sentido,Com Vítimas Feridas,Pleno dia,Decrescente,Garoa/Chuvisco,Múltipla,Reta,Sim,2,0,0,1,1,0,1,2,-27.62329313,-48.65245588,SPRF-SC,DEL01-SC,UOP02-DEL01-SC,2024
"613185,0",2024-07-09,terça-feira,06:57:00,SC,480,"127,3",CHAPECO,Pedestre cruzava a pista fora da faixa,Atropelamento de Pedestre,Com Vítimas Feridas,Amanhecer,Crescente,Nevoeiro/Neblina,Dupla,Reta,Sim,3,0,0,1,1,1,1,2,-27.03462555,-52.63352394,SPRF-SC,DEL07-SC,UOP01-DEL07-SC,2024
"613201,0",2024-07-09,terça-feira,07:00:00,SC,280,"32,6",ARAQUARI,Desrespeitar a preferência no cruzamento,Atropelamento de Pedestre,Com Vítimas Feridas,Pleno dia,Crescente,Garoa/Chuvisco,Simples,Reta,Não,2,0,1,0,1,0,1,2,-26.420618,-48.779335,SPRF-SC,DEL03-SC,UOP03-DEL03-SC,2024
"613203,0",2024-07-09,terça-feira,07:50:00,SC,116,"115,0",SANTA CECILIA,Reação tardia ou ineficiente do condutor,Colisão com objeto,Com Vítimas Feridas,Pleno dia,Decrescente,Garoa/Chuvisco,Simples,Curva,Não,1,0,1,0,0,0,1,1,-26.80262399,-50.33936901,SPRF-SC,DEL06-SC,UOP02-DEL06-SC,2024
"613209,0",2024-07-09,terça-feira,06:50:00,SC,280,"46,5",GUARAMIRIM,Acessar a via sem observar a presença dos outros veículos,Colisão transversal,Com Vítimas Feridas,Amanhecer,Crescente,Chuva,Simples,Reta;Em Obras,Não,2,0,0,1,1,0,1,2,-26.45295055,-48.90788103,SPRF-SC,DEL03-SC,UOP03-DEL03-SC,2024
"613210,0",2024-07-09,terça-feira,10:00:00,SC,470,"45,0",GASPAR,Trafegar com motocicleta (ou similar) entre as faixas,Colisão transversal,Com Vítimas Feridas,Pleno dia,Crescente,Nublado,Simples,Reta;Em Obras,Sim,2,0,1,0,1,0,1,2,-26.86602749,-49.03228283,SPRF-SC,DEL04-SC,UOP01-DEL04-SC,2024
"613218,0",2024-07-09,terça-feira,07:10:00,SC,163,"71,0",SAO MIGUEL DO OESTE,Entrada inopinada do pedestre,Atropelamento de Pedestre,Com Vítimas Feridas,Pleno dia,Decrescente,Nevoeiro/Neblina,Dupla,Interseção de Vias,Sim,2,0,1,0,1,0,1,2,-26.72868909,-53.51236582,SPRF-SC,DEL07-SC,UOP03-DEL07-SC,2024
"613269,0",2024-07-09,terça-feira,13:12:00,SC,282,"533,2",CORDILHEIRA ALTA,Reação tardia ou ineficiente do condutor,Saída de leito carroçável,Sem Vítimas,Pleno dia,Crescente,Nublado,Simples,Declive;Curva,Não,2,0,0,0,2,0,0,2,-26.99488924,-52.62731731,SPRF-SC,DEL07-SC,UOP01-DEL07-SC,2024
"613296,0",2024-07-07,domingo,00:12:00,SC,282,"556,3",NOVA ITABERABA,Ingestão de álcool pelo condutor,Saída de leito carroçável,Sem Vítimas,Plena Noite,Crescente,Chuva,Simples,Interseção de Vias;Curva,Não,4,0,0,0,4,0,0,1,-26.932056,-52.814853,SPRF-SC,DEL07-SC,UOP01-DEL07-SC,2024
"613307,0",2024-07-09,terça-feira,18:00:00,SC,470,"146,0",RIO DO SUL,Desrespeitar a preferência no cruzamento,Colisão transversal,Com Vítimas Feridas,Plena Noite,Decrescente,Chuva,Simples,Retorno Regulamentado,Sim,2,0,1,0,1,0,1,2,-27.240673,-49.685822,SPRF-SC,DEL04-SC,UOP02-DEL04-SC,2024
"613312,0",2024-07-09,terça-feira,19:00:00,SC,101,"157,0",PORTO BELO,Ausência de reação do condutor,Colisão com objeto,Com Vítimas Feridas,Plena Noite,Decrescente,Chuva,Múltipla,Reta,Não,2,0,1,0,1,0,1,1,-27.181625,-48.6121179,SPRF-SC,DEL04-SC,UOP03-DEL04-SC,2024
"613320,0",2024-07-09,terça-feira,19:15:00,SC,282,"16,4",PALHOCA,Desrespeitar a preferência no cruzamento,Colisão transversal,Com Vítimas Feridas,Plena Noite,Decrescente,Chuva,Simples,Reta,Não,3,0,2,0,1,0,2,2,-27.658611,-48.681847,SPRF-SC,DEL01-SC,UOP02-DEL01-SC,2024
"613326,0",2024-07-07,domingo,16:50:00,SC,282,"551,7",NOVA ITABERABA,Transitar na contramão,Colisão frontal,Com Vítimas Feridas,Anoitecer,Decrescente,Chuva,Simples,Curva;Aclive,Não,5,0,4,0,1,0,4,2,-26.951487,-52.778172,SPRF-SC,DEL07-SC,UOP01-DEL07-SC,2024
"613345,0",2024-07-09,terça-feira,21:05:00,SC,101,"137,0",BALNEARIO CAMBORIU,Chuva,Queda de ocupante de veículo,Com Vítimas Feridas,Plena Noite,Crescente,Chuva,Dupla,Reta,Sim,1,0,1,0,0,0,1,1,-27.0157238,-48.61192763,SPRF-SC,DEL04-SC,UOP03-DEL04-SC,2024
"613347,0",2024-07-09,terça-feira,10:40:00,SC,280,"24,2",ARAQUARI,Ausência de reação do condutor,Tombamento,Com Vítimas Feridas,Pleno dia,Crescente,Chuva,Simples,Reta,Sim,1,0,1,0,0,0,1,1,-26.37724921,-48.71953282,SPRF-SC,DEL03-SC,UOP03-DEL03-SC,2024
"613348,0",2024-07-09,terça-feira,21:10:00,SC,101,"190,8",BIGUACU,Pista Escorregadia,Colisão com objeto,Com Vítimas Feridas,Plena Noite,Decrescente,Chuva,Dupla,Curva,Sim,2,0,1,0,1,0,1,1,-27.468056,-48.641712,SPRF-SC,DEL01-SC,UOP01-DEL01-SC,2024
"613351,0",2024-07-09,terça-feira,15:00:00,SC,101,"245,0",PAULO LOPES,Velocidade Incompatível,Saída de leito carroçável,Com Vítimas Feridas,Pleno dia,Decrescente,Chuva,Dupla,Reta,Não,2,0,2,0,0,0,2,1,-27.901682,-48.64892,SPRF-SC,DEL02-SC,UOP03-DEL02-SC,2024
"613376,0",2024-07-10,quarta-feira,01:00:00,SC,101,"377,9",ICARA,Chuva,Saída de leito carroçável,Com Vítimas Feridas,Plena Noite,Crescente,Chuva,Dupla,Reta,Não,1,0,1,0,0,0,1,1,-28.74926202,-49.26624839,SPRF-SC,DEL02-SC,UOP01-DEL02-SC,2024
"613379,0",2024-07-10,quarta-feira,00:10:00,SC,101,"257,0",PAULO LOPES,Chuva,Tombamento,Com Vítimas Feridas,Plena Noite,Decrescente,Chuva,Dupla,Curva,Não,1,0,1,0,0,0,1,1,-27.99701205,-48.68755194,SPRF-SC,DEL02-SC,UOP03-DEL02-SC,2024
"613393,0",2024-07-10,quarta-feira,06:13:00,SC,101,"67,1",ARAQUARI,Reação tardia ou ineficiente do condutor,Tombamento,Com Vítimas Fatais,Plena Noite,Crescente,Chuva,Dupla,Reta,Não,2,1,0,0,1,0,0,2,-26.4886267,-48.734316,SPRF-SC,DEL03-SC,UOP02-DEL03-SC,2024