id,data_inversa,dia_semana,horario,uf,br,km,municipio,causa_acidente,tipo_acidente,classificacao_acidente,fase_dia,sentido_via,condicao_metereologica,tipo_pista,tracado_via,uso_solo,pessoas,mortos,feridos_leves,feridos_graves,ilesos,ignorados,feridos,veiculos,latitude,longitude,regional,delegacia,uop,ano_arquivo
"616598,0",2024-07-24,quarta-feira,14:10:00,SC,101,"418,7",ARARANGUA,Condutor deixou de manter distância do veículo da frente,Colisão traseira,Com Vítimas Feridas,Pleno dia,Decrescente,Céu Claro,Múltipla,Aclive;Viaduto;Reta,Sim,2,0,1,0,1,0,1,2,-28.99034883,-49.54705238,SPRF-SC,DEL02-SC,UOP02-DEL02-SC,2024
"616599,0",2024-07-24,quarta-feira,16:30:00,SC,280,"84,0",CORUPA,Reação tardia ou ineficiente do condutor,Saída de leito carroçável,Com Vítimas Feridas,Pleno dia,Crescente,Céu Claro,Simples,Reta,Sim,1,0,1,0,0,0,1,1,-26.43589072,-49.24351466,SPRF-SC,DEL06-SC,UOP03-DEL06-SC,2024
"616602,0",2024-07-24,quarta-feira,17:40:00,SC,101,"210,0",SAO JOSE,Reação tardia ou ineficiente do condutor,Colisão transversal,Com Vítimas Feridas,Anoitecer,Crescente,Céu Claro,Simples,Interseção de Vias,Sim,2,0,2,0,0,0,2,2,-27.6167305,-48.6457265,SPRF-SC,DEL01-SC,UOP01-DEL01-SC,2024
"616626,0",2024-07-24,quarta-feira,13:10:00,SC,101,"415,3",ARARANGUA,Ausência de reação do condutor,Colisão traseira,Com Vítimas Feridas,Pleno dia,Decrescente,Sol,Múltipla,Reta,Sim,2,0,1,0,1,0,1,2,-28.96040535,-49.51653267,SPRF-SC,DEL02-SC,UOP02-DEL02-SC,2024
"616638,0",2024-07-24,quarta-feira,20:00:00,SC,470,"145,0",RIO DO SUL,Ingestão de álcool pelo condutor,Colisão frontal,Com Vítimas Feridas,Plena Noite,Decrescente,Céu Claro,Simples,Reta;Em Obras,Sim,2,0,1,0,1,0,1,2,-27.237301,-49.682217,SPRF-SC,DEL04-SC,UOP02-DEL04-SC,2024
"616640,0",2024-07-24,quarta-feira,18:30:00,SC,282,"560,5",NOVA ITABERABA,Transitar na contramão,Colisão frontal,Com Vítimas Feridas,Anoitecer,Crescente,Céu Claro,Simples,Declive;Reta,Não,2,0,0,1,1,0,1,2,-26.92610389,-52.84898579,SPRF-SC,DEL07-SC,UOP01-DEL07-SC,2024
"616655,0",2024-07-24,quarta-feira,18:00:00,SC,282,"535,0",CHAPECO,Acessar a via sem observar a presença dos outros veículos,Colisão transversal,Com Vítimas Feridas,Anoitecer,Decrescente,Céu Claro,Simples,Reta,Não,2,0,1,0,1,0,1,2,-26.998245,-52.643768,SPRF-SC,DEL07-SC,UOP01-DEL07-SC,2024
"616656,0",2024-07-24,quarta-feira,21:10:00,SC,280,"57,0",GUARAMIRIM,Condutor deixou de manter distância do veículo da frente,Colisão traseira,Sem Vítimas,Pleno dia,Crescente,Garoa/Chuvisco,Simples,Viaduto,Sim,2,0,0,0,1,1,0,2,-26.47811421,-49.01259213,SPRF-SC,DEL03-SC,UOP03-DEL03-SC,2024
"616727,0",2024-07-25,quinta-feira,08:00:00,SC,280,"128,9",RIO NEGRINHO,Acessar a via sem observar a presença dos outros veículos,Colisão transversal,Com Vítimas Feridas,Pleno dia,Crescente,Nevoeiro/Neblina,Simples,Rotatória,Sim,2,0,1,0,1,0,1,2,-26.24317941,-49.51320018,SPRF-SC,DEL06-SC,UOP03-DEL06-SC,2024
"616742,0",2024-07-25,quinta-feira,10:00:00,SC,101,"206,5",SAO JOSE,Frear bruscamente,Queda de ocupante de veículo,Com Vítimas Feridas,Pleno dia,Crescente,Céu Claro,Dupla,Reta,Sim,1,0,1,0,0,0,1,1,-27.59193546,-48.61824557,SPRF-SC,DEL01-SC,UOP01-DEL01-SC,2024
"616773,0",2024-07-25,quinta-feira,13:40:00,SC,101,"209,2",FLORIANOPOLIS,Mal súbito do condutor,Tombamento,Com Vítimas Feridas,Pleno dia,Decrescente,Céu Claro,Dupla,Reta,Não,1,0,1,0,0,0,1,1,-27.61000542,-48.63895057,SPRF-SC,DEL01-SC,UOP01-DEL01-SC,2024
"616806,0",2024-07-25,quinta-feira,15:40:00,SC,101,"148,0",ITAPEMA,Ausência de reação do condutor,Engavetamento,Com Vítimas Feridas,Pleno dia,Decrescente,Céu Claro,Dupla,Declive,Sim,3,0,1,0,2,0,1,3,-27.10123686,-48.61807962,SPRF-SC,DEL04-SC,UOP03-DEL04-SC,2024
"616821,0",2024-07-25,quinta-feira,08:00:00,SC,282,"88,4",ALFREDO WAGNER,Reação tardia ou ineficiente do condutor,Saída de leito carroçável,Com Vítimas Feridas,Pleno dia,Crescente,Céu Claro,Simples,Reta,Não,1,0,1,0,0,0,1,1,-27.67198,-49.208591,SPRF-SC,DEL01-SC,UOP03-DEL01-SC,2024
"616845,0",2024-07-25,quinta-feira,18:40:00,SC,480,"124,0",CHAPECO,Condutor deixou de manter distância do veículo da frente,Colisão traseira,Sem Vítimas,Anoitecer,Decrescente,Céu Claro,Dupla,Aclive;Reta,Sim,4,0,0,0,4,0,0,2,-27.00359519,-52.64391044,SPRF-SC,DEL07-SC,UOP01-DEL07-SC,2024
"616849,0",2024-07-25,quinta-feira,17:30:00,SC,101,"208,1",SAO JOSE,Condutor deixou de manter distância do veículo da frente,Engavetamento,Com Vítimas Feridas,Anoitecer,Crescente,Céu Claro,Múltipla,Reta,Sim,4,0,1,0,2,1,1,4,-27.60327979,-48.63201818,SPRF-SC,DEL01-SC,UOP01-DEL01-SC,2024
"616861,0",2024-07-25,quinta-feira,15:00:00,SC,470,"319,0",CAMPOS NOVOS,Desrespeitar a preferência no cruzamento,Colisão transversal,Com Vítimas Feridas,Pleno dia,Crescente,Céu Claro,Simples,Reta,Sim,2,0,1,0,1,0,1,2,-27.409864,-51.224949,SPRF-SC,DEL07-SC,UOP06-DEL07-SC,2024
"616866,0",2024-07-25,quinta-feira,16:40:00,SC,282,"630,0",DESCANSO,Acessar a via sem observar a presença dos outros veículos,Colisão transversal,Com Vítimas Feridas,Pleno dia,Crescente,Céu Claro,Simples,Reta,Não,3,0,1,0,2,0,1,2,-26.822149,-53.384697,SPRF-SC,DEL07-SC,UOP03-DEL07-SC,2024
"616869,0",2024-07-25,quinta-feira,19:40:00,SC,282,"1,9",FLORIANOPOLIS,Trafegar com motocicleta (ou similar) entre as faixas,Colisão lateral mesmo sentido,Com Vítimas Feridas,Plena Noite,Crescente,Céu Claro,Dupla,Reta,Sim,2,0,1,0,1,0,1,2,-27.602955,-48.580509,SPRF-SC,DEL01-SC,UOP01-DEL01-SC,2024
"616890,0",2024-07-25,quinta-feira,19:23:00,SC,470,"57,2",BLUMENAU,Pista Escorregadia,Tombamento,Com Vítimas Feridas,Plena Noite,Crescente,Céu Claro,Simples,Reta,Sim,1,0,1,0,0,0,1,1,-26.880428,-49.136532,SPRF-SC,DEL04-SC,UOP01-DEL04-SC,2024
"616897,0",2024-07-25,quinta-feira,21:05:00,SC,101,"455,0",SAO JOAO DO SUL,Velocidade Incompatível,Colisão lateral sentido oposto,Com Vítimas Feridas,Plena Noite,Crescente,Ignorado,Simples,Interseção de Vias;Reta,Sim,2,0,0,1,1,0,1,2,-29.21997626,-49.75922585,SPRF-SC,DEL02-SC,UOP02-DEL02-SC,2024
"616906,0",2024-07-26,sexta-feira,04:45:00,SC,280,"130,0",RIO NEGRINHO,Acessar a via sem observar a presença dos outros veículos,Colisão transversal,Com Vítimas Feridas,Plena Noite,Decrescente,Céu Claro,Simples,Declive;Reta,Sim,2,0,0,1,1,0,1,2,-26.2530246,-49.52924913,SPRF-SC,DEL06-SC,UOP03-DEL06-SC,2024
"616920,0",2024-07-26,sexta-feira,06:30:00,SC,101,"138,0",BALNEARIO CAMBORIU,Acessar a via sem observar a presença dos outros veículos,Atropelamento de Pedestre,Com Vítimas Feridas,Pleno dia,Decrescente,Nublado,Dupla,Reta,Sim,2,0,1,0,0,1,1,2,-27.02397426,-48.60761649,SPRF-SC,DEL04-SC,UOP03-DEL04-SC,2024
"616932,0",2024-07-26,sexta-feira,08:00:00,SC,101,"199,1",SAO JOSE,Reação tardia ou ineficiente do condutor,Colisão traseira,Com Vítimas Feridas,Pleno dia,Crescente,Nublado,Múltipla,Reta,Não,3,0,0,1,2,0,1,2,-27.53413705,-48.63003205,SPRF-SC,DEL01-SC,UOP01-DEL01-SC,2024
"616939,0",2024-07-26,sexta-feira,08:30:00,SC,101,"205,0",SAO JOSE,Reação tardia ou ineficiente do condutor,Colisão traseira,Sem Vítimas,Pleno dia,Crescente,Nublado,Múltipla,Reta,Sim,3,0,0,0,3,0,0,2,-27.58313237,-48.61532885,SPRF-SC,DEL01-SC,UOP01-DEL01-SC,2024
"616951,0",2024-07-26,sexta-feira,09:25:00,SC,101,"196,0",BIGUACU,Ausência de reação do condutor,Colisão traseira,Com Vítimas Feridas,Pleno dia,Crescente,Nublado,Múltipla,Reta,Sim,2,0,1,0,1,0,1,2,-27.51101091,-48.64322292,SPRF-SC,DEL01-SC,UOP01-DEL01-SC,2024
"616975,0",2024-07-26,sexta-feira,11:20:00,SC,101,"176,6",BIGUACU,Ausência de reação do condutor,Saída de leito carroçável,Sem Vítimas,Pleno dia,Crescente,Nublado,Dupla,Reta,Não,1,0,0,0,1,0,0,1,-27.34661396,-48.63300917,SPRF-SC,DEL01-SC,UOP01-DEL01-SC,2024
"616987,0",2024-07-26,sexta-feira,10:10:00,SC,470,"341,8",CAMPOS NOVOS,Desrespeitar a preferência no cruzamento,Colisão transversal,Com Vítimas Feridas,Pleno dia,Crescente,Céu Claro,Simples,Reta;Interseção de Vias,Não,2,0,2,0,0,0,2,2,-27.52958492,-51.38889313,SPRF-SC,DEL07-SC,UOP06-DEL07-SC,2024
"616989,0",2024-07-23,terça-feira,17:30:00,SC,101,"133,7",BALNEARIO CAMBORIU,Acessar a via sem observar a presença dos outros veículos,Colisão lateral mesmo sentido,Com Vítimas Feridas,Anoitecer,Decrescente,Nublado,Múltipla,Reta,Sim,2,0,1,0,1,0,1,2,-26.99936,-48.64609,SPRF-SC,DEL04-SC,UOP03-DEL04-SC,2024
"616991,0",2024-07-26,sexta-feira,12:30:00,SC,280,"22,9",ARAQUARI,Ultrapassagem Indevida,Colisão lateral mesmo sentido,Com Vítimas Feridas,Pleno dia,Decrescente,Céu Claro,Simples,Reta,Sim,4,0,3,0,1,0,3,2,-26.37092616,-48.70204099,SPRF-SC,DEL03-SC,UOP03-DEL03-SC,2024
"617007,0",2024-07-26,sexta-feira,14:25:00,SC,101,"119,0",ITAJAI,Ultrapassagem Indevida,Colisão lateral mesmo sentido,Com Vítimas Feridas,Pleno dia,Decrescente,Céu Claro,Múltipla,Reta,Sim,3,0,1,0,2,0,1,3,-26.9043179,-48.71555481,SPRF-SC,DEL04-SC,UOP04-DEL04-SC,2024
"617022,0",2024-07-26,sexta-feira,14:20:00,SC,101,"47,0",AGUAS MORNAS,Condutor deixou de manter distância do veículo da frente,Colisão traseira,Sem Vítimas,Pleno dia,Crescente,Céu Claro,Simples,Aclive;Reta,Não,2,0,0,0,2,0,0,2,-27.695202,-48.967795,SPRF-SC,DEL03-SC,UOP01-DEL03-SC,2024
"617032,0",2024-07-26,sexta-feira,16:25:00,SC,470,"53,5",BLUMENAU,Transitar no Acostamento,Colisão lateral sentido oposto,Com Vítimas Feridas,Pleno dia,Crescente,Céu Claro,Simples,Declive;Reta,Sim,2,0,0,1,1,0,1,2,-26.86887956,-49.10500288,SPRF-SC,DEL04-SC,UOP01-DEL04-SC,2024
"617034,0",2024-07-26,sexta-feira,15:40:00,SC,280,"227,7",CANOINHAS,Ausência de reação do condutor,Colisão traseira,Sem Vítimas,Pleno dia,Crescente,Céu Claro,Simples,Reta,Não,2,0,0,0,2,0,0,2,-26.18271156,-50.33250707,SPRF-SC,DEL06-SC,UOP04-DEL06-SC,2024
"617049,0",2024-07-26,sexta-feira,17:05:00,SC,116,"4,4",MAFRA,Acessar a via sem observar a presença dos outros veículos,Colisão lateral mesmo sentido,Sem Vítimas,Anoitecer,Decrescente,Céu Claro,Simples,Reta;Aclive,Sim,8,0,0,0,8,0,0,2,-26.13554917,-49.8072652,SPRF-SC,DEL06-SC,UOP01-DEL06-SC,2024
"617058,0",2024-07-26,sexta-feira,18:20:00,SC,282,"19,8",PALHOCA,Frear bruscamente,Colisão traseira,Com Vítimas Feridas,Plena Noite,Decrescente,Céu Claro,Simples,Reta,Sim,4,0,3,0,0,1,3,3,-27.678635,-48.70192,SPRF-SC,DEL01-SC,UOP02-DEL01-SC,2024
"617060,0",2024-07-26,sexta-feira,18:30:00,SC,101,"70,2",ARAQUARI,Pedestre andava na pista,Atropelamento de Pedestre,Com Vítimas Feridas,Plena Noite,Crescente,Céu Claro,Dupla,Reta,Não,6,0,0,1,2,3,1,6,-26.50298009,-48.72814515,SPRF-SC,DEL03-SC,UOP02-DEL03-SC,2024
"617067,0",2024-07-26,sexta-feira,19:10:00,SC,101,"203,1",SAO JOSE,Reação tardia ou ineficiente do condutor,Tombamento,Com Vítimas Feridas,Plena Noite,Decrescente,Céu Claro,Dupla,Rotatória,Sim,1,0,1,0,0,0,1,1,-27.5650044,-48.61460082,SPRF-SC,DEL01-SC,UOP01-DEL01-SC,2024
"617076,0",2024-07-26,sexta-feira,18:25:00,SC,101,"205,8",SAO JOSE,Reação tardia ou ineficiente do condutor,Tombamento,Com Vítimas Feridas,Plena Noite,Crescente,Nublado,Múltipla,Reta,Sim,1,0,1,0,0,0,1,1,-27.58313237,-48.61532885,SPRF-SC,DEL01-SC,UOP01-DEL01-SC,2024
"617078,0",2024-07-26,sexta-feira,19:00:00,SC,101,"115,0",ITAJAI,Reação tardia ou ineficiente do condutor,Colisão traseira,Com Vítimas Feridas,Plena Noite,Decrescente,Céu Claro,Dupla,Reta,Sim,2,0,1,0,1,0,1,2,-26.87064015,-48.72954134,SPRF-SC,DEL04-SC,UOP04-DEL04-SC,2024
"617104,0",2024-07-26,sexta-feira,18:15:00,SC,282,"463,0",PONTE SERRADA,Desrespeitar a preferência no cruzamento,Colisão transversal,Com Vítimas Feridas,Pleno dia,Crescente,Céu Claro,Simples,Rotatória,Sim,2,0,1,1,0,0,2,2,-26.855036,-52.059551,SPRF-SC,DEL07-SC,UOP04-DEL07-SC,2024
"617139,0",2024-07-27,sábado,04:25:00,SC,280,"44,0",GUARAMIRIM,Transitar na contramão,Colisão lateral sentido oposto,Com Vítimas Feridas,Plena Noite,Decrescente,Nublado,Simples,Em Obras;Desvio Temporário;Reta,Não,2,0,1,0,1,0,1,2,-26.4517722,-48.88789399,SPRF-SC,DEL03-SC,UOP03-DEL03-SC,2024
"617156,0",2024-07-27,sábado,06:15:00,SC,153,"97,4",CONCORDIA,Velocidade Incompatível,Colisão com objeto,Com Vítimas Feridas,Amanhecer,Crescente,Céu Claro,Simples,Curva,Sim,1,0,1,0,0,0,1,1,-27.2312597,-51.95260763,SPRF-SC,DEL07-SC,UOP04-DEL07-SC,2024
"617161,0",2024-07-27,sábado,07:45:00,SC,101,"265,8",PAULO LOPES,Ausência de reação do condutor,Colisão traseira,Com Vítimas Feridas,Pleno dia,Crescente,Nublado,Dupla,Reta,Não,2,0,1,0,1,0,1,2,-28.06001385,-48.71690948,SPRF-SC,DEL02-SC,UOP03-DEL02-SC,2024
"617168,0",2024-07-27,sábado,05:30:00,SC,470,"230,3",SAO CRISTOVAO DO SUL,Ingestão de substâncias psicoativas pelo condutor,Saída de leito carroçável,Com Vítimas Feridas,Plena Noite,Crescente,Nublado,Simples,Curva,Não,1,0,1,0,0,0,1,1,-27.305197,-50.396889,SPRF-SC,DEL05-SC,UOP03-DEL05-SC,2024
"617186,0",2024-07-27,sábado,10:10:00,SC,101,"208,0",SAO JOSE,Acessar a via sem observar a presença dos outros veículos,Colisão lateral mesmo sentido,Com Vítimas Feridas,Pleno dia,Decrescente,Céu Claro,Múltipla,Reta,Não,2,0,1,0,1,0,1,2,-27.60327979,-48.63201818,SPRF-SC,DEL01-SC,UOP01-DEL01-SC,2024
"617202,0",2024-07-27,sábado,11:00:00,SC,101,"38,5",JOINVILLE,Ausência de reação do condutor,Colisão traseira,Com Vítimas Feridas,Pleno dia,Crescente,Céu Claro,Dupla,Curva,Sim,3,0,1,0,2,0,1,2,-26.29650651,-48.88443578,SPRF-SC,DEL03-SC,UOP01-DEL03-SC,2024
"617204,0",2024-07-27,sábado,10:30:00,SC,470,"93,2",APIUNA,Ausência de reação do condutor,Colisão traseira,Com Vítimas Feridas,Pleno dia,Crescente,Nublado,Simples,Reta,Sim,3,0,2,0,1,0,2,2,-26.99669321,-49.37595963,SPRF-SC,DEL04-SC,UOP01-DEL04-SC,2024
"617207,0",2024-07-27,sábado,11:30:00,SC,101,"216,5",PALHOCA,Ausência de reação do condutor,Colisão transversal,Com Vítimas Feridas,Pleno dia,Crescente,Céu Claro,Múltipla,Interseção de Vias;Reta,Sim,3,0,2,0,1,0,2,2,-27.65981409,-48.67747798,SPRF-SC,DEL01-SC,UOP02-DEL01-SC,2024
"617209,0",2024-07-27,sábado,11:20:00,SC,101,"209,0",SAO JOSE,Condutor deixou de manter distância do veículo da frente,Colisão lateral mesmo sentido,Com Vítimas Feridas,Pleno dia,Crescente,Céu Claro,Múltipla,Reta,Sim,3,0,2,0,1,0,2,2,-27.61000542,-48.63895057,SPRF-SC,DEL01-SC,UOP01-DEL01-SC,2024
"617210,0",2024-07-27,sábado,12:15:00,SC,282,"17,5",PALHOCA,Reação tardia ou ineficiente do condutor,Colisão traseira,Sem Vítimas,Pleno dia,Crescente,Sol,Simples,Reta,Sim,2,0,0,0,2,0,0,2,-27.665707,-48.688065,SPRF-SC,DEL01-SC,UOP02-DEL01-SC,2024
"617211,0",2024-07-27,sábado,12:20:00,SC,101,"147,0",ITAPEMA,Manobra de mudança de faixa,Colisão lateral mesmo sentido,Com Vítimas Feridas,Pleno dia,Decrescente,Céu Claro,Dupla,Reta,Sim,2,0,1,0,1,0,1,2,-27.09237407,-48.61730888,SPRF-SC,DEL04-SC,UOP03-DEL04-SC,2024
"617230,0",2024-07-27,sábado,14:30:00,SC,101,"200,8",SAO JOSE,Ultrapassagem Indevida,Colisão lateral mesmo sentido,Com Vítimas Feridas,Pleno dia,Decrescente,Céu Claro,Múltipla,Reta,Não,2,0,1,0,1,0,1,2,-27.54018513,-48.62287714,SPRF-SC,DEL01-SC,UOP01-DEL01-SC,2024
"617236,0",2024-07-27,sábado,14:10:00,SC,282,"406,0",CATANDUVAS,Ingestão de álcool pelo condutor,Colisão transversal,Sem Vítimas,Pleno dia,Decrescente,Nublado,Simples,Interseção de Vias;Rotatória,Não,2,0,0,0,2,0,0,2,-27.09764263,-51.65273666,SPRF-SC,DEL07-SC,UOP05-DEL07-SC,2024
"617256,0",2024-07-27,sábado,18:00:00,SC,101,"124,0",ITAJAI,Reação tardia ou ineficiente do condutor,Engavetamento,Com Vítimas Feridas,Anoitecer,Crescente,Céu Claro,Múltipla,Reta,Sim,7,0,5,0,2,0,5,3,-26.94335064,-48.69198648,SPRF-SC,DEL04-SC,UOP04-DEL04-SC,2024
"617258,0",2024-07-27,sábado,17:50:00,SC,101,"276,3",IMBITUBA,Desrespeitar a preferência no cruzamento,Colisão transversal,Com Vítimas Feridas,Anoitecer,Decrescente,Céu Claro,Dupla,Reta;Viaduto,Não,3,0,2,0,1,0,2,2,-28.16034081,-48.693003,SPRF-SC,DEL02-SC,UOP03-DEL02-SC,2024
"617261,0",2024-07-27,sábado,17:20:00,SC,470,"10,0",ITAJAI,Ausência de reação do condutor,Tombamento,Com Vítimas Feridas,Pleno dia,Crescente,Nublado,Dupla,Retorno Regulamentado;Curva,Não,1,0,1,0,0,0,1,1,-26.833693,-48.73724,SPRF-SC,DEL04-SC,UOP04-DEL04-SC,2024
"617271,0",2024-07-27,sábado,19:00:00,SC,101,"311,2",LAGUNA,Transitar na contramão,Colisão frontal,Com Vítimas Feridas,Plena Noite,Crescente,Nublado,Dupla,Reta,Sim,2,0,0,1,1,0,1,2,-28.44022326,-48.81365061,SPRF-SC,DEL02-SC,UOP01-DEL02-SC,2024
"617272,0",2024-07-27,sábado,19:20:00,SC,282,"24,4",SANTO AMARO DA IMPERATRIZ,Reação tardia ou ineficiente do condutor,Colisão traseira,Sem Vítimas,Plena Noite,Decrescente,Céu Claro,Simples,Reta,Não,2,0,0,0,2,0,0,2,-27.68268,-48.744614,SPRF-SC,DEL01-SC,UOP03-DEL01-SC,2024
"617297,0",2024-07-27,sábado,19:15:00,SC,282,"512,3",XANXERE,Velocidade Incompatível,Saída de leito carroçável,Sem Vítimas,Plena Noite,Decrescente,Chuva,Simples,Aclive;Reta,Não,1,0,0,0,1,0,0,1,-26.91411066,-52.47658253,SPRF-SC,DEL07-SC,UOP01-DEL07-SC,2024
"617303,0",2024-07-27,sábado,19:10:00,SC,101,"185,4",BIGUACU,Ingestão de álcool pelo condutor,Colisão com objeto,Sem Vítimas,Plena Noite,Crescente,Céu Claro,Dupla,Curva,Sim,1,0,0,0,1,0,0,1,-27.42536698,-48.62465876,SPRF-SC,DEL01-SC,UOP01-DEL01-SC,2024
"617304,0",2024-07-27,sábado,19:35:00,SC,280,"133,0",RIO NEGRINHO,Ultrapassagem Indevida,Colisão lateral mesmo sentido,Sem Vítimas,Plena Noite,Decrescente,Céu Claro,Simples,Aclive,Não,2,0,0,0,2,0,0,2,-26.268433,-49.555073,SPRF-SC,DEL06-SC,UOP03-DEL06-SC,2024
"617320,0",2024-07-27,sábado,21:00:00,SC,101,"329,0",TUBARAO,Ingestão de álcool pelo condutor,Saída de leito carroçável,Com Vítimas Feridas,Plena Noite,Decrescente,Nublado,Dupla,Reta,Sim,1,0,1,0,0,0,1,1,-28.45287735,-48.97528052,SPRF-SC,DEL02-SC,UOP01-DEL02-SC,2024
"617322,0",2024-07-27,sábado,22:30:00,SC,101,"122,0",ITAJAI,Reação tardia ou ineficiente do condutor,Tombamento,Com Vítimas Feridas,Plena Noite,Crescente,Céu Claro,Dupla,Curva,Sim,1,0,1,0,0,0,1,1,-26.92955916,-48.70499836,SPRF-SC,DEL04-SC,UOP04-DEL04-SC,2024
"617351,0",2024-07-28,domingo,00:40:00,SC,282,"149,9",BOM RETIRO,Transitar na contramão,Colisão frontal,Com Vítimas Feridas,Plena Noite,Crescente,Nevoeiro/Neblina,Simples,Reta,Não,4,0,2,0,2,0,2,2,-27.775295,-49.655903,SPRF-SC,DEL05-SC,UOP01-DEL05-SC,2024
"617359,0",2024-07-28,domingo,03:45:00,SC,101,"83,0",BARRA VELHA,Ingestão de álcool pelo condutor,Saída de leito carroçável,Sem Vítimas,Plena Noite,Decrescente,Céu Claro,Dupla,Reta,Não,2,0,0,0,2,0,0,1,-26.61865655,-48.71834126,SPRF-SC,DEL03-SC,UOP02-DEL03-SC,2024
"617371,0",2024-07-28,domingo,05:45:00,SC,101,"136,0",BALNEARIO CAMBORIU,Ingestão de álcool pelo condutor,Capotamento,Sem Vítimas,Plena Noite,Crescente,Céu Claro,Múltipla,Reta,Não,1,0,0,0,1,0,0,1,-27.008113,-48.617245,SPRF-SC,DEL04-SC,UOP03-DEL04-SC,2024
"617372,0",2024-07-27,sábado,22:45:00,SC,153,"4,0",AGUA DOCE,Ausência de reação do condutor,Tombamento,Sem Vítimas,Plena Noite,Crescente,Garoa/Chuvisco,Simples,Curva,Não,1,0,0,0,0,1,0,1,-26.635151,-51.508949,SPRF-SC,DEL07-SC,UOP07-DEL07-SC,2024
"617397,0",2024-07-28,domingo,07:50:00,SC,282,"3,0",FLORIANOPOLIS,Manobra de mudança de faixa,Colisão traseira,Com Vítimas Feridas,Pleno dia,Crescente,Sol,Múltipla,Reta,Sim,2,0,1,0,1,0,1,2,-27.600384,-48.599705,SPRF-SC,DEL01-SC,UOP01-DEL01-SC,2024
"617406,0",2024-07-28,domingo,07:50:00,SC,282,"525,0",XAXIM,Reação tardia ou ineficiente do condutor,Saída de leito carroçável,Sem Vítimas,Pleno dia,Decrescente,Garoa/Chuvisco,Simples,Curva,Não,1,0,0,0,0,1,0,1,-26.965441,-52.566383,SPRF-SC,DEL07-SC,UOP01-DEL07-SC,2024
"617448,0",2024-07-28,domingo,14:45:00,SC,101,"210,0",SAO JOSE,Reação tardia ou ineficiente do condutor,Colisão traseira,Com Vítimas Feridas,Pleno dia,Decrescente,Nublado,Múltipla,Reta,Sim,4,0,1,0,3,0,1,3,-27.6167305,-48.6457265,SPRF-SC,DEL01-SC,UOP01-DEL01-SC,2024
"617450,0",2024-07-28,domingo,14:00:00,SC,470,"10,1",NAVEGANTES,Ausência de reação do condutor,Colisão transversal,Com Vítimas Feridas,Pleno dia,Crescente,Nublado,Simples,Interseção de Vias,Não,4,0,3,0,1,0,3,2,-26.833693,-48.73724,SPRF-SC,DEL04-SC,UOP04-DEL04-SC,2024
"617456,0",2024-07-28,domingo,15:38:00,SC,101,"207,3",SAO JOSE,Condutor deixou de manter distância do veículo da frente,Colisão traseira,Com Vítimas Feridas,Pleno dia,Crescente,Céu Claro,Múltipla,Reta,Sim,4,0,2,0,2,0,2,2,-27.60001226,-48.6226467,SPRF-SC,DEL01-SC,UOP01-DEL01-SC,2024
"617466,0",2024-07-28,domingo,16:15:00,SC,116,"63,0",PAPANDUVA,Velocidade Incompatível,Colisão traseira,Sem Vítimas,Pleno dia,Decrescente,Céu Claro,Simples,Aclive,Não,3,0,0,0,3,0,0,2,-26.40644298,-50.22649816,SPRF-SC,DEL06-SC,UOP02-DEL06-SC,2024
"617467,0",2024-07-28,domingo,16:00:00,SC,101,"186,0",BIGUACU,Reação tardia ou ineficiente do condutor,Colisão traseira,Com Vítimas Feridas,Pleno dia,Crescente,Nublado,Dupla,Reta,Não,4,0,1,0,3,0,1,2,-27.4341098,-48.62567129,SPRF-SC,DEL01-SC,UOP01-DEL01-SC,2024
"617469,0",2024-07-28,domingo,15:30:00,SC,282,"26,8",SANTO AMARO DA IMPERATRIZ,Acessar a via sem observar a presença dos outros veículos,Colisão transversal,Com Vítimas Feridas,Pleno dia,Crescente,Céu Claro,Simples,Reta,Não,3,0,1,0,2,0,1,2,-27.67566916,-48.76780987,SPRF-SC,DEL01-SC,UOP03-DEL01-SC,2024
"617485,0",2024-07-28,domingo,17:35:00,SC,116,"271,3",CAPAO ALTO,Entrada inopinada do pedestre,Atropelamento de Pedestre,Com Vítimas Feridas,Anoitecer,Crescente,Garoa/Chuvisco,Simples,Aclive;Reta,Não,3,0,0,1,1,1,1,2,-27.97817032,-50.51046632,SPRF-SC,DEL05-SC,UOP02-DEL05-SC,2024
"617488,0",2024-07-28,domingo,17:30:00,SC,282,"208,0",SAO JOSE,Ingestão de álcool pelo condutor,Colisão traseira,Sem Vítimas,Anoitecer,Crescente,Nublado,Dupla,Reta;Interseção de Vias;Retorno Regulamentado,Sim,4,0,0,0,4,0,0,2,-27.60587717,-48.63521397,SPRF-SC,DEL05-SC,UOP01-DEL05-SC,2024
"617495,0",2024-07-28,domingo,11:45:00,SC,153,"58,8",IRANI,Desrespeitar a preferência no cruzamento,Colisão transversal,Com Vítimas Feridas,Pleno dia,Crescente,Céu Claro,Simples,Interseção de Vias;Rotatória,Não,5,0,1,0,4,0,1,2,-26.96951725,-51.85476065,SPRF-SC,DEL07-SC,UOP04-DEL07-SC,2024
"617498,0",2024-07-28,domingo,18:15:00,SC,101,"164,0",TIJUCAS,Manobra de mudança de faixa,Colisão lateral mesmo sentido,Com Vítimas Feridas,Plena Noite,Decrescente,Céu Claro,Dupla,Ponte;Aclive;Reta,Sim,3,0,1,0,2,0,1,2,-27.243868,-48.6309,SPRF-SC,DEL04-SC,UOP03-DEL04-SC,2024