id,data_inversa,dia_semana,horario,uf,br,km,municipio,causa_acidente,tipo_acidente,classificacao_acidente,fase_dia,sentido_via,condicao_metereologica,tipo_pista,tracado_via,uso_solo,pessoas,mortos,feridos_leves,feridos_graves,ilesos,ignorados,feridos,veiculos,latitude,longitude,regional,delegacia,uop,ano_arquivo
"619594,0",2024-08-07,quarta-feira,07:10:00,SC,163,"109,5",GUARUJA DO SUL,Velocidade Incompatível,Saída de leito carroçável,Com Vítimas Feridas,Pleno dia,Crescente,Nublado,Simples,Curva;Aclive,Não,2,0,2,0,0,0,2,1,-26.41337297,-53.52364405,SPRF-SC,DEL07-SC,UOP03-DEL07-SC,2024
"619609,0",2024-08-07,quarta-feira,07:10:00,SC,101,"131,0",CAMBORIU,Condutor deixou de manter distância do veículo da frente,Colisão traseira,Com Vítimas Feridas,Pleno dia,Crescente,Céu Claro,Múltipla,Reta,Sim,2,0,1,0,1,0,1,2,-26.99064209,-48.66310912,SPRF-SC,DEL04-SC,UOP03-DEL04-SC,2024
"619624,0",2024-08-03,sábado,20:20:00,SC,101,"159,0",PORTO BELO,Manobra de mudança de faixa,Colisão lateral mesmo sentido,Com Vítimas Feridas,Pleno dia,Decrescente,Nevoeiro/Neblina,Dupla,Reta;Ponte,Não,2,0,1,0,1,0,1,2,-27.1998778,-48.61534236,SPRF-SC,DEL04-SC,UOP03-DEL04-SC,2024
"619639,0",2024-06-07,sexta-feira,12:20:00,SC,282,"541,5",CHAPECO,Ausência de reação do condutor,Tombamento,Com Vítimas Fatais,Pleno dia,Decrescente,Céu Claro,Dupla,Interseção de Vias;Curva;Retorno Regulamentado,Não,1,1,0,0,0,0,0,1,-26.997654,-52.701756,SPRF-SC,DEL07-SC,UOP01-DEL07-SC,2024
"619649,0",2024-08-07,quarta-feira,12:25:00,SC,101,"213,7",PALHOCA,Acessar a via sem observar a presença dos outros veículos,Colisão transversal,Com Vítimas Feridas,Pleno dia,Decrescente,Céu Claro,Simples,Interseção de Vias,Sim,2,0,1,0,1,0,1,2,-27.63969766,-48.66682482,SPRF-SC,DEL01-SC,UOP02-DEL01-SC,2024
"619673,0",2024-08-07,quarta-feira,13:50:00,SC,280,"186,4",MAFRA,Demais falhas na via,Colisão com objeto,Com Vítimas Feridas,Pleno dia,Crescente,Céu Claro,Simples,Declive;Reta,Não,1,0,1,0,0,0,1,1,-26.16977284,-49.94508991,SPRF-SC,DEL06-SC,UOP01-DEL06-SC,2024
"619679,0",2024-08-07,quarta-feira,12:40:00,SC,280,"159,8",MAFRA,Ultrapassagem Indevida,Saída de leito carroçável,Com Vítimas Feridas,Pleno dia,Decrescente,Céu Claro,Simples,Declive;Reta,Não,4,0,1,0,2,1,1,3,-26.20208315,-49.76143098,SPRF-SC,DEL06-SC,UOP03-DEL06-SC,2024
"619691,0",2024-08-07,quarta-feira,16:50:00,SC,101,"339,7",TUBARAO,Desrespeitar a preferência no cruzamento,Colisão transversal,Com Vítimas Feridas,Pleno dia,Decrescente,Céu Claro,Simples,Interseção de Vias,Sim,3,0,2,0,1,0,2,2,-28.501444,-49.04690399,SPRF-SC,DEL02-SC,UOP01-DEL02-SC,2024
"619701,0",2024-07-17,quarta-feira,17:20:00,SC,101,"39,0",JOINVILLE,Manobra de mudança de faixa,Colisão lateral mesmo sentido,Com Vítimas Feridas,Pleno dia,Crescente,Nublado,Dupla,Reta,Não,2,0,0,1,1,0,1,2,-26.2628107,-48.90192257,SPRF-SC,DEL03-SC,UOP01-DEL03-SC,2024
"619721,0",2024-08-07,quarta-feira,19:15:00,SC,101,"202,1",SAO JOSE,Reação tardia ou ineficiente do condutor,Colisão traseira,Com Vítimas Feridas,Plena Noite,Decrescente,Céu Claro,Múltipla,Reta,Sim,2,0,0,1,0,1,1,2,-27.55711595,-48.61897889,SPRF-SC,DEL01-SC,UOP01-DEL01-SC,2024
"619738,0",2024-08-07,quarta-feira,18:50:00,SC,280,"23,0",ARAQUARI,Conversão proibida,Colisão transversal,Com Vítimas Feridas,Anoitecer,Crescente,Nublado,Simples,Reta,Sim,2,0,0,1,1,0,1,2,-26.37146,-48.711887,SPRF-SC,DEL03-SC,UOP03-DEL03-SC,2024
"619748,0",2024-08-07,quarta-feira,20:30:00,SC,280,"6,0",SAO FRANCISCO DO SUL,Ultrapassagem Indevida,Colisão traseira,Com Vítimas Feridas,Plena Noite,Crescente,Nublado,Simples,Reta,Sim,3,0,1,0,2,0,1,2,-26.26569095,-48.63361804,SPRF-SC,DEL03-SC,UOP03-DEL03-SC,2024
"619755,0",2024-08-07,quarta-feira,21:25:00,SC,282,"211,6",LAGES,Ingestão de álcool pelo condutor,Saída de leito carroçável,Com Vítimas Feridas,Plena Noite,Decrescente,Garoa/Chuvisco,Simples,Reta,Não,1,0,1,0,0,0,1,1,-27.780222,-50.241741,SPRF-SC,DEL05-SC,UOP01-DEL05-SC,2024
"619763,0",2024-06-28,sexta-feira,13:00:00,SC,470,"45,3",BLUMENAU,Retorno proibido,Colisão transversal,Com Vítimas Feridas,Pleno dia,Crescente,Ignorado,Simples,Em Obras;Reta,Não,2,0,1,0,1,0,1,2,-26.86654147,-49.03178042,SPRF-SC,DEL04-SC,UOP01-DEL04-SC,2024
"619765,0",2024-08-07,quarta-feira,22:15:00,SC,101,"122,0",ITAJAI,Animais na Pista,Atropelamento de Animal,Com Vítimas Feridas,Plena Noite,Decrescente,Nublado,Dupla,Reta,Sim,1,0,1,0,0,0,1,1,-26.92955916,-48.70499836,SPRF-SC,DEL04-SC,UOP04-DEL04-SC,2024
"619781,0",2024-08-08,quinta-feira,02:50:00,SC,158,"105,0",CUNHA PORA,Ausência de reação do condutor,Saída de leito carroçável,Com Vítimas Feridas,Plena Noite,Decrescente,Nevoeiro/Neblina,Simples,Curva,Não,1,0,1,0,0,0,1,1,-26.86897509,-53.16247716,SPRF-SC,DEL07-SC,UOP02-DEL07-SC,2024
"619782,0",2024-08-08,quinta-feira,03:30:00,SC,282,"571,6",NOVA ERECHIM,Ausência de reação do condutor,Tombamento,Sem Vítimas,Plena Noite,Crescente,Nevoeiro/Neblina,Simples,Reta,Não,1,0,0,0,0,1,0,1,-26.883053,-52.939816,SPRF-SC,DEL07-SC,UOP02-DEL07-SC,2024
"619797,0",2024-08-08,quinta-feira,06:30:00,SC,101,"125,0",ITAJAI,Ausência de reação do condutor,Saída de leito carroçável,Com Vítimas Feridas,Pleno dia,Crescente,Nublado,Simples,Curva,Sim,1,0,1,0,0,0,1,1,-26.94802427,-48.68338515,SPRF-SC,DEL04-SC,UOP04-DEL04-SC,2024
"619812,0",2024-08-08,quinta-feira,07:40:00,SC,470,"137,0",RIO DO SUL,Conversão proibida,Colisão traseira,Com Vítimas Feridas,Pleno dia,Crescente,Céu Claro,Simples,Reta,Sim,3,0,2,0,1,0,2,2,-27.203201,-49.635063,SPRF-SC,DEL04-SC,UOP02-DEL04-SC,2024
"619813,0",2024-08-08,quinta-feira,07:30:00,SC,101,"306,0",LAGUNA,Animais na Pista,Atropelamento de Animal,Com Vítimas Feridas,Pleno dia,Decrescente,Garoa/Chuvisco,Múltipla,Curva,Não,1,0,1,0,0,0,1,1,-28.40594774,-48.790766,SPRF-SC,DEL02-SC,UOP03-DEL02-SC,2024
"619851,0",2024-08-08,quinta-feira,13:06:00,SC,101,"25,6",JOINVILLE,Manobra de mudança de faixa,Colisão lateral mesmo sentido,Com Vítimas Feridas,Pleno dia,Crescente,Céu Claro,Dupla,Reta,Sim,2,0,1,0,1,0,1,2,-26.1834739,-48.9105912,SPRF-SC,DEL03-SC,UOP01-DEL03-SC,2024
"619859,0",2024-02-03,sábado,04:10:00,SC,101,"45,5",JOINVILLE,Avarias e/ou desgaste excessivo no pneu,Capotamento,Com Vítimas Feridas,Amanhecer,Crescente,Céu Claro,Múltipla,Reta;Declive,Sim,2,0,2,0,0,0,2,1,-26.32214492,-48.8689509,SPRF-SC,DEL03-SC,UOP01-DEL03-SC,2024
"619875,0",2024-07-27,sábado,20:50:00,SC,101,"329,5",TUBARAO,Demais falhas mecânicas ou elétricas,Incêndio,Sem Vítimas,Plena Noite,Decrescente,Nublado,Dupla,Reta,Não,2,0,0,0,2,0,0,1,-28.45484498,-48.9791429,SPRF-SC,DEL02-SC,UOP01-DEL02-SC,2024
"619880,0",2024-08-08,quinta-feira,16:00:00,SC,101,"176,0",GOVERNADOR CELSO RAMOS,Reação tardia ou ineficiente do condutor,Colisão traseira,Com Vítimas Feridas,Pleno dia,Decrescente,Nublado,Dupla,Reta,Não,2,0,1,0,1,0,1,2,-27.34661396,-48.63300917,SPRF-SC,DEL01-SC,UOP01-DEL01-SC,2024
"619902,0",2024-08-08,quinta-feira,17:15:00,SC,470,"97,1",APIUNA,Acessar a via sem observar a presença dos outros veículos,Colisão transversal,Com Vítimas Feridas,Pleno dia,Crescente,Céu Claro,Simples,Reta;Interseção de Vias,Sim,2,0,1,0,1,0,1,2,-27.026621,-49.378124,SPRF-SC,DEL04-SC,UOP01-DEL04-SC,2024
"619903,0",2024-08-08,quinta-feira,14:30:00,SC,101,"45,3",JOINVILLE,Reação tardia ou ineficiente do condutor,Colisão traseira,Com Vítimas Feridas,Pleno dia,Decrescente,Chuva,Dupla,Reta,Sim,2,0,1,0,1,0,1,2,-26.32214492,-48.8689509,SPRF-SC,DEL03-SC,UOP01-DEL03-SC,2024
"619910,0",2024-08-08,quinta-feira,18:10:00,SC,470,"72,3",INDAIAL,Ausência de reação do condutor,Colisão traseira,Com Vítimas Feridas,Anoitecer,Crescente,Nublado,Dupla,Reta,Não,2,0,0,1,1,0,1,2,-26.901979,-49.268745,SPRF-SC,DEL04-SC,UOP01-DEL04-SC,2024
"619959,0",2024-08-08,quinta-feira,19:25:00,SC,101,"92,0",BARRA VELHA,Transitar no Acostamento,Colisão traseira,Com Vítimas Feridas,Plena Noite,Decrescente,Nublado,Dupla,Reta,Não,4,0,3,0,1,0,3,2,-26.692747,-48.697618,SPRF-SC,DEL03-SC,UOP02-DEL03-SC,2024
"619964,0",2024-08-08,quinta-feira,22:10:00,SC,282,"6,0",SAO JOSE,Reação tardia ou ineficiente do condutor,Tombamento,Com Vítimas Feridas,Plena Noite,Crescente,Chuva,Dupla,Curva;Declive,Sim,2,0,1,1,0,0,2,1,-27.591936,-48.618244,SPRF-SC,DEL01-SC,UOP01-DEL01-SC,2024
"619972,0",2024-08-08,quinta-feira,23:00:00,SC,101,"124,0",ITAJAI,Reação tardia ou ineficiente do condutor,Tombamento,Com Vítimas Feridas,Plena Noite,Decrescente,Garoa/Chuvisco,Múltipla,Reta,Não,1,0,1,0,0,0,1,1,-26.94335064,-48.69198648,SPRF-SC,DEL04-SC,UOP04-DEL04-SC,2024
"619984,0",2024-08-09,sexta-feira,01:15:00,SC,116,"245,3",LAGES,Ingestão de álcool pelo condutor,Colisão traseira,Com Vítimas Feridas,Plena Noite,Decrescente,Nublado,Simples,Reta;Interseção de Vias,Sim,1,0,1,0,0,0,1,1,-27.79544281,-50.36187437,SPRF-SC,DEL05-SC,UOP01-DEL05-SC,2024
"619986,0",2024-08-09,sexta-feira,03:10:00,SC,101,"428,8",SOMBRIO,Ingestão de álcool pelo condutor,Colisão com objeto,Com Vítimas Feridas,Plena Noite,Crescente,Nublado,Dupla,Declive;Curva,Não,1,0,1,0,0,0,1,1,-29.0402251,-49.61223688,SPRF-SC,DEL02-SC,UOP02-DEL02-SC,2024
"619995,0",2024-08-09,sexta-feira,00:10:00,SC,282,"279,2",HERVAL DOESTE,Ausência de sinalização,Saída de leito carroçável,Sem Vítimas,Plena Noite,Crescente,Nublado,Simples,Rotatória,Não,1,0,0,0,0,1,0,1,-27.21446527,-51.48563731,SPRF-SC,DEL05-SC,UOP02-DEL05-SC,2024
"619996,0",2024-08-09,sexta-feira,04:50:00,SC,280,"59,0",GUARAMIRIM,Acessar a via sem observar a presença dos outros veículos,Atropelamento de Pedestre,Com Vítimas Feridas,Plena Noite,Crescente,Garoa/Chuvisco,Simples,Em Obras;Curva,Sim,2,0,0,1,1,0,1,2,-26.475002,-49.030601,SPRF-SC,DEL03-SC,UOP03-DEL03-SC,2024
"620007,0",2024-08-09,sexta-feira,06:40:00,SC,101,"139,0",BALNEARIO CAMBORIU,Trafegar com motocicleta (ou similar) entre as faixas,Colisão traseira,Com Vítimas Feridas,Pleno dia,Crescente,Garoa/Chuvisco,Dupla,Reta,Não,2,0,1,0,1,0,1,2,-27.02982303,-48.60115006,SPRF-SC,DEL04-SC,UOP03-DEL04-SC,2024
"620013,0",2024-08-09,sexta-feira,07:50:00,SC,470,"134,0",RIO DO SUL,Trafegar com motocicleta (ou similar) entre as faixas,Colisão transversal,Com Vítimas Feridas,Pleno dia,Crescente,Céu Claro,Simples,Reta,Sim,3,0,2,0,1,0,2,2,-27.181854,-49.600128,SPRF-SC,DEL04-SC,UOP02-DEL04-SC,2024
"620020,0",2024-08-09,sexta-feira,07:50:00,SC,101,"215,5",PALHOCA,Manobra de mudança de faixa,Colisão lateral mesmo sentido,Com Vítimas Feridas,Pleno dia,Decrescente,Nublado,Múltipla,Reta;Aclive,Sim,3,0,0,1,2,0,1,2,-27.65184843,-48.67604941,SPRF-SC,DEL01-SC,UOP02-DEL01-SC,2024
"620030,0",2024-08-05,segunda-feira,10:00:00,SC,282,"522,0",XAXIM,Reação tardia ou ineficiente do condutor,Saída de leito carroçável,Com Vítimas Feridas,Pleno dia,Crescente,Céu Claro,Simples,Aclive,Não,1,0,1,0,0,0,1,1,-26.956238,-52.542637,SPRF-SC,DEL07-SC,UOP01-DEL07-SC,2024
"620033,0",2024-08-09,sexta-feira,08:01:00,SC,101,"60,0",ARAQUARI,Ausência de reação do condutor,Queda de ocupante de veículo,Com Vítimas Feridas,Pleno dia,Decrescente,Nublado,Múltipla,Curva,Não,1,0,1,0,0,0,1,1,-26.45072823,-48.78570317,SPRF-SC,DEL03-SC,UOP02-DEL03-SC,2024
"620036,0",2024-08-09,sexta-feira,08:30:00,SC,280,"29,4",ARAQUARI,Acessar a via sem observar a presença dos outros veículos,Colisão transversal,Com Vítimas Feridas,Pleno dia,Crescente,Céu Claro,Simples,Reta,Não,2,0,1,0,1,0,1,2,-26.41066264,-48.75295628,SPRF-SC,DEL03-SC,UOP03-DEL03-SC,2024
"620038,0",2024-08-09,sexta-feira,09:25:00,SC,101,"201,0",SAO JOSE,Manobra de mudança de faixa,Colisão transversal,Com Vítimas Feridas,Pleno dia,Crescente,Nublado,Dupla,Reta,Sim,3,0,1,0,2,0,1,2,-27.54836599,-48.61977975,SPRF-SC,DEL01-SC,UOP01-DEL01-SC,2024
"620052,0",2024-08-09,sexta-feira,12:50:00,SC,470,"45,4",GASPAR,Acessar a via sem observar a presença dos outros veículos,Colisão transversal,Com Vítimas Feridas,Pleno dia,Decrescente,Céu Claro,Simples,Em Obras;Reta,Sim,2,0,0,1,1,0,1,2,-26.860388,-49.037617,SPRF-SC,DEL04-SC,UOP01-DEL04-SC,2024
"620057,0",2024-08-09,sexta-feira,12:30:00,SC,101,"212,5",PALHOCA,Objeto estático sobre o leito carroçável,Tombamento,Com Vítimas Feridas,Pleno dia,Decrescente,Céu Claro,Múltipla,Reta,Não,1,0,0,1,0,0,1,1,-27.62996929,-48.65903871,SPRF-SC,DEL01-SC,UOP02-DEL01-SC,2024
"620099,0",2024-08-09,sexta-feira,15:30:00,SC,282,"2,0",FLORIANOPOLIS,Trafegar com motocicleta (ou similar) entre as faixas,Colisão lateral mesmo sentido,Com Vítimas Feridas,Pleno dia,Crescente,Céu Claro,Múltipla,Reta,Não,2,0,1,0,1,0,1,2,-27.603289,-48.590416,SPRF-SC,DEL01-SC,UOP01-DEL01-SC,2024
"620118,0",2024-08-09,sexta-feira,15:50:00,SC,470,"211,6",SAO CRISTOVAO DO SUL,Transitar na contramão,Colisão frontal,Com Vítimas Feridas,Pleno dia,Decrescente,Céu Claro,Simples,Curva,Não,2,0,1,0,1,0,1,2,-27.306231,-50.228275,SPRF-SC,DEL05-SC,UOP03-DEL05-SC,2024
"620129,0",2024-08-09,sexta-feira,17:50:00,SC,101,"111,5",NAVEGANTES,Ausência de reação do condutor,Colisão traseira,Com Vítimas Feridas,Anoitecer,Crescente,Nublado,Dupla,Reta;Ponte,Não,2,0,0,1,1,0,1,2,-26.83955734,-48.71418074,SPRF-SC,DEL04-SC,UOP04-DEL04-SC,2024
"620133,0",2024-08-09,sexta-feira,18:50:00,SC,101,"205,4",SAO JOSE,Velocidade Incompatível,Colisão lateral mesmo sentido,Sem Vítimas,Plena Noite,Crescente,Céu Claro,Dupla,Curva,Sim,4,0,0,0,2,2,0,4,-27.58642043,-48.61745238,SPRF-SC,DEL01-SC,UOP01-DEL01-SC,2024
"620161,0",2024-08-09,sexta-feira,19:43:00,SC,280,"46,0",GUARAMIRIM,Acessar a via sem observar a presença dos outros veículos,Colisão transversal,Com Vítimas Feridas,Plena Noite,Decrescente,Nevoeiro/Neblina,Simples,Reta;Declive,Sim,3,0,1,0,2,0,1,2,-26.452847,-48.909813,SPRF-SC,DEL03-SC,UOP03-DEL03-SC,2024
"620167,0",2024-08-09,sexta-feira,19:20:00,SC,163,"77,6",SAO MIGUEL DO OESTE,Acessar a via sem observar a presença dos outros veículos,Colisão transversal,Com Vítimas Feridas,Plena Noite,Crescente,Céu Claro,Simples,Interseção de Vias;Curva;Aclive,Não,3,0,2,0,1,0,2,2,-26.67615498,-53.51669997,SPRF-SC,DEL07-SC,UOP03-DEL07-SC,2024
"620236,0",2024-08-10,sábado,03:00:00,SC,282,"357,0",CAMPOS NOVOS,Velocidade Incompatível,Saída de leito carroçável,Com Vítimas Feridas,Plena Noite,Decrescente,Céu Claro,Simples,Curva,Não,2,0,1,0,1,0,1,1,-27.335176,-51.346149,SPRF-SC,DEL07-SC,UOP05-DEL07-SC,2024
"620241,0",2024-08-10,sábado,01:00:00,SC,101,"131,7",BALNEARIO CAMBORIU,Reação tardia ou ineficiente do condutor,Tombamento,Com Vítimas Feridas,Plena Noite,Crescente,Céu Claro,Múltipla,Reta,Sim,2,0,0,2,0,0,2,1,-26.99064209,-48.66310912,SPRF-SC,DEL04-SC,UOP03-DEL04-SC,2024
"620243,0",2024-08-10,sábado,05:00:00,SC,101,"216,0",PALHOCA,Reação tardia ou ineficiente do condutor,Saída de leito carroçável,Sem Vítimas,Plena Noite,Crescente,Nublado,Múltipla,Reta,Sim,1,0,0,0,0,1,0,1,-27.65981409,-48.67747798,SPRF-SC,DEL01-SC,UOP02-DEL01-SC,2024
"620245,0",2024-08-10,sábado,05:15:00,SC,101,"193,5",BIGUACU,Acumulo de areia ou detritos sobre o pavimento,Queda de ocupante de veículo,Com Vítimas Feridas,Plena Noite,Decrescente,Céu Claro,Múltipla,Curva,Sim,2,0,2,0,0,0,2,1,-27.489574,-48.655914,SPRF-SC,DEL01-SC,UOP01-DEL01-SC,2024
"620254,0",2024-08-10,sábado,05:20:00,SC,101,"276,0",IMBITUBA,Ingestão de álcool pelo condutor,Colisão com objeto,Com Vítimas Feridas,Plena Noite,Decrescente,Céu Claro,Dupla,Reta,Não,1,0,1,0,0,0,1,1,-28.14644701,-48.69204746,SPRF-SC,DEL02-SC,UOP03-DEL02-SC,2024
"620262,0",2024-08-10,sábado,06:20:00,SC,101,"28,7",JOINVILLE,Velocidade Incompatível,Colisão com objeto,Sem Vítimas,Amanhecer,Crescente,Céu Claro,Dupla,Reta,Não,1,0,0,0,0,1,0,1,-26.20697505,-48.91482635,SPRF-SC,DEL03-SC,UOP01-DEL03-SC,2024
"620275,0",2024-08-10,sábado,07:30:00,SC,101,"161,2",TIJUCAS,Ingestão de álcool pelo condutor,Colisão com objeto,Com Vítimas Feridas,Pleno dia,Crescente,Céu Claro,Múltipla,Curva,Sim,1,0,1,0,0,0,1,1,-27.21673911,-48.6244238,SPRF-SC,DEL04-SC,UOP03-DEL04-SC,2024
"620308,0",2024-08-10,sábado,07:00:00,SC,470,"260,0",CURITIBANOS,Velocidade Incompatível,Colisão com objeto,Com Vítimas Feridas,Pleno dia,Decrescente,Nublado,Simples,Curva,Não,1,0,1,0,0,0,1,1,-27.301584,-50.671352,SPRF-SC,DEL05-SC,UOP03-DEL05-SC,2024
"620313,0",2024-08-10,sábado,11:10:00,SC,282,"16,0",PALHOCA,Condutor deixou de manter distância do veículo da frente,Engavetamento,Com Vítimas Feridas,Pleno dia,Crescente,Céu Claro,Simples,Reta,Não,4,0,1,2,1,0,3,3,-27.658611,-48.681847,SPRF-SC,DEL01-SC,UOP02-DEL01-SC,2024
"620323,0",2024-08-10,sábado,10:00:00,SC,116,"3,3",MAFRA,Conversão proibida,Colisão transversal,Com Vítimas Feridas,Pleno dia,Crescente,Céu Claro,Simples,Reta,Não,2,0,1,0,1,0,1,2,-26.13073161,-49.79922442,SPRF-SC,DEL06-SC,UOP01-DEL06-SC,2024
"620331,0",2024-08-10,sábado,11:50:00,SC,470,"61,0",BLUMENAU,Desrespeitar a preferência no cruzamento,Colisão transversal,Com Vítimas Feridas,Pleno dia,Crescente,Céu Claro,Simples,Retorno Regulamentado,Sim,4,0,3,0,1,0,3,2,-26.878952,-49.17421,SPRF-SC,DEL04-SC,UOP01-DEL04-SC,2024
"620341,0",2024-08-10,sábado,13:18:00,SC,470,"65,0",INDAIAL,Condutor deixou de manter distância do veículo da frente,Colisão traseira,Com Vítimas Feridas,Pleno dia,Decrescente,Céu Claro,Simples,Reta,Não,2,0,1,0,1,0,1,2,-26.870411,-49.211864,SPRF-SC,DEL04-SC,UOP01-DEL04-SC,2024
"620342,0",2024-07-13,sábado,19:00:00,SC,101,"331,0",TUBARAO,Chuva,Colisão lateral mesmo sentido,Com Vítimas Feridas,Plena Noite,Crescente,Chuva,Dupla,Reta,Sim,2,0,1,0,0,1,1,2,-28.45115639,-48.97286879,SPRF-SC,DEL02-SC,UOP01-DEL02-SC,2024
"620362,0",2024-08-10,sábado,15:30:00,SC,153,"99,0",CONCORDIA,Acessar a via sem observar a presença dos outros veículos,Colisão transversal,Com Vítimas Feridas,Pleno dia,Crescente,Céu Claro,Simples,Reta,Sim,2,0,1,0,1,0,1,2,-27.235508,-51.951069,SPRF-SC,DEL07-SC,UOP04-DEL07-SC,2024
"620388,0",2024-08-10,sábado,17:12:00,SC,282,"3,5",FLORIANOPOLIS,Velocidade Incompatível,Colisão transversal,Com Vítimas Feridas,Anoitecer,Crescente,Céu Claro,Dupla,Reta,Sim,4,0,3,0,1,0,3,3,-27.600384,-48.599705,SPRF-SC,DEL01-SC,UOP01-DEL01-SC,2024
"620396,0",2024-08-10,sábado,18:00:00,SC,101,"207,0",SAO JOSE,Acessar a via sem observar a presença dos outros veículos,Colisão lateral sentido oposto,Com Vítimas Feridas,Plena Noite,Crescente,Céu Claro,Simples,Reta;Interseção de Vias,Sim,2,0,1,0,1,0,1,2,-27.60001226,-48.6226467,SPRF-SC,DEL01-SC,UOP01-DEL01-SC,2024
"620418,0",2024-08-10,sábado,14:20:00,SC,470,"140,0",RIO DO SUL,Condutor deixou de manter distância do veículo da frente,Colisão traseira,Com Vítimas Feridas,Pleno dia,Crescente,Céu Claro,Simples,Reta,Sim,2,0,1,0,0,1,1,2,-27.174187,-49.588497,SPRF-SC,DEL04-SC,UOP02-DEL04-SC,2024
"620419,0",2024-08-10,sábado,17:50:00,SC,101,"18,1",JOINVILLE,Reação tardia ou ineficiente do condutor,Colisão com objeto,Com Vítimas Fatais,Anoitecer,Decrescente,Nublado,Dupla,Curva,Não,2,1,0,1,0,0,1,1,-26.12915805,-48.88910651,SPRF-SC,DEL03-SC,UOP01-DEL03-SC,2024
"620427,0",2024-08-10,sábado,14:30:00,SC,116,"56,0",PAPANDUVA,Velocidade Incompatível,Queda de ocupante de veículo,Com Vítimas Feridas,Pleno dia,Crescente,Sol,Simples,Reta,Não,1,0,1,0,0,0,1,1,-26.38887295,-50.18345597,SPRF-SC,DEL06-SC,UOP02-DEL06-SC,2024
"620428,0",2024-08-10,sábado,20:50:00,SC,101,"94,8",BARRA VELHA,Velocidade Incompatível,Colisão com objeto,Sem Vítimas,Plena Noite,Decrescente,Céu Claro,Dupla,Aclive;Curva,Não,1,0,0,0,1,0,0,1,-26.71045048,-48.70262861,SPRF-SC,DEL03-SC,UOP02-DEL03-SC,2024
"620429,0",2024-08-10,sábado,19:00:00,SC,101,"417,4",ARARANGUA,Iluminação deficiente,Colisão lateral mesmo sentido,Com Vítimas Feridas,Plena Noite,Crescente,Céu Claro,Múltipla,Reta,Não,2,0,1,0,0,1,1,2,-28.981896,-49.538254,SPRF-SC,DEL02-SC,UOP02-DEL02-SC,2024
"620436,0",2024-08-10,sábado,17:25:00,SC,282,"212,1",LAGES,Ingestão de álcool pelo condutor,Colisão traseira,Com Vítimas Feridas,Pleno dia,Decrescente,Céu Claro,Simples,Declive;Em Obras;Reta,Sim,6,0,4,0,2,0,4,4,-27.78327756,-50.25468349,SPRF-SC,DEL05-SC,UOP01-DEL05-SC,2024
"620455,0",2024-08-11,domingo,00:00:00,SC,470,"78,0",RODEIO,Ingestão de álcool pelo condutor,Saída de leito carroçável,Sem Vítimas,Plena Noite,Decrescente,Céu Claro,Simples,Curva,Não,1,0,0,0,0,1,0,1,-26.948776,-49.29723,SPRF-SC,DEL04-SC,UOP01-DEL04-SC,2024
"620456,0",2024-08-11,domingo,00:10:00,SC,101,"424,5",ARARANGUA,Reação tardia ou ineficiente do condutor,Saída de leito carroçável,Sem Vítimas,Plena Noite,Decrescente,Céu Claro,Múltipla,Reta,Sim,1,0,0,0,1,0,0,1,-29.02303935,-49.59460258,SPRF-SC,DEL02-SC,UOP02-DEL02-SC,2024
"620489,0",2024-08-11,domingo,07:10:00,SC,101,"121,0",ITAJAI,Reação tardia ou ineficiente do condutor,Tombamento,Com Vítimas Feridas,Pleno dia,Crescente,Céu Claro,Dupla,Reta,Sim,1,0,1,0,0,0,1,1,-26.92103178,-48.70856446,SPRF-SC,DEL04-SC,UOP04-DEL04-SC,2024
"620492,0",2024-08-11,domingo,05:55:00,SC,101,"204,0",SAO JOSE,Ingestão de álcool pelo condutor,Saída de leito carroçável,Sem Vítimas,Amanhecer,Decrescente,Céu Claro,Múltipla,Reta,Sim,1,0,0,0,1,0,0,1,-27.57413014,-48.61363083,SPRF-SC,DEL01-SC,UOP01-DEL01-SC,2024
"620508,0",2024-08-11,domingo,10:30:00,SC,101,"219,4",PALHOCA,Manobra de mudança de faixa,Colisão lateral mesmo sentido,Com Vítimas Feridas,Pleno dia,Decrescente,Céu Claro,Dupla,Reta,Sim,3,0,2,0,0,1,2,2,-27.68924734,-48.66488457,SPRF-SC,DEL01-SC,UOP02-DEL01-SC,2024
"620516,0",2024-08-11,domingo,11:20:00,SC,101,"53,0",JOINVILLE,Demais falhas mecânicas ou elétricas,Saída de leito carroçável,Com Vítimas Feridas,Pleno dia,Crescente,Sol,Dupla,Reta,Não,1,0,1,0,0,0,1,1,-26.416237,-48.834945,SPRF-SC,DEL03-SC,UOP01-DEL03-SC,2024
"620519,0",2024-08-11,domingo,11:30:00,SC,101,"206,6",SAO JOSE,Condutor deixou de manter distância do veículo da frente,Colisão traseira,Com Vítimas Feridas,Pleno dia,Crescente,Céu Claro,Múltipla,Reta,Sim,2,0,1,0,1,0,1,2,-27.59193546,-48.61824557,SPRF-SC,DEL01-SC,UOP01-DEL01-SC,2024
"620524,0",2024-08-11,domingo,11:50:00,SC,101,"98,2",BALNEARIO PICARRAS,Reação tardia ou ineficiente do condutor,Queda de ocupante de veículo,Com Vítimas Feridas,Pleno dia,Decrescente,Céu Claro,Dupla,Reta,Não,1,0,1,0,0,0,1,1,-26.73760897,-48.69918789,SPRF-SC,DEL03-SC,UOP02-DEL03-SC,2024