id,data_inversa,dia_semana,horario,uf,br,km,municipio,causa_acidente,tipo_acidente,classificacao_acidente,fase_dia,sentido_via,condicao_metereologica,tipo_pista,tracado_via,uso_solo,pessoas,mortos,feridos_leves,feridos_graves,ilesos,ignorados,feridos,veiculos,latitude,longitude,regional,delegacia,uop,ano_arquivo
"620527,0",2024-08-11,domingo,11:50:00,SC,101,"210,2",SAO JOSE,Reação tardia ou ineficiente do condutor,Colisão traseira,Com Vítimas Feridas,Pleno dia,Decrescente,Céu Claro,Dupla,Reta,Sim,3,0,1,0,2,0,1,2,-27.6167305,-48.6457265,SPRF-SC,DEL01-SC,UOP01-DEL01-SC,2024
"620531,0",2024-08-11,domingo,10:50:00,SC,282,"1,0",FLORIANOPOLIS,Reação tardia ou ineficiente do condutor,Colisão transversal,Com Vítimas Feridas,Pleno dia,Crescente,Sol,Múltipla,Reta,Não,3,0,2,0,1,0,2,2,-27.602955,-48.580509,SPRF-SC,DEL01-SC,UOP01-DEL01-SC,2024
"620532,0",2024-08-11,domingo,09:05:00,SC,282,"1,5",FLORIANOPOLIS,Ausência de reação do condutor,Colisão transversal,Com Vítimas Feridas,Pleno dia,Crescente,Céu Claro,Múltipla,Reta,Sim,7,0,4,0,3,0,4,3,-27.602955,-48.580509,SPRF-SC,DEL01-SC,UOP01-DEL01-SC,2024
"620539,0",2024-08-11,domingo,13:35:00,SC,101,"420,6",ARARANGUA,Desrespeitar a preferência no cruzamento,Colisão frontal,Com Vítimas Feridas,Pleno dia,Crescente,Céu Claro,Múltipla,Reta;Interseção de Vias,Não,4,0,2,0,2,0,2,2,-29.00266998,-49.55958366,SPRF-SC,DEL02-SC,UOP02-DEL02-SC,2024
"620545,0",2024-08-11,domingo,15:55:00,SC,280,"21,9",ARAQUARI,Reação tardia ou ineficiente do condutor,Colisão traseira,Sem Vítimas,Pleno dia,Crescente,Sol,Simples,Reta,Sim,2,0,0,0,2,0,0,2,-26.37043169,-48.69219602,SPRF-SC,DEL03-SC,UOP03-DEL03-SC,2024
"620548,0",2024-08-11,domingo,14:40:00,SC,101,"52,7",JOINVILLE,Frear bruscamente,Colisão com objeto,Com Vítimas Feridas,Pleno dia,Decrescente,Céu Claro,Múltipla,Reta,Não,2,0,1,0,1,0,1,1,-26.41401042,-48.83577347,SPRF-SC,DEL03-SC,UOP01-DEL03-SC,2024
"620551,0",2024-08-11,domingo,14:00:00,SC,163,"1,2",DIONISIO CERQUEIRA,Desrespeitar a preferência no cruzamento,Colisão transversal,Com Vítimas Feridas,Pleno dia,Crescente,Céu Claro,Simples,Reta,Não,2,0,2,0,0,0,2,2,-26.2613,-53.6206,SPRF-SC,DEL07-SC,UOP03-DEL07-SC,2024
"620560,0",2024-08-11,domingo,14:50:00,SC,158,"134,2",CAIBI,Desrespeitar a preferência no cruzamento,Colisão transversal,Com Vítimas Feridas,Pleno dia,Crescente,Sol,Simples,Reta;Interseção de Vias,Não,6,0,1,0,5,0,1,2,-27.07028481,-53.22978973,SPRF-SC,DEL07-SC,UOP02-DEL07-SC,2024
"620574,0",2024-08-11,domingo,16:55:00,SC,470,"94,8",APIUNA,Conversão proibida,Colisão transversal,Com Vítimas Feridas,Pleno dia,Crescente,Sol,Simples,Reta;Interseção de Vias,Não,4,0,3,1,0,0,4,2,-27.01277439,-49.37190598,SPRF-SC,DEL04-SC,UOP01-DEL04-SC,2024
"620629,0",2024-08-11,domingo,20:20:00,SC,470,"162,4",TROMBUDO CENTRAL,Pedestre andava na pista,Atropelamento de Pedestre,Com Vítimas Fatais,Plena Noite,Crescente,Céu Claro,Simples,Reta,Não,2,1,0,0,0,1,0,2,-27.2817964,-49.81835783,SPRF-SC,DEL04-SC,UOP02-DEL04-SC,2024
"620639,0",2024-08-11,domingo,19:00:00,SC,282,"108,5",ALFREDO WAGNER,Demais falhas na via,Capotamento,Sem Vítimas,Plena Noite,Decrescente,Ignorado,Simples,Curva,Não,1,0,0,0,0,1,0,1,-27.710777,-49.356228,SPRF-SC,DEL01-SC,UOP03-DEL01-SC,2024
"620702,0",2024-08-12,segunda-feira,04:30:00,SC,101,"233,0",PALHOCA,Reação tardia ou ineficiente do condutor,Saída de leito carroçável,Sem Vítimas,Plena Noite,Crescente,Céu Claro,Dupla,Aclive;Reta,Não,1,0,0,0,1,0,0,1,-27.80376397,-48.63826211,SPRF-SC,DEL01-SC,UOP02-DEL01-SC,2024
"620712,0",2024-08-12,segunda-feira,06:34:00,SC,470,"52,0",BLUMENAU,Acessar a via sem observar a presença dos outros veículos,Atropelamento de Pedestre,Com Vítimas Feridas,Amanhecer,Crescente,Céu Claro,Dupla,Rotatória;Interseção de Vias,Sim,2,0,2,0,0,0,2,2,-26.862286,-49.093903,SPRF-SC,DEL04-SC,UOP01-DEL04-SC,2024
"620717,0",2024-08-12,segunda-feira,07:20:00,SC,282,"4,0",SAO JOSE,Trafegar com motocicleta (ou similar) entre as faixas,Colisão lateral mesmo sentido,Com Vítimas Feridas,Pleno dia,Decrescente,Céu Claro,Múltipla,Reta,Não,2,0,1,0,1,0,1,2,-27.592646,-48.604034,SPRF-SC,DEL01-SC,UOP01-DEL01-SC,2024
"620733,0",2024-03-20,quarta-feira,11:00:00,SC,470,"158,0",TROMBUDO CENTRAL,Acessar a via sem observar a presença dos outros veículos,Colisão transversal,Com Vítimas Feridas,Pleno dia,Decrescente,Céu Claro,Simples,Interseção de Vias,Não,2,0,1,0,1,0,1,2,-27.287016,-49.778389,SPRF-SC,DEL04-SC,UOP02-DEL04-SC,2024
"620735,0",2024-08-12,segunda-feira,08:50:00,SC,282,"4,7",SAO JOSE,Ausência de reação do condutor,Colisão traseira,Com Vítimas Feridas,Pleno dia,Decrescente,Céu Claro,Múltipla,Reta,Sim,3,0,1,0,2,0,1,2,-27.600384,-48.599705,SPRF-SC,DEL01-SC,UOP01-DEL01-SC,2024
"620748,0",2024-08-12,segunda-feira,06:55:00,SC,101,"379,6",ICARA,Condutor deixou de manter distância do veículo da frente,Colisão traseira,Com Vítimas Feridas,Pleno dia,Decrescente,Céu Claro,Dupla,Reta,Sim,2,0,2,0,0,0,2,2,-28.74651646,-49.2599038,SPRF-SC,DEL02-SC,UOP02-DEL02-SC,2024
"620779,0",2024-08-12,segunda-feira,07:40:00,SC,101,"202,0",SAO JOSE,Manobra de mudança de faixa,Colisão lateral mesmo sentido,Com Vítimas Feridas,Pleno dia,Crescente,Céu Claro,Dupla,Reta,Não,3,0,1,0,2,0,1,2,-27.55711595,-48.61897889,SPRF-SC,DEL01-SC,UOP01-DEL01-SC,2024
"620806,0",2024-08-12,segunda-feira,09:50:00,SC,101,"331,0",TUBARAO,Reação tardia ou ineficiente do condutor,Colisão lateral mesmo sentido,Com Vítimas Feridas,Pleno dia,Decrescente,Céu Claro,Múltipla,Em Obras;Curva,Sim,2,0,1,0,1,0,1,2,-28.45567521,-48.9812689,SPRF-SC,DEL02-SC,UOP01-DEL02-SC,2024
"620807,0",2024-08-12,segunda-feira,11:45:00,SC,101,"366,3",SANGAO,Ausência de reação do condutor,Colisão traseira,Com Vítimas Feridas,Pleno dia,Decrescente,Céu Claro,Dupla,Reta,Não,3,0,1,0,2,0,1,3,-28.69420165,-49.17034149,SPRF-SC,DEL02-SC,UOP01-DEL02-SC,2024
"620810,0",2024-08-12,segunda-feira,14:30:00,SC,101,"158,0",PORTO BELO,Condutor deixou de manter distância do veículo da frente,Colisão lateral mesmo sentido,Com Vítimas Feridas,Pleno dia,Decrescente,Céu Claro,Dupla,Reta,Não,3,0,1,1,1,0,2,3,-27.19096301,-48.61259017,SPRF-SC,DEL04-SC,UOP03-DEL04-SC,2024
"620824,0",2024-08-12,segunda-feira,16:35:00,SC,101,"147,9",ITAPEMA,Ausência de reação do condutor,Colisão traseira,Com Vítimas Feridas,Pleno dia,Crescente,Céu Claro,Múltipla,Reta,Sim,2,0,2,0,0,0,2,2,-27.09237407,-48.61730888,SPRF-SC,DEL04-SC,UOP03-DEL04-SC,2024
"620865,0",2024-08-12,segunda-feira,17:45:00,SC,280,"52,0",GUARAMIRIM,Reação tardia ou ineficiente do condutor,Engavetamento,Com Vítimas Feridas,Anoitecer,Decrescente,Céu Claro,Dupla,Reta,Não,6,0,0,2,4,0,2,4,-26.468904,-48.96492,SPRF-SC,DEL03-SC,UOP03-DEL03-SC,2024
"620867,0",2024-08-12,segunda-feira,19:34:00,SC,280,"225,2",TRES BARRAS,Transitar na contramão,Colisão frontal,Com Vítimas Feridas,Plena Noite,Decrescente,Céu Claro,Simples,Reta,Não,4,0,3,0,1,0,3,2,-26.17875971,-50.31308811,SPRF-SC,DEL06-SC,UOP04-DEL06-SC,2024
"620879,0",2024-08-12,segunda-feira,18:35:00,SC,282,"27,0",SANTO AMARO DA IMPERATRIZ,Transitar na contramão,Colisão frontal,Com Vítimas Feridas,Plena Noite,Crescente,Céu Claro,Simples,Reta,Sim,3,0,0,2,0,1,2,3,-27.673981,-48.769676,SPRF-SC,DEL01-SC,UOP03-DEL01-SC,2024
"620887,0",2024-08-12,segunda-feira,23:30:00,SC,101,"142,0",BALNEARIO CAMBORIU,Ausência de reação do condutor,Colisão com objeto,Com Vítimas Feridas,Plena Noite,Decrescente,Céu Claro,Simples,Reta,Não,1,0,1,0,0,0,1,1,-27.056089,-48.599449,SPRF-SC,DEL04-SC,UOP03-DEL04-SC,2024
"620916,0",2024-08-13,terça-feira,07:30:00,SC,101,"204,0",SAO JOSE,Manobra de mudança de faixa,Colisão transversal,Com Vítimas Feridas,Pleno dia,Decrescente,Céu Claro,Múltipla,Interseção de Vias,Sim,2,0,1,0,1,0,1,2,-27.57413014,-48.61363083,SPRF-SC,DEL01-SC,UOP01-DEL01-SC,2024
"620923,0",2024-08-05,segunda-feira,18:15:00,SC,101,"147,0",ITAPEMA,Reação tardia ou ineficiente do condutor,Colisão traseira,Com Vítimas Feridas,Anoitecer,Decrescente,Céu Claro,Dupla,Reta,Sim,2,0,1,0,1,0,1,2,-27.09237407,-48.61730888,SPRF-SC,DEL04-SC,UOP03-DEL04-SC,2024
"620927,0",2024-08-13,terça-feira,07:40:00,SC,101,"116,9",ITAJAI,Ausência de reação do condutor,Tombamento,Com Vítimas Feridas,Pleno dia,Crescente,Sol,Dupla,Reta,Não,1,0,1,0,0,0,1,1,-26.87905605,-48.72603512,SPRF-SC,DEL04-SC,UOP04-DEL04-SC,2024
"620938,0",2024-08-13,terça-feira,09:00:00,SC,282,"3,0",FLORIANOPOLIS,Trafegar com motocicleta (ou similar) entre as faixas,Colisão traseira,Com Vítimas Feridas,Pleno dia,Decrescente,Céu Claro,Múltipla,Reta,Não,2,0,1,0,1,0,1,2,-27.600384,-48.599705,SPRF-SC,DEL01-SC,UOP01-DEL01-SC,2024
"620951,0",2024-08-13,terça-feira,10:00:00,SC,101,"203,7",SAO JOSE,Manobra de mudança de faixa,Colisão lateral mesmo sentido,Com Vítimas Feridas,Pleno dia,Crescente,Céu Claro,Múltipla,Reta,Sim,2,0,1,0,1,0,1,2,-27.57413014,-48.61363083,SPRF-SC,DEL01-SC,UOP01-DEL01-SC,2024
"620999,0",2024-07-04,quinta-feira,11:30:00,SC,282,"387,3",JOACABA,Reação tardia ou ineficiente do condutor,Colisão lateral mesmo sentido,Com Vítimas Feridas,Pleno dia,Crescente,Garoa/Chuvisco,Simples,Reta,Não,2,0,0,1,1,0,1,2,-27.178274,-51.524025,SPRF-SC,DEL07-SC,UOP05-DEL07-SC,2024
"621021,0",2024-08-13,terça-feira,14:10:00,SC,470,"163,8",TROMBUDO CENTRAL,Ausência de reação do condutor,Colisão transversal,Com Vítimas Feridas,Pleno dia,Crescente,Céu Claro,Simples,Interseção de Vias;Curva;Aclive,Sim,2,0,1,0,1,0,1,2,-27.278976,-49.825996,SPRF-SC,DEL04-SC,UOP02-DEL04-SC,2024
"621022,0",2024-08-13,terça-feira,17:08:00,SC,282,"19,9",PALHOCA,Acessar a via sem observar a presença dos outros veículos,Colisão transversal,Com Vítimas Feridas,Pleno dia,Decrescente,Céu Claro,Simples,Reta,Sim,2,0,1,0,1,0,1,2,-27.678635,-48.70192,SPRF-SC,DEL01-SC,UOP02-DEL01-SC,2024
"621023,0",2024-08-13,terça-feira,15:50:00,SC,282,"522,7",XAXIM,Velocidade Incompatível,Saída de leito carroçável,Com Vítimas Feridas,Pleno dia,Decrescente,Céu Claro,Simples,Rotatória;Declive;Reta,Sim,1,0,1,0,0,0,1,1,-26.95990414,-52.54566014,SPRF-SC,DEL07-SC,UOP01-DEL07-SC,2024
"621079,0",2024-08-13,terça-feira,21:40:00,SC,101,"134,0",BALNEARIO CAMBORIU,Reação tardia ou ineficiente do condutor,Colisão transversal,Com Vítimas Feridas,Plena Noite,Crescente,Céu Claro,Simples,Reta;Interseção de Vias,Sim,2,0,0,1,1,0,1,2,-27.00218,-48.636433,SPRF-SC,DEL04-SC,UOP03-DEL04-SC,2024
"621082,0",2024-08-13,terça-feira,22:45:00,SC,282,"583,0",PINHALZINHO,Ingestão de álcool pelo condutor,Colisão com objeto,Sem Vítimas,Plena Noite,Crescente,Céu Claro,Simples,Reta,Não,1,0,0,0,1,0,0,1,-26.828905,-53.009552,SPRF-SC,DEL07-SC,UOP02-DEL07-SC,2024
"621095,0",2024-08-14,quarta-feira,03:25:00,SC,101,"146,8",ITAPEMA,Ausência de reação do condutor,Colisão com objeto,Com Vítimas Feridas,Plena Noite,Decrescente,Nublado,Dupla,Reta,Sim,1,0,0,1,0,0,1,1,-27.091495,-48.616435,SPRF-SC,DEL04-SC,UOP03-DEL04-SC,2024
"621119,0",2024-08-14,quarta-feira,07:50:00,SC,101,"114,4",ITAJAI,Manobra de mudança de faixa,Colisão lateral mesmo sentido,Com Vítimas Feridas,Pleno dia,Decrescente,Céu Claro,Múltipla,Reta,Não,2,0,1,0,1,0,1,2,-26.86192886,-48.7286704,SPRF-SC,DEL04-SC,UOP04-DEL04-SC,2024
"621127,0",2024-08-14,quarta-feira,07:40:00,SC,101,"210,5",SAO JOSE,Reação tardia ou ineficiente do condutor,Colisão traseira,Com Vítimas Feridas,Pleno dia,Crescente,Céu Claro,Dupla,Reta,Sim,2,0,1,0,1,0,1,2,-27.6167305,-48.6457265,SPRF-SC,DEL01-SC,UOP01-DEL01-SC,2024
"621133,0",2024-08-14,quarta-feira,06:20:00,SC,282,"412,4",CATANDUVAS,Acumulo de areia ou detritos sobre o pavimento,Saída de leito carroçável,Com Vítimas Feridas,Amanhecer,Decrescente,Céu Claro,Simples,Curva,Não,1,0,1,0,0,0,1,1,-27.055775,-51.688843,SPRF-SC,DEL07-SC,UOP05-DEL07-SC,2024
"621178,0",2024-08-14,quarta-feira,13:00:00,SC,282,"4,8",SAO JOSE,Trafegar com motocicleta (ou similar) entre as faixas,Colisão com objeto,Com Vítimas Feridas,Pleno dia,Decrescente,Céu Claro,Dupla,Declive,Sim,2,0,1,0,1,0,1,1,-27.592646,-48.604034,SPRF-SC,DEL01-SC,UOP01-DEL01-SC,2024
"621188,0",2024-08-14,quarta-feira,12:25:00,SC,116,"247,8",LAGES,Acessar a via sem observar a presença dos outros veículos,Colisão transversal,Com Vítimas Feridas,Pleno dia,Crescente,Céu Claro,Simples,Reta,Não,2,0,1,0,1,0,1,2,-27.81786084,-50.37287235,SPRF-SC,DEL05-SC,UOP02-DEL05-SC,2024
"621237,0",2024-08-14,quarta-feira,18:30:00,SC,280,"234,0",CANOINHAS,Demais falhas mecânicas ou elétricas,Colisão traseira,Com Vítimas Feridas,Anoitecer,Crescente,Céu Claro,Simples,Reta;Declive,Sim,3,0,2,0,1,0,2,2,-26.19130591,-50.40255601,SPRF-SC,DEL06-SC,UOP04-DEL06-SC,2024
"621244,0",2024-08-14,quarta-feira,19:30:00,SC,101,"120,0",ITAJAI,Condutor deixou de manter distância do veículo da frente,Colisão lateral mesmo sentido,Com Vítimas Feridas,Plena Noite,Crescente,Céu Claro,Dupla,Reta,Não,2,0,0,1,1,0,1,2,-26.912758,-48.711998,SPRF-SC,DEL04-SC,UOP04-DEL04-SC,2024
"621250,0",2024-08-14,quarta-feira,19:45:00,SC,101,"446,4",SANTA ROSA DO SUL,Manobra de mudança de faixa,Colisão frontal,Com Vítimas Feridas,Plena Noite,Crescente,Nublado,Múltipla,Interseção de Vias;Reta,Sim,4,0,3,0,1,0,3,2,-29.14529081,-49.72240128,SPRF-SC,DEL02-SC,UOP02-DEL02-SC,2024
"621272,0",2024-08-14,quarta-feira,19:05:00,SC,280,"81,2",CORUPA,Desrespeitar a preferência no cruzamento,Colisão transversal,Com Vítimas Feridas,Plena Noite,Decrescente,Céu Claro,Simples,Reta,Sim,3,0,0,2,1,0,2,2,-26.43671087,-49.24028814,SPRF-SC,DEL06-SC,UOP03-DEL06-SC,2024
"621276,0",2024-07-23,terça-feira,18:00:00,SC,470,"46,8",BLUMENAU,Ultrapassagem Indevida,Colisão transversal,Com Vítimas Feridas,Anoitecer,Crescente,Ignorado,Simples,Reta;Em Obras,Não,2,0,1,0,1,0,1,2,-26.86349792,-49.04440826,SPRF-SC,DEL04-SC,UOP01-DEL04-SC,2024
"621279,0",2024-08-15,quinta-feira,00:30:00,SC,101,"195,0",BIGUACU,Condutor deixou de manter distância do veículo da frente,Colisão traseira,Com Vítimas Fatais,Plena Noite,Crescente,Céu Claro,Múltipla,Viaduto;Reta,Sim,3,1,1,0,1,0,1,2,-27.5047092,-48.65010819,SPRF-SC,DEL01-SC,UOP01-DEL01-SC,2024
"621315,0",2024-08-15,quinta-feira,07:30:00,SC,280,"24,0",ARAQUARI,Acessar a via sem observar a presença dos outros veículos,Colisão frontal,Com Vítimas Feridas,Pleno dia,Crescente,Céu Claro,Simples,Reta,Sim,2,0,0,1,1,0,1,2,-26.37724921,-48.71953282,SPRF-SC,DEL03-SC,UOP03-DEL03-SC,2024
"621318,0",2024-08-11,domingo,17:00:00,SC,116,"7,0",MAFRA,Acessar a via sem observar a presença dos outros veículos,Colisão transversal,Com Vítimas Feridas,Pleno dia,Decrescente,Céu Claro,Simples,Reta;Interseção de Vias,Sim,6,0,3,0,3,0,3,2,-26.153223,-49.83286858,SPRF-SC,DEL06-SC,UOP01-DEL06-SC,2024
"621354,0",2024-08-15,quinta-feira,12:40:00,SC,280,"51,4",GUARAMIRIM,Acessar a via sem observar a presença dos outros veículos,Colisão traseira,Com Vítimas Feridas,Pleno dia,Crescente,Céu Claro,Dupla,Reta;Retorno Regulamentado,Sim,3,0,1,0,2,0,1,2,-26.47236756,-48.97426617,SPRF-SC,DEL03-SC,UOP03-DEL03-SC,2024
"621369,0",2024-08-15,quinta-feira,13:40:00,SC,101,"282,5",IMBITUBA,Desrespeitar a preferência no cruzamento,Colisão transversal,Com Vítimas Feridas,Pleno dia,Decrescente,Céu Claro,Simples,Rotatória;Interseção de Vias,Não,2,0,1,0,1,0,1,2,-28.21506528,-48.6994797,SPRF-SC,DEL02-SC,UOP03-DEL02-SC,2024
"621373,0",2024-08-15,quinta-feira,14:30:00,SC,101,"94,0",BARRA VELHA,Ausência de reação do condutor,Colisão traseira,Com Vítimas Feridas,Pleno dia,Crescente,Céu Claro,Dupla,Reta,Não,4,0,1,0,3,0,1,3,-26.69940401,-48.69902784,SPRF-SC,DEL03-SC,UOP02-DEL03-SC,2024
"621379,0",2024-08-15,quinta-feira,15:00:00,SC,282,"58,1",RANCHO QUEIMADO,Acessar a via sem observar a presença dos outros veículos,Colisão transversal,Com Vítimas Feridas,Pleno dia,Crescente,Sol,Simples,Aclive;Interseção de Vias,Não,2,0,1,0,1,0,1,2,-27.683594,-49.005539,SPRF-SC,DEL01-SC,UOP03-DEL01-SC,2024
"621380,0",2024-08-15,quinta-feira,12:10:00,SC,163,"122,6",DIONISIO CERQUEIRA,Condutor deixou de manter distância do veículo da frente,Engavetamento,Com Vítimas Feridas,Pleno dia,Crescente,Céu Claro,Simples,Aclive;Reta,Não,6,0,6,0,0,0,6,3,-26.31219901,-53.54770398,SPRF-SC,DEL07-SC,UOP03-DEL07-SC,2024
"621421,0",2024-08-15,quinta-feira,19:00:00,SC,101,"210,0",SAO JOSE,Ausência de reação do condutor,Colisão lateral mesmo sentido,Com Vítimas Feridas,Plena Noite,Decrescente,Céu Claro,Múltipla,Reta,Sim,2,0,1,0,1,0,1,2,-27.6167305,-48.6457265,SPRF-SC,DEL01-SC,UOP01-DEL01-SC,2024
"621442,0",2024-08-15,quinta-feira,21:00:00,SC,101,"130,0",BALNEARIO CAMBORIU,Trafegar com motocicleta (ou similar) entre as faixas,Colisão traseira,Com Vítimas Feridas,Plena Noite,Crescente,Céu Claro,Dupla,Reta,Sim,2,0,1,0,1,0,1,2,-26.98407618,-48.66977107,SPRF-SC,DEL04-SC,UOP03-DEL04-SC,2024
"621444,0",2024-06-13,quinta-feira,05:00:00,SC,282,"305,8",VARGEM,Condutor Dormindo,Colisão frontal,Com Vítimas Fatais,Plena Noite,Decrescente,Nevoeiro/Neblina,Simples,Declive;Reta,Não,7,2,5,0,0,0,5,2,-27.4953795,-50.9616411,SPRF-SC,DEL07-SC,UOP06-DEL07-SC,2024
"621455,0",2024-08-15,quinta-feira,22:10:00,SC,282,"17,0",PALHOCA,Acessar a via sem observar a presença dos outros veículos,Colisão transversal,Com Vítimas Feridas,Plena Noite,Decrescente,Céu Claro,Simples,Reta,Sim,2,0,1,0,1,0,1,2,-27.665707,-48.688065,SPRF-SC,DEL01-SC,UOP02-DEL01-SC,2024
"621481,0",2024-08-16,sexta-feira,01:00:00,SC,101,"127,6",ITAJAI,Reação tardia ou ineficiente do condutor,Colisão lateral mesmo sentido,Com Vítimas Feridas,Plena Noite,Crescente,Céu Claro,Dupla,Curva,Não,3,0,1,0,1,1,1,3,-26.9639319,-48.68328024,SPRF-SC,DEL04-SC,UOP04-DEL04-SC,2024
"621515,0",2024-08-16,sexta-feira,08:15:00,SC,101,"209,8",SAO JOSE,Reação tardia ou ineficiente do condutor,Colisão lateral mesmo sentido,Com Vítimas Feridas,Pleno dia,Decrescente,Céu Claro,Múltipla,Interseção de Vias,Sim,3,0,1,0,2,0,1,2,-27.61000542,-48.63895057,SPRF-SC,DEL01-SC,UOP01-DEL01-SC,2024
"621532,0",2024-08-16,sexta-feira,10:40:00,SC,101,"216,6",PALHOCA,Acessar a via sem observar a presença dos outros veículos,Colisão lateral mesmo sentido,Com Vítimas Feridas,Pleno dia,Decrescente,Céu Claro,Múltipla,Reta,Sim,2,0,1,0,1,0,1,2,-27.65981409,-48.67747798,SPRF-SC,DEL01-SC,UOP02-DEL01-SC,2024
"621545,0",2024-08-16,sexta-feira,07:30:00,SC,101,"331,0",TUBARAO,Condutor deixou de manter distância do veículo da frente,Atropelamento de Animal,Com Vítimas Feridas,Pleno dia,Decrescente,Céu Claro,Múltipla,Curva,Sim,3,0,1,0,1,1,1,3,-28.45567521,-48.9812689,SPRF-SC,DEL02-SC,UOP01-DEL02-SC,2024
"621562,0",2024-08-16,sexta-feira,13:30:00,SC,470,"164,0",POUSO REDONDO,Acessar a via sem observar a presença dos outros veículos,Colisão transversal,Com Vítimas Feridas,Pleno dia,Crescente,Céu Claro,Simples,Aclive,Não,2,0,0,1,1,0,1,2,-27.278645,-49.836048,SPRF-SC,DEL04-SC,UOP02-DEL04-SC,2024
"621581,0",2024-08-16,sexta-feira,16:10:00,SC,101,"137,0",BALNEARIO CAMBORIU,Reação tardia ou ineficiente do condutor,Tombamento,Com Vítimas Feridas,Pleno dia,Crescente,Nevoeiro/Neblina,Dupla,Viaduto;Reta,Não,1,0,1,0,0,0,1,1,-27.0157238,-48.61192763,SPRF-SC,DEL04-SC,UOP03-DEL04-SC,2024
"621587,0",2024-08-16,sexta-feira,16:26:00,SC,470,"67,0",INDAIAL,Ausência de reação do condutor,Capotamento,Com Vítimas Feridas,Pleno dia,Crescente,Céu Claro,Dupla,Reta,Sim,1,0,0,1,0,0,1,1,-26.872158,-49.23127,SPRF-SC,DEL04-SC,UOP01-DEL04-SC,2024
"621592,0",2024-08-16,sexta-feira,14:00:00,SC,280,"260,0",CANOINHAS,Conversão proibida,Colisão transversal,Com Vítimas Feridas,Pleno dia,Crescente,Céu Claro,Simples,Reta,Não,4,0,2,0,2,0,2,2,-26.26206627,-50.63822202,SPRF-SC,DEL06-SC,UOP04-DEL06-SC,2024
"621597,0",2024-08-16,sexta-feira,17:40:00,SC,101,"282,4",IMBITUBA,Desrespeitar a preferência no cruzamento,Colisão transversal,Com Vítimas Feridas,Anoitecer,Decrescente,Nublado,Simples,Viaduto;Reta;Interseção de Vias,Sim,2,0,1,0,1,0,1,2,-28.19626005,-48.69739859,SPRF-SC,DEL02-SC,UOP03-DEL02-SC,2024
"621604,0",2024-08-16,sexta-feira,17:50:00,SC,280,"46,1",GUARAMIRIM,Conversão proibida,Colisão transversal,Com Vítimas Feridas,Anoitecer,Crescente,Nublado,Simples,Reta,Não,2,0,2,0,0,0,2,2,-26.453175,-48.910341,SPRF-SC,DEL03-SC,UOP03-DEL03-SC,2024
"621605,0",2024-08-16,sexta-feira,16:30:00,SC,163,"97,2",SAO JOSE DO CEDRO,Condutor usando celular,Saída de leito carroçável,Com Vítimas Feridas,Pleno dia,Crescente,Céu Claro,Simples,Declive;Curva,Não,1,0,1,0,0,0,1,1,-26.508697,-53.51299091,SPRF-SC,DEL07-SC,UOP03-DEL07-SC,2024
"621614,0",2024-08-16,sexta-feira,18:50:00,SC,101,"132,0",BALNEARIO CAMBORIU,Ausência de reação do condutor,Tombamento,Com Vítimas Feridas,Anoitecer,Decrescente,Nublado,Múltipla,Reta,Sim,1,0,1,0,0,0,1,1,-26.99654133,-48.65564711,SPRF-SC,DEL04-SC,UOP03-DEL04-SC,2024
"621616,0",2024-08-16,sexta-feira,18:30:00,SC,470,"250,0",CURITIBANOS,Acessar a via sem observar a presença dos outros veículos,Colisão transversal,Com Vítimas Feridas,Anoitecer,Crescente,Céu Claro,Simples,Reta,Sim,5,0,1,0,4,0,1,2,-27.3121434,-50.58668196,SPRF-SC,DEL05-SC,UOP03-DEL05-SC,2024
"621630,0",2024-08-16,sexta-feira,19:00:00,SC,101,"327,2",CAPIVARI DE BAIXO,Desrespeitar a preferência no cruzamento,Colisão lateral mesmo sentido,Com Vítimas Feridas,Plena Noite,Crescente,Céu Claro,Múltipla,Declive;Reta;Rotatória,Sim,2,0,1,0,1,0,1,2,-28.43023306,-48.95205197,SPRF-SC,DEL02-SC,UOP01-DEL02-SC,2024
"621635,0",2024-08-16,sexta-feira,19:05:00,SC,470,"176,0",POUSO REDONDO,Conversão proibida,Colisão transversal,Com Vítimas Feridas,Plena Noite,Decrescente,Céu Claro,Simples,Reta,Não,3,0,1,0,2,0,1,2,-27.254238,-49.948658,SPRF-SC,DEL04-SC,UOP02-DEL04-SC,2024
"621696,0",2024-08-17,sábado,04:30:00,SC,280,"57,5",GUARAMIRIM,Acessar a via sem observar a presença dos outros veículos,Colisão transversal,Com Vítimas Feridas,Plena Noite,Crescente,Nevoeiro/Neblina,Dupla,Rotatória,Sim,2,0,0,1,1,0,1,2,-26.47811421,-49.01259213,SPRF-SC,DEL03-SC,UOP03-DEL03-SC,2024