id,data_inversa,dia_semana,horario,uf,br,km,municipio,causa_acidente,tipo_acidente,classificacao_acidente,fase_dia,sentido_via,condicao_metereologica,tipo_pista,tracado_via,uso_solo,pessoas,mortos,feridos_leves,feridos_graves,ilesos,ignorados,feridos,veiculos,latitude,longitude,regional,delegacia,uop,ano_arquivo
"622528,0",2024-08-09,sexta-feira,09:40:00,SC,282,"70,0",RANCHO QUEIMADO,Curva acentuada,Queda de ocupante de veículo,Com Vítimas Feridas,Pleno dia,Crescente,Céu Claro,Simples,Reta,Não,1,0,1,0,0,0,1,1,-27.692705,-49.091351,SPRF-SC,DEL01-SC,UOP03-DEL01-SC,2024
"622530,0",2024-07-17,quarta-feira,04:30:00,SC,280,"57,0",GUARAMIRIM,Acumulo de óleo sobre o pavimento,Saída de leito carroçável,Com Vítimas Feridas,Plena Noite,Crescente,Garoa/Chuvisco,Dupla,Rotatória,Sim,5,0,4,0,1,0,4,4,-26.47811421,-49.01259213,SPRF-SC,DEL03-SC,UOP03-DEL03-SC,2024
"622550,0",2024-08-20,terça-feira,13:35:00,SC,101,"310,9",LAGUNA,Desrespeitar a preferência no cruzamento,Colisão lateral mesmo sentido,Com Vítimas Feridas,Pleno dia,Decrescente,Nublado,Múltipla,Rotatória;Aclive,Não,2,0,1,0,1,0,1,2,-28.41679416,-48.79529064,SPRF-SC,DEL02-SC,UOP01-DEL02-SC,2024
"622558,0",2024-08-20,terça-feira,18:00:00,SC,280,"122,0",RIO NEGRINHO,Reação tardia ou ineficiente do condutor,Queda de ocupante de veículo,Com Vítimas Feridas,Plena Noite,Decrescente,Garoa/Chuvisco,Simples,Em Obras;Reta,Sim,1,0,1,0,0,0,1,1,-26.24855895,-49.45712883,SPRF-SC,DEL06-SC,UOP03-DEL06-SC,2024
"622567,0",2024-08-20,terça-feira,19:00:00,SC,280,"8,0",SAO FRANCISCO DO SUL,Ingestão de álcool pelo condutor,Colisão lateral mesmo sentido,Sem Vítimas,Plena Noite,Crescente,Céu Claro,Dupla,Rotatória,Sim,3,0,0,0,3,0,0,3,-26.27887292,-48.64668626,SPRF-SC,DEL03-SC,UOP03-DEL03-SC,2024
"622576,0",2024-08-20,terça-feira,20:00:00,SC,101,"206,3",SAO JOSE,Ausência de reação do condutor,Queda de ocupante de veículo,Com Vítimas Feridas,Plena Noite,Decrescente,Nublado,Múltipla,Interseção de Vias;Reta,Sim,1,0,0,1,0,0,1,1,-27.59193546,-48.61824557,SPRF-SC,DEL01-SC,UOP01-DEL01-SC,2024
"622599,0",2024-08-20,terça-feira,21:50:00,SC,163,"72,7",SAO MIGUEL DO OESTE,Velocidade Incompatível,Saída de leito carroçável,Sem Vítimas,Pleno dia,Crescente,Céu Claro,Simples,Curva,Não,1,0,0,0,0,1,0,1,-26.71908804,-53.5157791,SPRF-SC,DEL07-SC,UOP03-DEL07-SC,2024
"622604,0",2024-08-20,terça-feira,19:25:00,SC,116,"141,3",SANTA CECILIA,Acessar a via sem observar a presença dos outros veículos,Colisão lateral mesmo sentido,Com Vítimas Feridas,Plena Noite,Crescente,Céu Claro,Simples,Reta;Interseção de Vias,Sim,2,0,0,1,1,0,1,2,-26.97282394,-50.40309796,SPRF-SC,DEL06-SC,UOP02-DEL06-SC,2024
"622611,0",2024-08-21,quarta-feira,01:15:00,SC,101,"136,0",BALNEARIO CAMBORIU,Reação tardia ou ineficiente do condutor,Tombamento,Com Vítimas Feridas,Plena Noite,Crescente,Garoa/Chuvisco,Múltipla,Declive;Curva,Sim,1,0,1,0,0,0,1,1,-27.008113,-48.617245,SPRF-SC,DEL04-SC,UOP03-DEL04-SC,2024
"622624,0",2024-08-21,quarta-feira,06:40:00,SC,101,"153,0",ITAPEMA,Pista Escorregadia,Tombamento,Com Vítimas Feridas,Amanhecer,Crescente,Nublado,Dupla,Retorno Regulamentado,Sim,1,0,1,0,0,0,1,1,-27.144717,-48.61063935,SPRF-SC,DEL04-SC,UOP03-DEL04-SC,2024
"622642,0",2024-08-21,quarta-feira,07:50:00,SC,101,"39,0",JOINVILLE,Desrespeitar a preferência no cruzamento,Colisão transversal,Com Vítimas Feridas,Pleno dia,Crescente,Céu Claro,Dupla,Rotatória;Viaduto,Sim,3,0,2,0,1,0,2,2,-26.2628107,-48.90192257,SPRF-SC,DEL03-SC,UOP01-DEL03-SC,2024
"622643,0",2024-08-21,quarta-feira,08:06:00,SC,101,"42,2",JOINVILLE,Ausência de reação do condutor,Colisão traseira,Com Vítimas Feridas,Pleno dia,Decrescente,Nublado,Dupla,Reta,Não,4,0,1,0,3,0,1,4,-26.32464981,-48.86673152,SPRF-SC,DEL03-SC,UOP01-DEL03-SC,2024
"622699,0",2024-08-21,quarta-feira,14:30:00,SC,101,"209,7",SAO JOSE,Demais falhas mecânicas ou elétricas,Colisão lateral mesmo sentido,Sem Vítimas,Pleno dia,Crescente,Nublado,Múltipla,Viaduto;Declive;Reta,Sim,2,0,0,0,2,0,0,2,-27.61000542,-48.63895057,SPRF-SC,DEL01-SC,UOP01-DEL01-SC,2024
"622741,0",2024-08-21,quarta-feira,17:25:00,SC,101,"140,7",BALNEARIO CAMBORIU,Ausência de reação do condutor,Colisão com objeto,Com Vítimas Feridas,Pleno dia,Decrescente,Nublado,Dupla,Reta;Túnel,Sim,1,0,1,0,0,0,1,1,-27.03881189,-48.60025148,SPRF-SC,DEL04-SC,UOP03-DEL04-SC,2024
"622750,0",2024-08-21,quarta-feira,20:00:00,SC,101,"201,0",SAO JOSE,Condutor deixou de manter distância do veículo da frente,Colisão traseira,Com Vítimas Feridas,Plena Noite,Crescente,Céu Claro,Dupla,Reta,Sim,5,0,2,0,3,0,2,2,-27.54836599,-48.61977975,SPRF-SC,DEL01-SC,UOP01-DEL01-SC,2024
"622831,0",2024-08-02,sexta-feira,08:00:00,SC,101,"335,0",TUBARAO,Ausência de reação do condutor,Colisão transversal,Com Vítimas Feridas,Pleno dia,Decrescente,Céu Claro,Dupla,Reta;Interseção de Vias,Sim,2,0,1,0,1,0,1,2,-28.46927473,-49.01557908,SPRF-SC,DEL02-SC,UOP01-DEL02-SC,2024
"622871,0",2024-08-22,quinta-feira,14:00:00,SC,101,"206,0",SAO JOSE,Avarias e/ou desgaste excessivo no pneu,Tombamento,Com Vítimas Feridas,Pleno dia,Crescente,Céu Claro,Dupla,Reta,Sim,1,0,1,0,0,0,1,1,-27.59193546,-48.61824557,SPRF-SC,DEL01-SC,UOP01-DEL01-SC,2024
"622874,0",2024-08-22,quinta-feira,13:50:00,SC,280,"67,5",JARAGUA DO SUL,Acessar a via sem observar a presença dos outros veículos,Colisão transversal,Com Vítimas Feridas,Pleno dia,Crescente,Céu Claro,Simples,Reta;Interseção de Vias,Sim,2,0,1,0,1,0,1,2,-26.4775146,-49.10363575,SPRF-SC,DEL03-SC,UOP03-DEL03-SC,2024
"622878,0",2024-08-22,quinta-feira,14:10:00,SC,280,"51,3",GUARAMIRIM,Demais falhas mecânicas ou elétricas,Colisão com objeto,Com Vítimas Feridas,Pleno dia,Crescente,Céu Claro,Dupla,Em Obras;Interseção de Vias;Reta,Sim,2,0,1,0,1,0,1,2,-26.466488,-48.958832,SPRF-SC,DEL03-SC,UOP03-DEL03-SC,2024
"622911,0",2024-08-22,quinta-feira,17:50:00,SC,282,"19,5",PALHOCA,Conversão proibida,Colisão lateral mesmo sentido,Com Vítimas Feridas,Plena Noite,Crescente,Céu Claro,Simples,Reta,Sim,2,0,1,0,1,0,1,2,-27.678635,-48.70192,SPRF-SC,DEL01-SC,UOP02-DEL01-SC,2024
"622936,0",2024-08-22,quinta-feira,17:35:00,SC,116,"41,5",PAPANDUVA,Ausência de reação do condutor,Colisão traseira,Com Vítimas Feridas,Pleno dia,Crescente,Céu Claro,Simples,Reta,Não,4,0,1,2,1,0,3,3,-26.33864857,-50.06232096,SPRF-SC,DEL06-SC,UOP01-DEL06-SC,2024
"622944,0",2024-08-05,segunda-feira,18:05:00,SC,101,"212,0",PALHOCA,Manobra de mudança de faixa,Colisão lateral mesmo sentido,Com Vítimas Feridas,Anoitecer,Crescente,Céu Claro,Dupla,Reta,Sim,4,0,2,0,2,0,2,4,-27.62996929,-48.65903871,SPRF-SC,DEL01-SC,UOP02-DEL01-SC,2024
"622947,0",2024-08-22,quinta-feira,20:40:00,SC,101,"156,0",PORTO BELO,Ingestão de álcool pelo condutor,Saída de leito carroçável,Com Vítimas Feridas,Plena Noite,Decrescente,Nublado,Dupla,Reta,Sim,1,0,1,0,0,0,1,1,-27.172272,-48.61170204,SPRF-SC,DEL04-SC,UOP03-DEL04-SC,2024
"622972,0",2024-08-22,quinta-feira,22:30:00,SC,101,"138,0",BALNEARIO CAMBORIU,Ausência de reação do condutor,Colisão com objeto,Sem Vítimas,Plena Noite,Decrescente,Nublado,Múltipla,Curva,Sim,1,0,0,0,0,1,0,1,-27.02397426,-48.60761649,SPRF-SC,DEL04-SC,UOP03-DEL04-SC,2024
"622978,0",2024-08-22,quinta-feira,19:00:00,SC,280,"269,1",IRINEOPOLIS,Ultrapassagem Indevida,Colisão frontal,Com Vítimas Fatais,Plena Noite,Crescente,Nublado,Simples,Curva,Não,3,1,0,2,0,0,2,2,-26.262502,-50.722105,SPRF-SC,DEL06-SC,UOP04-DEL06-SC,2024
"622980,0",2024-08-23,sexta-feira,02:00:00,SC,101,"7,0",GARUVA,Ingestão de álcool pelo condutor,Colisão com objeto,Sem Vítimas,Plena Noite,Crescente,Céu Claro,Dupla,Reta,Não,1,0,0,0,1,0,0,1,-26.03593,-48.860302,SPRF-SC,DEL03-SC,UOP01-DEL03-SC,2024
"623015,0",2024-08-23,sexta-feira,08:00:00,SC,282,"1,6",FLORIANOPOLIS,Reação tardia ou ineficiente do condutor,Colisão lateral mesmo sentido,Com Vítimas Feridas,Pleno dia,Decrescente,Nublado,Dupla,Reta,Sim,3,0,1,0,1,1,1,2,-27.602955,-48.580509,SPRF-SC,DEL01-SC,UOP01-DEL01-SC,2024
"623018,0",2024-08-15,quinta-feira,17:20:00,SC,282,"0,8",FLORIANOPOLIS,Ausência de reação do condutor,Colisão traseira,Com Vítimas Feridas,Anoitecer,Crescente,Céu Claro,Múltipla,Aclive;Reta,Sim,3,0,1,0,2,0,1,3,-27.602955,-48.580509,SPRF-SC,DEL01-SC,UOP01-DEL01-SC,2024
"623035,0",2024-08-23,sexta-feira,08:30:00,SC,101,"137,0",BALNEARIO CAMBORIU,Manobra de mudança de faixa,Colisão lateral mesmo sentido,Sem Vítimas,Pleno dia,Decrescente,Céu Claro,Dupla,Reta,Não,2,0,0,0,2,0,0,2,-27.0157238,-48.61192763,SPRF-SC,DEL04-SC,UOP03-DEL04-SC,2024
"623092,0",2024-08-23,sexta-feira,15:40:00,SC,101,"199,3",SAO JOSE,Reação tardia ou ineficiente do condutor,Colisão traseira,Com Vítimas Feridas,Pleno dia,Crescente,Chuva,Múltipla,Reta,Sim,2,0,1,0,1,0,1,2,-27.53413705,-48.63003205,SPRF-SC,DEL01-SC,UOP01-DEL01-SC,2024
"623096,0",2024-08-23,sexta-feira,15:30:00,SC,101,"339,2",TUBARAO,Acumulo de água sobre o pavimento,Saída de leito carroçável,Com Vítimas Feridas,Pleno dia,Decrescente,Chuva,Múltipla,Reta,Sim,2,0,1,1,0,0,2,1,-28.49351117,-49.04178985,SPRF-SC,DEL02-SC,UOP01-DEL02-SC,2024
"623104,0",2024-08-23,sexta-feira,16:00:00,SC,280,"55,0",GUARAMIRIM,Desrespeitar a preferência no cruzamento,Colisão transversal,Com Vítimas Feridas,Pleno dia,Crescente,Chuva,Dupla,Viaduto,Sim,2,0,1,0,1,0,1,2,-26.47584353,-48.9937858,SPRF-SC,DEL03-SC,UOP03-DEL03-SC,2024
"623110,0",2024-08-23,sexta-feira,15:45:00,SC,101,"137,0",BALNEARIO CAMBORIU,Ausência de reação do condutor,Tombamento,Com Vítimas Feridas,Pleno dia,Decrescente,Garoa/Chuvisco,Dupla,Reta,Sim,1,0,1,0,0,0,1,1,-27.0157238,-48.61192763,SPRF-SC,DEL04-SC,UOP03-DEL04-SC,2024
"623125,0",2024-08-23,sexta-feira,16:45:00,SC,101,"134,0",BALNEARIO CAMBORIU,Ausência de reação do condutor,Tombamento,Com Vítimas Feridas,Pleno dia,Decrescente,Chuva,Dupla,Reta,Não,1,0,1,0,0,0,1,1,-27.00218,-48.636433,SPRF-SC,DEL04-SC,UOP03-DEL04-SC,2024
"623126,0",2024-08-23,sexta-feira,11:40:00,SC,153,"43,0",VARGEM BONITA,Reação tardia ou ineficiente do condutor,Saída de leito carroçável,Sem Vítimas,Pleno dia,Crescente,Chuva,Simples,Reta,Não,1,0,0,0,1,0,0,1,-26.868542,-51.748859,SPRF-SC,DEL07-SC,UOP07-DEL07-SC,2024
"623143,0",2024-08-23,sexta-feira,17:45:00,SC,470,"80,0",RODEIO,Conversão proibida,Colisão transversal,Com Vítimas Feridas,Anoitecer,Decrescente,Céu Claro,Simples,Reta,Não,2,0,1,0,1,0,1,2,-26.948805,-49.316097,SPRF-SC,DEL04-SC,UOP01-DEL04-SC,2024
"623148,0",2024-08-23,sexta-feira,18:30:00,SC,101,"146,0",ITAPEMA,Ingestão de álcool pelo condutor,Colisão traseira,Com Vítimas Feridas,Anoitecer,Crescente,Garoa/Chuvisco,Dupla,Declive;Reta,Sim,2,0,1,0,1,0,1,2,-27.08666525,-48.60955587,SPRF-SC,DEL04-SC,UOP03-DEL04-SC,2024
"623152,0",2024-08-23,sexta-feira,19:10:00,SC,101,"127,0",ITAJAI,Manobra de mudança de faixa,Saída de leito carroçável,Com Vítimas Feridas,Plena Noite,Crescente,Nublado,Múltipla,Reta,Não,1,0,1,0,0,0,1,1,-26.9639319,-48.68328024,SPRF-SC,DEL04-SC,UOP04-DEL04-SC,2024
"623155,0",2024-08-23,sexta-feira,13:00:00,SC,282,"587,7",PINHALZINHO,Chuva,Saída de leito carroçável,Sem Vítimas,Pleno dia,Crescente,Chuva,Simples,Reta;Declive,Não,2,0,0,0,0,2,0,2,-26.830677,-53.04443,SPRF-SC,DEL07-SC,UOP02-DEL07-SC,2024
"623158,0",2024-08-23,sexta-feira,19:15:00,SC,101,"208,0",SAO JOSE,Condutor Dormindo,Tombamento,Com Vítimas Feridas,Plena Noite,Crescente,Nublado,Múltipla,Reta,Sim,1,0,1,0,0,0,1,1,-27.60327979,-48.63201818,SPRF-SC,DEL01-SC,UOP01-DEL01-SC,2024
"623164,0",2024-08-23,sexta-feira,07:55:00,SC,101,"127,0",ITAJAI,Ingestão de álcool pelo condutor,Tombamento,Com Vítimas Feridas,Plena Noite,Decrescente,Garoa/Chuvisco,Dupla,Reta,Sim,2,0,1,0,1,0,1,1,-26.9639319,-48.68328024,SPRF-SC,DEL04-SC,UOP04-DEL04-SC,2024
"623177,0",2024-08-23,sexta-feira,20:20:00,SC,101,"208,0",SAO JOSE,Reação tardia ou ineficiente do condutor,Tombamento,Com Vítimas Feridas,Plena Noite,Decrescente,Céu Claro,Múltipla,Reta,Sim,1,0,1,0,0,0,1,1,-27.60327979,-48.63201818,SPRF-SC,DEL01-SC,UOP01-DEL01-SC,2024
"623184,0",2024-08-23,sexta-feira,19:35:00,SC,101,"3,7",ARARANGUA,Transitar na contramão,Colisão transversal,Com Vítimas Feridas,Plena Noite,Decrescente,Céu Claro,Dupla,Interseção de Vias;Rotatória,Sim,2,0,1,0,1,0,1,2,-28.94912377,-49.50690508,SPRF-SC,DEL02-SC,UOP02-DEL02-SC,2024
"623185,0",2024-08-23,sexta-feira,21:20:00,SC,101,"197,8",BIGUACU,Manobra de mudança de faixa,Colisão traseira,Com Vítimas Feridas,Plena Noite,Decrescente,Céu Claro,Dupla,Reta,Sim,2,0,1,0,1,0,1,2,-27.51844497,-48.63848496,SPRF-SC,DEL01-SC,UOP01-DEL01-SC,2024
"623187,0",2024-08-23,sexta-feira,18:45:00,SC,116,"247,8",LAGES,Desrespeitar a preferência no cruzamento,Colisão transversal,Com Vítimas Feridas,Plena Noite,Crescente,Nublado,Simples,Interseção de Vias,Não,3,0,2,0,1,0,2,2,-27.8179842,-50.37291527,SPRF-SC,DEL05-SC,UOP02-DEL05-SC,2024
"623188,0",2024-08-23,sexta-feira,21:00:00,SC,101,"227,5",PALHOCA,Ultrapassagem Indevida,Colisão lateral mesmo sentido,Com Vítimas Feridas,Plena Noite,Decrescente,Céu Claro,Simples,Interseção de Vias,Sim,2,0,0,1,1,0,1,2,-27.7509149,-48.63460277,SPRF-SC,DEL01-SC,UOP02-DEL01-SC,2024
"623205,0",2024-08-23,sexta-feira,17:35:00,SC,470,"248,7",CURITIBANOS,Acessar a via sem observar a presença dos outros veículos,Colisão frontal,Com Vítimas Feridas,Pleno dia,Crescente,Nublado,Simples,Interseção de Vias,Sim,2,0,1,0,0,1,1,2,-27.31474582,-50.57351768,SPRF-SC,DEL05-SC,UOP03-DEL05-SC,2024
"623208,0",2024-08-23,sexta-feira,22:15:00,SC,101,"277,7",IMBITUBA,Ausência de reação do condutor,Saída de leito carroçável,Sem Vítimas,Plena Noite,Crescente,Garoa/Chuvisco,Múltipla,Reta,Não,1,0,0,0,1,0,0,1,-28.173206,-48.694883,SPRF-SC,DEL02-SC,UOP03-DEL02-SC,2024
"623226,0",2024-08-24,sábado,01:40:00,SC,101,"250,0",PAULO LOPES,Animais na Pista,Atropelamento de Animal,Sem Vítimas,Plena Noite,Crescente,Céu Claro,Dupla,Reta,Não,2,0,0,0,1,1,0,2,-27.94186028,-48.66644267,SPRF-SC,DEL02-SC,UOP03-DEL02-SC,2024
"623233,0",2024-08-24,sábado,03:30:00,SC,116,"279,5",CAPAO ALTO,Ausência de reação do condutor,Colisão com objeto,Com Vítimas Feridas,Plena Noite,Crescente,Nublado,Simples,Reta;Desvio Temporário,Não,1,0,1,0,0,0,1,1,-28.03063903,-50.56212894,SPRF-SC,DEL05-SC,UOP02-DEL05-SC,2024
"623243,0",2024-08-24,sábado,04:15:00,SC,116,"247,0",LAGES,Ingestão de álcool pelo condutor,Saída de leito carroçável,Sem Vítimas,Plena Noite,Crescente,Nublado,Simples,Rotatória,Sim,1,0,0,0,1,0,0,1,-27.81262488,-50.36859817,SPRF-SC,DEL05-SC,UOP02-DEL05-SC,2024
"623249,0",2024-08-24,sábado,04:10:00,SC,282,"407,8",CATANDUVAS,Ausência de reação do condutor,Saída de leito carroçável,Com Vítimas Feridas,Plena Noite,Decrescente,Garoa/Chuvisco,Simples,Curva,Não,1,0,1,0,0,0,1,1,-27.083517,-51.662014,SPRF-SC,DEL07-SC,UOP05-DEL07-SC,2024
"623252,0",2024-08-24,sábado,05:50:00,SC,101,"336,0",TUBARAO,Manobra de mudança de faixa,Tombamento,Com Vítimas Feridas,Amanhecer,Crescente,Garoa/Chuvisco,Dupla,Em Obras;Aclive,Não,1,0,1,0,0,0,1,1,-28.47311347,-49.02437375,SPRF-SC,DEL02-SC,UOP01-DEL02-SC,2024
"623266,0",2024-08-24,sábado,05:45:00,SC,470,"165,0",TROMBUDO CENTRAL,Acumulo de óleo sobre o pavimento,Engavetamento,Com Vítimas Feridas,Pleno dia,Crescente,Céu Claro,Simples,Reta;Aclive,Não,4,0,1,0,3,0,1,3,-27.27663,-49.845661,SPRF-SC,DEL04-SC,UOP02-DEL04-SC,2024
"623297,0",2024-08-24,sábado,10:00:00,SC,470,"58,0",BLUMENAU,Acessar a via sem observar a presença dos outros veículos,Colisão transversal,Com Vítimas Feridas,Pleno dia,Crescente,Chuva,Simples,Reta;Em Obras,Sim,2,0,1,0,1,0,1,2,-26.883879,-49.145622,SPRF-SC,DEL04-SC,UOP01-DEL04-SC,2024
"623317,0",2024-08-24,sábado,12:30:00,SC,101,"204,8",SAO JOSE,Condutor deixou de manter distância do veículo da frente,Colisão traseira,Sem Vítimas,Pleno dia,Crescente,Chuva,Múltipla,Reta,Sim,2,0,0,0,2,0,0,2,-27.57413014,-48.61363083,SPRF-SC,DEL01-SC,UOP01-DEL01-SC,2024
"623338,0",2024-08-24,sábado,08:00:00,SC,282,"415,8",CATANDUVAS,Ausência de reação do condutor,Saída de leito carroçável,Com Vítimas Feridas,Pleno dia,Crescente,Nublado,Simples,Curva,Não,1,0,1,0,0,0,1,1,-27.039997,-51.708958,SPRF-SC,DEL07-SC,UOP05-DEL07-SC,2024
"623344,0",2024-08-24,sábado,14:40:00,SC,101,"348,6",JAGUARUNA,Ausência de reação do condutor,Colisão com objeto,Com Vítimas Feridas,Pleno dia,Decrescente,Chuva,Dupla,Reta,Não,1,0,1,0,0,0,1,1,-28.58633056,-49.04880524,SPRF-SC,DEL02-SC,UOP01-DEL02-SC,2024
"623355,0",2024-08-24,sábado,16:00:00,SC,470,"81,6",RODEIO,Velocidade Incompatível,Colisão com objeto,Com Vítimas Feridas,Pleno dia,Crescente,Chuva,Simples,Curva,Não,4,0,1,1,2,0,2,1,-26.95947485,-49.32501577,SPRF-SC,DEL04-SC,UOP01-DEL04-SC,2024
"623357,0",2024-08-24,sábado,14:40:00,SC,470,"117,6",IBIRAMA,Velocidade Incompatível,Saída de leito carroçável,Com Vítimas Feridas,Pleno dia,Crescente,Chuva,Simples,Aclive;Curva,Não,1,0,1,0,0,0,1,1,-27.081692,-49.502277,SPRF-SC,DEL04-SC,UOP02-DEL04-SC,2024
"623382,0",2024-08-24,sábado,19:00:00,SC,101,"213,0",PALHOCA,Reação tardia ou ineficiente do condutor,Colisão com objeto,Com Vítimas Feridas,Plena Noite,Decrescente,Céu Claro,Múltipla,Reta;Interseção de Vias,Sim,2,0,1,0,1,0,1,2,-27.6372595,-48.66510987,SPRF-SC,DEL01-SC,UOP02-DEL01-SC,2024
"623388,0",2024-08-24,sábado,19:00:00,SC,101,"130,4",BALNEARIO CAMBORIU,Pedestre andava na pista,Atropelamento de Pedestre,Com Vítimas Feridas,Anoitecer,Crescente,Nublado,Dupla,Reta,Sim,2,0,1,0,1,0,1,2,-26.98407618,-48.66977107,SPRF-SC,DEL04-SC,UOP03-DEL04-SC,2024
"623393,0",2024-08-24,sábado,19:15:00,SC,101,"124,0",ITAJAI,Reação tardia ou ineficiente do condutor,Colisão traseira,Com Vítimas Feridas,Plena Noite,Decrescente,Céu Claro,Múltipla,Reta,Não,2,0,0,1,1,0,1,2,-26.94335064,-48.69198648,SPRF-SC,DEL04-SC,UOP04-DEL04-SC,2024
"623395,0",2024-08-24,sábado,08:00:00,SC,101,"21,0",JOINVILLE,Reação tardia ou ineficiente do condutor,Saída de leito carroçável,Sem Vítimas,Pleno dia,Crescente,Chuva,Dupla,Curva,Sim,1,0,0,0,1,0,0,1,-26.14793022,-48.90894562,SPRF-SC,DEL03-SC,UOP01-DEL03-SC,2024
"623400,0",2024-08-24,sábado,19:54:00,SC,280,"57,3",GUARAMIRIM,Retorno proibido,Colisão transversal,Com Vítimas Feridas,Plena Noite,Decrescente,Chuva,Dupla,Reta,Sim,2,0,1,0,1,0,1,2,-26.47811421,-49.01259213,SPRF-SC,DEL03-SC,UOP03-DEL03-SC,2024
"623406,0",2024-08-24,sábado,20:50:00,SC,101,"207,0",SAO JOSE,Trafegar com motocicleta (ou similar) entre as faixas,Colisão lateral mesmo sentido,Com Vítimas Feridas,Plena Noite,Crescente,Nublado,Múltipla,Declive;Reta,Sim,1,0,0,1,0,0,1,1,-27.60001226,-48.6226467,SPRF-SC,DEL01-SC,UOP01-DEL01-SC,2024
"623411,0",2024-08-24,sábado,20:25:00,SC,470,"65,0",INDAIAL,Acesso irregular,Colisão lateral mesmo sentido,Com Vítimas Feridas,Plena Noite,Decrescente,Chuva,Simples,Reta;Em Obras,Não,5,0,2,0,3,0,2,2,-26.870407,-49.221844,SPRF-SC,DEL04-SC,UOP01-DEL04-SC,2024
"623438,0",2024-08-24,sábado,10:15:00,SC,282,"307,7",VARGEM,Reação tardia ou ineficiente do condutor,Colisão com objeto,Com Vítimas Feridas,Pleno dia,Crescente,Chuva,Simples,Declive;Curva,Não,2,0,1,0,1,0,1,1,-27.495266,-50.962605,SPRF-SC,DEL07-SC,UOP06-DEL07-SC,2024
"623448,0",2024-08-24,sábado,21:55:00,SC,282,"362,0",ERVAL VELHO,Ingestão de álcool pelo condutor,Saída de leito carroçável,Com Vítimas Feridas,Plena Noite,Crescente,Céu Claro,Simples,Reta;Aclive,Não,2,0,1,0,1,0,1,1,-27.305356,-51.380561,SPRF-SC,DEL07-SC,UOP05-DEL07-SC,2024
"623451,0",2024-08-24,sábado,17:40:00,SC,282,"137,3",BOM RETIRO,Velocidade Incompatível,Saída de leito carroçável,Com Vítimas Feridas,Plena Noite,Decrescente,Garoa/Chuvisco,Simples,Rotatória,Não,5,0,4,0,1,0,4,1,-27.82268113,-49.56938982,SPRF-SC,DEL05-SC,UOP01-DEL05-SC,2024
"623463,0",2024-08-25,domingo,01:30:00,SC,470,"69,0",INDAIAL,Ausência de reação do condutor,Colisão com objeto,Com Vítimas Feridas,Plena Noite,Crescente,Céu Claro,Dupla,Em Obras,Sim,1,0,1,0,0,0,1,1,-26.883745,-49.246704,SPRF-SC,DEL04-SC,UOP01-DEL04-SC,2024
"623468,0",2024-08-25,domingo,01:50:00,SC,101,"359,0",SANGAO,Ausência de reação do condutor,Saída de leito carroçável,Sem Vítimas,Plena Noite,Crescente,Nublado,Múltipla,Reta;Aclive,Não,1,0,0,0,0,1,0,1,-28.65057609,-49.10516385,SPRF-SC,DEL02-SC,UOP01-DEL02-SC,2024
"623484,0",2024-08-25,domingo,04:45:00,SC,163,"72,5",SAO MIGUEL DO OESTE,Ingestão de álcool pelo condutor,Saída de leito carroçável,Com Vítimas Feridas,Anoitecer,Crescente,Nublado,Dupla,Curva,Sim,3,0,2,0,1,0,2,1,-26.71908804,-53.5157791,SPRF-SC,DEL07-SC,UOP03-DEL07-SC,2024
"623486,0",2024-08-25,domingo,05:00:00,SC,116,"36,0",ITAIOPOLIS,Demais falhas mecânicas ou elétricas,Incêndio,Sem Vítimas,Amanhecer,Crescente,Nublado,Simples,Reta,Não,1,0,0,0,0,1,0,1,-26.3385056,-50.01471809,SPRF-SC,DEL06-SC,UOP01-DEL06-SC,2024
"623492,0",2024-08-25,domingo,06:15:00,SC,101,"128,8",BALNEARIO CAMBORIU,Ingestão de álcool pelo condutor,Colisão frontal,Com Vítimas Feridas,Amanhecer,Decrescente,Nublado,Dupla,Curva,Sim,2,0,1,1,0,0,2,2,-26.97284292,-48.68299451,SPRF-SC,DEL04-SC,UOP03-DEL04-SC,2024
"623493,0",2024-08-24,sábado,12:10:00,SC,153,"63,0",IRANI,Acessar a via sem observar a presença dos outros veículos,Colisão transversal,Com Vítimas Feridas,Pleno dia,Crescente,Nevoeiro/Neblina,Simples,Reta,Sim,3,0,2,0,1,0,2,2,-26.994884,-51.87051,SPRF-SC,DEL07-SC,UOP04-DEL07-SC,2024
"623520,0",2024-08-25,domingo,10:20:00,SC,282,"45,0",AGUAS MORNAS,Demais falhas mecânicas ou elétricas,Tombamento,Com Vítimas Feridas,Pleno dia,Decrescente,Céu Claro,Simples,Reta;Declive,Não,1,0,1,0,0,0,1,1,-27.719851,-48.916126,SPRF-SC,DEL01-SC,UOP03-DEL01-SC,2024
"623521,0",2024-08-25,domingo,10:25:00,SC,280,"81,8",CORUPA,Acessar a via sem observar a presença dos outros veículos,Colisão frontal,Com Vítimas Feridas,Pleno dia,Crescente,Céu Claro,Simples,Reta,Não,2,0,1,0,1,0,1,2,-26.44057489,-49.217056,SPRF-SC,DEL06-SC,UOP03-DEL06-SC,2024