id,data_inversa,dia_semana,horario,uf,br,km,municipio,causa_acidente,tipo_acidente,classificacao_acidente,fase_dia,sentido_via,condicao_metereologica,tipo_pista,tracado_via,uso_solo,pessoas,mortos,feridos_leves,feridos_graves,ilesos,ignorados,feridos,veiculos,latitude,longitude,regional,delegacia,uop,ano_arquivo
"627671,0",2024-09-13,sexta-feira,05:30:00,SC,101,"150,0",ITAPEMA,Ausência de reação do condutor,Colisão com objeto,Sem Vítimas,Amanhecer,Decrescente,Céu Claro,Simples,Reta,Sim,1,0,0,0,0,1,0,1,-27.11744799,-48.60940987,SPRF-SC,DEL04-SC,UOP03-DEL04-SC,2024
"627694,0",2024-09-13,sexta-feira,08:00:00,SC,101,"207,0",SAO JOSE,Reação tardia ou ineficiente do condutor,Colisão com objeto,Com Vítimas Feridas,Pleno dia,Crescente,Garoa/Chuvisco,Múltipla,Reta;Declive,Sim,1,0,1,0,0,0,1,1,-27.60001226,-48.6226467,SPRF-SC,DEL01-SC,UOP01-DEL01-SC,2024
"627700,0",2024-09-13,sexta-feira,08:30:00,SC,101,"207,5",SAO JOSE,Problema com o freio,Colisão com objeto,Com Vítimas Feridas,Pleno dia,Crescente,Garoa/Chuvisco,Múltipla,Reta;Declive;Interseção de Vias,Sim,1,0,1,0,0,0,1,1,-27.60001226,-48.6226467,SPRF-SC,DEL01-SC,UOP01-DEL01-SC,2024
"627708,0",2024-07-07,domingo,15:00:00,SC,282,"210,4",LAGES,Animais na Pista,Colisão frontal,Com Vítimas Fatais,Pleno dia,Crescente,Chuva,Simples,Reta;Declive,Não,7,2,0,4,0,1,4,3,-27.7792769,-50.235691,SPRF-SC,DEL05-SC,UOP01-DEL05-SC,2024
"627712,0",2024-09-13,sexta-feira,09:30:00,SC,101,"119,6",ITAJAI,Manobra de mudança de faixa,Colisão lateral mesmo sentido,Com Vítimas Feridas,Pleno dia,Crescente,Nublado,Dupla,Reta,Sim,2,0,1,0,1,0,1,2,-26.9043179,-48.71555481,SPRF-SC,DEL04-SC,UOP04-DEL04-SC,2024
"627721,0",2024-09-13,sexta-feira,10:30:00,SC,101,"55,0",JOINVILLE,Condutor deixou de manter distância do veículo da frente,Colisão traseira,Com Vítimas Feridas,Pleno dia,Crescente,Nublado,Dupla,Reta,Não,2,0,1,0,0,1,1,2,-26.42280898,-48.82977496,SPRF-SC,DEL03-SC,UOP01-DEL03-SC,2024
"627725,0",2024-09-13,sexta-feira,11:15:00,SC,470,"45,5",BLUMENAU,Ausência de reação do condutor,Colisão transversal,Com Vítimas Feridas,Pleno dia,Crescente,Nublado,Simples,Interseção de Vias;Reta,Sim,2,0,1,0,1,0,1,2,-26.867064,-49.031109,SPRF-SC,DEL04-SC,UOP01-DEL04-SC,2024
"627733,0",2024-09-13,sexta-feira,12:05:00,SC,101,"134,4",BALNEARIO CAMBORIU,Manobra de mudança de faixa,Colisão lateral mesmo sentido,Com Vítimas Feridas,Pleno dia,Crescente,Céu Claro,Múltipla,Reta,Sim,2,0,1,0,1,0,1,2,-27.00218,-48.636433,SPRF-SC,DEL04-SC,UOP03-DEL04-SC,2024
"627734,0",2024-09-13,sexta-feira,07:50:00,SC,116,"68,0",MONTE CASTELO,Ausência de reação do condutor,Tombamento,Sem Vítimas,Pleno dia,Decrescente,Nublado,Simples,Reta;Declive,Não,3,0,0,0,3,0,0,2,-26.45149599,-50.22789387,SPRF-SC,DEL06-SC,UOP02-DEL06-SC,2024
"627737,0",2024-09-13,sexta-feira,12:30:00,SC,282,"54,0",RANCHO QUEIMADO,Velocidade Incompatível,Colisão com objeto,Com Vítimas Feridas,Pleno dia,Decrescente,Chuva,Simples,Curva,Não,2,0,2,0,0,0,2,1,-27.685799,-48.974514,SPRF-SC,DEL01-SC,UOP03-DEL01-SC,2024
"627743,0",2024-09-13,sexta-feira,13:00:00,SC,282,"3,0",FLORIANOPOLIS,Demais falhas mecânicas ou elétricas,Tombamento,Com Vítimas Feridas,Pleno dia,Decrescente,Chuva,Múltipla,Reta,Não,2,0,2,0,0,0,2,1,-27.600384,-48.599705,SPRF-SC,DEL01-SC,UOP01-DEL01-SC,2024
"627753,0",2024-09-13,sexta-feira,12:15:00,SC,470,"82,0",RODEIO,Velocidade Incompatível,Saída de leito carroçável,Com Vítimas Feridas,Pleno dia,Decrescente,Nublado,Simples,Curva;Declive,Não,2,0,1,0,1,0,1,1,-26.958838,-49.324978,SPRF-SC,DEL04-SC,UOP01-DEL04-SC,2024
"627754,0",2024-09-13,sexta-feira,13:45:00,SC,101,"217,0",PALHOCA,Demais falhas mecânicas ou elétricas,Saída de leito carroçável,Com Vítimas Feridas,Pleno dia,Crescente,Garoa/Chuvisco,Simples,Reta,Sim,2,0,1,0,1,0,1,1,-27.66779034,-48.67393586,SPRF-SC,DEL01-SC,UOP02-DEL01-SC,2024
"627781,0",2024-09-13,sexta-feira,10:30:00,SC,470,"173,0",POUSO REDONDO,Acessar a via sem observar a presença dos outros veículos,Colisão transversal,Com Vítimas Feridas,Pleno dia,Decrescente,Garoa/Chuvisco,Simples,Reta;Viaduto,Sim,3,0,1,0,2,0,1,2,-27.25984,-49.919285,SPRF-SC,DEL04-SC,UOP02-DEL04-SC,2024
"627787,0",2024-09-13,sexta-feira,16:40:00,SC,470,"116,5",IBIRAMA,Reação tardia ou ineficiente do condutor,Tombamento,Com Vítimas Feridas,Pleno dia,Decrescente,Céu Claro,Simples,Curva;Declive,Não,2,0,0,2,0,0,2,1,-27.07756,-49.49448,SPRF-SC,DEL04-SC,UOP02-DEL04-SC,2024
"627792,0",2024-09-13,sexta-feira,17:00:00,SC,282,"16,0",PALHOCA,Reação tardia ou ineficiente do condutor,Tombamento,Com Vítimas Feridas,Pleno dia,Decrescente,Nublado,Simples,Curva;Em Obras,Sim,1,0,0,1,0,0,1,1,-27.658611,-48.681847,SPRF-SC,DEL01-SC,UOP02-DEL01-SC,2024
"627815,0",2024-09-13,sexta-feira,17:20:00,SC,470,"36,1",GASPAR,Ausência de reação do condutor,Saída de leito carroçável,Com Vítimas Feridas,Pleno dia,Crescente,Nublado,Dupla,Curva,Sim,1,0,1,0,0,0,1,1,-26.914196,-48.968948,SPRF-SC,DEL04-SC,UOP01-DEL04-SC,2024
"627826,0",2024-09-13,sexta-feira,18:10:00,SC,101,"413,0",ARARANGUA,Manobra de mudança de faixa,Tombamento,Com Vítimas Feridas,Anoitecer,Decrescente,Nublado,Dupla,Curva;Aclive,Não,1,0,1,0,0,0,1,1,-28.95289779,-49.53035831,SPRF-SC,DEL02-SC,UOP02-DEL02-SC,2024
"627833,0",2024-09-13,sexta-feira,19:00:00,SC,470,"7,0",NAVEGANTES,Velocidade Incompatível,Saída de leito carroçável,Com Vítimas Feridas,Plena Noite,Crescente,Céu Claro,Dupla,Curva,Não,2,0,1,0,1,0,1,1,-26.84499,-48.71505,SPRF-SC,DEL04-SC,UOP04-DEL04-SC,2024
"627843,0",2024-09-13,sexta-feira,18:20:00,SC,470,"144,0",RIO DO SUL,Ausência de reação do condutor,Colisão traseira,Com Vítimas Feridas,Plena Noite,Crescente,Nublado,Simples,Reta,Não,2,0,1,0,1,0,1,2,-27.235138,-49.677608,SPRF-SC,DEL04-SC,UOP02-DEL04-SC,2024
"627850,0",2024-09-13,sexta-feira,20:30:00,SC,101,"199,9",SAO JOSE,Reação tardia ou ineficiente do condutor,Colisão traseira,Sem Vítimas,Plena Noite,Decrescente,Nublado,Simples,Reta;Declive,Sim,2,0,0,0,2,0,0,2,-27.53413705,-48.63003205,SPRF-SC,DEL01-SC,UOP01-DEL01-SC,2024
"627857,0",2024-09-13,sexta-feira,20:30:00,SC,280,"190,0",MAFRA,Demais falhas mecânicas ou elétricas,Incêndio,Sem Vítimas,Plena Noite,Crescente,Nublado,Simples,Reta,Não,1,0,0,0,1,0,0,1,-26.17943391,-49.97899632,SPRF-SC,DEL06-SC,UOP01-DEL06-SC,2024
"627874,0",2024-09-13,sexta-feira,19:00:00,SC,480,"127,0",CHAPECO,Chuva,Queda de ocupante de veículo,Com Vítimas Feridas,Plena Noite,Decrescente,Garoa/Chuvisco,Dupla,Reta,Sim,2,0,2,0,0,0,2,1,-27.02885905,-52.63380035,SPRF-SC,DEL07-SC,UOP01-DEL07-SC,2024
"627877,0",2024-09-13,sexta-feira,22:35:00,SC,101,"138,0",BALNEARIO CAMBORIU,Ausência de reação do condutor,Colisão com objeto,Com Vítimas Feridas,Plena Noite,Decrescente,Chuva,Múltipla,Curva,Sim,1,0,1,0,0,0,1,1,-27.02397426,-48.60761649,SPRF-SC,DEL04-SC,UOP03-DEL04-SC,2024
"627880,0",2024-09-13,sexta-feira,23:20:00,SC,101,"189,7",BIGUACU,Reação tardia ou ineficiente do condutor,Colisão lateral mesmo sentido,Com Vítimas Feridas,Plena Noite,Crescente,Chuva,Dupla,Curva,Não,4,0,1,1,2,0,2,2,-27.459393,-48.638914,SPRF-SC,DEL01-SC,UOP01-DEL01-SC,2024
"627887,0",2024-09-14,sábado,00:50:00,SC,280,"128,0",RIO NEGRINHO,Ingestão de álcool pelo condutor,Colisão lateral mesmo sentido,Com Vítimas Feridas,Plena Noite,Crescente,Céu Claro,Simples,Retorno Regulamentado,Não,2,0,1,0,1,0,1,2,-26.24317941,-49.51320018,SPRF-SC,DEL06-SC,UOP03-DEL06-SC,2024
"627896,0",2024-09-14,sábado,03:00:00,SC,101,"89,0",BARRA VELHA,Ingestão de álcool pelo condutor,Colisão com objeto,Sem Vítimas,Plena Noite,Crescente,Chuva,Dupla,Reta,Sim,1,0,0,0,1,0,0,1,-26.65175997,-48.68721921,SPRF-SC,DEL03-SC,UOP02-DEL03-SC,2024
"627898,0",2024-09-14,sábado,03:55:00,SC,101,"159,0",PORTO BELO,Ingestão de álcool pelo condutor,Colisão traseira,Com Vítimas Feridas,Plena Noite,Decrescente,Garoa/Chuvisco,Dupla,Reta,Não,2,0,2,0,0,0,2,2,-27.1998778,-48.61534236,SPRF-SC,DEL04-SC,UOP03-DEL04-SC,2024
"627918,0",2024-09-14,sábado,06:30:00,SC,282,"5,0",SAO JOSE,Pista Escorregadia,Tombamento,Com Vítimas Feridas,Amanhecer,Crescente,Nublado,Dupla,Curva,Sim,1,0,0,1,0,0,1,1,-27.588425,-48.612919,SPRF-SC,DEL01-SC,UOP01-DEL01-SC,2024
"627925,0",2024-09-14,sábado,05:15:00,SC,163,"68,9",SAO MIGUEL DO OESTE,Estacionar ou parar em local proibido,Tombamento,Com Vítimas Feridas,Plena Noite,Crescente,Ignorado,Dupla,Reta,Sim,2,0,1,0,1,0,1,2,-26.75038301,-53.50086841,SPRF-SC,DEL07-SC,UOP03-DEL07-SC,2024
"627934,0",2024-09-14,sábado,07:35:00,SC,101,"155,0",PORTO BELO,Reação tardia ou ineficiente do condutor,Tombamento,Com Vítimas Feridas,Pleno dia,Crescente,Ignorado,Múltipla,Retorno Regulamentado,Não,1,0,1,0,0,0,1,1,-27.16292,-48.61129,SPRF-SC,DEL04-SC,UOP03-DEL04-SC,2024
"627941,0",2024-09-14,sábado,08:35:00,SC,101,"215,0",PALHOCA,Manobra de mudança de faixa,Colisão lateral mesmo sentido,Com Vítimas Feridas,Pleno dia,Decrescente,Nublado,Múltipla,Reta,Sim,3,0,0,2,1,0,2,2,-27.64443,-48.67057,SPRF-SC,DEL01-SC,UOP02-DEL01-SC,2024
"627979,0",2024-09-14,sábado,08:45:00,SC,280,"96,0",CORUPA,Pista Escorregadia,Saída de leito carroçável,Com Vítimas Feridas,Pleno dia,Crescente,Chuva,Simples,Curva;Declive,Não,3,0,2,0,1,0,2,1,-26.3833143,-49.31223107,SPRF-SC,DEL06-SC,UOP03-DEL06-SC,2024
"627981,0",2024-09-14,sábado,10:00:00,SC,280,"93,2",CORUPA,Avarias e/ou desgaste excessivo no pneu,Capotamento,Com Vítimas Feridas,Pleno dia,Decrescente,Chuva,Simples,Curva;Declive,Não,1,0,1,0,0,0,1,1,-26.39079328,-49.30449486,SPRF-SC,DEL06-SC,UOP03-DEL06-SC,2024
"627987,0",2024-09-14,sábado,12:30:00,SC,101,"152,3",PORTO BELO,Demais falhas mecânicas ou elétricas,Tombamento,Com Vítimas Feridas,Pleno dia,Crescente,Nublado,Dupla,Reta,Sim,2,0,1,0,1,0,1,1,-27.13745429,-48.61014605,SPRF-SC,DEL04-SC,UOP03-DEL04-SC,2024
"627991,0",2024-09-14,sábado,12:00:00,SC,282,"446,0",PONTE SERRADA,Ausência de reação do condutor,Saída de leito carroçável,Com Vítimas Feridas,Pleno dia,Decrescente,Nublado,Simples,Reta,Não,3,0,3,0,0,0,3,1,-26.910217,-51.914951,SPRF-SC,DEL07-SC,UOP04-DEL07-SC,2024
"628011,0",2024-09-14,sábado,14:30:00,SC,101,"200,0",SAO JOSE,Ausência de reação do condutor,Colisão lateral mesmo sentido,Com Vítimas Feridas,Pleno dia,Decrescente,Nublado,Múltipla,Reta,Sim,3,0,1,0,2,0,1,2,-27.54018513,-48.62287714,SPRF-SC,DEL01-SC,UOP01-DEL01-SC,2024
"628031,0",2024-09-14,sábado,16:23:00,SC,101,"256,0",PAULO LOPES,Reação tardia ou ineficiente do condutor,Saída de leito carroçável,Com Vítimas Feridas,Pleno dia,Crescente,Nublado,Múltipla,Reta,Não,3,0,2,1,0,0,3,1,-27.99118704,-48.68309677,SPRF-SC,DEL02-SC,UOP03-DEL02-SC,2024
"628043,0",2024-09-14,sábado,15:50:00,SC,101,"136,0",BALNEARIO CAMBORIU,Reação tardia ou ineficiente do condutor,Tombamento,Com Vítimas Feridas,Pleno dia,Decrescente,Garoa/Chuvisco,Simples,Reta,Sim,2,0,1,0,1,0,1,1,-27.008113,-48.617245,SPRF-SC,DEL04-SC,UOP03-DEL04-SC,2024
"628051,0",2024-09-14,sábado,16:00:00,SC,470,"317,0",CAMPOS NOVOS,Ingestão de álcool pelo condutor,Saída de leito carroçável,Sem Vítimas,Pleno dia,Decrescente,Céu Claro,Simples,Curva,Não,1,0,0,0,0,1,0,1,-27.404869,-51.206257,SPRF-SC,DEL07-SC,UOP06-DEL07-SC,2024
"628055,0",2024-09-14,sábado,15:00:00,SC,280,"97,2",CORUPA,Velocidade Incompatível,Saída de leito carroçável,Com Vítimas Feridas,Pleno dia,Decrescente,Chuva,Simples,Curva;Aclive,Não,2,0,1,0,1,0,1,1,-26.3839118,-49.321661,SPRF-SC,DEL06-SC,UOP03-DEL06-SC,2024
"628056,0",2024-09-14,sábado,14:40:00,SC,280,"127,0",RIO NEGRINHO,Acessar a via sem observar a presença dos outros veículos,Colisão lateral mesmo sentido,Com Vítimas Feridas,Pleno dia,Decrescente,Garoa/Chuvisco,Simples,Reta,Sim,4,0,2,0,2,0,2,2,-26.23943953,-49.50420708,SPRF-SC,DEL06-SC,UOP03-DEL06-SC,2024
"628062,0",2024-09-14,sábado,18:00:00,SC,101,"33,0",JOINVILLE,Ingestão de álcool pelo condutor,Saída de leito carroçável,Com Vítimas Feridas,Plena Noite,Decrescente,Chuva,Simples,Curva,Não,1,0,1,0,0,0,1,1,-26.25576767,-48.90469015,SPRF-SC,DEL03-SC,UOP01-DEL03-SC,2024
"628085,0",2024-09-14,sábado,20:20:00,SC,101,"200,4",SAO JOSE,Velocidade Incompatível,Colisão traseira,Com Vítimas Feridas,Plena Noite,Crescente,Garoa/Chuvisco,Dupla,Reta;Aclive,Sim,2,0,1,0,0,1,1,2,-27.54018513,-48.62287714,SPRF-SC,DEL01-SC,UOP01-DEL01-SC,2024
"628121,0",2024-09-14,sábado,22:20:00,SC,101,"208,1",SAO JOSE,Acesso irregular,Colisão transversal,Com Vítimas Feridas,Plena Noite,Decrescente,Céu Claro,Múltipla,Reta,Sim,3,0,2,0,1,0,2,2,-27.60465353,-48.6331594,SPRF-SC,DEL01-SC,UOP01-DEL01-SC,2024
"628141,0",2024-09-14,sábado,23:55:00,SC,101,"132,5",BALNEARIO CAMBORIU,Ausência de reação do condutor,Saída de leito carroçável,Com Vítimas Feridas,Plena Noite,Crescente,Garoa/Chuvisco,Dupla,Reta,Não,1,0,1,0,0,0,1,1,-26.99654133,-48.65564711,SPRF-SC,DEL04-SC,UOP03-DEL04-SC,2024
"628146,0",2024-09-15,domingo,01:10:00,SC,116,"237,0",CORREIA PINTO,Ausência de reação do condutor,Saída de leito carroçável,Sem Vítimas,Plena Noite,Crescente,Nublado,Simples,Reta,Não,1,0,0,0,0,1,0,1,-27.73034899,-50.3359778,SPRF-SC,DEL05-SC,UOP01-DEL05-SC,2024
"628147,0",2024-09-14,sábado,23:35:00,SC,470,"101,3",APIUNA,Ausência de reação do condutor,Colisão lateral sentido oposto,Sem Vítimas,Pleno dia,Decrescente,Chuva,Simples,Reta,Não,2,0,0,0,1,1,0,2,-27.05813212,-49.38998222,SPRF-SC,DEL04-SC,UOP02-DEL04-SC,2024
"628156,0",2024-09-15,domingo,01:05:00,SC,282,"342,4",CAMPOS NOVOS,Ingestão de álcool pelo condutor,Colisão com objeto,Com Vítimas Feridas,Amanhecer,Crescente,Céu Claro,Simples,Curva,Não,1,0,1,0,0,0,1,1,-27.39023036,-51.2234652,SPRF-SC,DEL07-SC,UOP06-DEL07-SC,2024
"628168,0",2024-09-15,domingo,02:30:00,SC,101,"447,0",SANTA ROSA DO SUL,Ausência de reação do condutor,Saída de leito carroçável,Sem Vítimas,Plena Noite,Decrescente,Céu Claro,Dupla,Reta,Não,1,0,0,0,0,1,0,1,-29.15289482,-49.72792624,SPRF-SC,DEL02-SC,UOP02-DEL02-SC,2024
"628187,0",2024-09-15,domingo,05:30:00,SC,101,"115,1",ITAJAI,Velocidade Incompatível,Colisão traseira,Com Vítimas Feridas,Plena Noite,Crescente,Garoa/Chuvisco,Dupla,Reta,Sim,6,0,4,0,1,1,4,3,-26.87064015,-48.72954134,SPRF-SC,DEL04-SC,UOP04-DEL04-SC,2024
"628192,0",2024-09-15,domingo,03:50:00,SC,101,"381,0",ICARA,Reação tardia ou ineficiente do condutor,Saída de leito carroçável,Sem Vítimas,Plena Noite,Crescente,Ignorado,Simples,Curva,Não,1,0,0,0,1,0,0,1,-28.75478409,-49.27732095,SPRF-SC,DEL02-SC,UOP02-DEL02-SC,2024
"628226,0",2024-08-22,quinta-feira,19:30:00,SC,282,"3,5",FLORIANOPOLIS,Reação tardia ou ineficiente do condutor,Tombamento,Com Vítimas Feridas,Plena Noite,Crescente,Céu Claro,Dupla,Reta,Sim,1,0,1,0,0,0,1,1,-27.600384,-48.599705,SPRF-SC,DEL01-SC,UOP01-DEL01-SC,2024
"628245,0",2024-09-15,domingo,11:55:00,SC,101,"138,0",BALNEARIO CAMBORIU,Reação tardia ou ineficiente do condutor,Colisão com objeto,Com Vítimas Feridas,Pleno dia,Decrescente,Chuva,Múltipla,Curva,Sim,3,0,2,0,1,0,2,1,-27.02397426,-48.60761649,SPRF-SC,DEL04-SC,UOP03-DEL04-SC,2024
"628265,0",2024-09-15,domingo,14:40:00,SC,282,"49,1",AGUAS MORNAS,Velocidade Incompatível,Saída de leito carroçável,Com Vítimas Feridas,Pleno dia,Crescente,Chuva,Simples,Curva,Não,3,0,0,2,1,0,2,1,-27.712931,-48.943741,SPRF-SC,DEL01-SC,UOP03-DEL01-SC,2024
"628269,0",2024-09-15,domingo,14:40:00,SC,470,"124,9",LONTRAS,Ausência de reação do condutor,Colisão frontal,Com Vítimas Feridas,Pleno dia,Crescente,Chuva,Simples,Curva;Declive,Não,4,0,1,1,2,0,2,3,-27.113192,-49.529163,SPRF-SC,DEL04-SC,UOP02-DEL04-SC,2024
"628295,0",2024-09-15,domingo,16:40:00,SC,282,"48,8",AGUAS MORNAS,Reação tardia ou ineficiente do condutor,Colisão lateral sentido oposto,Com Vítimas Feridas,Anoitecer,Crescente,Chuva,Simples,Curva;Declive,Não,5,0,3,1,1,0,4,2,-27.714352,-48.938072,SPRF-SC,DEL01-SC,UOP03-DEL01-SC,2024
"628300,0",2024-09-15,domingo,17:30:00,SC,470,"64,5",INDAIAL,Ausência de reação do condutor,Colisão traseira,Sem Vítimas,Pleno dia,Decrescente,Garoa/Chuvisco,Simples,Reta,Sim,2,0,0,0,1,1,0,2,-26.86998974,-49.20698047,SPRF-SC,DEL04-SC,UOP01-DEL04-SC,2024
"628327,0",2024-09-15,domingo,18:50:00,SC,101,"217,0",PALHOCA,Condutor deixou de manter distância do veículo da frente,Colisão traseira,Com Vítimas Feridas,Plena Noite,Decrescente,Chuva,Dupla,Reta,Não,2,0,1,0,1,0,1,2,-27.66779034,-48.67393586,SPRF-SC,DEL01-SC,UOP02-DEL01-SC,2024
"628337,0",2024-09-15,domingo,13:58:00,SC,101,"174,5",BIGUACU,Acumulo de água sobre o pavimento,Saída de leito carroçável,Sem Vítimas,Pleno dia,Crescente,Chuva,Dupla,Reta;Retorno Regulamentado,Não,1,0,0,0,1,0,0,1,-27.33081601,-48.62697562,SPRF-SC,DEL01-SC,UOP01-DEL01-SC,2024
"628338,0",2024-09-15,domingo,18:40:00,SC,470,"169,0",POUSO REDONDO,Ingestão de álcool pelo condutor,Saída de leito carroçável,Sem Vítimas,Plena Noite,Crescente,Chuva,Simples,Reta,Não,1,0,0,0,1,0,0,1,-27.26060778,-49.90069628,SPRF-SC,DEL04-SC,UOP02-DEL04-SC,2024
"628352,0",2024-09-15,domingo,19:45:00,SC,282,"415,5",CATANDUVAS,Ingestão de álcool pelo condutor,Saída de leito carroçável,Sem Vítimas,Plena Noite,Decrescente,Chuva,Simples,Curva;Declive,Não,1,0,0,0,1,0,0,1,-27.039997,-51.708958,SPRF-SC,DEL07-SC,UOP05-DEL07-SC,2024
"628360,0",2024-09-15,domingo,18:30:00,SC,101,"304,0",LAGUNA,Transitar na contramão,Colisão frontal,Com Vítimas Feridas,Plena Noite,Crescente,Chuva,Múltipla,Reta,Não,2,0,0,1,1,0,1,2,-28.36912427,-48.75686871,SPRF-SC,DEL02-SC,UOP03-DEL02-SC,2024
"628378,0",2024-09-15,domingo,21:00:00,SC,116,"137,8",SANTA CECILIA,Ausência de reação do condutor,Saída de leito carroçável,Com Vítimas Feridas,Plena Noite,Crescente,Chuva,Simples,Curva,Não,1,0,1,0,0,0,1,1,-26.946361,-50.42928293,SPRF-SC,DEL06-SC,UOP02-DEL06-SC,2024
"628394,0",2024-09-15,domingo,23:15:00,SC,101,"217,0",PALHOCA,Reação tardia ou ineficiente do condutor,Tombamento,Com Vítimas Feridas,Plena Noite,Crescente,Garoa/Chuvisco,Dupla,Reta,Sim,1,0,1,0,0,0,1,1,-27.66779034,-48.67393586,SPRF-SC,DEL01-SC,UOP02-DEL01-SC,2024
"628421,0",2024-09-16,segunda-feira,01:00:00,SC,101,"0,9",ARARANGUA,Velocidade Incompatível,Saída de leito carroçável,Sem Vítimas,Plena Noite,Decrescente,Céu Claro,Simples,Rotatória,Não,1,0,0,0,0,1,0,1,-28.92793053,-49.49308634,SPRF-SC,DEL03-SC,UOP01-DEL03-SC,2024
"628422,0",2024-09-16,segunda-feira,00:55:00,SC,101,"394,0",CRICIUMA,Ingestão de álcool pelo condutor,Colisão com objeto,Sem Vítimas,Plena Noite,Decrescente,Ignorado,Dupla,Reta,Não,1,0,0,0,1,0,0,1,-28.81326275,-49.38911611,SPRF-SC,DEL02-SC,UOP02-DEL02-SC,2024
"628428,0",2024-09-16,segunda-feira,00:55:00,SC,282,"562,0",NOVA ERECHIM,Ingestão de álcool pelo condutor,Capotamento,Sem Vítimas,Plena Noite,Crescente,Céu Claro,Simples,Curva;Rotatória,Não,1,0,0,0,0,1,0,1,-26.911108,-52.865475,SPRF-SC,DEL07-SC,UOP02-DEL07-SC,2024
"628438,0",2024-09-16,segunda-feira,06:00:00,SC,282,"6,0",SAO JOSE,Reação tardia ou ineficiente do condutor,Colisão com objeto,Com Vítimas Feridas,Pleno dia,Decrescente,Céu Claro,Dupla,Curva,Sim,1,0,1,0,0,0,1,1,-27.584996,-48.617836,SPRF-SC,DEL01-SC,UOP01-DEL01-SC,2024
"628450,0",2024-09-16,segunda-feira,06:30:00,SC,282,"54,5",AGUAS MORNAS,Velocidade Incompatível,Saída de leito carroçável,Com Vítimas Feridas,Amanhecer,Crescente,Chuva,Simples,Curva,Não,3,0,3,0,0,0,3,1,-27.685799,-48.974514,SPRF-SC,DEL01-SC,UOP03-DEL01-SC,2024
"628451,0",2024-09-16,segunda-feira,07:00:00,SC,101,"74,0",ARAQUARI,Velocidade Incompatível,Colisão com objeto,Com Vítimas Feridas,Pleno dia,Crescente,Chuva,Dupla,Reta,Sim,3,0,2,0,1,0,2,2,-26.54098194,-48.71220946,SPRF-SC,DEL03-SC,UOP02-DEL03-SC,2024
"628453,0",2024-09-16,segunda-feira,07:30:00,SC,101,"211,8",PALHOCA,Condutor deixou de manter distância do veículo da frente,Colisão traseira,Com Vítimas Feridas,Pleno dia,Decrescente,Nublado,Múltipla,Reta,Sim,3,0,1,0,1,1,1,3,-27.62329313,-48.65245588,SPRF-SC,DEL01-SC,UOP02-DEL01-SC,2024
"628483,0",2024-09-16,segunda-feira,08:27:00,SC,101,"186,1",BIGUACU,Pista Escorregadia,Colisão com objeto,Com Vítimas Feridas,Pleno dia,Crescente,Nublado,Dupla,Curva,Não,1,0,1,0,0,0,1,1,-27.4341098,-48.62567129,SPRF-SC,DEL01-SC,UOP01-DEL01-SC,2024
"628487,0",2024-09-16,segunda-feira,08:00:00,SC,101,"123,0",ITAJAI,Reação tardia ou ineficiente do condutor,Tombamento,Com Vítimas Feridas,Pleno dia,Crescente,Nublado,Múltipla,Reta,Sim,1,0,1,0,0,0,1,1,-26.93668609,-48.69876905,SPRF-SC,DEL04-SC,UOP04-DEL04-SC,2024
"628506,0",2024-09-16,segunda-feira,11:00:00,SC,101,"132,0",BALNEARIO CAMBORIU,Reação tardia ou ineficiente do condutor,Colisão traseira,Com Vítimas Feridas,Pleno dia,Decrescente,Chuva,Dupla,Reta,Sim,2,0,1,0,1,0,1,2,-26.99654133,-48.65564711,SPRF-SC,DEL04-SC,UOP03-DEL04-SC,2024
"628516,0",2024-09-16,segunda-feira,11:00:00,SC,101,"132,9",CAMBORIU,Condutor deixou de manter distância do veículo da frente,Colisão traseira,Com Vítimas Feridas,Pleno dia,Crescente,Chuva,Múltipla,Reta,Não,2,0,0,1,1,0,1,2,-26.99936,-48.64609,SPRF-SC,DEL04-SC,UOP03-DEL04-SC,2024
"628523,0",2024-09-16,segunda-feira,09:00:00,SC,470,"31,0",GASPAR,Condutor Dormindo,Saída de leito carroçável,Com Vítimas Feridas,Pleno dia,Crescente,Garoa/Chuvisco,Dupla,Reta,Não,1,0,1,0,0,0,1,1,-26.897331,-48.923069,SPRF-SC,DEL04-SC,UOP01-DEL04-SC,2024
"628528,0",2024-09-16,segunda-feira,12:55:00,SC,101,"206,1",SAO JOSE,Reação tardia ou ineficiente do condutor,Colisão traseira,Com Vítimas Feridas,Pleno dia,Decrescente,Nublado,Múltipla,Reta,Sim,2,0,1,0,1,0,1,2,-27.59193546,-48.61824557,SPRF-SC,DEL01-SC,UOP01-DEL01-SC,2024
"628577,0",2024-09-16,segunda-feira,17:20:00,SC,101,"204,5",SAO JOSE,Acessar a via sem observar a presença dos outros veículos,Colisão transversal,Com Vítimas Feridas,Pleno dia,Decrescente,Nublado,Múltipla,Reta,Sim,2,0,1,0,0,1,1,2,-27.57413014,-48.61363083,SPRF-SC,DEL01-SC,UOP01-DEL01-SC,2024
"628587,0",2024-09-16,segunda-feira,18:00:00,SC,282,"0,7",FLORIANOPOLIS,Trafegar com motocicleta (ou similar) entre as faixas,Colisão lateral mesmo sentido,Com Vítimas Feridas,Plena Noite,Crescente,Nublado,Múltipla,Reta;Aclive,Sim,4,0,2,0,2,0,2,3,-27.59845,-48.571995,SPRF-SC,DEL01-SC,UOP01-DEL01-SC,2024