id,data_inversa,dia_semana,horario,uf,br,km,municipio,causa_acidente,tipo_acidente,classificacao_acidente,fase_dia,sentido_via,condicao_metereologica,tipo_pista,tracado_via,uso_solo,pessoas,mortos,feridos_leves,feridos_graves,ilesos,ignorados,feridos,veiculos,latitude,longitude,regional,delegacia,uop,ano_arquivo
"628607,0",2024-09-16,segunda-feira,19:10:00,SC,282,"604,6",MARAVILHA,Acesso irregular,Colisão transversal,Com Vítimas Feridas,Plena Noite,Crescente,Céu Claro,Simples,Reta,Sim,5,0,3,0,2,0,3,2,-26.795523,-53.192974,SPRF-SC,DEL07-SC,UOP02-DEL07-SC,2024
"628627,0",2024-09-16,segunda-feira,18:42:00,SC,116,"114,0",SANTA CECILIA,Condutor deixou de manter distância do veículo da frente,Colisão traseira,Com Vítimas Feridas,Plena Noite,Crescente,Céu Claro,Simples,Reta;Aclive,Não,2,0,1,0,1,0,1,2,-26.79459901,-50.34203704,SPRF-SC,DEL06-SC,UOP02-DEL06-SC,2024
"628643,0",2024-09-17,terça-feira,06:46:00,SC,101,"126,0",ITAJAI,Reação tardia ou ineficiente do condutor,Colisão traseira,Com Vítimas Feridas,Pleno dia,Decrescente,Nublado,Dupla,Curva,Sim,2,0,1,0,1,0,1,2,-26.95564404,-48.67978366,SPRF-SC,DEL04-SC,UOP04-DEL04-SC,2024
"628666,0",2024-09-17,terça-feira,07:00:00,SC,101,"11,3",GARUVA,Demais falhas mecânicas ou elétricas,Incêndio,Sem Vítimas,Amanhecer,Decrescente,Nublado,Dupla,Reta,Não,1,0,0,0,1,0,0,1,-26.07202503,-48.86100853,SPRF-SC,DEL03-SC,UOP01-DEL03-SC,2024
"628674,0",2024-09-17,terça-feira,07:35:00,SC,101,"213,3",PALHOCA,Acessar a via sem observar a presença dos outros veículos,Colisão transversal,Com Vítimas Feridas,Pleno dia,Decrescente,Céu Claro,Múltipla,Reta;Interseção de Vias,Sim,3,0,1,0,2,0,1,2,-27.63697369,-48.66514142,SPRF-SC,DEL01-SC,UOP02-DEL01-SC,2024
"628687,0",2024-09-13,sexta-feira,12:18:00,SC,282,"56,2",RANCHO QUEIMADO,Pista Escorregadia,Saída de leito carroçável,Com Vítimas Feridas,Pleno dia,Crescente,Chuva,Simples,Curva;Declive,Não,1,0,1,0,0,0,1,1,-27.69031076,-48.99229222,SPRF-SC,DEL01-SC,UOP03-DEL01-SC,2024
"628699,0",2024-09-17,terça-feira,10:50:00,SC,101,"208,0",SAO JOSE,Ausência de reação do condutor,Colisão traseira,Com Vítimas Feridas,Pleno dia,Crescente,Céu Claro,Dupla,Reta;Aclive,Não,2,0,1,0,1,0,1,2,-27.60327979,-48.63201818,SPRF-SC,DEL01-SC,UOP01-DEL01-SC,2024
"628731,0",2024-09-17,terça-feira,13:30:00,SC,282,"570,0",NOVA ERECHIM,Manobra de mudança de faixa,Colisão lateral mesmo sentido,Sem Vítimas,Pleno dia,Crescente,Céu Claro,Simples,Reta,Não,6,0,0,0,6,0,0,1,-26.89006,-52.93306,SPRF-SC,DEL07-SC,UOP02-DEL07-SC,2024
"628734,0",2024-09-17,terça-feira,14:15:00,SC,101,"205,0",SAO JOSE,Reação tardia ou ineficiente do condutor,Colisão traseira,Com Vítimas Feridas,Pleno dia,Crescente,Chuva,Dupla,Curva,Sim,2,0,1,0,1,0,1,2,-27.58313237,-48.61532885,SPRF-SC,DEL01-SC,UOP01-DEL01-SC,2024
"628756,0",2024-09-17,terça-feira,16:25:00,SC,101,"278,7",IMBITUBA,Manobra de mudança de faixa,Tombamento,Com Vítimas Feridas,Pleno dia,Crescente,Céu Claro,Múltipla,Reta;Declive,Não,2,0,2,0,0,0,2,1,-28.18217246,-48.69598746,SPRF-SC,DEL02-SC,UOP03-DEL02-SC,2024
"628764,0",2024-09-17,terça-feira,16:00:00,SC,101,"240,0",PALHOCA,Velocidade Incompatível,Saída de leito carroçável,Com Vítimas Feridas,Pleno dia,Crescente,Céu Claro,Dupla,Reta,Não,1,0,0,1,0,0,1,1,-27.85825092,-48.64383119,SPRF-SC,DEL01-SC,UOP02-DEL01-SC,2024
"628768,0",2024-09-17,terça-feira,17:10:00,SC,470,"52,3",BLUMENAU,Ausência de reação do condutor,Colisão lateral mesmo sentido,Com Vítimas Feridas,Pleno dia,Decrescente,Céu Claro,Simples,Reta;Em Obras;Interseção de Vias,Sim,2,0,1,0,1,0,1,2,-26.86553369,-49.09969211,SPRF-SC,DEL04-SC,UOP01-DEL04-SC,2024
"628799,0",2024-09-17,terça-feira,20:20:00,SC,470,"68,1",INDAIAL,Acessar a via sem observar a presença dos outros veículos,Colisão lateral mesmo sentido,Com Vítimas Feridas,Plena Noite,Crescente,Céu Claro,Dupla,Reta,Sim,2,0,1,0,1,0,1,2,-26.877615,-49.239231,SPRF-SC,DEL04-SC,UOP01-DEL04-SC,2024
"628807,0",2024-09-17,terça-feira,21:00:00,SC,470,"135,8",RIO DO SUL,Conversão proibida,Colisão transversal,Com Vítimas Feridas,Plena Noite,Crescente,Céu Claro,Simples,Reta,Não,2,0,0,1,1,0,1,2,-27.188492,-49.61232,SPRF-SC,DEL04-SC,UOP02-DEL04-SC,2024
"628809,0",2024-09-17,terça-feira,19:20:00,SC,116,"25,5",ITAIOPOLIS,Ingestão de álcool pelo condutor,Saída de leito carroçável,Com Vítimas Feridas,Plena Noite,Decrescente,Nublado,Simples,Reta;Declive,Não,1,0,1,0,0,0,1,1,-26.28051002,-49.92717199,SPRF-SC,DEL06-SC,UOP01-DEL06-SC,2024
"628830,0",2024-09-17,terça-feira,22:45:00,SC,101,"414,7",ARARANGUA,Ingestão de álcool pelo condutor,Saída de leito carroçável,Com Vítimas Feridas,Plena Noite,Decrescente,Nublado,Dupla,Curva,Não,1,0,1,0,0,0,1,1,-28.95360392,-49.50985011,SPRF-SC,DEL02-SC,UOP02-DEL02-SC,2024
"628838,0",2024-09-18,quarta-feira,03:00:00,SC,101,"162,0",TIJUCAS,Condutor deixou de manter distância do veículo da frente,Colisão lateral mesmo sentido,Com Vítimas Feridas,Plena Noite,Decrescente,Céu Claro,Múltipla,Reta,Não,2,0,0,1,1,0,1,2,-27.22554009,-48.6279367,SPRF-SC,DEL04-SC,UOP03-DEL04-SC,2024
"628853,0",2024-09-18,quarta-feira,06:10:00,SC,470,"65,3",INDAIAL,Ausência de reação do condutor,Colisão traseira,Com Vítimas Feridas,Pleno dia,Decrescente,Garoa/Chuvisco,Simples,Reta;Aclive,Sim,2,0,0,1,1,0,1,2,-26.870411,-49.211864,SPRF-SC,DEL04-SC,UOP01-DEL04-SC,2024
"628895,0",2024-09-18,quarta-feira,08:20:00,SC,101,"331,8",TUBARAO,Ausência de reação do condutor,Tombamento,Com Vítimas Feridas,Pleno dia,Crescente,Céu Claro,Múltipla,Viaduto,Sim,1,0,1,0,0,0,1,1,-28.45567521,-48.9812689,SPRF-SC,DEL02-SC,UOP01-DEL02-SC,2024
"628903,0",2024-09-18,quarta-feira,09:30:00,SC,101,"100,2",BALNEARIO PICARRAS,Reação tardia ou ineficiente do condutor,Colisão com objeto,Com Vítimas Feridas,Pleno dia,Crescente,Nublado,Múltipla,Reta,Sim,1,0,0,1,0,0,1,1,-26.75482787,-48.68993675,SPRF-SC,DEL03-SC,UOP02-DEL03-SC,2024
"628942,0",2024-09-18,quarta-feira,14:50:00,SC,470,"94,0",APIUNA,Transitar na contramão,Colisão frontal,Com Vítimas Feridas,Pleno dia,Decrescente,Nublado,Simples,Reta,Não,2,0,0,1,1,0,1,2,-27.003345,-49.374668,SPRF-SC,DEL04-SC,UOP01-DEL04-SC,2024
"628944,0",2024-09-18,quarta-feira,16:15:00,SC,101,"158,0",PORTO BELO,Transitar na contramão,Colisão lateral mesmo sentido,Com Vítimas Feridas,Pleno dia,Decrescente,Sol,Dupla,Reta,Sim,2,0,1,0,1,0,1,2,-27.19096301,-48.61259017,SPRF-SC,DEL04-SC,UOP03-DEL04-SC,2024
"628951,0",2024-09-18,quarta-feira,16:50:00,SC,101,"209,3",SAO JOSE,Demais falhas mecânicas ou elétricas,Tombamento,Com Vítimas Feridas,Pleno dia,Decrescente,Céu Claro,Múltipla,Reta,Sim,2,0,2,0,0,0,2,1,-27.61000542,-48.63895057,SPRF-SC,DEL01-SC,UOP01-DEL01-SC,2024
"628981,0",2024-09-18,quarta-feira,19:15:00,SC,280,"59,1",GUARAMIRIM,Reação tardia ou ineficiente do condutor,Colisão com objeto,Com Vítimas Feridas,Plena Noite,Decrescente,Nublado,Simples,Curva;Em Obras;Desvio Temporário,Sim,1,0,0,1,0,0,1,1,-26.47525778,-49.03098916,SPRF-SC,DEL03-SC,UOP03-DEL03-SC,2024
"628988,0",2024-09-18,quarta-feira,18:50:00,SC,101,"265,0",PAULO LOPES,Desrespeitar a preferência no cruzamento,Colisão transversal,Com Vítimas Feridas,Plena Noite,Crescente,Céu Claro,Simples,Interseção de Vias,Não,2,0,1,0,1,0,1,2,-28.06354517,-48.71623278,SPRF-SC,DEL02-SC,UOP03-DEL02-SC,2024
"629008,0",2024-09-18,quarta-feira,17:40:00,SC,101,"334,0",TUBARAO,Desrespeitar a preferência no cruzamento,Colisão lateral mesmo sentido,Com Vítimas Feridas,Pleno dia,Decrescente,Céu Claro,Múltipla,Interseção de Vias,Sim,2,0,1,0,1,0,1,2,-28.46971932,-49.01502013,SPRF-SC,DEL02-SC,UOP01-DEL02-SC,2024
"629010,0",2024-09-18,quarta-feira,21:15:00,SC,282,"16,0",PALHOCA,Área urbana sem a presença de local apropriado para a travessia de pedestres,Atropelamento de Pedestre,Com Vítimas Feridas,Plena Noite,Crescente,Céu Claro,Simples,Reta,Sim,2,0,1,0,1,0,1,2,-27.658611,-48.681847,SPRF-SC,DEL01-SC,UOP02-DEL01-SC,2024
"629043,0",2024-09-19,quinta-feira,03:05:00,SC,101,"158,0",PORTO BELO,Ingestão de álcool pelo condutor,Saída de leito carroçável,Sem Vítimas,Plena Noite,Crescente,Nublado,Dupla,Reta,Não,1,0,0,0,1,0,0,1,-27.19096301,-48.61259017,SPRF-SC,DEL04-SC,UOP03-DEL04-SC,2024
"629049,0",2024-09-19,quinta-feira,04:40:00,SC,101,"43,2",JOINVILLE,Acessar a via sem observar a presença dos outros veículos,Colisão transversal,Com Vítimas Feridas,Plena Noite,Crescente,Céu Claro,Simples,Interseção de Vias;Reta,Sim,2,0,1,0,1,0,1,2,-26.333476,-48.861201,SPRF-SC,DEL03-SC,UOP01-DEL03-SC,2024
"629055,0",2024-09-19,quinta-feira,06:30:00,SC,101,"210,0",SAO JOSE,Reação tardia ou ineficiente do condutor,Colisão traseira,Com Vítimas Feridas,Pleno dia,Decrescente,Céu Claro,Múltipla,Reta,Sim,2,0,1,0,1,0,1,2,-27.6167305,-48.6457265,SPRF-SC,DEL01-SC,UOP01-DEL01-SC,2024
"629091,0",2024-09-19,quinta-feira,07:20:00,SC,282,"41,2",AGUAS MORNAS,Demais falhas na via,Colisão lateral mesmo sentido,Com Vítimas Feridas,Pleno dia,Crescente,Garoa/Chuvisco,Simples,Reta,Sim,2,0,2,0,0,0,2,2,-27.715973,-48.878979,SPRF-SC,DEL01-SC,UOP03-DEL01-SC,2024
"629118,0",2024-09-19,quinta-feira,10:30:00,SC,470,"138,0",RIO DO SUL,Acessar a via sem observar a presença dos outros veículos,Colisão transversal,Com Vítimas Feridas,Pleno dia,Decrescente,Garoa/Chuvisco,Dupla,Reta;Aclive,Sim,4,0,0,2,2,0,2,2,-27.20734104,-49.64876175,SPRF-SC,DEL04-SC,UOP02-DEL04-SC,2024
"629130,0",2024-09-19,quinta-feira,12:00:00,SC,101,"136,0",BALNEARIO CAMBORIU,Ausência de reação do condutor,Colisão traseira,Com Vítimas Feridas,Pleno dia,Crescente,Nublado,Simples,Reta,Não,2,0,0,1,0,1,1,2,-27.008113,-48.617245,SPRF-SC,DEL04-SC,UOP03-DEL04-SC,2024
"629138,0",2024-09-19,quinta-feira,13:30:00,SC,282,"605,8",MARAVILHA,Acessar a via sem observar a presença dos outros veículos,Colisão transversal,Com Vítimas Feridas,Pleno dia,Crescente,Céu Claro,Simples,Rotatória;Reta;Interseção de Vias,Não,3,0,2,0,1,0,2,2,-26.786951,-53.195248,SPRF-SC,DEL07-SC,UOP02-DEL07-SC,2024
"629146,0",2024-09-19,quinta-feira,11:45:00,SC,282,"54,5",RANCHO QUEIMADO,Reação tardia ou ineficiente do condutor,Colisão frontal,Com Vítimas Feridas,Pleno dia,Crescente,Chuva,Simples,Curva;Declive,Não,4,0,0,2,2,0,2,2,-27.685799,-48.974514,SPRF-SC,DEL01-SC,UOP03-DEL01-SC,2024
"629149,0",2024-09-19,quinta-feira,14:23:00,SC,282,"5,1",SAO JOSE,Trafegar com motocicleta (ou similar) entre as faixas,Colisão traseira,Com Vítimas Feridas,Pleno dia,Crescente,Nublado,Múltipla,Reta,Sim,3,0,1,0,2,0,1,2,-27.588425,-48.612919,SPRF-SC,DEL01-SC,UOP01-DEL01-SC,2024
"629180,0",2024-09-19,quinta-feira,18:00:00,SC,470,"70,5",INDAIAL,Reação tardia ou ineficiente do condutor,Colisão lateral mesmo sentido,Com Vítimas Feridas,Plena Noite,Decrescente,Nublado,Simples,Reta;Em Obras;Desvio Temporário,Sim,2,0,1,0,1,0,1,2,-26.89339674,-49.25947666,SPRF-SC,DEL04-SC,UOP01-DEL04-SC,2024
"629196,0",2024-09-19,quinta-feira,17:40:00,SC,163,"104,9",SAO JOSE DO CEDRO,Transitar na contramão,Colisão lateral sentido oposto,Com Vítimas Feridas,Pleno dia,Crescente,Céu Claro,Simples,Rotatória;Reta,Sim,2,0,1,0,1,0,1,2,-26.45385604,-53.51042064,SPRF-SC,DEL07-SC,UOP03-DEL07-SC,2024
"629201,0",2024-09-19,quinta-feira,12:50:00,SC,282,"195,0",LAGES,Acessar a via sem observar a presença dos outros veículos,Colisão lateral mesmo sentido,Com Vítimas Feridas,Pleno dia,Decrescente,Garoa/Chuvisco,Simples,Reta,Não,3,0,2,0,1,0,2,2,-27.746756,-50.084789,SPRF-SC,DEL05-SC,UOP01-DEL05-SC,2024
"629202,0",2024-09-19,quinta-feira,18:40:00,SC,280,"126,6",RIO NEGRINHO,Acessar a via sem observar a presença dos outros veículos,Colisão traseira,Com Vítimas Feridas,Plena Noite,Crescente,Chuva,Simples,Declive;Interseção de Vias,Sim,5,0,0,1,4,0,1,2,-26.23779604,-49.49427399,SPRF-SC,DEL06-SC,UOP03-DEL06-SC,2024
"629206,0",2024-09-19,quinta-feira,19:30:00,SC,101,"216,0",PALHOCA,Trafegar com motocicleta (ou similar) entre as faixas,Queda de ocupante de veículo,Com Vítimas Feridas,Plena Noite,Crescente,Chuva,Múltipla,Viaduto;Reta;Declive,Sim,4,0,0,1,3,0,1,4,-27.65981409,-48.67747798,SPRF-SC,DEL01-SC,UOP02-DEL01-SC,2024
"629209,0",2024-09-19,quinta-feira,07:50:00,SC,470,"72,0",INDAIAL,Ausência de reação do condutor,Colisão com objeto,Com Vítimas Feridas,Plena Noite,Decrescente,Garoa/Chuvisco,Dupla,Reta;Declive,Não,3,0,2,1,0,0,3,1,-26.901979,-49.268745,SPRF-SC,DEL04-SC,UOP01-DEL04-SC,2024
"629210,0",2024-09-19,quinta-feira,11:40:00,SC,282,"120,0",BOM RETIRO,Falta de elemento de contenção que evite a saída do leito carroçável,Saída de leito carroçável,Com Vítimas Feridas,Pleno dia,Decrescente,Nublado,Simples,Curva,Não,2,0,1,0,1,0,1,1,-27.792959,-49.415504,SPRF-SC,DEL05-SC,UOP01-DEL05-SC,2024
"629232,0",2024-09-19,quinta-feira,19:50:00,SC,163,"79,2",GUARACIABA,Acumulo de areia ou detritos sobre o pavimento,Tombamento,Com Vítimas Feridas,Plena Noite,Crescente,Céu Claro,Simples,Reta;Em Obras;Declive,Sim,2,0,2,0,0,0,2,1,-26.65911819,-53.51816757,SPRF-SC,DEL07-SC,UOP03-DEL07-SC,2024
"629236,0",2024-09-19,quinta-feira,20:00:00,SC,280,"87,0",CORUPA,Demais falhas mecânicas ou elétricas,Incêndio,Sem Vítimas,Plena Noite,Crescente,Céu Claro,Simples,Curva;Aclive,Não,1,0,0,0,1,0,0,1,-26.41501369,-49.25741675,SPRF-SC,DEL06-SC,UOP03-DEL06-SC,2024
"629239,0",2024-09-19,quinta-feira,23:00:00,SC,101,"206,7",SAO JOSE,Ingestão de álcool pelo condutor,Engavetamento,Sem Vítimas,Plena Noite,Crescente,Chuva,Múltipla,Reta,Sim,3,0,0,0,3,0,0,3,-27.59855,-48.621524,SPRF-SC,DEL01-SC,UOP01-DEL01-SC,2024
"629258,0",2024-09-20,sexta-feira,02:50:00,SC,101,"190,2",BIGUACU,Ingestão de substâncias psicoativas pelo condutor,Saída de leito carroçável,Com Vítimas Feridas,Plena Noite,Crescente,Chuva,Dupla,Reta,Não,1,0,1,0,0,0,1,1,-27.468056,-48.641712,SPRF-SC,DEL01-SC,UOP01-DEL01-SC,2024
"629289,0",2024-09-20,sexta-feira,07:20:00,SC,470,"54,5",BLUMENAU,Desrespeitar a preferência no cruzamento,Colisão transversal,Com Vítimas Feridas,Pleno dia,Crescente,Garoa/Chuvisco,Simples,Interseção de Vias;Reta,Sim,3,0,1,0,2,0,1,2,-26.87320274,-49.11418676,SPRF-SC,DEL04-SC,UOP01-DEL04-SC,2024
"629291,0",2024-09-20,sexta-feira,07:10:00,SC,101,"148,8",ITAPEMA,Manobra de mudança de faixa,Colisão lateral mesmo sentido,Com Vítimas Feridas,Pleno dia,Crescente,Nublado,Múltipla,Reta,Sim,2,0,1,0,1,0,1,2,-27.10123686,-48.61807962,SPRF-SC,DEL04-SC,UOP03-DEL04-SC,2024
"629319,0",2024-09-20,sexta-feira,08:35:00,SC,101,"204,8",SAO JOSE,Ausência de reação do condutor,Tombamento,Com Vítimas Feridas,Pleno dia,Crescente,Chuva,Múltipla,Reta,Sim,1,0,1,0,0,0,1,1,-27.57413014,-48.61363083,SPRF-SC,DEL01-SC,UOP01-DEL01-SC,2024
"629328,0",2024-09-20,sexta-feira,08:05:00,SC,101,"118,0",ITAJAI,Manobra de mudança de faixa,Colisão lateral mesmo sentido,Com Vítimas Feridas,Pleno dia,Crescente,Nublado,Dupla,Reta,Sim,3,0,1,0,2,0,1,3,-26.895859,-48.71903,SPRF-SC,DEL04-SC,UOP04-DEL04-SC,2024
"629331,0",2024-09-20,sexta-feira,08:20:00,SC,101,"202,0",SAO JOSE,Reação tardia ou ineficiente do condutor,Queda de ocupante de veículo,Com Vítimas Feridas,Pleno dia,Crescente,Chuva,Múltipla,Reta,Sim,1,0,1,0,0,0,1,1,-27.55711595,-48.61897889,SPRF-SC,DEL01-SC,UOP01-DEL01-SC,2024
"629334,0",2024-09-20,sexta-feira,09:15:00,SC,101,"208,4",SAO JOSE,Reação tardia ou ineficiente do condutor,Colisão transversal,Com Vítimas Feridas,Pleno dia,Decrescente,Nublado,Múltipla,Interseção de Vias;Reta;Viaduto,Sim,4,0,1,0,3,0,1,2,-27.60327979,-48.63201818,SPRF-SC,DEL01-SC,UOP01-DEL01-SC,2024
"629355,0",2024-09-20,sexta-feira,12:00:00,SC,101,"335,9",TUBARAO,Acumulo de água sobre o pavimento,Saída de leito carroçável,Com Vítimas Feridas,Pleno dia,Decrescente,Chuva,Múltipla,Curva;Interseção de Vias,Não,1,0,1,0,0,0,1,1,-28.47311347,-49.02437375,SPRF-SC,DEL02-SC,UOP01-DEL02-SC,2024
"629371,0",2024-07-27,sábado,08:09:00,SC,101,"132,0",BALNEARIO CAMBORIU,Condutor deixou de manter distância do veículo da frente,Colisão traseira,Com Vítimas Fatais,Amanhecer,Decrescente,Céu Claro,Dupla,Viaduto;Reta;Declive,Sim,3,1,0,1,1,0,1,2,-26.996754,-48.654641,SPRF-SC,DEL04-SC,UOP03-DEL04-SC,2024
"629386,0",2024-09-20,sexta-feira,15:40:00,SC,101,"203,0",SAO JOSE,Acumulo de água sobre o pavimento,Colisão com objeto,Com Vítimas Feridas,Pleno dia,Decrescente,Chuva,Múltipla,Reta,Não,1,0,1,0,0,0,1,1,-27.5650044,-48.61460082,SPRF-SC,DEL01-SC,UOP01-DEL01-SC,2024
"629391,0",2024-09-20,sexta-feira,14:50:00,SC,470,"102,0",APIUNA,Ausência de reação do condutor,Saída de leito carroçável,Com Vítimas Feridas,Pleno dia,Crescente,Chuva,Simples,Reta,Não,2,0,0,1,1,0,1,1,-27.060822,-49.392761,SPRF-SC,DEL04-SC,UOP02-DEL04-SC,2024
"629400,0",2024-09-20,sexta-feira,16:15:00,SC,101,"207,8",SAO JOSE,Reação tardia ou ineficiente do condutor,Colisão traseira,Sem Vítimas,Pleno dia,Crescente,Nublado,Múltipla,Declive;Reta,Sim,5,0,0,0,5,0,0,2,-27.60001226,-48.6226467,SPRF-SC,DEL01-SC,UOP01-DEL01-SC,2024
"629401,0",2024-09-20,sexta-feira,16:20:00,SC,101,"145,0",ITAPEMA,Reação tardia ou ineficiente do condutor,Colisão traseira,Com Vítimas Feridas,Pleno dia,Crescente,Chuva,Dupla,Reta,Não,4,0,1,0,3,0,1,3,-27.08139206,-48.60130993,SPRF-SC,DEL04-SC,UOP03-DEL04-SC,2024
"629414,0",2024-09-20,sexta-feira,17:15:00,SC,101,"232,0",PALHOCA,Velocidade Incompatível,Colisão com objeto,Com Vítimas Feridas,Pleno dia,Crescente,Garoa/Chuvisco,Dupla,Curva;Aclive,Não,2,0,1,0,1,0,1,1,-27.795666,-48.638153,SPRF-SC,DEL01-SC,UOP02-DEL01-SC,2024
"629417,0",2024-09-20,sexta-feira,14:20:00,SC,280,"126,0",RIO NEGRINHO,Transitar no Acostamento,Colisão lateral mesmo sentido,Com Vítimas Feridas,Pleno dia,Decrescente,Chuva,Simples,Reta,Não,2,0,1,0,1,0,1,2,-26.238,-49.497,SPRF-SC,DEL06-SC,UOP03-DEL06-SC,2024
"629420,0",2024-09-20,sexta-feira,18:00:00,SC,101,"192,0",BIGUACU,Reação tardia ou ineficiente do condutor,Colisão com objeto,Com Vítimas Feridas,Anoitecer,Crescente,Nublado,Dupla,Curva,Sim,4,0,2,0,2,0,2,1,-27.48443781,-48.64765238,SPRF-SC,DEL01-SC,UOP01-DEL01-SC,2024
"629421,0",2024-09-20,sexta-feira,13:30:00,SC,470,"192,0",POUSO REDONDO,Ausência de reação do condutor,Colisão transversal,Com Vítimas Feridas,Pleno dia,Decrescente,Chuva,Dupla,Curva,Não,3,0,3,0,0,0,3,2,-27.293324,-50.078678,SPRF-SC,DEL04-SC,UOP02-DEL04-SC,2024
"629422,0",2024-09-20,sexta-feira,18:00:00,SC,101,"217,0",PALHOCA,Trafegar com motocicleta (ou similar) entre as faixas,Colisão lateral mesmo sentido,Com Vítimas Feridas,Plena Noite,Crescente,Céu Claro,Dupla,Reta,Não,3,0,1,0,2,0,1,3,-27.66779034,-48.67393586,SPRF-SC,DEL01-SC,UOP02-DEL01-SC,2024
"629424,0",2024-09-20,sexta-feira,17:10:00,SC,282,"49,0",AGUAS MORNAS,Pista Escorregadia,Saída de leito carroçável,Com Vítimas Feridas,Anoitecer,Crescente,Chuva,Simples,Curva;Aclive,Não,2,0,2,0,0,0,2,1,-27.712931,-48.943741,SPRF-SC,DEL01-SC,UOP03-DEL01-SC,2024
"629427,0",2024-09-20,sexta-feira,10:30:00,SC,116,"302,9",CAPAO ALTO,Chuva,Saída de leito carroçável,Com Vítimas Feridas,Pleno dia,Crescente,Chuva,Simples,Reta,Não,1,0,1,0,0,0,1,1,-28.1756848,-50.69748402,SPRF-SC,DEL05-SC,UOP02-DEL05-SC,2024
"629453,0",2024-09-20,sexta-feira,20:00:00,SC,282,"4,3",FLORIANOPOLIS,Ausência de reação do condutor,Colisão traseira,Com Vítimas Feridas,Plena Noite,Crescente,Céu Claro,Múltipla,Reta,Sim,2,0,1,0,0,1,1,2,-27.592646,-48.604034,SPRF-SC,DEL01-SC,UOP01-DEL01-SC,2024
"629455,0",2024-09-20,sexta-feira,08:20:00,SC,153,"34,0",PONTE SERRADA,Pista Escorregadia,Saída de leito carroçável,Com Vítimas Feridas,Pleno dia,Crescente,Chuva,Simples,Curva,Não,4,0,3,0,1,0,3,1,-26.805368,-51.720055,SPRF-SC,DEL07-SC,UOP07-DEL07-SC,2024
"629462,0",2024-09-20,sexta-feira,18:50:00,SC,101,"274,8",IMBITUBA,Manobra de mudança de faixa,Colisão transversal,Com Vítimas Feridas,Plena Noite,Decrescente,Nublado,Múltipla,Reta,Não,3,0,0,1,2,0,1,2,-28.145227,-48.691904,SPRF-SC,DEL02-SC,UOP03-DEL02-SC,2024
"629469,0",2024-09-20,sexta-feira,19:40:00,SC,101,"402,0",MARACAJA,Pedestre andava na pista,Atropelamento de Pedestre,Com Vítimas Feridas,Plena Noite,Decrescente,Céu Claro,Dupla,Reta,Não,2,0,0,1,1,0,1,2,-28.86330994,-49.44595308,SPRF-SC,DEL02-SC,UOP02-DEL02-SC,2024
"629476,0",2024-09-20,sexta-feira,21:30:00,SC,101,"324,5",CAPIVARI DE BAIXO,Ingestão de álcool pelo condutor,Colisão traseira,Sem Vítimas,Plena Noite,Decrescente,Céu Claro,Múltipla,Reta,Sim,2,0,0,0,2,0,0,2,-28.42890047,-48.92285509,SPRF-SC,DEL02-SC,UOP01-DEL02-SC,2024
"629497,0",2024-09-20,sexta-feira,23:35:00,SC,280,"167,0",MAFRA,Ausência de reação do condutor,Queda de ocupante de veículo,Com Vítimas Feridas,Plena Noite,Decrescente,Nublado,Simples,Interseção de Vias,Sim,1,0,1,0,0,0,1,1,-26.16857105,-49.81820938,SPRF-SC,DEL06-SC,UOP01-DEL06-SC,2024
"629498,0",2024-09-20,sexta-feira,23:45:00,SC,282,"4,0",FLORIANOPOLIS,Manobra de mudança de faixa,Saída de leito carroçável,Com Vítimas Feridas,Pleno dia,Crescente,Nublado,Simples,Reta,Sim,3,0,1,1,0,1,2,2,-27.592646,-48.604034,SPRF-SC,DEL01-SC,UOP01-DEL01-SC,2024
"629519,0",2024-09-20,sexta-feira,23:15:00,SC,163,"122,0",DIONISIO CERQUEIRA,Ingestão de álcool pelo condutor,Saída de leito carroçável,Com Vítimas Feridas,Plena Noite,Decrescente,Ignorado,Simples,Curva,Não,1,0,1,0,0,0,1,1,-26.31219901,-53.54770398,SPRF-SC,DEL07-SC,UOP03-DEL07-SC,2024
"629523,0",2024-09-20,sexta-feira,16:00:00,SC,101,"144,5",ITAPEMA,Trafegar com motocicleta (ou similar) entre as faixas,Colisão lateral mesmo sentido,Com Vítimas Feridas,Pleno dia,Decrescente,Garoa/Chuvisco,Dupla,Reta,Sim,1,0,1,0,0,0,1,1,-27.0732659,-48.59672716,SPRF-SC,DEL04-SC,UOP03-DEL04-SC,2024
"629537,0",2024-09-21,sábado,06:50:00,SC,101,"253,0",PAULO LOPES,Ingestão de álcool pelo condutor,Saída de leito carroçável,Com Vítimas Feridas,Pleno dia,Decrescente,Céu Claro,Múltipla,Reta,Não,1,0,1,0,0,0,1,1,-27.97337487,-48.67948115,SPRF-SC,DEL02-SC,UOP03-DEL02-SC,2024
"629546,0",2024-09-21,sábado,06:30:00,SC,470,"155,6",AGRONOMICA,Condutor Dormindo,Saída de leito carroçável,Com Vítimas Feridas,Pleno dia,Crescente,Céu Claro,Simples,Reta,Não,1,0,1,0,0,0,1,1,-27.277105,-49.751972,SPRF-SC,DEL04-SC,UOP02-DEL04-SC,2024