id,data_inversa,dia_semana,horario,uf,br,km,municipio,causa_acidente,tipo_acidente,classificacao_acidente,fase_dia,sentido_via,condicao_metereologica,tipo_pista,tracado_via,uso_solo,pessoas,mortos,feridos_leves,feridos_graves,ilesos,ignorados,feridos,veiculos,latitude,longitude,regional,delegacia,uop,ano_arquivo
"629548,0",2024-09-21,sábado,08:10:00,SC,470,"8,0",NAVEGANTES,Ingestão de álcool pelo condutor,Colisão lateral mesmo sentido,Sem Vítimas,Pleno dia,Crescente,Céu Claro,Dupla,Reta,Não,4,0,0,0,4,0,0,4,-26.83688,-48.718853,SPRF-SC,DEL04-SC,UOP04-DEL04-SC,2024
"629558,0",2024-09-21,sábado,10:05:00,SC,470,"147,1",RIO DO SUL,Ausência de reação do condutor,Colisão transversal,Com Vítimas Feridas,Pleno dia,Decrescente,Nublado,Simples,Reta,Sim,3,0,0,2,1,0,2,2,-27.24289756,-49.68912363,SPRF-SC,DEL04-SC,UOP02-DEL04-SC,2024
"629564,0",2024-09-21,sábado,10:40:00,SC,101,"259,6",GAROPABA,Avarias e/ou desgaste excessivo no pneu,Capotamento,Com Vítimas Feridas,Pleno dia,Decrescente,Céu Claro,Dupla,Reta,Não,2,0,2,0,0,0,2,1,-28.0210609,-48.69789507,SPRF-SC,DEL02-SC,UOP03-DEL02-SC,2024
"629566,0",2024-09-21,sábado,10:40:00,SC,101,"211,1",SAO JOSE,Reação tardia ou ineficiente do condutor,Tombamento,Com Vítimas Feridas,Pleno dia,Decrescente,Céu Claro,Simples,Reta,Sim,2,0,1,1,0,0,2,1,-27.62329313,-48.65245588,SPRF-SC,DEL01-SC,UOP02-DEL01-SC,2024
"629569,0",2024-09-21,sábado,12:07:00,SC,101,"207,0",SAO JOSE,Reação tardia ou ineficiente do condutor,Colisão lateral mesmo sentido,Com Vítimas Feridas,Pleno dia,Crescente,Céu Claro,Múltipla,Reta,Sim,2,0,1,0,1,0,1,2,-27.60001226,-48.6226467,SPRF-SC,DEL01-SC,UOP01-DEL01-SC,2024
"629582,0",2024-09-21,sábado,12:40:00,SC,101,"114,1",ITAJAI,Manobra de mudança de faixa,Colisão traseira,Com Vítimas Feridas,Pleno dia,Decrescente,Céu Claro,Múltipla,Reta,Sim,2,0,1,0,1,0,1,2,-26.86192886,-48.7286704,SPRF-SC,DEL04-SC,UOP04-DEL04-SC,2024
"629592,0",2024-09-21,sábado,13:40:00,SC,101,"3,8",ARARANGUA,Acessar a via sem observar a presença dos outros veículos,Colisão lateral mesmo sentido,Com Vítimas Feridas,Pleno dia,Decrescente,Céu Claro,Simples,Reta,Sim,2,0,1,0,1,0,1,2,-28.94939603,-49.50710893,SPRF-SC,DEL02-SC,UOP02-DEL02-SC,2024
"629608,0",2024-09-21,sábado,16:10:00,SC,153,"95,0",CONCORDIA,Desrespeitar a preferência no cruzamento,Colisão transversal,Com Vítimas Feridas,Pleno dia,Decrescente,Céu Claro,Simples,Reta,Não,3,0,0,1,2,0,1,2,-27.204384,-51.949116,SPRF-SC,DEL07-SC,UOP04-DEL07-SC,2024
"629615,0",2024-09-21,sábado,16:30:00,SC,280,"21,5",ARAQUARI,Desrespeitar a preferência no cruzamento,Colisão transversal,Com Vítimas Feridas,Pleno dia,Decrescente,Céu Claro,Simples,Reta,Sim,2,0,1,0,1,0,1,2,-26.37043169,-48.69219602,SPRF-SC,DEL03-SC,UOP03-DEL03-SC,2024
"629621,0",2024-09-21,sábado,17:15:00,SC,101,"200,0",SAO JOSE,Ausência de reação do condutor,Saída de leito carroçável,Com Vítimas Feridas,Pleno dia,Crescente,Nublado,Dupla,Reta,Sim,1,0,1,0,0,0,1,1,-27.54018513,-48.62287714,SPRF-SC,DEL01-SC,UOP01-DEL01-SC,2024
"629624,0",2024-09-21,sábado,16:30:00,SC,101,"105,0",PENHA,Reação tardia ou ineficiente do condutor,Colisão com objeto,Com Vítimas Feridas,Pleno dia,Decrescente,Céu Claro,Dupla,Reta,Não,2,0,1,0,1,0,1,1,-26.80215497,-48.67891041,SPRF-SC,DEL03-SC,UOP02-DEL03-SC,2024
"629625,0",2024-09-21,sábado,17:25:00,SC,470,"0,0",NAVEGANTES,Acessar a via sem observar a presença dos outros veículos,Colisão transversal,Com Vítimas Feridas,Pleno dia,Decrescente,Céu Claro,Dupla,Reta,Sim,2,0,1,0,1,0,1,2,-26.88232,-48.66183,SPRF-SC,DEL04-SC,UOP04-DEL04-SC,2024
"629630,0",2024-09-21,sábado,17:10:00,SC,282,"584,4",PINHALZINHO,Velocidade Incompatível,Saída de leito carroçável,Com Vítimas Feridas,Pleno dia,Decrescente,Sol,Simples,Curva,Não,2,0,2,0,0,0,2,1,-26.831865,-53.016579,SPRF-SC,DEL07-SC,UOP02-DEL07-SC,2024
"629639,0",2024-09-21,sábado,18:30:00,SC,282,"3,0",SAO JOSE,Ultrapassagem Indevida,Colisão lateral mesmo sentido,Com Vítimas Feridas,Plena Noite,Crescente,Céu Claro,Dupla,Curva,Sim,2,0,1,0,1,0,1,2,-27.592646,-48.604034,SPRF-SC,DEL01-SC,UOP01-DEL01-SC,2024
"629652,0",2024-09-21,sábado,18:50:00,SC,280,"37,0",ARAQUARI,Ingestão de álcool pelo condutor,Colisão lateral sentido oposto,Sem Vítimas,Plena Noite,Decrescente,Céu Claro,Simples,Reta;Em Obras,Não,2,0,0,0,2,0,0,2,-26.44572892,-48.81862707,SPRF-SC,DEL03-SC,UOP03-DEL03-SC,2024
"629685,0",2024-09-21,sábado,21:20:00,SC,101,"196,0",BIGUACU,Ingestão de álcool pelo condutor,Queda de ocupante de veículo,Com Vítimas Feridas,Plena Noite,Decrescente,Céu Claro,Múltipla,Reta,Sim,1,0,0,1,0,0,1,1,-27.51101091,-48.64322292,SPRF-SC,DEL01-SC,UOP01-DEL01-SC,2024
"629700,0",2024-09-21,sábado,15:00:00,SC,470,"68,2",INDAIAL,Velocidade Incompatível,Colisão lateral mesmo sentido,Com Vítimas Feridas,Pleno dia,Decrescente,Nublado,Múltipla,Reta,Sim,4,0,3,0,1,0,3,3,-26.877615,-49.239231,SPRF-SC,DEL04-SC,UOP01-DEL04-SC,2024
"629728,0",2024-09-22,domingo,00:45:00,SC,101,"73,0",ARAQUARI,Condutor Dormindo,Saída de leito carroçável,Com Vítimas Feridas,Plena Noite,Crescente,Céu Claro,Dupla,Reta,Sim,2,0,2,0,0,0,2,1,-26.53567108,-48.71326731,SPRF-SC,DEL03-SC,UOP02-DEL03-SC,2024
"629729,0",2024-09-22,domingo,01:20:00,SC,101,"196,0",BIGUACU,Reação tardia ou ineficiente do condutor,Colisão traseira,Com Vítimas Feridas,Plena Noite,Crescente,Nublado,Dupla,Reta,Sim,3,0,1,0,2,0,1,2,-27.51101091,-48.64322292,SPRF-SC,DEL01-SC,UOP01-DEL01-SC,2024
"629731,0",2024-09-22,domingo,00:07:00,SC,282,"584,0",SAUDADES,Velocidade Incompatível,Capotamento,Sem Vítimas,Plena Noite,Decrescente,Céu Claro,Simples,Em Obras;Aclive;Curva,Não,1,0,0,0,1,0,0,1,-26.831865,-53.016579,SPRF-SC,DEL07-SC,UOP02-DEL07-SC,2024
"629748,0",2024-09-21,sábado,20:40:00,SC,101,"310,0",LAGUNA,Ingestão de álcool pelo condutor,Colisão com objeto,Sem Vítimas,Plena Noite,Decrescente,Céu Claro,Múltipla,Reta,Não,1,0,0,0,0,1,0,1,-28.41679416,-48.79529064,SPRF-SC,DEL02-SC,UOP01-DEL02-SC,2024
"629750,0",2024-09-21,sábado,23:20:00,SC,101,"159,0",PORTO BELO,Ausência de reação do condutor,Queda de ocupante de veículo,Com Vítimas Feridas,Plena Noite,Decrescente,Céu Claro,Dupla,Reta,Não,1,0,1,0,0,0,1,1,-27.1998778,-48.61534236,SPRF-SC,DEL04-SC,UOP03-DEL04-SC,2024
"629752,0",2024-09-22,domingo,00:30:00,SC,101,"142,0",ITAPEMA,Manobra de mudança de faixa,Colisão lateral mesmo sentido,Com Vítimas Feridas,Plena Noite,Decrescente,Nublado,Dupla,Curva,Sim,2,0,1,0,0,1,1,2,-27.056089,-48.599449,SPRF-SC,DEL04-SC,UOP03-DEL04-SC,2024
"629753,0",2024-09-22,domingo,04:50:00,SC,101,"130,0",BALNEARIO CAMBORIU,Ausência de reação do condutor,Queda de ocupante de veículo,Com Vítimas Feridas,Plena Noite,Crescente,Céu Claro,Dupla,Reta,Não,1,0,0,1,0,0,1,1,-26.98407618,-48.66977107,SPRF-SC,DEL04-SC,UOP03-DEL04-SC,2024
"629757,0",2024-09-22,domingo,04:40:00,SC,116,"167,9",PONTE ALTA DO NORTE,Velocidade Incompatível,Capotamento,Com Vítimas Feridas,Plena Noite,Decrescente,Nevoeiro/Neblina,Simples,Curva;Declive,Sim,1,0,0,1,0,0,1,1,-27.16859697,-50.46434991,SPRF-SC,DEL05-SC,UOP03-DEL05-SC,2024
"629764,0",2024-09-22,domingo,06:00:00,SC,282,"5,0",SAO JOSE,Ausência de reação do condutor,Colisão com objeto,Com Vítimas Feridas,Amanhecer,Crescente,Céu Claro,Múltipla,Viaduto;Declive;Curva,Sim,2,0,1,0,0,1,1,2,-27.588425,-48.612919,SPRF-SC,DEL01-SC,UOP01-DEL01-SC,2024
"629772,0",2024-09-22,domingo,02:35:00,SC,480,"127,4",CHAPECO,Velocidade Incompatível,Saída de leito carroçável,Com Vítimas Feridas,Plena Noite,Decrescente,Céu Claro,Dupla,Curva,Sim,2,0,1,1,0,0,2,1,-27.02885905,-52.63380035,SPRF-SC,DEL07-SC,UOP01-DEL07-SC,2024
"629775,0",2024-09-22,domingo,07:30:00,SC,101,"88,1",BARRA VELHA,Velocidade Incompatível,Colisão com objeto,Com Vítimas Feridas,Pleno dia,Decrescente,Céu Claro,Dupla,Reta,Sim,2,0,0,2,0,0,2,1,-26.64253985,-48.68950684,SPRF-SC,DEL03-SC,UOP02-DEL03-SC,2024
"629777,0",2024-09-22,domingo,06:40:00,SC,101,"131,0",BALNEARIO CAMBORIU,Manobra de mudança de faixa,Colisão lateral mesmo sentido,Sem Vítimas,Pleno dia,Decrescente,Nublado,Dupla,Reta,Sim,3,0,0,0,2,1,0,2,-26.99064209,-48.66310912,SPRF-SC,DEL04-SC,UOP03-DEL04-SC,2024
"629827,0",2024-09-22,domingo,12:30:00,SC,282,"3,4",FLORIANOPOLIS,Objeto estático sobre o leito carroçável,Colisão traseira,Com Vítimas Feridas,Pleno dia,Crescente,Céu Claro,Múltipla,Reta,Sim,4,0,1,0,3,0,1,2,-27.60278053,-48.59353781,SPRF-SC,DEL01-SC,UOP01-DEL01-SC,2024
"629835,0",2024-09-22,domingo,13:50:00,SC,101,"45,8",JOINVILLE,Entrada inopinada do pedestre,Atropelamento de Pedestre,Com Vítimas Feridas,Pleno dia,Crescente,Céu Claro,Dupla,Reta,Sim,2,0,0,1,1,0,1,2,-26.33150083,-48.86187762,SPRF-SC,DEL03-SC,UOP01-DEL03-SC,2024
"629855,0",2024-09-22,domingo,15:35:00,SC,101,"214,3",PALHOCA,Acumulo de óleo sobre o pavimento,Tombamento,Com Vítimas Feridas,Pleno dia,Decrescente,Céu Claro,Múltipla,Reta;Retorno Regulamentado,Sim,1,0,1,0,0,0,1,1,-27.64443,-48.67057,SPRF-SC,DEL01-SC,UOP02-DEL01-SC,2024
"629875,0",2024-09-22,domingo,17:15:00,SC,101,"210,0",SAO JOSE,Reação tardia ou ineficiente do condutor,Colisão traseira,Sem Vítimas,Pleno dia,Decrescente,Céu Claro,Múltipla,Reta,Sim,2,0,0,0,1,1,0,2,-27.6167305,-48.6457265,SPRF-SC,DEL01-SC,UOP01-DEL01-SC,2024
"629884,0",2024-09-22,domingo,17:00:00,SC,480,"127,2",CHAPECO,Reação tardia ou ineficiente do condutor,Colisão com objeto,Sem Vítimas,Pleno dia,Crescente,Céu Claro,Simples,Reta,Sim,2,0,0,0,2,0,0,1,-27.031517,-52.633895,SPRF-SC,DEL07-SC,UOP01-DEL07-SC,2024
"629905,0",2024-09-22,domingo,18:40:00,SC,280,"126,7",RIO NEGRINHO,Reação tardia ou ineficiente do condutor,Colisão com objeto,Sem Vítimas,Plena Noite,Crescente,Céu Claro,Simples,Reta;Declive,Sim,2,0,0,0,2,0,0,2,-26.23779604,-49.49427399,SPRF-SC,DEL06-SC,UOP03-DEL06-SC,2024
"629908,0",2024-09-22,domingo,16:30:00,SC,116,"182,0",SAO CRISTOVAO DO SUL,Reação tardia ou ineficiente do condutor,Saída de leito carroçável,Sem Vítimas,Pleno dia,Crescente,Céu Claro,Simples,Reta,Não,2,0,0,0,2,0,0,1,-27.28432303,-50.43403407,SPRF-SC,DEL05-SC,UOP03-DEL05-SC,2024
"629925,0",2024-09-22,domingo,18:00:00,SC,282,"617,8",IRACEMINHA,Ausência de reação do condutor,Colisão traseira,Com Vítimas Feridas,Pleno dia,Decrescente,Céu Claro,Simples,Reta,Sim,3,0,1,0,2,0,1,2,-26.782682,-53.285789,SPRF-SC,DEL07-SC,UOP02-DEL07-SC,2024
"629930,0",2024-09-22,domingo,19:00:00,SC,280,"23,5",ARAQUARI,Ausência de reação do condutor,Engavetamento,Com Vítimas Fatais,Plena Noite,Crescente,Céu Claro,Simples,Reta,Não,3,1,0,0,2,0,0,3,-26.374207,-48.715993,SPRF-SC,DEL03-SC,UOP03-DEL03-SC,2024
"629936,0",2024-09-22,domingo,21:00:00,SC,470,"65,1",INDAIAL,Acessar a via sem observar a presença dos outros veículos,Colisão transversal,Com Vítimas Fatais,Plena Noite,Decrescente,Céu Claro,Simples,Reta;Em Obras,Sim,2,1,0,0,1,0,0,2,-26.870411,-49.211864,SPRF-SC,DEL04-SC,UOP01-DEL04-SC,2024
"629943,0",2024-09-22,domingo,20:00:00,SC,101,"130,0",BALNEARIO CAMBORIU,Desrespeitar a preferência no cruzamento,Colisão transversal,Com Vítimas Feridas,Plena Noite,Crescente,Céu Claro,Múltipla,Retorno Regulamentado,Sim,2,0,1,0,1,0,1,2,-26.98407618,-48.66977107,SPRF-SC,DEL04-SC,UOP03-DEL04-SC,2024
"629945,0",2024-09-22,domingo,20:30:00,SC,101,"135,0",BALNEARIO CAMBORIU,Ausência de reação do condutor,Colisão com objeto,Com Vítimas Feridas,Plena Noite,Crescente,Céu Claro,Simples,Reta,Sim,1,0,0,1,0,0,1,1,-27.0050108,-48.62677494,SPRF-SC,DEL04-SC,UOP03-DEL04-SC,2024
"629949,0",2024-09-22,domingo,21:00:00,SC,101,"214,5",PALHOCA,Reação tardia ou ineficiente do condutor,Saída de leito carroçável,Sem Vítimas,Plena Noite,Decrescente,Céu Claro,Múltipla,Reta,Sim,1,0,0,0,1,0,0,1,-27.64443,-48.67057,SPRF-SC,DEL01-SC,UOP02-DEL01-SC,2024
"629955,0",2024-09-22,domingo,22:15:00,SC,282,"6,0",SAO JOSE,Ausência de reação do condutor,Colisão com objeto,Com Vítimas Feridas,Plena Noite,Crescente,Céu Claro,Múltipla,Curva;Declive,Não,1,0,1,0,0,0,1,1,-27.58313237,-48.61532885,SPRF-SC,DEL01-SC,UOP01-DEL01-SC,2024
"629959,0",2024-09-22,domingo,19:40:00,SC,101,"360,0",SANGAO,Ausência de reação do condutor,Colisão lateral mesmo sentido,Com Vítimas Feridas,Plena Noite,Crescente,Céu Claro,Múltipla,Reta,Sim,2,0,1,0,1,0,1,2,-28.65823109,-49.10991486,SPRF-SC,DEL02-SC,UOP01-DEL02-SC,2024
"629966,0",2024-09-22,domingo,22:00:00,SC,116,"214,6",PONTE ALTA,Ingestão de álcool pelo condutor,Saída de leito carroçável,Com Vítimas Feridas,Plena Noite,Crescente,Céu Claro,Simples,Reta;Declive,Não,1,0,1,0,0,0,1,1,-27.53188987,-50.37131713,SPRF-SC,DEL05-SC,UOP03-DEL05-SC,2024
"629971,0",2024-09-22,domingo,18:50:00,SC,101,"457,0",SAO JOAO DO SUL,Reação tardia ou ineficiente do condutor,Tombamento,Com Vítimas Feridas,Anoitecer,Decrescente,Nevoeiro/Neblina,Múltipla,Reta,Sim,1,0,1,0,0,0,1,1,-29.2321129,-49.7583037,SPRF-SC,DEL02-SC,UOP02-DEL02-SC,2024
"629973,0",2024-09-22,domingo,18:05:00,SC,101,"322,0",PESCARIA BRAVA,Transitar no Acostamento,Colisão traseira,Com Vítimas Fatais,Anoitecer,Crescente,Céu Claro,Dupla,Curva;Aclive,Não,3,1,0,0,2,0,0,2,-28.4291718,-48.9172158,SPRF-SC,DEL02-SC,UOP01-DEL02-SC,2024
"630021,0",2024-09-23,segunda-feira,08:45:00,SC,101,"139,0",BALNEARIO CAMBORIU,Demais falhas mecânicas ou elétricas,Incêndio,Sem Vítimas,Pleno dia,Crescente,Nublado,Múltipla,Reta;Aclive,Sim,1,0,0,0,1,0,0,1,-27.02982303,-48.60115006,SPRF-SC,DEL04-SC,UOP03-DEL04-SC,2024
"630027,0",2024-09-23,segunda-feira,06:15:00,SC,282,"162,7",BOM RETIRO,Condutor Dormindo,Saída de leito carroçável,Com Vítimas Feridas,Pleno dia,Decrescente,Céu Claro,Simples,Reta,Não,1,0,1,0,0,0,1,1,-27.729252,-49.77306,SPRF-SC,DEL05-SC,UOP01-DEL05-SC,2024
"630036,0",2024-09-23,segunda-feira,05:20:00,SC,470,"174,0",POUSO REDONDO,Ausência de sinalização,Saída de leito carroçável,Com Vítimas Feridas,Amanhecer,Crescente,Céu Claro,Simples,Reta;Em Obras,Não,4,0,4,0,0,0,4,1,-27.258179,-49.929146,SPRF-SC,DEL04-SC,UOP02-DEL04-SC,2024
"630071,0",2024-09-23,segunda-feira,13:20:00,SC,163,"101,4",SAO JOSE DO CEDRO,Acessar a via sem observar a presença dos outros veículos,Colisão transversal,Com Vítimas Feridas,Pleno dia,Decrescente,Céu Claro,Simples,Reta;Aclive,Não,2,0,1,0,1,0,1,2,-26.47803802,-53.50670007,SPRF-SC,DEL07-SC,UOP03-DEL07-SC,2024
"630099,0",2024-09-23,segunda-feira,16:30:00,SC,280,"132,7",RIO NEGRINHO,Acessar a via sem observar a presença dos outros veículos,Colisão transversal,Com Vítimas Feridas,Pleno dia,Crescente,Céu Claro,Simples,Rotatória;Retorno Regulamentado;Desvio Temporário;Em Obras,Sim,2,0,1,0,1,0,1,2,-26.26789066,-49.5539242,SPRF-SC,DEL06-SC,UOP03-DEL06-SC,2024
"630118,0",2024-09-23,segunda-feira,18:38:00,SC,101,"12,5",BIGUACU,Animais na Pista,Atropelamento de Animal,Com Vítimas Feridas,Plena Noite,Crescente,Nublado,Dupla,Reta,Não,3,0,3,0,0,0,3,3,-27.4946,-48.6561,SPRF-SC,DEL01-SC,UOP01-DEL01-SC,2024
"630120,0",2024-09-23,segunda-feira,17:40:00,SC,282,"73,0",SAO MIGUEL DO OESTE,Animais na Pista,Atropelamento de Animal,Com Vítimas Feridas,Anoitecer,Crescente,Céu Claro,Simples,Interseção de Vias,Não,1,0,1,0,0,0,1,1,-26.70733745,-53.51410389,SPRF-SC,DEL01-SC,UOP03-DEL01-SC,2024
"630125,0",2024-09-23,segunda-feira,18:30:00,SC,101,"5,8",ARARANGUA,Ausência de reação do condutor,Colisão traseira,Com Vítimas Feridas,Plena Noite,Decrescente,Garoa/Chuvisco,Simples,Interseção de Vias;Reta,Sim,4,0,1,0,3,0,1,4,-28.96369334,-49.51950073,SPRF-SC,DEL03-SC,UOP01-DEL03-SC,2024
"630148,0",2024-09-23,segunda-feira,20:00:00,SC,282,"190,3",LAGES,Falta de elemento de contenção que evite a saída do leito carroçável,Saída de leito carroçável,Com Vítimas Feridas,Plena Noite,Decrescente,Nublado,Simples,Curva,Não,2,0,1,0,1,0,1,1,-27.73688034,-50.03986001,SPRF-SC,DEL05-SC,UOP01-DEL05-SC,2024
"630168,0",2024-09-24,terça-feira,00:00:00,SC,101,"43,3",JOINVILLE,Ingestão de álcool pelo condutor,Colisão com objeto,Sem Vítimas,Plena Noite,Decrescente,Chuva,Dupla,Aclive;Reta,Não,1,0,0,0,1,0,0,1,-26.33344155,-48.86087894,SPRF-SC,DEL03-SC,UOP01-DEL03-SC,2024
"630174,0",2024-09-24,terça-feira,01:30:00,SC,101,"389,1",CRICIUMA,Ingestão de álcool pelo condutor,Colisão com objeto,Com Vítimas Feridas,Plena Noite,Decrescente,Garoa/Chuvisco,Múltipla,Viaduto,Não,1,0,1,0,0,0,1,1,-28.80166084,-49.36500549,SPRF-SC,DEL02-SC,UOP02-DEL02-SC,2024
"630205,0",2024-09-24,terça-feira,07:40:00,SC,101,"206,0",SAO JOSE,Reação tardia ou ineficiente do condutor,Queda de ocupante de veículo,Com Vítimas Feridas,Pleno dia,Decrescente,Nublado,Múltipla,Reta,Sim,1,0,1,0,0,0,1,1,-27.59193546,-48.61824557,SPRF-SC,DEL01-SC,UOP01-DEL01-SC,2024
"630238,0",2024-09-24,terça-feira,12:10:00,SC,470,"70,5",INDAIAL,Acessar a via sem observar a presença dos outros veículos,Tombamento,Com Vítimas Feridas,Pleno dia,Decrescente,Céu Claro,Dupla,Reta;Em Obras;Viaduto,Sim,1,0,1,0,0,0,1,1,-26.889374,-49.254478,SPRF-SC,DEL04-SC,UOP01-DEL04-SC,2024
"630252,0",2024-09-24,terça-feira,14:10:00,SC,101,"214,0",PALHOCA,Reação tardia ou ineficiente do condutor,Colisão traseira,Com Vítimas Feridas,Pleno dia,Decrescente,Céu Claro,Dupla,Reta,Sim,2,0,0,1,1,0,1,2,-27.64443,-48.67057,SPRF-SC,DEL01-SC,UOP02-DEL01-SC,2024
"630253,0",2024-09-24,terça-feira,13:00:00,SC,280,"179,5",MAFRA,Ausência de reação do condutor,Saída de leito carroçável,Com Vítimas Feridas,Pleno dia,Decrescente,Céu Claro,Simples,Reta,Não,1,0,0,1,0,0,1,1,-26.17768641,-49.87831496,SPRF-SC,DEL06-SC,UOP01-DEL06-SC,2024
"630275,0",2024-09-24,terça-feira,17:00:00,SC,101,"157,0",PORTO BELO,Ausência de reação do condutor,Colisão traseira,Com Vítimas Feridas,Pleno dia,Crescente,Céu Claro,Dupla,Reta,Sim,3,0,0,1,2,0,1,2,-27.181625,-48.6121179,SPRF-SC,DEL04-SC,UOP03-DEL04-SC,2024
"630281,0",2024-09-24,terça-feira,17:35:00,SC,280,"31,2",ARAQUARI,Conversão proibida,Colisão transversal,Com Vítimas Feridas,Pleno dia,Crescente,Céu Claro,Simples,Reta,Não,2,0,2,0,0,0,2,2,-26.41649938,-48.77181215,SPRF-SC,DEL03-SC,UOP03-DEL03-SC,2024
"630282,0",2024-09-24,terça-feira,17:10:00,SC,101,"155,0",PORTO BELO,Condutor deixou de manter distância do veículo da frente,Colisão traseira,Com Vítimas Feridas,Pleno dia,Crescente,Nublado,Múltipla,Reta,Não,3,0,1,0,2,0,1,3,-27.16292,-48.61129,SPRF-SC,DEL04-SC,UOP03-DEL04-SC,2024
"630306,0",2024-09-24,terça-feira,19:00:00,SC,470,"24,2",ILHOTA,Reação tardia ou ineficiente do condutor,Queda de ocupante de veículo,Com Vítimas Feridas,Plena Noite,Decrescente,Céu Claro,Dupla,Reta,Não,1,0,1,0,0,0,1,1,-26.881754,-48.856251,SPRF-SC,DEL04-SC,UOP04-DEL04-SC,2024
"630327,0",2024-09-24,terça-feira,21:15:00,SC,101,"217,0",PALHOCA,Animais na Pista,Atropelamento de Animal,Com Vítimas Feridas,Plena Noite,Crescente,Céu Claro,Simples,Reta,Sim,1,0,0,1,0,0,1,1,-27.66779034,-48.67393586,SPRF-SC,DEL01-SC,UOP02-DEL01-SC,2024
"630341,0",2024-09-24,terça-feira,13:20:00,SC,282,"27,7",SANTO AMARO DA IMPERATRIZ,Acessar a via sem observar a presença dos outros veículos,Colisão lateral mesmo sentido,Com Vítimas Feridas,Pleno dia,Crescente,Sol,Simples,Reta,Sim,2,0,0,1,1,0,1,2,-27.67478,-48.778904,SPRF-SC,DEL01-SC,UOP03-DEL01-SC,2024
"630344,0",2024-09-24,terça-feira,16:15:00,SC,101,"272,9",IMBITUBA,Ausência de reação do condutor,Saída de leito carroçável,Com Vítimas Feridas,Pleno dia,Decrescente,Nublado,Simples,Reta,Sim,2,0,1,0,0,1,1,2,-28.11780197,-48.69928995,SPRF-SC,DEL02-SC,UOP03-DEL02-SC,2024
"630352,0",2024-09-24,terça-feira,22:20:00,SC,470,"124,2",IBIRAMA,Suicídio (presumido),Atropelamento de Pedestre,Com Vítimas Fatais,Plena Noite,Decrescente,Nublado,Simples,Reta,Não,3,1,0,0,2,0,0,2,-27.11668,-49.53288,SPRF-SC,DEL04-SC,UOP02-DEL04-SC,2024
"630368,0",2024-09-24,terça-feira,23:00:00,SC,280,"267,2",IRINEOPOLIS,Ausência de reação do condutor,Saída de leito carroçável,Com Vítimas Feridas,Plena Noite,Decrescente,Nublado,Simples,Reta,Não,2,0,1,0,1,0,1,1,-26.26413167,-50.70911407,SPRF-SC,DEL06-SC,UOP04-DEL06-SC,2024
"630383,0",2024-09-25,quarta-feira,07:50:00,SC,282,"15,8",PALHOCA,Conversão proibida,Colisão lateral mesmo sentido,Com Vítimas Feridas,Pleno dia,Crescente,Nublado,Simples,Reta,Sim,2,0,1,0,1,0,1,2,-27.651848,-48.676048,SPRF-SC,DEL01-SC,UOP02-DEL01-SC,2024
"630390,0",2024-09-25,quarta-feira,08:15:00,SC,101,"203,0",SAO JOSE,Trafegar com motocicleta (ou similar) entre as faixas,Colisão traseira,Com Vítimas Feridas,Pleno dia,Crescente,Céu Claro,Dupla,Reta,Não,2,0,1,0,0,1,1,2,-27.5650044,-48.61460082,SPRF-SC,DEL01-SC,UOP01-DEL01-SC,2024
"630394,0",2024-09-25,quarta-feira,08:00:00,SC,101,"148,0",ITAPEMA,Condutor deixou de manter distância do veículo da frente,Colisão traseira,Com Vítimas Feridas,Pleno dia,Crescente,Céu Claro,Múltipla,Reta,Sim,2,0,2,0,0,0,2,2,-27.10123686,-48.61807962,SPRF-SC,DEL04-SC,UOP03-DEL04-SC,2024
"630395,0",2024-09-25,quarta-feira,02:45:00,SC,470,"86,0",APIUNA,Velocidade Incompatível,Saída de leito carroçável,Com Vítimas Feridas,Plena Noite,Crescente,Céu Claro,Simples,Curva,Não,2,0,1,0,1,0,1,1,-26.949951,-49.357296,SPRF-SC,DEL04-SC,UOP01-DEL04-SC,2024
"630402,0",2024-09-25,quarta-feira,08:35:00,SC,280,"123,0",RIO NEGRINHO,Acesso irregular,Colisão lateral mesmo sentido,Com Vítimas Feridas,Pleno dia,Crescente,Céu Claro,Simples,Reta,Não,2,0,1,0,1,0,1,2,-26.24420169,-49.46557991,SPRF-SC,DEL06-SC,UOP03-DEL06-SC,2024
"630407,0",2024-09-25,quarta-feira,07:30:00,SC,101,"120,1",ITAJAI,Trafegar com motocicleta (ou similar) entre as faixas,Tombamento,Com Vítimas Feridas,Pleno dia,Decrescente,Nublado,Múltipla,Reta,Sim,1,0,1,0,0,0,1,1,-26.912758,-48.711998,SPRF-SC,DEL04-SC,UOP04-DEL04-SC,2024
"630408,0",2024-09-25,quarta-feira,07:55:00,SC,101,"115,8",ITAJAI,Condutor deixou de manter distância do veículo da frente,Colisão lateral mesmo sentido,Com Vítimas Feridas,Pleno dia,Crescente,Céu Claro,Múltipla,Reta,Sim,2,0,1,0,1,0,1,2,-26.87064015,-48.72954134,SPRF-SC,DEL04-SC,UOP04-DEL04-SC,2024
"630423,0",2024-09-25,quarta-feira,09:10:00,SC,101,"102,0",BALNEARIO PICARRAS,Pedestre cruzava a pista fora da faixa,Atropelamento de Pedestre,Com Vítimas Feridas,Pleno dia,Crescente,Céu Claro,Múltipla,Reta,Não,2,0,1,0,0,1,1,2,-26.77383397,-48.68594062,SPRF-SC,DEL03-SC,UOP02-DEL03-SC,2024