id,data_inversa,dia_semana,horario,uf,br,km,municipio,causa_acidente,tipo_acidente,classificacao_acidente,fase_dia,sentido_via,condicao_metereologica,tipo_pista,tracado_via,uso_solo,pessoas,mortos,feridos_leves,feridos_graves,ilesos,ignorados,feridos,veiculos,latitude,longitude,regional,delegacia,uop,ano_arquivo
"630432,0",2024-09-25,quarta-feira,11:40:00,SC,101,"210,0",SAO JOSE,Reação tardia ou ineficiente do condutor,Colisão traseira,Com Vítimas Feridas,Pleno dia,Crescente,Céu Claro,Múltipla,Reta,Não,2,0,1,0,1,0,1,2,-27.6167305,-48.6457265,SPRF-SC,DEL01-SC,UOP01-DEL01-SC,2024
"630454,0",2024-09-25,quarta-feira,07:18:00,SC,282,"32,6",SANTO AMARO DA IMPERATRIZ,Ausência de reação do condutor,Colisão com objeto,Com Vítimas Feridas,Pleno dia,Crescente,Céu Claro,Simples,Rotatória,Sim,1,0,1,0,0,0,1,1,-27.70420628,-48.80513912,SPRF-SC,DEL01-SC,UOP03-DEL01-SC,2024
"630504,0",2024-09-25,quarta-feira,18:38:00,SC,282,"23,5",SANTO AMARO DA IMPERATRIZ,Ausência de reação do condutor,Colisão traseira,Com Vítimas Feridas,Plena Noite,Decrescente,Nublado,Simples,Reta,Sim,2,0,0,1,1,0,1,2,-27.687958,-48.736794,SPRF-SC,DEL01-SC,UOP03-DEL01-SC,2024
"630518,0",2024-09-25,quarta-feira,17:40:00,SC,101,"144,0",ITAPEMA,Manobra de mudança de faixa,Colisão lateral mesmo sentido,Com Vítimas Feridas,Pleno dia,Decrescente,Céu Claro,Dupla,Curva,Sim,4,0,2,0,1,1,2,4,-27.0732659,-48.59672716,SPRF-SC,DEL04-SC,UOP03-DEL04-SC,2024
"630532,0",2024-09-25,quarta-feira,19:30:00,SC,116,"35,1",ITAIOPOLIS,Velocidade Incompatível,Colisão traseira,Sem Vítimas,Plena Noite,Decrescente,Céu Claro,Simples,Declive;Curva,Não,2,0,0,0,2,0,0,2,-26.33588885,-50.00519808,SPRF-SC,DEL06-SC,UOP01-DEL06-SC,2024
"630539,0",2024-09-25,quarta-feira,22:20:00,SC,101,"203,0",SAO JOSE,Manobra de mudança de faixa,Colisão lateral mesmo sentido,Com Vítimas Feridas,Pleno dia,Decrescente,Céu Claro,Múltipla,Reta,Não,4,0,1,0,2,1,1,4,-27.5650044,-48.61460082,SPRF-SC,DEL01-SC,UOP01-DEL01-SC,2024
"630559,0",2024-09-25,quarta-feira,23:40:00,SC,282,"675,3",PARAISO,Avarias e/ou desgaste excessivo no pneu,Tombamento,Com Vítimas Feridas,Plena Noite,Crescente,Céu Claro,Simples,Reta,Não,2,0,2,0,0,0,2,1,-26.6110521,-53.68924141,SPRF-SC,DEL07-SC,UOP03-DEL07-SC,2024
"630563,0",2024-09-26,quinta-feira,02:00:00,SC,153,"37,6",PONTE SERRADA,Ingestão de álcool pelo condutor,Saída de leito carroçável,Sem Vítimas,Plena Noite,Crescente,Céu Claro,Simples,Aclive,Não,1,0,0,0,1,0,0,1,-26.827137,-51.726971,SPRF-SC,DEL07-SC,UOP07-DEL07-SC,2024
"630585,0",2024-09-26,quinta-feira,05:50:00,SC,280,"81,8",CORUPA,Transitar na contramão,Colisão frontal,Com Vítimas Feridas,Amanhecer,Decrescente,Céu Claro,Simples,Reta,Sim,2,0,0,1,1,0,1,2,-26.43673294,-49.24012184,SPRF-SC,DEL06-SC,UOP03-DEL06-SC,2024
"630594,0",2024-09-26,quinta-feira,08:10:00,SC,101,"140,0",BALNEARIO CAMBORIU,Demais falhas mecânicas ou elétricas,Tombamento,Com Vítimas Feridas,Pleno dia,Decrescente,Céu Claro,Simples,Reta,Não,1,0,0,1,0,0,1,1,-27.03881189,-48.60025148,SPRF-SC,DEL04-SC,UOP03-DEL04-SC,2024
"630598,0",2024-09-26,quinta-feira,08:30:00,SC,101,"137,5",BALNEARIO CAMBORIU,Ausência de reação do condutor,Colisão lateral mesmo sentido,Com Vítimas Feridas,Pleno dia,Decrescente,Nublado,Dupla,Reta,Não,2,0,1,0,0,1,1,2,-27.0157238,-48.61192763,SPRF-SC,DEL04-SC,UOP03-DEL04-SC,2024
"630601,0",2024-09-26,quinta-feira,09:30:00,SC,470,"58,0",BLUMENAU,Acesso irregular,Colisão transversal,Com Vítimas Feridas,Pleno dia,Crescente,Céu Claro,Simples,Reta;Em Obras,Não,2,0,0,1,1,0,1,2,-26.883879,-49.145622,SPRF-SC,DEL04-SC,UOP01-DEL04-SC,2024
"630625,0",2024-09-26,quinta-feira,12:50:00,SC,101,"124,0",ITAJAI,Ausência de reação do condutor,Colisão traseira,Com Vítimas Feridas,Pleno dia,Crescente,Nublado,Dupla,Reta,Não,2,0,1,0,1,0,1,2,-26.94335064,-48.69198648,SPRF-SC,DEL04-SC,UOP04-DEL04-SC,2024
"630632,0",2024-09-26,quinta-feira,12:00:00,SC,470,"4,0",NAVEGANTES,Acessar a via sem observar a presença dos outros veículos,Colisão transversal,Com Vítimas Feridas,Pleno dia,Decrescente,Sol,Dupla,Reta;Interseção de Vias,Sim,2,0,2,0,0,0,2,2,-26.858473,-48.690788,SPRF-SC,DEL04-SC,UOP04-DEL04-SC,2024
"630651,0",2024-09-26,quinta-feira,16:40:00,SC,101,"204,0",SAO JOSE,Ausência de reação do condutor,Queda de ocupante de veículo,Com Vítimas Feridas,Pleno dia,Decrescente,Céu Claro,Múltipla,Reta,Não,2,0,0,1,1,0,1,2,-27.57413014,-48.61363083,SPRF-SC,DEL01-SC,UOP01-DEL01-SC,2024
"630658,0",2024-09-26,quinta-feira,13:00:00,SC,101,"85,5",BARRA VELHA,Ausência de reação do condutor,Queda de ocupante de veículo,Com Vítimas Feridas,Pleno dia,Crescente,Nublado,Múltipla,Reta,Não,1,0,1,0,0,0,1,1,-26.62840879,-48.70813584,SPRF-SC,DEL03-SC,UOP02-DEL03-SC,2024
"630668,0",2024-08-13,terça-feira,07:30:00,SC,101,"109,0",PENHA,Acessar a via sem observar a presença dos outros veículos,Colisão lateral mesmo sentido,Com Vítimas Feridas,Pleno dia,Crescente,Céu Claro,Múltipla,Reta,Não,3,0,1,0,2,0,1,3,-26.8333519,-48.69632106,SPRF-SC,DEL03-SC,UOP02-DEL03-SC,2024
"630681,0",2024-09-26,quinta-feira,18:00:00,SC,280,"231,6",CANOINHAS,Desrespeitar a preferência no cruzamento,Queda de ocupante de veículo,Com Vítimas Feridas,Anoitecer,Decrescente,Chuva,Simples,Reta,Sim,2,0,1,0,1,0,1,2,-26.1893047,-50.37170989,SPRF-SC,DEL06-SC,UOP04-DEL06-SC,2024
"630712,0",2024-09-26,quinta-feira,18:10:00,SC,101,"125,0",ITAJAI,Manobra de mudança de faixa,Colisão lateral mesmo sentido,Com Vítimas Feridas,Anoitecer,Crescente,Céu Claro,Dupla,Reta,Sim,2,0,0,1,1,0,1,2,-26.94802427,-48.68338515,SPRF-SC,DEL04-SC,UOP04-DEL04-SC,2024
"630745,0",2024-09-26,quinta-feira,22:30:00,SC,101,"189,3",BIGUACU,Pedestre cruzava a pista fora da faixa,Atropelamento de Pedestre,Com Vítimas Fatais,Plena Noite,Crescente,Chuva,Dupla,Reta,Não,3,1,0,1,1,0,1,2,-27.462503,-48.64078,SPRF-SC,DEL01-SC,UOP01-DEL01-SC,2024
"630758,0",2024-09-27,sexta-feira,00:15:00,SC,282,"2,0",FLORIANOPOLIS,Chuva,Colisão lateral mesmo sentido,Com Vítimas Feridas,Plena Noite,Decrescente,Garoa/Chuvisco,Múltipla,Curva,Sim,6,0,1,0,5,0,1,3,-27.603289,-48.590416,SPRF-SC,DEL01-SC,UOP01-DEL01-SC,2024
"630796,0",2024-09-27,sexta-feira,07:10:00,SC,101,"191,0",BIGUACU,Ausência de reação do condutor,Saída de leito carroçável,Com Vítimas Feridas,Pleno dia,Crescente,Nublado,Dupla,Curva,Não,1,0,1,0,0,0,1,1,-27.47730273,-48.64127329,SPRF-SC,DEL01-SC,UOP01-DEL01-SC,2024
"630824,0",2024-09-27,sexta-feira,08:45:00,SC,101,"211,0",PALHOCA,Condutor deixou de manter distância do veículo da frente,Colisão lateral mesmo sentido,Com Vítimas Feridas,Pleno dia,Decrescente,Nublado,Múltipla,Reta,Sim,2,0,1,0,1,0,1,2,-27.62329313,-48.65245588,SPRF-SC,DEL01-SC,UOP02-DEL01-SC,2024
"630853,0",2024-09-27,sexta-feira,10:35:00,SC,101,"102,0",BALNEARIO PICARRAS,Área urbana sem a presença de local apropriado para a travessia de pedestres,Atropelamento de Pedestre,Com Vítimas Feridas,Pleno dia,Crescente,Nublado,Múltipla,Reta,Não,2,0,1,0,1,0,1,2,-26.77383397,-48.68594062,SPRF-SC,DEL03-SC,UOP02-DEL03-SC,2024
"630857,0",2024-09-27,sexta-feira,09:30:00,SC,282,"2,0",FLORIANOPOLIS,Reação tardia ou ineficiente do condutor,Colisão traseira,Sem Vítimas,Pleno dia,Decrescente,Céu Claro,Múltipla,Reta,Não,2,0,0,0,2,0,0,2,-27.603289,-48.590416,SPRF-SC,DEL01-SC,UOP01-DEL01-SC,2024
"630866,0",2024-09-27,sexta-feira,12:45:00,SC,470,"45,1",GASPAR,Desrespeitar a preferência no cruzamento,Colisão transversal,Com Vítimas Feridas,Pleno dia,Crescente,Sol,Simples,Em Obras,Não,2,0,1,0,1,0,1,2,-26.86602749,-49.03231502,SPRF-SC,DEL04-SC,UOP01-DEL04-SC,2024
"630902,0",2024-09-27,sexta-feira,16:15:00,SC,280,"82,0",CORUPA,Reação tardia ou ineficiente do condutor,Colisão traseira,Com Vítimas Feridas,Pleno dia,Crescente,Céu Claro,Simples,Reta,Sim,2,0,1,0,1,0,1,2,-26.44009491,-49.22605498,SPRF-SC,DEL06-SC,UOP03-DEL06-SC,2024
"630903,0",2024-09-27,sexta-feira,17:00:00,SC,101,"116,7",ITAJAI,Demais falhas mecânicas ou elétricas,Colisão lateral mesmo sentido,Com Vítimas Feridas,Pleno dia,Crescente,Céu Claro,Múltipla,Reta,Não,2,0,1,0,1,0,1,2,-26.87905605,-48.72603512,SPRF-SC,DEL04-SC,UOP04-DEL04-SC,2024
"630909,0",2024-09-27,sexta-feira,17:15:00,SC,101,"208,5",SAO JOSE,Condutor deixou de manter distância do veículo da frente,Colisão traseira,Com Vítimas Feridas,Pleno dia,Decrescente,Céu Claro,Múltipla,Reta,Sim,4,0,1,1,2,0,2,4,-27.60327979,-48.63201818,SPRF-SC,DEL01-SC,UOP01-DEL01-SC,2024
"630911,0",2024-09-27,sexta-feira,17:45:00,SC,101,"149,0",ITAPEMA,Manobra de mudança de faixa,Colisão lateral mesmo sentido,Com Vítimas Feridas,Anoitecer,Decrescente,Céu Claro,Dupla,Reta,Sim,3,0,2,0,1,0,2,2,-27.1089649,-48.61277586,SPRF-SC,DEL04-SC,UOP03-DEL04-SC,2024
"630924,0",2024-09-27,sexta-feira,17:40:00,SC,470,"44,6",GASPAR,Trafegar com motocicleta (ou similar) entre as faixas,Colisão lateral mesmo sentido,Com Vítimas Feridas,Anoitecer,Crescente,Céu Claro,Dupla,Reta,Não,2,0,0,1,1,0,1,2,-26.870665,-49.021896,SPRF-SC,DEL04-SC,UOP01-DEL04-SC,2024
"630953,0",2024-09-27,sexta-feira,20:15:00,SC,280,"5,1",SAO FRANCISCO DO SUL,Acessar a via sem observar a presença dos outros veículos,Colisão transversal,Com Vítimas Feridas,Plena Noite,Crescente,Céu Claro,Simples,Reta,Sim,4,0,1,1,2,0,2,2,-26.26011706,-48.62571995,SPRF-SC,DEL03-SC,UOP03-DEL03-SC,2024
"630978,0",2024-09-27,sexta-feira,21:30:00,SC,282,"522,1",XAXIM,Ingestão de álcool pelo condutor,Colisão lateral mesmo sentido,Sem Vítimas,Plena Noite,Crescente,Céu Claro,Simples,Curva,Sim,5,0,0,0,4,1,0,3,-26.956238,-52.542637,SPRF-SC,DEL07-SC,UOP01-DEL07-SC,2024
"630988,0",2024-09-27,sexta-feira,21:45:00,SC,280,"126,9",RIO NEGRINHO,Ausência de reação do condutor,Colisão traseira,Com Vítimas Feridas,Pleno dia,Crescente,Nublado,Simples,Reta,Sim,3,0,1,0,2,0,1,2,-26.23779604,-49.49427399,SPRF-SC,DEL06-SC,UOP03-DEL06-SC,2024
"631002,0",2024-09-27,sexta-feira,22:30:00,SC,116,"225,0",CORREIA PINTO,Reação tardia ou ineficiente do condutor,Saída de leito carroçável,Sem Vítimas,Plena Noite,Decrescente,Nublado,Simples,Reta,Não,1,0,0,0,1,0,0,1,-27.61850811,-50.34537224,SPRF-SC,DEL05-SC,UOP03-DEL05-SC,2024
"631009,0",2024-09-27,sexta-feira,23:40:00,SC,470,"70,3",INDAIAL,Ingestão de álcool pelo condutor,Colisão traseira,Com Vítimas Feridas,Plena Noite,Decrescente,Nublado,Simples,Desvio Temporário;Reta,Sim,3,0,2,0,1,0,2,2,-26.89342544,-49.25949812,SPRF-SC,DEL04-SC,UOP01-DEL04-SC,2024
"631024,0",2024-09-28,sábado,01:40:00,SC,470,"3,9",NAVEGANTES,Ingestão de álcool pelo condutor,Colisão frontal,Com Vítimas Feridas,Plena Noite,Crescente,Nublado,Dupla,Reta,Não,2,0,0,1,1,0,1,2,-26.861937,-48.681618,SPRF-SC,DEL04-SC,UOP04-DEL04-SC,2024
"631032,0",2024-09-28,sábado,02:00:00,SC,116,"179,0",SAO CRISTOVAO DO SUL,Reação tardia ou ineficiente do condutor,Capotamento,Sem Vítimas,Plena Noite,Crescente,Nublado,Simples,Reta;Declive,Sim,2,0,0,0,0,2,0,2,-27.26274894,-50.44460298,SPRF-SC,DEL05-SC,UOP03-DEL05-SC,2024
"631036,0",2024-09-28,sábado,04:30:00,SC,101,"157,0",PORTO BELO,Ingestão de álcool pelo condutor,Saída de leito carroçável,Sem Vítimas,Plena Noite,Crescente,Céu Claro,Múltipla,Reta,Sim,3,0,0,0,1,2,0,1,-27.181625,-48.6121179,SPRF-SC,DEL04-SC,UOP03-DEL04-SC,2024
"631037,0",2024-09-28,sábado,05:00:00,SC,470,"3,9",NAVEGANTES,Reação tardia ou ineficiente do condutor,Colisão traseira,Com Vítimas Feridas,Amanhecer,Decrescente,Céu Claro,Dupla,Reta;Rotatória,Não,5,0,0,2,3,0,2,3,-26.861937,-48.681618,SPRF-SC,DEL04-SC,UOP04-DEL04-SC,2024
"631046,0",2024-09-28,sábado,00:10:00,SC,282,"535,7",CHAPECO,Ausência de reação do condutor,Saída de leito carroçável,Com Vítimas Feridas,Plena Noite,Crescente,Céu Claro,Simples,Rotatória,Não,4,0,1,0,3,0,1,1,-27.0007139,-52.65094757,SPRF-SC,DEL07-SC,UOP01-DEL07-SC,2024
"631048,0",2024-09-28,sábado,06:00:00,SC,101,"184,0",BIGUACU,Reação tardia ou ineficiente do condutor,Colisão traseira,Sem Vítimas,Amanhecer,Decrescente,Céu Claro,Múltipla,Reta,Não,2,0,0,0,2,0,0,2,-27.41613807,-48.6266443,SPRF-SC,DEL01-SC,UOP01-DEL01-SC,2024
"631051,0",2024-09-28,sábado,04:20:00,SC,101,"126,8",ITAJAI,Transitar na contramão,Colisão lateral sentido oposto,Com Vítimas Feridas,Amanhecer,Crescente,Nublado,Dupla,Reta,Não,2,0,0,1,1,0,1,2,-26.95564404,-48.67978366,SPRF-SC,DEL04-SC,UOP04-DEL04-SC,2024
"631099,0",2024-09-28,sábado,10:10:00,SC,101,"199,4",SAO JOSE,Manobra de mudança de faixa,Colisão lateral mesmo sentido,Com Vítimas Feridas,Pleno dia,Decrescente,Céu Claro,Múltipla,Reta,Sim,4,0,2,0,1,1,2,3,-27.53413705,-48.63003205,SPRF-SC,DEL01-SC,UOP01-DEL01-SC,2024
"631129,0",2024-09-28,sábado,09:45:00,SC,101,"110,3",PENHA,Trafegar com motocicleta (ou similar) entre as faixas,Colisão traseira,Com Vítimas Feridas,Pleno dia,Crescente,Céu Claro,Dupla,Reta,Não,3,0,1,0,2,0,1,2,-26.83477,-48.706151,SPRF-SC,DEL04-SC,UOP04-DEL04-SC,2024
"631142,0",2024-09-28,sábado,14:00:00,SC,101,"212,0",PALHOCA,Avarias e/ou desgaste excessivo no pneu,Tombamento,Com Vítimas Feridas,Pleno dia,Decrescente,Céu Claro,Dupla,Reta,Sim,2,0,2,0,0,0,2,1,-27.63253556,-48.66112947,SPRF-SC,DEL01-SC,UOP02-DEL01-SC,2024
"631182,0",2024-09-28,sábado,15:35:00,SC,282,"217,3",LAGES,Entrada inopinada do pedestre,Colisão transversal,Com Vítimas Feridas,Pleno dia,Crescente,Céu Claro,Simples,Reta;Interseção de Vias,Sim,2,0,1,1,0,0,2,2,-27.797916,-50.302944,SPRF-SC,DEL05-SC,UOP01-DEL05-SC,2024
"631187,0",2024-09-28,sábado,17:05:00,SC,101,"195,7",BIGUACU,Reação tardia ou ineficiente do condutor,Colisão traseira,Com Vítimas Feridas,Anoitecer,Decrescente,Céu Claro,Múltipla,Reta,Sim,2,0,1,0,1,0,1,2,-27.5047092,-48.65010819,SPRF-SC,DEL01-SC,UOP01-DEL01-SC,2024
"631191,0",2024-09-28,sábado,17:45:00,SC,282,"22,0",SANTO AMARO DA IMPERATRIZ,Ausência de reação do condutor,Atropelamento de Pedestre,Com Vítimas Feridas,Pleno dia,Crescente,Céu Claro,Simples,Reta,Sim,4,0,1,0,3,0,1,2,-27.688507,-48.72739,SPRF-SC,DEL01-SC,UOP02-DEL01-SC,2024
"631203,0",2024-09-28,sábado,17:30:00,SC,282,"131,0",BOM RETIRO,Acessar a via sem observar a presença dos outros veículos,Colisão transversal,Com Vítimas Feridas,Anoitecer,Crescente,Sol,Simples,Reta,Não,3,0,0,1,1,1,1,3,-27.808748,-49.513229,SPRF-SC,DEL05-SC,UOP01-DEL05-SC,2024
"631209,0",2024-09-28,sábado,19:20:00,SC,101,"329,5",TUBARAO,Manobra de mudança de faixa,Colisão lateral mesmo sentido,Com Vítimas Feridas,Plena Noite,Crescente,Céu Claro,Múltipla,Curva,Não,3,0,1,0,2,0,1,2,-28.43460043,-48.95818949,SPRF-SC,DEL02-SC,UOP01-DEL02-SC,2024
"631229,0",2024-09-28,sábado,18:55:00,SC,282,"406,5",CATANDUVAS,Acessar a via sem observar a presença dos outros veículos,Colisão transversal,Com Vítimas Feridas,Plena Noite,Crescente,Céu Claro,Simples,Reta,Não,4,0,1,0,3,0,1,2,-27.09466264,-51.65707111,SPRF-SC,DEL07-SC,UOP05-DEL07-SC,2024
"631230,0",2024-09-28,sábado,19:00:00,SC,282,"575,0",PINHALZINHO,Afundamento ou ondulação no pavimento,Queda de ocupante de veículo,Com Vítimas Feridas,Plena Noite,Crescente,Céu Claro,Simples,Reta;Em Obras,Sim,1,0,1,0,0,0,1,1,-26.863194,-52.974529,SPRF-SC,DEL07-SC,UOP02-DEL07-SC,2024
"631253,0",2024-09-28,sábado,22:00:00,SC,101,"448,4",SANTA ROSA DO SUL,Reação tardia ou ineficiente do condutor,Colisão lateral mesmo sentido,Com Vítimas Feridas,Plena Noite,Crescente,Céu Claro,Múltipla,Reta,Não,4,0,2,0,2,0,2,2,-29.1680941,-49.74565172,SPRF-SC,DEL02-SC,UOP02-DEL02-SC,2024
"631263,0",2024-09-28,sábado,22:10:00,SC,116,"220,5",CORREIA PINTO,Acessar a via sem observar a presença dos outros veículos,Colisão transversal,Com Vítimas Feridas,Plena Noite,Crescente,Céu Claro,Simples,Rotatória,Sim,2,0,1,0,0,1,1,2,-27.59068608,-50.36278725,SPRF-SC,DEL05-SC,UOP03-DEL05-SC,2024
"631268,0",2024-09-28,sábado,22:50:00,SC,470,"118,0",IBIRAMA,Retorno proibido,Colisão transversal,Com Vítimas Feridas,Plena Noite,Crescente,Céu Claro,Dupla,Reta,Não,5,0,2,0,3,0,2,2,-27.082176,-49.511818,SPRF-SC,DEL04-SC,UOP02-DEL04-SC,2024
"631276,0",2024-09-29,domingo,00:20:00,SC,280,"4,2",SAO FRANCISCO DO SUL,Velocidade Incompatível,Colisão com objeto,Com Vítimas Feridas,Plena Noite,Decrescente,Nublado,Simples,Em Obras;Reta,Sim,1,0,1,0,0,0,1,1,-26.25329566,-48.61916042,SPRF-SC,DEL03-SC,UOP03-DEL03-SC,2024
"631281,0",2024-09-29,domingo,00:02:00,SC,101,"87,0",BARRA VELHA,Reação tardia ou ineficiente do condutor,Saída de leito carroçável,Com Vítimas Feridas,Plena Noite,Decrescente,Nublado,Dupla,Reta,Sim,3,0,1,1,0,1,2,1,-26.63713377,-48.69651057,SPRF-SC,DEL03-SC,UOP02-DEL03-SC,2024
"631289,0",2024-09-29,domingo,01:20:00,SC,116,"237,4",CORREIA PINTO,Reação tardia ou ineficiente do condutor,Saída de leito carroçável,Com Vítimas Feridas,Plena Noite,Crescente,Céu Claro,Simples,Reta,Não,1,0,1,0,0,0,1,1,-27.73034899,-50.3359778,SPRF-SC,DEL05-SC,UOP01-DEL05-SC,2024
"631303,0",2024-09-29,domingo,03:45:00,SC,101,"358,2",SANGAO,Ingestão de álcool pelo condutor,Saída de leito carroçável,Sem Vítimas,Plena Noite,Crescente,Nublado,Múltipla,Reta,Não,1,0,0,0,1,0,0,1,-28.642765,-49.100403,SPRF-SC,DEL02-SC,UOP01-DEL02-SC,2024
"631316,0",2024-09-29,domingo,03:10:00,SC,282,"39,8",AGUAS MORNAS,Ingestão de álcool pelo condutor,Colisão frontal,Com Vítimas Fatais,Plena Noite,Decrescente,Nublado,Simples,Reta,Sim,3,1,0,1,1,0,1,2,-27.7160592,-48.8694792,SPRF-SC,DEL01-SC,UOP03-DEL01-SC,2024
"631325,0",2024-09-29,domingo,04:00:00,SC,470,"246,5",CURITIBANOS,Velocidade Incompatível,Colisão traseira,Com Vítimas Feridas,Plena Noite,Crescente,Céu Claro,Simples,Declive;Reta,Não,5,0,2,0,3,0,2,2,-27.31521433,-50.54543051,SPRF-SC,DEL05-SC,UOP03-DEL05-SC,2024
"631329,0",2024-08-28,quarta-feira,13:00:00,SC,101,"192,0",BIGUACU,Acessar a via sem observar a presença dos outros veículos,Colisão transversal,Com Vítimas Feridas,Pleno dia,Decrescente,Céu Claro,Dupla,Reta,Sim,2,0,1,0,1,0,1,2,-27.48443781,-48.64765238,SPRF-SC,DEL01-SC,UOP01-DEL01-SC,2024
"631361,0",2024-09-29,domingo,12:50:00,SC,101,"217,8",PALHOCA,Entrada inopinada do pedestre,Atropelamento de Pedestre,Com Vítimas Feridas,Pleno dia,Decrescente,Sol,Dupla,Reta,Sim,2,0,0,2,0,0,2,2,-27.66779034,-48.67393586,SPRF-SC,DEL01-SC,UOP02-DEL01-SC,2024
"631372,0",2024-09-29,domingo,14:00:00,SC,101,"404,0",ARARANGUA,Condutor deixou de manter distância do veículo da frente,Colisão traseira,Sem Vítimas,Pleno dia,Crescente,Céu Claro,Dupla,Reta,Não,2,0,0,0,2,0,0,2,-28.87801417,-49.45745479,SPRF-SC,DEL02-SC,UOP02-DEL02-SC,2024
"631373,0",2024-09-29,domingo,14:45:00,SC,101,"43,0",PALHOCA,Manobra de mudança de faixa,Colisão lateral mesmo sentido,Com Vítimas Feridas,Pleno dia,Crescente,Céu Claro,Dupla,Curva,Não,4,0,2,2,0,0,4,2,-27.6427,-48.6695,SPRF-SC,DEL01-SC,UOP02-DEL01-SC,2024
"631400,0",2024-09-29,domingo,11:50:00,SC,280,"224,7",TRES BARRAS,Transitar na contramão,Colisão frontal,Com Vítimas Fatais,Pleno dia,Crescente,Céu Claro,Simples,Reta;Declive,Não,2,1,0,1,0,0,1,2,-26.17564862,-50.30522972,SPRF-SC,DEL06-SC,UOP04-DEL06-SC,2024
"631401,0",2024-09-29,domingo,16:25:00,SC,101,"38,3",PALHOCA,Ingestão de álcool pelo condutor,Saída de leito carroçável,Com Vítimas Feridas,Pleno dia,Decrescente,Céu Claro,Dupla,Túnel;Curva,Não,3,0,1,0,2,0,1,3,-27.6427,-48.6695,SPRF-SC,DEL01-SC,UOP02-DEL01-SC,2024
"631402,0",2024-09-29,domingo,16:35:00,SC,101,"148,0",ITAPEMA,Acessar a via sem observar a presença dos outros veículos,Tombamento,Com Vítimas Feridas,Pleno dia,Crescente,Céu Claro,Múltipla,Reta,Sim,1,0,1,0,0,0,1,1,-27.10123686,-48.61807962,SPRF-SC,DEL04-SC,UOP03-DEL04-SC,2024
"631403,0",2024-09-29,domingo,17:00:00,SC,101,"145,0",ITAPEMA,Trafegar com motocicleta (ou similar) entre as faixas,Colisão lateral mesmo sentido,Com Vítimas Feridas,Pleno dia,Decrescente,Céu Claro,Dupla,Reta,Sim,2,0,1,0,1,0,1,2,-27.08139206,-48.60130993,SPRF-SC,DEL04-SC,UOP03-DEL04-SC,2024
"631404,0",2024-09-29,domingo,17:01:00,SC,101,"133,0",BALNEARIO CAMBORIU,Reação tardia ou ineficiente do condutor,Colisão traseira,Com Vítimas Feridas,Pleno dia,Decrescente,Céu Claro,Múltipla,Reta,Sim,3,0,1,0,2,0,1,2,-26.99936,-48.64609,SPRF-SC,DEL04-SC,UOP03-DEL04-SC,2024
"631407,0",2024-09-29,domingo,17:35:00,SC,101,"151,0",ITAPEMA,Trafegar com motocicleta (ou similar) entre as faixas,Colisão lateral mesmo sentido,Com Vítimas Feridas,Pleno dia,Decrescente,Céu Claro,Múltipla,Reta,Sim,3,0,2,0,1,0,2,2,-27.126536,-48.609642,SPRF-SC,DEL04-SC,UOP03-DEL04-SC,2024
"631411,0",2024-09-29,domingo,16:50:00,SC,470,"64,0",INDAIAL,Ausência de reação do condutor,Colisão lateral mesmo sentido,Com Vítimas Feridas,Pleno dia,Decrescente,Céu Claro,Simples,Declive;Reta,Sim,3,0,1,1,0,1,2,2,-26.869867,-49.201859,SPRF-SC,DEL04-SC,UOP01-DEL04-SC,2024
"631430,0",2024-09-29,domingo,19:12:00,SC,101,"210,0",SAO JOSE,Demais falhas mecânicas ou elétricas,Queda de ocupante de veículo,Com Vítimas Feridas,Plena Noite,Crescente,Céu Claro,Múltipla,Reta,Sim,2,0,1,0,1,0,1,1,-27.6167305,-48.6457265,SPRF-SC,DEL01-SC,UOP01-DEL01-SC,2024
"631431,0",2024-09-29,domingo,14:30:00,SC,282,"259,4",SAO JOSE DO CERRITO,Acessar a via sem observar a presença dos outros veículos,Colisão transversal,Sem Vítimas,Pleno dia,Decrescente,Sol,Simples,Reta,Sim,2,0,0,0,2,0,0,2,-27.653334,-50.59449,SPRF-SC,DEL05-SC,UOP02-DEL05-SC,2024
"631442,0",2024-09-29,domingo,17:40:00,SC,101,"381,0",ICARA,Declive acentuado,Queda de ocupante de veículo,Com Vítimas Feridas,Anoitecer,Crescente,Nublado,Simples,Aclive,Sim,2,0,1,0,1,0,1,1,-28.75478409,-49.27732095,SPRF-SC,DEL02-SC,UOP02-DEL02-SC,2024
"631452,0",2024-09-29,domingo,18:10:00,SC,101,"44,0",PALHOCA,Ingestão de álcool pelo condutor,Saída de leito carroçável,Com Vítimas Feridas,Pleno dia,Decrescente,Céu Claro,Dupla,Curva,Não,1,0,1,0,0,0,1,1,-27.6427,-48.6695,SPRF-SC,DEL01-SC,UOP02-DEL01-SC,2024
"631483,0",2024-09-29,domingo,16:35:00,SC,282,"590,1",SAUDADES,Retorno proibido,Colisão transversal,Com Vítimas Feridas,Pleno dia,Crescente,Céu Claro,Simples,Aclive;Reta,Não,3,0,0,1,2,0,1,2,-26.825788,-53.072556,SPRF-SC,DEL07-SC,UOP02-DEL07-SC,2024
"631496,0",2024-09-30,segunda-feira,00:01:00,SC,470,"52,0",BLUMENAU,Reação tardia ou ineficiente do condutor,Tombamento,Com Vítimas Feridas,Plena Noite,Crescente,Céu Claro,Simples,Reta,Sim,1,0,1,0,0,0,1,1,-26.862763,-49.096666,SPRF-SC,DEL04-SC,UOP01-DEL04-SC,2024