id,data_inversa,dia_semana,horario,uf,br,km,municipio,causa_acidente,tipo_acidente,classificacao_acidente,fase_dia,sentido_via,condicao_metereologica,tipo_pista,tracado_via,uso_solo,pessoas,mortos,feridos_leves,feridos_graves,ilesos,ignorados,feridos,veiculos,latitude,longitude,regional,delegacia,uop,ano_arquivo
"631501,0",2024-09-30,segunda-feira,00:35:00,SC,470,"2,0",NAVEGANTES,Reação tardia ou ineficiente do condutor,Saída de leito carroçável,Com Vítimas Feridas,Plena Noite,Crescente,Céu Claro,Dupla,Em Obras,Sim,1,0,0,1,0,0,1,1,-26.868551,-48.674831,SPRF-SC,DEL04-SC,UOP04-DEL04-SC,2024
"631513,0",2024-09-29,domingo,23:47:00,SC,116,"58,6",PAPANDUVA,Ultrapassagem Indevida,Colisão lateral mesmo sentido,Com Vítimas Fatais,Plena Noite,Crescente,Céu Claro,Simples,Reta;Declive,Não,4,1,1,1,0,1,2,3,-26.378573,-50.203207,SPRF-SC,DEL06-SC,UOP02-DEL06-SC,2024
"631521,0",2024-09-30,segunda-feira,04:30:00,SC,470,"119,0",IBIRAMA,Pista Escorregadia,Tombamento,Com Vítimas Feridas,Plena Noite,Crescente,Céu Claro,Simples,Curva,Não,1,0,1,0,0,0,1,1,-27.081554,-49.520206,SPRF-SC,DEL04-SC,UOP02-DEL04-SC,2024
"631525,0",2024-09-30,segunda-feira,04:45:00,SC,470,"51,8",BLUMENAU,Velocidade Incompatível,Saída de leito carroçável,Com Vítimas Feridas,Anoitecer,Crescente,Nublado,Dupla,Em Obras,Não,2,0,1,0,1,0,1,1,-26.862339,-49.084038,SPRF-SC,DEL04-SC,UOP01-DEL04-SC,2024
"631533,0",2024-09-30,segunda-feira,06:25:00,SC,282,"410,0",CATANDUVAS,Desrespeitar a preferência no cruzamento,Colisão transversal,Com Vítimas Feridas,Pleno dia,Decrescente,Céu Claro,Simples,Retorno Regulamentado;Rotatória,Sim,6,0,3,0,3,0,3,2,-27.06711972,-51.66332066,SPRF-SC,DEL07-SC,UOP05-DEL07-SC,2024
"631537,0",2024-09-30,segunda-feira,06:30:00,SC,153,"94,2",CONCORDIA,Acesso irregular,Colisão transversal,Com Vítimas Feridas,Amanhecer,Crescente,Céu Claro,Simples,Curva,Não,2,0,1,0,1,0,1,2,-27.200716,-51.940483,SPRF-SC,DEL07-SC,UOP04-DEL07-SC,2024
"631539,0",2024-09-30,segunda-feira,06:45:00,SC,116,"12,3",MAFRA,Acessar a via sem observar a presença dos outros veículos,Colisão transversal,Com Vítimas Feridas,Pleno dia,Crescente,Céu Claro,Simples,Interseção de Vias,Não,3,0,1,1,1,0,2,2,-26.17979702,-49.87107933,SPRF-SC,DEL06-SC,UOP01-DEL06-SC,2024
"631549,0",2024-09-30,segunda-feira,05:55:00,SC,282,"576,8",PINHALZINHO,Acesso irregular,Colisão transversal,Com Vítimas Feridas,Pleno dia,Crescente,Céu Claro,Simples,Reta;Em Obras,Sim,2,0,0,1,1,0,1,2,-26.856054,-52.98011,SPRF-SC,DEL07-SC,UOP02-DEL07-SC,2024
"631577,0",2024-09-30,segunda-feira,08:20:00,SC,280,"39,0",ARAQUARI,Ausência de reação do condutor,Colisão traseira,Com Vítimas Feridas,Pleno dia,Crescente,Céu Claro,Simples,Reta;Em Obras,Não,2,0,1,0,1,0,1,2,-26.44875367,-48.83792802,SPRF-SC,DEL03-SC,UOP03-DEL03-SC,2024
"631593,0",2024-09-22,domingo,12:26:00,SC,282,"212,2",LAGES,Acesso irregular,Colisão traseira,Com Vítimas Feridas,Pleno dia,Decrescente,Céu Claro,Simples,Reta,Não,9,0,1,0,8,0,1,3,-27.782257,-50.251381,SPRF-SC,DEL05-SC,UOP01-DEL05-SC,2024
"631603,0",2024-09-30,segunda-feira,08:00:00,SC,101,"139,0",BALNEARIO CAMBORIU,Acumulo de areia ou detritos sobre o pavimento,Tombamento,Com Vítimas Feridas,Pleno dia,Crescente,Nublado,Dupla,Viaduto,Sim,1,0,1,0,0,0,1,1,-27.02982303,-48.60115006,SPRF-SC,DEL04-SC,UOP03-DEL04-SC,2024
"631605,0",2024-09-30,segunda-feira,10:40:00,SC,101,"130,0",BALNEARIO CAMBORIU,Reação tardia ou ineficiente do condutor,Tombamento,Com Vítimas Feridas,Pleno dia,Decrescente,Nublado,Dupla,Reta,Não,1,0,1,0,0,0,1,1,-26.98407618,-48.66977107,SPRF-SC,DEL04-SC,UOP03-DEL04-SC,2024
"631616,0",2024-09-30,segunda-feira,13:20:00,SC,101,"199,0",SAO JOSE,Demais falhas mecânicas ou elétricas,Tombamento,Com Vítimas Feridas,Pleno dia,Crescente,Sol,Dupla,Reta,Não,2,0,1,0,1,0,1,1,-27.53413705,-48.63003205,SPRF-SC,DEL01-SC,UOP01-DEL01-SC,2024
"631638,0",2024-09-30,segunda-feira,15:00:00,SC,101,"207,0",SAO JOSE,Ausência de reação do condutor,Colisão traseira,Com Vítimas Feridas,Pleno dia,Crescente,Céu Claro,Múltipla,Reta,Sim,2,0,1,0,1,0,1,2,-27.60001226,-48.6226467,SPRF-SC,DEL01-SC,UOP01-DEL01-SC,2024
"631662,0",2024-09-14,sábado,19:10:00,SC,101,"382,0",ICARA,Pedestre andava na pista,Atropelamento de Pedestre,Com Vítimas Fatais,Plena Noite,Decrescente,Céu Claro,Múltipla,Reta;Declive,Não,4,1,0,0,3,0,0,2,-28.76832683,-49.30161953,SPRF-SC,DEL02-SC,UOP02-DEL02-SC,2024
"631665,0",2024-09-30,segunda-feira,17:20:00,SC,101,"143,0",ITAPEMA,Manobra de mudança de faixa,Tombamento,Com Vítimas Feridas,Pleno dia,Decrescente,Nublado,Dupla,Reta,Sim,1,0,1,0,0,0,1,1,-27.06436,-48.59599405,SPRF-SC,DEL04-SC,UOP03-DEL04-SC,2024
"631706,0",2024-09-30,segunda-feira,20:00:00,SC,101,"196,0",BIGUACU,Mal súbito do condutor,Colisão com objeto,Com Vítimas Feridas,Plena Noite,Decrescente,Céu Claro,Dupla,Reta;Viaduto,Sim,1,0,1,0,0,0,1,1,-27.51101091,-48.64322292,SPRF-SC,DEL01-SC,UOP01-DEL01-SC,2024
"631710,0",2024-09-30,segunda-feira,17:20:00,SC,116,"169,0",PONTE ALTA DO NORTE,Reação tardia ou ineficiente do condutor,Capotamento,Com Vítimas Feridas,Anoitecer,Decrescente,Céu Claro,Simples,Declive,Não,1,0,0,1,0,0,1,1,-27.18614796,-50.46482181,SPRF-SC,DEL05-SC,UOP03-DEL05-SC,2024
"631720,0",2024-09-30,segunda-feira,18:45:00,SC,101,"118,2",ITAJAI,Ausência de reação do condutor,Colisão lateral mesmo sentido,Com Vítimas Feridas,Plena Noite,Crescente,Nublado,Dupla,Reta,Não,2,0,1,0,1,0,1,2,-26.895859,-48.71903,SPRF-SC,DEL04-SC,UOP04-DEL04-SC,2024
"631721,0",2024-09-30,segunda-feira,19:00:00,SC,101,"121,0",ITAJAI,Reação tardia ou ineficiente do condutor,Colisão traseira,Com Vítimas Feridas,Plena Noite,Crescente,Nublado,Dupla,Reta,Não,2,0,1,0,1,0,1,2,-26.92103178,-48.70856446,SPRF-SC,DEL04-SC,UOP04-DEL04-SC,2024
"631723,0",2024-09-30,segunda-feira,19:30:00,SC,101,"121,0",ITAJAI,Reação tardia ou ineficiente do condutor,Colisão traseira,Com Vítimas Feridas,Plena Noite,Decrescente,Nublado,Múltipla,Reta,Sim,3,0,1,0,2,0,1,2,-26.92103178,-48.70856446,SPRF-SC,DEL04-SC,UOP04-DEL04-SC,2024
"631724,0",2024-09-30,segunda-feira,18:20:00,SC,101,"63,0",ARAQUARI,Manobra de mudança de faixa,Colisão lateral mesmo sentido,Com Vítimas Feridas,Plena Noite,Decrescente,Nublado,Múltipla,Reta,Não,3,0,2,0,1,0,2,2,-26.45898367,-48.7584088,SPRF-SC,DEL03-SC,UOP02-DEL03-SC,2024
"631758,0",2024-10-01,terça-feira,05:20:00,SC,280,"58,0",GUARAMIRIM,Acessar a via sem observar a presença dos outros veículos,Colisão transversal,Com Vítimas Feridas,Amanhecer,Crescente,Céu Claro,Simples,Curva,Não,2,0,1,0,1,0,1,2,-26.47415593,-49.021211,SPRF-SC,DEL03-SC,UOP03-DEL03-SC,2024
"631771,0",2024-10-01,terça-feira,06:25:00,SC,101,"27,5",JOINVILLE,Manobra de mudança de faixa,Colisão com objeto,Com Vítimas Feridas,Pleno dia,Crescente,Nublado,Dupla,Reta,Sim,1,0,0,1,0,0,1,1,-26.20130351,-48.91331794,SPRF-SC,DEL03-SC,UOP01-DEL03-SC,2024
"631794,0",2024-10-01,terça-feira,07:30:00,SC,101,"322,0",PESCARIA BRAVA,Ausência de reação do condutor,Tombamento,Com Vítimas Feridas,Pleno dia,Crescente,Céu Claro,Dupla,Reta;Interseção de Vias,Sim,1,0,1,0,0,0,1,1,-28.42491971,-48.90238108,SPRF-SC,DEL02-SC,UOP01-DEL02-SC,2024
"631802,0",2024-10-01,terça-feira,10:00:00,SC,101,"56,8",JOINVILLE,Conversão proibida,Colisão com objeto,Com Vítimas Feridas,Pleno dia,Crescente,Céu Claro,Múltipla,Interseção de Vias;Reta,Não,3,0,2,0,1,0,2,2,-26.43207484,-48.82263984,SPRF-SC,DEL03-SC,UOP01-DEL03-SC,2024
"631804,0",2024-10-01,terça-feira,09:30:00,SC,101,"126,7",ITAJAI,Condutor deixou de manter distância do veículo da frente,Colisão traseira,Com Vítimas Feridas,Pleno dia,Decrescente,Céu Claro,Dupla,Reta,Não,3,0,1,0,2,0,1,2,-26.95564404,-48.67978366,SPRF-SC,DEL04-SC,UOP04-DEL04-SC,2024
"631809,0",2024-10-01,terça-feira,09:30:00,SC,470,"2,0",NAVEGANTES,Desrespeitar a preferência no cruzamento,Colisão transversal,Com Vítimas Feridas,Pleno dia,Decrescente,Céu Claro,Dupla,Em Obras,Sim,2,0,0,1,1,0,1,2,-26.875383,-48.668285,SPRF-SC,DEL04-SC,UOP04-DEL04-SC,2024
"631825,0",2024-10-01,terça-feira,11:33:00,SC,101,"207,0",SAO JOSE,Trafegar com motocicleta (ou similar) entre as faixas,Colisão traseira,Com Vítimas Feridas,Pleno dia,Crescente,Céu Claro,Múltipla,Reta,Sim,2,0,1,0,1,0,1,2,-27.60001226,-48.6226467,SPRF-SC,DEL01-SC,UOP01-DEL01-SC,2024
"631830,0",2024-10-01,terça-feira,13:10:00,SC,280,"126,2",RIO NEGRINHO,Acessar a via sem observar a presença dos outros veículos,Colisão transversal,Com Vítimas Feridas,Pleno dia,Crescente,Nublado,Simples,Reta;Declive,Sim,2,0,1,0,1,0,1,2,-26.23810153,-49.49694872,SPRF-SC,DEL06-SC,UOP03-DEL06-SC,2024
"631846,0",2024-10-01,terça-feira,14:30:00,SC,101,"212,0",PALHOCA,Trafegar com motocicleta (ou similar) entre as faixas,Colisão traseira,Com Vítimas Feridas,Pleno dia,Decrescente,Céu Claro,Múltipla,Reta,Sim,3,0,1,0,2,0,1,3,-27.62996929,-48.65903871,SPRF-SC,DEL01-SC,UOP02-DEL01-SC,2024
"631852,0",2024-10-01,terça-feira,08:30:00,SC,101,"331,0",TUBARAO,Desrespeitar a preferência no cruzamento,Colisão transversal,Com Vítimas Feridas,Pleno dia,Crescente,Céu Claro,Simples,Interseção de Vias,Sim,2,0,1,0,1,0,1,2,-28.45567521,-48.9812689,SPRF-SC,DEL02-SC,UOP01-DEL02-SC,2024
"631871,0",2024-10-01,terça-feira,13:45:00,SC,101,"99,0",BALNEARIO PICARRAS,Objeto estático sobre o leito carroçável,Queda de ocupante de veículo,Com Vítimas Feridas,Pleno dia,Decrescente,Sol,Múltipla,Reta,Não,1,0,1,0,0,0,1,1,-26.7471002,-48.69654831,SPRF-SC,DEL03-SC,UOP02-DEL03-SC,2024
"631934,0",2024-10-01,terça-feira,19:05:00,SC,101,"381,1",ICARA,Chuva,Capotamento,Com Vítimas Feridas,Plena Noite,Decrescente,Chuva,Dupla,Declive;Reta,Não,2,0,1,0,1,0,1,1,-28.76675625,-49.29702759,SPRF-SC,DEL02-SC,UOP02-DEL02-SC,2024
"631944,0",2024-10-01,terça-feira,23:05:00,SC,470,"58,5",BLUMENAU,Acessar a via sem observar a presença dos outros veículos,Colisão transversal,Com Vítimas Feridas,Plena Noite,Decrescente,Nublado,Simples,Curva,Sim,2,0,1,0,1,0,1,2,-26.88404527,-49.15085793,SPRF-SC,DEL04-SC,UOP01-DEL04-SC,2024
"631946,0",2024-10-01,terça-feira,23:25:00,SC,101,"87,2",BARRA VELHA,Reação tardia ou ineficiente do condutor,Colisão com objeto,Com Vítimas Feridas,Plena Noite,Decrescente,Nublado,Dupla,Reta;Declive,Sim,2,0,1,0,1,0,1,1,-26.65351895,-48.68737221,SPRF-SC,DEL03-SC,UOP02-DEL03-SC,2024
"631964,0",2024-10-02,quarta-feira,06:20:00,SC,101,"202,0",SAO JOSE,Reação tardia ou ineficiente do condutor,Colisão lateral mesmo sentido,Com Vítimas Feridas,Pleno dia,Crescente,Céu Claro,Múltipla,Reta,Sim,2,0,1,0,0,1,1,2,-27.55711595,-48.61897889,SPRF-SC,DEL01-SC,UOP01-DEL01-SC,2024
"631973,0",2024-10-02,quarta-feira,06:30:00,SC,116,"5,8",MAFRA,Ausência de reação do condutor,Colisão transversal,Com Vítimas Feridas,Pleno dia,Decrescente,Nublado,Simples,Interseção de Vias,Sim,3,0,2,0,1,0,2,2,-26.14094396,-49.81508303,SPRF-SC,DEL06-SC,UOP01-DEL06-SC,2024
"632004,0",2024-10-02,quarta-feira,08:10:00,SC,101,"209,1",SAO JOSE,Manobra de mudança de faixa,Colisão lateral mesmo sentido,Com Vítimas Feridas,Pleno dia,Decrescente,Chuva,Múltipla,Reta,Sim,2,0,1,0,1,0,1,2,-27.61000542,-48.63895057,SPRF-SC,DEL01-SC,UOP01-DEL01-SC,2024
"632008,0",2024-10-02,quarta-feira,09:00:00,SC,470,"67,0",INDAIAL,Desrespeitar a preferência no cruzamento,Colisão transversal,Sem Vítimas,Pleno dia,Decrescente,Céu Claro,Simples,Interseção de Vias;Viaduto;Retorno Regulamentado,Sim,2,0,0,0,2,0,0,2,-26.872158,-49.23127,SPRF-SC,DEL04-SC,UOP01-DEL04-SC,2024
"632036,0",2024-10-02,quarta-feira,12:54:00,SC,280,"67,6",JARAGUA DO SUL,Desrespeitar a preferência no cruzamento,Colisão transversal,Com Vítimas Feridas,Pleno dia,Decrescente,Nublado,Simples,Rotatória,Sim,2,0,1,0,1,0,1,2,-26.4775146,-49.10363575,SPRF-SC,DEL03-SC,UOP03-DEL03-SC,2024
"632075,0",2024-09-04,quarta-feira,17:20:00,SC,101,"127,6",ITAJAI,Manobra de mudança de faixa,Colisão transversal,Com Vítimas Feridas,Pleno dia,Crescente,Nublado,Dupla,Reta,Sim,3,0,1,0,2,0,1,2,-26.9639319,-48.68328024,SPRF-SC,DEL04-SC,UOP04-DEL04-SC,2024
"632085,0",2024-10-02,quarta-feira,16:10:00,SC,282,"49,7",AGUAS MORNAS,Velocidade Incompatível,Colisão com objeto,Sem Vítimas,Pleno dia,Crescente,Chuva,Simples,Aclive;Curva,Não,1,0,0,0,1,0,0,1,-27.712931,-48.943741,SPRF-SC,DEL01-SC,UOP03-DEL01-SC,2024
"632090,0",2024-10-02,quarta-feira,14:10:00,SC,116,"219,2",CORREIA PINTO,Acessar a via sem observar a presença dos outros veículos,Colisão transversal,Com Vítimas Feridas,Pleno dia,Crescente,Chuva,Simples,Rotatória,Sim,3,0,1,0,2,0,1,2,-27.580569,-50.368569,SPRF-SC,DEL05-SC,UOP03-DEL05-SC,2024
"632091,0",2024-10-02,quarta-feira,11:40:00,SC,282,"266,5",SAO JOSE DO CERRITO,Chuva,Saída de leito carroçável,Com Vítimas Feridas,Pleno dia,Crescente,Céu Claro,Simples,Curva;Aclive,Não,1,0,1,0,0,0,1,1,-27.62508998,-50.6538946,SPRF-SC,DEL05-SC,UOP02-DEL05-SC,2024
"632105,0",2024-10-02,quarta-feira,17:00:00,SC,470,"73,0",INDAIAL,Velocidade Incompatível,Saída de leito carroçável,Com Vítimas Feridas,Anoitecer,Crescente,Chuva,Dupla,Reta,Não,1,0,1,0,0,0,1,1,-26.908962,-49.275089,SPRF-SC,DEL04-SC,UOP01-DEL04-SC,2024
"632116,0",2024-10-02,quarta-feira,19:05:00,SC,101,"202,1",SAO JOSE,Acessar a via sem observar a presença dos outros veículos,Colisão transversal,Com Vítimas Feridas,Plena Noite,Crescente,Chuva,Simples,Reta;Interseção de Vias,Sim,2,0,1,0,1,0,1,2,-27.55711595,-48.61897889,SPRF-SC,DEL01-SC,UOP01-DEL01-SC,2024
"632149,0",2024-10-02,quarta-feira,20:50:00,SC,101,"162,0",TIJUCAS,Manobra de mudança de faixa,Colisão lateral mesmo sentido,Com Vítimas Feridas,Plena Noite,Decrescente,Chuva,Múltipla,Reta,Não,2,0,1,0,0,1,1,2,-27.22554009,-48.6279367,SPRF-SC,DEL04-SC,UOP03-DEL04-SC,2024
"632152,0",2024-10-02,quarta-feira,17:30:00,SC,280,"91,0",CORUPA,Pista Escorregadia,Queda de ocupante de veículo,Com Vítimas Feridas,Anoitecer,Crescente,Garoa/Chuvisco,Simples,Curva,Não,1,0,1,0,0,0,1,1,-26.40198057,-49.29053774,SPRF-SC,DEL06-SC,UOP03-DEL06-SC,2024
"632176,0",2024-10-02,quarta-feira,22:18:00,SC,116,"232,5",CORREIA PINTO,Ingestão de álcool pelo condutor,Saída de leito carroçável,Com Vítimas Feridas,Plena Noite,Crescente,Chuva,Simples,Curva,Não,1,0,1,0,0,0,1,1,-27.68373205,-50.33513353,SPRF-SC,DEL05-SC,UOP03-DEL05-SC,2024
"632187,0",2024-10-03,quinta-feira,04:00:00,SC,101,"129,0",BALNEARIO CAMBORIU,Reação tardia ou ineficiente do condutor,Saída de leito carroçável,Com Vítimas Feridas,Plena Noite,Decrescente,Nublado,Dupla,Reta,Sim,1,0,1,0,0,0,1,1,-26.98064277,-48.6790679,SPRF-SC,DEL04-SC,UOP03-DEL04-SC,2024
"632211,0",2024-10-03,quinta-feira,08:20:00,SC,101,"203,0",SAO JOSE,Trafegar com motocicleta (ou similar) entre as faixas,Colisão traseira,Com Vítimas Feridas,Pleno dia,Crescente,Céu Claro,Múltipla,Reta,Sim,3,0,2,0,1,0,2,2,-27.5650044,-48.61460082,SPRF-SC,DEL01-SC,UOP01-DEL01-SC,2024
"632222,0",2024-10-03,quinta-feira,09:00:00,SC,470,"58,0",BLUMENAU,Ultrapassagem Indevida,Colisão transversal,Sem Vítimas,Pleno dia,Decrescente,Nublado,Simples,Em Obras;Reta,Sim,2,0,0,0,2,0,0,2,-26.883879,-49.145622,SPRF-SC,DEL04-SC,UOP01-DEL04-SC,2024
"632239,0",2024-10-03,quinta-feira,10:30:00,SC,282,"0,0",FLORIANOPOLIS,Reação tardia ou ineficiente do condutor,Colisão traseira,Com Vítimas Feridas,Pleno dia,Decrescente,Céu Claro,Múltipla,Reta,Sim,2,0,1,0,1,0,1,2,-27.59845,-48.571995,SPRF-SC,DEL01-SC,UOP01-DEL01-SC,2024
"632241,0",2024-10-03,quinta-feira,07:40:00,SC,116,"207,3",PONTE ALTA,Desrespeitar a preferência no cruzamento,Colisão transversal,Com Vítimas Feridas,Pleno dia,Decrescente,Chuva,Simples,Rotatória,Sim,2,0,1,0,1,0,1,2,-27.48199748,-50.37911479,SPRF-SC,DEL05-SC,UOP03-DEL05-SC,2024
"632259,0",2024-10-03,quinta-feira,11:10:00,SC,101,"204,0",SAO JOSE,Manobra de mudança de faixa,Colisão lateral mesmo sentido,Com Vítimas Feridas,Pleno dia,Decrescente,Céu Claro,Múltipla,Interseção de Vias,Sim,2,0,1,0,1,0,1,2,-27.57413014,-48.61363083,SPRF-SC,DEL01-SC,UOP01-DEL01-SC,2024
"632261,0",2024-10-03,quinta-feira,10:20:00,SC,101,"54,0",JOINVILLE,Condutor deixou de manter distância do veículo da frente,Colisão traseira,Com Vítimas Feridas,Pleno dia,Decrescente,Nublado,Dupla,Reta,Não,2,0,1,0,1,0,1,2,-26.41319508,-48.83617332,SPRF-SC,DEL03-SC,UOP01-DEL03-SC,2024
"632274,0",2024-10-03,quinta-feira,12:45:00,SC,101,"331,1",TUBARAO,Reação tardia ou ineficiente do condutor,Colisão com objeto,Com Vítimas Feridas,Pleno dia,Crescente,Céu Claro,Dupla,Reta,Não,3,0,2,0,1,0,2,1,-28.46838949,-49.00794983,SPRF-SC,DEL02-SC,UOP01-DEL02-SC,2024
"632283,0",2024-10-03,quinta-feira,14:30:00,SC,101,"209,5",SAO JOSE,Acesso irregular,Colisão transversal,Com Vítimas Feridas,Pleno dia,Crescente,Nublado,Múltipla,Interseção de Vias,Sim,2,0,1,0,1,0,1,2,-27.61000542,-48.63895057,SPRF-SC,DEL01-SC,UOP01-DEL01-SC,2024
"632284,0",2024-10-03,quinta-feira,13:45:00,SC,101,"45,0",JOINVILLE,Reação tardia ou ineficiente do condutor,Colisão lateral mesmo sentido,Com Vítimas Feridas,Pleno dia,Decrescente,Nublado,Dupla,Declive;Viaduto,Sim,2,0,1,0,1,0,1,2,-26.32214492,-48.8689509,SPRF-SC,DEL03-SC,UOP01-DEL03-SC,2024
"632286,0",2024-10-03,quinta-feira,14:30:00,SC,280,"47,7",GUARAMIRIM,Condutor deixou de manter distância do veículo da frente,Colisão traseira,Com Vítimas Feridas,Pleno dia,Decrescente,Céu Claro,Simples,Em Obras,Não,2,0,1,0,1,0,1,2,-26.45353692,-48.917876,SPRF-SC,DEL03-SC,UOP03-DEL03-SC,2024
"632294,0",2024-10-03,quinta-feira,15:20:00,SC,101,"206,8",SAO JOSE,Frear bruscamente,Colisão traseira,Com Vítimas Feridas,Pleno dia,Crescente,Chuva,Múltipla,Curva;Aclive,Sim,2,0,1,0,0,1,1,2,-27.59193546,-48.61824557,SPRF-SC,DEL01-SC,UOP01-DEL01-SC,2024
"632319,0",2024-10-03,quinta-feira,17:55:00,SC,282,"3,0",FLORIANOPOLIS,Velocidade Incompatível,Colisão lateral mesmo sentido,Com Vítimas Feridas,Pleno dia,Crescente,Céu Claro,Múltipla,Reta,Sim,3,0,1,0,0,2,1,3,-27.600384,-48.599705,SPRF-SC,DEL01-SC,UOP01-DEL01-SC,2024
"632408,0",2024-10-04,sexta-feira,07:00:00,SC,282,"3,5",FLORIANOPOLIS,Trafegar com motocicleta (ou similar) entre as faixas,Colisão traseira,Com Vítimas Feridas,Pleno dia,Decrescente,Nublado,Múltipla,Reta,Sim,2,0,1,0,1,0,1,2,-27.600384,-48.599705,SPRF-SC,DEL01-SC,UOP01-DEL01-SC,2024
"632410,0",2024-10-04,sexta-feira,07:45:00,SC,470,"47,2",BLUMENAU,Ausência de reação do condutor,Colisão lateral mesmo sentido,Com Vítimas Feridas,Pleno dia,Crescente,Nublado,Simples,Curva;Em Obras,Sim,2,0,2,0,0,0,2,2,-26.864044,-49.046516,SPRF-SC,DEL04-SC,UOP01-DEL04-SC,2024
"632412,0",2024-10-04,sexta-feira,07:40:00,SC,101,"205,0",SAO JOSE,Ausência de reação do condutor,Queda de ocupante de veículo,Com Vítimas Feridas,Pleno dia,Decrescente,Céu Claro,Múltipla,Reta,Sim,2,0,2,0,0,0,2,2,-27.58313237,-48.61532885,SPRF-SC,DEL01-SC,UOP01-DEL01-SC,2024
"632418,0",2024-10-04,sexta-feira,08:20:00,SC,282,"460,0",PONTE SERRADA,Acessar a via sem observar a presença dos outros veículos,Colisão transversal,Sem Vítimas,Pleno dia,Decrescente,Céu Claro,Simples,Reta,Sim,2,0,0,0,2,0,0,2,-26.88288046,-52.0119381,SPRF-SC,DEL07-SC,UOP04-DEL07-SC,2024
"632423,0",2024-10-04,sexta-feira,08:06:00,SC,101,"63,0",ARAQUARI,Objeto estático sobre o leito carroçável,Colisão com objeto,Com Vítimas Feridas,Pleno dia,Crescente,Nublado,Dupla,Curva,Sim,2,0,1,0,1,0,1,1,-26.45898367,-48.7584088,SPRF-SC,DEL03-SC,UOP02-DEL03-SC,2024
"632424,0",2024-10-04,sexta-feira,07:50:00,SC,101,"437,0",SOMBRIO,Manobra de mudança de faixa,Colisão com objeto,Com Vítimas Feridas,Pleno dia,Crescente,Sol,Dupla,Reta;Aclive,Sim,1,0,0,1,0,0,1,1,-29.116756,-49.640408,SPRF-SC,DEL02-SC,UOP02-DEL02-SC,2024
"632426,0",2024-07-28,domingo,12:55:00,SC,470,"172,9",POUSO REDONDO,Ausência de reação do condutor,Saída de leito carroçável,Com Vítimas Feridas,Pleno dia,Decrescente,Ignorado,Simples,Curva;Aclive,Sim,1,0,0,1,0,0,1,1,-27.25998965,-49.91992235,SPRF-SC,DEL04-SC,UOP02-DEL04-SC,2024
"632432,0",2024-10-04,sexta-feira,06:30:00,SC,282,"457,9",PONTE SERRADA,Condutor Dormindo,Colisão com objeto,Com Vítimas Feridas,Pleno dia,Crescente,Céu Claro,Simples,Curva,Não,1,0,0,1,0,0,1,1,-26.880604,-52.013371,SPRF-SC,DEL07-SC,UOP04-DEL07-SC,2024
"632434,0",2024-09-02,segunda-feira,07:40:00,SC,101,"113,0",ITAJAI,Demais falhas mecânicas ou elétricas,Incêndio,Com Vítimas Feridas,Pleno dia,Crescente,Sol,Dupla,Reta,Não,1,0,1,0,0,0,1,1,-26.85311393,-48.72689927,SPRF-SC,DEL04-SC,UOP04-DEL04-SC,2024
"632439,0",2024-10-04,sexta-feira,04:50:00,SC,101,"133,0",BALNEARIO CAMBORIU,Reação tardia ou ineficiente do condutor,Colisão traseira,Com Vítimas Feridas,Amanhecer,Decrescente,Nublado,Dupla,Reta;Declive,Sim,2,0,1,0,1,0,1,2,-26.99936,-48.64609,SPRF-SC,DEL04-SC,UOP03-DEL04-SC,2024
"632453,0",2024-07-26,sexta-feira,22:00:00,SC,470,"132,0",RIO DO SUL,Acessar a via sem observar a presença dos outros veículos,Colisão transversal,Sem Vítimas,Plena Noite,Decrescente,Céu Claro,Simples,Reta,Não,2,0,0,0,1,1,0,2,-27.170237,-49.574718,SPRF-SC,DEL04-SC,UOP02-DEL04-SC,2024
"632483,0",2024-10-04,sexta-feira,11:50:00,SC,101,"438,0",SOMBRIO,Ingestão de álcool pelo condutor,Saída de leito carroçável,Com Vítimas Feridas,Pleno dia,Crescente,Nublado,Múltipla,Reta,Sim,1,0,1,0,0,0,1,1,-29.12393556,-49.65709805,SPRF-SC,DEL02-SC,UOP02-DEL02-SC,2024
"632496,0",2024-10-04,sexta-feira,14:50:00,SC,101,"120,5",ITAJAI,Manobra de mudança de faixa,Colisão lateral mesmo sentido,Com Vítimas Feridas,Pleno dia,Crescente,Nublado,Dupla,Reta,Não,2,0,0,1,1,0,1,2,-26.912758,-48.711998,SPRF-SC,DEL04-SC,UOP04-DEL04-SC,2024
"632509,0",2024-10-04,sexta-feira,15:45:00,SC,101,"163,0",TIJUCAS,Desrespeitar a preferência no cruzamento,Colisão lateral mesmo sentido,Sem Vítimas,Pleno dia,Crescente,Céu Claro,Simples,Reta,Sim,2,0,0,0,1,1,0,2,-27.23461699,-48.63039809,SPRF-SC,DEL04-SC,UOP03-DEL04-SC,2024
"632512,0",2024-10-04,sexta-feira,16:45:00,SC,470,"47,0",BLUMENAU,Ultrapassagem Indevida,Colisão lateral mesmo sentido,Com Vítimas Feridas,Anoitecer,Crescente,Nublado,Simples,Curva;Desvio Temporário,Não,2,0,1,0,1,0,1,2,-26.864044,-49.046516,SPRF-SC,DEL04-SC,UOP01-DEL04-SC,2024