id,data_inversa,dia_semana,horario,uf,br,km,municipio,causa_acidente,tipo_acidente,classificacao_acidente,fase_dia,sentido_via,condicao_metereologica,tipo_pista,tracado_via,uso_solo,pessoas,mortos,feridos_leves,feridos_graves,ilesos,ignorados,feridos,veiculos,latitude,longitude,regional,delegacia,uop,ano_arquivo
"636201,0",2024-10-20,domingo,15:15:00,SC,282,"46,5",AGUAS MORNAS,Condutor deixou de manter distância do veículo da frente,Colisão traseira,Com Vítimas Feridas,Pleno dia,Decrescente,Céu Claro,Simples,Reta;Declive,Não,2,0,1,0,1,0,1,2,-27.721041,-48.925152,SPRF-SC,DEL01-SC,UOP03-DEL01-SC,2024
"636218,0",2024-10-20,domingo,15:29:00,SC,101,"457,5",SAO JOAO DO SUL,Reação tardia ou ineficiente do condutor,Colisão traseira,Com Vítimas Feridas,Pleno dia,Decrescente,Céu Claro,Múltipla,Reta,Não,2,0,1,0,1,0,1,2,-29.244,-49.754,SPRF-SC,DEL02-SC,UOP02-DEL02-SC,2024
"636225,0",2024-10-20,domingo,15:20:00,SC,280,"142,3",MAFRA,Reação tardia ou ineficiente do condutor,Saída de leito carroçável,Com Vítimas Feridas,Pleno dia,Crescente,Nublado,Simples,Curva;Aclive,Não,1,0,1,0,0,0,1,1,-26.24892914,-49.63022232,SPRF-SC,DEL06-SC,UOP03-DEL06-SC,2024
"636235,0",2024-10-20,domingo,16:00:00,SC,116,"217,0",CORREIA PINTO,Acessar a via sem observar a presença dos outros veículos,Colisão transversal,Com Vítimas Feridas,Pleno dia,Crescente,Céu Claro,Simples,Curva,Sim,2,0,1,0,1,0,1,2,-27.55447701,-50.37698044,SPRF-SC,DEL05-SC,UOP03-DEL05-SC,2024
"636239,0",2024-10-20,domingo,16:20:00,SC,282,"68,7",RANCHO QUEIMADO,Condutor Dormindo,Saída de leito carroçável,Com Vítimas Feridas,Pleno dia,Crescente,Nublado,Simples,Aclive;Reta,Não,2,0,1,0,1,0,1,1,-27.692406,-49.075939,SPRF-SC,DEL01-SC,UOP03-DEL01-SC,2024
"636263,0",2024-10-20,domingo,18:30:00,SC,101,"124,9",ITAJAI,Ultrapassagem Indevida,Queda de ocupante de veículo,Com Vítimas Feridas,Anoitecer,Crescente,Nublado,Dupla,Reta,Sim,2,0,1,0,1,0,1,2,-26.95905375,-48.67875936,SPRF-SC,DEL04-SC,UOP04-DEL04-SC,2024
"636274,0",2024-10-20,domingo,19:30:00,SC,101,"113,0",ITAJAI,Ultrapassagem Indevida,Colisão lateral mesmo sentido,Com Vítimas Feridas,Plena Noite,Crescente,Nublado,Dupla,Reta,Não,2,0,0,1,1,0,1,2,-26.85311393,-48.72689927,SPRF-SC,DEL04-SC,UOP04-DEL04-SC,2024
"636280,0",2024-10-20,domingo,19:45:00,SC,101,"126,0",ITAJAI,Ultrapassagem Indevida,Tombamento,Sem Vítimas,Plena Noite,Decrescente,Nublado,Dupla,Curva,Sim,1,0,0,0,0,1,0,1,-26.95564404,-48.67978366,SPRF-SC,DEL04-SC,UOP04-DEL04-SC,2024
"636288,0",2024-10-20,domingo,19:00:00,SC,280,"6,3",SAO FRANCISCO DO SUL,Acessar a via sem observar a presença dos outros veículos,Colisão traseira,Com Vítimas Feridas,Plena Noite,Crescente,Céu Claro,Simples,Reta,Não,2,0,1,0,1,0,1,2,-26.26569095,-48.63361804,SPRF-SC,DEL03-SC,UOP03-DEL03-SC,2024
"636301,0",2024-10-20,domingo,19:15:00,SC,101,"151,7",ITAPEMA,Ingestão de substâncias psicoativas pelo condutor,Colisão frontal,Com Vítimas Feridas,Plena Noite,Crescente,Nublado,Dupla,Reta;Interseção de Vias,Não,5,0,2,0,3,0,2,5,-27.126536,-48.609642,SPRF-SC,DEL04-SC,UOP03-DEL04-SC,2024
"636308,0",2024-10-20,domingo,20:20:00,SC,282,"504,9",XANXERE,Desrespeitar a preferência no cruzamento,Colisão frontal,Com Vítimas Feridas,Plena Noite,Crescente,Nublado,Simples,Interseção de Vias;Reta;Viaduto,Sim,6,0,2,1,3,0,3,2,-26.88534649,-52.41447866,SPRF-SC,DEL07-SC,UOP01-DEL07-SC,2024
"636316,0",2024-10-20,domingo,21:15:00,SC,101,"24,6",JOINVILLE,Entrada inopinada do pedestre,Atropelamento de Pedestre,Com Vítimas Feridas,Plena Noite,Crescente,Nublado,Simples,Reta,Sim,2,0,1,1,0,0,2,2,-26.1834739,-48.9105912,SPRF-SC,DEL03-SC,UOP01-DEL03-SC,2024
"636322,0",2024-10-20,domingo,18:50:00,SC,280,"30,0",ARAQUARI,Acumulo de areia ou detritos sobre o pavimento,Tombamento,Com Vítimas Feridas,Plena Noite,Crescente,Céu Claro,Simples,Rotatória,Não,2,0,2,0,0,0,2,1,-26.41816134,-48.77839565,SPRF-SC,DEL03-SC,UOP03-DEL03-SC,2024
"636327,0",2024-10-20,domingo,21:15:00,SC,470,"54,4",BLUMENAU,Desrespeitar a preferência no cruzamento,Colisão transversal,Com Vítimas Feridas,Plena Noite,Crescente,Nublado,Simples,Reta;Rotatória;Declive,Sim,4,0,0,1,3,0,1,2,-26.87320538,-49.11419749,SPRF-SC,DEL04-SC,UOP01-DEL04-SC,2024
"636337,0",2024-10-20,domingo,19:00:00,SC,116,"57,1",PAPANDUVA,Condutor usando celular,Colisão frontal,Com Vítimas Feridas,Plena Noite,Crescente,Nublado,Simples,Reta,Não,3,0,2,0,1,0,2,3,-26.38204782,-50.18999277,SPRF-SC,DEL06-SC,UOP02-DEL06-SC,2024
"636344,0",2024-10-20,domingo,20:12:00,SC,470,"74,5",INDAIAL,Manobra de mudança de faixa,Colisão traseira,Com Vítimas Feridas,Pleno dia,Crescente,Nublado,Simples,Reta,Não,9,0,8,1,0,0,9,3,-26.91818602,-49.28154588,SPRF-SC,DEL04-SC,UOP01-DEL04-SC,2024
"636345,0",2024-10-20,domingo,20:35:00,SC,101,"273,4",IMBITUBA,Entrada inopinada do pedestre,Atropelamento de Pedestre,Com Vítimas Fatais,Plena Noite,Crescente,Nublado,Múltipla,Reta,Sim,5,1,0,0,4,0,0,2,-28.13481,-48.6922299,SPRF-SC,DEL02-SC,UOP03-DEL02-SC,2024
"636361,0",2024-10-21,segunda-feira,01:00:00,SC,101,"300,3",LAGUNA,Demais falhas mecânicas ou elétricas,Colisão com objeto,Sem Vítimas,Plena Noite,Decrescente,Nublado,Dupla,Reta,Não,1,0,0,0,1,0,0,1,-28.336977,-48.732777,SPRF-SC,DEL02-SC,UOP03-DEL02-SC,2024
"636379,0",2024-10-21,segunda-feira,06:00:00,SC,101,"207,7",SAO JOSE,Ingestão de álcool pelo condutor,Colisão com objeto,Com Vítimas Feridas,Pleno dia,Crescente,Chuva,Múltipla,Reta;Declive,Sim,1,0,1,0,0,0,1,1,-27.6021597,-48.62969935,SPRF-SC,DEL01-SC,UOP01-DEL01-SC,2024
"636390,0",2024-10-21,segunda-feira,07:15:00,SC,101,"204,4",SAO JOSE,Trafegar com motocicleta (ou similar) entre as faixas,Colisão traseira,Com Vítimas Feridas,Pleno dia,Crescente,Chuva,Múltipla,Reta,Sim,2,0,1,0,1,0,1,2,-27.57413014,-48.61363083,SPRF-SC,DEL01-SC,UOP01-DEL01-SC,2024
"636415,0",2024-10-21,segunda-feira,09:20:00,SC,282,"67,6",RANCHO QUEIMADO,Acumulo de água sobre o pavimento,Saída de leito carroçável,Com Vítimas Feridas,Pleno dia,Crescente,Chuva,Simples,Curva,Não,1,0,1,0,0,0,1,1,-27.695963,-49.0695,SPRF-SC,DEL01-SC,UOP03-DEL01-SC,2024
"636465,0",2024-10-21,segunda-feira,14:40:00,SC,101,"214,0",PALHOCA,Ausência de reação do condutor,Colisão traseira,Com Vítimas Feridas,Pleno dia,Decrescente,Céu Claro,Múltipla,Reta,Não,3,0,2,0,1,0,2,2,-27.64443,-48.67057,SPRF-SC,DEL01-SC,UOP02-DEL01-SC,2024
"636467,0",2024-10-21,segunda-feira,14:20:00,SC,282,"520,1",XAXIM,Manobra de mudança de faixa,Colisão lateral mesmo sentido,Com Vítimas Feridas,Pleno dia,Crescente,Céu Claro,Simples,Curva,Não,5,0,1,1,2,1,2,4,-26.950415,-52.526096,SPRF-SC,DEL07-SC,UOP01-DEL07-SC,2024
"636480,0",2024-10-21,segunda-feira,06:20:00,SC,101,"207,7",SAO JOSE,Reação tardia ou ineficiente do condutor,Colisão traseira,Com Vítimas Feridas,Pleno dia,Crescente,Chuva,Múltipla,Reta;Declive,Sim,3,0,1,0,2,0,1,2,-27.60261607,-48.63095462,SPRF-SC,DEL01-SC,UOP01-DEL01-SC,2024
"636495,0",2024-10-21,segunda-feira,17:30:00,SC,101,"123,0",ITAJAI,Trafegar com motocicleta (ou similar) entre as faixas,Colisão lateral mesmo sentido,Com Vítimas Feridas,Pleno dia,Crescente,Nublado,Dupla,Reta,Sim,2,0,1,0,1,0,1,2,-26.93668609,-48.69876905,SPRF-SC,DEL04-SC,UOP04-DEL04-SC,2024
"636523,0",2024-10-21,segunda-feira,19:00:00,SC,101,"21,8",JOINVILLE,Condutor deixou de manter distância do veículo da frente,Colisão traseira,Com Vítimas Feridas,Plena Noite,Crescente,Chuva,Dupla,Reta,Não,2,0,1,0,1,0,1,2,-26.154553,-48.908302,SPRF-SC,DEL03-SC,UOP01-DEL03-SC,2024
"636526,0",2024-10-21,segunda-feira,19:50:00,SC,282,"577,2",PINHALZINHO,Animais na Pista,Atropelamento de Animal,Com Vítimas Feridas,Plena Noite,Crescente,Céu Claro,Simples,Curva,Sim,1,0,1,0,0,0,1,1,-26.85963164,-52.9792271,SPRF-SC,DEL07-SC,UOP02-DEL07-SC,2024
"636530,0",2024-10-21,segunda-feira,18:30:00,SC,101,"119,0",ITAJAI,Manobra de mudança de faixa,Colisão lateral mesmo sentido,Com Vítimas Feridas,Anoitecer,Decrescente,Céu Claro,Múltipla,Reta,Não,2,0,1,0,1,0,1,2,-26.9043179,-48.71555481,SPRF-SC,DEL04-SC,UOP04-DEL04-SC,2024
"636553,0",2024-10-14,segunda-feira,06:30:00,SC,280,"58,5",GUARAMIRIM,Manobra de mudança de faixa,Colisão lateral mesmo sentido,Com Vítimas Feridas,Pleno dia,Decrescente,Céu Claro,Dupla,Reta,Sim,3,0,1,0,2,0,1,3,-26.47415593,-49.021211,SPRF-SC,DEL03-SC,UOP03-DEL03-SC,2024
"636559,0",2024-10-21,segunda-feira,23:00:00,SC,480,"127,6",CHAPECO,Participar de racha,Atropelamento de Pedestre,Com Vítimas Fatais,Plena Noite,Crescente,Céu Claro,Múltipla,Reta,Sim,2,1,0,1,0,0,1,2,-27.034028,-52.63378,SPRF-SC,DEL07-SC,UOP01-DEL07-SC,2024
"636560,0",2024-10-22,terça-feira,01:00:00,SC,101,"154,0",PORTO BELO,Velocidade Incompatível,Colisão frontal,Com Vítimas Feridas,Plena Noite,Crescente,Nublado,Dupla,Reta,Não,2,0,1,0,1,0,1,1,-27.153819,-48.61086393,SPRF-SC,DEL04-SC,UOP03-DEL04-SC,2024
"636563,0",2024-10-22,terça-feira,01:45:00,SC,101,"232,9",PALHOCA,Ingestão de substâncias psicoativas pelo condutor,Colisão com objeto,Com Vítimas Feridas,Plena Noite,Crescente,Céu Claro,Dupla,Aclive,Não,1,0,1,0,0,0,1,1,-27.795666,-48.638153,SPRF-SC,DEL01-SC,UOP02-DEL01-SC,2024
"636568,0",2024-10-22,terça-feira,01:00:00,SC,280,"42,7",GUARAMIRIM,Participar de racha,Capotamento,Com Vítimas Feridas,Plena Noite,Crescente,Nublado,Simples,Curva;Desvio Temporário;Em Obras,Não,1,0,1,0,0,0,1,1,-26.45059684,-48.86790401,SPRF-SC,DEL03-SC,UOP03-DEL03-SC,2024
"636577,0",2024-10-22,terça-feira,04:30:00,SC,282,"46,8",AGUAS MORNAS,Reação tardia ou ineficiente do condutor,Colisão lateral sentido oposto,Com Vítimas Feridas,Plena Noite,Decrescente,Garoa/Chuvisco,Simples,Reta;Aclive,Não,2,0,1,0,1,0,1,2,-27.721041,-48.925152,SPRF-SC,DEL01-SC,UOP03-DEL01-SC,2024
"636600,0",2024-10-22,terça-feira,08:00:00,SC,101,"203,0",SAO JOSE,Reação tardia ou ineficiente do condutor,Colisão traseira,Com Vítimas Feridas,Pleno dia,Crescente,Céu Claro,Múltipla,Reta,Sim,3,0,3,0,0,0,3,2,-27.5650044,-48.61460082,SPRF-SC,DEL01-SC,UOP01-DEL01-SC,2024
"636623,0",2024-10-22,terça-feira,08:00:00,SC,280,"55,0",GUARAMIRIM,Velocidade Incompatível,Colisão traseira,Com Vítimas Feridas,Pleno dia,Crescente,Céu Claro,Dupla,Curva,Sim,2,0,1,0,1,0,1,2,-26.47584353,-48.9937858,SPRF-SC,DEL03-SC,UOP03-DEL03-SC,2024
"636653,0",2024-10-22,terça-feira,12:44:00,SC,101,"329,3",TUBARAO,Manobra de mudança de faixa,Colisão lateral mesmo sentido,Com Vítimas Feridas,Pleno dia,Decrescente,Céu Claro,Múltipla,Reta,Não,3,0,1,0,2,0,1,2,-28.44404822,-48.96611372,SPRF-SC,DEL02-SC,UOP01-DEL02-SC,2024
"636659,0",2024-10-22,terça-feira,13:30:00,SC,101,"236,0",PALHOCA,Velocidade Incompatível,Saída de leito carroçável,Com Vítimas Feridas,Pleno dia,Crescente,Céu Claro,Simples,Curva,Não,2,0,1,1,0,0,2,1,-27.82629382,-48.63034842,SPRF-SC,DEL01-SC,UOP02-DEL01-SC,2024
"636708,0",2024-10-22,terça-feira,17:10:00,SC,101,"147,0",ITAPEMA,Demais falhas mecânicas ou elétricas,Colisão com objeto,Com Vítimas Feridas,Pleno dia,Decrescente,Céu Claro,Dupla,Reta,Não,2,0,2,0,0,0,2,2,-27.09237407,-48.61730888,SPRF-SC,DEL04-SC,UOP03-DEL04-SC,2024
"636722,0",2024-10-22,terça-feira,17:40:00,SC,101,"123,0",ITAJAI,Reação tardia ou ineficiente do condutor,Tombamento,Com Vítimas Feridas,Pleno dia,Crescente,Céu Claro,Múltipla,Interseção de Vias,Sim,2,0,2,0,0,0,2,1,-26.93668609,-48.69876905,SPRF-SC,DEL04-SC,UOP04-DEL04-SC,2024
"636730,0",2024-10-22,terça-feira,18:40:00,SC,101,"112,0",ITAJAI,Reação tardia ou ineficiente do condutor,Tombamento,Com Vítimas Feridas,Anoitecer,Decrescente,Céu Claro,Dupla,Reta;Interseção de Vias,Sim,1,0,1,0,0,0,1,1,-26.84589005,-48.72131295,SPRF-SC,DEL04-SC,UOP04-DEL04-SC,2024
"636765,0",2024-10-22,terça-feira,21:40:00,SC,101,"51,0",JOINVILLE,Transitar na contramão,Colisão frontal,Com Vítimas Feridas,Plena Noite,Crescente,Céu Claro,Simples,Curva;Retorno Regulamentado,Não,3,0,1,0,2,0,1,2,-26.39917351,-48.83903503,SPRF-SC,DEL03-SC,UOP01-DEL03-SC,2024
"636788,0",2024-10-23,quarta-feira,02:10:00,SC,101,"350,2",JAGUARUNA,Condutor Dormindo,Colisão traseira,Sem Vítimas,Plena Noite,Crescente,Céu Claro,Múltipla,Reta;Aclive,Não,5,0,0,0,5,0,0,2,-28.58988203,-49.04517307,SPRF-SC,DEL02-SC,UOP01-DEL02-SC,2024
"636791,0",2024-10-23,quarta-feira,05:10:00,SC,101,"158,0",PORTO BELO,Acessar a via sem observar a presença dos outros veículos,Colisão lateral mesmo sentido,Com Vítimas Feridas,Amanhecer,Decrescente,Céu Claro,Dupla,Reta;Retorno Regulamentado,Não,3,0,1,0,2,0,1,2,-27.19096301,-48.61259017,SPRF-SC,DEL04-SC,UOP03-DEL04-SC,2024
"636824,0",2024-10-23,quarta-feira,09:00:00,SC,101,"205,7",SAO JOSE,Manobra de mudança de faixa,Colisão lateral mesmo sentido,Com Vítimas Feridas,Pleno dia,Crescente,Céu Claro,Múltipla,Reta,Sim,2,0,1,0,1,0,1,2,-27.58313237,-48.61532885,SPRF-SC,DEL01-SC,UOP01-DEL01-SC,2024
"636853,0",2024-10-23,quarta-feira,12:00:00,SC,101,"206,8",SAO JOSE,Desrespeitar a preferência no cruzamento,Colisão transversal,Com Vítimas Feridas,Pleno dia,Decrescente,Céu Claro,Dupla,Interseção de Vias;Reta,Sim,2,0,2,0,0,0,2,2,-27.59193546,-48.61824557,SPRF-SC,DEL01-SC,UOP01-DEL01-SC,2024
"636855,0",2024-10-23,quarta-feira,10:49:00,SC,101,"374,2",ICARA,Reação tardia ou ineficiente do condutor,Saída de leito carroçável,Com Vítimas Feridas,Pleno dia,Crescente,Céu Claro,Dupla,Reta,Não,2,0,1,1,0,0,2,1,-28.71534412,-49.22723198,SPRF-SC,DEL02-SC,UOP01-DEL02-SC,2024
"636856,0",2024-10-23,quarta-feira,12:20:00,SC,470,"123,0",IBIRAMA,Desrespeitar a preferência no cruzamento,Colisão transversal,Com Vítimas Feridas,Pleno dia,Crescente,Sol,Simples,Reta,Não,2,0,1,0,1,0,1,2,-27.106783,-49.522049,SPRF-SC,DEL04-SC,UOP02-DEL04-SC,2024
"636859,0",2024-09-14,sábado,19:30:00,SC,101,"71,0",ARAQUARI,Demais falhas na via,Queda de ocupante de veículo,Com Vítimas Feridas,Plena Noite,Crescente,Céu Claro,Múltipla,Reta,Não,1,0,0,1,0,0,1,1,-26.51864822,-48.71874636,SPRF-SC,DEL03-SC,UOP02-DEL03-SC,2024
"636862,0",2024-10-23,quarta-feira,12:00:00,SC,116,"166,1",PONTE ALTA DO NORTE,Reação tardia ou ineficiente do condutor,Queda de ocupante de veículo,Com Vítimas Feridas,Pleno dia,Decrescente,Nublado,Simples,Rotatória;Reta,Sim,1,0,1,0,0,0,1,1,-27.15859772,-50.46557486,SPRF-SC,DEL05-SC,UOP03-DEL05-SC,2024
"636863,0",2024-10-23,quarta-feira,09:45:00,SC,101,"338,6",TUBARAO,Ausência de reação do condutor,Saída de leito carroçável,Com Vítimas Feridas,Pleno dia,Decrescente,Céu Claro,Dupla,Reta,Sim,1,0,1,0,0,0,1,1,-28.50082889,-49.04605865,SPRF-SC,DEL02-SC,UOP01-DEL02-SC,2024
"636868,0",2024-10-23,quarta-feira,11:30:00,SC,101,"149,0",ITAPEMA,Reação tardia ou ineficiente do condutor,Colisão lateral mesmo sentido,Com Vítimas Feridas,Pleno dia,Decrescente,Céu Claro,Dupla,Reta,Sim,2,0,1,0,1,0,1,2,-27.1089649,-48.61277586,SPRF-SC,DEL04-SC,UOP03-DEL04-SC,2024
"636869,0",2024-10-23,quarta-feira,13:30:00,SC,101,"104,7",PENHA,Trafegar com motocicleta (ou similar) entre as faixas,Colisão lateral mesmo sentido,Com Vítimas Feridas,Pleno dia,Crescente,Nublado,Dupla,Reta,Não,3,0,1,0,2,0,1,3,-26.79281742,-48.68080819,SPRF-SC,DEL03-SC,UOP02-DEL03-SC,2024
"636876,0",2024-10-23,quarta-feira,13:45:00,SC,282,"5,8",SAO JOSE,Manobra de mudança de faixa,Colisão lateral mesmo sentido,Com Vítimas Feridas,Pleno dia,Decrescente,Céu Claro,Múltipla,Reta,Sim,3,0,1,0,2,0,1,2,-27.588425,-48.612919,SPRF-SC,DEL01-SC,UOP01-DEL01-SC,2024
"636889,0",2024-08-27,terça-feira,13:30:00,SC,282,"15,6",PALHOCA,Reação tardia ou ineficiente do condutor,Colisão lateral sentido oposto,Com Vítimas Feridas,Pleno dia,Decrescente,Céu Claro,Simples,Reta,Sim,2,0,0,1,1,0,1,2,-27.651848,-48.676048,SPRF-SC,DEL01-SC,UOP02-DEL01-SC,2024
"636916,0",2024-10-23,quarta-feira,17:30:00,SC,470,"71,0",INDAIAL,Conversão proibida,Colisão traseira,Com Vítimas Feridas,Pleno dia,Decrescente,Céu Claro,Dupla,Reta;Em Obras;Desvio Temporário,Sim,2,0,1,0,1,0,1,2,-26.901979,-49.268745,SPRF-SC,DEL04-SC,UOP01-DEL04-SC,2024
"636944,0",2024-10-23,quarta-feira,17:45:00,SC,101,"45,5",JOINVILLE,Ausência de reação do condutor,Colisão traseira,Com Vítimas Feridas,Pleno dia,Decrescente,Nublado,Dupla,Reta,Sim,3,0,2,0,1,0,2,3,-26.32214492,-48.8689509,SPRF-SC,DEL03-SC,UOP01-DEL03-SC,2024
"636973,0",2024-10-23,quarta-feira,21:50:00,SC,163,"1,3",DIONISIO CERQUEIRA,Acessar a via sem observar a presença dos outros veículos,Colisão traseira,Com Vítimas Feridas,Plena Noite,Crescente,Nublado,Simples,Reta,Sim,3,0,0,1,2,0,1,2,-26.26694104,-53.62692833,SPRF-SC,DEL07-SC,UOP03-DEL07-SC,2024
"636979,0",2024-10-23,quarta-feira,23:44:00,SC,101,"419,8",ARARANGUA,Pedestre andava na pista,Atropelamento de Pedestre,Com Vítimas Fatais,Plena Noite,Crescente,Céu Claro,Múltipla,Reta,Sim,2,1,0,0,1,0,0,2,-28.997374,-49.5545615,SPRF-SC,DEL02-SC,UOP02-DEL02-SC,2024
"636984,0",2024-10-24,quinta-feira,01:45:00,SC,282,"5,7",FLORIANOPOLIS,Velocidade Incompatível,Tombamento,Com Vítimas Feridas,Plena Noite,Decrescente,Céu Claro,Múltipla,Reta,Sim,1,0,1,0,0,0,1,1,-27.588425,-48.612919,SPRF-SC,DEL01-SC,UOP01-DEL01-SC,2024
"636987,0",2024-10-24,quinta-feira,04:15:00,SC,470,"71,0",INDAIAL,Ausência de reação do condutor,Saída de leito carroçável,Com Vítimas Feridas,Plena Noite,Decrescente,Céu Claro,Dupla,Reta,Não,2,0,1,0,1,0,1,1,-26.895243,-49.262104,SPRF-SC,DEL04-SC,UOP01-DEL04-SC,2024
"637001,0",2024-10-24,quinta-feira,07:00:00,SC,470,"66,0",INDAIAL,Acessar a via sem observar a presença dos outros veículos,Colisão transversal,Com Vítimas Feridas,Pleno dia,Crescente,Céu Claro,Simples,Desvio Temporário;Retorno Regulamentado;Interseção de Vias;Em Obras,Não,3,0,2,0,1,0,2,2,-26.87032187,-49.22733843,SPRF-SC,DEL04-SC,UOP01-DEL04-SC,2024
"637006,0",2024-10-24,quinta-feira,07:30:00,SC,101,"151,0",ITAPEMA,Animais na Pista,Atropelamento de Animal,Sem Vítimas,Pleno dia,Crescente,Nublado,Dupla,Reta,Não,1,0,0,0,1,0,0,1,-27.126536,-48.609642,SPRF-SC,DEL04-SC,UOP03-DEL04-SC,2024
"637009,0",2024-10-24,quinta-feira,07:50:00,SC,470,"79,0",INDAIAL,Ausência de reação do condutor,Saída de leito carroçável,Com Vítimas Feridas,Pleno dia,Decrescente,Céu Claro,Simples,Reta,Não,1,0,1,0,0,0,1,1,-26.951565,-49.306534,SPRF-SC,DEL04-SC,UOP01-DEL04-SC,2024
"637043,0",2024-10-24,quinta-feira,10:30:00,SC,101,"203,0",SAO JOSE,Pista Escorregadia,Tombamento,Com Vítimas Feridas,Pleno dia,Decrescente,Céu Claro,Dupla,Rotatória;Interseção de Vias,Sim,1,0,1,0,0,0,1,1,-27.5650044,-48.61460082,SPRF-SC,DEL01-SC,UOP01-DEL01-SC,2024
"637052,0",2024-10-24,quinta-feira,11:40:00,SC,101,"217,0",PALHOCA,Ultrapassagem Indevida,Colisão com objeto,Com Vítimas Feridas,Pleno dia,Decrescente,Céu Claro,Múltipla,Reta,Não,3,0,1,0,1,1,1,3,-27.66779034,-48.67393586,SPRF-SC,DEL01-SC,UOP02-DEL01-SC,2024
"637080,0",2024-10-24,quinta-feira,13:55:00,SC,101,"114,1",ITAJAI,Ausência de reação do condutor,Tombamento,Com Vítimas Feridas,Pleno dia,Decrescente,Nublado,Dupla,Reta,Não,1,0,1,0,0,0,1,1,-26.86192886,-48.7286704,SPRF-SC,DEL04-SC,UOP04-DEL04-SC,2024
"637082,0",2024-10-24,quinta-feira,14:30:00,SC,101,"210,0",SAO JOSE,Ausência de reação do condutor,Queda de ocupante de veículo,Com Vítimas Feridas,Pleno dia,Crescente,Céu Claro,Dupla,Reta,Sim,2,0,1,0,1,0,1,2,-27.6167305,-48.6457265,SPRF-SC,DEL01-SC,UOP01-DEL01-SC,2024
"637130,0",2024-10-24,quinta-feira,16:50:00,SC,101,"275,0",IMBITUBA,Velocidade Incompatível,Tombamento,Com Vítimas Feridas,Pleno dia,Crescente,Chuva,Dupla,Reta,Sim,1,0,0,1,0,0,1,1,-28.138086,-48.69218292,SPRF-SC,DEL02-SC,UOP03-DEL02-SC,2024
"637132,0",2024-10-24,quinta-feira,16:50:00,SC,101,"112,4",ITAJAI,Ausência de reação do condutor,Colisão traseira,Com Vítimas Feridas,Pleno dia,Decrescente,Nublado,Dupla,Reta,Não,3,0,1,0,2,0,1,2,-26.84589005,-48.72131295,SPRF-SC,DEL04-SC,UOP04-DEL04-SC,2024
"637134,0",2024-10-24,quinta-feira,18:00:00,SC,470,"54,0",BLUMENAU,Acesso irregular,Colisão frontal,Com Vítimas Feridas,Plena Noite,Crescente,Garoa/Chuvisco,Simples,Reta,Sim,2,0,1,0,1,0,1,2,-26.87162628,-49.11199808,SPRF-SC,DEL04-SC,UOP01-DEL04-SC,2024
"637150,0",2024-10-24,quinta-feira,19:35:00,SC,101,"120,1",ITAJAI,Ausência de reação do condutor,Colisão lateral mesmo sentido,Com Vítimas Feridas,Plena Noite,Crescente,Nublado,Dupla,Reta,Não,2,0,0,1,0,1,1,2,-26.912758,-48.711998,SPRF-SC,DEL04-SC,UOP04-DEL04-SC,2024
"637154,0",2024-10-24,quinta-feira,19:30:00,SC,101,"124,3",ITAJAI,Ausência de reação do condutor,Colisão lateral mesmo sentido,Com Vítimas Feridas,Plena Noite,Crescente,Nublado,Dupla,Reta,Não,2,0,1,0,1,0,1,2,-26.94335064,-48.69198648,SPRF-SC,DEL04-SC,UOP04-DEL04-SC,2024
"637182,0",2024-10-24,quinta-feira,20:00:00,SC,282,"231,0",LAGES,Ausência de reação do condutor,Tombamento,Sem Vítimas,Plena Noite,Decrescente,Chuva,Simples,Reta,Não,1,0,0,0,0,1,0,1,-27.787624,-50.435722,SPRF-SC,DEL05-SC,UOP02-DEL05-SC,2024
"637186,0",2024-10-24,quinta-feira,20:40:00,SC,101,"417,5",ARARANGUA,Velocidade Incompatível,Colisão transversal,Com Vítimas Fatais,Plena Noite,Crescente,Nublado,Múltipla,Reta,Sim,2,1,0,0,0,1,0,2,-28.98264385,-49.53886628,SPRF-SC,DEL02-SC,UOP02-DEL02-SC,2024
"637208,0",2024-10-25,sexta-feira,04:35:00,SC,280,"56,8",GUARAMIRIM,Acessar a via sem observar a presença dos outros veículos,Colisão transversal,Com Vítimas Feridas,Plena Noite,Crescente,Céu Claro,Simples,Viaduto;Reta;Aclive,Não,3,0,0,1,1,1,1,3,-26.47692503,-49.01486993,SPRF-SC,DEL03-SC,UOP03-DEL03-SC,2024
"637211,0",2024-10-25,sexta-feira,05:30:00,SC,101,"215,0",PALHOCA,Condutor deixou de manter distância do veículo da frente,Colisão traseira,Com Vítimas Feridas,Pleno dia,Crescente,Céu Claro,Múltipla,Reta,Não,2,0,0,1,1,0,1,2,-27.65184843,-48.67604941,SPRF-SC,DEL01-SC,UOP02-DEL01-SC,2024
"637214,0",2024-10-24,quinta-feira,00:30:00,SC,101,"210,0",SAO JOSE,Ausência de reação do condutor,Queda de ocupante de veículo,Com Vítimas Feridas,Plena Noite,Decrescente,Céu Claro,Múltipla,Reta,Sim,1,0,1,0,0,0,1,1,-27.6167305,-48.6457265,SPRF-SC,DEL01-SC,UOP01-DEL01-SC,2024
"637240,0",2024-10-25,sexta-feira,07:30:00,SC,101,"129,0",BALNEARIO CAMBORIU,Ultrapassagem Indevida,Colisão lateral mesmo sentido,Com Vítimas Feridas,Pleno dia,Decrescente,Céu Claro,Dupla,Reta,Sim,2,0,0,1,1,0,1,2,-26.98064277,-48.6790679,SPRF-SC,DEL04-SC,UOP03-DEL04-SC,2024