id,data_inversa,dia_semana,horario,uf,br,km,municipio,causa_acidente,tipo_acidente,classificacao_acidente,fase_dia,sentido_via,condicao_metereologica,tipo_pista,tracado_via,uso_solo,pessoas,mortos,feridos_leves,feridos_graves,ilesos,ignorados,feridos,veiculos,latitude,longitude,regional,delegacia,uop,ano_arquivo
"642924,0",2024-11-19,terça-feira,16:40:00,SC,282,"0,1",FLORIANOPOLIS,Ausência de reação do condutor,Colisão traseira,Com Vítimas Feridas,Pleno dia,Crescente,Nublado,Múltipla,Reta;Declive,Sim,2,0,1,0,1,0,1,2,-27.59845,-48.571995,SPRF-SC,DEL01-SC,UOP01-DEL01-SC,2024
"642930,0",2024-11-19,terça-feira,15:50:00,SC,470,"47,0",BLUMENAU,Acesso irregular,Colisão lateral mesmo sentido,Com Vítimas Feridas,Pleno dia,Decrescente,Céu Claro,Dupla,Interseção de Vias;Reta;Em Obras,Não,3,0,1,0,2,0,1,2,-26.86372762,-49.0446049,SPRF-SC,DEL04-SC,UOP01-DEL04-SC,2024
"642940,0",2024-11-19,terça-feira,18:35:00,SC,101,"214,7",PALHOCA,Ausência de reação do condutor,Tombamento,Com Vítimas Feridas,Anoitecer,Crescente,Garoa/Chuvisco,Dupla,Reta,Sim,1,0,1,0,0,0,1,1,-27.64443,-48.67057,SPRF-SC,DEL01-SC,UOP02-DEL01-SC,2024
"642974,0",2024-11-19,terça-feira,19:25:00,SC,282,"18,5",PALHOCA,Retorno proibido,Colisão transversal,Com Vítimas Feridas,Plena Noite,Decrescente,Garoa/Chuvisco,Simples,Reta,Não,2,0,0,1,1,0,1,2,-27.672798,-48.694286,SPRF-SC,DEL01-SC,UOP02-DEL01-SC,2024
"642978,0",2024-11-19,terça-feira,19:40:00,SC,101,"70,8",ARAQUARI,Acesso irregular,Colisão com objeto,Com Vítimas Feridas,Plena Noite,Crescente,Céu Claro,Simples,Reta,Sim,2,0,1,0,1,0,1,1,-26.51082007,-48.72345612,SPRF-SC,DEL03-SC,UOP02-DEL03-SC,2024
"642983,0",2024-11-19,terça-feira,21:05:00,SC,101,"210,6",SAO JOSE,Reação tardia ou ineficiente do condutor,Tombamento,Com Vítimas Feridas,Plena Noite,Crescente,Chuva,Simples,Reta,Sim,1,0,1,0,0,0,1,1,-27.6167305,-48.6457265,SPRF-SC,DEL01-SC,UOP01-DEL01-SC,2024
"642995,0",2024-11-19,terça-feira,21:00:00,SC,101,"139,0",BALNEARIO CAMBORIU,Demais falhas mecânicas ou elétricas,Capotamento,Com Vítimas Feridas,Plena Noite,Crescente,Garoa/Chuvisco,Dupla,Curva,Sim,2,0,1,0,1,0,1,1,-27.02982303,-48.60115006,SPRF-SC,DEL04-SC,UOP03-DEL04-SC,2024
"643023,0",2024-11-20,quarta-feira,02:30:00,SC,282,"72,0",RANCHO QUEIMADO,Velocidade Incompatível,Capotamento,Com Vítimas Feridas,Plena Noite,Decrescente,Chuva,Simples,Curva;Declive,Não,2,0,1,0,1,0,1,1,-27.683439,-49.105259,SPRF-SC,DEL01-SC,UOP03-DEL01-SC,2024
"643028,0",2024-11-20,quarta-feira,03:00:00,SC,282,"501,3",XANXERE,Ingestão de álcool pelo condutor,Saída de leito carroçável,Sem Vítimas,Plena Noite,Crescente,Céu Claro,Simples,Rotatória,Sim,1,0,0,0,1,0,0,1,-26.88220103,-52.38142848,SPRF-SC,DEL07-SC,UOP01-DEL07-SC,2024
"643057,0",2024-11-20,quarta-feira,09:00:00,SC,101,"338,0",TUBARAO,Acumulo de água sobre o pavimento,Colisão com objeto,Sem Vítimas,Pleno dia,Crescente,Chuva,Múltipla,Curva;Declive,Não,1,0,0,0,0,1,0,1,-28.485725,-49.03726,SPRF-SC,DEL02-SC,UOP01-DEL02-SC,2024
"643079,0",2024-11-20,quarta-feira,11:10:00,SC,101,"207,0",SAO JOSE,Velocidade Incompatível,Saída de leito carroçável,Com Vítimas Feridas,Pleno dia,Crescente,Chuva,Múltipla,Reta,Sim,1,0,1,0,0,0,1,1,-27.60027997,-48.62245202,SPRF-SC,DEL01-SC,UOP01-DEL01-SC,2024
"643087,0",2024-11-20,quarta-feira,10:15:00,SC,282,"374,0",JOACABA,Acumulo de água sobre o pavimento,Tombamento,Com Vítimas Feridas,Pleno dia,Decrescente,Chuva,Simples,Curva;Declive,Não,2,0,2,0,0,0,2,1,-27.15884,-51.575917,SPRF-SC,DEL07-SC,UOP05-DEL07-SC,2024
"643106,0",2024-11-20,quarta-feira,14:10:00,SC,101,"193,9",BIGUACU,Manobra de mudança de faixa,Colisão lateral mesmo sentido,Com Vítimas Feridas,Pleno dia,Crescente,Chuva,Simples,Reta,Não,4,0,3,0,1,0,3,2,-27.489574,-48.655914,SPRF-SC,DEL01-SC,UOP01-DEL01-SC,2024
"643117,0",2024-11-20,quarta-feira,13:30:00,SC,101,"138,0",BALNEARIO CAMBORIU,Acumulo de água sobre o pavimento,Saída de leito carroçável,Com Vítimas Feridas,Pleno dia,Crescente,Chuva,Dupla,Aclive;Curva,Não,1,0,1,0,0,0,1,1,-27.02397426,-48.60761649,SPRF-SC,DEL04-SC,UOP03-DEL04-SC,2024
"643181,0",2024-11-21,quinta-feira,00:30:00,SC,101,"216,1",PALHOCA,Ausência de reação do condutor,Colisão com objeto,Com Vítimas Feridas,Plena Noite,Crescente,Chuva,Dupla,Reta,Sim,2,0,2,0,0,0,2,1,-27.65981409,-48.67747798,SPRF-SC,DEL01-SC,UOP02-DEL01-SC,2024
"643200,0",2024-11-21,quinta-feira,06:00:00,SC,101,"138,0",BALNEARIO CAMBORIU,Pista Escorregadia,Saída de leito carroçável,Com Vítimas Feridas,Amanhecer,Decrescente,Chuva,Dupla,Curva,Sim,1,0,1,0,0,0,1,1,-27.02397426,-48.60761649,SPRF-SC,DEL04-SC,UOP03-DEL04-SC,2024
"643210,0",2024-11-21,quinta-feira,06:40:00,SC,101,"212,6",PALHOCA,Reação tardia ou ineficiente do condutor,Colisão traseira,Com Vítimas Feridas,Pleno dia,Decrescente,Garoa/Chuvisco,Múltipla,Reta,Sim,3,0,2,0,1,0,2,2,-27.62996929,-48.65903871,SPRF-SC,DEL01-SC,UOP02-DEL01-SC,2024
"643244,0",2024-11-21,quinta-feira,09:30:00,SC,282,"5,0",SAO JOSE,Pista Escorregadia,Tombamento,Com Vítimas Feridas,Pleno dia,Crescente,Chuva,Múltipla,Curva;Declive,Sim,1,0,1,0,0,0,1,1,-27.588425,-48.612919,SPRF-SC,DEL01-SC,UOP01-DEL01-SC,2024
"643251,0",2024-11-21,quinta-feira,10:45:00,SC,101,"189,0",BIGUACU,Acumulo de água sobre o pavimento,Colisão com objeto,Com Vítimas Feridas,Pleno dia,Crescente,Chuva,Dupla,Curva,Sim,1,0,1,0,0,0,1,1,-27.46540355,-48.6420536,SPRF-SC,DEL01-SC,UOP01-DEL01-SC,2024
"643263,0",2024-11-17,domingo,16:00:00,SC,470,"55,6",BLUMENAU,Conversão proibida,Colisão transversal,Com Vítimas Feridas,Pleno dia,Crescente,Céu Claro,Simples,Aclive;Em Obras;Reta,Sim,5,0,2,0,3,0,2,2,-26.87641809,-49.1232652,SPRF-SC,DEL04-SC,UOP01-DEL04-SC,2024
"643275,0",2024-10-26,sábado,17:45:00,SC,101,"158,0",PORTO BELO,Ausência de reação do condutor,Colisão traseira,Com Vítimas Feridas,Pleno dia,Decrescente,Céu Claro,Dupla,Reta,Sim,2,0,1,0,1,0,1,2,-27.19096301,-48.61259017,SPRF-SC,DEL04-SC,UOP03-DEL04-SC,2024
"643282,0",2024-11-21,quinta-feira,10:00:00,SC,470,"14,7",ILHOTA,Ausência de reação do condutor,Saída de leito carroçável,Com Vítimas Feridas,Pleno dia,Crescente,Chuva,Dupla,Retorno Regulamentado;Reta,Não,2,0,1,1,0,0,2,1,-26.837988,-48.775795,SPRF-SC,DEL04-SC,UOP04-DEL04-SC,2024
"643308,0",2024-11-21,quinta-feira,17:20:00,SC,101,"115,6",ITAJAI,Ausência de reação do condutor,Colisão lateral mesmo sentido,Com Vítimas Feridas,Pleno dia,Crescente,Chuva,Dupla,Reta,Não,2,0,1,0,1,0,1,2,-26.87064015,-48.72954134,SPRF-SC,DEL04-SC,UOP04-DEL04-SC,2024
"643312,0",2024-11-21,quinta-feira,17:45:00,SC,282,"5,0",FLORIANOPOLIS,Ausência de reação do condutor,Queda de ocupante de veículo,Com Vítimas Feridas,Pleno dia,Decrescente,Chuva,Dupla,Reta,Sim,2,0,2,0,0,0,2,1,-27.588425,-48.612919,SPRF-SC,DEL01-SC,UOP01-DEL01-SC,2024
"643334,0",2024-11-21,quinta-feira,19:50:00,SC,101,"190,1",BIGUACU,Reação tardia ou ineficiente do condutor,Tombamento,Com Vítimas Feridas,Plena Noite,Crescente,Garoa/Chuvisco,Dupla,Reta,Sim,2,0,0,1,1,0,1,2,-27.468056,-48.641712,SPRF-SC,DEL01-SC,UOP01-DEL01-SC,2024
"643350,0",2024-11-21,quinta-feira,21:00:00,SC,101,"138,0",BALNEARIO CAMBORIU,Demais falhas mecânicas ou elétricas,Colisão com objeto,Com Vítimas Feridas,Pleno dia,Decrescente,Chuva,Dupla,Reta,Sim,2,0,1,0,1,0,1,1,-27.02397426,-48.60761649,SPRF-SC,DEL04-SC,UOP03-DEL04-SC,2024
"643355,0",2024-11-21,quinta-feira,21:30:00,SC,282,"16,0",PALHOCA,Conversão proibida,Colisão transversal,Com Vítimas Feridas,Plena Noite,Crescente,Nublado,Simples,Reta,Não,2,0,1,0,1,0,1,2,-27.658611,-48.681847,SPRF-SC,DEL01-SC,UOP02-DEL01-SC,2024
"643370,0",2024-11-21,quinta-feira,23:10:00,SC,101,"206,0",SAO JOSE,Conversão proibida,Colisão transversal,Com Vítimas Feridas,Plena Noite,Crescente,Chuva,Dupla,Retorno Regulamentado;Interseção de Vias;Reta,Sim,4,0,1,1,2,0,2,2,-27.59357669,-48.6189115,SPRF-SC,DEL01-SC,UOP01-DEL01-SC,2024
"643388,0",2024-11-22,sexta-feira,06:06:00,SC,101,"311,9",LAGUNA,Velocidade Incompatível,Colisão com objeto,Com Vítimas Feridas,Pleno dia,Decrescente,Nublado,Simples,Interseção de Vias;Curva,Sim,1,0,1,0,0,0,1,1,-28.44129873,-48.82219076,SPRF-SC,DEL02-SC,UOP01-DEL02-SC,2024
"643402,0",2024-11-21,quinta-feira,14:30:00,SC,470,"74,4",INDAIAL,Demais falhas mecânicas ou elétricas,Incêndio,Sem Vítimas,Pleno dia,Decrescente,Garoa/Chuvisco,Simples,Reta,Não,1,0,0,0,1,0,0,1,-26.92121233,-49.28256604,SPRF-SC,DEL04-SC,UOP01-DEL04-SC,2024
"643412,0",2024-11-22,sexta-feira,08:10:00,SC,101,"204,9",SAO JOSE,Velocidade Incompatível,Colisão com objeto,Com Vítimas Feridas,Pleno dia,Crescente,Chuva,Múltipla,Reta,Não,1,0,0,1,0,0,1,1,-27.58313237,-48.61532885,SPRF-SC,DEL01-SC,UOP01-DEL01-SC,2024
"643415,0",2024-11-22,sexta-feira,07:20:00,SC,282,"21,0",PALHOCA,Chuva,Queda de ocupante de veículo,Com Vítimas Feridas,Pleno dia,Crescente,Chuva,Simples,Reta,Não,1,0,1,0,0,0,1,1,-27.68907,-48.717541,SPRF-SC,DEL01-SC,UOP02-DEL01-SC,2024
"643416,0",2024-11-22,sexta-feira,08:10:00,SC,101,"191,0",BIGUACU,Velocidade Incompatível,Colisão com objeto,Sem Vítimas,Pleno dia,Decrescente,Chuva,Dupla,Curva,Sim,1,0,0,0,1,0,0,1,-27.47730273,-48.64127329,SPRF-SC,DEL01-SC,UOP01-DEL01-SC,2024
"643419,0",2024-11-22,sexta-feira,08:20:00,SC,101,"233,7",PALHOCA,Ausência de reação do condutor,Colisão com objeto,Com Vítimas Feridas,Pleno dia,Crescente,Chuva,Dupla,Curva,Não,2,0,1,0,1,0,1,2,-27.80376397,-48.63826211,SPRF-SC,DEL01-SC,UOP02-DEL01-SC,2024
"643424,0",2024-11-22,sexta-feira,07:55:00,SC,470,"120,0",IBIRAMA,Chuva,Capotamento,Com Vítimas Feridas,Pleno dia,Decrescente,Chuva,Simples,Declive,Não,1,0,1,0,0,0,1,1,-27.089924,-49.520416,SPRF-SC,DEL04-SC,UOP02-DEL04-SC,2024
"643429,0",2024-11-22,sexta-feira,07:30:00,SC,282,"1,1",FLORIANOPOLIS,Reação tardia ou ineficiente do condutor,Tombamento,Com Vítimas Feridas,Pleno dia,Decrescente,Chuva,Múltipla,Curva;Declive,Sim,1,0,1,0,0,0,1,1,-27.602955,-48.580509,SPRF-SC,DEL01-SC,UOP01-DEL01-SC,2024
"643462,0",2024-11-03,domingo,21:45:00,SC,101,"334,0",TUBARAO,Reação tardia ou ineficiente do condutor,Colisão lateral mesmo sentido,Com Vítimas Feridas,Plena Noite,Crescente,Garoa/Chuvisco,Múltipla,Interseção de Vias;Reta,Sim,2,0,0,1,1,0,1,2,-28.47260912,-49.0237534,SPRF-SC,DEL02-SC,UOP01-DEL02-SC,2024
"643470,0",2024-11-22,sexta-feira,12:50:00,SC,470,"147,2",AGRONOMICA,Chuva,Colisão traseira,Sem Vítimas,Pleno dia,Crescente,Garoa/Chuvisco,Simples,Reta;Ponte,Sim,4,0,0,0,4,0,0,4,-27.243439,-49.690025,SPRF-SC,DEL04-SC,UOP02-DEL04-SC,2024
"643475,0",2024-11-22,sexta-feira,12:00:00,SC,101,"390,3",CRICIUMA,Acumulo de areia ou detritos sobre o pavimento,Tombamento,Com Vítimas Feridas,Pleno dia,Crescente,Chuva,Múltipla,Curva,Sim,1,0,1,0,0,0,1,1,-28.80638797,-49.37459707,SPRF-SC,DEL02-SC,UOP02-DEL02-SC,2024
"643477,0",2024-11-22,sexta-feira,12:20:00,SC,101,"388,0",CRICIUMA,Chuva,Colisão com objeto,Sem Vítimas,Pleno dia,Crescente,Chuva,Múltipla,Reta,Não,1,0,0,0,0,1,0,1,-28.78529329,-49.33739925,SPRF-SC,DEL02-SC,UOP02-DEL02-SC,2024
"643489,0",2024-11-22,sexta-feira,12:40:00,SC,470,"171,0",POUSO REDONDO,Desrespeitar a preferência no cruzamento,Colisão transversal,Com Vítimas Feridas,Pleno dia,Decrescente,Garoa/Chuvisco,Simples,Reta;Declive,Não,2,0,1,0,1,0,1,2,-27.260828,-49.900455,SPRF-SC,DEL04-SC,UOP02-DEL04-SC,2024
"643496,0",2024-11-22,sexta-feira,14:00:00,SC,101,"189,0",BIGUACU,Chuva,Capotamento,Com Vítimas Feridas,Pleno dia,Crescente,Chuva,Dupla,Curva,Sim,1,0,1,0,0,0,1,1,-27.459393,-48.638914,SPRF-SC,DEL01-SC,UOP01-DEL01-SC,2024
"643500,0",2024-11-22,sexta-feira,14:05:00,SC,101,"59,0",ARAQUARI,Reação tardia ou ineficiente do condutor,Capotamento,Com Vítimas Feridas,Pleno dia,Crescente,Chuva,Dupla,Curva,Não,2,0,1,0,1,0,1,1,-26.4483855,-48.78978968,SPRF-SC,DEL03-SC,UOP02-DEL03-SC,2024
"643512,0",2024-11-22,sexta-feira,14:30:00,SC,101,"59,0",ARAQUARI,Ausência de reação do condutor,Saída de leito carroçável,Com Vítimas Feridas,Pleno dia,Decrescente,Garoa/Chuvisco,Múltipla,Reta,Não,1,0,1,0,0,0,1,1,-26.44651734,-48.79426826,SPRF-SC,DEL03-SC,UOP02-DEL03-SC,2024
"643562,0",2024-11-22,sexta-feira,20:15:00,SC,280,"55,8",GUARAMIRIM,Desrespeitar a preferência no cruzamento,Colisão transversal,Com Vítimas Feridas,Plena Noite,Crescente,Garoa/Chuvisco,Dupla,Interseção de Vias;Rotatória;Viaduto;Em Obras,Sim,2,0,0,1,1,0,1,2,-26.479145,-49.000796,SPRF-SC,DEL03-SC,UOP03-DEL03-SC,2024
"643588,0",2024-11-22,sexta-feira,21:00:00,SC,101,"368,0",ICARA,Ausência de reação do condutor,Tombamento,Com Vítimas Feridas,Plena Noite,Crescente,Garoa/Chuvisco,Simples,Declive,Sim,1,0,1,0,0,0,1,1,-28.69781552,-49.18694973,SPRF-SC,DEL02-SC,UOP01-DEL02-SC,2024
"643602,0",2024-11-22,sexta-feira,22:30:00,SC,470,"35,1",GASPAR,Chuva,Tombamento,Com Vítimas Feridas,Plena Noite,Decrescente,Chuva,Simples,Em Obras;Curva;Desvio Temporário,Não,1,0,1,0,0,0,1,1,-26.91350795,-48.9616549,SPRF-SC,DEL04-SC,UOP01-DEL04-SC,2024
"643603,0",2024-11-22,sexta-feira,17:30:00,SC,101,"417,0",ARARANGUA,Ingestão de álcool pelo condutor,Colisão lateral mesmo sentido,Com Vítimas Feridas,Pleno dia,Crescente,Nublado,Dupla,Reta,Não,3,0,1,1,1,0,2,2,-28.98141437,-49.53872681,SPRF-SC,DEL02-SC,UOP02-DEL02-SC,2024
"643608,0",2024-11-22,sexta-feira,22:30:00,SC,101,"277,0",IMBITUBA,Transitar na contramão,Colisão frontal,Com Vítimas Feridas,Plena Noite,Decrescente,Garoa/Chuvisco,Múltipla,Interseção de Vias,Sim,2,0,1,0,1,0,1,2,-28.15478103,-48.69265474,SPRF-SC,DEL02-SC,UOP03-DEL02-SC,2024
"643619,0",2024-11-22,sexta-feira,23:37:00,SC,470,"59,3",BLUMENAU,Ingestão de álcool pelo condutor,Colisão frontal,Com Vítimas Feridas,Plena Noite,Decrescente,Garoa/Chuvisco,Simples,Reta,Sim,3,0,0,1,2,0,1,2,-26.88222017,-49.15872216,SPRF-SC,DEL04-SC,UOP01-DEL04-SC,2024
"643625,0",2024-11-23,sábado,01:45:00,SC,101,"102,0",BALNEARIO PICARRAS,Reação tardia ou ineficiente do condutor,Colisão com objeto,Com Vítimas Feridas,Plena Noite,Decrescente,Chuva,Dupla,Reta,Não,1,0,1,0,0,0,1,1,-26.77383249,-48.68581653,SPRF-SC,DEL03-SC,UOP02-DEL03-SC,2024
"643628,0",2024-11-23,sábado,01:55:00,SC,116,"209,0",PONTE ALTA,Reação tardia ou ineficiente do condutor,Saída de leito carroçável,Sem Vítimas,Plena Noite,Decrescente,Chuva,Simples,Reta,Não,1,0,0,0,1,0,0,1,-27.49607258,-50.37005465,SPRF-SC,DEL05-SC,UOP03-DEL05-SC,2024
"643631,0",2024-11-23,sábado,03:40:00,SC,101,"112,0",ITAJAI,Pista Escorregadia,Saída de leito carroçável,Com Vítimas Feridas,Plena Noite,Decrescente,Garoa/Chuvisco,Dupla,Reta,Sim,1,0,1,0,0,0,1,1,-26.84589005,-48.72131295,SPRF-SC,DEL04-SC,UOP04-DEL04-SC,2024
"643666,0",2024-11-23,sábado,09:00:00,SC,101,"201,6",SAO JOSE,Acessar a via sem observar a presença dos outros veículos,Colisão lateral mesmo sentido,Com Vítimas Feridas,Pleno dia,Crescente,Chuva,Dupla,Reta,Sim,2,0,1,0,1,0,1,2,-27.54836599,-48.61977975,SPRF-SC,DEL01-SC,UOP01-DEL01-SC,2024
"643675,0",2024-11-03,domingo,07:00:00,SC,282,"2,9",FLORIANOPOLIS,Reação tardia ou ineficiente do condutor,Saída de leito carroçável,Com Vítimas Feridas,Amanhecer,Crescente,Garoa/Chuvisco,Múltipla,Declive,Sim,1,0,1,0,0,0,1,1,-27.603289,-48.590416,SPRF-SC,DEL01-SC,UOP01-DEL01-SC,2024
"643685,0",2024-11-23,sábado,10:00:00,SC,280,"129,0",RIO NEGRINHO,Conversão proibida,Colisão lateral mesmo sentido,Com Vítimas Feridas,Pleno dia,Crescente,Céu Claro,Simples,Interseção de Vias,Sim,2,0,1,0,1,0,1,2,-26.24586437,-49.52284615,SPRF-SC,DEL06-SC,UOP03-DEL06-SC,2024
"643687,0",2024-11-23,sábado,10:50:00,SC,101,"124,0",ITAJAI,Reação tardia ou ineficiente do condutor,Capotamento,Com Vítimas Feridas,Pleno dia,Crescente,Garoa/Chuvisco,Múltipla,Reta,Sim,2,0,1,0,1,0,1,2,-26.94335064,-48.69198648,SPRF-SC,DEL04-SC,UOP04-DEL04-SC,2024
"643692,0",2024-11-23,sábado,11:30:00,SC,101,"205,1",SAO JOSE,Ausência de reação do condutor,Tombamento,Com Vítimas Feridas,Pleno dia,Crescente,Garoa/Chuvisco,Dupla,Curva;Declive,Sim,1,0,1,0,0,0,1,1,-27.58313237,-48.61532885,SPRF-SC,DEL01-SC,UOP01-DEL01-SC,2024
"643725,0",2024-11-23,sábado,14:05:00,SC,470,"138,0",RIO DO SUL,Pedestre - Ingestão de álcool/ substâncias psicoativas,Atropelamento de Pedestre,Com Vítimas Feridas,Pleno dia,Decrescente,Céu Claro,Simples,Curva,Não,2,0,0,1,1,0,1,2,-27.207214,-49.648476,SPRF-SC,DEL04-SC,UOP02-DEL04-SC,2024
"643729,0",2024-11-23,sábado,09:00:00,SC,282,"168,2",BOCAINA DO SUL,Ultrapassagem Indevida,Saída de leito carroçável,Com Vítimas Feridas,Pleno dia,Crescente,Nublado,Simples,Aclive;Curva,Não,1,0,1,0,0,0,1,1,-27.743206,-49.824162,SPRF-SC,DEL05-SC,UOP01-DEL05-SC,2024
"643743,0",2024-11-23,sábado,16:00:00,SC,101,"233,5",PALHOCA,Avarias e/ou desgaste excessivo no pneu,Tombamento,Com Vítimas Feridas,Pleno dia,Crescente,Chuva,Dupla,Reta,Não,1,0,1,0,0,0,1,1,-27.80376397,-48.63826211,SPRF-SC,DEL01-SC,UOP02-DEL01-SC,2024
"643761,0",2024-11-23,sábado,16:30:00,SC,101,"90,8",BARRA VELHA,Reação tardia ou ineficiente do condutor,Tombamento,Com Vítimas Feridas,Pleno dia,Crescente,Chuva,Dupla,Reta,Sim,1,0,1,0,0,0,1,1,-26.66148503,-48.68866176,SPRF-SC,DEL03-SC,UOP02-DEL03-SC,2024
"643772,0",2024-11-23,sábado,18:00:00,SC,101,"200,9",SAO JOSE,Reação tardia ou ineficiente do condutor,Saída de leito carroçável,Com Vítimas Feridas,Anoitecer,Crescente,Chuva,Múltipla,Reta,Não,4,0,1,0,3,0,1,1,-27.54018513,-48.62287714,SPRF-SC,DEL01-SC,UOP01-DEL01-SC,2024
"643807,0",2024-11-23,sábado,19:30:00,SC,470,"124,0",IBIRAMA,Ingestão de álcool pelo condutor,Colisão frontal,Com Vítimas Feridas,Plena Noite,Decrescente,Garoa/Chuvisco,Simples,Reta,Não,2,0,1,1,0,0,2,2,-27.113192,-49.529163,SPRF-SC,DEL04-SC,UOP02-DEL04-SC,2024
"643813,0",2024-11-23,sábado,21:15:00,SC,101,"333,9",TUBARAO,Ingestão de álcool pelo condutor,Colisão transversal,Sem Vítimas,Plena Noite,Decrescente,Céu Claro,Simples,Reta,Sim,5,0,0,0,5,0,0,2,-28.46730446,-49.00604302,SPRF-SC,DEL02-SC,UOP01-DEL02-SC,2024
"643833,0",2024-11-23,sábado,19:20:00,SC,158,"134,2",PALMITOS,Ingestão de álcool pelo condutor,Colisão transversal,Com Vítimas Feridas,Plena Noite,Decrescente,Céu Claro,Simples,Interseção de Vias,Não,4,0,2,0,2,0,2,2,-27.07028481,-53.23013306,SPRF-SC,DEL07-SC,UOP02-DEL07-SC,2024
"643841,0",2024-11-23,sábado,19:07:00,SC,282,"563,0",NOVA ERECHIM,Ausência de reação do condutor,Saída de leito carroçável,Com Vítimas Feridas,Plena Noite,Crescente,Nublado,Simples,Reta,Não,1,0,1,0,0,0,1,1,-26.902191,-52.868835,SPRF-SC,DEL07-SC,UOP02-DEL07-SC,2024
"643847,0",2024-11-23,sábado,22:55:00,SC,101,"206,0",SAO JOSE,Reação tardia ou ineficiente do condutor,Colisão com objeto,Sem Vítimas,Plena Noite,Crescente,Nublado,Múltipla,Reta,Sim,1,0,0,0,0,1,0,1,-27.59193546,-48.61824557,SPRF-SC,DEL01-SC,UOP01-DEL01-SC,2024
"643848,0",2024-11-23,sábado,20:00:00,SC,280,"96,3",CORUPA,Transitar na contramão,Colisão frontal,Com Vítimas Feridas,Plena Noite,Decrescente,Céu Claro,Simples,Curva,Não,2,0,0,1,1,0,1,2,-26.37833107,-49.31732124,SPRF-SC,DEL06-SC,UOP03-DEL06-SC,2024
"643851,0",2024-11-23,sábado,23:30:00,SC,101,"133,0",BALNEARIO CAMBORIU,Condutor desrespeitou a iluminação vermelha do semáforo,Colisão transversal,Com Vítimas Feridas,Plena Noite,Crescente,Garoa/Chuvisco,Múltipla,Interseção de Vias,Sim,2,0,1,0,1,0,1,2,-26.99936,-48.64609,SPRF-SC,DEL04-SC,UOP03-DEL04-SC,2024
"643870,0",2024-11-24,domingo,00:50:00,SC,280,"275,0",IRINEOPOLIS,Reação tardia ou ineficiente do condutor,Saída de leito carroçável,Com Vítimas Feridas,Plena Noite,Crescente,Nublado,Simples,Reta,Não,1,0,1,0,0,0,1,1,-26.28674797,-50.78186002,SPRF-SC,DEL06-SC,UOP04-DEL06-SC,2024
"643885,0",2024-11-24,domingo,04:20:00,SC,101,"100,0",BALNEARIO PICARRAS,Reação tardia ou ineficiente do condutor,Colisão com objeto,Com Vítimas Feridas,Amanhecer,Decrescente,Céu Claro,Dupla,Reta,Não,2,0,1,0,1,0,1,1,-26.75482787,-48.68993675,SPRF-SC,DEL03-SC,UOP02-DEL03-SC,2024
"643887,0",2024-11-24,domingo,04:00:00,SC,282,"87,3",ALFREDO WAGNER,Condutor Dormindo,Saída de leito carroçável,Com Vítimas Feridas,Plena Noite,Decrescente,Chuva,Simples,Aclive;Curva,Não,1,0,1,0,0,0,1,1,-27.664766,-49.20578,SPRF-SC,DEL01-SC,UOP03-DEL01-SC,2024
"643895,0",2024-11-24,domingo,04:50:00,SC,470,"5,0",NAVEGANTES,Ingestão de álcool pelo condutor,Saída de leito carroçável,Com Vítimas Feridas,Plena Noite,Decrescente,Nublado,Dupla,Reta;Em Obras,Sim,2,0,1,1,0,0,2,1,-26.855688,-48.700333,SPRF-SC,DEL04-SC,UOP04-DEL04-SC,2024
"643896,0",2024-11-24,domingo,06:50:00,SC,101,"138,0",BALNEARIO CAMBORIU,Reação tardia ou ineficiente do condutor,Colisão com objeto,Com Vítimas Feridas,Pleno dia,Decrescente,Céu Claro,Dupla,Curva,Sim,1,0,1,0,0,0,1,1,-27.02397426,-48.60761649,SPRF-SC,DEL04-SC,UOP03-DEL04-SC,2024
"643898,0",2024-11-24,domingo,00:50:00,SC,282,"216,5",LAGES,Reação tardia ou ineficiente do condutor,Colisão com objeto,Com Vítimas Feridas,Plena Noite,Crescente,Garoa/Chuvisco,Simples,Aclive;Reta,Sim,1,0,1,0,0,0,1,1,-27.79767594,-50.29396176,SPRF-SC,DEL05-SC,UOP01-DEL05-SC,2024
"643899,0",2024-11-24,domingo,00:30:00,SC,470,"69,0",INDAIAL,Ausência de reação do condutor,Tombamento,Sem Vítimas,Plena Noite,Crescente,Céu Claro,Dupla,Reta,Não,1,0,0,0,0,1,0,1,-26.883745,-49.246704,SPRF-SC,DEL04-SC,UOP01-DEL04-SC,2024
"643907,0",2024-11-24,domingo,07:45:00,SC,101,"189,0",BIGUACU,Acumulo de óleo sobre o pavimento,Colisão com objeto,Com Vítimas Feridas,Pleno dia,Crescente,Céu Claro,Dupla,Curva,Não,2,0,2,0,0,0,2,1,-27.459393,-48.638914,SPRF-SC,DEL01-SC,UOP01-DEL01-SC,2024
"643919,0",2024-11-24,domingo,08:35:00,SC,101,"189,0",BIGUACU,Pista Escorregadia,Colisão traseira,Sem Vítimas,Pleno dia,Crescente,Garoa/Chuvisco,Dupla,Curva,Não,3,0,0,0,3,0,0,2,-27.459393,-48.638914,SPRF-SC,DEL01-SC,UOP01-DEL01-SC,2024
"643922,0",2024-11-24,domingo,08:10:00,SC,101,"254,0",PAULO LOPES,Ausência de reação do condutor,Tombamento,Com Vítimas Feridas,Pleno dia,Crescente,Céu Claro,Múltipla,Reta,Não,2,0,1,0,0,1,1,2,-27.97368802,-48.67940247,SPRF-SC,DEL02-SC,UOP03-DEL02-SC,2024
"643926,0",2024-11-24,domingo,09:10:00,SC,101,"294,5",IMBITUBA,Animais na Pista,Tombamento,Com Vítimas Feridas,Pleno dia,Crescente,Céu Claro,Simples,Reta,Não,1,0,0,1,0,0,1,1,-28.29286525,-48.71134043,SPRF-SC,DEL02-SC,UOP03-DEL02-SC,2024