id,data_inversa,dia_semana,horario,uf,br,km,municipio,causa_acidente,tipo_acidente,classificacao_acidente,fase_dia,sentido_via,condicao_metereologica,tipo_pista,tracado_via,uso_solo,pessoas,mortos,feridos_leves,feridos_graves,ilesos,ignorados,feridos,veiculos,latitude,longitude,regional,delegacia,uop,ano_arquivo
"644914,0",2024-11-12,terça-feira,18:39:00,SC,101,"339,2",TUBARAO,Desrespeitar a preferência no cruzamento,Colisão traseira,Com Vítimas Feridas,Anoitecer,Decrescente,Céu Claro,Múltipla,Reta,Não,3,0,2,0,1,0,2,2,-28.50735329,-49.05007124,SPRF-SC,DEL02-SC,UOP01-DEL02-SC,2024
"644916,0",2024-11-29,sexta-feira,00:52:00,SC,101,"276,9",IMBITUBA,Ausência de reação do condutor,Colisão com objeto,Com Vítimas Fatais,Plena Noite,Crescente,Nublado,Dupla,Reta,Não,4,1,0,1,2,0,1,2,-28.16648609,-48.69407069,SPRF-SC,DEL02-SC,UOP03-DEL02-SC,2024
"644934,0",2024-11-29,sexta-feira,07:15:00,SC,101,"136,0",BALNEARIO CAMBORIU,Avarias e/ou desgaste excessivo no pneu,Tombamento,Com Vítimas Feridas,Pleno dia,Crescente,Céu Claro,Múltipla,Reta,Não,2,0,1,0,1,0,1,1,-27.008113,-48.617245,SPRF-SC,DEL04-SC,UOP03-DEL04-SC,2024
"644946,0",2024-11-29,sexta-feira,07:40:00,SC,470,"66,0",INDAIAL,Acessar a via sem observar a presença dos outros veículos,Colisão transversal,Com Vítimas Feridas,Pleno dia,Decrescente,Nublado,Múltipla,Reta;Interseção de Vias,Sim,3,0,1,0,2,0,1,3,-26.87034101,-49.22318637,SPRF-SC,DEL04-SC,UOP01-DEL04-SC,2024
"644962,0",2024-11-29,sexta-feira,08:35:00,SC,470,"10,4",NAVEGANTES,Velocidade Incompatível,Colisão com objeto,Com Vítimas Feridas,Pleno dia,Crescente,Nublado,Dupla,Reta,Não,1,0,0,1,0,0,1,1,-26.833693,-48.73724,SPRF-SC,DEL04-SC,UOP04-DEL04-SC,2024
"644990,0",2024-11-09,sábado,07:39:00,SC,280,"31,0",ARAQUARI,Acessar a via sem observar a presença dos outros veículos,Colisão transversal,Com Vítimas Feridas,Pleno dia,Decrescente,Nublado,Simples,Interseção de Vias;Rotatória,Sim,2,0,1,0,1,0,1,2,-26.41649938,-48.77181215,SPRF-SC,DEL03-SC,UOP03-DEL03-SC,2024
"645000,0",2024-11-29,sexta-feira,14:00:00,SC,280,"57,5",GUARAMIRIM,Acesso irregular,Colisão traseira,Com Vítimas Feridas,Pleno dia,Crescente,Céu Claro,Simples,Reta,Não,2,0,1,0,1,0,1,2,-26.47811421,-49.01259213,SPRF-SC,DEL03-SC,UOP03-DEL03-SC,2024
"645005,0",2024-11-29,sexta-feira,15:05:00,SC,101,"209,8",SAO JOSE,Desrespeitar a preferência no cruzamento,Colisão transversal,Com Vítimas Feridas,Pleno dia,Decrescente,Nublado,Múltipla,Interseção de Vias;Viaduto,Sim,2,0,1,0,1,0,1,2,-27.61000542,-48.63895057,SPRF-SC,DEL01-SC,UOP01-DEL01-SC,2024
"645009,0",2024-11-29,sexta-feira,14:15:00,SC,470,"108,5",APIUNA,Acessar a via sem observar a presença dos outros veículos,Colisão lateral mesmo sentido,Com Vítimas Feridas,Pleno dia,Decrescente,Sol,Simples,Curva,Não,2,0,1,0,0,1,1,2,-27.080708,-49.440491,SPRF-SC,DEL04-SC,UOP02-DEL04-SC,2024
"645021,0",2024-11-29,sexta-feira,16:15:00,SC,280,"125,6",RIO NEGRINHO,Reação tardia ou ineficiente do condutor,Colisão traseira,Sem Vítimas,Pleno dia,Crescente,Chuva,Simples,Aclive;Reta,Sim,2,0,0,0,2,0,0,2,-26.23763684,-49.48434497,SPRF-SC,DEL06-SC,UOP03-DEL06-SC,2024
"645027,0",2024-11-29,sexta-feira,13:00:00,SC,101,"213,0",PALHOCA,Reação tardia ou ineficiente do condutor,Colisão traseira,Com Vítimas Feridas,Pleno dia,Crescente,Céu Claro,Múltipla,Reta,Sim,1,0,1,0,0,0,1,1,-27.63697369,-48.66514142,SPRF-SC,DEL01-SC,UOP02-DEL01-SC,2024
"645032,0",2024-10-31,quinta-feira,12:10:00,SC,470,"55,7",BLUMENAU,Acessar a via sem observar a presença dos outros veículos,Atropelamento de Pedestre,Com Vítimas Feridas,Pleno dia,Decrescente,Céu Claro,Simples,Reta,Sim,3,0,3,0,0,0,3,2,-26.875601,-49.117992,SPRF-SC,DEL04-SC,UOP01-DEL04-SC,2024
"645034,0",2024-11-29,sexta-feira,15:00:00,SC,101,"95,0",BARRA VELHA,Desrespeitar a preferência no cruzamento,Colisão transversal,Com Vítimas Feridas,Pleno dia,Decrescente,Céu Claro,Dupla,Túnel;Interseção de Vias,Sim,2,0,1,0,1,0,1,2,-26.70876413,-48.70221065,SPRF-SC,DEL03-SC,UOP02-DEL03-SC,2024
"645038,0",2024-11-29,sexta-feira,15:00:00,SC,101,"276,0",IMBITUBA,Ausência de reação do condutor,Colisão lateral mesmo sentido,Com Vítimas Feridas,Pleno dia,Crescente,Nublado,Simples,Retorno Regulamentado;Reta,Sim,2,0,0,1,1,0,1,2,-28.14644701,-48.69204746,SPRF-SC,DEL02-SC,UOP03-DEL02-SC,2024
"645046,0",2024-11-29,sexta-feira,17:00:00,SC,101,"421,0",ARARANGUA,Desrespeitar a preferência no cruzamento,Colisão frontal,Com Vítimas Feridas,Pleno dia,Decrescente,Nublado,Múltipla,Reta,Sim,2,0,1,0,1,0,1,2,-29.00483753,-49.56292033,SPRF-SC,DEL02-SC,UOP02-DEL02-SC,2024
"645066,0",2024-11-29,sexta-feira,17:40:00,SC,101,"113,0",ITAJAI,Manobra de mudança de faixa,Colisão lateral mesmo sentido,Com Vítimas Feridas,Anoitecer,Decrescente,Nublado,Dupla,Reta,Não,2,0,0,1,1,0,1,2,-26.85311393,-48.72689927,SPRF-SC,DEL04-SC,UOP04-DEL04-SC,2024
"645079,0",2024-11-29,sexta-feira,18:15:00,SC,470,"139,0",RIO DO SUL,Ausência de reação do condutor,Colisão traseira,Com Vítimas Feridas,Pleno dia,Crescente,Céu Claro,Simples,Reta;Declive,Sim,3,0,1,1,1,0,2,2,-27.217564,-49.65461,SPRF-SC,DEL04-SC,UOP02-DEL04-SC,2024
"645093,0",2024-11-29,sexta-feira,19:30:00,SC,101,"137,0",BALNEARIO CAMBORIU,Acessar a via sem observar a presença dos outros veículos,Colisão transversal,Com Vítimas Feridas,Plena Noite,Crescente,Garoa/Chuvisco,Simples,Interseção de Vias,Sim,3,0,0,1,2,0,1,2,-27.0157238,-48.61192763,SPRF-SC,DEL04-SC,UOP03-DEL04-SC,2024
"645108,0",2024-11-29,sexta-feira,22:50:00,SC,470,"1,0",NAVEGANTES,Ausência de reação do condutor,Colisão traseira,Com Vítimas Feridas,Plena Noite,Decrescente,Nublado,Dupla,Reta,Não,2,0,0,1,1,0,1,2,-26.875383,-48.668285,SPRF-SC,DEL04-SC,UOP04-DEL04-SC,2024
"645131,0",2024-11-30,sábado,01:30:00,SC,101,"140,8",BALNEARIO CAMBORIU,Acumulo de óleo sobre o pavimento,Tombamento,Com Vítimas Feridas,Plena Noite,Decrescente,Nublado,Dupla,Reta,Sim,1,0,1,0,0,0,1,1,-27.03881189,-48.60025148,SPRF-SC,DEL04-SC,UOP03-DEL04-SC,2024
"645133,0",2024-11-30,sábado,02:25:00,SC,470,"57,2",BLUMENAU,Ingestão de álcool pelo condutor,Colisão lateral sentido oposto,Sem Vítimas,Plena Noite,Crescente,Nublado,Simples,Em Obras;Desvio Temporário,Sim,4,0,0,0,4,0,0,4,-26.880428,-49.136532,SPRF-SC,DEL04-SC,UOP01-DEL04-SC,2024
"645140,0",2024-11-30,sábado,03:00:00,SC,470,"35,0",GASPAR,Ingestão de álcool pelo condutor,Saída de leito carroçável,Com Vítimas Feridas,Plena Noite,Crescente,Céu Claro,Múltipla,Aclive;Viaduto;Em Obras,Não,1,0,1,0,0,0,1,1,-26.91226815,-48.95545363,SPRF-SC,DEL04-SC,UOP01-DEL04-SC,2024
"645158,0",2024-11-30,sábado,06:00:00,SC,280,"185,0",MAFRA,Velocidade Incompatível,Colisão com objeto,Sem Vítimas,Pleno dia,Decrescente,Nublado,Simples,Reta;Ponte,Não,1,0,0,0,0,1,0,1,-26.17275127,-49.93582103,SPRF-SC,DEL06-SC,UOP01-DEL06-SC,2024
"645162,0",2024-11-30,sábado,08:00:00,SC,282,"15,7",PALHOCA,Acesso irregular,Colisão transversal,Com Vítimas Feridas,Pleno dia,Crescente,Nublado,Simples,Reta,Não,2,0,0,1,1,0,1,2,-27.658611,-48.681847,SPRF-SC,DEL01-SC,UOP02-DEL01-SC,2024
"645164,0",2024-11-30,sábado,08:20:00,SC,470,"82,1",RODEIO,Reação tardia ou ineficiente do condutor,Colisão com objeto,Com Vítimas Feridas,Pleno dia,Crescente,Céu Claro,Simples,Ponte,Não,1,0,0,1,0,0,1,1,-26.94815967,-49.31876295,SPRF-SC,DEL04-SC,UOP01-DEL04-SC,2024
"645169,0",2024-11-30,sábado,09:15:00,SC,101,"207,0",SAO JOSE,Condutor deixou de manter distância do veículo da frente,Colisão traseira,Com Vítimas Feridas,Pleno dia,Decrescente,Nublado,Dupla,Aclive;Reta,Sim,3,0,2,0,1,0,2,2,-27.60001226,-48.6226467,SPRF-SC,DEL01-SC,UOP01-DEL01-SC,2024
"645187,0",2024-11-30,sábado,09:35:00,SC,282,"19,3",PALHOCA,Trafegar com motocicleta (ou similar) entre as faixas,Colisão lateral mesmo sentido,Com Vítimas Feridas,Pleno dia,Crescente,Céu Claro,Simples,Reta,Não,2,0,1,0,1,0,1,2,-27.678635,-48.70192,SPRF-SC,DEL01-SC,UOP02-DEL01-SC,2024
"645197,0",2024-11-30,sábado,11:10:00,SC,101,"206,3",SAO JOSE,Reação tardia ou ineficiente do condutor,Atropelamento de Pedestre,Com Vítimas Feridas,Pleno dia,Decrescente,Nublado,Múltipla,Reta,Sim,2,0,1,0,1,0,1,2,-27.59193546,-48.61824557,SPRF-SC,DEL01-SC,UOP01-DEL01-SC,2024
"645244,0",2024-11-30,sábado,17:00:00,SC,470,"142,3",RIO DO SUL,Ultrapassagem Indevida,Colisão frontal,Com Vítimas Feridas,Pleno dia,Crescente,Céu Claro,Simples,Reta,Não,5,0,3,0,1,1,3,2,-27.229801,-49.6693,SPRF-SC,DEL04-SC,UOP02-DEL04-SC,2024
"645250,0",2024-11-30,sábado,17:15:00,SC,282,"5,5",SAO JOSE,Ausência de reação do condutor,Queda de ocupante de veículo,Com Vítimas Feridas,Pleno dia,Decrescente,Nublado,Dupla,Curva,Sim,1,0,0,1,0,0,1,1,-27.588425,-48.612919,SPRF-SC,DEL01-SC,UOP01-DEL01-SC,2024
"645258,0",2024-11-30,sábado,17:45:00,SC,280,"48,1",GUARAMIRIM,Acessar a via sem observar a presença dos outros veículos,Colisão traseira,Com Vítimas Feridas,Anoitecer,Crescente,Nublado,Dupla,Viaduto;Declive;Reta;Em Obras,Não,2,0,1,1,0,0,2,2,-26.455361,-48.928873,SPRF-SC,DEL03-SC,UOP03-DEL03-SC,2024
"645263,0",2024-11-30,sábado,18:00:00,SC,101,"442,2",SANTA ROSA DO SUL,Reação tardia ou ineficiente do condutor,Saída de leito carroçável,Com Vítimas Feridas,Pleno dia,Crescente,Nublado,Múltipla,Reta,Sim,1,0,1,0,0,0,1,1,-29.13105275,-49.69211698,SPRF-SC,DEL02-SC,UOP02-DEL02-SC,2024
"645297,0",2024-11-30,sábado,20:00:00,SC,282,"502,6",XANXERE,Pedestre andava na pista,Atropelamento de Pedestre,Com Vítimas Feridas,Plena Noite,Crescente,Céu Claro,Dupla,Retorno Regulamentado;Declive,Sim,2,0,0,1,1,0,1,2,-26.884584,-52.390911,SPRF-SC,DEL07-SC,UOP01-DEL07-SC,2024
"645300,0",2024-11-30,sábado,21:15:00,SC,101,"181,0",GOVERNADOR CELSO RAMOS,Reação tardia ou ineficiente do condutor,Colisão traseira,Com Vítimas Feridas,Plena Noite,Decrescente,Céu Claro,Múltipla,Reta,Sim,10,0,2,0,8,0,2,8,-27.38958699,-48.63197593,SPRF-SC,DEL01-SC,UOP01-DEL01-SC,2024
"645303,0",2024-11-30,sábado,18:30:00,SC,101,"381,7",ICARA,Demais falhas mecânicas ou elétricas,Tombamento,Com Vítimas Feridas,Anoitecer,Decrescente,Nublado,Dupla,Reta,Não,2,0,2,0,0,0,2,1,-28.75478409,-49.27732095,SPRF-SC,DEL02-SC,UOP02-DEL02-SC,2024
"645330,0",2024-11-30,sábado,23:05:00,SC,101,"143,3",ITAPEMA,Manobra de mudança de faixa,Colisão traseira,Com Vítimas Fatais,Plena Noite,Decrescente,Céu Claro,Múltipla,Desvio Temporário;Em Obras;Reta,Sim,4,1,0,0,3,0,0,2,-27.056089,-48.599449,SPRF-SC,DEL04-SC,UOP03-DEL04-SC,2024
"645338,0",2024-12-01,domingo,00:01:00,SC,101,"363,0",SANGAO,Demais falhas mecânicas ou elétricas,Incêndio,Sem Vítimas,Plena Noite,Decrescente,Céu Claro,Dupla,Reta,Não,1,0,0,0,1,0,0,1,-28.67634681,-49.12963202,SPRF-SC,DEL02-SC,UOP01-DEL02-SC,2024
"645355,0",2024-12-01,domingo,00:55:00,SC,282,"504,0",XANXERE,Reação tardia ou ineficiente do condutor,Colisão traseira,Com Vítimas Fatais,Plena Noite,Crescente,Céu Claro,Dupla,Reta;Aclive,Sim,4,1,0,0,0,3,0,3,-26.88303357,-52.40639448,SPRF-SC,DEL07-SC,UOP01-DEL07-SC,2024
"645377,0",2024-12-01,domingo,06:00:00,SC,101,"78,9",BARRA VELHA,Ingestão de álcool pelo condutor,Saída de leito carroçável,Sem Vítimas,Plena Noite,Decrescente,Garoa/Chuvisco,Múltipla,Reta,Não,1,0,0,0,1,0,0,1,-26.57672096,-48.72270551,SPRF-SC,DEL03-SC,UOP02-DEL03-SC,2024
"645379,0",2024-12-01,domingo,02:20:00,SC,101,"38,0",JOINVILLE,Entrada inopinada do pedestre,Atropelamento de Pedestre,Com Vítimas Feridas,Plena Noite,Decrescente,Garoa/Chuvisco,Dupla,Reta,Sim,2,0,1,0,1,0,1,2,-26.29656993,-48.88392448,SPRF-SC,DEL03-SC,UOP01-DEL03-SC,2024
"645413,0",2024-12-01,domingo,09:25:00,SC,280,"48,0",GUARAMIRIM,Retorno proibido,Colisão lateral mesmo sentido,Com Vítimas Feridas,Pleno dia,Decrescente,Nublado,Simples,Reta,Sim,2,0,1,0,1,0,1,2,-26.45506795,-48.92766502,SPRF-SC,DEL03-SC,UOP03-DEL03-SC,2024
"645416,0",2024-12-01,domingo,05:30:00,SC,280,"237,5",CANOINHAS,Velocidade Incompatível,Saída de leito carroçável,Com Vítimas Feridas,Amanhecer,Crescente,Céu Claro,Simples,Curva;Declive,Não,2,0,2,0,0,0,2,1,-26.19844599,-50.43216601,SPRF-SC,DEL06-SC,UOP04-DEL06-SC,2024
"645423,0",2024-12-01,domingo,08:10:00,SC,163,"112,2",GUARUJA DO SUL,Ultrapassagem Indevida,Colisão frontal,Com Vítimas Feridas,Pleno dia,Crescente,Céu Claro,Simples,Curva,Sim,5,0,5,0,0,0,5,2,-26.38810225,-53.51710796,SPRF-SC,DEL07-SC,UOP03-DEL07-SC,2024
"645427,0",2024-11-08,sexta-feira,14:32:00,SC,280,"28,5",ARAQUARI,Ausência de reação do condutor,Colisão transversal,Com Vítimas Feridas,Pleno dia,Decrescente,Céu Claro,Simples,Reta,Sim,2,0,1,0,1,0,1,2,-26.42993971,-48.79615614,SPRF-SC,DEL03-SC,UOP03-DEL03-SC,2024
"645438,0",2024-12-01,domingo,08:30:00,SC,280,"128,8",RIO NEGRINHO,Ausência de reação do condutor,Tombamento,Com Vítimas Feridas,Pleno dia,Crescente,Nublado,Simples,Interseção de Vias,Sim,2,0,2,0,0,0,2,1,-26.24566707,-49.52194691,SPRF-SC,DEL06-SC,UOP03-DEL06-SC,2024
"645443,0",2024-12-01,domingo,11:30:00,SC,101,"203,0",SAO JOSE,Desrespeitar a preferência no cruzamento,Colisão lateral mesmo sentido,Com Vítimas Feridas,Pleno dia,Crescente,Céu Claro,Simples,Rotatória,Não,2,0,1,0,1,0,1,2,-27.5650044,-48.61460082,SPRF-SC,DEL01-SC,UOP01-DEL01-SC,2024
"645450,0",2024-12-01,domingo,13:50:00,SC,280,"35,0",ARAQUARI,Acumulo de areia ou detritos sobre o pavimento,Queda de ocupante de veículo,Com Vítimas Feridas,Pleno dia,Crescente,Céu Claro,Simples,Reta,Não,2,0,1,0,1,0,1,1,-26.43447549,-48.80453914,SPRF-SC,DEL03-SC,UOP03-DEL03-SC,2024
"645458,0",2024-12-01,domingo,14:08:00,SC,101,"210,3",SAO JOSE,Condutor deixou de manter distância do veículo da frente,Engavetamento,Com Vítimas Feridas,Pleno dia,Crescente,Nublado,Múltipla,Reta,Sim,3,0,1,0,2,0,1,3,-27.6167305,-48.6457265,SPRF-SC,DEL01-SC,UOP01-DEL01-SC,2024
"645462,0",2024-12-01,domingo,14:20:00,SC,101,"210,2",SAO JOSE,Transitar na contramão,Colisão frontal,Com Vítimas Feridas,Pleno dia,Crescente,Céu Claro,Dupla,Reta,Sim,2,0,1,0,1,0,1,2,-27.6167305,-48.6457265,SPRF-SC,DEL01-SC,UOP01-DEL01-SC,2024
"645465,0",2024-12-01,domingo,12:35:00,SC,101,"62,5",ARAQUARI,Trafegar com motocicleta (ou similar) entre as faixas,Tombamento,Com Vítimas Feridas,Pleno dia,Crescente,Nublado,Dupla,Viaduto,Não,2,0,2,0,0,0,2,1,-26.45504246,-48.76711901,SPRF-SC,DEL03-SC,UOP02-DEL03-SC,2024
"645468,0",2024-12-01,domingo,13:45:00,SC,101,"288,5",IMBITUBA,Reação tardia ou ineficiente do condutor,Colisão traseira,Com Vítimas Feridas,Pleno dia,Decrescente,Céu Claro,Dupla,Reta,Sim,2,0,1,0,1,0,1,2,-28.24598003,-48.70010284,SPRF-SC,DEL02-SC,UOP03-DEL02-SC,2024
"645472,0",2024-12-01,domingo,14:20:00,SC,280,"48,0",GUARAMIRIM,Retorno proibido,Colisão traseira,Com Vítimas Feridas,Pleno dia,Crescente,Nublado,Simples,Reta,Sim,2,0,1,0,1,0,1,2,-26.45506795,-48.92766502,SPRF-SC,DEL03-SC,UOP03-DEL03-SC,2024
"645493,0",2024-12-01,domingo,16:43:00,SC,470,"56,0",BLUMENAU,Conversão proibida,Colisão transversal,Com Vítimas Feridas,Pleno dia,Decrescente,Céu Claro,Simples,Reta,Sim,2,0,1,0,1,0,1,2,-26.87674,-49.127743,SPRF-SC,DEL04-SC,UOP01-DEL04-SC,2024
"645500,0",2024-12-01,domingo,17:10:00,SC,101,"198,3",BIGUACU,Reação tardia ou ineficiente do condutor,Colisão traseira,Com Vítimas Feridas,Pleno dia,Crescente,Nublado,Múltipla,Reta,Sim,2,0,1,0,1,0,1,2,-27.52658712,-48.63506019,SPRF-SC,DEL01-SC,UOP01-DEL01-SC,2024
"645509,0",2024-12-01,domingo,17:20:00,SC,101,"397,0",MARACAJA,Desrespeitar a preferência no cruzamento,Colisão lateral mesmo sentido,Com Vítimas Feridas,Pleno dia,Crescente,Céu Claro,Simples,Reta;Interseção de Vias,Não,4,0,3,0,0,1,3,2,-28.84098031,-49.42743659,SPRF-SC,DEL02-SC,UOP02-DEL02-SC,2024
"645520,0",2024-12-01,domingo,15:30:00,SC,101,"295,4",IMBITUBA,Manobra de mudança de faixa,Colisão traseira,Com Vítimas Feridas,Pleno dia,Crescente,Céu Claro,Dupla,Curva,Não,3,0,1,0,2,0,1,2,-28.29854333,-48.71633767,SPRF-SC,DEL02-SC,UOP03-DEL02-SC,2024
"645523,0",2024-12-01,domingo,18:20:00,SC,101,"205,6",SAO JOSE,Velocidade Incompatível,Colisão com objeto,Com Vítimas Fatais,Anoitecer,Crescente,Garoa/Chuvisco,Múltipla,Reta,Sim,1,1,0,0,0,0,0,1,-27.58313237,-48.61532885,SPRF-SC,DEL01-SC,UOP01-DEL01-SC,2024
"645527,0",2024-12-01,domingo,18:40:00,SC,470,"7,0",NAVEGANTES,Transitar na contramão,Colisão frontal,Com Vítimas Feridas,Plena Noite,Decrescente,Nublado,Dupla,Reta;Viaduto,Sim,3,0,2,0,1,0,2,3,-26.84499,-48.71505,SPRF-SC,DEL04-SC,UOP04-DEL04-SC,2024
"645551,0",2024-12-01,domingo,20:30:00,SC,470,"62,3",INDAIAL,Retorno proibido,Colisão transversal,Com Vítimas Feridas,Plena Noite,Decrescente,Céu Claro,Simples,Reta;Declive,Não,2,0,1,0,1,0,1,2,-26.874521,-49.182938,SPRF-SC,DEL04-SC,UOP01-DEL04-SC,2024
"645558,0",2024-12-01,domingo,20:00:00,SC,470,"63,1",INDAIAL,Acessar a via sem observar a presença dos outros veículos,Colisão transversal,Com Vítimas Feridas,Plena Noite,Decrescente,Céu Claro,Simples,Declive,Não,2,0,1,1,0,0,2,2,-26.872396,-49.19228,SPRF-SC,DEL04-SC,UOP01-DEL04-SC,2024
"645571,0",2024-12-01,domingo,21:30:00,SC,158,"136,0",PALMITOS,Ingestão de álcool pelo condutor,Colisão com objeto,Sem Vítimas,Plena Noite,Decrescente,Céu Claro,Simples,Curva;Declive,Não,1,0,0,0,1,0,0,1,-27.085875,-53.21923256,SPRF-SC,DEL07-SC,UOP02-DEL07-SC,2024
"645572,0",2024-12-01,domingo,22:40:00,SC,101,"209,9",SAO JOSE,Chuva,Tombamento,Com Vítimas Feridas,Plena Noite,Crescente,Garoa/Chuvisco,Múltipla,Reta,Sim,1,0,1,0,0,0,1,1,-27.61000542,-48.63895057,SPRF-SC,DEL01-SC,UOP01-DEL01-SC,2024
"645581,0",2024-12-01,domingo,12:40:00,SC,101,"162,0",TIJUCAS,Velocidade Incompatível,Saída de leito carroçável,Com Vítimas Feridas,Pleno dia,Crescente,Nublado,Múltipla,Curva,Não,1,0,1,0,0,0,1,1,-27.22554009,-48.6279367,SPRF-SC,DEL04-SC,UOP03-DEL04-SC,2024
"645582,0",2024-12-01,domingo,22:50:00,SC,101,"195,7",BIGUACU,Velocidade Incompatível,Colisão traseira,Com Vítimas Feridas,Plena Noite,Crescente,Céu Claro,Dupla,Reta,Sim,4,0,0,1,1,2,1,3,-27.5047092,-48.65010819,SPRF-SC,DEL01-SC,UOP01-DEL01-SC,2024
"645595,0",2024-12-01,domingo,23:00:00,SC,280,"35,0",ARAQUARI,Retorno proibido,Colisão transversal,Com Vítimas Feridas,Plena Noite,Crescente,Nublado,Simples,Reta,Não,3,0,1,0,2,0,1,2,-26.43447549,-48.80453914,SPRF-SC,DEL03-SC,UOP03-DEL03-SC,2024
"645605,0",2024-12-02,segunda-feira,02:30:00,SC,101,"126,0",CAMBORIU,Ingestão de álcool pelo condutor,Colisão traseira,Com Vítimas Feridas,Plena Noite,Crescente,Céu Claro,Dupla,Reta,Não,2,0,1,0,1,0,1,2,-26.95564404,-48.67978366,SPRF-SC,DEL04-SC,UOP04-DEL04-SC,2024
"645627,0",2024-12-02,segunda-feira,01:50:00,SC,101,"367,0",ICARA,Ausência de reação do condutor,Saída de leito carroçável,Sem Vítimas,Plena Noite,Crescente,Chuva,Múltipla,Reta,Não,1,0,0,0,0,1,0,1,-28.68164625,-49.1447854,SPRF-SC,DEL02-SC,UOP01-DEL02-SC,2024
"645633,0",2024-12-02,segunda-feira,07:38:00,SC,101,"206,0",SAO JOSE,Reação tardia ou ineficiente do condutor,Colisão traseira,Com Vítimas Feridas,Pleno dia,Crescente,Céu Claro,Múltipla,Reta,Não,2,0,1,0,1,0,1,2,-27.59193546,-48.61824557,SPRF-SC,DEL01-SC,UOP01-DEL01-SC,2024
"645669,0",2024-12-02,segunda-feira,08:45:00,SC,101,"161,0",TIJUCAS,Demais falhas mecânicas ou elétricas,Incêndio,Sem Vítimas,Pleno dia,Decrescente,Céu Claro,Dupla,Reta,Não,1,0,0,0,1,0,0,1,-27.21673911,-48.6244238,SPRF-SC,DEL04-SC,UOP03-DEL04-SC,2024
"645674,0",2024-12-02,segunda-feira,08:00:00,SC,101,"38,6",JOINVILLE,Desrespeitar a preferência no cruzamento,Colisão transversal,Com Vítimas Feridas,Pleno dia,Crescente,Nublado,Simples,Rotatória;Viaduto;Interseção de Vias,Sim,3,0,2,0,1,0,2,2,-26.25472505,-48.90561309,SPRF-SC,DEL03-SC,UOP01-DEL03-SC,2024
"645716,0",2024-12-02,segunda-feira,07:40:00,SC,101,"121,0",ITAJAI,Reação tardia ou ineficiente do condutor,Colisão traseira,Com Vítimas Feridas,Pleno dia,Decrescente,Céu Claro,Dupla,Reta,Sim,2,0,1,0,1,0,1,2,-26.92103178,-48.70856446,SPRF-SC,DEL04-SC,UOP04-DEL04-SC,2024
"645723,0",2024-12-02,segunda-feira,07:00:00,SC,101,"126,0",ITAJAI,Condutor deixou de manter distância do veículo da frente,Engavetamento,Com Vítimas Feridas,Pleno dia,Decrescente,Céu Claro,Dupla,Reta,Sim,6,0,2,1,3,0,3,5,-26.95564404,-48.67978366,SPRF-SC,DEL04-SC,UOP04-DEL04-SC,2024
"645735,0",2024-12-02,segunda-feira,17:30:00,SC,282,"2,0",FLORIANOPOLIS,Trafegar com motocicleta (ou similar) entre as faixas,Colisão traseira,Com Vítimas Feridas,Pleno dia,Crescente,Céu Claro,Múltipla,Reta,Sim,2,0,1,0,1,0,1,2,-27.603289,-48.590416,SPRF-SC,DEL01-SC,UOP01-DEL01-SC,2024
"645744,0",2024-12-02,segunda-feira,15:20:00,SC,101,"370,2",ICARA,Ausência de reação do condutor,Saída de leito carroçável,Sem Vítimas,Pleno dia,Crescente,Nublado,Múltipla,Reta,Não,1,0,0,0,1,0,0,1,-28.70907041,-49.20990944,SPRF-SC,DEL02-SC,UOP01-DEL02-SC,2024
"645750,0",2024-12-02,segunda-feira,18:30:00,SC,101,"203,0",SAO JOSE,Condutor deixou de manter distância do veículo da frente,Colisão traseira,Com Vítimas Feridas,Anoitecer,Decrescente,Nublado,Múltipla,Curva,Sim,2,0,1,0,1,0,1,2,-27.5650044,-48.61460082,SPRF-SC,DEL01-SC,UOP01-DEL01-SC,2024
"645787,0",2024-12-02,segunda-feira,07:40:00,SC,101,"206,0",SAO JOSE,Condutor deixou de manter distância do veículo da frente,Colisão lateral mesmo sentido,Com Vítimas Feridas,Pleno dia,Crescente,Céu Claro,Múltipla,Reta,Não,3,0,1,0,2,0,1,3,-27.59193546,-48.61824557,SPRF-SC,DEL01-SC,UOP01-DEL01-SC,2024
"645809,0",2024-12-03,terça-feira,02:10:00,SC,101,"246,2",PAULO LOPES,Condutor Dormindo,Saída de leito carroçável,Com Vítimas Feridas,Plena Noite,Decrescente,Céu Claro,Dupla,Reta,Não,2,0,1,0,1,0,1,1,-27.92236654,-48.65596354,SPRF-SC,DEL02-SC,UOP03-DEL02-SC,2024
"645815,0",2024-12-03,terça-feira,06:30:00,SC,101,"189,0",BIGUACU,Pista Escorregadia,Colisão com objeto,Com Vítimas Feridas,Pleno dia,Crescente,Nublado,Dupla,Curva,Não,2,0,1,0,1,0,1,1,-27.459393,-48.638914,SPRF-SC,DEL01-SC,UOP01-DEL01-SC,2024
"645820,0",2024-12-03,terça-feira,06:30:00,SC,101,"201,0",SAO JOSE,Trafegar com motocicleta (ou similar) entre as faixas,Colisão lateral mesmo sentido,Com Vítimas Feridas,Pleno dia,Crescente,Nublado,Múltipla,Reta,Sim,2,0,1,0,1,0,1,2,-27.54836599,-48.61977975,SPRF-SC,DEL01-SC,UOP01-DEL01-SC,2024