id,data_inversa,dia_semana,horario,uf,br,km,municipio,causa_acidente,tipo_acidente,classificacao_acidente,fase_dia,sentido_via,condicao_metereologica,tipo_pista,tracado_via,uso_solo,pessoas,mortos,feridos_leves,feridos_graves,ilesos,ignorados,feridos,veiculos,latitude,longitude,regional,delegacia,uop,ano_arquivo
"646879,0",2024-12-07,sábado,20:30:00,SC,101,"216,0",PALHOCA,Ingestão de álcool pelo condutor,Colisão lateral mesmo sentido,Sem Vítimas,Plena Noite,Decrescente,Céu Claro,Dupla,Reta,Sim,2,0,0,0,2,0,0,2,-27.65981409,-48.67747798,SPRF-SC,DEL01-SC,UOP02-DEL01-SC,2024
"646885,0",2024-12-07,sábado,16:28:00,SC,282,"75,0",RANCHO QUEIMADO,Demais falhas na via,Saída de leito carroçável,Com Vítimas Feridas,Pleno dia,Decrescente,Garoa/Chuvisco,Simples,Curva,Não,2,0,2,0,0,0,2,1,-27.690931,-49.129143,SPRF-SC,DEL01-SC,UOP03-DEL01-SC,2024
"646904,0",2024-12-07,sábado,20:18:00,SC,470,"156,9",TROMBUDO CENTRAL,Ingestão de álcool pelo condutor,Saída de leito carroçável,Sem Vítimas,Plena Noite,Decrescente,Chuva,Simples,Reta,Não,1,0,0,0,0,1,0,1,-27.28541308,-49.76991177,SPRF-SC,DEL04-SC,UOP02-DEL04-SC,2024
"646912,0",2024-12-07,sábado,22:30:00,SC,101,"138,4",BALNEARIO CAMBORIU,Reação tardia ou ineficiente do condutor,Colisão traseira,Com Vítimas Feridas,Plena Noite,Decrescente,Chuva,Simples,Reta,Não,2,0,0,1,1,0,1,2,-27.02397426,-48.60761649,SPRF-SC,DEL04-SC,UOP03-DEL04-SC,2024
"646928,0",2024-12-07,sábado,23:00:00,SC,163,"88,0",GUARACIABA,Ausência de reação do condutor,Saída de leito carroçável,Sem Vítimas,Plena Noite,Crescente,Nevoeiro/Neblina,Simples,Curva;Em Obras,Não,1,0,0,0,1,0,0,1,-26.58233094,-53.51749809,SPRF-SC,DEL07-SC,UOP03-DEL07-SC,2024
"646934,0",2024-12-08,domingo,00:23:00,SC,282,"1,0",FLORIANOPOLIS,Reação tardia ou ineficiente do condutor,Saída de leito carroçável,Sem Vítimas,Plena Noite,Crescente,Chuva,Múltipla,Reta,Sim,1,0,0,0,0,1,0,1,-27.602955,-48.580509,SPRF-SC,DEL01-SC,UOP01-DEL01-SC,2024
"646945,0",2024-12-08,domingo,02:30:00,SC,280,"235,8",CANOINHAS,Ingestão de álcool pelo condutor,Saída de leito carroçável,Com Vítimas Fatais,Plena Noite,Crescente,Chuva,Simples,Curva,Sim,3,1,2,0,0,0,2,1,-26.192838,-50.417884,SPRF-SC,DEL06-SC,UOP04-DEL06-SC,2024
"646950,0",2024-12-08,domingo,01:30:00,SC,101,"155,0",PORTO BELO,Velocidade Incompatível,Saída de leito carroçável,Com Vítimas Feridas,Plena Noite,Crescente,Nublado,Simples,Viaduto,Sim,3,0,1,0,2,0,1,1,-27.16292,-48.61129,SPRF-SC,DEL04-SC,UOP03-DEL04-SC,2024
"646957,0",2024-12-08,domingo,03:05:00,SC,280,"74,3",JARAGUA DO SUL,Ingestão de álcool pelo condutor,Colisão transversal,Com Vítimas Feridas,Pleno dia,Crescente,Garoa/Chuvisco,Simples,Reta,Sim,3,0,0,2,1,0,2,2,-26.45877322,-49.16147801,SPRF-SC,DEL03-SC,UOP03-DEL03-SC,2024
"646972,0",2024-10-12,sábado,16:10:00,SC,101,"120,9",ITAJAI,Manobra de mudança de faixa,Colisão lateral mesmo sentido,Com Vítimas Feridas,Pleno dia,Decrescente,Nublado,Dupla,Reta,Não,3,0,2,0,1,0,2,2,-26.912758,-48.711998,SPRF-SC,DEL04-SC,UOP04-DEL04-SC,2024
"646991,0",2024-12-08,domingo,06:45:00,SC,101,"138,0",BALNEARIO CAMBORIU,Ausência de reação do condutor,Colisão com objeto,Com Vítimas Feridas,Pleno dia,Decrescente,Nublado,Dupla,Reta,Não,1,0,1,0,0,0,1,1,-27.02397426,-48.60761649,SPRF-SC,DEL04-SC,UOP03-DEL04-SC,2024
"646994,0",2024-12-08,domingo,07:25:00,SC,280,"94,0",CORUPA,Acumulo de água sobre o pavimento,Capotamento,Com Vítimas Feridas,Pleno dia,Decrescente,Chuva,Simples,Curva;Declive,Não,3,0,1,0,2,0,1,1,-26.39198268,-49.30187441,SPRF-SC,DEL06-SC,UOP03-DEL06-SC,2024
"647001,0",2024-12-08,domingo,08:10:00,SC,470,"104,4",APIUNA,Condutor Dormindo,Colisão com objeto,Com Vítimas Feridas,Pleno dia,Crescente,Céu Claro,Simples,Curva,Não,1,0,0,1,0,0,1,1,-27.06135,-49.410408,SPRF-SC,DEL04-SC,UOP02-DEL04-SC,2024
"647031,0",2024-12-08,domingo,09:50:00,SC,101,"126,0",ITAJAI,Ingestão de álcool pelo condutor,Capotamento,Sem Vítimas,Pleno dia,Decrescente,Céu Claro,Dupla,Reta,Não,1,0,0,0,0,1,0,1,-26.95564404,-48.67978366,SPRF-SC,DEL04-SC,UOP04-DEL04-SC,2024
"647052,0",2024-12-08,domingo,14:30:00,SC,282,"446,0",PONTE SERRADA,Reação tardia ou ineficiente do condutor,Saída de leito carroçável,Com Vítimas Feridas,Pleno dia,Decrescente,Chuva,Simples,Curva;Aclive,Não,2,0,1,1,0,0,2,1,-26.91300091,-51.9051218,SPRF-SC,DEL07-SC,UOP04-DEL07-SC,2024
"647063,0",2024-12-08,domingo,16:25:00,SC,282,"21,3",PALHOCA,Condutor deixou de manter distância do veículo da frente,Colisão traseira,Com Vítimas Feridas,Pleno dia,Crescente,Nublado,Simples,Reta,Não,3,0,0,1,2,0,1,2,-27.68907,-48.717541,SPRF-SC,DEL01-SC,UOP02-DEL01-SC,2024
"647096,0",2024-12-08,domingo,16:30:00,SC,470,"211,7",SAO CRISTOVAO DO SUL,Ingestão de álcool pelo condutor,Saída de leito carroçável,Com Vítimas Feridas,Pleno dia,Decrescente,Chuva,Simples,Curva,Não,2,0,2,0,0,0,2,1,-27.30985834,-50.23807526,SPRF-SC,DEL05-SC,UOP03-DEL05-SC,2024
"647098,0",2024-12-08,domingo,17:15:00,SC,116,"165,0",PONTE ALTA DO NORTE,Velocidade Incompatível,Saída de leito carroçável,Com Vítimas Feridas,Pleno dia,Crescente,Chuva,Simples,Curva,Não,2,0,2,0,0,0,2,1,-27.15176073,-50.46219055,SPRF-SC,DEL05-SC,UOP03-DEL05-SC,2024
"647106,0",2024-12-08,domingo,19:45:00,SC,282,"393,0",JOACABA,Velocidade Incompatível,Colisão lateral sentido oposto,Com Vítimas Feridas,Plena Noite,Decrescente,Chuva,Simples,Desvio Temporário;Túnel;Interseção de Vias;Em Obras;Ponte;Declive;Retorno Regulamentado;Viaduto,Não,2,0,0,1,1,0,1,2,-27.160221,-51.573895,SPRF-SC,DEL07-SC,UOP05-DEL07-SC,2024
"647133,0",2024-12-08,domingo,22:27:00,SC,280,"40,0",ARAQUARI,Velocidade Incompatível,Saída de leito carroçável,Com Vítimas Feridas,Plena Noite,Crescente,Chuva,Simples,Desvio Temporário;Em Obras,Não,2,0,2,0,0,0,2,1,-26.44948,-48.847924,SPRF-SC,DEL03-SC,UOP03-DEL03-SC,2024
"647157,0",2024-12-08,domingo,21:55:00,SC,282,"523,0",XAXIM,Ingestão de álcool pelo condutor,Saída de leito carroçável,Com Vítimas Feridas,Plena Noite,Decrescente,Garoa/Chuvisco,Simples,Reta,Sim,5,0,3,2,0,0,5,1,-26.963129,-52.548851,SPRF-SC,DEL07-SC,UOP01-DEL07-SC,2024
"647181,0",2024-12-09,segunda-feira,04:15:00,SC,470,"50,0",BLUMENAU,Ingestão de álcool pelo condutor,Capotamento,Sem Vítimas,Plena Noite,Crescente,Garoa/Chuvisco,Dupla,Declive;Reta,Sim,1,0,0,0,0,1,0,1,-26.859768,-49.074493,SPRF-SC,DEL04-SC,UOP01-DEL04-SC,2024
"647183,0",2024-12-09,segunda-feira,04:40:00,SC,101,"344,0",TUBARAO,Condutor Dormindo,Colisão com objeto,Sem Vítimas,Amanhecer,Decrescente,Céu Claro,Múltipla,Reta,Não,1,0,0,0,1,0,0,1,-28.52765702,-49.05615309,SPRF-SC,DEL02-SC,UOP01-DEL02-SC,2024
"647190,0",2024-12-09,segunda-feira,03:05:00,SC,282,"559,3",NOVA ITABERABA,Ingestão de álcool pelo condutor,Saída de leito carroçável,Com Vítimas Feridas,Plena Noite,Crescente,Nublado,Simples,Curva,Não,2,0,1,1,0,0,2,1,-26.93232429,-52.84020424,SPRF-SC,DEL07-SC,UOP01-DEL07-SC,2024
"647191,0",2024-12-09,segunda-feira,07:00:00,SC,101,"192,2",BIGUACU,Pista Escorregadia,Colisão com objeto,Com Vítimas Feridas,Pleno dia,Crescente,Garoa/Chuvisco,Múltipla,Curva,Sim,3,0,1,0,2,0,1,2,-27.48443781,-48.64765238,SPRF-SC,DEL01-SC,UOP01-DEL01-SC,2024
"647238,0",2024-12-09,segunda-feira,10:00:00,SC,101,"213,2",PALHOCA,Reação tardia ou ineficiente do condutor,Colisão com objeto,Com Vítimas Feridas,Pleno dia,Decrescente,Nublado,Múltipla,Aclive;Reta,Sim,2,0,1,0,1,0,1,2,-27.63697369,-48.66514142,SPRF-SC,DEL01-SC,UOP02-DEL01-SC,2024
"647247,0",2024-12-09,segunda-feira,10:50:00,SC,101,"189,6",BIGUACU,Reação tardia ou ineficiente do condutor,Colisão com objeto,Com Vítimas Feridas,Pleno dia,Crescente,Garoa/Chuvisco,Dupla,Curva,Sim,4,0,2,0,2,0,2,1,-27.459393,-48.638914,SPRF-SC,DEL01-SC,UOP01-DEL01-SC,2024
"647252,0",2024-12-09,segunda-feira,11:40:00,SC,101,"138,0",BALNEARIO CAMBORIU,Demais falhas mecânicas ou elétricas,Capotamento,Com Vítimas Feridas,Pleno dia,Decrescente,Chuva,Dupla,Curva,Não,2,0,1,0,1,0,1,1,-27.02397426,-48.60761649,SPRF-SC,DEL04-SC,UOP03-DEL04-SC,2024
"647255,0",2024-12-09,segunda-feira,11:30:00,SC,101,"132,0",BALNEARIO CAMBORIU,Reação tardia ou ineficiente do condutor,Colisão traseira,Com Vítimas Feridas,Pleno dia,Decrescente,Chuva,Dupla,Reta,Sim,2,0,1,0,1,0,1,2,-26.99654133,-48.65564711,SPRF-SC,DEL04-SC,UOP03-DEL04-SC,2024
"647279,0",2024-12-09,segunda-feira,13:20:00,SC,101,"133,0",CAMBORIU,Condutor deixou de manter distância do veículo da frente,Colisão traseira,Com Vítimas Feridas,Pleno dia,Crescente,Garoa/Chuvisco,Múltipla,Reta,Sim,2,0,1,0,1,0,1,2,-26.99654133,-48.65564711,SPRF-SC,DEL04-SC,UOP03-DEL04-SC,2024
"647305,0",2024-12-09,segunda-feira,13:00:00,SC,470,"138,0",RIO DO SUL,Acessar a via sem observar a presença dos outros veículos,Colisão transversal,Com Vítimas Feridas,Pleno dia,Decrescente,Garoa/Chuvisco,Dupla,Interseção de Vias;Reta,Sim,2,0,1,0,1,0,1,2,-27.207214,-49.648476,SPRF-SC,DEL04-SC,UOP02-DEL04-SC,2024
"647312,0",2024-12-09,segunda-feira,07:30:00,SC,280,"102,0",SAO BENTO DO SUL,Ausência de reação do condutor,Saída de leito carroçável,Sem Vítimas,Pleno dia,Crescente,Chuva,Simples,Reta,Não,1,0,0,0,0,1,0,1,-26.36381888,-49.34016753,SPRF-SC,DEL06-SC,UOP03-DEL06-SC,2024
"647386,0",2024-12-09,segunda-feira,23:15:00,SC,101,"416,4",ARARANGUA,Transitar na contramão,Colisão frontal,Com Vítimas Feridas,Plena Noite,Crescente,Chuva,Múltipla,Interseção de Vias;Reta,Sim,3,0,1,0,2,0,1,2,-28.96708874,-49.52338825,SPRF-SC,DEL02-SC,UOP02-DEL02-SC,2024
"647391,0",2024-12-09,segunda-feira,20:39:00,SC,101,"297,8",LAGUNA,Transitar na contramão,Colisão frontal,Com Vítimas Fatais,Plena Noite,Crescente,Nublado,Dupla,Curva,Não,4,1,2,1,0,0,3,2,-28.3444239,-48.7339899,SPRF-SC,DEL02-SC,UOP03-DEL02-SC,2024
"647428,0",2024-12-10,terça-feira,07:15:00,SC,101,"360,9",SANGAO,Desrespeitar a preferência no cruzamento,Colisão frontal,Com Vítimas Feridas,Pleno dia,Crescente,Chuva,Simples,Interseção de Vias,Não,2,0,0,1,1,0,1,2,-28.67167627,-49.12319899,SPRF-SC,DEL02-SC,UOP01-DEL02-SC,2024
"647446,0",2024-12-10,terça-feira,09:30:00,SC,101,"132,0",BALNEARIO CAMBORIU,Condutor deixou de manter distância do veículo da frente,Colisão traseira,Sem Vítimas,Pleno dia,Crescente,Garoa/Chuvisco,Múltipla,Reta,Sim,2,0,0,0,2,0,0,2,-26.99654133,-48.65564711,SPRF-SC,DEL04-SC,UOP03-DEL04-SC,2024
"647449,0",2024-12-10,terça-feira,10:00:00,SC,101,"134,0",BALNEARIO CAMBORIU,Reação tardia ou ineficiente do condutor,Colisão lateral mesmo sentido,Com Vítimas Feridas,Pleno dia,Crescente,Nublado,Múltipla,Reta,Sim,2,0,1,0,1,0,1,2,-27.00218,-48.636433,SPRF-SC,DEL04-SC,UOP03-DEL04-SC,2024
"647452,0",2024-12-10,terça-feira,10:00:00,SC,101,"189,0",BIGUACU,Velocidade Incompatível,Colisão com objeto,Sem Vítimas,Pleno dia,Crescente,Nublado,Dupla,Curva,Não,2,0,0,0,2,0,0,2,-27.459393,-48.638914,SPRF-SC,DEL01-SC,UOP01-DEL01-SC,2024
"647470,0",2024-12-10,terça-feira,12:30:00,SC,101,"80,1",ARAQUARI,Acessar a via sem observar a presença dos outros veículos,Colisão transversal,Com Vítimas Feridas,Pleno dia,Decrescente,Nublado,Múltipla,Interseção de Vias;Reta;Retorno Regulamentado,Sim,6,0,2,0,4,0,2,2,-26.59441996,-48.72183309,SPRF-SC,DEL03-SC,UOP02-DEL03-SC,2024
"647489,0",2024-12-10,terça-feira,09:30:00,SC,101,"7,0",GARUVA,Demais falhas mecânicas ou elétricas,Incêndio,Sem Vítimas,Pleno dia,Crescente,Chuva,Dupla,Reta,Sim,1,0,0,0,1,0,0,1,-26.03593,-48.860302,SPRF-SC,DEL03-SC,UOP01-DEL03-SC,2024
"647494,0",2024-12-10,terça-feira,14:05:00,SC,101,"118,0",ITAJAI,Reação tardia ou ineficiente do condutor,Colisão traseira,Com Vítimas Feridas,Pleno dia,Decrescente,Nublado,Múltipla,Reta,Sim,2,0,1,0,1,0,1,2,-26.895859,-48.71903,SPRF-SC,DEL04-SC,UOP04-DEL04-SC,2024
"647520,0",2024-12-10,terça-feira,15:00:00,SC,282,"21,7",SANTO AMARO DA IMPERATRIZ,Acessar a via sem observar a presença dos outros veículos,Colisão transversal,Com Vítimas Feridas,Pleno dia,Decrescente,Nublado,Simples,Curva,Sim,2,0,0,1,1,0,1,2,-27.68907,-48.717541,SPRF-SC,DEL01-SC,UOP02-DEL01-SC,2024
"647535,0",2024-12-10,terça-feira,17:15:00,SC,282,"3,5",FLORIANOPOLIS,Reação tardia ou ineficiente do condutor,Colisão traseira,Com Vítimas Feridas,Pleno dia,Crescente,Chuva,Dupla,Reta,Sim,2,0,1,0,1,0,1,2,-27.59722225,-48.60080123,SPRF-SC,DEL01-SC,UOP01-DEL01-SC,2024
"647538,0",2024-12-10,terça-feira,14:50:00,SC,163,"70,3",SAO MIGUEL DO OESTE,Manobra de mudança de faixa,Colisão traseira,Com Vítimas Feridas,Pleno dia,Decrescente,Céu Claro,Dupla,Reta,Sim,2,0,1,0,1,0,1,2,-26.73461723,-53.50680015,SPRF-SC,DEL07-SC,UOP03-DEL07-SC,2024
"647552,0",2024-12-10,terça-feira,18:30:00,SC,101,"203,0",SAO JOSE,Pista Escorregadia,Queda de ocupante de veículo,Com Vítimas Feridas,Pleno dia,Decrescente,Chuva,Dupla,Curva;Viaduto,Sim,1,0,1,0,0,0,1,1,-27.5650044,-48.61460082,SPRF-SC,DEL01-SC,UOP01-DEL01-SC,2024
"647594,0",2024-12-10,terça-feira,21:55:00,SC,101,"132,5",BALNEARIO CAMBORIU,Reação tardia ou ineficiente do condutor,Capotamento,Com Vítimas Feridas,Plena Noite,Decrescente,Céu Claro,Múltipla,Reta,Sim,1,0,1,0,0,0,1,1,-26.99654133,-48.65564711,SPRF-SC,DEL04-SC,UOP03-DEL04-SC,2024
"647603,0",2024-12-10,terça-feira,21:50:00,SC,101,"45,0",JOINVILLE,Desrespeitar a preferência no cruzamento,Colisão transversal,Com Vítimas Feridas,Plena Noite,Decrescente,Chuva,Simples,Interseção de Vias;Viaduto,Sim,2,0,0,1,1,0,1,2,-26.34863015,-48.85695755,SPRF-SC,DEL03-SC,UOP01-DEL03-SC,2024
"647608,0",2024-12-11,quarta-feira,00:00:00,SC,101,"206,0",SAO JOSE,Reação tardia ou ineficiente do condutor,Colisão traseira,Com Vítimas Feridas,Plena Noite,Decrescente,Nublado,Múltipla,Reta,Sim,2,0,1,0,1,0,1,2,-27.59193546,-48.61824557,SPRF-SC,DEL01-SC,UOP01-DEL01-SC,2024
"647627,0",2024-12-11,quarta-feira,05:10:00,SC,101,"200,0",SAO JOSE,Reação tardia ou ineficiente do condutor,Colisão com objeto,Com Vítimas Feridas,Amanhecer,Crescente,Céu Claro,Múltipla,Reta,Sim,1,0,0,1,0,0,1,1,-27.53878178,-48.61769378,SPRF-SC,DEL01-SC,UOP01-DEL01-SC,2024
"647633,0",2024-12-11,quarta-feira,01:20:00,SC,280,"66,0",JARAGUA DO SUL,Ausência de reação do condutor,Colisão lateral sentido oposto,Sem Vítimas,Plena Noite,Crescente,Garoa/Chuvisco,Simples,Reta,Sim,2,0,0,0,2,0,0,2,-26.47606607,-49.09568797,SPRF-SC,DEL03-SC,UOP03-DEL03-SC,2024
"647644,0",2024-12-11,quarta-feira,07:15:00,SC,282,"546,2",CHAPECO,Demais falhas mecânicas ou elétricas,Incêndio,Sem Vítimas,Pleno dia,Decrescente,Sol,Simples,Reta,Não,1,0,0,0,0,1,0,1,-26.979046,-52.736637,SPRF-SC,DEL07-SC,UOP01-DEL07-SC,2024
"647645,0",2024-12-11,quarta-feira,07:05:00,SC,282,"5,0",SAO JOSE,Manobra de mudança de faixa,Colisão lateral mesmo sentido,Com Vítimas Feridas,Pleno dia,Decrescente,Céu Claro,Múltipla,Reta,Sim,2,0,0,1,1,0,1,2,-27.592646,-48.604034,SPRF-SC,DEL01-SC,UOP01-DEL01-SC,2024
"647661,0",2024-12-11,quarta-feira,08:30:00,SC,101,"151,4",ITAPEMA,Acessar a via sem observar a presença dos outros veículos,Colisão transversal,Com Vítimas Feridas,Pleno dia,Crescente,Nublado,Simples,Reta,Sim,2,0,1,0,1,0,1,2,-27.126536,-48.609642,SPRF-SC,DEL04-SC,UOP03-DEL04-SC,2024
"647664,0",2024-12-11,quarta-feira,09:00:00,SC,101,"23,5",SAO JOSE,Retorno proibido,Colisão transversal,Com Vítimas Feridas,Pleno dia,Crescente,Nublado,Dupla,Reta,Não,2,0,1,0,1,0,1,2,-27.5884,-48.6128,SPRF-SC,DEL01-SC,UOP02-DEL01-SC,2024
"647668,0",2024-12-11,quarta-feira,09:30:00,SC,101,"192,2",BIGUACU,Ausência de reação do condutor,Colisão transversal,Com Vítimas Feridas,Pleno dia,Crescente,Céu Claro,Simples,Viaduto,Sim,2,0,0,1,1,0,1,2,-27.48443781,-48.64765238,SPRF-SC,DEL01-SC,UOP01-DEL01-SC,2024
"647683,0",2024-12-11,quarta-feira,10:00:00,SC,101,"128,2",ITAJAI,Reação tardia ou ineficiente do condutor,Colisão traseira,Com Vítimas Feridas,Pleno dia,Crescente,Nublado,Dupla,Reta,Sim,2,0,2,0,0,0,2,2,-26.97284292,-48.68299451,SPRF-SC,DEL04-SC,UOP04-DEL04-SC,2024
"647688,0",2024-12-11,quarta-feira,12:15:00,SC,101,"214,0",PALHOCA,Condutor deixou de manter distância do veículo da frente,Colisão traseira,Com Vítimas Feridas,Pleno dia,Decrescente,Céu Claro,Múltipla,Reta,Sim,4,0,2,0,2,0,2,4,-27.64443,-48.67057,SPRF-SC,DEL01-SC,UOP02-DEL01-SC,2024
"647716,0",2024-12-11,quarta-feira,11:00:00,SC,280,"99,0",SAO BENTO DO SUL,Reação tardia ou ineficiente do condutor,Saída de leito carroçável,Com Vítimas Feridas,Pleno dia,Crescente,Chuva,Simples,Curva,Não,1,0,1,0,0,0,1,1,-26.37531616,-49.32563746,SPRF-SC,DEL06-SC,UOP03-DEL06-SC,2024
"647765,0",2024-12-11,quarta-feira,17:45:00,SC,470,"47,9",BLUMENAU,Acesso irregular,Colisão transversal,Com Vítimas Feridas,Pleno dia,Crescente,Nublado,Simples,Desvio Temporário;Em Obras;Viaduto;Curva,Sim,2,0,1,0,1,0,1,2,-26.85946171,-49.05560732,SPRF-SC,DEL04-SC,UOP01-DEL04-SC,2024
"647786,0",2024-12-11,quarta-feira,19:30:00,SC,101,"209,0",SAO JOSE,Reação tardia ou ineficiente do condutor,Colisão traseira,Com Vítimas Feridas,Plena Noite,Crescente,Céu Claro,Múltipla,Reta,Sim,2,0,1,0,1,0,1,2,-27.61000542,-48.63895057,SPRF-SC,DEL01-SC,UOP01-DEL01-SC,2024
"647792,0",2024-12-11,quarta-feira,20:00:00,SC,101,"133,2",BALNEARIO CAMBORIU,Manobra de mudança de faixa,Colisão lateral mesmo sentido,Com Vítimas Feridas,Plena Noite,Crescente,Nublado,Dupla,Reta,Sim,2,0,1,0,1,0,1,2,-26.99936,-48.64609,SPRF-SC,DEL04-SC,UOP03-DEL04-SC,2024
"647836,0",2024-12-12,quinta-feira,00:40:00,SC,101,"205,0",SAO JOSE,Transitar na contramão,Colisão frontal,Com Vítimas Feridas,Plena Noite,Crescente,Céu Claro,Múltipla,Curva,Não,2,0,1,0,0,1,1,2,-27.58385859,-48.61618638,SPRF-SC,DEL01-SC,UOP01-DEL01-SC,2024
"647837,0",2024-12-12,quinta-feira,00:30:00,SC,116,"254,7",LAGES,Acumulo de areia ou detritos sobre o pavimento,Colisão com objeto,Com Vítimas Feridas,Plena Noite,Crescente,Nublado,Simples,Retorno Regulamentado;Rotatória,Sim,2,0,0,1,0,1,1,2,-27.86721884,-50.39576317,SPRF-SC,DEL05-SC,UOP02-DEL05-SC,2024
"647852,0",2024-12-12,quinta-feira,05:20:00,SC,101,"358,0",SANGAO,Condutor usando celular,Saída de leito carroçável,Sem Vítimas,Amanhecer,Decrescente,Céu Claro,Dupla,Reta,Não,1,0,0,0,1,0,0,1,-28.642765,-49.100403,SPRF-SC,DEL02-SC,UOP01-DEL02-SC,2024
"647860,0",2024-12-11,quarta-feira,21:05:00,SC,101,"294,0",IMBITUBA,Ausência de reação do condutor,Colisão frontal,Com Vítimas Feridas,Plena Noite,Crescente,Céu Claro,Simples,Interseção de Vias,Sim,4,0,2,0,2,0,2,2,-28.29220304,-48.71018095,SPRF-SC,DEL02-SC,UOP03-DEL02-SC,2024
"647861,0",2024-12-12,quinta-feira,03:40:00,SC,470,"56,0",BLUMENAU,Objeto estático sobre o leito carroçável,Saída de leito carroçável,Com Vítimas Feridas,Plena Noite,Crescente,Céu Claro,Dupla,Curva,Sim,2,0,2,0,0,0,2,1,-26.87674,-49.127743,SPRF-SC,DEL04-SC,UOP01-DEL04-SC,2024
"647877,0",2024-12-12,quinta-feira,07:45:00,SC,101,"360,0",SANGAO,Deficiência do Sistema de Iluminação/Sinalização,Colisão frontal,Com Vítimas Feridas,Pleno dia,Decrescente,Céu Claro,Múltipla,Reta;Interseção de Vias,Sim,2,0,1,0,1,0,1,2,-28.65823109,-49.10991486,SPRF-SC,DEL02-SC,UOP01-DEL02-SC,2024
"647882,0",2024-12-12,quinta-feira,08:30:00,SC,101,"18,5",BIGUACU,Condutor Dormindo,Saída de leito carroçável,Com Vítimas Feridas,Pleno dia,Decrescente,Céu Claro,Dupla,Curva,Não,1,0,1,0,0,0,1,1,-27.4946,-48.6561,SPRF-SC,DEL01-SC,UOP01-DEL01-SC,2024
"647888,0",2024-12-12,quinta-feira,09:05:00,SC,470,"100,1",APIUNA,Transitar no Acostamento,Colisão traseira,Com Vítimas Feridas,Pleno dia,Crescente,Céu Claro,Simples,Reta,Não,2,0,1,0,1,0,1,2,-27.045143,-49.394142,SPRF-SC,DEL04-SC,UOP02-DEL04-SC,2024
"647911,0",2024-12-12,quinta-feira,10:50:00,SC,163,"67,3",SAO MIGUEL DO OESTE,Ausência de reação do condutor,Colisão traseira,Com Vítimas Feridas,Pleno dia,Crescente,Céu Claro,Dupla,Reta,Sim,2,0,1,0,1,0,1,2,-26.759436,-53.50055292,SPRF-SC,DEL07-SC,UOP03-DEL07-SC,2024
"647923,0",2024-12-12,quinta-feira,13:30:00,SC,282,"4,9",SAO JOSE,Condutor deixou de manter distância do veículo da frente,Colisão traseira,Com Vítimas Feridas,Pleno dia,Crescente,Sol,Múltipla,Reta,Sim,2,0,1,0,1,0,1,2,-27.592646,-48.604034,SPRF-SC,DEL01-SC,UOP01-DEL01-SC,2024
"647926,0",2024-12-12,quinta-feira,13:15:00,SC,101,"334,6",TUBARAO,Ausência de reação do condutor,Tombamento,Com Vítimas Feridas,Pleno dia,Crescente,Céu Claro,Dupla,Reta,Não,1,0,1,0,0,0,1,1,-28.4725742,-49.02337253,SPRF-SC,DEL02-SC,UOP01-DEL02-SC,2024
"647928,0",2024-12-12,quinta-feira,14:10:00,SC,470,"60,6",BLUMENAU,Acessar a via sem observar a presença dos outros veículos,Colisão transversal,Com Vítimas Feridas,Pleno dia,Crescente,Céu Claro,Simples,Reta,Sim,2,0,0,1,1,0,1,2,-26.87959526,-49.17187035,SPRF-SC,DEL04-SC,UOP01-DEL04-SC,2024
"647949,0",2024-12-12,quinta-feira,15:20:00,SC,101,"435,0",SOMBRIO,Condutor usando celular,Colisão traseira,Com Vítimas Feridas,Pleno dia,Crescente,Nublado,Múltipla,Reta,Sim,2,0,1,0,1,0,1,2,-29.10667678,-49.63716924,SPRF-SC,DEL02-SC,UOP02-DEL02-SC,2024
"647960,0",2024-12-12,quinta-feira,16:50:00,SC,101,"211,3",PALHOCA,Demais falhas mecânicas ou elétricas,Queda de ocupante de veículo,Com Vítimas Feridas,Pleno dia,Crescente,Nublado,Múltipla,Reta,Sim,1,0,0,1,0,0,1,1,-27.62329313,-48.65245588,SPRF-SC,DEL01-SC,UOP02-DEL01-SC,2024
"647965,0",2024-12-12,quinta-feira,17:45:00,SC,470,"55,4",BLUMENAU,Ultrapassagem Indevida,Colisão transversal,Com Vítimas Feridas,Pleno dia,Crescente,Nublado,Simples,Em Obras;Reta;Declive,Sim,2,0,1,0,1,0,1,2,-26.87646594,-49.12328666,SPRF-SC,DEL04-SC,UOP01-DEL04-SC,2024
"647977,0",2024-12-12,quinta-feira,17:35:00,SC,101,"91,5",BARRA VELHA,Manobra de mudança de faixa,Colisão lateral mesmo sentido,Com Vítimas Feridas,Pleno dia,Crescente,Céu Claro,Dupla,Reta,Não,2,0,1,0,0,1,1,2,-26.67081573,-48.6898613,SPRF-SC,DEL03-SC,UOP02-DEL03-SC,2024
"647981,0",2024-12-12,quinta-feira,17:50:00,SC,101,"132,0",BALNEARIO CAMBORIU,Condutor deixou de manter distância do veículo da frente,Colisão traseira,Com Vítimas Feridas,Pleno dia,Decrescente,Céu Claro,Dupla,Reta;Aclive,Sim,2,0,1,0,1,0,1,2,-26.99654133,-48.65564711,SPRF-SC,DEL04-SC,UOP03-DEL04-SC,2024