id,data_inversa,dia_semana,horario,uf,br,km,municipio,causa_acidente,tipo_acidente,classificacao_acidente,fase_dia,sentido_via,condicao_metereologica,tipo_pista,tracado_via,uso_solo,pessoas,mortos,feridos_leves,feridos_graves,ilesos,ignorados,feridos,veiculos,latitude,longitude,regional,delegacia,uop,ano_arquivo
"647987,0",2024-08-25,domingo,17:25:00,SC,101,"157,5",PORTO BELO,Manobra de mudança de faixa,Colisão traseira,Com Vítimas Feridas,Pleno dia,Crescente,Céu Claro,Dupla,Reta,Sim,2,0,0,1,1,0,1,2,-27.181625,-48.6121179,SPRF-SC,DEL04-SC,UOP03-DEL04-SC,2024
"647999,0",2024-12-12,quinta-feira,09:15:00,SC,282,"463,0",PONTE SERRADA,Desrespeitar a preferência no cruzamento,Colisão transversal,Com Vítimas Feridas,Pleno dia,Decrescente,Sol,Simples,Rotatória,Sim,3,0,1,0,2,0,1,2,-26.855036,-52.059551,SPRF-SC,DEL07-SC,UOP04-DEL07-SC,2024
"648030,0",2024-12-12,quinta-feira,20:30:00,SC,163,"67,0",SAO MIGUEL DO OESTE,Manobra de mudança de faixa,Colisão transversal,Com Vítimas Feridas,Plena Noite,Crescente,Nublado,Dupla,Reta,Sim,2,0,1,0,1,0,1,2,-26.759436,-53.50055292,SPRF-SC,DEL07-SC,UOP03-DEL07-SC,2024
"648041,0",2024-12-12,quinta-feira,22:25:00,SC,101,"47,8",PALHOCA,Transitar na contramão,Colisão lateral sentido oposto,Com Vítimas Feridas,Plena Noite,Decrescente,Chuva,Simples,Ponte;Curva,Não,2,0,0,1,1,0,1,2,-27.6427,-48.6695,SPRF-SC,DEL01-SC,UOP02-DEL01-SC,2024
"648046,0",2024-12-12,quinta-feira,23:15:00,SC,101,"215,1",PALHOCA,Acessar a via sem observar a presença dos outros veículos,Colisão transversal,Com Vítimas Feridas,Plena Noite,Crescente,Nublado,Múltipla,Reta,Sim,2,0,1,0,1,0,1,2,-27.65184843,-48.67604941,SPRF-SC,DEL01-SC,UOP02-DEL01-SC,2024
"648049,0",2024-12-13,sexta-feira,00:50:00,SC,470,"143,7",RIO DO SUL,Velocidade Incompatível,Saída de leito carroçável,Com Vítimas Fatais,Plena Noite,Crescente,Céu Claro,Simples,Reta,Não,1,1,0,0,0,0,0,1,-27.2343439,-49.6757388,SPRF-SC,DEL04-SC,UOP02-DEL04-SC,2024
"648068,0",2024-12-13,sexta-feira,04:30:00,SC,470,"51,3",BLUMENAU,Ingestão de álcool pelo condutor,Colisão com objeto,Sem Vítimas,Plena Noite,Crescente,Céu Claro,Dupla,Reta,Sim,1,0,0,0,1,0,0,1,-26.86297171,-49.0866673,SPRF-SC,DEL04-SC,UOP01-DEL04-SC,2024
"648075,0",2024-12-13,sexta-feira,06:00:00,SC,101,"215,7",PALHOCA,Ausência de reação do condutor,Colisão com objeto,Com Vítimas Feridas,Pleno dia,Decrescente,Céu Claro,Múltipla,Curva,Sim,2,0,1,0,1,0,1,1,-27.65184843,-48.67604941,SPRF-SC,DEL01-SC,UOP02-DEL01-SC,2024
"648096,0",2024-12-13,sexta-feira,08:00:00,SC,101,"215,0",PALHOCA,Trafegar com motocicleta (ou similar) entre as faixas,Colisão traseira,Com Vítimas Feridas,Pleno dia,Crescente,Céu Claro,Dupla,Reta,Sim,2,0,1,0,0,1,1,2,-27.65184843,-48.67604941,SPRF-SC,DEL01-SC,UOP02-DEL01-SC,2024
"648109,0",2024-12-13,sexta-feira,09:00:00,SC,101,"142,0",BALNEARIO CAMBORIU,Demais falhas mecânicas ou elétricas,Incêndio,Sem Vítimas,Pleno dia,Decrescente,Céu Claro,Dupla,Reta,Sim,1,0,0,0,1,0,0,1,-27.04761729,-48.59995855,SPRF-SC,DEL04-SC,UOP03-DEL04-SC,2024
"648117,0",2024-12-13,sexta-feira,08:45:00,SC,101,"119,0",ITAJAI,Manobra de mudança de faixa,Colisão lateral mesmo sentido,Com Vítimas Feridas,Pleno dia,Crescente,Céu Claro,Dupla,Reta,Sim,2,0,1,0,1,0,1,2,-26.9043179,-48.71555481,SPRF-SC,DEL04-SC,UOP04-DEL04-SC,2024
"648122,0",2024-12-13,sexta-feira,10:10:00,SC,101,"207,4",SAO JOSE,Manobra de mudança de faixa,Colisão lateral mesmo sentido,Com Vítimas Feridas,Pleno dia,Crescente,Céu Claro,Múltipla,Aclive;Reta,Não,2,0,1,0,1,0,1,2,-27.60001226,-48.6226467,SPRF-SC,DEL01-SC,UOP01-DEL01-SC,2024
"648124,0",2024-12-13,sexta-feira,08:15:00,SC,101,"102,7",BALNEARIO PICARRAS,Pedestre andava na pista,Atropelamento de Pedestre,Com Vítimas Feridas,Pleno dia,Crescente,Céu Claro,Dupla,Reta,Não,2,0,1,0,0,1,1,2,-26.77383397,-48.68594062,SPRF-SC,DEL03-SC,UOP02-DEL03-SC,2024
"648158,0",2024-12-13,sexta-feira,13:30:00,SC,101,"79,0",ARAQUARI,Ausência de reação do condutor,Colisão lateral mesmo sentido,Com Vítimas Feridas,Pleno dia,Crescente,Céu Claro,Dupla,Reta,Não,3,0,2,0,1,0,2,2,-26.58559601,-48.72192112,SPRF-SC,DEL03-SC,UOP02-DEL03-SC,2024
"648162,0",2024-12-13,sexta-feira,14:45:00,SC,101,"350,2",JAGUARUNA,Manobra de mudança de faixa,Colisão lateral mesmo sentido,Com Vítimas Feridas,Pleno dia,Crescente,Céu Claro,Dupla,Reta;Aclive,Não,2,0,1,0,1,0,1,2,-28.58988203,-49.04517307,SPRF-SC,DEL02-SC,UOP01-DEL02-SC,2024
"648170,0",2024-12-13,sexta-feira,15:35:00,SC,101,"35,1",JOINVILLE,Trafegar com motocicleta (ou similar) entre as faixas,Colisão traseira,Com Vítimas Feridas,Pleno dia,Crescente,Nublado,Dupla,Reta,Sim,3,0,1,0,2,0,1,2,-26.2411301,-48.91227415,SPRF-SC,DEL03-SC,UOP01-DEL03-SC,2024
"648181,0",2024-12-13,sexta-feira,14:40:00,SC,101,"148,0",ITAPEMA,Condutor deixou de manter distância do veículo da frente,Colisão traseira,Sem Vítimas,Pleno dia,Decrescente,Céu Claro,Múltipla,Reta,Sim,2,0,0,0,1,1,0,2,-27.10123686,-48.61807962,SPRF-SC,DEL04-SC,UOP03-DEL04-SC,2024
"648214,0",2024-12-13,sexta-feira,15:45:00,SC,116,"5,5",MAFRA,Ausência de reação do condutor,Colisão frontal,Sem Vítimas,Pleno dia,Crescente,Céu Claro,Simples,Reta,Sim,3,0,0,0,3,0,0,2,-26.14094396,-49.81508303,SPRF-SC,DEL06-SC,UOP01-DEL06-SC,2024
"648217,0",2024-12-13,sexta-feira,18:40:00,SC,470,"48,0",BLUMENAU,Trafegar com motocicleta (ou similar) entre as faixas,Colisão lateral mesmo sentido,Com Vítimas Feridas,Plena Noite,Decrescente,Céu Claro,Dupla,Em Obras,Não,2,0,1,0,1,0,1,2,-26.859823,-49.055393,SPRF-SC,DEL04-SC,UOP01-DEL04-SC,2024
"648224,0",2024-12-13,sexta-feira,17:50:00,SC,101,"116,9",ITAJAI,Trafegar com motocicleta (ou similar) entre as faixas,Colisão lateral mesmo sentido,Com Vítimas Feridas,Anoitecer,Crescente,Nublado,Múltipla,Reta,Sim,2,0,1,0,1,0,1,2,-26.87905605,-48.72603512,SPRF-SC,DEL04-SC,UOP04-DEL04-SC,2024
"648233,0",2024-12-13,sexta-feira,19:00:00,SC,280,"30,0",ARAQUARI,Ultrapassagem Indevida,Colisão frontal,Com Vítimas Feridas,Plena Noite,Crescente,Nublado,Simples,Reta,Sim,3,0,1,1,1,0,2,2,-26.4141523,-48.76209493,SPRF-SC,DEL03-SC,UOP03-DEL03-SC,2024
"648263,0",2024-12-13,sexta-feira,21:35:00,SC,101,"222,2",PALHOCA,Ingestão de álcool pelo condutor,Saída de leito carroçável,Sem Vítimas,Plena Noite,Crescente,Chuva,Dupla,Reta,Não,2,0,0,0,2,0,0,1,-27.70865409,-48.65586407,SPRF-SC,DEL01-SC,UOP02-DEL01-SC,2024
"648281,0",2024-12-13,sexta-feira,22:30:00,SC,101,"382,0",ICARA,Pedestre cruzava a pista fora da faixa,Atropelamento de Pedestre,Com Vítimas Feridas,Plena Noite,Crescente,Nublado,Simples,Aclive;Reta,Não,2,0,1,1,0,0,2,2,-28.75966988,-49.28552404,SPRF-SC,DEL02-SC,UOP02-DEL02-SC,2024
"648282,0",2024-12-13,sexta-feira,21:45:00,SC,101,"427,2",SOMBRIO,Avarias e/ou desgaste excessivo no pneu,Tombamento,Com Vítimas Feridas,Plena Noite,Decrescente,Nublado,Múltipla,Reta,Não,2,0,2,0,0,0,2,1,-29.0329064,-49.60623553,SPRF-SC,DEL02-SC,UOP02-DEL02-SC,2024
"648283,0",2024-12-13,sexta-feira,23:20:00,SC,101,"434,2",SOMBRIO,Condutor Dormindo,Saída de leito carroçável,Com Vítimas Feridas,Plena Noite,Crescente,Garoa/Chuvisco,Múltipla,Reta,Sim,1,0,0,1,0,0,1,1,-29.0997051,-49.63498592,SPRF-SC,DEL02-SC,UOP02-DEL02-SC,2024
"648295,0",2024-12-14,sábado,00:58:00,SC,101,"207,4",SAO JOSE,Reação tardia ou ineficiente do condutor,Tombamento,Com Vítimas Feridas,Plena Noite,Decrescente,Chuva,Múltipla,Reta,Sim,1,0,0,1,0,0,1,1,-27.60001226,-48.6226467,SPRF-SC,DEL01-SC,UOP01-DEL01-SC,2024
"648301,0",2024-12-14,sábado,00:45:00,SC,101,"138,0",BALNEARIO CAMBORIU,Entrada inopinada do pedestre,Atropelamento de Pedestre,Com Vítimas Feridas,Plena Noite,Crescente,Garoa/Chuvisco,Dupla,Reta,Sim,2,0,2,0,0,0,2,2,-27.02397426,-48.60761649,SPRF-SC,DEL04-SC,UOP03-DEL04-SC,2024
"648304,0",2024-12-14,sábado,01:20:00,SC,101,"388,9",CRICIUMA,Ingestão de álcool pelo condutor,Saída de leito carroçável,Com Vítimas Feridas,Plena Noite,Decrescente,Chuva,Dupla,Reta,Não,2,0,1,1,0,0,2,1,-28.78529329,-49.33739925,SPRF-SC,DEL02-SC,UOP02-DEL02-SC,2024
"648321,0",2024-12-14,sábado,03:50:00,SC,470,"248,9",CURITIBANOS,Transitar na contramão,Colisão frontal,Sem Vítimas,Plena Noite,Decrescente,Garoa/Chuvisco,Simples,Rotatória,Sim,3,0,0,0,2,1,0,2,-27.314163,-50.550713,SPRF-SC,DEL05-SC,UOP03-DEL05-SC,2024
"648325,0",2024-12-14,sábado,05:50:00,SC,101,"207,0",SAO JOSE,Reação tardia ou ineficiente do condutor,Colisão transversal,Com Vítimas Feridas,Amanhecer,Decrescente,Chuva,Múltipla,Reta;Declive,Sim,2,0,0,1,1,0,1,2,-27.60001226,-48.6226467,SPRF-SC,DEL01-SC,UOP01-DEL01-SC,2024
"648329,0",2024-12-14,sábado,04:50:00,SC,280,"130,0",RIO NEGRINHO,Acessar a via sem observar a presença dos outros veículos,Colisão transversal,Com Vítimas Feridas,Amanhecer,Decrescente,Chuva,Simples,Aclive;Interseção de Vias,Sim,2,0,1,0,1,0,1,2,-26.2530246,-49.52924913,SPRF-SC,DEL06-SC,UOP03-DEL06-SC,2024
"648345,0",2024-12-14,sábado,05:45:00,SC,116,"183,1",SAO CRISTOVAO DO SUL,Ausência de reação do condutor,Saída de leito carroçável,Sem Vítimas,Amanhecer,Crescente,Nublado,Simples,Curva,Não,2,0,0,0,1,1,0,1,-27.2929189,-50.43356775,SPRF-SC,DEL05-SC,UOP03-DEL05-SC,2024
"648353,0",2024-12-14,sábado,07:30:00,SC,101,"180,0",BIGUACU,Reação tardia ou ineficiente do condutor,Colisão com objeto,Sem Vítimas,Pleno dia,Decrescente,Chuva,Múltipla,Reta,Não,1,0,0,0,1,0,0,1,-27.3811238,-48.63090648,SPRF-SC,DEL01-SC,UOP01-DEL01-SC,2024
"648361,0",2024-12-14,sábado,07:30:00,SC,470,"158,0",TROMBUDO CENTRAL,Reação tardia ou ineficiente do condutor,Colisão traseira,Com Vítimas Feridas,Pleno dia,Crescente,Céu Claro,Simples,Aclive;Reta,Não,2,0,0,1,1,0,1,2,-27.287016,-49.778389,SPRF-SC,DEL04-SC,UOP02-DEL04-SC,2024
"648383,0",2024-12-14,sábado,09:00:00,SC,101,"193,0",BIGUACU,Chuva,Saída de leito carroçável,Sem Vítimas,Pleno dia,Crescente,Chuva,Dupla,Curva,Sim,1,0,0,0,1,0,0,1,-27.489574,-48.655914,SPRF-SC,DEL01-SC,UOP01-DEL01-SC,2024
"648389,0",2024-12-14,sábado,08:00:00,SC,101,"361,0",SANGAO,Acumulo de água sobre o pavimento,Colisão traseira,Com Vítimas Feridas,Pleno dia,Decrescente,Chuva,Dupla,Curva,Sim,3,0,1,0,2,0,1,2,-28.67550565,-49.12566662,SPRF-SC,DEL02-SC,UOP01-DEL02-SC,2024
"648409,0",2024-12-14,sábado,12:00:00,SC,282,"63,7",RANCHO QUEIMADO,Ausência de reação do condutor,Colisão traseira,Com Vítimas Feridas,Pleno dia,Crescente,Nublado,Simples,Reta;Aclive,Não,2,0,1,0,1,0,1,2,-27.69657841,-49.05010879,SPRF-SC,DEL01-SC,UOP03-DEL01-SC,2024
"648422,0",2024-09-20,sexta-feira,16:40:00,SC,470,"64,0",INDAIAL,Conversão proibida,Colisão transversal,Com Vítimas Feridas,Pleno dia,Decrescente,Nublado,Simples,Reta,Não,2,0,0,1,1,0,1,2,-26.869867,-49.201859,SPRF-SC,DEL04-SC,UOP01-DEL04-SC,2024
"648433,0",2024-12-14,sábado,10:20:00,SC,101,"144,0",ITAPEMA,Ausência de reação do condutor,Colisão traseira,Com Vítimas Feridas,Pleno dia,Decrescente,Garoa/Chuvisco,Múltipla,Curva,Sim,3,0,1,0,2,0,1,2,-27.0732659,-48.59672716,SPRF-SC,DEL04-SC,UOP03-DEL04-SC,2024
"648435,0",2024-12-14,sábado,13:30:00,SC,282,"490,8",FAXINAL DOS GUEDES,Reação tardia ou ineficiente do condutor,Saída de leito carroçável,Com Vítimas Feridas,Pleno dia,Decrescente,Céu Claro,Simples,Reta,Não,4,0,3,0,1,0,3,1,-26.87301113,-52.27940261,SPRF-SC,DEL07-SC,UOP01-DEL07-SC,2024
"648466,0",2024-12-14,sábado,15:50:00,SC,470,"88,6",ASCURRA,Acessar a via sem observar a presença dos outros veículos,Colisão transversal,Sem Vítimas,Pleno dia,Decrescente,Céu Claro,Simples,Curva,Não,2,0,0,0,1,1,0,2,-26.955355,-49.373169,SPRF-SC,DEL04-SC,UOP01-DEL04-SC,2024
"648478,0",2024-12-14,sábado,17:20:00,SC,101,"112,0",NAVEGANTES,Ingestão de álcool pelo condutor,Tombamento,Sem Vítimas,Pleno dia,Crescente,Céu Claro,Dupla,Curva;Retorno Regulamentado,Não,1,0,0,0,1,0,0,1,-26.84589005,-48.72131295,SPRF-SC,DEL04-SC,UOP04-DEL04-SC,2024
"648500,0",2024-12-14,sábado,17:55:00,SC,470,"55,7",BLUMENAU,Ingestão de álcool pelo condutor,Colisão frontal,Com Vítimas Feridas,Pleno dia,Crescente,Nublado,Simples,Em Obras;Reta,Sim,4,0,0,1,3,0,1,4,-26.875601,-49.117992,SPRF-SC,DEL04-SC,UOP01-DEL04-SC,2024
"648501,0",2024-12-14,sábado,11:20:00,SC,101,"150,0",ITAPEMA,Condutor deixou de manter distância do veículo da frente,Colisão traseira,Com Vítimas Feridas,Pleno dia,Decrescente,Céu Claro,Dupla,Reta,Sim,2,0,1,0,1,0,1,2,-27.11744799,-48.60940987,SPRF-SC,DEL04-SC,UOP03-DEL04-SC,2024
"648504,0",2024-12-14,sábado,18:20:00,SC,282,"423,0",VARGEM BONITA,Demais falhas mecânicas ou elétricas,Incêndio,Sem Vítimas,Pleno dia,Crescente,Nublado,Simples,Rotatória,Sim,1,0,0,0,0,1,0,1,-27.003728,-51.739777,SPRF-SC,DEL07-SC,UOP05-DEL07-SC,2024
"648513,0",2024-12-14,sábado,18:35:00,SC,280,"35,0",ARAQUARI,Conversão proibida,Colisão transversal,Com Vítimas Feridas,Anoitecer,Decrescente,Céu Claro,Simples,Curva,Sim,4,0,2,0,1,1,2,3,-26.43447549,-48.80453914,SPRF-SC,DEL03-SC,UOP03-DEL03-SC,2024
"648532,0",2024-12-14,sábado,19:15:00,SC,282,"216,0",LAGES,Condutor deixou de manter distância do veículo da frente,Colisão traseira,Com Vítimas Feridas,Plena Noite,Crescente,Céu Claro,Simples,Reta,Sim,3,0,0,1,0,2,1,3,-27.797529,-50.291862,SPRF-SC,DEL05-SC,UOP01-DEL05-SC,2024
"648544,0",2024-12-14,sábado,18:10:00,SC,470,"173,0",POUSO REDONDO,Condutor deixou de manter distância do veículo da frente,Colisão traseira,Com Vítimas Feridas,Pleno dia,Decrescente,Céu Claro,Simples,Reta,Sim,2,0,1,0,1,0,1,2,-27.25984,-49.919285,SPRF-SC,DEL04-SC,UOP02-DEL04-SC,2024
"648549,0",2024-12-14,sábado,21:30:00,SC,101,"240,0",PALHOCA,Demais falhas mecânicas ou elétricas,Incêndio,Sem Vítimas,Plena Noite,Crescente,Nublado,Dupla,Reta,Não,1,0,0,0,1,0,0,1,-27.85825092,-48.64383119,SPRF-SC,DEL01-SC,UOP02-DEL01-SC,2024
"648566,0",2024-12-14,sábado,22:10:00,SC,101,"66,2",ARAQUARI,Velocidade Incompatível,Capotamento,Com Vítimas Fatais,Plena Noite,Decrescente,Céu Claro,Dupla,Curva,Não,1,1,0,0,0,0,0,1,-26.4809991,-48.7362257,SPRF-SC,DEL03-SC,UOP02-DEL03-SC,2024
"648577,0",2024-12-14,sábado,21:25:00,SC,480,"129,0",CHAPECO,Ultrapassagem Indevida,Colisão lateral mesmo sentido,Sem Vítimas,Plena Noite,Crescente,Ignorado,Dupla,Curva;Declive,Sim,2,0,0,0,2,0,0,2,-27.04656607,-52.63577131,SPRF-SC,DEL07-SC,UOP01-DEL07-SC,2024
"648580,0",2024-12-14,sábado,23:00:00,SC,101,"376,0",ICARA,Ingestão de álcool pelo condutor,Saída de leito carroçável,Com Vítimas Feridas,Plena Noite,Crescente,Nublado,Múltipla,Viaduto;Aclive,Sim,1,0,1,0,0,0,1,1,-28.72736111,-49.24066084,SPRF-SC,DEL02-SC,UOP01-DEL02-SC,2024
"648608,0",2024-12-15,domingo,05:15:00,SC,101,"207,0",SAO JOSE,Manobra de mudança de faixa,Tombamento,Com Vítimas Feridas,Amanhecer,Decrescente,Céu Claro,Múltipla,Curva,Não,2,0,1,0,0,1,1,2,-27.60001226,-48.6226467,SPRF-SC,DEL01-SC,UOP01-DEL01-SC,2024
"648620,0",2024-12-15,domingo,05:45:00,SC,101,"40,0",JOINVILLE,Ingestão de álcool pelo condutor,Saída de leito carroçável,Sem Vítimas,Amanhecer,Crescente,Céu Claro,Simples,Reta,Sim,1,0,0,0,1,0,0,1,-26.27176094,-48.89468382,SPRF-SC,DEL03-SC,UOP01-DEL03-SC,2024
"648650,0",2024-12-15,domingo,08:15:00,SC,101,"199,4",SAO JOSE,Reação tardia ou ineficiente do condutor,Queda de ocupante de veículo,Com Vítimas Feridas,Pleno dia,Decrescente,Céu Claro,Dupla,Reta,Sim,1,0,0,1,0,0,1,1,-27.53413705,-48.63003205,SPRF-SC,DEL01-SC,UOP01-DEL01-SC,2024
"648683,0",2024-12-15,domingo,09:40:00,SC,153,"75,0",IRANI,Acessar a via sem observar a presença dos outros veículos,Colisão transversal,Com Vítimas Feridas,Pleno dia,Crescente,Céu Claro,Simples,Reta,Não,5,0,4,1,0,0,5,2,-27.0849,-51.909855,SPRF-SC,DEL07-SC,UOP04-DEL07-SC,2024
"648696,0",2024-12-15,domingo,12:00:00,SC,280,"133,6",RIO NEGRINHO,Ausência de reação do condutor,Saída de leito carroçável,Com Vítimas Feridas,Pleno dia,Crescente,Céu Claro,Simples,Aclive;Curva,Sim,1,0,1,0,0,0,1,1,-26.27008706,-49.56143975,SPRF-SC,DEL06-SC,UOP03-DEL06-SC,2024
"648734,0",2024-12-15,domingo,13:15:00,SC,280,"4,0",SAO FRANCISCO DO SUL,Conversão proibida,Colisão lateral mesmo sentido,Com Vítimas Feridas,Pleno dia,Crescente,Céu Claro,Simples,Reta,Sim,4,0,2,0,2,0,2,2,-26.25448795,-48.6201936,SPRF-SC,DEL03-SC,UOP03-DEL03-SC,2024
"648736,0",2024-12-15,domingo,17:00:00,SC,282,"25,0",SANTO AMARO DA IMPERATRIZ,Demais falhas mecânicas ou elétricas,Incêndio,Sem Vítimas,Anoitecer,Decrescente,Céu Claro,Simples,Curva,Sim,4,0,0,0,4,0,0,1,-27.678228,-48.752895,SPRF-SC,DEL01-SC,UOP03-DEL01-SC,2024
"648743,0",2024-12-15,domingo,17:00:00,SC,101,"27,0",JOINVILLE,Desrespeitar a preferência no cruzamento,Colisão transversal,Sem Vítimas,Pleno dia,Crescente,Céu Claro,Dupla,Rotatória;Viaduto,Sim,2,0,0,0,2,0,0,2,-26.20130351,-48.91331794,SPRF-SC,DEL03-SC,UOP01-DEL03-SC,2024
"648745,0",2024-12-15,domingo,18:00:00,SC,101,"146,1",ITAPEMA,Condutor deixou de manter distância do veículo da frente,Colisão traseira,Com Vítimas Feridas,Pleno dia,Decrescente,Céu Claro,Dupla,Reta,Sim,3,0,1,0,2,0,1,2,-27.008113,-48.617245,SPRF-SC,DEL04-SC,UOP03-DEL04-SC,2024
"648752,0",2024-12-15,domingo,16:30:00,SC,101,"133,4",BALNEARIO CAMBORIU,Ausência de reação do condutor,Colisão traseira,Com Vítimas Feridas,Pleno dia,Decrescente,Sol,Múltipla,Reta,Sim,2,0,1,0,1,0,1,2,-26.99936,-48.64609,SPRF-SC,DEL04-SC,UOP03-DEL04-SC,2024
"648755,0",2024-12-15,domingo,17:30:00,SC,163,"69,6",SAO MIGUEL DO OESTE,Acessar a via sem observar a presença dos outros veículos,Colisão transversal,Sem Vítimas,Pleno dia,Decrescente,Céu Claro,Dupla,Declive;Reta,Sim,2,0,0,0,2,0,0,2,-26.759436,-53.50055292,SPRF-SC,DEL07-SC,UOP03-DEL07-SC,2024
"648761,0",2024-12-15,domingo,17:30:00,SC,101,"213,0",PALHOCA,Reação tardia ou ineficiente do condutor,Colisão traseira,Com Vítimas Feridas,Pleno dia,Crescente,Céu Claro,Múltipla,Reta,Sim,2,0,1,0,1,0,1,2,-27.63697369,-48.66514142,SPRF-SC,DEL01-SC,UOP02-DEL01-SC,2024
"648767,0",2024-12-15,domingo,13:50:00,SC,470,"202,0",PONTE ALTA,Objeto estático sobre o leito carroçável,Colisão com objeto,Sem Vítimas,Pleno dia,Decrescente,Nublado,Simples,Curva,Não,1,0,0,0,1,0,0,1,-27.289907,-50.150261,SPRF-SC,DEL05-SC,UOP03-DEL05-SC,2024
"648777,0",2024-12-15,domingo,16:55:00,SC,282,"68,0",RANCHO QUEIMADO,Ausência de reação do condutor,Saída de leito carroçável,Com Vítimas Feridas,Pleno dia,Decrescente,Céu Claro,Simples,Curva,Não,1,0,1,0,0,0,1,1,-27.692406,-49.075939,SPRF-SC,DEL01-SC,UOP03-DEL01-SC,2024
"648784,0",2024-12-15,domingo,18:10:00,SC,101,"315,0",LAGUNA,Ingestão de álcool pelo condutor,Colisão lateral mesmo sentido,Sem Vítimas,Anoitecer,Crescente,Céu Claro,Dupla,Ponte,Não,2,0,0,0,2,0,0,2,-28.43552413,-48.8343121,SPRF-SC,DEL02-SC,UOP01-DEL02-SC,2024
"648800,0",2024-12-15,domingo,18:10:00,SC,101,"109,0",PENHA,Trafegar com motocicleta (ou similar) entre as faixas,Colisão traseira,Com Vítimas Feridas,Anoitecer,Decrescente,Céu Claro,Dupla,Curva,Não,5,0,1,0,4,0,1,2,-26.8333519,-48.69632106,SPRF-SC,DEL03-SC,UOP02-DEL03-SC,2024
"648815,0",2024-12-15,domingo,21:30:00,SC,101,"204,2",SAO JOSE,Ingestão de álcool pelo condutor,Colisão lateral mesmo sentido,Com Vítimas Feridas,Plena Noite,Decrescente,Céu Claro,Dupla,Reta,Sim,5,0,2,0,3,0,2,2,-27.57413014,-48.61363083,SPRF-SC,DEL01-SC,UOP01-DEL01-SC,2024
"648827,0",2024-12-15,domingo,21:30:00,SC,101,"172,6",TIJUCAS,Demais falhas mecânicas ou elétricas,Tombamento,Com Vítimas Fatais,Plena Noite,Crescente,Céu Claro,Dupla,Reta,Não,2,1,1,0,0,0,1,1,-27.31972312,-48.62840384,SPRF-SC,DEL04-SC,UOP03-DEL04-SC,2024
"648830,0",2024-12-15,domingo,21:08:00,SC,116,"228,7",CORREIA PINTO,Reação tardia ou ineficiente do condutor,Colisão traseira,Com Vítimas Feridas,Plena Noite,Decrescente,Nublado,Simples,Reta,Não,6,0,6,0,0,0,6,2,-27.65872,-50.33627,SPRF-SC,DEL05-SC,UOP03-DEL05-SC,2024
"648852,0",2024-12-16,segunda-feira,03:15:00,SC,101,"368,1",ICARA,Condutor Dormindo,Colisão com objeto,Com Vítimas Feridas,Plena Noite,Crescente,Céu Claro,Múltipla,Curva,Não,3,0,2,0,1,0,2,1,-28.6957326,-49.17347228,SPRF-SC,DEL02-SC,UOP01-DEL02-SC,2024
"648858,0",2024-12-15,domingo,13:30:00,SC,282,"35,0",AGUAS MORNAS,Transitar na contramão,Colisão frontal,Com Vítimas Feridas,Pleno dia,Crescente,Céu Claro,Simples,Curva,Não,3,0,1,0,1,1,1,2,-27.702084,-48.826664,SPRF-SC,DEL01-SC,UOP03-DEL01-SC,2024
"648862,0",2024-12-16,segunda-feira,06:25:00,SC,282,"578,0",PINHALZINHO,Avarias e/ou desgaste excessivo no pneu,Queda de ocupante de veículo,Com Vítimas Feridas,Pleno dia,Decrescente,Céu Claro,Simples,Rotatória,Sim,1,0,1,0,0,0,1,1,-26.838364,-52.985279,SPRF-SC,DEL07-SC,UOP02-DEL07-SC,2024
"648869,0",2024-12-16,segunda-feira,07:00:00,SC,101,"126,0",ITAJAI,Ausência de reação do condutor,Tombamento,Com Vítimas Feridas,Pleno dia,Crescente,Sol,Dupla,Reta,Sim,1,0,1,0,0,0,1,1,-26.95564404,-48.67978366,SPRF-SC,DEL04-SC,UOP04-DEL04-SC,2024
"648885,0",2024-12-16,segunda-feira,07:15:00,SC,470,"33,0",GASPAR,Ausência de reação do condutor,Tombamento,Com Vítimas Feridas,Pleno dia,Decrescente,Céu Claro,Dupla,Reta,Sim,1,0,1,0,0,0,1,1,-26.906223,-48.940575,SPRF-SC,DEL04-SC,UOP01-DEL04-SC,2024
"648904,0",2024-12-16,segunda-feira,07:30:00,SC,101,"306,0",LAGUNA,Ausência de reação do condutor,Saída de leito carroçável,Com Vítimas Feridas,Pleno dia,Decrescente,Céu Claro,Dupla,Reta,Não,3,0,1,0,2,0,1,1,-28.38437001,-48.77113299,SPRF-SC,DEL02-SC,UOP03-DEL02-SC,2024
"648912,0",2024-12-16,segunda-feira,09:20:00,SC,101,"209,5",SAO JOSE,Condutor deixou de manter distância do veículo da frente,Colisão traseira,Sem Vítimas,Pleno dia,Decrescente,Nublado,Múltipla,Reta,Sim,2,0,0,0,2,0,0,2,-27.61000542,-48.63895057,SPRF-SC,DEL01-SC,UOP01-DEL01-SC,2024
"648918,0",2024-12-16,segunda-feira,10:30:00,SC,101,"206,0",SAO JOSE,Condutor deixou de manter distância do veículo da frente,Colisão traseira,Com Vítimas Feridas,Pleno dia,Decrescente,Céu Claro,Dupla,Reta,Sim,2,0,1,0,1,0,1,2,-27.59193546,-48.61824557,SPRF-SC,DEL01-SC,UOP01-DEL01-SC,2024
"648955,0",2024-12-16,segunda-feira,13:40:00,SC,280,"20,0",ARAQUARI,Acessar a via sem observar a presença dos outros veículos,Colisão lateral mesmo sentido,Com Vítimas Feridas,Pleno dia,Crescente,Céu Claro,Simples,Reta,Sim,2,0,1,0,1,0,1,2,-26.36990477,-48.68224301,SPRF-SC,DEL03-SC,UOP03-DEL03-SC,2024