id,data_inversa,dia_semana,horario,uf,br,km,municipio,causa_acidente,tipo_acidente,classificacao_acidente,fase_dia,sentido_via,condicao_metereologica,tipo_pista,tracado_via,uso_solo,pessoas,mortos,feridos_leves,feridos_graves,ilesos,ignorados,feridos,veiculos,latitude,longitude,regional,delegacia,uop,ano_arquivo
"648963,0",2024-12-16,segunda-feira,14:05:00,SC,101,"16,8",GARUVA,Objeto estático sobre o leito carroçável,Queda de ocupante de veículo,Com Vítimas Feridas,Pleno dia,Crescente,Céu Claro,Dupla,Reta,Não,1,0,1,0,0,0,1,1,-26.11479137,-48.87671471,SPRF-SC,DEL03-SC,UOP01-DEL03-SC,2024
"648970,0",2024-12-16,segunda-feira,15:10:00,SC,101,"147,0",ITAPEMA,Ausência de reação do condutor,Colisão traseira,Com Vítimas Feridas,Pleno dia,Decrescente,Nublado,Múltipla,Reta,Sim,3,0,1,0,2,0,1,2,-27.09237407,-48.61730888,SPRF-SC,DEL04-SC,UOP03-DEL04-SC,2024
"648975,0",2024-12-16,segunda-feira,15:00:00,SC,101,"119,0",ITAJAI,Condutor deixou de manter distância do veículo da frente,Colisão lateral mesmo sentido,Com Vítimas Feridas,Pleno dia,Crescente,Céu Claro,Dupla,Reta,Sim,2,0,1,0,1,0,1,2,-26.9043179,-48.71555481,SPRF-SC,DEL04-SC,UOP04-DEL04-SC,2024
"649000,0",2024-12-16,segunda-feira,17:30:00,SC,101,"158,0",PORTO BELO,Manobra de mudança de faixa,Colisão lateral mesmo sentido,Com Vítimas Feridas,Pleno dia,Decrescente,Céu Claro,Dupla,Reta;Aclive,Sim,2,0,1,0,1,0,1,2,-27.19096301,-48.61259017,SPRF-SC,DEL04-SC,UOP03-DEL04-SC,2024
"649013,0",2024-12-16,segunda-feira,18:10:00,SC,101,"204,0",SAO JOSE,Chuva,Tombamento,Com Vítimas Feridas,Anoitecer,Crescente,Chuva,Múltipla,Reta,Sim,1,0,0,1,0,0,1,1,-27.57413014,-48.61363083,SPRF-SC,DEL01-SC,UOP01-DEL01-SC,2024
"649026,0",2024-12-16,segunda-feira,19:30:00,SC,101,"211,4",PALHOCA,Ausência de reação do condutor,Tombamento,Com Vítimas Feridas,Plena Noite,Crescente,Chuva,Múltipla,Reta,Sim,1,0,0,1,0,0,1,1,-27.62329313,-48.65245588,SPRF-SC,DEL01-SC,UOP02-DEL01-SC,2024
"649049,0",2024-12-16,segunda-feira,23:00:00,SC,282,"4,0",SAO JOSE,Pedestre cruzava a pista fora da faixa,Atropelamento de Pedestre,Com Vítimas Feridas,Plena Noite,Crescente,Céu Claro,Dupla,Reta,Sim,2,0,2,0,0,0,2,2,-27.592646,-48.604034,SPRF-SC,DEL01-SC,UOP01-DEL01-SC,2024
"649051,0",2024-12-16,segunda-feira,23:20:00,SC,101,"208,0",SAO JOSE,Manobra de mudança de faixa,Colisão transversal,Com Vítimas Feridas,Plena Noite,Decrescente,Nublado,Múltipla,Interseção de Vias;Reta,Sim,2,0,1,0,1,0,1,2,-27.60327979,-48.63201818,SPRF-SC,DEL01-SC,UOP01-DEL01-SC,2024
"649066,0",2024-12-17,terça-feira,03:45:00,SC,101,"340,0",TUBARAO,Ausência de reação do condutor,Saída de leito carroçável,Sem Vítimas,Plena Noite,Crescente,Céu Claro,Dupla,Reta,Sim,1,0,0,0,1,0,0,1,-28.501444,-49.04690399,SPRF-SC,DEL02-SC,UOP01-DEL02-SC,2024
"649076,0",2024-12-16,segunda-feira,16:45:00,SC,282,"4,0",FLORIANOPOLIS,Demais falhas mecânicas ou elétricas,Incêndio,Sem Vítimas,Pleno dia,Crescente,Chuva,Múltipla,Curva,Sim,1,0,0,0,0,1,0,1,-27.592646,-48.604034,SPRF-SC,DEL01-SC,UOP01-DEL01-SC,2024
"649077,0",2024-12-17,terça-feira,03:00:00,SC,101,"121,0",ITAJAI,Reação tardia ou ineficiente do condutor,Capotamento,Sem Vítimas,Plena Noite,Decrescente,Céu Claro,Dupla,Reta,Não,1,0,0,0,0,1,0,1,-26.92103178,-48.70856446,SPRF-SC,DEL04-SC,UOP04-DEL04-SC,2024
"649082,0",2024-12-17,terça-feira,06:00:00,SC,282,"495,0",XANXERE,Reação tardia ou ineficiente do condutor,Tombamento,Com Vítimas Feridas,Amanhecer,Decrescente,Nublado,Simples,Aclive;Curva,Não,1,0,1,0,0,0,1,1,-26.87246847,-52.31895447,SPRF-SC,DEL07-SC,UOP01-DEL07-SC,2024
"649083,0",2024-12-17,terça-feira,07:25:00,SC,101,"218,5",PALHOCA,Ausência de reação do condutor,Colisão traseira,Com Vítimas Feridas,Pleno dia,Decrescente,Céu Claro,Dupla,Reta,Sim,2,0,1,0,1,0,1,2,-27.6758601,-48.67052525,SPRF-SC,DEL01-SC,UOP02-DEL01-SC,2024
"649090,0",2024-12-17,terça-feira,06:00:00,SC,101,"40,5",JOINVILLE,Manobra de mudança de faixa,Colisão traseira,Com Vítimas Feridas,Pleno dia,Decrescente,Céu Claro,Dupla,Reta,Sim,2,0,1,0,0,1,1,2,-26.27176094,-48.89468382,SPRF-SC,DEL03-SC,UOP01-DEL03-SC,2024
"649115,0",2024-12-17,terça-feira,07:45:00,SC,280,"233,9",CANOINHAS,Acessar a via sem observar a presença dos outros veículos,Colisão transversal,Com Vítimas Feridas,Pleno dia,Crescente,Céu Claro,Simples,Declive;Reta,Sim,7,0,0,1,6,0,1,3,-26.191148,-50.400495,SPRF-SC,DEL06-SC,UOP04-DEL06-SC,2024
"649121,0",2024-12-17,terça-feira,10:00:00,SC,101,"117,0",ITAJAI,Reação tardia ou ineficiente do condutor,Colisão traseira,Com Vítimas Feridas,Pleno dia,Crescente,Céu Claro,Dupla,Reta,Sim,2,0,1,0,1,0,1,2,-26.88747187,-48.72252969,SPRF-SC,DEL04-SC,UOP04-DEL04-SC,2024
"649125,0",2024-05-04,sábado,00:50:00,SC,101,"207,0",SAO JOSE,Reação tardia ou ineficiente do condutor,Colisão traseira,Com Vítimas Feridas,Plena Noite,Crescente,Garoa/Chuvisco,Múltipla,Curva,Sim,3,0,0,1,2,0,1,3,-27.60001226,-48.6226467,SPRF-SC,DEL01-SC,UOP01-DEL01-SC,2024
"649130,0",2024-12-17,terça-feira,10:00:00,SC,280,"50,0",GUARAMIRIM,Acessar a via sem observar a presença dos outros veículos,Colisão transversal,Com Vítimas Feridas,Pleno dia,Crescente,Céu Claro,Dupla,Desvio Temporário;Em Obras;Curva,Sim,2,0,0,1,1,0,1,2,-26.4619489,-48.94618404,SPRF-SC,DEL03-SC,UOP03-DEL03-SC,2024
"649134,0",2024-12-17,terça-feira,11:00:00,SC,101,"333,0",TUBARAO,Ausência de reação do condutor,Colisão traseira,Com Vítimas Feridas,Pleno dia,Crescente,Céu Claro,Dupla,Reta,Sim,2,0,0,1,1,0,1,2,-28.46630107,-48.99653096,SPRF-SC,DEL02-SC,UOP01-DEL02-SC,2024
"649142,0",2024-12-17,terça-feira,11:50:00,SC,101,"198,2",BIGUACU,Reação tardia ou ineficiente do condutor,Tombamento,Com Vítimas Feridas,Pleno dia,Decrescente,Céu Claro,Dupla,Reta,Sim,2,0,1,0,1,0,1,2,-27.52658712,-48.63506019,SPRF-SC,DEL01-SC,UOP01-DEL01-SC,2024
"649149,0",2024-12-17,terça-feira,12:00:00,SC,470,"58,0",BLUMENAU,Acessar a via sem observar a presença dos outros veículos,Colisão transversal,Com Vítimas Feridas,Pleno dia,Crescente,Céu Claro,Simples,Curva;Aclive,Sim,2,0,1,0,1,0,1,2,-26.88373602,-49.15198445,SPRF-SC,DEL04-SC,UOP01-DEL04-SC,2024
"649150,0",2024-12-17,terça-feira,11:30:00,SC,101,"372,9",ICARA,Avarias e/ou desgaste excessivo no pneu,Colisão com objeto,Com Vítimas Feridas,Pleno dia,Decrescente,Céu Claro,Múltipla,Curva;Aclive,Não,2,0,1,0,1,0,1,1,-28.70864509,-49.20924696,SPRF-SC,DEL02-SC,UOP01-DEL02-SC,2024
"649151,0",2024-12-17,terça-feira,11:45:00,SC,101,"152,6",PORTO BELO,Reação tardia ou ineficiente do condutor,Colisão traseira,Com Vítimas Fatais,Pleno dia,Crescente,Céu Claro,Múltipla,Reta,Não,4,1,0,1,2,0,1,3,-27.1415793,-48.61021,SPRF-SC,DEL04-SC,UOP03-DEL04-SC,2024
"649163,0",2024-12-17,terça-feira,13:15:00,SC,101,"257,0",PAULO LOPES,Ausência de reação do condutor,Queda de ocupante de veículo,Com Vítimas Feridas,Pleno dia,Crescente,Céu Claro,Dupla,Reta,Não,2,0,1,0,1,0,1,1,-27.99701205,-48.68755194,SPRF-SC,DEL02-SC,UOP03-DEL02-SC,2024
"649176,0",2024-12-17,terça-feira,11:40:00,SC,280,"7,3",SAO FRANCISCO DO SUL,Acesso irregular,Colisão transversal,Com Vítimas Feridas,Pleno dia,Decrescente,Sol,Simples,Reta,Sim,2,0,0,1,1,0,1,2,-26.27127101,-48.64129599,SPRF-SC,DEL03-SC,UOP03-DEL03-SC,2024
"649183,0",2024-12-08,domingo,20:20:00,SC,282,"623,5",IRACEMINHA,Pista esburacada,Saída de leito carroçável,Com Vítimas Feridas,Plena Noite,Crescente,Garoa/Chuvisco,Simples,Reta,Não,3,0,1,0,2,0,1,1,-26.798798,-53.339088,SPRF-SC,DEL07-SC,UOP02-DEL07-SC,2024
"649191,0",2024-12-17,terça-feira,11:55:00,SC,101,"103,0",BALNEARIO PICARRAS,Manobra de mudança de faixa,Colisão lateral mesmo sentido,Com Vítimas Feridas,Pleno dia,Crescente,Céu Claro,Dupla,Reta,Não,2,0,1,0,1,0,1,2,-26.7832381,-48.68314632,SPRF-SC,DEL03-SC,UOP02-DEL03-SC,2024
"649223,0",2024-12-17,terça-feira,18:00:00,SC,101,"144,0",ITAPEMA,Trafegar com motocicleta (ou similar) entre as faixas,Colisão lateral mesmo sentido,Com Vítimas Feridas,Pleno dia,Decrescente,Céu Claro,Dupla,Reta,Sim,2,0,1,0,1,0,1,2,-27.0732659,-48.59672716,SPRF-SC,DEL04-SC,UOP03-DEL04-SC,2024
"649228,0",2024-12-17,terça-feira,12:20:00,SC,163,"71,5",SAO MIGUEL DO OESTE,Manobra de mudança de faixa,Colisão lateral mesmo sentido,Com Vítimas Feridas,Pleno dia,Crescente,Céu Claro,Dupla,Declive;Reta,Sim,2,0,1,0,1,0,1,2,-26.72772401,-53.51281303,SPRF-SC,DEL07-SC,UOP03-DEL07-SC,2024
"649247,0",2024-12-17,terça-feira,16:30:00,SC,158,"114,0",CUNHA PORA,Condutor deixou de manter distância do veículo da frente,Colisão traseira,Com Vítimas Feridas,Pleno dia,Decrescente,Céu Claro,Simples,Reta,Não,1,0,1,0,0,0,1,1,-26.81671742,-53.18309784,SPRF-SC,DEL07-SC,UOP02-DEL07-SC,2024
"649264,0",2024-12-17,terça-feira,21:40:00,SC,163,"90,0",GUARACIABA,Velocidade Incompatível,Saída de leito carroçável,Sem Vítimas,Plena Noite,Crescente,Céu Claro,Simples,Rotatória,Não,2,0,0,0,0,2,0,2,-26.5662744,-53.51004116,SPRF-SC,DEL07-SC,UOP03-DEL07-SC,2024
"649358,0",2024-12-18,quarta-feira,12:20:00,SC,101,"193,0",BIGUACU,Desrespeitar a preferência no cruzamento,Colisão transversal,Com Vítimas Feridas,Pleno dia,Crescente,Céu Claro,Simples,Interseção de Vias,Sim,2,0,1,0,1,0,1,2,-27.489574,-48.655914,SPRF-SC,DEL01-SC,UOP01-DEL01-SC,2024
"649387,0",2024-12-18,quarta-feira,15:10:00,SC,101,"208,5",SAO JOSE,Condutor deixou de manter distância do veículo da frente,Colisão traseira,Com Vítimas Feridas,Pleno dia,Crescente,Céu Claro,Múltipla,Reta,Sim,3,0,2,0,1,0,2,2,-27.60327979,-48.63201818,SPRF-SC,DEL01-SC,UOP01-DEL01-SC,2024
"649389,0",2024-12-18,quarta-feira,15:45:00,SC,101,"208,5",SAO JOSE,Reação tardia ou ineficiente do condutor,Colisão traseira,Com Vítimas Feridas,Pleno dia,Decrescente,Sol,Múltipla,Reta,Sim,2,0,1,0,1,0,1,2,-27.60327979,-48.63201818,SPRF-SC,DEL01-SC,UOP01-DEL01-SC,2024
"649390,0",2024-12-18,quarta-feira,14:00:00,SC,101,"143,0",ITAPEMA,Manobra de mudança de faixa,Colisão lateral mesmo sentido,Com Vítimas Feridas,Pleno dia,Crescente,Céu Claro,Múltipla,Reta,Sim,2,0,1,0,0,1,1,2,-27.06436,-48.59599405,SPRF-SC,DEL04-SC,UOP03-DEL04-SC,2024
"649420,0",2024-12-18,quarta-feira,16:25:00,SC,280,"126,2",RIO NEGRINHO,Acessar a via sem observar a presença dos outros veículos,Colisão transversal,Com Vítimas Feridas,Pleno dia,Crescente,Céu Claro,Simples,Reta;Declive,Sim,3,0,1,0,2,0,1,2,-26.23819957,-49.49679852,SPRF-SC,DEL06-SC,UOP03-DEL06-SC,2024
"649422,0",2024-12-18,quarta-feira,18:00:00,SC,101,"0,0",BIGUACU,Reação tardia ou ineficiente do condutor,Colisão traseira,Com Vítimas Feridas,Pleno dia,Crescente,Céu Claro,Múltipla,Reta,Sim,4,0,3,0,1,0,3,3,-27.4704755,-48.6410878,SPRF-SC,DEL03-SC,UOP01-DEL03-SC,2024
"649424,0",2024-12-18,quarta-feira,18:30:00,SC,101,"203,0",SAO JOSE,Acumulo de óleo sobre o pavimento,Tombamento,Com Vítimas Feridas,Pleno dia,Crescente,Nublado,Múltipla,Rotatória,Sim,1,0,1,0,0,0,1,1,-27.5650044,-48.61460082,SPRF-SC,DEL01-SC,UOP01-DEL01-SC,2024
"649429,0",2024-12-18,quarta-feira,18:00:00,SC,101,"153,0",PORTO BELO,Reação tardia ou ineficiente do condutor,Colisão traseira,Com Vítimas Feridas,Anoitecer,Decrescente,Nublado,Dupla,Reta,Sim,3,0,1,0,2,0,1,2,-27.144717,-48.61063935,SPRF-SC,DEL04-SC,UOP03-DEL04-SC,2024
"649450,0",2024-12-18,quarta-feira,20:30:00,SC,101,"199,3",BIGUACU,Reação tardia ou ineficiente do condutor,Colisão traseira,Com Vítimas Feridas,Plena Noite,Crescente,Nublado,Múltipla,Reta,Sim,2,0,1,0,1,0,1,2,-27.53413705,-48.63003205,SPRF-SC,DEL01-SC,UOP01-DEL01-SC,2024
"649461,0",2024-12-18,quarta-feira,20:55:00,SC,101,"47,5",JOINVILLE,Avarias e/ou desgaste excessivo no pneu,Queda de ocupante de veículo,Com Vítimas Feridas,Plena Noite,Crescente,Céu Claro,Dupla,Reta,Não,2,0,1,0,1,0,1,1,-26.34234997,-48.85840089,SPRF-SC,DEL03-SC,UOP01-DEL03-SC,2024
"649465,0",2024-12-18,quarta-feira,21:00:00,SC,116,"60,6",PAPANDUVA,Reação tardia ou ineficiente do condutor,Queda de ocupante de veículo,Com Vítimas Feridas,Plena Noite,Crescente,Céu Claro,Simples,Reta,Não,1,0,0,1,0,0,1,1,-26.38296807,-50.21675059,SPRF-SC,DEL06-SC,UOP02-DEL06-SC,2024
"649491,0",2024-12-19,quinta-feira,04:00:00,SC,101,"250,5",PAULO LOPES,Condutor Dormindo,Colisão com objeto,Com Vítimas Feridas,Plena Noite,Crescente,Céu Claro,Dupla,Reta,Não,1,0,0,1,0,0,1,1,-27.94186028,-48.66644267,SPRF-SC,DEL02-SC,UOP03-DEL02-SC,2024
"649502,0",2024-12-19,quinta-feira,06:10:00,SC,101,"272,0",IMBITUBA,Reação tardia ou ineficiente do condutor,Saída de leito carroçável,Com Vítimas Feridas,Amanhecer,Crescente,Céu Claro,Múltipla,Reta,Não,3,0,1,1,1,0,2,2,-28.12518589,-48.69546711,SPRF-SC,DEL02-SC,UOP03-DEL02-SC,2024
"649517,0",2024-12-06,sexta-feira,18:00:00,SC,282,"221,0",LAGES,Desrespeitar a preferência no cruzamento,Colisão transversal,Com Vítimas Feridas,Pleno dia,Crescente,Céu Claro,Simples,Reta,Sim,2,0,0,1,1,0,1,2,-27.796358,-50.343426,SPRF-SC,DEL05-SC,UOP01-DEL05-SC,2024
"649534,0",2024-12-19,quinta-feira,09:00:00,SC,101,"210,6",SAO JOSE,Manobra de mudança de faixa,Colisão lateral mesmo sentido,Com Vítimas Feridas,Pleno dia,Decrescente,Céu Claro,Múltipla,Reta,Sim,3,0,1,0,2,0,1,2,-27.6167305,-48.6457265,SPRF-SC,DEL01-SC,UOP01-DEL01-SC,2024
"649569,0",2024-12-19,quinta-feira,12:45:00,SC,101,"204,4",SAO JOSE,Reação tardia ou ineficiente do condutor,Colisão com objeto,Com Vítimas Feridas,Pleno dia,Decrescente,Céu Claro,Múltipla,Reta,Sim,1,0,0,1,0,0,1,1,-27.57413014,-48.61363083,SPRF-SC,DEL01-SC,UOP01-DEL01-SC,2024
"649570,0",2024-12-19,quinta-feira,08:30:00,SC,101,"316,5",PESCARIA BRAVA,Avarias e/ou desgaste excessivo no pneu,Tombamento,Com Vítimas Feridas,Pleno dia,Crescente,Céu Claro,Múltipla,Reta,Não,2,0,2,0,0,0,2,1,-28.42904239,-48.84257464,SPRF-SC,DEL02-SC,UOP01-DEL02-SC,2024
"649573,0",2024-12-19,quinta-feira,08:00:00,SC,101,"333,0",TUBARAO,Acessar a via sem observar a presença dos outros veículos,Colisão transversal,Com Vítimas Feridas,Pleno dia,Crescente,Céu Claro,Simples,Reta,Sim,2,0,1,0,1,0,1,2,-28.46630107,-48.99653096,SPRF-SC,DEL02-SC,UOP01-DEL02-SC,2024
"649578,0",2024-12-19,quinta-feira,13:00:00,SC,101,"146,7",ITAPEMA,Acessar a via sem observar a presença dos outros veículos,Colisão transversal,Com Vítimas Feridas,Pleno dia,Decrescente,Nublado,Dupla,Reta,Sim,2,0,1,0,1,0,1,2,-27.09237407,-48.61730888,SPRF-SC,DEL04-SC,UOP03-DEL04-SC,2024
"649589,0",2024-12-19,quinta-feira,14:00:00,SC,101,"113,0",ITAJAI,Ausência de reação do condutor,Tombamento,Com Vítimas Feridas,Pleno dia,Crescente,Sol,Dupla,Reta,Não,1,0,0,1,0,0,1,1,-26.85311393,-48.72689927,SPRF-SC,DEL04-SC,UOP04-DEL04-SC,2024
"649608,0",2024-12-19,quinta-feira,13:30:00,SC,280,"21,3",ARAQUARI,Acessar a via sem observar a presença dos outros veículos,Colisão transversal,Com Vítimas Feridas,Pleno dia,Decrescente,Céu Claro,Simples,Reta,Não,3,0,2,0,1,0,2,2,-26.37043169,-48.69219602,SPRF-SC,DEL03-SC,UOP03-DEL03-SC,2024
"649622,0",2024-12-19,quinta-feira,13:00:00,SC,280,"25,4",ARAQUARI,Transitar no Acostamento,Colisão frontal,Com Vítimas Feridas,Pleno dia,Crescente,Sol,Simples,Reta,Sim,3,0,2,0,1,0,2,2,-26.38352781,-48.72677516,SPRF-SC,DEL03-SC,UOP03-DEL03-SC,2024
"649667,0",2024-12-19,quinta-feira,19:00:00,SC,101,"400,0",MARACAJA,Chuva,Colisão com objeto,Com Vítimas Feridas,Plena Noite,Decrescente,Chuva,Múltipla,Declive;Reta,Não,2,0,2,0,0,0,2,1,-28.84846615,-49.4346268,SPRF-SC,DEL02-SC,UOP02-DEL02-SC,2024
"649669,0",2024-12-19,quinta-feira,20:00:00,SC,470,"30,0",GASPAR,Ingestão de álcool pelo condutor,Capotamento,Com Vítimas Feridas,Plena Noite,Crescente,Chuva,Dupla,Curva,Não,1,0,1,0,0,0,1,1,-26.89332976,-48.91091824,SPRF-SC,DEL04-SC,UOP01-DEL04-SC,2024
"649676,0",2024-12-19,quinta-feira,18:00:00,SC,470,"248,6",CURITIBANOS,Acessar a via sem observar a presença dos outros veículos,Colisão transversal,Sem Vítimas,Pleno dia,Crescente,Chuva,Simples,Reta,Sim,5,0,0,0,5,0,0,2,-27.31454847,-50.57148457,SPRF-SC,DEL05-SC,UOP03-DEL05-SC,2024
"649687,0",2024-12-19,quinta-feira,17:20:00,SC,158,"143,0",PALMITOS,Ingestão de álcool pelo condutor,Capotamento,Com Vítimas Feridas,Pleno dia,Crescente,Céu Claro,Simples,Reta,Não,1,0,1,0,0,0,1,1,-27.14275317,-53.21391106,SPRF-SC,DEL07-SC,UOP02-DEL07-SC,2024
"649700,0",2024-12-19,quinta-feira,20:40:00,SC,101,"149,2",ITAPEMA,Ultrapassagem Indevida,Colisão lateral mesmo sentido,Com Vítimas Feridas,Plena Noite,Decrescente,Chuva,Simples,Reta,Não,3,0,0,1,2,0,1,3,-27.1089649,-48.61277586,SPRF-SC,DEL04-SC,UOP03-DEL04-SC,2024
"649736,0",2024-12-20,sexta-feira,04:40:00,SC,101,"417,2",ARARANGUA,Ingestão de álcool pelo condutor,Saída de leito carroçável,Sem Vítimas,Plena Noite,Crescente,Nublado,Múltipla,Reta,Sim,1,0,0,0,1,0,0,1,-28.97376391,-49.53023409,SPRF-SC,DEL02-SC,UOP02-DEL02-SC,2024
"649738,0",2024-12-20,sexta-feira,05:00:00,SC,282,"5,6",SAO JOSE,Velocidade Incompatível,Saída de leito carroçável,Sem Vítimas,Pleno dia,Crescente,Céu Claro,Simples,Curva,Não,1,0,0,0,0,1,0,1,-27.588425,-48.612919,SPRF-SC,DEL01-SC,UOP01-DEL01-SC,2024
"649743,0",2024-12-20,sexta-feira,03:00:00,SC,282,"547,3",CHAPECO,Velocidade Incompatível,Colisão com objeto,Sem Vítimas,Plena Noite,Crescente,Céu Claro,Simples,Rotatória,Não,1,0,0,0,0,1,0,1,-26.973904,-52.745403,SPRF-SC,DEL07-SC,UOP01-DEL07-SC,2024
"649746,0",2024-12-20,sexta-feira,05:40:00,SC,101,"401,7",MARACAJA,Reação tardia ou ineficiente do condutor,Tombamento,Com Vítimas Feridas,Amanhecer,Decrescente,Céu Claro,Múltipla,Reta,Não,1,0,1,0,0,0,1,1,-28.85594274,-49.44019434,SPRF-SC,DEL02-SC,UOP02-DEL02-SC,2024
"649789,0",2024-12-11,quarta-feira,20:15:00,SC,282,"1,0",FLORIANOPOLIS,Trafegar com motocicleta (ou similar) entre as faixas,Colisão lateral mesmo sentido,Com Vítimas Feridas,Plena Noite,Crescente,Céu Claro,Múltipla,Aclive;Reta,Sim,2,0,1,0,1,0,1,2,-27.602955,-48.580509,SPRF-SC,DEL01-SC,UOP01-DEL01-SC,2024
"649793,0",2024-12-20,sexta-feira,10:10:00,SC,282,"3,5",FLORIANOPOLIS,Trafegar com motocicleta (ou similar) entre as faixas,Colisão lateral mesmo sentido,Com Vítimas Feridas,Pleno dia,Crescente,Sol,Múltipla,Reta,Sim,4,0,2,0,2,0,2,3,-27.600384,-48.599705,SPRF-SC,DEL01-SC,UOP01-DEL01-SC,2024
"649803,0",2024-12-20,sexta-feira,09:30:00,SC,101,"91,0",BARRA VELHA,Trafegar com motocicleta (ou similar) entre as faixas,Queda de ocupante de veículo,Com Vítimas Feridas,Pleno dia,Crescente,Nublado,Múltipla,Reta,Não,2,0,1,0,1,0,1,2,-26.67120698,-48.69011814,SPRF-SC,DEL03-SC,UOP02-DEL03-SC,2024
"649813,0",2024-12-20,sexta-feira,12:00:00,SC,101,"138,0",BALNEARIO CAMBORIU,Condutor deixou de manter distância do veículo da frente,Colisão traseira,Com Vítimas Feridas,Pleno dia,Crescente,Céu Claro,Múltipla,Reta,Sim,2,0,1,0,1,0,1,2,-27.02397426,-48.60761649,SPRF-SC,DEL04-SC,UOP03-DEL04-SC,2024
"649827,0",2024-12-20,sexta-feira,12:50:00,SC,101,"40,0",JOINVILLE,Condutor deixou de manter distância do veículo da frente,Engavetamento,Sem Vítimas,Pleno dia,Decrescente,Céu Claro,Simples,Viaduto,Sim,3,0,0,0,2,1,0,3,-26.30572642,-48.88126373,SPRF-SC,DEL03-SC,UOP01-DEL03-SC,2024
"649831,0",2024-12-20,sexta-feira,13:00:00,SC,101,"201,0",SAO JOSE,Pedestre andava na pista,Atropelamento de Pedestre,Com Vítimas Feridas,Pleno dia,Crescente,Céu Claro,Dupla,Reta,Não,2,0,1,0,0,1,1,2,-27.54836599,-48.61977975,SPRF-SC,DEL01-SC,UOP01-DEL01-SC,2024
"649839,0",2024-12-20,sexta-feira,14:15:00,SC,101,"422,9",ARARANGUA,Reação tardia ou ineficiente do condutor,Colisão lateral mesmo sentido,Com Vítimas Feridas,Pleno dia,Crescente,Céu Claro,Múltipla,Reta,Não,2,0,1,0,1,0,1,2,-29.01049369,-49.57295179,SPRF-SC,DEL02-SC,UOP02-DEL02-SC,2024
"649844,0",2024-12-20,sexta-feira,15:00:00,SC,101,"12,2",GARUVA,Ausência de reação do condutor,Colisão traseira,Com Vítimas Feridas,Pleno dia,Crescente,Nublado,Dupla,Reta,Não,4,0,2,0,2,0,2,2,-26.08104399,-48.86175612,SPRF-SC,DEL03-SC,UOP01-DEL03-SC,2024
"649855,0",2024-12-20,sexta-feira,15:00:00,SC,101,"113,0",ITAJAI,Ausência de reação do condutor,Tombamento,Com Vítimas Feridas,Pleno dia,Crescente,Céu Claro,Múltipla,Reta,Não,1,0,0,1,0,0,1,1,-26.85311393,-48.72689927,SPRF-SC,DEL04-SC,UOP04-DEL04-SC,2024
"649875,0",2024-12-20,sexta-feira,13:55:00,SC,280,"68,0",JARAGUA DO SUL,Acessar a via sem observar a presença dos outros veículos,Colisão transversal,Com Vítimas Feridas,Pleno dia,Decrescente,Céu Claro,Simples,Reta,Sim,2,0,0,1,0,1,1,2,-26.47277719,-49.11098612,SPRF-SC,DEL03-SC,UOP03-DEL03-SC,2024
"649894,0",2024-12-20,sexta-feira,09:50:00,SC,101,"292,5",IMBITUBA,Condutor deixou de manter distância do veículo da frente,Colisão traseira,Com Vítimas Feridas,Pleno dia,Crescente,Sol,Dupla,Reta,Sim,4,0,1,0,3,0,1,2,-28.278057,-48.700386,SPRF-SC,DEL02-SC,UOP03-DEL02-SC,2024
"649907,0",2024-12-20,sexta-feira,17:00:00,SC,163,"84,5",GUARACIABA,Condutor deixou de manter distância do veículo da frente,Colisão traseira,Com Vítimas Feridas,Pleno dia,Crescente,Céu Claro,Simples,Aclive;Reta,Não,7,0,1,0,6,0,1,4,-26.62425308,-53.51596135,SPRF-SC,DEL07-SC,UOP03-DEL07-SC,2024
"649908,0",2024-12-20,sexta-feira,14:00:00,SC,163,"115,0",DIONISIO CERQUEIRA,Avarias e/ou desgaste excessivo no pneu,Saída de leito carroçável,Com Vítimas Feridas,Pleno dia,Decrescente,Sol,Simples,Declive,Não,2,0,2,0,0,0,2,1,-26.36827905,-53.53348015,SPRF-SC,DEL07-SC,UOP03-DEL07-SC,2024
"649910,0",2024-12-20,sexta-feira,18:00:00,SC,101,"127,0",ITAJAI,Ausência de reação do condutor,Colisão lateral mesmo sentido,Com Vítimas Feridas,Anoitecer,Crescente,Nublado,Dupla,Curva,Não,2,0,1,0,1,0,1,2,-26.9639319,-48.68328024,SPRF-SC,DEL04-SC,UOP04-DEL04-SC,2024
"649912,0",2024-12-20,sexta-feira,17:45:00,SC,101,"205,1",SAO JOSE,Trafegar com motocicleta (ou similar) entre as faixas,Colisão lateral mesmo sentido,Com Vítimas Feridas,Pleno dia,Crescente,Céu Claro,Múltipla,Reta,Sim,3,0,1,0,1,1,1,2,-27.58313237,-48.61532885,SPRF-SC,DEL01-SC,UOP01-DEL01-SC,2024
"649923,0",2024-12-20,sexta-feira,18:45:00,SC,470,"67,6",INDAIAL,Ausência de reação do condutor,Colisão traseira,Com Vítimas Feridas,Pleno dia,Decrescente,Céu Claro,Simples,Reta,Sim,4,0,2,0,2,0,2,2,-26.87535866,-49.2360878,SPRF-SC,DEL04-SC,UOP01-DEL04-SC,2024