id,data_inversa,dia_semana,horario,uf,br,km,municipio,causa_acidente,tipo_acidente,classificacao_acidente,fase_dia,sentido_via,condicao_metereologica,tipo_pista,tracado_via,uso_solo,pessoas,mortos,feridos_leves,feridos_graves,ilesos,ignorados,feridos,veiculos,latitude,longitude,regional,delegacia,uop,ano_arquivo
"649935,0",2024-12-20,sexta-feira,19:00:00,SC,101,"210,8",SAO JOSE,Condutor deixou de manter distância do veículo da frente,Colisão traseira,Com Vítimas Feridas,Plena Noite,Decrescente,Céu Claro,Dupla,Reta,Sim,2,0,1,0,0,1,1,2,-27.6167305,-48.6457265,SPRF-SC,DEL01-SC,UOP01-DEL01-SC,2024
"649943,0",2024-12-20,sexta-feira,19:50:00,SC,470,"55,5",BLUMENAU,Ingestão de álcool pelo condutor,Colisão lateral sentido oposto,Com Vítimas Feridas,Plena Noite,Decrescente,Céu Claro,Simples,Reta,Não,2,0,2,0,0,0,2,2,-26.875601,-49.117992,SPRF-SC,DEL04-SC,UOP01-DEL04-SC,2024
"649957,0",2024-12-20,sexta-feira,20:20:00,SC,101,"2,2",ARARANGUA,Desrespeitar a preferência no cruzamento,Colisão transversal,Com Vítimas Feridas,Plena Noite,Crescente,Nublado,Simples,Interseção de Vias,Sim,2,0,1,0,1,0,1,2,-28.93973508,-49.49778557,SPRF-SC,DEL03-SC,UOP01-DEL03-SC,2024
"649968,0",2024-12-20,sexta-feira,13:50:00,SC,470,"53,0",BLUMENAU,Acessar a via sem observar a presença dos outros veículos,Colisão transversal,Com Vítimas Feridas,Pleno dia,Decrescente,Céu Claro,Simples,Reta,Sim,2,0,2,0,0,0,2,2,-26.867121,-49.102066,SPRF-SC,DEL04-SC,UOP01-DEL04-SC,2024
"649988,0",2024-12-20,sexta-feira,18:30:00,SC,470,"262,9",CURITIBANOS,Transitar na contramão,Colisão frontal,Com Vítimas Feridas,Anoitecer,Crescente,Céu Claro,Simples,Reta,Não,3,0,2,0,1,0,2,2,-27.300419,-50.69104,SPRF-SC,DEL05-SC,UOP03-DEL05-SC,2024
"650023,0",2024-12-20,sexta-feira,23:20:00,SC,116,"31,8",ITAIOPOLIS,Transitar na contramão,Colisão frontal,Com Vítimas Feridas,Plena Noite,Decrescente,Céu Claro,Simples,Reta,Não,4,0,1,2,1,0,3,2,-26.31708989,-49.97099106,SPRF-SC,DEL06-SC,UOP01-DEL06-SC,2024
"650024,0",2024-12-20,sexta-feira,23:10:00,SC,282,"107,4",ALFREDO WAGNER,Ausência de reação do condutor,Atropelamento de Pedestre,Com Vítimas Fatais,Plena Noite,Crescente,Céu Claro,Simples,Reta,Não,3,1,0,1,0,1,1,3,-27.7070938,-49.3516228,SPRF-SC,DEL01-SC,UOP03-DEL01-SC,2024
"650032,0",2024-12-21,sábado,02:00:00,SC,101,"144,0",ITAPEMA,Ausência de reação do condutor,Saída de leito carroçável,Com Vítimas Feridas,Plena Noite,Decrescente,Nublado,Dupla,Reta,Sim,2,0,1,0,1,0,1,1,-27.0732659,-48.59672716,SPRF-SC,DEL04-SC,UOP03-DEL04-SC,2024
"650037,0",2024-12-21,sábado,02:50:00,SC,101,"135,0",BALNEARIO CAMBORIU,Ingestão de álcool pelo condutor,Saída de leito carroçável,Sem Vítimas,Plena Noite,Crescente,Nublado,Dupla,Retorno Regulamentado;Curva,Sim,1,0,0,0,1,0,0,1,-27.0050108,-48.62677494,SPRF-SC,DEL04-SC,UOP03-DEL04-SC,2024
"650041,0",2024-12-21,sábado,03:00:00,SC,282,"511,0",XANXERE,Reação tardia ou ineficiente do condutor,Saída de leito carroçável,Sem Vítimas,Plena Noite,Crescente,Céu Claro,Simples,Curva,Não,1,0,0,0,0,1,0,1,-26.90411296,-52.46291399,SPRF-SC,DEL07-SC,UOP01-DEL07-SC,2024
"650044,0",2024-12-21,sábado,04:30:00,SC,101,"200,0",SAO JOSE,Avarias e/ou desgaste excessivo no pneu,Tombamento,Com Vítimas Feridas,Amanhecer,Crescente,Céu Claro,Múltipla,Declive;Reta,Sim,2,0,0,2,0,0,2,1,-27.54343365,-48.62080514,SPRF-SC,DEL01-SC,UOP01-DEL01-SC,2024
"650051,0",2024-12-21,sábado,04:57:00,SC,282,"506,4",XANXERE,Ingestão de álcool pelo condutor,Colisão com objeto,Sem Vítimas,Amanhecer,Crescente,Céu Claro,Dupla,Reta,Não,1,0,0,0,1,0,0,1,-26.885712,-52.42907,SPRF-SC,DEL07-SC,UOP01-DEL07-SC,2024
"650056,0",2024-12-21,sábado,05:30:00,SC,101,"434,0",SOMBRIO,Demais falhas mecânicas ou elétricas,Incêndio,Sem Vítimas,Amanhecer,Crescente,Céu Claro,Múltipla,Reta,Sim,1,0,0,0,1,0,0,1,-29.1001148,-49.63519514,SPRF-SC,DEL02-SC,UOP02-DEL02-SC,2024
"650058,0",2024-12-21,sábado,03:00:00,SC,282,"565,0",NOVA ERECHIM,Reação tardia ou ineficiente do condutor,Saída de leito carroçável,Sem Vítimas,Plena Noite,Crescente,Céu Claro,Simples,Curva,Não,1,0,0,0,0,1,0,1,-26.900272,-52.888309,SPRF-SC,DEL07-SC,UOP02-DEL07-SC,2024
"650060,0",2024-12-20,sexta-feira,00:50:00,SC,282,"460,2",PONTE SERRADA,Ausência de reação do condutor,Saída de leito carroçável,Com Vítimas Feridas,Plena Noite,Crescente,Céu Claro,Simples,Reta,Sim,1,0,1,0,0,0,1,1,-26.856062,-52.03215,SPRF-SC,DEL07-SC,UOP04-DEL07-SC,2024
"650062,0",2024-12-21,sábado,06:04:00,SC,101,"6,2",GARUVA,Reação tardia ou ineficiente do condutor,Colisão com objeto,Com Vítimas Feridas,Pleno dia,Decrescente,Céu Claro,Dupla,Reta,Não,1,0,1,0,0,0,1,1,-26.02941642,-48.86092186,SPRF-SC,DEL03-SC,UOP01-DEL03-SC,2024
"650080,0",2024-12-21,sábado,06:50:00,SC,101,"130,0",CAMBORIU,Acessar a via sem observar a presença dos outros veículos,Colisão frontal,Com Vítimas Feridas,Pleno dia,Crescente,Céu Claro,Simples,Reta,Sim,2,0,0,1,1,0,1,2,-26.98407618,-48.66977107,SPRF-SC,DEL04-SC,UOP03-DEL04-SC,2024
"650133,0",2024-12-21,sábado,09:40:00,SC,280,"22,0",ARAQUARI,Acessar a via sem observar a presença dos outros veículos,Colisão transversal,Com Vítimas Feridas,Pleno dia,Crescente,Nublado,Simples,Reta;Interseção de Vias,Sim,5,0,4,0,1,0,4,2,-26.37092616,-48.70204099,SPRF-SC,DEL03-SC,UOP03-DEL03-SC,2024
"650134,0",2024-12-21,sábado,04:15:00,SC,282,"225,4",LAGES,Ingestão de álcool pelo condutor,Saída de leito carroçável,Sem Vítimas,Plena Noite,Decrescente,Céu Claro,Simples,Reta,Não,1,0,0,0,0,1,0,1,-27.794176,-50.379559,SPRF-SC,DEL05-SC,UOP02-DEL05-SC,2024
"650142,0",2024-12-21,sábado,10:30:00,SC,282,"15,5",PALHOCA,Reação tardia ou ineficiente do condutor,Colisão transversal,Com Vítimas Feridas,Pleno dia,Decrescente,Céu Claro,Simples,Interseção de Vias;Reta,Sim,3,0,1,1,1,0,2,2,-27.651848,-48.676048,SPRF-SC,DEL01-SC,UOP02-DEL01-SC,2024
"650153,0",2024-12-21,sábado,07:05:00,SC,282,"348,0",CAMPOS NOVOS,Ingestão de álcool pelo condutor,Colisão frontal,Com Vítimas Feridas,Pleno dia,Decrescente,Céu Claro,Simples,Aclive;Reta,Não,2,0,1,1,0,0,2,2,-27.361637,-51.273197,SPRF-SC,DEL07-SC,UOP06-DEL07-SC,2024
"650159,0",2024-12-21,sábado,08:40:00,SC,282,"348,0",CAMPOS NOVOS,Condutor deixou de manter distância do veículo da frente,Colisão traseira,Com Vítimas Feridas,Pleno dia,Crescente,Céu Claro,Simples,Reta;Declive,Não,3,0,2,0,1,0,2,2,-27.361637,-51.273197,SPRF-SC,DEL07-SC,UOP06-DEL07-SC,2024
"650167,0",2024-12-21,sábado,10:20:00,SC,101,"379,5",ICARA,Desrespeitar a preferência no cruzamento,Colisão transversal,Com Vítimas Feridas,Pleno dia,Decrescente,Céu Claro,Múltipla,Declive,Não,2,0,1,0,1,0,1,2,-28.756102,-49.278812,SPRF-SC,DEL02-SC,UOP02-DEL02-SC,2024
"650173,0",2024-12-21,sábado,08:00:00,SC,101,"282,0",IMBITUBA,Acessar a via sem observar a presença dos outros veículos,Colisão frontal,Com Vítimas Feridas,Pleno dia,Crescente,Céu Claro,Múltipla,Reta;Interseção de Vias,Não,2,0,1,0,1,0,1,2,-28.19626005,-48.69739859,SPRF-SC,DEL02-SC,UOP03-DEL02-SC,2024
"650181,0",2024-12-21,sábado,13:00:00,SC,101,"232,1",PALHOCA,Avarias e/ou desgaste excessivo no pneu,Tombamento,Com Vítimas Feridas,Pleno dia,Crescente,Céu Claro,Dupla,Aclive,Não,2,0,1,0,0,1,1,1,-27.795666,-48.638153,SPRF-SC,DEL01-SC,UOP02-DEL01-SC,2024
"650196,0",2024-12-21,sábado,14:00:00,SC,470,"168,0",POUSO REDONDO,Velocidade Incompatível,Capotamento,Com Vítimas Feridas,Pleno dia,Crescente,Céu Claro,Simples,Reta,Não,2,0,2,0,0,0,2,1,-27.266994,-49.872524,SPRF-SC,DEL04-SC,UOP02-DEL04-SC,2024
"650199,0",2024-12-21,sábado,13:40:00,SC,282,"1,1",FLORIANOPOLIS,Reação tardia ou ineficiente do condutor,Colisão lateral mesmo sentido,Com Vítimas Feridas,Pleno dia,Decrescente,Céu Claro,Múltipla,Curva,Sim,3,0,2,0,1,0,2,2,-27.602955,-48.580509,SPRF-SC,DEL01-SC,UOP01-DEL01-SC,2024
"650204,0",2024-12-21,sábado,14:00:00,SC,101,"208,1",SAO JOSE,Frear bruscamente,Colisão traseira,Com Vítimas Feridas,Pleno dia,Decrescente,Céu Claro,Múltipla,Reta,Sim,3,0,2,0,1,0,2,2,-27.60327979,-48.63201818,SPRF-SC,DEL01-SC,UOP01-DEL01-SC,2024
"650227,0",2024-12-21,sábado,14:40:00,SC,470,"0,0",GASPAR,Ingestão de álcool pelo condutor,Colisão traseira,Sem Vítimas,Pleno dia,Crescente,Céu Claro,Simples,Reta,Sim,3,0,0,0,1,2,0,3,-26.93187,-48.959316,SPRF-SC,DEL04-SC,UOP01-DEL04-SC,2024
"650228,0",2024-12-21,sábado,13:55:00,SC,280,"22,0",ARAQUARI,Avarias e/ou desgaste excessivo no pneu,Colisão lateral mesmo sentido,Com Vítimas Feridas,Pleno dia,Decrescente,Nublado,Simples,Reta,Não,3,0,2,0,1,0,2,2,-26.37092616,-48.70204099,SPRF-SC,DEL03-SC,UOP03-DEL03-SC,2024
"650237,0",2024-12-21,sábado,15:48:00,SC,101,"204,9",SAO JOSE,Reação tardia ou ineficiente do condutor,Colisão traseira,Com Vítimas Feridas,Pleno dia,Decrescente,Nublado,Múltipla,Reta,Sim,3,0,2,0,1,0,2,2,-27.57413014,-48.61363083,SPRF-SC,DEL01-SC,UOP01-DEL01-SC,2024
"650240,0",2024-12-21,sábado,15:40:00,SC,470,"124,5",IBIRAMA,Velocidade Incompatível,Colisão traseira,Sem Vítimas,Pleno dia,Crescente,Céu Claro,Simples,Reta;Declive,Não,2,0,0,0,0,2,0,2,-27.113192,-49.529163,SPRF-SC,DEL04-SC,UOP02-DEL04-SC,2024
"650248,0",2024-12-21,sábado,16:30:00,SC,101,"146,0",ITAPEMA,Condutor deixou de manter distância do veículo da frente,Colisão traseira,Com Vítimas Feridas,Pleno dia,Decrescente,Céu Claro,Múltipla,Reta,Sim,4,0,1,0,3,0,1,3,-27.08666525,-48.60955587,SPRF-SC,DEL04-SC,UOP03-DEL04-SC,2024
"650252,0",2024-10-19,sábado,02:40:00,SC,470,"35,5",GASPAR,Pedestre - Ingestão de álcool/ substâncias psicoativas,Atropelamento de Pedestre,Com Vítimas Fatais,Plena Noite,Decrescente,Nublado,Simples,Reta,Sim,3,1,2,0,0,0,2,2,-26.91371,-48.96477,SPRF-SC,DEL04-SC,UOP01-DEL04-SC,2024
"650253,0",2024-12-21,sábado,16:50:00,SC,101,"113,7",ITAJAI,Reação tardia ou ineficiente do condutor,Colisão lateral mesmo sentido,Com Vítimas Feridas,Pleno dia,Decrescente,Céu Claro,Dupla,Reta,Sim,2,0,1,0,0,1,1,2,-26.85311393,-48.72689927,SPRF-SC,DEL04-SC,UOP04-DEL04-SC,2024
"650276,0",2024-12-21,sábado,15:30:00,SC,101,"111,6",NAVEGANTES,Acessar a via sem observar a presença dos outros veículos,Colisão lateral mesmo sentido,Sem Vítimas,Pleno dia,Crescente,Sol,Dupla,Viaduto;Reta,Sim,2,0,0,0,2,0,0,2,-26.83955734,-48.71418074,SPRF-SC,DEL04-SC,UOP04-DEL04-SC,2024
"650294,0",2024-12-21,sábado,19:50:00,SC,101,"214,0",PALHOCA,Pedestre cruzava a pista fora da faixa,Atropelamento de Pedestre,Com Vítimas Feridas,Plena Noite,Decrescente,Céu Claro,Múltipla,Reta,Sim,3,0,3,0,0,0,3,2,-27.64443,-48.67057,SPRF-SC,DEL01-SC,UOP02-DEL01-SC,2024
"650330,0",2024-12-21,sábado,18:00:00,SC,480,"130,0",CHAPECO,Velocidade Incompatível,Saída de leito carroçável,Com Vítimas Feridas,Anoitecer,Crescente,Céu Claro,Simples,Curva,Sim,1,0,1,0,0,0,1,1,-27.05534298,-52.63652069,SPRF-SC,DEL07-SC,UOP01-DEL07-SC,2024
"650337,0",2024-12-21,sábado,20:15:00,SC,101,"118,0",ITAJAI,Ingestão de álcool pelo condutor,Colisão lateral sentido oposto,Com Vítimas Feridas,Plena Noite,Crescente,Nublado,Múltipla,Reta,Sim,3,0,1,0,0,2,1,3,-26.895859,-48.71903,SPRF-SC,DEL04-SC,UOP04-DEL04-SC,2024
"650352,0",2024-12-21,sábado,22:15:00,SC,280,"6,0",SAO FRANCISCO DO SUL,Pedestre andava na pista,Atropelamento de Pedestre,Com Vítimas Feridas,Plena Noite,Decrescente,Nublado,Simples,Reta,Não,2,0,1,0,1,0,1,2,-26.26569095,-48.63361804,SPRF-SC,DEL03-SC,UOP03-DEL03-SC,2024
"650357,0",2024-12-21,sábado,23:29:00,SC,282,"58,0",RANCHO QUEIMADO,Ingestão de álcool pelo condutor,Colisão com objeto,Sem Vítimas,Plena Noite,Decrescente,Chuva,Simples,Declive;Curva;Ponte,Não,3,0,0,0,3,0,0,1,-27.683594,-49.005539,SPRF-SC,DEL01-SC,UOP03-DEL01-SC,2024
"650358,0",2024-12-22,domingo,00:00:00,SC,101,"137,0",BALNEARIO CAMBORIU,Ausência de reação do condutor,Colisão traseira,Sem Vítimas,Plena Noite,Crescente,Nublado,Dupla,Reta,Sim,2,0,0,0,2,0,0,2,-27.0157238,-48.61192763,SPRF-SC,DEL04-SC,UOP03-DEL04-SC,2024
"650378,0",2024-12-22,domingo,01:58:00,SC,282,"207,2",LAGES,Ingestão de álcool pelo condutor,Colisão traseira,Sem Vítimas,Plena Noite,Decrescente,Garoa/Chuvisco,Simples,Reta;Rotatória,Sim,2,0,0,0,2,0,0,2,-27.77390856,-50.20370007,SPRF-SC,DEL05-SC,UOP01-DEL05-SC,2024
"650386,0",2024-12-22,domingo,01:20:00,SC,101,"16,6",BIGUACU,Reação tardia ou ineficiente do condutor,Colisão com objeto,Sem Vítimas,Plena Noite,Crescente,Céu Claro,Múltipla,Reta,Sim,1,0,0,0,1,0,0,1,-27.4946,-48.6561,SPRF-SC,DEL01-SC,UOP01-DEL01-SC,2024
"650400,0",2024-12-22,domingo,05:00:00,SC,101,"203,0",SAO JOSE,Reação tardia ou ineficiente do condutor,Colisão com objeto,Sem Vítimas,Amanhecer,Crescente,Céu Claro,Múltipla,Reta,Sim,1,0,0,0,0,1,0,1,-27.5650044,-48.61460082,SPRF-SC,DEL01-SC,UOP01-DEL01-SC,2024
"650401,0",2024-12-22,domingo,05:20:00,SC,470,"128,0",LONTRAS,Frear bruscamente,Colisão frontal,Com Vítimas Feridas,Pleno dia,Crescente,Garoa/Chuvisco,Simples,Curva,Sim,3,0,3,0,0,0,3,2,-27.143742,-49.548897,SPRF-SC,DEL04-SC,UOP02-DEL04-SC,2024
"650413,0",2024-12-22,domingo,06:00:00,SC,101,"203,5",SAO JOSE,Ausência de reação do condutor,Tombamento,Com Vítimas Feridas,Amanhecer,Decrescente,Nublado,Simples,Reta,Sim,1,0,0,1,0,0,1,1,-27.5650044,-48.61460082,SPRF-SC,DEL01-SC,UOP01-DEL01-SC,2024
"650448,0",2024-12-22,domingo,09:30:00,SC,101,"116,0",ITAJAI,Reação tardia ou ineficiente do condutor,Engavetamento,Com Vítimas Feridas,Pleno dia,Crescente,Nublado,Dupla,Reta,Sim,4,0,1,0,3,0,1,3,-26.87905605,-48.72603512,SPRF-SC,DEL04-SC,UOP04-DEL04-SC,2024
"650465,0",2024-12-22,domingo,10:00:00,SC,282,"325,1",CAMPOS NOVOS,Problema na suspensão,Colisão com objeto,Com Vítimas Feridas,Pleno dia,Decrescente,Chuva,Simples,Reta;Ponte,Não,2,0,1,0,1,0,1,1,-27.380039,-51.061966,SPRF-SC,DEL07-SC,UOP06-DEL07-SC,2024
"650466,0",2024-12-22,domingo,10:00:00,SC,470,"49,0",BLUMENAU,Ausência de reação do condutor,Saída de leito carroçável,Com Vítimas Feridas,Pleno dia,Decrescente,Nublado,Dupla,Curva;Interseção de Vias,Sim,2,0,2,0,0,0,2,1,-26.860662,-49.065159,SPRF-SC,DEL04-SC,UOP01-DEL04-SC,2024
"650468,0",2024-12-22,domingo,06:10:00,SC,163,"122,0",DIONISIO CERQUEIRA,Ausência de reação do condutor,Saída de leito carroçável,Com Vítimas Feridas,Pleno dia,Crescente,Céu Claro,Simples,Aclive;Reta,Não,1,0,1,0,0,0,1,1,-26.31219901,-53.54770398,SPRF-SC,DEL07-SC,UOP03-DEL07-SC,2024
"650471,0",2024-12-22,domingo,07:05:00,SC,282,"634,0",DESCANSO,Manobra de mudança de faixa,Colisão lateral mesmo sentido,Com Vítimas Feridas,Pleno dia,Crescente,Céu Claro,Simples,Reta;Aclive,Não,4,0,1,0,3,0,1,2,-26.825808,-53.420979,SPRF-SC,DEL07-SC,UOP03-DEL07-SC,2024
"650479,0",2024-12-22,domingo,10:50:00,SC,282,"64,0",RANCHO QUEIMADO,Velocidade Incompatível,Saída de leito carroçável,Com Vítimas Feridas,Pleno dia,Decrescente,Chuva,Simples,Curva,Não,5,0,4,0,1,0,4,1,-27.696323,-49.052456,SPRF-SC,DEL01-SC,UOP03-DEL01-SC,2024
"650488,0",2024-12-22,domingo,12:00:00,SC,101,"158,0",PORTO BELO,Manobra de mudança de faixa,Colisão traseira,Com Vítimas Feridas,Pleno dia,Crescente,Nublado,Dupla,Reta,Sim,3,0,2,0,1,0,2,2,-27.19096301,-48.61259017,SPRF-SC,DEL04-SC,UOP03-DEL04-SC,2024
"650493,0",2024-12-22,domingo,13:10:00,SC,101,"213,6",PALHOCA,Acessar a via sem observar a presença dos outros veículos,Colisão lateral mesmo sentido,Com Vítimas Feridas,Pleno dia,Decrescente,Garoa/Chuvisco,Simples,Reta,Sim,3,0,2,0,1,0,2,2,-27.63697369,-48.66514142,SPRF-SC,DEL01-SC,UOP02-DEL01-SC,2024
"650494,0",2024-12-22,domingo,12:05:00,SC,101,"123,0",ITAJAI,Condutor deixou de manter distância do veículo da frente,Engavetamento,Com Vítimas Feridas,Pleno dia,Crescente,Céu Claro,Múltipla,Reta;Viaduto,Sim,5,0,2,0,2,1,2,3,-26.93668609,-48.69876905,SPRF-SC,DEL04-SC,UOP04-DEL04-SC,2024
"650499,0",2024-12-22,domingo,13:00:00,SC,101,"86,0",BARRA VELHA,Reação tardia ou ineficiente do condutor,Colisão traseira,Com Vítimas Feridas,Pleno dia,Decrescente,Chuva,Simples,Reta,Não,2,0,0,1,0,1,1,2,-26.63277317,-48.70232513,SPRF-SC,DEL03-SC,UOP02-DEL03-SC,2024
"650501,0",2024-12-22,domingo,11:50:00,SC,282,"400,0",JOACABA,Reação tardia ou ineficiente do condutor,Saída de leito carroçável,Com Vítimas Feridas,Pleno dia,Decrescente,Céu Claro,Simples,Declive;Curva,Não,2,0,1,0,1,0,1,1,-27.139378,-51.621956,SPRF-SC,DEL07-SC,UOP05-DEL07-SC,2024
"650513,0",2024-12-22,domingo,14:10:00,SC,101,"75,8",ARAQUARI,Frear bruscamente,Tombamento,Com Vítimas Feridas,Pleno dia,Crescente,Nublado,Dupla,Reta,Sim,1,0,1,0,0,0,1,1,-26.5519717,-48.71688324,SPRF-SC,DEL03-SC,UOP02-DEL03-SC,2024
"650530,0",2024-12-22,domingo,15:20:00,SC,101,"11,0",BIGUACU,Avarias e/ou desgaste excessivo no pneu,Queda de ocupante de veículo,Com Vítimas Feridas,Pleno dia,Crescente,Chuva,Dupla,Reta,Não,2,0,2,0,0,0,2,1,-27.4946,-48.6561,SPRF-SC,DEL01-SC,UOP01-DEL01-SC,2024
"650532,0",2024-12-22,domingo,15:35:00,SC,101,"260,0",PAULO LOPES,Reação tardia ou ineficiente do condutor,Saída de leito carroçável,Com Vítimas Feridas,Pleno dia,Crescente,Garoa/Chuvisco,Dupla,Declive;Reta,Não,2,0,1,0,1,0,1,1,-28.02315909,-48.7027359,SPRF-SC,DEL02-SC,UOP03-DEL02-SC,2024
"650539,0",2024-12-22,domingo,14:30:00,SC,470,"7,0",NAVEGANTES,Ingestão de álcool pelo condutor,Saída de leito carroçável,Com Vítimas Feridas,Pleno dia,Crescente,Garoa/Chuvisco,Simples,Curva,Sim,2,0,1,0,1,0,1,1,-26.84499,-48.71505,SPRF-SC,DEL04-SC,UOP04-DEL04-SC,2024
"650545,0",2024-12-22,domingo,16:20:00,SC,282,"6,0",SAO JOSE,Velocidade Incompatível,Colisão lateral mesmo sentido,Com Vítimas Feridas,Pleno dia,Crescente,Chuva,Múltipla,Curva;Declive,Não,2,0,1,0,1,0,1,2,-27.591936,-48.618244,SPRF-SC,DEL01-SC,UOP01-DEL01-SC,2024
"650546,0",2024-12-22,domingo,16:30:00,SC,101,"186,0",BIGUACU,Reação tardia ou ineficiente do condutor,Colisão com objeto,Com Vítimas Feridas,Pleno dia,Crescente,Chuva,Dupla,Reta,Sim,2,0,2,0,0,0,2,1,-27.4341098,-48.62567129,SPRF-SC,DEL01-SC,UOP01-DEL01-SC,2024
"650556,0",2024-12-22,domingo,16:45:00,SC,101,"264,3",PAULO LOPES,Ausência de reação do condutor,Colisão com objeto,Com Vítimas Feridas,Pleno dia,Decrescente,Garoa/Chuvisco,Dupla,Curva,Não,1,0,1,0,0,0,1,1,-28.05149404,-48.71632789,SPRF-SC,DEL02-SC,UOP03-DEL02-SC,2024
"650562,0",2024-12-22,domingo,17:30:00,SC,101,"205,0",SAO JOSE,Reação tardia ou ineficiente do condutor,Saída de leito carroçável,Com Vítimas Feridas,Pleno dia,Crescente,Chuva,Dupla,Curva;Declive,Não,2,0,1,1,0,0,2,1,-27.58313237,-48.61532885,SPRF-SC,DEL01-SC,UOP01-DEL01-SC,2024
"650564,0",2024-12-22,domingo,16:40:00,SC,282,"506,0",XANXERE,Velocidade Incompatível,Tombamento,Com Vítimas Feridas,Pleno dia,Crescente,Sol,Dupla,Curva,Sim,2,0,2,0,0,0,2,1,-26.885712,-52.42907,SPRF-SC,DEL07-SC,UOP01-DEL07-SC,2024
"650566,0",2024-12-22,domingo,17:50:00,SC,101,"189,0",BIGUACU,Reação tardia ou ineficiente do condutor,Capotamento,Com Vítimas Feridas,Pleno dia,Crescente,Chuva,Dupla,Reta,Não,1,0,1,0,0,0,1,1,-27.459393,-48.638914,SPRF-SC,DEL01-SC,UOP01-DEL01-SC,2024
"650572,0",2024-12-22,domingo,18:05:00,SC,101,"191,0",BIGUACU,Velocidade Incompatível,Saída de leito carroçável,Com Vítimas Feridas,Pleno dia,Decrescente,Chuva,Dupla,Curva,Não,3,0,2,0,1,0,2,2,-27.47730273,-48.64127329,SPRF-SC,DEL01-SC,UOP01-DEL01-SC,2024
"650615,0",2024-12-22,domingo,18:40:00,SC,280,"154,0",MAFRA,Condutor deixou de manter distância do veículo da frente,Colisão traseira,Sem Vítimas,Pleno dia,Crescente,Chuva,Simples,Curva,Não,5,0,0,0,5,0,0,2,-26.21362587,-49.7181449,SPRF-SC,DEL06-SC,UOP03-DEL06-SC,2024
"650643,0",2024-12-22,domingo,16:10:00,SC,282,"40,8",AGUAS MORNAS,Acessar a via sem observar a presença dos outros veículos,Colisão transversal,Com Vítimas Feridas,Pleno dia,Decrescente,Nublado,Simples,Reta,Não,2,0,1,0,1,0,1,2,-27.716148,-48.869583,SPRF-SC,DEL01-SC,UOP03-DEL01-SC,2024
"650660,0",2024-12-22,domingo,23:30:00,SC,101,"214,4",PALHOCA,Desrespeitar a preferência no cruzamento,Colisão transversal,Com Vítimas Feridas,Plena Noite,Crescente,Chuva,Simples,Interseção de Vias,Sim,2,0,1,0,1,0,1,2,-27.64443,-48.67057,SPRF-SC,DEL01-SC,UOP02-DEL01-SC,2024
"650668,0",2024-12-22,domingo,22:50:00,SC,282,"258,0",SAO JOSE DO CERRITO,Chuva,Saída de leito carroçável,Sem Vítimas,Plena Noite,Decrescente,Chuva,Simples,Curva,Não,1,0,0,0,1,0,0,1,-27.65627675,-50.59655786,SPRF-SC,DEL05-SC,UOP02-DEL05-SC,2024
"650687,0",2024-12-23,segunda-feira,03:50:00,SC,470,"266,0",CURITIBANOS,Condutor Dormindo,Colisão frontal,Com Vítimas Fatais,Plena Noite,Crescente,Nublado,Simples,Reta;Declive,Não,9,1,4,0,4,0,4,2,-27.3129647,-50.7390656,SPRF-SC,DEL05-SC,UOP03-DEL05-SC,2024
"650713,0",2024-12-23,segunda-feira,07:40:00,SC,163,"70,2",SAO MIGUEL DO OESTE,Manobra de mudança de faixa,Colisão lateral mesmo sentido,Com Vítimas Feridas,Pleno dia,Crescente,Céu Claro,Dupla,Reta,Sim,2,0,0,1,1,0,1,2,-26.73461723,-53.50680015,SPRF-SC,DEL07-SC,UOP03-DEL07-SC,2024
"650714,0",2024-07-19,sexta-feira,07:50:00,SC,153,"100,0",CONCORDIA,Transitar na contramão,Colisão frontal,Com Vítimas Feridas,Pleno dia,Decrescente,Céu Claro,Simples,Reta,Sim,3,0,1,2,0,0,3,2,-27.242643,-51.95171,SPRF-SC,DEL07-SC,UOP04-DEL07-SC,2024
"650741,0",2024-12-23,segunda-feira,10:25:00,SC,101,"137,0",BALNEARIO CAMBORIU,Demais falhas mecânicas ou elétricas,Incêndio,Sem Vítimas,Pleno dia,Crescente,Céu Claro,Dupla,Reta,Sim,1,0,0,0,1,0,0,1,-27.0157238,-48.61192763,SPRF-SC,DEL04-SC,UOP03-DEL04-SC,2024
"650780,0",2024-12-23,segunda-feira,13:20:00,SC,470,"7,0",NAVEGANTES,Velocidade Incompatível,Colisão transversal,Com Vítimas Feridas,Pleno dia,Crescente,Nublado,Dupla,Curva,Sim,2,0,0,1,1,0,1,2,-26.84499,-48.71505,SPRF-SC,DEL04-SC,UOP04-DEL04-SC,2024
"650789,0",2024-12-23,segunda-feira,15:00:00,SC,101,"198,6",SAO JOSE,Pedestre cruzava a pista fora da faixa,Colisão traseira,Com Vítimas Feridas,Pleno dia,Crescente,Nublado,Múltipla,Reta,Sim,4,0,1,1,1,1,2,3,-27.52658712,-48.63506019,SPRF-SC,DEL01-SC,UOP01-DEL01-SC,2024
"650812,0",2024-12-23,segunda-feira,16:14:00,SC,163,"68,5",SAO MIGUEL DO OESTE,Acessar a via sem observar a presença dos outros veículos,Colisão transversal,Com Vítimas Feridas,Pleno dia,Crescente,Céu Claro,Dupla,Reta;Interseção de Vias,Sim,4,0,0,1,3,0,1,2,-26.74580874,-53.50085914,SPRF-SC,DEL07-SC,UOP03-DEL07-SC,2024