id,data_inversa,dia_semana,horario,uf,br,km,municipio,causa_acidente,tipo_acidente,classificacao_acidente,fase_dia,sentido_via,condicao_metereologica,tipo_pista,tracado_via,uso_solo,pessoas,mortos,feridos_leves,feridos_graves,ilesos,ignorados,feridos,veiculos,latitude,longitude,regional,delegacia,uop,ano_arquivo
"650827,0",2024-12-23,segunda-feira,17:45:00,SC,101,"212,2",PALHOCA,Condutor deixou de manter distância do veículo da frente,Colisão traseira,Com Vítimas Feridas,Pleno dia,Decrescente,Céu Claro,Múltipla,Reta,Sim,2,0,1,0,1,0,1,2,-27.62996929,-48.65903871,SPRF-SC,DEL01-SC,UOP02-DEL01-SC,2024
"650831,0",2024-12-23,segunda-feira,17:40:00,SC,101,"124,0",ITAJAI,Condutor deixou de manter distância do veículo da frente,Colisão traseira,Com Vítimas Feridas,Pleno dia,Crescente,Nublado,Dupla,Reta,Não,3,0,2,0,1,0,2,2,-26.94335064,-48.69198648,SPRF-SC,DEL04-SC,UOP04-DEL04-SC,2024
"650848,0",2024-12-23,segunda-feira,18:40:00,SC,282,"2,4",FLORIANOPOLIS,Manobra de mudança de faixa,Colisão lateral mesmo sentido,Com Vítimas Feridas,Anoitecer,Decrescente,Céu Claro,Múltipla,Reta,Sim,4,0,3,0,1,0,3,3,-27.603289,-48.590416,SPRF-SC,DEL01-SC,UOP01-DEL01-SC,2024
"650865,0",2024-12-23,segunda-feira,19:15:00,SC,470,"66,8",INDAIAL,Acesso irregular,Colisão transversal,Com Vítimas Feridas,Plena Noite,Decrescente,Ignorado,Simples,Reta,Sim,4,0,2,0,2,0,2,2,-26.87164542,-49.22975779,SPRF-SC,DEL04-SC,UOP01-DEL04-SC,2024
"650874,0",2024-12-23,segunda-feira,09:35:00,SC,280,"86,0",CORUPA,Reação tardia ou ineficiente do condutor,Saída de leito carroçável,Com Vítimas Feridas,Pleno dia,Decrescente,Garoa/Chuvisco,Simples,Curva,Sim,3,0,2,0,1,0,2,1,-26.42267896,-49.25298059,SPRF-SC,DEL06-SC,UOP03-DEL06-SC,2024
"650879,0",2024-12-23,segunda-feira,16:36:00,SC,280,"100,2",SAO BENTO DO SUL,Pista Escorregadia,Saída de leito carroçável,Com Vítimas Feridas,Pleno dia,Crescente,Garoa/Chuvisco,Simples,Curva,Não,2,0,1,0,1,0,1,1,-26.37158361,-49.33137101,SPRF-SC,DEL06-SC,UOP03-DEL06-SC,2024
"650901,0",2024-12-23,segunda-feira,21:50:00,SC,101,"282,0",IMBITUBA,Reação tardia ou ineficiente do condutor,Saída de leito carroçável,Sem Vítimas,Plena Noite,Decrescente,Ignorado,Múltipla,Reta,Sim,1,0,0,0,1,0,0,1,-28.19626005,-48.69739859,SPRF-SC,DEL02-SC,UOP03-DEL02-SC,2024
"650906,0",2024-12-23,segunda-feira,22:27:00,SC,101,"443,7",SANTA ROSA DO SUL,Desrespeitar a preferência no cruzamento,Colisão transversal,Com Vítimas Feridas,Plena Noite,Crescente,Céu Claro,Simples,Interseção de Vias;Viaduto;Reta,Sim,3,0,2,1,0,0,3,2,-29.13223626,-49.69660393,SPRF-SC,DEL02-SC,UOP02-DEL02-SC,2024
"650912,0",2024-12-24,terça-feira,01:30:00,SC,101,"206,9",SAO JOSE,Participar de racha,Tombamento,Com Vítimas Feridas,Plena Noite,Crescente,Céu Claro,Múltipla,Curva,Sim,1,0,0,1,0,0,1,1,-27.60099307,-48.62383604,SPRF-SC,DEL01-SC,UOP01-DEL01-SC,2024
"650919,0",2024-12-24,terça-feira,02:00:00,SC,101,"23,0",SAO JOSE,Reação tardia ou ineficiente do condutor,Queda de ocupante de veículo,Com Vítimas Feridas,Plena Noite,Decrescente,Céu Claro,Dupla,Reta,Não,1,0,1,0,0,0,1,1,-27.5884,-48.6128,SPRF-SC,DEL01-SC,UOP02-DEL01-SC,2024
"650949,0",2024-11-22,sexta-feira,19:05:00,SC,101,"157,0",PORTO BELO,Condutor deixou de manter distância do veículo da frente,Colisão traseira,Com Vítimas Feridas,Plena Noite,Crescente,Garoa/Chuvisco,Múltipla,Reta,Não,2,0,1,0,1,0,1,2,-27.181625,-48.6121179,SPRF-SC,DEL04-SC,UOP03-DEL04-SC,2024
"650960,0",2024-12-24,terça-feira,09:00:00,SC,101,"117,0",ITAJAI,Desrespeitar a preferência no cruzamento,Colisão transversal,Com Vítimas Feridas,Pleno dia,Crescente,Garoa/Chuvisco,Simples,Ponte;Interseção de Vias;Rotatória;Viaduto;Retorno Regulamentado,Não,2,0,1,0,1,0,1,2,-26.88747187,-48.72252969,SPRF-SC,DEL04-SC,UOP04-DEL04-SC,2024
"650965,0",2024-12-22,domingo,18:15:00,SC,470,"53,2",BLUMENAU,Conversão proibida,Colisão transversal,Com Vítimas Feridas,Pleno dia,Decrescente,Nublado,Simples,Em Obras;Reta,Sim,3,0,1,1,1,0,2,2,-26.864044,-49.046516,SPRF-SC,DEL04-SC,UOP01-DEL04-SC,2024
"650981,0",2024-12-24,terça-feira,09:10:00,SC,280,"105,7",SAO BENTO DO SUL,Reação tardia ou ineficiente do condutor,Colisão com objeto,Sem Vítimas,Pleno dia,Decrescente,Nublado,Simples,Aclive;Curva,Não,1,0,0,0,0,1,0,1,-26.35641481,-49.36407482,SPRF-SC,DEL06-SC,UOP03-DEL06-SC,2024
"650994,0",2024-12-24,terça-feira,11:11:00,SC,101,"434,7",SOMBRIO,Desrespeitar a preferência no cruzamento,Colisão transversal,Com Vítimas Feridas,Pleno dia,Crescente,Céu Claro,Múltipla,Retorno Regulamentado;Interseção de Vias;Viaduto,Sim,2,0,0,1,1,0,1,2,-29.10350174,-49.63610172,SPRF-SC,DEL02-SC,UOP02-DEL02-SC,2024
"650995,0",2024-12-24,terça-feira,12:50:00,SC,101,"194,1",BIGUACU,Desrespeitar a preferência no cruzamento,Colisão transversal,Com Vítimas Feridas,Pleno dia,Crescente,Nublado,Múltipla,Interseção de Vias;Viaduto,Sim,2,0,1,0,1,0,1,2,-27.49815117,-48.65661236,SPRF-SC,DEL01-SC,UOP01-DEL01-SC,2024
"651001,0",2024-12-24,terça-feira,10:40:00,SC,282,"482,9",FAXINAL DOS GUEDES,Reação tardia ou ineficiente do condutor,Capotamento,Com Vítimas Feridas,Pleno dia,Decrescente,Sol,Simples,Reta,Não,1,0,1,0,0,0,1,1,-26.863995,-52.218864,SPRF-SC,DEL07-SC,UOP01-DEL07-SC,2024
"651002,0",2024-12-24,terça-feira,13:00:00,SC,101,"117,0",ITAJAI,Reação tardia ou ineficiente do condutor,Saída de leito carroçável,Com Vítimas Feridas,Pleno dia,Decrescente,Chuva,Dupla,Reta,Não,2,0,1,1,0,0,2,1,-26.88747187,-48.72252969,SPRF-SC,DEL04-SC,UOP04-DEL04-SC,2024
"651028,0",2024-12-24,terça-feira,14:30:00,SC,280,"27,0",ARAQUARI,Acessar a via sem observar a presença dos outros veículos,Colisão transversal,Com Vítimas Feridas,Pleno dia,Crescente,Céu Claro,Simples,Reta,Sim,3,0,1,0,2,0,1,2,-26.39685622,-48.74021969,SPRF-SC,DEL03-SC,UOP03-DEL03-SC,2024
"651033,0",2024-12-24,terça-feira,15:50:00,SC,470,"143,0",RIO DO SUL,Conversão proibida,Colisão transversal,Com Vítimas Feridas,Pleno dia,Crescente,Céu Claro,Simples,Interseção de Vias;Rotatória,Sim,3,0,1,0,1,1,1,3,-27.22165949,-49.66143787,SPRF-SC,DEL04-SC,UOP02-DEL04-SC,2024
"651034,0",2024-12-24,terça-feira,16:15:00,SC,101,"139,0",BALNEARIO CAMBORIU,Manobra de mudança de faixa,Colisão traseira,Com Vítimas Feridas,Pleno dia,Decrescente,Nublado,Múltipla,Curva,Não,3,0,2,0,0,1,2,3,-27.02982303,-48.60115006,SPRF-SC,DEL04-SC,UOP03-DEL04-SC,2024
"651055,0",2024-12-24,terça-feira,17:05:00,SC,280,"38,9",ARAQUARI,Ausência de reação do condutor,Colisão com objeto,Com Vítimas Feridas,Pleno dia,Crescente,Nublado,Simples,Ponte,Não,1,0,1,0,0,0,1,1,-26.44812855,-48.82794004,SPRF-SC,DEL03-SC,UOP03-DEL03-SC,2024
"651061,0",2024-12-24,terça-feira,17:35:00,SC,101,"102,0",BALNEARIO PICARRAS,Avarias e/ou desgaste excessivo no pneu,Queda de ocupante de veículo,Com Vítimas Feridas,Pleno dia,Crescente,Nublado,Múltipla,Reta,Não,2,0,2,0,0,0,2,1,-26.77383397,-48.68594062,SPRF-SC,DEL03-SC,UOP02-DEL03-SC,2024
"651072,0",2024-12-24,terça-feira,14:25:00,SC,280,"132,4",RIO NEGRINHO,Ausência de reação do condutor,Colisão traseira,Com Vítimas Feridas,Pleno dia,Crescente,Céu Claro,Simples,Reta,Sim,4,0,2,0,1,1,2,3,-26.26132257,-49.5481391,SPRF-SC,DEL06-SC,UOP03-DEL06-SC,2024
"651076,0",2024-12-24,terça-feira,16:05:00,SC,280,"100,2",SAO BENTO DO SUL,Reação tardia ou ineficiente do condutor,Tombamento,Com Vítimas Feridas,Pleno dia,Crescente,Nublado,Simples,Curva;Aclive,Não,1,0,1,0,0,0,1,1,-26.37158361,-49.33137101,SPRF-SC,DEL06-SC,UOP03-DEL06-SC,2024
"651078,0",2024-12-24,terça-feira,18:20:00,SC,280,"122,9",SAO BENTO DO SUL,Ausência de reação do condutor,Colisão com objeto,Sem Vítimas,Pleno dia,Decrescente,Nublado,Simples,Reta,Sim,1,0,0,0,0,1,0,1,-26.24855895,-49.45712883,SPRF-SC,DEL06-SC,UOP03-DEL06-SC,2024
"651091,0",2024-12-24,terça-feira,20:50:00,SC,101,"148,0",ITAPEMA,Ausência de reação do condutor,Colisão traseira,Com Vítimas Feridas,Plena Noite,Crescente,Nublado,Múltipla,Reta,Sim,2,0,1,0,1,0,1,2,-27.10123686,-48.61807962,SPRF-SC,DEL04-SC,UOP03-DEL04-SC,2024
"651132,0",2024-12-25,quarta-feira,04:00:00,SC,470,"136,5",RIO DO SUL,Velocidade Incompatível,Colisão com objeto,Com Vítimas Fatais,Plena Noite,Crescente,Nublado,Simples,Curva,Sim,1,1,0,0,0,0,0,1,-27.1874429,-49.6086656,SPRF-SC,DEL04-SC,UOP02-DEL04-SC,2024
"651142,0",2024-12-25,quarta-feira,06:35:00,SC,101,"199,1",SAO JOSE,Ingestão de álcool pelo condutor,Colisão com objeto,Sem Vítimas,Pleno dia,Decrescente,Céu Claro,Simples,Reta,Sim,1,0,0,0,1,0,0,1,-27.53413705,-48.63003205,SPRF-SC,DEL01-SC,UOP01-DEL01-SC,2024
"651146,0",2024-12-25,quarta-feira,06:45:00,SC,101,"276,0",IMBITUBA,Ausência de reação do condutor,Tombamento,Com Vítimas Feridas,Pleno dia,Crescente,Céu Claro,Dupla,Reta,Sim,1,0,1,0,0,0,1,1,-28.14644701,-48.69204746,SPRF-SC,DEL02-SC,UOP03-DEL02-SC,2024
"651150,0",2024-12-25,quarta-feira,06:00:00,SC,282,"5,5",SAO JOSE,Reação tardia ou ineficiente do condutor,Colisão com objeto,Sem Vítimas,Amanhecer,Crescente,Céu Claro,Dupla,Curva,Sim,1,0,0,0,0,1,0,1,-27.588425,-48.612919,SPRF-SC,DEL01-SC,UOP01-DEL01-SC,2024
"651179,0",2024-12-25,quarta-feira,11:20:00,SC,280,"46,0",GUARAMIRIM,Acessar a via sem observar a presença dos outros veículos,Colisão transversal,Com Vítimas Feridas,Pleno dia,Crescente,Nublado,Simples,Desvio Temporário,Não,2,0,1,0,0,1,1,2,-26.45295055,-48.90788103,SPRF-SC,DEL03-SC,UOP03-DEL03-SC,2024
"651200,0",2024-12-25,quarta-feira,04:00:00,SC,282,"362,0",ERVAL VELHO,Ingestão de álcool pelo condutor,Saída de leito carroçável,Sem Vítimas,Plena Noite,Decrescente,Céu Claro,Simples,Reta;Declive,Não,1,0,0,0,1,0,0,1,-27.304995,-51.38102,SPRF-SC,DEL07-SC,UOP05-DEL07-SC,2024
"651210,0",2024-12-25,quarta-feira,10:25:00,SC,282,"84,0",ALFREDO WAGNER,Ingestão de álcool pelo condutor,Saída de leito carroçável,Sem Vítimas,Pleno dia,Crescente,Nublado,Simples,Curva,Não,1,0,0,0,0,1,0,1,-27.666992,-49.183552,SPRF-SC,DEL01-SC,UOP03-DEL01-SC,2024
"651241,0",2024-12-23,segunda-feira,23:30:00,SC,280,"103,0",SAO BENTO DO SUL,Pista Escorregadia,Colisão com objeto,Sem Vítimas,Plena Noite,Decrescente,Garoa/Chuvisco,Simples,Curva,Não,1,0,0,0,1,0,0,1,-26.35967199,-49.347507,SPRF-SC,DEL06-SC,UOP03-DEL06-SC,2024
"651245,0",2024-12-25,quarta-feira,17:30:00,SC,470,"146,5",LAURENTINO,Chuva,Saída de leito carroçável,Com Vítimas Feridas,Pleno dia,Decrescente,Chuva,Simples,Reta,Não,1,0,1,0,0,0,1,1,-27.240673,-49.685822,SPRF-SC,DEL04-SC,UOP02-DEL04-SC,2024
"651246,0",2024-12-25,quarta-feira,17:00:00,SC,470,"176,0",POUSO REDONDO,Reação tardia ou ineficiente do condutor,Saída de leito carroçável,Com Vítimas Feridas,Pleno dia,Crescente,Chuva,Simples,Curva,Não,1,0,1,0,0,0,1,1,-27.254238,-49.948658,SPRF-SC,DEL04-SC,UOP02-DEL04-SC,2024
"651247,0",2024-12-25,quarta-feira,15:50:00,SC,116,"226,9",CORREIA PINTO,Entrada inopinada do pedestre,Atropelamento de Pedestre,Com Vítimas Fatais,Pleno dia,Crescente,Chuva,Simples,Aclive;Reta,Não,3,1,0,0,2,0,0,3,-27.642291,-50.33856,SPRF-SC,DEL05-SC,UOP03-DEL05-SC,2024
"651264,0",2024-12-25,quarta-feira,18:30:00,SC,470,"158,5",TROMBUDO CENTRAL,Demais falhas mecânicas ou elétricas,Colisão com objeto,Com Vítimas Feridas,Pleno dia,Decrescente,Chuva,Simples,Aclive;Curva,Não,3,0,1,0,2,0,1,1,-27.287016,-49.778389,SPRF-SC,DEL04-SC,UOP02-DEL04-SC,2024
"651270,0",2024-12-25,quarta-feira,18:30:00,SC,282,"606,0",MARAVILHA,Ingestão de álcool pelo condutor,Colisão transversal,Com Vítimas Feridas,Pleno dia,Crescente,Céu Claro,Simples,Reta,Sim,3,0,3,0,0,0,3,2,-26.778643,-53.198692,SPRF-SC,DEL07-SC,UOP02-DEL07-SC,2024
"651285,0",2024-12-25,quarta-feira,21:08:00,SC,280,"24,0",ARAQUARI,Acessar a via sem observar a presença dos outros veículos,Colisão transversal,Com Vítimas Feridas,Plena Noite,Crescente,Chuva,Simples,Reta,Sim,2,0,1,0,1,0,1,2,-26.37724921,-48.71953282,SPRF-SC,DEL03-SC,UOP03-DEL03-SC,2024
"651295,0",2024-12-25,quarta-feira,20:40:00,SC,101,"122,0",ITAJAI,Chuva,Tombamento,Com Vítimas Fatais,Plena Noite,Decrescente,Chuva,Múltipla,Curva,Sim,3,1,0,0,1,1,0,3,-26.92955916,-48.70499836,SPRF-SC,DEL04-SC,UOP04-DEL04-SC,2024
"651299,0",2024-12-25,quarta-feira,20:50:00,SC,101,"415,7",ARARANGUA,Desrespeitar a preferência no cruzamento,Colisão frontal,Com Vítimas Feridas,Plena Noite,Crescente,Nublado,Múltipla,Interseção de Vias,Sim,2,0,1,0,1,0,1,2,-28.97097735,-49.52706456,SPRF-SC,DEL02-SC,UOP02-DEL02-SC,2024
"651314,0",2024-12-25,quarta-feira,18:00:00,SC,282,"556,5",NOVA ITABERABA,Transitar na contramão,Colisão lateral sentido oposto,Com Vítimas Fatais,Pleno dia,Decrescente,Céu Claro,Simples,Curva,Não,14,3,0,3,8,0,3,4,-26.9314542,-52.8163773,SPRF-SC,DEL07-SC,UOP01-DEL07-SC,2024
"651315,0",2024-12-25,quarta-feira,22:20:00,SC,101,"186,0",BIGUACU,Reação tardia ou ineficiente do condutor,Colisão com objeto,Com Vítimas Feridas,Plena Noite,Crescente,Garoa/Chuvisco,Múltipla,Curva,Sim,2,0,1,0,1,0,1,1,-27.4341098,-48.62567129,SPRF-SC,DEL01-SC,UOP01-DEL01-SC,2024
"651320,0",2024-12-26,quinta-feira,00:20:00,SC,101,"197,0",BIGUACU,Reação tardia ou ineficiente do condutor,Queda de ocupante de veículo,Com Vítimas Feridas,Plena Noite,Decrescente,Garoa/Chuvisco,Simples,Reta,Sim,1,0,1,0,0,0,1,1,-27.51844497,-48.63848496,SPRF-SC,DEL01-SC,UOP01-DEL01-SC,2024
"651343,0",2024-12-26,quinta-feira,06:25:00,SC,101,"186,0",BIGUACU,Velocidade Incompatível,Saída de leito carroçável,Com Vítimas Feridas,Pleno dia,Crescente,Nublado,Dupla,Curva,Sim,3,0,2,0,1,0,2,1,-27.4341098,-48.62567129,SPRF-SC,DEL01-SC,UOP01-DEL01-SC,2024
"651365,0",2024-12-26,quinta-feira,08:30:00,SC,153,"96,0",CONCORDIA,Acessar a via sem observar a presença dos outros veículos,Colisão transversal,Sem Vítimas,Pleno dia,Crescente,Céu Claro,Simples,Curva,Não,2,0,0,0,2,0,0,2,-27.212648,-51.952137,SPRF-SC,DEL07-SC,UOP04-DEL07-SC,2024
"651379,0",2024-12-14,sábado,21:50:00,SC,280,"42,8",GUARAMIRIM,Iluminação deficiente,Saída de leito carroçável,Com Vítimas Feridas,Plena Noite,Crescente,Nublado,Dupla,Em Obras,Sim,1,0,1,0,0,0,1,1,-26.45059684,-48.86790401,SPRF-SC,DEL03-SC,UOP03-DEL03-SC,2024
"651393,0",2024-12-26,quinta-feira,11:00:00,SC,101,"71,1",ARAQUARI,Acessar a via sem observar a presença dos outros veículos,Colisão lateral mesmo sentido,Com Vítimas Feridas,Pleno dia,Crescente,Nublado,Dupla,Viaduto,Não,3,0,2,0,0,1,2,2,-26.51864822,-48.71874636,SPRF-SC,DEL03-SC,UOP02-DEL03-SC,2024
"651404,0",2024-12-26,quinta-feira,11:50:00,SC,101,"299,7",LAGUNA,Avarias e/ou desgaste excessivo no pneu,Tombamento,Com Vítimas Feridas,Pleno dia,Decrescente,Céu Claro,Dupla,Reta,Não,1,0,0,1,0,0,1,1,-28.35595337,-48.74450326,SPRF-SC,DEL02-SC,UOP03-DEL02-SC,2024
"651407,0",2024-12-26,quinta-feira,12:10:00,SC,101,"207,6",SAO JOSE,Trafegar com motocicleta (ou similar) entre as faixas,Colisão traseira,Com Vítimas Feridas,Pleno dia,Decrescente,Nublado,Múltipla,Aclive;Reta,Sim,2,0,1,0,1,0,1,2,-27.60001226,-48.6226467,SPRF-SC,DEL01-SC,UOP01-DEL01-SC,2024
"651413,0",2024-12-26,quinta-feira,10:10:00,SC,470,"98,0",APIUNA,Condutor Dormindo,Colisão com objeto,Com Vítimas Feridas,Pleno dia,Crescente,Nublado,Simples,Reta;Ponte,Sim,3,0,2,0,1,0,2,2,-27.032537,-49.385468,SPRF-SC,DEL04-SC,UOP02-DEL04-SC,2024
"651414,0",2024-12-26,quinta-feira,12:10:00,SC,282,"496,7",XANXERE,Ausência de reação do condutor,Colisão traseira,Sem Vítimas,Pleno dia,Crescente,Sol,Simples,Reta,Não,2,0,0,0,2,0,0,2,-26.87842103,-52.33513355,SPRF-SC,DEL07-SC,UOP01-DEL07-SC,2024
"651425,0",2024-12-26,quinta-feira,12:40:00,SC,470,"54,0",BLUMENAU,Acessar a via sem observar a presença dos outros veículos,Colisão transversal,Com Vítimas Feridas,Pleno dia,Crescente,Nublado,Simples,Reta;Retorno Regulamentado;Interseção de Vias,Sim,3,0,2,0,1,0,2,2,-26.871065,-49.110374,SPRF-SC,DEL04-SC,UOP01-DEL04-SC,2024
"651427,0",2024-12-26,quinta-feira,11:40:00,SC,101,"327,5",CAPIVARI DE BAIXO,Manobra de mudança de faixa,Colisão lateral mesmo sentido,Com Vítimas Feridas,Pleno dia,Crescente,Céu Claro,Dupla,Aclive;Reta,Não,3,0,0,1,1,1,1,3,-28.44269494,-48.96503448,SPRF-SC,DEL02-SC,UOP01-DEL02-SC,2024
"651439,0",2024-12-26,quinta-feira,11:15:00,SC,280,"235,5",CANOINHAS,Condutor deixou de manter distância do veículo da frente,Colisão traseira,Com Vítimas Feridas,Pleno dia,Decrescente,Céu Claro,Simples,Reta;Aclive,Sim,3,0,1,0,2,0,1,2,-26.19206283,-50.41295701,SPRF-SC,DEL06-SC,UOP04-DEL06-SC,2024
"651458,0",2024-12-26,quinta-feira,15:20:00,SC,101,"86,4",BARRA VELHA,Desrespeitar a preferência no cruzamento,Colisão transversal,Com Vítimas Feridas,Pleno dia,Decrescente,Nublado,Múltipla,Interseção de Vias,Sim,3,0,2,0,1,0,2,2,-26.63713377,-48.69651057,SPRF-SC,DEL03-SC,UOP02-DEL03-SC,2024
"651480,0",2024-12-26,quinta-feira,16:30:00,SC,470,"63,0",INDAIAL,Acessar a via sem observar a presença dos outros veículos,Colisão lateral sentido oposto,Com Vítimas Feridas,Pleno dia,Crescente,Céu Claro,Simples,Reta,Sim,3,0,2,0,1,0,2,2,-26.872396,-49.19228,SPRF-SC,DEL04-SC,UOP01-DEL04-SC,2024
"651501,0",2024-12-26,quinta-feira,18:05:00,SC,101,"118,0",ITAJAI,Condutor deixou de manter distância do veículo da frente,Colisão lateral mesmo sentido,Com Vítimas Feridas,Pleno dia,Decrescente,Céu Claro,Múltipla,Reta,Sim,3,0,3,0,0,0,3,2,-26.895859,-48.71903,SPRF-SC,DEL04-SC,UOP04-DEL04-SC,2024
"651515,0",2024-12-26,quinta-feira,17:45:00,SC,470,"238,0",SAO CRISTOVAO DO SUL,Reação tardia ou ineficiente do condutor,Colisão traseira,Com Vítimas Feridas,Pleno dia,Crescente,Sol,Simples,Reta,Não,2,0,1,0,1,0,1,2,-27.304041,-50.464909,SPRF-SC,DEL05-SC,UOP03-DEL05-SC,2024
"651518,0",2024-12-26,quinta-feira,17:15:00,SC,101,"331,7",TUBARAO,Condutor deixou de manter distância do veículo da frente,Colisão traseira,Com Vítimas Feridas,Pleno dia,Decrescente,Céu Claro,Dupla,Reta,Sim,2,0,1,0,1,0,1,2,-28.45567521,-48.9812689,SPRF-SC,DEL02-SC,UOP01-DEL02-SC,2024
"651541,0",2024-12-26,quinta-feira,19:05:00,SC,101,"149,0",ITAPEMA,Acessar a via sem observar a presença dos outros veículos,Colisão traseira,Com Vítimas Feridas,Plena Noite,Crescente,Céu Claro,Múltipla,Reta,Sim,2,0,1,0,1,0,1,2,-27.1089649,-48.61277586,SPRF-SC,DEL04-SC,UOP03-DEL04-SC,2024
"651583,0",2024-12-27,sexta-feira,08:40:00,SC,101,"80,1",BARRA VELHA,Condutor deixou de manter distância do veículo da frente,Engavetamento,Sem Vítimas,Pleno dia,Crescente,Sol,Dupla,Declive,Sim,4,0,0,0,4,0,0,4,-26.59441996,-48.72183309,SPRF-SC,DEL03-SC,UOP02-DEL03-SC,2024
"651594,0",2024-12-27,sexta-feira,06:30:00,SC,282,"0,5",FLORIANOPOLIS,Reação tardia ou ineficiente do condutor,Tombamento,Com Vítimas Feridas,Pleno dia,Decrescente,Céu Claro,Múltipla,Reta,Não,3,0,2,0,1,0,2,1,-27.59845,-48.571995,SPRF-SC,DEL01-SC,UOP01-DEL01-SC,2024
"651603,0",2024-12-27,sexta-feira,11:15:00,SC,101,"216,0",PALHOCA,Ausência de reação do condutor,Colisão traseira,Com Vítimas Feridas,Pleno dia,Crescente,Céu Claro,Múltipla,Reta;Aclive,Sim,3,0,2,0,1,0,2,3,-27.65981409,-48.67747798,SPRF-SC,DEL01-SC,UOP02-DEL01-SC,2024
"651607,0",2024-12-27,sexta-feira,11:20:00,SC,101,"215,2",PALHOCA,Manobra de mudança de faixa,Queda de ocupante de veículo,Com Vítimas Feridas,Pleno dia,Decrescente,Céu Claro,Múltipla,Interseção de Vias;Reta,Sim,1,0,1,0,0,0,1,1,-27.65184843,-48.67604941,SPRF-SC,DEL01-SC,UOP02-DEL01-SC,2024
"651612,0",2024-12-27,sexta-feira,11:45:00,SC,470,"147,0",RIO DO SUL,Acessar a via sem observar a presença dos outros veículos,Colisão transversal,Sem Vítimas,Pleno dia,Decrescente,Nublado,Simples,Reta,Sim,2,0,0,0,2,0,0,2,-27.24223939,-49.68804002,SPRF-SC,DEL04-SC,UOP02-DEL04-SC,2024
"651620,0",2024-12-27,sexta-feira,11:15:00,SC,101,"163,0",TIJUCAS,Reação tardia ou ineficiente do condutor,Colisão lateral mesmo sentido,Com Vítimas Feridas,Pleno dia,Decrescente,Céu Claro,Dupla,Reta,Sim,2,0,0,1,1,0,1,2,-27.23461699,-48.63039809,SPRF-SC,DEL04-SC,UOP03-DEL04-SC,2024
"651627,0",2024-12-27,sexta-feira,13:00:00,SC,282,"49,1",AGUAS MORNAS,Demais falhas mecânicas ou elétricas,Incêndio,Sem Vítimas,Pleno dia,Crescente,Céu Claro,Simples,Aclive;Reta,Não,1,0,0,0,1,0,0,1,-27.712931,-48.943741,SPRF-SC,DEL01-SC,UOP03-DEL01-SC,2024
"651655,0",2024-12-27,sexta-feira,14:20:00,SC,153,"58,2",IRANI,Desrespeitar a preferência no cruzamento,Colisão transversal,Com Vítimas Feridas,Pleno dia,Decrescente,Céu Claro,Simples,Interseção de Vias;Rotatória,Não,4,0,1,0,3,0,1,2,-26.96965112,-51.85413837,SPRF-SC,DEL07-SC,UOP07-DEL07-SC,2024
"651671,0",2024-12-27,sexta-feira,15:20:00,SC,101,"153,0",PORTO BELO,Reação tardia ou ineficiente do condutor,Colisão transversal,Com Vítimas Feridas,Pleno dia,Decrescente,Céu Claro,Dupla,Reta;Retorno Regulamentado,Não,2,0,1,0,1,0,1,2,-27.144717,-48.61063935,SPRF-SC,DEL04-SC,UOP03-DEL04-SC,2024
"651674,0",2024-12-27,sexta-feira,16:40:00,SC,101,"216,7",PALHOCA,Ausência de reação do condutor,Colisão traseira,Com Vítimas Feridas,Pleno dia,Crescente,Céu Claro,Dupla,Aclive,Não,2,0,1,0,1,0,1,2,-27.66170953,-48.67658436,SPRF-SC,DEL01-SC,UOP02-DEL01-SC,2024
"651675,0",2024-12-27,sexta-feira,14:20:00,SC,101,"129,0",BALNEARIO CAMBORIU,Reação tardia ou ineficiente do condutor,Colisão lateral mesmo sentido,Com Vítimas Feridas,Pleno dia,Decrescente,Sol,Dupla,Reta,Sim,2,0,1,0,1,0,1,2,-26.98064277,-48.6790679,SPRF-SC,DEL04-SC,UOP03-DEL04-SC,2024
"651683,0",2024-12-27,sexta-feira,16:50:00,SC,101,"94,0",BARRA VELHA,Trafegar com motocicleta (ou similar) entre as faixas,Colisão lateral mesmo sentido,Com Vítimas Feridas,Pleno dia,Crescente,Sol,Múltipla,Curva,Não,3,0,1,1,1,0,2,2,-26.69940401,-48.69902784,SPRF-SC,DEL03-SC,UOP02-DEL03-SC,2024
"651702,0",2024-12-27,sexta-feira,13:30:00,SC,280,"25,3",ARAQUARI,Acessar a via sem observar a presença dos outros veículos,Colisão traseira,Com Vítimas Feridas,Pleno dia,Crescente,Céu Claro,Simples,Reta,Não,2,0,0,1,1,0,1,2,-26.38352781,-48.72677516,SPRF-SC,DEL03-SC,UOP03-DEL03-SC,2024
"651758,0",2024-12-27,sexta-feira,21:10:00,SC,116,"220,5",CORREIA PINTO,Acessar a via sem observar a presença dos outros veículos,Colisão transversal,Sem Vítimas,Plena Noite,Decrescente,Céu Claro,Simples,Rotatória,Sim,2,0,0,0,2,0,0,2,-27.57771319,-50.36993036,SPRF-SC,DEL05-SC,UOP03-DEL05-SC,2024