id,data_inversa,dia_semana,horario,uf,br,km,municipio,causa_acidente,tipo_acidente,classificacao_acidente,fase_dia,sentido_via,condicao_metereologica,tipo_pista,tracado_via,uso_solo,pessoas,mortos,feridos_leves,feridos_graves,ilesos,ignorados,feridos,veiculos,latitude,longitude,regional,delegacia,uop,ano_arquivo
"651781,0",2024-12-27,sexta-feira,12:30:00,SC,282,"5,0",SAO JOSE,Ausência de reação do condutor,Queda de ocupante de veículo,Com Vítimas Feridas,Pleno dia,Crescente,Céu Claro,Múltipla,Reta,Sim,1,0,0,1,0,0,1,1,-27.588425,-48.612919,SPRF-SC,DEL01-SC,UOP01-DEL01-SC,2024
"651786,0",2024-12-28,sábado,02:10:00,SC,282,"456,7",PONTE SERRADA,Condutor deixou de manter distância do veículo da frente,Colisão traseira,Com Vítimas Feridas,Plena Noite,Crescente,Céu Claro,Simples,Reta,Não,4,0,4,0,0,0,4,2,-26.885752,-52.004669,SPRF-SC,DEL07-SC,UOP04-DEL07-SC,2024
"651790,0",2024-12-28,sábado,04:00:00,SC,101,"152,0",ITAPEMA,Ingestão de álcool pelo condutor,Colisão traseira,Sem Vítimas,Plena Noite,Decrescente,Céu Claro,Múltipla,Reta,Sim,2,0,0,0,1,1,0,2,-27.13563503,-48.61004665,SPRF-SC,DEL04-SC,UOP03-DEL04-SC,2024
"651809,0",2024-12-28,sábado,07:40:00,SC,282,"3,0",SAO JOSE,Manobra de mudança de faixa,Colisão traseira,Com Vítimas Feridas,Pleno dia,Decrescente,Céu Claro,Dupla,Reta,Sim,3,0,2,0,0,1,2,2,-27.600384,-48.599705,SPRF-SC,DEL01-SC,UOP01-DEL01-SC,2024
"651811,0",2024-12-28,sábado,07:15:00,SC,101,"432,4",SOMBRIO,Condutor deixou de manter distância do veículo da frente,Colisão com objeto,Com Vítimas Feridas,Pleno dia,Decrescente,Céu Claro,Múltipla,Reta,Sim,2,0,1,0,1,0,1,1,-29.07631286,-49.62790489,SPRF-SC,DEL02-SC,UOP02-DEL02-SC,2024
"651812,0",2024-12-28,sábado,07:20:00,SC,101,"38,0",JOINVILLE,Reação tardia ou ineficiente do condutor,Colisão traseira,Com Vítimas Feridas,Pleno dia,Crescente,Chuva,Dupla,Reta,Sim,2,0,0,1,1,0,1,2,-26.25472505,-48.90561309,SPRF-SC,DEL03-SC,UOP01-DEL03-SC,2024
"651819,0",2024-12-28,sábado,08:10:00,SC,282,"5,4",SAO JOSE,Trafegar com motocicleta (ou similar) entre as faixas,Colisão lateral mesmo sentido,Com Vítimas Feridas,Pleno dia,Decrescente,Céu Claro,Múltipla,Reta,Sim,3,0,1,0,2,0,1,3,-27.588425,-48.612919,SPRF-SC,DEL01-SC,UOP01-DEL01-SC,2024
"651822,0",2024-12-28,sábado,08:00:00,SC,282,"29,4",SANTO AMARO DA IMPERATRIZ,Reação tardia ou ineficiente do condutor,Saída de leito carroçável,Com Vítimas Feridas,Pleno dia,Crescente,Céu Claro,Simples,Curva,Não,2,0,2,0,0,0,2,1,-27.679737,-48.786785,SPRF-SC,DEL01-SC,UOP03-DEL01-SC,2024
"651835,0",2024-12-28,sábado,10:00:00,SC,101,"20,5",PALHOCA,Desrespeitar a preferência no cruzamento,Colisão transversal,Com Vítimas Feridas,Pleno dia,Decrescente,Céu Claro,Múltipla,Rotatória,Sim,4,0,1,0,3,0,1,2,-27.6427,-48.6695,SPRF-SC,DEL01-SC,UOP02-DEL01-SC,2024
"651858,0",2024-12-28,sábado,11:50:00,SC,101,"320,0",PESCARIA BRAVA,Condutor deixou de manter distância do veículo da frente,Colisão traseira,Com Vítimas Feridas,Pleno dia,Decrescente,Céu Claro,Dupla,Reta,Não,6,0,0,2,4,0,2,2,-28.42800492,-48.88171497,SPRF-SC,DEL02-SC,UOP01-DEL02-SC,2024
"651873,0",2024-12-28,sábado,05:50:00,SC,282,"386,0",JOACABA,Ausência de reação do condutor,Saída de leito carroçável,Com Vítimas Feridas,Amanhecer,Decrescente,Céu Claro,Simples,Curva;Declive,Não,1,0,0,1,0,0,1,1,-27.193295,-51.516892,SPRF-SC,DEL07-SC,UOP05-DEL07-SC,2024
"651875,0",2024-12-28,sábado,14:15:00,SC,101,"123,0",ITAJAI,Trafegar com motocicleta (ou similar) entre as faixas,Colisão traseira,Com Vítimas Feridas,Pleno dia,Crescente,Céu Claro,Múltipla,Reta,Sim,2,0,1,0,1,0,1,2,-26.93668609,-48.69876905,SPRF-SC,DEL04-SC,UOP04-DEL04-SC,2024
"651880,0",2024-12-28,sábado,14:00:00,SC,101,"109,0",PENHA,Trafegar com motocicleta (ou similar) entre as faixas,Colisão lateral mesmo sentido,Com Vítimas Feridas,Pleno dia,Crescente,Sol,Múltipla,Reta,Não,2,0,1,0,1,0,1,2,-26.8333519,-48.69632106,SPRF-SC,DEL03-SC,UOP02-DEL03-SC,2024
"651886,0",2024-12-28,sábado,12:00:00,SC,282,"601,2",MARAVILHA,Velocidade Incompatível,Saída de leito carroçável,Com Vítimas Fatais,Pleno dia,Crescente,Céu Claro,Simples,Curva;Declive,Não,4,1,0,3,0,0,3,1,-26.8074408,-53.1725239,SPRF-SC,DEL07-SC,UOP02-DEL07-SC,2024
"651909,0",2024-12-28,sábado,14:10:00,SC,282,"545,1",CHAPECO,Acessar a via sem observar a presença dos outros veículos,Colisão transversal,Com Vítimas Feridas,Pleno dia,Decrescente,Sol,Simples,Curva,Não,2,0,1,0,1,0,1,2,-26.98785,-52.733677,SPRF-SC,DEL07-SC,UOP01-DEL07-SC,2024
"651925,0",2024-12-28,sábado,18:00:00,SC,101,"164,0",TIJUCAS,Avarias e/ou desgaste excessivo no pneu,Tombamento,Com Vítimas Feridas,Anoitecer,Crescente,Céu Claro,Simples,Retorno Regulamentado;Curva,Não,2,0,1,1,0,0,2,1,-27.243868,-48.6309,SPRF-SC,DEL04-SC,UOP03-DEL04-SC,2024
"651944,0",2024-12-28,sábado,20:25:00,SC,101,"195,9",BIGUACU,Condutor deixou de manter distância do veículo da frente,Colisão traseira,Sem Vítimas,Plena Noite,Decrescente,Céu Claro,Dupla,Reta,Sim,2,0,0,0,2,0,0,2,-27.5047092,-48.65010819,SPRF-SC,DEL01-SC,UOP01-DEL01-SC,2024
"651958,0",2024-12-28,sábado,21:40:00,SC,101,"205,7",SAO JOSE,Condutor deixou de manter distância do veículo da frente,Colisão traseira,Com Vítimas Feridas,Plena Noite,Decrescente,Nublado,Múltipla,Reta,Sim,3,0,1,0,1,1,1,3,-27.58313237,-48.61532885,SPRF-SC,DEL01-SC,UOP01-DEL01-SC,2024
"651970,0",2024-12-28,sábado,21:00:00,SC,470,"41,3",GASPAR,Pedestre andava na pista,Atropelamento de Pedestre,Com Vítimas Fatais,Plena Noite,Decrescente,Céu Claro,Dupla,Reta,Não,4,1,0,0,2,1,0,4,-26.8790672,-49.0004841,SPRF-SC,DEL04-SC,UOP01-DEL04-SC,2024
"651972,0",2024-12-28,sábado,20:40:00,SC,282,"115,6",ALFREDO WAGNER,Transitar na contramão,Colisão frontal,Com Vítimas Feridas,Plena Noite,Decrescente,Nublado,Simples,Curva,Não,2,0,1,0,0,1,1,2,-27.755424,-49.39444,SPRF-SC,DEL01-SC,UOP03-DEL01-SC,2024
"651977,0",2024-12-29,domingo,00:30:00,SC,101,"148,0",ITAPEMA,Reação tardia ou ineficiente do condutor,Colisão traseira,Com Vítimas Feridas,Plena Noite,Crescente,Céu Claro,Múltipla,Curva,Não,2,0,1,0,1,0,1,2,-27.10123686,-48.61807962,SPRF-SC,DEL04-SC,UOP03-DEL04-SC,2024
"652003,0",2024-12-29,domingo,06:30:00,SC,282,"531,8",CORDILHEIRA ALTA,Transitar na contramão,Colisão frontal,Com Vítimas Fatais,Pleno dia,Decrescente,Céu Claro,Simples,Curva;Aclive,Sim,5,1,3,1,0,0,4,2,-26.99675465,-52.6135397,SPRF-SC,DEL07-SC,UOP01-DEL07-SC,2024
"652006,0",2024-12-28,sábado,19:30:00,SC,280,"92,0",SAO BENTO DO SUL,Demais falhas mecânicas ou elétricas,Incêndio,Sem Vítimas,Plena Noite,Crescente,Garoa/Chuvisco,Simples,Curva;Aclive,Não,1,0,0,0,1,0,0,1,-26.39448258,-49.2950379,SPRF-SC,DEL06-SC,UOP03-DEL06-SC,2024
"652032,0",2024-12-29,domingo,13:00:00,SC,101,"61,7",ARAQUARI,Condutor deixou de manter distância do veículo da frente,Colisão traseira,Sem Vítimas,Pleno dia,Crescente,Céu Claro,Dupla,Reta,Não,2,0,0,0,2,0,0,2,-26.45474174,-48.77699195,SPRF-SC,DEL03-SC,UOP02-DEL03-SC,2024
"652040,0",2024-12-29,domingo,13:40:00,SC,101,"319,0",PESCARIA BRAVA,Ausência de reação do condutor,Colisão com objeto,Com Vítimas Feridas,Pleno dia,Crescente,Céu Claro,Múltipla,Reta,Não,2,0,1,0,1,0,1,1,-28.42978736,-48.87148792,SPRF-SC,DEL02-SC,UOP01-DEL02-SC,2024
"652066,0",2024-12-29,domingo,16:40:00,SC,282,"32,6",SANTO AMARO DA IMPERATRIZ,Velocidade Incompatível,Colisão transversal,Com Vítimas Feridas,Pleno dia,Decrescente,Chuva,Simples,Interseção de Vias,Sim,2,0,1,0,1,0,1,2,-27.706587,-48.808144,SPRF-SC,DEL01-SC,UOP03-DEL01-SC,2024
"652089,0",2024-12-29,domingo,17:10:00,SC,282,"535,2",CHAPECO,Desrespeitar a preferência no cruzamento,Colisão transversal,Sem Vítimas,Pleno dia,Crescente,Céu Claro,Simples,Rotatória,Não,5,0,0,0,5,0,0,1,-26.998245,-52.643768,SPRF-SC,DEL07-SC,UOP01-DEL07-SC,2024
"652090,0",2024-12-29,domingo,15:50:00,SC,470,"170,0",POUSO REDONDO,Reação tardia ou ineficiente do condutor,Colisão lateral sentido oposto,Com Vítimas Feridas,Pleno dia,Decrescente,Céu Claro,Simples,Declive;Curva,Não,3,0,2,0,1,0,2,2,-27.265903,-49.892441,SPRF-SC,DEL04-SC,UOP02-DEL04-SC,2024
"652094,0",2024-12-29,domingo,17:10:00,SC,153,"112,1",CONCORDIA,Reação tardia ou ineficiente do condutor,Saída de leito carroçável,Com Vítimas Fatais,Pleno dia,Decrescente,Céu Claro,Simples,Reta,Não,1,1,0,0,0,0,0,1,-27.33450171,-51.97585434,SPRF-SC,DEL07-SC,UOP04-DEL07-SC,2024
"652096,0",2024-12-29,domingo,20:20:00,SC,282,"62,0",RANCHO QUEIMADO,Ausência de reação do condutor,Engavetamento,Com Vítimas Feridas,Plena Noite,Decrescente,Chuva,Simples,Curva,Não,5,0,2,0,3,0,2,3,-27.688046,-49.037033,SPRF-SC,DEL01-SC,UOP03-DEL01-SC,2024
"652113,0",2024-12-29,domingo,15:30:00,SC,101,"138,8",BALNEARIO CAMBORIU,Reação tardia ou ineficiente do condutor,Queda de ocupante de veículo,Com Vítimas Feridas,Pleno dia,Decrescente,Céu Claro,Múltipla,Reta,Não,2,0,1,0,1,0,1,1,-27.02397426,-48.60761649,SPRF-SC,DEL04-SC,UOP03-DEL04-SC,2024
"652118,0",2024-12-29,domingo,21:50:00,SC,101,"149,0",ITAPEMA,Reação tardia ou ineficiente do condutor,Colisão traseira,Com Vítimas Feridas,Plena Noite,Decrescente,Céu Claro,Múltipla,Reta,Sim,2,0,0,1,1,0,1,2,-27.1089649,-48.61277586,SPRF-SC,DEL04-SC,UOP03-DEL04-SC,2024
"652137,0",2024-12-30,segunda-feira,02:00:00,SC,116,"220,9",CORREIA PINTO,Velocidade Incompatível,Saída de leito carroçável,Com Vítimas Feridas,Plena Noite,Crescente,Nublado,Simples,Aclive;Curva,Sim,2,0,0,2,0,0,2,1,-27.59385244,-50.3595686,SPRF-SC,DEL05-SC,UOP03-DEL05-SC,2024
"652179,0",2024-12-30,segunda-feira,08:35:00,SC,101,"357,6",SANGAO,Reação tardia ou ineficiente do condutor,Colisão lateral mesmo sentido,Com Vítimas Feridas,Pleno dia,Crescente,Nublado,Dupla,Reta,Sim,3,0,1,0,2,0,1,2,-28.65429022,-49.10747051,SPRF-SC,DEL02-SC,UOP01-DEL02-SC,2024
"652198,0",2024-12-30,segunda-feira,10:00:00,SC,101,"143,0",ITAPEMA,Condutor deixou de manter distância do veículo da frente,Colisão traseira,Com Vítimas Feridas,Pleno dia,Crescente,Céu Claro,Múltipla,Reta,Não,3,0,2,0,1,0,2,2,-27.06436,-48.59599405,SPRF-SC,DEL04-SC,UOP03-DEL04-SC,2024
"652208,0",2024-12-30,segunda-feira,10:20:00,SC,163,"70,4",SAO MIGUEL DO OESTE,Reação tardia ou ineficiente do condutor,Colisão traseira,Com Vítimas Feridas,Pleno dia,Crescente,Céu Claro,Dupla,Interseção de Vias;Reta,Sim,2,0,1,0,1,0,1,2,-26.73223453,-53.51022005,SPRF-SC,DEL07-SC,UOP03-DEL07-SC,2024
"652220,0",2024-12-30,segunda-feira,12:30:00,SC,282,"88,0",ALFREDO WAGNER,Condutor Dormindo,Saída de leito carroçável,Com Vítimas Feridas,Pleno dia,Decrescente,Nublado,Simples,Reta,Não,2,0,1,0,1,0,1,1,-27.67198,-49.208591,SPRF-SC,DEL01-SC,UOP03-DEL01-SC,2024
"652284,0",2024-12-30,segunda-feira,21:00:00,SC,101,"185,0",BIGUACU,Velocidade Incompatível,Saída de leito carroçável,Com Vítimas Feridas,Plena Noite,Decrescente,Chuva,Dupla,Reta,Sim,2,0,1,0,1,0,1,2,-27.42536698,-48.62465876,SPRF-SC,DEL01-SC,UOP01-DEL01-SC,2024
"652299,0",2024-12-30,segunda-feira,21:10:00,SC,101,"135,0",BALNEARIO CAMBORIU,Reação tardia ou ineficiente do condutor,Colisão lateral mesmo sentido,Com Vítimas Feridas,Plena Noite,Crescente,Nublado,Dupla,Reta,Sim,2,0,1,0,1,0,1,2,-27.0050108,-48.62677494,SPRF-SC,DEL04-SC,UOP03-DEL04-SC,2024
"652301,0",2024-12-30,segunda-feira,22:00:00,SC,470,"57,0",BLUMENAU,Demais falhas mecânicas ou elétricas,Tombamento,Com Vítimas Feridas,Plena Noite,Crescente,Nublado,Simples,Reta,Sim,2,0,2,0,0,0,2,1,-26.880428,-49.136532,SPRF-SC,DEL04-SC,UOP01-DEL04-SC,2024
"652304,0",2024-12-30,segunda-feira,23:45:00,SC,280,"43,0",ARAQUARI,Ausência de reação do condutor,Saída de leito carroçável,Com Vítimas Feridas,Plena Noite,Crescente,Garoa/Chuvisco,Simples,Em Obras,Não,1,0,1,0,0,0,1,1,-26.45118786,-48.87789901,SPRF-SC,DEL03-SC,UOP03-DEL03-SC,2024
"652306,0",2024-12-31,terça-feira,00:20:00,SC,282,"3,5",FLORIANOPOLIS,Ausência de reação do condutor,Colisão com objeto,Com Vítimas Fatais,Plena Noite,Crescente,Nublado,Múltipla,Reta,Sim,2,1,0,0,0,1,0,2,-27.5972276,-48.6006726,SPRF-SC,DEL01-SC,UOP01-DEL01-SC,2024
"652319,0",2024-12-31,terça-feira,04:00:00,SC,101,"139,0",BALNEARIO CAMBORIU,Reação tardia ou ineficiente do condutor,Colisão com objeto,Com Vítimas Feridas,Plena Noite,Crescente,Nublado,Dupla,Curva,Sim,2,0,2,0,0,0,2,1,-27.02982303,-48.60115006,SPRF-SC,DEL04-SC,UOP03-DEL04-SC,2024
"652329,0",2024-12-31,terça-feira,07:10:00,SC,282,"5,5",SAO JOSE,Pista Escorregadia,Tombamento,Com Vítimas Feridas,Pleno dia,Decrescente,Nublado,Múltipla,Curva,Sim,1,0,1,0,0,0,1,1,-27.58654019,-48.61673355,SPRF-SC,DEL01-SC,UOP01-DEL01-SC,2024
"652331,0",2024-12-31,terça-feira,07:20:00,SC,282,"5,0",SAO JOSE,Reação tardia ou ineficiente do condutor,Colisão traseira,Com Vítimas Feridas,Pleno dia,Crescente,Céu Claro,Múltipla,Reta,Sim,2,0,0,1,1,0,1,2,-27.588425,-48.612919,SPRF-SC,DEL01-SC,UOP01-DEL01-SC,2024
"652333,0",2024-12-31,terça-feira,06:00:00,SC,282,"564,0",NOVA ERECHIM,Condutor Dormindo,Saída de leito carroçável,Com Vítimas Feridas,Pleno dia,Decrescente,Céu Claro,Simples,Rotatória,Sim,1,0,0,1,0,0,1,1,-26.898739,-52.877975,SPRF-SC,DEL07-SC,UOP02-DEL07-SC,2024
"652338,0",2024-12-31,terça-feira,08:20:00,SC,101,"198,7",BIGUACU,Reação tardia ou ineficiente do condutor,Saída de leito carroçável,Com Vítimas Feridas,Pleno dia,Crescente,Nublado,Múltipla,Reta,Sim,1,0,1,0,0,0,1,1,-27.52658712,-48.63506019,SPRF-SC,DEL01-SC,UOP01-DEL01-SC,2024
"652348,0",2024-12-31,terça-feira,09:10:00,SC,101,"211,7",PALHOCA,Acessar a via sem observar a presença dos outros veículos,Colisão transversal,Com Vítimas Feridas,Pleno dia,Crescente,Nublado,Múltipla,Reta,Sim,2,0,2,0,0,0,2,2,-27.62329313,-48.65245588,SPRF-SC,DEL01-SC,UOP02-DEL01-SC,2024
"652350,0",2024-12-31,terça-feira,08:50:00,SC,280,"46,6",GUARAMIRIM,Velocidade Incompatível,Colisão com objeto,Sem Vítimas,Pleno dia,Crescente,Céu Claro,Dupla,Desvio Temporário;Em Obras,Não,1,0,0,0,1,0,0,1,-26.45295055,-48.90788103,SPRF-SC,DEL03-SC,UOP03-DEL03-SC,2024
"652363,0",2024-12-31,terça-feira,06:30:00,SC,282,"51,9",AGUAS MORNAS,Transitar na contramão,Colisão frontal,Com Vítimas Feridas,Pleno dia,Crescente,Chuva,Simples,Curva;Declive,Não,11,0,2,3,6,0,5,3,-27.69607635,-48.96462411,SPRF-SC,DEL01-SC,UOP03-DEL01-SC,2024
"652392,0",2024-12-31,terça-feira,12:45:00,SC,282,"216,0",LAGES,Acessar a via sem observar a presença dos outros veículos,Colisão lateral mesmo sentido,Com Vítimas Feridas,Pleno dia,Crescente,Céu Claro,Simples,Rotatória,Não,2,0,1,0,1,0,1,2,-27.797529,-50.291862,SPRF-SC,DEL05-SC,UOP01-DEL05-SC,2024
"652427,0",2024-12-31,terça-feira,17:00:00,SC,101,"57,2",ARAQUARI,Acessar a via sem observar a presença dos outros veículos,Colisão traseira,Sem Vítimas,Pleno dia,Crescente,Nublado,Dupla,Reta,Sim,2,0,0,0,2,0,0,2,-26.43646093,-48.81113029,SPRF-SC,DEL03-SC,UOP01-DEL03-SC,2024
"652430,0",2024-12-31,terça-feira,07:50:00,SC,282,"72,0",RANCHO QUEIMADO,Mal súbito do condutor,Saída de leito carroçável,Com Vítimas Feridas,Pleno dia,Decrescente,Céu Claro,Simples,Curva,Não,2,0,1,0,1,0,1,1,-27.683439,-49.105259,SPRF-SC,DEL01-SC,UOP03-DEL01-SC,2024
"652675,0",2024-11-19,terça-feira,18:35:00,SC,101,"331,6",TUBARAO,Acessar a via sem observar a presença dos outros veículos,Colisão lateral mesmo sentido,Com Vítimas Feridas,Anoitecer,Decrescente,Chuva,Múltipla,Interseção de Vias,Sim,3,0,1,0,2,0,1,2,-28.46418295,-48.99313331,SPRF-SC,DEL02-SC,UOP01-DEL02-SC,2024
"652794,0",2024-12-13,sexta-feira,18:20:00,SC,282,"174,0",BOCAINA DO SUL,Condutor deixou de manter distância do veículo da frente,Colisão traseira,Com Vítimas Feridas,Anoitecer,Crescente,Céu Claro,Simples,Aclive;Reta,Não,6,0,2,0,4,0,2,2,-27.742559,-49.882248,SPRF-SC,DEL05-SC,UOP01-DEL05-SC,2024
"652898,0",2024-12-31,terça-feira,06:15:00,SC,282,"137,3",BOM RETIRO,Velocidade Incompatível,Saída de leito carroçável,Com Vítimas Feridas,Amanhecer,Decrescente,Nublado,Simples,Rotatória,Não,4,0,0,2,2,0,2,1,-27.8228709,-49.5696044,SPRF-SC,DEL05-SC,UOP01-DEL05-SC,2024
"653301,0",2024-12-07,sábado,18:50:00,SC,101,"59,0",ARAQUARI,Chuva,Saída de leito carroçável,Com Vítimas Feridas,Plena Noite,Crescente,Chuva,Múltipla,Reta,Não,2,0,0,2,0,0,2,1,-26.44651734,-48.79426826,SPRF-SC,DEL03-SC,UOP02-DEL03-SC,2024
"653511,0",2024-12-25,quarta-feira,19:20:00,SC,470,"82,0",RODEIO,Ingestão de álcool pelo condutor,Colisão transversal,Sem Vítimas,Plena Noite,Crescente,Céu Claro,Simples,Curva;Declive,Não,3,0,0,0,2,1,0,3,-26.958838,-49.324978,SPRF-SC,DEL04-SC,UOP01-DEL04-SC,2024
"653708,0",2024-11-09,sábado,03:07:00,SC,470,"175,9",POUSO REDONDO,Ausência de reação do condutor,Saída de leito carroçável,Com Vítimas Fatais,Plena Noite,Decrescente,Céu Claro,Simples,Aclive;Curva,Sim,3,1,0,0,1,1,0,2,-27.25455804,-49.94845033,SPRF-SC,DEL04-SC,UOP02-DEL04-SC,2024
"653794,0",2024-12-07,sábado,17:00:00,SC,282,"597,0",CUNHA PORA,Chuva,Capotamento,Com Vítimas Feridas,Pleno dia,Decrescente,Chuva,Simples,Reta,Não,3,0,3,0,0,0,3,1,-26.82922,-53.138004,SPRF-SC,DEL07-SC,UOP02-DEL07-SC,2024
"654200,0",2024-11-16,sábado,18:30:00,SC,282,"436,0",IRANI,Reação tardia ou ineficiente do condutor,Queda de ocupante de veículo,Com Vítimas Feridas,Anoitecer,Decrescente,Céu Claro,Simples,Reta,Não,1,0,1,0,0,0,1,1,-26.970835,-51.851101,SPRF-SC,DEL07-SC,UOP04-DEL07-SC,2024
"654662,0",2024-12-21,sábado,12:00:00,SC,470,"266,0",CURITIBANOS,Reação tardia ou ineficiente do condutor,Tombamento,Com Vítimas Feridas,Pleno dia,Crescente,Céu Claro,Simples,Curva,Não,1,0,1,0,0,0,1,1,-27.311543,-50.729591,SPRF-SC,DEL05-SC,UOP03-DEL05-SC,2024
"654902,0",2024-12-20,sexta-feira,21:00:00,SC,116,"180,2",SAO CRISTOVAO DO SUL,Ausência de reação do condutor,Colisão transversal,Com Vítimas Feridas,Plena Noite,Crescente,Nublado,Simples,Reta,Não,2,0,0,1,1,0,1,2,-27.27041426,-50.44097161,SPRF-SC,DEL05-SC,UOP03-DEL05-SC,2024
"654990,0",2024-12-24,terça-feira,17:25:00,SC,101,"208,0",SAO JOSE,Manobra de mudança de faixa,Colisão lateral mesmo sentido,Com Vítimas Feridas,Pleno dia,Crescente,Nublado,Múltipla,Reta,Sim,2,0,1,0,1,0,1,2,-27.60327979,-48.63201818,SPRF-SC,DEL01-SC,UOP01-DEL01-SC,2024
"655049,0",2024-12-30,segunda-feira,01:34:00,SC,101,"94,0",BARRA VELHA,Ingestão de álcool pelo condutor,Colisão transversal,Com Vítimas Feridas,Plena Noite,Decrescente,Chuva,Simples,Viaduto;Interseção de Vias,Sim,7,0,4,0,3,0,4,2,-26.69940401,-48.69902784,SPRF-SC,DEL03-SC,UOP02-DEL03-SC,2024
"656617,0",2024-04-21,domingo,14:25:00,SC,101,"221,1",PALHOCA,Reação tardia ou ineficiente do condutor,Colisão lateral mesmo sentido,Com Vítimas Feridas,Pleno dia,Decrescente,Céu Claro,Múltipla,Reta,Sim,4,0,2,1,1,0,3,3,-27.70012652,-48.66021182,SPRF-SC,DEL01-SC,UOP02-DEL01-SC,2024
"657079,0",2024-12-17,terça-feira,10:00:00,SC,282,"280,6",SAO JOSE DO CERRITO,Acessar a via sem observar a presença dos outros veículos,Saída de leito carroçável,Com Vítimas Feridas,Pleno dia,Crescente,Céu Claro,Simples,Curva,Não,2,0,0,2,0,0,2,2,-27.581127,-50.775044,SPRF-SC,DEL05-SC,UOP02-DEL05-SC,2024
"657089,0",2024-12-20,sexta-feira,23:30:00,SC,282,"408,8",CATANDUVAS,Transitar na contramão,Colisão frontal,Com Vítimas Fatais,Plena Noite,Crescente,Céu Claro,Simples,Aclive;Curva,Não,8,3,0,2,2,1,2,4,-27.074812,-51.663269,SPRF-SC,DEL07-SC,UOP05-DEL07-SC,2024
"658063,0",2024-11-22,sexta-feira,10:20:00,SC,101,"297,0",IMBITUBA,Acessar a via sem observar a presença dos outros veículos,Atropelamento de Pedestre,Com Vítimas Feridas,Pleno dia,Decrescente,Chuva,Dupla,Reta,Sim,3,0,0,1,2,0,1,2,-28.31353989,-48.7240982,SPRF-SC,DEL02-SC,UOP03-DEL02-SC,2024
"658552,0",2024-12-22,domingo,09:30:00,SC,101,"29,0",JOINVILLE,Objeto estático sobre o leito carroçável,Colisão com objeto,Com Vítimas Feridas,Pleno dia,Crescente,Nublado,Dupla,Reta,Não,1,0,1,0,0,0,1,1,-26.211903,-48.91589904,SPRF-SC,DEL03-SC,UOP01-DEL03-SC,2024
"658599,0",2024-12-26,quinta-feira,01:50:00,SC,101,"382,0",ICARA,Transitar na contramão,Saída de leito carroçável,Com Vítimas Feridas,Plena Noite,Decrescente,Nublado,Múltipla,Reta,Não,4,0,2,1,0,1,3,2,-28.76645251,-49.29762304,SPRF-SC,DEL02-SC,UOP02-DEL02-SC,2024
"658641,0",2024-12-12,quinta-feira,00:45:00,SC,101,"208,0",SAO JOSE,Acessar a via sem observar a presença dos outros veículos,Queda de ocupante de veículo,Com Vítimas Feridas,Plena Noite,Decrescente,Ignorado,Dupla,Reta,Sim,1,0,0,1,0,0,1,1,-27.60463169,-48.63300383,SPRF-SC,DEL01-SC,UOP01-DEL01-SC,2024
"659189,0",2024-12-02,segunda-feira,08:45:00,SC,101,"202,0",SAO JOSE,Desrespeitar a preferência no cruzamento,Colisão transversal,Com Vítimas Feridas,Pleno dia,Decrescente,Céu Claro,Simples,Reta,Sim,2,0,0,1,1,0,1,2,-27.55711595,-48.61897889,SPRF-SC,DEL01-SC,UOP01-DEL01-SC,2024
"659840,0",2024-09-23,segunda-feira,07:05:00,SC,282,"195,2",LAGES,Manobra de mudança de faixa,Colisão com objeto,Com Vítimas Feridas,Pleno dia,Decrescente,Céu Claro,Simples,Ponte;Reta;Declive,Não,4,0,2,0,2,0,2,1,-27.746756,-50.084789,SPRF-SC,DEL05-SC,UOP01-DEL05-SC,2024
"660806,0",2024-12-24,terça-feira,20:15:00,SC,280,"264,6",IRINEOPOLIS,Ingestão de álcool pelo condutor,Saída de leito carroçável,Com Vítimas Feridas,Plena Noite,Decrescente,Céu Claro,Simples,Curva,Não,1,0,1,0,0,0,1,1,-26.26262,-50.683865,SPRF-SC,DEL06-SC,UOP04-DEL06-SC,2024
"661003,0",2024-11-07,quinta-feira,02:34:00,SC,470,"90,5",ASCURRA,Velocidade Incompatível,Tombamento,Com Vítimas Feridas,Plena Noite,Crescente,Ignorado,Simples,Curva,Não,1,0,0,1,0,0,1,1,-26.969337,-49.367718,SPRF-SC,DEL04-SC,UOP01-DEL04-SC,2024
"661262,0",2024-12-27,sexta-feira,12:25:00,SC,101,"331,7",TUBARAO,Condutor deixou de manter distância do veículo da frente,Colisão traseira,Com Vítimas Feridas,Pleno dia,Decrescente,Céu Claro,Dupla,Reta;Declive,Sim,4,0,1,0,3,0,1,2,-28.45567521,-48.9812689,SPRF-SC,DEL02-SC,UOP01-DEL02-SC,2024
"661285,0",2024-12-07,sábado,06:30:00,SC,101,"190,0",BIGUACU,Pista Escorregadia,Saída de leito carroçável,Com Vítimas Feridas,Pleno dia,Crescente,Chuva,Dupla,Curva;Declive,Não,1,0,1,0,0,0,1,1,-27.468056,-48.641712,SPRF-SC,DEL01-SC,UOP01-DEL01-SC,2024
"652617,0",2025-01-01,quarta-feira,17:45:00,SC,101,"207,4",SAO JOSE,Ausência de reação do condutor,Colisão traseira,Com Vítimas Feridas,Pleno dia,Crescente,Nublado,Dupla,Reta,Sim,2,0,1,0,1,0,1,2,-27.60001226,-48.6226467,SPRF-SC,DEL01-SC,UOP01-DEL01-SC,2025