id,data_inversa,dia_semana,horario,uf,br,km,municipio,causa_acidente,tipo_acidente,classificacao_acidente,fase_dia,sentido_via,condicao_metereologica,tipo_pista,tracado_via,uso_solo,pessoas,mortos,feridos_leves,feridos_graves,ilesos,ignorados,feridos,veiculos,latitude,longitude,regional,delegacia,uop,ano_arquivo
"656655,0",2025-01-22,quarta-feira,11:20:00,SC,101,"389,1",CRICIUMA,Reação tardia ou ineficiente do condutor,Colisão traseira,Com Vítimas Feridas,Pleno dia,Crescente,Céu Claro,Dupla,Reta,Sim,3,0,0,1,1,8,1,10,-28.8026668,-49.36745167,SPRF-SC,DEL02-SC,UOP02-DEL02-SC,2025
"656706,0",2025-01-22,quarta-feira,17:30:00,SC,101,"327,0",CAPIVARI DE BAIXO,Reação tardia ou ineficiente do condutor,Tombamento,Com Vítimas Feridas,Pleno dia,Decrescente,Céu Claro,Dupla,Reta,Sim,3,0,1,0,1,1,1,3,-28.4322229,-48.95524979,SPRF-SC,DEL02-SC,UOP01-DEL02-SC,2025
"656739,0",2025-01-22,quarta-feira,18:15:00,SC,101,"85,1",BARRA VELHA,Velocidade Incompatível,Colisão transversal,Sem Vítimas,Pleno dia,Crescente,Céu Claro,Simples,Reta;Interseção de Vias,Não,3,0,0,0,2,1,0,3,-26.63288885,-48.70235503,SPRF-SC,DEL03-SC,UOP02-DEL03-SC,2025
"656749,0",2025-01-22,quarta-feira,21:30:00,SC,101,"138,0",BALNEARIO CAMBORIU,Condutor deixou de manter distância do veículo da frente,Colisão traseira,Com Vítimas Feridas,Plena Noite,Crescente,Céu Claro,Dupla,Reta,Sim,2,0,1,0,0,1,1,2,-27.02397426,-48.60761649,SPRF-SC,DEL04-SC,UOP03-DEL04-SC,2025
"656823,0",2025-01-23,quinta-feira,10:20:00,SC,280,"55,5",GUARAMIRIM,Acessar a via sem observar a presença dos outros veículos,Colisão transversal,Com Vítimas Feridas,Pleno dia,Crescente,Céu Claro,Dupla,Interseção de Vias;Rotatória,Sim,2,0,1,0,1,0,1,2,-26.47584353,-48.9937858,SPRF-SC,DEL03-SC,UOP03-DEL03-SC,2025
"656850,0",2025-01-23,quinta-feira,13:50:00,SC,470,"10,0",NAVEGANTES,Ausência de reação do condutor,Colisão lateral mesmo sentido,Com Vítimas Feridas,Pleno dia,Crescente,Céu Claro,Dupla,Em Obras;Retorno Regulamentado;Reta,Não,2,0,0,1,1,0,1,2,-26.833693,-48.73724,SPRF-SC,DEL04-SC,UOP04-DEL04-SC,2025
"656856,0",2025-01-23,quinta-feira,09:55:00,SC,101,"138,0",BALNEARIO CAMBORIU,Reação tardia ou ineficiente do condutor,Colisão lateral mesmo sentido,Sem Vítimas,Pleno dia,Crescente,Céu Claro,Múltipla,Reta,Sim,2,0,0,0,2,0,0,2,-27.02397426,-48.60761649,SPRF-SC,DEL04-SC,UOP03-DEL04-SC,2025
"656939,0",2025-01-23,quinta-feira,21:31:00,SC,101,"36,8",PALHOCA,Ultrapassagem Indevida,Colisão lateral mesmo sentido,Com Vítimas Feridas,Plena Noite,Decrescente,Nublado,Dupla,Túnel;Curva,Não,5,0,1,1,2,1,2,3,-27.6427,-48.6695,SPRF-SC,DEL01-SC,UOP02-DEL01-SC,2025
"657019,0",2025-01-24,sexta-feira,12:45:00,SC,101,"156,6",PORTO BELO,Reação tardia ou ineficiente do condutor,Colisão com objeto,Com Vítimas Feridas,Pleno dia,Decrescente,Nublado,Dupla,Reta,Sim,3,0,0,1,1,1,1,3,-27.172272,-48.61170204,SPRF-SC,DEL04-SC,UOP03-DEL04-SC,2025
"657025,0",2025-01-24,sexta-feira,13:45:00,SC,101,"127,1",ITAJAI,Demais falhas mecânicas ou elétricas,Tombamento,Com Vítimas Feridas,Pleno dia,Decrescente,Nublado,Dupla,Reta,Não,3,0,0,1,1,1,1,3,-26.9639319,-48.68328024,SPRF-SC,DEL04-SC,UOP04-DEL04-SC,2025
"657057,0",2025-01-24,sexta-feira,17:10:00,SC,280,"128,7",RIO NEGRINHO,Ausência de reação do condutor,Colisão traseira,Com Vítimas Feridas,Pleno dia,Crescente,Chuva,Simples,Reta,Sim,6,0,4,0,2,0,4,2,-26.24317941,-49.51320018,SPRF-SC,DEL06-SC,UOP03-DEL06-SC,2025
"657112,0",2025-01-24,sexta-feira,20:15:00,SC,282,"439,0",IRANI,Ausência de reação do condutor,Colisão traseira,Com Vítimas Feridas,Plena Noite,Decrescente,Nublado,Simples,Reta,Não,3,0,1,0,1,1,1,3,-26.945671,-51.861717,SPRF-SC,DEL07-SC,UOP04-DEL07-SC,2025
"657117,0",2025-01-24,sexta-feira,20:25:00,SC,280,"187,2",MAFRA,Ausência de reação do condutor,Colisão com objeto,Com Vítimas Fatais,Plena Noite,Crescente,Chuva,Simples,Declive;Interseção de Vias;Reta;Rotatória,Não,2,1,0,0,0,1,0,2,-26.16790438,-49.95451995,SPRF-SC,DEL06-SC,UOP01-DEL06-SC,2025
"657183,0",2025-01-25,sábado,06:50:00,SC,101,"260,0",PAULO LOPES,Velocidade Incompatível,Derramamento de carga,Sem Vítimas,Pleno dia,Crescente,Céu Claro,Dupla,Curva,Não,2,0,0,0,1,1,0,2,-28.0210609,-48.69789507,SPRF-SC,DEL02-SC,UOP03-DEL02-SC,2025
"657275,0",2025-01-25,sábado,14:30:00,SC,101,"352,9",JAGUARUNA,Demais falhas mecânicas ou elétricas,Incêndio,Sem Vítimas,Pleno dia,Decrescente,Céu Claro,Dupla,Reta,Não,2,0,0,0,2,0,0,1,-28.60489869,-49.05593332,SPRF-SC,DEL02-SC,UOP01-DEL02-SC,2025
"657290,0",2025-01-25,sábado,16:15:00,SC,163,"115,2",DIONISIO CERQUEIRA,Condutor Dormindo,Saída de leito carroçável,Com Vítimas Feridas,Pleno dia,Decrescente,Céu Claro,Simples,Declive;Reta,Não,3,0,0,2,0,1,2,2,-26.366385,-53.533985,SPRF-SC,DEL07-SC,UOP03-DEL07-SC,2025
"657366,0",2025-01-25,sábado,18:00:00,SC,101,"70,0",ARAQUARI,Reação tardia ou ineficiente do condutor,Tombamento,Com Vítimas Feridas,Anoitecer,Crescente,Garoa/Chuvisco,Múltipla,Reta,Não,3,0,1,0,1,1,1,3,-26.51082007,-48.72345612,SPRF-SC,DEL03-SC,UOP02-DEL03-SC,2025
"657451,0",2025-01-26,domingo,09:30:00,SC,470,"185,3",POUSO REDONDO,Reação tardia ou ineficiente do condutor,Tombamento,Com Vítimas Feridas,Pleno dia,Decrescente,Céu Claro,Simples,Curva,Não,3,0,0,1,0,2,1,3,-27.254034,-50.036575,SPRF-SC,DEL04-SC,UOP02-DEL04-SC,2025
"657467,0",2025-01-26,domingo,12:30:00,SC,101,"232,5",PALHOCA,Reação tardia ou ineficiente do condutor,Colisão traseira,Com Vítimas Feridas,Pleno dia,Crescente,Garoa/Chuvisco,Dupla,Aclive;Curva,Não,7,0,1,0,6,0,1,2,-27.795666,-48.638153,SPRF-SC,DEL01-SC,UOP02-DEL01-SC,2025
"657476,0",2025-01-26,domingo,09:25:00,SC,101,"298,0",LAGUNA,Condutor deixou de manter distância do veículo da frente,Colisão com objeto,Com Vítimas Feridas,Pleno dia,Decrescente,Céu Claro,Dupla,Reta,Não,1,0,1,0,0,0,1,1,-28.32102597,-48.72829906,SPRF-SC,DEL02-SC,UOP03-DEL02-SC,2025
"657605,0",2025-01-27,segunda-feira,00:50:00,SC,282,"340,0",CAMPOS NOVOS,Ingestão de álcool pelo condutor,Colisão lateral sentido oposto,Com Vítimas Feridas,Plena Noite,Decrescente,Céu Claro,Simples,Reta,Não,3,0,1,0,1,1,1,2,-27.388266,-51.203793,SPRF-SC,DEL07-SC,UOP06-DEL07-SC,2025
"657645,0",2025-01-27,segunda-feira,07:35:00,SC,101,"119,0",ITAJAI,Trafegar com motocicleta (ou similar) entre as faixas,Colisão lateral mesmo sentido,Com Vítimas Feridas,Pleno dia,Crescente,Céu Claro,Dupla,Reta,Sim,4,0,1,0,1,4,1,6,-26.9043179,-48.71555481,SPRF-SC,DEL04-SC,UOP04-DEL04-SC,2025
"657696,0",2025-01-27,segunda-feira,11:10:00,SC,280,"26,0",ARAQUARI,Manobra de mudança de faixa,Colisão traseira,Sem Vítimas,Pleno dia,Crescente,Céu Claro,Simples,Reta,Não,4,0,0,0,3,1,0,3,-26.38972308,-48.73411593,SPRF-SC,DEL03-SC,UOP03-DEL03-SC,2025
"657708,0",2025-01-27,segunda-feira,13:50:00,SC,116,"212,0",CORREIA PINTO,Reação tardia ou ineficiente do condutor,Tombamento,Com Vítimas Feridas,Pleno dia,Decrescente,Céu Claro,Simples,Curva,Não,2,0,1,0,0,1,1,2,-27.51804376,-50.36466561,SPRF-SC,DEL05-SC,UOP03-DEL05-SC,2025
"657714,0",2025-01-27,segunda-feira,14:30:00,SC,101,"134,3",BALNEARIO CAMBORIU,Demais falhas mecânicas ou elétricas,Incêndio,Sem Vítimas,Pleno dia,Decrescente,Nublado,Dupla,Reta,Sim,2,0,0,0,1,1,0,2,-27.00218,-48.636433,SPRF-SC,DEL04-SC,UOP03-DEL04-SC,2025
"657742,0",2025-01-27,segunda-feira,17:00:00,SC,101,"19,5",BIGUACU,Manobra de mudança de faixa,Colisão lateral mesmo sentido,Com Vítimas Feridas,Pleno dia,Crescente,Nublado,Dupla,Curva,Não,2,0,1,0,1,0,1,2,-27.4946,-48.6561,SPRF-SC,DEL01-SC,UOP01-DEL01-SC,2025
"657757,0",2025-01-27,segunda-feira,17:30:00,SC,282,"614,0",MARAVILHA,Frear bruscamente,Queda de ocupante de veículo,Com Vítimas Feridas,Anoitecer,Crescente,Chuva,Simples,Curva,Não,3,0,2,0,1,0,2,2,-26.76932,-53.264568,SPRF-SC,DEL07-SC,UOP02-DEL07-SC,2025
"657763,0",2025-01-27,segunda-feira,19:25:00,SC,282,"16,1",PALHOCA,Conversão proibida,Colisão lateral sentido oposto,Com Vítimas Feridas,Plena Noite,Decrescente,Chuva,Simples,Reta,Sim,3,0,0,1,2,0,1,3,-27.658611,-48.681847,SPRF-SC,DEL01-SC,UOP02-DEL01-SC,2025
"657795,0",2025-01-27,segunda-feira,19:35:00,SC,280,"230,0",CANOINHAS,Mal súbito do condutor,Colisão frontal,Com Vítimas Feridas,Plena Noite,Crescente,Céu Claro,Simples,Reta;Declive,Sim,3,0,1,0,1,2,1,4,-26.18756479,-50.36192211,SPRF-SC,DEL06-SC,UOP04-DEL06-SC,2025
"657810,0",2025-01-28,terça-feira,01:30:00,SC,101,"149,5",ITAPEMA,Ingestão de álcool pelo condutor,Colisão lateral mesmo sentido,Com Vítimas Feridas,Plena Noite,Crescente,Nublado,Dupla,Reta,Sim,5,0,2,0,2,2,2,4,-27.1089649,-48.61277586,SPRF-SC,DEL04-SC,UOP03-DEL04-SC,2025
"657852,0",2025-01-28,terça-feira,08:48:00,SC,101,"222,0",PALHOCA,Reação tardia ou ineficiente do condutor,Colisão traseira,Com Vítimas Feridas,Pleno dia,Decrescente,Nublado,Dupla,Reta,Não,7,0,3,0,3,1,3,5,-27.70865409,-48.65586407,SPRF-SC,DEL01-SC,UOP02-DEL01-SC,2025
"657886,0",2025-01-28,terça-feira,12:05:00,SC,470,"114,5",IBIRAMA,Ultrapassagem Indevida,Saída de leito carroçável,Com Vítimas Feridas,Pleno dia,Crescente,Nublado,Simples,Reta,Sim,5,0,3,0,1,1,3,3,-27.08097464,-49.48457837,SPRF-SC,DEL04-SC,UOP02-DEL04-SC,2025
"657955,0",2025-01-28,terça-feira,14:40:00,SC,280,"92,0",CORUPA,Velocidade Incompatível,Capotamento,Com Vítimas Fatais,Pleno dia,Crescente,Nublado,Simples,Curva;Aclive,Não,1,1,0,0,0,0,0,1,-26.39448258,-49.2950379,SPRF-SC,DEL06-SC,UOP03-DEL06-SC,2025
"657964,0",2025-01-28,terça-feira,21:30:00,SC,470,"52,6",BLUMENAU,Ausência de reação do condutor,Colisão transversal,Com Vítimas Feridas,Plena Noite,Crescente,Céu Claro,Simples,Interseção de Vias,Sim,9,0,0,7,1,1,7,3,-26.862286,-49.093903,SPRF-SC,DEL04-SC,UOP01-DEL04-SC,2025
"657989,0",2025-01-29,quarta-feira,04:20:00,SC,470,"87,9",ASCURRA,Ausência de reação do condutor,Saída de leito carroçável,Com Vítimas Feridas,Plena Noite,Decrescente,Garoa/Chuvisco,Simples,Rotatória;Aclive,Sim,3,0,1,0,1,2,1,4,-26.95480985,-49.37269807,SPRF-SC,DEL04-SC,UOP01-DEL04-SC,2025
"658060,0",2025-01-29,quarta-feira,06:10:00,SC,282,"57,0",AGUAS MORNAS,Velocidade Incompatível,Tombamento,Sem Vítimas,Amanhecer,Decrescente,Céu Claro,Simples,Curva;Declive,Não,1,0,0,0,1,0,0,1,-27.688864,-48.998455,SPRF-SC,DEL01-SC,UOP03-DEL01-SC,2025
"658077,0",2025-01-29,quarta-feira,16:15:00,SC,282,"39,1",AGUAS MORNAS,Conversão proibida,Colisão traseira,Com Vítimas Feridas,Pleno dia,Crescente,Céu Claro,Simples,Reta,Não,5,0,1,0,4,0,1,2,-27.712439,-48.860607,SPRF-SC,DEL01-SC,UOP03-DEL01-SC,2025
"658095,0",2025-01-29,quarta-feira,18:30:00,SC,101,"130,0",BALNEARIO CAMBORIU,Manobra de mudança de faixa,Colisão lateral mesmo sentido,Com Vítimas Feridas,Anoitecer,Crescente,Céu Claro,Dupla,Reta,Sim,3,0,1,0,1,1,1,3,-26.98407618,-48.66977107,SPRF-SC,DEL04-SC,UOP03-DEL04-SC,2025
"658110,0",2025-01-29,quarta-feira,19:40:00,SC,101,"55,0",ARAQUARI,Chuva,Atropelamento de Pedestre,Com Vítimas Feridas,Plena Noite,Decrescente,Chuva,Múltipla,Reta,Não,2,0,1,0,0,1,1,2,-26.42280898,-48.82977496,SPRF-SC,DEL03-SC,UOP01-DEL03-SC,2025
"658145,0",2025-01-29,quarta-feira,16:20:00,SC,101,"277,0",IMBITUBA,Ausência de reação do condutor,Colisão com objeto,Com Vítimas Feridas,Pleno dia,Decrescente,Garoa/Chuvisco,Múltipla,Reta,Não,1,0,1,0,0,0,1,1,-28.15478103,-48.69265474,SPRF-SC,DEL02-SC,UOP03-DEL02-SC,2025
"658223,0",2025-01-30,quinta-feira,13:45:00,SC,116,"6,9",MAFRA,Acesso irregular,Colisão transversal,Com Vítimas Feridas,Pleno dia,Crescente,Céu Claro,Simples,Reta,Sim,2,0,1,0,1,0,1,2,-26.15196176,-49.83102416,SPRF-SC,DEL06-SC,UOP01-DEL06-SC,2025
"658275,0",2025-01-30,quinta-feira,17:15:00,SC,101,"42,1",JOINVILLE,Trafegar com motocicleta (ou similar) entre as faixas,Colisão traseira,Com Vítimas Feridas,Pleno dia,Decrescente,Nublado,Dupla,Reta,Sim,4,0,1,0,2,1,1,4,-26.29251598,-48.88474385,SPRF-SC,DEL03-SC,UOP01-DEL03-SC,2025
"658293,0",2025-01-30,quinta-feira,18:00:00,SC,101,"112,0",ITAJAI,Trafegar com motocicleta (ou similar) entre as faixas,Colisão lateral mesmo sentido,Com Vítimas Feridas,Pleno dia,Decrescente,Céu Claro,Dupla,Reta;Ponte,Sim,4,0,1,0,1,2,1,4,-26.84589005,-48.72131295,SPRF-SC,DEL04-SC,UOP04-DEL04-SC,2025
"658391,0",2025-01-31,sexta-feira,12:10:00,SC,101,"105,0",PENHA,Trafegar com motocicleta (ou similar) entre as faixas,Colisão lateral mesmo sentido,Com Vítimas Feridas,Plena Noite,Crescente,Céu Claro,Dupla,Viaduto;Reta,Não,2,0,0,1,0,1,1,2,-26.80215497,-48.67891041,SPRF-SC,DEL03-SC,UOP02-DEL03-SC,2025
"658486,0",2025-01-31,sexta-feira,17:51:00,SC,280,"46,2",GUARAMIRIM,Acessar a via sem observar a presença dos outros veículos,Colisão transversal,Com Vítimas Feridas,Pleno dia,Crescente,Nublado,Simples,Interseção de Vias;Aclive;Reta,Não,3,0,0,1,1,1,1,3,-26.45315954,-48.91022086,SPRF-SC,DEL03-SC,UOP03-DEL03-SC,2025
"658541,0",2025-02-01,sábado,04:43:00,SC,470,"140,0",RIO DO SUL,Ingestão de álcool pelo condutor,Colisão lateral sentido oposto,Sem Vítimas,Plena Noite,Decrescente,Nublado,Simples,Reta,Sim,3,0,0,0,2,1,0,3,-27.222485,-49.662827,SPRF-SC,DEL04-SC,UOP02-DEL04-SC,2025
"658568,0",2025-02-01,sábado,06:15:00,SC,470,"83,9",RODEIO,Transitar na contramão,Colisão frontal,Com Vítimas Fatais,Amanhecer,Crescente,Nublado,Simples,Reta,Não,7,3,0,1,1,2,1,4,-26.96135,-49.34197,SPRF-SC,DEL04-SC,UOP01-DEL04-SC,2025
"658585,0",2025-02-01,sábado,08:30:00,SC,470,"49,6",BLUMENAU,Manobra de mudança de faixa,Colisão transversal,Com Vítimas Feridas,Pleno dia,Crescente,Céu Claro,Dupla,Curva,Não,3,0,1,1,1,0,2,2,-26.860662,-49.065159,SPRF-SC,DEL04-SC,UOP01-DEL04-SC,2025
"658699,0",2025-02-01,sábado,15:15:00,SC,280,"142,0",RIO NEGRINHO,Acesso irregular,Colisão frontal,Com Vítimas Feridas,Pleno dia,Decrescente,Chuva,Simples,Declive;Reta;Ponte,Sim,2,0,0,1,1,0,1,2,-26.25076506,-49.62912012,SPRF-SC,DEL06-SC,UOP03-DEL06-SC,2025
"658809,0",2025-02-02,domingo,11:00:00,SC,282,"605,9",MARAVILHA,Ausência de reação do condutor,Colisão frontal,Com Vítimas Feridas,Pleno dia,Decrescente,Sol,Simples,Reta;Declive,Sim,2,0,0,1,1,0,1,2,-26.786951,-53.195248,SPRF-SC,DEL07-SC,UOP02-DEL07-SC,2025
"658844,0",2025-02-02,domingo,15:20:00,SC,101,"116,0",ITAJAI,Demais falhas mecânicas ou elétricas,Saída de leito carroçável,Com Vítimas Feridas,Pleno dia,Crescente,Céu Claro,Dupla,Reta,Não,2,0,1,0,0,1,1,2,-26.87905605,-48.72603512,SPRF-SC,DEL04-SC,UOP04-DEL04-SC,2025
"658860,0",2025-02-02,domingo,17:25:00,SC,280,"28,0",ARAQUARI,Acessar a via sem observar a presença dos outros veículos,Colisão transversal,Com Vítimas Feridas,Pleno dia,Crescente,Nublado,Simples,Reta,Sim,6,0,4,0,1,1,4,3,-26.40450077,-48.74561031,SPRF-SC,DEL03-SC,UOP03-DEL03-SC,2025
"658955,0",2025-02-03,segunda-feira,00:40:00,SC,101,"65,0",ARAQUARI,Ausência de reação do condutor,Colisão lateral mesmo sentido,Com Vítimas Feridas,Plena Noite,Decrescente,Chuva,Múltipla,Reta,Não,3,0,1,0,2,0,1,2,-26.47135714,-48.74457217,SPRF-SC,DEL03-SC,UOP02-DEL03-SC,2025
"659084,0",2025-02-03,segunda-feira,16:20:00,SC,101,"277,0",IMBITUBA,Manobra de mudança de faixa,Colisão lateral mesmo sentido,Com Vítimas Feridas,Pleno dia,Decrescente,Céu Claro,Múltipla,Reta,Sim,6,0,2,0,3,1,2,3,-28.15469653,-48.69253278,SPRF-SC,DEL02-SC,UOP03-DEL02-SC,2025
"659142,0",2025-02-03,segunda-feira,22:05:00,SC,101,"27,0",JOINVILLE,Condutor deixou de manter distância do veículo da frente,Engavetamento,Com Vítimas Feridas,Plena Noite,Decrescente,Nublado,Múltipla,Aclive;Reta;Viaduto,Sim,4,0,0,2,1,2,2,5,-26.2033866,-48.91370773,SPRF-SC,DEL03-SC,UOP01-DEL03-SC,2025
"659145,0",2025-02-03,segunda-feira,21:40:00,SC,101,"26,2",JOINVILLE,Reação tardia ou ineficiente do condutor,Colisão lateral mesmo sentido,Com Vítimas Feridas,Plena Noite,Decrescente,Nublado,Dupla,Reta;Ponte,Não,3,0,1,0,1,1,1,3,-26.19544181,-48.91225398,SPRF-SC,DEL03-SC,UOP01-DEL03-SC,2025
"659235,0",2025-02-04,terça-feira,10:20:00,SC,101,"38,0",JOINVILLE,Objeto estático sobre o leito carroçável,Colisão com objeto,Com Vítimas Feridas,Pleno dia,Decrescente,Nublado,Múltipla,Reta,Sim,2,0,1,0,0,1,1,2,-26.25472505,-48.90561309,SPRF-SC,DEL03-SC,UOP01-DEL03-SC,2025
"659246,0",2025-02-04,terça-feira,10:32:00,SC,116,"141,0",SANTA CECILIA,Acessar a via sem observar a presença dos outros veículos,Colisão frontal,Com Vítimas Feridas,Pleno dia,Crescente,Sol,Simples,Curva;Interseção de Vias,Sim,2,0,1,0,1,0,1,2,-26.97282394,-50.40309796,SPRF-SC,DEL06-SC,UOP02-DEL06-SC,2025
"659363,0",2025-01-25,sábado,02:30:00,SC,280,"187,2",MAFRA,Reação tardia ou ineficiente do condutor,Tombamento,Com Vítimas Feridas,Plena Noite,Crescente,Nevoeiro/Neblina,Simples,Declive;Retorno Regulamentado;Interseção de Vias;Rotatória;Desvio Temporário,Não,2,0,1,0,0,2,1,3,-26.16790438,-49.95451995,SPRF-SC,DEL06-SC,UOP01-DEL06-SC,2025
"659423,0",2025-02-05,quarta-feira,12:25:00,SC,280,"122,0",SAO BENTO DO SUL,Reação tardia ou ineficiente do condutor,Colisão transversal,Com Vítimas Feridas,Pleno dia,Crescente,Céu Claro,Simples,Interseção de Vias;Rotatória,Não,2,0,1,0,1,0,1,2,-26.24546499,-49.46053505,SPRF-SC,DEL06-SC,UOP03-DEL06-SC,2025
"659434,0",2025-02-05,quarta-feira,10:00:00,SC,163,"95,0",GUARACIABA,Conversão proibida,Colisão traseira,Com Vítimas Feridas,Pleno dia,Crescente,Céu Claro,Simples,Reta,Não,2,0,0,1,1,0,1,2,-26.52522398,-53.51935936,SPRF-SC,DEL07-SC,UOP03-DEL07-SC,2025
"659456,0",2025-02-05,quarta-feira,16:00:00,SC,101,"202,0",SAO JOSE,Trafegar com motocicleta (ou similar) entre as faixas,Colisão lateral mesmo sentido,Com Vítimas Feridas,Pleno dia,Crescente,Nublado,Múltipla,Reta,Sim,3,0,1,0,0,2,1,3,-27.55711595,-48.61897889,SPRF-SC,DEL01-SC,UOP01-DEL01-SC,2025
"659465,0",2025-02-05,quarta-feira,17:00:00,SC,101,"346,0",JAGUARUNA,Acessar a via sem observar a presença dos outros veículos,Colisão lateral mesmo sentido,Sem Vítimas,Pleno dia,Crescente,Céu Claro,Dupla,Reta;Em Obras,Sim,2,0,0,0,2,0,0,2,-28.55485199,-49.0540891,SPRF-SC,DEL02-SC,UOP01-DEL02-SC,2025
"659469,0",2025-02-05,quarta-feira,14:03:00,SC,163,"106,2",SAO JOSE DO CEDRO,Acessar a via sem observar a presença dos outros veículos,Colisão transversal,Com Vítimas Feridas,Pleno dia,Crescente,Céu Claro,Dupla,Retorno Regulamentado;Interseção de Vias,Sim,3,0,0,1,1,3,1,5,-26.43752707,-53.51693708,SPRF-SC,DEL07-SC,UOP03-DEL07-SC,2025
"659503,0",2025-02-05,quarta-feira,21:15:00,SC,101,"1,3",GARUVA,Manobra de mudança de faixa,Colisão lateral mesmo sentido,Com Vítimas Feridas,Plena Noite,Decrescente,Garoa/Chuvisco,Múltipla,Reta,Não,2,0,1,0,1,0,1,2,-25.99179956,-48.88117254,SPRF-SC,DEL03-SC,UOP01-DEL03-SC,2025
"659553,0",2025-01-25,sábado,18:40:00,SC,101,"35,0",PALHOCA,Sistema de drenagem ineficiente,Colisão transversal,Com Vítimas Feridas,Anoitecer,Decrescente,Chuva,Dupla,Curva,Não,3,0,2,0,1,0,2,2,-27.6427,-48.6695,SPRF-SC,DEL01-SC,UOP02-DEL01-SC,2025
"659558,0",2025-02-06,quinta-feira,07:45:00,SC,101,"396,7",MARACAJA,Reação tardia ou ineficiente do condutor,Colisão com objeto,Com Vítimas Feridas,Pleno dia,Decrescente,Céu Claro,Dupla,Declive,Não,3,0,0,1,2,0,1,2,-28.8419671,-49.4276619,SPRF-SC,DEL02-SC,UOP02-DEL02-SC,2025
"659570,0",2025-02-06,quinta-feira,10:15:00,SC,470,"45,9",GASPAR,Ultrapassagem Indevida,Colisão frontal,Com Vítimas Feridas,Pleno dia,Crescente,Garoa/Chuvisco,Simples,Curva,Sim,4,0,1,0,2,1,1,4,-26.86030399,-49.03852701,SPRF-SC,DEL04-SC,UOP01-DEL04-SC,2025
"659591,0",2025-02-06,quinta-feira,11:45:00,SC,116,"180,9",SAO CRISTOVAO DO SUL,Ausência de reação do condutor,Tombamento,Com Vítimas Feridas,Pleno dia,Decrescente,Nublado,Simples,Curva,Não,2,0,1,0,0,2,1,3,-27.2755343,-50.440979,SPRF-SC,DEL05-SC,UOP03-DEL05-SC,2025
"659661,0",2025-02-06,quinta-feira,17:45:00,SC,101,"451,0",SAO JOAO DO SUL,Desrespeitar a preferência no cruzamento,Colisão transversal,Com Vítimas Feridas,Pleno dia,Decrescente,Nublado,Múltipla,Interseção de Vias;Viaduto,Não,3,0,0,1,1,2,1,4,-29.18580098,-49.75491285,SPRF-SC,DEL02-SC,UOP02-DEL02-SC,2025
"659676,0",2025-02-06,quinta-feira,18:55:00,SC,153,"93,7",CONCORDIA,Transitar na contramão,Colisão frontal,Com Vítimas Feridas,Anoitecer,Decrescente,Ignorado,Simples,Curva;Declive,Não,2,0,1,0,1,0,1,2,-27.192907,-51.936951,SPRF-SC,DEL07-SC,UOP04-DEL07-SC,2025
"659731,0",2025-02-07,sexta-feira,02:00:00,SC,116,"109,0",MONTE CASTELO,Ausência de reação do condutor,Colisão traseira,Com Vítimas Feridas,Plena Noite,Decrescente,Céu Claro,Simples,Reta;Declive,Não,2,0,1,0,1,0,1,2,-26.7575178,-50.34172617,SPRF-SC,DEL06-SC,UOP02-DEL06-SC,2025
"659753,0",2025-02-07,sexta-feira,06:20:00,SC,282,"423,0",VARGEM BONITA,Reação tardia ou ineficiente do condutor,Colisão traseira,Com Vítimas Feridas,Amanhecer,Crescente,Céu Claro,Simples,Reta,Não,3,0,1,0,1,1,1,3,-26.99556,-51.752289,SPRF-SC,DEL07-SC,UOP05-DEL07-SC,2025
"659806,0",2025-02-07,sexta-feira,07:00:00,SC,282,"461,5",PONTE SERRADA,Pedestre cruzava a pista fora da faixa,Atropelamento de Pedestre,Com Vítimas Feridas,Pleno dia,Crescente,Sol,Simples,Reta,Sim,3,0,1,0,1,1,1,3,-26.86664959,-52.02283859,SPRF-SC,DEL07-SC,UOP04-DEL07-SC,2025
"659810,0",2025-02-07,sexta-feira,11:30:00,SC,280,"68,3",JARAGUA DO SUL,Trafegar com motocicleta (ou similar) entre as faixas,Colisão transversal,Com Vítimas Feridas,Pleno dia,Crescente,Nublado,Simples,Reta;Interseção de Vias,Sim,3,0,1,1,1,0,2,2,-26.47277719,-49.11098612,SPRF-SC,DEL03-SC,UOP03-DEL03-SC,2025
"659949,0",2025-02-08,sábado,01:30:00,SC,101,"16,6",BIGUACU,Transitar na contramão,Colisão frontal,Com Vítimas Feridas,Plena Noite,Decrescente,Céu Claro,Dupla,Reta;Interseção de Vias;Viaduto,Não,3,0,0,1,1,1,1,3,-27.4946,-48.6561,SPRF-SC,DEL01-SC,UOP01-DEL01-SC,2025
"659971,0",2025-02-08,sábado,05:45:00,SC,282,"16,6",PALHOCA,Transitar na contramão,Colisão frontal,Com Vítimas Feridas,Amanhecer,Crescente,Céu Claro,Simples,Reta,Sim,4,0,0,1,1,2,1,4,-27.658611,-48.681847,SPRF-SC,DEL01-SC,UOP02-DEL01-SC,2025
"659974,0",2025-02-08,sábado,06:00:00,SC,101,"30,2",JOINVILLE,Ausência de reação do condutor,Colisão traseira,Com Vítimas Feridas,Amanhecer,Decrescente,Nublado,Dupla,Aclive;Reta;Viaduto,Sim,5,0,1,0,3,1,1,3,-26.229562,-48.916604,SPRF-SC,DEL03-SC,UOP01-DEL03-SC,2025
"660018,0",2025-02-08,sábado,09:50:00,SC,280,"90,4",CORUPA,Velocidade Incompatível,Saída de leito carroçável,Com Vítimas Feridas,Pleno dia,Crescente,Garoa/Chuvisco,Simples,Curva;Declive,Não,1,0,1,0,0,0,1,1,-26.407423,-49.283504,SPRF-SC,DEL06-SC,UOP03-DEL06-SC,2025