id,data_inversa,dia_semana,horario,uf,br,km,municipio,causa_acidente,tipo_acidente,classificacao_acidente,fase_dia,sentido_via,condicao_metereologica,tipo_pista,tracado_via,uso_solo,pessoas,mortos,feridos_leves,feridos_graves,ilesos,ignorados,feridos,veiculos,latitude,longitude,regional,delegacia,uop,ano_arquivo
"689057,0",2025-05-04,domingo,08:45:00,SC,282,"455,6",PONTE SERRADA,Acostamento em desnível,Saída de leito carroçável,Com Vítimas Feridas,Pleno dia,Decrescente,Céu Claro,Simples,Curva,Não,2,0,1,0,0,1,1,2,-26.8951,-51.979122,SPRF-SC,DEL07-SC,UOP04-DEL07-SC,2025
"689105,0",2025-05-04,domingo,17:15:00,SC,153,"80,6",IRANI,Demais falhas mecânicas ou elétricas,Incêndio,Sem Vítimas,Anoitecer,Crescente,Céu Claro,Simples,Reta;Declive,Não,2,0,0,0,1,1,0,2,-27.119776,-51.926978,SPRF-SC,DEL07-SC,UOP04-DEL07-SC,2025
"689146,0",2025-05-04,domingo,20:30:00,SC,116,"254,0",LAGES,Ingestão de álcool pelo condutor,Colisão lateral sentido oposto,Sem Vítimas,Plena Noite,Crescente,Céu Claro,Simples,Reta,Sim,3,0,0,0,3,0,0,3,-27.86944008,-50.39795637,SPRF-SC,DEL05-SC,UOP02-DEL05-SC,2025
"689236,0",2025-05-05,segunda-feira,07:40:00,SC,101,"54,8",JOINVILLE,Demais falhas mecânicas ou elétricas,Colisão lateral mesmo sentido,Sem Vítimas,Pleno dia,Decrescente,Céu Claro,Dupla,Curva,Não,4,0,0,0,3,1,0,4,-26.426349,-48.827709,SPRF-SC,DEL03-SC,UOP01-DEL03-SC,2025
"689300,0",2025-05-05,segunda-feira,16:40:00,SC,101,"275,8",IMBITUBA,Estacionar ou parar em local proibido,Colisão com objeto,Com Vítimas Feridas,Pleno dia,Crescente,Céu Claro,Simples,Reta,Sim,3,0,1,0,1,1,1,3,-28.153811,-48.692793,SPRF-SC,DEL02-SC,UOP03-DEL02-SC,2025
"689413,0",2025-05-06,terça-feira,05:00:00,SC,470,"153,5",AGRONOMICA,Transitar na contramão,Colisão frontal,Com Vítimas Fatais,Amanhecer,Decrescente,Céu Claro,Simples,Curva,Não,4,1,0,1,1,1,1,4,-27.2764588,-49.7412867,SPRF-SC,DEL04-SC,UOP02-DEL04-SC,2025
"689430,0",2025-05-06,terça-feira,10:40:00,SC,280,"38,3",JOINVILLE,Manobra de mudança de faixa,Colisão lateral sentido oposto,Com Vítimas Feridas,Pleno dia,Decrescente,Céu Claro,Simples,Ponte,Sim,5,0,1,2,1,1,3,4,-26.44796339,-48.8254416,SPRF-SC,DEL03-SC,UOP03-DEL03-SC,2025
"689443,0",2025-05-06,terça-feira,12:30:00,SC,101,"208,3",SAO JOSE,Suicídio (presumido),Atropelamento de Pedestre,Com Vítimas Feridas,Pleno dia,Crescente,Céu Claro,Múltipla,Reta,Sim,3,0,0,1,1,1,1,3,-27.605073,-48.633751,SPRF-SC,DEL01-SC,UOP01-DEL01-SC,2025
"689453,0",2025-05-06,terça-feira,10:10:00,SC,101,"100,8",BALNEARIO PICARRAS,Ultrapassagem Indevida,Colisão lateral mesmo sentido,Com Vítimas Feridas,Pleno dia,Decrescente,Nublado,Simples,Curva,Não,3,0,0,1,1,2,1,4,-26.75756683,-48.68870258,SPRF-SC,DEL03-SC,UOP02-DEL03-SC,2025
"689463,0",2025-05-06,terça-feira,13:20:00,SC,101,"63,5",ARAQUARI,Manobra de mudança de faixa,Colisão traseira,Com Vítimas Feridas,Pleno dia,Crescente,Céu Claro,Múltipla,Reta,Não,2,0,1,0,0,1,1,2,-26.45778066,-48.76034331,SPRF-SC,DEL03-SC,UOP02-DEL03-SC,2025
"689522,0",2025-05-06,terça-feira,18:30:00,SC,280,"32,9",ARAQUARI,Trafegar com motocicleta (ou similar) entre as faixas,Colisão transversal,Com Vítimas Feridas,Anoitecer,Crescente,Céu Claro,Simples,Interseção de Vias;Reta,Sim,2,0,1,0,1,0,1,2,-26.42497,-48.7876225,SPRF-SC,DEL03-SC,UOP03-DEL03-SC,2025
"689538,0",2025-05-06,terça-feira,19:25:00,SC,282,"218,0",LAGES,Demais falhas mecânicas ou elétricas,Colisão com objeto,Sem Vítimas,Plena Noite,Crescente,Nublado,Dupla,Reta;Declive,Sim,2,0,0,0,1,1,0,2,-27.797333,-50.312486,SPRF-SC,DEL05-SC,UOP01-DEL05-SC,2025
"689541,0",2025-05-06,terça-feira,19:00:00,SC,280,"221,0",TRES BARRAS,Reação tardia ou ineficiente do condutor,Colisão com objeto,Com Vítimas Feridas,Plena Noite,Decrescente,Céu Claro,Simples,Rotatória,Não,2,0,1,0,0,1,1,2,-26.1727552,-50.27143938,SPRF-SC,DEL06-SC,UOP04-DEL06-SC,2025
"689563,0",2025-05-07,quarta-feira,05:30:00,SC,280,"33,1",ARAQUARI,Acessar a via sem observar a presença dos outros veículos,Colisão transversal,Com Vítimas Feridas,Pleno dia,Decrescente,Céu Claro,Simples,Interseção de Vias;Aclive,Sim,3,0,2,0,0,1,2,2,-26.4252,-48.7887855,SPRF-SC,DEL03-SC,UOP03-DEL03-SC,2025
"689573,0",2025-05-07,quarta-feira,06:50:00,SC,282,"535,0",CHAPECO,Desrespeitar a preferência no cruzamento,Colisão transversal,Com Vítimas Feridas,Pleno dia,Decrescente,Nublado,Simples,Rotatória,Não,2,0,1,0,1,0,1,2,-26.99955198,-52.64602153,SPRF-SC,DEL07-SC,UOP01-DEL07-SC,2025
"689589,0",2025-05-07,quarta-feira,06:50:00,SC,470,"32,0",BLUMENAU,Demais falhas mecânicas ou elétricas,Tombamento,Com Vítimas Feridas,Pleno dia,Crescente,Nublado,Dupla,Retorno Regulamentado,Não,1,0,1,0,0,0,1,1,-26.8627577,-49.091897,SPRF-SC,DEL04-SC,UOP01-DEL04-SC,2025
"689604,0",2025-05-07,quarta-feira,06:15:00,SC,282,"165,0",BOCAINA DO SUL,Condutor Dormindo,Colisão lateral sentido oposto,Com Vítimas Feridas,Amanhecer,Crescente,Nublado,Simples,Reta,Não,4,0,1,0,2,1,1,4,-27.74058759,-49.80387624,SPRF-SC,DEL05-SC,UOP01-DEL05-SC,2025
"689645,0",2025-05-07,quarta-feira,13:30:00,SC,282,"435,7",IRANI,Reação tardia ou ineficiente do condutor,Colisão traseira,Com Vítimas Feridas,Pleno dia,Decrescente,Céu Claro,Simples,Interseção de Vias;Rotatória,Não,2,0,1,0,1,0,1,2,-26.969439,-51.854443,SPRF-SC,DEL07-SC,UOP04-DEL07-SC,2025
"689648,0",2025-05-07,quarta-feira,15:10:00,SC,470,"250,0",CURITIBANOS,Acessar a via sem observar a presença dos outros veículos,Colisão transversal,Com Vítimas Feridas,Pleno dia,Crescente,Nublado,Simples,Reta,Não,5,0,1,2,1,2,3,4,-27.31215576,-50.58673024,SPRF-SC,DEL05-SC,UOP03-DEL05-SC,2025
"689652,0",2025-05-07,quarta-feira,15:19:00,SC,101,"198,4",BIGUACU,Condutor deixou de manter distância do veículo da frente,Colisão traseira,Com Vítimas Feridas,Pleno dia,Decrescente,Nublado,Múltipla,Reta,Sim,3,0,0,1,1,1,1,3,-27.52948695,-48.63287894,SPRF-SC,DEL01-SC,UOP01-DEL01-SC,2025
"689711,0",2025-05-06,terça-feira,05:15:00,SC,470,"193,0",POUSO REDONDO,Velocidade Incompatível,Saída de leito carroçável,Com Vítimas Feridas,Amanhecer,Decrescente,Céu Claro,Simples,Curva,Não,2,0,1,0,1,0,1,1,-27.303393,-50.07928,SPRF-SC,DEL04-SC,UOP02-DEL04-SC,2025
"689727,0",2025-05-07,quarta-feira,21:30:00,SC,101,"416,8",ARARANGUA,Entrada inopinada do pedestre,Atropelamento de Pedestre,Com Vítimas Feridas,Plena Noite,Crescente,Céu Claro,Simples,Reta,Sim,4,0,2,1,0,1,3,3,-28.97705435,-49.53402607,SPRF-SC,DEL02-SC,UOP02-DEL02-SC,2025
"689737,0",2025-05-07,quarta-feira,15:30:00,SC,282,"111,0",ALFREDO WAGNER,Problema com o freio,Tombamento,Com Vítimas Feridas,Pleno dia,Decrescente,Céu Claro,Simples,Curva;Viaduto;Declive,Não,1,0,1,0,0,0,1,1,-27.73321006,-49.36621785,SPRF-SC,DEL01-SC,UOP03-DEL01-SC,2025
"689772,0",2025-04-13,domingo,01:30:00,SC,470,"147,2",LAURENTINO,Condutor Dormindo,Colisão com objeto,Com Vítimas Feridas,Plena Noite,Decrescente,Chuva,Simples,Reta;Ponte,Não,1,0,1,0,0,0,1,1,-27.24437224,-49.69151306,SPRF-SC,DEL04-SC,UOP02-DEL04-SC,2025
"689785,0",2025-04-13,domingo,02:00:00,SC,470,"147,2",LAURENTINO,Acessar a via sem observar a presença dos outros veículos,Colisão com objeto,Com Vítimas Feridas,Plena Noite,Decrescente,Chuva,Simples,Reta;Ponte,Não,2,0,1,1,0,0,2,2,-27.24429676,-49.69146162,SPRF-SC,DEL04-SC,UOP02-DEL04-SC,2025
"689803,0",2025-05-08,quinta-feira,12:00:00,SC,101,"197,0",BIGUACU,Trafegar com motocicleta (ou similar) entre as faixas,Colisão lateral mesmo sentido,Com Vítimas Feridas,Pleno dia,Decrescente,Nublado,Dupla,Reta,Não,2,0,1,0,0,1,1,2,-27.521103,-48.637315,SPRF-SC,DEL01-SC,UOP01-DEL01-SC,2025
"689914,0",2025-05-08,quinta-feira,20:35:00,SC,282,"445,0",PONTE SERRADA,Reação tardia ou ineficiente do condutor,Colisão lateral sentido oposto,Com Vítimas Feridas,Plena Noite,Decrescente,Céu Claro,Simples,Reta,Não,3,0,1,0,0,2,1,3,-26.91786749,-51.88983891,SPRF-SC,DEL07-SC,UOP04-DEL07-SC,2025
"689983,0",2025-05-09,sexta-feira,06:36:00,SC,282,"287,6",SAO JOSE DO CERRITO,Transitar na contramão,Colisão frontal,Com Vítimas Fatais,Amanhecer,Decrescente,Céu Claro,Simples,Reta,Não,3,2,0,0,1,0,0,2,-27.564367,-50.825507,SPRF-SC,DEL05-SC,UOP02-DEL05-SC,2025
"689985,0",2025-05-09,sexta-feira,09:15:00,SC,101,"421,6",ARARANGUA,Condutor deixou de manter distância do veículo da frente,Colisão traseira,Com Vítimas Fatais,Pleno dia,Decrescente,Céu Claro,Múltipla,Reta;Declive;Viaduto,Sim,2,1,0,0,1,0,0,2,-29.00752769,-49.56775753,SPRF-SC,DEL02-SC,UOP02-DEL02-SC,2025
"690028,0",2025-04-11,sexta-feira,11:45:00,SC,101,"129,9",CAMBORIU,Condutor deixou de manter distância do veículo da frente,Colisão lateral mesmo sentido,Com Vítimas Feridas,Pleno dia,Crescente,Nublado,Dupla,Reta,Sim,3,0,0,1,1,1,1,3,-26.98520569,-48.66775252,SPRF-SC,DEL04-SC,UOP03-DEL04-SC,2025
"690044,0",2025-05-09,sexta-feira,14:06:00,SC,470,"246,4",CURITIBANOS,Transitar na contramão,Colisão frontal,Com Vítimas Fatais,Pleno dia,Decrescente,Nublado,Simples,Reta,Sim,3,1,2,0,0,0,2,2,-27.3141872,-50.5505489,SPRF-SC,DEL05-SC,UOP03-DEL05-SC,2025
"690151,0",2025-05-09,sexta-feira,17:00:00,SC,280,"283,2",IRINEOPOLIS,Problema com o freio,Tombamento,Sem Vítimas,Pleno dia,Crescente,Nublado,Simples,Reta;Declive,Não,3,0,0,0,2,4,0,6,-26.29353915,-50.86418565,SPRF-SC,DEL06-SC,UOP04-DEL06-SC,2025
"690228,0",2025-04-16,quarta-feira,16:00:00,SC,101,"228,2",PALHOCA,Condutor usando celular,Colisão traseira,Com Vítimas Feridas,Pleno dia,Crescente,Céu Claro,Dupla,Aclive;Curva,Não,3,0,0,1,1,1,1,3,-27.76017,-48.63066,SPRF-SC,DEL01-SC,UOP02-DEL01-SC,2025
"690283,0",2025-04-24,quinta-feira,12:00:00,SC,101,"438,0",SOMBRIO,Acessar a via sem observar a presença dos outros veículos,Colisão traseira,Sem Vítimas,Pleno dia,Crescente,Céu Claro,Dupla,Reta,Sim,2,0,0,0,1,1,0,2,-29.12373361,-49.65496151,SPRF-SC,DEL02-SC,UOP02-DEL02-SC,2025
"690300,0",2025-05-10,sábado,12:00:00,SC,101,"102,0",BALNEARIO PICARRAS,Condutor deixou de manter distância do veículo da frente,Colisão traseira,Com Vítimas Feridas,Pleno dia,Decrescente,Céu Claro,Múltipla,Reta,Não,3,0,1,0,2,0,1,2,-26.76998373,-48.68590021,SPRF-SC,DEL03-SC,UOP02-DEL03-SC,2025
"690316,0",2025-05-10,sábado,10:45:00,SC,101,"97,7",BALNEARIO PICARRAS,Carga excessiva e/ou mal acondicionada,Colisão traseira,Com Vítimas Fatais,Pleno dia,Decrescente,Céu Claro,Dupla,Reta,Sim,3,1,0,0,1,1,0,3,-26.7381463,-48.6989232,SPRF-SC,DEL03-SC,UOP02-DEL03-SC,2025
"690419,0",2025-05-10,sábado,16:55:00,SC,282,"370,4",ERVAL VELHO,Avarias e/ou desgaste excessivo no pneu,Colisão lateral sentido oposto,Com Vítimas Feridas,Pleno dia,Crescente,Céu Claro,Simples,Reta;Aclive,Não,5,0,0,1,4,0,1,3,-27.268747,-51.443755,SPRF-SC,DEL07-SC,UOP05-DEL07-SC,2025
"690483,0",2025-05-11,domingo,06:20:00,SC,101,"376,5",ICARA,Condutor Dormindo,Colisão traseira,Com Vítimas Feridas,Pleno dia,Crescente,Céu Claro,Dupla,Curva,Não,2,0,1,0,1,0,1,2,-28.743091,-49.252771,SPRF-SC,DEL02-SC,UOP01-DEL02-SC,2025
"690613,0",2025-05-11,domingo,17:10:00,SC,282,"514,5",XAXIM,Ultrapassagem Indevida,Colisão lateral mesmo sentido,Com Vítimas Feridas,Pleno dia,Crescente,Céu Claro,Simples,Reta,Não,2,0,1,0,1,0,1,2,-26.91737721,-52.49354331,SPRF-SC,DEL07-SC,UOP01-DEL07-SC,2025
"690632,0",2025-05-11,domingo,18:40:00,SC,470,"247,2",CURITIBANOS,Conversão proibida,Colisão frontal,Com Vítimas Feridas,Plena Noite,Crescente,Céu Claro,Simples,Reta,Sim,3,0,1,0,1,1,1,3,-27.31320536,-50.55510938,SPRF-SC,DEL05-SC,UOP03-DEL05-SC,2025
"690788,0",2025-05-12,segunda-feira,09:30:00,SC,101,"210,0",SAO JOSE,Reação tardia ou ineficiente do condutor,Tombamento,Com Vítimas Fatais,Pleno dia,Decrescente,Chuva,Múltipla,Declive;Interseção de Vias;Reta,Sim,4,1,0,0,2,1,0,3,-27.616812,-48.645418,SPRF-SC,DEL01-SC,UOP01-DEL01-SC,2025
"690814,0",2025-05-12,segunda-feira,12:40:00,SC,470,"5,6",NAVEGANTES,Ausência de reação do condutor,Tombamento,Com Vítimas Fatais,Pleno dia,Decrescente,Nublado,Dupla,Reta;Em Obras,Sim,3,1,0,0,1,1,0,3,-26.85447491,-48.7049675,SPRF-SC,DEL04-SC,UOP04-DEL04-SC,2025
"690855,0",2025-05-12,segunda-feira,14:45:00,SC,116,"97,0",MONTE CASTELO,Condutor deixou de manter distância do veículo da frente,Colisão traseira,Com Vítimas Feridas,Pleno dia,Decrescente,Céu Claro,Simples,Reta;Declive,Não,6,0,1,1,2,2,2,5,-26.688396,-50.294381,SPRF-SC,DEL06-SC,UOP02-DEL06-SC,2025
"690902,0",2025-05-12,segunda-feira,19:10:00,SC,282,"595,1",SAUDADES,Acessar a via sem observar a presença dos outros veículos,Colisão transversal,Com Vítimas Feridas,Plena Noite,Decrescente,Nublado,Simples,Reta,Não,5,0,4,1,0,0,5,2,-26.8295985,-53.1215782,SPRF-SC,DEL07-SC,UOP02-DEL07-SC,2025
"690911,0",2025-05-12,segunda-feira,20:40:00,SC,101,"173,5",TIJUCAS,Objeto estático sobre o leito carroçável,Tombamento,Com Vítimas Feridas,Plena Noite,Decrescente,Nublado,Dupla,Reta,Não,4,0,0,1,2,1,1,4,-27.31888481,-48.62887558,SPRF-SC,DEL01-SC,UOP01-DEL01-SC,2025
"690922,0",2025-05-12,segunda-feira,23:00:00,SC,101,"210,0",SAO JOSE,Chuva,Colisão traseira,Com Vítimas Feridas,Plena Noite,Decrescente,Chuva,Múltipla,Reta,Sim,3,0,2,0,0,1,2,2,-27.614123,-48.642916,SPRF-SC,DEL01-SC,UOP01-DEL01-SC,2025
"690925,0",2025-05-12,segunda-feira,22:15:00,SC,101,"57,2",ARAQUARI,Frear bruscamente,Colisão com objeto,Com Vítimas Feridas,Plena Noite,Crescente,Chuva,Dupla,Reta,Não,3,0,1,0,1,2,1,4,-26.43746306,-48.80723476,SPRF-SC,DEL03-SC,UOP01-DEL03-SC,2025
"691026,0",2025-05-13,terça-feira,13:55:00,SC,470,"44,2",GASPAR,Demais falhas mecânicas ou elétricas,Colisão traseira,Com Vítimas Feridas,Pleno dia,Crescente,Chuva,Dupla,Reta,Não,2,0,1,0,1,0,1,2,-26.86995579,-49.02429555,SPRF-SC,DEL04-SC,UOP01-DEL04-SC,2025
"691032,0",2025-05-13,terça-feira,12:55:00,SC,282,"1,2",FLORIANOPOLIS,Demais falhas mecânicas ou elétricas,Incêndio,Sem Vítimas,Pleno dia,Decrescente,Chuva,Múltipla,Reta,Sim,1,0,0,0,1,0,0,1,-27.603066,-48.580857,SPRF-SC,DEL01-SC,UOP01-DEL01-SC,2025
"691054,0",2025-05-13,terça-feira,11:10:00,SC,470,"51,0",BLUMENAU,Ausência de reação do condutor,Colisão com objeto,Sem Vítimas,Pleno dia,Decrescente,Garoa/Chuvisco,Dupla,Reta,Não,2,0,0,0,1,1,0,2,-26.86115404,-49.0803279,SPRF-SC,DEL04-SC,UOP01-DEL04-SC,2025
"691127,0",2025-05-13,terça-feira,22:20:00,SC,282,"16,0",PALHOCA,Conversão proibida,Colisão transversal,Sem Vítimas,Plena Noite,Decrescente,Chuva,Simples,Reta,Sim,3,0,0,0,3,0,0,3,-27.656194,-48.68007,SPRF-SC,DEL01-SC,UOP02-DEL01-SC,2025
"691143,0",2025-05-14,quarta-feira,03:55:00,SC,101,"140,7",BALNEARIO CAMBORIU,Manobra de mudança de faixa,Colisão lateral mesmo sentido,Com Vítimas Feridas,Plena Noite,Decrescente,Céu Claro,Dupla,Em Obras;Túnel;Reta,Não,4,0,1,0,2,1,1,3,-27.04433,-48.59988,SPRF-SC,DEL04-SC,UOP03-DEL04-SC,2025
"691165,0",2025-05-14,quarta-feira,08:15:00,SC,116,"5,8",MAFRA,Acessar a via sem observar a presença dos outros veículos,Colisão transversal,Sem Vítimas,Pleno dia,Crescente,Céu Claro,Simples,Reta;Retorno Regulamentado,Sim,2,0,0,0,2,0,0,2,-26.1455058,-49.8217904,SPRF-SC,DEL06-SC,UOP01-DEL06-SC,2025
"691198,0",2025-05-14,quarta-feira,08:20:00,SC,101,"113,0",ITAJAI,Reação tardia ou ineficiente do condutor,Colisão lateral mesmo sentido,Sem Vítimas,Pleno dia,Crescente,Sol,Múltipla,Reta,Sim,2,0,0,0,1,1,0,2,-26.8531929,-48.7268587,SPRF-SC,DEL04-SC,UOP04-DEL04-SC,2025
"691218,0",2025-05-14,quarta-feira,10:15:00,SC,470,"16,0",ILHOTA,Reação tardia ou ineficiente do condutor,Colisão traseira,Com Vítimas Feridas,Pleno dia,Crescente,Céu Claro,Dupla,Reta;Aclive,Não,3,0,1,0,2,0,1,2,-26.84052315,-48.78474176,SPRF-SC,DEL04-SC,UOP04-DEL04-SC,2025
"691276,0",2025-05-14,quarta-feira,17:50:00,SC,101,"117,0",ITAJAI,Trafegar com motocicleta (ou similar) entre as faixas,Colisão lateral mesmo sentido,Com Vítimas Feridas,Anoitecer,Crescente,Nublado,Múltipla,Reta;Viaduto;Declive,Sim,4,0,2,0,1,1,2,3,-26.8907235,-48.72114927,SPRF-SC,DEL04-SC,UOP04-DEL04-SC,2025
"691414,0",2025-05-15,quinta-feira,02:30:00,SC,153,"0,6",AGUA DOCE,Ausência de reação do condutor,Saída de leito carroçável,Com Vítimas Feridas,Plena Noite,Crescente,Céu Claro,Simples,Curva,Não,1,0,1,0,0,0,1,1,-26.613378,-51.497047,SPRF-SC,DEL07-SC,UOP07-DEL07-SC,2025
"691418,0",2025-05-07,quarta-feira,06:35:00,SC,282,"492,0",FAXINAL DOS GUEDES,Ausência de sinalização,Colisão traseira,Sem Vítimas,Pleno dia,Decrescente,Nublado,Simples,Aclive;Reta,Não,4,0,0,0,3,1,0,4,-26.872357,-52.293212,SPRF-SC,DEL07-SC,UOP01-DEL07-SC,2025
"691432,0",2025-05-15,quinta-feira,12:40:00,SC,101,"148,5",ITAPEMA,Ingestão de álcool pelo condutor,Colisão traseira,Sem Vítimas,Pleno dia,Decrescente,Céu Claro,Múltipla,Reta;Aclive,Sim,2,0,0,0,2,0,0,2,-27.0984702,-48.61852325,SPRF-SC,DEL04-SC,UOP03-DEL04-SC,2025
"691467,0",2025-05-15,quinta-feira,17:30:00,SC,101,"298,5",LAGUNA,Reação tardia ou ineficiente do condutor,Colisão traseira,Com Vítimas Feridas,Anoitecer,Decrescente,Céu Claro,Múltipla,Reta,Não,4,0,1,0,2,1,1,3,-28.35077412,-48.73927681,SPRF-SC,DEL02-SC,UOP03-DEL02-SC,2025
"691488,0",2025-05-15,quinta-feira,19:20:00,SC,101,"80,5",BARRA VELHA,Reação tardia ou ineficiente do condutor,Saída de leito carroçável,Com Vítimas Feridas,Plena Noite,Crescente,Nublado,Dupla,Curva,Não,2,0,1,0,0,1,1,2,-26.60414,-48.72536695,SPRF-SC,DEL03-SC,UOP02-DEL03-SC,2025
"691570,0",2025-05-16,sexta-feira,03:25:00,SC,280,"262,8",CANOINHAS,Reação tardia ou ineficiente do condutor,Colisão transversal,Com Vítimas Fatais,Plena Noite,Decrescente,Nublado,Simples,Reta;Interseção de Vias;Declive,Não,7,5,0,0,1,2,0,4,-26.262625,-50.666805,SPRF-SC,DEL06-SC,UOP04-DEL06-SC,2025
"691643,0",2025-05-16,sexta-feira,15:40:00,SC,280,"5,5",GUARAMIRIM,Acessar a via sem observar a presença dos outros veículos,Atropelamento de Pedestre,Com Vítimas Feridas,Pleno dia,Crescente,Céu Claro,Simples,Reta,Sim,3,0,0,1,1,2,1,4,-26.476544,-48.98816,SPRF-SC,DEL03-SC,UOP03-DEL03-SC,2025
"691649,0",2025-05-16,sexta-feira,15:30:00,SC,101,"114,9",ITAJAI,Ausência de reação do condutor,Tombamento,Com Vítimas Feridas,Pleno dia,Crescente,Nublado,Dupla,Reta,Sim,2,0,1,0,0,1,1,2,-26.8731837,-48.72839884,SPRF-SC,DEL04-SC,UOP04-DEL04-SC,2025
"691657,0",2025-05-16,sexta-feira,16:45:00,SC,101,"118,9",ITAJAI,Trafegar com motocicleta (ou similar) entre as faixas,Colisão traseira,Com Vítimas Feridas,Pleno dia,Crescente,Nublado,Dupla,Reta,Não,3,0,1,0,2,0,1,3,-26.8973066,-48.71848851,SPRF-SC,DEL04-SC,UOP04-DEL04-SC,2025
"691683,0",2025-05-16,sexta-feira,16:20:00,SC,470,"2,0",NAVEGANTES,Ultrapassagem Indevida,Colisão lateral mesmo sentido,Sem Vítimas,Pleno dia,Crescente,Nublado,Dupla,Em Obras;Interseção de Vias,Sim,4,0,0,0,3,1,0,4,-26.86798949,-48.6748302,SPRF-SC,DEL04-SC,UOP04-DEL04-SC,2025
"691782,0",2025-05-17,sábado,03:30:00,SC,470,"115,0",IBIRAMA,Conversão proibida,Colisão lateral mesmo sentido,Com Vítimas Feridas,Plena Noite,Decrescente,Céu Claro,Simples,Reta,Não,4,0,1,0,2,2,1,4,-27.09998175,-49.52769455,SPRF-SC,DEL04-SC,UOP02-DEL04-SC,2025
"691845,0",2025-05-17,sábado,07:10:00,SC,470,"194,2",POUSO REDONDO,Reação tardia ou ineficiente do condutor,Saída de leito carroçável,Com Vítimas Fatais,Pleno dia,Decrescente,Nublado,Simples,Curva;Declive,Não,2,1,0,0,0,1,0,2,-27.302845,-50.082982,SPRF-SC,DEL04-SC,UOP02-DEL04-SC,2025
"691918,0",2025-05-17,sábado,17:43:00,SC,470,"20,0",ILHOTA,Ultrapassagem Indevida,Colisão lateral mesmo sentido,Com Vítimas Feridas,Anoitecer,Crescente,Céu Claro,Dupla,Reta,Não,3,0,1,0,2,0,1,3,-26.86800145,-48.81809235,SPRF-SC,DEL04-SC,UOP04-DEL04-SC,2025
"691953,0",2025-05-17,sábado,18:05:00,SC,470,"294,0",CAMPOS NOVOS,Manobra de mudança de faixa,Colisão frontal,Com Vítimas Fatais,Plena Noite,Crescente,Nublado,Simples,Reta,Não,3,1,0,0,1,1,0,3,-27.345844,-51.002288,SPRF-SC,DEL07-SC,UOP06-DEL07-SC,2025
"691974,0",2025-05-17,sábado,21:20:00,SC,116,"217,7",CORREIA PINTO,Reação tardia ou ineficiente do condutor,Colisão traseira,Com Vítimas Fatais,Plena Noite,Crescente,Céu Claro,Simples,Reta,Sim,3,1,0,0,1,1,0,3,-27.567604,-50.374096,SPRF-SC,DEL05-SC,UOP03-DEL05-SC,2025
"692011,0",2025-05-18,domingo,04:30:00,SC,101,"173,0",TIJUCAS,Ingestão de álcool pelo condutor,Colisão lateral mesmo sentido,Sem Vítimas,Plena Noite,Decrescente,Nublado,Dupla,Reta,Não,3,0,0,0,2,1,0,3,-27.31949449,-48.62840343,SPRF-SC,DEL04-SC,UOP03-DEL04-SC,2025
"692059,0",2025-05-18,domingo,10:40:00,SC,280,"69,4",JARAGUA DO SUL,Velocidade Incompatível,Colisão traseira,Com Vítimas Feridas,Pleno dia,Crescente,Sol,Simples,Reta,Sim,2,0,0,1,1,0,1,2,-26.465885,-49.124304,SPRF-SC,DEL03-SC,UOP03-DEL03-SC,2025
"692221,0",2025-05-18,domingo,23:30:00,SC,280,"57,8",GUARAMIRIM,Manobra de mudança de faixa,Colisão lateral mesmo sentido,Sem Vítimas,Plena Noite,Decrescente,Céu Claro,Dupla,Retorno Regulamentado,Sim,2,0,0,0,2,0,0,2,-26.47435498,-49.02002557,SPRF-SC,DEL03-SC,UOP03-DEL03-SC,2025
"692237,0",2025-05-19,segunda-feira,00:50:00,SC,101,"9,5",GARUVA,Reação tardia ou ineficiente do condutor,Colisão traseira,Com Vítimas Fatais,Plena Noite,Crescente,Nublado,Dupla,Reta,Não,4,1,0,0,0,3,0,4,-26.06079674,-48.85997621,SPRF-SC,DEL03-SC,UOP01-DEL03-SC,2025
"692244,0",2025-05-19,segunda-feira,05:30:00,SC,101,"25,7",JOINVILLE,Demais falhas mecânicas ou elétricas,Tombamento,Sem Vítimas,Plena Noite,Decrescente,Nublado,Dupla,Reta,Sim,1,0,0,0,1,0,0,1,-26.1905444,-48.9118194,SPRF-SC,DEL03-SC,UOP01-DEL03-SC,2025
"692260,0",2025-05-19,segunda-feira,06:15:00,SC,282,"24,8",SANTO AMARO DA IMPERATRIZ,Acessar a via sem observar a presença dos outros veículos,Colisão lateral sentido oposto,Com Vítimas Feridas,Pleno dia,Decrescente,Nublado,Simples,Reta;Viaduto;Interseção de Vias,Sim,2,0,1,0,1,0,1,2,-27.6786,-48.751,SPRF-SC,DEL01-SC,UOP03-DEL01-SC,2025
"692286,0",2025-05-19,segunda-feira,07:40:00,SC,470,"68,6",INDAIAL,Frear bruscamente,Colisão lateral mesmo sentido,Com Vítimas Feridas,Pleno dia,Decrescente,Céu Claro,Dupla,Reta,Não,3,0,1,0,1,1,1,3,-26.88131,-49.24413,SPRF-SC,DEL04-SC,UOP01-DEL04-SC,2025
"692311,0",2025-05-18,domingo,20:30:00,SC,282,"301,0",VARGEM,Transitar na contramão,Colisão frontal,Com Vítimas Feridas,Plena Noite,Decrescente,Chuva,Simples,Curva,Não,2,0,1,0,1,0,1,2,-27.42602353,-51.03012085,SPRF-SC,DEL07-SC,UOP06-DEL07-SC,2025