id,data_inversa,dia_semana,horario,uf,br,km,municipio,causa_acidente,tipo_acidente,classificacao_acidente,fase_dia,sentido_via,condicao_metereologica,tipo_pista,tracado_via,uso_solo,pessoas,mortos,feridos_leves,feridos_graves,ilesos,ignorados,feridos,veiculos,latitude,longitude,regional,delegacia,uop,ano_arquivo
"692335,0",2025-05-19,segunda-feira,12:00:00,SC,101,"112,0",NAVEGANTES,Trafegar com motocicleta (ou similar) entre as faixas,Colisão lateral mesmo sentido,Com Vítimas Feridas,Pleno dia,Crescente,Nublado,Dupla,Reta;Ponte;Aclive,Não,2,0,0,1,1,0,1,2,-26.84397086,-48.71912956,SPRF-SC,DEL04-SC,UOP04-DEL04-SC,2025
"692344,0",2025-01-24,sexta-feira,17:15:00,SC,282,"542,0",CHAPECO,Reação tardia ou ineficiente do condutor,Tombamento,Sem Vítimas,Pleno dia,Decrescente,Céu Claro,Simples,Curva;Declive,Não,2,0,0,0,1,3,0,4,-27.001301,-52.707569,SPRF-SC,DEL07-SC,UOP01-DEL07-SC,2025
"692392,0",2025-05-19,segunda-feira,14:50:00,SC,101,"47,5",JOINVILLE,Desrespeitar a preferência no cruzamento,Colisão lateral mesmo sentido,Com Vítimas Feridas,Pleno dia,Decrescente,Nublado,Múltipla,Reta,Sim,3,0,1,0,1,1,1,3,-26.37108784,-48.85688178,SPRF-SC,DEL03-SC,UOP01-DEL03-SC,2025
"692437,0",2025-05-19,segunda-feira,16:20:00,SC,280,"294,7",PORTO UNIAO,Ausência de reação do condutor,Colisão traseira,Com Vítimas Feridas,Pleno dia,Crescente,Garoa/Chuvisco,Simples,Aclive,Não,2,0,0,1,1,0,1,2,-26.2897004,-50.9714903,SPRF-SC,DEL06-SC,UOP04-DEL06-SC,2025
"692484,0",2025-05-20,terça-feira,07:00:00,SC,101,"114,0",ITAJAI,Ausência de reação do condutor,Colisão transversal,Com Vítimas Feridas,Pleno dia,Decrescente,Nublado,Dupla,Reta,Não,3,0,0,1,1,1,1,3,-26.85158897,-48.72600138,SPRF-SC,DEL04-SC,UOP04-DEL04-SC,2025
"692500,0",2025-05-18,domingo,20:02:00,SC,282,"385,0",JOACABA,Transitar na contramão,Colisão lateral sentido oposto,Sem Vítimas,Plena Noite,Decrescente,Chuva,Simples,Reta;Declive,Não,2,0,0,0,2,0,0,2,-27.2019021,-51.51558995,SPRF-SC,DEL07-SC,UOP05-DEL07-SC,2025
"692593,0",2025-05-20,terça-feira,18:40:00,SC,101,"130,5",CAMBORIU,Desrespeitar a preferência no cruzamento,Colisão frontal,Com Vítimas Fatais,Plena Noite,Crescente,Céu Claro,Simples,Reta,Sim,2,1,0,0,1,0,0,2,-26.98696664,-48.66627932,SPRF-SC,DEL04-SC,UOP03-DEL04-SC,2025
"692624,0",2025-05-20,terça-feira,16:50:00,SC,282,"300,8",VARGEM,Velocidade Incompatível,Tombamento,Com Vítimas Feridas,Anoitecer,Decrescente,Céu Claro,Simples,Curva;Declive,Não,2,0,1,0,0,1,1,2,-27.510965,-50.92364,SPRF-SC,DEL07-SC,UOP06-DEL07-SC,2025
"692676,0",2025-05-21,quarta-feira,07:07:00,SC,470,"143,9",RIO DO SUL,Ausência de reação do condutor,Engavetamento,Com Vítimas Feridas,Pleno dia,Crescente,Nublado,Simples,Reta,Não,3,0,1,0,2,0,1,3,-27.224,-49.664,SPRF-SC,DEL04-SC,UOP02-DEL04-SC,2025
"692694,0",2025-05-21,quarta-feira,04:45:00,SC,282,"610,0",MARAVILHA,Condutor Dormindo,Tombamento,Com Vítimas Fatais,Plena Noite,Crescente,Céu Claro,Simples,Curva;Declive,Não,2,1,0,0,0,1,0,2,-26.75519896,-53.23232031,SPRF-SC,DEL07-SC,UOP02-DEL07-SC,2025
"692725,0",2025-05-21,quarta-feira,09:00:00,SC,470,"85,7",RODEIO,Acessar a via sem observar a presença dos outros veículos,Colisão transversal,Com Vítimas Feridas,Pleno dia,Crescente,Garoa/Chuvisco,Simples,Curva,Não,3,0,1,0,2,0,1,2,-26.95013547,-49.35630726,SPRF-SC,DEL04-SC,UOP01-DEL04-SC,2025
"692758,0",2025-05-21,quarta-feira,12:00:00,SC,282,"89,0",ALFREDO WAGNER,Ausência de reação do condutor,Colisão frontal,Com Vítimas Feridas,Pleno dia,Crescente,Chuva,Simples,Declive;Reta,Não,4,0,2,0,1,3,2,5,-27.726444,-49.359688,SPRF-SC,DEL01-SC,UOP03-DEL01-SC,2025
"692790,0",2025-05-21,quarta-feira,17:30:00,SC,101,"147,0",ITAPEMA,Condutor deixou de manter distância do veículo da frente,Colisão traseira,Com Vítimas Feridas,Anoitecer,Decrescente,Chuva,Dupla,Reta,Sim,4,0,1,0,2,1,1,4,-27.08074777,-48.60057324,SPRF-SC,DEL04-SC,UOP03-DEL04-SC,2025
"692867,0",2025-05-22,quinta-feira,03:48:00,SC,282,"379,0",HERVAL DOESTE,Condutor Dormindo,Saída de leito carroçável,Com Vítimas Feridas,Plena Noite,Crescente,Chuva,Simples,Curva;Rotatória;Interseção de Vias,Não,1,0,1,0,0,0,1,1,-27.21432451,-51.48690876,SPRF-SC,DEL07-SC,UOP05-DEL07-SC,2025
"692870,0",2025-05-22,quinta-feira,04:30:00,SC,101,"120,0",ITAJAI,Condutor deixou de manter distância do veículo da frente,Colisão traseira,Com Vítimas Feridas,Plena Noite,Crescente,Nublado,Simples,Reta,Não,2,0,1,0,1,0,1,2,-26.91992709,-48.70938778,SPRF-SC,DEL04-SC,UOP04-DEL04-SC,2025
"692874,0",2025-05-22,quinta-feira,03:30:00,SC,116,"202,4",PONTE ALTA,Condutor Dormindo,Colisão frontal,Com Vítimas Fatais,Plena Noite,Decrescente,Céu Claro,Simples,Curva;Declive,Não,3,2,0,1,0,0,1,2,-27.442039,-50.39532,SPRF-SC,DEL05-SC,UOP03-DEL05-SC,2025
"692876,0",2025-05-22,quinta-feira,05:10:00,SC,101,"2,0",BIGUACU,Ausência de reação do condutor,Colisão traseira,Com Vítimas Feridas,Amanhecer,Decrescente,Nublado,Dupla,Reta,Não,2,0,0,1,1,0,1,2,-27.37753287,-48.66944123,SPRF-SC,DEL01-SC,UOP01-DEL01-SC,2025
"692937,0",2025-05-22,quinta-feira,11:00:00,SC,470,"45,0",GASPAR,Manobra de mudança de faixa,Tombamento,Com Vítimas Feridas,Pleno dia,Crescente,Garoa/Chuvisco,Simples,Reta;Em Obras,Não,3,0,0,1,1,1,1,3,-26.8649787,-49.0333812,SPRF-SC,DEL04-SC,UOP01-DEL04-SC,2025
"692948,0",2025-05-22,quinta-feira,09:00:00,SC,480,"131,4",CHAPECO,Desrespeitar a preferência no cruzamento,Colisão traseira,Com Vítimas Feridas,Pleno dia,Crescente,Nublado,Simples,Interseção de Vias;Reta,Sim,2,0,1,0,1,0,1,2,-27.057943,-52.636472,SPRF-SC,DEL07-SC,UOP01-DEL07-SC,2025
"692975,0",2025-05-22,quinta-feira,13:30:00,SC,116,"254,7",LAGES,Mal súbito do condutor,Colisão com objeto,Com Vítimas Feridas,Pleno dia,Crescente,Garoa/Chuvisco,Simples,Rotatória,Não,2,0,1,0,0,2,1,3,-27.87115675,-50.3996408,SPRF-SC,DEL05-SC,UOP02-DEL05-SC,2025
"693081,0",2025-05-23,sexta-feira,02:15:00,SC,470,"169,7",POUSO REDONDO,Ausência de reação do condutor,Colisão frontal,Com Vítimas Fatais,Plena Noite,Decrescente,Nublado,Simples,Curva,Não,2,1,0,0,1,0,0,2,-27.266,-49.892,SPRF-SC,DEL04-SC,UOP02-DEL04-SC,2025
"693087,0",2025-05-23,sexta-feira,05:10:00,SC,116,"217,5",CORREIA PINTO,Transitar na contramão,Colisão frontal,Com Vítimas Feridas,Plena Noite,Decrescente,Nublado,Simples,Reta,Sim,3,0,0,1,1,2,1,4,-27.56519018,-50.37469625,SPRF-SC,DEL05-SC,UOP03-DEL05-SC,2025
"693088,0",2025-05-23,sexta-feira,06:10:00,SC,101,"58,0",JOINVILLE,Chuva,Colisão lateral mesmo sentido,Com Vítimas Feridas,Pleno dia,Crescente,Chuva,Dupla,Curva,Não,4,0,1,0,3,0,1,4,-26.38862559,-48.84046046,SPRF-SC,DEL03-SC,UOP02-DEL03-SC,2025
"693099,0",2025-05-23,sexta-feira,07:20:00,SC,101,"36,0",JOINVILLE,Condutor deixou de manter distância do veículo da frente,Engavetamento,Com Vítimas Feridas,Pleno dia,Crescente,Chuva,Dupla,Reta,Não,12,0,1,2,9,0,3,12,-26.276583,-48.892722,SPRF-SC,DEL03-SC,UOP01-DEL03-SC,2025
"693172,0",2025-05-23,sexta-feira,13:00:00,SC,282,"507,0",XANXERE,Reação tardia ou ineficiente do condutor,Colisão traseira,Com Vítimas Feridas,Pleno dia,Crescente,Céu Claro,Simples,Reta,Sim,3,0,2,0,1,0,2,2,-26.88564598,-52.41654396,SPRF-SC,DEL07-SC,UOP01-DEL07-SC,2025
"693186,0",2025-05-23,sexta-feira,13:20:00,SC,282,"63,0",RANCHO QUEIMADO,Ultrapassagem Indevida,Colisão frontal,Com Vítimas Feridas,Pleno dia,Crescente,Nublado,Simples,Curva,Não,5,0,1,0,3,2,1,5,-27.696409,-49.044495,SPRF-SC,DEL01-SC,UOP03-DEL01-SC,2025
"693228,0",2025-05-23,sexta-feira,17:30:00,SC,470,"57,6",BLUMENAU,Ultrapassagem Indevida,Colisão lateral mesmo sentido,Com Vítimas Feridas,Plena Noite,Crescente,Chuva,Simples,Retorno Regulamentado,Não,2,0,1,0,1,0,1,2,-26.8627593,-49.0919005,SPRF-SC,DEL04-SC,UOP01-DEL04-SC,2025
"693230,0",2025-05-23,sexta-feira,14:50:00,SC,282,"222,0",LAGES,Frear bruscamente,Engavetamento,Com Vítimas Feridas,Pleno dia,Crescente,Nublado,Simples,Declive;Rotatória,Sim,6,0,1,0,4,1,1,4,-27.79495207,-50.3384757,SPRF-SC,DEL05-SC,UOP01-DEL05-SC,2025
"693231,0",2025-05-23,sexta-feira,17:00:00,SC,116,"22,0",ITAIOPOLIS,Desrespeitar a preferência no cruzamento,Colisão transversal,Com Vítimas Feridas,Anoitecer,Decrescente,Garoa/Chuvisco,Simples,Reta;Interseção de Vias;Declive,Não,3,0,2,0,1,0,2,2,-26.26079354,-49.91388161,SPRF-SC,DEL06-SC,UOP01-DEL06-SC,2025
"693285,0",2025-05-23,sexta-feira,19:20:00,SC,282,"423,0",VARGEM BONITA,Objeto estático sobre o leito carroçável,Incêndio,Sem Vítimas,Anoitecer,Crescente,Nublado,Simples,Reta;Aclive,Não,2,0,0,0,1,1,0,2,-27.001465,-51.741292,SPRF-SC,DEL07-SC,UOP05-DEL07-SC,2025
"693301,0",2025-05-24,sábado,00:00:00,SC,280,"128,8",RIO NEGRINHO,Acumulo de óleo sobre o pavimento,Colisão com objeto,Sem Vítimas,Plena Noite,Crescente,Nublado,Simples,Interseção de Vias;Rotatória,Sim,5,0,0,0,4,1,0,3,-26.245501,-49.521991,SPRF-SC,DEL06-SC,UOP03-DEL06-SC,2025
"693310,0",2025-05-24,sábado,00:40:00,SC,282,"500,2",XANXERE,Transitar na contramão,Colisão lateral sentido oposto,Sem Vítimas,Plena Noite,Decrescente,Céu Claro,Dupla,Reta,Não,2,0,0,0,2,0,0,2,-26.88137776,-52.37212308,SPRF-SC,DEL07-SC,UOP01-DEL07-SC,2025
"693380,0",2025-05-24,sábado,03:20:00,SC,116,"59,7",PAPANDUVA,Transitar na contramão,Colisão frontal,Com Vítimas Fatais,Plena Noite,Decrescente,Garoa/Chuvisco,Simples,Reta,Não,3,1,0,0,1,1,0,3,-26.3812,-50.21394,SPRF-SC,DEL06-SC,UOP02-DEL06-SC,2025
"693457,0",2025-05-24,sábado,14:30:00,SC,470,"296,0",CAMPOS NOVOS,Reação tardia ou ineficiente do condutor,Colisão traseira,Com Vítimas Feridas,Pleno dia,Crescente,Chuva,Simples,Ponte;Reta,Não,6,0,0,1,4,2,1,7,-27.351267,-51.019024,SPRF-SC,DEL07-SC,UOP06-DEL07-SC,2025
"693662,0",2025-05-25,domingo,16:35:00,SC,116,"215,5",PONTE ALTA,Reação tardia ou ineficiente do condutor,Colisão traseira,Com Vítimas Fatais,Pleno dia,Crescente,Nublado,Simples,Reta,Não,5,1,0,1,3,0,1,4,-27.5485328,-50.3771008,SPRF-SC,DEL05-SC,UOP03-DEL05-SC,2025
"693863,0",2025-05-26,segunda-feira,13:10:00,SC,470,"138,2",RIO DO SUL,Acessar a via sem observar a presença dos outros veículos,Colisão transversal,Com Vítimas Feridas,Pleno dia,Decrescente,Nublado,Simples,Reta;Interseção de Vias,Sim,3,0,1,0,1,1,1,3,-27.19393447,-49.62410378,SPRF-SC,DEL04-SC,UOP02-DEL04-SC,2025
"693864,0",2025-05-26,segunda-feira,14:00:00,SC,280,"55,2",GUARAMIRIM,Desrespeitar a preferência no cruzamento,Colisão transversal,Com Vítimas Feridas,Pleno dia,Crescente,Céu Claro,Dupla,Rotatória,Sim,3,0,1,0,2,0,1,3,-26.47910111,-49.00107265,SPRF-SC,DEL03-SC,UOP03-DEL03-SC,2025
"693883,0",2025-05-25,domingo,23:50:00,SC,282,"629,0",IRACEMINHA,Velocidade Incompatível,Derramamento de carga,Com Vítimas Feridas,Plena Noite,Crescente,Céu Claro,Simples,Reta,Não,2,0,1,0,0,1,1,2,-26.82119843,-53.38296533,SPRF-SC,DEL07-SC,UOP02-DEL07-SC,2025
"693888,0",2025-05-26,segunda-feira,15:15:00,SC,101,"202,7",SAO JOSE,Pedestre andava na pista,Atropelamento de Pedestre,Com Vítimas Fatais,Pleno dia,Crescente,Céu Claro,Múltipla,Reta,Sim,3,1,0,0,1,1,0,2,-27.562705,-48.615834,SPRF-SC,DEL01-SC,UOP01-DEL01-SC,2025
"693946,0",2025-05-26,segunda-feira,19:40:00,SC,280,"6,0",SAO FRANCISCO DO SUL,Manobra de mudança de faixa,Colisão transversal,Com Vítimas Feridas,Plena Noite,Crescente,Céu Claro,Simples,Rotatória,Sim,2,0,1,0,0,1,1,2,-26.25784794,-48.62314638,SPRF-SC,DEL03-SC,UOP03-DEL03-SC,2025
"693954,0",2025-05-26,segunda-feira,21:40:00,SC,101,"121,0",ITAJAI,Manobra de mudança de faixa,Tombamento,Com Vítimas Feridas,Plena Noite,Decrescente,Nublado,Múltipla,Reta,Sim,6,0,0,1,4,3,1,8,-26.92709395,-48.7058141,SPRF-SC,DEL04-SC,UOP04-DEL04-SC,2025
"693967,0",2025-05-26,segunda-feira,23:05:00,SC,101,"111,0",NAVEGANTES,Velocidade Incompatível,Tombamento,Com Vítimas Feridas,Plena Noite,Decrescente,Céu Claro,Dupla,Reta,Sim,1,0,1,0,0,0,1,1,-26.840268,-48.714635,SPRF-SC,DEL04-SC,UOP04-DEL04-SC,2025
"693979,0",2025-05-27,terça-feira,04:00:00,SC,470,"124,5",IBIRAMA,Reação tardia ou ineficiente do condutor,Colisão lateral sentido oposto,Com Vítimas Feridas,Plena Noite,Crescente,Nublado,Simples,Reta,Não,3,0,1,0,1,1,1,3,-27.11568807,-49.53227341,SPRF-SC,DEL04-SC,UOP02-DEL04-SC,2025
"694090,0",2025-05-27,terça-feira,17:55:00,SC,101,"206,0",SAO JOSE,Reação tardia ou ineficiente do condutor,Colisão traseira,Com Vítimas Feridas,Plena Noite,Decrescente,Nublado,Dupla,Reta,Sim,2,0,0,1,1,0,1,2,-27.59212189,-48.6181283,SPRF-SC,DEL01-SC,UOP01-DEL01-SC,2025
"694133,0",2025-05-27,terça-feira,18:20:00,SC,470,"83,7",RODEIO,Transitar na contramão,Colisão frontal,Com Vítimas Fatais,Anoitecer,Crescente,Nublado,Simples,Reta,Não,3,1,0,0,1,1,0,3,-26.961905,-49.340027,SPRF-SC,DEL04-SC,UOP01-DEL04-SC,2025
"694142,0",2025-05-27,terça-feira,15:40:00,SC,282,"504,6",XANXERE,Condutor deixou de manter distância do veículo da frente,Colisão transversal,Com Vítimas Feridas,Pleno dia,Decrescente,Nublado,Simples,Declive,Sim,3,0,1,0,1,1,1,3,-26.88482717,-52.41156435,SPRF-SC,DEL07-SC,UOP01-DEL07-SC,2025
"694161,0",2025-05-27,terça-feira,18:30:00,SC,282,"120,0",BOM RETIRO,Transitar na contramão,Colisão frontal,Com Vítimas Feridas,Plena Noite,Crescente,Céu Claro,Simples,Curva,Não,2,0,0,1,1,0,1,2,-27.79468373,-49.41535517,SPRF-SC,DEL05-SC,UOP01-DEL05-SC,2025
"694211,0",2025-05-28,quarta-feira,08:25:00,SC,470,"4,8",NAVEGANTES,Ausência de reação do condutor,Colisão lateral mesmo sentido,Com Vítimas Feridas,Pleno dia,Decrescente,Chuva,Dupla,Em Obras;Reta,Não,3,0,1,1,1,0,2,2,-26.85990498,-48.68639655,SPRF-SC,DEL04-SC,UOP04-DEL04-SC,2025
"694219,0",2025-05-28,quarta-feira,09:00:00,SC,101,"135,2",BALNEARIO CAMBORIU,Reação tardia ou ineficiente do condutor,Colisão com objeto,Sem Vítimas,Pleno dia,Crescente,Nublado,Dupla,Reta,Sim,1,0,0,0,1,0,0,1,-27.0053911,-48.6237379,SPRF-SC,DEL04-SC,UOP03-DEL04-SC,2025
"694268,0",2025-05-28,quarta-feira,13:30:00,SC,101,"120,0",ITAJAI,Ausência de reação do condutor,Colisão traseira,Com Vítimas Feridas,Pleno dia,Crescente,Nublado,Simples,Reta;Aclive;Viaduto,Não,2,0,0,1,1,0,1,2,-26.91851561,-48.70945785,SPRF-SC,DEL04-SC,UOP04-DEL04-SC,2025
"694276,0",2025-05-28,quarta-feira,15:20:00,SC,470,"88,0",ASCURRA,Acessar a via sem observar a presença dos outros veículos,Colisão frontal,Com Vítimas Feridas,Pleno dia,Crescente,Nublado,Simples,Reta;Ponte,Sim,3,0,0,1,1,1,1,3,-26.95682246,-49.37426297,SPRF-SC,DEL04-SC,UOP01-DEL04-SC,2025
"694373,0",2025-05-28,quarta-feira,11:15:00,SC,282,"534,9",CHAPECO,Curva acentuada,Tombamento,Com Vítimas Feridas,Pleno dia,Crescente,Chuva,Dupla,Interseção de Vias;Ponte;Curva;Aclive;Viaduto,Sim,4,0,3,0,0,1,3,2,-26.99966344,-52.6462419,SPRF-SC,DEL07-SC,UOP01-DEL07-SC,2025
"694379,0",2025-05-29,quinta-feira,04:17:00,SC,163,"122,5",DIONISIO CERQUEIRA,Reação tardia ou ineficiente do condutor,Saída de leito carroçável,Sem Vítimas,Plena Noite,Decrescente,Garoa/Chuvisco,Simples,Retorno Regulamentado;Curva,Não,2,0,0,0,1,1,0,2,-26.31086656,-53.54726169,SPRF-SC,DEL07-SC,UOP03-DEL07-SC,2025
"694420,0",2025-05-29,quinta-feira,09:05:00,SC,101,"424,6",ARARANGUA,Demais falhas mecânicas ou elétricas,Colisão transversal,Com Vítimas Feridas,Pleno dia,Decrescente,Chuva,Múltipla,Interseção de Vias,Não,3,0,1,0,1,1,1,3,-29.02353335,-49.59545938,SPRF-SC,DEL02-SC,UOP02-DEL02-SC,2025
"694446,0",2025-05-29,quinta-feira,09:20:00,SC,101,"127,0",ITAPEMA,Reação tardia ou ineficiente do condutor,Colisão traseira,Com Vítimas Feridas,Pleno dia,Decrescente,Céu Claro,Dupla,Reta,Sim,3,0,1,0,2,0,1,3,-27.0659524,-48.5955611,SPRF-SC,DEL04-SC,UOP04-DEL04-SC,2025
"694453,0",2025-05-29,quinta-feira,12:04:00,SC,101,"138,0",BALNEARIO CAMBORIU,Acessar a via sem observar a presença dos outros veículos,Colisão lateral mesmo sentido,Com Vítimas Feridas,Pleno dia,Crescente,Céu Claro,Dupla,Reta,Sim,3,0,0,1,1,1,1,3,-27.02581842,-48.6069688,SPRF-SC,DEL04-SC,UOP03-DEL04-SC,2025
"694478,0",2025-05-29,quinta-feira,14:40:00,SC,282,"351,0",CAMPOS NOVOS,Velocidade Incompatível,Colisão transversal,Com Vítimas Feridas,Pleno dia,Crescente,Nublado,Simples,Rotatória,Não,7,0,5,1,0,1,6,3,-27.36130023,-51.30159108,SPRF-SC,DEL07-SC,UOP06-DEL07-SC,2025
"694566,0",2025-05-30,sexta-feira,04:30:00,SC,101,"110,0",NAVEGANTES,Velocidade Incompatível,Colisão traseira,Sem Vítimas,Plena Noite,Crescente,Céu Claro,Dupla,Curva,Sim,4,0,0,0,2,2,0,4,-26.835628,-48.710105,SPRF-SC,DEL03-SC,UOP02-DEL03-SC,2025
"694572,0",2025-05-30,sexta-feira,05:05:00,SC,280,"199,8",MAFRA,Problema com o freio,Incêndio,Sem Vítimas,Pleno dia,Crescente,Céu Claro,Simples,Reta,Não,2,0,0,0,1,1,0,2,-26.17450861,-50.07154075,SPRF-SC,DEL06-SC,UOP01-DEL06-SC,2025
"694652,0",2025-05-30,sexta-feira,09:48:00,SC,116,"98,3",MONTE CASTELO,Transitar na contramão,Colisão lateral sentido oposto,Com Vítimas Feridas,Pleno dia,Decrescente,Nublado,Simples,Reta;Aclive,Não,4,0,0,2,1,2,2,5,-26.70018,-50.292854,SPRF-SC,DEL06-SC,UOP02-DEL06-SC,2025
"694697,0",2025-05-30,sexta-feira,12:10:00,SC,470,"204,2",PONTE ALTA,Reação tardia ou ineficiente do condutor,Tombamento,Com Vítimas Fatais,Pleno dia,Crescente,Céu Claro,Simples,Curva;Declive,Não,3,1,1,0,0,1,1,2,-27.289425,-50.170192,SPRF-SC,DEL05-SC,UOP03-DEL05-SC,2025
"694717,0",2025-05-30,sexta-feira,18:20:00,SC,282,"20,4",PALHOCA,Retorno proibido,Colisão lateral mesmo sentido,Com Vítimas Fatais,Plena Noite,Crescente,Céu Claro,Simples,Reta;Declive,Sim,4,1,1,0,2,0,1,2,-27.68738,-48.7139,SPRF-SC,DEL01-SC,UOP02-DEL01-SC,2025
"694731,0",2025-05-30,sexta-feira,18:30:00,SC,101,"286,0",IMBITUBA,Ausência de reação do condutor,Colisão traseira,Com Vítimas Feridas,Plena Noite,Decrescente,Céu Claro,Dupla,Reta,Sim,4,0,1,0,3,0,1,3,-28.2516,-48.701854,SPRF-SC,DEL02-SC,UOP03-DEL02-SC,2025
"695015,0",2025-05-31,sábado,22:05:00,SC,282,"397,0",JOACABA,Ingestão de álcool pelo condutor,Colisão transversal,Com Vítimas Feridas,Plena Noite,Crescente,Céu Claro,Simples,Rotatória,Não,2,0,1,0,1,0,1,2,-27.1511388,-51.6016313,SPRF-SC,DEL07-SC,UOP05-DEL07-SC,2025
"695177,0",2025-06-01,domingo,14:50:00,SC,470,"118,6",IBIRAMA,Ausência de reação do condutor,Tombamento,Com Vítimas Feridas,Pleno dia,Decrescente,Céu Claro,Simples,Reta;Interseção de Vias,Não,2,0,1,0,0,1,1,2,-27.082176,-49.511818,SPRF-SC,DEL04-SC,UOP02-DEL04-SC,2025
"695275,0",2025-06-01,domingo,22:50:00,SC,116,"172,9",SAO CRISTOVAO DO SUL,Ausência de reação do condutor,Saída de leito carroçável,Com Vítimas Feridas,Plena Noite,Crescente,Céu Claro,Simples,Aclive;Curva,Não,1,0,1,0,0,0,1,1,-27.2166021,-50.4666879,SPRF-SC,DEL05-SC,UOP03-DEL05-SC,2025
"695384,0",2025-06-02,segunda-feira,15:15:00,SC,282,"2,0",FLORIANOPOLIS,Manobra de mudança de faixa,Colisão lateral mesmo sentido,Com Vítimas Feridas,Pleno dia,Crescente,Céu Claro,Dupla,Reta,Sim,3,0,1,0,2,0,1,3,-27.602862,-48.593049,SPRF-SC,DEL01-SC,UOP01-DEL01-SC,2025
"695425,0",2025-06-02,segunda-feira,16:00:00,SC,282,"595,7",SAUDADES,Velocidade Incompatível,Colisão com objeto,Com Vítimas Feridas,Pleno dia,Crescente,Chuva,Simples,Curva,Não,4,0,1,0,3,0,1,2,-26.8299307,-53.1234597,SPRF-SC,DEL07-SC,UOP02-DEL07-SC,2025
"695470,0",2025-06-02,segunda-feira,23:00:00,SC,101,"145,0",ITAPEMA,Condutor deixou de manter distância do veículo da frente,Colisão traseira,Com Vítimas Feridas,Plena Noite,Decrescente,Nublado,Dupla,Reta,Não,2,0,1,0,1,0,1,2,-27.08565008,-48.60742662,SPRF-SC,DEL04-SC,UOP03-DEL04-SC,2025
"695473,0",2025-06-02,segunda-feira,21:45:00,SC,282,"6,0",SAO JOSE,Ausência de reação do condutor,Colisão com objeto,Sem Vítimas,Plena Noite,Crescente,Céu Claro,Dupla,Curva;Viaduto,Sim,1,0,0,0,0,1,0,1,-27.586087,-48.617323,SPRF-SC,DEL01-SC,UOP01-DEL01-SC,2025
"695479,0",2025-06-02,segunda-feira,23:30:00,SC,280,"221,0",TRES BARRAS,Reação tardia ou ineficiente do condutor,Colisão traseira,Com Vítimas Feridas,Plena Noite,Crescente,Nublado,Simples,Reta;Declive,Não,3,0,1,0,1,1,1,3,-26.17221741,-50.26960608,SPRF-SC,DEL06-SC,UOP04-DEL06-SC,2025
"695494,0",2025-06-03,terça-feira,02:25:00,SC,470,"249,3",CURITIBANOS,Ultrapassagem Indevida,Colisão frontal,Com Vítimas Fatais,Plena Noite,Crescente,Chuva,Simples,Curva,Sim,3,1,0,1,1,0,1,2,-27.311674,-50.579245,SPRF-SC,DEL05-SC,UOP03-DEL05-SC,2025
"695552,0",2025-06-03,terça-feira,12:34:00,SC,101,"355,9",SANGAO,Ultrapassagem Indevida,Colisão lateral mesmo sentido,Com Vítimas Feridas,Pleno dia,Crescente,Céu Claro,Dupla,Reta,Não,2,0,0,1,1,0,1,2,-28.63445,-49.094032,SPRF-SC,DEL02-SC,UOP01-DEL02-SC,2025
"695577,0",2025-06-03,terça-feira,15:00:00,SC,280,"23,0",ARAQUARI,Ausência de reação do condutor,Colisão traseira,Com Vítimas Feridas,Pleno dia,Crescente,Céu Claro,Simples,Reta,Não,3,0,1,0,1,1,1,3,-26.37162613,-48.70581977,SPRF-SC,DEL03-SC,UOP03-DEL03-SC,2025
"695617,0",2025-06-03,terça-feira,17:00:00,SC,470,"121,7",IBIRAMA,Ultrapassagem Indevida,Colisão lateral mesmo sentido,Com Vítimas Feridas,Pleno dia,Crescente,Nublado,Simples,Declive,Sim,3,0,1,0,1,1,1,3,-27.0996,-49.52807,SPRF-SC,DEL04-SC,UOP02-DEL04-SC,2025
"695636,0",2025-06-03,terça-feira,17:10:00,SC,101,"330,8",TUBARAO,Manobra de mudança de faixa,Colisão transversal,Com Vítimas Feridas,Pleno dia,Decrescente,Céu Claro,Múltipla,Reta,Não,4,0,1,0,2,1,1,3,-28.455616,-48.980936,SPRF-SC,DEL02-SC,UOP01-DEL02-SC,2025
"695642,0",2025-06-03,terça-feira,18:34:00,SC,470,"33,5",GASPAR,Pedestre cruzava a pista fora da faixa,Atropelamento de Pedestre,Com Vítimas Fatais,Plena Noite,Crescente,Céu Claro,Dupla,Reta,Não,3,1,0,0,1,1,0,3,-26.90848003,-48.94546358,SPRF-SC,DEL04-SC,UOP01-DEL04-SC,2025
"695691,0",2025-06-03,terça-feira,15:50:00,SC,280,"221,2",TRES BARRAS,Reação tardia ou ineficiente do condutor,Tombamento,Com Vítimas Feridas,Pleno dia,Decrescente,Nublado,Simples,Rotatória,Não,2,0,1,0,0,1,1,2,-26.1727666,-50.2712894,SPRF-SC,DEL06-SC,UOP04-DEL06-SC,2025
"695695,0",2025-06-04,quarta-feira,02:30:00,SC,470,"198,6",PONTE ALTA,Neblina,Saída de leito carroçável,Com Vítimas Feridas,Plena Noite,Decrescente,Garoa/Chuvisco,Simples,Reta,Não,1,0,1,0,0,0,1,1,-27.309992,-50.125327,SPRF-SC,DEL05-SC,UOP03-DEL05-SC,2025
"695702,0",2025-06-04,quarta-feira,00:25:00,SC,280,"1,0",SAO FRANCISCO DO SUL,Velocidade Incompatível,Colisão frontal,Com Vítimas Feridas,Plena Noite,Crescente,Nublado,Simples,Curva,Sim,3,0,0,1,1,1,1,3,-26.23409467,-48.62320153,SPRF-SC,DEL03-SC,UOP03-DEL03-SC,2025