id,data_inversa,dia_semana,horario,uf,br,km,municipio,causa_acidente,tipo_acidente,classificacao_acidente,fase_dia,sentido_via,condicao_metereologica,tipo_pista,tracado_via,uso_solo,pessoas,mortos,feridos_leves,feridos_graves,ilesos,ignorados,feridos,veiculos,latitude,longitude,regional,delegacia,uop,ano_arquivo
"695730,0",2025-06-04,quarta-feira,08:00:00,SC,101,"334,0",TUBARAO,Manobra de mudança de faixa,Colisão lateral mesmo sentido,Com Vítimas Feridas,Pleno dia,Crescente,Sol,Múltipla,Reta,Sim,3,0,0,1,1,1,1,3,-28.4727908,-49.0275886,SPRF-SC,DEL02-SC,UOP01-DEL02-SC,2025
"695738,0",2025-06-04,quarta-feira,08:10:00,SC,101,"291,3",IMBITUBA,Animais na Pista,Atropelamento de Animal,Com Vítimas Feridas,Pleno dia,Crescente,Sol,Múltipla,Reta,Sim,2,0,1,0,1,0,1,2,-28.291232,-48.709579,SPRF-SC,DEL02-SC,UOP03-DEL02-SC,2025
"695747,0",2025-06-04,quarta-feira,04:35:00,SC,282,"166,9",BOCAINA DO SUL,Reação tardia ou ineficiente do condutor,Colisão com objeto,Com Vítimas Feridas,Plena Noite,Crescente,Nevoeiro/Neblina,Simples,Curva,Não,1,0,1,0,0,0,1,1,-27.748544,-49.81518,SPRF-SC,DEL05-SC,UOP01-DEL05-SC,2025
"695789,0",2025-06-04,quarta-feira,12:30:00,SC,101,"108,9",PENHA,Reação tardia ou ineficiente do condutor,Colisão lateral mesmo sentido,Com Vítimas Feridas,Pleno dia,Decrescente,Céu Claro,Dupla,Reta,Não,2,0,1,0,1,0,1,2,-26.82205472,-48.68565953,SPRF-SC,DEL03-SC,UOP02-DEL03-SC,2025
"695860,0",2025-06-04,quarta-feira,18:20:00,SC,101,"194,2",BIGUACU,Reação tardia ou ineficiente do condutor,Colisão lateral mesmo sentido,Sem Vítimas,Plena Noite,Decrescente,Céu Claro,Múltipla,Reta,Sim,2,0,0,0,2,0,0,2,-27.4999954,-48.654819,SPRF-SC,DEL01-SC,UOP01-DEL01-SC,2025
"695991,0",2025-06-05,quinta-feira,10:50:00,SC,282,"16,4",PALHOCA,Acessar a via sem observar a presença dos outros veículos,Colisão traseira,Com Vítimas Feridas,Pleno dia,Decrescente,Chuva,Simples,Reta,Sim,5,0,3,0,2,0,3,2,-27.66177,-48.68456,SPRF-SC,DEL01-SC,UOP02-DEL01-SC,2025
"696016,0",2025-06-05,quinta-feira,09:00:00,SC,282,"86,0",RANCHO QUEIMADO,Condutor Dormindo,Saída de leito carroçável,Sem Vítimas,Pleno dia,Crescente,Chuva,Simples,Curva,Não,1,0,0,0,1,0,0,1,-27.69475018,-49.06974792,SPRF-SC,DEL01-SC,UOP03-DEL01-SC,2025
"696069,0",2025-06-05,quinta-feira,17:50:00,SC,101,"261,0",GAROPABA,Manobra de mudança de faixa,Colisão lateral mesmo sentido,Com Vítimas Feridas,Anoitecer,Crescente,Nublado,Simples,Reta,Não,3,0,1,0,1,1,1,3,-28.02948551,-48.70549321,SPRF-SC,DEL02-SC,UOP03-DEL02-SC,2025
"696081,0",2025-06-05,quinta-feira,18:00:00,SC,153,"112,0",CONCORDIA,Acessar a via sem observar a presença dos outros veículos,Colisão lateral mesmo sentido,Com Vítimas Feridas,Plena Noite,Crescente,Nublado,Simples,Reta;Interseção de Vias,Não,4,0,1,0,1,2,1,4,-27.1917213,-51.9357897,SPRF-SC,DEL07-SC,UOP04-DEL07-SC,2025
"696089,0",2025-06-05,quinta-feira,11:00:00,SC,101,"374,0",ICARA,Avarias e/ou desgaste excessivo no pneu,Colisão lateral mesmo sentido,Sem Vítimas,Pleno dia,Decrescente,Nublado,Dupla,Reta,Sim,4,0,0,0,3,1,0,2,-28.723295,-49.237599,SPRF-SC,DEL02-SC,UOP01-DEL02-SC,2025
"696134,0",2025-06-06,sexta-feira,00:25:00,SC,470,"184,0",POUSO REDONDO,Condutor Dormindo,Saída de leito carroçável,Com Vítimas Feridas,Plena Noite,Decrescente,Nublado,Simples,Reta,Não,2,0,1,0,0,1,1,2,-27.2527,-50.002925,SPRF-SC,DEL04-SC,UOP02-DEL04-SC,2025
"696152,0",2025-06-06,sexta-feira,05:55:00,SC,116,"286,8",CAPAO ALTO,Ausência de reação do condutor,Colisão traseira,Com Vítimas Feridas,Plena Noite,Decrescente,Céu Claro,Simples,Reta;Aclive,Não,3,0,1,0,1,2,1,4,-28.13788592,-50.64671516,SPRF-SC,DEL05-SC,UOP02-DEL05-SC,2025
"696203,0",2025-06-06,sexta-feira,09:00:00,SC,470,"108,4",APIUNA,Entrada inopinada do pedestre,Atropelamento de Pedestre,Com Vítimas Fatais,Pleno dia,Decrescente,Nublado,Simples,Reta,Sim,3,1,0,0,1,2,0,4,-27.083697,-49.446673,SPRF-SC,DEL04-SC,UOP02-DEL04-SC,2025
"696263,0",2025-06-06,sexta-feira,13:00:00,SC,470,"126,7",LONTRAS,Desrespeitar a preferência no cruzamento,Colisão transversal,Com Vítimas Feridas,Pleno dia,Decrescente,Sol,Simples,Retorno Regulamentado;Reta,Sim,6,0,4,0,2,0,4,2,-27.13664848,-49.54314562,SPRF-SC,DEL04-SC,UOP02-DEL04-SC,2025
"696337,0",2025-06-06,sexta-feira,15:20:00,SC,282,"341,0",CAMPOS NOVOS,Ausência de sinalização,Colisão transversal,Sem Vítimas,Pleno dia,Decrescente,Céu Claro,Simples,Interseção de Vias,Não,5,0,0,0,5,0,0,2,-27.39370643,-51.19213399,SPRF-SC,DEL07-SC,UOP06-DEL07-SC,2025
"696373,0",2025-06-06,sexta-feira,22:00:00,SC,282,"461,6",PONTE SERRADA,Manobra de mudança de faixa,Colisão lateral mesmo sentido,Sem Vítimas,Plena Noite,Crescente,Céu Claro,Simples,Reta;Aclive,Não,2,0,0,0,2,0,0,2,-26.86653115,-52.02282652,SPRF-SC,DEL07-SC,UOP04-DEL07-SC,2025
"696437,0",2025-06-06,sexta-feira,21:30:00,SC,280,"260,6",CANOINHAS,Ausência de reação do condutor,Colisão frontal,Com Vítimas Fatais,Plena Noite,Decrescente,Nublado,Simples,Reta;Declive,Não,2,1,0,0,1,0,0,2,-26.261532,-50.645888,SPRF-SC,DEL06-SC,UOP04-DEL06-SC,2025
"696475,0",2025-06-07,sábado,10:50:00,SC,101,"202,7",SAO JOSE,Mal súbito do condutor,Colisão traseira,Com Vítimas Feridas,Pleno dia,Crescente,Nublado,Múltipla,Reta,Não,4,0,2,0,1,1,2,3,-27.563168,-48.615895,SPRF-SC,DEL01-SC,UOP01-DEL01-SC,2025
"696498,0",2025-06-07,sábado,09:20:00,SC,470,"269,0",BRUNOPOLIS,Velocidade Incompatível,Tombamento,Com Vítimas Feridas,Pleno dia,Decrescente,Céu Claro,Simples,Curva,Não,2,0,1,0,0,1,1,2,-27.31920027,-50.76629877,SPRF-SC,DEL07-SC,UOP06-DEL07-SC,2025
"696530,0",2025-06-07,sábado,15:00:00,SC,280,"83,0",CORUPA,Condutor deixou de manter distância do veículo da frente,Colisão traseira,Com Vítimas Feridas,Pleno dia,Decrescente,Nevoeiro/Neblina,Simples,Reta,Não,4,0,0,1,3,0,1,3,-26.4281921,-49.25222397,SPRF-SC,DEL06-SC,UOP03-DEL06-SC,2025
"696546,0",2025-06-07,sábado,17:00:00,SC,101,"194,5",BIGUACU,Acessar a via sem observar a presença dos outros veículos,Colisão lateral mesmo sentido,Com Vítimas Feridas,Pleno dia,Decrescente,Nublado,Múltipla,Reta,Sim,3,0,1,0,1,1,1,3,-27.501365,-48.653489,SPRF-SC,DEL01-SC,UOP01-DEL01-SC,2025
"696597,0",2025-06-07,sábado,11:45:00,SC,280,"95,0",CORUPA,Ausência de reação do condutor,Colisão com objeto,Sem Vítimas,Pleno dia,Decrescente,Nevoeiro/Neblina,Simples,Declive;Curva,Não,1,0,0,0,0,1,0,1,-26.382468,-49.31515,SPRF-SC,DEL06-SC,UOP03-DEL06-SC,2025
"696698,0",2025-06-08,domingo,05:00:00,SC,101,"148,0",ITAPEMA,Ausência de reação do condutor,Colisão traseira,Sem Vítimas,Plena Noite,Decrescente,Céu Claro,Dupla,Reta,Sim,3,0,0,0,1,2,0,3,-27.10015695,-48.61825436,SPRF-SC,DEL04-SC,UOP03-DEL04-SC,2025
"696842,0",2025-06-08,domingo,18:30:00,SC,101,"119,0",ITAJAI,Acessar a via sem observar a presença dos outros veículos,Colisão lateral mesmo sentido,Com Vítimas Feridas,Anoitecer,Crescente,Céu Claro,Múltipla,Reta;Interseção de Vias,Sim,5,0,1,0,2,2,1,5,-26.90676315,-48.7147522,SPRF-SC,DEL04-SC,UOP04-DEL04-SC,2025
"696964,0",2025-06-09,segunda-feira,05:50:00,SC,163,"1,7",DIONISIO CERQUEIRA,Reação tardia ou ineficiente do condutor,Colisão frontal,Com Vítimas Fatais,Amanhecer,Crescente,Céu Claro,Simples,Curva,Não,2,1,0,0,1,0,0,2,-26.28028705,-53.56993409,SPRF-SC,DEL07-SC,UOP03-DEL07-SC,2025
"697044,0",2025-06-09,segunda-feira,15:15:00,SC,282,"510,4",XANXERE,Ausência de reação do condutor,Colisão frontal,Com Vítimas Fatais,Pleno dia,Crescente,Céu Claro,Simples,Curva,Não,4,1,1,1,1,0,2,2,-26.896309,-52.463402,SPRF-SC,DEL07-SC,UOP01-DEL07-SC,2025
"697075,0",2025-06-09,segunda-feira,15:30:00,SC,116,"179,8",SAO CRISTOVAO DO SUL,Reação tardia ou ineficiente do condutor,Tombamento,Com Vítimas Feridas,Pleno dia,Decrescente,Garoa/Chuvisco,Simples,Curva,Não,2,0,1,0,0,2,1,3,-27.27528,-50.44083,SPRF-SC,DEL05-SC,UOP03-DEL05-SC,2025
"697230,0",2025-06-10,terça-feira,14:35:00,SC,101,"31,7",JOINVILLE,Falta de acostamento,Atropelamento de Pedestre,Com Vítimas Feridas,Pleno dia,Decrescente,Nublado,Dupla,Reta;Interseção de Vias,Não,5,0,0,1,3,1,1,2,-26.24818294,-48.90950052,SPRF-SC,DEL03-SC,UOP01-DEL03-SC,2025
"697261,0",2025-06-10,terça-feira,17:00:00,SC,470,"120,7",IBIRAMA,Transitar na contramão,Colisão lateral sentido oposto,Sem Vítimas,Anoitecer,Decrescente,Céu Claro,Simples,Curva,Não,2,0,0,0,2,0,0,2,-27.09615699,-49.52738545,SPRF-SC,DEL04-SC,UOP02-DEL04-SC,2025
"697273,0",2025-06-10,terça-feira,17:00:00,SC,470,"345,2",CAMPOS NOVOS,Acessar a via sem observar a presença dos outros veículos,Colisão frontal,Sem Vítimas,Anoitecer,Crescente,Céu Claro,Simples,Reta,Não,3,0,0,0,1,3,0,4,-27.543225,-51.421195,SPRF-SC,DEL07-SC,UOP06-DEL07-SC,2025
"697281,0",2025-06-10,terça-feira,18:38:00,SC,101,"203,3",SAO JOSE,Trafegar com motocicleta (ou similar) entre as faixas,Colisão transversal,Com Vítimas Feridas,Plena Noite,Crescente,Céu Claro,Múltipla,Aclive,Não,4,0,0,2,1,1,2,3,-27.567809,-48.613942,SPRF-SC,DEL01-SC,UOP01-DEL01-SC,2025
"697296,0",2025-06-10,terça-feira,16:00:00,SC,101,"282,0",IMBITUBA,Suicídio (presumido),Atropelamento de Pedestre,Com Vítimas Feridas,Pleno dia,Decrescente,Céu Claro,Múltipla,Reta,Sim,3,0,0,1,1,1,1,3,-28.21219271,-48.69931191,SPRF-SC,DEL02-SC,UOP03-DEL02-SC,2025
"697314,0",2025-06-10,terça-feira,18:50:00,SC,116,"127,4",SANTA CECILIA,Ausência de reação do condutor,Colisão traseira,Com Vítimas Feridas,Plena Noite,Decrescente,Céu Claro,Simples,Aclive;Interseção de Vias,Não,6,0,1,0,4,3,1,6,-26.873393,-50.416907,SPRF-SC,DEL06-SC,UOP02-DEL06-SC,2025
"697320,0",2025-06-10,terça-feira,23:00:00,SC,101,"369,0",ICARA,Condutor Dormindo,Colisão traseira,Com Vítimas Feridas,Plena Noite,Decrescente,Céu Claro,Dupla,Reta;Aclive,Não,2,0,0,1,1,0,1,2,-28.70323609,-49.19986725,SPRF-SC,DEL02-SC,UOP01-DEL02-SC,2025
"697328,0",2025-06-10,terça-feira,23:40:00,SC,158,"139,0",PALMITOS,Reação tardia ou ineficiente do condutor,Tombamento,Com Vítimas Feridas,Plena Noite,Crescente,Nevoeiro/Neblina,Simples,Curva,Não,2,0,1,0,0,1,1,2,-27.10589452,-53.21395934,SPRF-SC,DEL07-SC,UOP02-DEL07-SC,2025
"697333,0",2025-06-11,quarta-feira,02:10:00,SC,101,"280,0",IMBITUBA,Ausência de reação do condutor,Colisão traseira,Com Vítimas Feridas,Plena Noite,Crescente,Nublado,Múltipla,Reta,Não,4,0,1,0,1,2,1,3,-28.18973958,-48.69640291,SPRF-SC,DEL02-SC,UOP03-DEL02-SC,2025
"697384,0",2025-06-09,segunda-feira,14:30:00,SC,116,"301,3",CAPAO ALTO,Reação tardia ou ineficiente do condutor,Colisão lateral sentido oposto,Com Vítimas Feridas,Pleno dia,Decrescente,Céu Claro,Simples,Curva,Não,2,0,1,0,1,0,1,2,-28.1763873,-50.6988744,SPRF-SC,DEL05-SC,UOP02-DEL05-SC,2025
"697385,0",2025-05-22,quinta-feira,17:40:00,SC,470,"260,3",CURITIBANOS,Transitar na contramão,Colisão lateral sentido oposto,Com Vítimas Feridas,Anoitecer,Decrescente,Chuva,Simples,Reta,Não,3,0,1,0,2,0,1,2,-27.300737,-50.691328,SPRF-SC,DEL05-SC,UOP03-DEL05-SC,2025
"697408,0",2025-06-11,quarta-feira,10:05:00,SC,101,"40,8",JOINVILLE,Manobra de mudança de faixa,Colisão lateral mesmo sentido,Sem Vítimas,Pleno dia,Crescente,Céu Claro,Simples,Curva,Sim,3,0,0,0,2,1,0,3,-26.30977979,-48.87829034,SPRF-SC,DEL03-SC,UOP01-DEL03-SC,2025
"697491,0",2025-06-11,quarta-feira,18:20:00,SC,101,"140,2",BALNEARIO CAMBORIU,Reação tardia ou ineficiente do condutor,Colisão traseira,Com Vítimas Feridas,Anoitecer,Decrescente,Céu Claro,Dupla,Aclive;Reta,Não,3,0,1,0,1,1,1,3,-27.0397755,-48.60010084,SPRF-SC,DEL04-SC,UOP03-DEL04-SC,2025
"697525,0",2025-06-11,quarta-feira,16:34:00,SC,282,"525,0",CORDILHEIRA ALTA,Reação tardia ou ineficiente do condutor,Colisão lateral mesmo sentido,Sem Vítimas,Pleno dia,Decrescente,Céu Claro,Simples,Aclive;Curva,Não,5,0,0,0,3,3,0,5,-26.98695756,-52.60752475,SPRF-SC,DEL07-SC,UOP01-DEL07-SC,2025
"697535,0",2025-06-11,quarta-feira,17:15:00,SC,116,"114,0",SANTA CECILIA,Velocidade Incompatível,Tombamento,Com Vítimas Feridas,Pleno dia,Decrescente,Céu Claro,Simples,Curva,Não,3,0,1,1,0,1,2,3,-26.99237791,-50.39578768,SPRF-SC,DEL06-SC,UOP02-DEL06-SC,2025
"697583,0",2025-06-12,quinta-feira,07:45:00,SC,470,"54,0",BLUMENAU,Condutor deixou de manter distância do veículo da frente,Colisão traseira,Com Vítimas Feridas,Pleno dia,Decrescente,Céu Claro,Simples,Rotatória,Sim,2,0,0,1,1,0,1,2,-26.87411933,-49.1144979,SPRF-SC,DEL04-SC,UOP01-DEL04-SC,2025
"697638,0",2025-06-12,quinta-feira,13:00:00,SC,470,"139,0",RIO DO SUL,Manobra de mudança de faixa,Colisão traseira,Com Vítimas Feridas,Pleno dia,Crescente,Nublado,Múltipla,Reta,Sim,3,0,1,0,1,1,1,3,-27.20024084,-49.63178571,SPRF-SC,DEL04-SC,UOP02-DEL04-SC,2025
"697646,0",2025-05-10,sábado,19:00:00,SC,101,"395,0",CRICIUMA,Condutor deixou de manter distância do veículo da frente,Colisão traseira,Com Vítimas Feridas,Plena Noite,Decrescente,Ignorado,Dupla,Reta,Não,5,0,1,0,3,1,1,2,-28.81045331,-49.38215956,SPRF-SC,DEL02-SC,UOP02-DEL02-SC,2025
"697727,0",2025-06-12,quinta-feira,18:45:00,SC,280,"167,9",MAFRA,Pedestre cruzava a pista fora da faixa,Atropelamento de Pedestre,Com Vítimas Feridas,Plena Noite,Decrescente,Nublado,Simples,Aclive;Reta,Sim,3,0,0,1,1,1,1,2,-26.16190015,-49.81693585,SPRF-SC,DEL06-SC,UOP01-DEL06-SC,2025
"697732,0",2025-06-12,quinta-feira,20:00:00,SC,101,"97,0",BALNEARIO PICARRAS,Acessar a via sem observar a presença dos outros veículos,Colisão lateral mesmo sentido,Com Vítimas Feridas,Plena Noite,Decrescente,Nublado,Múltipla,Interseção de Vias,Sim,3,0,0,1,1,2,1,4,-26.731713,-48.700848,SPRF-SC,DEL03-SC,UOP02-DEL03-SC,2025
"697869,0",2025-06-13,sexta-feira,08:40:00,SC,282,"593,3",MARAVILHA,Velocidade Incompatível,Saída de leito carroçável,Com Vítimas Feridas,Pleno dia,Crescente,Sol,Simples,Curva,Não,2,0,1,0,0,1,1,2,-26.76655233,-53.21436366,SPRF-SC,DEL07-SC,UOP02-DEL07-SC,2025
"697885,0",2025-06-13,sexta-feira,13:40:00,SC,282,"480,0",FAXINAL DOS GUEDES,Reação tardia ou ineficiente do condutor,Tombamento,Com Vítimas Feridas,Pleno dia,Crescente,Céu Claro,Simples,Rotatória;Reta,Não,2,0,0,1,0,1,1,2,-26.87850626,-52.18724426,SPRF-SC,DEL07-SC,UOP01-DEL07-SC,2025
"697890,0",2025-06-13,sexta-feira,13:57:00,SC,101,"77,9",ARAQUARI,Acessar a via sem observar a presença dos outros veículos,Colisão frontal,Com Vítimas Fatais,Pleno dia,Decrescente,Garoa/Chuvisco,Dupla,Reta;Interseção de Vias,Não,2,1,0,0,1,0,0,2,-26.578897,-48.722366,SPRF-SC,DEL03-SC,UOP02-DEL03-SC,2025
"697916,0",2025-06-13,sexta-feira,13:15:00,SC,282,"446,7",PONTE SERRADA,Transitar na contramão,Colisão lateral sentido oposto,Com Vítimas Feridas,Pleno dia,Decrescente,Céu Claro,Simples,Curva,Não,7,0,2,1,3,1,3,5,-26.90732673,-51.90794416,SPRF-SC,DEL07-SC,UOP04-DEL07-SC,2025
"697946,0",2025-06-13,sexta-feira,19:20:00,SC,101,"192,6",BIGUACU,Entrada inopinada do pedestre,Atropelamento de Pedestre,Com Vítimas Fatais,Anoitecer,Crescente,Céu Claro,Múltipla,Reta,Sim,2,1,0,0,0,1,0,2,-27.4879069,-48.6526464,SPRF-SC,DEL01-SC,UOP01-DEL01-SC,2025
"697949,0",2025-06-13,sexta-feira,16:30:00,SC,280,"24,0",ARAQUARI,Ausência de reação do condutor,Colisão transversal,Com Vítimas Feridas,Pleno dia,Crescente,Garoa/Chuvisco,Simples,Reta,Sim,3,0,1,0,1,3,1,5,-26.378615,-48.721327,SPRF-SC,DEL03-SC,UOP03-DEL03-SC,2025
"698009,0",2025-06-13,sexta-feira,22:45:00,SC,101,"26,8",JOINVILLE,Pedestre - Ingestão de álcool/ substâncias psicoativas,Atropelamento de Pedestre,Com Vítimas Fatais,Plena Noite,Crescente,Garoa/Chuvisco,Dupla,Curva,Não,3,1,0,0,1,1,0,3,-26.19930609,-48.91280518,SPRF-SC,DEL03-SC,UOP01-DEL03-SC,2025
"698020,0",2025-06-13,sexta-feira,23:45:00,SC,101,"120,9",ITAJAI,Ausência de reação do condutor,Colisão transversal,Sem Vítimas,Plena Noite,Decrescente,Chuva,Dupla,Reta,Não,3,0,0,0,1,3,0,4,-26.9244351,-48.70665997,SPRF-SC,DEL04-SC,UOP04-DEL04-SC,2025
"698051,0",2025-06-14,sábado,05:00:00,SC,116,"228,3",CORREIA PINTO,Ausência de reação do condutor,Saída de leito carroçável,Com Vítimas Feridas,Plena Noite,Crescente,Garoa/Chuvisco,Simples,Reta,Não,2,0,1,0,0,1,1,2,-27.65556,-50.33627,SPRF-SC,DEL05-SC,UOP03-DEL05-SC,2025
"698092,0",2025-06-14,sábado,13:50:00,SC,101,"196,9",BIGUACU,Acessar a via sem observar a presença dos outros veículos,Colisão lateral mesmo sentido,Com Vítimas Feridas,Pleno dia,Decrescente,Nublado,Múltipla,Declive,Sim,3,0,1,0,1,1,1,3,-27.51855671,-48.63831695,SPRF-SC,DEL01-SC,UOP01-DEL01-SC,2025
"698109,0",2025-06-14,sábado,08:00:00,SC,470,"195,0",POUSO REDONDO,Velocidade Incompatível,Colisão frontal,Com Vítimas Feridas,Pleno dia,Crescente,Garoa/Chuvisco,Simples,Declive;Curva,Não,4,0,2,0,1,1,2,3,-27.29974934,-50.07607251,SPRF-SC,DEL04-SC,UOP02-DEL04-SC,2025
"698137,0",2025-06-14,sábado,16:15:00,SC,116,"1,2",MAFRA,Reação tardia ou ineficiente do condutor,Colisão transversal,Com Vítimas Feridas,Pleno dia,Crescente,Céu Claro,Simples,Rotatória,Sim,7,0,1,0,5,2,1,4,-26.118438,-49.788342,SPRF-SC,DEL06-SC,UOP01-DEL06-SC,2025
"698157,0",2025-06-14,sábado,15:50:00,SC,470,"289,9",BRUNOPOLIS,Mal súbito do condutor,Saída de leito carroçável,Com Vítimas Feridas,Pleno dia,Crescente,Chuva,Simples,Reta,Não,2,0,1,0,0,1,1,2,-27.335663,-50.963048,SPRF-SC,DEL07-SC,UOP06-DEL07-SC,2025
"698211,0",2025-06-14,sábado,22:00:00,SC,101,"283,0",IMBITUBA,Ausência de reação do condutor,Colisão traseira,Sem Vítimas,Plena Noite,Crescente,Céu Claro,Dupla,Reta,Sim,3,0,0,0,2,1,0,3,-28.232481,-48.705458,SPRF-SC,DEL02-SC,UOP03-DEL02-SC,2025
"698266,0",2025-06-15,domingo,05:30:00,SC,470,"272,0",BRUNOPOLIS,Pista Escorregadia,Saída de leito carroçável,Com Vítimas Feridas,Amanhecer,Crescente,Chuva,Simples,Curva,Não,2,0,1,0,0,1,1,2,-27.324504,-50.788434,SPRF-SC,DEL07-SC,UOP06-DEL07-SC,2025
"698352,0",2025-06-15,domingo,19:30:00,SC,280,"165,9",MAFRA,Transitar na contramão,Colisão frontal,Com Vítimas Feridas,Plena Noite,Decrescente,Céu Claro,Simples,Reta,Não,2,0,0,1,1,0,1,2,-26.1792814,-49.8140935,SPRF-SC,DEL06-SC,UOP01-DEL06-SC,2025
"698450,0",2025-06-16,segunda-feira,07:00:00,SC,101,"357,0",SANGAO,Velocidade Incompatível,Colisão com objeto,Sem Vítimas,Pleno dia,Crescente,Nevoeiro/Neblina,Simples,Reta,Não,1,0,0,0,1,0,0,1,-28.65075,-49.10575,SPRF-SC,DEL02-SC,UOP01-DEL02-SC,2025
"698490,0",2025-06-16,segunda-feira,09:35:00,SC,101,"234,2",PALHOCA,Ausência de reação do condutor,Colisão com objeto,Com Vítimas Feridas,Pleno dia,Decrescente,Céu Claro,Dupla,Aclive;Curva,Não,2,0,1,0,0,1,1,2,-27.81182,-48.63382,SPRF-SC,DEL01-SC,UOP02-DEL01-SC,2025
"698514,0",2025-06-16,segunda-feira,12:08:00,SC,470,"91,0",ASCURRA,Condutor usando celular,Colisão lateral sentido oposto,Sem Vítimas,Pleno dia,Decrescente,Nublado,Simples,Reta,Sim,3,0,0,0,2,1,0,3,-26.97958465,-49.37042747,SPRF-SC,DEL04-SC,UOP01-DEL04-SC,2025
"698529,0",2025-03-28,sexta-feira,14:45:00,SC,470,"104,6",APIUNA,Ausência de reação do condutor,Colisão frontal,Com Vítimas Fatais,Pleno dia,Decrescente,Céu Claro,Simples,Aclive;Curva,Não,5,1,0,0,1,3,0,5,-27.064423,-49.4157847,SPRF-SC,DEL04-SC,UOP02-DEL04-SC,2025
"698561,0",2025-06-16,segunda-feira,17:08:00,SC,101,"117,0",ITAJAI,Reação tardia ou ineficiente do condutor,Colisão traseira,Com Vítimas Feridas,Pleno dia,Decrescente,Céu Claro,Múltipla,Declive,Sim,2,0,1,0,0,1,1,2,-26.88879909,-48.72193127,SPRF-SC,DEL04-SC,UOP04-DEL04-SC,2025
"698600,0",2025-05-20,terça-feira,23:30:00,SC,282,"557,0",NOVA ITABERABA,Velocidade Incompatível,Saída de leito carroçável,Com Vítimas Feridas,Plena Noite,Crescente,Céu Claro,Simples,Declive;Curva,Não,2,0,1,0,0,1,1,2,-26.931612,-52.82886222,SPRF-SC,DEL07-SC,UOP01-DEL07-SC,2025
"698695,0",2025-06-17,terça-feira,09:20:00,SC,470,"138,5",RIO DO SUL,Acessar a via sem observar a presença dos outros veículos,Colisão traseira,Com Vítimas Feridas,Pleno dia,Decrescente,Céu Claro,Simples,Retorno Regulamentado;Reta,Sim,2,0,1,0,1,0,1,2,-27.194013,-49.62424,SPRF-SC,DEL04-SC,UOP02-DEL04-SC,2025
"698750,0",2025-06-17,terça-feira,15:00:00,SC,470,"189,0",TAIO,Carga excessiva e/ou mal acondicionada,Saída de leito carroçável,Com Vítimas Feridas,Pleno dia,Decrescente,Céu Claro,Simples,Curva;Declive,Não,2,0,1,0,0,1,1,2,-27.16465,-50.03572,SPRF-SC,DEL04-SC,UOP02-DEL04-SC,2025
"698812,0",2025-06-17,terça-feira,18:20:00,SC,101,"404,0",ARARANGUA,Manobra de mudança de faixa,Colisão lateral mesmo sentido,Sem Vítimas,Plena Noite,Crescente,Chuva,Dupla,Reta,Não,4,0,0,0,3,1,0,3,-28.8964089,-49.47214214,SPRF-SC,DEL02-SC,UOP02-DEL02-SC,2025
"698819,0",2025-06-17,terça-feira,19:05:00,SC,153,"117,1",CONCORDIA,Ultrapassagem Indevida,Colisão frontal,Com Vítimas Feridas,Plena Noite,Decrescente,Céu Claro,Simples,Declive;Reta,Não,6,0,1,1,3,1,2,5,-27.364923,-51.997453,SPRF-SC,DEL07-SC,UOP04-DEL07-SC,2025
"698832,0",2025-06-17,terça-feira,20:40:00,SC,480,"127,1",CHAPECO,Acessar a via sem observar a presença dos outros veículos,Colisão frontal,Com Vítimas Fatais,Plena Noite,Decrescente,Céu Claro,Múltipla,Interseção de Vias,Sim,3,1,0,0,1,1,0,3,-27.020548,-52.635672,SPRF-SC,DEL07-SC,UOP01-DEL07-SC,2025
"698869,0",2025-04-07,segunda-feira,17:50:00,SC,101,"119,4",ITAJAI,Ausência de reação do condutor,Colisão traseira,Com Vítimas Fatais,Anoitecer,Decrescente,Nublado,Múltipla,Ponte;Reta,Sim,5,1,0,0,3,1,0,3,-26.908473,-48.713702,SPRF-SC,DEL04-SC,UOP04-DEL04-SC,2025
"698895,0",2025-06-18,quarta-feira,06:45:00,SC,116,"64,9",PAPANDUVA,Transitar na contramão,Colisão lateral sentido oposto,Com Vítimas Feridas,Amanhecer,Decrescente,Nublado,Simples,Reta,Não,4,0,0,1,2,3,1,6,-26.423747,-50.228063,SPRF-SC,DEL06-SC,UOP02-DEL06-SC,2025
"698924,0",2025-06-18,quarta-feira,11:30:00,SC,280,"55,8",GUARAMIRIM,Desrespeitar a preferência no cruzamento,Colisão transversal,Com Vítimas Feridas,Pleno dia,Crescente,Céu Claro,Dupla,Interseção de Vias;Rotatória,Sim,3,0,0,1,2,0,1,2,-26.478803,-49.000965,SPRF-SC,DEL03-SC,UOP03-DEL03-SC,2025
"698936,0",2025-06-18,quarta-feira,09:20:00,SC,470,"192,0",POUSO REDONDO,Transitar na contramão,Colisão lateral sentido oposto,Com Vítimas Feridas,Pleno dia,Crescente,Nevoeiro/Neblina,Simples,Curva,Não,3,0,0,1,1,1,1,3,-27.28381551,-50.07773182,SPRF-SC,DEL04-SC,UOP02-DEL04-SC,2025