id,data_inversa,dia_semana,horario,uf,br,km,municipio,causa_acidente,tipo_acidente,classificacao_acidente,fase_dia,sentido_via,condicao_metereologica,tipo_pista,tracado_via,uso_solo,pessoas,mortos,feridos_leves,feridos_graves,ilesos,ignorados,feridos,veiculos,latitude,longitude,regional,delegacia,uop,ano_arquivo
"698937,0",2025-06-18,quarta-feira,10:40:00,SC,470,"102,0",APIUNA,Reação tardia ou ineficiente do condutor,Colisão lateral mesmo sentido,Com Vítimas Feridas,Pleno dia,Crescente,Sol,Simples,Reta,Não,2,0,1,0,1,0,1,2,-27.05451198,-49.3897218,SPRF-SC,DEL04-SC,UOP02-DEL04-SC,2025
"698957,0",2025-06-18,quarta-feira,15:15:00,SC,101,"117,5",ITAJAI,Reação tardia ou ineficiente do condutor,Saída de leito carroçável,Com Vítimas Feridas,Pleno dia,Decrescente,Céu Claro,Múltipla,Reta,Sim,2,0,1,0,0,1,1,2,-26.88507482,-48.72327089,SPRF-SC,DEL04-SC,UOP04-DEL04-SC,2025
"699051,0",2025-06-18,quarta-feira,20:58:00,SC,101,"391,3",CRICIUMA,Reação tardia ou ineficiente do condutor,Colisão traseira,Com Vítimas Feridas,Plena Noite,Crescente,Céu Claro,Dupla,Aclive;Reta,Não,4,0,1,0,2,3,1,5,-28.811063,-49.384125,SPRF-SC,DEL02-SC,UOP02-DEL02-SC,2025
"699064,0",2025-06-18,quarta-feira,22:40:00,SC,282,"534,9",CHAPECO,Acessar a via sem observar a presença dos outros veículos,Colisão transversal,Com Vítimas Feridas,Plena Noite,Decrescente,Céu Claro,Simples,Interseção de Vias;Rotatória,Sim,5,0,3,0,2,0,3,2,-26.99943294,-52.64595866,SPRF-SC,DEL07-SC,UOP01-DEL07-SC,2025
"699089,0",2025-06-19,quinta-feira,04:50:00,SC,101,"403,1",MARACAJA,Acessar a via sem observar a presença dos outros veículos,Colisão transversal,Sem Vítimas,Plena Noite,Decrescente,Garoa/Chuvisco,Dupla,Reta,Sim,3,0,0,0,2,1,0,3,-28.872722,-49.452865,SPRF-SC,DEL02-SC,UOP02-DEL02-SC,2025
"699101,0",2025-06-19,quinta-feira,00:30:00,SC,282,"373,1",ERVAL VELHO,Ingestão de álcool pelo condutor,Colisão frontal,Sem Vítimas,Plena Noite,Decrescente,Garoa/Chuvisco,Simples,Curva,Não,4,0,0,0,2,2,0,3,-27.28289342,-51.43506155,SPRF-SC,DEL07-SC,UOP05-DEL07-SC,2025
"699138,0",2025-06-18,quarta-feira,19:30:00,SC,101,"63,0",ARAQUARI,Acumulo de areia ou detritos sobre o pavimento,Eventos atípicos,Sem Vítimas,Plena Noite,Crescente,Céu Claro,Dupla,Reta,Não,4,0,0,0,3,1,0,2,-26.45897073,-48.75844002,SPRF-SC,DEL03-SC,UOP02-DEL03-SC,2025
"699362,0",2025-06-20,sexta-feira,12:20:00,SC,470,"226,7",SAO CRISTOVAO DO SUL,Velocidade Incompatível,Colisão frontal,Com Vítimas Fatais,Pleno dia,Crescente,Chuva,Simples,Curva,Não,4,3,1,0,0,0,1,2,-27.3246716,-50.36940694,SPRF-SC,DEL05-SC,UOP03-DEL05-SC,2025
"699393,0",2025-06-20,sexta-feira,15:40:00,SC,101,"81,0",BARRA VELHA,Ingestão de álcool pelo condutor,Queda de ocupante de veículo,Com Vítimas Feridas,Pleno dia,Crescente,Nublado,Dupla,Reta;Declive,Não,3,0,1,0,1,1,1,3,-26.60895137,-48.72292757,SPRF-SC,DEL03-SC,UOP02-DEL03-SC,2025
"699441,0",2025-06-20,sexta-feira,18:04:00,SC,280,"145,0",MAFRA,Transitar na contramão,Colisão frontal,Com Vítimas Fatais,Plena Noite,Crescente,Garoa/Chuvisco,Simples,Reta,Não,7,1,1,3,2,0,4,2,-26.248487,-49.652428,SPRF-SC,DEL06-SC,UOP03-DEL06-SC,2025
"699465,0",2025-06-20,sexta-feira,20:45:00,SC,282,"256,6",SAO JOSE DO CERRITO,Transitar na contramão,Colisão frontal,Com Vítimas Feridas,Plena Noite,Crescente,Garoa/Chuvisco,Simples,Curva;Aclive,Não,3,0,1,0,2,0,1,2,-27.66390267,-50.58581293,SPRF-SC,DEL05-SC,UOP02-DEL05-SC,2025
"699609,0",2025-06-21,sábado,19:20:00,SC,153,"79,6",IRANI,Ausência de reação do condutor,Saída de leito carroçável,Sem Vítimas,Plena Noite,Decrescente,Nublado,Simples,Curva,Não,2,0,0,0,1,2,0,3,-27.11898742,-51.91565752,SPRF-SC,DEL07-SC,UOP04-DEL07-SC,2025
"699775,0",2025-06-22,domingo,14:20:00,SC,470,"67,3",INDAIAL,Reação tardia ou ineficiente do condutor,Colisão traseira,Com Vítimas Feridas,Pleno dia,Decrescente,Chuva,Dupla,Reta,Sim,5,0,1,1,3,0,2,4,-26.87246189,-49.23171043,SPRF-SC,DEL04-SC,UOP01-DEL04-SC,2025
"699838,0",2025-06-22,domingo,16:35:00,SC,282,"63,9",RANCHO QUEIMADO,Velocidade Incompatível,Colisão frontal,Com Vítimas Fatais,Pleno dia,Decrescente,Chuva,Simples,Declive;Curva,Não,5,1,3,0,1,0,3,2,-27.696318,-49.052074,SPRF-SC,DEL01-SC,UOP03-DEL01-SC,2025
"699871,0",2025-06-22,domingo,18:30:00,SC,280,"152,0",MAFRA,Acumulo de areia ou detritos sobre o pavimento,Colisão frontal,Com Vítimas Feridas,Plena Noite,Decrescente,Nublado,Simples,Curva;Declive,Não,4,0,2,0,2,0,2,2,-26.20771653,-49.73613136,SPRF-SC,DEL06-SC,UOP03-DEL06-SC,2025
"699949,0",2025-06-23,segunda-feira,08:00:00,SC,101,"450,0",SAO JOAO DO SUL,Condutor usando celular,Colisão traseira,Com Vítimas Feridas,Pleno dia,Crescente,Céu Claro,Dupla,Curva,Não,3,0,1,0,1,2,1,4,-29.18072,-49.754975,SPRF-SC,DEL02-SC,UOP02-DEL02-SC,2025
"699972,0",2025-06-23,segunda-feira,10:00:00,SC,101,"105,7",PENHA,Chuva,Saída de leito carroçável,Com Vítimas Feridas,Pleno dia,Crescente,Chuva,Múltipla,Rotatória,Não,1,0,1,0,0,0,1,1,-26.80765732,-48.68135802,SPRF-SC,DEL03-SC,UOP02-DEL03-SC,2025
"700030,0",2025-03-28,sexta-feira,03:00:00,SC,101,"22,0",JOINVILLE,Reação tardia ou ineficiente do condutor,Colisão traseira,Com Vítimas Feridas,Plena Noite,Crescente,Nublado,Dupla,Reta,Não,3,0,0,1,1,2,1,4,-26.162547,-48.90712,SPRF-SC,DEL03-SC,UOP01-DEL03-SC,2025
"700055,0",2025-06-23,segunda-feira,18:00:00,SC,280,"26,9",SAO FRANCISCO DO SUL,Acessar a via sem observar a presença dos outros veículos,Colisão transversal,Com Vítimas Feridas,Plena Noite,Decrescente,Céu Claro,Simples,Reta,Sim,3,0,1,0,2,0,1,2,-26.3706255,-48.5958483,SPRF-SC,DEL03-SC,UOP03-DEL03-SC,2025
"700080,0",2025-06-23,segunda-feira,15:00:00,SC,282,"578,0",PINHALZINHO,Condutor deixou de manter distância do veículo da frente,Colisão traseira,Sem Vítimas,Pleno dia,Crescente,Céu Claro,Simples,Rotatória,Sim,2,0,0,0,2,0,0,2,-26.852566,-52.979924,SPRF-SC,DEL07-SC,UOP02-DEL07-SC,2025
"700134,0",2025-06-24,terça-feira,04:20:00,SC,280,"180,6",MAFRA,Reação tardia ou ineficiente do condutor,Saída de leito carroçável,Com Vítimas Feridas,Plena Noite,Crescente,Céu Claro,Simples,Curva;Ponte,Não,2,0,1,0,0,1,1,2,-26.17251,-49.89356,SPRF-SC,DEL06-SC,UOP01-DEL06-SC,2025
"700149,0",2025-06-24,terça-feira,05:45:00,SC,116,"246,6",LAGES,Pista Escorregadia,Colisão transversal,Com Vítimas Feridas,Amanhecer,Crescente,Nublado,Simples,Reta,Sim,2,0,1,0,0,1,1,2,-27.8073318,-50.3662415,SPRF-SC,DEL05-SC,UOP02-DEL05-SC,2025
"700191,0",2025-06-24,terça-feira,07:30:00,SC,282,"1,0",FLORIANOPOLIS,Trafegar com motocicleta (ou similar) entre as faixas,Colisão traseira,Com Vítimas Feridas,Pleno dia,Decrescente,Sol,Múltipla,Reta,Sim,6,0,1,0,4,1,1,6,-27.6015759,-48.5786325,SPRF-SC,DEL01-SC,UOP01-DEL01-SC,2025
"700197,0",2025-06-24,terça-feira,09:30:00,SC,470,"150,1",AGRONOMICA,Velocidade Incompatível,Tombamento,Com Vítimas Feridas,Pleno dia,Decrescente,Céu Claro,Simples,Curva;Retorno Regulamentado,Sim,2,0,1,0,0,1,1,2,-27.2566049,-49.7121821,SPRF-SC,DEL04-SC,UOP02-DEL04-SC,2025
"700283,0",2025-06-24,terça-feira,10:30:00,SC,282,"613,5",IRACEMINHA,Acessar a via sem observar a presença dos outros veículos,Colisão transversal,Com Vítimas Feridas,Pleno dia,Crescente,Sol,Simples,Curva,Não,2,0,0,1,1,0,1,2,-26.769291,-53.264478,SPRF-SC,DEL07-SC,UOP02-DEL07-SC,2025
"700455,0",2025-06-25,quarta-feira,17:00:00,SC,280,"57,8",GUARAMIRIM,Manobra de mudança de faixa,Colisão lateral mesmo sentido,Com Vítimas Feridas,Pleno dia,Crescente,Céu Claro,Dupla,Reta,Não,2,0,0,1,1,0,1,2,-26.474215,-49.023473,SPRF-SC,DEL03-SC,UOP03-DEL03-SC,2025
"700463,0",2025-06-25,quarta-feira,18:00:00,SC,282,"17,5",PALHOCA,Reação tardia ou ineficiente do condutor,Colisão traseira,Com Vítimas Fatais,Plena Noite,Crescente,Ignorado,Simples,Reta,Sim,5,2,0,0,2,1,0,3,-27.67025,-48.69199,SPRF-SC,DEL01-SC,UOP02-DEL01-SC,2025
"700486,0",2025-06-25,quarta-feira,18:05:00,SC,101,"385,3",ICARA,Reação tardia ou ineficiente do condutor,Colisão traseira,Sem Vítimas,Plena Noite,Decrescente,Ignorado,Dupla,Reta,Não,2,0,0,0,2,0,0,2,-28.778,-49.321,SPRF-SC,DEL02-SC,UOP02-DEL02-SC,2025
"700593,0",2025-06-26,quinta-feira,09:35:00,SC,280,"51,6",GUARAMIRIM,Condutor deixou de manter distância do veículo da frente,Colisão traseira,Com Vítimas Feridas,Pleno dia,Crescente,Chuva,Dupla,Reta;Interseção de Vias,Sim,3,0,1,0,2,0,1,2,-26.46723076,-48.96071076,SPRF-SC,DEL03-SC,UOP03-DEL03-SC,2025
"700623,0",2025-06-26,quinta-feira,08:30:00,SC,116,"162,6",PONTE ALTA DO NORTE,Condutor Dormindo,Colisão frontal,Com Vítimas Feridas,Pleno dia,Decrescente,Chuva,Simples,Reta,Não,3,0,1,0,1,1,1,3,-27.14387974,-50.46034455,SPRF-SC,DEL05-SC,UOP03-DEL05-SC,2025
"700630,0",2025-06-26,quinta-feira,11:05:00,SC,282,"584,0",PINHALZINHO,Reação tardia ou ineficiente do condutor,Tombamento,Com Vítimas Feridas,Pleno dia,Crescente,Chuva,Simples,Curva,Não,2,0,1,0,0,2,1,3,-26.83101438,-53.01863417,SPRF-SC,DEL07-SC,UOP02-DEL07-SC,2025
"700643,0",2025-06-26,quinta-feira,14:35:00,SC,101,"157,0",PORTO BELO,Acumulo de água sobre o pavimento,Colisão traseira,Sem Vítimas,Pleno dia,Crescente,Chuva,Múltipla,Reta,Não,3,0,0,0,2,1,0,2,-27.18495379,-48.61271141,SPRF-SC,DEL04-SC,UOP03-DEL04-SC,2025
"700663,0",2025-06-26,quinta-feira,14:45:00,SC,282,"32,0",AGUAS MORNAS,Pista Escorregadia,Colisão lateral sentido oposto,Com Vítimas Feridas,Pleno dia,Crescente,Chuva,Simples,Reta,Não,6,0,1,0,5,0,1,3,-27.70477,-48.814923,SPRF-SC,DEL01-SC,UOP03-DEL01-SC,2025
"700664,0",2025-06-26,quinta-feira,14:50:00,SC,470,"96,5",APIUNA,Transitar na contramão,Colisão frontal,Com Vítimas Feridas,Pleno dia,Decrescente,Chuva,Simples,Reta,Não,2,0,0,1,1,0,1,2,-27.02563,-49.37728,SPRF-SC,DEL04-SC,UOP01-DEL04-SC,2025
"700720,0",2025-06-26,quinta-feira,15:30:00,SC,280,"154,5",MAFRA,Condutor deixou de manter distância do veículo da frente,Colisão traseira,Sem Vítimas,Pleno dia,Crescente,Chuva,Simples,Aclive,Não,2,0,0,0,2,0,0,2,-26.2129914,-49.72184055,SPRF-SC,DEL06-SC,UOP03-DEL06-SC,2025
"700726,0",2025-06-26,quinta-feira,18:05:00,SC,280,"1,5",SAO FRANCISCO DO SUL,Acessar a via sem observar a presença dos outros veículos,Colisão transversal,Com Vítimas Feridas,Plena Noite,Crescente,Chuva,Simples,Curva;Interseção de Vias;Em Obras,Não,3,0,2,0,0,1,2,2,-26.234108,-48.623045,SPRF-SC,DEL03-SC,UOP03-DEL03-SC,2025
"700793,0",2025-06-27,sexta-feira,07:00:00,SC,470,"152,7",AGRONOMICA,Transitar na contramão,Colisão frontal,Com Vítimas Feridas,Pleno dia,Decrescente,Nublado,Simples,Reta,Não,5,0,1,2,1,1,3,3,-27.25524168,-49.70706368,SPRF-SC,DEL04-SC,UOP02-DEL04-SC,2025
"700818,0",2025-06-27,sexta-feira,08:20:00,SC,101,"120,0",ITAJAI,Reação tardia ou ineficiente do condutor,Colisão lateral mesmo sentido,Sem Vítimas,Pleno dia,Decrescente,Céu Claro,Dupla,Reta,Sim,3,0,0,0,2,1,0,3,-26.91479946,-48.71123314,SPRF-SC,DEL04-SC,UOP04-DEL04-SC,2025
"700848,0",2025-06-27,sexta-feira,09:30:00,SC,101,"16,4",GARUVA,Manobra de mudança de faixa,Colisão lateral mesmo sentido,Com Vítimas Feridas,Pleno dia,Crescente,Nublado,Dupla,Reta;Declive,Sim,2,0,1,0,0,1,1,2,-26.115315,-48.877364,SPRF-SC,DEL03-SC,UOP01-DEL03-SC,2025
"700858,0",2025-06-27,sexta-feira,12:50:00,SC,470,"152,6",AGRONOMICA,Manobra de mudança de faixa,Colisão frontal,Com Vítimas Feridas,Pleno dia,Crescente,Nublado,Simples,Curva;Em Obras,Não,2,0,0,1,1,0,1,2,-27.27206317,-49.73356247,SPRF-SC,DEL04-SC,UOP02-DEL04-SC,2025
"700895,0",2025-06-27,sexta-feira,16:30:00,SC,101,"126,1",ITAJAI,Ingestão de álcool pelo condutor,Colisão transversal,Sem Vítimas,Pleno dia,Crescente,Nublado,Dupla,Reta,Sim,2,0,0,0,2,0,0,2,-26.96184057,-48.68198323,SPRF-SC,DEL04-SC,UOP04-DEL04-SC,2025
"700896,0",2025-06-27,sexta-feira,17:00:00,SC,101,"207,0",SAO JOSE,Reação tardia ou ineficiente do condutor,Colisão traseira,Com Vítimas Feridas,Anoitecer,Crescente,Nublado,Múltipla,Reta,Sim,3,0,1,0,1,1,1,2,-27.5985509,-48.6210541,SPRF-SC,DEL01-SC,UOP01-DEL01-SC,2025
"700939,0",2025-06-27,sexta-feira,18:30:00,SC,101,"112,0",ITAJAI,Trafegar com motocicleta (ou similar) entre as faixas,Colisão lateral mesmo sentido,Com Vítimas Feridas,Plena Noite,Decrescente,Nublado,Múltipla,Reta,Sim,3,0,1,0,1,1,1,3,-26.8474089,-48.72238509,SPRF-SC,DEL04-SC,UOP04-DEL04-SC,2025
"701059,0",2025-06-28,sábado,07:10:00,SC,280,"101,4",SAO BENTO DO SUL,Reação tardia ou ineficiente do condutor,Tombamento,Com Vítimas Feridas,Pleno dia,Decrescente,Chuva,Simples,Curva,Não,3,0,0,1,0,2,1,3,-26.364,-49.34,SPRF-SC,DEL06-SC,UOP03-DEL06-SC,2025
"701130,0",2025-06-28,sábado,16:45:00,SC,101,"196,0",BIGUACU,Ultrapassagem Indevida,Colisão lateral mesmo sentido,Sem Vítimas,Pleno dia,Crescente,Chuva,Dupla,Reta,Sim,3,0,0,0,2,1,0,3,-27.51098,-48.64327,SPRF-SC,DEL01-SC,UOP01-DEL01-SC,2025
"701141,0",2025-06-28,sábado,16:25:00,SC,282,"30,3",SANTO AMARO DA IMPERATRIZ,Reação tardia ou ineficiente do condutor,Colisão frontal,Com Vítimas Fatais,Pleno dia,Decrescente,Chuva,Simples,Declive;Curva,Não,3,2,0,1,0,0,1,2,-27.689083,-48.792947,SPRF-SC,DEL01-SC,UOP03-DEL01-SC,2025
"701350,0",2025-06-29,domingo,15:55:00,SC,470,"140,0",RIO DO SUL,Reação tardia ou ineficiente do condutor,Colisão lateral sentido oposto,Com Vítimas Feridas,Pleno dia,Decrescente,Chuva,Simples,Curva,Sim,5,0,0,1,3,1,1,3,-27.2043336,-49.6369195,SPRF-SC,DEL04-SC,UOP02-DEL04-SC,2025
"701389,0",2025-06-29,domingo,16:40:00,SC,163,"118,1",DIONISIO CERQUEIRA,Ingestão de álcool pelo condutor,Colisão lateral mesmo sentido,Sem Vítimas,Anoitecer,Decrescente,Céu Claro,Simples,Reta,Não,2,0,0,0,2,0,0,2,-26.29864751,-53.55362892,SPRF-SC,DEL07-SC,UOP03-DEL07-SC,2025
"701410,0",2025-06-29,domingo,18:40:00,SC,101,"155,0",PORTO BELO,Condutor deixou de manter distância do veículo da frente,Colisão traseira,Com Vítimas Feridas,Anoitecer,Crescente,Nublado,Dupla,Reta,Sim,6,0,2,0,3,2,2,6,-27.16116316,-48.61121742,SPRF-SC,DEL04-SC,UOP03-DEL04-SC,2025
"701474,0",2025-06-30,segunda-feira,05:20:00,SC,101,"12,5",BIGUACU,Demais falhas mecânicas ou elétricas,Incêndio,Sem Vítimas,Plena Noite,Crescente,Nublado,Dupla,Reta,Não,1,0,0,0,1,0,0,1,-27.427765,-48.732698,SPRF-SC,DEL01-SC,UOP01-DEL01-SC,2025
"701549,0",2025-06-30,segunda-feira,11:20:00,SC,101,"102,8",BALNEARIO PICARRAS,Reação tardia ou ineficiente do condutor,Saída de leito carroçável,Com Vítimas Feridas,Pleno dia,Crescente,Nublado,Múltipla,Reta;Aclive,Sim,4,0,1,0,3,0,1,3,-26.78094633,-48.68413059,SPRF-SC,DEL03-SC,UOP02-DEL03-SC,2025
"701578,0",2025-06-30,segunda-feira,14:16:00,SC,280,"54,6",GUARAMIRIM,Reação tardia ou ineficiente do condutor,Atropelamento de Pedestre,Com Vítimas Fatais,Pleno dia,Crescente,Nublado,Dupla,Curva,Sim,2,1,0,0,1,0,0,2,-26.475355,-48.992607,SPRF-SC,DEL03-SC,UOP03-DEL03-SC,2025
"701592,0",2025-03-28,sexta-feira,20:50:00,SC,116,"105,8",MONTE CASTELO,Velocidade Incompatível,Tombamento,Com Vítimas Feridas,Plena Noite,Decrescente,Nublado,Simples,Declive;Curva,Não,1,0,1,0,0,0,1,1,-26.75671855,-50.31634748,SPRF-SC,DEL06-SC,UOP02-DEL06-SC,2025
"701605,0",2025-06-30,segunda-feira,16:30:00,SC,101,"334,0",TUBARAO,Manobra de mudança de faixa,Colisão lateral mesmo sentido,Com Vítimas Feridas,Pleno dia,Crescente,Céu Claro,Dupla,Reta,Sim,2,0,1,0,1,0,1,2,-28.47047383,-49.01944041,SPRF-SC,DEL02-SC,UOP01-DEL02-SC,2025
"701629,0",2025-06-30,segunda-feira,18:00:00,SC,470,"141,0",RIO DO SUL,Transitar na contramão,Colisão frontal,Com Vítimas Feridas,Plena Noite,Decrescente,Nublado,Simples,Reta,Sim,5,0,2,2,1,0,4,3,-27.20544221,-49.64462018,SPRF-SC,DEL04-SC,UOP02-DEL04-SC,2025
"701657,0",2025-06-18,quarta-feira,22:00:00,SC,101,"50,0",JOINVILLE,Frear bruscamente,Colisão transversal,Com Vítimas Feridas,Plena Noite,Crescente,Céu Claro,Dupla,Reta,Sim,5,0,0,3,1,2,3,5,-26.38101396,-48.84070337,SPRF-SC,DEL03-SC,UOP01-DEL03-SC,2025
"701661,0",2025-06-30,segunda-feira,15:40:00,SC,282,"475,0",VARGEAO,Ausência de reação do condutor,Colisão traseira,Com Vítimas Feridas,Pleno dia,Decrescente,Nublado,Simples,Reta,Não,3,0,1,0,2,0,1,2,-26.85305572,-52.07549858,SPRF-SC,DEL07-SC,UOP01-DEL07-SC,2025
"701713,0",2025-07-01,terça-feira,06:00:00,SC,470,"35,1",GASPAR,Condutor deixou de manter distância do veículo da frente,Colisão traseira,Com Vítimas Feridas,Amanhecer,Decrescente,Céu Claro,Dupla,Interseção de Vias;Em Obras,Não,2,0,1,0,1,0,1,2,-26.91313,-48.95966,SPRF-SC,DEL04-SC,UOP01-DEL04-SC,2025
"701800,0",2025-07-01,terça-feira,09:20:00,SC,282,"523,9",XAXIM,Transitar na contramão,Colisão lateral sentido oposto,Com Vítimas Feridas,Pleno dia,Decrescente,Sol,Simples,Curva,Não,2,0,1,0,1,0,1,2,-26.96617,-52.555553,SPRF-SC,DEL07-SC,UOP01-DEL07-SC,2025
"701803,0",2025-02-16,domingo,03:35:00,SC,101,"273,5",IMBITUBA,Ausência de reação do condutor,Colisão lateral mesmo sentido,Com Vítimas Feridas,Plena Noite,Decrescente,Céu Claro,Dupla,Reta,Sim,5,0,1,0,2,2,1,4,-28.13681403,-48.69203389,SPRF-SC,DEL02-SC,UOP03-DEL02-SC,2025
"701853,0",2025-07-01,terça-feira,18:10:00,SC,280,"149,0",MAFRA,Transitar na contramão,Colisão frontal,Com Vítimas Feridas,Anoitecer,Crescente,Nublado,Simples,Reta,Não,3,0,0,1,1,1,1,3,-26.238732,-49.680225,SPRF-SC,DEL06-SC,UOP03-DEL06-SC,2025
"701872,0",2025-07-01,terça-feira,15:35:00,SC,116,"78,1",MONTE CASTELO,Transitar na contramão,Colisão frontal,Com Vítimas Feridas,Pleno dia,Decrescente,Nublado,Simples,Declive;Reta,Não,4,0,0,1,2,2,1,5,-26.5390701,-50.2248738,SPRF-SC,DEL06-SC,UOP02-DEL06-SC,2025
"701916,0",2025-07-02,quarta-feira,07:40:00,SC,101,"430,9",SOMBRIO,Acessar a via sem observar a presença dos outros veículos,Colisão transversal,Com Vítimas Feridas,Pleno dia,Crescente,Céu Claro,Múltipla,Reta,Sim,3,0,1,0,1,2,1,4,-29.0703634,-49.6267449,SPRF-SC,DEL02-SC,UOP02-DEL02-SC,2025
"701930,0",2025-07-02,quarta-feira,08:00:00,SC,101,"195,0",BIGUACU,Reação tardia ou ineficiente do condutor,Colisão lateral mesmo sentido,Sem Vítimas,Pleno dia,Decrescente,Nublado,Múltipla,Reta;Interseção de Vias,Sim,2,0,0,0,2,0,0,2,-27.50798,-48.645997,SPRF-SC,DEL01-SC,UOP01-DEL01-SC,2025
"702098,0",2025-07-02,quarta-feira,18:00:00,SC,282,"98,4",ALFREDO WAGNER,Demais falhas na via,Tombamento,Com Vítimas Feridas,Plena Noite,Decrescente,Céu Claro,Simples,Curva,Não,2,0,1,0,0,2,1,3,-27.6988,-49.28321,SPRF-SC,DEL01-SC,UOP03-DEL01-SC,2025
"702100,0",2025-07-03,quinta-feira,00:15:00,SC,116,"248,5",LAGES,Suicídio (presumido),Atropelamento de Pedestre,Com Vítimas Feridas,Plena Noite,Decrescente,Céu Claro,Simples,Reta;Aclive,Não,3,0,0,1,1,1,1,3,-27.81900381,-50.37371842,SPRF-SC,DEL05-SC,UOP02-DEL05-SC,2025
"702196,0",2025-07-03,quinta-feira,15:00:00,SC,101,"170,0",TIJUCAS,Reação tardia ou ineficiente do condutor,Colisão traseira,Com Vítimas Feridas,Pleno dia,Crescente,Céu Claro,Dupla,Reta,Não,3,0,1,0,1,1,1,3,-27.29139574,-48.630819,SPRF-SC,DEL04-SC,UOP03-DEL04-SC,2025
"702225,0",2025-07-03,quinta-feira,14:40:00,SC,163,"72,2",SAO MIGUEL DO OESTE,Ausência de reação do condutor,Colisão transversal,Com Vítimas Feridas,Pleno dia,Decrescente,Céu Claro,Dupla,Reta;Interseção de Vias,Sim,3,0,1,0,1,2,1,4,-26.71913936,-53.5157511,SPRF-SC,DEL07-SC,UOP03-DEL07-SC,2025
"702226,0",2025-07-03,quinta-feira,12:40:00,SC,282,"527,9",XAXIM,Velocidade Incompatível,Tombamento,Sem Vítimas,Pleno dia,Crescente,Sol,Simples,Curva,Não,2,0,0,0,1,1,0,2,-26.97574389,-52.58883619,SPRF-SC,DEL07-SC,UOP01-DEL07-SC,2025
"702232,0",2025-07-03,quinta-feira,16:50:00,SC,470,"138,0",RIO DO SUL,Acessar a via sem observar a presença dos outros veículos,Colisão transversal,Com Vítimas Feridas,Anoitecer,Decrescente,Nublado,Simples,Interseção de Vias,Sim,4,0,2,0,1,1,2,3,-27.1722097,-49.581096,SPRF-SC,DEL04-SC,UOP02-DEL04-SC,2025
"702241,0",2025-07-03,quinta-feira,19:00:00,SC,101,"203,3",SAO JOSE,Entrada inopinada do pedestre,Atropelamento de Pedestre,Com Vítimas Feridas,Plena Noite,Decrescente,Céu Claro,Dupla,Reta,Sim,3,0,0,1,2,0,1,3,-27.54473453,-48.62002579,SPRF-SC,DEL01-SC,UOP01-DEL01-SC,2025
"702278,0",2025-07-03,quinta-feira,18:40:00,SC,101,"27,2",JOINVILLE,Reação tardia ou ineficiente do condutor,Colisão traseira,Com Vítimas Fatais,Plena Noite,Crescente,Nublado,Dupla,Reta;Viaduto,Não,8,1,2,0,3,3,2,8,-26.2033332,-48.9138457,SPRF-SC,DEL03-SC,UOP01-DEL03-SC,2025
"702281,0",2025-07-03,quinta-feira,19:50:00,SC,116,"84,0",MONTE CASTELO,Condutor deixou de manter distância do veículo da frente,Atropelamento de Animal,Sem Vítimas,Plena Noite,Decrescente,Céu Claro,Simples,Aclive;Reta,Não,2,0,0,0,2,0,0,2,-26.59834,-50.225624,SPRF-SC,DEL06-SC,UOP02-DEL06-SC,2025
"702315,0",2025-07-04,sexta-feira,05:30:00,SC,101,"205,0",SAO JOSE,Entrada inopinada do pedestre,Atropelamento de Pedestre,Com Vítimas Feridas,Amanhecer,Crescente,Chuva,Múltipla,Reta,Sim,3,0,0,1,2,0,1,3,-27.583,-48.614,SPRF-SC,DEL01-SC,UOP01-DEL01-SC,2025
"702365,0",2025-07-04,sexta-feira,10:15:00,SC,101,"335,0",TUBARAO,Acessar a via sem observar a presença dos outros veículos,Colisão lateral mesmo sentido,Com Vítimas Feridas,Pleno dia,Crescente,Céu Claro,Dupla,Reta,Sim,3,0,0,1,1,2,1,4,-28.47490008,-49.02796466,SPRF-SC,DEL02-SC,UOP01-DEL02-SC,2025
"702438,0",2025-04-04,sexta-feira,12:45:00,SC,470,"69,2",INDAIAL,Reação tardia ou ineficiente do condutor,Tombamento,Com Vítimas Fatais,Pleno dia,Crescente,Céu Claro,Dupla,Reta,Sim,3,1,0,0,1,1,0,3,-26.8850435,-49.2489973,SPRF-SC,DEL04-SC,UOP01-DEL04-SC,2025
"702477,0",2025-07-04,sexta-feira,18:30:00,SC,101,"108,0",PENHA,Reação tardia ou ineficiente do condutor,Tombamento,Com Vítimas Feridas,Plena Noite,Decrescente,Nublado,Dupla,Reta,Não,2,0,1,0,1,0,1,2,-26.82083893,-48.68453829,SPRF-SC,DEL03-SC,UOP02-DEL03-SC,2025
"702534,0",2025-07-04,sexta-feira,22:36:00,SC,101,"48,8",JOINVILLE,Ingestão de álcool pelo condutor,Colisão lateral mesmo sentido,Sem Vítimas,Plena Noite,Decrescente,Céu Claro,Dupla,Curva,Não,4,0,0,0,3,1,0,3,-26.37795265,-48.85221004,SPRF-SC,DEL03-SC,UOP01-DEL03-SC,2025
"702558,0",2025-07-04,sexta-feira,22:30:00,SC,116,"75,2",MONTE CASTELO,Velocidade Incompatível,Tombamento,Sem Vítimas,Plena Noite,Decrescente,Garoa/Chuvisco,Simples,Curva,Não,2,0,0,0,1,1,0,2,-26.5141715,-50.2251921,SPRF-SC,DEL06-SC,UOP02-DEL06-SC,2025
"702561,0",2025-07-05,sábado,01:00:00,SC,158,"108,0",CUNHA PORA,Velocidade Incompatível,Colisão traseira,Sem Vítimas,Plena Noite,Crescente,Céu Claro,Simples,Reta,Sim,3,0,0,0,2,1,0,3,-26.8771839,-53.16841467,SPRF-SC,DEL07-SC,UOP02-DEL07-SC,2025