id,data_inversa,dia_semana,horario,uf,br,km,municipio,causa_acidente,tipo_acidente,classificacao_acidente,fase_dia,sentido_via,condicao_metereologica,tipo_pista,tracado_via,uso_solo,pessoas,mortos,feridos_leves,feridos_graves,ilesos,ignorados,feridos,veiculos,latitude,longitude,regional,delegacia,uop,ano_arquivo
"702587,0",2025-07-05,sábado,05:30:00,SC,470,"1,0",NAVEGANTES,Ausência de reação do condutor,Colisão traseira,Com Vítimas Feridas,Plena Noite,Crescente,Céu Claro,Simples,Reta,Não,3,0,0,1,0,2,1,3,-26.87692634,-48.66632357,SPRF-SC,DEL04-SC,UOP04-DEL04-SC,2025
"702619,0",2025-07-05,sábado,08:30:00,SC,101,"419,3",ARARANGUA,Ausência de reação do condutor,Colisão traseira,Com Vítimas Feridas,Pleno dia,Decrescente,Sol,Múltipla,Em Obras;Reta,Sim,3,0,1,0,2,0,1,3,-28.99530799,-49.55216853,SPRF-SC,DEL02-SC,UOP02-DEL02-SC,2025
"702624,0",2025-07-05,sábado,08:00:00,SC,282,"563,0",NOVA ERECHIM,Neblina,Colisão traseira,Com Vítimas Feridas,Pleno dia,Crescente,Céu Claro,Simples,Reta;Aclive,Não,2,0,1,0,1,0,1,2,-26.91276429,-52.8652637,SPRF-SC,DEL07-SC,UOP02-DEL07-SC,2025
"702787,0",2025-07-05,sábado,21:15:00,SC,153,"64,0",IRANI,Ausência de reação do condutor,Colisão lateral sentido oposto,Sem Vítimas,Plena Noite,Crescente,Céu Claro,Simples,Reta,Não,3,0,0,0,1,2,0,3,-27.00703,-51.874842,SPRF-SC,DEL07-SC,UOP04-DEL07-SC,2025
"702794,0",2025-07-05,sábado,21:20:00,SC,282,"473,8",VARGEAO,Transitar na contramão,Colisão lateral sentido oposto,Com Vítimas Feridas,Plena Noite,Crescente,Céu Claro,Simples,Reta,Não,5,0,0,2,1,2,2,4,-26.866303,-52.134647,SPRF-SC,DEL07-SC,UOP01-DEL07-SC,2025
"702805,0",2025-07-05,sábado,20:20:00,SC,282,"212,2",LAGES,Acessar a via sem observar a presença dos outros veículos,Colisão transversal,Com Vítimas Fatais,Plena Noite,Decrescente,Céu Claro,Simples,Reta;Declive;Interseção de Vias,Sim,6,2,0,3,0,1,3,3,-27.78288437,-50.25340953,SPRF-SC,DEL05-SC,UOP01-DEL05-SC,2025
"702886,0",2025-07-05,sábado,22:20:00,SC,280,"304,6",PORTO UNIAO,Ingestão de álcool pelo condutor,Colisão traseira,Com Vítimas Feridas,Plena Noite,Crescente,Nevoeiro/Neblina,Simples,Reta,Sim,2,0,1,0,1,0,1,2,-26.26818,-51.05786,SPRF-SC,DEL06-SC,UOP04-DEL06-SC,2025
"702889,0",2025-07-06,domingo,08:50:00,SC,101,"283,0",IMBITUBA,Reação tardia ou ineficiente do condutor,Colisão traseira,Com Vítimas Feridas,Pleno dia,Decrescente,Céu Claro,Dupla,Reta,Não,4,0,1,0,2,3,1,5,-28.22146827,-48.70046139,SPRF-SC,DEL02-SC,UOP03-DEL02-SC,2025
"703040,0",2025-07-06,domingo,22:56:00,SC,282,"531,1",CORDILHEIRA ALTA,Transitar na contramão,Colisão frontal,Com Vítimas Feridas,Plena Noite,Decrescente,Céu Claro,Simples,Curva,Sim,2,0,0,1,1,0,1,2,-26.9911257,-52.6091574,SPRF-SC,DEL07-SC,UOP01-DEL07-SC,2025
"703062,0",2025-07-07,segunda-feira,00:40:00,SC,101,"177,0",BIGUACU,Reação tardia ou ineficiente do condutor,Colisão lateral mesmo sentido,Com Vítimas Feridas,Plena Noite,Crescente,Nublado,Dupla,Reta,Não,3,0,0,1,1,1,1,3,-27.35359657,-48.63391042,SPRF-SC,DEL01-SC,UOP01-DEL01-SC,2025
"703095,0",2025-07-07,segunda-feira,08:30:00,SC,101,"210,0",SAO JOSE,Ausência de reação do condutor,Queda de ocupante de veículo,Com Vítimas Feridas,Pleno dia,Crescente,Céu Claro,Múltipla,Reta,Sim,3,0,0,1,2,0,1,3,-27.61516746,-48.64370283,SPRF-SC,DEL01-SC,UOP01-DEL01-SC,2025
"703188,0",2025-07-07,segunda-feira,14:15:00,SC,282,"69,0",RANCHO QUEIMADO,Ausência de reação do condutor,Saída de leito carroçável,Com Vítimas Feridas,Pleno dia,Decrescente,Céu Claro,Simples,Curva;Declive,Não,2,0,2,0,0,0,2,1,-27.69017,-49.083903,SPRF-SC,DEL01-SC,UOP03-DEL01-SC,2025
"703311,0",2025-07-08,terça-feira,04:40:00,SC,470,"30,0",GASPAR,Demais falhas mecânicas ou elétricas,Derramamento de carga,Sem Vítimas,Amanhecer,Decrescente,Céu Claro,Dupla,Reta,Não,3,0,0,0,2,1,0,3,-26.89501356,-48.91863445,SPRF-SC,DEL04-SC,UOP01-DEL04-SC,2025
"703347,0",2025-07-08,terça-feira,10:50:00,SC,101,"37,0",JOINVILLE,Desrespeitar a preferência no cruzamento,Colisão transversal,Com Vítimas Feridas,Pleno dia,Decrescente,Céu Claro,Dupla,Interseção de Vias,Não,2,0,1,0,1,0,1,2,-26.29644489,-48.88387084,SPRF-SC,DEL03-SC,UOP01-DEL03-SC,2025
"703390,0",2025-07-08,terça-feira,14:30:00,SC,101,"29,9",SAO JOSE,Velocidade Incompatível,Colisão lateral mesmo sentido,Com Vítimas Feridas,Pleno dia,Crescente,Céu Claro,Dupla,Reta,Sim,5,0,1,0,2,4,1,7,-27.574732,-48.695671,SPRF-SC,DEL01-SC,UOP02-DEL01-SC,2025
"703408,0",2025-07-08,terça-feira,16:00:00,SC,101,"119,7",ITAJAI,Condutor deixou de manter distância do veículo da frente,Colisão traseira,Com Vítimas Feridas,Pleno dia,Crescente,Céu Claro,Múltipla,Reta,Sim,3,0,1,1,1,0,2,2,-26.91116047,-48.71259436,SPRF-SC,DEL04-SC,UOP04-DEL04-SC,2025
"703556,0",2025-07-09,quarta-feira,09:50:00,SC,470,"4,0",NAVEGANTES,Ultrapassagem Indevida,Colisão lateral mesmo sentido,Com Vítimas Feridas,Pleno dia,Crescente,Sol,Dupla,Reta;Em Obras,Sim,3,0,1,0,1,1,1,3,-26.8590621,-48.68897885,SPRF-SC,DEL04-SC,UOP04-DEL04-SC,2025
"703576,0",2025-07-09,quarta-feira,10:35:00,SC,282,"43,8",AGUAS MORNAS,Ultrapassagem Indevida,Colisão frontal,Com Vítimas Fatais,Pleno dia,Decrescente,Céu Claro,Simples,Curva;Declive,Não,3,1,0,0,1,1,0,3,-27.7221,-48.90682,SPRF-SC,DEL01-SC,UOP03-DEL01-SC,2025
"703581,0",2025-07-09,quarta-feira,12:00:00,SC,470,"120,9",IBIRAMA,Velocidade Incompatível,Tombamento,Com Vítimas Feridas,Pleno dia,Crescente,Céu Claro,Simples,Declive;Curva,Não,2,0,0,1,0,1,1,2,-27.0956,-49.5284,SPRF-SC,DEL04-SC,UOP02-DEL04-SC,2025
"703587,0",2025-07-09,quarta-feira,13:30:00,SC,101,"23,0",JOINVILLE,Condutor deixou de manter distância do veículo da frente,Colisão traseira,Sem Vítimas,Pleno dia,Decrescente,Sol,Dupla,Reta,Não,4,0,0,0,1,3,0,4,-26.175245,-48.907608,SPRF-SC,DEL03-SC,UOP01-DEL03-SC,2025
"703614,0",2025-07-09,quarta-feira,15:00:00,SC,101,"455,8",SAO JOAO DO SUL,Reação tardia ou ineficiente do condutor,Colisão traseira,Sem Vítimas,Pleno dia,Decrescente,Nublado,Múltipla,Rotatória,Não,2,0,0,0,2,0,0,2,-29.22772904,-49.75953698,SPRF-SC,DEL02-SC,UOP02-DEL02-SC,2025
"703623,0",2025-07-09,quarta-feira,14:45:00,SC,280,"107,0",SAO BENTO DO SUL,Transitar na contramão,Colisão lateral sentido oposto,Com Vítimas Feridas,Pleno dia,Crescente,Céu Claro,Simples,Aclive;Curva,Não,3,0,2,0,1,0,2,2,-26.3411,-49.37532,SPRF-SC,DEL06-SC,UOP03-DEL06-SC,2025
"703705,0",2025-07-09,quarta-feira,19:00:00,SC,101,"395,3",MARACAJA,Condutor deixou de manter distância do veículo da frente,Colisão traseira,Com Vítimas Feridas,Plena Noite,Decrescente,Céu Claro,Dupla,Declive,Sim,5,0,2,0,2,1,2,4,-28.8330134,-49.41596445,SPRF-SC,DEL02-SC,UOP02-DEL02-SC,2025
"703743,0",2025-07-09,quarta-feira,06:00:00,SC,282,"51,6",AGUAS MORNAS,Demais falhas mecânicas ou elétricas,Incêndio,Sem Vítimas,Plena Noite,Decrescente,Céu Claro,Simples,Declive;Curva,Não,2,0,0,0,1,1,0,2,-27.69993,-48.96147,SPRF-SC,DEL01-SC,UOP03-DEL01-SC,2025
"703759,0",2025-07-10,quinta-feira,08:10:00,SC,280,"126,0",RIO NEGRINHO,Acessar a via sem observar a presença dos outros veículos,Colisão transversal,Sem Vítimas,Pleno dia,Decrescente,Céu Claro,Simples,Declive;Reta,Sim,3,0,0,0,2,1,0,3,-26.23799747,-49.4950068,SPRF-SC,DEL06-SC,UOP03-DEL06-SC,2025
"703773,0",2025-06-12,quinta-feira,12:54:00,SC,470,"251,4",CURITIBANOS,Suicídio (presumido),Colisão frontal,Com Vítimas Fatais,Pleno dia,Decrescente,Céu Claro,Simples,Curva;Declive,Não,4,1,0,0,1,2,0,4,-27.31253,-50.60076,SPRF-SC,DEL05-SC,UOP03-DEL05-SC,2025
"703783,0",2025-07-10,quinta-feira,09:50:00,SC,101,"197,2",BIGUACU,Reação tardia ou ineficiente do condutor,Colisão traseira,Com Vítimas Feridas,Pleno dia,Decrescente,Céu Claro,Dupla,Aclive,Sim,3,0,0,1,1,1,1,3,-27.51998,-48.63772,SPRF-SC,DEL01-SC,UOP01-DEL01-SC,2025
"703801,0",2025-07-10,quinta-feira,11:00:00,SC,280,"46,0",GUARAMIRIM,Retorno proibido,Colisão transversal,Com Vítimas Feridas,Pleno dia,Crescente,Nublado,Dupla,Reta,Sim,2,0,1,0,0,1,1,2,-26.45305388,-48.91078949,SPRF-SC,DEL03-SC,UOP03-DEL03-SC,2025
"703821,0",2025-04-25,sexta-feira,19:40:00,SC,101,"175,1",GOVERNADOR CELSO RAMOS,Transitar no Acostamento,Colisão com objeto,Com Vítimas Fatais,Plena Noite,Decrescente,Céu Claro,Dupla,Reta,Sim,4,1,0,0,2,1,0,4,-27.341202,-48.627975,SPRF-SC,DEL01-SC,UOP01-DEL01-SC,2025
"703831,0",2025-07-10,quinta-feira,15:26:00,SC,280,"7,0",SAO FRANCISCO DO SUL,Reação tardia ou ineficiente do condutor,Engavetamento,Com Vítimas Feridas,Pleno dia,Crescente,Nublado,Simples,Rotatória,Sim,4,0,1,0,3,0,1,3,-26.27036606,-48.64076614,SPRF-SC,DEL03-SC,UOP03-DEL03-SC,2025
"703842,0",2025-07-10,quinta-feira,14:30:00,SC,101,"280,2",IMBITUBA,Ausência de reação do condutor,Colisão traseira,Sem Vítimas,Pleno dia,Crescente,Céu Claro,Múltipla,Reta;Em Obras,Não,4,0,0,0,3,1,0,4,-28.1959787,-48.69755387,SPRF-SC,DEL02-SC,UOP03-DEL02-SC,2025
"703848,0",2025-07-10,quinta-feira,16:20:00,SC,101,"135,6",BALNEARIO CAMBORIU,Reação tardia ou ineficiente do condutor,Colisão lateral mesmo sentido,Com Vítimas Feridas,Pleno dia,Crescente,Nublado,Dupla,Reta,Sim,5,0,2,0,2,1,2,4,-27.00627,-48.62248,SPRF-SC,DEL04-SC,UOP03-DEL04-SC,2025
"703860,0",2025-07-10,quinta-feira,16:00:00,SC,101,"31,9",JOINVILLE,Conversão proibida,Colisão transversal,Com Vítimas Feridas,Pleno dia,Decrescente,Nublado,Dupla,Reta,Sim,3,0,0,1,2,0,1,3,-26.2436795,-48.91060559,SPRF-SC,DEL03-SC,UOP01-DEL03-SC,2025
"703880,0",2025-07-10,quinta-feira,18:00:00,SC,116,"222,0",PONTE ALTA,Acesso irregular,Colisão lateral mesmo sentido,Com Vítimas Feridas,Plena Noite,Crescente,Nublado,Simples,Reta,Sim,4,0,1,0,2,1,1,3,-27.60227483,-50.35522811,SPRF-SC,DEL05-SC,UOP03-DEL05-SC,2025
"703882,0",2025-07-10,quinta-feira,18:45:00,SC,470,"142,0",RIO DO SUL,Trafegar com motocicleta (ou similar) entre as faixas,Colisão frontal,Com Vítimas Feridas,Plena Noite,Crescente,Céu Claro,Simples,Curva;Declive;Em Obras,Sim,3,0,0,1,1,1,1,3,-27.21466799,-49.65152677,SPRF-SC,DEL04-SC,UOP02-DEL04-SC,2025
"703934,0",2025-07-10,quinta-feira,21:40:00,SC,101,"232,9",PALHOCA,Condutor Dormindo,Colisão traseira,Sem Vítimas,Plena Noite,Crescente,Garoa/Chuvisco,Dupla,Aclive,Não,3,0,0,0,2,1,0,3,-27.8010537,-48.63761622,SPRF-SC,DEL01-SC,UOP02-DEL01-SC,2025
"703941,0",2025-07-10,quinta-feira,23:30:00,SC,470,"146,7",RIO DO SUL,Ausência de reação do condutor,Colisão frontal,Com Vítimas Feridas,Plena Noite,Crescente,Garoa/Chuvisco,Simples,Curva,Não,2,0,1,0,1,0,1,2,-27.24098458,-49.68613951,SPRF-SC,DEL04-SC,UOP02-DEL04-SC,2025
"703987,0",2025-07-11,sexta-feira,07:30:00,SC,101,"95,0",BARRA VELHA,Condutor Dormindo,Colisão traseira,Com Vítimas Feridas,Pleno dia,Decrescente,Céu Claro,Dupla,Reta,Sim,3,0,1,1,1,0,2,2,-26.716814,-48.702235,SPRF-SC,DEL03-SC,UOP02-DEL03-SC,2025
"703993,0",2025-07-11,sexta-feira,09:50:00,SC,282,"498,8",XANXERE,Manobra de mudança de faixa,Colisão lateral mesmo sentido,Com Vítimas Feridas,Pleno dia,Crescente,Nublado,Simples,Reta,Não,3,0,2,0,1,0,2,2,-26.87244215,-52.29259238,SPRF-SC,DEL07-SC,UOP01-DEL07-SC,2025
"704076,0",2025-07-11,sexta-feira,18:10:00,SC,101,"210,8",SAO JOSE,Ingestão de álcool pelo condutor,Colisão transversal,Com Vítimas Feridas,Plena Noite,Decrescente,Céu Claro,Dupla,Reta,Sim,2,0,1,1,0,0,2,2,-27.61914,-48.64753,SPRF-SC,DEL01-SC,UOP01-DEL01-SC,2025
"704094,0",2025-07-11,sexta-feira,15:45:00,SC,280,"83,8",CORUPA,Ultrapassagem Indevida,Colisão frontal,Com Vítimas Feridas,Pleno dia,Decrescente,Céu Claro,Simples,Aclive;Reta,Não,3,0,1,1,1,0,2,3,-26.426008,-49.252457,SPRF-SC,DEL06-SC,UOP03-DEL06-SC,2025
"704171,0",2025-07-12,sábado,03:35:00,SC,101,"42,3",JOINVILLE,Condutor Dormindo,Colisão com objeto,Com Vítimas Feridas,Plena Noite,Crescente,Nublado,Dupla,Reta,Sim,1,0,1,0,0,0,1,1,-26.32726298,-48.86482565,SPRF-SC,DEL03-SC,UOP01-DEL03-SC,2025
"704218,0",2025-07-12,sábado,09:00:00,SC,470,"58,0",BLUMENAU,Trafegar com motocicleta (ou similar) entre as faixas,Colisão lateral mesmo sentido,Com Vítimas Feridas,Pleno dia,Crescente,Nublado,Simples,Reta,Sim,2,0,0,1,1,0,1,2,-26.8838513,-49.15165756,SPRF-SC,DEL04-SC,UOP01-DEL04-SC,2025
"704293,0",2025-07-12,sábado,15:45:00,SC,101,"136,0",BALNEARIO CAMBORIU,Manobra de mudança de faixa,Colisão traseira,Com Vítimas Feridas,Pleno dia,Crescente,Nublado,Dupla,Reta,Sim,4,0,2,0,1,1,2,3,-27.00678307,-48.6207002,SPRF-SC,DEL04-SC,UOP03-DEL04-SC,2025
"704376,0",2025-07-12,sábado,19:30:00,SC,116,"19,4",ITAIOPOLIS,Acessar a via sem observar a presença dos outros veículos,Saída de leito carroçável,Com Vítimas Feridas,Plena Noite,Decrescente,Céu Claro,Simples,Reta,Não,4,0,1,0,2,1,1,3,-26.237375,-49.900332,SPRF-SC,DEL06-SC,UOP01-DEL06-SC,2025
"704535,0",2025-07-13,domingo,16:50:00,SC,116,"220,5",CORREIA PINTO,Desrespeitar a preferência no cruzamento,Colisão transversal,Com Vítimas Feridas,Anoitecer,Decrescente,Céu Claro,Simples,Rotatória,Sim,2,0,1,0,1,0,1,2,-27.59086674,-50.36228299,SPRF-SC,DEL05-SC,UOP03-DEL05-SC,2025
"704685,0",2025-02-07,sexta-feira,10:56:00,SC,163,"76,5",SAO MIGUEL DO OESTE,Ultrapassagem Indevida,Colisão lateral mesmo sentido,Sem Vítimas,Pleno dia,Decrescente,Céu Claro,Simples,Aclive;Reta;Interseção de Vias,Não,3,0,0,0,2,2,0,4,-26.68004792,-53.51502657,SPRF-SC,DEL07-SC,UOP03-DEL07-SC,2025
"704707,0",2025-07-14,segunda-feira,08:15:00,SC,101,"113,1",ITAJAI,Manobra de mudança de faixa,Colisão lateral mesmo sentido,Com Vítimas Feridas,Pleno dia,Decrescente,Nevoeiro/Neblina,Dupla,Reta;Retorno Regulamentado,Não,2,0,1,0,1,0,1,2,-26.85406,-48.72669,SPRF-SC,DEL04-SC,UOP04-DEL04-SC,2025
"704729,0",2025-07-14,segunda-feira,11:40:00,SC,101,"281,8",IMBITUBA,Transitar na contramão,Colisão lateral sentido oposto,Com Vítimas Feridas,Pleno dia,Crescente,Céu Claro,Simples,Reta,Sim,2,0,1,0,1,0,1,2,-28.211205,-48.699734,SPRF-SC,DEL02-SC,UOP03-DEL02-SC,2025
"704747,0",2025-07-14,segunda-feira,09:05:00,SC,470,"341,7",CAMPOS NOVOS,Desrespeitar a preferência no cruzamento,Colisão transversal,Com Vítimas Fatais,Pleno dia,Crescente,Céu Claro,Simples,Interseção de Vias;Declive;Reta,Não,6,2,1,0,2,2,1,5,-27.53007965,-51.38828158,SPRF-SC,DEL07-SC,UOP06-DEL07-SC,2025
"704858,0",2025-07-15,terça-feira,02:55:00,SC,282,"321,9",CAMPOS NOVOS,Condutor Dormindo,Colisão com objeto,Sem Vítimas,Amanhecer,Crescente,Céu Claro,Simples,Reta,Não,1,0,0,0,1,0,0,1,-27.379398,-51.062583,SPRF-SC,DEL07-SC,UOP06-DEL07-SC,2025
"704861,0",2025-07-15,terça-feira,02:50:00,SC,101,"385,9",ICARA,Neblina,Saída de leito carroçável,Com Vítimas Feridas,Plena Noite,Crescente,Nevoeiro/Neblina,Dupla,Reta;Aclive,Não,1,0,1,0,0,0,1,1,-28.7844151,-49.33613,SPRF-SC,DEL02-SC,UOP02-DEL02-SC,2025
"704921,0",2025-07-15,terça-feira,10:30:00,SC,101,"362,8",SANGAO,Ausência de reação do condutor,Colisão traseira,Com Vítimas Feridas,Pleno dia,Crescente,Nevoeiro/Neblina,Dupla,Declive,Não,4,0,1,0,2,1,1,4,-28.67956035,-49.14094042,SPRF-SC,DEL02-SC,UOP01-DEL02-SC,2025
"704932,0",2025-07-15,terça-feira,12:09:00,SC,101,"196,5",BIGUACU,Condutor deixou de manter distância do veículo da frente,Engavetamento,Com Vítimas Feridas,Pleno dia,Decrescente,Céu Claro,Múltipla,Curva,Sim,5,0,0,2,2,1,2,5,-27.51782925,-48.63872264,SPRF-SC,DEL01-SC,UOP01-DEL01-SC,2025
"704943,0",2025-07-15,terça-feira,13:30:00,SC,101,"189,0",BIGUACU,Ausência de reação do condutor,Tombamento,Com Vítimas Feridas,Pleno dia,Crescente,Céu Claro,Múltipla,Reta,Não,2,0,1,0,0,1,1,2,-27.4651332,-48.64208472,SPRF-SC,DEL01-SC,UOP01-DEL01-SC,2025
"704986,0",2025-07-15,terça-feira,17:15:00,SC,101,"134,0",BALNEARIO CAMBORIU,Reação tardia ou ineficiente do condutor,Colisão traseira,Com Vítimas Feridas,Pleno dia,Decrescente,Céu Claro,Dupla,Reta,Sim,4,0,1,0,2,2,1,5,-27.00101981,-48.63853455,SPRF-SC,DEL04-SC,UOP03-DEL04-SC,2025
"705017,0",2025-07-15,terça-feira,15:25:00,SC,163,"101,2",SAO JOSE DO CEDRO,Retorno proibido,Colisão traseira,Com Vítimas Feridas,Pleno dia,Decrescente,Céu Claro,Simples,Reta;Declive,Não,2,0,0,1,1,0,1,2,-26.47741526,-53.50677459,SPRF-SC,DEL07-SC,UOP03-DEL07-SC,2025
"705077,0",2025-07-16,quarta-feira,00:00:00,SC,158,"135,7",PALMITOS,Velocidade Incompatível,Tombamento,Com Vítimas Feridas,Plena Noite,Crescente,Céu Claro,Simples,Aclive;Curva;Rotatória,Não,2,0,1,0,0,1,1,2,-27.07962488,-53.22508547,SPRF-SC,DEL07-SC,UOP02-DEL07-SC,2025
"705114,0",2025-07-16,quarta-feira,06:30:00,SC,116,"59,8",PAPANDUVA,Velocidade Incompatível,Colisão frontal,Com Vítimas Feridas,Amanhecer,Crescente,Nublado,Simples,Reta;Aclive,Não,3,0,1,0,1,1,1,3,-26.3817096,-50.2147357,SPRF-SC,DEL06-SC,UOP02-DEL06-SC,2025
"705118,0",2025-07-02,quarta-feira,12:44:00,SC,282,"640,0",IRACEMINHA,Reação tardia ou ineficiente do condutor,Colisão lateral mesmo sentido,Com Vítimas Feridas,Pleno dia,Decrescente,Céu Claro,Simples,Reta;Ponte,Não,4,0,2,0,1,1,2,4,-26.82110702,-53.38284228,SPRF-SC,DEL07-SC,UOP03-DEL07-SC,2025
"705142,0",2025-07-16,quarta-feira,10:30:00,SC,101,"119,0",ITAJAI,Condutor deixou de manter distância do veículo da frente,Engavetamento,Com Vítimas Feridas,Pleno dia,Crescente,Céu Claro,Dupla,Reta,Não,4,0,1,0,2,1,1,4,-26.89838616,-48.71795509,SPRF-SC,DEL04-SC,UOP04-DEL04-SC,2025
"705161,0",2025-07-16,quarta-feira,11:50:00,SC,101,"151,0",PORTO BELO,Condutor deixou de manter distância do veículo da frente,Colisão traseira,Com Vítimas Feridas,Pleno dia,Decrescente,Céu Claro,Dupla,Reta,Sim,3,0,1,0,1,1,1,3,-27.13627275,-48.61002669,SPRF-SC,DEL04-SC,UOP03-DEL04-SC,2025
"705178,0",2025-07-16,quarta-feira,15:30:00,SC,101,"210,3",SAO JOSE,Manobra de mudança de faixa,Colisão traseira,Com Vítimas Feridas,Pleno dia,Crescente,Céu Claro,Múltipla,Reta,Sim,4,0,1,0,2,1,1,3,-27.618966,-48.647862,SPRF-SC,DEL01-SC,UOP01-DEL01-SC,2025
"705194,0",2025-07-16,quarta-feira,15:30:00,SC,101,"394,2",CRICIUMA,Acessar a via sem observar a presença dos outros veículos,Colisão lateral mesmo sentido,Com Vítimas Feridas,Pleno dia,Crescente,Céu Claro,Múltipla,Retorno Regulamentado;Reta,Não,6,0,1,0,4,1,1,3,-28.826502,-49.40728,SPRF-SC,DEL02-SC,UOP02-DEL02-SC,2025
"705198,0",2025-07-16,quarta-feira,15:10:00,SC,101,"431,4",SOMBRIO,Manobra de mudança de faixa,Colisão lateral mesmo sentido,Com Vítimas Feridas,Pleno dia,Crescente,Céu Claro,Múltipla,Reta,Sim,3,0,1,0,1,1,1,3,-29.07467778,-49.62766483,SPRF-SC,DEL02-SC,UOP02-DEL02-SC,2025
"705202,0",2025-07-16,quarta-feira,15:45:00,SC,282,"394,0",JOACABA,Reação tardia ou ineficiente do condutor,Colisão frontal,Com Vítimas Feridas,Pleno dia,Crescente,Céu Claro,Simples,Curva;Aclive,Não,4,0,0,1,1,2,1,4,-27.158993,-51.574703,SPRF-SC,DEL07-SC,UOP05-DEL07-SC,2025
"705242,0",2025-07-16,quarta-feira,21:15:00,SC,101,"215,0",PALHOCA,Manobra de mudança de faixa,Colisão lateral mesmo sentido,Com Vítimas Feridas,Plena Noite,Crescente,Céu Claro,Dupla,Reta,Sim,4,0,1,1,1,1,2,3,-27.6582296,-48.6781642,SPRF-SC,DEL01-SC,UOP02-DEL01-SC,2025
"705260,0",2025-07-17,quinta-feira,01:50:00,SC,470,"141,0",RIO DO SUL,Reação tardia ou ineficiente do condutor,Colisão com objeto,Sem Vítimas,Plena Noite,Crescente,Nevoeiro/Neblina,Simples,Curva,Sim,2,0,0,0,1,1,0,2,-27.20851022,-49.65083051,SPRF-SC,DEL04-SC,UOP02-DEL04-SC,2025
"705261,0",2025-07-17,quinta-feira,02:20:00,SC,101,"102,0",BALNEARIO PICARRAS,Manobra de mudança de faixa,Colisão lateral mesmo sentido,Com Vítimas Feridas,Plena Noite,Crescente,Nevoeiro/Neblina,Múltipla,Reta,Não,4,0,1,0,2,1,1,3,-26.77701075,-48.68586414,SPRF-SC,DEL03-SC,UOP02-DEL03-SC,2025
"705295,0",2025-07-17,quinta-feira,06:40:00,SC,470,"116,0",IBIRAMA,Velocidade Incompatível,Tombamento,Sem Vítimas,Amanhecer,Decrescente,Nevoeiro/Neblina,Simples,Curva,Não,2,0,0,0,1,1,0,2,-27.08183013,-49.50072381,SPRF-SC,DEL04-SC,UOP02-DEL04-SC,2025
"705308,0",2025-07-17,quinta-feira,09:30:00,SC,101,"81,1",BARRA VELHA,Ausência de reação do condutor,Colisão traseira,Com Vítimas Feridas,Pleno dia,Crescente,Nevoeiro/Neblina,Dupla,Reta,Não,3,0,0,1,1,2,1,4,-26.6064837,-48.724088,SPRF-SC,DEL03-SC,UOP02-DEL03-SC,2025
"705358,0",2025-07-02,quarta-feira,07:00:00,SC,282,"624,4",IRACEMINHA,Condutor Dormindo,Saída de leito carroçável,Com Vítimas Feridas,Amanhecer,Decrescente,Nevoeiro/Neblina,Simples,Reta,Não,1,0,1,0,0,0,1,1,-26.7983493,-53.34559813,SPRF-SC,DEL07-SC,UOP02-DEL07-SC,2025
"705384,0",2025-07-17,quinta-feira,18:00:00,SC,280,"127,9",RIO NEGRINHO,Acessar a via sem observar a presença dos outros veículos,Colisão lateral sentido oposto,Com Vítimas Feridas,Anoitecer,Crescente,Céu Claro,Simples,Aclive;Curva,Sim,4,0,1,0,2,1,1,4,-26.243076,-49.5129,SPRF-SC,DEL06-SC,UOP03-DEL06-SC,2025
"705406,0",2025-07-17,quinta-feira,18:25:00,SC,116,"254,9",LAGES,Reação tardia ou ineficiente do condutor,Colisão traseira,Com Vítimas Feridas,Plena Noite,Decrescente,Chuva,Simples,Reta,Não,3,0,1,0,2,0,1,3,-27.87316459,-50.40153477,SPRF-SC,DEL05-SC,UOP02-DEL05-SC,2025
"705510,0",2025-07-18,sexta-feira,10:20:00,SC,101,"389,9",CRICIUMA,Reação tardia ou ineficiente do condutor,Colisão traseira,Com Vítimas Feridas,Pleno dia,Crescente,Nublado,Múltipla,Reta,Sim,6,0,1,1,3,1,2,5,-28.80469,-49.370977,SPRF-SC,DEL02-SC,UOP02-DEL02-SC,2025
"705571,0",2025-07-18,sexta-feira,16:05:00,SC,470,"134,0",RIO DO SUL,Ultrapassagem Indevida,Colisão lateral mesmo sentido,Com Vítimas Feridas,Pleno dia,Decrescente,Céu Claro,Simples,Interseção de Vias,Não,3,0,1,0,2,0,1,2,-27.1722507,-49.5810834,SPRF-SC,DEL04-SC,UOP02-DEL04-SC,2025
"705586,0",2025-07-18,sexta-feira,11:38:00,SC,282,"420,0",VARGEM BONITA,Transitar na contramão,Colisão frontal,Com Vítimas Fatais,Pleno dia,Decrescente,Sol,Simples,Curva,Não,5,3,2,0,0,0,2,2,-27.016223,-51.735482,SPRF-SC,DEL07-SC,UOP05-DEL07-SC,2025
"705639,0",2025-07-18,sexta-feira,19:50:00,SC,101,"197,0",BIGUACU,Velocidade Incompatível,Colisão com objeto,Com Vítimas Feridas,Plena Noite,Decrescente,Céu Claro,Dupla,Curva;Declive,Sim,3,0,1,0,1,1,1,3,-27.5193179,-48.63750156,SPRF-SC,DEL01-SC,UOP01-DEL01-SC,2025
"705743,0",2025-07-19,sábado,09:40:00,SC,101,"180,0",BIGUACU,Acessar a via sem observar a presença dos outros veículos,Colisão lateral mesmo sentido,Com Vítimas Feridas,Pleno dia,Crescente,Sol,Simples,Reta,Sim,2,0,1,0,1,0,1,2,-27.4704051,-48.6410993,SPRF-SC,DEL01-SC,UOP01-DEL01-SC,2025