id,data_inversa,dia_semana,horario,uf,br,km,municipio,causa_acidente,tipo_acidente,classificacao_acidente,fase_dia,sentido_via,condicao_metereologica,tipo_pista,tracado_via,uso_solo,pessoas,mortos,feridos_leves,feridos_graves,ilesos,ignorados,feridos,veiculos,latitude,longitude,regional,delegacia,uop,ano_arquivo
"705896,0",2025-07-19,sábado,20:30:00,SC,101,"148,0",ITAPEMA,Animais na Pista,Atropelamento de Animal,Com Vítimas Feridas,Plena Noite,Decrescente,Céu Claro,Dupla,Reta,Sim,2,0,1,0,1,0,1,2,-27.1048756,-48.61578941,SPRF-SC,DEL04-SC,UOP03-DEL04-SC,2025
"705909,0",2025-07-19,sábado,20:45:00,SC,280,"215,0",TRES BARRAS,Ingestão de álcool pelo condutor,Colisão traseira,Com Vítimas Feridas,Plena Noite,Crescente,Nevoeiro/Neblina,Simples,Reta,Não,3,0,0,1,1,1,1,3,-26.18321,-50.21686,SPRF-SC,DEL06-SC,UOP04-DEL06-SC,2025
"705988,0",2025-07-16,quarta-feira,14:05:00,SC,280,"41,0",ARAQUARI,Ausência de reação do condutor,Colisão lateral mesmo sentido,Com Vítimas Feridas,Pleno dia,Crescente,Céu Claro,Dupla,Reta,Não,3,0,2,0,1,0,2,2,-26.450506,-48.870018,SPRF-SC,DEL03-SC,UOP03-DEL03-SC,2025
"706018,0",2025-07-20,domingo,12:30:00,SC,470,"165,0",TROMBUDO CENTRAL,Suicídio (presumido),Colisão traseira,Com Vítimas Feridas,Pleno dia,Decrescente,Nublado,Simples,Declive;Curva,Não,3,0,0,1,1,1,1,3,-27.27891429,-49.83393995,SPRF-SC,DEL04-SC,UOP02-DEL04-SC,2025
"706032,0",2025-07-20,domingo,14:40:00,SC,101,"218,3",PALHOCA,Estacionar ou parar em local proibido,Colisão lateral mesmo sentido,Com Vítimas Feridas,Pleno dia,Decrescente,Céu Claro,Simples,Reta,Não,2,0,0,1,1,0,1,2,-27.67236333,-48.67183384,SPRF-SC,DEL01-SC,UOP02-DEL01-SC,2025
"706101,0",2025-07-20,domingo,19:51:00,SC,470,"61,3",BLUMENAU,Ingestão de álcool pelo condutor,Colisão frontal,Com Vítimas Feridas,Plena Noite,Decrescente,Céu Claro,Simples,Reta,Não,3,0,0,1,1,1,1,3,-26.87704,-49.17756,SPRF-SC,DEL04-SC,UOP01-DEL04-SC,2025
"706114,0",2025-07-20,domingo,20:15:00,SC,101,"319,0",PESCARIA BRAVA,Ausência de reação do condutor,Colisão lateral mesmo sentido,Com Vítimas Feridas,Plena Noite,Crescente,Céu Claro,Múltipla,Reta,Sim,3,0,0,1,1,1,1,3,-28.426262,-48.887925,SPRF-SC,DEL02-SC,UOP01-DEL02-SC,2025
"706129,0",2025-07-20,domingo,21:30:00,SC,470,"319,3",CAMPOS NOVOS,Acessar a via sem observar a presença dos outros veículos,Colisão transversal,Sem Vítimas,Plena Noite,Crescente,Céu Claro,Simples,Reta;Rotatória,Não,3,0,0,0,2,1,0,3,-27.411657,-51.230727,SPRF-SC,DEL07-SC,UOP06-DEL07-SC,2025
"706212,0",2025-07-21,segunda-feira,08:30:00,SC,282,"21,2",PALHOCA,Acessar a via sem observar a presença dos outros veículos,Colisão frontal,Com Vítimas Feridas,Pleno dia,Crescente,Céu Claro,Simples,Reta,Sim,5,0,0,1,3,1,1,4,-27.6888,-48.7197,SPRF-SC,DEL01-SC,UOP02-DEL01-SC,2025
"706285,0",2025-07-21,segunda-feira,11:55:00,SC,282,"513,1",XANXERE,Condutor usando celular,Colisão lateral sentido oposto,Com Vítimas Feridas,Pleno dia,Crescente,Céu Claro,Simples,Declive;Reta,Não,4,0,0,1,2,2,1,5,-26.9141871,-52.4771404,SPRF-SC,DEL07-SC,UOP01-DEL07-SC,2025
"706299,0",2025-07-21,segunda-feira,14:40:00,SC,101,"292,1",IMBITUBA,Ausência de reação do condutor,Colisão lateral mesmo sentido,Com Vítimas Feridas,Pleno dia,Crescente,Sol,Dupla,Reta,Não,2,0,0,1,0,1,1,2,-28.0771113,-48.7125343,SPRF-SC,DEL02-SC,UOP03-DEL02-SC,2025
"706312,0",2025-07-21,segunda-feira,17:55:00,SC,101,"128,1",ITAJAI,Reação tardia ou ineficiente do condutor,Engavetamento,Com Vítimas Feridas,Anoitecer,Decrescente,Céu Claro,Dupla,Reta,Sim,3,0,1,0,2,0,1,3,-26.982322,-48.675212,SPRF-SC,DEL04-SC,UOP04-DEL04-SC,2025
"706342,0",2025-07-21,segunda-feira,20:30:00,SC,101,"177,0",GOVERNADOR CELSO RAMOS,Acessar a via sem observar a presença dos outros veículos,Colisão lateral mesmo sentido,Com Vítimas Feridas,Plena Noite,Decrescente,Ignorado,Dupla,Reta,Não,3,0,1,0,1,1,1,3,-27.35052722,-48.63248046,SPRF-SC,DEL01-SC,UOP01-DEL01-SC,2025
"706355,0",2025-07-21,segunda-feira,21:00:00,SC,101,"44,0",JOINVILLE,Ingestão de álcool pelo condutor,Colisão lateral mesmo sentido,Sem Vítimas,Plena Noite,Crescente,Nublado,Dupla,Reta,Não,2,0,0,0,2,0,0,2,-26.340472,-48.858708,SPRF-SC,DEL03-SC,UOP01-DEL03-SC,2025
"706373,0",2025-07-22,terça-feira,03:30:00,SC,101,"233,0",PALHOCA,Pedestre - Ingestão de álcool/ substâncias psicoativas,Atropelamento de Pedestre,Com Vítimas Feridas,Plena Noite,Crescente,Céu Claro,Dupla,Declive;Curva,Não,2,0,1,0,1,0,1,2,-27.80582,-48.63945,SPRF-SC,DEL01-SC,UOP02-DEL01-SC,2025
"706444,0",2025-07-22,terça-feira,10:45:00,SC,101,"312,0",LAGUNA,Animais na Pista,Colisão lateral mesmo sentido,Com Vítimas Feridas,Pleno dia,Crescente,Céu Claro,Múltipla,Reta,Sim,4,0,2,0,1,2,2,5,-28.44067432,-48.81602637,SPRF-SC,DEL02-SC,UOP01-DEL02-SC,2025
"706459,0",2025-07-22,terça-feira,13:00:00,SC,470,"128,0",LONTRAS,Acessar a via sem observar a presença dos outros veículos,Colisão transversal,Com Vítimas Feridas,Pleno dia,Decrescente,Céu Claro,Simples,Retorno Regulamentado;Reta;Interseção de Vias,Não,3,0,0,1,2,0,1,2,-27.1364561,-49.54300258,SPRF-SC,DEL04-SC,UOP02-DEL04-SC,2025
"706521,0",2025-07-22,terça-feira,13:10:00,SC,101,"139,0",BALNEARIO CAMBORIU,Reação tardia ou ineficiente do condutor,Engavetamento,Com Vítimas Feridas,Pleno dia,Decrescente,Céu Claro,Simples,Reta,Não,4,0,0,1,3,0,1,3,-27.03852454,-48.60295773,SPRF-SC,DEL04-SC,UOP03-DEL04-SC,2025
"706526,0",2025-07-22,terça-feira,15:40:00,SC,101,"38,0",JOINVILLE,Manobra de mudança de faixa,Colisão traseira,Com Vítimas Feridas,Pleno dia,Crescente,Céu Claro,Múltipla,Aclive;Viaduto,Sim,4,0,1,0,2,2,1,5,-26.2931308,-48.88463108,SPRF-SC,DEL03-SC,UOP01-DEL03-SC,2025
"706583,0",2025-07-22,terça-feira,19:30:00,SC,101,"423,5",ARARANGUA,Desrespeitar a preferência no cruzamento,Colisão transversal,Com Vítimas Feridas,Plena Noite,Crescente,Céu Claro,Simples,Interseção de Vias,Não,2,0,1,0,0,1,1,2,-29.0086658,-49.5703876,SPRF-SC,DEL02-SC,UOP02-DEL02-SC,2025
"706606,0",2025-07-23,quarta-feira,04:15:00,SC,101,"151,5",ITAPEMA,Pedestre cruzava a pista fora da faixa,Atropelamento de Pedestre,Com Vítimas Fatais,Plena Noite,Crescente,Céu Claro,Múltipla,Reta,Sim,6,2,1,1,1,1,2,6,-27.13017,-48.61032917,SPRF-SC,DEL04-SC,UOP03-DEL04-SC,2025
"706629,0",2025-07-23,quarta-feira,07:15:00,SC,470,"146,0",RIO DO SUL,Acessar a via sem observar a presença dos outros veículos,Colisão transversal,Com Vítimas Feridas,Pleno dia,Crescente,Céu Claro,Simples,Retorno Regulamentado,Não,4,0,1,0,2,1,1,4,-27.23964153,-49.68469832,SPRF-SC,DEL04-SC,UOP02-DEL04-SC,2025
"706680,0",2025-07-23,quarta-feira,12:30:00,SC,280,"31,7",ARAQUARI,Condutor deixou de manter distância do veículo da frente,Colisão traseira,Com Vítimas Feridas,Pleno dia,Decrescente,Nublado,Simples,Reta,Sim,3,0,1,0,2,0,1,3,-26.4168864,-48.7732237,SPRF-SC,DEL03-SC,UOP03-DEL03-SC,2025
"706698,0",2025-07-23,quarta-feira,14:40:00,SC,101,"194,2",BIGUACU,Mal súbito do condutor,Colisão traseira,Com Vítimas Feridas,Pleno dia,Crescente,Nublado,Dupla,Reta,Sim,2,0,1,0,1,0,1,2,-27.500075,-48.655197,SPRF-SC,DEL01-SC,UOP01-DEL01-SC,2025
"706733,0",2025-06-21,sábado,20:30:00,SC,153,"73,8",IRANI,Ingestão de álcool pelo condutor,Tombamento,Com Vítimas Fatais,Plena Noite,Decrescente,Nevoeiro/Neblina,Simples,Aclive;Curva,Não,3,2,0,0,0,2,0,4,-27.08391,-51.907296,SPRF-SC,DEL07-SC,UOP04-DEL07-SC,2025
"706739,0",2025-07-23,quarta-feira,17:45:00,SC,116,"6,9",MAFRA,Desrespeitar a preferência no cruzamento,Colisão transversal,Com Vítimas Feridas,Anoitecer,Crescente,Céu Claro,Simples,Reta;Interseção de Vias,Sim,3,0,1,0,1,1,1,3,-26.1524899,-49.8318602,SPRF-SC,DEL06-SC,UOP01-DEL06-SC,2025
"706744,0",2025-07-23,quarta-feira,18:30:00,SC,101,"153,0",PORTO BELO,Acessar a via sem observar a presença dos outros veículos,Colisão lateral mesmo sentido,Com Vítimas Feridas,Plena Noite,Crescente,Céu Claro,Dupla,Retorno Regulamentado,Sim,3,0,1,0,1,2,1,4,-27.14329975,-48.61011252,SPRF-SC,DEL04-SC,UOP03-DEL04-SC,2025
"706776,0",2025-07-23,quarta-feira,22:15:00,SC,101,"45,8",JOINVILLE,Ingestão de álcool pelo condutor,Colisão lateral sentido oposto,Com Vítimas Feridas,Plena Noite,Decrescente,Nublado,Dupla,Reta,Não,2,0,0,1,1,0,1,2,-26.35665534,-48.85862438,SPRF-SC,DEL03-SC,UOP01-DEL03-SC,2025
"706826,0",2025-07-24,quinta-feira,08:20:00,SC,101,"115,0",ITAJAI,Reação tardia ou ineficiente do condutor,Colisão lateral mesmo sentido,Com Vítimas Feridas,Pleno dia,Decrescente,Nublado,Dupla,Reta,Sim,3,0,1,0,1,1,1,3,-26.87551776,-48.72694016,SPRF-SC,DEL04-SC,UOP04-DEL04-SC,2025
"706870,0",2025-07-24,quinta-feira,11:00:00,SC,280,"138,3",RIO NEGRINHO,Pedestre cruzava a pista fora da faixa,Atropelamento de Pedestre,Com Vítimas Fatais,Pleno dia,Crescente,Nublado,Simples,Declive;Reta,Sim,3,1,0,0,2,0,0,2,-26.2607,-49.59935,SPRF-SC,DEL06-SC,UOP03-DEL06-SC,2025
"706878,0",2025-07-24,quinta-feira,11:30:00,SC,101,"101,0",BALNEARIO PICARRAS,Reação tardia ou ineficiente do condutor,Engavetamento,Com Vítimas Feridas,Pleno dia,Crescente,Nublado,Múltipla,Reta,Não,7,0,2,0,4,1,2,6,-26.76595859,-48.68664265,SPRF-SC,DEL03-SC,UOP02-DEL03-SC,2025
"706980,0",2025-07-24,quinta-feira,19:40:00,SC,101,"428,5",SOMBRIO,Ausência de reação do condutor,Colisão com objeto,Sem Vítimas,Plena Noite,Decrescente,Chuva,Múltipla,Viaduto;Reta,Não,3,0,0,0,2,1,0,3,-29.04890101,-49.6191683,SPRF-SC,DEL02-SC,UOP02-DEL02-SC,2025
"707012,0",2025-07-25,sexta-feira,05:00:00,SC,470,"102,2",APIUNA,Transitar na contramão,Colisão frontal,Com Vítimas Fatais,Plena Noite,Decrescente,Garoa/Chuvisco,Simples,Reta,Não,8,3,0,3,2,0,3,2,-27.06312522,-49.3960962,SPRF-SC,DEL04-SC,UOP02-DEL04-SC,2025
"707033,0",2025-07-24,quinta-feira,11:00:00,SC,116,"107,0",MONTE CASTELO,Velocidade Incompatível,Colisão traseira,Sem Vítimas,Pleno dia,Decrescente,Nevoeiro/Neblina,Simples,Curva,Não,5,0,0,0,5,0,0,2,-26.7570094,-50.3297364,SPRF-SC,DEL06-SC,UOP02-DEL06-SC,2025
"707050,0",2025-07-25,sexta-feira,05:00:00,SC,158,"103,1",CUNHA PORA,Transitar na contramão,Colisão frontal,Com Vítimas Fatais,Plena Noite,Crescente,Nublado,Simples,Reta;Declive,Não,4,1,0,1,1,2,1,4,-26.8398674,-53.17251921,SPRF-SC,DEL07-SC,UOP02-DEL07-SC,2025
"707073,0",2025-07-25,sexta-feira,11:45:00,SC,101,"177,5",GOVERNADOR CELSO RAMOS,Reação tardia ou ineficiente do condutor,Colisão traseira,Com Vítimas Feridas,Pleno dia,Decrescente,Chuva,Múltipla,Reta,Sim,2,0,1,0,1,0,1,2,-27.36015,-48.63285,SPRF-SC,DEL01-SC,UOP01-DEL01-SC,2025
"707279,0",2025-07-26,sábado,01:00:00,SC,153,"98,6",CONCORDIA,Ingestão de álcool pelo condutor,Colisão lateral sentido oposto,Sem Vítimas,Plena Noite,Crescente,Céu Claro,Simples,Curva,Sim,2,0,0,0,2,0,0,2,-27.23744223,-51.95382428,SPRF-SC,DEL07-SC,UOP04-DEL07-SC,2025
"707358,0",2025-07-26,sábado,13:40:00,SC,101,"162,0",TIJUCAS,Reação tardia ou ineficiente do condutor,Colisão lateral mesmo sentido,Com Vítimas Feridas,Pleno dia,Decrescente,Céu Claro,Múltipla,Reta,Sim,4,0,2,0,1,1,2,3,-27.22309298,-48.62672973,SPRF-SC,DEL04-SC,UOP03-DEL04-SC,2025
"707438,0",2025-07-26,sábado,20:55:00,SC,280,"39,0",GUARAMIRIM,Reação tardia ou ineficiente do condutor,Colisão traseira,Sem Vítimas,Plena Noite,Decrescente,Céu Claro,Dupla,Em Obras;Reta,Não,2,0,0,0,2,0,0,2,-26.45174032,-48.88123959,SPRF-SC,DEL03-SC,UOP03-DEL03-SC,2025
"707474,0",2025-07-26,sábado,18:50:00,SC,470,"348,4",CAMPOS NOVOS,Velocidade Incompatível,Tombamento,Com Vítimas Fatais,Plena Noite,Crescente,Garoa/Chuvisco,Simples,Curva;Aclive,Não,7,1,2,1,2,11,3,13,-27.5478123,-51.45154953,SPRF-SC,DEL07-SC,UOP06-DEL07-SC,2025
"707488,0",2025-07-27,domingo,01:40:00,SC,101,"191,6",BIGUACU,Ingestão de álcool pelo condutor,Colisão lateral mesmo sentido,Com Vítimas Feridas,Plena Noite,Crescente,Garoa/Chuvisco,Dupla,Reta,Não,2,0,1,0,1,0,1,2,-27.394202,-48.631196,SPRF-SC,DEL01-SC,UOP01-DEL01-SC,2025
"707513,0",2025-07-27,domingo,05:38:00,SC,282,"527,7",CORDILHEIRA ALTA,Ausência de reação do condutor,Colisão frontal,Com Vítimas Feridas,Plena Noite,Crescente,Céu Claro,Simples,Aclive;Curva,Não,4,0,1,0,2,1,1,3,-26.97568321,-52.58856207,SPRF-SC,DEL07-SC,UOP01-DEL07-SC,2025
"707736,0",2025-07-28,segunda-feira,04:00:00,SC,101,"118,4",ITAJAI,Ausência de reação do condutor,Colisão traseira,Com Vítimas Feridas,Plena Noite,Decrescente,Nublado,Dupla,Reta,Não,3,0,1,0,1,1,1,3,-26.89834026,-48.71782986,SPRF-SC,DEL04-SC,UOP04-DEL04-SC,2025
"707762,0",2025-07-28,segunda-feira,07:00:00,SC,470,"5,0",NAVEGANTES,Ultrapassagem Indevida,Colisão lateral mesmo sentido,Com Vítimas Feridas,Pleno dia,Crescente,Céu Claro,Dupla,Reta;Em Obras,Sim,3,0,1,0,1,1,1,3,-26.85885692,-48.6887683,SPRF-SC,DEL04-SC,UOP04-DEL04-SC,2025
"707783,0",2025-07-17,quinta-feira,11:45:00,SC,101,"74,0",ARAQUARI,Condutor deixou de manter distância do veículo da frente,Colisão com objeto,Com Vítimas Feridas,Pleno dia,Crescente,Céu Claro,Múltipla,Curva,Não,7,0,4,0,2,1,4,4,-26.54970293,-48.71413744,SPRF-SC,DEL03-SC,UOP02-DEL03-SC,2025
"707863,0",2025-07-28,segunda-feira,14:30:00,SC,470,"112,0",IBIRAMA,Ausência de sinalização,Colisão traseira,Com Vítimas Feridas,Pleno dia,Crescente,Sol,Simples,Curva,Não,3,0,0,1,2,0,1,3,-27.09519518,-49.46590114,SPRF-SC,DEL04-SC,UOP02-DEL04-SC,2025
"707956,0",2025-07-28,segunda-feira,08:30:00,SC,101,"294,0",IMBITUBA,Ausência de reação do condutor,Colisão traseira,Com Vítimas Feridas,Pleno dia,Crescente,Céu Claro,Dupla,Reta,Não,4,0,2,0,1,1,2,3,-28.306549,-48.72145161,SPRF-SC,DEL02-SC,UOP03-DEL02-SC,2025
"707966,0",2025-07-28,segunda-feira,22:50:00,SC,470,"269,0",BRUNOPOLIS,Velocidade Incompatível,Tombamento,Sem Vítimas,Plena Noite,Crescente,Nublado,Simples,Curva,Não,1,0,0,0,1,0,0,1,-27.31889524,-50.76554775,SPRF-SC,DEL07-SC,UOP06-DEL07-SC,2025
"708004,0",2025-07-29,terça-feira,10:13:00,SC,101,"112,0",ITAPEMA,Ausência de reação do condutor,Tombamento,Com Vítimas Feridas,Pleno dia,Crescente,Céu Claro,Simples,Curva,Não,1,0,1,0,0,0,1,1,-27.0659512,-48.5955689,SPRF-SC,DEL04-SC,UOP04-DEL04-SC,2025
"708006,0",2025-07-29,terça-feira,11:10:00,SC,101,"211,8",PALHOCA,Reação tardia ou ineficiente do condutor,Colisão traseira,Com Vítimas Feridas,Pleno dia,Crescente,Céu Claro,Múltipla,Reta;Viaduto,Sim,3,0,1,0,2,0,1,3,-27.628233,-48.657352,SPRF-SC,DEL01-SC,UOP02-DEL01-SC,2025
"708184,0",2025-04-06,domingo,06:20:00,SC,101,"441,6",SANTA ROSA DO SUL,Condutor deixou de manter distância do veículo da frente,Colisão traseira,Com Vítimas Feridas,Amanhecer,Crescente,Nublado,Dupla,Reta;Declive,Não,2,0,1,0,1,0,1,2,-29.13065445,-49.6906778,SPRF-SC,DEL02-SC,UOP02-DEL02-SC,2025
"708229,0",2025-07-30,quarta-feira,13:50:00,SC,101,"322,6",PESCARIA BRAVA,Acessar a via sem observar a presença dos outros veículos,Colisão lateral mesmo sentido,Com Vítimas Fatais,Pleno dia,Decrescente,Céu Claro,Múltipla,Reta;Interseção de Vias;Aclive,Não,4,1,1,0,2,0,1,3,-28.429,-48.9223,SPRF-SC,DEL02-SC,UOP01-DEL02-SC,2025
"708249,0",2025-07-30,quarta-feira,14:25:00,SC,280,"222,1",TRES BARRAS,Reação tardia ou ineficiente do condutor,Colisão traseira,Com Vítimas Feridas,Pleno dia,Crescente,Céu Claro,Simples,Reta,Não,4,0,0,1,2,1,1,4,-26.177452,-50.31043,SPRF-SC,DEL06-SC,UOP04-DEL06-SC,2025
"708298,0",2025-07-30,quarta-feira,18:50:00,SC,116,"247,9",LAGES,Acessar a via sem observar a presença dos outros veículos,Colisão transversal,Com Vítimas Feridas,Plena Noite,Crescente,Céu Claro,Simples,Reta;Interseção de Vias,Sim,2,0,0,1,1,0,1,2,-27.81793676,-50.37304401,SPRF-SC,DEL05-SC,UOP02-DEL05-SC,2025
"708299,0",2025-07-30,quarta-feira,15:55:00,SC,282,"225,0",LAGES,Velocidade Incompatível,Colisão transversal,Com Vítimas Feridas,Pleno dia,Decrescente,Sol,Simples,Reta,Não,2,0,1,0,1,0,1,2,-27.79563186,-50.38549215,SPRF-SC,DEL05-SC,UOP02-DEL05-SC,2025
"708459,0",2025-07-31,quinta-feira,15:30:00,SC,470,"3,1",NAVEGANTES,Transitar na contramão,Colisão frontal,Com Vítimas Fatais,Pleno dia,Decrescente,Céu Claro,Múltipla,Reta;Em Obras,Sim,3,1,0,0,1,1,0,3,-26.86077,-48.68344,SPRF-SC,DEL04-SC,UOP04-DEL04-SC,2025
"708488,0",2025-07-31,quinta-feira,17:20:00,SC,116,"11,7",MAFRA,Manobra de mudança de faixa,Colisão lateral mesmo sentido,Com Vítimas Feridas,Pleno dia,Crescente,Céu Claro,Simples,Declive;Reta,Sim,5,0,0,1,3,1,1,4,-26.17707416,-49.85875793,SPRF-SC,DEL06-SC,UOP01-DEL06-SC,2025
"708511,0",2025-07-31,quinta-feira,17:15:00,SC,116,"133,0",SANTA CECILIA,Velocidade Incompatível,Tombamento,Sem Vítimas,Anoitecer,Crescente,Céu Claro,Simples,Interseção de Vias;Curva,Não,2,0,0,0,1,1,0,2,-26.91369,-50.44465,SPRF-SC,DEL06-SC,UOP02-DEL06-SC,2025
"708607,0",2025-07-08,terça-feira,13:28:00,SC,101,"336,0",TUBARAO,Acessar a via sem observar a presença dos outros veículos,Colisão lateral mesmo sentido,Com Vítimas Feridas,Pleno dia,Decrescente,Céu Claro,Simples,Curva,Sim,3,0,1,0,1,1,1,3,-28.48468308,-49.03609006,SPRF-SC,DEL02-SC,UOP01-DEL02-SC,2025
"708662,0",2025-08-01,sexta-feira,14:50:00,SC,282,"396,0",JOACABA,Manobra de mudança de faixa,Colisão lateral mesmo sentido,Com Vítimas Feridas,Pleno dia,Crescente,Céu Claro,Simples,Reta,Não,5,0,1,0,3,2,1,5,-27.15797052,-51.58954382,SPRF-SC,DEL07-SC,UOP05-DEL07-SC,2025
"708678,0",2025-08-01,sexta-feira,16:20:00,SC,282,"106,1",ALFREDO WAGNER,Ingestão de álcool pelo condutor,Queda de ocupante de veículo,Com Vítimas Feridas,Pleno dia,Decrescente,Céu Claro,Simples,Curva,Não,3,0,1,0,1,1,1,3,-27.699066,-49.344077,SPRF-SC,DEL01-SC,UOP03-DEL01-SC,2025
"708822,0",2025-08-02,sábado,04:20:00,SC,101,"142,0",ITAPEMA,Ingestão de álcool pelo condutor,Colisão lateral mesmo sentido,Sem Vítimas,Plena Noite,Crescente,Nublado,Dupla,Reta,Sim,3,0,0,0,1,2,0,3,-27.05899635,-48.59709827,SPRF-SC,DEL04-SC,UOP03-DEL04-SC,2025
"708866,0",2025-08-02,sábado,12:20:00,SC,101,"243,8",PALHOCA,Reação tardia ou ineficiente do condutor,Colisão traseira,Com Vítimas Feridas,Pleno dia,Crescente,Céu Claro,Múltipla,Reta,Não,4,0,0,1,2,1,1,3,-27.89911109,-48.64891402,SPRF-SC,DEL01-SC,UOP02-DEL01-SC,2025
"708904,0",2025-08-02,sábado,06:30:00,SC,282,"414,0",CATANDUVAS,Reação tardia ou ineficiente do condutor,Saída de leito carroçável,Com Vítimas Feridas,Pleno dia,Crescente,Céu Claro,Simples,Reta;Declive,Não,2,0,1,0,0,1,1,2,-27.052143,-51.699425,SPRF-SC,DEL07-SC,UOP05-DEL07-SC,2025
"708947,0",2025-08-02,sábado,19:50:00,SC,101,"417,5",ARARANGUA,Ingestão de álcool pelo condutor,Colisão traseira,Com Vítimas Feridas,Plena Noite,Decrescente,Céu Claro,Dupla,Reta,Não,5,0,1,0,3,1,1,3,-28.983061,-49.5397,SPRF-SC,DEL02-SC,UOP02-DEL02-SC,2025
"709014,0",2025-08-02,sábado,20:50:00,SC,101,"360,3",SANGAO,Pedestre andava na pista,Atropelamento de Pedestre,Com Vítimas Fatais,Plena Noite,Crescente,Céu Claro,Múltipla,Aclive;Reta,Sim,5,1,0,0,2,2,0,4,-28.668272,-49.118207,SPRF-SC,DEL02-SC,UOP01-DEL02-SC,2025
"709077,0",2025-08-03,domingo,09:40:00,SC,101,"149,7",ITAPEMA,Pedestre cruzava a pista fora da faixa,Atropelamento de Pedestre,Com Vítimas Fatais,Pleno dia,Crescente,Nublado,Múltipla,Reta,Sim,3,1,0,0,1,1,0,3,-27.115394,-48.60974,SPRF-SC,DEL04-SC,UOP03-DEL04-SC,2025
"709132,0",2025-08-03,domingo,13:50:00,SC,101,"349,7",JAGUARUNA,Chuva,Colisão com objeto,Com Vítimas Feridas,Pleno dia,Decrescente,Chuva,Dupla,Curva,Não,2,0,1,0,1,0,1,2,-28.591999,-49.0449101,SPRF-SC,DEL02-SC,UOP01-DEL02-SC,2025
"709215,0",2025-08-03,domingo,19:50:00,SC,280,"22,3",ARAQUARI,Condutor deixou de manter distância do veículo da frente,Colisão traseira,Com Vítimas Feridas,Plena Noite,Crescente,Nublado,Simples,Reta,Não,4,0,0,2,1,1,2,3,-26.371033,-48.704925,SPRF-SC,DEL03-SC,UOP03-DEL03-SC,2025
"709230,0",2025-08-03,domingo,19:00:00,SC,116,"153,3",SANTA CECILIA,Ausência de reação do condutor,Colisão lateral sentido oposto,Com Vítimas Feridas,Plena Noite,Decrescente,Chuva,Simples,Curva;Aclive,Não,4,0,0,2,1,1,2,3,-27.058117,-50.426884,SPRF-SC,DEL06-SC,UOP02-DEL06-SC,2025
"709271,0",2025-08-04,segunda-feira,01:10:00,SC,101,"102,5",BALNEARIO PICARRAS,Suicídio (presumido),Atropelamento de Pedestre,Com Vítimas Fatais,Plena Noite,Crescente,Céu Claro,Múltipla,Aclive;Reta,Não,4,1,0,0,1,2,0,3,-26.77989,-48.68456,SPRF-SC,DEL03-SC,UOP02-DEL03-SC,2025
"709279,0",2025-08-03,domingo,20:25:00,SC,153,"16,0",AGUA DOCE,Ausência de reação do condutor,Colisão frontal,Com Vítimas Feridas,Plena Noite,Crescente,Chuva,Simples,Curva,Não,3,0,0,1,1,1,1,3,-26.70355597,-51.58925263,SPRF-SC,DEL07-SC,UOP07-DEL07-SC,2025
"709353,0",2025-08-04,segunda-feira,10:30:00,SC,282,"526,0",XAXIM,Transitar na contramão,Colisão frontal,Com Vítimas Feridas,Pleno dia,Decrescente,Chuva,Simples,Reta,Não,3,0,2,0,1,0,2,2,-26.96435796,-52.56361334,SPRF-SC,DEL07-SC,UOP01-DEL07-SC,2025
"709359,0",2025-08-04,segunda-feira,10:45:00,SC,101,"122,9",ITAJAI,Trafegar com motocicleta (ou similar) entre as faixas,Colisão lateral mesmo sentido,Com Vítimas Fatais,Pleno dia,Decrescente,Garoa/Chuvisco,Dupla,Reta,Sim,3,1,0,0,1,1,0,3,-26.93631724,-48.69893638,SPRF-SC,DEL04-SC,UOP04-DEL04-SC,2025
"709365,0",2025-08-04,segunda-feira,11:45:00,SC,101,"195,1",BIGUACU,Condutor deixou de manter distância do veículo da frente,Colisão traseira,Com Vítimas Feridas,Pleno dia,Decrescente,Chuva,Dupla,Reta,Não,3,0,0,1,1,1,1,3,-27.506199,-48.648215,SPRF-SC,DEL01-SC,UOP01-DEL01-SC,2025
"709370,0",2025-08-04,segunda-feira,10:00:00,SC,470,"59,0",BLUMENAU,Condutor Dormindo,Colisão lateral sentido oposto,Com Vítimas Feridas,Pleno dia,Decrescente,Céu Claro,Simples,Curva,Não,3,0,1,0,2,0,1,3,-26.88268383,-49.15740822,SPRF-SC,DEL04-SC,UOP01-DEL04-SC,2025
"709379,0",2025-08-04,segunda-feira,09:55:00,SC,116,"25,9",ITAIOPOLIS,Transitar no Acostamento,Atropelamento de Pedestre,Com Vítimas Fatais,Pleno dia,Crescente,Garoa/Chuvisco,Simples,Reta;Aclive,Não,2,1,0,0,0,1,0,2,-26.285893,-49.934195,SPRF-SC,DEL06-SC,UOP01-DEL06-SC,2025
"709408,0",2025-08-04,segunda-feira,07:00:00,SC,116,"139,0",SANTA CECILIA,Ausência de reação do condutor,Colisão transversal,Com Vítimas Feridas,Pleno dia,Decrescente,Chuva,Simples,Interseção de Vias;Reta,Sim,3,0,1,0,2,0,1,2,-26.96139,-50.4147,SPRF-SC,DEL06-SC,UOP02-DEL06-SC,2025