id,data_inversa,dia_semana,horario,uf,br,km,municipio,causa_acidente,tipo_acidente,classificacao_acidente,fase_dia,sentido_via,condicao_metereologica,tipo_pista,tracado_via,uso_solo,pessoas,mortos,feridos_leves,feridos_graves,ilesos,ignorados,feridos,veiculos,latitude,longitude,regional,delegacia,uop,ano_arquivo
"709453,0",2025-08-04,segunda-feira,17:45:00,SC,101,"363,0",SANGAO,Ausência de reação do condutor,Colisão com objeto,Sem Vítimas,Plena Noite,Decrescente,Chuva,Múltipla,Reta,Sim,6,0,0,0,5,2,0,6,-28.682101,-49.145826,SPRF-SC,DEL02-SC,UOP01-DEL02-SC,2025
"709491,0",2025-08-05,terça-feira,02:30:00,SC,101,"70,0",ARAQUARI,Acessar a via sem observar a presença dos outros veículos,Colisão traseira,Com Vítimas Feridas,Plena Noite,Crescente,Nublado,Dupla,Reta,Sim,3,0,1,0,1,2,1,4,-26.51363392,-48.72177808,SPRF-SC,DEL03-SC,UOP02-DEL03-SC,2025
"709531,0",2025-08-05,terça-feira,08:40:00,SC,153,"111,1",CONCORDIA,Condutor deixou de manter distância do veículo da frente,Colisão traseira,Sem Vítimas,Pleno dia,Decrescente,Nublado,Simples,Interseção de Vias,Não,3,0,0,0,3,0,0,3,-27.326998,-51.979854,SPRF-SC,DEL07-SC,UOP04-DEL07-SC,2025
"709605,0",2025-06-12,quinta-feira,11:00:00,SC,101,"122,0",ITAJAI,Reação tardia ou ineficiente do condutor,Colisão com objeto,Com Vítimas Feridas,Pleno dia,Crescente,Céu Claro,Dupla,Reta,Sim,2,0,1,0,1,0,1,2,-26.95065333,-48.6801455,SPRF-SC,DEL04-SC,UOP04-DEL04-SC,2025
"709680,0",2025-08-06,quarta-feira,05:00:00,SC,101,"100,3",BALNEARIO PICARRAS,Manobra de mudança de faixa,Colisão traseira,Com Vítimas Feridas,Plena Noite,Crescente,Céu Claro,Dupla,Interseção de Vias,Sim,3,0,1,0,1,1,1,3,-26.75769968,-48.68792726,SPRF-SC,DEL03-SC,UOP02-DEL03-SC,2025
"709685,0",2025-08-06,quarta-feira,06:55:00,SC,280,"15,0",SAO FRANCISCO DO SUL,Ultrapassagem Indevida,Colisão lateral mesmo sentido,Com Vítimas Feridas,Pleno dia,Crescente,Nublado,Simples,Em Obras;Reta,Não,2,0,0,1,1,0,1,2,-26.34603714,-48.6574173,SPRF-SC,DEL03-SC,UOP03-DEL03-SC,2025
"709704,0",2025-08-06,quarta-feira,06:30:00,SC,470,"116,0",IBIRAMA,Velocidade Incompatível,Colisão com objeto,Sem Vítimas,Amanhecer,Decrescente,Garoa/Chuvisco,Simples,Curva,Não,2,0,0,0,1,1,0,2,-27.08196237,-49.50069141,SPRF-SC,DEL04-SC,UOP02-DEL04-SC,2025
"709734,0",2025-08-06,quarta-feira,10:05:00,SC,101,"214,2",PALHOCA,Condutor deixou de manter distância do veículo da frente,Colisão traseira,Com Vítimas Feridas,Pleno dia,Decrescente,Céu Claro,Múltipla,Reta,Sim,2,0,1,0,0,1,1,2,-27.6463,-48.67181,SPRF-SC,DEL01-SC,UOP02-DEL01-SC,2025
"709761,0",2025-08-06,quarta-feira,12:10:00,SC,470,"133,4",RIO DO SUL,Acessar a via sem observar a presença dos outros veículos,Colisão transversal,Com Vítimas Feridas,Pleno dia,Decrescente,Nublado,Simples,Em Obras;Reta,Sim,3,0,1,0,1,2,1,4,-27.172578,-49.58306,SPRF-SC,DEL04-SC,UOP02-DEL04-SC,2025
"709782,0",2025-08-06,quarta-feira,13:30:00,SC,282,"30,2",SANTO AMARO DA IMPERATRIZ,Velocidade Incompatível,Tombamento,Com Vítimas Fatais,Pleno dia,Decrescente,Nublado,Simples,Curva;Declive,Não,11,2,1,4,2,3,5,9,-27.6883629,-48.7921799,SPRF-SC,DEL01-SC,UOP03-DEL01-SC,2025
"709813,0",2025-06-24,terça-feira,20:00:00,SC,116,"135,0",SANTA CECILIA,Velocidade Incompatível,Tombamento,Com Vítimas Feridas,Plena Noite,Decrescente,Nublado,Simples,Curva;Declive,Não,2,0,0,1,0,1,1,2,-26.92765637,-50.43522835,SPRF-SC,DEL06-SC,UOP02-DEL06-SC,2025
"709849,0",2025-08-06,quarta-feira,18:40:00,SC,116,"190,4",PONTE ALTA,Ausência de sinalização,Colisão traseira,Com Vítimas Feridas,Plena Noite,Decrescente,Chuva,Simples,Aclive;Reta,Não,3,0,1,0,1,1,1,3,-27.37709135,-50.4303588,SPRF-SC,DEL05-SC,UOP03-DEL05-SC,2025
"709905,0",2025-08-07,quinta-feira,06:00:00,SC,101,"151,0",ITAPEMA,Reação tardia ou ineficiente do condutor,Colisão lateral mesmo sentido,Com Vítimas Feridas,Amanhecer,Decrescente,Céu Claro,Dupla,Reta,Sim,3,0,2,0,1,0,2,3,-27.13231659,-48.60975679,SPRF-SC,DEL04-SC,UOP03-DEL04-SC,2025
"709952,0",2025-07-25,sexta-feira,13:00:00,SC,101,"186,0",BIGUACU,Condutor deixou de manter distância do veículo da frente,Colisão lateral mesmo sentido,Com Vítimas Feridas,Pleno dia,Crescente,Garoa/Chuvisco,Dupla,Curva,Não,8,0,3,0,4,1,3,4,-27.43620601,-48.62662118,SPRF-SC,DEL01-SC,UOP01-DEL01-SC,2025
"710052,0",2025-08-07,quinta-feira,16:15:00,SC,280,"153,0",MAFRA,Transitar na contramão,Colisão frontal,Com Vítimas Feridas,Pleno dia,Decrescente,Céu Claro,Simples,Reta,Não,6,0,0,2,2,2,2,5,-26.21898,-49.71378,SPRF-SC,DEL06-SC,UOP03-DEL06-SC,2025
"710267,0",2025-08-08,sexta-feira,13:30:00,SC,101,"357,5",SANGAO,Reação tardia ou ineficiente do condutor,Colisão com objeto,Com Vítimas Feridas,Pleno dia,Crescente,Céu Claro,Múltipla,Reta,Sim,2,0,1,0,1,0,1,2,-28.646488,-49.103035,SPRF-SC,DEL02-SC,UOP01-DEL02-SC,2025
"710394,0",2025-08-09,sábado,02:50:00,SC,101,"41,9",JOINVILLE,Ingestão de álcool pelo condutor,Colisão com objeto,Sem Vítimas,Plena Noite,Crescente,Céu Claro,Múltipla,Reta;Interseção de Vias,Sim,2,0,0,0,0,2,0,2,-26.323222,-48.868242,SPRF-SC,DEL03-SC,UOP01-DEL03-SC,2025
"710481,0",2025-07-08,terça-feira,18:00:00,SC,101,"106,0",PENHA,Ausência de reação do condutor,Colisão traseira,Com Vítimas Feridas,Plena Noite,Crescente,Céu Claro,Múltipla,Reta,Não,2,0,1,0,1,0,1,2,-26.80327333,-48.67930412,SPRF-SC,DEL03-SC,UOP02-DEL03-SC,2025
"710514,0",2025-04-18,sexta-feira,12:25:00,SC,101,"322,4",PESCARIA BRAVA,Condutor deixou de manter distância do veículo da frente,Colisão traseira,Com Vítimas Fatais,Pleno dia,Decrescente,Céu Claro,Múltipla,Reta,Sim,7,1,0,0,5,2,0,5,-28.429083,-48.9218516,SPRF-SC,DEL02-SC,UOP01-DEL02-SC,2025
"710555,0",2025-08-09,sábado,17:15:00,SC,470,"231,3",SAO CRISTOVAO DO SUL,Transitar na contramão,Colisão frontal,Com Vítimas Fatais,Pleno dia,Decrescente,Nublado,Simples,Reta,Não,4,1,0,0,1,2,0,4,-27.30311762,-50.40702224,SPRF-SC,DEL05-SC,UOP03-DEL05-SC,2025
"710620,0",2025-08-09,sábado,21:00:00,SC,101,"204,1",SAO JOSE,Condutor deixou de manter distância do veículo da frente,Colisão traseira,Com Vítimas Feridas,Plena Noite,Decrescente,Céu Claro,Dupla,Reta,Sim,2,0,1,0,1,0,1,2,-27.582092,-48.614585,SPRF-SC,DEL01-SC,UOP01-DEL01-SC,2025
"710775,0",2025-08-10,domingo,15:50:00,SC,101,"97,0",BALNEARIO PICARRAS,Reação tardia ou ineficiente do condutor,Colisão lateral mesmo sentido,Sem Vítimas,Pleno dia,Crescente,Céu Claro,Dupla,Reta,Não,3,0,0,0,2,1,0,3,-26.73181291,-48.70136261,SPRF-SC,DEL03-SC,UOP02-DEL03-SC,2025
"710808,0",2025-08-10,domingo,17:15:00,SC,101,"358,6",SANGAO,Velocidade Incompatível,Saída de leito carroçável,Sem Vítimas,Pleno dia,Decrescente,Céu Claro,Múltipla,Reta,Não,3,0,0,0,3,0,0,2,-28.65429022,-49.10751343,SPRF-SC,DEL02-SC,UOP01-DEL02-SC,2025
"710824,0",2025-08-10,domingo,17:30:00,SC,282,"54,2",AGUAS MORNAS,Ultrapassagem Indevida,Colisão lateral mesmo sentido,Com Vítimas Feridas,Anoitecer,Crescente,Céu Claro,Simples,Aclive,Não,4,0,0,1,2,1,1,3,-27.6877273,-48.97559166,SPRF-SC,DEL01-SC,UOP03-DEL01-SC,2025
"711001,0",2025-08-11,segunda-feira,11:45:00,SC,101,"380,0",ICARA,Reação tardia ou ineficiente do condutor,Colisão traseira,Com Vítimas Feridas,Pleno dia,Decrescente,Céu Claro,Dupla,Declive,Não,3,0,1,0,2,0,1,2,-28.7578555,-49.2804941,SPRF-SC,DEL02-SC,UOP02-DEL02-SC,2025
"711002,0",2025-08-11,segunda-feira,12:50:00,SC,101,"79,3",ARAQUARI,Manobra de mudança de faixa,Colisão lateral mesmo sentido,Com Vítimas Feridas,Pleno dia,Crescente,Céu Claro,Dupla,Reta,Sim,5,0,2,0,2,1,2,3,-26.591635,-48.722079,SPRF-SC,DEL03-SC,UOP02-DEL03-SC,2025
"711122,0",2025-08-11,segunda-feira,20:50:00,SC,101,"417,0",ARARANGUA,Mal súbito do condutor,Colisão com objeto,Com Vítimas Feridas,Plena Noite,Decrescente,Céu Claro,Múltipla,Reta,Sim,2,0,1,0,0,1,1,2,-28.9834516,-49.5394401,SPRF-SC,DEL02-SC,UOP02-DEL02-SC,2025
"711155,0",2025-08-12,terça-feira,05:50:00,SC,280,"78,7",CORUPA,Transitar na contramão,Colisão lateral sentido oposto,Com Vítimas Feridas,Plena Noite,Decrescente,Céu Claro,Simples,Reta,Sim,2,0,0,1,1,0,1,2,-26.44345,-49.21045,SPRF-SC,DEL06-SC,UOP03-DEL06-SC,2025
"711187,0",2025-08-12,terça-feira,07:00:00,SC,282,"372,5",ERVAL VELHO,Ultrapassagem Indevida,Colisão frontal,Com Vítimas Feridas,Amanhecer,Crescente,Nublado,Simples,Aclive;Reta,Sim,6,0,2,0,3,1,2,6,-27.2556215,-51.4449345,SPRF-SC,DEL07-SC,UOP05-DEL07-SC,2025
"711288,0",2025-08-12,terça-feira,19:25:00,SC,101,"103,0",BALNEARIO PICARRAS,Condutor deixou de manter distância do veículo da frente,Colisão traseira,Com Vítimas Feridas,Plena Noite,Decrescente,Nublado,Dupla,Reta,Não,3,0,1,0,1,1,1,3,-26.78330968,-48.68297188,SPRF-SC,DEL03-SC,UOP02-DEL03-SC,2025
"711341,0",2025-08-13,quarta-feira,06:10:00,SC,282,"559,9",NOVA ITABERABA,Ausência de reação do condutor,Saída de leito carroçável,Com Vítimas Feridas,Amanhecer,Crescente,Nevoeiro/Neblina,Simples,Reta,Não,2,0,1,0,0,1,1,2,-26.92753799,-52.84557134,SPRF-SC,DEL07-SC,UOP01-DEL07-SC,2025
"711386,0",2025-08-13,quarta-feira,10:20:00,SC,158,"119,8",CAIBI,Condutor deixou de manter distância do veículo da frente,Engavetamento,Com Vítimas Feridas,Pleno dia,Decrescente,Céu Claro,Simples,Reta,Não,3,0,1,0,2,0,1,3,-26.96585301,-53.21324319,SPRF-SC,DEL07-SC,UOP02-DEL07-SC,2025
"711393,0",2025-08-13,quarta-feira,13:12:00,SC,101,"119,6",ITAJAI,Condutor deixou de manter distância do veículo da frente,Colisão traseira,Com Vítimas Feridas,Pleno dia,Crescente,Céu Claro,Múltipla,Reta,Sim,3,0,1,0,2,0,1,2,-26.90217072,-48.71681213,SPRF-SC,DEL04-SC,UOP04-DEL04-SC,2025
"711405,0",2025-08-13,quarta-feira,11:00:00,SC,116,"144,0",SANTA CECILIA,Velocidade Incompatível,Tombamento,Com Vítimas Feridas,Pleno dia,Decrescente,Céu Claro,Simples,Curva,Não,2,0,1,0,0,1,1,2,-27.02764695,-50.42341995,SPRF-SC,DEL06-SC,UOP02-DEL06-SC,2025
"711427,0",2025-08-13,quarta-feira,12:50:00,SC,470,"126,0",LONTRAS,Velocidade Incompatível,Tombamento,Com Vítimas Feridas,Pleno dia,Decrescente,Sol,Simples,Curva,Sim,2,0,1,0,0,1,1,2,-27.13186744,-49.53846741,SPRF-SC,DEL04-SC,UOP02-DEL04-SC,2025
"711447,0",2025-08-13,quarta-feira,18:35:00,SC,101,"201,8",SAO JOSE,Acessar a via sem observar a presença dos outros veículos,Colisão lateral mesmo sentido,Com Vítimas Feridas,Plena Noite,Decrescente,Céu Claro,Múltipla,Reta,Sim,4,0,0,1,2,1,1,4,-27.555743,-48.619313,SPRF-SC,DEL01-SC,UOP01-DEL01-SC,2025
"711490,0",2025-08-13,quarta-feira,15:00:00,SC,116,"159,2",SANTA CECILIA,Frear bruscamente,Colisão lateral mesmo sentido,Com Vítimas Feridas,Pleno dia,Crescente,Céu Claro,Simples,Reta,Não,4,0,3,0,1,0,3,2,-27.09599624,-50.45226842,SPRF-SC,DEL06-SC,UOP02-DEL06-SC,2025
"711500,0",2025-08-13,quarta-feira,23:30:00,SC,101,"34,0",JOINVILLE,Reação tardia ou ineficiente do condutor,Colisão traseira,Com Vítimas Feridas,Plena Noite,Crescente,Céu Claro,Dupla,Reta,Não,2,0,0,1,1,0,1,2,-26.26252402,-48.90211757,SPRF-SC,DEL03-SC,UOP01-DEL03-SC,2025
"711518,0",2025-08-14,quinta-feira,04:00:00,SC,101,"405,3",ARARANGUA,Condutor Dormindo,Colisão traseira,Com Vítimas Feridas,Plena Noite,Decrescente,Céu Claro,Dupla,Reta,Não,3,0,1,0,1,1,1,3,-28.89409041,-49.46987852,SPRF-SC,DEL02-SC,UOP02-DEL02-SC,2025
"711628,0",2025-08-14,quinta-feira,17:50:00,SC,101,"120,0",ITAJAI,Trafegar com motocicleta (ou similar) entre as faixas,Colisão traseira,Com Vítimas Feridas,Plena Noite,Decrescente,Nublado,Múltipla,Reta,Sim,2,0,1,0,1,0,1,2,-26.91590458,-48.71075609,SPRF-SC,DEL04-SC,UOP04-DEL04-SC,2025
"711734,0",2025-08-15,sexta-feira,09:45:00,SC,282,"610,0",MARAVILHA,Manobra de mudança de faixa,Colisão lateral mesmo sentido,Com Vítimas Feridas,Pleno dia,Decrescente,Céu Claro,Simples,Reta,Não,3,0,1,0,2,0,1,2,-26.75544874,-53.2317967,SPRF-SC,DEL07-SC,UOP02-DEL07-SC,2025
"711781,0",2025-08-15,sexta-feira,14:25:00,SC,101,"145,0",ITAPEMA,Reação tardia ou ineficiente do condutor,Colisão traseira,Com Vítimas Feridas,Pleno dia,Decrescente,Nublado,Dupla,Aclive;Reta,Não,3,0,0,1,2,0,1,2,-27.08294,-48.60307,SPRF-SC,DEL04-SC,UOP03-DEL04-SC,2025
"711785,0",2025-08-15,sexta-feira,12:30:00,SC,470,"51,0",BLUMENAU,Suicídio (presumido),Atropelamento de Pedestre,Com Vítimas Feridas,Pleno dia,Decrescente,Nublado,Simples,Viaduto;Reta,Sim,2,0,0,1,1,0,1,2,-26.86276813,-49.08504574,SPRF-SC,DEL04-SC,UOP01-DEL04-SC,2025
"711790,0",2025-08-15,sexta-feira,10:50:00,SC,282,"491,8",FAXINAL DOS GUEDES,Reação tardia ou ineficiente do condutor,Colisão traseira,Sem Vítimas,Pleno dia,Crescente,Céu Claro,Simples,Reta,Não,4,0,0,0,3,1,0,4,-26.87330803,-52.28901314,SPRF-SC,DEL07-SC,UOP01-DEL07-SC,2025
"711848,0",2025-08-15,sexta-feira,17:40:00,SC,280,"179,1",MAFRA,Acessar a via sem observar a presença dos outros veículos,Colisão transversal,Com Vítimas Feridas,Anoitecer,Crescente,Nublado,Simples,Reta,Não,3,0,2,0,1,0,2,2,-26.17760559,-49.87962404,SPRF-SC,DEL06-SC,UOP01-DEL06-SC,2025
"711869,0",2025-08-15,sexta-feira,19:00:00,SC,282,"490,0",FAXINAL DOS GUEDES,Ausência de reação do condutor,Colisão transversal,Com Vítimas Feridas,Plena Noite,Crescente,Céu Claro,Simples,Curva,Não,2,0,0,1,1,0,1,2,-26.8714431,-52.2758003,SPRF-SC,DEL07-SC,UOP01-DEL07-SC,2025
"711918,0",2025-08-15,sexta-feira,23:10:00,SC,282,"382,0",HERVAL DOESTE,Velocidade Incompatível,Colisão traseira,Com Vítimas Feridas,Plena Noite,Crescente,Céu Claro,Simples,Reta;Declive,Sim,4,0,2,0,1,1,2,3,-27.20052,-51.502093,SPRF-SC,DEL07-SC,UOP05-DEL07-SC,2025
"711925,0",2025-08-16,sábado,04:30:00,SC,101,"196,0",BIGUACU,Ausência de reação do condutor,Colisão lateral mesmo sentido,Sem Vítimas,Plena Noite,Decrescente,Garoa/Chuvisco,Dupla,Reta,Sim,2,0,0,0,2,0,0,2,-27.50976748,-48.64449039,SPRF-SC,DEL01-SC,UOP01-DEL01-SC,2025
"711926,0",2025-08-16,sábado,02:20:00,SC,280,"56,5",GUARAMIRIM,Transitar na contramão,Colisão frontal,Com Vítimas Feridas,Plena Noite,Decrescente,Chuva,Simples,Reta,Não,3,0,1,1,1,0,2,2,-26.479287,-49.009874,SPRF-SC,DEL03-SC,UOP03-DEL03-SC,2025
"711971,0",2025-08-16,sábado,08:15:00,SC,470,"22,1",ILHOTA,Ausência de reação do condutor,Tombamento,Com Vítimas Feridas,Pleno dia,Decrescente,Nublado,Simples,Curva,Não,2,0,1,0,0,1,1,2,-26.88082601,-48.83922514,SPRF-SC,DEL04-SC,UOP04-DEL04-SC,2025
"712040,0",2025-08-16,sábado,14:05:00,SC,280,"91,0",CORUPA,Ausência de reação do condutor,Tombamento,Com Vítimas Feridas,Pleno dia,Decrescente,Céu Claro,Simples,Curva;Declive,Não,2,0,0,1,0,1,1,2,-26.39875067,-49.29578304,SPRF-SC,DEL06-SC,UOP03-DEL06-SC,2025
"712106,0",2025-08-16,sábado,18:18:00,SC,101,"21,0",JOINVILLE,Reação tardia ou ineficiente do condutor,Colisão com objeto,Com Vítimas Feridas,Plena Noite,Crescente,Garoa/Chuvisco,Dupla,Curva,Não,2,0,1,0,0,1,1,2,-26.1489492,-48.90931888,SPRF-SC,DEL03-SC,UOP01-DEL03-SC,2025
"712399,0",2025-08-18,segunda-feira,07:00:00,SC,101,"246,0",PAULO LOPES,Ausência de reação do condutor,Saída de leito carroçável,Com Vítimas Feridas,Amanhecer,Crescente,Céu Claro,Dupla,Reta,Não,3,0,1,0,1,1,1,2,-27.91142,-48.65049,SPRF-SC,DEL02-SC,UOP03-DEL02-SC,2025
"712432,0",2025-08-18,segunda-feira,11:30:00,SC,470,"36,0",GASPAR,Acessar a via sem observar a presença dos outros veículos,Colisão transversal,Com Vítimas Feridas,Pleno dia,Crescente,Céu Claro,Simples,Reta;Interseção de Vias;Viaduto,Sim,3,0,1,0,2,0,1,2,-26.88053114,-48.99951428,SPRF-SC,DEL04-SC,UOP01-DEL04-SC,2025
"712496,0",2025-08-18,segunda-feira,17:00:00,SC,101,"334,9",TUBARAO,Ultrapassagem Indevida,Colisão lateral mesmo sentido,Com Vítimas Feridas,Pleno dia,Crescente,Céu Claro,Simples,Interseção de Vias,Sim,2,0,1,0,1,0,1,2,-28.47621558,-49.03000228,SPRF-SC,DEL02-SC,UOP01-DEL02-SC,2025
"712503,0",2025-08-18,segunda-feira,17:10:00,SC,101,"324,0",PESCARIA BRAVA,Condutor deixou de manter distância do veículo da frente,Colisão lateral mesmo sentido,Com Vítimas Feridas,Pleno dia,Decrescente,Nublado,Dupla,Reta,Sim,5,0,3,0,1,1,3,3,-28.42623757,-48.90511259,SPRF-SC,DEL02-SC,UOP01-DEL02-SC,2025
"712532,0",2025-08-18,segunda-feira,16:45:00,SC,470,"183,0",POUSO REDONDO,Reação tardia ou ineficiente do condutor,Saída de leito carroçável,Com Vítimas Feridas,Pleno dia,Decrescente,Nublado,Simples,Aclive;Reta,Não,1,0,1,0,0,0,1,1,-27.251783,-50.019687,SPRF-SC,DEL04-SC,UOP02-DEL04-SC,2025
"712537,0",2025-08-18,segunda-feira,20:13:00,SC,101,"227,3",PALHOCA,Acessar a via sem observar a presença dos outros veículos,Colisão traseira,Com Vítimas Fatais,Plena Noite,Decrescente,Céu Claro,Dupla,Aclive;Reta,Não,4,1,0,0,2,1,0,4,-27.7523008,-48.63387823,SPRF-SC,DEL01-SC,UOP02-DEL01-SC,2025
"712580,0",2025-08-19,terça-feira,02:30:00,SC,101,"130,8",CAMBORIU,Suicídio (presumido),Atropelamento de Pedestre,Com Vítimas Fatais,Plena Noite,Crescente,Céu Claro,Múltipla,Reta,Não,3,1,0,0,1,2,0,4,-26.9889437,-48.6644493,SPRF-SC,DEL04-SC,UOP03-DEL04-SC,2025
"712644,0",2025-08-19,terça-feira,11:01:00,SC,282,"16,4",PALHOCA,Acessar a via sem observar a presença dos outros veículos,Colisão transversal,Com Vítimas Feridas,Pleno dia,Decrescente,Céu Claro,Simples,Reta,Sim,3,0,2,0,0,1,2,3,-27.66218,-48.685085,SPRF-SC,DEL01-SC,UOP02-DEL01-SC,2025
"712658,0",2025-07-22,terça-feira,10:20:00,SC,101,"363,0",SANGAO,Ausência de reação do condutor,Engavetamento,Com Vítimas Feridas,Pleno dia,Decrescente,Céu Claro,Dupla,Em Obras;Reta,Não,5,0,3,0,2,0,3,3,-28.68192862,-49.14530039,SPRF-SC,DEL02-SC,UOP01-DEL02-SC,2025
"712747,0",2025-08-19,terça-feira,18:10:00,SC,470,"100,3",APIUNA,Ausência de reação do condutor,Colisão traseira,Com Vítimas Feridas,Plena Noite,Decrescente,Garoa/Chuvisco,Simples,Reta,Sim,2,0,0,1,0,1,1,2,-27.050655,-49.390617,SPRF-SC,DEL04-SC,UOP02-DEL04-SC,2025
"712748,0",2025-08-19,terça-feira,16:27:00,SC,280,"299,5",PORTO UNIAO,Acessar a via sem observar a presença dos outros veículos,Colisão traseira,Com Vítimas Fatais,Pleno dia,Crescente,Sol,Simples,Curva,Não,2,1,0,0,1,0,0,2,-26.2856044,-51.0190637,SPRF-SC,DEL06-SC,UOP04-DEL06-SC,2025
"712771,0",2025-08-20,quarta-feira,01:35:00,SC,470,"109,1",APIUNA,Ausência de reação do condutor,Saída de leito carroçável,Com Vítimas Feridas,Plena Noite,Crescente,Garoa/Chuvisco,Simples,Curva;Em Obras,Não,3,0,2,0,0,1,2,2,-27.0834,-49.454,SPRF-SC,DEL04-SC,UOP02-DEL04-SC,2025
"712794,0",2025-08-20,quarta-feira,05:30:00,SC,470,"28,0",GASPAR,Reação tardia ou ineficiente do condutor,Tombamento,Com Vítimas Feridas,Amanhecer,Decrescente,Garoa/Chuvisco,Dupla,Reta,Não,2,0,1,0,0,2,1,3,-26.89388303,-48.8970964,SPRF-SC,DEL04-SC,UOP01-DEL04-SC,2025
"712877,0",2025-08-20,quarta-feira,14:50:00,SC,116,"245,5",LAGES,Reação tardia ou ineficiente do condutor,Tombamento,Com Vítimas Feridas,Pleno dia,Decrescente,Céu Claro,Simples,Rotatória,Sim,2,0,1,0,0,1,1,2,-27.79999166,-50.36361337,SPRF-SC,DEL05-SC,UOP02-DEL05-SC,2025
"712893,0",2025-08-20,quarta-feira,11:00:00,SC,116,"156,5",SANTA CECILIA,Reação tardia ou ineficiente do condutor,Tombamento,Com Vítimas Feridas,Pleno dia,Decrescente,Céu Claro,Simples,Curva;Aclive,Não,3,0,2,0,0,1,2,2,-27.07548178,-50.42913437,SPRF-SC,DEL06-SC,UOP02-DEL06-SC,2025
"712954,0",2025-08-20,quarta-feira,22:00:00,SC,280,"29,4",ARAQUARI,Ultrapassagem Indevida,Colisão lateral mesmo sentido,Com Vítimas Feridas,Plena Noite,Crescente,Nublado,Simples,Reta,Não,5,0,2,1,1,2,3,5,-26.41291,-48.75655,SPRF-SC,DEL03-SC,UOP03-DEL03-SC,2025
"712959,0",2025-08-20,quarta-feira,23:30:00,SC,101,"403,2",MARACAJA,Condutor Dormindo,Colisão traseira,Com Vítimas Feridas,Plena Noite,Crescente,Céu Claro,Dupla,Reta;Viaduto,Não,3,0,0,1,1,2,1,4,-28.88772772,-49.4651799,SPRF-SC,DEL02-SC,UOP02-DEL02-SC,2025
"713026,0",2025-08-21,quinta-feira,11:00:00,SC,101,"129,0",CAMBORIU,Transitar na contramão,Colisão lateral mesmo sentido,Com Vítimas Feridas,Pleno dia,Crescente,Céu Claro,Simples,Reta,Sim,4,0,2,0,2,0,2,4,-26.9835544,-48.6713852,SPRF-SC,DEL04-SC,UOP03-DEL04-SC,2025
"713069,0",2025-08-21,quinta-feira,16:15:00,SC,101,"199,1",SAO JOSE,Reação tardia ou ineficiente do condutor,Colisão lateral mesmo sentido,Com Vítimas Feridas,Pleno dia,Decrescente,Céu Claro,Dupla,Reta;Interseção de Vias,Sim,3,0,1,0,2,0,1,3,-27.535937,-48.627613,SPRF-SC,DEL01-SC,UOP01-DEL01-SC,2025
"713214,0",2025-08-22,sexta-feira,08:19:00,SC,101,"334,8",TUBARAO,Manobra de mudança de faixa,Colisão traseira,Com Vítimas Feridas,Pleno dia,Crescente,Céu Claro,Múltipla,Reta,Sim,4,0,1,0,2,1,1,4,-28.47427459,-49.02660728,SPRF-SC,DEL02-SC,UOP01-DEL02-SC,2025
"713253,0",2025-08-22,sexta-feira,12:25:00,SC,101,"334,2",TUBARAO,Reação tardia ou ineficiente do condutor,Colisão lateral mesmo sentido,Com Vítimas Feridas,Pleno dia,Crescente,Céu Claro,Dupla,Reta,Sim,3,0,1,0,1,1,1,3,-28.47129435,-49.02157545,SPRF-SC,DEL02-SC,UOP01-DEL02-SC,2025
"713345,0",2025-08-13,quarta-feira,18:45:00,SC,101,"342,0",TUBARAO,Condutor deixou de manter distância do veículo da frente,Colisão traseira,Com Vítimas Feridas,Plena Noite,Decrescente,Céu Claro,Dupla,Reta,Sim,3,0,0,1,1,1,1,3,-28.52054655,-49.05438272,SPRF-SC,DEL02-SC,UOP01-DEL02-SC,2025
"713362,0",2025-08-22,sexta-feira,17:30:00,SC,282,"349,3",CAMPOS NOVOS,Transitar na contramão,Colisão frontal,Com Vítimas Fatais,Anoitecer,Decrescente,Céu Claro,Simples,Reta;Declive,Não,3,1,0,0,1,1,0,3,-27.360026,-51.277541,SPRF-SC,DEL07-SC,UOP06-DEL07-SC,2025
"713373,0",2025-08-22,sexta-feira,23:00:00,SC,101,"145,4",ITAPEMA,Ingestão de álcool pelo condutor,Colisão lateral mesmo sentido,Com Vítimas Feridas,Plena Noite,Decrescente,Céu Claro,Dupla,Reta,Não,3,0,1,0,1,1,1,3,-27.08356,-48.60408,SPRF-SC,DEL04-SC,UOP03-DEL04-SC,2025
"713405,0",2025-08-23,sábado,04:25:00,SC,101,"364,3",SANGAO,Ausência de reação do condutor,Saída de leito carroçável,Com Vítimas Feridas,Plena Noite,Crescente,Céu Claro,Dupla,Reta,Não,4,0,3,0,0,2,3,3,-28.68419698,-49.15072918,SPRF-SC,DEL02-SC,UOP01-DEL02-SC,2025
"713470,0",2025-08-23,sábado,08:05:00,SC,282,"529,8",CORDILHEIRA ALTA,Reação tardia ou ineficiente do condutor,Colisão lateral sentido oposto,Com Vítimas Feridas,Pleno dia,Crescente,Chuva,Simples,Curva;Aclive,Não,3,0,1,0,1,2,1,4,-26.983753,-52.603077,SPRF-SC,DEL07-SC,UOP01-DEL07-SC,2025