id,data_inversa,dia_semana,horario,uf,br,km,municipio,causa_acidente,tipo_acidente,classificacao_acidente,fase_dia,sentido_via,condicao_metereologica,tipo_pista,tracado_via,uso_solo,pessoas,mortos,feridos_leves,feridos_graves,ilesos,ignorados,feridos,veiculos,latitude,longitude,regional,delegacia,uop,ano_arquivo
"713476,0",2025-08-08,sexta-feira,12:24:00,SC,101,"207,0",SAO JOSE,Ausência de reação do condutor,Queda de ocupante de veículo,Com Vítimas Feridas,Pleno dia,Crescente,Garoa/Chuvisco,Múltipla,Reta,Sim,3,0,1,0,2,0,1,3,-27.60216163,-48.62816747,SPRF-SC,DEL01-SC,UOP01-DEL01-SC,2025
"713523,0",2025-08-23,sábado,15:35:00,SC,101,"213,0",PALHOCA,Manobra de mudança de faixa,Colisão lateral mesmo sentido,Com Vítimas Feridas,Pleno dia,Crescente,Céu Claro,Múltipla,Reta,Sim,3,0,1,0,1,1,1,3,-27.64334144,-48.66964515,SPRF-SC,DEL01-SC,UOP02-DEL01-SC,2025
"713542,0",2025-08-23,sábado,17:10:00,SC,280,"10,0",SAO FRANCISCO DO SUL,Acessar a via sem observar a presença dos outros veículos,Colisão transversal,Com Vítimas Feridas,Pleno dia,Decrescente,Céu Claro,Simples,Curva,Sim,4,0,0,2,1,2,2,4,-26.30017,-48.64055,SPRF-SC,DEL03-SC,UOP03-DEL03-SC,2025
"713606,0",2025-08-23,sábado,22:00:00,SC,101,"39,0",JOINVILLE,Manobra de mudança de faixa,Colisão lateral mesmo sentido,Com Vítimas Feridas,Plena Noite,Decrescente,Céu Claro,Múltipla,Reta,Sim,5,0,2,0,2,1,2,3,-26.28672884,-48.88701137,SPRF-SC,DEL03-SC,UOP01-DEL03-SC,2025
"713742,0",2025-06-28,sábado,11:00:00,SC,101,"146,0",ITAPEMA,Manobra de mudança de faixa,Colisão lateral mesmo sentido,Com Vítimas Feridas,Pleno dia,Decrescente,Nublado,Múltipla,Reta;Declive,Sim,3,0,1,0,1,1,1,3,-27.0868,-48.6096,SPRF-SC,DEL04-SC,UOP03-DEL04-SC,2025
"713894,0",2025-08-25,segunda-feira,06:40:00,SC,101,"92,0",BARRA VELHA,Ausência de reação do condutor,Colisão lateral mesmo sentido,Com Vítimas Feridas,Amanhecer,Crescente,Chuva,Simples,Reta,Não,2,0,1,0,1,0,1,2,-26.68226672,-48.69391177,SPRF-SC,DEL03-SC,UOP02-DEL03-SC,2025
"713914,0",2025-08-25,segunda-feira,07:35:00,SC,470,"2,0",NAVEGANTES,Acessar a via sem observar a presença dos outros veículos,Colisão transversal,Com Vítimas Feridas,Pleno dia,Decrescente,Chuva,Simples,Interseção de Vias;Viaduto,Sim,3,0,0,1,1,3,1,5,-26.8682,-48.675351,SPRF-SC,DEL04-SC,UOP04-DEL04-SC,2025
"713937,0",2025-08-25,segunda-feira,10:15:00,SC,470,"140,0",RIO DO SUL,Acessar a via sem observar a presença dos outros veículos,Colisão transversal,Com Vítimas Feridas,Pleno dia,Crescente,Garoa/Chuvisco,Simples,Interseção de Vias;Rotatória;Reta,Sim,2,0,0,1,1,0,1,2,-27.20467602,-49.63863222,SPRF-SC,DEL04-SC,UOP02-DEL04-SC,2025
"714057,0",2025-08-26,terça-feira,03:00:00,SC,101,"50,0",JOINVILLE,Demais falhas mecânicas ou elétricas,Incêndio,Sem Vítimas,Plena Noite,Decrescente,Nublado,Múltipla,Curva,Não,2,0,0,0,1,1,0,2,-26.33280692,-48.84521484,SPRF-SC,DEL03-SC,UOP01-DEL03-SC,2025
"714077,0",2025-08-26,terça-feira,06:10:00,SC,470,"5,0",NAVEGANTES,Reação tardia ou ineficiente do condutor,Colisão traseira,Com Vítimas Feridas,Pleno dia,Decrescente,Nublado,Dupla,Reta,Sim,2,0,0,1,0,1,1,2,-26.85599577,-48.69952178,SPRF-SC,DEL04-SC,UOP04-DEL04-SC,2025
"714089,0",2025-08-26,terça-feira,07:05:00,SC,282,"42,0",AGUAS MORNAS,Acessar a via sem observar a presença dos outros veículos,Colisão lateral mesmo sentido,Sem Vítimas,Pleno dia,Decrescente,Chuva,Simples,Reta,Sim,2,0,0,0,2,0,0,2,-27.71809468,-48.88256963,SPRF-SC,DEL01-SC,UOP03-DEL01-SC,2025
"714147,0",2025-08-26,terça-feira,13:10:00,SC,101,"215,1",PALHOCA,Acessar a via sem observar a presença dos outros veículos,Colisão lateral mesmo sentido,Com Vítimas Feridas,Pleno dia,Crescente,Garoa/Chuvisco,Dupla,Reta;Interseção de Vias,Sim,3,0,1,0,1,1,1,3,-27.6522706567,-48.67652547,SPRF-SC,DEL01-SC,UOP02-DEL01-SC,2025
"714154,0",2025-08-26,terça-feira,12:30:00,SC,101,"98,0",BALNEARIO PICARRAS,Ausência de reação do condutor,Colisão traseira,Com Vítimas Feridas,Pleno dia,Decrescente,Chuva,Dupla,Reta,Não,3,0,1,0,1,1,1,3,-26.738022,-48.698913,SPRF-SC,DEL03-SC,UOP02-DEL03-SC,2025
"714239,0",2025-08-26,terça-feira,19:10:00,SC,101,"235,1",PALHOCA,Velocidade Incompatível,Colisão com objeto,Com Vítimas Feridas,Plena Noite,Decrescente,Garoa/Chuvisco,Dupla,Curva,Não,2,0,1,0,1,0,1,1,-27.81883,-48.63101,SPRF-SC,DEL01-SC,UOP02-DEL01-SC,2025
"714268,0",2025-08-26,terça-feira,19:10:00,SC,282,"214,7",LAGES,Acessar a via sem observar a presença dos outros veículos,Colisão traseira,Com Vítimas Feridas,Plena Noite,Decrescente,Chuva,Simples,Reta,Sim,3,0,1,0,1,1,1,3,-27.79255854,-50.2788388,SPRF-SC,DEL05-SC,UOP01-DEL05-SC,2025
"714291,0",2025-08-27,quarta-feira,05:20:00,SC,470,"13,1",ILHOTA,Condutor Dormindo,Colisão traseira,Com Vítimas Feridas,Pleno dia,Decrescente,Nublado,Dupla,Aclive;Reta,Não,8,0,6,0,1,2,6,4,-26.83976449,-48.78493756,SPRF-SC,DEL04-SC,UOP04-DEL04-SC,2025
"714305,0",2025-08-27,quarta-feira,08:15:00,SC,101,"112,0",ITAJAI,Trafegar com motocicleta (ou similar) entre as faixas,Colisão lateral mesmo sentido,Com Vítimas Fatais,Pleno dia,Decrescente,Céu Claro,Múltipla,Reta;Viaduto;Aclive,Não,3,1,0,0,1,1,0,3,-26.84522159,-48.72028828,SPRF-SC,DEL04-SC,UOP04-DEL04-SC,2025
"714307,0",2025-08-13,quarta-feira,10:40:00,SC,282,"35,4",AGUAS MORNAS,Ausência de reação do condutor,Colisão traseira,Com Vítimas Feridas,Pleno dia,Crescente,Céu Claro,Simples,Curva;Aclive,Não,2,0,1,0,1,0,1,2,-27.70335657,-48.83122981,SPRF-SC,DEL01-SC,UOP03-DEL01-SC,2025
"714354,0",2025-08-27,quarta-feira,14:00:00,SC,470,"53,9",BLUMENAU,Conversão proibida,Colisão lateral mesmo sentido,Com Vítimas Feridas,Pleno dia,Crescente,Nublado,Simples,Reta,Sim,2,0,1,0,1,0,1,2,-26.87114036,-49.10998567,SPRF-SC,DEL04-SC,UOP01-DEL04-SC,2025
"714383,0",2025-08-27,quarta-feira,12:30:00,SC,101,"290,8",IMBITUBA,Manobra de mudança de faixa,Colisão lateral mesmo sentido,Com Vítimas Feridas,Pleno dia,Crescente,Nublado,Dupla,Reta;Aclive,Não,2,0,1,0,0,1,1,2,-28.28721572,-48.70554686,SPRF-SC,DEL02-SC,UOP03-DEL02-SC,2025
"714578,0",2025-08-28,quinta-feira,11:30:00,SC,282,"593,2",SAUDADES,Reação tardia ou ineficiente do condutor,Tombamento,Sem Vítimas,Pleno dia,Crescente,Sol,Simples,Declive;Curva,Não,1,0,0,0,1,0,0,1,-26.82436235,-53.10523717,SPRF-SC,DEL07-SC,UOP02-DEL07-SC,2025
"714599,0",2025-07-15,terça-feira,07:15:00,SC,101,"363,0",SANGAO,Neblina,Engavetamento,Com Vítimas Feridas,Amanhecer,Crescente,Nevoeiro/Neblina,Múltipla,Reta,Não,15,0,3,0,10,4,3,17,-28.64600481,-49.10202026,SPRF-SC,DEL02-SC,UOP01-DEL02-SC,2025
"714636,0",2025-08-28,quinta-feira,20:30:00,SC,101,"172,0",GOVERNADOR CELSO RAMOS,Ingestão de álcool pelo condutor,Colisão lateral mesmo sentido,Sem Vítimas,Plena Noite,Decrescente,Nublado,Dupla,Reta,Não,3,0,0,0,2,1,0,3,-27.33165336,-48.62646997,SPRF-SC,DEL04-SC,UOP03-DEL04-SC,2025
"714662,0",2025-08-29,sexta-feira,00:45:00,SC,101,"143,3",ITAPEMA,Ausência de reação do condutor,Colisão traseira,Com Vítimas Feridas,Plena Noite,Decrescente,Nublado,Dupla,Reta,Sim,5,0,1,0,3,1,1,5,-27.06603609,-48.59572576,SPRF-SC,DEL04-SC,UOP03-DEL04-SC,2025
"714744,0",2025-08-29,sexta-feira,12:45:00,SC,480,"131,9",CHAPECO,Manobra de mudança de faixa,Colisão lateral mesmo sentido,Com Vítimas Feridas,Pleno dia,Crescente,Céu Claro,Múltipla,Reta;Aclive;Viaduto,Sim,4,0,1,1,2,0,2,3,-27.06260768,-52.63302362,SPRF-SC,DEL07-SC,UOP01-DEL07-SC,2025
"714838,0",2025-08-29,sexta-feira,16:50:00,SC,282,"568,2",NOVA ERECHIM,Condutor deixou de manter distância do veículo da frente,Engavetamento,Com Vítimas Feridas,Pleno dia,Crescente,Céu Claro,Simples,Reta,Sim,6,0,1,0,5,0,1,5,-26.90427037,-52.90843813,SPRF-SC,DEL07-SC,UOP02-DEL07-SC,2025
"714840,0",2025-08-29,sexta-feira,17:25:00,SC,101,"302,9",LAGUNA,Reação tardia ou ineficiente do condutor,Colisão com objeto,Com Vítimas Feridas,Pleno dia,Decrescente,Nublado,Dupla,Reta,Sim,3,0,1,0,1,1,1,3,-28.39562868,-48.77929688,SPRF-SC,DEL02-SC,UOP03-DEL02-SC,2025
"714940,0",2025-08-30,sábado,05:00:00,SC,101,"9,9",GARUVA,Reação tardia ou ineficiente do condutor,Colisão traseira,Com Vítimas Feridas,Plena Noite,Crescente,Nublado,Dupla,Reta;Declive,Não,3,0,1,0,1,1,1,3,-26.060839,-48.859928,SPRF-SC,DEL03-SC,UOP01-DEL03-SC,2025
"714969,0",2025-08-30,sábado,05:30:00,SC,282,"670,9",PARAISO,Velocidade Incompatível,Tombamento,Com Vítimas Feridas,Amanhecer,Decrescente,Céu Claro,Simples,Curva,Não,2,0,0,1,0,1,1,2,-26.62240191,-53.64831017,SPRF-SC,DEL07-SC,UOP03-DEL07-SC,2025
"715097,0",2025-08-30,sábado,15:10:00,SC,116,"284,4",CAPAO ALTO,Demais falhas mecânicas ou elétricas,Incêndio,Sem Vítimas,Pleno dia,Decrescente,Céu Claro,Simples,Declive;Reta,Não,2,0,0,0,0,3,0,3,-28.075206,-50.580326,SPRF-SC,DEL05-SC,UOP02-DEL05-SC,2025
"715273,0",2025-08-31,domingo,15:30:00,SC,282,"473,9",VARGEAO,Ausência de reação do condutor,Colisão lateral sentido oposto,Com Vítimas Fatais,Pleno dia,Crescente,Céu Claro,Simples,Declive;Curva,Não,7,1,2,1,2,1,3,5,-26.86597006,-52.1343863,SPRF-SC,DEL07-SC,UOP01-DEL07-SC,2025
"715304,0",2025-08-31,domingo,19:00:00,SC,280,"35,0",GUARAMIRIM,Retorno proibido,Colisão transversal,Com Vítimas Feridas,Plena Noite,Decrescente,Chuva,Simples,Reta,Não,4,0,1,0,3,0,1,2,-26.4753816,-48.98809985,SPRF-SC,DEL03-SC,UOP03-DEL03-SC,2025
"715329,0",2025-08-31,domingo,19:10:00,SC,282,"402,4",JOACABA,Ausência de reação do condutor,Colisão lateral sentido oposto,Com Vítimas Feridas,Plena Noite,Decrescente,Céu Claro,Simples,Curva,Não,3,0,2,0,1,0,2,2,-27.118864,-51.632593,SPRF-SC,DEL07-SC,UOP05-DEL07-SC,2025
"715416,0",2025-08-24,domingo,07:10:00,SC,163,"108,4",GUARUJA DO SUL,Reação tardia ou ineficiente do condutor,Saída de leito carroçável,Com Vítimas Feridas,Pleno dia,Crescente,Chuva,Simples,Curva,Não,2,0,0,1,0,2,1,3,-26.41075735,-53.52214549,SPRF-SC,DEL07-SC,UOP03-DEL07-SC,2025
"715427,0",2025-08-31,domingo,22:00:00,SC,282,"572,3",NOVA ERECHIM,Ingestão de álcool pelo condutor,Colisão lateral sentido oposto,Sem Vítimas,Plena Noite,Crescente,Nublado,Simples,Reta,Não,3,0,0,0,1,3,0,4,-26.8834838,-52.93878829,SPRF-SC,DEL07-SC,UOP02-DEL07-SC,2025
"715436,0",2025-09-01,segunda-feira,07:55:00,SC,282,"625,8",IRACEMINHA,Reação tardia ou ineficiente do condutor,Colisão traseira,Com Vítimas Feridas,Pleno dia,Decrescente,Sol,Simples,Reta,Não,4,0,1,1,1,1,2,3,-26.8031395,-53.3600298,SPRF-SC,DEL07-SC,UOP02-DEL07-SC,2025
"715442,0",2025-08-12,terça-feira,20:18:00,SC,470,"137,0",RIO DO SUL,Acessar a via sem observar a presença dos outros veículos,Colisão transversal,Com Vítimas Feridas,Plena Noite,Crescente,Céu Claro,Simples,Reta,Sim,3,0,1,0,2,0,1,3,-27.1721533,-49.581075,SPRF-SC,DEL04-SC,UOP02-DEL04-SC,2025
"715462,0",2025-02-18,terça-feira,13:00:00,SC,470,"85,6",RODEIO,Transitar na contramão,Colisão frontal,Com Vítimas Fatais,Pleno dia,Crescente,Céu Claro,Simples,Reta,Não,3,1,0,0,1,1,0,3,-26.9516096,-49.3544902,SPRF-SC,DEL04-SC,UOP01-DEL04-SC,2025
"715478,0",2025-09-01,segunda-feira,13:50:00,SC,470,"147,0",RIO DO SUL,Manobra de mudança de faixa,Colisão lateral sentido oposto,Com Vítimas Feridas,Pleno dia,Crescente,Garoa/Chuvisco,Simples,Reta,Sim,5,0,0,1,3,2,1,6,-27.2425486,-49.6878728,SPRF-SC,DEL04-SC,UOP02-DEL04-SC,2025
"715543,0",2025-09-01,segunda-feira,15:55:00,SC,470,"158,1",TROMBUDO CENTRAL,Acessar a via sem observar a presença dos outros veículos,Colisão transversal,Com Vítimas Feridas,Pleno dia,Crescente,Céu Claro,Simples,Retorno Regulamentado;Interseção de Vias,Não,2,0,1,0,1,0,1,2,-27.28592276,-49.78294579,SPRF-SC,DEL04-SC,UOP02-DEL04-SC,2025
"715568,0",2025-09-01,segunda-feira,21:15:00,SC,282,"99,1",ALFREDO WAGNER,Ausência de reação do condutor,Colisão lateral sentido oposto,Com Vítimas Feridas,Plena Noite,Crescente,Chuva,Simples,Curva,Não,4,0,0,1,2,3,1,6,-27.69508437,-49.31408414,SPRF-SC,DEL01-SC,UOP03-DEL01-SC,2025
"715575,0",2025-08-30,sábado,02:00:00,SC,280,"226,5",TRES BARRAS,Condutor Dormindo,Saída de leito carroçável,Com Vítimas Feridas,Plena Noite,Crescente,Nublado,Simples,Reta,Não,2,0,1,0,1,0,1,1,-26.18218584,-50.32869235,SPRF-SC,DEL06-SC,UOP04-DEL06-SC,2025
"715587,0",2025-09-02,terça-feira,02:45:00,SC,101,"8,3",GARUVA,Estacionar ou parar em local proibido,Colisão lateral mesmo sentido,Sem Vítimas,Plena Noite,Crescente,Chuva,Dupla,Reta,Não,4,0,0,0,3,1,0,3,-26.04212204,-48.85968804,SPRF-SC,DEL03-SC,UOP01-DEL03-SC,2025
"715649,0",2025-09-02,terça-feira,09:30:00,SC,282,"334,0",CAMPOS NOVOS,Reação tardia ou ineficiente do condutor,Colisão traseira,Com Vítimas Feridas,Pleno dia,Crescente,Nublado,Simples,Reta,Não,5,0,1,0,3,2,1,5,-27.392261,-51.133138,SPRF-SC,DEL07-SC,UOP06-DEL07-SC,2025
"715741,0",2025-09-02,terça-feira,19:00:00,SC,470,"126,6",LONTRAS,Acessar a via sem observar a presença dos outros veículos,Colisão traseira,Com Vítimas Feridas,Plena Noite,Decrescente,Garoa/Chuvisco,Simples,Reta;Retorno Regulamentado,Sim,3,0,1,0,1,1,1,3,-27.13584071,-49.5423317,SPRF-SC,DEL04-SC,UOP02-DEL04-SC,2025
"715767,0",2025-09-03,quarta-feira,02:50:00,SC,116,"199,9",PONTE ALTA,Condutor Dormindo,Saída de leito carroçável,Com Vítimas Feridas,Plena Noite,Decrescente,Nublado,Simples,Reta;Aclive,Não,2,0,2,0,0,0,2,1,-27.426837,-50.410126,SPRF-SC,DEL05-SC,UOP03-DEL05-SC,2025
"715836,0",2025-09-03,quarta-feira,09:40:00,SC,470,"63,0",INDAIAL,Conversão proibida,Colisão frontal,Com Vítimas Feridas,Pleno dia,Decrescente,Garoa/Chuvisco,Simples,Declive,Não,3,0,1,0,1,1,1,3,-26.87199668,-49.19449059,SPRF-SC,DEL04-SC,UOP01-DEL04-SC,2025
"715854,0",2025-09-03,quarta-feira,11:00:00,SC,101,"122,0",ITAJAI,Condutor deixou de manter distância do veículo da frente,Colisão traseira,Com Vítimas Feridas,Pleno dia,Decrescente,Céu Claro,Múltipla,Reta,Sim,2,0,1,0,1,0,1,2,-26.92290455,-48.70763361,SPRF-SC,DEL04-SC,UOP04-DEL04-SC,2025
"715904,0",2025-09-03,quarta-feira,16:55:00,SC,101,"209,1",SAO JOSE,Manobra de mudança de faixa,Colisão lateral mesmo sentido,Com Vítimas Feridas,Pleno dia,Crescente,Nublado,Múltipla,Reta,Sim,3,0,2,0,0,1,2,2,-27.61071,-48.63935,SPRF-SC,DEL01-SC,UOP01-DEL01-SC,2025
"715932,0",2025-09-03,quarta-feira,17:20:00,SC,282,"529,1",CORDILHEIRA ALTA,Acessar a via sem observar a presença dos outros veículos,Colisão transversal,Sem Vítimas,Pleno dia,Crescente,Céu Claro,Simples,Reta;Interseção de Vias,Não,2,0,0,0,2,0,0,2,-26.9831359,-52.5989466,SPRF-SC,DEL07-SC,UOP01-DEL07-SC,2025
"715961,0",2025-09-03,quarta-feira,19:00:00,SC,282,"456,7",PONTE SERRADA,Conversão proibida,Colisão transversal,Com Vítimas Feridas,Plena Noite,Crescente,Céu Claro,Simples,Reta,Não,3,0,1,1,1,0,2,2,-26.89034434,-51.98588848,SPRF-SC,DEL07-SC,UOP04-DEL07-SC,2025
"715976,0",2025-09-03,quarta-feira,21:15:00,SC,101,"127,0",ITAJAI,Ingestão de álcool pelo condutor,Tombamento,Sem Vítimas,Plena Noite,Crescente,Garoa/Chuvisco,Múltipla,Curva,Não,3,0,0,0,2,11,0,13,-26.9655437,-48.68378727,SPRF-SC,DEL04-SC,UOP04-DEL04-SC,2025
"715977,0",2025-09-04,quinta-feira,02:00:00,SC,101,"215,5",PALHOCA,Ingestão de álcool pelo condutor,Colisão lateral mesmo sentido,Sem Vítimas,Plena Noite,Crescente,Nublado,Múltipla,Reta,Sim,3,0,0,0,2,1,0,3,-27.65525099,-48.67834355,SPRF-SC,DEL01-SC,UOP02-DEL01-SC,2025
"716039,0",2025-09-04,quinta-feira,09:30:00,SC,101,"449,4",SANTA ROSA DO SUL,Transitar na contramão,Colisão frontal,Com Vítimas Feridas,Pleno dia,Crescente,Nublado,Simples,Reta,Não,2,0,0,1,1,0,1,2,-29.17379388,-49.75063205,SPRF-SC,DEL02-SC,UOP02-DEL02-SC,2025
"716040,0",2025-09-04,quinta-feira,07:50:00,SC,101,"41,7",JOINVILLE,Ausência de reação do condutor,Saída de leito carroçável,Com Vítimas Feridas,Pleno dia,Crescente,Nublado,Dupla,Reta,Sim,2,0,0,1,0,1,1,2,-26.3202431,-48.87074796,SPRF-SC,DEL03-SC,UOP01-DEL03-SC,2025
"716043,0",2025-09-04,quinta-feira,10:30:00,SC,101,"112,1",ITAJAI,Ausência de reação do condutor,Colisão traseira,Com Vítimas Feridas,Pleno dia,Crescente,Céu Claro,Dupla,Reta,Não,2,0,1,0,1,0,1,2,-26.84674,-48.72233,SPRF-SC,DEL04-SC,UOP04-DEL04-SC,2025
"716130,0",2025-09-04,quinta-feira,13:35:00,SC,282,"574,3",PINHALZINHO,Acumulo de água sobre o pavimento,Colisão frontal,Com Vítimas Fatais,Pleno dia,Decrescente,Chuva,Simples,Rotatória,Não,3,1,1,0,0,2,1,4,-26.8739677,-52.95510856,SPRF-SC,DEL07-SC,UOP02-DEL07-SC,2025
"716183,0",2025-09-05,sexta-feira,00:30:00,SC,470,"16,0",NAVEGANTES,Ausência de reação do condutor,Colisão traseira,Com Vítimas Feridas,Plena Noite,Crescente,Nevoeiro/Neblina,Dupla,Aclive;Reta,Não,3,0,1,0,1,3,1,5,-26.83848494,-48.7650841,SPRF-SC,DEL04-SC,UOP04-DEL04-SC,2025
"716261,0",2025-09-05,sexta-feira,09:35:00,SC,282,"624,3",IRACEMINHA,Acessar a via sem observar a presença dos outros veículos,Colisão transversal,Com Vítimas Fatais,Pleno dia,Crescente,Chuva,Simples,Interseção de Vias;Reta,Não,5,2,0,0,2,1,0,3,-26.7983899,-53.3460538,SPRF-SC,DEL07-SC,UOP02-DEL07-SC,2025
"716300,0",2025-09-05,sexta-feira,07:40:00,SC,282,"453,1",PONTE SERRADA,Manobra de mudança de faixa,Colisão transversal,Com Vítimas Feridas,Pleno dia,Decrescente,Chuva,Simples,Reta;Aclive,Não,3,0,1,1,1,0,2,2,-26.912732,-51.962438,SPRF-SC,DEL07-SC,UOP04-DEL07-SC,2025
"716350,0",2025-09-05,sexta-feira,09:00:00,SC,280,"8,0",SAO FRANCISCO DO SUL,Velocidade Incompatível,Colisão com objeto,Com Vítimas Feridas,Pleno dia,Decrescente,Chuva,Simples,Curva,Sim,2,0,1,0,0,1,1,2,-26.27803788,-48.64611832,SPRF-SC,DEL03-SC,UOP03-DEL03-SC,2025
"716370,0",2025-09-05,sexta-feira,19:10:00,SC,101,"101,0",BALNEARIO PICARRAS,Condutor deixou de manter distância do veículo da frente,Colisão traseira,Com Vítimas Feridas,Plena Noite,Crescente,Chuva,Múltipla,Reta,Não,3,0,1,1,1,0,2,2,-26.77716056,-48.68557898,SPRF-SC,DEL03-SC,UOP02-DEL03-SC,2025
"716516,0",2025-09-06,sábado,09:20:00,SC,101,"82,7",BARRA VELHA,Velocidade Incompatível,Colisão traseira,Com Vítimas Feridas,Pleno dia,Decrescente,Nublado,Dupla,Curva;Declive,Não,6,0,2,0,3,2,2,6,-26.61968201,-48.71774403,SPRF-SC,DEL03-SC,UOP02-DEL03-SC,2025
"716563,0",2025-09-06,sábado,05:00:00,SC,470,"60,0",BLUMENAU,Pedestre andava na pista,Atropelamento de Pedestre,Com Vítimas Feridas,Amanhecer,Decrescente,Nublado,Simples,Reta;Declive,Sim,2,0,0,1,1,0,1,2,-26.88151113,-49.16428037,SPRF-SC,DEL04-SC,UOP01-DEL04-SC,2025
"716578,0",2025-09-06,sábado,14:00:00,SC,163,"2,9",DIONISIO CERQUEIRA,Demais falhas mecânicas ou elétricas,Colisão frontal,Com Vítimas Feridas,Pleno dia,Decrescente,Céu Claro,Simples,Curva,Não,6,0,1,0,4,2,1,5,-26.27736,-53.582438,SPRF-SC,DEL07-SC,UOP03-DEL07-SC,2025
"716580,0",2025-09-06,sábado,14:44:00,SC,282,"340,0",CAMPOS NOVOS,Acessar a via sem observar a presença dos outros veículos,Colisão transversal,Com Vítimas Feridas,Pleno dia,Decrescente,Nublado,Simples,Interseção de Vias,Sim,2,0,1,0,1,0,1,2,-27.3941831,-51.193247,SPRF-SC,DEL07-SC,UOP06-DEL07-SC,2025
"716611,0",2025-08-13,quarta-feira,10:00:00,SC,282,"532,3",CORDILHEIRA ALTA,Acessar a via sem observar a presença dos outros veículos,Colisão transversal,Com Vítimas Feridas,Pleno dia,Crescente,Céu Claro,Simples,Reta,Não,2,0,0,1,1,0,1,2,-26.99630693,-52.61934042,SPRF-SC,DEL07-SC,UOP01-DEL07-SC,2025
"716668,0",2025-09-06,sábado,21:40:00,SC,101,"192,1",BIGUACU,Condutor Dormindo,Tombamento,Com Vítimas Feridas,Plena Noite,Decrescente,Nublado,Dupla,Curva,Sim,2,0,1,0,0,3,1,4,-27.48831005,-48.64981592,SPRF-SC,DEL01-SC,UOP01-DEL01-SC,2025
"716738,0",2025-09-07,domingo,00:00:00,SC,282,"64,0",RANCHO QUEIMADO,Ausência de reação do condutor,Colisão lateral sentido oposto,Com Vítimas Feridas,Plena Noite,Crescente,Garoa/Chuvisco,Simples,Curva,Não,4,0,0,1,3,0,1,3,-27.68021141,-49.01940521,SPRF-SC,DEL01-SC,UOP03-DEL01-SC,2025
"716740,0",2025-09-07,domingo,06:00:00,SC,101,"51,1",JOINVILLE,Problema com o freio,Incêndio,Sem Vítimas,Pleno dia,Decrescente,Garoa/Chuvisco,Dupla,Reta,Não,2,0,0,0,1,1,0,2,-26.39768048,-48.83923747,SPRF-SC,DEL03-SC,UOP01-DEL03-SC,2025
"716757,0",2025-06-04,quarta-feira,03:35:00,SC,101,"10,0",GARUVA,Condutor Dormindo,Derramamento de carga,Sem Vítimas,Plena Noite,Decrescente,Céu Claro,Múltipla,Reta,Sim,3,0,0,0,0,3,0,3,-26.0646061,-48.85990111,SPRF-SC,DEL03-SC,UOP01-DEL03-SC,2025
"716843,0",2025-09-07,domingo,12:45:00,SC,101,"57,6",ARAQUARI,Carga excessiva e/ou mal acondicionada,Derramamento de carga,Sem Vítimas,Pleno dia,Decrescente,Garoa/Chuvisco,Simples,Interseção de Vias,Não,2,0,0,0,1,1,0,2,-26.43799144,-48.80435944,SPRF-SC,DEL03-SC,UOP01-DEL03-SC,2025
"716845,0",2025-09-07,domingo,16:10:00,SC,282,"358,0",ERVAL VELHO,Transitar na contramão,Colisão frontal,Com Vítimas Feridas,Pleno dia,Decrescente,Céu Claro,Simples,Curva;Declive,Não,6,0,1,2,2,1,3,3,-27.3347967,-51.347235,SPRF-SC,DEL07-SC,UOP05-DEL07-SC,2025
"716916,0",2025-09-07,domingo,21:50:00,SC,101,"84,0",BARRA VELHA,Ausência de reação do condutor,Colisão traseira,Com Vítimas Feridas,Plena Noite,Crescente,Garoa/Chuvisco,Simples,Reta,Não,2,0,1,0,1,0,1,2,-26.62413526,-48.7147522,SPRF-SC,DEL03-SC,UOP02-DEL03-SC,2025
"716953,0",2025-09-08,segunda-feira,04:50:00,SC,470,"259,1",CURITIBANOS,Velocidade Incompatível,Saída de leito carroçável,Com Vítimas Feridas,Plena Noite,Decrescente,Chuva,Simples,Declive;Curva,Não,2,0,1,0,0,1,1,2,-27.2997191,-50.68143938,SPRF-SC,DEL05-SC,UOP03-DEL05-SC,2025
"717001,0",2025-09-08,segunda-feira,05:48:00,SC,280,"232,6",CANOINHAS,Ausência de reação do condutor,Colisão traseira,Com Vítimas Fatais,Plena Noite,Crescente,Garoa/Chuvisco,Simples,Reta;Aclive,Sim,3,1,0,0,1,1,0,3,-26.190595,-50.388068,SPRF-SC,DEL06-SC,UOP04-DEL06-SC,2025
"717005,0",2025-09-08,segunda-feira,12:25:00,SC,470,"63,0",INDAIAL,Ausência de reação do condutor,Colisão lateral sentido oposto,Com Vítimas Feridas,Pleno dia,Crescente,Garoa/Chuvisco,Simples,Declive;Desvio Temporário,Não,2,0,1,0,1,0,1,2,-26.8701472,-49.20943586,SPRF-SC,DEL04-SC,UOP01-DEL04-SC,2025
"717079,0",2025-09-08,segunda-feira,13:25:00,SC,470,"156,6",TROMBUDO CENTRAL,Ausência de reação do condutor,Colisão frontal,Com Vítimas Feridas,Pleno dia,Decrescente,Garoa/Chuvisco,Simples,Curva,Não,2,0,1,0,1,0,1,2,-27.28535,-49.766335,SPRF-SC,DEL04-SC,UOP02-DEL04-SC,2025