id,data_inversa,dia_semana,horario,uf,br,km,municipio,causa_acidente,tipo_acidente,classificacao_acidente,fase_dia,sentido_via,condicao_metereologica,tipo_pista,tracado_via,uso_solo,pessoas,mortos,feridos_leves,feridos_graves,ilesos,ignorados,feridos,veiculos,latitude,longitude,regional,delegacia,uop,ano_arquivo
"720678,0",2025-09-24,quarta-feira,13:52:00,SC,280,"98,0",SAO BENTO DO SUL,Ausência de reação do condutor,Colisão traseira,Com Vítimas Feridas,Pleno dia,Decrescente,Céu Claro,Simples,Reta,Não,4,0,1,0,2,3,1,5,-26.375443,-49.325633,SPRF-SC,DEL06-SC,UOP03-DEL06-SC,2025
"720730,0",2025-09-25,quinta-feira,03:12:00,SC,101,"60,3",ARAQUARI,Reação tardia ou ineficiente do condutor,Tombamento,Com Vítimas Fatais,Plena Noite,Crescente,Chuva,Dupla,Curva,Não,5,1,1,0,2,1,1,4,-26.452848,-48.782458,SPRF-SC,DEL03-SC,UOP02-DEL03-SC,2025
"720798,0",2025-09-25,quinta-feira,12:15:00,SC,282,"534,8",CHAPECO,Reação tardia ou ineficiente do condutor,Engavetamento,Com Vítimas Feridas,Pleno dia,Crescente,Céu Claro,Simples,Reta,Sim,5,0,1,0,3,1,1,5,-26.996946,-52.641029,SPRF-SC,DEL07-SC,UOP01-DEL07-SC,2025
"720810,0",2025-09-25,quinta-feira,14:00:00,SC,282,"641,8",SAO MIGUEL DO OESTE,Transitar na contramão,Colisão lateral mesmo sentido,Sem Vítimas,Pleno dia,Crescente,Sol,Simples,Reta,Não,3,0,0,0,2,2,0,4,-26.77219887,-53.46161691,SPRF-SC,DEL07-SC,UOP03-DEL07-SC,2025
"720851,0",2025-09-25,quinta-feira,18:00:00,SC,101,"211,3",PALHOCA,Trafegar com motocicleta (ou similar) entre as faixas,Colisão traseira,Com Vítimas Feridas,Plena Noite,Crescente,Nublado,Múltipla,Reta,Não,3,0,0,1,1,1,1,3,-27.62540127,-48.65469687,SPRF-SC,DEL01-SC,UOP02-DEL01-SC,2025
"720874,0",2025-09-25,quinta-feira,18:15:00,SC,101,"375,6",ICARA,Ausência de reação do condutor,Colisão lateral mesmo sentido,Com Vítimas Feridas,Anoitecer,Decrescente,Céu Claro,Dupla,Reta,Não,3,0,1,0,1,1,1,3,-28.72252576,-49.2366457,SPRF-SC,DEL02-SC,UOP01-DEL02-SC,2025
"720954,0",2025-09-26,sexta-feira,08:50:00,SC,101,"137,0",ITAPEMA,Ausência de reação do condutor,Colisão lateral mesmo sentido,Com Vítimas Feridas,Pleno dia,Decrescente,Céu Claro,Dupla,Reta,Não,3,0,1,0,1,1,1,3,-27.06576039,-48.59581889,SPRF-SC,DEL04-SC,UOP03-DEL04-SC,2025
"720984,0",2025-09-26,sexta-feira,11:20:00,SC,116,"12,3",MAFRA,Ausência de reação do condutor,Colisão transversal,Sem Vítimas,Pleno dia,Decrescente,Nublado,Simples,Interseção de Vias,Não,3,0,0,0,2,1,0,3,-26.179749,-49.870772,SPRF-SC,DEL06-SC,UOP01-DEL06-SC,2025
"721008,0",2025-09-26,sexta-feira,14:20:00,SC,101,"219,0",PALHOCA,Demais falhas na via,Tombamento,Com Vítimas Feridas,Pleno dia,Decrescente,Céu Claro,Dupla,Viaduto;Curva;Interseção de Vias,Sim,2,0,1,0,0,1,1,2,-27.68395472,-48.66717752,SPRF-SC,DEL01-SC,UOP02-DEL01-SC,2025
"721111,0",2025-09-26,sexta-feira,21:35:00,SC,101,"56,0",JOINVILLE,Manobra de mudança de faixa,Colisão traseira,Com Vítimas Feridas,Plena Noite,Crescente,Nublado,Dupla,Reta,Não,2,0,1,0,1,0,1,2,-26.43150668,-48.82520556,SPRF-SC,DEL03-SC,UOP01-DEL03-SC,2025
"721156,0",2025-09-27,sábado,03:00:00,SC,282,"27,0",SANTO AMARO DA IMPERATRIZ,Transitar na contramão,Colisão frontal,Sem Vítimas,Plena Noite,Crescente,Céu Claro,Simples,Reta,Sim,3,0,0,0,2,1,0,3,-27.67649379,-48.78168806,SPRF-SC,DEL01-SC,UOP03-DEL01-SC,2025
"721162,0",2025-09-27,sábado,07:00:00,SC,101,"214,4",PALHOCA,Manobra de mudança de faixa,Colisão lateral mesmo sentido,Com Vítimas Feridas,Pleno dia,Decrescente,Nublado,Múltipla,Reta,Não,2,0,1,0,1,0,1,2,-27.6475621,-48.67278099,SPRF-SC,DEL01-SC,UOP02-DEL01-SC,2025
"721165,0",2025-09-27,sábado,02:30:00,SC,101,"163,0",TIJUCAS,Ingestão de álcool pelo condutor,Colisão frontal,Com Vítimas Feridas,Plena Noite,Crescente,Céu Claro,Dupla,Interseção de Vias,Não,2,0,0,1,1,0,1,2,-27.232847,-48.630144,SPRF-SC,DEL04-SC,UOP03-DEL04-SC,2025
"721181,0",2025-09-22,segunda-feira,17:30:00,SC,470,"138,0",RIO DO SUL,Condutor deixou de manter distância do veículo da frente,Colisão traseira,Sem Vítimas,Anoitecer,Crescente,Céu Claro,Dupla,Reta,Sim,2,0,0,0,2,0,0,2,-27.20293698,-49.63474838,SPRF-SC,DEL04-SC,UOP02-DEL04-SC,2025
"721228,0",2025-08-30,sábado,09:30:00,SC,101,"284,0",IMBITUBA,Animais na Pista,Colisão com objeto,Com Vítimas Feridas,Pleno dia,Decrescente,Sol,Dupla,Reta,Não,5,0,1,0,3,1,1,5,-28.240139,-48.700098,SPRF-SC,DEL02-SC,UOP03-DEL02-SC,2025
"721241,0",2025-09-27,sábado,13:20:00,SC,282,"516,1",XAXIM,Manobra de mudança de faixa,Colisão lateral mesmo sentido,Com Vítimas Feridas,Pleno dia,Crescente,Sol,Simples,Curva,Não,2,0,0,1,1,0,1,2,-26.92938,-52.49958,SPRF-SC,DEL07-SC,UOP01-DEL07-SC,2025
"721552,0",2025-09-28,domingo,18:50:00,SC,158,"134,3",PALMITOS,Acessar a via sem observar a presença dos outros veículos,Colisão transversal,Sem Vítimas,Plena Noite,Crescente,Nublado,Simples,Interseção de Vias,Não,3,0,0,0,1,3,0,4,-27.07047304,-53.23020665,SPRF-SC,DEL07-SC,UOP02-DEL07-SC,2025
"721568,0",2025-09-28,domingo,23:50:00,SC,101,"136,8",BALNEARIO CAMBORIU,Ingestão de álcool pelo condutor,Colisão lateral mesmo sentido,Sem Vítimas,Plena Noite,Decrescente,Nublado,Dupla,Reta,Sim,3,0,0,0,1,2,0,3,-26.99912799,-48.64647898,SPRF-SC,DEL04-SC,UOP03-DEL04-SC,2025
"721679,0",2025-09-29,segunda-feira,13:20:00,SC,101,"117,7",ITAJAI,Ausência de reação do condutor,Colisão traseira,Com Vítimas Feridas,Pleno dia,Decrescente,Sol,Dupla,Reta,Não,4,0,0,2,2,0,2,2,-26.89200272,-48.72054275,SPRF-SC,DEL04-SC,UOP04-DEL04-SC,2025
"721706,0",2025-09-29,segunda-feira,14:00:00,SC,101,"363,4",SANGAO,Demais falhas mecânicas ou elétricas,Colisão traseira,Com Vítimas Feridas,Pleno dia,Crescente,Céu Claro,Múltipla,Reta,Sim,3,0,2,0,1,0,2,2,-28.68095195,-49.14374066,SPRF-SC,DEL02-SC,UOP01-DEL02-SC,2025
"721817,0",2025-09-30,terça-feira,07:00:00,SC,101,"126,0",ITAJAI,Condutor deixou de manter distância do veículo da frente,Colisão traseira,Com Vítimas Feridas,Pleno dia,Decrescente,Céu Claro,Dupla,Curva,Não,4,0,0,1,1,2,1,4,-26.9611101,-48.68100062,SPRF-SC,DEL04-SC,UOP04-DEL04-SC,2025
"721820,0",2025-09-30,terça-feira,07:05:00,SC,101,"119,0",ITAJAI,Condutor deixou de manter distância do veículo da frente,Colisão lateral mesmo sentido,Com Vítimas Feridas,Pleno dia,Crescente,Céu Claro,Múltipla,Reta,Sim,4,0,1,0,2,1,1,3,-26.89951952,-48.71771034,SPRF-SC,DEL04-SC,UOP04-DEL04-SC,2025
"721909,0",2025-09-30,terça-feira,13:40:00,SC,101,"106,0",PENHA,Ausência de reação do condutor,Colisão traseira,Com Vítimas Feridas,Pleno dia,Decrescente,Céu Claro,Múltipla,Reta,Não,2,0,1,0,1,0,1,2,-26.81760789,-48.6823833,SPRF-SC,DEL03-SC,UOP02-DEL03-SC,2025
"721952,0",2025-09-30,terça-feira,19:20:00,SC,470,"130,0",LONTRAS,Transitar na contramão,Colisão lateral sentido oposto,Sem Vítimas,Plena Noite,Decrescente,Chuva,Simples,Curva,Não,3,0,0,0,2,1,0,3,-27.16963154,-49.56506476,SPRF-SC,DEL04-SC,UOP02-DEL04-SC,2025
"721970,0",2025-09-30,terça-feira,19:10:00,SC,163,"104,4",SAO JOSE DO CEDRO,Transitar na contramão,Colisão frontal,Com Vítimas Feridas,Plena Noite,Decrescente,Nublado,Simples,Reta;Aclive,Sim,3,0,0,1,1,2,1,4,-26.45156021,-53.51172745,SPRF-SC,DEL07-SC,UOP03-DEL07-SC,2025
"722064,0",2025-08-27,quarta-feira,06:35:00,SC,470,"46,8",BLUMENAU,Acessar a via sem observar a presença dos outros veículos,Colisão traseira,Com Vítimas Feridas,Amanhecer,Decrescente,Garoa/Chuvisco,Simples,Curva;Em Obras,Não,5,0,1,0,3,1,1,4,-26.86344767,-49.04426543,SPRF-SC,DEL04-SC,UOP01-DEL04-SC,2025
"722098,0",2025-10-01,quarta-feira,18:20:00,SC,101,"112,0",ITAJAI,Reação tardia ou ineficiente do condutor,Colisão lateral mesmo sentido,Com Vítimas Feridas,Plena Noite,Decrescente,Nublado,Dupla,Ponte,Sim,3,0,1,0,1,1,1,3,-26.8465485,-48.7206696,SPRF-SC,DEL04-SC,UOP04-DEL04-SC,2025
"722175,0",2025-10-01,quarta-feira,19:10:00,SC,101,"6,3",GARUVA,Reação tardia ou ineficiente do condutor,Colisão traseira,Sem Vítimas,Plena Noite,Crescente,Nublado,Múltipla,Reta;Declive,Não,3,0,0,0,2,2,0,4,-26.02858205,-48.86117784,SPRF-SC,DEL03-SC,UOP01-DEL03-SC,2025
"722189,0",2025-09-20,sábado,19:05:00,SC,101,"324,1",CAPIVARI DE BAIXO,Estacionar ou parar em local proibido,Colisão traseira,Com Vítimas Feridas,Plena Noite,Decrescente,Nublado,Dupla,Reta,Não,3,0,0,1,1,1,1,3,-28.42462767,-48.93707514,SPRF-SC,DEL02-SC,UOP01-DEL02-SC,2025
"722221,0",2025-10-02,quinta-feira,08:05:00,SC,470,"116,9",IBIRAMA,Pista Escorregadia,Tombamento,Com Vítimas Feridas,Pleno dia,Decrescente,Chuva,Simples,Curva,Não,3,0,1,0,1,2,1,4,-27.08182,-49.5014,SPRF-SC,DEL04-SC,UOP02-DEL04-SC,2025
"722253,0",2025-10-02,quinta-feira,14:10:00,SC,282,"51,4",AGUAS MORNAS,Velocidade Incompatível,Colisão frontal,Com Vítimas Feridas,Pleno dia,Decrescente,Chuva,Simples,Declive;Curva,Não,6,0,2,1,1,2,3,4,-27.70207,-48.96152,SPRF-SC,DEL01-SC,UOP03-DEL01-SC,2025
"722292,0",2025-10-02,quinta-feira,13:00:00,SC,470,"131,0",LONTRAS,Acessar a via sem observar a presença dos outros veículos,Colisão transversal,Com Vítimas Feridas,Pleno dia,Decrescente,Garoa/Chuvisco,Simples,Reta,Não,2,0,0,1,1,0,1,2,-27.15975279,-49.55653323,SPRF-SC,DEL04-SC,UOP02-DEL04-SC,2025
"722368,0",2025-10-03,sexta-feira,02:55:00,SC,470,"85,0",RODEIO,Ingestão de álcool pelo condutor,Colisão transversal,Com Vítimas Feridas,Plena Noite,Decrescente,Garoa/Chuvisco,Simples,Reta,Não,3,0,0,1,1,1,1,3,-26.95481025,-49.35150862,SPRF-SC,DEL04-SC,UOP01-DEL04-SC,2025
"722369,0",2025-10-03,sexta-feira,03:30:00,SC,101,"48,0",JOINVILLE,Velocidade Incompatível,Colisão com objeto,Com Vítimas Feridas,Plena Noite,Crescente,Chuva,Dupla,Curva,Não,4,0,1,0,2,2,1,5,-26.38163105,-48.85169355,SPRF-SC,DEL03-SC,UOP01-DEL03-SC,2025
"722414,0",2025-08-28,quinta-feira,11:00:00,SC,470,"138,0",RIO DO SUL,Condutor deixou de manter distância do veículo da frente,Colisão traseira,Com Vítimas Feridas,Pleno dia,Decrescente,Céu Claro,Simples,Reta,Sim,2,0,0,1,1,0,1,2,-27.19336579,-49.62345092,SPRF-SC,DEL04-SC,UOP02-DEL04-SC,2025
"722447,0",2025-10-03,sexta-feira,12:36:00,SC,101,"22,5",JOINVILLE,Trafegar com motocicleta (ou similar) entre as faixas,Atropelamento de Pedestre,Com Vítimas Feridas,Pleno dia,Crescente,Chuva,Dupla,Reta,Sim,3,0,1,1,1,0,2,3,-26.161346,-48.907483,SPRF-SC,DEL03-SC,UOP01-DEL03-SC,2025
"722663,0",2025-10-04,sábado,09:00:00,SC,101,"145,1",ITAPEMA,Reação tardia ou ineficiente do condutor,Colisão lateral mesmo sentido,Com Vítimas Fatais,Pleno dia,Crescente,Nublado,Dupla,Aclive;Curva,Sim,2,1,0,0,0,1,0,2,-27.08207751,-48.60206572,SPRF-SC,DEL04-SC,UOP03-DEL04-SC,2025
"722789,0",2025-10-04,sábado,19:30:00,SC,116,"183,0",SAO CRISTOVAO DO SUL,Ausência de reação do condutor,Saída de leito carroçável,Com Vítimas Fatais,Plena Noite,Decrescente,Céu Claro,Simples,Reta,Não,3,1,0,0,1,1,0,3,-27.29029926,-50.43343512,SPRF-SC,DEL05-SC,UOP03-DEL05-SC,2025
"722931,0",2025-10-05,domingo,12:35:00,SC,101,"25,0",JOINVILLE,Entrada inopinada do pedestre,Atropelamento de Pedestre,Com Vítimas Feridas,Pleno dia,Crescente,Sol,Simples,Reta,Não,4,0,0,1,2,1,1,3,-26.18226467,-48.90958786,SPRF-SC,DEL03-SC,UOP01-DEL03-SC,2025
"722946,0",2025-09-19,sexta-feira,17:30:00,SC,282,"395,4",JOACABA,Demais falhas mecânicas ou elétricas,Colisão traseira,Com Vítimas Feridas,Pleno dia,Crescente,Sol,Simples,Aclive,Não,4,0,2,0,1,1,2,3,-27.15653,-51.59539,SPRF-SC,DEL07-SC,UOP05-DEL07-SC,2025
"723008,0",2025-10-05,domingo,17:45:00,SC,282,"620,0",IRACEMINHA,Demais falhas mecânicas ou elétricas,Queda de ocupante de veículo,Com Vítimas Feridas,Anoitecer,Decrescente,Céu Claro,Simples,Curva,Não,1,0,0,1,0,0,1,1,-26.794127,-53.298203,SPRF-SC,DEL07-SC,UOP02-DEL07-SC,2025
"723096,0",2025-10-06,segunda-feira,03:00:00,SC,116,"69,8",MONTE CASTELO,Transitar na contramão,Colisão frontal,Com Vítimas Feridas,Plena Noite,Crescente,Nublado,Simples,Reta,Não,2,0,1,0,1,0,1,2,-26.47345026,-50.23223715,SPRF-SC,DEL06-SC,UOP02-DEL06-SC,2025
"723144,0",2025-10-06,segunda-feira,08:30:00,SC,282,"1,6",FLORIANOPOLIS,Condutor deixou de manter distância do veículo da frente,Colisão traseira,Com Vítimas Feridas,Pleno dia,Decrescente,Nublado,Múltipla,Reta,Sim,5,0,1,0,2,2,1,5,-27.60360769,-48.58654261,SPRF-SC,DEL01-SC,UOP01-DEL01-SC,2025
"723204,0",2025-10-06,segunda-feira,08:50:00,SC,282,"70,0",RANCHO QUEIMADO,Demais falhas mecânicas ou elétricas,Incêndio,Sem Vítimas,Pleno dia,Crescente,Chuva,Simples,Reta;Aclive,Não,2,0,0,0,1,1,0,2,-27.68678,-49.0346705,SPRF-SC,DEL01-SC,UOP03-DEL01-SC,2025
"723212,0",2025-10-06,segunda-feira,08:10:00,SC,282,"596,0",SAUDADES,Acumulo de água sobre o pavimento,Colisão frontal,Com Vítimas Feridas,Pleno dia,Crescente,Chuva,Simples,Reta,Não,4,0,3,0,1,0,3,3,-26.82917291,-53.11912246,SPRF-SC,DEL07-SC,UOP02-DEL07-SC,2025
"723252,0",2025-10-06,segunda-feira,10:45:00,SC,282,"453,0",PONTE SERRADA,Mal súbito do condutor,Colisão lateral sentido oposto,Com Vítimas Feridas,Pleno dia,Decrescente,Chuva,Simples,Reta,Não,3,0,0,1,1,1,1,3,-26.913662,-51.961291,SPRF-SC,DEL07-SC,UOP04-DEL07-SC,2025
"723310,0",2025-10-06,segunda-feira,20:30:00,SC,153,"6,0",AGUA DOCE,Demais falhas mecânicas ou elétricas,Incêndio,Com Vítimas Feridas,Plena Noite,Decrescente,Céu Claro,Simples,Reta,Não,2,0,1,0,0,1,1,2,-26.65359566,-51.52828217,SPRF-SC,DEL07-SC,UOP07-DEL07-SC,2025
"723388,0",2025-10-07,terça-feira,10:15:00,SC,101,"136,0",BALNEARIO CAMBORIU,Acessar a via sem observar a presença dos outros veículos,Colisão lateral mesmo sentido,Sem Vítimas,Pleno dia,Decrescente,Céu Claro,Dupla,Reta,Sim,3,0,0,0,2,1,0,3,-27.00946639,-48.61603484,SPRF-SC,DEL04-SC,UOP03-DEL04-SC,2025
"723392,0",2025-10-07,terça-feira,14:00:00,SC,101,"204,3",SAO JOSE,Condutor deixou de manter distância do veículo da frente,Colisão traseira,Com Vítimas Feridas,Pleno dia,Decrescente,Sol,Múltipla,Reta,Sim,4,0,1,0,2,1,1,4,-27.57398746,-48.61360073,SPRF-SC,DEL01-SC,UOP01-DEL01-SC,2025
"723417,0",2025-10-07,terça-feira,16:20:00,SC,101,"115,5",ITAJAI,Transitar na calçada,Colisão lateral sentido oposto,Com Vítimas Feridas,Pleno dia,Crescente,Nublado,Dupla,Reta,Não,3,0,0,1,1,1,1,3,-26.87613682,-48.72753795,SPRF-SC,DEL04-SC,UOP04-DEL04-SC,2025
"723499,0",2025-10-07,terça-feira,21:45:00,SC,101,"48,9",JOINVILLE,Manobra de mudança de faixa,Colisão lateral mesmo sentido,Com Vítimas Feridas,Plena Noite,Decrescente,Nublado,Múltipla,Curva,Não,4,0,2,0,1,1,2,3,-26.37927727,-48.85130279,SPRF-SC,DEL03-SC,UOP01-DEL03-SC,2025
"723567,0",2025-10-08,quarta-feira,08:15:00,SC,101,"103,5",BALNEARIO PICARRAS,Reação tardia ou ineficiente do condutor,Colisão traseira,Com Vítimas Feridas,Pleno dia,Crescente,Nublado,Dupla,Reta,Não,3,0,0,1,1,1,1,3,-26.78558918,-48.68251054,SPRF-SC,DEL03-SC,UOP02-DEL03-SC,2025
"723575,0",2025-10-08,quarta-feira,11:00:00,SC,101,"208,3",SAO JOSE,Condutor deixou de manter distância do veículo da frente,Colisão traseira,Com Vítimas Feridas,Pleno dia,Decrescente,Céu Claro,Simples,Viaduto;Reta,Sim,2,0,1,0,1,0,1,2,-27.60481,-48.63529,SPRF-SC,DEL01-SC,UOP01-DEL01-SC,2025
"723608,0",2025-10-08,quarta-feira,11:50:00,SC,282,"258,0",SAO JOSE DO CERRITO,Ausência de reação do condutor,Saída de leito carroçável,Com Vítimas Feridas,Pleno dia,Decrescente,Céu Claro,Simples,Curva;Declive,Não,1,0,0,1,0,0,1,1,-27.65631,-50.596488,SPRF-SC,DEL05-SC,UOP02-DEL05-SC,2025
"723685,0",2025-10-08,quarta-feira,20:50:00,SC,116,"50,7",PAPANDUVA,Condutor deixou de manter distância do veículo da frente,Colisão traseira,Com Vítimas Feridas,Plena Noite,Crescente,Chuva,Simples,Reta,Não,2,0,0,1,1,0,1,2,-26.38069,-50.1337,SPRF-SC,DEL06-SC,UOP01-DEL06-SC,2025
"723708,0",2025-10-08,quarta-feira,18:00:00,SC,282,"524,4",XAXIM,Transitar na contramão,Colisão lateral sentido oposto,Sem Vítimas,Pleno dia,Crescente,Nublado,Simples,Curva,Não,2,0,0,0,2,0,0,2,-26.96388,-52.560292,SPRF-SC,DEL07-SC,UOP01-DEL07-SC,2025
"723710,0",2025-10-08,quarta-feira,20:15:00,SC,101,"142,0",ITAPEMA,Ausência de reação do condutor,Colisão lateral mesmo sentido,Com Vítimas Feridas,Plena Noite,Decrescente,Céu Claro,Dupla,Reta,Sim,7,0,2,0,4,1,2,3,-27.05988446,-48.59673198,SPRF-SC,DEL04-SC,UOP03-DEL04-SC,2025
"723723,0",2025-10-08,quarta-feira,23:25:00,SC,282,"221,1",LAGES,Pedestre andava na pista,Atropelamento de Pedestre,Com Vítimas Fatais,Plena Noite,Decrescente,Nublado,Simples,Reta,Sim,4,1,0,0,2,1,0,4,-27.79603403,-50.34216106,SPRF-SC,DEL05-SC,UOP01-DEL05-SC,2025
"723727,0",2025-10-09,quinta-feira,03:20:00,SC,282,"175,5",BOCAINA DO SUL,Ingestão de álcool pelo condutor,Colisão frontal,Com Vítimas Fatais,Plena Noite,Decrescente,Nublado,Simples,Reta,Não,4,2,0,0,1,1,0,3,-27.740735,-49.896901,SPRF-SC,DEL05-SC,UOP01-DEL05-SC,2025
"723732,0",2025-10-08,quarta-feira,18:00:00,SC,282,"624,1",IRACEMINHA,Condutor deixou de manter distância do veículo da frente,Colisão traseira,Com Vítimas Feridas,Pleno dia,Decrescente,Sol,Simples,Reta,Não,2,0,1,0,1,0,1,2,-26.7984359,-53.3451144,SPRF-SC,DEL07-SC,UOP02-DEL07-SC,2025
"723742,0",2025-10-09,quinta-feira,05:40:00,SC,101,"86,7",BARRA VELHA,Desrespeitar a preferência no cruzamento,Colisão transversal,Com Vítimas Feridas,Amanhecer,Decrescente,Chuva,Múltipla,Interseção de Vias;Declive;Reta;Viaduto,Sim,3,0,1,0,1,1,1,3,-26.63912249,-48.69330375,SPRF-SC,DEL03-SC,UOP02-DEL03-SC,2025
"723827,0",2025-04-23,quarta-feira,03:00:00,SC,116,"1,3",MAFRA,Suicídio (presumido),Atropelamento de Pedestre,Com Vítimas Fatais,Plena Noite,Crescente,Nublado,Simples,Retorno Regulamentado;Rotatória;Reta,Sim,3,1,0,0,1,1,0,3,-26.11945,-49.78898,SPRF-SC,DEL06-SC,UOP01-DEL06-SC,2025
"723829,0",2025-10-09,quinta-feira,12:50:00,SC,101,"73,1",ARAQUARI,Reação tardia ou ineficiente do condutor,Colisão lateral mesmo sentido,Com Vítimas Feridas,Pleno dia,Decrescente,Chuva,Dupla,Reta,Não,3,0,1,0,2,0,1,3,-26.53812165,-48.71249612,SPRF-SC,DEL03-SC,UOP02-DEL03-SC,2025
"723848,0",2025-10-09,quinta-feira,11:10:00,SC,116,"59,9",PAPANDUVA,Acessar a via sem observar a presença dos outros veículos,Colisão transversal,Sem Vítimas,Pleno dia,Decrescente,Chuva,Simples,Interseção de Vias,Não,4,0,0,0,3,1,0,3,-26.381915,-50.215046,SPRF-SC,DEL06-SC,UOP02-DEL06-SC,2025
"723885,0",2025-10-09,quinta-feira,14:30:00,SC,153,"47,7",VARGEM BONITA,Condutor deixou de manter distância do veículo da frente,Colisão traseira,Sem Vítimas,Pleno dia,Decrescente,Chuva,Simples,Aclive;Reta,Não,2,0,0,0,2,0,0,1,-26.908894,-51.78425,SPRF-SC,DEL07-SC,UOP07-DEL07-SC,2025
"723937,0",2025-10-10,sexta-feira,02:50:00,SC,101,"207,6",SAO JOSE,Reação tardia ou ineficiente do condutor,Colisão com objeto,Com Vítimas Feridas,Plena Noite,Decrescente,Chuva,Múltipla,Declive;Reta,Sim,5,0,2,0,3,0,2,3,-27.602005,-48.628173,SPRF-SC,DEL01-SC,UOP01-DEL01-SC,2025
"723992,0",2025-10-10,sexta-feira,08:45:00,SC,470,"36,7",GASPAR,Ausência de reação do condutor,Colisão traseira,Com Vítimas Fatais,Pleno dia,Decrescente,Nublado,Múltipla,Curva,Sim,2,1,0,0,1,0,0,2,-26.91432093,-48.97644639,SPRF-SC,DEL04-SC,UOP01-DEL04-SC,2025
"724000,0",2025-10-10,sexta-feira,06:30:00,SC,116,"132,9",SANTA CECILIA,Reação tardia ou ineficiente do condutor,Tombamento,Com Vítimas Feridas,Amanhecer,Crescente,Nublado,Simples,Rotatória,Não,2,0,1,0,0,1,1,2,-26.913759,-50.444701,SPRF-SC,DEL06-SC,UOP02-DEL06-SC,2025
"724085,0",2025-10-10,sexta-feira,17:25:00,SC,101,"89,6",BARRA VELHA,Condutor deixou de manter distância do veículo da frente,Colisão traseira,Com Vítimas Feridas,Pleno dia,Decrescente,Garoa/Chuvisco,Múltipla,Reta,Não,2,0,1,0,1,0,1,2,-26.6534058,-48.68723059,SPRF-SC,DEL03-SC,UOP02-DEL03-SC,2025
"724104,0",2025-10-10,sexta-feira,17:28:00,SC,470,"116,0",IBIRAMA,Acostamento em desnível,Tombamento,Com Vítimas Feridas,Pleno dia,Decrescente,Nublado,Simples,Reta,Sim,3,0,2,0,0,1,2,2,-27.07758,-49.49464,SPRF-SC,DEL04-SC,UOP02-DEL04-SC,2025
"724172,0",2025-10-10,sexta-feira,23:30:00,SC,101,"337,0",TUBARAO,Reação tardia ou ineficiente do condutor,Colisão lateral mesmo sentido,Com Vítimas Feridas,Plena Noite,Crescente,Céu Claro,Dupla,Túnel,Sim,3,0,1,0,1,1,1,3,-28.4859276,-49.03745269,SPRF-SC,DEL02-SC,UOP01-DEL02-SC,2025
"724243,0",2025-10-11,sábado,08:00:00,SC,163,"73,8",SAO MIGUEL DO OESTE,Transitar na contramão,Colisão frontal,Com Vítimas Feridas,Pleno dia,Decrescente,Céu Claro,Simples,Aclive;Reta,Não,3,0,1,0,1,2,1,4,-26.68552168,-53.51451159,SPRF-SC,DEL07-SC,UOP03-DEL07-SC,2025
"724558,0",2025-10-12,domingo,14:30:00,SC,280,"165,8",MAFRA,Acessar a via sem observar a presença dos outros veículos,Colisão transversal,Com Vítimas Feridas,Pleno dia,Decrescente,Chuva,Simples,Reta,Sim,3,0,1,0,1,1,1,3,-26.179944,-49.813896,SPRF-SC,DEL06-SC,UOP01-DEL06-SC,2025
"724687,0",2025-10-12,domingo,20:15:00,SC,280,"267,5",IRINEOPOLIS,Transitar na contramão,Colisão frontal,Com Vítimas Feridas,Plena Noite,Decrescente,Nublado,Simples,Reta,Não,4,0,1,0,1,2,1,4,-26.26437656,-50.70469949,SPRF-SC,DEL06-SC,UOP04-DEL06-SC,2025
"724704,0",2025-10-13,segunda-feira,01:20:00,SC,163,"77,6",SAO MIGUEL DO OESTE,Transitar na contramão,Colisão frontal,Sem Vítimas,Plena Noite,Decrescente,Nevoeiro/Neblina,Simples,Declive,Não,2,0,0,0,2,0,0,2,-26.66708097,-53.5198066,SPRF-SC,DEL07-SC,UOP03-DEL07-SC,2025
"724718,0",2025-10-13,segunda-feira,05:15:00,SC,101,"362,3",SANGAO,Ausência de reação do condutor,Colisão traseira,Com Vítimas Feridas,Amanhecer,Decrescente,Céu Claro,Múltipla,Aclive;Reta,Não,3,0,0,1,1,1,1,3,-28.67718,-49.13432,SPRF-SC,DEL02-SC,UOP01-DEL02-SC,2025
"724775,0",2025-10-13,segunda-feira,11:00:00,SC,282,"345,9",CAMPOS NOVOS,Ultrapassagem Indevida,Colisão transversal,Com Vítimas Feridas,Pleno dia,Decrescente,Céu Claro,Simples,Reta,Não,2,0,1,0,1,0,1,2,-27.36931,-51.25355,SPRF-SC,DEL07-SC,UOP06-DEL07-SC,2025
"724804,0",2025-10-13,segunda-feira,14:20:00,SC,101,"32,0",JOINVILLE,Reação tardia ou ineficiente do condutor,Colisão lateral mesmo sentido,Com Vítimas Feridas,Pleno dia,Decrescente,Céu Claro,Dupla,Reta,Não,3,0,1,0,1,1,1,3,-26.25138194,-48.90784677,SPRF-SC,DEL03-SC,UOP01-DEL03-SC,2025