id,data_inversa,dia_semana,horario,uf,br,km,municipio,causa_acidente,tipo_acidente,classificacao_acidente,fase_dia,sentido_via,condicao_metereologica,tipo_pista,tracado_via,uso_solo,pessoas,mortos,feridos_leves,feridos_graves,ilesos,ignorados,feridos,veiculos,latitude,longitude,regional,delegacia,uop,ano_arquivo
"724835,0",2025-07-29,terça-feira,13:20:00,SC,101,"281,9",IMBITUBA,Reação tardia ou ineficiente do condutor,Colisão com objeto,Com Vítimas Fatais,Pleno dia,Decrescente,Céu Claro,Múltipla,Em Obras;Reta,Sim,4,1,0,0,1,2,0,3,-28.204692,-48.697874,SPRF-SC,DEL02-SC,UOP03-DEL02-SC,2025
"724838,0",2025-10-13,segunda-feira,16:35:00,SC,101,"110,0",PENHA,Ausência de reação do condutor,Colisão traseira,Com Vítimas Feridas,Pleno dia,Decrescente,Céu Claro,Simples,Reta,Não,2,0,1,0,0,1,1,2,-26.83663166,-48.70857239,SPRF-SC,DEL03-SC,UOP02-DEL03-SC,2025
"724907,0",2025-10-13,segunda-feira,20:30:00,SC,280,"22,0",ARAQUARI,Acessar a via sem observar a presença dos outros veículos,Colisão transversal,Sem Vítimas,Plena Noite,Decrescente,Céu Claro,Simples,Reta,Sim,3,0,0,0,2,2,0,4,-26.37124344,-48.70698452,SPRF-SC,DEL03-SC,UOP03-DEL03-SC,2025
"724930,0",2025-10-14,terça-feira,07:25:00,SC,470,"122,0",IBIRAMA,Condutor deixou de manter distância do veículo da frente,Colisão traseira,Com Vítimas Feridas,Pleno dia,Crescente,Céu Claro,Simples,Reta,Sim,2,0,1,0,1,0,1,2,-27.1055087,-49.5243405,SPRF-SC,DEL04-SC,UOP02-DEL04-SC,2025
"724932,0",2025-10-14,terça-feira,06:45:00,SC,101,"121,0",ITAJAI,Reação tardia ou ineficiente do condutor,Colisão lateral mesmo sentido,Com Vítimas Feridas,Pleno dia,Decrescente,Céu Claro,Dupla,Reta,Sim,3,0,0,1,1,1,1,3,-26.92095,-48.7083,SPRF-SC,DEL04-SC,UOP04-DEL04-SC,2025
"724971,0",2025-10-14,terça-feira,09:00:00,SC,101,"331,0",TUBARAO,Condutor deixou de manter distância do veículo da frente,Colisão traseira,Com Vítimas Feridas,Pleno dia,Decrescente,Céu Claro,Dupla,Reta;Aclive;Ponte,Sim,3,0,0,1,2,0,1,2,-28.46667721,-48.99686543,SPRF-SC,DEL02-SC,UOP01-DEL02-SC,2025
"725013,0",2025-10-14,terça-feira,15:50:00,SC,280,"39,0",ARAQUARI,Ausência de reação do condutor,Saída de leito carroçável,Com Vítimas Feridas,Pleno dia,Decrescente,Céu Claro,Dupla,Em Obras;Reta,Não,1,0,1,0,0,0,1,1,-26.44867,-48.837363,SPRF-SC,DEL03-SC,UOP03-DEL03-SC,2025
"725049,0",2025-07-27,domingo,17:00:00,SC,282,"564,9",NOVA ERECHIM,Acumulo de água sobre o pavimento,Colisão frontal,Com Vítimas Fatais,Anoitecer,Decrescente,Chuva,Simples,Curva,Não,7,2,2,3,0,0,5,2,-26.8989531,-52.8737801,SPRF-SC,DEL07-SC,UOP02-DEL07-SC,2025
"725063,0",2025-10-14,terça-feira,18:10:00,SC,116,"69,1",MONTE CASTELO,Desrespeitar a preferência no cruzamento,Colisão transversal,Com Vítimas Feridas,Anoitecer,Decrescente,Céu Claro,Simples,Declive;Rotatória;Curva,Sim,4,0,1,1,1,1,2,3,-26.461193,-50.228693,SPRF-SC,DEL06-SC,UOP02-DEL06-SC,2025
"725119,0",2025-10-14,terça-feira,18:00:00,SC,280,"110,0",SAO BENTO DO SUL,Acessar a via sem observar a presença dos outros veículos,Colisão transversal,Com Vítimas Feridas,Plena Noite,Crescente,Céu Claro,Simples,Interseção de Vias,Não,3,0,1,0,2,0,1,2,-26.308409,-49.388388,SPRF-SC,DEL06-SC,UOP03-DEL06-SC,2025
"725135,0",2025-10-15,quarta-feira,08:00:00,SC,101,"208,1",SAO JOSE,Manobra de mudança de faixa,Colisão lateral mesmo sentido,Com Vítimas Feridas,Pleno dia,Crescente,Céu Claro,Múltipla,Reta;Declive,Sim,3,0,0,1,1,1,1,3,-27.604463,-48.63315,SPRF-SC,DEL01-SC,UOP01-DEL01-SC,2025
"725160,0",2025-10-15,quarta-feira,09:00:00,SC,470,"256,3",CURITIBANOS,Reação tardia ou ineficiente do condutor,Saída de leito carroçável,Com Vítimas Feridas,Pleno dia,Crescente,Céu Claro,Simples,Reta,Não,2,0,1,0,0,1,1,2,-27.3088033,-50.642665,SPRF-SC,DEL05-SC,UOP03-DEL05-SC,2025
"725172,0",2025-10-15,quarta-feira,10:55:00,SC,101,"102,0",BALNEARIO PICARRAS,Condutor deixou de manter distância do veículo da frente,Colisão traseira,Com Vítimas Feridas,Pleno dia,Crescente,Céu Claro,Dupla,Reta,Não,3,0,0,1,1,1,1,3,-26.76951155,-48.68616052,SPRF-SC,DEL03-SC,UOP02-DEL03-SC,2025
"725174,0",2025-10-15,quarta-feira,10:20:00,SC,163,"80,0",GUARACIABA,Ausência de reação do condutor,Engavetamento,Com Vítimas Feridas,Pleno dia,Crescente,Céu Claro,Simples,Reta,Não,4,0,1,0,3,0,1,3,-26.64831323,-53.51907914,SPRF-SC,DEL07-SC,UOP03-DEL07-SC,2025
"725179,0",2025-10-15,quarta-feira,12:00:00,SC,101,"205,1",SAO JOSE,Ausência de reação do condutor,Colisão lateral mesmo sentido,Com Vítimas Feridas,Pleno dia,Crescente,Céu Claro,Dupla,Reta,Não,3,0,1,0,2,0,1,2,-27.584327,-48.615673,SPRF-SC,DEL01-SC,UOP01-DEL01-SC,2025
"725181,0",2025-10-15,quarta-feira,08:55:00,SC,280,"91,0",CORUPA,Velocidade Incompatível,Tombamento,Com Vítimas Feridas,Pleno dia,Decrescente,Céu Claro,Simples,Curva;Declive,Não,1,0,1,0,0,0,1,1,-26.398643,-49.295883,SPRF-SC,DEL06-SC,UOP03-DEL06-SC,2025
"725230,0",2025-10-15,quarta-feira,18:20:00,SC,101,"209,6",SAO JOSE,Manobra de mudança de faixa,Colisão lateral mesmo sentido,Com Vítimas Feridas,Anoitecer,Crescente,Nublado,Dupla,Reta;Declive,Sim,3,0,1,0,2,0,1,3,-27.614313,-48.643432,SPRF-SC,DEL01-SC,UOP01-DEL01-SC,2025
"725314,0",2025-10-15,quarta-feira,15:30:00,SC,101,"41,0",JOINVILLE,Manobra de mudança de faixa,Colisão lateral mesmo sentido,Com Vítimas Feridas,Pleno dia,Crescente,Nublado,Dupla,Declive;Reta,Sim,2,0,1,0,1,0,1,2,-26.31332902,-48.87125909,SPRF-SC,DEL03-SC,UOP01-DEL03-SC,2025
"725382,0",2025-10-16,quinta-feira,10:32:00,SC,470,"74,1",INDAIAL,Condutor usando celular,Colisão frontal,Com Vítimas Fatais,Pleno dia,Decrescente,Céu Claro,Simples,Reta,Não,4,1,1,0,1,1,1,4,-26.917577,-49.281417,SPRF-SC,DEL04-SC,UOP01-DEL04-SC,2025
"725401,0",2025-10-16,quinta-feira,14:00:00,SC,101,"205,0",SAO JOSE,Manobra de mudança de faixa,Engavetamento,Com Vítimas Feridas,Pleno dia,Crescente,Céu Claro,Múltipla,Reta,Sim,4,0,2,0,1,1,2,4,-27.58424632,-48.61526515,SPRF-SC,DEL01-SC,UOP01-DEL01-SC,2025
"725446,0",2025-10-16,quinta-feira,14:40:00,SC,116,"305,3",CAPAO ALTO,Problema com o freio,Tombamento,Com Vítimas Feridas,Pleno dia,Crescente,Chuva,Simples,Declive;Curva,Não,2,0,0,1,0,1,1,2,-28.19945657,-50.72730415,SPRF-SC,DEL05-SC,UOP02-DEL05-SC,2025
"725452,0",2025-10-16,quinta-feira,14:15:00,SC,282,"109,7",ALFREDO WAGNER,Demais falhas mecânicas ou elétricas,Saída de leito carroçável,Com Vítimas Fatais,Pleno dia,Decrescente,Céu Claro,Simples,Declive;Curva,Não,1,1,0,0,0,0,0,1,-27.725715,-49.359529,SPRF-SC,DEL01-SC,UOP03-DEL01-SC,2025
"725453,0",2025-10-16,quinta-feira,18:20:00,SC,470,"34,0",GASPAR,Acessar a via sem observar a presença dos outros veículos,Colisão lateral mesmo sentido,Com Vítimas Feridas,Plena Noite,Crescente,Céu Claro,Dupla,Em Obras;Desvio Temporário,Não,2,0,0,1,1,0,1,2,-26.91288611,-48.95439148,SPRF-SC,DEL04-SC,UOP01-DEL04-SC,2025
"725525,0",2025-10-17,sexta-feira,07:00:00,SC,101,"191,2",BIGUACU,Manobra de mudança de faixa,Colisão lateral mesmo sentido,Com Vítimas Feridas,Pleno dia,Decrescente,Céu Claro,Dupla,Curva,Sim,3,0,1,0,1,1,1,3,-27.47857,-48.64374,SPRF-SC,DEL01-SC,UOP01-DEL01-SC,2025
"725562,0",2025-10-17,sexta-feira,07:48:00,SC,101,"15,0",GARUVA,Acessar a via sem observar a presença dos outros veículos,Colisão lateral mesmo sentido,Com Vítimas Feridas,Pleno dia,Decrescente,Nublado,Múltipla,Reta;Retorno Regulamentado,Não,2,0,1,0,1,0,1,2,-26.104453,-48.871037,SPRF-SC,DEL03-SC,UOP01-DEL03-SC,2025
"725629,0",2025-10-17,sexta-feira,13:20:00,SC,282,"599,9",CUNHA PORA,Condutor deixou de manter distância do veículo da frente,Colisão traseira,Com Vítimas Feridas,Pleno dia,Crescente,Chuva,Simples,Curva,Não,9,0,1,0,7,2,1,4,-26.815832,-53.164442,SPRF-SC,DEL07-SC,UOP02-DEL07-SC,2025
"725765,0",2025-10-17,sexta-feira,23:00:00,SC,470,"19,0",ILHOTA,Objeto estático sobre o leito carroçável,Colisão com objeto,Sem Vítimas,Plena Noite,Crescente,Nublado,Dupla,Reta,Não,2,0,0,0,1,1,0,2,-26.86539048,-48.81620025,SPRF-SC,DEL04-SC,UOP04-DEL04-SC,2025
"725798,0",2025-10-18,sábado,06:00:00,SC,101,"120,0",ITAJAI,Reação tardia ou ineficiente do condutor,Colisão traseira,Com Vítimas Feridas,Amanhecer,Decrescente,Chuva,Dupla,Reta,Sim,4,0,2,0,1,1,2,3,-26.92026789,-48.70861799,SPRF-SC,DEL04-SC,UOP04-DEL04-SC,2025
"725883,0",2025-10-18,sábado,10:40:00,SC,282,"539,5",CHAPECO,Transitar na contramão,Colisão lateral sentido oposto,Com Vítimas Feridas,Pleno dia,Crescente,Céu Claro,Simples,Curva,Não,4,0,1,0,3,0,1,3,-26.991373,-52.686512,SPRF-SC,DEL07-SC,UOP01-DEL07-SC,2025
"725906,0",2025-10-18,sábado,16:35:00,SC,282,"408,0",CATANDUVAS,Ausência de reação do condutor,Saída de leito carroçável,Com Vítimas Feridas,Pleno dia,Decrescente,Garoa/Chuvisco,Simples,Reta,Não,1,0,1,0,0,0,1,1,-27.085082,-51.661722,SPRF-SC,DEL07-SC,UOP05-DEL07-SC,2025
"726010,0",2025-10-19,domingo,03:30:00,SC,101,"181,3",BIGUACU,Avarias e/ou desgaste excessivo no pneu,Colisão com objeto,Com Vítimas Feridas,Plena Noite,Crescente,Céu Claro,Dupla,Reta,Sim,4,0,1,0,2,1,1,3,-27.39178,-48.63164,SPRF-SC,DEL01-SC,UOP01-DEL01-SC,2025
"726190,0",2025-10-19,domingo,19:00:00,SC,101,"457,5",SAO JOAO DO SUL,Ausência de reação do condutor,Colisão traseira,Sem Vítimas,Plena Noite,Decrescente,Nublado,Múltipla,Reta,Não,2,0,0,0,1,1,0,2,-29.24366346,-49.75408673,SPRF-SC,DEL02-SC,UOP02-DEL02-SC,2025
"726353,0",2025-10-20,segunda-feira,10:25:00,SC,470,"116,0",IBIRAMA,Velocidade Incompatível,Tombamento,Com Vítimas Feridas,Pleno dia,Decrescente,Céu Claro,Simples,Interseção de Vias;Curva;Declive,Não,2,0,1,0,0,1,1,2,-27.08236408,-49.52049701,SPRF-SC,DEL04-SC,UOP02-DEL04-SC,2025
"726444,0",2025-10-20,segunda-feira,21:07:00,SC,101,"185,9",BIGUACU,Acessar a via sem observar a presença dos outros veículos,Colisão traseira,Com Vítimas Feridas,Plena Noite,Crescente,Céu Claro,Múltipla,Curva;Interseção de Vias,Sim,2,0,0,1,1,0,1,2,-27.43397,-48.62555,SPRF-SC,DEL01-SC,UOP01-DEL01-SC,2025
"726457,0",2025-10-20,segunda-feira,20:40:00,SC,282,"342,9",CAMPOS NOVOS,Transitar na contramão,Colisão lateral sentido oposto,Com Vítimas Feridas,Plena Noite,Crescente,Céu Claro,Simples,Reta,Sim,2,0,1,0,1,0,1,2,-27.390272,-51.22344,SPRF-SC,DEL07-SC,UOP06-DEL07-SC,2025
"726472,0",2025-10-21,terça-feira,05:15:00,SC,470,"146,0",RIO DO SUL,Acessar a via sem observar a presença dos outros veículos,Colisão transversal,Com Vítimas Feridas,Amanhecer,Crescente,Nublado,Simples,Curva,Não,3,0,1,0,2,0,1,2,-27.23259448,-49.67200155,SPRF-SC,DEL04-SC,UOP02-DEL04-SC,2025
"726478,0",2025-10-21,terça-feira,05:20:00,SC,101,"282,0",IMBITUBA,Condutor usando celular,Tombamento,Com Vítimas Feridas,Pleno dia,Decrescente,Céu Claro,Múltipla,Reta,Sim,2,0,1,0,0,1,1,2,-28.215,-48.7,SPRF-SC,DEL02-SC,UOP03-DEL02-SC,2025
"726506,0",2025-10-21,terça-feira,08:15:00,SC,282,"2,4",FLORIANOPOLIS,Trafegar com motocicleta (ou similar) entre as faixas,Colisão lateral mesmo sentido,Com Vítimas Feridas,Pleno dia,Decrescente,Nublado,Dupla,Reta,Sim,3,0,1,0,2,0,1,3,-27.602,-48.595,SPRF-SC,DEL01-SC,UOP01-DEL01-SC,2025
"726532,0",2025-10-21,terça-feira,11:20:00,SC,101,"203,5",SAO JOSE,Reação tardia ou ineficiente do condutor,Engavetamento,Com Vítimas Feridas,Pleno dia,Decrescente,Nublado,Múltipla,Reta,Sim,5,0,1,0,3,2,1,5,-27.56991,-48.61366,SPRF-SC,DEL01-SC,UOP01-DEL01-SC,2025
"726661,0",2025-10-21,terça-feira,23:00:00,SC,470,"157,9",TROMBUDO CENTRAL,Curva acentuada,Colisão lateral sentido oposto,Com Vítimas Fatais,Plena Noite,Decrescente,Chuva,Simples,Declive;Curva,Não,3,1,0,0,1,1,0,3,-27.287093,-49.778267,SPRF-SC,DEL04-SC,UOP02-DEL04-SC,2025
"726727,0",2025-10-07,terça-feira,18:15:00,SC,282,"520,0",XAXIM,Reação tardia ou ineficiente do condutor,Tombamento,Sem Vítimas,Anoitecer,Decrescente,Céu Claro,Simples,Curva,Não,2,0,0,0,1,1,0,2,-26.9512761,-52.524276,SPRF-SC,DEL07-SC,UOP01-DEL07-SC,2025
"726738,0",2025-10-22,quarta-feira,11:45:00,SC,101,"358,3",SANGAO,Desrespeitar a preferência no cruzamento,Colisão transversal,Com Vítimas Feridas,Pleno dia,Crescente,Céu Claro,Múltipla,Reta,Sim,4,0,1,1,1,1,2,3,-28.65266144,-49.10692334,SPRF-SC,DEL02-SC,UOP01-DEL02-SC,2025
"726762,0",2025-10-22,quarta-feira,14:20:00,SC,280,"237,3",CANOINHAS,Reação tardia ou ineficiente do condutor,Colisão lateral sentido oposto,Com Vítimas Feridas,Pleno dia,Crescente,Céu Claro,Simples,Curva,Não,4,0,3,0,1,0,3,2,-26.20048,-50.43321,SPRF-SC,DEL06-SC,UOP04-DEL06-SC,2025
"726839,0",2025-10-22,quarta-feira,15:30:00,SC,163,"93,0",GUARACIABA,Velocidade Incompatível,Colisão traseira,Com Vítimas Feridas,Pleno dia,Decrescente,Céu Claro,Simples,Reta;Declive,Não,4,0,3,0,0,1,3,3,-26.54290726,-53.52041245,SPRF-SC,DEL07-SC,UOP03-DEL07-SC,2025
"726864,0",2025-10-23,quinta-feira,05:55:00,SC,280,"99,0",SAO BENTO DO SUL,Transitar na contramão,Colisão frontal,Com Vítimas Feridas,Pleno dia,Crescente,Chuva,Simples,Curva,Não,2,0,1,0,1,0,1,2,-26.370875,-49.333848,SPRF-SC,DEL06-SC,UOP03-DEL06-SC,2025
"726895,0",2025-10-23,quinta-feira,08:00:00,SC,101,"24,1",SAO JOSE,Manobra de mudança de faixa,Colisão lateral mesmo sentido,Com Vítimas Feridas,Pleno dia,Crescente,Céu Claro,Múltipla,Reta;Túnel,Não,4,0,0,2,1,1,2,3,-27.52783432,-48.70745659,SPRF-SC,DEL01-SC,UOP02-DEL01-SC,2025
"726912,0",2025-10-23,quinta-feira,09:20:00,SC,282,"534,0",CORDILHEIRA ALTA,Reação tardia ou ineficiente do condutor,Colisão frontal,Com Vítimas Feridas,Pleno dia,Decrescente,Céu Claro,Simples,Curva,Não,5,0,1,0,2,3,1,6,-26.99590542,-52.63834119,SPRF-SC,DEL07-SC,UOP01-DEL07-SC,2025
"726978,0",2025-10-23,quinta-feira,16:30:00,SC,470,"266,7",CURITIBANOS,Ausência de reação do condutor,Tombamento,Com Vítimas Feridas,Pleno dia,Crescente,Céu Claro,Simples,Curva;Declive,Não,2,0,1,0,0,1,1,2,-27.31147,-50.7459,SPRF-SC,DEL05-SC,UOP03-DEL05-SC,2025
"726998,0",2025-10-23,quinta-feira,14:59:00,SC,101,"54,9",JOINVILLE,Transitar no Acostamento,Colisão traseira,Com Vítimas Feridas,Pleno dia,Crescente,Céu Claro,Dupla,Declive;Curva,Não,4,0,0,1,2,2,1,5,-26.42763486,-48.82691145,SPRF-SC,DEL03-SC,UOP01-DEL03-SC,2025
"727012,0",2025-10-23,quinta-feira,19:45:00,SC,101,"139,2",BALNEARIO CAMBORIU,Reação tardia ou ineficiente do condutor,Colisão traseira,Com Vítimas Feridas,Plena Noite,Crescente,Céu Claro,Simples,Reta;Aclive,Não,2,0,0,1,1,0,1,2,-27.03436561,-48.60475803,SPRF-SC,DEL04-SC,UOP03-DEL04-SC,2025
"727055,0",2025-10-23,quinta-feira,23:30:00,SC,470,"198,7",PONTE ALTA,Transitar na contramão,Colisão lateral sentido oposto,Com Vítimas Feridas,Plena Noite,Decrescente,Céu Claro,Simples,Reta,Não,3,0,1,0,1,1,1,3,-27.30962,-50.12808,SPRF-SC,DEL05-SC,UOP03-DEL05-SC,2025
"727128,0",2025-10-24,sexta-feira,08:45:00,SC,101,"136,0",BALNEARIO CAMBORIU,Trafegar com motocicleta (ou similar) entre as faixas,Colisão traseira,Com Vítimas Feridas,Pleno dia,Decrescente,Céu Claro,Múltipla,Reta,Sim,3,0,1,0,1,1,1,3,-27.01117574,-48.61418931,SPRF-SC,DEL04-SC,UOP03-DEL04-SC,2025
"727143,0",2025-10-24,sexta-feira,08:30:00,SC,282,"216,0",LAGES,Pedestre andava na pista,Atropelamento de Pedestre,Com Vítimas Fatais,Pleno dia,Crescente,Céu Claro,Simples,Declive;Curva,Sim,3,1,0,0,1,1,0,3,-27.79705,-50.28972,SPRF-SC,DEL05-SC,UOP01-DEL05-SC,2025
"727157,0",2025-10-20,segunda-feira,06:50:00,SC,282,"587,9",SAUDADES,Ausência de reação do condutor,Saída de leito carroçável,Sem Vítimas,Pleno dia,Crescente,Céu Claro,Múltipla,Aclive,Não,2,0,0,0,1,1,0,2,-26.826181,-53.051388,SPRF-SC,DEL07-SC,UOP02-DEL07-SC,2025
"727214,0",2025-10-24,sexta-feira,15:45:00,SC,280,"68,0",JARAGUA DO SUL,Trafegar com motocicleta (ou similar) entre as faixas,Colisão lateral sentido oposto,Com Vítimas Feridas,Pleno dia,Decrescente,Nublado,Simples,Reta,Sim,3,0,0,1,1,1,1,3,-26.469513,-49.116078,SPRF-SC,DEL03-SC,UOP03-DEL03-SC,2025
"727254,0",2025-10-24,sexta-feira,19:45:00,SC,101,"143,0",ITAPEMA,Ingestão de álcool pelo condutor,Colisão lateral mesmo sentido,Sem Vítimas,Plena Noite,Crescente,Nublado,Dupla,Reta,Sim,2,0,0,0,2,0,0,2,-27.06437881,-48.5959994,SPRF-SC,DEL04-SC,UOP03-DEL04-SC,2025
"727297,0",2025-10-24,sexta-feira,21:00:00,SC,282,"604,0",MARAVILHA,Ausência de reação do condutor,Colisão lateral mesmo sentido,Sem Vítimas,Pleno dia,Crescente,Nublado,Simples,Aclive,Não,3,0,0,0,1,3,0,4,-26.80278903,-53.18851607,SPRF-SC,DEL07-SC,UOP02-DEL07-SC,2025
"727392,0",2025-10-25,sábado,09:45:00,SC,282,"523,7",XAXIM,Conversão proibida,Colisão transversal,Com Vítimas Feridas,Pleno dia,Decrescente,Sol,Simples,Reta,Sim,3,0,1,0,2,0,1,2,-26.965342,-52.55347,SPRF-SC,DEL07-SC,UOP01-DEL07-SC,2025
"727411,0",2025-10-25,sábado,13:30:00,SC,101,"147,0",ITAPEMA,Manobra de mudança de faixa,Colisão lateral mesmo sentido,Com Vítimas Feridas,Pleno dia,Decrescente,Céu Claro,Dupla,Reta,Sim,5,0,3,0,1,1,3,4,-27.08764933,-48.6113011,SPRF-SC,DEL04-SC,UOP03-DEL04-SC,2025
"727440,0",2025-10-25,sábado,16:00:00,SC,282,"111,7",ALFREDO WAGNER,Velocidade Incompatível,Tombamento,Com Vítimas Feridas,Pleno dia,Crescente,Nublado,Simples,Curva,Não,2,0,1,0,0,1,1,2,-27.733597,-49.373738,SPRF-SC,DEL01-SC,UOP03-DEL01-SC,2025
"727524,0",2025-10-25,sábado,19:00:00,SC,280,"212,3",TRES BARRAS,Acessar a via sem observar a presença dos outros veículos,Colisão transversal,Sem Vítimas,Plena Noite,Decrescente,Céu Claro,Simples,Reta,Não,3,0,0,0,1,3,0,4,-26.1796,-50.1915599,SPRF-SC,DEL06-SC,UOP04-DEL06-SC,2025
"727555,0",2025-10-25,sábado,20:20:00,SC,101,"93,9",BARRA VELHA,Pedestre andava na pista,Atropelamento de Pedestre,Com Vítimas Feridas,Plena Noite,Decrescente,Garoa/Chuvisco,Múltipla,Reta,Não,3,0,0,1,1,1,1,3,-26.70323009,-48.69999502,SPRF-SC,DEL03-SC,UOP02-DEL03-SC,2025
"727556,0",2025-10-25,sábado,20:50:00,SC,101,"94,4",BARRA VELHA,Ausência de reação do condutor,Colisão traseira,Com Vítimas Fatais,Plena Noite,Decrescente,Céu Claro,Dupla,Reta;Aclive,Não,12,1,3,5,2,3,8,10,-26.70410228,-48.7002453,SPRF-SC,DEL03-SC,UOP02-DEL03-SC,2025
"727684,0",2025-10-26,domingo,15:00:00,SC,282,"528,5",CORDILHEIRA ALTA,Condutor usando celular,Colisão frontal,Com Vítimas Fatais,Pleno dia,Decrescente,Nublado,Simples,Curva,Não,3,1,0,0,1,1,0,3,-26.9809366,-52.5913018,SPRF-SC,DEL07-SC,UOP01-DEL07-SC,2025
"727863,0",2025-08-04,segunda-feira,03:20:00,SC,280,"131,2",RIO NEGRINHO,Transitar na contramão,Colisão frontal,Com Vítimas Fatais,Plena Noite,Decrescente,Céu Claro,Simples,Reta,Sim,4,1,2,0,1,0,2,2,-26.257,-49.542,SPRF-SC,DEL06-SC,UOP03-DEL06-SC,2025
"727948,0",2025-10-27,segunda-feira,16:40:00,SC,101,"60,0",ARAQUARI,Manobra de mudança de faixa,Colisão lateral mesmo sentido,Sem Vítimas,Pleno dia,Decrescente,Chuva,Dupla,Reta,Não,3,0,0,0,2,1,0,2,-26.45110304,-48.78517326,SPRF-SC,DEL03-SC,UOP02-DEL03-SC,2025
"727965,0",2025-10-27,segunda-feira,16:55:00,SC,101,"112,0",ITAJAI,Trafegar com motocicleta (ou similar) entre as faixas,Colisão lateral mesmo sentido,Com Vítimas Fatais,Pleno dia,Decrescente,Nublado,Dupla,Reta;Aclive;Ponte,Sim,5,1,1,0,1,3,1,5,-26.84502587,-48.72014594,SPRF-SC,DEL04-SC,UOP04-DEL04-SC,2025
"728019,0",2025-10-28,terça-feira,00:45:00,SC,282,"365,7",ERVAL VELHO,Ausência de reação do condutor,Colisão traseira,Com Vítimas Feridas,Plena Noite,Crescente,Céu Claro,Simples,Reta,Não,2,0,1,0,1,0,1,2,-27.292029,-51.414342,SPRF-SC,DEL07-SC,UOP05-DEL07-SC,2025
"728089,0",2025-10-28,terça-feira,12:00:00,SC,282,"111,7",ALFREDO WAGNER,Transitar na contramão,Saída de leito carroçável,Com Vítimas Feridas,Pleno dia,Crescente,Chuva,Simples,Curva;Declive,Não,3,0,1,0,2,0,1,2,-27.73432232,-49.37194571,SPRF-SC,DEL01-SC,UOP03-DEL01-SC,2025
"728129,0",2025-10-28,terça-feira,16:00:00,SC,470,"143,1",RIO DO SUL,Acessar a via sem observar a presença dos outros veículos,Colisão transversal,Com Vítimas Feridas,Pleno dia,Crescente,Garoa/Chuvisco,Simples,Reta,Sim,2,0,0,1,1,0,1,2,-27.1722477,-49.5811196,SPRF-SC,DEL04-SC,UOP02-DEL04-SC,2025
"728130,0",2025-10-28,terça-feira,15:30:00,SC,101,"122,0",ITAJAI,Condutor deixou de manter distância do veículo da frente,Colisão traseira,Com Vítimas Feridas,Pleno dia,Decrescente,Nublado,Dupla,Reta,Não,3,0,1,0,1,1,1,3,-26.93526675,-48.70012075,SPRF-SC,DEL04-SC,UOP04-DEL04-SC,2025
"728135,0",2025-10-28,terça-feira,16:32:00,SC,101,"196,0",BIGUACU,Reação tardia ou ineficiente do condutor,Colisão lateral mesmo sentido,Com Vítimas Feridas,Pleno dia,Crescente,Chuva,Dupla,Reta,Sim,2,0,0,1,1,0,1,2,-27.507418,-48.647391,SPRF-SC,DEL01-SC,UOP01-DEL01-SC,2025
"728208,0",2025-10-28,terça-feira,22:00:00,SC,101,"384,4",ICARA,Ausência de reação do condutor,Colisão traseira,Com Vítimas Fatais,Plena Noite,Decrescente,Chuva,Múltipla,Reta,Não,3,1,0,0,1,1,0,3,-28.78027235,-49.32671294,SPRF-SC,DEL02-SC,UOP02-DEL02-SC,2025
"728216,0",2025-10-28,terça-feira,19:30:00,SC,101,"276,5",PAULO LOPES,Condutor deixou de manter distância do veículo da frente,Colisão traseira,Com Vítimas Feridas,Plena Noite,Decrescente,Chuva,Dupla,Reta,Sim,2,0,1,0,1,0,1,2,-28.07716181,-48.71224822,SPRF-SC,DEL02-SC,UOP03-DEL02-SC,2025
"728234,0",2025-10-29,quarta-feira,06:15:00,SC,280,"229,9",CANOINHAS,Acessar a via sem observar a presença dos outros veículos,Colisão transversal,Com Vítimas Feridas,Amanhecer,Crescente,Nublado,Simples,Rotatória,Sim,3,0,0,1,1,2,1,4,-26.1871275,-50.3604372,SPRF-SC,DEL06-SC,UOP04-DEL06-SC,2025
"728254,0",2025-10-29,quarta-feira,08:10:00,SC,101,"339,0",TUBARAO,Acumulo de água sobre o pavimento,Colisão transversal,Com Vítimas Feridas,Pleno dia,Decrescente,Chuva,Dupla,Reta,Não,2,0,1,0,1,0,1,2,-28.500261,-49.046281,SPRF-SC,DEL02-SC,UOP01-DEL02-SC,2025
"728274,0",2025-10-29,quarta-feira,08:00:00,SC,282,"263,4",SAO JOSE DO CERRITO,Reação tardia ou ineficiente do condutor,Colisão traseira,Com Vítimas Feridas,Pleno dia,Crescente,Chuva,Simples,Interseção de Vias,Não,6,0,2,0,3,1,2,4,-27.62672826,-50.62438524,SPRF-SC,DEL05-SC,UOP02-DEL05-SC,2025
"728291,0",2025-10-29,quarta-feira,12:20:00,SC,101,"208,8",SAO JOSE,Reação tardia ou ineficiente do condutor,Colisão traseira,Com Vítimas Feridas,Pleno dia,Decrescente,Nublado,Múltipla,Reta,Sim,2,0,1,0,1,0,1,2,-27.61,-48.638,SPRF-SC,DEL01-SC,UOP01-DEL01-SC,2025
"728322,0",2025-10-29,quarta-feira,08:00:00,SC,116,"107,9",MONTE CASTELO,Reação tardia ou ineficiente do condutor,Colisão lateral sentido oposto,Com Vítimas Feridas,Pleno dia,Crescente,Garoa/Chuvisco,Simples,Curva;Declive,Não,4,0,0,1,2,3,1,6,-26.753382,-50.332687,SPRF-SC,DEL06-SC,UOP02-DEL06-SC,2025