id,data_inversa,dia_semana,horario,uf,br,km,municipio,causa_acidente,tipo_acidente,classificacao_acidente,fase_dia,sentido_via,condicao_metereologica,tipo_pista,tracado_via,uso_solo,pessoas,mortos,feridos_leves,feridos_graves,ilesos,ignorados,feridos,veiculos,latitude,longitude,regional,delegacia,uop,ano_arquivo
"728380,0",2025-10-29,quarta-feira,19:20:00,SC,470,"5,8",NAVEGANTES,Pedestre andava na pista,Atropelamento de Pedestre,Com Vítimas Fatais,Plena Noite,Crescente,Nublado,Dupla,Reta,Sim,3,1,0,0,1,1,0,3,-26.851773,-48.709948,SPRF-SC,DEL04-SC,UOP04-DEL04-SC,2025
"728396,0",2025-10-29,quarta-feira,16:40:00,SC,116,"156,6",SANTA CECILIA,Reação tardia ou ineficiente do condutor,Tombamento,Com Vítimas Feridas,Pleno dia,Decrescente,Nublado,Simples,Curva,Não,2,0,1,0,0,1,1,2,-27.08347216,-50.43823812,SPRF-SC,DEL06-SC,UOP02-DEL06-SC,2025
"728402,0",2025-10-29,quarta-feira,19:16:00,SC,470,"99,0",APIUNA,Acessar a via sem observar a presença dos outros veículos,Colisão transversal,Com Vítimas Feridas,Plena Noite,Crescente,Nublado,Simples,Reta,Sim,4,0,2,0,1,1,2,3,-27.03694253,-49.39191911,SPRF-SC,DEL04-SC,UOP02-DEL04-SC,2025
"728422,0",2025-10-30,quinta-feira,02:06:00,SC,470,"108,9",APIUNA,Transitar na contramão,Colisão frontal,Com Vítimas Fatais,Plena Noite,Crescente,Céu Claro,Simples,Reta,Não,4,3,0,0,1,0,0,2,-27.083705,-49.450462,SPRF-SC,DEL04-SC,UOP02-DEL04-SC,2025
"728432,0",2025-10-30,quinta-feira,00:45:00,SC,282,"467,0",PONTE SERRADA,Transitar na contramão,Colisão lateral sentido oposto,Com Vítimas Feridas,Plena Noite,Decrescente,Céu Claro,Simples,Reta,Não,3,0,0,1,1,4,1,6,-26.852342,-52.070202,SPRF-SC,DEL07-SC,UOP04-DEL07-SC,2025
"728510,0",2025-10-30,quinta-feira,13:15:00,SC,470,"51,0",BLUMENAU,Ausência de reação do condutor,Colisão traseira,Com Vítimas Feridas,Pleno dia,Decrescente,Nublado,Simples,Reta,Sim,2,0,1,0,1,0,1,2,-26.86487808,-49.09920629,SPRF-SC,DEL04-SC,UOP01-DEL04-SC,2025
"728562,0",2025-10-30,quinta-feira,14:35:00,SC,101,"278,4",IMBITUBA,Ausência de reação do condutor,Colisão traseira,Com Vítimas Feridas,Pleno dia,Decrescente,Nublado,Múltipla,Declive;Reta,Não,21,0,0,1,19,2,1,5,-28.18050803,-48.6955905,SPRF-SC,DEL02-SC,UOP03-DEL02-SC,2025
"728786,0",2025-10-31,sexta-feira,15:50:00,SC,116,"21,3",ITAIOPOLIS,Condutor deixou de manter distância do veículo da frente,Colisão lateral mesmo sentido,Com Vítimas Feridas,Pleno dia,Crescente,Céu Claro,Simples,Reta,Não,4,0,2,0,1,1,2,3,-26.253122,-49.909448,SPRF-SC,DEL06-SC,UOP01-DEL06-SC,2025
"728795,0",2025-10-31,sexta-feira,17:44:00,SC,282,"222,0",LAGES,Ausência de reação do condutor,Colisão traseira,Com Vítimas Feridas,Anoitecer,Crescente,Céu Claro,Dupla,Aclive;Curva,Não,4,0,1,0,2,1,1,3,-27.79871992,-50.35946131,SPRF-SC,DEL05-SC,UOP01-DEL05-SC,2025
"728813,0",2025-10-31,sexta-feira,19:20:00,SC,116,"8,8",MAFRA,Ausência de sinalização,Colisão traseira,Com Vítimas Feridas,Plena Noite,Crescente,Nublado,Dupla,Reta;Aclive,Não,2,0,1,0,1,0,1,2,-26.162128,-49.845732,SPRF-SC,DEL06-SC,UOP01-DEL06-SC,2025
"728868,0",2025-11-01,sábado,01:00:00,SC,101,"314,3",LAGUNA,Ingestão de álcool pelo condutor,Colisão traseira,Com Vítimas Feridas,Plena Noite,Crescente,Céu Claro,Dupla,Curva;Ponte,Não,4,0,1,0,2,1,1,3,-28.43340224,-48.84566545,SPRF-SC,DEL02-SC,UOP01-DEL02-SC,2025
"729161,0",2025-11-02,domingo,11:00:00,SC,101,"52,8",JOINVILLE,Condutor Dormindo,Colisão frontal,Com Vítimas Feridas,Pleno dia,Decrescente,Nublado,Dupla,Curva,Não,8,0,6,0,2,0,6,2,-26.41486995,-48.83537499,SPRF-SC,DEL03-SC,UOP01-DEL03-SC,2025
"729276,0",2025-11-02,domingo,22:20:00,SC,282,"338,0",CAMPOS NOVOS,Ausência de reação do condutor,Colisão lateral sentido oposto,Sem Vítimas,Pleno dia,Decrescente,Céu Claro,Simples,Declive;Reta,Não,4,0,0,0,3,1,0,3,-27.3935,-51.18863,SPRF-SC,DEL07-SC,UOP06-DEL07-SC,2025
"729286,0",2025-11-03,segunda-feira,00:30:00,SC,282,"509,8",XANXERE,Acessar a via sem observar a presença dos outros veículos,Colisão lateral sentido oposto,Com Vítimas Feridas,Plena Noite,Decrescente,Céu Claro,Simples,Reta,Não,2,0,2,0,0,0,2,2,-26.89189447,-52.45862246,SPRF-SC,DEL07-SC,UOP01-DEL07-SC,2025
"729359,0",2025-11-03,segunda-feira,06:50:00,SC,101,"331,5",TUBARAO,Reação tardia ou ineficiente do condutor,Colisão lateral mesmo sentido,Com Vítimas Feridas,Pleno dia,Decrescente,Céu Claro,Múltipla,Reta,Sim,3,0,1,0,1,1,1,3,-28.4677,-49.0025,SPRF-SC,DEL02-SC,UOP01-DEL02-SC,2025
"729377,0",2025-09-29,segunda-feira,14:50:00,SC,101,"129,9",CAMBORIU,Ultrapassagem Indevida,Colisão lateral mesmo sentido,Com Vítimas Feridas,Pleno dia,Crescente,Céu Claro,Dupla,Reta,Sim,3,0,1,0,1,1,1,3,-26.98281728,-48.67321014,SPRF-SC,DEL04-SC,UOP03-DEL04-SC,2025
"729496,0",2025-11-04,terça-feira,03:00:00,SC,101,"385,0",ICARA,Ausência de reação do condutor,Colisão traseira,Sem Vítimas,Plena Noite,Crescente,Céu Claro,Dupla,Reta,Não,6,0,0,0,6,0,0,2,-28.7821798,-49.3320447,SPRF-SC,DEL02-SC,UOP02-DEL02-SC,2025
"729534,0",2025-11-04,terça-feira,07:20:00,SC,470,"66,0",INDAIAL,Acessar a via sem observar a presença dos outros veículos,Colisão lateral mesmo sentido,Com Vítimas Feridas,Pleno dia,Crescente,Céu Claro,Dupla,Curva,Não,2,0,0,1,0,1,1,2,-26.88379911,-49.24724579,SPRF-SC,DEL04-SC,UOP01-DEL04-SC,2025
"729541,0",2025-09-25,quinta-feira,15:30:00,SC,470,"186,0",POUSO REDONDO,Problema com o freio,Saída de leito carroçável,Com Vítimas Feridas,Pleno dia,Decrescente,Céu Claro,Simples,Declive;Reta,Não,2,0,1,0,0,1,1,2,-27.254656,-50.040809,SPRF-SC,DEL04-SC,UOP02-DEL04-SC,2025
"729572,0",2025-11-04,terça-feira,13:15:00,SC,101,"213,0",PALHOCA,Ausência de reação do condutor,Colisão lateral mesmo sentido,Com Vítimas Feridas,Pleno dia,Decrescente,Céu Claro,Múltipla,Reta,Não,3,0,0,1,2,0,1,3,-27.63743489,-48.66525857,SPRF-SC,DEL01-SC,UOP02-DEL01-SC,2025
"729599,0",2025-07-07,segunda-feira,17:00:00,SC,101,"224,5",PALHOCA,Acessar a via sem observar a presença dos outros veículos,Capotamento,Com Vítimas Feridas,Anoitecer,Crescente,Céu Claro,Múltipla,Reta,Não,7,0,3,0,3,2,3,5,-27.72856921,-48.64239693,SPRF-SC,DEL01-SC,UOP02-DEL01-SC,2025
"729602,0",2025-11-04,terça-feira,15:40:00,SC,280,"58,8",GUARAMIRIM,Condutor deixou de manter distância do veículo da frente,Colisão traseira,Com Vítimas Feridas,Pleno dia,Decrescente,Céu Claro,Múltipla,Curva,Sim,4,0,1,0,3,0,1,3,-26.474912,-49.029382,SPRF-SC,DEL03-SC,UOP03-DEL03-SC,2025
"729637,0",2025-11-04,terça-feira,20:45:00,SC,101,"199,7",SAO JOSE,Reação tardia ou ineficiente do condutor,Colisão traseira,Com Vítimas Feridas,Plena Noite,Decrescente,Céu Claro,Dupla,Aclive;Reta,Sim,5,0,1,0,3,2,1,5,-27.538287,-48.624658,SPRF-SC,DEL01-SC,UOP01-DEL01-SC,2025
"729652,0",2025-11-04,terça-feira,19:25:00,SC,282,"527,9",CORDILHEIRA ALTA,Animais na Pista,Atropelamento de Animal,Com Vítimas Feridas,Plena Noite,Decrescente,Céu Claro,Simples,Curva,Não,1,0,1,0,0,0,1,1,-26.9779091,-52.58818367,SPRF-SC,DEL07-SC,UOP01-DEL07-SC,2025
"729671,0",2025-11-05,quarta-feira,01:20:00,SC,116,"55,1",PAPANDUVA,Transitar na contramão,Colisão frontal,Com Vítimas Feridas,Plena Noite,Decrescente,Nublado,Simples,Reta,Não,3,0,1,0,1,1,1,3,-26.3930863,-50.1707566,SPRF-SC,DEL06-SC,UOP02-DEL06-SC,2025
"729688,0",2025-11-05,quarta-feira,06:20:00,SC,101,"127,2",ITAJAI,Ausência de reação do condutor,Colisão traseira,Com Vítimas Feridas,Pleno dia,Crescente,Nublado,Dupla,Reta,Não,3,0,1,0,1,1,1,3,-26.96994037,-48.68358359,SPRF-SC,DEL04-SC,UOP04-DEL04-SC,2025
"729737,0",2025-11-05,quarta-feira,09:35:00,SC,470,"319,4",CAMPOS NOVOS,Desrespeitar a preferência no cruzamento,Colisão transversal,Com Vítimas Fatais,Pleno dia,Crescente,Sol,Simples,Interseção de Vias;Retorno Regulamentado;Reta,Sim,3,1,0,1,1,0,1,2,-27.41174244,-51.230534,SPRF-SC,DEL07-SC,UOP06-DEL07-SC,2025
"729764,0",2025-10-18,sábado,03:40:00,SC,470,"172,0",POUSO REDONDO,Ingestão de álcool pelo condutor,Colisão frontal,Com Vítimas Fatais,Plena Noite,Crescente,Garoa/Chuvisco,Simples,Declive;Reta,Não,3,1,1,0,0,1,1,3,-27.2578598,-49.9112806,SPRF-SC,DEL04-SC,UOP02-DEL04-SC,2025
"729767,0",2025-10-24,sexta-feira,07:10:00,SC,470,"2,0",NAVEGANTES,Condutor deixou de manter distância do veículo da frente,Colisão traseira,Com Vítimas Feridas,Pleno dia,Decrescente,Nublado,Dupla,Reta,Não,2,0,1,0,0,1,1,2,-26.8596322,-48.68805282,SPRF-SC,DEL04-SC,UOP04-DEL04-SC,2025
"729790,0",2025-11-05,quarta-feira,15:45:00,SC,101,"101,5",BALNEARIO PICARRAS,Ausência de reação do condutor,Colisão transversal,Com Vítimas Feridas,Pleno dia,Crescente,Nublado,Dupla,Interseção de Vias,Não,2,0,1,0,0,1,1,2,-26.7657251,-48.68624434,SPRF-SC,DEL03-SC,UOP02-DEL03-SC,2025
"729791,0",2025-11-05,quarta-feira,16:00:00,SC,480,"125,1",CHAPECO,Condutor deixou de manter distância do veículo da frente,Colisão traseira,Com Vítimas Feridas,Pleno dia,Decrescente,Céu Claro,Múltipla,Reta,Sim,3,0,0,1,1,1,1,3,-26.99996485,-52.64663581,SPRF-SC,DEL07-SC,UOP01-DEL07-SC,2025
"729879,0",2025-11-05,quarta-feira,23:20:00,SC,280,"20,4",ARAQUARI,Deficiência do Sistema de Iluminação/Sinalização,Colisão traseira,Com Vítimas Feridas,Plena Noite,Decrescente,Nublado,Simples,Reta,Não,3,0,0,1,1,1,1,3,-26.370115,-48.686703,SPRF-SC,DEL03-SC,UOP03-DEL03-SC,2025
"729948,0",2025-11-06,quinta-feira,11:25:00,SC,101,"114,0",ITAJAI,Ingestão de álcool pelo condutor,Colisão traseira,Sem Vítimas,Pleno dia,Crescente,Céu Claro,Múltipla,Reta,Sim,3,0,0,0,2,1,0,3,-26.85039065,-48.72578907,SPRF-SC,DEL04-SC,UOP04-DEL04-SC,2025
"729984,0",2025-10-09,quinta-feira,08:30:00,SC,101,"203,5",SAO JOSE,Trafegar com motocicleta (ou similar) entre as faixas,Tombamento,Com Vítimas Feridas,Pleno dia,Crescente,Chuva,Múltipla,Reta,Sim,2,0,0,1,0,1,1,2,-27.56925,-48.61385,SPRF-SC,DEL01-SC,UOP01-DEL01-SC,2025
"729985,0",2025-11-06,quinta-feira,16:05:00,SC,101,"215,5",PALHOCA,Condutor deixou de manter distância do veículo da frente,Colisão lateral mesmo sentido,Com Vítimas Feridas,Pleno dia,Crescente,Céu Claro,Dupla,Rotatória,Sim,3,0,0,1,2,0,1,2,-27.65582,-48.67889,SPRF-SC,DEL01-SC,UOP02-DEL01-SC,2025
"730001,0",2025-11-06,quinta-feira,15:00:00,SC,101,"89,0",BARRA VELHA,Acessar a via sem observar a presença dos outros veículos,Colisão lateral mesmo sentido,Com Vítimas Feridas,Pleno dia,Crescente,Nublado,Múltipla,Reta,Sim,4,0,0,2,2,0,2,3,-26.65412738,-48.6877105,SPRF-SC,DEL03-SC,UOP02-DEL03-SC,2025
"730002,0",2025-11-06,quinta-feira,13:50:00,SC,101,"74,5",ARAQUARI,Manobra de mudança de faixa,Colisão lateral mesmo sentido,Com Vítimas Feridas,Pleno dia,Crescente,Céu Claro,Dupla,Aclive;Reta,Não,3,0,1,0,1,3,1,5,-26.54678095,-48.71412134,SPRF-SC,DEL03-SC,UOP02-DEL03-SC,2025
"730069,0",2025-11-06,quinta-feira,23:45:00,SC,282,"405,0",JOACABA,Transitar no Acostamento,Colisão frontal,Com Vítimas Fatais,Plena Noite,Decrescente,Nublado,Simples,Reta;Declive,Não,4,1,0,0,1,3,0,5,-27.101634,-51.646609,SPRF-SC,DEL07-SC,UOP05-DEL07-SC,2025
"730077,0",2025-11-07,sexta-feira,06:50:00,SC,101,"119,0",ITAJAI,Manobra de mudança de faixa,Colisão traseira,Com Vítimas Feridas,Pleno dia,Crescente,Chuva,Múltipla,Reta,Sim,2,0,1,0,1,0,1,2,-26.91130278,-48.71286392,SPRF-SC,DEL04-SC,UOP04-DEL04-SC,2025
"730102,0",2025-09-25,quinta-feira,07:05:00,SC,282,"487,0",FAXINAL DOS GUEDES,Manobra de mudança de faixa,Colisão lateral sentido oposto,Com Vítimas Feridas,Pleno dia,Decrescente,Céu Claro,Simples,Curva,Não,6,0,2,0,4,0,2,3,-26.855325,-52.2504361,SPRF-SC,DEL07-SC,UOP01-DEL07-SC,2025
"730106,0",2025-10-17,sexta-feira,15:50:00,SC,101,"201,0",SAO JOSE,Condutor deixou de manter distância do veículo da frente,Engavetamento,Com Vítimas Feridas,Pleno dia,Decrescente,Nublado,Dupla,Reta,Sim,4,0,1,0,2,1,1,4,-27.55222,-48.61967,SPRF-SC,DEL01-SC,UOP01-DEL01-SC,2025
"730128,0",2025-11-07,sexta-feira,10:00:00,SC,101,"137,0",BALNEARIO CAMBORIU,Reação tardia ou ineficiente do condutor,Colisão traseira,Sem Vítimas,Pleno dia,Decrescente,Nublado,Dupla,Reta,Sim,2,0,0,0,2,0,0,2,-27.018053,-48.610484,SPRF-SC,DEL04-SC,UOP03-DEL04-SC,2025
"730135,0",2025-11-07,sexta-feira,10:55:00,SC,101,"207,4",SAO JOSE,Reação tardia ou ineficiente do condutor,Saída de leito carroçável,Com Vítimas Feridas,Pleno dia,Decrescente,Garoa/Chuvisco,Múltipla,Declive;Reta,Sim,2,0,1,0,0,1,1,2,-27.601823,-48.626635,SPRF-SC,DEL01-SC,UOP01-DEL01-SC,2025
"730144,0",2025-11-07,sexta-feira,07:40:00,SC,280,"29,1",ARAQUARI,Mal súbito do condutor,Colisão traseira,Com Vítimas Feridas,Pleno dia,Decrescente,Céu Claro,Simples,Reta,Não,3,0,2,0,1,0,2,2,-26.411034,-48.753244,SPRF-SC,DEL03-SC,UOP03-DEL03-SC,2025
"730145,0",2025-11-07,sexta-feira,12:20:00,SC,101,"211,0",PALHOCA,Reação tardia ou ineficiente do condutor,Colisão traseira,Com Vítimas Feridas,Pleno dia,Decrescente,Garoa/Chuvisco,Simples,Reta,Sim,2,0,0,1,1,0,1,2,-27.6247601,-48.65346909,SPRF-SC,DEL01-SC,UOP02-DEL01-SC,2025
"730150,0",2025-11-07,sexta-feira,13:15:00,SC,282,"1,0",FLORIANOPOLIS,Reação tardia ou ineficiente do condutor,Colisão traseira,Com Vítimas Feridas,Pleno dia,Decrescente,Chuva,Múltipla,Reta,Sim,3,0,0,1,0,2,1,3,-27.602898,-48.580482,SPRF-SC,DEL01-SC,UOP01-DEL01-SC,2025
"730169,0",2025-11-07,sexta-feira,11:24:00,SC,470,"173,5",POUSO REDONDO,Reação tardia ou ineficiente do condutor,Saída de leito carroçável,Com Vítimas Feridas,Pleno dia,Crescente,Garoa/Chuvisco,Simples,Reta;Declive,Sim,3,0,1,0,1,1,1,3,-27.25876,-49.92408,SPRF-SC,DEL04-SC,UOP02-DEL04-SC,2025
"730178,0",2025-10-23,quinta-feira,08:55:00,SC,282,"535,0",CHAPECO,Desrespeitar a preferência no cruzamento,Colisão transversal,Sem Vítimas,Pleno dia,Decrescente,Céu Claro,Dupla,Reta;Interseção de Vias,Sim,5,0,0,0,5,0,0,2,-26.99957272,-52.64601994,SPRF-SC,DEL07-SC,UOP01-DEL07-SC,2025
"730188,0",2025-11-07,sexta-feira,15:40:00,SC,101,"424,9",ARARANGUA,Chuva,Colisão traseira,Com Vítimas Feridas,Pleno dia,Crescente,Chuva,Múltipla,Aclive;Reta,Não,7,0,1,2,3,1,3,6,-29.0244169,-49.5976535,SPRF-SC,DEL02-SC,UOP02-DEL02-SC,2025
"730190,0",2025-11-07,sexta-feira,15:40:00,SC,101,"258,2",PAULO LOPES,Ausência de reação do condutor,Colisão traseira,Com Vítimas Feridas,Pleno dia,Crescente,Chuva,Dupla,Túnel;Aclive;Reta,Não,3,0,1,0,1,3,1,5,-28.00612896,-48.69498968,SPRF-SC,DEL02-SC,UOP03-DEL02-SC,2025
"730195,0",2025-11-07,sexta-feira,16:45:00,SC,101,"207,0",SAO JOSE,Reação tardia ou ineficiente do condutor,Colisão traseira,Sem Vítimas,Anoitecer,Decrescente,Chuva,Múltipla,Declive;Reta,Sim,2,0,0,0,2,0,0,2,-27.60159117,-48.62548526,SPRF-SC,DEL01-SC,UOP01-DEL01-SC,2025
"730196,0",2025-11-07,sexta-feira,16:00:00,SC,282,"63,9",CAMPOS NOVOS,Ultrapassagem Indevida,Colisão frontal,Com Vítimas Feridas,Pleno dia,Crescente,Chuva,Simples,Curva,Não,5,0,2,0,2,2,2,5,-27.35998,-51.27754,SPRF-SC,DEL01-SC,UOP03-DEL01-SC,2025
"730242,0",2025-11-07,sexta-feira,18:47:00,SC,282,"391,0",JOACABA,Reação tardia ou ineficiente do condutor,Colisão com objeto,Sem Vítimas,Plena Noite,Crescente,Chuva,Dupla,Reta,Não,1,0,0,0,1,0,0,1,-27.17409165,-51.55198283,SPRF-SC,DEL07-SC,UOP05-DEL07-SC,2025
"730350,0",2025-11-07,sexta-feira,20:20:00,SC,116,"50,4",PAPANDUVA,Transitar na contramão,Colisão frontal,Com Vítimas Feridas,Plena Noite,Decrescente,Chuva,Simples,Reta,Não,3,0,2,0,1,0,2,2,-26.37556891,-50.1296711,SPRF-SC,DEL06-SC,UOP01-DEL06-SC,2025
"730358,0",2025-11-08,sábado,07:00:00,SC,101,"57,0",ARAQUARI,Condutor deixou de manter distância do veículo da frente,Colisão traseira,Com Vítimas Feridas,Pleno dia,Decrescente,Céu Claro,Dupla,Reta,Sim,2,0,1,0,1,0,1,2,-26.43630063,-48.81116152,SPRF-SC,DEL03-SC,UOP01-DEL03-SC,2025
"730363,0",2025-10-15,quarta-feira,22:50:00,SC,470,"116,4",IBIRAMA,Reação tardia ou ineficiente do condutor,Tombamento,Com Vítimas Feridas,Plena Noite,Decrescente,Ignorado,Simples,Curva,Não,2,0,1,0,0,1,1,2,-27.081741,-49.500616,SPRF-SC,DEL04-SC,UOP02-DEL04-SC,2025
"730406,0",2025-11-08,sábado,12:00:00,SC,101,"367,0",ICARA,Chuva,Colisão lateral mesmo sentido,Com Vítimas Feridas,Pleno dia,Crescente,Chuva,Múltipla,Aclive,Sim,2,0,1,0,0,1,1,2,-28.699211,-49.191565,SPRF-SC,DEL02-SC,UOP01-DEL02-SC,2025
"730419,0",2025-11-08,sábado,12:15:00,SC,101,"124,6",ITAJAI,Condutor deixou de manter distância do veículo da frente,Colisão traseira,Com Vítimas Fatais,Pleno dia,Crescente,Nublado,Múltipla,Reta,Não,4,1,0,0,2,1,0,4,-26.9456908,-48.6877599,SPRF-SC,DEL04-SC,UOP04-DEL04-SC,2025
"730443,0",2025-11-08,sábado,15:00:00,SC,282,"520,0",XAXIM,Carga excessiva e/ou mal acondicionada,Tombamento,Sem Vítimas,Pleno dia,Decrescente,Nublado,Simples,Interseção de Vias,Sim,1,0,0,0,1,0,0,1,-26.94943,-52.5290531,SPRF-SC,DEL07-SC,UOP01-DEL07-SC,2025
"730469,0",2025-11-08,sábado,13:50:00,SC,280,"92,4",CORUPA,Velocidade Incompatível,Tombamento,Com Vítimas Feridas,Pleno dia,Crescente,Sol,Simples,Curva;Declive,Não,5,0,3,0,1,1,3,4,-26.394954,-49.299862,SPRF-SC,DEL06-SC,UOP03-DEL06-SC,2025
"730526,0",2025-10-11,sábado,18:30:00,SC,101,"214,5",PALHOCA,Manobra de mudança de faixa,Colisão lateral mesmo sentido,Com Vítimas Feridas,Anoitecer,Decrescente,Chuva,Múltipla,Reta,Não,3,0,1,0,1,1,1,3,-27.65057195,-48.67492525,SPRF-SC,DEL01-SC,UOP02-DEL01-SC,2025
"730613,0",2025-11-09,domingo,03:10:00,SC,101,"276,0",IMBITUBA,Estacionar ou parar em local proibido,Colisão traseira,Com Vítimas Feridas,Plena Noite,Decrescente,Nublado,Múltipla,Reta,Sim,3,0,1,0,1,2,1,4,-28.163951,-48.693521,SPRF-SC,DEL02-SC,UOP03-DEL02-SC,2025
"730637,0",2025-11-09,domingo,03:30:00,SC,282,"252,0",SAO JOSE DO CERRITO,Ingestão de álcool pelo condutor,Capotamento,Com Vítimas Feridas,Plena Noite,Crescente,Céu Claro,Simples,Curva,Não,9,0,3,3,1,2,6,3,-27.687647,-50.566508,SPRF-SC,DEL05-SC,UOP02-DEL05-SC,2025
"730750,0",2025-11-09,domingo,18:40:00,SC,101,"157,0",PORTO BELO,Ausência de reação do condutor,Colisão traseira,Com Vítimas Feridas,Plena Noite,Decrescente,Nublado,Dupla,Reta,Sim,5,0,1,1,2,1,2,3,-27.18212555,-48.61201135,SPRF-SC,DEL04-SC,UOP03-DEL04-SC,2025
"730877,0",2025-11-10,segunda-feira,08:10:00,SC,116,"246,9",LAGES,Acessar a via sem observar a presença dos outros veículos,Colisão transversal,Com Vítimas Feridas,Pleno dia,Crescente,Céu Claro,Simples,Rotatória,Sim,3,0,1,0,1,1,1,3,-27.8117092,-50.36821604,SPRF-SC,DEL05-SC,UOP02-DEL05-SC,2025
"730898,0",2025-11-10,segunda-feira,08:30:00,SC,101,"137,0",BALNEARIO CAMBORIU,Reação tardia ou ineficiente do condutor,Colisão traseira,Com Vítimas Feridas,Pleno dia,Decrescente,Sol,Dupla,Aclive;Reta,Sim,2,0,0,1,1,0,1,2,-27.02029419,-48.6094257,SPRF-SC,DEL04-SC,UOP03-DEL04-SC,2025
"730945,0",2025-11-10,segunda-feira,14:16:00,SC,101,"102,4",BALNEARIO PICARRAS,Entrada inopinada do pedestre,Atropelamento de Pedestre,Com Vítimas Fatais,Pleno dia,Decrescente,Sol,Múltipla,Aclive;Reta,Sim,3,1,0,0,1,1,0,3,-26.779365,-48.684698,SPRF-SC,DEL03-SC,UOP02-DEL03-SC,2025
"730959,0",2025-11-10,segunda-feira,14:40:00,SC,163,"71,0",SAO MIGUEL DO OESTE,Manobra de mudança de faixa,Colisão lateral mesmo sentido,Sem Vítimas,Pleno dia,Crescente,Céu Claro,Simples,Reta,Sim,5,0,0,0,4,1,0,3,-26.72803528,-53.51275116,SPRF-SC,DEL07-SC,UOP03-DEL07-SC,2025
"730960,0",2025-11-10,segunda-feira,14:45:00,SC,480,"131,3",CHAPECO,Demais falhas mecânicas ou elétricas,Saída de leito carroçável,Com Vítimas Feridas,Pleno dia,Decrescente,Sol,Dupla,Reta,Sim,1,0,1,0,0,0,1,1,-27.058792,-52.635858,SPRF-SC,DEL07-SC,UOP01-DEL07-SC,2025
"730983,0",2025-11-10,segunda-feira,14:16:00,SC,470,"99,8",APIUNA,Reação tardia ou ineficiente do condutor,Engavetamento,Com Vítimas Fatais,Pleno dia,Decrescente,Céu Claro,Simples,Reta,Sim,4,1,1,0,1,2,1,5,-27.04516,-49.39415,SPRF-SC,DEL04-SC,UOP02-DEL04-SC,2025
"731010,0",2025-11-10,segunda-feira,19:15:00,SC,101,"209,6",SAO JOSE,Pedestre cruzava a pista fora da faixa,Atropelamento de Pedestre,Com Vítimas Feridas,Plena Noite,Crescente,Céu Claro,Múltipla,Reta;Declive,Sim,4,0,0,1,2,1,1,3,-27.61463356,-48.64362075,SPRF-SC,DEL01-SC,UOP01-DEL01-SC,2025
"731086,0",2025-11-07,sexta-feira,21:30:00,SC,470,"128,4",RIO DO SUL,Velocidade Incompatível,Colisão com objeto,Com Vítimas Feridas,Plena Noite,Crescente,Chuva,Simples,Curva,Não,1,0,1,0,0,0,1,1,-27.1468,-49.5811056,SPRF-SC,DEL04-SC,UOP02-DEL04-SC,2025
"731087,0",2025-11-11,terça-feira,06:30:00,SC,101,"187,4",BIGUACU,Reação tardia ou ineficiente do condutor,Colisão traseira,Com Vítimas Fatais,Pleno dia,Decrescente,Céu Claro,Múltipla,Reta,Não,5,1,1,0,1,2,1,4,-27.446843,-48.630693,SPRF-SC,DEL01-SC,UOP01-DEL01-SC,2025
"731103,0",2025-11-11,terça-feira,09:50:00,SC,101,"207,0",SAO JOSE,Velocidade Incompatível,Colisão lateral mesmo sentido,Com Vítimas Feridas,Pleno dia,Crescente,Céu Claro,Múltipla,Reta,Sim,2,0,1,0,1,0,1,2,-27.59314792,-48.61859735,SPRF-SC,DEL01-SC,UOP01-DEL01-SC,2025
"731140,0",2025-11-05,quarta-feira,12:20:00,SC,163,"96,6",SAO JOSE DO CEDRO,Transitar na contramão,Colisão frontal,Com Vítimas Feridas,Pleno dia,Decrescente,Céu Claro,Simples,Declive;Curva,Não,4,0,0,2,1,1,2,4,-26.51179696,-53.51340542,SPRF-SC,DEL07-SC,UOP03-DEL07-SC,2025
"731143,0",2025-10-15,quarta-feira,11:00:00,SC,116,"187,0",SAO CRISTOVAO DO SUL,Demais falhas mecânicas ou elétricas,Tombamento,Com Vítimas Feridas,Pleno dia,Crescente,Céu Claro,Simples,Declive;Curva,Não,2,0,1,0,0,1,1,2,-27.31896,-50.42382,SPRF-SC,DEL05-SC,UOP03-DEL05-SC,2025
"731150,0",2025-10-16,quinta-feira,18:16:00,SC,282,"157,0",BOM RETIRO,Acessar a via sem observar a presença dos outros veículos,Colisão transversal,Sem Vítimas,Anoitecer,Crescente,Nublado,Simples,Reta,Não,4,0,0,0,3,1,0,2,-27.742624,-49.727013,SPRF-SC,DEL05-SC,UOP01-DEL05-SC,2025
"731187,0",2025-11-11,terça-feira,17:40:00,SC,101,"34,0",SAO JOSE,Manobra de mudança de faixa,Colisão lateral mesmo sentido,Com Vítimas Feridas,Pleno dia,Decrescente,Céu Claro,Dupla,Reta,Não,2,0,1,0,1,0,1,2,-27.609135,-48.694822,SPRF-SC,DEL01-SC,UOP02-DEL01-SC,2025
"731197,0",2025-11-11,terça-feira,17:25:00,SC,101,"274,0",IMBITUBA,Reação tardia ou ineficiente do condutor,Colisão lateral mesmo sentido,Com Vítimas Feridas,Pleno dia,Crescente,Céu Claro,Múltipla,Reta,Sim,4,0,1,0,1,2,1,4,-28.141503,-48.692588,SPRF-SC,DEL02-SC,UOP03-DEL02-SC,2025