id,data_inversa,dia_semana,horario,uf,br,km,municipio,causa_acidente,tipo_acidente,classificacao_acidente,fase_dia,sentido_via,condicao_metereologica,tipo_pista,tracado_via,uso_solo,pessoas,mortos,feridos_leves,feridos_graves,ilesos,ignorados,feridos,veiculos,latitude,longitude,regional,delegacia,uop,ano_arquivo
"731229,0",2025-11-11,terça-feira,19:30:00,SC,101,"139,0",BALNEARIO CAMBORIU,Condutor deixou de manter distância do veículo da frente,Colisão traseira,Com Vítimas Feridas,Plena Noite,Crescente,Nublado,Dupla,Curva;Aclive,Sim,2,0,0,1,0,1,1,2,-27.03380416,-48.60079305,SPRF-SC,DEL04-SC,UOP03-DEL04-SC,2025
"731246,0",2025-11-12,quarta-feira,00:20:00,SC,101,"132,0",BALNEARIO CAMBORIU,Pedestre cruzava a pista fora da faixa,Atropelamento de Pedestre,Com Vítimas Feridas,Plena Noite,Crescente,Nublado,Múltipla,Reta,Não,2,0,0,1,0,1,1,2,-27.00047133,-48.6423111,SPRF-SC,DEL04-SC,UOP03-DEL04-SC,2025
"731306,0",2025-11-12,quarta-feira,10:00:00,SC,101,"130,4",BALNEARIO CAMBORIU,Ausência de reação do condutor,Colisão traseira,Sem Vítimas,Pleno dia,Decrescente,Nublado,Dupla,Reta,Não,2,0,0,0,0,2,0,2,-26.99263891,-48.66097625,SPRF-SC,DEL04-SC,UOP03-DEL04-SC,2025
"731374,0",2025-11-12,quarta-feira,17:05:00,SC,101,"77,5",ARAQUARI,Ingestão de álcool pelo condutor,Colisão transversal,Sem Vítimas,Pleno dia,Decrescente,Céu Claro,Dupla,Curva,Não,2,0,0,0,1,1,0,2,-26.573791,-48.722654,SPRF-SC,DEL03-SC,UOP02-DEL03-SC,2025
"731419,0",2025-11-12,quarta-feira,17:15:00,SC,116,"304,1",CAPAO ALTO,Reação tardia ou ineficiente do condutor,Saída de leito carroçável,Com Vítimas Feridas,Pleno dia,Crescente,Nublado,Simples,Curva;Declive,Não,2,0,1,0,0,2,1,3,-28.19563,-50.71815,SPRF-SC,DEL05-SC,UOP02-DEL05-SC,2025
"731421,0",2025-11-12,quarta-feira,16:45:00,SC,282,"502,5",XANXERE,Carga excessiva e/ou mal acondicionada,Derramamento de carga,Sem Vítimas,Pleno dia,Crescente,Chuva,Dupla,Retorno Regulamentado,Sim,2,0,0,0,1,1,0,2,-26.8851929,-52.39475348,SPRF-SC,DEL07-SC,UOP01-DEL07-SC,2025
"731460,0",2025-11-13,quinta-feira,01:50:00,SC,101,"123,9",ITAJAI,Ausência de reação do condutor,Colisão traseira,Com Vítimas Feridas,Plena Noite,Crescente,Nublado,Dupla,Reta,Não,2,0,1,0,1,0,1,2,-26.94253289,-48.69318422,SPRF-SC,DEL04-SC,UOP04-DEL04-SC,2025
"731494,0",2025-04-30,quarta-feira,15:15:00,SC,282,"592,9",SAUDADES,Velocidade Incompatível,Colisão frontal,Com Vítimas Fatais,Pleno dia,Decrescente,Sol,Simples,Aclive;Curva,Não,3,1,0,0,1,1,0,3,-26.8260392,-53.1018286,SPRF-SC,DEL07-SC,UOP02-DEL07-SC,2025
"731508,0",2025-11-13,quinta-feira,08:00:00,SC,282,"53,0",AGUAS MORNAS,Reação tardia ou ineficiente do condutor,Colisão traseira,Sem Vítimas,Pleno dia,Decrescente,Céu Claro,Simples,Reta;Declive,Não,3,0,0,0,2,2,0,4,-27.69192636,-48.97031307,SPRF-SC,DEL01-SC,UOP03-DEL01-SC,2025
"731587,0",2025-11-13,quinta-feira,14:50:00,SC,282,"416,0",CATANDUVAS,Ingestão de álcool pelo condutor,Colisão traseira,Sem Vítimas,Pleno dia,Crescente,Céu Claro,Simples,Reta,Não,4,0,0,0,3,1,0,3,-27.038983,-51.711742,SPRF-SC,DEL07-SC,UOP05-DEL07-SC,2025
"731631,0",2025-11-13,quinta-feira,21:30:00,SC,101,"111,0",NAVEGANTES,Condutor deixou de manter distância do veículo da frente,Colisão traseira,Com Vítimas Feridas,Plena Noite,Decrescente,Céu Claro,Dupla,Reta,Não,3,0,1,0,2,0,1,3,-26.84349986,-48.71839497,SPRF-SC,DEL04-SC,UOP04-DEL04-SC,2025
"731637,0",2025-11-13,quinta-feira,21:20:00,SC,101,"207,4",SAO JOSE,Ausência de reação do condutor,Tombamento,Com Vítimas Feridas,Plena Noite,Crescente,Céu Claro,Múltipla,Reta,Sim,2,0,1,0,0,1,1,2,-27.60168194,-48.62664549,SPRF-SC,DEL01-SC,UOP01-DEL01-SC,2025
"731641,0",2025-11-13,quinta-feira,21:45:00,SC,101,"207,1",SAO JOSE,Manobra de mudança de faixa,Colisão lateral mesmo sentido,Sem Vítimas,Plena Noite,Crescente,Céu Claro,Múltipla,Reta;Aclive,Sim,2,0,0,0,2,0,0,2,-27.60369111,-48.63245633,SPRF-SC,DEL01-SC,UOP01-DEL01-SC,2025
"731671,0",2025-11-14,sexta-feira,00:50:00,SC,101,"297,3",LAGUNA,Ingestão de álcool pelo condutor,Colisão frontal,Com Vítimas Feridas,Plena Noite,Crescente,Nublado,Múltipla,Reta,Sim,4,0,0,1,2,2,1,5,-28.34103896,-48.73289721,SPRF-SC,DEL02-SC,UOP03-DEL02-SC,2025
"731735,0",2025-11-14,sexta-feira,10:45:00,SC,101,"350,7",JAGUARUNA,Ausência de reação do condutor,Colisão traseira,Com Vítimas Feridas,Pleno dia,Crescente,Céu Claro,Dupla,Em Obras;Aclive,Não,2,0,1,0,0,1,1,2,-28.60319,-49.05462,SPRF-SC,DEL02-SC,UOP01-DEL02-SC,2025
"731811,0",2025-05-06,terça-feira,07:30:00,SC,282,"603,3",MARAVILHA,Suicídio (presumido),Colisão frontal,Com Vítimas Fatais,Pleno dia,Crescente,Nublado,Simples,Declive;Reta,Sim,3,1,0,0,1,1,0,3,-26.7999525,-53.1906864,SPRF-SC,DEL07-SC,UOP02-DEL07-SC,2025
"731814,0",2025-11-14,sexta-feira,16:33:00,SC,282,"16,5",PALHOCA,Ingestão de álcool pelo condutor,Colisão transversal,Com Vítimas Feridas,Pleno dia,Crescente,Nublado,Simples,Reta,Sim,2,0,0,1,1,0,1,2,-27.65976861,-48.68300406,SPRF-SC,DEL01-SC,UOP02-DEL01-SC,2025
"731986,0",2025-11-15,sábado,08:35:00,SC,101,"306,0",LAGUNA,Acessar a via sem observar a presença dos outros veículos,Colisão lateral mesmo sentido,Com Vítimas Feridas,Pleno dia,Decrescente,Céu Claro,Múltipla,Reta,Não,2,0,0,1,1,0,1,2,-28.40056464,-48.7860775,SPRF-SC,DEL02-SC,UOP03-DEL02-SC,2025
"731998,0",2025-11-15,sábado,10:30:00,SC,101,"140,0",BALNEARIO CAMBORIU,Ultrapassagem Indevida,Colisão lateral mesmo sentido,Com Vítimas Feridas,Pleno dia,Crescente,Sol,Múltipla,Reta;Aclive,Não,3,0,1,0,1,1,1,2,-27.03777199,-48.60068321,SPRF-SC,DEL04-SC,UOP03-DEL04-SC,2025
"732048,0",2025-11-15,sábado,14:30:00,SC,282,"452,0",PONTE SERRADA,Ausência de reação do condutor,Saída de leito carroçável,Com Vítimas Feridas,Pleno dia,Decrescente,Nublado,Simples,Curva,Não,3,0,0,1,1,2,1,4,-26.920515,-51.948985,SPRF-SC,DEL07-SC,UOP04-DEL07-SC,2025
"732176,0",2025-11-16,domingo,02:37:00,SC,116,"68,0",MONTE CASTELO,Suicídio (presumido),Colisão lateral sentido oposto,Com Vítimas Feridas,Plena Noite,Decrescente,Céu Claro,Simples,Declive,Sim,10,0,1,4,5,0,5,4,-26.45580402,-50.22757626,SPRF-SC,DEL06-SC,UOP02-DEL06-SC,2025
"732231,0",2025-11-16,domingo,10:05:00,SC,101,"96,0",BALNEARIO PICARRAS,Transitar no Acostamento,Colisão traseira,Com Vítimas Fatais,Pleno dia,Decrescente,Sol,Dupla,Aclive;Reta,Não,4,1,0,0,3,0,0,3,-26.723909,-48.702137,SPRF-SC,DEL03-SC,UOP02-DEL03-SC,2025
"732270,0",2025-11-16,domingo,11:35:00,SC,101,"96,5",BALNEARIO PICARRAS,Condutor deixou de manter distância do veículo da frente,Colisão traseira,Com Vítimas Feridas,Pleno dia,Crescente,Céu Claro,Dupla,Reta,Sim,5,0,0,1,3,2,1,5,-26.7253518,-48.7023654,SPRF-SC,DEL03-SC,UOP02-DEL03-SC,2025
"732299,0",2025-11-16,domingo,15:26:00,SC,470,"67,7",INDAIAL,Ausência de reação do condutor,Colisão traseira,Com Vítimas Feridas,Pleno dia,Decrescente,Sol,Dupla,Reta,Não,10,0,3,1,6,0,4,8,-26.87583432,-49.23692314,SPRF-SC,DEL04-SC,UOP01-DEL04-SC,2025
"732319,0",2025-11-08,sábado,13:05:00,SC,116,"254,5",LAGES,Velocidade Incompatível,Colisão lateral mesmo sentido,Sem Vítimas,Pleno dia,Decrescente,Céu Claro,Múltipla,Interseção de Vias;Declive;Rotatória,Não,2,0,0,0,0,2,0,2,-27.8716689,-50.39990902,SPRF-SC,DEL05-SC,UOP02-DEL05-SC,2025
"732400,0",2025-11-17,segunda-feira,00:10:00,SC,101,"116,9",ITAJAI,Ausência de reação do condutor,Colisão traseira,Com Vítimas Feridas,Plena Noite,Crescente,Nublado,Dupla,Reta,Não,4,0,1,0,2,1,1,3,-26.8860733,-48.72312991,SPRF-SC,DEL04-SC,UOP04-DEL04-SC,2025
"732458,0",2025-11-17,segunda-feira,07:50:00,SC,101,"101,6",BALNEARIO PICARRAS,Ausência de reação do condutor,Colisão traseira,Com Vítimas Feridas,Amanhecer,Crescente,Chuva,Múltipla,Reta,Não,4,0,1,0,2,1,1,3,-26.76993991,-48.68615851,SPRF-SC,DEL03-SC,UOP02-DEL03-SC,2025
"732557,0",2025-11-17,segunda-feira,14:00:00,SC,282,"542,0",CHAPECO,Condutor Dormindo,Colisão lateral sentido oposto,Com Vítimas Fatais,Pleno dia,Decrescente,Nublado,Simples,Curva,Não,9,1,1,1,5,1,2,9,-27.00045251,-52.70613519,SPRF-SC,DEL07-SC,UOP01-DEL07-SC,2025
"732606,0",2025-11-13,quinta-feira,01:30:00,SC,116,"62,0",PAPANDUVA,Condutor Dormindo,Colisão frontal,Com Vítimas Feridas,Plena Noite,Decrescente,Céu Claro,Simples,Reta,Não,50,0,1,0,49,0,1,2,-26.396584,-50.225569,SPRF-SC,DEL06-SC,UOP02-DEL06-SC,2025
"732641,0",2025-11-17,segunda-feira,23:00:00,SC,282,"463,8",PONTE SERRADA,Ingestão de álcool pelo condutor,Colisão transversal,Com Vítimas Feridas,Plena Noite,Crescente,Céu Claro,Simples,Reta,Não,4,0,1,1,1,1,2,3,-26.856047,-52.039581,SPRF-SC,DEL07-SC,UOP04-DEL07-SC,2025
"732661,0",2025-11-18,terça-feira,07:05:00,SC,280,"154,1",MAFRA,Reação tardia ou ineficiente do condutor,Saída de leito carroçável,Com Vítimas Feridas,Pleno dia,Crescente,Chuva,Simples,Curva;Aclive,Não,1,0,1,0,0,0,1,1,-26.21313473,-49.71904485,SPRF-SC,DEL06-SC,UOP03-DEL06-SC,2025
"732681,0",2025-05-15,quinta-feira,06:15:00,SC,101,"142,0",BALNEARIO CAMBORIU,Transitar na contramão,Colisão lateral sentido oposto,Com Vítimas Fatais,Amanhecer,Decrescente,Céu Claro,Dupla,Curva,Sim,5,1,0,0,2,2,0,5,-27.05689512,-48.59824896,SPRF-SC,DEL04-SC,UOP03-DEL04-SC,2025
"732716,0",2025-11-18,terça-feira,09:45:00,SC,101,"51,0",JOINVILLE,Condutor deixou de manter distância do veículo da frente,Colisão traseira,Com Vítimas Feridas,Pleno dia,Decrescente,Garoa/Chuvisco,Dupla,Reta,Não,3,0,1,0,1,2,1,4,-26.39740526,-48.83972168,SPRF-SC,DEL03-SC,UOP01-DEL03-SC,2025
"732729,0",2025-09-16,terça-feira,06:45:00,SC,470,"67,5",INDAIAL,Reação tardia ou ineficiente do condutor,Colisão traseira,Com Vítimas Feridas,Pleno dia,Decrescente,Céu Claro,Dupla,Reta,Sim,11,0,6,3,1,3,9,8,-26.873328,-49.23293486,SPRF-SC,DEL04-SC,UOP01-DEL04-SC,2025
"732741,0",2025-11-18,terça-feira,14:10:00,SC,470,"138,5",RIO DO SUL,Reação tardia ou ineficiente do condutor,Colisão transversal,Com Vítimas Feridas,Pleno dia,Decrescente,Chuva,Simples,Retorno Regulamentado;Reta,Sim,3,0,1,0,1,1,1,3,-27.19398608,-49.62407319,SPRF-SC,DEL04-SC,UOP02-DEL04-SC,2025
"732754,0",2025-11-18,terça-feira,13:45:00,SC,470,"18,0",ILHOTA,Condutor Dormindo,Colisão lateral mesmo sentido,Sem Vítimas,Pleno dia,Crescente,Chuva,Dupla,Reta,Sim,2,0,0,0,2,0,0,2,-26.854406,-48.807991,SPRF-SC,DEL04-SC,UOP04-DEL04-SC,2025
"732783,0",2025-11-18,terça-feira,13:00:00,SC,163,"99,9",SAO JOSE DO CEDRO,Ausência de reação do condutor,Colisão frontal,Com Vítimas Fatais,Pleno dia,Decrescente,Céu Claro,Simples,Declive;Curva,Não,5,1,0,2,1,1,2,4,-26.48801703,-53.50448934,SPRF-SC,DEL07-SC,UOP03-DEL07-SC,2025
"732828,0",2025-11-18,terça-feira,07:20:00,SC,101,"157,3",PORTO BELO,Reação tardia ou ineficiente do condutor,Colisão traseira,Com Vítimas Feridas,Pleno dia,Decrescente,Chuva,Múltipla,Interseção de Vias,Sim,4,0,3,0,1,0,3,2,-27.18513512,-48.61199141,SPRF-SC,DEL04-SC,UOP03-DEL04-SC,2025
"732840,0",2025-11-18,terça-feira,21:40:00,SC,101,"219,8",PALHOCA,Manobra de mudança de faixa,Colisão lateral mesmo sentido,Com Vítimas Feridas,Plena Noite,Decrescente,Nublado,Múltipla,Reta,Não,3,0,1,0,1,1,1,3,-27.68982596,-48.66477426,SPRF-SC,DEL01-SC,UOP02-DEL01-SC,2025
"732841,0",2025-11-18,terça-feira,21:25:00,SC,480,"124,5",CHAPECO,Velocidade Incompatível,Tombamento,Com Vítimas Feridas,Plena Noite,Crescente,Céu Claro,Dupla,Viaduto;Curva,Sim,2,0,1,0,0,1,1,2,-26.99964,-52.64628,SPRF-SC,DEL07-SC,UOP01-DEL07-SC,2025
"732859,0",2025-11-19,quarta-feira,02:20:00,SC,101,"169,0",TIJUCAS,Acessar a via sem observar a presença dos outros veículos,Colisão traseira,Sem Vítimas,Plena Noite,Crescente,Céu Claro,Dupla,Interseção de Vias,Não,3,0,0,0,1,2,0,3,-27.28009041,-48.63155712,SPRF-SC,DEL04-SC,UOP03-DEL04-SC,2025
"732925,0",2025-11-19,quarta-feira,11:50:00,SC,282,"19,4",PALHOCA,Trafegar com motocicleta (ou similar) entre as faixas,Colisão transversal,Com Vítimas Feridas,Pleno dia,Decrescente,Céu Claro,Simples,Reta;Aclive,Não,2,0,0,1,1,0,1,2,-27.681323,-48.70588,SPRF-SC,DEL01-SC,UOP02-DEL01-SC,2025
"732957,0",2025-11-19,quarta-feira,12:10:00,SC,470,"114,4",IBIRAMA,Reação tardia ou ineficiente do condutor,Colisão traseira,Com Vítimas Feridas,Pleno dia,Decrescente,Céu Claro,Simples,Reta,Sim,4,0,1,0,2,2,1,5,-27.081774,-49.483838,SPRF-SC,DEL04-SC,UOP02-DEL04-SC,2025
"732996,0",2025-11-19,quarta-feira,15:00:00,SC,101,"438,9",SOMBRIO,Reação tardia ou ineficiente do condutor,Colisão com objeto,Com Vítimas Feridas,Pleno dia,Decrescente,Céu Claro,Dupla,Reta,Sim,2,0,0,1,0,1,1,2,-29.122769,-49.662875,SPRF-SC,DEL02-SC,UOP02-DEL02-SC,2025
"733108,0",2025-11-20,quinta-feira,05:50:00,SC,101,"14,3",GARUVA,Manobra de mudança de faixa,Colisão lateral mesmo sentido,Com Vítimas Feridas,Amanhecer,Crescente,Sol,Dupla,Reta,Não,3,0,1,0,1,1,1,3,-26.09162997,-48.8640976,SPRF-SC,DEL03-SC,UOP01-DEL03-SC,2025
"733147,0",2025-11-20,quinta-feira,08:45:00,SC,101,"138,0",BALNEARIO CAMBORIU,Reação tardia ou ineficiente do condutor,Colisão transversal,Com Vítimas Feridas,Pleno dia,Crescente,Céu Claro,Simples,Interseção de Vias;Reta,Não,3,0,1,1,1,0,2,2,-27.02793579,-48.60591888,SPRF-SC,DEL04-SC,UOP03-DEL04-SC,2025
"733285,0",2025-11-20,quinta-feira,20:00:00,SC,280,"151,0",MAFRA,Ultrapassagem Indevida,Colisão frontal,Com Vítimas Feridas,Plena Noite,Decrescente,Céu Claro,Simples,Declive;Curva,Não,2,0,0,1,0,1,1,2,-26.224188,-49.710452,SPRF-SC,DEL06-SC,UOP03-DEL06-SC,2025
"733329,0",2025-11-21,sexta-feira,06:30:00,SC,280,"67,5",JARAGUA DO SUL,Desrespeitar a preferência no cruzamento,Colisão transversal,Com Vítimas Feridas,Pleno dia,Crescente,Céu Claro,Simples,Rotatória,Sim,3,0,1,0,1,1,1,3,-26.473195,-49.11,SPRF-SC,DEL03-SC,UOP03-DEL03-SC,2025
"733410,0",2025-11-21,sexta-feira,15:15:00,SC,101,"147,0",ITAPEMA,Manobra de mudança de faixa,Colisão traseira,Com Vítimas Feridas,Pleno dia,Decrescente,Céu Claro,Dupla,Reta,Sim,3,0,0,1,1,1,1,3,-27.08775974,-48.61095842,SPRF-SC,DEL04-SC,UOP03-DEL04-SC,2025
"733414,0",2025-11-21,sexta-feira,15:00:00,SC,470,"4,0",NAVEGANTES,Ausência de sinalização,Colisão traseira,Com Vítimas Feridas,Pleno dia,Decrescente,Céu Claro,Dupla,Reta,Sim,5,0,1,1,2,1,2,4,-26.85890298,-48.68956089,SPRF-SC,DEL04-SC,UOP04-DEL04-SC,2025
"733450,0",2025-11-21,sexta-feira,18:20:00,SC,282,"420,1",VARGEM BONITA,Velocidade Incompatível,Tombamento,Com Vítimas Feridas,Pleno dia,Crescente,Céu Claro,Simples,Curva,Sim,4,0,3,0,0,3,3,4,-27.0176515,-51.7295058,SPRF-SC,DEL07-SC,UOP05-DEL07-SC,2025
"733456,0",2025-11-21,sexta-feira,17:50:00,SC,480,"132,1",CHAPECO,Condutor deixou de manter distância do veículo da frente,Colisão traseira,Com Vítimas Feridas,Pleno dia,Crescente,Sol,Dupla,Reta,Sim,2,0,1,0,1,0,1,2,-27.063897,-52.631363,SPRF-SC,DEL07-SC,UOP01-DEL07-SC,2025
"733818,0",2025-09-20,sábado,21:30:00,SC,282,"529,7",CORDILHEIRA ALTA,Reação tardia ou ineficiente do condutor,Colisão frontal,Com Vítimas Feridas,Plena Noite,Crescente,Chuva,Simples,Aclive;Curva,Não,3,0,1,0,1,1,1,3,-26.98375042,-52.60290074,SPRF-SC,DEL07-SC,UOP01-DEL07-SC,2025
"733830,0",2025-11-23,domingo,14:30:00,SC,101,"175,8",GOVERNADOR CELSO RAMOS,Acessar a via sem observar a presença dos outros veículos,Colisão lateral mesmo sentido,Com Vítimas Feridas,Pleno dia,Decrescente,Chuva,Dupla,Reta,Não,5,0,1,0,3,1,1,3,-27.3430149,-48.62971075,SPRF-SC,DEL01-SC,UOP01-DEL01-SC,2025
"733877,0",2025-11-23,domingo,16:36:00,SC,470,"63,0",INDAIAL,Transitar no Acostamento,Tombamento,Com Vítimas Feridas,Pleno dia,Decrescente,Garoa/Chuvisco,Simples,Reta,Sim,2,0,1,0,0,2,1,3,-26.87295,-49.19134,SPRF-SC,DEL04-SC,UOP01-DEL04-SC,2025
"733960,0",2025-11-23,domingo,20:00:00,SC,153,"80,0",IRANI,Reação tardia ou ineficiente do condutor,Colisão lateral sentido oposto,Sem Vítimas,Plena Noite,Decrescente,Céu Claro,Dupla,Curva,Não,3,0,0,0,2,1,0,3,-27.120723,-51.919917,SPRF-SC,DEL07-SC,UOP04-DEL07-SC,2025
"733995,0",2025-11-23,domingo,23:10:00,SC,101,"80,4",BARRA VELHA,Ausência de reação do condutor,Colisão traseira,Com Vítimas Fatais,Pleno dia,Crescente,Chuva,Dupla,Curva,Sim,3,1,0,0,1,2,0,4,-26.600294,-48.725184,SPRF-SC,DEL03-SC,UOP02-DEL03-SC,2025
"733999,0",2025-11-23,domingo,21:24:00,SC,116,"305,3",CAPAO ALTO,Velocidade Incompatível,Tombamento,Com Vítimas Fatais,Plena Noite,Crescente,Nublado,Simples,Curva;Declive,Não,2,1,0,0,0,1,0,2,-28.1993521,-50.7271534,SPRF-SC,DEL05-SC,UOP02-DEL05-SC,2025
"734074,0",2025-11-24,segunda-feira,09:15:00,SC,470,"106,4",APIUNA,Condutor Dormindo,Colisão lateral sentido oposto,Com Vítimas Feridas,Pleno dia,Decrescente,Garoa/Chuvisco,Simples,Curva,Não,3,0,1,0,2,0,1,2,-27.090556,-49.520517,SPRF-SC,DEL04-SC,UOP02-DEL04-SC,2025
"734092,0",2025-11-24,segunda-feira,11:29:00,SC,163,"66,9",SAO MIGUEL DO OESTE,Reação tardia ou ineficiente do condutor,Colisão traseira,Sem Vítimas,Pleno dia,Crescente,Céu Claro,Dupla,Curva;Retorno Regulamentado,Sim,2,0,0,0,2,0,0,2,-26.76011942,-53.50036595,SPRF-SC,DEL07-SC,UOP03-DEL07-SC,2025
"734109,0",2025-11-24,segunda-feira,11:00:00,SC,101,"426,3",SOMBRIO,Ausência de reação do condutor,Colisão traseira,Com Vítimas Feridas,Pleno dia,Crescente,Nublado,Múltipla,Reta,Não,2,0,1,0,0,1,1,2,-29.03425909,-49.60739136,SPRF-SC,DEL02-SC,UOP02-DEL02-SC,2025
"734140,0",2025-11-24,segunda-feira,14:20:00,SC,470,"186,3",TROMBUDO CENTRAL,Demais falhas mecânicas ou elétricas,Tombamento,Com Vítimas Feridas,Pleno dia,Decrescente,Nublado,Simples,Curva,Sim,3,0,1,1,0,2,2,3,-27.311661,-49.818925,SPRF-SC,DEL04-SC,UOP02-DEL04-SC,2025
"734162,0",2025-11-24,segunda-feira,15:55:00,SC,116,"59,7",PAPANDUVA,Transitar na contramão,Colisão frontal,Com Vítimas Fatais,Pleno dia,Crescente,Garoa/Chuvisco,Simples,Aclive;Curva,Não,3,1,0,0,1,1,0,3,-26.38076,-50.21315,SPRF-SC,DEL06-SC,UOP02-DEL06-SC,2025
"734181,0",2025-11-24,segunda-feira,16:50:00,SC,282,"381,0",HERVAL DOESTE,Reação tardia ou ineficiente do condutor,Saída de leito carroçável,Com Vítimas Feridas,Pleno dia,Crescente,Nublado,Simples,Reta;Declive,Sim,1,0,1,0,0,0,1,1,-27.204795,-51.501472,SPRF-SC,DEL07-SC,UOP05-DEL07-SC,2025
"734205,0",2025-11-24,segunda-feira,23:15:00,SC,282,"45,8",AGUAS MORNAS,Problema com o freio,Tombamento,Com Vítimas Feridas,Plena Noite,Decrescente,Nublado,Simples,Curva;Declive,Não,3,0,2,0,0,12,2,13,-27.720797,-48.923813,SPRF-SC,DEL01-SC,UOP03-DEL01-SC,2025
"734252,0",2025-11-22,sábado,03:45:00,SC,470,"171,0",POUSO REDONDO,Transitar na contramão,Colisão lateral sentido oposto,Sem Vítimas,Amanhecer,Crescente,Céu Claro,Simples,Aclive;Curva,Sim,2,0,0,0,1,1,0,2,-27.25754287,-49.90997521,SPRF-SC,DEL04-SC,UOP02-DEL04-SC,2025
"734272,0",2025-11-25,terça-feira,11:20:00,SC,470,"121,5",IBIRAMA,Transitar na contramão,Colisão frontal,Com Vítimas Fatais,Pleno dia,Decrescente,Céu Claro,Simples,Reta,Não,3,1,0,0,1,2,0,4,-27.09910216,-49.52889913,SPRF-SC,DEL04-SC,UOP02-DEL04-SC,2025
"734458,0",2025-11-25,terça-feira,07:45:00,SC,280,"93,7",CORUPA,Ausência de reação do condutor,Saída de leito carroçável,Com Vítimas Feridas,Pleno dia,Decrescente,Céu Claro,Simples,Curva,Não,2,0,1,0,0,1,1,2,-26.386835,-49.302165,SPRF-SC,DEL06-SC,UOP03-DEL06-SC,2025
"734471,0",2025-11-26,quarta-feira,11:20:00,SC,470,"127,8",RIO DO SUL,Acessar a via sem observar a presença dos outros veículos,Colisão transversal,Com Vítimas Feridas,Pleno dia,Decrescente,Céu Claro,Simples,Interseção de Vias;Reta,Não,2,0,1,0,1,0,1,2,-27.172226,-49.5811287,SPRF-SC,DEL04-SC,UOP02-DEL04-SC,2025
"734476,0",2025-11-26,quarta-feira,11:30:00,SC,282,"383,1",HERVAL DOESTE,Transitar na contramão,Colisão traseira,Com Vítimas Feridas,Pleno dia,Decrescente,Sol,Simples,Aclive;Curva;Em Obras,Não,5,0,1,0,3,1,1,5,-27.16,-51.4,SPRF-SC,DEL07-SC,UOP05-DEL07-SC,2025
"734481,0",2025-11-26,quarta-feira,12:00:00,SC,470,"2,8",NAVEGANTES,Manobra de mudança de faixa,Colisão lateral mesmo sentido,Com Vítimas Feridas,Pleno dia,Crescente,Nublado,Dupla,Reta,Não,3,0,0,1,1,1,1,3,-26.86372089,-48.67937922,SPRF-SC,DEL04-SC,UOP04-DEL04-SC,2025
"734585,0",2025-11-26,quarta-feira,21:15:00,SC,282,"402,9",JOACABA,Transitar na contramão,Colisão frontal,Com Vítimas Feridas,Plena Noite,Crescente,Céu Claro,Simples,Curva,Não,2,0,0,1,1,0,1,2,-27.116228,-51.630935,SPRF-SC,DEL07-SC,UOP05-DEL07-SC,2025
"734598,0",2025-11-27,quinta-feira,04:45:00,SC,101,"355,7",SANGAO,Manobra de mudança de faixa,Colisão lateral mesmo sentido,Com Vítimas Feridas,Pleno dia,Decrescente,Céu Claro,Dupla,Reta,Não,4,0,1,0,2,1,1,3,-28.64089,-49.09923,SPRF-SC,DEL02-SC,UOP01-DEL02-SC,2025
"734606,0",2025-11-26,quarta-feira,23:35:00,SC,470,"7,0",NAVEGANTES,Iluminação deficiente,Colisão traseira,Com Vítimas Feridas,Plena Noite,Decrescente,Nublado,Dupla,Reta,Sim,3,0,1,0,0,2,1,3,-26.84415424,-48.71526115,SPRF-SC,DEL04-SC,UOP04-DEL04-SC,2025
"734674,0",2025-11-27,quinta-feira,12:15:00,SC,470,"125,4",LONTRAS,Reação tardia ou ineficiente do condutor,Tombamento,Com Vítimas Feridas,Pleno dia,Crescente,Céu Claro,Simples,Reta,Não,3,0,0,1,2,0,1,3,-27.12389,-49.53696,SPRF-SC,DEL04-SC,UOP02-DEL04-SC,2025
"734776,0",2025-11-27,quinta-feira,22:05:00,SC,101,"131,0",BALNEARIO CAMBORIU,Acessar a via sem observar a presença dos outros veículos,Colisão lateral mesmo sentido,Com Vítimas Feridas,Plena Noite,Decrescente,Céu Claro,Dupla,Curva,Sim,3,0,0,1,1,1,1,3,-26.99116203,-48.66249399,SPRF-SC,DEL04-SC,UOP03-DEL04-SC,2025
"734926,0",2025-11-28,sexta-feira,13:30:00,SC,101,"121,0",ITAJAI,Velocidade Incompatível,Colisão lateral mesmo sentido,Com Vítimas Feridas,Pleno dia,Decrescente,Nublado,Dupla,Reta,Sim,3,0,1,0,1,2,1,4,-26.92115225,-48.70823038,SPRF-SC,DEL04-SC,UOP04-DEL04-SC,2025
"734960,0",2025-11-28,sexta-feira,16:30:00,SC,282,"0,3",FLORIANOPOLIS,Condutor deixou de manter distância do veículo da frente,Colisão traseira,Com Vítimas Feridas,Pleno dia,Crescente,Chuva,Múltipla,Reta,Não,4,0,1,0,1,2,1,4,-27.599105,-48.5752,SPRF-SC,DEL01-SC,UOP01-DEL01-SC,2025
"734985,0",2025-11-06,quinta-feira,08:35:00,SC,280,"69,5",JARAGUA DO SUL,Transitar na contramão,Colisão frontal,Com Vítimas Fatais,Pleno dia,Decrescente,Céu Claro,Simples,Reta,Sim,3,1,1,0,1,0,1,3,-26.465438,-49.125758,SPRF-SC,DEL03-SC,UOP03-DEL03-SC,2025