id,data_inversa,dia_semana,horario,uf,br,km,municipio,causa_acidente,tipo_acidente,classificacao_acidente,fase_dia,sentido_via,condicao_metereologica,tipo_pista,tracado_via,uso_solo,pessoas,mortos,feridos_leves,feridos_graves,ilesos,ignorados,feridos,veiculos,latitude,longitude,regional,delegacia,uop,ano_arquivo
"735092,0",2025-11-29,sábado,05:30:00,SC,470,"147,0",RIO DO SUL,Manobra de mudança de faixa,Colisão lateral sentido oposto,Sem Vítimas,Amanhecer,Decrescente,Céu Claro,Simples,Reta,Sim,3,0,0,0,2,1,0,3,-27.2407462,-49.6852658,SPRF-SC,DEL04-SC,UOP02-DEL04-SC,2025
"735167,0",2025-11-29,sábado,11:20:00,SC,470,"176,2",POUSO REDONDO,Velocidade Incompatível,Colisão frontal,Com Vítimas Fatais,Pleno dia,Decrescente,Sol,Simples,Reta;Aclive,Não,4,2,0,0,1,2,0,4,-27.252542,-49.95397568,SPRF-SC,DEL04-SC,UOP02-DEL04-SC,2025
"735194,0",2025-11-29,sábado,14:30:00,SC,101,"203,1",SAO JOSE,Manobra de mudança de faixa,Colisão lateral mesmo sentido,Com Vítimas Feridas,Pleno dia,Decrescente,Céu Claro,Múltipla,Curva;Aclive,Sim,3,0,0,1,0,2,1,3,-27.5670055,-48.614319,SPRF-SC,DEL01-SC,UOP01-DEL01-SC,2025
"735280,0",2025-11-29,sábado,14:10:00,SC,280,"240,7",CANOINHAS,Conversão proibida,Colisão traseira,Com Vítimas Feridas,Pleno dia,Crescente,Céu Claro,Simples,Declive;Reta,Não,6,0,4,0,2,0,4,2,-26.22346344,-50.45842543,SPRF-SC,DEL06-SC,UOP04-DEL06-SC,2025
"735297,0",2025-11-29,sábado,21:30:00,SC,153,"94,0",CONCORDIA,Ausência de reação do condutor,Tombamento,Com Vítimas Feridas,Plena Noite,Crescente,Céu Claro,Simples,Declive;Curva,Não,2,0,0,1,0,1,1,2,-27.20475222,-51.94935685,SPRF-SC,DEL07-SC,UOP04-DEL07-SC,2025
"735325,0",2025-11-29,sábado,20:40:00,SC,163,"71,2",SAO MIGUEL DO OESTE,Transitar na contramão,Colisão lateral sentido oposto,Com Vítimas Feridas,Plena Noite,Decrescente,Céu Claro,Dupla,Reta;Interseção de Vias,Sim,4,0,2,0,1,1,2,3,-26.7258513,-53.5130859,SPRF-SC,DEL07-SC,UOP03-DEL07-SC,2025
"735433,0",2025-11-30,domingo,11:00:00,SC,101,"163,0",TIJUCAS,Acessar a via sem observar a presença dos outros veículos,Colisão traseira,Com Vítimas Feridas,Pleno dia,Decrescente,Nublado,Múltipla,Reta,Sim,4,0,2,0,1,1,2,3,-27.23512,-48.63043,SPRF-SC,DEL04-SC,UOP03-DEL04-SC,2025
"735506,0",2025-11-30,domingo,18:15:00,SC,470,"162,0",TROMBUDO CENTRAL,Reação tardia ou ineficiente do condutor,Colisão frontal,Com Vítimas Feridas,Anoitecer,Decrescente,Nublado,Múltipla,Reta;Aclive,Não,3,0,2,0,1,0,2,2,-27.2811258,-49.8191788,SPRF-SC,DEL04-SC,UOP02-DEL04-SC,2025
"735624,0",2025-12-01,segunda-feira,06:50:00,SC,101,"158,0",PORTO BELO,Ausência de reação do condutor,Colisão traseira,Com Vítimas Feridas,Pleno dia,Crescente,Chuva,Dupla,Reta,Não,4,0,0,1,2,4,1,7,-27.19206722,-48.61262905,SPRF-SC,DEL04-SC,UOP03-DEL04-SC,2025
"735685,0",2025-12-01,segunda-feira,09:00:00,SC,282,"517,9",XAXIM,Velocidade Incompatível,Colisão traseira,Com Vítimas Feridas,Pleno dia,Decrescente,Sol,Simples,Reta,Não,2,0,1,0,1,0,1,2,-26.94245249,-52.50528987,SPRF-SC,DEL07-SC,UOP01-DEL07-SC,2025
"735688,0",2025-12-01,segunda-feira,09:30:00,SC,282,"138,1",BOM RETIRO,Velocidade Incompatível,Saída de leito carroçável,Com Vítimas Feridas,Pleno dia,Decrescente,Nublado,Simples,Declive;Curva,Não,4,0,4,0,0,0,4,1,-27.82740632,-49.57988262,SPRF-SC,DEL05-SC,UOP01-DEL05-SC,2025
"735746,0",2025-12-01,segunda-feira,15:00:00,SC,280,"209,6",TRES BARRAS,Demais falhas mecânicas ou elétricas,Saída de leito carroçável,Com Vítimas Feridas,Pleno dia,Decrescente,Céu Claro,Simples,Reta,Não,1,0,1,0,0,0,1,1,-26.172691,-50.162524,SPRF-SC,DEL06-SC,UOP04-DEL06-SC,2025
"735763,0",2025-12-01,segunda-feira,14:00:00,SC,101,"150,8",ITAPEMA,Reação tardia ou ineficiente do condutor,Colisão com objeto,Com Vítimas Feridas,Pleno dia,Decrescente,Garoa/Chuvisco,Múltipla,Reta,Sim,2,0,1,0,0,1,1,2,-27.125093,-48.609404,SPRF-SC,DEL04-SC,UOP03-DEL04-SC,2025
"735817,0",2025-12-01,segunda-feira,23:00:00,SC,101,"174,2",GOVERNADOR CELSO RAMOS,Ausência de reação do condutor,Engavetamento,Com Vítimas Fatais,Plena Noite,Decrescente,Chuva,Dupla,Reta,Não,5,1,2,1,0,2,3,6,-27.33337,-48.62688,SPRF-SC,DEL01-SC,UOP01-DEL01-SC,2025
"735844,0",2025-12-02,terça-feira,06:40:00,SC,470,"119,8",IBIRAMA,Velocidade Incompatível,Colisão frontal,Com Vítimas Feridas,Pleno dia,Crescente,Nublado,Simples,Reta,Não,2,0,0,1,1,0,1,2,-27.09122,-49.52059,SPRF-SC,DEL04-SC,UOP02-DEL04-SC,2025
"735852,0",2025-12-02,terça-feira,04:30:00,SC,101,"358,7",SANGAO,Condutor Dormindo,Saída de leito carroçável,Com Vítimas Feridas,Plena Noite,Crescente,Céu Claro,Dupla,Reta,Não,2,0,1,0,1,0,1,2,-28.63606962,-49.09594846,SPRF-SC,DEL02-SC,UOP01-DEL02-SC,2025
"735873,0",2025-12-02,terça-feira,08:00:00,SC,282,"422,0",VARGEM BONITA,Condutor deixou de manter distância do veículo da frente,Engavetamento,Com Vítimas Feridas,Pleno dia,Decrescente,Nublado,Simples,Rotatória,Sim,3,0,1,0,2,0,1,3,-27.0033651,-51.7407763,SPRF-SC,DEL07-SC,UOP05-DEL07-SC,2025
"735886,0",2025-12-02,terça-feira,06:40:00,SC,280,"224,0",TRES BARRAS,Acessar a via sem observar a presença dos outros veículos,Colisão lateral mesmo sentido,Com Vítimas Feridas,Pleno dia,Decrescente,Nublado,Simples,Reta,Não,2,0,1,0,1,0,1,2,-26.17828062,-50.31156376,SPRF-SC,DEL06-SC,UOP04-DEL06-SC,2025
"735919,0",2025-12-02,terça-feira,11:00:00,SC,101,"8,0",BIGUACU,Reação tardia ou ineficiente do condutor,Colisão traseira,Com Vítimas Feridas,Pleno dia,Decrescente,Céu Claro,Dupla,Curva,Não,4,0,1,0,2,2,1,5,-27.396292,-48.702063,SPRF-SC,DEL01-SC,UOP01-DEL01-SC,2025
"735930,0",2025-12-02,terça-feira,14:25:00,SC,101,"144,5",ITAPEMA,Reação tardia ou ineficiente do condutor,Colisão traseira,Com Vítimas Feridas,Pleno dia,Decrescente,Céu Claro,Dupla,Reta,Não,4,0,1,0,2,1,1,3,-27.077,-48.59873,SPRF-SC,DEL04-SC,UOP03-DEL04-SC,2025
"735940,0",2025-12-02,terça-feira,15:50:00,SC,101,"177,9",GOVERNADOR CELSO RAMOS,Reação tardia ou ineficiente do condutor,Colisão traseira,Com Vítimas Feridas,Pleno dia,Decrescente,Chuva,Dupla,Reta,Não,6,0,2,0,3,1,2,4,-27.36343981,-48.63362074,SPRF-SC,DEL01-SC,UOP01-DEL01-SC,2025
"735943,0",2025-12-02,terça-feira,14:30:00,SC,280,"85,0",CORUPA,Demais falhas mecânicas ou elétricas,Colisão frontal,Sem Vítimas,Pleno dia,Crescente,Céu Claro,Simples,Reta,Não,3,0,0,0,2,1,0,3,-26.40691,-49.284145,SPRF-SC,DEL06-SC,UOP03-DEL06-SC,2025
"735954,0",2025-12-02,terça-feira,15:00:00,SC,116,"172,9",SAO CRISTOVAO DO SUL,Reação tardia ou ineficiente do condutor,Tombamento,Com Vítimas Feridas,Pleno dia,Crescente,Nublado,Simples,Aclive;Curva,Não,2,0,1,0,0,1,1,2,-27.21776,-50.46645,SPRF-SC,DEL05-SC,UOP03-DEL05-SC,2025
"735965,0",2025-12-02,terça-feira,18:45:00,SC,101,"207,0",SAO JOSE,Reação tardia ou ineficiente do condutor,Colisão traseira,Com Vítimas Feridas,Anoitecer,Decrescente,Nublado,Múltipla,Reta,Não,4,0,3,0,0,1,3,3,-27.600297,-48.623145,SPRF-SC,DEL01-SC,UOP01-DEL01-SC,2025
"735985,0",2025-12-02,terça-feira,18:20:00,SC,470,"31,9",GASPAR,Reação tardia ou ineficiente do condutor,Engavetamento,Com Vítimas Feridas,Pleno dia,Crescente,Nublado,Dupla,Reta,Não,8,0,6,0,2,0,6,3,-26.8993769,-48.92769814,SPRF-SC,DEL04-SC,UOP01-DEL04-SC,2025
"736019,0",2025-12-02,terça-feira,20:00:00,SC,282,"186,0",BOCAINA DO SUL,Demais falhas mecânicas ou elétricas,Incêndio,Sem Vítimas,Plena Noite,Decrescente,Céu Claro,Simples,Curva,Não,1,0,0,0,1,0,0,1,-27.73901,-50.00395,SPRF-SC,DEL05-SC,UOP01-DEL05-SC,2025
"736027,0",2025-12-03,quarta-feira,04:45:00,SC,470,"54,6",BLUMENAU,Ausência de reação do condutor,Tombamento,Com Vítimas Feridas,Amanhecer,Decrescente,Céu Claro,Simples,Interseção de Vias,Não,3,0,1,0,1,1,1,2,-26.87337675,-49.11392625,SPRF-SC,DEL04-SC,UOP01-DEL04-SC,2025
"736136,0",2025-12-03,quarta-feira,15:00:00,SC,101,"113,8",ITAJAI,Ausência de reação do condutor,Atropelamento de Pedestre,Com Vítimas Fatais,Pleno dia,Decrescente,Céu Claro,Múltipla,Reta,Sim,4,1,0,1,1,1,1,4,-26.860616,-48.728011,SPRF-SC,DEL04-SC,UOP04-DEL04-SC,2025
"736161,0",2025-12-03,quarta-feira,08:40:00,SC,101,"205,0",SAO JOSE,Ausência de reação do condutor,Tombamento,Com Vítimas Feridas,Pleno dia,Crescente,Céu Claro,Múltipla,Reta,Sim,2,0,1,0,0,1,1,2,-27.5831592,-48.61524073,SPRF-SC,DEL01-SC,UOP01-DEL01-SC,2025
"736173,0",2025-12-03,quarta-feira,17:00:00,SC,153,"98,1",CONCORDIA,Acessar a via sem observar a presença dos outros veículos,Colisão traseira,Com Vítimas Feridas,Pleno dia,Decrescente,Sol,Simples,Reta,Não,5,0,4,0,1,0,4,3,-27.23539987,-51.95086956,SPRF-SC,DEL07-SC,UOP04-DEL07-SC,2025
"736203,0",2025-12-03,quarta-feira,19:30:00,SC,101,"223,3",PALHOCA,Ausência de reação do condutor,Colisão lateral mesmo sentido,Sem Vítimas,Plena Noite,Decrescente,Céu Claro,Dupla,Reta,Não,3,0,0,0,2,1,0,3,-27.72345123,-48.64393886,SPRF-SC,DEL01-SC,UOP02-DEL01-SC,2025
"736205,0",2025-12-03,quarta-feira,18:00:00,SC,282,"383,7",JOACABA,Velocidade Incompatível,Tombamento,Com Vítimas Feridas,Anoitecer,Decrescente,Sol,Simples,Declive;Curva,Não,1,0,1,0,0,0,1,1,-27.20471703,-51.5136373,SPRF-SC,DEL07-SC,UOP05-DEL07-SC,2025
"736215,0",2025-12-03,quarta-feira,17:40:00,SC,470,"139,0",RIO DO SUL,Manobra de mudança de faixa,Colisão lateral mesmo sentido,Sem Vítimas,Anoitecer,Crescente,Céu Claro,Simples,Curva,Sim,4,0,0,0,3,1,0,3,-27.20307057,-49.63492004,SPRF-SC,DEL04-SC,UOP02-DEL04-SC,2025
"736269,0",2025-12-04,quinta-feira,00:10:00,SC,116,"218,7",CORREIA PINTO,Condutor Dormindo,Saída de leito carroçável,Com Vítimas Feridas,Plena Noite,Crescente,Céu Claro,Simples,Reta,Sim,3,0,1,0,1,1,1,3,-27.57349723,-50.37205193,SPRF-SC,DEL05-SC,UOP03-DEL05-SC,2025
"736410,0",2025-12-04,quinta-feira,18:09:00,SC,282,"219,3",LAGES,Avarias e/ou desgaste excessivo no pneu,Incêndio,Sem Vítimas,Anoitecer,Crescente,Céu Claro,Simples,Reta,Não,2,0,0,0,1,2,0,3,-27.79555253,-50.3236146,SPRF-SC,DEL05-SC,UOP01-DEL05-SC,2025
"736433,0",2025-12-04,quinta-feira,19:10:00,SC,282,"242,8",SAO JOSE DO CERRITO,Transitar na contramão,Colisão lateral sentido oposto,Com Vítimas Feridas,Plena Noite,Crescente,Céu Claro,Dupla,Reta;Aclive,Não,5,0,1,0,2,3,1,5,-27.766957,-50.497016,SPRF-SC,DEL05-SC,UOP02-DEL05-SC,2025
"736465,0",2025-12-04,quinta-feira,23:45:00,SC,153,"88,4",CONCORDIA,Condutor Dormindo,Saída de leito carroçável,Com Vítimas Feridas,Plena Noite,Decrescente,Céu Claro,Simples,Declive;Curva,Não,1,0,1,0,0,0,1,1,-27.175736,-51.908104,SPRF-SC,DEL07-SC,UOP04-DEL07-SC,2025
"736559,0",2025-12-05,sexta-feira,11:00:00,SC,101,"304,7",LAGUNA,Ausência de reação do condutor,Colisão traseira,Com Vítimas Feridas,Pleno dia,Crescente,Céu Claro,Múltipla,Reta;Declive,Não,3,0,1,0,2,0,1,2,-28.38982801,-48.77623299,SPRF-SC,DEL02-SC,UOP03-DEL02-SC,2025
"736580,0",2025-11-19,quarta-feira,07:20:00,SC,101,"138,0",BALNEARIO CAMBORIU,Trafegar com motocicleta (ou similar) entre as faixas,Colisão traseira,Com Vítimas Feridas,Pleno dia,Crescente,Céu Claro,Dupla,Reta,Sim,5,0,2,0,2,1,2,4,-27.02609161,-48.60652118,SPRF-SC,DEL04-SC,UOP03-DEL04-SC,2025
"736612,0",2025-12-05,sexta-feira,15:50:00,SC,470,"26,7",ILHOTA,Condutor Dormindo,Colisão traseira,Com Vítimas Feridas,Pleno dia,Decrescente,Céu Claro,Dupla,Reta,Não,5,0,0,2,3,0,2,2,-26.88335813,-48.86481827,SPRF-SC,DEL04-SC,UOP04-DEL04-SC,2025
"736614,0",2025-12-05,sexta-feira,15:45:00,SC,470,"122,9",IBIRAMA,Ultrapassagem Indevida,Colisão lateral mesmo sentido,Com Vítimas Feridas,Pleno dia,Crescente,Céu Claro,Simples,Aclive;Curva,Sim,5,0,1,1,2,2,2,5,-27.10755,-49.52355,SPRF-SC,DEL04-SC,UOP02-DEL04-SC,2025
"736622,0",2025-12-05,sexta-feira,15:55:00,SC,116,"179,8",SAO CRISTOVAO DO SUL,Velocidade Incompatível,Colisão traseira,Com Vítimas Feridas,Pleno dia,Crescente,Céu Claro,Simples,Curva,Sim,2,0,1,0,1,0,1,2,-27.26295048,-50.44401024,SPRF-SC,DEL05-SC,UOP03-DEL05-SC,2025
"736687,0",2025-12-05,sexta-feira,21:35:00,SC,470,"159,9",TROMBUDO CENTRAL,Acessar a via sem observar a presença dos outros veículos,Colisão transversal,Com Vítimas Feridas,Plena Noite,Crescente,Céu Claro,Simples,Reta;Interseção de Vias,Sim,2,0,0,1,1,0,1,2,-27.28581387,-49.79908347,SPRF-SC,DEL04-SC,UOP02-DEL04-SC,2025
"736715,0",2025-12-05,sexta-feira,23:40:00,SC,101,"192,4",BIGUACU,Reação tardia ou ineficiente do condutor,Colisão traseira,Com Vítimas Feridas,Plena Noite,Crescente,Céu Claro,Múltipla,Aclive;Reta,Sim,2,0,1,0,1,0,1,2,-27.48732,-48.651402,SPRF-SC,DEL01-SC,UOP01-DEL01-SC,2025
"736803,0",2025-12-06,sábado,07:10:00,SC,280,"30,0",ARAQUARI,Trafegar com motocicleta (ou similar) entre as faixas,Colisão lateral mesmo sentido,Com Vítimas Feridas,Pleno dia,Crescente,Céu Claro,Simples,Reta,Sim,3,0,1,0,1,1,1,3,-26.41643616,-48.77131311,SPRF-SC,DEL03-SC,UOP03-DEL03-SC,2025
"736815,0",2025-12-06,sábado,11:15:00,SC,470,"141,0",RIO DO SUL,Entrada inopinada do pedestre,Atropelamento de Pedestre,Com Vítimas Feridas,Pleno dia,Crescente,Céu Claro,Simples,Reta;Declive,Sim,3,0,0,1,1,1,1,3,-27.2068508,-49.6468276,SPRF-SC,DEL04-SC,UOP02-DEL04-SC,2025
"736821,0",2025-12-06,sábado,10:50:00,SC,282,"656,8",SAO MIGUEL DO OESTE,Ausência de reação do condutor,Colisão com objeto,Com Vítimas Feridas,Pleno dia,Decrescente,Sol,Simples,Curva;Ponte,Não,2,0,1,0,1,0,1,1,-26.68795127,-53.54900328,SPRF-SC,DEL07-SC,UOP03-DEL07-SC,2025
"736947,0",2025-12-06,sábado,22:25:00,SC,101,"279,5",IMBITUBA,Manobra de mudança de faixa,Colisão traseira,Com Vítimas Feridas,Plena Noite,Crescente,Céu Claro,Múltipla,Reta,Não,3,0,1,0,1,1,1,2,-28.18962427,-48.69682431,SPRF-SC,DEL02-SC,UOP03-DEL02-SC,2025
"736970,0",2025-12-07,domingo,00:30:00,SC,101,"119,2",ITAJAI,Ausência de reação do condutor,Colisão traseira,Sem Vítimas,Plena Noite,Decrescente,Nublado,Dupla,Reta,Não,4,0,0,0,2,2,0,4,-26.91162761,-48.71231524,SPRF-SC,DEL04-SC,UOP04-DEL04-SC,2025
"736993,0",2025-12-07,domingo,04:20:00,SC,101,"258,2",PAULO LOPES,Ausência de reação do condutor,Colisão lateral mesmo sentido,Sem Vítimas,Plena Noite,Crescente,Céu Claro,Dupla,Reta,Não,4,0,0,0,3,2,0,4,-28.009224,-48.695515,SPRF-SC,DEL02-SC,UOP03-DEL02-SC,2025
"737011,0",2025-12-07,domingo,07:10:00,SC,101,"96,5",BALNEARIO PICARRAS,Suicídio (presumido),Atropelamento de Pedestre,Com Vítimas Fatais,Pleno dia,Decrescente,Céu Claro,Dupla,Reta,Não,3,1,0,0,1,1,0,3,-26.72596,-48.702093,SPRF-SC,DEL03-SC,UOP02-DEL03-SC,2025
"737029,0",2025-12-07,domingo,08:30:00,SC,101,"117,8",ITAJAI,Manobra de mudança de faixa,Colisão lateral mesmo sentido,Com Vítimas Feridas,Pleno dia,Decrescente,Céu Claro,Múltipla,Reta,Sim,3,0,1,0,1,1,1,3,-26.89367422,-48.71979475,SPRF-SC,DEL04-SC,UOP04-DEL04-SC,2025
"737086,0",2025-12-07,domingo,12:45:00,SC,101,"7,0",GARUVA,Ingestão de álcool pelo condutor,Colisão lateral mesmo sentido,Com Vítimas Feridas,Pleno dia,Crescente,Céu Claro,Múltipla,Interseção de Vias;Reta,Não,3,0,1,0,1,1,1,3,-26.039452,-48.85979,SPRF-SC,DEL03-SC,UOP01-DEL03-SC,2025
"737101,0",2025-11-29,sábado,18:30:00,SC,101,"125,0",ITAJAI,Condutor deixou de manter distância do veículo da frente,Colisão lateral mesmo sentido,Com Vítimas Feridas,Anoitecer,Crescente,Céu Claro,Dupla,Reta,Sim,5,0,1,0,3,1,1,5,-26.95621386,-48.67981307,SPRF-SC,DEL04-SC,UOP04-DEL04-SC,2025
"737300,0",2025-12-08,segunda-feira,08:50:00,SC,116,"305,3",CAPAO ALTO,Velocidade Incompatível,Tombamento,Com Vítimas Feridas,Pleno dia,Crescente,Céu Claro,Simples,Curva;Declive,Não,1,0,0,1,0,0,1,1,-28.199098,-50.72785081,SPRF-SC,DEL05-SC,UOP02-DEL05-SC,2025
"737316,0",2025-12-08,segunda-feira,11:45:00,SC,116,"141,0",SANTA CECILIA,Ausência de reação do condutor,Engavetamento,Com Vítimas Feridas,Pleno dia,Decrescente,Céu Claro,Simples,Reta,Não,3,0,1,0,2,0,1,3,-26.97364798,-50.40185094,SPRF-SC,DEL06-SC,UOP02-DEL06-SC,2025
"737331,0",2025-12-08,segunda-feira,12:50:00,SC,282,"544,9",NOVA ITABERABA,Velocidade Incompatível,Colisão frontal,Com Vítimas Feridas,Pleno dia,Crescente,Chuva,Simples,Rotatória,Não,3,0,1,0,1,1,1,3,-26.93689353,-52.80294869,SPRF-SC,DEL07-SC,UOP01-DEL07-SC,2025
"737363,0",2025-12-08,segunda-feira,15:25:00,SC,101,"135,6",BALNEARIO CAMBORIU,Reação tardia ou ineficiente do condutor,Colisão traseira,Com Vítimas Feridas,Pleno dia,Decrescente,Nublado,Dupla,Reta;Ponte,Sim,3,0,1,1,1,0,2,2,-27.00646852,-48.62094998,SPRF-SC,DEL04-SC,UOP03-DEL04-SC,2025
"737377,0",2025-12-08,segunda-feira,16:45:00,SC,101,"140,0",BALNEARIO CAMBORIU,Trafegar com motocicleta (ou similar) entre as faixas,Colisão lateral mesmo sentido,Com Vítimas Fatais,Pleno dia,Crescente,Céu Claro,Múltipla,Reta;Aclive,Não,2,1,0,0,1,0,0,2,-27.03705108,-48.6004626,SPRF-SC,DEL04-SC,UOP03-DEL04-SC,2025
"737388,0",2025-12-08,segunda-feira,16:50:00,SC,101,"240,2",PALHOCA,Condutor deixou de manter distância do veículo da frente,Engavetamento,Com Vítimas Feridas,Pleno dia,Crescente,Nublado,Dupla,Reta,Não,4,0,2,0,2,0,2,3,-27.85978,-48.6447,SPRF-SC,DEL01-SC,UOP02-DEL01-SC,2025
"737409,0",2025-12-08,segunda-feira,17:27:00,SC,470,"150,0",AGRONOMICA,Velocidade Incompatível,Tombamento,Com Vítimas Feridas,Pleno dia,Decrescente,Céu Claro,Simples,Rotatória,Sim,2,0,1,0,0,2,1,3,-27.29308249,-49.73844702,SPRF-SC,DEL04-SC,UOP02-DEL04-SC,2025
"737443,0",2025-12-08,segunda-feira,18:05:00,SC,101,"411,7",ARARANGUA,Manobra de mudança de faixa,Colisão com objeto,Com Vítimas Feridas,Anoitecer,Decrescente,Céu Claro,Dupla,Reta,Não,3,0,1,0,2,0,1,2,-28.94114769,-49.5244023,SPRF-SC,DEL02-SC,UOP02-DEL02-SC,2025
"737457,0",2025-12-08,segunda-feira,14:15:00,SC,282,"541,5",CHAPECO,Velocidade Incompatível,Tombamento,Com Vítimas Feridas,Pleno dia,Decrescente,Chuva,Múltipla,Curva;Rotatória,Não,2,0,1,0,0,2,1,3,-26.99775109,-52.70125437,SPRF-SC,DEL07-SC,UOP01-DEL07-SC,2025
"737485,0",2025-12-09,terça-feira,04:40:00,SC,101,"60,9",ARAQUARI,Demais falhas mecânicas ou elétricas,Incêndio,Sem Vítimas,Amanhecer,Decrescente,Garoa/Chuvisco,Dupla,Reta,Não,2,0,0,0,1,2,0,3,-26.45366863,-48.7796402,SPRF-SC,DEL03-SC,UOP02-DEL03-SC,2025
"737521,0",2025-12-09,terça-feira,09:40:00,SC,101,"334,7",TUBARAO,Ausência de reação do condutor,Colisão traseira,Com Vítimas Feridas,Pleno dia,Crescente,Chuva,Múltipla,Reta,Sim,5,0,1,1,2,1,2,4,-28.47347149,-49.02556806,SPRF-SC,DEL02-SC,UOP01-DEL02-SC,2025
"737534,0",2025-12-09,terça-feira,10:20:00,SC,101,"40,0",JOINVILLE,Manobra de mudança de faixa,Colisão lateral mesmo sentido,Sem Vítimas,Pleno dia,Decrescente,Garoa/Chuvisco,Dupla,Aclive,Não,3,0,0,0,2,1,0,3,-26.30418756,-48.88263702,SPRF-SC,DEL03-SC,UOP01-DEL03-SC,2025
"737592,0",2025-12-09,terça-feira,10:40:00,SC,470,"86,8",RODEIO,Demais falhas mecânicas ou elétricas,Colisão com objeto,Sem Vítimas,Pleno dia,Crescente,Chuva,Simples,Curva,Sim,1,0,0,0,1,0,0,1,-26.94792705,-49.36512418,SPRF-SC,DEL04-SC,UOP01-DEL04-SC,2025
"737597,0",2025-12-09,terça-feira,13:30:00,SC,282,"387,0",JOACABA,Pista Escorregadia,Colisão lateral sentido oposto,Com Vítimas Feridas,Pleno dia,Crescente,Chuva,Simples,Reta;Declive,Sim,2,0,2,0,0,0,2,2,-27.18661677,-51.51864499,SPRF-SC,DEL07-SC,UOP05-DEL07-SC,2025
"737607,0",2025-12-09,terça-feira,01:00:00,SC,470,"34,7",GASPAR,Condutor Dormindo,Saída de leito carroçável,Sem Vítimas,Plena Noite,Crescente,Nublado,Simples,Reta;Rotatória,Não,2,0,0,0,1,1,0,2,-26.91201029,-48.9527664,SPRF-SC,DEL04-SC,UOP01-DEL04-SC,2025
"737637,0",2025-12-09,terça-feira,18:48:00,SC,101,"222,5",PALHOCA,Reação tardia ou ineficiente do condutor,Colisão lateral mesmo sentido,Sem Vítimas,Plena Noite,Crescente,Chuva,Múltipla,Aclive;Reta,Não,2,0,0,0,1,1,0,2,-27.70967129,-48.65480201,SPRF-SC,DEL01-SC,UOP02-DEL01-SC,2025
"737694,0",2025-12-09,terça-feira,23:50:00,SC,280,"131,6",RIO NEGRINHO,Transitar na contramão,Colisão frontal,Com Vítimas Feridas,Plena Noite,Crescente,Céu Claro,Simples,Reta,Sim,2,0,0,1,1,0,1,2,-26.25869,-49.54538,SPRF-SC,DEL06-SC,UOP03-DEL06-SC,2025
"737707,0",2025-12-09,terça-feira,22:20:00,SC,116,"73,2",MONTE CASTELO,Transitar na contramão,Colisão frontal,Com Vítimas Feridas,Plena Noite,Crescente,Nublado,Simples,Reta,Não,3,0,2,1,0,0,3,2,-26.498114,-50.233183,SPRF-SC,DEL06-SC,UOP02-DEL06-SC,2025
"737785,0",2025-12-10,quarta-feira,12:35:00,SC,282,"237,0",LAGES,Reação tardia ou ineficiente do condutor,Saída de leito carroçável,Com Vítimas Fatais,Pleno dia,Crescente,Chuva,Simples,Reta;Declive,Não,1,1,0,0,0,0,0,1,-27.78708,-50.4881,SPRF-SC,DEL05-SC,UOP02-DEL05-SC,2025
"737818,0",2025-12-10,quarta-feira,13:20:00,SC,153,"8,5",AGUA DOCE,Condutor Dormindo,Saída de leito carroçável,Com Vítimas Fatais,Pleno dia,Crescente,Chuva,Simples,Aclive;Reta,Não,3,1,0,0,0,2,0,3,-26.664798,-51.546814,SPRF-SC,DEL07-SC,UOP07-DEL07-SC,2025
"737847,0",2025-12-10,quarta-feira,18:12:00,SC,116,"221,2",CORREIA PINTO,Acesso irregular,Colisão transversal,Com Vítimas Feridas,Anoitecer,Crescente,Chuva,Simples,Reta,Sim,2,0,0,1,1,0,1,2,-27.5952787,-50.35865664,SPRF-SC,DEL05-SC,UOP03-DEL05-SC,2025
"737888,0",2025-12-10,quarta-feira,20:40:00,SC,282,"560,7",NOVA ITABERABA,Ingestão de álcool pelo condutor,Engavetamento,Sem Vítimas,Plena Noite,Crescente,Chuva,Simples,Reta,Não,4,0,0,0,4,0,0,4,-26.92657991,-52.8524785,SPRF-SC,DEL07-SC,UOP02-DEL07-SC,2025
"737898,0",2025-12-11,quinta-feira,00:45:00,SC,101,"199,0",SAO JOSE,Reação tardia ou ineficiente do condutor,Colisão traseira,Com Vítimas Feridas,Plena Noite,Crescente,Céu Claro,Dupla,Reta,Sim,3,0,2,0,1,0,2,2,-27.53922132,-48.6238974,SPRF-SC,DEL01-SC,UOP01-DEL01-SC,2025
"737910,0",2025-12-11,quinta-feira,05:05:00,SC,101,"15,9",GARUVA,Reação tardia ou ineficiente do condutor,Colisão traseira,Sem Vítimas,Pleno dia,Crescente,Céu Claro,Dupla,Declive;Curva,Não,3,0,0,0,2,3,0,5,-26.11417482,-48.87643576,SPRF-SC,DEL03-SC,UOP01-DEL03-SC,2025
"737947,0",2025-09-06,sábado,19:00:00,SC,163,"107,2",GUARUJA DO SUL,Condutor deixou de manter distância do veículo da frente,Colisão traseira,Com Vítimas Feridas,Plena Noite,Decrescente,Nublado,Simples,Declive;Reta,Não,5,0,3,0,2,0,3,3,-26.4250792,-53.52290154,SPRF-SC,DEL07-SC,UOP03-DEL07-SC,2025
"737976,0",2025-12-11,quinta-feira,08:59:00,SC,282,"64,5",RANCHO QUEIMADO,Ultrapassagem Indevida,Colisão lateral mesmo sentido,Com Vítimas Feridas,Pleno dia,Decrescente,Sol,Simples,Curva,Não,2,0,1,0,1,0,1,2,-27.69637224,-49.05622959,SPRF-SC,DEL01-SC,UOP03-DEL01-SC,2025