id,data_inversa,dia_semana,horario,uf,br,km,municipio,causa_acidente,tipo_acidente,classificacao_acidente,fase_dia,sentido_via,condicao_metereologica,tipo_pista,tracado_via,uso_solo,pessoas,mortos,feridos_leves,feridos_graves,ilesos,ignorados,feridos,veiculos,latitude,longitude,regional,delegacia,uop,ano_arquivo
"742621,0",2025-12-30,terça-feira,16:30:00,SC,101,"276,0",IMBITUBA,Reação tardia ou ineficiente do condutor,Colisão transversal,Com Vítimas Feridas,Pleno dia,Crescente,Chuva,Simples,Viaduto,Sim,3,0,1,1,1,0,2,2,-28.160173,-48.692708,SPRF-SC,DEL02-SC,UOP03-DEL02-SC,2025
"742802,0",2025-12-31,quarta-feira,15:30:00,SC,470,"172,0",POUSO REDONDO,Acumulo de óleo sobre o pavimento,Colisão frontal,Com Vítimas Feridas,Pleno dia,Crescente,Garoa/Chuvisco,Simples,Curva,Sim,7,0,2,0,4,2,2,4,-27.2584492,-49.9155176,SPRF-SC,DEL04-SC,UOP02-DEL04-SC,2025
"742880,0",2025-12-31,quarta-feira,20:45:00,SC,101,"207,5",SAO JOSE,Ausência de reação do condutor,Saída de leito carroçável,Sem Vítimas,Plena Noite,Crescente,Nublado,Dupla,Declive,Sim,1,0,0,0,1,0,0,1,-27.6021,-48.630465,SPRF-SC,DEL01-SC,UOP01-DEL01-SC,2025
"744758,0",2025-12-17,quarta-feira,16:45:00,SC,282,"618,0",IRACEMINHA,Demais falhas mecânicas ou elétricas,Incêndio,Sem Vítimas,Pleno dia,Crescente,Sol,Simples,Reta,Não,2,0,0,0,1,1,0,2,-26.7884113,-53.29354662,SPRF-SC,DEL07-SC,UOP02-DEL07-SC,2025
"745183,0",2025-12-30,terça-feira,00:30:00,SC,282,"498,0",XANXERE,Acessar a via sem observar a presença dos outros veículos,Colisão transversal,Com Vítimas Feridas,Plena Noite,Crescente,Nublado,Simples,Retorno Regulamentado;Reta;Interseção de Vias,Não,2,0,1,0,1,0,1,2,-26.88051679,-52.35949874,SPRF-SC,DEL07-SC,UOP01-DEL07-SC,2025
"745251,0",2025-10-29,quarta-feira,03:50:00,SC,101,"4,0",GARUVA,Ausência de reação do condutor,Colisão traseira,Com Vítimas Feridas,Plena Noite,Crescente,Nublado,Dupla,Reta,Não,3,0,0,1,1,3,1,5,-26.01835633,-48.86220329,SPRF-SC,DEL03-SC,UOP01-DEL03-SC,2025
"747713,0",2025-12-09,terça-feira,23:20:00,SC,470,"146,0",RIO DO SUL,Desrespeitar a preferência no cruzamento,Colisão transversal,Com Vítimas Feridas,Plena Noite,Decrescente,Céu Claro,Simples,Interseção de Vias,Sim,2,0,0,1,1,0,1,2,-27.23951558,-49.68459455,SPRF-SC,DEL04-SC,UOP02-DEL04-SC,2025
"748976,0",2025-04-06,domingo,13:37:00,SC,101,"233,7",PALHOCA,Reação tardia ou ineficiente do condutor,Colisão com objeto,Com Vítimas Feridas,Pleno dia,Crescente,Céu Claro,Dupla,Curva;Declive,Não,33,0,4,4,24,6,8,31,-27.808425,-48.638622,SPRF-SC,DEL01-SC,UOP02-DEL01-SC,2025
"757560,0",2025-10-11,sábado,04:30:00,SC,470,"111,0",APIUNA,Chuva,Tombamento,Com Vítimas Feridas,Amanhecer,Crescente,Garoa/Chuvisco,Simples,Curva,Não,1,0,1,0,0,0,1,1,-27.09939,-49.46265,SPRF-SC,DEL04-SC,UOP02-DEL04-SC,2025
"662156,0",2025-02-18,terça-feira,09:55:00,SC,282,"99,0",CUNHA PORA,Ausência de reação do condutor,Colisão traseira,Com Vítimas Feridas,Pleno dia,Decrescente,Céu Claro,Simples,Reta,Não,5,0,2,0,3,0,2,4,-26.80712721,-53.18156546,SPRF-SC,DEL01-SC,UOP03-DEL01-SC,2025
"662934,0",2025-02-22,sábado,13:50:00,SC,101,"158,0",PORTO BELO,Ausência de reação do condutor,Colisão lateral mesmo sentido,Com Vítimas Feridas,Pleno dia,Crescente,Céu Claro,Dupla,Reta,Sim,3,0,0,1,0,2,1,3,-27.19306042,-48.61267269,SPRF-SC,DEL04-SC,UOP03-DEL04-SC,2025
"692805,0",2025-05-21,quarta-feira,18:17:00,SC,101,"232,8",PALHOCA,Trafegar com motocicleta (ou similar) entre as faixas,Colisão lateral mesmo sentido,Com Vítimas Fatais,Plena Noite,Crescente,Chuva,Dupla,Reta;Aclive,Não,3,1,0,0,0,2,0,3,-27.800894,-48.637484,SPRF-SC,DEL01-SC,UOP02-DEL01-SC,2025
"712522,0",2025-08-18,segunda-feira,17:45:00,SC,470,"51,0",BLUMENAU,Reação tardia ou ineficiente do condutor,Colisão lateral mesmo sentido,Com Vítimas Feridas,Anoitecer,Crescente,Céu Claro,Simples,Em Obras;Reta,Sim,2,0,1,0,0,1,1,2,-26.87324366,-49.11420822,SPRF-SC,DEL04-SC,UOP01-DEL04-SC,2025
"715045,0",2025-08-30,sábado,14:00:00,SC,101,"310,9",LAGUNA,Manobra de mudança de faixa,Colisão lateral mesmo sentido,Com Vítimas Feridas,Pleno dia,Crescente,Céu Claro,Múltipla,Curva;Aclive;Viaduto,Sim,4,0,2,0,0,2,2,3,-28.43966665,-48.81204128,SPRF-SC,DEL02-SC,UOP01-DEL02-SC,2025
"722973,0",2025-10-05,domingo,15:47:00,SC,282,"26,0",SANTO AMARO DA IMPERATRIZ,Ultrapassagem Indevida,Colisão lateral mesmo sentido,Sem Vítimas,Pleno dia,Decrescente,Céu Claro,Simples,Retorno Regulamentado;Reta,Sim,4,0,0,0,2,3,0,4,-27.67573725,-48.76779556,SPRF-SC,DEL01-SC,UOP03-DEL01-SC,2025
"656671,0",2025-01-22,quarta-feira,14:35:00,SC,101,"283,0",IMBITUBA,Demais falhas mecânicas ou elétricas,Capotamento,Com Vítimas Feridas,Pleno dia,Crescente,Céu Claro,Múltipla,Reta,Sim,3,0,2,0,0,1,2,2,-28.20457404,-48.6984006,SPRF-SC,DEL02-SC,UOP03-DEL02-SC,2025
"658535,0",2025-02-01,sábado,04:00:00,SC,101,"145,0",ITAPEMA,Ingestão de álcool pelo condutor,Colisão lateral mesmo sentido,Com Vítimas Feridas,Plena Noite,Crescente,Nublado,Dupla,Reta,Não,3,0,1,0,1,1,1,3,-27.08139206,-48.60130993,SPRF-SC,DEL04-SC,UOP03-DEL04-SC,2025
"663270,0",2025-02-23,domingo,20:00:00,SC,158,"139,0",PALMITOS,Acesso irregular,Colisão transversal,Com Vítimas Feridas,Plena Noite,Crescente,Céu Claro,Simples,Reta,Não,3,0,1,0,1,1,1,3,-27.1139854,-53.2161278,SPRF-SC,DEL07-SC,UOP02-DEL07-SC,2025
"663782,0",2025-02-26,quarta-feira,07:30:00,SC,101,"356,0",SANGAO,Manobra de mudança de faixa,Saída de leito carroçável,Com Vítimas Feridas,Pleno dia,Decrescente,Céu Claro,Dupla,Reta,Não,2,0,1,0,0,1,1,2,-28.6282017,-49.08490509,SPRF-SC,DEL02-SC,UOP01-DEL02-SC,2025
"667227,0",2025-03-14,sexta-feira,16:50:00,SC,101,"148,0",ITAPEMA,Condutor deixou de manter distância do veículo da frente,Colisão traseira,Sem Vítimas,Pleno dia,Decrescente,Céu Claro,Múltipla,Reta,Sim,4,0,0,0,3,1,0,4,-27.09255086,-48.61705173,SPRF-SC,DEL04-SC,UOP03-DEL04-SC,2025
"667612,0",2025-03-16,domingo,13:35:00,SC,101,"103,2",BALNEARIO PICARRAS,Ingestão de álcool pelo condutor,Saída de leito carroçável,Sem Vítimas,Pleno dia,Crescente,Nublado,Múltipla,Reta,Sim,2,0,0,0,1,1,0,2,-26.78496,-48.68267,SPRF-SC,DEL03-SC,UOP02-DEL03-SC,2025
"669504,0",2025-03-25,terça-feira,15:00:00,SC,101,"213,0",PALHOCA,Reação tardia ou ineficiente do condutor,Colisão traseira,Com Vítimas Feridas,Pleno dia,Decrescente,Nublado,Múltipla,Reta,Sim,5,0,2,0,2,1,2,4,-27.6430235,-48.66928155,SPRF-SC,DEL01-SC,UOP02-DEL01-SC,2025
"670207,0",2025-03-28,sexta-feira,20:00:00,SC,470,"195,0",PONTE ALTA,Ultrapassagem Indevida,Colisão frontal,Com Vítimas Feridas,Plena Noite,Crescente,Céu Claro,Simples,Curva;Declive,Não,3,0,0,2,0,1,2,3,-27.30251982,-50.08530426,SPRF-SC,DEL04-SC,UOP02-DEL04-SC,2025
"671815,0",2025-04-05,sábado,19:25:00,SC,163,"76,5",SAO MIGUEL DO OESTE,Ingestão de álcool pelo condutor,Saída de leito carroçável,Sem Vítimas,Plena Noite,Crescente,Céu Claro,Simples,Reta;Declive,Não,2,0,0,0,1,1,0,2,-26.67991376,-53.51502331,SPRF-SC,DEL07-SC,UOP03-DEL07-SC,2025
"672134,0",2025-04-03,quinta-feira,09:30:00,SC,282,"3,0",FLORIANOPOLIS,Acessar a via sem observar a presença dos outros veículos,Colisão lateral mesmo sentido,Sem Vítimas,Pleno dia,Decrescente,Nublado,Múltipla,Reta,Sim,3,0,0,0,2,1,0,3,-27.59964,-48.600039,SPRF-SC,DEL01-SC,UOP01-DEL01-SC,2025
"672800,0",2025-04-06,domingo,19:20:00,SC,470,"64,0",INDAIAL,Demais falhas mecânicas ou elétricas,Colisão traseira,Sem Vítimas,Plena Noite,Crescente,Céu Claro,Simples,Reta,Não,3,0,0,0,2,1,0,3,-26.87232791,-49.19248212,SPRF-SC,DEL04-SC,UOP01-DEL04-SC,2025
"687432,0",2025-04-26,sábado,08:07:00,SC,163,"70,9",SAO MIGUEL DO OESTE,Manobra de mudança de faixa,Colisão lateral mesmo sentido,Com Vítimas Feridas,Pleno dia,Decrescente,Céu Claro,Dupla,Interseção de Vias;Reta,Sim,4,0,1,1,1,1,2,4,-26.72854011,-53.5123965,SPRF-SC,DEL07-SC,UOP03-DEL07-SC,2025
"688411,0",2025-05-01,quinta-feira,05:30:00,SC,101,"36,7",JOINVILLE,Ingestão de álcool pelo condutor,Colisão lateral mesmo sentido,Sem Vítimas,Amanhecer,Crescente,Céu Claro,Dupla,Reta,Não,3,0,0,0,2,1,0,3,-26.28243417,-48.88964145,SPRF-SC,DEL03-SC,UOP01-DEL03-SC,2025
"689756,0",2025-05-08,quinta-feira,06:20:00,SC,116,"23,4",ITAIOPOLIS,Acessar a via sem observar a presença dos outros veículos,Colisão transversal,Com Vítimas Feridas,Pleno dia,Crescente,Nevoeiro/Neblina,Simples,Reta;Interseção de Vias,Não,4,0,1,0,2,1,1,3,-26.2700614,-49.9193382,SPRF-SC,DEL06-SC,UOP01-DEL06-SC,2025
"695065,0",2025-06-01,domingo,05:10:00,SC,101,"298,5",LAGUNA,Reação tardia ou ineficiente do condutor,Colisão traseira,Sem Vítimas,Plena Noite,Crescente,Céu Claro,Múltipla,Reta,Não,8,0,0,0,7,1,0,3,-28.35133282,-48.74014601,SPRF-SC,DEL02-SC,UOP03-DEL02-SC,2025
"695084,0",2025-06-01,domingo,06:45:00,SC,116,"52,5",PAPANDUVA,Ausência de reação do condutor,Saída de leito carroçável,Sem Vítimas,Amanhecer,Crescente,Nublado,Simples,Reta,Não,2,0,0,0,1,1,0,2,-26.3819646,-50.13464626,SPRF-SC,DEL06-SC,UOP01-DEL06-SC,2025
"695674,0",2025-06-03,terça-feira,20:05:00,SC,282,"175,4",BOCAINA DO SUL,Transitar na contramão,Colisão lateral sentido oposto,Sem Vítimas,Plena Noite,Crescente,Nevoeiro/Neblina,Simples,Reta;Declive,Não,7,0,0,0,5,2,0,3,-27.74065969,-49.89768147,SPRF-SC,DEL05-SC,UOP01-DEL05-SC,2025
"698323,0",2025-06-15,domingo,16:20:00,SC,470,"74,0",INDAIAL,Ausência de reação do condutor,Colisão transversal,Com Vítimas Feridas,Pleno dia,Crescente,Céu Claro,Simples,Reta,Sim,4,0,1,0,2,1,1,3,-26.92407698,-49.28350925,SPRF-SC,DEL04-SC,UOP01-DEL04-SC,2025
"698362,0",2025-06-15,domingo,19:40:00,SC,101,"425,7",ARARANGUA,Ingestão de álcool pelo condutor,Colisão lateral mesmo sentido,Sem Vítimas,Plena Noite,Crescente,Céu Claro,Dupla,Reta,Não,4,0,0,0,3,1,0,3,-29.022915,-49.594841,SPRF-SC,DEL02-SC,UOP02-DEL02-SC,2025
"698394,0",2025-06-15,domingo,22:45:00,SC,101,"400,0",MARACAJA,Reação tardia ou ineficiente do condutor,Capotamento,Com Vítimas Feridas,Plena Noite,Crescente,Nublado,Múltipla,Viaduto,Não,3,0,2,0,0,1,2,2,-28.8613251,-49.44461346,SPRF-SC,DEL02-SC,UOP02-DEL02-SC,2025
"701470,0",2025-06-30,segunda-feira,05:15:00,SC,101,"87,0",BARRA VELHA,Transitar na contramão,Colisão lateral sentido oposto,Com Vítimas Feridas,Plena Noite,Crescente,Nublado,Múltipla,Curva,Sim,3,0,1,0,1,1,1,3,-26.63873482,-48.69438813,SPRF-SC,DEL03-SC,UOP02-DEL03-SC,2025
"704544,0",2025-07-13,domingo,14:40:00,SC,470,"106,0",APIUNA,Ultrapassagem Indevida,Colisão lateral sentido oposto,Com Vítimas Feridas,Pleno dia,Decrescente,Céu Claro,Simples,Curva,Sim,5,0,2,0,2,1,2,4,-27.075,-49.4258,SPRF-SC,DEL04-SC,UOP02-DEL04-SC,2025
"706472,0",2025-07-22,terça-feira,13:00:00,SC,101,"443,7",SANTA ROSA DO SUL,Transitar na contramão,Colisão frontal,Com Vítimas Feridas,Pleno dia,Decrescente,Céu Claro,Simples,Viaduto,Sim,3,0,1,0,1,1,1,3,-29.13721023,-49.71153466,SPRF-SC,DEL02-SC,UOP02-DEL02-SC,2025
"707253,0",2025-07-25,sexta-feira,22:15:00,SC,116,"65,3",PAPANDUVA,Acesso irregular,Colisão transversal,Com Vítimas Feridas,Plena Noite,Crescente,Céu Claro,Simples,Reta,Não,7,0,0,1,5,1,1,4,-26.426968,-50.228345,SPRF-SC,DEL06-SC,UOP02-DEL06-SC,2025
"707772,0",2025-07-28,segunda-feira,08:20:00,SC,101,"206,2",SAO JOSE,Manobra de mudança de faixa,Colisão lateral mesmo sentido,Com Vítimas Feridas,Pleno dia,Decrescente,Céu Claro,Dupla,Reta,Não,4,0,2,0,1,1,2,4,-27.590833,-48.617667,SPRF-SC,DEL01-SC,UOP01-DEL01-SC,2025
"716134,0",2025-09-04,quinta-feira,18:45:00,SC,282,"206,1",LAGES,Demais falhas mecânicas ou elétricas,Incêndio,Sem Vítimas,Plena Noite,Decrescente,Garoa/Chuvisco,Simples,Reta,Não,2,0,0,0,1,1,0,2,-27.77228528,-50.19382417,SPRF-SC,DEL05-SC,UOP01-DEL05-SC,2025
"717378,0",2025-09-10,quarta-feira,10:50:00,SC,101,"312,0",LAGUNA,Problema com o freio,Colisão traseira,Com Vítimas Feridas,Pleno dia,Decrescente,Céu Claro,Dupla,Reta,Não,5,0,1,0,3,1,1,3,-28.43725739,-48.8377355,SPRF-SC,DEL02-SC,UOP01-DEL02-SC,2025
"717651,0",2025-09-11,quinta-feira,16:55:00,SC,282,"210,9",LAGES,Reação tardia ou ineficiente do condutor,Saída de leito carroçável,Com Vítimas Feridas,Pleno dia,Crescente,Sol,Simples,Declive;Reta,Não,3,0,2,0,0,1,2,2,-27.780164,-50.241425,SPRF-SC,DEL05-SC,UOP01-DEL05-SC,2025
"719919,0",2025-09-21,domingo,12:25:00,SC,470,"193,0",POUSO REDONDO,Ultrapassagem Indevida,Colisão transversal,Com Vítimas Feridas,Pleno dia,Decrescente,Chuva,Simples,Curva,Não,5,0,0,1,3,1,1,3,-27.3005798,-50.0805559,SPRF-SC,DEL04-SC,UOP02-DEL04-SC,2025
"720232,0",2025-09-22,segunda-feira,14:00:00,SC,282,"51,8",AGUAS MORNAS,Reação tardia ou ineficiente do condutor,Colisão frontal,Com Vítimas Feridas,Pleno dia,Crescente,Garoa/Chuvisco,Simples,Curva,Não,3,0,0,1,1,1,1,3,-27.70203027,-48.8282083,SPRF-SC,DEL01-SC,UOP03-DEL01-SC,2025
"720723,0",2025-09-24,quarta-feira,19:50:00,SC,280,"271,2",IRINEOPOLIS,Transitar na contramão,Colisão frontal,Sem Vítimas,Plena Noite,Crescente,Nublado,Simples,Rotatória;Interseção de Vias,Não,3,0,0,0,2,1,0,3,-26.27270319,-50.74670962,SPRF-SC,DEL06-SC,UOP04-DEL06-SC,2025
"727018,0",2025-10-23,quinta-feira,17:25:00,SC,101,"55,2",JOINVILLE,Condutor deixou de manter distância do veículo da frente,Colisão traseira,Com Vítimas Feridas,Pleno dia,Decrescente,Céu Claro,Dupla,Reta,Sim,4,0,1,0,2,1,1,3,-26.40587931,-48.83817069,SPRF-SC,DEL03-SC,UOP01-DEL03-SC,2025
"730244,0",2025-11-07,sexta-feira,15:00:00,SC,470,"235,0",SAO CRISTOVAO DO SUL,Transitar na contramão,Colisão frontal,Com Vítimas Feridas,Pleno dia,Crescente,Nublado,Simples,Reta,Não,5,0,1,2,0,2,3,4,-27.30222603,-50.43580469,SPRF-SC,DEL05-SC,UOP03-DEL05-SC,2025
"732579,0",2025-11-13,quinta-feira,08:00:00,SC,101,"203,0",SAO JOSE,Reação tardia ou ineficiente do condutor,Colisão traseira,Com Vítimas Feridas,Pleno dia,Crescente,Céu Claro,Dupla,Viaduto,Sim,5,0,1,0,2,2,1,4,-27.56465756,-48.61480236,SPRF-SC,DEL01-SC,UOP01-DEL01-SC,2025
"733036,0",2025-11-19,quarta-feira,19:50:00,SC,470,"67,0",INDAIAL,Estacionar ou parar em local proibido,Colisão traseira,Com Vítimas Feridas,Plena Noite,Crescente,Céu Claro,Dupla,Reta,Sim,3,0,0,1,1,1,1,3,-26.871806,-49.231244,SPRF-SC,DEL04-SC,UOP01-DEL04-SC,2025
"734930,0",2025-11-28,sexta-feira,15:15:00,SC,101,"41,0",JOINVILLE,Ausência de reação do condutor,Engavetamento,Com Vítimas Feridas,Pleno dia,Decrescente,Céu Claro,Múltipla,Reta,Sim,6,0,1,0,4,1,1,4,-26.31157388,-48.8758564,SPRF-SC,DEL03-SC,UOP01-DEL03-SC,2025
"735265,0",2025-11-29,sábado,18:30:00,SC,470,"138,0",IBIRAMA,Acessar a via sem observar a presença dos outros veículos,Colisão transversal,Sem Vítimas,Anoitecer,Decrescente,Nublado,Simples,Reta,Não,3,0,0,0,1,2,0,3,-27.081145,-49.484463,SPRF-SC,DEL04-SC,UOP02-DEL04-SC,2025
"736236,0",2025-12-03,quarta-feira,22:00:00,SC,280,"70,3",JARAGUA DO SUL,Ingestão de álcool pelo condutor,Saída de leito carroçável,Com Vítimas Feridas,Plena Noite,Crescente,Nublado,Simples,Reta,Sim,2,0,1,0,0,1,1,2,-26.462348,-49.132962,SPRF-SC,DEL03-SC,UOP03-DEL03-SC,2025
"739143,0",2025-12-15,segunda-feira,18:20:00,SC,280,"50,0",GUARAMIRIM,Carga excessiva e/ou mal acondicionada,Saída de leito carroçável,Com Vítimas Feridas,Anoitecer,Decrescente,Céu Claro,Simples,Reta,Sim,2,0,1,0,0,1,1,2,-26.46425968,-48.95228712,SPRF-SC,DEL03-SC,UOP03-DEL03-SC,2025
"740623,0",2025-12-21,domingo,14:10:00,SC,282,"623,9",IRACEMINHA,Afundamento ou ondulação no pavimento,Colisão traseira,Sem Vítimas,Pleno dia,Decrescente,Nublado,Simples,Aclive;Curva,Não,3,0,0,0,2,1,0,3,-26.79819109,-53.3412391,SPRF-SC,DEL07-SC,UOP02-DEL07-SC,2025
"742365,0",2025-12-29,segunda-feira,10:00:00,SC,101,"327,2",CAPIVARI DE BAIXO,Desrespeitar a preferência no cruzamento,Colisão transversal,Sem Vítimas,Pleno dia,Decrescente,Nublado,Simples,Reta,Sim,3,0,0,0,2,1,0,3,-28.43931582,-48.96198146,SPRF-SC,DEL02-SC,UOP01-DEL02-SC,2025
"742523,0",2025-12-11,quinta-feira,10:50:00,SC,282,"18,3",PALHOCA,Conversão proibida,Colisão frontal,Com Vítimas Feridas,Pleno dia,Crescente,Sol,Simples,Reta,Sim,3,0,0,1,1,1,1,3,-27.67549883,-48.69747575,SPRF-SC,DEL01-SC,UOP02-DEL01-SC,2025
"652469,0",2025-01-01,quarta-feira,00:50:00,SC,101,"120,0",ITAJAI,Ausência de reação do condutor,Tombamento,Com Vítimas Feridas,Plena Noite,Decrescente,Nublado,Dupla,Reta,Não,2,0,1,0,1,0,1,1,-26.912758,-48.711998,SPRF-SC,DEL04-SC,UOP04-DEL04-SC,2025
"652478,0",2025-01-01,quarta-feira,03:15:00,SC,101,"143,0",ITAPEMA,Demais falhas mecânicas ou elétricas,Incêndio,Sem Vítimas,Plena Noite,Crescente,Céu Claro,Dupla,Reta,Não,1,0,0,0,1,0,0,1,-27.06436,-48.59599405,SPRF-SC,DEL04-SC,UOP03-DEL04-SC,2025
"652484,0",2025-01-01,quarta-feira,03:15:00,SC,101,"446,0",SANTA ROSA DO SUL,Ingestão de álcool pelo condutor,Colisão traseira,Com Vítimas Feridas,Plena Noite,Decrescente,Céu Claro,Dupla,Reta,Não,3,0,1,1,1,0,2,2,-29.1519083,-49.72709298,SPRF-SC,DEL02-SC,UOP02-DEL02-SC,2025
"652501,0",2025-01-01,quarta-feira,02:09:00,SC,280,"79,7",CORUPA,Reação tardia ou ineficiente do condutor,Tombamento,Com Vítimas Feridas,Plena Noite,Crescente,Céu Claro,Simples,Reta,Não,1,0,1,0,0,0,1,1,-26.44657315,-49.20157809,SPRF-SC,DEL06-SC,UOP03-DEL06-SC,2025
"652502,0",2025-01-01,quarta-feira,05:50:00,SC,101,"46,1",JOINVILLE,Condutor deixou de manter distância do veículo da frente,Colisão traseira,Com Vítimas Feridas,Amanhecer,Crescente,Céu Claro,Dupla,Reta,Sim,2,0,1,0,1,0,1,2,-26.33150083,-48.86187762,SPRF-SC,DEL03-SC,UOP01-DEL03-SC,2025
"652518,0",2025-01-01,quarta-feira,06:00:00,SC,101,"197,5",SAO JOSE,Reação tardia ou ineficiente do condutor,Atropelamento de Pedestre,Com Vítimas Feridas,Amanhecer,Crescente,Nublado,Múltipla,Reta,Não,2,0,1,0,0,1,1,2,-27.51844497,-48.63848496,SPRF-SC,DEL01-SC,UOP01-DEL01-SC,2025
"652521,0",2025-01-01,quarta-feira,08:50:00,SC,101,"150,0",ITAPEMA,Ingestão de álcool pelo condutor,Colisão com objeto,Sem Vítimas,Pleno dia,Decrescente,Nublado,Múltipla,Retorno Regulamentado,Sim,1,0,0,0,0,1,0,1,-27.11744799,-48.60940987,SPRF-SC,DEL04-SC,UOP03-DEL04-SC,2025
"652524,0",2025-01-01,quarta-feira,07:51:00,SC,470,"72,0",INDAIAL,Ingestão de álcool pelo condutor,Saída de leito carroçável,Com Vítimas Feridas,Pleno dia,Crescente,Céu Claro,Simples,Reta,Não,4,0,0,4,0,0,4,1,-26.901979,-49.268745,SPRF-SC,DEL04-SC,UOP01-DEL04-SC,2025
"652529,0",2025-01-01,quarta-feira,09:50:00,SC,101,"135,0",BALNEARIO CAMBORIU,Transitar na contramão,Colisão frontal,Com Vítimas Feridas,Pleno dia,Crescente,Céu Claro,Múltipla,Reta,Sim,2,0,1,0,1,0,1,2,-27.0050108,-48.62677494,SPRF-SC,DEL04-SC,UOP03-DEL04-SC,2025
"652531,0",2025-01-01,quarta-feira,09:45:00,SC,101,"368,0",ICARA,Condutor Dormindo,Saída de leito carroçável,Com Vítimas Feridas,Pleno dia,Decrescente,Céu Claro,Dupla,Reta,Não,2,0,0,2,0,0,2,1,-28.6957326,-49.17347228,SPRF-SC,DEL02-SC,UOP01-DEL02-SC,2025
"652534,0",2025-01-01,quarta-feira,10:00:00,SC,101,"109,0",PENHA,Avarias e/ou desgaste excessivo no pneu,Queda de ocupante de veículo,Com Vítimas Feridas,Pleno dia,Decrescente,Sol,Múltipla,Curva,Não,2,0,2,0,0,0,2,1,-26.8333519,-48.69632106,SPRF-SC,DEL03-SC,UOP02-DEL03-SC,2025
"652536,0",2025-01-01,quarta-feira,10:30:00,SC,470,"7,0",NAVEGANTES,Transitar na contramão,Colisão frontal,Com Vítimas Feridas,Pleno dia,Crescente,Céu Claro,Dupla,Aclive;Reta;Viaduto,Não,3,0,1,1,1,0,2,3,-26.84499,-48.71505,SPRF-SC,DEL04-SC,UOP04-DEL04-SC,2025
"652540,0",2025-01-01,quarta-feira,11:05:00,SC,280,"20,2",ARAQUARI,Velocidade Incompatível,Capotamento,Com Vítimas Feridas,Pleno dia,Crescente,Céu Claro,Simples,Reta,Não,3,0,0,3,0,0,3,1,-26.36990477,-48.68224301,SPRF-SC,DEL03-SC,UOP03-DEL03-SC,2025
"652547,0",2025-01-01,quarta-feira,09:15:00,SC,282,"99,3",ALFREDO WAGNER,Demais falhas mecânicas ou elétricas,Colisão frontal,Com Vítimas Feridas,Pleno dia,Decrescente,Céu Claro,Simples,Curva,Não,3,0,2,0,1,0,2,2,-27.700373,-49.287563,SPRF-SC,DEL01-SC,UOP03-DEL01-SC,2025
"652551,0",2025-01-01,quarta-feira,13:00:00,SC,101,"132,0",BALNEARIO CAMBORIU,Ingestão de álcool pelo condutor,Colisão traseira,Com Vítimas Feridas,Pleno dia,Crescente,Céu Claro,Dupla,Reta,Sim,3,0,1,1,1,0,2,2,-26.99654133,-48.65564711,SPRF-SC,DEL04-SC,UOP03-DEL04-SC,2025
"652560,0",2025-01-01,quarta-feira,13:20:00,SC,101,"157,0",PORTO BELO,Velocidade Incompatível,Colisão lateral mesmo sentido,Com Vítimas Feridas,Pleno dia,Decrescente,Céu Claro,Dupla,Reta,Sim,2,0,0,1,1,0,1,2,-27.181625,-48.6121179,SPRF-SC,DEL04-SC,UOP03-DEL04-SC,2025
"652565,0",2025-01-01,quarta-feira,14:10:00,SC,282,"448,0",CAMPOS NOVOS,Manobra de mudança de faixa,Saída de leito carroçável,Com Vítimas Feridas,Pleno dia,Crescente,Garoa/Chuvisco,Simples,Reta;Declive,Não,4,0,3,1,0,0,4,1,-27.36561,-51.263102,SPRF-SC,DEL07-SC,UOP04-DEL07-SC,2025
"652592,0",2025-01-01,quarta-feira,16:20:00,SC,101,"222,3",PALHOCA,Manobra de mudança de faixa,Colisão lateral mesmo sentido,Com Vítimas Feridas,Pleno dia,Decrescente,Nublado,Dupla,Declive,Não,2,0,1,0,1,0,1,2,-27.70865409,-48.65586407,SPRF-SC,DEL01-SC,UOP02-DEL01-SC,2025
"652596,0",2025-01-01,quarta-feira,15:50:00,SC,280,"19,8",ARAQUARI,Reação tardia ou ineficiente do condutor,Colisão traseira,Com Vítimas Feridas,Pleno dia,Crescente,Nublado,Simples,Reta,Não,2,0,1,0,0,1,1,2,-26.3693676,-48.67221803,SPRF-SC,DEL03-SC,UOP03-DEL03-SC,2025
"652622,0",2025-01-01,quarta-feira,18:00:00,SC,101,"115,0",ITAJAI,Avarias e/ou desgaste excessivo no pneu,Tombamento,Com Vítimas Feridas,Anoitecer,Crescente,Nublado,Dupla,Reta,Não,2,0,2,0,0,0,2,1,-26.87064015,-48.72954134,SPRF-SC,DEL04-SC,UOP04-DEL04-SC,2025
"652626,0",2025-01-01,quarta-feira,18:01:00,SC,280,"11,0",SAO FRANCISCO DO SUL,Acessar a via sem observar a presença dos outros veículos,Colisão transversal,Com Vítimas Feridas,Pleno dia,Crescente,Nublado,Simples,Reta,Não,2,0,0,1,1,0,1,2,-26.3301861,-48.65148076,SPRF-SC,DEL03-SC,UOP03-DEL03-SC,2025
"652637,0",2025-01-01,quarta-feira,13:20:00,SC,280,"102,0",SAO BENTO DO SUL,Chuva,Queda de ocupante de veículo,Com Vítimas Feridas,Pleno dia,Crescente,Chuva,Simples,Aclive;Curva,Não,2,0,0,1,1,0,1,1,-26.36381888,-49.34016753,SPRF-SC,DEL06-SC,UOP03-DEL06-SC,2025