id,data_inversa,dia_semana,horario,uf,br,km,municipio,causa_acidente,tipo_acidente,classificacao_acidente,fase_dia,sentido_via,condicao_metereologica,tipo_pista,tracado_via,uso_solo,pessoas,mortos,feridos_leves,feridos_graves,ilesos,ignorados,feridos,veiculos,latitude,longitude,regional,delegacia,uop,ano_arquivo
"652667,0",2025-01-01,quarta-feira,21:45:00,SC,101,"58,0",ARAQUARI,Reação tardia ou ineficiente do condutor,Colisão com objeto,Com Vítimas Feridas,Plena Noite,Decrescente,Chuva,Múltipla,Curva,Não,3,0,3,0,0,0,3,1,-26.44025049,-48.80129043,SPRF-SC,DEL03-SC,UOP02-DEL03-SC,2025
"652680,0",2025-01-01,quarta-feira,23:40:00,SC,480,"125,5",CHAPECO,Ausência de reação do condutor,Saída de leito carroçável,Com Vítimas Feridas,Plena Noite,Decrescente,Chuva,Múltipla,Aclive;Reta,Não,1,0,1,0,0,0,1,1,-27.01410583,-52.63789058,SPRF-SC,DEL07-SC,UOP01-DEL07-SC,2025
"652682,0",2025-01-02,quinta-feira,02:30:00,SC,101,"124,0",ITAJAI,Deficiência do Sistema de Iluminação/Sinalização,Colisão traseira,Com Vítimas Feridas,Plena Noite,Decrescente,Nublado,Dupla,Reta,Não,2,0,1,0,0,1,1,2,-26.94335064,-48.69198648,SPRF-SC,DEL04-SC,UOP04-DEL04-SC,2025
"652689,0",2025-01-02,quinta-feira,06:17:00,SC,101,"197,0",SAO JOSE,Acessar a via sem observar a presença dos outros veículos,Colisão lateral mesmo sentido,Com Vítimas Feridas,Pleno dia,Crescente,Céu Claro,Simples,Reta,Sim,2,0,1,0,1,0,1,2,-27.51844497,-48.63848496,SPRF-SC,DEL01-SC,UOP01-DEL01-SC,2025
"652717,0",2025-01-02,quinta-feira,09:15:00,SC,101,"128,0",BALNEARIO CAMBORIU,Trafegar com motocicleta (ou similar) entre as faixas,Colisão traseira,Com Vítimas Feridas,Pleno dia,Decrescente,Sol,Dupla,Reta,Não,2,0,1,0,1,0,1,2,-26.97284292,-48.68299451,SPRF-SC,DEL04-SC,UOP04-DEL04-SC,2025
"652735,0",2025-01-02,quinta-feira,09:53:00,SC,101,"31,0",JOINVILLE,Condutor deixou de manter distância do veículo da frente,Colisão traseira,Sem Vítimas,Pleno dia,Decrescente,Céu Claro,Dupla,Reta,Não,7,0,0,0,7,0,0,2,-26.22195899,-48.91634925,SPRF-SC,DEL03-SC,UOP01-DEL03-SC,2025
"652737,0",2025-01-02,quinta-feira,07:50:00,SC,282,"606,9",MARAVILHA,Acessar a via sem observar a presença dos outros veículos,Colisão transversal,Com Vítimas Feridas,Pleno dia,Crescente,Chuva,Simples,Reta,Sim,2,0,1,0,1,0,1,2,-26.778643,-53.198692,SPRF-SC,DEL07-SC,UOP02-DEL07-SC,2025
"652738,0",2025-01-02,quinta-feira,10:10:00,SC,101,"1,9",BIGUACU,Reação tardia ou ineficiente do condutor,Colisão transversal,Com Vítimas Feridas,Pleno dia,Crescente,Céu Claro,Dupla,Reta,Não,4,0,1,0,3,0,1,2,-27.4946,-48.6561,SPRF-SC,DEL01-SC,UOP01-DEL01-SC,2025
"652741,0",2025-01-02,quinta-feira,10:30:00,SC,282,"49,7",AGUAS MORNAS,Velocidade Incompatível,Colisão lateral sentido oposto,Com Vítimas Feridas,Pleno dia,Decrescente,Chuva,Simples,Curva;Declive,Não,2,0,1,0,1,0,1,2,-27.708536,-48.952251,SPRF-SC,DEL01-SC,UOP03-DEL01-SC,2025
"652742,0",2025-01-02,quinta-feira,09:55:00,SC,282,"279,0",SAO JOSE DO CERRITO,Acessar a via sem observar a presença dos outros veículos,Colisão transversal,Com Vítimas Feridas,Pleno dia,Crescente,Céu Claro,Simples,Reta,Não,2,0,1,0,1,0,1,2,-27.584951,-50.744953,SPRF-SC,DEL05-SC,UOP02-DEL05-SC,2025
"652753,0",2025-01-02,quinta-feira,11:45:00,SC,282,"30,0",SANTO AMARO DA IMPERATRIZ,Velocidade Incompatível,Colisão transversal,Com Vítimas Feridas,Pleno dia,Crescente,Chuva,Simples,Aclive;Curva,Não,6,0,3,0,3,0,3,3,-27.687376,-48.79071,SPRF-SC,DEL01-SC,UOP03-DEL01-SC,2025
"652755,0",2025-01-02,quinta-feira,10:45:00,SC,282,"413,7",CATANDUVAS,Transitar na contramão,Colisão frontal,Com Vítimas Feridas,Pleno dia,Crescente,Garoa/Chuvisco,Simples,Curva,Não,14,0,3,1,10,0,4,3,-27.055775,-51.688843,SPRF-SC,DEL07-SC,UOP05-DEL07-SC,2025
"652768,0",2025-01-02,quinta-feira,12:20:00,SC,470,"119,0",IBIRAMA,Ultrapassagem Indevida,Colisão frontal,Com Vítimas Feridas,Pleno dia,Crescente,Céu Claro,Simples,Curva,Não,4,0,1,1,1,1,2,3,-27.081554,-49.520206,SPRF-SC,DEL04-SC,UOP02-DEL04-SC,2025
"652777,0",2025-01-02,quinta-feira,15:00:00,SC,101,"350,0",JAGUARUNA,Velocidade Incompatível,Saída de leito carroçável,Com Vítimas Feridas,Pleno dia,Crescente,Céu Claro,Múltipla,Reta,Sim,1,0,1,0,0,0,1,1,-28.58988203,-49.04517307,SPRF-SC,DEL02-SC,UOP01-DEL02-SC,2025
"652783,0",2025-01-02,quinta-feira,15:50:00,SC,101,"149,0",ITAPEMA,Condutor deixou de manter distância do veículo da frente,Colisão lateral mesmo sentido,Com Vítimas Feridas,Pleno dia,Decrescente,Céu Claro,Múltipla,Reta,Sim,4,0,3,0,1,0,3,3,-27.1089649,-48.61277586,SPRF-SC,DEL04-SC,UOP03-DEL04-SC,2025
"652811,0",2025-01-02,quinta-feira,18:50:00,SC,101,"218,0",PALHOCA,Acessar a via sem observar a presença dos outros veículos,Colisão transversal,Com Vítimas Feridas,Plena Noite,Decrescente,Ignorado,Dupla,Reta,Sim,3,0,1,0,2,0,1,2,-27.6758601,-48.67052525,SPRF-SC,DEL01-SC,UOP02-DEL01-SC,2025
"652844,0",2025-01-02,quinta-feira,18:30:00,SC,282,"558,5",NOVA ITABERABA,Velocidade Incompatível,Saída de leito carroçável,Com Vítimas Feridas,Anoitecer,Decrescente,Chuva,Simples,Curva,Não,3,0,2,0,1,0,2,1,-26.93273,-52.838913,SPRF-SC,DEL07-SC,UOP01-DEL07-SC,2025
"652848,0",2025-01-02,quinta-feira,22:00:00,SC,101,"145,0",ITAPEMA,Trafegar com motocicleta (ou similar) entre as faixas,Colisão lateral mesmo sentido,Com Vítimas Feridas,Plena Noite,Decrescente,Céu Claro,Dupla,Reta,Não,2,0,0,1,1,0,1,2,-27.09237407,-48.61730888,SPRF-SC,DEL04-SC,UOP03-DEL04-SC,2025
"652852,0",2025-01-02,quinta-feira,20:55:00,SC,282,"191,2",LAGES,Reação tardia ou ineficiente do condutor,Colisão traseira,Sem Vítimas,Plena Noite,Crescente,Céu Claro,Simples,Reta,Não,6,0,0,0,3,3,0,2,-27.739349,-50.046421,SPRF-SC,DEL05-SC,UOP01-DEL05-SC,2025
"652856,0",2025-01-02,quinta-feira,22:20:00,SC,280,"101,0",SAO BENTO DO SUL,Reação tardia ou ineficiente do condutor,Tombamento,Com Vítimas Feridas,Plena Noite,Decrescente,Céu Claro,Simples,Curva;Em Obras,Não,1,0,0,1,0,0,1,1,-26.3647522,-49.33526222,SPRF-SC,DEL06-SC,UOP03-DEL06-SC,2025
"652858,0",2025-01-02,quinta-feira,22:10:00,SC,282,"644,8",SAO MIGUEL DO OESTE,Transitar na contramão,Colisão lateral sentido oposto,Com Vítimas Feridas,Plena Noite,Decrescente,Céu Claro,Simples,Declive;Reta,Não,11,0,11,0,0,0,11,4,-26.765259,-53.487865,SPRF-SC,DEL07-SC,UOP03-DEL07-SC,2025
"652860,0",2025-01-03,sexta-feira,00:10:00,SC,282,"29,0",SANTO AMARO DA IMPERATRIZ,Ausência de reação do condutor,Saída de leito carroçável,Com Vítimas Feridas,Plena Noite,Decrescente,Nublado,Simples,Curva,Sim,2,0,1,0,1,0,1,1,-27.679737,-48.786785,SPRF-SC,DEL01-SC,UOP03-DEL01-SC,2025
"652870,0",2025-01-03,sexta-feira,05:10:00,SC,101,"214,3",PALHOCA,Desrespeitar a preferência no cruzamento,Colisão transversal,Com Vítimas Feridas,Amanhecer,Crescente,Céu Claro,Dupla,Reta;Viaduto,Sim,2,0,2,0,0,0,2,2,-27.64735302,-48.67285609,SPRF-SC,DEL01-SC,UOP02-DEL01-SC,2025
"652892,0",2025-01-03,sexta-feira,08:15:00,SC,101,"332,0",TUBARAO,Reação tardia ou ineficiente do condutor,Colisão com objeto,Com Vítimas Feridas,Pleno dia,Crescente,Céu Claro,Dupla,Interseção de Vias,Sim,5,0,2,0,3,0,2,2,-28.46767,-49.002167,SPRF-SC,DEL02-SC,UOP01-DEL02-SC,2025
"652896,0",2025-01-03,sexta-feira,08:40:00,SC,101,"67,3",ARAQUARI,Reação tardia ou ineficiente do condutor,Colisão traseira,Com Vítimas Feridas,Pleno dia,Decrescente,Sol,Dupla,Reta,Não,4,0,2,0,2,0,2,2,-26.48645,-48.73483602,SPRF-SC,DEL03-SC,UOP02-DEL03-SC,2025
"652916,0",2025-01-03,sexta-feira,11:20:00,SC,101,"218,4",PALHOCA,Trafegar com motocicleta (ou similar) entre as faixas,Colisão lateral mesmo sentido,Com Vítimas Feridas,Pleno dia,Crescente,Céu Claro,Dupla,Reta,Sim,3,0,2,0,1,0,2,2,-27.6758601,-48.67052525,SPRF-SC,DEL01-SC,UOP02-DEL01-SC,2025
"652922,0",2025-01-03,sexta-feira,10:30:00,SC,101,"142,0",ITAPEMA,Manobra de mudança de faixa,Colisão lateral mesmo sentido,Com Vítimas Feridas,Pleno dia,Crescente,Céu Claro,Dupla,Curva,Sim,3,0,1,0,0,2,1,3,-27.056089,-48.599449,SPRF-SC,DEL04-SC,UOP03-DEL04-SC,2025
"652925,0",2025-01-03,sexta-feira,11:20:00,SC,280,"33,0",ARAQUARI,Ausência de reação do condutor,Queda de ocupante de veículo,Com Vítimas Feridas,Pleno dia,Decrescente,Céu Claro,Simples,Reta,Não,1,0,1,0,0,0,1,1,-26.42576441,-48.78741376,SPRF-SC,DEL03-SC,UOP03-DEL03-SC,2025
"652933,0",2025-01-03,sexta-feira,13:00:00,SC,101,"196,7",BIGUACU,Reação tardia ou ineficiente do condutor,Colisão traseira,Com Vítimas Feridas,Pleno dia,Decrescente,Sol,Múltipla,Declive;Reta,Sim,2,0,0,1,1,0,1,2,-27.51101091,-48.64322292,SPRF-SC,DEL01-SC,UOP01-DEL01-SC,2025
"652955,0",2025-01-03,sexta-feira,15:25:00,SC,101,"133,0",BALNEARIO CAMBORIU,Manobra de mudança de faixa,Colisão lateral mesmo sentido,Com Vítimas Feridas,Pleno dia,Crescente,Céu Claro,Dupla,Aclive,Sim,2,0,1,0,1,0,1,2,-26.99936,-48.64609,SPRF-SC,DEL04-SC,UOP03-DEL04-SC,2025
"652964,0",2025-01-03,sexta-feira,14:30:00,SC,101,"134,0",BALNEARIO CAMBORIU,Reação tardia ou ineficiente do condutor,Colisão lateral mesmo sentido,Com Vítimas Feridas,Pleno dia,Crescente,Nublado,Múltipla,Reta,Sim,4,0,1,0,2,1,1,4,-27.00218,-48.636433,SPRF-SC,DEL04-SC,UOP03-DEL04-SC,2025
"652965,0",2025-01-03,sexta-feira,14:55:00,SC,101,"288,5",IMBITUBA,Desrespeitar a preferência no cruzamento,Colisão transversal,Com Vítimas Feridas,Pleno dia,Decrescente,Céu Claro,Múltipla,Interseção de Vias;Curva,Sim,3,0,2,0,1,0,2,2,-28.26839437,-48.70066524,SPRF-SC,DEL02-SC,UOP03-DEL02-SC,2025
"652980,0",2025-01-03,sexta-feira,15:20:00,SC,101,"3,0",BIGUACU,Avarias e/ou desgaste excessivo no pneu,Tombamento,Com Vítimas Feridas,Pleno dia,Decrescente,Céu Claro,Dupla,Curva,Não,1,0,1,0,0,0,1,1,-27.37023721,-48.66064668,SPRF-SC,DEL01-SC,UOP01-DEL01-SC,2025
"653012,0",2025-01-03,sexta-feira,18:15:00,SC,282,"102,5",ALFREDO WAGNER,Reação tardia ou ineficiente do condutor,Colisão traseira,Com Vítimas Feridas,Pleno dia,Decrescente,Céu Claro,Simples,Reta,Não,2,0,1,0,1,0,1,2,-27.694818,-49.314419,SPRF-SC,DEL01-SC,UOP03-DEL01-SC,2025
"653019,0",2025-01-03,sexta-feira,16:45:00,SC,282,"101,0",ALFREDO WAGNER,Conversão proibida,Colisão frontal,Com Vítimas Feridas,Pleno dia,Decrescente,Céu Claro,Simples,Curva,Não,4,0,2,2,0,0,4,2,-27.694626,-49.305317,SPRF-SC,DEL01-SC,UOP03-DEL01-SC,2025
"653033,0",2025-01-03,sexta-feira,20:40:00,SC,101,"144,0",ITAPEMA,Trafegar com motocicleta (ou similar) entre as faixas,Colisão traseira,Com Vítimas Feridas,Plena Noite,Decrescente,Nublado,Dupla,Reta,Sim,4,0,2,0,1,1,2,3,-27.0732659,-48.59672716,SPRF-SC,DEL04-SC,UOP03-DEL04-SC,2025
"653037,0",2025-01-03,sexta-feira,17:00:00,SC,280,"37,8",JOINVILLE,Acessar a via sem observar a presença dos outros veículos,Colisão transversal,Com Vítimas Fatais,Pleno dia,Decrescente,Céu Claro,Simples,Reta;Em Obras,Sim,7,2,1,2,2,0,3,2,-26.4481041,-48.8270084,SPRF-SC,DEL03-SC,UOP03-DEL03-SC,2025
"653047,0",2025-01-03,sexta-feira,22:50:00,SC,101,"142,0",BALNEARIO CAMBORIU,Avarias e/ou desgaste excessivo no pneu,Tombamento,Com Vítimas Feridas,Plena Noite,Decrescente,Nublado,Dupla,Reta,Sim,2,0,1,0,1,0,1,1,-27.056089,-48.599449,SPRF-SC,DEL04-SC,UOP03-DEL04-SC,2025
"653055,0",2025-01-03,sexta-feira,22:30:00,SC,280,"110,2",SAO BENTO DO SUL,Transitar na contramão,Colisão frontal,Com Vítimas Fatais,Plena Noite,Crescente,Céu Claro,Simples,Reta,Não,2,1,1,0,0,0,1,2,-26.3191009,-49.3893416,SPRF-SC,DEL06-SC,UOP03-DEL06-SC,2025
"653071,0",2025-01-04,sábado,04:10:00,SC,101,"36,5",JOINVILLE,Ingestão de substâncias psicoativas pelo condutor,Colisão com objeto,Sem Vítimas,Amanhecer,Crescente,Garoa/Chuvisco,Dupla,Reta,Não,1,0,0,0,1,0,0,1,-26.2797056,-48.8913703,SPRF-SC,DEL03-SC,UOP01-DEL03-SC,2025
"653075,0",2025-01-04,sábado,04:00:00,SC,158,"121,0",CAIBI,Ingestão de álcool pelo condutor,Colisão traseira,Com Vítimas Feridas,Plena Noite,Crescente,Céu Claro,Simples,Reta,Não,2,0,1,0,0,1,1,2,-26.973764,-53.214668,SPRF-SC,DEL07-SC,UOP02-DEL07-SC,2025
"653084,0",2025-01-04,sábado,06:45:00,SC,101,"40,0",JOINVILLE,Velocidade Incompatível,Colisão com objeto,Com Vítimas Feridas,Pleno dia,Decrescente,Nublado,Múltipla,Reta,Sim,1,0,1,0,0,0,1,1,-26.27176094,-48.89468382,SPRF-SC,DEL03-SC,UOP01-DEL03-SC,2025
"653088,0",2025-01-04,sábado,07:20:00,SC,101,"116,8",ITAJAI,Ausência de reação do condutor,Colisão lateral mesmo sentido,Com Vítimas Feridas,Pleno dia,Decrescente,Sol,Dupla,Reta,Não,2,0,0,2,0,0,2,2,-26.87905605,-48.72603512,SPRF-SC,DEL04-SC,UOP04-DEL04-SC,2025
"653109,0",2025-01-04,sábado,09:45:00,SC,282,"59,2",RANCHO QUEIMADO,Conversão proibida,Colisão transversal,Com Vítimas Fatais,Pleno dia,Crescente,Céu Claro,Simples,Aclive;Interseção de Vias;Em Obras;Curva,Não,3,1,0,0,2,0,0,3,-27.676822,-49.015042,SPRF-SC,DEL01-SC,UOP03-DEL01-SC,2025
"653111,0",2025-01-04,sábado,10:20:00,SC,101,"214,0",PALHOCA,Desrespeitar a preferência no cruzamento,Colisão transversal,Com Vítimas Feridas,Pleno dia,Decrescente,Sol,Múltipla,Interseção de Vias,Não,2,0,1,0,0,1,1,2,-27.64443,-48.67057,SPRF-SC,DEL01-SC,UOP02-DEL01-SC,2025
"653124,0",2025-01-04,sábado,11:30:00,SC,101,"126,1",ITAJAI,Trafegar com motocicleta (ou similar) entre as faixas,Colisão lateral mesmo sentido,Com Vítimas Feridas,Pleno dia,Decrescente,Nublado,Dupla,Reta,Sim,3,0,1,0,2,0,1,2,-26.95564404,-48.67978366,SPRF-SC,DEL04-SC,UOP04-DEL04-SC,2025
"653128,0",2025-01-04,sábado,13:10:00,SC,101,"458,0",PASSO DE TORRES,Manobra de mudança de faixa,Colisão traseira,Com Vítimas Feridas,Pleno dia,Crescente,Céu Claro,Dupla,Reta,Não,2,0,0,1,1,0,1,2,-29.24075694,-49.75535784,SPRF-SC,DEL02-SC,UOP02-DEL02-SC,2025
"653133,0",2025-01-04,sábado,12:00:00,SC,101,"353,4",JAGUARUNA,Ausência de reação do condutor,Colisão traseira,Com Vítimas Feridas,Pleno dia,Decrescente,Céu Claro,Dupla,Reta,Não,5,0,4,0,1,0,4,2,-28.61232036,-49.06197674,SPRF-SC,DEL02-SC,UOP01-DEL02-SC,2025
"653152,0",2025-01-04,sábado,15:04:00,SC,101,"199,4",SAO JOSE,Reação tardia ou ineficiente do condutor,Queda de ocupante de veículo,Com Vítimas Feridas,Pleno dia,Decrescente,Sol,Dupla,Interseção de Vias,Não,3,0,2,0,0,1,2,2,-27.53413705,-48.63003205,SPRF-SC,DEL01-SC,UOP01-DEL01-SC,2025
"653153,0",2025-01-04,sábado,10:40:00,SC,280,"233,9",CANOINHAS,Acessar a via sem observar a presença dos outros veículos,Colisão transversal,Com Vítimas Feridas,Pleno dia,Crescente,Céu Claro,Simples,Interseção de Vias,Sim,3,0,1,1,1,0,2,2,-26.19146187,-50.39215,SPRF-SC,DEL06-SC,UOP04-DEL06-SC,2025
"653159,0",2025-01-04,sábado,13:02:00,SC,470,"62,1",INDAIAL,Transitar na contramão,Tombamento,Com Vítimas Feridas,Pleno dia,Crescente,Céu Claro,Simples,Reta,Não,4,0,1,1,1,1,2,4,-26.874521,-49.182938,SPRF-SC,DEL04-SC,UOP01-DEL04-SC,2025
"653163,0",2025-01-04,sábado,14:00:00,SC,282,"58,0",RANCHO QUEIMADO,Condutor Dormindo,Saída de leito carroçável,Com Vítimas Feridas,Pleno dia,Decrescente,Céu Claro,Simples,Reta,Sim,2,0,1,0,1,0,1,1,-27.683594,-49.005539,SPRF-SC,DEL01-SC,UOP03-DEL01-SC,2025
"653164,0",2025-01-04,sábado,15:00:00,SC,282,"110,0",ALFREDO WAGNER,Condutor deixou de manter distância do veículo da frente,Colisão traseira,Com Vítimas Feridas,Pleno dia,Crescente,Céu Claro,Simples,Reta,Não,2,0,0,1,1,0,1,2,-27.727324,-49.360542,SPRF-SC,DEL01-SC,UOP03-DEL01-SC,2025
"653170,0",2025-01-04,sábado,16:20:00,SC,282,"3,2",FLORIANOPOLIS,Ingestão de álcool pelo condutor,Colisão traseira,Com Vítimas Feridas,Pleno dia,Crescente,Nublado,Simples,Aclive;Curva,Não,2,0,1,0,1,0,1,2,-27.600384,-48.599705,SPRF-SC,DEL01-SC,UOP01-DEL01-SC,2025
"653178,0",2025-01-04,sábado,17:30:00,SC,101,"118,1",ITAJAI,Ausência de reação do condutor,Tombamento,Com Vítimas Feridas,Pleno dia,Crescente,Sol,Dupla,Reta,Não,2,0,2,0,0,0,2,1,-26.895859,-48.71903,SPRF-SC,DEL04-SC,UOP04-DEL04-SC,2025
"653180,0",2025-01-04,sábado,16:40:00,SC,101,"122,7",ITAJAI,Manobra de mudança de faixa,Colisão lateral mesmo sentido,Com Vítimas Feridas,Pleno dia,Decrescente,Nublado,Simples,Reta,Não,2,0,1,0,1,0,1,2,-26.92955916,-48.70499836,SPRF-SC,DEL04-SC,UOP04-DEL04-SC,2025
"653195,0",2025-01-04,sábado,17:40:00,SC,101,"327,0",CAPIVARI DE BAIXO,Ausência de reação do condutor,Colisão traseira,Com Vítimas Feridas,Pleno dia,Decrescente,Céu Claro,Simples,Reta,Sim,2,0,1,0,1,0,1,2,-28.43023306,-48.95205197,SPRF-SC,DEL02-SC,UOP01-DEL02-SC,2025
"653212,0",2025-01-04,sábado,20:30:00,SC,282,"16,6",PALHOCA,Acesso irregular,Colisão frontal,Com Vítimas Feridas,Plena Noite,Crescente,Céu Claro,Simples,Reta,Não,2,0,0,1,1,0,1,2,-27.658611,-48.681847,SPRF-SC,DEL01-SC,UOP02-DEL01-SC,2025
"653216,0",2025-01-04,sábado,19:50:00,SC,101,"118,0",ITAJAI,Demais falhas mecânicas ou elétricas,Incêndio,Sem Vítimas,Plena Noite,Crescente,Céu Claro,Dupla,Reta,Não,1,0,0,0,1,0,0,1,-26.895859,-48.71903,SPRF-SC,DEL04-SC,UOP04-DEL04-SC,2025
"653233,0",2025-01-04,sábado,21:25:00,SC,116,"218,9",CORREIA PINTO,Entrada inopinada do pedestre,Atropelamento de Pedestre,Com Vítimas Feridas,Plena Noite,Decrescente,Céu Claro,Simples,Declive;Reta,Não,3,0,1,0,2,0,1,2,-27.56247698,-50.37616896,SPRF-SC,DEL05-SC,UOP03-DEL05-SC,2025
"653236,0",2025-01-04,sábado,12:00:00,SC,101,"149,0",ITAPEMA,Ultrapassagem Indevida,Colisão lateral mesmo sentido,Com Vítimas Feridas,Pleno dia,Decrescente,Sol,Múltipla,Reta,Sim,2,0,1,0,0,1,1,2,-27.1089649,-48.61277586,SPRF-SC,DEL04-SC,UOP03-DEL04-SC,2025
"653242,0",2025-01-04,sábado,23:30:00,SC,470,"147,2",RIO DO SUL,Demais falhas na via,Saída de leito carroçável,Com Vítimas Fatais,Plena Noite,Crescente,Céu Claro,Simples,Reta,Não,1,1,0,0,0,0,0,1,-27.24335205,-49.6900403,SPRF-SC,DEL04-SC,UOP02-DEL04-SC,2025
"653289,0",2025-01-05,domingo,08:30:00,SC,101,"195,2",BIGUACU,Transitar na contramão,Colisão transversal,Com Vítimas Feridas,Pleno dia,Crescente,Céu Claro,Dupla,Reta,Sim,2,0,1,0,1,0,1,2,-27.5047092,-48.65010819,SPRF-SC,DEL01-SC,UOP01-DEL01-SC,2025
"653292,0",2025-01-05,domingo,08:40:00,SC,101,"123,0",ITAJAI,Desrespeitar a preferência no cruzamento,Colisão transversal,Com Vítimas Feridas,Pleno dia,Crescente,Nublado,Dupla,Interseção de Vias;Reta,Não,2,0,1,0,1,0,1,2,-26.93668609,-48.69876905,SPRF-SC,DEL04-SC,UOP04-DEL04-SC,2025
"653297,0",2025-01-05,domingo,08:00:00,SC,101,"198,0",BIGUACU,Demais falhas mecânicas ou elétricas,Incêndio,Sem Vítimas,Pleno dia,Decrescente,Céu Claro,Dupla,Reta,Sim,1,0,0,0,1,0,0,1,-27.52658712,-48.63506019,SPRF-SC,DEL01-SC,UOP01-DEL01-SC,2025
"653318,0",2025-01-05,domingo,10:55:00,SC,101,"403,3",MARACAJA,Condutor deixou de manter distância do veículo da frente,Engavetamento,Sem Vítimas,Pleno dia,Crescente,Céu Claro,Dupla,Reta,Não,6,0,0,0,6,0,0,3,-28.88811965,-49.4654274,SPRF-SC,DEL02-SC,UOP02-DEL02-SC,2025
"653328,0",2025-01-05,domingo,13:00:00,SC,101,"12,2",GARUVA,Ausência de reação do condutor,Colisão lateral mesmo sentido,Com Vítimas Feridas,Pleno dia,Decrescente,Nublado,Dupla,Reta,Não,3,0,3,0,0,0,3,2,-26.08104399,-48.86175612,SPRF-SC,DEL03-SC,UOP01-DEL03-SC,2025
"653333,0",2025-01-05,domingo,14:10:00,SC,101,"220,0",PALHOCA,Condutor deixou de manter distância do veículo da frente,Colisão traseira,Com Vítimas Feridas,Pleno dia,Decrescente,Céu Claro,Dupla,Reta;Ponte,Não,4,0,2,0,2,0,2,2,-27.69198941,-48.66368358,SPRF-SC,DEL01-SC,UOP02-DEL01-SC,2025
"653357,0",2025-01-05,domingo,15:40:00,SC,101,"61,9",ARAQUARI,Reação tardia ou ineficiente do condutor,Tombamento,Com Vítimas Feridas,Pleno dia,Crescente,Céu Claro,Dupla,Declive;Reta,Não,1,0,1,0,0,0,1,1,-26.45474174,-48.77699195,SPRF-SC,DEL03-SC,UOP02-DEL03-SC,2025
"653360,0",2025-01-05,domingo,17:45:00,SC,101,"226,0",PALHOCA,Condutor deixou de manter distância do veículo da frente,Colisão traseira,Com Vítimas Feridas,Pleno dia,Decrescente,Céu Claro,Dupla,Reta,Não,3,0,2,0,1,0,2,2,-27.74200001,-48.63806504,SPRF-SC,DEL01-SC,UOP02-DEL01-SC,2025
"653389,0",2025-01-05,domingo,14:00:00,SC,116,"64,6",MONTE CASTELO,Ausência de reação do condutor,Colisão traseira,Com Vítimas Feridas,Pleno dia,Decrescente,Sol,Simples,Declive,Não,3,0,1,0,2,0,1,2,-26.41544499,-50.22732716,SPRF-SC,DEL06-SC,UOP02-DEL06-SC,2025
"653391,0",2025-01-05,domingo,19:10:00,SC,470,"0,0",NAVEGANTES,Acessar a via sem observar a presença dos outros veículos,Colisão transversal,Com Vítimas Feridas,Anoitecer,Crescente,Céu Claro,Dupla,Interseção de Vias;Reta;Rotatória,Sim,2,0,1,0,1,0,1,2,-26.88232,-48.66183,SPRF-SC,DEL04-SC,UOP04-DEL04-SC,2025
"653428,0",2025-01-05,domingo,21:30:00,SC,282,"325,0",CAMPOS NOVOS,Acessar a via sem observar a presença dos outros veículos,Colisão lateral mesmo sentido,Com Vítimas Feridas,Plena Noite,Decrescente,Céu Claro,Simples,Reta;Declive,Não,2,0,1,0,1,0,1,2,-27.380039,-51.061966,SPRF-SC,DEL07-SC,UOP06-DEL07-SC,2025
"653437,0",2025-01-06,segunda-feira,05:30:00,SC,282,"528,0",XAXIM,Reação tardia ou ineficiente do condutor,Capotamento,Com Vítimas Feridas,Amanhecer,Crescente,Céu Claro,Simples,Curva,Não,1,0,1,0,0,0,1,1,-26.978798,-52.588566,SPRF-SC,DEL07-SC,UOP01-DEL07-SC,2025
"653461,0",2025-01-06,segunda-feira,08:40:00,SC,101,"118,0",ITAJAI,Trafegar com motocicleta (ou similar) entre as faixas,Colisão traseira,Com Vítimas Feridas,Pleno dia,Crescente,Céu Claro,Dupla,Reta,Sim,2,0,1,0,1,0,1,2,-26.895859,-48.71903,SPRF-SC,DEL04-SC,UOP04-DEL04-SC,2025
"653467,0",2025-01-06,segunda-feira,09:00:00,SC,101,"119,0",ITAJAI,Reação tardia ou ineficiente do condutor,Colisão traseira,Com Vítimas Feridas,Pleno dia,Decrescente,Nublado,Múltipla,Reta,Sim,2,0,1,0,0,1,1,2,-26.9043179,-48.71555481,SPRF-SC,DEL04-SC,UOP04-DEL04-SC,2025
"653477,0",2025-01-06,segunda-feira,10:40:00,SC,101,"205,7",SAO JOSE,Reação tardia ou ineficiente do condutor,Colisão traseira,Com Vítimas Feridas,Pleno dia,Decrescente,Céu Claro,Múltipla,Reta,Sim,3,0,1,0,2,0,1,3,-27.58313237,-48.61532885,SPRF-SC,DEL01-SC,UOP01-DEL01-SC,2025
"653491,0",2025-01-06,segunda-feira,12:10:00,SC,101,"209,8",SAO JOSE,Reação tardia ou ineficiente do condutor,Tombamento,Com Vítimas Feridas,Pleno dia,Crescente,Céu Claro,Dupla,Reta,Sim,1,0,1,0,0,0,1,1,-27.61000542,-48.63895057,SPRF-SC,DEL01-SC,UOP01-DEL01-SC,2025
"653498,0",2025-01-06,segunda-feira,12:40:00,SC,101,"114,3",ITAJAI,Manobra de mudança de faixa,Colisão traseira,Com Vítimas Feridas,Pleno dia,Decrescente,Céu Claro,Simples,Reta,Sim,2,0,1,0,1,0,1,2,-26.85311393,-48.72689927,SPRF-SC,DEL04-SC,UOP04-DEL04-SC,2025