id,data_inversa,dia_semana,horario,uf,br,km,municipio,causa_acidente,tipo_acidente,classificacao_acidente,fase_dia,sentido_via,condicao_metereologica,tipo_pista,tracado_via,uso_solo,pessoas,mortos,feridos_leves,feridos_graves,ilesos,ignorados,feridos,veiculos,latitude,longitude,regional,delegacia,uop,ano_arquivo
"653507,0",2025-01-06,segunda-feira,13:40:00,SC,280,"52,0",GUARAMIRIM,Desrespeitar a preferência no cruzamento,Colisão transversal,Com Vítimas Feridas,Pleno dia,Decrescente,Nublado,Simples,Viaduto;Rotatória;Retorno Regulamentado,Não,3,0,2,0,1,0,2,2,-26.468904,-48.96492,SPRF-SC,DEL03-SC,UOP03-DEL03-SC,2025
"653536,0",2025-01-06,segunda-feira,16:05:00,SC,101,"415,1",ARARANGUA,Manobra de mudança de faixa,Colisão traseira,Com Vítimas Feridas,Pleno dia,Decrescente,Céu Claro,Dupla,Curva,Não,3,0,1,0,2,0,1,2,-28.96192931,-49.5220873,SPRF-SC,DEL02-SC,UOP02-DEL02-SC,2025
"653578,0",2025-01-06,segunda-feira,19:00:00,SC,101,"205,1",SAO JOSE,Pedestre andava na pista,Atropelamento de Pedestre,Com Vítimas Feridas,Anoitecer,Decrescente,Nublado,Múltipla,Reta,Sim,2,0,1,0,0,1,1,2,-27.58313237,-48.61532885,SPRF-SC,DEL01-SC,UOP01-DEL01-SC,2025
"653585,0",2025-01-06,segunda-feira,20:05:00,SC,101,"34,9",JOINVILLE,Manobra de mudança de faixa,Colisão lateral mesmo sentido,Com Vítimas Feridas,Plena Noite,Decrescente,Garoa/Chuvisco,Dupla,Reta,Não,1,0,0,1,0,0,1,1,-26.23667403,-48.91486706,SPRF-SC,DEL03-SC,UOP01-DEL03-SC,2025
"653609,0",2025-01-07,terça-feira,03:00:00,SC,101,"202,4",SAO JOSE,Reação tardia ou ineficiente do condutor,Colisão com objeto,Com Vítimas Feridas,Plena Noite,Crescente,Céu Claro,Dupla,Reta,Sim,1,0,1,0,0,0,1,1,-27.55711595,-48.61897889,SPRF-SC,DEL01-SC,UOP01-DEL01-SC,2025
"653613,0",2025-01-07,terça-feira,00:10:00,SC,282,"406,8",CATANDUVAS,Ingestão de álcool pelo condutor,Saída de leito carroçável,Sem Vítimas,Plena Noite,Crescente,Céu Claro,Simples,Reta;Declive,Não,3,0,0,0,3,0,0,1,-27.092703,-51.659904,SPRF-SC,DEL07-SC,UOP05-DEL07-SC,2025
"653623,0",2025-01-07,terça-feira,07:40:00,SC,101,"280,9",IMBITUBA,Ausência de reação do condutor,Colisão traseira,Com Vítimas Feridas,Pleno dia,Crescente,Céu Claro,Dupla,Reta,Não,6,0,0,2,4,0,2,4,-28.20212053,-48.69865274,SPRF-SC,DEL02-SC,UOP03-DEL02-SC,2025
"653626,0",2025-01-07,terça-feira,06:41:00,SC,101,"121,0",ITAJAI,Reação tardia ou ineficiente do condutor,Tombamento,Com Vítimas Feridas,Pleno dia,Crescente,Céu Claro,Múltipla,Reta,Não,1,0,1,0,0,0,1,1,-26.92103178,-48.70856446,SPRF-SC,DEL04-SC,UOP04-DEL04-SC,2025
"653639,0",2025-01-07,terça-feira,08:20:00,SC,101,"137,0",BALNEARIO CAMBORIU,Manobra de mudança de faixa,Colisão lateral mesmo sentido,Com Vítimas Feridas,Pleno dia,Decrescente,Céu Claro,Dupla,Reta,Sim,2,0,1,0,1,0,1,2,-27.0157238,-48.61192763,SPRF-SC,DEL04-SC,UOP03-DEL04-SC,2025
"653657,0",2025-01-07,terça-feira,11:10:00,SC,101,"207,0",SAO JOSE,Reação tardia ou ineficiente do condutor,Colisão traseira,Com Vítimas Feridas,Pleno dia,Decrescente,Céu Claro,Múltipla,Reta,Sim,2,0,1,0,1,0,1,2,-27.60001226,-48.6226467,SPRF-SC,DEL01-SC,UOP01-DEL01-SC,2025
"653670,0",2025-01-07,terça-feira,12:30:00,SC,101,"206,9",SAO JOSE,Ausência de reação do condutor,Engavetamento,Com Vítimas Feridas,Pleno dia,Crescente,Céu Claro,Múltipla,Reta,Sim,4,0,1,0,3,0,1,3,-27.59193546,-48.61824557,SPRF-SC,DEL01-SC,UOP01-DEL01-SC,2025
"653673,0",2025-01-07,terça-feira,12:50:00,SC,101,"202,3",SAO JOSE,Acumulo de óleo sobre o pavimento,Tombamento,Com Vítimas Feridas,Pleno dia,Decrescente,Nublado,Múltipla,Reta,Sim,1,0,1,0,0,0,1,1,-27.55711595,-48.61897889,SPRF-SC,DEL01-SC,UOP01-DEL01-SC,2025
"653689,0",2025-01-07,terça-feira,12:25:00,SC,280,"56,0",GUARAMIRIM,Acessar a via sem observar a presença dos outros veículos,Colisão frontal,Com Vítimas Feridas,Pleno dia,Crescente,Céu Claro,Simples,Reta;Em Obras,Sim,2,0,2,0,0,0,2,2,-26.47947677,-49.00298702,SPRF-SC,DEL03-SC,UOP03-DEL03-SC,2025
"653690,0",2025-01-07,terça-feira,10:20:00,SC,101,"348,8",JAGUARUNA,Conversão proibida,Atropelamento de Pedestre,Com Vítimas Feridas,Pleno dia,Crescente,Sol,Dupla,Curva,Sim,2,0,1,0,1,0,1,2,-28.58969968,-49.04567242,SPRF-SC,DEL02-SC,UOP01-DEL02-SC,2025
"653707,0",2025-01-07,terça-feira,15:30:00,SC,101,"215,5",PALHOCA,Pista Escorregadia,Tombamento,Com Vítimas Feridas,Pleno dia,Decrescente,Nublado,Dupla,Reta,Sim,1,0,1,0,0,0,1,1,-27.65184843,-48.67604941,SPRF-SC,DEL01-SC,UOP02-DEL01-SC,2025
"653716,0",2025-01-07,terça-feira,15:50:00,SC,101,"126,0",ITAJAI,Demais falhas mecânicas ou elétricas,Incêndio,Sem Vítimas,Pleno dia,Decrescente,Nublado,Simples,Reta,Sim,1,0,0,0,1,0,0,1,-26.95564404,-48.67978366,SPRF-SC,DEL04-SC,UOP04-DEL04-SC,2025
"653717,0",2025-01-07,terça-feira,16:40:00,SC,280,"54,0",GUARAMIRIM,Demais falhas mecânicas ou elétricas,Incêndio,Sem Vítimas,Pleno dia,Crescente,Nublado,Dupla,Reta,Sim,2,0,0,0,2,0,0,2,-26.47539893,-48.983748,SPRF-SC,DEL03-SC,UOP03-DEL03-SC,2025
"653753,0",2025-01-07,terça-feira,16:05:00,SC,280,"81,6",CORUPA,Acessar a via sem observar a presença dos outros veículos,Colisão transversal,Com Vítimas Feridas,Pleno dia,Decrescente,Céu Claro,Simples,Reta,Sim,3,0,1,1,1,0,2,2,-26.44057489,-49.217056,SPRF-SC,DEL06-SC,UOP03-DEL06-SC,2025
"653755,0",2025-01-07,terça-feira,19:45:00,SC,101,"145,0",ITAPEMA,Manobra de mudança de faixa,Colisão lateral mesmo sentido,Com Vítimas Feridas,Plena Noite,Decrescente,Céu Claro,Dupla,Reta,Sim,2,0,1,0,1,0,1,2,-27.08139206,-48.60130993,SPRF-SC,DEL04-SC,UOP03-DEL04-SC,2025
"653766,0",2025-01-07,terça-feira,22:00:00,SC,101,"18,1",BIGUACU,Acumulo de óleo sobre o pavimento,Colisão com objeto,Com Vítimas Feridas,Plena Noite,Decrescente,Céu Claro,Dupla,Reta,Não,1,0,1,0,0,0,1,1,-27.4946,-48.6561,SPRF-SC,DEL01-SC,UOP01-DEL01-SC,2025
"653800,0",2025-01-08,quarta-feira,08:50:00,SC,101,"208,4",SAO JOSE,Condutor desrespeitou a iluminação vermelha do semáforo,Colisão transversal,Com Vítimas Feridas,Pleno dia,Decrescente,Nublado,Dupla,Reta;Interseção de Vias,Sim,2,0,1,0,1,0,1,2,-27.60327979,-48.63201818,SPRF-SC,DEL01-SC,UOP01-DEL01-SC,2025
"653824,0",2025-01-08,quarta-feira,10:15:00,SC,101,"214,7",PALHOCA,Acessar a via sem observar a presença dos outros veículos,Colisão transversal,Com Vítimas Feridas,Pleno dia,Crescente,Céu Claro,Múltipla,Reta,Sim,2,0,1,0,1,0,1,2,-27.64443,-48.67057,SPRF-SC,DEL01-SC,UOP02-DEL01-SC,2025
"653829,0",2025-01-08,quarta-feira,11:50:00,SC,101,"208,4",SAO JOSE,Ausência de reação do condutor,Colisão lateral mesmo sentido,Com Vítimas Feridas,Pleno dia,Decrescente,Garoa/Chuvisco,Múltipla,Reta,Sim,2,0,1,0,1,0,1,2,-27.60327979,-48.63201818,SPRF-SC,DEL01-SC,UOP01-DEL01-SC,2025
"653831,0",2025-01-08,quarta-feira,12:00:00,SC,101,"135,0",BALNEARIO CAMBORIU,Reação tardia ou ineficiente do condutor,Tombamento,Com Vítimas Feridas,Pleno dia,Decrescente,Nublado,Múltipla,Reta,Sim,1,0,1,0,0,0,1,1,-27.0050108,-48.62677494,SPRF-SC,DEL04-SC,UOP03-DEL04-SC,2025
"653838,0",2025-01-08,quarta-feira,13:55:00,SC,101,"108,0",PENHA,Ausência de reação do condutor,Tombamento,Com Vítimas Feridas,Pleno dia,Decrescente,Nublado,Dupla,Reta,Não,1,0,1,0,0,0,1,1,-26.82606902,-48.69052298,SPRF-SC,DEL03-SC,UOP02-DEL03-SC,2025
"653843,0",2025-01-08,quarta-feira,13:45:00,SC,101,"137,4",BALNEARIO CAMBORIU,Demais falhas mecânicas ou elétricas,Tombamento,Com Vítimas Feridas,Pleno dia,Decrescente,Nublado,Dupla,Aclive;Reta,Sim,1,0,1,0,0,0,1,1,-27.0157238,-48.61192763,SPRF-SC,DEL04-SC,UOP03-DEL04-SC,2025
"653857,0",2025-01-06,segunda-feira,12:00:00,SC,101,"135,0",BALNEARIO CAMBORIU,Trafegar com motocicleta (ou similar) entre as faixas,Colisão lateral mesmo sentido,Com Vítimas Feridas,Pleno dia,Decrescente,Céu Claro,Dupla,Reta,Sim,2,0,2,0,0,0,2,2,-27.0050108,-48.62677494,SPRF-SC,DEL04-SC,UOP03-DEL04-SC,2025
"653877,0",2025-01-08,quarta-feira,15:30:00,SC,101,"155,0",PORTO BELO,Reação tardia ou ineficiente do condutor,Saída de leito carroçável,Com Vítimas Feridas,Pleno dia,Crescente,Sol,Múltipla,Viaduto,Sim,1,0,1,0,0,0,1,1,-27.16292,-48.61129,SPRF-SC,DEL04-SC,UOP03-DEL04-SC,2025
"653891,0",2025-01-08,quarta-feira,18:30:00,SC,470,"59,8",BLUMENAU,Conversão proibida,Colisão lateral mesmo sentido,Com Vítimas Feridas,Pleno dia,Crescente,Nublado,Simples,Em Obras;Reta;Aclive,Não,3,0,1,0,2,0,1,2,-26.882812,-49.1548,SPRF-SC,DEL04-SC,UOP01-DEL04-SC,2025
"653901,0",2025-01-08,quarta-feira,17:05:00,SC,280,"21,0",ARAQUARI,Acessar a via sem observar a presença dos outros veículos,Colisão transversal,Com Vítimas Feridas,Pleno dia,Crescente,Nublado,Simples,Reta,Sim,3,0,1,0,1,1,1,3,-26.37043169,-48.69219602,SPRF-SC,DEL03-SC,UOP03-DEL03-SC,2025
"653915,0",2025-01-08,quarta-feira,20:00:00,SC,101,"324,0",CAPIVARI DE BAIXO,Acessar a via sem observar a presença dos outros veículos,Colisão lateral mesmo sentido,Com Vítimas Feridas,Anoitecer,Crescente,Nublado,Dupla,Interseção de Vias;Viaduto,Sim,2,0,1,0,1,0,1,2,-28.42527871,-48.94367337,SPRF-SC,DEL02-SC,UOP01-DEL02-SC,2025
"653942,0",2025-01-09,quinta-feira,00:00:00,SC,101,"89,0",BARRA VELHA,Ausência de reação do condutor,Colisão traseira,Com Vítimas Feridas,Plena Noite,Crescente,Chuva,Simples,Reta,Não,6,0,4,0,2,0,4,2,-26.65175997,-48.68721921,SPRF-SC,DEL03-SC,UOP02-DEL03-SC,2025
"653946,0",2025-01-09,quinta-feira,01:30:00,SC,101,"204,0",SAO JOSE,Pista Escorregadia,Queda de ocupante de veículo,Com Vítimas Feridas,Plena Noite,Decrescente,Chuva,Dupla,Reta;Declive,Sim,2,0,1,1,0,0,2,1,-27.57413014,-48.61363083,SPRF-SC,DEL01-SC,UOP01-DEL01-SC,2025
"653955,0",2025-01-09,quinta-feira,04:50:00,SC,470,"75,2",INDAIAL,Velocidade Incompatível,Saída de leito carroçável,Com Vítimas Feridas,Amanhecer,Decrescente,Nublado,Simples,Reta,Não,1,0,0,1,0,0,1,1,-26.924833,-49.284004,SPRF-SC,DEL04-SC,UOP01-DEL04-SC,2025
"653971,0",2025-01-09,quinta-feira,07:35:00,SC,101,"79,0",ARAQUARI,Ausência de reação do condutor,Tombamento,Com Vítimas Feridas,Pleno dia,Decrescente,Nublado,Múltipla,Reta,Não,1,0,1,0,0,0,1,1,-26.58559601,-48.72192112,SPRF-SC,DEL03-SC,UOP02-DEL03-SC,2025
"653976,0",2025-01-09,quinta-feira,06:00:00,SC,282,"6,0",SAO JOSE,Ingestão de álcool pelo condutor,Colisão com objeto,Sem Vítimas,Amanhecer,Crescente,Garoa/Chuvisco,Simples,Curva,Sim,1,0,0,0,1,0,0,1,-27.588425,-48.612919,SPRF-SC,DEL01-SC,UOP01-DEL01-SC,2025
"653979,0",2025-01-09,quinta-feira,08:10:00,SC,101,"29,6",JOINVILLE,Trafegar com motocicleta (ou similar) entre as faixas,Colisão lateral mesmo sentido,Com Vítimas Feridas,Pleno dia,Crescente,Céu Claro,Dupla,Reta,Não,2,0,1,0,1,0,1,2,-26.211903,-48.91589904,SPRF-SC,DEL03-SC,UOP01-DEL03-SC,2025
"653998,0",2025-01-09,quinta-feira,09:20:00,SC,101,"339,0",TUBARAO,Condutor usando celular,Colisão com objeto,Com Vítimas Feridas,Pleno dia,Decrescente,Sol,Múltipla,Ponte,Não,4,0,3,0,1,0,3,1,-28.49351117,-49.04178985,SPRF-SC,DEL02-SC,UOP01-DEL02-SC,2025
"654072,0",2025-01-09,quinta-feira,18:10:00,SC,101,"208,0",SAO JOSE,Ausência de reação do condutor,Queda de ocupante de veículo,Com Vítimas Feridas,Pleno dia,Crescente,Céu Claro,Múltipla,Reta,Não,2,0,1,0,1,0,1,1,-27.60327979,-48.63201818,SPRF-SC,DEL01-SC,UOP01-DEL01-SC,2025
"654074,0",2025-01-05,domingo,19:15:00,SC,101,"282,5",IMBITUBA,Ultrapassagem Indevida,Colisão lateral mesmo sentido,Com Vítimas Feridas,Anoitecer,Decrescente,Céu Claro,Dupla,Viaduto;Aclive;Reta,Sim,5,0,1,1,3,0,2,2,-28.21532334,-48.69973183,SPRF-SC,DEL02-SC,UOP03-DEL02-SC,2025
"654085,0",2025-01-09,quinta-feira,17:20:00,SC,153,"7,0",AGUA DOCE,Ultrapassagem Indevida,Saída de leito carroçável,Com Vítimas Feridas,Anoitecer,Crescente,Céu Claro,Simples,Reta,Não,3,0,3,0,0,0,3,1,-26.652559,-51.528454,SPRF-SC,DEL07-SC,UOP07-DEL07-SC,2025
"654098,0",2025-01-09,quinta-feira,19:20:00,SC,101,"122,0",ITAJAI,Trafegar com motocicleta (ou similar) entre as faixas,Colisão lateral mesmo sentido,Com Vítimas Feridas,Anoitecer,Decrescente,Garoa/Chuvisco,Dupla,Curva,Não,3,0,1,0,2,0,1,2,-26.92955916,-48.70499836,SPRF-SC,DEL04-SC,UOP04-DEL04-SC,2025
"654105,0",2025-01-09,quinta-feira,20:20:00,SC,101,"356,9",SANGAO,Acumulo de areia ou detritos sobre o pavimento,Saída de leito carroçável,Com Vítimas Feridas,Plena Noite,Crescente,Céu Claro,Simples,Curva;Interseção de Vias,Sim,1,0,1,0,0,0,1,1,-28.635168,-49.09467,SPRF-SC,DEL02-SC,UOP01-DEL02-SC,2025
"654152,0",2025-01-10,sexta-feira,06:35:00,SC,280,"140,2",RIO NEGRINHO,Velocidade Incompatível,Saída de leito carroçável,Com Vítimas Feridas,Pleno dia,Decrescente,Céu Claro,Simples,Curva;Aclive,Não,1,0,0,1,0,0,1,1,-26.25385392,-49.612674,SPRF-SC,DEL06-SC,UOP03-DEL06-SC,2025
"654161,0",2025-01-10,sexta-feira,07:35:00,SC,101,"38,9",JOINVILLE,Manobra de mudança de faixa,Colisão lateral mesmo sentido,Com Vítimas Feridas,Pleno dia,Decrescente,Céu Claro,Múltipla,Reta,Sim,3,0,2,0,1,0,2,2,-26.25472505,-48.90561309,SPRF-SC,DEL03-SC,UOP01-DEL03-SC,2025
"654162,0",2025-01-10,sexta-feira,06:20:00,SC,101,"151,6",ITAPEMA,Desrespeitar a preferência no cruzamento,Colisão transversal,Com Vítimas Feridas,Pleno dia,Crescente,Nublado,Múltipla,Rotatória,Sim,2,0,0,1,1,0,1,2,-27.13276625,-48.61026406,SPRF-SC,DEL04-SC,UOP03-DEL04-SC,2025
"654167,0",2025-01-10,sexta-feira,08:05:00,SC,101,"403,8",ARARANGUA,Demais falhas mecânicas ou elétricas,Tombamento,Com Vítimas Feridas,Pleno dia,Decrescente,Céu Claro,Dupla,Reta,Não,1,0,1,0,0,0,1,1,-28.90070657,-49.47549105,SPRF-SC,DEL02-SC,UOP02-DEL02-SC,2025
"654172,0",2025-01-10,sexta-feira,08:15:00,SC,101,"131,0",CAMBORIU,Acessar a via sem observar a presença dos outros veículos,Colisão lateral mesmo sentido,Com Vítimas Feridas,Pleno dia,Crescente,Céu Claro,Simples,Interseção de Vias,Não,2,0,0,1,1,0,1,2,-26.99064209,-48.66310912,SPRF-SC,DEL04-SC,UOP03-DEL04-SC,2025
"654213,0",2025-01-10,sexta-feira,12:00:00,SC,101,"38,8",JOINVILLE,Avarias e/ou desgaste excessivo no pneu,Queda de ocupante de veículo,Com Vítimas Feridas,Pleno dia,Crescente,Nublado,Dupla,Reta,Sim,1,0,1,0,0,0,1,1,-26.25472505,-48.90561309,SPRF-SC,DEL03-SC,UOP01-DEL03-SC,2025
"654234,0",2025-01-10,sexta-feira,09:25:00,SC,101,"295,0",IMBITUBA,Condutor deixou de manter distância do veículo da frente,Colisão traseira,Com Vítimas Feridas,Pleno dia,Decrescente,Céu Claro,Simples,Reta,Sim,2,0,1,0,0,1,1,2,-28.29854333,-48.71633767,SPRF-SC,DEL02-SC,UOP03-DEL02-SC,2025
"654241,0",2025-01-10,sexta-feira,15:00:00,SC,101,"151,0",ITAPEMA,Reação tardia ou ineficiente do condutor,Colisão traseira,Com Vítimas Feridas,Pleno dia,Crescente,Céu Claro,Dupla,Reta,Sim,2,0,1,0,1,0,1,2,-27.126536,-48.609642,SPRF-SC,DEL04-SC,UOP03-DEL04-SC,2025
"654242,0",2025-01-10,sexta-feira,15:20:00,SC,101,"147,0",ITAPEMA,Trafegar com motocicleta (ou similar) entre as faixas,Colisão lateral mesmo sentido,Com Vítimas Feridas,Pleno dia,Decrescente,Céu Claro,Múltipla,Reta,Sim,2,0,1,0,0,1,1,2,-27.09237407,-48.61730888,SPRF-SC,DEL04-SC,UOP03-DEL04-SC,2025
"654257,0",2025-01-10,sexta-feira,17:30:00,SC,280,"27,0",ARAQUARI,Trafegar com motocicleta (ou similar) entre as faixas,Colisão lateral mesmo sentido,Com Vítimas Feridas,Pleno dia,Decrescente,Nublado,Simples,Reta,Sim,3,0,2,0,0,1,2,2,-26.39685622,-48.74021969,SPRF-SC,DEL03-SC,UOP03-DEL03-SC,2025
"654261,0",2025-01-10,sexta-feira,17:15:00,SC,101,"177,0",BIGUACU,Reação tardia ou ineficiente do condutor,Colisão traseira,Com Vítimas Feridas,Anoitecer,Crescente,Céu Claro,Múltipla,Curva;Interseção de Vias,Não,3,0,1,0,0,2,1,3,-27.35538202,-48.63241474,SPRF-SC,DEL01-SC,UOP01-DEL01-SC,2025
"654263,0",2025-01-10,sexta-feira,17:15:00,SC,116,"1,7",MAFRA,Ausência de reação do condutor,Colisão traseira,Sem Vítimas,Pleno dia,Crescente,Céu Claro,Simples,Rotatória,Não,2,0,0,0,2,0,0,2,-26.12391791,-49.79303212,SPRF-SC,DEL06-SC,UOP01-DEL06-SC,2025
"654271,0",2025-01-10,sexta-feira,16:55:00,SC,101,"38,5",JOINVILLE,Desrespeitar a preferência no cruzamento,Colisão transversal,Com Vítimas Feridas,Pleno dia,Decrescente,Céu Claro,Simples,Viaduto;Rotatória;Interseção de Vias,Sim,6,0,1,0,5,0,1,2,-26.29695467,-48.88366699,SPRF-SC,DEL03-SC,UOP01-DEL03-SC,2025
"654289,0",2025-01-10,sexta-feira,18:45:00,SC,101,"41,5",PALHOCA,Reação tardia ou ineficiente do condutor,Queda de ocupante de veículo,Com Vítimas Feridas,Anoitecer,Crescente,Céu Claro,Dupla,Túnel;Reta,Não,1,0,1,0,0,0,1,1,-27.6427,-48.6695,SPRF-SC,DEL01-SC,UOP02-DEL01-SC,2025
"654293,0",2025-01-10,sexta-feira,20:45:00,SC,470,"121,0",IBIRAMA,Transitar na contramão,Colisão lateral sentido oposto,Com Vítimas Feridas,Plena Noite,Decrescente,Céu Claro,Simples,Aclive;Curva,Não,4,0,0,1,3,0,1,2,-27.08379739,-49.48740005,SPRF-SC,DEL04-SC,UOP02-DEL04-SC,2025
"654330,0",2025-01-10,sexta-feira,23:30:00,SC,280,"195,0",MAFRA,Ausência de reação do condutor,Queda de ocupante de veículo,Com Vítimas Feridas,Plena Noite,Crescente,Nublado,Simples,Reta,Não,2,0,2,0,0,0,2,1,-26.17921779,-50.02536489,SPRF-SC,DEL06-SC,UOP01-DEL06-SC,2025
"654340,0",2025-01-11,sábado,04:40:00,SC,470,"54,0",BLUMENAU,Desrespeitar a preferência no cruzamento,Colisão transversal,Com Vítimas Feridas,Amanhecer,Crescente,Céu Claro,Simples,Interseção de Vias,Sim,3,0,2,0,1,0,2,2,-26.871065,-49.110374,SPRF-SC,DEL04-SC,UOP01-DEL04-SC,2025
"654346,0",2025-01-11,sábado,04:40:00,SC,470,"178,0",POUSO REDONDO,Ingestão de álcool pelo condutor,Colisão transversal,Com Vítimas Feridas,Amanhecer,Decrescente,Céu Claro,Simples,Reta,Sim,2,0,2,0,0,0,2,2,-27.248392,-49.967083,SPRF-SC,DEL04-SC,UOP02-DEL04-SC,2025
"654354,0",2025-01-11,sábado,06:05:00,SC,280,"167,0",MAFRA,Ausência de reação do condutor,Colisão traseira,Com Vítimas Feridas,Pleno dia,Decrescente,Céu Claro,Simples,Declive;Reta,Não,2,0,1,0,1,0,1,2,-26.16857105,-49.81820938,SPRF-SC,DEL06-SC,UOP01-DEL06-SC,2025
"654397,0",2025-01-11,sábado,09:52:00,SC,101,"186,0",BIGUACU,Ausência de reação do condutor,Saída de leito carroçável,Com Vítimas Feridas,Pleno dia,Crescente,Chuva,Dupla,Reta,Não,1,0,1,0,0,0,1,1,-27.4341098,-48.62567129,SPRF-SC,DEL01-SC,UOP01-DEL01-SC,2025
"654437,0",2025-01-11,sábado,13:00:00,SC,282,"54,4",RANCHO QUEIMADO,Velocidade Incompatível,Colisão frontal,Com Vítimas Feridas,Pleno dia,Decrescente,Garoa/Chuvisco,Simples,Curva,Não,4,0,3,0,1,0,3,2,-27.685799,-48.974514,SPRF-SC,DEL01-SC,UOP03-DEL01-SC,2025
"654450,0",2025-01-09,quinta-feira,14:15:00,SC,282,"555,7",NOVA ITABERABA,Reação tardia ou ineficiente do condutor,Colisão lateral sentido oposto,Com Vítimas Feridas,Pleno dia,Crescente,Céu Claro,Simples,Curva;Declive,Não,2,0,1,0,1,0,1,2,-26.935896,-52.810684,SPRF-SC,DEL07-SC,UOP01-DEL07-SC,2025
"654455,0",2025-01-11,sábado,13:30:00,SC,101,"97,0",BALNEARIO PICARRAS,Avarias e/ou desgaste excessivo no pneu,Tombamento,Com Vítimas Feridas,Pleno dia,Crescente,Nublado,Dupla,Reta,Não,2,0,2,0,0,0,2,1,-26.72823703,-48.70224928,SPRF-SC,DEL03-SC,UOP02-DEL03-SC,2025
"654459,0",2025-01-11,sábado,09:47:00,SC,282,"132,9",BOM RETIRO,Ultrapassagem Indevida,Colisão frontal,Com Vítimas Fatais,Pleno dia,Decrescente,Céu Claro,Simples,Curva;Aclive,Não,2,1,1,0,0,0,1,2,-27.8074269,-49.531308,SPRF-SC,DEL05-SC,UOP01-DEL05-SC,2025
"654470,0",2025-01-11,sábado,14:35:00,SC,282,"221,0",LAGES,Reação tardia ou ineficiente do condutor,Colisão transversal,Com Vítimas Feridas,Pleno dia,Crescente,Nublado,Dupla,Interseção de Vias;Reta;Rotatória;Aclive,Sim,2,0,1,0,1,0,1,2,-27.796358,-50.343426,SPRF-SC,DEL05-SC,UOP01-DEL05-SC,2025
"654474,0",2025-01-11,sábado,16:00:00,SC,116,"192,0",PONTE ALTA,Ausência de reação do condutor,Colisão traseira,Com Vítimas Feridas,Pleno dia,Crescente,Céu Claro,Simples,Reta,Não,2,0,0,1,1,0,1,2,-27.36303564,-50.43355252,SPRF-SC,DEL05-SC,UOP03-DEL05-SC,2025
"654504,0",2025-01-11,sábado,19:00:00,SC,101,"317,5",PESCARIA BRAVA,Animais na Pista,Atropelamento de Animal,Com Vítimas Feridas,Plena Noite,Decrescente,Céu Claro,Dupla,Curva,Não,6,0,1,0,5,0,1,3,-28.42964439,-48.87128055,SPRF-SC,DEL02-SC,UOP01-DEL02-SC,2025
"654522,0",2025-01-11,sábado,21:05:00,SC,470,"88,0",ASCURRA,Ausência de reação do condutor,Colisão com objeto,Com Vítimas Feridas,Plena Noite,Crescente,Nublado,Simples,Reta;Rotatória,Sim,1,0,0,1,0,0,1,1,-26.955355,-49.373169,SPRF-SC,DEL04-SC,UOP01-DEL04-SC,2025
"654533,0",2025-01-11,sábado,21:00:00,SC,470,"88,0",ASCURRA,Condutor Dormindo,Tombamento,Com Vítimas Feridas,Plena Noite,Crescente,Nublado,Simples,Rotatória,Sim,1,0,1,0,0,0,1,1,-26.955355,-49.373169,SPRF-SC,DEL04-SC,UOP01-DEL04-SC,2025
"654536,0",2025-01-11,sábado,23:50:00,SC,101,"211,7",PALHOCA,Acessar a via sem observar a presença dos outros veículos,Colisão transversal,Com Vítimas Feridas,Plena Noite,Crescente,Nublado,Múltipla,Interseção de Vias;Reta,Sim,4,0,1,1,2,0,2,2,-27.62329313,-48.65245588,SPRF-SC,DEL01-SC,UOP02-DEL01-SC,2025
"654570,0",2025-01-12,domingo,06:30:00,SC,280,"156,2",MAFRA,Reação tardia ou ineficiente do condutor,Saída de leito carroçável,Com Vítimas Feridas,Pleno dia,Crescente,Nublado,Simples,Curva,Não,3,0,2,0,0,1,2,2,-26.20741005,-49.73642503,SPRF-SC,DEL06-SC,UOP03-DEL06-SC,2025
"654598,0",2025-01-12,domingo,09:30:00,SC,101,"136,0",BALNEARIO CAMBORIU,Reação tardia ou ineficiente do condutor,Engavetamento,Com Vítimas Feridas,Pleno dia,Crescente,Céu Claro,Dupla,Reta,Sim,3,0,0,1,2,0,1,3,-27.008113,-48.617245,SPRF-SC,DEL04-SC,UOP03-DEL04-SC,2025
"654602,0",2025-01-12,domingo,10:15:00,SC,101,"6,7",GARUVA,Transtornos Mentais (exceto suicidio),Saída de leito carroçável,Com Vítimas Feridas,Pleno dia,Decrescente,Nublado,Dupla,Reta,Não,1,0,1,0,0,0,1,1,-26.03444584,-48.86030495,SPRF-SC,DEL03-SC,UOP01-DEL03-SC,2025
"654605,0",2025-01-12,domingo,11:20:00,SC,101,"216,1",PALHOCA,Manobra de mudança de faixa,Colisão lateral mesmo sentido,Com Vítimas Feridas,Pleno dia,Decrescente,Céu Claro,Múltipla,Reta,Sim,2,0,1,0,1,0,1,2,-27.65981409,-48.67747798,SPRF-SC,DEL01-SC,UOP02-DEL01-SC,2025
"654620,0",2025-01-12,domingo,12:30:00,SC,101,"236,0",PALHOCA,Ausência de reação do condutor,Colisão com objeto,Com Vítimas Feridas,Pleno dia,Crescente,Céu Claro,Dupla,Curva,Não,2,0,2,0,0,0,2,1,-27.82629382,-48.63034842,SPRF-SC,DEL01-SC,UOP02-DEL01-SC,2025