id,data_inversa,dia_semana,horario,uf,br,km,municipio,causa_acidente,tipo_acidente,classificacao_acidente,fase_dia,sentido_via,condicao_metereologica,tipo_pista,tracado_via,uso_solo,pessoas,mortos,feridos_leves,feridos_graves,ilesos,ignorados,feridos,veiculos,latitude,longitude,regional,delegacia,uop,ano_arquivo
"655808,0",2025-01-18,sábado,10:00:00,SC,470,"54,5",BLUMENAU,Falta de elemento de contenção que evite a saída do leito carroçável,Saída de leito carroçável,Sem Vítimas,Pleno dia,Crescente,Céu Claro,Dupla,Declive;Curva;Interseção de Vias,Sim,1,0,0,0,0,1,0,1,-26.87300156,-49.11417067,SPRF-SC,DEL04-SC,UOP01-DEL04-SC,2025
"655839,0",2025-01-18,sábado,08:15:00,SC,101,"450,0",SAO JOAO DO SUL,Pista Escorregadia,Tombamento,Com Vítimas Feridas,Pleno dia,Crescente,Nublado,Dupla,Reta,Não,1,0,0,1,0,0,1,1,-29.17229091,-49.74904711,SPRF-SC,DEL02-SC,UOP02-DEL02-SC,2025
"655861,0",2025-01-18,sábado,16:45:00,SC,101,"315,0",LAGUNA,Ausência de reação do condutor,Colisão transversal,Com Vítimas Feridas,Pleno dia,Crescente,Chuva,Múltipla,Curva,Sim,3,0,1,1,1,0,2,2,-28.44102234,-48.82276475,SPRF-SC,DEL02-SC,UOP01-DEL02-SC,2025
"655865,0",2025-01-18,sábado,14:40:00,SC,101,"3,7",ARARANGUA,Conversão proibida,Colisão transversal,Com Vítimas Feridas,Pleno dia,Decrescente,Nublado,Simples,Rotatória,Sim,2,0,1,0,1,0,1,2,-28.94941481,-49.50706601,SPRF-SC,DEL02-SC,UOP02-DEL02-SC,2025
"655869,0",2025-01-18,sábado,16:50:00,SC,101,"276,6",IMBITUBA,Transitar na contramão,Colisão transversal,Sem Vítimas,Pleno dia,Decrescente,Céu Claro,Simples,Interseção de Vias,Sim,2,0,0,0,2,0,0,2,-28.14644701,-48.69204746,SPRF-SC,DEL02-SC,UOP03-DEL02-SC,2025
"655870,0",2025-01-18,sábado,10:30:00,SC,280,"214,0",TRES BARRAS,Ingestão de álcool pelo condutor,Tombamento,Com Vítimas Feridas,Pleno dia,Decrescente,Céu Claro,Simples,Curva,Não,1,0,1,0,0,0,1,1,-26.18318414,-50.20686497,SPRF-SC,DEL06-SC,UOP04-DEL06-SC,2025
"655878,0",2025-01-18,sábado,16:00:00,SC,280,"229,0",CANOINHAS,Demais Fenômenos da natureza,Saída de leito carroçável,Sem Vítimas,Pleno dia,Crescente,Chuva,Simples,Reta,Não,1,0,0,0,0,1,0,1,-26.18601731,-50.35213894,SPRF-SC,DEL06-SC,UOP04-DEL06-SC,2025
"655911,0",2025-01-18,sábado,20:35:00,SC,101,"111,9",ITAJAI,Ingestão de álcool pelo condutor,Colisão traseira,Com Vítimas Feridas,Plena Noite,Decrescente,Garoa/Chuvisco,Dupla,Reta;Ponte,Sim,5,0,2,0,3,0,2,4,-26.83955734,-48.71418074,SPRF-SC,DEL04-SC,UOP04-DEL04-SC,2025
"655917,0",2025-01-18,sábado,20:30:00,SC,101,"274,1",IMBITUBA,Pedestre cruzava a pista fora da faixa,Atropelamento de Pedestre,Com Vítimas Fatais,Plena Noite,Decrescente,Nublado,Múltipla,Reta,Sim,4,1,0,0,2,1,0,3,-28.1422754,-48.6919787,SPRF-SC,DEL02-SC,UOP03-DEL02-SC,2025
"655935,0",2025-01-18,sábado,19:00:00,SC,282,"310,0",VARGEM,Manobra de mudança de faixa,Colisão transversal,Com Vítimas Feridas,Plena Noite,Decrescente,Céu Claro,Simples,Reta,Não,2,0,0,1,1,0,1,2,-27.483074,-50.98188,SPRF-SC,DEL07-SC,UOP06-DEL07-SC,2025
"655942,0",2025-01-18,sábado,21:40:00,SC,470,"112,5",IBIRAMA,Ausência de reação do condutor,Colisão com objeto,Com Vítimas Feridas,Plena Noite,Crescente,Ignorado,Dupla,Curva,Não,3,0,3,0,0,0,3,1,-27.09701,-49.462887,SPRF-SC,DEL04-SC,UOP02-DEL04-SC,2025
"655953,0",2025-01-19,domingo,01:10:00,SC,101,"201,3",SAO JOSE,Reação tardia ou ineficiente do condutor,Colisão traseira,Com Vítimas Feridas,Plena Noite,Decrescente,Nublado,Múltipla,Reta,Sim,3,0,2,0,1,0,2,2,-27.54836599,-48.61977975,SPRF-SC,DEL01-SC,UOP01-DEL01-SC,2025
"655963,0",2025-01-19,domingo,03:00:00,SC,282,"21,7",SANTO AMARO DA IMPERATRIZ,Transitar na contramão,Colisão frontal,Sem Vítimas,Plena Noite,Crescente,Céu Claro,Simples,Reta,Sim,6,0,0,0,5,1,0,3,-27.68907,-48.717541,SPRF-SC,DEL01-SC,UOP02-DEL01-SC,2025
"655971,0",2025-01-19,domingo,05:35:00,SC,101,"214,3",PALHOCA,Condutor Dormindo,Colisão com objeto,Com Vítimas Feridas,Amanhecer,Crescente,Nublado,Múltipla,Reta,Sim,1,0,0,1,0,0,1,1,-27.64443,-48.67057,SPRF-SC,DEL01-SC,UOP02-DEL01-SC,2025
"656004,0",2025-01-19,domingo,07:00:00,SC,470,"20,0",ILHOTA,Manobra de mudança de faixa,Colisão lateral mesmo sentido,Com Vítimas Feridas,Pleno dia,Decrescente,Céu Claro,Dupla,Curva,Não,2,0,1,0,1,0,1,2,-26.870115,-48.820484,SPRF-SC,DEL04-SC,UOP04-DEL04-SC,2025
"656019,0",2025-01-19,domingo,10:30:00,SC,470,"10,0",NAVEGANTES,Acessar a via sem observar a presença dos outros veículos,Colisão transversal,Com Vítimas Feridas,Pleno dia,Crescente,Céu Claro,Simples,Interseção de Vias,Não,2,0,1,0,1,0,1,2,-26.833693,-48.73724,SPRF-SC,DEL04-SC,UOP04-DEL04-SC,2025
"656021,0",2025-01-19,domingo,11:10:00,SC,101,"108,7",PENHA,Reação tardia ou ineficiente do condutor,Colisão traseira,Sem Vítimas,Pleno dia,Decrescente,Céu Claro,Dupla,Reta,Não,3,0,0,0,3,0,0,3,-26.82606902,-48.69052298,SPRF-SC,DEL03-SC,UOP02-DEL03-SC,2025
"656027,0",2025-01-19,domingo,12:55:00,SC,101,"194,4",BIGUACU,Objeto estático sobre o leito carroçável,Colisão com objeto,Com Vítimas Feridas,Pleno dia,Crescente,Céu Claro,Dupla,Reta,Sim,2,0,2,0,0,0,2,1,-27.49815117,-48.65661236,SPRF-SC,DEL01-SC,UOP01-DEL01-SC,2025
"656034,0",2025-01-19,domingo,10:45:00,SC,282,"412,3",CATANDUVAS,Ausência de reação do condutor,Capotamento,Com Vítimas Feridas,Pleno dia,Decrescente,Sol,Simples,Aclive;Curva,Não,1,0,0,1,0,0,1,1,-27.05813212,-51.68372154,SPRF-SC,DEL07-SC,UOP05-DEL07-SC,2025
"656066,0",2025-01-19,domingo,15:55:00,SC,470,"139,0",RIO DO SUL,Ingestão de álcool pelo condutor,Tombamento,Com Vítimas Feridas,Pleno dia,Decrescente,Céu Claro,Simples,Reta,Sim,1,0,1,0,0,0,1,1,-27.217564,-49.65461,SPRF-SC,DEL04-SC,UOP02-DEL04-SC,2025
"656083,0",2025-01-19,domingo,13:00:00,SC,470,"115,0",IBIRAMA,Reação tardia ou ineficiente do condutor,Queda de ocupante de veículo,Com Vítimas Feridas,Pleno dia,Decrescente,Céu Claro,Simples,Curva,Não,1,0,1,0,0,0,1,1,-27.086386,-49.478001,SPRF-SC,DEL04-SC,UOP02-DEL04-SC,2025
"656086,0",2025-01-19,domingo,15:10:00,SC,280,"166,7",MAFRA,Ausência de reação do condutor,Colisão traseira,Com Vítimas Feridas,Pleno dia,Crescente,Céu Claro,Simples,Reta,Não,4,0,2,0,2,0,2,1,-26.17713619,-49.81611416,SPRF-SC,DEL06-SC,UOP01-DEL06-SC,2025
"656088,0",2025-01-19,domingo,11:45:00,SC,280,"133,0",RIO NEGRINHO,Demais falhas mecânicas ou elétricas,Incêndio,Sem Vítimas,Pleno dia,Crescente,Nublado,Simples,Declive;Reta,Não,1,0,0,0,1,0,0,1,-26.268433,-49.555073,SPRF-SC,DEL06-SC,UOP03-DEL06-SC,2025
"656108,0",2025-01-19,domingo,19:20:00,SC,282,"16,0",PALHOCA,Acessar a via sem observar a presença dos outros veículos,Colisão transversal,Com Vítimas Feridas,Plena Noite,Crescente,Nublado,Simples,Reta,Sim,2,0,1,0,1,0,1,2,-27.658611,-48.681847,SPRF-SC,DEL01-SC,UOP02-DEL01-SC,2025
"656113,0",2025-01-19,domingo,17:45:00,SC,116,"173,5",SAO CRISTOVAO DO SUL,Avarias e/ou desgaste excessivo no pneu,Capotamento,Sem Vítimas,Pleno dia,Crescente,Chuva,Simples,Curva,Não,1,0,0,0,1,0,0,1,-27.21941717,-50.46323405,SPRF-SC,DEL05-SC,UOP03-DEL05-SC,2025
"656116,0",2025-01-19,domingo,20:20:00,SC,282,"5,6",SAO JOSE,Velocidade Incompatível,Tombamento,Com Vítimas Feridas,Plena Noite,Crescente,Chuva,Múltipla,Curva;Declive,Não,3,0,2,0,1,0,2,3,-27.588425,-48.612919,SPRF-SC,DEL01-SC,UOP01-DEL01-SC,2025
"656125,0",2025-01-19,domingo,08:00:00,SC,101,"126,0",ITAJAI,Reação tardia ou ineficiente do condutor,Saída de leito carroçável,Com Vítimas Feridas,Pleno dia,Crescente,Nublado,Dupla,Curva,Não,1,0,1,0,0,0,1,1,-26.95564404,-48.67978366,SPRF-SC,DEL04-SC,UOP04-DEL04-SC,2025
"656130,0",2025-01-19,domingo,21:00:00,SC,280,"67,2",JARAGUA DO SUL,Desrespeitar a preferência no cruzamento,Colisão transversal,Com Vítimas Feridas,Plena Noite,Crescente,Nublado,Simples,Interseção de Vias,Sim,2,0,1,1,0,0,2,2,-26.4775146,-49.10363575,SPRF-SC,DEL03-SC,UOP03-DEL03-SC,2025
"656137,0",2025-01-19,domingo,22:16:00,SC,282,"5,1",SAO JOSE,Velocidade Incompatível,Colisão com objeto,Com Vítimas Feridas,Plena Noite,Decrescente,Chuva,Múltipla,Curva,Sim,1,0,1,0,0,0,1,1,-27.588425,-48.612919,SPRF-SC,DEL01-SC,UOP01-DEL01-SC,2025
"656139,0",2025-01-19,domingo,20:10:00,SC,101,"442,5",SANTA ROSA DO SUL,Reação tardia ou ineficiente do condutor,Atropelamento de Pedestre,Com Vítimas Feridas,Plena Noite,Crescente,Nublado,Múltipla,Reta,Sim,9,0,0,6,3,0,6,2,-29.132667,-49.699306,SPRF-SC,DEL02-SC,UOP02-DEL02-SC,2025
"656151,0",2025-01-19,domingo,23:00:00,SC,470,"24,0",ILHOTA,Ausência de reação do condutor,Saída de leito carroçável,Sem Vítimas,Plena Noite,Decrescente,Garoa/Chuvisco,Dupla,Reta,Não,1,0,0,0,0,1,0,1,-26.881754,-48.856251,SPRF-SC,DEL04-SC,UOP04-DEL04-SC,2025
"656164,0",2025-01-19,domingo,22:50:00,SC,101,"104,0",PENHA,Ingestão de álcool pelo condutor,Colisão com objeto,Sem Vítimas,Plena Noite,Decrescente,Nublado,Dupla,Reta,Sim,1,0,0,0,0,1,0,1,-26.79281742,-48.68080819,SPRF-SC,DEL03-SC,UOP02-DEL03-SC,2025
"656173,0",2025-01-20,segunda-feira,06:40:00,SC,101,"207,0",SAO JOSE,Reação tardia ou ineficiente do condutor,Colisão traseira,Com Vítimas Feridas,Pleno dia,Decrescente,Céu Claro,Dupla,Curva;Declive,Não,2,0,2,0,0,0,2,2,-27.60001226,-48.6226467,SPRF-SC,DEL01-SC,UOP01-DEL01-SC,2025
"656225,0",2025-01-20,segunda-feira,09:45:00,SC,282,"574,4",PINHALZINHO,Pista Escorregadia,Colisão com objeto,Com Vítimas Feridas,Pleno dia,Crescente,Garoa/Chuvisco,Simples,Reta;Aclive,Não,2,0,2,0,0,0,2,1,-26.867399,-52.965149,SPRF-SC,DEL07-SC,UOP02-DEL07-SC,2025
"656243,0",2025-01-20,segunda-feira,08:00:00,SC,282,"299,6",VARGEM,Ausência de reação do condutor,Colisão frontal,Com Vítimas Fatais,Pleno dia,Decrescente,Céu Claro,Simples,Curva,Não,4,1,2,1,0,0,3,3,-27.519346,-50.909714,SPRF-SC,DEL07-SC,UOP06-DEL07-SC,2025
"656274,0",2025-01-20,segunda-feira,14:20:00,SC,101,"201,5",SAO JOSE,Ausência de reação do condutor,Colisão traseira,Com Vítimas Feridas,Pleno dia,Crescente,Céu Claro,Dupla,Reta;Interseção de Vias,Sim,2,0,1,0,1,0,1,2,-27.54836599,-48.61977975,SPRF-SC,DEL01-SC,UOP01-DEL01-SC,2025
"656276,0",2025-01-20,segunda-feira,14:30:00,SC,101,"119,0",ITAJAI,Ausência de reação do condutor,Tombamento,Com Vítimas Feridas,Pleno dia,Crescente,Sol,Dupla,Reta,Não,1,0,1,0,0,0,1,1,-26.9043179,-48.71555481,SPRF-SC,DEL04-SC,UOP04-DEL04-SC,2025
"656277,0",2025-01-20,segunda-feira,14:40:00,SC,101,"134,0",BALNEARIO CAMBORIU,Acessar a via sem observar a presença dos outros veículos,Colisão transversal,Com Vítimas Feridas,Pleno dia,Crescente,Céu Claro,Múltipla,Reta,Sim,2,0,0,1,1,0,1,2,-27.00218,-48.636433,SPRF-SC,DEL04-SC,UOP03-DEL04-SC,2025
"656288,0",2025-01-20,segunda-feira,15:05:00,SC,282,"514,0",XAXIM,Condutor deixou de manter distância do veículo da frente,Colisão traseira,Com Vítimas Feridas,Pleno dia,Crescente,Céu Claro,Simples,Reta,Não,4,0,1,0,3,0,1,2,-26.916084,-52.49052,SPRF-SC,DEL07-SC,UOP01-DEL07-SC,2025
"656289,0",2025-01-20,segunda-feira,15:00:00,SC,280,"58,0",GUARAMIRIM,Manobra de mudança de faixa,Tombamento,Com Vítimas Feridas,Pleno dia,Decrescente,Céu Claro,Simples,Reta;Rotatória,Sim,2,0,1,0,1,0,1,2,-26.47415593,-49.021211,SPRF-SC,DEL03-SC,UOP03-DEL03-SC,2025
"656290,0",2025-01-20,segunda-feira,14:25:00,SC,153,"67,0",IRANI,Ausência de reação do condutor,Saída de leito carroçável,Com Vítimas Feridas,Pleno dia,Decrescente,Céu Claro,Simples,Aclive;Curva,Não,1,0,1,0,0,0,1,1,-27.03076753,-51.87955173,SPRF-SC,DEL07-SC,UOP04-DEL07-SC,2025
"656312,0",2025-01-20,segunda-feira,13:45:00,SC,101,"118,9",ITAJAI,Ausência de reação do condutor,Tombamento,Com Vítimas Feridas,Pleno dia,Crescente,Sol,Dupla,Reta,Não,1,0,0,1,0,0,1,1,-26.895859,-48.71903,SPRF-SC,DEL04-SC,UOP04-DEL04-SC,2025
"656320,0",2025-01-20,segunda-feira,16:55:00,SC,280,"28,0",ARAQUARI,Transitar no Acostamento,Colisão transversal,Com Vítimas Feridas,Pleno dia,Crescente,Céu Claro,Simples,Reta,Não,2,0,1,0,1,0,1,2,-26.40450077,-48.74561031,SPRF-SC,DEL03-SC,UOP03-DEL03-SC,2025
"656355,0",2025-01-20,segunda-feira,15:00:00,SC,470,"63,0",INDAIAL,Condutor deixou de manter distância do veículo da frente,Colisão traseira,Com Vítimas Feridas,Pleno dia,Decrescente,Céu Claro,Simples,Reta,Não,2,0,1,0,1,0,1,2,-26.872396,-49.19228,SPRF-SC,DEL04-SC,UOP01-DEL04-SC,2025
"656358,0",2025-01-20,segunda-feira,18:05:00,SC,101,"241,9",PALHOCA,Acumulo de areia ou detritos sobre o pavimento,Tombamento,Com Vítimas Feridas,Pleno dia,Decrescente,Nublado,Dupla,Curva,Não,2,0,1,0,1,0,1,1,-27.86671599,-48.64607012,SPRF-SC,DEL01-SC,UOP02-DEL01-SC,2025
"656364,0",2025-01-20,segunda-feira,18:30:00,SC,101,"122,0",ITAJAI,Condutor deixou de manter distância do veículo da frente,Colisão traseira,Com Vítimas Feridas,Anoitecer,Crescente,Garoa/Chuvisco,Dupla,Reta,Não,2,0,0,1,1,0,1,2,-26.92955916,-48.70499836,SPRF-SC,DEL04-SC,UOP04-DEL04-SC,2025
"656379,0",2025-01-20,segunda-feira,21:30:00,SC,101,"56,5",ARAQUARI,Entrada inopinada do pedestre,Atropelamento de Pedestre,Com Vítimas Fatais,Plena Noite,Decrescente,Céu Claro,Dupla,Reta,Não,2,1,0,0,1,0,0,2,-26.43554844,-48.81381691,SPRF-SC,DEL03-SC,UOP01-DEL03-SC,2025
"656405,0",2025-01-21,terça-feira,05:45:00,SC,153,"58,0",IRANI,Desrespeitar a preferência no cruzamento,Colisão transversal,Com Vítimas Feridas,Amanhecer,Crescente,Céu Claro,Simples,Interseção de Vias;Rotatória,Não,2,0,1,0,1,0,1,2,-26.964373,-51.841362,SPRF-SC,DEL07-SC,UOP07-DEL07-SC,2025
"656410,0",2025-01-21,terça-feira,07:30:00,SC,101,"346,8",JAGUARUNA,Ultrapassagem Indevida,Colisão lateral mesmo sentido,Com Vítimas Feridas,Pleno dia,Crescente,Céu Claro,Dupla,Reta,Não,4,0,2,0,2,0,2,2,-28.54565997,-49.05345334,SPRF-SC,DEL02-SC,UOP01-DEL02-SC,2025
"656411,0",2025-01-21,terça-feira,07:00:00,SC,101,"201,3",SAO JOSE,Acessar a via sem observar a presença dos outros veículos,Colisão transversal,Com Vítimas Feridas,Pleno dia,Crescente,Nublado,Múltipla,Reta,Sim,3,0,2,0,1,0,2,2,-27.54836599,-48.61977975,SPRF-SC,DEL01-SC,UOP01-DEL01-SC,2025
"656432,0",2025-01-21,terça-feira,07:20:00,SC,101,"210,6",SAO JOSE,Trafegar com motocicleta (ou similar) entre as faixas,Colisão lateral mesmo sentido,Com Vítimas Feridas,Pleno dia,Crescente,Céu Claro,Simples,Reta,Sim,2,0,1,0,0,1,1,2,-27.6167305,-48.6457265,SPRF-SC,DEL01-SC,UOP01-DEL01-SC,2025
"656466,0",2025-01-21,terça-feira,14:00:00,SC,101,"73,0",ARAQUARI,Ausência de reação do condutor,Queda de ocupante de veículo,Com Vítimas Feridas,Pleno dia,Decrescente,Sol,Múltipla,Reta,Não,1,0,1,0,0,0,1,1,-26.53567108,-48.71326731,SPRF-SC,DEL03-SC,UOP02-DEL03-SC,2025
"656467,0",2025-01-21,terça-feira,14:30:00,SC,101,"146,0",ITAPEMA,Reação tardia ou ineficiente do condutor,Colisão traseira,Com Vítimas Feridas,Pleno dia,Decrescente,Céu Claro,Dupla,Reta,Sim,2,0,1,0,1,0,1,1,-27.08666525,-48.60955587,SPRF-SC,DEL04-SC,UOP03-DEL04-SC,2025
"656480,0",2025-01-21,terça-feira,15:30:00,SC,101,"146,0",ITAPEMA,Ausência de reação do condutor,Colisão traseira,Com Vítimas Feridas,Pleno dia,Decrescente,Céu Claro,Dupla,Reta,Sim,2,0,1,0,1,0,1,2,-27.08666525,-48.60955587,SPRF-SC,DEL04-SC,UOP03-DEL04-SC,2025
"656502,0",2025-01-21,terça-feira,17:00:00,SC,101,"186,0",BIGUACU,Reação tardia ou ineficiente do condutor,Tombamento,Com Vítimas Feridas,Pleno dia,Decrescente,Céu Claro,Dupla,Curva,Não,2,0,2,0,0,0,2,1,-27.4341098,-48.62567129,SPRF-SC,DEL01-SC,UOP01-DEL01-SC,2025
"656520,0",2025-01-21,terça-feira,18:00:00,SC,101,"201,1",SAO JOSE,Condutor deixou de manter distância do veículo da frente,Colisão lateral mesmo sentido,Com Vítimas Feridas,Pleno dia,Crescente,Céu Claro,Múltipla,Reta,Sim,3,0,0,1,1,1,1,3,-27.54836599,-48.61977975,SPRF-SC,DEL01-SC,UOP01-DEL01-SC,2025
"656525,0",2025-01-21,terça-feira,18:40:00,SC,101,"203,8",SAO JOSE,Condutor deixou de manter distância do veículo da frente,Colisão traseira,Com Vítimas Feridas,Pleno dia,Decrescente,Céu Claro,Dupla,Reta,Sim,2,0,1,0,1,0,1,2,-27.5650044,-48.61460082,SPRF-SC,DEL01-SC,UOP01-DEL01-SC,2025
"656533,0",2025-01-21,terça-feira,19:00:00,SC,101,"208,2",SAO JOSE,Condutor deixou de manter distância do veículo da frente,Colisão traseira,Com Vítimas Feridas,Anoitecer,Crescente,Céu Claro,Dupla,Reta,Sim,3,0,0,2,1,0,2,2,-27.60327979,-48.63201818,SPRF-SC,DEL01-SC,UOP01-DEL01-SC,2025
"656545,0",2025-01-21,terça-feira,20:05:00,SC,101,"162,0",PORTO BELO,Demais falhas mecânicas ou elétricas,Incêndio,Sem Vítimas,Plena Noite,Crescente,Nublado,Dupla,Reta,Não,1,0,0,0,1,0,0,1,-27.20831288,-48.61987922,SPRF-SC,DEL04-SC,UOP03-DEL04-SC,2025
"656554,0",2025-01-21,terça-feira,14:50:00,SC,280,"289,0",PORTO UNIAO,Ingestão de álcool pelo condutor,Queda de ocupante de veículo,Com Vítimas Feridas,Pleno dia,Decrescente,Céu Claro,Simples,Reta,Não,1,0,0,1,0,0,1,1,-26.29630679,-50.91527399,SPRF-SC,DEL06-SC,UOP04-DEL06-SC,2025
"656555,0",2025-01-21,terça-feira,20:20:00,SC,101,"197,7",SAO JOSE,Condutor deixou de manter distância do veículo da frente,Colisão lateral mesmo sentido,Com Vítimas Feridas,Plena Noite,Decrescente,Nublado,Múltipla,Reta,Sim,2,0,1,0,0,1,1,2,-27.51844497,-48.63848496,SPRF-SC,DEL01-SC,UOP01-DEL01-SC,2025
"656572,0",2025-01-21,terça-feira,22:30:00,SC,116,"227,4",CORREIA PINTO,Velocidade Incompatível,Saída de leito carroçável,Com Vítimas Feridas,Plena Noite,Crescente,Céu Claro,Simples,Reta,Não,1,0,1,0,0,0,1,1,-27.63660007,-50.3395215,SPRF-SC,DEL05-SC,UOP03-DEL05-SC,2025
"656573,0",2025-01-21,terça-feira,22:40:00,SC,470,"42,0",GASPAR,Objeto estático sobre o leito carroçável,Saída de leito carroçável,Com Vítimas Feridas,Plena Noite,Crescente,Céu Claro,Dupla,Curva,Não,2,0,1,0,1,0,1,1,-26.875719,-49.003746,SPRF-SC,DEL04-SC,UOP01-DEL04-SC,2025
"656593,0",2025-01-22,quarta-feira,06:45:00,SC,101,"217,9",PALHOCA,Demais falhas mecânicas ou elétricas,Incêndio,Sem Vítimas,Pleno dia,Decrescente,Céu Claro,Dupla,Reta,Sim,1,0,0,0,1,0,0,1,-27.66779034,-48.67393586,SPRF-SC,DEL01-SC,UOP02-DEL01-SC,2025
"656619,0",2025-01-22,quarta-feira,08:40:00,SC,101,"40,7",PALHOCA,Reação tardia ou ineficiente do condutor,Colisão com objeto,Com Vítimas Feridas,Pleno dia,Decrescente,Céu Claro,Dupla,Curva,Não,1,0,0,1,0,0,1,1,-27.64984,-48.72553,SPRF-SC,DEL01-SC,UOP02-DEL01-SC,2025
"656626,0",2025-01-22,quarta-feira,07:30:00,SC,282,"368,0",ERVAL VELHO,Acessar a via sem observar a presença dos outros veículos,Colisão transversal,Com Vítimas Feridas,Pleno dia,Decrescente,Céu Claro,Simples,Interseção de Vias;Reta,Sim,6,0,2,0,4,0,2,2,-27.284508,-51.433643,SPRF-SC,DEL07-SC,UOP05-DEL07-SC,2025
"656628,0",2025-01-22,quarta-feira,08:20:00,SC,116,"32,0",ITAIOPOLIS,Ausência de reação do condutor,Saída de leito carroçável,Com Vítimas Feridas,Pleno dia,Decrescente,Sol,Simples,Reta,Não,1,0,1,0,0,0,1,1,-26.32181178,-49.97952713,SPRF-SC,DEL06-SC,UOP01-DEL06-SC,2025
"656643,0",2025-01-22,quarta-feira,11:40:00,SC,282,"4,5",FLORIANOPOLIS,Reação tardia ou ineficiente do condutor,Colisão traseira,Com Vítimas Feridas,Pleno dia,Decrescente,Céu Claro,Dupla,Reta,Sim,3,0,2,0,1,0,2,2,-27.592646,-48.604034,SPRF-SC,DEL01-SC,UOP01-DEL01-SC,2025
"656654,0",2025-01-22,quarta-feira,12:50:00,SC,470,"317,5",CAMPOS NOVOS,Demais falhas mecânicas ou elétricas,Incêndio,Sem Vítimas,Pleno dia,Crescente,Céu Claro,Simples,Reta,Sim,1,0,0,0,0,1,0,1,-27.404869,-51.206257,SPRF-SC,DEL07-SC,UOP06-DEL07-SC,2025
"656685,0",2025-01-22,quarta-feira,16:25:00,SC,480,"129,0",CHAPECO,Acesso irregular,Colisão frontal,Com Vítimas Feridas,Pleno dia,Crescente,Céu Claro,Simples,Curva,Sim,2,0,1,0,1,0,1,2,-27.03965216,-52.63510108,SPRF-SC,DEL07-SC,UOP01-DEL07-SC,2025
"656695,0",2025-01-22,quarta-feira,17:20:00,SC,470,"121,5",IBIRAMA,Transitar na contramão,Colisão frontal,Com Vítimas Feridas,Anoitecer,Crescente,Céu Claro,Dupla,Curva;Declive,Não,4,0,0,4,0,0,4,2,-27.09624249,-49.53099132,SPRF-SC,DEL04-SC,UOP02-DEL04-SC,2025
"656701,0",2025-01-22,quarta-feira,17:20:00,SC,101,"204,5",FLORIANOPOLIS,Reação tardia ou ineficiente do condutor,Colisão lateral mesmo sentido,Com Vítimas Feridas,Pleno dia,Crescente,Céu Claro,Múltipla,Reta,Sim,2,0,1,0,0,1,1,2,-27.57413014,-48.61363083,SPRF-SC,DEL01-SC,UOP01-DEL01-SC,2025
"656708,0",2025-01-22,quarta-feira,17:30:00,SC,282,"5,3",SAO JOSE,Reação tardia ou ineficiente do condutor,Colisão traseira,Sem Vítimas,Pleno dia,Crescente,Céu Claro,Dupla,Reta,Sim,2,0,0,0,1,1,0,2,-27.588425,-48.612919,SPRF-SC,DEL01-SC,UOP01-DEL01-SC,2025
"656719,0",2025-01-22,quarta-feira,19:00:00,SC,101,"215,2",PALHOCA,Acessar a via sem observar a presença dos outros veículos,Colisão lateral mesmo sentido,Com Vítimas Feridas,Anoitecer,Decrescente,Céu Claro,Dupla,Reta;Viaduto,Sim,2,0,2,0,0,0,2,2,-27.65184843,-48.67604941,SPRF-SC,DEL01-SC,UOP02-DEL01-SC,2025
"656753,0",2025-01-22,quarta-feira,21:50:00,SC,101,"205,5",SAO JOSE,Ausência de reação do condutor,Colisão traseira,Sem Vítimas,Plena Noite,Decrescente,Nublado,Simples,Reta,Sim,2,0,0,0,1,1,0,2,-27.58313237,-48.61532885,SPRF-SC,DEL01-SC,UOP01-DEL01-SC,2025
"656757,0",2025-01-22,quarta-feira,23:30:00,SC,101,"216,0",PALHOCA,Acessar a via sem observar a presença dos outros veículos,Colisão traseira,Com Vítimas Feridas,Plena Noite,Decrescente,Nublado,Simples,Interseção de Vias;Reta,Sim,3,0,0,1,0,2,1,3,-27.65981409,-48.67747798,SPRF-SC,DEL01-SC,UOP02-DEL01-SC,2025
"656777,0",2025-01-23,quinta-feira,05:50:00,SC,282,"3,8",FLORIANOPOLIS,Reação tardia ou ineficiente do condutor,Saída de leito carroçável,Sem Vítimas,Amanhecer,Crescente,Nublado,Múltipla,Curva,Sim,1,0,0,0,0,1,0,1,-27.600384,-48.599705,SPRF-SC,DEL01-SC,UOP01-DEL01-SC,2025
"656781,0",2025-01-22,quarta-feira,20:00:00,SC,280,"128,0",RIO NEGRINHO,Conversão proibida,Colisão lateral mesmo sentido,Com Vítimas Feridas,Plena Noite,Decrescente,Céu Claro,Simples,Interseção de Vias,Sim,3,0,1,0,2,0,1,2,-26.24317941,-49.51320018,SPRF-SC,DEL06-SC,UOP03-DEL06-SC,2025
"656788,0",2025-01-23,quinta-feira,07:40:00,SC,101,"218,1",PALHOCA,Demais falhas mecânicas ou elétricas,Tombamento,Com Vítimas Feridas,Pleno dia,Crescente,Céu Claro,Dupla,Reta,Sim,2,0,2,0,0,0,2,1,-27.6758601,-48.67052525,SPRF-SC,DEL01-SC,UOP02-DEL01-SC,2025