id,data_inversa,dia_semana,horario,uf,br,km,municipio,causa_acidente,tipo_acidente,classificacao_acidente,fase_dia,sentido_via,condicao_metereologica,tipo_pista,tracado_via,uso_solo,pessoas,mortos,feridos_leves,feridos_graves,ilesos,ignorados,feridos,veiculos,latitude,longitude,regional,delegacia,uop,ano_arquivo
"657834,0",2025-01-28,terça-feira,07:37:00,SC,101,"204,2",SAO JOSE,Reação tardia ou ineficiente do condutor,Tombamento,Com Vítimas Feridas,Pleno dia,Crescente,Nublado,Múltipla,Reta,Sim,1,0,1,0,0,0,1,1,-27.58313237,-48.61532885,SPRF-SC,DEL01-SC,UOP01-DEL01-SC,2025
"657844,0",2025-01-28,terça-feira,07:40:00,SC,101,"282,0",IMBITUBA,Reação tardia ou ineficiente do condutor,Colisão transversal,Com Vítimas Feridas,Pleno dia,Crescente,Céu Claro,Dupla,Rotatória,Sim,2,0,1,0,1,0,1,2,-28.19626005,-48.69739859,SPRF-SC,DEL02-SC,UOP03-DEL02-SC,2025
"657846,0",2025-01-28,terça-feira,08:40:00,SC,101,"208,3",SAO JOSE,Ausência de reação do condutor,Tombamento,Com Vítimas Feridas,Pleno dia,Decrescente,Céu Claro,Múltipla,Reta,Sim,1,0,1,0,0,0,1,1,-27.60327979,-48.63201818,SPRF-SC,DEL01-SC,UOP01-DEL01-SC,2025
"657850,0",2025-01-28,terça-feira,08:50:00,SC,101,"207,9",SAO JOSE,Reação tardia ou ineficiente do condutor,Colisão traseira,Com Vítimas Feridas,Pleno dia,Crescente,Nublado,Múltipla,Curva,Sim,2,0,0,1,1,0,1,2,-27.60001226,-48.6226467,SPRF-SC,DEL01-SC,UOP01-DEL01-SC,2025
"657854,0",2025-01-28,terça-feira,07:40:00,SC,101,"112,2",ITAJAI,Ausência de reação do condutor,Colisão lateral mesmo sentido,Com Vítimas Feridas,Pleno dia,Crescente,Nublado,Dupla,Reta,Não,2,0,1,0,1,0,1,2,-26.84589005,-48.72131295,SPRF-SC,DEL04-SC,UOP04-DEL04-SC,2025
"657860,0",2025-01-28,terça-feira,07:40:00,SC,282,"573,0",NOVA ERECHIM,Acessar a via sem observar a presença dos outros veículos,Colisão transversal,Com Vítimas Feridas,Pleno dia,Crescente,Céu Claro,Simples,Reta,Não,2,0,0,1,1,0,1,2,-26.872942,-52.956654,SPRF-SC,DEL07-SC,UOP02-DEL07-SC,2025
"657862,0",2025-01-28,terça-feira,10:30:00,SC,101,"119,5",ITAJAI,Ausência de reação do condutor,Colisão lateral mesmo sentido,Com Vítimas Feridas,Pleno dia,Crescente,Nublado,Dupla,Reta;Ponte,Não,2,0,0,1,1,0,1,2,-26.9043179,-48.71555481,SPRF-SC,DEL04-SC,UOP04-DEL04-SC,2025
"657874,0",2025-01-28,terça-feira,11:45:00,SC,101,"119,1",ITAJAI,Manobra de mudança de faixa,Colisão lateral mesmo sentido,Com Vítimas Feridas,Pleno dia,Decrescente,Nublado,Dupla,Reta,Não,2,0,0,1,1,0,1,2,-26.9043179,-48.71555481,SPRF-SC,DEL04-SC,UOP04-DEL04-SC,2025
"657899,0",2025-01-28,terça-feira,14:20:00,SC,470,"134,6",RIO DO SUL,Mal súbito do condutor,Saída de leito carroçável,Com Vítimas Feridas,Pleno dia,Crescente,Nublado,Simples,Reta,Sim,1,0,1,0,0,0,1,1,-27.17738539,-49.59373355,SPRF-SC,DEL04-SC,UOP02-DEL04-SC,2025
"657902,0",2025-01-28,terça-feira,15:15:00,SC,101,"213,1",PALHOCA,Manobra de mudança de faixa,Colisão lateral mesmo sentido,Com Vítimas Feridas,Pleno dia,Crescente,Céu Claro,Múltipla,Aclive;Reta,Não,5,0,3,0,2,0,3,2,-27.63697369,-48.66514142,SPRF-SC,DEL01-SC,UOP02-DEL01-SC,2025
"657927,0",2025-01-28,terça-feira,17:40:00,SC,280,"4,5",SAO FRANCISCO DO SUL,Ultrapassagem Indevida,Atropelamento de Pedestre,Com Vítimas Feridas,Pleno dia,Crescente,Céu Claro,Simples,Reta,Sim,2,0,1,0,1,0,1,2,-26.25329566,-48.61916042,SPRF-SC,DEL03-SC,UOP03-DEL03-SC,2025
"657931,0",2025-01-28,terça-feira,17:15:00,SC,470,"289,0",CAMPOS NOVOS,Reação tardia ou ineficiente do condutor,Colisão transversal,Sem Vítimas,Pleno dia,Crescente,Céu Claro,Simples,Reta;Interseção de Vias,Não,2,0,0,0,2,0,0,2,-27.333546,-50.95219,SPRF-SC,DEL07-SC,UOP06-DEL07-SC,2025
"657933,0",2025-01-28,terça-feira,17:20:00,SC,101,"37,0",SAO JOSE,Demais falhas mecânicas ou elétricas,Incêndio,Com Vítimas Feridas,Pleno dia,Crescente,Nublado,Dupla,Reta,Não,5,0,2,0,3,0,2,1,-27.5884,-48.6128,SPRF-SC,DEL01-SC,UOP02-DEL01-SC,2025
"657940,0",2025-01-28,terça-feira,17:00:00,SC,101,"134,0",BALNEARIO CAMBORIU,Acessar a via sem observar a presença dos outros veículos,Colisão traseira,Com Vítimas Feridas,Pleno dia,Decrescente,Céu Claro,Dupla,Interseção de Vias;Reta,Sim,2,0,1,0,1,0,1,2,-27.00239351,-48.63516033,SPRF-SC,DEL04-SC,UOP03-DEL04-SC,2025
"657941,0",2025-01-28,terça-feira,17:50:00,SC,101,"147,0",ITAPEMA,Trafegar com motocicleta (ou similar) entre as faixas,Colisão lateral mesmo sentido,Com Vítimas Feridas,Anoitecer,Decrescente,Céu Claro,Dupla,Interseção de Vias;Reta,Sim,1,0,1,0,0,0,1,1,-27.10386414,-48.61620784,SPRF-SC,DEL04-SC,UOP03-DEL04-SC,2025
"657942,0",2025-01-28,terça-feira,18:15:00,SC,101,"147,0",ITAPEMA,Reação tardia ou ineficiente do condutor,Colisão lateral mesmo sentido,Com Vítimas Feridas,Anoitecer,Decrescente,Céu Claro,Dupla,Reta,Sim,2,0,0,1,1,0,1,2,-27.09237407,-48.61730888,SPRF-SC,DEL04-SC,UOP03-DEL04-SC,2025
"657979,0",2025-01-29,quarta-feira,01:00:00,SC,101,"205,0",SAO JOSE,Ausência de reação do condutor,Colisão com objeto,Sem Vítimas,Plena Noite,Crescente,Céu Claro,Múltipla,Reta,Sim,2,0,0,0,2,0,0,1,-27.58313237,-48.61532885,SPRF-SC,DEL01-SC,UOP01-DEL01-SC,2025
"658013,0",2025-01-29,quarta-feira,08:30:00,SC,101,"156,0",PORTO BELO,Pista Escorregadia,Tombamento,Com Vítimas Feridas,Pleno dia,Decrescente,Céu Claro,Dupla,Reta;Interseção de Vias,Sim,2,0,2,0,0,0,2,1,-27.172272,-48.61170204,SPRF-SC,DEL04-SC,UOP03-DEL04-SC,2025
"658023,0",2025-01-29,quarta-feira,09:00:00,SC,282,"1,8",FLORIANOPOLIS,Trafegar com motocicleta (ou similar) entre as faixas,Colisão lateral mesmo sentido,Com Vítimas Feridas,Pleno dia,Decrescente,Chuva,Múltipla,Reta,Sim,2,0,1,0,1,0,1,2,-27.602955,-48.580509,SPRF-SC,DEL01-SC,UOP01-DEL01-SC,2025
"658036,0",2025-01-29,quarta-feira,10:08:00,SC,101,"207,5",SAO JOSE,Trafegar com motocicleta (ou similar) entre as faixas,Colisão traseira,Com Vítimas Feridas,Pleno dia,Crescente,Céu Claro,Múltipla,Aclive,Sim,3,0,1,0,2,0,1,3,-27.60001226,-48.6226467,SPRF-SC,DEL01-SC,UOP01-DEL01-SC,2025
"658061,0",2025-01-29,quarta-feira,14:08:00,SC,282,"5,0",FLORIANOPOLIS,Trafegar com motocicleta (ou similar) entre as faixas,Colisão lateral mesmo sentido,Com Vítimas Feridas,Pleno dia,Decrescente,Chuva,Múltipla,Reta,Sim,2,0,1,0,1,0,1,2,-27.588425,-48.612919,SPRF-SC,DEL01-SC,UOP01-DEL01-SC,2025
"658071,0",2025-01-29,quarta-feira,15:40:00,SC,101,"146,0",ITAPEMA,Manobra de mudança de faixa,Colisão lateral mesmo sentido,Com Vítimas Feridas,Pleno dia,Decrescente,Nublado,Múltipla,Reta,Sim,2,0,0,1,1,0,1,2,-27.08666525,-48.60955587,SPRF-SC,DEL04-SC,UOP03-DEL04-SC,2025
"658078,0",2025-01-29,quarta-feira,17:10:00,SC,280,"127,9",RIO NEGRINHO,Acessar a via sem observar a presença dos outros veículos,Colisão transversal,Com Vítimas Feridas,Pleno dia,Crescente,Nublado,Simples,Reta;Interseção de Vias,Sim,2,0,1,0,1,0,1,2,-26.23943953,-49.50420708,SPRF-SC,DEL06-SC,UOP03-DEL06-SC,2025
"658079,0",2025-01-29,quarta-feira,17:30:00,SC,101,"147,0",ITAPEMA,Condutor deixou de manter distância do veículo da frente,Colisão traseira,Com Vítimas Feridas,Pleno dia,Crescente,Nublado,Dupla,Reta,Sim,2,0,1,0,0,1,1,2,-27.09237407,-48.61730888,SPRF-SC,DEL04-SC,UOP03-DEL04-SC,2025
"658098,0",2025-01-29,quarta-feira,17:20:00,SC,282,"221,0",LAGES,Ausência de reação do condutor,Colisão traseira,Com Vítimas Feridas,Anoitecer,Crescente,Nublado,Simples,Curva,Sim,2,0,1,0,1,0,1,2,-27.79671738,-50.34521341,SPRF-SC,DEL05-SC,UOP01-DEL05-SC,2025
"658106,0",2025-01-29,quarta-feira,17:20:00,SC,480,"124,0",CHAPECO,Ingestão de álcool pelo condutor,Colisão traseira,Sem Vítimas,Pleno dia,Decrescente,Céu Claro,Dupla,Aclive;Reta,Não,2,0,0,0,2,0,0,2,-27.003155,-52.644085,SPRF-SC,DEL07-SC,UOP01-DEL07-SC,2025
"658150,0",2025-01-30,quinta-feira,05:45:00,SC,101,"182,0",GOVERNADOR CELSO RAMOS,Condutor deixou de manter distância do veículo da frente,Colisão traseira,Com Vítimas Feridas,Amanhecer,Crescente,Nublado,Múltipla,Reta;Viaduto,Sim,2,0,1,0,1,0,1,2,-27.39798985,-48.6303592,SPRF-SC,DEL01-SC,UOP01-DEL01-SC,2025
"658154,0",2025-01-29,quarta-feira,23:35:00,SC,470,"50,0",BLUMENAU,Demais falhas na via,Queda de ocupante de veículo,Com Vítimas Feridas,Pleno dia,Crescente,Céu Claro,Simples,Viaduto,Sim,2,0,2,0,0,0,2,1,-26.859768,-49.074493,SPRF-SC,DEL04-SC,UOP01-DEL04-SC,2025
"658243,0",2025-01-30,quinta-feira,15:00:00,SC,101,"146,0",ITAPEMA,Ausência de reação do condutor,Colisão traseira,Com Vítimas Feridas,Pleno dia,Decrescente,Nublado,Múltipla,Reta,Sim,3,0,1,0,2,0,1,3,-27.08666525,-48.60955587,SPRF-SC,DEL04-SC,UOP03-DEL04-SC,2025
"658260,0",2025-01-30,quinta-feira,14:30:00,SC,101,"436,8",SOMBRIO,Acessar a via sem observar a presença dos outros veículos,Colisão transversal,Com Vítimas Feridas,Pleno dia,Decrescente,Garoa/Chuvisco,Simples,Reta;Interseção de Vias;Viaduto;Declive,Não,2,0,1,0,1,0,1,2,-29.121432,-49.642754,SPRF-SC,DEL02-SC,UOP02-DEL02-SC,2025
"658273,0",2025-01-30,quinta-feira,16:20:00,SC,282,"3,1",FLORIANOPOLIS,Reação tardia ou ineficiente do condutor,Colisão lateral mesmo sentido,Com Vítimas Feridas,Pleno dia,Crescente,Céu Claro,Múltipla,Reta,Sim,2,0,1,0,1,0,1,2,-27.600384,-48.599705,SPRF-SC,DEL01-SC,UOP01-DEL01-SC,2025
"658282,0",2025-01-30,quinta-feira,18:30:00,SC,282,"211,9",LAGES,Ausência de reação do condutor,Colisão traseira,Com Vítimas Feridas,Anoitecer,Crescente,Céu Claro,Simples,Reta,Não,5,0,1,0,4,0,1,2,-27.780222,-50.241741,SPRF-SC,DEL05-SC,UOP01-DEL05-SC,2025
"658288,0",2025-01-30,quinta-feira,17:45:00,SC,101,"206,1",SAO JOSE,Reação tardia ou ineficiente do condutor,Colisão lateral mesmo sentido,Com Vítimas Feridas,Pleno dia,Decrescente,Nublado,Múltipla,Reta,Sim,3,0,1,0,0,2,1,3,-27.59193546,-48.61824557,SPRF-SC,DEL01-SC,UOP01-DEL01-SC,2025
"658289,0",2025-01-30,quinta-feira,19:05:00,SC,101,"118,1",ITAJAI,Reação tardia ou ineficiente do condutor,Colisão lateral mesmo sentido,Com Vítimas Feridas,Plena Noite,Decrescente,Céu Claro,Múltipla,Reta,Sim,2,0,1,0,1,0,1,2,-26.895859,-48.71903,SPRF-SC,DEL04-SC,UOP04-DEL04-SC,2025
"658308,0",2025-01-30,quinta-feira,22:30:00,SC,101,"211,9",PALHOCA,Manobra de mudança de faixa,Colisão traseira,Com Vítimas Feridas,Plena Noite,Decrescente,Céu Claro,Múltipla,Reta,Sim,5,0,0,3,2,0,3,3,-27.62329313,-48.65245588,SPRF-SC,DEL01-SC,UOP02-DEL01-SC,2025
"658355,0",2025-01-31,sexta-feira,07:50:00,SC,101,"329,7",TUBARAO,Condutor deixou de manter distância do veículo da frente,Colisão traseira,Com Vítimas Feridas,Pleno dia,Crescente,Nublado,Dupla,Reta,Sim,2,0,1,0,1,0,1,2,-28.45455919,-48.97907317,SPRF-SC,DEL02-SC,UOP01-DEL02-SC,2025
"658357,0",2025-01-31,sexta-feira,08:40:00,SC,470,"52,0",BLUMENAU,Acessar a via sem observar a presença dos outros veículos,Colisão transversal,Com Vítimas Feridas,Pleno dia,Decrescente,Nublado,Simples,Retorno Regulamentado;Interseção de Vias,Não,2,0,1,0,1,0,1,2,-26.862286,-49.093903,SPRF-SC,DEL04-SC,UOP01-DEL04-SC,2025
"658370,0",2025-01-31,sexta-feira,09:50:00,SC,282,"19,7",PALHOCA,Reação tardia ou ineficiente do condutor,Colisão traseira,Com Vítimas Feridas,Pleno dia,Crescente,Céu Claro,Simples,Reta,Sim,2,0,1,0,1,0,1,2,-27.678635,-48.70192,SPRF-SC,DEL01-SC,UOP02-DEL01-SC,2025
"658410,0",2025-01-31,sexta-feira,07:55:00,SC,480,"129,8",CHAPECO,Reação tardia ou ineficiente do condutor,Colisão traseira,Com Vítimas Feridas,Pleno dia,Decrescente,Céu Claro,Simples,Reta;Declive,Não,2,0,1,0,1,0,1,2,-27.04656607,-52.63577131,SPRF-SC,DEL07-SC,UOP01-DEL07-SC,2025
"658411,0",2025-01-31,sexta-feira,13:50:00,SC,101,"215,0",PALHOCA,Acessar a via sem observar a presença dos outros veículos,Colisão transversal,Com Vítimas Feridas,Pleno dia,Crescente,Sol,Múltipla,Interseção de Vias;Reta,Sim,2,0,0,1,1,0,1,2,-27.65184843,-48.67604941,SPRF-SC,DEL01-SC,UOP02-DEL01-SC,2025
"658414,0",2025-01-31,sexta-feira,10:20:00,SC,480,"131,1",CHAPECO,Reação tardia ou ineficiente do condutor,Colisão traseira,Com Vítimas Feridas,Pleno dia,Decrescente,Sol,Dupla,Curva;Aclive,Não,2,0,0,1,1,0,1,2,-27.06314223,-52.63234636,SPRF-SC,DEL07-SC,UOP01-DEL07-SC,2025
"658427,0",2025-01-31,sexta-feira,15:30:00,SC,282,"20,3",PALHOCA,Reação tardia ou ineficiente do condutor,Tombamento,Com Vítimas Feridas,Pleno dia,Decrescente,Céu Claro,Simples,Reta,Não,1,0,1,0,0,0,1,1,-27.683958,-48.71006,SPRF-SC,DEL01-SC,UOP02-DEL01-SC,2025
"658430,0",2025-01-31,sexta-feira,16:15:00,SC,101,"215,1",PALHOCA,Desrespeitar a preferência no cruzamento,Colisão lateral mesmo sentido,Com Vítimas Feridas,Pleno dia,Crescente,Céu Claro,Dupla,Declive;Reta,Não,3,0,2,0,1,0,2,2,-27.65184843,-48.67604941,SPRF-SC,DEL01-SC,UOP02-DEL01-SC,2025
"658440,0",2025-01-31,sexta-feira,15:30:00,SC,282,"16,3",PALHOCA,Acessar a via sem observar a presença dos outros veículos,Atropelamento de Pedestre,Com Vítimas Feridas,Pleno dia,Crescente,Céu Claro,Simples,Reta,Sim,2,0,1,0,1,0,1,2,-27.658611,-48.681847,SPRF-SC,DEL01-SC,UOP02-DEL01-SC,2025
"658450,0",2025-01-31,sexta-feira,17:25:00,SC,101,"204,8",SAO JOSE,Manobra de mudança de faixa,Colisão lateral mesmo sentido,Com Vítimas Feridas,Pleno dia,Crescente,Céu Claro,Dupla,Reta,Sim,2,0,0,1,1,0,1,2,-27.57413014,-48.61363083,SPRF-SC,DEL01-SC,UOP01-DEL01-SC,2025
"658453,0",2025-01-31,sexta-feira,14:30:00,SC,280,"56,0",GUARAMIRIM,Acessar a via sem observar a presença dos outros veículos,Colisão transversal,Sem Vítimas,Pleno dia,Crescente,Nublado,Múltipla,Interseção de Vias,Sim,2,0,0,0,2,0,0,2,-26.47947677,-49.00298702,SPRF-SC,DEL03-SC,UOP03-DEL03-SC,2025
"658455,0",2025-01-31,sexta-feira,14:14:00,SC,470,"24,5",ILHOTA,Ingestão de álcool pelo condutor,Capotamento,Com Vítimas Feridas,Pleno dia,Decrescente,Nublado,Dupla,Reta,Não,2,0,1,0,1,0,1,1,-26.881754,-48.856251,SPRF-SC,DEL04-SC,UOP04-DEL04-SC,2025
"658467,0",2025-01-31,sexta-feira,17:00:00,SC,101,"41,5",JOINVILLE,Trafegar com motocicleta (ou similar) entre as faixas,Colisão traseira,Com Vítimas Feridas,Pleno dia,Crescente,Chuva,Dupla,Reta;Viaduto;Declive,Sim,2,0,1,0,1,0,1,2,-26.28215489,-48.88973081,SPRF-SC,DEL03-SC,UOP01-DEL03-SC,2025
"658471,0",2025-01-31,sexta-feira,18:30:00,SC,282,"24,3",SANTO AMARO DA IMPERATRIZ,Reação tardia ou ineficiente do condutor,Colisão traseira,Com Vítimas Feridas,Anoitecer,Decrescente,Nublado,Simples,Reta,Sim,2,0,1,0,1,0,1,2,-27.68268,-48.744614,SPRF-SC,DEL01-SC,UOP03-DEL01-SC,2025
"658481,0",2025-01-31,sexta-feira,17:50:00,SC,282,"16,3",PALHOCA,Acessar a via sem observar a presença dos outros veículos,Colisão transversal,Com Vítimas Feridas,Pleno dia,Decrescente,Céu Claro,Simples,Reta,Não,3,0,2,0,1,0,2,2,-27.658611,-48.681847,SPRF-SC,DEL01-SC,UOP02-DEL01-SC,2025
"658495,0",2025-01-31,sexta-feira,20:55:00,SC,101,"210,9",SAO JOSE,Demais falhas mecânicas ou elétricas,Tombamento,Com Vítimas Feridas,Plena Noite,Crescente,Nublado,Múltipla,Reta,Sim,3,0,1,1,1,0,2,3,-27.6167305,-48.6457265,SPRF-SC,DEL01-SC,UOP01-DEL01-SC,2025
"658508,0",2025-01-31,sexta-feira,20:00:00,SC,280,"179,3",MAFRA,Ausência de reação do condutor,Colisão traseira,Sem Vítimas,Plena Noite,Decrescente,Céu Claro,Simples,Declive;Reta,Não,2,0,0,0,2,0,0,2,-26.17768641,-49.87831496,SPRF-SC,DEL06-SC,UOP01-DEL06-SC,2025
"658509,0",2025-01-31,sexta-feira,22:28:00,SC,470,"58,0",BLUMENAU,Transitar no Acostamento,Colisão frontal,Com Vítimas Feridas,Plena Noite,Crescente,Céu Claro,Simples,Desvio Temporário;Em Obras,Não,4,0,0,1,2,1,1,3,-26.883879,-49.145622,SPRF-SC,DEL04-SC,UOP01-DEL04-SC,2025
"658520,0",2025-01-31,sexta-feira,23:15:00,SC,470,"322,8",CAMPOS NOVOS,Reação tardia ou ineficiente do condutor,Saída de leito carroçável,Sem Vítimas,Plena Noite,Decrescente,Céu Claro,Simples,Reta,Não,1,0,0,0,1,0,0,1,-27.429661,-51.243233,SPRF-SC,DEL07-SC,UOP06-DEL07-SC,2025
"658533,0",2025-02-01,sábado,02:50:00,SC,116,"269,0",CAPAO ALTO,Reação tardia ou ineficiente do condutor,Saída de leito carroçável,Sem Vítimas,Plena Noite,Crescente,Nublado,Simples,Reta,Não,1,0,0,0,0,1,0,1,-27.9558374,-50.48358321,SPRF-SC,DEL05-SC,UOP02-DEL05-SC,2025
"658537,0",2025-02-01,sábado,03:40:00,SC,470,"14,0",ILHOTA,Ingestão de álcool pelo condutor,Saída de leito carroçável,Com Vítimas Feridas,Plena Noite,Decrescente,Nublado,Dupla,Curva,Não,1,0,1,0,0,0,1,1,-26.837988,-48.775795,SPRF-SC,DEL04-SC,UOP04-DEL04-SC,2025
"658540,0",2025-02-01,sábado,05:05:00,SC,101,"37,0",JOINVILLE,Animais na Pista,Atropelamento de Animal,Com Vítimas Feridas,Amanhecer,Crescente,Chuva,Dupla,Reta,Sim,1,0,1,0,0,0,1,1,-26.25050176,-48.90863867,SPRF-SC,DEL03-SC,UOP01-DEL03-SC,2025
"658551,0",2025-02-01,sábado,04:00:00,SC,282,"37,0",AGUAS MORNAS,Demais falhas mecânicas ou elétricas,Incêndio,Sem Vítimas,Plena Noite,Crescente,Céu Claro,Simples,Declive;Curva,Não,1,0,0,0,1,0,0,1,-27.707325,-48.842983,SPRF-SC,DEL01-SC,UOP03-DEL01-SC,2025
"658559,0",2025-02-01,sábado,06:10:00,SC,470,"3,8",NAVEGANTES,Velocidade Incompatível,Colisão transversal,Com Vítimas Feridas,Amanhecer,Decrescente,Nublado,Simples,Em Obras;Interseção de Vias,Sim,2,0,1,0,1,0,1,2,-26.861937,-48.681618,SPRF-SC,DEL04-SC,UOP04-DEL04-SC,2025
"658560,0",2025-02-01,sábado,07:05:00,SC,470,"129,7",LONTRAS,Condutor deixou de manter distância do veículo da frente,Colisão traseira,Com Vítimas Feridas,Pleno dia,Decrescente,Céu Claro,Simples,Reta,Sim,7,0,3,0,4,0,3,2,-27.15539307,-49.55649376,SPRF-SC,DEL04-SC,UOP02-DEL04-SC,2025
"658609,0",2025-02-01,sábado,11:05:00,SC,101,"43,8",JOINVILLE,Ausência de reação do condutor,Colisão traseira,Com Vítimas Feridas,Pleno dia,Decrescente,Nublado,Dupla,Reta,Sim,3,0,0,1,2,0,1,3,-26.33870785,-48.85914624,SPRF-SC,DEL03-SC,UOP01-DEL03-SC,2025
"658631,0",2025-02-01,sábado,13:39:00,SC,282,"1,0",FLORIANOPOLIS,Ausência de reação do condutor,Engavetamento,Com Vítimas Feridas,Pleno dia,Decrescente,Céu Claro,Múltipla,Reta,Sim,4,0,1,0,3,0,1,4,-27.602955,-48.580509,SPRF-SC,DEL01-SC,UOP01-DEL01-SC,2025
"658644,0",2025-02-01,sábado,14:30:00,SC,470,"64,0",INDAIAL,Acesso irregular,Colisão frontal,Com Vítimas Feridas,Pleno dia,Decrescente,Nublado,Simples,Reta,Não,3,0,2,1,0,0,3,2,-26.869867,-49.201859,SPRF-SC,DEL04-SC,UOP01-DEL04-SC,2025
"658652,0",2025-02-01,sábado,15:20:00,SC,470,"175,5",POUSO REDONDO,Acessar a via sem observar a presença dos outros veículos,Colisão transversal,Com Vítimas Feridas,Pleno dia,Crescente,Céu Claro,Dupla,Aclive;Reta,Não,3,0,2,1,0,0,3,2,-27.25507785,-49.94523168,SPRF-SC,DEL04-SC,UOP02-DEL04-SC,2025
"658655,0",2025-02-01,sábado,17:00:00,SC,101,"151,2",ITAPEMA,Trafegar com motocicleta (ou similar) entre as faixas,Colisão lateral mesmo sentido,Com Vítimas Feridas,Pleno dia,Crescente,Nublado,Múltipla,Reta,Sim,2,0,1,0,1,0,1,2,-27.126536,-48.609642,SPRF-SC,DEL04-SC,UOP03-DEL04-SC,2025
"658657,0",2025-02-01,sábado,17:00:00,SC,282,"92,7",ALFREDO WAGNER,Velocidade Incompatível,Saída de leito carroçável,Com Vítimas Feridas,Pleno dia,Crescente,Nublado,Simples,Curva;Declive,Não,3,0,3,0,0,0,3,1,-27.704929,-49.239353,SPRF-SC,DEL01-SC,UOP03-DEL01-SC,2025
"658671,0",2025-02-01,sábado,17:45:00,SC,470,"35,2",GASPAR,Ausência de reação do condutor,Colisão traseira,Com Vítimas Feridas,Pleno dia,Decrescente,Céu Claro,Dupla,Reta,Não,2,0,1,0,1,0,1,2,-26.912857,-48.958965,SPRF-SC,DEL04-SC,UOP01-DEL04-SC,2025
"658691,0",2025-02-01,sábado,19:55:00,SC,101,"200,0",SAO JOSE,Ingestão de álcool pelo condutor,Saída de leito carroçável,Com Vítimas Feridas,Plena Noite,Decrescente,Céu Claro,Simples,Reta,Sim,3,0,1,0,0,2,1,2,-27.54018513,-48.62287714,SPRF-SC,DEL01-SC,UOP01-DEL01-SC,2025
"658720,0",2025-02-01,sábado,23:00:00,SC,282,"19,0",PALHOCA,Chuva,Incêndio,Sem Vítimas,Plena Noite,Crescente,Céu Claro,Múltipla,Curva,Não,2,0,0,0,0,2,0,2,-27.67940471,-48.7040019,SPRF-SC,DEL01-SC,UOP02-DEL01-SC,2025
"658724,0",2025-02-01,sábado,23:45:00,SC,470,"63,0",INDAIAL,Acessar a via sem observar a presença dos outros veículos,Colisão transversal,Com Vítimas Feridas,Plena Noite,Crescente,Nublado,Dupla,Reta,Não,2,0,0,1,1,0,1,2,-26.872396,-49.19228,SPRF-SC,DEL04-SC,UOP01-DEL04-SC,2025
"658739,0",2025-02-02,domingo,03:15:00,SC,282,"514,7",XAXIM,Reação tardia ou ineficiente do condutor,Saída de leito carroçável,Sem Vítimas,Plena Noite,Crescente,Céu Claro,Simples,Curva,Não,1,0,0,0,1,0,0,1,-26.930862,-52.499157,SPRF-SC,DEL07-SC,UOP01-DEL07-SC,2025
"658750,0",2025-02-01,sábado,22:25:00,SC,163,"1,2",DIONISIO CERQUEIRA,Velocidade Incompatível,Tombamento,Sem Vítimas,Plena Noite,Decrescente,Céu Claro,Simples,Interseção de Vias;Rotatória,Sim,1,0,0,0,1,0,0,1,-26.26675538,-53.62625778,SPRF-SC,DEL07-SC,UOP03-DEL07-SC,2025
"658769,0",2025-02-02,domingo,07:25:00,SC,101,"190,7",BIGUACU,Mal súbito do condutor,Colisão com objeto,Com Vítimas Feridas,Pleno dia,Crescente,Nublado,Dupla,Reta,Sim,1,0,1,0,0,0,1,1,-27.468056,-48.641712,SPRF-SC,DEL01-SC,UOP01-DEL01-SC,2025
"658806,0",2025-02-02,domingo,12:00:00,SC,101,"424,5",ARARANGUA,Demais falhas mecânicas ou elétricas,Incêndio,Sem Vítimas,Pleno dia,Decrescente,Céu Claro,Múltipla,Reta,Não,1,0,0,0,1,0,0,1,-29.020803,-49.59121227,SPRF-SC,DEL02-SC,UOP02-DEL02-SC,2025
"658810,0",2025-02-02,domingo,12:55:00,SC,101,"113,0",ITAJAI,Demais falhas mecânicas ou elétricas,Tombamento,Com Vítimas Feridas,Pleno dia,Decrescente,Céu Claro,Múltipla,Reta,Sim,2,0,1,1,0,0,2,1,-26.85311393,-48.72689927,SPRF-SC,DEL04-SC,UOP04-DEL04-SC,2025
"658813,0",2025-02-02,domingo,12:40:00,SC,101,"348,5",JAGUARUNA,Ausência de reação do condutor,Saída de leito carroçável,Com Vítimas Feridas,Pleno dia,Decrescente,Céu Claro,Dupla,Curva,Não,1,0,0,1,0,0,1,1,-28.59356561,-49.04537201,SPRF-SC,DEL02-SC,UOP01-DEL02-SC,2025
"658851,0",2025-02-02,domingo,15:38:00,SC,282,"97,1",ALFREDO WAGNER,Transitar na contramão,Colisão frontal,Com Vítimas Feridas,Pleno dia,Decrescente,Garoa/Chuvisco,Simples,Curva,Não,4,0,1,1,2,0,2,2,-27.707966,-49.272182,SPRF-SC,DEL01-SC,UOP03-DEL01-SC,2025
"658856,0",2025-02-02,domingo,14:50:00,SC,470,"325,5",CAMPOS NOVOS,Reação tardia ou ineficiente do condutor,Saída de leito carroçável,Com Vítimas Feridas,Pleno dia,Decrescente,Sol,Simples,Retorno Regulamentado;Reta,Não,1,0,1,0,0,0,1,1,-27.44826697,-51.24710083,SPRF-SC,DEL07-SC,UOP06-DEL07-SC,2025