id,data_inversa,dia_semana,horario,uf,br,km,municipio,causa_acidente,tipo_acidente,classificacao_acidente,fase_dia,sentido_via,condicao_metereologica,tipo_pista,tracado_via,uso_solo,pessoas,mortos,feridos_leves,feridos_graves,ilesos,ignorados,feridos,veiculos,latitude,longitude,regional,delegacia,uop,ano_arquivo
"658864,0",2025-02-02,domingo,17:10:00,SC,101,"344,0",TUBARAO,Reação tardia ou ineficiente do condutor,Colisão traseira,Com Vítimas Feridas,Pleno dia,Decrescente,Garoa/Chuvisco,Múltipla,Reta,Sim,7,0,1,0,6,0,1,2,-28.53647889,-49.0531826,SPRF-SC,DEL02-SC,UOP01-DEL02-SC,2025
"658870,0",2025-02-02,domingo,14:20:00,SC,470,"341,8",CAMPOS NOVOS,Ausência de reação do condutor,Queda de ocupante de veículo,Com Vítimas Feridas,Pleno dia,Crescente,Céu Claro,Simples,Reta,Não,2,0,2,0,0,0,2,1,-27.527861,-51.380497,SPRF-SC,DEL07-SC,UOP06-DEL07-SC,2025
"658880,0",2025-02-02,domingo,19:50:00,SC,101,"208,1",SAO JOSE,Ingestão de álcool pelo condutor,Colisão transversal,Com Vítimas Feridas,Plena Noite,Decrescente,Céu Claro,Simples,Reta;Interseção de Vias,Sim,2,0,1,0,1,0,1,2,-27.60327979,-48.63201818,SPRF-SC,DEL01-SC,UOP01-DEL01-SC,2025
"658890,0",2025-02-02,domingo,18:45:00,SC,282,"585,0",PINHALZINHO,Acessar a via sem observar a presença dos outros veículos,Colisão transversal,Com Vítimas Feridas,Anoitecer,Decrescente,Céu Claro,Simples,Reta,Não,4,0,1,0,2,1,1,2,-26.830591,-53.025528,SPRF-SC,DEL07-SC,UOP02-DEL07-SC,2025
"658896,0",2025-02-02,domingo,20:00:00,SC,101,"75,2",ARAQUARI,Condutor deixou de manter distância do veículo da frente,Colisão traseira,Com Vítimas Feridas,Plena Noite,Decrescente,Nublado,Múltipla,Interseção de Vias,Não,1,0,1,0,0,0,1,1,-26.54446209,-48.71214452,SPRF-SC,DEL03-SC,UOP02-DEL03-SC,2025
"658915,0",2025-02-02,domingo,21:40:00,SC,101,"224,0",PALHOCA,Condutor deixou de manter distância do veículo da frente,Colisão traseira,Sem Vítimas,Plena Noite,Decrescente,Chuva,Dupla,Reta,Não,2,0,0,0,2,0,0,2,-27.72384789,-48.64386769,SPRF-SC,DEL01-SC,UOP02-DEL01-SC,2025
"658928,0",2025-02-02,domingo,19:45:00,SC,470,"56,0",BLUMENAU,Transitar na contramão,Colisão transversal,Sem Vítimas,Plena Noite,Crescente,Céu Claro,Dupla,Desvio Temporário;Em Obras,Sim,2,0,0,0,2,0,0,2,-26.87674,-49.127743,SPRF-SC,DEL04-SC,UOP01-DEL04-SC,2025
"658930,0",2025-02-02,domingo,22:40:00,SC,101,"204,0",SAO JOSE,Condutor deixou de manter distância do veículo da frente,Colisão traseira,Com Vítimas Feridas,Plena Noite,Decrescente,Chuva,Múltipla,Reta,Sim,2,0,1,0,1,0,1,2,-27.57413014,-48.61363083,SPRF-SC,DEL01-SC,UOP01-DEL01-SC,2025
"658956,0",2025-02-03,segunda-feira,00:35:00,SC,101,"69,5",ARAQUARI,Manobra de mudança de faixa,Colisão lateral mesmo sentido,Com Vítimas Feridas,Plena Noite,Crescente,Nublado,Dupla,Reta,Não,3,0,1,0,2,0,1,2,-26.50298009,-48.72814515,SPRF-SC,DEL03-SC,UOP02-DEL03-SC,2025
"658957,0",2025-02-03,segunda-feira,00:45:00,SC,116,"42,2",ITAIOPOLIS,Condutor Dormindo,Saída de leito carroçável,Sem Vítimas,Plena Noite,Crescente,Nublado,Simples,Reta,Não,1,0,0,0,1,0,0,1,-26.33771152,-50.07228395,SPRF-SC,DEL06-SC,UOP01-DEL06-SC,2025
"658969,0",2025-02-03,segunda-feira,05:00:00,SC,101,"436,7",SOMBRIO,Objeto estático sobre o leito carroçável,Colisão com objeto,Com Vítimas Feridas,Amanhecer,Decrescente,Céu Claro,Múltipla,Aclive,Sim,2,0,0,1,1,0,1,2,-29.12247345,-49.64481354,SPRF-SC,DEL02-SC,UOP02-DEL02-SC,2025
"658978,0",2025-02-02,domingo,22:00:00,SC,101,"111,0",ITAJAI,Ausência de reação do condutor,Saída de leito carroçável,Sem Vítimas,Plena Noite,Crescente,Nublado,Dupla,Reta,Não,1,0,0,0,0,1,0,1,-26.83955734,-48.71418074,SPRF-SC,DEL04-SC,UOP04-DEL04-SC,2025
"658991,0",2025-02-03,segunda-feira,08:00:00,SC,101,"216,8",PALHOCA,Acesso irregular,Colisão traseira,Com Vítimas Feridas,Pleno dia,Decrescente,Nublado,Simples,Reta,Sim,2,0,0,1,1,0,1,2,-27.65981409,-48.67747798,SPRF-SC,DEL01-SC,UOP02-DEL01-SC,2025
"658995,0",2025-01-26,domingo,21:25:00,SC,101,"79,8",ARAQUARI,Manobra de mudança de faixa,Colisão lateral mesmo sentido,Com Vítimas Feridas,Plena Noite,Crescente,Céu Claro,Múltipla,Reta,Não,3,0,1,0,0,2,1,3,-26.58559601,-48.72192112,SPRF-SC,DEL03-SC,UOP02-DEL03-SC,2025
"658998,0",2025-02-03,segunda-feira,06:00:00,SC,282,"530,5",CORDILHEIRA ALTA,Ingestão de álcool pelo condutor,Saída de leito carroçável,Sem Vítimas,Amanhecer,Decrescente,Céu Claro,Simples,Curva,Não,1,0,0,0,0,1,0,1,-26.986555,-52.60524,SPRF-SC,DEL07-SC,UOP01-DEL07-SC,2025
"659043,0",2025-02-03,segunda-feira,12:20:00,SC,101,"113,1",ITAJAI,Reação tardia ou ineficiente do condutor,Colisão traseira,Com Vítimas Feridas,Pleno dia,Decrescente,Céu Claro,Múltipla,Reta,Sim,2,0,1,0,1,0,1,2,-26.85311393,-48.72689927,SPRF-SC,DEL04-SC,UOP04-DEL04-SC,2025
"659055,0",2025-02-03,segunda-feira,14:20:00,SC,101,"334,0",TUBARAO,Acessar a via sem observar a presença dos outros veículos,Colisão transversal,Com Vítimas Feridas,Pleno dia,Decrescente,Nublado,Múltipla,Reta,Sim,2,0,1,0,1,0,1,2,-28.46730446,-49.00604302,SPRF-SC,DEL02-SC,UOP01-DEL02-SC,2025
"659058,0",2025-02-03,segunda-feira,14:15:00,SC,101,"216,0",PALHOCA,Transitar na contramão,Colisão frontal,Com Vítimas Feridas,Pleno dia,Crescente,Nublado,Dupla,Reta,Sim,2,0,1,0,1,0,1,2,-27.65981409,-48.67747798,SPRF-SC,DEL01-SC,UOP02-DEL01-SC,2025
"659066,0",2025-02-03,segunda-feira,12:10:00,SC,101,"463,0",PASSO DE TORRES,Velocidade Incompatível,Saída de leito carroçável,Com Vítimas Feridas,Pleno dia,Decrescente,Sol,Dupla,Rotatória,Não,2,0,1,0,1,0,1,1,-29.29422149,-49.76343155,SPRF-RS,DEL03-RS,UOP02-DEL03-RS,2025
"659098,0",2025-02-03,segunda-feira,13:44:00,SC,280,"128,4",RIO NEGRINHO,Conversão proibida,Colisão lateral mesmo sentido,Com Vítimas Feridas,Pleno dia,Decrescente,Céu Claro,Simples,Reta;Declive,Sim,2,0,1,0,1,0,1,2,-26.24458931,-49.51730132,SPRF-SC,DEL06-SC,UOP03-DEL06-SC,2025
"659106,0",2025-02-03,segunda-feira,14:45:00,SC,282,"598,0",CUNHA PORA,Condutor Dormindo,Saída de leito carroçável,Com Vítimas Feridas,Pleno dia,Crescente,Céu Claro,Simples,Reta,Não,2,0,2,0,0,0,2,1,-26.825783,-53.147213,SPRF-SC,DEL07-SC,UOP02-DEL07-SC,2025
"659126,0",2025-02-03,segunda-feira,20:15:00,SC,101,"247,0",PAULO LOPES,Manobra de mudança de faixa,Colisão traseira,Com Vítimas Feridas,Plena Noite,Crescente,Garoa/Chuvisco,Dupla,Retorno Regulamentado;Reta,Não,2,0,2,0,0,0,2,2,-27.918808,-48.654187,SPRF-SC,DEL02-SC,UOP03-DEL02-SC,2025
"659127,0",2025-02-03,segunda-feira,17:20:00,SC,282,"439,6",IRANI,Velocidade Incompatível,Saída de leito carroçável,Com Vítimas Feridas,Pleno dia,Crescente,Sol,Simples,Reta,Não,1,0,1,0,0,0,1,1,-26.95015243,-51.85821533,SPRF-SC,DEL07-SC,UOP04-DEL07-SC,2025
"659135,0",2025-02-03,segunda-feira,18:00:00,SC,282,"137,0",BOM RETIRO,Ausência de reação do condutor,Colisão com objeto,Com Vítimas Feridas,Anoitecer,Decrescente,Chuva,Simples,Rotatória,Sim,3,0,0,1,2,0,1,1,-27.8218,-49.567032,SPRF-SC,DEL05-SC,UOP01-DEL05-SC,2025
"659144,0",2025-02-03,segunda-feira,19:50:00,SC,280,"80,8",CORUPA,Acessar a via sem observar a presença dos outros veículos,Colisão frontal,Com Vítimas Feridas,Plena Noite,Crescente,Garoa/Chuvisco,Simples,Reta,Sim,3,0,2,0,0,1,2,2,-26.44412189,-49.20975187,SPRF-SC,DEL06-SC,UOP03-DEL06-SC,2025
"659148,0",2025-02-03,segunda-feira,23:50:00,SC,101,"211,0",PALHOCA,Ausência de reação do condutor,Colisão com objeto,Com Vítimas Feridas,Plena Noite,Decrescente,Nublado,Múltipla,Reta,Sim,1,0,0,1,0,0,1,1,-27.62329313,-48.65245588,SPRF-SC,DEL01-SC,UOP02-DEL01-SC,2025
"659149,0",2025-02-04,terça-feira,00:20:00,SC,101,"251,0",PAULO LOPES,Demais falhas mecânicas ou elétricas,Queda de ocupante de veículo,Sem Vítimas,Plena Noite,Crescente,Nublado,Dupla,Reta,Não,1,0,0,0,1,0,0,1,-27.9490242,-48.67206568,SPRF-SC,DEL02-SC,UOP03-DEL02-SC,2025
"659155,0",2025-02-04,terça-feira,01:30:00,SC,282,"55,8",RANCHO QUEIMADO,Avarias e/ou desgaste excessivo no pneu,Saída de leito carroçável,Sem Vítimas,Plena Noite,Crescente,Nublado,Simples,Curva,Não,1,0,0,0,1,0,0,1,-27.689514,-48.982376,SPRF-SC,DEL01-SC,UOP03-DEL01-SC,2025
"659167,0",2025-02-04,terça-feira,06:40:00,SC,282,"5,0",SAO JOSE,Reação tardia ou ineficiente do condutor,Colisão traseira,Com Vítimas Feridas,Pleno dia,Decrescente,Céu Claro,Dupla,Reta;Viaduto,Sim,3,0,1,0,2,0,1,3,-27.588425,-48.612919,SPRF-SC,DEL01-SC,UOP01-DEL01-SC,2025
"659182,0",2025-02-04,terça-feira,08:35:00,SC,101,"215,5",PALHOCA,Reação tardia ou ineficiente do condutor,Colisão traseira,Com Vítimas Feridas,Pleno dia,Decrescente,Sol,Múltipla,Reta;Aclive,Sim,2,0,0,1,1,0,1,2,-27.65184843,-48.67604941,SPRF-SC,DEL01-SC,UOP02-DEL01-SC,2025
"659196,0",2025-02-04,terça-feira,08:15:00,SC,101,"214,3",PALHOCA,Condutor deixou de manter distância do veículo da frente,Colisão traseira,Com Vítimas Feridas,Pleno dia,Decrescente,Sol,Múltipla,Reta,Sim,4,0,0,3,1,0,3,3,-27.64443,-48.67057,SPRF-SC,DEL01-SC,UOP02-DEL01-SC,2025
"659197,0",2025-02-04,terça-feira,07:50:00,SC,101,"214,2",PALHOCA,Trafegar com motocicleta (ou similar) entre as faixas,Colisão traseira,Com Vítimas Feridas,Pleno dia,Decrescente,Céu Claro,Múltipla,Reta,Não,5,0,4,0,1,0,4,4,-27.64443,-48.67057,SPRF-SC,DEL01-SC,UOP02-DEL01-SC,2025
"659207,0",2025-02-04,terça-feira,10:45:00,SC,101,"204,9",SAO JOSE,Reação tardia ou ineficiente do condutor,Colisão lateral mesmo sentido,Com Vítimas Feridas,Pleno dia,Crescente,Céu Claro,Múltipla,Reta,Sim,2,0,1,0,1,0,1,2,-27.57413014,-48.61363083,SPRF-SC,DEL01-SC,UOP01-DEL01-SC,2025
"659224,0",2025-02-04,terça-feira,09:10:00,SC,101,"153,0",PORTO BELO,Condutor deixou de manter distância do veículo da frente,Colisão traseira,Com Vítimas Feridas,Pleno dia,Crescente,Céu Claro,Dupla,Rotatória,Não,2,0,1,0,1,0,1,2,-27.144717,-48.61063935,SPRF-SC,DEL04-SC,UOP03-DEL04-SC,2025
"659225,0",2025-02-04,terça-feira,12:45:00,SC,101,"118,0",ITAJAI,Condutor deixou de manter distância do veículo da frente,Colisão lateral mesmo sentido,Com Vítimas Feridas,Pleno dia,Crescente,Céu Claro,Dupla,Reta,Sim,2,0,1,0,1,0,1,2,-26.895859,-48.71903,SPRF-SC,DEL04-SC,UOP04-DEL04-SC,2025
"659234,0",2025-02-04,terça-feira,11:30:00,SC,101,"331,0",TUBARAO,Condutor deixou de manter distância do veículo da frente,Colisão traseira,Com Vítimas Feridas,Pleno dia,Decrescente,Sol,Dupla,Viaduto,Sim,2,0,0,1,1,0,1,2,-28.46580169,-48.99546146,SPRF-SC,DEL02-SC,UOP01-DEL02-SC,2025
"659243,0",2025-02-04,terça-feira,10:15:00,SC,101,"322,7",PESCARIA BRAVA,Reação tardia ou ineficiente do condutor,Colisão traseira,Com Vítimas Feridas,Pleno dia,Crescente,Céu Claro,Dupla,Reta;Em Obras,Sim,5,0,3,1,1,0,4,4,-28.42896787,-48.92231226,SPRF-SC,DEL02-SC,UOP01-DEL02-SC,2025
"659317,0",2025-02-04,terça-feira,22:30:00,SC,101,"212,9",PALHOCA,Reação tardia ou ineficiente do condutor,Colisão com objeto,Com Vítimas Feridas,Plena Noite,Crescente,Nublado,Múltipla,Reta,Sim,1,0,1,0,0,0,1,1,-27.62996929,-48.65903871,SPRF-SC,DEL01-SC,UOP02-DEL01-SC,2025
"659320,0",2025-02-04,terça-feira,22:10:00,SC,282,"220,0",LAGES,Reação tardia ou ineficiente do condutor,Colisão com objeto,Com Vítimas Feridas,Plena Noite,Decrescente,Nublado,Simples,Rotatória,Sim,1,0,1,0,0,0,1,1,-27.794014,-50.33363,SPRF-SC,DEL05-SC,UOP01-DEL05-SC,2025
"659323,0",2025-02-04,terça-feira,19:15:00,SC,101,"314,2",LAGUNA,Avarias e/ou desgaste excessivo no pneu,Tombamento,Com Vítimas Feridas,Plena Noite,Decrescente,Céu Claro,Dupla,Reta,Não,2,0,0,2,0,0,2,1,-28.43626885,-48.84086095,SPRF-SC,DEL02-SC,UOP01-DEL02-SC,2025
"659326,0",2025-02-04,terça-feira,23:15:00,SC,101,"198,8",BIGUACU,Ausência de reação do condutor,Colisão lateral mesmo sentido,Com Vítimas Feridas,Plena Noite,Decrescente,Nublado,Múltipla,Reta,Sim,1,0,1,0,0,0,1,1,-27.52658712,-48.63506019,SPRF-SC,DEL01-SC,UOP01-DEL01-SC,2025
"659332,0",2025-02-05,quarta-feira,01:05:00,SC,280,"231,5",CANOINHAS,Reação tardia ou ineficiente do condutor,Colisão com objeto,Com Vítimas Feridas,Plena Noite,Crescente,Nublado,Simples,Reta,Sim,2,0,2,0,0,0,2,1,-26.1893047,-50.37170989,SPRF-SC,DEL06-SC,UOP04-DEL06-SC,2025
"659338,0",2025-02-05,quarta-feira,04:30:00,SC,470,"58,5",BLUMENAU,Acesso irregular,Colisão lateral sentido oposto,Com Vítimas Feridas,Plena Noite,Decrescente,Céu Claro,Simples,Declive,Não,2,0,1,0,1,0,1,2,-26.883879,-49.145622,SPRF-SC,DEL04-SC,UOP01-DEL04-SC,2025
"659342,0",2025-02-04,terça-feira,20:15:00,SC,470,"176,9",POUSO REDONDO,Acessar a via sem observar a presença dos outros veículos,Colisão transversal,Com Vítimas Feridas,Plena Noite,Decrescente,Garoa/Chuvisco,Simples,Rotatória,Sim,2,0,1,0,1,0,1,2,-27.247908,-49.977165,SPRF-SC,DEL04-SC,UOP02-DEL04-SC,2025
"659350,0",2025-02-05,quarta-feira,06:55:00,SC,282,"33,0",AGUAS MORNAS,Acessar a via sem observar a presença dos outros veículos,Colisão transversal,Com Vítimas Feridas,Pleno dia,Decrescente,Céu Claro,Simples,Curva,Sim,2,0,0,1,1,0,1,2,-27.706587,-48.808144,SPRF-SC,DEL01-SC,UOP03-DEL01-SC,2025
"659374,0",2025-02-05,quarta-feira,09:00:00,SC,101,"124,0",ITAJAI,Reação tardia ou ineficiente do condutor,Colisão lateral mesmo sentido,Com Vítimas Feridas,Pleno dia,Crescente,Céu Claro,Múltipla,Reta;Interseção de Vias,Não,3,0,1,0,2,0,1,2,-26.94335064,-48.69198648,SPRF-SC,DEL04-SC,UOP04-DEL04-SC,2025
"659377,0",2025-02-05,quarta-feira,09:25:00,SC,282,"2,9",FLORIANOPOLIS,Manobra de mudança de faixa,Colisão lateral mesmo sentido,Com Vítimas Feridas,Pleno dia,Decrescente,Céu Claro,Múltipla,Reta,Sim,3,0,1,0,2,0,1,2,-27.603289,-48.590416,SPRF-SC,DEL01-SC,UOP01-DEL01-SC,2025
"659392,0",2025-02-02,domingo,06:00:00,SC,116,"216,9",PONTE ALTA,Ausência de reação do condutor,Saída de leito carroçável,Com Vítimas Feridas,Amanhecer,Decrescente,Nublado,Simples,Curva,Não,2,0,1,0,0,1,1,2,-27.54634396,-50.3770563,SPRF-SC,DEL05-SC,UOP03-DEL05-SC,2025
"659393,0",2025-02-05,quarta-feira,08:00:00,SC,101,"40,0",JOINVILLE,Desrespeitar a preferência no cruzamento,Colisão transversal,Com Vítimas Feridas,Pleno dia,Crescente,Nublado,Dupla,Interseção de Vias,Sim,2,0,1,0,1,0,1,2,-26.3104775,-48.87789488,SPRF-SC,DEL03-SC,UOP01-DEL03-SC,2025
"659430,0",2025-02-05,quarta-feira,13:50:00,SC,101,"199,0",BIGUACU,Reação tardia ou ineficiente do condutor,Colisão traseira,Com Vítimas Feridas,Pleno dia,Decrescente,Céu Claro,Múltipla,Reta,Sim,2,0,0,1,1,0,1,2,-27.53413705,-48.63003205,SPRF-SC,DEL01-SC,UOP01-DEL01-SC,2025
"659443,0",2025-02-05,quarta-feira,12:05:00,SC,163,"106,0",SAO JOSE DO CEDRO,Ausência de reação do condutor,Colisão traseira,Com Vítimas Feridas,Pleno dia,Crescente,Céu Claro,Dupla,Reta;Aclive,Sim,2,0,1,0,1,0,1,2,-26.43752707,-53.51693708,SPRF-SC,DEL07-SC,UOP03-DEL07-SC,2025
"659448,0",2025-02-05,quarta-feira,15:00:00,SC,282,"522,7",XAXIM,Reação tardia ou ineficiente do condutor,Saída de leito carroçável,Com Vítimas Feridas,Pleno dia,Decrescente,Céu Claro,Simples,Interseção de Vias;Rotatória,Sim,1,0,1,0,0,0,1,1,-26.963129,-52.548851,SPRF-SC,DEL07-SC,UOP01-DEL07-SC,2025
"659470,0",2025-02-05,quarta-feira,17:50:00,SC,101,"355,5",SANGAO,Demais falhas mecânicas ou elétricas,Saída de leito carroçável,Com Vítimas Feridas,Pleno dia,Crescente,Céu Claro,Dupla,Aclive;Reta,Não,1,0,1,0,0,0,1,1,-28.62380715,-49.07828489,SPRF-SC,DEL02-SC,UOP01-DEL02-SC,2025
"659483,0",2025-02-05,quarta-feira,17:45:00,SC,280,"14,9",SAO FRANCISCO DO SUL,Manobra de mudança de faixa,Colisão frontal,Com Vítimas Feridas,Pleno dia,Decrescente,Nublado,Simples,Reta,Não,3,0,3,0,0,0,3,2,-26.3301861,-48.65148076,SPRF-SC,DEL03-SC,UOP03-DEL03-SC,2025
"659501,0",2025-02-05,quarta-feira,19:10:00,SC,282,"446,0",PONTE SERRADA,Ingestão de álcool pelo condutor,Colisão frontal,Com Vítimas Feridas,Anoitecer,Crescente,Nublado,Dupla,Curva;Declive,Não,6,0,2,0,4,0,2,2,-26.910217,-51.914951,SPRF-SC,DEL07-SC,UOP04-DEL07-SC,2025
"659504,0",2025-02-05,quarta-feira,22:10:00,SC,470,"59,0",BLUMENAU,Acesso irregular,Colisão com objeto,Com Vítimas Feridas,Plena Noite,Decrescente,Garoa/Chuvisco,Dupla,Em Obras;Reta,Não,1,0,1,0,0,0,1,1,-26.882812,-49.1548,SPRF-SC,DEL04-SC,UOP01-DEL04-SC,2025
"659520,0",2025-02-06,quinta-feira,04:00:00,SC,101,"249,0",PAULO LOPES,Ausência de reação do condutor,Queda de ocupante de veículo,Com Vítimas Feridas,Plena Noite,Crescente,Céu Claro,Dupla,Reta,Não,1,0,1,0,0,0,1,1,-27.93414102,-48.66237393,SPRF-SC,DEL02-SC,UOP03-DEL02-SC,2025
"659521,0",2025-02-05,quarta-feira,16:15:00,SC,101,"282,6",IMBITUBA,Avarias e/ou desgaste excessivo no pneu,Queda de ocupante de veículo,Com Vítimas Feridas,Pleno dia,Crescente,Céu Claro,Dupla,Reta,Sim,1,0,1,0,0,0,1,1,-28.19626005,-48.69739859,SPRF-SC,DEL02-SC,UOP03-DEL02-SC,2025
"659535,0",2025-02-06,quinta-feira,07:10:00,SC,470,"60,3",BLUMENAU,Acessar a via sem observar a presença dos outros veículos,Colisão transversal,Com Vítimas Feridas,Pleno dia,Decrescente,Garoa/Chuvisco,Simples,Retorno Regulamentado,Não,2,0,1,0,1,0,1,2,-26.88138,-49.164543,SPRF-SC,DEL04-SC,UOP01-DEL04-SC,2025
"659536,0",2025-02-05,quarta-feira,17:00:00,SC,280,"128,0",RIO NEGRINHO,Transitar na contramão,Colisão transversal,Com Vítimas Feridas,Pleno dia,Decrescente,Chuva,Simples,Reta,Sim,2,0,1,0,1,0,1,2,-26.24317941,-49.51320018,SPRF-SC,DEL06-SC,UOP03-DEL06-SC,2025
"659550,0",2025-02-06,quinta-feira,07:50:00,SC,470,"146,0",RIO DO SUL,Trafegar com motocicleta (ou similar) entre as faixas,Colisão lateral mesmo sentido,Com Vítimas Feridas,Pleno dia,Decrescente,Nublado,Simples,Reta,Não,2,0,1,0,0,1,1,2,-27.240673,-49.685822,SPRF-SC,DEL04-SC,UOP02-DEL04-SC,2025
"659568,0",2025-02-06,quinta-feira,10:25:00,SC,280,"170,0",MAFRA,Condutor deixou de manter distância do veículo da frente,Colisão traseira,Sem Vítimas,Pleno dia,Crescente,Nublado,Simples,Interseção de Vias,Sim,3,0,0,0,3,0,0,3,-26.14357962,-49.81201773,SPRF-SC,DEL06-SC,UOP01-DEL06-SC,2025
"659577,0",2025-02-06,quinta-feira,10:20:00,SC,101,"127,0",ITAJAI,Trafegar com motocicleta (ou similar) entre as faixas,Colisão lateral mesmo sentido,Com Vítimas Feridas,Pleno dia,Decrescente,Garoa/Chuvisco,Dupla,Reta,Não,2,0,1,0,1,0,1,2,-26.9639319,-48.68328024,SPRF-SC,DEL04-SC,UOP04-DEL04-SC,2025
"659579,0",2025-02-06,quinta-feira,11:00:00,SC,101,"158,0",PORTO BELO,Velocidade Incompatível,Tombamento,Com Vítimas Feridas,Pleno dia,Crescente,Chuva,Dupla,Retorno Regulamentado,Sim,1,0,1,0,0,0,1,1,-27.19096301,-48.61259017,SPRF-SC,DEL04-SC,UOP03-DEL04-SC,2025
"659586,0",2025-02-06,quinta-feira,12:00:00,SC,101,"149,0",ITAPEMA,Ausência de reação do condutor,Queda de ocupante de veículo,Com Vítimas Feridas,Pleno dia,Decrescente,Garoa/Chuvisco,Múltipla,Reta,Sim,1,0,1,0,0,0,1,1,-27.1089649,-48.61277586,SPRF-SC,DEL04-SC,UOP03-DEL04-SC,2025
"659614,0",2025-02-06,quinta-feira,13:30:00,SC,101,"65,0",ARAQUARI,Demais falhas mecânicas ou elétricas,Queda de ocupante de veículo,Com Vítimas Feridas,Pleno dia,Decrescente,Nublado,Múltipla,Reta,Não,1,0,1,0,0,0,1,1,-26.47135714,-48.74457217,SPRF-SC,DEL03-SC,UOP02-DEL03-SC,2025
"659615,0",2025-02-06,quinta-feira,10:15:00,SC,282,"191,1",LAGES,Reação tardia ou ineficiente do condutor,Colisão traseira,Com Vítimas Feridas,Pleno dia,Crescente,Sol,Simples,Aclive;Reta,Não,4,0,2,0,2,0,2,2,-27.739349,-50.046421,SPRF-SC,DEL05-SC,UOP01-DEL05-SC,2025
"659623,0",2025-02-06,quinta-feira,14:45:00,SC,101,"118,0",ITAJAI,Condutor deixou de manter distância do veículo da frente,Colisão traseira,Com Vítimas Feridas,Pleno dia,Decrescente,Céu Claro,Dupla,Reta,Não,2,0,0,1,1,0,1,2,-26.895859,-48.71903,SPRF-SC,DEL04-SC,UOP04-DEL04-SC,2025
"659637,0",2025-01-11,sábado,05:00:00,SC,116,"145,0",SANTA CECILIA,Acessar a via sem observar a presença dos outros veículos,Colisão transversal,Com Vítimas Feridas,Amanhecer,Decrescente,Ignorado,Simples,Reta,Não,2,0,1,0,1,0,1,2,-26.9952408,-50.40782997,SPRF-SC,DEL06-SC,UOP02-DEL06-SC,2025
"659644,0",2025-02-06,quinta-feira,17:40:00,SC,101,"120,0",ITAJAI,Trafegar com motocicleta (ou similar) entre as faixas,Colisão lateral mesmo sentido,Com Vítimas Feridas,Pleno dia,Decrescente,Nublado,Dupla,Reta,Não,2,0,1,0,1,0,1,2,-26.912758,-48.711998,SPRF-SC,DEL04-SC,UOP04-DEL04-SC,2025
"659656,0",2025-02-06,quinta-feira,17:10:00,SC,101,"328,0",CAPIVARI DE BAIXO,Acumulo de água sobre o pavimento,Tombamento,Com Vítimas Feridas,Pleno dia,Decrescente,Chuva,Múltipla,Aclive,Não,1,0,1,0,0,0,1,1,-28.44741173,-48.96863937,SPRF-SC,DEL02-SC,UOP01-DEL02-SC,2025
"659666,0",2025-02-06,quinta-feira,16:44:00,SC,116,"17,0",MAFRA,Conversão proibida,Tombamento,Com Vítimas Fatais,Pleno dia,Decrescente,Nublado,Simples,Interseção de Vias;Reta,Não,4,1,0,0,3,0,0,2,-26.21817159,-49.88919497,SPRF-SC,DEL06-SC,UOP01-DEL06-SC,2025
"659667,0",2025-02-06,quinta-feira,18:50:00,SC,101,"137,0",BALNEARIO CAMBORIU,Avarias e/ou desgaste excessivo no pneu,Saída de leito carroçável,Com Vítimas Feridas,Anoitecer,Crescente,Nublado,Dupla,Reta,Sim,2,0,1,0,1,0,1,1,-27.0157238,-48.61192763,SPRF-SC,DEL04-SC,UOP03-DEL04-SC,2025
"659690,0",2025-02-06,quinta-feira,00:30:00,SC,280,"298,0",PORTO UNIAO,Ingestão de álcool pelo condutor,Saída de leito carroçável,Com Vítimas Feridas,Plena Noite,Crescente,Nublado,Simples,Reta,Não,2,0,1,0,1,0,1,1,-26.28153973,-51.00136008,SPRF-SC,DEL06-SC,UOP04-DEL06-SC,2025
"659692,0",2025-02-06,quinta-feira,19:40:00,SC,101,"87,5",BARRA VELHA,Pedestre cruzava a pista fora da faixa,Atropelamento de Pedestre,Com Vítimas Feridas,Plena Noite,Decrescente,Céu Claro,Dupla,Reta;Aclive,Sim,2,0,0,1,1,0,1,2,-26.64157075,-48.69035482,SPRF-SC,DEL03-SC,UOP02-DEL03-SC,2025
"659695,0",2025-02-06,quinta-feira,20:40:00,SC,163,"72,6",SAO MIGUEL DO OESTE,Velocidade Incompatível,Saída de leito carroçável,Com Vítimas Feridas,Plena Noite,Crescente,Garoa/Chuvisco,Dupla,Reta,Sim,5,0,1,1,0,3,2,2,-26.71579042,-53.51612091,SPRF-SC,DEL07-SC,UOP03-DEL07-SC,2025
"659708,0",2025-02-06,quinta-feira,11:40:00,SC,101,"339,2",TUBARAO,Desrespeitar a preferência no cruzamento,Colisão transversal,Com Vítimas Feridas,Pleno dia,Crescente,Céu Claro,Dupla,Interseção de Vias;Viaduto,Sim,3,0,2,0,1,0,2,2,-28.5069828,-49.04996932,SPRF-SC,DEL02-SC,UOP01-DEL02-SC,2025