id,data_inversa,dia_semana,horario,uf,br,km,municipio,causa_acidente,tipo_acidente,classificacao_acidente,fase_dia,sentido_via,condicao_metereologica,tipo_pista,tracado_via,uso_solo,pessoas,mortos,feridos_leves,feridos_graves,ilesos,ignorados,feridos,veiculos,latitude,longitude,regional,delegacia,uop,ano_arquivo
"660699,0",2025-02-11,terça-feira,10:57:00,SC,163,"66,0",SAO MIGUEL DO OESTE,Acessar a via sem observar a presença dos outros veículos,Colisão transversal,Com Vítimas Feridas,Pleno dia,Crescente,Céu Claro,Dupla,Reta;Aclive,Sim,2,0,1,0,1,0,1,2,-26.76829633,-53.50019222,SPRF-SC,DEL07-SC,UOP03-DEL07-SC,2025
"660700,0",2025-02-11,terça-feira,08:30:00,SC,101,"395,5",MARACAJA,Demais falhas mecânicas ou elétricas,Incêndio,Sem Vítimas,Pleno dia,Crescente,Céu Claro,Dupla,Reta;Aclive,Sim,1,0,0,0,1,0,0,1,-28.83264391,-49.41588163,SPRF-SC,DEL02-SC,UOP02-DEL02-SC,2025
"660703,0",2025-02-11,terça-feira,12:30:00,SC,280,"71,0",JARAGUA DO SUL,Acessar a via sem observar a presença dos outros veículos,Colisão transversal,Com Vítimas Feridas,Pleno dia,Crescente,Céu Claro,Simples,Reta,Sim,3,0,1,0,2,0,1,2,-26.46151693,-49.13480597,SPRF-SC,DEL03-SC,UOP03-DEL03-SC,2025
"660734,0",2025-02-11,terça-feira,14:10:00,SC,101,"208,2",SAO JOSE,Manobra de mudança de faixa,Colisão lateral mesmo sentido,Com Vítimas Feridas,Pleno dia,Crescente,Sol,Múltipla,Reta;Interseção de Vias,Sim,5,0,1,0,4,0,1,2,-27.60327979,-48.63201818,SPRF-SC,DEL01-SC,UOP01-DEL01-SC,2025
"660737,0",2025-02-11,terça-feira,13:40:00,SC,163,"68,8",SAO MIGUEL DO OESTE,Condutor deixou de manter distância do veículo da frente,Colisão traseira,Sem Vítimas,Pleno dia,Crescente,Céu Claro,Dupla,Reta,Sim,2,0,0,0,2,0,0,2,-26.74285102,-53.50088596,SPRF-SC,DEL07-SC,UOP03-DEL07-SC,2025
"660759,0",2025-01-10,sexta-feira,14:15:00,SC,101,"226,4",PALHOCA,Acessar a via sem observar a presença dos outros veículos,Colisão com objeto,Com Vítimas Feridas,Pleno dia,Crescente,Céu Claro,Dupla,Reta,Sim,6,0,3,2,0,1,5,3,-27.74200001,-48.63806504,SPRF-SC,DEL01-SC,UOP02-DEL01-SC,2025
"660772,0",2025-02-11,terça-feira,17:30:00,SC,116,"199,1",PONTE ALTA,Reação tardia ou ineficiente do condutor,Saída de leito carroçável,Com Vítimas Feridas,Pleno dia,Crescente,Sol,Simples,Curva;Aclive,Não,2,0,1,0,0,1,1,2,-27.42102791,-50.41128862,SPRF-SC,DEL05-SC,UOP03-DEL05-SC,2025
"660784,0",2025-02-11,terça-feira,17:50:00,SC,280,"133,9",RIO NEGRINHO,Reação tardia ou ineficiente do condutor,Colisão com objeto,Sem Vítimas,Pleno dia,Crescente,Céu Claro,Simples,Curva,Sim,2,0,0,0,2,0,0,1,-26.268433,-49.555073,SPRF-SC,DEL06-SC,UOP03-DEL06-SC,2025
"660790,0",2025-02-11,terça-feira,18:30:00,SC,101,"208,8",SAO JOSE,Reação tardia ou ineficiente do condutor,Queda de ocupante de veículo,Com Vítimas Feridas,Anoitecer,Crescente,Céu Claro,Múltipla,Reta,Sim,3,0,2,0,0,1,2,2,-27.60327979,-48.63201818,SPRF-SC,DEL01-SC,UOP01-DEL01-SC,2025
"660813,0",2025-02-11,terça-feira,18:40:00,SC,163,"122,0",DIONISIO CERQUEIRA,Ausência de reação do condutor,Saída de leito carroçável,Com Vítimas Feridas,Anoitecer,Crescente,Céu Claro,Simples,Reta,Não,1,0,1,0,0,0,1,1,-26.29183751,-53.55534554,SPRF-SC,DEL07-SC,UOP03-DEL07-SC,2025
"660844,0",2025-02-12,quarta-feira,06:30:00,SC,101,"228,9",PALHOCA,Ausência de reação do condutor,Colisão frontal,Com Vítimas Feridas,Pleno dia,Crescente,Céu Claro,Múltipla,Reta;Interseção de Vias;Aclive,Não,1,0,1,0,0,0,1,1,-27.7597249,-48.63078869,SPRF-SC,DEL01-SC,UOP02-DEL01-SC,2025
"660846,0",2025-02-12,quarta-feira,07:10:00,SC,101,"214,6",PALHOCA,Reação tardia ou ineficiente do condutor,Colisão traseira,Com Vítimas Feridas,Pleno dia,Decrescente,Céu Claro,Simples,Reta,Sim,2,0,1,0,1,0,1,2,-27.64443,-48.67057,SPRF-SC,DEL01-SC,UOP02-DEL01-SC,2025
"660862,0",2025-02-12,quarta-feira,07:35:00,SC,101,"203,1",SAO JOSE,Condutor deixou de manter distância do veículo da frente,Colisão traseira,Com Vítimas Feridas,Pleno dia,Decrescente,Céu Claro,Dupla,Curva;Rotatória,Sim,3,0,2,0,1,0,2,2,-27.5650044,-48.61460082,SPRF-SC,DEL01-SC,UOP01-DEL01-SC,2025
"660905,0",2025-02-12,quarta-feira,11:50:00,SC,101,"200,0",SAO JOSE,Acessar a via sem observar a presença dos outros veículos,Colisão transversal,Com Vítimas Feridas,Pleno dia,Decrescente,Céu Claro,Dupla,Interseção de Vias;Declive;Reta,Não,2,0,1,0,1,0,1,2,-27.54018513,-48.62287714,SPRF-SC,DEL01-SC,UOP01-DEL01-SC,2025
"660916,0",2025-02-12,quarta-feira,13:29:00,SC,280,"52,0",GUARAMIRIM,Desrespeitar a preferência no cruzamento,Colisão transversal,Com Vítimas Feridas,Pleno dia,Crescente,Sol,Simples,Interseção de Vias,Sim,2,0,1,0,1,0,1,2,-26.468904,-48.96492,SPRF-SC,DEL03-SC,UOP03-DEL03-SC,2025
"660934,0",2025-02-12,quarta-feira,14:40:00,SC,101,"201,7",SAO JOSE,Manobra de mudança de faixa,Colisão lateral mesmo sentido,Com Vítimas Feridas,Pleno dia,Decrescente,Nublado,Múltipla,Reta,Sim,2,0,1,0,1,0,1,2,-27.54836599,-48.61977975,SPRF-SC,DEL01-SC,UOP01-DEL01-SC,2025
"660983,0",2025-02-12,quarta-feira,18:10:00,SC,470,"137,0",RIO DO SUL,Ultrapassagem Indevida,Colisão transversal,Com Vítimas Feridas,Plena Noite,Crescente,Chuva,Simples,Curva;Interseção de Vias,Sim,2,0,1,0,1,0,1,2,-27.203201,-49.635063,SPRF-SC,DEL04-SC,UOP02-DEL04-SC,2025
"660989,0",2025-02-12,quarta-feira,17:00:00,SC,280,"99,0",SAO BENTO DO SUL,Ausência de reação do condutor,Tombamento,Com Vítimas Feridas,Pleno dia,Crescente,Céu Claro,Simples,Curva,Não,1,0,1,0,0,0,1,1,-26.37531616,-49.32563746,SPRF-SC,DEL06-SC,UOP03-DEL06-SC,2025
"661019,0",2025-02-12,quarta-feira,22:15:00,SC,282,"490,9",FAXINAL DOS GUEDES,Transitar na contramão,Colisão frontal,Com Vítimas Fatais,Plena Noite,Decrescente,Chuva,Simples,Reta,Não,4,1,1,2,0,0,3,2,-26.87361406,-52.28061497,SPRF-SC,DEL07-SC,UOP01-DEL07-SC,2025
"661046,0",2025-02-13,quinta-feira,07:00:00,SC,280,"27,4",ARAQUARI,Condutor deixou de manter distância do veículo da frente,Colisão traseira,Com Vítimas Feridas,Pleno dia,Crescente,Céu Claro,Simples,Em Obras;Reta,Sim,2,0,1,0,1,0,1,2,-26.39685622,-48.74021969,SPRF-SC,DEL03-SC,UOP03-DEL03-SC,2025
"661053,0",2025-02-10,segunda-feira,21:10:00,SC,101,"276,0",IMBITUBA,Acumulo de areia ou detritos sobre o pavimento,Queda de ocupante de veículo,Com Vítimas Feridas,Plena Noite,Crescente,Céu Claro,Múltipla,Reta;Interseção de Vias,Sim,1,0,1,0,0,0,1,1,-28.14644701,-48.69204746,SPRF-SC,DEL02-SC,UOP03-DEL02-SC,2025
"661076,0",2025-02-13,quinta-feira,08:40:00,SC,101,"92,8",BARRA VELHA,Demais falhas mecânicas ou elétricas,Tombamento,Com Vítimas Feridas,Pleno dia,Decrescente,Nublado,Múltipla,Reta,Não,2,0,0,2,0,0,2,1,-26.6806041,-48.6931497,SPRF-SC,DEL03-SC,UOP02-DEL03-SC,2025
"661098,0",2025-02-02,domingo,12:58:00,SC,470,"54,6",BLUMENAU,Acessar a via sem observar a presença dos outros veículos,Colisão transversal,Com Vítimas Feridas,Pleno dia,Crescente,Céu Claro,Simples,Interseção de Vias,Não,2,0,1,0,1,0,1,2,-26.871065,-49.110374,SPRF-SC,DEL04-SC,UOP01-DEL04-SC,2025
"661101,0",2025-02-13,quinta-feira,10:00:00,SC,101,"149,0",ITAPEMA,Reação tardia ou ineficiente do condutor,Colisão traseira,Com Vítimas Feridas,Pleno dia,Decrescente,Céu Claro,Simples,Reta,Sim,2,0,0,1,0,1,1,2,-27.1089649,-48.61277586,SPRF-SC,DEL04-SC,UOP03-DEL04-SC,2025
"661102,0",2025-02-09,domingo,05:07:00,SC,282,"524,2",XAXIM,Ingestão de álcool pelo condutor,Colisão frontal,Com Vítimas Feridas,Amanhecer,Crescente,Céu Claro,Simples,Curva;Declive,Não,6,0,3,2,0,1,5,3,-26.9638631,-52.55902827,SPRF-SC,DEL07-SC,UOP01-DEL07-SC,2025
"661110,0",2025-02-13,quinta-feira,09:20:00,SC,101,"421,0",ARARANGUA,Condutor deixou de manter distância do veículo da frente,Colisão traseira,Com Vítimas Feridas,Pleno dia,Crescente,Nublado,Dupla,Reta,Não,9,0,1,0,8,0,1,2,-29.00048611,-49.5576719,SPRF-SC,DEL02-SC,UOP02-DEL02-SC,2025
"661120,0",2025-02-13,quinta-feira,15:00:00,SC,282,"40,0",AGUAS MORNAS,Acesso irregular,Colisão frontal,Com Vítimas Feridas,Pleno dia,Decrescente,Garoa/Chuvisco,Simples,Reta,Sim,3,0,1,1,1,0,2,2,-27.716148,-48.869583,SPRF-SC,DEL01-SC,UOP03-DEL01-SC,2025
"661136,0",2025-02-13,quinta-feira,15:30:00,SC,101,"121,2",ITAJAI,Reação tardia ou ineficiente do condutor,Colisão traseira,Com Vítimas Feridas,Pleno dia,Crescente,Nublado,Dupla,Reta,Sim,2,0,1,0,1,0,1,2,-26.92103178,-48.70856446,SPRF-SC,DEL04-SC,UOP04-DEL04-SC,2025
"661165,0",2025-02-13,quinta-feira,18:40:00,SC,101,"103,4",BALNEARIO PICARRAS,Manobra de mudança de faixa,Tombamento,Com Vítimas Feridas,Anoitecer,Crescente,Chuva,Dupla,Reta,Sim,2,0,1,0,0,1,1,2,-26.7832381,-48.68314632,SPRF-SC,DEL03-SC,UOP02-DEL03-SC,2025
"661178,0",2025-02-13,quinta-feira,15:15:00,SC,280,"26,8",ARAQUARI,Transitar na contramão,Colisão transversal,Com Vítimas Feridas,Pleno dia,Decrescente,Céu Claro,Simples,Reta,Sim,2,0,1,0,1,0,1,2,-26.38972308,-48.73411593,SPRF-SC,DEL03-SC,UOP03-DEL03-SC,2025
"661179,0",2025-02-13,quinta-feira,09:30:00,SC,280,"31,2",ARAQUARI,Acessar a via sem observar a presença dos outros veículos,Colisão transversal,Com Vítimas Feridas,Pleno dia,Decrescente,Céu Claro,Simples,Reta,Sim,2,0,1,0,1,0,1,2,-26.41649938,-48.77181215,SPRF-SC,DEL03-SC,UOP03-DEL03-SC,2025
"661192,0",2025-02-13,quinta-feira,21:00:00,SC,280,"51,3",GUARAMIRIM,Ausência de reação do condutor,Colisão traseira,Sem Vítimas,Plena Noite,Decrescente,Chuva,Dupla,Reta,Não,2,0,0,0,2,0,0,2,-26.46538871,-48.95544449,SPRF-SC,DEL03-SC,UOP03-DEL03-SC,2025
"661193,0",2025-02-13,quinta-feira,21:53:00,SC,101,"136,4",BALNEARIO CAMBORIU,Manobra de mudança de faixa,Atropelamento de Pedestre,Com Vítimas Feridas,Plena Noite,Crescente,Nublado,Dupla,Reta,Sim,3,0,1,0,0,2,1,2,-27.008113,-48.617245,SPRF-SC,DEL04-SC,UOP03-DEL04-SC,2025
"661196,0",2025-02-13,quinta-feira,22:15:00,SC,282,"605,0",MARAVILHA,Velocidade Incompatível,Colisão lateral sentido oposto,Sem Vítimas,Plena Noite,Decrescente,Céu Claro,Simples,Reta,Não,2,0,0,0,2,0,0,2,-26.786951,-53.195248,SPRF-SC,DEL07-SC,UOP02-DEL07-SC,2025
"661197,0",2025-02-13,quinta-feira,16:30:00,SC,280,"23,0",ARAQUARI,Reação tardia ou ineficiente do condutor,Atropelamento de Pedestre,Com Vítimas Feridas,Pleno dia,Crescente,Nublado,Simples,Rotatória;Interseção de Vias,Sim,2,0,1,0,1,0,1,2,-26.37152895,-48.7122041,SPRF-SC,DEL03-SC,UOP03-DEL03-SC,2025
"661201,0",2025-02-13,quinta-feira,21:40:00,SC,101,"350,0",JAGUARUNA,Chuva,Queda de ocupante de veículo,Com Vítimas Feridas,Plena Noite,Decrescente,Céu Claro,Dupla,Reta,Não,1,0,0,1,0,0,1,1,-28.58988203,-49.04517307,SPRF-SC,DEL02-SC,UOP01-DEL02-SC,2025
"661234,0",2025-02-14,sexta-feira,07:30:00,SC,101,"155,0",PORTO BELO,Ultrapassagem Indevida,Colisão traseira,Com Vítimas Feridas,Pleno dia,Crescente,Céu Claro,Múltipla,Viaduto,Não,2,0,0,1,1,0,1,2,-27.16292,-48.61129,SPRF-SC,DEL04-SC,UOP03-DEL04-SC,2025
"661240,0",2025-02-14,sexta-feira,07:45:00,SC,101,"3,7",ARARANGUA,Acessar a via sem observar a presença dos outros veículos,Colisão transversal,Com Vítimas Feridas,Pleno dia,Crescente,Nublado,Simples,Rotatória,Sim,2,0,1,0,1,0,1,2,-28.94972462,-49.50714111,SPRF-SC,DEL03-SC,UOP01-DEL03-SC,2025
"661253,0",2025-01-09,quinta-feira,21:50:00,SC,101,"66,0",ARAQUARI,Objeto estático sobre o leito carroçável,Colisão com objeto,Com Vítimas Feridas,Plena Noite,Crescente,Nublado,Múltipla,Curva,Não,1,0,1,0,0,0,1,1,-26.478474,-48.73863,SPRF-SC,DEL03-SC,UOP02-DEL03-SC,2025
"661265,0",2025-02-14,sexta-feira,10:45:00,SC,101,"41,0",JOINVILLE,Reação tardia ou ineficiente do condutor,Colisão traseira,Com Vítimas Feridas,Pleno dia,Decrescente,Céu Claro,Dupla,Curva,Sim,2,0,1,0,1,0,1,2,-26.28215489,-48.88973081,SPRF-SC,DEL03-SC,UOP01-DEL03-SC,2025
"661276,0",2025-02-14,sexta-feira,10:05:00,SC,280,"80,6",CORUPA,Ausência de reação do condutor,Tombamento,Com Vítimas Feridas,Pleno dia,Crescente,Céu Claro,Simples,Em Obras;Reta;Interseção de Vias,Sim,1,0,1,0,0,0,1,1,-26.44412189,-49.20975187,SPRF-SC,DEL06-SC,UOP03-DEL06-SC,2025
"661277,0",2025-02-14,sexta-feira,10:30:00,SC,282,"524,0",XAXIM,Acessar a via sem observar a presença dos outros veículos,Colisão transversal,Sem Vítimas,Pleno dia,Crescente,Céu Claro,Simples,Curva,Não,2,0,0,0,2,0,0,2,-26.965002,-52.557384,SPRF-SC,DEL07-SC,UOP01-DEL07-SC,2025
"661282,0",2025-02-14,sexta-feira,11:45:00,SC,282,"64,9",RANCHO QUEIMADO,Velocidade Incompatível,Saída de leito carroçável,Com Vítimas Feridas,Pleno dia,Crescente,Nublado,Simples,Curva;Declive,Não,2,0,1,1,0,0,2,1,-27.696323,-49.052456,SPRF-SC,DEL01-SC,UOP03-DEL01-SC,2025
"661293,0",2025-02-14,sexta-feira,11:20:00,SC,101,"123,0",ITAJAI,Ausência de reação do condutor,Engavetamento,Sem Vítimas,Pleno dia,Decrescente,Céu Claro,Dupla,Reta,Não,4,0,0,0,2,2,0,3,-26.93668609,-48.69876905,SPRF-SC,DEL04-SC,UOP04-DEL04-SC,2025
"661322,0",2025-02-14,sexta-feira,15:55:00,SC,101,"205,4",SAO JOSE,Condutor deixou de manter distância do veículo da frente,Colisão traseira,Com Vítimas Feridas,Pleno dia,Crescente,Nublado,Múltipla,Reta,Sim,2,0,2,0,0,0,2,2,-27.58313237,-48.61532885,SPRF-SC,DEL01-SC,UOP01-DEL01-SC,2025
"661332,0",2025-02-14,sexta-feira,15:00:00,SC,101,"38,0",JOINVILLE,Desrespeitar a preferência no cruzamento,Colisão transversal,Com Vítimas Feridas,Pleno dia,Decrescente,Céu Claro,Dupla,Interseção de Vias,Sim,3,0,1,0,2,0,1,2,-26.25472505,-48.90561309,SPRF-SC,DEL03-SC,UOP01-DEL03-SC,2025
"661356,0",2025-02-14,sexta-feira,17:30:00,SC,101,"162,0",TIJUCAS,Condutor deixou de manter distância do veículo da frente,Colisão traseira,Com Vítimas Feridas,Pleno dia,Crescente,Céu Claro,Dupla,Reta,Sim,3,0,3,0,0,0,3,2,-27.22554009,-48.6279367,SPRF-SC,DEL04-SC,UOP03-DEL04-SC,2025
"661362,0",2025-02-14,sexta-feira,19:15:00,SC,280,"46,2",GUARAMIRIM,Acessar a via sem observar a presença dos outros veículos,Colisão lateral mesmo sentido,Com Vítimas Feridas,Plena Noite,Decrescente,Nublado,Simples,Reta;Aclive;Interseção de Vias,Não,2,0,0,1,1,0,1,2,-26.45314994,-48.91018867,SPRF-SC,DEL03-SC,UOP03-DEL03-SC,2025
"661397,0",2025-02-14,sexta-feira,19:00:00,SC,470,"123,1",IBIRAMA,Ingestão de álcool pelo condutor,Queda de ocupante de veículo,Com Vítimas Feridas,Plena Noite,Decrescente,Céu Claro,Simples,Reta;Declive,Sim,1,0,0,1,0,0,1,1,-27.10729664,-49.52278376,SPRF-SC,DEL04-SC,UOP02-DEL04-SC,2025
"661405,0",2025-02-14,sexta-feira,08:45:00,SC,101,"121,0",ITAJAI,Reação tardia ou ineficiente do condutor,Queda de ocupante de veículo,Com Vítimas Feridas,Pleno dia,Crescente,Céu Claro,Dupla,Reta,Não,1,0,1,0,0,0,1,1,-26.92103178,-48.70856446,SPRF-SC,DEL04-SC,UOP04-DEL04-SC,2025
"661408,0",2025-02-14,sexta-feira,19:45:00,SC,101,"118,0",ITAJAI,Desrespeitar a preferência no cruzamento,Colisão transversal,Com Vítimas Feridas,Pleno dia,Crescente,Céu Claro,Simples,Curva;Rotatória;Interseção de Vias;Viaduto,Não,2,0,1,0,1,0,1,2,-26.895859,-48.71903,SPRF-SC,DEL04-SC,UOP04-DEL04-SC,2025
"661418,0",2025-02-14,sexta-feira,22:30:00,SC,101,"210,0",SAO JOSE,Condutor deixou de manter distância do veículo da frente,Colisão traseira,Com Vítimas Feridas,Plena Noite,Decrescente,Chuva,Simples,Reta,Sim,4,0,1,0,2,1,1,2,-27.6167305,-48.6457265,SPRF-SC,DEL01-SC,UOP01-DEL01-SC,2025
"661423,0",2025-02-14,sexta-feira,22:20:00,SC,280,"128,0",RIO NEGRINHO,Desrespeitar a preferência no cruzamento,Colisão transversal,Com Vítimas Feridas,Plena Noite,Crescente,Céu Claro,Simples,Interseção de Vias,Sim,2,0,2,0,0,0,2,2,-26.24317941,-49.51320018,SPRF-SC,DEL06-SC,UOP03-DEL06-SC,2025
"661426,0",2025-02-14,sexta-feira,23:15:00,SC,101,"63,0",ARAQUARI,Reação tardia ou ineficiente do condutor,Tombamento,Com Vítimas Feridas,Plena Noite,Decrescente,Nublado,Dupla,Reta,Não,1,0,1,0,0,0,1,1,-26.45898367,-48.7584088,SPRF-SC,DEL03-SC,UOP02-DEL03-SC,2025
"661427,0",2025-02-14,sexta-feira,22:30:00,SC,282,"144,8",BOM RETIRO,Acessar a via sem observar a presença dos outros veículos,Colisão transversal,Com Vítimas Feridas,Plena Noite,Decrescente,Nublado,Simples,Reta,Não,4,0,0,1,3,0,1,2,-27.802912,-49.632038,SPRF-SC,DEL05-SC,UOP01-DEL05-SC,2025
"661436,0",2025-02-14,sexta-feira,23:20:00,SC,282,"480,0",FAXINAL DOS GUEDES,Reação tardia ou ineficiente do condutor,Saída de leito carroçável,Com Vítimas Feridas,Plena Noite,Crescente,Nublado,Simples,Reta;Rotatória,Não,3,0,3,0,0,0,3,1,-26.87817221,-52.18823433,SPRF-SC,DEL07-SC,UOP01-DEL07-SC,2025
"661453,0",2025-02-15,sábado,01:10:00,SC,101,"230,0",PALHOCA,Ausência de reação do condutor,Saída de leito carroçável,Sem Vítimas,Plena Noite,Decrescente,Chuva,Dupla,Aclive;Reta,Não,1,0,0,0,1,0,0,1,-27.77781898,-48.63489608,SPRF-SC,DEL01-SC,UOP02-DEL01-SC,2025
"661463,0",2025-02-15,sábado,05:00:00,SC,101,"35,0",JOINVILLE,Demais falhas mecânicas ou elétricas,Queda de ocupante de veículo,Com Vítimas Feridas,Amanhecer,Decrescente,Céu Claro,Dupla,Reta,Sim,1,0,1,0,0,0,1,1,-26.2411301,-48.91227415,SPRF-SC,DEL03-SC,UOP01-DEL03-SC,2025
"661468,0",2025-02-15,sábado,05:00:00,SC,282,"2,8",FLORIANOPOLIS,Ausência de reação do condutor,Colisão com objeto,Sem Vítimas,Amanhecer,Decrescente,Chuva,Múltipla,Reta,Sim,2,0,0,0,1,1,0,1,-27.603289,-48.590416,SPRF-SC,DEL01-SC,UOP01-DEL01-SC,2025
"661471,0",2025-02-15,sábado,04:30:00,SC,470,"165,9",TROMBUDO CENTRAL,Velocidade Incompatível,Saída de leito carroçável,Com Vítimas Feridas,Plena Noite,Decrescente,Céu Claro,Simples,Curva,Não,1,0,1,0,0,0,1,1,-27.27663,-49.845661,SPRF-SC,DEL04-SC,UOP02-DEL04-SC,2025
"661472,0",2025-02-15,sábado,02:00:00,SC,101,"149,0",ITAPEMA,Chuva,Tombamento,Com Vítimas Feridas,Plena Noite,Crescente,Chuva,Múltipla,Reta,Sim,1,0,1,0,0,0,1,1,-27.1089649,-48.61277586,SPRF-SC,DEL04-SC,UOP03-DEL04-SC,2025
"661475,0",2025-02-15,sábado,06:40:00,SC,101,"202,7",SAO JOSE,Ausência de reação do condutor,Colisão com objeto,Com Vítimas Feridas,Pleno dia,Decrescente,Céu Claro,Simples,Reta,Sim,3,0,1,0,2,0,1,3,-27.55711595,-48.61897889,SPRF-SC,DEL01-SC,UOP01-DEL01-SC,2025
"661496,0",2025-02-15,sábado,06:00:00,SC,282,"592,0",SAUDADES,Ingestão de álcool pelo condutor,Tombamento,Sem Vítimas,Amanhecer,Crescente,Nublado,Simples,Interseção de Vias,Não,1,0,0,0,1,0,0,1,-26.825869,-53.091843,SPRF-SC,DEL07-SC,UOP02-DEL07-SC,2025
"661500,0",2025-02-15,sábado,09:20:00,SC,282,"371,9",ERVAL VELHO,Conversão proibida,Colisão traseira,Com Vítimas Feridas,Pleno dia,Crescente,Céu Claro,Simples,Reta,Não,2,0,1,0,1,0,1,2,-27.259993,-51.442684,SPRF-SC,DEL07-SC,UOP05-DEL07-SC,2025
"661505,0",2025-02-15,sábado,10:30:00,SC,280,"25,2",ARAQUARI,Acessar a via sem observar a presença dos outros veículos,Colisão transversal,Com Vítimas Feridas,Pleno dia,Crescente,Céu Claro,Simples,Reta;Interseção de Vias,Sim,2,0,0,1,1,0,1,2,-26.38352781,-48.72677516,SPRF-SC,DEL03-SC,UOP03-DEL03-SC,2025
"661525,0",2025-02-15,sábado,13:00:00,SC,280,"29,2",ARAQUARI,Transitar na contramão,Colisão transversal,Sem Vítimas,Pleno dia,Decrescente,Céu Claro,Simples,Reta,Não,2,0,0,0,2,0,0,2,-26.41199932,-48.75480831,SPRF-SC,DEL03-SC,UOP03-DEL03-SC,2025
"661527,0",2025-02-15,sábado,13:00:00,SC,101,"132,0",BALNEARIO CAMBORIU,Ausência de reação do condutor,Engavetamento,Com Vítimas Feridas,Pleno dia,Crescente,Céu Claro,Dupla,Reta,Sim,3,0,1,0,2,0,1,3,-26.99654133,-48.65564711,SPRF-SC,DEL04-SC,UOP03-DEL04-SC,2025
"661560,0",2025-02-15,sábado,13:20:00,SC,280,"5,8",SAO FRANCISCO DO SUL,Ingestão de álcool pelo condutor,Colisão frontal,Com Vítimas Feridas,Pleno dia,Decrescente,Céu Claro,Simples,Reta,Não,2,0,1,0,1,0,1,2,-26.26011706,-48.62571995,SPRF-SC,DEL03-SC,UOP03-DEL03-SC,2025
"661562,0",2025-02-15,sábado,16:05:00,SC,101,"195,2",BIGUACU,Avarias e/ou desgaste excessivo no pneu,Tombamento,Com Vítimas Feridas,Pleno dia,Crescente,Céu Claro,Dupla,Reta,Sim,2,0,2,0,0,0,2,1,-27.5047092,-48.65010819,SPRF-SC,DEL01-SC,UOP01-DEL01-SC,2025
"661563,0",2025-02-15,sábado,15:20:00,SC,101,"140,0",BALNEARIO CAMBORIU,Reação tardia ou ineficiente do condutor,Colisão traseira,Sem Vítimas,Pleno dia,Crescente,Céu Claro,Múltipla,Reta,Não,2,0,0,0,2,0,0,2,-27.03881189,-48.60025148,SPRF-SC,DEL04-SC,UOP03-DEL04-SC,2025
"661572,0",2025-02-15,sábado,15:40:00,SC,101,"205,2",SAO JOSE,Reação tardia ou ineficiente do condutor,Tombamento,Com Vítimas Feridas,Pleno dia,Crescente,Nublado,Múltipla,Curva,Sim,1,0,0,1,0,0,1,1,-27.58488559,-48.6164546,SPRF-SC,DEL01-SC,UOP01-DEL01-SC,2025
"661589,0",2025-02-15,sábado,17:00:00,SC,282,"68,5",RANCHO QUEIMADO,Velocidade Incompatível,Saída de leito carroçável,Com Vítimas Feridas,Pleno dia,Crescente,Chuva,Simples,Curva;Declive,Não,6,0,3,2,1,0,5,1,-27.692406,-49.075939,SPRF-SC,DEL01-SC,UOP03-DEL01-SC,2025
"661603,0",2025-02-15,sábado,19:30:00,SC,101,"315,1",LAGUNA,Acessar a via sem observar a presença dos outros veículos,Colisão frontal,Com Vítimas Feridas,Plena Noite,Decrescente,Chuva,Dupla,Interseção de Vias,Sim,3,0,1,0,2,0,1,2,-28.43552413,-48.8343121,SPRF-SC,DEL02-SC,UOP01-DEL02-SC,2025
"661605,0",2025-02-15,sábado,19:55:00,SC,282,"207,6",LAGES,Reação tardia ou ineficiente do condutor,Saída de leito carroçável,Com Vítimas Feridas,Plena Noite,Decrescente,Chuva,Simples,Reta;Declive,Sim,1,0,1,0,0,0,1,1,-27.773464,-50.202095,SPRF-SC,DEL05-SC,UOP01-DEL05-SC,2025
"661610,0",2025-02-15,sábado,19:30:00,SC,116,"10,9",MAFRA,Ingestão de álcool pelo condutor,Saída de leito carroçável,Com Vítimas Feridas,Plena Noite,Decrescente,Garoa/Chuvisco,Simples,Curva;Declive,Não,1,0,1,0,0,0,1,1,-26.17794162,-49.85986233,SPRF-SC,DEL06-SC,UOP01-DEL06-SC,2025
"661621,0",2025-02-15,sábado,20:50:00,SC,101,"323,0",CAPIVARI DE BAIXO,Demais falhas mecânicas ou elétricas,Incêndio,Sem Vítimas,Pleno dia,Crescente,Chuva,Múltipla,Curva;Declive,Não,3,0,0,0,3,0,0,1,-28.42789556,-48.91248313,SPRF-SC,DEL02-SC,UOP01-DEL02-SC,2025
"661624,0",2025-02-15,sábado,20:30:00,SC,282,"508,3",XANXERE,Ingestão de álcool pelo condutor,Colisão frontal,Sem Vítimas,Plena Noite,Decrescente,Nublado,Simples,Reta,Não,2,0,0,0,2,0,0,2,-26.887014,-52.448372,SPRF-SC,DEL07-SC,UOP01-DEL07-SC,2025
"661630,0",2025-02-15,sábado,22:00:00,SC,101,"45,8",JOINVILLE,Demais falhas mecânicas ou elétricas,Queda de ocupante de veículo,Com Vítimas Feridas,Plena Noite,Crescente,Chuva,Dupla,Curva,Não,1,0,0,1,0,0,1,1,-26.36015027,-48.85893703,SPRF-SC,DEL03-SC,UOP01-DEL03-SC,2025