id,data_inversa,dia_semana,horario,uf,br,km,municipio,causa_acidente,tipo_acidente,classificacao_acidente,fase_dia,sentido_via,condicao_metereologica,tipo_pista,tracado_via,uso_solo,pessoas,mortos,feridos_leves,feridos_graves,ilesos,ignorados,feridos,veiculos,latitude,longitude,regional,delegacia,uop,ano_arquivo
"661631,0",2025-02-15,sábado,22:00:00,SC,280,"68,0",JARAGUA DO SUL,Ingestão de álcool pelo condutor,Colisão frontal,Com Vítimas Feridas,Plena Noite,Crescente,Nublado,Simples,Reta,Sim,4,0,1,2,0,1,3,3,-26.47277719,-49.11098612,SPRF-SC,DEL03-SC,UOP03-DEL03-SC,2025
"661632,0",2025-02-15,sábado,21:30:00,SC,101,"343,9",TUBARAO,Ausência de reação do condutor,Saída de leito carroçável,Com Vítimas Feridas,Plena Noite,Crescente,Chuva,Dupla,Reta,Não,2,0,1,0,1,0,1,1,-28.52765702,-49.05615309,SPRF-SC,DEL02-SC,UOP01-DEL02-SC,2025
"661635,0",2025-02-15,sábado,21:30:00,SC,101,"215,0",PALHOCA,Chuva,Colisão com objeto,Com Vítimas Feridas,Plena Noite,Decrescente,Chuva,Múltipla,Interseção de Vias;Viaduto;Reta,Sim,1,0,1,0,0,0,1,1,-27.65184843,-48.67604941,SPRF-SC,DEL01-SC,UOP02-DEL01-SC,2025
"661637,0",2025-02-15,sábado,21:50:00,SC,470,"34,0",GASPAR,Ausência de reação do condutor,Colisão traseira,Sem Vítimas,Plena Noite,Crescente,Garoa/Chuvisco,Dupla,Reta,Não,3,0,0,0,2,1,0,2,-26.910646,-48.949341,SPRF-SC,DEL04-SC,UOP01-DEL04-SC,2025
"661667,0",2025-02-16,domingo,03:30:00,SC,101,"191,1",BIGUACU,Reação tardia ou ineficiente do condutor,Colisão com objeto,Sem Vítimas,Plena Noite,Crescente,Nublado,Dupla,Curva,Não,2,0,0,0,2,0,0,1,-27.47730273,-48.64127329,SPRF-SC,DEL01-SC,UOP01-DEL01-SC,2025
"661686,0",2025-02-16,domingo,00:30:00,SC,470,"92,7",APIUNA,Ingestão de álcool pelo condutor,Saída de leito carroçável,Com Vítimas Fatais,Plena Noite,Crescente,Chuva,Simples,Curva,Não,1,1,0,0,0,0,0,1,-26.9944029,-49.3759282,SPRF-SC,DEL04-SC,UOP01-DEL04-SC,2025
"661693,0",2025-02-16,domingo,07:37:00,SC,101,"122,0",ITAJAI,Condutor deixou de manter distância do veículo da frente,Tombamento,Com Vítimas Feridas,Pleno dia,Crescente,Céu Claro,Dupla,Reta,Sim,2,0,0,1,0,1,1,2,-26.92955916,-48.70499836,SPRF-SC,DEL04-SC,UOP04-DEL04-SC,2025
"661717,0",2025-02-16,domingo,09:20:00,SC,101,"123,0",ITAJAI,Reação tardia ou ineficiente do condutor,Queda de ocupante de veículo,Com Vítimas Feridas,Pleno dia,Crescente,Céu Claro,Simples,Interseção de Vias,Sim,2,0,2,0,0,0,2,1,-26.93668609,-48.69876905,SPRF-SC,DEL04-SC,UOP04-DEL04-SC,2025
"661723,0",2025-02-16,domingo,09:30:00,SC,101,"20,0",JOINVILLE,Condutor deixou de manter distância do veículo da frente,Colisão lateral mesmo sentido,Com Vítimas Feridas,Pleno dia,Crescente,Céu Claro,Dupla,Aclive;Reta,Não,2,0,1,0,1,0,1,2,-26.140675,-48.902995,SPRF-SC,DEL03-SC,UOP01-DEL03-SC,2025
"661727,0",2025-02-15,sábado,05:45:00,SC,282,"117,0",ALFREDO WAGNER,Reação tardia ou ineficiente do condutor,Saída de leito carroçável,Com Vítimas Feridas,Amanhecer,Decrescente,Sol,Simples,Reta,Não,1,0,0,1,0,0,1,1,-27.770338,-49.404785,SPRF-SC,DEL01-SC,UOP03-DEL01-SC,2025
"661740,0",2025-02-16,domingo,13:35:00,SC,101,"184,2",BIGUACU,Condutor Dormindo,Saída de leito carroçável,Com Vítimas Feridas,Pleno dia,Crescente,Céu Claro,Dupla,Reta,Não,2,0,0,1,1,0,1,1,-27.41613807,-48.6266443,SPRF-SC,DEL01-SC,UOP01-DEL01-SC,2025
"661764,0",2025-02-16,domingo,16:30:00,SC,101,"239,8",PALHOCA,Trafegar com motocicleta (ou similar) entre as faixas,Colisão lateral mesmo sentido,Com Vítimas Feridas,Pleno dia,Decrescente,Céu Claro,Dupla,Reta,Não,2,0,0,1,1,0,1,2,-27.85531681,-48.6426115,SPRF-SC,DEL01-SC,UOP02-DEL01-SC,2025
"661774,0",2025-02-16,domingo,16:34:00,SC,101,"48,0",JOINVILLE,Objeto estático sobre o leito carroçável,Colisão com objeto,Com Vítimas Feridas,Pleno dia,Decrescente,Céu Claro,Dupla,Curva,Não,1,0,1,0,0,0,1,1,-26.35345909,-48.85867862,SPRF-SC,DEL03-SC,UOP01-DEL03-SC,2025
"661788,0",2025-02-16,domingo,18:30:00,SC,101,"359,8",SANGAO,Demais falhas mecânicas ou elétricas,Tombamento,Com Vítimas Feridas,Plena Noite,Crescente,Chuva,Múltipla,Curva,Sim,1,0,1,0,0,0,1,1,-28.65057609,-49.10516385,SPRF-SC,DEL02-SC,UOP01-DEL02-SC,2025
"661814,0",2025-02-16,domingo,16:30:00,SC,470,"105,9",APIUNA,Velocidade Incompatível,Saída de leito carroçável,Com Vítimas Feridas,Pleno dia,Decrescente,Céu Claro,Simples,Curva,Não,1,0,0,1,0,0,1,1,-27.066006,-49.417019,SPRF-SC,DEL04-SC,UOP02-DEL04-SC,2025
"661821,0",2025-02-16,domingo,19:00:00,SC,153,"109,8",CONCORDIA,Ausência de reação do condutor,Saída de leito carroçável,Com Vítimas Feridas,Plena Noite,Crescente,Céu Claro,Simples,Curva,Não,1,0,0,1,0,0,1,1,-27.308092,-51.980938,SPRF-SC,DEL07-SC,UOP04-DEL07-SC,2025
"661840,0",2025-02-16,domingo,20:55:00,SC,101,"158,0",PORTO BELO,Acessar a via sem observar a presença dos outros veículos,Colisão lateral mesmo sentido,Com Vítimas Feridas,Plena Noite,Decrescente,Nublado,Dupla,Reta,Não,2,0,1,0,1,0,1,2,-27.19096301,-48.61259017,SPRF-SC,DEL04-SC,UOP03-DEL04-SC,2025
"661842,0",2025-02-16,domingo,20:00:00,SC,470,"0,2",GASPAR,Condutor deixou de manter distância do veículo da frente,Colisão traseira,Com Vítimas Feridas,Plena Noite,Decrescente,Céu Claro,Simples,Reta,Não,2,0,1,0,1,0,1,2,-26.93187,-48.959316,SPRF-SC,DEL04-SC,UOP01-DEL04-SC,2025
"661849,0",2025-02-16,domingo,19:30:00,SC,470,"38,9",GASPAR,Demais falhas mecânicas ou elétricas,Tombamento,Com Vítimas Feridas,Plena Noite,Crescente,Nevoeiro/Neblina,Dupla,Reta,Não,2,0,2,0,0,0,2,1,-26.904108,-48.980164,SPRF-SC,DEL04-SC,UOP01-DEL04-SC,2025
"661852,0",2025-02-16,domingo,19:40:00,SC,470,"54,0",BLUMENAU,Acumulo de areia ou detritos sobre o pavimento,Queda de ocupante de veículo,Com Vítimas Feridas,Plena Noite,Decrescente,Céu Claro,Simples,Reta;Em Obras,Sim,1,0,1,0,0,0,1,1,-26.871065,-49.110374,SPRF-SC,DEL04-SC,UOP01-DEL04-SC,2025
"661881,0",2025-02-17,segunda-feira,03:25:00,SC,470,"57,0",BLUMENAU,Mal súbito do condutor,Tombamento,Com Vítimas Fatais,Plena Noite,Decrescente,Nublado,Múltipla,Reta;Em Obras,Sim,1,1,0,0,0,0,0,1,-26.88061921,-49.13689435,SPRF-SC,DEL04-SC,UOP01-DEL04-SC,2025
"661896,0",2025-02-17,segunda-feira,06:40:00,SC,101,"194,2",BIGUACU,Reação tardia ou ineficiente do condutor,Tombamento,Com Vítimas Feridas,Pleno dia,Decrescente,Chuva,Dupla,Reta,Sim,1,0,1,0,0,0,1,1,-27.49815117,-48.65661236,SPRF-SC,DEL01-SC,UOP01-DEL01-SC,2025
"661899,0",2025-02-16,domingo,16:30:00,SC,470,"122,7",IBIRAMA,Velocidade Incompatível,Saída de leito carroçável,Com Vítimas Feridas,Pleno dia,Decrescente,Nublado,Simples,Curva;Declive,Não,2,0,2,0,0,0,2,1,-27.10629422,-49.52162596,SPRF-SC,DEL04-SC,UOP02-DEL04-SC,2025
"661901,0",2025-02-17,segunda-feira,01:00:00,SC,470,"150,2",AGRONOMICA,Velocidade Incompatível,Colisão lateral sentido oposto,Sem Vítimas,Plena Noite,Decrescente,Nublado,Simples,Reta,Não,2,0,0,0,0,2,0,2,-27.26150994,-49.72099196,SPRF-SC,DEL04-SC,UOP02-DEL04-SC,2025
"661905,0",2025-02-17,segunda-feira,07:20:00,SC,101,"200,0",SAO JOSE,Chuva,Tombamento,Com Vítimas Feridas,Pleno dia,Decrescente,Chuva,Múltipla,Reta,Sim,1,0,1,0,0,0,1,1,-27.54018513,-48.62287714,SPRF-SC,DEL01-SC,UOP01-DEL01-SC,2025
"661914,0",2025-02-17,segunda-feira,08:30:00,SC,101,"216,4",PALHOCA,Reação tardia ou ineficiente do condutor,Tombamento,Com Vítimas Feridas,Pleno dia,Decrescente,Nublado,Múltipla,Interseção de Vias,Sim,1,0,1,0,0,0,1,1,-27.65981409,-48.67747798,SPRF-SC,DEL01-SC,UOP02-DEL01-SC,2025
"661915,0",2025-02-17,segunda-feira,08:10:00,SC,282,"3,2",SAO JOSE,Ausência de reação do condutor,Colisão traseira,Com Vítimas Feridas,Pleno dia,Crescente,Céu Claro,Múltipla,Reta,Não,3,0,1,0,2,0,1,2,-27.600384,-48.599705,SPRF-SC,DEL01-SC,UOP01-DEL01-SC,2025
"661920,0",2025-02-16,domingo,19:30:00,SC,101,"307,2",LAGUNA,Reação tardia ou ineficiente do condutor,Colisão traseira,Com Vítimas Fatais,Anoitecer,Crescente,Ignorado,Múltipla,Reta,Não,2,1,0,0,0,1,0,2,-28.4112696,-48.79291445,SPRF-SC,DEL02-SC,UOP03-DEL02-SC,2025
"661957,0",2025-02-17,segunda-feira,10:00:00,SC,280,"14,7",SAO FRANCISCO DO SUL,Entrada inopinada do pedestre,Atropelamento de Pedestre,Com Vítimas Feridas,Pleno dia,Decrescente,Céu Claro,Simples,Reta,Não,3,0,1,0,2,0,1,2,-26.33595792,-48.65376413,SPRF-SC,DEL03-SC,UOP03-DEL03-SC,2025
"661960,0",2025-02-17,segunda-feira,07:20:00,SC,282,"3,2",FLORIANOPOLIS,Ausência de reação do condutor,Queda de ocupante de veículo,Com Vítimas Feridas,Pleno dia,Decrescente,Sol,Múltipla,Reta,Não,1,0,1,0,0,0,1,1,-27.600384,-48.599705,SPRF-SC,DEL01-SC,UOP01-DEL01-SC,2025
"661961,0",2025-02-17,segunda-feira,08:40:00,SC,101,"216,4",PALHOCA,Reação tardia ou ineficiente do condutor,Queda de ocupante de veículo,Com Vítimas Feridas,Pleno dia,Crescente,Céu Claro,Múltipla,Reta,Não,2,0,1,0,1,0,1,2,-27.65981409,-48.67747798,SPRF-SC,DEL01-SC,UOP02-DEL01-SC,2025
"661986,0",2025-02-17,segunda-feira,11:00:00,SC,280,"43,0",GUARAMIRIM,Condutor deixou de manter distância do veículo da frente,Queda de ocupante de veículo,Com Vítimas Feridas,Pleno dia,Crescente,Céu Claro,Simples,Desvio Temporário;Em Obras;Reta,Sim,1,0,1,0,0,0,1,1,-26.45118786,-48.87789901,SPRF-SC,DEL03-SC,UOP03-DEL03-SC,2025
"661996,0",2025-02-17,segunda-feira,14:28:00,SC,280,"54,7",GUARAMIRIM,Manobra de mudança de faixa,Colisão lateral mesmo sentido,Com Vítimas Feridas,Pleno dia,Decrescente,Céu Claro,Simples,Reta,Não,2,0,1,0,1,0,1,2,-26.47552576,-48.98998439,SPRF-SC,DEL03-SC,UOP03-DEL03-SC,2025
"662032,0",2025-02-17,segunda-feira,17:10:00,SC,101,"148,0",ITAPEMA,Condutor deixou de manter distância do veículo da frente,Colisão traseira,Com Vítimas Feridas,Pleno dia,Crescente,Chuva,Dupla,Interseção de Vias;Reta,Sim,2,0,1,0,1,0,1,2,-27.10123686,-48.61807962,SPRF-SC,DEL04-SC,UOP03-DEL04-SC,2025
"662038,0",2025-02-17,segunda-feira,18:20:00,SC,101,"214,0",PALHOCA,Reação tardia ou ineficiente do condutor,Queda de ocupante de veículo,Com Vítimas Feridas,Pleno dia,Crescente,Chuva,Múltipla,Reta,Sim,2,0,1,0,1,0,1,2,-27.64443,-48.67057,SPRF-SC,DEL01-SC,UOP02-DEL01-SC,2025
"662039,0",2025-02-17,segunda-feira,17:45:00,SC,101,"142,2",ITAPEMA,Reação tardia ou ineficiente do condutor,Tombamento,Com Vítimas Feridas,Pleno dia,Crescente,Chuva,Dupla,Curva;Declive,Sim,1,0,1,0,0,0,1,1,-27.056089,-48.599449,SPRF-SC,DEL04-SC,UOP03-DEL04-SC,2025
"662050,0",2025-02-17,segunda-feira,18:30:00,SC,101,"201,0",SAO JOSE,Reação tardia ou ineficiente do condutor,Tombamento,Com Vítimas Feridas,Plena Noite,Crescente,Chuva,Dupla,Reta,Sim,1,0,1,0,0,0,1,1,-27.54836599,-48.61977975,SPRF-SC,DEL01-SC,UOP01-DEL01-SC,2025
"662052,0",2025-02-17,segunda-feira,14:30:00,SC,280,"56,0",GUARAMIRIM,Acessar a via sem observar a presença dos outros veículos,Colisão lateral mesmo sentido,Com Vítimas Feridas,Pleno dia,Crescente,Céu Claro,Dupla,Reta,Sim,2,0,1,0,1,0,1,2,-26.47947677,-49.00298702,SPRF-SC,DEL03-SC,UOP03-DEL03-SC,2025
"662074,0",2025-02-17,segunda-feira,20:40:00,SC,101,"200,0",SAO JOSE,Ausência de reação do condutor,Colisão traseira,Com Vítimas Feridas,Plena Noite,Crescente,Chuva,Dupla,Aclive;Reta,Sim,2,0,1,0,1,0,1,2,-27.54018513,-48.62287714,SPRF-SC,DEL01-SC,UOP01-DEL01-SC,2025
"662089,0",2025-02-18,terça-feira,00:20:00,SC,101,"206,0",SAO JOSE,Manobra de mudança de faixa,Colisão lateral mesmo sentido,Com Vítimas Feridas,Plena Noite,Decrescente,Céu Claro,Múltipla,Interseção de Vias;Reta,Sim,3,0,1,0,2,0,1,2,-27.59193546,-48.61824557,SPRF-SC,DEL01-SC,UOP01-DEL01-SC,2025
"662090,0",2025-02-17,segunda-feira,22:30:00,SC,470,"26,7",ILHOTA,Ausência de reação do condutor,Saída de leito carroçável,Sem Vítimas,Plena Noite,Crescente,Nublado,Dupla,Reta,Não,1,0,0,0,1,0,0,1,-26.887402,-48.875191,SPRF-SC,DEL04-SC,UOP04-DEL04-SC,2025
"662121,0",2025-02-18,terça-feira,07:11:00,SC,470,"54,1",BLUMENAU,Trafegar com motocicleta (ou similar) entre as faixas,Colisão transversal,Com Vítimas Feridas,Pleno dia,Crescente,Céu Claro,Simples,Reta,Não,3,0,1,0,2,0,1,3,-26.87164542,-49.11195517,SPRF-SC,DEL04-SC,UOP01-DEL04-SC,2025
"662127,0",2025-02-18,terça-feira,07:50:00,SC,282,"524,9",XAXIM,Condutor Dormindo,Colisão frontal,Com Vítimas Feridas,Pleno dia,Crescente,Céu Claro,Simples,Reta,Não,5,0,3,0,2,0,3,3,-26.965002,-52.557384,SPRF-SC,DEL07-SC,UOP01-DEL07-SC,2025
"662158,0",2025-02-18,terça-feira,10:25:00,SC,101,"358,9",SANGAO,Demais falhas mecânicas ou elétricas,Tombamento,Com Vítimas Feridas,Pleno dia,Crescente,Céu Claro,Múltipla,Reta,Não,2,0,2,0,0,0,2,1,-28.642765,-49.100403,SPRF-SC,DEL02-SC,UOP01-DEL02-SC,2025
"662167,0",2025-02-18,terça-feira,11:30:00,SC,101,"153,0",PORTO BELO,Reação tardia ou ineficiente do condutor,Tombamento,Com Vítimas Feridas,Pleno dia,Decrescente,Nublado,Múltipla,Retorno Regulamentado;Reta,Não,1,0,1,0,0,0,1,1,-27.14429415,-48.61032844,SPRF-SC,DEL04-SC,UOP03-DEL04-SC,2025
"662169,0",2025-02-18,terça-feira,08:35:00,SC,101,"194,0",BIGUACU,Acessar a via sem observar a presença dos outros veículos,Colisão traseira,Com Vítimas Feridas,Pleno dia,Crescente,Céu Claro,Múltipla,Reta,Sim,2,0,1,0,1,0,1,2,-27.49815117,-48.65661236,SPRF-SC,DEL01-SC,UOP01-DEL01-SC,2025
"662176,0",2025-02-18,terça-feira,13:00:00,SC,282,"16,4",PALHOCA,Velocidade Incompatível,Colisão transversal,Com Vítimas Feridas,Pleno dia,Decrescente,Nublado,Simples,Interseção de Vias,Sim,2,0,1,0,1,0,1,2,-27.658611,-48.681847,SPRF-SC,DEL01-SC,UOP02-DEL01-SC,2025
"662181,0",2025-02-18,terça-feira,13:00:00,SC,480,"128,0",CHAPECO,Manobra de mudança de faixa,Colisão lateral mesmo sentido,Com Vítimas Feridas,Pleno dia,Crescente,Sol,Dupla,Reta,Não,2,0,1,0,1,0,1,2,-27.03781899,-52.63432603,SPRF-SC,DEL07-SC,UOP01-DEL07-SC,2025
"662182,0",2025-02-18,terça-feira,13:25:00,SC,470,"127,6",LONTRAS,Conversão proibida,Colisão transversal,Com Vítimas Feridas,Pleno dia,Decrescente,Nublado,Simples,Reta,Não,4,0,2,0,1,1,2,3,-27.136574,-49.543015,SPRF-SC,DEL04-SC,UOP02-DEL04-SC,2025
"662213,0",2025-02-18,terça-feira,15:30:00,SC,101,"44,0",JOINVILLE,Reação tardia ou ineficiente do condutor,Colisão com objeto,Com Vítimas Feridas,Pleno dia,Crescente,Chuva,Dupla,Reta,Sim,1,0,0,1,0,0,1,1,-26.31238996,-48.87458997,SPRF-SC,DEL03-SC,UOP01-DEL03-SC,2025
"662227,0",2025-02-18,terça-feira,12:05:00,SC,282,"553,5",NOVA ITABERABA,Manobra de mudança de faixa,Saída de leito carroçável,Com Vítimas Feridas,Pleno dia,Crescente,Nublado,Simples,Reta,Não,1,0,1,0,0,0,1,1,-26.93815,-52.791916,SPRF-SC,DEL07-SC,UOP01-DEL07-SC,2025
"662230,0",2025-02-18,terça-feira,18:25:00,SC,101,"199,1",SAO JOSE,Reação tardia ou ineficiente do condutor,Colisão traseira,Com Vítimas Feridas,Anoitecer,Decrescente,Chuva,Dupla,Reta,Sim,2,0,1,0,1,0,1,2,-27.53413705,-48.63003205,SPRF-SC,DEL01-SC,UOP01-DEL01-SC,2025
"662281,0",2025-02-19,quarta-feira,00:15:00,SC,101,"277,9",IMBITUBA,Condutor Dormindo,Colisão com objeto,Com Vítimas Feridas,Plena Noite,Decrescente,Garoa/Chuvisco,Múltipla,Reta,Sim,1,0,0,1,0,0,1,1,-28.15478103,-48.69265474,SPRF-SC,DEL02-SC,UOP03-DEL02-SC,2025
"662284,0",2025-02-19,quarta-feira,00:05:00,SC,282,"110,0",ALFREDO WAGNER,Chuva,Colisão traseira,Sem Vítimas,Plena Noite,Crescente,Garoa/Chuvisco,Simples,Reta;Aclive,Não,3,0,0,0,2,1,0,2,-27.727324,-49.360542,SPRF-SC,DEL01-SC,UOP03-DEL01-SC,2025
"662294,0",2025-02-19,quarta-feira,01:00:00,SC,101,"356,9",SANGAO,Ausência de reação do condutor,Saída de leito carroçável,Sem Vítimas,Plena Noite,Crescente,Céu Claro,Simples,Curva;Interseção de Vias,Sim,1,0,0,0,1,0,0,1,-28.62930081,-49.08665412,SPRF-SC,DEL02-SC,UOP01-DEL02-SC,2025
"662301,0",2025-02-19,quarta-feira,07:20:00,SC,101,"182,4",BIGUACU,Acessar a via sem observar a presença dos outros veículos,Colisão transversal,Com Vítimas Feridas,Pleno dia,Crescente,Garoa/Chuvisco,Dupla,Reta,Sim,2,0,2,0,0,0,2,2,-27.41613807,-48.6266443,SPRF-SC,DEL01-SC,UOP01-DEL01-SC,2025
"662335,0",2025-02-19,quarta-feira,08:45:00,SC,470,"289,0",BRUNOPOLIS,Acessar a via sem observar a presença dos outros veículos,Colisão transversal,Com Vítimas Feridas,Pleno dia,Decrescente,Céu Claro,Simples,Reta,Não,7,0,7,0,0,0,7,2,-27.333546,-50.95219,SPRF-SC,DEL07-SC,UOP06-DEL07-SC,2025
"662347,0",2025-02-19,quarta-feira,11:25:00,SC,280,"129,0",RIO NEGRINHO,Transitar na contramão,Colisão frontal,Com Vítimas Feridas,Pleno dia,Crescente,Céu Claro,Simples,Curva,Não,6,0,0,1,5,0,1,2,-26.24586437,-49.52284615,SPRF-SC,DEL06-SC,UOP03-DEL06-SC,2025
"662354,0",2025-02-19,quarta-feira,06:45:00,SC,101,"219,0",PALHOCA,Reação tardia ou ineficiente do condutor,Colisão lateral mesmo sentido,Com Vítimas Feridas,Pleno dia,Decrescente,Garoa/Chuvisco,Dupla,Reta,Sim,2,0,1,0,1,0,1,2,-27.68392194,-48.66710085,SPRF-SC,DEL01-SC,UOP02-DEL01-SC,2025
"662361,0",2025-01-02,quinta-feira,17:00:00,SC,101,"457,0",SAO JOAO DO SUL,Acessar a via sem observar a presença dos outros veículos,Queda de ocupante de veículo,Com Vítimas Feridas,Pleno dia,Decrescente,Nublado,Dupla,Reta,Não,3,0,1,0,2,0,1,2,-29.24431876,-49.75416183,SPRF-SC,DEL02-SC,UOP02-DEL02-SC,2025
"662375,0",2025-02-19,quarta-feira,07:50:00,SC,101,"443,1",SANTA ROSA DO SUL,Animais na Pista,Saída de leito carroçável,Com Vítimas Feridas,Pleno dia,Decrescente,Nublado,Múltipla,Reta,Sim,1,0,1,0,0,0,1,1,-29.13514431,-49.70626831,SPRF-SC,DEL02-SC,UOP02-DEL02-SC,2025
"662418,0",2025-02-19,quarta-feira,13:00:00,SC,282,"457,5",PONTE SERRADA,Reação tardia ou ineficiente do condutor,Queda de ocupante de veículo,Com Vítimas Feridas,Pleno dia,Decrescente,Nublado,Simples,Reta,Não,2,0,2,0,0,0,2,1,-26.8886985,-51.99511528,SPRF-SC,DEL07-SC,UOP04-DEL07-SC,2025
"662426,0",2025-02-19,quarta-feira,18:35:00,SC,101,"123,2",ITAJAI,Conversão proibida,Colisão transversal,Com Vítimas Feridas,Plena Noite,Crescente,Nublado,Múltipla,Em Obras;Reta,Sim,2,0,1,0,1,0,1,2,-26.93668609,-48.69876905,SPRF-SC,DEL04-SC,UOP04-DEL04-SC,2025
"662454,0",2025-02-19,quarta-feira,22:30:00,SC,470,"67,0",INDAIAL,Ausência de reação do condutor,Colisão traseira,Com Vítimas Feridas,Plena Noite,Crescente,Garoa/Chuvisco,Múltipla,Interseção de Vias;Reta,Não,3,0,1,0,0,2,1,2,-26.872158,-49.23127,SPRF-SC,DEL04-SC,UOP01-DEL04-SC,2025
"662489,0",2025-02-20,quinta-feira,07:50:00,SC,101,"194,4",BIGUACU,Avarias e/ou desgaste excessivo no pneu,Queda de ocupante de veículo,Com Vítimas Feridas,Pleno dia,Crescente,Nublado,Múltipla,Reta,Sim,2,0,2,0,0,0,2,1,-27.49815117,-48.65661236,SPRF-SC,DEL01-SC,UOP01-DEL01-SC,2025
"662497,0",2025-02-20,quinta-feira,08:10:00,SC,101,"71,0",ARAQUARI,Velocidade Incompatível,Saída de leito carroçável,Com Vítimas Feridas,Pleno dia,Decrescente,Nublado,Dupla,Reta,Não,1,0,1,0,0,0,1,1,-26.51864822,-48.71874636,SPRF-SC,DEL03-SC,UOP02-DEL03-SC,2025
"662498,0",2025-02-16,domingo,19:30:00,SC,470,"33,0",GASPAR,Acesso irregular,Atropelamento de Pedestre,Com Vítimas Feridas,Plena Noite,Crescente,Nublado,Múltipla,Reta,Sim,3,0,1,0,1,1,1,3,-26.906223,-48.940575,SPRF-SC,DEL04-SC,UOP01-DEL04-SC,2025
"662529,0",2025-02-20,quinta-feira,08:00:00,SC,470,"55,7",BLUMENAU,Retorno proibido,Colisão transversal,Com Vítimas Feridas,Pleno dia,Crescente,Céu Claro,Simples,Em Obras;Reta,Não,2,0,1,0,1,0,1,2,-26.875601,-49.117992,SPRF-SC,DEL04-SC,UOP01-DEL04-SC,2025
"662570,0",2025-02-20,quinta-feira,08:00:00,SC,101,"201,6",SAO JOSE,Manobra de mudança de faixa,Colisão lateral mesmo sentido,Com Vítimas Feridas,Pleno dia,Crescente,Céu Claro,Múltipla,Reta,Sim,2,0,1,0,1,0,1,2,-27.54836599,-48.61977975,SPRF-SC,DEL01-SC,UOP01-DEL01-SC,2025
"662574,0",2025-02-20,quinta-feira,15:35:00,SC,101,"199,0",SAO JOSE,Condutor deixou de manter distância do veículo da frente,Colisão traseira,Com Vítimas Feridas,Pleno dia,Crescente,Garoa/Chuvisco,Dupla,Aclive;Reta,Não,2,0,1,0,1,0,1,2,-27.53413705,-48.63003205,SPRF-SC,DEL01-SC,UOP01-DEL01-SC,2025
"662581,0",2025-02-20,quinta-feira,14:20:00,SC,282,"54,0",AGUAS MORNAS,Velocidade Incompatível,Saída de leito carroçável,Com Vítimas Feridas,Pleno dia,Decrescente,Chuva,Simples,Curva;Declive,Não,2,0,1,1,0,0,2,1,-27.685799,-48.974514,SPRF-SC,DEL01-SC,UOP03-DEL01-SC,2025
"662637,0",2025-02-21,sexta-feira,00:01:00,SC,101,"212,6",PALHOCA,Velocidade Incompatível,Saída de leito carroçável,Com Vítimas Feridas,Plena Noite,Crescente,Céu Claro,Dupla,Reta,Sim,2,0,2,0,0,0,2,1,-27.62996929,-48.65903871,SPRF-SC,DEL01-SC,UOP02-DEL01-SC,2025
"662682,0",2025-02-21,sexta-feira,10:00:00,SC,101,"204,9",SAO JOSE,Reação tardia ou ineficiente do condutor,Colisão lateral mesmo sentido,Com Vítimas Feridas,Pleno dia,Crescente,Céu Claro,Múltipla,Reta,Não,2,0,1,0,1,0,1,2,-27.57413014,-48.61363083,SPRF-SC,DEL01-SC,UOP01-DEL01-SC,2025
"662694,0",2025-02-21,sexta-feira,04:00:00,SC,282,"480,0",VARGEAO,Ausência de reação do condutor,Colisão com objeto,Com Vítimas Feridas,Plena Noite,Crescente,Céu Claro,Simples,Rotatória,Não,1,0,1,0,0,0,1,1,-26.87325706,-52.15371799,SPRF-SC,DEL07-SC,UOP01-DEL07-SC,2025
"662698,0",2025-02-21,sexta-feira,09:05:00,SC,101,"401,5",MARACAJA,Reação tardia ou ineficiente do condutor,Engavetamento,Com Vítimas Feridas,Pleno dia,Crescente,Sol,Múltipla,Reta,Não,7,0,1,1,5,0,2,4,-28.87462929,-49.45480585,SPRF-SC,DEL02-SC,UOP02-DEL02-SC,2025
"662700,0",2025-02-21,sexta-feira,11:50:00,SC,101,"38,1",JOINVILLE,Reação tardia ou ineficiente do condutor,Engavetamento,Com Vítimas Feridas,Pleno dia,Crescente,Nublado,Dupla,Reta,Sim,4,0,1,0,3,0,1,3,-26.29171682,-48.88487399,SPRF-SC,DEL03-SC,UOP01-DEL03-SC,2025
"662705,0",2025-02-21,sexta-feira,09:20:00,SC,101,"116,4",ITAJAI,Ausência de reação do condutor,Colisão lateral mesmo sentido,Com Vítimas Feridas,Pleno dia,Crescente,Sol,Dupla,Reta,Não,2,0,1,0,1,0,1,2,-26.88702303,-48.72280955,SPRF-SC,DEL04-SC,UOP04-DEL04-SC,2025
"662713,0",2025-02-21,sexta-feira,13:30:00,SC,101,"192,7",BIGUACU,Manobra de mudança de faixa,Colisão traseira,Com Vítimas Feridas,Pleno dia,Decrescente,Céu Claro,Múltipla,Reta,Não,2,0,1,0,1,0,1,2,-27.48848092,-48.6538285,SPRF-SC,DEL01-SC,UOP01-DEL01-SC,2025
"662720,0",2025-02-10,segunda-feira,05:06:00,SC,282,"413,0",CATANDUVAS,Transitar na contramão,Colisão frontal,Com Vítimas Fatais,Amanhecer,Decrescente,Céu Claro,Simples,Reta,Não,2,1,0,1,0,0,1,2,-27.056145,-51.687874,SPRF-SC,DEL07-SC,UOP05-DEL07-SC,2025