id,data_inversa,dia_semana,horario,uf,br,km,municipio,causa_acidente,tipo_acidente,classificacao_acidente,fase_dia,sentido_via,condicao_metereologica,tipo_pista,tracado_via,uso_solo,pessoas,mortos,feridos_leves,feridos_graves,ilesos,ignorados,feridos,veiculos,latitude,longitude,regional,delegacia,uop,ano_arquivo
"662726,0",2025-02-21,sexta-feira,15:00:00,SC,280,"169,0",MAFRA,Acessar a via sem observar a presença dos outros veículos,Colisão transversal,Com Vítimas Feridas,Pleno dia,Crescente,Céu Claro,Simples,Reta;Declive,Sim,3,0,1,0,2,0,1,2,-26.15184298,-49.81305778,SPRF-SC,DEL06-SC,UOP01-DEL06-SC,2025
"662734,0",2025-02-21,sexta-feira,15:00:00,SC,101,"215,0",PALHOCA,Reação tardia ou ineficiente do condutor,Colisão traseira,Com Vítimas Feridas,Pleno dia,Crescente,Nublado,Múltipla,Reta,Sim,2,0,1,0,1,0,1,2,-27.6573298,-48.67812395,SPRF-SC,DEL01-SC,UOP02-DEL01-SC,2025
"662747,0",2025-02-21,sexta-feira,14:51:00,SC,101,"274,1",IMBITUBA,Condutor deixou de manter distância do veículo da frente,Colisão traseira,Com Vítimas Feridas,Pleno dia,Crescente,Nublado,Dupla,Reta,Sim,4,0,4,0,0,0,4,2,-28.141483,-48.692129,SPRF-SC,DEL02-SC,UOP03-DEL02-SC,2025
"662752,0",2025-02-21,sexta-feira,16:30:00,SC,101,"127,7",ITAJAI,Ausência de reação do condutor,Colisão traseira,Com Vítimas Feridas,Pleno dia,Crescente,Sol,Dupla,Reta,Não,2,0,1,0,1,0,1,2,-26.96984834,-48.68363857,SPRF-SC,DEL04-SC,UOP04-DEL04-SC,2025
"662759,0",2025-02-21,sexta-feira,17:00:00,SC,101,"54,6",JOINVILLE,Avarias e/ou desgaste excessivo no pneu,Tombamento,Com Vítimas Feridas,Pleno dia,Decrescente,Nublado,Dupla,Aclive;Reta,Não,1,0,1,0,0,0,1,1,-26.42371488,-48.82912159,SPRF-SC,DEL03-SC,UOP01-DEL03-SC,2025
"662784,0",2025-02-21,sexta-feira,16:15:00,SC,101,"333,7",TUBARAO,Desrespeitar a preferência no cruzamento,Colisão transversal,Com Vítimas Feridas,Pleno dia,Crescente,Céu Claro,Múltipla,Interseção de Vias,Sim,2,0,0,1,1,0,1,2,-28.47020032,-49.01618958,SPRF-SC,DEL02-SC,UOP01-DEL02-SC,2025
"662789,0",2025-02-21,sexta-feira,17:35:00,SC,101,"311,0",LAGUNA,Condutor deixou de manter distância do veículo da frente,Colisão traseira,Com Vítimas Feridas,Pleno dia,Decrescente,Céu Claro,Dupla,Rotatória,Não,2,0,1,0,1,0,1,2,-28.44035961,-48.81271183,SPRF-SC,DEL02-SC,UOP01-DEL02-SC,2025
"662799,0",2025-02-21,sexta-feira,22:05:00,SC,101,"120,5",ITAJAI,Ausência de reação do condutor,Tombamento,Com Vítimas Feridas,Plena Noite,Decrescente,Nublado,Dupla,Reta,Não,2,0,1,0,1,0,1,1,-26.91010212,-48.71303558,SPRF-SC,DEL04-SC,UOP04-DEL04-SC,2025
"662800,0",2025-02-21,sexta-feira,21:30:00,SC,470,"52,6",BLUMENAU,Acessar a via sem observar a presença dos outros veículos,Colisão transversal,Com Vítimas Feridas,Plena Noite,Crescente,Céu Claro,Simples,Retorno Regulamentado,Não,2,0,0,2,0,0,2,2,-26.86494,-49.09922784,SPRF-SC,DEL04-SC,UOP01-DEL04-SC,2025
"662804,0",2025-02-21,sexta-feira,21:55:00,SC,101,"121,9",ITAJAI,Ausência de reação do condutor,Tombamento,Com Vítimas Feridas,Plena Noite,Decrescente,Nublado,Dupla,Reta,Não,1,0,1,0,0,0,1,1,-26.94767779,-48.68475437,SPRF-SC,DEL04-SC,UOP04-DEL04-SC,2025
"662837,0",2025-02-22,sábado,02:40:00,SC,470,"133,9",RIO DO SUL,Transitar na contramão,Colisão frontal,Com Vítimas Fatais,Plena Noite,Decrescente,Nublado,Simples,Reta,Sim,2,1,1,0,0,0,1,2,-27.17404915,-49.58817065,SPRF-SC,DEL04-SC,UOP02-DEL04-SC,2025
"662838,0",2025-02-22,sábado,03:00:00,SC,470,"58,9",BLUMENAU,Ingestão de álcool pelo condutor,Colisão frontal,Com Vítimas Feridas,Plena Noite,Crescente,Ignorado,Simples,Em Obras;Aclive;Reta,Sim,4,0,0,2,2,0,2,2,-26.88279433,-49.15496707,SPRF-SC,DEL04-SC,UOP01-DEL04-SC,2025
"662845,0",2025-02-22,sábado,02:17:00,SC,282,"513,7",XAXIM,Acessar a via sem observar a presença dos outros veículos,Colisão transversal,Com Vítimas Feridas,Plena Noite,Decrescente,Céu Claro,Simples,Reta,Não,6,0,0,1,5,0,1,3,-26.915385,-52.484887,SPRF-SC,DEL07-SC,UOP01-DEL07-SC,2025
"662857,0",2025-02-22,sábado,05:23:00,SC,470,"2,0",ITAJAI,Acessar a via sem observar a presença dos outros veículos,Colisão transversal,Com Vítimas Feridas,Amanhecer,Decrescente,Nublado,Dupla,Interseção de Vias;Em Obras;Viaduto;Reta,Não,2,0,1,0,0,1,1,2,-26.8896967,-48.6775899,SPRF-SC,DEL04-SC,UOP04-DEL04-SC,2025
"662860,0",2025-02-22,sábado,04:10:00,SC,116,"67,6",MONTE CASTELO,Ausência de reação do condutor,Colisão com objeto,Com Vítimas Feridas,Plena Noite,Decrescente,Céu Claro,Simples,Declive;Reta,Sim,2,0,1,0,1,0,1,1,-26.448962,-50.228042,SPRF-SC,DEL06-SC,UOP02-DEL06-SC,2025
"662876,0",2025-02-22,sábado,04:15:00,SC,470,"66,3",INDAIAL,Acessar a via sem observar a presença dos outros veículos,Colisão frontal,Com Vítimas Feridas,Plena Noite,Decrescente,Nublado,Simples,Em Obras;Rotatória,Sim,2,0,0,1,1,0,1,2,-26.87004465,-49.22544827,SPRF-SC,DEL04-SC,UOP01-DEL04-SC,2025
"662887,0",2025-02-22,sábado,08:40:00,SC,101,"349,5",TUBARAO,Condutor deixou de manter distância do veículo da frente,Colisão com objeto,Com Vítimas Feridas,Pleno dia,Crescente,Céu Claro,Dupla,Curva,Não,2,0,1,1,0,0,2,1,-28.497413,-49.044625,SPRF-SC,DEL02-SC,UOP01-DEL02-SC,2025
"662889,0",2025-02-22,sábado,08:30:00,SC,470,"96,8",APIUNA,Retorno proibido,Colisão transversal,Com Vítimas Feridas,Pleno dia,Decrescente,Céu Claro,Simples,Reta,Não,2,0,0,1,1,0,1,2,-27.0269981,-49.3789091,SPRF-SC,DEL04-SC,UOP01-DEL04-SC,2025
"662898,0",2025-02-22,sábado,09:25:00,SC,470,"58,0",BLUMENAU,Acessar a via sem observar a presença dos outros veículos,Colisão transversal,Com Vítimas Feridas,Pleno dia,Decrescente,Nublado,Simples,Em Obras;Reta,Sim,2,0,1,0,1,0,1,2,-26.88427494,-49.14866924,SPRF-SC,DEL04-SC,UOP01-DEL04-SC,2025
"662899,0",2025-02-22,sábado,10:20:00,SC,101,"216,5",SANTO AMARO DA IMPERATRIZ,Acumulo de areia ou detritos sobre o pavimento,Tombamento,Com Vítimas Feridas,Pleno dia,Crescente,Céu Claro,Dupla,Retorno Regulamentado,Sim,1,0,1,0,0,0,1,1,-27.663913,-48.675197,SPRF-SC,DEL01-SC,UOP02-DEL01-SC,2025
"662902,0",2025-02-22,sábado,03:50:00,SC,280,"271,0",IRINEOPOLIS,Ausência de reação do condutor,Capotamento,Com Vítimas Feridas,Plena Noite,Crescente,Nublado,Simples,Declive,Não,2,0,2,0,0,0,2,1,-26.27286742,-50.74756622,SPRF-SC,DEL06-SC,UOP04-DEL06-SC,2025
"662908,0",2025-02-22,sábado,10:45:00,SC,470,"40,6",GASPAR,Ausência de reação do condutor,Saída de leito carroçável,Com Vítimas Feridas,Pleno dia,Crescente,Céu Claro,Dupla,Reta,Não,1,0,1,0,0,0,1,1,-26.8843862,-48.994872,SPRF-SC,DEL04-SC,UOP01-DEL04-SC,2025
"662912,0",2025-02-22,sábado,11:30:00,SC,101,"218,5",PALHOCA,Demais falhas mecânicas ou elétricas,Tombamento,Com Vítimas Feridas,Pleno dia,Decrescente,Céu Claro,Dupla,Reta,Não,2,0,2,0,0,0,2,1,-27.679993,-48.670409,SPRF-SC,DEL01-SC,UOP02-DEL01-SC,2025
"662913,0",2025-02-22,sábado,11:00:00,SC,101,"77,1",ARAQUARI,Velocidade Incompatível,Colisão traseira,Com Vítimas Feridas,Pleno dia,Decrescente,Nublado,Dupla,Reta,Não,2,0,0,1,1,0,1,2,-26.57177161,-48.7220639,SPRF-SC,DEL03-SC,UOP02-DEL03-SC,2025
"662919,0",2025-02-22,sábado,12:25:00,SC,101,"378,5",ICARA,Ultrapassagem Indevida,Colisão lateral mesmo sentido,Com Vítimas Feridas,Pleno dia,Crescente,Céu Claro,Múltipla,Interseção de Vias;Curva,Sim,2,0,2,0,0,0,2,2,-28.75076137,-49.27038789,SPRF-SC,DEL02-SC,UOP02-DEL02-SC,2025
"662963,0",2025-02-22,sábado,17:10:00,SC,470,"55,5",BLUMENAU,Acessar a via sem observar a presença dos outros veículos,Colisão lateral mesmo sentido,Com Vítimas Feridas,Pleno dia,Crescente,Céu Claro,Simples,Em Obras;Reta;Desvio Temporário,Sim,2,0,1,0,1,0,1,2,-26.87638265,-49.12335992,SPRF-SC,DEL04-SC,UOP01-DEL04-SC,2025
"662964,0",2025-02-22,sábado,16:30:00,SC,101,"399,9",MARACAJA,Demais falhas mecânicas ou elétricas,Tombamento,Com Vítimas Feridas,Pleno dia,Crescente,Céu Claro,Múltipla,Aclive,Sim,2,0,1,1,0,0,2,1,-28.8656596,-49.44795012,SPRF-SC,DEL02-SC,UOP02-DEL02-SC,2025
"662975,0",2025-01-01,quarta-feira,18:00:00,SC,280,"143,9",MAFRA,Transitar na contramão,Colisão frontal,Com Vítimas Feridas,Anoitecer,Decrescente,Garoa/Chuvisco,Simples,Curva,Não,7,0,4,1,2,0,5,3,-26.24541406,-49.63661103,SPRF-SC,DEL06-SC,UOP03-DEL06-SC,2025
"662983,0",2025-02-22,sábado,18:20:00,SC,101,"84,5",BARRA VELHA,Ausência de reação do condutor,Colisão com objeto,Com Vítimas Feridas,Plena Noite,Decrescente,Nublado,Múltipla,Reta,Não,2,0,1,0,1,0,1,1,-26.62216725,-48.71623278,SPRF-SC,DEL03-SC,UOP02-DEL03-SC,2025
"663026,0",2025-02-22,sábado,21:27:00,SC,470,"36,3",GASPAR,Ingestão de álcool pelo condutor,Colisão frontal,Com Vítimas Feridas,Plena Noite,Crescente,Céu Claro,Simples,Reta,Não,2,0,1,0,1,0,1,2,-26.9142144,-48.9719117,SPRF-SC,DEL04-SC,UOP01-DEL04-SC,2025
"663039,0",2025-02-22,sábado,22:30:00,SC,282,"519,0",XAXIM,Ausência de reação do condutor,Colisão traseira,Sem Vítimas,Plena Noite,Decrescente,Céu Claro,Simples,Reta;Declive,Não,6,0,0,0,6,0,0,2,-26.947913,-52.51815,SPRF-SC,DEL07-SC,UOP01-DEL07-SC,2025
"663040,0",2025-02-22,sábado,22:30:00,SC,101,"203,1",SAO JOSE,Desrespeitar a preferência no cruzamento,Colisão transversal,Com Vítimas Feridas,Plena Noite,Crescente,Chuva,Múltipla,Interseção de Vias;Viaduto,Sim,2,0,2,0,0,0,2,2,-27.56367793,-48.61577607,SPRF-SC,DEL01-SC,UOP01-DEL01-SC,2025
"663072,0",2025-02-22,sábado,23:50:00,SC,101,"93,5",BARRA VELHA,Manobra de mudança de faixa,Colisão lateral mesmo sentido,Com Vítimas Feridas,Plena Noite,Crescente,Nublado,Dupla,Reta,Não,3,0,2,0,1,0,2,2,-26.69531821,-48.69827271,SPRF-SC,DEL03-SC,UOP02-DEL03-SC,2025
"663073,0",2025-02-23,domingo,01:15:00,SC,280,"46,5",GUARAMIRIM,Ingestão de álcool pelo condutor,Colisão com objeto,Com Vítimas Feridas,Plena Noite,Crescente,Nublado,Dupla,Em Obras;Aclive;Desvio Temporário;Reta,Não,1,0,1,0,0,0,1,1,-26.453177,-48.912785,SPRF-SC,DEL03-SC,UOP03-DEL03-SC,2025
"663088,0",2025-01-20,segunda-feira,05:10:00,SC,101,"206,2",SAO JOSE,Velocidade Incompatível,Capotamento,Com Vítimas Feridas,Amanhecer,Crescente,Céu Claro,Múltipla,Reta,Sim,2,0,2,0,0,0,2,1,-27.59193546,-48.61824557,SPRF-SC,DEL01-SC,UOP01-DEL01-SC,2025
"663133,0",2025-01-15,quarta-feira,06:30:00,SC,470,"136,8",RIO DO SUL,Conversão proibida,Colisão transversal,Com Vítimas Feridas,Pleno dia,Crescente,Céu Claro,Simples,Reta,Sim,3,0,1,1,1,0,2,2,-27.188492,-49.61232,SPRF-SC,DEL04-SC,UOP02-DEL04-SC,2025
"663139,0",2025-02-23,domingo,10:20:00,SC,101,"73,0",ARAQUARI,Avarias e/ou desgaste excessivo no pneu,Queda de ocupante de veículo,Com Vítimas Feridas,Pleno dia,Decrescente,Céu Claro,Dupla,Reta,Não,2,0,2,0,0,0,2,1,-26.5358525,-48.7130785,SPRF-SC,DEL03-SC,UOP02-DEL03-SC,2025
"663155,0",2025-02-23,domingo,11:20:00,SC,282,"652,3",SAO MIGUEL DO OESTE,Desrespeitar a preferência no cruzamento,Colisão transversal,Com Vítimas Feridas,Pleno dia,Decrescente,Céu Claro,Simples,Interseção de Vias,Não,3,0,1,0,2,0,1,2,-26.70408811,-53.52890968,SPRF-SC,DEL07-SC,UOP03-DEL07-SC,2025
"663160,0",2025-02-23,domingo,11:55:00,SC,470,"89,8",RODEIO,Afundamento ou ondulação no pavimento,Saída de leito carroçável,Com Vítimas Feridas,Pleno dia,Crescente,Céu Claro,Simples,Curva,Não,2,0,1,0,1,0,1,1,-26.9511894,-49.3264928,SPRF-SC,DEL04-SC,UOP01-DEL04-SC,2025
"663184,0",2025-02-23,domingo,15:45:00,SC,101,"124,8",ITAJAI,Trafegar com motocicleta (ou similar) entre as faixas,Colisão lateral mesmo sentido,Com Vítimas Feridas,Pleno dia,Decrescente,Céu Claro,Dupla,Reta,Sim,2,0,1,0,1,0,1,2,-26.947222,-48.684698,SPRF-SC,DEL04-SC,UOP04-DEL04-SC,2025
"663188,0",2025-02-23,domingo,16:20:00,SC,280,"24,7",ARAQUARI,Acessar a via sem observar a presença dos outros veículos,Colisão transversal,Com Vítimas Feridas,Pleno dia,Crescente,Céu Claro,Simples,Reta,Sim,3,0,1,0,2,0,1,3,-26.382707,-48.72598,SPRF-SC,DEL03-SC,UOP03-DEL03-SC,2025
"663190,0",2025-02-23,domingo,16:40:00,SC,101,"225,0",PALHOCA,Ausência de reação do condutor,Queda de ocupante de veículo,Com Vítimas Feridas,Pleno dia,Crescente,Céu Claro,Dupla,Reta,Não,2,0,2,0,0,0,2,1,-27.74566255,-48.63658904,SPRF-SC,DEL01-SC,UOP02-DEL01-SC,2025
"663194,0",2025-02-23,domingo,15:25:00,SC,470,"244,5",CURITIBANOS,Demais falhas mecânicas ou elétricas,Queda de ocupante de veículo,Com Vítimas Feridas,Pleno dia,Crescente,Nublado,Simples,Reta,Não,2,0,0,2,0,0,2,1,-27.315017,-50.532997,SPRF-SC,DEL05-SC,UOP03-DEL05-SC,2025
"663210,0",2025-02-23,domingo,16:40:00,SC,282,"25,0",SANTO AMARO DA IMPERATRIZ,Frear bruscamente,Queda de ocupante de veículo,Com Vítimas Feridas,Pleno dia,Decrescente,Céu Claro,Simples,Viaduto,Não,2,0,1,0,1,0,1,2,-27.678422,-48.753423,SPRF-SC,DEL01-SC,UOP03-DEL01-SC,2025
"663252,0",2025-02-23,domingo,21:30:00,SC,101,"199,9",SAO JOSE,Reação tardia ou ineficiente do condutor,Colisão com objeto,Com Vítimas Feridas,Plena Noite,Crescente,Céu Claro,Dupla,Reta,Sim,1,0,0,1,0,0,1,1,-27.53964,-48.62339,SPRF-SC,DEL01-SC,UOP01-DEL01-SC,2025
"663273,0",2025-02-23,domingo,21:00:00,SC,280,"4,4",SAO FRANCISCO DO SUL,Transitar na contramão,Colisão lateral sentido oposto,Sem Vítimas,Plena Noite,Crescente,Céu Claro,Simples,Reta,Sim,2,0,0,0,2,0,0,2,-26.256653,-48.6221,SPRF-SC,DEL03-SC,UOP03-DEL03-SC,2025
"663310,0",2025-02-23,domingo,23:05:00,SC,470,"81,0",RODEIO,Transitar na contramão,Colisão transversal,Com Vítimas Feridas,Plena Noite,Crescente,Ignorado,Simples,Curva,Não,2,0,0,1,0,1,1,2,-26.95056,-49.32593,SPRF-SC,DEL04-SC,UOP01-DEL04-SC,2025
"663311,0",2025-02-24,segunda-feira,06:54:00,SC,101,"212,0",PALHOCA,Trafegar com motocicleta (ou similar) entre as faixas,Colisão traseira,Com Vítimas Feridas,Pleno dia,Decrescente,Céu Claro,Dupla,Reta,Sim,2,0,0,1,1,0,1,2,-27.62748348,-48.65655899,SPRF-SC,DEL01-SC,UOP02-DEL01-SC,2025
"663328,0",2025-02-24,segunda-feira,07:15:00,SC,280,"12,3",MAFRA,Acesso irregular,Colisão transversal,Com Vítimas Feridas,Pleno dia,Decrescente,Céu Claro,Simples,Interseção de Vias,Não,3,0,1,0,2,0,1,2,-26.17974211,-49.87106323,SPRF-SC,DEL03-SC,UOP03-DEL03-SC,2025
"663355,0",2025-02-24,segunda-feira,08:55:00,SC,101,"80,0",BARRA VELHA,Manobra de mudança de faixa,Colisão lateral mesmo sentido,Com Vítimas Feridas,Pleno dia,Decrescente,Sol,Dupla,Curva,Não,3,0,2,0,1,0,2,2,-26.6174464,-48.726016,SPRF-SC,DEL03-SC,UOP02-DEL03-SC,2025
"663376,0",2025-02-24,segunda-feira,11:30:00,SC,101,"331,6",TUBARAO,Mal súbito do condutor,Colisão traseira,Com Vítimas Feridas,Pleno dia,Crescente,Sol,Dupla,Rotatória,Sim,5,0,2,0,3,0,2,3,-28.46548101,-48.99563313,SPRF-SC,DEL02-SC,UOP01-DEL02-SC,2025
"663393,0",2025-02-24,segunda-feira,13:00:00,SC,101,"203,0",SAO JOSE,Manobra de mudança de faixa,Colisão lateral mesmo sentido,Com Vítimas Feridas,Pleno dia,Crescente,Sol,Múltipla,Reta,Sim,1,0,1,0,0,0,1,1,-27.56844183,-48.61392197,SPRF-SC,DEL01-SC,UOP01-DEL01-SC,2025
"663402,0",2025-02-24,segunda-feira,13:30:00,SC,101,"202,0",SAO JOSE,Reação tardia ou ineficiente do condutor,Colisão traseira,Sem Vítimas,Pleno dia,Crescente,Céu Claro,Dupla,Reta,Sim,4,0,0,0,4,0,0,4,-27.5574254,-48.61872911,SPRF-SC,DEL01-SC,UOP01-DEL01-SC,2025
"663406,0",2025-02-24,segunda-feira,13:50:00,SC,101,"338,8",TUBARAO,Ausência de reação do condutor,Engavetamento,Com Vítimas Feridas,Pleno dia,Decrescente,Sol,Múltipla,Reta;Ponte,Sim,5,0,4,0,1,0,4,4,-28.50223802,-49.04724419,SPRF-SC,DEL02-SC,UOP01-DEL02-SC,2025
"663429,0",2025-02-24,segunda-feira,11:15:00,SC,470,"142,4",RIO DO SUL,Ausência de reação do condutor,Saída de leito carroçável,Com Vítimas Feridas,Pleno dia,Decrescente,Céu Claro,Simples,Curva,Sim,1,0,1,0,0,0,1,1,-27.21583862,-49.65365303,SPRF-SC,DEL04-SC,UOP02-DEL04-SC,2025
"663430,0",2025-02-24,segunda-feira,16:00:00,SC,101,"197,8",BIGUACU,Objeto estático sobre o leito carroçável,Colisão com objeto,Com Vítimas Feridas,Pleno dia,Crescente,Céu Claro,Dupla,Reta,Sim,2,0,1,0,1,0,1,1,-27.524237,-48.636442,SPRF-SC,DEL01-SC,UOP01-DEL01-SC,2025
"663446,0",2025-02-24,segunda-feira,14:00:00,SC,282,"462,0",PONTE SERRADA,Reação tardia ou ineficiente do condutor,Saída de leito carroçável,Sem Vítimas,Pleno dia,Crescente,Céu Claro,Dupla,Rotatória,Sim,1,0,0,0,0,1,0,1,-26.85590932,-52.03176178,SPRF-SC,DEL07-SC,UOP04-DEL07-SC,2025
"663449,0",2025-02-24,segunda-feira,16:40:00,SC,101,"334,0",TUBARAO,Desrespeitar a preferência no cruzamento,Colisão transversal,Com Vítimas Feridas,Pleno dia,Decrescente,Céu Claro,Dupla,Interseção de Vias,Sim,6,0,1,0,5,0,1,2,-28.4707662,-49.01846409,SPRF-SC,DEL02-SC,UOP01-DEL02-SC,2025
"663457,0",2025-02-24,segunda-feira,15:00:00,SC,101,"447,0",SANTA ROSA DO SUL,Ausência de reação do condutor,Saída de leito carroçável,Com Vítimas Feridas,Pleno dia,Crescente,Céu Claro,Múltipla,Reta,Sim,3,0,1,1,1,0,2,1,-29.16398998,-49.74283218,SPRF-SC,DEL02-SC,UOP02-DEL02-SC,2025
"663469,0",2025-02-24,segunda-feira,17:00:00,SC,101,"376,7",ICARA,Demais falhas mecânicas ou elétricas,Tombamento,Com Vítimas Feridas,Pleno dia,Crescente,Céu Claro,Múltipla,Curva,Sim,1,0,1,0,0,0,1,1,-28.72463918,-49.23804045,SPRF-SC,DEL02-SC,UOP01-DEL02-SC,2025
"663470,0",2025-02-24,segunda-feira,18:10:00,SC,280,"3,0",SAO FRANCISCO DO SUL,Acessar a via sem observar a presença dos outros veículos,Colisão transversal,Com Vítimas Feridas,Anoitecer,Crescente,Céu Claro,Simples,Rotatória;Interseção de Vias,Sim,3,0,2,0,1,0,2,2,-26.25171436,-48.61785471,SPRF-SC,DEL03-SC,UOP03-DEL03-SC,2025
"663480,0",2025-02-24,segunda-feira,19:00:00,SC,101,"208,2",SAO JOSE,Reação tardia ou ineficiente do condutor,Colisão traseira,Com Vítimas Feridas,Plena Noite,Decrescente,Céu Claro,Múltipla,Reta;Declive,Sim,2,0,0,1,1,0,1,2,-27.60491023,-48.633185,SPRF-SC,DEL01-SC,UOP01-DEL01-SC,2025
"663487,0",2025-02-24,segunda-feira,19:30:00,SC,282,"210,2",SAO JOSE,Reação tardia ou ineficiente do condutor,Colisão traseira,Sem Vítimas,Plena Noite,Decrescente,Céu Claro,Múltipla,Reta,Sim,2,0,0,0,2,0,0,2,-27.615942,-48.644925,SPRF-SC,DEL05-SC,UOP01-DEL05-SC,2025
"663492,0",2025-02-24,segunda-feira,20:00:00,SC,101,"320,1",PESCARIA BRAVA,Conversão proibida,Colisão transversal,Com Vítimas Feridas,Plena Noite,Decrescente,Céu Claro,Simples,Reta,Sim,2,0,1,0,1,0,1,2,-28.42469047,-48.89753401,SPRF-SC,DEL02-SC,UOP01-DEL02-SC,2025
"663494,0",2025-02-24,segunda-feira,19:37:00,SC,280,"4,0",SAO FRANCISCO DO SUL,Condutor deixou de manter distância do veículo da frente,Colisão traseira,Com Vítimas Feridas,Plena Noite,Decrescente,Céu Claro,Simples,Reta,Não,3,0,1,0,2,0,1,2,-26.25708872,-48.62205505,SPRF-SC,DEL03-SC,UOP03-DEL03-SC,2025
"663495,0",2025-02-24,segunda-feira,19:50:00,SC,101,"206,6",SAO JOSE,Reação tardia ou ineficiente do condutor,Colisão traseira,Com Vítimas Feridas,Plena Noite,Decrescente,Céu Claro,Múltipla,Reta;Declive,Sim,2,0,1,0,1,0,1,2,-27.597782,-48.620298,SPRF-SC,DEL01-SC,UOP01-DEL01-SC,2025
"663512,0",2025-02-24,segunda-feira,21:30:00,SC,470,"53,9",BLUMENAU,Ausência de reação do condutor,Colisão com objeto,Com Vítimas Feridas,Plena Noite,Decrescente,Céu Claro,Simples,Em Obras;Reta,Não,1,0,1,0,0,0,1,1,-26.87120952,-49.11093056,SPRF-SC,DEL04-SC,UOP01-DEL04-SC,2025
"663535,0",2025-02-24,segunda-feira,23:04:00,SC,101,"309,0",LAGUNA,Ingestão de álcool pelo condutor,Saída de leito carroçável,Com Vítimas Feridas,Plena Noite,Crescente,Céu Claro,Múltipla,Reta,Não,1,0,1,0,0,0,1,1,-28.42192822,-48.79829764,SPRF-SC,DEL02-SC,UOP01-DEL02-SC,2025
"663556,0",2025-02-25,terça-feira,06:40:00,SC,470,"65,2",INDAIAL,Ingestão de álcool pelo condutor,Colisão traseira,Sem Vítimas,Amanhecer,Decrescente,Céu Claro,Simples,Em Obras;Reta,Não,2,0,0,0,2,0,0,2,-26.87044711,-49.2120402,SPRF-SC,DEL04-SC,UOP01-DEL04-SC,2025
"663557,0",2025-02-25,terça-feira,07:30:00,SC,101,"200,4",SAO JOSE,Reação tardia ou ineficiente do condutor,Colisão traseira,Com Vítimas Feridas,Pleno dia,Crescente,Céu Claro,Dupla,Reta,Sim,2,0,0,1,1,0,1,2,-27.54358,-48.62088,SPRF-SC,DEL01-SC,UOP01-DEL01-SC,2025
"663599,0",2025-02-25,terça-feira,12:05:00,SC,101,"197,0",BIGUACU,Demais falhas mecânicas ou elétricas,Tombamento,Com Vítimas Feridas,Pleno dia,Decrescente,Céu Claro,Múltipla,Reta,Sim,2,0,2,0,0,0,2,1,-27.5193802,-48.63758504,SPRF-SC,DEL01-SC,UOP01-DEL01-SC,2025
"663605,0",2025-02-25,terça-feira,12:10:00,SC,470,"325,0",CAMPOS NOVOS,Ausência de reação do condutor,Colisão com objeto,Com Vítimas Feridas,Pleno dia,Crescente,Céu Claro,Simples,Interseção de Vias,Não,2,0,2,0,0,0,2,1,-27.37451123,-51.06651306,SPRF-SC,DEL07-SC,UOP06-DEL07-SC,2025
"663640,0",2025-02-25,terça-feira,16:00:00,SC,101,"149,0",ITAPEMA,Transitar na contramão,Colisão frontal,Com Vítimas Feridas,Pleno dia,Crescente,Céu Claro,Simples,Reta,Sim,2,0,0,1,0,1,1,2,-27.09068918,-48.61724854,SPRF-SC,DEL04-SC,UOP03-DEL04-SC,2025
"663671,0",2025-02-25,terça-feira,18:50:00,SC,101,"120,9",ITAJAI,Acessar a via sem observar a presença dos outros veículos,Colisão lateral mesmo sentido,Com Vítimas Feridas,Plena Noite,Crescente,Céu Claro,Dupla,Reta,Sim,2,0,1,0,0,1,1,2,-26.9206559,-48.7076909,SPRF-SC,DEL04-SC,UOP04-DEL04-SC,2025
"663673,0",2025-02-25,terça-feira,18:30:00,SC,282,"2,9",FLORIANOPOLIS,Reação tardia ou ineficiente do condutor,Colisão traseira,Com Vítimas Feridas,Plena Noite,Crescente,Céu Claro,Múltipla,Curva,Sim,3,0,1,0,2,0,1,3,-27.6010259,-48.59874666,SPRF-SC,DEL01-SC,UOP01-DEL01-SC,2025
"663696,0",2025-02-25,terça-feira,17:10:00,SC,282,"22,2",SANTO AMARO DA IMPERATRIZ,Reação tardia ou ineficiente do condutor,Tombamento,Com Vítimas Feridas,Pleno dia,Crescente,Sol,Simples,Reta,Sim,1,0,1,0,0,0,1,1,-27.68897114,-48.73041609,SPRF-SC,DEL01-SC,UOP02-DEL01-SC,2025
"663705,0",2025-02-25,terça-feira,21:15:00,SC,470,"53,2",BLUMENAU,Ausência de sinalização,Colisão com objeto,Com Vítimas Feridas,Plena Noite,Decrescente,Ignorado,Dupla,Em Obras;Curva,Sim,1,0,0,1,0,0,1,1,-26.8682479,-49.10381198,SPRF-SC,DEL04-SC,UOP01-DEL04-SC,2025
"663707,0",2025-02-25,terça-feira,17:44:00,SC,280,"28,0",ARAQUARI,Transitar no Acostamento,Colisão transversal,Com Vítimas Feridas,Pleno dia,Crescente,Sol,Simples,Reta,Sim,3,0,2,0,1,0,2,2,-26.4041716,-48.7453123,SPRF-SC,DEL03-SC,UOP03-DEL03-SC,2025
"663712,0",2025-02-25,terça-feira,22:10:00,SC,282,"74,0",RANCHO QUEIMADO,Demais falhas mecânicas ou elétricas,Incêndio,Sem Vítimas,Plena Noite,Crescente,Nevoeiro/Neblina,Simples,Curva,Não,1,0,0,0,1,0,0,1,-27.687104,-49.034993,SPRF-SC,DEL01-SC,UOP03-DEL01-SC,2025