id,data_inversa,dia_semana,horario,uf,br,km,municipio,causa_acidente,tipo_acidente,classificacao_acidente,fase_dia,sentido_via,condicao_metereologica,tipo_pista,tracado_via,uso_solo,pessoas,mortos,feridos_leves,feridos_graves,ilesos,ignorados,feridos,veiculos,latitude,longitude,regional,delegacia,uop,ano_arquivo
"663713,0",2025-02-25,terça-feira,20:57:00,SC,101,"196,1",BIGUACU,Reação tardia ou ineficiente do condutor,Atropelamento de Pedestre,Com Vítimas Feridas,Plena Noite,Decrescente,Céu Claro,Dupla,Reta,Sim,2,0,1,0,0,1,1,2,-27.511358,-48.64232,SPRF-SC,DEL01-SC,UOP01-DEL01-SC,2025
"663755,0",2025-02-26,quarta-feira,07:35:00,SC,280,"26,8",ARAQUARI,Condutor deixou de manter distância do veículo da frente,Colisão lateral mesmo sentido,Com Vítimas Feridas,Pleno dia,Crescente,Céu Claro,Simples,Reta,Não,3,0,2,0,1,0,2,2,-26.396508,-48.740423,SPRF-SC,DEL03-SC,UOP03-DEL03-SC,2025
"663761,0",2025-02-26,quarta-feira,08:45:00,SC,101,"273,1",IMBITUBA,Manobra de mudança de faixa,Colisão traseira,Com Vítimas Feridas,Pleno dia,Crescente,Céu Claro,Dupla,Reta,Não,2,0,1,0,1,0,1,2,-28.13373562,-48.69227126,SPRF-SC,DEL02-SC,UOP03-DEL02-SC,2025
"663769,0",2025-02-26,quarta-feira,08:55:00,SC,101,"200,6",SAO JOSE,Conversão proibida,Colisão lateral mesmo sentido,Com Vítimas Feridas,Pleno dia,Decrescente,Sol,Múltipla,Reta;Interseção de Vias,Sim,2,0,0,1,1,0,1,2,-27.54524212,-48.61963034,SPRF-SC,DEL01-SC,UOP01-DEL01-SC,2025
"663803,0",2025-02-26,quarta-feira,12:15:00,SC,282,"16,0",PALHOCA,Condutor deixou de manter distância do veículo da frente,Colisão traseira,Com Vítimas Feridas,Pleno dia,Decrescente,Céu Claro,Simples,Reta,Não,4,0,2,0,1,1,2,3,-27.656002,-48.680635,SPRF-SC,DEL01-SC,UOP02-DEL01-SC,2025
"663819,0",2025-02-26,quarta-feira,13:00:00,SC,101,"109,6",PENHA,Acumulo de areia ou detritos sobre o pavimento,Tombamento,Com Vítimas Feridas,Pleno dia,Crescente,Sol,Dupla,Reta,Sim,1,0,1,0,0,0,1,1,-26.83454182,-48.70204389,SPRF-SC,DEL03-SC,UOP02-DEL03-SC,2025
"663827,0",2025-02-26,quarta-feira,14:30:00,SC,101,"151,0",ITAPEMA,Condutor deixou de manter distância do veículo da frente,Colisão lateral mesmo sentido,Com Vítimas Feridas,Pleno dia,Decrescente,Sol,Dupla,Reta,Sim,2,0,0,1,1,0,1,2,-27.13081841,-48.60964179,SPRF-SC,DEL04-SC,UOP03-DEL04-SC,2025
"663839,0",2025-02-26,quarta-feira,15:05:00,SC,101,"45,0",JOINVILLE,Reação tardia ou ineficiente do condutor,Colisão lateral mesmo sentido,Com Vítimas Feridas,Pleno dia,Decrescente,Céu Claro,Dupla,Reta,Sim,3,0,1,0,2,0,1,2,-26.35029241,-48.85774302,SPRF-SC,DEL03-SC,UOP01-DEL03-SC,2025
"663852,0",2025-02-26,quarta-feira,16:29:00,SC,101,"154,0",PORTO BELO,Ausência de reação do condutor,Colisão traseira,Com Vítimas Feridas,Pleno dia,Decrescente,Céu Claro,Dupla,Reta,Sim,2,0,0,1,1,0,1,2,-27.15756004,-48.61070395,SPRF-SC,DEL04-SC,UOP03-DEL04-SC,2025
"663869,0",2025-02-26,quarta-feira,17:52:00,SC,280,"33,0",ARAQUARI,Ausência de reação do condutor,Colisão transversal,Com Vítimas Feridas,Pleno dia,Decrescente,Céu Claro,Simples,Retorno Regulamentado,Não,2,0,0,1,1,0,1,2,-26.425246,-48.786582,SPRF-SC,DEL03-SC,UOP03-DEL03-SC,2025
"663870,0",2025-02-26,quarta-feira,17:50:00,SC,470,"137,0",RIO DO SUL,Condutor deixou de manter distância do veículo da frente,Colisão traseira,Com Vítimas Feridas,Pleno dia,Crescente,Sol,Simples,Reta,Sim,3,0,0,1,2,0,1,3,-27.1882192,-49.6114674,SPRF-SC,DEL04-SC,UOP02-DEL04-SC,2025
"663875,0",2025-02-26,quarta-feira,18:10:00,SC,470,"66,0",INDAIAL,Ausência de reação do condutor,Colisão traseira,Com Vítimas Feridas,Pleno dia,Crescente,Céu Claro,Simples,Reta,Sim,3,0,2,0,1,0,2,2,-26.87036299,-49.22173262,SPRF-SC,DEL04-SC,UOP01-DEL04-SC,2025
"663877,0",2025-02-26,quarta-feira,17:40:00,SC,282,"1,6",FLORIANOPOLIS,Condutor deixou de manter distância do veículo da frente,Colisão traseira,Com Vítimas Feridas,Pleno dia,Crescente,Céu Claro,Simples,Reta,Sim,2,0,1,0,1,0,1,2,-27.5939328,-48.5556224,SPRF-SC,DEL01-SC,UOP01-DEL01-SC,2025
"663901,0",2025-02-26,quarta-feira,20:00:00,SC,101,"318,5",PESCARIA BRAVA,Ausência de reação do condutor,Tombamento,Com Vítimas Feridas,Plena Noite,Decrescente,Céu Claro,Múltipla,Reta,Não,1,0,1,0,0,0,1,1,-28.42726012,-48.88486862,SPRF-SC,DEL02-SC,UOP01-DEL02-SC,2025
"663909,0",2025-02-26,quarta-feira,21:50:00,SC,282,"20,4",PALHOCA,Velocidade Incompatível,Colisão com objeto,Com Vítimas Feridas,Plena Noite,Decrescente,Céu Claro,Simples,Reta,Não,1,0,0,1,0,0,1,1,-27.686999,-48.713451,SPRF-SC,DEL01-SC,UOP02-DEL01-SC,2025
"663917,0",2025-02-26,quarta-feira,23:30:00,SC,282,"123,5",BOM RETIRO,Frear bruscamente,Colisão traseira,Com Vítimas Feridas,Plena Noite,Crescente,Nublado,Simples,Reta,Não,2,0,2,0,0,0,2,2,-27.80282929,-49.44216728,SPRF-SC,DEL05-SC,UOP01-DEL05-SC,2025
"663965,0",2025-02-27,quinta-feira,08:30:00,SC,101,"118,2",ITAJAI,Reação tardia ou ineficiente do condutor,Colisão lateral mesmo sentido,Com Vítimas Feridas,Pleno dia,Crescente,Nublado,Dupla,Reta,Sim,2,0,1,0,1,0,1,2,-26.89329148,-48.72024536,SPRF-SC,DEL04-SC,UOP04-DEL04-SC,2025
"664039,0",2025-02-27,quinta-feira,17:00:00,SC,282,"22,0",SANTO AMARO DA IMPERATRIZ,Demais falhas mecânicas ou elétricas,Incêndio,Sem Vítimas,Pleno dia,Crescente,Céu Claro,Simples,Reta,Sim,1,0,0,0,1,0,0,1,-27.688855,-48.73078,SPRF-SC,DEL01-SC,UOP02-DEL01-SC,2025
"664041,0",2025-02-27,quinta-feira,17:00:00,SC,280,"49,8",GUARAMIRIM,Conversão proibida,Colisão traseira,Com Vítimas Feridas,Pleno dia,Crescente,Céu Claro,Simples,Aclive,Sim,2,0,1,0,1,0,1,2,-26.4770441,-49.0011526,SPRF-SC,DEL03-SC,UOP03-DEL03-SC,2025
"664043,0",2025-02-27,quinta-feira,17:20:00,SC,282,"19,0",PALHOCA,Ausência de reação do condutor,Colisão traseira,Com Vítimas Feridas,Pleno dia,Crescente,Céu Claro,Simples,Viaduto,Não,2,0,1,0,1,0,1,2,-27.678815,-48.702333,SPRF-SC,DEL01-SC,UOP02-DEL01-SC,2025
"664051,0",2025-02-27,quinta-feira,17:40:00,SC,101,"142,0",ITAPEMA,Reação tardia ou ineficiente do condutor,Colisão traseira,Com Vítimas Feridas,Anoitecer,Crescente,Céu Claro,Dupla,Curva,Não,2,0,0,1,1,0,1,2,-27.0659597,-48.5955547,SPRF-SC,DEL04-SC,UOP03-DEL04-SC,2025
"664080,0",2025-02-27,quinta-feira,19:00:00,SC,470,"50,0",BLUMENAU,Ingestão de álcool pelo condutor,Colisão traseira,Sem Vítimas,Plena Noite,Crescente,Céu Claro,Múltipla,Reta,Não,2,0,0,0,2,0,0,2,-26.86279,-49.08938,SPRF-SC,DEL04-SC,UOP01-DEL04-SC,2025
"664100,0",2025-02-27,quinta-feira,17:40:00,SC,282,"419,0",VARGEM BONITA,Condutor deixou de manter distância do veículo da frente,Colisão traseira,Sem Vítimas,Pleno dia,Decrescente,Chuva,Simples,Curva;Aclive,Não,2,0,0,0,2,0,0,2,-27.02452385,-51.73204422,SPRF-SC,DEL07-SC,UOP05-DEL07-SC,2025
"664112,0",2025-02-27,quinta-feira,21:56:00,SC,101,"38,7",JOINVILLE,Desrespeitar a preferência no cruzamento,Colisão transversal,Com Vítimas Feridas,Plena Noite,Decrescente,Nublado,Simples,Interseção de Vias,Sim,2,0,1,0,1,0,1,2,-26.2963071,-48.8842591,SPRF-SC,DEL03-SC,UOP01-DEL03-SC,2025
"664115,0",2025-02-27,quinta-feira,22:20:00,SC,101,"215,5",PALHOCA,Reação tardia ou ineficiente do condutor,Tombamento,Com Vítimas Feridas,Plena Noite,Crescente,Nublado,Múltipla,Reta,Sim,1,0,1,0,0,0,1,1,-27.65493449,-48.67846111,SPRF-SC,DEL01-SC,UOP02-DEL01-SC,2025
"664120,0",2025-02-27,quinta-feira,21:15:00,SC,101,"65,0",ARAQUARI,Ausência de reação do condutor,Colisão traseira,Com Vítimas Feridas,Plena Noite,Decrescente,Céu Claro,Dupla,Reta,Sim,4,0,1,1,2,0,2,3,-26.47556703,-48.74086618,SPRF-SC,DEL03-SC,UOP02-DEL03-SC,2025
"664121,0",2025-02-27,quinta-feira,18:45:00,SC,101,"139,0",BALNEARIO CAMBORIU,Pista Escorregadia,Tombamento,Com Vítimas Feridas,Anoitecer,Crescente,Céu Claro,Múltipla,Aclive,Não,1,0,1,0,0,0,1,1,-27.03474023,-48.60085487,SPRF-SC,DEL04-SC,UOP03-DEL04-SC,2025
"664123,0",2025-02-27,quinta-feira,23:00:00,SC,470,"1,9",NAVEGANTES,Ingestão de álcool pelo condutor,Tombamento,Com Vítimas Feridas,Plena Noite,Decrescente,Céu Claro,Múltipla,Em Obras;Reta,Sim,1,0,1,0,0,0,1,1,-26.87122253,-48.67250204,SPRF-SC,DEL04-SC,UOP04-DEL04-SC,2025
"664139,0",2025-02-28,sexta-feira,05:19:00,SC,282,"206,0",SAO JOSE,Ingestão de álcool pelo condutor,Colisão com objeto,Sem Vítimas,Amanhecer,Decrescente,Céu Claro,Múltipla,Reta,Não,1,0,0,0,0,1,0,1,-27.58923034,-48.61719489,SPRF-SC,DEL05-SC,UOP01-DEL05-SC,2025
"664143,0",2025-02-28,sexta-feira,05:45:00,SC,101,"374,0",ICARA,Ingestão de álcool pelo condutor,Saída de leito carroçável,Sem Vítimas,Amanhecer,Decrescente,Céu Claro,Dupla,Reta,Não,1,0,0,0,1,0,0,1,-28.74733188,-49.2611289,SPRF-SC,DEL02-SC,UOP01-DEL02-SC,2025
"664162,0",2025-02-28,sexta-feira,08:00:00,SC,101,"199,0",SAO JOSE,Acessar a via sem observar a presença dos outros veículos,Colisão transversal,Com Vítimas Feridas,Pleno dia,Crescente,Céu Claro,Múltipla,Reta,Não,3,0,1,1,1,0,2,2,-27.53345617,-48.63103509,SPRF-SC,DEL01-SC,UOP01-DEL01-SC,2025
"664163,0",2025-02-28,sexta-feira,07:44:00,SC,470,"167,9",POUSO REDONDO,Velocidade Incompatível,Tombamento,Com Vítimas Feridas,Pleno dia,Decrescente,Céu Claro,Simples,Reta,Não,1,0,1,0,0,0,1,1,-27.252385,-49.95424,SPRF-SC,DEL04-SC,UOP02-DEL04-SC,2025
"664178,0",2025-02-28,sexta-feira,08:40:00,SC,101,"143,0",ITAPEMA,Ausência de reação do condutor,Colisão traseira,Com Vítimas Feridas,Pleno dia,Crescente,Céu Claro,Dupla,Reta,Não,4,0,1,0,3,0,1,2,-27.076714,-48.597706,SPRF-SC,DEL04-SC,UOP03-DEL04-SC,2025
"664198,0",2025-02-28,sexta-feira,11:30:00,SC,282,"20,4",PALHOCA,Manobra de mudança de faixa,Colisão lateral mesmo sentido,Com Vítimas Feridas,Pleno dia,Crescente,Céu Claro,Simples,Declive;Reta;Retorno Regulamentado,Sim,2,0,1,0,1,0,1,2,-27.68663387,-48.71321797,SPRF-SC,DEL01-SC,UOP02-DEL01-SC,2025
"664210,0",2025-02-28,sexta-feira,12:35:00,SC,282,"5,1",SAO JOSE,Trafegar com motocicleta (ou similar) entre as faixas,Colisão lateral mesmo sentido,Com Vítimas Feridas,Pleno dia,Decrescente,Céu Claro,Múltipla,Reta;Declive,Sim,2,0,1,0,1,0,1,2,-27.58821377,-48.61338615,SPRF-SC,DEL01-SC,UOP01-DEL01-SC,2025
"664213,0",2025-02-28,sexta-feira,09:25:00,SC,101,"285,0",IMBITUBA,Manobra de mudança de faixa,Colisão lateral mesmo sentido,Sem Vítimas,Pleno dia,Crescente,Céu Claro,Dupla,Reta,Não,3,0,0,0,3,0,0,2,-28.241101,-48.700177,SPRF-SC,DEL02-SC,UOP03-DEL02-SC,2025
"664247,0",2025-02-28,sexta-feira,15:10:00,SC,101,"215,5",PALHOCA,Ausência de reação do condutor,Colisão lateral mesmo sentido,Com Vítimas Feridas,Pleno dia,Crescente,Céu Claro,Dupla,Reta,Sim,3,0,2,0,1,0,2,2,-27.653957,-48.678052,SPRF-SC,DEL01-SC,UOP02-DEL01-SC,2025
"664249,0",2025-02-28,sexta-feira,15:15:00,SC,101,"207,0",SAO JOSE,Manobra de mudança de faixa,Colisão lateral mesmo sentido,Com Vítimas Feridas,Pleno dia,Decrescente,Céu Claro,Múltipla,Reta,Sim,3,0,1,1,0,1,2,2,-27.60213831,-48.6283797,SPRF-SC,DEL01-SC,UOP01-DEL01-SC,2025
"664267,0",2025-02-28,sexta-feira,15:00:00,SC,101,"133,0",BALNEARIO CAMBORIU,Reação tardia ou ineficiente do condutor,Colisão traseira,Com Vítimas Feridas,Pleno dia,Decrescente,Sol,Múltipla,Reta,Sim,2,0,1,0,1,0,1,2,-26.99765919,-48.65086734,SPRF-SC,DEL04-SC,UOP03-DEL04-SC,2025
"664275,0",2025-02-28,sexta-feira,17:05:00,SC,101,"108,2",PENHA,Afundamento ou ondulação no pavimento,Tombamento,Com Vítimas Feridas,Pleno dia,Decrescente,Céu Claro,Dupla,Reta,Sim,1,0,1,0,0,0,1,1,-26.82834,-48.69214,SPRF-SC,DEL03-SC,UOP02-DEL03-SC,2025
"664280,0",2025-02-28,sexta-feira,16:45:00,SC,282,"25,8",SANTO AMARO DA IMPERATRIZ,Conversão proibida,Colisão transversal,Com Vítimas Feridas,Pleno dia,Decrescente,Céu Claro,Simples,Curva,Sim,2,0,0,1,1,0,1,2,-27.68059827,-48.7877512,SPRF-SC,DEL01-SC,UOP03-DEL01-SC,2025
"664282,0",2025-02-28,sexta-feira,13:00:00,SC,101,"379,2",ICARA,Ausência de reação do condutor,Colisão com objeto,Com Vítimas Feridas,Pleno dia,Decrescente,Céu Claro,Múltipla,Reta;Declive,Não,1,0,1,0,0,0,1,1,-28.75507917,-49.27747428,SPRF-SC,DEL02-SC,UOP02-DEL02-SC,2025
"664283,0",2025-02-28,sexta-feira,12:05:00,SC,280,"213,5",TRES BARRAS,Transitar na contramão,Colisão frontal,Com Vítimas Fatais,Pleno dia,Decrescente,Céu Claro,Simples,Aclive;Reta,Não,2,1,1,0,0,0,1,2,-26.18207,-50.202133,SPRF-SC,DEL06-SC,UOP04-DEL06-SC,2025
"664304,0",2025-02-28,sexta-feira,18:00:00,SC,101,"99,5",BALNEARIO PICARRAS,Avarias e/ou desgaste excessivo no pneu,Tombamento,Com Vítimas Feridas,Pleno dia,Crescente,Céu Claro,Dupla,Reta,Não,2,0,2,0,0,0,2,1,-26.75472027,-48.68976116,SPRF-SC,DEL03-SC,UOP02-DEL03-SC,2025
"664343,0",2025-02-28,sexta-feira,19:30:00,SC,470,"251,1",CURITIBANOS,Demais falhas na via,Queda de ocupante de veículo,Com Vítimas Fatais,Plena Noite,Crescente,Céu Claro,Simples,Curva,Não,3,1,0,1,0,1,1,2,-27.3125219,-50.5987834,SPRF-SC,DEL05-SC,UOP03-DEL05-SC,2025
"664347,0",2025-02-28,sexta-feira,21:00:00,SC,282,"446,0",PONTE SERRADA,Manobra de mudança de faixa,Colisão lateral mesmo sentido,Sem Vítimas,Plena Noite,Crescente,Céu Claro,Dupla,Curva,Não,6,0,0,0,6,0,0,2,-26.913,-51.90526,SPRF-SC,DEL07-SC,UOP04-DEL07-SC,2025
"664366,0",2025-03-01,sábado,00:15:00,SC,470,"53,2",BLUMENAU,Ausência de sinalização,Saída de leito carroçável,Sem Vítimas,Plena Noite,Decrescente,Nublado,Múltipla,Reta,Sim,1,0,0,0,1,0,0,1,-26.86833,-49.10434,SPRF-SC,DEL04-SC,UOP01-DEL04-SC,2025
"664368,0",2025-02-28,sexta-feira,23:20:00,SC,116,"140,5",SANTA CECILIA,Reação tardia ou ineficiente do condutor,Colisão com objeto,Com Vítimas Feridas,Plena Noite,Decrescente,Nublado,Simples,Curva;Declive,Não,3,0,3,0,0,0,3,1,-26.9752878,-50.39947852,SPRF-SC,DEL06-SC,UOP02-DEL06-SC,2025
"664374,0",2025-02-28,sexta-feira,16:00:00,SC,101,"57,0",ARAQUARI,Reação tardia ou ineficiente do condutor,Colisão traseira,Com Vítimas Feridas,Pleno dia,Crescente,Sol,Dupla,Reta,Não,3,0,2,0,1,0,2,2,-26.43618535,-48.81268501,SPRF-SC,DEL03-SC,UOP01-DEL03-SC,2025
"664377,0",2025-03-01,sábado,01:47:00,SC,282,"208,6",SAO JOSE,Manobra de mudança de faixa,Colisão traseira,Com Vítimas Feridas,Plena Noite,Crescente,Céu Claro,Múltipla,Aclive;Reta,Não,3,0,1,0,2,0,1,2,-27.60466734,-48.63364756,SPRF-SC,DEL05-SC,UOP01-DEL05-SC,2025
"664459,0",2025-03-01,sábado,08:15:00,SC,101,"230,9",PALHOCA,Demais falhas mecânicas ou elétricas,Incêndio,Sem Vítimas,Pleno dia,Crescente,Céu Claro,Dupla,Reta,Não,1,0,0,0,1,0,0,1,-27.78724335,-48.63589525,SPRF-SC,DEL01-SC,UOP02-DEL01-SC,2025
"664473,0",2025-03-01,sábado,07:45:00,SC,282,"169,0",BOCAINA DO SUL,Ausência de reação do condutor,Saída de leito carroçável,Sem Vítimas,Pleno dia,Crescente,Céu Claro,Simples,Curva,Não,3,0,0,0,0,3,0,1,-27.74135288,-49.84282494,SPRF-SC,DEL05-SC,UOP01-DEL05-SC,2025
"664474,0",2025-03-01,sábado,10:35:00,SC,101,"126,0",ITAJAI,Manobra de mudança de faixa,Colisão transversal,Com Vítimas Feridas,Pleno dia,Crescente,Céu Claro,Dupla,Reta,Sim,3,0,1,0,2,0,1,2,-26.962732,-48.682703,SPRF-SC,DEL04-SC,UOP04-DEL04-SC,2025
"664478,0",2025-03-01,sábado,10:45:00,SC,101,"212,0",PALHOCA,Acumulo de areia ou detritos sobre o pavimento,Tombamento,Com Vítimas Feridas,Pleno dia,Crescente,Céu Claro,Dupla,Reta,Sim,2,0,2,0,0,0,2,1,-27.87792833,-48.72389317,SPRF-SC,DEL01-SC,UOP02-DEL01-SC,2025
"664485,0",2025-03-01,sábado,11:05:00,SC,101,"311,0",LAGUNA,Desrespeitar a preferência no cruzamento,Colisão transversal,Com Vítimas Feridas,Pleno dia,Decrescente,Céu Claro,Simples,Retorno Regulamentado;Interseção de Vias;Viaduto;Rotatória;Declive,Sim,5,0,1,0,4,0,1,2,-28.440319,-48.81266,SPRF-SC,DEL02-SC,UOP01-DEL02-SC,2025
"664491,0",2025-03-01,sábado,11:50:00,SC,101,"221,0",PALHOCA,Acessar a via sem observar a presença dos outros veículos,Colisão lateral mesmo sentido,Com Vítimas Feridas,Pleno dia,Decrescente,Céu Claro,Dupla,Interseção de Vias;Viaduto,Sim,2,0,1,0,1,0,1,2,-27.70617965,-48.65731537,SPRF-SC,DEL01-SC,UOP02-DEL01-SC,2025
"664503,0",2025-03-01,sábado,13:00:00,SC,101,"228,8",PALHOCA,Conversão proibida,Colisão lateral mesmo sentido,Com Vítimas Feridas,Pleno dia,Decrescente,Céu Claro,Múltipla,Reta;Declive,Sim,2,0,1,0,1,0,1,2,-27.7634513,-48.63045037,SPRF-SC,DEL01-SC,UOP02-DEL01-SC,2025
"664507,0",2025-03-01,sábado,10:45:00,SC,101,"131,6",CAMBORIU,Manobra de mudança de faixa,Colisão lateral mesmo sentido,Com Vítimas Feridas,Pleno dia,Crescente,Céu Claro,Dupla,Reta,Sim,2,0,0,1,0,1,1,2,-26.9943,-48.65938,SPRF-SC,DEL04-SC,UOP03-DEL04-SC,2025
"664518,0",2025-03-01,sábado,14:00:00,SC,282,"44,0",RANCHO QUEIMADO,Reação tardia ou ineficiente do condutor,Tombamento,Sem Vítimas,Pleno dia,Decrescente,Céu Claro,Simples,Curva,Não,1,0,0,0,1,0,0,1,-27.709665,-48.948835,SPRF-SC,DEL01-SC,UOP03-DEL01-SC,2025
"664546,0",2025-03-01,sábado,16:15:00,SC,470,"0,7",NAVEGANTES,Objeto estático sobre o leito carroçável,Colisão com objeto,Com Vítimas Fatais,Pleno dia,Crescente,Céu Claro,Dupla,Reta,Sim,2,1,1,0,0,0,1,1,-26.87679415,-48.66668701,SPRF-SC,DEL04-SC,UOP04-DEL04-SC,2025
"664553,0",2025-03-01,sábado,17:30:00,SC,101,"149,0",ITAPEMA,Carga excessiva e/ou mal acondicionada,Colisão traseira,Com Vítimas Feridas,Pleno dia,Crescente,Céu Claro,Dupla,Reta;Declive,Sim,2,0,1,0,1,0,1,2,-27.108012,-48.613646,SPRF-SC,DEL04-SC,UOP03-DEL04-SC,2025
"664555,0",2025-03-01,sábado,17:30:00,SC,282,"4,9",SAO JOSE,Demais falhas mecânicas ou elétricas,Queda de ocupante de veículo,Com Vítimas Feridas,Pleno dia,Crescente,Céu Claro,Dupla,Reta,Sim,2,0,2,0,0,0,2,1,-27.58848531,-48.61242819,SPRF-SC,DEL01-SC,UOP01-DEL01-SC,2025
"664557,0",2025-03-01,sábado,17:20:00,SC,101,"204,1",SAO JOSE,Ingestão de álcool pelo condutor,Colisão com objeto,Com Vítimas Feridas,Pleno dia,Decrescente,Céu Claro,Múltipla,Reta,Sim,1,0,1,0,0,0,1,1,-27.57535171,-48.61316621,SPRF-SC,DEL01-SC,UOP01-DEL01-SC,2025
"664570,0",2025-03-01,sábado,19:00:00,SC,101,"264,0",GAROPABA,Ausência de reação do condutor,Capotamento,Com Vítimas Feridas,Anoitecer,Crescente,Céu Claro,Dupla,Curva,Sim,4,0,0,4,0,0,4,1,-28.056819,-48.71752024,SPRF-SC,DEL02-SC,UOP03-DEL02-SC,2025
"664571,0",2025-03-01,sábado,19:05:00,SC,101,"126,5",ITAJAI,Ausência de reação do condutor,Tombamento,Com Vítimas Feridas,Anoitecer,Decrescente,Céu Claro,Dupla,Reta,Não,2,0,1,1,0,0,2,1,-26.95785094,-48.67938995,SPRF-SC,DEL04-SC,UOP04-DEL04-SC,2025
"664577,0",2025-03-01,sábado,18:10:00,SC,101,"133,7",BALNEARIO CAMBORIU,Desrespeitar a preferência no cruzamento,Colisão transversal,Com Vítimas Feridas,Pleno dia,Crescente,Sol,Múltipla,Interseção de Vias,Sim,2,0,0,1,0,1,1,2,-27.00216959,-48.63797241,SPRF-SC,DEL04-SC,UOP03-DEL04-SC,2025
"664582,0",2025-03-01,sábado,17:30:00,SC,101,"226,8",PALHOCA,Avarias e/ou desgaste excessivo no pneu,Tombamento,Com Vítimas Feridas,Anoitecer,Decrescente,Céu Claro,Múltipla,Aclive;Reta,Sim,2,0,2,0,0,0,2,1,-27.74732028,-48.63612592,SPRF-SC,DEL01-SC,UOP02-DEL01-SC,2025
"664590,0",2025-03-01,sábado,19:00:00,SC,282,"96,0",ALFREDO WAGNER,Mal súbito do condutor,Saída de leito carroçável,Com Vítimas Feridas,Plena Noite,Crescente,Céu Claro,Simples,Curva,Não,1,0,0,1,0,0,1,1,-27.71287603,-49.24970085,SPRF-SC,DEL01-SC,UOP03-DEL01-SC,2025
"664591,0",2025-03-01,sábado,20:45:00,SC,101,"326,0",CAPIVARI DE BAIXO,Demais falhas mecânicas ou elétricas,Tombamento,Com Vítimas Feridas,Plena Noite,Decrescente,Céu Claro,Múltipla,Reta,Sim,1,0,1,0,0,0,1,1,-28.42901505,-48.94928455,SPRF-SC,DEL02-SC,UOP01-DEL02-SC,2025
"664596,0",2025-03-01,sábado,19:15:00,SC,280,"305,0",PORTO UNIAO,Acessar a via sem observar a presença dos outros veículos,Colisão transversal,Com Vítimas Feridas,Plena Noite,Crescente,Céu Claro,Simples,Reta,Sim,3,0,1,0,2,0,1,2,-26.2639058,-51.0623595,SPRF-SC,DEL06-SC,UOP04-DEL06-SC,2025
"664599,0",2025-03-01,sábado,20:40:00,SC,470,"9,6",NAVEGANTES,Ausência de reação do condutor,Colisão transversal,Com Vítimas Feridas,Plena Noite,Crescente,Céu Claro,Dupla,Reta,Não,2,0,0,1,1,0,1,2,-26.8340624,-48.73608112,SPRF-SC,DEL04-SC,UOP04-DEL04-SC,2025
"664604,0",2025-03-01,sábado,21:30:00,SC,101,"112,0",NAVEGANTES,Reação tardia ou ineficiente do condutor,Tombamento,Com Vítimas Feridas,Plena Noite,Decrescente,Céu Claro,Dupla,Reta,Sim,2,0,1,0,1,0,1,1,-26.8414948,-48.71599674,SPRF-SC,DEL04-SC,UOP04-DEL04-SC,2025
"664614,0",2025-03-01,sábado,21:15:00,SC,101,"432,0",SOMBRIO,Ingestão de álcool pelo condutor,Colisão com objeto,Com Vítimas Feridas,Plena Noite,Crescente,Céu Claro,Múltipla,Reta,Não,1,0,1,0,0,0,1,1,-29.07999,-49.62923,SPRF-SC,DEL02-SC,UOP02-DEL02-SC,2025
"664624,0",2025-03-01,sábado,23:00:00,SC,101,"254,8",PAULO LOPES,Condutor Dormindo,Colisão com objeto,Com Vítimas Feridas,Plena Noite,Crescente,Céu Claro,Múltipla,Reta,Sim,1,0,0,1,0,0,1,1,-28.082176,-48.709632,SPRF-SC,DEL02-SC,UOP03-DEL02-SC,2025
"664634,0",2025-03-01,sábado,23:50:00,SC,470,"178,3",POUSO REDONDO,Ausência de reação do condutor,Colisão traseira,Com Vítimas Fatais,Plena Noite,Crescente,Nublado,Simples,Reta,Sim,3,1,0,1,0,1,1,2,-27.2479722,-49.9725,SPRF-SC,DEL04-SC,UOP02-DEL04-SC,2025
"664643,0",2025-03-02,domingo,02:00:00,SC,470,"2,6",NAVEGANTES,Ausência de reação do condutor,Colisão transversal,Com Vítimas Feridas,Plena Noite,Crescente,Céu Claro,Dupla,Reta,Não,2,0,0,1,1,0,1,2,-26.88009573,-48.66565704,SPRF-SC,DEL04-SC,UOP04-DEL04-SC,2025
"664678,0",2025-03-02,domingo,04:00:00,SC,470,"51,8",BLUMENAU,Transitar na contramão,Colisão lateral sentido oposto,Com Vítimas Feridas,Plena Noite,Decrescente,Céu Claro,Simples,Em Obras;Interseção de Vias,Não,2,0,0,1,1,0,1,2,-26.87350206,-49.11410093,SPRF-SC,DEL04-SC,UOP01-DEL04-SC,2025
"664681,0",2025-03-02,domingo,07:40:00,SC,282,"1,5",FLORIANOPOLIS,Manobra de mudança de faixa,Colisão lateral mesmo sentido,Com Vítimas Feridas,Pleno dia,Crescente,Sol,Dupla,Reta;Declive,Sim,2,0,1,0,1,0,1,2,-27.59886953,-48.57468188,SPRF-SC,DEL01-SC,UOP01-DEL01-SC,2025
"664688,0",2025-03-02,domingo,05:45:00,SC,282,"213,9",PALHOCA,Ingestão de álcool pelo condutor,Colisão traseira,Com Vítimas Feridas,Amanhecer,Crescente,Céu Claro,Múltipla,Reta,Sim,3,0,3,0,0,0,3,2,-27.63708081,-48.6653738,SPRF-SC,DEL05-SC,UOP01-DEL05-SC,2025
"664718,0",2025-03-02,domingo,11:30:00,SC,101,"223,0",PALHOCA,Ausência de reação do condutor,Colisão traseira,Com Vítimas Feridas,Pleno dia,Crescente,Céu Claro,Múltipla,Reta,Sim,2,0,0,1,1,0,1,2,-27.715795,-48.649062,SPRF-SC,DEL01-SC,UOP02-DEL01-SC,2025