id,data_inversa,dia_semana,horario,uf,br,km,municipio,causa_acidente,tipo_acidente,classificacao_acidente,fase_dia,sentido_via,condicao_metereologica,tipo_pista,tracado_via,uso_solo,pessoas,mortos,feridos_leves,feridos_graves,ilesos,ignorados,feridos,veiculos,latitude,longitude,regional,delegacia,uop,ano_arquivo
"664725,0",2025-03-02,domingo,11:40:00,SC,101,"216,8",PALHOCA,Reação tardia ou ineficiente do condutor,Colisão lateral mesmo sentido,Sem Vítimas,Pleno dia,Crescente,Céu Claro,Dupla,Reta,Sim,3,0,0,0,3,0,0,2,-27.667,-48.6744,SPRF-SC,DEL01-SC,UOP02-DEL01-SC,2025
"664768,0",2025-03-02,domingo,10:00:00,SC,282,"473,0",VARGEAO,Velocidade Incompatível,Tombamento,Com Vítimas Feridas,Pleno dia,Crescente,Céu Claro,Simples,Reta,Não,1,0,1,0,0,0,1,1,-26.87170284,-52.14557648,SPRF-SC,DEL07-SC,UOP01-DEL07-SC,2025
"664774,0",2025-03-02,domingo,16:40:00,SC,101,"134,0",BALNEARIO CAMBORIU,Ingestão de álcool pelo condutor,Saída de leito carroçável,Com Vítimas Feridas,Pleno dia,Decrescente,Sol,Múltipla,Retorno Regulamentado,Sim,1,0,0,1,0,0,1,1,-27.003657,-48.630365,SPRF-SC,DEL04-SC,UOP03-DEL04-SC,2025
"664799,0",2025-03-02,domingo,17:45:00,SC,101,"278,8",IMBITUBA,Demais falhas mecânicas ou elétricas,Incêndio,Sem Vítimas,Pleno dia,Decrescente,Céu Claro,Múltipla,Reta,Não,1,0,0,0,1,0,0,1,-28.18358582,-48.69577825,SPRF-SC,DEL02-SC,UOP03-DEL02-SC,2025
"664801,0",2025-03-02,domingo,18:00:00,SC,101,"5,7",ARARANGUA,Acessar a via sem observar a presença dos outros veículos,Colisão transversal,Com Vítimas Feridas,Pleno dia,Crescente,Céu Claro,Múltipla,Rotatória,Sim,4,0,2,0,2,0,2,2,-28.9629987,-49.51931834,SPRF-SC,DEL03-SC,UOP01-DEL03-SC,2025
"664810,0",2025-03-02,domingo,15:30:00,SC,282,"365,8",ERVAL VELHO,Velocidade Incompatível,Saída de leito carroçável,Com Vítimas Fatais,Pleno dia,Decrescente,Céu Claro,Dupla,Curva;Aclive,Não,3,1,2,0,0,0,2,1,-27.295372,-51.40843,SPRF-SC,DEL07-SC,UOP05-DEL07-SC,2025
"664822,0",2025-03-02,domingo,18:20:00,SC,280,"91,0",CORUPA,Avarias e/ou desgaste excessivo no pneu,Capotamento,Com Vítimas Feridas,Plena Noite,Crescente,Céu Claro,Simples,Curva;Aclive,Não,2,0,1,0,1,0,1,1,-26.3972602,-49.29615855,SPRF-SC,DEL06-SC,UOP03-DEL06-SC,2025
"664837,0",2025-03-02,domingo,21:02:00,SC,280,"43,6",GUARAMIRIM,Ausência de reação do condutor,Saída de leito carroçável,Com Vítimas Fatais,Plena Noite,Decrescente,Céu Claro,Dupla,Curva;Em Obras,Não,1,1,0,0,0,0,0,1,-26.451488,-48.879485,SPRF-SC,DEL03-SC,UOP03-DEL03-SC,2025
"664842,0",2025-03-02,domingo,17:47:00,SC,101,"44,0",PALHOCA,Ausência de reação do condutor,Colisão com objeto,Com Vítimas Feridas,Anoitecer,Decrescente,Céu Claro,Dupla,Curva,Não,1,0,1,0,0,0,1,1,-27.67044,-48.71145,SPRF-SC,DEL01-SC,UOP02-DEL01-SC,2025
"664848,0",2025-03-02,domingo,20:00:00,SC,282,"47,2",AGUAS MORNAS,Ausência de reação do condutor,Saída de leito carroçável,Com Vítimas Feridas,Plena Noite,Decrescente,Céu Claro,Simples,Declive;Curva,Não,1,0,1,0,0,0,1,1,-27.71857817,-48.9389205,SPRF-SC,DEL01-SC,UOP03-DEL01-SC,2025
"664853,0",2025-03-02,domingo,21:00:00,SC,101,"317,9",PESCARIA BRAVA,Reação tardia ou ineficiente do condutor,Saída de leito carroçável,Com Vítimas Fatais,Plena Noite,Crescente,Céu Claro,Dupla,Curva,Não,1,1,0,0,0,0,0,1,-28.42938515,-48.87726992,SPRF-SC,DEL02-SC,UOP01-DEL02-SC,2025
"664861,0",2025-03-02,domingo,22:30:00,SC,101,"221,4",PALHOCA,Velocidade Incompatível,Colisão com objeto,Sem Vítimas,Plena Noite,Decrescente,Céu Claro,Dupla,Reta,Não,1,0,0,0,1,0,0,1,-27.704013,-48.65851,SPRF-SC,DEL01-SC,UOP02-DEL01-SC,2025
"664866,0",2025-03-02,domingo,23:00:00,SC,101,"124,9",BALNEARIO CAMBORIU,Ausência de reação do condutor,Saída de leito carroçável,Com Vítimas Feridas,Plena Noite,Decrescente,Céu Claro,Dupla,Curva,Não,1,0,1,0,0,0,1,1,-27.02728681,-48.60597362,SPRF-SC,DEL04-SC,UOP04-DEL04-SC,2025
"664869,0",2025-03-02,domingo,23:15:00,SC,101,"102,2",BALNEARIO PICARRAS,Ausência de reação do condutor,Atropelamento de Pedestre,Com Vítimas Feridas,Plena Noite,Crescente,Nublado,Dupla,Reta,Não,2,0,0,1,0,1,1,2,-26.7730662,-48.68592381,SPRF-SC,DEL03-SC,UOP02-DEL03-SC,2025
"664877,0",2025-03-02,domingo,23:00:00,SC,101,"383,0",ICARA,Condutor Dormindo,Capotamento,Com Vítimas Feridas,Plena Noite,Decrescente,Céu Claro,Dupla,Reta,Sim,1,0,1,0,0,0,1,1,-28.77109792,-49.30704296,SPRF-SC,DEL02-SC,UOP02-DEL02-SC,2025
"664878,0",2025-03-03,segunda-feira,00:20:00,SC,101,"153,0",PORTO BELO,Ausência de reação do condutor,Colisão com objeto,Sem Vítimas,Plena Noite,Decrescente,Nublado,Dupla,Reta,Sim,1,0,0,0,0,1,0,1,-27.15224099,-48.61036062,SPRF-SC,DEL04-SC,UOP03-DEL04-SC,2025
"664890,0",2025-03-03,segunda-feira,02:00:00,SC,282,"224,0",LAGES,Ingestão de álcool pelo condutor,Saída de leito carroçável,Com Vítimas Feridas,Plena Noite,Crescente,Céu Claro,Simples,Reta,Sim,2,0,2,0,0,0,2,1,-27.79490373,-50.38131595,SPRF-SC,DEL05-SC,UOP02-DEL05-SC,2025
"664912,0",2025-03-02,domingo,16:00:00,SC,101,"213,0",PALHOCA,Manobra de mudança de faixa,Colisão lateral mesmo sentido,Sem Vítimas,Pleno dia,Decrescente,Céu Claro,Simples,Reta,Sim,2,0,0,0,2,0,0,2,-27.64334144,-48.66916537,SPRF-SC,DEL01-SC,UOP02-DEL01-SC,2025
"664915,0",2025-03-03,segunda-feira,07:40:00,SC,280,"45,9",GUARAMIRIM,Conversão proibida,Colisão frontal,Com Vítimas Feridas,Pleno dia,Decrescente,Sol,Simples,Reta,Não,3,0,2,0,1,0,2,2,-26.453025,-48.909033,SPRF-SC,DEL03-SC,UOP03-DEL03-SC,2025
"664923,0",2025-03-03,segunda-feira,08:00:00,SC,282,"394,4",JOACABA,Conversão proibida,Colisão transversal,Com Vítimas Feridas,Pleno dia,Crescente,Céu Claro,Simples,Reta,Não,2,0,1,1,0,0,2,2,-27.158746,-51.576707,SPRF-SC,DEL07-SC,UOP05-DEL07-SC,2025
"664934,0",2025-03-03,segunda-feira,10:00:00,SC,101,"2,0",GARUVA,Acumulo de areia ou detritos sobre o pavimento,Tombamento,Com Vítimas Feridas,Pleno dia,Decrescente,Sol,Dupla,Reta,Não,2,0,2,0,0,0,2,1,-25.99651809,-48.87876391,SPRF-SC,DEL03-SC,UOP01-DEL03-SC,2025
"664935,0",2025-03-02,domingo,16:50:00,SC,101,"236,0",PALHOCA,Reação tardia ou ineficiente do condutor,Colisão traseira,Com Vítimas Feridas,Pleno dia,Decrescente,Céu Claro,Dupla,Reta,Não,5,0,2,0,3,0,2,2,-27.82629382,-48.63034842,SPRF-SC,DEL01-SC,UOP02-DEL01-SC,2025
"664947,0",2025-03-03,segunda-feira,12:00:00,SC,101,"133,0",BALNEARIO CAMBORIU,Objeto estático sobre o leito carroçável,Colisão com objeto,Com Vítimas Feridas,Pleno dia,Decrescente,Sol,Múltipla,Viaduto;Reta;Declive,Sim,2,0,2,0,0,0,2,1,-26.99907834,-48.64637733,SPRF-SC,DEL04-SC,UOP03-DEL04-SC,2025
"664975,0",2025-03-03,segunda-feira,11:50:00,SC,470,"318,5",CAMPOS NOVOS,Acessar a via sem observar a presença dos outros veículos,Colisão transversal,Com Vítimas Feridas,Pleno dia,Crescente,Céu Claro,Simples,Reta,Sim,5,0,2,0,3,0,2,2,-27.40911373,-51.21982997,SPRF-SC,DEL07-SC,UOP06-DEL07-SC,2025
"664982,0",2025-03-03,segunda-feira,11:15:00,SC,163,"70,8",SAO MIGUEL DO OESTE,Acessar a via sem observar a presença dos outros veículos,Colisão transversal,Com Vítimas Feridas,Pleno dia,Crescente,Céu Claro,Simples,Interseção de Vias;Reta,Sim,2,0,0,1,1,0,1,2,-26.729704,-53.511427,SPRF-SC,DEL07-SC,UOP03-DEL07-SC,2025
"665015,0",2025-03-03,segunda-feira,18:50:00,SC,101,"112,0",ITAJAI,Curva acentuada,Tombamento,Com Vítimas Feridas,Plena Noite,Crescente,Céu Claro,Dupla,Curva,Não,1,0,1,0,0,0,1,1,-26.84577338,-48.72050504,SPRF-SC,DEL04-SC,UOP04-DEL04-SC,2025
"665050,0",2025-03-03,segunda-feira,22:25:00,SC,101,"289,9",IMBITUBA,Ingestão de álcool pelo condutor,Saída de leito carroçável,Com Vítimas Feridas,Plena Noite,Crescente,Céu Claro,Dupla,Reta;Aclive,Sim,2,0,1,0,1,0,1,1,-28.2815,-48.700386,SPRF-SC,DEL02-SC,UOP03-DEL02-SC,2025
"665053,0",2025-03-03,segunda-feira,23:28:00,SC,282,"113,0",ALFREDO WAGNER,Velocidade Incompatível,Queda de ocupante de veículo,Com Vítimas Feridas,Plena Noite,Decrescente,Céu Claro,Simples,Curva,Não,2,0,2,0,0,0,2,1,-27.75133056,-49.3906045,SPRF-SC,DEL01-SC,UOP03-DEL01-SC,2025
"665082,0",2025-03-04,terça-feira,06:30:00,SC,101,"244,7",PAULO LOPES,Ausência de reação do condutor,Capotamento,Com Vítimas Feridas,Amanhecer,Decrescente,Céu Claro,Dupla,Reta,Não,2,0,1,0,1,0,1,1,-28.082176,-48.709632,SPRF-SC,DEL01-SC,UOP02-DEL01-SC,2025
"665106,0",2025-03-04,terça-feira,10:30:00,SC,280,"30,9",MAFRA,Ausência de reação do condutor,Tombamento,Sem Vítimas,Pleno dia,Crescente,Céu Claro,Simples,Reta,Não,1,0,0,0,1,0,0,1,-26.20386631,-49.79088509,SPRF-SC,DEL03-SC,UOP03-DEL03-SC,2025
"665110,0",2025-03-04,terça-feira,10:45:00,SC,282,"532,0",CORDILHEIRA ALTA,Reação tardia ou ineficiente do condutor,Tombamento,Com Vítimas Feridas,Pleno dia,Crescente,Céu Claro,Simples,Curva,Não,1,0,1,0,0,0,1,1,-26.9880838,-52.61088354,SPRF-SC,DEL07-SC,UOP01-DEL07-SC,2025
"665113,0",2025-03-04,terça-feira,12:30:00,SC,101,"136,5",BALNEARIO CAMBORIU,Acessar a via sem observar a presença dos outros veículos,Colisão lateral mesmo sentido,Com Vítimas Feridas,Pleno dia,Crescente,Céu Claro,Múltipla,Curva,Sim,2,0,1,0,1,0,1,2,-27.01570205,-48.61175537,SPRF-SC,DEL04-SC,UOP03-DEL04-SC,2025
"665124,0",2025-03-04,terça-feira,07:40:00,SC,101,"41,3",JOINVILLE,Transitar na contramão,Colisão transversal,Com Vítimas Feridas,Pleno dia,Decrescente,Sol,Dupla,Interseção de Vias;Viaduto;Rotatória,Sim,2,0,1,0,1,0,1,2,-26.31865635,-48.8713342,SPRF-SC,DEL03-SC,UOP01-DEL03-SC,2025
"665139,0",2025-03-04,terça-feira,13:10:00,SC,101,"150,0",ITAPEMA,Trafegar com motocicleta (ou similar) entre as faixas,Colisão lateral mesmo sentido,Com Vítimas Feridas,Pleno dia,Decrescente,Céu Claro,Múltipla,Reta,Sim,2,0,1,0,1,0,1,2,-27.12364787,-48.60928707,SPRF-SC,DEL04-SC,UOP03-DEL04-SC,2025
"665140,0",2025-03-01,sábado,01:40:00,SC,101,"136,3",BALNEARIO CAMBORIU,Transitar na contramão,Colisão lateral sentido oposto,Com Vítimas Feridas,Plena Noite,Crescente,Céu Claro,Múltipla,Interseção de Vias;Reta,Sim,2,0,0,1,0,1,1,2,-27.01088513,-48.61486606,SPRF-SC,DEL04-SC,UOP03-DEL04-SC,2025
"665146,0",2025-03-04,terça-feira,16:20:00,SC,101,"88,0",BARRA VELHA,Transitar na contramão,Colisão transversal,Com Vítimas Feridas,Pleno dia,Decrescente,Sol,Dupla,Interseção de Vias;Reta,Sim,2,0,1,1,0,0,2,2,-26.64869047,-48.68642271,SPRF-SC,DEL03-SC,UOP02-DEL03-SC,2025
"665154,0",2025-03-04,terça-feira,16:45:00,SC,101,"196,0",BIGUACU,Pedestre andava na pista,Atropelamento de Pedestre,Com Vítimas Feridas,Pleno dia,Crescente,Céu Claro,Dupla,Reta,Sim,2,0,1,0,0,1,1,2,-27.52340493,-48.63715589,SPRF-SC,DEL01-SC,UOP01-DEL01-SC,2025
"665181,0",2025-03-04,terça-feira,16:20:00,SC,101,"334,0",TUBARAO,Desrespeitar a preferência no cruzamento,Colisão transversal,Com Vítimas Feridas,Pleno dia,Decrescente,Céu Claro,Múltipla,Interseção de Vias,Não,3,0,1,0,2,0,1,2,-28.46971417,-49.01493967,SPRF-SC,DEL02-SC,UOP01-DEL02-SC,2025
"665200,0",2025-03-04,terça-feira,20:10:00,SC,101,"193,6",BIGUACU,Suicídio (presumido),Atropelamento de Pedestre,Com Vítimas Feridas,Plena Noite,Decrescente,Céu Claro,Múltipla,Reta,Sim,3,0,0,1,1,1,1,2,-27.50052191,-48.65462717,SPRF-SC,DEL01-SC,UOP01-DEL01-SC,2025
"665206,0",2025-03-04,terça-feira,19:30:00,SC,470,"223,7",SAO CRISTOVAO DO SUL,Transitar na contramão,Colisão frontal,Com Vítimas Feridas,Anoitecer,Crescente,Céu Claro,Simples,Curva,Não,2,0,1,0,1,0,1,2,-27.3269828,-50.3422511,SPRF-SC,DEL05-SC,UOP03-DEL05-SC,2025
"665207,0",2025-03-04,terça-feira,20:50:00,SC,101,"208,1",SAO JOSE,Acessar a via sem observar a presença dos outros veículos,Colisão transversal,Com Vítimas Feridas,Plena Noite,Decrescente,Céu Claro,Múltipla,Reta;Declive,Sim,2,0,1,0,1,0,1,2,-27.604557,-48.632911,SPRF-SC,DEL01-SC,UOP01-DEL01-SC,2025
"665251,0",2025-03-05,quarta-feira,05:20:00,SC,101,"184,4",BIGUACU,Reação tardia ou ineficiente do condutor,Tombamento,Com Vítimas Feridas,Pleno dia,Decrescente,Céu Claro,Simples,Reta,Sim,1,0,1,0,0,0,1,1,-27.420455,-48.625485,SPRF-SC,DEL01-SC,UOP01-DEL01-SC,2025
"665265,0",2025-03-05,quarta-feira,07:45:00,SC,101,"336,0",TUBARAO,Demais falhas mecânicas ou elétricas,Queda de ocupante de veículo,Com Vítimas Feridas,Pleno dia,Decrescente,Céu Claro,Múltipla,Reta,Sim,2,0,2,0,0,0,2,1,-28.47110573,-49.02125359,SPRF-SC,DEL02-SC,UOP01-DEL02-SC,2025
"665282,0",2025-03-02,domingo,06:20:00,SC,282,"509,1",XANXERE,Velocidade Incompatível,Capotamento,Sem Vítimas,Pleno dia,Decrescente,Céu Claro,Simples,Curva,Não,1,0,0,0,1,0,0,1,-26.887818,-52.452633,SPRF-SC,DEL07-SC,UOP01-DEL07-SC,2025
"665291,0",2025-03-05,quarta-feira,07:30:00,SC,480,"128,6",CHAPECO,Condutor deixou de manter distância do veículo da frente,Colisão traseira,Com Vítimas Feridas,Pleno dia,Decrescente,Céu Claro,Múltipla,Reta,Sim,3,0,2,0,1,0,2,2,-27.042866,-52.6359209,SPRF-SC,DEL07-SC,UOP01-DEL07-SC,2025
"665305,0",2025-03-05,quarta-feira,10:45:00,SC,101,"141,6",BALNEARIO CAMBORIU,Trafegar com motocicleta (ou similar) entre as faixas,Colisão lateral mesmo sentido,Com Vítimas Feridas,Pleno dia,Decrescente,Céu Claro,Dupla,Reta,Sim,3,0,1,0,2,0,1,3,-27.051043,-48.597552,SPRF-SC,DEL04-SC,UOP03-DEL04-SC,2025
"665307,0",2025-03-05,quarta-feira,11:00:00,SC,101,"349,1",JAGUARUNA,Ausência de reação do condutor,Colisão com objeto,Com Vítimas Feridas,Pleno dia,Crescente,Céu Claro,Dupla,Curva,Não,2,0,1,0,1,0,1,1,-28.59083192,-49.04495694,SPRF-SC,DEL02-SC,UOP01-DEL02-SC,2025
"665316,0",2025-03-05,quarta-feira,12:50:00,SC,280,"128,0",RIO NEGRINHO,Acessar a via sem observar a presença dos outros veículos,Colisão transversal,Com Vítimas Feridas,Pleno dia,Decrescente,Céu Claro,Simples,Interseção de Vias,Sim,2,0,1,0,1,0,1,2,-26.242473,-49.511811,SPRF-SC,DEL06-SC,UOP03-DEL06-SC,2025
"665337,0",2025-03-05,quarta-feira,15:05:00,SC,470,"0,7",NAVEGANTES,Ausência de reação do condutor,Colisão lateral mesmo sentido,Com Vítimas Feridas,Pleno dia,Decrescente,Sol,Dupla,Reta,Sim,2,0,0,1,1,0,1,2,-26.89366705,-48.66007805,SPRF-SC,DEL04-SC,UOP04-DEL04-SC,2025
"665339,0",2025-02-17,segunda-feira,08:20:00,SC,101,"218,4",PALHOCA,Transitar na contramão,Colisão frontal,Com Vítimas Feridas,Pleno dia,Decrescente,Nublado,Múltipla,Reta,Sim,2,0,1,0,1,0,1,2,-27.6758601,-48.67052525,SPRF-SC,DEL01-SC,UOP02-DEL01-SC,2025
"665345,0",2025-03-05,quarta-feira,15:40:00,SC,101,"119,8",ITAJAI,Ausência de reação do condutor,Colisão traseira,Com Vítimas Feridas,Pleno dia,Crescente,Sol,Dupla,Reta,Não,2,0,0,1,1,0,1,2,-26.91079334,-48.71282101,SPRF-SC,DEL04-SC,UOP04-DEL04-SC,2025
"665353,0",2025-03-05,quarta-feira,16:40:00,SC,282,"4,0",SAO JOSE,Manobra de mudança de faixa,Colisão lateral mesmo sentido,Com Vítimas Feridas,Pleno dia,Crescente,Céu Claro,Múltipla,Reta;Declive,Sim,3,0,2,0,0,1,2,2,-27.59101799,-48.60713124,SPRF-SC,DEL01-SC,UOP01-DEL01-SC,2025
"665386,0",2025-03-05,quarta-feira,14:40:00,SC,101,"215,5",PALHOCA,Acessar a via sem observar a presença dos outros veículos,Colisão transversal,Com Vítimas Feridas,Pleno dia,Decrescente,Céu Claro,Dupla,Viaduto,Sim,2,0,1,0,1,0,1,2,-27.65590613,-48.67818832,SPRF-SC,DEL01-SC,UOP02-DEL01-SC,2025
"665387,0",2025-03-05,quarta-feira,19:20:00,SC,282,"228,0",LAGES,Animais na Pista,Atropelamento de Animal,Com Vítimas Feridas,Plena Noite,Decrescente,Céu Claro,Simples,Reta,Não,2,0,1,1,0,0,2,1,-27.79540764,-50.38671255,SPRF-SC,DEL05-SC,UOP02-DEL05-SC,2025
"665397,0",2025-03-05,quarta-feira,20:26:00,SC,101,"152,3",PORTO BELO,Velocidade Incompatível,Colisão com objeto,Sem Vítimas,Plena Noite,Decrescente,Céu Claro,Múltipla,Interseção de Vias,Não,1,0,0,0,1,0,0,1,-27.13932,-48.60988,SPRF-SC,DEL04-SC,UOP03-DEL04-SC,2025
"665402,0",2025-03-05,quarta-feira,21:30:00,SC,101,"137,8",BALNEARIO CAMBORIU,Reação tardia ou ineficiente do condutor,Colisão com objeto,Com Vítimas Feridas,Plena Noite,Crescente,Céu Claro,Simples,Reta,Sim,1,0,0,1,0,0,1,1,-27.02126,-48.60931,SPRF-SC,DEL04-SC,UOP03-DEL04-SC,2025
"665410,0",2025-03-05,quarta-feira,19:00:00,SC,280,"33,4",ARAQUARI,Acessar a via sem observar a presença dos outros veículos,Colisão transversal,Com Vítimas Feridas,Plena Noite,Crescente,Céu Claro,Simples,Reta,Sim,2,0,1,0,1,0,1,2,-26.426663,-48.788463,SPRF-SC,DEL03-SC,UOP03-DEL03-SC,2025
"665412,0",2025-03-05,quarta-feira,19:10:00,SC,280,"58,0",GUARAMIRIM,Manobra de mudança de faixa,Colisão lateral mesmo sentido,Com Vítimas Feridas,Plena Noite,Decrescente,Céu Claro,Simples,Rotatória,Não,2,0,1,0,1,0,1,2,-26.47434451,-49.02020032,SPRF-SC,DEL03-SC,UOP03-DEL03-SC,2025
"665418,0",2025-03-06,quinta-feira,00:10:00,SC,101,"192,5",BIGUACU,Pista Escorregadia,Tombamento,Com Vítimas Feridas,Plena Noite,Crescente,Garoa/Chuvisco,Múltipla,Curva,Não,1,0,1,0,0,0,1,1,-27.48575454,-48.64825487,SPRF-SC,DEL01-SC,UOP01-DEL01-SC,2025
"665450,0",2025-03-06,quinta-feira,07:40:00,SC,101,"133,0",CAMBORIU,Desrespeitar a preferência no cruzamento,Colisão transversal,Com Vítimas Feridas,Pleno dia,Crescente,Céu Claro,Dupla,Interseção de Vias;Reta,Sim,2,0,1,0,1,0,1,2,-26.99985176,-48.64615202,SPRF-SC,DEL04-SC,UOP03-DEL04-SC,2025
"665474,0",2025-03-06,quinta-feira,09:30:00,SC,101,"204,0",SAO JOSE,Condutor deixou de manter distância do veículo da frente,Colisão traseira,Com Vítimas Feridas,Pleno dia,Decrescente,Céu Claro,Dupla,Reta,Sim,2,0,1,0,1,0,1,2,-27.574115,-48.613426,SPRF-SC,DEL01-SC,UOP01-DEL01-SC,2025
"665475,0",2025-03-06,quinta-feira,07:50:00,SC,101,"435,5",SOMBRIO,Desrespeitar a preferência no cruzamento,Colisão transversal,Com Vítimas Feridas,Pleno dia,Crescente,Céu Claro,Múltipla,Retorno Regulamentado;Viaduto;Rotatória,Sim,2,0,1,0,1,0,1,2,-29.11331142,-49.6382314,SPRF-SC,DEL02-SC,UOP02-DEL02-SC,2025
"665509,0",2025-03-06,quinta-feira,09:30:00,SC,116,"6,8",MAFRA,Acessar a via sem observar a presença dos outros veículos,Colisão transversal,Sem Vítimas,Pleno dia,Decrescente,Céu Claro,Simples,Reta,Sim,3,0,0,0,3,0,0,2,-26.15323604,-49.83292099,SPRF-SC,DEL06-SC,UOP01-DEL06-SC,2025
"665514,0",2025-03-06,quinta-feira,12:25:00,SC,280,"28,7",ARAQUARI,Reação tardia ou ineficiente do condutor,Atropelamento de Pedestre,Com Vítimas Feridas,Pleno dia,Crescente,Céu Claro,Simples,Em Obras;Reta,Sim,2,0,0,1,0,1,1,2,-26.408892,-48.750594,SPRF-SC,DEL03-SC,UOP03-DEL03-SC,2025
"665522,0",2025-03-06,quinta-feira,14:00:00,SC,101,"168,0",TIJUCAS,Reação tardia ou ineficiente do condutor,Tombamento,Com Vítimas Feridas,Pleno dia,Crescente,Céu Claro,Dupla,Retorno Regulamentado,Sim,1,0,1,0,0,0,1,1,-27.27977681,-48.6313355,SPRF-SC,DEL04-SC,UOP03-DEL04-SC,2025
"665539,0",2025-03-06,quinta-feira,15:30:00,SC,280,"130,5",RIO NEGRINHO,Acesso irregular,Colisão transversal,Com Vítimas Feridas,Pleno dia,Decrescente,Céu Claro,Simples,Reta;Declive,Não,2,0,1,0,1,0,1,2,-26.253978,-49.534098,SPRF-SC,DEL06-SC,UOP03-DEL06-SC,2025
"665541,0",2025-03-06,quinta-feira,14:53:00,SC,101,"123,0",ITAJAI,Acessar a via sem observar a presença dos outros veículos,Colisão transversal,Com Vítimas Feridas,Pleno dia,Decrescente,Céu Claro,Simples,Em Obras;Viaduto;Rotatória,Sim,3,0,1,0,2,0,1,2,-26.9370772,-48.69795453,SPRF-SC,DEL04-SC,UOP04-DEL04-SC,2025
"665560,0",2025-03-06,quinta-feira,17:20:00,SC,101,"113,0",ITAJAI,Ausência de reação do condutor,Colisão lateral mesmo sentido,Com Vítimas Feridas,Anoitecer,Decrescente,Nublado,Dupla,Reta,Não,2,0,0,1,0,1,1,2,-26.8565771,-48.7270689,SPRF-SC,DEL04-SC,UOP04-DEL04-SC,2025
"665564,0",2025-03-06,quinta-feira,17:50:00,SC,282,"2,0",FLORIANOPOLIS,Reação tardia ou ineficiente do condutor,Colisão traseira,Com Vítimas Feridas,Pleno dia,Crescente,Sol,Dupla,Reta,Sim,3,0,2,0,1,0,2,2,-27.60201515,-48.57925773,SPRF-SC,DEL01-SC,UOP01-DEL01-SC,2025
"665567,0",2025-03-06,quinta-feira,18:00:00,SC,470,"73,0",INDAIAL,Demais falhas mecânicas ou elétricas,Tombamento,Com Vítimas Feridas,Pleno dia,Decrescente,Céu Claro,Simples,Reta,Sim,2,0,2,0,0,0,2,1,-26.91157544,-49.27746892,SPRF-SC,DEL04-SC,UOP01-DEL04-SC,2025
"665569,0",2025-03-06,quinta-feira,18:30:00,SC,282,"17,0",PALHOCA,Condutor deixou de manter distância do veículo da frente,Colisão traseira,Com Vítimas Feridas,Anoitecer,Crescente,Céu Claro,Simples,Reta,Não,2,0,1,0,1,0,1,2,-27.68185595,-48.70672703,SPRF-SC,DEL01-SC,UOP02-DEL01-SC,2025
"665576,0",2025-03-06,quinta-feira,18:30:00,SC,280,"131,3",RIO NEGRINHO,Reação tardia ou ineficiente do condutor,Colisão transversal,Com Vítimas Feridas,Pleno dia,Crescente,Céu Claro,Simples,Reta;Declive,Sim,5,0,3,0,2,0,3,2,-26.2579634,-49.54389442,SPRF-SC,DEL06-SC,UOP03-DEL06-SC,2025
"665577,0",2025-03-06,quinta-feira,17:50:00,SC,470,"89,1",ASCURRA,Desrespeitar a preferência no cruzamento,Colisão transversal,Com Vítimas Feridas,Anoitecer,Decrescente,Céu Claro,Simples,Rotatória;Reta,Sim,2,0,1,0,1,0,1,2,-26.9621355,-49.3708792,SPRF-SC,DEL04-SC,UOP01-DEL04-SC,2025
"665603,0",2025-03-06,quinta-feira,19:30:00,SC,101,"303,0",LAGUNA,Ingestão de álcool pelo condutor,Colisão traseira,Com Vítimas Feridas,Plena Noite,Decrescente,Céu Claro,Simples,Reta,Não,2,0,0,1,1,0,1,2,-28.40891655,-48.79165649,SPRF-SC,DEL02-SC,UOP03-DEL02-SC,2025
"665619,0",2025-03-06,quinta-feira,22:30:00,SC,101,"281,1",IMBITUBA,Avarias e/ou desgaste excessivo no pneu,Queda de ocupante de veículo,Com Vítimas Feridas,Plena Noite,Crescente,Nublado,Múltipla,Reta,Sim,2,0,0,2,0,0,2,1,-28.19580849,-48.6974144,SPRF-SC,DEL02-SC,UOP03-DEL02-SC,2025
"665630,0",2025-03-07,sexta-feira,00:06:00,SC,470,"320,0",CAMPOS NOVOS,Pedestre andava na pista,Atropelamento de Pedestre,Com Vítimas Feridas,Plena Noite,Crescente,Céu Claro,Simples,Reta;Declive,Não,2,0,0,1,1,0,1,2,-27.41250438,-51.23215372,SPRF-SC,DEL07-SC,UOP06-DEL07-SC,2025
"665634,0",2025-03-07,sexta-feira,05:10:00,SC,101,"340,0",TUBARAO,Reação tardia ou ineficiente do condutor,Saída de leito carroçável,Com Vítimas Feridas,Plena Noite,Crescente,Céu Claro,Múltipla,Reta,Não,1,0,0,1,0,0,1,1,-28.52180974,-49.05514061,SPRF-SC,DEL02-SC,UOP01-DEL02-SC,2025
"665648,0",2025-03-07,sexta-feira,08:00:00,SC,101,"200,0",SAO JOSE,Reação tardia ou ineficiente do condutor,Queda de ocupante de veículo,Com Vítimas Feridas,Pleno dia,Crescente,Nublado,Múltipla,Reta,Sim,1,0,1,0,0,0,1,1,-27.5430032,-48.62124503,SPRF-SC,DEL01-SC,UOP01-DEL01-SC,2025