id,data_inversa,dia_semana,horario,uf,br,km,municipio,causa_acidente,tipo_acidente,classificacao_acidente,fase_dia,sentido_via,condicao_metereologica,tipo_pista,tracado_via,uso_solo,pessoas,mortos,feridos_leves,feridos_graves,ilesos,ignorados,feridos,veiculos,latitude,longitude,regional,delegacia,uop,ano_arquivo
"665699,0",2025-03-07,sexta-feira,10:15:00,SC,101,"152,0",ITAPEMA,Acessar a via sem observar a presença dos outros veículos,Colisão transversal,Com Vítimas Feridas,Pleno dia,Crescente,Garoa/Chuvisco,Simples,Reta,Sim,2,0,1,0,1,0,1,2,-27.09849656,-48.61904025,SPRF-SC,DEL04-SC,UOP03-DEL04-SC,2025
"665713,0",2025-02-20,quinta-feira,21:00:00,SC,101,"326,7",CAPIVARI DE BAIXO,Reação tardia ou ineficiente do condutor,Tombamento,Com Vítimas Feridas,Plena Noite,Decrescente,Ignorado,Múltipla,Reta;Aclive,Não,1,0,1,0,0,0,1,1,-28.43659773,-48.95983988,SPRF-SC,DEL02-SC,UOP01-DEL02-SC,2025
"665718,0",2025-03-07,sexta-feira,12:30:00,SC,101,"212,9",PALHOCA,Manobra de mudança de faixa,Colisão lateral mesmo sentido,Com Vítimas Feridas,Pleno dia,Crescente,Céu Claro,Múltipla,Interseção de Vias;Reta,Sim,2,0,1,0,1,0,1,2,-27.63621,-48.66423,SPRF-SC,DEL01-SC,UOP02-DEL01-SC,2025
"665723,0",2025-03-07,sexta-feira,13:05:00,SC,101,"196,6",BIGUACU,Reação tardia ou ineficiente do condutor,Colisão com objeto,Sem Vítimas,Pleno dia,Decrescente,Céu Claro,Múltipla,Declive;Curva,Sim,1,0,0,0,1,0,0,1,-27.51392192,-48.64014387,SPRF-SC,DEL01-SC,UOP01-DEL01-SC,2025
"665735,0",2025-03-07,sexta-feira,13:25:00,SC,101,"194,7",BIGUACU,Reação tardia ou ineficiente do condutor,Engavetamento,Com Vítimas Feridas,Pleno dia,Crescente,Céu Claro,Múltipla,Reta,Sim,3,0,1,0,2,0,1,3,-27.50319,-48.6566,SPRF-SC,DEL01-SC,UOP01-DEL01-SC,2025
"665760,0",2025-03-07,sexta-feira,15:40:00,SC,101,"136,6",BALNEARIO CAMBORIU,Reação tardia ou ineficiente do condutor,Colisão traseira,Com Vítimas Feridas,Pleno dia,Decrescente,Céu Claro,Dupla,Reta,Sim,3,0,1,0,2,0,1,2,-27.01203961,-48.61371535,SPRF-SC,DEL04-SC,UOP03-DEL04-SC,2025
"665773,0",2025-03-07,sexta-feira,17:40:00,SC,101,"207,7",SAO JOSE,Manobra de mudança de faixa,Colisão lateral mesmo sentido,Com Vítimas Feridas,Pleno dia,Decrescente,Céu Claro,Múltipla,Reta,Sim,4,0,0,1,3,0,1,3,-27.60231,-48.62929,SPRF-SC,DEL01-SC,UOP01-DEL01-SC,2025
"665776,0",2025-03-07,sexta-feira,17:01:00,SC,282,"24,0",SANTO AMARO DA IMPERATRIZ,Reação tardia ou ineficiente do condutor,Engavetamento,Com Vítimas Feridas,Pleno dia,Decrescente,Céu Claro,Simples,Reta,Não,4,0,2,0,2,0,2,3,-27.68213,-48.745528,SPRF-SC,DEL01-SC,UOP03-DEL01-SC,2025
"665808,0",2025-03-07,sexta-feira,20:00:00,SC,101,"79,0",ARAQUARI,Demais falhas mecânicas ou elétricas,Saída de leito carroçável,Com Vítimas Feridas,Plena Noite,Decrescente,Céu Claro,Dupla,Reta;Retorno Regulamentado,Não,3,0,2,0,1,0,2,1,-26.59579407,-48.72255743,SPRF-SC,DEL03-SC,UOP02-DEL03-SC,2025
"665816,0",2025-03-07,sexta-feira,21:10:00,SC,101,"206,3",SAO JOSE,Reação tardia ou ineficiente do condutor,Colisão lateral mesmo sentido,Com Vítimas Feridas,Plena Noite,Decrescente,Céu Claro,Múltipla,Reta,Sim,2,0,1,0,1,0,1,2,-27.59271053,-48.61809611,SPRF-SC,DEL01-SC,UOP01-DEL01-SC,2025
"665832,0",2025-03-07,sexta-feira,22:15:00,SC,280,"29,7",ARAQUARI,Desrespeitar a preferência no cruzamento,Colisão transversal,Com Vítimas Feridas,Plena Noite,Decrescente,Chuva,Simples,Reta,Sim,3,0,2,0,1,0,2,2,-26.4151393,-48.768321,SPRF-SC,DEL03-SC,UOP03-DEL03-SC,2025
"665855,0",2025-03-08,sábado,03:00:00,SC,285,"35,8",TIMBE DO SUL,Reação tardia ou ineficiente do condutor,Tombamento,Com Vítimas Feridas,Plena Noite,Decrescente,Céu Claro,Simples,Reta,Não,1,0,1,0,0,0,1,1,-28.83202,-49.848778,SPRF-SC,DEL02-SC,UOP02-DEL02-SC,2025
"665856,0",2025-03-08,sábado,03:15:00,SC,470,"56,0",BLUMENAU,Ingestão de álcool pelo condutor,Colisão com objeto,Sem Vítimas,Plena Noite,Crescente,Céu Claro,Dupla,Reta,Sim,1,0,0,0,0,1,0,1,-26.87744,-49.13024,SPRF-SC,DEL04-SC,UOP01-DEL04-SC,2025
"665866,0",2025-03-08,sábado,04:00:00,SC,282,"525,1",XAXIM,Transitar na contramão,Colisão frontal,Com Vítimas Feridas,Plena Noite,Crescente,Céu Claro,Simples,Curva,Não,2,0,0,1,1,0,1,2,-26.936973,-52.499061,SPRF-SC,DEL07-SC,UOP01-DEL07-SC,2025
"665869,0",2025-03-08,sábado,04:00:00,SC,163,"112,0",GUARUJA DO SUL,Ingestão de álcool pelo condutor,Saída de leito carroçável,Sem Vítimas,Plena Noite,Crescente,Céu Claro,Simples,Reta,Não,1,0,0,0,1,0,0,1,-26.39318071,-53.5208796,SPRF-SC,DEL07-SC,UOP03-DEL07-SC,2025
"665874,0",2025-03-08,sábado,02:00:00,SC,480,"128,0",CHAPECO,Acessar a via sem observar a presença dos outros veículos,Colisão transversal,Com Vítimas Feridas,Plena Noite,Decrescente,Nublado,Simples,Reta;Declive,Sim,2,0,0,2,0,0,2,2,-27.037898,-52.634112,SPRF-SC,DEL07-SC,UOP01-DEL07-SC,2025
"665876,0",2025-03-08,sábado,06:45:00,SC,101,"190,8",BIGUACU,Ausência de reação do condutor,Saída de leito carroçável,Com Vítimas Feridas,Pleno dia,Decrescente,Garoa/Chuvisco,Dupla,Curva,Não,3,0,1,1,1,0,2,2,-27.47693,-48.64083,SPRF-SC,DEL01-SC,UOP01-DEL01-SC,2025
"665877,0",2025-03-08,sábado,06:00:00,SC,470,"7,0",NAVEGANTES,Ingestão de álcool pelo condutor,Colisão frontal,Com Vítimas Feridas,Amanhecer,Decrescente,Nublado,Dupla,Curva,Sim,2,0,0,1,0,1,1,2,-26.84534125,-48.7149024,SPRF-SC,DEL04-SC,UOP04-DEL04-SC,2025
"665884,0",2025-03-08,sábado,07:00:00,SC,282,"68,0",RANCHO QUEIMADO,Reação tardia ou ineficiente do condutor,Saída de leito carroçável,Com Vítimas Feridas,Amanhecer,Crescente,Garoa/Chuvisco,Simples,Declive;Curva,Não,1,0,1,0,0,0,1,1,-27.69118,-49.07219,SPRF-SC,DEL01-SC,UOP03-DEL01-SC,2025
"665895,0",2025-03-08,sábado,06:35:00,SC,101,"151,0",ITAPEMA,Ausência de reação do condutor,Saída de leito carroçável,Sem Vítimas,Pleno dia,Decrescente,Céu Claro,Múltipla,Reta,Sim,1,0,0,0,0,1,0,1,-27.12672598,-48.60921264,SPRF-SC,DEL04-SC,UOP03-DEL04-SC,2025
"665909,0",2025-03-08,sábado,07:38:00,SC,280,"30,0",ARAQUARI,Condutor deixou de manter distância do veículo da frente,Colisão traseira,Com Vítimas Feridas,Pleno dia,Decrescente,Céu Claro,Simples,Reta,Não,4,0,1,0,3,0,1,3,-26.41484878,-48.76152992,SPRF-SC,DEL03-SC,UOP03-DEL03-SC,2025
"665919,0",2025-03-08,sábado,10:15:00,SC,282,"557,0",NOVA ITABERABA,Ingestão de álcool pelo condutor,Capotamento,Com Vítimas Feridas,Pleno dia,Crescente,Céu Claro,Simples,Declive;Curva,Não,1,0,0,1,0,0,1,1,-26.92907972,-52.8436985,SPRF-SC,DEL07-SC,UOP01-DEL07-SC,2025
"665920,0",2025-03-08,sábado,11:00:00,SC,280,"47,0",GUARAMIRIM,Manobra de mudança de faixa,Colisão lateral mesmo sentido,Com Vítimas Feridas,Pleno dia,Decrescente,Céu Claro,Dupla,Reta;Em Obras,Não,2,0,1,0,1,0,1,2,-26.453235,-48.912664,SPRF-SC,DEL03-SC,UOP03-DEL03-SC,2025
"665938,0",2025-03-08,sábado,13:35:00,SC,101,"202,0",SAO JOSE,Acessar a via sem observar a presença dos outros veículos,Colisão transversal,Com Vítimas Feridas,Pleno dia,Crescente,Céu Claro,Dupla,Aclive;Reta,Sim,2,0,1,0,1,0,1,2,-27.55195445,-48.61981088,SPRF-SC,DEL01-SC,UOP01-DEL01-SC,2025
"665942,0",2025-03-08,sábado,07:45:00,SC,282,"633,1",DESCANSO,Velocidade Incompatível,Saída de leito carroçável,Sem Vítimas,Pleno dia,Crescente,Céu Claro,Simples,Declive;Curva,Não,2,0,0,0,2,0,0,1,-26.82579949,-53.41356817,SPRF-SC,DEL07-SC,UOP03-DEL07-SC,2025
"665952,0",2025-03-08,sábado,14:20:00,SC,101,"232,1",PALHOCA,Reação tardia ou ineficiente do condutor,Colisão lateral mesmo sentido,Com Vítimas Feridas,Pleno dia,Crescente,Céu Claro,Dupla,Aclive;Reta,Não,4,0,1,1,2,0,2,2,-27.793915,-48.638155,SPRF-SC,DEL01-SC,UOP02-DEL01-SC,2025
"665955,0",2025-03-08,sábado,14:00:00,SC,101,"119,0",ITAJAI,Acesso irregular,Colisão lateral mesmo sentido,Com Vítimas Feridas,Pleno dia,Decrescente,Céu Claro,Dupla,Interseção de Vias;Reta,Sim,2,0,1,0,1,0,1,2,-26.94802427,-48.68338515,SPRF-SC,DEL04-SC,UOP04-DEL04-SC,2025
"665963,0",2025-03-08,sábado,15:39:00,SC,280,"30,0",ARAQUARI,Acessar a via sem observar a presença dos outros veículos,Colisão transversal,Com Vítimas Feridas,Pleno dia,Decrescente,Sol,Simples,Reta,Sim,3,0,2,0,1,0,2,2,-26.41479,-48.76453,SPRF-SC,DEL03-SC,UOP03-DEL03-SC,2025
"665977,0",2025-03-08,sábado,16:20:00,SC,101,"161,0",TIJUCAS,Manobra de mudança de faixa,Colisão lateral mesmo sentido,Com Vítimas Feridas,Pleno dia,Crescente,Céu Claro,Dupla,Reta,Não,2,0,1,1,0,0,2,2,-27.21952522,-48.6258316,SPRF-SC,DEL04-SC,UOP03-DEL04-SC,2025
"665981,0",2025-03-08,sábado,17:10:00,SC,280,"22,0",ARAQUARI,Reação tardia ou ineficiente do condutor,Engavetamento,Com Vítimas Feridas,Pleno dia,Decrescente,Céu Claro,Simples,Reta,Não,5,0,2,0,3,0,2,4,-26.370979,-48.70286,SPRF-SC,DEL03-SC,UOP03-DEL03-SC,2025
"665990,0",2025-03-08,sábado,18:00:00,SC,101,"195,9",BIGUACU,Animais na Pista,Atropelamento de Animal,Com Vítimas Feridas,Pleno dia,Decrescente,Céu Claro,Simples,Reta,Sim,3,0,3,0,0,0,3,1,-27.51004,-48.64365,SPRF-SC,DEL01-SC,UOP01-DEL01-SC,2025
"665991,0",2025-03-08,sábado,17:30:00,SC,116,"251,4",LAGES,Condutor deixou de manter distância do veículo da frente,Colisão traseira,Com Vítimas Feridas,Pleno dia,Decrescente,Céu Claro,Simples,Interseção de Vias,Não,2,0,1,0,1,0,1,2,-27.84676468,-50.37887514,SPRF-SC,DEL05-SC,UOP02-DEL05-SC,2025
"665995,0",2025-03-08,sábado,19:30:00,SC,101,"6,0",BIGUACU,Animais na Pista,Atropelamento de Animal,Com Vítimas Feridas,Plena Noite,Crescente,Céu Claro,Dupla,Reta,Sim,1,0,1,0,0,0,1,1,-27.41829059,-48.7086153,SPRF-SC,DEL01-SC,UOP01-DEL01-SC,2025
"666001,0",2025-03-08,sábado,19:15:00,SC,470,"63,2",INDAIAL,Acessar a via sem observar a presença dos outros veículos,Colisão lateral mesmo sentido,Sem Vítimas,Plena Noite,Crescente,Céu Claro,Simples,Reta;Aclive,Sim,5,0,0,0,5,0,0,3,-26.8720543,-49.19367671,SPRF-SC,DEL04-SC,UOP01-DEL04-SC,2025
"666007,0",2025-03-08,sábado,20:00:00,SC,280,"30,0",ARAQUARI,Entrada inopinada do pedestre,Atropelamento de Pedestre,Com Vítimas Feridas,Plena Noite,Crescente,Céu Claro,Simples,Reta;Interseção de Vias,Sim,2,0,0,1,1,0,1,2,-26.44834528,-48.82746935,SPRF-SC,DEL03-SC,UOP03-DEL03-SC,2025
"666008,0",2025-03-08,sábado,20:15:00,SC,101,"122,0",ITAJAI,Condutor deixou de manter distância do veículo da frente,Colisão lateral mesmo sentido,Com Vítimas Feridas,Plena Noite,Decrescente,Céu Claro,Dupla,Reta,Sim,1,0,1,0,0,0,1,1,-26.93562334,-48.6998713,SPRF-SC,DEL04-SC,UOP04-DEL04-SC,2025
"666013,0",2025-03-08,sábado,21:15:00,SC,101,"205,0",SAO JOSE,Ausência de reação do condutor,Queda de ocupante de veículo,Com Vítimas Feridas,Plena Noite,Crescente,Céu Claro,Múltipla,Reta,Sim,1,0,0,1,0,0,1,1,-27.58289294,-48.61520821,SPRF-SC,DEL01-SC,UOP01-DEL01-SC,2025
"666025,0",2025-03-08,sábado,21:40:00,SC,101,"211,7",PALHOCA,Ingestão de álcool pelo condutor,Capotamento,Com Vítimas Feridas,Plena Noite,Decrescente,Céu Claro,Dupla,Reta,Sim,3,0,0,1,2,0,1,1,-27.628272,-48.657152,SPRF-SC,DEL01-SC,UOP02-DEL01-SC,2025
"666032,0",2025-03-08,sábado,22:15:00,SC,101,"335,3",TUBARAO,Acessar a via sem observar a presença dos outros veículos,Colisão transversal,Com Vítimas Feridas,Plena Noite,Crescente,Céu Claro,Dupla,Rotatória;Viaduto,Não,2,0,1,0,1,0,1,2,-28.47632875,-49.03004386,SPRF-SC,DEL02-SC,UOP01-DEL02-SC,2025
"666033,0",2025-03-08,sábado,21:30:00,SC,280,"236,5",CANOINHAS,Velocidade Incompatível,Queda de ocupante de veículo,Sem Vítimas,Plena Noite,Decrescente,Céu Claro,Simples,Reta;Declive,Não,1,0,0,0,0,1,0,1,-26.2331478,-50.4748779,SPRF-SC,DEL06-SC,UOP04-DEL06-SC,2025
"666040,0",2025-03-08,sábado,22:10:00,SC,470,"68,5",INDAIAL,Acesso irregular,Colisão traseira,Com Vítimas Feridas,Plena Noite,Crescente,Nublado,Múltipla,Reta,Sim,4,0,2,0,2,0,2,2,-26.88075,-49.24359,SPRF-SC,DEL04-SC,UOP01-DEL04-SC,2025
"666077,0",2025-03-09,domingo,06:50:00,SC,101,"107,0",PENHA,Reação tardia ou ineficiente do condutor,Queda de ocupante de veículo,Com Vítimas Feridas,Pleno dia,Decrescente,Nevoeiro/Neblina,Dupla,Reta,Sim,1,0,0,1,0,0,1,1,-26.81507485,-48.68319685,SPRF-SC,DEL03-SC,UOP02-DEL03-SC,2025
"666087,0",2025-03-09,domingo,07:15:00,SC,101,"202,5",SAO JOSE,Pedestre andava na pista,Atropelamento de Pedestre,Com Vítimas Feridas,Pleno dia,Crescente,Céu Claro,Dupla,Reta,Sim,3,0,0,1,1,1,1,2,-27.56101,-48.61686,SPRF-SC,DEL01-SC,UOP01-DEL01-SC,2025
"666096,0",2025-03-09,domingo,07:30:00,SC,282,"18,5",PALHOCA,Ingestão de álcool pelo condutor,Colisão transversal,Com Vítimas Feridas,Pleno dia,Decrescente,Céu Claro,Simples,Reta,Sim,2,0,1,0,1,0,1,2,-27.67508596,-48.69656498,SPRF-SC,DEL01-SC,UOP02-DEL01-SC,2025
"666100,0",2025-03-09,domingo,07:15:00,SC,101,"266,1",PAULO LOPES,Condutor deixou de manter distância do veículo da frente,Colisão traseira,Com Vítimas Feridas,Pleno dia,Crescente,Céu Claro,Dupla,Reta,Não,3,0,2,0,1,0,2,2,-28.0771183,-48.7125309,SPRF-SC,DEL02-SC,UOP03-DEL02-SC,2025
"666116,0",2025-03-05,quarta-feira,19:00:00,SC,282,"595,6",CUNHA PORA,Ingestão de álcool pelo condutor,Saída de leito carroçável,Sem Vítimas,Plena Noite,Crescente,Chuva,Simples,Curva,Não,2,0,0,0,1,1,0,2,-26.81313452,-53.1666968,SPRF-SC,DEL07-SC,UOP02-DEL07-SC,2025
"666117,0",2025-03-09,domingo,07:30:00,SC,470,"5,6",NAVEGANTES,Reação tardia ou ineficiente do condutor,Saída de leito carroçável,Com Vítimas Fatais,Pleno dia,Crescente,Céu Claro,Dupla,Reta,Sim,2,1,0,1,0,0,1,1,-26.85389,-48.70584,SPRF-SC,DEL04-SC,UOP04-DEL04-SC,2025
"666118,0",2025-03-09,domingo,10:05:00,SC,101,"40,4",JOINVILLE,Velocidade Incompatível,Engavetamento,Sem Vítimas,Pleno dia,Decrescente,Céu Claro,Dupla,Reta,Sim,3,0,0,0,3,0,0,3,-26.3215226,-48.8701777,SPRF-SC,DEL03-SC,UOP01-DEL03-SC,2025
"666119,0",2025-03-09,domingo,09:30:00,SC,282,"129,6",BOM RETIRO,Ausência de reação do condutor,Saída de leito carroçável,Com Vítimas Feridas,Pleno dia,Crescente,Céu Claro,Simples,Reta,Não,3,0,1,0,2,0,1,1,-27.80770199,-49.53303164,SPRF-SC,DEL05-SC,UOP01-DEL05-SC,2025
"666141,0",2025-03-09,domingo,13:40:00,SC,470,"138,7",RIO DO SUL,Transitar na contramão,Colisão frontal,Com Vítimas Feridas,Pleno dia,Crescente,Sol,Simples,Reta,Sim,2,0,0,1,1,0,1,2,-27.19767078,-49.6283083,SPRF-SC,DEL04-SC,UOP02-DEL04-SC,2025
"666158,0",2025-03-09,domingo,15:45:00,SC,101,"107,9",PENHA,Ingestão de álcool pelo condutor,Colisão traseira,Sem Vítimas,Pleno dia,Crescente,Céu Claro,Dupla,Reta,Não,5,0,0,0,5,0,0,2,-26.82035076,-48.68405342,SPRF-SC,DEL03-SC,UOP02-DEL03-SC,2025
"666163,0",2025-03-09,domingo,16:00:00,SC,101,"38,0",JOINVILLE,Mal súbito do condutor,Saída de leito carroçável,Com Vítimas Feridas,Pleno dia,Decrescente,Nublado,Simples,Reta,Sim,2,0,1,0,1,0,1,1,-26.2987192,-48.8833862,SPRF-SC,DEL03-SC,UOP01-DEL03-SC,2025
"666170,0",2025-03-09,domingo,16:30:00,SC,101,"223,0",PALHOCA,Trafegar com motocicleta (ou similar) entre as faixas,Colisão traseira,Com Vítimas Feridas,Pleno dia,Decrescente,Céu Claro,Dupla,Reta,Não,4,0,2,0,1,1,2,3,-27.72122887,-48.64518274,SPRF-SC,DEL01-SC,UOP02-DEL01-SC,2025
"666179,0",2025-03-09,domingo,15:40:00,SC,101,"367,0",ICARA,Avarias e/ou desgaste excessivo no pneu,Saída de leito carroçável,Com Vítimas Feridas,Pleno dia,Decrescente,Chuva,Dupla,Curva,Não,3,0,2,0,1,0,2,1,-28.6972885,-49.17772293,SPRF-SC,DEL02-SC,UOP01-DEL02-SC,2025
"666182,0",2025-03-09,domingo,18:00:00,SC,282,"16,5",PALHOCA,Acessar a via sem observar a presença dos outros veículos,Colisão transversal,Com Vítimas Feridas,Anoitecer,Decrescente,Chuva,Simples,Reta,Sim,2,0,1,0,1,0,1,2,-27.66278614,-48.68543029,SPRF-SC,DEL01-SC,UOP02-DEL01-SC,2025
"666186,0",2025-03-09,domingo,17:40:00,SC,470,"96,9",APIUNA,Reação tardia ou ineficiente do condutor,Colisão traseira,Com Vítimas Feridas,Pleno dia,Decrescente,Chuva,Simples,Reta,Não,4,0,2,0,2,0,2,2,-27.02741014,-49.37981129,SPRF-SC,DEL04-SC,UOP01-DEL04-SC,2025
"666191,0",2025-03-09,domingo,18:00:00,SC,101,"121,3",ITAJAI,Ausência de reação do condutor,Colisão transversal,Com Vítimas Feridas,Anoitecer,Decrescente,Chuva,Dupla,Reta,Não,2,0,0,2,0,0,2,2,-26.93200317,-48.70327497,SPRF-SC,DEL04-SC,UOP04-DEL04-SC,2025
"666206,0",2025-03-09,domingo,17:00:00,SC,101,"404,5",ARARANGUA,Condutor deixou de manter distância do veículo da frente,Engavetamento,Com Vítimas Feridas,Pleno dia,Crescente,Nublado,Múltipla,Reta,Não,7,0,3,0,4,0,3,3,-28.89772392,-49.47323447,SPRF-SC,DEL02-SC,UOP02-DEL02-SC,2025
"666211,0",2025-03-09,domingo,19:00:00,SC,101,"208,3",SAO JOSE,Ausência de reação do condutor,Engavetamento,Sem Vítimas,Plena Noite,Crescente,Chuva,Dupla,Reta,Sim,3,0,0,0,3,0,0,3,-27.605099,-48.63429,SPRF-SC,DEL01-SC,UOP01-DEL01-SC,2025
"666231,0",2025-03-09,domingo,18:45:00,SC,153,"99,0",CONCORDIA,Acessar a via sem observar a presença dos outros veículos,Colisão transversal,Com Vítimas Feridas,Anoitecer,Decrescente,Nublado,Simples,Reta,Sim,5,0,1,0,4,0,1,2,-27.24188861,-51.95227772,SPRF-SC,DEL07-SC,UOP04-DEL07-SC,2025
"666247,0",2025-03-09,domingo,21:30:00,SC,101,"222,3",PALHOCA,Pedestre andava na pista,Atropelamento de Pedestre,Com Vítimas Feridas,Plena Noite,Decrescente,Nublado,Dupla,Reta,Sim,2,0,1,0,0,1,1,2,-27.71293822,-48.65080833,SPRF-SC,DEL01-SC,UOP02-DEL01-SC,2025
"666248,0",2025-03-09,domingo,19:00:00,SC,280,"95,2",CORUPA,Pista Escorregadia,Colisão frontal,Com Vítimas Fatais,Plena Noite,Crescente,Garoa/Chuvisco,Simples,Curva;Declive,Não,4,1,1,0,1,1,1,3,-26.382731,-49.31461,SPRF-SC,DEL06-SC,UOP03-DEL06-SC,2025
"666253,0",2025-03-09,domingo,19:40:00,SC,101,"371,0",ICARA,Chuva,Queda de ocupante de veículo,Com Vítimas Feridas,Plena Noite,Crescente,Céu Claro,Dupla,Reta,Não,1,0,1,0,0,0,1,1,-28.75411551,-49.2760849,SPRF-SC,DEL02-SC,UOP01-DEL02-SC,2025
"666287,0",2025-03-10,segunda-feira,02:20:00,SC,101,"133,0",BALNEARIO CAMBORIU,Reação tardia ou ineficiente do condutor,Colisão com objeto,Com Vítimas Feridas,Plena Noite,Decrescente,Nublado,Dupla,Reta,Sim,3,0,0,2,1,0,2,1,-26.99890627,-48.64741433,SPRF-SC,DEL04-SC,UOP03-DEL04-SC,2025
"666310,0",2025-03-10,segunda-feira,06:43:00,SC,282,"556,0",NOVA ITABERABA,Demais Fenômenos da natureza,Colisão traseira,Com Vítimas Feridas,Pleno dia,Decrescente,Sol,Simples,Reta,Não,3,0,1,0,2,0,1,2,-26.930626,-52.82489955,SPRF-SC,DEL07-SC,UOP01-DEL07-SC,2025
"666320,0",2025-03-10,segunda-feira,07:30:00,SC,101,"97,0",BALNEARIO PICARRAS,Avarias e/ou desgaste excessivo no pneu,Tombamento,Com Vítimas Feridas,Pleno dia,Crescente,Nublado,Dupla,Reta,Sim,2,0,2,0,0,0,2,1,-26.7319797,-48.70131601,SPRF-SC,DEL03-SC,UOP02-DEL03-SC,2025
"666326,0",2025-01-26,domingo,22:45:00,SC,116,"135,0",SANTA CECILIA,Ausência de reação do condutor,Tombamento,Com Vítimas Feridas,Plena Noite,Crescente,Garoa/Chuvisco,Simples,Curva,Não,2,0,2,0,0,0,2,1,-26.92904296,-50.4345818,SPRF-SC,DEL06-SC,UOP02-DEL06-SC,2025
"666341,0",2025-03-10,segunda-feira,08:46:00,SC,101,"136,0",BALNEARIO CAMBORIU,Manobra de mudança de faixa,Colisão lateral mesmo sentido,Com Vítimas Feridas,Pleno dia,Decrescente,Céu Claro,Múltipla,Reta,Não,2,0,1,0,1,0,1,2,-27.01043017,-48.61441428,SPRF-SC,DEL04-SC,UOP03-DEL04-SC,2025
"666342,0",2025-03-10,segunda-feira,10:30:00,SC,101,"214,4",PALHOCA,Ausência de reação do condutor,Colisão traseira,Com Vítimas Feridas,Pleno dia,Crescente,Céu Claro,Múltipla,Interseção de Vias;Viaduto,Sim,2,0,1,0,1,0,1,2,-27.64709122,-48.67267186,SPRF-SC,DEL01-SC,UOP02-DEL01-SC,2025
"666352,0",2025-03-10,segunda-feira,10:50:00,SC,470,"147,0",LAURENTINO,Condutor deixou de manter distância do veículo da frente,Colisão traseira,Com Vítimas Feridas,Pleno dia,Crescente,Sol,Simples,Reta,Não,2,0,1,0,1,0,1,2,-27.24255,-49.688687,SPRF-SC,DEL04-SC,UOP02-DEL04-SC,2025
"666373,0",2025-03-10,segunda-feira,14:35:00,SC,101,"148,0",ITAPEMA,Condutor deixou de manter distância do veículo da frente,Colisão traseira,Com Vítimas Feridas,Pleno dia,Decrescente,Nublado,Dupla,Reta,Sim,2,0,0,1,1,0,1,2,-27.0980787,-48.61857707,SPRF-SC,DEL04-SC,UOP03-DEL04-SC,2025
"666375,0",2025-03-08,sábado,15:20:00,SC,282,"527,0",CORDILHEIRA ALTA,Ausência de reação do condutor,Colisão frontal,Com Vítimas Feridas,Pleno dia,Crescente,Céu Claro,Simples,Curva,Não,4,0,0,4,0,0,4,2,-26.97810081,-52.58812839,SPRF-SC,DEL07-SC,UOP01-DEL07-SC,2025
"666430,0",2025-03-10,segunda-feira,17:25:00,SC,280,"128,6",RIO NEGRINHO,Ausência de reação do condutor,Colisão traseira,Com Vítimas Feridas,Amanhecer,Crescente,Nublado,Simples,Reta,Sim,2,0,1,0,1,0,1,2,-26.2452,-49.5196,SPRF-SC,DEL06-SC,UOP03-DEL06-SC,2025
"666431,0",2025-03-10,segunda-feira,17:50:00,SC,116,"52,1",PAPANDUVA,Acessar a via sem observar a presença dos outros veículos,Colisão lateral mesmo sentido,Sem Vítimas,Pleno dia,Decrescente,Céu Claro,Simples,Reta,Não,5,0,0,0,5,0,0,2,-26.3903657,-50.1461946,SPRF-SC,DEL06-SC,UOP01-DEL06-SC,2025
"666460,0",2025-03-10,segunda-feira,21:40:00,SC,101,"206,3",SAO JOSE,Ausência de reação do condutor,Colisão lateral mesmo sentido,Com Vítimas Feridas,Plena Noite,Decrescente,Céu Claro,Múltipla,Reta,Sim,2,0,1,0,1,0,1,2,-27.59605838,-48.61928701,SPRF-SC,DEL01-SC,UOP01-DEL01-SC,2025
"666464,0",2025-03-10,segunda-feira,19:30:00,SC,280,"6,1",SAO FRANCISCO DO SUL,Acessar a via sem observar a presença dos outros veículos,Colisão transversal,Com Vítimas Feridas,Plena Noite,Crescente,Nublado,Simples,Reta,Sim,2,0,0,1,1,0,1,2,-26.26662355,-48.63489747,SPRF-SC,DEL03-SC,UOP03-DEL03-SC,2025
"666474,0",2025-03-10,segunda-feira,18:50:00,SC,280,"51,6",GUARAMIRIM,Ausência de reação do condutor,Saída de leito carroçável,Com Vítimas Feridas,Plena Noite,Decrescente,Céu Claro,Simples,Em Obras;Reta,Não,1,0,0,1,0,0,1,1,-26.464697,-48.953706,SPRF-SC,DEL03-SC,UOP03-DEL03-SC,2025
"666475,0",2025-03-11,terça-feira,00:30:00,SC,101,"57,0",ARAQUARI,Ausência de reação do condutor,Tombamento,Com Vítimas Feridas,Plena Noite,Decrescente,Nublado,Dupla,Reta,Sim,2,0,2,0,0,0,2,1,-26.32317657,-48.72361958,SPRF-SC,DEL03-SC,UOP01-DEL03-SC,2025
"666520,0",2025-03-07,sexta-feira,19:50:00,SC,282,"231,9",LAGES,Animais na Pista,Atropelamento de Animal,Com Vítimas Feridas,Plena Noite,Crescente,Céu Claro,Simples,Reta;Declive,Não,3,0,2,0,1,0,2,2,-27.78524905,-50.44436395,SPRF-SC,DEL05-SC,UOP02-DEL05-SC,2025