id,data_inversa,dia_semana,horario,uf,br,km,municipio,causa_acidente,tipo_acidente,classificacao_acidente,fase_dia,sentido_via,condicao_metereologica,tipo_pista,tracado_via,uso_solo,pessoas,mortos,feridos_leves,feridos_graves,ilesos,ignorados,feridos,veiculos,latitude,longitude,regional,delegacia,uop,ano_arquivo
"666556,0",2025-03-11,terça-feira,10:00:00,SC,280,"23,5",ARAQUARI,Acesso irregular,Colisão transversal,Com Vítimas Feridas,Pleno dia,Crescente,Garoa/Chuvisco,Simples,Reta,Sim,2,0,1,0,1,0,1,2,-26.375843,-48.717806,SPRF-SC,DEL03-SC,UOP03-DEL03-SC,2025
"666565,0",2025-03-11,terça-feira,13:30:00,SC,101,"148,0",ITAPEMA,Acessar a via sem observar a presença dos outros veículos,Colisão transversal,Com Vítimas Feridas,Pleno dia,Decrescente,Céu Claro,Simples,Interseção de Vias;Reta,Sim,2,0,0,1,1,0,1,2,-27.0659241,-48.5955255,SPRF-SC,DEL04-SC,UOP03-DEL04-SC,2025
"666619,0",2025-03-11,terça-feira,18:03:00,SC,470,"138,0",RIO DO SUL,Trafegar com motocicleta (ou similar) entre as faixas,Colisão transversal,Com Vítimas Feridas,Pleno dia,Crescente,Nublado,Simples,Interseção de Vias;Retorno Regulamentado,Sim,2,0,1,0,1,0,1,2,-27.20465411,-49.63881612,SPRF-SC,DEL04-SC,UOP02-DEL04-SC,2025
"666631,0",2025-03-11,terça-feira,18:00:00,SC,280,"170,1",MAFRA,Pista Escorregadia,Tombamento,Com Vítimas Feridas,Amanhecer,Crescente,Chuva,Simples,Reta;Aclive,Sim,1,0,1,0,0,0,1,1,-26.14102626,-49.8124795,SPRF-SC,DEL06-SC,UOP01-DEL06-SC,2025
"666644,0",2025-03-11,terça-feira,20:00:00,SC,101,"186,5",BIGUACU,Manobra de mudança de faixa,Colisão traseira,Com Vítimas Feridas,Plena Noite,Crescente,Céu Claro,Dupla,Reta,Sim,3,0,1,0,2,0,1,2,-27.43546992,-48.6258316,SPRF-SC,DEL01-SC,UOP01-DEL01-SC,2025
"666652,0",2025-03-11,terça-feira,17:35:00,SC,480,"124,5",CHAPECO,Ingestão de álcool pelo condutor,Colisão com objeto,Sem Vítimas,Pleno dia,Decrescente,Nublado,Dupla,Reta,Sim,1,0,0,0,1,0,0,1,-27.01099463,-52.63998159,SPRF-SC,DEL07-SC,UOP01-DEL07-SC,2025
"666655,0",2025-03-11,terça-feira,21:45:00,SC,116,"209,9",PONTE ALTA,Chuva,Saída de leito carroçável,Sem Vítimas,Plena Noite,Crescente,Chuva,Simples,Reta,Não,1,0,0,0,1,0,0,1,-27.502784,-50.365795,SPRF-SC,DEL05-SC,UOP03-DEL05-SC,2025
"666656,0",2025-03-11,terça-feira,22:30:00,SC,101,"200,9",SAO JOSE,Acesso irregular,Colisão transversal,Com Vítimas Feridas,Plena Noite,Crescente,Ignorado,Múltipla,Declive,Sim,3,0,1,0,2,0,1,2,-27.53918327,-48.62342466,SPRF-SC,DEL01-SC,UOP01-DEL01-SC,2025
"666669,0",2025-03-12,quarta-feira,04:35:00,SC,101,"101,0",TIJUCAS,Condutor deixou de manter distância do veículo da frente,Colisão traseira,Com Vítimas Feridas,Plena Noite,Decrescente,Céu Claro,Dupla,Reta,Não,3,0,1,0,2,0,1,3,-27.30084454,-48.63126576,SPRF-SC,DEL03-SC,UOP02-DEL03-SC,2025
"666673,0",2025-03-11,terça-feira,22:40:00,SC,101,"213,9",PALHOCA,Pedestre cruzava a pista fora da faixa,Atropelamento de Pedestre,Com Vítimas Feridas,Plena Noite,Decrescente,Garoa/Chuvisco,Múltipla,Reta;Interseção de Vias,Sim,3,0,0,1,0,2,1,2,-27.64367,-48.67023,SPRF-SC,DEL01-SC,UOP02-DEL01-SC,2025
"666698,0",2025-03-12,quarta-feira,07:50:00,SC,101,"210,8",SAO JOSE,Trafegar com motocicleta (ou similar) entre as faixas,Colisão traseira,Com Vítimas Feridas,Pleno dia,Decrescente,Sol,Múltipla,Reta,Sim,2,0,1,0,1,0,1,2,-27.62235,-48.65121,SPRF-SC,DEL01-SC,UOP01-DEL01-SC,2025
"666704,0",2025-03-12,quarta-feira,07:00:00,SC,470,"105,0",APIUNA,Ausência de reação do condutor,Saída de leito carroçável,Com Vítimas Feridas,Pleno dia,Decrescente,Céu Claro,Simples,Curva,Não,3,0,3,0,0,0,3,1,-27.07414076,-49.38793704,SPRF-SC,DEL04-SC,UOP02-DEL04-SC,2025
"666711,0",2025-03-12,quarta-feira,08:30:00,SC,101,"122,0",ITAJAI,Acessar a via sem observar a presença dos outros veículos,Colisão lateral mesmo sentido,Com Vítimas Feridas,Pleno dia,Crescente,Céu Claro,Dupla,Reta;Interseção de Vias,Sim,2,0,1,0,1,0,1,2,-26.93780023,-48.69884491,SPRF-SC,DEL04-SC,UOP04-DEL04-SC,2025
"666744,0",2025-03-12,quarta-feira,12:10:00,SC,101,"117,0",ITAJAI,Velocidade Incompatível,Colisão frontal,Com Vítimas Feridas,Pleno dia,Decrescente,Céu Claro,Múltipla,Reta,Sim,2,0,0,1,1,0,1,2,-26.8894638,-48.72108912,SPRF-SC,DEL04-SC,UOP04-DEL04-SC,2025
"666758,0",2025-03-12,quarta-feira,13:00:00,SC,101,"199,0",SAO JOSE,Manobra de mudança de faixa,Colisão transversal,Com Vítimas Feridas,Pleno dia,Crescente,Céu Claro,Simples,Reta,Sim,4,0,1,0,3,0,1,3,-27.5326698,-48.6314275,SPRF-SC,DEL01-SC,UOP01-DEL01-SC,2025
"666762,0",2025-03-12,quarta-feira,13:10:00,SC,282,"18,4",PALHOCA,Acessar a via sem observar a presença dos outros veículos,Colisão transversal,Com Vítimas Feridas,Pleno dia,Decrescente,Nublado,Simples,Interseção de Vias,Sim,2,0,2,0,0,0,2,2,-27.675778,-48.698245,SPRF-SC,DEL01-SC,UOP02-DEL01-SC,2025
"666789,0",2025-03-12,quarta-feira,16:30:00,SC,101,"201,5",SAO JOSE,Reação tardia ou ineficiente do condutor,Queda de ocupante de veículo,Com Vítimas Feridas,Pleno dia,Decrescente,Céu Claro,Múltipla,Reta,Sim,1,0,1,0,0,0,1,1,-27.55373319,-48.61911351,SPRF-SC,DEL01-SC,UOP01-DEL01-SC,2025
"666805,0",2025-03-12,quarta-feira,17:40:00,SC,101,"87,0",BARRA VELHA,Acessar a via sem observar a presença dos outros veículos,Colisão transversal,Com Vítimas Feridas,Anoitecer,Crescente,Chuva,Simples,Interseção de Vias,Sim,2,0,1,0,1,0,1,2,-26.64405881,-48.68855054,SPRF-SC,DEL03-SC,UOP02-DEL03-SC,2025
"666818,0",2025-03-12,quarta-feira,17:10:00,SC,280,"58,0",GUARAMIRIM,Acumulo de água sobre o pavimento,Queda de ocupante de veículo,Com Vítimas Feridas,Pleno dia,Crescente,Chuva,Dupla,Rotatória,Sim,1,0,1,0,0,0,1,1,-26.47404439,-49.02009303,SPRF-SC,DEL03-SC,UOP03-DEL03-SC,2025
"666820,0",2025-02-22,sábado,02:15:00,SC,116,"249,9",LAGES,Reação tardia ou ineficiente do condutor,Colisão traseira,Sem Vítimas,Plena Noite,Crescente,Céu Claro,Simples,Reta,Não,3,0,0,0,3,0,0,2,-27.835384,-50.38069,SPRF-SC,DEL05-SC,UOP02-DEL05-SC,2025
"666831,0",2025-03-12,quarta-feira,19:00:00,SC,101,"118,0",ITAJAI,Ausência de reação do condutor,Colisão lateral mesmo sentido,Com Vítimas Feridas,Plena Noite,Crescente,Céu Claro,Dupla,Reta,Sim,2,0,1,0,1,0,1,2,-26.89111941,-48.7194407,SPRF-SC,DEL04-SC,UOP04-DEL04-SC,2025
"666833,0",2025-03-12,quarta-feira,17:25:00,SC,101,"376,1",ICARA,Ausência de reação do condutor,Capotamento,Com Vítimas Feridas,Pleno dia,Decrescente,Nublado,Dupla,Reta,Não,1,0,1,0,0,0,1,1,-28.73791555,-49.24844004,SPRF-SC,DEL02-SC,UOP01-DEL02-SC,2025
"666837,0",2025-03-12,quarta-feira,19:35:00,SC,282,"20,4",PALHOCA,Acessar a via sem observar a presença dos outros veículos,Colisão transversal,Sem Vítimas,Plena Noite,Crescente,Chuva,Simples,Interseção de Vias;Declive;Reta,Não,2,0,0,0,2,0,0,2,-27.68711928,-48.71372223,SPRF-SC,DEL01-SC,UOP02-DEL01-SC,2025
"666851,0",2025-03-12,quarta-feira,17:20:00,SC,470,"32,9",GASPAR,Ultrapassagem Indevida,Colisão lateral mesmo sentido,Com Vítimas Feridas,Pleno dia,Crescente,Chuva,Dupla,Interseção de Vias,Sim,2,0,1,0,1,0,1,2,-26.905012,-48.938711,SPRF-SC,DEL04-SC,UOP01-DEL04-SC,2025
"666864,0",2025-03-12,quarta-feira,23:40:00,SC,101,"88,3",BARRA VELHA,Ausência de reação do condutor,Saída de leito carroçável,Sem Vítimas,Plena Noite,Crescente,Nublado,Dupla,Reta,Sim,1,0,0,0,1,0,0,1,-26.65280858,-48.68701994,SPRF-SC,DEL03-SC,UOP02-DEL03-SC,2025
"666866,0",2025-03-13,quinta-feira,01:10:00,SC,101,"142,5",ITAPEMA,Acumulo de água sobre o pavimento,Colisão com objeto,Com Vítimas Feridas,Plena Noite,Crescente,Chuva,Dupla,Declive;Reta,Não,1,0,1,0,0,0,1,1,-27.0851653,-48.60686118,SPRF-SC,DEL04-SC,UOP03-DEL04-SC,2025
"666918,0",2025-03-13,quinta-feira,09:00:00,SC,101,"207,1",SAO JOSE,Demais falhas mecânicas ou elétricas,Tombamento,Com Vítimas Feridas,Pleno dia,Decrescente,Céu Claro,Múltipla,Declive;Curva,Não,2,0,2,0,0,0,2,1,-27.60230336,-48.62865664,SPRF-SC,DEL01-SC,UOP01-DEL01-SC,2025
"666927,0",2025-03-13,quinta-feira,10:40:00,SC,282,"2,9",FLORIANOPOLIS,Trafegar com motocicleta (ou similar) entre as faixas,Colisão traseira,Com Vítimas Feridas,Pleno dia,Crescente,Céu Claro,Múltipla,Reta,Sim,2,0,1,0,1,0,1,2,-27.602134,-48.59609127,SPRF-SC,DEL01-SC,UOP01-DEL01-SC,2025
"666948,0",2025-03-13,quinta-feira,13:00:00,SC,101,"329,0",CAPIVARI DE BAIXO,Objeto estático sobre o leito carroçável,Tombamento,Com Vítimas Feridas,Pleno dia,Crescente,Céu Claro,Múltipla,Reta,Não,1,0,1,0,0,0,1,1,-28.44536,-48.967353,SPRF-SC,DEL02-SC,UOP01-DEL02-SC,2025
"666952,0",2025-03-13,quinta-feira,12:15:00,SC,116,"260,9",CAPAO ALTO,Demais falhas mecânicas ou elétricas,Saída de leito carroçável,Com Vítimas Feridas,Pleno dia,Decrescente,Céu Claro,Simples,Curva,Não,2,0,2,0,0,0,2,1,-27.90993024,-50.44654727,SPRF-SC,DEL05-SC,UOP02-DEL05-SC,2025
"666994,0",2025-03-13,quinta-feira,17:00:00,SC,101,"120,1",ITAJAI,Ausência de reação do condutor,Colisão lateral mesmo sentido,Com Vítimas Feridas,Pleno dia,Decrescente,Nublado,Dupla,Reta,Não,2,0,1,0,1,0,1,2,-26.91614836,-48.71046066,SPRF-SC,DEL04-SC,UOP04-DEL04-SC,2025
"666999,0",2025-03-13,quinta-feira,14:15:00,SC,101,"138,3",BALNEARIO CAMBORIU,Reação tardia ou ineficiente do condutor,Colisão traseira,Com Vítimas Feridas,Pleno dia,Crescente,Nublado,Múltipla,Reta,Sim,5,0,3,0,2,0,3,2,-27.02489925,-48.60711948,SPRF-SC,DEL04-SC,UOP03-DEL04-SC,2025
"667004,0",2025-03-13,quinta-feira,18:15:00,SC,280,"128,0",RIO NEGRINHO,Reação tardia ou ineficiente do condutor,Colisão traseira,Sem Vítimas,Pleno dia,Crescente,Céu Claro,Simples,Reta,Sim,3,0,0,0,3,0,0,3,-26.243471,-49.514205,SPRF-SC,DEL06-SC,UOP03-DEL06-SC,2025
"667008,0",2025-03-13,quinta-feira,18:20:00,SC,101,"118,4",ITAJAI,Ausência de reação do condutor,Colisão lateral mesmo sentido,Com Vítimas Feridas,Anoitecer,Crescente,Nublado,Dupla,Reta,Não,2,0,1,0,1,0,1,2,-26.89747285,-48.71938705,SPRF-SC,DEL04-SC,UOP04-DEL04-SC,2025
"667023,0",2025-03-13,quinta-feira,17:00:00,SC,101,"5,6",ARARANGUA,Desrespeitar a preferência no cruzamento,Colisão transversal,Com Vítimas Feridas,Pleno dia,Decrescente,Céu Claro,Simples,Rotatória,Sim,2,0,1,0,1,0,1,2,-28.96320522,-49.51928616,SPRF-SC,DEL02-SC,UOP02-DEL02-SC,2025
"667024,0",2025-03-13,quinta-feira,19:20:00,SC,101,"116,4",ITAJAI,Ausência de reação do condutor,Saída de leito carroçável,Com Vítimas Feridas,Plena Noite,Crescente,Nublado,Dupla,Reta,Não,1,0,1,0,0,0,1,1,-26.88558378,-48.72359276,SPRF-SC,DEL04-SC,UOP04-DEL04-SC,2025
"667026,0",2025-03-13,quinta-feira,19:35:00,SC,101,"122,9",ITAJAI,Ausência de reação do condutor,Colisão lateral mesmo sentido,Com Vítimas Feridas,Plena Noite,Crescente,Nublado,Dupla,Reta,Não,3,0,2,0,1,0,2,2,-26.93512925,-48.70037556,SPRF-SC,DEL04-SC,UOP04-DEL04-SC,2025
"667032,0",2025-03-13,quinta-feira,17:30:00,SC,101,"40,2",JOINVILLE,Reação tardia ou ineficiente do condutor,Colisão traseira,Com Vítimas Feridas,Pleno dia,Crescente,Chuva,Dupla,Reta,Não,4,0,1,0,3,0,1,2,-26.3118624,-48.87573838,SPRF-SC,DEL03-SC,UOP01-DEL03-SC,2025
"667042,0",2025-03-13,quinta-feira,17:25:00,SC,282,"19,3",PALHOCA,Reação tardia ou ineficiente do condutor,Saída de leito carroçável,Com Vítimas Feridas,Pleno dia,Decrescente,Nublado,Simples,Reta,Sim,2,0,2,0,0,0,2,1,-27.67906089,-48.70232821,SPRF-SC,DEL01-SC,UOP02-DEL01-SC,2025
"667044,0",2025-03-13,quinta-feira,20:05:00,SC,280,"234,0",CANOINHAS,Conversão proibida,Colisão frontal,Sem Vítimas,Plena Noite,Crescente,Céu Claro,Simples,Declive;Reta,Sim,4,0,0,0,4,0,0,2,-26.191273,-50.401953,SPRF-SC,DEL06-SC,UOP04-DEL06-SC,2025
"667052,0",2025-03-13,quinta-feira,19:35:00,SC,470,"71,7",INDAIAL,Ingestão de álcool pelo condutor,Saída de leito carroçável,Com Vítimas Feridas,Plena Noite,Crescente,Céu Claro,Dupla,Reta,Sim,1,0,0,1,0,0,1,1,-26.90068247,-49.2679506,SPRF-SC,DEL04-SC,UOP01-DEL04-SC,2025
"667071,0",2025-03-13,quinta-feira,22:00:00,SC,282,"157,0",BOM RETIRO,Ausência de reação do condutor,Saída de leito carroçável,Sem Vítimas,Plena Noite,Decrescente,Céu Claro,Simples,Reta,Não,2,0,0,0,2,0,0,1,-27.74104,-49.73055,SPRF-SC,DEL05-SC,UOP01-DEL05-SC,2025
"667073,0",2025-03-14,sexta-feira,00:00:00,SC,101,"217,0",PALHOCA,Ausência de reação do condutor,Colisão lateral mesmo sentido,Com Vítimas Feridas,Plena Noite,Crescente,Céu Claro,Múltipla,Reta,Não,2,0,1,0,0,1,1,2,-27.66968145,-48.67342288,SPRF-SC,DEL01-SC,UOP02-DEL01-SC,2025
"667083,0",2025-03-14,sexta-feira,03:40:00,SC,101,"383,0",ICARA,Reação tardia ou ineficiente do condutor,Colisão com objeto,Com Vítimas Feridas,Plena Noite,Crescente,Nublado,Dupla,Reta,Sim,1,0,1,0,0,0,1,1,-28.7631,-49.291382,SPRF-SC,DEL02-SC,UOP02-DEL02-SC,2025
"667085,0",2025-03-13,quinta-feira,20:30:00,SC,101,"327,2",CAPIVARI DE BAIXO,Ausência de reação do condutor,Colisão traseira,Com Vítimas Feridas,Plena Noite,Crescente,Nublado,Múltipla,Reta,Não,2,0,1,0,0,1,1,2,-28.434102,-48.957566,SPRF-SC,DEL02-SC,UOP01-DEL02-SC,2025
"667105,0",2025-03-14,sexta-feira,06:50:00,SC,101,"125,0",ITAJAI,Acessar a via sem observar a presença dos outros veículos,Atropelamento de Pedestre,Com Vítimas Feridas,Pleno dia,Decrescente,Céu Claro,Dupla,Curva;Retorno Regulamentado,Não,3,0,0,1,2,0,1,2,-26.952367,-48.6794962,SPRF-SC,DEL04-SC,UOP04-DEL04-SC,2025
"667110,0",2025-03-14,sexta-feira,06:00:00,SC,280,"117,0",SAO BENTO DO SUL,Acessar a via sem observar a presença dos outros veículos,Colisão transversal,Com Vítimas Feridas,Pleno dia,Crescente,Céu Claro,Simples,Reta;Declive,Não,2,0,1,0,1,0,1,2,-26.382731,-49.45247189,SPRF-SC,DEL06-SC,UOP03-DEL06-SC,2025
"667115,0",2025-03-14,sexta-feira,05:30:00,SC,282,"166,0",BOCAINA DO SUL,Velocidade Incompatível,Saída de leito carroçável,Com Vítimas Feridas,Amanhecer,Crescente,Nublado,Simples,Curva,Não,4,0,4,0,0,0,4,1,-27.74644242,-49.80986595,SPRF-SC,DEL05-SC,UOP01-DEL05-SC,2025
"667132,0",2025-02-06,quinta-feira,14:41:00,SC,470,"66,0",INDAIAL,Retorno proibido,Colisão transversal,Com Vítimas Feridas,Pleno dia,Decrescente,Céu Claro,Simples,Reta,Não,3,0,1,0,2,0,1,2,-26.870407,-49.221844,SPRF-SC,DEL04-SC,UOP01-DEL04-SC,2025
"667159,0",2025-03-14,sexta-feira,11:50:00,SC,101,"335,0",TUBARAO,Acessar a via sem observar a presença dos outros veículos,Colisão transversal,Com Vítimas Feridas,Pleno dia,Decrescente,Céu Claro,Dupla,Rotatória;Interseção de Vias;Viaduto,Sim,2,0,1,0,1,0,1,2,-28.47067189,-49.01853919,SPRF-SC,DEL02-SC,UOP01-DEL02-SC,2025
"667189,0",2025-03-14,sexta-feira,13:30:00,SC,282,"343,0",CAMPOS NOVOS,Ausência de reação do condutor,Colisão transversal,Com Vítimas Feridas,Pleno dia,Crescente,Sol,Simples,Reta,Sim,2,0,1,1,0,0,2,2,-27.38930112,-51.2267893,SPRF-SC,DEL07-SC,UOP06-DEL07-SC,2025
"667202,0",2025-03-14,sexta-feira,15:00:00,SC,101,"124,0",ITAJAI,Condutor deixou de manter distância do veículo da frente,Engavetamento,Com Vítimas Feridas,Pleno dia,Crescente,Céu Claro,Dupla,Reta,Sim,4,0,1,0,3,0,1,3,-26.93965578,-48.6974144,SPRF-SC,DEL04-SC,UOP04-DEL04-SC,2025
"667217,0",2025-03-14,sexta-feira,16:15:00,SC,282,"17,5",PALHOCA,Conversão proibida,Colisão transversal,Com Vítimas Feridas,Pleno dia,Decrescente,Céu Claro,Simples,Reta;Retorno Regulamentado,Sim,2,0,1,0,1,0,1,2,-27.66943248,-48.69128639,SPRF-SC,DEL01-SC,UOP02-DEL01-SC,2025
"667238,0",2025-03-14,sexta-feira,18:15:00,SC,470,"57,0",BLUMENAU,Acessar a via sem observar a presença dos outros veículos,Colisão transversal,Com Vítimas Feridas,Anoitecer,Crescente,Nublado,Dupla,Em Obras;Interseção de Vias;Reta,Sim,2,0,1,0,1,0,1,2,-26.8837038,-49.14549,SPRF-SC,DEL04-SC,UOP01-DEL04-SC,2025
"667239,0",2025-03-14,sexta-feira,18:10:00,SC,101,"357,0",SANGAO,Manobra de mudança de faixa,Capotamento,Com Vítimas Feridas,Pleno dia,Decrescente,Céu Claro,Dupla,Reta,Sim,2,0,2,0,0,0,2,1,-28.65489704,-49.1077047,SPRF-SC,DEL02-SC,UOP01-DEL02-SC,2025
"667244,0",2025-03-14,sexta-feira,17:30:00,SC,101,"102,8",BALNEARIO PICARRAS,Manobra de mudança de faixa,Colisão lateral mesmo sentido,Com Vítimas Feridas,Pleno dia,Crescente,Nublado,Dupla,Aclive;Reta,Sim,2,0,1,0,0,1,1,2,-26.78112831,-48.68396932,SPRF-SC,DEL03-SC,UOP02-DEL03-SC,2025
"667265,0",2025-03-14,sexta-feira,18:40:00,SC,101,"2,8",ARARANGUA,Desrespeitar a preferência no cruzamento,Colisão transversal,Com Vítimas Feridas,Anoitecer,Decrescente,Nublado,Simples,Reta;Interseção de Vias,Sim,2,0,1,0,1,0,1,2,-28.94316854,-49.50131007,SPRF-SC,DEL03-SC,UOP01-DEL03-SC,2025
"667267,0",2025-03-14,sexta-feira,19:05:00,SC,470,"231,1",SAO CRISTOVAO DO SUL,Velocidade Incompatível,Saída de leito carroçável,Com Vítimas Feridas,Plena Noite,Decrescente,Céu Claro,Simples,Reta,Não,2,0,1,0,1,0,1,1,-27.30398065,-50.40302927,SPRF-SC,DEL05-SC,UOP03-DEL05-SC,2025
"667276,0",2025-03-14,sexta-feira,18:15:00,SC,101,"48,0",JOINVILLE,Avarias e/ou desgaste excessivo no pneu,Queda de ocupante de veículo,Com Vítimas Feridas,Anoitecer,Crescente,Céu Claro,Dupla,Reta,Não,1,0,1,0,0,0,1,1,-26.378128,-48.852472,SPRF-SC,DEL03-SC,UOP01-DEL03-SC,2025
"667278,0",2025-03-14,sexta-feira,16:00:00,SC,101,"3,7",ARARANGUA,Acessar a via sem observar a presença dos outros veículos,Colisão transversal,Com Vítimas Feridas,Pleno dia,Crescente,Céu Claro,Múltipla,Interseção de Vias,Sim,2,0,0,1,1,0,1,2,-28.94949417,-49.50660819,SPRF-SC,DEL02-SC,UOP02-DEL02-SC,2025
"667292,0",2025-03-14,sexta-feira,21:55:00,SC,101,"206,2",SAO JOSE,Condutor deixou de manter distância do veículo da frente,Colisão traseira,Com Vítimas Feridas,Plena Noite,Decrescente,Nublado,Múltipla,Reta,Sim,3,0,1,1,1,0,2,2,-27.58901252,-48.61724854,SPRF-SC,DEL01-SC,UOP01-DEL01-SC,2025
"667295,0",2025-03-14,sexta-feira,22:50:00,SC,101,"329,0",TUBARAO,Ausência de reação do condutor,Colisão com objeto,Com Vítimas Feridas,Plena Noite,Crescente,Céu Claro,Múltipla,Curva;Desvio Temporário,Não,1,0,1,0,0,0,1,1,-28.45440591,-48.97901231,SPRF-SC,DEL02-SC,UOP01-DEL02-SC,2025
"667296,0",2025-03-14,sexta-feira,20:30:00,SC,163,"117,9",DIONISIO CERQUEIRA,Reação tardia ou ineficiente do condutor,Saída de leito carroçável,Com Vítimas Feridas,Plena Noite,Crescente,Nublado,Simples,Aclive;Reta,Não,2,0,0,2,0,0,2,1,-26.34626789,-53.54624748,SPRF-SC,DEL07-SC,UOP03-DEL07-SC,2025
"667302,0",2025-03-14,sexta-feira,22:22:00,SC,101,"29,1",JOINVILLE,Reação tardia ou ineficiente do condutor,Colisão traseira,Sem Vítimas,Plena Noite,Decrescente,Nublado,Dupla,Reta,Não,4,0,0,0,4,0,0,4,-26.22064956,-48.91611636,SPRF-SC,DEL03-SC,UOP01-DEL03-SC,2025
"667305,0",2025-03-14,sexta-feira,22:30:00,SC,116,"1,0",MAFRA,Pista Escorregadia,Queda de ocupante de veículo,Com Vítimas Feridas,Plena Noite,Decrescente,Ignorado,Simples,Rotatória,Sim,1,0,1,0,0,0,1,1,-26.1184039,-49.78766799,SPRF-SC,DEL06-SC,UOP01-DEL06-SC,2025
"667320,0",2025-03-15,sábado,02:40:00,SC,470,"44,5",GASPAR,Ingestão de álcool pelo condutor,Saída de leito carroçável,Com Vítimas Feridas,Plena Noite,Crescente,Céu Claro,Dupla,Reta,Não,1,0,1,0,0,0,1,1,-26.86945379,-49.02526617,SPRF-SC,DEL04-SC,UOP01-DEL04-SC,2025
"667332,0",2025-03-15,sábado,05:10:00,SC,282,"572,0",PINHALZINHO,Velocidade Incompatível,Saída de leito carroçável,Com Vítimas Feridas,Amanhecer,Crescente,Céu Claro,Simples,Curva,Não,1,0,1,0,0,0,1,1,-26.87761485,-52.95156013,SPRF-SC,DEL07-SC,UOP02-DEL07-SC,2025
"667338,0",2025-03-15,sábado,07:00:00,SC,101,"350,6",JAGUARUNA,Ausência de reação do condutor,Saída de leito carroçável,Com Vítimas Feridas,Pleno dia,Decrescente,Céu Claro,Dupla,Reta,Não,1,0,1,0,0,0,1,1,-28.602796,-49.054046,SPRF-SC,DEL02-SC,UOP01-DEL02-SC,2025
"667351,0",2025-03-15,sábado,07:50:00,SC,101,"220,0",PALHOCA,Avarias e/ou desgaste excessivo no pneu,Tombamento,Com Vítimas Feridas,Pleno dia,Crescente,Céu Claro,Dupla,Reta,Sim,2,0,2,0,0,0,2,1,-27.694213,-48.662945,SPRF-SC,DEL01-SC,UOP02-DEL01-SC,2025
"667364,0",2025-02-27,quinta-feira,22:06:00,SC,101,"46,1",JOINVILLE,Ausência de reação do condutor,Tombamento,Com Vítimas Feridas,Plena Noite,Decrescente,Nublado,Simples,Reta,Sim,1,0,1,0,0,0,1,1,-26.363135,-48.859033,SPRF-SC,DEL03-SC,UOP01-DEL03-SC,2025
"667368,0",2025-03-15,sábado,09:07:00,SC,282,"17,5",PALHOCA,Conversão proibida,Colisão frontal,Com Vítimas Feridas,Pleno dia,Decrescente,Nublado,Simples,Reta,Sim,3,0,0,1,2,0,1,3,-27.6698,-48.6917,SPRF-SC,DEL01-SC,UOP02-DEL01-SC,2025
"667372,0",2025-03-15,sábado,09:00:00,SC,282,"38,5",AGUAS MORNAS,Conversão proibida,Colisão traseira,Com Vítimas Feridas,Pleno dia,Crescente,Nublado,Simples,Declive;Curva,Não,7,0,2,0,5,0,2,2,-27.7132757,-48.8587318,SPRF-SC,DEL01-SC,UOP03-DEL01-SC,2025
"667373,0",2025-03-15,sábado,09:45:00,SC,280,"50,0",GUARAMIRIM,Conversão proibida,Colisão transversal,Com Vítimas Feridas,Pleno dia,Crescente,Céu Claro,Simples,Aclive;Em Obras;Reta,Não,2,0,1,0,1,0,1,2,-26.45765393,-48.93427491,SPRF-SC,DEL03-SC,UOP03-DEL03-SC,2025
"667403,0",2025-03-15,sábado,11:40:00,SC,282,"52,8",PALHOCA,Ultrapassagem Indevida,Colisão frontal,Com Vítimas Feridas,Pleno dia,Decrescente,Nublado,Simples,Curva,Não,2,0,2,0,0,0,2,2,-27.67362793,-48.69498968,SPRF-SC,DEL01-SC,UOP03-DEL01-SC,2025
"667423,0",2025-03-15,sábado,15:15:00,SC,470,"98,4",APIUNA,Reação tardia ou ineficiente do condutor,Colisão traseira,Com Vítimas Feridas,Pleno dia,Crescente,Nublado,Simples,Reta,Sim,2,0,1,0,1,0,1,2,-27.03661762,-49.39163262,SPRF-SC,DEL04-SC,UOP02-DEL04-SC,2025
"667440,0",2025-03-15,sábado,16:00:00,SC,282,"604,3",MARAVILHA,Ausência de reação do condutor,Colisão lateral mesmo sentido,Com Vítimas Feridas,Pleno dia,Decrescente,Céu Claro,Simples,Reta,Sim,2,0,1,0,1,0,1,2,-26.79138,-53.19479,SPRF-SC,DEL07-SC,UOP02-DEL07-SC,2025
"667466,0",2025-03-15,sábado,19:20:00,SC,470,"175,7",POUSO REDONDO,Ingestão de álcool pelo condutor,Colisão transversal,Com Vítimas Feridas,Plena Noite,Decrescente,Nublado,Simples,Curva;Declive,Sim,2,0,2,0,0,0,2,2,-27.25523261,-49.94631261,SPRF-SC,DEL04-SC,UOP02-DEL04-SC,2025
"667468,0",2025-03-15,sábado,19:40:00,SC,116,"209,1",PONTE ALTA,Ingestão de álcool pelo condutor,Colisão traseira,Sem Vítimas,Plena Noite,Crescente,Céu Claro,Simples,Reta,Não,2,0,0,0,2,0,0,2,-27.46603958,-50.38563967,SPRF-SC,DEL05-SC,UOP03-DEL05-SC,2025
"667490,0",2025-03-15,sábado,20:30:00,SC,282,"75,0",RANCHO QUEIMADO,Afundamento ou ondulação no pavimento,Capotamento,Com Vítimas Feridas,Plena Noite,Decrescente,Céu Claro,Simples,Reta,Não,1,0,1,0,0,0,1,1,-27.689269,-49.140563,SPRF-SC,DEL01-SC,UOP03-DEL01-SC,2025