id,data_inversa,dia_semana,horario,uf,br,km,municipio,causa_acidente,tipo_acidente,classificacao_acidente,fase_dia,sentido_via,condicao_metereologica,tipo_pista,tracado_via,uso_solo,pessoas,mortos,feridos_leves,feridos_graves,ilesos,ignorados,feridos,veiculos,latitude,longitude,regional,delegacia,uop,ano_arquivo
"667492,0",2025-03-15,sábado,19:00:00,SC,470,"34,0",GASPAR,Ingestão de álcool pelo condutor,Colisão traseira,Sem Vítimas,Plena Noite,Crescente,Céu Claro,Dupla,Em Obras,Sim,2,0,0,0,2,0,0,2,-26.910468,-48.94954,SPRF-SC,DEL04-SC,UOP01-DEL04-SC,2025
"667503,0",2025-03-15,sábado,20:00:00,SC,282,"578,1",PINHALZINHO,Desrespeitar a preferência no cruzamento,Colisão transversal,Com Vítimas Feridas,Plena Noite,Decrescente,Céu Claro,Simples,Interseção de Vias;Rotatória,Sim,2,0,1,0,1,0,1,2,-26.8528378,-52.9803352,SPRF-SC,DEL07-SC,UOP02-DEL07-SC,2025
"667533,0",2025-03-16,domingo,03:00:00,SC,101,"223,0",PALHOCA,Ausência de sinalização,Colisão transversal,Com Vítimas Feridas,Plena Noite,Crescente,Céu Claro,Dupla,Reta,Não,7,0,2,0,3,2,2,5,-27.717,-48.648,SPRF-SC,DEL01-SC,UOP02-DEL01-SC,2025
"667548,0",2025-03-16,domingo,05:00:00,SC,101,"372,4",ICARA,Ausência de reação do condutor,Saída de leito carroçável,Sem Vítimas,Amanhecer,Crescente,Céu Claro,Simples,Interseção de Vias,Sim,3,0,0,0,3,0,0,1,-28.715303,-49.228388,SPRF-SC,DEL02-SC,UOP01-DEL02-SC,2025
"667551,0",2025-03-16,domingo,02:00:00,SC,282,"457,4",PONTE SERRADA,Transitar na contramão,Colisão frontal,Com Vítimas Feridas,Plena Noite,Decrescente,Céu Claro,Simples,Reta,Não,5,0,5,0,0,0,5,2,-26.88866979,-51.99401021,SPRF-SC,DEL07-SC,UOP04-DEL07-SC,2025
"667575,0",2025-03-07,sexta-feira,09:14:00,SC,480,"125,0",CHAPECO,Ausência de reação do condutor,Capotamento,Com Vítimas Fatais,Pleno dia,Crescente,Céu Claro,Múltipla,Reta,Não,1,1,0,0,0,0,0,1,-27.012042,-52.6394,SPRF-SC,DEL07-SC,UOP01-DEL07-SC,2025
"667611,0",2025-03-16,domingo,13:00:00,SC,116,"0,6",MAFRA,Ultrapassagem Indevida,Colisão traseira,Com Vítimas Feridas,Pleno dia,Crescente,Céu Claro,Dupla,Reta;Aclive,Sim,3,0,1,0,2,0,1,2,-26.113512,-49.78623,SPRF-SC,DEL06-SC,UOP01-DEL06-SC,2025
"667617,0",2025-03-16,domingo,08:25:00,SC,282,"407,0",CATANDUVAS,Ingestão de álcool pelo condutor,Saída de leito carroçável,Com Vítimas Feridas,Pleno dia,Crescente,Céu Claro,Simples,Declive;Curva,Sim,1,0,1,0,0,0,1,1,-27.085418,-51.661765,SPRF-SC,DEL07-SC,UOP05-DEL07-SC,2025
"667624,0",2025-03-16,domingo,14:40:00,SC,282,"57,0",RANCHO QUEIMADO,Condutor Dormindo,Saída de leito carroçável,Com Vítimas Feridas,Pleno dia,Crescente,Nublado,Simples,Aclive;Curva,Sim,2,0,1,1,0,0,2,1,-27.68150353,-49.00577892,SPRF-SC,DEL01-SC,UOP03-DEL01-SC,2025
"667669,0",2025-03-16,domingo,18:25:00,SC,101,"90,0",BARRA VELHA,Reação tardia ou ineficiente do condutor,Colisão traseira,Com Vítimas Feridas,Anoitecer,Crescente,Céu Claro,Dupla,Reta,Sim,3,0,1,0,2,0,1,2,-26.66900372,-48.68977547,SPRF-SC,DEL03-SC,UOP02-DEL03-SC,2025
"667689,0",2025-03-16,domingo,19:00:00,SC,280,"54,7",GUARAMIRIM,Manobra de mudança de faixa,Colisão lateral mesmo sentido,Com Vítimas Feridas,Plena Noite,Crescente,Céu Claro,Dupla,Reta,Sim,3,0,2,0,0,1,2,2,-26.4666357,-48.9680207,SPRF-SC,DEL03-SC,UOP03-DEL03-SC,2025
"667693,0",2025-03-16,domingo,19:30:00,SC,101,"223,8",PALHOCA,Demais falhas mecânicas ou elétricas,Incêndio,Sem Vítimas,Plena Noite,Decrescente,Nublado,Múltipla,Reta,Sim,1,0,0,0,1,0,0,1,-27.721738,-48.644805,SPRF-SC,DEL01-SC,UOP02-DEL01-SC,2025
"667697,0",2025-03-16,domingo,18:30:00,SC,470,"53,0",BLUMENAU,Acessar a via sem observar a presença dos outros veículos,Colisão frontal,Com Vítimas Feridas,Anoitecer,Crescente,Nublado,Simples,Curva,Não,4,0,1,0,3,0,1,2,-26.868666,-49.104846,SPRF-SC,DEL04-SC,UOP01-DEL04-SC,2025
"667723,0",2025-03-16,domingo,21:00:00,SC,280,"181,3",MAFRA,Transitar na contramão,Colisão frontal,Com Vítimas Feridas,Plena Noite,Crescente,Céu Claro,Simples,Reta;Declive,Não,3,0,1,1,1,0,2,2,-26.173139,-49.900056,SPRF-SC,DEL06-SC,UOP01-DEL06-SC,2025
"667726,0",2025-03-16,domingo,18:00:00,SC,470,"327,2",CAMPOS NOVOS,Velocidade Incompatível,Colisão com objeto,Sem Vítimas,Pleno dia,Decrescente,Céu Claro,Simples,Reta,Não,1,0,0,0,0,1,0,1,-27.46669,-51.27177,SPRF-SC,DEL07-SC,UOP06-DEL07-SC,2025
"667755,0",2025-03-17,segunda-feira,03:05:00,SC,116,"260,2",CAPAO ALTO,Velocidade Incompatível,Saída de leito carroçável,Sem Vítimas,Plena Noite,Decrescente,Céu Claro,Simples,Curva,Não,2,0,0,0,0,2,0,2,-28.05819595,-50.56921005,SPRF-SC,DEL05-SC,UOP02-DEL05-SC,2025
"667757,0",2025-03-17,segunda-feira,05:00:00,SC,101,"269,9",IMBITUBA,Condutor Dormindo,Saída de leito carroçável,Com Vítimas Feridas,Plena Noite,Crescente,Nublado,Múltipla,Reta,Não,1,0,1,0,0,0,1,1,-28.10230721,-48.70376587,SPRF-SC,DEL02-SC,UOP03-DEL02-SC,2025
"667764,0",2025-03-17,segunda-feira,05:25:00,SC,280,"47,0",GUARAMIRIM,Acesso irregular,Incêndio,Sem Vítimas,Amanhecer,Crescente,Céu Claro,Simples,Reta;Interseção de Vias,Não,1,0,0,0,1,0,0,1,-26.45299445,-48.9095664,SPRF-SC,DEL03-SC,UOP03-DEL03-SC,2025
"667768,0",2025-03-16,domingo,15:25:00,SC,282,"304,8",VARGEM,Condutor usando celular,Saída de leito carroçável,Sem Vítimas,Pleno dia,Decrescente,Céu Claro,Simples,Curva,Não,1,0,0,0,1,0,0,1,-27.49997,-50.94668,SPRF-SC,DEL07-SC,UOP06-DEL07-SC,2025
"667786,0",2025-03-17,segunda-feira,07:40:00,SC,101,"312,0",LAGUNA,Ausência de reação do condutor,Colisão traseira,Com Vítimas Feridas,Pleno dia,Decrescente,Céu Claro,Dupla,Ponte;Reta;Declive,Não,4,0,2,0,2,0,2,2,-28.44014778,-48.82646084,SPRF-SC,DEL02-SC,UOP01-DEL02-SC,2025
"667793,0",2025-03-17,segunda-feira,06:50:00,SC,101,"128,0",CAMBORIU,Avarias e/ou desgaste excessivo no pneu,Tombamento,Com Vítimas Feridas,Pleno dia,Decrescente,Céu Claro,Dupla,Reta,Não,1,0,0,1,0,0,1,1,-26.97571762,-48.68245656,SPRF-SC,DEL04-SC,UOP04-DEL04-SC,2025
"667800,0",2025-03-17,segunda-feira,08:40:00,SC,101,"203,2",SAO JOSE,Reação tardia ou ineficiente do condutor,Queda de ocupante de veículo,Com Vítimas Feridas,Pleno dia,Crescente,Céu Claro,Múltipla,Declive,Sim,1,0,1,0,0,0,1,1,-27.567402,-48.614265,SPRF-SC,DEL01-SC,UOP01-DEL01-SC,2025
"667837,0",2025-03-17,segunda-feira,10:30:00,SC,101,"134,8",BALNEARIO CAMBORIU,Reação tardia ou ineficiente do condutor,Colisão traseira,Com Vítimas Feridas,Pleno dia,Decrescente,Sol,Múltipla,Reta,Sim,3,0,1,0,2,0,1,3,-27.00442722,-48.62826169,SPRF-SC,DEL04-SC,UOP03-DEL04-SC,2025
"667855,0",2025-03-17,segunda-feira,13:25:00,SC,101,"153,0",PORTO BELO,Trafegar com motocicleta (ou similar) entre as faixas,Tombamento,Com Vítimas Feridas,Pleno dia,Decrescente,Céu Claro,Dupla,Retorno Regulamentado,Sim,2,0,1,0,1,0,1,2,-27.14415709,-48.61021256,SPRF-SC,DEL04-SC,UOP03-DEL04-SC,2025
"667865,0",2025-03-17,segunda-feira,14:50:00,SC,101,"243,0",PALHOCA,Reação tardia ou ineficiente do condutor,Colisão traseira,Com Vítimas Feridas,Pleno dia,Decrescente,Sol,Dupla,Reta,Sim,3,0,1,0,2,0,1,2,-27.88532019,-48.64756638,SPRF-SC,DEL01-SC,UOP02-DEL01-SC,2025
"667901,0",2025-03-17,segunda-feira,17:20:00,SC,101,"147,2",ITAPEMA,Reação tardia ou ineficiente do condutor,Colisão traseira,Com Vítimas Feridas,Pleno dia,Decrescente,Sol,Múltipla,Reta,Sim,2,0,1,0,1,0,1,2,-27.09361631,-48.61741483,SPRF-SC,DEL04-SC,UOP03-DEL04-SC,2025
"667943,0",2025-03-17,segunda-feira,22:10:00,SC,282,"5,2",SAO JOSE,Reação tardia ou ineficiente do condutor,Colisão traseira,Com Vítimas Feridas,Plena Noite,Decrescente,Céu Claro,Múltipla,Reta,Sim,7,0,1,0,6,0,1,3,-27.58778587,-48.61384749,SPRF-SC,DEL01-SC,UOP01-DEL01-SC,2025
"667963,0",2025-03-18,terça-feira,06:00:00,SC,101,"203,0",SAO JOSE,Reação tardia ou ineficiente do condutor,Eventos atípicos,Sem Vítimas,Pleno dia,Decrescente,Céu Claro,Dupla,Reta,Sim,1,0,0,0,0,1,0,1,-27.56923,-48.61371,SPRF-SC,DEL01-SC,UOP01-DEL01-SC,2025
"668017,0",2025-03-18,terça-feira,08:50:00,SC,101,"189,9",BIGUACU,Reação tardia ou ineficiente do condutor,Colisão com objeto,Com Vítimas Feridas,Pleno dia,Crescente,Céu Claro,Dupla,Curva,Não,1,0,0,1,0,0,1,1,-27.465148,-48.642114,SPRF-SC,DEL01-SC,UOP01-DEL01-SC,2025
"668018,0",2025-03-18,terça-feira,11:25:00,SC,280,"46,6",GUARAMIRIM,Acessar a via sem observar a presença dos outros veículos,Colisão transversal,Com Vítimas Feridas,Pleno dia,Crescente,Céu Claro,Simples,Reta;Em Obras,Não,2,0,1,1,0,0,2,2,-26.45314994,-48.91017795,SPRF-SC,DEL03-SC,UOP03-DEL03-SC,2025
"668029,0",2025-03-18,terça-feira,13:00:00,SC,282,"5,0",SAO JOSE,Condutor deixou de manter distância do veículo da frente,Colisão traseira,Com Vítimas Feridas,Pleno dia,Decrescente,Céu Claro,Dupla,Reta,Sim,2,0,1,0,1,0,1,2,-27.588225,-48.613643,SPRF-SC,DEL01-SC,UOP01-DEL01-SC,2025
"668031,0",2025-03-18,terça-feira,10:05:00,SC,101,"277,1",IMBITUBA,Condutor deixou de manter distância do veículo da frente,Colisão traseira,Com Vítimas Feridas,Pleno dia,Decrescente,Céu Claro,Dupla,Reta;Em Obras,Sim,3,0,1,0,2,0,1,2,-28.16679866,-48.69402224,SPRF-SC,DEL02-SC,UOP03-DEL02-SC,2025
"668044,0",2025-03-18,terça-feira,13:00:00,SC,280,"153,0",MAFRA,Reação tardia ou ineficiente do condutor,Colisão traseira,Com Vítimas Feridas,Pleno dia,Decrescente,Garoa/Chuvisco,Simples,Aclive;Reta,Não,2,0,1,0,1,0,1,2,-26.2193377,-49.7136984,SPRF-SC,DEL06-SC,UOP03-DEL06-SC,2025
"668067,0",2025-03-18,terça-feira,16:30:00,SC,282,"3,5",FLORIANOPOLIS,Mal súbito do condutor,Colisão traseira,Com Vítimas Feridas,Pleno dia,Decrescente,Nublado,Múltipla,Reta,Sim,2,0,2,0,0,0,2,2,-27.60254521,-48.59799296,SPRF-SC,DEL01-SC,UOP01-DEL01-SC,2025
"668073,0",2025-03-18,terça-feira,16:50:00,SC,101,"120,0",ITAJAI,Acessar a via sem observar a presença dos outros veículos,Colisão transversal,Com Vítimas Feridas,Pleno dia,Decrescente,Chuva,Dupla,Reta,Sim,2,0,1,0,1,0,1,2,-26.91372141,-48.71121168,SPRF-SC,DEL04-SC,UOP04-DEL04-SC,2025
"668075,0",2025-03-18,terça-feira,12:15:00,SC,280,"23,8",ARAQUARI,Acessar a via sem observar a presença dos outros veículos,Colisão transversal,Com Vítimas Feridas,Pleno dia,Decrescente,Nublado,Simples,Em Obras;Interseção de Vias;Reta,Sim,2,0,0,1,1,0,1,2,-26.376607,-48.71871114,SPRF-SC,DEL03-SC,UOP03-DEL03-SC,2025
"668088,0",2025-03-18,terça-feira,17:40:00,SC,101,"180,0",BIGUACU,Condutor deixou de manter distância do veículo da frente,Colisão traseira,Com Vítimas Feridas,Anoitecer,Decrescente,Chuva,Dupla,Reta,Sim,2,0,1,0,1,0,1,2,-27.384415,-48.631072,SPRF-SC,DEL01-SC,UOP01-DEL01-SC,2025
"668105,0",2025-03-18,terça-feira,19:20:00,SC,101,"148,0",ITAPEMA,Chuva,Tombamento,Com Vítimas Feridas,Plena Noite,Crescente,Nublado,Múltipla,Reta,Sim,2,0,1,0,1,0,1,1,-27.10414155,-48.61663163,SPRF-SC,DEL04-SC,UOP03-DEL04-SC,2025
"668138,0",2025-03-18,terça-feira,20:58:00,SC,280,"22,8",ARAQUARI,Acessar a via sem observar a presença dos outros veículos,Atropelamento de Pedestre,Com Vítimas Feridas,Plena Noite,Crescente,Nublado,Simples,Interseção de Vias;Rotatória;Curva,Sim,2,0,1,0,1,0,1,2,-26.372027,-48.712476,SPRF-SC,DEL03-SC,UOP03-DEL03-SC,2025
"668160,0",2025-03-19,quarta-feira,06:19:00,SC,282,"215,5",LAGES,Acessar a via sem observar a presença dos outros veículos,Colisão transversal,Com Vítimas Feridas,Amanhecer,Decrescente,Céu Claro,Simples,Rotatória,Sim,2,0,1,0,1,0,1,2,-27.79468212,-50.28462475,SPRF-SC,DEL05-SC,UOP01-DEL05-SC,2025
"668165,0",2025-03-19,quarta-feira,07:00:00,SC,101,"134,0",BALNEARIO CAMBORIU,Acessar a via sem observar a presença dos outros veículos,Colisão transversal,Com Vítimas Feridas,Pleno dia,Decrescente,Céu Claro,Simples,Interseção de Vias;Reta,Sim,3,0,1,0,1,1,1,2,-27.00295,-48.63443,SPRF-SC,DEL04-SC,UOP03-DEL04-SC,2025
"668166,0",2025-03-19,quarta-feira,07:10:00,SC,101,"132,6",BALNEARIO CAMBORIU,Condutor deixou de manter distância do veículo da frente,Colisão lateral mesmo sentido,Com Vítimas Feridas,Pleno dia,Crescente,Sol,Dupla,Interseção de Vias;Reta,Sim,3,0,2,0,1,0,2,2,-26.9988,-48.64902,SPRF-SC,DEL04-SC,UOP03-DEL04-SC,2025
"668181,0",2025-03-19,quarta-feira,07:37:00,SC,280,"26,0",ARAQUARI,Acessar a via sem observar a presença dos outros veículos,Colisão transversal,Com Vítimas Feridas,Pleno dia,Crescente,Céu Claro,Simples,Reta,Sim,2,0,1,0,1,0,1,2,-26.39009605,-48.73449141,SPRF-SC,DEL03-SC,UOP03-DEL03-SC,2025
"668209,0",2025-03-18,terça-feira,04:30:00,SC,282,"236,0",SAO JOSE DO CERRITO,Condutor Dormindo,Saída de leito carroçável,Com Vítimas Feridas,Plena Noite,Decrescente,Ignorado,Simples,Declive;Reta,Não,1,0,1,0,0,0,1,1,-27.77818973,-50.49822807,SPRF-SC,DEL05-SC,UOP02-DEL05-SC,2025
"668227,0",2025-03-19,quarta-feira,11:15:00,SC,101,"328,9",TUBARAO,Manobra de mudança de faixa,Colisão lateral mesmo sentido,Com Vítimas Feridas,Pleno dia,Crescente,Céu Claro,Múltipla,Reta;Em Obras;Desvio Temporário,Sim,3,0,1,0,2,0,1,2,-28.450973,-48.973202,SPRF-SC,DEL02-SC,UOP01-DEL02-SC,2025
"668238,0",2025-03-19,quarta-feira,12:50:00,SC,101,"211,0",PALHOCA,Reação tardia ou ineficiente do condutor,Colisão traseira,Com Vítimas Feridas,Pleno dia,Decrescente,Céu Claro,Múltipla,Reta,Sim,2,0,1,0,0,1,1,2,-27.62858,-48.65723,SPRF-SC,DEL01-SC,UOP02-DEL01-SC,2025
"668250,0",2025-03-19,quarta-feira,13:15:00,SC,101,"330,4",TUBARAO,Condutor deixou de manter distância do veículo da frente,Colisão traseira,Com Vítimas Feridas,Pleno dia,Crescente,Céu Claro,Múltipla,Reta,Não,2,0,1,0,1,0,1,2,-28.457615,-48.98545,SPRF-SC,DEL02-SC,UOP01-DEL02-SC,2025
"668275,0",2025-03-19,quarta-feira,14:00:00,SC,116,"84,0",MONTE CASTELO,Ausência de reação do condutor,Colisão frontal,Com Vítimas Feridas,Pleno dia,Decrescente,Sol,Simples,Reta,Não,2,0,1,0,1,0,1,2,-26.79298974,-50.32246541,SPRF-SC,DEL06-SC,UOP02-DEL06-SC,2025
"668288,0",2025-03-19,quarta-feira,15:10:00,SC,280,"10,0",SAO FRANCISCO DO SUL,Acessar a via sem observar a presença dos outros veículos,Colisão transversal,Com Vítimas Feridas,Pleno dia,Crescente,Sol,Simples,Reta,Não,2,0,1,0,1,0,1,2,-26.294568,-48.643188,SPRF-SC,DEL03-SC,UOP03-DEL03-SC,2025
"668377,0",2025-03-20,quinta-feira,07:40:00,SC,101,"117,0",ITAJAI,Acessar a via sem observar a presença dos outros veículos,Colisão traseira,Com Vítimas Feridas,Pleno dia,Decrescente,Céu Claro,Dupla,Reta,Sim,2,0,1,0,1,0,1,2,-26.88504151,-48.72619629,SPRF-SC,DEL04-SC,UOP04-DEL04-SC,2025
"668382,0",2025-03-20,quinta-feira,08:40:00,SC,101,"206,0",SAO JOSE,Trafegar com motocicleta (ou similar) entre as faixas,Colisão lateral mesmo sentido,Com Vítimas Feridas,Pleno dia,Crescente,Céu Claro,Dupla,Reta,Sim,3,0,2,0,1,0,2,2,-27.591241,-48.618186,SPRF-SC,DEL01-SC,UOP01-DEL01-SC,2025
"668383,0",2025-03-20,quinta-feira,07:00:00,SC,101,"328,6",CAPIVARI DE BAIXO,Ausência de reação do condutor,Colisão com objeto,Com Vítimas Feridas,Pleno dia,Crescente,Sol,Dupla,Desvio Temporário,Sim,1,0,1,0,0,0,1,1,-28.44960881,-48.97108186,SPRF-SC,DEL02-SC,UOP01-DEL02-SC,2025
"668414,0",2025-03-20,quinta-feira,11:35:00,SC,280,"26,0",GUARAMIRIM,Trafegar com motocicleta (ou similar) entre as faixas,Colisão transversal,Com Vítimas Feridas,Pleno dia,Crescente,Céu Claro,Simples,Reta,Sim,2,0,1,0,1,0,1,2,-26.476544,-48.9947136,SPRF-SC,DEL03-SC,UOP03-DEL03-SC,2025
"668427,0",2025-03-20,quinta-feira,13:10:00,SC,101,"214,1",PALHOCA,Reação tardia ou ineficiente do condutor,Colisão traseira,Com Vítimas Feridas,Pleno dia,Decrescente,Sol,Múltipla,Reta,Sim,3,0,2,0,1,0,2,2,-27.64588423,-48.67125213,SPRF-SC,DEL01-SC,UOP02-DEL01-SC,2025
"668431,0",2025-03-20,quinta-feira,08:10:00,SC,280,"4,5",SAO FRANCISCO DO SUL,Conversão proibida,Colisão lateral mesmo sentido,Com Vítimas Feridas,Pleno dia,Crescente,Céu Claro,Simples,Reta,Sim,2,0,1,0,1,0,1,2,-26.25665,-48.62213,SPRF-SC,DEL03-SC,UOP03-DEL03-SC,2025
"668433,0",2025-03-20,quinta-feira,14:00:00,SC,280,"52,0",GUARAMIRIM,Acesso irregular,Colisão transversal,Com Vítimas Feridas,Pleno dia,Crescente,Céu Claro,Dupla,Reta,Não,2,0,2,0,0,0,2,2,-26.46818,-48.95915,SPRF-SC,DEL03-SC,UOP03-DEL03-SC,2025
"668438,0",2025-03-12,quarta-feira,12:49:00,SC,470,"54,5",BLUMENAU,Acessar a via sem observar a presença dos outros veículos,Colisão transversal,Com Vítimas Feridas,Pleno dia,Crescente,Nublado,Simples,Interseção de Vias,Sim,2,0,1,0,1,0,1,2,-26.873162,-49.114189,SPRF-SC,DEL04-SC,UOP01-DEL04-SC,2025
"668439,0",2025-03-13,quinta-feira,19:40:00,SC,101,"145,0",ITAPEMA,Ingestão de álcool pelo condutor,Engavetamento,Sem Vítimas,Plena Noite,Decrescente,Nublado,Dupla,Reta,Sim,3,0,0,0,3,0,0,3,-27.08067947,-48.60064459,SPRF-SC,DEL04-SC,UOP03-DEL04-SC,2025
"668455,0",2025-03-20,quinta-feira,15:40:00,SC,282,"5,9",SAO JOSE,Condutor deixou de manter distância do veículo da frente,Colisão lateral mesmo sentido,Com Vítimas Feridas,Pleno dia,Crescente,Céu Claro,Simples,Curva,Sim,2,0,1,0,1,0,1,2,-27.58472,-48.61649,SPRF-SC,DEL01-SC,UOP01-DEL01-SC,2025
"668476,0",2025-03-20,quinta-feira,17:30:00,SC,101,"91,3",BARRA VELHA,Acessar a via sem observar a presença dos outros veículos,Colisão transversal,Com Vítimas Feridas,Pleno dia,Decrescente,Céu Claro,Múltipla,Reta;Viaduto;Interseção de Vias,Sim,3,0,2,0,1,0,2,2,-26.68007143,-48.69255239,SPRF-SC,DEL03-SC,UOP02-DEL03-SC,2025
"668498,0",2025-03-20,quinta-feira,17:45:00,SC,470,"65,6",INDAIAL,Pista esburacada,Tombamento,Com Vítimas Feridas,Pleno dia,Crescente,Céu Claro,Múltipla,Reta,Não,1,0,1,0,0,0,1,1,-26.869879,-49.223983,SPRF-SC,DEL04-SC,UOP01-DEL04-SC,2025
"668509,0",2025-03-20,quinta-feira,17:20:00,SC,282,"3,0",FLORIANOPOLIS,Ausência de reação do condutor,Colisão lateral mesmo sentido,Com Vítimas Feridas,Pleno dia,Crescente,Céu Claro,Dupla,Reta,Não,2,0,1,0,1,0,1,2,-27.60176751,-48.59740907,SPRF-SC,DEL01-SC,UOP01-DEL01-SC,2025
"668513,0",2025-03-20,quinta-feira,20:10:00,SC,101,"111,0",NAVEGANTES,Entrada inopinada do pedestre,Atropelamento de Pedestre,Com Vítimas Feridas,Plena Noite,Crescente,Céu Claro,Dupla,Reta,Sim,2,0,1,0,1,0,1,2,-26.84442886,-48.71709645,SPRF-SC,DEL04-SC,UOP04-DEL04-SC,2025
"668514,0",2025-03-20,quinta-feira,20:00:00,SC,282,"15,8",PALHOCA,Conversão proibida,Colisão transversal,Com Vítimas Feridas,Plena Noite,Decrescente,Nublado,Simples,Reta,Sim,2,0,0,1,1,0,1,2,-27.6574,-48.6806,SPRF-SC,DEL01-SC,UOP02-DEL01-SC,2025
"668522,0",2025-03-20,quinta-feira,21:05:00,SC,101,"205,0",SAO JOSE,Reação tardia ou ineficiente do condutor,Colisão lateral mesmo sentido,Com Vítimas Feridas,Plena Noite,Decrescente,Céu Claro,Múltipla,Reta,Sim,2,0,1,0,1,0,1,2,-27.583799,-48.615332,SPRF-SC,DEL01-SC,UOP01-DEL01-SC,2025
"668535,0",2025-03-20,quinta-feira,19:40:00,SC,101,"450,8",SAO JOAO DO SUL,Transitar na contramão,Colisão frontal,Com Vítimas Feridas,Plena Noite,Decrescente,Céu Claro,Múltipla,Reta,Sim,3,0,0,1,2,0,1,2,-29.18431342,-49.75508451,SPRF-SC,DEL02-SC,UOP02-DEL02-SC,2025
"668559,0",2025-03-21,sexta-feira,05:15:00,SC,101,"34,6",JOINVILLE,Acessar a via sem observar a presença dos outros veículos,Colisão transversal,Com Vítimas Fatais,Amanhecer,Crescente,Céu Claro,Dupla,Curva;Aclive,Não,2,1,0,0,1,0,0,2,-26.26611363,-48.89815092,SPRF-SC,DEL03-SC,UOP01-DEL03-SC,2025
"668572,0",2025-03-21,sexta-feira,07:00:00,SC,280,"127,0",RIO NEGRINHO,Desrespeitar a preferência no cruzamento,Colisão transversal,Com Vítimas Feridas,Pleno dia,Decrescente,Céu Claro,Simples,Reta;Declive,Sim,3,0,1,0,2,0,1,2,-26.239983,-49.506403,SPRF-SC,DEL06-SC,UOP03-DEL06-SC,2025
"668585,0",2025-03-21,sexta-feira,07:55:00,SC,470,"58,6",BLUMENAU,Transitar no Acostamento,Colisão transversal,Com Vítimas Feridas,Pleno dia,Decrescente,Céu Claro,Simples,Curva;Declive;Em Obras,Não,2,0,1,0,1,0,1,2,-26.88369819,-49.15201128,SPRF-SC,DEL04-SC,UOP01-DEL04-SC,2025
"668594,0",2025-03-21,sexta-feira,08:40:00,SC,101,"134,0",BALNEARIO CAMBORIU,Reação tardia ou ineficiente do condutor,Tombamento,Com Vítimas Feridas,Pleno dia,Crescente,Céu Claro,Simples,Reta,Sim,1,0,1,0,0,0,1,1,-27.00369378,-48.63214997,SPRF-SC,DEL04-SC,UOP03-DEL04-SC,2025
"668618,0",2025-03-21,sexta-feira,11:20:00,SC,101,"116,9",ITAJAI,Área urbana sem a presença de local apropriado para a travessia de pedestres,Colisão lateral mesmo sentido,Com Vítimas Feridas,Pleno dia,Crescente,Sol,Dupla,Reta,Não,3,0,0,1,2,0,1,3,-26.88825654,-48.72241259,SPRF-SC,DEL04-SC,UOP04-DEL04-SC,2025
"668621,0",2025-03-21,sexta-feira,11:36:00,SC,470,"50,1",BLUMENAU,Ausência de reação do condutor,Tombamento,Com Vítimas Feridas,Pleno dia,Decrescente,Sol,Dupla,Reta,Não,2,0,1,0,0,1,1,2,-26.85982542,-49.07626033,SPRF-SC,DEL04-SC,UOP01-DEL04-SC,2025
"668634,0",2025-02-25,terça-feira,21:50:00,SC,280,"125,0",RIO NEGRINHO,Acesso irregular,Colisão transversal,Com Vítimas Feridas,Plena Noite,Decrescente,Céu Claro,Simples,Reta,Sim,2,0,1,0,0,1,1,2,-26.23912555,-49.5026328,SPRF-SC,DEL06-SC,UOP03-DEL06-SC,2025
"668636,0",2025-03-21,sexta-feira,11:30:00,SC,282,"26,7",SANTO AMARO DA IMPERATRIZ,Acessar a via sem observar a presença dos outros veículos,Colisão transversal,Sem Vítimas,Pleno dia,Crescente,Céu Claro,Simples,Reta,Não,2,0,0,0,2,0,0,2,-27.70144162,-48.80066687,SPRF-SC,DEL01-SC,UOP03-DEL01-SC,2025
"668646,0",2025-03-21,sexta-feira,15:20:00,SC,101,"210,0",SAO JOSE,Objeto estático sobre o leito carroçável,Colisão traseira,Com Vítimas Feridas,Pleno dia,Crescente,Céu Claro,Múltipla,Reta,Sim,2,0,1,0,0,1,1,2,-27.617583,-48.647212,SPRF-SC,DEL01-SC,UOP01-DEL01-SC,2025
"668655,0",2025-03-21,sexta-feira,13:50:00,SC,101,"142,9",ITAPEMA,Manobra de mudança de faixa,Colisão lateral mesmo sentido,Com Vítimas Feridas,Pleno dia,Crescente,Sol,Múltipla,Reta,Sim,1,0,1,0,0,0,1,1,-27.06184924,-48.59630799,SPRF-SC,DEL04-SC,UOP03-DEL04-SC,2025
"668672,0",2025-03-21,sexta-feira,16:35:00,SC,470,"135,2",RIO DO SUL,Conversão proibida,Colisão transversal,Com Vítimas Feridas,Pleno dia,Decrescente,Céu Claro,Simples,Reta,Sim,2,0,0,1,1,0,1,2,-27.172225,-49.5810922,SPRF-SC,DEL04-SC,UOP02-DEL04-SC,2025
"668682,0",2025-03-21,sexta-feira,17:35:00,SC,101,"144,0",ITAPEMA,Reação tardia ou ineficiente do condutor,Engavetamento,Com Vítimas Feridas,Pleno dia,Decrescente,Céu Claro,Dupla,Reta,Sim,3,0,1,0,2,0,1,3,-27.06683833,-48.5955897,SPRF-SC,DEL04-SC,UOP03-DEL04-SC,2025