id,data_inversa,dia_semana,horario,uf,br,km,municipio,causa_acidente,tipo_acidente,classificacao_acidente,fase_dia,sentido_via,condicao_metereologica,tipo_pista,tracado_via,uso_solo,pessoas,mortos,feridos_leves,feridos_graves,ilesos,ignorados,feridos,veiculos,latitude,longitude,regional,delegacia,uop,ano_arquivo
"668699,0",2025-03-21,sexta-feira,19:45:00,SC,101,"120,1",ITAJAI,Ausência de reação do condutor,Tombamento,Com Vítimas Feridas,Plena Noite,Crescente,Nublado,Dupla,Reta,Não,1,0,0,1,0,0,1,1,-26.90132158,-48.71724129,SPRF-SC,DEL04-SC,UOP04-DEL04-SC,2025
"668701,0",2025-03-21,sexta-feira,20:00:00,SC,116,"246,1",LAGES,Acesso irregular,Colisão transversal,Com Vítimas Feridas,Plena Noite,Decrescente,Céu Claro,Simples,Declive;Reta,Sim,3,0,2,0,1,0,2,2,-27.804129,-50.365029,SPRF-SC,DEL05-SC,UOP02-DEL05-SC,2025
"668702,0",2025-03-21,sexta-feira,20:00:00,SC,101,"215,5",PALHOCA,Ausência de reação do condutor,Colisão frontal,Com Vítimas Feridas,Plena Noite,Crescente,Nublado,Dupla,Reta,Sim,3,0,1,0,2,0,1,2,-27.66129068,-48.67680028,SPRF-SC,DEL01-SC,UOP02-DEL01-SC,2025
"668703,0",2025-03-21,sexta-feira,16:25:00,SC,470,"110,7",APIUNA,Conversão proibida,Colisão transversal,Com Vítimas Feridas,Pleno dia,Decrescente,Céu Claro,Simples,Curva,Sim,3,0,3,0,0,0,3,2,-27.096835,-49.457958,SPRF-SC,DEL04-SC,UOP02-DEL04-SC,2025
"668708,0",2025-03-21,sexta-feira,19:05:00,SC,470,"123,4",IBIRAMA,Retorno proibido,Colisão transversal,Com Vítimas Feridas,Plena Noite,Decrescente,Céu Claro,Simples,Reta,Sim,2,0,0,1,1,0,1,2,-27.110816,-49.526372,SPRF-SC,DEL04-SC,UOP02-DEL04-SC,2025
"668726,0",2025-03-21,sexta-feira,22:00:00,SC,101,"425,0",SOMBRIO,Acessar a via sem observar a presença dos outros veículos,Colisão transversal,Com Vítimas Feridas,Plena Noite,Crescente,Ignorado,Simples,Interseção de Vias,Não,2,0,1,0,1,0,1,2,-29.027,-49.6,SPRF-SC,DEL02-SC,UOP02-DEL02-SC,2025
"668739,0",2025-03-21,sexta-feira,22:00:00,SC,101,"383,5",ICARA,Acumulo de areia ou detritos sobre o pavimento,Tombamento,Com Vítimas Feridas,Plena Noite,Crescente,Céu Claro,Múltipla,Interseção de Vias;Curva,Não,1,0,1,0,0,0,1,1,-28.77497054,-49.31701005,SPRF-SC,DEL02-SC,UOP02-DEL02-SC,2025
"668763,0",2025-03-22,sábado,00:30:00,SC,282,"633,9",DESCANSO,Ingestão de álcool pelo condutor,Colisão lateral sentido oposto,Sem Vítimas,Plena Noite,Crescente,Céu Claro,Simples,Curva,Não,2,0,0,0,2,0,0,2,-26.8264452,-53.42054844,SPRF-SC,DEL07-SC,UOP03-DEL07-SC,2025
"668786,0",2025-03-22,sábado,06:20:00,SC,282,"501,4",XANXERE,Acessar a via sem observar a presença dos outros veículos,Colisão transversal,Com Vítimas Feridas,Pleno dia,Crescente,Céu Claro,Dupla,Interseção de Vias,Sim,2,0,0,2,0,0,2,2,-26.8823853,-52.3814583,SPRF-SC,DEL07-SC,UOP01-DEL07-SC,2025
"668790,0",2025-03-22,sábado,03:30:00,SC,280,"216,0",TRES BARRAS,Ausência de reação do condutor,Colisão traseira,Com Vítimas Feridas,Plena Noite,Decrescente,Nublado,Simples,Reta,Não,2,0,1,0,1,0,1,2,-26.17977887,-50.22724831,SPRF-SC,DEL06-SC,UOP04-DEL06-SC,2025
"668799,0",2025-03-22,sábado,06:40:00,SC,282,"625,0",IRACEMINHA,Ingestão de álcool pelo condutor,Colisão frontal,Sem Vítimas,Amanhecer,Decrescente,Céu Claro,Simples,Declive;Curva,Não,2,0,0,0,2,0,0,2,-26.81830507,-53.36390756,SPRF-SC,DEL07-SC,UOP02-DEL07-SC,2025
"668806,0",2025-03-22,sábado,08:50:00,SC,101,"226,6",PALHOCA,Velocidade Incompatível,Saída de leito carroçável,Com Vítimas Feridas,Pleno dia,Decrescente,Sol,Dupla,Reta,Não,3,0,0,1,2,0,1,1,-27.7488524,-48.63555193,SPRF-SC,DEL01-SC,UOP02-DEL01-SC,2025
"668838,0",2025-03-22,sábado,12:05:00,SC,101,"146,0",ITAPEMA,Reação tardia ou ineficiente do condutor,Colisão transversal,Com Vítimas Feridas,Pleno dia,Crescente,Céu Claro,Múltipla,Reta,Sim,2,0,2,0,0,0,2,2,-27.09014906,-48.61552656,SPRF-SC,DEL04-SC,UOP03-DEL04-SC,2025
"668852,0",2025-03-22,sábado,14:40:00,SC,470,"80,0",RODEIO,Reação tardia ou ineficiente do condutor,Saída de leito carroçável,Com Vítimas Feridas,Pleno dia,Crescente,Céu Claro,Simples,Curva,Não,1,0,1,0,0,0,1,1,-26.9481536,-49.31828141,SPRF-SC,DEL04-SC,UOP01-DEL04-SC,2025
"668855,0",2025-03-22,sábado,15:10:00,SC,282,"0,6",FLORIANOPOLIS,Condutor deixou de manter distância do veículo da frente,Engavetamento,Com Vítimas Feridas,Pleno dia,Decrescente,Céu Claro,Múltipla,Reta;Declive,Não,5,0,1,0,4,0,1,4,-27.600335,-48.577247,SPRF-SC,DEL01-SC,UOP01-DEL01-SC,2025
"668862,0",2025-03-22,sábado,15:00:00,SC,101,"138,0",BALNEARIO CAMBORIU,Reação tardia ou ineficiente do condutor,Tombamento,Com Vítimas Feridas,Pleno dia,Decrescente,Céu Claro,Dupla,Curva,Sim,1,0,1,0,0,0,1,1,-27.02880981,-48.60515529,SPRF-SC,DEL04-SC,UOP03-DEL04-SC,2025
"668865,0",2025-03-22,sábado,15:25:00,SC,101,"2,3",FLORIANOPOLIS,Condutor deixou de manter distância do veículo da frente,Colisão traseira,Com Vítimas Feridas,Pleno dia,Decrescente,Céu Claro,Múltipla,Reta,Sim,2,0,0,1,1,0,1,2,-27.60428749,-48.58835042,SPRF-SC,DEL03-SC,UOP01-DEL03-SC,2025
"668875,0",2025-03-22,sábado,15:00:00,SC,282,"0,2",FLORIANOPOLIS,Velocidade Incompatível,Colisão com objeto,Com Vítimas Feridas,Pleno dia,Crescente,Céu Claro,Múltipla,Curva,Não,1,0,0,1,0,0,1,1,-27.599449,-48.574515,SPRF-SC,DEL01-SC,UOP01-DEL01-SC,2025
"668876,0",2025-03-22,sábado,17:40:00,SC,101,"204,0",SAO JOSE,Trafegar com motocicleta (ou similar) entre as faixas,Colisão lateral mesmo sentido,Com Vítimas Feridas,Anoitecer,Crescente,Céu Claro,Múltipla,Reta,Sim,3,0,1,0,2,0,1,2,-27.579654,-48.614153,SPRF-SC,DEL01-SC,UOP01-DEL01-SC,2025
"668890,0",2025-03-22,sábado,19:10:00,SC,101,"200,0",SAO JOSE,Condutor deixou de manter distância do veículo da frente,Colisão traseira,Com Vítimas Feridas,Plena Noite,Crescente,Céu Claro,Dupla,Reta,Sim,2,0,1,0,1,0,1,2,-27.540549,-48.622708,SPRF-SC,DEL01-SC,UOP01-DEL01-SC,2025
"668908,0",2025-03-22,sábado,19:00:00,SC,101,"331,7",TUBARAO,Ausência de reação do condutor,Colisão traseira,Com Vítimas Feridas,Plena Noite,Crescente,Céu Claro,Múltipla,Reta,Sim,3,0,1,0,2,0,1,2,-28.46530018,-48.99438674,SPRF-SC,DEL02-SC,UOP01-DEL02-SC,2025
"668921,0",2025-03-22,sábado,20:45:00,SC,101,"333,0",TUBARAO,Ingestão de álcool pelo condutor,Colisão com objeto,Com Vítimas Feridas,Plena Noite,Crescente,Céu Claro,Dupla,Reta,Sim,4,0,2,0,2,0,2,1,-28.4687,-49.013,SPRF-SC,DEL02-SC,UOP01-DEL02-SC,2025
"668956,0",2025-03-22,sábado,22:50:00,SC,101,"415,7",ARARANGUA,Acessar a via sem observar a presença dos outros veículos,Colisão transversal,Com Vítimas Feridas,Plena Noite,Decrescente,Céu Claro,Simples,Reta,Sim,2,0,1,1,0,0,2,2,-28.96910429,-49.52506069,SPRF-SC,DEL02-SC,UOP02-DEL02-SC,2025
"668957,0",2025-03-22,sábado,23:40:00,SC,101,"433,0",SOMBRIO,Velocidade Incompatível,Colisão lateral sentido oposto,Com Vítimas Feridas,Plena Noite,Decrescente,Céu Claro,Dupla,Reta,Sim,2,0,1,1,0,0,2,2,-29.10262642,-49.63536479,SPRF-SC,DEL02-SC,UOP02-DEL02-SC,2025
"668987,0",2025-03-23,domingo,03:30:00,SC,470,"317,0",CAMPOS NOVOS,Participar de racha,Capotamento,Com Vítimas Feridas,Plena Noite,Decrescente,Nublado,Simples,Rotatória,Não,3,0,0,2,0,1,2,1,-27.40859941,-51.2153309,SPRF-SC,DEL07-SC,UOP06-DEL07-SC,2025
"669003,0",2025-03-23,domingo,04:00:00,SC,280,"131,0",RIO NEGRINHO,Condutor Dormindo,Saída de leito carroçável,Sem Vítimas,Plena Noite,Crescente,Céu Claro,Simples,Curva,Não,1,0,0,0,0,1,0,1,-26.26166606,-49.54832395,SPRF-SC,DEL06-SC,UOP03-DEL06-SC,2025
"669006,0",2025-03-23,domingo,03:00:00,SC,470,"51,0",BLUMENAU,Ingestão de álcool pelo condutor,Colisão com objeto,Com Vítimas Feridas,Plena Noite,Crescente,Céu Claro,Simples,Reta,Não,2,0,1,0,1,0,1,1,-26.86240009,-49.09502506,SPRF-SC,DEL04-SC,UOP01-DEL04-SC,2025
"669017,0",2025-03-23,domingo,08:00:00,SC,101,"143,4",ITAPEMA,Demais falhas mecânicas ou elétricas,Tombamento,Com Vítimas Feridas,Pleno dia,Crescente,Sol,Dupla,Reta,Sim,2,0,2,0,0,0,2,1,-27.06597,-48.59555,SPRF-SC,DEL04-SC,UOP03-DEL04-SC,2025
"669030,0",2025-03-23,domingo,03:11:00,SC,101,"302,0",LAGUNA,Ausência de reação do condutor,Saída de leito carroçável,Sem Vítimas,Plena Noite,Decrescente,Ignorado,Dupla,Interseção de Vias;Reta,Não,1,0,0,0,1,0,0,1,-28.40891655,-48.79165649,SPRF-SC,DEL02-SC,UOP03-DEL02-SC,2025
"669089,0",2025-03-23,domingo,11:15:00,SC,101,"163,0",TIJUCAS,Velocidade Incompatível,Saída de leito carroçável,Com Vítimas Feridas,Pleno dia,Decrescente,Céu Claro,Dupla,Curva,Sim,1,0,1,0,0,0,1,1,-27.23195849,-48.62975031,SPRF-SC,DEL04-SC,UOP03-DEL04-SC,2025
"669094,0",2025-03-23,domingo,15:15:00,SC,282,"5,4",SAO JOSE,Entrada inopinada do pedestre,Atropelamento de Pedestre,Com Vítimas Feridas,Pleno dia,Decrescente,Céu Claro,Múltipla,Curva,Sim,2,0,1,0,1,0,1,2,-27.587656,-48.615004,SPRF-SC,DEL01-SC,UOP01-DEL01-SC,2025
"669095,0",2025-03-23,domingo,16:20:00,SC,280,"12,0",SAO FRANCISCO DO SUL,Acessar a via sem observar a presença dos outros veículos,Colisão frontal,Com Vítimas Feridas,Pleno dia,Crescente,Nublado,Simples,Reta,Não,3,0,1,1,1,0,2,2,-26.312552,-48.644213,SPRF-SC,DEL03-SC,UOP03-DEL03-SC,2025
"669104,0",2025-03-17,segunda-feira,17:30:00,SC,101,"176,0",BIGUACU,Condutor deixou de manter distância do veículo da frente,Colisão traseira,Com Vítimas Feridas,Pleno dia,Crescente,Céu Claro,Múltipla,Curva,Não,2,0,1,0,1,0,1,2,-27.34719044,-48.63321073,SPRF-SC,DEL01-SC,UOP01-DEL01-SC,2025
"669105,0",2025-03-23,domingo,16:35:00,SC,101,"255,9",PAULO LOPES,Ausência de reação do condutor,Colisão com objeto,Com Vítimas Feridas,Pleno dia,Crescente,Chuva,Dupla,Reta,Não,1,0,1,0,0,0,1,1,-27.99165406,-48.6841321,SPRF-SC,DEL02-SC,UOP03-DEL02-SC,2025
"669113,0",2025-03-23,domingo,18:55:00,SC,101,"150,0",ITAPEMA,Trafegar com motocicleta (ou similar) entre as faixas,Colisão traseira,Com Vítimas Feridas,Plena Noite,Decrescente,Céu Claro,Múltipla,Reta,Sim,2,0,1,0,1,0,1,2,-27.11779692,-48.60922429,SPRF-SC,DEL04-SC,UOP03-DEL04-SC,2025
"669120,0",2025-03-23,domingo,16:00:00,SC,470,"64,0",INDAIAL,Acessar a via sem observar a presença dos outros veículos,Colisão lateral mesmo sentido,Com Vítimas Feridas,Pleno dia,Crescente,Céu Claro,Simples,Reta;Aclive,Não,4,0,2,0,2,0,2,2,-26.87196124,-49.19439554,SPRF-SC,DEL04-SC,UOP01-DEL04-SC,2025
"669125,0",2025-03-23,domingo,18:50:00,SC,282,"603,0",MARAVILHA,Ingestão de álcool pelo condutor,Colisão lateral mesmo sentido,Sem Vítimas,Plena Noite,Decrescente,Céu Claro,Simples,Reta;Aclive,Sim,3,0,0,0,2,1,0,3,-26.800488,-53.19066841,SPRF-SC,DEL07-SC,UOP02-DEL07-SC,2025
"669129,0",2025-03-23,domingo,20:30:00,SC,101,"148,0",ITAPEMA,Trafegar com motocicleta (ou similar) entre as faixas,Colisão lateral mesmo sentido,Com Vítimas Feridas,Plena Noite,Decrescente,Céu Claro,Dupla,Reta,Sim,3,0,1,0,2,0,1,3,-27.10244915,-48.61739069,SPRF-SC,DEL04-SC,UOP03-DEL04-SC,2025
"669144,0",2025-03-23,domingo,20:48:00,SC,101,"426,5",SOMBRIO,Transitar na contramão,Colisão transversal,Com Vítimas Feridas,Plena Noite,Decrescente,Nublado,Múltipla,Reta,Sim,2,0,1,0,1,0,1,2,-29.04522311,-49.61583137,SPRF-SC,DEL02-SC,UOP02-DEL02-SC,2025
"669202,0",2025-03-23,domingo,22:15:00,SC,282,"441,4",IRANI,Velocidade Incompatível,Saída de leito carroçável,Com Vítimas Feridas,Plena Noite,Decrescente,Céu Claro,Simples,Reta,Não,1,0,1,0,0,0,1,1,-26.934878,-51.870912,SPRF-SC,DEL07-SC,UOP04-DEL07-SC,2025
"669205,0",2025-03-23,domingo,22:00:00,SC,470,"54,0",BLUMENAU,Condutor usando celular,Colisão frontal,Com Vítimas Feridas,Plena Noite,Crescente,Céu Claro,Simples,Reta,Sim,2,0,1,0,1,0,1,2,-26.88250202,-49.14013445,SPRF-SC,DEL04-SC,UOP01-DEL04-SC,2025
"669207,0",2025-03-24,segunda-feira,06:25:00,SC,101,"268,0",IMBITUBA,Reação tardia ou ineficiente do condutor,Tombamento,Com Vítimas Feridas,Amanhecer,Decrescente,Céu Claro,Dupla,Reta;Ponte,Não,1,0,1,0,0,0,1,1,-28.0955,-48.707639,SPRF-SC,DEL02-SC,UOP03-DEL02-SC,2025
"669220,0",2025-03-24,segunda-feira,07:50:00,SC,282,"19,3",PALHOCA,Trafegar com motocicleta (ou similar) entre as faixas,Colisão traseira,Com Vítimas Feridas,Pleno dia,Crescente,Céu Claro,Simples,Reta,Sim,2,0,2,0,0,0,2,2,-27.680015,-48.704106,SPRF-SC,DEL01-SC,UOP02-DEL01-SC,2025
"669232,0",2025-03-24,segunda-feira,08:15:00,SC,101,"149,8",ITAPEMA,Acessar a via sem observar a presença dos outros veículos,Colisão lateral mesmo sentido,Com Vítimas Feridas,Pleno dia,Decrescente,Céu Claro,Múltipla,Reta,Sim,2,0,1,0,1,0,1,2,-27.12002113,-48.60949427,SPRF-SC,DEL04-SC,UOP03-DEL04-SC,2025
"669243,0",2025-03-24,segunda-feira,07:20:00,SC,158,"110,0",CUNHA PORA,Velocidade Incompatível,Colisão transversal,Com Vítimas Feridas,Pleno dia,Decrescente,Céu Claro,Simples,Interseção de Vias;Rotatória,Não,2,0,1,0,0,1,1,2,-26.88774783,-53.17716694,SPRF-SC,DEL07-SC,UOP02-DEL07-SC,2025
"669256,0",2025-03-24,segunda-feira,10:40:00,SC,101,"360,0",SANGAO,Animais na Pista,Atropelamento de Animal,Com Vítimas Feridas,Pleno dia,Decrescente,Céu Claro,Múltipla,Reta,Não,2,0,2,0,0,0,2,1,-28.68663118,-49.15416241,SPRF-SC,DEL02-SC,UOP01-DEL02-SC,2025
"669280,0",2025-03-24,segunda-feira,13:30:00,SC,282,"16,1",PALHOCA,Ausência de reação do condutor,Colisão traseira,Com Vítimas Feridas,Pleno dia,Crescente,Céu Claro,Simples,Reta,Sim,2,0,0,1,1,0,1,2,-27.659585,-48.682758,SPRF-SC,DEL01-SC,UOP02-DEL01-SC,2025
"669289,0",2025-03-24,segunda-feira,08:30:00,SC,101,"17,0",GARUVA,Demais falhas mecânicas ou elétricas,Tombamento,Com Vítimas Feridas,Pleno dia,Decrescente,Sol,Dupla,Reta,Não,2,0,2,0,0,0,2,1,-26.12264849,-48.88348058,SPRF-SC,DEL03-SC,UOP01-DEL03-SC,2025
"669311,0",2025-03-24,segunda-feira,14:30:00,SC,280,"28,0",ARAQUARI,Transitar no Acostamento,Colisão transversal,Com Vítimas Feridas,Pleno dia,Crescente,Céu Claro,Simples,Reta,Sim,2,0,1,0,1,0,1,2,-26.43345695,-48.73260498,SPRF-SC,DEL03-SC,UOP03-DEL03-SC,2025
"669321,0",2025-03-24,segunda-feira,14:00:00,SC,282,"228,5",LAGES,Acessar a via sem observar a presença dos outros veículos,Colisão frontal,Com Vítimas Feridas,Pleno dia,Crescente,Céu Claro,Simples,Curva;Declive;Interseção de Vias,Não,5,0,5,0,0,0,5,2,-27.790088,-50.40955,SPRF-SC,DEL05-SC,UOP02-DEL05-SC,2025
"669323,0",2025-03-24,segunda-feira,07:45:00,SC,282,"472,5",VARGEAO,Acessar a via sem observar a presença dos outros veículos,Colisão transversal,Com Vítimas Feridas,Pleno dia,Crescente,Céu Claro,Simples,Reta;Interseção de Vias,Não,2,0,0,1,1,0,1,2,-26.863052,-52.126753,SPRF-SC,DEL07-SC,UOP01-DEL07-SC,2025
"669335,0",2025-03-24,segunda-feira,17:40:00,SC,470,"138,0",RIO DO SUL,Trafegar com motocicleta (ou similar) entre as faixas,Colisão transversal,Com Vítimas Feridas,Pleno dia,Decrescente,Céu Claro,Simples,Reta;Interseção de Vias,Sim,2,0,1,0,1,0,1,2,-27.1967535,-49.62757766,SPRF-SC,DEL04-SC,UOP02-DEL04-SC,2025
"669338,0",2025-03-24,segunda-feira,17:20:00,SC,282,"3,0",FLORIANOPOLIS,Trafegar com motocicleta (ou similar) entre as faixas,Tombamento,Com Vítimas Feridas,Anoitecer,Crescente,Nublado,Dupla,Reta,Sim,2,0,0,1,0,1,1,2,-27.60314182,-48.59060884,SPRF-SC,DEL01-SC,UOP01-DEL01-SC,2025
"669339,0",2025-03-24,segunda-feira,07:20:00,SC,280,"31,0",ARAQUARI,Ausência de reação do condutor,Queda de ocupante de veículo,Com Vítimas Feridas,Pleno dia,Decrescente,Céu Claro,Simples,Reta;Interseção de Vias,Não,1,0,0,1,0,0,1,1,-26.41647024,-48.77137899,SPRF-SC,DEL03-SC,UOP03-DEL03-SC,2025
"669356,0",2025-03-24,segunda-feira,19:00:00,SC,101,"218,8",PALHOCA,Manobra de mudança de faixa,Queda de ocupante de veículo,Com Vítimas Feridas,Plena Noite,Crescente,Céu Claro,Dupla,Reta,Sim,1,0,1,0,0,0,1,1,-27.68269,-48.667858,SPRF-SC,DEL01-SC,UOP02-DEL01-SC,2025
"669365,0",2025-03-24,segunda-feira,19:55:00,SC,101,"117,0",ITAJAI,Ausência de reação do condutor,Colisão lateral mesmo sentido,Com Vítimas Feridas,Plena Noite,Decrescente,Céu Claro,Dupla,Rotatória;Reta,Sim,2,0,1,0,1,0,1,2,-26.88903979,-48.72573853,SPRF-SC,DEL04-SC,UOP04-DEL04-SC,2025
"669366,0",2025-03-24,segunda-feira,11:00:00,SC,282,"6,0",SAO JOSE,Demais falhas mecânicas ou elétricas,Queda de ocupante de veículo,Com Vítimas Feridas,Pleno dia,Decrescente,Céu Claro,Dupla,Curva,Não,1,0,1,0,0,0,1,1,-27.58668713,-48.61639911,SPRF-SC,DEL01-SC,UOP01-DEL01-SC,2025
"669379,0",2025-03-24,segunda-feira,17:55:00,SC,101,"296,0",IMBITUBA,Reação tardia ou ineficiente do condutor,Colisão com objeto,Com Vítimas Feridas,Anoitecer,Decrescente,Céu Claro,Dupla,Reta,Não,1,0,1,0,0,0,1,1,-28.32961,-48.732133,SPRF-SC,DEL02-SC,UOP03-DEL02-SC,2025
"669393,0",2025-03-24,segunda-feira,22:20:00,SC,101,"88,2",BARRA VELHA,Pedestre cruzava a pista fora da faixa,Atropelamento de Pedestre,Com Vítimas Fatais,Plena Noite,Crescente,Nublado,Múltipla,Reta,Sim,2,1,0,0,0,1,0,2,-26.65149,-48.68719,SPRF-SC,DEL03-SC,UOP02-DEL03-SC,2025
"669408,0",2025-03-25,terça-feira,04:00:00,SC,280,"58,0",GUARAMIRIM,Demais falhas mecânicas ou elétricas,Colisão com objeto,Com Vítimas Feridas,Plena Noite,Decrescente,Garoa/Chuvisco,Dupla,Rotatória,Sim,1,0,1,0,0,0,1,1,-26.474324,-49.020004,SPRF-SC,DEL03-SC,UOP03-DEL03-SC,2025
"669409,0",2025-03-25,terça-feira,04:25:00,SC,280,"57,0",GUARAMIRIM,Reação tardia ou ineficiente do condutor,Queda de ocupante de veículo,Com Vítimas Feridas,Plena Noite,Crescente,Garoa/Chuvisco,Simples,Viaduto;Reta,Sim,2,0,2,0,0,0,2,2,-26.47731308,-49.01455142,SPRF-SC,DEL03-SC,UOP03-DEL03-SC,2025
"669419,0",2025-03-25,terça-feira,07:05:00,SC,280,"132,7",RIO NEGRINHO,Pista Escorregadia,Tombamento,Com Vítimas Feridas,Pleno dia,Decrescente,Céu Claro,Simples,Rotatória;Interseção de Vias,Sim,2,0,1,0,1,0,1,1,-26.26836494,-49.55400467,SPRF-SC,DEL06-SC,UOP03-DEL06-SC,2025
"669426,0",2025-03-25,terça-feira,06:50:00,SC,101,"107,0",PENHA,Avarias e/ou desgaste excessivo no pneu,Tombamento,Com Vítimas Feridas,Amanhecer,Crescente,Nublado,Dupla,Reta,Sim,1,0,1,0,0,0,1,1,-26.82315781,-48.68623233,SPRF-SC,DEL03-SC,UOP02-DEL03-SC,2025
"669432,0",2025-03-25,terça-feira,08:00:00,SC,282,"510,3",MARAVILHA,Condutor usando celular,Colisão com objeto,Com Vítimas Feridas,Pleno dia,Crescente,Sol,Simples,Curva,Não,1,0,1,0,0,0,1,1,-26.7664681,-53.2142669,SPRF-SC,DEL07-SC,UOP01-DEL07-SC,2025
"669435,0",2025-03-25,terça-feira,08:10:00,SC,470,"49,0",BLUMENAU,Ultrapassagem Indevida,Colisão transversal,Com Vítimas Feridas,Pleno dia,Decrescente,Sol,Simples,Reta,Não,2,0,1,0,1,0,1,2,-26.8632084,-49.04928619,SPRF-SC,DEL04-SC,UOP01-DEL04-SC,2025
"669440,0",2025-03-25,terça-feira,08:55:00,SC,101,"133,8",BALNEARIO CAMBORIU,Desrespeitar a preferência no cruzamento,Colisão transversal,Com Vítimas Feridas,Pleno dia,Crescente,Sol,Simples,Rotatória;Interseção de Vias,Sim,2,0,1,0,1,0,1,2,-27.00221,-48.63821,SPRF-SC,DEL04-SC,UOP03-DEL04-SC,2025
"669446,0",2025-03-25,terça-feira,08:15:00,SC,101,"326,8",CAPIVARI DE BAIXO,Condutor deixou de manter distância do veículo da frente,Colisão traseira,Com Vítimas Feridas,Pleno dia,Decrescente,Nublado,Múltipla,Aclive,Sim,2,0,0,1,1,0,1,2,-28.435343,-48.958764,SPRF-SC,DEL02-SC,UOP01-DEL02-SC,2025
"669456,0",2025-03-25,terça-feira,08:10:00,SC,480,"128,1",CHAPECO,Condutor deixou de manter distância do veículo da frente,Colisão traseira,Com Vítimas Feridas,Pleno dia,Crescente,Céu Claro,Dupla,Curva;Declive,Sim,2,0,1,0,1,0,1,2,-27.04542389,-52.63612032,SPRF-SC,DEL07-SC,UOP01-DEL07-SC,2025
"669466,0",2025-03-25,terça-feira,10:25:00,SC,470,"58,0",BLUMENAU,Ultrapassagem Indevida,Colisão transversal,Com Vítimas Feridas,Pleno dia,Crescente,Céu Claro,Simples,Em Obras;Reta;Desvio Temporário,Sim,2,0,0,1,1,0,1,2,-26.88368428,-49.14559007,SPRF-SC,DEL04-SC,UOP01-DEL04-SC,2025
"669469,0",2025-03-25,terça-feira,11:20:00,SC,101,"131,0",CAMBORIU,Reação tardia ou ineficiente do condutor,Tombamento,Com Vítimas Feridas,Pleno dia,Decrescente,Céu Claro,Dupla,Reta,Não,1,0,1,0,0,0,1,1,-26.98655,-48.66717,SPRF-SC,DEL04-SC,UOP03-DEL04-SC,2025
"669471,0",2025-03-25,terça-feira,11:00:00,SC,101,"206,2",SAO JOSE,Ausência de reação do condutor,Colisão traseira,Com Vítimas Feridas,Pleno dia,Decrescente,Céu Claro,Múltipla,Reta,Sim,2,0,1,0,1,0,1,2,-27.59377548,-48.6186396,SPRF-SC,DEL01-SC,UOP01-DEL01-SC,2025
"669474,0",2025-03-25,terça-feira,11:45:00,SC,101,"131,3",CAMBORIU,Trafegar com motocicleta (ou similar) entre as faixas,Tombamento,Com Vítimas Feridas,Pleno dia,Crescente,Sol,Dupla,Reta,Não,1,0,1,0,0,0,1,1,-26.98655,-48.66717,SPRF-SC,DEL04-SC,UOP03-DEL04-SC,2025
"669486,0",2025-03-25,terça-feira,12:20:00,SC,280,"30,9",ARAQUARI,Transitar no Acostamento,Colisão transversal,Com Vítimas Feridas,Pleno dia,Decrescente,Sol,Simples,Interseção de Vias,Sim,2,0,1,0,1,0,1,2,-26.4164261,-48.771312,SPRF-SC,DEL03-SC,UOP03-DEL03-SC,2025
"669488,0",2025-03-25,terça-feira,08:00:00,SC,101,"219,9",PALHOCA,Demais falhas mecânicas ou elétricas,Queda de ocupante de veículo,Com Vítimas Feridas,Pleno dia,Decrescente,Céu Claro,Múltipla,Reta,Não,1,0,1,0,0,0,1,1,-27.67777483,-48.6697107,SPRF-SC,DEL01-SC,UOP02-DEL01-SC,2025
"669492,0",2025-03-25,terça-feira,13:25:00,SC,101,"415,6",ARARANGUA,Condutor deixou de manter distância do veículo da frente,Colisão traseira,Com Vítimas Feridas,Pleno dia,Crescente,Céu Claro,Múltipla,Interseção de Vias;Reta,Sim,2,0,1,0,1,0,1,2,-28.96906678,-49.5256787,SPRF-SC,DEL02-SC,UOP02-DEL02-SC,2025
"669505,0",2025-03-25,terça-feira,14:10:00,SC,101,"157,7",PORTO BELO,Manobra de mudança de faixa,Colisão transversal,Com Vítimas Feridas,Pleno dia,Decrescente,Céu Claro,Dupla,Reta;Retorno Regulamentado,Não,3,0,1,1,1,0,2,2,-27.18918,-48.61233,SPRF-SC,DEL04-SC,UOP03-DEL04-SC,2025
"669512,0",2025-03-21,sexta-feira,20:35:00,SC,101,"209,6",SAO JOSE,Manobra de mudança de faixa,Colisão lateral mesmo sentido,Com Vítimas Feridas,Plena Noite,Crescente,Nublado,Múltipla,Reta,Não,2,0,1,0,1,0,1,2,-27.614682,-48.644035,SPRF-SC,DEL01-SC,UOP01-DEL01-SC,2025
"669513,0",2025-03-25,terça-feira,15:42:00,SC,280,"58,0",GUARAMIRIM,Acessar a via sem observar a presença dos outros veículos,Colisão transversal,Com Vítimas Feridas,Pleno dia,Decrescente,Céu Claro,Simples,Rotatória,Sim,2,0,1,0,1,0,1,2,-26.4752503,-48.988098,SPRF-SC,DEL03-SC,UOP03-DEL03-SC,2025