id,data_inversa,dia_semana,horario,uf,br,km,municipio,causa_acidente,tipo_acidente,classificacao_acidente,fase_dia,sentido_via,condicao_metereologica,tipo_pista,tracado_via,uso_solo,pessoas,mortos,feridos_leves,feridos_graves,ilesos,ignorados,feridos,veiculos,latitude,longitude,regional,delegacia,uop,ano_arquivo
"669526,0",2025-03-25,terça-feira,16:10:00,SC,163,"94,0",GUARACIABA,Velocidade Incompatível,Saída de leito carroçável,Com Vítimas Feridas,Pleno dia,Crescente,Chuva,Simples,Curva,Não,1,0,1,0,0,0,1,1,-26.53229571,-53.52158004,SPRF-SC,DEL07-SC,UOP03-DEL07-SC,2025
"669565,0",2025-03-25,terça-feira,19:20:00,SC,101,"130,6",ITAJAI,Ausência de reação do condutor,Colisão traseira,Com Vítimas Feridas,Plena Noite,Decrescente,Nublado,Dupla,Curva,Não,2,0,1,0,1,0,1,2,-26.94638905,-48.68757069,SPRF-SC,DEL04-SC,UOP03-DEL04-SC,2025
"669582,0",2025-03-25,terça-feira,22:15:00,SC,101,"192,4",BIGUACU,Avarias e/ou desgaste excessivo no pneu,Queda de ocupante de veículo,Com Vítimas Feridas,Plena Noite,Decrescente,Chuva,Dupla,Reta,Sim,1,0,1,0,0,0,1,1,-27.48719946,-48.64947058,SPRF-SC,DEL01-SC,UOP01-DEL01-SC,2025
"669605,0",2025-03-26,quarta-feira,06:35:00,SC,101,"200,9",SAO JOSE,Trafegar com motocicleta (ou similar) entre as faixas,Colisão traseira,Com Vítimas Feridas,Pleno dia,Crescente,Sol,Múltipla,Reta,Sim,2,0,1,0,1,0,1,2,-27.54841069,-48.61979127,SPRF-SC,DEL01-SC,UOP01-DEL01-SC,2025
"669613,0",2025-03-26,quarta-feira,07:05:00,SC,101,"161,0",TIJUCAS,Manobra de mudança de faixa,Colisão lateral mesmo sentido,Com Vítimas Feridas,Pleno dia,Decrescente,Nublado,Dupla,Reta,Sim,2,0,1,0,1,0,1,2,-27.213,-48.622,SPRF-SC,DEL04-SC,UOP03-DEL04-SC,2025
"669629,0",2025-03-26,quarta-feira,07:45:00,SC,470,"67,5",INDAIAL,Desrespeitar a preferência no cruzamento,Colisão transversal,Com Vítimas Feridas,Pleno dia,Crescente,Nublado,Simples,Interseção de Vias,Não,2,0,1,0,1,0,1,2,-26.871755,-49.23079467,SPRF-SC,DEL04-SC,UOP01-DEL04-SC,2025
"669655,0",2025-03-07,sexta-feira,06:50:00,SC,280,"28,0",ARAQUARI,Acessar a via sem observar a presença dos outros veículos,Colisão transversal,Com Vítimas Feridas,Pleno dia,Crescente,Céu Claro,Simples,Reta,Sim,2,0,1,0,1,0,1,2,-26.39627996,-48.73973966,SPRF-SC,DEL03-SC,UOP03-DEL03-SC,2025
"669678,0",2025-03-26,quarta-feira,10:45:00,SC,282,"674,6",PARAISO,Ausência de reação do condutor,Saída de leito carroçável,Com Vítimas Feridas,Pleno dia,Decrescente,Sol,Simples,Declive;Curva,Não,1,0,0,1,0,0,1,1,-26.61350771,-53.68310452,SPRF-SC,DEL07-SC,UOP03-DEL07-SC,2025
"669679,0",2025-03-26,quarta-feira,12:10:00,SC,101,"145,0",ITAPEMA,Condutor deixou de manter distância do veículo da frente,Engavetamento,Com Vítimas Feridas,Pleno dia,Decrescente,Céu Claro,Dupla,Curva,Sim,3,0,1,0,2,0,1,3,-27.07931159,-48.59986413,SPRF-SC,DEL04-SC,UOP03-DEL04-SC,2025
"669686,0",2025-03-26,quarta-feira,12:25:00,SC,101,"420,9",ARARANGUA,Acessar a via sem observar a presença dos outros veículos,Tombamento,Com Vítimas Feridas,Pleno dia,Decrescente,Nublado,Simples,Reta;Interseção de Vias,Sim,2,0,1,0,1,0,1,2,-29.00488679,-49.56291631,SPRF-SC,DEL02-SC,UOP02-DEL02-SC,2025
"669693,0",2025-03-26,quarta-feira,08:45:00,SC,163,"86,0",GUARACIABA,Ultrapassagem Indevida,Colisão lateral mesmo sentido,Com Vítimas Feridas,Pleno dia,Decrescente,Céu Claro,Simples,Em Obras;Reta;Declive,Não,4,0,1,0,1,2,1,3,-26.60183278,-53.51642534,SPRF-SC,DEL07-SC,UOP03-DEL07-SC,2025
"669707,0",2025-03-26,quarta-feira,14:35:00,SC,101,"205,0",SAO JOSE,Condutor deixou de manter distância do veículo da frente,Colisão traseira,Com Vítimas Feridas,Pleno dia,Decrescente,Nublado,Múltipla,Reta,Sim,3,0,2,0,1,0,2,2,-27.58334152,-48.61517385,SPRF-SC,DEL01-SC,UOP01-DEL01-SC,2025
"669730,0",2025-03-26,quarta-feira,16:50:00,SC,101,"120,0",ITAJAI,Acumulo de óleo sobre o pavimento,Tombamento,Com Vítimas Feridas,Anoitecer,Crescente,Nublado,Simples,Curva;Declive,Não,1,0,0,1,0,0,1,1,-26.91948181,-48.71075923,SPRF-SC,DEL04-SC,UOP04-DEL04-SC,2025
"669740,0",2025-03-26,quarta-feira,17:20:00,SC,282,"17,9",PALHOCA,Velocidade Incompatível,Colisão lateral sentido oposto,Com Vítimas Fatais,Pleno dia,Decrescente,Nublado,Simples,Reta,Sim,4,1,0,1,2,0,1,3,-27.67242,-48.692851,SPRF-SC,DEL01-SC,UOP02-DEL01-SC,2025
"669756,0",2025-03-26,quarta-feira,14:00:00,SC,470,"2,0",NAVEGANTES,Acessar a via sem observar a presença dos outros veículos,Colisão lateral mesmo sentido,Com Vítimas Feridas,Pleno dia,Crescente,Nublado,Múltipla,Interseção de Vias,Não,2,0,1,0,1,0,1,2,-26.87052479,-48.67246985,SPRF-SC,DEL04-SC,UOP04-DEL04-SC,2025
"669772,0",2025-03-26,quarta-feira,20:20:00,SC,101,"358,3",JAGUARUNA,Ausência de reação do condutor,Saída de leito carroçável,Com Vítimas Feridas,Plena Noite,Decrescente,Céu Claro,Dupla,Reta,Não,3,0,2,0,1,0,2,1,-28.59769228,-49.04879881,SPRF-SC,DEL02-SC,UOP01-DEL02-SC,2025
"669774,0",2025-03-26,quarta-feira,19:00:00,SC,280,"230,0",CANOINHAS,Condutor usando celular,Capotamento,Com Vítimas Feridas,Plena Noite,Crescente,Nublado,Simples,Aclive;Reta,Sim,1,0,1,0,0,0,1,1,-26.18687645,-50.35696045,SPRF-SC,DEL06-SC,UOP04-DEL06-SC,2025
"669814,0",2025-03-27,quinta-feira,08:00:00,SC,101,"139,0",BALNEARIO CAMBORIU,Reação tardia ou ineficiente do condutor,Colisão traseira,Com Vítimas Feridas,Pleno dia,Decrescente,Céu Claro,Múltipla,Reta,Sim,3,0,1,0,2,0,1,2,-27.03222705,-48.60511112,SPRF-SC,DEL04-SC,UOP03-DEL04-SC,2025
"669826,0",2025-03-27,quinta-feira,07:30:00,SC,101,"151,0",ITAPEMA,Manobra de mudança de faixa,Colisão lateral mesmo sentido,Com Vítimas Feridas,Pleno dia,Decrescente,Sol,Múltipla,Reta,Sim,1,0,1,0,0,0,1,1,-27.12693265,-48.60930061,SPRF-SC,DEL04-SC,UOP03-DEL04-SC,2025
"669854,0",2025-03-27,quinta-feira,10:40:00,SC,101,"443,9",SANTA ROSA DO SUL,Ingestão de substâncias psicoativas pelo condutor,Tombamento,Com Vítimas Feridas,Pleno dia,Decrescente,Céu Claro,Simples,Interseção de Vias;Reta,Sim,1,0,0,1,0,0,1,1,-29.13697595,-49.71201712,SPRF-SC,DEL02-SC,UOP02-DEL02-SC,2025
"669882,0",2025-03-27,quinta-feira,14:50:00,SC,470,"147,6",AGRONOMICA,Reação tardia ou ineficiente do condutor,Colisão traseira,Com Vítimas Feridas,Pleno dia,Decrescente,Sol,Simples,Curva,Não,2,0,1,0,1,0,1,2,-27.2467659,-49.6945478,SPRF-SC,DEL04-SC,UOP02-DEL04-SC,2025
"669892,0",2025-03-27,quinta-feira,14:00:00,SC,101,"185,0",BIGUACU,Acessar a via sem observar a presença dos outros veículos,Atropelamento de Pedestre,Com Vítimas Feridas,Pleno dia,Crescente,Céu Claro,Dupla,Reta,Sim,2,0,1,0,0,1,1,2,-27.423,-48.635,SPRF-SC,DEL01-SC,UOP01-DEL01-SC,2025
"669897,0",2025-03-27,quinta-feira,16:50:00,SC,101,"200,3",SAO JOSE,Reação tardia ou ineficiente do condutor,Colisão traseira,Com Vítimas Feridas,Anoitecer,Crescente,Nublado,Simples,Declive;Reta,Sim,2,0,1,0,1,0,1,2,-27.54209,-48.62168,SPRF-SC,DEL01-SC,UOP01-DEL01-SC,2025
"669898,0",2025-03-27,quinta-feira,14:47:00,SC,101,"395,1",MARACAJA,Velocidade Incompatível,Capotamento,Com Vítimas Feridas,Pleno dia,Crescente,Céu Claro,Dupla,Reta,Não,2,0,2,0,0,0,2,1,-28.82745564,-49.40852165,SPRF-SC,DEL02-SC,UOP02-DEL02-SC,2025
"669903,0",2025-03-27,quinta-feira,16:30:00,SC,101,"118,0",ITAJAI,Manobra de mudança de faixa,Colisão lateral mesmo sentido,Com Vítimas Feridas,Pleno dia,Crescente,Céu Claro,Múltipla,Reta,Sim,2,0,1,0,0,1,1,2,-26.89335506,-48.7200706,SPRF-SC,DEL04-SC,UOP04-DEL04-SC,2025
"669915,0",2025-03-27,quinta-feira,18:30:00,SC,101,"217,8",PALHOCA,Pedestre - Ingestão de álcool/ substâncias psicoativas,Colisão transversal,Com Vítimas Feridas,Plena Noite,Crescente,Céu Claro,Dupla,Reta,Sim,2,0,0,1,1,0,1,2,-27.67504697,-48.67107735,SPRF-SC,DEL01-SC,UOP02-DEL01-SC,2025
"669926,0",2025-03-27,quinta-feira,19:00:00,SC,101,"362,0",SANGAO,Transitar na contramão,Colisão traseira,Com Vítimas Feridas,Plena Noite,Decrescente,Céu Claro,Simples,Reta;Declive,Não,4,0,1,0,3,0,1,2,-28.677177,-49.133264,SPRF-SC,DEL02-SC,UOP01-DEL02-SC,2025
"669930,0",2025-03-27,quinta-feira,19:40:00,SC,101,"119,0",ITAJAI,Avarias e/ou desgaste excessivo no pneu,Tombamento,Com Vítimas Feridas,Plena Noite,Decrescente,Céu Claro,Múltipla,Reta,Sim,2,0,2,0,0,0,2,1,-26.90144748,-48.71635567,SPRF-SC,DEL04-SC,UOP04-DEL04-SC,2025
"669935,0",2025-03-27,quinta-feira,19:25:00,SC,101,"151,0",ITAPEMA,Reação tardia ou ineficiente do condutor,Colisão traseira,Com Vítimas Feridas,Plena Noite,Crescente,Céu Claro,Múltipla,Reta,Sim,2,0,0,1,1,0,1,2,-27.12151844,-48.6093328,SPRF-SC,DEL04-SC,UOP03-DEL04-SC,2025
"669950,0",2025-03-27,quinta-feira,19:20:00,SC,470,"142,0",RIO DO SUL,Acessar a via sem observar a presença dos outros veículos,Colisão transversal,Com Vítimas Feridas,Plena Noite,Crescente,Nublado,Simples,Reta;Aclive,Sim,2,0,0,1,1,0,1,2,-27.210369,-49.652012,SPRF-SC,DEL04-SC,UOP02-DEL04-SC,2025
"669970,0",2025-03-27,quinta-feira,22:40:00,SC,101,"134,5",BALNEARIO CAMBORIU,Reação tardia ou ineficiente do condutor,Colisão traseira,Com Vítimas Feridas,Plena Noite,Crescente,Céu Claro,Múltipla,Reta,Sim,2,0,1,0,1,0,1,2,-27.0034101,-48.63319373,SPRF-SC,DEL04-SC,UOP03-DEL04-SC,2025
"669971,0",2025-03-27,quinta-feira,20:30:00,SC,101,"137,0",BALNEARIO CAMBORIU,Acessar a via sem observar a presença dos outros veículos,Tombamento,Com Vítimas Feridas,Plena Noite,Decrescente,Céu Claro,Múltipla,Interseção de Vias;Reta,Não,1,0,1,0,0,0,1,1,-27.01659528,-48.6114102,SPRF-SC,DEL04-SC,UOP03-DEL04-SC,2025
"669982,0",2025-03-28,sexta-feira,00:10:00,SC,101,"88,2",BARRA VELHA,Velocidade Incompatível,Saída de leito carroçável,Com Vítimas Fatais,Plena Noite,Decrescente,Céu Claro,Múltipla,Interseção de Vias;Reta;Viaduto,Sim,2,1,1,0,0,0,1,1,-26.6508699,-48.6867639,SPRF-SC,DEL03-SC,UOP02-DEL03-SC,2025
"670000,0",2025-03-28,sexta-feira,04:40:00,SC,101,"122,0",ITAJAI,Ingestão de álcool pelo condutor,Saída de leito carroçável,Sem Vítimas,Plena Noite,Decrescente,Nublado,Múltipla,Reta,Sim,2,0,0,0,2,0,0,1,-26.92833659,-48.70513678,SPRF-SC,DEL04-SC,UOP04-DEL04-SC,2025
"670041,0",2025-03-28,sexta-feira,08:50:00,SC,101,"92,8",BARRA VELHA,Reação tardia ou ineficiente do condutor,Colisão traseira,Sem Vítimas,Pleno dia,Crescente,Céu Claro,Dupla,Reta,Não,2,0,0,0,2,0,0,2,-26.61000269,-48.72236199,SPRF-SC,DEL03-SC,UOP02-DEL03-SC,2025
"670056,0",2025-03-28,sexta-feira,09:30:00,SC,101,"331,8",TUBARAO,Acessar a via sem observar a presença dos outros veículos,Colisão transversal,Com Vítimas Feridas,Pleno dia,Crescente,Céu Claro,Múltipla,Interseção de Vias;Rotatória,Sim,2,0,0,1,1,0,1,2,-28.4659246,-48.99537027,SPRF-SC,DEL02-SC,UOP01-DEL02-SC,2025
"670062,0",2025-03-28,sexta-feira,07:30:00,SC,153,"99,5",CONCORDIA,Condutor deixou de manter distância do veículo da frente,Colisão traseira,Com Vítimas Feridas,Pleno dia,Crescente,Sol,Simples,Reta,Sim,2,0,1,0,1,0,1,2,-27.24452009,-51.95195666,SPRF-SC,DEL07-SC,UOP04-DEL07-SC,2025
"670065,0",2025-03-28,sexta-feira,08:30:00,SC,470,"68,0",INDAIAL,Condutor usando celular,Colisão lateral sentido oposto,Com Vítimas Feridas,Pleno dia,Decrescente,Céu Claro,Múltipla,Viaduto,Sim,2,0,1,0,1,0,1,2,-26.884028,-49.247336,SPRF-SC,DEL04-SC,UOP01-DEL04-SC,2025
"670069,0",2025-03-28,sexta-feira,07:30:00,SC,101,"43,8",JOINVILLE,Ausência de reação do condutor,Colisão traseira,Com Vítimas Feridas,Pleno dia,Crescente,Nublado,Simples,Reta;Interseção de Vias;Viaduto,Sim,4,0,1,0,3,0,1,3,-26.33320552,-48.8610273,SPRF-SC,DEL03-SC,UOP01-DEL03-SC,2025
"670070,0",2025-03-28,sexta-feira,08:55:00,SC,280,"34,0",AGUAS MORNAS,Condutor Dormindo,Queda de ocupante de veículo,Com Vítimas Feridas,Pleno dia,Crescente,Céu Claro,Simples,Reta,Sim,1,0,1,0,0,0,1,1,-27.70563629,-48.83814722,SPRF-SC,DEL03-SC,UOP03-DEL03-SC,2025
"670073,0",2025-03-28,sexta-feira,11:45:00,SC,101,"207,0",SAO JOSE,Condutor deixou de manter distância do veículo da frente,Colisão traseira,Com Vítimas Feridas,Pleno dia,Crescente,Céu Claro,Múltipla,Reta,Sim,8,0,2,0,5,1,2,4,-27.602335,-48.62981,SPRF-SC,DEL01-SC,UOP01-DEL01-SC,2025
"670111,0",2025-03-28,sexta-feira,15:00:00,SC,470,"147,0",LAURENTINO,Trafegar com motocicleta (ou similar) entre as faixas,Colisão transversal,Com Vítimas Feridas,Pleno dia,Crescente,Nublado,Simples,Interseção de Vias,Sim,3,0,1,0,2,0,1,2,-27.24274926,-49.68892515,SPRF-SC,DEL04-SC,UOP02-DEL04-SC,2025
"670128,0",2025-03-28,sexta-feira,17:15:00,SC,470,"60,6",BLUMENAU,Demais falhas mecânicas ou elétricas,Colisão lateral sentido oposto,Com Vítimas Feridas,Pleno dia,Crescente,Céu Claro,Simples,Reta,Não,2,0,0,1,1,0,1,2,-26.87973,-49.17094,SPRF-SC,DEL04-SC,UOP01-DEL04-SC,2025
"670142,0",2025-03-28,sexta-feira,18:00:00,SC,282,"2,9",FLORIANOPOLIS,Condutor deixou de manter distância do veículo da frente,Colisão traseira,Com Vítimas Feridas,Plena Noite,Crescente,Céu Claro,Múltipla,Reta,Sim,2,0,1,0,1,0,1,2,-27.60114,-48.598677,SPRF-SC,DEL01-SC,UOP01-DEL01-SC,2025
"670153,0",2025-03-28,sexta-feira,18:30:00,SC,280,"29,5",ARAQUARI,Ausência de reação do condutor,Colisão transversal,Com Vítimas Feridas,Anoitecer,Crescente,Céu Claro,Simples,Reta,Sim,4,0,0,2,2,0,2,2,-26.40993623,-48.75157356,SPRF-SC,DEL03-SC,UOP03-DEL03-SC,2025
"670159,0",2025-03-28,sexta-feira,18:20:00,SC,116,"5,0",MAFRA,Reação tardia ou ineficiente do condutor,Colisão traseira,Com Vítimas Feridas,Plena Noite,Crescente,Nublado,Simples,Reta,Sim,4,0,1,0,2,1,1,3,-26.15766689,-49.8387748,SPRF-SC,DEL06-SC,UOP01-DEL06-SC,2025
"670191,0",2025-03-28,sexta-feira,22:10:00,SC,282,"5,0",SAO JOSE,Pedestre cruzava a pista fora da faixa,Atropelamento de Pedestre,Com Vítimas Feridas,Plena Noite,Decrescente,Céu Claro,Dupla,Curva;Interseção de Vias,Sim,2,0,0,1,1,0,1,2,-27.58422425,-48.61663163,SPRF-SC,DEL01-SC,UOP01-DEL01-SC,2025
"670227,0",2025-03-28,sexta-feira,22:55:00,SC,282,"94,0",ALFREDO WAGNER,Velocidade Incompatível,Saída de leito carroçável,Com Vítimas Feridas,Plena Noite,Crescente,Céu Claro,Simples,Curva,Não,1,0,1,0,0,0,1,1,-27.7107845,-49.26771641,SPRF-SC,DEL01-SC,UOP03-DEL01-SC,2025
"670252,0",2025-03-29,sábado,07:00:00,SC,101,"200,0",SAO JOSE,Ausência de reação do condutor,Queda de ocupante de veículo,Com Vítimas Feridas,Pleno dia,Crescente,Céu Claro,Dupla,Reta,Não,2,0,1,0,1,0,1,2,-27.54262268,-48.62087304,SPRF-SC,DEL01-SC,UOP01-DEL01-SC,2025
"670273,0",2025-03-29,sábado,08:05:00,SC,101,"249,0",PAULO LOPES,Condutor Dormindo,Saída de leito carroçável,Sem Vítimas,Pleno dia,Crescente,Céu Claro,Dupla,Curva,Não,1,0,0,0,1,0,0,1,-28.077128,-48.7125133,SPRF-SC,DEL02-SC,UOP03-DEL02-SC,2025
"670277,0",2025-03-29,sábado,09:00:00,SC,280,"54,9",GUARAMIRIM,Avarias e/ou desgaste excessivo no pneu,Saída de leito carroçável,Com Vítimas Feridas,Pleno dia,Decrescente,Céu Claro,Dupla,Reta,Sim,3,0,3,0,0,0,3,1,-26.476695,-48.99538452,SPRF-SC,DEL03-SC,UOP03-DEL03-SC,2025
"670290,0",2025-03-29,sábado,09:10:00,SC,101,"135,0",BALNEARIO CAMBORIU,Acessar a via sem observar a presença dos outros veículos,Colisão transversal,Com Vítimas Feridas,Pleno dia,Crescente,Sol,Múltipla,Reta,Sim,2,0,0,1,1,0,1,2,-27.0054438,-48.626477,SPRF-SC,DEL04-SC,UOP03-DEL04-SC,2025
"670296,0",2025-03-29,sábado,09:15:00,SC,101,"134,8",BALNEARIO CAMBORIU,Velocidade Incompatível,Colisão com objeto,Sem Vítimas,Pleno dia,Decrescente,Céu Claro,Dupla,Reta,Sim,2,0,0,0,2,0,0,2,-27.0043,-48.62814,SPRF-SC,DEL04-SC,UOP03-DEL04-SC,2025
"670307,0",2025-03-29,sábado,12:00:00,SC,116,"246,0",LAGES,Acessar a via sem observar a presença dos outros veículos,Colisão transversal,Com Vítimas Feridas,Pleno dia,Crescente,Céu Claro,Simples,Rotatória,Não,2,0,1,0,1,0,1,2,-27.79975263,-50.36385819,SPRF-SC,DEL05-SC,UOP02-DEL05-SC,2025
"670319,0",2025-03-29,sábado,13:48:00,SC,282,"0,1",FLORIANOPOLIS,Manobra de mudança de faixa,Colisão lateral mesmo sentido,Com Vítimas Feridas,Pleno dia,Decrescente,Nublado,Múltipla,Reta,Não,3,0,2,0,0,1,2,2,-27.598168,-48.571497,SPRF-SC,DEL01-SC,UOP01-DEL01-SC,2025
"670330,0",2025-03-29,sábado,15:30:00,SC,470,"57,4",BLUMENAU,Ausência de reação do condutor,Colisão traseira,Com Vítimas Feridas,Pleno dia,Crescente,Céu Claro,Dupla,Interseção de Vias,Não,3,0,1,0,2,0,1,2,-26.88263599,-49.14205844,SPRF-SC,DEL04-SC,UOP01-DEL04-SC,2025
"670334,0",2025-03-29,sábado,13:30:00,SC,282,"79,2",GUARACIABA,Conversão proibida,Colisão traseira,Com Vítimas Feridas,Pleno dia,Crescente,Céu Claro,Simples,Aclive,Não,2,0,1,0,1,0,1,2,-26.65290527,-53.5179019,SPRF-SC,DEL01-SC,UOP03-DEL01-SC,2025
"670360,0",2025-03-29,sábado,16:30:00,SC,470,"231,0",SAO CRISTOVAO DO SUL,Acumulo de água sobre o pavimento,Saída de leito carroçável,Com Vítimas Feridas,Anoitecer,Decrescente,Chuva,Simples,Reta,Não,1,0,1,0,0,0,1,1,-27.30351,-50.40448,SPRF-SC,DEL05-SC,UOP03-DEL05-SC,2025
"670384,0",2025-03-29,sábado,19:30:00,SC,101,"122,8",ITAJAI,Ingestão de álcool pelo condutor,Colisão lateral mesmo sentido,Com Vítimas Feridas,Anoitecer,Crescente,Sol,Dupla,Reta,Não,3,0,1,0,2,0,1,3,-26.93619723,-48.69942069,SPRF-SC,DEL04-SC,UOP04-DEL04-SC,2025
"670395,0",2025-03-29,sábado,19:00:00,SC,282,"342,9",CAMPOS NOVOS,Reação tardia ou ineficiente do condutor,Colisão transversal,Com Vítimas Feridas,Anoitecer,Decrescente,Chuva,Simples,Reta,Sim,3,0,2,0,1,0,2,2,-27.390094,-51.224369,SPRF-SC,DEL07-SC,UOP06-DEL07-SC,2025
"670398,0",2025-03-29,sábado,18:45:00,SC,101,"86,0",BARRA VELHA,Ingestão de álcool pelo condutor,Colisão transversal,Com Vítimas Feridas,Plena Noite,Crescente,Céu Claro,Simples,Viaduto;Interseção de Vias,Sim,2,0,0,1,0,1,1,2,-26.64501731,-48.68809808,SPRF-SC,DEL03-SC,UOP02-DEL03-SC,2025
"670406,0",2025-03-29,sábado,19:21:00,SC,280,"244,0",BELA VISTA DO TOLDO,Acessar a via sem observar a presença dos outros veículos,Colisão transversal,Com Vítimas Feridas,Plena Noite,Decrescente,Céu Claro,Simples,Reta,Não,2,0,2,0,0,0,2,2,-26.23537026,-50.4825747,SPRF-SC,DEL06-SC,UOP04-DEL06-SC,2025
"670417,0",2025-03-29,sábado,21:10:00,SC,282,"6,2",SAO FRANCISCO DO SUL,Ingestão de álcool pelo condutor,Colisão transversal,Com Vítimas Feridas,Plena Noite,Decrescente,Ignorado,Simples,Reta,Não,2,0,1,1,0,0,2,2,-26.25564159,-48.64219523,SPRF-SC,DEL01-SC,UOP01-DEL01-SC,2025
"670431,0",2025-03-29,sábado,21:40:00,SC,101,"71,0",BARRA VELHA,Reação tardia ou ineficiente do condutor,Queda de ocupante de veículo,Com Vítimas Feridas,Plena Noite,Decrescente,Nublado,Múltipla,Viaduto,Não,2,0,2,0,0,0,2,1,-26.6103894,-48.7224839,SPRF-SC,DEL03-SC,UOP02-DEL03-SC,2025
"670436,0",2025-03-30,domingo,00:00:00,SC,282,"3,0",FLORIANOPOLIS,Ausência de reação do condutor,Colisão com objeto,Sem Vítimas,Plena Noite,Decrescente,Céu Claro,Múltipla,Reta,Não,1,0,0,0,1,0,0,1,-27.59713281,-48.60085487,SPRF-SC,DEL01-SC,UOP01-DEL01-SC,2025
"670443,0",2025-03-29,sábado,23:40:00,SC,101,"8,8",GARUVA,Reação tardia ou ineficiente do condutor,Colisão com objeto,Sem Vítimas,Plena Noite,Decrescente,Céu Claro,Dupla,Reta,Não,1,0,0,0,0,1,0,1,-26.05770816,-48.85929108,SPRF-SC,DEL03-SC,UOP01-DEL03-SC,2025
"670456,0",2025-03-30,domingo,01:30:00,SC,101,"315,0",LAGUNA,Pedestre andava na pista,Atropelamento de Pedestre,Com Vítimas Feridas,Plena Noite,Crescente,Nublado,Simples,Curva,Não,3,0,0,1,2,0,1,2,-28.42921,-48.84942,SPRF-SC,DEL02-SC,UOP01-DEL02-SC,2025
"670465,0",2025-03-30,domingo,04:30:00,SC,101,"116,0",ITAJAI,Transitar na contramão,Colisão frontal,Com Vítimas Feridas,Plena Noite,Crescente,Chuva,Múltipla,Reta,Sim,3,0,1,1,1,0,2,2,-26.88627276,-48.72270226,SPRF-SC,DEL04-SC,UOP04-DEL04-SC,2025
"670472,0",2025-03-30,domingo,05:30:00,SC,470,"9,0",NAVEGANTES,Transitar na contramão,Colisão frontal,Com Vítimas Feridas,Amanhecer,Crescente,Chuva,Dupla,Reta,Não,3,0,0,1,2,0,1,3,-26.83316428,-48.73095274,SPRF-SC,DEL04-SC,UOP04-DEL04-SC,2025
"670498,0",2025-03-30,domingo,09:30:00,SC,101,"200,4",SAO JOSE,Condutor Dormindo,Saída de leito carroçável,Com Vítimas Feridas,Pleno dia,Decrescente,Céu Claro,Dupla,Reta,Sim,1,0,1,0,0,0,1,1,-27.543491,-48.62034,SPRF-SC,DEL01-SC,UOP01-DEL01-SC,2025
"670523,0",2025-03-30,domingo,13:30:00,SC,101,"28,0",JOINVILLE,Manobra de mudança de faixa,Colisão traseira,Com Vítimas Feridas,Pleno dia,Decrescente,Céu Claro,Dupla,Reta,Não,3,0,2,0,1,0,2,2,-26.1903068,-48.9121576,SPRF-SC,DEL03-SC,UOP01-DEL03-SC,2025
"670528,0",2025-03-30,domingo,12:08:00,SC,282,"539,7",CHAPECO,Velocidade Incompatível,Capotamento,Com Vítimas Feridas,Pleno dia,Decrescente,Céu Claro,Simples,Curva,Não,3,0,2,0,1,0,2,2,-26.9917639,-52.68753238,SPRF-SC,DEL07-SC,UOP01-DEL07-SC,2025
"670544,0",2025-03-30,domingo,16:10:00,SC,101,"234,0",PALHOCA,Condutor deixou de manter distância do veículo da frente,Colisão traseira,Sem Vítimas,Pleno dia,Decrescente,Nublado,Múltipla,Reta,Sim,2,0,0,0,2,0,0,2,-27.802506,-48.637766,SPRF-SC,DEL01-SC,UOP02-DEL01-SC,2025
"670546,0",2025-03-30,domingo,16:30:00,SC,470,"55,0",BLUMENAU,Condutor deixou de manter distância do veículo da frente,Colisão traseira,Sem Vítimas,Pleno dia,Crescente,Céu Claro,Simples,Aclive;Curva,Sim,2,0,0,0,2,0,0,2,-26.876368,-49.1201686,SPRF-SC,DEL04-SC,UOP01-DEL04-SC,2025
"670560,0",2025-03-30,domingo,16:30:00,SC,101,"32,0",JOINVILLE,Mal súbito do condutor,Queda de ocupante de veículo,Com Vítimas Feridas,Pleno dia,Crescente,Céu Claro,Dupla,Reta,Não,2,0,2,0,0,0,2,1,-26.246806,-48.908672,SPRF-SC,DEL03-SC,UOP01-DEL03-SC,2025
"670574,0",2025-03-30,domingo,19:00:00,SC,280,"131,0",RIO NEGRINHO,Ingestão de álcool pelo condutor,Colisão transversal,Sem Vítimas,Anoitecer,Crescente,Céu Claro,Dupla,Reta;Aclive,Não,2,0,0,0,2,0,0,2,-26.26165671,-49.54845907,SPRF-SC,DEL06-SC,UOP03-DEL06-SC,2025
"670575,0",2025-03-30,domingo,18:50:00,SC,282,"49,0",AGUAS MORNAS,Trafegar com motocicleta (ou similar) entre as faixas,Colisão lateral sentido oposto,Com Vítimas Feridas,Plena Noite,Decrescente,Nublado,Simples,Reta;Aclive,Não,5,0,3,1,1,0,4,2,-27.7121,-48.9449,SPRF-SC,DEL01-SC,UOP03-DEL01-SC,2025
"670587,0",2025-03-30,domingo,19:20:00,SC,280,"8,0",SAO FRANCISCO DO SUL,Acessar a via sem observar a presença dos outros veículos,Colisão traseira,Com Vítimas Feridas,Plena Noite,Crescente,Céu Claro,Simples,Reta,Sim,3,0,2,0,1,0,2,2,-26.264427,-48.636375,SPRF-SC,DEL03-SC,UOP03-DEL03-SC,2025