id,data_inversa,dia_semana,horario,uf,br,km,municipio,causa_acidente,tipo_acidente,classificacao_acidente,fase_dia,sentido_via,condicao_metereologica,tipo_pista,tracado_via,uso_solo,pessoas,mortos,feridos_leves,feridos_graves,ilesos,ignorados,feridos,veiculos,latitude,longitude,regional,delegacia,uop,ano_arquivo
"670588,0",2025-03-30,domingo,19:50:00,SC,101,"41,0",JOINVILLE,Ausência de reação do condutor,Colisão traseira,Com Vítimas Feridas,Plena Noite,Decrescente,Céu Claro,Dupla,Curva;Interseção de Vias,Não,2,0,1,0,1,0,1,2,-26.1903051,-48.9121475,SPRF-SC,DEL03-SC,UOP01-DEL03-SC,2025
"670664,0",2025-03-31,segunda-feira,06:15:00,SC,101,"121,0",ITAJAI,Condutor deixou de manter distância do veículo da frente,Colisão lateral mesmo sentido,Com Vítimas Feridas,Amanhecer,Decrescente,Nevoeiro/Neblina,Múltipla,Reta,Sim,2,0,1,0,1,0,1,2,-26.9252201,-48.70666265,SPRF-SC,DEL04-SC,UOP04-DEL04-SC,2025
"670669,0",2025-03-31,segunda-feira,07:05:00,SC,101,"207,7",SAO JOSE,Reação tardia ou ineficiente do condutor,Colisão traseira,Com Vítimas Feridas,Pleno dia,Decrescente,Céu Claro,Múltipla,Reta,Sim,2,0,1,0,1,0,1,2,-27.601557,-48.6256348,SPRF-SC,DEL01-SC,UOP01-DEL01-SC,2025
"670674,0",2025-03-31,segunda-feira,07:15:00,SC,101,"206,9",SAO JOSE,Avarias e/ou desgaste excessivo no pneu,Tombamento,Com Vítimas Feridas,Pleno dia,Decrescente,Céu Claro,Múltipla,Reta;Declive,Sim,1,0,1,0,0,0,1,1,-27.602,-48.627,SPRF-SC,DEL01-SC,UOP01-DEL01-SC,2025
"670746,0",2025-03-31,segunda-feira,09:00:00,SC,101,"154,0",ITAPEMA,Acessar a via sem observar a presença dos outros veículos,Atropelamento de Pedestre,Com Vítimas Feridas,Pleno dia,Decrescente,Céu Claro,Simples,Reta,Não,2,0,1,0,0,1,1,2,-27.06624293,-48.59578925,SPRF-SC,DEL04-SC,UOP03-DEL04-SC,2025
"670787,0",2025-03-31,segunda-feira,17:40:00,SC,101,"125,4",ITAJAI,Reação tardia ou ineficiente do condutor,Colisão lateral mesmo sentido,Com Vítimas Feridas,Anoitecer,Decrescente,Céu Claro,Simples,Curva,Sim,2,0,1,0,1,0,1,2,-26.94869874,-48.68282318,SPRF-SC,DEL04-SC,UOP04-DEL04-SC,2025
"670790,0",2025-03-31,segunda-feira,17:00:00,SC,101,"100,0",BALNEARIO PICARRAS,Acessar a via sem observar a presença dos outros veículos,Colisão transversal,Com Vítimas Feridas,Pleno dia,Crescente,Sol,Múltipla,Reta,Sim,2,0,1,0,1,0,1,2,-26.75726985,-48.6884129,SPRF-SC,DEL03-SC,UOP02-DEL03-SC,2025
"670829,0",2025-02-26,quarta-feira,21:50:00,SC,101,"331,6",TUBARAO,Acessar a via sem observar a presença dos outros veículos,Tombamento,Com Vítimas Feridas,Plena Noite,Decrescente,Céu Claro,Múltipla,Rotatória,Sim,2,0,1,0,1,0,1,2,-28.46600049,-48.99545962,SPRF-SC,DEL02-SC,UOP01-DEL02-SC,2025
"670857,0",2025-04-01,terça-feira,07:20:00,SC,101,"205,0",SAO JOSE,Manobra de mudança de faixa,Colisão lateral mesmo sentido,Com Vítimas Feridas,Pleno dia,Crescente,Céu Claro,Múltipla,Reta,Sim,3,0,1,0,2,0,1,3,-27.58079654,-48.61445904,SPRF-SC,DEL01-SC,UOP01-DEL01-SC,2025
"670862,0",2025-04-01,terça-feira,07:17:00,SC,101,"174,0",GOVERNADOR CELSO RAMOS,Reação tardia ou ineficiente do condutor,Colisão traseira,Com Vítimas Feridas,Pleno dia,Crescente,Céu Claro,Múltipla,Reta,Não,2,0,1,0,1,0,1,2,-27.34272151,-48.62950134,SPRF-SC,DEL01-SC,UOP01-DEL01-SC,2025
"670879,0",2025-03-28,sexta-feira,22:05:00,SC,282,"480,0",FAXINAL DOS GUEDES,Ausência de sinalização,Colisão com objeto,Com Vítimas Feridas,Plena Noite,Crescente,Garoa/Chuvisco,Simples,Interseção de Vias;Rotatória,Não,1,0,0,1,0,0,1,1,-26.87817655,-52.18815738,SPRF-SC,DEL07-SC,UOP01-DEL07-SC,2025
"670894,0",2025-04-01,terça-feira,11:30:00,SC,101,"151,0",ITAPEMA,Condutor deixou de manter distância do veículo da frente,Colisão traseira,Com Vítimas Feridas,Pleno dia,Crescente,Céu Claro,Dupla,Reta,Sim,3,0,1,0,2,0,1,2,-27.12708316,-48.60980272,SPRF-SC,DEL04-SC,UOP03-DEL04-SC,2025
"670901,0",2025-04-01,terça-feira,12:00:00,SC,101,"25,3",JOINVILLE,Acessar a via sem observar a presença dos outros veículos,Colisão transversal,Com Vítimas Feridas,Pleno dia,Decrescente,Nublado,Simples,Rotatória,Sim,4,0,2,0,2,0,2,3,-26.18175198,-48.90932622,SPRF-SC,DEL03-SC,UOP01-DEL03-SC,2025
"670903,0",2025-04-01,terça-feira,09:00:00,SC,280,"92,0",RIO NEGRINHO,Ausência de reação do condutor,Queda de ocupante de veículo,Com Vítimas Feridas,Pleno dia,Crescente,Céu Claro,Simples,Reta,Não,1,0,1,0,0,0,1,1,-26.26165671,-49.54845907,SPRF-SC,DEL06-SC,UOP03-DEL06-SC,2025
"670908,0",2025-04-01,terça-feira,13:30:00,SC,101,"188,1",BIGUACU,Demais falhas mecânicas ou elétricas,Tombamento,Com Vítimas Feridas,Pleno dia,Crescente,Céu Claro,Dupla,Reta,Sim,1,0,1,0,0,0,1,1,-27.45250376,-48.63429666,SPRF-SC,DEL01-SC,UOP01-DEL01-SC,2025
"670912,0",2025-04-01,terça-feira,13:35:00,SC,280,"57,1",GUARAMIRIM,Acessar a via sem observar a presença dos outros veículos,Colisão traseira,Com Vítimas Feridas,Pleno dia,Decrescente,Céu Claro,Simples,Reta,Não,2,0,1,0,1,0,1,2,-26.476127,-49.016299,SPRF-SC,DEL03-SC,UOP03-DEL03-SC,2025
"670915,0",2025-04-01,terça-feira,13:45:00,SC,101,"199,9",SAO JOSE,Reação tardia ou ineficiente do condutor,Colisão traseira,Com Vítimas Feridas,Pleno dia,Crescente,Céu Claro,Múltipla,Reta,Sim,2,0,1,0,1,0,1,2,-27.538544,-48.624746,SPRF-SC,DEL01-SC,UOP01-DEL01-SC,2025
"670923,0",2025-04-01,terça-feira,07:50:00,SC,101,"118,4",ITAJAI,Reação tardia ou ineficiente do condutor,Tombamento,Com Vítimas Feridas,Pleno dia,Crescente,Céu Claro,Múltipla,Reta,Sim,1,0,1,0,0,0,1,1,-26.89343549,-48.72022605,SPRF-SC,DEL04-SC,UOP04-DEL04-SC,2025
"670960,0",2025-04-01,terça-feira,18:45:00,SC,282,"16,4",PALHOCA,Acesso irregular,Colisão transversal,Com Vítimas Feridas,Anoitecer,Crescente,Céu Claro,Simples,Reta,Não,3,0,2,0,1,0,2,2,-27.68094387,-48.70479584,SPRF-SC,DEL01-SC,UOP02-DEL01-SC,2025
"670985,0",2025-04-01,terça-feira,18:30:00,SC,470,"105,0",APIUNA,Transitar no Acostamento,Colisão transversal,Com Vítimas Feridas,Anoitecer,Decrescente,Nublado,Simples,Reta,Sim,3,0,1,1,1,0,2,2,-27.07317425,-49.42301095,SPRF-SC,DEL04-SC,UOP02-DEL04-SC,2025
"671023,0",2025-04-02,quarta-feira,06:30:00,SC,280,"57,0",GUARAMIRIM,Reação tardia ou ineficiente do condutor,Capotamento,Sem Vítimas,Amanhecer,Decrescente,Sol,Dupla,Rotatória,Sim,1,0,0,0,1,0,0,1,-26.47465,-49.02017,SPRF-SC,DEL03-SC,UOP03-DEL03-SC,2025
"671025,0",2025-04-02,quarta-feira,02:00:00,SC,101,"124,1",ITAJAI,Demais falhas mecânicas ou elétricas,Queda de ocupante de veículo,Com Vítimas Feridas,Anoitecer,Crescente,Ignorado,Múltipla,Reta,Não,2,0,2,0,0,0,2,1,-26.93966684,-48.69554758,SPRF-SC,DEL04-SC,UOP04-DEL04-SC,2025
"671026,0",2025-04-02,quarta-feira,07:00:00,SC,101,"213,0",PALHOCA,Ausência de reação do condutor,Colisão com objeto,Com Vítimas Feridas,Pleno dia,Decrescente,Céu Claro,Múltipla,Reta;Interseção de Vias;Declive,Sim,2,0,2,0,0,0,2,1,-27.636967,-48.664792,SPRF-SC,DEL01-SC,UOP02-DEL01-SC,2025
"671043,0",2025-04-02,quarta-feira,08:00:00,SC,101,"203,0",SAO JOSE,Ausência de reação do condutor,Colisão traseira,Com Vítimas Feridas,Pleno dia,Crescente,Céu Claro,Múltipla,Reta,Não,4,0,1,0,3,0,1,2,-27.56727306,-48.61404061,SPRF-SC,DEL01-SC,UOP01-DEL01-SC,2025
"671058,0",2025-04-02,quarta-feira,08:58:00,SC,470,"66,0",INDAIAL,Acessar a via sem observar a presença dos outros veículos,Colisão traseira,Com Vítimas Feridas,Pleno dia,Decrescente,Nublado,Simples,Em Obras,Sim,2,0,1,0,1,0,1,2,-26.87041084,-49.2270112,SPRF-SC,DEL04-SC,UOP01-DEL04-SC,2025
"671075,0",2025-04-02,quarta-feira,10:00:00,SC,101,"72,0",ARAQUARI,Entrada inopinada do pedestre,Atropelamento de Pedestre,Com Vítimas Feridas,Pleno dia,Crescente,Céu Claro,Dupla,Reta,Não,2,0,0,1,1,0,1,2,-26.52649347,-48.71578217,SPRF-SC,DEL03-SC,UOP02-DEL03-SC,2025
"671091,0",2025-04-02,quarta-feira,13:11:00,SC,101,"207,7",SAO JOSE,Ausência de reação do condutor,Queda de ocupante de veículo,Com Vítimas Feridas,Pleno dia,Crescente,Céu Claro,Múltipla,Reta,Não,1,0,1,0,0,0,1,1,-27.602043,-48.629502,SPRF-SC,DEL01-SC,UOP01-DEL01-SC,2025
"671095,0",2025-04-02,quarta-feira,13:20:00,SC,282,"505,3",XANXERE,Acessar a via sem observar a presença dos outros veículos,Colisão transversal,Com Vítimas Feridas,Pleno dia,Crescente,Nublado,Múltipla,Interseção de Vias,Sim,39,0,1,0,38,0,1,2,-26.88549614,-52.41883087,SPRF-SC,DEL07-SC,UOP01-DEL07-SC,2025
"671155,0",2025-04-02,quarta-feira,18:44:00,SC,282,"221,0",LAGES,Acessar a via sem observar a presença dos outros veículos,Colisão frontal,Com Vítimas Feridas,Plena Noite,Crescente,Chuva,Simples,Reta,Sim,4,0,1,0,3,0,1,2,-27.79552153,-50.34116864,SPRF-SC,DEL05-SC,UOP01-DEL05-SC,2025
"671165,0",2025-04-02,quarta-feira,20:20:00,SC,282,"15,5",PALHOCA,Desrespeitar a preferência no cruzamento,Colisão transversal,Com Vítimas Feridas,Plena Noite,Crescente,Nublado,Simples,Interseção de Vias;Retorno Regulamentado;Reta;Rotatória,Sim,3,0,0,2,0,1,2,2,-27.65576982,-48.67919499,SPRF-SC,DEL01-SC,UOP02-DEL01-SC,2025
"671175,0",2025-04-02,quarta-feira,20:30:00,SC,101,"148,5",ITAPEMA,Reação tardia ou ineficiente do condutor,Colisão lateral mesmo sentido,Com Vítimas Feridas,Plena Noite,Decrescente,Céu Claro,Simples,Reta,Sim,2,0,0,1,1,0,1,2,-27.10394621,-48.61626148,SPRF-SC,DEL04-SC,UOP03-DEL04-SC,2025
"671182,0",2025-04-02,quarta-feira,19:45:00,SC,153,"97,1",CONCORDIA,Acessar a via sem observar a presença dos outros veículos,Colisão transversal,Com Vítimas Feridas,Plena Noite,Crescente,Chuva,Simples,Interseção de Vias;Retorno Regulamentado;Curva,Sim,3,0,1,1,1,0,2,2,-27.22930143,-51.95273906,SPRF-SC,DEL07-SC,UOP04-DEL07-SC,2025
"671183,0",2025-04-02,quarta-feira,21:40:00,SC,101,"146,0",ITAPEMA,Velocidade Incompatível,Tombamento,Com Vítimas Feridas,Plena Noite,Decrescente,Chuva,Simples,Declive;Viaduto;Interseção de Vias,Sim,2,0,1,0,1,0,1,1,-27.0659665,-48.5955414,SPRF-SC,DEL04-SC,UOP03-DEL04-SC,2025
"671244,0",2025-04-03,quinta-feira,07:30:00,SC,101,"199,8",SAO JOSE,Condutor usando celular,Colisão traseira,Com Vítimas Feridas,Pleno dia,Crescente,Chuva,Dupla,Reta,Sim,2,0,1,0,1,0,1,2,-27.53929269,-48.6237427,SPRF-SC,DEL01-SC,UOP01-DEL01-SC,2025
"671270,0",2025-03-10,segunda-feira,15:30:00,SC,101,"430,3",SOMBRIO,Manobra de mudança de faixa,Colisão lateral mesmo sentido,Com Vítimas Feridas,Pleno dia,Crescente,Nublado,Múltipla,Reta,Sim,3,0,1,1,0,1,2,2,-29.065767,-49.6253,SPRF-SC,DEL02-SC,UOP02-DEL02-SC,2025
"671285,0",2025-04-03,quinta-feira,12:45:00,SC,101,"151,6",ITAPEMA,Acesso irregular,Colisão lateral mesmo sentido,Com Vítimas Feridas,Pleno dia,Decrescente,Céu Claro,Múltipla,Interseção de Vias,Sim,2,0,2,0,0,0,2,2,-27.13190989,-48.6095858,SPRF-SC,DEL04-SC,UOP03-DEL04-SC,2025
"671287,0",2025-04-03,quinta-feira,10:00:00,SC,282,"5,1",SAO JOSE,Reação tardia ou ineficiente do condutor,Colisão com objeto,Com Vítimas Feridas,Pleno dia,Decrescente,Céu Claro,Múltipla,Reta,Sim,2,0,1,0,1,0,1,1,-27.58812,-48.61353,SPRF-SC,DEL01-SC,UOP01-DEL01-SC,2025
"671300,0",2025-04-03,quinta-feira,14:25:00,SC,280,"58,0",GUARAMIRIM,Ingestão de álcool pelo condutor,Colisão com objeto,Sem Vítimas,Pleno dia,Crescente,Chuva,Dupla,Interseção de Vias;Rotatória,Sim,1,0,0,0,1,0,0,1,-26.47414568,-49.02039528,SPRF-SC,DEL03-SC,UOP03-DEL03-SC,2025
"671316,0",2025-04-03,quinta-feira,16:40:00,SC,101,"38,3",JOINVILLE,Acessar a via sem observar a presença dos outros veículos,Tombamento,Com Vítimas Feridas,Pleno dia,Crescente,Chuva,Dupla,Reta;Interseção de Vias;Viaduto;Rotatória,Sim,3,0,1,0,2,0,1,2,-26.296398,-48.884307,SPRF-SC,DEL03-SC,UOP01-DEL03-SC,2025
"671348,0",2025-04-03,quinta-feira,19:00:00,SC,101,"224,3",PALHOCA,Velocidade Incompatível,Colisão traseira,Com Vítimas Feridas,Pleno dia,Crescente,Céu Claro,Múltipla,Reta,Não,2,0,0,1,1,0,1,2,-27.727272,-48.642832,SPRF-SC,DEL01-SC,UOP02-DEL01-SC,2025
"671368,0",2025-04-03,quinta-feira,18:45:00,SC,280,"252,9",CANOINHAS,Ultrapassagem Indevida,Colisão frontal,Com Vítimas Fatais,Plena Noite,Crescente,Nublado,Simples,Curva,Não,4,1,0,2,0,1,2,3,-26.26569992,-50.56900084,SPRF-SC,DEL06-SC,UOP04-DEL06-SC,2025
"671370,0",2025-04-03,quinta-feira,18:30:00,SC,282,"464,2",PONTE SERRADA,Reação tardia ou ineficiente do condutor,Saída de leito carroçável,Com Vítimas Feridas,Anoitecer,Decrescente,Nublado,Simples,Reta,Não,1,0,1,0,0,0,1,1,-26.856752,-52.042489,SPRF-SC,DEL07-SC,UOP04-DEL07-SC,2025
"671371,0",2025-04-03,quinta-feira,19:20:00,SC,101,"424,5",ARARANGUA,Pedestre andava na pista,Atropelamento de Pedestre,Com Vítimas Fatais,Plena Noite,Decrescente,Nublado,Múltipla,Reta,Não,3,1,0,0,1,1,0,3,-29.02092723,-49.59088326,SPRF-SC,DEL02-SC,UOP02-DEL02-SC,2025
"671378,0",2025-04-03,quinta-feira,13:32:00,SC,116,"124,0",SANTA CECILIA,Ausência de reação do condutor,Tombamento,Sem Vítimas,Pleno dia,Crescente,Céu Claro,Simples,Declive,Não,4,0,0,0,4,0,0,1,-26.8494687465,-50.4048442841,SPRF-SC,DEL06-SC,UOP02-DEL06-SC,2025
"671392,0",2025-04-03,quinta-feira,21:10:00,SC,101,"256,5",PAULO LOPES,Ingestão de álcool pelo condutor,Queda de ocupante de veículo,Com Vítimas Feridas,Plena Noite,Crescente,Garoa/Chuvisco,Dupla,Viaduto;Curva,Sim,1,0,1,0,0,0,1,1,-27.99523508,-48.68917465,SPRF-SC,DEL02-SC,UOP03-DEL02-SC,2025
"671408,0",2025-04-04,sexta-feira,04:10:00,SC,101,"148,4",ITAPEMA,Ausência de reação do condutor,Colisão traseira,Sem Vítimas,Plena Noite,Crescente,Céu Claro,Múltipla,Reta,Não,3,0,0,0,2,1,0,3,-27.10335688,-48.61725279,SPRF-SC,DEL04-SC,UOP03-DEL04-SC,2025
"671418,0",2025-04-04,sexta-feira,05:15:00,SC,282,"85,0",ALFREDO WAGNER,Demais falhas mecânicas ou elétricas,Saída de leito carroçável,Com Vítimas Feridas,Amanhecer,Crescente,Garoa/Chuvisco,Simples,Declive;Curva,Não,3,0,2,0,1,0,2,1,-27.66455269,-49.19620872,SPRF-SC,DEL01-SC,UOP03-DEL01-SC,2025
"671443,0",2025-04-04,sexta-feira,07:40:00,SC,101,"196,0",BIGUACU,Acessar a via sem observar a presença dos outros veículos,Tombamento,Com Vítimas Feridas,Pleno dia,Decrescente,Céu Claro,Dupla,Reta,Sim,2,0,1,0,0,1,1,2,-27.50881,-48.64522,SPRF-SC,DEL01-SC,UOP01-DEL01-SC,2025
"671462,0",2025-04-04,sexta-feira,10:15:00,SC,282,"0,6",FLORIANOPOLIS,Ausência de reação do condutor,Colisão traseira,Com Vítimas Feridas,Pleno dia,Decrescente,Nublado,Dupla,Reta,Sim,4,0,0,1,3,0,1,4,-27.60089,-48.57723,SPRF-SC,DEL01-SC,UOP01-DEL01-SC,2025
"671470,0",2025-03-30,domingo,19:45:00,SC,101,"324,0",CAPIVARI DE BAIXO,Acessar a via sem observar a presença dos outros veículos,Colisão transversal,Com Vítimas Feridas,Plena Noite,Crescente,Céu Claro,Dupla,Reta;Interseção de Vias,Sim,2,0,1,0,0,1,1,2,-28.4247764,-48.9429889,SPRF-SC,DEL02-SC,UOP01-DEL02-SC,2025
"671482,0",2025-04-04,sexta-feira,12:00:00,SC,101,"155,0",PORTO BELO,Reação tardia ou ineficiente do condutor,Colisão traseira,Com Vítimas Feridas,Pleno dia,Crescente,Céu Claro,Dupla,Reta,Sim,3,0,1,0,2,0,1,3,-27.16636114,-48.61301064,SPRF-SC,DEL04-SC,UOP03-DEL04-SC,2025
"671488,0",2025-03-19,quarta-feira,07:29:00,SC,101,"205,0",SAO JOSE,Ausência de reação do condutor,Tombamento,Com Vítimas Feridas,Pleno dia,Decrescente,Céu Claro,Múltipla,Reta,Sim,2,0,1,0,1,0,1,2,-27.593,-48.618,SPRF-SC,DEL01-SC,UOP01-DEL01-SC,2025
"671497,0",2025-04-04,sexta-feira,11:15:00,SC,101,"4,0",ARARANGUA,Acessar a via sem observar a presença dos outros veículos,Colisão frontal,Com Vítimas Feridas,Pleno dia,Decrescente,Céu Claro,Simples,Reta,Sim,2,0,0,1,1,0,1,2,-28.95093995,-49.50753624,SPRF-SC,DEL02-SC,UOP02-DEL02-SC,2025
"671524,0",2025-04-04,sexta-feira,15:00:00,SC,470,"64,1",INDAIAL,Objeto estático sobre o leito carroçável,Tombamento,Com Vítimas Feridas,Pleno dia,Crescente,Céu Claro,Dupla,Curva;Aclive;Em Obras,Não,1,0,1,0,0,0,1,1,-26.86962606,-49.20284986,SPRF-SC,DEL04-SC,UOP01-DEL04-SC,2025
"671531,0",2025-04-04,sexta-feira,16:00:00,SC,101,"195,9",BIGUACU,Avarias e/ou desgaste excessivo no pneu,Tombamento,Com Vítimas Feridas,Pleno dia,Crescente,Céu Claro,Dupla,Reta,Sim,2,0,2,0,0,0,2,1,-27.511,-48.644,SPRF-SC,DEL01-SC,UOP01-DEL01-SC,2025
"671534,0",2025-04-04,sexta-feira,15:30:00,SC,101,"86,7",BARRA VELHA,Desrespeitar a preferência no cruzamento,Colisão transversal,Com Vítimas Feridas,Pleno dia,Decrescente,Nublado,Múltipla,Viaduto;Interseção de Vias,Sim,2,0,0,1,1,0,1,2,-26.63894313,-48.69333744,SPRF-SC,DEL03-SC,UOP02-DEL03-SC,2025
"671541,0",2025-04-04,sexta-feira,16:20:00,SC,101,"214,7",PALHOCA,Reação tardia ou ineficiente do condutor,Colisão lateral mesmo sentido,Com Vítimas Feridas,Pleno dia,Decrescente,Nublado,Simples,Interseção de Vias,Sim,3,0,1,0,2,0,1,2,-27.64975,-48.6756,SPRF-SC,DEL01-SC,UOP02-DEL01-SC,2025
"671542,0",2025-04-04,sexta-feira,17:15:00,SC,101,"334,0",TUBARAO,Condutor deixou de manter distância do veículo da frente,Colisão traseira,Com Vítimas Feridas,Pleno dia,Crescente,Céu Claro,Simples,Reta,Sim,2,0,1,0,1,0,1,2,-28.469406,-49.016834,SPRF-SC,DEL02-SC,UOP01-DEL02-SC,2025
"671563,0",2025-04-04,sexta-feira,18:30:00,SC,101,"205,0",SAO JOSE,Reação tardia ou ineficiente do condutor,Colisão lateral mesmo sentido,Com Vítimas Feridas,Plena Noite,Crescente,Vento,Múltipla,Reta,Sim,3,0,2,0,1,0,2,2,-27.58299234,-48.61518491,SPRF-SC,DEL01-SC,UOP01-DEL01-SC,2025
"671575,0",2025-04-04,sexta-feira,18:30:00,SC,470,"91,6",ASCURRA,Ausência de reação do condutor,Colisão lateral mesmo sentido,Com Vítimas Feridas,Anoitecer,Decrescente,Céu Claro,Simples,Reta,Não,2,0,1,0,1,0,1,2,-26.98369688,-49.37217236,SPRF-SC,DEL04-SC,UOP01-DEL04-SC,2025
"671579,0",2025-04-04,sexta-feira,19:00:00,SC,101,"137,0",ITAPEMA,Trafegar com motocicleta (ou similar) entre as faixas,Colisão lateral mesmo sentido,Com Vítimas Feridas,Pleno dia,Decrescente,Céu Claro,Dupla,Reta,Não,2,0,1,0,1,0,1,2,-27.0659693,-48.5955459,SPRF-SC,DEL04-SC,UOP03-DEL04-SC,2025
"671595,0",2025-04-04,sexta-feira,20:00:00,SC,101,"148,0",ITAPEMA,Velocidade Incompatível,Colisão traseira,Com Vítimas Feridas,Plena Noite,Decrescente,Céu Claro,Múltipla,Reta,Sim,2,0,0,1,1,0,1,2,-27.09145071,-48.61641613,SPRF-SC,DEL04-SC,UOP03-DEL04-SC,2025
"671596,0",2025-04-04,sexta-feira,19:30:00,SC,101,"1,0",GARUVA,Chuva,Tombamento,Com Vítimas Feridas,Plena Noite,Crescente,Chuva,Múltipla,Reta,Não,1,0,1,0,0,0,1,1,-25.992857,-48.881237,SPRF-SC,DEL03-SC,UOP01-DEL03-SC,2025
"671597,0",2025-04-04,sexta-feira,20:15:00,SC,282,"17,4",PALHOCA,Trafegar com motocicleta (ou similar) entre as faixas,Colisão traseira,Com Vítimas Feridas,Plena Noite,Crescente,Nublado,Simples,Reta,Não,3,0,1,0,2,0,1,2,-27.6693,-48.69117,SPRF-SC,DEL01-SC,UOP02-DEL01-SC,2025
"671635,0",2025-04-04,sexta-feira,20:30:00,SC,280,"231,8",CANOINHAS,Desrespeitar a preferência no cruzamento,Colisão frontal,Com Vítimas Feridas,Plena Noite,Crescente,Céu Claro,Simples,Interseção de Vias;Reta,Sim,4,0,0,1,3,0,1,2,-26.190023,-50.378516,SPRF-SC,DEL06-SC,UOP04-DEL06-SC,2025
"671642,0",2025-04-04,sexta-feira,23:40:00,SC,282,"75,1",RANCHO QUEIMADO,Velocidade Incompatível,Saída de leito carroçável,Com Vítimas Feridas,Plena Noite,Decrescente,Nublado,Simples,Curva,Não,1,0,1,0,0,0,1,1,-27.691145,-49.129703,SPRF-SC,DEL01-SC,UOP03-DEL01-SC,2025
"671660,0",2025-04-05,sábado,03:05:00,SC,101,"320,1",PESCARIA BRAVA,Chuva,Tombamento,Com Vítimas Feridas,Plena Noite,Decrescente,Garoa/Chuvisco,Dupla,Reta,Não,1,0,1,0,0,0,1,1,-28.426453,-48.907361,SPRF-SC,DEL02-SC,UOP01-DEL02-SC,2025
"671667,0",2025-04-05,sábado,04:35:00,SC,101,"201,1",SAO JOSE,Reação tardia ou ineficiente do condutor,Saída de leito carroçável,Sem Vítimas,Plena Noite,Crescente,Nublado,Múltipla,Reta,Sim,2,0,0,0,2,0,0,1,-27.54865,-48.619763,SPRF-SC,DEL01-SC,UOP01-DEL01-SC,2025
"671681,0",2025-04-05,sábado,02:15:00,SC,163,"0,5",DIONISIO CERQUEIRA,Ingestão de álcool pelo condutor,Colisão com objeto,Com Vítimas Feridas,Plena Noite,Decrescente,Céu Claro,Simples,Reta,Sim,2,0,2,0,0,0,2,1,-26.26231235,-53.62130273,SPRF-SC,DEL07-SC,UOP03-DEL07-SC,2025
"671682,0",2025-04-04,sexta-feira,20:00:00,SC,282,"441,2",IRANI,Ultrapassagem Indevida,Saída de leito carroçável,Com Vítimas Feridas,Plena Noite,Crescente,Céu Claro,Simples,Reta,Não,2,0,1,0,1,0,1,1,-26.936487,-51.869351,SPRF-SC,DEL07-SC,UOP04-DEL07-SC,2025
"671684,0",2025-04-05,sábado,00:15:00,SC,101,"292,5",IMBITUBA,Ausência de reação do condutor,Saída de leito carroçável,Com Vítimas Feridas,Plena Noite,Decrescente,Céu Claro,Dupla,Curva,Não,1,0,1,0,0,0,1,1,-28.30162238,-48.71925831,SPRF-SC,DEL02-SC,UOP03-DEL02-SC,2025
"671687,0",2025-04-05,sábado,06:00:00,SC,101,"89,3",BARRA VELHA,Velocidade Incompatível,Colisão lateral mesmo sentido,Com Vítimas Feridas,Amanhecer,Decrescente,Céu Claro,Dupla,Reta,Sim,2,0,1,0,1,0,1,2,-26.66271328,-48.68852019,SPRF-SC,DEL03-SC,UOP02-DEL03-SC,2025
"671700,0",2025-04-05,sábado,07:55:00,SC,101,"149,0",ITAPEMA,Manobra de mudança de faixa,Colisão traseira,Com Vítimas Feridas,Pleno dia,Crescente,Céu Claro,Múltipla,Reta,Sim,2,0,0,1,1,0,1,2,-27.11515807,-48.60957742,SPRF-SC,DEL04-SC,UOP03-DEL04-SC,2025
"671709,0",2025-04-05,sábado,08:00:00,SC,116,"209,0",MAFRA,Ingestão de álcool pelo condutor,Colisão com objeto,Com Vítimas Feridas,Pleno dia,Crescente,Céu Claro,Dupla,Reta,Sim,2,0,1,0,1,0,1,1,-26.08647487,-49.77916002,SPRF-SC,DEL05-SC,UOP03-DEL05-SC,2025
"671720,0",2025-04-05,sábado,10:24:00,SC,101,"121,0",ITAJAI,Reação tardia ou ineficiente do condutor,Colisão traseira,Com Vítimas Feridas,Pleno dia,Decrescente,Céu Claro,Múltipla,Reta,Não,2,0,1,0,1,0,1,2,-26.92516928,-48.70651245,SPRF-SC,DEL04-SC,UOP04-DEL04-SC,2025
"671732,0",2025-04-05,sábado,11:20:00,SC,282,"3,0",FLORIANOPOLIS,Reação tardia ou ineficiente do condutor,Engavetamento,Com Vítimas Feridas,Pleno dia,Decrescente,Céu Claro,Múltipla,Reta,Sim,5,0,5,0,0,0,5,3,-27.596927,-48.60082805,SPRF-SC,DEL01-SC,UOP01-DEL01-SC,2025
"671738,0",2025-04-05,sábado,11:30:00,SC,116,"247,9",LAGES,Acessar a via sem observar a presença dos outros veículos,Colisão transversal,Com Vítimas Feridas,Pleno dia,Crescente,Céu Claro,Simples,Reta,Sim,2,0,1,0,1,0,1,2,-27.817869,-50.372856,SPRF-SC,DEL05-SC,UOP02-DEL05-SC,2025
"671745,0",2025-04-05,sábado,11:20:00,SC,101,"205,0",SAO JOSE,Reação tardia ou ineficiente do condutor,Engavetamento,Com Vítimas Feridas,Pleno dia,Crescente,Nublado,Múltipla,Reta,Sim,3,0,1,0,2,0,1,3,-27.58292336,-48.61516039,SPRF-SC,DEL01-SC,UOP01-DEL01-SC,2025