id,data_inversa,dia_semana,horario,uf,br,km,municipio,causa_acidente,tipo_acidente,classificacao_acidente,fase_dia,sentido_via,condicao_metereologica,tipo_pista,tracado_via,uso_solo,pessoas,mortos,feridos_leves,feridos_graves,ilesos,ignorados,feridos,veiculos,latitude,longitude,regional,delegacia,uop,ano_arquivo
"671750,0",2025-04-05,sábado,12:15:00,SC,280,"82,3",CORUPA,Reação tardia ou ineficiente do condutor,Queda de ocupante de veículo,Com Vítimas Feridas,Pleno dia,Crescente,Céu Claro,Simples,Aclive;Rotatória;Interseção de Vias,Sim,1,0,1,0,0,0,1,1,-26.43530151,-49.24551845,SPRF-SC,DEL06-SC,UOP03-DEL06-SC,2025
"671776,0",2025-04-05,sábado,16:30:00,SC,101,"208,1",SAO JOSE,Acessar a via sem observar a presença dos outros veículos,Colisão traseira,Com Vítimas Feridas,Pleno dia,Crescente,Céu Claro,Múltipla,Interseção de Vias,Não,4,0,2,0,2,0,2,2,-27.604357,-48.632727,SPRF-SC,DEL01-SC,UOP01-DEL01-SC,2025
"671779,0",2025-04-05,sábado,16:35:00,SC,101,"216,0",PALHOCA,Ausência de reação do condutor,Colisão traseira,Com Vítimas Feridas,Pleno dia,Crescente,Céu Claro,Múltipla,Reta,Sim,3,0,1,0,2,0,1,3,-27.66207776,-48.67664153,SPRF-SC,DEL01-SC,UOP02-DEL01-SC,2025
"671786,0",2025-04-05,sábado,17:10:00,SC,101,"102,2",BALNEARIO PICARRAS,Avarias e/ou desgaste excessivo no pneu,Saída de leito carroçável,Com Vítimas Feridas,Pleno dia,Decrescente,Céu Claro,Múltipla,Reta,Sim,1,0,0,1,0,0,1,1,-26.7773969,-48.6851313,SPRF-SC,DEL03-SC,UOP02-DEL03-SC,2025
"671791,0",2025-04-05,sábado,16:10:00,SC,101,"333,7",TUBARAO,Desrespeitar a preferência no cruzamento,Colisão transversal,Com Vítimas Feridas,Pleno dia,Decrescente,Céu Claro,Múltipla,Interseção de Vias,Não,2,0,1,0,1,0,1,2,-28.46968587,-49.01501477,SPRF-SC,DEL02-SC,UOP01-DEL02-SC,2025
"671798,0",2025-04-05,sábado,16:45:00,SC,282,"657,2",SAO MIGUEL DO OESTE,Conversão proibida,Colisão lateral mesmo sentido,Com Vítimas Feridas,Pleno dia,Crescente,Céu Claro,Simples,Curva;Declive,Não,2,0,1,0,1,0,1,2,-26.6846085,-53.5496123,SPRF-SC,DEL07-SC,UOP03-DEL07-SC,2025
"671811,0",2025-04-05,sábado,05:48:00,SC,101,"138,0",BALNEARIO CAMBORIU,Reação tardia ou ineficiente do condutor,Tombamento,Com Vítimas Feridas,Amanhecer,Crescente,Céu Claro,Dupla,Reta,Sim,1,0,1,0,0,0,1,1,-27.02571135,-48.60674769,SPRF-SC,DEL04-SC,UOP03-DEL04-SC,2025
"671812,0",2025-04-05,sábado,19:10:00,SC,101,"331,8",TUBARAO,Acessar a via sem observar a presença dos outros veículos,Colisão transversal,Com Vítimas Feridas,Plena Noite,Decrescente,Céu Claro,Múltipla,Rotatória,Sim,2,0,1,0,1,0,1,2,-28.4658963,-48.99539525,SPRF-SC,DEL02-SC,UOP01-DEL02-SC,2025
"671813,0",2025-04-05,sábado,16:10:00,SC,101,"135,0",BALNEARIO CAMBORIU,Reação tardia ou ineficiente do condutor,Engavetamento,Com Vítimas Feridas,Pleno dia,Decrescente,Céu Claro,Múltipla,Reta,Sim,4,0,1,0,3,0,1,3,-27.00628355,-48.62201428,SPRF-SC,DEL04-SC,UOP03-DEL04-SC,2025
"671822,0",2025-04-05,sábado,20:44:00,SC,101,"115,0",ITAJAI,Condutor deixou de manter distância do veículo da frente,Colisão traseira,Com Vítimas Feridas,Plena Noite,Decrescente,Céu Claro,Dupla,Reta,Sim,3,0,2,0,1,0,2,2,-26.87840668,-48.72722627,SPRF-SC,DEL04-SC,UOP04-DEL04-SC,2025
"671859,0",2025-04-05,sábado,23:15:00,SC,470,"67,5",INDAIAL,Condutor Dormindo,Saída de leito carroçável,Com Vítimas Feridas,Plena Noite,Crescente,Céu Claro,Simples,Reta,Não,1,0,0,1,0,0,1,1,-26.87075971,-49.22892982,SPRF-SC,DEL04-SC,UOP01-DEL04-SC,2025
"671860,0",2025-04-05,sábado,11:00:00,SC,282,"110,0",ALFREDO WAGNER,Ausência de reação do condutor,Colisão traseira,Com Vítimas Feridas,Pleno dia,Crescente,Céu Claro,Simples,Reta;Aclive,Não,4,0,3,0,1,0,3,2,-27.71542491,-49.35735919,SPRF-SC,DEL01-SC,UOP03-DEL01-SC,2025
"671874,0",2025-04-06,domingo,01:12:00,SC,101,"112,0",NAVEGANTES,Reação tardia ou ineficiente do condutor,Tombamento,Com Vítimas Feridas,Anoitecer,Decrescente,Céu Claro,Múltipla,Reta,Não,2,0,2,0,0,0,2,1,-26.84337618,-48.71816301,SPRF-SC,DEL04-SC,UOP04-DEL04-SC,2025
"671879,0",2025-04-06,domingo,01:00:00,SC,282,"226,0",LAGES,Reação tardia ou ineficiente do condutor,Saída de leito carroçável,Com Vítimas Feridas,Plena Noite,Crescente,Céu Claro,Simples,Reta;Declive,Não,2,0,1,0,1,0,1,1,-27.79526957,-50.38494045,SPRF-SC,DEL05-SC,UOP02-DEL05-SC,2025
"671880,0",2025-04-06,domingo,00:10:00,SC,101,"372,7",ICARA,Condutor Dormindo,Colisão com objeto,Sem Vítimas,Plena Noite,Crescente,Céu Claro,Dupla,Curva;Viaduto,Não,1,0,0,0,1,0,0,1,-28.71588299,-49.22975779,SPRF-SC,DEL02-SC,UOP01-DEL02-SC,2025
"671882,0",2025-04-06,domingo,01:10:00,SC,101,"84,6",BARRA VELHA,Pedestre cruzava a pista fora da faixa,Atropelamento de Pedestre,Com Vítimas Fatais,Plena Noite,Crescente,Nublado,Múltipla,Reta,Sim,9,2,1,0,3,3,1,3,-26.630042,-48.705923,SPRF-SC,DEL03-SC,UOP02-DEL03-SC,2025
"671894,0",2025-04-06,domingo,04:15:00,SC,101,"9,0",GARUVA,Ingestão de álcool pelo condutor,Tombamento,Com Vítimas Feridas,Plena Noite,Decrescente,Garoa/Chuvisco,Múltipla,Reta,Não,2,0,2,0,0,0,2,1,-26.05208365,-48.85943944,SPRF-SC,DEL03-SC,UOP01-DEL03-SC,2025
"671903,0",2025-04-06,domingo,04:40:00,SC,101,"134,0",BALNEARIO CAMBORIU,Ausência de reação do condutor,Colisão com objeto,Sem Vítimas,Plena Noite,Decrescente,Nublado,Múltipla,Interseção de Vias,Sim,2,0,0,0,1,1,0,1,-27.00372555,-48.63027549,SPRF-SC,DEL04-SC,UOP03-DEL04-SC,2025
"671933,0",2025-03-01,sábado,21:40:00,SC,280,"125,0",RIO NEGRINHO,Acessar a via sem observar a presença dos outros veículos,Colisão transversal,Com Vítimas Feridas,Plena Noite,Decrescente,Céu Claro,Simples,Retorno Regulamentado;Interseção de Vias,Sim,2,0,0,1,1,0,1,2,-26.23882968,-49.50090704,SPRF-SC,DEL06-SC,UOP03-DEL06-SC,2025
"671958,0",2025-04-02,quarta-feira,05:50:00,SC,480,"129,1",CHAPECO,Acessar a via sem observar a presença dos outros veículos,Colisão frontal,Com Vítimas Feridas,Amanhecer,Crescente,Céu Claro,Simples,Declive,Sim,2,0,1,0,1,0,1,2,-27.04801776,-52.63567507,SPRF-SC,DEL07-SC,UOP01-DEL07-SC,2025
"671959,0",2025-04-06,domingo,14:20:00,SC,101,"194,0",BIGUACU,Reação tardia ou ineficiente do condutor,Colisão traseira,Com Vítimas Feridas,Pleno dia,Crescente,Céu Claro,Múltipla,Curva,Sim,3,0,3,0,0,0,3,2,-27.495079,-48.657131,SPRF-SC,DEL01-SC,UOP01-DEL01-SC,2025
"671967,0",2025-04-06,domingo,15:00:00,SC,470,"66,3",INDAIAL,Condutor deixou de manter distância do veículo da frente,Colisão traseira,Com Vítimas Feridas,Pleno dia,Decrescente,Céu Claro,Simples,Retorno Regulamentado,Não,3,0,2,0,1,0,2,2,-26.86998451,-49.22496015,SPRF-SC,DEL04-SC,UOP01-DEL04-SC,2025
"671970,0",2025-04-06,domingo,15:15:00,SC,101,"129,0",CAMBORIU,Trafegar com motocicleta (ou similar) entre as faixas,Colisão lateral mesmo sentido,Com Vítimas Feridas,Pleno dia,Crescente,Céu Claro,Dupla,Reta,Não,4,0,1,1,2,0,2,3,-26.98132218,-48.67705777,SPRF-SC,DEL04-SC,UOP03-DEL04-SC,2025
"671973,0",2025-04-06,domingo,14:40:00,SC,282,"523,7",XAXIM,Reação tardia ou ineficiente do condutor,Colisão lateral mesmo sentido,Com Vítimas Feridas,Pleno dia,Crescente,Nublado,Simples,Reta;Declive,Não,2,0,1,0,1,0,1,2,-26.96533333,-52.55339563,SPRF-SC,DEL07-SC,UOP01-DEL07-SC,2025
"672014,0",2025-04-06,domingo,18:40:00,SC,101,"127,8",CAMBORIU,Ingestão de álcool pelo condutor,Engavetamento,Sem Vítimas,Anoitecer,Crescente,Nublado,Dupla,Reta,Não,3,0,0,0,3,0,0,3,-26.97394439,-48.68299484,SPRF-SC,DEL04-SC,UOP04-DEL04-SC,2025
"672025,0",2025-04-06,domingo,16:00:00,SC,282,"126,0",BOM RETIRO,Ausência de reação do condutor,Colisão com objeto,Com Vítimas Feridas,Pleno dia,Crescente,Sol,Simples,Curva,Não,1,0,0,1,0,0,1,1,-27.7999785,-49.4744352,SPRF-SC,DEL05-SC,UOP01-DEL05-SC,2025
"672031,0",2025-04-06,domingo,20:15:00,SC,101,"46,0",JOINVILLE,Reação tardia ou ineficiente do condutor,Queda de ocupante de veículo,Com Vítimas Feridas,Plena Noite,Decrescente,Nublado,Dupla,Reta,Sim,2,0,2,0,0,0,2,1,-26.36603343,-48.85894775,SPRF-SC,DEL03-SC,UOP01-DEL03-SC,2025
"672033,0",2025-04-06,domingo,20:03:00,SC,101,"149,0",ITAPEMA,Condutor usando celular,Colisão traseira,Com Vítimas Feridas,Plena Noite,Crescente,Nublado,Simples,Reta,Sim,2,0,1,0,1,0,1,2,-27.10794,-48.61354,SPRF-SC,DEL04-SC,UOP03-DEL04-SC,2025
"672038,0",2025-04-06,domingo,20:00:00,SC,101,"116,1",ITAJAI,Ausência de reação do condutor,Colisão traseira,Com Vítimas Feridas,Plena Noite,Crescente,Nublado,Dupla,Reta,Sim,2,0,1,0,1,0,1,2,-26.8808592,-48.7254303,SPRF-SC,DEL04-SC,UOP04-DEL04-SC,2025
"672044,0",2025-04-06,domingo,20:00:00,SC,101,"199,0",SAO JOSE,Acessar a via sem observar a presença dos outros veículos,Queda de ocupante de veículo,Com Vítimas Feridas,Pleno dia,Crescente,Céu Claro,Múltipla,Reta,Sim,1,0,1,0,0,0,1,1,-27.532972,-48.631228,SPRF-SC,DEL01-SC,UOP01-DEL01-SC,2025
"672062,0",2025-04-06,domingo,19:00:00,SC,470,"8,0",NAVEGANTES,Ausência de reação do condutor,Saída de leito carroçável,Com Vítimas Feridas,Plena Noite,Crescente,Nublado,Dupla,Reta,Não,1,0,0,1,0,0,1,1,-26.83505804,-48.72106075,SPRF-SC,DEL04-SC,UOP04-DEL04-SC,2025
"672087,0",2025-04-07,segunda-feira,03:40:00,SC,101,"257,4",PAULO LOPES,Ingestão de álcool pelo condutor,Saída de leito carroçável,Com Vítimas Feridas,Plena Noite,Decrescente,Chuva,Dupla,Reta,Não,1,0,1,0,0,0,1,1,-27.9995824,-48.68919242,SPRF-SC,DEL02-SC,UOP03-DEL02-SC,2025
"672100,0",2025-04-07,segunda-feira,04:15:00,SC,280,"69,8",JARAGUA DO SUL,Conversão proibida,Colisão frontal,Com Vítimas Feridas,Plena Noite,Decrescente,Céu Claro,Simples,Reta,Não,2,0,0,1,1,0,1,2,-26.46474756,-49.12791783,SPRF-SC,DEL03-SC,UOP03-DEL03-SC,2025
"672148,0",2025-04-07,segunda-feira,09:20:00,SC,101,"433,9",SOMBRIO,Conversão proibida,Colisão lateral mesmo sentido,Com Vítimas Feridas,Pleno dia,Crescente,Nublado,Simples,Reta,Sim,3,0,0,1,1,1,1,3,-29.09670197,-49.63368589,SPRF-SC,DEL02-SC,UOP02-DEL02-SC,2025
"672156,0",2025-04-07,segunda-feira,07:10:00,SC,101,"274,0",PAULO LOPES,Condutor deixou de manter distância do veículo da frente,Colisão traseira,Com Vítimas Feridas,Pleno dia,Crescente,Chuva,Dupla,Reta,Sim,2,0,1,0,1,0,1,2,-28.0770999,-48.7125413,SPRF-SC,DEL02-SC,UOP03-DEL02-SC,2025
"672168,0",2025-04-07,segunda-feira,13:15:00,SC,282,"67,5",RANCHO QUEIMADO,Velocidade Incompatível,Saída de leito carroçável,Com Vítimas Feridas,Pleno dia,Crescente,Chuva,Simples,Declive;Curva,Não,1,0,0,1,0,0,1,1,-27.691202,-49.072095,SPRF-SC,DEL01-SC,UOP03-DEL01-SC,2025
"672212,0",2025-04-07,segunda-feira,17:00:00,SC,280,"4,0",SAO FRANCISCO DO SUL,Retorno proibido,Colisão traseira,Com Vítimas Feridas,Pleno dia,Crescente,Nublado,Simples,Reta,Sim,2,0,1,0,1,0,1,2,-26.253143,-48.618982,SPRF-SC,DEL03-SC,UOP03-DEL03-SC,2025
"672219,0",2025-04-07,segunda-feira,17:30:00,SC,101,"223,5",PALHOCA,Acessar a via sem observar a presença dos outros veículos,Colisão transversal,Com Vítimas Feridas,Anoitecer,Crescente,Chuva,Dupla,Interseção de Vias,Não,3,0,2,1,0,0,3,2,-27.719914,-48.646379,SPRF-SC,DEL01-SC,UOP02-DEL01-SC,2025
"672222,0",2025-04-07,segunda-feira,12:15:00,SC,101,"339,0",TUBARAO,Acessar a via sem observar a presença dos outros veículos,Colisão transversal,Sem Vítimas,Pleno dia,Crescente,Chuva,Dupla,Viaduto;Interseção de Vias,Sim,2,0,0,0,2,0,0,2,-28.50691783,-49.05004241,SPRF-SC,DEL02-SC,UOP01-DEL02-SC,2025
"672246,0",2025-04-07,segunda-feira,17:15:00,SC,282,"168,5",BOCAINA DO SUL,Falta de elemento de contenção que evite a saída do leito carroçável,Saída de leito carroçável,Com Vítimas Feridas,Anoitecer,Crescente,Garoa/Chuvisco,Simples,Curva,Não,3,0,2,0,1,0,2,1,-27.74202,-49.82605,SPRF-SC,DEL05-SC,UOP01-DEL05-SC,2025
"672259,0",2025-04-07,segunda-feira,17:55:00,SC,163,"110,9",GUARUJA DO SUL,Acessar a via sem observar a presença dos outros veículos,Colisão transversal,Com Vítimas Feridas,Anoitecer,Crescente,Céu Claro,Simples,Interseção de Vias;Aclive;Curva,Não,2,0,1,1,0,0,2,2,-26.39765512,-53.52471471,SPRF-SC,DEL07-SC,UOP03-DEL07-SC,2025
"672264,0",2025-04-07,segunda-feira,15:15:00,SC,101,"324,0",CAPIVARI DE BAIXO,Demais falhas mecânicas ou elétricas,Incêndio,Sem Vítimas,Pleno dia,Crescente,Nublado,Dupla,Curva,Não,1,0,0,0,1,0,0,1,-28.42448661,-48.93861298,SPRF-SC,DEL02-SC,UOP01-DEL02-SC,2025
"672278,0",2025-04-07,segunda-feira,21:30:00,SC,470,"155,5",TROMBUDO CENTRAL,Velocidade Incompatível,Saída de leito carroçável,Sem Vítimas,Plena Noite,Crescente,Garoa/Chuvisco,Simples,Curva,Não,1,0,0,0,0,1,0,1,-27.279,-49.757,SPRF-SC,DEL04-SC,UOP02-DEL04-SC,2025
"672286,0",2025-04-08,terça-feira,01:00:00,SC,101,"163,0",TIJUCAS,Animais na Pista,Atropelamento de Animal,Com Vítimas Feridas,Plena Noite,Crescente,Garoa/Chuvisco,Dupla,Reta,Sim,2,0,1,1,0,0,2,1,-27.23385644,-48.6302917,SPRF-SC,DEL04-SC,UOP03-DEL04-SC,2025
"672305,0",2025-04-08,terça-feira,05:50:00,SC,282,"588,9",SAUDADES,Ausência de reação do condutor,Saída de leito carroçável,Com Vítimas Feridas,Amanhecer,Crescente,Garoa/Chuvisco,Simples,Reta,Não,3,0,1,2,0,0,3,1,-26.82583873,-53.06280613,SPRF-SC,DEL07-SC,UOP02-DEL07-SC,2025
"672307,0",2025-04-08,terça-feira,07:05:00,SC,470,"64,0",INDAIAL,Reação tardia ou ineficiente do condutor,Colisão traseira,Com Vítimas Feridas,Pleno dia,Decrescente,Céu Claro,Simples,Reta,Não,2,0,1,0,1,0,1,2,-26.86953708,-49.20320576,SPRF-SC,DEL04-SC,UOP01-DEL04-SC,2025
"672313,0",2025-04-08,terça-feira,06:30:00,SC,101,"7,0",BIGUACU,Ausência de reação do condutor,Saída de leito carroçável,Com Vítimas Feridas,Pleno dia,Decrescente,Céu Claro,Dupla,Curva,Não,1,0,1,0,0,0,1,1,-27.38547,-48.68936,SPRF-SC,DEL01-SC,UOP01-DEL01-SC,2025
"672334,0",2025-04-08,terça-feira,09:10:00,SC,101,"201,6",SAO JOSE,Pista Escorregadia,Queda de ocupante de veículo,Com Vítimas Feridas,Pleno dia,Crescente,Nublado,Simples,Reta,Sim,2,0,1,0,1,0,1,1,-27.553853,-48.619763,SPRF-SC,DEL01-SC,UOP01-DEL01-SC,2025
"672390,0",2025-04-08,terça-feira,13:35:00,SC,470,"140,1",RIO DO SUL,Acessar a via sem observar a presença dos outros veículos,Colisão transversal,Com Vítimas Feridas,Pleno dia,Decrescente,Chuva,Simples,Reta,Sim,3,0,1,0,2,0,1,2,-27.20473089,-49.63883573,SPRF-SC,DEL04-SC,UOP02-DEL04-SC,2025
"672414,0",2025-04-08,terça-feira,16:00:00,SC,101,"71,0",ARAQUARI,Chuva,Tombamento,Com Vítimas Feridas,Pleno dia,Decrescente,Chuva,Múltipla,Curva,Não,1,0,1,0,0,0,1,1,-26.52369042,-48.71606112,SPRF-SC,DEL03-SC,UOP02-DEL03-SC,2025
"672418,0",2025-04-08,terça-feira,18:30:00,SC,101,"208,0",SAO JOSE,Reação tardia ou ineficiente do condutor,Queda de ocupante de veículo,Com Vítimas Feridas,Plena Noite,Crescente,Chuva,Simples,Reta,Sim,1,0,1,0,0,0,1,1,-27.6044,-48.63343,SPRF-SC,DEL01-SC,UOP01-DEL01-SC,2025
"672467,0",2025-04-09,quarta-feira,05:35:00,SC,280,"26,7",ARAQUARI,Reação tardia ou ineficiente do condutor,Atropelamento de Pedestre,Com Vítimas Fatais,Amanhecer,Crescente,Nublado,Simples,Reta;Em Obras,Sim,2,1,0,1,0,0,1,2,-26.394703,-48.738756,SPRF-SC,DEL03-SC,UOP03-DEL03-SC,2025
"672480,0",2025-04-08,terça-feira,23:30:00,SC,158,"124,0",PALMITOS,Demais falhas mecânicas ou elétricas,Incêndio,Sem Vítimas,Plena Noite,Crescente,Nublado,Simples,Reta,Não,1,0,0,0,0,1,0,1,-27.1272935,-53.2120194,SPRF-SC,DEL07-SC,UOP02-DEL07-SC,2025
"672489,0",2025-04-09,quarta-feira,07:40:00,SC,101,"143,0",ITAPEMA,Carga excessiva e/ou mal acondicionada,Derramamento de carga,Com Vítimas Feridas,Pleno dia,Crescente,Nublado,Dupla,Reta,Não,2,0,1,0,1,0,1,2,-27.06703299,-48.59560445,SPRF-SC,DEL04-SC,UOP03-DEL04-SC,2025
"672495,0",2025-04-09,quarta-feira,07:10:00,SC,282,"389,0",JOACABA,Manobra de mudança de faixa,Colisão lateral mesmo sentido,Com Vítimas Feridas,Pleno dia,Crescente,Nevoeiro/Neblina,Simples,Reta,Não,6,0,0,2,3,1,2,5,-27.179787,-51.535016,SPRF-SC,DEL07-SC,UOP05-DEL07-SC,2025
"672510,0",2025-04-09,quarta-feira,07:40:00,SC,116,"5,7",MAFRA,Ausência de reação do condutor,Colisão transversal,Com Vítimas Feridas,Pleno dia,Decrescente,Garoa/Chuvisco,Simples,Reta,Sim,2,0,1,0,1,0,1,2,-26.145519,-49.821786,SPRF-SC,DEL06-SC,UOP01-DEL06-SC,2025
"672538,0",2025-04-09,quarta-feira,12:20:00,SC,282,"5,8",SAO JOSE,Manobra de mudança de faixa,Colisão lateral mesmo sentido,Com Vítimas Feridas,Pleno dia,Crescente,Nublado,Dupla,Declive;Curva,Sim,2,0,1,0,0,1,1,2,-27.58544337,-48.61777425,SPRF-SC,DEL01-SC,UOP01-DEL01-SC,2025
"672565,0",2025-04-09,quarta-feira,12:00:00,SC,101,"49,0",JOINVILLE,Ausência de reação do condutor,Tombamento,Com Vítimas Feridas,Pleno dia,Decrescente,Nublado,Dupla,Curva,Não,1,0,1,0,0,0,1,1,-26.38421576,-48.8502641,SPRF-SC,DEL03-SC,UOP01-DEL03-SC,2025
"672581,0",2025-04-09,quarta-feira,14:10:00,SC,101,"321,2",PESCARIA BRAVA,Ausência de reação do condutor,Colisão com objeto,Com Vítimas Feridas,Pleno dia,Crescente,Céu Claro,Múltipla,Declive;Interseção de Vias,Não,2,0,0,1,0,1,1,2,-28.42606803,-48.90731871,SPRF-SC,DEL02-SC,UOP01-DEL02-SC,2025
"672597,0",2025-04-09,quarta-feira,16:40:00,SC,282,"606,4",MARAVILHA,Acessar a via sem observar a presença dos outros veículos,Colisão transversal,Com Vítimas Feridas,Pleno dia,Crescente,Céu Claro,Simples,Interseção de Vias,Sim,4,0,3,0,1,0,3,2,-26.77498671,-53.20318651,SPRF-SC,DEL07-SC,UOP02-DEL07-SC,2025
"672609,0",2025-04-09,quarta-feira,19:00:00,SC,282,"0,5",FLORIANOPOLIS,Ausência de reação do condutor,Colisão traseira,Com Vítimas Feridas,Plena Noite,Crescente,Céu Claro,Múltipla,Reta;Aclive,Sim,3,0,3,0,0,0,3,2,-27.60039838,-48.57680971,SPRF-SC,DEL01-SC,UOP01-DEL01-SC,2025
"672616,0",2025-04-09,quarta-feira,18:50:00,SC,282,"0,5",FLORIANOPOLIS,Ausência de reação do condutor,Colisão traseira,Com Vítimas Feridas,Plena Noite,Decrescente,Céu Claro,Dupla,Reta;Declive,Sim,2,0,0,1,1,0,1,2,-27.58096771,-48.57444048,SPRF-SC,DEL01-SC,UOP01-DEL01-SC,2025
"672617,0",2025-04-09,quarta-feira,18:50:00,SC,282,"0,5",FLORIANOPOLIS,Ausência de reação do condutor,Colisão traseira,Sem Vítimas,Plena Noite,Decrescente,Céu Claro,Dupla,Declive;Reta,Sim,6,0,0,0,6,0,0,6,-27.60057145,-48.57684189,SPRF-SC,DEL01-SC,UOP01-DEL01-SC,2025
"672620,0",2025-04-09,quarta-feira,19:10:00,SC,280,"30,8",ARAQUARI,Condutor deixou de manter distância do veículo da frente,Saída de leito carroçável,Com Vítimas Feridas,Plena Noite,Crescente,Nublado,Simples,Em Obras;Reta,Sim,2,0,1,0,0,1,1,2,-26.416073,-48.769978,SPRF-SC,DEL03-SC,UOP03-DEL03-SC,2025
"672647,0",2025-04-09,quarta-feira,22:50:00,SC,101,"330,0",TUBARAO,Reação tardia ou ineficiente do condutor,Saída de leito carroçável,Com Vítimas Feridas,Plena Noite,Crescente,Chuva,Múltipla,Reta,Não,1,0,1,0,0,0,1,1,-28.45426958,-48.97867084,SPRF-SC,DEL02-SC,UOP01-DEL02-SC,2025
"672653,0",2025-04-09,quarta-feira,22:50:00,SC,280,"57,5",GUARAMIRIM,Ausência de reação do condutor,Saída de leito carroçável,Com Vítimas Feridas,Plena Noite,Decrescente,Garoa/Chuvisco,Dupla,Desvio Temporário,Sim,5,0,3,0,1,1,3,1,-26.47644,-49.01649,SPRF-SC,DEL03-SC,UOP03-DEL03-SC,2025
"672676,0",2025-04-10,quinta-feira,04:15:00,SC,101,"438,2",SOMBRIO,Frear bruscamente,Colisão traseira,Sem Vítimas,Plena Noite,Crescente,Céu Claro,Dupla,Reta,Não,4,0,0,0,4,0,0,2,-29.12366376,-49.6573019,SPRF-SC,DEL02-SC,UOP02-DEL02-SC,2025
"672698,0",2025-04-10,quinta-feira,08:10:00,SC,101,"202,0",SAO JOSE,Ausência de reação do condutor,Colisão lateral mesmo sentido,Com Vítimas Feridas,Pleno dia,Decrescente,Céu Claro,Múltipla,Reta,Sim,2,0,1,0,1,0,1,2,-27.56395375,-48.61736655,SPRF-SC,DEL01-SC,UOP01-DEL01-SC,2025
"672711,0",2025-04-10,quinta-feira,08:35:00,SC,101,"83,0",BARRA VELHA,Reação tardia ou ineficiente do condutor,Saída de leito carroçável,Com Vítimas Feridas,Pleno dia,Crescente,Nublado,Dupla,Reta,Sim,1,0,0,1,0,0,1,1,-26.61861059,-48.71855021,SPRF-SC,DEL03-SC,UOP02-DEL03-SC,2025
"672712,0",2025-03-29,sábado,09:10:00,SC,101,"323,5",CAPIVARI DE BAIXO,Frear bruscamente,Colisão traseira,Com Vítimas Feridas,Pleno dia,Decrescente,Nublado,Múltipla,Reta,Sim,3,0,1,0,2,0,1,3,-28.42453332,-48.93759012,SPRF-SC,DEL02-SC,UOP01-DEL02-SC,2025
"672799,0",2025-04-10,quinta-feira,12:20:00,SC,280,"128,0",RIO NEGRINHO,Conversão proibida,Colisão traseira,Com Vítimas Feridas,Pleno dia,Decrescente,Nublado,Simples,Reta,Sim,2,0,1,0,1,0,1,2,-26.23998513,-49.50770011,SPRF-SC,DEL06-SC,UOP03-DEL06-SC,2025
"672804,0",2025-04-10,quinta-feira,18:50:00,SC,101,"178,0",GOVERNADOR CELSO RAMOS,Ausência de reação do condutor,Colisão traseira,Com Vítimas Feridas,Plena Noite,Decrescente,Chuva,Múltipla,Reta,Não,2,0,1,0,1,0,1,2,-27.36277283,-48.63355637,SPRF-SC,DEL01-SC,UOP01-DEL01-SC,2025
"672813,0",2025-04-10,quinta-feira,19:45:00,SC,101,"144,7",ITAPEMA,Condutor deixou de manter distância do veículo da frente,Colisão traseira,Com Vítimas Feridas,Plena Noite,Crescente,Chuva,Dupla,Aclive;Reta,Não,4,0,2,0,2,0,2,3,-27.07807,-48.5996,SPRF-SC,DEL04-SC,UOP03-DEL04-SC,2025
"672817,0",2025-04-10,quinta-feira,17:00:00,SC,280,"7,5",SAO FRANCISCO DO SUL,Conversão proibida,Colisão frontal,Com Vítimas Feridas,Anoitecer,Crescente,Céu Claro,Simples,Reta,Não,2,0,0,1,1,0,1,2,-26.28017878,-48.64694595,SPRF-SC,DEL03-SC,UOP03-DEL03-SC,2025
"672827,0",2025-04-10,quinta-feira,21:00:00,SC,282,"4,0",FLORIANOPOLIS,Pista Escorregadia,Saída de leito carroçável,Sem Vítimas,Plena Noite,Decrescente,Chuva,Múltipla,Curva,Sim,1,0,0,0,1,0,0,1,-27.595939,-48.601539,SPRF-SC,DEL01-SC,UOP01-DEL01-SC,2025
"672834,0",2025-04-10,quinta-feira,17:30:00,SC,280,"28,0",ARAQUARI,Transitar no Acostamento,Colisão transversal,Com Vítimas Feridas,Anoitecer,Crescente,Céu Claro,Simples,Reta,Sim,2,0,0,1,1,0,1,2,-26.40727882,-48.74875003,SPRF-SC,DEL03-SC,UOP03-DEL03-SC,2025
"672844,0",2025-04-10,quinta-feira,22:45:00,SC,101,"212,8",PALHOCA,Reação tardia ou ineficiente do condutor,Colisão traseira,Com Vítimas Feridas,Plena Noite,Decrescente,Chuva,Múltipla,Reta,Sim,3,0,1,0,2,0,1,2,-27.65960751,-48.67764384,SPRF-SC,DEL01-SC,UOP02-DEL01-SC,2025
"672852,0",2025-04-11,sexta-feira,00:20:00,SC,101,"0,0",ARARANGUA,Falta de elemento de contenção que evite a saída do leito carroçável,Saída de leito carroçável,Sem Vítimas,Plena Noite,Crescente,Chuva,Simples,Reta,Não,1,0,0,0,0,1,0,1,-28.9290911,-49.4826755,SPRF-SC,DEL02-SC,UOP02-DEL02-SC,2025