id,data_inversa,dia_semana,horario,uf,br,km,municipio,causa_acidente,tipo_acidente,classificacao_acidente,fase_dia,sentido_via,condicao_metereologica,tipo_pista,tracado_via,uso_solo,pessoas,mortos,feridos_leves,feridos_graves,ilesos,ignorados,feridos,veiculos,latitude,longitude,regional,delegacia,uop,ano_arquivo
"673946,0",2025-04-15,terça-feira,20:30:00,SC,280,"99,3",CORUPA,Pista Escorregadia,Colisão traseira,Com Vítimas Feridas,Plena Noite,Crescente,Nublado,Simples,Aclive;Reta,Não,2,0,1,0,1,0,1,2,-26.39063951,-49.30355072,SPRF-SC,DEL06-SC,UOP03-DEL06-SC,2025
"673979,0",2025-04-16,quarta-feira,07:30:00,SC,280,"127,9",RIO NEGRINHO,Acesso irregular,Atropelamento de Pedestre,Com Vítimas Feridas,Pleno dia,Crescente,Céu Claro,Simples,Reta;Interseção de Vias,Sim,2,0,1,0,1,0,1,2,-26.242859,-49.512417,SPRF-SC,DEL06-SC,UOP03-DEL06-SC,2025
"673999,0",2025-04-16,quarta-feira,07:20:00,SC,280,"128,3",RIO NEGRINHO,Acessar a via sem observar a presença dos outros veículos,Colisão transversal,Com Vítimas Feridas,Pleno dia,Decrescente,Céu Claro,Simples,Reta;Interseção de Vias,Sim,2,0,1,0,1,0,1,2,-26.24396819,-49.51543266,SPRF-SC,DEL06-SC,UOP03-DEL06-SC,2025
"674009,0",2025-04-16,quarta-feira,07:40:00,SC,280,"67,0",JARAGUA DO SUL,Transitar na contramão,Colisão transversal,Com Vítimas Feridas,Pleno dia,Crescente,Céu Claro,Simples,Reta,Não,2,0,1,0,1,0,1,2,-26.47541,-49.106947,SPRF-SC,DEL03-SC,UOP03-DEL03-SC,2025
"675129,0",2025-04-16,quarta-feira,10:25:00,SC,101,"118,1",ITAJAI,Reação tardia ou ineficiente do condutor,Colisão traseira,Com Vítimas Feridas,Pleno dia,Crescente,Céu Claro,Dupla,Reta,Sim,6,0,1,0,5,0,1,5,-26.89880281,-48.71827126,SPRF-SC,DEL04-SC,UOP04-DEL04-SC,2025
"675934,0",2025-04-16,quarta-feira,11:00:00,SC,280,"55,6",GUARAMIRIM,Acessar a via sem observar a presença dos outros veículos,Colisão transversal,Com Vítimas Feridas,Pleno dia,Crescente,Céu Claro,Múltipla,Viaduto;Rotatória,Sim,2,0,1,0,1,0,1,2,-26.47896487,-49.0008916,SPRF-SC,DEL03-SC,UOP03-DEL03-SC,2025
"675935,0",2025-04-16,quarta-feira,12:45:00,SC,101,"86,2",BARRA VELHA,Acessar a via sem observar a presença dos outros veículos,Colisão lateral mesmo sentido,Com Vítimas Feridas,Pleno dia,Crescente,Sol,Múltipla,Rotatória,Sim,2,0,1,0,1,0,1,2,-26.63959959,-48.6939582,SPRF-SC,DEL03-SC,UOP02-DEL03-SC,2025
"678439,0",2025-04-16,quarta-feira,12:10:00,SC,101,"126,0",ITAJAI,Ausência de reação do condutor,Queda de ocupante de veículo,Com Vítimas Feridas,Pleno dia,Crescente,Céu Claro,Dupla,Reta,Não,1,0,1,0,0,0,1,1,-26.9623933,-48.68262269,SPRF-SC,DEL04-SC,UOP04-DEL04-SC,2025
"680491,0",2025-04-16,quarta-feira,19:30:00,SC,101,"201,0",SAO JOSE,Ausência de reação do condutor,Colisão com objeto,Com Vítimas Feridas,Plena Noite,Decrescente,Céu Claro,Múltipla,Reta,Sim,1,0,1,0,0,0,1,1,-27.55363,-48.61969,SPRF-SC,DEL01-SC,UOP01-DEL01-SC,2025
"681979,0",2025-04-16,quarta-feira,20:10:00,SC,101,"214,3",PALHOCA,Reação tardia ou ineficiente do condutor,Tombamento,Com Vítimas Feridas,Plena Noite,Decrescente,Céu Claro,Dupla,Viaduto;Retorno Regulamentado;Curva,Sim,1,0,1,0,0,0,1,1,-27.64698,-48.67258,SPRF-SC,DEL01-SC,UOP02-DEL01-SC,2025
"681982,0",2025-04-16,quarta-feira,18:40:00,SC,282,"216,9",LAGES,Reação tardia ou ineficiente do condutor,Colisão traseira,Com Vítimas Feridas,Plena Noite,Decrescente,Nublado,Dupla,Reta,Sim,3,0,2,0,1,0,2,2,-27.797046,-50.289636,SPRF-SC,DEL05-SC,UOP01-DEL05-SC,2025
"685186,0",2025-03-12,quarta-feira,12:10:00,SC,470,"246,0",CURITIBANOS,Ausência de reação do condutor,Capotamento,Com Vítimas Feridas,Pleno dia,Crescente,Céu Claro,Simples,Reta,Não,1,0,1,0,0,0,1,1,-27.31341319,-50.56640983,SPRF-SC,DEL05-SC,UOP03-DEL05-SC,2025
"685334,0",2025-04-16,quarta-feira,17:34:00,SC,101,"204,1",SAO JOSE,Manobra de mudança de faixa,Colisão traseira,Com Vítimas Feridas,Pleno dia,Decrescente,Céu Claro,Múltipla,Ponte,Sim,2,0,1,0,1,0,1,2,-27.57324997,-48.61337358,SPRF-SC,DEL01-SC,UOP01-DEL01-SC,2025
"685335,0",2025-04-17,quinta-feira,10:25:00,SC,101,"205,0",SAO JOSE,Demais falhas mecânicas ou elétricas,Tombamento,Com Vítimas Feridas,Pleno dia,Decrescente,Céu Claro,Múltipla,Reta,Sim,2,0,1,1,0,0,2,1,-27.58505156,-48.61550862,SPRF-SC,DEL01-SC,UOP01-DEL01-SC,2025
"685359,0",2025-04-17,quinta-feira,08:30:00,SC,101,"111,5",ITAJAI,Reação tardia ou ineficiente do condutor,Tombamento,Com Vítimas Feridas,Pleno dia,Decrescente,Sol,Dupla,Ponte;Reta,Não,1,0,1,0,0,0,1,1,-26.8449027,-48.71964455,SPRF-SC,DEL04-SC,UOP04-DEL04-SC,2025
"685367,0",2025-04-17,quinta-feira,07:30:00,SC,101,"117,0",ITAJAI,Trafegar com motocicleta (ou similar) entre as faixas,Colisão lateral mesmo sentido,Sem Vítimas,Pleno dia,Crescente,Céu Claro,Dupla,Reta,Não,2,0,0,0,2,0,0,2,-26.88525364,-48.72350693,SPRF-SC,DEL04-SC,UOP04-DEL04-SC,2025
"685368,0",2025-04-17,quinta-feira,11:15:00,SC,101,"215,0",PALHOCA,Condutor deixou de manter distância do veículo da frente,Colisão traseira,Com Vítimas Feridas,Pleno dia,Decrescente,Céu Claro,Dupla,Reta,Sim,3,0,0,2,1,0,2,2,-27.6469209,-48.671339,SPRF-SC,DEL01-SC,UOP02-DEL01-SC,2025
"685378,0",2025-04-17,quinta-feira,12:40:00,SC,101,"212,2",PALHOCA,Demais falhas mecânicas ou elétricas,Queda de ocupante de veículo,Com Vítimas Feridas,Pleno dia,Crescente,Céu Claro,Múltipla,Reta,Não,2,0,2,0,0,0,2,1,-27.62805767,-48.65713466,SPRF-SC,DEL01-SC,UOP02-DEL01-SC,2025
"685399,0",2025-04-17,quinta-feira,13:40:00,SC,101,"200,0",SAO JOSE,Ausência de reação do condutor,Colisão com objeto,Com Vítimas Feridas,Pleno dia,Decrescente,Céu Claro,Dupla,Reta,Sim,1,0,1,0,0,0,1,1,-27.542921,-48.62104654,SPRF-SC,DEL01-SC,UOP01-DEL01-SC,2025
"685402,0",2025-04-17,quinta-feira,13:20:00,SC,280,"28,4",ARAQUARI,Transitar no Acostamento,Colisão transversal,Com Vítimas Feridas,Pleno dia,Crescente,Nublado,Simples,Reta,Não,2,0,0,1,1,0,1,2,-26.4069833,-48.7484554,SPRF-SC,DEL03-SC,UOP03-DEL03-SC,2025
"685414,0",2025-04-17,quinta-feira,10:30:00,SC,282,"49,6",AGUAS MORNAS,Ultrapassagem Indevida,Colisão lateral sentido oposto,Com Vítimas Feridas,Pleno dia,Decrescente,Céu Claro,Simples,Declive;Curva,Não,8,0,2,0,6,0,2,4,-27.68499593,-48.97272974,SPRF-SC,DEL01-SC,UOP03-DEL01-SC,2025
"685419,0",2025-04-16,quarta-feira,18:20:00,SC,101,"445,0",SANTA ROSA DO SUL,Objeto estático sobre o leito carroçável,Colisão com objeto,Com Vítimas Feridas,Plena Noite,Crescente,Nublado,Múltipla,Reta,Sim,1,0,1,0,0,0,1,1,-29.14199454,-49.72028017,SPRF-SC,DEL02-SC,UOP02-DEL02-SC,2025
"685422,0",2025-04-16,quarta-feira,11:20:00,SC,101,"321,9",PESCARIA BRAVA,Reação tardia ou ineficiente do condutor,Colisão traseira,Sem Vítimas,Pleno dia,Decrescente,Céu Claro,Múltipla,Reta;Em Obras;Declive,Não,4,0,0,0,4,0,0,2,-28.428638,-48.9147866,SPRF-SC,DEL02-SC,UOP01-DEL02-SC,2025
"685427,0",2025-02-11,terça-feira,16:00:00,SC,101,"334,0",TUBARAO,Ausência de sinalização,Colisão traseira,Com Vítimas Feridas,Pleno dia,Decrescente,Céu Claro,Múltipla,Reta,Sim,2,0,1,0,1,0,1,2,-28.46730446,-49.00604302,SPRF-SC,DEL02-SC,UOP01-DEL02-SC,2025
"685438,0",2025-04-17,quinta-feira,15:20:00,SC,282,"2,1",FLORIANOPOLIS,Condutor deixou de manter distância do veículo da frente,Colisão traseira,Com Vítimas Feridas,Pleno dia,Decrescente,Céu Claro,Múltipla,Reta,Sim,2,0,1,0,1,0,1,2,-27.60305922,-48.59188557,SPRF-SC,DEL01-SC,UOP01-DEL01-SC,2025
"685447,0",2025-04-17,quinta-feira,14:50:00,SC,101,"109,7",PENHA,Reação tardia ou ineficiente do condutor,Colisão traseira,Sem Vítimas,Pleno dia,Decrescente,Céu Claro,Dupla,Reta,Não,2,0,0,0,2,0,0,2,-26.82790047,-48.69166374,SPRF-SC,DEL03-SC,UOP02-DEL03-SC,2025
"685465,0",2025-04-17,quinta-feira,07:50:00,SC,101,"134,8",BALNEARIO CAMBORIU,Manobra de mudança de faixa,Colisão lateral mesmo sentido,Com Vítimas Feridas,Pleno dia,Decrescente,Céu Claro,Múltipla,Reta,Sim,2,0,0,1,1,0,1,2,-27.00427998,-48.62806535,SPRF-SC,DEL04-SC,UOP03-DEL04-SC,2025
"685470,0",2025-04-06,domingo,14:30:00,SC,101,"153,0",PORTO BELO,Desrespeitar a preferência no cruzamento,Colisão traseira,Com Vítimas Feridas,Pleno dia,Decrescente,Céu Claro,Dupla,Reta;Retorno Regulamentado,Não,3,0,1,0,2,0,1,2,-27.14411,-48.610279,SPRF-SC,DEL04-SC,UOP03-DEL04-SC,2025
"685477,0",2025-04-16,quarta-feira,22:15:00,SC,101,"228,9",PALHOCA,Carga excessiva e/ou mal acondicionada,Colisão com objeto,Com Vítimas Feridas,Plena Noite,Decrescente,Céu Claro,Dupla,Curva,Não,2,0,0,1,0,1,1,2,-27.7668,-48.63096,SPRF-SC,DEL01-SC,UOP02-DEL01-SC,2025
"685480,0",2025-04-17,quinta-feira,14:30:00,SC,116,"62,3",PAPANDUVA,Reação tardia ou ineficiente do condutor,Colisão com objeto,Com Vítimas Feridas,Pleno dia,Decrescente,Céu Claro,Simples,Reta,Não,1,0,1,0,0,0,1,1,-26.399407,-50.225809,SPRF-SC,DEL06-SC,UOP02-DEL06-SC,2025
"685490,0",2025-04-17,quinta-feira,17:15:00,SC,101,"207,0",SAO JOSE,Manobra de mudança de faixa,Colisão traseira,Com Vítimas Feridas,Plena Noite,Crescente,Nublado,Múltipla,Reta;Aclive,Sim,3,0,2,0,1,0,2,3,-27.60212739,-48.62869344,SPRF-SC,DEL01-SC,UOP01-DEL01-SC,2025
"685491,0",2025-04-17,quinta-feira,07:55:00,SC,470,"195,0",PONTE ALTA,Velocidade Incompatível,Saída de leito carroçável,Com Vítimas Feridas,Pleno dia,Decrescente,Nublado,Simples,Curva,Não,1,0,1,0,0,0,1,1,-27.30265981,-50.08256078,SPRF-SC,DEL04-SC,UOP02-DEL04-SC,2025
"685512,0",2025-04-17,quinta-feira,18:30:00,SC,280,"119,3",SAO BENTO DO SUL,Acessar a via sem observar a presença dos outros veículos,Colisão lateral mesmo sentido,Com Vítimas Feridas,Plena Noite,Decrescente,Céu Claro,Simples,Reta,Não,4,0,1,1,2,0,2,2,-26.264013,-49.43715,SPRF-SC,DEL06-SC,UOP03-DEL06-SC,2025
"685519,0",2025-04-17,quinta-feira,19:45:00,SC,470,"139,8",RIO DO SUL,Desrespeitar a preferência no cruzamento,Colisão transversal,Com Vítimas Feridas,Plena Noite,Decrescente,Nublado,Simples,Rotatória,Sim,2,0,1,0,1,0,1,2,-27.20238875,-49.63371992,SPRF-SC,DEL04-SC,UOP02-DEL04-SC,2025
"685524,0",2025-04-17,quinta-feira,19:25:00,SC,101,"334,3",TUBARAO,Condutor deixou de manter distância do veículo da frente,Colisão traseira,Com Vítimas Feridas,Plena Noite,Decrescente,Céu Claro,Múltipla,Reta;Aclive,Não,4,0,2,0,2,0,2,2,-28.471815,-49.021654,SPRF-SC,DEL02-SC,UOP01-DEL02-SC,2025
"685531,0",2025-04-17,quinta-feira,20:00:00,SC,101,"110,0",PENHA,Reação tardia ou ineficiente do condutor,Colisão transversal,Com Vítimas Feridas,Plena Noite,Crescente,Céu Claro,Dupla,Reta,Sim,3,0,1,0,2,0,1,3,-26.83472132,-48.70294897,SPRF-SC,DEL03-SC,UOP02-DEL03-SC,2025
"685550,0",2025-04-17,quinta-feira,21:10:00,SC,101,"200,2",SAO JOSE,Mal súbito do condutor,Colisão com objeto,Com Vítimas Feridas,Plena Noite,Crescente,Céu Claro,Múltipla,Reta;Aclive,Não,2,0,1,1,0,0,2,1,-27.54110061,-48.62233216,SPRF-SC,DEL01-SC,UOP01-DEL01-SC,2025
"685556,0",2025-04-17,quinta-feira,21:20:00,SC,101,"208,0",SAO JOSE,Manobra de mudança de faixa,Colisão lateral mesmo sentido,Com Vítimas Feridas,Plena Noite,Decrescente,Céu Claro,Múltipla,Reta,Sim,2,0,0,1,1,0,1,2,-27.604724,-48.63293578,SPRF-SC,DEL01-SC,UOP01-DEL01-SC,2025
"685558,0",2025-04-17,quinta-feira,20:00:00,SC,101,"10,2",GARUVA,Pedestre andava na pista,Atropelamento de Pedestre,Com Vítimas Fatais,Plena Noite,Decrescente,Nublado,Múltipla,Reta,Não,3,1,0,0,0,2,0,2,-26.06485427,-48.86007244,SPRF-SC,DEL03-SC,UOP01-DEL03-SC,2025
"685562,0",2025-04-17,quinta-feira,18:50:00,SC,101,"208,0",SAO JOSE,Condutor deixou de manter distância do veículo da frente,Colisão traseira,Com Vítimas Feridas,Plena Noite,Decrescente,Céu Claro,Múltipla,Reta,Sim,2,0,1,0,0,1,1,2,-27.604,-48.63333,SPRF-SC,DEL01-SC,UOP01-DEL01-SC,2025
"685564,0",2025-04-17,quinta-feira,19:30:00,SC,101,"125,0",ITAJAI,Manobra de mudança de faixa,Colisão traseira,Com Vítimas Feridas,Plena Noite,Crescente,Nublado,Múltipla,Curva,Não,2,0,0,1,1,0,1,2,-26.9502376,-48.68056644,SPRF-SC,DEL04-SC,UOP04-DEL04-SC,2025
"685582,0",2025-04-17,quinta-feira,22:15:00,SC,101,"6,7",BIGUACU,Animais na Pista,Atropelamento de Animal,Com Vítimas Feridas,Plena Noite,Crescente,Céu Claro,Dupla,Reta,Não,4,0,3,0,1,0,3,1,-27.38328862,-48.68717909,SPRF-SC,DEL01-SC,UOP01-DEL01-SC,2025
"685614,0",2025-04-17,quinta-feira,10:20:00,SC,101,"356,0",SANGAO,Reação tardia ou ineficiente do condutor,Engavetamento,Com Vítimas Feridas,Pleno dia,Decrescente,Céu Claro,Múltipla,Reta,Sim,8,0,3,0,5,0,3,6,-28.64071782,-49.09887135,SPRF-SC,DEL02-SC,UOP01-DEL02-SC,2025
"685629,0",2025-04-18,sexta-feira,04:25:00,SC,101,"58,0",ARAQUARI,Manobra de mudança de faixa,Queda de ocupante de veículo,Com Vítimas Feridas,Plena Noite,Crescente,Céu Claro,Dupla,Reta,Não,3,0,1,1,1,0,2,2,-26.43959215,-48.80229212,SPRF-SC,DEL03-SC,UOP02-DEL03-SC,2025
"685637,0",2025-04-18,sexta-feira,05:50:00,SC,101,"200,0",SAO JOSE,Ingestão de álcool pelo condutor,Colisão com objeto,Sem Vítimas,Amanhecer,Crescente,Céu Claro,Dupla,Reta,Sim,1,0,0,0,1,0,0,1,-27.54104194,-48.6221126,SPRF-SC,DEL01-SC,UOP01-DEL01-SC,2025
"685645,0",2025-04-18,sexta-feira,06:35:00,SC,282,"29,6",SANTO AMARO DA IMPERATRIZ,Condutor Dormindo,Colisão frontal,Com Vítimas Feridas,Amanhecer,Decrescente,Céu Claro,Simples,Curva,Não,11,0,6,0,5,0,6,3,-27.68581,-48.79043,SPRF-SC,DEL01-SC,UOP03-DEL01-SC,2025
"685646,0",2025-04-18,sexta-feira,06:45:00,SC,101,"421,0",ARARANGUA,Ingestão de álcool pelo condutor,Colisão com objeto,Com Vítimas Feridas,Amanhecer,Decrescente,Nublado,Simples,Reta,Não,1,0,1,0,0,0,1,1,-29.0106142,-49.573937,SPRF-SC,DEL02-SC,UOP02-DEL02-SC,2025
"685651,0",2025-04-16,quarta-feira,21:30:00,SC,280,"31,0",ARAQUARI,Acessar a via sem observar a presença dos outros veículos,Colisão transversal,Com Vítimas Feridas,Plena Noite,Crescente,Céu Claro,Simples,Reta,Não,4,0,2,0,2,0,2,2,-26.415228,-48.7656,SPRF-SC,DEL03-SC,UOP03-DEL03-SC,2025
"685663,0",2025-04-18,sexta-feira,07:28:00,SC,101,"19,0",JOINVILLE,Reação tardia ou ineficiente do condutor,Colisão traseira,Com Vítimas Feridas,Pleno dia,Crescente,Céu Claro,Dupla,Reta;Aclive,Não,3,0,1,0,2,0,1,2,-26.1342774,-48.8970721,SPRF-SC,DEL03-SC,UOP01-DEL03-SC,2025
"685674,0",2025-04-18,sexta-feira,07:35:00,SC,470,"87,0",ASCURRA,Acesso irregular,Colisão transversal,Com Vítimas Feridas,Pleno dia,Decrescente,Céu Claro,Simples,Reta,Sim,2,0,0,1,1,0,1,2,-26.94984639,-49.36839581,SPRF-SC,DEL04-SC,UOP01-DEL04-SC,2025
"685685,0",2025-04-18,sexta-feira,08:00:00,SC,280,"147,8",MAFRA,Condutor Dormindo,Colisão lateral sentido oposto,Com Vítimas Feridas,Pleno dia,Decrescente,Céu Claro,Simples,Reta,Não,10,0,3,0,7,0,3,3,-26.24952,-49.6753,SPRF-SC,DEL06-SC,UOP03-DEL06-SC,2025
"685691,0",2025-04-18,sexta-feira,09:50:00,SC,101,"123,2",ITAJAI,Manobra de mudança de faixa,Colisão lateral mesmo sentido,Com Vítimas Feridas,Pleno dia,Decrescente,Nublado,Dupla,Reta,Não,3,0,0,2,1,0,2,2,-26.93428424,-48.70094419,SPRF-SC,DEL04-SC,UOP04-DEL04-SC,2025
"685698,0",2025-04-18,sexta-feira,10:00:00,SC,101,"457,0",SAO JOAO DO SUL,Ausência de reação do condutor,Colisão lateral mesmo sentido,Com Vítimas Feridas,Pleno dia,Decrescente,Céu Claro,Dupla,Reta,Não,3,0,2,0,0,1,2,2,-29.23918,-49.7567426,SPRF-SC,DEL02-SC,UOP02-DEL02-SC,2025
"685733,0",2025-04-18,sexta-feira,12:20:00,SC,101,"48,5",JOINVILLE,Ausência de reação do condutor,Colisão traseira,Com Vítimas Feridas,Pleno dia,Crescente,Céu Claro,Dupla,Reta,Não,1,0,1,0,0,0,1,1,-26.37785368,-48.85245496,SPRF-SC,DEL03-SC,UOP01-DEL03-SC,2025
"685735,0",2025-04-18,sexta-feira,09:50:00,SC,101,"334,3",TUBARAO,Reação tardia ou ineficiente do condutor,Colisão traseira,Com Vítimas Feridas,Pleno dia,Decrescente,Céu Claro,Múltipla,Reta,Não,5,0,1,2,2,0,3,3,-28.47225118,-49.02256066,SPRF-SC,DEL02-SC,UOP01-DEL02-SC,2025
"685747,0",2025-04-18,sexta-feira,14:00:00,SC,101,"65,0",ARAQUARI,Condutor deixou de manter distância do veículo da frente,Colisão traseira,Com Vítimas Feridas,Pleno dia,Crescente,Sol,Múltipla,Reta,Não,4,0,1,0,3,0,1,3,-26.46834486,-48.74711037,SPRF-SC,DEL03-SC,UOP02-DEL03-SC,2025
"685751,0",2025-04-18,sexta-feira,13:30:00,SC,101,"221,0",PALHOCA,Desrespeitar a preferência no cruzamento,Colisão transversal,Com Vítimas Feridas,Pleno dia,Decrescente,Céu Claro,Múltipla,Reta,Sim,2,0,1,0,1,0,1,2,-27.70616065,-48.65717942,SPRF-SC,DEL01-SC,UOP02-DEL01-SC,2025
"685752,0",2025-04-18,sexta-feira,13:50:00,SC,101,"222,0",PALHOCA,Condutor deixou de manter distância do veículo da frente,Colisão traseira,Com Vítimas Feridas,Pleno dia,Crescente,Céu Claro,Dupla,Reta,Não,3,0,1,0,2,0,1,2,-27.71113786,-48.65265185,SPRF-SC,DEL01-SC,UOP02-DEL01-SC,2025
"685758,0",2025-04-18,sexta-feira,12:55:00,SC,116,"0,0",MAFRA,Ausência de reação do condutor,Colisão traseira,Com Vítimas Feridas,Pleno dia,Crescente,Céu Claro,Simples,Reta,Sim,3,0,1,0,2,0,1,2,-26.10928084,-49.78446007,SPRF-SC,DEL06-SC,UOP01-DEL06-SC,2025
"685763,0",2025-04-18,sexta-feira,12:20:00,SC,282,"239,8",SAO JOSE DO CERRITO,Reação tardia ou ineficiente do condutor,Colisão com objeto,Com Vítimas Feridas,Pleno dia,Decrescente,Céu Claro,Simples,Reta,Não,1,0,0,1,0,0,1,1,-27.77710759,-50.49784184,SPRF-SC,DEL05-SC,UOP02-DEL05-SC,2025
"685766,0",2025-04-18,sexta-feira,14:37:00,SC,101,"118,4",ITAJAI,Demais falhas mecânicas ou elétricas,Incêndio,Sem Vítimas,Pleno dia,Crescente,Nublado,Dupla,Reta,Sim,1,0,0,0,1,0,0,1,-26.8992963,-48.7178822,SPRF-SC,DEL04-SC,UOP04-DEL04-SC,2025
"685769,0",2025-04-18,sexta-feira,10:20:00,SC,101,"353,0",JAGUARUNA,Condutor Dormindo,Saída de leito carroçável,Com Vítimas Feridas,Pleno dia,Decrescente,Céu Claro,Dupla,Reta,Sim,2,0,2,0,0,0,2,1,-28.61887494,-49.07138944,SPRF-SC,DEL02-SC,UOP01-DEL02-SC,2025
"685776,0",2025-04-18,sexta-feira,14:10:00,SC,101,"328,0",CAPIVARI DE BAIXO,Mal súbito do condutor,Colisão com objeto,Com Vítimas Feridas,Pleno dia,Crescente,Céu Claro,Múltipla,Reta,Não,1,0,1,0,0,0,1,1,-28.44437237,-48.96622874,SPRF-SC,DEL02-SC,UOP01-DEL02-SC,2025
"685782,0",2025-04-18,sexta-feira,16:10:00,SC,101,"351,0",JAGUARUNA,Ausência de reação do condutor,Colisão traseira,Com Vítimas Feridas,Pleno dia,Crescente,Céu Claro,Múltipla,Reta,Não,2,0,0,1,1,0,1,2,-28.61532074,-49.06553015,SPRF-SC,DEL02-SC,UOP01-DEL02-SC,2025
"685787,0",2025-04-06,domingo,18:30:00,SC,101,"16,0",BIGUACU,Velocidade Incompatível,Colisão traseira,Com Vítimas Feridas,Anoitecer,Crescente,Céu Claro,Dupla,Reta,Não,6,0,0,1,2,3,1,3,-27.46078,-48.71935,SPRF-SC,DEL01-SC,UOP01-DEL01-SC,2025
"685796,0",2025-04-18,sexta-feira,18:28:00,SC,282,"19,0",PALHOCA,Ultrapassagem Indevida,Colisão lateral mesmo sentido,Com Vítimas Feridas,Plena Noite,Decrescente,Céu Claro,Simples,Reta;Viaduto,Sim,4,0,0,1,2,1,1,4,-27.67766,-48.70105,SPRF-SC,DEL01-SC,UOP02-DEL01-SC,2025
"685802,0",2025-04-18,sexta-feira,17:10:00,SC,282,"374,0",ERVAL VELHO,Chuva,Colisão lateral sentido oposto,Com Vítimas Feridas,Pleno dia,Decrescente,Garoa/Chuvisco,Simples,Reta,Não,3,0,2,0,1,0,2,2,-27.2697363,-51.44382477,SPRF-SC,DEL07-SC,UOP05-DEL07-SC,2025
"685806,0",2025-03-31,segunda-feira,07:10:00,SC,282,"414,0",CATANDUVAS,Manobra de mudança de faixa,Colisão transversal,Com Vítimas Feridas,Pleno dia,Crescente,Céu Claro,Simples,Reta,Sim,2,0,1,0,1,0,1,2,-27.052143,-51.699425,SPRF-SC,DEL07-SC,UOP05-DEL07-SC,2025
"685808,0",2025-04-14,segunda-feira,06:10:00,SC,101,"199,5",SAO JOSE,Condutor Dormindo,Saída de leito carroçável,Sem Vítimas,Amanhecer,Decrescente,Nublado,Múltipla,Reta,Sim,1,0,0,0,1,0,0,1,-27.618202,-48.6474082,SPRF-SC,DEL01-SC,UOP01-DEL01-SC,2025
"685809,0",2025-04-18,sexta-feira,15:00:00,SC,101,"334,0",TUBARAO,Desrespeitar a preferência no cruzamento,Colisão transversal,Com Vítimas Feridas,Pleno dia,Decrescente,Céu Claro,Simples,Viaduto;Retorno Regulamentado;Interseção de Vias;Rotatória,Sim,6,0,1,0,5,0,1,2,-28.470706,-49.0185728,SPRF-SC,DEL02-SC,UOP01-DEL02-SC,2025
"685836,0",2025-04-18,sexta-feira,20:05:00,SC,163,"70,4",SAO MIGUEL DO OESTE,Velocidade Incompatível,Saída de leito carroçável,Com Vítimas Feridas,Plena Noite,Decrescente,Céu Claro,Dupla,Curva;Interseção de Vias,Sim,3,0,1,0,0,2,1,2,-26.73281379,-53.50990707,SPRF-SC,DEL07-SC,UOP03-DEL07-SC,2025
"685839,0",2025-04-18,sexta-feira,15:45:00,SC,280,"27,0",ARAQUARI,Reação tardia ou ineficiente do condutor,Colisão com objeto,Com Vítimas Feridas,Pleno dia,Crescente,Céu Claro,Simples,Reta,Sim,2,0,0,2,0,0,2,1,-26.40155152,-48.74343926,SPRF-SC,DEL03-SC,UOP03-DEL03-SC,2025
"685860,0",2025-04-19,sábado,02:30:00,SC,101,"210,5",SAO JOSE,Ausência de reação do condutor,Tombamento,Com Vítimas Feridas,Plena Noite,Crescente,Céu Claro,Múltipla,Reta,Não,2,0,2,0,0,0,2,1,-27.620225,-48.649196,SPRF-SC,DEL01-SC,UOP01-DEL01-SC,2025
"685873,0",2025-04-19,sábado,05:47:00,SC,101,"215,0",PALHOCA,Desrespeitar a preferência no cruzamento,Colisão transversal,Com Vítimas Feridas,Amanhecer,Crescente,Céu Claro,Múltipla,Reta,Não,2,0,1,0,0,1,1,2,-27.65266983,-48.67689902,SPRF-SC,DEL01-SC,UOP02-DEL01-SC,2025
"685877,0",2025-04-16,quarta-feira,22:00:00,SC,101,"140,0",ITAPEMA,Acessar a via sem observar a presença dos outros veículos,Atropelamento de Pedestre,Com Vítimas Feridas,Pleno dia,Decrescente,Garoa/Chuvisco,Dupla,Reta,Sim,2,0,1,0,1,0,1,2,-27.0659636,-48.5955525,SPRF-SC,DEL04-SC,UOP03-DEL04-SC,2025
"685884,0",2025-04-19,sábado,05:00:00,SC,101,"194,7",BIGUACU,Condutor deixou de manter distância do veículo da frente,Colisão com objeto,Com Vítimas Feridas,Plena Noite,Decrescente,Nublado,Múltipla,Reta,Sim,3,0,1,1,0,1,2,2,-27.5035098,-48.65156606,SPRF-SC,DEL01-SC,UOP01-DEL01-SC,2025
"685927,0",2025-04-17,quinta-feira,06:40:00,SC,282,"215,0",LAGES,Reação tardia ou ineficiente do condutor,Colisão traseira,Com Vítimas Feridas,Pleno dia,Crescente,Céu Claro,Simples,Rotatória,Sim,4,0,1,0,3,0,1,2,-27.79462052,-50.28455114,SPRF-SC,DEL05-SC,UOP01-DEL05-SC,2025
"685938,0",2025-04-19,sábado,12:08:00,SC,282,"5,2",SAO JOSE,Acessar a via sem observar a presença dos outros veículos,Colisão lateral mesmo sentido,Com Vítimas Feridas,Pleno dia,Decrescente,Nublado,Dupla,Reta;Declive,Sim,2,0,1,0,1,0,1,2,-27.5881,-48.6133,SPRF-SC,DEL01-SC,UOP01-DEL01-SC,2025