id,data_inversa,dia_semana,horario,uf,br,km,municipio,causa_acidente,tipo_acidente,classificacao_acidente,fase_dia,sentido_via,condicao_metereologica,tipo_pista,tracado_via,uso_solo,pessoas,mortos,feridos_leves,feridos_graves,ilesos,ignorados,feridos,veiculos,latitude,longitude,regional,delegacia,uop,ano_arquivo
"687510,0",2025-04-26,sábado,18:30:00,SC,282,"625,0",IRACEMINHA,Ingestão de álcool pelo condutor,Colisão frontal,Com Vítimas Feridas,Plena Noite,Crescente,Céu Claro,Simples,Reta,Sim,3,0,0,2,1,0,2,2,-26.80063897,-53.35177358,SPRF-SC,DEL07-SC,UOP02-DEL07-SC,2025
"687514,0",2025-04-26,sábado,20:00:00,SC,101,"165,8",TIJUCAS,Ingestão de álcool pelo condutor,Colisão traseira,Com Vítimas Feridas,Plena Noite,Decrescente,Nublado,Dupla,Reta,Não,2,0,1,0,1,0,1,2,-27.25448562,-48.63148637,SPRF-SC,DEL04-SC,UOP03-DEL04-SC,2025
"687522,0",2025-04-26,sábado,19:45:00,SC,101,"134,8",BALNEARIO CAMBORIU,Pedestre andava na pista,Atropelamento de Pedestre,Com Vítimas Fatais,Plena Noite,Crescente,Nublado,Múltipla,Reta,Sim,2,1,0,0,1,0,0,2,-27.0046569,-48.6278351,SPRF-SC,DEL04-SC,UOP03-DEL04-SC,2025
"687577,0",2025-04-27,domingo,01:00:00,SC,101,"333,4",TUBARAO,Ingestão de álcool pelo condutor,Colisão com objeto,Sem Vítimas,Plena Noite,Crescente,Céu Claro,Múltipla,Reta,Não,1,0,0,0,1,0,0,1,-28.46718225,-49.00610447,SPRF-SC,DEL02-SC,UOP01-DEL02-SC,2025
"687591,0",2025-04-27,domingo,03:10:00,SC,470,"51,0",BLUMENAU,Demais falhas mecânicas ou elétricas,Colisão transversal,Com Vítimas Feridas,Pleno dia,Decrescente,Céu Claro,Simples,Curva;Viaduto,Não,3,0,2,0,1,0,2,2,-26.86339982,-49.08234207,SPRF-SC,DEL04-SC,UOP01-DEL04-SC,2025
"687603,0",2025-04-27,domingo,06:15:00,SC,101,"216,0",PALHOCA,Condutor Dormindo,Tombamento,Com Vítimas Feridas,Amanhecer,Decrescente,Céu Claro,Múltipla,Reta;Aclive,Sim,2,0,0,2,0,0,2,1,-27.65200653,-48.67593376,SPRF-SC,DEL01-SC,UOP02-DEL01-SC,2025
"687615,0",2025-04-03,quinta-feira,06:00:00,SC,101,"393,3",CRICIUMA,Pedestre andava na pista,Atropelamento de Pedestre,Com Vítimas Fatais,Amanhecer,Crescente,Chuva,Dupla,Reta,Não,2,1,0,0,1,0,0,2,-28.8211139,-49.3997475,SPRF-SC,DEL02-SC,UOP02-DEL02-SC,2025
"687617,0",2025-04-27,domingo,07:40:00,SC,101,"145,3",ITAPEMA,Ausência de reação do condutor,Colisão com objeto,Com Vítimas Feridas,Pleno dia,Decrescente,Nublado,Dupla,Aclive;Reta,Não,1,0,0,1,0,0,1,1,-27.08461507,-48.60562357,SPRF-SC,DEL04-SC,UOP03-DEL04-SC,2025
"687630,0",2025-04-27,domingo,08:15:00,SC,116,"42,0",MAFRA,Ingestão de álcool pelo condutor,Colisão com objeto,Sem Vítimas,Pleno dia,Crescente,Nublado,Simples,Reta,Não,1,0,0,0,1,0,0,1,-26.1058014,-49.8086592,SPRF-SC,DEL06-SC,UOP01-DEL06-SC,2025
"687658,0",2025-04-27,domingo,13:40:00,SC,101,"51,1",JOINVILLE,Velocidade Incompatível,Colisão com objeto,Com Vítimas Feridas,Pleno dia,Crescente,Nublado,Dupla,Curva,Não,2,0,2,0,0,0,2,1,-26.38928078,-48.8401448,SPRF-SC,DEL03-SC,UOP01-DEL03-SC,2025
"687663,0",2025-04-27,domingo,09:00:00,SC,282,"633,7",DESCANSO,Velocidade Incompatível,Saída de leito carroçável,Com Vítimas Feridas,Pleno dia,Decrescente,Nublado,Simples,Curva,Não,1,0,0,1,0,0,1,1,-26.82657233,-53.41997908,SPRF-SC,DEL07-SC,UOP03-DEL07-SC,2025
"687667,0",2025-04-27,domingo,14:00:00,SC,470,"143,8",RIO DO SUL,Reação tardia ou ineficiente do condutor,Queda de ocupante de veículo,Com Vítimas Feridas,Pleno dia,Crescente,Nublado,Simples,Declive,Sim,1,0,1,0,0,0,1,1,-27.224,-49.664,SPRF-SC,DEL04-SC,UOP02-DEL04-SC,2025
"687675,0",2025-04-27,domingo,14:40:00,SC,101,"223,5",PALHOCA,Ingestão de álcool pelo condutor,Colisão traseira,Com Vítimas Feridas,Pleno dia,Crescente,Céu Claro,Dupla,Declive,Sim,6,0,1,1,4,0,2,4,-27.721272,-48.645741,SPRF-SC,DEL01-SC,UOP02-DEL01-SC,2025
"687681,0",2025-04-27,domingo,15:40:00,SC,282,"529,0",CORDILHEIRA ALTA,Acumulo de água sobre o pavimento,Saída de leito carroçável,Sem Vítimas,Pleno dia,Decrescente,Chuva,Simples,Curva;Declive,Não,1,0,0,0,1,0,0,1,-26.9839187,-52.6021028,SPRF-SC,DEL07-SC,UOP01-DEL07-SC,2025
"687693,0",2025-04-27,domingo,17:25:00,SC,101,"329,0",TUBARAO,Ingestão de álcool pelo condutor,Colisão traseira,Com Vítimas Feridas,Anoitecer,Crescente,Céu Claro,Dupla,Reta,Não,4,0,0,2,2,0,2,2,-28.4565287,-48.98112237,SPRF-SC,DEL02-SC,UOP01-DEL02-SC,2025
"687699,0",2025-04-27,domingo,17:55:00,SC,470,"45,1",GASPAR,Acessar a via sem observar a presença dos outros veículos,Colisão transversal,Com Vítimas Feridas,Plena Noite,Crescente,Nublado,Simples,Em Obras;Reta,Não,3,0,3,0,0,0,3,2,-26.86612446,-49.03228694,SPRF-SC,DEL04-SC,UOP01-DEL04-SC,2025
"687704,0",2025-04-27,domingo,16:40:00,SC,101,"44,6",JOINVILLE,Ausência de reação do condutor,Tombamento,Com Vítimas Feridas,Pleno dia,Crescente,Nublado,Simples,Declive;Reta,Sim,1,0,1,0,0,0,1,1,-26.34350326,-48.85827033,SPRF-SC,DEL03-SC,UOP01-DEL03-SC,2025
"687708,0",2025-04-27,domingo,17:05:00,SC,282,"343,0",CAMPOS NOVOS,Ingestão de álcool pelo condutor,Saída de leito carroçável,Com Vítimas Feridas,Anoitecer,Decrescente,Chuva,Simples,Reta,Sim,1,0,1,0,0,0,1,1,-27.3895502,-51.2260015,SPRF-SC,DEL07-SC,UOP06-DEL07-SC,2025
"687728,0",2025-04-27,domingo,01:00:00,SC,280,"30,1",ARAQUARI,Ingestão de álcool pelo condutor,Saída de leito carroçável,Sem Vítimas,Plena Noite,Decrescente,Ignorado,Simples,Reta,Não,1,0,0,0,1,0,0,1,-26.44794451,-48.84565734,SPRF-SC,DEL03-SC,UOP03-DEL03-SC,2025
"687752,0",2025-04-27,domingo,18:40:00,SC,101,"53,0",JOINVILLE,Ausência de reação do condutor,Saída de leito carroçável,Com Vítimas Feridas,Anoitecer,Decrescente,Céu Claro,Dupla,Reta,Não,2,0,2,0,0,0,2,1,-26.41877628,-48.83234024,SPRF-SC,DEL03-SC,UOP01-DEL03-SC,2025
"687772,0",2025-04-28,segunda-feira,00:30:00,SC,101,"244,1",PAULO LOPES,Chuva,Saída de leito carroçável,Sem Vítimas,Plena Noite,Crescente,Chuva,Dupla,Reta,Não,1,0,0,0,0,1,0,1,-27.9515899,-48.67357627,SPRF-SC,DEL01-SC,UOP02-DEL01-SC,2025
"687774,0",2025-04-27,domingo,23:30:00,SC,282,"506,8",XANXERE,Ingestão de álcool pelo condutor,Saída de leito carroçável,Sem Vítimas,Plena Noite,Crescente,Chuva,Dupla,Reta,Sim,1,0,0,0,1,0,0,1,-26.8860016,-52.4359809,SPRF-SC,DEL07-SC,UOP01-DEL07-SC,2025
"687776,0",2025-04-28,segunda-feira,01:40:00,SC,101,"192,9",BIGUACU,Ingestão de álcool pelo condutor,Saída de leito carroçável,Sem Vítimas,Plena Noite,Decrescente,Céu Claro,Múltipla,Curva,Não,1,0,0,0,1,0,0,1,-27.48842426,-48.65155667,SPRF-SC,DEL01-SC,UOP01-DEL01-SC,2025
"687796,0",2025-04-28,segunda-feira,07:15:00,SC,101,"314,8",LAGUNA,Ausência de reação do condutor,Colisão traseira,Com Vítimas Feridas,Amanhecer,Crescente,Céu Claro,Simples,Reta,Não,2,0,1,0,1,0,1,2,-28.43249651,-48.83819818,SPRF-SC,DEL02-SC,UOP01-DEL02-SC,2025
"687799,0",2025-04-28,segunda-feira,07:12:00,SC,101,"194,3",BIGUACU,Acessar a via sem observar a presença dos outros veículos,Colisão transversal,Com Vítimas Feridas,Pleno dia,Crescente,Céu Claro,Múltipla,Interseção de Vias;Reta,Sim,2,0,1,0,1,0,1,2,-27.499833,-48.654682,SPRF-SC,DEL01-SC,UOP01-DEL01-SC,2025
"687814,0",2025-04-28,segunda-feira,08:00:00,SC,101,"424,6",ARARANGUA,Acessar a via sem observar a presença dos outros veículos,Colisão traseira,Com Vítimas Feridas,Pleno dia,Decrescente,Céu Claro,Múltipla,Reta;Interseção de Vias,Não,2,0,1,0,1,0,1,2,-29.023306,-49.595072,SPRF-SC,DEL02-SC,UOP02-DEL02-SC,2025
"687829,0",2025-04-28,segunda-feira,07:30:00,SC,101,"105,0",PENHA,Acessar a via sem observar a presença dos outros veículos,Colisão lateral mesmo sentido,Sem Vítimas,Pleno dia,Crescente,Céu Claro,Dupla,Reta,Não,2,0,0,0,2,0,0,2,-26.80127789,-48.67851958,SPRF-SC,DEL03-SC,UOP02-DEL03-SC,2025
"687845,0",2025-04-28,segunda-feira,12:00:00,SC,280,"127,9",RIO NEGRINHO,Conversão proibida,Colisão traseira,Com Vítimas Feridas,Pleno dia,Decrescente,Céu Claro,Simples,Declive;Reta,Sim,3,0,0,1,2,0,1,2,-26.24275,-49.5126,SPRF-SC,DEL06-SC,UOP03-DEL06-SC,2025
"687856,0",2025-04-28,segunda-feira,13:30:00,SC,101,"114,0",ITAJAI,Avarias e/ou desgaste excessivo no pneu,Tombamento,Com Vítimas Feridas,Pleno dia,Decrescente,Céu Claro,Múltipla,Curva,Sim,2,0,2,0,0,0,2,1,-26.86276199,-48.72786418,SPRF-SC,DEL04-SC,UOP04-DEL04-SC,2025
"687876,0",2025-04-28,segunda-feira,13:20:00,SC,282,"217,4",LAGES,Reação tardia ou ineficiente do condutor,Colisão traseira,Com Vítimas Feridas,Pleno dia,Crescente,Céu Claro,Simples,Reta;Interseção de Vias,Sim,3,0,2,0,1,0,2,2,-27.797767,-50.301803,SPRF-SC,DEL05-SC,UOP01-DEL05-SC,2025
"687891,0",2025-04-28,segunda-feira,17:00:00,SC,280,"49,3",GUARAMIRIM,Ausência de reação do condutor,Colisão traseira,Com Vítimas Feridas,Pleno dia,Decrescente,Céu Claro,Dupla,Reta;Aclive,Sim,2,0,1,0,1,0,1,2,-26.45935928,-48.9386615,SPRF-SC,DEL03-SC,UOP03-DEL03-SC,2025
"687902,0",2025-04-28,segunda-feira,17:20:00,SC,280,"126,9",RIO NEGRINHO,Condutor deixou de manter distância do veículo da frente,Colisão traseira,Sem Vítimas,Anoitecer,Crescente,Céu Claro,Simples,Reta,Sim,2,0,0,0,2,0,0,2,-26.239287,-49.503402,SPRF-SC,DEL06-SC,UOP03-DEL06-SC,2025
"687923,0",2025-04-28,segunda-feira,19:40:00,SC,470,"120,1",IBIRAMA,Reação tardia ou ineficiente do condutor,Colisão traseira,Com Vítimas Feridas,Plena Noite,Crescente,Céu Claro,Múltipla,Curva;Aclive,Não,2,0,1,0,0,1,1,2,-27.09231,-49.52177,SPRF-SC,DEL04-SC,UOP02-DEL04-SC,2025
"687985,0",2025-04-29,terça-feira,06:00:00,SC,101,"278,1",IMBITUBA,Transitar na contramão,Colisão frontal,Com Vítimas Feridas,Amanhecer,Crescente,Céu Claro,Simples,Reta,Não,2,0,1,1,0,0,2,2,-28.177058,-48.695583,SPRF-SC,DEL02-SC,UOP03-DEL02-SC,2025
"687987,0",2025-04-29,terça-feira,06:45:00,SC,282,"2,0",FLORIANOPOLIS,Trafegar com motocicleta (ou similar) entre as faixas,Colisão lateral mesmo sentido,Com Vítimas Feridas,Pleno dia,Decrescente,Céu Claro,Múltipla,Reta,Sim,3,0,1,0,2,0,1,3,-27.603145,-48.59182,SPRF-SC,DEL01-SC,UOP01-DEL01-SC,2025
"687991,0",2025-04-29,terça-feira,06:30:00,SC,470,"125,4",LONTRAS,Acessar a via sem observar a presença dos outros veículos,Colisão lateral mesmo sentido,Com Vítimas Feridas,Pleno dia,Crescente,Céu Claro,Múltipla,Curva;Declive,Sim,2,0,1,0,1,0,1,2,-27.126063,-49.53797,SPRF-SC,DEL04-SC,UOP02-DEL04-SC,2025
"688014,0",2025-04-29,terça-feira,08:45:00,SC,101,"205,2",SAO JOSE,Reação tardia ou ineficiente do condutor,Colisão traseira,Com Vítimas Feridas,Pleno dia,Decrescente,Sol,Dupla,Reta,Sim,2,0,0,1,1,0,1,2,-27.58558,-48.61492,SPRF-SC,DEL01-SC,UOP01-DEL01-SC,2025
"688027,0",2025-04-29,terça-feira,07:35:00,SC,101,"136,2",BALNEARIO CAMBORIU,Velocidade Incompatível,Colisão com objeto,Com Vítimas Feridas,Pleno dia,Crescente,Céu Claro,Múltipla,Interseção de Vias;Declive,Sim,7,0,3,0,1,3,3,4,-27.01049073,-48.61515848,SPRF-SC,DEL04-SC,UOP03-DEL04-SC,2025
"688042,0",2025-04-29,terça-feira,06:50:00,SC,470,"146,2",RIO DO SUL,Manobra de mudança de faixa,Colisão lateral mesmo sentido,Com Vítimas Feridas,Pleno dia,Crescente,Céu Claro,Simples,Reta,Não,2,0,1,0,1,0,1,2,-27.227874,-49.667643,SPRF-SC,DEL04-SC,UOP02-DEL04-SC,2025
"688069,0",2025-04-29,terça-feira,13:00:00,SC,101,"45,3",JOINVILLE,Mal súbito do condutor,Saída de leito carroçável,Com Vítimas Fatais,Pleno dia,Crescente,Sol,Múltipla,Reta;Aclive,Sim,1,1,0,0,0,0,0,1,-26.3510772,-48.8579814,SPRF-SC,DEL03-SC,UOP01-DEL03-SC,2025
"688072,0",2025-04-29,terça-feira,08:10:00,SC,282,"581,3",PINHALZINHO,Transitar na contramão,Colisão frontal,Com Vítimas Feridas,Pleno dia,Crescente,Sol,Simples,Curva,Sim,8,0,7,1,0,0,8,2,-26.829402,-52.99697,SPRF-SC,DEL07-SC,UOP02-DEL07-SC,2025
"688088,0",2025-04-29,terça-feira,15:20:00,SC,280,"56,0",GUARAMIRIM,Condutor deixou de manter distância do veículo da frente,Colisão traseira,Com Vítimas Feridas,Pleno dia,Crescente,Céu Claro,Dupla,Reta,Não,2,0,1,0,1,0,1,2,-26.47788,-48.99901,SPRF-SC,DEL03-SC,UOP03-DEL03-SC,2025
"688093,0",2025-04-29,terça-feira,18:00:00,SC,282,"2,0",FLORIANOPOLIS,Trafegar com motocicleta (ou similar) entre as faixas,Tombamento,Com Vítimas Feridas,Plena Noite,Crescente,Céu Claro,Múltipla,Reta,Sim,1,0,1,0,0,0,1,1,-27.60319556,-48.59029116,SPRF-SC,DEL01-SC,UOP01-DEL01-SC,2025
"688108,0",2025-04-29,terça-feira,18:50:00,SC,101,"309,8",LAGUNA,Pedestre - Ingestão de álcool/ substâncias psicoativas,Atropelamento de Pedestre,Com Vítimas Feridas,Anoitecer,Decrescente,Ignorado,Múltipla,Reta,Não,3,0,1,1,0,1,2,3,-28.4292,-48.8029,SPRF-SC,DEL02-SC,UOP01-DEL02-SC,2025
"688123,0",2025-04-29,terça-feira,20:10:00,SC,101,"320,9",PESCARIA BRAVA,Avarias e/ou desgaste excessivo no pneu,Tombamento,Com Vítimas Feridas,Plena Noite,Crescente,Céu Claro,Dupla,Reta,Sim,2,0,2,0,0,0,2,1,-28.42594538,-48.90590636,SPRF-SC,DEL02-SC,UOP01-DEL02-SC,2025
"688124,0",2025-04-29,terça-feira,20:00:00,SC,280,"80,9",CORUPA,Acessar a via sem observar a presença dos outros veículos,Colisão transversal,Com Vítimas Feridas,Plena Noite,Decrescente,Céu Claro,Simples,Reta,Sim,3,0,3,0,0,0,3,2,-26.43917,-49.2301,SPRF-SC,DEL06-SC,UOP03-DEL06-SC,2025
"688125,0",2025-03-08,sábado,04:16:00,SC,282,"475,9",VARGEAO,Ingestão de álcool pelo condutor,Colisão com objeto,Com Vítimas Feridas,Plena Noite,Crescente,Céu Claro,Simples,Rotatória,Não,1,0,1,0,0,0,1,1,-26.87336265,-52.15360522,SPRF-SC,DEL07-SC,UOP01-DEL07-SC,2025
"688153,0",2025-04-30,quarta-feira,00:35:00,SC,280,"31,0",ARAQUARI,Ultrapassagem Indevida,Colisão lateral mesmo sentido,Com Vítimas Feridas,Plena Noite,Crescente,Céu Claro,Simples,Reta,Sim,3,0,2,0,1,0,2,2,-26.41652,-48.77159,SPRF-SC,DEL03-SC,UOP03-DEL03-SC,2025
"688175,0",2025-04-30,quarta-feira,07:05:00,SC,470,"66,2",INDAIAL,Ausência de reação do condutor,Colisão frontal,Com Vítimas Feridas,Pleno dia,Crescente,Céu Claro,Simples,Reta;Em Obras,Não,4,0,2,1,1,0,3,2,-26.87032969,-49.22652841,SPRF-SC,DEL04-SC,UOP01-DEL04-SC,2025
"688190,0",2025-04-30,quarta-feira,07:45:00,SC,470,"7,7",NAVEGANTES,Manobra de mudança de faixa,Colisão lateral mesmo sentido,Com Vítimas Feridas,Pleno dia,Crescente,Céu Claro,Dupla,Aclive;Reta,Não,2,0,0,1,1,0,1,2,-26.84012826,-48.71660024,SPRF-SC,DEL04-SC,UOP04-DEL04-SC,2025
"688192,0",2025-04-30,quarta-feira,06:45:00,SC,470,"123,2",IBIRAMA,Transitar na contramão,Colisão frontal,Com Vítimas Fatais,Amanhecer,Decrescente,Nublado,Simples,Interseção de Vias;Reta,Sim,4,2,0,0,2,0,0,2,-27.11013006,-49.52580929,SPRF-SC,DEL04-SC,UOP02-DEL04-SC,2025
"688230,0",2025-04-30,quarta-feira,09:10:00,SC,101,"40,0",JOINVILLE,Acessar a via sem observar a presença dos outros veículos,Colisão lateral mesmo sentido,Com Vítimas Feridas,Pleno dia,Decrescente,Céu Claro,Dupla,Curva,Sim,2,0,1,0,1,0,1,2,-26.31007357,-48.87743354,SPRF-SC,DEL03-SC,UOP01-DEL03-SC,2025
"688288,0",2025-04-30,quarta-feira,16:00:00,SC,101,"344,1",TUBARAO,Reação tardia ou ineficiente do condutor,Colisão lateral mesmo sentido,Sem Vítimas,Pleno dia,Crescente,Sol,Múltipla,Reta,Não,4,0,0,0,4,0,0,2,-28.55254157,-49.0541482,SPRF-SC,DEL02-SC,UOP01-DEL02-SC,2025
"688295,0",2025-04-30,quarta-feira,17:30:00,SC,101,"214,2",PALHOCA,Manobra de mudança de faixa,Colisão lateral mesmo sentido,Com Vítimas Feridas,Anoitecer,Crescente,Céu Claro,Múltipla,Reta,Sim,2,0,2,0,0,0,2,2,-27.64995184,-48.6745712,SPRF-SC,DEL01-SC,UOP02-DEL01-SC,2025
"688337,0",2025-04-30,quarta-feira,17:50:00,SC,282,"659,2",SAO MIGUEL DO OESTE,Ausência de reação do condutor,Saída de leito carroçável,Com Vítimas Feridas,Anoitecer,Crescente,Céu Claro,Simples,Curva,Não,2,0,2,0,0,0,2,1,-26.6760311,-53.56324196,SPRF-SC,DEL07-SC,UOP03-DEL07-SC,2025
"688343,0",2025-04-30,quarta-feira,18:25:00,SC,282,"568,0",NOVA ERECHIM,Acessar a via sem observar a presença dos outros veículos,Colisão frontal,Com Vítimas Feridas,Plena Noite,Decrescente,Céu Claro,Simples,Rotatória,Sim,2,0,0,1,1,0,1,2,-26.90514924,-52.90303666,SPRF-SC,DEL07-SC,UOP02-DEL07-SC,2025
"688347,0",2025-04-30,quarta-feira,19:15:00,SC,101,"87,0",BARRA VELHA,Ausência de reação do condutor,Colisão transversal,Com Vítimas Feridas,Plena Noite,Crescente,Céu Claro,Múltipla,Reta,Sim,2,0,1,0,1,0,1,2,-26.64372318,-48.68876545,SPRF-SC,DEL03-SC,UOP02-DEL03-SC,2025
"688350,0",2025-04-30,quarta-feira,19:20:00,SC,101,"210,9",SAO JOSE,Condutor deixou de manter distância do veículo da frente,Colisão traseira,Com Vítimas Feridas,Plena Noite,Decrescente,Céu Claro,Múltipla,Reta,Não,2,0,1,0,1,0,1,2,-27.62331002,-48.6522123,SPRF-SC,DEL01-SC,UOP01-DEL01-SC,2025
"688361,0",2025-04-30,quarta-feira,18:25:00,SC,282,"194,0",LAGES,Acessar a via sem observar a presença dos outros veículos,Colisão transversal,Com Vítimas Feridas,Plena Noite,Decrescente,Céu Claro,Simples,Reta,Não,3,0,1,1,1,0,2,2,-27.74456058,-50.07863872,SPRF-SC,DEL05-SC,UOP01-DEL05-SC,2025
"688366,0",2025-04-30,quarta-feira,21:15:00,SC,101,"136,7",BALNEARIO CAMBORIU,Manobra de mudança de faixa,Colisão lateral mesmo sentido,Com Vítimas Feridas,Plena Noite,Crescente,Céu Claro,Múltipla,Reta;Interseção de Vias,Sim,2,0,0,1,1,0,1,2,-27.01217,-48.61378,SPRF-SC,DEL04-SC,UOP03-DEL04-SC,2025
"688368,0",2025-04-30,quarta-feira,20:30:00,SC,163,"70,8",SAO MIGUEL DO OESTE,Conversão proibida,Colisão transversal,Com Vítimas Feridas,Plena Noite,Decrescente,Céu Claro,Dupla,Reta,Sim,2,0,1,0,1,0,1,2,-26.73024577,-53.51119487,SPRF-SC,DEL07-SC,UOP03-DEL07-SC,2025
"688380,0",2025-04-30,quarta-feira,22:00:00,SC,282,"23,6",SANTO AMARO DA IMPERATRIZ,Ultrapassagem Indevida,Colisão lateral mesmo sentido,Com Vítimas Feridas,Plena Noite,Decrescente,Céu Claro,Simples,Reta,Sim,2,0,1,0,1,0,1,2,-27.68545151,-48.74210922,SPRF-SC,DEL01-SC,UOP03-DEL01-SC,2025
"688393,0",2025-05-01,quinta-feira,00:25:00,SC,101,"150,5",ITAPEMA,Ausência de reação do condutor,Saída de leito carroçável,Com Vítimas Feridas,Plena Noite,Crescente,Céu Claro,Múltipla,Curva,Sim,1,0,1,0,0,0,1,1,-27.12072971,-48.60955445,SPRF-SC,DEL04-SC,UOP03-DEL04-SC,2025
"688458,0",2025-05-01,quinta-feira,11:15:00,SC,280,"58,0",GUARAMIRIM,Desrespeitar a preferência no cruzamento,Colisão transversal,Com Vítimas Feridas,Pleno dia,Crescente,Céu Claro,Múltipla,Rotatória,Sim,3,0,2,0,1,0,2,2,-26.474081,-49.020099,SPRF-SC,DEL03-SC,UOP03-DEL03-SC,2025
"688480,0",2025-05-01,quinta-feira,13:35:00,SC,282,"20,4",PALHOCA,Ultrapassagem Indevida,Colisão lateral mesmo sentido,Com Vítimas Feridas,Pleno dia,Decrescente,Sol,Simples,Aclive,Não,2,0,1,0,1,0,1,2,-27.68728509,-48.71372072,SPRF-SC,DEL01-SC,UOP02-DEL01-SC,2025
"688493,0",2025-05-01,quinta-feira,14:30:00,SC,470,"37,8",GASPAR,Ingestão de álcool pelo condutor,Colisão traseira,Com Vítimas Feridas,Pleno dia,Decrescente,Céu Claro,Dupla,Reta,Não,5,0,2,0,3,0,2,3,-26.90624068,-48.97877812,SPRF-SC,DEL04-SC,UOP01-DEL04-SC,2025
"688508,0",2025-05-01,quinta-feira,15:50:00,SC,101,"34,1",JOINVILLE,Ausência de reação do condutor,Tombamento,Com Vítimas Feridas,Pleno dia,Decrescente,Céu Claro,Dupla,Curva,Não,1,0,1,0,0,0,1,1,-26.25711232,-48.8981065,SPRF-SC,DEL03-SC,UOP01-DEL03-SC,2025
"688524,0",2025-05-01,quinta-feira,16:50:00,SC,282,"5,0",SAO JOSE,Ausência de reação do condutor,Colisão com objeto,Com Vítimas Fatais,Pleno dia,Crescente,Céu Claro,Múltipla,Reta,Sim,1,1,0,0,0,0,0,1,-27.589405,-48.611726,SPRF-SC,DEL01-SC,UOP01-DEL01-SC,2025
"688531,0",2025-05-01,quinta-feira,18:20:00,SC,282,"459,5",PONTE SERRADA,Ausência de reação do condutor,Saída de leito carroçável,Com Vítimas Fatais,Plena Noite,Crescente,Céu Claro,Simples,Reta,Não,1,1,0,0,0,0,0,1,-26.88260115,-52.01210372,SPRF-SC,DEL07-SC,UOP04-DEL07-SC,2025
"688536,0",2025-05-01,quinta-feira,19:00:00,SC,101,"125,0",ITAJAI,Ausência de reação do condutor,Tombamento,Com Vítimas Feridas,Plena Noite,Crescente,Céu Claro,Múltipla,Reta,Sim,1,0,1,0,0,0,1,1,-26.94026791,-48.69582117,SPRF-SC,DEL04-SC,UOP04-DEL04-SC,2025
"688538,0",2025-05-01,quinta-feira,17:45:00,SC,280,"153,5",MAFRA,Transitar na contramão,Colisão lateral sentido oposto,Com Vítimas Fatais,Anoitecer,Decrescente,Céu Claro,Simples,Reta,Não,6,1,2,1,2,0,3,4,-26.2175426,-49.7143663,SPRF-SC,DEL06-SC,UOP03-DEL06-SC,2025
"688546,0",2025-05-01,quinta-feira,19:55:00,SC,282,"462,0",PONTE SERRADA,Ingestão de álcool pelo condutor,Colisão traseira,Sem Vítimas,Plena Noite,Crescente,Céu Claro,Simples,Reta;Aclive,Sim,2,0,0,0,2,0,0,2,-26.859404,-52.027857,SPRF-SC,DEL07-SC,UOP04-DEL07-SC,2025
"688568,0",2025-05-01,quinta-feira,23:15:00,SC,470,"51,0",BLUMENAU,Ausência de reação do condutor,Tombamento,Com Vítimas Feridas,Anoitecer,Crescente,Céu Claro,Simples,Reta;Em Obras,Sim,1,0,0,1,0,0,1,1,-26.8627358,-49.0919008,SPRF-SC,DEL04-SC,UOP01-DEL04-SC,2025
"688570,0",2025-05-01,quinta-feira,21:45:00,SC,280,"29,5",ARAQUARI,Acessar a via sem observar a presença dos outros veículos,Colisão transversal,Com Vítimas Feridas,Plena Noite,Decrescente,Nublado,Simples,Reta;Em Obras;Interseção de Vias,Sim,2,0,1,0,1,0,1,2,-26.413265,-48.758017,SPRF-SC,DEL03-SC,UOP03-DEL03-SC,2025
"688602,0",2025-05-02,sexta-feira,06:58:00,SC,101,"207,8",SAO JOSE,Ausência de reação do condutor,Colisão traseira,Com Vítimas Feridas,Amanhecer,Decrescente,Sol,Múltipla,Reta,Sim,4,0,1,0,3,0,1,4,-27.60261,-48.62987,SPRF-SC,DEL01-SC,UOP01-DEL01-SC,2025
"688603,0",2025-05-02,sexta-feira,06:40:00,SC,101,"139,0",BALNEARIO CAMBORIU,Avarias e/ou desgaste excessivo no pneu,Tombamento,Com Vítimas Feridas,Pleno dia,Crescente,Céu Claro,Múltipla,Reta;Viaduto,Não,1,0,1,0,0,0,1,1,-27.02862156,-48.60313702,SPRF-SC,DEL04-SC,UOP03-DEL04-SC,2025
"688606,0",2025-05-02,sexta-feira,06:50:00,SC,101,"112,4",ITAJAI,Trafegar com motocicleta (ou similar) entre as faixas,Colisão traseira,Com Vítimas Feridas,Pleno dia,Crescente,Céu Claro,Dupla,Reta,Sim,2,0,1,0,1,0,1,2,-26.847583,-48.72299194,SPRF-SC,DEL04-SC,UOP04-DEL04-SC,2025
"688621,0",2025-05-02,sexta-feira,08:00:00,SC,101,"207,5",SAO JOSE,Reação tardia ou ineficiente do condutor,Colisão lateral sentido oposto,Com Vítimas Feridas,Pleno dia,Decrescente,Céu Claro,Múltipla,Declive,Sim,3,0,2,0,1,0,2,2,-27.602,-48.627,SPRF-SC,DEL01-SC,UOP01-DEL01-SC,2025
"688622,0",2025-05-02,sexta-feira,08:10:00,SC,282,"528,0",CORDILHEIRA ALTA,Transitar na contramão,Colisão lateral sentido oposto,Com Vítimas Feridas,Pleno dia,Decrescente,Céu Claro,Simples,Curva,Não,2,0,1,0,1,0,1,2,-26.97849566,-52.58833408,SPRF-SC,DEL07-SC,UOP01-DEL07-SC,2025