id,data_inversa,dia_semana,horario,uf,br,km,municipio,causa_acidente,tipo_acidente,classificacao_acidente,fase_dia,sentido_via,condicao_metereologica,tipo_pista,tracado_via,uso_solo,pessoas,mortos,feridos_leves,feridos_graves,ilesos,ignorados,feridos,veiculos,latitude,longitude,regional,delegacia,uop,ano_arquivo
"688628,0",2025-04-18,sexta-feira,06:50:00,SC,101,"35,0",JOINVILLE,Condutor Dormindo,Capotamento,Com Vítimas Feridas,Amanhecer,Crescente,Céu Claro,Simples,Interseção de Vias,Sim,1,0,1,0,0,0,1,1,-26.2735837,-48.89447981,SPRF-SC,DEL03-SC,UOP01-DEL03-SC,2025
"688632,0",2025-05-02,sexta-feira,08:30:00,SC,282,"202,8",LAGES,Ausência de reação do condutor,Saída de leito carroçável,Sem Vítimas,Pleno dia,Decrescente,Céu Claro,Simples,Reta,Não,1,0,0,0,1,0,0,1,-27.7659491,-50.15975569,SPRF-SC,DEL05-SC,UOP01-DEL05-SC,2025
"688633,0",2025-05-02,sexta-feira,07:40:00,SC,101,"90,0",BARRA VELHA,Ausência de reação do condutor,Tombamento,Sem Vítimas,Pleno dia,Crescente,Nublado,Múltipla,Reta,Sim,1,0,0,0,0,1,0,1,-26.67440731,-48.69092815,SPRF-SC,DEL03-SC,UOP02-DEL03-SC,2025
"688635,0",2025-05-02,sexta-feira,08:45:00,SC,101,"211,6",PALHOCA,Trafegar com motocicleta (ou similar) entre as faixas,Colisão lateral mesmo sentido,Com Vítimas Feridas,Pleno dia,Decrescente,Céu Claro,Múltipla,Reta,Sim,2,0,0,1,1,0,1,2,-27.62734,-48.65623,SPRF-SC,DEL01-SC,UOP02-DEL01-SC,2025
"688636,0",2025-05-02,sexta-feira,09:25:00,SC,101,"213,9",PALHOCA,Condutor deixou de manter distância do veículo da frente,Colisão traseira,Com Vítimas Feridas,Pleno dia,Decrescente,Céu Claro,Múltipla,Reta,Sim,4,0,1,0,3,0,1,2,-27.64394,-48.67,SPRF-SC,DEL01-SC,UOP02-DEL01-SC,2025
"688648,0",2025-05-02,sexta-feira,10:45:00,SC,101,"113,6",ITAJAI,Trafegar com motocicleta (ou similar) entre as faixas,Colisão lateral mesmo sentido,Com Vítimas Feridas,Pleno dia,Decrescente,Nublado,Múltipla,Reta,Sim,2,0,1,0,1,0,1,2,-26.85696356,-48.72713522,SPRF-SC,DEL04-SC,UOP04-DEL04-SC,2025
"688661,0",2025-05-02,sexta-feira,12:00:00,SC,282,"509,0",XANXERE,Reação tardia ou ineficiente do condutor,Colisão traseira,Com Vítimas Feridas,Pleno dia,Crescente,Céu Claro,Simples,Reta,Não,2,0,1,0,1,0,1,2,-26.8923333,-52.459222,SPRF-SC,DEL07-SC,UOP01-DEL07-SC,2025
"688666,0",2025-05-02,sexta-feira,13:30:00,SC,101,"203,8",SAO JOSE,Acessar a via sem observar a presença dos outros veículos,Colisão transversal,Com Vítimas Feridas,Pleno dia,Crescente,Céu Claro,Múltipla,Interseção de Vias,Sim,2,0,1,0,1,0,1,2,-27.57297937,-48.61387968,SPRF-SC,DEL01-SC,UOP01-DEL01-SC,2025
"688680,0",2025-05-02,sexta-feira,13:45:00,SC,101,"37,0",JOINVILLE,Desrespeitar a preferência no cruzamento,Colisão transversal,Com Vítimas Feridas,Pleno dia,Decrescente,Céu Claro,Dupla,Rotatória;Interseção de Vias;Viaduto,Sim,2,0,1,0,1,0,1,2,-26.29670128,-48.88379423,SPRF-SC,DEL03-SC,UOP01-DEL03-SC,2025
"688696,0",2025-05-02,sexta-feira,13:30:00,SC,470,"14,0",ILHOTA,Carga excessiva e/ou mal acondicionada,Capotamento,Com Vítimas Feridas,Pleno dia,Crescente,Céu Claro,Dupla,Reta,Não,1,0,1,0,0,0,1,1,-26.84191633,-48.78044643,SPRF-SC,DEL04-SC,UOP04-DEL04-SC,2025
"688726,0",2025-05-02,sexta-feira,18:10:00,SC,101,"215,1",PALHOCA,Ausência de reação do condutor,Tombamento,Com Vítimas Fatais,Anoitecer,Crescente,Céu Claro,Múltipla,Reta,Sim,2,1,0,0,0,1,0,2,-27.65238,-48.67695,SPRF-SC,DEL01-SC,UOP02-DEL01-SC,2025
"688728,0",2025-05-02,sexta-feira,19:00:00,SC,470,"160,2",TROMBUDO CENTRAL,Conversão proibida,Colisão lateral mesmo sentido,Com Vítimas Feridas,Plena Noite,Decrescente,Nublado,Simples,Curva,Sim,3,0,2,1,0,0,3,2,-27.28491726,-49.80202317,SPRF-SC,DEL04-SC,UOP02-DEL04-SC,2025
"688729,0",2025-05-02,sexta-feira,19:30:00,SC,101,"97,0",BALNEARIO PICARRAS,Acesso irregular,Colisão frontal,Com Vítimas Feridas,Plena Noite,Decrescente,Céu Claro,Simples,Reta,Não,2,0,1,0,1,0,1,2,-26.73214739,-48.70052274,SPRF-SC,DEL03-SC,UOP02-DEL03-SC,2025
"688730,0",2025-05-02,sexta-feira,20:15:00,SC,101,"335,3",TUBARAO,Reação tardia ou ineficiente do condutor,Tombamento,Com Vítimas Feridas,Plena Noite,Decrescente,Céu Claro,Múltipla,Reta,Não,1,0,1,0,0,0,1,1,-28.475698,-49.0283783,SPRF-SC,DEL02-SC,UOP01-DEL02-SC,2025
"688734,0",2025-05-02,sexta-feira,20:15:00,SC,101,"122,0",ITAJAI,Reação tardia ou ineficiente do condutor,Tombamento,Com Vítimas Feridas,Plena Noite,Decrescente,Céu Claro,Dupla,Reta,Sim,2,0,1,0,1,0,1,2,-26.93576771,-48.699646,SPRF-SC,DEL04-SC,UOP04-DEL04-SC,2025
"688765,0",2025-05-02,sexta-feira,22:50:00,SC,101,"25,0",JOINVILLE,Demais falhas mecânicas ou elétricas,Colisão com objeto,Com Vítimas Feridas,Plena Noite,Decrescente,Céu Claro,Dupla,Reta;Ponte,Não,3,0,1,0,2,0,1,2,-26.19526612,-48.91223637,SPRF-SC,DEL03-SC,UOP01-DEL03-SC,2025
"688770,0",2025-05-02,sexta-feira,23:30:00,SC,101,"208,0",SAO JOSE,Demais falhas mecânicas ou elétricas,Queda de ocupante de veículo,Com Vítimas Feridas,Plena Noite,Decrescente,Ignorado,Múltipla,Reta,Sim,1,0,1,0,0,0,1,1,-27.60850222,-48.63715522,SPRF-SC,DEL01-SC,UOP01-DEL01-SC,2025
"688802,0",2025-05-03,sábado,05:00:00,SC,282,"222,1",LAGES,Reação tardia ou ineficiente do condutor,Colisão com objeto,Sem Vítimas,Plena Noite,Decrescente,Céu Claro,Simples,Curva,Sim,1,0,0,0,1,0,0,1,-27.7975146,-50.35276651,SPRF-SC,DEL05-SC,UOP01-DEL05-SC,2025
"688813,0",2025-05-03,sábado,07:10:00,SC,101,"202,3",SAO JOSE,Ingestão de álcool pelo condutor,Colisão com objeto,Sem Vítimas,Pleno dia,Decrescente,Céu Claro,Dupla,Reta,Sim,1,0,0,0,1,0,0,1,-27.55981,-48.61696,SPRF-SC,DEL01-SC,UOP01-DEL01-SC,2025
"688822,0",2025-04-22,terça-feira,05:20:00,SC,116,"2,0",MAFRA,Acessar a via sem observar a presença dos outros veículos,Colisão transversal,Com Vítimas Feridas,Pleno dia,Crescente,Céu Claro,Simples,Reta,Sim,4,0,2,0,2,0,2,2,-26.1217569,-49.7915058,SPRF-SC,DEL06-SC,UOP01-DEL06-SC,2025
"688842,0",2025-05-03,sábado,10:30:00,SC,470,"143,0",LAURENTINO,Conversão proibida,Colisão transversal,Com Vítimas Feridas,Pleno dia,Decrescente,Céu Claro,Simples,Reta,Não,2,0,2,0,0,0,2,2,-27.24311993,-49.6891994,SPRF-SC,DEL04-SC,UOP02-DEL04-SC,2025
"688875,0",2025-05-03,sábado,13:40:00,SC,101,"5,7",ARARANGUA,Acessar a via sem observar a presença dos outros veículos,Colisão lateral mesmo sentido,Com Vítimas Feridas,Pleno dia,Decrescente,Céu Claro,Simples,Rotatória,Sim,3,0,1,0,2,0,1,2,-28.96322399,-49.5191896,SPRF-SC,DEL02-SC,UOP02-DEL02-SC,2025
"688884,0",2025-05-03,sábado,10:00:00,SC,101,"415,9",ARARANGUA,Ingestão de álcool pelo condutor,Colisão transversal,Sem Vítimas,Pleno dia,Decrescente,Céu Claro,Simples,Interseção de Vias,Sim,2,0,0,0,2,0,0,2,-28.9715593,-49.52830911,SPRF-SC,DEL02-SC,UOP02-DEL02-SC,2025
"688892,0",2025-05-03,sábado,16:50:00,SC,101,"122,0",ITAJAI,Condutor Dormindo,Colisão traseira,Com Vítimas Feridas,Pleno dia,Crescente,Céu Claro,Múltipla,Reta,Sim,4,0,2,1,1,0,3,2,-26.93411207,-48.70143838,SPRF-SC,DEL04-SC,UOP04-DEL04-SC,2025
"688935,0",2025-05-03,sábado,17:45:00,SC,163,"106,3",SAO JOSE DO CEDRO,Velocidade Incompatível,Saída de leito carroçável,Sem Vítimas,Pleno dia,Decrescente,Céu Claro,Dupla,Curva,Sim,3,0,0,0,3,0,0,1,-26.4318045,-53.51956487,SPRF-SC,DEL07-SC,UOP03-DEL07-SC,2025
"688938,0",2025-05-03,sábado,21:05:00,SC,282,"501,3",XANXERE,Acessar a via sem observar a presença dos outros veículos,Colisão transversal,Com Vítimas Feridas,Plena Noite,Crescente,Céu Claro,Dupla,Reta;Interseção de Vias,Sim,3,0,2,0,0,1,2,2,-26.882453,-52.381405,SPRF-SC,DEL07-SC,UOP01-DEL07-SC,2025
"688945,0",2025-05-03,sábado,11:20:00,SC,282,"58,0",RANCHO QUEIMADO,Acessar a via sem observar a presença dos outros veículos,Colisão transversal,Com Vítimas Feridas,Pleno dia,Crescente,Céu Claro,Simples,Aclive;Interseção de Vias,Não,5,0,1,0,4,0,1,2,-27.67340464,-49.00481164,SPRF-SC,DEL01-SC,UOP03-DEL01-SC,2025
"688967,0",2025-05-04,domingo,00:23:00,SC,101,"139,0",BALNEARIO CAMBORIU,Ausência de reação do condutor,Colisão traseira,Com Vítimas Feridas,Plena Noite,Crescente,Nublado,Dupla,Curva,Sim,4,0,3,0,0,1,3,3,-27.03181689,-48.60052027,SPRF-SC,DEL04-SC,UOP03-DEL04-SC,2025
"688988,0",2025-05-04,domingo,03:45:00,SC,282,"478,0",VARGEAO,Reação tardia ou ineficiente do condutor,Saída de leito carroçável,Sem Vítimas,Pleno dia,Crescente,Céu Claro,Simples,Reta,Não,1,0,0,0,1,0,0,1,-26.88259,-52.166452,SPRF-SC,DEL07-SC,UOP01-DEL07-SC,2025
"688992,0",2025-05-04,domingo,04:50:00,SC,280,"69,0",JARAGUA DO SUL,Ausência de reação do condutor,Saída de leito carroçável,Com Vítimas Feridas,Plena Noite,Crescente,Céu Claro,Simples,Curva;Viaduto,Sim,1,0,1,0,0,0,1,1,-26.46728659,-49.120382,SPRF-SC,DEL03-SC,UOP03-DEL03-SC,2025
"688993,0",2025-05-04,domingo,05:25:00,SC,101,"199,0",BIGUACU,Condutor deixou de manter distância do veículo da frente,Capotamento,Sem Vítimas,Amanhecer,Decrescente,Céu Claro,Dupla,Reta,Sim,2,0,0,0,2,0,0,2,-27.42250473,-48.641293,SPRF-SC,DEL01-SC,UOP01-DEL01-SC,2025
"688994,0",2025-05-04,domingo,04:00:00,SC,280,"48,0",GUARAMIRIM,Ausência de reação do condutor,Saída de leito carroçável,Com Vítimas Feridas,Amanhecer,Decrescente,Sol,Dupla,Reta,Não,2,0,2,0,0,0,2,1,-26.45915,-48.92956,SPRF-SC,DEL03-SC,UOP03-DEL03-SC,2025
"688997,0",2025-05-04,domingo,04:50:00,SC,470,"3,0",NAVEGANTES,Reação tardia ou ineficiente do condutor,Colisão com objeto,Com Vítimas Feridas,Amanhecer,Decrescente,Céu Claro,Simples,Viaduto;Interseção de Vias,Sim,1,0,1,0,0,0,1,1,-26.86770663,-48.67576587,SPRF-SC,DEL04-SC,UOP04-DEL04-SC,2025
"689004,0",2025-05-03,sábado,23:30:00,SC,470,"45,0",GASPAR,Demais falhas mecânicas ou elétricas,Tombamento,Com Vítimas Feridas,Plena Noite,Crescente,Céu Claro,Simples,Reta,Não,2,0,2,0,0,0,2,1,-26.86660772,-49.03214201,SPRF-SC,DEL04-SC,UOP01-DEL04-SC,2025
"689013,0",2025-05-04,domingo,08:30:00,SC,101,"229,0",PALHOCA,Condutor Dormindo,Saída de leito carroçável,Com Vítimas Feridas,Pleno dia,Crescente,Céu Claro,Múltipla,Reta,Não,2,0,2,0,0,0,2,1,-27.76566331,-48.63100139,SPRF-SC,DEL01-SC,UOP02-DEL01-SC,2025
"689025,0",2025-05-04,domingo,09:55:00,SC,101,"112,1",NAVEGANTES,Ausência de reação do condutor,Colisão traseira,Com Vítimas Feridas,Pleno dia,Decrescente,Sol,Dupla,Reta,Não,2,0,1,0,1,0,1,2,-26.84257893,-48.71702939,SPRF-SC,DEL04-SC,UOP04-DEL04-SC,2025
"689035,0",2025-05-04,domingo,11:15:00,SC,101,"139,8",CAMBORIU,Reação tardia ou ineficiente do condutor,Colisão traseira,Com Vítimas Feridas,Pleno dia,Crescente,Céu Claro,Simples,Reta,Não,3,0,1,0,2,0,1,2,-26.98407573,-48.67002234,SPRF-SC,DEL04-SC,UOP03-DEL04-SC,2025
"689040,0",2025-05-04,domingo,11:35:00,SC,282,"184,7",BOCAINA DO SUL,Manobra de mudança de faixa,Saída de leito carroçável,Com Vítimas Feridas,Pleno dia,Crescente,Céu Claro,Simples,Reta,Não,2,0,2,0,0,0,2,1,-27.73445882,-49.98389304,SPRF-SC,DEL05-SC,UOP01-DEL05-SC,2025
"689046,0",2025-05-04,domingo,13:00:00,SC,101,"169,9",TIJUCAS,Objeto estático sobre o leito carroçável,Tombamento,Com Vítimas Feridas,Pleno dia,Crescente,Sol,Dupla,Reta,Sim,2,0,2,0,0,0,2,1,-27.29508123,-48.6312604,SPRF-SC,DEL04-SC,UOP03-DEL04-SC,2025
"689048,0",2025-05-04,domingo,12:30:00,SC,101,"209,7",SAO JOSE,Reação tardia ou ineficiente do condutor,Engavetamento,Sem Vítimas,Pleno dia,Decrescente,Céu Claro,Múltipla,Reta,Não,5,0,0,0,5,0,0,3,-27.615052,-48.643738,SPRF-SC,DEL01-SC,UOP01-DEL01-SC,2025
"689060,0",2025-05-04,domingo,13:40:00,SC,280,"125,8",RIO NEGRINHO,Ultrapassagem Indevida,Colisão lateral mesmo sentido,Com Vítimas Feridas,Pleno dia,Crescente,Céu Claro,Simples,Reta,Não,2,0,1,0,1,0,1,2,-26.237595,-49.493361,SPRF-SC,DEL06-SC,UOP03-DEL06-SC,2025
"689062,0",2025-05-04,domingo,15:15:00,SC,101,"143,3",ITAPEMA,Reação tardia ou ineficiente do condutor,Colisão lateral mesmo sentido,Com Vítimas Feridas,Pleno dia,Decrescente,Sol,Dupla,Reta,Não,3,0,1,0,2,0,1,2,-27.06881177,-48.59539859,SPRF-SC,DEL04-SC,UOP03-DEL04-SC,2025
"689069,0",2025-05-04,domingo,16:20:00,SC,282,"36,0",AGUAS MORNAS,Transitar na contramão,Colisão lateral sentido oposto,Com Vítimas Feridas,Pleno dia,Crescente,Céu Claro,Simples,Curva,Não,8,0,2,0,6,0,2,5,-27.70487639,-48.83643597,SPRF-SC,DEL01-SC,UOP03-DEL01-SC,2025
"689075,0",2025-05-04,domingo,14:40:00,SC,101,"102,5",BALNEARIO PICARRAS,Acessar a via sem observar a presença dos outros veículos,Colisão transversal,Com Vítimas Feridas,Pleno dia,Decrescente,Sol,Múltipla,Reta;Aclive,Sim,2,0,1,0,1,0,1,2,-26.77363044,-48.68567403,SPRF-SC,DEL03-SC,UOP02-DEL03-SC,2025
"689078,0",2025-05-04,domingo,16:30:00,SC,101,"129,8",CAMBORIU,Trafegar com motocicleta (ou similar) entre as faixas,Colisão lateral mesmo sentido,Com Vítimas Feridas,Pleno dia,Crescente,Sol,Múltipla,Reta,Sim,2,0,1,0,1,0,1,2,-26.98339,-48.67183,SPRF-SC,DEL04-SC,UOP03-DEL04-SC,2025
"689080,0",2025-05-04,domingo,15:35:00,SC,101,"149,8",ITAPEMA,Velocidade Incompatível,Colisão com objeto,Com Vítimas Feridas,Pleno dia,Crescente,Céu Claro,Simples,Reta,Sim,1,0,0,1,0,0,1,1,-27.11384886,-48.61027177,SPRF-SC,DEL04-SC,UOP03-DEL04-SC,2025
"689087,0",2025-05-04,domingo,16:50:00,SC,282,"515,0",XAXIM,Curva acentuada,Saída de leito carroçável,Com Vítimas Feridas,Pleno dia,Decrescente,Céu Claro,Simples,Curva;Declive,Não,2,0,2,0,0,0,2,1,-26.91633012,-52.49147415,SPRF-SC,DEL07-SC,UOP01-DEL07-SC,2025
"689093,0",2025-05-04,domingo,16:00:00,SC,282,"243,0",SAO JOSE DO CERRITO,Velocidade Incompatível,Saída de leito carroçável,Com Vítimas Feridas,Pleno dia,Decrescente,Céu Claro,Dupla,Curva,Não,2,0,1,0,1,0,1,1,-27.73619662,-50.51681042,SPRF-SC,DEL05-SC,UOP02-DEL05-SC,2025
"689119,0",2025-05-04,domingo,19:50:00,SC,282,"503,0",XANXERE,Acessar a via sem observar a presença dos outros veículos,Atropelamento de Pedestre,Com Vítimas Feridas,Plena Noite,Decrescente,Nublado,Simples,Reta;Aclive,Não,3,0,1,0,2,0,1,2,-26.88585388,-52.39590989,SPRF-SC,DEL07-SC,UOP01-DEL07-SC,2025
"689129,0",2025-05-04,domingo,19:00:00,SC,101,"44,0",JOINVILLE,Manobra de mudança de faixa,Colisão com objeto,Com Vítimas Feridas,Plena Noite,Decrescente,Nublado,Dupla,Reta,Sim,2,0,1,0,1,0,1,1,-26.33772997,-48.85894775,SPRF-SC,DEL03-SC,UOP01-DEL03-SC,2025
"689150,0",2025-05-04,domingo,22:10:00,SC,101,"282,0",IMBITUBA,Demais falhas mecânicas ou elétricas,Tombamento,Com Vítimas Feridas,Plena Noite,Decrescente,Céu Claro,Dupla,Reta,Não,1,0,0,1,0,0,1,1,-28.220329,-48.700381,SPRF-SC,DEL02-SC,UOP03-DEL02-SC,2025
"689158,0",2025-05-04,domingo,22:00:00,SC,280,"196,0",MAFRA,Objeto estático sobre o leito carroçável,Queda de ocupante de veículo,Com Vítimas Feridas,Plena Noite,Crescente,Céu Claro,Simples,Rotatória;Reta;Retorno Regulamentado,Não,1,0,0,1,0,0,1,1,-26.17471322,-50.03980134,SPRF-SC,DEL06-SC,UOP01-DEL06-SC,2025
"689161,0",2025-05-04,domingo,23:05:00,SC,163,"76,5",SAO MIGUEL DO OESTE,Ausência de sinalização,Colisão com objeto,Com Vítimas Feridas,Plena Noite,Decrescente,Céu Claro,Simples,Curva;Aclive,Não,1,0,1,0,0,0,1,1,-26.67807742,-53.51569746,SPRF-SC,DEL07-SC,UOP03-DEL07-SC,2025
"689164,0",2025-05-04,domingo,23:20:00,SC,470,"55,9",BLUMENAU,Ingestão de álcool pelo condutor,Saída de leito carroçável,Sem Vítimas,Plena Noite,Crescente,Céu Claro,Dupla,Reta;Em Obras,Não,1,0,0,0,1,0,0,1,-26.8764997,-49.12681926,SPRF-SC,DEL04-SC,UOP01-DEL04-SC,2025
"689205,0",2025-05-05,segunda-feira,08:10:00,SC,101,"201,9",SAO JOSE,Trafegar com motocicleta (ou similar) entre as faixas,Colisão traseira,Com Vítimas Feridas,Pleno dia,Crescente,Céu Claro,Dupla,Reta,Sim,3,0,1,0,2,0,1,2,-27.556347,-48.619266,SPRF-SC,DEL01-SC,UOP01-DEL01-SC,2025
"689213,0",2025-05-05,segunda-feira,08:10:00,SC,101,"331,0",TUBARAO,Manobra de mudança de faixa,Colisão lateral mesmo sentido,Com Vítimas Feridas,Pleno dia,Crescente,Céu Claro,Múltipla,Reta,Sim,2,0,1,0,1,0,1,2,-28.46476257,-48.994548,SPRF-SC,DEL02-SC,UOP01-DEL02-SC,2025
"689214,0",2025-05-05,segunda-feira,07:40:00,SC,101,"334,0",TUBARAO,Reação tardia ou ineficiente do condutor,Colisão traseira,Com Vítimas Feridas,Pleno dia,Decrescente,Céu Claro,Simples,Reta;Interseção de Vias,Não,3,0,2,0,1,0,2,2,-28.46977075,-49.01522247,SPRF-SC,DEL02-SC,UOP01-DEL02-SC,2025
"689216,0",2025-05-05,segunda-feira,09:00:00,SC,101,"135,0",BALNEARIO CAMBORIU,Condutor deixou de manter distância do veículo da frente,Colisão traseira,Com Vítimas Feridas,Pleno dia,Decrescente,Céu Claro,Dupla,Reta,Sim,4,0,2,0,2,0,2,3,-27.00531965,-48.62569682,SPRF-SC,DEL04-SC,UOP03-DEL04-SC,2025
"689231,0",2025-05-05,segunda-feira,07:00:00,SC,470,"241,1",CURITIBANOS,Ultrapassagem Indevida,Colisão lateral mesmo sentido,Com Vítimas Feridas,Pleno dia,Decrescente,Céu Claro,Simples,Reta,Sim,2,0,1,0,1,0,1,2,-27.3130371,-50.55837242,SPRF-SC,DEL05-SC,UOP03-DEL05-SC,2025
"689280,0",2025-05-05,segunda-feira,15:15:00,SC,101,"3,9",ARARANGUA,Ausência de reação do condutor,Colisão traseira,Com Vítimas Feridas,Pleno dia,Decrescente,Céu Claro,Simples,Reta,Sim,2,0,1,0,1,0,1,2,-28.95107651,-49.50782776,SPRF-SC,DEL02-SC,UOP02-DEL02-SC,2025
"689294,0",2025-05-05,segunda-feira,14:10:00,SC,163,"1,7",DIONISIO CERQUEIRA,Retorno proibido,Colisão transversal,Com Vítimas Feridas,Pleno dia,Decrescente,Céu Claro,Simples,Reta;Declive,Sim,2,0,1,0,1,0,1,2,-26.26331387,-53.62275481,SPRF-SC,DEL07-SC,UOP03-DEL07-SC,2025
"689295,0",2025-05-05,segunda-feira,17:30:00,SC,101,"326,0",CAPIVARI DE BAIXO,Ausência de reação do condutor,Queda de ocupante de veículo,Com Vítimas Feridas,Anoitecer,Crescente,Céu Claro,Dupla,Reta,Não,2,0,1,0,0,1,1,2,-28.43319086,-48.95652906,SPRF-SC,DEL02-SC,UOP01-DEL02-SC,2025
"689328,0",2025-05-05,segunda-feira,17:45:00,SC,101,"55,4",JOINVILLE,Ausência de reação do condutor,Colisão com objeto,Sem Vítimas,Anoitecer,Decrescente,Nublado,Dupla,Reta,Não,2,0,0,0,1,1,0,2,-26.43063676,-48.82386295,SPRF-SC,DEL03-SC,UOP01-DEL03-SC,2025
"689335,0",2025-05-05,segunda-feira,18:40:00,SC,116,"69,0",MONTE CASTELO,Ausência de reação do condutor,Colisão com objeto,Com Vítimas Feridas,Anoitecer,Crescente,Nublado,Simples,Interseção de Vias;Declive;Rotatória,Sim,2,0,1,0,1,0,1,2,-26.46109108,-50.22915649,SPRF-SC,DEL06-SC,UOP02-DEL06-SC,2025
"689346,0",2025-05-05,segunda-feira,17:40:00,SC,101,"385,6",ICARA,Manobra de mudança de faixa,Colisão lateral mesmo sentido,Com Vítimas Feridas,Anoitecer,Decrescente,Céu Claro,Dupla,Reta,Sim,2,0,1,0,1,0,1,2,-28.78446037,-49.33517329,SPRF-SC,DEL02-SC,UOP02-DEL02-SC,2025
"689355,0",2025-05-05,segunda-feira,21:30:00,SC,163,"76,5",SAO MIGUEL DO OESTE,Iluminação deficiente,Colisão com objeto,Com Vítimas Feridas,Plena Noite,Decrescente,Céu Claro,Simples,Curva;Aclive,Sim,2,0,2,0,0,0,2,1,-26.70507218,-53.5135405,SPRF-SC,DEL07-SC,UOP03-DEL07-SC,2025
"689379,0",2025-05-06,terça-feira,05:45:00,SC,101,"208,0",SAO JOSE,Condutor deixou de manter distância do veículo da frente,Colisão traseira,Com Vítimas Feridas,Pleno dia,Decrescente,Céu Claro,Dupla,Reta,Sim,3,0,2,0,1,0,2,2,-27.603491,-48.632046,SPRF-SC,DEL01-SC,UOP01-DEL01-SC,2025
"689381,0",2025-05-06,terça-feira,05:00:00,SC,470,"290,1",BRUNOPOLIS,Demais falhas na via,Colisão frontal,Com Vítimas Feridas,Pleno dia,Decrescente,Céu Claro,Simples,Reta,Não,8,0,2,6,0,0,8,2,-27.335973,-50.965332,SPRF-SC,DEL07-SC,UOP06-DEL07-SC,2025
"689393,0",2025-05-06,terça-feira,07:15:00,SC,101,"192,0",BIGUACU,Ausência de reação do condutor,Colisão traseira,Com Vítimas Feridas,Pleno dia,Decrescente,Céu Claro,Múltipla,Reta,Sim,2,0,1,0,1,0,1,2,-27.488,-48.653,SPRF-SC,DEL01-SC,UOP01-DEL01-SC,2025
"689412,0",2025-05-06,terça-feira,08:15:00,SC,101,"119,0",ITAJAI,Reação tardia ou ineficiente do condutor,Colisão lateral mesmo sentido,Com Vítimas Feridas,Pleno dia,Crescente,Céu Claro,Múltipla,Reta,Sim,2,0,1,0,1,0,1,2,-26.91457709,-48.71133375,SPRF-SC,DEL04-SC,UOP04-DEL04-SC,2025
"689414,0",2025-05-06,terça-feira,08:20:00,SC,282,"0,1",FLORIANOPOLIS,Reação tardia ou ineficiente do condutor,Colisão traseira,Com Vítimas Feridas,Pleno dia,Crescente,Céu Claro,Múltipla,Reta,Sim,2,0,1,0,1,0,1,2,-27.59456988,-48.56970755,SPRF-SC,DEL01-SC,UOP01-DEL01-SC,2025
"689426,0",2025-05-06,terça-feira,10:00:00,SC,101,"133,0",BALNEARIO CAMBORIU,Entrada inopinada do pedestre,Atropelamento de Pedestre,Com Vítimas Feridas,Pleno dia,Decrescente,Céu Claro,Dupla,Reta,Sim,2,0,1,0,1,0,1,2,-27.00190882,-48.64255786,SPRF-SC,DEL04-SC,UOP03-DEL04-SC,2025
"689493,0",2025-05-06,terça-feira,16:00:00,SC,101,"108,3",PENHA,Afundamento ou ondulação no pavimento,Tombamento,Com Vítimas Feridas,Pleno dia,Decrescente,Nublado,Dupla,Reta,Não,1,0,1,0,0,0,1,1,-26.82774084,-48.69165763,SPRF-SC,DEL03-SC,UOP02-DEL03-SC,2025
"689529,0",2025-05-06,terça-feira,19:00:00,SC,470,"56,3",BLUMENAU,Conversão proibida,Colisão transversal,Sem Vítimas,Plena Noite,Decrescente,Céu Claro,Simples,Reta;Em Obras,Sim,2,0,0,0,2,0,0,2,-26.87765544,-49.13043022,SPRF-SC,DEL04-SC,UOP01-DEL04-SC,2025
"689532,0",2025-05-06,terça-feira,18:35:00,SC,153,"99,5",CONCORDIA,Acessar a via sem observar a presença dos outros veículos,Colisão transversal,Com Vítimas Feridas,Plena Noite,Crescente,Céu Claro,Simples,Reta,Sim,2,0,0,2,0,0,2,2,-27.24177631,-51.95228426,SPRF-SC,DEL07-SC,UOP04-DEL07-SC,2025
"689533,0",2025-05-06,terça-feira,18:10:00,SC,282,"584,0",PINHALZINHO,Pista Escorregadia,Queda de ocupante de veículo,Com Vítimas Feridas,Plena Noite,Crescente,Nublado,Simples,Curva,Não,1,0,1,0,0,0,1,1,-26.8321475,-53.0224813,SPRF-SC,DEL07-SC,UOP02-DEL07-SC,2025
"689570,0",2025-05-07,quarta-feira,07:15:00,SC,101,"189,0",BIGUACU,Reação tardia ou ineficiente do condutor,Tombamento,Com Vítimas Feridas,Pleno dia,Decrescente,Nublado,Dupla,Curva,Não,1,0,1,0,0,0,1,1,-27.46441782,-48.64184657,SPRF-SC,DEL01-SC,UOP01-DEL01-SC,2025
"689572,0",2025-05-07,quarta-feira,06:30:00,SC,101,"398,0",MARACAJA,Neblina,Saída de leito carroçável,Com Vítimas Feridas,Amanhecer,Crescente,Nevoeiro/Neblina,Simples,Reta,Sim,1,0,0,1,0,0,1,1,-28.8572039,-49.44076952,SPRF-SC,DEL02-SC,UOP02-DEL02-SC,2025
"689580,0",2025-05-07,quarta-feira,07:30:00,SC,101,"134,0",BALNEARIO CAMBORIU,Acessar a via sem observar a presença dos outros veículos,Colisão transversal,Com Vítimas Feridas,Pleno dia,Crescente,Nublado,Simples,Reta,Sim,3,0,3,0,0,0,3,2,-27.00152645,-48.64020288,SPRF-SC,DEL04-SC,UOP03-DEL04-SC,2025