id,data_inversa,dia_semana,horario,uf,br,km,municipio,causa_acidente,tipo_acidente,classificacao_acidente,fase_dia,sentido_via,condicao_metereologica,tipo_pista,tracado_via,uso_solo,pessoas,mortos,feridos_leves,feridos_graves,ilesos,ignorados,feridos,veiculos,latitude,longitude,regional,delegacia,uop,ano_arquivo
"689582,0",2025-05-07,quarta-feira,05:10:00,SC,101,"398,0",MARACAJA,Restrição de visibilidade em curvas horizontais,Saída de leito carroçável,Com Vítimas Feridas,Amanhecer,Decrescente,Nevoeiro/Neblina,Múltipla,Reta,Não,1,0,0,1,0,0,1,1,-28.85278271,-49.4370788,SPRF-SC,DEL02-SC,UOP02-DEL02-SC,2025
"689596,0",2025-04-25,sexta-feira,18:45:00,SC,282,"1,5",FLORIANOPOLIS,Manobra de mudança de faixa,Colisão lateral mesmo sentido,Com Vítimas Feridas,Plena Noite,Crescente,Céu Claro,Múltipla,Reta,Não,3,0,0,1,1,1,1,3,-27.6035964,-48.58316772,SPRF-SC,DEL01-SC,UOP01-DEL01-SC,2025
"689606,0",2025-05-07,quarta-feira,10:15:00,SC,101,"288,5",IMBITUBA,Desrespeitar a preferência no cruzamento,Colisão transversal,Com Vítimas Feridas,Pleno dia,Decrescente,Céu Claro,Múltipla,Interseção de Vias,Sim,2,0,1,0,1,0,1,2,-28.26813924,-48.70090127,SPRF-SC,DEL02-SC,UOP03-DEL02-SC,2025
"689622,0",2025-05-07,quarta-feira,12:36:00,SC,101,"340,0",TUBARAO,Desrespeitar a preferência no cruzamento,Colisão transversal,Sem Vítimas,Pleno dia,Decrescente,Céu Claro,Múltipla,Retorno Regulamentado;Viaduto,Sim,2,0,0,0,2,0,0,2,-28.5074,-49.0495,SPRF-SC,DEL02-SC,UOP01-DEL02-SC,2025
"689625,0",2025-05-07,quarta-feira,08:20:00,SC,280,"80,0",CORUPA,Reação tardia ou ineficiente do condutor,Queda de ocupante de veículo,Com Vítimas Feridas,Pleno dia,Crescente,Céu Claro,Simples,Reta,Não,1,0,1,0,0,0,1,1,-26.43987531,-49.227424,SPRF-SC,DEL06-SC,UOP03-DEL06-SC,2025
"689657,0",2025-05-07,quarta-feira,16:50:00,SC,101,"192,0",BIGUACU,Acumulo de óleo sobre o pavimento,Tombamento,Com Vítimas Feridas,Pleno dia,Decrescente,Nublado,Múltipla,Reta,Sim,2,0,2,0,0,0,2,1,-27.48639844,-48.64870967,SPRF-SC,DEL01-SC,UOP01-DEL01-SC,2025
"689677,0",2025-05-07,quarta-feira,18:20:00,SC,470,"2,0",NAVEGANTES,Ausência de reação do condutor,Colisão traseira,Com Vítimas Feridas,Plena Noite,Decrescente,Céu Claro,Dupla,Reta,Não,2,0,0,1,1,0,1,2,-26.87701827,-48.66641231,SPRF-SC,DEL04-SC,UOP04-DEL04-SC,2025
"689682,0",2025-05-07,quarta-feira,18:45:00,SC,282,"16,5",PALHOCA,Acessar a via sem observar a presença dos outros veículos,Colisão transversal,Com Vítimas Feridas,Plena Noite,Crescente,Nublado,Simples,Reta,Não,2,0,1,0,1,0,1,2,-27.66177887,-48.68458271,SPRF-SC,DEL01-SC,UOP02-DEL01-SC,2025
"689694,0",2025-05-07,quarta-feira,19:30:00,SC,282,"3,5",FLORIANOPOLIS,Trafegar com motocicleta (ou similar) entre as faixas,Colisão transversal,Com Vítimas Feridas,Plena Noite,Crescente,Céu Claro,Múltipla,Reta,Não,4,0,2,0,2,0,2,3,-27.59753215,-48.60085487,SPRF-SC,DEL01-SC,UOP01-DEL01-SC,2025
"689706,0",2025-05-07,quarta-feira,18:50:00,SC,101,"380,0",ICARA,Transitar na calçada,Colisão com objeto,Com Vítimas Feridas,Plena Noite,Decrescente,Nublado,Múltipla,Reta,Sim,1,0,0,1,0,0,1,1,-28.7606618,-49.28759694,SPRF-SC,DEL02-SC,UOP02-DEL02-SC,2025
"689736,0",2025-05-07,quarta-feira,15:30:00,SC,282,"70,0",RANCHO QUEIMADO,Frear bruscamente,Saída de leito carroçável,Sem Vítimas,Pleno dia,Decrescente,Nublado,Simples,Curva,Não,1,0,0,0,1,0,0,1,-27.69153,-49.0913,SPRF-SC,DEL01-SC,UOP03-DEL01-SC,2025
"689750,0",2025-05-08,quinta-feira,05:00:00,SC,101,"57,2",ARAQUARI,Reação tardia ou ineficiente do condutor,Tombamento,Com Vítimas Feridas,Plena Noite,Decrescente,Céu Claro,Simples,Declive;Interseção de Vias;Viaduto;Curva,Não,1,0,1,0,0,0,1,1,-26.43693288,-48.80778663,SPRF-SC,DEL03-SC,UOP01-DEL03-SC,2025
"689753,0",2025-05-08,quinta-feira,06:12:00,SC,282,"345,9",CAMPOS NOVOS,Condutor Dormindo,Saída de leito carroçável,Sem Vítimas,Amanhecer,Decrescente,Nublado,Simples,Reta,Não,1,0,0,0,0,1,0,1,-27.374648,-51.24724,SPRF-SC,DEL07-SC,UOP06-DEL07-SC,2025
"689755,0",2025-05-07,quarta-feira,18:18:00,SC,470,"66,5",INDAIAL,Condutor usando celular,Colisão com objeto,Com Vítimas Feridas,Plena Noite,Decrescente,Nublado,Simples,Reta,Sim,1,0,1,0,0,0,1,1,-26.87036732,-49.22669856,SPRF-SC,DEL04-SC,UOP01-DEL04-SC,2025
"689768,0",2025-05-08,quinta-feira,08:25:00,SC,101,"202,5",SAO JOSE,Trafegar com motocicleta (ou similar) entre as faixas,Queda de ocupante de veículo,Com Vítimas Feridas,Pleno dia,Crescente,Céu Claro,Múltipla,Reta,Sim,1,0,1,0,0,0,1,1,-27.561232,-48.616909,SPRF-SC,DEL01-SC,UOP01-DEL01-SC,2025
"689780,0",2025-05-08,quinta-feira,08:50:00,SC,470,"58,0",BLUMENAU,Trafegar com motocicleta (ou similar) entre as faixas,Colisão transversal,Com Vítimas Feridas,Pleno dia,Crescente,Céu Claro,Simples,Em Obras,Sim,3,0,1,0,2,0,1,2,-26.88378865,-49.14549049,SPRF-SC,DEL04-SC,UOP01-DEL04-SC,2025
"689784,0",2025-05-08,quinta-feira,09:30:00,SC,101,"1,5",FLORIANOPOLIS,Mal súbito do condutor,Engavetamento,Com Vítimas Feridas,Pleno dia,Decrescente,Nublado,Dupla,Reta,Sim,3,0,2,0,1,0,2,3,-27.59919087,-48.57480375,SPRF-SC,DEL03-SC,UOP01-DEL03-SC,2025
"689796,0",2025-05-08,quinta-feira,11:10:00,SC,101,"197,7",BIGUACU,Ausência de reação do condutor,Colisão traseira,Com Vítimas Feridas,Pleno dia,Crescente,Céu Claro,Múltipla,Reta;Interseção de Vias,Sim,2,0,2,0,0,0,2,2,-27.524476,-48.636559,SPRF-SC,DEL01-SC,UOP01-DEL01-SC,2025
"689807,0",2025-05-08,quinta-feira,12:20:00,SC,101,"207,0",SAO JOSE,Acessar a via sem observar a presença dos outros veículos,Colisão transversal,Com Vítimas Feridas,Pleno dia,Decrescente,Céu Claro,Múltipla,Reta,Sim,2,0,1,0,1,0,1,2,-27.59502,-48.618978,SPRF-SC,DEL01-SC,UOP01-DEL01-SC,2025
"689814,0",2025-03-15,sábado,08:00:00,SC,470,"57,0",BLUMENAU,Acessar a via sem observar a presença dos outros veículos,Colisão transversal,Com Vítimas Feridas,Pleno dia,Crescente,Céu Claro,Simples,Interseção de Vias,Não,3,0,1,0,2,0,1,2,-26.87321929,-49.1141814,SPRF-SC,DEL04-SC,UOP01-DEL04-SC,2025
"689855,0",2025-05-08,quinta-feira,16:40:00,SC,280,"56,0",GUARAMIRIM,Acessar a via sem observar a presença dos outros veículos,Colisão lateral mesmo sentido,Com Vítimas Feridas,Pleno dia,Decrescente,Céu Claro,Dupla,Reta,Sim,2,0,1,0,1,0,1,2,-26.4752502,-48.9881123,SPRF-SC,DEL03-SC,UOP03-DEL03-SC,2025
"689861,0",2025-05-08,quinta-feira,17:20:00,SC,101,"117,1",ITAJAI,Ausência de reação do condutor,Colisão traseira,Sem Vítimas,Anoitecer,Crescente,Céu Claro,Dupla,Reta,Não,2,0,0,0,2,0,0,2,-26.88920804,-48.7220934,SPRF-SC,DEL04-SC,UOP04-DEL04-SC,2025
"689868,0",2025-05-08,quinta-feira,17:20:00,SC,470,"0,2",GASPAR,Ultrapassagem Indevida,Colisão transversal,Com Vítimas Feridas,Pleno dia,Decrescente,Céu Claro,Simples,Reta,Sim,3,0,1,0,2,0,1,3,-26.91386626,-48.96000115,SPRF-SC,DEL04-SC,UOP01-DEL04-SC,2025
"689874,0",2025-05-08,quinta-feira,18:50:00,SC,101,"151,9",ITAPEMA,Ausência de reação do condutor,Tombamento,Com Vítimas Feridas,Anoitecer,Decrescente,Céu Claro,Simples,Reta,Sim,1,0,1,0,0,0,1,1,-27.12964634,-48.60984296,SPRF-SC,DEL04-SC,UOP03-DEL04-SC,2025
"689881,0",2025-04-04,sexta-feira,01:40:00,SC,101,"136,3",BALNEARIO CAMBORIU,Reação tardia ou ineficiente do condutor,Colisão com objeto,Com Vítimas Feridas,Plena Noite,Crescente,Nublado,Dupla,Reta,Sim,1,0,1,0,0,0,1,1,-27.01007,-48.61515,SPRF-SC,DEL04-SC,UOP03-DEL04-SC,2025
"689882,0",2025-05-08,quinta-feira,17:46:00,SC,101,"89,0",BARRA VELHA,Ausência de reação do condutor,Tombamento,Com Vítimas Feridas,Plena Noite,Decrescente,Nublado,Dupla,Reta,Sim,1,0,1,0,0,0,1,1,-26.66104062,-48.68842933,SPRF-SC,DEL03-SC,UOP02-DEL03-SC,2025
"689889,0",2025-05-08,quinta-feira,19:00:00,SC,101,"134,0",BALNEARIO CAMBORIU,Reação tardia ou ineficiente do condutor,Colisão traseira,Com Vítimas Feridas,Plena Noite,Crescente,Céu Claro,Múltipla,Reta,Não,2,0,1,0,1,0,1,2,-27.00343307,-48.63336174,SPRF-SC,DEL04-SC,UOP03-DEL04-SC,2025
"689895,0",2025-05-08,quinta-feira,20:00:00,SC,101,"149,0",ITAPEMA,Reação tardia ou ineficiente do condutor,Tombamento,Com Vítimas Feridas,Plena Noite,Crescente,Céu Claro,Múltipla,Reta,Sim,1,0,1,0,0,0,1,1,-27.1049629,-48.6162707,SPRF-SC,DEL04-SC,UOP03-DEL04-SC,2025
"689896,0",2025-05-08,quinta-feira,18:15:00,SC,470,"45,1",GASPAR,Transitar no Acostamento,Colisão lateral sentido oposto,Com Vítimas Feridas,Plena Noite,Crescente,Céu Claro,Dupla,Reta;Em Obras,Não,3,0,0,2,1,0,2,3,-26.86599354,-49.03230278,SPRF-SC,DEL04-SC,UOP01-DEL04-SC,2025
"689903,0",2025-05-08,quinta-feira,18:50:00,SC,101,"333,0",TUBARAO,Acessar a via sem observar a presença dos outros veículos,Colisão transversal,Com Vítimas Feridas,Anoitecer,Decrescente,Céu Claro,Simples,Reta,Sim,2,0,1,1,0,0,2,2,-28.468755,-49.011534,SPRF-SC,DEL02-SC,UOP01-DEL02-SC,2025
"689934,0",2025-05-09,sexta-feira,05:30:00,SC,101,"208,0",SAO JOSE,Demais falhas mecânicas ou elétricas,Incêndio,Sem Vítimas,Amanhecer,Crescente,Nublado,Múltipla,Aclive,Sim,1,0,0,0,0,1,0,1,-27.60147534,-48.62577796,SPRF-SC,DEL01-SC,UOP01-DEL01-SC,2025
"689945,0",2025-05-09,sexta-feira,05:50:00,SC,470,"245,5",CURITIBANOS,Pedestre andava na pista,Atropelamento de Pedestre,Com Vítimas Feridas,Amanhecer,Decrescente,Nevoeiro/Neblina,Simples,Reta,Sim,2,0,1,0,1,0,1,2,-27.31313917,-50.55713701,SPRF-SC,DEL05-SC,UOP03-DEL05-SC,2025
"689948,0",2025-05-09,sexta-feira,07:35:00,SC,282,"18,9",PALHOCA,Transitar na contramão,Colisão lateral sentido oposto,Com Vítimas Feridas,Pleno dia,Crescente,Céu Claro,Simples,Viaduto;Reta,Sim,2,0,1,0,1,0,1,2,-27.678258,-48.701645,SPRF-SC,DEL01-SC,UOP02-DEL01-SC,2025
"689977,0",2025-05-09,sexta-feira,09:50:00,SC,101,"204,0",SAO JOSE,Ausência de reação do condutor,Colisão traseira,Com Vítimas Feridas,Pleno dia,Decrescente,Céu Claro,Múltipla,Reta,Não,2,0,1,0,1,0,1,2,-27.56756757,-48.61902691,SPRF-SC,DEL01-SC,UOP01-DEL01-SC,2025
"690015,0",2025-05-09,sexta-feira,08:45:00,SC,101,"40,0",JOINVILLE,Ausência de reação do condutor,Queda de ocupante de veículo,Com Vítimas Feridas,Pleno dia,Crescente,Céu Claro,Dupla,Interseção de Vias;Rotatória,Não,1,0,1,0,0,0,1,1,-26.198016,-48.8964096,SPRF-SC,DEL03-SC,UOP01-DEL03-SC,2025
"690030,0",2025-05-09,sexta-feira,13:22:00,SC,101,"195,5",BIGUACU,Manobra de mudança de faixa,Colisão lateral mesmo sentido,Com Vítimas Feridas,Pleno dia,Decrescente,Sol,Dupla,Interseção de Vias;Reta,Sim,3,0,0,1,1,1,1,2,-27.506906,-48.647961,SPRF-SC,DEL01-SC,UOP01-DEL01-SC,2025
"690053,0",2025-04-06,domingo,22:30:00,SC,282,"344,0",CAMPOS NOVOS,Ingestão de álcool pelo condutor,Colisão traseira,Sem Vítimas,Plena Noite,Decrescente,Céu Claro,Simples,Reta,Não,2,0,0,0,2,0,0,2,-27.380362,-51.241053,SPRF-SC,DEL07-SC,UOP06-DEL07-SC,2025
"690057,0",2025-05-09,sexta-feira,09:35:00,SC,101,"421,8",ARARANGUA,Reação tardia ou ineficiente do condutor,Colisão traseira,Com Vítimas Feridas,Pleno dia,Decrescente,Ignorado,Dupla,Reta;Aclive,Sim,4,0,2,1,1,0,3,3,-29.00846788,-49.56927951,SPRF-SC,DEL02-SC,UOP02-DEL02-SC,2025
"690063,0",2025-05-09,sexta-feira,16:30:00,SC,101,"216,1",PALHOCA,Reação tardia ou ineficiente do condutor,Queda de ocupante de veículo,Com Vítimas Feridas,Pleno dia,Crescente,Céu Claro,Múltipla,Reta,Sim,1,0,1,0,0,0,1,1,-27.6614981,-48.6768779,SPRF-SC,DEL01-SC,UOP02-DEL01-SC,2025
"690070,0",2025-05-09,sexta-feira,15:35:00,SC,101,"207,0",SAO JOSE,Ausência de reação do condutor,Tombamento,Com Vítimas Feridas,Pleno dia,Decrescente,Céu Claro,Múltipla,Reta,Sim,2,0,1,0,1,0,1,1,-27.6016285,-48.6260806,SPRF-SC,DEL01-SC,UOP01-DEL01-SC,2025
"690071,0",2025-05-09,sexta-feira,16:40:00,SC,470,"44,1",GASPAR,Transitar no Acostamento,Atropelamento de Pedestre,Com Vítimas Feridas,Pleno dia,Crescente,Céu Claro,Dupla,Reta,Não,2,0,0,1,1,0,1,2,-26.8702491,-49.0233458,SPRF-SC,DEL04-SC,UOP01-DEL04-SC,2025
"690086,0",2025-05-09,sexta-feira,18:00:00,SC,101,"121,5",ITAJAI,Manobra de mudança de faixa,Colisão lateral mesmo sentido,Com Vítimas Feridas,Anoitecer,Crescente,Nublado,Dupla,Reta,Sim,2,0,1,0,1,0,1,2,-26.92539886,-48.70857239,SPRF-SC,DEL04-SC,UOP04-DEL04-SC,2025
"690090,0",2025-05-09,sexta-feira,17:55:00,SC,280,"69,5",JARAGUA DO SUL,Conversão proibida,Colisão transversal,Com Vítimas Feridas,Anoitecer,Crescente,Nublado,Simples,Reta,Não,2,0,1,0,1,0,1,2,-26.464821,-49.127891,SPRF-SC,DEL03-SC,UOP03-DEL03-SC,2025
"690102,0",2025-05-09,sexta-feira,17:45:00,SC,101,"198,0",BIGUACU,Ausência de reação do condutor,Colisão transversal,Sem Vítimas,Plena Noite,Crescente,Chuva,Simples,Reta,Sim,3,0,0,0,2,1,0,3,-27.527723,-48.634517,SPRF-SC,DEL01-SC,UOP01-DEL01-SC,2025
"690104,0",2025-05-09,sexta-feira,18:20:00,SC,282,"26,7",SANTO AMARO DA IMPERATRIZ,Acessar a via sem observar a presença dos outros veículos,Colisão transversal,Com Vítimas Feridas,Plena Noite,Decrescente,Nublado,Simples,Reta;Rotatória,Sim,3,0,2,0,1,0,2,2,-27.6758886,-48.76883535,SPRF-SC,DEL01-SC,UOP03-DEL01-SC,2025
"690116,0",2025-05-09,sexta-feira,16:50:00,SC,101,"206,9",SAO JOSE,Condutor desrespeitou a iluminação vermelha do semáforo,Colisão transversal,Com Vítimas Feridas,Anoitecer,Crescente,Nublado,Múltipla,Reta,Sim,2,0,0,1,1,0,1,2,-27.59377637,-48.61715198,SPRF-SC,DEL01-SC,UOP01-DEL01-SC,2025
"690123,0",2025-05-09,sexta-feira,19:40:00,SC,282,"54,0",AGUAS MORNAS,Velocidade Incompatível,Colisão lateral sentido oposto,Com Vítimas Feridas,Plena Noite,Decrescente,Chuva,Simples,Curva,Não,4,0,2,0,2,0,2,3,-27.68502799,-48.97299897,SPRF-SC,DEL01-SC,UOP03-DEL01-SC,2025
"690133,0",2025-05-09,sexta-feira,18:45:00,SC,470,"291,0",CAMPOS NOVOS,Manobra de mudança de faixa,Colisão frontal,Com Vítimas Fatais,Plena Noite,Decrescente,Chuva,Simples,Reta,Não,2,1,0,0,0,1,0,2,-27.337943,-50.973255,SPRF-SC,DEL07-SC,UOP06-DEL07-SC,2025
"690142,0",2025-05-09,sexta-feira,19:15:00,SC,470,"48,7",BLUMENAU,Ausência de reação do condutor,Tombamento,Com Vítimas Feridas,Plena Noite,Decrescente,Nublado,Simples,Reta,Sim,1,0,1,0,0,0,1,1,-26.85999506,-49.06245232,SPRF-SC,DEL04-SC,UOP01-DEL04-SC,2025
"690144,0",2025-05-09,sexta-feira,19:30:00,SC,282,"75,0",RANCHO QUEIMADO,Velocidade Incompatível,Capotamento,Com Vítimas Feridas,Plena Noite,Decrescente,Chuva,Simples,Curva,Não,3,0,1,2,0,0,3,1,-27.66659908,-49.10837287,SPRF-SC,DEL01-SC,UOP03-DEL01-SC,2025
"690148,0",2025-05-09,sexta-feira,22:09:00,SC,101,"31,0",SAO JOSE,Velocidade Incompatível,Queda de ocupante de veículo,Com Vítimas Feridas,Plena Noite,Crescente,Chuva,Dupla,Rotatória;Declive,Não,1,0,1,0,0,0,1,1,-27.58647273,-48.69548019,SPRF-SC,DEL03-SC,UOP01-DEL03-SC,2025
"690158,0",2025-05-09,sexta-feira,18:40:00,SC,101,"215,0",PALHOCA,Trafegar com motocicleta (ou similar) entre as faixas,Queda de ocupante de veículo,Com Vítimas Feridas,Anoitecer,Crescente,Nublado,Múltipla,Reta,Sim,2,0,0,1,0,1,1,1,-27.65366,-48.67751,SPRF-SC,DEL01-SC,UOP02-DEL01-SC,2025
"690164,0",2025-05-09,sexta-feira,14:30:00,SC,101,"207,0",SAO JOSE,Condutor deixou de manter distância do veículo da frente,Colisão traseira,Com Vítimas Feridas,Pleno dia,Decrescente,Céu Claro,Dupla,Declive,Sim,3,0,1,0,2,0,1,3,-27.601316,-48.624558,SPRF-SC,DEL01-SC,UOP01-DEL01-SC,2025
"690179,0",2025-05-09,sexta-feira,23:00:00,SC,470,"104,0",APIUNA,Velocidade Incompatível,Saída de leito carroçável,Com Vítimas Feridas,Plena Noite,Decrescente,Garoa/Chuvisco,Simples,Curva,Não,1,0,0,1,0,0,1,1,-27.065,-49.416,SPRF-SC,DEL04-SC,UOP02-DEL04-SC,2025
"690180,0",2025-05-09,sexta-feira,23:50:00,SC,470,"103,0",APIUNA,Velocidade Incompatível,Saída de leito carroçável,Com Vítimas Feridas,Plena Noite,Decrescente,Garoa/Chuvisco,Simples,Curva,Não,1,0,0,1,0,0,1,1,-27.064,-49.402,SPRF-SC,DEL04-SC,UOP02-DEL04-SC,2025
"690183,0",2025-05-10,sábado,01:40:00,SC,101,"161,0",TIJUCAS,Acumulo de água sobre o pavimento,Saída de leito carroçável,Com Vítimas Feridas,Plena Noite,Crescente,Chuva,Dupla,Reta,Sim,1,0,1,0,0,0,1,1,-27.21322562,-48.62256336,SPRF-SC,DEL04-SC,UOP03-DEL04-SC,2025
"690192,0",2025-05-10,sábado,02:20:00,SC,101,"203,7",SAO JOSE,Condutor Dormindo,Colisão com objeto,Com Vítimas Feridas,Plena Noite,Decrescente,Nublado,Múltipla,Reta,Sim,2,0,0,2,0,0,2,1,-27.57247532,-48.61509204,SPRF-SC,DEL01-SC,UOP01-DEL01-SC,2025
"690197,0",2025-05-10,sábado,03:00:00,SC,101,"121,0",ITAJAI,Reação tardia ou ineficiente do condutor,Tombamento,Com Vítimas Feridas,Plena Noite,Decrescente,Garoa/Chuvisco,Simples,Interseção de Vias;Viaduto,Sim,1,0,0,1,0,0,1,1,-26.9619061,-48.68269513,SPRF-SC,DEL04-SC,UOP04-DEL04-SC,2025
"690210,0",2025-05-10,sábado,05:00:00,SC,282,"1,0",FLORIANOPOLIS,Ausência de reação do condutor,Capotamento,Sem Vítimas,Plena Noite,Crescente,Nublado,Múltipla,Reta,Sim,1,0,0,0,0,1,0,1,-27.4751,-48.3889,SPRF-SC,DEL01-SC,UOP01-DEL01-SC,2025
"690214,0",2025-05-10,sábado,03:00:00,SC,101,"33,9",JOINVILLE,Ausência de reação do condutor,Colisão lateral mesmo sentido,Com Vítimas Feridas,Plena Noite,Decrescente,Chuva,Dupla,Curva,Não,2,0,1,0,1,0,1,2,-26.25708872,-48.904953,SPRF-SC,DEL03-SC,UOP01-DEL03-SC,2025
"690216,0",2025-05-10,sábado,06:00:00,SC,101,"132,0",CAMBORIU,Ingestão de álcool pelo condutor,Saída de leito carroçável,Sem Vítimas,Amanhecer,Decrescente,Chuva,Dupla,Reta,Sim,1,0,0,0,0,1,0,1,-26.99568512,-48.65736055,SPRF-SC,DEL04-SC,UOP03-DEL04-SC,2025
"690224,0",2025-05-10,sábado,04:55:00,SC,280,"50,5",GUARAMIRIM,Transitar no Acostamento,Atropelamento de Pedestre,Com Vítimas Feridas,Plena Noite,Decrescente,Nublado,Simples,Reta;Em Obras,Não,2,0,1,0,0,1,1,2,-26.463885,-48.950788,SPRF-SC,DEL03-SC,UOP03-DEL03-SC,2025
"690233,0",2025-05-10,sábado,07:40:00,SC,101,"217,6",PALHOCA,Condutor Dormindo,Saída de leito carroçável,Sem Vítimas,Pleno dia,Decrescente,Céu Claro,Dupla,Reta,Sim,1,0,0,0,0,1,0,1,-27.6731833,-48.67161254,SPRF-SC,DEL01-SC,UOP02-DEL01-SC,2025
"690244,0",2025-05-02,sexta-feira,18:00:00,SC,101,"107,9",PENHA,Manobra de mudança de faixa,Colisão lateral mesmo sentido,Com Vítimas Feridas,Plena Noite,Crescente,Céu Claro,Múltipla,Reta,Não,2,0,1,0,1,0,1,2,-26.81343363,-48.68321693,SPRF-SC,DEL03-SC,UOP02-DEL03-SC,2025
"690249,0",2025-05-10,sábado,07:19:00,SC,101,"208,7",SAO JOSE,Ausência de reação do condutor,Saída de leito carroçável,Sem Vítimas,Pleno dia,Decrescente,Céu Claro,Dupla,Reta,Sim,1,0,0,0,0,1,0,1,-27.6075877,-48.6361428,SPRF-SC,DEL01-SC,UOP01-DEL01-SC,2025
"690251,0",2025-05-10,sábado,07:45:00,SC,101,"6,5",ARARANGUA,Acessar a via sem observar a presença dos outros veículos,Colisão lateral mesmo sentido,Sem Vítimas,Pleno dia,Decrescente,Céu Claro,Simples,Rotatória,Não,2,0,0,0,1,1,0,2,-28.96320008,-49.51934902,SPRF-SC,DEL02-SC,UOP02-DEL02-SC,2025
"690255,0",2025-05-10,sábado,09:45:00,SC,116,"0,3",MAFRA,Ausência de reação do condutor,Colisão traseira,Com Vítimas Feridas,Pleno dia,Crescente,Céu Claro,Simples,Reta,Não,2,0,1,0,1,0,1,2,-26.1117714,-49.7861389,SPRF-SC,DEL06-SC,UOP01-DEL06-SC,2025
"690260,0",2025-05-10,sábado,09:35:00,SC,470,"88,7",ASCURRA,Mal súbito do condutor,Colisão transversal,Com Vítimas Feridas,Pleno dia,Crescente,Céu Claro,Simples,Curva,Sim,2,0,0,1,1,0,1,2,-26.96030144,-49.37537894,SPRF-SC,DEL04-SC,UOP01-DEL04-SC,2025
"690266,0",2025-05-10,sábado,11:10:00,SC,470,"32,3",GASPAR,Ausência de reação do condutor,Tombamento,Com Vítimas Feridas,Pleno dia,Crescente,Céu Claro,Simples,Curva;Rotatória,Não,1,0,0,1,0,0,1,1,-26.90307008,-48.93395305,SPRF-SC,DEL04-SC,UOP01-DEL04-SC,2025
"690284,0",2025-05-10,sábado,11:43:00,SC,101,"209,8",SAO JOSE,Transitar na contramão,Colisão lateral sentido oposto,Com Vítimas Feridas,Pleno dia,Crescente,Céu Claro,Múltipla,Reta,Sim,4,0,1,0,3,0,1,4,-27.612789,-48.641966,SPRF-SC,DEL01-SC,UOP01-DEL01-SC,2025
"690287,0",2025-05-10,sábado,13:05:00,SC,101,"206,5",SAO JOSE,Reação tardia ou ineficiente do condutor,Colisão com objeto,Com Vítimas Feridas,Pleno dia,Decrescente,Céu Claro,Múltipla,Reta,Sim,1,0,1,0,0,0,1,1,-27.597,-48.62,SPRF-SC,DEL01-SC,UOP01-DEL01-SC,2025
"690309,0",2025-05-10,sábado,10:00:00,SC,470,"22,0",ILHOTA,Reação tardia ou ineficiente do condutor,Colisão com objeto,Com Vítimas Feridas,Pleno dia,Decrescente,Céu Claro,Dupla,Retorno Regulamentado,Sim,1,0,1,0,0,0,1,1,-26.88061144,-48.83936143,SPRF-SC,DEL04-SC,UOP04-DEL04-SC,2025
"690312,0",2025-05-10,sábado,08:00:00,SC,101,"334,0",TUBARAO,Desrespeitar a preferência no cruzamento,Colisão transversal,Com Vítimas Feridas,Pleno dia,Decrescente,Céu Claro,Múltipla,Interseção de Vias,Sim,2,0,1,0,1,0,1,2,-28.470715,-49.018594,SPRF-SC,DEL02-SC,UOP01-DEL02-SC,2025
"690324,0",2025-05-10,sábado,15:50:00,SC,280,"29,7",ARAQUARI,Acessar a via sem observar a presença dos outros veículos,Colisão transversal,Com Vítimas Feridas,Pleno dia,Crescente,Céu Claro,Simples,Em Obras;Interseção de Vias,Sim,3,0,0,1,2,0,1,2,-26.41288533,-48.75670905,SPRF-SC,DEL03-SC,UOP03-DEL03-SC,2025
"690325,0",2025-05-10,sábado,15:00:00,SC,282,"255,3",SAO JOSE DO CERRITO,Acessar a via sem observar a presença dos outros veículos,Colisão transversal,Com Vítimas Feridas,Pleno dia,Decrescente,Céu Claro,Simples,Reta,Não,2,0,1,0,1,0,1,2,-27.67307073,-50.57981735,SPRF-SC,DEL05-SC,UOP02-DEL05-SC,2025
"690328,0",2025-05-10,sábado,15:25:00,SC,116,"207,5",PONTE ALTA,Acessar a via sem observar a presença dos outros veículos,Colisão transversal,Com Vítimas Feridas,Pleno dia,Decrescente,Céu Claro,Simples,Interseção de Vias;Rotatória,Sim,6,0,1,0,5,0,1,2,-27.48434,-50.377796,SPRF-SC,DEL05-SC,UOP03-DEL05-SC,2025
"690340,0",2025-05-10,sábado,17:05:00,SC,280,"26,7",ARAQUARI,Ausência de reação do condutor,Colisão lateral mesmo sentido,Com Vítimas Feridas,Pleno dia,Decrescente,Céu Claro,Simples,Reta,Sim,2,0,1,0,1,0,1,2,-26.3948307,-48.7388536,SPRF-SC,DEL03-SC,UOP03-DEL03-SC,2025
"690348,0",2025-05-10,sábado,15:30:00,SC,470,"65,0",BLUMENAU,Ausência de reação do condutor,Saída de leito carroçável,Sem Vítimas,Pleno dia,Decrescente,Céu Claro,Simples,Reta,Sim,1,0,0,0,1,0,0,1,-26.87658182,-49.12265517,SPRF-SC,DEL04-SC,UOP01-DEL04-SC,2025
"690363,0",2025-05-10,sábado,17:30:00,SC,282,"24,2",SANTO AMARO DA IMPERATRIZ,Mal súbito do condutor,Saída de leito carroçável,Com Vítimas Fatais,Plena Noite,Crescente,Céu Claro,Simples,Reta,Sim,2,1,0,0,0,1,0,2,-27.6817,-48.7454,SPRF-SC,DEL01-SC,UOP03-DEL01-SC,2025