id,data_inversa,dia_semana,horario,uf,br,km,municipio,causa_acidente,tipo_acidente,classificacao_acidente,fase_dia,sentido_via,condicao_metereologica,tipo_pista,tracado_via,uso_solo,pessoas,mortos,feridos_leves,feridos_graves,ilesos,ignorados,feridos,veiculos,latitude,longitude,regional,delegacia,uop,ano_arquivo
"692393,0",2025-05-19,segunda-feira,11:25:00,SC,480,"127,0",CHAPECO,Velocidade Incompatível,Saída de leito carroçável,Com Vítimas Feridas,Pleno dia,Crescente,Céu Claro,Múltipla,Reta;Aclive,Sim,3,0,1,0,2,0,1,3,-27.03581271,-52.63416692,SPRF-SC,DEL07-SC,UOP01-DEL07-SC,2025
"692394,0",2025-05-19,segunda-feira,17:20:00,SC,101,"209,8",SAO JOSE,Ausência de reação do condutor,Colisão traseira,Com Vítimas Feridas,Plena Noite,Crescente,Nublado,Múltipla,Reta;Interseção de Vias,Sim,3,0,1,0,2,0,1,3,-27.61550732,-48.64461629,SPRF-SC,DEL01-SC,UOP01-DEL01-SC,2025
"692397,0",2025-05-19,segunda-feira,18:10:00,SC,101,"202,5",SAO JOSE,Acessar a via sem observar a presença dos outros veículos,Colisão traseira,Com Vítimas Feridas,Plena Noite,Decrescente,Nublado,Múltipla,Reta,Sim,3,0,1,1,1,0,2,2,-27.561717,-48.616125,SPRF-SC,DEL01-SC,UOP01-DEL01-SC,2025
"692401,0",2025-05-19,segunda-feira,18:30:00,SC,101,"222,0",PALHOCA,Reação tardia ou ineficiente do condutor,Colisão lateral mesmo sentido,Com Vítimas Feridas,Plena Noite,Crescente,Céu Claro,Múltipla,Aclive,Não,2,0,1,0,1,0,1,2,-27.71071994,-48.65322081,SPRF-SC,DEL01-SC,UOP02-DEL01-SC,2025
"692423,0",2025-05-19,segunda-feira,18:20:00,SC,101,"35,2",JOINVILLE,Condutor deixou de manter distância do veículo da frente,Colisão traseira,Com Vítimas Feridas,Plena Noite,Crescente,Garoa/Chuvisco,Dupla,Reta,Não,5,0,2,0,3,0,2,4,-26.27069136,-48.89490478,SPRF-SC,DEL03-SC,UOP01-DEL03-SC,2025
"692425,0",2025-05-19,segunda-feira,20:20:00,SC,282,"4,7",SAO JOSE,Manobra de mudança de faixa,Colisão lateral mesmo sentido,Com Vítimas Feridas,Plena Noite,Crescente,Céu Claro,Dupla,Reta,Sim,2,0,1,0,0,1,1,2,-27.589248,-48.61077,SPRF-SC,DEL01-SC,UOP01-DEL01-SC,2025
"692464,0",2025-05-20,terça-feira,06:00:00,SC,101,"122,0",ITAJAI,Ausência de reação do condutor,Tombamento,Com Vítimas Feridas,Anoitecer,Decrescente,Céu Claro,Múltipla,Em Obras;Desvio Temporário;Rotatória;Interseção de Vias;Viaduto,Não,1,0,1,0,0,0,1,1,-26.93699759,-48.69741514,SPRF-SC,DEL04-SC,UOP04-DEL04-SC,2025
"692486,0",2025-05-20,terça-feira,08:25:00,SC,101,"200,9",SAO JOSE,Reação tardia ou ineficiente do condutor,Colisão lateral mesmo sentido,Com Vítimas Feridas,Pleno dia,Crescente,Céu Claro,Múltipla,Reta,Sim,2,0,1,0,1,0,1,2,-27.547349,-48.619841,SPRF-SC,DEL01-SC,UOP01-DEL01-SC,2025
"692498,0",2025-05-20,terça-feira,09:10:00,SC,101,"203,0",SAO JOSE,Desrespeitar a preferência no cruzamento,Colisão transversal,Com Vítimas Feridas,Pleno dia,Crescente,Céu Claro,Dupla,Viaduto,Sim,2,0,1,0,1,0,1,2,-27.5658,-48.6146,SPRF-SC,DEL01-SC,UOP01-DEL01-SC,2025
"692499,0",2025-05-20,terça-feira,07:35:00,SC,101,"63,7",ARAQUARI,Ausência de reação do condutor,Tombamento,Com Vítimas Feridas,Pleno dia,Decrescente,Nublado,Dupla,Reta,Não,1,0,0,1,0,0,1,1,-26.4635662,-48.7515578,SPRF-SC,DEL03-SC,UOP02-DEL03-SC,2025
"692525,0",2025-05-20,terça-feira,09:15:00,SC,101,"329,0",CAPIVARI DE BAIXO,Desrespeitar a preferência no cruzamento,Colisão transversal,Com Vítimas Feridas,Pleno dia,Decrescente,Céu Claro,Múltipla,Interseção de Vias,Sim,2,0,2,0,0,0,2,2,-28.43937419,-48.96196604,SPRF-SC,DEL02-SC,UOP01-DEL02-SC,2025
"692527,0",2025-05-20,terça-feira,12:20:00,SC,101,"208,0",SAO JOSE,Mal súbito do condutor,Tombamento,Com Vítimas Feridas,Pleno dia,Decrescente,Nublado,Múltipla,Declive,Sim,2,0,1,0,1,0,1,1,-27.6069329,-48.6352175,SPRF-SC,DEL01-SC,UOP01-DEL01-SC,2025
"692550,0",2025-05-20,terça-feira,14:10:00,SC,116,"12,3",MAFRA,Desrespeitar a preferência no cruzamento,Colisão transversal,Sem Vítimas,Pleno dia,Decrescente,Céu Claro,Simples,Interseção de Vias;Curva,Não,4,0,0,0,4,0,0,2,-26.179826,-49.8712567,SPRF-SC,DEL06-SC,UOP01-DEL06-SC,2025
"692557,0",2025-05-20,terça-feira,13:10:00,SC,101,"427,0",SOMBRIO,Avarias e/ou desgaste excessivo no pneu,Colisão com objeto,Com Vítimas Feridas,Pleno dia,Crescente,Garoa/Chuvisco,Dupla,Reta,Não,2,0,1,0,1,0,1,1,-29.03946164,-49.6115052,SPRF-SC,DEL02-SC,UOP02-DEL02-SC,2025
"692580,0",2025-05-20,terça-feira,14:15:00,SC,101,"294,0",IMBITUBA,Ausência de reação do condutor,Colisão traseira,Com Vítimas Feridas,Pleno dia,Crescente,Céu Claro,Múltipla,Reta,Sim,3,0,1,0,2,0,1,2,-28.317111,-48.726361,SPRF-SC,DEL02-SC,UOP03-DEL02-SC,2025
"692585,0",2025-05-20,terça-feira,18:00:00,SC,101,"217,1",PALHOCA,Manobra de mudança de faixa,Colisão lateral mesmo sentido,Com Vítimas Feridas,Anoitecer,Decrescente,Céu Claro,Simples,Reta,Não,2,0,1,0,1,0,1,2,-27.67438478,-48.67150426,SPRF-SC,DEL01-SC,UOP02-DEL01-SC,2025
"692594,0",2025-05-20,terça-feira,17:50:00,SC,280,"17,0",RIO NEGRINHO,Conversão proibida,Colisão transversal,Sem Vítimas,Plena Noite,Decrescente,Nublado,Simples,Reta,Sim,2,0,0,0,2,0,0,2,-26.23924,-49.50257,SPRF-SC,DEL03-SC,UOP03-DEL03-SC,2025
"692621,0",2025-05-20,terça-feira,18:20:00,SC,101,"161,0",TIJUCAS,Ausência de reação do condutor,Colisão frontal,Com Vítimas Feridas,Plena Noite,Decrescente,Nublado,Dupla,Reta,Não,2,0,0,1,1,0,1,2,-27.22251918,-48.62651221,SPRF-SC,DEL04-SC,UOP03-DEL04-SC,2025
"692634,0",2025-02-24,segunda-feira,01:50:00,SC,101,"132,0",BALNEARIO CAMBORIU,Reação tardia ou ineficiente do condutor,Saída de leito carroçável,Com Vítimas Feridas,Plena Noite,Decrescente,Céu Claro,Múltipla,Reta,Sim,1,0,0,1,0,0,1,1,-26.99755491,-48.65180565,SPRF-SC,DEL04-SC,UOP03-DEL04-SC,2025
"692657,0",2025-05-20,terça-feira,23:30:00,SC,101,"92,0",BARRA VELHA,Reação tardia ou ineficiente do condutor,Colisão lateral mesmo sentido,Sem Vítimas,Plena Noite,Crescente,Nublado,Múltipla,Reta,Não,2,0,0,0,2,0,0,2,-26.68458659,-48.69476287,SPRF-SC,DEL03-SC,UOP02-DEL03-SC,2025
"692667,0",2025-05-21,quarta-feira,06:45:00,SC,101,"24,8",JOINVILLE,Demais falhas na via,Tombamento,Com Vítimas Feridas,Pleno dia,Crescente,Chuva,Dupla,Reta,Sim,1,0,1,0,0,0,1,1,-26.18084408,-48.9091572,SPRF-SC,DEL03-SC,UOP01-DEL03-SC,2025
"692668,0",2025-05-21,quarta-feira,07:00:00,SC,101,"24,8",JOINVILLE,Demais falhas na via,Tombamento,Com Vítimas Feridas,Pleno dia,Crescente,Chuva,Dupla,Reta;Desvio Temporário,Não,1,0,1,0,0,0,1,1,-26.18094999,-48.90916793,SPRF-SC,DEL03-SC,UOP01-DEL03-SC,2025
"692673,0",2025-05-21,quarta-feira,06:30:00,SC,280,"124,2",RIO NEGRINHO,Ingestão de álcool pelo condutor,Colisão traseira,Com Vítimas Feridas,Pleno dia,Crescente,Céu Claro,Simples,Reta,Não,2,0,1,0,1,0,1,2,-26.35641481,-49.625519,SPRF-SC,DEL06-SC,UOP03-DEL06-SC,2025
"692674,0",2025-05-21,quarta-feira,06:50:00,SC,101,"149,0",ITAPEMA,Reação tardia ou ineficiente do condutor,Tombamento,Com Vítimas Feridas,Amanhecer,Crescente,Céu Claro,Dupla,Reta,Sim,2,0,2,0,0,0,2,1,-27.10502976,-48.61605613,SPRF-SC,DEL04-SC,UOP03-DEL04-SC,2025
"692681,0",2025-05-21,quarta-feira,07:30:00,SC,280,"28,6",ARAQUARI,Acessar a via sem observar a presença dos outros veículos,Colisão frontal,Com Vítimas Feridas,Pleno dia,Crescente,Garoa/Chuvisco,Simples,Reta;Interseção de Vias;Em Obras,Sim,2,0,0,1,1,0,1,2,-26.408332,-48.749967,SPRF-SC,DEL03-SC,UOP03-DEL03-SC,2025
"692686,0",2025-05-21,quarta-feira,08:15:00,SC,101,"328,0",CAPIVARI DE BAIXO,Manobra de mudança de faixa,Colisão lateral mesmo sentido,Com Vítimas Feridas,Pleno dia,Crescente,Céu Claro,Dupla,Reta,Sim,2,0,2,0,0,0,2,2,-28.44450268,-48.96630988,SPRF-SC,DEL02-SC,UOP01-DEL02-SC,2025
"692706,0",2025-05-21,quarta-feira,10:00:00,SC,101,"77,7",ARAQUARI,Condutor Dormindo,Saída de leito carroçável,Com Vítimas Feridas,Pleno dia,Crescente,Nublado,Dupla,Curva,Não,3,0,2,0,1,0,2,1,-26.5739306,-48.72297971,SPRF-SC,DEL03-SC,UOP02-DEL03-SC,2025
"692715,0",2025-05-21,quarta-feira,10:25:00,SC,101,"194,8",BIGUACU,Transtornos Mentais (exceto suicidio),Queda de ocupante de veículo,Com Vítimas Feridas,Pleno dia,Crescente,Nublado,Múltipla,Reta,Sim,1,0,1,0,0,0,1,1,-27.50438173,-48.65189999,SPRF-SC,DEL01-SC,UOP01-DEL01-SC,2025
"692799,0",2025-05-21,quarta-feira,18:15:00,SC,280,"124,2",RIO NEGRINHO,Ausência de reação do condutor,Colisão traseira,Com Vítimas Feridas,Plena Noite,Decrescente,Chuva,Simples,Reta,Não,2,0,1,0,1,0,1,2,-26.24037,-49.47709,SPRF-SC,DEL06-SC,UOP03-DEL06-SC,2025
"692809,0",2025-05-21,quarta-feira,18:45:00,SC,101,"157,0",PORTO BELO,Manobra de mudança de faixa,Tombamento,Com Vítimas Feridas,Anoitecer,Decrescente,Chuva,Dupla,Reta,Sim,1,0,1,0,0,0,1,1,-27.18211766,-48.6119797,SPRF-SC,DEL04-SC,UOP03-DEL04-SC,2025
"692813,0",2025-05-21,quarta-feira,18:25:00,SC,101,"206,0",SAO JOSE,Manobra de mudança de faixa,Colisão lateral mesmo sentido,Com Vítimas Feridas,Pleno dia,Decrescente,Céu Claro,Múltipla,Reta,Sim,2,0,1,0,0,1,1,2,-27.592009,-48.618148,SPRF-SC,DEL01-SC,UOP01-DEL01-SC,2025
"692821,0",2025-05-21,quarta-feira,18:45:00,SC,101,"207,0",SAO JOSE,Pista Escorregadia,Tombamento,Com Vítimas Feridas,Plena Noite,Crescente,Chuva,Múltipla,Curva;Aclive,Sim,1,0,1,0,0,0,1,1,-27.60011,-48.622767,SPRF-SC,DEL01-SC,UOP01-DEL01-SC,2025
"692836,0",2025-05-21,quarta-feira,18:30:00,SC,101,"135,0",BALNEARIO CAMBORIU,Condutor deixou de manter distância do veículo da frente,Colisão traseira,Com Vítimas Feridas,Plena Noite,Crescente,Chuva,Dupla,Reta,Sim,2,0,1,0,1,0,1,2,-27.00421737,-48.62784326,SPRF-SC,DEL04-SC,UOP03-DEL04-SC,2025
"692838,0",2025-05-21,quarta-feira,21:30:00,SC,101,"124,9",ITAJAI,Ingestão de álcool pelo condutor,Colisão lateral mesmo sentido,Sem Vítimas,Plena Noite,Decrescente,Chuva,Dupla,Reta,Não,3,0,0,0,3,0,0,3,-26.94715,-48.68504,SPRF-SC,DEL04-SC,UOP04-DEL04-SC,2025
"692839,0",2025-05-21,quarta-feira,19:10:00,SC,163,"2,6",DIONISIO CERQUEIRA,Acessar a via sem observar a presença dos outros veículos,Colisão transversal,Com Vítimas Feridas,Plena Noite,Decrescente,Garoa/Chuvisco,Simples,Reta;Interseção de Vias,Sim,3,0,2,0,1,0,2,2,-26.26805997,-53.62794531,SPRF-SC,DEL07-SC,UOP03-DEL07-SC,2025
"692856,0",2025-05-21,quarta-feira,23:05:00,SC,101,"53,4",JOINVILLE,Reação tardia ou ineficiente do condutor,Saída de leito carroçável,Com Vítimas Feridas,Plena Noite,Crescente,Chuva,Dupla,Curva,Não,1,0,0,1,0,0,1,1,-26.416031,-48.834945,SPRF-SC,DEL03-SC,UOP01-DEL03-SC,2025
"692865,0",2025-05-22,quinta-feira,03:30:00,SC,282,"547,4",CHAPECO,Reação tardia ou ineficiente do condutor,Colisão com objeto,Sem Vítimas,Plena Noite,Crescente,Chuva,Simples,Reta;Rotatória,Não,1,0,0,0,1,0,0,1,-26.97435748,-52.74448709,SPRF-SC,DEL07-SC,UOP01-DEL07-SC,2025
"692875,0",2025-05-22,quinta-feira,02:15:00,SC,116,"243,7",LAGES,Velocidade Incompatível,Saída de leito carroçável,Com Vítimas Feridas,Plena Noite,Decrescente,Nublado,Simples,Curva,Não,3,0,3,0,0,0,3,1,-27.79254994,-50.35926517,SPRF-SC,DEL05-SC,UOP01-DEL05-SC,2025
"692894,0",2025-04-20,domingo,21:30:00,SC,282,"259,1",SAO JOSE DO CERRITO,Ingestão de álcool pelo condutor,Colisão lateral sentido oposto,Sem Vítimas,Plena Noite,Decrescente,Céu Claro,Simples,Curva,Não,2,0,0,0,2,0,0,2,-27.64685882,-50.59301734,SPRF-SC,DEL05-SC,UOP02-DEL05-SC,2025
"692909,0",2025-05-22,quinta-feira,09:00:00,SC,280,"16,0",SAO FRANCISCO DO SUL,Acessar a via sem observar a presença dos outros veículos,Colisão transversal,Sem Vítimas,Pleno dia,Crescente,Nublado,Simples,Reta,Sim,2,0,0,0,2,0,0,2,-26.347613,-48.658039,SPRF-SC,DEL03-SC,UOP03-DEL03-SC,2025
"692940,0",2025-05-22,quinta-feira,11:00:00,SC,280,"187,0",MAFRA,Acessar a via sem observar a presença dos outros veículos,Colisão transversal,Com Vítimas Feridas,Pleno dia,Decrescente,Chuva,Simples,Curva,Não,4,0,2,0,2,0,2,2,-26.1686884,-49.95895386,SPRF-SC,DEL06-SC,UOP01-DEL06-SC,2025
"692964,0",2025-05-22,quinta-feira,15:00:00,SC,101,"213,8",PALHOCA,Transitar na contramão,Colisão transversal,Com Vítimas Feridas,Pleno dia,Decrescente,Chuva,Dupla,Reta;Interseção de Vias,Sim,2,0,1,0,1,0,1,2,-27.64349,-48.66939,SPRF-SC,DEL01-SC,UOP02-DEL01-SC,2025
"692976,0",2025-05-22,quinta-feira,16:00:00,SC,280,"30,0",ARAQUARI,Acessar a via sem observar a presença dos outros veículos,Colisão transversal,Com Vítimas Feridas,Pleno dia,Crescente,Chuva,Simples,Reta;Interseção de Vias,Sim,2,0,0,1,1,0,1,2,-26.4162993,-48.7719298,SPRF-SC,DEL03-SC,UOP03-DEL03-SC,2025
"693000,0",2025-05-22,quinta-feira,15:00:00,SC,470,"74,0",INDAIAL,Ausência de reação do condutor,Colisão traseira,Com Vítimas Feridas,Pleno dia,Crescente,Garoa/Chuvisco,Simples,Reta,Não,3,0,3,0,0,0,3,2,-26.93205287,-49.28671584,SPRF-SC,DEL04-SC,UOP01-DEL04-SC,2025
"693007,0",2025-05-22,quinta-feira,18:00:00,SC,282,"46,8",AGUAS MORNAS,Ingestão de álcool pelo condutor,Saída de leito carroçável,Sem Vítimas,Plena Noite,Decrescente,Chuva,Simples,Reta;Declive,Não,1,0,0,0,1,0,0,1,-27.721767,-48.933363,SPRF-SC,DEL01-SC,UOP03-DEL01-SC,2025
"693031,0",2025-05-22,quinta-feira,17:55:00,SC,158,"109,1",CUNHA PORA,Reação tardia ou ineficiente do condutor,Colisão frontal,Com Vítimas Feridas,Plena Noite,Crescente,Céu Claro,Simples,Reta,Sim,3,0,0,1,2,0,1,2,-26.88653067,-53.17570064,SPRF-SC,DEL07-SC,UOP02-DEL07-SC,2025
"693048,0",2025-05-22,quinta-feira,22:00:00,SC,470,"133,9",RIO DO SUL,Ingestão de álcool pelo condutor,Colisão frontal,Com Vítimas Feridas,Plena Noite,Decrescente,Garoa/Chuvisco,Simples,Reta;Declive,Não,3,0,1,0,2,0,1,3,-27.1732853,-49.5870302,SPRF-SC,DEL04-SC,UOP02-DEL04-SC,2025
"693064,0",2025-05-22,quinta-feira,23:30:00,SC,282,"16,4",PALHOCA,Trafegar com motocicleta (ou similar) entre as faixas,Colisão lateral mesmo sentido,Com Vítimas Feridas,Plena Noite,Crescente,Céu Claro,Simples,Reta,Sim,3,0,0,1,2,0,1,3,-27.66267,-48.68526,SPRF-SC,DEL01-SC,UOP02-DEL01-SC,2025
"693070,0",2025-05-22,quinta-feira,23:00:00,SC,101,"301,2",LAGUNA,Ausência de reação do condutor,Colisão traseira,Com Vítimas Feridas,Plena Noite,Crescente,Nublado,Simples,Reta,Não,2,0,1,0,0,1,1,2,-28.368027,-48.75617,SPRF-SC,DEL02-SC,UOP03-DEL02-SC,2025
"693084,0",2025-05-23,sexta-feira,05:30:00,SC,282,"5,4",SAO JOSE,Reação tardia ou ineficiente do condutor,Tombamento,Com Vítimas Feridas,Plena Noite,Decrescente,Nublado,Múltipla,Curva,Sim,1,0,1,0,0,0,1,1,-27.58466688,-48.61761332,SPRF-SC,DEL01-SC,UOP01-DEL01-SC,2025
"693092,0",2025-05-23,sexta-feira,05:15:00,SC,280,"127,0",RIO NEGRINHO,Pista Escorregadia,Tombamento,Com Vítimas Feridas,Plena Noite,Decrescente,Céu Claro,Simples,Reta,Não,1,0,1,0,0,0,1,1,-26.24312573,-49.51299604,SPRF-SC,DEL06-SC,UOP03-DEL06-SC,2025
"693102,0",2025-05-23,sexta-feira,07:00:00,SC,101,"117,0",ITAJAI,Desrespeitar a preferência no cruzamento,Colisão transversal,Com Vítimas Feridas,Pleno dia,Decrescente,Garoa/Chuvisco,Dupla,Rotatória,Sim,2,0,1,0,1,0,1,2,-26.89066968,-48.72069597,SPRF-SC,DEL04-SC,UOP04-DEL04-SC,2025
"693151,0",2025-05-23,sexta-feira,11:20:00,SC,280,"51,0",GUARAMIRIM,Acessar a via sem observar a presença dos outros veículos,Colisão traseira,Com Vítimas Feridas,Pleno dia,Decrescente,Chuva,Dupla,Retorno Regulamentado;Reta,Sim,2,0,1,0,1,0,1,2,-26.46748,-48.96165,SPRF-SC,DEL03-SC,UOP03-DEL03-SC,2025
"693168,0",2025-05-23,sexta-feira,13:24:00,SC,101,"242,4",PALHOCA,Reação tardia ou ineficiente do condutor,Saída de leito carroçável,Com Vítimas Feridas,Pleno dia,Decrescente,Nublado,Dupla,Reta,Não,2,0,2,0,0,0,2,1,-27.8748935,-48.64668846,SPRF-SC,DEL01-SC,UOP02-DEL01-SC,2025
"693174,0",2025-05-23,sexta-feira,14:20:00,SC,101,"243,0",PALHOCA,Acessar a via sem observar a presença dos outros veículos,Colisão lateral mesmo sentido,Com Vítimas Feridas,Pleno dia,Crescente,Nublado,Dupla,Reta,Não,4,0,0,2,2,0,2,2,-27.88715,-48.6479,SPRF-SC,DEL01-SC,UOP02-DEL01-SC,2025
"693175,0",2025-05-23,sexta-feira,12:15:00,SC,282,"521,6",XAXIM,Desrespeitar a preferência no cruzamento,Colisão transversal,Com Vítimas Feridas,Pleno dia,Crescente,Céu Claro,Dupla,Reta;Interseção de Vias;Declive,Sim,5,0,2,0,3,0,2,2,-26.952722,-52.538518,SPRF-SC,DEL07-SC,UOP01-DEL07-SC,2025
"693177,0",2025-05-23,sexta-feira,14:10:00,SC,280,"58,2",GUARAMIRIM,Condutor deixou de manter distância do veículo da frente,Colisão traseira,Com Vítimas Feridas,Pleno dia,Crescente,Chuva,Dupla,Reta,Não,2,0,1,0,1,0,1,2,-26.474505,-49.028066,SPRF-SC,DEL03-SC,UOP03-DEL03-SC,2025
"693205,0",2025-05-23,sexta-feira,16:05:00,SC,101,"219,2",PALHOCA,Frear bruscamente,Colisão traseira,Com Vítimas Feridas,Pleno dia,Crescente,Nublado,Dupla,Reta,Sim,3,0,0,1,2,0,1,3,-27.68618824,-48.66641879,SPRF-SC,DEL01-SC,UOP02-DEL01-SC,2025
"693214,0",2025-05-23,sexta-feira,17:20:00,SC,282,"17,0",PALHOCA,Condutor deixou de manter distância do veículo da frente,Colisão traseira,Com Vítimas Feridas,Anoitecer,Decrescente,Nublado,Simples,Reta,Sim,2,0,0,1,1,0,1,2,-27.67265357,-48.69401185,SPRF-SC,DEL01-SC,UOP02-DEL01-SC,2025
"693223,0",2025-05-23,sexta-feira,17:30:00,SC,101,"141,0",BALNEARIO CAMBORIU,Reação tardia ou ineficiente do condutor,Colisão traseira,Com Vítimas Feridas,Anoitecer,Crescente,Garoa/Chuvisco,Dupla,Reta,Não,2,0,1,0,1,0,1,2,-27.05261587,-48.60011326,SPRF-SC,DEL04-SC,UOP03-DEL04-SC,2025
"693239,0",2025-05-23,sexta-feira,14:40:00,SC,101,"38,7",JOINVILLE,Pista Escorregadia,Tombamento,Com Vítimas Feridas,Pleno dia,Crescente,Chuva,Simples,Viaduto;Interseção de Vias;Rotatória,Sim,1,0,1,0,0,0,1,1,-26.29659352,-48.88428776,SPRF-SC,DEL03-SC,UOP01-DEL03-SC,2025
"693245,0",2025-05-23,sexta-feira,19:20:00,SC,101,"202,0",SAO JOSE,Manobra de mudança de faixa,Colisão lateral mesmo sentido,Com Vítimas Feridas,Plena Noite,Crescente,Nublado,Dupla,Reta,Sim,2,0,1,0,1,0,1,2,-27.55478901,-48.61943571,SPRF-SC,DEL01-SC,UOP01-DEL01-SC,2025
"693257,0",2025-05-23,sexta-feira,20:20:00,SC,101,"102,0",BALNEARIO PICARRAS,Demais falhas mecânicas ou elétricas,Incêndio,Sem Vítimas,Plena Noite,Crescente,Nublado,Dupla,Reta,Sim,1,0,0,0,1,0,0,1,-26.77847451,-48.68499434,SPRF-SC,DEL03-SC,UOP02-DEL03-SC,2025
"693279,0",2025-05-12,segunda-feira,04:00:00,SC,101,"206,0",SAO JOSE,Objeto estático sobre o leito carroçável,Colisão traseira,Com Vítimas Feridas,Plena Noite,Decrescente,Nublado,Múltipla,Reta,Sim,3,0,1,1,1,0,2,2,-27.58902634,-48.61722557,SPRF-SC,DEL01-SC,UOP01-DEL01-SC,2025
"693318,0",2025-05-24,sábado,02:50:00,SC,101,"123,0",ITAJAI,Ausência de reação do condutor,Tombamento,Com Vítimas Feridas,Plena Noite,Decrescente,Nublado,Simples,Em Obras;Retorno Regulamentado;Curva,Sim,4,0,3,0,1,0,3,1,-26.93838189,-48.69632006,SPRF-SC,DEL04-SC,UOP04-DEL04-SC,2025
"693338,0",2025-05-24,sábado,05:45:00,SC,101,"205,0",SAO JOSE,Velocidade Incompatível,Saída de leito carroçável,Sem Vítimas,Amanhecer,Decrescente,Nublado,Múltipla,Curva,Sim,1,0,0,0,0,1,0,1,-27.58357951,-48.61542882,SPRF-SC,DEL01-SC,UOP01-DEL01-SC,2025
"693356,0",2025-05-24,sábado,07:15:00,SC,101,"59,2",ARAQUARI,Demais falhas mecânicas ou elétricas,Incêndio,Sem Vítimas,Pleno dia,Crescente,Chuva,Dupla,Reta,Sim,1,0,0,0,1,0,0,1,-26.44786573,-48.7905511,SPRF-SC,DEL03-SC,UOP02-DEL03-SC,2025
"693360,0",2025-04-21,segunda-feira,14:20:00,SC,282,"538,0",CHAPECO,Ausência de reação do condutor,Queda de ocupante de veículo,Com Vítimas Feridas,Pleno dia,Crescente,Céu Claro,Simples,Curva,Não,1,0,0,1,0,0,1,1,-26.991444,-52.687014,SPRF-SC,DEL07-SC,UOP01-DEL07-SC,2025
"693382,0",2025-05-24,sábado,10:15:00,SC,101,"31,4",JOINVILLE,Reação tardia ou ineficiente do condutor,Colisão traseira,Com Vítimas Feridas,Pleno dia,Crescente,Chuva,Dupla,Reta,Não,3,0,1,0,2,0,1,2,-26.24107692,-48.91267776,SPRF-SC,DEL03-SC,UOP01-DEL03-SC,2025
"693386,0",2025-05-24,sábado,11:00:00,SC,282,"17,0",PALHOCA,Acessar a via sem observar a presença dos outros veículos,Colisão transversal,Com Vítimas Feridas,Pleno dia,Crescente,Nublado,Simples,Reta,Sim,2,0,1,0,1,0,1,2,-27.667381,-48.68952,SPRF-SC,DEL01-SC,UOP02-DEL01-SC,2025
"693419,0",2025-05-24,sábado,12:37:00,SC,282,"30,4",SANTO AMARO DA IMPERATRIZ,Reação tardia ou ineficiente do condutor,Saída de leito carroçável,Com Vítimas Feridas,Pleno dia,Decrescente,Chuva,Simples,Reta,Sim,1,0,1,0,0,0,1,1,-27.69023,-48.79306,SPRF-SC,DEL01-SC,UOP03-DEL01-SC,2025
"693426,0",2025-05-24,sábado,14:10:00,SC,101,"57,9",ARAQUARI,Velocidade Incompatível,Saída de leito carroçável,Com Vítimas Feridas,Pleno dia,Crescente,Chuva,Dupla,Curva,Não,3,0,0,2,1,0,2,1,-26.43816871,-48.80381797,SPRF-SC,DEL03-SC,UOP01-DEL03-SC,2025
"693434,0",2025-05-24,sábado,15:50:00,SC,101,"186,0",BIGUACU,Acumulo de óleo sobre o pavimento,Queda de ocupante de veículo,Com Vítimas Feridas,Pleno dia,Crescente,Garoa/Chuvisco,Dupla,Curva,Sim,5,0,1,0,4,0,1,2,-27.43483104,-48.62604316,SPRF-SC,DEL01-SC,UOP01-DEL01-SC,2025
"693443,0",2025-05-24,sábado,15:59:00,SC,470,"60,1",BLUMENAU,Reação tardia ou ineficiente do condutor,Colisão lateral sentido oposto,Com Vítimas Feridas,Pleno dia,Crescente,Garoa/Chuvisco,Simples,Reta,Não,3,0,1,1,1,0,2,3,-26.88105702,-49.1656193,SPRF-SC,DEL04-SC,UOP01-DEL04-SC,2025
"693444,0",2025-05-24,sábado,15:20:00,SC,470,"55,4",BLUMENAU,Condutor deixou de manter distância do veículo da frente,Engavetamento,Com Vítimas Feridas,Pleno dia,Crescente,Chuva,Simples,Reta;Em Obras,Sim,7,0,0,1,6,0,1,6,-26.87639655,-49.12366955,SPRF-SC,DEL04-SC,UOP01-DEL04-SC,2025
"693448,0",2025-05-24,sábado,14:45:00,SC,101,"389,0",CRICIUMA,Velocidade Incompatível,Tombamento,Com Vítimas Fatais,Pleno dia,Crescente,Nublado,Múltipla,Curva;Aclive,Sim,1,1,0,0,0,0,0,1,-28.800233,-49.363508,SPRF-SC,DEL02-SC,UOP02-DEL02-SC,2025
"693480,0",2025-05-24,sábado,19:20:00,SC,282,"4,5",SAO JOSE,Reação tardia ou ineficiente do condutor,Engavetamento,Com Vítimas Feridas,Plena Noite,Crescente,Chuva,Dupla,Declive,Sim,6,0,1,0,5,0,1,3,-27.590814,-48.60739795,SPRF-SC,DEL01-SC,UOP01-DEL01-SC,2025
"693494,0",2025-05-24,sábado,19:35:00,SC,470,"52,6",BLUMENAU,Reação tardia ou ineficiente do condutor,Colisão transversal,Com Vítimas Feridas,Plena Noite,Crescente,Garoa/Chuvisco,Simples,Interseção de Vias,Não,2,0,0,1,1,0,1,2,-26.86509732,-49.09952514,SPRF-SC,DEL04-SC,UOP01-DEL04-SC,2025