id,data_inversa,dia_semana,horario,uf,br,km,municipio,causa_acidente,tipo_acidente,classificacao_acidente,fase_dia,sentido_via,condicao_metereologica,tipo_pista,tracado_via,uso_solo,pessoas,mortos,feridos_leves,feridos_graves,ilesos,ignorados,feridos,veiculos,latitude,longitude,regional,delegacia,uop,ano_arquivo
"693495,0",2025-05-24,sábado,18:30:00,SC,282,"535,2",CHAPECO,Desrespeitar a preferência no cruzamento,Colisão transversal,Com Vítimas Feridas,Anoitecer,Decrescente,Garoa/Chuvisco,Simples,Interseção de Vias;Rotatória,Não,7,0,6,0,1,0,6,2,-26.99966885,-52.64648142,SPRF-SC,DEL07-SC,UOP01-DEL07-SC,2025
"693498,0",2025-05-24,sábado,21:00:00,SC,101,"40,9",JOINVILLE,Velocidade Incompatível,Colisão com objeto,Sem Vítimas,Plena Noite,Decrescente,Chuva,Dupla,Curva;Aclive;Viaduto,Sim,1,0,0,0,0,1,0,1,-26.31472305,-48.87347309,SPRF-SC,DEL03-SC,UOP01-DEL03-SC,2025
"693501,0",2025-05-24,sábado,19:30:00,SC,470,"188,0",POUSO REDONDO,Ausência de reação do condutor,Capotamento,Com Vítimas Feridas,Plena Noite,Decrescente,Chuva,Simples,Curva,Não,2,0,1,0,1,0,1,1,-27.24962812,-49.96160254,SPRF-SC,DEL04-SC,UOP02-DEL04-SC,2025
"693504,0",2025-05-24,sábado,22:00:00,SC,282,"5,4",SAO JOSE,Chuva,Colisão com objeto,Com Vítimas Feridas,Pleno dia,Crescente,Chuva,Simples,Curva;Declive,Sim,2,0,1,0,1,0,1,2,-27.58467594,-48.61662626,SPRF-SC,DEL01-SC,UOP01-DEL01-SC,2025
"693520,0",2025-05-24,sábado,20:55:00,SC,101,"216,0",PALHOCA,Ingestão de álcool pelo condutor,Colisão com objeto,Sem Vítimas,Plena Noite,Decrescente,Chuva,Múltipla,Curva,Não,1,0,0,0,0,1,0,1,-27.66573484,-48.67460489,SPRF-SC,DEL01-SC,UOP02-DEL01-SC,2025
"693523,0",2025-05-24,sábado,23:50:00,SC,101,"200,0",SAO JOSE,Ingestão de álcool pelo condutor,Colisão lateral mesmo sentido,Sem Vítimas,Plena Noite,Decrescente,Garoa/Chuvisco,Dupla,Reta,Sim,3,0,0,0,3,0,0,2,-27.5441923,-48.62014381,SPRF-SC,DEL01-SC,UOP01-DEL01-SC,2025
"693524,0",2025-05-24,sábado,23:15:00,SC,101,"134,7",BALNEARIO CAMBORIU,Ingestão de álcool pelo condutor,Colisão transversal,Com Vítimas Feridas,Plena Noite,Decrescente,Chuva,Múltipla,Interseção de Vias,Sim,2,0,1,0,1,0,1,2,-27.00343878,-48.63036172,SPRF-SC,DEL04-SC,UOP03-DEL04-SC,2025
"693526,0",2025-05-24,sábado,23:30:00,SC,282,"504,0",XANXERE,Ingestão de álcool pelo condutor,Colisão com objeto,Com Vítimas Feridas,Plena Noite,Decrescente,Céu Claro,Simples,Interseção de Vias,Sim,2,0,1,0,1,0,1,1,-26.88537246,-52.41423471,SPRF-SC,DEL07-SC,UOP01-DEL07-SC,2025
"693539,0",2025-05-25,domingo,03:15:00,SC,101,"229,0",PALHOCA,Ingestão de álcool pelo condutor,Colisão com objeto,Com Vítimas Feridas,Plena Noite,Decrescente,Céu Claro,Dupla,Curva,Não,1,0,1,0,0,0,1,1,-27.76631643,-48.63003731,SPRF-SC,DEL01-SC,UOP02-DEL01-SC,2025
"693540,0",2025-05-25,domingo,03:25:00,SC,101,"229,0",PALHOCA,Ingestão de álcool pelo condutor,Capotamento,Com Vítimas Feridas,Plena Noite,Crescente,Garoa/Chuvisco,Múltipla,Curva,Não,1,0,1,0,0,0,1,1,-27.76108,-48.6307,SPRF-SC,DEL01-SC,UOP02-DEL01-SC,2025
"693541,0",2025-05-25,domingo,03:00:00,SC,282,"2,2",FLORIANOPOLIS,Reação tardia ou ineficiente do condutor,Colisão com objeto,Com Vítimas Fatais,Plena Noite,Crescente,Garoa/Chuvisco,Múltipla,Reta,Sim,1,1,0,0,0,0,0,1,-27.602803,-48.592721,SPRF-SC,DEL01-SC,UOP01-DEL01-SC,2025
"693542,0",2025-05-25,domingo,02:30:00,SC,101,"2,0",ARARANGUA,Ausência de reação do condutor,Colisão com objeto,Sem Vítimas,Plena Noite,Crescente,Chuva,Simples,Reta;Ponte,Sim,1,0,0,0,0,1,0,1,-28.93708409,-49.49591724,SPRF-SC,DEL02-SC,UOP02-DEL02-SC,2025
"693570,0",2025-05-25,domingo,07:20:00,SC,101,"328,0",CAPIVARI DE BAIXO,Acumulo de água sobre o pavimento,Colisão com objeto,Com Vítimas Feridas,Amanhecer,Crescente,Chuva,Dupla,Em Obras;Reta,Não,2,0,0,2,0,0,2,1,-28.44771788,-48.96915285,SPRF-SC,DEL02-SC,UOP01-DEL02-SC,2025
"693596,0",2025-05-25,domingo,09:30:00,SC,282,"66,0",RANCHO QUEIMADO,Ausência de reação do condutor,Saída de leito carroçável,Com Vítimas Feridas,Pleno dia,Crescente,Chuva,Simples,Curva,Não,2,0,1,0,1,0,1,1,-27.699993,-49.06284,SPRF-SC,DEL01-SC,UOP03-DEL01-SC,2025
"693607,0",2025-05-25,domingo,08:00:00,SC,101,"240,6",PALHOCA,Velocidade Incompatível,Saída de leito carroçável,Sem Vítimas,Pleno dia,Crescente,Chuva,Dupla,Reta,Não,1,0,0,0,1,0,0,1,-27.84396778,-48.63526091,SPRF-SC,DEL01-SC,UOP02-DEL01-SC,2025
"693615,0",2025-05-25,domingo,11:15:00,SC,282,"6,0",SAO JOSE,Pista Escorregadia,Queda de ocupante de veículo,Com Vítimas Feridas,Pleno dia,Crescente,Chuva,Simples,Retorno Regulamentado,Sim,2,0,2,0,0,0,2,1,-27.584686,-48.616835,SPRF-SC,DEL01-SC,UOP01-DEL01-SC,2025
"693629,0",2025-05-25,domingo,12:52:00,SC,101,"207,8",SAO JOSE,Manobra de mudança de faixa,Colisão lateral mesmo sentido,Com Vítimas Feridas,Pleno dia,Crescente,Nublado,Múltipla,Declive,Sim,3,0,2,0,1,0,2,2,-27.60710882,-48.63490552,SPRF-SC,DEL01-SC,UOP01-DEL01-SC,2025
"693633,0",2025-05-25,domingo,10:30:00,SC,101,"57,0",ARAQUARI,Demais falhas mecânicas ou elétricas,Queda de ocupante de veículo,Com Vítimas Feridas,Pleno dia,Decrescente,Céu Claro,Dupla,Reta,Sim,1,0,1,0,0,0,1,1,-26.43683862,-48.80933762,SPRF-SC,DEL03-SC,UOP01-DEL03-SC,2025
"693648,0",2025-05-25,domingo,15:30:00,SC,101,"364,0",SANGAO,Reação tardia ou ineficiente do condutor,Saída de leito carroçável,Com Vítimas Feridas,Pleno dia,Decrescente,Céu Claro,Dupla,Reta,Não,2,0,1,0,1,0,1,1,-28.68252395,-49.14628476,SPRF-SC,DEL02-SC,UOP01-DEL02-SC,2025
"693658,0",2025-05-25,domingo,17:10:00,SC,282,"23,2",SANTO AMARO DA IMPERATRIZ,Condutor deixou de manter distância do veículo da frente,Colisão traseira,Com Vítimas Feridas,Pleno dia,Crescente,Nublado,Simples,Reta,Não,3,0,2,0,1,0,2,2,-27.68626424,-48.74153137,SPRF-SC,DEL01-SC,UOP02-DEL01-SC,2025
"693682,0",2025-05-25,domingo,18:40:00,SC,101,"126,9",ITAJAI,Ausência de reação do condutor,Saída de leito carroçável,Com Vítimas Feridas,Plena Noite,Crescente,Céu Claro,Dupla,Reta,Não,1,0,1,0,0,0,1,1,-26.97070294,-48.6823833,SPRF-SC,DEL04-SC,UOP04-DEL04-SC,2025
"693691,0",2025-05-25,domingo,18:20:00,SC,101,"451,2",SAO JOAO DO SUL,Reação tardia ou ineficiente do condutor,Colisão com objeto,Com Vítimas Feridas,Plena Noite,Crescente,Nublado,Múltipla,Reta;Declive;Viaduto,Sim,2,0,1,0,1,0,1,1,-29.18681656,-49.75457279,SPRF-SC,DEL02-SC,UOP02-DEL02-SC,2025
"693703,0",2025-05-25,domingo,20:00:00,SC,470,"170,8",POUSO REDONDO,Pedestre andava na pista,Atropelamento de Pedestre,Com Vítimas Feridas,Plena Noite,Decrescente,Nublado,Simples,Reta,Não,3,0,0,1,1,1,1,2,-27.260264,-49.901399,SPRF-SC,DEL04-SC,UOP02-DEL04-SC,2025
"693718,0",2025-05-25,domingo,22:00:00,SC,158,"116,2",CAIBI,Ingestão de álcool pelo condutor,Saída de leito carroçável,Com Vítimas Feridas,Plena Noite,Crescente,Céu Claro,Simples,Reta,Não,1,0,1,0,0,0,1,1,-26.9650366,-53.2141782,SPRF-SC,DEL07-SC,UOP02-DEL07-SC,2025
"693732,0",2025-05-25,domingo,23:35:00,SC,101,"207,0",SAO JOSE,Manobra de mudança de faixa,Colisão lateral mesmo sentido,Com Vítimas Feridas,Plena Noite,Crescente,Nublado,Múltipla,Curva,Sim,2,0,2,0,0,0,2,2,-27.60313,-48.63056,SPRF-SC,DEL01-SC,UOP01-DEL01-SC,2025
"693733,0",2025-05-26,segunda-feira,00:15:00,SC,158,"111,9",CUNHA PORA,Ingestão de álcool pelo condutor,Saída de leito carroçável,Sem Vítimas,Plena Noite,Crescente,Céu Claro,Simples,Rotatória,Não,1,0,0,0,1,0,0,1,-26.90494534,-53.18786144,SPRF-SC,DEL07-SC,UOP02-DEL07-SC,2025
"693737,0",2025-05-26,segunda-feira,00:55:00,SC,101,"131,8",BALNEARIO CAMBORIU,Velocidade Incompatível,Saída de leito carroçável,Com Vítimas Feridas,Plena Noite,Decrescente,Céu Claro,Dupla,Reta,Não,2,0,1,0,1,0,1,1,-26.995686,-48.656863,SPRF-SC,DEL04-SC,UOP03-DEL04-SC,2025
"693738,0",2025-05-26,segunda-feira,00:10:00,SC,470,"153,0",AGRONOMICA,Acessar a via sem observar a presença dos outros veículos,Colisão transversal,Sem Vítimas,Plena Noite,Crescente,Nublado,Simples,Reta,Não,2,0,0,0,2,0,0,2,-27.27529856,-49.74314259,SPRF-SC,DEL04-SC,UOP02-DEL04-SC,2025
"693742,0",2025-05-26,segunda-feira,01:45:00,SC,101,"135,0",BALNEARIO CAMBORIU,Ausência de reação do condutor,Colisão com objeto,Com Vítimas Feridas,Plena Noite,Decrescente,Céu Claro,Dupla,Interseção de Vias,Sim,1,0,1,0,0,0,1,1,-27.00144487,-48.63791715,SPRF-SC,DEL04-SC,UOP03-DEL04-SC,2025
"693754,0",2025-05-26,segunda-feira,04:40:00,SC,101,"430,6",SOMBRIO,Condutor deixou de manter distância do veículo da frente,Colisão traseira,Sem Vítimas,Plena Noite,Decrescente,Céu Claro,Dupla,Reta,Sim,3,0,0,0,2,1,0,2,-29.08607355,-49.62965906,SPRF-SC,DEL02-SC,UOP02-DEL02-SC,2025
"693762,0",2025-05-26,segunda-feira,05:10:00,SC,282,"580,0",PINHALZINHO,Reação tardia ou ineficiente do condutor,Tombamento,Com Vítimas Feridas,Plena Noite,Decrescente,Céu Claro,Simples,Rotatória,Sim,1,0,1,0,0,0,1,1,-26.8374788,-52.98729181,SPRF-SC,DEL07-SC,UOP02-DEL07-SC,2025
"693766,0",2025-05-26,segunda-feira,06:50:00,SC,470,"67,3",INDAIAL,Desrespeitar a preferência no cruzamento,Colisão transversal,Com Vítimas Feridas,Pleno dia,Crescente,Céu Claro,Simples,Interseção de Vias,Não,2,0,0,1,1,0,1,2,-26.8732362,-49.2337154,SPRF-SC,DEL04-SC,UOP01-DEL04-SC,2025
"693781,0",2025-05-26,segunda-feira,07:50:00,SC,101,"209,6",SAO JOSE,Reação tardia ou ineficiente do condutor,Colisão traseira,Com Vítimas Feridas,Pleno dia,Crescente,Céu Claro,Múltipla,Reta,Sim,4,0,1,1,2,0,2,2,-27.61283742,-48.64144675,SPRF-SC,DEL01-SC,UOP01-DEL01-SC,2025
"693813,0",2025-05-26,segunda-feira,08:00:00,SC,101,"371,0",ICARA,Condutor usando celular,Saída de leito carroçável,Sem Vítimas,Pleno dia,Decrescente,Céu Claro,Dupla,Reta,Não,1,0,0,0,0,1,0,1,-28.710883,-49.212871,SPRF-SC,DEL02-SC,UOP01-DEL02-SC,2025
"693834,0",2025-05-26,segunda-feira,10:30:00,SC,101,"460,0",PASSO DE TORRES,Ausência de reação do condutor,Capotamento,Com Vítimas Feridas,Pleno dia,Decrescente,Céu Claro,Dupla,Reta,Não,1,0,0,1,0,0,1,1,-29.266125,-49.75523,SPRF-RS,DEL03-RS,UOP02-DEL03-RS,2025
"693868,0",2025-05-26,segunda-feira,15:00:00,SC,101,"197,6",BIGUACU,Reação tardia ou ineficiente do condutor,Queda de ocupante de veículo,Com Vítimas Feridas,Pleno dia,Crescente,Céu Claro,Múltipla,Reta,Sim,1,0,1,0,0,0,1,1,-27.52280358,-48.63748044,SPRF-SC,DEL01-SC,UOP01-DEL01-SC,2025
"693869,0",2025-05-26,segunda-feira,14:20:00,SC,101,"177,4",GOVERNADOR CELSO RAMOS,Demais falhas mecânicas ou elétricas,Incêndio,Sem Vítimas,Pleno dia,Decrescente,Céu Claro,Múltipla,Reta,Não,1,0,0,0,1,0,0,1,-27.353878,-48.632247,SPRF-SC,DEL01-SC,UOP01-DEL01-SC,2025
"693877,0",2025-05-26,segunda-feira,15:28:00,SC,101,"377,0",ICARA,Ausência de reação do condutor,Colisão traseira,Com Vítimas Feridas,Pleno dia,Crescente,Céu Claro,Simples,Reta,Sim,2,0,1,0,1,0,1,2,-28.747936,-49.26347,SPRF-SC,DEL02-SC,UOP01-DEL02-SC,2025
"693897,0",2025-05-26,segunda-feira,16:45:00,SC,101,"199,7",SAO JOSE,Reação tardia ou ineficiente do condutor,Colisão traseira,Com Vítimas Feridas,Pleno dia,Crescente,Céu Claro,Múltipla,Reta,Sim,3,0,0,1,2,0,1,2,-27.53834,-48.62507,SPRF-SC,DEL01-SC,UOP01-DEL01-SC,2025
"693899,0",2025-05-26,segunda-feira,17:00:00,SC,101,"127,0",CAMBORIU,Reação tardia ou ineficiente do condutor,Colisão traseira,Com Vítimas Feridas,Pleno dia,Decrescente,Céu Claro,Dupla,Reta,Sim,2,0,1,0,1,0,1,2,-26.975957,-48.682428,SPRF-SC,DEL04-SC,UOP04-DEL04-SC,2025
"693934,0",2025-05-26,segunda-feira,18:32:00,SC,282,"501,4",XANXERE,Desrespeitar a preferência no cruzamento,Colisão transversal,Sem Vítimas,Plena Noite,Decrescente,Ignorado,Dupla,Rotatória,Não,2,0,0,0,2,0,0,2,-26.88277519,-52.38139629,SPRF-SC,DEL07-SC,UOP01-DEL07-SC,2025
"693962,0",2025-05-26,segunda-feira,22:43:00,SC,101,"39,0",JOINVILLE,Acessar a via sem observar a presença dos outros veículos,Colisão transversal,Com Vítimas Fatais,Plena Noite,Crescente,Nublado,Múltipla,Reta,Sim,2,1,0,0,1,0,0,2,-26.299625,-48.883669,SPRF-SC,DEL03-SC,UOP01-DEL03-SC,2025
"693997,0",2025-05-27,terça-feira,07:05:00,SC,470,"136,0",RIO DO SUL,Condutor deixou de manter distância do veículo da frente,Colisão transversal,Com Vítimas Feridas,Pleno dia,Decrescente,Nublado,Simples,Reta,Sim,1,0,1,0,0,0,1,1,-27.1823723,-49.60097241,SPRF-SC,DEL04-SC,UOP02-DEL04-SC,2025
"694000,0",2025-05-27,terça-feira,07:40:00,SC,101,"204,0",SAO JOSE,Trafegar com motocicleta (ou similar) entre as faixas,Colisão traseira,Com Vítimas Feridas,Pleno dia,Crescente,Céu Claro,Múltipla,Reta,Sim,4,0,2,1,1,0,3,3,-27.57641163,-48.61342605,SPRF-SC,DEL01-SC,UOP01-DEL01-SC,2025
"694015,0",2025-04-06,domingo,18:45:00,SC,101,"126,0",ITAJAI,Reação tardia ou ineficiente do condutor,Saída de leito carroçável,Com Vítimas Feridas,Anoitecer,Crescente,Céu Claro,Dupla,Curva,Sim,5,0,4,0,1,0,4,2,-26.96273331,-48.68277734,SPRF-SC,DEL04-SC,UOP04-DEL04-SC,2025
"694028,0",2025-05-27,terça-feira,09:20:00,SC,101,"23,7",SAO JOSE,Reação tardia ou ineficiente do condutor,Colisão com objeto,Com Vítimas Feridas,Pleno dia,Crescente,Céu Claro,Dupla,Reta,Sim,1,0,1,0,0,0,1,1,-27.53034083,-48.70641438,SPRF-SC,DEL01-SC,UOP02-DEL01-SC,2025
"694034,0",2025-05-27,terça-feira,11:15:00,SC,470,"55,5",BLUMENAU,Conversão proibida,Colisão frontal,Com Vítimas Feridas,Pleno dia,Decrescente,Céu Claro,Simples,Reta,Sim,3,0,2,0,1,0,2,3,-26.88119623,-49.1656208,SPRF-SC,DEL04-SC,UOP01-DEL04-SC,2025
"694041,0",2025-05-16,sexta-feira,04:00:00,SC,470,"66,0",INDAIAL,Condutor deixou de manter distância do veículo da frente,Colisão traseira,Com Vítimas Feridas,Plena Noite,Crescente,Nublado,Simples,Em Obras;Reta,Sim,2,0,1,0,1,0,1,2,-26.87011236,-49.22333591,SPRF-SC,DEL04-SC,UOP01-DEL04-SC,2025
"694049,0",2025-05-27,terça-feira,13:00:00,SC,101,"147,1",ITAPEMA,Transitar na contramão,Colisão transversal,Com Vítimas Feridas,Pleno dia,Crescente,Céu Claro,Múltipla,Reta,Sim,2,0,1,0,1,0,1,2,-27.09210283,-48.61744165,SPRF-SC,DEL04-SC,UOP03-DEL04-SC,2025
"694061,0",2025-05-27,terça-feira,13:35:00,SC,280,"10,6",SAO FRANCISCO DO SUL,Acessar a via sem observar a presença dos outros veículos,Colisão transversal,Com Vítimas Feridas,Pleno dia,Decrescente,Nublado,Simples,Reta,Sim,2,0,0,1,1,0,1,2,-26.300944,-48.640208,SPRF-SC,DEL03-SC,UOP03-DEL03-SC,2025
"694064,0",2025-05-27,terça-feira,14:20:00,SC,470,"72,8",INDAIAL,Ausência de reação do condutor,Colisão lateral mesmo sentido,Com Vítimas Feridas,Pleno dia,Crescente,Céu Claro,Dupla,Reta,Não,5,0,0,1,4,0,1,2,-26.90783469,-49.27422881,SPRF-SC,DEL04-SC,UOP01-DEL04-SC,2025
"694065,0",2025-05-27,terça-feira,14:50:00,SC,280,"127,8",RIO NEGRINHO,Transitar na contramão,Colisão transversal,Com Vítimas Feridas,Pleno dia,Decrescente,Céu Claro,Simples,Curva;Declive;Interseção de Vias,Sim,3,0,1,0,2,0,1,2,-26.242945,-49.512396,SPRF-SC,DEL06-SC,UOP03-DEL06-SC,2025
"694082,0",2025-05-27,terça-feira,16:30:00,SC,101,"337,0",TUBARAO,Mal súbito do condutor,Saída de leito carroçável,Com Vítimas Feridas,Pleno dia,Decrescente,Nublado,Múltipla,Curva;Declive,Não,1,0,1,0,0,0,1,1,-28.488255,-49.03851,SPRF-SC,DEL02-SC,UOP01-DEL02-SC,2025
"694087,0",2025-05-27,terça-feira,17:35:00,SC,470,"140,3",RIO DO SUL,Ultrapassagem Indevida,Colisão transversal,Com Vítimas Feridas,Anoitecer,Crescente,Nublado,Simples,Reta,Sim,2,0,1,0,1,0,1,2,-27.20497898,-49.64076726,SPRF-SC,DEL04-SC,UOP02-DEL04-SC,2025
"694105,0",2025-05-27,terça-feira,19:00:00,SC,101,"198,8",SAO JOSE,Acessar a via sem observar a presença dos outros veículos,Colisão lateral mesmo sentido,Com Vítimas Feridas,Plena Noite,Decrescente,Céu Claro,Múltipla,Reta,Sim,2,0,1,0,1,0,1,2,-27.532917,-48.630912,SPRF-SC,DEL01-SC,UOP01-DEL01-SC,2025
"694111,0",2025-05-27,terça-feira,18:00:00,SC,280,"81,6",CORUPA,Acessar a via sem observar a presença dos outros veículos,Colisão lateral mesmo sentido,Com Vítimas Feridas,Anoitecer,Decrescente,Céu Claro,Simples,Reta;Aclive;Interseção de Vias,Sim,2,0,1,0,1,0,1,2,-26.437492,-49.237079,SPRF-SC,DEL06-SC,UOP03-DEL06-SC,2025
"694116,0",2025-05-27,terça-feira,19:40:00,SC,116,"18,3",MAFRA,Ausência de sinalização,Colisão com objeto,Sem Vítimas,Plena Noite,Crescente,Nublado,Simples,Reta;Aclive,Não,3,0,0,0,3,0,0,2,-26.20172146,-49.88053513,SPRF-SC,DEL06-SC,UOP01-DEL06-SC,2025
"694148,0",2025-05-27,terça-feira,18:00:00,SC,280,"127,0",RIO NEGRINHO,Acesso irregular,Colisão lateral mesmo sentido,Com Vítimas Feridas,Anoitecer,Crescente,Nublado,Simples,Reta,Sim,2,0,1,0,1,0,1,2,-26.24459637,-49.51689863,SPRF-SC,DEL06-SC,UOP03-DEL06-SC,2025
"694176,0",2025-05-28,quarta-feira,05:15:00,SC,101,"216,0",PALHOCA,Ingestão de álcool pelo condutor,Saída de leito carroçável,Sem Vítimas,Plena Noite,Crescente,Chuva,Simples,Reta,Sim,1,0,0,0,1,0,0,1,-27.66083995,-48.67702668,SPRF-SC,DEL01-SC,UOP02-DEL01-SC,2025
"694178,0",2025-05-28,quarta-feira,03:00:00,SC,101,"135,8",BALNEARIO CAMBORIU,Reação tardia ou ineficiente do condutor,Tombamento,Com Vítimas Feridas,Plena Noite,Crescente,Céu Claro,Dupla,Reta,Sim,1,0,0,1,0,0,1,1,-27.00854876,-48.61646399,SPRF-SC,DEL04-SC,UOP03-DEL04-SC,2025
"694183,0",2025-04-30,quarta-feira,07:30:00,SC,101,"129,5",CAMBORIU,Manobra de mudança de faixa,Colisão traseira,Com Vítimas Feridas,Pleno dia,Crescente,Céu Claro,Dupla,Reta,Sim,2,0,0,1,1,0,1,2,-26.98327097,-48.6716315,SPRF-SC,DEL04-SC,UOP03-DEL04-SC,2025
"694190,0",2025-05-28,quarta-feira,06:45:00,SC,101,"38,5",JOINVILLE,Acessar a via sem observar a presença dos outros veículos,Colisão transversal,Com Vítimas Feridas,Amanhecer,Crescente,Céu Claro,Múltipla,Interseção de Vias,Não,3,0,2,0,1,0,2,2,-26.29095256,-48.88538361,SPRF-SC,DEL03-SC,UOP01-DEL03-SC,2025
"694197,0",2025-05-28,quarta-feira,07:50:00,SC,282,"17,0",PALHOCA,Ausência de reação do condutor,Queda de ocupante de veículo,Com Vítimas Feridas,Pleno dia,Decrescente,Céu Claro,Simples,Reta,Sim,2,0,1,0,1,0,1,2,-27.67382746,-48.69490385,SPRF-SC,DEL01-SC,UOP02-DEL01-SC,2025
"694205,0",2025-05-28,quarta-feira,08:15:00,SC,101,"197,4",BIGUACU,Condutor deixou de manter distância do veículo da frente,Colisão traseira,Com Vítimas Feridas,Pleno dia,Crescente,Garoa/Chuvisco,Múltipla,Reta,Sim,2,0,1,0,1,0,1,2,-27.52161187,-48.63752604,SPRF-SC,DEL01-SC,UOP01-DEL01-SC,2025
"694229,0",2025-05-27,terça-feira,18:48:00,SC,470,"57,0",BLUMENAU,Acessar a via sem observar a presença dos outros veículos,Colisão frontal,Com Vítimas Feridas,Plena Noite,Crescente,Ignorado,Simples,Reta;Declive;Em Obras;Desvio Temporário,Sim,2,0,0,1,1,0,1,2,-26.88182836,-49.13924217,SPRF-SC,DEL04-SC,UOP01-DEL04-SC,2025
"694244,0",2025-05-28,quarta-feira,10:25:00,SC,101,"416,0",ARARANGUA,Desrespeitar a preferência no cruzamento,Colisão lateral sentido oposto,Com Vítimas Feridas,Pleno dia,Decrescente,Nublado,Múltipla,Reta,Sim,2,0,1,0,1,0,1,2,-28.97072392,-49.52669978,SPRF-SC,DEL02-SC,UOP02-DEL02-SC,2025
"694301,0",2025-05-28,quarta-feira,15:30:00,SC,280,"191,3",MAFRA,Ausência de reação do condutor,Saída de leito carroçável,Com Vítimas Feridas,Pleno dia,Crescente,Chuva,Simples,Reta;Aclive,Não,2,0,1,0,1,0,1,1,-26.1795779,-49.9916401,SPRF-SC,DEL06-SC,UOP01-DEL06-SC,2025
"694310,0",2025-05-28,quarta-feira,18:10:00,SC,101,"215,0",PALHOCA,Reação tardia ou ineficiente do condutor,Colisão traseira,Com Vítimas Feridas,Plena Noite,Decrescente,Nublado,Múltipla,Viaduto;Aclive,Sim,3,0,1,0,2,0,1,2,-27.657725,-48.678109,SPRF-SC,DEL01-SC,UOP02-DEL01-SC,2025
"694337,0",2025-05-28,quarta-feira,19:20:00,SC,470,"138,1",RIO DO SUL,Acessar a via sem observar a presença dos outros veículos,Colisão transversal,Com Vítimas Feridas,Plena Noite,Decrescente,Garoa/Chuvisco,Simples,Reta;Interseção de Vias,Sim,3,0,1,0,2,0,1,2,-27.1722265,-49.5810976,SPRF-SC,DEL04-SC,UOP02-DEL04-SC,2025
"694339,0",2025-05-28,quarta-feira,19:05:00,SC,470,"66,3",INDAIAL,Pedestre andava na pista,Atropelamento de Pedestre,Com Vítimas Feridas,Plena Noite,Crescente,Nublado,Simples,Retorno Regulamentado,Sim,4,0,3,0,1,0,3,2,-26.8698888,-49.22490684,SPRF-SC,DEL04-SC,UOP01-DEL04-SC,2025
"694351,0",2025-05-28,quarta-feira,20:55:00,SC,282,"19,0",PALHOCA,Ausência de reação do condutor,Queda de ocupante de veículo,Com Vítimas Feridas,Plena Noite,Crescente,Céu Claro,Simples,Reta,Sim,2,0,1,0,1,0,1,2,-27.66664838,-48.6888263,SPRF-SC,DEL01-SC,UOP02-DEL01-SC,2025
"694355,0",2025-05-28,quarta-feira,20:20:00,SC,101,"104,0",BALNEARIO PICARRAS,Velocidade Incompatível,Colisão com objeto,Com Vítimas Feridas,Plena Noite,Decrescente,Céu Claro,Simples,Reta,Não,2,0,1,0,1,0,1,2,-26.7965263,-48.67992489,SPRF-SC,DEL03-SC,UOP02-DEL03-SC,2025
"694356,0",2025-05-28,quarta-feira,17:00:00,SC,282,"516,0",XAXIM,Ultrapassagem Indevida,Colisão frontal,Com Vítimas Fatais,Pleno dia,Decrescente,Chuva,Simples,Curva;Aclive,Não,4,2,1,1,0,0,2,2,-26.93045,-52.499462,SPRF-SC,DEL07-SC,UOP01-DEL07-SC,2025
"694378,0",2025-05-28,quarta-feira,21:30:00,SC,470,"2,0",NAVEGANTES,Transitar na contramão,Tombamento,Com Vítimas Feridas,Plena Noite,Decrescente,Nublado,Dupla,Reta,Não,2,0,1,1,0,0,2,1,-26.87115644,-48.67259927,SPRF-SC,DEL04-SC,UOP04-DEL04-SC,2025
"694386,0",2025-05-29,quinta-feira,06:30:00,SC,101,"112,0",ITAJAI,Ausência de reação do condutor,Colisão transversal,Com Vítimas Feridas,Pleno dia,Decrescente,Céu Claro,Dupla,Reta,Não,3,0,3,0,0,0,3,2,-26.85753785,-48.72410774,SPRF-SC,DEL04-SC,UOP04-DEL04-SC,2025
"694395,0",2025-05-29,quinta-feira,08:00:00,SC,101,"113,0",ITAJAI,Manobra de mudança de faixa,Colisão lateral mesmo sentido,Com Vítimas Feridas,Pleno dia,Decrescente,Céu Claro,Simples,Reta,Sim,3,0,1,0,2,0,1,2,-26.88322495,-48.72402191,SPRF-SC,DEL04-SC,UOP04-DEL04-SC,2025
"694401,0",2025-05-29,quinta-feira,08:20:00,SC,101,"333,0",TUBARAO,Reação tardia ou ineficiente do condutor,Colisão transversal,Com Vítimas Feridas,Pleno dia,Crescente,Céu Claro,Simples,Interseção de Vias;Rotatória;Viaduto,Sim,2,0,2,0,0,0,2,2,-28.46917658,-49.01505081,SPRF-SC,DEL02-SC,UOP01-DEL02-SC,2025
"694402,0",2025-05-29,quinta-feira,07:50:00,SC,101,"206,6",SAO JOSE,Acessar a via sem observar a presença dos outros veículos,Atropelamento de Pedestre,Com Vítimas Feridas,Pleno dia,Decrescente,Céu Claro,Múltipla,Reta,Sim,3,0,0,1,2,0,1,3,-27.597383,-48.620096,SPRF-SC,DEL01-SC,UOP01-DEL01-SC,2025