id,data_inversa,dia_semana,horario,uf,br,km,municipio,causa_acidente,tipo_acidente,classificacao_acidente,fase_dia,sentido_via,condicao_metereologica,tipo_pista,tracado_via,uso_solo,pessoas,mortos,feridos_leves,feridos_graves,ilesos,ignorados,feridos,veiculos,latitude,longitude,regional,delegacia,uop,ano_arquivo
"694406,0",2025-05-29,quinta-feira,08:15:00,SC,101,"118,0",ITAJAI,Condutor deixou de manter distância do veículo da frente,Colisão traseira,Com Vítimas Feridas,Pleno dia,Decrescente,Céu Claro,Dupla,Reta,Sim,3,0,2,0,1,0,2,2,-26.89310011,-48.72028828,SPRF-SC,DEL04-SC,UOP04-DEL04-SC,2025
"694414,0",2025-05-29,quinta-feira,07:50:00,SC,153,"100,2",CONCORDIA,Conversão proibida,Colisão frontal,Com Vítimas Feridas,Pleno dia,Crescente,Garoa/Chuvisco,Simples,Reta,Sim,2,0,0,1,1,0,1,2,-27.251769,-51.952983,SPRF-SC,DEL07-SC,UOP04-DEL07-SC,2025
"694426,0",2025-05-29,quinta-feira,10:00:00,SC,101,"30,0",JOINVILLE,Carga excessiva e/ou mal acondicionada,Derramamento de carga,Com Vítimas Feridas,Pleno dia,Crescente,Céu Claro,Dupla,Declive;Reta,Não,2,0,1,0,1,0,1,2,-26.22606821,-48.91656009,SPRF-SC,DEL03-SC,UOP01-DEL03-SC,2025
"694433,0",2025-05-29,quinta-feira,10:50:00,SC,101,"214,0",PALHOCA,Reação tardia ou ineficiente do condutor,Tombamento,Com Vítimas Feridas,Pleno dia,Crescente,Céu Claro,Múltipla,Reta,Sim,1,0,0,1,0,0,1,1,-27.650058,-48.675047,SPRF-SC,DEL01-SC,UOP02-DEL01-SC,2025
"694448,0",2025-05-29,quinta-feira,08:45:00,SC,280,"234,0",CANOINHAS,Ultrapassagem Indevida,Colisão transversal,Com Vítimas Feridas,Pleno dia,Crescente,Céu Claro,Simples,Reta,Sim,2,0,1,0,1,0,1,2,-26.19129539,-50.40190458,SPRF-SC,DEL06-SC,UOP04-DEL06-SC,2025
"694466,0",2025-05-29,quinta-feira,14:45:00,SC,101,"397,0",MARACAJA,Reação tardia ou ineficiente do condutor,Colisão traseira,Com Vítimas Feridas,Pleno dia,Decrescente,Nublado,Múltipla,Reta;Viaduto;Aclive,Não,3,0,2,0,1,0,2,2,-28.84266079,-49.42911498,SPRF-SC,DEL02-SC,UOP02-DEL02-SC,2025
"694467,0",2025-05-29,quinta-feira,11:30:00,SC,470,"1,0",NAVEGANTES,Ausência de reação do condutor,Capotamento,Com Vítimas Feridas,Pleno dia,Crescente,Céu Claro,Dupla,Reta,Não,1,0,0,1,0,0,1,1,-26.87911005,-48.66455197,SPRF-SC,DEL04-SC,UOP04-DEL04-SC,2025
"694480,0",2025-05-29,quinta-feira,16:50:00,SC,101,"237,6",PALHOCA,Condutor deixou de manter distância do veículo da frente,Colisão traseira,Com Vítimas Feridas,Pleno dia,Decrescente,Céu Claro,Simples,Curva,Sim,2,0,1,0,0,1,1,2,-27.839548,-48.632687,SPRF-SC,DEL01-SC,UOP02-DEL01-SC,2025
"694483,0",2025-05-26,segunda-feira,06:00:00,SC,101,"132,5",BALNEARIO CAMBORIU,Manobra de mudança de faixa,Colisão lateral mesmo sentido,Com Vítimas Feridas,Amanhecer,Crescente,Céu Claro,Simples,Reta,Sim,3,0,2,0,1,0,2,2,-26.998389,-48.650393,SPRF-SC,DEL04-SC,UOP03-DEL04-SC,2025
"694498,0",2025-05-29,quinta-feira,18:10:00,SC,280,"42,0",ARAQUARI,Ausência de reação do condutor,Queda de ocupante de veículo,Com Vítimas Feridas,Plena Noite,Decrescente,Céu Claro,Dupla,Reta;Em Obras,Não,2,0,1,0,1,0,1,2,-26.448625,-48.835742,SPRF-SC,DEL03-SC,UOP03-DEL03-SC,2025
"694500,0",2025-05-29,quinta-feira,18:38:00,SC,282,"4,2",FLORIANOPOLIS,Condutor deixou de manter distância do veículo da frente,Colisão traseira,Com Vítimas Feridas,Plena Noite,Decrescente,Nublado,Múltipla,Reta,Sim,2,0,1,0,1,0,1,2,-27.5938049,-48.60248566,SPRF-SC,DEL01-SC,UOP01-DEL01-SC,2025
"694502,0",2025-05-29,quinta-feira,18:02:00,SC,101,"207,3",SAO JOSE,Manobra de mudança de faixa,Colisão lateral mesmo sentido,Com Vítimas Feridas,Plena Noite,Crescente,Céu Claro,Múltipla,Reta,Sim,2,0,1,0,1,0,1,2,-27.601558,-48.626285,SPRF-SC,DEL01-SC,UOP01-DEL01-SC,2025
"694515,0",2025-05-29,quinta-feira,18:15:00,SC,282,"471,0",VARGEAO,Pedestre - Ingestão de álcool/ substâncias psicoativas,Atropelamento de Pedestre,Com Vítimas Feridas,Plena Noite,Crescente,Garoa/Chuvisco,Simples,Reta,Sim,2,0,1,0,1,0,1,2,-26.87338721,-52.15312958,SPRF-SC,DEL07-SC,UOP01-DEL07-SC,2025
"694550,0",2025-05-30,sexta-feira,00:30:00,SC,101,"210,5",FLORIANOPOLIS,Ingestão de álcool pelo condutor,Saída de leito carroçável,Sem Vítimas,Plena Noite,Decrescente,Céu Claro,Dupla,Reta,Sim,1,0,0,0,1,0,0,1,-27.616657,-48.64544,SPRF-SC,DEL01-SC,UOP01-DEL01-SC,2025
"694558,0",2025-05-30,sexta-feira,02:50:00,SC,101,"216,0",PALHOCA,Desrespeitar a preferência no cruzamento,Colisão transversal,Com Vítimas Feridas,Plena Noite,Crescente,Céu Claro,Simples,Interseção de Vias,Sim,3,0,2,0,1,0,2,2,-27.664198,-48.67577,SPRF-SC,DEL01-SC,UOP02-DEL01-SC,2025
"694571,0",2025-05-30,sexta-feira,06:30:00,SC,470,"138,8",RIO DO SUL,Frear bruscamente,Eventos atípicos,Com Vítimas Feridas,Pleno dia,Crescente,Céu Claro,Simples,Reta,Sim,3,0,2,0,1,0,2,1,-27.19661823,-49.62744282,SPRF-SC,DEL04-SC,UOP02-DEL04-SC,2025
"694579,0",2025-05-30,sexta-feira,05:10:00,SC,480,"130,5",CHAPECO,Ausência de reação do condutor,Saída de leito carroçável,Sem Vítimas,Plena Noite,Decrescente,Nublado,Dupla,Curva;Declive,Sim,1,0,0,0,0,1,0,1,-27.05246,-52.63581,SPRF-SC,DEL07-SC,UOP01-DEL07-SC,2025
"694581,0",2025-05-30,sexta-feira,07:30:00,SC,470,"141,0",RIO DO SUL,Condutor deixou de manter distância do veículo da frente,Colisão traseira,Com Vítimas Feridas,Pleno dia,Decrescente,Céu Claro,Simples,Reta,Sim,3,0,0,1,2,0,1,3,-27.20452803,-49.63738772,SPRF-SC,DEL04-SC,UOP02-DEL04-SC,2025
"694584,0",2025-05-30,sexta-feira,08:00:00,SC,280,"26,0",ARAQUARI,Acessar a via sem observar a presença dos outros veículos,Colisão transversal,Com Vítimas Feridas,Pleno dia,Crescente,Céu Claro,Simples,Reta,Sim,2,0,1,0,1,0,1,2,-26.40852803,-48.75061719,SPRF-SC,DEL03-SC,UOP03-DEL03-SC,2025
"694593,0",2025-05-30,sexta-feira,08:25:00,SC,470,"45,1",GASPAR,Acessar a via sem observar a presença dos outros veículos,Colisão transversal,Com Vítimas Feridas,Pleno dia,Crescente,Céu Claro,Dupla,Reta;Retorno Regulamentado,Não,2,0,1,0,1,0,1,2,-26.86608401,-49.03234418,SPRF-SC,DEL04-SC,UOP01-DEL04-SC,2025
"694602,0",2025-05-30,sexta-feira,07:00:00,SC,101,"384,0",ICARA,Falta de elemento de contenção que evite a saída do leito carroçável,Colisão com objeto,Sem Vítimas,Amanhecer,Decrescente,Céu Claro,Simples,Reta,Não,1,0,0,0,0,1,0,1,-28.776575,-49.319288,SPRF-SC,DEL02-SC,UOP02-DEL02-SC,2025
"694606,0",2025-05-30,sexta-feira,07:05:00,SC,470,"71,4",INDAIAL,Velocidade Incompatível,Saída de leito carroçável,Com Vítimas Fatais,Pleno dia,Crescente,Céu Claro,Múltipla,Reta,Sim,1,1,0,0,0,0,0,1,-26.89799,-49.26535,SPRF-SC,DEL04-SC,UOP01-DEL04-SC,2025
"694607,0",2025-05-30,sexta-feira,08:30:00,SC,101,"146,0",ITAPEMA,Ausência de reação do condutor,Atropelamento de Pedestre,Com Vítimas Feridas,Pleno dia,Decrescente,Céu Claro,Simples,Viaduto,Sim,2,0,0,1,1,0,1,2,-27.08859644,-48.61179527,SPRF-SC,DEL04-SC,UOP03-DEL04-SC,2025
"694639,0",2025-05-30,sexta-feira,12:50:00,SC,280,"130,4",RIO NEGRINHO,Acessar a via sem observar a presença dos outros veículos,Colisão lateral mesmo sentido,Com Vítimas Feridas,Pleno dia,Decrescente,Céu Claro,Simples,Interseção de Vias;Reta,Sim,2,0,1,0,1,0,1,2,-26.26140793,-49.51072153,SPRF-SC,DEL06-SC,UOP03-DEL06-SC,2025
"694660,0",2025-05-30,sexta-feira,14:30:00,SC,101,"202,0",SAO JOSE,Reação tardia ou ineficiente do condutor,Colisão traseira,Sem Vítimas,Pleno dia,Decrescente,Céu Claro,Múltipla,Reta,Sim,4,0,0,0,4,0,0,2,-27.553338,-48.61917671,SPRF-SC,DEL01-SC,UOP01-DEL01-SC,2025
"694685,0",2025-05-30,sexta-feira,16:50:00,SC,101,"152,0",ITAPEMA,Reação tardia ou ineficiente do condutor,Colisão traseira,Com Vítimas Feridas,Pleno dia,Decrescente,Céu Claro,Dupla,Reta,Sim,3,0,2,0,1,0,2,2,-27.13536809,-48.61067712,SPRF-SC,DEL04-SC,UOP03-DEL04-SC,2025
"694694,0",2025-05-30,sexta-feira,18:00:00,SC,101,"117,4",ITAJAI,Trafegar com motocicleta (ou similar) entre as faixas,Colisão traseira,Com Vítimas Feridas,Plena Noite,Crescente,Nublado,Múltipla,Reta;Viaduto;Declive,Sim,2,0,1,0,1,0,1,2,-26.8911435,-48.72088411,SPRF-SC,DEL04-SC,UOP04-DEL04-SC,2025
"694702,0",2025-05-30,sexta-feira,17:40:00,SC,101,"273,0",IMBITUBA,Reação tardia ou ineficiente do condutor,Queda de ocupante de veículo,Com Vítimas Feridas,Anoitecer,Decrescente,Céu Claro,Dupla,Reta,Não,1,0,1,0,0,0,1,1,-28.137693,-48.692024,SPRF-SC,DEL02-SC,UOP03-DEL02-SC,2025
"694710,0",2025-05-30,sexta-feira,18:25:00,SC,470,"60,3",BLUMENAU,Acessar a via sem observar a presença dos outros veículos,Colisão transversal,Com Vítimas Feridas,Plena Noite,Crescente,Céu Claro,Simples,Reta;Em Obras,Não,2,0,1,0,1,0,1,2,-26.88053264,-49.16770069,SPRF-SC,DEL04-SC,UOP01-DEL04-SC,2025
"694718,0",2025-05-30,sexta-feira,19:00:00,SC,101,"125,9",ITAJAI,Reação tardia ou ineficiente do condutor,Colisão traseira,Com Vítimas Feridas,Plena Noite,Decrescente,Céu Claro,Dupla,Reta,Sim,2,0,1,0,1,0,1,2,-26.9627758,-48.68282318,SPRF-SC,DEL04-SC,UOP04-DEL04-SC,2025
"694723,0",2025-05-30,sexta-feira,19:25:00,SC,280,"30,9",ARAQUARI,Acessar a via sem observar a presença dos outros veículos,Colisão transversal,Com Vítimas Feridas,Plena Noite,Crescente,Céu Claro,Simples,Interseção de Vias,Sim,3,0,1,0,1,1,1,2,-26.4164154,-48.77114673,SPRF-SC,DEL03-SC,UOP03-DEL03-SC,2025
"694743,0",2025-05-30,sexta-feira,20:40:00,SC,470,"58,5",BLUMENAU,Conversão proibida,Colisão frontal,Com Vítimas Feridas,Plena Noite,Decrescente,Céu Claro,Simples,Reta;Aclive,Não,2,0,1,0,1,0,1,2,-26.88419056,-49.15033992,SPRF-SC,DEL04-SC,UOP01-DEL04-SC,2025
"694750,0",2025-05-18,domingo,20:20:00,SC,116,"59,9",PAPANDUVA,Acessar a via sem observar a presença dos outros veículos,Colisão transversal,Com Vítimas Feridas,Plena Noite,Crescente,Garoa/Chuvisco,Simples,Reta;Aclive,Não,7,0,0,1,6,0,1,2,-26.381952,-50.215146,SPRF-SC,DEL06-SC,UOP02-DEL06-SC,2025
"694762,0",2025-05-30,sexta-feira,21:40:00,SC,280,"99,4",SAO BENTO DO SUL,Demais falhas mecânicas ou elétricas,Incêndio,Sem Vítimas,Plena Noite,Crescente,Céu Claro,Simples,Aclive;Reta,Não,1,0,0,0,1,0,0,1,-26.37111,-49.332876,SPRF-SC,DEL06-SC,UOP03-DEL06-SC,2025
"694793,0",2025-05-31,sábado,00:45:00,SC,101,"151,1",ITAPEMA,Ausência de reação do condutor,Colisão com objeto,Com Vítimas Fatais,Plena Noite,Decrescente,Céu Claro,Múltipla,Reta,Sim,1,1,0,0,0,0,0,1,-27.12648635,-48.60932946,SPRF-SC,DEL04-SC,UOP03-DEL04-SC,2025
"694795,0",2025-05-31,sábado,02:45:00,SC,280,"9,5",SAO FRANCISCO DO SUL,Velocidade Incompatível,Capotamento,Com Vítimas Feridas,Plena Noite,Crescente,Nublado,Simples,Reta,Não,3,0,2,1,0,0,3,1,-26.291687,-48.644764,SPRF-SC,DEL03-SC,UOP03-DEL03-SC,2025
"694798,0",2025-05-31,sábado,01:34:00,SC,101,"198,1",BIGUACU,Ausência de reação do condutor,Colisão traseira,Com Vítimas Fatais,Plena Noite,Crescente,Nublado,Múltipla,Reta,Sim,2,1,0,0,1,0,0,2,-27.52744,-48.63448,SPRF-SC,DEL01-SC,UOP01-DEL01-SC,2025
"694804,0",2025-05-31,sábado,04:00:00,SC,280,"50,0",GUARAMIRIM,Velocidade Incompatível,Capotamento,Com Vítimas Feridas,Amanhecer,Decrescente,Céu Claro,Simples,Curva;Desvio Temporário,Sim,1,0,1,0,0,0,1,1,-26.4624216,-48.9482615,SPRF-SC,DEL03-SC,UOP03-DEL03-SC,2025
"694812,0",2025-05-31,sábado,03:15:00,SC,480,"127,3",CHAPECO,Desrespeitar a preferência no cruzamento,Colisão transversal,Com Vítimas Feridas,Plena Noite,Decrescente,Céu Claro,Simples,Retorno Regulamentado;Reta;Declive,Não,1,0,0,1,0,0,1,1,-27.02272705,-52.63497233,SPRF-SC,DEL07-SC,UOP01-DEL07-SC,2025
"694853,0",2025-05-31,sábado,05:20:00,SC,282,"613,0",MARAVILHA,Condutor Dormindo,Saída de leito carroçável,Com Vítimas Feridas,Plena Noite,Crescente,Nevoeiro/Neblina,Simples,Curva,Não,1,0,0,1,0,0,1,1,-26.76887,-53.262744,SPRF-SC,DEL07-SC,UOP02-DEL07-SC,2025
"694861,0",2025-05-31,sábado,09:00:00,SC,282,"582,1",PINHALZINHO,Pista Escorregadia,Tombamento,Com Vítimas Feridas,Pleno dia,Decrescente,Céu Claro,Simples,Interseção de Vias;Rotatória,Sim,2,0,1,0,1,0,1,1,-26.82640527,-53.00463145,SPRF-SC,DEL07-SC,UOP02-DEL07-SC,2025
"694863,0",2025-05-31,sábado,09:50:00,SC,101,"347,6",JAGUARUNA,Demais falhas mecânicas ou elétricas,Tombamento,Com Vítimas Feridas,Pleno dia,Decrescente,Céu Claro,Dupla,Reta,Sim,1,0,1,0,0,0,1,1,-28.581352,-49.050933,SPRF-SC,DEL02-SC,UOP01-DEL02-SC,2025
"694864,0",2025-05-31,sábado,08:10:00,SC,101,"1,0",BIGUACU,Demais falhas mecânicas ou elétricas,Tombamento,Com Vítimas Feridas,Pleno dia,Crescente,Sol,Dupla,Reta,Não,1,0,1,0,0,0,1,1,-27.35695702,-48.64080252,SPRF-SC,DEL01-SC,UOP01-DEL01-SC,2025
"694876,0",2025-05-31,sábado,11:15:00,SC,282,"3,0",FLORIANOPOLIS,Reação tardia ou ineficiente do condutor,Colisão traseira,Com Vítimas Feridas,Pleno dia,Decrescente,Céu Claro,Múltipla,Reta;Aclive,Não,3,0,2,0,1,0,2,2,-27.60131113,-48.57795803,SPRF-SC,DEL01-SC,UOP01-DEL01-SC,2025
"694901,0",2025-05-31,sábado,11:00:00,SC,101,"123,0",ITAJAI,Condutor deixou de manter distância do veículo da frente,Colisão traseira,Com Vítimas Feridas,Pleno dia,Crescente,Céu Claro,Dupla,Reta,Não,3,0,1,0,2,0,1,2,-26.95427729,-48.6796803,SPRF-SC,DEL04-SC,UOP04-DEL04-SC,2025
"694924,0",2025-05-31,sábado,16:00:00,SC,101,"62,2",ARAQUARI,Reação tardia ou ineficiente do condutor,Colisão lateral mesmo sentido,Com Vítimas Feridas,Pleno dia,Crescente,Céu Claro,Dupla,Viaduto,Não,3,0,1,0,2,0,1,2,-26.45532076,-48.7650919,SPRF-SC,DEL03-SC,UOP02-DEL03-SC,2025
"694927,0",2025-05-31,sábado,15:50:00,SC,280,"46,0",GUARAMIRIM,Falta de elemento de contenção que evite a saída do leito carroçável,Saída de leito carroçável,Com Vítimas Feridas,Pleno dia,Decrescente,Céu Claro,Dupla,Reta;Em Obras,Não,1,0,1,0,0,0,1,1,-26.47527382,-48.98868251,SPRF-SC,DEL03-SC,UOP03-DEL03-SC,2025
"694935,0",2025-05-31,sábado,16:40:00,SC,101,"291,3",IMBITUBA,Ingestão de álcool pelo condutor,Saída de leito carroçável,Sem Vítimas,Pleno dia,Crescente,Céu Claro,Múltipla,Reta,Não,1,0,0,0,0,1,0,1,-28.2913013,-48.70964376,SPRF-SC,DEL02-SC,UOP03-DEL02-SC,2025
"694940,0",2025-05-31,sábado,14:15:00,SC,101,"401,0",MARACAJA,Reação tardia ou ineficiente do condutor,Saída de leito carroçável,Com Vítimas Feridas,Pleno dia,Crescente,Céu Claro,Múltipla,Reta,Sim,2,0,1,1,0,0,2,1,-28.8740515,-49.45456445,SPRF-SC,DEL02-SC,UOP02-DEL02-SC,2025
"695001,0",2025-05-31,sábado,11:00:00,SC,101,"126,0",ITAJAI,Ingestão de álcool pelo condutor,Colisão com objeto,Sem Vítimas,Pleno dia,Crescente,Céu Claro,Dupla,Reta,Não,1,0,0,0,0,1,0,1,-26.93167194,-48.70372818,SPRF-SC,DEL04-SC,UOP04-DEL04-SC,2025
"695005,0",2025-05-31,sábado,21:00:00,SC,116,"246,2",LAGES,Velocidade Incompatível,Colisão transversal,Com Vítimas Feridas,Plena Noite,Decrescente,Céu Claro,Simples,Reta,Sim,3,0,3,0,0,0,3,2,-27.80608098,-50.36574804,SPRF-SC,DEL05-SC,UOP02-DEL05-SC,2025
"695013,0",2025-05-31,sábado,22:45:00,SC,101,"207,0",SAO JOSE,Ausência de reação do condutor,Queda de ocupante de veículo,Sem Vítimas,Plena Noite,Decrescente,Céu Claro,Múltipla,Reta,Não,2,0,0,0,2,0,0,2,-27.5985509,-48.6210541,SPRF-SC,DEL01-SC,UOP01-DEL01-SC,2025
"695022,0",2025-05-31,sábado,19:20:00,SC,101,"166,0",TIJUCAS,Reação tardia ou ineficiente do condutor,Colisão traseira,Com Vítimas Feridas,Plena Noite,Decrescente,Nublado,Dupla,Reta,Não,2,0,1,0,1,0,1,2,-27.25876696,-48.63148522,SPRF-SC,DEL04-SC,UOP03-DEL04-SC,2025
"695029,0",2025-05-31,sábado,22:16:00,SC,153,"66,0",IRANI,Acessar a via sem observar a presença dos outros veículos,Colisão transversal,Com Vítimas Feridas,Anoitecer,Crescente,Nevoeiro/Neblina,Simples,Rotatória;Retorno Regulamentado,Sim,4,0,2,2,0,0,4,2,-27.022931,-51.885741,SPRF-SC,DEL07-SC,UOP04-DEL07-SC,2025
"695030,0",2025-05-31,sábado,21:06:00,SC,282,"461,5",PONTE SERRADA,Acessar a via sem observar a presença dos outros veículos,Colisão transversal,Com Vítimas Feridas,Plena Noite,Crescente,Céu Claro,Simples,Reta,Não,4,0,1,1,0,2,2,3,-26.86607534,-52.02307463,SPRF-SC,DEL07-SC,UOP04-DEL07-SC,2025
"695044,0",2025-06-01,domingo,00:45:00,SC,101,"287,9",IMBITUBA,Ingestão de álcool pelo condutor,Saída de leito carroçável,Sem Vítimas,Plena Noite,Decrescente,Nublado,Simples,Reta,Não,1,0,0,0,1,0,0,1,-28.26409,-48.70262,SPRF-SC,DEL02-SC,UOP03-DEL02-SC,2025
"695066,0",2025-06-01,domingo,06:30:00,SC,101,"190,0",BIGUACU,Ausência de reação do condutor,Queda de ocupante de veículo,Com Vítimas Feridas,Amanhecer,Decrescente,Garoa/Chuvisco,Dupla,Reta,Não,1,0,1,0,0,0,1,1,-27.47645406,-48.64067846,SPRF-SC,DEL01-SC,UOP01-DEL01-SC,2025
"695089,0",2025-06-01,domingo,08:00:00,SC,282,"5,4",SAO JOSE,Acumulo de óleo sobre o pavimento,Queda de ocupante de veículo,Com Vítimas Feridas,Pleno dia,Crescente,Céu Claro,Dupla,Aclive;Curva,Sim,1,0,1,0,0,0,1,1,-27.585413,-48.617805,SPRF-SC,DEL01-SC,UOP01-DEL01-SC,2025
"695108,0",2025-06-01,domingo,10:00:00,SC,163,"111,0",GUARUJA DO SUL,Velocidade Incompatível,Saída de leito carroçável,Sem Vítimas,Pleno dia,Decrescente,Céu Claro,Simples,Reta;Aclive,Não,1,0,0,0,1,0,0,1,-26.38968804,-53.51712942,SPRF-SC,DEL07-SC,UOP03-DEL07-SC,2025
"695112,0",2025-06-01,domingo,05:40:00,SC,470,"163,0",TROMBUDO CENTRAL,Condutor Dormindo,Capotamento,Com Vítimas Feridas,Amanhecer,Decrescente,Céu Claro,Simples,Reta,Não,1,0,1,0,0,0,1,1,-27.28124856,-49.819884,SPRF-SC,DEL04-SC,UOP02-DEL04-SC,2025
"695113,0",2025-06-01,domingo,11:00:00,SC,101,"44,2",JOINVILLE,Reação tardia ou ineficiente do condutor,Tombamento,Com Vítimas Feridas,Pleno dia,Crescente,Céu Claro,Simples,Reta,Não,1,0,1,0,0,0,1,1,-26.3418565,-48.858694,SPRF-SC,DEL03-SC,UOP01-DEL03-SC,2025
"695135,0",2025-06-01,domingo,10:45:00,SC,101,"345,0",TUBARAO,Condutor desrespeitou a iluminação vermelha do semáforo,Colisão com objeto,Com Vítimas Feridas,Pleno dia,Crescente,Céu Claro,Múltipla,Reta,Não,1,0,1,0,0,0,1,1,-28.55426099,-49.05423252,SPRF-SC,DEL02-SC,UOP01-DEL02-SC,2025
"695157,0",2025-06-01,domingo,17:00:00,SC,101,"145,3",ITAPEMA,Reação tardia ou ineficiente do condutor,Colisão traseira,Com Vítimas Feridas,Pleno dia,Decrescente,Céu Claro,Dupla,Aclive;Reta,Não,3,0,2,0,1,0,2,2,-27.08591512,-48.6079461,SPRF-SC,DEL04-SC,UOP03-DEL04-SC,2025
"695172,0",2025-06-01,domingo,16:40:00,SC,470,"109,7",APIUNA,Acessar a via sem observar a presença dos outros veículos,Colisão lateral mesmo sentido,Com Vítimas Feridas,Pleno dia,Crescente,Céu Claro,Simples,Aclive;Reta,Sim,2,0,1,0,0,1,1,2,-27.08361709,-49.44533095,SPRF-SC,DEL04-SC,UOP02-DEL04-SC,2025
"695173,0",2025-06-01,domingo,16:00:00,SC,282,"377,6",ERVAL VELHO,Ingestão de álcool pelo condutor,Saída de leito carroçável,Com Vítimas Feridas,Pleno dia,Crescente,Céu Claro,Dupla,Curva,Não,2,0,2,0,0,0,2,1,-27.21856121,-51.4650836,SPRF-SC,DEL07-SC,UOP05-DEL07-SC,2025
"695199,0",2025-06-01,domingo,19:00:00,SC,101,"144,1",ITAPEMA,Reação tardia ou ineficiente do condutor,Engavetamento,Sem Vítimas,Plena Noite,Decrescente,Céu Claro,Dupla,Reta,Sim,2,0,0,0,2,0,0,2,-27.07589304,-48.59793918,SPRF-SC,DEL04-SC,UOP03-DEL04-SC,2025
"695205,0",2025-06-01,domingo,17:30:00,SC,116,"164,9",PONTE ALTA DO NORTE,Demais falhas mecânicas ou elétricas,Saída de leito carroçável,Com Vítimas Feridas,Pleno dia,Crescente,Céu Claro,Simples,Curva,Não,1,0,1,0,0,0,1,1,-27.148975,-50.460421,SPRF-SC,DEL05-SC,UOP03-DEL05-SC,2025
"695212,0",2025-06-01,domingo,20:00:00,SC,101,"197,0",BIGUACU,Ingestão de álcool pelo condutor,Saída de leito carroçável,Sem Vítimas,Plena Noite,Decrescente,Céu Claro,Dupla,Declive;Reta,Sim,1,0,0,0,1,0,0,1,-27.51939922,-48.6375889,SPRF-SC,DEL01-SC,UOP01-DEL01-SC,2025
"695228,0",2025-06-01,domingo,21:20:00,SC,101,"153,0",PORTO BELO,Condutor deixou de manter distância do veículo da frente,Colisão lateral mesmo sentido,Com Vítimas Feridas,Plena Noite,Crescente,Céu Claro,Dupla,Reta,Sim,2,0,0,1,1,0,1,2,-27.14427649,-48.61053911,SPRF-SC,DEL04-SC,UOP03-DEL04-SC,2025
"695238,0",2025-06-01,domingo,20:00:00,SC,116,"49,0",PAPANDUVA,Ausência de reação do condutor,Saída de leito carroçável,Sem Vítimas,Plena Noite,Crescente,Céu Claro,Simples,Reta,Não,1,0,0,0,0,1,0,1,-26.37537306,-50.12911588,SPRF-SC,DEL06-SC,UOP01-DEL06-SC,2025
"695250,0",2025-06-01,domingo,21:15:00,SC,101,"383,4",ICARA,Ingestão de álcool pelo condutor,Colisão transversal,Com Vítimas Feridas,Plena Noite,Crescente,Céu Claro,Simples,Interseção de Vias,Sim,3,0,1,0,2,0,1,2,-28.77413549,-49.31514708,SPRF-SC,DEL02-SC,UOP02-DEL02-SC,2025
"695274,0",2025-06-01,domingo,21:30:00,SC,116,"239,9",CORREIA PINTO,Ingestão de álcool pelo condutor,Saída de leito carroçável,Com Vítimas Feridas,Plena Noite,Crescente,Ignorado,Dupla,Reta;Aclive,Não,2,0,1,0,0,1,1,1,-27.72547501,-50.33626556,SPRF-SC,DEL05-SC,UOP01-DEL05-SC,2025
"695278,0",2025-06-02,segunda-feira,01:15:00,SC,101,"166,1",TIJUCAS,Ausência de reação do condutor,Saída de leito carroçável,Com Vítimas Fatais,Plena Noite,Decrescente,Céu Claro,Dupla,Reta,Não,1,1,0,0,0,0,0,1,-27.2602584,-48.6315399,SPRF-SC,DEL04-SC,UOP03-DEL04-SC,2025
"695285,0",2025-06-02,segunda-feira,05:00:00,SC,101,"206,0",SAO JOSE,Ausência de reação do condutor,Colisão traseira,Com Vítimas Feridas,Plena Noite,Crescente,Céu Claro,Múltipla,Reta;Interseção de Vias,Sim,2,0,0,1,0,1,1,2,-27.594862,-48.619405,SPRF-SC,DEL01-SC,UOP01-DEL01-SC,2025
"695292,0",2025-06-02,segunda-feira,06:47:00,SC,101,"214,3",PALHOCA,Trafegar com motocicleta (ou similar) entre as faixas,Colisão traseira,Com Vítimas Feridas,Pleno dia,Decrescente,Nublado,Múltipla,Reta,Sim,2,0,0,1,1,0,1,2,-27.647198,-48.672424,SPRF-SC,DEL01-SC,UOP02-DEL01-SC,2025
"695306,0",2025-06-02,segunda-feira,07:30:00,SC,282,"3,2",FLORIANOPOLIS,Manobra de mudança de faixa,Colisão lateral mesmo sentido,Com Vítimas Feridas,Pleno dia,Decrescente,Nublado,Múltipla,Reta,Sim,2,0,1,0,1,0,1,2,-27.59583791,-48.60136382,SPRF-SC,DEL01-SC,UOP01-DEL01-SC,2025
"695327,0",2025-06-02,segunda-feira,08:30:00,SC,101,"118,0",ITAJAI,Condutor deixou de manter distância do veículo da frente,Colisão lateral mesmo sentido,Com Vítimas Feridas,Pleno dia,Crescente,Nublado,Dupla,Reta,Não,3,0,2,0,1,0,2,2,-26.89296436,-48.72052565,SPRF-SC,DEL04-SC,UOP04-DEL04-SC,2025
"695338,0",2025-06-02,segunda-feira,07:45:00,SC,116,"245,3",LAGES,Reação tardia ou ineficiente do condutor,Colisão lateral mesmo sentido,Com Vítimas Feridas,Pleno dia,Crescente,Nevoeiro/Neblina,Simples,Interseção de Vias;Declive,Sim,4,0,2,0,2,0,2,3,-27.799538,-50.363446,SPRF-SC,DEL05-SC,UOP01-DEL05-SC,2025