id,data_inversa,dia_semana,horario,uf,br,km,municipio,causa_acidente,tipo_acidente,classificacao_acidente,fase_dia,sentido_via,condicao_metereologica,tipo_pista,tracado_via,uso_solo,pessoas,mortos,feridos_leves,feridos_graves,ilesos,ignorados,feridos,veiculos,latitude,longitude,regional,delegacia,uop,ano_arquivo
"695367,0",2025-06-02,segunda-feira,14:00:00,SC,101,"398,9",MARACAJA,Ausência de reação do condutor,Colisão com objeto,Com Vítimas Feridas,Pleno dia,Crescente,Nublado,Múltipla,Reta,Sim,1,0,1,0,0,0,1,1,-28.862222,-49.4451162,SPRF-SC,DEL02-SC,UOP02-DEL02-SC,2025
"695379,0",2025-06-02,segunda-feira,15:20:00,SC,101,"226,0",PALHOCA,Reação tardia ou ineficiente do condutor,Colisão com objeto,Sem Vítimas,Pleno dia,Decrescente,Nublado,Dupla,Reta,Não,1,0,0,0,0,1,0,1,-27.742479,-48.637795,SPRF-SC,DEL01-SC,UOP02-DEL01-SC,2025
"695408,0",2025-06-02,segunda-feira,17:25:00,SC,101,"42,9",JOINVILLE,Condutor deixou de manter distância do veículo da frente,Colisão traseira,Com Vítimas Feridas,Plena Noite,Crescente,Nublado,Múltipla,Reta;Aclive,Sim,2,0,1,0,1,0,1,2,-26.33092662,-48.8621649,SPRF-SC,DEL03-SC,UOP01-DEL03-SC,2025
"695410,0",2025-06-02,segunda-feira,16:00:00,SC,282,"326,0",CAMPOS NOVOS,Condutor deixou de manter distância do veículo da frente,Colisão traseira,Com Vítimas Feridas,Pleno dia,Crescente,Chuva,Simples,Reta,Não,6,0,1,0,5,0,1,4,-27.375487,-51.07651,SPRF-SC,DEL07-SC,UOP06-DEL07-SC,2025
"695411,0",2025-06-02,segunda-feira,17:40:00,SC,101,"194,0",BIGUACU,Manobra de mudança de faixa,Colisão lateral mesmo sentido,Com Vítimas Feridas,Plena Noite,Decrescente,Céu Claro,Múltipla,Reta,Sim,3,0,2,0,1,0,2,2,-27.503445,-48.651065,SPRF-SC,DEL01-SC,UOP01-DEL01-SC,2025
"695412,0",2025-06-02,segunda-feira,17:30:00,SC,101,"194,1",BIGUACU,Reação tardia ou ineficiente do condutor,Colisão transversal,Com Vítimas Feridas,Anoitecer,Crescente,Nublado,Múltipla,Interseção de Vias,Sim,2,0,1,1,0,0,2,2,-27.49926382,-48.65588157,SPRF-SC,DEL01-SC,UOP01-DEL01-SC,2025
"695426,0",2025-06-02,segunda-feira,18:15:00,SC,101,"105,0",PENHA,Ausência de reação do condutor,Queda de ocupante de veículo,Com Vítimas Feridas,Plena Noite,Decrescente,Nublado,Múltipla,Reta,Não,1,0,1,0,0,0,1,1,-26.79968133,-48.67895778,SPRF-SC,DEL03-SC,UOP02-DEL03-SC,2025
"695427,0",2025-06-02,segunda-feira,18:30:00,SC,101,"112,0",ITAJAI,Condutor deixou de manter distância do veículo da frente,Colisão traseira,Com Vítimas Feridas,Plena Noite,Crescente,Nublado,Dupla,Reta,Não,2,0,2,0,0,0,2,2,-26.84533781,-48.72084115,SPRF-SC,DEL04-SC,UOP04-DEL04-SC,2025
"695440,0",2025-06-02,segunda-feira,20:10:00,SC,470,"55,7",BLUMENAU,Acessar a via sem observar a presença dos outros veículos,Colisão transversal,Com Vítimas Feridas,Plena Noite,Decrescente,Nublado,Simples,Reta,Sim,2,0,1,0,1,0,1,2,-26.87646878,-49.1253984,SPRF-SC,DEL04-SC,UOP01-DEL04-SC,2025
"695471,0",2025-06-02,segunda-feira,18:00:00,SC,101,"331,8",TUBARAO,Acessar a via sem observar a presença dos outros veículos,Colisão lateral mesmo sentido,Com Vítimas Feridas,Anoitecer,Decrescente,Garoa/Chuvisco,Múltipla,Rotatória,Sim,2,0,1,0,1,0,1,2,-28.46597188,-48.99578261,SPRF-SC,DEL02-SC,UOP01-DEL02-SC,2025
"695481,0",2025-06-02,segunda-feira,13:40:00,SC,101,"252,0",PAULO LOPES,Acessar a via sem observar a presença dos outros veículos,Colisão transversal,Com Vítimas Feridas,Pleno dia,Crescente,Céu Claro,Simples,Interseção de Vias,Não,2,0,1,0,1,0,1,2,-27.96631089,-48.68022911,SPRF-SC,DEL02-SC,UOP03-DEL02-SC,2025
"695482,0",2025-06-02,segunda-feira,16:00:00,SC,163,"119,8",DIONISIO CERQUEIRA,Velocidade Incompatível,Saída de leito carroçável,Com Vítimas Fatais,Pleno dia,Crescente,Chuva,Simples,Declive;Curva,Não,2,2,0,0,0,0,0,1,-26.33034532,-53.54431629,SPRF-SC,DEL07-SC,UOP03-DEL07-SC,2025
"695506,0",2025-06-03,terça-feira,07:50:00,SC,101,"214,6",PALHOCA,Reação tardia ou ineficiente do condutor,Colisão traseira,Com Vítimas Feridas,Pleno dia,Decrescente,Nublado,Múltipla,Reta,Sim,3,0,0,1,2,0,1,3,-27.64933,-48.67439,SPRF-SC,DEL01-SC,UOP02-DEL01-SC,2025
"695517,0",2025-05-27,terça-feira,20:50:00,SC,101,"126,0",ITAJAI,Reação tardia ou ineficiente do condutor,Colisão traseira,Sem Vítimas,Plena Noite,Crescente,Nublado,Dupla,Reta;Declive;Viaduto,Não,2,0,0,0,2,0,0,2,-26.9539109,-48.67958307,SPRF-SC,DEL04-SC,UOP04-DEL04-SC,2025
"695525,0",2025-06-03,terça-feira,09:00:00,SC,101,"124,0",ITAJAI,Demais falhas mecânicas ou elétricas,Tombamento,Com Vítimas Feridas,Pleno dia,Decrescente,Garoa/Chuvisco,Simples,Retorno Regulamentado,Sim,2,0,1,0,1,0,1,1,-26.937103,-48.696482,SPRF-SC,DEL04-SC,UOP04-DEL04-SC,2025
"695563,0",2025-06-03,terça-feira,12:00:00,SC,101,"415,9",ARARANGUA,Acessar a via sem observar a presença dos outros veículos,Colisão transversal,Com Vítimas Feridas,Pleno dia,Crescente,Céu Claro,Simples,Reta,Sim,2,0,1,0,1,0,1,2,-28.9694704,-49.52543227,SPRF-SC,DEL02-SC,UOP02-DEL02-SC,2025
"695565,0",2025-06-03,terça-feira,11:15:00,SC,101,"412,5",ARARANGUA,Condutor Dormindo,Tombamento,Com Vítimas Feridas,Pleno dia,Crescente,Céu Claro,Dupla,Reta,Não,1,0,0,1,0,0,1,1,-28.94529329,-49.52894211,SPRF-SC,DEL02-SC,UOP02-DEL02-SC,2025
"695579,0",2025-06-03,terça-feira,14:15:00,SC,101,"150,0",ITAPEMA,Acessar a via sem observar a presença dos outros veículos,Colisão transversal,Com Vítimas Feridas,Pleno dia,Crescente,Céu Claro,Simples,Reta,Sim,4,0,0,2,2,0,2,3,-27.11626678,-48.60974345,SPRF-SC,DEL04-SC,UOP03-DEL04-SC,2025
"695593,0",2025-06-03,terça-feira,14:00:00,SC,101,"434,0",SOMBRIO,Transitar na contramão,Colisão frontal,Com Vítimas Feridas,Pleno dia,Decrescente,Céu Claro,Múltipla,Reta;Em Obras,Não,4,0,2,1,1,0,3,2,-29.09924344,-49.63498678,SPRF-SC,DEL02-SC,UOP02-DEL02-SC,2025
"695630,0",2025-06-03,terça-feira,18:20:00,SC,280,"37,0",ARAQUARI,Acessar a via sem observar a presença dos outros veículos,Colisão transversal,Com Vítimas Feridas,Plena Noite,Crescente,Nublado,Simples,Curva;Em Obras,Não,2,0,1,0,1,0,1,2,-26.44783271,-48.82277934,SPRF-SC,DEL03-SC,UOP03-DEL03-SC,2025
"695678,0",2025-06-03,terça-feira,19:50:00,SC,280,"5,3",SAO FRANCISCO DO SUL,Acessar a via sem observar a presença dos outros veículos,Colisão transversal,Com Vítimas Feridas,Plena Noite,Crescente,Nublado,Simples,Reta,Sim,3,0,2,0,0,1,2,2,-26.25824333,-48.62304211,SPRF-SC,DEL03-SC,UOP03-DEL03-SC,2025
"695679,0",2025-06-03,terça-feira,22:10:00,SC,101,"90,0",BARRA VELHA,Manobra de mudança de faixa,Colisão lateral mesmo sentido,Com Vítimas Feridas,Plena Noite,Crescente,Nublado,Simples,Reta,Sim,5,0,2,0,3,0,2,2,-26.67008709,-48.69029045,SPRF-SC,DEL03-SC,UOP02-DEL03-SC,2025
"695693,0",2025-06-04,quarta-feira,02:45:00,SC,101,"151,0",ITAPEMA,Ausência de reação do condutor,Saída de leito carroçável,Com Vítimas Feridas,Plena Noite,Decrescente,Céu Claro,Dupla,Reta,Sim,1,0,0,1,0,0,1,1,-27.13029922,-48.60959753,SPRF-SC,DEL04-SC,UOP03-DEL04-SC,2025
"695710,0",2025-06-04,quarta-feira,07:30:00,SC,101,"216,6",PALHOCA,Condutor deixou de manter distância do veículo da frente,Colisão traseira,Com Vítimas Feridas,Pleno dia,Decrescente,Céu Claro,Múltipla,Reta,Sim,3,0,1,0,2,0,1,3,-27.662172,-48.676035,SPRF-SC,DEL01-SC,UOP02-DEL01-SC,2025
"695719,0",2025-06-04,quarta-feira,07:50:00,SC,101,"197,0",BIGUACU,Condutor deixou de manter distância do veículo da frente,Colisão traseira,Com Vítimas Feridas,Pleno dia,Crescente,Céu Claro,Dupla,Reta,Sim,2,0,1,0,1,0,1,2,-27.51920372,-48.63799509,SPRF-SC,DEL01-SC,UOP01-DEL01-SC,2025
"695728,0",2025-06-04,quarta-feira,08:25:00,SC,101,"204,5",SAO JOSE,Manobra de mudança de faixa,Colisão traseira,Com Vítimas Feridas,Pleno dia,Crescente,Céu Claro,Múltipla,Reta,Sim,3,0,2,0,1,0,2,2,-27.57614625,-48.61331105,SPRF-SC,DEL01-SC,UOP01-DEL01-SC,2025
"695736,0",2025-06-04,quarta-feira,07:55:00,SC,101,"180,0",BIGUACU,Acessar a via sem observar a presença dos outros veículos,Colisão lateral mesmo sentido,Com Vítimas Feridas,Pleno dia,Crescente,Céu Claro,Múltipla,Reta,Não,2,0,1,0,1,0,1,2,-27.38393,-48.631527,SPRF-SC,DEL01-SC,UOP01-DEL01-SC,2025
"695769,0",2025-06-04,quarta-feira,12:30:00,SC,101,"208,5",SAO JOSE,Manobra de mudança de faixa,Colisão lateral mesmo sentido,Com Vítimas Feridas,Pleno dia,Decrescente,Sol,Múltipla,Reta,Sim,2,0,1,0,1,0,1,2,-27.58834586,-48.61686649,SPRF-SC,DEL01-SC,UOP01-DEL01-SC,2025
"695780,0",2025-06-04,quarta-feira,13:20:00,SC,282,"19,4",PALHOCA,Conversão proibida,Colisão transversal,Com Vítimas Feridas,Pleno dia,Crescente,Céu Claro,Simples,Reta;Aclive,Sim,2,0,1,0,1,0,1,2,-27.68137,-48.70616,SPRF-SC,DEL01-SC,UOP02-DEL01-SC,2025
"695809,0",2025-06-04,quarta-feira,13:15:00,SC,158,"108,0",CUNHA PORA,Acesso irregular,Colisão traseira,Com Vítimas Feridas,Pleno dia,Crescente,Nublado,Simples,Curva;Interseção de Vias,Sim,2,0,1,0,1,0,1,2,-26.882063,-53.174428,SPRF-SC,DEL07-SC,UOP02-DEL07-SC,2025
"695816,0",2025-06-04,quarta-feira,15:55:00,SC,101,"192,7",BIGUACU,Reação tardia ou ineficiente do condutor,Colisão traseira,Com Vítimas Feridas,Pleno dia,Decrescente,Céu Claro,Múltipla,Reta,Sim,2,0,0,1,1,0,1,2,-27.488325,-48.653343,SPRF-SC,DEL01-SC,UOP01-DEL01-SC,2025
"695820,0",2025-03-24,segunda-feira,11:40:00,SC,282,"506,0",XANXERE,Reação tardia ou ineficiente do condutor,Colisão traseira,Com Vítimas Feridas,Pleno dia,Decrescente,Céu Claro,Dupla,Aclive;Reta,Não,2,0,2,0,0,0,2,1,-26.88581854,-52.42852664,SPRF-SC,DEL07-SC,UOP01-DEL07-SC,2025
"695828,0",2025-06-04,quarta-feira,16:20:00,SC,101,"129,4",CAMBORIU,Reação tardia ou ineficiente do condutor,Colisão traseira,Com Vítimas Feridas,Pleno dia,Crescente,Céu Claro,Dupla,Reta,Sim,2,0,1,0,1,0,1,2,-26.98255961,-48.67385642,SPRF-SC,DEL04-SC,UOP03-DEL04-SC,2025
"695859,0",2025-06-04,quarta-feira,18:30:00,SC,101,"203,0",SAO JOSE,Manobra de mudança de faixa,Colisão lateral mesmo sentido,Sem Vítimas,Plena Noite,Decrescente,Céu Claro,Dupla,Aclive;Reta,Não,2,0,0,0,2,0,0,2,-27.56824746,-48.61383526,SPRF-SC,DEL01-SC,UOP01-DEL01-SC,2025
"695867,0",2025-06-04,quarta-feira,17:45:00,SC,470,"73,3",INDAIAL,Condutor deixou de manter distância do veículo da frente,Colisão traseira,Com Vítimas Feridas,Plena Noite,Decrescente,Nublado,Simples,Reta,Não,3,0,2,0,1,0,2,2,-26.9117,-49.27708,SPRF-SC,DEL04-SC,UOP01-DEL04-SC,2025
"695875,0",2025-06-04,quarta-feira,19:00:00,SC,101,"202,8",SAO JOSE,Reação tardia ou ineficiente do condutor,Colisão traseira,Com Vítimas Feridas,Plena Noite,Decrescente,Céu Claro,Múltipla,Reta,Não,3,0,0,1,2,0,1,3,-27.563275,-48.615156,SPRF-SC,DEL01-SC,UOP01-DEL01-SC,2025
"695888,0",2025-06-04,quarta-feira,20:15:00,SC,101,"209,8",SAO JOSE,Reação tardia ou ineficiente do condutor,Colisão com objeto,Com Vítimas Feridas,Plena Noite,Decrescente,Céu Claro,Múltipla,Reta,Sim,1,0,1,0,0,0,1,1,-27.615089,-48.643881,SPRF-SC,DEL01-SC,UOP01-DEL01-SC,2025
"695903,0",2025-06-04,quarta-feira,19:35:00,SC,282,"462,1",PONTE SERRADA,Área urbana sem a presença de local apropriado para a travessia de pedestres,Atropelamento de Pedestre,Com Vítimas Feridas,Plena Noite,Decrescente,Garoa/Chuvisco,Simples,Reta,Sim,2,0,1,0,1,0,1,2,-26.861346,-52.026495,SPRF-SC,DEL07-SC,UOP04-DEL07-SC,2025
"695912,0",2025-06-04,quarta-feira,22:00:00,SC,282,"490,4",FAXINAL DOS GUEDES,Avarias e/ou desgaste excessivo no pneu,Saída de leito carroçável,Com Vítimas Feridas,Plena Noite,Decrescente,Nublado,Simples,Curva,Não,1,0,1,0,0,0,1,1,-26.87137005,-52.27581667,SPRF-SC,DEL07-SC,UOP01-DEL07-SC,2025
"695915,0",2025-06-04,quarta-feira,22:20:00,SC,101,"158,8",PORTO BELO,Reação tardia ou ineficiente do condutor,Colisão com objeto,Com Vítimas Feridas,Plena Noite,Crescente,Nublado,Dupla,Reta,Não,4,0,4,0,0,0,4,1,-27.19899,-48.61486,SPRF-SC,DEL04-SC,UOP03-DEL04-SC,2025
"695932,0",2025-06-05,quinta-feira,06:40:00,SC,101,"202,9",SAO JOSE,Manobra de mudança de faixa,Colisão lateral mesmo sentido,Com Vítimas Feridas,Amanhecer,Crescente,Chuva,Múltipla,Aclive;Reta,Sim,3,0,1,0,1,1,1,3,-27.56810194,-48.6140448,SPRF-SC,DEL01-SC,UOP01-DEL01-SC,2025
"695950,0",2025-06-05,quinta-feira,07:20:00,SC,101,"103,0",BALNEARIO PICARRAS,Velocidade Incompatível,Colisão com objeto,Com Vítimas Feridas,Pleno dia,Decrescente,Chuva,Dupla,Reta,Não,3,0,1,0,2,0,1,1,-26.7839279,-48.68278027,SPRF-SC,DEL03-SC,UOP02-DEL03-SC,2025
"695959,0",2025-06-05,quinta-feira,02:20:00,SC,101,"376,9",ICARA,Ausência de reação do condutor,Saída de leito carroçável,Com Vítimas Feridas,Plena Noite,Crescente,Chuva,Múltipla,Reta,Não,1,0,1,0,0,0,1,1,-28.74812021,-49.26356343,SPRF-SC,DEL02-SC,UOP01-DEL02-SC,2025
"695960,0",2025-06-05,quinta-feira,06:40:00,SC,101,"130,1",CAMBORIU,Pista Escorregadia,Tombamento,Com Vítimas Feridas,Amanhecer,Crescente,Chuva,Múltipla,Reta,Sim,1,0,1,0,0,0,1,1,-26.98437,-48.66903,SPRF-SC,DEL04-SC,UOP03-DEL04-SC,2025
"695961,0",2025-06-05,quinta-feira,07:30:00,SC,101,"119,2",ITAJAI,Ausência de reação do condutor,Colisão lateral mesmo sentido,Com Vítimas Feridas,Pleno dia,Crescente,Chuva,Dupla,Reta,Não,2,0,1,0,1,0,1,2,-26.89875019,-48.71781796,SPRF-SC,DEL04-SC,UOP04-DEL04-SC,2025
"695997,0",2025-06-05,quinta-feira,09:00:00,SC,280,"90,0",CORUPA,Chuva,Colisão transversal,Com Vítimas Feridas,Pleno dia,Crescente,Chuva,Simples,Curva,Não,2,0,1,0,1,0,1,2,-26.386234,-49.30233,SPRF-SC,DEL06-SC,UOP03-DEL06-SC,2025
"696030,0",2025-06-05,quinta-feira,12:10:00,SC,101,"154,9",PORTO BELO,Velocidade Incompatível,Saída de leito carroçável,Com Vítimas Feridas,Pleno dia,Decrescente,Garoa/Chuvisco,Múltipla,Curva;Interseção de Vias,Sim,1,0,1,0,0,0,1,1,-27.16194591,-48.61100284,SPRF-SC,DEL04-SC,UOP03-DEL04-SC,2025
"696034,0",2025-06-05,quinta-feira,13:45:00,SC,101,"134,0",BALNEARIO CAMBORIU,Manobra de mudança de faixa,Colisão lateral mesmo sentido,Com Vítimas Feridas,Pleno dia,Crescente,Nublado,Dupla,Reta,Sim,2,0,1,0,1,0,1,2,-27.00350522,-48.63295555,SPRF-SC,DEL04-SC,UOP03-DEL04-SC,2025
"696094,0",2025-06-05,quinta-feira,18:00:00,SC,116,"251,3",LAGES,Desrespeitar a preferência no cruzamento,Colisão transversal,Com Vítimas Feridas,Plena Noite,Decrescente,Nublado,Múltipla,Interseção de Vias;Rotatória,Não,2,0,1,0,1,0,1,2,-27.84718727,-50.37933111,SPRF-SC,DEL05-SC,UOP02-DEL05-SC,2025
"696097,0",2025-06-05,quinta-feira,16:45:00,SC,101,"386,1",ICARA,Desrespeitar a preferência no cruzamento,Colisão transversal,Com Vítimas Feridas,Pleno dia,Decrescente,Garoa/Chuvisco,Simples,Interseção de Vias;Declive;Viaduto,Não,3,0,2,0,1,0,2,2,-28.78608548,-49.33820335,SPRF-SC,DEL02-SC,UOP02-DEL02-SC,2025
"696102,0",2025-06-05,quinta-feira,20:30:00,SC,101,"198,0",BIGUACU,Ausência de reação do condutor,Tombamento,Com Vítimas Feridas,Plena Noite,Decrescente,Nublado,Múltipla,Reta,Não,2,0,1,0,1,0,1,1,-27.525052,-48.635826,SPRF-SC,DEL01-SC,UOP01-DEL01-SC,2025
"696112,0",2025-06-05,quinta-feira,21:05:00,SC,101,"140,5",BALNEARIO CAMBORIU,Manobra de mudança de faixa,Colisão lateral mesmo sentido,Com Vítimas Feridas,Plena Noite,Decrescente,Nublado,Dupla,Túnel;Reta,Não,3,0,1,0,2,0,1,2,-27.04263,-48.60077,SPRF-SC,DEL04-SC,UOP03-DEL04-SC,2025
"696127,0",2025-06-05,quinta-feira,22:40:00,SC,101,"155,1",PORTO BELO,Animais na Pista,Atropelamento de Animal,Com Vítimas Feridas,Plena Noite,Crescente,Céu Claro,Múltipla,Reta,Sim,1,0,1,0,0,0,1,1,-27.16365457,-48.61144273,SPRF-SC,DEL04-SC,UOP03-DEL04-SC,2025
"696141,0",2025-06-06,sexta-feira,04:20:00,SC,280,"31,9",ARAQUARI,Velocidade Incompatível,Capotamento,Com Vítimas Feridas,Plena Noite,Decrescente,Nublado,Simples,Curva,Não,2,0,1,0,1,0,1,1,-26.419692,-48.778697,SPRF-SC,DEL03-SC,UOP03-DEL03-SC,2025
"696155,0",2025-06-06,sexta-feira,06:40:00,SC,280,"24,1",ARAQUARI,Acessar a via sem observar a presença dos outros veículos,Colisão transversal,Com Vítimas Feridas,Amanhecer,Crescente,Céu Claro,Simples,Reta,Sim,2,0,1,0,1,0,1,2,-26.378233,-48.720792,SPRF-SC,DEL03-SC,UOP03-DEL03-SC,2025
"696174,0",2025-06-05,quinta-feira,17:30:00,SC,116,"139,6",SANTA CECILIA,Condutor deixou de manter distância do veículo da frente,Colisão traseira,Sem Vítimas,Pleno dia,Decrescente,Garoa/Chuvisco,Simples,Aclive;Reta,Sim,4,0,0,0,4,0,0,2,-26.9642962,-50.4114812,SPRF-SC,DEL06-SC,UOP02-DEL06-SC,2025
"696191,0",2025-06-06,sexta-feira,08:50:00,SC,101,"200,6",SAO JOSE,Ausência de reação do condutor,Colisão traseira,Com Vítimas Feridas,Pleno dia,Crescente,Céu Claro,Dupla,Reta,Sim,3,0,1,0,2,0,1,3,-27.545394,-48.621486,SPRF-SC,DEL01-SC,UOP01-DEL01-SC,2025
"696217,0",2025-06-06,sexta-feira,12:20:00,SC,101,"49,0",JOINVILLE,Avarias e/ou desgaste excessivo no pneu,Tombamento,Com Vítimas Feridas,Pleno dia,Crescente,Nublado,Dupla,Curva,Não,2,0,1,0,1,0,1,1,-26.38447797,-48.84993251,SPRF-SC,DEL03-SC,UOP01-DEL03-SC,2025
"696226,0",2025-06-06,sexta-feira,13:15:00,SC,280,"55,5",GUARAMIRIM,Desrespeitar a preferência no cruzamento,Colisão transversal,Com Vítimas Feridas,Pleno dia,Crescente,Céu Claro,Dupla,Rotatória,Sim,2,0,1,0,1,0,1,2,-26.478892,-49.001024,SPRF-SC,DEL03-SC,UOP03-DEL03-SC,2025
"696256,0",2025-06-06,sexta-feira,16:00:00,SC,101,"111,1",NAVEGANTES,Entrada inopinada do pedestre,Atropelamento de Pedestre,Com Vítimas Feridas,Pleno dia,Crescente,Nublado,Múltipla,Reta,Sim,2,0,1,0,1,0,1,2,-26.84221516,-48.71638834,SPRF-SC,DEL04-SC,UOP04-DEL04-SC,2025
"696285,0",2025-06-06,sexta-feira,17:40:00,SC,470,"136,5",RIO DO SUL,Desrespeitar a preferência no cruzamento,Colisão transversal,Com Vítimas Feridas,Plena Noite,Decrescente,Céu Claro,Simples,Reta,Sim,2,0,0,1,1,0,1,2,-27.1883635,-49.61108135,SPRF-SC,DEL04-SC,UOP02-DEL04-SC,2025
"696299,0",2025-06-06,sexta-feira,18:55:00,SC,101,"343,6",TUBARAO,Acessar a via sem observar a presença dos outros veículos,Colisão transversal,Com Vítimas Feridas,Plena Noite,Decrescente,Céu Claro,Dupla,Retorno Regulamentado,Não,2,0,1,0,1,0,1,2,-28.54944015,-49.05332979,SPRF-SC,DEL02-SC,UOP01-DEL02-SC,2025
"696329,0",2025-06-06,sexta-feira,15:00:00,SC,282,"309,5",VARGEM,Ausência de reação do condutor,Saída de leito carroçável,Com Vítimas Fatais,Pleno dia,Crescente,Nublado,Simples,Reta;Ponte,Não,1,1,0,0,0,0,0,1,-27.48244229,-50.98213077,SPRF-SC,DEL07-SC,UOP06-DEL07-SC,2025
"696359,0",2025-06-06,sexta-feira,21:45:00,SC,470,"95,5",APIUNA,Pedestre cruzava a pista fora da faixa,Atropelamento de Pedestre,Com Vítimas Feridas,Plena Noite,Crescente,Nublado,Simples,Reta,Não,3,0,1,1,1,0,2,2,-27.01647625,-49.37099218,SPRF-SC,DEL04-SC,UOP01-DEL04-SC,2025
"696363,0",2025-06-06,sexta-feira,21:10:00,SC,470,"5,9",NAVEGANTES,Acessar a via sem observar a presença dos outros veículos,Colisão transversal,Com Vítimas Fatais,Plena Noite,Decrescente,Nublado,Dupla,Curva,Sim,2,1,0,0,1,0,0,2,-26.85346628,-48.70728493,SPRF-SC,DEL04-SC,UOP04-DEL04-SC,2025
"696372,0",2025-06-06,sexta-feira,22:15:00,SC,282,"600,7",CUNHA PORA,Conversão proibida,Colisão frontal,Com Vítimas Feridas,Plena Noite,Crescente,Nublado,Simples,Curva,Não,4,0,2,0,2,0,2,2,-26.80993244,-53.16826053,SPRF-SC,DEL07-SC,UOP02-DEL07-SC,2025
"696381,0",2025-06-06,sexta-feira,23:45:00,SC,280,"50,3",GUARAMIRIM,Ingestão de álcool pelo condutor,Saída de leito carroçável,Com Vítimas Feridas,Plena Noite,Crescente,Garoa/Chuvisco,Dupla,Interseção de Vias;Em Obras,Não,1,0,1,0,0,0,1,1,-26.46297596,-48.94894123,SPRF-SC,DEL03-SC,UOP03-DEL03-SC,2025
"696402,0",2025-06-07,sábado,03:40:00,SC,470,"52,8",BLUMENAU,Ingestão de álcool pelo condutor,Saída de leito carroçável,Com Vítimas Feridas,Plena Noite,Decrescente,Céu Claro,Simples,Curva,Sim,1,0,0,1,0,0,1,1,-26.86629,-49.10038,SPRF-SC,DEL04-SC,UOP01-DEL04-SC,2025
"696422,0",2025-06-07,sábado,04:00:00,SC,101,"457,1",PASSO DE TORRES,Ausência de reação do condutor,Colisão traseira,Com Vítimas Feridas,Plena Noite,Crescente,Nublado,Dupla,Reta,Não,2,0,0,1,1,0,1,2,-29.29864717,-49.7672832,SPRF-SC,DEL02-SC,UOP02-DEL02-SC,2025
"696441,0",2025-06-07,sábado,07:50:00,SC,470,"51,1",BLUMENAU,Avarias e/ou desgaste excessivo no pneu,Tombamento,Com Vítimas Feridas,Pleno dia,Crescente,Nublado,Dupla,Reta;Viaduto,Sim,1,0,1,0,0,0,1,1,-26.8626437,-49.08522813,SPRF-SC,DEL04-SC,UOP01-DEL04-SC,2025
"696458,0",2025-06-07,sábado,07:55:00,SC,470,"143,8",RIO DO SUL,Acessar a via sem observar a presença dos outros veículos,Colisão lateral mesmo sentido,Com Vítimas Feridas,Pleno dia,Decrescente,Nublado,Simples,Interseção de Vias;Declive;Em Obras,Sim,2,0,1,0,1,0,1,2,-27.2247,-49.665,SPRF-SC,DEL04-SC,UOP02-DEL04-SC,2025
"696460,0",2025-06-07,sábado,09:00:00,SC,101,"196,8",BIGUACU,Demais falhas mecânicas ou elétricas,Incêndio,Sem Vítimas,Pleno dia,Crescente,Nublado,Múltipla,Reta,Sim,4,0,0,0,4,0,0,1,-27.516901,-48.639174,SPRF-SC,DEL01-SC,UOP01-DEL01-SC,2025
"696471,0",2025-06-07,sábado,07:00:00,SC,101,"122,0",ITAJAI,Ausência de reação do condutor,Saída de leito carroçável,Sem Vítimas,Amanhecer,Decrescente,Nublado,Dupla,Reta,Não,1,0,0,0,1,0,0,1,-26.93621009,-48.7005043,SPRF-SC,DEL04-SC,UOP04-DEL04-SC,2025
"696473,0",2025-06-07,sábado,09:15:00,SC,101,"126,0",ITAJAI,Objeto estático sobre o leito carroçável,Colisão com objeto,Com Vítimas Feridas,Pleno dia,Decrescente,Nublado,Dupla,Reta,Sim,1,0,1,0,0,0,1,1,-26.95065333,-48.6801455,SPRF-SC,DEL04-SC,UOP04-DEL04-SC,2025
"696508,0",2025-06-07,sábado,14:00:00,SC,101,"90,5",BARRA VELHA,Manobra de mudança de faixa,Colisão lateral mesmo sentido,Com Vítimas Feridas,Pleno dia,Decrescente,Nublado,Dupla,Reta,Sim,2,0,1,0,1,0,1,2,-26.6104855,-48.7224128,SPRF-SC,DEL03-SC,UOP02-DEL03-SC,2025
"696509,0",2025-06-07,sábado,13:45:00,SC,101,"214,0",PALHOCA,Ingestão de álcool pelo condutor,Colisão transversal,Com Vítimas Feridas,Pleno dia,Crescente,Céu Claro,Dupla,Interseção de Vias,Sim,3,0,1,0,2,0,1,3,-27.647,-48.673,SPRF-SC,DEL01-SC,UOP02-DEL01-SC,2025
"696520,0",2025-06-07,sábado,14:40:00,SC,282,"3,4",FLORIANOPOLIS,Trafegar com motocicleta (ou similar) entre as faixas,Colisão lateral mesmo sentido,Com Vítimas Feridas,Pleno dia,Decrescente,Nublado,Múltipla,Reta,Sim,2,0,1,0,1,0,1,2,-27.59694,-48.60135,SPRF-SC,DEL01-SC,UOP01-DEL01-SC,2025
"696548,0",2025-06-07,sábado,16:40:00,SC,470,"58,3",BLUMENAU,Reação tardia ou ineficiente do condutor,Colisão traseira,Com Vítimas Feridas,Anoitecer,Decrescente,Nublado,Simples,Em Obras;Desvio Temporário;Viaduto;Reta,Não,3,0,2,0,1,0,2,2,-26.88443,-49.14853,SPRF-SC,DEL04-SC,UOP01-DEL04-SC,2025