id,data_inversa,dia_semana,horario,uf,br,km,municipio,causa_acidente,tipo_acidente,classificacao_acidente,fase_dia,sentido_via,condicao_metereologica,tipo_pista,tracado_via,uso_solo,pessoas,mortos,feridos_leves,feridos_graves,ilesos,ignorados,feridos,veiculos,latitude,longitude,regional,delegacia,uop,ano_arquivo
"697478,0",2025-06-11,quarta-feira,18:30:00,SC,280,"28,0",ARAQUARI,Acessar a via sem observar a presença dos outros veículos,Colisão transversal,Com Vítimas Feridas,Plena Noite,Crescente,Céu Claro,Simples,Reta,Sim,2,0,1,0,1,0,1,2,-26.413186,-48.758333,SPRF-SC,DEL03-SC,UOP03-DEL03-SC,2025
"697517,0",2025-06-11,quarta-feira,21:00:00,SC,101,"261,9",GAROPABA,Reação tardia ou ineficiente do condutor,Colisão com objeto,Sem Vítimas,Plena Noite,Crescente,Céu Claro,Dupla,Reta,Não,1,0,0,0,0,1,0,1,-28.0307901,-48.7064381,SPRF-SC,DEL02-SC,UOP03-DEL02-SC,2025
"697526,0",2025-06-11,quarta-feira,17:30:00,SC,116,"35,3",ITAIOPOLIS,Desrespeitar a preferência no cruzamento,Colisão transversal,Com Vítimas Feridas,Pleno dia,Crescente,Céu Claro,Simples,Curva;Aclive,Não,5,0,2,0,3,0,2,2,-26.336808,-50.007174,SPRF-SC,DEL06-SC,UOP01-DEL06-SC,2025
"697554,0",2025-06-12,quinta-feira,05:05:00,SC,470,"60,2",BLUMENAU,Ausência de reação do condutor,Colisão com objeto,Com Vítimas Feridas,Plena Noite,Decrescente,Ignorado,Simples,Interseção de Vias;Retorno Regulamentado;Em Obras;Curva,Sim,1,0,1,0,0,0,1,1,-26.88078474,-49.16726232,SPRF-SC,DEL04-SC,UOP01-DEL04-SC,2025
"697565,0",2025-06-12,quinta-feira,06:15:00,SC,116,"219,4",CORREIA PINTO,Acessar a via sem observar a presença dos outros veículos,Colisão transversal,Com Vítimas Feridas,Amanhecer,Decrescente,Nublado,Simples,Rotatória,Sim,2,0,1,0,1,0,1,2,-27.58050174,-50.36859155,SPRF-SC,DEL05-SC,UOP03-DEL05-SC,2025
"697572,0",2025-06-12,quinta-feira,07:15:00,SC,470,"55,0",BLUMENAU,Acesso irregular,Colisão traseira,Com Vítimas Feridas,Amanhecer,Decrescente,Chuva,Simples,Reta,Sim,2,0,1,0,1,0,1,2,-26.876397,-49.12136972,SPRF-SC,DEL04-SC,UOP01-DEL04-SC,2025
"697582,0",2025-06-12,quinta-feira,07:10:00,SC,101,"216,5",PALHOCA,Acessar a via sem observar a presença dos outros veículos,Colisão transversal,Com Vítimas Feridas,Pleno dia,Decrescente,Céu Claro,Dupla,Reta,Sim,2,0,1,0,1,0,1,2,-27.663772,-48.675188,SPRF-SC,DEL01-SC,UOP02-DEL01-SC,2025
"697597,0",2025-06-12,quinta-feira,09:20:00,SC,101,"208,0",SAO JOSE,Demais falhas mecânicas ou elétricas,Tombamento,Com Vítimas Feridas,Pleno dia,Crescente,Céu Claro,Dupla,Aclive;Curva,Sim,1,0,1,0,0,0,1,1,-27.60378834,-48.63265514,SPRF-SC,DEL01-SC,UOP01-DEL01-SC,2025
"697644,0",2025-06-12,quinta-feira,12:35:00,SC,282,"170,0",BOCAINA DO SUL,Ausência de reação do condutor,Saída de leito carroçável,Com Vítimas Feridas,Pleno dia,Crescente,Céu Claro,Simples,Reta;Declive,Não,1,0,1,0,0,0,1,1,-27.73956042,-49.9111012,SPRF-SC,DEL05-SC,UOP01-DEL05-SC,2025
"697672,0",2025-04-22,terça-feira,10:20:00,SC,101,"148,7",ITAPEMA,Condutor deixou de manter distância do veículo da frente,Colisão traseira,Com Vítimas Feridas,Pleno dia,Decrescente,Sol,Dupla,Declive,Sim,3,0,1,1,1,0,2,2,-27.10588,-48.61515,SPRF-SC,DEL04-SC,UOP03-DEL04-SC,2025
"697673,0",2025-06-12,quinta-feira,14:15:00,SC,470,"190,0",POUSO REDONDO,Ausência de reação do condutor,Saída de leito carroçável,Com Vítimas Feridas,Pleno dia,Crescente,Céu Claro,Simples,Curva;Aclive,Não,1,0,1,0,0,0,1,1,-27.281736,-50.070153,SPRF-SC,DEL04-SC,UOP02-DEL04-SC,2025
"697676,0",2025-06-12,quinta-feira,16:10:00,SC,101,"237,4",PALHOCA,Demais falhas mecânicas ou elétricas,Incêndio,Sem Vítimas,Pleno dia,Decrescente,Céu Claro,Dupla,Reta,Não,1,0,0,0,1,0,0,1,-27.838362,-48.63256,SPRF-SC,DEL01-SC,UOP02-DEL01-SC,2025
"697682,0",2025-06-12,quinta-feira,15:45:00,SC,101,"278,4",IMBITUBA,Manobra de mudança de faixa,Colisão lateral mesmo sentido,Com Vítimas Feridas,Pleno dia,Crescente,Nublado,Simples,Viaduto,Não,2,0,1,0,1,0,1,2,-28.1813,-48.696073,SPRF-SC,DEL02-SC,UOP03-DEL02-SC,2025
"697702,0",2025-06-12,quinta-feira,18:10:00,SC,101,"97,6",BALNEARIO PICARRAS,Transitar no Acostamento,Colisão lateral mesmo sentido,Com Vítimas Feridas,Plena Noite,Crescente,Céu Claro,Dupla,Reta,Não,2,0,0,1,1,0,1,2,-26.73898014,-48.69891644,SPRF-SC,DEL03-SC,UOP02-DEL03-SC,2025
"697740,0",2025-06-12,quinta-feira,19:54:00,SC,282,"2,0",FLORIANOPOLIS,Trafegar com motocicleta (ou similar) entre as faixas,Colisão lateral mesmo sentido,Com Vítimas Feridas,Plena Noite,Crescente,Céu Claro,Múltipla,Reta,Sim,3,0,0,2,1,0,2,2,-27.60309219,-48.59117889,SPRF-SC,DEL01-SC,UOP01-DEL01-SC,2025
"697756,0",2025-06-12,quinta-feira,21:30:00,SC,101,"2,9",ARARANGUA,Ultrapassagem Indevida,Colisão lateral mesmo sentido,Com Vítimas Feridas,Plena Noite,Crescente,Céu Claro,Simples,Reta,Sim,2,0,1,0,0,1,1,2,-28.94355125,-49.50164644,SPRF-SC,DEL02-SC,UOP02-DEL02-SC,2025
"697757,0",2025-06-12,quinta-feira,22:30:00,SC,101,"135,0",ITAPEMA,Ausência de reação do condutor,Queda de ocupante de veículo,Com Vítimas Feridas,Plena Noite,Decrescente,Céu Claro,Simples,Reta,Sim,2,0,1,0,1,0,1,1,-27.00801705,-48.61769915,SPRF-SC,DEL04-SC,UOP03-DEL04-SC,2025
"697805,0",2025-06-13,sexta-feira,05:50:00,SC,101,"383,4",ICARA,Manobra de mudança de faixa,Colisão lateral mesmo sentido,Com Vítimas Feridas,Plena Noite,Crescente,Nublado,Múltipla,Aclive;Reta,Não,2,0,1,0,1,0,1,2,-28.77448153,-49.31560842,SPRF-SC,DEL02-SC,UOP02-DEL02-SC,2025
"697814,0",2025-06-13,sexta-feira,08:15:00,SC,101,"189,0",SAO JOSE,Estacionar ou parar em local proibido,Colisão traseira,Com Vítimas Feridas,Pleno dia,Decrescente,Céu Claro,Simples,Reta,Sim,2,0,0,1,1,0,1,2,-27.53225506,-48.63113014,SPRF-SC,DEL01-SC,UOP01-DEL01-SC,2025
"697824,0",2025-06-13,sexta-feira,07:10:00,SC,101,"134,0",BALNEARIO CAMBORIU,Acessar a via sem observar a presença dos outros veículos,Colisão transversal,Com Vítimas Feridas,Pleno dia,Crescente,Nublado,Simples,Reta,Sim,2,0,0,1,1,0,1,2,-27.0059141,-48.62754822,SPRF-SC,DEL04-SC,UOP03-DEL04-SC,2025
"697834,0",2025-06-13,sexta-feira,08:30:00,SC,101,"423,5",ARARANGUA,Reação tardia ou ineficiente do condutor,Colisão traseira,Com Vítimas Feridas,Pleno dia,Crescente,Céu Claro,Dupla,Viaduto;Aclive,Não,2,0,2,0,0,0,2,2,-29.017,-49.586,SPRF-SC,DEL02-SC,UOP02-DEL02-SC,2025
"697846,0",2025-06-13,sexta-feira,10:00:00,SC,280,"55,4",GUARAMIRIM,Desrespeitar a preferência no cruzamento,Colisão transversal,Com Vítimas Feridas,Pleno dia,Crescente,Garoa/Chuvisco,Simples,Rotatória,Sim,2,0,1,0,1,0,1,2,-26.47888984,-49.00106192,SPRF-SC,DEL03-SC,UOP03-DEL03-SC,2025
"697855,0",2025-06-13,sexta-feira,09:30:00,SC,101,"38,8",JOINVILLE,Reação tardia ou ineficiente do condutor,Colisão traseira,Com Vítimas Feridas,Pleno dia,Crescente,Nublado,Dupla,Interseção de Vias,Sim,2,0,1,0,1,0,1,2,-26.1947392,-48.9291776,SPRF-SC,DEL03-SC,UOP01-DEL03-SC,2025
"697874,0",2025-06-13,sexta-feira,13:50:00,SC,101,"138,7",BALNEARIO CAMBORIU,Velocidade Incompatível,Saída de leito carroçável,Sem Vítimas,Pleno dia,Crescente,Garoa/Chuvisco,Dupla,Viaduto;Curva,Sim,1,0,0,0,1,0,0,1,-27.02851877,-48.604846,SPRF-SC,DEL04-SC,UOP03-DEL04-SC,2025
"697887,0",2025-06-13,sexta-feira,14:15:00,SC,280,"28,0",ARAQUARI,Transitar na contramão,Colisão lateral mesmo sentido,Com Vítimas Feridas,Pleno dia,Crescente,Chuva,Simples,Reta,Não,3,0,1,0,2,0,1,2,-26.40424749,-48.74539375,SPRF-SC,DEL03-SC,UOP03-DEL03-SC,2025
"697888,0",2025-04-18,sexta-feira,19:10:00,SC,280,"57,0",GUARAMIRIM,Manobra de mudança de faixa,Colisão lateral mesmo sentido,Com Vítimas Feridas,Plena Noite,Crescente,Céu Claro,Dupla,Rotatória,Não,2,0,1,0,1,0,1,2,-26.4732672,-48.9848832,SPRF-SC,DEL03-SC,UOP03-DEL03-SC,2025
"697889,0",2025-06-13,sexta-feira,14:20:00,SC,101,"118,2",ITAJAI,Ausência de reação do condutor,Colisão traseira,Sem Vítimas,Pleno dia,Decrescente,Nublado,Dupla,Reta,Não,2,0,0,0,2,0,0,2,-26.88417142,-48.72386869,SPRF-SC,DEL04-SC,UOP04-DEL04-SC,2025
"697908,0",2025-06-13,sexta-feira,16:15:00,SC,470,"128,6",RIO DO SUL,Acessar a via sem observar a presença dos outros veículos,Colisão transversal,Com Vítimas Feridas,Pleno dia,Decrescente,Garoa/Chuvisco,Dupla,Curva,Não,2,0,2,0,0,0,2,2,-27.1722333,-49.5810917,SPRF-SC,DEL04-SC,UOP02-DEL04-SC,2025
"697914,0",2025-06-13,sexta-feira,14:35:00,SC,280,"109,0",SAO BENTO DO SUL,Reação tardia ou ineficiente do condutor,Saída de leito carroçável,Com Vítimas Feridas,Pleno dia,Decrescente,Garoa/Chuvisco,Simples,Reta,Não,3,0,3,0,0,0,3,1,-26.328197,-49.381565,SPRF-SC,DEL06-SC,UOP03-DEL06-SC,2025
"697938,0",2025-06-13,sexta-feira,17:30:00,SC,280,"24,5",ARAQUARI,Transitar na contramão,Colisão transversal,Com Vítimas Feridas,Pleno dia,Decrescente,Garoa/Chuvisco,Simples,Reta,Não,2,0,1,0,1,0,1,2,-26.380227,-48.722897,SPRF-SC,DEL03-SC,UOP03-DEL03-SC,2025
"697962,0",2025-06-13,sexta-feira,19:15:00,SC,101,"117,3",ITAJAI,Ausência de reação do condutor,Colisão traseira,Com Vítimas Feridas,Plena Noite,Crescente,Chuva,Dupla,Reta,Não,2,0,0,1,1,0,1,2,-26.88565375,-48.72337215,SPRF-SC,DEL04-SC,UOP04-DEL04-SC,2025
"697973,0",2025-06-13,sexta-feira,18:30:00,SC,280,"130,0",RIO NEGRINHO,Conversão proibida,Colisão transversal,Com Vítimas Feridas,Plena Noite,Crescente,Garoa/Chuvisco,Simples,Reta,Sim,3,0,1,0,2,0,1,2,-26.25642931,-49.54068947,SPRF-SC,DEL06-SC,UOP03-DEL06-SC,2025
"697976,0",2025-06-13,sexta-feira,19:25:00,SC,470,"61,3",BLUMENAU,Reação tardia ou ineficiente do condutor,Colisão lateral sentido oposto,Com Vítimas Feridas,Plena Noite,Crescente,Chuva,Simples,Reta,Não,2,0,1,0,1,0,1,2,-26.87755451,-49.17731373,SPRF-SC,DEL04-SC,UOP01-DEL04-SC,2025
"697985,0",2025-06-13,sexta-feira,21:00:00,SC,282,"2,5",FLORIANOPOLIS,Mal súbito do condutor,Colisão frontal,Com Vítimas Feridas,Plena Noite,Crescente,Chuva,Múltipla,Reta,Sim,2,0,1,0,1,0,1,2,-27.594,-48.601,SPRF-SC,DEL01-SC,UOP01-DEL01-SC,2025
"697992,0",2025-06-13,sexta-feira,19:04:00,SC,470,"70,0",INDAIAL,Ingestão de álcool pelo condutor,Colisão com objeto,Com Vítimas Feridas,Plena Noite,Decrescente,Chuva,Dupla,Em Obras;Reta,Sim,1,0,1,0,0,0,1,1,-26.891229,-49.25690023,SPRF-SC,DEL04-SC,UOP01-DEL04-SC,2025
"698004,0",2025-06-13,sexta-feira,20:40:00,SC,158,"121,5",CAIBI,Suicídio (presumido),Saída de leito carroçável,Com Vítimas Feridas,Plena Noite,Decrescente,Céu Claro,Simples,Curva,Não,1,0,1,0,0,0,1,1,-26.97871708,-53.21550569,SPRF-SC,DEL07-SC,UOP02-DEL07-SC,2025
"698021,0",2025-06-13,sexta-feira,23:10:00,SC,101,"136,8",BALNEARIO CAMBORIU,Reação tardia ou ineficiente do condutor,Colisão lateral mesmo sentido,Com Vítimas Feridas,Plena Noite,Crescente,Nublado,Simples,Reta,Sim,2,0,0,1,1,0,1,2,-27.01340807,-48.61312866,SPRF-SC,DEL04-SC,UOP03-DEL04-SC,2025
"698025,0",2025-06-13,sexta-feira,23:49:00,SC,101,"206,0",SAO JOSE,Pista Escorregadia,Tombamento,Com Vítimas Feridas,Plena Noite,Decrescente,Chuva,Múltipla,Curva,Sim,2,0,2,0,0,0,2,1,-27.587,-48.617,SPRF-SC,DEL01-SC,UOP01-DEL01-SC,2025
"698044,0",2025-06-14,sábado,02:00:00,SC,101,"379,0",ICARA,Reação tardia ou ineficiente do condutor,Saída de leito carroçável,Com Vítimas Feridas,Plena Noite,Crescente,Ignorado,Simples,Reta,Não,1,0,0,1,0,0,1,1,-28.750813,-49.268494,SPRF-SC,DEL02-SC,UOP02-DEL02-SC,2025
"698045,0",2025-06-14,sábado,00:05:00,SC,101,"2,8",ARARANGUA,Acessar a via sem observar a presença dos outros veículos,Colisão frontal,Com Vítimas Feridas,Plena Noite,Decrescente,Nublado,Simples,Reta,Sim,2,0,0,1,1,0,1,2,-28.94366391,-49.50164644,SPRF-SC,DEL02-SC,UOP02-DEL02-SC,2025
"698077,0",2025-06-14,sábado,10:10:00,SC,116,"13,8",MAFRA,Reação tardia ou ineficiente do condutor,Colisão com objeto,Com Vítimas Feridas,Pleno dia,Crescente,Céu Claro,Simples,Aclive;Reta,Não,2,0,2,0,0,0,2,1,-26.19753008,-49.87920508,SPRF-SC,DEL06-SC,UOP01-DEL06-SC,2025
"698098,0",2025-06-14,sábado,13:50:00,SC,101,"136,0",BALNEARIO CAMBORIU,Frear bruscamente,Colisão traseira,Com Vítimas Feridas,Pleno dia,Decrescente,Nublado,Dupla,Reta,Sim,3,0,2,0,1,0,2,2,-27.00964024,-48.61509673,SPRF-SC,DEL04-SC,UOP03-DEL04-SC,2025
"698105,0",2025-06-14,sábado,15:00:00,SC,101,"140,0",BALNEARIO CAMBORIU,Ingestão de álcool pelo condutor,Queda de ocupante de veículo,Com Vítimas Feridas,Pleno dia,Crescente,Nublado,Dupla,Reta,Sim,2,0,1,1,0,0,2,1,-27.04674256,-48.59973907,SPRF-SC,DEL04-SC,UOP03-DEL04-SC,2025
"698138,0",2025-06-14,sábado,16:10:00,SC,116,"2,2",MAFRA,Desrespeitar a preferência no cruzamento,Colisão transversal,Com Vítimas Feridas,Pleno dia,Crescente,Céu Claro,Simples,Reta;Interseção de Vias,Sim,4,0,0,1,3,0,1,2,-26.12617243,-49.79497282,SPRF-SC,DEL06-SC,UOP01-DEL06-SC,2025
"698143,0",2025-06-14,sábado,18:20:00,SC,101,"133,0",BALNEARIO CAMBORIU,Ingestão de álcool pelo condutor,Colisão transversal,Com Vítimas Feridas,Anoitecer,Crescente,Céu Claro,Dupla,Interseção de Vias,Sim,2,0,1,0,1,0,1,2,-27.00203743,-48.6383721,SPRF-SC,DEL04-SC,UOP03-DEL04-SC,2025
"698144,0",2025-06-14,sábado,14:30:00,SC,282,"309,0",VARGEM,Pista Escorregadia,Saída de leito carroçável,Com Vítimas Feridas,Pleno dia,Crescente,Chuva,Simples,Declive;Curva,Não,1,0,1,0,0,0,1,1,-27.501302,-50.95174536,SPRF-SC,DEL07-SC,UOP06-DEL07-SC,2025
"698149,0",2025-06-14,sábado,16:10:00,SC,282,"55,0",RANCHO QUEIMADO,Ausência de reação do condutor,Saída de leito carroçável,Com Vítimas Feridas,Pleno dia,Decrescente,Nublado,Simples,Reta,Não,1,0,1,0,0,0,1,1,-27.68717628,-49.03438568,SPRF-SC,DEL01-SC,UOP03-DEL01-SC,2025
"698159,0",2025-06-14,sábado,18:15:00,SC,153,"109,4",CONCORDIA,Desrespeitar a preferência no cruzamento,Colisão transversal,Com Vítimas Feridas,Plena Noite,Crescente,Chuva,Simples,Reta;Interseção de Vias,Não,2,0,1,1,0,0,2,2,-27.31584,-51.9863,SPRF-SC,DEL07-SC,UOP04-DEL07-SC,2025
"698160,0",2025-06-14,sábado,19:00:00,SC,101,"308,0",LAGUNA,Condutor deixou de manter distância do veículo da frente,Tombamento,Com Vítimas Feridas,Plena Noite,Crescente,Céu Claro,Dupla,Reta,Não,1,0,1,0,0,0,1,1,-28.42034774,-48.79761871,SPRF-SC,DEL02-SC,UOP01-DEL02-SC,2025
"698175,0",2025-06-14,sábado,20:10:00,SC,116,"214,7",PONTE ALTA,Chuva,Saída de leito carroçável,Com Vítimas Feridas,Plena Noite,Crescente,Chuva,Simples,Curva;Declive,Não,1,0,1,0,0,0,1,1,-27.5415438,-50.3760716,SPRF-SC,DEL05-SC,UOP03-DEL05-SC,2025
"698176,0",2025-06-14,sábado,20:00:00,SC,101,"118,0",ITAJAI,Reação tardia ou ineficiente do condutor,Colisão traseira,Com Vítimas Feridas,Plena Noite,Crescente,Céu Claro,Múltipla,Interseção de Vias,Sim,2,0,1,0,0,1,1,2,-26.90001264,-48.7174474,SPRF-SC,DEL04-SC,UOP04-DEL04-SC,2025
"698177,0",2025-06-14,sábado,21:20:00,SC,470,"139,0",RIO DO SUL,Ingestão de álcool pelo condutor,Saída de leito carroçável,Sem Vítimas,Plena Noite,Crescente,Nublado,Simples,Reta,Sim,1,0,0,0,1,0,0,1,-27.19277425,-49.62291306,SPRF-SC,DEL04-SC,UOP02-DEL04-SC,2025
"698193,0",2025-06-14,sábado,20:45:00,SC,282,"669,0",PARAISO,Acumulo de água sobre o pavimento,Saída de leito carroçável,Com Vítimas Feridas,Plena Noite,Decrescente,Chuva,Simples,Curva,Não,2,0,2,0,0,0,2,1,-26.632223,-53.639007,SPRF-SC,DEL07-SC,UOP03-DEL07-SC,2025
"698210,0",2025-06-14,sábado,14:35:00,SC,101,"276,0",IMBITUBA,Ausência de reação do condutor,Colisão traseira,Com Vítimas Feridas,Pleno dia,Crescente,Céu Claro,Simples,Reta,Sim,3,0,1,0,2,0,1,2,-28.15811,-48.693616,SPRF-SC,DEL02-SC,UOP03-DEL02-SC,2025
"698223,0",2025-06-15,domingo,02:20:00,SC,101,"442,0",SANTA ROSA DO SUL,Condutor Dormindo,Saída de leito carroçável,Sem Vítimas,Plena Noite,Decrescente,Chuva,Múltipla,Reta,Não,1,0,0,0,1,0,0,1,-29.12851767,-49.68165334,SPRF-SC,DEL02-SC,UOP02-DEL02-SC,2025
"698228,0",2025-06-15,domingo,03:45:00,SC,101,"419,2",ARARANGUA,Condutor deixou de manter distância do veículo da frente,Colisão traseira,Com Vítimas Feridas,Plena Noite,Decrescente,Chuva,Múltipla,Reta,Sim,2,0,1,0,0,1,1,2,-28.99110384,-49.5480272,SPRF-SC,DEL02-SC,UOP02-DEL02-SC,2025
"698234,0",2025-06-15,domingo,04:30:00,SC,282,"365,6",ERVAL VELHO,Demais falhas mecânicas ou elétricas,Saída de leito carroçável,Sem Vítimas,Plena Noite,Crescente,Chuva,Simples,Declive;Reta,Não,1,0,0,0,1,0,0,1,-27.24647453,-51.44839525,SPRF-SC,DEL07-SC,UOP05-DEL07-SC,2025
"698239,0",2025-06-15,domingo,05:30:00,SC,101,"197,0",BIGUACU,Reação tardia ou ineficiente do condutor,Colisão com objeto,Com Vítimas Feridas,Amanhecer,Decrescente,Céu Claro,Múltipla,Reta,Sim,1,0,1,0,0,0,1,1,-27.5210948,-48.6373822,SPRF-SC,DEL01-SC,UOP01-DEL01-SC,2025
"698282,0",2025-06-15,domingo,08:40:00,SC,280,"99,5",SAO BENTO DO SUL,Pista Escorregadia,Saída de leito carroçável,Com Vítimas Feridas,Pleno dia,Decrescente,Garoa/Chuvisco,Simples,Declive;Curva,Não,3,0,1,0,2,0,1,1,-26.370591,-49.334126,SPRF-SC,DEL06-SC,UOP03-DEL06-SC,2025
"698317,0",2025-06-15,domingo,12:45:00,SC,280,"83,0",CORUPA,Ausência de reação do condutor,Colisão com objeto,Com Vítimas Feridas,Pleno dia,Decrescente,Céu Claro,Simples,Aclive;Reta,Não,1,0,1,0,0,0,1,1,-26.43207351,-49.25162315,SPRF-SC,DEL06-SC,UOP03-DEL06-SC,2025
"698333,0",2025-06-15,domingo,17:20:00,SC,101,"246,0",PAULO LOPES,Demais falhas mecânicas ou elétricas,Tombamento,Com Vítimas Feridas,Plena Noite,Crescente,Céu Claro,Dupla,Reta,Não,2,0,2,0,0,0,2,1,-27.910481,-48.650248,SPRF-SC,DEL02-SC,UOP03-DEL02-SC,2025
"698399,0",2025-06-15,domingo,17:00:00,SC,282,"587,7",SAUDADES,Transitar na contramão,Colisão frontal,Com Vítimas Fatais,Pleno dia,Crescente,Nublado,Simples,Curva,Não,5,1,2,2,0,0,4,2,-26.826223,-53.050797,SPRF-SC,DEL07-SC,UOP02-DEL07-SC,2025
"698428,0",2025-06-16,segunda-feira,03:20:00,SC,101,"192,0",BIGUACU,Transitar na contramão,Colisão frontal,Com Vítimas Feridas,Plena Noite,Crescente,Ignorado,Dupla,Reta,Sim,4,0,1,0,3,0,1,3,-27.48551139,-48.64809243,SPRF-SC,DEL01-SC,UOP01-DEL01-SC,2025
"698464,0",2025-06-16,segunda-feira,07:20:00,SC,280,"230,0",CANOINHAS,Condutor deixou de manter distância do veículo da frente,Colisão traseira,Com Vítimas Feridas,Pleno dia,Crescente,Nublado,Simples,Reta,Sim,2,0,1,0,1,0,1,2,-26.18798337,-50.36502346,SPRF-SC,DEL06-SC,UOP04-DEL06-SC,2025
"698501,0",2025-06-16,segunda-feira,11:20:00,SC,280,"22,3",ARAQUARI,Conversão proibida,Colisão lateral mesmo sentido,Com Vítimas Feridas,Pleno dia,Decrescente,Nublado,Simples,Reta,Não,2,0,1,0,1,0,1,2,-26.371041,-48.705625,SPRF-SC,DEL03-SC,UOP03-DEL03-SC,2025
"698509,0",2025-06-04,quarta-feira,18:45:00,SC,101,"202,8",SAO JOSE,Manobra de mudança de faixa,Colisão lateral mesmo sentido,Com Vítimas Feridas,Plena Noite,Decrescente,Garoa/Chuvisco,Múltipla,Reta,Sim,2,0,1,0,0,1,1,2,-27.56726488,-48.61392679,SPRF-SC,DEL01-SC,UOP01-DEL01-SC,2025
"698513,0",2025-06-16,segunda-feira,12:20:00,SC,470,"71,0",INDAIAL,Acessar a via sem observar a presença dos outros veículos,Colisão lateral mesmo sentido,Com Vítimas Feridas,Pleno dia,Crescente,Nublado,Dupla,Reta,Não,2,0,1,0,1,0,1,2,-26.896329,-49.26376669,SPRF-SC,DEL04-SC,UOP01-DEL04-SC,2025
"698519,0",2025-06-16,segunda-feira,13:40:00,SC,280,"25,0",ARAQUARI,Trafegar com motocicleta (ou similar) entre as faixas,Colisão transversal,Com Vítimas Feridas,Pleno dia,Decrescente,Céu Claro,Simples,Reta,Não,2,0,0,1,1,0,1,2,-26.39702956,-48.74026235,SPRF-SC,DEL03-SC,UOP03-DEL03-SC,2025
"698549,0",2025-06-12,quinta-feira,23:00:00,SC,470,"211,4",SAO CRISTOVAO DO SUL,Reação tardia ou ineficiente do condutor,Saída de leito carroçável,Com Vítimas Feridas,Plena Noite,Decrescente,Chuva,Simples,Curva,Não,1,0,1,0,0,0,1,1,-27.3095881,-50.23479642,SPRF-SC,DEL05-SC,UOP03-DEL05-SC,2025
"698554,0",2025-06-16,segunda-feira,16:15:00,SC,470,"54,4",BLUMENAU,Acessar a via sem observar a presença dos outros veículos,Colisão transversal,Com Vítimas Feridas,Pleno dia,Decrescente,Céu Claro,Simples,Interseção de Vias,Não,2,0,0,1,1,0,1,2,-26.87357338,-49.11397068,SPRF-SC,DEL04-SC,UOP01-DEL04-SC,2025
"698557,0",2025-06-16,segunda-feira,15:30:00,SC,101,"120,0",ITAJAI,Reação tardia ou ineficiente do condutor,Colisão lateral sentido oposto,Com Vítimas Feridas,Pleno dia,Decrescente,Céu Claro,Múltipla,Reta,Não,2,0,2,0,0,0,2,2,-26.92098384,-48.70831156,SPRF-SC,DEL04-SC,UOP04-DEL04-SC,2025
"698565,0",2025-06-16,segunda-feira,17:45:00,SC,101,"220,0",PALHOCA,Condutor Dormindo,Saída de leito carroçável,Com Vítimas Feridas,Anoitecer,Decrescente,Nublado,Múltipla,Reta,Sim,4,0,4,0,0,0,4,1,-27.69300415,-48.66324155,SPRF-SC,DEL01-SC,UOP02-DEL01-SC,2025
"698581,0",2025-06-16,segunda-feira,06:45:00,SC,470,"139,0",RIO DO SUL,Ausência de reação do condutor,Colisão traseira,Com Vítimas Feridas,Plena Noite,Decrescente,Céu Claro,Simples,Reta,Sim,3,0,1,0,2,0,1,2,-27.2012554,-49.6319178,SPRF-SC,DEL04-SC,UOP02-DEL04-SC,2025
"698585,0",2025-06-16,segunda-feira,19:05:00,SC,282,"18,0",PALHOCA,Acessar a via sem observar a presença dos outros veículos,Colisão transversal,Com Vítimas Feridas,Plena Noite,Decrescente,Céu Claro,Simples,Reta,Sim,5,0,5,0,0,0,5,2,-27.673897,-48.69543,SPRF-SC,DEL01-SC,UOP02-DEL01-SC,2025
"698587,0",2025-06-16,segunda-feira,18:25:00,SC,280,"71,8",JARAGUA DO SUL,Condutor deixou de manter distância do veículo da frente,Colisão traseira,Com Vítimas Feridas,Plena Noite,Crescente,Nublado,Simples,Aclive;Reta,Não,4,0,1,0,3,0,1,3,-26.459379,-49.151352,SPRF-SC,DEL03-SC,UOP03-DEL03-SC,2025
"698593,0",2025-06-16,segunda-feira,17:28:00,SC,470,"247,1",CURITIBANOS,Acessar a via sem observar a presença dos outros veículos,Colisão transversal,Com Vítimas Feridas,Pleno dia,Crescente,Céu Claro,Simples,Reta;Interseção de Vias,Sim,4,0,2,0,2,0,2,2,-27.3130129,-50.5580314,SPRF-SC,DEL05-SC,UOP03-DEL05-SC,2025
"698607,0",2025-06-16,segunda-feira,17:30:00,SC,280,"81,8",CORUPA,Entrada inopinada do pedestre,Atropelamento de Pedestre,Com Vítimas Feridas,Anoitecer,Decrescente,Nublado,Simples,Reta,Sim,2,0,0,1,1,0,1,2,-26.43676,-49.24044,SPRF-SC,DEL06-SC,UOP03-DEL06-SC,2025
"698632,0",2025-06-17,terça-feira,02:15:00,SC,101,"206,1",SAO JOSE,Suicídio (presumido),Queda de ocupante de veículo,Com Vítimas Feridas,Pleno dia,Crescente,Nublado,Múltipla,Aclive;Reta,Sim,2,0,0,1,1,0,1,1,-27.5890948,-48.61728491,SPRF-SC,DEL01-SC,UOP01-DEL01-SC,2025
"698633,0",2025-06-17,terça-feira,02:00:00,SC,163,"79,2",SAO MIGUEL DO OESTE,Velocidade Incompatível,Saída de leito carroçável,Com Vítimas Feridas,Plena Noite,Crescente,Céu Claro,Simples,Reta;Declive;Interseção de Vias,Não,1,0,1,0,0,0,1,1,-26.6554602,-53.51736043,SPRF-SC,DEL07-SC,UOP03-DEL07-SC,2025