id,data_inversa,dia_semana,horario,uf,br,km,municipio,causa_acidente,tipo_acidente,classificacao_acidente,fase_dia,sentido_via,condicao_metereologica,tipo_pista,tracado_via,uso_solo,pessoas,mortos,feridos_leves,feridos_graves,ilesos,ignorados,feridos,veiculos,latitude,longitude,regional,delegacia,uop,ano_arquivo
"699681,0",2025-06-22,domingo,02:50:00,SC,280,"57,5",GUARAMIRIM,Ingestão de álcool pelo condutor,Colisão com objeto,Sem Vítimas,Plena Noite,Crescente,Garoa/Chuvisco,Simples,Reta;Rotatória,Não,2,0,0,0,1,1,0,1,-26.47437531,-49.0205354,SPRF-SC,DEL03-SC,UOP03-DEL03-SC,2025
"699688,0",2025-06-22,domingo,04:20:00,SC,101,"215,0",PALHOCA,Velocidade Incompatível,Colisão com objeto,Com Vítimas Feridas,Plena Noite,Crescente,Garoa/Chuvisco,Múltipla,Reta,Sim,1,0,1,0,0,0,1,1,-27.65132035,-48.67569773,SPRF-SC,DEL01-SC,UOP02-DEL01-SC,2025
"699713,0",2025-02-09,domingo,23:15:00,SC,101,"271,0",IMBITUBA,Velocidade Incompatível,Colisão frontal,Com Vítimas Feridas,Plena Noite,Crescente,Céu Claro,Dupla,Reta,Não,4,0,2,2,0,0,4,2,-28.11011972,-48.70211279,SPRF-SC,DEL02-SC,UOP03-DEL02-SC,2025
"699739,0",2025-06-22,domingo,11:25:00,SC,282,"54,9",AGUAS MORNAS,Ausência de reação do condutor,Saída de leito carroçável,Com Vítimas Feridas,Pleno dia,Crescente,Nublado,Simples,Curva,Não,4,0,3,0,1,0,3,2,-27.68960835,-48.98288727,SPRF-SC,DEL01-SC,UOP03-DEL01-SC,2025
"699745,0",2025-06-22,domingo,09:30:00,SC,101,"100,0",BALNEARIO PICARRAS,Reação tardia ou ineficiente do condutor,Saída de leito carroçável,Com Vítimas Feridas,Pleno dia,Crescente,Chuva,Dupla,Reta,Sim,1,0,1,0,0,0,1,1,-26.75502721,-48.68987974,SPRF-SC,DEL03-SC,UOP02-DEL03-SC,2025
"699747,0",2025-06-22,domingo,08:30:00,SC,101,"88,0",BARRA VELHA,Ausência de reação do condutor,Capotamento,Com Vítimas Feridas,Pleno dia,Decrescente,Chuva,Simples,Reta;Interseção de Vias,Sim,2,0,1,0,0,1,1,1,-26.64939392,-48.68642204,SPRF-SC,DEL03-SC,UOP02-DEL03-SC,2025
"699758,0",2025-06-22,domingo,13:10:00,SC,282,"3,9",FLORIANOPOLIS,Condutor deixou de manter distância do veículo da frente,Colisão lateral mesmo sentido,Com Vítimas Feridas,Pleno dia,Crescente,Garoa/Chuvisco,Simples,Reta,Sim,3,0,2,0,0,1,2,2,-27.59291,-48.60314,SPRF-SC,DEL01-SC,UOP01-DEL01-SC,2025
"699759,0",2025-06-22,domingo,09:20:00,SC,101,"57,8",ARAQUARI,Velocidade Incompatível,Saída de leito carroçável,Com Vítimas Fatais,Pleno dia,Crescente,Chuva,Dupla,Declive;Curva,Não,8,1,3,1,3,0,4,3,-26.439197,-48.802252,SPRF-SC,DEL03-SC,UOP01-DEL03-SC,2025
"699769,0",2025-06-22,domingo,14:30:00,SC,282,"5,8",SAO JOSE,Chuva,Colisão lateral mesmo sentido,Com Vítimas Feridas,Pleno dia,Decrescente,Chuva,Dupla,Curva;Aclive,Sim,3,0,2,0,1,0,2,2,-27.58566014,-48.61788724,SPRF-SC,DEL01-SC,UOP01-DEL01-SC,2025
"699777,0",2025-06-22,domingo,13:40:00,SC,101,"103,0",BALNEARIO PICARRAS,Ausência de reação do condutor,Colisão traseira,Com Vítimas Feridas,Pleno dia,Decrescente,Chuva,Múltipla,Reta;Declive;Interseção de Vias,Não,3,0,3,0,0,0,3,2,-26.77673387,-48.68513759,SPRF-SC,DEL03-SC,UOP02-DEL03-SC,2025
"699778,0",2025-06-22,domingo,13:50:00,SC,470,"193,0",POUSO REDONDO,Acumulo de água sobre o pavimento,Colisão transversal,Com Vítimas Feridas,Pleno dia,Crescente,Chuva,Simples,Declive;Curva,Não,3,0,1,0,2,0,1,2,-27.30105815,-50.07954296,SPRF-SC,DEL04-SC,UOP02-DEL04-SC,2025
"699800,0",2025-06-22,domingo,15:10:00,SC,470,"128,0",LONTRAS,Chuva,Saída de leito carroçável,Com Vítimas Feridas,Pleno dia,Decrescente,Chuva,Simples,Aclive;Curva,Não,2,0,2,0,0,0,2,1,-27.14636811,-49.54975657,SPRF-SC,DEL04-SC,UOP02-DEL04-SC,2025
"699830,0",2025-06-22,domingo,18:30:00,SC,101,"335,0",TUBARAO,Demais falhas mecânicas ou elétricas,Incêndio,Com Vítimas Feridas,Plena Noite,Crescente,Garoa/Chuvisco,Dupla,Reta,Não,3,0,1,0,2,0,1,1,-28.48071251,-49.03447,SPRF-SC,DEL02-SC,UOP01-DEL02-SC,2025
"699847,0",2025-06-22,domingo,18:50:00,SC,470,"67,9",INDAIAL,Ausência de reação do condutor,Colisão com objeto,Com Vítimas Feridas,Plena Noite,Decrescente,Chuva,Dupla,Reta,Sim,2,0,2,0,0,0,2,1,-26.87774823,-49.23916744,SPRF-SC,DEL04-SC,UOP01-DEL04-SC,2025
"699866,0",2025-06-22,domingo,20:50:00,SC,282,"5,5",SAO JOSE,Reação tardia ou ineficiente do condutor,Colisão com objeto,Com Vítimas Feridas,Plena Noite,Decrescente,Chuva,Dupla,Curva,Sim,2,0,2,0,0,0,2,2,-27.585255,-48.617867,SPRF-SC,DEL01-SC,UOP01-DEL01-SC,2025
"699894,0",2025-06-22,domingo,23:55:00,SC,101,"206,7",SAO JOSE,Ingestão de álcool pelo condutor,Colisão traseira,Sem Vítimas,Plena Noite,Decrescente,Céu Claro,Simples,Reta,Sim,3,0,0,0,2,1,0,3,-27.59943,-48.62077,SPRF-SC,DEL01-SC,UOP01-DEL01-SC,2025
"699911,0",2025-06-23,segunda-feira,06:00:00,SC,101,"130,0",CAMBORIU,Reação tardia ou ineficiente do condutor,Colisão com objeto,Sem Vítimas,Plena Noite,Decrescente,Chuva,Dupla,Curva,Não,1,0,0,0,0,1,0,1,-26.98609344,-48.66670513,SPRF-SC,DEL04-SC,UOP03-DEL04-SC,2025
"699929,0",2025-06-23,segunda-feira,07:45:00,SC,101,"44,0",JOINVILLE,Manobra de mudança de faixa,Colisão lateral mesmo sentido,Com Vítimas Feridas,Pleno dia,Decrescente,Chuva,Dupla,Reta,Não,2,0,0,1,1,0,1,2,-26.343604,-48.857955,SPRF-SC,DEL03-SC,UOP01-DEL03-SC,2025
"699930,0",2025-06-23,segunda-feira,05:30:00,SC,101,"235,0",PALHOCA,Chuva,Colisão com objeto,Com Vítimas Feridas,Amanhecer,Decrescente,Chuva,Dupla,Curva,Não,2,0,1,0,1,0,1,1,-27.818748,-48.631258,SPRF-SC,DEL01-SC,UOP02-DEL01-SC,2025
"699931,0",2025-06-23,segunda-feira,07:00:00,SC,101,"120,9",ITAJAI,Trafegar com motocicleta (ou similar) entre as faixas,Tombamento,Com Vítimas Feridas,Pleno dia,Crescente,Chuva,Múltipla,Reta,Sim,1,0,1,0,0,0,1,1,-26.92045563,-48.70871991,SPRF-SC,DEL04-SC,UOP04-DEL04-SC,2025
"699936,0",2025-05-26,segunda-feira,15:33:00,SC,282,"4,2",SAO JOSE,Condutor deixou de manter distância do veículo da frente,Engavetamento,Com Vítimas Feridas,Pleno dia,Decrescente,Céu Claro,Múltipla,Reta,Sim,4,0,2,0,2,0,2,3,-27.59156,-48.6064,SPRF-SC,DEL01-SC,UOP01-DEL01-SC,2025
"699971,0",2025-06-23,segunda-feira,07:30:00,SC,101,"106,0",PENHA,Condutor deixou de manter distância do veículo da frente,Colisão traseira,Com Vítimas Feridas,Pleno dia,Crescente,Chuva,Dupla,Reta,Não,3,0,2,0,1,0,2,2,-26.80921906,-48.68230518,SPRF-SC,DEL03-SC,UOP02-DEL03-SC,2025
"699979,0",2025-06-23,segunda-feira,08:30:00,SC,282,"162,6",BOM RETIRO,Reação tardia ou ineficiente do condutor,Saída de leito carroçável,Com Vítimas Feridas,Pleno dia,Crescente,Nublado,Simples,Reta,Não,1,0,1,0,0,0,1,1,-27.72937,-49.78002,SPRF-SC,DEL05-SC,UOP01-DEL05-SC,2025
"700001,0",2025-06-23,segunda-feira,07:20:00,SC,280,"42,0",ARAQUARI,Chuva,Queda de ocupante de veículo,Com Vítimas Feridas,Pleno dia,Crescente,Chuva,Dupla,Desvio Temporário,Sim,1,0,1,0,0,0,1,1,-26.45102184,-48.8731405,SPRF-SC,DEL03-SC,UOP03-DEL03-SC,2025
"700003,0",2025-06-23,segunda-feira,13:00:00,SC,280,"92,9",CORUPA,Pista Escorregadia,Colisão frontal,Com Vítimas Feridas,Pleno dia,Crescente,Nublado,Simples,Aclive;Curva,Não,2,0,2,0,0,0,2,2,-26.391413,-49.302459,SPRF-SC,DEL06-SC,UOP03-DEL06-SC,2025
"700005,0",2025-06-18,quarta-feira,21:00:00,SC,470,"67,5",INDAIAL,Desrespeitar a preferência no cruzamento,Colisão transversal,Com Vítimas Feridas,Plena Noite,Decrescente,Céu Claro,Simples,Interseção de Vias,Sim,2,0,1,0,1,0,1,2,-26.87531514,-49.23597548,SPRF-SC,DEL04-SC,UOP01-DEL04-SC,2025
"700017,0",2025-06-23,segunda-feira,15:05:00,SC,101,"205,9",SAO JOSE,Reação tardia ou ineficiente do condutor,Colisão com objeto,Com Vítimas Feridas,Pleno dia,Decrescente,Nublado,Múltipla,Reta,Sim,2,0,1,0,1,0,1,1,-27.59126,-48.61781,SPRF-SC,DEL01-SC,UOP01-DEL01-SC,2025
"700021,0",2025-06-10,terça-feira,17:00:00,SC,101,"217,3",PALHOCA,Reação tardia ou ineficiente do condutor,Colisão lateral mesmo sentido,Com Vítimas Feridas,Pleno dia,Decrescente,Céu Claro,Múltipla,Interseção de Vias,Não,3,0,1,2,0,0,3,2,-27.67095797,-48.67236257,SPRF-SC,DEL01-SC,UOP02-DEL01-SC,2025
"700066,0",2025-06-23,segunda-feira,18:30:00,SC,280,"57,0",GUARAMIRIM,Retorno proibido,Colisão transversal,Com Vítimas Feridas,Plena Noite,Decrescente,Nublado,Simples,Reta,Sim,2,0,1,0,1,0,1,2,-26.47580186,-49.01702492,SPRF-SC,DEL03-SC,UOP03-DEL03-SC,2025
"700133,0",2025-06-24,terça-feira,05:30:00,SC,101,"205,0",SAO JOSE,Reação tardia ou ineficiente do condutor,Colisão lateral mesmo sentido,Com Vítimas Feridas,Amanhecer,Crescente,Nublado,Dupla,Reta,Sim,2,0,1,0,1,0,1,2,-27.58386,-48.6157,SPRF-SC,DEL01-SC,UOP01-DEL01-SC,2025
"700152,0",2025-06-24,terça-feira,07:00:00,SC,282,"1,0",FLORIANOPOLIS,Acessar a via sem observar a presença dos outros veículos,Colisão traseira,Com Vítimas Feridas,Pleno dia,Decrescente,Céu Claro,Múltipla,Reta,Sim,2,0,1,0,1,0,1,2,-27.600642,-48.577615,SPRF-SC,DEL01-SC,UOP01-DEL01-SC,2025
"700163,0",2025-06-24,terça-feira,07:35:00,SC,282,"215,0",LAGES,Acessar a via sem observar a presença dos outros veículos,Colisão transversal,Sem Vítimas,Pleno dia,Crescente,Céu Claro,Simples,Rotatória;Interseção de Vias,Sim,3,0,0,0,3,0,0,2,-27.79427821,-50.28430581,SPRF-SC,DEL05-SC,UOP01-DEL05-SC,2025
"700173,0",2025-06-24,terça-feira,07:50:00,SC,101,"339,5",TUBARAO,Ausência de reação do condutor,Tombamento,Com Vítimas Feridas,Pleno dia,Decrescente,Céu Claro,Dupla,Reta;Interseção de Vias,Não,2,0,2,0,0,0,2,1,-28.500252,-49.046181,SPRF-SC,DEL02-SC,UOP01-DEL02-SC,2025
"700179,0",2025-06-24,terça-feira,08:50:00,SC,101,"211,7",PALHOCA,Reação tardia ou ineficiente do condutor,Colisão lateral mesmo sentido,Com Vítimas Feridas,Pleno dia,Decrescente,Céu Claro,Múltipla,Reta,Sim,4,0,1,0,1,2,1,4,-27.62791813,-48.65685328,SPRF-SC,DEL01-SC,UOP02-DEL01-SC,2025
"700183,0",2025-06-24,terça-feira,09:30:00,SC,101,"208,6",SAO JOSE,Ausência de reação do condutor,Colisão traseira,Com Vítimas Feridas,Pleno dia,Decrescente,Céu Claro,Dupla,Reta,Sim,5,0,1,0,4,0,1,3,-27.607413,-48.636245,SPRF-SC,DEL01-SC,UOP01-DEL01-SC,2025
"700193,0",2025-06-24,terça-feira,08:15:00,SC,116,"267,0",CAPAO ALTO,Acumulo de água sobre o pavimento,Saída de leito carroçável,Com Vítimas Feridas,Amanhecer,Crescente,Céu Claro,Simples,Interseção de Vias,Não,2,0,1,0,1,0,1,1,-27.95609757,-50.48428981,SPRF-SC,DEL05-SC,UOP02-DEL05-SC,2025
"700194,0",2025-06-24,terça-feira,09:45:00,SC,101,"203,0",SAO JOSE,Reação tardia ou ineficiente do condutor,Colisão traseira,Com Vítimas Feridas,Pleno dia,Crescente,Céu Claro,Dupla,Reta,Não,2,0,1,0,1,0,1,2,-27.562293,-48.616238,SPRF-SC,DEL01-SC,UOP01-DEL01-SC,2025
"700228,0",2025-06-24,terça-feira,13:35:00,SC,101,"133,5",BALNEARIO CAMBORIU,Ausência de reação do condutor,Colisão traseira,Com Vítimas Feridas,Pleno dia,Crescente,Sol,Simples,Reta,Sim,2,0,1,0,1,0,1,2,-27.000474,-48.641,SPRF-SC,DEL04-SC,UOP03-DEL04-SC,2025
"700263,0",2025-06-24,terça-feira,06:30:00,SC,101,"31,1",SAO JOSE,Animais na Pista,Atropelamento de Animal,Sem Vítimas,Amanhecer,Decrescente,Céu Claro,Dupla,Reta,Sim,1,0,0,0,1,0,0,1,-27.58423896,-48.69541883,SPRF-SC,DEL01-SC,UOP02-DEL01-SC,2025
"700276,0",2025-06-24,terça-feira,15:45:00,SC,101,"119,0",ITAJAI,Condutor deixou de manter distância do veículo da frente,Colisão lateral mesmo sentido,Com Vítimas Feridas,Pleno dia,Decrescente,Céu Claro,Múltipla,Reta,Sim,2,0,1,0,1,0,1,2,-26.91109752,-48.71238446,SPRF-SC,DEL04-SC,UOP04-DEL04-SC,2025
"700279,0",2025-06-24,terça-feira,17:05:00,SC,101,"197,0",BIGUACU,Acesso irregular,Colisão transversal,Com Vítimas Feridas,Anoitecer,Decrescente,Céu Claro,Múltipla,Declive;Reta,Sim,2,0,1,0,1,0,1,2,-27.51853526,-48.63814177,SPRF-SC,DEL01-SC,UOP01-DEL01-SC,2025
"700280,0",2025-06-24,terça-feira,16:50:00,SC,470,"67,6",INDAIAL,Desrespeitar a preferência no cruzamento,Colisão transversal,Sem Vítimas,Pleno dia,Decrescente,Céu Claro,Simples,Reta;Interseção de Vias,Sim,2,0,0,0,2,0,0,2,-26.875248,-49.235992,SPRF-SC,DEL04-SC,UOP01-DEL04-SC,2025
"700289,0",2025-06-24,terça-feira,17:50:00,SC,282,"0,5",FLORIANOPOLIS,Reação tardia ou ineficiente do condutor,Colisão traseira,Sem Vítimas,Anoitecer,Crescente,Céu Claro,Dupla,Reta;Aclive,Sim,2,0,0,0,2,0,0,2,-27.59933538,-48.57530298,SPRF-SC,DEL01-SC,UOP01-DEL01-SC,2025
"700294,0",2025-06-24,terça-feira,18:40:00,SC,101,"218,2",PALHOCA,Manobra de mudança de faixa,Colisão lateral mesmo sentido,Com Vítimas Feridas,Plena Noite,Crescente,Céu Claro,Simples,Reta,Sim,2,0,1,0,1,0,1,2,-27.67625463,-48.66571991,SPRF-SC,DEL01-SC,UOP02-DEL01-SC,2025
"700302,0",2025-06-24,terça-feira,18:55:00,SC,101,"219,0",PALHOCA,Reação tardia ou ineficiente do condutor,Engavetamento,Com Vítimas Feridas,Plena Noite,Crescente,Céu Claro,Múltipla,Reta,Sim,4,0,1,0,3,0,1,3,-27.67806246,-48.66997465,SPRF-SC,DEL01-SC,UOP02-DEL01-SC,2025
"700312,0",2025-06-24,terça-feira,20:10:00,SC,101,"158,1",PORTO BELO,Acumulo de areia ou detritos sobre o pavimento,Tombamento,Com Vítimas Feridas,Plena Noite,Decrescente,Céu Claro,Dupla,Reta;Interseção de Vias,Sim,2,0,2,0,0,0,2,1,-27.192017,-48.61239,SPRF-SC,DEL04-SC,UOP03-DEL04-SC,2025
"700313,0",2025-06-24,terça-feira,18:05:00,SC,282,"340,5",CAMPOS NOVOS,Transitar na contramão,Colisão frontal,Com Vítimas Feridas,Plena Noite,Crescente,Céu Claro,Simples,Reta,Sim,4,0,1,2,0,1,3,3,-27.390443,-51.200715,SPRF-SC,DEL07-SC,UOP06-DEL07-SC,2025
"700322,0",2025-06-24,terça-feira,17:10:00,SC,280,"28,0",ARAQUARI,Transitar na contramão,Colisão transversal,Com Vítimas Feridas,Anoitecer,Decrescente,Nublado,Simples,Reta,Não,2,0,1,0,1,0,1,2,-26.404749,-48.745852,SPRF-SC,DEL03-SC,UOP03-DEL03-SC,2025
"700324,0",2025-06-24,terça-feira,17:50:00,SC,280,"5,4",SAO FRANCISCO DO SUL,Acessar a via sem observar a presença dos outros veículos,Colisão transversal,Com Vítimas Feridas,Anoitecer,Decrescente,Nublado,Simples,Reta;Interseção de Vias,Não,2,0,1,0,1,0,1,2,-26.262508,-48.62944,SPRF-SC,DEL03-SC,UOP03-DEL03-SC,2025
"700337,0",2025-06-24,terça-feira,20:40:00,SC,282,"428,1",VARGEM BONITA,Velocidade Incompatível,Saída de leito carroçável,Com Vítimas Feridas,Plena Noite,Crescente,Céu Claro,Simples,Curva,Não,1,0,0,1,0,0,1,1,-26.975905,-51.780773,SPRF-SC,DEL07-SC,UOP05-DEL07-SC,2025
"700353,0",2025-06-25,quarta-feira,04:50:00,SC,470,"64,6",INDAIAL,Ausência de reação do condutor,Colisão lateral mesmo sentido,Com Vítimas Feridas,Plena Noite,Decrescente,Céu Claro,Simples,Aclive;Em Obras;Desvio Temporário,Não,2,0,1,0,1,0,1,2,-26.87017592,-49.20924274,SPRF-SC,DEL04-SC,UOP01-DEL04-SC,2025
"700384,0",2025-06-25,quarta-feira,08:30:00,SC,101,"207,8",SAO JOSE,Animais na Pista,Colisão traseira,Com Vítimas Feridas,Pleno dia,Crescente,Céu Claro,Múltipla,Curva,Sim,2,0,0,1,1,0,1,2,-27.602512,-48.630325,SPRF-SC,DEL01-SC,UOP01-DEL01-SC,2025
"700388,0",2025-06-25,quarta-feira,08:10:00,SC,153,"99,5",CONCORDIA,Conversão proibida,Colisão transversal,Com Vítimas Feridas,Pleno dia,Crescente,Céu Claro,Simples,Reta,Não,3,0,0,1,1,1,1,3,-27.1917287,-51.9358214,SPRF-SC,DEL07-SC,UOP04-DEL07-SC,2025
"700418,0",2025-06-25,quarta-feira,12:10:00,SC,282,"506,4",XANXERE,Animais na Pista,Tombamento,Com Vítimas Feridas,Pleno dia,Decrescente,Céu Claro,Dupla,Reta,Não,2,0,2,0,0,0,2,1,-26.88552158,-52.43143559,SPRF-SC,DEL07-SC,UOP01-DEL07-SC,2025
"700436,0",2025-06-25,quarta-feira,14:00:00,SC,101,"416,1",ARARANGUA,Condutor deixou de manter distância do veículo da frente,Colisão traseira,Sem Vítimas,Pleno dia,Decrescente,Céu Claro,Dupla,Reta;Em Obras,Não,9,0,0,0,9,0,0,2,-28.97279505,-49.52912299,SPRF-SC,DEL02-SC,UOP02-DEL02-SC,2025
"700440,0",2025-06-25,quarta-feira,13:55:00,SC,282,"28,5",SANTO AMARO DA IMPERATRIZ,Acessar a via sem observar a presença dos outros veículos,Colisão transversal,Com Vítimas Feridas,Pleno dia,Crescente,Céu Claro,Simples,Rotatória;Interseção de Vias,Sim,2,0,1,0,1,0,1,2,-27.676795,-48.783235,SPRF-SC,DEL01-SC,UOP03-DEL01-SC,2025
"700441,0",2025-06-25,quarta-feira,12:50:00,SC,101,"120,7",ITAJAI,Ausência de reação do condutor,Tombamento,Com Vítimas Feridas,Pleno dia,Crescente,Sol,Simples,Curva,Não,2,0,1,1,0,0,2,1,-26.91917913,-48.71088378,SPRF-SC,DEL04-SC,UOP04-DEL04-SC,2025
"700444,0",2025-06-25,quarta-feira,15:35:00,SC,101,"189,5",BIGUACU,Reação tardia ou ineficiente do condutor,Queda de ocupante de veículo,Com Vítimas Feridas,Pleno dia,Decrescente,Céu Claro,Dupla,Curva,Não,1,0,0,1,0,0,1,1,-27.46462294,-48.64183903,SPRF-SC,DEL01-SC,UOP01-DEL01-SC,2025
"700457,0",2025-06-25,quarta-feira,17:30:00,SC,101,"200,4",SAO JOSE,Reação tardia ou ineficiente do condutor,Colisão com objeto,Com Vítimas Feridas,Anoitecer,Crescente,Céu Claro,Múltipla,Reta;Interseção de Vias,Sim,2,0,1,0,1,0,1,1,-27.544,-48.622,SPRF-SC,DEL01-SC,UOP01-DEL01-SC,2025
"700459,0",2025-06-25,quarta-feira,13:37:00,SC,282,"562,5",NOVA ERECHIM,Transitar na contramão,Colisão lateral sentido oposto,Com Vítimas Feridas,Pleno dia,Crescente,Céu Claro,Simples,Reta,Não,4,0,1,0,1,2,1,4,-26.917158,-52.863613,SPRF-SC,DEL07-SC,UOP02-DEL07-SC,2025
"700488,0",2025-06-25,quarta-feira,15:35:00,SC,280,"245,0",BELA VISTA DO TOLDO,Desrespeitar a preferência no cruzamento,Colisão transversal,Com Vítimas Feridas,Pleno dia,Decrescente,Céu Claro,Simples,Curva,Não,2,0,0,1,1,0,1,2,-26.24744,-50.50239,SPRF-SC,DEL06-SC,UOP04-DEL06-SC,2025
"700507,0",2025-06-25,quarta-feira,19:35:00,SC,101,"188,0",BIGUACU,Reação tardia ou ineficiente do condutor,Queda de ocupante de veículo,Com Vítimas Feridas,Plena Noite,Crescente,Céu Claro,Dupla,Reta,Não,1,0,0,1,0,0,1,1,-27.44974183,-48.63267358,SPRF-SC,DEL01-SC,UOP01-DEL01-SC,2025
"700552,0",2025-06-25,quarta-feira,23:50:00,SC,101,"112,0",ITAJAI,Ausência de reação do condutor,Capotamento,Sem Vítimas,Plena Noite,Crescente,Nublado,Dupla,Reta,Não,1,0,0,0,1,0,0,1,-26.84578772,-48.72118447,SPRF-SC,DEL04-SC,UOP04-DEL04-SC,2025
"700564,0",2025-06-26,quinta-feira,04:40:00,SC,470,"70,8",INDAIAL,Acessar a via sem observar a presença dos outros veículos,Colisão lateral mesmo sentido,Com Vítimas Feridas,Plena Noite,Decrescente,Garoa/Chuvisco,Simples,Reta,Sim,2,0,1,0,1,0,1,2,-26.89660648,-49.2637345,SPRF-SC,DEL04-SC,UOP01-DEL04-SC,2025
"700608,0",2025-06-26,quinta-feira,10:30:00,SC,116,"91,0",MONTE CASTELO,Reação tardia ou ineficiente do condutor,Saída de leito carroçável,Com Vítimas Feridas,Pleno dia,Crescente,Chuva,Simples,Reta;Aclive,Não,4,0,2,0,2,0,2,1,-26.645078,-50.262458,SPRF-SC,DEL06-SC,UOP02-DEL06-SC,2025
"700610,0",2025-06-26,quinta-feira,11:25:00,SC,280,"5,4",SAO FRANCISCO DO SUL,Acessar a via sem observar a presença dos outros veículos,Colisão transversal,Com Vítimas Feridas,Pleno dia,Crescente,Chuva,Simples,Reta,Não,2,0,0,1,1,0,1,2,-26.262765,-48.629628,SPRF-SC,DEL03-SC,UOP03-DEL03-SC,2025
"700618,0",2025-06-26,quinta-feira,08:50:00,SC,282,"492,0",FAXINAL DOS GUEDES,Velocidade Incompatível,Colisão lateral sentido oposto,Com Vítimas Feridas,Pleno dia,Decrescente,Chuva,Simples,Reta,Não,3,0,0,2,1,0,2,3,-26.872426,-52.295229,SPRF-SC,DEL07-SC,UOP01-DEL07-SC,2025
"700634,0",2025-06-26,quinta-feira,13:50:00,SC,470,"45,1",GASPAR,Acessar a via sem observar a presença dos outros veículos,Colisão transversal,Com Vítimas Feridas,Pleno dia,Crescente,Chuva,Simples,Reta,Sim,2,0,0,1,1,0,1,2,-26.86600835,-49.03233647,SPRF-SC,DEL04-SC,UOP01-DEL04-SC,2025
"700699,0",2025-06-26,quinta-feira,17:45:00,SC,163,"69,7",SAO MIGUEL DO OESTE,Ingestão de álcool pelo condutor,Colisão traseira,Sem Vítimas,Plena Noite,Crescente,Garoa/Chuvisco,Dupla,Reta;Aclive,Sim,3,0,0,0,3,0,0,3,-26.73635476,-53.50414753,SPRF-SC,DEL07-SC,UOP03-DEL07-SC,2025
"700712,0",2025-06-26,quinta-feira,19:45:00,SC,101,"153,0",PORTO BELO,Ingestão de álcool pelo condutor,Saída de leito carroçável,Sem Vítimas,Plena Noite,Crescente,Garoa/Chuvisco,Dupla,Reta,Não,1,0,0,0,1,0,0,1,-27.13793555,-48.60997137,SPRF-SC,DEL04-SC,UOP03-DEL04-SC,2025
"700717,0",2025-06-26,quinta-feira,18:40:00,SC,282,"218,0",LAGES,Condutor deixou de manter distância do veículo da frente,Colisão traseira,Com Vítimas Feridas,Plena Noite,Decrescente,Chuva,Simples,Reta,Sim,3,0,1,0,2,0,1,3,-27.79763798,-50.31220078,SPRF-SC,DEL05-SC,UOP01-DEL05-SC,2025
"700730,0",2025-06-26,quinta-feira,19:20:00,SC,101,"57,9",ARAQUARI,Reação tardia ou ineficiente do condutor,Colisão com objeto,Com Vítimas Feridas,Plena Noite,Crescente,Chuva,Dupla,Curva,Não,1,0,1,0,0,0,1,1,-26.43896607,-48.80272714,SPRF-SC,DEL03-SC,UOP01-DEL03-SC,2025
"700757,0",2025-06-27,sexta-feira,00:20:00,SC,470,"45,3",GASPAR,Ausência de reação do condutor,Tombamento,Com Vítimas Feridas,Plena Noite,Crescente,Nublado,Simples,Reta,Não,1,0,1,0,0,0,1,1,-26.86564894,-49.03273344,SPRF-SC,DEL04-SC,UOP01-DEL04-SC,2025
"700822,0",2025-06-27,sexta-feira,08:30:00,SC,101,"330,2",TUBARAO,Condutor usando celular,Saída de leito carroçável,Sem Vítimas,Pleno dia,Decrescente,Céu Claro,Dupla,Reta,Não,1,0,0,0,1,0,0,1,-28.457375,-48.984126,SPRF-SC,DEL02-SC,UOP01-DEL02-SC,2025
"700837,0",2025-06-21,sábado,18:45:00,SC,282,"561,1",NOVA ITABERABA,Demais falhas na via,Colisão com objeto,Sem Vítimas,Plena Noite,Decrescente,Céu Claro,Simples,Aclive;Curva;Ponte,Não,3,0,0,0,3,0,0,1,-26.92723982,-52.85605643,SPRF-SC,DEL07-SC,UOP02-DEL07-SC,2025
"700860,0",2025-06-27,sexta-feira,11:30:00,SC,282,"580,2",PINHALZINHO,Transitar no Acostamento,Colisão traseira,Com Vítimas Feridas,Pleno dia,Crescente,Nevoeiro/Neblina,Simples,Reta,Não,2,0,0,1,1,0,1,2,-26.83624873,-52.9891634,SPRF-SC,DEL07-SC,UOP02-DEL07-SC,2025
"700876,0",2025-06-27,sexta-feira,14:15:00,SC,101,"129,0",CAMBORIU,Conversão proibida,Colisão transversal,Com Vítimas Feridas,Pleno dia,Decrescente,Nublado,Simples,Reta,Sim,2,0,1,0,1,0,1,2,-26.98341484,-48.67556512,SPRF-SC,DEL04-SC,UOP03-DEL04-SC,2025
"700878,0",2025-06-27,sexta-feira,14:30:00,SC,470,"103,8",APIUNA,Ausência de reação do condutor,Colisão lateral sentido oposto,Com Vítimas Feridas,Pleno dia,Crescente,Nublado,Simples,Curva,Não,5,0,2,0,3,0,2,3,-27.06106532,-49.41230893,SPRF-SC,DEL04-SC,UOP02-DEL04-SC,2025
"700892,0",2025-06-27,sexta-feira,16:35:00,SC,280,"130,4",RIO NEGRINHO,Acessar a via sem observar a presença dos outros veículos,Colisão lateral mesmo sentido,Com Vítimas Feridas,Anoitecer,Decrescente,Garoa/Chuvisco,Simples,Declive;Interseção de Vias,Não,2,0,1,0,1,0,1,2,-26.254,-49.534,SPRF-SC,DEL06-SC,UOP03-DEL06-SC,2025