id,data_inversa,dia_semana,horario,uf,br,km,municipio,causa_acidente,tipo_acidente,classificacao_acidente,fase_dia,sentido_via,condicao_metereologica,tipo_pista,tracado_via,uso_solo,pessoas,mortos,feridos_leves,feridos_graves,ilesos,ignorados,feridos,veiculos,latitude,longitude,regional,delegacia,uop,ano_arquivo
"700902,0",2025-06-03,terça-feira,15:50:00,SC,101,"202,9",SAO JOSE,Avarias e/ou desgaste excessivo no pneu,Tombamento,Com Vítimas Feridas,Pleno dia,Crescente,Céu Claro,Múltipla,Reta,Sim,2,0,2,0,0,0,2,1,-27.564,-48.615,SPRF-SC,DEL01-SC,UOP01-DEL01-SC,2025
"700926,0",2025-06-27,sexta-feira,18:30:00,SC,101,"98,0",BALNEARIO PICARRAS,Transitar no Acostamento,Queda de ocupante de veículo,Com Vítimas Feridas,Plena Noite,Decrescente,Nublado,Dupla,Reta,Não,3,0,1,1,0,1,2,2,-26.74453,-48.697372,SPRF-SC,DEL03-SC,UOP02-DEL03-SC,2025
"700927,0",2025-06-27,sexta-feira,18:00:00,SC,282,"0,6",FLORIANOPOLIS,Reação tardia ou ineficiente do condutor,Colisão traseira,Com Vítimas Feridas,Plena Noite,Crescente,Nublado,Dupla,Curva;Declive,Não,3,0,1,0,1,1,1,3,-27.59862039,-48.57410638,SPRF-SC,DEL01-SC,UOP01-DEL01-SC,2025
"700928,0",2025-06-27,sexta-feira,18:45:00,SC,101,"214,7",PALHOCA,Condutor deixou de manter distância do veículo da frente,Engavetamento,Sem Vítimas,Plena Noite,Crescente,Nublado,Múltipla,Reta,Não,3,0,0,0,3,0,0,3,-27.649727,-48.674428,SPRF-SC,DEL01-SC,UOP02-DEL01-SC,2025
"700944,0",2025-06-27,sexta-feira,19:45:00,SC,101,"214,7",PALHOCA,Trafegar com motocicleta (ou similar) entre as faixas,Colisão traseira,Sem Vítimas,Plena Noite,Crescente,Céu Claro,Múltipla,Reta,Sim,2,0,0,0,1,1,0,2,-27.64946,-48.67466,SPRF-SC,DEL01-SC,UOP02-DEL01-SC,2025
"700958,0",2025-06-27,sexta-feira,17:40:00,SC,470,"65,0",INDAIAL,Trafegar com motocicleta (ou similar) entre as faixas,Colisão lateral sentido oposto,Com Vítimas Feridas,Anoitecer,Crescente,Nublado,Simples,Reta;Em Obras,Sim,3,0,3,0,0,0,3,2,-26.86962823,-49.20313342,SPRF-SC,DEL04-SC,UOP01-DEL04-SC,2025
"700966,0",2025-06-27,sexta-feira,20:00:00,SC,470,"67,0",INDAIAL,Entrada inopinada do pedestre,Atropelamento de Pedestre,Com Vítimas Feridas,Plena Noite,Crescente,Ignorado,Simples,Reta;Em Obras,Sim,3,0,0,2,1,0,2,2,-26.87213351,-49.23065901,SPRF-SC,DEL04-SC,UOP01-DEL04-SC,2025
"700979,0",2025-06-27,sexta-feira,21:00:00,SC,101,"2,2",ARARANGUA,Ausência de reação do condutor,Colisão lateral mesmo sentido,Com Vítimas Feridas,Plena Noite,Decrescente,Nublado,Simples,Rotatória,Sim,2,0,1,0,1,0,1,2,-28.93957547,-49.49710965,SPRF-SC,DEL02-SC,UOP02-DEL02-SC,2025
"700986,0",2025-06-27,sexta-feira,22:00:00,SC,101,"163,0",TIJUCAS,Ausência de reação do condutor,Capotamento,Sem Vítimas,Plena Noite,Crescente,Céu Claro,Dupla,Declive,Sim,1,0,0,0,1,0,0,1,-27.23417882,-48.6302948,SPRF-SC,DEL04-SC,UOP03-DEL04-SC,2025
"700996,0",2025-06-27,sexta-feira,21:00:00,SC,280,"268,4",IRINEOPOLIS,Transitar na contramão,Colisão frontal,Com Vítimas Feridas,Plena Noite,Crescente,Nublado,Simples,Reta,Sim,4,0,0,1,3,0,1,2,-26.2638,-50.7143,SPRF-SC,DEL06-SC,UOP04-DEL06-SC,2025
"701013,0",2025-06-28,sábado,01:00:00,SC,101,"224,1",PALHOCA,Ausência de reação do condutor,Colisão com objeto,Sem Vítimas,Plena Noite,Decrescente,Nublado,Múltipla,Reta,Não,1,0,0,0,1,0,0,1,-27.724328,-48.643482,SPRF-SC,DEL01-SC,UOP02-DEL01-SC,2025
"701014,0",2025-06-28,sábado,00:50:00,SC,282,"72,8",RANCHO QUEIMADO,Velocidade Incompatível,Saída de leito carroçável,Com Vítimas Feridas,Plena Noite,Decrescente,Nublado,Simples,Curva,Não,3,0,3,0,0,0,3,1,-27.68139991,-49.1116333,SPRF-SC,DEL01-SC,UOP03-DEL01-SC,2025
"701026,0",2025-06-28,sábado,01:50:00,SC,470,"236,3",SAO CRISTOVAO DO SUL,Transitar na contramão,Colisão lateral sentido oposto,Com Vítimas Feridas,Plena Noite,Decrescente,Garoa/Chuvisco,Simples,Reta,Não,2,0,1,0,0,1,1,2,-27.30377,-50.4551,SPRF-SC,DEL05-SC,UOP03-DEL05-SC,2025
"701032,0",2025-06-28,sábado,05:00:00,SC,158,"109,4",CUNHA PORA,Ingestão de álcool pelo condutor,Colisão traseira,Com Vítimas Feridas,Plena Noite,Crescente,Céu Claro,Simples,Rotatória,Não,25,0,0,1,24,0,1,2,-26.88793681,-53.17736816,SPRF-SC,DEL07-SC,UOP02-DEL07-SC,2025
"701043,0",2025-06-28,sábado,06:35:00,SC,101,"151,0",ITAPEMA,Chuva,Colisão com objeto,Com Vítimas Feridas,Amanhecer,Crescente,Chuva,Múltipla,Reta,Sim,1,0,1,0,0,0,1,1,-27.12654486,-48.60961832,SPRF-SC,DEL04-SC,UOP03-DEL04-SC,2025
"701054,0",2025-06-28,sábado,07:11:00,SC,280,"239,3",CANOINHAS,Ingestão de álcool pelo condutor,Colisão frontal,Com Vítimas Feridas,Pleno dia,Decrescente,Chuva,Simples,Reta,Não,3,0,1,2,0,0,3,2,-26.209507,-50.447524,SPRF-SC,DEL06-SC,UOP04-DEL06-SC,2025
"701058,0",2025-06-28,sábado,07:53:00,SC,101,"193,0",BIGUACU,Reação tardia ou ineficiente do condutor,Colisão com objeto,Com Vítimas Feridas,Pleno dia,Crescente,Chuva,Dupla,Curva,Sim,3,0,1,0,2,0,1,2,-27.48793842,-48.65263073,SPRF-SC,DEL01-SC,UOP01-DEL01-SC,2025
"701060,0",2025-06-28,sábado,08:30:00,SC,101,"148,1",ITAPEMA,Manobra de mudança de faixa,Colisão com objeto,Com Vítimas Feridas,Pleno dia,Decrescente,Nublado,Múltipla,Curva,Sim,1,0,1,0,0,0,1,1,-27.10146,-48.618,SPRF-SC,DEL04-SC,UOP03-DEL04-SC,2025
"701086,0",2025-06-28,sábado,09:20:00,SC,282,"121,3",BOM RETIRO,Ingestão de álcool pelo condutor,Saída de leito carroçável,Sem Vítimas,Pleno dia,Crescente,Chuva,Simples,Reta,Não,1,0,0,0,1,0,0,1,-27.79969,-49.42425,SPRF-SC,DEL05-SC,UOP01-DEL05-SC,2025
"701104,0",2025-06-28,sábado,14:10:00,SC,282,"519,2",XAXIM,Reação tardia ou ineficiente do condutor,Colisão lateral mesmo sentido,Com Vítimas Feridas,Pleno dia,Crescente,Chuva,Simples,Aclive;Reta,Não,4,0,1,0,3,0,1,2,-26.947373,-52.517305,SPRF-SC,DEL07-SC,UOP01-DEL07-SC,2025
"701110,0",2025-06-28,sábado,14:05:00,SC,101,"138,8",BALNEARIO CAMBORIU,Reação tardia ou ineficiente do condutor,Colisão com objeto,Com Vítimas Feridas,Pleno dia,Crescente,Chuva,Dupla,Aclive;Curva,Não,1,0,1,0,0,0,1,1,-27.02854,-48.60466,SPRF-SC,DEL04-SC,UOP03-DEL04-SC,2025
"701114,0",2025-06-28,sábado,13:40:00,SC,282,"412,0",CATANDUVAS,Ingestão de álcool pelo condutor,Tombamento,Com Vítimas Feridas,Pleno dia,Crescente,Chuva,Simples,Curva;Declive,Não,1,0,1,0,0,0,1,1,-27.05989,-51.679493,SPRF-SC,DEL07-SC,UOP05-DEL07-SC,2025
"701151,0",2025-06-28,sábado,18:00:00,SC,101,"207,0",SAO JOSE,Reação tardia ou ineficiente do condutor,Colisão lateral mesmo sentido,Com Vítimas Feridas,Anoitecer,Crescente,Chuva,Múltipla,Curva;Aclive,Sim,3,0,1,0,2,0,1,2,-27.59604557,-48.6195487,SPRF-SC,DEL01-SC,UOP01-DEL01-SC,2025
"701156,0",2025-06-28,sábado,19:00:00,SC,101,"191,0",BIGUACU,Reação tardia ou ineficiente do condutor,Colisão com objeto,Sem Vítimas,Plena Noite,Decrescente,Chuva,Dupla,Curva,Sim,3,0,0,0,3,0,0,1,-27.475088,-48.640731,SPRF-SC,DEL01-SC,UOP01-DEL01-SC,2025
"701167,0",2025-06-28,sábado,17:20:00,SC,282,"217,0",LAGES,Pedestre cruzava a pista fora da faixa,Atropelamento de Pedestre,Com Vítimas Feridas,Anoitecer,Crescente,Chuva,Dupla,Reta,Sim,2,0,1,0,1,0,1,2,-27.797677,-50.301115,SPRF-SC,DEL05-SC,UOP01-DEL05-SC,2025
"701180,0",2025-06-28,sábado,18:30:00,SC,282,"225,0",LAGES,Chuva,Saída de leito carroçável,Sem Vítimas,Plena Noite,Decrescente,Chuva,Simples,Reta;Aclive,Não,2,0,0,0,1,1,0,1,-27.79526957,-50.38312761,SPRF-SC,DEL05-SC,UOP02-DEL05-SC,2025
"701182,0",2025-06-28,sábado,19:50:00,SC,280,"54,7",GUARAMIRIM,Reação tardia ou ineficiente do condutor,Colisão com objeto,Sem Vítimas,Plena Noite,Decrescente,Chuva,Dupla,Reta,Não,1,0,0,0,1,0,0,1,-26.475483,-48.991994,SPRF-SC,DEL03-SC,UOP03-DEL03-SC,2025
"701192,0",2025-06-28,sábado,21:30:00,SC,470,"136,0",RIO DO SUL,Reação tardia ou ineficiente do condutor,Capotamento,Sem Vítimas,Plena Noite,Decrescente,Céu Claro,Simples,Reta,Não,1,0,0,0,1,0,0,1,-27.188366,-49.611742,SPRF-SC,DEL04-SC,UOP02-DEL04-SC,2025
"701196,0",2025-06-28,sábado,21:57:00,SC,101,"186,0",BIGUACU,Reação tardia ou ineficiente do condutor,Colisão com objeto,Com Vítimas Feridas,Plena Noite,Decrescente,Nublado,Dupla,Curva,Não,3,0,1,0,2,0,1,1,-27.440825,-48.627337,SPRF-SC,DEL01-SC,UOP01-DEL01-SC,2025
"701201,0",2025-06-28,sábado,22:10:00,SC,101,"88,0",BARRA VELHA,Velocidade Incompatível,Capotamento,Com Vítimas Feridas,Plena Noite,Crescente,Nublado,Dupla,Viaduto,Sim,1,0,1,0,0,0,1,1,-26.65039732,-48.68701665,SPRF-SC,DEL03-SC,UOP02-DEL03-SC,2025
"701205,0",2025-06-28,sábado,20:55:00,SC,101,"241,8",PALHOCA,Transitar na contramão,Saída de leito carroçável,Sem Vítimas,Plena Noite,Crescente,Garoa/Chuvisco,Dupla,Reta,Não,1,0,0,0,1,0,0,1,-27.87777141,-48.64714829,SPRF-SC,DEL01-SC,UOP02-DEL01-SC,2025
"701206,0",2025-06-28,sábado,22:45:00,SC,101,"203,6",SAO JOSE,Velocidade Incompatível,Colisão com objeto,Sem Vítimas,Plena Noite,Decrescente,Nublado,Múltipla,Declive;Reta,Sim,1,0,0,0,0,1,0,1,-27.56925707,-48.61383207,SPRF-SC,DEL01-SC,UOP01-DEL01-SC,2025
"701216,0",2025-06-28,sábado,23:00:00,SC,282,"52,0",AGUAS MORNAS,Ingestão de álcool pelo condutor,Saída de leito carroçável,Com Vítimas Feridas,Plena Noite,Decrescente,Céu Claro,Simples,Curva,Não,1,0,1,0,0,0,1,1,-27.69715,-48.96443,SPRF-SC,DEL01-SC,UOP03-DEL01-SC,2025
"701227,0",2025-06-28,sábado,16:00:00,SC,282,"52,8",AGUAS MORNAS,Velocidade Incompatível,Saída de leito carroçável,Com Vítimas Fatais,Pleno dia,Decrescente,Chuva,Simples,Curva;Declive,Não,1,1,0,0,0,0,0,1,-27.692366,-48.970088,SPRF-SC,DEL01-SC,UOP03-DEL01-SC,2025
"701253,0",2025-06-29,domingo,03:30:00,SC,470,"26,0",ILHOTA,Ausência de reação do condutor,Saída de leito carroçável,Com Vítimas Feridas,Plena Noite,Decrescente,Céu Claro,Dupla,Retorno Regulamentado,Não,1,0,1,0,0,0,1,1,-26.88807129,-48.87679903,SPRF-SC,DEL04-SC,UOP04-DEL04-SC,2025
"701257,0",2025-06-29,domingo,02:50:00,SC,101,"140,9",BALNEARIO CAMBORIU,Ingestão de álcool pelo condutor,Colisão lateral mesmo sentido,Sem Vítimas,Plena Noite,Crescente,Nublado,Dupla,Curva,Sim,2,0,0,0,2,0,0,2,-27.046519,-48.599516,SPRF-SC,DEL04-SC,UOP03-DEL04-SC,2025
"701277,0",2025-06-29,domingo,07:00:00,SC,280,"147,7",MAFRA,Ingestão de álcool pelo condutor,Saída de leito carroçável,Com Vítimas Feridas,Pleno dia,Decrescente,Nublado,Simples,Reta,Não,4,0,1,2,1,0,3,1,-26.2451,-49.67012,SPRF-SC,DEL06-SC,UOP03-DEL06-SC,2025
"701305,0",2025-06-29,domingo,11:00:00,SC,101,"127,0",ITAJAI,Pedestre cruzava a pista fora da faixa,Atropelamento de Pedestre,Com Vítimas Feridas,Pleno dia,Crescente,Nublado,Dupla,Reta,Não,2,0,0,1,1,0,1,2,-26.96858973,-48.68350983,SPRF-SC,DEL04-SC,UOP04-DEL04-SC,2025
"701324,0",2025-06-29,domingo,08:55:00,SC,163,"105,2",SAO JOSE DO CEDRO,Ausência de reação do condutor,Saída de leito carroçável,Com Vítimas Feridas,Pleno dia,Decrescente,Chuva,Múltipla,Aclive;Reta,Não,3,0,2,0,1,0,2,1,-26.44622075,-53.51507932,SPRF-SC,DEL07-SC,UOP03-DEL07-SC,2025
"701341,0",2025-06-29,domingo,14:20:00,SC,101,"332,0",TUBARAO,Manobra de mudança de faixa,Colisão transversal,Com Vítimas Feridas,Pleno dia,Crescente,Céu Claro,Dupla,Rotatória,Sim,2,0,1,0,1,0,1,2,-28.465731,-48.995934,SPRF-SC,DEL02-SC,UOP01-DEL02-SC,2025
"701342,0",2025-06-29,domingo,12:45:00,SC,101,"316,3",PESCARIA BRAVA,Ausência de reação do condutor,Colisão com objeto,Com Vítimas Feridas,Pleno dia,Crescente,Nublado,Dupla,Declive;Curva,Não,4,0,3,0,1,0,3,1,-28.42653361,-48.86080384,SPRF-SC,DEL02-SC,UOP01-DEL02-SC,2025
"701354,0",2025-06-29,domingo,16:40:00,SC,282,"227,0",LAGES,Reação tardia ou ineficiente do condutor,Saída de leito carroçável,Sem Vítimas,Pleno dia,Crescente,Chuva,Simples,Reta,Não,2,0,0,0,2,0,0,1,-27.79575249,-50.39915794,SPRF-SC,DEL05-SC,UOP02-DEL05-SC,2025
"701360,0",2025-06-29,domingo,11:30:00,SC,101,"449,0",SANTA ROSA DO SUL,Acumulo de óleo sobre o pavimento,Tombamento,Com Vítimas Feridas,Pleno dia,Decrescente,Nublado,Simples,Reta;Viaduto;Retorno Regulamentado,Sim,1,0,1,0,0,0,1,1,-29.1671791,-49.74445995,SPRF-SC,DEL02-SC,UOP02-DEL02-SC,2025
"701372,0",2025-06-29,domingo,14:10:00,SC,101,"151,0",ITAPEMA,Suicídio (presumido),Colisão traseira,Sem Vítimas,Pleno dia,Decrescente,Céu Claro,Dupla,Reta,Não,2,0,0,0,2,0,0,2,-27.065951,-48.5955651,SPRF-SC,DEL04-SC,UOP03-DEL04-SC,2025
"701382,0",2025-06-29,domingo,16:50:00,SC,153,"103,1",CONCORDIA,Ingestão de álcool pelo condutor,Saída de leito carroçável,Com Vítimas Feridas,Pleno dia,Decrescente,Garoa/Chuvisco,Simples,Curva,Não,1,0,1,0,0,0,1,1,-27.29925001,-51.9790408,SPRF-SC,DEL07-SC,UOP04-DEL07-SC,2025
"701396,0",2025-06-29,domingo,19:10:00,SC,101,"113,1",ITAJAI,Manobra de mudança de faixa,Colisão lateral mesmo sentido,Com Vítimas Feridas,Plena Noite,Decrescente,Nublado,Dupla,Reta;Retorno Regulamentado,Sim,3,0,2,0,1,0,2,2,-26.85444571,-48.72714816,SPRF-SC,DEL04-SC,UOP04-DEL04-SC,2025
"701428,0",2025-06-29,domingo,22:00:00,SC,101,"397,0",MARACAJA,Avarias e/ou desgaste excessivo no pneu,Tombamento,Com Vítimas Feridas,Plena Noite,Decrescente,Céu Claro,Múltipla,Reta,Não,1,0,0,1,0,0,1,1,-28.84060865,-49.42623345,SPRF-SC,DEL02-SC,UOP02-DEL02-SC,2025
"701461,0",2025-06-30,segunda-feira,02:30:00,SC,101,"2,3",ARARANGUA,Reação tardia ou ineficiente do condutor,Colisão com objeto,Com Vítimas Feridas,Plena Noite,Decrescente,Ignorado,Simples,Reta,Sim,1,0,1,0,0,0,1,1,-28.942364,-49.49890137,SPRF-SC,DEL02-SC,UOP02-DEL02-SC,2025
"701489,0",2025-06-30,segunda-feira,05:17:00,SC,470,"67,3",INDAIAL,Acessar a via sem observar a presença dos outros veículos,Colisão traseira,Com Vítimas Feridas,Amanhecer,Decrescente,Chuva,Múltipla,Reta;Em Obras,Não,2,0,0,1,1,0,1,2,-26.87390071,-49.23408,SPRF-SC,DEL04-SC,UOP01-DEL04-SC,2025
"701499,0",2025-06-30,segunda-feira,07:30:00,SC,101,"115,5",ITAJAI,Manobra de mudança de faixa,Colisão lateral mesmo sentido,Com Vítimas Feridas,Pleno dia,Crescente,Garoa/Chuvisco,Simples,Reta,Sim,3,0,1,0,2,0,1,3,-26.8756003,-48.72828931,SPRF-SC,DEL04-SC,UOP04-DEL04-SC,2025
"701521,0",2025-06-30,segunda-feira,08:50:00,SC,101,"217,2",PALHOCA,Chuva,Colisão com objeto,Com Vítimas Feridas,Pleno dia,Decrescente,Chuva,Múltipla,Reta,Sim,1,0,0,1,0,0,1,1,-27.6745083,-48.67429225,SPRF-SC,DEL01-SC,UOP02-DEL01-SC,2025
"701523,0",2025-06-30,segunda-feira,09:20:00,SC,101,"192,3",BIGUACU,Pista Escorregadia,Tombamento,Com Vítimas Feridas,Pleno dia,Decrescente,Chuva,Dupla,Reta,Sim,1,0,1,0,0,0,1,1,-27.48867648,-48.65084589,SPRF-SC,DEL01-SC,UOP01-DEL01-SC,2025
"701547,0",2025-06-30,segunda-feira,11:40:00,SC,163,"84,0",GUARACIABA,Acessar a via sem observar a presença dos outros veículos,Colisão traseira,Com Vítimas Feridas,Pleno dia,Decrescente,Nublado,Simples,Reta,Não,3,0,0,1,2,0,1,3,-26.61408857,-53.51908061,SPRF-SC,DEL07-SC,UOP03-DEL07-SC,2025
"701561,0",2025-06-30,segunda-feira,13:00:00,SC,470,"55,8",BLUMENAU,Retorno proibido,Colisão transversal,Com Vítimas Feridas,Pleno dia,Crescente,Nublado,Simples,Em Obras;Curva,Sim,3,0,2,0,1,0,2,3,-26.87650706,-49.12561297,SPRF-SC,DEL04-SC,UOP01-DEL04-SC,2025
"701622,0",2025-06-30,segunda-feira,17:15:00,SC,101,"211,7",SAO JOSE,Trafegar com motocicleta (ou similar) entre as faixas,Queda de ocupante de veículo,Com Vítimas Feridas,Anoitecer,Crescente,Chuva,Múltipla,Reta,Não,1,0,1,0,0,0,1,1,-27.6213656,-48.65050491,SPRF-SC,DEL01-SC,UOP02-DEL01-SC,2025
"701630,0",2025-06-30,segunda-feira,18:45:00,SC,101,"333,0",TUBARAO,Condutor deixou de manter distância do veículo da frente,Colisão traseira,Com Vítimas Feridas,Plena Noite,Decrescente,Céu Claro,Dupla,Reta,Sim,2,0,1,0,1,0,1,2,-28.47043095,-49.016982,SPRF-SC,DEL02-SC,UOP01-DEL02-SC,2025
"701637,0",2025-06-30,segunda-feira,19:00:00,SC,280,"27,5",ARAQUARI,Desrespeitar a preferência no cruzamento,Colisão transversal,Com Vítimas Feridas,Plena Noite,Crescente,Garoa/Chuvisco,Simples,Reta,Não,2,0,1,0,1,0,1,2,-26.399156,-48.741861,SPRF-SC,DEL03-SC,UOP03-DEL03-SC,2025
"701649,0",2025-06-30,segunda-feira,18:30:00,SC,101,"359,0",SANGAO,Pedestre cruzava a pista fora da faixa,Atropelamento de Pedestre,Com Vítimas Feridas,Anoitecer,Decrescente,Céu Claro,Simples,Reta,Não,2,0,1,0,1,0,1,2,-28.6455614,-49.10160955,SPRF-SC,DEL02-SC,UOP01-DEL02-SC,2025
"701689,0",2025-06-30,segunda-feira,20:30:00,SC,280,"81,8",CORUPA,Transitar na contramão,Colisão frontal,Com Vítimas Fatais,Plena Noite,Decrescente,Garoa/Chuvisco,Simples,Reta,Sim,2,1,1,0,0,0,1,2,-26.43688665,-49.23964977,SPRF-SC,DEL06-SC,UOP03-DEL06-SC,2025
"701699,0",2025-07-01,terça-feira,00:50:00,SC,163,"79,2",SAO MIGUEL DO OESTE,Acessar a via sem observar a presença dos outros veículos,Colisão transversal,Com Vítimas Feridas,Plena Noite,Crescente,Céu Claro,Simples,Interseção de Vias;Rotatória;Declive,Sim,6,0,6,0,0,0,6,2,-26.65627565,-53.51707352,SPRF-SC,DEL07-SC,UOP03-DEL07-SC,2025
"701735,0",2025-07-01,terça-feira,07:40:00,SC,470,"59,8",BLUMENAU,Ausência de reação do condutor,Colisão lateral mesmo sentido,Com Vítimas Feridas,Pleno dia,Decrescente,Nublado,Simples,Reta;Em Obras,Não,2,0,1,0,1,0,1,2,-26.88150679,-49.16411726,SPRF-SC,DEL04-SC,UOP01-DEL04-SC,2025
"701743,0",2025-07-01,terça-feira,08:00:00,SC,470,"54,9",BLUMENAU,Ausência de reação do condutor,Colisão traseira,Com Vítimas Feridas,Pleno dia,Crescente,Nublado,Simples,Reta;Em Obras,Sim,2,0,1,0,1,0,1,2,-26.87460262,-49.11597848,SPRF-SC,DEL04-SC,UOP01-DEL04-SC,2025
"701746,0",2025-07-01,terça-feira,08:30:00,SC,101,"200,9",SAO JOSE,Ausência de reação do condutor,Colisão traseira,Com Vítimas Feridas,Pleno dia,Crescente,Nublado,Dupla,Reta,Sim,2,0,1,0,1,0,1,2,-27.547,-48.62,SPRF-SC,DEL01-SC,UOP01-DEL01-SC,2025
"701761,0",2025-07-01,terça-feira,07:50:00,SC,116,"208,6",PONTE ALTA,Reação tardia ou ineficiente do condutor,Saída de leito carroçável,Com Vítimas Feridas,Pleno dia,Crescente,Céu Claro,Simples,Curva;Aclive,Não,4,0,1,0,3,0,1,1,-27.492085,-50.374403,SPRF-SC,DEL05-SC,UOP03-DEL05-SC,2025
"701793,0",2025-07-01,terça-feira,09:45:00,SC,470,"138,2",RIO DO SUL,Acessar a via sem observar a presença dos outros veículos,Colisão transversal,Com Vítimas Feridas,Pleno dia,Crescente,Nublado,Simples,Interseção de Vias;Reta,Sim,2,0,1,0,1,0,1,2,-27.19392883,-49.62418048,SPRF-SC,DEL04-SC,UOP02-DEL04-SC,2025
"701826,0",2025-07-01,terça-feira,17:20:00,SC,470,"45,0",GASPAR,Ausência de reação do condutor,Colisão transversal,Com Vítimas Feridas,Pleno dia,Crescente,Nublado,Simples,Reta;Em Obras,Não,2,0,1,0,1,0,1,2,-26.86607968,-49.03230278,SPRF-SC,DEL04-SC,UOP01-DEL04-SC,2025
"701830,0",2025-07-01,terça-feira,14:40:00,SC,470,"118,9",IBIRAMA,Ausência de reação do condutor,Tombamento,Com Vítimas Feridas,Pleno dia,Decrescente,Nublado,Simples,Declive;Curva,Sim,1,0,1,0,0,0,1,1,-27.08345,-49.52,SPRF-SC,DEL04-SC,UOP02-DEL04-SC,2025
"701842,0",2025-07-01,terça-feira,18:45:00,SC,280,"5,5",SAO FRANCISCO DO SUL,Manobra de mudança de faixa,Colisão lateral mesmo sentido,Com Vítimas Feridas,Plena Noite,Crescente,Céu Claro,Simples,Interseção de Vias,Não,2,0,1,0,1,0,1,2,-26.262894,-48.629761,SPRF-SC,DEL03-SC,UOP03-DEL03-SC,2025
"701844,0",2025-07-01,terça-feira,19:30:00,SC,101,"207,3",SAO JOSE,Reação tardia ou ineficiente do condutor,Queda de ocupante de veículo,Com Vítimas Feridas,Plena Noite,Decrescente,Ignorado,Múltipla,Declive;Reta,Sim,2,0,1,0,1,0,1,2,-27.60132227,-48.62483852,SPRF-SC,DEL01-SC,UOP01-DEL01-SC,2025
"701910,0",2025-07-01,terça-feira,18:30:00,SC,480,"127,0",CHAPECO,Ultrapassagem Indevida,Colisão frontal,Com Vítimas Feridas,Plena Noite,Crescente,Céu Claro,Simples,Reta,Sim,3,0,0,1,1,1,1,3,-27.04359353,-52.63587926,SPRF-SC,DEL07-SC,UOP01-DEL07-SC,2025
"701954,0",2025-07-02,quarta-feira,07:50:00,SC,282,"335,5",CAMPOS NOVOS,Pista Escorregadia,Colisão frontal,Com Vítimas Feridas,Amanhecer,Decrescente,Nevoeiro/Neblina,Simples,Reta;Declive,Não,2,0,0,2,0,0,2,2,-27.39226892,-51.15848064,SPRF-SC,DEL07-SC,UOP06-DEL07-SC,2025
"701963,0",2025-07-02,quarta-feira,11:01:00,SC,282,"1,0",FLORIANOPOLIS,Ausência de reação do condutor,Engavetamento,Com Vítimas Feridas,Pleno dia,Crescente,Sol,Dupla,Reta,Sim,7,0,4,0,3,0,4,5,-27.60253333,-48.57999802,SPRF-SC,DEL01-SC,UOP01-DEL01-SC,2025
"701985,0",2025-06-30,segunda-feira,12:25:00,SC,101,"137,6",BALNEARIO CAMBORIU,Acessar a via sem observar a presença dos outros veículos,Colisão transversal,Com Vítimas Feridas,Pleno dia,Crescente,Chuva,Simples,Interseção de Vias,Sim,3,0,1,0,2,0,1,2,-27.01942,-48.60999,SPRF-SC,DEL04-SC,UOP03-DEL04-SC,2025
"701995,0",2025-07-02,quarta-feira,14:30:00,SC,470,"39,6",GASPAR,Objeto estático sobre o leito carroçável,Colisão com objeto,Com Vítimas Feridas,Pleno dia,Crescente,Nublado,Dupla,Reta,Não,1,0,1,0,0,0,1,1,-26.89130555,-48.98880808,SPRF-SC,DEL04-SC,UOP01-DEL04-SC,2025
"702020,0",2025-07-02,quarta-feira,13:40:00,SC,280,"130,1",RIO NEGRINHO,Desrespeitar a preferência no cruzamento,Colisão transversal,Com Vítimas Feridas,Pleno dia,Decrescente,Chuva,Simples,Reta;Declive,Sim,3,0,2,0,1,0,2,2,-26.25384,-49.53362,SPRF-SC,DEL06-SC,UOP03-DEL06-SC,2025
"702050,0",2025-07-02,quarta-feira,18:40:00,SC,282,"500,8",XANXERE,Desrespeitar a preferência no cruzamento,Colisão transversal,Com Vítimas Feridas,Plena Noite,Decrescente,Céu Claro,Simples,Reta;Interseção de Vias,Sim,2,0,1,0,1,0,1,2,-26.8812865,-52.37490392,SPRF-SC,DEL07-SC,UOP01-DEL07-SC,2025
"702058,0",2025-07-02,quarta-feira,13:45:00,SC,282,"644,6",SAO MIGUEL DO OESTE,Reação tardia ou ineficiente do condutor,Saída de leito carroçável,Com Vítimas Feridas,Pleno dia,Crescente,Céu Claro,Simples,Aclive;Curva,Não,1,0,1,0,0,0,1,1,-26.76504268,-53.48782787,SPRF-SC,DEL07-SC,UOP03-DEL07-SC,2025
"702106,0",2025-07-03,quinta-feira,04:20:00,SC,163,"66,0",SAO MIGUEL DO OESTE,Desrespeitar a preferência no cruzamento,Colisão transversal,Com Vítimas Feridas,Plena Noite,Decrescente,Céu Claro,Dupla,Rotatória,Sim,2,0,1,0,1,0,1,2,-26.76097391,-53.50059307,SPRF-SC,DEL07-SC,UOP03-DEL07-SC,2025
"702129,0",2025-07-03,quinta-feira,07:20:00,SC,101,"143,7",ITAPEMA,Avarias e/ou desgaste excessivo no pneu,Tombamento,Com Vítimas Feridas,Pleno dia,Crescente,Céu Claro,Dupla,Reta,Sim,1,0,1,0,0,0,1,1,-27.07145465,-48.59588591,SPRF-SC,DEL04-SC,UOP03-DEL04-SC,2025