id,data_inversa,dia_semana,horario,uf,br,km,municipio,causa_acidente,tipo_acidente,classificacao_acidente,fase_dia,sentido_via,condicao_metereologica,tipo_pista,tracado_via,uso_solo,pessoas,mortos,feridos_leves,feridos_graves,ilesos,ignorados,feridos,veiculos,latitude,longitude,regional,delegacia,uop,ano_arquivo
"702968,0",2025-07-06,domingo,18:00:00,SC,282,"28,0",SANTO AMARO DA IMPERATRIZ,Ingestão de álcool pelo condutor,Colisão frontal,Com Vítimas Feridas,Plena Noite,Crescente,Céu Claro,Simples,Reta,Sim,3,0,2,1,0,0,3,2,-27.676395,-48.782113,SPRF-SC,DEL01-SC,UOP03-DEL01-SC,2025
"702995,0",2025-07-06,domingo,17:25:00,SC,101,"117,3",ITAJAI,Velocidade Incompatível,Colisão lateral mesmo sentido,Sem Vítimas,Pleno dia,Crescente,Céu Claro,Múltipla,Reta,Sim,2,0,0,0,2,0,0,2,-26.88495808,-48.72323761,SPRF-SC,DEL04-SC,UOP04-DEL04-SC,2025
"703001,0",2025-07-06,domingo,12:40:00,SC,282,"608,0",MARAVILHA,Acessar a via sem observar a presença dos outros veículos,Colisão transversal,Com Vítimas Feridas,Pleno dia,Crescente,Céu Claro,Simples,Reta,Não,2,0,1,0,1,0,1,2,-26.7641002,-53.21771979,SPRF-SC,DEL07-SC,UOP02-DEL07-SC,2025
"703003,0",2025-07-06,domingo,18:00:00,SC,282,"259,7",SAO JOSE DO CERRITO,Ultrapassagem Indevida,Colisão lateral sentido oposto,Com Vítimas Feridas,Anoitecer,Crescente,Céu Claro,Simples,Reta,Sim,2,0,0,1,1,0,1,2,-27.63959547,-50.597185,SPRF-SC,DEL05-SC,UOP02-DEL05-SC,2025
"703008,0",2025-07-06,domingo,18:00:00,SC,282,"83,7",ALFREDO WAGNER,Reação tardia ou ineficiente do condutor,Colisão transversal,Com Vítimas Feridas,Plena Noite,Crescente,Céu Claro,Simples,Reta,Não,6,0,0,4,2,0,4,3,-27.6722787,-49.20776367,SPRF-SC,DEL01-SC,UOP03-DEL01-SC,2025
"703009,0",2025-07-06,domingo,17:35:00,SC,470,"64,0",INDAIAL,Conversão proibida,Colisão transversal,Com Vítimas Feridas,Anoitecer,Crescente,Nublado,Simples,Reta,Sim,2,0,1,0,1,0,1,2,-26.8697931,-49.20209734,SPRF-SC,DEL04-SC,UOP01-DEL04-SC,2025
"703011,0",2025-07-06,domingo,21:50:00,SC,101,"140,5",BALNEARIO CAMBORIU,Reação tardia ou ineficiente do condutor,Colisão com objeto,Com Vítimas Feridas,Plena Noite,Decrescente,Nublado,Dupla,Reta;Túnel,Sim,1,0,0,1,0,0,1,1,-27.04433,-48.59988,SPRF-SC,DEL04-SC,UOP03-DEL04-SC,2025
"703012,0",2025-07-06,domingo,18:50:00,SC,116,"137,5",SANTA CECILIA,Ausência de reação do condutor,Colisão com objeto,Com Vítimas Feridas,Plena Noite,Crescente,Céu Claro,Simples,Curva,Não,3,0,3,0,0,0,3,1,-26.947425,-50.429006,SPRF-SC,DEL06-SC,UOP02-DEL06-SC,2025
"703015,0",2025-07-06,domingo,20:30:00,SC,470,"90,0",ASCURRA,Acessar a via sem observar a presença dos outros veículos,Colisão transversal,Com Vítimas Feridas,Plena Noite,Crescente,Céu Claro,Simples,Rotatória,Sim,2,0,1,0,0,1,1,2,-26.96205771,-49.37103208,SPRF-SC,DEL04-SC,UOP01-DEL04-SC,2025
"703017,0",2025-07-06,domingo,18:45:00,SC,101,"204,0",SAO JOSE,Ingestão de álcool pelo condutor,Colisão lateral mesmo sentido,Sem Vítimas,Plena Noite,Decrescente,Céu Claro,Múltipla,Reta;Interseção de Vias,Sim,2,0,0,0,2,0,0,2,-27.58343735,-48.61517636,SPRF-SC,DEL01-SC,UOP01-DEL01-SC,2025
"703018,0",2025-07-06,domingo,21:10:00,SC,282,"533,2",CORDILHEIRA ALTA,Ingestão de álcool pelo condutor,Colisão com objeto,Sem Vítimas,Plena Noite,Crescente,Céu Claro,Simples,Aclive;Curva,Não,1,0,0,0,1,0,0,1,-26.99503025,-52.62732837,SPRF-SC,DEL07-SC,UOP01-DEL07-SC,2025
"703023,0",2025-07-06,domingo,18:15:00,SC,101,"208,6",SAO JOSE,Reação tardia ou ineficiente do condutor,Colisão traseira,Sem Vítimas,Anoitecer,Decrescente,Céu Claro,Simples,Reta,Sim,5,0,0,0,5,0,0,3,-27.60766,-48.63624,SPRF-SC,DEL01-SC,UOP01-DEL01-SC,2025
"703026,0",2025-07-06,domingo,21:00:00,SC,116,"167,6",PONTE ALTA DO NORTE,Ausência de reação do condutor,Saída de leito carroçável,Sem Vítimas,Plena Noite,Crescente,Céu Claro,Simples,Reta,Sim,1,0,0,0,1,0,0,1,-27.17341,-50.46359,SPRF-SC,DEL05-SC,UOP03-DEL05-SC,2025
"703034,0",2025-07-06,domingo,21:30:00,SC,282,"398,7",JOACABA,Velocidade Incompatível,Saída de leito carroçável,Com Vítimas Fatais,Plena Noite,Crescente,Céu Claro,Simples,Aclive;Reta,Não,1,1,0,0,0,0,0,1,-27.1454761,-51.6130133,SPRF-SC,DEL07-SC,UOP05-DEL07-SC,2025
"703035,0",2025-07-06,domingo,22:35:00,SC,101,"132,7",BALNEARIO CAMBORIU,Acessar a via sem observar a presença dos outros veículos,Colisão traseira,Com Vítimas Feridas,Plena Noite,Decrescente,Céu Claro,Dupla,Reta;Declive;Interseção de Vias,Sim,2,0,1,0,1,0,1,2,-26.99843,-48.64833,SPRF-SC,DEL04-SC,UOP03-DEL04-SC,2025
"703052,0",2025-07-07,segunda-feira,00:00:00,SC,101,"200,5",SAO JOSE,Pedestre andava na pista,Atropelamento de Pedestre,Com Vítimas Fatais,Plena Noite,Crescente,Céu Claro,Múltipla,Reta;Aclive,Sim,2,1,0,0,0,1,0,2,-27.5444173,-48.620612,SPRF-SC,DEL01-SC,UOP01-DEL01-SC,2025
"703089,0",2025-07-07,segunda-feira,08:00:00,SC,101,"201,5",SAO JOSE,Condutor deixou de manter distância do veículo da frente,Queda de ocupante de veículo,Com Vítimas Feridas,Pleno dia,Crescente,Céu Claro,Múltipla,Reta,Não,1,0,1,0,0,0,1,1,-27.553287,-48.619552,SPRF-SC,DEL01-SC,UOP01-DEL01-SC,2025
"703094,0",2025-07-07,segunda-feira,08:10:00,SC,280,"30,6",ARAQUARI,Acessar a via sem observar a presença dos outros veículos,Colisão transversal,Com Vítimas Feridas,Pleno dia,Decrescente,Céu Claro,Simples,Reta,Não,2,0,1,0,1,0,1,2,-26.41482191,-48.76480071,SPRF-SC,DEL03-SC,UOP03-DEL03-SC,2025
"703110,0",2025-07-07,segunda-feira,08:20:00,SC,470,"115,0",IBIRAMA,Conversão proibida,Colisão traseira,Com Vítimas Feridas,Pleno dia,Crescente,Nublado,Simples,Curva,Não,3,0,1,1,1,0,2,2,-27.07890649,-49.49027002,SPRF-SC,DEL04-SC,UOP02-DEL04-SC,2025
"703149,0",2025-07-07,segunda-feira,11:30:00,SC,280,"27,7",ARAQUARI,Condutor usando celular,Colisão traseira,Com Vítimas Feridas,Pleno dia,Decrescente,Céu Claro,Simples,Reta,Sim,2,0,1,0,1,0,1,2,-26.4066947,-48.7485038,SPRF-SC,DEL03-SC,UOP03-DEL03-SC,2025
"703175,0",2025-07-07,segunda-feira,14:45:00,SC,101,"324,9",CAPIVARI DE BAIXO,Desrespeitar a preferência no cruzamento,Colisão lateral sentido oposto,Com Vítimas Feridas,Pleno dia,Decrescente,Sol,Múltipla,Interseção de Vias,Sim,3,0,2,0,1,0,2,2,-28.42565589,-48.94337486,SPRF-SC,DEL02-SC,UOP01-DEL02-SC,2025
"703182,0",2025-07-07,segunda-feira,15:20:00,SC,101,"200,5",SAO JOSE,Pedestre andava na pista,Atropelamento de Pedestre,Com Vítimas Feridas,Pleno dia,Decrescente,Céu Claro,Múltipla,Reta,Sim,4,0,1,0,2,1,1,2,-27.550329,-48.619578,SPRF-SC,DEL01-SC,UOP01-DEL01-SC,2025
"703186,0",2025-07-07,segunda-feira,15:45:00,SC,101,"202,1",SAO JOSE,Manobra de mudança de faixa,Colisão lateral mesmo sentido,Com Vítimas Feridas,Pleno dia,Decrescente,Céu Claro,Múltipla,Reta,Não,3,0,1,0,2,0,1,2,-27.55725823,-48.61869371,SPRF-SC,DEL01-SC,UOP01-DEL01-SC,2025
"703211,0",2025-07-07,segunda-feira,17:46:00,SC,280,"24,0",ARAQUARI,Transitar na contramão,Colisão transversal,Com Vítimas Feridas,Plena Noite,Crescente,Céu Claro,Simples,Reta,Não,2,0,0,1,1,0,1,2,-26.379263,-48.72213,SPRF-SC,DEL03-SC,UOP03-DEL03-SC,2025
"703215,0",2025-07-07,segunda-feira,17:00:00,SC,101,"59,2",ARAQUARI,Ausência de reação do condutor,Colisão com objeto,Com Vítimas Feridas,Pleno dia,Crescente,Céu Claro,Dupla,Curva,Sim,1,0,1,0,0,0,1,1,-26.44931637,-48.78749069,SPRF-SC,DEL03-SC,UOP02-DEL03-SC,2025
"703226,0",2025-07-07,segunda-feira,12:50:00,SC,470,"53,0",BLUMENAU,Acessar a via sem observar a presença dos outros veículos,Colisão transversal,Com Vítimas Feridas,Pleno dia,Crescente,Céu Claro,Simples,Interseção de Vias,Sim,3,0,1,0,2,0,1,2,-26.88262447,-49.14166197,SPRF-SC,DEL04-SC,UOP01-DEL04-SC,2025
"703234,0",2025-07-07,segunda-feira,19:20:00,SC,280,"29,6",ARAQUARI,Ultrapassagem Indevida,Colisão transversal,Com Vítimas Feridas,Plena Noite,Decrescente,Nevoeiro/Neblina,Simples,Reta,Não,3,0,1,0,2,0,1,2,-26.41332729,-48.75826534,SPRF-SC,DEL03-SC,UOP03-DEL03-SC,2025
"703239,0",2025-07-07,segunda-feira,18:30:00,SC,116,"59,8",PAPANDUVA,Acessar a via sem observar a presença dos outros veículos,Colisão transversal,Com Vítimas Feridas,Plena Noite,Crescente,Céu Claro,Simples,Reta;Interseção de Vias,Não,3,0,2,0,1,0,2,2,-26.381896,-50.215149,SPRF-SC,DEL06-SC,UOP02-DEL06-SC,2025
"703245,0",2025-07-07,segunda-feira,19:50:00,SC,101,"136,0",BALNEARIO CAMBORIU,Reação tardia ou ineficiente do condutor,Colisão traseira,Com Vítimas Feridas,Plena Noite,Decrescente,Céu Claro,Simples,Reta,Sim,2,0,0,1,1,0,1,2,-27.00866896,-48.61584252,SPRF-SC,DEL04-SC,UOP03-DEL04-SC,2025
"703276,0",2025-07-08,terça-feira,00:50:00,SC,153,"99,0",CONCORDIA,Animais na Pista,Atropelamento de Animal,Com Vítimas Feridas,Plena Noite,Crescente,Céu Claro,Simples,Reta,Sim,2,0,1,1,0,0,2,1,-27.2432073,-51.9510932,SPRF-SC,DEL07-SC,UOP04-DEL07-SC,2025
"703278,0",2025-07-08,terça-feira,01:10:00,SC,101,"208,0",SAO JOSE,Reação tardia ou ineficiente do condutor,Colisão traseira,Com Vítimas Feridas,Plena Noite,Crescente,Céu Claro,Múltipla,Reta,Sim,3,0,1,0,2,0,1,2,-27.60210028,-48.62888781,SPRF-SC,DEL01-SC,UOP01-DEL01-SC,2025
"703290,0",2025-07-08,terça-feira,06:00:00,SC,101,"209,0",SAO JOSE,Acesso irregular,Colisão transversal,Com Vítimas Feridas,Pleno dia,Decrescente,Céu Claro,Múltipla,Reta,Sim,4,0,0,2,2,0,2,2,-27.610248,-48.638921,SPRF-SC,DEL01-SC,UOP01-DEL01-SC,2025
"703296,0",2025-07-08,terça-feira,06:50:00,SC,280,"122,9",SAO BENTO DO SUL,Acessar a via sem observar a presença dos outros veículos,Colisão traseira,Com Vítimas Feridas,Pleno dia,Crescente,Nevoeiro/Neblina,Simples,Reta;Interseção de Vias,Sim,2,0,0,1,1,0,1,2,-26.244328,-49.465168,SPRF-SC,DEL06-SC,UOP03-DEL06-SC,2025
"703306,0",2025-07-08,terça-feira,07:58:00,SC,280,"28,4",ARAQUARI,Transitar na contramão,Colisão transversal,Com Vítimas Feridas,Pleno dia,Crescente,Céu Claro,Simples,Reta,Sim,2,0,0,1,1,0,1,2,-26.407325,-48.7487,SPRF-SC,DEL03-SC,UOP03-DEL03-SC,2025
"703309,0",2025-07-07,segunda-feira,21:30:00,SC,470,"57,0",BLUMENAU,Ausência de reação do condutor,Colisão lateral mesmo sentido,Com Vítimas Feridas,Plena Noite,Decrescente,Céu Claro,Simples,Reta;Em Obras,Não,2,0,0,2,0,0,2,2,-26.87876407,-49.13367774,SPRF-SC,DEL04-SC,UOP01-DEL04-SC,2025
"703313,0",2025-07-08,terça-feira,06:45:00,SC,163,"68,0",SAO MIGUEL DO OESTE,Ausência de reação do condutor,Colisão traseira,Com Vítimas Feridas,Amanhecer,Crescente,Céu Claro,Dupla,Retorno Regulamentado,Sim,2,0,1,0,1,0,1,2,-26.74227881,-53.50106762,SPRF-SC,DEL07-SC,UOP03-DEL07-SC,2025
"703333,0",2025-07-08,terça-feira,09:34:00,SC,282,"3,5",FLORIANOPOLIS,Trafegar com motocicleta (ou similar) entre as faixas,Colisão lateral mesmo sentido,Com Vítimas Feridas,Pleno dia,Decrescente,Céu Claro,Múltipla,Reta,Sim,2,0,1,0,1,0,1,2,-27.5928227,-48.60376088,SPRF-SC,DEL01-SC,UOP01-DEL01-SC,2025
"703358,0",2025-07-08,terça-feira,12:15:00,SC,101,"197,8",BIGUACU,Reação tardia ou ineficiente do condutor,Colisão traseira,Com Vítimas Feridas,Pleno dia,Crescente,Céu Claro,Múltipla,Reta,Não,2,0,2,0,0,0,2,2,-27.525031,-48.636187,SPRF-SC,DEL01-SC,UOP01-DEL01-SC,2025
"703359,0",2025-06-18,quarta-feira,21:30:00,SC,282,"36,8",AGUAS MORNAS,Condutor deixou de manter distância do veículo da frente,Colisão lateral mesmo sentido,Com Vítimas Feridas,Plena Noite,Decrescente,Nublado,Simples,Reta,Não,3,0,0,1,2,0,1,2,-27.70676,-48.84093,SPRF-SC,DEL01-SC,UOP03-DEL01-SC,2025
"703371,0",2025-07-08,terça-feira,13:04:00,SC,280,"31,0",ARAQUARI,Acessar a via sem observar a presença dos outros veículos,Colisão transversal,Com Vítimas Feridas,Pleno dia,Crescente,Céu Claro,Simples,Reta,Sim,2,0,1,0,1,0,1,2,-26.413225,-48.758316,SPRF-SC,DEL03-SC,UOP03-DEL03-SC,2025
"703373,0",2025-07-08,terça-feira,13:30:00,SC,101,"200,8",SAO JOSE,Condutor deixou de manter distância do veículo da frente,Colisão traseira,Com Vítimas Feridas,Pleno dia,Crescente,Céu Claro,Dupla,Reta,Sim,2,0,1,0,1,0,1,2,-27.54636639,-48.6199522,SPRF-SC,DEL01-SC,UOP01-DEL01-SC,2025
"703375,0",2025-07-04,sexta-feira,18:15:00,SC,116,"218,1",CORREIA PINTO,Acessar a via sem observar a presença dos outros veículos,Colisão transversal,Com Vítimas Feridas,Anoitecer,Crescente,Nublado,Simples,Reta,Sim,5,0,3,0,2,0,3,2,-27.56407739,-50.37522197,SPRF-SC,DEL05-SC,UOP03-DEL05-SC,2025
"703395,0",2025-07-08,terça-feira,14:20:00,SC,101,"234,4",PALHOCA,Velocidade Incompatível,Colisão traseira,Com Vítimas Feridas,Pleno dia,Crescente,Céu Claro,Múltipla,Reta;Declive,Não,2,0,1,0,1,0,1,2,-27.80641477,-48.63870017,SPRF-SC,DEL01-SC,UOP02-DEL01-SC,2025
"703403,0",2025-07-08,terça-feira,14:00:00,SC,280,"25,9",ARAQUARI,Transitar na contramão,Colisão transversal,Com Vítimas Feridas,Pleno dia,Decrescente,Céu Claro,Simples,Reta,Não,3,0,1,1,1,0,2,2,-26.388852,-48.73311,SPRF-SC,DEL03-SC,UOP03-DEL03-SC,2025
"703406,0",2025-07-08,terça-feira,12:25:00,SC,101,"400,2",MARACAJA,Desrespeitar a preferência no cruzamento,Colisão transversal,Sem Vítimas,Pleno dia,Decrescente,Céu Claro,Múltipla,Interseção de Vias;Viaduto,Sim,2,0,0,0,2,0,0,2,-28.86622805,-49.44804065,SPRF-SC,DEL02-SC,UOP02-DEL02-SC,2025
"703413,0",2025-07-08,terça-feira,13:05:00,SC,101,"271,0",PAULO LOPES,Ausência de reação do condutor,Saída de leito carroçável,Com Vítimas Feridas,Pleno dia,Crescente,Sol,Dupla,Reta,Não,1,0,1,0,0,0,1,1,-28.082176,-48.709632,SPRF-SC,DEL02-SC,UOP03-DEL02-SC,2025
"703416,0",2025-07-08,terça-feira,16:30:00,SC,280,"24,0",ARAQUARI,Acessar a via sem observar a presença dos outros veículos,Colisão transversal,Com Vítimas Feridas,Pleno dia,Decrescente,Céu Claro,Simples,Reta,Sim,2,0,1,0,1,0,1,2,-26.375405,-48.717472,SPRF-SC,DEL03-SC,UOP03-DEL03-SC,2025
"703425,0",2025-07-08,terça-feira,17:10:00,SC,470,"141,0",RIO DO SUL,Objeto estático sobre o leito carroçável,Colisão com objeto,Com Vítimas Feridas,Pleno dia,Crescente,Sol,Simples,Reta,Não,2,0,2,0,0,0,2,1,-27.21128704,-49.65161416,SPRF-SC,DEL04-SC,UOP02-DEL04-SC,2025
"703430,0",2025-07-08,terça-feira,17:40:00,SC,101,"205,0",SAO JOSE,Condutor deixou de manter distância do veículo da frente,Colisão transversal,Sem Vítimas,Anoitecer,Crescente,Céu Claro,Dupla,Curva;Interseção de Vias,Sim,2,0,0,0,1,1,0,2,-27.58355,-48.615502,SPRF-SC,DEL01-SC,UOP01-DEL01-SC,2025
"703431,0",2025-07-08,terça-feira,18:10:00,SC,282,"15,6",PALHOCA,Acessar a via sem observar a presença dos outros veículos,Colisão transversal,Com Vítimas Feridas,Plena Noite,Crescente,Céu Claro,Simples,Interseção de Vias,Não,2,0,1,1,0,0,2,2,-27.655477,-48.679578,SPRF-SC,DEL01-SC,UOP02-DEL01-SC,2025
"703436,0",2025-07-08,terça-feira,12:00:00,SC,282,"230,0",LAGES,Animais na Pista,Atropelamento de Animal,Sem Vítimas,Pleno dia,Crescente,Nublado,Simples,Reta,Não,1,0,0,0,1,0,0,1,-27.7882034,-50.4290071,SPRF-SC,DEL05-SC,UOP02-DEL05-SC,2025
"703439,0",2025-07-08,terça-feira,18:30:00,SC,153,"94,3",CONCORDIA,Acesso irregular,Colisão frontal,Com Vítimas Feridas,Plena Noite,Crescente,Céu Claro,Simples,Curva,Não,2,0,1,0,1,0,1,2,-27.20341,-51.94869,SPRF-SC,DEL07-SC,UOP04-DEL07-SC,2025
"703443,0",2025-07-08,terça-feira,18:50:00,SC,101,"333,0",TUBARAO,Reação tardia ou ineficiente do condutor,Queda de ocupante de veículo,Com Vítimas Feridas,Plena Noite,Decrescente,Céu Claro,Dupla,Reta,Sim,3,0,1,0,2,0,1,2,-28.46766046,-49.00509445,SPRF-SC,DEL02-SC,UOP01-DEL02-SC,2025
"703457,0",2025-07-08,terça-feira,17:40:00,SC,116,"250,0",LAGES,Suicídio (presumido),Colisão com objeto,Com Vítimas Feridas,Pleno dia,Decrescente,Nublado,Simples,Curva,Não,1,0,1,0,0,0,1,1,-27.8484869,-50.37991047,SPRF-SC,DEL05-SC,UOP02-DEL05-SC,2025
"703468,0",2025-07-08,terça-feira,21:15:00,SC,101,"205,3",SAO JOSE,Reação tardia ou ineficiente do condutor,Tombamento,Com Vítimas Feridas,Plena Noite,Crescente,Nublado,Múltipla,Curva,Sim,1,0,1,0,0,0,1,1,-27.5880236,-48.61793518,SPRF-SC,DEL01-SC,UOP01-DEL01-SC,2025
"703476,0",2025-07-08,terça-feira,17:20:00,SC,280,"52,6",GUARAMIRIM,Acessar a via sem observar a presença dos outros veículos,Colisão transversal,Com Vítimas Feridas,Anoitecer,Decrescente,Céu Claro,Simples,Interseção de Vias;Reta;Rotatória,Não,3,0,2,0,1,0,2,2,-26.471472,-48.971027,SPRF-SC,DEL03-SC,UOP03-DEL03-SC,2025
"703494,0",2025-07-08,terça-feira,23:40:00,SC,470,"134,0",RIO DO SUL,Reação tardia ou ineficiente do condutor,Saída de leito carroçável,Com Vítimas Feridas,Plena Noite,Crescente,Céu Claro,Simples,Rotatória,Não,2,0,0,1,1,0,1,1,-27.1892558,-49.61825562,SPRF-SC,DEL04-SC,UOP02-DEL04-SC,2025
"703545,0",2025-07-09,quarta-feira,09:00:00,SC,470,"67,6",INDAIAL,Ausência de reação do condutor,Colisão transversal,Com Vítimas Feridas,Pleno dia,Decrescente,Céu Claro,Simples,Interseção de Vias,Sim,2,0,1,0,1,0,1,2,-26.87573966,-49.2356097,SPRF-SC,DEL04-SC,UOP01-DEL04-SC,2025
"703546,0",2025-07-09,quarta-feira,08:31:00,SC,101,"136,0",BALNEARIO CAMBORIU,Acessar a via sem observar a presença dos outros veículos,Colisão traseira,Com Vítimas Feridas,Pleno dia,Decrescente,Céu Claro,Simples,Reta;Interseção de Vias,Sim,2,0,1,0,1,0,1,2,-27.0095885,-48.61520898,SPRF-SC,DEL04-SC,UOP03-DEL04-SC,2025
"703629,0",2025-07-09,quarta-feira,17:00:00,SC,280,"28,4",ARAQUARI,Condutor deixou de manter distância do veículo da frente,Colisão traseira,Sem Vítimas,Pleno dia,Crescente,Nublado,Simples,Reta,Não,2,0,0,0,2,0,0,2,-26.407475,-48.748995,SPRF-SC,DEL03-SC,UOP03-DEL03-SC,2025
"703633,0",2025-07-09,quarta-feira,17:30:00,SC,280,"23,7",ARAQUARI,Acessar a via sem observar a presença dos outros veículos,Colisão transversal,Com Vítimas Feridas,Plena Noite,Crescente,Céu Claro,Simples,Reta,Sim,2,0,1,0,1,0,1,2,-26.37562658,-48.71754169,SPRF-SC,DEL03-SC,UOP03-DEL03-SC,2025
"703642,0",2025-07-09,quarta-feira,17:50:00,SC,101,"116,0",ITAJAI,Reação tardia ou ineficiente do condutor,Colisão traseira,Com Vítimas Feridas,Anoitecer,Decrescente,Céu Claro,Dupla,Reta,Sim,2,0,1,0,1,0,1,2,-26.87971958,-48.72579906,SPRF-SC,DEL04-SC,UOP04-DEL04-SC,2025
"703650,0",2025-07-09,quarta-feira,18:40:00,SC,101,"212,8",PALHOCA,Trafegar com motocicleta (ou similar) entre as faixas,Colisão lateral mesmo sentido,Com Vítimas Feridas,Plena Noite,Crescente,Céu Claro,Dupla,Reta,Sim,2,0,1,0,1,0,1,2,-27.634872,-48.663783,SPRF-SC,DEL01-SC,UOP02-DEL01-SC,2025
"703651,0",2025-07-09,quarta-feira,18:40:00,SC,282,"16,3",PALHOCA,Acessar a via sem observar a presença dos outros veículos,Colisão transversal,Com Vítimas Feridas,Plena Noite,Decrescente,Céu Claro,Simples,Reta;Interseção de Vias,Sim,2,0,0,1,1,0,1,2,-27.6618252,-48.684626,SPRF-SC,DEL01-SC,UOP02-DEL01-SC,2025
"703654,0",2025-07-09,quarta-feira,19:25:00,SC,101,"119,6",ITAJAI,Reação tardia ou ineficiente do condutor,Colisão traseira,Com Vítimas Feridas,Plena Noite,Decrescente,Céu Claro,Múltipla,Reta,Sim,2,0,1,0,1,0,1,2,-26.9255487,-48.7061056,SPRF-SC,DEL04-SC,UOP04-DEL04-SC,2025
"703658,0",2025-07-09,quarta-feira,18:30:00,SC,282,"586,0",PINHALZINHO,Acumulo de óleo sobre o pavimento,Queda de ocupante de veículo,Com Vítimas Feridas,Anoitecer,Decrescente,Céu Claro,Simples,Curva,Não,1,0,1,0,0,0,1,1,-26.832248,-53.022066,SPRF-SC,DEL07-SC,UOP02-DEL07-SC,2025
"703659,0",2025-07-09,quarta-feira,19:40:00,SC,280,"24,3",ARAQUARI,Acessar a via sem observar a presença dos outros veículos,Colisão transversal,Com Vítimas Feridas,Plena Noite,Crescente,Nublado,Simples,Reta,Não,2,0,1,0,1,0,1,2,-26.379418,-48.721937,SPRF-SC,DEL03-SC,UOP03-DEL03-SC,2025
"703660,0",2025-07-09,quarta-feira,17:50:00,SC,282,"584,4",PINHALZINHO,Acumulo de óleo sobre o pavimento,Tombamento,Com Vítimas Feridas,Anoitecer,Decrescente,Céu Claro,Simples,Curva;Aclive,Não,2,0,1,1,0,0,2,1,-26.83228734,-53.02164862,SPRF-SC,DEL07-SC,UOP02-DEL07-SC,2025
"703677,0",2025-07-09,quarta-feira,20:10:00,SC,101,"113,0",ITAJAI,Transitar na contramão,Colisão transversal,Com Vítimas Feridas,Plena Noite,Decrescente,Céu Claro,Dupla,Reta,Sim,2,0,2,0,0,0,2,2,-26.85883957,-48.72719765,SPRF-SC,DEL04-SC,UOP04-DEL04-SC,2025
"703678,0",2025-07-09,quarta-feira,20:00:00,SC,470,"64,9",INDAIAL,Condutor deixou de manter distância do veículo da frente,Colisão traseira,Com Vítimas Feridas,Plena Noite,Decrescente,Ignorado,Simples,Desvio Temporário;Curva;Em Obras,Não,2,0,0,1,1,0,1,2,-26.87037256,-49.21139002,SPRF-SC,DEL04-SC,UOP01-DEL04-SC,2025
"703680,0",2025-07-09,quarta-feira,18:30:00,SC,282,"1,5",FLORIANOPOLIS,Reação tardia ou ineficiente do condutor,Colisão traseira,Com Vítimas Feridas,Plena Noite,Crescente,Nublado,Múltipla,Reta,Sim,3,0,0,1,2,0,1,3,-27.603564,-48.585279,SPRF-SC,DEL01-SC,UOP01-DEL01-SC,2025
"703684,0",2025-05-09,sexta-feira,17:18:00,SC,282,"560,0",NOVA ITABERABA,Transitar na contramão,Colisão frontal,Com Vítimas Feridas,Anoitecer,Decrescente,Chuva,Simples,Reta,Não,3,0,1,0,2,0,1,2,-26.95745527,-52.77272925,SPRF-SC,DEL07-SC,UOP01-DEL07-SC,2025
"703701,0",2025-07-09,quarta-feira,19:00:00,SC,101,"435,5",SOMBRIO,Ausência de reação do condutor,Atropelamento de Pedestre,Com Vítimas Feridas,Plena Noite,Decrescente,Céu Claro,Múltipla,Rotatória,Sim,2,0,0,1,1,0,1,2,-29.11144522,-49.63820156,SPRF-SC,DEL02-SC,UOP02-DEL02-SC,2025
"703704,0",2025-07-09,quarta-feira,22:10:00,SC,101,"215,0",PALHOCA,Acessar a via sem observar a presença dos outros veículos,Colisão traseira,Com Vítimas Feridas,Plena Noite,Crescente,Céu Claro,Dupla,Reta,Sim,2,0,1,0,1,0,1,2,-27.65384191,-48.67795367,SPRF-SC,DEL01-SC,UOP02-DEL01-SC,2025
"703711,0",2025-07-09,quarta-feira,23:15:00,SC,101,"208,0",SAO JOSE,Avarias e/ou desgaste excessivo no pneu,Tombamento,Com Vítimas Feridas,Plena Noite,Crescente,Céu Claro,Múltipla,Curva,Sim,2,0,1,1,0,0,2,1,-27.603146,-48.631812,SPRF-SC,DEL01-SC,UOP01-DEL01-SC,2025
"703713,0",2025-07-09,quarta-feira,23:00:00,SC,101,"417,5",ARARANGUA,Ingestão de álcool pelo condutor,Colisão traseira,Com Vítimas Feridas,Plena Noite,Crescente,Nublado,Múltipla,Reta,Sim,2,0,1,0,1,0,1,2,-28.981661,-49.538555,SPRF-SC,DEL02-SC,UOP02-DEL02-SC,2025
"703717,0",2025-07-10,quinta-feira,00:30:00,SC,101,"205,5",SAO JOSE,Condutor deixou de manter distância do veículo da frente,Colisão lateral mesmo sentido,Com Vítimas Feridas,Plena Noite,Crescente,Céu Claro,Dupla,Reta;Interseção de Vias,Sim,3,0,1,1,1,0,2,2,-27.5872,-48.6166,SPRF-SC,DEL01-SC,UOP01-DEL01-SC,2025