id,data_inversa,dia_semana,horario,uf,br,km,municipio,causa_acidente,tipo_acidente,classificacao_acidente,fase_dia,sentido_via,condicao_metereologica,tipo_pista,tracado_via,uso_solo,pessoas,mortos,feridos_leves,feridos_graves,ilesos,ignorados,feridos,veiculos,latitude,longitude,regional,delegacia,uop,ano_arquivo
"703736,0",2025-07-10,quinta-feira,02:00:00,SC,101,"127,0",CAMBORIU,Reação tardia ou ineficiente do condutor,Tombamento,Com Vítimas Feridas,Pleno dia,Decrescente,Céu Claro,Dupla,Curva,Não,1,0,0,1,0,0,1,1,-26.97217786,-48.68314236,SPRF-SC,DEL04-SC,UOP04-DEL04-SC,2025
"703764,0",2025-07-10,quinta-feira,07:40:00,SC,101,"431,1",SOMBRIO,Ausência de reação do condutor,Colisão traseira,Com Vítimas Feridas,Pleno dia,Crescente,Nevoeiro/Neblina,Simples,Reta,Sim,2,0,1,0,1,0,1,2,-29.0722834,-49.62720679,SPRF-SC,DEL02-SC,UOP02-DEL02-SC,2025
"703781,0",2025-07-10,quinta-feira,08:10:00,SC,280,"28,2",ARAQUARI,Conversão proibida,Colisão transversal,Com Vítimas Feridas,Pleno dia,Crescente,Nublado,Simples,Reta,Sim,2,0,1,0,0,1,1,2,-26.406352,-48.747726,SPRF-SC,DEL03-SC,UOP03-DEL03-SC,2025
"703820,0",2025-07-10,quinta-feira,14:10:00,SC,280,"52,0",GUARAMIRIM,Avarias e/ou desgaste excessivo no pneu,Tombamento,Com Vítimas Feridas,Pleno dia,Crescente,Nublado,Simples,Reta,Não,2,0,2,0,0,0,2,1,-26.465494,-48.955845,SPRF-SC,DEL03-SC,UOP03-DEL03-SC,2025
"703828,0",2025-07-10,quinta-feira,10:50:00,SC,282,"504,8",XANXERE,Reação tardia ou ineficiente do condutor,Tombamento,Com Vítimas Feridas,Pleno dia,Crescente,Céu Claro,Simples,Reta;Interseção de Vias,Sim,2,0,1,0,1,0,1,2,-26.88527436,-52.41429852,SPRF-SC,DEL07-SC,UOP01-DEL07-SC,2025
"703832,0",2025-07-10,quinta-feira,14:55:00,SC,282,"3,0",FLORIANOPOLIS,Reação tardia ou ineficiente do condutor,Colisão traseira,Com Vítimas Feridas,Pleno dia,Decrescente,Céu Claro,Múltipla,Reta,Não,2,0,1,0,1,0,1,2,-27.599283,-48.600289,SPRF-SC,DEL01-SC,UOP01-DEL01-SC,2025
"703837,0",2025-07-10,quinta-feira,15:00:00,SC,470,"46,9",BLUMENAU,Retorno proibido,Colisão transversal,Com Vítimas Feridas,Pleno dia,Decrescente,Nublado,Simples,Reta,Não,2,0,1,0,1,0,1,2,-26.86394536,-49.04543487,SPRF-SC,DEL04-SC,UOP01-DEL04-SC,2025
"703902,0",2025-07-10,quinta-feira,19:30:00,SC,101,"130,4",CAMBORIU,Acessar a via sem observar a presença dos outros veículos,Colisão transversal,Com Vítimas Feridas,Plena Noite,Crescente,Nublado,Simples,Reta,Sim,2,0,1,0,1,0,1,2,-26.986902,-48.666369,SPRF-SC,DEL04-SC,UOP03-DEL04-SC,2025
"703929,0",2025-07-10,quinta-feira,22:30:00,SC,101,"151,0",ITAPEMA,Ausência de reação do condutor,Colisão com objeto,Com Vítimas Feridas,Plena Noite,Decrescente,Nublado,Múltipla,Reta,Sim,1,0,1,0,0,0,1,1,-27.126536,-48.609642,SPRF-SC,DEL04-SC,UOP03-DEL04-SC,2025
"703931,0",2025-07-10,quinta-feira,22:40:00,SC,101,"211,5",PALHOCA,Reação tardia ou ineficiente do condutor,Tombamento,Com Vítimas Feridas,Plena Noite,Decrescente,Céu Claro,Simples,Aclive,Não,2,0,1,1,0,0,2,1,-27.627443,-48.655782,SPRF-SC,DEL01-SC,UOP02-DEL01-SC,2025
"703938,0",2025-07-10,quinta-feira,19:25:00,SC,153,"39,8",VARGEM BONITA,Ingestão de álcool pelo condutor,Saída de leito carroçável,Com Vítimas Feridas,Plena Noite,Decrescente,Céu Claro,Simples,Reta,Não,1,0,0,1,0,0,1,1,-26.846778,-51.747,SPRF-SC,DEL07-SC,UOP07-DEL07-SC,2025
"703942,0",2025-07-11,sexta-feira,01:20:00,SC,101,"347,1",JAGUARUNA,Pedestre andava na pista,Atropelamento de Pedestre,Com Vítimas Feridas,Plena Noite,Crescente,Nublado,Dupla,Reta,Sim,2,0,0,1,1,0,1,2,-28.57718903,-49.05252663,SPRF-SC,DEL02-SC,UOP01-DEL02-SC,2025
"703966,0",2025-07-11,sexta-feira,07:10:00,SC,101,"115,0",ITAJAI,Ausência de reação do condutor,Colisão traseira,Com Vítimas Feridas,Pleno dia,Decrescente,Nublado,Dupla,Reta,Não,2,0,1,0,1,0,1,2,-26.86371431,-48.72919019,SPRF-SC,DEL04-SC,UOP04-DEL04-SC,2025
"703980,0",2025-07-11,sexta-feira,09:00:00,SC,101,"117,2",ITAJAI,Ausência de reação do condutor,Colisão traseira,Com Vítimas Feridas,Pleno dia,Decrescente,Nublado,Dupla,Viaduto;Reta,Não,2,0,1,0,1,0,1,2,-26.88895357,-48.72176735,SPRF-SC,DEL04-SC,UOP04-DEL04-SC,2025
"703983,0",2025-07-11,sexta-feira,08:00:00,SC,101,"105,9",PENHA,Ausência de reação do condutor,Colisão traseira,Com Vítimas Feridas,Pleno dia,Crescente,Céu Claro,Dupla,Curva,Sim,2,0,1,0,1,0,1,2,-26.80718467,-48.68077246,SPRF-SC,DEL03-SC,UOP02-DEL03-SC,2025
"704012,0",2025-07-11,sexta-feira,11:50:00,SC,101,"206,8",SAO JOSE,Reação tardia ou ineficiente do condutor,Queda de ocupante de veículo,Com Vítimas Feridas,Pleno dia,Decrescente,Céu Claro,Múltipla,Declive;Reta,Sim,1,0,1,0,0,0,1,1,-27.598785,-48.621318,SPRF-SC,DEL01-SC,UOP01-DEL01-SC,2025
"704020,0",2025-07-11,sexta-feira,12:25:00,SC,470,"146,0",RIO DO SUL,Retorno proibido,Colisão frontal,Sem Vítimas,Pleno dia,Crescente,Sol,Simples,Reta,Sim,2,0,0,0,2,0,0,2,-27.2376293,-49.6833124,SPRF-SC,DEL04-SC,UOP02-DEL04-SC,2025
"704023,0",2025-07-11,sexta-feira,13:00:00,SC,101,"216,0",PALHOCA,Acessar a via sem observar a presença dos outros veículos,Colisão lateral mesmo sentido,Com Vítimas Feridas,Pleno dia,Decrescente,Céu Claro,Dupla,Reta,Sim,2,0,1,0,1,0,1,2,-27.65420328,-48.67749564,SPRF-SC,DEL01-SC,UOP02-DEL01-SC,2025
"704044,0",2025-07-11,sexta-feira,12:06:00,SC,101,"44,3",JOINVILLE,Velocidade Incompatível,Colisão transversal,Com Vítimas Fatais,Pleno dia,Crescente,Céu Claro,Múltipla,Reta;Interseção de Vias,Sim,2,1,0,0,1,0,0,2,-26.34324892,-48.85831475,SPRF-SC,DEL03-SC,UOP01-DEL03-SC,2025
"704046,0",2025-07-11,sexta-feira,14:00:00,SC,101,"115,8",ITAJAI,Ausência de reação do condutor,Colisão traseira,Com Vítimas Feridas,Pleno dia,Decrescente,Sol,Dupla,Reta,Não,2,0,1,0,1,0,1,2,-26.87450991,-48.72783836,SPRF-SC,DEL04-SC,UOP04-DEL04-SC,2025
"704072,0",2025-07-11,sexta-feira,16:50:00,SC,101,"50,4",JOINVILLE,Velocidade Incompatível,Colisão traseira,Com Vítimas Feridas,Pleno dia,Decrescente,Céu Claro,Dupla,Reta,Não,2,0,1,0,1,0,1,2,-26.39002442,-48.83972168,SPRF-SC,DEL03-SC,UOP01-DEL03-SC,2025
"704082,0",2025-07-11,sexta-feira,19:00:00,SC,282,"2,9",FLORIANOPOLIS,Manobra de mudança de faixa,Colisão lateral mesmo sentido,Com Vítimas Feridas,Plena Noite,Decrescente,Nublado,Dupla,Reta,Sim,4,0,0,2,2,0,2,2,-27.600327,-48.599768,SPRF-SC,DEL01-SC,UOP01-DEL01-SC,2025
"704095,0",2025-07-11,sexta-feira,19:10:00,SC,280,"59,0",GUARAMIRIM,Ausência de reação do condutor,Colisão com objeto,Com Vítimas Feridas,Plena Noite,Crescente,Céu Claro,Simples,Reta,Sim,1,0,0,1,0,0,1,1,-26.4752459,-48.9880786,SPRF-SC,DEL03-SC,UOP03-DEL03-SC,2025
"704100,0",2025-07-11,sexta-feira,18:15:00,SC,101,"79,0",ARAQUARI,Condutor deixou de manter distância do veículo da frente,Tombamento,Com Vítimas Feridas,Anoitecer,Crescente,Céu Claro,Múltipla,Reta,Não,1,0,1,0,0,0,1,1,-26.590012,-48.721841,SPRF-SC,DEL03-SC,UOP02-DEL03-SC,2025
"704109,0",2025-07-11,sexta-feira,18:50:00,SC,282,"142,0",PALMITOS,Velocidade Incompatível,Colisão traseira,Com Vítimas Feridas,Plena Noite,Crescente,Céu Claro,Simples,Reta,Não,2,0,0,1,0,1,1,2,-27.11680873,-53.21547646,SPRF-SC,DEL05-SC,UOP01-DEL05-SC,2025
"704110,0",2025-07-11,sexta-feira,18:30:00,SC,101,"45,4",JOINVILLE,Reação tardia ou ineficiente do condutor,Colisão traseira,Com Vítimas Feridas,Plena Noite,Decrescente,Nublado,Dupla,Aclive;Reta,Não,3,0,1,0,2,0,1,2,-26.35442933,-48.85875162,SPRF-SC,DEL03-SC,UOP01-DEL03-SC,2025
"704129,0",2025-07-11,sexta-feira,17:40:00,SC,470,"61,0",BLUMENAU,Acesso irregular,Colisão transversal,Com Vítimas Feridas,Plena Noite,Crescente,Céu Claro,Simples,Reta;Em Obras,Não,2,0,1,0,1,0,1,2,-26.87965029,-49.17108027,SPRF-SC,DEL04-SC,UOP01-DEL04-SC,2025
"704134,0",2025-07-11,sexta-feira,22:30:00,SC,101,"205,4",SAO JOSE,Manobra de mudança de faixa,Colisão lateral mesmo sentido,Com Vítimas Feridas,Pleno dia,Decrescente,Céu Claro,Múltipla,Reta;Interseção de Vias,Sim,1,0,1,0,0,0,1,1,-27.587317,-48.6168,SPRF-SC,DEL01-SC,UOP01-DEL01-SC,2025
"704139,0",2025-07-11,sexta-feira,19:20:00,SC,280,"289,0",PALMA SOLA,Ingestão de álcool pelo condutor,Queda de ocupante de veículo,Com Vítimas Feridas,Plena Noite,Decrescente,Nublado,Simples,Interseção de Vias,Sim,1,0,0,1,0,0,1,1,-26.256527,-53.300882,SPRF-SC,DEL06-SC,UOP04-DEL06-SC,2025
"704142,0",2025-07-11,sexta-feira,21:35:00,SC,470,"267,0",CURITIBANOS,Ausência de reação do condutor,Saída de leito carroçável,Sem Vítimas,Plena Noite,Crescente,Céu Claro,Simples,Curva;Declive,Não,1,0,0,0,1,0,0,1,-27.3116143,-50.74446344,SPRF-SC,DEL05-SC,UOP03-DEL05-SC,2025
"704145,0",2025-07-11,sexta-feira,08:50:00,SC,470,"58,0",BLUMENAU,Acessar a via sem observar a presença dos outros veículos,Colisão transversal,Com Vítimas Feridas,Pleno dia,Crescente,Céu Claro,Simples,Reta,Não,3,0,1,0,2,0,1,2,-26.88291514,-49.14166197,SPRF-SC,DEL04-SC,UOP01-DEL04-SC,2025
"704150,0",2025-07-11,sexta-feira,22:20:00,SC,153,"64,0",IRANI,Acessar a via sem observar a presença dos outros veículos,Colisão transversal,Com Vítimas Feridas,Plena Noite,Decrescente,Céu Claro,Simples,Reta;Interseção de Vias,Não,4,0,2,0,2,0,2,2,-27.0107673,-51.8764393,SPRF-SC,DEL07-SC,UOP04-DEL07-SC,2025
"704156,0",2025-07-12,sábado,01:00:00,SC,101,"214,0",PALHOCA,Demais falhas mecânicas ou elétricas,Tombamento,Com Vítimas Feridas,Plena Noite,Crescente,Céu Claro,Múltipla,Declive,Sim,1,0,0,1,0,0,1,1,-27.63795764,-48.66583792,SPRF-SC,DEL01-SC,UOP02-DEL01-SC,2025
"704179,0",2025-07-12,sábado,04:35:00,SC,470,"43,3",GASPAR,Condutor Dormindo,Saída de leito carroçável,Com Vítimas Feridas,Plena Noite,Crescente,Céu Claro,Dupla,Reta,Não,1,0,0,1,0,0,1,1,-26.86874467,-49.02700122,SPRF-SC,DEL04-SC,UOP01-DEL04-SC,2025
"704199,0",2025-07-12,sábado,06:20:00,SC,280,"233,0",CANOINHAS,Reação tardia ou ineficiente do condutor,Colisão com objeto,Sem Vítimas,Plena Noite,Decrescente,Nublado,Simples,Reta;Interseção de Vias;Retorno Regulamentado,Sim,1,0,0,0,1,0,0,1,-26.21434678,-50.45140743,SPRF-SC,DEL06-SC,UOP04-DEL06-SC,2025
"704210,0",2025-07-12,sábado,08:20:00,SC,101,"164,0",TIJUCAS,Ausência de reação do condutor,Capotamento,Com Vítimas Feridas,Pleno dia,Decrescente,Nublado,Dupla,Reta,Sim,2,0,1,0,0,1,1,2,-27.24954258,-48.63116233,SPRF-SC,DEL04-SC,UOP03-DEL04-SC,2025
"704213,0",2025-07-12,sábado,07:15:00,SC,101,"298,0",LAGUNA,Manobra de mudança de faixa,Colisão lateral mesmo sentido,Com Vítimas Feridas,Pleno dia,Decrescente,Nublado,Dupla,Curva,Sim,2,0,0,1,1,0,1,2,-28.3488,-48.73792,SPRF-SC,DEL02-SC,UOP03-DEL02-SC,2025
"704220,0",2025-07-04,sexta-feira,18:10:00,SC,101,"212,8",PALHOCA,Trafegar com motocicleta (ou similar) entre as faixas,Colisão traseira,Com Vítimas Feridas,Anoitecer,Crescente,Nublado,Dupla,Reta,Sim,3,0,1,0,2,0,1,3,-27.635136,-48.664269,SPRF-SC,DEL01-SC,UOP02-DEL01-SC,2025
"704222,0",2025-07-12,sábado,09:05:00,SC,101,"7,0",BIGUACU,Acessar a via sem observar a presença dos outros veículos,Colisão lateral mesmo sentido,Com Vítimas Feridas,Pleno dia,Decrescente,Nublado,Dupla,Reta,Não,2,0,1,0,1,0,1,2,-27.39074908,-48.69634001,SPRF-SC,DEL01-SC,UOP01-DEL01-SC,2025
"704236,0",2025-07-12,sábado,11:20:00,SC,101,"216,4",PALHOCA,Acessar a via sem observar a presença dos outros veículos,Colisão transversal,Com Vítimas Feridas,Pleno dia,Crescente,Nublado,Dupla,Interseção de Vias,Sim,3,0,0,1,1,1,1,3,-27.664116,-48.675879,SPRF-SC,DEL01-SC,UOP02-DEL01-SC,2025
"704256,0",2025-04-04,sexta-feira,06:15:00,SC,280,"305,0",PORTO UNIAO,Ausência de reação do condutor,Queda de ocupante de veículo,Com Vítimas Feridas,Pleno dia,Decrescente,Ignorado,Simples,Reta,Sim,2,0,1,0,0,1,1,2,-26.26244739,-51.06378794,SPRF-SC,DEL06-SC,UOP04-DEL06-SC,2025
"704272,0",2025-07-12,sábado,13:35:00,SC,101,"288,0",IMBITUBA,Acumulo de óleo sobre o pavimento,Tombamento,Com Vítimas Feridas,Pleno dia,Decrescente,Nublado,Simples,Interseção de Vias,Sim,2,0,1,0,1,0,1,1,-28.2459803,-48.70010284,SPRF-SC,DEL02-SC,UOP03-DEL02-SC,2025
"704283,0",2025-07-12,sábado,15:15:00,SC,470,"56,2",BLUMENAU,Acesso irregular,Colisão lateral mesmo sentido,Com Vítimas Feridas,Pleno dia,Decrescente,Nublado,Dupla,Reta;Em Obras,Sim,4,0,1,0,3,0,1,2,-26.87733007,-49.12940025,SPRF-SC,DEL04-SC,UOP01-DEL04-SC,2025
"704285,0",2025-07-12,sábado,13:00:00,SC,101,"133,8",BALNEARIO CAMBORIU,Acessar a via sem observar a presença dos outros veículos,Colisão transversal,Com Vítimas Feridas,Pleno dia,Crescente,Nublado,Simples,Reta,Sim,2,0,1,0,1,0,1,2,-27.00504662,-48.62857819,SPRF-SC,DEL04-SC,UOP03-DEL04-SC,2025
"704325,0",2025-07-12,sábado,18:40:00,SC,101,"139,0",BALNEARIO CAMBORIU,Transitar na contramão,Colisão frontal,Com Vítimas Feridas,Plena Noite,Crescente,Nublado,Múltipla,Curva,Não,2,0,0,1,1,0,1,2,-27.02902006,-48.60191552,SPRF-SC,DEL04-SC,UOP03-DEL04-SC,2025
"704352,0",2025-07-12,sábado,18:55:00,SC,101,"29,1",JOINVILLE,Reação tardia ou ineficiente do condutor,Colisão com objeto,Sem Vítimas,Plena Noite,Crescente,Nublado,Dupla,Reta,Não,2,0,0,0,2,0,0,2,-26.220706,-48.916422,SPRF-SC,DEL03-SC,UOP01-DEL03-SC,2025
"704360,0",2025-07-12,sábado,18:30:00,SC,282,"573,2",NOVA ERECHIM,Acessar a via sem observar a presença dos outros veículos,Colisão transversal,Com Vítimas Feridas,Plena Noite,Crescente,Ignorado,Simples,Reta,Não,2,0,0,1,1,0,1,2,-26.88020892,-52.94622584,SPRF-SC,DEL07-SC,UOP02-DEL07-SC,2025
"704380,0",2025-07-12,sábado,22:15:00,SC,101,"214,0",PALHOCA,Desrespeitar a preferência no cruzamento,Colisão traseira,Com Vítimas Feridas,Plena Noite,Decrescente,Nublado,Simples,Reta,Não,4,0,1,0,3,0,1,3,-27.64700185,-48.67227928,SPRF-SC,DEL01-SC,UOP02-DEL01-SC,2025
"704392,0",2025-07-12,sábado,20:15:00,SC,282,"545,0",CHAPECO,Ingestão de álcool pelo condutor,Colisão frontal,Com Vítimas Feridas,Plena Noite,Crescente,Céu Claro,Simples,Reta,Não,6,0,1,5,0,0,6,2,-26.98935318,-52.73170218,SPRF-SC,DEL07-SC,UOP01-DEL07-SC,2025
"704393,0",2025-07-13,domingo,00:30:00,SC,101,"319,0",PESCARIA BRAVA,Condutor deixou de manter distância do veículo da frente,Colisão traseira,Com Vítimas Feridas,Plena Noite,Decrescente,Céu Claro,Múltipla,Reta,Sim,4,0,2,0,2,0,2,2,-28.4264454,-48.8871551,SPRF-SC,DEL02-SC,UOP01-DEL02-SC,2025
"704408,0",2025-07-13,domingo,01:25:00,SC,101,"192,0",BIGUACU,Ingestão de álcool pelo condutor,Colisão com objeto,Sem Vítimas,Plena Noite,Decrescente,Céu Claro,Múltipla,Curva,Sim,1,0,0,0,1,0,0,1,-27.487099,-48.649842,SPRF-SC,DEL01-SC,UOP01-DEL01-SC,2025
"704413,0",2025-07-13,domingo,00:57:00,SC,280,"70,9",JARAGUA DO SUL,Reação tardia ou ineficiente do condutor,Colisão com objeto,Com Vítimas Fatais,Plena Noite,Decrescente,Nublado,Múltipla,Em Obras;Rotatória,Não,1,1,0,0,0,0,0,1,-26.460172,-49.138025,SPRF-SC,DEL03-SC,UOP03-DEL03-SC,2025
"704415,0",2025-07-13,domingo,02:50:00,SC,101,"370,0",SANGAO,Ausência de reação do condutor,Saída de leito carroçável,Sem Vítimas,Plena Noite,Crescente,Céu Claro,Dupla,Reta,Não,1,0,0,0,1,0,0,1,-28.69628152,-49.17058825,SPRF-SC,DEL02-SC,UOP01-DEL02-SC,2025
"704420,0",2025-07-13,domingo,04:45:00,SC,101,"155,8",PORTO BELO,Reação tardia ou ineficiente do condutor,Saída de leito carroçável,Com Vítimas Feridas,Plena Noite,Crescente,Nevoeiro/Neblina,Múltipla,Reta,Sim,2,0,1,0,1,0,1,1,-27.16950746,-48.61141205,SPRF-SC,DEL04-SC,UOP03-DEL04-SC,2025
"704422,0",2025-07-13,domingo,04:00:00,SC,101,"35,5",PALHOCA,Condutor Dormindo,Colisão com objeto,Com Vítimas Feridas,Plena Noite,Crescente,Nublado,Dupla,Reta;Aclive,Não,1,0,1,0,0,0,1,1,-27.606318,-48.637791,SPRF-SC,DEL01-SC,UOP02-DEL01-SC,2025
"704430,0",2025-07-13,domingo,00:30:00,SC,116,"140,0",SANTA CECILIA,Transitar na contramão,Colisão frontal,Com Vítimas Fatais,Plena Noite,Decrescente,Nublado,Simples,Declive;Reta,Sim,3,1,2,0,0,0,2,2,-26.964498,-50.410687,SPRF-SC,DEL06-SC,UOP02-DEL06-SC,2025
"704457,0",2025-07-13,domingo,08:50:00,SC,282,"57,4",RANCHO QUEIMADO,Ausência de reação do condutor,Saída de leito carroçável,Com Vítimas Feridas,Pleno dia,Crescente,Céu Claro,Simples,Curva,Não,1,0,1,0,0,0,1,1,-27.68504818,-49.00245667,SPRF-SC,DEL01-SC,UOP03-DEL01-SC,2025
"704462,0",2025-06-27,sexta-feira,20:30:00,SC,101,"203,0",SAO JOSE,Manobra de mudança de faixa,Tombamento,Sem Vítimas,Plena Noite,Crescente,Ignorado,Dupla,Reta,Sim,2,0,0,0,1,1,0,2,-27.56849816,-48.61410968,SPRF-SC,DEL01-SC,UOP01-DEL01-SC,2025
"704493,0",2025-07-13,domingo,13:15:00,SC,101,"215,7",PALHOCA,Manobra de mudança de faixa,Colisão lateral mesmo sentido,Com Vítimas Feridas,Pleno dia,Decrescente,Céu Claro,Múltipla,Aclive;Curva,Não,2,0,0,1,1,0,1,2,-27.65708785,-48.67834394,SPRF-SC,DEL01-SC,UOP02-DEL01-SC,2025
"704505,0",2025-06-22,domingo,02:00:00,SC,101,"189,0",BIGUACU,Ausência de reação do condutor,Colisão traseira,Com Vítimas Feridas,Plena Noite,Decrescente,Nublado,Dupla,Reta,Sim,2,0,1,1,0,0,2,2,-27.45979,-48.63896,SPRF-SC,DEL01-SC,UOP01-DEL01-SC,2025
"704508,0",2025-07-13,domingo,15:07:00,SC,470,"64,6",INDAIAL,Desrespeitar a preferência no cruzamento,Colisão transversal,Com Vítimas Feridas,Pleno dia,Crescente,Céu Claro,Simples,Em Obras;Interseção de Vias,Sim,2,0,1,0,1,0,1,2,-26.86991617,-49.20209583,SPRF-SC,DEL04-SC,UOP01-DEL04-SC,2025
"704540,0",2025-07-13,domingo,18:25:00,SC,282,"520,0",XAXIM,Velocidade Incompatível,Saída de leito carroçável,Sem Vítimas,Anoitecer,Crescente,Céu Claro,Simples,Interseção de Vias;Rotatória,Sim,1,0,0,0,1,0,0,1,-26.94892169,-52.52878603,SPRF-SC,DEL07-SC,UOP01-DEL07-SC,2025
"704550,0",2025-07-13,domingo,16:50:00,SC,282,"326,0",CAMPOS NOVOS,Demais falhas mecânicas ou elétricas,Saída de leito carroçável,Com Vítimas Feridas,Pleno dia,Decrescente,Nublado,Simples,Reta,Não,4,0,1,0,3,0,1,1,-27.46685052,-51.26701355,SPRF-SC,DEL07-SC,UOP06-DEL07-SC,2025
"704561,0",2025-07-13,domingo,12:50:00,SC,470,"154,6",AGRONOMICA,Demais falhas na via,Colisão lateral sentido oposto,Com Vítimas Feridas,Pleno dia,Crescente,Céu Claro,Simples,Em Obras;Reta,Sim,2,0,0,1,1,0,1,2,-27.27700714,-49.75189654,SPRF-SC,DEL04-SC,UOP02-DEL04-SC,2025
"704564,0",2025-06-27,sexta-feira,15:45:00,SC,116,"15,6",MAFRA,Ausência de reação do condutor,Colisão lateral mesmo sentido,Com Vítimas Feridas,Pleno dia,Crescente,Céu Claro,Simples,Reta,Não,3,0,0,1,0,2,1,3,-26.2071759,-49.8828655,SPRF-SC,DEL06-SC,UOP01-DEL06-SC,2025
"704571,0",2025-07-13,domingo,17:35:00,SC,280,"107,2",SAO BENTO DO SUL,Demais falhas mecânicas ou elétricas,Incêndio,Sem Vítimas,Anoitecer,Crescente,Nublado,Simples,Reta,Não,1,0,0,0,1,0,0,1,-26.33994,-49.376137,SPRF-SC,DEL06-SC,UOP03-DEL06-SC,2025
"704599,0",2025-07-13,domingo,19:30:00,SC,101,"438,4",SOMBRIO,Transitar no Acostamento,Colisão traseira,Com Vítimas Feridas,Plena Noite,Decrescente,Nublado,Múltipla,Reta,Não,2,0,1,0,0,1,1,2,-29.124019,-49.658449,SPRF-SC,DEL02-SC,UOP02-DEL02-SC,2025
"704600,0",2025-07-13,domingo,19:30:00,SC,282,"419,0",VARGEM BONITA,Reação tardia ou ineficiente do condutor,Saída de leito carroçável,Sem Vítimas,Pleno dia,Decrescente,Céu Claro,Simples,Curva,Não,1,0,0,0,0,1,0,1,-27.019335,-51.729307,SPRF-SC,DEL07-SC,UOP05-DEL07-SC,2025
"704616,0",2025-07-11,sexta-feira,23:30:00,SC,470,"58,0",BLUMENAU,Ingestão de álcool pelo condutor,Colisão traseira,Com Vítimas Feridas,Plena Noite,Crescente,Céu Claro,Simples,Reta,Não,2,0,1,0,1,0,1,2,-26.87726547,-49.12852988,SPRF-SC,DEL04-SC,UOP01-DEL04-SC,2025
"704620,0",2025-07-13,domingo,23:38:00,SC,101,"208,0",SAO JOSE,Ausência de reação do condutor,Colisão com objeto,Com Vítimas Feridas,Plena Noite,Decrescente,Nublado,Múltipla,Reta,Não,2,0,2,0,0,0,2,1,-27.60834,-48.637303,SPRF-SC,DEL01-SC,UOP01-DEL01-SC,2025
"704628,0",2025-07-14,segunda-feira,00:45:00,SC,101,"198,0",BIGUACU,Ausência de reação do condutor,Colisão com objeto,Com Vítimas Feridas,Plena Noite,Decrescente,Céu Claro,Múltipla,Reta,Sim,2,0,2,0,0,0,2,1,-27.5269134,-48.6343557,SPRF-SC,DEL01-SC,UOP01-DEL01-SC,2025
"704638,0",2025-07-14,segunda-feira,05:00:00,SC,282,"1,2",FLORIANOPOLIS,Reação tardia ou ineficiente do condutor,Colisão com objeto,Com Vítimas Feridas,Amanhecer,Crescente,Nublado,Dupla,Curva,Sim,2,0,1,1,0,0,2,1,-27.60354114,-48.58301282,SPRF-SC,DEL01-SC,UOP01-DEL01-SC,2025
"704645,0",2025-07-14,segunda-feira,04:45:00,SC,101,"66,0",ARAQUARI,Demais falhas mecânicas ou elétricas,Incêndio,Sem Vítimas,Amanhecer,Crescente,Céu Claro,Múltipla,Reta,Não,1,0,0,0,1,0,0,1,-26.49469686,-48.73296332,SPRF-SC,DEL03-SC,UOP02-DEL03-SC,2025
"704686,0",2025-07-14,segunda-feira,07:50:00,SC,101,"132,7",BALNEARIO CAMBORIU,Manobra de mudança de faixa,Colisão lateral mesmo sentido,Com Vítimas Feridas,Pleno dia,Decrescente,Céu Claro,Múltipla,Reta,Sim,4,0,1,0,3,0,1,4,-26.99858,-48.64871,SPRF-SC,DEL04-SC,UOP03-DEL04-SC,2025
"704709,0",2025-07-14,segunda-feira,10:25:00,SC,280,"57,8",GUARAMIRIM,Acessar a via sem observar a presença dos outros veículos,Colisão transversal,Com Vítimas Feridas,Pleno dia,Crescente,Céu Claro,Dupla,Rotatória,Não,2,0,1,0,1,0,1,2,-26.474026,-49.020254,SPRF-SC,DEL03-SC,UOP03-DEL03-SC,2025
"704731,0",2025-07-14,segunda-feira,09:20:00,SC,101,"155,0",PORTO BELO,Pista Escorregadia,Tombamento,Com Vítimas Feridas,Pleno dia,Crescente,Céu Claro,Dupla,Curva,Sim,1,0,1,0,0,0,1,1,-27.16438525,-48.61177683,SPRF-SC,DEL04-SC,UOP03-DEL04-SC,2025
"704743,0",2025-07-14,segunda-feira,13:00:00,SC,280,"71,0",JARAGUA DO SUL,Ultrapassagem Indevida,Colisão lateral mesmo sentido,Com Vítimas Feridas,Pleno dia,Crescente,Céu Claro,Simples,Em Obras;Rotatória,Não,2,0,0,1,1,0,1,2,-26.45881705,-49.16081429,SPRF-SC,DEL03-SC,UOP03-DEL03-SC,2025
"704751,0",2025-07-14,segunda-feira,14:00:00,SC,282,"4,0",SAO JOSE,Condutor deixou de manter distância do veículo da frente,Colisão traseira,Com Vítimas Feridas,Pleno dia,Decrescente,Sol,Dupla,Reta,Sim,2,0,1,0,1,0,1,2,-27.5907686,-48.60792828,SPRF-SC,DEL01-SC,UOP01-DEL01-SC,2025
"704775,0",2025-07-14,segunda-feira,15:45:00,SC,470,"138,5",RIO DO SUL,Trafegar com motocicleta (ou similar) entre as faixas,Colisão com objeto,Com Vítimas Feridas,Pleno dia,Crescente,Céu Claro,Simples,Reta;Em Obras,Não,1,0,1,0,0,0,1,1,-27.221211,-49.6515,SPRF-SC,DEL04-SC,UOP02-DEL04-SC,2025