id,data_inversa,dia_semana,horario,uf,br,km,municipio,causa_acidente,tipo_acidente,classificacao_acidente,fase_dia,sentido_via,condicao_metereologica,tipo_pista,tracado_via,uso_solo,pessoas,mortos,feridos_leves,feridos_graves,ilesos,ignorados,feridos,veiculos,latitude,longitude,regional,delegacia,uop,ano_arquivo
"704777,0",2025-07-14,segunda-feira,15:45:00,SC,470,"35,0",GASPAR,Ingestão de álcool pelo condutor,Colisão transversal,Com Vítimas Feridas,Pleno dia,Crescente,Céu Claro,Dupla,Em Obras;Reta,Não,2,0,1,0,1,0,1,2,-26.90963333,-48.9477396,SPRF-SC,DEL04-SC,UOP01-DEL04-SC,2025
"704800,0",2025-07-14,segunda-feira,18:10:00,SC,101,"437,4",SOMBRIO,Avarias e/ou desgaste excessivo no pneu,Tombamento,Com Vítimas Feridas,Plena Noite,Decrescente,Céu Claro,Múltipla,Reta,Não,1,0,0,1,0,0,1,1,-29.1237388,-49.6497397,SPRF-SC,DEL02-SC,UOP02-DEL02-SC,2025
"704809,0",2025-07-14,segunda-feira,17:17:00,SC,163,"67,9",SAO MIGUEL DO OESTE,Desrespeitar a preferência no cruzamento,Colisão frontal,Com Vítimas Feridas,Pleno dia,Crescente,Céu Claro,Dupla,Interseção de Vias;Reta,Sim,2,0,0,1,1,0,1,2,-26.75151479,-53.50072207,SPRF-SC,DEL07-SC,UOP03-DEL07-SC,2025
"704868,0",2025-07-15,terça-feira,07:05:00,SC,101,"197,5",BIGUACU,Reação tardia ou ineficiente do condutor,Queda de ocupante de veículo,Com Vítimas Feridas,Pleno dia,Decrescente,Céu Claro,Dupla,Reta;Interseção de Vias,Sim,2,0,0,1,0,1,1,2,-27.522149,-48.637441,SPRF-SC,DEL01-SC,UOP01-DEL01-SC,2025
"704887,0",2025-07-15,terça-feira,07:45:00,SC,101,"211,3",PALHOCA,Condutor deixou de manter distância do veículo da frente,Colisão traseira,Sem Vítimas,Pleno dia,Decrescente,Céu Claro,Múltipla,Reta,Não,3,0,0,0,2,1,0,3,-27.64473424,-48.67037622,SPRF-SC,DEL01-SC,UOP02-DEL01-SC,2025
"704905,0",2025-07-15,terça-feira,09:00:00,SC,101,"389,0",CRICIUMA,Neblina,Tombamento,Com Vítimas Feridas,Pleno dia,Crescente,Nevoeiro/Neblina,Simples,Aclive;Curva,Não,1,0,1,0,0,0,1,1,-28.80252064,-49.36530439,SPRF-SC,DEL02-SC,UOP02-DEL02-SC,2025
"704914,0",2025-07-15,terça-feira,07:40:00,SC,101,"42,8",JOINVILLE,Manobra de mudança de faixa,Colisão lateral mesmo sentido,Com Vítimas Feridas,Pleno dia,Decrescente,Céu Claro,Dupla,Reta,Não,2,0,1,0,1,0,1,2,-26.32850344,-48.86359183,SPRF-SC,DEL03-SC,UOP01-DEL03-SC,2025
"704922,0",2025-07-15,terça-feira,10:25:00,SC,101,"114,9",ITAJAI,Ultrapassagem Indevida,Colisão lateral mesmo sentido,Sem Vítimas,Pleno dia,Decrescente,Nublado,Simples,Interseção de Vias,Não,2,0,0,0,2,0,0,2,-26.86955249,-48.72961935,SPRF-SC,DEL04-SC,UOP04-DEL04-SC,2025
"704983,0",2025-07-15,terça-feira,17:00:00,SC,280,"8,9",SAO FRANCISCO DO SUL,Acessar a via sem observar a presença dos outros veículos,Colisão transversal,Com Vítimas Feridas,Pleno dia,Crescente,Céu Claro,Simples,Reta,Não,2,0,1,0,1,0,1,2,-26.286688,-48.646233,SPRF-SC,DEL03-SC,UOP03-DEL03-SC,2025
"704990,0",2025-07-15,terça-feira,17:00:00,SC,101,"129,2",BALNEARIO CAMBORIU,Reação tardia ou ineficiente do condutor,Colisão traseira,Com Vítimas Feridas,Pleno dia,Decrescente,Céu Claro,Dupla,Reta,Não,3,0,0,1,2,0,1,3,-26.98160112,-48.67582584,SPRF-SC,DEL04-SC,UOP03-DEL04-SC,2025
"705018,0",2025-07-15,terça-feira,18:40:00,SC,282,"2,0",FLORIANOPOLIS,Reação tardia ou ineficiente do condutor,Queda de ocupante de veículo,Com Vítimas Feridas,Plena Noite,Decrescente,Céu Claro,Múltipla,Reta,Sim,2,0,0,1,0,1,1,2,-27.60325649,-48.59081611,SPRF-SC,DEL01-SC,UOP01-DEL01-SC,2025
"705020,0",2025-07-15,terça-feira,17:30:00,SC,163,"84,0",GUARACIABA,Retorno proibido,Colisão transversal,Com Vítimas Feridas,Anoitecer,Crescente,Céu Claro,Simples,Reta,Não,2,0,0,1,1,0,1,2,-26.58914117,-53.51680756,SPRF-SC,DEL07-SC,UOP03-DEL07-SC,2025
"705045,0",2025-07-15,terça-feira,19:00:00,SC,101,"97,8",BALNEARIO PICARRAS,Velocidade Incompatível,Colisão com objeto,Com Vítimas Feridas,Anoitecer,Crescente,Céu Claro,Dupla,Reta,Não,1,0,1,0,0,0,1,1,-26.74346422,-48.69792938,SPRF-SC,DEL03-SC,UOP02-DEL03-SC,2025
"705090,0",2025-07-15,terça-feira,21:00:00,SC,101,"389,0",MARACAJA,Demais falhas mecânicas ou elétricas,Incêndio,Sem Vítimas,Plena Noite,Decrescente,Nevoeiro/Neblina,Simples,Aclive;Reta,Não,1,0,0,0,1,0,0,1,-28.84,-49.427,SPRF-SC,DEL02-SC,UOP02-DEL02-SC,2025
"705095,0",2025-07-16,quarta-feira,06:00:00,SC,101,"11,7",JOINVILLE,Demais falhas mecânicas ou elétricas,Incêndio,Sem Vítimas,Pleno dia,Crescente,Nublado,Dupla,Reta,Não,1,0,0,0,1,0,0,1,-26.1903043,-48.912139,SPRF-SC,DEL03-SC,UOP01-DEL03-SC,2025
"705107,0",2025-07-16,quarta-feira,08:00:00,SC,101,"334,0",TUBARAO,Condutor deixou de manter distância do veículo da frente,Saída de leito carroçável,Com Vítimas Feridas,Pleno dia,Crescente,Céu Claro,Dupla,Reta,Sim,1,0,1,0,0,0,1,1,-28.47514651,-49.02735678,SPRF-SC,DEL02-SC,UOP01-DEL02-SC,2025
"705119,0",2025-07-16,quarta-feira,08:40:00,SC,282,"2,0",FLORIANOPOLIS,Condutor deixou de manter distância do veículo da frente,Colisão traseira,Com Vítimas Feridas,Pleno dia,Decrescente,Céu Claro,Múltipla,Reta,Sim,4,0,3,0,1,0,3,3,-27.6035756,-48.58745322,SPRF-SC,DEL01-SC,UOP01-DEL01-SC,2025
"705136,0",2025-07-16,quarta-feira,08:05:00,SC,101,"93,0",BARRA VELHA,Avarias e/ou desgaste excessivo no pneu,Tombamento,Com Vítimas Feridas,Pleno dia,Decrescente,Céu Claro,Dupla,Reta,Não,1,0,1,0,0,0,1,1,-26.69306476,-48.69766887,SPRF-SC,DEL03-SC,UOP02-DEL03-SC,2025
"705160,0",2025-07-16,quarta-feira,13:30:00,SC,101,"121,0",ITAJAI,Trafegar com motocicleta (ou similar) entre as faixas,Colisão traseira,Com Vítimas Feridas,Pleno dia,Decrescente,Céu Claro,Dupla,Reta,Não,2,0,0,1,1,0,1,2,-26.92451881,-48.70796084,SPRF-SC,DEL04-SC,UOP04-DEL04-SC,2025
"705166,0",2025-07-16,quarta-feira,13:30:00,SC,470,"60,7",BLUMENAU,Trafegar com motocicleta (ou similar) entre as faixas,Colisão lateral mesmo sentido,Com Vítimas Feridas,Pleno dia,Decrescente,Céu Claro,Simples,Reta,Não,2,0,1,0,1,0,1,2,-26.87966,-49.17153,SPRF-SC,DEL04-SC,UOP01-DEL04-SC,2025
"705168,0",2025-07-16,quarta-feira,14:15:00,SC,101,"199,1",SAO JOSE,Carga excessiva e/ou mal acondicionada,Derramamento de carga,Com Vítimas Feridas,Pleno dia,Crescente,Céu Claro,Dupla,Reta,Sim,2,0,0,1,1,0,1,2,-27.53577,-48.628697,SPRF-SC,DEL01-SC,UOP01-DEL01-SC,2025
"705207,0",2025-07-16,quarta-feira,18:05:00,SC,101,"136,0",BALNEARIO CAMBORIU,Trafegar com motocicleta (ou similar) entre as faixas,Colisão lateral mesmo sentido,Com Vítimas Feridas,Plena Noite,Decrescente,Céu Claro,Múltipla,Reta,Sim,2,0,1,0,1,0,1,2,-27.00611917,-48.62257926,SPRF-SC,DEL04-SC,UOP03-DEL04-SC,2025
"705212,0",2025-07-16,quarta-feira,18:20:00,SC,280,"58,9",GUARAMIRIM,Trafegar com motocicleta (ou similar) entre as faixas,Colisão traseira,Com Vítimas Feridas,Anoitecer,Decrescente,Céu Claro,Dupla,Reta,Sim,3,0,1,0,2,0,1,3,-26.474338,-49.023248,SPRF-SC,DEL03-SC,UOP03-DEL03-SC,2025
"705227,0",2025-07-16,quarta-feira,18:35:00,SC,101,"30,6",JOINVILLE,Ausência de reação do condutor,Colisão traseira,Com Vítimas Feridas,Anoitecer,Crescente,Nublado,Dupla,Declive,Não,1,0,1,0,0,0,1,1,-26.22763698,-48.91658155,SPRF-SC,DEL03-SC,UOP01-DEL03-SC,2025
"705228,0",2025-07-16,quarta-feira,16:20:00,SC,101,"54,6",JOINVILLE,Manobra de mudança de faixa,Colisão com objeto,Com Vítimas Feridas,Pleno dia,Crescente,Céu Claro,Dupla,Declive;Reta,Não,2,0,2,0,0,0,2,1,-26.42255141,-48.82993396,SPRF-SC,DEL03-SC,UOP01-DEL03-SC,2025
"705231,0",2025-07-16,quarta-feira,18:30:00,SC,101,"143,0",ITAPEMA,Condutor deixou de manter distância do veículo da frente,Engavetamento,Sem Vítimas,Plena Noite,Decrescente,Céu Claro,Dupla,Reta,Não,3,0,0,0,3,0,0,3,-27.07045498,-48.59535567,SPRF-SC,DEL04-SC,UOP03-DEL04-SC,2025
"705244,0",2025-07-16,quarta-feira,21:12:00,SC,101,"0,8",ARARANGUA,Ultrapassagem Indevida,Colisão transversal,Com Vítimas Feridas,Plena Noite,Decrescente,Céu Claro,Simples,Reta;Interseção de Vias,Não,2,0,0,1,1,0,1,2,-28.92688997,-49.49259281,SPRF-SC,DEL02-SC,UOP02-DEL02-SC,2025
"705264,0",2025-07-17,quinta-feira,04:30:00,SC,470,"49,4",BLUMENAU,Demais falhas mecânicas ou elétricas,Colisão com objeto,Com Vítimas Feridas,Plena Noite,Crescente,Céu Claro,Dupla,Curva,Sim,1,0,1,0,0,0,1,1,-26.86133679,-49.07033868,SPRF-SC,DEL04-SC,UOP01-DEL04-SC,2025
"705269,0",2025-07-17,quinta-feira,05:40:00,SC,101,"265,0",PAULO LOPES,Ultrapassagem Indevida,Colisão transversal,Com Vítimas Feridas,Amanhecer,Crescente,Céu Claro,Simples,Aclive;Reta,Não,2,0,0,1,1,0,1,2,-28.0482806,-48.7151961,SPRF-SC,DEL02-SC,UOP03-DEL02-SC,2025
"705283,0",2025-07-17,quinta-feira,07:47:00,SC,101,"42,9",JOINVILLE,Trafegar com motocicleta (ou similar) entre as faixas,Colisão traseira,Com Vítimas Feridas,Pleno dia,Decrescente,Sol,Dupla,Curva,Sim,2,0,1,0,1,0,1,2,-26.33767,-48.85927,SPRF-SC,DEL03-SC,UOP01-DEL03-SC,2025
"705292,0",2025-06-13,sexta-feira,22:00:00,SC,282,"54,3",AGUAS MORNAS,Velocidade Incompatível,Colisão frontal,Com Vítimas Feridas,Plena Noite,Crescente,Chuva,Simples,Declive;Curva,Não,3,0,1,2,0,0,3,2,-27.688218,-48.97656,SPRF-SC,DEL01-SC,UOP03-DEL01-SC,2025
"705330,0",2025-07-17,quinta-feira,12:00:00,SC,282,"48,0",AGUAS MORNAS,Demais falhas mecânicas ou elétricas,Eventos atípicos,Sem Vítimas,Pleno dia,Crescente,Céu Claro,Simples,Aclive;Reta,Não,1,0,0,0,1,0,0,1,-27.715822,-48.937935,SPRF-SC,DEL01-SC,UOP03-DEL01-SC,2025
"705332,0",2025-07-17,quinta-feira,10:30:00,SC,101,"6,0",GARUVA,Reação tardia ou ineficiente do condutor,Tombamento,Com Vítimas Feridas,Pleno dia,Crescente,Céu Claro,Múltipla,Reta;Rotatória,Não,2,0,1,0,1,0,1,1,-26.02921035,-48.86125311,SPRF-SC,DEL03-SC,UOP01-DEL03-SC,2025
"705348,0",2025-07-14,segunda-feira,01:06:00,SC,282,"419,0",VARGEM BONITA,Reação tardia ou ineficiente do condutor,Saída de leito carroçável,Com Vítimas Feridas,Plena Noite,Crescente,Céu Claro,Simples,Reta,Não,1,0,1,0,0,0,1,1,-27.017743,-51.730877,SPRF-SC,DEL07-SC,UOP05-DEL07-SC,2025
"705354,0",2025-07-17,quinta-feira,14:45:00,SC,101,"350,0",JAGUARUNA,Ausência de reação do condutor,Colisão traseira,Com Vítimas Feridas,Pleno dia,Decrescente,Céu Claro,Múltipla,Em Obras;Desvio Temporário;Reta,Sim,4,0,2,0,2,0,2,2,-28.600361,-49.051817,SPRF-SC,DEL02-SC,UOP01-DEL02-SC,2025
"705359,0",2025-07-17,quinta-feira,15:00:00,SC,282,"5,6",SAO JOSE,Manobra de mudança de faixa,Colisão transversal,Com Vítimas Feridas,Pleno dia,Decrescente,Nublado,Dupla,Curva,Sim,3,0,1,1,0,1,2,2,-27.58474,-48.61772,SPRF-SC,DEL01-SC,UOP01-DEL01-SC,2025
"705377,0",2025-06-15,domingo,17:00:00,SC,101,"124,0",ITAJAI,Reação tardia ou ineficiente do condutor,Colisão traseira,Com Vítimas Feridas,Pleno dia,Crescente,Céu Claro,Dupla,Reta,Sim,4,0,1,0,3,0,1,3,-26.94257773,-48.69338036,SPRF-SC,DEL04-SC,UOP04-DEL04-SC,2025
"705407,0",2025-07-17,quinta-feira,20:10:00,SC,101,"196,2",BIGUACU,Reação tardia ou ineficiente do condutor,Engavetamento,Com Vítimas Feridas,Plena Noite,Decrescente,Garoa/Chuvisco,Múltipla,Reta,Sim,5,0,1,0,3,1,1,3,-27.51191,-48.64187,SPRF-SC,DEL01-SC,UOP01-DEL01-SC,2025
"705417,0",2025-07-17,quinta-feira,19:00:00,SC,101,"194,1",BIGUACU,Demais falhas mecânicas ou elétricas,Colisão com objeto,Com Vítimas Fatais,Plena Noite,Decrescente,Ignorado,Múltipla,Aclive;Reta,Sim,2,1,0,0,0,1,0,2,-27.499405,-48.655656,SPRF-SC,DEL01-SC,UOP01-DEL01-SC,2025
"705421,0",2025-07-17,quinta-feira,19:30:00,SC,101,"53,5",JOINVILLE,Avarias e/ou desgaste excessivo no pneu,Tombamento,Com Vítimas Feridas,Plena Noite,Decrescente,Nublado,Dupla,Curva,Não,2,0,2,0,0,0,2,1,-26.41638617,-48.83437604,SPRF-SC,DEL03-SC,UOP01-DEL03-SC,2025
"705423,0",2025-07-17,quinta-feira,17:00:00,SC,101,"10,5",GARUVA,Demais falhas mecânicas ou elétricas,Colisão com objeto,Com Vítimas Feridas,Pleno dia,Decrescente,Nublado,Dupla,Reta,Sim,1,0,1,0,0,0,1,1,-26.068514,-48.860514,SPRF-SC,DEL03-SC,UOP01-DEL03-SC,2025
"705435,0",2025-07-17,quinta-feira,23:00:00,SC,282,"1,0",FLORIANOPOLIS,Reação tardia ou ineficiente do condutor,Colisão transversal,Com Vítimas Feridas,Plena Noite,Crescente,Nublado,Múltipla,Declive;Curva,Sim,4,0,1,0,3,0,1,2,-27.602955,-48.580509,SPRF-SC,DEL01-SC,UOP01-DEL01-SC,2025
"705457,0",2025-07-18,sexta-feira,07:05:00,SC,101,"130,5",CAMBORIU,Condutor deixou de manter distância do veículo da frente,Colisão traseira,Com Vítimas Fatais,Pleno dia,Crescente,Céu Claro,Múltipla,Reta;Interseção de Vias,Não,4,1,2,0,1,0,2,3,-26.98769,-48.66545,SPRF-SC,DEL04-SC,UOP03-DEL04-SC,2025
"705460,0",2025-07-18,sexta-feira,06:55:00,SC,470,"53,0",BLUMENAU,Retorno proibido,Colisão frontal,Com Vítimas Feridas,Pleno dia,Decrescente,Céu Claro,Simples,Curva,Não,2,0,0,1,1,0,1,2,-26.87174741,-49.1120073,SPRF-SC,DEL04-SC,UOP01-DEL04-SC,2025
"705468,0",2025-07-18,sexta-feira,07:50:00,SC,101,"221,4",PALHOCA,Manobra de mudança de faixa,Colisão lateral mesmo sentido,Com Vítimas Feridas,Pleno dia,Decrescente,Céu Claro,Dupla,Reta,Não,2,0,0,2,0,0,2,2,-27.70327,-48.658777,SPRF-SC,DEL01-SC,UOP02-DEL01-SC,2025
"705484,0",2025-07-18,sexta-feira,06:40:00,SC,101,"28,0",PALHOCA,Condutor deixou de manter distância do veículo da frente,Queda de ocupante de veículo,Com Vítimas Feridas,Pleno dia,Crescente,Céu Claro,Dupla,Reta,Não,1,0,1,0,0,0,1,1,-27.6950736,-48.6618647,SPRF-SC,DEL01-SC,UOP02-DEL01-SC,2025
"705489,0",2025-07-18,sexta-feira,07:40:00,SC,158,"102,3",CUNHA PORA,Condutor deixou de manter distância do veículo da frente,Colisão traseira,Com Vítimas Feridas,Pleno dia,Crescente,Nevoeiro/Neblina,Simples,Reta;Aclive,Não,2,0,1,0,1,0,1,2,-26.86729517,-53.16383807,SPRF-SC,DEL07-SC,UOP02-DEL07-SC,2025
"705501,0",2025-07-18,sexta-feira,08:00:00,SC,280,"23,0",ARAQUARI,Acessar a via sem observar a presença dos outros veículos,Colisão lateral sentido oposto,Com Vítimas Feridas,Pleno dia,Crescente,Sol,Simples,Interseção de Vias;Rotatória,Sim,2,0,1,0,1,0,1,2,-26.371462,-48.711863,SPRF-SC,DEL03-SC,UOP03-DEL03-SC,2025
"705520,0",2025-07-18,sexta-feira,11:20:00,SC,101,"108,4",PENHA,Reação tardia ou ineficiente do condutor,Colisão traseira,Com Vítimas Feridas,Pleno dia,Crescente,Céu Claro,Dupla,Reta,Sim,2,0,0,1,1,0,1,2,-26.830283,-48.693136,SPRF-SC,DEL03-SC,UOP02-DEL03-SC,2025
"705524,0",2025-07-18,sexta-feira,12:30:00,SC,101,"116,0",ITAJAI,Manobra de mudança de faixa,Colisão lateral mesmo sentido,Com Vítimas Feridas,Pleno dia,Crescente,Céu Claro,Múltipla,Reta,Sim,2,0,1,0,1,0,1,2,-26.88260892,-48.72461066,SPRF-SC,DEL04-SC,UOP04-DEL04-SC,2025
"705531,0",2025-07-18,sexta-feira,09:20:00,SC,101,"284,0",IMBITUBA,Pista esburacada,Colisão com objeto,Com Vítimas Feridas,Pleno dia,Decrescente,Céu Claro,Múltipla,Reta,Não,1,0,1,0,0,0,1,1,-28.22785861,-48.70126605,SPRF-SC,DEL02-SC,UOP03-DEL02-SC,2025
"705535,0",2025-07-18,sexta-feira,13:15:00,SC,470,"138,0",RIO DO SUL,Acessar a via sem observar a presença dos outros veículos,Colisão transversal,Com Vítimas Feridas,Pleno dia,Crescente,Céu Claro,Simples,Reta,Sim,2,0,0,1,1,0,1,2,-27.18382763,-49.60313201,SPRF-SC,DEL04-SC,UOP02-DEL04-SC,2025
"705567,0",2025-07-18,sexta-feira,17:15:00,SC,280,"179,1",MAFRA,Condutor deixou de manter distância do veículo da frente,Colisão traseira,Com Vítimas Feridas,Pleno dia,Decrescente,Céu Claro,Simples,Reta,Não,5,0,1,0,4,0,1,2,-26.1775525,-49.880135,SPRF-SC,DEL06-SC,UOP01-DEL06-SC,2025
"705574,0",2025-07-18,sexta-feira,15:40:00,SC,101,"367,3",ICARA,Ausência de reação do condutor,Colisão traseira,Com Vítimas Feridas,Pleno dia,Decrescente,Sol,Dupla,Declive,Sim,2,0,0,1,1,0,1,2,-28.69750922,-49.178569,SPRF-SC,DEL02-SC,UOP01-DEL02-SC,2025
"705583,0",2025-07-18,sexta-feira,18:30:00,SC,101,"202,0",SAO JOSE,Reação tardia ou ineficiente do condutor,Queda de ocupante de veículo,Com Vítimas Feridas,Plena Noite,Decrescente,Céu Claro,Múltipla,Reta,Sim,1,0,0,1,0,0,1,1,-27.5579417,-48.61838277,SPRF-SC,DEL01-SC,UOP01-DEL01-SC,2025
"705599,0",2025-07-18,sexta-feira,19:10:00,SC,280,"75,0",GUARAMIRIM,Acessar a via sem observar a presença dos outros veículos,Colisão transversal,Com Vítimas Feridas,Plena Noite,Crescente,Céu Claro,Simples,Reta,Não,2,0,1,0,1,0,1,2,-26.476544,-48.98816,SPRF-SC,DEL03-SC,UOP03-DEL03-SC,2025
"705606,0",2025-07-18,sexta-feira,18:40:00,SC,101,"217,0",PALHOCA,Pedestre andava na pista,Atropelamento de Pedestre,Com Vítimas Feridas,Plena Noite,Decrescente,Céu Claro,Dupla,Reta,Sim,2,0,0,1,1,0,1,2,-27.672992,-48.671673,SPRF-SC,DEL01-SC,UOP02-DEL01-SC,2025
"705610,0",2025-07-18,sexta-feira,18:34:00,SC,101,"108,0",PENHA,Trafegar com motocicleta (ou similar) entre as faixas,Colisão traseira,Com Vítimas Feridas,Plena Noite,Crescente,Nublado,Dupla,Reta,Sim,5,0,1,2,2,0,3,4,-26.82523705,-48.68976943,SPRF-SC,DEL03-SC,UOP02-DEL03-SC,2025
"705620,0",2025-07-18,sexta-feira,20:25:00,SC,101,"129,4",CAMBORIU,Pedestre cruzava a pista fora da faixa,Atropelamento de Pedestre,Com Vítimas Feridas,Plena Noite,Crescente,Céu Claro,Simples,Reta,Sim,2,0,0,1,1,0,1,2,-26.982322,-48.675212,SPRF-SC,DEL04-SC,UOP03-DEL04-SC,2025
"705638,0",2025-07-18,sexta-feira,19:35:00,SC,101,"207,0",SAO JOSE,Condutor deixou de manter distância do veículo da frente,Colisão lateral mesmo sentido,Com Vítimas Feridas,Plena Noite,Decrescente,Céu Claro,Múltipla,Declive;Reta,Não,2,0,1,0,1,0,1,2,-27.59568236,-48.61933915,SPRF-SC,DEL01-SC,UOP01-DEL01-SC,2025
"705649,0",2025-07-18,sexta-feira,22:30:00,SC,101,"102,7",BALNEARIO PICARRAS,Trafegar com motocicleta (ou similar) entre as faixas,Colisão lateral mesmo sentido,Com Vítimas Feridas,Pleno dia,Crescente,Nublado,Múltipla,Reta,Sim,3,0,0,1,2,0,1,3,-26.78030221,-48.68433444,SPRF-SC,DEL03-SC,UOP02-DEL03-SC,2025
"705668,0",2025-07-19,sábado,00:09:00,SC,470,"126,7",LONTRAS,Acessar a via sem observar a presença dos outros veículos,Colisão transversal,Com Vítimas Fatais,Plena Noite,Decrescente,Ignorado,Simples,Reta;Declive;Interseção de Vias,Não,2,1,1,0,0,0,1,2,-27.1359409,-49.542396,SPRF-SC,DEL04-SC,UOP02-DEL04-SC,2025
"705684,0",2025-07-19,sábado,03:55:00,SC,101,"62,5",ARAQUARI,Ingestão de álcool pelo condutor,Colisão com objeto,Com Vítimas Feridas,Plena Noite,Decrescente,Nublado,Dupla,Reta,Sim,1,0,1,0,0,0,1,1,-26.4668896,-48.7500522,SPRF-SC,DEL03-SC,UOP02-DEL03-SC,2025
"705687,0",2025-07-19,sábado,04:45:00,SC,101,"199,0",SAO JOSE,Velocidade Incompatível,Colisão com objeto,Com Vítimas Feridas,Plena Noite,Decrescente,Céu Claro,Dupla,Reta,Sim,2,0,1,0,0,1,1,2,-27.53577318,-48.62755744,SPRF-SC,DEL01-SC,UOP01-DEL01-SC,2025
"705690,0",2025-07-19,sábado,05:20:00,SC,101,"148,7",ITAPEMA,Ausência de reação do condutor,Colisão traseira,Com Vítimas Fatais,Amanhecer,Decrescente,Céu Claro,Múltipla,Reta;Aclive,Sim,3,1,0,1,1,0,1,3,-27.106543,-48.614373,SPRF-SC,DEL04-SC,UOP03-DEL04-SC,2025
"705694,0",2025-07-19,sábado,05:00:00,SC,101,"219,0",PALHOCA,Reação tardia ou ineficiente do condutor,Colisão com objeto,Com Vítimas Feridas,Plena Noite,Decrescente,Céu Claro,Dupla,Curva;Declive;Viaduto,Não,2,0,0,1,1,0,1,1,-27.684382,-48.666793,SPRF-SC,DEL01-SC,UOP02-DEL01-SC,2025
"705696,0",2025-07-19,sábado,05:20:00,SC,280,"57,3",GUARAMIRIM,Pedestre cruzava a pista fora da faixa,Atropelamento de Pedestre,Com Vítimas Feridas,Plena Noite,Decrescente,Nublado,Simples,Declive;Viaduto;Reta,Sim,2,0,0,1,1,0,1,2,-26.478289,-48.999406,SPRF-SC,DEL03-SC,UOP03-DEL03-SC,2025
"705700,0",2025-07-18,sexta-feira,23:15:00,SC,470,"118,0",IBIRAMA,Condutor deixou de manter distância do veículo da frente,Colisão traseira,Com Vítimas Feridas,Plena Noite,Crescente,Céu Claro,Simples,Aclive,Não,2,0,1,0,1,0,1,2,-27.08802421,-49.5191896,SPRF-SC,DEL04-SC,UOP02-DEL04-SC,2025
"705710,0",2025-07-19,sábado,06:30:00,SC,101,"158,1",PORTO BELO,Demais falhas mecânicas ou elétricas,Incêndio,Sem Vítimas,Amanhecer,Crescente,Céu Claro,Múltipla,Reta,Sim,4,0,0,0,4,0,0,1,-27.19096301,-48.66625786,SPRF-SC,DEL04-SC,UOP03-DEL04-SC,2025
"705724,0",2025-07-19,sábado,07:30:00,SC,101,"359,1",SANGAO,Ausência de reação do condutor,Saída de leito carroçável,Com Vítimas Feridas,Pleno dia,Crescente,Nublado,Múltipla,Curva,Não,1,0,1,0,0,0,1,1,-28.66104046,-49.11102176,SPRF-SC,DEL02-SC,UOP01-DEL02-SC,2025
"705727,0",2025-07-19,sábado,07:45:00,SC,116,"9,6",MAFRA,Retorno proibido,Colisão transversal,Com Vítimas Feridas,Amanhecer,Crescente,Nevoeiro/Neblina,Dupla,Curva,Sim,5,0,2,0,3,0,2,2,-26.166,-49.853,SPRF-SC,DEL06-SC,UOP01-DEL06-SC,2025
"705748,0",2025-07-17,quinta-feira,17:20:00,SC,280,"127,8",RIO NEGRINHO,Conversão proibida,Colisão lateral mesmo sentido,Com Vítimas Feridas,Pleno dia,Crescente,Céu Claro,Simples,Reta;Interseção de Vias,Sim,5,0,1,0,4,0,1,3,-26.243,-49.512,SPRF-SC,DEL06-SC,UOP03-DEL06-SC,2025
"705759,0",2025-07-19,sábado,10:50:00,SC,101,"206,8",SAO JOSE,Manobra de mudança de faixa,Colisão lateral mesmo sentido,Com Vítimas Feridas,Pleno dia,Crescente,Céu Claro,Múltipla,Reta,Não,2,0,1,0,1,0,1,2,-27.599183,-48.621763,SPRF-SC,DEL01-SC,UOP01-DEL01-SC,2025
"705761,0",2025-07-19,sábado,10:50:00,SC,280,"132,5",RIO NEGRINHO,Acessar a via sem observar a presença dos outros veículos,Colisão traseira,Sem Vítimas,Pleno dia,Decrescente,Céu Claro,Simples,Reta;Interseção de Vias,Sim,5,0,0,0,5,0,0,2,-26.266,-49.551,SPRF-SC,DEL06-SC,UOP03-DEL06-SC,2025
"705766,0",2025-07-19,sábado,11:35:00,SC,101,"209,4",SAO JOSE,Acessar a via sem observar a presença dos outros veículos,Colisão transversal,Com Vítimas Feridas,Pleno dia,Crescente,Céu Claro,Múltipla,Reta;Interseção de Vias,Sim,3,0,1,0,2,0,1,2,-27.613053,-48.642187,SPRF-SC,DEL01-SC,UOP01-DEL01-SC,2025
"705774,0",2025-07-19,sábado,10:30:00,SC,470,"67,6",INDAIAL,Desrespeitar a preferência no cruzamento,Colisão transversal,Com Vítimas Feridas,Pleno dia,Decrescente,Sol,Simples,Interseção de Vias,Sim,4,0,3,0,1,0,3,2,-26.87533623,-49.23598973,SPRF-SC,DEL04-SC,UOP01-DEL04-SC,2025
"705816,0",2025-07-19,sábado,16:00:00,SC,101,"124,0",ITAJAI,Ausência de reação do condutor,Colisão traseira,Com Vítimas Feridas,Pleno dia,Crescente,Sol,Dupla,Reta,Não,2,0,0,1,1,0,1,2,-26.94088781,-48.69447168,SPRF-SC,DEL04-SC,UOP04-DEL04-SC,2025
"705822,0",2025-07-19,sábado,16:15:00,SC,101,"202,7",SAO JOSE,Manobra de mudança de faixa,Colisão lateral mesmo sentido,Com Vítimas Feridas,Pleno dia,Crescente,Céu Claro,Múltipla,Reta,Sim,2,0,0,1,1,0,1,2,-27.563089,-48.615667,SPRF-SC,DEL01-SC,UOP01-DEL01-SC,2025