id,data_inversa,dia_semana,horario,uf,br,km,municipio,causa_acidente,tipo_acidente,classificacao_acidente,fase_dia,sentido_via,condicao_metereologica,tipo_pista,tracado_via,uso_solo,pessoas,mortos,feridos_leves,feridos_graves,ilesos,ignorados,feridos,veiculos,latitude,longitude,regional,delegacia,uop,ano_arquivo
"705825,0",2025-07-19,sábado,07:40:00,SC,282,"377,2",HERVAL DOESTE,Condutor Dormindo,Colisão lateral sentido oposto,Com Vítimas Feridas,Pleno dia,Crescente,Nublado,Simples,Curva,Não,5,0,2,0,3,0,2,3,-27.21289422,-51.5002048,SPRF-SC,DEL07-SC,UOP05-DEL07-SC,2025
"705834,0",2025-07-19,sábado,16:30:00,SC,101,"111,8",NAVEGANTES,Ausência de reação do condutor,Saída de leito carroçável,Com Vítimas Feridas,Pleno dia,Crescente,Nublado,Simples,Curva,Não,1,0,0,1,0,0,1,1,-26.83963106,-48.71614393,SPRF-SC,DEL04-SC,UOP04-DEL04-SC,2025
"705854,0",2025-07-19,sábado,18:30:00,SC,101,"214,0",PALHOCA,Manobra de mudança de faixa,Colisão lateral mesmo sentido,Com Vítimas Feridas,Plena Noite,Decrescente,Céu Claro,Múltipla,Reta,Não,2,0,1,0,1,0,1,2,-27.63652437,-48.66444318,SPRF-SC,DEL01-SC,UOP02-DEL01-SC,2025
"705857,0",2025-07-19,sábado,17:45:00,SC,470,"143,0",RIO DO SUL,Ausência de reação do condutor,Colisão traseira,Com Vítimas Feridas,Pleno dia,Decrescente,Sol,Simples,Rotatória,Sim,3,0,1,0,1,1,1,2,-27.22119357,-49.66040802,SPRF-SC,DEL04-SC,UOP02-DEL04-SC,2025
"705858,0",2025-07-19,sábado,16:30:00,SC,101,"272,8",IMBITUBA,Ingestão de álcool pelo condutor,Colisão com objeto,Com Vítimas Feridas,Pleno dia,Decrescente,Céu Claro,Simples,Viaduto;Curva,Sim,2,0,0,2,0,0,2,1,-28.12983443,-48.69290829,SPRF-SC,DEL02-SC,UOP03-DEL02-SC,2025
"705865,0",2025-07-19,sábado,16:30:00,SC,280,"240,1",CANOINHAS,Conversão proibida,Colisão transversal,Com Vítimas Feridas,Pleno dia,Decrescente,Céu Claro,Simples,Reta;Declive,Não,2,0,1,0,1,0,1,2,-26.2231,-50.45907,SPRF-SC,DEL06-SC,UOP04-DEL06-SC,2025
"705873,0",2025-07-19,sábado,18:45:00,SC,101,"208,8",SAO JOSE,Manobra de mudança de faixa,Colisão lateral mesmo sentido,Com Vítimas Feridas,Plena Noite,Decrescente,Céu Claro,Múltipla,Reta,Sim,2,0,0,1,1,0,1,2,-27.607044,-48.6355182,SPRF-SC,DEL01-SC,UOP01-DEL01-SC,2025
"705882,0",2025-07-19,sábado,19:05:00,SC,282,"535,3",CHAPECO,Transitar na contramão,Colisão frontal,Com Vítimas Feridas,Plena Noite,Decrescente,Nublado,Simples,Reta,Sim,2,0,0,1,1,0,1,2,-26.99920351,-52.64544368,SPRF-SC,DEL07-SC,UOP01-DEL07-SC,2025
"705886,0",2025-07-19,sábado,19:19:00,SC,280,"75,2",CORUPA,Acessar a via sem observar a presença dos outros veículos,Colisão transversal,Com Vítimas Feridas,Plena Noite,Decrescente,Nublado,Simples,Reta,Não,2,0,2,0,0,0,2,2,-26.457967,-49.181665,SPRF-SC,DEL03-SC,UOP03-DEL03-SC,2025
"705892,0",2025-07-19,sábado,16:28:00,SC,470,"21,8",ILHOTA,Ingestão de álcool pelo condutor,Tombamento,Sem Vítimas,Pleno dia,Crescente,Céu Claro,Simples,Reta,Não,1,0,0,0,1,0,0,1,-26.88046535,-48.83816466,SPRF-SC,DEL04-SC,UOP04-DEL04-SC,2025
"705944,0",2025-07-19,sábado,23:15:00,SC,101,"358,7",SANGAO,Ausência de reação do condutor,Atropelamento de Pedestre,Com Vítimas Feridas,Plena Noite,Crescente,Nevoeiro/Neblina,Múltipla,Reta,Não,3,0,0,2,1,0,2,2,-28.65564595,-49.10872579,SPRF-SC,DEL02-SC,UOP01-DEL02-SC,2025
"705958,0",2025-07-20,domingo,04:30:00,SC,101,"296,8",LAGUNA,Ingestão de álcool pelo condutor,Colisão com objeto,Com Vítimas Feridas,Plena Noite,Crescente,Céu Claro,Múltipla,Reta,Sim,1,0,0,1,0,0,1,1,-28.33408454,-48.73284101,SPRF-SC,DEL02-SC,UOP03-DEL02-SC,2025
"705962,0",2025-07-20,domingo,03:45:00,SC,116,"247,0",LAGES,Ausência de reação do condutor,Capotamento,Sem Vítimas,Plena Noite,Crescente,Nublado,Simples,Rotatória,Sim,1,0,0,0,0,1,0,1,-27.81166175,-50.36839843,SPRF-SC,DEL05-SC,UOP02-DEL05-SC,2025
"705969,0",2025-07-19,sábado,18:20:00,SC,101,"435,5",SOMBRIO,Manobra de mudança de faixa,Colisão lateral mesmo sentido,Com Vítimas Feridas,Plena Noite,Crescente,Céu Claro,Dupla,Reta,Sim,2,0,1,0,1,0,1,2,-29.10694818,-49.63721601,SPRF-SC,DEL02-SC,UOP02-DEL02-SC,2025
"705973,0",2025-07-20,domingo,02:45:00,SC,101,"89,0",BARRA VELHA,Velocidade Incompatível,Capotamento,Com Vítimas Feridas,Plena Noite,Crescente,Céu Claro,Dupla,Reta;Interseção de Vias,Sim,2,0,0,2,0,0,2,1,-26.66919457,-48.68985828,SPRF-SC,DEL03-SC,UOP02-DEL03-SC,2025
"705974,0",2025-07-19,sábado,19:30:00,SC,101,"52,0",JOINVILLE,Pedestre andava na pista,Atropelamento de Pedestre,Com Vítimas Feridas,Plena Noite,Decrescente,Céu Claro,Dupla,Reta,Não,2,0,1,0,1,0,1,2,-26.40502061,-48.83852927,SPRF-SC,DEL03-SC,UOP01-DEL03-SC,2025
"705976,0",2025-07-19,sábado,21:00:00,SC,282,"435,0",VARGEM BONITA,Ausência de reação do condutor,Capotamento,Com Vítimas Feridas,Plena Noite,Decrescente,Nublado,Simples,Aclive,Não,1,0,1,0,0,0,1,1,-26.97014431,-51.85354519,SPRF-SC,DEL07-SC,UOP04-DEL07-SC,2025
"705990,0",2025-07-20,domingo,08:00:00,SC,282,"201,8",LAGES,Ausência de reação do condutor,Saída de leito carroçável,Sem Vítimas,Pleno dia,Decrescente,Nevoeiro/Neblina,Simples,Declive;Reta,Não,1,0,0,0,1,0,0,1,-27.76049441,-50.14323235,SPRF-SC,DEL05-SC,UOP01-DEL05-SC,2025
"705997,0",2025-07-20,domingo,05:10:00,SC,101,"365,5",SANGAO,Frear bruscamente,Saída de leito carroçável,Com Vítimas Fatais,Plena Noite,Decrescente,Nevoeiro/Neblina,Dupla,Reta;Interseção de Vias,Não,3,2,1,0,0,0,1,1,-28.690621,-49.162653,SPRF-SC,DEL02-SC,UOP01-DEL02-SC,2025
"706000,0",2025-07-20,domingo,06:45:00,SC,101,"355,0",SANGAO,Ingestão de álcool pelo condutor,Saída de leito carroçável,Sem Vítimas,Amanhecer,Decrescente,Nevoeiro/Neblina,Dupla,Curva;Aclive,Não,1,0,0,0,1,0,0,1,-28.63438958,-49.09385411,SPRF-SC,DEL02-SC,UOP01-DEL02-SC,2025
"706003,0",2025-07-20,domingo,11:15:00,SC,101,"119,5",ITAJAI,Condutor deixou de manter distância do veículo da frente,Colisão traseira,Com Vítimas Feridas,Pleno dia,Crescente,Céu Claro,Dupla,Reta,Sim,3,0,2,0,1,0,2,2,-26.90380201,-48.71612549,SPRF-SC,DEL04-SC,UOP04-DEL04-SC,2025
"706004,0",2025-07-20,domingo,07:05:00,SC,163,"71,5",SAO MIGUEL DO OESTE,Ingestão de álcool pelo condutor,Colisão com objeto,Com Vítimas Feridas,Pleno dia,Decrescente,Céu Claro,Dupla,Reta,Sim,1,0,1,0,0,0,1,1,-26.72408943,-53.51381421,SPRF-SC,DEL07-SC,UOP03-DEL07-SC,2025
"706033,0",2025-07-20,domingo,14:54:00,SC,470,"54,4",BLUMENAU,Acessar a via sem observar a presença dos outros veículos,Colisão lateral mesmo sentido,Com Vítimas Feridas,Pleno dia,Decrescente,Céu Claro,Simples,Interseção de Vias,Sim,3,0,1,0,2,0,1,2,-26.86522952,-49.09940511,SPRF-SC,DEL04-SC,UOP01-DEL04-SC,2025
"706052,0",2025-07-20,domingo,17:15:00,SC,101,"119,0",ITAJAI,Manobra de mudança de faixa,Colisão lateral mesmo sentido,Com Vítimas Feridas,Pleno dia,Crescente,Céu Claro,Dupla,Reta,Sim,3,0,2,0,1,0,2,2,-26.90380201,-48.71612549,SPRF-SC,DEL04-SC,UOP04-DEL04-SC,2025
"706061,0",2025-07-20,domingo,17:40:00,SC,470,"115,0",IBIRAMA,Transitar no Acostamento,Atropelamento de Pedestre,Com Vítimas Feridas,Anoitecer,Decrescente,Céu Claro,Simples,Reta,Sim,9,0,0,1,8,0,1,2,-27.07839452,-49.49071594,SPRF-SC,DEL04-SC,UOP02-DEL04-SC,2025
"706065,0",2025-07-20,domingo,18:10:00,SC,101,"91,0",BARRA VELHA,Condutor deixou de manter distância do veículo da frente,Colisão traseira,Com Vítimas Feridas,Plena Noite,Crescente,Céu Claro,Simples,Viaduto;Reta,Não,3,0,2,0,1,0,2,2,-26.68042613,-48.69321791,SPRF-SC,DEL03-SC,UOP02-DEL03-SC,2025
"706074,0",2025-07-20,domingo,18:30:00,SC,101,"145,0",ITAPEMA,Manobra de mudança de faixa,Colisão lateral mesmo sentido,Com Vítimas Feridas,Plena Noite,Decrescente,Céu Claro,Dupla,Curva,Sim,3,0,1,1,1,0,2,2,-27.08205079,-48.60166876,SPRF-SC,DEL04-SC,UOP03-DEL04-SC,2025
"706081,0",2025-07-20,domingo,18:40:00,SC,470,"35,3",GASPAR,Ultrapassagem Indevida,Saída de leito carroçável,Com Vítimas Feridas,Plena Noite,Crescente,Nublado,Simples,Reta;Desvio Temporário;Declive;Em Obras,Não,5,0,0,1,4,0,1,3,-26.91306788,-48.9627707,SPRF-SC,DEL04-SC,UOP01-DEL04-SC,2025
"706085,0",2025-07-20,domingo,19:10:00,SC,280,"23,5",ARAQUARI,Acessar a via sem observar a presença dos outros veículos,Colisão transversal,Com Vítimas Feridas,Plena Noite,Decrescente,Céu Claro,Simples,Reta;Interseção de Vias,Sim,2,0,1,0,1,0,1,2,-26.374312,-48.715955,SPRF-SC,DEL03-SC,UOP03-DEL03-SC,2025
"706095,0",2025-07-20,domingo,19:40:00,SC,101,"204,9",SAO JOSE,Condutor deixou de manter distância do veículo da frente,Colisão traseira,Com Vítimas Feridas,Plena Noite,Crescente,Céu Claro,Dupla,Reta,Sim,3,0,0,1,2,0,1,3,-27.58169,-48.614772,SPRF-SC,DEL01-SC,UOP01-DEL01-SC,2025
"706106,0",2025-07-20,domingo,18:30:00,SC,282,"103,8",ALFREDO WAGNER,Ausência de reação do condutor,Colisão frontal,Com Vítimas Feridas,Anoitecer,Crescente,Céu Claro,Simples,Interseção de Vias,Sim,2,0,2,0,0,0,2,2,-27.695955,-49.332487,SPRF-SC,DEL01-SC,UOP03-DEL01-SC,2025
"706128,0",2025-07-20,domingo,19:00:00,SC,470,"317,5",CAMPOS NOVOS,Ingestão de álcool pelo condutor,Saída de leito carroçável,Sem Vítimas,Plena Noite,Crescente,Nublado,Simples,Reta,Sim,1,0,0,0,1,0,0,1,-27.408041,-51.212379,SPRF-SC,DEL07-SC,UOP06-DEL07-SC,2025
"706130,0",2025-07-20,domingo,22:30:00,SC,101,"209,0",SAO JOSE,Reação tardia ou ineficiente do condutor,Tombamento,Com Vítimas Fatais,Plena Noite,Crescente,Céu Claro,Múltipla,Reta,Sim,2,2,0,0,0,0,0,1,-27.609785,-48.638748,SPRF-SC,DEL01-SC,UOP01-DEL01-SC,2025
"706141,0",2025-07-20,domingo,22:30:00,SC,280,"57,8",GUARAMIRIM,Ingestão de álcool pelo condutor,Colisão com objeto,Com Vítimas Feridas,Plena Noite,Decrescente,Nublado,Dupla,Curva;Rotatória,Sim,1,0,1,0,0,0,1,1,-26.474578,-49.019597,SPRF-SC,DEL03-SC,UOP03-DEL03-SC,2025
"706184,0",2025-06-26,quinta-feira,19:20:00,SC,280,"231,7",CANOINHAS,Acessar a via sem observar a presença dos outros veículos,Colisão transversal,Com Vítimas Feridas,Plena Noite,Crescente,Nublado,Simples,Interseção de Vias,Sim,2,0,1,0,1,0,1,1,-26.18997,-50.37875,SPRF-SC,DEL06-SC,UOP04-DEL06-SC,2025
"706197,0",2025-07-21,segunda-feira,07:00:00,SC,280,"166,4",MAFRA,Acessar a via sem observar a presença dos outros veículos,Colisão transversal,Com Vítimas Feridas,Pleno dia,Decrescente,Nevoeiro/Neblina,Simples,Interseção de Vias;Curva,Sim,2,0,1,0,1,0,1,2,-26.17635293,-49.8169148,SPRF-SC,DEL06-SC,UOP01-DEL06-SC,2025
"706198,0",2025-07-21,segunda-feira,07:40:00,SC,101,"214,0",PALHOCA,Acessar a via sem observar a presença dos outros veículos,Colisão traseira,Com Vítimas Feridas,Pleno dia,Decrescente,Céu Claro,Múltipla,Reta,Sim,2,0,1,0,1,0,1,2,-27.644551,-48.670514,SPRF-SC,DEL01-SC,UOP02-DEL01-SC,2025
"706202,0",2025-07-21,segunda-feira,07:50:00,SC,101,"414,9",ARARANGUA,Manobra de mudança de faixa,Tombamento,Com Vítimas Feridas,Pleno dia,Decrescente,Nevoeiro/Neblina,Múltipla,Aclive;Curva;Viaduto,Sim,1,0,1,0,0,0,1,1,-28.96393226,-49.52226726,SPRF-SC,DEL02-SC,UOP02-DEL02-SC,2025
"706215,0",2025-07-21,segunda-feira,08:00:00,SC,116,"206,0",PONTE ALTA,Acessar a via sem observar a presença dos outros veículos,Colisão transversal,Com Vítimas Feridas,Pleno dia,Decrescente,Céu Claro,Simples,Rotatória,Sim,3,0,2,0,1,0,2,2,-27.47230503,-50.38186312,SPRF-SC,DEL05-SC,UOP03-DEL05-SC,2025
"706224,0",2025-07-21,segunda-feira,09:30:00,SC,101,"212,9",PALHOCA,Condutor deixou de manter distância do veículo da frente,Engavetamento,Com Vítimas Feridas,Pleno dia,Crescente,Céu Claro,Dupla,Reta,Sim,3,0,1,0,2,0,1,3,-27.63525401,-48.66410355,SPRF-SC,DEL01-SC,UOP02-DEL01-SC,2025
"706232,0",2025-07-21,segunda-feira,06:50:00,SC,101,"316,0",PESCARIA BRAVA,Animais na Pista,Atropelamento de Animal,Com Vítimas Feridas,Amanhecer,Crescente,Céu Claro,Dupla,Reta;Declive,Não,3,0,1,1,0,1,2,3,-28.425693,-48.858668,SPRF-SC,DEL02-SC,UOP01-DEL02-SC,2025
"706256,0",2025-07-19,sábado,10:20:00,SC,470,"45,0",BLUMENAU,Objeto estático sobre o leito carroçável,Colisão traseira,Sem Vítimas,Pleno dia,Decrescente,Céu Claro,Simples,Reta,Não,2,0,0,0,2,0,0,2,-26.86196579,-49.04148951,SPRF-SC,DEL04-SC,UOP01-DEL04-SC,2025
"706258,0",2025-07-21,segunda-feira,13:40:00,SC,282,"0,2",FLORIANOPOLIS,Mal súbito do condutor,Colisão com objeto,Com Vítimas Feridas,Pleno dia,Crescente,Céu Claro,Múltipla,Curva,Sim,1,0,0,1,0,0,1,1,-27.5989903,-48.5772279,SPRF-SC,DEL01-SC,UOP01-DEL01-SC,2025
"706264,0",2025-07-21,segunda-feira,13:55:00,SC,101,"214,6",PALHOCA,Manobra de mudança de faixa,Colisão lateral mesmo sentido,Com Vítimas Feridas,Pleno dia,Decrescente,Céu Claro,Múltipla,Reta,Sim,3,0,2,0,1,0,2,2,-27.649094,-48.673788,SPRF-SC,DEL01-SC,UOP02-DEL01-SC,2025
"706301,0",2025-07-21,segunda-feira,15:00:00,SC,101,"14,0",GARUVA,Avarias e/ou desgaste excessivo no pneu,Queda de ocupante de veículo,Com Vítimas Feridas,Pleno dia,Decrescente,Céu Claro,Dupla,Reta,Não,2,0,1,0,1,0,1,1,-26.07862617,-48.8616702,SPRF-SC,DEL03-SC,UOP01-DEL03-SC,2025
"706305,0",2025-07-21,segunda-feira,17:40:00,SC,101,"177,0",GOVERNADOR CELSO RAMOS,Reação tardia ou ineficiente do condutor,Colisão traseira,Sem Vítimas,Anoitecer,Decrescente,Céu Claro,Múltipla,Reta,Não,1,0,0,0,1,0,0,1,-27.356,-48.632,SPRF-SC,DEL01-SC,UOP01-DEL01-SC,2025
"706310,0",2025-07-21,segunda-feira,16:30:00,SC,470,"57,0",BLUMENAU,Reação tardia ou ineficiente do condutor,Atropelamento de Pedestre,Com Vítimas Feridas,Pleno dia,Crescente,Sol,Simples,Interseção de Vias,Sim,2,0,1,0,0,1,1,2,-26.88245417,-49.14194075,SPRF-SC,DEL04-SC,UOP01-DEL04-SC,2025
"706334,0",2025-07-21,segunda-feira,14:40:00,SC,282,"509,4",XANXERE,Condutor deixou de manter distância do veículo da frente,Engavetamento,Com Vítimas Feridas,Pleno dia,Crescente,Sol,Simples,Reta,Não,4,0,1,0,2,1,1,4,-26.891867,-52.458655,SPRF-SC,DEL07-SC,UOP01-DEL07-SC,2025
"706347,0",2025-07-21,segunda-feira,16:00:00,SC,101,"156,0",PORTO BELO,Acessar a via sem observar a presença dos outros veículos,Colisão traseira,Com Vítimas Feridas,Pleno dia,Crescente,Céu Claro,Simples,Reta,Sim,2,0,1,0,1,0,1,2,-27.14580826,-48.61411572,SPRF-SC,DEL04-SC,UOP03-DEL04-SC,2025
"706362,0",2025-07-21,segunda-feira,23:00:00,SC,101,"206,5",SAO JOSE,Reação tardia ou ineficiente do condutor,Colisão lateral mesmo sentido,Com Vítimas Feridas,Plena Noite,Crescente,Nublado,Múltipla,Curva,Não,2,0,1,0,1,0,1,2,-27.59692,-48.61998,SPRF-SC,DEL01-SC,UOP01-DEL01-SC,2025
"706364,0",2025-07-21,segunda-feira,23:15:00,SC,101,"188,0",BIGUACU,Objeto estático sobre o leito carroçável,Colisão com objeto,Com Vítimas Feridas,Plena Noite,Decrescente,Céu Claro,Múltipla,Reta,Não,1,0,1,0,0,0,1,1,-27.488,-48.631,SPRF-SC,DEL01-SC,UOP01-DEL01-SC,2025
"706387,0",2025-07-22,terça-feira,07:25:00,SC,101,"210,1",SAO JOSE,Reação tardia ou ineficiente do condutor,Colisão traseira,Com Vítimas Feridas,Pleno dia,Crescente,Céu Claro,Dupla,Reta,Sim,2,0,1,0,1,0,1,2,-27.61767807,-48.64668846,SPRF-SC,DEL01-SC,UOP01-DEL01-SC,2025
"706399,0",2025-07-22,terça-feira,07:40:00,SC,101,"203,0",SAO JOSE,Manobra de mudança de faixa,Colisão traseira,Com Vítimas Feridas,Pleno dia,Crescente,Céu Claro,Simples,Reta,Sim,2,0,1,0,1,0,1,2,-27.56512,-48.614875,SPRF-SC,DEL01-SC,UOP01-DEL01-SC,2025
"706410,0",2025-07-22,terça-feira,05:50:00,SC,282,"588,0",SAUDADES,Pedestre andava na pista,Atropelamento de Pedestre,Com Vítimas Fatais,Plena Noite,Crescente,Céu Claro,Simples,Reta,Não,3,1,0,0,1,1,0,2,-26.8262938,-53.0538963,SPRF-SC,DEL07-SC,UOP02-DEL07-SC,2025
"706433,0",2025-07-22,terça-feira,11:00:00,SC,101,"155,3",PORTO BELO,Condutor deixou de manter distância do veículo da frente,Colisão transversal,Com Vítimas Feridas,Pleno dia,Decrescente,Sol,Simples,Reta;Interseção de Vias,Sim,2,0,1,0,1,0,1,2,-27.1705228,-48.61125112,SPRF-SC,DEL04-SC,UOP03-DEL04-SC,2025
"706451,0",2025-07-18,sexta-feira,18:40:00,SC,101,"209,9",SAO JOSE,Reação tardia ou ineficiente do condutor,Colisão traseira,Com Vítimas Feridas,Plena Noite,Crescente,Céu Claro,Dupla,Reta,Sim,3,0,1,0,1,1,1,2,-27.616458,-48.645572,SPRF-SC,DEL01-SC,UOP01-DEL01-SC,2025
"706466,0",2025-07-22,terça-feira,13:45:00,SC,101,"30,0",JOINVILLE,Reação tardia ou ineficiente do condutor,Tombamento,Com Vítimas Feridas,Pleno dia,Decrescente,Sol,Dupla,Reta,Sim,2,0,2,0,0,0,2,1,-26.22559466,-48.91608685,SPRF-SC,DEL03-SC,UOP01-DEL03-SC,2025
"706489,0",2025-07-22,terça-feira,15:30:00,SC,282,"531,2",CORDILHEIRA ALTA,Acessar a via sem observar a presença dos outros veículos,Queda de ocupante de veículo,Com Vítimas Feridas,Pleno dia,Decrescente,Céu Claro,Simples,Reta,Não,3,0,1,0,2,0,1,2,-26.9934677,-52.6115467,SPRF-SC,DEL07-SC,UOP01-DEL07-SC,2025
"706492,0",2025-07-22,terça-feira,15:40:00,SC,101,"213,1",PALHOCA,Reação tardia ou ineficiente do condutor,Colisão lateral mesmo sentido,Com Vítimas Feridas,Pleno dia,Decrescente,Céu Claro,Múltipla,Reta,Sim,3,0,1,0,2,0,1,3,-27.638287,-48.665753,SPRF-SC,DEL01-SC,UOP02-DEL01-SC,2025
"706520,0",2025-07-22,terça-feira,14:20:00,SC,470,"270,5",BRUNOPOLIS,Acessar a via sem observar a presença dos outros veículos,Colisão com objeto,Sem Vítimas,Pleno dia,Crescente,Céu Claro,Simples,Interseção de Vias;Reta,Não,2,0,0,0,2,0,0,2,-27.324,-50.776825,SPRF-SC,DEL07-SC,UOP06-DEL07-SC,2025
"706541,0",2025-07-22,terça-feira,18:33:00,SC,282,"0,9",FLORIANOPOLIS,Condutor deixou de manter distância do veículo da frente,Colisão traseira,Com Vítimas Feridas,Plena Noite,Crescente,Céu Claro,Múltipla,Reta,Sim,2,0,1,0,1,0,1,2,-27.60137769,-48.57830135,SPRF-SC,DEL01-SC,UOP01-DEL01-SC,2025
"706551,0",2025-07-22,terça-feira,19:34:00,SC,282,"17,9",PALHOCA,Acessar a via sem observar a presença dos outros veículos,Colisão transversal,Com Vítimas Feridas,Plena Noite,Crescente,Céu Claro,Simples,Reta,Não,3,0,1,1,1,0,2,2,-27.67257325,-48.69408846,SPRF-SC,DEL01-SC,UOP02-DEL01-SC,2025
"706568,0",2025-07-22,terça-feira,20:05:00,SC,470,"144,6",RIO DO SUL,Reação tardia ou ineficiente do condutor,Saída de leito carroçável,Com Vítimas Feridas,Plena Noite,Crescente,Céu Claro,Simples,Reta,Sim,2,0,0,2,0,0,2,1,-27.229755,-49.669098,SPRF-SC,DEL04-SC,UOP02-DEL04-SC,2025
"706576,0",2025-07-22,terça-feira,21:00:00,SC,101,"199,7",SAO JOSE,Demais falhas mecânicas ou elétricas,Colisão com objeto,Sem Vítimas,Plena Noite,Decrescente,Céu Claro,Dupla,Aclive;Curva,Sim,1,0,0,0,1,0,0,1,-27.538311,-48.624613,SPRF-SC,DEL01-SC,UOP01-DEL01-SC,2025
"706581,0",2025-07-18,sexta-feira,19:40:00,SC,101,"204,0",SAO JOSE,Condutor deixou de manter distância do veículo da frente,Colisão traseira,Com Vítimas Feridas,Plena Noite,Decrescente,Céu Claro,Dupla,Reta,Sim,2,0,1,0,1,0,1,2,-27.58207,-48.61493,SPRF-SC,DEL01-SC,UOP01-DEL01-SC,2025
"706590,0",2025-07-22,terça-feira,23:40:00,SC,101,"164,5",TIJUCAS,Reação tardia ou ineficiente do condutor,Tombamento,Com Vítimas Feridas,Plena Noite,Crescente,Céu Claro,Simples,Interseção de Vias,Não,1,0,1,0,0,0,1,1,-27.23997867,-48.63063812,SPRF-SC,DEL04-SC,UOP03-DEL04-SC,2025
"706597,0",2025-07-23,quarta-feira,00:10:00,SC,280,"18,6",BALNEARIO BARRA DO SUL,Reação tardia ou ineficiente do condutor,Capotamento,Com Vítimas Feridas,Plena Noite,Decrescente,Nublado,Simples,Curva,Sim,1,0,1,0,0,0,1,1,-26.36898,-48.66983,SPRF-SC,DEL03-SC,UOP03-DEL03-SC,2025
"706614,0",2025-07-23,quarta-feira,06:40:00,SC,101,"211,1",PALHOCA,Reação tardia ou ineficiente do condutor,Colisão traseira,Com Vítimas Feridas,Pleno dia,Decrescente,Nublado,Múltipla,Reta,Sim,2,0,1,0,1,0,1,2,-27.624173,-48.653037,SPRF-SC,DEL01-SC,UOP02-DEL01-SC,2025
"706618,0",2025-07-22,terça-feira,14:30:00,SC,470,"80,2",RODEIO,Condutor Dormindo,Saída de leito carroçável,Com Vítimas Feridas,Pleno dia,Crescente,Céu Claro,Simples,Curva,Sim,1,0,1,0,0,0,1,1,-26.94822488,-49.31879489,SPRF-SC,DEL04-SC,UOP01-DEL04-SC,2025
"706643,0",2025-07-23,quarta-feira,09:20:00,SC,101,"216,2",PALHOCA,Manobra de mudança de faixa,Colisão lateral mesmo sentido,Com Vítimas Feridas,Pleno dia,Decrescente,Nublado,Múltipla,Reta,Sim,3,0,2,0,1,0,2,2,-27.6618877,-48.67626635,SPRF-SC,DEL01-SC,UOP02-DEL01-SC,2025
"706657,0",2025-07-23,quarta-feira,08:15:00,SC,101,"128,0",CAMBORIU,Avarias e/ou desgaste excessivo no pneu,Tombamento,Com Vítimas Feridas,Pleno dia,Crescente,Nublado,Dupla,Reta,Sim,1,0,1,0,0,0,1,1,-26.97501577,-48.68268625,SPRF-SC,DEL04-SC,UOP04-DEL04-SC,2025
"706674,0",2025-07-23,quarta-feira,12:00:00,SC,101,"200,0",BIGUACU,Condutor deixou de manter distância do veículo da frente,Colisão traseira,Com Vítimas Feridas,Pleno dia,Decrescente,Sol,Múltipla,Reta,Sim,9,0,1,0,8,0,1,2,-27.4704378,-48.6411222,SPRF-SC,DEL01-SC,UOP01-DEL01-SC,2025
"706681,0",2025-07-23,quarta-feira,12:20:00,SC,101,"148,0",ITAPEMA,Reação tardia ou ineficiente do condutor,Colisão traseira,Com Vítimas Feridas,Pleno dia,Crescente,Céu Claro,Simples,Retorno Regulamentado,Sim,2,0,1,0,1,0,1,2,-27.0659471,-48.5955684,SPRF-SC,DEL04-SC,UOP03-DEL04-SC,2025
"706685,0",2025-07-23,quarta-feira,11:40:00,SC,470,"130,0",LONTRAS,Ausência de reação do condutor,Colisão traseira,Com Vítimas Feridas,Pleno dia,Decrescente,Céu Claro,Simples,Em Obras;Declive;Reta,Sim,4,0,1,0,3,0,1,2,-27.15949608,-49.55653064,SPRF-SC,DEL04-SC,UOP02-DEL04-SC,2025
"706686,0",2025-07-23,quarta-feira,12:30:00,SC,280,"23,5",ARAQUARI,Acessar a via sem observar a presença dos outros veículos,Colisão transversal,Com Vítimas Feridas,Pleno dia,Crescente,Céu Claro,Simples,Reta,Sim,2,0,1,0,1,0,1,2,-26.375832,-48.717422,SPRF-SC,DEL03-SC,UOP03-DEL03-SC,2025
"706695,0",2025-07-23,quarta-feira,14:30:00,SC,101,"217,8",PALHOCA,Manobra de mudança de faixa,Colisão lateral mesmo sentido,Com Vítimas Feridas,Pleno dia,Decrescente,Céu Claro,Dupla,Reta,Não,2,0,2,0,0,0,2,2,-27.67622612,-48.67017237,SPRF-SC,DEL01-SC,UOP02-DEL01-SC,2025
"706696,0",2025-06-13,sexta-feira,18:50:00,SC,282,"559,8",NOVA ITABERABA,Acessar a via sem observar a presença dos outros veículos,Colisão lateral sentido oposto,Com Vítimas Feridas,Plena Noite,Decrescente,Céu Claro,Simples,Reta,Não,5,0,4,1,0,0,5,2,-26.927185,-52.846452,SPRF-SC,DEL07-SC,UOP01-DEL07-SC,2025
"706708,0",2025-07-21,segunda-feira,22:00:00,SC,101,"138,0",BALNEARIO CAMBORIU,Reação tardia ou ineficiente do condutor,Tombamento,Com Vítimas Feridas,Plena Noite,Crescente,Céu Claro,Dupla,Reta,Sim,2,0,2,0,0,0,2,1,-27.02760129,-48.60685229,SPRF-SC,DEL04-SC,UOP03-DEL04-SC,2025