id,data_inversa,dia_semana,horario,uf,br,km,municipio,causa_acidente,tipo_acidente,classificacao_acidente,fase_dia,sentido_via,condicao_metereologica,tipo_pista,tracado_via,uso_solo,pessoas,mortos,feridos_leves,feridos_graves,ilesos,ignorados,feridos,veiculos,latitude,longitude,regional,delegacia,uop,ano_arquivo
"706727,0",2025-07-23,quarta-feira,15:00:00,SC,101,"130,0",CAMBORIU,Trafegar com motocicleta (ou similar) entre as faixas,Colisão lateral mesmo sentido,Sem Vítimas,Pleno dia,Crescente,Céu Claro,Dupla,Reta,Sim,2,0,0,0,2,0,0,2,-26.98844852,-48.66659045,SPRF-SC,DEL04-SC,UOP03-DEL04-SC,2025
"706732,0",2025-07-23,quarta-feira,16:45:00,SC,116,"5,5",MAFRA,Acesso irregular,Colisão transversal,Sem Vítimas,Pleno dia,Crescente,Céu Claro,Simples,Interseção de Vias;Em Obras,Sim,2,0,0,0,2,0,0,2,-26.14465879,-49.82049092,SPRF-SC,DEL06-SC,UOP01-DEL06-SC,2025
"706745,0",2025-07-23,quarta-feira,18:43:00,SC,158,"111,8",CUNHA PORA,Iluminação deficiente,Saída de leito carroçável,Com Vítimas Feridas,Plena Noite,Decrescente,Céu Claro,Dupla,Retorno Regulamentado,Não,2,0,1,0,1,0,1,1,-26.90392912,-53.18833159,SPRF-SC,DEL07-SC,UOP02-DEL07-SC,2025
"706758,0",2025-07-23,quarta-feira,18:35:00,SC,101,"47,9",JOINVILLE,Velocidade Incompatível,Colisão traseira,Com Vítimas Feridas,Plena Noite,Crescente,Nublado,Dupla,Curva,Não,2,0,2,0,0,0,2,2,-26.37033987,-48.85757446,SPRF-SC,DEL03-SC,UOP01-DEL03-SC,2025
"706760,0",2025-07-23,quarta-feira,18:15:00,SC,101,"155,7",PORTO BELO,Condutor deixou de manter distância do veículo da frente,Tombamento,Com Vítimas Feridas,Plena Noite,Crescente,Nublado,Múltipla,Reta,Sim,1,0,1,0,0,0,1,1,-27.16997874,-48.61160517,SPRF-SC,DEL04-SC,UOP03-DEL04-SC,2025
"706782,0",2025-07-23,quarta-feira,23:00:00,SC,101,"36,9",PALHOCA,Ingestão de álcool pelo condutor,Tombamento,Com Vítimas Feridas,Plena Noite,Crescente,Ignorado,Dupla,Reta,Não,1,0,1,0,0,0,1,1,-27.6337375,-48.70550243,SPRF-SC,DEL01-SC,UOP02-DEL01-SC,2025
"706798,0",2025-07-24,quinta-feira,03:45:00,SC,101,"197,0",BIGUACU,Ausência de reação do condutor,Saída de leito carroçável,Sem Vítimas,Plena Noite,Decrescente,Céu Claro,Múltipla,Reta,Não,1,0,0,0,1,0,0,1,-27.52000196,-48.63773847,SPRF-SC,DEL01-SC,UOP01-DEL01-SC,2025
"706799,0",2025-07-24,quinta-feira,03:00:00,SC,101,"359,6",SANGAO,Condutor Dormindo,Colisão com objeto,Com Vítimas Feridas,Plena Noite,Decrescente,Céu Claro,Múltipla,Reta,Não,2,0,1,0,1,0,1,1,-28.66257498,-49.11266327,SPRF-SC,DEL02-SC,UOP01-DEL02-SC,2025
"706813,0",2025-07-24,quinta-feira,07:00:00,SC,470,"41,7",GASPAR,Acessar a via sem observar a presença dos outros veículos,Colisão frontal,Com Vítimas Feridas,Amanhecer,Decrescente,Nublado,Simples,Aclive;Reta,Não,2,0,0,1,1,0,1,2,-26.87695161,-49.00281994,SPRF-SC,DEL04-SC,UOP01-DEL04-SC,2025
"706896,0",2025-07-24,quinta-feira,15:15:00,SC,101,"29,7",JOINVILLE,Ausência de reação do condutor,Engavetamento,Com Vítimas Feridas,Pleno dia,Crescente,Garoa/Chuvisco,Dupla,Declive;Reta,Não,5,0,3,0,2,0,3,3,-26.22306973,-48.91638692,SPRF-SC,DEL03-SC,UOP01-DEL03-SC,2025
"706903,0",2025-07-24,quinta-feira,16:00:00,SC,101,"155,6",PORTO BELO,Condutor deixou de manter distância do veículo da frente,Engavetamento,Com Vítimas Feridas,Pleno dia,Decrescente,Chuva,Dupla,Reta,Sim,4,0,1,0,3,0,1,3,-27.16709612,-48.61106873,SPRF-SC,DEL04-SC,UOP03-DEL04-SC,2025
"706908,0",2025-07-24,quinta-feira,16:15:00,SC,101,"186,0",BIGUACU,Reação tardia ou ineficiente do condutor,Colisão com objeto,Com Vítimas Feridas,Pleno dia,Crescente,Chuva,Dupla,Curva,Sim,1,0,1,0,0,0,1,1,-27.435319,-48.626099,SPRF-SC,DEL01-SC,UOP01-DEL01-SC,2025
"706916,0",2025-07-24,quinta-feira,18:30:00,SC,470,"22,0",ILHOTA,Ausência de reação do condutor,Saída de leito carroçável,Com Vítimas Feridas,Plena Noite,Crescente,Chuva,Dupla,Reta,Não,1,0,1,0,0,0,1,1,-26.87942495,-48.83314557,SPRF-SC,DEL04-SC,UOP04-DEL04-SC,2025
"706927,0",2025-07-24,quinta-feira,17:30:00,SC,280,"127,9",RIO NEGRINHO,Conversão proibida,Colisão lateral mesmo sentido,Com Vítimas Feridas,Anoitecer,Crescente,Céu Claro,Simples,Reta;Aclive;Interseção de Vias,Sim,2,0,1,0,1,0,1,2,-26.24287117,-49.51246111,SPRF-SC,DEL06-SC,UOP03-DEL06-SC,2025
"706941,0",2025-07-24,quinta-feira,18:00:00,SC,280,"28,5",ARAQUARI,Acessar a via sem observar a presença dos outros veículos,Colisão lateral mesmo sentido,Com Vítimas Feridas,Plena Noite,Decrescente,Garoa/Chuvisco,Simples,Reta;Em Obras,Sim,2,0,2,0,0,0,2,2,-26.40805282,-48.74962091,SPRF-SC,DEL03-SC,UOP03-DEL03-SC,2025
"706967,0",2025-07-24,quinta-feira,20:20:00,SC,101,"202,0",SAO JOSE,Condutor deixou de manter distância do veículo da frente,Colisão traseira,Com Vítimas Feridas,Plena Noite,Crescente,Chuva,Dupla,Reta,Sim,2,0,1,0,1,0,1,2,-27.557725,-48.618582,SPRF-SC,DEL01-SC,UOP01-DEL01-SC,2025
"706997,0",2025-07-24,quinta-feira,22:40:00,SC,480,"127,7",CHAPECO,Velocidade Incompatível,Colisão com objeto,Com Vítimas Feridas,Plena Noite,Crescente,Céu Claro,Simples,Reta,Sim,2,0,0,2,0,0,2,1,-27.0366885,-52.6342897,SPRF-SC,DEL07-SC,UOP01-DEL07-SC,2025
"706998,0",2025-07-24,quinta-feira,23:30:00,SC,101,"2,0",ARARANGUA,Ingestão de álcool pelo condutor,Colisão com objeto,Sem Vítimas,Plena Noite,Decrescente,Chuva,Simples,Ponte;Reta,Sim,1,0,0,0,1,0,0,1,-28.93737161,-49.49588583,SPRF-SC,DEL02-SC,UOP02-DEL02-SC,2025
"707013,0",2025-07-25,sexta-feira,05:00:00,SC,101,"126,0",ITAJAI,Ausência de reação do condutor,Saída de leito carroçável,Sem Vítimas,Plena Noite,Crescente,Chuva,Dupla,Curva,Não,1,0,0,0,0,1,0,1,-26.95864467,-48.68033409,SPRF-SC,DEL04-SC,UOP04-DEL04-SC,2025
"707014,0",2025-07-25,sexta-feira,00:00:00,SC,101,"140,0",BALNEARIO CAMBORIU,Reação tardia ou ineficiente do condutor,Capotamento,Sem Vítimas,Plena Noite,Crescente,Céu Claro,Dupla,Curva,Sim,1,0,0,0,0,1,0,1,-27.02913324,-48.60153372,SPRF-SC,DEL04-SC,UOP03-DEL04-SC,2025
"707016,0",2025-07-25,sexta-feira,05:50:00,SC,116,"0,2",MAFRA,Reação tardia ou ineficiente do condutor,Colisão com objeto,Com Vítimas Feridas,Amanhecer,Crescente,Nublado,Simples,Reta;Aclive,Sim,1,0,1,0,0,0,1,1,-26.116125,-49.785908,SPRF-SC,DEL06-SC,UOP01-DEL06-SC,2025
"707043,0",2025-07-25,sexta-feira,06:50:00,SC,101,"109,9",PENHA,Mal súbito do condutor,Tombamento,Com Vítimas Fatais,Amanhecer,Crescente,Garoa/Chuvisco,Dupla,Reta,Não,1,1,0,0,0,0,0,1,-26.83481,-48.704165,SPRF-SC,DEL03-SC,UOP02-DEL03-SC,2025
"707048,0",2025-07-25,sexta-feira,09:47:00,SC,101,"191,0",BIGUACU,Velocidade Incompatível,Saída de leito carroçável,Com Vítimas Feridas,Pleno dia,Crescente,Garoa/Chuvisco,Dupla,Curva,Sim,2,0,1,1,0,0,2,1,-27.47768,-48.64177,SPRF-SC,DEL01-SC,UOP01-DEL01-SC,2025
"707059,0",2025-07-15,terça-feira,06:10:00,SC,282,"5,6",SAO JOSE,Manobra de mudança de faixa,Colisão lateral mesmo sentido,Com Vítimas Feridas,Amanhecer,Decrescente,Céu Claro,Dupla,Curva;Aclive,Sim,2,0,0,1,1,0,1,2,-27.584525,-48.617113,SPRF-SC,DEL01-SC,UOP01-DEL01-SC,2025
"707069,0",2025-07-25,sexta-feira,11:20:00,SC,101,"35,0",JOINVILLE,Mal súbito do condutor,Colisão lateral mesmo sentido,Com Vítimas Feridas,Pleno dia,Crescente,Nublado,Dupla,Reta,Não,2,0,0,1,1,0,1,2,-26.268175,-48.896153,SPRF-SC,DEL03-SC,UOP01-DEL03-SC,2025
"707085,0",2025-07-25,sexta-feira,11:15:00,SC,282,"397,3",JOACABA,Ausência de reação do condutor,Saída de leito carroçável,Com Vítimas Feridas,Pleno dia,Crescente,Céu Claro,Simples,Aclive;Curva,Não,1,0,1,0,0,0,1,1,-27.15316878,-51.60178542,SPRF-SC,DEL07-SC,UOP05-DEL07-SC,2025
"707091,0",2025-07-25,sexta-feira,12:15:00,SC,470,"67,0",INDAIAL,Desrespeitar a preferência no cruzamento,Colisão transversal,Com Vítimas Feridas,Pleno dia,Decrescente,Nublado,Simples,Reta;Interseção de Vias;Viaduto,Sim,3,0,1,0,2,0,1,2,-26.872158,-49.23127,SPRF-SC,DEL04-SC,UOP01-DEL04-SC,2025
"707094,0",2025-07-25,sexta-feira,13:27:00,SC,101,"195,7",BIGUACU,Ausência de reação do condutor,Colisão traseira,Com Vítimas Feridas,Pleno dia,Decrescente,Garoa/Chuvisco,Múltipla,Reta,Sim,2,0,1,0,1,0,1,2,-27.50877,-48.64508,SPRF-SC,DEL01-SC,UOP01-DEL01-SC,2025
"707096,0",2025-07-25,sexta-feira,12:00:00,SC,470,"135,7",RIO DO SUL,Retorno proibido,Colisão transversal,Com Vítimas Feridas,Pleno dia,Decrescente,Nublado,Simples,Declive;Reta,Sim,2,0,0,1,1,0,1,2,-27.183,-49.602,SPRF-SC,DEL04-SC,UOP02-DEL04-SC,2025
"707130,0",2025-07-25,sexta-feira,12:20:00,SC,282,"53,8",AGUAS MORNAS,Velocidade Incompatível,Saída de leito carroçável,Com Vítimas Feridas,Pleno dia,Decrescente,Chuva,Simples,Declive;Curva,Não,3,0,3,0,0,0,3,1,-27.685098,-48.972953,SPRF-SC,DEL01-SC,UOP03-DEL01-SC,2025
"707135,0",2025-07-25,sexta-feira,13:03:00,SC,280,"29,0",ARAQUARI,Acesso irregular,Colisão transversal,Com Vítimas Feridas,Pleno dia,Decrescente,Garoa/Chuvisco,Simples,Reta,Sim,3,0,2,1,0,0,3,2,-26.41649381,-48.77133457,SPRF-SC,DEL03-SC,UOP03-DEL03-SC,2025
"707139,0",2025-07-25,sexta-feira,15:45:00,SC,280,"57,0",GUARAMIRIM,Condutor deixou de manter distância do veículo da frente,Colisão traseira,Com Vítimas Feridas,Pleno dia,Crescente,Nublado,Simples,Reta,Sim,2,0,1,0,1,0,1,2,-26.4735088,-48.97697934,SPRF-SC,DEL03-SC,UOP03-DEL03-SC,2025
"707141,0",2025-07-25,sexta-feira,16:10:00,SC,282,"17,4",PALHOCA,Desrespeitar a preferência no cruzamento,Colisão transversal,Com Vítimas Feridas,Pleno dia,Decrescente,Chuva,Simples,Retorno Regulamentado;Reta,Sim,2,0,1,0,1,0,1,2,-27.669218,-48.69113,SPRF-SC,DEL01-SC,UOP02-DEL01-SC,2025
"707143,0",2025-07-25,sexta-feira,15:40:00,SC,101,"186,0",BIGUACU,Acumulo de água sobre o pavimento,Colisão com objeto,Com Vítimas Feridas,Pleno dia,Crescente,Garoa/Chuvisco,Dupla,Curva,Não,2,0,2,0,0,0,2,1,-27.43670601,-48.62621181,SPRF-SC,DEL01-SC,UOP01-DEL01-SC,2025
"707150,0",2025-07-25,sexta-feira,14:15:00,SC,282,"642,0",SAO MIGUEL DO OESTE,Acessar a via sem observar a presença dos outros veículos,Colisão transversal,Com Vítimas Fatais,Pleno dia,Crescente,Céu Claro,Simples,Reta,Não,6,1,0,1,4,0,1,2,-26.77077537,-53.46302882,SPRF-SC,DEL07-SC,UOP03-DEL07-SC,2025
"707155,0",2025-07-25,sexta-feira,15:40:00,SC,101,"126,0",ITAJAI,Ausência de reação do condutor,Queda de ocupante de veículo,Com Vítimas Feridas,Pleno dia,Crescente,Chuva,Dupla,Reta,Sim,2,0,1,0,0,1,1,2,-26.96029128,-48.68099081,SPRF-SC,DEL04-SC,UOP04-DEL04-SC,2025
"707157,0",2025-07-25,sexta-feira,17:10:00,SC,101,"206,8",SAO JOSE,Ausência de reação do condutor,Tombamento,Com Vítimas Feridas,Anoitecer,Crescente,Garoa/Chuvisco,Dupla,Retorno Regulamentado;Curva;Túnel;Viaduto,Sim,2,0,1,0,1,0,1,2,-27.5994,-48.62246,SPRF-SC,DEL01-SC,UOP01-DEL01-SC,2025
"707161,0",2025-07-25,sexta-feira,16:40:00,SC,280,"4,8",SAO FRANCISCO DO SUL,Velocidade Incompatível,Atropelamento de Pedestre,Com Vítimas Feridas,Pleno dia,Decrescente,Nublado,Simples,Rotatória,Sim,2,0,1,0,0,1,1,2,-26.258047,-48.623221,SPRF-SC,DEL03-SC,UOP03-DEL03-SC,2025
"707173,0",2025-07-25,sexta-feira,18:11:00,SC,101,"205,4",SAO JOSE,Reação tardia ou ineficiente do condutor,Saída de leito carroçável,Com Vítimas Feridas,Anoitecer,Crescente,Garoa/Chuvisco,Múltipla,Curva,Sim,1,0,0,1,0,0,1,1,-27.58656,-48.61728,SPRF-SC,DEL01-SC,UOP01-DEL01-SC,2025
"707187,0",2025-07-25,sexta-feira,14:00:00,SC,116,"103,4",MONTE CASTELO,Demais falhas mecânicas ou elétricas,Incêndio,Sem Vítimas,Pleno dia,Decrescente,Nublado,Simples,Declive;Reta,Não,2,0,0,0,2,0,0,1,-26.7400916,-50.31418562,SPRF-SC,DEL06-SC,UOP02-DEL06-SC,2025
"707196,0",2025-07-25,sexta-feira,19:35:00,SC,282,"15,9",PALHOCA,Retorno proibido,Colisão transversal,Com Vítimas Feridas,Plena Noite,Crescente,Garoa/Chuvisco,Simples,Reta,Sim,2,0,1,0,1,0,1,2,-27.65847795,-48.68174019,SPRF-SC,DEL01-SC,UOP02-DEL01-SC,2025
"707210,0",2025-07-25,sexta-feira,20:10:00,SC,282,"3,9",FLORIANOPOLIS,Reação tardia ou ineficiente do condutor,Colisão lateral mesmo sentido,Com Vítimas Feridas,Plena Noite,Decrescente,Nublado,Múltipla,Reta;Declive,Sim,4,0,1,0,2,1,1,4,-27.59199307,-48.60548822,SPRF-SC,DEL01-SC,UOP01-DEL01-SC,2025
"707214,0",2025-07-25,sexta-feira,20:40:00,SC,101,"208,7",SAO JOSE,Condutor deixou de manter distância do veículo da frente,Colisão lateral mesmo sentido,Com Vítimas Feridas,Plena Noite,Decrescente,Garoa/Chuvisco,Dupla,Reta,Sim,2,0,0,1,1,0,1,2,-27.615,-48.626,SPRF-SC,DEL01-SC,UOP01-DEL01-SC,2025
"707231,0",2025-07-25,sexta-feira,20:40:00,SC,282,"334,0",CAMPOS NOVOS,Transitar na contramão,Colisão frontal,Com Vítimas Feridas,Plena Noite,Decrescente,Céu Claro,Simples,Reta,Não,3,0,1,2,0,0,3,2,-27.39325961,-51.15371704,SPRF-SC,DEL07-SC,UOP06-DEL07-SC,2025
"707233,0",2025-07-25,sexta-feira,22:00:00,SC,101,"156,0",ITAPEMA,Condutor deixou de manter distância do veículo da frente,Colisão traseira,Sem Vítimas,Plena Noite,Crescente,Céu Claro,Dupla,Reta,Não,2,0,0,0,2,0,0,2,-27.065944,-48.5955417,SPRF-SC,DEL04-SC,UOP03-DEL04-SC,2025
"707234,0",2025-07-25,sexta-feira,19:30:00,SC,282,"504,3",XANXERE,Pedestre cruzava a pista fora da faixa,Atropelamento de Pedestre,Com Vítimas Fatais,Plena Noite,Decrescente,Céu Claro,Dupla,Curva,Sim,2,1,1,0,0,0,1,2,-26.884425,-52.408909,SPRF-SC,DEL07-SC,UOP01-DEL07-SC,2025
"707257,0",2025-07-26,sábado,00:37:00,SC,282,"497,0",XANXERE,Ingestão de álcool pelo condutor,Saída de leito carroçável,Com Vítimas Feridas,Plena Noite,Crescente,Nublado,Simples,Declive;Reta,Não,1,0,1,0,0,0,1,1,-26.8796962,-52.3386305,SPRF-SC,DEL07-SC,UOP01-DEL07-SC,2025
"707270,0",2025-07-26,sábado,04:00:00,SC,116,"2,4",MAFRA,Ingestão de álcool pelo condutor,Colisão traseira,Com Vítimas Feridas,Plena Noite,Crescente,Nevoeiro/Neblina,Simples,Reta,Não,3,0,1,0,2,0,1,2,-26.13016554,-49.79878306,SPRF-SC,DEL06-SC,UOP01-DEL06-SC,2025
"707301,0",2025-07-25,sexta-feira,21:45:00,SC,282,"30,2",SANTO AMARO DA IMPERATRIZ,Reação tardia ou ineficiente do condutor,Saída de leito carroçável,Sem Vítimas,Plena Noite,Decrescente,Chuva,Simples,Curva;Declive,Não,1,0,0,0,1,0,0,1,-27.68848,-48.79222,SPRF-SC,DEL01-SC,UOP03-DEL01-SC,2025
"707319,0",2025-07-26,sábado,09:17:00,SC,101,"91,0",BARRA VELHA,Reação tardia ou ineficiente do condutor,Colisão com objeto,Sem Vítimas,Pleno dia,Crescente,Céu Claro,Dupla,Reta,Sim,1,0,0,0,0,1,0,1,-26.67085408,-48.69022608,SPRF-SC,DEL03-SC,UOP02-DEL03-SC,2025
"707334,0",2025-07-26,sábado,11:40:00,SC,116,"7,0",MAFRA,Acessar a via sem observar a presença dos outros veículos,Colisão transversal,Com Vítimas Feridas,Pleno dia,Crescente,Céu Claro,Simples,Interseção de Vias,Sim,3,0,1,0,2,0,1,2,-26.15235,-49.83193,SPRF-SC,DEL06-SC,UOP01-DEL06-SC,2025
"707338,0",2025-07-26,sábado,11:50:00,SC,101,"207,0",SAO JOSE,Manobra de mudança de faixa,Colisão traseira,Com Vítimas Feridas,Pleno dia,Crescente,Céu Claro,Múltipla,Declive,Sim,2,0,1,0,1,0,1,2,-27.60211284,-48.6292135,SPRF-SC,DEL01-SC,UOP01-DEL01-SC,2025
"707357,0",2025-07-26,sábado,13:25:00,SC,158,"103,5",CUNHA PORA,Ingestão de álcool pelo condutor,Colisão traseira,Com Vítimas Feridas,Pleno dia,Decrescente,Nublado,Simples,Reta;Aclive,Não,2,0,1,0,0,1,1,2,-26.8429031372,-53.1715011597,SPRF-SC,DEL07-SC,UOP02-DEL07-SC,2025
"707380,0",2025-07-26,sábado,14:40:00,SC,280,"56,1",GUARAMIRIM,Ausência de reação do condutor,Colisão com objeto,Com Vítimas Feridas,Pleno dia,Decrescente,Céu Claro,Dupla,Reta,Não,1,0,0,1,0,0,1,1,-26.47953,-49.00813,SPRF-SC,DEL03-SC,UOP03-DEL03-SC,2025
"707385,0",2025-07-26,sábado,15:50:00,SC,101,"399,0",MARACAJA,Transtornos Mentais (exceto suicidio),Saída de leito carroçável,Com Vítimas Feridas,Pleno dia,Decrescente,Nublado,Múltipla,Reta,Sim,1,0,1,0,0,0,1,1,-28.8563168,-49.44034338,SPRF-SC,DEL02-SC,UOP02-DEL02-SC,2025
"707389,0",2025-07-26,sábado,17:15:00,SC,470,"245,0",CURITIBANOS,Acessar a via sem observar a presença dos outros veículos,Colisão lateral mesmo sentido,Sem Vítimas,Pleno dia,Crescente,Céu Claro,Simples,Aclive,Não,7,0,0,0,7,0,0,2,-27.315242,-50.541507,SPRF-SC,DEL05-SC,UOP03-DEL05-SC,2025
"707393,0",2025-07-26,sábado,18:00:00,SC,470,"126,0",LONTRAS,Retorno proibido,Colisão transversal,Com Vítimas Feridas,Pleno dia,Crescente,Céu Claro,Simples,Reta,Não,4,0,2,0,2,0,2,2,-27.13440523,-49.54078523,SPRF-SC,DEL04-SC,UOP02-DEL04-SC,2025
"707403,0",2025-07-26,sábado,18:30:00,SC,101,"137,0",BALNEARIO CAMBORIU,Trafegar com motocicleta (ou similar) entre as faixas,Colisão lateral mesmo sentido,Com Vítimas Feridas,Anoitecer,Decrescente,Céu Claro,Dupla,Reta,Sim,2,0,1,0,1,0,1,2,-27.01408582,-48.61254629,SPRF-SC,DEL04-SC,UOP03-DEL04-SC,2025
"707404,0",2025-07-26,sábado,18:55:00,SC,101,"130,5",CAMBORIU,Manobra de mudança de faixa,Colisão lateral mesmo sentido,Com Vítimas Feridas,Plena Noite,Crescente,Nublado,Dupla,Reta,Sim,2,0,1,0,1,0,1,2,-26.98765548,-48.66548793,SPRF-SC,DEL04-SC,UOP03-DEL04-SC,2025
"707417,0",2025-07-26,sábado,18:50:00,SC,101,"398,3",MARACAJA,Condutor deixou de manter distância do veículo da frente,Colisão traseira,Com Vítimas Feridas,Plena Noite,Decrescente,Nublado,Múltipla,Reta,Não,6,0,2,0,4,0,2,2,-28.851643,-49.436784,SPRF-SC,DEL02-SC,UOP02-DEL02-SC,2025
"707423,0",2025-07-26,sábado,20:10:00,SC,101,"206,0",SAO JOSE,Manobra de mudança de faixa,Colisão lateral mesmo sentido,Com Vítimas Feridas,Plena Noite,Crescente,Céu Claro,Múltipla,Reta,Não,2,0,1,0,0,1,1,2,-27.60097616,-48.62409449,SPRF-SC,DEL01-SC,UOP01-DEL01-SC,2025
"707434,0",2025-07-26,sábado,18:40:00,SC,282,"488,0",FAXINAL DOS GUEDES,Pedestre cruzava a pista fora da faixa,Atropelamento de Pedestre,Com Vítimas Feridas,Anoitecer,Crescente,Nublado,Simples,Declive;Reta,Sim,2,0,0,1,1,0,1,2,-26.85681,-52.260575,SPRF-SC,DEL07-SC,UOP01-DEL07-SC,2025
"707439,0",2025-07-26,sábado,20:01:00,SC,282,"386,0",JOACABA,Ausência de reação do condutor,Tombamento,Com Vítimas Feridas,Plena Noite,Decrescente,Céu Claro,Simples,Declive;Reta,Não,1,0,1,0,0,0,1,1,-27.186891,-51.518451,SPRF-SC,DEL07-SC,UOP05-DEL07-SC,2025
"707458,0",2025-07-26,sábado,19:00:00,SC,280,"81,0",CORUPA,Acesso irregular,Saída de leito carroçável,Sem Vítimas,Plena Noite,Crescente,Céu Claro,Simples,Reta,Não,1,0,0,0,0,1,0,1,-26.43783,-49.235901,SPRF-SC,DEL06-SC,UOP03-DEL06-SC,2025
"707461,0",2025-07-26,sábado,22:35:00,SC,101,"137,5",BALNEARIO CAMBORIU,Reação tardia ou ineficiente do condutor,Saída de leito carroçável,Com Vítimas Feridas,Plena Noite,Decrescente,Céu Claro,Múltipla,Reta,Sim,1,0,1,0,0,0,1,1,-27.01924716,-48.6096495,SPRF-SC,DEL04-SC,UOP03-DEL04-SC,2025
"707490,0",2025-07-27,domingo,01:10:00,SC,101,"155,0",PORTO BELO,Reação tardia ou ineficiente do condutor,Colisão com objeto,Sem Vítimas,Plena Noite,Crescente,Nublado,Múltipla,Reta,Sim,1,0,0,0,1,0,0,1,-27.16354572,-48.61146824,SPRF-SC,DEL04-SC,UOP03-DEL04-SC,2025
"707497,0",2025-07-27,domingo,01:30:00,SC,101,"404,0",ARARANGUA,Ingestão de álcool pelo condutor,Engavetamento,Com Vítimas Feridas,Plena Noite,Crescente,Nublado,Múltipla,Reta,Não,5,0,2,1,2,0,3,3,-28.89289158,-49.4693327,SPRF-SC,DEL02-SC,UOP02-DEL02-SC,2025
"707518,0",2025-07-27,domingo,06:45:00,SC,470,"128,0",LONTRAS,Reação tardia ou ineficiente do condutor,Saída de leito carroçável,Com Vítimas Feridas,Amanhecer,Crescente,Nublado,Simples,Curva,Não,1,0,1,0,0,0,1,1,-27.14730191,-49.55475066,SPRF-SC,DEL04-SC,UOP02-DEL04-SC,2025
"707519,0",2025-07-27,domingo,04:50:00,SC,282,"426,0",VARGEM BONITA,Avarias e/ou desgaste excessivo no pneu,Capotamento,Com Vítimas Feridas,Plena Noite,Crescente,Céu Claro,Simples,Declive;Reta,Não,3,0,1,0,1,1,1,1,-26.97891,-51.757995,SPRF-SC,DEL07-SC,UOP05-DEL07-SC,2025
"707525,0",2025-07-27,domingo,06:48:00,SC,101,"188,0",BIGUACU,Pista Escorregadia,Saída de leito carroçável,Sem Vítimas,Pleno dia,Decrescente,Chuva,Dupla,Curva,Sim,1,0,0,0,1,0,0,1,-27.46071625,-48.63912329,SPRF-SC,DEL01-SC,UOP01-DEL01-SC,2025
"707546,0",2025-07-27,domingo,10:35:00,SC,101,"192,0",BIGUACU,Ingestão de álcool pelo condutor,Colisão traseira,Com Vítimas Feridas,Pleno dia,Crescente,Nublado,Múltipla,Reta,Sim,2,0,1,0,1,0,1,2,-27.48799552,-48.65229813,SPRF-SC,DEL01-SC,UOP01-DEL01-SC,2025
"707548,0",2025-07-27,domingo,10:40:00,SC,101,"228,8",PALHOCA,Acumulo de areia ou detritos sobre o pavimento,Tombamento,Com Vítimas Feridas,Pleno dia,Crescente,Nublado,Simples,Reta,Sim,1,0,1,0,0,0,1,1,-27.76104506,-48.63030553,SPRF-SC,DEL01-SC,UOP02-DEL01-SC,2025
"707588,0",2025-07-26,sábado,14:00:00,SC,116,"98,0",MONTE CASTELO,Ausência de reação do condutor,Saída de leito carroçável,Sem Vítimas,Pleno dia,Crescente,Sol,Simples,Reta,Não,1,0,0,0,0,1,0,1,-26.6964429,-50.2935971,SPRF-SC,DEL06-SC,UOP02-DEL06-SC,2025
"707596,0",2025-07-27,domingo,15:02:00,SC,470,"63,1",INDAIAL,Ultrapassagem Indevida,Colisão lateral mesmo sentido,Com Vítimas Feridas,Pleno dia,Crescente,Céu Claro,Simples,Reta,Não,3,0,0,1,2,0,1,3,-26.87435814,-49.1838154,SPRF-SC,DEL04-SC,UOP01-DEL04-SC,2025
"707624,0",2025-07-27,domingo,15:10:00,SC,101,"13,3",GARUVA,Reação tardia ou ineficiente do condutor,Colisão traseira,Com Vítimas Feridas,Pleno dia,Crescente,Nublado,Dupla,Retorno Regulamentado;Reta,Não,6,0,2,0,4,0,2,2,-26.09221773,-48.86477351,SPRF-SC,DEL03-SC,UOP01-DEL03-SC,2025
"707642,0",2025-07-27,domingo,15:45:00,SC,101,"6,2",BIGUACU,Demais falhas mecânicas ou elétricas,Queda de ocupante de veículo,Com Vítimas Feridas,Pleno dia,Decrescente,Céu Claro,Dupla,Reta,Não,1,0,1,0,0,0,1,1,-27.381147,-48.68464,SPRF-SC,DEL01-SC,UOP01-DEL01-SC,2025
"707662,0",2025-07-27,domingo,19:05:00,SC,470,"116,0",IBIRAMA,Ingestão de álcool pelo condutor,Colisão lateral sentido oposto,Sem Vítimas,Plena Noite,Decrescente,Chuva,Simples,Reta,Sim,3,0,0,0,3,0,0,2,-27.0777005,-49.4927355,SPRF-SC,DEL04-SC,UOP02-DEL04-SC,2025
"707663,0",2025-07-27,domingo,17:42:00,SC,470,"49,4",BLUMENAU,Manobra de mudança de faixa,Colisão lateral mesmo sentido,Sem Vítimas,Anoitecer,Decrescente,Nublado,Dupla,Reta;Interseção de Vias,Não,6,0,0,0,3,3,0,3,-26.86146564,-49.07052781,SPRF-SC,DEL04-SC,UOP01-DEL04-SC,2025
"707668,0",2025-07-27,domingo,19:50:00,SC,101,"331,6",TUBARAO,Ingestão de álcool pelo condutor,Colisão transversal,Sem Vítimas,Plena Noite,Crescente,Chuva,Simples,Interseção de Vias,Sim,2,0,0,0,2,0,0,2,-28.46570059,-48.99599489,SPRF-SC,DEL02-SC,UOP01-DEL02-SC,2025