id,data_inversa,dia_semana,horario,uf,br,km,municipio,causa_acidente,tipo_acidente,classificacao_acidente,fase_dia,sentido_via,condicao_metereologica,tipo_pista,tracado_via,uso_solo,pessoas,mortos,feridos_leves,feridos_graves,ilesos,ignorados,feridos,veiculos,latitude,longitude,regional,delegacia,uop,ano_arquivo
"708706,0",2025-08-01,sexta-feira,19:00:00,SC,101,"206,7",SAO JOSE,Manobra de mudança de faixa,Colisão lateral mesmo sentido,Com Vítimas Feridas,Plena Noite,Crescente,Céu Claro,Múltipla,Reta,Sim,2,0,1,0,1,0,1,2,-27.594558,-48.619262,SPRF-SC,DEL01-SC,UOP01-DEL01-SC,2025
"708709,0",2025-08-01,sexta-feira,14:40:00,SC,163,"66,8",SAO MIGUEL DO OESTE,Desrespeitar a preferência no cruzamento,Colisão transversal,Sem Vítimas,Pleno dia,Decrescente,Céu Claro,Simples,Interseção de Vias;Rotatória,Sim,3,0,0,0,3,0,0,2,-26.76092936,-53.5005641,SPRF-SC,DEL07-SC,UOP03-DEL07-SC,2025
"708716,0",2025-08-01,sexta-feira,17:40:00,SC,101,"50,9",JOINVILLE,Avarias e/ou desgaste excessivo no pneu,Tombamento,Com Vítimas Feridas,Anoitecer,Decrescente,Nublado,Dupla,Reta,Não,1,0,1,0,0,0,1,1,-26.39278703,-48.83929102,SPRF-SC,DEL03-SC,UOP01-DEL03-SC,2025
"708727,0",2025-08-01,sexta-feira,14:30:00,SC,101,"361,0",SANGAO,Objeto estático sobre o leito carroçável,Queda de ocupante de veículo,Com Vítimas Feridas,Pleno dia,Decrescente,Céu Claro,Dupla,Curva,Não,1,0,1,0,0,0,1,1,-28.67256715,-49.12290428,SPRF-SC,DEL02-SC,UOP01-DEL02-SC,2025
"708741,0",2025-08-01,sexta-feira,21:00:00,SC,101,"194,0",BIGUACU,Condutor deixou de manter distância do veículo da frente,Colisão traseira,Com Vítimas Feridas,Plena Noite,Crescente,Céu Claro,Dupla,Reta,Sim,2,0,0,1,1,0,1,2,-27.497455,-48.656892,SPRF-SC,DEL01-SC,UOP01-DEL01-SC,2025
"708749,0",2025-08-01,sexta-feira,21:00:00,SC,282,"533,7",CORDILHEIRA ALTA,Ultrapassagem Indevida,Colisão frontal,Com Vítimas Feridas,Plena Noite,Crescente,Céu Claro,Simples,Reta,Não,2,0,0,1,1,0,1,2,-26.99697293,-52.63262677,SPRF-SC,DEL07-SC,UOP01-DEL07-SC,2025
"708759,0",2025-08-01,sexta-feira,19:50:00,SC,101,"272,0",IMBITUBA,Demais falhas mecânicas ou elétricas,Queda de ocupante de veículo,Com Vítimas Feridas,Plena Noite,Crescente,Céu Claro,Múltipla,Reta,Sim,2,0,1,1,0,0,2,1,-28.126,-48.6953,SPRF-SC,DEL02-SC,UOP03-DEL02-SC,2025
"708778,0",2025-08-01,sexta-feira,23:00:00,SC,282,"506,5",XANXERE,Condutor deixou de manter distância do veículo da frente,Colisão traseira,Com Vítimas Feridas,Plena Noite,Decrescente,Céu Claro,Dupla,Reta,Sim,2,0,0,2,0,0,2,2,-26.88565031,-52.43040411,SPRF-SC,DEL07-SC,UOP01-DEL07-SC,2025
"708783,0",2025-08-02,sábado,00:00:00,SC,101,"10,7",GARUVA,Reação tardia ou ineficiente do condutor,Queda de ocupante de veículo,Com Vítimas Feridas,Plena Noite,Decrescente,Nublado,Simples,Reta,Não,1,0,0,1,0,0,1,1,-26.06816959,-48.86031954,SPRF-SC,DEL03-SC,UOP01-DEL03-SC,2025
"708790,0",2025-08-02,sábado,01:40:00,SC,101,"96,0",BARRA VELHA,Ausência de reação do condutor,Colisão traseira,Com Vítimas Feridas,Plena Noite,Crescente,Garoa/Chuvisco,Múltipla,Reta,Não,2,0,1,0,0,1,1,2,-26.72183266,-48.70165765,SPRF-SC,DEL03-SC,UOP02-DEL03-SC,2025
"708803,0",2025-08-02,sábado,04:00:00,SC,101,"213,4",PALHOCA,Velocidade Incompatível,Colisão com objeto,Com Vítimas Fatais,Plena Noite,Decrescente,Céu Claro,Múltipla,Reta,Sim,1,1,0,0,0,0,0,1,-27.640208,-48.667442,SPRF-SC,DEL01-SC,UOP02-DEL01-SC,2025
"708809,0",2025-08-02,sábado,02:20:00,SC,101,"180,4",BIGUACU,Acessar a via sem observar a presença dos outros veículos,Atropelamento de Pedestre,Com Vítimas Fatais,Plena Noite,Crescente,Nublado,Múltipla,Aclive;Reta,Sim,2,1,0,0,0,1,0,2,-27.384999,-48.631569,SPRF-SC,DEL01-SC,UOP01-DEL01-SC,2025
"708827,0",2025-08-02,sábado,05:00:00,SC,480,"132,0",CHAPECO,Ingestão de álcool pelo condutor,Colisão frontal,Com Vítimas Fatais,Plena Noite,Crescente,Céu Claro,Múltipla,Aclive;Viaduto;Reta,Sim,2,1,0,0,0,1,0,2,-27.062893,-52.63279,SPRF-SC,DEL07-SC,UOP01-DEL07-SC,2025
"708878,0",2025-08-02,sábado,12:00:00,SC,101,"357,0",SANGAO,Velocidade Incompatível,Saída de leito carroçável,Com Vítimas Feridas,Pleno dia,Crescente,Céu Claro,Múltipla,Retorno Regulamentado;Rotatória,Não,1,0,1,0,0,0,1,1,-28.64178467,-49.10028458,SPRF-SC,DEL02-SC,UOP01-DEL02-SC,2025
"708883,0",2025-08-02,sábado,14:20:00,SC,101,"199,3",SAO JOSE,Acessar a via sem observar a presença dos outros veículos,Colisão transversal,Com Vítimas Feridas,Pleno dia,Crescente,Céu Claro,Dupla,Reta;Interseção de Vias,Sim,2,0,0,1,1,0,1,2,-27.53592,-48.62807,SPRF-SC,DEL01-SC,UOP01-DEL01-SC,2025
"708896,0",2025-08-02,sábado,15:07:00,SC,282,"136,4",BOM RETIRO,Conversão proibida,Colisão transversal,Com Vítimas Feridas,Pleno dia,Decrescente,Céu Claro,Simples,Reta,Sim,9,0,1,1,7,0,2,4,-27.82020459,-49.5620513,SPRF-SC,DEL05-SC,UOP01-DEL05-SC,2025
"708903,0",2025-08-02,sábado,16:27:00,SC,101,"434,6",SOMBRIO,Desrespeitar a preferência no cruzamento,Colisão transversal,Com Vítimas Feridas,Pleno dia,Decrescente,Céu Claro,Simples,Interseção de Vias,Sim,2,0,0,1,1,0,1,2,-29.10363298,-49.63569403,SPRF-SC,DEL02-SC,UOP02-DEL02-SC,2025
"708910,0",2025-08-02,sábado,17:20:00,SC,101,"12,5",GARUVA,Manobra de mudança de faixa,Colisão lateral sentido oposto,Com Vítimas Feridas,Pleno dia,Crescente,Nublado,Dupla,Aclive;Reta,Não,3,0,1,0,2,0,1,2,-26.085715,-48.862188,SPRF-SC,DEL03-SC,UOP01-DEL03-SC,2025
"708937,0",2025-08-02,sábado,16:40:00,SC,282,"535,2",CHAPECO,Suicídio (presumido),Colisão com objeto,Com Vítimas Feridas,Pleno dia,Decrescente,Céu Claro,Simples,Rotatória,Sim,1,0,0,1,0,0,1,1,-26.99964302,-52.64639452,SPRF-SC,DEL07-SC,UOP01-DEL07-SC,2025
"708951,0",2025-08-02,sábado,20:25:00,SC,470,"147,3",LAURENTINO,Velocidade Incompatível,Capotamento,Com Vítimas Fatais,Plena Noite,Decrescente,Céu Claro,Simples,Reta,Não,1,1,0,0,0,0,0,1,-27.243245,-49.68979,SPRF-SC,DEL04-SC,UOP02-DEL04-SC,2025
"708958,0",2025-08-02,sábado,18:25:00,SC,470,"273,9",BRUNOPOLIS,Acessar a via sem observar a presença dos outros veículos,Colisão transversal,Com Vítimas Fatais,Plena Noite,Crescente,Céu Claro,Simples,Curva,Não,4,1,2,0,1,0,2,2,-27.3281556,-50.8082894,SPRF-SC,DEL07-SC,UOP06-DEL07-SC,2025
"708961,0",2025-08-02,sábado,19:25:00,SC,101,"60,4",ARAQUARI,Ultrapassagem Indevida,Colisão lateral mesmo sentido,Com Vítimas Fatais,Plena Noite,Crescente,Céu Claro,Dupla,Curva,Não,5,1,0,0,3,1,0,5,-26.452728,-48.782707,SPRF-SC,DEL03-SC,UOP02-DEL03-SC,2025
"708991,0",2025-08-02,sábado,21:15:00,SC,470,"47,0",BLUMENAU,Ingestão de álcool pelo condutor,Saída de leito carroçável,Sem Vítimas,Plena Noite,Decrescente,Ignorado,Simples,Em Obras;Curva,Sim,2,0,0,0,2,0,0,1,-26.86408459,-49.04656291,SPRF-SC,DEL04-SC,UOP01-DEL04-SC,2025
"708993,0",2025-08-02,sábado,21:33:00,SC,101,"286,0",IMBITUBA,Reação tardia ou ineficiente do condutor,Colisão com objeto,Sem Vítimas,Plena Noite,Decrescente,Céu Claro,Dupla,Reta,Não,1,0,0,0,0,1,0,1,-28.249414,-48.700993,SPRF-SC,DEL02-SC,UOP03-DEL02-SC,2025
"709000,0",2025-08-02,sábado,18:40:00,SC,282,"119,5",BOM RETIRO,Transitar na contramão,Colisão lateral sentido oposto,Com Vítimas Fatais,Plena Noite,Crescente,Céu Claro,Simples,Reta,Não,8,1,1,0,5,1,1,4,-27.79074,-49.41628,SPRF-SC,DEL05-SC,UOP01-DEL05-SC,2025
"709001,0",2025-08-02,sábado,22:00:00,SC,470,"332,1",CAMPOS NOVOS,Ausência de reação do condutor,Capotamento,Com Vítimas Feridas,Plena Noite,Crescente,Céu Claro,Simples,Reta,Não,1,0,1,0,0,0,1,1,-27.486825,-51.319673,SPRF-SC,DEL07-SC,UOP06-DEL07-SC,2025
"709013,0",2025-08-03,domingo,00:23:00,SC,101,"194,1",BIGUACU,Transitar na contramão,Colisão lateral sentido oposto,Com Vítimas Feridas,Plena Noite,Decrescente,Nublado,Múltipla,Curva,Sim,5,0,0,2,3,0,2,3,-27.49907,-48.65592,SPRF-SC,DEL01-SC,UOP01-DEL01-SC,2025
"709021,0",2025-08-03,domingo,00:10:00,SC,101,"329,0",TUBARAO,Ingestão de álcool pelo condutor,Colisão com objeto,Sem Vítimas,Plena Noite,Decrescente,Céu Claro,Dupla,Curva,Não,1,0,0,0,0,1,0,1,-28.452278,-48.974152,SPRF-SC,DEL02-SC,UOP01-DEL02-SC,2025
"709025,0",2025-08-03,domingo,02:30:00,SC,101,"447,0",SANTA ROSA DO SUL,Ingestão de álcool pelo condutor,Colisão traseira,Com Vítimas Feridas,Plena Noite,Decrescente,Nublado,Múltipla,Reta,Não,3,0,1,0,2,0,1,2,-29.157195,-49.732603,SPRF-SC,DEL02-SC,UOP02-DEL02-SC,2025
"709035,0",2025-08-03,domingo,04:30:00,SC,101,"204,6",SAO JOSE,Ausência de reação do condutor,Colisão com objeto,Com Vítimas Feridas,Plena Noite,Decrescente,Nublado,Múltipla,Reta,Sim,2,0,1,0,0,1,1,1,-27.57954,-48.61446,SPRF-SC,DEL01-SC,UOP01-DEL01-SC,2025
"709040,0",2025-08-02,sábado,12:35:00,SC,282,"383,5",HERVAL DOESTE,Velocidade Incompatível,Saída de leito carroçável,Com Vítimas Feridas,Pleno dia,Crescente,Sol,Simples,Declive;Curva,Não,1,0,1,0,0,0,1,1,-27.1953922,-51.5063221,SPRF-SC,DEL07-SC,UOP05-DEL07-SC,2025
"709052,0",2025-08-03,domingo,06:10:00,SC,282,"4,0",SAO JOSE,Reação tardia ou ineficiente do condutor,Colisão traseira,Com Vítimas Feridas,Amanhecer,Crescente,Nevoeiro/Neblina,Dupla,Reta,Sim,2,0,1,0,1,0,1,2,-27.58983979,-48.60962033,SPRF-SC,DEL01-SC,UOP01-DEL01-SC,2025
"709101,0",2025-08-03,domingo,11:00:00,SC,101,"103,0",BALNEARIO PICARRAS,Reação tardia ou ineficiente do condutor,Colisão traseira,Com Vítimas Feridas,Pleno dia,Crescente,Nublado,Dupla,Declive;Reta,Sim,2,0,1,0,1,0,1,2,-26.78448012,-48.68302552,SPRF-SC,DEL03-SC,UOP02-DEL03-SC,2025
"709120,0",2025-08-03,domingo,13:25:00,SC,101,"93,0",BARRA VELHA,Mal súbito do condutor,Colisão lateral mesmo sentido,Com Vítimas Feridas,Pleno dia,Decrescente,Nublado,Dupla,Reta,Sim,2,0,1,0,1,0,1,2,-26.70227,-48.69941,SPRF-SC,DEL03-SC,UOP02-DEL03-SC,2025
"709134,0",2025-08-03,domingo,12:30:00,SC,282,"598,4",CUNHA PORA,Acumulo de água sobre o pavimento,Saída de leito carroçável,Com Vítimas Feridas,Pleno dia,Decrescente,Chuva,Simples,Curva;Declive,Não,2,0,2,0,0,0,2,1,-26.82385057,-53.15038562,SPRF-SC,DEL07-SC,UOP02-DEL07-SC,2025
"709141,0",2025-07-10,quinta-feira,22:40:00,SC,101,"332,2",TUBARAO,Reação tardia ou ineficiente do condutor,Capotamento,Sem Vítimas,Plena Noite,Decrescente,Céu Claro,Múltipla,Reta,Sim,2,0,0,0,2,0,0,2,-28.46016431,-48.98968873,SPRF-SC,DEL02-SC,UOP01-DEL02-SC,2025
"709164,0",2025-08-03,domingo,16:30:00,SC,470,"71,1",RODEIO,Condutor deixou de manter distância do veículo da frente,Colisão traseira,Com Vítimas Feridas,Pleno dia,Crescente,Nublado,Simples,Curva,Não,4,0,2,0,2,0,2,2,-26.94283,-49.2938,SPRF-SC,DEL04-SC,UOP01-DEL04-SC,2025
"709171,0",2025-08-03,domingo,16:00:00,SC,282,"374,0",ERVAL VELHO,Avarias e/ou desgaste excessivo no pneu,Saída de leito carroçável,Com Vítimas Feridas,Pleno dia,Decrescente,Chuva,Simples,Declive;Curva,Não,4,0,4,0,0,0,4,1,-27.23948678,-51.45137823,SPRF-SC,DEL07-SC,UOP05-DEL07-SC,2025
"709172,0",2025-08-03,domingo,16:00:00,SC,282,"544,4",CHAPECO,Ausência de reação do condutor,Saída de leito carroçável,Com Vítimas Feridas,Pleno dia,Decrescente,Ignorado,Simples,Curva,Não,1,0,1,0,0,0,1,1,-26.991907,-52.725127,SPRF-SC,DEL07-SC,UOP01-DEL07-SC,2025
"709178,0",2025-08-03,domingo,17:00:00,SC,101,"197,0",BIGUACU,Ingestão de álcool pelo condutor,Colisão traseira,Sem Vítimas,Pleno dia,Decrescente,Nublado,Múltipla,Aclive;Curva,Sim,2,0,0,0,2,0,0,2,-27.52401802,-48.6364788,SPRF-SC,DEL01-SC,UOP01-DEL01-SC,2025
"709179,0",2025-08-03,domingo,17:20:00,SC,470,"59,5",BLUMENAU,Transitar na contramão,Colisão frontal,Com Vítimas Feridas,Anoitecer,Decrescente,Céu Claro,Simples,Curva,Não,2,0,1,0,1,0,1,2,-26.8821599,-49.159482,SPRF-SC,DEL04-SC,UOP01-DEL04-SC,2025
"709194,0",2025-08-03,domingo,19:00:00,SC,101,"147,2",ITAPEMA,Reação tardia ou ineficiente do condutor,Tombamento,Com Vítimas Feridas,Plena Noite,Crescente,Nublado,Dupla,Curva,Sim,2,0,2,0,0,0,2,1,-27.09245,-48.61736,SPRF-SC,DEL04-SC,UOP03-DEL04-SC,2025
"709220,0",2025-08-03,domingo,20:40:00,SC,470,"134,1",RIO DO SUL,Ingestão de álcool pelo condutor,Capotamento,Sem Vítimas,Plena Noite,Crescente,Chuva,Simples,Declive;Curva,Sim,1,0,0,0,1,0,0,1,-27.174589,-49.589246,SPRF-SC,DEL04-SC,UOP02-DEL04-SC,2025
"709221,0",2025-08-03,domingo,18:20:00,SC,282,"128,8",BOM RETIRO,Transitar na contramão,Colisão lateral sentido oposto,Com Vítimas Feridas,Plena Noite,Decrescente,Chuva,Simples,Reta,Sim,10,0,4,1,5,0,5,3,-27.8007038,-49.4955562,SPRF-SC,DEL05-SC,UOP01-DEL05-SC,2025
"709247,0",2025-08-03,domingo,21:45:00,SC,101,"345,7",JAGUARUNA,Ausência de reação do condutor,Saída de leito carroçável,Com Vítimas Feridas,Plena Noite,Decrescente,Nublado,Dupla,Reta,Não,1,0,1,0,0,0,1,1,-28.56332,-49.054203,SPRF-SC,DEL02-SC,UOP01-DEL02-SC,2025
"709249,0",2025-08-03,domingo,19:44:00,SC,280,"24,0",ARAQUARI,Transitar no Acostamento,Colisão transversal,Sem Vítimas,Plena Noite,Crescente,Nublado,Simples,Reta;Interseção de Vias,Sim,4,0,0,0,4,0,0,2,-26.37932713,-48.72209072,SPRF-SC,DEL03-SC,UOP03-DEL03-SC,2025
"709258,0",2025-08-03,domingo,22:00:00,SC,282,"627,9",IRACEMINHA,Transitar na contramão,Colisão frontal,Com Vítimas Fatais,Plena Noite,Crescente,Garoa/Chuvisco,Simples,Curva;Declive,Não,9,1,0,8,0,0,8,2,-26.818872,-53.36612,SPRF-SC,DEL07-SC,UOP02-DEL07-SC,2025
"709274,0",2025-08-04,segunda-feira,04:10:00,SC,101,"74,5",ARAQUARI,Ingestão de álcool pelo condutor,Colisão com objeto,Com Vítimas Feridas,Plena Noite,Crescente,Nublado,Dupla,Declive;Curva,Sim,1,0,1,0,0,0,1,1,-26.54971115,-48.71414836,SPRF-SC,DEL03-SC,UOP02-DEL03-SC,2025
"709300,0",2025-08-04,segunda-feira,07:35:00,SC,101,"179,7",GOVERNADOR CELSO RAMOS,Acumulo de areia ou detritos sobre o pavimento,Tombamento,Com Vítimas Feridas,Pleno dia,Decrescente,Garoa/Chuvisco,Simples,Viaduto,Sim,2,0,2,0,0,0,2,1,-27.378614,-48.630786,SPRF-SC,DEL01-SC,UOP01-DEL01-SC,2025
"709305,0",2025-08-04,segunda-feira,07:55:00,SC,101,"210,0",FLORIANOPOLIS,Manobra de mudança de faixa,Colisão traseira,Com Vítimas Feridas,Pleno dia,Decrescente,Nublado,Múltipla,Reta,Sim,3,0,1,0,2,0,1,2,-27.5972096,-48.5588992,SPRF-SC,DEL01-SC,UOP01-DEL01-SC,2025
"709308,0",2025-08-04,segunda-feira,06:30:00,SC,101,"441,0",SANTA ROSA DO SUL,Pedestre andava na pista,Atropelamento de Pedestre,Com Vítimas Feridas,Amanhecer,Crescente,Chuva,Múltipla,Reta,Sim,2,0,0,1,0,1,1,2,-29.128923,-49.68529,SPRF-SC,DEL02-SC,UOP02-DEL02-SC,2025
"709310,0",2025-08-04,segunda-feira,08:20:00,SC,101,"189,0",BIGUACU,Ausência de reação do condutor,Capotamento,Com Vítimas Feridas,Pleno dia,Decrescente,Chuva,Múltipla,Curva,Sim,2,0,2,0,0,0,2,1,-27.46389424,-48.6415693,SPRF-SC,DEL01-SC,UOP01-DEL01-SC,2025
"709317,0",2025-07-31,quinta-feira,07:30:00,SC,280,"128,6",RIO NEGRINHO,Pedestre - Ingestão de álcool/ substâncias psicoativas,Atropelamento de Pedestre,Com Vítimas Feridas,Amanhecer,Crescente,Céu Claro,Simples,Reta,Sim,2,0,1,0,1,0,1,2,-26.244119,-49.516159,SPRF-SC,DEL06-SC,UOP03-DEL06-SC,2025
"709318,0",2025-08-04,segunda-feira,08:30:00,SC,101,"190,0",BIGUACU,Pista Escorregadia,Colisão com objeto,Com Vítimas Feridas,Pleno dia,Decrescente,Chuva,Dupla,Reta,Sim,1,0,1,0,0,0,1,1,-27.474867,-48.640713,SPRF-SC,DEL01-SC,UOP01-DEL01-SC,2025
"709323,0",2025-08-04,segunda-feira,09:11:00,SC,101,"223,3",PALHOCA,Avarias e/ou desgaste excessivo no pneu,Queda de ocupante de veículo,Com Vítimas Feridas,Pleno dia,Decrescente,Chuva,Dupla,Reta,Sim,2,0,0,1,1,0,1,1,-27.72091115,-48.64522783,SPRF-SC,DEL01-SC,UOP02-DEL01-SC,2025
"709350,0",2025-08-04,segunda-feira,10:30:00,SC,101,"197,0",BIGUACU,Reação tardia ou ineficiente do condutor,Tombamento,Com Vítimas Feridas,Pleno dia,Decrescente,Chuva,Dupla,Reta,Sim,1,0,1,0,0,0,1,1,-27.52412,-48.6364,SPRF-SC,DEL01-SC,UOP01-DEL01-SC,2025
"709376,0",2025-08-04,segunda-feira,07:30:00,SC,101,"426,0",ARARANGUA,Acessar a via sem observar a presença dos outros veículos,Colisão frontal,Com Vítimas Feridas,Pleno dia,Crescente,Chuva,Múltipla,Reta,Sim,2,0,0,1,1,0,1,2,-29.02955933,-49.60375428,SPRF-SC,DEL02-SC,UOP02-DEL02-SC,2025
"709400,0",2025-08-04,segunda-feira,16:15:00,SC,101,"185,8",BIGUACU,Pista Escorregadia,Colisão com objeto,Com Vítimas Feridas,Pleno dia,Decrescente,Chuva,Dupla,Curva,Não,5,0,1,0,4,0,1,2,-27.4703989,-48.6410945,SPRF-SC,DEL01-SC,UOP01-DEL01-SC,2025
"709410,0",2025-08-04,segunda-feira,17:20:00,SC,282,"6,0",SAO JOSE,Acumulo de óleo sobre o pavimento,Queda de ocupante de veículo,Com Vítimas Feridas,Plena Noite,Crescente,Garoa/Chuvisco,Dupla,Curva;Declive,Sim,1,0,0,1,0,0,1,1,-27.58480432,-48.61754743,SPRF-SC,DEL01-SC,UOP01-DEL01-SC,2025
"709423,0",2025-08-04,segunda-feira,17:20:00,SC,101,"158,0",PORTO BELO,Manobra de mudança de faixa,Colisão lateral mesmo sentido,Com Vítimas Feridas,Anoitecer,Crescente,Nublado,Dupla,Reta;Retorno Regulamentado,Não,2,0,0,1,1,0,1,2,-27.1925026,-48.61252785,SPRF-SC,DEL04-SC,UOP03-DEL04-SC,2025
"709425,0",2025-08-04,segunda-feira,18:50:00,SC,282,"127,9",CHAPECO,Transitar na contramão,Colisão frontal,Com Vítimas Feridas,Plena Noite,Crescente,Chuva,Múltipla,Reta,Sim,2,0,0,1,1,0,1,2,-27.036371,-52.634235,SPRF-SC,DEL05-SC,UOP01-DEL05-SC,2025
"709431,0",2025-08-04,segunda-feira,18:20:00,SC,116,"112,0",SANTA CECILIA,Chuva,Saída de leito carroçável,Sem Vítimas,Plena Noite,Crescente,Céu Claro,Simples,Reta,Não,1,0,0,0,1,0,0,1,-26.77613,-50.34803,SPRF-SC,DEL06-SC,UOP02-DEL06-SC,2025
"709437,0",2025-08-04,segunda-feira,17:22:00,SC,470,"69,5",INDAIAL,Manobra de mudança de faixa,Colisão lateral mesmo sentido,Com Vítimas Feridas,Pleno dia,Crescente,Nublado,Simples,Reta,Sim,2,0,1,0,1,0,1,2,-26.88672206,-49.25111739,SPRF-SC,DEL04-SC,UOP01-DEL04-SC,2025
"709443,0",2025-08-04,segunda-feira,17:25:00,SC,282,"5,6",SAO JOSE,Acumulo de óleo sobre o pavimento,Queda de ocupante de veículo,Com Vítimas Feridas,Plena Noite,Crescente,Chuva,Dupla,Curva,Não,1,0,1,0,0,0,1,1,-27.58451,-48.616967,SPRF-SC,DEL01-SC,UOP01-DEL01-SC,2025
"709444,0",2025-08-04,segunda-feira,19:00:00,SC,101,"118,9",ITAJAI,Ausência de reação do condutor,Tombamento,Com Vítimas Feridas,Plena Noite,Decrescente,Nublado,Simples,Reta,Não,1,0,1,0,0,0,1,1,-26.89749497,-48.71751722,SPRF-SC,DEL04-SC,UOP04-DEL04-SC,2025
"709450,0",2025-08-04,segunda-feira,19:25:00,SC,101,"44,3",JOINVILLE,Reação tardia ou ineficiente do condutor,Colisão traseira,Com Vítimas Feridas,Plena Noite,Decrescente,Nublado,Dupla,Reta;Aclive,Sim,3,0,1,0,2,0,1,2,-26.34068779,-48.8584207,SPRF-SC,DEL03-SC,UOP01-DEL03-SC,2025
"709472,0",2025-08-04,segunda-feira,21:50:00,SC,280,"55,6",GUARAMIRIM,Demais falhas mecânicas ou elétricas,Tombamento,Com Vítimas Feridas,Plena Noite,Decrescente,Céu Claro,Dupla,Declive;Curva,Não,1,0,1,0,0,0,1,1,-26.47856768,-48.99942962,SPRF-SC,DEL03-SC,UOP03-DEL03-SC,2025
"709496,0",2025-08-05,terça-feira,05:15:00,SC,163,"68,8",SAO MIGUEL DO OESTE,Manobra de mudança de faixa,Colisão lateral mesmo sentido,Com Vítimas Feridas,Plena Noite,Decrescente,Nevoeiro/Neblina,Dupla,Reta,Sim,2,0,1,0,0,1,1,2,-26.74085287,-53.50123851,SPRF-SC,DEL07-SC,UOP03-DEL07-SC,2025
"709499,0",2025-08-05,terça-feira,06:50:00,SC,101,"212,3",PALHOCA,Trafegar com motocicleta (ou similar) entre as faixas,Tombamento,Com Vítimas Feridas,Pleno dia,Decrescente,Chuva,Múltipla,Reta,Sim,2,0,1,0,1,0,1,1,-27.62566746,-48.6544439,SPRF-SC,DEL01-SC,UOP02-DEL01-SC,2025
"709505,0",2025-08-05,terça-feira,07:50:00,SC,101,"200,9",SAO JOSE,Manobra de mudança de faixa,Colisão lateral mesmo sentido,Com Vítimas Feridas,Pleno dia,Crescente,Chuva,Múltipla,Reta,Sim,2,0,0,1,0,1,1,2,-27.54743,-48.6199,SPRF-SC,DEL01-SC,UOP01-DEL01-SC,2025
"709509,0",2025-08-05,terça-feira,07:50:00,SC,101,"216,1",PALHOCA,Manobra de mudança de faixa,Colisão traseira,Com Vítimas Feridas,Pleno dia,Decrescente,Chuva,Dupla,Reta,Sim,2,0,1,0,1,0,1,2,-27.662135,-48.67614,SPRF-SC,DEL01-SC,UOP02-DEL01-SC,2025
"709529,0",2025-08-05,terça-feira,07:00:00,SC,101,"209,8",SAO JOSE,Reação tardia ou ineficiente do condutor,Engavetamento,Sem Vítimas,Amanhecer,Decrescente,Garoa/Chuvisco,Múltipla,Reta;Aclive,Sim,3,0,0,0,3,0,0,3,-27.616809,-48.645377,SPRF-SC,DEL01-SC,UOP01-DEL01-SC,2025
"709554,0",2025-08-05,terça-feira,12:20:00,SC,101,"198,3",BIGUACU,Condutor deixou de manter distância do veículo da frente,Colisão traseira,Com Vítimas Feridas,Pleno dia,Decrescente,Chuva,Dupla,Reta,Sim,2,0,1,0,0,1,1,2,-27.528764,-48.6333,SPRF-SC,DEL01-SC,UOP01-DEL01-SC,2025
"709556,0",2025-08-05,terça-feira,07:20:00,SC,280,"5,4",SAO FRANCISCO DO SUL,Acessar a via sem observar a presença dos outros veículos,Colisão transversal,Com Vítimas Feridas,Pleno dia,Decrescente,Chuva,Simples,Reta,Não,2,0,0,1,1,0,1,2,-26.262765,-48.629628,SPRF-SC,DEL03-SC,UOP03-DEL03-SC,2025
"709559,0",2025-08-05,terça-feira,09:00:00,SC,282,"330,0",CAMPOS NOVOS,Mal súbito do condutor,Colisão traseira,Sem Vítimas,Pleno dia,Crescente,Nublado,Simples,Reta,Não,3,0,0,0,3,0,0,2,-27.382025,-51.101267,SPRF-SC,DEL07-SC,UOP06-DEL07-SC,2025
"709570,0",2025-08-05,terça-feira,13:27:00,SC,282,"28,3",SANTO AMARO DA IMPERATRIZ,Acessar a via sem observar a presença dos outros veículos,Colisão lateral sentido oposto,Com Vítimas Feridas,Pleno dia,Decrescente,Nublado,Simples,Reta;Interseção de Vias,Não,2,0,0,1,1,0,1,2,-27.67406931,-48.77732126,SPRF-SC,DEL01-SC,UOP03-DEL01-SC,2025
"709575,0",2025-08-05,terça-feira,14:20:00,SC,101,"21,1",JOINVILLE,Velocidade Incompatível,Colisão com objeto,Com Vítimas Feridas,Pleno dia,Crescente,Chuva,Dupla,Curva,Não,1,0,1,0,0,0,1,1,-26.15025499,-48.90919559,SPRF-SC,DEL03-SC,UOP01-DEL03-SC,2025
"709578,0",2025-08-05,terça-feira,14:45:00,SC,101,"201,4",SAO JOSE,Sinalização mal posicionada,Atropelamento de Pedestre,Com Vítimas Feridas,Pleno dia,Crescente,Chuva,Dupla,Reta;Interseção de Vias,Sim,2,0,1,0,1,0,1,2,-27.5528667,-48.6196682,SPRF-SC,DEL01-SC,UOP01-DEL01-SC,2025
"709586,0",2025-08-05,terça-feira,13:00:00,SC,101,"319,0",PESCARIA BRAVA,Ausência de reação do condutor,Tombamento,Com Vítimas Feridas,Pleno dia,Decrescente,Nublado,Dupla,Reta,Sim,1,0,1,0,0,0,1,1,-28.42486356,-48.8944602,SPRF-SC,DEL02-SC,UOP01-DEL02-SC,2025