id,data_inversa,dia_semana,horario,uf,br,km,municipio,causa_acidente,tipo_acidente,classificacao_acidente,fase_dia,sentido_via,condicao_metereologica,tipo_pista,tracado_via,uso_solo,pessoas,mortos,feridos_leves,feridos_graves,ilesos,ignorados,feridos,veiculos,latitude,longitude,regional,delegacia,uop,ano_arquivo
"709624,0",2025-06-26,quinta-feira,18:10:00,SC,101,"202,0",SAO JOSE,Trafegar com motocicleta (ou similar) entre as faixas,Queda de ocupante de veículo,Com Vítimas Feridas,Pleno dia,Decrescente,Chuva,Múltipla,Reta,Sim,9,0,2,0,7,0,2,9,-27.5594307,-48.61754743,SPRF-SC,DEL01-SC,UOP01-DEL01-SC,2025
"709639,0",2025-08-05,terça-feira,20:10:00,SC,101,"220,0",PALHOCA,Reação tardia ou ineficiente do condutor,Queda de ocupante de veículo,Com Vítimas Feridas,Plena Noite,Crescente,Nublado,Dupla,Reta,Não,1,0,1,0,0,0,1,1,-27.69537,-48.662701,SPRF-SC,DEL01-SC,UOP02-DEL01-SC,2025
"709650,0",2025-08-05,terça-feira,20:18:00,SC,101,"272,4",IMBITUBA,Avarias e/ou desgaste excessivo no pneu,Colisão traseira,Com Vítimas Feridas,Plena Noite,Decrescente,Nublado,Múltipla,Reta,Sim,2,0,0,1,1,0,1,2,-28.12646,-48.69444,SPRF-SC,DEL02-SC,UOP03-DEL02-SC,2025
"709654,0",2025-08-05,terça-feira,20:10:00,SC,480,"127,9",CHAPECO,Condutor deixou de manter distância do veículo da frente,Colisão traseira,Com Vítimas Feridas,Plena Noite,Crescente,Nublado,Simples,Reta,Sim,3,0,0,1,2,0,1,3,-27.0375523,-52.634473,SPRF-SC,DEL07-SC,UOP01-DEL07-SC,2025
"709662,0",2025-08-05,terça-feira,18:30:00,SC,101,"35,2",JOINVILLE,Demais falhas mecânicas ou elétricas,Tombamento,Com Vítimas Feridas,Plena Noite,Crescente,Nublado,Dupla,Reta,Não,1,0,1,0,0,0,1,1,-26.26902788,-48.89563736,SPRF-SC,DEL03-SC,UOP01-DEL03-SC,2025
"709684,0",2025-08-06,quarta-feira,07:00:00,SC,101,"214,8",PALHOCA,Acesso irregular,Colisão transversal,Com Vítimas Feridas,Pleno dia,Crescente,Nublado,Dupla,Reta,Sim,2,0,0,1,0,1,1,2,-27.65033,-48.6751,SPRF-SC,DEL01-SC,UOP02-DEL01-SC,2025
"709692,0",2025-08-06,quarta-feira,05:30:00,SC,280,"125,0",RIO NEGRINHO,Frear bruscamente,Queda de ocupante de veículo,Com Vítimas Feridas,Plena Noite,Crescente,Garoa/Chuvisco,Simples,Reta;Interseção de Vias,Sim,1,0,1,0,0,0,1,1,-26.23764051,-49.49387725,SPRF-SC,DEL06-SC,UOP03-DEL06-SC,2025
"709740,0",2025-08-06,quarta-feira,10:20:00,SC,101,"132,6",BALNEARIO CAMBORIU,Acessar a via sem observar a presença dos outros veículos,Colisão transversal,Com Vítimas Feridas,Pleno dia,Crescente,Céu Claro,Múltipla,Interseção de Vias,Sim,3,0,2,1,0,0,3,2,-26.99874,-48.64916,SPRF-SC,DEL04-SC,UOP03-DEL04-SC,2025
"709747,0",2025-07-24,quinta-feira,16:50:00,SC,470,"146,0",RIO DO SUL,Frear bruscamente,Colisão traseira,Sem Vítimas,Pleno dia,Decrescente,Chuva,Simples,Reta,Não,4,0,0,0,4,0,0,2,-27.23646306,-49.68065707,SPRF-SC,DEL04-SC,UOP02-DEL04-SC,2025
"709757,0",2025-08-06,quarta-feira,12:00:00,SC,282,"1,1",FLORIANOPOLIS,Reação tardia ou ineficiente do condutor,Colisão traseira,Com Vítimas Feridas,Pleno dia,Crescente,Céu Claro,Dupla,Curva,Sim,2,0,1,0,1,0,1,2,-27.60277533,-48.58086554,SPRF-SC,DEL01-SC,UOP01-DEL01-SC,2025
"709778,0",2025-08-06,quarta-feira,13:40:00,SC,470,"108,6",APIUNA,Ultrapassagem Indevida,Colisão frontal,Com Vítimas Feridas,Pleno dia,Crescente,Nublado,Simples,Reta;Interseção de Vias,Sim,2,0,1,1,0,0,2,2,-27.083709,-49.446679,SPRF-SC,DEL04-SC,UOP02-DEL04-SC,2025
"709787,0",2025-08-06,quarta-feira,14:00:00,SC,280,"22,0",ARAQUARI,Velocidade Incompatível,Saída de leito carroçável,Com Vítimas Feridas,Pleno dia,Decrescente,Nublado,Simples,Reta,Sim,1,0,1,0,0,0,1,1,-26.37433331,-48.71589867,SPRF-SC,DEL03-SC,UOP03-DEL03-SC,2025
"709791,0",2025-08-06,quarta-feira,13:25:00,SC,470,"116,2",IBIRAMA,Acessar a via sem observar a presença dos outros veículos,Colisão transversal,Com Vítimas Feridas,Pleno dia,Crescente,Nublado,Simples,Reta;Interseção de Vias,Não,6,0,2,0,4,0,2,2,-27.07797226,-49.49247329,SPRF-SC,DEL04-SC,UOP02-DEL04-SC,2025
"709797,0",2025-06-19,quinta-feira,17:55:00,SC,470,"110,9",APIUNA,Transitar na contramão,Colisão frontal,Com Vítimas Feridas,Plena Noite,Crescente,Chuva,Simples,Reta,Não,3,0,3,0,0,0,3,2,-27.09605,-49.45789,SPRF-SC,DEL04-SC,UOP02-DEL04-SC,2025
"709800,0",2025-07-26,sábado,00:00:00,SC,280,"274,9",IRINEOPOLIS,Ingestão de álcool pelo condutor,Saída de leito carroçável,Com Vítimas Feridas,Plena Noite,Crescente,Nublado,Simples,Aclive;Interseção de Vias,Não,1,0,0,1,0,0,1,1,-26.28638541,-50.78123486,SPRF-SC,DEL06-SC,UOP04-DEL06-SC,2025
"709806,0",2025-08-06,quarta-feira,17:10:00,SC,101,"122,0",ITAJAI,Manobra de mudança de faixa,Colisão traseira,Com Vítimas Feridas,Pleno dia,Decrescente,Nublado,Múltipla,Curva,Sim,2,0,1,0,1,0,1,2,-26.93199728,-48.70315902,SPRF-SC,DEL04-SC,UOP04-DEL04-SC,2025
"709818,0",2025-08-06,quarta-feira,17:00:00,SC,280,"47,6",GUARAMIRIM,Acessar a via sem observar a presença dos outros veículos,Colisão traseira,Com Vítimas Feridas,Anoitecer,Crescente,Garoa/Chuvisco,Dupla,Curva,Não,3,0,0,1,2,0,1,3,-26.45224221,-48.90117645,SPRF-SC,DEL03-SC,UOP03-DEL03-SC,2025
"709836,0",2025-08-06,quarta-feira,16:55:00,SC,282,"514,4",XAXIM,Velocidade Incompatível,Colisão frontal,Com Vítimas Feridas,Pleno dia,Decrescente,Chuva,Simples,Reta,Não,3,0,2,0,1,0,2,3,-26.91776943,-52.49371497,SPRF-SC,DEL07-SC,UOP01-DEL07-SC,2025
"709838,0",2025-08-06,quarta-feira,17:20:00,SC,163,"90,0",GUARACIABA,Velocidade Incompatível,Saída de leito carroçável,Com Vítimas Feridas,Pleno dia,Decrescente,Nublado,Simples,Curva,Não,1,0,0,1,0,0,1,1,-26.56343338,-53.50891024,SPRF-SC,DEL07-SC,UOP03-DEL07-SC,2025
"709843,0",2025-08-06,quarta-feira,19:41:00,SC,101,"194,7",BIGUACU,Ausência de reação do condutor,Colisão traseira,Com Vítimas Feridas,Anoitecer,Decrescente,Nublado,Múltipla,Reta,Sim,2,0,1,0,1,0,1,2,-27.50306,-48.6515,SPRF-SC,DEL01-SC,UOP01-DEL01-SC,2025
"709846,0",2025-08-06,quarta-feira,15:10:00,SC,282,"141,3",BOM RETIRO,Ultrapassagem Indevida,Colisão transversal,Com Vítimas Fatais,Pleno dia,Crescente,Garoa/Chuvisco,Simples,Curva,Não,5,1,2,0,2,0,2,2,-27.813598,-49.5999694,SPRF-SC,DEL05-SC,UOP01-DEL05-SC,2025
"709857,0",2025-07-10,quinta-feira,07:45:00,SC,280,"81,0",CORUPA,Ausência de reação do condutor,Colisão traseira,Com Vítimas Feridas,Pleno dia,Decrescente,Céu Claro,Simples,Reta,Sim,2,0,0,1,1,0,1,2,-26.443059,-49.210756,SPRF-SC,DEL06-SC,UOP03-DEL06-SC,2025
"709874,0",2025-08-06,quarta-feira,21:55:00,SC,101,"126,0",ITAJAI,Reação tardia ou ineficiente do condutor,Tombamento,Com Vítimas Feridas,Plena Noite,Crescente,Céu Claro,Múltipla,Reta,Não,2,0,1,1,0,0,2,1,-26.9615573,-48.68184376,SPRF-SC,DEL04-SC,UOP04-DEL04-SC,2025
"709875,0",2025-08-06,quarta-feira,18:15:00,SC,282,"407,1",CATANDUVAS,Ingestão de álcool pelo condutor,Colisão transversal,Sem Vítimas,Plena Noite,Crescente,Ignorado,Simples,Curva;Declive,Não,2,0,0,0,2,0,0,2,-27.08446844,-51.66170798,SPRF-SC,DEL07-SC,UOP05-DEL07-SC,2025
"709878,0",2025-08-06,quarta-feira,20:55:00,SC,282,"560,0",NOVA ITABERABA,Ingestão de álcool pelo condutor,Colisão frontal,Sem Vítimas,Plena Noite,Decrescente,Garoa/Chuvisco,Simples,Reta,Não,2,0,0,0,2,0,0,2,-26.92704651,-52.85329986,SPRF-SC,DEL07-SC,UOP01-DEL07-SC,2025
"709881,0",2025-08-06,quarta-feira,20:15:00,SC,282,"194,6",LAGES,Ausência de reação do condutor,Saída de leito carroçável,Com Vítimas Feridas,Plena Noite,Decrescente,Chuva,Simples,Reta,Não,4,0,1,0,3,0,1,2,-27.742466,-50.063657,SPRF-SC,DEL05-SC,UOP01-DEL05-SC,2025
"709908,0",2025-08-07,quinta-feira,07:10:00,SC,101,"87,0",BARRA VELHA,Reação tardia ou ineficiente do condutor,Colisão lateral mesmo sentido,Com Vítimas Feridas,Pleno dia,Crescente,Céu Claro,Dupla,Reta,Não,1,0,1,0,0,0,1,1,-26.64737674,-48.68692009,SPRF-SC,DEL03-SC,UOP02-DEL03-SC,2025
"709910,0",2025-07-30,quarta-feira,13:55:00,SC,282,"531,5",CORDILHEIRA ALTA,Acessar a via sem observar a presença dos outros veículos,Colisão transversal,Com Vítimas Feridas,Pleno dia,Crescente,Céu Claro,Simples,Reta,Sim,2,0,2,0,0,0,2,2,-26.993738,-52.611035,SPRF-SC,DEL07-SC,UOP01-DEL07-SC,2025
"709954,0",2025-08-07,quinta-feira,09:50:00,SC,282,"558,7",NOVA ITABERABA,Reação tardia ou ineficiente do condutor,Saída de leito carroçável,Com Vítimas Feridas,Pleno dia,Crescente,Nublado,Simples,Curva;Declive,Não,1,0,1,0,0,0,1,1,-26.93237989,-52.83634,SPRF-SC,DEL07-SC,UOP01-DEL07-SC,2025
"709962,0",2025-08-07,quinta-feira,11:05:00,SC,280,"4,0",SAO FRANCISCO DO SUL,Retorno proibido,Colisão traseira,Sem Vítimas,Pleno dia,Crescente,Céu Claro,Simples,Reta,Sim,2,0,0,0,2,0,0,2,-26.255347,-48.62088,SPRF-SC,DEL03-SC,UOP03-DEL03-SC,2025
"709989,0",2025-08-07,quinta-feira,13:10:00,SC,480,"129,9",CHAPECO,Velocidade Incompatível,Colisão lateral sentido oposto,Com Vítimas Feridas,Pleno dia,Crescente,Nublado,Simples,Declive;Reta,Sim,4,0,1,0,3,0,1,3,-27.04569,-52.635703,SPRF-SC,DEL07-SC,UOP01-DEL07-SC,2025
"710000,0",2025-08-07,quinta-feira,12:12:00,SC,470,"65,0",INDAIAL,Acumulo de areia ou detritos sobre o pavimento,Tombamento,Com Vítimas Feridas,Pleno dia,Crescente,Nublado,Simples,Em Obras;Reta,Não,1,0,1,0,0,0,1,1,-26.87086499,-49.21789018,SPRF-SC,DEL04-SC,UOP01-DEL04-SC,2025
"710010,0",2025-07-25,sexta-feira,09:00:00,SC,101,"120,0",ITAJAI,Ausência de reação do condutor,Colisão traseira,Com Vítimas Feridas,Pleno dia,Decrescente,Céu Claro,Múltipla,Reta,Não,2,0,1,0,0,1,1,2,-26.92021887,-48.70906323,SPRF-SC,DEL04-SC,UOP04-DEL04-SC,2025
"710021,0",2025-08-07,quinta-feira,15:10:00,SC,101,"335,0",TUBARAO,Condutor deixou de manter distância do veículo da frente,Colisão traseira,Com Vítimas Feridas,Pleno dia,Crescente,Céu Claro,Múltipla,Reta;Aclive,Sim,2,0,0,1,1,0,1,2,-28.4751257,-49.02780821,SPRF-SC,DEL02-SC,UOP01-DEL02-SC,2025
"710027,0",2025-08-07,quinta-feira,17:20:00,SC,101,"149,9",ITAPEMA,Condutor deixou de manter distância do veículo da frente,Colisão traseira,Com Vítimas Feridas,Anoitecer,Decrescente,Céu Claro,Dupla,Reta,Sim,2,0,1,0,1,0,1,2,-27.11664781,-48.6093843,SPRF-SC,DEL04-SC,UOP03-DEL04-SC,2025
"710040,0",2025-07-06,domingo,17:42:00,SC,101,"131,5",CAMBORIU,Manobra de mudança de faixa,Colisão lateral mesmo sentido,Com Vítimas Feridas,Anoitecer,Crescente,Céu Claro,Dupla,Reta,Sim,4,0,1,1,2,0,2,3,-26.99403,-48.659697,SPRF-SC,DEL04-SC,UOP03-DEL04-SC,2025
"710059,0",2025-08-07,quinta-feira,18:30:00,SC,101,"72,5",ARAQUARI,Avarias e/ou desgaste excessivo no pneu,Queda de ocupante de veículo,Com Vítimas Feridas,Plena Noite,Crescente,Céu Claro,Dupla,Reta,Não,1,0,1,0,0,0,1,1,-26.53204179,-48.71430159,SPRF-SC,DEL03-SC,UOP02-DEL03-SC,2025
"710063,0",2025-08-07,quinta-feira,19:10:00,SC,282,"5,0",SAO JOSE,Condutor deixou de manter distância do veículo da frente,Colisão lateral mesmo sentido,Com Vítimas Feridas,Plena Noite,Crescente,Céu Claro,Dupla,Reta,Sim,2,0,1,0,1,0,1,2,-27.59134,-48.606538,SPRF-SC,DEL01-SC,UOP01-DEL01-SC,2025
"710071,0",2025-08-07,quinta-feira,20:00:00,SC,101,"189,5",BIGUACU,Ingestão de álcool pelo condutor,Colisão com objeto,Com Vítimas Feridas,Plena Noite,Crescente,Céu Claro,Múltipla,Curva,Não,1,0,1,0,0,0,1,1,-27.464,-48.642,SPRF-SC,DEL01-SC,UOP01-DEL01-SC,2025
"710088,0",2025-08-07,quinta-feira,18:20:00,SC,280,"28,0",ARAQUARI,Pedestre cruzava a pista fora da faixa,Atropelamento de Pedestre,Com Vítimas Feridas,Anoitecer,Crescente,Nublado,Simples,Reta,Não,2,0,1,0,1,0,1,2,-26.404105,-48.745329,SPRF-SC,DEL03-SC,UOP03-DEL03-SC,2025
"710092,0",2025-08-07,quinta-feira,19:00:00,SC,470,"58,0",BLUMENAU,Deficiência do Sistema de Iluminação/Sinalização,Saída de leito carroçável,Sem Vítimas,Plena Noite,Decrescente,Nublado,Múltipla,Reta;Em Obras,Não,1,0,0,0,1,0,0,1,-26.88420536,-49.14710132,SPRF-SC,DEL04-SC,UOP01-DEL04-SC,2025
"710107,0",2025-08-07,quinta-feira,23:00:00,SC,101,"45,9",PALHOCA,Demais falhas mecânicas ou elétricas,Incêndio,Sem Vítimas,Plena Noite,Crescente,Nublado,Dupla,Declive;Reta,Não,1,0,0,0,1,0,0,1,-27.68286125,-48.69121447,SPRF-SC,DEL01-SC,UOP02-DEL01-SC,2025
"710117,0",2025-08-07,quinta-feira,23:35:00,SC,101,"117,5",ITAJAI,Ausência de reação do condutor,Tombamento,Com Vítimas Feridas,Plena Noite,Decrescente,Céu Claro,Simples,Reta,Não,1,0,1,0,0,0,1,1,-26.89209,-48.72024,SPRF-SC,DEL04-SC,UOP04-DEL04-SC,2025
"710133,0",2025-08-08,sexta-feira,04:25:00,SC,101,"134,6",BALNEARIO CAMBORIU,Reação tardia ou ineficiente do condutor,Colisão com objeto,Sem Vítimas,Plena Noite,Crescente,Chuva,Dupla,Interseção de Vias,Sim,1,0,0,0,1,0,0,1,-27.00196618,-48.63822341,SPRF-SC,DEL04-SC,UOP03-DEL04-SC,2025
"710134,0",2025-08-08,sexta-feira,03:55:00,SC,101,"57,7",ARAQUARI,Chuva,Saída de leito carroçável,Com Vítimas Feridas,Plena Noite,Crescente,Chuva,Dupla,Curva,Não,2,0,1,1,0,0,2,1,-26.44352481,-48.79989624,SPRF-SC,DEL03-SC,UOP01-DEL03-SC,2025
"710150,0",2025-08-08,sexta-feira,06:50:00,SC,280,"57,7",GUARAMIRIM,Transitar na contramão,Colisão frontal,Com Vítimas Feridas,Amanhecer,Crescente,Garoa/Chuvisco,Dupla,Rotatória,Não,2,0,1,0,1,0,1,2,-26.474313,-49.020698,SPRF-SC,DEL03-SC,UOP03-DEL03-SC,2025
"710177,0",2025-08-08,sexta-feira,08:00:00,SC,101,"145,0",ITAPEMA,Reação tardia ou ineficiente do condutor,Tombamento,Com Vítimas Feridas,Pleno dia,Crescente,Garoa/Chuvisco,Dupla,Declive;Reta,Não,1,0,0,1,0,0,1,1,-27.08602784,-48.60694885,SPRF-SC,DEL04-SC,UOP03-DEL04-SC,2025
"710184,0",2025-08-08,sexta-feira,07:20:00,SC,470,"159,0",TROMBUDO CENTRAL,Acessar a via sem observar a presença dos outros veículos,Colisão transversal,Com Vítimas Feridas,Pleno dia,Decrescente,Chuva,Simples,Reta,Não,2,0,2,0,0,0,2,2,-27.28565057,-49.79974933,SPRF-SC,DEL04-SC,UOP02-DEL04-SC,2025
"710204,0",2025-08-08,sexta-feira,11:05:00,SC,101,"216,0",PALHOCA,Condutor deixou de manter distância do veículo da frente,Colisão traseira,Com Vítimas Feridas,Pleno dia,Decrescente,Chuva,Dupla,Reta,Sim,1,0,1,0,0,0,1,1,-27.66184019,-48.67608396,SPRF-SC,DEL01-SC,UOP02-DEL01-SC,2025
"710215,0",2025-08-08,sexta-feira,12:05:00,SC,101,"121,4",ITAJAI,Velocidade Incompatível,Colisão traseira,Com Vítimas Feridas,Pleno dia,Decrescente,Chuva,Dupla,Reta,Sim,3,0,1,0,2,0,1,3,-26.923038,-48.7076025,SPRF-SC,DEL04-SC,UOP04-DEL04-SC,2025
"710237,0",2025-07-22,terça-feira,15:20:00,SC,470,"126,4",LONTRAS,Reação tardia ou ineficiente do condutor,Colisão transversal,Com Vítimas Feridas,Pleno dia,Crescente,Céu Claro,Simples,Reta;Declive,Sim,3,0,0,2,1,0,2,2,-27.134318,-49.54056,SPRF-SC,DEL04-SC,UOP02-DEL04-SC,2025
"710239,0",2025-08-08,sexta-feira,06:20:00,SC,280,"28,0",ARAQUARI,Acessar a via sem observar a presença dos outros veículos,Colisão transversal,Sem Vítimas,Amanhecer,Decrescente,Chuva,Simples,Reta,Não,2,0,0,0,2,0,0,2,-26.40720195,-48.74850361,SPRF-SC,DEL03-SC,UOP03-DEL03-SC,2025
"710241,0",2025-08-08,sexta-feira,12:40:00,SC,101,"207,0",SAO JOSE,Frear bruscamente,Colisão com objeto,Com Vítimas Feridas,Pleno dia,Decrescente,Chuva,Múltipla,Reta,Sim,1,0,1,0,0,0,1,1,-27.603611,-48.632173,SPRF-SC,DEL01-SC,UOP01-DEL01-SC,2025
"710250,0",2025-08-08,sexta-feira,14:15:00,SC,101,"212,0",PALHOCA,Mal súbito do condutor,Colisão traseira,Com Vítimas Feridas,Pleno dia,Crescente,Chuva,Múltipla,Reta,Não,3,0,1,0,2,0,1,3,-27.62637088,-48.65561334,SPRF-SC,DEL01-SC,UOP02-DEL01-SC,2025
"710259,0",2025-08-08,sexta-feira,14:46:00,SC,470,"157,0",TROMBUDO CENTRAL,Ingestão de álcool pelo condutor,Colisão lateral sentido oposto,Com Vítimas Feridas,Pleno dia,Crescente,Garoa/Chuvisco,Simples,Declive;Reta,Sim,2,0,1,0,1,0,1,2,-27.285454,-49.770918,SPRF-SC,DEL04-SC,UOP02-DEL04-SC,2025
"710290,0",2025-08-08,sexta-feira,16:25:00,SC,280,"68,0",JARAGUA DO SUL,Ingestão de álcool pelo condutor,Colisão traseira,Com Vítimas Feridas,Pleno dia,Decrescente,Chuva,Simples,Reta,Sim,3,0,1,0,2,0,1,3,-26.47149501,-49.11311388,SPRF-SC,DEL03-SC,UOP03-DEL03-SC,2025
"710291,0",2025-08-08,sexta-feira,17:15:00,SC,101,"193,0",BIGUACU,Ausência de reação do condutor,Queda de ocupante de veículo,Com Vítimas Feridas,Pleno dia,Crescente,Chuva,Múltipla,Reta,Sim,2,0,1,0,1,0,1,2,-27.48786227,-48.65214793,SPRF-SC,DEL01-SC,UOP01-DEL01-SC,2025
"710301,0",2025-08-08,sexta-feira,17:10:00,SC,101,"205,0",SAO JOSE,Acumulo de óleo sobre o pavimento,Tombamento,Com Vítimas Feridas,Pleno dia,Crescente,Chuva,Simples,Curva,Sim,1,0,1,0,0,0,1,1,-27.58702,-48.61684,SPRF-SC,DEL01-SC,UOP01-DEL01-SC,2025
"710350,0",2025-04-14,segunda-feira,17:45:00,SC,101,"199,0",SAO JOSE,Ausência de reação do condutor,Colisão lateral mesmo sentido,Com Vítimas Feridas,Plena Noite,Decrescente,Céu Claro,Múltipla,Reta,Não,3,0,2,0,0,1,2,3,-27.53657394,-48.6268542,SPRF-SC,DEL01-SC,UOP01-DEL01-SC,2025
"710374,0",2025-08-08,sexta-feira,23:15:00,SC,101,"218,2",PALHOCA,Desrespeitar a preferência no cruzamento,Colisão transversal,Com Vítimas Feridas,Plena Noite,Decrescente,Garoa/Chuvisco,Simples,Interseção de Vias,Sim,1,0,1,0,0,0,1,1,-27.67818338,-48.66922824,SPRF-SC,DEL01-SC,UOP02-DEL01-SC,2025
"710378,0",2025-08-08,sexta-feira,23:30:00,SC,280,"133,0",RIO NEGRINHO,Desrespeitar a preferência no cruzamento,Colisão transversal,Sem Vítimas,Plena Noite,Crescente,Céu Claro,Simples,Rotatória;Declive,Sim,4,0,0,0,4,0,0,2,-26.267945,-49.554197,SPRF-SC,DEL06-SC,UOP03-DEL06-SC,2025
"710388,0",2025-08-09,sábado,03:30:00,SC,280,"50,2",GUARAMIRIM,Ingestão de álcool pelo condutor,Colisão com objeto,Com Vítimas Feridas,Plena Noite,Decrescente,Nublado,Dupla,Curva,Não,1,0,1,0,0,0,1,1,-26.4624726,-48.9480794,SPRF-SC,DEL03-SC,UOP03-DEL03-SC,2025
"710391,0",2025-08-09,sábado,00:38:00,SC,101,"144,9",ITAPEMA,Manobra de mudança de faixa,Colisão lateral mesmo sentido,Com Vítimas Fatais,Plena Noite,Decrescente,Nublado,Dupla,Reta,Sim,4,1,1,0,1,1,1,3,-27.07948443,-48.60014677,SPRF-SC,DEL04-SC,UOP03-DEL04-SC,2025
"710392,0",2025-08-09,sábado,00:40:00,SC,101,"101,0",ITAPEMA,Reação tardia ou ineficiente do condutor,Capotamento,Com Vítimas Feridas,Plena Noite,Decrescente,Nublado,Dupla,Reta,Sim,2,0,1,1,0,0,2,1,-27.07869155,-48.59913826,SPRF-SC,DEL03-SC,UOP02-DEL03-SC,2025
"710398,0",2025-08-09,sábado,04:20:00,SC,470,"108,0",APIUNA,Condutor Dormindo,Colisão lateral sentido oposto,Com Vítimas Feridas,Plena Noite,Decrescente,Céu Claro,Simples,Reta,Não,3,0,1,1,1,0,2,2,-27.08309962,-49.44446895,SPRF-SC,DEL04-SC,UOP02-DEL04-SC,2025
"710405,0",2025-08-09,sábado,05:15:00,SC,101,"199,0",SAO JOSE,Condutor Dormindo,Saída de leito carroçável,Sem Vítimas,Amanhecer,Crescente,Céu Claro,Dupla,Reta,Não,1,0,0,0,1,0,0,1,-27.53623503,-48.62779498,SPRF-SC,DEL01-SC,UOP01-DEL01-SC,2025
"710413,0",2025-08-09,sábado,06:30:00,SC,101,"211,0",PALHOCA,Condutor Dormindo,Colisão com objeto,Com Vítimas Feridas,Amanhecer,Decrescente,Céu Claro,Simples,Reta,Não,1,0,0,1,0,0,1,1,-27.62365743,-48.65228891,SPRF-SC,DEL01-SC,UOP02-DEL01-SC,2025
"710414,0",2025-08-09,sábado,00:20:00,SC,101,"420,5",ARARANGUA,Ingestão de álcool pelo condutor,Saída de leito carroçável,Sem Vítimas,Plena Noite,Decrescente,Ignorado,Simples,Reta,Sim,1,0,0,0,1,0,0,1,-28.998,-49.556,SPRF-SC,DEL02-SC,UOP02-DEL02-SC,2025
"710446,0",2025-08-09,sábado,10:00:00,SC,470,"50,0",BLUMENAU,Acessar a via sem observar a presença dos outros veículos,Colisão traseira,Com Vítimas Feridas,Pleno dia,Decrescente,Céu Claro,Dupla,Curva,Sim,3,0,1,0,1,1,1,3,-26.85979671,-49.07403946,SPRF-SC,DEL04-SC,UOP01-DEL04-SC,2025
"710451,0",2025-08-09,sábado,09:22:00,SC,282,"215,0",LAGES,Ausência de reação do condutor,Saída de leito carroçável,Sem Vítimas,Pleno dia,Crescente,Céu Claro,Simples,Reta,Não,1,0,0,0,0,1,0,1,-27.79293048,-50.28078675,SPRF-SC,DEL05-SC,UOP01-DEL05-SC,2025
"710470,0",2025-08-09,sábado,10:10:00,SC,280,"153,0",MAFRA,Conversão proibida,Colisão transversal,Com Vítimas Feridas,Pleno dia,Decrescente,Céu Claro,Simples,Reta,Não,4,0,2,0,2,0,2,2,-26.23740954,-49.68285497,SPRF-SC,DEL06-SC,UOP03-DEL06-SC,2025
"710478,0",2025-08-09,sábado,13:15:00,SC,101,"146,0",ITAPEMA,Demais falhas mecânicas ou elétricas,Incêndio,Sem Vítimas,Pleno dia,Crescente,Nublado,Dupla,Reta,Sim,1,0,0,0,1,0,0,1,-27.085047,-48.606805,SPRF-SC,DEL04-SC,UOP03-DEL04-SC,2025
"710491,0",2025-08-09,sábado,13:45:00,SC,101,"230,8",PALHOCA,Condutor Dormindo,Capotamento,Com Vítimas Feridas,Pleno dia,Crescente,Chuva,Dupla,Reta;Aclive,Não,2,0,1,1,0,0,2,1,-27.77481898,-48.63428291,SPRF-SC,DEL01-SC,UOP02-DEL01-SC,2025
"710498,0",2025-08-09,sábado,13:40:00,SC,101,"209,0",SAO JOSE,Transitar na contramão,Colisão transversal,Com Vítimas Feridas,Pleno dia,Crescente,Chuva,Dupla,Reta;Interseção de Vias,Sim,2,0,0,2,0,0,2,2,-27.6102629,-48.6394267,SPRF-SC,DEL01-SC,UOP01-DEL01-SC,2025
"710513,0",2025-08-09,sábado,15:30:00,SC,101,"151,0",ITAPEMA,Ausência de reação do condutor,Queda de ocupante de veículo,Com Vítimas Feridas,Pleno dia,Decrescente,Céu Claro,Dupla,Reta,Sim,1,0,1,0,0,0,1,1,-27.13175056,-48.60985503,SPRF-SC,DEL04-SC,UOP03-DEL04-SC,2025
"710515,0",2025-08-09,sábado,13:50:00,SC,470,"317,6",CAMPOS NOVOS,Acessar a via sem observar a presença dos outros veículos,Colisão frontal,Sem Vítimas,Pleno dia,Crescente,Céu Claro,Simples,Reta,Não,2,0,0,0,0,2,0,2,-27.408045,-51.211293,SPRF-SC,DEL07-SC,UOP06-DEL07-SC,2025
"710524,0",2025-08-09,sábado,15:15:00,SC,282,"19,6",PALHOCA,Velocidade Incompatível,Saída de leito carroçável,Sem Vítimas,Pleno dia,Decrescente,Nublado,Simples,Reta,Não,1,0,0,0,0,1,0,1,-27.6822295,-48.7077985,SPRF-SC,DEL01-SC,UOP02-DEL01-SC,2025
"710525,0",2025-08-09,sábado,15:20:00,SC,101,"6,0",GARUVA,Pista Escorregadia,Queda de ocupante de veículo,Com Vítimas Feridas,Pleno dia,Crescente,Céu Claro,Múltipla,Viaduto,Não,2,0,0,1,1,0,1,1,-26.02754523,-48.86156257,SPRF-SC,DEL03-SC,UOP01-DEL03-SC,2025
"710528,0",2025-08-09,sábado,17:10:00,SC,101,"316,0",PESCARIA BRAVA,Desrespeitar a preferência no cruzamento,Colisão transversal,Com Vítimas Feridas,Pleno dia,Crescente,Sol,Simples,Declive;Interseção de Vias,Sim,2,0,1,0,1,0,1,2,-28.42710635,-48.85179011,SPRF-SC,DEL02-SC,UOP01-DEL02-SC,2025
"710534,0",2025-08-09,sábado,17:23:00,SC,101,"205,0",SAO JOSE,Ausência de reação do condutor,Colisão com objeto,Com Vítimas Feridas,Anoitecer,Crescente,Céu Claro,Simples,Curva,Não,2,0,2,0,0,0,2,1,-27.584108,-48.616035,SPRF-SC,DEL01-SC,UOP01-DEL01-SC,2025