id,data_inversa,dia_semana,horario,uf,br,km,municipio,causa_acidente,tipo_acidente,classificacao_acidente,fase_dia,sentido_via,condicao_metereologica,tipo_pista,tracado_via,uso_solo,pessoas,mortos,feridos_leves,feridos_graves,ilesos,ignorados,feridos,veiculos,latitude,longitude,regional,delegacia,uop,ano_arquivo
"710553,0",2025-08-09,sábado,17:45:00,SC,163,"83,8",GUARACIABA,Acessar a via sem observar a presença dos outros veículos,Colisão transversal,Com Vítimas Feridas,Pleno dia,Decrescente,Nublado,Simples,Curva;Interseção de Vias,Não,4,0,1,0,3,0,1,2,-26.61418526,-53.51917314,SPRF-SC,DEL07-SC,UOP03-DEL07-SC,2025
"710566,0",2025-08-09,sábado,19:00:00,SC,101,"206,0",SAO JOSE,Reação tardia ou ineficiente do condutor,Colisão traseira,Com Vítimas Feridas,Plena Noite,Decrescente,Nublado,Múltipla,Reta,Sim,2,0,1,0,1,0,1,2,-27.59286356,-48.61833215,SPRF-SC,DEL01-SC,UOP01-DEL01-SC,2025
"710615,0",2025-07-24,quinta-feira,17:00:00,SC,282,"29,4",SANTO AMARO DA IMPERATRIZ,Ausência de reação do condutor,Saída de leito carroçável,Com Vítimas Feridas,Pleno dia,Decrescente,Chuva,Simples,Curva;Declive,Não,1,0,1,0,0,0,1,1,-27.68722764,-48.79046626,SPRF-SC,DEL01-SC,UOP03-DEL01-SC,2025
"710627,0",2025-08-09,sábado,21:40:00,SC,116,"19,0",MAFRA,Ultrapassagem Indevida,Colisão frontal,Com Vítimas Feridas,Plena Noite,Crescente,Céu Claro,Simples,Reta;Aclive,Não,4,0,1,2,1,0,3,2,-26.231657,-49.897081,SPRF-SC,DEL06-SC,UOP01-DEL06-SC,2025
"710635,0",2025-08-09,sábado,22:50:00,SC,280,"129,7",RIO NEGRINHO,Ausência de reação do condutor,Saída de leito carroçável,Sem Vítimas,Plena Noite,Crescente,Céu Claro,Simples,Curva;Interseção de Vias,Sim,1,0,0,0,1,0,0,1,-26.2514975,-49.5266333,SPRF-SC,DEL06-SC,UOP03-DEL06-SC,2025
"710636,0",2025-08-09,sábado,22:50:00,SC,101,"213,3",PALHOCA,Acessar a via sem observar a presença dos outros veículos,Colisão transversal,Com Vítimas Feridas,Plena Noite,Decrescente,Nublado,Múltipla,Viaduto;Interseção de Vias,Sim,2,0,1,0,1,0,1,2,-27.63955441,-48.66662113,SPRF-SC,DEL01-SC,UOP02-DEL01-SC,2025
"710644,0",2025-08-09,sábado,22:30:00,SC,101,"257,3",PAULO LOPES,Manobra de mudança de faixa,Colisão lateral mesmo sentido,Com Vítimas Feridas,Plena Noite,Crescente,Nublado,Dupla,Reta;Aclive,Não,7,0,1,0,6,0,1,2,-27.999,-48.691,SPRF-SC,DEL02-SC,UOP03-DEL02-SC,2025
"710647,0",2025-08-09,sábado,21:30:00,SC,282,"429,4",VARGEM BONITA,Ausência de reação do condutor,Saída de leito carroçável,Sem Vítimas,Plena Noite,Crescente,Céu Claro,Simples,Reta,Não,1,0,0,0,0,1,0,1,-26.9795168,-51.78463268,SPRF-SC,DEL07-SC,UOP05-DEL07-SC,2025
"710680,0",2025-08-10,domingo,03:45:00,SC,101,"191,0",BIGUACU,Ingestão de álcool pelo condutor,Tombamento,Com Vítimas Feridas,Plena Noite,Decrescente,Nublado,Dupla,Reta,Não,1,0,1,0,0,0,1,1,-27.484079,-48.647314,SPRF-SC,DEL01-SC,UOP01-DEL01-SC,2025
"710683,0",2025-08-10,domingo,05:00:00,SC,470,"86,9",RODEIO,Transitar na contramão,Colisão lateral sentido oposto,Com Vítimas Feridas,Plena Noite,Decrescente,Céu Claro,Simples,Curva;Ponte,Sim,2,0,0,1,1,0,1,2,-26.9481165,-49.3662611,SPRF-SC,DEL04-SC,UOP01-DEL04-SC,2025
"710691,0",2025-08-10,domingo,04:20:00,SC,280,"45,6",GUARAMIRIM,Ingestão de álcool pelo condutor,Colisão com objeto,Sem Vítimas,Plena Noite,Crescente,Nublado,Simples,Reta;Em Obras,Não,1,0,0,0,0,1,0,1,-26.452712,-48.903637,SPRF-SC,DEL03-SC,UOP03-DEL03-SC,2025
"710699,0",2025-08-10,domingo,02:30:00,SC,101,"341,0",TUBARAO,Ausência de reação do condutor,Colisão com objeto,Sem Vítimas,Plena Noite,Crescente,Céu Claro,Múltipla,Curva,Sim,1,0,0,0,0,1,0,1,-28.526794,-49.056512,SPRF-SC,DEL02-SC,UOP01-DEL02-SC,2025
"710703,0",2025-08-10,domingo,06:45:00,SC,101,"151,0",ITAPEMA,Ausência de reação do condutor,Atropelamento de Pedestre,Com Vítimas Feridas,Pleno dia,Decrescente,Céu Claro,Simples,Interseção de Vias;Viaduto,Sim,3,0,1,1,1,0,2,2,-27.13204058,-48.60978127,SPRF-SC,DEL04-SC,UOP03-DEL04-SC,2025
"710717,0",2025-08-10,domingo,07:30:00,SC,470,"143,0",RIO DO SUL,Velocidade Incompatível,Capotamento,Com Vítimas Feridas,Pleno dia,Decrescente,Sol,Simples,Interseção de Vias;Rotatória,Sim,4,0,4,0,0,0,4,1,-27.2206059,-49.659485,SPRF-SC,DEL04-SC,UOP02-DEL04-SC,2025
"710718,0",2025-08-10,domingo,08:50:00,SC,101,"203,5",SAO JOSE,Ausência de reação do condutor,Colisão com objeto,Sem Vítimas,Pleno dia,Decrescente,Céu Claro,Dupla,Curva,Sim,2,0,0,0,0,2,0,2,-27.567,-48.614,SPRF-SC,DEL01-SC,UOP01-DEL01-SC,2025
"710720,0",2025-08-10,domingo,08:00:00,SC,282,"64,6",RANCHO QUEIMADO,Acessar a via sem observar a presença dos outros veículos,Colisão transversal,Com Vítimas Feridas,Pleno dia,Crescente,Céu Claro,Simples,Curva;Aclive;Interseção de Vias,Não,3,0,0,1,2,0,1,2,-27.67989698,-49.00635593,SPRF-SC,DEL01-SC,UOP03-DEL01-SC,2025
"710730,0",2025-08-10,domingo,10:25:00,SC,101,"217,3",PALHOCA,Manobra de mudança de faixa,Colisão lateral mesmo sentido,Com Vítimas Feridas,Pleno dia,Decrescente,Céu Claro,Dupla,Reta,Sim,3,0,0,1,1,1,1,3,-27.67066,-48.67253,SPRF-SC,DEL01-SC,UOP02-DEL01-SC,2025
"710740,0",2025-08-10,domingo,11:55:00,SC,101,"209,8",SAO JOSE,Reação tardia ou ineficiente do condutor,Tombamento,Com Vítimas Feridas,Pleno dia,Crescente,Céu Claro,Dupla,Reta,Sim,1,0,1,0,0,0,1,1,-27.6159,-48.64477,SPRF-SC,DEL01-SC,UOP01-DEL01-SC,2025
"710778,0",2025-08-10,domingo,16:20:00,SC,101,"127,0",CAMBORIU,Reação tardia ou ineficiente do condutor,Colisão traseira,Sem Vítimas,Pleno dia,Decrescente,Céu Claro,Dupla,Reta,Sim,2,0,0,0,2,0,0,2,-26.97309766,-48.68279326,SPRF-SC,DEL04-SC,UOP04-DEL04-SC,2025
"710781,0",2025-08-10,domingo,16:30:00,SC,101,"205,7",SAO JOSE,Manobra de mudança de faixa,Colisão lateral mesmo sentido,Com Vítimas Feridas,Pleno dia,Decrescente,Céu Claro,Múltipla,Reta,Sim,2,0,1,0,1,0,1,2,-27.57576109,-48.61754358,SPRF-SC,DEL01-SC,UOP01-DEL01-SC,2025
"710791,0",2025-08-10,domingo,17:50:00,SC,101,"72,0",ARAQUARI,Condutor deixou de manter distância do veículo da frente,Engavetamento,Com Vítimas Feridas,Anoitecer,Decrescente,Céu Claro,Múltipla,Reta,Não,7,0,4,0,3,0,4,3,-26.52668738,-48.71559763,SPRF-SC,DEL03-SC,UOP02-DEL03-SC,2025
"710810,0",2025-08-10,domingo,18:37:00,SC,282,"215,9",LAGES,Ausência de reação do condutor,Colisão lateral mesmo sentido,Com Vítimas Feridas,Plena Noite,Decrescente,Céu Claro,Simples,Reta,Sim,4,0,1,0,3,0,1,3,-27.7962,-50.28791,SPRF-SC,DEL05-SC,UOP01-DEL05-SC,2025
"710821,0",2025-08-10,domingo,18:00:00,SC,282,"44,5",AGUAS MORNAS,Condutor deixou de manter distância do veículo da frente,Colisão traseira,Sem Vítimas,Anoitecer,Decrescente,Nublado,Simples,Reta,Sim,2,0,0,0,2,0,0,2,-27.7215,-48.91131,SPRF-SC,DEL01-SC,UOP03-DEL01-SC,2025
"710825,0",2025-08-10,domingo,19:20:00,SC,470,"133,0",RIO DO SUL,Ingestão de álcool pelo condutor,Colisão frontal,Sem Vítimas,Plena Noite,Crescente,Nublado,Simples,Interseção de Vias;Reta,Não,4,0,0,0,4,0,0,2,-27.17254109,-49.58312843,SPRF-SC,DEL04-SC,UOP02-DEL04-SC,2025
"710857,0",2025-08-10,domingo,20:50:00,SC,101,"117,0",ITAJAI,Reação tardia ou ineficiente do condutor,Colisão traseira,Com Vítimas Feridas,Plena Noite,Decrescente,Céu Claro,Múltipla,Reta,Não,5,0,2,0,2,1,2,4,-26.88497189,-48.72352247,SPRF-SC,DEL04-SC,UOP04-DEL04-SC,2025
"710862,0",2025-08-10,domingo,20:40:00,SC,470,"148,0",AGRONOMICA,Acessar a via sem observar a presença dos outros veículos,Colisão lateral mesmo sentido,Com Vítimas Feridas,Plena Noite,Crescente,Céu Claro,Simples,Interseção de Vias;Rotatória,Sim,2,0,1,0,1,0,1,2,-27.24618837,-49.69470263,SPRF-SC,DEL04-SC,UOP02-DEL04-SC,2025
"710870,0",2025-08-10,domingo,20:30:00,SC,470,"6,1",NAVEGANTES,Pedestre cruzava a pista fora da faixa,Atropelamento de Pedestre,Com Vítimas Fatais,Plena Noite,Decrescente,Céu Claro,Dupla,Em Obras;Curva,Sim,3,1,0,0,2,0,0,2,-26.851395,-48.710618,SPRF-SC,DEL04-SC,UOP04-DEL04-SC,2025
"710879,0",2025-08-10,domingo,21:10:00,SC,282,"407,0",CATANDUVAS,Ausência de reação do condutor,Queda de ocupante de veículo,Com Vítimas Feridas,Plena Noite,Crescente,Céu Claro,Simples,Curva;Declive,Não,1,0,1,0,0,0,1,1,-27.0893687,-51.66140246,SPRF-SC,DEL07-SC,UOP05-DEL07-SC,2025
"710881,0",2025-08-10,domingo,21:45:00,SC,470,"62,0",INDAIAL,Ingestão de álcool pelo condutor,Colisão transversal,Sem Vítimas,Plena Noite,Crescente,Céu Claro,Simples,Declive,Sim,2,0,0,0,1,1,0,2,-26.87434857,-49.18488828,SPRF-SC,DEL04-SC,UOP01-DEL04-SC,2025
"710886,0",2025-08-10,domingo,21:00:00,SC,470,"6,0",NAVEGANTES,Reação tardia ou ineficiente do condutor,Colisão traseira,Com Vítimas Feridas,Plena Noite,Decrescente,Céu Claro,Dupla,Reta;Em Obras,Sim,2,0,1,0,1,0,1,2,-26.85503225,-48.70271225,SPRF-SC,DEL04-SC,UOP04-DEL04-SC,2025
"710902,0",2025-08-10,domingo,23:35:00,SC,101,"213,4",PALHOCA,Demais falhas mecânicas ou elétricas,Atropelamento de Pedestre,Com Vítimas Feridas,Plena Noite,Decrescente,Céu Claro,Múltipla,Reta;Aclive;Viaduto,Sim,3,0,1,1,1,0,2,2,-27.64,-48.6671,SPRF-SC,DEL01-SC,UOP02-DEL01-SC,2025
"710914,0",2025-08-11,segunda-feira,01:05:00,SC,101,"444,1",SANTA ROSA DO SUL,Ausência de reação do condutor,Colisão com objeto,Sem Vítimas,Plena Noite,Crescente,Céu Claro,Múltipla,Interseção de Vias,Sim,2,0,0,0,0,2,0,2,-29.135184,-49.708279,SPRF-SC,DEL02-SC,UOP02-DEL02-SC,2025
"710969,0",2025-08-11,segunda-feira,08:50:00,SC,282,"19,1",PALHOCA,Mal súbito do condutor,Colisão frontal,Com Vítimas Feridas,Pleno dia,Decrescente,Céu Claro,Simples,Reta;Aclive;Viaduto,Não,4,0,1,0,3,0,1,3,-27.679647,-48.703455,SPRF-SC,DEL01-SC,UOP02-DEL01-SC,2025
"710970,0",2025-08-11,segunda-feira,07:50:00,SC,470,"0,9",NAVEGANTES,Manobra de mudança de faixa,Colisão com objeto,Com Vítimas Feridas,Pleno dia,Decrescente,Céu Claro,Dupla,Reta,Não,1,0,1,0,0,0,1,1,-26.87996609,-48.66389601,SPRF-SC,DEL04-SC,UOP04-DEL04-SC,2025
"710972,0",2025-08-11,segunda-feira,07:50:00,SC,101,"27,0",JOINVILLE,Acessar a via sem observar a presença dos outros veículos,Colisão transversal,Com Vítimas Feridas,Pleno dia,Crescente,Céu Claro,Simples,Rotatória,Sim,2,0,0,1,1,0,1,2,-26.20301027,-48.91387638,SPRF-SC,DEL03-SC,UOP01-DEL03-SC,2025
"710982,0",2025-08-11,segunda-feira,10:25:00,SC,101,"85,0",BARRA VELHA,Reação tardia ou ineficiente do condutor,Colisão lateral mesmo sentido,Com Vítimas Feridas,Pleno dia,Crescente,Céu Claro,Dupla,Reta,Sim,2,0,1,0,1,0,1,2,-26.63599354,-48.69743979,SPRF-SC,DEL03-SC,UOP02-DEL03-SC,2025
"710990,0",2025-07-26,sábado,06:00:00,SC,470,"123,0",IBIRAMA,Ultrapassagem Indevida,Colisão frontal,Com Vítimas Feridas,Amanhecer,Crescente,Nevoeiro/Neblina,Simples,Reta,Não,3,0,1,0,2,0,1,2,-27.10544998,-49.52207062,SPRF-SC,DEL04-SC,UOP02-DEL04-SC,2025
"711021,0",2025-08-11,segunda-feira,10:00:00,SC,470,"114,7",IBIRAMA,Ausência de reação do condutor,Colisão lateral mesmo sentido,Com Vítimas Feridas,Pleno dia,Crescente,Céu Claro,Simples,Reta,Sim,2,0,2,0,0,0,2,2,-27.0802,-49.48556,SPRF-SC,DEL04-SC,UOP02-DEL04-SC,2025
"711025,0",2025-08-11,segunda-feira,14:55:00,SC,101,"154,0",PORTO BELO,Reação tardia ou ineficiente do condutor,Saída de leito carroçável,Com Vítimas Feridas,Pleno dia,Decrescente,Céu Claro,Múltipla,Curva;Declive;Viaduto,Não,1,0,0,1,0,0,1,1,-27.16429934,-48.61283898,SPRF-SC,DEL04-SC,UOP03-DEL04-SC,2025
"711063,0",2025-08-11,segunda-feira,16:55:00,SC,101,"211,8",PALHOCA,Reação tardia ou ineficiente do condutor,Colisão traseira,Com Vítimas Feridas,Pleno dia,Decrescente,Céu Claro,Múltipla,Reta,Sim,2,0,1,0,1,0,1,2,-27.62845259,-48.65722267,SPRF-SC,DEL01-SC,UOP02-DEL01-SC,2025
"711076,0",2025-08-11,segunda-feira,17:15:00,SC,480,"123,0",CHAPECO,Ausência de reação do condutor,Saída de leito carroçável,Com Vítimas Feridas,Pleno dia,Crescente,Céu Claro,Simples,Curva;Interseção de Vias;Viaduto,Sim,1,0,0,1,0,0,1,1,-26.9994425,-52.64632344,SPRF-SC,DEL07-SC,UOP01-DEL07-SC,2025
"711082,0",2025-08-11,segunda-feira,17:45:00,SC,158,"112,0",CUNHA PORA,Suicídio (presumido),Saída de leito carroçável,Sem Vítimas,Anoitecer,Crescente,Céu Claro,Simples,Reta,Não,1,0,0,0,1,0,0,1,-26.877219,-53.168363,SPRF-SC,DEL07-SC,UOP02-DEL07-SC,2025
"711100,0",2025-08-11,segunda-feira,19:25:00,SC,101,"215,6",PALHOCA,Acessar a via sem observar a presença dos outros veículos,Colisão lateral mesmo sentido,Com Vítimas Feridas,Plena Noite,Decrescente,Céu Claro,Múltipla,Reta,Sim,2,0,0,1,0,1,1,2,-27.656708,-48.678152,SPRF-SC,DEL01-SC,UOP02-DEL01-SC,2025
"711107,0",2025-08-11,segunda-feira,07:20:00,SC,280,"128,0",RIO NEGRINHO,Acessar a via sem observar a presença dos outros veículos,Colisão transversal,Com Vítimas Feridas,Pleno dia,Decrescente,Céu Claro,Simples,Reta,Sim,2,0,1,0,0,1,1,2,-26.24365589,-49.51435089,SPRF-SC,DEL06-SC,UOP03-DEL06-SC,2025
"711111,0",2025-08-11,segunda-feira,18:55:00,SC,101,"417,0",ARARANGUA,Reação tardia ou ineficiente do condutor,Colisão com objeto,Com Vítimas Feridas,Plena Noite,Crescente,Nublado,Dupla,Reta,Não,2,0,2,0,0,0,2,1,-28.98250307,-49.53941345,SPRF-SC,DEL02-SC,UOP02-DEL02-SC,2025
"711181,0",2025-08-12,terça-feira,08:00:00,SC,101,"116,6",ITAJAI,Ausência de reação do condutor,Colisão traseira,Com Vítimas Feridas,Pleno dia,Crescente,Sol,Dupla,Reta,Não,3,0,1,1,1,0,2,2,-26.88386251,-48.72448795,SPRF-SC,DEL04-SC,UOP04-DEL04-SC,2025
"711192,0",2025-08-12,terça-feira,09:25:00,SC,282,"3,5",FLORIANOPOLIS,Manobra de mudança de faixa,Colisão traseira,Com Vítimas Feridas,Pleno dia,Decrescente,Céu Claro,Múltipla,Reta,Sim,3,0,1,0,2,0,1,2,-27.596313,-48.601053,SPRF-SC,DEL01-SC,UOP01-DEL01-SC,2025
"711193,0",2025-07-07,segunda-feira,22:30:00,SC,470,"88,0",RODEIO,Ingestão de álcool pelo condutor,Capotamento,Com Vítimas Feridas,Plena Noite,Crescente,Céu Claro,Simples,Curva,Não,2,0,1,1,0,0,2,1,-26.95017783,-49.35636727,SPRF-SC,DEL04-SC,UOP01-DEL04-SC,2025
"711198,0",2025-07-11,sexta-feira,09:25:00,SC,470,"57,0",BLUMENAU,Condutor deixou de manter distância do veículo da frente,Colisão traseira,Com Vítimas Feridas,Pleno dia,Decrescente,Céu Claro,Simples,Reta,Não,2,0,1,0,1,0,1,2,-26.87394707,-49.11469907,SPRF-SC,DEL04-SC,UOP01-DEL04-SC,2025
"711235,0",2025-08-12,terça-feira,14:45:00,SC,101,"227,6",PALHOCA,Velocidade Incompatível,Capotamento,Com Vítimas Feridas,Pleno dia,Decrescente,Céu Claro,Dupla,Reta,Não,1,0,1,0,0,0,1,1,-27.7556951,-48.63196313,SPRF-SC,DEL01-SC,UOP02-DEL01-SC,2025
"711236,0",2025-08-05,terça-feira,02:30:00,SC,101,"132,0",CAMBORIU,Reação tardia ou ineficiente do condutor,Tombamento,Com Vítimas Feridas,Plena Noite,Crescente,Céu Claro,Simples,Reta,Sim,2,0,2,0,0,0,2,1,-26.99748756,-48.65496576,SPRF-SC,DEL04-SC,UOP03-DEL04-SC,2025
"711256,0",2025-08-12,terça-feira,16:30:00,SC,101,"149,0",ITAPEMA,Reação tardia ou ineficiente do condutor,Atropelamento de Pedestre,Com Vítimas Feridas,Pleno dia,Decrescente,Céu Claro,Dupla,Reta,Sim,2,0,0,1,1,0,1,2,-27.10953318,-48.61165881,SPRF-SC,DEL04-SC,UOP03-DEL04-SC,2025
"711257,0",2025-08-12,terça-feira,15:20:00,SC,101,"101,0",BALNEARIO PICARRAS,Velocidade Incompatível,Saída de leito carroçável,Com Vítimas Feridas,Pleno dia,Decrescente,Sol,Múltipla,Reta;Declive,Sim,1,0,1,0,0,0,1,1,-26.77050776,-48.68573841,SPRF-SC,DEL03-SC,UOP02-DEL03-SC,2025
"711272,0",2025-08-12,terça-feira,18:30:00,SC,282,"3,0",FLORIANOPOLIS,Reação tardia ou ineficiente do condutor,Colisão traseira,Com Vítimas Feridas,Plena Noite,Crescente,Céu Claro,Múltipla,Reta,Sim,3,0,1,0,2,0,1,3,-27.59661,-48.6009,SPRF-SC,DEL01-SC,UOP01-DEL01-SC,2025
"711274,0",2025-08-12,terça-feira,17:00:00,SC,282,"402,0",JOACABA,Reação tardia ou ineficiente do condutor,Colisão traseira,Com Vítimas Feridas,Pleno dia,Crescente,Céu Claro,Simples,Curva,Não,2,0,1,0,1,0,1,2,-27.115344,-51.631189,SPRF-SC,DEL07-SC,UOP05-DEL07-SC,2025
"711314,0",2025-08-12,terça-feira,21:40:00,SC,101,"352,5",JAGUARUNA,Demais falhas mecânicas ou elétricas,Incêndio,Sem Vítimas,Plena Noite,Decrescente,Céu Claro,Dupla,Aclive;Reta,Não,5,0,0,0,5,0,0,1,-28.618258,-49.070322,SPRF-SC,DEL02-SC,UOP01-DEL02-SC,2025
"711320,0",2025-08-12,terça-feira,22:58:00,SC,116,"245,0",LAGES,Reação tardia ou ineficiente do condutor,Colisão traseira,Com Vítimas Feridas,Plena Noite,Crescente,Nevoeiro/Neblina,Múltipla,Interseção de Vias;Rotatória,Sim,1,0,1,0,0,0,1,1,-27.7999442,-50.36379576,SPRF-SC,DEL05-SC,UOP01-DEL05-SC,2025
"711332,0",2025-08-13,quarta-feira,05:20:00,SC,101,"210,0",SAO JOSE,Estacionar ou parar em local proibido,Colisão traseira,Com Vítimas Feridas,Plena Noite,Decrescente,Nublado,Dupla,Reta,Sim,2,0,1,0,1,0,1,2,-27.61695989,-48.64551751,SPRF-SC,DEL01-SC,UOP01-DEL01-SC,2025
"711359,0",2025-08-13,quarta-feira,08:15:00,SC,101,"151,0",ITAPEMA,Condutor deixou de manter distância do veículo da frente,Colisão traseira,Com Vítimas Feridas,Amanhecer,Crescente,Céu Claro,Dupla,Reta,Sim,2,0,1,0,1,0,1,2,-27.12310743,-48.60945789,SPRF-SC,DEL04-SC,UOP03-DEL04-SC,2025
"711369,0",2025-08-13,quarta-feira,10:20:00,SC,101,"134,0",BALNEARIO CAMBORIU,Desrespeitar a preferência no cruzamento,Colisão transversal,Com Vítimas Feridas,Pleno dia,Crescente,Céu Claro,Múltipla,Interseção de Vias,Sim,2,0,1,0,1,0,1,2,-27.00207566,-48.63798587,SPRF-SC,DEL04-SC,UOP03-DEL04-SC,2025
"711400,0",2025-08-11,segunda-feira,17:45:00,SC,280,"254,5",CANOINHAS,Acessar a via sem observar a presença dos outros veículos,Colisão transversal,Com Vítimas Feridas,Anoitecer,Decrescente,Céu Claro,Simples,Reta;Interseção de Vias,Não,2,0,0,1,1,0,1,2,-26.2663576,-50.5844697,SPRF-SC,DEL06-SC,UOP04-DEL06-SC,2025
"711411,0",2025-08-13,quarta-feira,14:50:00,SC,101,"213,0",PALHOCA,Manobra de mudança de faixa,Colisão traseira,Com Vítimas Feridas,Pleno dia,Decrescente,Céu Claro,Múltipla,Reta,Sim,3,0,1,1,0,1,2,2,-27.642272,-48.668847,SPRF-SC,DEL01-SC,UOP02-DEL01-SC,2025
"711417,0",2025-08-13,quarta-feira,15:20:00,SC,101,"119,4",ITAJAI,Trafegar com motocicleta (ou similar) entre as faixas,Colisão lateral mesmo sentido,Com Vítimas Feridas,Pleno dia,Crescente,Céu Claro,Dupla,Reta,Sim,2,0,1,0,1,0,1,2,-26.89656207,-48.7184798,SPRF-SC,DEL04-SC,UOP04-DEL04-SC,2025
"711460,0",2025-08-13,quarta-feira,17:35:00,SC,280,"81,9",CORUPA,Ausência de reação do condutor,Colisão transversal,Com Vítimas Feridas,Anoitecer,Crescente,Céu Claro,Simples,Reta;Interseção de Vias,Não,2,0,1,0,1,0,1,2,-26.43657398,-49.24084989,SPRF-SC,DEL06-SC,UOP03-DEL06-SC,2025
"711469,0",2025-08-13,quarta-feira,19:30:00,SC,101,"202,8",SAO JOSE,Trafegar com motocicleta (ou similar) entre as faixas,Colisão lateral mesmo sentido,Com Vítimas Feridas,Plena Noite,Crescente,Céu Claro,Dupla,Reta,Sim,2,0,1,0,1,0,1,2,-27.561925,-48.616342,SPRF-SC,DEL01-SC,UOP01-DEL01-SC,2025
"711471,0",2025-08-13,quarta-feira,20:00:00,SC,101,"207,0",SAO JOSE,Trafegar com motocicleta (ou similar) entre as faixas,Colisão traseira,Com Vítimas Feridas,Plena Noite,Crescente,Céu Claro,Múltipla,Reta,Sim,3,0,0,1,2,0,1,2,-27.600677,-48.623421,SPRF-SC,DEL01-SC,UOP01-DEL01-SC,2025
"711491,0",2025-08-13,quarta-feira,18:40:00,SC,101,"304,0",LAGUNA,Desrespeitar a preferência no cruzamento,Colisão transversal,Com Vítimas Feridas,Plena Noite,Decrescente,Céu Claro,Dupla,Viaduto,Não,2,0,0,1,1,0,1,2,-28.38985675,-48.77613036,SPRF-SC,DEL02-SC,UOP03-DEL02-SC,2025
"711516,0",2025-08-14,quinta-feira,03:50:00,SC,101,"200,9",SAO JOSE,Reação tardia ou ineficiente do condutor,Saída de leito carroçável,Sem Vítimas,Plena Noite,Crescente,Céu Claro,Dupla,Reta,Sim,1,0,0,0,1,0,0,1,-27.5477,-48.62003,SPRF-SC,DEL01-SC,UOP01-DEL01-SC,2025
"711525,0",2025-08-14,quinta-feira,06:20:00,SC,101,"17,3",PALHOCA,Acessar a via sem observar a presença dos outros veículos,Colisão transversal,Com Vítimas Feridas,Amanhecer,Crescente,Nublado,Simples,Retorno Regulamentado;Reta,Sim,2,0,1,0,1,0,1,2,-27.66734204,-48.68945209,SPRF-SC,DEL03-SC,UOP01-DEL03-SC,2025
"711542,0",2025-08-14,quinta-feira,06:15:00,SC,480,"128,0",CHAPECO,Ultrapassagem Indevida,Colisão lateral mesmo sentido,Com Vítimas Feridas,Amanhecer,Crescente,Céu Claro,Simples,Reta,Sim,2,0,1,0,1,0,1,2,-27.03759631,-52.63431621,SPRF-SC,DEL07-SC,UOP01-DEL07-SC,2025
"711543,0",2025-08-14,quinta-feira,07:45:00,SC,470,"50,0",BLUMENAU,Reação tardia ou ineficiente do condutor,Colisão traseira,Com Vítimas Feridas,Pleno dia,Crescente,Céu Claro,Dupla,Desvio Temporário;Curva,Sim,3,0,1,0,2,0,1,2,-26.86165025,-49.08195583,SPRF-SC,DEL04-SC,UOP01-DEL04-SC,2025
"711556,0",2025-08-14,quinta-feira,07:40:00,SC,101,"383,8",ICARA,Condutor deixou de manter distância do veículo da frente,Colisão traseira,Com Vítimas Feridas,Pleno dia,Decrescente,Céu Claro,Dupla,Interseção de Vias;Viaduto,Sim,2,0,1,0,1,0,1,2,-28.77590153,-49.31766836,SPRF-SC,DEL02-SC,UOP02-DEL02-SC,2025
"711563,0",2025-08-14,quinta-feira,09:00:00,SC,282,"5,5",SAO JOSE,Reação tardia ou ineficiente do condutor,Colisão traseira,Com Vítimas Feridas,Pleno dia,Decrescente,Céu Claro,Múltipla,Reta,Sim,3,0,2,0,1,0,2,2,-27.58803741,-48.61359922,SPRF-SC,DEL01-SC,UOP01-DEL01-SC,2025
"711575,0",2025-08-14,quinta-feira,10:30:00,SC,101,"154,0",PORTO BELO,Manobra de mudança de faixa,Colisão lateral mesmo sentido,Com Vítimas Feridas,Pleno dia,Crescente,Céu Claro,Múltipla,Reta,Não,3,0,2,0,1,0,2,2,-27.15996562,-48.61115942,SPRF-SC,DEL04-SC,UOP03-DEL04-SC,2025
"711590,0",2025-08-14,quinta-feira,13:40:00,SC,101,"203,8",SAO JOSE,Condutor deixou de manter distância do veículo da frente,Tombamento,Com Vítimas Feridas,Pleno dia,Crescente,Céu Claro,Múltipla,Reta,Sim,1,0,1,0,0,0,1,1,-27.57273,-48.61375,SPRF-SC,DEL01-SC,UOP01-DEL01-SC,2025
"711592,0",2025-08-14,quinta-feira,13:35:00,SC,101,"140,0",BALNEARIO CAMBORIU,Reação tardia ou ineficiente do condutor,Colisão traseira,Com Vítimas Feridas,Pleno dia,Crescente,Céu Claro,Dupla,Reta;Aclive,Não,3,0,2,0,1,0,2,2,-27.03944288,-48.60000166,SPRF-SC,DEL04-SC,UOP03-DEL04-SC,2025
"711595,0",2025-08-14,quinta-feira,12:30:00,SC,101,"264,2",GAROPABA,Mal súbito do condutor,Colisão com objeto,Com Vítimas Feridas,Pleno dia,Decrescente,Céu Claro,Dupla,Curva,Não,1,0,1,0,0,0,1,1,-28.056071,-48.718331,SPRF-SC,DEL02-SC,UOP03-DEL02-SC,2025
"711600,0",2025-08-14,quinta-feira,14:45:00,SC,101,"213,9",PALHOCA,Acessar a via sem observar a presença dos outros veículos,Colisão traseira,Com Vítimas Feridas,Pleno dia,Decrescente,Céu Claro,Múltipla,Reta,Sim,2,0,1,0,1,0,1,2,-27.644581,-48.670449,SPRF-SC,DEL01-SC,UOP02-DEL01-SC,2025