id,data_inversa,dia_semana,horario,uf,br,km,municipio,causa_acidente,tipo_acidente,classificacao_acidente,fase_dia,sentido_via,condicao_metereologica,tipo_pista,tracado_via,uso_solo,pessoas,mortos,feridos_leves,feridos_graves,ilesos,ignorados,feridos,veiculos,latitude,longitude,regional,delegacia,uop,ano_arquivo
"713313,0",2025-08-22,sexta-feira,17:25:00,SC,470,"88,7",ASCURRA,Acessar a via sem observar a presença dos outros veículos,Colisão transversal,Com Vítimas Feridas,Anoitecer,Crescente,Nublado,Simples,Curva,Não,4,0,1,1,2,0,2,2,-26.9604679,-49.37499253,SPRF-SC,DEL04-SC,UOP01-DEL04-SC,2025
"713324,0",2025-08-22,sexta-feira,18:30:00,SC,280,"53,0",GUARAMIRIM,Acessar a via sem observar a presença dos outros veículos,Colisão transversal,Com Vítimas Feridas,Plena Noite,Crescente,Céu Claro,Dupla,Rotatória,Sim,2,0,1,0,1,0,1,2,-26.46726918,-48.96001339,SPRF-SC,DEL03-SC,UOP03-DEL03-SC,2025
"713347,0",2025-08-22,sexta-feira,17:45:00,SC,280,"28,0",ARAQUARI,Conversão proibida,Colisão transversal,Com Vítimas Feridas,Pleno dia,Decrescente,Céu Claro,Simples,Reta,Não,2,0,1,0,1,0,1,2,-26.40554388,-48.7464207,SPRF-SC,DEL03-SC,UOP03-DEL03-SC,2025
"713350,0",2025-08-22,sexta-feira,20:20:00,SC,101,"460,0",PASSO DE TORRES,Demais falhas mecânicas ou elétricas,Incêndio,Sem Vítimas,Plena Noite,Crescente,Nublado,Dupla,Reta,Não,3,0,0,0,3,0,0,1,-29.27509437,-49.75510597,SPRF-RS,DEL03-RS,UOP02-DEL03-RS,2025
"713361,0",2025-08-22,sexta-feira,22:30:00,SC,280,"29,0",ARAQUARI,Trafegar com motocicleta (ou similar) entre as faixas,Colisão transversal,Com Vítimas Feridas,Plena Noite,Decrescente,Céu Claro,Simples,Reta,Sim,2,0,1,0,1,0,1,2,-26.407118,-48.748126,SPRF-SC,DEL03-SC,UOP03-DEL03-SC,2025
"713363,0",2025-08-22,sexta-feira,21:50:00,SC,280,"28,8",ARAQUARI,Trafegar com motocicleta (ou similar) entre as faixas,Colisão transversal,Com Vítimas Feridas,Plena Noite,Decrescente,Nublado,Simples,Reta,Sim,2,0,1,0,1,0,1,2,-26.407118,-48.748126,SPRF-SC,DEL03-SC,UOP03-DEL03-SC,2025
"713364,0",2025-08-22,sexta-feira,22:30:00,SC,101,"216,4",PALHOCA,Manobra de mudança de faixa,Colisão lateral mesmo sentido,Com Vítimas Feridas,Plena Noite,Crescente,Céu Claro,Dupla,Reta,Sim,2,0,0,1,1,0,1,2,-27.66306,-48.67596,SPRF-SC,DEL01-SC,UOP02-DEL01-SC,2025
"713385,0",2025-08-22,sexta-feira,23:45:00,SC,470,"57,6",BLUMENAU,Reação tardia ou ineficiente do condutor,Colisão lateral mesmo sentido,Com Vítimas Feridas,Plena Noite,Decrescente,Céu Claro,Simples,Rotatória;Viaduto,Sim,2,0,1,0,1,0,1,2,-26.882873,-49.141304,SPRF-SC,DEL04-SC,UOP01-DEL04-SC,2025
"713398,0",2025-08-23,sábado,02:00:00,SC,101,"90,5",BARRA VELHA,Ingestão de álcool pelo condutor,Colisão com objeto,Sem Vítimas,Plena Noite,Crescente,Céu Claro,Simples,Reta,Sim,1,0,0,0,1,0,0,1,-26.6764488,-48.6916971,SPRF-SC,DEL03-SC,UOP02-DEL03-SC,2025
"713401,0",2025-08-23,sábado,02:00:00,SC,282,"547,2",NOVA ITABERABA,Velocidade Incompatível,Colisão com objeto,Com Vítimas Fatais,Plena Noite,Crescente,Céu Claro,Simples,Curva;Rotatória,Sim,1,1,0,0,0,0,0,1,-26.974633,-52.743921,SPRF-SC,DEL07-SC,UOP01-DEL07-SC,2025
"713410,0",2025-08-23,sábado,02:49:00,SC,101,"49,2",JOINVILLE,Velocidade Incompatível,Colisão com objeto,Sem Vítimas,Plena Noite,Crescente,Nevoeiro/Neblina,Dupla,Curva,Sim,1,0,0,0,0,1,0,1,-26.378207,-48.852168,SPRF-SC,DEL03-SC,UOP01-DEL03-SC,2025
"713419,0",2025-08-22,sexta-feira,23:20:00,SC,101,"276,0",IMBITUBA,Ausência de reação do condutor,Tombamento,Com Vítimas Feridas,Plena Noite,Crescente,Nublado,Múltipla,Reta,Sim,1,0,1,0,0,0,1,1,-28.158224,-48.693492,SPRF-SC,DEL02-SC,UOP03-DEL02-SC,2025
"713440,0",2025-08-23,sábado,08:20:00,SC,470,"51,0",BLUMENAU,Condutor deixou de manter distância do veículo da frente,Atropelamento de Pedestre,Com Vítimas Feridas,Pleno dia,Crescente,Nublado,Simples,Em Obras;Reta;Desvio Temporário,Sim,2,0,1,0,1,0,1,2,-26.86264685,-49.08954232,SPRF-SC,DEL04-SC,UOP01-DEL04-SC,2025
"713460,0",2025-08-23,sábado,08:30:00,SC,470,"87,9",ASCURRA,Condutor deixou de manter distância do veículo da frente,Colisão traseira,Com Vítimas Feridas,Pleno dia,Decrescente,Céu Claro,Simples,Reta,Não,6,0,2,0,4,0,2,2,-26.95604,-49.37362,SPRF-SC,DEL04-SC,UOP01-DEL04-SC,2025
"713488,0",2025-08-23,sábado,12:05:00,SC,101,"214,0",PALHOCA,Acessar a via sem observar a presença dos outros veículos,Colisão lateral mesmo sentido,Com Vítimas Feridas,Pleno dia,Decrescente,Nublado,Simples,Reta,Sim,2,0,1,0,1,0,1,2,-27.643602,-48.66947,SPRF-SC,DEL01-SC,UOP02-DEL01-SC,2025
"713492,0",2025-08-23,sábado,12:50:00,SC,470,"55,9",BLUMENAU,Acesso irregular,Colisão lateral mesmo sentido,Com Vítimas Feridas,Pleno dia,Decrescente,Céu Claro,Simples,Em Obras;Desvio Temporário,Sim,2,0,1,0,1,0,1,2,-26.87654323,-49.12629614,SPRF-SC,DEL04-SC,UOP01-DEL04-SC,2025
"713496,0",2025-07-15,terça-feira,06:35:00,SC,280,"28,3",ARAQUARI,Acesso irregular,Queda de ocupante de veículo,Com Vítimas Feridas,Amanhecer,Decrescente,Ignorado,Simples,Reta,Não,2,0,1,0,1,0,1,2,-26.406945,-48.748332,SPRF-SC,DEL03-SC,UOP03-DEL03-SC,2025
"713497,0",2025-08-23,sábado,13:00:00,SC,101,"398,6",MARACAJA,Manobra de mudança de faixa,Colisão frontal,Com Vítimas Feridas,Pleno dia,Decrescente,Nublado,Simples,Reta;Declive,Não,2,0,1,0,1,0,1,2,-28.84889579,-49.43454908,SPRF-SC,DEL02-SC,UOP02-DEL02-SC,2025
"713498,0",2025-08-23,sábado,13:50:00,SC,101,"88,4",BARRA VELHA,Reação tardia ou ineficiente do condutor,Colisão com objeto,Com Vítimas Feridas,Pleno dia,Crescente,Nublado,Múltipla,Reta,Sim,1,0,1,0,0,0,1,1,-26.6579968,-48.68810177,SPRF-SC,DEL03-SC,UOP02-DEL03-SC,2025
"713511,0",2025-08-23,sábado,14:30:00,SC,101,"118,0",ITAJAI,Ausência de reação do condutor,Colisão traseira,Com Vítimas Feridas,Pleno dia,Crescente,Nublado,Múltipla,Reta,Não,3,0,1,0,2,0,1,2,-26.89284954,-48.7204539,SPRF-SC,DEL04-SC,UOP04-DEL04-SC,2025
"713529,0",2025-08-23,sábado,15:30:00,SC,101,"435,6",SOMBRIO,Reação tardia ou ineficiente do condutor,Colisão traseira,Com Vítimas Feridas,Pleno dia,Decrescente,Chuva,Simples,Viaduto;Rotatória,Sim,4,0,1,0,3,0,1,3,-29.111578,-49.638338,SPRF-SC,DEL02-SC,UOP02-DEL02-SC,2025
"713531,0",2025-08-23,sábado,16:50:00,SC,101,"316,0",PESCARIA BRAVA,Chuva,Colisão com objeto,Com Vítimas Feridas,Pleno dia,Decrescente,Chuva,Dupla,Curva;Aclive,Não,1,0,1,0,0,0,1,1,-28.4275645,-48.8631318,SPRF-SC,DEL02-SC,UOP01-DEL02-SC,2025
"713532,0",2025-08-23,sábado,15:20:00,SC,280,"102,0",SAO BENTO DO SUL,Reação tardia ou ineficiente do condutor,Tombamento,Com Vítimas Feridas,Pleno dia,Decrescente,Céu Claro,Simples,Declive;Curva,Não,1,0,1,0,0,0,1,1,-26.362538,-49.34124,SPRF-SC,DEL06-SC,UOP03-DEL06-SC,2025
"713553,0",2025-08-23,sábado,17:25:00,SC,101,"335,0",TUBARAO,Reação tardia ou ineficiente do condutor,Saída de leito carroçável,Com Vítimas Feridas,Anoitecer,Crescente,Chuva,Múltipla,Reta,Sim,2,0,1,0,1,0,1,1,-28.4743,-49.0267,SPRF-SC,DEL02-SC,UOP01-DEL02-SC,2025
"713561,0",2025-08-23,sábado,18:15:00,SC,282,"172,0",BOCAINA DO SUL,Ausência de reação do condutor,Saída de leito carroçável,Com Vítimas Feridas,Plena Noite,Crescente,Chuva,Simples,Reta;Declive,Não,1,0,1,0,0,0,1,1,-27.741844,-49.865399,SPRF-SC,DEL05-SC,UOP01-DEL05-SC,2025
"713566,0",2025-08-23,sábado,17:40:00,SC,163,"89,0",GUARACIABA,Acessar a via sem observar a presença dos outros veículos,Colisão transversal,Com Vítimas Feridas,Anoitecer,Crescente,Chuva,Simples,Curva,Não,2,0,1,0,1,0,1,2,-26.57225423,-53.51077795,SPRF-SC,DEL07-SC,UOP03-DEL07-SC,2025
"713584,0",2025-08-23,sábado,19:20:00,SC,282,"519,3",XAXIM,Estacionar ou parar em local proibido,Colisão com objeto,Com Vítimas Feridas,Plena Noite,Crescente,Chuva,Simples,Aclive;Reta,Não,2,0,1,0,0,1,1,2,-26.94818662,-52.51894919,SPRF-SC,DEL07-SC,UOP01-DEL07-SC,2025
"713600,0",2025-08-23,sábado,17:34:00,SC,280,"182,6",MAFRA,Reação tardia ou ineficiente do condutor,Saída de leito carroçável,Com Vítimas Feridas,Pleno dia,Decrescente,Céu Claro,Simples,Curva;Declive,Não,2,0,1,0,1,0,1,1,-26.20386631,-49.79088509,SPRF-SC,DEL06-SC,UOP01-DEL06-SC,2025
"713602,0",2025-08-23,sábado,18:05:00,SC,470,"282,8",BRUNOPOLIS,Transitar na contramão,Colisão frontal,Com Vítimas Fatais,Anoitecer,Decrescente,Chuva,Simples,Reta;Declive,Não,6,1,1,0,2,2,1,3,-27.33337371,-50.89352131,SPRF-SC,DEL07-SC,UOP06-DEL07-SC,2025
"713618,0",2025-08-23,sábado,23:30:00,SC,101,"344,0",TUBARAO,Ingestão de álcool pelo condutor,Colisão com objeto,Com Vítimas Feridas,Plena Noite,Decrescente,Chuva,Múltipla,Reta,Não,4,0,2,0,2,0,2,1,-28.554494,-49.053929,SPRF-SC,DEL02-SC,UOP01-DEL02-SC,2025
"713622,0",2025-08-23,sábado,23:40:00,SC,282,"4,2",SAO JOSE,Reação tardia ou ineficiente do condutor,Colisão com objeto,Sem Vítimas,Pleno dia,Crescente,Chuva,Múltipla,Curva,Sim,1,0,0,0,1,0,0,1,-27.59055916,-48.60722126,SPRF-SC,DEL01-SC,UOP01-DEL01-SC,2025
"713628,0",2025-08-23,sábado,23:30:00,SC,101,"195,1",BIGUACU,Acessar a via sem observar a presença dos outros veículos,Colisão traseira,Com Vítimas Feridas,Plena Noite,Crescente,Nublado,Dupla,Reta,Sim,3,0,1,0,2,0,1,2,-27.505783,-48.649208,SPRF-SC,DEL01-SC,UOP01-DEL01-SC,2025
"713633,0",2025-08-24,domingo,01:30:00,SC,470,"51,0",BLUMENAU,Condutor Dormindo,Colisão com objeto,Com Vítimas Feridas,Plena Noite,Crescente,Nublado,Simples,Reta,Não,2,0,1,1,0,0,2,1,-26.90696407,-49.04502869,SPRF-SC,DEL04-SC,UOP01-DEL04-SC,2025
"713640,0",2025-08-24,domingo,02:20:00,SC,101,"333,0",TUBARAO,Ingestão de álcool pelo condutor,Colisão com objeto,Sem Vítimas,Plena Noite,Decrescente,Chuva,Múltipla,Reta,Não,2,0,0,0,2,0,0,1,-28.47073511,-49.01854841,SPRF-SC,DEL02-SC,UOP01-DEL02-SC,2025
"713643,0",2025-08-24,domingo,00:35:00,SC,101,"58,0",ARAQUARI,Ausência de reação do condutor,Colisão traseira,Com Vítimas Feridas,Plena Noite,Crescente,Nublado,Dupla,Reta,Não,4,0,2,0,2,0,2,2,-26.44178525,-48.79960442,SPRF-SC,DEL03-SC,UOP02-DEL03-SC,2025
"713646,0",2025-08-24,domingo,03:30:00,SC,470,"53,4",BLUMENAU,Acessar a via sem observar a presença dos outros veículos,Atropelamento de Pedestre,Com Vítimas Feridas,Plena Noite,Decrescente,Nublado,Simples,Desvio Temporário;Curva,Sim,3,0,1,1,1,0,2,2,-26.86919648,-49.10495966,SPRF-SC,DEL04-SC,UOP01-DEL04-SC,2025
"713664,0",2025-08-24,domingo,06:00:00,SC,101,"125,0",ITAJAI,Reação tardia ou ineficiente do condutor,Colisão com objeto,Com Vítimas Feridas,Pleno dia,Decrescente,Céu Claro,Múltipla,Reta,Não,1,0,1,0,0,0,1,1,-26.947667,-48.6759163,SPRF-SC,DEL04-SC,UOP04-DEL04-SC,2025
"713680,0",2025-08-24,domingo,05:00:00,SC,470,"141,3",RIO DO SUL,Ausência de reação do condutor,Colisão com objeto,Sem Vítimas,Plena Noite,Crescente,Chuva,Simples,Declive;Reta;Ponte,Sim,1,0,0,0,1,0,0,1,-27.20818504,-49.65032665,SPRF-SC,DEL04-SC,UOP02-DEL04-SC,2025
"713686,0",2025-08-16,sábado,22:51:00,SC,101,"205,4",SAO JOSE,Reação tardia ou ineficiente do condutor,Colisão com objeto,Com Vítimas Feridas,Plena Noite,Crescente,Nublado,Simples,Curva,Não,1,0,1,0,0,0,1,1,-27.587203,-48.616653,SPRF-SC,DEL01-SC,UOP01-DEL01-SC,2025
"713695,0",2025-08-08,sexta-feira,08:00:00,SC,101,"127,0",ITAJAI,Manobra de mudança de faixa,Tombamento,Com Vítimas Feridas,Pleno dia,Decrescente,Nublado,Dupla,Reta,Não,2,0,1,0,1,0,1,2,-26.96797775,-48.68359566,SPRF-SC,DEL04-SC,UOP04-DEL04-SC,2025
"713743,0",2025-08-24,domingo,13:00:00,SC,101,"190,9",BIGUACU,Reação tardia ou ineficiente do condutor,Colisão com objeto,Com Vítimas Feridas,Pleno dia,Crescente,Chuva,Dupla,Curva,Sim,2,0,1,0,1,0,1,2,-27.47686,-48.64076,SPRF-SC,DEL01-SC,UOP01-DEL01-SC,2025
"713744,0",2025-08-24,domingo,10:00:00,SC,470,"180,0",POUSO REDONDO,Conversão proibida,Colisão traseira,Com Vítimas Feridas,Pleno dia,Decrescente,Chuva,Simples,Reta,Não,4,0,0,1,3,0,1,2,-27.24979817,-49.98818843,SPRF-SC,DEL04-SC,UOP02-DEL04-SC,2025
"713752,0",2025-08-24,domingo,13:50:00,SC,101,"137,0",BALNEARIO CAMBORIU,Desrespeitar a preferência no cruzamento,Colisão transversal,Com Vítimas Feridas,Pleno dia,Decrescente,Garoa/Chuvisco,Simples,Interseção de Vias;Viaduto,Sim,2,0,1,0,1,0,1,2,-27.01876061,-48.6107254,SPRF-SC,DEL04-SC,UOP03-DEL04-SC,2025
"713755,0",2025-08-24,domingo,14:40:00,SC,101,"191,9",BIGUACU,Demais falhas mecânicas ou elétricas,Incêndio,Sem Vítimas,Pleno dia,Decrescente,Chuva,Múltipla,Curva,Sim,1,0,0,0,1,0,0,1,-27.485961,-48.648171,SPRF-SC,DEL01-SC,UOP01-DEL01-SC,2025
"713779,0",2025-08-24,domingo,13:30:00,SC,280,"99,1",SAO BENTO DO SUL,Reação tardia ou ineficiente do condutor,Saída de leito carroçável,Com Vítimas Feridas,Pleno dia,Decrescente,Chuva,Simples,Curva,Não,1,0,1,0,0,0,1,1,-26.371513,-49.331013,SPRF-SC,DEL06-SC,UOP03-DEL06-SC,2025
"713786,0",2025-08-24,domingo,17:00:00,SC,282,"223,0",LAGES,Avarias e/ou desgaste excessivo no pneu,Colisão frontal,Com Vítimas Feridas,Pleno dia,Decrescente,Chuva,Simples,Aclive;Curva,Não,5,0,5,0,0,0,5,2,-27.79855531,-50.35898421,SPRF-SC,DEL05-SC,UOP01-DEL05-SC,2025
"713797,0",2025-08-24,domingo,18:00:00,SC,101,"208,0",SAO JOSE,Pista Escorregadia,Colisão com objeto,Sem Vítimas,Plena Noite,Decrescente,Chuva,Múltipla,Reta,Sim,1,0,0,0,1,0,0,1,-27.60767688,-48.63642097,SPRF-SC,DEL01-SC,UOP01-DEL01-SC,2025
"713803,0",2025-08-24,domingo,17:00:00,SC,116,"78,0",MONTE CASTELO,Chuva,Saída de leito carroçável,Sem Vítimas,Anoitecer,Crescente,Chuva,Simples,Reta,Não,1,0,0,0,1,0,0,1,-26.56119962,-50.22262573,SPRF-SC,DEL06-SC,UOP02-DEL06-SC,2025
"713822,0",2025-08-24,domingo,19:30:00,SC,282,"582,9",PINHALZINHO,Ingestão de álcool pelo condutor,Colisão lateral sentido oposto,Com Vítimas Feridas,Plena Noite,Crescente,Nublado,Simples,Reta;Declive,Não,6,0,5,0,1,0,5,2,-26.82987993,-53.00967217,SPRF-SC,DEL07-SC,UOP02-DEL07-SC,2025
"713830,0",2025-08-24,domingo,18:30:00,SC,163,"72,6",SAO MIGUEL DO OESTE,Ingestão de álcool pelo condutor,Colisão lateral sentido oposto,Sem Vítimas,Plena Noite,Decrescente,Nublado,Simples,Reta,Não,4,0,0,0,4,0,0,2,-26.71488957,-53.51732254,SPRF-SC,DEL07-SC,UOP03-DEL07-SC,2025
"713831,0",2025-08-24,domingo,19:23:00,SC,163,"66,8",SAO MIGUEL DO OESTE,Ultrapassagem Indevida,Colisão lateral mesmo sentido,Sem Vítimas,Plena Noite,Crescente,Nublado,Simples,Rotatória,Sim,5,0,0,0,5,0,0,2,-26.76114445,-53.50020502,SPRF-SC,DEL07-SC,UOP03-DEL07-SC,2025
"713833,0",2025-08-24,domingo,18:10:00,SC,101,"87,1",BARRA VELHA,Ausência de reação do condutor,Colisão traseira,Com Vítimas Feridas,Plena Noite,Crescente,Chuva,Dupla,Reta,Não,2,0,1,0,1,0,1,2,-26.6411488,-48.69133115,SPRF-SC,DEL03-SC,UOP02-DEL03-SC,2025
"713862,0",2025-08-24,domingo,22:30:00,SC,282,"591,9",SAUDADES,Ingestão de álcool pelo condutor,Saída de leito carroçável,Com Vítimas Feridas,Plena Noite,Decrescente,Nublado,Simples,Reta,Não,4,0,4,0,0,0,4,1,-26.8259306,-53.0913611,SPRF-SC,DEL07-SC,UOP02-DEL07-SC,2025
"713877,0",2025-08-25,segunda-feira,01:10:00,SC,101,"190,2",BIGUACU,Ingestão de álcool pelo condutor,Saída de leito carroçável,Sem Vítimas,Plena Noite,Crescente,Nublado,Dupla,Reta,Não,1,0,0,0,1,0,0,1,-27.47070063,-48.64140837,SPRF-SC,DEL01-SC,UOP01-DEL01-SC,2025
"713883,0",2025-08-25,segunda-feira,05:05:00,SC,282,"600,7",CUNHA PORA,Ingestão de álcool pelo condutor,Colisão frontal,Com Vítimas Feridas,Plena Noite,Decrescente,Nublado,Simples,Curva,Não,5,0,4,0,0,1,4,2,-26.81013857,-53.1681509,SPRF-SC,DEL07-SC,UOP02-DEL07-SC,2025
"713889,0",2025-08-25,segunda-feira,06:10:00,SC,101,"32,5",JOINVILLE,Velocidade Incompatível,Tombamento,Com Vítimas Feridas,Pleno dia,Crescente,Nublado,Dupla,Em Obras,Não,1,0,1,0,0,0,1,1,-26.1914624,-48.9029632,SPRF-SC,DEL03-SC,UOP01-DEL03-SC,2025
"713895,0",2025-08-25,segunda-feira,07:00:00,SC,101,"103,8",BALNEARIO PICARRAS,Ausência de reação do condutor,Tombamento,Com Vítimas Feridas,Pleno dia,Crescente,Nublado,Dupla,Reta,Não,1,0,1,0,0,0,1,1,-26.78514861,-48.68265001,SPRF-SC,DEL03-SC,UOP02-DEL03-SC,2025
"713908,0",2025-08-25,segunda-feira,05:00:00,SC,280,"90,0",CORUPA,Ausência de reação do condutor,Saída de leito carroçável,Com Vítimas Feridas,Amanhecer,Crescente,Chuva,Simples,Curva,Não,1,0,1,0,0,0,1,1,-26.398647,-49.292613,SPRF-SC,DEL06-SC,UOP03-DEL06-SC,2025
"713911,0",2025-08-25,segunda-feira,08:00:00,SC,470,"66,5",INDAIAL,Transitar na contramão,Colisão frontal,Com Vítimas Feridas,Pleno dia,Decrescente,Nublado,Simples,Reta,Sim,2,0,1,0,1,0,1,2,-26.870329,-49.226826,SPRF-SC,DEL04-SC,UOP01-DEL04-SC,2025
"713927,0",2025-08-25,segunda-feira,09:30:00,SC,101,"191,0",BIGUACU,Ausência de reação do condutor,Colisão com objeto,Com Vítimas Feridas,Pleno dia,Crescente,Chuva,Dupla,Curva,Sim,1,0,1,0,0,0,1,1,-27.477728,-48.642016,SPRF-SC,DEL01-SC,UOP01-DEL01-SC,2025
"713942,0",2025-08-25,segunda-feira,11:23:00,SC,101,"208,0",SAO JOSE,Condutor deixou de manter distância do veículo da frente,Colisão lateral mesmo sentido,Com Vítimas Feridas,Pleno dia,Decrescente,Chuva,Múltipla,Reta,Sim,2,0,1,0,1,0,1,2,-27.60792644,-48.63740668,SPRF-SC,DEL01-SC,UOP01-DEL01-SC,2025
"713945,0",2025-08-25,segunda-feira,12:00:00,SC,101,"118,0",ITAJAI,Condutor deixou de manter distância do veículo da frente,Colisão lateral mesmo sentido,Com Vítimas Feridas,Pleno dia,Crescente,Nublado,Dupla,Reta,Sim,2,0,1,0,1,0,1,2,-26.89913246,-48.71785853,SPRF-SC,DEL04-SC,UOP04-DEL04-SC,2025
"713970,0",2025-08-25,segunda-feira,14:40:00,SC,470,"67,6",INDAIAL,Desrespeitar a preferência no cruzamento,Colisão transversal,Com Vítimas Feridas,Pleno dia,Decrescente,Céu Claro,Dupla,Viaduto;Interseção de Vias,Não,2,0,1,0,1,0,1,2,-26.87514,-49.23566,SPRF-SC,DEL04-SC,UOP01-DEL04-SC,2025
"713987,0",2025-08-25,segunda-feira,17:05:00,SC,101,"214,4",PALHOCA,Manobra de mudança de faixa,Tombamento,Com Vítimas Feridas,Pleno dia,Decrescente,Nublado,Dupla,Reta,Sim,2,0,0,1,0,1,1,2,-27.648155,-48.672868,SPRF-SC,DEL01-SC,UOP02-DEL01-SC,2025
"713993,0",2025-07-24,quinta-feira,14:45:00,SC,282,"603,9",MARAVILHA,Velocidade Incompatível,Colisão lateral mesmo sentido,Sem Vítimas,Pleno dia,Crescente,Nublado,Simples,Aclive,Não,2,0,0,0,2,0,0,2,-26.79342864,-53.19395542,SPRF-SC,DEL07-SC,UOP02-DEL07-SC,2025
"714002,0",2025-08-25,segunda-feira,18:40:00,SC,101,"118,2",ITAJAI,Animais na Pista,Atropelamento de Animal,Com Vítimas Feridas,Plena Noite,Crescente,Nublado,Dupla,Reta;Interseção de Vias,Sim,1,0,0,1,0,0,1,1,-26.89984573,-48.71757388,SPRF-SC,DEL04-SC,UOP04-DEL04-SC,2025
"714037,0",2025-08-25,segunda-feira,19:48:00,SC,101,"206,8",SAO JOSE,Condutor deixou de manter distância do veículo da frente,Colisão com objeto,Com Vítimas Feridas,Plena Noite,Crescente,Chuva,Múltipla,Reta,Sim,2,0,1,0,1,0,1,1,-27.594951,-48.619231,SPRF-SC,DEL01-SC,UOP01-DEL01-SC,2025
"714038,0",2025-08-25,segunda-feira,19:50:00,SC,282,"340,0",CAMPOS NOVOS,Reação tardia ou ineficiente do condutor,Tombamento,Com Vítimas Feridas,Plena Noite,Decrescente,Céu Claro,Simples,Reta,Sim,1,0,1,0,0,0,1,1,-27.39200267,-51.19823849,SPRF-SC,DEL07-SC,UOP06-DEL07-SC,2025
"714109,0",2025-08-22,sexta-feira,23:45:00,SC,101,"207,5",SAO JOSE,Reação tardia ou ineficiente do condutor,Colisão traseira,Com Vítimas Feridas,Plena Noite,Crescente,Nublado,Múltipla,Reta,Sim,2,0,1,0,0,1,1,2,-27.601827,-48.6279639,SPRF-SC,DEL01-SC,UOP01-DEL01-SC,2025
"714111,0",2025-08-26,terça-feira,10:00:00,SC,101,"57,0",ARAQUARI,Manobra de mudança de faixa,Colisão com objeto,Com Vítimas Feridas,Pleno dia,Crescente,Chuva,Dupla,Reta,Não,1,0,1,0,0,0,1,1,-26.436228,-48.811661,SPRF-SC,DEL03-SC,UOP01-DEL03-SC,2025
"714164,0",2025-08-26,terça-feira,14:25:00,SC,101,"192,3",BIGUACU,Reação tardia ou ineficiente do condutor,Colisão com objeto,Com Vítimas Feridas,Pleno dia,Crescente,Chuva,Múltipla,Curva,Sim,2,0,2,0,0,0,2,1,-27.48673,-48.64937,SPRF-SC,DEL01-SC,UOP01-DEL01-SC,2025
"714192,0",2025-08-26,terça-feira,13:40:00,SC,280,"127,3",RIO NEGRINHO,Ausência de reação do condutor,Colisão traseira,Com Vítimas Feridas,Pleno dia,Decrescente,Chuva,Simples,Reta,Sim,6,0,1,0,5,0,1,3,-26.26158203,-49.548275,SPRF-SC,DEL06-SC,UOP03-DEL06-SC,2025
"714204,0",2025-08-26,terça-feira,17:40:00,SC,280,"167,1",MAFRA,Acessar a via sem observar a presença dos outros veículos,Colisão transversal,Com Vítimas Feridas,Anoitecer,Decrescente,Chuva,Simples,Interseção de Vias;Reta,Sim,4,0,3,0,1,0,3,2,-26.1693608,-49.8180493,SPRF-SC,DEL06-SC,UOP01-DEL06-SC,2025
"714208,0",2025-08-26,terça-feira,17:59:00,SC,101,"131,0",BALNEARIO CAMBORIU,Condutor deixou de manter distância do veículo da frente,Colisão traseira,Com Vítimas Feridas,Anoitecer,Crescente,Chuva,Múltipla,Reta,Sim,2,0,1,0,1,0,1,2,-26.99442592,-48.65922852,SPRF-SC,DEL04-SC,UOP03-DEL04-SC,2025
"714210,0",2025-08-26,terça-feira,17:17:00,SC,101,"131,0",CAMBORIU,Reação tardia ou ineficiente do condutor,Tombamento,Com Vítimas Feridas,Anoitecer,Crescente,Chuva,Múltipla,Reta,Não,1,0,1,0,0,0,1,1,-26.99306922,-48.66082668,SPRF-SC,DEL04-SC,UOP03-DEL04-SC,2025
"714237,0",2025-08-26,terça-feira,19:20:00,SC,470,"68,0",INDAIAL,Condutor Dormindo,Saída de leito carroçável,Com Vítimas Feridas,Plena Noite,Decrescente,Garoa/Chuvisco,Múltipla,Reta;Aclive,Sim,1,0,1,0,0,0,1,1,-26.87576493,-49.23657982,SPRF-SC,DEL04-SC,UOP01-DEL04-SC,2025
"714262,0",2025-08-26,terça-feira,19:45:00,SC,163,"68,0",SAO MIGUEL DO OESTE,Acessar a via sem observar a presença dos outros veículos,Colisão transversal,Com Vítimas Feridas,Plena Noite,Crescente,Nublado,Dupla,Reta;Interseção de Vias,Sim,3,0,2,1,0,0,3,2,-26.75052712,-53.5007328,SPRF-SC,DEL07-SC,UOP03-DEL07-SC,2025
"714269,0",2025-08-26,terça-feira,21:00:00,SC,101,"207,2",SAO JOSE,Pista Escorregadia,Tombamento,Com Vítimas Feridas,Plena Noite,Crescente,Chuva,Múltipla,Curva,Sim,1,0,0,1,0,0,1,1,-27.6010259,-48.62429587,SPRF-SC,DEL01-SC,UOP01-DEL01-SC,2025
"714274,0",2025-08-26,terça-feira,22:20:00,SC,101,"274,3",IMBITUBA,Condutor deixou de manter distância do veículo da frente,Colisão traseira,Com Vítimas Feridas,Plena Noite,Decrescente,Garoa/Chuvisco,Dupla,Reta,Não,2,0,1,1,0,0,2,2,-28.14349653,-48.69175212,SPRF-SC,DEL02-SC,UOP03-DEL02-SC,2025