id,data_inversa,dia_semana,horario,uf,br,km,municipio,causa_acidente,tipo_acidente,classificacao_acidente,fase_dia,sentido_via,condicao_metereologica,tipo_pista,tracado_via,uso_solo,pessoas,mortos,feridos_leves,feridos_graves,ilesos,ignorados,feridos,veiculos,latitude,longitude,regional,delegacia,uop,ano_arquivo
"714277,0",2025-08-26,terça-feira,23:45:00,SC,282,"5,4",SAO JOSE,Reação tardia ou ineficiente do condutor,Tombamento,Com Vítimas Feridas,Plena Noite,Crescente,Garoa/Chuvisco,Dupla,Curva;Declive,Sim,1,0,1,0,0,0,1,1,-27.584525,-48.617113,SPRF-SC,DEL01-SC,UOP01-DEL01-SC,2025
"714284,0",2025-08-27,quarta-feira,05:20:00,SC,101,"100,1",BALNEARIO PICARRAS,Ingestão de álcool pelo condutor,Colisão com objeto,Com Vítimas Feridas,Amanhecer,Crescente,Chuva,Simples,Interseção de Vias;Reta,Não,1,0,1,0,0,0,1,1,-26.764093,-48.68623,SPRF-SC,DEL03-SC,UOP02-DEL03-SC,2025
"714287,0",2025-08-27,quarta-feira,05:50:00,SC,282,"0,1",FLORIANOPOLIS,Reação tardia ou ineficiente do condutor,Tombamento,Sem Vítimas,Amanhecer,Crescente,Nublado,Múltipla,Reta,Sim,1,0,0,0,0,1,0,1,-27.59802138,-48.57186405,SPRF-SC,DEL01-SC,UOP01-DEL01-SC,2025
"714294,0",2025-08-27,quarta-feira,07:20:00,SC,101,"27,0",JOINVILLE,Acessar a via sem observar a presença dos outros veículos,Colisão transversal,Com Vítimas Feridas,Pleno dia,Crescente,Garoa/Chuvisco,Simples,Rotatória,Sim,2,0,1,0,1,0,1,2,-26.20300155,-48.91405106,SPRF-SC,DEL03-SC,UOP01-DEL03-SC,2025
"714361,0",2025-08-27,quarta-feira,08:00:00,SC,280,"235,5",CANOINHAS,Animais na Pista,Queda de ocupante de veículo,Com Vítimas Feridas,Pleno dia,Crescente,Nublado,Simples,Reta,Sim,2,0,2,0,0,0,2,1,-26.19580086,-50.42518616,SPRF-SC,DEL06-SC,UOP04-DEL06-SC,2025
"714363,0",2025-08-27,quarta-feira,15:30:00,SC,280,"24,0",ARAQUARI,Demais falhas mecânicas ou elétricas,Colisão traseira,Com Vítimas Feridas,Pleno dia,Decrescente,Nublado,Simples,Reta,Não,2,0,1,0,1,0,1,2,-26.37995673,-48.72257273,SPRF-SC,DEL03-SC,UOP03-DEL03-SC,2025
"714372,0",2025-08-27,quarta-feira,18:45:00,SC,101,"134,0",BALNEARIO CAMBORIU,Ausência de reação do condutor,Engavetamento,Com Vítimas Feridas,Plena Noite,Decrescente,Nublado,Múltipla,Reta,Sim,6,0,2,0,2,2,2,4,-27.004633,-48.62762,SPRF-SC,DEL04-SC,UOP03-DEL04-SC,2025
"714385,0",2025-08-27,quarta-feira,13:50:00,SC,153,"84,8",CONCORDIA,Reação tardia ou ineficiente do condutor,Colisão lateral sentido oposto,Sem Vítimas,Pleno dia,Crescente,Céu Claro,Simples,Curva,Sim,2,0,0,0,2,0,0,2,-27.147135,-51.910244,SPRF-SC,DEL07-SC,UOP04-DEL07-SC,2025
"714389,0",2025-08-27,quarta-feira,12:18:00,SC,282,"22,7",SANTO AMARO DA IMPERATRIZ,Ultrapassagem Indevida,Colisão frontal,Com Vítimas Feridas,Pleno dia,Crescente,Nublado,Simples,Interseção de Vias;Reta;Aclive,Sim,2,0,0,1,1,0,1,2,-27.689222,-48.734623,SPRF-SC,DEL01-SC,UOP02-DEL01-SC,2025
"714416,0",2025-08-27,quarta-feira,19:40:00,SC,280,"37,6",ARAQUARI,Reação tardia ou ineficiente do condutor,Colisão com objeto,Com Vítimas Feridas,Plena Noite,Decrescente,Garoa/Chuvisco,Dupla,Em Obras,Não,2,0,2,0,0,0,2,1,-26.447937,-48.824325,SPRF-SC,DEL03-SC,UOP03-DEL03-SC,2025
"714433,0",2025-08-27,quarta-feira,21:05:00,SC,101,"130,4",CAMBORIU,Acesso irregular,Colisão lateral sentido oposto,Com Vítimas Feridas,Plena Noite,Crescente,Nublado,Simples,Reta,Não,2,0,0,1,1,0,1,2,-26.98677,-48.66616,SPRF-SC,DEL04-SC,UOP03-DEL04-SC,2025
"714449,0",2025-08-27,quarta-feira,16:25:00,SC,101,"45,0",JOINVILLE,Acumulo de óleo sobre o pavimento,Tombamento,Com Vítimas Feridas,Pleno dia,Decrescente,Garoa/Chuvisco,Dupla,Reta;Interseção de Vias;Viaduto;Declive,Sim,1,0,1,0,0,0,1,1,-26.34897732,-48.85705344,SPRF-SC,DEL03-SC,UOP01-DEL03-SC,2025
"714478,0",2025-08-28,quinta-feira,07:00:00,SC,470,"138,3",RIO DO SUL,Ausência de reação do condutor,Colisão transversal,Com Vítimas Feridas,Amanhecer,Decrescente,Nublado,Simples,Reta;Retorno Regulamentado,Sim,2,0,0,1,1,0,1,2,-27.194,-49.62414,SPRF-SC,DEL04-SC,UOP02-DEL04-SC,2025
"714480,0",2025-08-20,quarta-feira,07:30:00,SC,101,"118,0",ITAJAI,Ausência de reação do condutor,Tombamento,Com Vítimas Feridas,Pleno dia,Crescente,Chuva,Dupla,Reta,Não,2,0,1,0,0,1,1,2,-26.89161175,-48.72088758,SPRF-SC,DEL04-SC,UOP04-DEL04-SC,2025
"714483,0",2025-08-28,quinta-feira,07:20:00,SC,282,"489,6",FAXINAL DOS GUEDES,Acessar a via sem observar a presença dos outros veículos,Colisão transversal,Com Vítimas Feridas,Amanhecer,Decrescente,Céu Claro,Simples,Rotatória,Sim,2,0,1,0,1,0,1,2,-26.858965,-52.265807,SPRF-SC,DEL07-SC,UOP01-DEL07-SC,2025
"714494,0",2025-08-28,quinta-feira,07:00:00,SC,101,"349,0",JAGUARUNA,Ausência de reação do condutor,Colisão com objeto,Com Vítimas Feridas,Pleno dia,Decrescente,Nublado,Múltipla,Declive;Curva,Não,2,0,1,0,1,0,1,1,-28.5908,-49.04476,SPRF-SC,DEL02-SC,UOP01-DEL02-SC,2025
"714500,0",2025-08-28,quinta-feira,08:20:00,SC,470,"136,0",RIO DO SUL,Acessar a via sem observar a presença dos outros veículos,Colisão transversal,Com Vítimas Feridas,Pleno dia,Decrescente,Nublado,Simples,Reta,Sim,3,0,1,0,2,0,1,2,-27.182889,-49.601717,SPRF-SC,DEL04-SC,UOP02-DEL04-SC,2025
"714501,0",2025-08-28,quinta-feira,09:00:00,SC,101,"114,8",ITAJAI,Ausência de reação do condutor,Colisão traseira,Com Vítimas Feridas,Pleno dia,Decrescente,Nublado,Dupla,Curva,Não,2,0,1,0,1,0,1,2,-26.86812946,-48.73002402,SPRF-SC,DEL04-SC,UOP04-DEL04-SC,2025
"714513,0",2025-08-28,quinta-feira,09:30:00,SC,101,"91,3",BARRA VELHA,Condutor deixou de manter distância do veículo da frente,Colisão traseira,Sem Vítimas,Pleno dia,Decrescente,Nublado,Múltipla,Reta,Sim,2,0,0,0,2,0,0,2,-26.67647808,-48.69148605,SPRF-SC,DEL03-SC,UOP02-DEL03-SC,2025
"714531,0",2025-08-28,quinta-feira,13:45:00,SC,101,"158,4",PORTO BELO,Demais falhas mecânicas ou elétricas,Tombamento,Com Vítimas Feridas,Pleno dia,Decrescente,Nublado,Dupla,Reta,Não,2,0,2,0,0,0,2,1,-27.19413,-48.61262,SPRF-SC,DEL04-SC,UOP03-DEL04-SC,2025
"714543,0",2025-08-28,quinta-feira,12:20:00,SC,282,"616,4",IRACEMINHA,Velocidade Incompatível,Colisão traseira,Com Vítimas Feridas,Pleno dia,Decrescente,Sol,Simples,Reta,Não,9,0,0,7,2,0,7,3,-26.78325838,-53.28222933,SPRF-SC,DEL07-SC,UOP02-DEL07-SC,2025
"714586,0",2025-08-28,quinta-feira,13:08:00,SC,280,"23,6",ARAQUARI,Acessar a via sem observar a presença dos outros veículos,Colisão transversal,Com Vítimas Feridas,Pleno dia,Crescente,Nublado,Simples,Reta,Não,2,0,1,0,1,0,1,2,-26.374823,-48.716573,SPRF-SC,DEL03-SC,UOP03-DEL03-SC,2025
"714591,0",2025-08-28,quinta-feira,17:15:00,SC,101,"128,6",CAMBORIU,Reação tardia ou ineficiente do condutor,Tombamento,Com Vítimas Feridas,Pleno dia,Decrescente,Céu Claro,Dupla,Reta,Não,1,0,0,1,0,0,1,1,-26.98482123,-48.66917182,SPRF-SC,DEL04-SC,UOP03-DEL04-SC,2025
"714598,0",2025-08-28,quinta-feira,18:30:00,SC,101,"204,0",SAO JOSE,Ausência de reação do condutor,Queda de ocupante de veículo,Com Vítimas Feridas,Anoitecer,Crescente,Céu Claro,Múltipla,Reta,Não,2,0,1,0,1,0,1,2,-27.57528178,-48.61320081,SPRF-SC,DEL01-SC,UOP01-DEL01-SC,2025
"714655,0",2025-08-28,quinta-feira,23:40:00,SC,101,"284,7",IMBITUBA,Ausência de reação do condutor,Tombamento,Com Vítimas Feridas,Plena Noite,Crescente,Ignorado,Dupla,Curva;Interseção de Vias,Sim,1,0,0,1,0,0,1,1,-28.23664944,-48.70065451,SPRF-SC,DEL02-SC,UOP03-DEL02-SC,2025
"714656,0",2025-08-28,quinta-feira,23:40:00,SC,101,"275,4",IMBITUBA,Reação tardia ou ineficiente do condutor,Colisão com objeto,Com Vítimas Feridas,Plena Noite,Decrescente,Céu Claro,Múltipla,Reta,Sim,1,0,1,0,0,0,1,1,-28.14540703,-48.69182467,SPRF-SC,DEL02-SC,UOP03-DEL02-SC,2025
"714659,0",2025-08-28,quinta-feira,17:00:00,SC,470,"32,0",GASPAR,Ausência de reação do condutor,Colisão traseira,Sem Vítimas,Pleno dia,Crescente,Sol,Dupla,Reta,Não,2,0,0,0,2,0,0,2,-26.89361502,-48.89898174,SPRF-SC,DEL04-SC,UOP01-DEL04-SC,2025
"714661,0",2025-08-28,quinta-feira,22:40:00,SC,116,"144,9",SANTA CECILIA,Ausência de reação do condutor,Colisão com objeto,Sem Vítimas,Plena Noite,Crescente,Nublado,Simples,Retorno Regulamentado,Não,1,0,0,0,1,0,0,1,-26.99566,-50.404564,SPRF-SC,DEL06-SC,UOP02-DEL06-SC,2025
"714720,0",2025-08-29,sexta-feira,08:30:00,SC,101,"87,0",BARRA VELHA,Ausência de reação do condutor,Tombamento,Com Vítimas Feridas,Pleno dia,Crescente,Nublado,Dupla,Declive;Curva,Sim,1,0,1,0,0,0,1,1,-26.64146047,-48.69376123,SPRF-SC,DEL03-SC,UOP02-DEL03-SC,2025
"714736,0",2025-08-29,sexta-feira,12:15:00,SC,101,"216,1",PALHOCA,Trafegar com motocicleta (ou similar) entre as faixas,Colisão lateral mesmo sentido,Com Vítimas Feridas,Pleno dia,Crescente,Nublado,Múltipla,Reta,Sim,2,0,1,0,1,0,1,2,-27.66111799,-48.67706029,SPRF-SC,DEL01-SC,UOP02-DEL01-SC,2025
"714741,0",2025-08-29,sexta-feira,12:20:00,SC,101,"119,9",ITAJAI,Ausência de reação do condutor,Colisão lateral mesmo sentido,Com Vítimas Feridas,Pleno dia,Crescente,Céu Claro,Dupla,Reta,Sim,2,0,1,0,0,1,1,2,-26.9108733,-48.71261147,SPRF-SC,DEL04-SC,UOP04-DEL04-SC,2025
"714752,0",2025-08-29,sexta-feira,11:45:00,SC,282,"525,0",XAXIM,Condutor deixou de manter distância do veículo da frente,Colisão traseira,Com Vítimas Feridas,Pleno dia,Crescente,Céu Claro,Simples,Curva,Não,2,0,1,0,1,0,1,2,-26.96459269,-52.56505251,SPRF-SC,DEL07-SC,UOP01-DEL07-SC,2025
"714776,0",2025-08-29,sexta-feira,15:20:00,SC,101,"236,0",PALHOCA,Reação tardia ou ineficiente do condutor,Saída de leito carroçável,Com Vítimas Feridas,Pleno dia,Crescente,Nublado,Dupla,Curva,Não,2,0,1,0,1,0,1,1,-27.826912,-48.630833,SPRF-SC,DEL01-SC,UOP02-DEL01-SC,2025
"714780,0",2025-08-29,sexta-feira,16:00:00,SC,101,"164,0",TIJUCAS,Acumulo de areia ou detritos sobre o pavimento,Colisão com objeto,Com Vítimas Feridas,Pleno dia,Crescente,Nublado,Dupla,Reta,Não,1,0,0,1,0,0,1,1,-27.247323,-48.631107,SPRF-SC,DEL04-SC,UOP03-DEL04-SC,2025
"714785,0",2025-08-29,sexta-feira,16:20:00,SC,280,"31,4",ARAQUARI,Condutor deixou de manter distância do veículo da frente,Colisão traseira,Com Vítimas Feridas,Pleno dia,Crescente,Céu Claro,Simples,Reta,Não,3,0,2,0,1,0,2,2,-26.417245,-48.775313,SPRF-SC,DEL03-SC,UOP03-DEL03-SC,2025
"714793,0",2025-08-29,sexta-feira,16:30:00,SC,101,"202,9",SAO JOSE,Manobra de mudança de faixa,Colisão transversal,Com Vítimas Feridas,Pleno dia,Crescente,Nublado,Múltipla,Reta;Interseção de Vias,Sim,2,0,0,1,1,0,1,2,-27.565291,-48.6149571,SPRF-SC,DEL01-SC,UOP01-DEL01-SC,2025
"714802,0",2025-08-29,sexta-feira,17:35:00,SC,101,"132,0",BALNEARIO CAMBORIU,Ausência de reação do condutor,Colisão traseira,Com Vítimas Feridas,Pleno dia,Decrescente,Céu Claro,Múltipla,Reta,Sim,2,0,0,1,1,0,1,2,-26.99900903,-48.64692299,SPRF-SC,DEL04-SC,UOP03-DEL04-SC,2025
"714822,0",2025-08-29,sexta-feira,18:30:00,SC,101,"205,0",SAO JOSE,Ingestão de álcool pelo condutor,Colisão traseira,Sem Vítimas,Plena Noite,Decrescente,Céu Claro,Múltipla,Reta,Não,2,0,0,0,2,0,0,2,-27.591188,-48.606343,SPRF-SC,DEL01-SC,UOP01-DEL01-SC,2025
"714854,0",2025-08-29,sexta-feira,18:00:00,SC,282,"393,2",JOACABA,Demais falhas mecânicas ou elétricas,Queda de ocupante de veículo,Com Vítimas Feridas,Anoitecer,Crescente,Céu Claro,Simples,Reta;Declive,Não,3,0,2,0,0,1,2,2,-27.162,-51.569,SPRF-SC,DEL07-SC,UOP05-DEL07-SC,2025
"714877,0",2025-08-29,sexta-feira,16:15:00,SC,280,"98,1",SAO BENTO DO SUL,Ausência de reação do condutor,Colisão traseira,Com Vítimas Feridas,Pleno dia,Decrescente,Céu Claro,Simples,Reta,Não,2,0,1,0,1,0,1,2,-26.37583,-49.32548,SPRF-SC,DEL06-SC,UOP03-DEL06-SC,2025
"714889,0",2025-08-29,sexta-feira,21:20:00,SC,101,"88,9",BARRA VELHA,Reação tardia ou ineficiente do condutor,Saída de leito carroçável,Com Vítimas Feridas,Pleno dia,Decrescente,Nublado,Simples,Reta,Sim,1,0,1,0,0,0,1,1,-26.66043657,-48.6881539,SPRF-SC,DEL03-SC,UOP02-DEL03-SC,2025
"714897,0",2025-08-29,sexta-feira,20:44:00,SC,101,"42,2",JOINVILLE,Ausência de reação do condutor,Colisão com objeto,Sem Vítimas,Plena Noite,Crescente,Nublado,Dupla,Reta;Interseção de Vias,Sim,1,0,0,0,1,0,0,1,-26.323814,-48.867902,SPRF-SC,DEL03-SC,UOP01-DEL03-SC,2025
"714941,0",2025-08-30,sábado,03:25:00,SC,282,"517,8",XAXIM,Reação tardia ou ineficiente do condutor,Saída de leito carroçável,Com Vítimas Feridas,Plena Noite,Crescente,Céu Claro,Simples,Rotatória;Interseção de Vias,Não,1,0,0,1,0,0,1,1,-26.94196441,-52.5043615,SPRF-SC,DEL07-SC,UOP01-DEL07-SC,2025
"714945,0",2025-08-30,sábado,04:30:00,SC,470,"277,5",BRUNOPOLIS,Condutor Dormindo,Saída de leito carroçável,Sem Vítimas,Amanhecer,Decrescente,Céu Claro,Simples,Aclive;Curva,Não,1,0,0,0,1,0,0,1,-27.33408853,-50.84837437,SPRF-SC,DEL07-SC,UOP06-DEL07-SC,2025
"714968,0",2025-08-30,sábado,05:02:00,SC,282,"642,0",SAO MIGUEL DO OESTE,Ingestão de álcool pelo condutor,Tombamento,Sem Vítimas,Plena Noite,Decrescente,Céu Claro,Simples,Reta,Não,1,0,0,0,1,0,0,1,-26.76993249,-53.47410357,SPRF-SC,DEL07-SC,UOP03-DEL07-SC,2025
"714970,0",2025-08-30,sábado,08:00:00,SC,480,"131,0",CHAPECO,Condutor deixou de manter distância do veículo da frente,Colisão traseira,Com Vítimas Feridas,Pleno dia,Decrescente,Sol,Simples,Reta;Aclive,Sim,2,0,1,0,1,0,1,2,-27.06139589,-52.63405728,SPRF-SC,DEL07-SC,UOP01-DEL07-SC,2025
"714978,0",2025-07-22,terça-feira,04:00:00,SC,101,"297,3",IMBITUBA,Ausência de reação do condutor,Saída de leito carroçável,Com Vítimas Fatais,Plena Noite,Decrescente,Céu Claro,Dupla,Interseção de Vias;Reta,Não,38,1,4,5,28,0,9,1,-28.32734833,-48.7313482,SPRF-SC,DEL02-SC,UOP03-DEL02-SC,2025
"714982,0",2025-08-27,quarta-feira,06:50:00,SC,116,"239,3",LAGES,Neblina,Saída de leito carroçável,Com Vítimas Feridas,Amanhecer,Decrescente,Nevoeiro/Neblina,Simples,Curva,Não,1,0,1,0,0,0,1,1,-27.75292226,-50.33565251,SPRF-SC,DEL05-SC,UOP01-DEL05-SC,2025
"714990,0",2025-08-30,sábado,08:13:00,SC,101,"368,2",ICARA,Desrespeitar a preferência no cruzamento,Colisão transversal,Sem Vítimas,Pleno dia,Crescente,Céu Claro,Simples,Interseção de Vias;Reta;Aclive,Sim,3,0,0,0,3,0,0,2,-28.69853075,-49.19012547,SPRF-SC,DEL02-SC,UOP01-DEL02-SC,2025
"715000,0",2025-08-30,sábado,09:24:00,SC,282,"578,9",PINHALZINHO,Acessar a via sem observar a presença dos outros veículos,Colisão transversal,Com Vítimas Feridas,Pleno dia,Decrescente,Céu Claro,Simples,Aclive;Reta;Em Obras,Sim,2,0,0,1,1,0,1,2,-26.8455463,-52.9811537,SPRF-SC,DEL07-SC,UOP02-DEL07-SC,2025
"715013,0",2025-08-30,sábado,12:40:00,SC,101,"110,0",FLORIANOPOLIS,Avarias e/ou desgaste excessivo no pneu,Tombamento,Com Vítimas Feridas,Pleno dia,Decrescente,Céu Claro,Dupla,Reta,Sim,2,0,2,0,0,0,2,1,-27.5939328,-48.5556224,SPRF-SC,DEL03-SC,UOP02-DEL03-SC,2025
"715046,0",2025-08-30,sábado,15:00:00,SC,101,"134,0",BALNEARIO CAMBORIU,Desrespeitar a preferência no cruzamento,Colisão transversal,Com Vítimas Feridas,Pleno dia,Crescente,Céu Claro,Simples,Interseção de Vias;Rotatória,Sim,3,0,0,1,2,0,1,2,-27.00439093,-48.63041852,SPRF-SC,DEL04-SC,UOP03-DEL04-SC,2025
"715067,0",2025-08-30,sábado,17:00:00,SC,282,"15,7",PALHOCA,Acessar a via sem observar a presença dos outros veículos,Colisão transversal,Com Vítimas Feridas,Pleno dia,Crescente,Céu Claro,Simples,Reta,Não,2,0,2,0,0,0,2,2,-27.65607198,-48.67965667,SPRF-SC,DEL01-SC,UOP02-DEL01-SC,2025
"715072,0",2025-08-30,sábado,17:00:00,SC,470,"120,0",IBIRAMA,Ingestão de álcool pelo condutor,Colisão com objeto,Com Vítimas Feridas,Pleno dia,Decrescente,Céu Claro,Simples,Declive,Não,3,0,1,0,0,2,1,2,-27.0886705,-49.5198618,SPRF-SC,DEL04-SC,UOP02-DEL04-SC,2025
"715085,0",2025-08-30,sábado,17:14:00,SC,163,"71,2",SAO MIGUEL DO OESTE,Velocidade Incompatível,Saída de leito carroçável,Sem Vítimas,Pleno dia,Crescente,Céu Claro,Dupla,Reta,Sim,1,0,0,0,0,1,0,1,-26.72653736,-53.51300804,SPRF-SC,DEL07-SC,UOP03-DEL07-SC,2025
"715091,0",2025-08-30,sábado,18:25:00,SC,116,"4,8",MAFRA,Transitar na contramão,Colisão frontal,Com Vítimas Feridas,Plena Noite,Crescente,Céu Claro,Simples,Reta,Sim,2,0,1,1,0,0,2,2,-26.1411726,-49.8154643,SPRF-SC,DEL06-SC,UOP01-DEL06-SC,2025
"715104,0",2025-08-30,sábado,19:45:00,SC,101,"209,8",SAO JOSE,Reação tardia ou ineficiente do condutor,Tombamento,Com Vítimas Feridas,Anoitecer,Decrescente,Céu Claro,Múltipla,Reta,Sim,3,0,0,1,2,0,1,2,-27.61619,-48.64407,SPRF-SC,DEL01-SC,UOP01-DEL01-SC,2025
"715107,0",2025-08-30,sábado,15:20:00,SC,101,"99,2",BARRA VELHA,Fumaça,Incêndio,Sem Vítimas,Pleno dia,Crescente,Céu Claro,Dupla,Reta;Ponte,Não,1,0,0,0,1,0,0,1,-26.61738285,-48.71955872,SPRF-SC,DEL03-SC,UOP02-DEL03-SC,2025
"715145,0",2025-08-30,sábado,19:45:00,SC,101,"125,5",ITAJAI,Restrição de visibilidade em curvas verticais,Colisão transversal,Com Vítimas Fatais,Plena Noite,Decrescente,Céu Claro,Múltipla,Declive;Curva,Sim,3,1,0,0,2,0,0,2,-26.951456,-48.679663,SPRF-SC,DEL04-SC,UOP04-DEL04-SC,2025
"715153,0",2025-08-30,sábado,22:10:00,SC,101,"372,3",ICARA,Condutor Dormindo,Saída de leito carroçável,Com Vítimas Feridas,Plena Noite,Crescente,Céu Claro,Dupla,Reta,Não,1,0,0,1,0,0,1,1,-28.71492323,-49.22467232,SPRF-SC,DEL02-SC,UOP01-DEL02-SC,2025
"715154,0",2025-08-30,sábado,22:43:00,SC,101,"79,8",ARAQUARI,Acessar a via sem observar a presença dos outros veículos,Colisão transversal,Com Vítimas Feridas,Plena Noite,Crescente,Garoa/Chuvisco,Dupla,Retorno Regulamentado,Não,3,0,1,0,2,0,1,2,-26.595445,-48.72254,SPRF-SC,DEL03-SC,UOP02-DEL03-SC,2025
"715181,0",2025-08-31,domingo,03:00:00,SC,101,"134,0",ITAPEMA,Condutor deixou de manter distância do veículo da frente,Colisão traseira,Sem Vítimas,Plena Noite,Decrescente,Céu Claro,Simples,Reta,Sim,2,0,0,0,2,0,0,2,-27.06575,-48.595288,SPRF-SC,DEL04-SC,UOP03-DEL04-SC,2025
"715184,0",2025-08-31,domingo,02:00:00,SC,282,"547,2",CHAPECO,Velocidade Incompatível,Colisão com objeto,Com Vítimas Feridas,Plena Noite,Crescente,Céu Claro,Simples,Curva,Sim,1,0,0,1,0,0,1,1,-26.9747213,-52.7448319,SPRF-SC,DEL07-SC,UOP01-DEL07-SC,2025
"715185,0",2025-08-30,sábado,23:00:00,SC,101,"132,0",BALNEARIO CAMBORIU,Pedestre - Ingestão de álcool/ substâncias psicoativas,Colisão com objeto,Com Vítimas Feridas,Plena Noite,Crescente,Céu Claro,Múltipla,Reta,Não,1,0,1,0,0,0,1,1,-26.99850827,-48.64993247,SPRF-SC,DEL04-SC,UOP03-DEL04-SC,2025
"715189,0",2025-08-31,domingo,04:30:00,SC,101,"154,0",PORTO BELO,Ingestão de álcool pelo condutor,Colisão com objeto,Sem Vítimas,Plena Noite,Decrescente,Céu Claro,Múltipla,Reta,Não,1,0,0,0,0,1,0,1,-27.15992006,-48.61104507,SPRF-SC,DEL04-SC,UOP03-DEL04-SC,2025
"715212,0",2025-08-02,sábado,21:15:00,SC,116,"62,0",PAPANDUVA,Acessar a via sem observar a presença dos outros veículos,Colisão transversal,Sem Vítimas,Plena Noite,Crescente,Céu Claro,Simples,Interseção de Vias;Retorno Regulamentado;Reta,Não,2,0,0,0,2,0,0,2,-26.38198953,-50.21528721,SPRF-SC,DEL06-SC,UOP02-DEL06-SC,2025
"715238,0",2025-08-31,domingo,11:00:00,SC,470,"39,0",GASPAR,Ausência de reação do condutor,Colisão traseira,Com Vítimas Feridas,Pleno dia,Decrescente,Nublado,Dupla,Curva,Não,5,0,3,0,2,0,3,2,-26.89676914,-48.98737041,SPRF-SC,DEL04-SC,UOP01-DEL04-SC,2025
"715246,0",2025-08-31,domingo,14:10:00,SC,101,"203,3",SAO JOSE,Manobra de mudança de faixa,Colisão lateral mesmo sentido,Com Vítimas Feridas,Pleno dia,Decrescente,Nublado,Simples,Reta,Sim,3,0,2,0,1,0,2,2,-27.56851896,-48.61362219,SPRF-SC,DEL01-SC,UOP01-DEL01-SC,2025
"715249,0",2025-08-15,sexta-feira,14:40:00,SC,282,"522,5",XAXIM,Acessar a via sem observar a presença dos outros veículos,Colisão transversal,Com Vítimas Feridas,Pleno dia,Decrescente,Céu Claro,Simples,Rotatória;Declive,Sim,2,0,1,0,1,0,1,2,-26.95958283,-52.54523188,SPRF-SC,DEL07-SC,UOP01-DEL07-SC,2025
"715256,0",2025-08-31,domingo,13:55:00,SC,101,"144,0",ITAPEMA,Pedestre cruzava a pista fora da faixa,Atropelamento de Pedestre,Com Vítimas Feridas,Pleno dia,Crescente,Chuva,Dupla,Reta,Não,2,0,1,0,1,0,1,2,-27.07520474,-48.59775424,SPRF-SC,DEL04-SC,UOP03-DEL04-SC,2025
"715261,0",2025-08-31,domingo,10:15:00,SC,470,"33,0",GASPAR,Demais falhas mecânicas ou elétricas,Tombamento,Com Vítimas Feridas,Pleno dia,Crescente,Nublado,Dupla,Reta,Não,2,0,2,0,0,0,2,1,-26.9052793,-48.93915351,SPRF-SC,DEL04-SC,UOP01-DEL04-SC,2025
"715263,0",2025-08-31,domingo,16:40:00,SC,101,"236,1",PALHOCA,Reação tardia ou ineficiente do condutor,Colisão traseira,Sem Vítimas,Pleno dia,Decrescente,Nublado,Dupla,Reta,Não,2,0,0,0,2,0,0,2,-27.82789452,-48.62989632,SPRF-SC,DEL01-SC,UOP02-DEL01-SC,2025
"715270,0",2025-08-31,domingo,11:00:00,SC,101,"370,0",ICARA,Reação tardia ou ineficiente do condutor,Saída de leito carroçável,Com Vítimas Feridas,Pleno dia,Crescente,Céu Claro,Dupla,Reta,Não,2,0,2,0,0,0,2,1,-28.7056,-49.2041,SPRF-SC,DEL02-SC,UOP01-DEL02-SC,2025
"715287,0",2025-08-31,domingo,17:50:00,SC,101,"310,4",LAGUNA,Demais falhas mecânicas ou elétricas,Tombamento,Com Vítimas Feridas,Anoitecer,Decrescente,Chuva,Dupla,Reta,Não,2,0,1,0,1,0,1,1,-28.436528,-48.808551,SPRF-SC,DEL02-SC,UOP01-DEL02-SC,2025
"715309,0",2025-08-31,domingo,19:10:00,SC,282,"506,9",XANXERE,Acessar a via sem observar a presença dos outros veículos,Colisão transversal,Com Vítimas Feridas,Plena Noite,Decrescente,Céu Claro,Simples,Reta,Sim,6,0,0,2,4,0,2,2,-26.88504028,-52.43530367,SPRF-SC,DEL07-SC,UOP01-DEL07-SC,2025
"715316,0",2025-08-31,domingo,20:20:00,SC,101,"219,0",PALHOCA,Pedestre cruzava a pista fora da faixa,Atropelamento de Pedestre,Com Vítimas Feridas,Plena Noite,Crescente,Nublado,Simples,Reta,Sim,2,0,0,1,1,0,1,2,-27.68952908,-48.66522638,SPRF-SC,DEL01-SC,UOP02-DEL01-SC,2025
"715338,0",2025-08-31,domingo,19:40:00,SC,101,"395,4",MARACAJA,Ausência de reação do condutor,Saída de leito carroçável,Com Vítimas Feridas,Plena Noite,Decrescente,Céu Claro,Dupla,Declive;Reta,Não,1,0,1,0,0,0,1,1,-28.833546,-49.4168,SPRF-SC,DEL02-SC,UOP02-DEL02-SC,2025
"715347,0",2025-08-31,domingo,22:00:00,SC,101,"200,1",SAO JOSE,Manobra de mudança de faixa,Colisão lateral mesmo sentido,Sem Vítimas,Plena Noite,Decrescente,Chuva,Múltipla,Reta,Sim,3,0,0,0,3,0,0,2,-27.54574,-48.61985,SPRF-SC,DEL01-SC,UOP01-DEL01-SC,2025
"715349,0",2025-08-31,domingo,22:10:00,SC,101,"192,0",BIGUACU,Chuva,Capotamento,Com Vítimas Feridas,Plena Noite,Decrescente,Chuva,Dupla,Curva,Não,2,0,2,0,0,0,2,1,-27.48660783,-48.64894571,SPRF-SC,DEL01-SC,UOP01-DEL01-SC,2025