id,data_inversa,dia_semana,horario,uf,br,km,municipio,causa_acidente,tipo_acidente,classificacao_acidente,fase_dia,sentido_via,condicao_metereologica,tipo_pista,tracado_via,uso_solo,pessoas,mortos,feridos_leves,feridos_graves,ilesos,ignorados,feridos,veiculos,latitude,longitude,regional,delegacia,uop,ano_arquivo
"715359,0",2025-08-31,domingo,23:15:00,SC,101,"204,6",SAO JOSE,Reação tardia ou ineficiente do condutor,Colisão com objeto,Sem Vítimas,Plena Noite,Crescente,Garoa/Chuvisco,Dupla,Reta,Sim,1,0,0,0,1,0,0,1,-27.57954751,-48.61408353,SPRF-SC,DEL01-SC,UOP01-DEL01-SC,2025
"715375,0",2025-08-31,domingo,11:00:00,SC,101,"22,0",JOINVILLE,Demais falhas mecânicas ou elétricas,Tombamento,Com Vítimas Feridas,Pleno dia,Crescente,Nublado,Dupla,Reta;Aclive,Não,2,0,2,0,0,0,2,1,-26.15753553,-48.90777938,SPRF-SC,DEL03-SC,UOP01-DEL03-SC,2025
"715377,0",2025-09-01,segunda-feira,00:45:00,SC,470,"54,5",BLUMENAU,Ingestão de álcool pelo condutor,Colisão transversal,Sem Vítimas,Pleno dia,Crescente,Nublado,Simples,Interseção de Vias,Sim,2,0,0,0,1,1,0,2,-26.87317624,-49.11418366,SPRF-SC,DEL04-SC,UOP01-DEL04-SC,2025
"715403,0",2025-09-01,segunda-feira,07:25:00,SC,282,"24,0",SANTO AMARO DA IMPERATRIZ,Desrespeitar a preferência no cruzamento,Tombamento,Com Vítimas Feridas,Pleno dia,Decrescente,Chuva,Simples,Interseção de Vias,Sim,2,0,0,1,1,0,1,2,-27.68436087,-48.74357907,SPRF-SC,DEL01-SC,UOP03-DEL01-SC,2025
"715408,0",2025-07-29,terça-feira,19:53:00,SC,280,"29,0",ARAQUARI,Trafegar com motocicleta (ou similar) entre as faixas,Atropelamento de Pedestre,Com Vítimas Feridas,Pleno dia,Crescente,Céu Claro,Simples,Reta,Sim,2,0,1,0,0,1,1,2,-26.39111133,-48.73585138,SPRF-SC,DEL03-SC,UOP03-DEL03-SC,2025
"715423,0",2025-08-16,sábado,11:45:00,SC,470,"58,4",BLUMENAU,Ultrapassagem Indevida,Colisão lateral mesmo sentido,Com Vítimas Feridas,Pleno dia,Crescente,Nublado,Dupla,Desvio Temporário,Não,2,0,1,0,1,0,1,2,-26.88401398,-49.15006248,SPRF-SC,DEL04-SC,UOP01-DEL04-SC,2025
"715431,0",2025-09-01,segunda-feira,08:08:00,SC,101,"43,5",JOINVILLE,Trafegar com motocicleta (ou similar) entre as faixas,Colisão traseira,Com Vítimas Feridas,Pleno dia,Decrescente,Chuva,Dupla,Reta,Não,2,0,1,0,1,0,1,2,-26.33097996,-48.8620162,SPRF-SC,DEL03-SC,UOP01-DEL03-SC,2025
"715432,0",2025-09-01,segunda-feira,08:40:00,SC,101,"105,6",PENHA,Manobra de mudança de faixa,Colisão lateral mesmo sentido,Com Vítimas Feridas,Pleno dia,Crescente,Nublado,Dupla,Curva,Sim,2,0,1,0,1,0,1,2,-26.80818,-48.681612,SPRF-SC,DEL03-SC,UOP02-DEL03-SC,2025
"715461,0",2025-09-01,segunda-feira,08:30:00,SC,280,"80,0",CORUPA,Condutor deixou de manter distância do veículo da frente,Colisão traseira,Com Vítimas Feridas,Pleno dia,Crescente,Céu Claro,Simples,Reta,Não,1,0,1,0,0,0,1,1,-26.43832,-49.233173,SPRF-SC,DEL06-SC,UOP03-DEL06-SC,2025
"715482,0",2025-09-01,segunda-feira,13:45:00,SC,101,"202,0",SAO JOSE,Condutor deixou de manter distância do veículo da frente,Colisão traseira,Com Vítimas Feridas,Pleno dia,Crescente,Céu Claro,Dupla,Reta,Sim,4,0,2,0,2,0,2,2,-27.55859711,-48.61827247,SPRF-SC,DEL01-SC,UOP01-DEL01-SC,2025
"715484,0",2025-09-01,segunda-feira,12:30:00,SC,101,"203,0",SAO JOSE,Condutor Dormindo,Colisão lateral mesmo sentido,Com Vítimas Feridas,Pleno dia,Decrescente,Nublado,Simples,Curva,Sim,2,0,1,0,1,0,1,2,-27.56709666,-48.61378161,SPRF-SC,DEL01-SC,UOP01-DEL01-SC,2025
"715491,0",2025-09-01,segunda-feira,14:28:00,SC,280,"31,8",ARAQUARI,Acessar a via sem observar a presença dos outros veículos,Colisão transversal,Com Vítimas Feridas,Pleno dia,Decrescente,Nublado,Simples,Rotatória,Sim,2,0,1,0,1,0,1,2,-26.41845394,-48.77844779,SPRF-SC,DEL03-SC,UOP03-DEL03-SC,2025
"715501,0",2025-09-01,segunda-feira,11:30:00,SC,282,"630,0",DESCANSO,Animais na Pista,Atropelamento de Animal,Com Vítimas Feridas,Pleno dia,Crescente,Céu Claro,Simples,Reta,Não,1,0,1,0,0,0,1,1,-26.82259108,-53.38630769,SPRF-SC,DEL07-SC,UOP03-DEL07-SC,2025
"715512,0",2025-09-01,segunda-feira,10:00:00,SC,470,"29,8",GASPAR,Reação tardia ou ineficiente do condutor,Capotamento,Sem Vítimas,Pleno dia,Crescente,Nublado,Dupla,Reta,Não,1,0,0,0,0,1,0,1,-26.89347239,-48.9065164,SPRF-SC,DEL04-SC,UOP01-DEL04-SC,2025
"715540,0",2025-09-01,segunda-feira,17:45:00,SC,282,"579,0",PINHALZINHO,Manobra de mudança de faixa,Saída de leito carroçável,Com Vítimas Feridas,Plena Noite,Decrescente,Céu Claro,Simples,Reta,Não,2,0,1,0,0,1,1,2,-26.84901706,-52.98010223,SPRF-SC,DEL07-SC,UOP02-DEL07-SC,2025
"715573,0",2025-09-01,segunda-feira,23:00:00,SC,101,"79,0",ARAQUARI,Velocidade Incompatível,Colisão com objeto,Com Vítimas Feridas,Plena Noite,Decrescente,Chuva,Múltipla,Reta,Não,1,0,1,0,0,0,1,1,-26.59171672,-48.72191755,SPRF-SC,DEL03-SC,UOP02-DEL03-SC,2025
"715581,0",2025-09-01,segunda-feira,23:40:00,SC,101,"41,8",JOINVILLE,Ingestão de álcool pelo condutor,Saída de leito carroçável,Com Vítimas Feridas,Plena Noite,Crescente,Chuva,Dupla,Reta,Sim,3,0,2,0,1,0,2,1,-26.32364536,-48.86819333,SPRF-SC,DEL03-SC,UOP01-DEL03-SC,2025
"715584,0",2025-09-02,terça-feira,01:00:00,SC,280,"45,5",GUARAMIRIM,Condutor Dormindo,Capotamento,Sem Vítimas,Plena Noite,Crescente,Garoa/Chuvisco,Simples,Reta;Em Obras,Não,1,0,0,0,0,1,0,1,-26.4527415,-48.9042029,SPRF-SC,DEL03-SC,UOP03-DEL03-SC,2025
"715596,0",2025-09-02,terça-feira,06:45:00,SC,101,"196,0",BIGUACU,Avarias e/ou desgaste excessivo no pneu,Tombamento,Com Vítimas Feridas,Pleno dia,Crescente,Chuva,Dupla,Reta,Sim,2,0,2,0,0,0,2,1,-27.5118714,-48.6422646,SPRF-SC,DEL01-SC,UOP01-DEL01-SC,2025
"715612,0",2025-09-02,terça-feira,07:55:00,SC,282,"3,0",FLORIANOPOLIS,Manobra de mudança de faixa,Colisão lateral mesmo sentido,Com Vítimas Feridas,Pleno dia,Decrescente,Chuva,Múltipla,Reta,Sim,3,0,1,1,1,0,2,2,-27.59674208,-48.60091623,SPRF-SC,DEL01-SC,UOP01-DEL01-SC,2025
"715618,0",2025-09-02,terça-feira,08:01:00,SC,280,"56,4",GUARAMIRIM,Manobra de mudança de faixa,Colisão lateral mesmo sentido,Com Vítimas Feridas,Pleno dia,Crescente,Nublado,Dupla,Reta,Sim,2,0,1,0,1,0,1,2,-26.479288,-49.006128,SPRF-SC,DEL03-SC,UOP03-DEL03-SC,2025
"715622,0",2025-09-02,terça-feira,07:30:00,SC,101,"116,0",ITAJAI,Acessar a via sem observar a presença dos outros veículos,Colisão transversal,Com Vítimas Feridas,Pleno dia,Crescente,Chuva,Dupla,Reta;Interseção de Vias,Sim,2,0,1,0,1,0,1,2,-26.88608616,-48.72343183,SPRF-SC,DEL04-SC,UOP04-DEL04-SC,2025
"715625,0",2025-09-02,terça-feira,07:40:00,SC,101,"1,3",GARUVA,Ausência de reação do condutor,Colisão com objeto,Sem Vítimas,Pleno dia,Crescente,Chuva,Múltipla,Reta,Não,1,0,0,0,1,0,0,1,-25.9921945,-48.88146607,SPRF-SC,DEL03-SC,UOP01-DEL03-SC,2025
"715638,0",2025-09-02,terça-feira,10:20:00,SC,282,"400,8",JOACABA,Avarias e/ou desgaste excessivo no pneu,Saída de leito carroçável,Sem Vítimas,Pleno dia,Crescente,Nublado,Simples,Curva,Não,1,0,0,0,0,1,0,1,-27.13958342,-51.62170887,SPRF-SC,DEL07-SC,UOP05-DEL07-SC,2025
"715653,0",2025-09-02,terça-feira,12:45:00,SC,101,"193,5",BIGUACU,Reação tardia ou ineficiente do condutor,Tombamento,Com Vítimas Feridas,Pleno dia,Crescente,Chuva,Dupla,Reta;Interseção de Vias,Sim,1,0,1,0,0,0,1,1,-27.4918514,-48.6568139,SPRF-SC,DEL01-SC,UOP01-DEL01-SC,2025
"715660,0",2025-09-02,terça-feira,12:50:00,SC,280,"56,5",GUARAMIRIM,Transitar na contramão,Colisão frontal,Com Vítimas Feridas,Pleno dia,Crescente,Chuva,Dupla,Reta,Sim,2,0,0,1,1,0,1,2,-26.478971,-49.010498,SPRF-SC,DEL03-SC,UOP03-DEL03-SC,2025
"715670,0",2025-09-02,terça-feira,12:45:00,SC,470,"145,0",RIO DO SUL,Acessar a via sem observar a presença dos outros veículos,Colisão transversal,Com Vítimas Feridas,Pleno dia,Crescente,Nublado,Simples,Curva,Não,2,0,0,1,1,0,1,2,-27.2330618,-49.67272695,SPRF-SC,DEL04-SC,UOP02-DEL04-SC,2025
"715707,0",2025-09-02,terça-feira,17:55:00,SC,101,"218,2",PALHOCA,Trafegar com motocicleta (ou similar) entre as faixas,Colisão lateral mesmo sentido,Com Vítimas Feridas,Anoitecer,Crescente,Nublado,Múltipla,Reta,Sim,2,0,1,0,1,0,1,2,-27.6783639,-48.66989342,SPRF-SC,DEL01-SC,UOP02-DEL01-SC,2025
"715715,0",2025-09-02,terça-feira,18:40:00,SC,101,"206,5",SAO JOSE,Trafegar com motocicleta (ou similar) entre as faixas,Colisão traseira,Com Vítimas Feridas,Plena Noite,Crescente,Nublado,Múltipla,Reta,Sim,1,0,0,1,0,0,1,1,-27.59455131,-48.61857355,SPRF-SC,DEL01-SC,UOP01-DEL01-SC,2025
"715716,0",2025-09-02,terça-feira,17:50:00,SC,101,"136,0",BALNEARIO CAMBORIU,Ausência de reação do condutor,Colisão com objeto,Com Vítimas Feridas,Pleno dia,Crescente,Nublado,Dupla,Aclive,Sim,1,0,0,1,0,0,1,1,-27.01441,-48.612735,SPRF-SC,DEL04-SC,UOP03-DEL04-SC,2025
"715726,0",2025-09-02,terça-feira,19:45:00,SC,282,"1,0",FLORIANOPOLIS,Reação tardia ou ineficiente do condutor,Colisão lateral mesmo sentido,Com Vítimas Feridas,Plena Noite,Decrescente,Céu Claro,Dupla,Reta,Sim,2,0,1,0,1,0,1,2,-27.60204,-48.57897,SPRF-SC,DEL01-SC,UOP01-DEL01-SC,2025
"715740,0",2025-09-02,terça-feira,17:40:00,SC,470,"128,7",LONTRAS,Velocidade Incompatível,Colisão frontal,Com Vítimas Fatais,Pleno dia,Crescente,Nublado,Simples,Curva,Não,4,1,0,2,0,1,2,3,-27.148,-49.556,SPRF-SC,DEL04-SC,UOP02-DEL04-SC,2025
"715751,0",2025-09-02,terça-feira,21:20:00,SC,101,"106,8",PENHA,Objeto estático sobre o leito carroçável,Colisão com objeto,Com Vítimas Feridas,Plena Noite,Crescente,Nublado,Dupla,Reta,Não,1,0,1,0,0,0,1,1,-26.81951763,-48.68396966,SPRF-SC,DEL03-SC,UOP02-DEL03-SC,2025
"715769,0",2025-09-03,quarta-feira,03:50:00,SC,470,"67,9",INDAIAL,Reação tardia ou ineficiente do condutor,Queda de ocupante de veículo,Com Vítimas Feridas,Plena Noite,Decrescente,Chuva,Dupla,Reta,Sim,1,0,1,0,0,0,1,1,-26.87805947,-49.23954043,SPRF-SC,DEL04-SC,UOP01-DEL04-SC,2025
"715798,0",2025-09-03,quarta-feira,07:40:00,SC,282,"2,2",FLORIANOPOLIS,Trafegar com motocicleta (ou similar) entre as faixas,Colisão traseira,Com Vítimas Feridas,Pleno dia,Decrescente,Nublado,Múltipla,Reta,Sim,2,0,1,0,1,0,1,2,-27.6031,-48.59224,SPRF-SC,DEL01-SC,UOP01-DEL01-SC,2025
"715851,0",2025-09-03,quarta-feira,11:45:00,SC,101,"21,0",JOINVILLE,Pista Escorregadia,Tombamento,Com Vítimas Feridas,Pleno dia,Crescente,Nublado,Dupla,Curva,Não,1,0,0,1,0,0,1,1,-26.153605,-48.908485,SPRF-SC,DEL03-SC,UOP01-DEL03-SC,2025
"715889,0",2025-09-03,quarta-feira,13:45:00,SC,116,"15,5",MAFRA,Manobra de mudança de faixa,Colisão lateral mesmo sentido,Com Vítimas Feridas,Pleno dia,Crescente,Céu Claro,Simples,Reta;Aclive;Em Obras,Não,10,0,3,0,7,0,3,4,-26.206098,-49.8824216,SPRF-SC,DEL06-SC,UOP01-DEL06-SC,2025
"715893,0",2025-09-03,quarta-feira,14:02:00,SC,101,"100,1",BALNEARIO PICARRAS,Acessar a via sem observar a presença dos outros veículos,Colisão traseira,Com Vítimas Feridas,Pleno dia,Crescente,Céu Claro,Simples,Reta,Não,5,0,2,0,3,0,2,2,-26.7577532,-48.6885616,SPRF-SC,DEL03-SC,UOP02-DEL03-SC,2025
"715899,0",2025-09-03,quarta-feira,16:40:00,SC,101,"151,0",ITAPEMA,Desrespeitar a preferência no cruzamento,Colisão transversal,Sem Vítimas,Pleno dia,Crescente,Garoa/Chuvisco,Múltipla,Interseção de Vias,Não,2,0,0,0,1,1,0,2,-27.13267703,-48.61013381,SPRF-SC,DEL04-SC,UOP03-DEL04-SC,2025
"715901,0",2025-09-03,quarta-feira,14:05:00,SC,101,"211,0",SAO JOSE,Reação tardia ou ineficiente do condutor,Colisão lateral mesmo sentido,Com Vítimas Feridas,Pleno dia,Crescente,Nublado,Múltipla,Reta,Sim,2,0,0,1,1,0,1,2,-27.622956,-48.652413,SPRF-SC,DEL01-SC,UOP02-DEL01-SC,2025
"715917,0",2025-09-03,quarta-feira,18:30:00,SC,282,"504,0",XANXERE,Acessar a via sem observar a presença dos outros veículos,Colisão transversal,Com Vítimas Feridas,Anoitecer,Crescente,Céu Claro,Simples,Interseção de Vias,Não,2,0,1,0,1,0,1,2,-26.88468816,-52.40958866,SPRF-SC,DEL07-SC,UOP01-DEL07-SC,2025
"715918,0",2025-09-03,quarta-feira,18:35:00,SC,101,"202,0",SAO JOSE,Manobra de mudança de faixa,Colisão lateral mesmo sentido,Com Vítimas Feridas,Plena Noite,Crescente,Nublado,Múltipla,Reta,Sim,3,0,0,1,2,0,1,3,-27.5623,-48.61598,SPRF-SC,DEL01-SC,UOP01-DEL01-SC,2025
"715927,0",2025-09-03,quarta-feira,18:40:00,SC,282,"2,0",FLORIANOPOLIS,Reação tardia ou ineficiente do condutor,Colisão lateral mesmo sentido,Com Vítimas Feridas,Plena Noite,Decrescente,Céu Claro,Múltipla,Reta,Sim,3,0,1,0,0,2,1,3,-27.59959,-48.57559,SPRF-SC,DEL01-SC,UOP01-DEL01-SC,2025
"715938,0",2025-09-03,quarta-feira,19:30:00,SC,101,"157,0",PORTO BELO,Reação tardia ou ineficiente do condutor,Tombamento,Com Vítimas Feridas,Plena Noite,Crescente,Garoa/Chuvisco,Dupla,Reta,Não,1,0,1,0,0,0,1,1,-27.18552552,-48.6125892,SPRF-SC,DEL04-SC,UOP03-DEL04-SC,2025
"715941,0",2025-09-03,quarta-feira,18:45:00,SC,101,"112,0",ITAJAI,Ausência de reação do condutor,Colisão traseira,Com Vítimas Feridas,Plena Noite,Decrescente,Nublado,Dupla,Reta,Não,3,0,0,1,2,0,1,2,-26.84683456,-48.72229926,SPRF-SC,DEL04-SC,UOP04-DEL04-SC,2025
"715978,0",2025-09-04,quinta-feira,00:05:00,SC,280,"158,8",MAFRA,Transitar na contramão,Colisão frontal,Com Vítimas Feridas,Plena Noite,Crescente,Céu Claro,Simples,Reta,Não,2,0,1,0,0,1,1,2,-26.2015,-49.7518,SPRF-SC,DEL06-SC,UOP03-DEL06-SC,2025
"715986,0",2025-09-03,quarta-feira,00:30:00,SC,101,"124,0",ITAJAI,Ausência de reação do condutor,Capotamento,Sem Vítimas,Plena Noite,Crescente,Céu Claro,Simples,Interseção de Vias,Sim,1,0,0,0,1,0,0,1,-26.93808718,-48.69853556,SPRF-SC,DEL04-SC,UOP04-DEL04-SC,2025
"715988,0",2025-09-04,quinta-feira,06:35:00,SC,101,"209,7",SAO JOSE,Manobra de mudança de faixa,Colisão lateral mesmo sentido,Com Vítimas Feridas,Amanhecer,Decrescente,Nublado,Múltipla,Reta,Sim,2,0,1,0,1,0,1,2,-27.61523,-48.64429,SPRF-SC,DEL01-SC,UOP01-DEL01-SC,2025
"715995,0",2025-09-04,quinta-feira,07:00:00,SC,280,"68,1",JARAGUA DO SUL,Acessar a via sem observar a presença dos outros veículos,Colisão transversal,Com Vítimas Feridas,Pleno dia,Crescente,Nublado,Simples,Reta;Interseção de Vias,Sim,2,0,1,0,1,0,1,2,-26.4715239,-49.1129524,SPRF-SC,DEL03-SC,UOP03-DEL03-SC,2025
"716003,0",2025-09-04,quinta-feira,06:25:00,SC,101,"127,9",BALNEARIO CAMBORIU,Trafegar com motocicleta (ou similar) entre as faixas,Colisão traseira,Com Vítimas Feridas,Amanhecer,Decrescente,Nublado,Dupla,Reta,Não,2,0,0,1,1,0,1,2,-26.9792561,-48.675709,SPRF-SC,DEL04-SC,UOP04-DEL04-SC,2025
"716007,0",2025-04-21,segunda-feira,11:55:00,SC,101,"22,5",BIGUACU,Velocidade Incompatível,Colisão com objeto,Com Vítimas Fatais,Pleno dia,Decrescente,Céu Claro,Dupla,Curva,Não,2,1,0,0,0,1,0,2,-27.51221,-48.71124,SPRF-SC,DEL01-SC,UOP02-DEL01-SC,2025
"716092,0",2025-09-04,quinta-feira,16:30:00,SC,101,"158,6",PORTO BELO,Acessar a via sem observar a presença dos outros veículos,Colisão transversal,Com Vítimas Feridas,Pleno dia,Decrescente,Nublado,Múltipla,Reta,Sim,2,0,1,0,1,0,1,2,-27.17381575,-48.61244202,SPRF-SC,DEL04-SC,UOP03-DEL04-SC,2025
"716104,0",2025-09-04,quinta-feira,14:30:00,SC,101,"415,1",ARARANGUA,Ausência de reação do condutor,Tombamento,Com Vítimas Feridas,Pleno dia,Decrescente,Garoa/Chuvisco,Múltipla,Reta,Não,1,0,0,1,0,0,1,1,-28.9676481,-49.52370342,SPRF-SC,DEL02-SC,UOP02-DEL02-SC,2025
"716108,0",2025-09-04,quinta-feira,17:20:00,SC,101,"93,5",BARRA VELHA,Ultrapassagem Indevida,Colisão lateral mesmo sentido,Com Vítimas Feridas,Anoitecer,Decrescente,Nublado,Dupla,Reta,Não,2,0,0,1,1,0,1,2,-26.69307524,-48.6976397,SPRF-SC,DEL03-SC,UOP02-DEL03-SC,2025
"716118,0",2025-09-04,quinta-feira,16:40:00,SC,101,"96,4",BARRA VELHA,Reação tardia ou ineficiente do condutor,Colisão traseira,Com Vítimas Feridas,Pleno dia,Crescente,Nublado,Dupla,Reta,Não,4,0,0,1,1,2,1,3,-26.72169997,-48.7023636,SPRF-SC,DEL03-SC,UOP02-DEL03-SC,2025
"716125,0",2025-09-04,quinta-feira,18:30:00,SC,101,"155,0",PORTO BELO,Manobra de mudança de faixa,Colisão lateral mesmo sentido,Com Vítimas Feridas,Anoitecer,Decrescente,Nublado,Múltipla,Reta,Sim,3,0,1,0,2,0,1,3,-27.16438525,-48.61177683,SPRF-SC,DEL04-SC,UOP03-DEL04-SC,2025
"716140,0",2025-09-04,quinta-feira,19:20:00,SC,101,"333,2",TUBARAO,Demais falhas mecânicas ou elétricas,Incêndio,Sem Vítimas,Plena Noite,Crescente,Chuva,Múltipla,Reta,Sim,1,0,0,0,1,0,0,1,-28.46863516,-49.01348337,SPRF-SC,DEL02-SC,UOP01-DEL02-SC,2025
"716149,0",2025-09-04,quinta-feira,16:00:00,SC,101,"32,0",JOINVILLE,Condutor deixou de manter distância do veículo da frente,Colisão traseira,Com Vítimas Feridas,Pleno dia,Crescente,Nublado,Dupla,Reta,Sim,2,0,1,0,1,0,1,2,-26.24016381,-48.91288941,SPRF-SC,DEL03-SC,UOP01-DEL03-SC,2025
"716150,0",2025-09-04,quinta-feira,19:00:00,SC,101,"41,3",JOINVILLE,Desrespeitar a preferência no cruzamento,Colisão transversal,Com Vítimas Feridas,Plena Noite,Decrescente,Nublado,Dupla,Viaduto;Interseção de Vias;Rotatória,Sim,2,0,1,0,1,0,1,2,-26.31873764,-48.87132581,SPRF-SC,DEL03-SC,UOP01-DEL03-SC,2025
"716153,0",2025-09-04,quinta-feira,20:45:00,SC,101,"210,8",SAO JOSE,Demais falhas mecânicas ou elétricas,Colisão traseira,Com Vítimas Feridas,Pleno dia,Decrescente,Nublado,Múltipla,Reta,Sim,2,0,2,0,0,0,2,2,-27.62186511,-48.65095703,SPRF-SC,DEL01-SC,UOP01-DEL01-SC,2025
"716156,0",2025-09-04,quinta-feira,21:00:00,SC,280,"56,0",GUARAMIRIM,Desrespeitar a preferência no cruzamento,Colisão transversal,Com Vítimas Feridas,Plena Noite,Crescente,Garoa/Chuvisco,Simples,Interseção de Vias;Viaduto;Rotatória,Sim,2,0,1,0,1,0,1,2,-26.47879381,-49.00104046,SPRF-SC,DEL03-SC,UOP03-DEL03-SC,2025
"716163,0",2025-09-04,quinta-feira,19:30:00,SC,163,"122,6",DIONISIO CERQUEIRA,Ausência de reação do condutor,Colisão com objeto,Sem Vítimas,Plena Noite,Crescente,Nublado,Simples,Aclive;Curva,Não,1,0,0,0,1,0,0,1,-26.30311035,-53.55229855,SPRF-SC,DEL07-SC,UOP03-DEL07-SC,2025
"716182,0",2025-09-05,sexta-feira,00:30:00,SC,101,"210,1",SAO JOSE,Condutor deixou de manter distância do veículo da frente,Colisão traseira,Com Vítimas Feridas,Plena Noite,Crescente,Chuva,Múltipla,Reta,Sim,3,0,1,0,1,1,1,2,-27.616822,-48.645748,SPRF-SC,DEL01-SC,UOP01-DEL01-SC,2025
"716189,0",2025-09-05,sexta-feira,02:30:00,SC,101,"38,7",JOINVILLE,Desrespeitar a preferência no cruzamento,Colisão transversal,Com Vítimas Feridas,Plena Noite,Crescente,Nublado,Dupla,Interseção de Vias;Rotatória;Viaduto,Sim,2,0,1,0,1,0,1,2,-26.29662584,-48.88439052,SPRF-SC,DEL03-SC,UOP01-DEL03-SC,2025
"716197,0",2025-09-05,sexta-feira,01:00:00,SC,101,"129,9",CAMBORIU,Ausência de reação do condutor,Tombamento,Com Vítimas Feridas,Plena Noite,Crescente,Garoa/Chuvisco,Múltipla,Reta,Sim,1,0,0,1,0,0,1,1,-26.98277187,-48.67524594,SPRF-SC,DEL04-SC,UOP03-DEL04-SC,2025
"716212,0",2025-09-05,sexta-feira,06:40:00,SC,101,"153,3",PORTO BELO,Entrada inopinada do pedestre,Atropelamento de Pedestre,Com Vítimas Feridas,Pleno dia,Crescente,Garoa/Chuvisco,Dupla,Reta,Não,2,0,0,1,1,0,1,2,-27.14714484,-48.6107254,SPRF-SC,DEL04-SC,UOP03-DEL04-SC,2025
"716222,0",2025-09-05,sexta-feira,07:40:00,SC,101,"205,1",SAO JOSE,Acessar a via sem observar a presença dos outros veículos,Colisão lateral mesmo sentido,Com Vítimas Feridas,Pleno dia,Crescente,Chuva,Simples,Reta,Sim,3,0,2,0,1,0,2,2,-27.58193768,-48.6151886,SPRF-SC,DEL01-SC,UOP01-DEL01-SC,2025
"716236,0",2025-09-05,sexta-feira,07:50:00,SC,101,"97,0",BALNEARIO PICARRAS,Acumulo de água sobre o pavimento,Colisão com objeto,Com Vítimas Feridas,Pleno dia,Crescente,Garoa/Chuvisco,Dupla,Curva,Não,1,0,1,0,0,0,1,1,-26.73149127,-48.70137191,SPRF-SC,DEL03-SC,UOP02-DEL03-SC,2025
"716244,0",2025-09-05,sexta-feira,09:15:00,SC,470,"125,0",LONTRAS,Acessar a via sem observar a presença dos outros veículos,Colisão transversal,Sem Vítimas,Pleno dia,Crescente,Chuva,Simples,Reta,Não,2,0,0,0,2,0,0,2,-27.1236674,-49.5365398,SPRF-SC,DEL04-SC,UOP02-DEL04-SC,2025
"716280,0",2025-08-07,quinta-feira,00:30:00,SC,470,"15,0",ILHOTA,Condutor Dormindo,Saída de leito carroçável,Com Vítimas Feridas,Plena Noite,Decrescente,Céu Claro,Dupla,Reta,Não,1,0,0,1,0,0,1,1,-26.84206353,-48.79327545,SPRF-SC,DEL04-SC,UOP04-DEL04-SC,2025
"716297,0",2025-09-05,sexta-feira,14:30:00,SC,101,"135,0",BALNEARIO CAMBORIU,Reação tardia ou ineficiente do condutor,Colisão traseira,Com Vítimas Feridas,Pleno dia,Decrescente,Garoa/Chuvisco,Dupla,Reta,Sim,2,0,0,1,1,0,1,2,-27.00658322,-48.62070322,SPRF-SC,DEL04-SC,UOP03-DEL04-SC,2025
"716305,0",2025-09-05,sexta-feira,15:25:00,SC,101,"149,0",ITAPEMA,Reação tardia ou ineficiente do condutor,Colisão traseira,Com Vítimas Feridas,Pleno dia,Crescente,Garoa/Chuvisco,Dupla,Reta,Sim,2,0,0,1,1,0,1,2,-27.11536816,-48.60969543,SPRF-SC,DEL04-SC,UOP03-DEL04-SC,2025
"716315,0",2025-09-05,sexta-feira,12:00:00,SC,280,"125,0",RIO NEGRINHO,Acessar a via sem observar a presença dos outros veículos,Queda de ocupante de veículo,Com Vítimas Feridas,Pleno dia,Crescente,Chuva,Simples,Reta,Sim,1,0,0,1,0,0,1,1,-26.24600386,-49.52327728,SPRF-SC,DEL06-SC,UOP03-DEL06-SC,2025
"716321,0",2025-09-05,sexta-feira,15:40:00,SC,101,"129,0",CAMBORIU,Reação tardia ou ineficiente do condutor,Colisão traseira,Com Vítimas Feridas,Pleno dia,Decrescente,Garoa/Chuvisco,Dupla,Curva,Não,2,0,1,0,1,0,1,2,-26.98062258,-48.67873399,SPRF-SC,DEL04-SC,UOP03-DEL04-SC,2025
"716339,0",2025-09-05,sexta-feira,17:40:00,SC,101,"52,0",JOINVILLE,Reação tardia ou ineficiente do condutor,Colisão traseira,Com Vítimas Feridas,Anoitecer,Decrescente,Chuva,Dupla,Reta,Sim,3,0,1,0,2,0,1,3,-26.403698,-48.8390566,SPRF-SC,DEL03-SC,UOP01-DEL03-SC,2025
"716353,0",2025-07-27,domingo,10:45:00,SC,470,"179,0",POUSO REDONDO,Conversão proibida,Saída de leito carroçável,Com Vítimas Feridas,Pleno dia,Decrescente,Nublado,Simples,Reta,Não,4,0,3,0,0,1,3,2,-27.24853868,-49.98291202,SPRF-SC,DEL04-SC,UOP02-DEL04-SC,2025
"716359,0",2025-09-05,sexta-feira,18:30:00,SC,282,"1,9",FLORIANOPOLIS,Condutor deixou de manter distância do veículo da frente,Colisão traseira,Com Vítimas Feridas,Plena Noite,Crescente,Chuva,Múltipla,Reta,Sim,3,0,2,0,1,0,2,2,-27.60362582,-48.58675417,SPRF-SC,DEL01-SC,UOP01-DEL01-SC,2025
"716367,0",2025-09-05,sexta-feira,14:00:00,SC,101,"275,6",IMBITUBA,Velocidade Incompatível,Saída de leito carroçável,Com Vítimas Feridas,Pleno dia,Crescente,Garoa/Chuvisco,Múltipla,Reta,Sim,1,0,1,0,0,0,1,1,-28.15453572,-48.69261861,SPRF-SC,DEL02-SC,UOP03-DEL02-SC,2025