id,data_inversa,dia_semana,horario,uf,br,km,municipio,causa_acidente,tipo_acidente,classificacao_acidente,fase_dia,sentido_via,condicao_metereologica,tipo_pista,tracado_via,uso_solo,pessoas,mortos,feridos_leves,feridos_graves,ilesos,ignorados,feridos,veiculos,latitude,longitude,regional,delegacia,uop,ano_arquivo
"718388,0",2025-09-14,domingo,18:21:00,SC,101,"227,0",PALHOCA,Condutor deixou de manter distância do veículo da frente,Engavetamento,Com Vítimas Feridas,Plena Noite,Decrescente,Céu Claro,Dupla,Reta,Sim,7,0,0,1,4,2,1,6,-27.74884705,-48.63560423,SPRF-SC,DEL01-SC,UOP02-DEL01-SC,2025
"718394,0",2025-09-14,domingo,18:45:00,SC,101,"210,0",SAO JOSE,Reação tardia ou ineficiente do condutor,Tombamento,Com Vítimas Feridas,Plena Noite,Decrescente,Céu Claro,Dupla,Reta,Não,1,0,1,0,0,0,1,1,-27.61775323,-48.64648528,SPRF-SC,DEL01-SC,UOP01-DEL01-SC,2025
"718403,0",2025-09-14,domingo,17:20:00,SC,116,"52,9",PAPANDUVA,Conversão proibida,Colisão lateral mesmo sentido,Com Vítimas Feridas,Pleno dia,Crescente,Céu Claro,Simples,Declive;Reta,Sim,3,0,1,0,2,0,1,2,-26.393509,-50.155919,SPRF-SC,DEL06-SC,UOP01-DEL06-SC,2025
"718406,0",2025-09-14,domingo,20:00:00,SC,101,"148,0",ITAPEMA,Ingestão de álcool pelo condutor,Colisão traseira,Com Vítimas Feridas,Plena Noite,Decrescente,Nublado,Dupla,Reta,Sim,3,0,0,2,1,0,2,2,-27.094056,-48.617761,SPRF-SC,DEL04-SC,UOP03-DEL04-SC,2025
"718422,0",2025-09-14,domingo,20:30:00,SC,101,"149,0",ITAPEMA,Ingestão de álcool pelo condutor,Colisão lateral mesmo sentido,Com Vítimas Feridas,Plena Noite,Decrescente,Céu Claro,Múltipla,Reta,Não,2,0,2,0,0,0,2,2,-27.11481861,-48.60958664,SPRF-SC,DEL04-SC,UOP03-DEL04-SC,2025
"718427,0",2025-09-14,domingo,17:40:00,SC,101,"48,5",JOINVILLE,Ultrapassagem Indevida,Colisão lateral mesmo sentido,Com Vítimas Feridas,Pleno dia,Decrescente,Nevoeiro/Neblina,Dupla,Reta,Não,3,0,2,0,1,0,2,2,-26.37907029,-48.85156558,SPRF-SC,DEL03-SC,UOP01-DEL03-SC,2025
"718430,0",2025-09-14,domingo,20:30:00,SC,101,"426,6",SOMBRIO,Acessar a via sem observar a presença dos outros veículos,Colisão frontal,Com Vítimas Feridas,Plena Noite,Crescente,Céu Claro,Múltipla,Reta;Interseção de Vias;Declive,Sim,3,0,0,1,2,0,1,3,-29.03592705,-49.60802905,SPRF-SC,DEL02-SC,UOP02-DEL02-SC,2025
"718436,0",2025-09-14,domingo,21:00:00,SC,101,"378,0",ICARA,Reação tardia ou ineficiente do condutor,Colisão com objeto,Com Vítimas Feridas,Plena Noite,Decrescente,Céu Claro,Múltipla,Reta,Não,2,0,2,0,0,0,2,1,-28.74927518,-49.26584657,SPRF-SC,DEL02-SC,UOP02-DEL02-SC,2025
"718441,0",2025-09-14,domingo,21:30:00,SC,101,"203,8",SAO JOSE,Acessar a via sem observar a presença dos outros veículos,Colisão lateral mesmo sentido,Com Vítimas Feridas,Plena Noite,Crescente,Céu Claro,Dupla,Interseção de Vias;Reta,Sim,2,0,1,0,1,0,1,2,-27.57301,-48.61388,SPRF-SC,DEL01-SC,UOP01-DEL01-SC,2025
"718446,0",2025-09-14,domingo,17:55:00,SC,101,"447,5",SANTA ROSA DO SUL,Manobra de mudança de faixa,Colisão lateral mesmo sentido,Com Vítimas Feridas,Anoitecer,Crescente,Céu Claro,Múltipla,Reta;Aclive,Não,2,0,1,0,1,0,1,2,-29.160812,-49.737992,SPRF-SC,DEL02-SC,UOP02-DEL02-SC,2025
"718449,0",2025-09-14,domingo,22:00:00,SC,282,"18,0",PALHOCA,Ingestão de álcool pelo condutor,Colisão frontal,Com Vítimas Feridas,Plena Noite,Decrescente,Nublado,Simples,Viaduto;Reta;Interseção de Vias,Não,4,0,1,0,3,0,1,2,-27.676715,-48.699658,SPRF-SC,DEL01-SC,UOP02-DEL01-SC,2025
"718453,0",2025-09-14,domingo,14:50:00,SC,101,"379,3",ICARA,Transitar na contramão,Colisão transversal,Com Vítimas Feridas,Pleno dia,Crescente,Céu Claro,Múltipla,Reta,Sim,2,0,0,1,1,0,1,2,-28.75538523,-49.27871253,SPRF-SC,DEL02-SC,UOP02-DEL02-SC,2025
"718454,0",2025-09-14,domingo,20:20:00,SC,101,"426,5",SOMBRIO,Ausência de reação do condutor,Colisão traseira,Com Vítimas Feridas,Plena Noite,Decrescente,Céu Claro,Múltipla,Reta,Não,4,0,1,0,3,0,1,2,-29.03560046,-49.60829165,SPRF-SC,DEL02-SC,UOP02-DEL02-SC,2025
"718462,0",2025-09-14,domingo,21:05:00,SC,101,"378,1",ICARA,Reação tardia ou ineficiente do condutor,Colisão traseira,Com Vítimas Feridas,Plena Noite,Decrescente,Céu Claro,Dupla,Reta,Não,8,0,2,0,6,0,2,4,-28.74950652,-49.26657915,SPRF-SC,DEL02-SC,UOP02-DEL02-SC,2025
"718485,0",2025-09-15,segunda-feira,04:00:00,SC,101,"155,0",PORTO BELO,Condutor Dormindo,Queda de ocupante de veículo,Com Vítimas Feridas,Plena Noite,Decrescente,Nublado,Dupla,Reta,Sim,1,0,0,1,0,0,1,1,-27.1575854,-48.61085264,SPRF-SC,DEL04-SC,UOP03-DEL04-SC,2025
"718492,0",2025-09-14,domingo,21:30:00,SC,470,"26,0",ILHOTA,Ausência de reação do condutor,Tombamento,Com Vítimas Feridas,Plena Noite,Crescente,Nublado,Dupla,Reta,Não,1,0,1,0,0,0,1,1,-26.8912438,-48.88504028,SPRF-SC,DEL04-SC,UOP04-DEL04-SC,2025
"718512,0",2025-09-15,segunda-feira,06:35:00,SC,101,"230,9",PALHOCA,Acesso irregular,Colisão lateral mesmo sentido,Com Vítimas Feridas,Pleno dia,Decrescente,Céu Claro,Dupla,Declive;Curva,Não,3,0,1,0,2,0,1,2,-27.784726,-48.635187,SPRF-SC,DEL01-SC,UOP02-DEL01-SC,2025
"718519,0",2025-09-15,segunda-feira,07:01:00,SC,101,"223,0",PALHOCA,Demais falhas mecânicas ou elétricas,Queda de ocupante de veículo,Com Vítimas Feridas,Pleno dia,Decrescente,Céu Claro,Múltipla,Aclive;Reta,Não,1,0,1,0,0,0,1,1,-27.71728,-48.64756,SPRF-SC,DEL01-SC,UOP02-DEL01-SC,2025
"718520,0",2025-09-15,segunda-feira,07:10:00,SC,280,"28,8",ARAQUARI,Acessar a via sem observar a presença dos outros veículos,Colisão transversal,Com Vítimas Feridas,Pleno dia,Decrescente,Céu Claro,Simples,Reta;Interseção de Vias,Sim,2,0,1,0,1,0,1,2,-26.40963026,-48.75161302,SPRF-SC,DEL03-SC,UOP03-DEL03-SC,2025
"718522,0",2025-09-15,segunda-feira,07:50:00,SC,101,"198,6",BIGUACU,Reação tardia ou ineficiente do condutor,Tombamento,Com Vítimas Feridas,Pleno dia,Crescente,Céu Claro,Múltipla,Reta,Sim,1,0,1,0,0,0,1,1,-27.52751515,-48.63447754,SPRF-SC,DEL01-SC,UOP01-DEL01-SC,2025
"718529,0",2025-09-15,segunda-feira,08:30:00,SC,101,"199,7",SAO JOSE,Reação tardia ou ineficiente do condutor,Colisão traseira,Com Vítimas Feridas,Pleno dia,Crescente,Céu Claro,Dupla,Reta,Sim,3,0,1,0,1,1,1,3,-27.53837,-48.62498,SPRF-SC,DEL01-SC,UOP01-DEL01-SC,2025
"718534,0",2025-09-15,segunda-feira,09:00:00,SC,101,"203,4",SAO JOSE,Reação tardia ou ineficiente do condutor,Colisão traseira,Sem Vítimas,Pleno dia,Crescente,Céu Claro,Múltipla,Reta,Sim,2,0,0,0,2,0,0,2,-27.5692385,-48.61400692,SPRF-SC,DEL01-SC,UOP01-DEL01-SC,2025
"718539,0",2025-08-22,sexta-feira,23:20:00,SC,280,"27,0",ARAQUARI,Condutor deixou de manter distância do veículo da frente,Colisão traseira,Com Vítimas Feridas,Plena Noite,Decrescente,Nublado,Simples,Reta,Sim,3,0,1,0,1,1,1,2,-26.39393328,-48.73824835,SPRF-SC,DEL03-SC,UOP03-DEL03-SC,2025
"718571,0",2025-09-15,segunda-feira,12:10:00,SC,280,"6,0",SAO FRANCISCO DO SUL,Conversão proibida,Colisão traseira,Com Vítimas Feridas,Pleno dia,Crescente,Nublado,Simples,Reta,Sim,2,0,1,0,1,0,1,2,-26.269836,-48.639994,SPRF-SC,DEL03-SC,UOP03-DEL03-SC,2025
"718577,0",2025-09-15,segunda-feira,10:20:00,SC,101,"87,3",FLORIANOPOLIS,Desrespeitar a preferência no cruzamento,Colisão transversal,Com Vítimas Feridas,Pleno dia,Crescente,Céu Claro,Simples,Interseção de Vias;Declive,Sim,2,0,1,0,1,0,1,2,-27.5972096,-48.5556224,SPRF-SC,DEL03-SC,UOP02-DEL03-SC,2025
"718609,0",2025-09-15,segunda-feira,13:30:00,SC,101,"88,8",BARRA VELHA,Condutor Dormindo,Saída de leito carroçável,Com Vítimas Feridas,Pleno dia,Decrescente,Céu Claro,Dupla,Reta,Não,4,0,4,0,0,0,4,1,-26.65789133,-48.68797302,SPRF-SC,DEL03-SC,UOP02-DEL03-SC,2025
"718622,0",2025-09-15,segunda-feira,15:50:00,SC,101,"118,0",ITAJAI,Reação tardia ou ineficiente do condutor,Colisão lateral mesmo sentido,Com Vítimas Feridas,Pleno dia,Decrescente,Nublado,Múltipla,Reta,Sim,2,0,1,0,0,1,1,2,-26.89524493,-48.71907282,SPRF-SC,DEL04-SC,UOP04-DEL04-SC,2025
"718625,0",2025-09-15,segunda-feira,11:30:00,SC,470,"174,0",POUSO REDONDO,Ingestão de álcool pelo condutor,Saída de leito carroçável,Sem Vítimas,Pleno dia,Decrescente,Céu Claro,Simples,Reta;Aclive,Sim,1,0,0,0,1,0,0,1,-27.258725,-49.926465,SPRF-SC,DEL04-SC,UOP02-DEL04-SC,2025
"718636,0",2025-09-15,segunda-feira,14:40:00,SC,470,"137,4",RIO DO SUL,Acessar a via sem observar a presença dos outros veículos,Colisão transversal,Com Vítimas Feridas,Pleno dia,Crescente,Céu Claro,Simples,Curva,Sim,3,0,1,1,1,0,2,2,-27.19006388,-49.61952416,SPRF-SC,DEL04-SC,UOP02-DEL04-SC,2025
"718639,0",2025-09-15,segunda-feira,17:17:00,SC,282,"17,4",PALHOCA,Acessar a via sem observar a presença dos outros veículos,Colisão transversal,Com Vítimas Feridas,Pleno dia,Crescente,Céu Claro,Simples,Reta;Interseção de Vias,Sim,3,0,0,1,2,0,1,2,-27.66924763,-48.69109511,SPRF-SC,DEL01-SC,UOP02-DEL01-SC,2025
"718687,0",2025-09-15,segunda-feira,19:30:00,SC,101,"158,0",PORTO BELO,Reação tardia ou ineficiente do condutor,Colisão traseira,Com Vítimas Feridas,Plena Noite,Crescente,Garoa/Chuvisco,Dupla,Reta,Não,2,0,1,0,1,0,1,2,-27.18860181,-48.61224622,SPRF-SC,DEL04-SC,UOP03-DEL04-SC,2025
"718708,0",2025-09-16,terça-feira,00:30:00,SC,282,"500,5",XANXERE,Velocidade Incompatível,Saída de leito carroçável,Sem Vítimas,Plena Noite,Crescente,Garoa/Chuvisco,Dupla,Reta,Não,1,0,0,0,1,0,0,1,-26.8814159,-52.37336802,SPRF-SC,DEL07-SC,UOP01-DEL07-SC,2025
"718770,0",2025-09-16,terça-feira,10:00:00,SC,282,"3,4",FLORIANOPOLIS,Reação tardia ou ineficiente do condutor,Saída de leito carroçável,Sem Vítimas,Pleno dia,Crescente,Nublado,Múltipla,Reta,Sim,1,0,0,0,1,0,0,1,-27.597113,-48.600665,SPRF-SC,DEL01-SC,UOP01-DEL01-SC,2025
"718777,0",2025-09-16,terça-feira,11:15:00,SC,101,"418,0",ARARANGUA,Desrespeitar a preferência no cruzamento,Colisão transversal,Com Vítimas Feridas,Pleno dia,Crescente,Nublado,Simples,Viaduto,Sim,2,0,1,0,1,0,1,2,-28.99064657,-49.54771682,SPRF-SC,DEL02-SC,UOP02-DEL02-SC,2025
"718796,0",2025-09-16,terça-feira,12:05:00,SC,280,"152,7",MAFRA,Ingestão de substâncias psicoativas pelo condutor,Capotamento,Com Vítimas Feridas,Pleno dia,Decrescente,Céu Claro,Simples,Curva;Aclive,Não,2,0,1,0,0,1,1,2,-26.223627,-49.711304,SPRF-SC,DEL06-SC,UOP03-DEL06-SC,2025
"718805,0",2025-09-16,terça-feira,15:35:00,SC,101,"203,7",SAO JOSE,Objeto estático sobre o leito carroçável,Tombamento,Com Vítimas Feridas,Pleno dia,Crescente,Céu Claro,Dupla,Reta,Sim,1,0,0,1,0,0,1,1,-27.57189,-48.61371,SPRF-SC,DEL01-SC,UOP01-DEL01-SC,2025
"718816,0",2025-09-16,terça-feira,15:21:00,SC,101,"149,9",ITAPEMA,Acessar a via sem observar a presença dos outros veículos,Colisão transversal,Com Vítimas Feridas,Pleno dia,Decrescente,Sol,Simples,Reta,Sim,2,0,1,0,1,0,1,2,-27.11537771,-48.60979199,SPRF-SC,DEL04-SC,UOP03-DEL04-SC,2025
"718817,0",2025-08-07,quinta-feira,13:10:00,SC,282,"5,4",SAO JOSE,Condutor deixou de manter distância do veículo da frente,Queda de ocupante de veículo,Com Vítimas Feridas,Pleno dia,Decrescente,Nublado,Dupla,Curva,Sim,2,0,1,0,1,0,1,2,-27.587777,-48.615917,SPRF-SC,DEL01-SC,UOP01-DEL01-SC,2025
"718831,0",2025-09-16,terça-feira,11:40:00,SC,470,"60,4",BLUMENAU,Trafegar com motocicleta (ou similar) entre as faixas,Colisão transversal,Com Vítimas Feridas,Pleno dia,Crescente,Céu Claro,Simples,Reta,Não,3,0,2,0,1,0,2,2,-26.8790909,-49.17394639,SPRF-SC,DEL04-SC,UOP01-DEL04-SC,2025
"718841,0",2025-09-16,terça-feira,17:55:00,SC,282,"50,7",AGUAS MORNAS,Transitar na contramão,Colisão frontal,Com Vítimas Fatais,Pleno dia,Decrescente,Nublado,Simples,Curva,Não,4,1,1,0,2,0,1,2,-27.70444393,-48.95582738,SPRF-SC,DEL01-SC,UOP03-DEL01-SC,2025
"718847,0",2025-09-16,terça-feira,17:40:00,SC,282,"523,4",XAXIM,Pedestre cruzava a pista fora da faixa,Atropelamento de Pedestre,Com Vítimas Feridas,Pleno dia,Crescente,Céu Claro,Simples,Reta;Declive,Não,2,0,2,0,0,0,2,2,-26.96525664,-52.55318499,SPRF-SC,DEL07-SC,UOP01-DEL07-SC,2025
"718853,0",2025-09-16,terça-feira,16:05:00,SC,280,"58,5",GUARAMIRIM,Manobra de mudança de faixa,Colisão lateral mesmo sentido,Com Vítimas Feridas,Pleno dia,Decrescente,Sol,Dupla,Curva,Não,3,0,1,0,1,1,1,3,-26.475005,-49.01487,SPRF-SC,DEL03-SC,UOP03-DEL03-SC,2025
"718864,0",2025-09-16,terça-feira,15:40:00,SC,163,"78,0",SAO MIGUEL DO OESTE,Acessar a via sem observar a presença dos outros veículos,Colisão frontal,Com Vítimas Feridas,Pleno dia,Crescente,Céu Claro,Simples,Reta;Interseção de Vias,Não,3,0,3,0,0,0,3,2,-26.66642734,-53.51972284,SPRF-SC,DEL07-SC,UOP03-DEL07-SC,2025
"718888,0",2025-09-16,terça-feira,17:20:00,SC,470,"62,2",INDAIAL,Velocidade Incompatível,Colisão transversal,Com Vítimas Feridas,Pleno dia,Crescente,Nublado,Simples,Reta,Sim,3,0,0,2,1,0,2,2,-26.87441511,-49.18589529,SPRF-SC,DEL04-SC,UOP01-DEL04-SC,2025
"718908,0",2025-09-17,quarta-feira,07:35:00,SC,101,"107,6",PENHA,Manobra de mudança de faixa,Colisão lateral mesmo sentido,Com Vítimas Feridas,Pleno dia,Crescente,Sol,Dupla,Reta,Não,2,0,1,0,1,0,1,2,-26.82127937,-48.68518202,SPRF-SC,DEL03-SC,UOP02-DEL03-SC,2025
"718910,0",2025-09-17,quarta-feira,07:25:00,SC,470,"138,3",RIO DO SUL,Desrespeitar a preferência no cruzamento,Colisão transversal,Com Vítimas Feridas,Pleno dia,Decrescente,Céu Claro,Simples,Reta;Retorno Regulamentado,Sim,2,0,1,0,1,0,1,2,-27.194,-49.62414,SPRF-SC,DEL04-SC,UOP02-DEL04-SC,2025
"718913,0",2025-09-17,quarta-feira,07:20:00,SC,101,"127,0",CAMBORIU,Ausência de reação do condutor,Tombamento,Com Vítimas Feridas,Pleno dia,Crescente,Nublado,Dupla,Reta,Não,2,0,2,0,0,0,2,1,-26.97309579,-48.68331403,SPRF-SC,DEL04-SC,UOP04-DEL04-SC,2025
"718927,0",2025-09-17,quarta-feira,09:00:00,SC,282,"3,0",FLORIANOPOLIS,Manobra de mudança de faixa,Colisão lateral mesmo sentido,Com Vítimas Feridas,Pleno dia,Decrescente,Nublado,Dupla,Reta,Sim,2,0,0,1,1,0,1,2,-27.597272,-48.600902,SPRF-SC,DEL01-SC,UOP01-DEL01-SC,2025
"718933,0",2025-09-17,quarta-feira,09:20:00,SC,101,"40,3",JOINVILLE,Demais falhas mecânicas ou elétricas,Capotamento,Com Vítimas Feridas,Pleno dia,Crescente,Céu Claro,Dupla,Curva;Aclive,Sim,1,0,1,0,0,0,1,1,-26.31341513,-48.87398807,SPRF-SC,DEL03-SC,UOP01-DEL03-SC,2025
"718948,0",2025-09-17,quarta-feira,11:00:00,SC,101,"204,0",SAO JOSE,Acumulo de óleo sobre o pavimento,Tombamento,Com Vítimas Feridas,Pleno dia,Decrescente,Nublado,Múltipla,Declive;Reta,Sim,2,0,2,0,0,0,2,1,-27.57351625,-48.61335246,SPRF-SC,DEL01-SC,UOP01-DEL01-SC,2025
"718969,0",2025-09-17,quarta-feira,07:00:00,SC,282,"350,8",CAMPOS NOVOS,Transitar na contramão,Colisão frontal,Com Vítimas Feridas,Pleno dia,Decrescente,Céu Claro,Simples,Reta;Aclive,Não,5,0,1,1,3,0,2,2,-27.358893,-51.292685,SPRF-SC,DEL07-SC,UOP06-DEL07-SC,2025
"718992,0",2025-09-17,quarta-feira,15:00:00,SC,101,"206,4",SAO JOSE,Condutor deixou de manter distância do veículo da frente,Colisão traseira,Com Vítimas Feridas,Pleno dia,Crescente,Céu Claro,Múltipla,Reta,Sim,3,0,2,0,1,0,2,2,-27.595512,-48.619387,SPRF-SC,DEL01-SC,UOP01-DEL01-SC,2025
"718997,0",2025-09-05,sexta-feira,14:40:00,SC,280,"21,6",ARAQUARI,Ausência de reação do condutor,Engavetamento,Com Vítimas Feridas,Pleno dia,Crescente,Garoa/Chuvisco,Simples,Reta,Não,3,0,2,0,0,1,2,3,-26.3706097,-48.6993723,SPRF-SC,DEL03-SC,UOP03-DEL03-SC,2025
"719018,0",2025-09-17,quarta-feira,15:45:00,SC,280,"242,0",BELA VISTA DO TOLDO,Reação tardia ou ineficiente do condutor,Colisão lateral sentido oposto,Com Vítimas Feridas,Pleno dia,Crescente,Céu Claro,Simples,Curva,Sim,3,0,2,0,1,0,2,2,-26.2327839,-50.4676395,SPRF-SC,DEL06-SC,UOP04-DEL06-SC,2025
"719019,0",2025-09-09,terça-feira,11:30:00,SC,101,"291,0",IMBITUBA,Demais falhas mecânicas ou elétricas,Incêndio,Sem Vítimas,Pleno dia,Crescente,Céu Claro,Dupla,Reta,Não,1,0,0,0,1,0,0,1,-28.298717,-48.71686,SPRF-SC,DEL02-SC,UOP03-DEL02-SC,2025
"719021,0",2025-09-17,quarta-feira,16:45:00,SC,101,"116,2",ITAJAI,Ausência de reação do condutor,Colisão traseira,Com Vítimas Feridas,Pleno dia,Crescente,Nublado,Dupla,Reta,Não,4,0,1,1,2,0,2,3,-26.88156854,-48.72504886,SPRF-SC,DEL04-SC,UOP04-DEL04-SC,2025
"719032,0",2025-09-17,quarta-feira,15:15:00,SC,470,"1,1",NAVEGANTES,Mal súbito do condutor,Saída de leito carroçável,Com Vítimas Feridas,Pleno dia,Crescente,Nublado,Dupla,Reta,Sim,1,0,1,0,0,0,1,1,-26.88082735,-48.66291968,SPRF-SC,DEL04-SC,UOP04-DEL04-SC,2025
"719034,0",2025-09-17,quarta-feira,16:55:00,SC,101,"115,5",ITAJAI,Ausência de reação do condutor,Tombamento,Com Vítimas Feridas,Pleno dia,Crescente,Nublado,Dupla,Reta,Sim,1,0,1,0,0,0,1,1,-26.87462954,-48.72783534,SPRF-SC,DEL04-SC,UOP04-DEL04-SC,2025
"719046,0",2025-09-17,quarta-feira,19:25:00,SC,101,"207,2",SAO JOSE,Manobra de mudança de faixa,Colisão lateral mesmo sentido,Com Vítimas Feridas,Plena Noite,Crescente,Nublado,Múltipla,Reta,Sim,3,0,1,0,1,1,1,2,-27.601323,-48.624982,SPRF-SC,DEL01-SC,UOP01-DEL01-SC,2025
"719104,0",2025-09-18,quinta-feira,06:30:00,SC,101,"4,0",ARARANGUA,Reação tardia ou ineficiente do condutor,Colisão lateral mesmo sentido,Com Vítimas Feridas,Amanhecer,Decrescente,Céu Claro,Simples,Rotatória,Não,2,0,2,0,0,0,2,2,-28.95,-49.507,SPRF-SC,DEL03-SC,UOP01-DEL03-SC,2025
"719105,0",2025-09-18,quinta-feira,06:50:00,SC,101,"211,2",PALHOCA,Manobra de mudança de faixa,Colisão traseira,Com Vítimas Feridas,Pleno dia,Decrescente,Nublado,Múltipla,Reta,Sim,2,0,1,0,1,0,1,2,-27.624743,-48.653607,SPRF-SC,DEL01-SC,UOP02-DEL01-SC,2025
"719112,0",2025-09-18,quinta-feira,07:30:00,SC,101,"213,2",PALHOCA,Manobra de mudança de faixa,Colisão lateral mesmo sentido,Com Vítimas Feridas,Pleno dia,Decrescente,Nublado,Dupla,Reta,Sim,2,0,1,0,1,0,1,2,-27.639095,-48.666418,SPRF-SC,DEL01-SC,UOP02-DEL01-SC,2025
"719114,0",2025-09-18,quinta-feira,07:20:00,SC,280,"28,5",ARAQUARI,Condutor deixou de manter distância do veículo da frente,Colisão traseira,Com Vítimas Feridas,Pleno dia,Crescente,Nublado,Simples,Reta,Sim,2,0,1,0,1,0,1,2,-26.39702085,-48.74041557,SPRF-SC,DEL03-SC,UOP03-DEL03-SC,2025
"719122,0",2025-09-18,quinta-feira,08:30:00,SC,101,"206,5",FLORIANOPOLIS,Condutor deixou de manter distância do veículo da frente,Colisão lateral mesmo sentido,Com Vítimas Feridas,Pleno dia,Crescente,Sol,Múltipla,Reta,Não,2,0,2,0,0,0,2,1,-27.5939328,-48.5588992,SPRF-SC,DEL01-SC,UOP01-DEL01-SC,2025
"719124,0",2025-09-18,quinta-feira,07:30:00,SC,470,"4,0",NAVEGANTES,Manobra de mudança de faixa,Colisão lateral mesmo sentido,Com Vítimas Feridas,Pleno dia,Crescente,Céu Claro,Dupla,Reta,Não,3,0,1,0,0,2,1,3,-26.85619124,-48.6979723,SPRF-SC,DEL04-SC,UOP04-DEL04-SC,2025
"719130,0",2025-09-18,quinta-feira,09:10:00,SC,101,"43,6",JOINVILLE,Entrada inopinada do pedestre,Atropelamento de Pedestre,Com Vítimas Feridas,Pleno dia,Crescente,Céu Claro,Dupla,Interseção de Vias;Viaduto;Declive,Não,2,0,1,0,1,0,1,2,-26.34447959,-48.85798216,SPRF-SC,DEL03-SC,UOP01-DEL03-SC,2025
"719134,0",2025-09-18,quinta-feira,09:35:00,SC,101,"214,3",PALHOCA,Desrespeitar a preferência no cruzamento,Colisão transversal,Com Vítimas Feridas,Pleno dia,Decrescente,Nublado,Dupla,Interseção de Vias,Sim,2,0,0,1,1,0,1,2,-27.64711,-48.672007,SPRF-SC,DEL01-SC,UOP02-DEL01-SC,2025
"719152,0",2025-09-18,quinta-feira,11:10:00,SC,280,"29,0",ARAQUARI,Acesso irregular,Colisão transversal,Com Vítimas Feridas,Pleno dia,Crescente,Nublado,Simples,Reta,Sim,2,0,1,0,1,0,1,2,-26.413177,-48.758175,SPRF-SC,DEL03-SC,UOP03-DEL03-SC,2025
"719167,0",2025-09-18,quinta-feira,12:17:00,SC,101,"210,9",SAO JOSE,Trafegar com motocicleta (ou similar) entre as faixas,Colisão lateral mesmo sentido,Com Vítimas Feridas,Pleno dia,Crescente,Céu Claro,Dupla,Reta;Viaduto,Sim,4,0,1,1,2,0,2,3,-27.622879,-48.6521633,SPRF-SC,DEL01-SC,UOP01-DEL01-SC,2025
"719168,0",2025-09-18,quinta-feira,11:50:00,SC,101,"127,9",ITAJAI,Ausência de reação do condutor,Colisão traseira,Com Vítimas Feridas,Pleno dia,Decrescente,Céu Claro,Dupla,Reta,Não,2,0,1,0,1,0,1,2,-26.96861483,-48.68376732,SPRF-SC,DEL04-SC,UOP04-DEL04-SC,2025
"719175,0",2025-09-18,quinta-feira,14:00:00,SC,101,"333,0",TUBARAO,Ultrapassagem Indevida,Colisão lateral mesmo sentido,Com Vítimas Feridas,Pleno dia,Crescente,Céu Claro,Dupla,Reta,Sim,2,0,0,1,1,0,1,2,-28.46909597,-49.01477035,SPRF-SC,DEL02-SC,UOP01-DEL02-SC,2025
"719193,0",2025-09-18,quinta-feira,14:30:00,SC,470,"111,0",APIUNA,Ausência de reação do condutor,Tombamento,Com Vítimas Feridas,Pleno dia,Decrescente,Sol,Simples,Curva;Em Obras,Não,1,0,1,0,0,0,1,1,-27.09791622,-49.45837688,SPRF-SC,DEL04-SC,UOP02-DEL04-SC,2025
"719196,0",2025-08-25,segunda-feira,05:20:00,SC,101,"79,1",ARAQUARI,Acumulo de água sobre o pavimento,Colisão com objeto,Com Vítimas Feridas,Amanhecer,Decrescente,Chuva,Dupla,Reta,Não,1,0,1,0,0,0,1,1,-26.59323255,-48.7220463,SPRF-SC,DEL03-SC,UOP02-DEL03-SC,2025
"719246,0",2025-09-18,quinta-feira,18:20:00,SC,101,"137,0",BALNEARIO CAMBORIU,Manobra de mudança de faixa,Colisão lateral mesmo sentido,Com Vítimas Feridas,Plena Noite,Crescente,Nublado,Múltipla,Reta,Sim,3,0,0,1,1,1,1,3,-27.0143835,-48.61286299,SPRF-SC,DEL04-SC,UOP03-DEL04-SC,2025
"719248,0",2025-09-18,quinta-feira,18:43:00,SC,101,"212,3",PALHOCA,Ausência de reação do condutor,Colisão traseira,Com Vítimas Feridas,Plena Noite,Crescente,Nublado,Dupla,Reta,Sim,2,0,0,1,1,0,1,2,-27.631858,-48.66105,SPRF-SC,DEL01-SC,UOP02-DEL01-SC,2025
"719257,0",2025-09-18,quinta-feira,20:00:00,SC,280,"50,3",GUARAMIRIM,Acessar a via sem observar a presença dos outros veículos,Colisão transversal,Com Vítimas Feridas,Plena Noite,Crescente,Nublado,Dupla,Interseção de Vias;Em Obras;Curva,Sim,2,0,2,0,0,0,2,2,-26.463223,-48.94913,SPRF-SC,DEL03-SC,UOP03-DEL03-SC,2025
"719265,0",2025-09-18,quinta-feira,17:25:00,SC,101,"101,0",BALNEARIO PICARRAS,Pedestre cruzava a pista fora da faixa,Atropelamento de Pedestre,Com Vítimas Feridas,Pleno dia,Crescente,Céu Claro,Dupla,Reta,Sim,2,0,1,0,0,1,1,2,-26.77632724,-48.68567554,SPRF-SC,DEL03-SC,UOP02-DEL03-SC,2025
"719267,0",2025-09-18,quinta-feira,13:30:00,SC,101,"114,0",ITAJAI,Ausência de reação do condutor,Colisão traseira,Com Vítimas Feridas,Pleno dia,Crescente,Céu Claro,Dupla,Reta,Sim,2,0,0,1,1,0,1,2,-26.86840342,-48.73000592,SPRF-SC,DEL04-SC,UOP04-DEL04-SC,2025