id,data_inversa,dia_semana,horario,uf,br,km,municipio,causa_acidente,tipo_acidente,classificacao_acidente,fase_dia,sentido_via,condicao_metereologica,tipo_pista,tracado_via,uso_solo,pessoas,mortos,feridos_leves,feridos_graves,ilesos,ignorados,feridos,veiculos,latitude,longitude,regional,delegacia,uop,ano_arquivo
"720213,0",2025-09-22,segunda-feira,13:00:00,SC,470,"60,3",BLUMENAU,Desrespeitar a preferência no cruzamento,Colisão transversal,Com Vítimas Feridas,Pleno dia,Decrescente,Nublado,Simples,Reta;Em Obras,Sim,2,0,2,0,0,0,2,2,-26.88057421,-49.16771293,SPRF-SC,DEL04-SC,UOP01-DEL04-SC,2025
"720225,0",2025-09-19,sexta-feira,15:00:00,SC,101,"147,0",ITAPEMA,Reação tardia ou ineficiente do condutor,Colisão traseira,Com Vítimas Feridas,Pleno dia,Decrescente,Céu Claro,Dupla,Reta,Sim,2,0,1,0,1,0,1,2,-27.09871236,-48.61862183,SPRF-SC,DEL04-SC,UOP03-DEL04-SC,2025
"720244,0",2025-09-22,segunda-feira,14:30:00,SC,101,"97,8",BALNEARIO PICARRAS,Condutor deixou de manter distância do veículo da frente,Colisão lateral mesmo sentido,Com Vítimas Feridas,Pleno dia,Decrescente,Sol,Múltipla,Reta;Interseção de Vias,Sim,2,0,1,0,1,0,1,2,-26.73819161,-48.69875399,SPRF-SC,DEL03-SC,UOP02-DEL03-SC,2025
"720247,0",2025-09-22,segunda-feira,13:30:00,SC,280,"21,0",ARAQUARI,Condutor deixou de manter distância do veículo da frente,Colisão traseira,Sem Vítimas,Pleno dia,Decrescente,Chuva,Simples,Reta,Não,2,0,0,0,2,0,0,2,-26.38658371,-48.72966099,SPRF-SC,DEL03-SC,UOP03-DEL03-SC,2025
"720256,0",2025-09-22,segunda-feira,11:00:00,SC,282,"89,0",ALFREDO WAGNER,Velocidade Incompatível,Saída de leito carroçável,Com Vítimas Feridas,Pleno dia,Crescente,Chuva,Simples,Curva,Não,1,0,1,0,0,0,1,1,-27.67173622,-49.20782503,SPRF-SC,DEL01-SC,UOP03-DEL01-SC,2025
"720284,0",2025-09-22,segunda-feira,16:07:00,SC,282,"24,8",SANTO AMARO DA IMPERATRIZ,Desrespeitar a preferência no cruzamento,Colisão transversal,Com Vítimas Feridas,Pleno dia,Crescente,Chuva,Simples,Reta;Interseção de Vias;Viaduto,Sim,2,0,0,1,1,0,1,2,-27.67811078,-48.75125304,SPRF-SC,DEL01-SC,UOP03-DEL01-SC,2025
"720295,0",2025-09-22,segunda-feira,16:20:00,SC,282,"43,8",AGUAS MORNAS,Ausência de reação do condutor,Saída de leito carroçável,Com Vítimas Feridas,Pleno dia,Crescente,Chuva,Simples,Curva,Não,3,0,3,0,0,0,3,1,-27.72240654,-48.90676685,SPRF-SC,DEL01-SC,UOP03-DEL01-SC,2025
"720323,0",2025-09-22,segunda-feira,18:10:00,SC,101,"311,8",LAGUNA,Desrespeitar a preferência no cruzamento,Colisão transversal,Com Vítimas Feridas,Anoitecer,Decrescente,Nublado,Múltipla,Interseção de Vias,Sim,2,0,2,0,0,0,2,2,-28.44120866,-48.82229839,SPRF-SC,DEL02-SC,UOP01-DEL02-SC,2025
"720343,0",2025-09-22,segunda-feira,20:00:00,SC,470,"3,0",NAVEGANTES,Ausência de reação do condutor,Colisão traseira,Com Vítimas Feridas,Pleno dia,Crescente,Nublado,Dupla,Reta;Em Obras,Não,3,0,0,2,0,1,2,2,-26.87214129,-48.67125884,SPRF-SC,DEL04-SC,UOP04-DEL04-SC,2025
"720345,0",2025-09-22,segunda-feira,19:20:00,SC,101,"105,0",PENHA,Reação tardia ou ineficiente do condutor,Tombamento,Com Vítimas Feridas,Plena Noite,Crescente,Nublado,Simples,Retorno Regulamentado;Curva,Não,1,0,1,0,0,0,1,1,-26.80779752,-48.68181316,SPRF-SC,DEL03-SC,UOP02-DEL03-SC,2025
"720406,0",2025-09-23,terça-feira,07:55:00,SC,280,"28,8",ARAQUARI,Ultrapassagem Indevida,Colisão transversal,Com Vítimas Feridas,Pleno dia,Decrescente,Céu Claro,Simples,Reta,Não,2,0,0,1,1,0,1,2,-26.409557,-48.751592,SPRF-SC,DEL03-SC,UOP03-DEL03-SC,2025
"720417,0",2025-09-23,terça-feira,10:04:00,SC,470,"127,8",LONTRAS,Conversão proibida,Colisão transversal,Sem Vítimas,Pleno dia,Decrescente,Sol,Simples,Curva,Não,2,0,0,0,2,0,0,2,-27.14405251,-49.54889701,SPRF-SC,DEL04-SC,UOP02-DEL04-SC,2025
"720426,0",2025-09-23,terça-feira,11:40:00,SC,101,"208,8",SAO JOSE,Acessar a via sem observar a presença dos outros veículos,Colisão transversal,Com Vítimas Feridas,Pleno dia,Crescente,Céu Claro,Múltipla,Reta,Sim,4,0,1,1,1,1,2,3,-27.608735,-48.637818,SPRF-SC,DEL01-SC,UOP01-DEL01-SC,2025
"720436,0",2025-09-03,quarta-feira,14:00:00,SC,101,"92,6",BARRA VELHA,Reação tardia ou ineficiente do condutor,Colisão com objeto,Com Vítimas Feridas,Pleno dia,Decrescente,Garoa/Chuvisco,Dupla,Reta,Não,2,0,2,0,0,0,2,1,-26.68304846,-48.69277954,SPRF-SC,DEL03-SC,UOP02-DEL03-SC,2025
"720437,0",2025-09-23,terça-feira,13:10:00,SC,280,"22,5",ARAQUARI,Manobra de mudança de faixa,Colisão frontal,Com Vítimas Feridas,Pleno dia,Crescente,Céu Claro,Simples,Reta,Sim,3,0,2,0,1,0,2,2,-26.371276,-48.707196,SPRF-SC,DEL03-SC,UOP03-DEL03-SC,2025
"720451,0",2025-09-23,terça-feira,09:00:00,SC,280,"24,7",ARAQUARI,Condutor deixou de manter distância do veículo da frente,Colisão traseira,Sem Vítimas,Pleno dia,Crescente,Céu Claro,Simples,Reta,Não,2,0,0,0,2,0,0,2,-26.382462,-48.72559,SPRF-SC,DEL03-SC,UOP03-DEL03-SC,2025
"720462,0",2025-09-23,terça-feira,15:40:00,SC,101,"127,0",ITAJAI,Reação tardia ou ineficiente do condutor,Colisão traseira,Com Vítimas Feridas,Pleno dia,Crescente,Céu Claro,Dupla,Reta,Sim,2,0,1,0,1,0,1,2,-26.97095394,-48.68279904,SPRF-SC,DEL04-SC,UOP04-DEL04-SC,2025
"720465,0",2025-09-23,terça-feira,16:05:00,SC,101,"202,0",SAO JOSE,Transitar na contramão,Colisão frontal,Com Vítimas Feridas,Pleno dia,Crescente,Céu Claro,Simples,Reta;Interseção de Vias,Sim,2,0,1,0,1,0,1,2,-27.55762,-48.61906,SPRF-SC,DEL01-SC,UOP01-DEL01-SC,2025
"720489,0",2025-09-23,terça-feira,18:05:00,SC,101,"204,5",SAO JOSE,Reação tardia ou ineficiente do condutor,Colisão lateral mesmo sentido,Com Vítimas Feridas,Plena Noite,Decrescente,Nublado,Múltipla,Interseção de Vias,Sim,2,0,1,0,1,0,1,2,-27.57873,-48.61357,SPRF-SC,DEL01-SC,UOP01-DEL01-SC,2025
"720495,0",2025-09-23,terça-feira,17:45:00,SC,101,"100,0",BALNEARIO PICARRAS,Ausência de reação do condutor,Queda de ocupante de veículo,Com Vítimas Feridas,Anoitecer,Crescente,Céu Claro,Múltipla,Interseção de Vias,Sim,1,0,1,0,0,0,1,1,-26.75671331,-48.6890858,SPRF-SC,DEL03-SC,UOP02-DEL03-SC,2025
"720496,0",2025-09-23,terça-feira,17:55:00,SC,101,"118,5",ITAJAI,Acessar a via sem observar a presença dos outros veículos,Colisão transversal,Com Vítimas Feridas,Anoitecer,Crescente,Céu Claro,Dupla,Viaduto;Retorno Regulamentado;Interseção de Vias,Sim,2,0,0,1,1,0,1,2,-26.8955287,-48.71910945,SPRF-SC,DEL04-SC,UOP04-DEL04-SC,2025
"720517,0",2025-09-23,terça-feira,19:45:00,SC,282,"580,0",PINHALZINHO,Entrada inopinada do pedestre,Atropelamento de Pedestre,Com Vítimas Feridas,Plena Noite,Crescente,Céu Claro,Simples,Rotatória,Sim,2,0,1,0,0,1,1,2,-26.837173,-52.986825,SPRF-SC,DEL07-SC,UOP02-DEL07-SC,2025
"720524,0",2025-09-23,terça-feira,20:40:00,SC,282,"540,6",CHAPECO,Entrada inopinada do pedestre,Atropelamento de Pedestre,Com Vítimas Feridas,Plena Noite,Crescente,Céu Claro,Simples,Curva,Não,2,0,0,1,0,1,1,2,-26.997188,-52.69317,SPRF-SC,DEL07-SC,UOP01-DEL07-SC,2025
"720527,0",2025-09-23,terça-feira,22:05:00,SC,101,"147,0",ITAPEMA,Acessar a via sem observar a presença dos outros veículos,Colisão transversal,Com Vítimas Feridas,Plena Noite,Decrescente,Céu Claro,Múltipla,Interseção de Vias,Sim,3,0,1,0,0,2,1,2,-27.09501067,-48.61786991,SPRF-SC,DEL04-SC,UOP03-DEL04-SC,2025
"720536,0",2025-09-23,terça-feira,23:20:00,SC,282,"517,0",XAXIM,Ingestão de álcool pelo condutor,Saída de leito carroçável,Sem Vítimas,Plena Noite,Decrescente,Céu Claro,Simples,Rotatória,Não,1,0,0,0,1,0,0,1,-26.94189483,-52.50405598,SPRF-SC,DEL07-SC,UOP01-DEL07-SC,2025
"720541,0",2025-09-23,terça-feira,22:30:00,SC,470,"65,0",INDAIAL,Ultrapassagem Indevida,Colisão transversal,Com Vítimas Feridas,Plena Noite,Decrescente,Céu Claro,Simples,Reta;Em Obras,Não,2,0,0,1,1,0,1,2,-26.87054722,-49.22782391,SPRF-SC,DEL04-SC,UOP01-DEL04-SC,2025
"720558,0",2025-09-24,quarta-feira,07:00:00,SC,470,"122,8",IBIRAMA,Acesso irregular,Colisão lateral mesmo sentido,Com Vítimas Feridas,Pleno dia,Decrescente,Nublado,Simples,Curva,Não,3,0,2,0,1,0,2,2,-27.10685488,-49.5221171,SPRF-SC,DEL04-SC,UOP02-DEL04-SC,2025
"720562,0",2025-09-24,quarta-feira,07:40:00,SC,101,"158,7",PORTO BELO,Acessar a via sem observar a presença dos outros veículos,Colisão transversal,Com Vítimas Feridas,Pleno dia,Crescente,Sol,Dupla,Reta;Rotatória,Não,3,0,2,0,1,0,2,2,-27.19486925,-48.61305356,SPRF-SC,DEL04-SC,UOP03-DEL04-SC,2025
"720566,0",2025-09-11,quinta-feira,07:45:00,SC,280,"70,8",JARAGUA DO SUL,Trafegar com motocicleta (ou similar) entre as faixas,Colisão transversal,Com Vítimas Feridas,Pleno dia,Decrescente,Nublado,Simples,Reta,Não,2,0,1,0,0,1,1,2,-26.460808,-49.136932,SPRF-SC,DEL03-SC,UOP03-DEL03-SC,2025
"720571,0",2025-09-24,quarta-feira,08:00:00,SC,282,"1,9",FLORIANOPOLIS,Ultrapassagem Indevida,Colisão lateral mesmo sentido,Com Vítimas Feridas,Pleno dia,Decrescente,Céu Claro,Múltipla,Reta,Sim,2,0,1,1,0,0,2,2,-27.603395,-48.5895,SPRF-SC,DEL01-SC,UOP01-DEL01-SC,2025
"720583,0",2025-09-20,sábado,15:40:00,SC,101,"193,0",BIGUACU,Ingestão de álcool pelo condutor,Saída de leito carroçável,Sem Vítimas,Pleno dia,Crescente,Céu Claro,Dupla,Reta,Sim,1,0,0,0,1,0,0,1,-27.49245,-48.65688,SPRF-SC,DEL01-SC,UOP01-DEL01-SC,2025
"720622,0",2025-09-24,quarta-feira,12:10:00,SC,282,"218,0",LAGES,Transitar na contramão,Colisão frontal,Com Vítimas Feridas,Pleno dia,Crescente,Céu Claro,Simples,Interseção de Vias,Sim,3,0,1,0,2,0,1,2,-27.79710776,-50.31340599,SPRF-SC,DEL05-SC,UOP01-DEL05-SC,2025
"720661,0",2025-09-24,quarta-feira,17:00:00,SC,101,"149,0",ITAPEMA,Acessar a via sem observar a presença dos outros veículos,Colisão transversal,Com Vítimas Feridas,Pleno dia,Decrescente,Céu Claro,Simples,Reta,Sim,2,0,1,0,1,0,1,2,-27.10987176,-48.61178253,SPRF-SC,DEL04-SC,UOP03-DEL04-SC,2025
"720664,0",2025-09-24,quarta-feira,17:40:00,SC,280,"48,0",GUARAMIRIM,Reação tardia ou ineficiente do condutor,Colisão traseira,Com Vítimas Feridas,Anoitecer,Decrescente,Céu Claro,Dupla,Reta,Não,2,0,0,1,1,0,1,2,-26.456967,-48.927997,SPRF-SC,DEL03-SC,UOP03-DEL03-SC,2025
"720682,0",2025-09-24,quarta-feira,17:35:00,SC,470,"140,4",RIO DO SUL,Acessar a via sem observar a presença dos outros veículos,Colisão transversal,Com Vítimas Feridas,Pleno dia,Crescente,Céu Claro,Simples,Reta;Aclive,Sim,2,0,1,0,1,0,1,2,-27.204992,-49.64103,SPRF-SC,DEL04-SC,UOP02-DEL04-SC,2025
"720704,0",2025-09-24,quarta-feira,19:20:00,SC,280,"147,9",MAFRA,Reação tardia ou ineficiente do condutor,Saída de leito carroçável,Com Vítimas Feridas,Plena Noite,Decrescente,Céu Claro,Simples,Reta,Não,1,0,1,0,0,0,1,1,-26.247572,-49.675992,SPRF-SC,DEL06-SC,UOP03-DEL06-SC,2025
"720734,0",2025-09-25,quinta-feira,04:40:00,SC,101,"334,6",TUBARAO,Pedestre andava na pista,Atropelamento de Pedestre,Com Vítimas Fatais,Plena Noite,Crescente,Nublado,Múltipla,Reta,Sim,2,1,0,0,1,0,0,2,-28.47309571,-49.02433813,SPRF-SC,DEL02-SC,UOP01-DEL02-SC,2025
"720748,0",2025-09-25,quinta-feira,07:30:00,SC,282,"5,0",SAO JOSE,Manobra de mudança de faixa,Colisão lateral mesmo sentido,Com Vítimas Feridas,Pleno dia,Crescente,Céu Claro,Múltipla,Reta,Sim,3,0,1,0,1,1,1,3,-27.58962971,-48.61015745,SPRF-SC,DEL01-SC,UOP01-DEL01-SC,2025
"720770,0",2025-09-25,quinta-feira,09:40:00,SC,101,"5,4",GARUVA,Velocidade Incompatível,Tombamento,Com Vítimas Feridas,Pleno dia,Crescente,Garoa/Chuvisco,Dupla,Reta,Não,2,0,2,0,0,0,2,1,-26.02177336,-48.86212274,SPRF-SC,DEL03-SC,UOP01-DEL03-SC,2025
"720789,0",2025-08-20,quarta-feira,18:30:00,SC,101,"333,0",TUBARAO,Reação tardia ou ineficiente do condutor,Colisão com objeto,Com Vítimas Feridas,Plena Noite,Crescente,Céu Claro,Múltipla,Reta,Não,1,0,1,0,0,0,1,1,-28.469941,-49.017017,SPRF-SC,DEL02-SC,UOP01-DEL02-SC,2025
"720828,0",2025-09-25,quinta-feira,16:30:00,SC,101,"125,2",ITAJAI,Ausência de reação do condutor,Colisão traseira,Com Vítimas Feridas,Pleno dia,Decrescente,Nublado,Dupla,Reta,Não,3,0,1,0,2,0,1,2,-26.94742316,-48.68406169,SPRF-SC,DEL04-SC,UOP04-DEL04-SC,2025
"720831,0",2025-09-25,quinta-feira,14:25:00,SC,282,"413,2",CATANDUVAS,Ausência de reação do condutor,Saída de leito carroçável,Com Vítimas Feridas,Pleno dia,Decrescente,Céu Claro,Simples,Reta;Aclive,Não,1,0,1,0,0,0,1,1,-27.055012,-51.693807,SPRF-SC,DEL07-SC,UOP05-DEL07-SC,2025
"720838,0",2025-09-25,quinta-feira,17:20:00,SC,101,"137,0",BALNEARIO CAMBORIU,Acessar a via sem observar a presença dos outros veículos,Colisão frontal,Com Vítimas Feridas,Pleno dia,Crescente,Céu Claro,Dupla,Interseção de Vias;Viaduto,Sim,3,0,0,1,1,1,1,3,-27.01126042,-48.61439165,SPRF-SC,DEL04-SC,UOP03-DEL04-SC,2025
"720845,0",2025-09-25,quinta-feira,13:05:00,SC,153,"18,1",AGUA DOCE,Velocidade Incompatível,Saída de leito carroçável,Com Vítimas Feridas,Pleno dia,Decrescente,Céu Claro,Simples,Reta,Não,1,0,1,0,0,0,1,1,-26.71625043,-51.6159153,SPRF-SC,DEL07-SC,UOP07-DEL07-SC,2025
"720853,0",2025-09-25,quinta-feira,18:00:00,SC,280,"132,0",RIO NEGRINHO,Acessar a via sem observar a presença dos outros veículos,Colisão transversal,Com Vítimas Feridas,Pleno dia,Crescente,Nublado,Simples,Rotatória,Sim,2,0,1,0,1,0,1,2,-26.268221,-49.554444,SPRF-SC,DEL06-SC,UOP03-DEL06-SC,2025
"720855,0",2025-09-25,quinta-feira,17:25:00,SC,101,"161,8",TIJUCAS,Transitar na contramão,Colisão transversal,Com Vítimas Feridas,Pleno dia,Decrescente,Céu Claro,Simples,Reta,Não,2,0,0,1,1,0,1,2,-27.2262417,-48.62754822,SPRF-SC,DEL04-SC,UOP03-DEL04-SC,2025
"720860,0",2025-09-25,quinta-feira,19:00:00,SC,101,"3,6",FLORIANOPOLIS,Manobra de mudança de faixa,Colisão lateral mesmo sentido,Com Vítimas Feridas,Plena Noite,Crescente,Nublado,Múltipla,Reta,Sim,3,0,1,0,2,0,1,2,-27.59544,-48.60129,SPRF-SC,DEL03-SC,UOP01-DEL03-SC,2025
"720863,0",2025-09-25,quinta-feira,18:50:00,SC,101,"144,5",ITAPEMA,Condutor deixou de manter distância do veículo da frente,Colisão traseira,Com Vítimas Feridas,Plena Noite,Decrescente,Nublado,Dupla,Reta,Sim,2,0,1,0,1,0,1,2,-27.0767979,-48.59842815,SPRF-SC,DEL04-SC,UOP03-DEL04-SC,2025
"720873,0",2025-09-25,quinta-feira,18:20:00,SC,282,"221,0",LAGES,Iluminação deficiente,Colisão transversal,Sem Vítimas,Plena Noite,Crescente,Céu Claro,Múltipla,Rotatória,Sim,3,0,0,0,3,0,0,2,-27.79479695,-50.3387746,SPRF-SC,DEL05-SC,UOP01-DEL05-SC,2025
"720904,0",2025-09-25,quinta-feira,22:25:00,SC,282,"2,9",FLORIANOPOLIS,Manobra de mudança de faixa,Colisão traseira,Com Vítimas Feridas,Plena Noite,Crescente,Nublado,Múltipla,Em Obras;Curva,Sim,5,0,2,0,3,0,2,3,-27.602859,-48.593197,SPRF-SC,DEL01-SC,UOP01-DEL01-SC,2025
"720937,0",2025-09-26,sexta-feira,07:15:00,SC,470,"66,0",BLUMENAU,Acessar a via sem observar a presença dos outros veículos,Colisão transversal,Com Vítimas Feridas,Amanhecer,Decrescente,Sol,Simples,Reta;Interseção de Vias,Sim,2,0,0,1,1,0,1,2,-26.8766762,-49.1317396,SPRF-SC,DEL04-SC,UOP01-DEL04-SC,2025
"720962,0",2025-09-26,sexta-feira,08:40:00,SC,101,"274,3",IMBITUBA,Reação tardia ou ineficiente do condutor,Colisão traseira,Com Vítimas Feridas,Pleno dia,Decrescente,Nublado,Múltipla,Reta,Sim,2,0,1,0,1,0,1,2,-28.144182,-48.692692,SPRF-SC,DEL02-SC,UOP03-DEL02-SC,2025
"720969,0",2025-09-26,sexta-feira,08:50:00,SC,101,"6,5",GARUVA,Manobra de mudança de faixa,Colisão transversal,Com Vítimas Feridas,Pleno dia,Decrescente,Nublado,Múltipla,Reta,Não,2,0,1,0,1,0,1,2,-26.03302934,-48.86026651,SPRF-SC,DEL03-SC,UOP01-DEL03-SC,2025
"720975,0",2025-09-26,sexta-feira,08:20:00,SC,282,"4,3",FLORIANOPOLIS,Trafegar com motocicleta (ou similar) entre as faixas,Colisão lateral mesmo sentido,Com Vítimas Feridas,Pleno dia,Decrescente,Nublado,Dupla,Reta,Sim,2,0,1,0,1,0,1,2,-27.592102,-48.605231,SPRF-SC,DEL01-SC,UOP01-DEL01-SC,2025
"720985,0",2025-09-26,sexta-feira,11:45:00,SC,101,"336,0",TUBARAO,Demais falhas mecânicas ou elétricas,Saída de leito carroçável,Com Vítimas Feridas,Pleno dia,Crescente,Céu Claro,Dupla,Curva,Sim,1,0,1,0,0,0,1,1,-28.48627011,-49.03795838,SPRF-SC,DEL02-SC,UOP01-DEL02-SC,2025
"720989,0",2025-09-20,sábado,08:20:00,SC,280,"82,0",CORUPA,Condutor deixou de manter distância do veículo da frente,Colisão traseira,Com Vítimas Feridas,Pleno dia,Decrescente,Céu Claro,Simples,Rotatória;Interseção de Vias,Não,3,0,1,0,2,0,1,2,-26.43556,-49.24542,SPRF-SC,DEL06-SC,UOP03-DEL06-SC,2025
"721013,0",2025-09-26,sexta-feira,15:20:00,SC,101,"220,0",PALHOCA,Condutor deixou de manter distância do veículo da frente,Colisão traseira,Com Vítimas Feridas,Pleno dia,Crescente,Nublado,Dupla,Reta,Sim,5,0,2,2,1,0,4,2,-27.68841726,-48.66522186,SPRF-SC,DEL01-SC,UOP02-DEL01-SC,2025
"721028,0",2025-09-26,sexta-feira,14:50:00,SC,470,"98,0",APIUNA,Transitar na contramão,Colisão transversal,Com Vítimas Feridas,Pleno dia,Decrescente,Nublado,Simples,Reta,Sim,2,0,1,0,1,0,1,2,-27.03761936,-49.3928139,SPRF-SC,DEL04-SC,UOP02-DEL04-SC,2025
"721047,0",2025-09-26,sexta-feira,14:15:00,SC,101,"146,0",ITAPEMA,Reação tardia ou ineficiente do condutor,Atropelamento de Pedestre,Com Vítimas Feridas,Pleno dia,Crescente,Céu Claro,Dupla,Reta,Sim,2,0,1,1,0,0,2,2,-27.0899537,-48.61530662,SPRF-SC,DEL04-SC,UOP03-DEL04-SC,2025
"721062,0",2025-09-26,sexta-feira,19:15:00,SC,280,"24,0",ARAQUARI,Desrespeitar a preferência no cruzamento,Colisão transversal,Com Vítimas Feridas,Plena Noite,Crescente,Nublado,Simples,Reta,Sim,2,0,1,0,1,0,1,2,-26.376802,-48.71887,SPRF-SC,DEL03-SC,UOP03-DEL03-SC,2025
"721064,0",2025-09-26,sexta-feira,12:35:00,SC,163,"70,4",SAO MIGUEL DO OESTE,Reação tardia ou ineficiente do condutor,Colisão traseira,Com Vítimas Feridas,Pleno dia,Crescente,Céu Claro,Dupla,Curva;Interseção de Vias,Sim,2,0,1,0,1,0,1,2,-26.73260299,-53.50988595,SPRF-SC,DEL07-SC,UOP03-DEL07-SC,2025
"721069,0",2025-09-26,sexta-feira,15:50:00,SC,282,"617,0",IRACEMINHA,Condutor usando celular,Colisão traseira,Com Vítimas Feridas,Pleno dia,Crescente,Sol,Simples,Reta,Não,2,0,1,0,1,0,1,2,-26.7887025,-53.2936293,SPRF-SC,DEL07-SC,UOP02-DEL07-SC,2025
"721082,0",2025-09-26,sexta-feira,19:30:00,SC,101,"125,9",ITAJAI,Trafegar com motocicleta (ou similar) entre as faixas,Colisão lateral mesmo sentido,Com Vítimas Feridas,Plena Noite,Decrescente,Nublado,Dupla,Reta;Aclive,Sim,3,0,1,0,2,0,1,3,-26.95529524,-48.67968708,SPRF-SC,DEL04-SC,UOP04-DEL04-SC,2025
"721096,0",2025-09-26,sexta-feira,21:00:00,SC,101,"322,9",TUBARAO,Participar de racha,Colisão lateral mesmo sentido,Com Vítimas Feridas,Plena Noite,Crescente,Garoa/Chuvisco,Dupla,Reta,Não,2,0,2,0,0,0,2,2,-28.539902,-49.053291,SPRF-SC,DEL02-SC,UOP01-DEL02-SC,2025
"721105,0",2025-09-26,sexta-feira,22:00:00,SC,280,"129,6",RIO NEGRINHO,Acessar a via sem observar a presença dos outros veículos,Colisão transversal,Com Vítimas Feridas,Plena Noite,Crescente,Garoa/Chuvisco,Simples,Declive;Reta,Sim,2,0,2,0,0,0,2,2,-26.25033,-49.52658,SPRF-SC,DEL06-SC,UOP03-DEL06-SC,2025
"721114,0",2025-09-26,sexta-feira,23:30:00,SC,101,"91,0",BARRA VELHA,Transitar na contramão,Colisão frontal,Com Vítimas Feridas,Plena Noite,Crescente,Nublado,Simples,Reta,Sim,2,0,1,0,1,0,1,2,-26.66811643,-48.6901602,SPRF-SC,DEL03-SC,UOP02-DEL03-SC,2025
"721137,0",2025-09-27,sábado,03:55:00,SC,470,"86,9",RODEIO,Ausência de reação do condutor,Colisão com objeto,Com Vítimas Feridas,Plena Noite,Decrescente,Nublado,Simples,Ponte;Curva,Não,1,0,0,1,0,0,1,1,-26.94797881,-49.36569214,SPRF-SC,DEL04-SC,UOP01-DEL04-SC,2025
"721164,0",2025-09-26,sexta-feira,22:00:00,SC,101,"145,0",ITAPEMA,Ausência de reação do condutor,Colisão com objeto,Sem Vítimas,Plena Noite,Decrescente,Céu Claro,Dupla,Túnel,Não,1,0,0,0,1,0,0,1,-27.08462963,-48.60539183,SPRF-SC,DEL04-SC,UOP03-DEL04-SC,2025
"721176,0",2025-09-27,sábado,08:00:00,SC,101,"130,0",CAMBORIU,Condutor deixou de manter distância do veículo da frente,Colisão lateral mesmo sentido,Com Vítimas Feridas,Pleno dia,Decrescente,Céu Claro,Múltipla,Reta,Sim,2,0,0,1,1,0,1,2,-26.9932382,-48.66115093,SPRF-SC,DEL04-SC,UOP03-DEL04-SC,2025
"721179,0",2025-09-27,sábado,08:40:00,SC,280,"58,0",GUARAMIRIM,Velocidade Incompatível,Colisão com objeto,Com Vítimas Feridas,Pleno dia,Decrescente,Chuva,Dupla,Rotatória,Sim,2,0,1,1,0,0,2,1,-26.4743417,-49.0205355,SPRF-SC,DEL03-SC,UOP03-DEL03-SC,2025
"721192,0",2025-09-27,sábado,08:30:00,SC,101,"77,5",ARAQUARI,Chuva,Tombamento,Com Vítimas Feridas,Pleno dia,Crescente,Chuva,Dupla,Reta,Não,1,0,1,0,0,0,1,1,-26.57563182,-48.72333527,SPRF-SC,DEL03-SC,UOP02-DEL03-SC,2025
"721195,0",2025-09-27,sábado,10:00:00,SC,101,"115,0",ITAJAI,Reação tardia ou ineficiente do condutor,Saída de leito carroçável,Com Vítimas Feridas,Pleno dia,Decrescente,Garoa/Chuvisco,Múltipla,Reta,Sim,2,0,2,0,0,0,2,1,-26.87633659,-48.7268995,SPRF-SC,DEL04-SC,UOP04-DEL04-SC,2025
"721211,0",2025-09-27,sábado,09:45:00,SC,163,"72,1",SAO MIGUEL DO OESTE,Reação tardia ou ineficiente do condutor,Colisão traseira,Com Vítimas Feridas,Pleno dia,Crescente,Céu Claro,Dupla,Reta;Interseção de Vias,Sim,3,0,1,0,0,2,1,3,-26.7184546,-53.51601362,SPRF-SC,DEL07-SC,UOP03-DEL07-SC,2025
"721231,0",2025-09-27,sábado,13:00:00,SC,101,"120,0",ITAJAI,Curva acentuada,Tombamento,Com Vítimas Feridas,Pleno dia,Crescente,Nublado,Múltipla,Curva;Retorno Regulamentado,Sim,3,0,3,0,0,0,3,2,-26.91971484,-48.71019714,SPRF-SC,DEL04-SC,UOP04-DEL04-SC,2025
"721234,0",2025-09-27,sábado,13:10:00,SC,282,"671,5",PARAISO,Demais falhas mecânicas ou elétricas,Incêndio,Sem Vítimas,Pleno dia,Crescente,Céu Claro,Simples,Curva,Não,3,0,0,0,3,0,0,1,-26.6199746,-53.65319073,SPRF-SC,DEL07-SC,UOP03-DEL07-SC,2025
"721242,0",2025-09-27,sábado,14:10:00,SC,280,"55,0",GUARAMIRIM,Velocidade Incompatível,Colisão com objeto,Com Vítimas Feridas,Pleno dia,Decrescente,Nublado,Dupla,Reta,Não,3,0,1,0,2,0,1,1,-26.47555217,-48.98981659,SPRF-SC,DEL03-SC,UOP03-DEL03-SC,2025
"721269,0",2025-09-27,sábado,14:55:00,SC,282,"542,3",CHAPECO,Condutor Dormindo,Saída de leito carroçável,Com Vítimas Feridas,Pleno dia,Decrescente,Céu Claro,Simples,Curva,Não,1,0,1,0,0,0,1,1,-27.00139886,-52.70787457,SPRF-SC,DEL07-SC,UOP01-DEL07-SC,2025
"721280,0",2025-09-27,sábado,15:18:00,SC,101,"92,3",BARRA VELHA,Conversão proibida,Colisão transversal,Com Vítimas Feridas,Pleno dia,Crescente,Nublado,Dupla,Reta;Interseção de Vias,Não,2,0,1,0,1,0,1,2,-26.69149581,-48.69732245,SPRF-SC,DEL03-SC,UOP02-DEL03-SC,2025