id,data_inversa,dia_semana,horario,uf,br,km,municipio,causa_acidente,tipo_acidente,classificacao_acidente,fase_dia,sentido_via,condicao_metereologica,tipo_pista,tracado_via,uso_solo,pessoas,mortos,feridos_leves,feridos_graves,ilesos,ignorados,feridos,veiculos,latitude,longitude,regional,delegacia,uop,ano_arquivo
"721334,0",2025-09-27,sábado,21:40:00,SC,280,"130,6",RIO NEGRINHO,Desrespeitar a preferência no cruzamento,Colisão lateral mesmo sentido,Com Vítimas Feridas,Plena Noite,Decrescente,Céu Claro,Simples,Reta;Aclive,Sim,2,0,1,0,1,0,1,2,-26.254119,-49.534784,SPRF-SC,DEL06-SC,UOP03-DEL06-SC,2025
"721356,0",2025-09-28,domingo,01:00:00,SC,280,"58,1",GUARAMIRIM,Área urbana sem a presença de local apropriado para a travessia de pedestres,Atropelamento de Pedestre,Com Vítimas Feridas,Plena Noite,Crescente,Garoa/Chuvisco,Dupla,Curva,Sim,2,0,1,1,0,0,2,2,-26.4741486,-49.02239429,SPRF-SC,DEL03-SC,UOP03-DEL03-SC,2025
"721360,0",2025-09-28,domingo,01:40:00,SC,101,"210,1",SAO JOSE,Reação tardia ou ineficiente do condutor,Colisão traseira,Com Vítimas Feridas,Plena Noite,Decrescente,Nublado,Múltipla,Reta,Sim,3,0,0,1,2,0,1,2,-27.61799,-48.64669,SPRF-SC,DEL01-SC,UOP01-DEL01-SC,2025
"721361,0",2025-09-28,domingo,00:55:00,SC,282,"539,9",CHAPECO,Demais falhas mecânicas ou elétricas,Incêndio,Sem Vítimas,Plena Noite,Decrescente,Chuva,Simples,Curva,Não,1,0,0,0,1,0,0,1,-26.99255,-52.68861,SPRF-SC,DEL07-SC,UOP01-DEL07-SC,2025
"721380,0",2025-09-28,domingo,04:35:00,SC,163,"82,6",GUARACIABA,Ingestão de álcool pelo condutor,Saída de leito carroçável,Com Vítimas Feridas,Plena Noite,Crescente,Chuva,Simples,Curva,Não,1,0,1,0,0,0,1,1,-26.62624531,-53.5158205,SPRF-SC,DEL07-SC,UOP03-DEL07-SC,2025
"721382,0",2025-09-28,domingo,04:30:00,SC,101,"210,0",SAO JOSE,Reação tardia ou ineficiente do condutor,Saída de leito carroçável,Com Vítimas Feridas,Amanhecer,Decrescente,Garoa/Chuvisco,Múltipla,Reta,Sim,2,0,2,0,0,0,2,1,-27.621,-48.649,SPRF-SC,DEL01-SC,UOP01-DEL01-SC,2025
"721388,0",2025-09-28,domingo,05:40:00,SC,282,"535,2",CHAPECO,Condutor Dormindo,Colisão com objeto,Sem Vítimas,Plena Noite,Crescente,Garoa/Chuvisco,Simples,Rotatória,Sim,1,0,0,0,1,0,0,1,-26.99911901,-52.64541912,SPRF-SC,DEL07-SC,UOP01-DEL07-SC,2025
"721389,0",2025-09-27,sábado,06:00:00,SC,282,"586,8",PINHALZINHO,Velocidade Incompatível,Colisão frontal,Com Vítimas Fatais,Amanhecer,Crescente,Céu Claro,Simples,Em Obras;Curva,Não,5,2,0,3,0,0,3,2,-26.830649,-53.0440577,SPRF-SC,DEL07-SC,UOP02-DEL07-SC,2025
"721403,0",2025-09-28,domingo,06:00:00,SC,101,"118,0",ITAJAI,Reação tardia ou ineficiente do condutor,Colisão com objeto,Com Vítimas Feridas,Amanhecer,Decrescente,Céu Claro,Dupla,Reta,Sim,2,0,0,2,0,0,2,1,-26.89270132,-48.72019625,SPRF-SC,DEL04-SC,UOP04-DEL04-SC,2025
"721465,0",2025-09-28,domingo,14:14:00,SC,282,"333,1",CAMPOS NOVOS,Acessar a via sem observar a presença dos outros veículos,Colisão transversal,Com Vítimas Feridas,Pleno dia,Crescente,Nublado,Simples,Reta;Declive,Não,4,0,2,0,2,0,2,2,-27.392521,-51.135965,SPRF-SC,DEL07-SC,UOP06-DEL07-SC,2025
"721470,0",2025-09-28,domingo,15:20:00,SC,101,"38,3",JOINVILLE,Desrespeitar a preferência no cruzamento,Colisão transversal,Com Vítimas Feridas,Pleno dia,Decrescente,Nublado,Simples,Rotatória;Interseção de Vias,Sim,4,0,1,0,3,0,1,2,-26.29687772,-48.88375282,SPRF-SC,DEL03-SC,UOP01-DEL03-SC,2025
"721487,0",2025-09-28,domingo,12:10:00,SC,280,"107,3",SAO BENTO DO SUL,Reação tardia ou ineficiente do condutor,Saída de leito carroçável,Sem Vítimas,Pleno dia,Decrescente,Garoa/Chuvisco,Simples,Curva;Aclive,Não,1,0,0,0,0,1,0,1,-26.337887,-49.377868,SPRF-SC,DEL06-SC,UOP03-DEL06-SC,2025
"721513,0",2025-09-28,domingo,19:00:00,SC,101,"426,6",SOMBRIO,Conversão proibida,Colisão frontal,Com Vítimas Feridas,Plena Noite,Decrescente,Nublado,Múltipla,Reta,Não,2,0,1,1,0,0,2,2,-29.0362299,-49.6083973,SPRF-SC,DEL02-SC,UOP02-DEL02-SC,2025
"721580,0",2025-09-29,segunda-feira,02:05:00,SC,282,"214,9",LAGES,Ingestão de álcool pelo condutor,Colisão com objeto,Sem Vítimas,Plena Noite,Crescente,Nevoeiro/Neblina,Simples,Rotatória,Sim,2,0,0,0,0,2,0,2,-27.79462938,-50.28399467,SPRF-SC,DEL05-SC,UOP01-DEL05-SC,2025
"721582,0",2025-09-29,segunda-feira,00:20:00,SC,101,"128,6",CAMBORIU,Reação tardia ou ineficiente do condutor,Colisão com objeto,Sem Vítimas,Plena Noite,Crescente,Céu Claro,Múltipla,Curva,Sim,2,0,0,0,1,1,0,1,-26.97713078,-48.68239403,SPRF-SC,DEL04-SC,UOP03-DEL04-SC,2025
"721597,0",2025-09-29,segunda-feira,06:30:00,SC,101,"205,7",SAO JOSE,Trafegar com motocicleta (ou similar) entre as faixas,Tombamento,Com Vítimas Feridas,Pleno dia,Decrescente,Céu Claro,Múltipla,Reta,Sim,1,0,1,0,0,0,1,1,-27.590016,-48.6175,SPRF-SC,DEL01-SC,UOP01-DEL01-SC,2025
"721614,0",2025-09-29,segunda-feira,07:45:00,SC,282,"217,5",LAGES,Ausência de reação do condutor,Colisão com objeto,Sem Vítimas,Pleno dia,Crescente,Nevoeiro/Neblina,Dupla,Reta,Sim,1,0,0,0,0,1,0,1,-27.79837769,-50.30407308,SPRF-SC,DEL05-SC,UOP01-DEL05-SC,2025
"721621,0",2025-09-29,segunda-feira,08:05:00,SC,101,"56,0",JOINVILLE,Manobra de mudança de faixa,Colisão com objeto,Com Vítimas Feridas,Pleno dia,Crescente,Céu Claro,Dupla,Reta,Não,1,0,1,0,0,0,1,1,-26.42876856,-48.82616043,SPRF-SC,DEL03-SC,UOP01-DEL03-SC,2025
"721643,0",2025-09-01,segunda-feira,07:48:00,SC,101,"336,0",TUBARAO,Manobra de mudança de faixa,Colisão traseira,Com Vítimas Feridas,Pleno dia,Crescente,Nublado,Múltipla,Aclive,Sim,4,0,1,0,2,1,1,3,-28.486413,-49.038202,SPRF-SC,DEL02-SC,UOP01-DEL02-SC,2025
"721663,0",2025-09-29,segunda-feira,13:20:00,SC,101,"193,0",BIGUACU,Ingestão de álcool pelo condutor,Colisão traseira,Com Vítimas Feridas,Pleno dia,Crescente,Céu Claro,Múltipla,Reta,Sim,2,0,1,0,1,0,1,2,-27.49142,-48.65666,SPRF-SC,DEL01-SC,UOP01-DEL01-SC,2025
"721665,0",2025-09-29,segunda-feira,13:00:00,SC,282,"16,0",PALHOCA,Acessar a via sem observar a presença dos outros veículos,Colisão transversal,Com Vítimas Feridas,Pleno dia,Crescente,Céu Claro,Simples,Reta,Não,4,0,2,0,2,0,2,3,-27.66298391,-48.68539207,SPRF-SC,DEL01-SC,UOP02-DEL01-SC,2025
"721668,0",2025-09-29,segunda-feira,08:50:00,SC,470,"208,8",SAO CRISTOVAO DO SUL,Avarias e/ou desgaste excessivo no pneu,Saída de leito carroçável,Com Vítimas Feridas,Pleno dia,Decrescente,Céu Claro,Simples,Reta,Não,2,0,1,0,1,0,1,1,-27.29646,-50.21222,SPRF-SC,DEL05-SC,UOP03-DEL05-SC,2025
"721672,0",2025-09-29,segunda-feira,10:35:00,SC,282,"519,8",XAXIM,Entrada inopinada do pedestre,Atropelamento de Pedestre,Com Vítimas Feridas,Plena Noite,Decrescente,Sol,Simples,Curva,Sim,2,0,0,1,1,0,1,2,-26.9503237,-52.5228875,SPRF-SC,DEL07-SC,UOP01-DEL07-SC,2025
"721673,0",2025-09-29,segunda-feira,11:00:00,SC,282,"476,3",VARGEAO,Acessar a via sem observar a presença dos outros veículos,Colisão transversal,Com Vítimas Feridas,Pleno dia,Decrescente,Céu Claro,Simples,Reta,Não,5,0,3,0,2,0,3,2,-26.88303357,-52.1708107,SPRF-SC,DEL07-SC,UOP01-DEL07-SC,2025
"721675,0",2025-09-29,segunda-feira,13:00:00,SC,101,"338,0",TUBARAO,Demais falhas mecânicas ou elétricas,Tombamento,Com Vítimas Feridas,Pleno dia,Decrescente,Céu Claro,Múltipla,Reta,Não,2,0,2,0,0,0,2,1,-28.494398,-49.042751,SPRF-SC,DEL02-SC,UOP01-DEL02-SC,2025
"721676,0",2025-05-13,terça-feira,06:40:00,SC,101,"416,3",ARARANGUA,Desrespeitar a preferência no cruzamento,Colisão frontal,Com Vítimas Fatais,Amanhecer,Crescente,Céu Claro,Simples,Reta,Sim,2,1,0,0,1,0,0,2,-28.97451369,-49.53134229,SPRF-SC,DEL02-SC,UOP02-DEL02-SC,2025
"721677,0",2025-09-29,segunda-feira,14:00:00,SC,101,"229,0",PALHOCA,Condutor deixou de manter distância do veículo da frente,Colisão traseira,Sem Vítimas,Pleno dia,Crescente,Céu Claro,Múltipla,Reta,Não,2,0,0,0,2,0,0,2,-27.76506139,-48.63112561,SPRF-SC,DEL01-SC,UOP02-DEL01-SC,2025
"721681,0",2025-09-29,segunda-feira,14:10:00,SC,101,"202,0",SAO JOSE,Reação tardia ou ineficiente do condutor,Colisão lateral mesmo sentido,Com Vítimas Feridas,Pleno dia,Crescente,Céu Claro,Dupla,Rotatória;Interseção de Vias;Viaduto;Retorno Regulamentado,Sim,2,0,0,1,1,0,1,2,-27.56576083,-48.61473799,SPRF-SC,DEL01-SC,UOP01-DEL01-SC,2025
"721687,0",2025-09-29,segunda-feira,14:05:00,SC,101,"42,1",JOINVILLE,Estacionar ou parar em local proibido,Colisão traseira,Com Vítimas Feridas,Pleno dia,Decrescente,Céu Claro,Dupla,Reta,Sim,2,0,1,0,1,0,1,2,-26.32572442,-48.86598436,SPRF-SC,DEL03-SC,UOP01-DEL03-SC,2025
"721705,0",2025-09-29,segunda-feira,15:30:00,SC,101,"207,5",SAO JOSE,Reação tardia ou ineficiente do condutor,Engavetamento,Com Vítimas Feridas,Pleno dia,Decrescente,Céu Claro,Múltipla,Declive,Sim,4,0,1,0,3,0,1,4,-27.601883,-48.627393,SPRF-SC,DEL01-SC,UOP01-DEL01-SC,2025
"721723,0",2025-09-29,segunda-feira,17:20:00,SC,101,"203,9",SAO JOSE,Reação tardia ou ineficiente do condutor,Colisão traseira,Com Vítimas Feridas,Pleno dia,Crescente,Céu Claro,Múltipla,Reta,Sim,2,0,1,0,1,0,1,2,-27.574181,-48.613379,SPRF-SC,DEL01-SC,UOP01-DEL01-SC,2025
"721731,0",2025-09-29,segunda-feira,17:05:00,SC,101,"117,7",ITAJAI,Ausência de reação do condutor,Tombamento,Com Vítimas Feridas,Pleno dia,Decrescente,Céu Claro,Dupla,Reta,Não,2,0,2,0,0,0,2,1,-26.89163522,-48.72071441,SPRF-SC,DEL04-SC,UOP04-DEL04-SC,2025
"721732,0",2025-09-29,segunda-feira,18:00:00,SC,101,"228,1",PALHOCA,Retorno proibido,Colisão lateral mesmo sentido,Com Vítimas Feridas,Anoitecer,Decrescente,Céu Claro,Múltipla,Reta,Sim,2,0,1,0,1,0,1,2,-27.758938,-48.630677,SPRF-SC,DEL01-SC,UOP02-DEL01-SC,2025
"721744,0",2025-09-29,segunda-feira,18:05:00,SC,101,"205,0",SAO JOSE,Condutor deixou de manter distância do veículo da frente,Colisão lateral mesmo sentido,Com Vítimas Feridas,Plena Noite,Crescente,Céu Claro,Múltipla,Interseção de Vias,Não,2,0,1,0,1,0,1,2,-27.583607,-48.615435,SPRF-SC,DEL01-SC,UOP01-DEL01-SC,2025
"721761,0",2025-09-29,segunda-feira,14:30:00,SC,280,"167,0",MAFRA,Acessar a via sem observar a presença dos outros veículos,Colisão transversal,Com Vítimas Feridas,Pleno dia,Decrescente,Céu Claro,Simples,Reta,Não,2,0,1,0,1,0,1,2,-26.16673999,-49.81865136,SPRF-SC,DEL06-SC,UOP01-DEL06-SC,2025
"721763,0",2025-09-29,segunda-feira,20:00:00,SC,282,"19,0",PALHOCA,Condutor deixou de manter distância do veículo da frente,Colisão traseira,Com Vítimas Feridas,Plena Noite,Crescente,Céu Claro,Simples,Reta,Não,2,0,2,0,0,0,2,2,-27.68648186,-48.71320423,SPRF-SC,DEL01-SC,UOP02-DEL01-SC,2025
"721764,0",2025-09-29,segunda-feira,19:20:00,SC,470,"132,7",RIO DO SUL,Animais na Pista,Atropelamento de Animal,Com Vítimas Feridas,Plena Noite,Crescente,Ignorado,Simples,Reta,Não,1,0,1,0,0,0,1,1,-27.172286,-49.581129,SPRF-SC,DEL04-SC,UOP02-DEL04-SC,2025
"721785,0",2025-09-29,segunda-feira,22:20:00,SC,101,"204,0",SAO JOSE,Ausência de reação do condutor,Colisão com objeto,Com Vítimas Feridas,Plena Noite,Decrescente,Céu Claro,Múltipla,Reta,Sim,2,0,1,0,1,0,1,1,-27.57558283,-48.61364055,SPRF-SC,DEL01-SC,UOP01-DEL01-SC,2025
"721839,0",2025-09-30,terça-feira,08:30:00,SC,101,"129,0",BALNEARIO CAMBORIU,Manobra de mudança de faixa,Colisão lateral mesmo sentido,Com Vítimas Feridas,Pleno dia,Decrescente,Nublado,Dupla,Curva,Não,3,0,2,0,1,0,2,2,-26.98180815,-48.67548315,SPRF-SC,DEL04-SC,UOP03-DEL04-SC,2025
"721851,0",2025-09-30,terça-feira,17:45:00,SC,101,"157,0",PORTO BELO,Condutor deixou de manter distância do veículo da frente,Tombamento,Com Vítimas Feridas,Pleno dia,Crescente,Garoa/Chuvisco,Múltipla,Reta,Sim,1,0,1,0,0,0,1,1,-27.18503447,-48.61267654,SPRF-SC,DEL04-SC,UOP03-DEL04-SC,2025
"721896,0",2025-09-30,terça-feira,16:00:00,SC,101,"95,3",BARRA VELHA,Avarias e/ou desgaste excessivo no pneu,Tombamento,Com Vítimas Feridas,Pleno dia,Decrescente,Nublado,Dupla,Reta;Aclive,Não,1,0,1,0,0,0,1,1,-26.71932383,-48.70216576,SPRF-SC,DEL03-SC,UOP02-DEL03-SC,2025
"721904,0",2025-09-30,terça-feira,16:30:00,SC,280,"28,0",ARAQUARI,Trafegar com motocicleta (ou similar) entre as faixas,Colisão transversal,Com Vítimas Feridas,Pleno dia,Decrescente,Nublado,Simples,Reta;Em Obras,Sim,3,0,1,0,2,0,1,3,-26.40484328,-48.74587655,SPRF-SC,DEL03-SC,UOP03-DEL03-SC,2025
"721914,0",2025-09-28,domingo,13:50:00,SC,282,"513,5",XAXIM,Ingestão de álcool pelo condutor,Colisão lateral sentido oposto,Sem Vítimas,Pleno dia,Decrescente,Céu Claro,Simples,Declive;Reta,Não,3,0,0,0,3,0,0,2,-26.91513529,-52.48273999,SPRF-SC,DEL07-SC,UOP01-DEL07-SC,2025
"721925,0",2025-09-30,terça-feira,17:30:00,SC,282,"2,9",FLORIANOPOLIS,Trafegar com motocicleta (ou similar) entre as faixas,Colisão lateral mesmo sentido,Com Vítimas Feridas,Plena Noite,Crescente,Chuva,Múltipla,Reta,Sim,2,0,1,0,1,0,1,2,-27.602856,-48.5926306,SPRF-SC,DEL01-SC,UOP01-DEL01-SC,2025
"721935,0",2025-09-30,terça-feira,18:30:00,SC,101,"39,0",JOINVILLE,Trafegar com motocicleta (ou similar) entre as faixas,Tombamento,Com Vítimas Feridas,Plena Noite,Crescente,Chuva,Múltipla,Reta,Não,1,0,1,0,0,0,1,1,-26.30437466,-48.88175575,SPRF-SC,DEL03-SC,UOP01-DEL03-SC,2025
"721937,0",2025-09-30,terça-feira,17:25:00,SC,101,"191,0",BIGUACU,Chuva,Colisão com objeto,Com Vítimas Feridas,Pleno dia,Decrescente,Chuva,Dupla,Curva,Sim,2,0,1,0,1,0,1,2,-27.47679,-48.64066,SPRF-SC,DEL01-SC,UOP01-DEL01-SC,2025
"721949,0",2025-09-30,terça-feira,20:05:00,SC,101,"209,9",SAO JOSE,Frear bruscamente,Colisão lateral mesmo sentido,Com Vítimas Feridas,Plena Noite,Crescente,Chuva,Múltipla,Reta,Sim,3,0,2,0,1,0,2,2,-27.61182434,-48.6398837,SPRF-SC,DEL01-SC,UOP01-DEL01-SC,2025
"721961,0",2025-09-30,terça-feira,21:45:00,SC,101,"6,0",BIGUACU,Objeto estático sobre o leito carroçável,Queda de ocupante de veículo,Com Vítimas Feridas,Plena Noite,Crescente,Chuva,Dupla,Reta,Não,1,0,1,0,0,0,1,1,-27.380833,-48.684267,SPRF-SC,DEL01-SC,UOP01-DEL01-SC,2025
"721983,0",2025-10-01,quarta-feira,04:20:00,SC,470,"34,7",GASPAR,Ausência de reação do condutor,Saída de leito carroçável,Com Vítimas Feridas,Plena Noite,Crescente,Nublado,Simples,Desvio Temporário;Reta,Sim,1,0,1,0,0,0,1,1,-26.91220686,-48.95659089,SPRF-SC,DEL04-SC,UOP01-DEL04-SC,2025
"722005,0",2025-10-01,quarta-feira,08:15:00,SC,101,"223,9",PALHOCA,Manobra de mudança de faixa,Colisão lateral mesmo sentido,Com Vítimas Feridas,Pleno dia,Crescente,Nublado,Dupla,Reta,Não,4,0,1,0,2,1,1,4,-27.72402,-48.643918,SPRF-SC,DEL01-SC,UOP02-DEL01-SC,2025
"722034,0",2025-10-01,quarta-feira,11:00:00,SC,101,"227,7",PALHOCA,Ingestão de álcool pelo condutor,Colisão frontal,Sem Vítimas,Pleno dia,Crescente,Nublado,Simples,Reta,Não,2,0,0,0,2,0,0,2,-27.75530585,-48.63212427,SPRF-SC,DEL01-SC,UOP02-DEL01-SC,2025
"722069,0",2025-09-11,quinta-feira,07:50:00,SC,101,"204,0",SAO JOSE,Manobra de mudança de faixa,Colisão lateral mesmo sentido,Com Vítimas Feridas,Pleno dia,Crescente,Céu Claro,Múltipla,Reta,Sim,2,0,1,0,1,0,1,2,-27.58225,-48.61489,SPRF-SC,DEL01-SC,UOP01-DEL01-SC,2025
"722071,0",2025-10-01,quarta-feira,15:50:00,SC,101,"315,0",LAGUNA,Ausência de reação do condutor,Colisão com objeto,Com Vítimas Feridas,Pleno dia,Decrescente,Nublado,Múltipla,Reta,Sim,1,0,1,0,0,0,1,1,-28.4121,-48.7811,SPRF-SC,DEL02-SC,UOP01-DEL02-SC,2025
"722088,0",2025-10-01,quarta-feira,17:25:00,SC,101,"197,0",BIGUACU,Reação tardia ou ineficiente do condutor,Colisão lateral mesmo sentido,Com Vítimas Feridas,Anoitecer,Decrescente,Nublado,Dupla,Curva,Sim,2,0,1,0,1,0,1,2,-27.519,-48.638,SPRF-SC,DEL01-SC,UOP01-DEL01-SC,2025
"722106,0",2025-10-01,quarta-feira,18:40:00,SC,101,"119,0",ITAJAI,Reação tardia ou ineficiente do condutor,Tombamento,Com Vítimas Feridas,Plena Noite,Decrescente,Céu Claro,Simples,Reta,Sim,2,0,1,0,1,0,1,1,-26.91110466,-48.71277809,SPRF-SC,DEL04-SC,UOP04-DEL04-SC,2025
"722114,0",2025-10-01,quarta-feira,17:40:00,SC,470,"128,0",LONTRAS,Conversão proibida,Colisão transversal,Com Vítimas Feridas,Pleno dia,Decrescente,Nublado,Simples,Reta,Não,2,0,1,0,1,0,1,2,-27.13423665,-49.54057217,SPRF-SC,DEL04-SC,UOP02-DEL04-SC,2025
"722132,0",2025-10-01,quarta-feira,18:20:00,SC,101,"197,0",BIGUACU,Ausência de reação do condutor,Tombamento,Com Vítimas Feridas,Anoitecer,Crescente,Nublado,Múltipla,Reta,Sim,1,0,1,0,0,0,1,1,-27.51920372,-48.63799509,SPRF-SC,DEL01-SC,UOP01-DEL01-SC,2025
"722158,0",2025-10-02,quinta-feira,00:30:00,SC,280,"29,6",ARAQUARI,Manobra de mudança de faixa,Saída de leito carroçável,Com Vítimas Feridas,Plena Noite,Crescente,Nublado,Simples,Reta,Sim,1,0,0,1,0,0,1,1,-26.41154521,-48.75399089,SPRF-SC,DEL03-SC,UOP03-DEL03-SC,2025
"722168,0",2025-10-02,quinta-feira,03:30:00,SC,101,"460,0",PASSO DE TORRES,Ausência de reação do condutor,Colisão com objeto,Com Vítimas Feridas,Plena Noite,Crescente,Garoa/Chuvisco,Dupla,Rotatória,Não,1,0,0,1,0,0,1,1,-29.26640222,-49.75568265,SPRF-RS,DEL03-RS,UOP02-DEL03-RS,2025
"722180,0",2025-10-02,quinta-feira,06:10:00,SC,282,"218,3",LAGES,Ausência de reação do condutor,Colisão traseira,Com Vítimas Feridas,Pleno dia,Crescente,Nublado,Dupla,Aclive;Reta,Sim,2,0,1,0,1,0,1,2,-27.797347,-50.311967,SPRF-SC,DEL05-SC,UOP01-DEL05-SC,2025
"722191,0",2025-06-06,sexta-feira,17:30:00,SC,282,"1,0",FLORIANOPOLIS,Condutor deixou de manter distância do veículo da frente,Colisão traseira,Com Vítimas Feridas,Plena Noite,Crescente,Ignorado,Múltipla,Declive;Reta,Não,3,0,0,1,0,2,1,3,-27.59998988,-48.57679749,SPRF-SC,DEL01-SC,UOP01-DEL01-SC,2025
"722194,0",2025-10-02,quinta-feira,08:00:00,SC,101,"123,0",ITAJAI,Reação tardia ou ineficiente do condutor,Tombamento,Com Vítimas Feridas,Pleno dia,Crescente,Céu Claro,Múltipla,Reta,Sim,1,0,1,0,0,0,1,1,-26.93591931,-48.69958913,SPRF-SC,DEL04-SC,UOP04-DEL04-SC,2025
"722203,0",2025-10-02,quinta-feira,08:05:00,SC,101,"163,0",TIJUCAS,Ausência de reação do condutor,Saída de leito carroçável,Com Vítimas Feridas,Pleno dia,Crescente,Chuva,Dupla,Curva,Não,1,0,1,0,0,0,1,1,-27.23263163,-48.63028876,SPRF-SC,DEL04-SC,UOP03-DEL04-SC,2025
"722216,0",2025-10-02,quinta-feira,09:12:00,SC,101,"123,0",ITAJAI,Manobra de mudança de faixa,Colisão lateral mesmo sentido,Sem Vítimas,Pleno dia,Crescente,Céu Claro,Múltipla,Reta,Sim,2,0,0,0,2,0,0,2,-26.94541977,-48.68891421,SPRF-SC,DEL04-SC,UOP04-DEL04-SC,2025
"722247,0",2025-10-02,quinta-feira,07:30:00,SC,163,"2,0",DIONISIO CERQUEIRA,Mal súbito do condutor,Saída de leito carroçável,Com Vítimas Feridas,Pleno dia,Crescente,Céu Claro,Simples,Reta,Sim,23,0,6,0,17,0,6,1,-26.26546913,-53.62509894,SPRF-SC,DEL07-SC,UOP03-DEL07-SC,2025
"722251,0",2025-10-02,quinta-feira,12:00:00,SC,470,"56,0",BLUMENAU,Transitar na contramão,Colisão transversal,Com Vítimas Feridas,Pleno dia,Decrescente,Nublado,Dupla,Reta,Sim,2,0,1,0,1,0,1,2,-26.862736,-49.0919069,SPRF-SC,DEL04-SC,UOP01-DEL04-SC,2025
"722262,0",2025-10-02,quinta-feira,14:45:00,SC,101,"201,1",SAO JOSE,Condutor deixou de manter distância do veículo da frente,Colisão traseira,Com Vítimas Feridas,Pleno dia,Crescente,Chuva,Dupla,Reta,Sim,2,0,1,0,1,0,1,2,-27.5505847,-48.61986486,SPRF-SC,DEL01-SC,UOP01-DEL01-SC,2025
"722270,0",2025-10-02,quinta-feira,14:24:00,SC,282,"35,5",AGUAS MORNAS,Velocidade Incompatível,Saída de leito carroçável,Com Vítimas Feridas,Pleno dia,Decrescente,Chuva,Simples,Curva,Sim,1,0,1,0,0,0,1,1,-27.70314,-48.830642,SPRF-SC,DEL01-SC,UOP03-DEL01-SC,2025
"722274,0",2025-09-28,domingo,19:15:00,SC,282,"568,4",NOVA ERECHIM,Pedestre cruzava a pista fora da faixa,Atropelamento de Pedestre,Com Vítimas Feridas,Plena Noite,Decrescente,Céu Claro,Simples,Reta,Não,2,0,0,1,1,0,1,2,-26.90451913,-52.90762994,SPRF-SC,DEL07-SC,UOP02-DEL07-SC,2025
"722276,0",2025-10-02,quinta-feira,12:10:00,SC,101,"419,6",ARARANGUA,Ausência de reação do condutor,Tombamento,Com Vítimas Feridas,Pleno dia,Decrescente,Céu Claro,Dupla,Reta,Sim,1,0,0,1,0,0,1,1,-28.9910551,-49.5477144,SPRF-SC,DEL02-SC,UOP02-DEL02-SC,2025
"722287,0",2025-10-02,quinta-feira,16:00:00,SC,101,"187,0",BIGUACU,Demais falhas mecânicas ou elétricas,Colisão frontal,Com Vítimas Feridas,Pleno dia,Decrescente,Garoa/Chuvisco,Dupla,Curva;Aclive,Não,3,0,1,0,2,0,1,2,-27.47071314,-48.64129199,SPRF-SC,DEL01-SC,UOP01-DEL01-SC,2025
"722297,0",2025-10-02,quinta-feira,18:15:00,SC,101,"204,5",SAO JOSE,Condutor deixou de manter distância do veículo da frente,Colisão traseira,Com Vítimas Feridas,Pleno dia,Decrescente,Chuva,Múltipla,Reta,Sim,3,0,1,0,0,2,1,3,-27.579202,-48.613643,SPRF-SC,DEL01-SC,UOP01-DEL01-SC,2025
"722310,0",2025-10-01,quarta-feira,16:30:00,SC,282,"533,9",CORDILHEIRA ALTA,Ausência de reação do condutor,Saída de leito carroçável,Sem Vítimas,Pleno dia,Crescente,Nublado,Simples,Reta;Declive,Não,1,0,0,0,0,1,0,1,-26.99693265,-52.63225643,SPRF-SC,DEL07-SC,UOP01-DEL07-SC,2025
"722318,0",2025-10-02,quinta-feira,19:30:00,SC,101,"202,0",SAO JOSE,Reação tardia ou ineficiente do condutor,Colisão transversal,Com Vítimas Feridas,Plena Noite,Decrescente,Garoa/Chuvisco,Dupla,Reta,Sim,2,0,1,0,1,0,1,2,-27.56272,-48.6155,SPRF-SC,DEL01-SC,UOP01-DEL01-SC,2025
"722325,0",2025-10-02,quinta-feira,21:05:00,SC,101,"133,0",BALNEARIO CAMBORIU,Ausência de reação do condutor,Colisão transversal,Com Vítimas Feridas,Plena Noite,Crescente,Chuva,Dupla,Interseção de Vias;Viaduto,Não,2,0,1,0,1,0,1,2,-26.99764828,-48.65134478,SPRF-SC,DEL04-SC,UOP03-DEL04-SC,2025
"722328,0",2025-06-27,sexta-feira,19:55:00,SC,116,"219,0",CORREIA PINTO,Reação tardia ou ineficiente do condutor,Colisão traseira,Com Vítimas Feridas,Plena Noite,Crescente,Nublado,Simples,Aclive;Reta,Sim,3,0,3,0,0,0,3,2,-27.578376,-50.369574,SPRF-SC,DEL05-SC,UOP03-DEL05-SC,2025
"722334,0",2025-09-15,segunda-feira,18:38:00,SC,101,"431,8",SOMBRIO,Pedestre andava na pista,Atropelamento de Pedestre,Com Vítimas Feridas,Plena Noite,Decrescente,Chuva,Múltipla,Reta,Sim,2,0,0,1,1,0,1,2,-29.076042,-49.627778,SPRF-SC,DEL02-SC,UOP02-DEL02-SC,2025
"722340,0",2025-10-02,quinta-feira,22:20:00,SC,282,"207,9",LAGES,Velocidade Incompatível,Saída de leito carroçável,Com Vítimas Feridas,Plena Noite,Decrescente,Garoa/Chuvisco,Simples,Declive;Reta,Não,2,0,1,0,1,0,1,1,-27.775062,-50.210574,SPRF-SC,DEL05-SC,UOP01-DEL05-SC,2025
"722377,0",2025-10-03,sexta-feira,04:45:00,SC,280,"57,0",GUARAMIRIM,Acessar a via sem observar a presença dos outros veículos,Colisão transversal,Com Vítimas Feridas,Plena Noite,Decrescente,Chuva,Simples,Reta,Não,2,0,2,0,0,0,2,2,-26.476108,-49.01647,SPRF-SC,DEL03-SC,UOP03-DEL03-SC,2025