id,data_inversa,dia_semana,horario,uf,br,km,municipio,causa_acidente,tipo_acidente,classificacao_acidente,fase_dia,sentido_via,condicao_metereologica,tipo_pista,tracado_via,uso_solo,pessoas,mortos,feridos_leves,feridos_graves,ilesos,ignorados,feridos,veiculos,latitude,longitude,regional,delegacia,uop,ano_arquivo
"722395,0",2025-10-03,sexta-feira,06:30:00,SC,101,"38,5",JOINVILLE,Desrespeitar a preferência no cruzamento,Colisão lateral mesmo sentido,Com Vítimas Feridas,Pleno dia,Decrescente,Nublado,Múltipla,Viaduto,Sim,2,0,1,0,1,0,1,2,-26.28972133,-48.88538361,SPRF-SC,DEL03-SC,UOP01-DEL03-SC,2025
"722400,0",2025-09-13,sábado,21:00:00,SC,470,"90,0",ASCURRA,Transitar na contramão,Colisão frontal,Com Vítimas Feridas,Plena Noite,Decrescente,Céu Claro,Simples,Interseção de Vias,Não,5,0,1,2,0,2,3,2,-26.96135574,-49.37148571,SPRF-SC,DEL04-SC,UOP01-DEL04-SC,2025
"722474,0",2025-09-22,segunda-feira,06:40:00,SC,101,"207,9",SAO JOSE,Acumulo de água sobre o pavimento,Colisão transversal,Com Vítimas Feridas,Pleno dia,Decrescente,Chuva,Múltipla,Curva,Sim,5,0,1,0,4,0,1,4,-27.60305,-48.631371,SPRF-SC,DEL01-SC,UOP01-DEL01-SC,2025
"722480,0",2025-10-03,sexta-feira,14:00:00,SC,280,"155,0",RIO NEGRINHO,Chuva,Tombamento,Sem Vítimas,Pleno dia,Crescente,Chuva,Simples,Reta,Não,1,0,0,0,0,1,0,1,-26.261738,-49.54829,SPRF-SC,DEL06-SC,UOP03-DEL06-SC,2025
"722492,0",2025-10-03,sexta-feira,17:00:00,SC,101,"214,6",PALHOCA,Ultrapassagem Indevida,Colisão lateral mesmo sentido,Sem Vítimas,Anoitecer,Crescente,Chuva,Múltipla,Interseção de Vias,Sim,3,0,0,0,3,0,0,2,-27.64901618,-48.67407513,SPRF-SC,DEL01-SC,UOP02-DEL01-SC,2025
"722495,0",2025-10-03,sexta-feira,16:45:00,SC,280,"5,7",SAO FRANCISCO DO SUL,Ausência de reação do condutor,Colisão traseira,Com Vítimas Feridas,Pleno dia,Crescente,Chuva,Simples,Reta,Não,2,0,1,0,1,0,1,2,-26.26414806,-48.63132326,SPRF-SC,DEL03-SC,UOP03-DEL03-SC,2025
"722503,0",2025-10-03,sexta-feira,17:00:00,SC,101,"214,5",PALHOCA,Condutor deixou de manter distância do veículo da frente,Colisão traseira,Com Vítimas Feridas,Pleno dia,Crescente,Chuva,Múltipla,Reta,Sim,2,0,0,1,1,0,1,2,-27.6482982,-48.67357342,SPRF-SC,DEL01-SC,UOP02-DEL01-SC,2025
"722533,0",2025-10-03,sexta-feira,19:15:00,SC,101,"207,0",SAO JOSE,Condutor deixou de manter distância do veículo da frente,Colisão traseira,Com Vítimas Feridas,Plena Noite,Crescente,Chuva,Múltipla,Reta,Sim,2,0,1,0,1,0,1,2,-27.59790728,-48.6206588,SPRF-SC,DEL01-SC,UOP01-DEL01-SC,2025
"722537,0",2025-10-03,sexta-feira,18:30:00,SC,163,"75,1",SAO MIGUEL DO OESTE,Retorno proibido,Colisão frontal,Com Vítimas Feridas,Anoitecer,Decrescente,Céu Claro,Simples,Curva,Não,6,0,1,0,5,0,1,2,-26.69077906,-53.51444218,SPRF-SC,DEL07-SC,UOP03-DEL07-SC,2025
"722538,0",2025-10-03,sexta-feira,20:00:00,SC,282,"69,6",RANCHO QUEIMADO,Ausência de reação do condutor,Colisão traseira,Com Vítimas Feridas,Plena Noite,Decrescente,Chuva,Simples,Curva,Não,6,0,1,3,2,0,4,3,-27.6698807,-49.15716916,SPRF-SC,DEL01-SC,UOP03-DEL01-SC,2025
"722556,0",2025-10-03,sexta-feira,19:50:00,SC,280,"234,0",CANOINHAS,Pista Escorregadia,Saída de leito carroçável,Com Vítimas Feridas,Plena Noite,Decrescente,Chuva,Simples,Curva,Não,1,0,1,0,0,0,1,1,-26.19799577,-50.43166637,SPRF-SC,DEL06-SC,UOP04-DEL06-SC,2025
"722559,0",2025-10-03,sexta-feira,19:45:00,SC,101,"331,9",TUBARAO,Velocidade Incompatível,Saída de leito carroçável,Com Vítimas Feridas,Plena Noite,Crescente,Chuva,Múltipla,Interseção de Vias;Declive;Curva,Não,1,0,1,0,0,0,1,1,-28.46406034,-48.99384141,SPRF-SC,DEL02-SC,UOP01-DEL02-SC,2025
"722578,0",2025-10-03,sexta-feira,22:00:00,SC,101,"227,3",PALHOCA,Condutor deixou de manter distância do veículo da frente,Colisão traseira,Com Vítimas Feridas,Plena Noite,Crescente,Chuva,Múltipla,Reta,Sim,2,0,1,0,0,1,1,2,-27.75671055,-48.63224594,SPRF-SC,DEL01-SC,UOP02-DEL01-SC,2025
"722601,0",2025-10-04,sábado,03:00:00,SC,101,"59,0",ARAQUARI,Condutor Dormindo,Colisão com objeto,Com Vítimas Feridas,Plena Noite,Crescente,Nublado,Dupla,Reta,Não,2,0,2,0,0,0,2,1,-26.44856711,-48.78941484,SPRF-SC,DEL03-SC,UOP02-DEL03-SC,2025
"722604,0",2025-10-04,sábado,02:45:00,SC,101,"361,7",SANGAO,Ingestão de álcool pelo condutor,Colisão com objeto,Com Vítimas Feridas,Plena Noite,Decrescente,Garoa/Chuvisco,Múltipla,Curva;Declive,Não,1,0,1,0,0,0,1,1,-28.67583,-49.12666,SPRF-SC,DEL02-SC,UOP01-DEL02-SC,2025
"722607,0",2025-10-04,sábado,03:10:00,SC,101,"193,9",BIGUACU,Ingestão de álcool pelo condutor,Colisão com objeto,Com Vítimas Feridas,Plena Noite,Crescente,Chuva,Dupla,Reta,Sim,1,0,1,0,0,0,1,1,-27.5013,-48.65393,SPRF-SC,DEL01-SC,UOP01-DEL01-SC,2025
"722624,0",2025-10-04,sábado,04:30:00,SC,470,"53,0",FLORIANOPOLIS,Reação tardia ou ineficiente do condutor,Colisão frontal,Sem Vítimas,Plena Noite,Crescente,Garoa/Chuvisco,Simples,Em Obras;Reta,Sim,8,0,0,0,7,1,0,3,-27.5972096,-48.5588992,SPRF-SC,DEL04-SC,UOP01-DEL04-SC,2025
"722632,0",2025-10-04,sábado,06:30:00,SC,101,"204,1",SAO JOSE,Ausência de reação do condutor,Colisão com objeto,Sem Vítimas,Pleno dia,Decrescente,Céu Claro,Múltipla,Reta,Sim,1,0,0,0,0,1,0,1,-27.5763797,-48.6130347,SPRF-SC,DEL01-SC,UOP01-DEL01-SC,2025
"722652,0",2025-10-04,sábado,07:30:00,SC,101,"134,0",BALNEARIO CAMBORIU,Ausência de reação do condutor,Saída de leito carroçável,Com Vítimas Feridas,Pleno dia,Decrescente,Nublado,Dupla,Reta,Sim,1,0,1,0,0,0,1,1,-27.00351589,-48.63087106,SPRF-SC,DEL04-SC,UOP03-DEL04-SC,2025
"722674,0",2025-10-04,sábado,09:50:00,SC,101,"133,7",BALNEARIO CAMBORIU,Desrespeitar a preferência no cruzamento,Colisão transversal,Com Vítimas Feridas,Pleno dia,Crescente,Nublado,Dupla,Rotatória,Sim,3,0,2,0,1,0,2,2,-27.00209,-48.63807,SPRF-SC,DEL04-SC,UOP03-DEL04-SC,2025
"722685,0",2025-10-04,sábado,12:15:00,SC,116,"4,5",MAFRA,Acessar a via sem observar a presença dos outros veículos,Colisão transversal,Com Vítimas Feridas,Pleno dia,Crescente,Céu Claro,Simples,Rotatória,Sim,3,0,1,0,2,0,1,2,-26.13906,-49.8140935,SPRF-SC,DEL06-SC,UOP01-DEL06-SC,2025
"722692,0",2025-10-04,sábado,08:45:00,SC,282,"611,3",MARAVILHA,Carga excessiva e/ou mal acondicionada,Colisão com objeto,Com Vítimas Feridas,Pleno dia,Crescente,Céu Claro,Simples,Aclive;Reta,Não,4,0,4,0,0,0,4,1,-26.761,-53.175,SPRF-SC,DEL07-SC,UOP02-DEL07-SC,2025
"722696,0",2025-08-02,sábado,07:00:00,SC,470,"277,1",BRUNOPOLIS,Ingestão de álcool pelo condutor,Colisão frontal,Com Vítimas Fatais,Pleno dia,Decrescente,Nublado,Simples,Aclive;Reta,Não,4,2,0,2,0,0,2,2,-27.33191,-50.839652,SPRF-SC,DEL07-SC,UOP06-DEL07-SC,2025
"722706,0",2025-10-04,sábado,14:00:00,SC,470,"50,0",BLUMENAU,Ingestão de álcool pelo condutor,Colisão lateral mesmo sentido,Com Vítimas Feridas,Pleno dia,Crescente,Céu Claro,Dupla,Reta,Não,4,0,1,0,2,1,1,3,-26.859665,-49.075672,SPRF-SC,DEL04-SC,UOP01-DEL04-SC,2025
"722707,0",2025-10-04,sábado,14:00:00,SC,282,"4,6",SAO JOSE,Trafegar com motocicleta (ou similar) entre as faixas,Colisão traseira,Com Vítimas Feridas,Pleno dia,Crescente,Garoa/Chuvisco,Múltipla,Reta,Sim,2,0,0,1,1,0,1,2,-27.58967,-48.60957,SPRF-SC,DEL01-SC,UOP01-DEL01-SC,2025
"722712,0",2025-10-04,sábado,14:45:00,SC,101,"339,0",TUBARAO,Condutor deixou de manter distância do veículo da frente,Colisão traseira,Com Vítimas Feridas,Pleno dia,Crescente,Céu Claro,Dupla,Reta,Sim,2,0,0,1,1,0,1,2,-28.51193521,-49.05042529,SPRF-SC,DEL02-SC,UOP01-DEL02-SC,2025
"722715,0",2025-10-04,sábado,14:50:00,SC,470,"54,2",BLUMENAU,Ingestão de álcool pelo condutor,Colisão traseira,Sem Vítimas,Pleno dia,Crescente,Nublado,Simples,Reta,Não,2,0,0,0,2,0,0,2,-26.87112461,-49.11074618,SPRF-SC,DEL04-SC,UOP01-DEL04-SC,2025
"722719,0",2025-10-04,sábado,11:45:00,SC,282,"582,2",PINHALZINHO,Desrespeitar a preferência no cruzamento,Colisão transversal,Com Vítimas Feridas,Pleno dia,Crescente,Sol,Simples,Rotatória,Não,2,0,1,0,1,0,1,2,-26.826255,-53.004528,SPRF-SC,DEL07-SC,UOP02-DEL07-SC,2025
"722727,0",2025-10-04,sábado,16:00:00,SC,101,"148,0",ITAPEMA,Manobra de mudança de faixa,Colisão lateral mesmo sentido,Com Vítimas Feridas,Pleno dia,Crescente,Nublado,Dupla,Reta,Sim,2,0,1,0,1,0,1,2,-27.1069003,-48.61469205,SPRF-SC,DEL04-SC,UOP03-DEL04-SC,2025
"722728,0",2025-10-04,sábado,13:40:00,SC,282,"109,7",ALFREDO WAGNER,Velocidade Incompatível,Colisão com objeto,Sem Vítimas,Pleno dia,Decrescente,Chuva,Simples,Curva,Não,1,0,0,0,0,1,0,1,-27.725265,-49.359758,SPRF-SC,DEL01-SC,UOP03-DEL01-SC,2025
"722733,0",2025-10-04,sábado,16:45:00,SC,101,"334,0",TUBARAO,Manobra de mudança de faixa,Colisão lateral mesmo sentido,Com Vítimas Feridas,Anoitecer,Decrescente,Céu Claro,Dupla,Curva;Viaduto,Sim,4,0,4,0,0,0,4,2,-28.47043611,-49.01893616,SPRF-SC,DEL02-SC,UOP01-DEL02-SC,2025
"722765,0",2025-10-04,sábado,19:00:00,SC,101,"242,0",PALHOCA,Condutor deixou de manter distância do veículo da frente,Colisão traseira,Sem Vítimas,Plena Noite,Crescente,Nublado,Múltipla,Reta,Não,2,0,0,0,2,0,0,2,-27.88113971,-48.64728324,SPRF-SC,DEL01-SC,UOP02-DEL01-SC,2025
"722768,0",2025-10-04,sábado,18:00:00,SC,153,"111,0",CONCORDIA,Ultrapassagem Indevida,Colisão frontal,Com Vítimas Feridas,Anoitecer,Crescente,Nublado,Simples,Curva,Não,3,0,2,1,0,0,3,2,-27.33431549,-51.97601192,SPRF-SC,DEL07-SC,UOP04-DEL07-SC,2025
"722771,0",2025-10-04,sábado,18:50:00,SC,101,"117,0",ITAJAI,Acessar a via sem observar a presença dos outros veículos,Colisão transversal,Com Vítimas Feridas,Plena Noite,Crescente,Céu Claro,Dupla,Interseção de Vias;Rotatória,Sim,3,0,0,2,1,0,2,2,-26.89036497,-48.72155786,SPRF-SC,DEL04-SC,UOP04-DEL04-SC,2025
"722782,0",2025-10-04,sábado,18:40:00,SC,101,"214,0",PALHOCA,Reação tardia ou ineficiente do condutor,Queda de ocupante de veículo,Com Vítimas Feridas,Plena Noite,Crescente,Nublado,Múltipla,Reta,Sim,1,0,1,0,0,0,1,1,-27.647778,-48.673333,SPRF-SC,DEL01-SC,UOP02-DEL01-SC,2025
"722787,0",2025-10-04,sábado,17:40:00,SC,101,"90,0",BARRA VELHA,Ausência de reação do condutor,Saída de leito carroçável,Sem Vítimas,Pleno dia,Decrescente,Céu Claro,Dupla,Reta;Interseção de Vias,Sim,1,0,0,0,1,0,0,1,-26.67171513,-48.68951194,SPRF-SC,DEL03-SC,UOP02-DEL03-SC,2025
"722791,0",2025-10-04,sábado,20:18:00,SC,470,"54,4",BLUMENAU,Acessar a via sem observar a presença dos outros veículos,Colisão transversal,Sem Vítimas,Plena Noite,Crescente,Céu Claro,Dupla,Interseção de Vias,Sim,2,0,0,0,2,0,0,2,-26.87326557,-49.11420584,SPRF-SC,DEL04-SC,UOP01-DEL04-SC,2025
"722797,0",2025-10-04,sábado,20:40:00,SC,470,"68,0",INDAIAL,Ausência de reação do condutor,Queda de ocupante de veículo,Com Vítimas Feridas,Plena Noite,Crescente,Nublado,Dupla,Reta,Sim,1,0,0,1,0,0,1,1,-26.87783025,-49.23969126,SPRF-SC,DEL04-SC,UOP01-DEL04-SC,2025
"722818,0",2025-10-04,sábado,22:10:00,SC,470,"51,5",BLUMENAU,Ingestão de álcool pelo condutor,Colisão lateral mesmo sentido,Sem Vítimas,Plena Noite,Crescente,Céu Claro,Simples,Reta,Não,2,0,0,0,2,0,0,2,-26.8627472,-49.08869171,SPRF-SC,DEL04-SC,UOP01-DEL04-SC,2025
"722825,0",2025-10-04,sábado,22:20:00,SC,101,"112,9",ITAJAI,Condutor deixou de manter distância do veículo da frente,Colisão traseira,Com Vítimas Feridas,Plena Noite,Crescente,Nublado,Múltipla,Reta,Sim,3,0,2,0,0,1,2,2,-26.85223,-48.72664,SPRF-SC,DEL04-SC,UOP04-DEL04-SC,2025
"722843,0",2025-10-04,sábado,23:20:00,SC,101,"41,0",JOINVILLE,Desrespeitar a preferência no cruzamento,Colisão transversal,Com Vítimas Feridas,Plena Noite,Crescente,Garoa/Chuvisco,Dupla,Interseção de Vias;Declive;Reta;Viaduto,Não,4,0,2,0,2,0,2,2,-26.318526,-48.872066,SPRF-SC,DEL03-SC,UOP01-DEL03-SC,2025
"722846,0",2025-10-04,sábado,23:00:00,SC,101,"436,0",SOMBRIO,Desrespeitar a preferência no cruzamento,Colisão transversal,Com Vítimas Feridas,Plena Noite,Crescente,Ignorado,Múltipla,Interseção de Vias;Reta,Sim,2,0,1,0,1,0,1,2,-29.11431,-49.639932,SPRF-SC,DEL02-SC,UOP02-DEL02-SC,2025
"722856,0",2025-10-05,domingo,01:45:00,SC,101,"226,2",PALHOCA,Condutor deixou de manter distância do veículo da frente,Colisão traseira,Com Vítimas Feridas,Plena Noite,Crescente,Nublado,Dupla,Reta,Não,2,0,0,1,0,1,1,2,-27.74693261,-48.63646254,SPRF-SC,DEL01-SC,UOP02-DEL01-SC,2025
"722863,0",2025-10-05,domingo,02:30:00,SC,101,"88,8",BARRA VELHA,Velocidade Incompatível,Colisão traseira,Com Vítimas Feridas,Plena Noite,Crescente,Nublado,Múltipla,Reta,Sim,8,0,3,1,3,1,4,2,-26.65658446,-48.68794654,SPRF-SC,DEL03-SC,UOP02-DEL03-SC,2025
"722935,0",2025-10-05,domingo,11:45:00,SC,470,"25,0",ILHOTA,Ingestão de álcool pelo condutor,Colisão traseira,Com Vítimas Feridas,Pleno dia,Crescente,Céu Claro,Dupla,Reta,Não,3,0,1,1,1,0,2,2,-26.882677,-48.863622,SPRF-SC,DEL04-SC,UOP04-DEL04-SC,2025
"722940,0",2025-10-05,domingo,10:30:00,SC,470,"17,0",ILHOTA,Demais falhas mecânicas ou elétricas,Tombamento,Com Vítimas Feridas,Pleno dia,Crescente,Céu Claro,Dupla,Reta,Não,2,0,2,0,0,0,2,1,-26.84485005,-48.79629135,SPRF-SC,DEL04-SC,UOP04-DEL04-SC,2025
"722965,0",2025-10-05,domingo,15:50:00,SC,282,"24,2",SANTO AMARO DA IMPERATRIZ,Trafegar com motocicleta (ou similar) entre as faixas,Colisão traseira,Com Vítimas Feridas,Pleno dia,Crescente,Céu Claro,Simples,Reta,Não,3,0,1,0,2,0,1,3,-27.681,-48.74611,SPRF-SC,DEL01-SC,UOP03-DEL01-SC,2025
"722977,0",2025-10-05,domingo,16:00:00,SC,101,"137,0",BALNEARIO CAMBORIU,Manobra de mudança de faixa,Colisão lateral mesmo sentido,Com Vítimas Feridas,Pleno dia,Crescente,Nublado,Dupla,Reta,Não,2,0,1,0,1,0,1,2,-27.01956347,-48.60997438,SPRF-SC,DEL04-SC,UOP03-DEL04-SC,2025
"722978,0",2025-10-05,domingo,17:00:00,SC,101,"86,8",BARRA VELHA,Acessar a via sem observar a presença dos outros veículos,Colisão lateral mesmo sentido,Com Vítimas Feridas,Pleno dia,Decrescente,Nublado,Múltipla,Reta,Sim,2,0,1,0,1,0,1,2,-26.64030924,-48.69173734,SPRF-SC,DEL03-SC,UOP02-DEL03-SC,2025
"722981,0",2025-10-05,domingo,16:45:00,SC,101,"146,0",ITAPEMA,Condutor deixou de manter distância do veículo da frente,Colisão traseira,Com Vítimas Feridas,Pleno dia,Decrescente,Céu Claro,Dupla,Reta;Viaduto,Não,2,0,1,0,1,0,1,2,-27.08716364,-48.60986408,SPRF-SC,DEL04-SC,UOP03-DEL04-SC,2025
"722983,0",2025-10-05,domingo,17:30:00,SC,470,"46,0",GASPAR,Reação tardia ou ineficiente do condutor,Colisão com objeto,Com Vítimas Feridas,Pleno dia,Crescente,Nublado,Dupla,Curva;Em Obras,Não,2,0,1,0,0,1,1,2,-26.86021,-49.03881,SPRF-SC,DEL04-SC,UOP01-DEL04-SC,2025
"722984,0",2025-10-05,domingo,17:20:00,SC,101,"235,6",PALHOCA,Trafegar com motocicleta (ou similar) entre as faixas,Colisão lateral mesmo sentido,Com Vítimas Feridas,Pleno dia,Decrescente,Céu Claro,Dupla,Reta,Não,3,0,0,2,1,0,2,2,-27.82287,-48.63034,SPRF-SC,DEL01-SC,UOP02-DEL01-SC,2025
"722988,0",2025-10-05,domingo,17:25:00,SC,282,"220,3",LAGES,Transitar na contramão,Colisão frontal,Com Vítimas Feridas,Pleno dia,Crescente,Nublado,Simples,Curva,Sim,4,0,3,1,0,0,4,2,-27.7941833,-50.33501029,SPRF-SC,DEL05-SC,UOP01-DEL05-SC,2025
"722995,0",2025-10-05,domingo,14:00:00,SC,470,"3,0",NAVEGANTES,Trafegar com motocicleta (ou similar) entre as faixas,Colisão lateral mesmo sentido,Com Vítimas Feridas,Pleno dia,Decrescente,Céu Claro,Dupla,Reta,Sim,2,0,1,0,1,0,1,2,-26.87939355,-48.66470084,SPRF-SC,DEL04-SC,UOP04-DEL04-SC,2025
"722997,0",2025-10-05,domingo,18:30:00,SC,101,"189,1",BIGUACU,Manobra de mudança de faixa,Engavetamento,Com Vítimas Feridas,Plena Noite,Crescente,Céu Claro,Dupla,Reta,Sim,8,0,1,0,6,1,1,4,-27.46137,-48.64007,SPRF-SC,DEL01-SC,UOP01-DEL01-SC,2025
"723022,0",2025-10-05,domingo,16:00:00,SC,101,"145,0",ITAPEMA,Reação tardia ou ineficiente do condutor,Colisão traseira,Com Vítimas Feridas,Pleno dia,Crescente,Céu Claro,Dupla,Reta,Sim,2,0,1,0,1,0,1,2,-27.08563859,-48.60778302,SPRF-SC,DEL04-SC,UOP03-DEL04-SC,2025
"723034,0",2025-10-05,domingo,20:45:00,SC,282,"2,0",FLORIANOPOLIS,Reação tardia ou ineficiente do condutor,Colisão lateral mesmo sentido,Com Vítimas Feridas,Plena Noite,Decrescente,Nublado,Dupla,Reta,Sim,2,0,1,0,1,0,1,2,-27.603,-48.59,SPRF-SC,DEL01-SC,UOP01-DEL01-SC,2025
"723048,0",2025-10-05,domingo,21:30:00,SC,101,"21,0",JOINVILLE,Manobra de mudança de faixa,Capotamento,Com Vítimas Feridas,Plena Noite,Crescente,Céu Claro,Dupla,Reta,Sim,4,0,3,0,1,0,3,1,-26.142838,-48.904848,SPRF-SC,DEL03-SC,UOP01-DEL03-SC,2025
"723052,0",2025-10-05,domingo,20:50:00,SC,101,"146,0",ITAPEMA,Ausência de reação do condutor,Colisão traseira,Com Vítimas Feridas,Plena Noite,Decrescente,Nublado,Dupla,Reta,Sim,2,0,1,0,1,0,1,1,-27.089527,-48.61377,SPRF-SC,DEL04-SC,UOP03-DEL04-SC,2025
"723073,0",2025-10-05,domingo,23:05:00,SC,101,"113,1",ITAJAI,Pedestre cruzava a pista fora da faixa,Atropelamento de Pedestre,Com Vítimas Fatais,Plena Noite,Crescente,Nublado,Múltipla,Reta,Sim,3,1,0,0,2,0,0,2,-26.86138639,-48.72823775,SPRF-SC,DEL04-SC,UOP04-DEL04-SC,2025
"723074,0",2025-10-05,domingo,21:50:00,SC,470,"66,4",INDAIAL,Transitar na contramão,Colisão frontal,Com Vítimas Feridas,Plena Noite,Decrescente,Céu Claro,Simples,Reta,Não,4,0,0,1,3,0,1,2,-26.87027,-49.22575,SPRF-SC,DEL04-SC,UOP01-DEL04-SC,2025
"723106,0",2025-10-05,domingo,20:50:00,SC,101,"110,0",NAVEGANTES,Ingestão de álcool pelo condutor,Saída de leito carroçável,Sem Vítimas,Plena Noite,Decrescente,Garoa/Chuvisco,Dupla,Reta,Não,1,0,0,0,0,1,0,1,-26.83552549,-48.71019093,SPRF-SC,DEL03-SC,UOP02-DEL03-SC,2025
"723110,0",2025-10-06,segunda-feira,06:34:00,SC,101,"213,0",PALHOCA,Condutor deixou de manter distância do veículo da frente,Colisão lateral mesmo sentido,Com Vítimas Feridas,Pleno dia,Crescente,Nublado,Dupla,Reta,Sim,2,0,0,1,1,0,1,2,-27.63709272,-48.66530148,SPRF-SC,DEL01-SC,UOP02-DEL01-SC,2025
"723121,0",2025-10-06,segunda-feira,06:10:00,SC,101,"277,7",IMBITUBA,Reação tardia ou ineficiente do condutor,Colisão com objeto,Com Vítimas Feridas,Pleno dia,Decrescente,Céu Claro,Múltipla,Reta,Sim,1,0,1,0,0,0,1,1,-28.17590144,-48.69475063,SPRF-SC,DEL02-SC,UOP03-DEL02-SC,2025
"723124,0",2025-10-06,segunda-feira,07:15:00,SC,280,"33,3",ARAQUARI,Conversão proibida,Colisão transversal,Com Vítimas Feridas,Pleno dia,Crescente,Nublado,Simples,Reta,Não,2,0,1,0,1,0,1,2,-26.42817109,-48.79182212,SPRF-SC,DEL03-SC,UOP03-DEL03-SC,2025
"723153,0",2025-10-06,segunda-feira,08:20:00,SC,280,"6,3",SAO FRANCISCO DO SUL,Ultrapassagem Indevida,Colisão transversal,Com Vítimas Feridas,Pleno dia,Crescente,Garoa/Chuvisco,Simples,Reta,Sim,2,0,1,0,1,0,1,2,-26.267256,-48.635846,SPRF-SC,DEL03-SC,UOP03-DEL03-SC,2025
"723162,0",2025-10-06,segunda-feira,10:00:00,SC,101,"213,7",PALHOCA,Acessar a via sem observar a presença dos outros veículos,Colisão transversal,Sem Vítimas,Pleno dia,Crescente,Nublado,Dupla,Reta,Sim,2,0,0,0,2,0,0,2,-27.637322,-48.665578,SPRF-SC,DEL01-SC,UOP02-DEL01-SC,2025
"723169,0",2025-10-06,segunda-feira,07:30:00,SC,280,"23,8",ARAQUARI,Transitar na contramão,Colisão transversal,Com Vítimas Feridas,Pleno dia,Crescente,Nublado,Simples,Reta,Não,2,0,1,0,1,0,1,2,-26.376784,-48.718908,SPRF-SC,DEL03-SC,UOP03-DEL03-SC,2025
"723173,0",2025-10-06,segunda-feira,08:48:00,SC,470,"111,6",IBIRAMA,Pista Escorregadia,Tombamento,Com Vítimas Feridas,Pleno dia,Crescente,Nublado,Simples,Aclive;Curva,Não,1,0,1,0,0,0,1,1,-27.09934273,-49.46166158,SPRF-SC,DEL04-SC,UOP02-DEL04-SC,2025
"723192,0",2025-10-06,segunda-feira,13:00:00,SC,101,"185,8",BIGUACU,Reação tardia ou ineficiente do condutor,Saída de leito carroçável,Com Vítimas Feridas,Pleno dia,Decrescente,Garoa/Chuvisco,Dupla,Reta,Não,1,0,1,0,0,0,1,1,-27.43384593,-48.62535803,SPRF-SC,DEL01-SC,UOP01-DEL01-SC,2025
"723198,0",2025-10-06,segunda-feira,13:30:00,SC,101,"204,0",SAO JOSE,Trafegar com motocicleta (ou similar) entre as faixas,Colisão lateral mesmo sentido,Com Vítimas Feridas,Pleno dia,Crescente,Chuva,Múltipla,Reta,Sim,3,0,2,0,1,0,2,2,-27.58097,-48.61466,SPRF-SC,DEL01-SC,UOP01-DEL01-SC,2025
"723216,0",2025-10-06,segunda-feira,14:10:00,SC,101,"192,2",BIGUACU,Avarias e/ou desgaste excessivo no pneu,Saída de leito carroçável,Sem Vítimas,Pleno dia,Decrescente,Chuva,Dupla,Curva,Não,1,0,0,0,1,0,0,1,-27.47672949,-48.64080302,SPRF-SC,DEL01-SC,UOP01-DEL01-SC,2025
"723231,0",2025-10-06,segunda-feira,16:15:00,SC,282,"4,7",SAO JOSE,Condutor deixou de manter distância do veículo da frente,Colisão traseira,Com Vítimas Feridas,Pleno dia,Crescente,Chuva,Múltipla,Reta,Sim,6,0,2,0,4,0,2,3,-27.58914387,-48.61187808,SPRF-SC,DEL01-SC,UOP01-DEL01-SC,2025
"723233,0",2025-10-06,segunda-feira,16:48:00,SC,282,"5,5",SAO JOSE,Velocidade Incompatível,Tombamento,Com Vítimas Feridas,Anoitecer,Crescente,Garoa/Chuvisco,Dupla,Declive;Curva,Não,1,0,1,0,0,0,1,1,-27.58505156,-48.6177942,SPRF-SC,DEL01-SC,UOP01-DEL01-SC,2025
"723234,0",2025-10-06,segunda-feira,16:45:00,SC,282,"5,5",SAO JOSE,Reação tardia ou ineficiente do condutor,Tombamento,Com Vítimas Feridas,Pleno dia,Crescente,Chuva,Múltipla,Declive;Curva,Sim,1,0,1,0,0,0,1,1,-27.58514854,-48.61785354,SPRF-SC,DEL01-SC,UOP01-DEL01-SC,2025
"723235,0",2025-10-06,segunda-feira,16:10:00,SC,101,"139,0",BALNEARIO CAMBORIU,Reação tardia ou ineficiente do condutor,Capotamento,Com Vítimas Feridas,Pleno dia,Crescente,Chuva,Dupla,Curva,Sim,1,0,1,0,0,0,1,1,-27.02929886,-48.60141277,SPRF-SC,DEL04-SC,UOP03-DEL04-SC,2025
"723238,0",2025-10-06,segunda-feira,13:39:00,SC,101,"126,0",ITAJAI,Reação tardia ou ineficiente do condutor,Colisão lateral mesmo sentido,Sem Vítimas,Pleno dia,Decrescente,Chuva,Múltipla,Reta;Viaduto,Não,2,0,0,0,0,2,0,2,-26.95292511,-48.67938703,SPRF-SC,DEL04-SC,UOP04-DEL04-SC,2025
"723248,0",2025-10-06,segunda-feira,18:00:00,SC,101,"213,4",PALHOCA,Chuva,Engavetamento,Com Vítimas Feridas,Anoitecer,Decrescente,Chuva,Múltipla,Reta,Sim,3,0,2,0,1,0,2,3,-27.63982054,-48.66703955,SPRF-SC,DEL01-SC,UOP02-DEL01-SC,2025
"723251,0",2025-10-06,segunda-feira,18:00:00,SC,282,"3,0",FLORIANOPOLIS,Velocidade Incompatível,Colisão traseira,Com Vítimas Feridas,Plena Noite,Crescente,Garoa/Chuvisco,Dupla,Reta,Não,4,0,3,0,1,0,3,3,-27.60184699,-48.59685771,SPRF-SC,DEL01-SC,UOP01-DEL01-SC,2025
"723253,0",2025-10-06,segunda-feira,18:00:00,SC,101,"36,0",JOINVILLE,Desrespeitar a preferência no cruzamento,Colisão transversal,Com Vítimas Feridas,Pleno dia,Crescente,Garoa/Chuvisco,Simples,Viaduto;Interseção de Vias,Sim,4,0,1,0,3,0,1,3,-26.27343894,-48.89447864,SPRF-SC,DEL03-SC,UOP01-DEL03-SC,2025