id,data_inversa,dia_semana,horario,uf,br,km,municipio,causa_acidente,tipo_acidente,classificacao_acidente,fase_dia,sentido_via,condicao_metereologica,tipo_pista,tracado_via,uso_solo,pessoas,mortos,feridos_leves,feridos_graves,ilesos,ignorados,feridos,veiculos,latitude,longitude,regional,delegacia,uop,ano_arquivo
"724267,0",2025-10-11,sábado,10:30:00,SC,101,"195,3",BIGUACU,Ausência de reação do condutor,Atropelamento de Pedestre,Com Vítimas Feridas,Pleno dia,Crescente,Céu Claro,Simples,Viaduto,Sim,2,0,1,0,1,0,1,2,-27.507085,-48.64788,SPRF-SC,DEL01-SC,UOP01-DEL01-SC,2025
"724310,0",2025-10-11,sábado,14:20:00,SC,101,"206,9",SAO JOSE,Reação tardia ou ineficiente do condutor,Colisão traseira,Com Vítimas Feridas,Pleno dia,Crescente,Nublado,Dupla,Curva,Não,3,0,2,0,1,0,2,2,-27.602313,-48.62963,SPRF-SC,DEL01-SC,UOP01-DEL01-SC,2025
"724313,0",2025-10-11,sábado,13:35:00,SC,101,"38,4",JOINVILLE,Desrespeitar a preferência no cruzamento,Colisão transversal,Com Vítimas Feridas,Pleno dia,Crescente,Nublado,Dupla,Interseção de Vias;Viaduto;Rotatória,Sim,2,0,2,0,0,0,2,2,-26.29637756,-48.88425708,SPRF-SC,DEL03-SC,UOP01-DEL03-SC,2025
"724325,0",2025-10-11,sábado,15:05:00,SC,101,"3,2",FLORIANOPOLIS,Velocidade Incompatível,Atropelamento de Pedestre,Com Vítimas Feridas,Pleno dia,Crescente,Nublado,Múltipla,Aclive;Curva,Sim,3,0,1,1,1,0,2,2,-27.59869645,-48.60001652,SPRF-SC,DEL03-SC,UOP01-DEL03-SC,2025
"724330,0",2025-10-11,sábado,16:20:00,SC,101,"217,2",PALHOCA,Ausência de reação do condutor,Colisão traseira,Com Vítimas Feridas,Pleno dia,Decrescente,Céu Claro,Múltipla,Reta,Não,3,0,2,0,0,1,2,2,-27.67356379,-48.67146939,SPRF-SC,DEL01-SC,UOP02-DEL01-SC,2025
"724335,0",2025-10-11,sábado,16:15:00,SC,470,"52,0",FLORIANOPOLIS,Conversão proibida,Colisão transversal,Com Vítimas Feridas,Pleno dia,Crescente,Nublado,Simples,Desvio Temporário;Em Obras,Não,2,0,1,0,1,0,1,2,-27.5972096,-48.5556224,SPRF-SC,DEL04-SC,UOP01-DEL04-SC,2025
"724338,0",2025-10-11,sábado,16:50:00,SC,101,"140,0",BALNEARIO CAMBORIU,Acessar a via sem observar a presença dos outros veículos,Colisão transversal,Com Vítimas Feridas,Pleno dia,Crescente,Nublado,Dupla,Aclive;Curva,Sim,3,0,2,0,1,0,2,2,-27.04130013,-48.59979121,SPRF-SC,DEL04-SC,UOP03-DEL04-SC,2025
"724351,0",2025-10-11,sábado,19:20:00,SC,101,"213,9",PALHOCA,Condutor deixou de manter distância do veículo da frente,Colisão traseira,Com Vítimas Feridas,Plena Noite,Decrescente,Chuva,Múltipla,Reta,Sim,2,0,1,0,1,0,1,2,-27.644077,-48.67006,SPRF-SC,DEL01-SC,UOP02-DEL01-SC,2025
"724367,0",2025-10-11,sábado,15:40:00,SC,480,"125,6",CHAPECO,Reação tardia ou ineficiente do condutor,Saída de leito carroçável,Com Vítimas Feridas,Pleno dia,Decrescente,Sol,Dupla,Reta,Sim,2,0,0,1,0,1,1,2,-27.00728,-52.642212,SPRF-SC,DEL07-SC,UOP01-DEL07-SC,2025
"724372,0",2025-10-11,sábado,18:05:00,SC,470,"82,0",RODEIO,Pista Escorregadia,Saída de leito carroçável,Com Vítimas Feridas,Plena Noite,Crescente,Garoa/Chuvisco,Simples,Curva,Não,1,0,1,0,0,0,1,1,-26.95911759,-49.32392327,SPRF-SC,DEL04-SC,UOP01-DEL04-SC,2025
"724388,0",2025-10-11,sábado,20:10:00,SC,280,"231,0",CANOINHAS,Reação tardia ou ineficiente do condutor,Colisão transversal,Com Vítimas Feridas,Plena Noite,Decrescente,Céu Claro,Simples,Interseção de Vias,Sim,2,0,1,0,1,0,1,2,-26.190147,-50.378432,SPRF-SC,DEL06-SC,UOP04-DEL06-SC,2025
"724396,0",2025-10-11,sábado,20:00:00,SC,101,"325,3",CAPIVARI DE BAIXO,Reação tardia ou ineficiente do condutor,Tombamento,Com Vítimas Fatais,Plena Noite,Crescente,Céu Claro,Múltipla,Reta,Sim,1,1,0,0,0,0,0,1,-28.428009,-48.948512,SPRF-SC,DEL02-SC,UOP01-DEL02-SC,2025
"724398,0",2025-10-11,sábado,20:40:00,SC,282,"23,8",SANTO AMARO DA IMPERATRIZ,Acesso irregular,Colisão transversal,Com Vítimas Feridas,Plena Noite,Decrescente,Céu Claro,Simples,Interseção de Vias,Sim,3,0,1,0,2,0,1,2,-27.67523279,-48.76839336,SPRF-SC,DEL01-SC,UOP03-DEL01-SC,2025
"724401,0",2025-10-11,sábado,21:00:00,SC,101,"86,0",BARRA VELHA,Ausência de reação do condutor,Saída de leito carroçável,Com Vítimas Feridas,Plena Noite,Crescente,Garoa/Chuvisco,Múltipla,Reta,Não,2,0,1,1,0,0,2,1,-26.6333025,-48.702087,SPRF-SC,DEL03-SC,UOP02-DEL03-SC,2025
"724423,0",2025-10-11,sábado,22:20:00,SC,163,"71,1",SAO MIGUEL DO OESTE,Acessar a via sem observar a presença dos outros veículos,Colisão transversal,Com Vítimas Feridas,Plena Noite,Decrescente,Nublado,Dupla,Reta,Sim,2,0,1,0,1,0,1,2,-26.72432376,-53.51364825,SPRF-SC,DEL07-SC,UOP03-DEL07-SC,2025
"724447,0",2025-10-12,domingo,02:10:00,SC,101,"197,3",BIGUACU,Ingestão de álcool pelo condutor,Saída de leito carroçável,Com Vítimas Feridas,Plena Noite,Crescente,Nublado,Dupla,Reta,Sim,2,0,1,0,1,0,1,1,-27.52114,-48.63824,SPRF-SC,DEL01-SC,UOP01-DEL01-SC,2025
"724452,0",2025-10-12,domingo,02:50:00,SC,101,"0,6",FLORIANOPOLIS,Manobra de mudança de faixa,Colisão traseira,Com Vítimas Feridas,Plena Noite,Decrescente,Garoa/Chuvisco,Múltipla,Reta,Sim,5,0,1,0,4,0,1,2,-27.600997,-48.577369,SPRF-SC,DEL03-SC,UOP01-DEL03-SC,2025
"724463,0",2025-10-12,domingo,04:15:00,SC,101,"203,2",SAO JOSE,Reação tardia ou ineficiente do condutor,Colisão com objeto,Sem Vítimas,Plena Noite,Crescente,Nublado,Dupla,Reta,Sim,1,0,0,0,1,0,0,1,-27.566437,-48.614515,SPRF-SC,DEL01-SC,UOP01-DEL01-SC,2025
"724465,0",2025-10-12,domingo,04:35:00,SC,101,"213,0",PALHOCA,Avarias e/ou desgaste excessivo no pneu,Colisão com objeto,Sem Vítimas,Plena Noite,Crescente,Chuva,Múltipla,Reta,Não,1,0,0,0,0,1,0,1,-27.641949,-48.668758,SPRF-SC,DEL01-SC,UOP02-DEL01-SC,2025
"724475,0",2025-10-12,domingo,00:10:00,SC,470,"1,0",NAVEGANTES,Condutor deixou de manter distância do veículo da frente,Colisão traseira,Com Vítimas Feridas,Plena Noite,Decrescente,Chuva,Dupla,Reta,Não,4,0,0,1,3,0,1,2,-26.8805594,-48.66334883,SPRF-SC,DEL04-SC,UOP04-DEL04-SC,2025
"724492,0",2025-10-12,domingo,06:00:00,SC,282,"68,4",PALHOCA,Chuva,Saída de leito carroçável,Sem Vítimas,Amanhecer,Crescente,Chuva,Simples,Curva,Não,1,0,0,0,1,0,0,1,-27.6709166,-48.7126007,SPRF-SC,DEL01-SC,UOP03-DEL01-SC,2025
"724500,0",2025-10-12,domingo,07:50:00,SC,101,"192,1",BIGUACU,Mal súbito do condutor,Colisão com objeto,Com Vítimas Feridas,Pleno dia,Crescente,Garoa/Chuvisco,Múltipla,Curva,Sim,3,0,2,0,1,0,2,2,-27.48664921,-48.64917755,SPRF-SC,DEL01-SC,UOP01-DEL01-SC,2025
"724527,0",2025-10-12,domingo,11:45:00,SC,101,"13,8",GARUVA,Ingestão de álcool pelo condutor,Colisão traseira,Sem Vítimas,Pleno dia,Decrescente,Nublado,Dupla,Retorno Regulamentado;Reta;Aclive,Não,5,0,0,0,5,0,0,2,-26.09159579,-48.86422483,SPRF-SC,DEL03-SC,UOP01-DEL03-SC,2025
"724531,0",2025-10-12,domingo,11:10:00,SC,101,"449,4",SANTA ROSA DO SUL,Acessar a via sem observar a presença dos outros veículos,Colisão transversal,Com Vítimas Feridas,Pleno dia,Crescente,Nublado,Múltipla,Reta,Sim,2,0,2,0,0,0,2,2,-29.174036,-49.750677,SPRF-SC,DEL02-SC,UOP02-DEL02-SC,2025
"724533,0",2025-10-12,domingo,10:20:00,SC,101,"5,7",ARARANGUA,Desrespeitar a preferência no cruzamento,Colisão lateral mesmo sentido,Com Vítimas Feridas,Pleno dia,Decrescente,Céu Claro,Simples,Interseção de Vias;Rotatória,Sim,2,0,1,0,1,0,1,2,-28.96319,-49.519285,SPRF-SC,DEL02-SC,UOP02-DEL02-SC,2025
"724551,0",2025-10-12,domingo,13:25:00,SC,101,"169,2",TIJUCAS,Ausência de reação do condutor,Tombamento,Com Vítimas Feridas,Pleno dia,Decrescente,Nublado,Dupla,Reta,Não,1,0,1,0,0,0,1,1,-27.2899,-48.63086,SPRF-SC,DEL04-SC,UOP03-DEL04-SC,2025
"724554,0",2025-08-14,quinta-feira,06:20:00,SC,101,"209,1",SAO JOSE,Condutor Dormindo,Colisão traseira,Com Vítimas Feridas,Amanhecer,Crescente,Céu Claro,Dupla,Reta,Sim,7,0,5,1,1,0,6,2,-27.61107254,-48.64065552,SPRF-SC,DEL01-SC,UOP01-DEL01-SC,2025
"724567,0",2025-06-05,quinta-feira,19:00:00,SC,282,"341,0",CAMPOS NOVOS,Ausência de reação do condutor,Colisão frontal,Com Vítimas Feridas,Plena Noite,Decrescente,Céu Claro,Simples,Curva,Sim,2,0,0,1,1,0,1,2,-27.38795792,-51.20631902,SPRF-SC,DEL07-SC,UOP06-DEL07-SC,2025
"724579,0",2025-10-12,domingo,16:00:00,SC,280,"164,2",MAFRA,Acumulo de água sobre o pavimento,Saída de leito carroçável,Com Vítimas Feridas,Pleno dia,Decrescente,Chuva,Simples,Reta,Sim,3,0,3,0,0,0,3,1,-26.191623,-49.804727,SPRF-SC,DEL06-SC,UOP01-DEL06-SC,2025
"724584,0",2025-10-12,domingo,16:05:00,SC,280,"122,0",SAO BENTO DO SUL,Desrespeitar a preferência no cruzamento,Colisão transversal,Com Vítimas Feridas,Pleno dia,Crescente,Céu Claro,Simples,Rotatória,Não,2,0,1,0,1,0,1,2,-26.24546282,-49.4603657,SPRF-SC,DEL06-SC,UOP03-DEL06-SC,2025
"724587,0",2025-10-12,domingo,16:25:00,SC,101,"406,2",ARARANGUA,Acumulo de água sobre o pavimento,Colisão traseira,Sem Vítimas,Pleno dia,Decrescente,Chuva,Dupla,Reta,Não,2,0,0,0,2,0,0,2,-28.91744908,-49.48821394,SPRF-SC,DEL02-SC,UOP02-DEL02-SC,2025
"724615,0",2025-10-12,domingo,19:25:00,SC,282,"16,4",PALHOCA,Acessar a via sem observar a presença dos outros veículos,Colisão transversal,Sem Vítimas,Plena Noite,Crescente,Chuva,Simples,Interseção de Vias;Reta,Sim,2,0,0,0,2,0,0,2,-27.66185,-48.684662,SPRF-SC,DEL01-SC,UOP02-DEL01-SC,2025
"724622,0",2025-10-12,domingo,19:10:00,SC,101,"274,7",IMBITUBA,Pedestre cruzava a pista fora da faixa,Atropelamento de Pedestre,Com Vítimas Feridas,Plena Noite,Decrescente,Garoa/Chuvisco,Múltipla,Reta,Sim,2,0,1,1,0,0,2,2,-28.13428748,-48.69180171,SPRF-SC,DEL02-SC,UOP03-DEL02-SC,2025
"724631,0",2025-10-12,domingo,20:00:00,SC,101,"331,0",TUBARAO,Acumulo de água sobre o pavimento,Colisão com objeto,Com Vítimas Feridas,Plena Noite,Decrescente,Chuva,Dupla,Reta,Não,1,0,1,0,0,0,1,1,-28.46349675,-48.99238617,SPRF-SC,DEL02-SC,UOP01-DEL02-SC,2025
"724636,0",2025-10-12,domingo,19:01:00,SC,280,"56,9",GUARAMIRIM,Condutor usando celular,Colisão frontal,Com Vítimas Feridas,Anoitecer,Decrescente,Garoa/Chuvisco,Simples,Reta,Não,6,0,6,0,0,0,6,2,-26.478692,-49.011732,SPRF-SC,DEL03-SC,UOP03-DEL03-SC,2025
"724652,0",2025-10-12,domingo,14:30:00,SC,282,"117,9",ALFREDO WAGNER,Acumulo de óleo sobre o pavimento,Colisão frontal,Com Vítimas Fatais,Pleno dia,Decrescente,Chuva,Simples,Declive;Curva,Não,6,3,0,3,0,0,3,2,-27.776736,-49.411182,SPRF-SC,DEL01-SC,UOP03-DEL01-SC,2025
"724663,0",2025-10-12,domingo,20:30:00,SC,282,"186,0",BOCAINA DO SUL,Transitar na contramão,Colisão lateral sentido oposto,Com Vítimas Feridas,Plena Noite,Crescente,Chuva,Simples,Curva,Não,3,0,2,0,1,0,2,2,-27.739055,-50.006082,SPRF-SC,DEL05-SC,UOP01-DEL05-SC,2025
"724715,0",2025-10-13,segunda-feira,06:25:00,SC,101,"207,0",SAO JOSE,Reação tardia ou ineficiente do condutor,Tombamento,Com Vítimas Feridas,Pleno dia,Decrescente,Céu Claro,Múltipla,Reta,Sim,1,0,1,0,0,0,1,1,-27.623864,-48.625203,SPRF-SC,DEL01-SC,UOP01-DEL01-SC,2025
"724717,0",2025-10-13,segunda-feira,01:50:00,SC,280,"69,4",JARAGUA DO SUL,Velocidade Incompatível,Capotamento,Com Vítimas Feridas,Plena Noite,Crescente,Garoa/Chuvisco,Simples,Reta,Sim,1,0,0,1,0,0,1,1,-26.46584773,-49.12500143,SPRF-SC,DEL03-SC,UOP03-DEL03-SC,2025
"724731,0",2025-10-13,segunda-feira,07:20:00,SC,101,"203,7",SAO JOSE,Reação tardia ou ineficiente do condutor,Atropelamento de Pedestre,Com Vítimas Feridas,Pleno dia,Decrescente,Céu Claro,Múltipla,Curva;Viaduto,Sim,2,0,1,0,1,0,1,2,-27.57056998,-48.61345975,SPRF-SC,DEL01-SC,UOP01-DEL01-SC,2025
"724758,0",2025-10-12,domingo,18:40:00,SC,470,"147,6",AGRONOMICA,Acessar a via sem observar a presença dos outros veículos,Colisão transversal,Sem Vítimas,Anoitecer,Crescente,Garoa/Chuvisco,Simples,Rotatória,Não,3,0,0,0,2,1,0,3,-27.246135,-49.694652,SPRF-SC,DEL04-SC,UOP02-DEL04-SC,2025
"724765,0",2025-10-13,segunda-feira,11:30:00,SC,101,"207,5",SAO JOSE,Pedestre andava na pista,Colisão frontal,Com Vítimas Feridas,Pleno dia,Crescente,Céu Claro,Dupla,Reta,Sim,3,0,1,1,0,1,2,3,-27.60239,-48.62798,SPRF-SC,DEL01-SC,UOP01-DEL01-SC,2025
"724770,0",2025-10-13,segunda-feira,12:30:00,SC,101,"217,9",PALHOCA,Demais falhas mecânicas ou elétricas,Tombamento,Com Vítimas Feridas,Pleno dia,Crescente,Céu Claro,Múltipla,Reta,Sim,2,0,2,0,0,0,2,1,-27.67525,-48.67126,SPRF-SC,DEL01-SC,UOP02-DEL01-SC,2025
"724788,0",2025-10-13,segunda-feira,13:50:00,SC,470,"54,3",BLUMENAU,Condutor deixou de manter distância do veículo da frente,Colisão lateral mesmo sentido,Com Vítimas Feridas,Pleno dia,Crescente,Céu Claro,Simples,Reta,Não,2,0,1,0,1,0,1,2,-26.87239624,-49.11301581,SPRF-SC,DEL04-SC,UOP01-DEL04-SC,2025
"724816,0",2025-10-13,segunda-feira,16:05:00,SC,101,"118,0",ITAJAI,Reação tardia ou ineficiente do condutor,Colisão lateral mesmo sentido,Com Vítimas Feridas,Pleno dia,Decrescente,Céu Claro,Múltipla,Reta,Sim,2,0,1,0,1,0,1,2,-26.88516931,-48.72335899,SPRF-SC,DEL04-SC,UOP04-DEL04-SC,2025
"724843,0",2025-10-13,segunda-feira,18:40:00,SC,470,"54,1",BLUMENAU,Conversão proibida,Colisão lateral sentido oposto,Com Vítimas Feridas,Plena Noite,Crescente,Céu Claro,Simples,Reta,Sim,2,0,1,0,1,0,1,2,-26.87136,-49.11148,SPRF-SC,DEL04-SC,UOP01-DEL04-SC,2025
"724866,0",2025-10-13,segunda-feira,20:00:00,SC,101,"126,0",ITAJAI,Objeto estático sobre o leito carroçável,Colisão com objeto,Com Vítimas Feridas,Plena Noite,Crescente,Céu Claro,Dupla,Reta,Não,1,0,0,1,0,0,1,1,-26.96418747,-48.6832121,SPRF-SC,DEL04-SC,UOP04-DEL04-SC,2025
"724882,0",2025-10-13,segunda-feira,17:55:00,SC,163,"70,8",SAO MIGUEL DO OESTE,Desrespeitar a preferência no cruzamento,Colisão transversal,Com Vítimas Feridas,Anoitecer,Decrescente,Céu Claro,Dupla,Interseção de Vias;Reta,Sim,2,0,0,1,1,0,1,2,-26.729761,-53.511433,SPRF-SC,DEL07-SC,UOP03-DEL07-SC,2025
"724886,0",2025-10-13,segunda-feira,21:40:00,SC,101,"117,0",ITAJAI,Acessar a via sem observar a presença dos outros veículos,Colisão transversal,Com Vítimas Feridas,Plena Noite,Crescente,Céu Claro,Múltipla,Interseção de Vias;Retorno Regulamentado;Rotatória,Sim,3,0,2,0,1,0,2,2,-26.89062961,-48.72114055,SPRF-SC,DEL04-SC,UOP04-DEL04-SC,2025
"724893,0",2025-10-13,segunda-feira,20:10:00,SC,280,"37,2",ARAQUARI,Acesso irregular,Atropelamento de Pedestre,Com Vítimas Feridas,Plena Noite,Crescente,Nublado,Simples,Em Obras;Reta,Não,2,0,1,1,0,0,2,2,-26.446275,-48.819228,SPRF-SC,DEL03-SC,UOP03-DEL03-SC,2025
"724895,0",2025-10-13,segunda-feira,20:10:00,SC,280,"73,7",JARAGUA DO SUL,Conversão proibida,Colisão transversal,Com Vítimas Feridas,Plena Noite,Decrescente,Nublado,Simples,Reta,Sim,4,0,2,1,1,0,3,2,-26.458698,-49.172648,SPRF-SC,DEL03-SC,UOP03-DEL03-SC,2025
"724896,0",2025-10-13,segunda-feira,22:30:00,SC,280,"127,9",RIO NEGRINHO,Trafegar com motocicleta (ou similar) entre as faixas,Colisão lateral mesmo sentido,Com Vítimas Feridas,Plena Noite,Crescente,Céu Claro,Simples,Aclive;Reta,Sim,3,0,1,0,2,0,1,2,-26.243003,-49.512357,SPRF-SC,DEL06-SC,UOP03-DEL06-SC,2025
"724901,0",2025-10-13,segunda-feira,22:15:00,SC,101,"53,0",JOINVILLE,Pedestre andava na pista,Atropelamento de Pedestre,Com Vítimas Feridas,Plena Noite,Decrescente,Céu Claro,Dupla,Reta,Não,3,0,0,1,2,0,1,2,-26.1783552,-48.9160704,SPRF-SC,DEL03-SC,UOP01-DEL03-SC,2025
"724928,0",2025-10-14,terça-feira,07:25:00,SC,116,"0,5",MAFRA,Ausência de reação do condutor,Tombamento,Com Vítimas Feridas,Pleno dia,Crescente,Céu Claro,Simples,Aclive;Curva,Sim,1,0,1,0,0,0,1,1,-26.111405,-49.786037,SPRF-SC,DEL06-SC,UOP01-DEL06-SC,2025
"724942,0",2025-10-14,terça-feira,08:40:00,SC,101,"212,2",PALHOCA,Reação tardia ou ineficiente do condutor,Colisão traseira,Com Vítimas Feridas,Pleno dia,Decrescente,Céu Claro,Dupla,Reta,Sim,2,0,1,0,1,0,1,2,-27.62813891,-48.65664331,SPRF-SC,DEL01-SC,UOP02-DEL01-SC,2025
"724968,0",2025-10-14,terça-feira,11:20:00,SC,101,"240,3",PALHOCA,Reação tardia ou ineficiente do condutor,Saída de leito carroçável,Com Vítimas Feridas,Pleno dia,Crescente,Sol,Dupla,Curva,Não,1,0,0,1,0,0,1,1,-27.85243312,-48.64153862,SPRF-SC,DEL01-SC,UOP02-DEL01-SC,2025
"724977,0",2025-10-14,terça-feira,08:15:00,SC,101,"420,0",ARARANGUA,Condutor deixou de manter distância do veículo da frente,Colisão traseira,Com Vítimas Feridas,Pleno dia,Decrescente,Céu Claro,Simples,Reta,Sim,2,0,0,1,1,0,1,2,-28.99811379,-49.55547301,SPRF-SC,DEL02-SC,UOP02-DEL02-SC,2025
"724989,0",2025-10-14,terça-feira,13:30:00,SC,101,"220,0",PALHOCA,Acessar a via sem observar a presença dos outros veículos,Colisão transversal,Sem Vítimas,Pleno dia,Decrescente,Céu Claro,Múltipla,Reta,Sim,3,0,0,0,2,1,0,3,-27.6951796,-48.66227595,SPRF-SC,DEL01-SC,UOP02-DEL01-SC,2025
"724992,0",2025-10-14,terça-feira,13:50:00,SC,101,"202,7",SAO JOSE,Reação tardia ou ineficiente do condutor,Colisão traseira,Com Vítimas Feridas,Pleno dia,Crescente,Sol,Múltipla,Reta,Sim,4,0,1,0,3,0,1,3,-27.56263,-48.615787,SPRF-SC,DEL01-SC,UOP01-DEL01-SC,2025
"724993,0",2025-10-14,terça-feira,12:50:00,SC,101,"131,0",CAMBORIU,Condutor deixou de manter distância do veículo da frente,Colisão lateral mesmo sentido,Com Vítimas Feridas,Pleno dia,Crescente,Céu Claro,Simples,Reta,Sim,2,0,0,2,0,0,2,2,-26.99529792,-48.65845649,SPRF-SC,DEL04-SC,UOP03-DEL04-SC,2025
"725008,0",2025-10-14,terça-feira,15:40:00,SC,101,"208,3",SAO JOSE,Acessar a via sem observar a presença dos outros veículos,Colisão transversal,Com Vítimas Feridas,Pleno dia,Crescente,Céu Claro,Dupla,Interseção de Vias,Sim,2,0,1,0,1,0,1,2,-27.60528533,-48.63491742,SPRF-SC,DEL01-SC,UOP01-DEL01-SC,2025
"725014,0",2025-10-14,terça-feira,16:00:00,SC,101,"147,0",ITAPEMA,Manobra de mudança de faixa,Colisão lateral mesmo sentido,Com Vítimas Feridas,Pleno dia,Decrescente,Céu Claro,Múltipla,Reta,Não,2,0,1,0,1,0,1,2,-27.0882826,-48.61187594,SPRF-SC,DEL04-SC,UOP03-DEL04-SC,2025
"725031,0",2025-10-14,terça-feira,17:28:00,SC,101,"136,0",BALNEARIO CAMBORIU,Manobra de mudança de faixa,Colisão traseira,Com Vítimas Feridas,Anoitecer,Decrescente,Céu Claro,Dupla,Reta,Sim,3,0,1,1,1,0,2,2,-27.02165302,-48.60870838,SPRF-SC,DEL04-SC,UOP03-DEL04-SC,2025
"725032,0",2025-10-14,terça-feira,15:05:00,SC,101,"41,3",JOINVILLE,Trafegar com motocicleta (ou similar) entre as faixas,Colisão lateral mesmo sentido,Com Vítimas Feridas,Pleno dia,Crescente,Sol,Dupla,Aclive;Curva,Sim,2,0,1,0,1,0,1,2,-26.31489961,-48.87361877,SPRF-SC,DEL03-SC,UOP01-DEL03-SC,2025
"725034,0",2025-10-14,terça-feira,17:30:00,SC,101,"136,4",BALNEARIO CAMBORIU,Condutor deixou de manter distância do veículo da frente,Tombamento,Com Vítimas Feridas,Pleno dia,Decrescente,Céu Claro,Dupla,Reta,Sim,1,0,0,1,0,0,1,1,-27.02173545,-48.60898465,SPRF-SC,DEL04-SC,UOP03-DEL04-SC,2025
"725037,0",2025-10-14,terça-feira,17:30:00,SC,101,"321,9",PESCARIA BRAVA,Acumulo de areia ou detritos sobre o pavimento,Tombamento,Com Vítimas Feridas,Pleno dia,Crescente,Céu Claro,Múltipla,Declive;Reta,Não,1,0,0,1,0,0,1,1,-28.4285223,-48.9154997,SPRF-SC,DEL02-SC,UOP01-DEL02-SC,2025
"725048,0",2025-10-14,terça-feira,17:20:00,SC,101,"415,6",ARARANGUA,Condutor deixou de manter distância do veículo da frente,Colisão traseira,Sem Vítimas,Pleno dia,Decrescente,Céu Claro,Simples,Reta,Sim,3,0,0,0,3,0,0,3,-28.96948753,-49.52547596,SPRF-SC,DEL02-SC,UOP02-DEL02-SC,2025
"725056,0",2025-10-14,terça-feira,19:15:00,SC,282,"0,5",FLORIANOPOLIS,Reação tardia ou ineficiente do condutor,Colisão traseira,Com Vítimas Feridas,Plena Noite,Crescente,Céu Claro,Múltipla,Reta,Sim,5,0,3,1,1,0,4,4,-27.59929546,-48.57520072,SPRF-SC,DEL01-SC,UOP01-DEL01-SC,2025
"725057,0",2025-10-14,terça-feira,19:00:00,SC,101,"107,1",PENHA,Ausência de reação do condutor,Queda de ocupante de veículo,Sem Vítimas,Plena Noite,Crescente,Nublado,Dupla,Reta,Não,1,0,0,0,1,0,0,1,-26.82061693,-48.68486953,SPRF-SC,DEL03-SC,UOP02-DEL03-SC,2025
"725071,0",2025-10-14,terça-feira,19:30:00,SC,470,"90,4",ASCURRA,Conversão proibida,Colisão lateral mesmo sentido,Com Vítimas Feridas,Plena Noite,Crescente,Nublado,Simples,Curva,Sim,3,0,2,0,1,0,2,2,-26.97296,-49.36687,SPRF-SC,DEL04-SC,UOP01-DEL04-SC,2025
"725076,0",2025-10-14,terça-feira,20:45:00,SC,101,"362,0",SANGAO,Demais falhas mecânicas ou elétricas,Tombamento,Com Vítimas Feridas,Plena Noite,Crescente,Nublado,Dupla,Reta,Não,1,0,1,0,0,0,1,1,-28.64904894,-49.10433609,SPRF-SC,DEL02-SC,UOP01-DEL02-SC,2025
"725078,0",2025-10-14,terça-feira,21:40:00,SC,101,"146,6",ITAPEMA,Desrespeitar a preferência no cruzamento,Colisão transversal,Com Vítimas Feridas,Plena Noite,Decrescente,Nublado,Múltipla,Interseção de Vias,Sim,2,0,1,0,1,0,1,2,-27.090372,-48.614983,SPRF-SC,DEL04-SC,UOP03-DEL04-SC,2025
"725091,0",2025-10-14,terça-feira,21:00:00,SC,101,"52,5",JOINVILLE,Ausência de reação do condutor,Tombamento,Com Vítimas Feridas,Plena Noite,Crescente,Céu Claro,Múltipla,Reta,Não,1,0,1,0,0,0,1,1,-26.40196909,-48.83974012,SPRF-SC,DEL03-SC,UOP01-DEL03-SC,2025
"725099,0",2025-10-14,terça-feira,23:30:00,SC,101,"146,0",ITAPEMA,Acessar a via sem observar a presença dos outros veículos,Colisão transversal,Com Vítimas Feridas,Plena Noite,Crescente,Céu Claro,Dupla,Interseção de Vias;Retorno Regulamentado;Reta,Sim,2,0,1,0,1,0,1,2,-27.08990594,-48.61524342,SPRF-SC,DEL04-SC,UOP03-DEL04-SC,2025
"725132,0",2025-10-15,quarta-feira,06:50:00,SC,282,"579,0",PINHALZINHO,Reação tardia ou ineficiente do condutor,Saída de leito carroçável,Com Vítimas Feridas,Pleno dia,Crescente,Céu Claro,Simples,Interseção de Vias;Rotatória,Sim,2,0,1,0,1,0,1,1,-26.85228763,-52.97978258,SPRF-SC,DEL07-SC,UOP02-DEL07-SC,2025
"725140,0",2025-10-15,quarta-feira,07:55:00,SC,470,"136,0",RIO DO SUL,Reação tardia ou ineficiente do condutor,Engavetamento,Com Vítimas Feridas,Pleno dia,Crescente,Sol,Simples,Reta,Sim,3,0,1,0,2,0,1,3,-27.1887326,-49.6118542,SPRF-SC,DEL04-SC,UOP02-DEL04-SC,2025
"725143,0",2025-10-15,quarta-feira,08:23:00,SC,101,"29,0",ARAQUARI,Acessar a via sem observar a presença dos outros veículos,Colisão transversal,Com Vítimas Feridas,Pleno dia,Decrescente,Céu Claro,Dupla,Reta,Sim,2,0,1,0,1,0,1,2,-26.40966537,-48.75148471,SPRF-SC,DEL03-SC,UOP01-DEL03-SC,2025
"725144,0",2025-10-15,quarta-feira,08:15:00,SC,101,"137,0",BALNEARIO CAMBORIU,Manobra de mudança de faixa,Tombamento,Com Vítimas Feridas,Pleno dia,Crescente,Céu Claro,Múltipla,Reta,Sim,2,0,1,0,0,1,1,2,-27.01407193,-48.61314861,SPRF-SC,DEL04-SC,UOP03-DEL04-SC,2025