id,data_inversa,dia_semana,horario,uf,br,km,municipio,causa_acidente,tipo_acidente,classificacao_acidente,fase_dia,sentido_via,condicao_metereologica,tipo_pista,tracado_via,uso_solo,pessoas,mortos,feridos_leves,feridos_graves,ilesos,ignorados,feridos,veiculos,latitude,longitude,regional,delegacia,uop,ano_arquivo
"726995,0",2025-10-23,quinta-feira,17:05:00,SC,101,"327,8",CAPIVARI DE BAIXO,Desrespeitar a preferência no cruzamento,Colisão transversal,Com Vítimas Feridas,Pleno dia,Crescente,Sol,Dupla,Rotatória,Sim,2,0,1,0,1,0,1,2,-28.43912374,-48.96246878,SPRF-SC,DEL02-SC,UOP01-DEL02-SC,2025
"726997,0",2025-10-23,quinta-feira,17:20:00,SC,470,"68,0",INDAIAL,Manobra de mudança de faixa,Colisão lateral mesmo sentido,Com Vítimas Feridas,Anoitecer,Crescente,Nublado,Dupla,Interseção de Vias,Não,2,0,0,1,1,0,1,2,-26.88257423,-49.24578667,SPRF-SC,DEL04-SC,UOP01-DEL04-SC,2025
"727000,0",2025-10-23,quinta-feira,18:20:00,SC,470,"141,0",RIO DO SUL,Acessar a via sem observar a presença dos outros veículos,Colisão transversal,Com Vítimas Feridas,Plena Noite,Decrescente,Céu Claro,Simples,Reta;Declive,Sim,2,0,0,1,1,0,1,2,-27.20619081,-49.64679686,SPRF-SC,DEL04-SC,UOP02-DEL04-SC,2025
"727024,0",2025-10-23,quinta-feira,20:30:00,SC,282,"3,5",FLORIANOPOLIS,Trafegar com motocicleta (ou similar) entre as faixas,Colisão traseira,Com Vítimas Feridas,Plena Noite,Decrescente,Nublado,Múltipla,Reta,Sim,3,0,1,1,1,0,2,2,-27.59586302,-48.60099284,SPRF-SC,DEL01-SC,UOP01-DEL01-SC,2025
"727034,0",2025-10-23,quinta-feira,20:35:00,SC,101,"150,3",ITAPEMA,Reação tardia ou ineficiente do condutor,Tombamento,Com Vítimas Feridas,Plena Noite,Crescente,Céu Claro,Simples,Reta,Sim,1,0,0,1,0,0,1,1,-27.11490978,-48.6098671,SPRF-SC,DEL04-SC,UOP03-DEL04-SC,2025
"727046,0",2025-10-23,quinta-feira,21:30:00,SC,116,"57,4",PAPANDUVA,Demais falhas mecânicas ou elétricas,Incêndio,Sem Vítimas,Plena Noite,Decrescente,Nublado,Simples,Aclive;Reta,Não,1,0,0,0,0,1,0,1,-26.38025,-50.191664,SPRF-SC,DEL06-SC,UOP02-DEL06-SC,2025
"727049,0",2025-10-23,quinta-feira,23:45:00,SC,101,"212,0",PALHOCA,Demais falhas na via,Tombamento,Com Vítimas Feridas,Plena Noite,Crescente,Chuva,Múltipla,Reta;Interseção de Vias,Sim,2,0,2,0,0,0,2,1,-27.62988,-48.659282,SPRF-SC,DEL01-SC,UOP02-DEL01-SC,2025
"727068,0",2025-10-24,sexta-feira,04:30:00,SC,282,"0,7",FLORIANOPOLIS,Manobra de mudança de faixa,Colisão traseira,Com Vítimas Feridas,Amanhecer,Crescente,Chuva,Dupla,Aclive;Reta,Não,2,0,1,0,0,1,1,2,-27.601378,-48.578603,SPRF-SC,DEL01-SC,UOP01-DEL01-SC,2025
"727070,0",2025-10-24,sexta-feira,02:30:00,SC,282,"239,0",SAO JOSE DO CERRITO,Velocidade Incompatível,Colisão com objeto,Com Vítimas Feridas,Plena Noite,Crescente,Céu Claro,Simples,Curva,Não,1,0,0,1,0,0,1,1,-27.7675267,-50.497255,SPRF-SC,DEL05-SC,UOP02-DEL05-SC,2025
"727076,0",2025-10-24,sexta-feira,06:45:00,SC,280,"71,7",JARAGUA DO SUL,Condutor deixou de manter distância do veículo da frente,Colisão traseira,Com Vítimas Feridas,Amanhecer,Decrescente,Céu Claro,Simples,Reta,Não,1,0,0,1,0,0,1,1,-26.45884785,-49.15284934,SPRF-SC,DEL03-SC,UOP03-DEL03-SC,2025
"727085,0",2025-10-24,sexta-feira,06:50:00,SC,101,"37,0",JOINVILLE,Acessar a via sem observar a presença dos outros veículos,Colisão lateral mesmo sentido,Com Vítimas Feridas,Pleno dia,Crescente,Céu Claro,Simples,Interseção de Vias;Reta,Sim,3,0,2,0,1,0,2,2,-26.27997676,-48.8907373,SPRF-SC,DEL03-SC,UOP01-DEL03-SC,2025
"727109,0",2025-10-24,sexta-feira,08:30:00,SC,101,"199,7",SAO JOSE,Condutor deixou de manter distância do veículo da frente,Colisão traseira,Com Vítimas Feridas,Pleno dia,Crescente,Garoa/Chuvisco,Múltipla,Reta,Sim,2,0,1,0,1,0,1,2,-27.53988834,-48.62319279,SPRF-SC,DEL01-SC,UOP01-DEL01-SC,2025
"727135,0",2025-10-24,sexta-feira,09:40:00,SC,101,"208,5",SAO JOSE,Trafegar com motocicleta (ou similar) entre as faixas,Colisão lateral mesmo sentido,Com Vítimas Feridas,Pleno dia,Decrescente,Nublado,Múltipla,Declive;Reta,Sim,3,0,1,1,1,0,2,2,-27.60953553,-48.63814294,SPRF-SC,DEL01-SC,UOP01-DEL01-SC,2025
"727141,0",2025-10-24,sexta-feira,08:20:00,SC,282,"608,0",MARAVILHA,Demais falhas na via,Tombamento,Com Vítimas Feridas,Pleno dia,Decrescente,Céu Claro,Simples,Reta,Não,1,0,1,0,0,0,1,1,-26.7638291,-53.2184051,SPRF-SC,DEL07-SC,UOP02-DEL07-SC,2025
"727152,0",2025-10-24,sexta-feira,07:15:00,SC,101,"211,0",PALHOCA,Trafegar com motocicleta (ou similar) entre as faixas,Colisão lateral mesmo sentido,Com Vítimas Feridas,Pleno dia,Decrescente,Céu Claro,Múltipla,Reta,Não,2,0,1,0,1,0,1,2,-27.62358569,-48.65249125,SPRF-SC,DEL01-SC,UOP02-DEL01-SC,2025
"727159,0",2025-10-24,sexta-feira,12:15:00,SC,470,"63,0",INDAIAL,Desrespeitar a preferência no cruzamento,Colisão transversal,Com Vítimas Feridas,Pleno dia,Decrescente,Céu Claro,Simples,Reta,Sim,2,0,0,1,1,0,1,2,-26.87212394,-49.19367671,SPRF-SC,DEL04-SC,UOP01-DEL04-SC,2025
"727166,0",2025-10-24,sexta-feira,12:00:00,SC,101,"455,1",SAO JOAO DO SUL,Reação tardia ou ineficiente do condutor,Colisão com objeto,Com Vítimas Feridas,Pleno dia,Crescente,Céu Claro,Múltipla,Interseção de Vias,Sim,2,0,2,0,0,0,2,1,-29.22274273,-49.76022396,SPRF-SC,DEL02-SC,UOP02-DEL02-SC,2025
"727172,0",2025-10-24,sexta-feira,06:40:00,SC,101,"208,5",SAO JOSE,Manobra de mudança de faixa,Colisão lateral mesmo sentido,Com Vítimas Feridas,Pleno dia,Decrescente,Céu Claro,Dupla,Reta,Não,2,0,2,0,0,0,2,2,-27.608367,-48.636987,SPRF-SC,DEL01-SC,UOP01-DEL01-SC,2025
"727174,0",2025-10-24,sexta-feira,12:50:00,SC,101,"88,1",BARRA VELHA,Reação tardia ou ineficiente do condutor,Tombamento,Com Vítimas Feridas,Pleno dia,Crescente,Sol,Múltipla,Reta;Declive,Sim,2,0,2,0,0,0,2,1,-26.64867563,-48.68685421,SPRF-SC,DEL03-SC,UOP02-DEL03-SC,2025
"727192,0",2025-10-24,sexta-feira,14:30:00,SC,282,"46,0",AGUAS MORNAS,Pista Escorregadia,Saída de leito carroçável,Com Vítimas Feridas,Pleno dia,Crescente,Nublado,Simples,Aclive;Curva,Não,2,0,0,2,0,0,2,1,-27.72092014,-48.92335189,SPRF-SC,DEL01-SC,UOP03-DEL01-SC,2025
"727194,0",2025-10-24,sexta-feira,13:00:00,SC,282,"252,3",SAO JOSE DO CERRITO,Demais falhas mecânicas ou elétricas,Saída de leito carroçável,Com Vítimas Fatais,Pleno dia,Decrescente,Céu Claro,Simples,Curva,Não,2,1,0,1,0,0,1,1,-27.6853272,-50.5656446,SPRF-SC,DEL05-SC,UOP02-DEL05-SC,2025
"727198,0",2025-10-24,sexta-feira,14:45:00,SC,116,"11,3",MAFRA,Ausência de reação do condutor,Saída de leito carroçável,Com Vítimas Feridas,Pleno dia,Decrescente,Céu Claro,Simples,Curva,Não,1,0,1,0,0,0,1,1,-26.178233,-49.860902,SPRF-SC,DEL06-SC,UOP01-DEL06-SC,2025
"727215,0",2025-10-24,sexta-feira,16:40:00,SC,158,"104,0",MARAVILHA,Desrespeitar a preferência no cruzamento,Colisão transversal,Com Vítimas Feridas,Pleno dia,Crescente,Céu Claro,Simples,Reta,Não,2,0,1,0,1,0,1,2,-26.7728051,-53.1721129,SPRF-SC,DEL07-SC,UOP02-DEL07-SC,2025
"727221,0",2025-10-24,sexta-feira,17:08:00,SC,101,"179,0",BIGUACU,Reação tardia ou ineficiente do condutor,Tombamento,Com Vítimas Feridas,Pleno dia,Crescente,Céu Claro,Dupla,Curva,Não,1,0,0,1,0,0,1,1,-27.373052,-48.633163,SPRF-SC,DEL01-SC,UOP01-DEL01-SC,2025
"727233,0",2025-10-24,sexta-feira,17:15:00,SC,101,"85,3",BARRA VELHA,Reação tardia ou ineficiente do condutor,Tombamento,Com Vítimas Feridas,Pleno dia,Crescente,Céu Claro,Dupla,Reta,Sim,1,0,1,0,0,0,1,1,-26.63613758,-48.69807808,SPRF-SC,DEL03-SC,UOP02-DEL03-SC,2025
"727239,0",2025-10-24,sexta-feira,17:55:00,SC,282,"4,6",SAO JOSE,Manobra de mudança de faixa,Colisão traseira,Com Vítimas Feridas,Pleno dia,Crescente,Céu Claro,Dupla,Reta,Não,3,0,0,1,1,1,1,3,-27.59017,-48.60952,SPRF-SC,DEL01-SC,UOP01-DEL01-SC,2025
"727247,0",2025-10-24,sexta-feira,19:05:00,SC,282,"4,5",SAO JOSE,Condutor deixou de manter distância do veículo da frente,Colisão traseira,Com Vítimas Feridas,Anoitecer,Crescente,Céu Claro,Múltipla,Reta,Sim,2,0,1,0,1,0,1,2,-27.58958091,-48.60961106,SPRF-SC,DEL01-SC,UOP01-DEL01-SC,2025
"727252,0",2025-10-24,sexta-feira,17:30:00,SC,280,"35,6",ARAQUARI,Entrada inopinada do pedestre,Atropelamento de Pedestre,Com Vítimas Feridas,Pleno dia,Decrescente,Céu Claro,Simples,Curva,Sim,2,0,0,1,1,0,1,2,-26.44011,-48.807423,SPRF-SC,DEL03-SC,UOP03-DEL03-SC,2025
"727271,0",2025-10-24,sexta-feira,20:40:00,SC,280,"28,0",ARAQUARI,Transitar na contramão,Colisão transversal,Com Vítimas Feridas,Plena Noite,Decrescente,Nublado,Simples,Reta,Não,2,0,0,1,1,0,1,2,-26.4037627,-48.745486,SPRF-SC,DEL03-SC,UOP03-DEL03-SC,2025
"727286,0",2025-10-24,sexta-feira,21:00:00,SC,101,"127,5",ITAJAI,Condutor deixou de manter distância do veículo da frente,Colisão traseira,Com Vítimas Fatais,Plena Noite,Decrescente,Nublado,Dupla,Reta,Sim,2,1,0,0,0,1,0,2,-26.968604,-48.683472,SPRF-SC,DEL04-SC,UOP04-DEL04-SC,2025
"727298,0",2025-10-24,sexta-feira,22:30:00,SC,101,"87,0",BARRA VELHA,Acessar a via sem observar a presença dos outros veículos,Colisão transversal,Com Vítimas Feridas,Plena Noite,Crescente,Nublado,Simples,Interseção de Vias;Reta,Sim,2,0,1,0,1,0,1,2,-26.64672033,-48.68737221,SPRF-SC,DEL03-SC,UOP02-DEL03-SC,2025
"727302,0",2025-10-25,sábado,00:40:00,SC,101,"201,7",SAO JOSE,Manobra de mudança de faixa,Colisão traseira,Com Vítimas Feridas,Plena Noite,Decrescente,Céu Claro,Dupla,Reta,Sim,2,0,1,0,1,0,1,2,-27.54462343,-48.62037208,SPRF-SC,DEL01-SC,UOP01-DEL01-SC,2025
"727306,0",2025-10-24,sexta-feira,23:36:00,SC,101,"432,0",SOMBRIO,Ausência de reação do condutor,Colisão traseira,Com Vítimas Feridas,Plena Noite,Crescente,Ignorado,Múltipla,Reta,Sim,3,0,1,0,1,1,1,2,-29.081928,-49.629689,SPRF-SC,DEL02-SC,UOP02-DEL02-SC,2025
"727311,0",2025-10-25,sábado,01:05:00,SC,101,"376,5",ICARA,Condutor deixou de manter distância do veículo da frente,Colisão traseira,Sem Vítimas,Plena Noite,Crescente,Céu Claro,Dupla,Curva,Não,2,0,0,0,2,0,0,2,-28.74288,-49.25306,SPRF-SC,DEL02-SC,UOP01-DEL02-SC,2025
"727330,0",2025-10-25,sábado,03:40:00,SC,282,"367,0",ERVAL VELHO,Ingestão de álcool pelo condutor,Saída de leito carroçável,Sem Vítimas,Plena Noite,Decrescente,Céu Claro,Simples,Reta;Aclive,Sim,3,0,0,0,3,0,0,1,-27.2923381,-51.4136687,SPRF-SC,DEL07-SC,UOP05-DEL07-SC,2025
"727344,0",2025-10-25,sábado,06:35:00,SC,101,"130,0",CAMBORIU,Ingestão de álcool pelo condutor,Saída de leito carroçável,Com Vítimas Feridas,Pleno dia,Decrescente,Nublado,Simples,Reta,Não,1,0,1,0,0,0,1,1,-26.98587,-48.667127,SPRF-SC,DEL04-SC,UOP03-DEL04-SC,2025
"727346,0",2025-10-25,sábado,07:10:00,SC,101,"213,0",PALHOCA,Condutor deixou de manter distância do veículo da frente,Colisão lateral mesmo sentido,Com Vítimas Feridas,Pleno dia,Decrescente,Céu Claro,Múltipla,Reta,Sim,2,0,1,0,1,0,1,2,-27.63846767,-48.66630468,SPRF-SC,DEL01-SC,UOP02-DEL01-SC,2025
"727350,0",2025-10-25,sábado,07:30:00,SC,101,"160,0",TIJUCAS,Avarias e/ou desgaste excessivo no pneu,Queda de ocupante de veículo,Com Vítimas Feridas,Pleno dia,Decrescente,Céu Claro,Dupla,Reta,Não,2,0,1,1,0,0,2,1,-27.21787677,-48.62309056,SPRF-SC,DEL04-SC,UOP03-DEL04-SC,2025
"727371,0",2025-10-25,sábado,10:00:00,SC,282,"351,0",CAMPOS NOVOS,Animais na Pista,Colisão traseira,Com Vítimas Feridas,Pleno dia,Crescente,Céu Claro,Simples,Reta,Não,3,0,1,0,2,0,1,2,-27.359518,-51.324245,SPRF-SC,DEL07-SC,UOP06-DEL07-SC,2025
"727379,0",2025-10-25,sábado,10:10:00,SC,282,"4,0",SAO JOSE,Reação tardia ou ineficiente do condutor,Colisão lateral mesmo sentido,Com Vítimas Feridas,Pleno dia,Crescente,Nublado,Dupla,Reta,Sim,4,0,2,0,0,2,2,3,-27.58954502,-48.61033916,SPRF-SC,DEL01-SC,UOP01-DEL01-SC,2025
"727382,0",2025-10-25,sábado,10:35:00,SC,101,"209,9",SAO JOSE,Reação tardia ou ineficiente do condutor,Colisão traseira,Com Vítimas Feridas,Pleno dia,Decrescente,Céu Claro,Dupla,Reta,Não,4,0,2,0,2,0,2,2,-27.58854659,-48.61261368,SPRF-SC,DEL01-SC,UOP01-DEL01-SC,2025
"727391,0",2025-10-25,sábado,10:50:00,SC,101,"2,2",ARARANGUA,Condutor deixou de manter distância do veículo da frente,Colisão lateral mesmo sentido,Com Vítimas Feridas,Pleno dia,Crescente,Céu Claro,Múltipla,Rotatória,Sim,2,0,2,0,0,0,2,2,-28.93865958,-49.49679701,SPRF-SC,DEL02-SC,UOP02-DEL02-SC,2025
"727437,0",2025-10-25,sábado,15:30:00,SC,101,"357,0",SANGAO,Manobra de mudança de faixa,Saída de leito carroçável,Com Vítimas Feridas,Pleno dia,Crescente,Nublado,Simples,Curva,Não,2,0,1,1,0,0,2,1,-28.641904,-49.102379,SPRF-SC,DEL02-SC,UOP01-DEL02-SC,2025
"727445,0",2025-10-25,sábado,11:15:00,SC,163,"70,4",SAO MIGUEL DO OESTE,Ingestão de substâncias psicoativas pelo condutor,Colisão com objeto,Com Vítimas Feridas,Pleno dia,Crescente,Céu Claro,Dupla,Interseção de Vias;Curva,Sim,1,0,0,1,0,0,1,1,-26.732658,-53.509815,SPRF-SC,DEL07-SC,UOP03-DEL07-SC,2025
"727447,0",2025-10-25,sábado,16:00:00,SC,101,"434,4",SOMBRIO,Ausência de reação do condutor,Colisão traseira,Com Vítimas Feridas,Pleno dia,Crescente,Céu Claro,Múltipla,Reta,Não,2,0,1,1,0,0,2,2,-29.09808329,-49.63410616,SPRF-SC,DEL02-SC,UOP02-DEL02-SC,2025
"727449,0",2025-10-25,sábado,15:50:00,SC,101,"140,0",BALNEARIO CAMBORIU,Reação tardia ou ineficiente do condutor,Saída de leito carroçável,Com Vítimas Feridas,Pleno dia,Crescente,Nublado,Dupla,Aclive;Reta,Sim,1,0,0,1,0,0,1,1,-27.05108788,-48.60032487,SPRF-SC,DEL04-SC,UOP03-DEL04-SC,2025
"727459,0",2025-10-25,sábado,21:10:00,SC,101,"197,2",BIGUACU,Reação tardia ou ineficiente do condutor,Colisão lateral mesmo sentido,Com Vítimas Feridas,Plena Noite,Crescente,Céu Claro,Múltipla,Curva,Sim,4,0,1,0,3,0,1,3,-27.5201,-48.63799,SPRF-SC,DEL01-SC,UOP01-DEL01-SC,2025
"727480,0",2025-10-25,sábado,17:25:00,SC,280,"53,0",GUARAMIRIM,Ausência de reação do condutor,Colisão traseira,Com Vítimas Feridas,Pleno dia,Crescente,Nublado,Dupla,Reta,Sim,2,0,0,1,1,0,1,2,-26.47420765,-48.97987096,SPRF-SC,DEL03-SC,UOP03-DEL03-SC,2025
"727486,0",2025-10-25,sábado,19:20:00,SC,101,"326,0",CAPIVARI DE BAIXO,Manobra de mudança de faixa,Colisão lateral mesmo sentido,Com Vítimas Feridas,Plena Noite,Decrescente,Céu Claro,Simples,Interseção de Vias;Reta,Sim,2,0,1,0,1,0,1,2,-28.436022,-48.959053,SPRF-SC,DEL02-SC,UOP01-DEL02-SC,2025
"727494,0",2025-10-25,sábado,19:24:00,SC,101,"100,5",BALNEARIO PICARRAS,Transitar na contramão,Colisão frontal,Com Vítimas Feridas,Plena Noite,Crescente,Céu Claro,Simples,Reta,Sim,3,0,0,2,1,0,2,2,-26.75941875,-48.68777689,SPRF-SC,DEL03-SC,UOP02-DEL03-SC,2025
"727525,0",2025-10-25,sábado,21:10:00,SC,470,"143,0",RIO DO SUL,Ultrapassagem Indevida,Colisão frontal,Com Vítimas Feridas,Plena Noite,Decrescente,Nublado,Dupla,Reta,Sim,3,0,0,1,1,1,1,3,-27.20577096,-49.64587066,SPRF-SC,DEL04-SC,UOP02-DEL04-SC,2025
"727526,0",2025-10-25,sábado,21:30:00,SC,101,"197,2",BIGUACU,Ingestão de álcool pelo condutor,Tombamento,Com Vítimas Feridas,Plena Noite,Crescente,Céu Claro,Múltipla,Reta,Sim,1,0,1,0,0,0,1,1,-27.5201,-48.63795,SPRF-SC,DEL01-SC,UOP01-DEL01-SC,2025
"727539,0",2025-10-25,sábado,22:30:00,SC,470,"64,0",INDAIAL,Conversão proibida,Tombamento,Com Vítimas Feridas,Plena Noite,Crescente,Nublado,Simples,Reta,Não,3,0,2,0,1,0,2,2,-26.87448,-49.187003,SPRF-SC,DEL04-SC,UOP01-DEL04-SC,2025
"727564,0",2025-10-26,domingo,04:30:00,SC,101,"201,8",SAO JOSE,Reação tardia ou ineficiente do condutor,Capotamento,Sem Vítimas,Amanhecer,Crescente,Nublado,Múltipla,Curva,Sim,1,0,0,0,0,1,0,1,-27.55664381,-48.61919967,SPRF-SC,DEL01-SC,UOP01-DEL01-SC,2025
"727565,0",2025-10-26,domingo,04:35:00,SC,280,"71,0",JARAGUA DO SUL,Velocidade Incompatível,Colisão com objeto,Com Vítimas Feridas,Amanhecer,Crescente,Céu Claro,Simples,Rotatória,Sim,1,0,1,0,0,0,1,1,-26.4610075,-49.1376586,SPRF-SC,DEL03-SC,UOP03-DEL03-SC,2025
"727627,0",2025-10-26,domingo,09:51:00,SC,116,"54,0",PAPANDUVA,Ausência de reação do condutor,Tombamento,Com Vítimas Feridas,Pleno dia,Crescente,Garoa/Chuvisco,Simples,Rotatória,Sim,1,0,1,0,0,0,1,1,-26.3951,-50.16281,SPRF-SC,DEL06-SC,UOP02-DEL06-SC,2025
"727674,0",2025-10-26,domingo,14:40:00,SC,282,"5,0",SAO JOSE,Manobra de mudança de faixa,Queda de ocupante de veículo,Com Vítimas Feridas,Pleno dia,Decrescente,Nublado,Múltipla,Reta,Sim,3,0,1,0,1,1,1,2,-27.58934013,-48.61080972,SPRF-SC,DEL01-SC,UOP01-DEL01-SC,2025
"727679,0",2025-10-26,domingo,14:05:00,SC,280,"92,7",CORUPA,Reação tardia ou ineficiente do condutor,Saída de leito carroçável,Com Vítimas Feridas,Pleno dia,Decrescente,Chuva,Simples,Reta,Não,1,0,1,0,0,0,1,1,-26.392457,-49.301785,SPRF-SC,DEL06-SC,UOP03-DEL06-SC,2025
"727685,0",2025-10-26,domingo,16:40:00,SC,101,"129,0",CAMBORIU,Ausência de reação do condutor,Tombamento,Com Vítimas Feridas,Pleno dia,Decrescente,Chuva,Dupla,Reta,Não,1,0,0,1,0,0,1,1,-26.97730422,-48.68200536,SPRF-SC,DEL04-SC,UOP03-DEL04-SC,2025
"727711,0",2025-10-26,domingo,16:20:00,SC,282,"606,9",MARAVILHA,Acessar a via sem observar a presença dos outros veículos,Colisão transversal,Com Vítimas Feridas,Pleno dia,Crescente,Nublado,Simples,Interseção de Vias,Sim,4,0,1,1,2,0,2,2,-26.77490963,-53.20320217,SPRF-SC,DEL07-SC,UOP02-DEL07-SC,2025
"727723,0",2025-10-26,domingo,19:00:00,SC,282,"407,8",CATANDUVAS,Transitar na contramão,Colisão frontal,Com Vítimas Feridas,Plena Noite,Crescente,Chuva,Simples,Curva,Não,6,0,2,0,4,0,2,2,-27.0981958,-51.6529685,SPRF-SC,DEL07-SC,UOP05-DEL07-SC,2025
"727759,0",2025-10-26,domingo,21:40:00,SC,116,"0,3",MAFRA,Reação tardia ou ineficiente do condutor,Tombamento,Com Vítimas Feridas,Plena Noite,Decrescente,Céu Claro,Simples,Reta;Declive,Não,1,0,1,0,0,0,1,1,-26.109726,-49.784891,SPRF-SC,DEL06-SC,UOP01-DEL06-SC,2025
"727766,0",2025-10-26,domingo,21:50:00,SC,470,"53,3",BLUMENAU,Acessar a via sem observar a presença dos outros veículos,Colisão lateral mesmo sentido,Com Vítimas Feridas,Plena Noite,Decrescente,Garoa/Chuvisco,Simples,Curva;Em Obras,Sim,2,0,1,0,1,0,1,2,-26.86942,-49.10466,SPRF-SC,DEL04-SC,UOP01-DEL04-SC,2025
"727780,0",2025-10-26,domingo,21:30:00,SC,282,"232,7",LAGES,Reação tardia ou ineficiente do condutor,Saída de leito carroçável,Com Vítimas Feridas,Plena Noite,Decrescente,Chuva,Simples,Reta,Não,1,0,1,0,0,0,1,1,-27.78596197,-50.45213096,SPRF-SC,DEL05-SC,UOP02-DEL05-SC,2025
"727786,0",2025-10-26,domingo,22:35:00,SC,280,"79,9",CORUPA,Ingestão de álcool pelo condutor,Colisão com objeto,Com Vítimas Feridas,Plena Noite,Decrescente,Garoa/Chuvisco,Simples,Rotatória,Não,1,0,1,0,0,0,1,1,-26.440617,-49.22135,SPRF-SC,DEL06-SC,UOP03-DEL06-SC,2025
"727791,0",2025-10-26,domingo,23:20:00,SC,101,"105,1",PENHA,Ingestão de álcool pelo condutor,Colisão com objeto,Sem Vítimas,Plena Noite,Decrescente,Nublado,Dupla,Curva,Não,1,0,0,0,1,0,0,1,-26.8034157,-48.67909741,SPRF-SC,DEL03-SC,UOP02-DEL03-SC,2025
"727795,0",2025-10-27,segunda-feira,01:15:00,SC,101,"306,5",LAGUNA,Reação tardia ou ineficiente do condutor,Colisão com objeto,Com Vítimas Feridas,Plena Noite,Crescente,Chuva,Dupla,Curva,Não,4,0,3,0,1,0,3,1,-28.40391315,-48.78953353,SPRF-SC,DEL02-SC,UOP03-DEL02-SC,2025
"727808,0",2025-10-27,segunda-feira,04:35:00,SC,101,"370,0",ICARA,Demais falhas mecânicas ou elétricas,Incêndio,Sem Vítimas,Plena Noite,Decrescente,Nublado,Múltipla,Reta,Não,1,0,0,0,1,0,0,1,-28.751779,-49.271642,SPRF-SC,DEL02-SC,UOP01-DEL02-SC,2025
"727810,0",2025-10-27,segunda-feira,06:00:00,SC,101,"126,2",ITAJAI,Chuva,Tombamento,Com Vítimas Feridas,Pleno dia,Crescente,Céu Claro,Dupla,Reta,Não,1,0,1,0,0,0,1,1,-26.95742,-48.68264,SPRF-SC,DEL04-SC,UOP04-DEL04-SC,2025
"727826,0",2025-10-27,segunda-feira,05:15:00,SC,470,"67,0",INDAIAL,Ausência de reação do condutor,Atropelamento de Pedestre,Com Vítimas Feridas,Amanhecer,Decrescente,Garoa/Chuvisco,Simples,Rotatória,Não,3,0,3,0,0,0,3,2,-26.87311401,-49.23241703,SPRF-SC,DEL04-SC,UOP01-DEL04-SC,2025
"727835,0",2025-10-27,segunda-feira,06:36:00,SC,280,"94,0",SAO BENTO DO SUL,Reação tardia ou ineficiente do condutor,Saída de leito carroçável,Com Vítimas Feridas,Pleno dia,Decrescente,Garoa/Chuvisco,Simples,Reta,Não,2,0,1,0,1,0,1,1,-26.370927,-49.333675,SPRF-SC,DEL06-SC,UOP03-DEL06-SC,2025
"727838,0",2025-10-27,segunda-feira,07:15:00,SC,470,"149,9",AGRONOMICA,Ausência de reação do condutor,Saída de leito carroçável,Com Vítimas Feridas,Pleno dia,Decrescente,Chuva,Simples,Retorno Regulamentado;Interseção de Vias,Não,2,0,2,0,0,0,2,1,-27.25709,-49.71219,SPRF-SC,DEL04-SC,UOP02-DEL04-SC,2025
"727844,0",2025-10-27,segunda-feira,06:30:00,SC,101,"235,0",PALHOCA,Acumulo de água sobre o pavimento,Colisão traseira,Com Vítimas Feridas,Pleno dia,Decrescente,Chuva,Dupla,Aclive;Curva,Não,3,0,1,0,2,0,1,2,-27.81845865,-48.63119817,SPRF-SC,DEL01-SC,UOP02-DEL01-SC,2025
"727847,0",2025-10-27,segunda-feira,07:20:00,SC,101,"110,4",NAVEGANTES,Ausência de reação do condutor,Tombamento,Com Vítimas Feridas,Pleno dia,Decrescente,Chuva,Dupla,Reta,Não,4,0,3,0,1,0,3,3,-26.83626608,-48.71041171,SPRF-SC,DEL04-SC,UOP04-DEL04-SC,2025
"727859,0",2025-10-27,segunda-feira,08:10:00,SC,282,"3,0",FLORIANOPOLIS,Reação tardia ou ineficiente do condutor,Queda de ocupante de veículo,Com Vítimas Feridas,Pleno dia,Decrescente,Chuva,Dupla,Reta,Sim,1,0,1,0,0,0,1,1,-27.60116191,-48.59883817,SPRF-SC,DEL01-SC,UOP01-DEL01-SC,2025
"727862,0",2025-10-27,segunda-feira,08:05:00,SC,101,"213,1",PALHOCA,Trafegar com motocicleta (ou similar) entre as faixas,Colisão lateral mesmo sentido,Com Vítimas Feridas,Pleno dia,Crescente,Chuva,Múltipla,Reta,Sim,3,0,1,0,1,1,1,3,-27.63797665,-48.66602032,SPRF-SC,DEL01-SC,UOP02-DEL01-SC,2025
"727864,0",2025-10-27,segunda-feira,08:50:00,SC,101,"208,4",SAO JOSE,Ausência de reação do condutor,Colisão traseira,Com Vítimas Feridas,Pleno dia,Crescente,Chuva,Dupla,Viaduto;Reta,Sim,2,0,1,0,1,0,1,2,-27.60539,-48.63468,SPRF-SC,DEL01-SC,UOP01-DEL01-SC,2025
"727865,0",2025-10-27,segunda-feira,08:00:00,SC,282,"115,0",ALFREDO WAGNER,Chuva,Saída de leito carroçável,Com Vítimas Feridas,Pleno dia,Decrescente,Chuva,Simples,Curva,Não,2,0,1,0,1,0,1,2,-27.69657945,-49.33830611,SPRF-SC,DEL01-SC,UOP03-DEL01-SC,2025
"727871,0",2025-10-27,segunda-feira,09:00:00,SC,101,"203,1",SAO JOSE,Desrespeitar a preferência no cruzamento,Colisão transversal,Com Vítimas Feridas,Pleno dia,Crescente,Chuva,Dupla,Viaduto;Reta,Sim,2,0,1,0,1,0,1,2,-27.56585074,-48.6145613,SPRF-SC,DEL01-SC,UOP01-DEL01-SC,2025