id,data_inversa,dia_semana,horario,uf,br,km,municipio,causa_acidente,tipo_acidente,classificacao_acidente,fase_dia,sentido_via,condicao_metereologica,tipo_pista,tracado_via,uso_solo,pessoas,mortos,feridos_leves,feridos_graves,ilesos,ignorados,feridos,veiculos,latitude,longitude,regional,delegacia,uop,ano_arquivo
"727896,0",2025-10-27,segunda-feira,12:50:00,SC,282,"47,0",AGUAS MORNAS,Ausência de reação do condutor,Saída de leito carroçável,Com Vítimas Feridas,Pleno dia,Crescente,Garoa/Chuvisco,Simples,Reta,Não,1,0,1,0,0,0,1,1,-27.70301134,-48.82602163,SPRF-SC,DEL01-SC,UOP03-DEL01-SC,2025
"727901,0",2025-10-27,segunda-feira,12:18:00,SC,470,"45,0",GASPAR,Reação tardia ou ineficiente do condutor,Colisão lateral mesmo sentido,Com Vítimas Feridas,Pleno dia,Decrescente,Chuva,Dupla,Em Obras,Não,2,0,1,0,1,0,1,2,-26.86280641,-49.03493134,SPRF-SC,DEL04-SC,UOP01-DEL04-SC,2025
"727915,0",2025-10-27,segunda-feira,13:20:00,SC,101,"134,1",BALNEARIO CAMBORIU,Reação tardia ou ineficiente do condutor,Colisão traseira,Com Vítimas Feridas,Pleno dia,Decrescente,Garoa/Chuvisco,Simples,Reta,Sim,2,0,1,0,1,0,1,2,-27.0016316,-48.63956451,SPRF-SC,DEL04-SC,UOP03-DEL04-SC,2025
"727929,0",2025-10-27,segunda-feira,15:30:00,SC,101,"134,0",BALNEARIO CAMBORIU,Acessar a via sem observar a presença dos outros veículos,Colisão lateral mesmo sentido,Com Vítimas Feridas,Pleno dia,Crescente,Nublado,Múltipla,Reta,Não,2,0,2,0,0,0,2,2,-27.0038022,-48.6349721,SPRF-SC,DEL04-SC,UOP03-DEL04-SC,2025
"727976,0",2025-10-27,segunda-feira,15:50:00,SC,470,"96,0",APIUNA,Trafegar com motocicleta (ou similar) entre as faixas,Colisão lateral sentido oposto,Com Vítimas Feridas,Pleno dia,Decrescente,Nublado,Simples,Reta,Não,2,0,1,0,1,0,1,2,-26.99111227,-49.37509328,SPRF-SC,DEL04-SC,UOP01-DEL04-SC,2025
"727981,0",2025-10-27,segunda-feira,12:10:00,SC,280,"167,0",MAFRA,Acessar a via sem observar a presença dos outros veículos,Colisão transversal,Com Vítimas Feridas,Pleno dia,Decrescente,Céu Claro,Simples,Retorno Regulamentado,Sim,2,0,1,0,1,0,1,2,-26.164542,-49.81829,SPRF-SC,DEL06-SC,UOP01-DEL06-SC,2025
"728007,0",2025-10-27,segunda-feira,21:40:00,SC,101,"211,0",PALHOCA,Desrespeitar a preferência no cruzamento,Colisão lateral mesmo sentido,Com Vítimas Feridas,Plena Noite,Crescente,Nublado,Dupla,Interseção de Vias,Sim,3,0,2,0,1,0,2,2,-27.6282272,-48.6578167,SPRF-SC,DEL01-SC,UOP02-DEL01-SC,2025
"728017,0",2025-10-28,terça-feira,00:02:00,SC,116,"271,5",CAPAO ALTO,Ausência de reação do condutor,Saída de leito carroçável,Com Vítimas Feridas,Plena Noite,Decrescente,Nublado,Simples,Curva,Não,2,0,2,0,0,0,2,1,-27.97953,-50.511802,SPRF-SC,DEL05-SC,UOP02-DEL05-SC,2025
"728034,0",2025-10-28,terça-feira,06:30:00,SC,101,"118,9",ITAJAI,Condutor deixou de manter distância do veículo da frente,Colisão traseira,Com Vítimas Feridas,Pleno dia,Crescente,Nublado,Múltipla,Reta,Sim,3,0,2,0,1,0,2,2,-26.89690653,-48.71873729,SPRF-SC,DEL04-SC,UOP04-DEL04-SC,2025
"728065,0",2025-10-18,sábado,21:20:00,SC,101,"95,6",BARRA VELHA,Demais falhas mecânicas ou elétricas,Incêndio,Sem Vítimas,Plena Noite,Decrescente,Nublado,Dupla,Reta,Sim,1,0,0,0,1,0,0,1,-26.71963749,-48.702021,SPRF-SC,DEL03-SC,UOP02-DEL03-SC,2025
"728067,0",2025-10-28,terça-feira,09:40:00,SC,282,"5,2",SAO JOSE,Frear bruscamente,Tombamento,Com Vítimas Feridas,Pleno dia,Crescente,Nublado,Múltipla,Reta;Interseção de Vias,Sim,1,0,0,1,0,0,1,1,-27.58796476,-48.61436717,SPRF-SC,DEL01-SC,UOP01-DEL01-SC,2025
"728146,0",2025-10-28,terça-feira,17:00:00,SC,101,"129,0",CAMBORIU,Manobra de mudança de faixa,Colisão lateral mesmo sentido,Com Vítimas Feridas,Pleno dia,Decrescente,Nublado,Dupla,Reta,Sim,2,0,1,0,1,0,1,2,-26.98275469,-48.67302625,SPRF-SC,DEL04-SC,UOP03-DEL04-SC,2025
"728150,0",2025-10-12,domingo,18:40:00,SC,480,"125,9",CHAPECO,Ingestão de álcool pelo condutor,Colisão com objeto,Com Vítimas Feridas,Plena Noite,Crescente,Garoa/Chuvisco,Múltipla,Reta,Não,1,0,1,0,0,0,1,1,-27.01199938,-52.63936424,SPRF-SC,DEL07-SC,UOP01-DEL07-SC,2025
"728161,0",2025-10-28,terça-feira,10:15:00,SC,101,"167,0",TIJUCAS,Acumulo de óleo sobre o pavimento,Tombamento,Com Vítimas Feridas,Pleno dia,Crescente,Nublado,Dupla,Reta,Não,1,0,1,0,0,0,1,1,-27.28297208,-48.63102436,SPRF-SC,DEL04-SC,UOP03-DEL04-SC,2025
"728162,0",2025-10-28,terça-feira,18:15:00,SC,101,"349,0",JAGUARUNA,Acumulo de água sobre o pavimento,Colisão com objeto,Com Vítimas Feridas,Anoitecer,Crescente,Chuva,Dupla,Curva,Não,1,0,1,0,0,0,1,1,-28.59197592,-49.04517621,SPRF-SC,DEL02-SC,UOP01-DEL02-SC,2025
"728163,0",2025-10-28,terça-feira,10:40:00,SC,101,"122,0",ITAJAI,Pedestre andava na pista,Atropelamento de Pedestre,Com Vítimas Feridas,Pleno dia,Crescente,Nublado,Dupla,Reta,Sim,2,0,0,1,0,1,1,2,-26.93439035,-48.70123386,SPRF-SC,DEL04-SC,UOP04-DEL04-SC,2025
"728167,0",2025-10-28,terça-feira,19:00:00,SC,101,"150,0",ITAPEMA,Demais falhas mecânicas ou elétricas,Queda de ocupante de veículo,Com Vítimas Feridas,Plena Noite,Decrescente,Chuva,Dupla,Reta,Sim,2,0,1,1,0,0,2,1,-27.11582326,-48.60951154,SPRF-SC,DEL04-SC,UOP03-DEL04-SC,2025
"728172,0",2025-10-28,terça-feira,18:30:00,SC,101,"114,0",ITAJAI,Manobra de mudança de faixa,Colisão lateral mesmo sentido,Com Vítimas Feridas,Plena Noite,Decrescente,Chuva,Múltipla,Reta,Sim,2,0,1,0,1,0,1,2,-26.87173754,-48.72898802,SPRF-SC,DEL04-SC,UOP04-DEL04-SC,2025
"728230,0",2025-10-24,sexta-feira,02:00:00,SC,282,"66,7",RANCHO QUEIMADO,Ausência de reação do condutor,Colisão traseira,Com Vítimas Feridas,Plena Noite,Crescente,Nublado,Simples,Reta;Declive,Não,3,0,2,0,1,0,2,2,-27.69885932,-49.0677537,SPRF-SC,DEL01-SC,UOP03-DEL01-SC,2025
"728248,0",2025-10-26,domingo,01:40:00,SC,101,"216,0",PALHOCA,Participar de racha,Colisão com objeto,Sem Vítimas,Plena Noite,Crescente,Nublado,Múltipla,Reta,Não,3,0,0,0,3,0,0,2,-27.660517,-48.67811,SPRF-SC,DEL01-SC,UOP02-DEL01-SC,2025
"728265,0",2025-10-29,quarta-feira,09:30:00,SC,101,"205,4",SAO JOSE,Chuva,Tombamento,Com Vítimas Feridas,Pleno dia,Decrescente,Chuva,Múltipla,Retorno Regulamentado;Declive,Sim,1,0,0,1,0,0,1,1,-27.5873908,-48.61628143,SPRF-SC,DEL01-SC,UOP01-DEL01-SC,2025
"728279,0",2025-10-29,quarta-feira,11:05:00,SC,101,"203,4",SAO JOSE,Ausência de reação do condutor,Colisão lateral mesmo sentido,Com Vítimas Fatais,Pleno dia,Crescente,Garoa/Chuvisco,Múltipla,Interseção de Vias;Reta,Sim,3,1,0,0,1,1,0,3,-27.56901,-48.61408,SPRF-SC,DEL01-SC,UOP01-DEL01-SC,2025
"728309,0",2025-10-25,sábado,22:00:00,SC,470,"51,0",BLUMENAU,Ultrapassagem Indevida,Colisão transversal,Com Vítimas Feridas,Plena Noite,Decrescente,Céu Claro,Simples,Reta;Em Obras,Não,2,0,1,0,0,1,1,2,-26.87487657,-49.18268904,SPRF-SC,DEL04-SC,UOP01-DEL04-SC,2025
"728310,0",2025-10-29,quarta-feira,13:55:00,SC,282,"3,7",FLORIANOPOLIS,Reação tardia ou ineficiente do condutor,Colisão traseira,Com Vítimas Feridas,Pleno dia,Crescente,Nublado,Múltipla,Reta,Sim,2,0,0,1,1,0,1,2,-27.59381871,-48.6017224,SPRF-SC,DEL01-SC,UOP01-DEL01-SC,2025
"728332,0",2025-10-29,quarta-feira,11:00:00,SC,101,"127,0",BALNEARIO CAMBORIU,Trafegar com motocicleta (ou similar) entre as faixas,Colisão traseira,Com Vítimas Feridas,Pleno dia,Crescente,Nublado,Dupla,Reta,Não,2,0,1,0,1,0,1,2,-26.9752376,-48.68245572,SPRF-SC,DEL04-SC,UOP04-DEL04-SC,2025
"728343,0",2025-10-29,quarta-feira,15:00:00,SC,282,"216,1",LAGES,Ausência de reação do condutor,Saída de leito carroçável,Sem Vítimas,Pleno dia,Crescente,Garoa/Chuvisco,Simples,Interseção de Vias;Reta,Sim,1,0,0,0,1,0,0,1,-27.79713497,-50.29039979,SPRF-SC,DEL05-SC,UOP01-DEL05-SC,2025
"728354,0",2025-10-14,terça-feira,19:05:00,SC,280,"68,0",JARAGUA DO SUL,Ingestão de álcool pelo condutor,Colisão lateral sentido oposto,Com Vítimas Feridas,Pleno dia,Decrescente,Céu Claro,Simples,Reta,Sim,2,0,2,0,0,0,2,2,-26.46835881,-49.11797253,SPRF-SC,DEL03-SC,UOP03-DEL03-SC,2025
"728389,0",2025-10-29,quarta-feira,19:50:00,SC,282,"4,3",SAO JOSE,Pedestre cruzava a pista fora da faixa,Atropelamento de Pedestre,Com Vítimas Feridas,Plena Noite,Decrescente,Nublado,Múltipla,Interseção de Vias,Sim,2,0,2,0,0,0,2,2,-27.59113,-48.60733,SPRF-SC,DEL01-SC,UOP01-DEL01-SC,2025
"728397,0",2025-10-29,quarta-feira,20:40:00,SC,282,"472,7",PONTE SERRADA,Demais falhas mecânicas ou elétricas,Incêndio,Sem Vítimas,Plena Noite,Crescente,Nublado,Simples,Reta,Não,2,0,0,0,2,0,0,1,-26.88642746,-52.00264549,SPRF-SC,DEL07-SC,UOP01-DEL07-SC,2025
"728405,0",2025-10-29,quarta-feira,21:10:00,SC,101,"23,9",BIGUACU,Ausência de reação do condutor,Colisão com objeto,Com Vítimas Feridas,Plena Noite,Crescente,Chuva,Dupla,Reta;Túnel,Não,1,0,0,1,0,0,1,1,-27.4252474,-48.71012807,SPRF-SC,DEL01-SC,UOP02-DEL01-SC,2025
"728406,0",2025-10-29,quarta-feira,18:20:00,SC,163,"3,0",DIONISIO CERQUEIRA,Acessar a via sem observar a presença dos outros veículos,Colisão transversal,Com Vítimas Feridas,Pleno dia,Crescente,Nublado,Simples,Reta;Interseção de Vias;Aclive,Sim,2,0,1,0,0,1,1,2,-26.26983166,-53.6323878,SPRF-SC,DEL07-SC,UOP03-DEL07-SC,2025
"728408,0",2025-10-29,quarta-feira,22:20:00,SC,101,"208,1",SAO JOSE,Acessar a via sem observar a presença dos outros veículos,Colisão lateral mesmo sentido,Com Vítimas Feridas,Plena Noite,Crescente,Nublado,Múltipla,Reta,Sim,4,0,0,1,3,0,1,2,-27.60483848,-48.63322226,SPRF-SC,DEL01-SC,UOP01-DEL01-SC,2025
"728412,0",2025-10-29,quarta-feira,22:40:00,SC,101,"46,7",JOINVILLE,Avarias e/ou desgaste excessivo no pneu,Colisão com objeto,Sem Vítimas,Plena Noite,Decrescente,Nublado,Dupla,Curva,Sim,5,0,0,0,5,0,0,1,-26.36336541,-48.8588175,SPRF-SC,DEL03-SC,UOP01-DEL03-SC,2025
"728426,0",2025-10-30,quinta-feira,05:00:00,SC,101,"132,0",BALNEARIO CAMBORIU,Reação tardia ou ineficiente do condutor,Saída de leito carroçável,Com Vítimas Feridas,Amanhecer,Decrescente,Céu Claro,Dupla,Reta,Sim,6,0,0,6,0,0,6,1,-26.99747994,-48.65181534,SPRF-SC,DEL04-SC,UOP03-DEL04-SC,2025
"728453,0",2025-10-30,quinta-feira,07:50:00,SC,153,"97,0",CONCORDIA,Reação tardia ou ineficiente do condutor,Colisão frontal,Com Vítimas Feridas,Pleno dia,Crescente,Céu Claro,Simples,Reta,Não,3,0,3,0,0,0,3,3,-27.22792,-51.952027,SPRF-SC,DEL07-SC,UOP04-DEL07-SC,2025
"728472,0",2025-10-30,quinta-feira,08:05:00,SC,282,"217,5",LAGES,Reação tardia ou ineficiente do condutor,Colisão traseira,Com Vítimas Feridas,Pleno dia,Crescente,Céu Claro,Dupla,Reta;Em Obras;Aclive;Desvio Temporário,Sim,3,0,0,1,2,0,1,2,-27.79805987,-50.30726401,SPRF-SC,DEL05-SC,UOP01-DEL05-SC,2025
"728480,0",2025-10-30,quinta-feira,06:50:00,SC,101,"433,3",SOMBRIO,Manobra de mudança de faixa,Colisão lateral mesmo sentido,Com Vítimas Feridas,Pleno dia,Crescente,Nublado,Simples,Reta,Não,3,0,0,1,2,0,1,2,-29.09232704,-49.63300109,SPRF-SC,DEL02-SC,UOP02-DEL02-SC,2025
"728504,0",2025-10-30,quinta-feira,13:20:00,SC,282,"0,1",FLORIANOPOLIS,Pedestre cruzava a pista fora da faixa,Atropelamento de Pedestre,Com Vítimas Feridas,Pleno dia,Crescente,Céu Claro,Múltipla,Declive;Reta,Sim,2,0,1,1,0,0,2,2,-27.598535,-48.57353432,SPRF-SC,DEL01-SC,UOP01-DEL01-SC,2025
"728513,0",2025-10-30,quinta-feira,13:15:00,SC,101,"214,0",PALHOCA,Trafegar com motocicleta (ou similar) entre as faixas,Colisão lateral mesmo sentido,Com Vítimas Feridas,Pleno dia,Crescente,Céu Claro,Dupla,Reta,Sim,2,0,1,0,1,0,1,2,-27.644812,-48.671088,SPRF-SC,DEL01-SC,UOP02-DEL01-SC,2025
"728516,0",2025-10-30,quinta-feira,13:20:00,SC,101,"439,5",SOMBRIO,Animais na Pista,Atropelamento de Animal,Com Vítimas Feridas,Pleno dia,Crescente,Nublado,Simples,Reta,Não,1,0,1,0,0,0,1,1,-29.124815,-49.670778,SPRF-SC,DEL02-SC,UOP02-DEL02-SC,2025
"728519,0",2025-10-30,quinta-feira,12:50:00,SC,101,"330,0",TUBARAO,Ausência de reação do condutor,Colisão com objeto,Com Vítimas Feridas,Pleno dia,Decrescente,Garoa/Chuvisco,Múltipla,Reta,Sim,2,0,1,0,1,0,1,1,-28.460429,-48.99006486,SPRF-SC,DEL02-SC,UOP01-DEL02-SC,2025
"728535,0",2025-10-30,quinta-feira,15:00:00,SC,101,"232,7",PALHOCA,Ausência de reação do condutor,Incêndio,Sem Vítimas,Pleno dia,Crescente,Céu Claro,Dupla,Reta,Não,1,0,0,0,1,0,0,1,-27.79939197,-48.63754146,SPRF-SC,DEL01-SC,UOP02-DEL01-SC,2025
"728548,0",2025-10-30,quinta-feira,17:12:00,SC,470,"65,0",INDAIAL,Acesso irregular,Colisão frontal,Com Vítimas Feridas,Anoitecer,Decrescente,Nevoeiro/Neblina,Simples,Reta,Sim,4,0,4,0,0,0,4,2,-26.87119472,-49.21906885,SPRF-SC,DEL04-SC,UOP01-DEL04-SC,2025
"728560,0",2025-10-30,quinta-feira,17:10:00,SC,282,"502,2",XANXERE,Acessar a via sem observar a presença dos outros veículos,Colisão transversal,Com Vítimas Feridas,Pleno dia,Decrescente,Céu Claro,Simples,Reta;Interseção de Vias,Sim,2,0,1,0,1,0,1,2,-26.88543546,-52.39341259,SPRF-SC,DEL07-SC,UOP01-DEL07-SC,2025
"728565,0",2025-10-30,quinta-feira,17:20:00,SC,282,"4,3",SAO JOSE,Reação tardia ou ineficiente do condutor,Colisão traseira,Com Vítimas Feridas,Anoitecer,Crescente,Nublado,Dupla,Declive;Reta,Sim,2,0,0,1,1,0,1,2,-27.59044316,-48.60837428,SPRF-SC,DEL01-SC,UOP01-DEL01-SC,2025
"728575,0",2025-10-30,quinta-feira,16:00:00,SC,282,"31,4",SANTO AMARO DA IMPERATRIZ,Demais falhas mecânicas ou elétricas,Saída de leito carroçável,Com Vítimas Feridas,Pleno dia,Decrescente,Céu Claro,Simples,Curva,Não,1,0,1,0,0,0,1,1,-27.69832735,-48.79439704,SPRF-SC,DEL01-SC,UOP03-DEL01-SC,2025
"728580,0",2025-10-30,quinta-feira,18:25:00,SC,101,"157,0",PORTO BELO,Manobra de mudança de faixa,Colisão lateral mesmo sentido,Com Vítimas Feridas,Anoitecer,Crescente,Garoa/Chuvisco,Múltipla,Reta,Sim,2,0,1,0,0,1,1,2,-27.18449617,-48.61258404,SPRF-SC,DEL04-SC,UOP03-DEL04-SC,2025
"728598,0",2025-10-30,quinta-feira,20:36:00,SC,282,"4,2",FLORIANOPOLIS,Trafegar com motocicleta (ou similar) entre as faixas,Colisão traseira,Com Vítimas Feridas,Plena Noite,Crescente,Garoa/Chuvisco,Múltipla,Reta,Sim,2,0,1,0,1,0,1,2,-27.59169831,-48.60571353,SPRF-SC,DEL01-SC,UOP01-DEL01-SC,2025
"728624,0",2025-10-31,sexta-feira,00:40:00,SC,101,"135,0",BALNEARIO CAMBORIU,Acessar a via sem observar a presença dos outros veículos,Colisão transversal,Com Vítimas Feridas,Plena Noite,Crescente,Garoa/Chuvisco,Dupla,Reta,Não,2,0,1,0,0,1,1,2,-27.00765514,-48.61812739,SPRF-SC,DEL04-SC,UOP03-DEL04-SC,2025
"728645,0",2025-10-31,sexta-feira,04:25:00,SC,280,"80,5",CORUPA,Acesso irregular,Colisão transversal,Com Vítimas Feridas,Amanhecer,Crescente,Chuva,Simples,Reta,Não,3,0,1,2,0,0,3,3,-26.43983067,-49.22736375,SPRF-SC,DEL06-SC,UOP03-DEL06-SC,2025
"728649,0",2025-10-31,sexta-feira,07:50:00,SC,101,"204,0",SAO JOSE,Acessar a via sem observar a presença dos outros veículos,Tombamento,Com Vítimas Feridas,Pleno dia,Crescente,Céu Claro,Múltipla,Reta,Sim,2,0,1,0,0,1,1,2,-27.574199,-48.613291,SPRF-SC,DEL01-SC,UOP01-DEL01-SC,2025
"728651,0",2025-10-31,sexta-feira,07:45:00,SC,282,"16,4",PALHOCA,Acessar a via sem observar a presença dos outros veículos,Colisão transversal,Com Vítimas Feridas,Pleno dia,Decrescente,Céu Claro,Simples,Reta;Interseção de Vias,Sim,2,0,1,0,1,0,1,2,-27.661932,-48.684677,SPRF-SC,DEL01-SC,UOP02-DEL01-SC,2025
"728653,0",2025-10-31,sexta-feira,07:30:00,SC,116,"240,9",LAGES,Acessar a via sem observar a presença dos outros veículos,Saída de leito carroçável,Com Vítimas Feridas,Pleno dia,Decrescente,Céu Claro,Simples,Reta,Não,4,0,1,1,2,0,2,1,-27.769886,-50.335606,SPRF-SC,DEL05-SC,UOP01-DEL05-SC,2025
"728676,0",2025-10-31,sexta-feira,09:00:00,SC,282,"1,6",FLORIANOPOLIS,Manobra de mudança de faixa,Colisão lateral mesmo sentido,Com Vítimas Feridas,Pleno dia,Decrescente,Nublado,Múltipla,Reta,Não,3,0,2,0,1,0,2,2,-27.60358348,-48.58643381,SPRF-SC,DEL01-SC,UOP01-DEL01-SC,2025
"728679,0",2025-08-05,terça-feira,14:00:00,SC,282,"54,2",AGUAS MORNAS,Velocidade Incompatível,Colisão transversal,Com Vítimas Feridas,Pleno dia,Decrescente,Chuva,Simples,Reta,Não,2,0,1,0,1,0,1,2,-27.6884182,-48.9774839,SPRF-SC,DEL01-SC,UOP03-DEL01-SC,2025
"728696,0",2025-10-31,sexta-feira,11:15:00,SC,101,"207,8",SAO JOSE,Ausência de reação do condutor,Saída de leito carroçável,Com Vítimas Feridas,Pleno dia,Crescente,Nublado,Dupla,Curva;Declive,Não,2,0,1,0,1,0,1,1,-27.602272,-48.630436,SPRF-SC,DEL01-SC,UOP01-DEL01-SC,2025
"728699,0",2025-08-08,sexta-feira,11:20:00,SC,282,"528,0",XAXIM,Transitar na contramão,Colisão lateral sentido oposto,Com Vítimas Fatais,Pleno dia,Crescente,Nublado,Simples,Reta,Não,7,1,1,4,1,0,5,5,-26.979,-52.589,SPRF-SC,DEL07-SC,UOP01-DEL07-SC,2025
"728700,0",2025-10-31,sexta-feira,11:40:00,SC,101,"103,5",BALNEARIO PICARRAS,Condutor deixou de manter distância do veículo da frente,Engavetamento,Com Vítimas Feridas,Pleno dia,Crescente,Céu Claro,Dupla,Reta,Não,11,0,2,0,9,0,2,5,-26.79078026,-48.68152428,SPRF-SC,DEL03-SC,UOP02-DEL03-SC,2025
"728702,0",2025-10-31,sexta-feira,12:00:00,SC,101,"23,9",BIGUACU,Reação tardia ou ineficiente do condutor,Colisão com objeto,Com Vítimas Feridas,Pleno dia,Crescente,Nublado,Múltipla,Túnel,Não,1,0,1,0,0,0,1,1,-27.52490034,-48.70847449,SPRF-SC,DEL01-SC,UOP02-DEL01-SC,2025
"728709,0",2025-10-31,sexta-feira,13:15:00,SC,101,"204,7",SAO JOSE,Reação tardia ou ineficiente do condutor,Colisão traseira,Com Vítimas Feridas,Pleno dia,Decrescente,Céu Claro,Dupla,Reta,Sim,2,0,1,0,1,0,1,2,-27.57589185,-48.61311471,SPRF-SC,DEL01-SC,UOP01-DEL01-SC,2025
"728715,0",2025-10-31,sexta-feira,12:00:00,SC,116,"220,0",CORREIA PINTO,Reação tardia ou ineficiente do condutor,Colisão traseira,Com Vítimas Feridas,Pleno dia,Decrescente,Céu Claro,Simples,Interseção de Vias,Sim,2,0,1,0,0,1,1,2,-27.58353574,-50.36637819,SPRF-SC,DEL05-SC,UOP03-DEL05-SC,2025
"728735,0",2025-10-31,sexta-feira,15:20:00,SC,101,"201,0",SAO JOSE,Acessar a via sem observar a presença dos outros veículos,Colisão lateral mesmo sentido,Com Vítimas Feridas,Pleno dia,Decrescente,Nublado,Dupla,Reta,Sim,3,0,0,1,1,1,1,3,-27.548468,-48.619423,SPRF-SC,DEL01-SC,UOP01-DEL01-SC,2025
"728766,0",2025-10-31,sexta-feira,16:50:00,SC,101,"142,8",ITAPEMA,Reação tardia ou ineficiente do condutor,Engavetamento,Com Vítimas Feridas,Pleno dia,Crescente,Céu Claro,Dupla,Reta;Viaduto,Sim,4,0,1,0,3,0,1,3,-27.06293316,-48.59591424,SPRF-SC,DEL04-SC,UOP03-DEL04-SC,2025
"728808,0",2025-10-31,sexta-feira,18:50:00,SC,101,"179,0",BIGUACU,Condutor Dormindo,Colisão com objeto,Com Vítimas Feridas,Plena Noite,Crescente,Nublado,Dupla,Reta,Não,1,0,0,1,0,0,1,1,-27.372618,-48.633288,SPRF-SC,DEL01-SC,UOP01-DEL01-SC,2025
"728824,0",2025-10-31,sexta-feira,18:20:00,SC,470,"12,4",NAVEGANTES,Ausência de reação do condutor,Saída de leito carroçável,Com Vítimas Feridas,Anoitecer,Decrescente,Nublado,Dupla,Reta,Não,1,0,0,1,0,0,1,1,-26.83899266,-48.76594417,SPRF-SC,DEL04-SC,UOP04-DEL04-SC,2025
"728832,0",2025-10-31,sexta-feira,18:50:00,SC,470,"267,9",CURITIBANOS,Ultrapassagem Indevida,Colisão frontal,Com Vítimas Feridas,Plena Noite,Decrescente,Céu Claro,Simples,Aclive,Não,2,0,0,1,1,0,1,2,-27.31282544,-50.73998898,SPRF-SC,DEL05-SC,UOP03-DEL05-SC,2025
"728857,0",2025-11-01,sábado,00:00:00,SC,101,"149,0",ITAPEMA,Ausência de reação do condutor,Colisão com objeto,Com Vítimas Feridas,Plena Noite,Crescente,Chuva,Múltipla,Reta,Sim,1,0,1,0,0,0,1,1,-27.11220629,-48.61106571,SPRF-SC,DEL04-SC,UOP03-DEL04-SC,2025
"728871,0",2025-11-01,sábado,03:45:00,SC,101,"162,0",TIJUCAS,Reação tardia ou ineficiente do condutor,Capotamento,Com Vítimas Feridas,Plena Noite,Crescente,Garoa/Chuvisco,Simples,Reta,Não,3,0,3,0,0,0,3,1,-27.22883659,-48.62960815,SPRF-SC,DEL04-SC,UOP03-DEL04-SC,2025
"728881,0",2025-10-31,sexta-feira,23:30:00,SC,280,"53,0",GUARAMIRIM,Trafegar com motocicleta (ou similar) entre as faixas,Colisão traseira,Com Vítimas Feridas,Plena Noite,Crescente,Chuva,Dupla,Reta,Sim,3,0,1,0,2,0,1,2,-26.47134134,-48.97172928,SPRF-SC,DEL03-SC,UOP03-DEL03-SC,2025
"728886,0",2025-10-24,sexta-feira,23:41:00,SC,101,"432,0",SOMBRIO,Ausência de sinalização,Colisão com objeto,Sem Vítimas,Plena Noite,Crescente,Ignorado,Dupla,Reta,Sim,2,0,0,0,2,0,0,2,-29.081928,-49.629689,SPRF-SC,DEL02-SC,UOP02-DEL02-SC,2025
"728904,0",2025-10-29,quarta-feira,07:00:00,SC,101,"361,0",SANGAO,Acumulo de água sobre o pavimento,Tombamento,Com Vítimas Feridas,Amanhecer,Crescente,Chuva,Dupla,Reta,Sim,1,0,1,0,0,0,1,1,-28.64173004,-49.10320044,SPRF-SC,DEL02-SC,UOP01-DEL02-SC,2025
"728914,0",2025-11-01,sábado,08:00:00,SC,101,"366,5",SANGAO,Demais falhas mecânicas ou elétricas,Saída de leito carroçável,Com Vítimas Feridas,Pleno dia,Crescente,Céu Claro,Dupla,Reta,Não,2,0,0,1,1,0,1,1,-28.65884692,-49.11006689,SPRF-SC,DEL02-SC,UOP01-DEL02-SC,2025
"728919,0",2025-11-01,sábado,09:40:00,SC,280,"82,0",CORUPA,Ausência de reação do condutor,Tombamento,Com Vítimas Feridas,Pleno dia,Decrescente,Céu Claro,Simples,Reta,Sim,1,0,1,0,0,0,1,1,-26.43573558,-49.2441511,SPRF-SC,DEL06-SC,UOP03-DEL06-SC,2025
"728920,0",2025-11-01,sábado,09:42:00,SC,280,"82,0",CORUPA,Ausência de reação do condutor,Queda de ocupante de veículo,Com Vítimas Feridas,Pleno dia,Decrescente,Céu Claro,Simples,Reta,Não,1,0,1,0,0,0,1,1,-26.43553009,-49.24501974,SPRF-SC,DEL06-SC,UOP03-DEL06-SC,2025
"728929,0",2025-11-01,sábado,11:30:00,SC,280,"115,4",SAO BENTO DO SUL,Acessar a via sem observar a presença dos outros veículos,Colisão frontal,Com Vítimas Feridas,Pleno dia,Crescente,Nublado,Simples,Curva;Interseção de Vias,Sim,2,0,0,1,1,0,1,2,-26.28261168,-49.41152271,SPRF-SC,DEL06-SC,UOP03-DEL06-SC,2025
"728943,0",2025-11-01,sábado,12:40:00,SC,101,"339,0",TUBARAO,Animais na Pista,Colisão com objeto,Com Vítimas Feridas,Pleno dia,Crescente,Céu Claro,Dupla,Reta,Não,1,0,0,1,0,0,1,1,-28.54362838,-49.05364456,SPRF-SC,DEL02-SC,UOP01-DEL02-SC,2025
"728949,0",2025-11-01,sábado,15:25:00,SC,101,"207,6",SAO JOSE,Reação tardia ou ineficiente do condutor,Colisão lateral mesmo sentido,Com Vítimas Feridas,Pleno dia,Crescente,Céu Claro,Simples,Reta,Sim,3,0,2,0,1,0,2,2,-27.60409043,-48.63345411,SPRF-SC,DEL01-SC,UOP01-DEL01-SC,2025
"728975,0",2025-11-01,sábado,18:10:00,SC,470,"141,0",RIO DO SUL,Reação tardia ou ineficiente do condutor,Colisão lateral sentido oposto,Com Vítimas Feridas,Pleno dia,Crescente,Céu Claro,Simples,Reta;Ponte,Sim,2,0,1,0,1,0,1,2,-27.208329,-49.650431,SPRF-SC,DEL04-SC,UOP02-DEL04-SC,2025