id,data_inversa,dia_semana,horario,uf,br,km,municipio,causa_acidente,tipo_acidente,classificacao_acidente,fase_dia,sentido_via,condicao_metereologica,tipo_pista,tracado_via,uso_solo,pessoas,mortos,feridos_leves,feridos_graves,ilesos,ignorados,feridos,veiculos,latitude,longitude,regional,delegacia,uop,ano_arquivo
"728987,0",2025-11-01,sábado,17:00:00,SC,101,"74,9",ARAQUARI,Ausência de reação do condutor,Colisão com objeto,Sem Vítimas,Pleno dia,Crescente,Nublado,Múltipla,Curva,Não,1,0,0,0,1,0,0,1,-26.551436,-48.716277,SPRF-SC,DEL03-SC,UOP02-DEL03-SC,2025
"729004,0",2025-11-01,sábado,01:00:00,SC,282,"118,8",ALFREDO WAGNER,Condutor Dormindo,Saída de leito carroçável,Sem Vítimas,Plena Noite,Decrescente,Ignorado,Simples,Reta,Não,1,0,0,0,0,1,0,1,-27.783838,-49.416436,SPRF-SC,DEL05-SC,UOP01-DEL05-SC,2025
"729044,0",2025-11-01,sábado,22:35:00,SC,282,"527,2",XAXIM,Chuva,Saída de leito carroçável,Com Vítimas Feridas,Plena Noite,Crescente,Chuva,Simples,Reta,Não,1,0,1,0,0,0,1,1,-26.97371483,-52.58445358,SPRF-SC,DEL07-SC,UOP01-DEL07-SC,2025
"729075,0",2025-11-02,domingo,02:00:00,SC,282,"35,8",AGUAS MORNAS,Ausência de reação do condutor,Saída de leito carroçável,Com Vítimas Feridas,Plena Noite,Decrescente,Nublado,Simples,Curva;Declive,Não,1,0,1,0,0,0,1,1,-27.7052,-48.83239,SPRF-SC,DEL01-SC,UOP03-DEL01-SC,2025
"729076,0",2025-11-02,domingo,03:00:00,SC,470,"141,0",RIO DO SUL,Transitar na contramão,Colisão frontal,Sem Vítimas,Plena Noite,Crescente,Nublado,Simples,Reta,Não,3,0,0,0,2,1,0,2,-27.2087503,-49.65117645,SPRF-SC,DEL04-SC,UOP02-DEL04-SC,2025
"729085,0",2025-11-02,domingo,04:00:00,SC,101,"13,0",GARUVA,Ingestão de álcool pelo condutor,Colisão com objeto,Sem Vítimas,Plena Noite,Decrescente,Chuva,Dupla,Reta;Retorno Regulamentado,Não,1,0,0,0,1,0,0,1,-26.0924,-48.864745,SPRF-SC,DEL03-SC,UOP01-DEL03-SC,2025
"729087,0",2025-11-01,sábado,21:30:00,SC,101,"448,0",SANTA ROSA DO SUL,Condutor deixou de manter distância do veículo da frente,Colisão traseira,Com Vítimas Feridas,Plena Noite,Decrescente,Nublado,Múltipla,Reta,Sim,2,0,1,0,1,0,1,2,-29.16728054,-49.74428558,SPRF-SC,DEL02-SC,UOP02-DEL02-SC,2025
"729095,0",2025-11-02,domingo,04:10:00,SC,282,"514,2",XAXIM,Ingestão de álcool pelo condutor,Saída de leito carroçável,Sem Vítimas,Plena Noite,Decrescente,Chuva,Simples,Curva,Não,3,0,0,0,3,0,0,1,-26.9160103,-52.48960148,SPRF-SC,DEL07-SC,UOP01-DEL07-SC,2025
"729100,0",2025-11-02,domingo,05:40:00,SC,470,"86,7",RODEIO,Ausência de reação do condutor,Saída de leito carroçável,Sem Vítimas,Amanhecer,Crescente,Garoa/Chuvisco,Simples,Curva,Não,1,0,0,0,0,1,0,1,-26.94811821,-49.36498672,SPRF-SC,DEL04-SC,UOP01-DEL04-SC,2025
"729115,0",2025-11-02,domingo,07:20:00,SC,280,"120,8",SAO BENTO DO SUL,Chuva,Tombamento,Com Vítimas Feridas,Pleno dia,Decrescente,Chuva,Simples,Declive;Reta,Não,1,0,1,0,0,0,1,1,-26.25557185,-49.45037233,SPRF-SC,DEL06-SC,UOP03-DEL06-SC,2025
"729144,0",2025-11-02,domingo,09:04:00,SC,280,"147,0",RIO NEGRINHO,Velocidade Incompatível,Saída de leito carroçável,Com Vítimas Feridas,Pleno dia,Decrescente,Garoa/Chuvisco,Simples,Reta,Não,4,0,3,0,1,0,3,1,-26.2617008,-49.5485179,SPRF-SC,DEL06-SC,UOP03-DEL06-SC,2025
"729149,0",2025-11-01,sábado,16:40:00,SC,153,"0,7",AGUA DOCE,Mal súbito do condutor,Saída de leito carroçável,Com Vítimas Feridas,Pleno dia,Crescente,Céu Claro,Simples,Curva,Não,1,0,0,1,0,0,1,1,-26.61316439,-51.49667323,SPRF-SC,DEL07-SC,UOP07-DEL07-SC,2025
"729153,0",2025-11-02,domingo,11:20:00,SC,282,"23,7",SANTO AMARO DA IMPERATRIZ,Acessar a via sem observar a presença dos outros veículos,Colisão transversal,Com Vítimas Feridas,Pleno dia,Crescente,Céu Claro,Simples,Interseção de Vias,Sim,3,0,1,0,2,0,1,2,-27.68432094,-48.74364344,SPRF-SC,DEL01-SC,UOP03-DEL01-SC,2025
"729168,0",2025-11-02,domingo,14:00:00,SC,282,"24,8",SANTO AMARO DA IMPERATRIZ,Ultrapassagem Indevida,Colisão frontal,Com Vítimas Feridas,Pleno dia,Crescente,Nublado,Simples,Aclive;Reta;Viaduto,Sim,3,0,0,2,1,0,2,2,-27.6786,-48.7508,SPRF-SC,DEL01-SC,UOP03-DEL01-SC,2025
"729185,0",2025-11-01,sábado,23:00:00,SC,153,"13,5",AGUA DOCE,Acessar a via sem observar a presença dos outros veículos,Colisão transversal,Com Vítimas Feridas,Plena Noite,Decrescente,Nublado,Simples,Interseção de Vias,Não,5,0,1,0,4,0,1,1,-26.6987029,-51.5748051,SPRF-SC,DEL07-SC,UOP07-DEL07-SC,2025
"729191,0",2025-11-02,domingo,15:50:00,SC,470,"61,3",BLUMENAU,Reação tardia ou ineficiente do condutor,Colisão lateral mesmo sentido,Com Vítimas Fatais,Pleno dia,Decrescente,Nublado,Simples,Reta;Em Obras,Sim,3,1,0,0,2,0,0,3,-26.877537,-49.177319,SPRF-SC,DEL04-SC,UOP01-DEL04-SC,2025
"729227,0",2025-11-02,domingo,16:00:00,SC,470,"68,0",INDAIAL,Pedestre cruzava a pista fora da faixa,Atropelamento de Pedestre,Com Vítimas Feridas,Pleno dia,Decrescente,Céu Claro,Dupla,Reta;Viaduto,Sim,3,0,0,1,1,1,1,2,-26.8811096,-49.2432154,SPRF-SC,DEL04-SC,UOP01-DEL04-SC,2025
"729238,0",2025-11-02,domingo,16:00:00,SC,282,"446,1",PONTE SERRADA,Ingestão de álcool pelo condutor,Colisão com objeto,Com Vítimas Feridas,Pleno dia,Crescente,Céu Claro,Simples,Curva;Declive,Não,1,0,1,0,0,0,1,1,-26.88478116,-52.008413,SPRF-SC,DEL07-SC,UOP04-DEL07-SC,2025
"729241,0",2025-11-02,domingo,19:20:00,SC,101,"226,8",PALHOCA,Condutor deixou de manter distância do veículo da frente,Colisão traseira,Com Vítimas Feridas,Plena Noite,Decrescente,Céu Claro,Dupla,Reta,Não,3,0,2,0,1,0,2,2,-27.74799962,-48.63585234,SPRF-SC,DEL01-SC,UOP02-DEL01-SC,2025
"729259,0",2025-11-02,domingo,19:30:00,SC,470,"141,5",RIO DO SUL,Reação tardia ou ineficiente do condutor,Capotamento,Sem Vítimas,Plena Noite,Decrescente,Céu Claro,Simples,Reta,Não,1,0,0,0,0,1,0,1,-27.17208618,-49.58131074,SPRF-SC,DEL04-SC,UOP02-DEL04-SC,2025
"729263,0",2025-11-02,domingo,20:40:00,SC,282,"509,0",XANXERE,Reação tardia ou ineficiente do condutor,Colisão transversal,Com Vítimas Fatais,Plena Noite,Crescente,Nublado,Simples,Reta,Não,5,2,2,0,1,0,2,3,-26.89337476,-52.46035902,SPRF-SC,DEL07-SC,UOP01-DEL07-SC,2025
"729269,0",2025-11-02,domingo,21:15:00,SC,470,"0,0",NAVEGANTES,Entrada inopinada do pedestre,Atropelamento de Pedestre,Com Vítimas Feridas,Plena Noite,Crescente,Céu Claro,Dupla,Reta,Sim,2,0,1,0,1,0,1,2,-26.88765982,-48.66152141,SPRF-SC,DEL04-SC,UOP04-DEL04-SC,2025
"729300,0",2025-11-03,segunda-feira,05:15:00,SC,101,"205,0",SAO JOSE,Velocidade Incompatível,Tombamento,Com Vítimas Feridas,Amanhecer,Crescente,Garoa/Chuvisco,Dupla,Curva,Sim,1,0,1,0,0,0,1,1,-27.584576,-48.6169771,SPRF-SC,DEL01-SC,UOP01-DEL01-SC,2025
"729318,0",2025-10-22,quarta-feira,13:00:00,SC,282,"349,3",CAMPOS NOVOS,Mal súbito do condutor,Colisão frontal,Com Vítimas Feridas,Pleno dia,Crescente,Céu Claro,Simples,Reta,Não,2,0,2,0,0,0,2,2,-27.359954,-51.277539,SPRF-SC,DEL07-SC,UOP06-DEL07-SC,2025
"729324,0",2025-11-03,segunda-feira,07:17:00,SC,101,"102,0",BALNEARIO PICARRAS,Reação tardia ou ineficiente do condutor,Colisão traseira,Com Vítimas Feridas,Pleno dia,Decrescente,Nublado,Simples,Reta,Não,2,0,1,0,1,0,1,2,-26.77699067,-48.68528205,SPRF-SC,DEL03-SC,UOP02-DEL03-SC,2025
"729326,0",2025-11-03,segunda-feira,08:00:00,SC,101,"41,0",JOINVILLE,Manobra de mudança de faixa,Colisão lateral mesmo sentido,Sem Vítimas,Pleno dia,Crescente,Nublado,Dupla,Reta;Ponte,Não,2,0,0,0,2,0,0,2,-26.319257,-48.87129,SPRF-SC,DEL03-SC,UOP01-DEL03-SC,2025
"729332,0",2025-11-03,segunda-feira,07:10:00,SC,163,"106,0",SAO JOSE DO CEDRO,Acessar a via sem observar a presença dos outros veículos,Colisão lateral sentido oposto,Com Vítimas Feridas,Pleno dia,Crescente,Céu Claro,Simples,Interseção de Vias,Sim,3,0,0,1,2,0,1,3,-26.43311376,-53.51878093,SPRF-SC,DEL07-SC,UOP03-DEL07-SC,2025
"729339,0",2025-11-03,segunda-feira,07:30:00,SC,282,"2,4",FLORIANOPOLIS,Reação tardia ou ineficiente do condutor,Colisão lateral mesmo sentido,Com Vítimas Feridas,Pleno dia,Decrescente,Nublado,Múltipla,Declive;Reta,Sim,3,0,2,0,1,0,2,2,-27.60318605,-48.59157862,SPRF-SC,DEL01-SC,UOP01-DEL01-SC,2025
"729370,0",2025-11-03,segunda-feira,11:40:00,SC,101,"197,5",BIGUACU,Manobra de mudança de faixa,Tombamento,Com Vítimas Feridas,Pleno dia,Decrescente,Nublado,Múltipla,Reta;Aclive,Sim,2,0,1,0,0,1,1,2,-27.522735,-48.636868,SPRF-SC,DEL01-SC,UOP01-DEL01-SC,2025
"729371,0",2025-11-03,segunda-feira,12:15:00,SC,101,"222,8",PALHOCA,Avarias e/ou desgaste excessivo no pneu,Tombamento,Com Vítimas Feridas,Pleno dia,Decrescente,Nublado,Dupla,Reta;Declive,Não,1,0,0,1,0,0,1,1,-27.70849,-48.65586,SPRF-SC,DEL01-SC,UOP02-DEL01-SC,2025
"729373,0",2025-11-03,segunda-feira,12:20:00,SC,101,"205,8",SAO JOSE,Velocidade Incompatível,Tombamento,Com Vítimas Feridas,Pleno dia,Crescente,Nublado,Múltipla,Reta,Sim,2,0,1,0,0,1,1,2,-27.58868402,-48.61711828,SPRF-SC,DEL01-SC,UOP01-DEL01-SC,2025
"729385,0",2025-11-03,segunda-feira,13:40:00,SC,116,"5,5",MAFRA,Desrespeitar a preferência no cruzamento,Colisão transversal,Com Vítimas Feridas,Pleno dia,Decrescente,Céu Claro,Simples,Declive;Reta;Interseção de Vias,Sim,3,0,1,0,2,0,1,2,-26.14532317,-49.82142552,SPRF-SC,DEL06-SC,UOP01-DEL06-SC,2025
"729390,0",2025-11-03,segunda-feira,14:00:00,SC,101,"262,6",GAROPABA,Mal súbito do condutor,Saída de leito carroçável,Com Vítimas Feridas,Pleno dia,Crescente,Chuva,Múltipla,Reta,Não,2,0,2,0,0,0,2,1,-28.04211097,-48.71337279,SPRF-SC,DEL02-SC,UOP03-DEL02-SC,2025
"729393,0",2025-10-18,sábado,17:05:00,SC,470,"103,3",APIUNA,Manobra de mudança de faixa,Colisão lateral mesmo sentido,Com Vítimas Feridas,Pleno dia,Decrescente,Nublado,Simples,Reta,Sim,5,0,2,0,3,0,2,4,-27.06364,-49.40623,SPRF-SC,DEL04-SC,UOP02-DEL04-SC,2025
"729409,0",2025-11-03,segunda-feira,16:10:00,SC,101,"45,0",PALHOCA,Demais falhas mecânicas ou elétricas,Saída de leito carroçável,Com Vítimas Feridas,Pleno dia,Crescente,Nublado,Múltipla,Curva,Sim,2,0,1,1,0,0,2,1,-27.6784546,-48.69951725,SPRF-SC,DEL01-SC,UOP02-DEL01-SC,2025
"729412,0",2025-11-03,segunda-feira,13:20:00,SC,470,"337,9",CAMPOS NOVOS,Avarias e/ou desgaste excessivo no pneu,Saída de leito carroçável,Com Vítimas Feridas,Pleno dia,Decrescente,Chuva,Simples,Curva,Não,1,0,1,0,0,0,1,1,-27.5234437,-51.3539101,SPRF-SC,DEL07-SC,UOP06-DEL07-SC,2025
"729417,0",2025-11-03,segunda-feira,16:30:00,SC,101,"209,6",SAO JOSE,Acessar a via sem observar a presença dos outros veículos,Colisão transversal,Com Vítimas Feridas,Pleno dia,Crescente,Céu Claro,Dupla,Reta;Interseção de Vias,Sim,3,0,1,0,2,0,1,2,-27.61296,-48.64213,SPRF-SC,DEL01-SC,UOP01-DEL01-SC,2025
"729427,0",2025-11-03,segunda-feira,17:05:00,SC,101,"134,0",BALNEARIO CAMBORIU,Ausência de reação do condutor,Colisão lateral mesmo sentido,Com Vítimas Feridas,Anoitecer,Decrescente,Nublado,Dupla,Reta,Não,2,0,1,0,1,0,1,2,-27.00252301,-48.63510132,SPRF-SC,DEL04-SC,UOP03-DEL04-SC,2025
"729439,0",2025-11-03,segunda-feira,17:00:00,SC,470,"1,0",GASPAR,Acessar a via sem observar a presença dos outros veículos,Colisão transversal,Com Vítimas Feridas,Pleno dia,Decrescente,Nublado,Simples,Interseção de Vias,Sim,2,0,1,0,1,0,1,2,-26.91991663,-48.95925935,SPRF-SC,DEL04-SC,UOP01-DEL04-SC,2025
"729450,0",2025-11-03,segunda-feira,16:15:00,SC,101,"440,0",SANTA ROSA DO SUL,Ultrapassagem Indevida,Tombamento,Com Vítimas Feridas,Pleno dia,Crescente,Nublado,Dupla,Reta,Não,2,0,2,0,0,0,2,1,-29.1263408,-49.6756594,SPRF-SC,DEL02-SC,UOP02-DEL02-SC,2025
"729454,0",2025-11-03,segunda-feira,07:15:00,SC,280,"38,0",ARAQUARI,Avarias e/ou desgaste excessivo no pneu,Saída de leito carroçável,Com Vítimas Feridas,Pleno dia,Crescente,Nublado,Simples,Viaduto;Reta,Sim,1,0,1,0,0,0,1,1,-26.44826438,-48.83105278,SPRF-SC,DEL03-SC,UOP03-DEL03-SC,2025
"729478,0",2025-11-03,segunda-feira,17:20:00,SC,280,"299,0",PORTO UNIAO,Ausência de reação do condutor,Saída de leito carroçável,Com Vítimas Feridas,Pleno dia,Crescente,Chuva,Simples,Curva,Não,1,0,1,0,0,0,1,1,-26.285598,-51.016725,SPRF-SC,DEL06-SC,UOP04-DEL06-SC,2025
"729488,0",2025-11-03,segunda-feira,23:50:00,SC,101,"79,3",ARAQUARI,Reação tardia ou ineficiente do condutor,Colisão com objeto,Com Vítimas Feridas,Plena Noite,Decrescente,Nublado,Dupla,Reta,Sim,1,0,1,0,0,0,1,1,-26.59168794,-48.72190682,SPRF-SC,DEL03-SC,UOP02-DEL03-SC,2025
"729518,0",2025-11-04,terça-feira,08:00:00,SC,101,"205,7",SAO JOSE,Manobra de mudança de faixa,Colisão lateral mesmo sentido,Com Vítimas Feridas,Pleno dia,Crescente,Sol,Múltipla,Reta,Sim,3,0,1,0,2,0,1,2,-27.57977203,-48.61411285,SPRF-SC,DEL01-SC,UOP01-DEL01-SC,2025
"729529,0",2025-11-04,terça-feira,08:00:00,SC,282,"2,0",FLORIANOPOLIS,Trafegar com motocicleta (ou similar) entre as faixas,Colisão lateral mesmo sentido,Com Vítimas Feridas,Pleno dia,Decrescente,Céu Claro,Múltipla,Reta,Sim,2,0,1,0,1,0,1,2,-27.603345,-48.589683,SPRF-SC,DEL01-SC,UOP01-DEL01-SC,2025
"729530,0",2025-10-27,segunda-feira,17:40:00,SC,101,"207,8",SAO JOSE,Demais falhas mecânicas ou elétricas,Colisão traseira,Com Vítimas Feridas,Anoitecer,Crescente,Nublado,Múltipla,Declive;Reta,Sim,3,0,0,1,2,0,1,3,-27.602705,-48.630662,SPRF-SC,DEL01-SC,UOP01-DEL01-SC,2025
"729555,0",2025-11-04,terça-feira,11:00:00,SC,116,"247,7",LAGES,Acessar a via sem observar a presença dos outros veículos,Colisão transversal,Sem Vítimas,Pleno dia,Crescente,Céu Claro,Simples,Reta;Interseção de Vias,Sim,2,0,0,0,2,0,0,2,-27.81799369,-50.37294745,SPRF-SC,DEL05-SC,UOP02-DEL05-SC,2025
"729566,0",2025-11-04,terça-feira,12:45:00,SC,101,"157,0",PORTO BELO,Reação tardia ou ineficiente do condutor,Colisão com objeto,Com Vítimas Feridas,Pleno dia,Decrescente,Céu Claro,Dupla,Reta,Sim,1,0,1,0,0,0,1,1,-27.18338772,-48.61211713,SPRF-SC,DEL04-SC,UOP03-DEL04-SC,2025
"729575,0",2025-11-04,terça-feira,12:35:00,SC,101,"323,4",PESCARIA BRAVA,Ausência de reação do condutor,Colisão traseira,Com Vítimas Feridas,Pleno dia,Decrescente,Céu Claro,Dupla,Declive;Reta;Em Obras,Não,2,0,0,1,1,0,1,2,-28.42672659,-48.92888753,SPRF-SC,DEL02-SC,UOP01-DEL02-SC,2025
"729585,0",2025-11-04,terça-feira,13:30:00,SC,163,"70,1",SAO MIGUEL DO OESTE,Manobra de mudança de faixa,Colisão transversal,Com Vítimas Feridas,Pleno dia,Crescente,Céu Claro,Dupla,Aclive;Interseção de Vias,Sim,2,0,1,0,1,0,1,2,-26.73481643,-53.50640628,SPRF-SC,DEL07-SC,UOP03-DEL07-SC,2025
"729588,0",2025-11-04,terça-feira,15:00:00,SC,282,"3,0",FLORIANOPOLIS,Ausência de reação do condutor,Queda de ocupante de veículo,Com Vítimas Feridas,Pleno dia,Crescente,Céu Claro,Múltipla,Reta,Sim,2,0,1,0,1,0,1,2,-27.60190772,-48.57855445,SPRF-SC,DEL01-SC,UOP01-DEL01-SC,2025
"729590,0",2025-11-04,terça-feira,14:55:00,SC,282,"3,0",FLORIANOPOLIS,Ausência de reação do condutor,Colisão traseira,Com Vítimas Feridas,Pleno dia,Crescente,Céu Claro,Múltipla,Reta,Sim,2,0,1,0,0,1,1,2,-27.60256,-48.59456,SPRF-SC,DEL01-SC,UOP01-DEL01-SC,2025
"729600,0",2025-11-04,terça-feira,17:10:00,SC,101,"128,0",ITAJAI,Ausência de reação do condutor,Colisão lateral mesmo sentido,Com Vítimas Feridas,Pleno dia,Decrescente,Nublado,Dupla,Reta,Não,2,0,1,0,1,0,1,2,-26.96987702,-48.68333213,SPRF-SC,DEL04-SC,UOP04-DEL04-SC,2025
"729632,0",2025-11-04,terça-feira,17:35:00,SC,101,"371,6",ICARA,Mal súbito do condutor,Colisão com objeto,Com Vítimas Fatais,Pleno dia,Decrescente,Céu Claro,Múltipla,Reta,Não,1,1,0,0,0,0,0,1,-28.7141202,-49.2194966,SPRF-SC,DEL02-SC,UOP01-DEL02-SC,2025
"729638,0",2025-11-04,terça-feira,17:20:00,SC,470,"147,6",AGRONOMICA,Condutor deixou de manter distância do veículo da frente,Colisão traseira,Com Vítimas Feridas,Pleno dia,Decrescente,Céu Claro,Simples,Interseção de Vias,Não,2,0,1,0,1,0,1,2,-27.25729489,-49.71231434,SPRF-SC,DEL04-SC,UOP02-DEL04-SC,2025
"729647,0",2025-11-04,terça-feira,20:40:00,SC,280,"130,0",RIO NEGRINHO,Conversão proibida,Colisão transversal,Com Vítimas Feridas,Plena Noite,Crescente,Céu Claro,Simples,Reta,Sim,3,0,2,0,1,0,2,2,-26.2540388,-49.53476531,SPRF-SC,DEL06-SC,UOP03-DEL06-SC,2025
"729654,0",2025-11-04,terça-feira,21:50:00,SC,101,"213,0",PALHOCA,Condutor deixou de manter distância do veículo da frente,Colisão traseira,Com Vítimas Feridas,Plena Noite,Decrescente,Céu Claro,Múltipla,Aclive;Reta,Sim,4,0,0,1,3,0,1,4,-27.63891761,-48.66637437,SPRF-SC,DEL01-SC,UOP02-DEL01-SC,2025
"729661,0",2025-11-04,terça-feira,19:25:00,SC,101,"277,5",IMBITUBA,Reação tardia ou ineficiente do condutor,Colisão transversal,Com Vítimas Feridas,Plena Noite,Decrescente,Céu Claro,Simples,Reta,Sim,2,0,1,0,1,0,1,2,-28.168949,-48.693964,SPRF-SC,DEL02-SC,UOP03-DEL02-SC,2025
"729709,0",2025-11-05,quarta-feira,07:15:00,SC,101,"335,4",TUBARAO,Desrespeitar a preferência no cruzamento,Colisão transversal,Com Vítimas Feridas,Pleno dia,Crescente,Céu Claro,Dupla,Interseção de Vias;Rotatória,Sim,3,0,1,0,0,2,1,2,-28.476208,-49.030078,SPRF-SC,DEL02-SC,UOP01-DEL02-SC,2025
"729746,0",2025-11-05,quarta-feira,08:35:00,SC,282,"631,5",DESCANSO,Ausência de reação do condutor,Saída de leito carroçável,Com Vítimas Feridas,Pleno dia,Decrescente,Nublado,Simples,Reta;Declive,Não,1,0,1,0,0,0,1,1,-26.82254844,-53.38576555,SPRF-SC,DEL07-SC,UOP03-DEL07-SC,2025
"729750,0",2025-11-05,quarta-feira,12:20:00,SC,470,"60,2",BLUMENAU,Desrespeitar a preferência no cruzamento,Colisão transversal,Com Vítimas Feridas,Pleno dia,Decrescente,Céu Claro,Simples,Interseção de Vias;Reta,Sim,2,0,0,1,1,0,1,2,-26.88072451,-49.16715802,SPRF-SC,DEL04-SC,UOP01-DEL04-SC,2025
"729761,0",2025-11-05,quarta-feira,13:25:00,SC,101,"215,7",PALHOCA,Acessar a via sem observar a presença dos outros veículos,Colisão transversal,Com Vítimas Feridas,Pleno dia,Crescente,Céu Claro,Múltipla,Rotatória,Sim,3,0,1,2,0,0,3,2,-27.656129,-48.67893783,SPRF-SC,DEL01-SC,UOP02-DEL01-SC,2025
"729776,0",2025-11-05,quarta-feira,15:10:00,SC,470,"6,0",NAVEGANTES,Trafegar com motocicleta (ou similar) entre as faixas,Colisão traseira,Com Vítimas Feridas,Pleno dia,Decrescente,Céu Claro,Dupla,Curva,Sim,3,0,0,1,2,0,1,2,-26.84988767,-48.7123212,SPRF-SC,DEL04-SC,UOP04-DEL04-SC,2025
"729809,0",2025-11-05,quarta-feira,17:20:00,SC,280,"27,3",ARAQUARI,Ultrapassagem Indevida,Colisão transversal,Com Vítimas Feridas,Pleno dia,Decrescente,Céu Claro,Simples,Reta,Não,2,0,1,0,1,0,1,2,-26.399337,-48.741897,SPRF-SC,DEL03-SC,UOP03-DEL03-SC,2025
"729852,0",2025-11-05,quarta-feira,19:40:00,SC,280,"168,6",MAFRA,Ingestão de álcool pelo condutor,Saída de leito carroçável,Com Vítimas Feridas,Plena Noite,Decrescente,Céu Claro,Simples,Declive;Reta,Sim,1,0,1,0,0,0,1,1,-26.155398,-49.812755,SPRF-SC,DEL06-SC,UOP01-DEL06-SC,2025
"729876,0",2025-11-06,quinta-feira,01:00:00,SC,101,"130,0",CAMBORIU,Ingestão de álcool pelo condutor,Saída de leito carroçável,Sem Vítimas,Plena Noite,Crescente,Céu Claro,Dupla,Reta,Sim,1,0,0,0,1,0,0,1,-26.98762,-48.66548,SPRF-SC,DEL04-SC,UOP03-DEL04-SC,2025
"729898,0",2025-11-06,quinta-feira,07:07:00,SC,101,"204,5",SAO JOSE,Ausência de reação do condutor,Tombamento,Com Vítimas Feridas,Amanhecer,Crescente,Céu Claro,Múltipla,Reta;Interseção de Vias,Sim,1,0,1,0,0,0,1,1,-27.57865,-48.61387,SPRF-SC,DEL01-SC,UOP01-DEL01-SC,2025
"729914,0",2025-11-06,quinta-feira,07:30:00,SC,101,"425,2",ARARANGUA,Desrespeitar a preferência no cruzamento,Colisão transversal,Com Vítimas Feridas,Pleno dia,Decrescente,Céu Claro,Simples,Reta,Não,2,0,0,1,1,0,1,2,-29.0266615,-49.6003298,SPRF-SC,DEL02-SC,UOP02-DEL02-SC,2025
"729945,0",2025-11-06,quinta-feira,11:50:00,SC,280,"44,2",GUARAMIRIM,Mal súbito do condutor,Colisão com objeto,Com Vítimas Feridas,Pleno dia,Decrescente,Céu Claro,Dupla,Reta,Não,1,0,1,0,0,0,1,1,-26.451985,-48.889803,SPRF-SC,DEL03-SC,UOP03-DEL03-SC,2025
"729946,0",2025-11-06,quinta-feira,07:00:00,SC,280,"31,0",ARAQUARI,Conversão proibida,Colisão lateral mesmo sentido,Com Vítimas Feridas,Pleno dia,Crescente,Nublado,Simples,Reta;Interseção de Vias,Sim,2,0,1,0,1,0,1,2,-26.412718,-48.756913,SPRF-SC,DEL03-SC,UOP03-DEL03-SC,2025
"729962,0",2025-11-06,quinta-feira,14:10:00,SC,101,"213,2",PALHOCA,Trafegar com motocicleta (ou similar) entre as faixas,Colisão lateral mesmo sentido,Com Vítimas Feridas,Pleno dia,Decrescente,Céu Claro,Dupla,Reta,Sim,2,0,1,0,1,0,1,2,-27.64189249,-48.6682841,SPRF-SC,DEL01-SC,UOP02-DEL01-SC,2025
"729968,0",2025-11-06,quinta-feira,13:45:00,SC,280,"29,5",ARAQUARI,Conversão proibida,Colisão transversal,Com Vítimas Feridas,Pleno dia,Decrescente,Nublado,Simples,Reta,Sim,2,0,1,0,1,0,1,2,-26.413352,-48.747702,SPRF-SC,DEL03-SC,UOP03-DEL03-SC,2025
"729978,0",2025-11-06,quinta-feira,15:10:00,SC,101,"115,0",ITAPEMA,Condutor deixou de manter distância do veículo da frente,Colisão traseira,Com Vítimas Feridas,Pleno dia,Decrescente,Céu Claro,Dupla,Reta,Sim,3,0,0,1,2,0,1,2,-27.0659365,-48.5955493,SPRF-SC,DEL04-SC,UOP04-DEL04-SC,2025
"729988,0",2025-11-06,quinta-feira,15:30:00,SC,116,"11,0",MAFRA,Condutor Dormindo,Saída de leito carroçável,Com Vítimas Feridas,Pleno dia,Crescente,Céu Claro,Simples,Aclive;Reta,Não,1,0,1,0,0,0,1,1,-26.162966,-49.84697,SPRF-SC,DEL06-SC,UOP01-DEL06-SC,2025
"729992,0",2025-11-06,quinta-feira,16:37:00,SC,282,"627,0",IRACEMINHA,Acessar a via sem observar a presença dos outros veículos,Colisão transversal,Com Vítimas Feridas,Pleno dia,Crescente,Céu Claro,Simples,Reta,Sim,3,0,1,0,1,1,1,3,-26.800309,-53.350951,SPRF-SC,DEL07-SC,UOP02-DEL07-SC,2025
"729994,0",2025-11-06,quinta-feira,17:45:00,SC,282,"4,0",FLORIANOPOLIS,Reação tardia ou ineficiente do condutor,Colisão traseira,Com Vítimas Feridas,Anoitecer,Crescente,Céu Claro,Múltipla,Reta,Sim,2,0,1,0,1,0,1,2,-27.5926786,-48.60397086,SPRF-SC,DEL01-SC,UOP01-DEL01-SC,2025
"729999,0",2025-11-06,quinta-feira,16:10:00,SC,470,"54,4",BLUMENAU,Ausência de reação do condutor,Colisão traseira,Com Vítimas Feridas,Pleno dia,Decrescente,Céu Claro,Simples,Rotatória,Sim,2,0,0,1,1,0,1,2,-26.873582,-49.113843,SPRF-SC,DEL04-SC,UOP01-DEL04-SC,2025
"730023,0",2025-11-06,quinta-feira,17:45:00,SC,480,"129,5",CHAPECO,Acessar a via sem observar a presença dos outros veículos,Colisão transversal,Com Vítimas Feridas,Pleno dia,Decrescente,Céu Claro,Dupla,Reta,Sim,2,0,0,1,1,0,1,2,-27.04151,-52.63568,SPRF-SC,DEL07-SC,UOP01-DEL07-SC,2025
"730039,0",2025-11-06,quinta-feira,20:30:00,SC,282,"409,0",CATANDUVAS,Entrada inopinada do pedestre,Atropelamento de Pedestre,Com Vítimas Feridas,Plena Noite,Decrescente,Céu Claro,Simples,Reta,Sim,3,0,0,3,0,0,3,2,-27.07079114,-51.66272521,SPRF-SC,DEL07-SC,UOP05-DEL07-SC,2025