id,data_inversa,dia_semana,horario,uf,br,km,municipio,causa_acidente,tipo_acidente,classificacao_acidente,fase_dia,sentido_via,condicao_metereologica,tipo_pista,tracado_via,uso_solo,pessoas,mortos,feridos_leves,feridos_graves,ilesos,ignorados,feridos,veiculos,latitude,longitude,regional,delegacia,uop,ano_arquivo
"731151,0",2025-11-08,sábado,08:00:00,SC,282,"182,0",BOCAINA DO SUL,Condutor Dormindo,Saída de leito carroçável,Com Vítimas Feridas,Pleno dia,Decrescente,Garoa/Chuvisco,Simples,Reta;Declive,Não,3,0,2,1,0,0,3,1,-27.73434407,-49.96465,SPRF-SC,DEL05-SC,UOP01-DEL05-SC,2025
"731168,0",2025-11-11,terça-feira,16:15:00,SC,101,"193,2",BIGUACU,Reação tardia ou ineficiente do condutor,Atropelamento de Pedestre,Com Vítimas Feridas,Pleno dia,Crescente,Sol,Múltipla,Interseção de Vias,Sim,2,0,1,0,1,0,1,2,-27.491822,-48.656828,SPRF-SC,DEL01-SC,UOP01-DEL01-SC,2025
"731171,0",2025-11-11,terça-feira,16:30:00,SC,101,"130,0",CAMBORIU,Ausência de reação do condutor,Colisão lateral mesmo sentido,Com Vítimas Feridas,Pleno dia,Decrescente,Céu Claro,Dupla,Reta,Não,2,0,1,0,1,0,1,2,-26.98682921,-48.66633162,SPRF-SC,DEL04-SC,UOP03-DEL04-SC,2025
"731173,0",2025-06-03,terça-feira,22:50:00,SC,280,"75,0",JARAGUA DO SUL,Reação tardia ou ineficiente do condutor,Colisão frontal,Com Vítimas Feridas,Plena Noite,Decrescente,Nevoeiro/Neblina,Simples,Curva,Não,5,0,0,2,1,2,2,3,-26.45850008,-49.1711247,SPRF-SC,DEL03-SC,UOP03-DEL03-SC,2025
"731176,0",2025-11-11,terça-feira,15:10:00,SC,101,"324,1",CAPIVARI DE BAIXO,Afundamento ou ondulação no pavimento,Colisão com objeto,Com Vítimas Feridas,Pleno dia,Decrescente,Céu Claro,Dupla,Reta,Sim,1,0,1,0,0,0,1,1,-28.42459288,-48.93908914,SPRF-SC,DEL02-SC,UOP01-DEL02-SC,2025
"731192,0",2025-11-11,terça-feira,18:15:00,SC,101,"121,0",ITAJAI,Condutor deixou de manter distância do veículo da frente,Engavetamento,Com Vítimas Feridas,Anoitecer,Crescente,Céu Claro,Dupla,Reta,Sim,4,0,1,0,3,0,1,4,-26.91954444,-48.70904446,SPRF-SC,DEL04-SC,UOP04-DEL04-SC,2025
"731208,0",2025-11-11,terça-feira,18:00:00,SC,101,"328,7",CAPIVARI DE BAIXO,Velocidade Incompatível,Colisão com objeto,Com Vítimas Feridas,Anoitecer,Crescente,Céu Claro,Múltipla,Curva,Não,1,0,1,0,0,0,1,1,-28.45044924,-48.97226572,SPRF-SC,DEL02-SC,UOP01-DEL02-SC,2025
"731212,0",2025-11-11,terça-feira,18:35:00,SC,101,"136,0",BALNEARIO CAMBORIU,Ausência de reação do condutor,Colisão traseira,Com Vítimas Feridas,Plena Noite,Decrescente,Nublado,Múltipla,Reta;Ponte,Sim,5,0,2,1,1,1,3,4,-27.00739,-48.61876,SPRF-SC,DEL04-SC,UOP03-DEL04-SC,2025
"731220,0",2025-11-11,terça-feira,20:50:00,SC,101,"203,2",SAO JOSE,Ausência de reação do condutor,Tombamento,Com Vítimas Feridas,Plena Noite,Decrescente,Céu Claro,Dupla,Reta,Sim,1,0,0,1,0,0,1,1,-27.56695,-48.61372,SPRF-SC,DEL01-SC,UOP01-DEL01-SC,2025
"731248,0",2025-11-12,quarta-feira,00:35:00,SC,101,"284,5",IMBITUBA,Ausência de reação do condutor,Colisão com objeto,Com Vítimas Feridas,Plena Noite,Crescente,Céu Claro,Dupla,Curva;Viaduto,Não,1,0,1,0,0,0,1,1,-28.2329536,-48.70189905,SPRF-SC,DEL02-SC,UOP03-DEL02-SC,2025
"731273,0",2025-11-12,quarta-feira,07:15:00,SC,280,"121,8",SAO BENTO DO SUL,Condutor deixou de manter distância do veículo da frente,Colisão traseira,Com Vítimas Feridas,Amanhecer,Decrescente,Céu Claro,Simples,Interseção de Vias;Declive,Não,2,0,1,0,1,0,1,2,-26.250237,-49.455768,SPRF-SC,DEL06-SC,UOP03-DEL06-SC,2025
"731280,0",2025-11-12,quarta-feira,08:10:00,SC,101,"205,0",SAO JOSE,Manobra de mudança de faixa,Colisão traseira,Com Vítimas Feridas,Pleno dia,Crescente,Nublado,Múltipla,Reta,Não,3,0,2,0,1,0,2,2,-27.582852,-48.61516,SPRF-SC,DEL01-SC,UOP01-DEL01-SC,2025
"731284,0",2025-11-08,sábado,13:00:00,SC,101,"70,5",ARAQUARI,Manobra de mudança de faixa,Colisão traseira,Com Vítimas Feridas,Pleno dia,Decrescente,Céu Claro,Dupla,Reta,Não,8,0,2,1,5,0,3,3,-26.51467,-48.720847,SPRF-SC,DEL03-SC,UOP02-DEL03-SC,2025
"731298,0",2025-09-24,quarta-feira,07:30:00,SC,101,"107,0",PENHA,Condutor deixou de manter distância do veículo da frente,Colisão traseira,Sem Vítimas,Pleno dia,Crescente,Céu Claro,Dupla,Reta,Não,3,0,0,0,2,1,0,3,-26.82018096,-48.68441892,SPRF-SC,DEL03-SC,UOP02-DEL03-SC,2025
"731323,0",2025-11-12,quarta-feira,12:05:00,SC,101,"149,0",ITAPEMA,Acessar a via sem observar a presença dos outros veículos,Colisão transversal,Com Vítimas Feridas,Pleno dia,Decrescente,Céu Claro,Simples,Reta,Sim,2,0,1,0,1,0,1,2,-27.11465104,-48.60955663,SPRF-SC,DEL04-SC,UOP03-DEL04-SC,2025
"731334,0",2025-11-12,quarta-feira,14:00:00,SC,282,"217,0",LAGES,Ausência de reação do condutor,Colisão com objeto,Com Vítimas Feridas,Pleno dia,Decrescente,Céu Claro,Simples,Reta,Sim,4,0,3,0,1,0,3,1,-27.79676768,-50.31788385,SPRF-SC,DEL05-SC,UOP01-DEL05-SC,2025
"731337,0",2025-11-12,quarta-feira,11:14:00,SC,470,"70,7",INDAIAL,Ausência de reação do condutor,Colisão traseira,Com Vítimas Feridas,Pleno dia,Crescente,Sol,Dupla,Reta,Não,2,0,1,1,0,0,2,2,-26.89553483,-49.26275818,SPRF-SC,DEL04-SC,UOP01-DEL04-SC,2025
"731360,0",2025-11-01,sábado,21:18:00,SC,470,"4,6",NAVEGANTES,Ingestão de álcool pelo condutor,Colisão transversal,Sem Vítimas,Plena Noite,Crescente,Céu Claro,Múltipla,Reta,Não,2,0,0,0,2,0,0,2,-26.85644145,-48.69718758,SPRF-SC,DEL04-SC,UOP04-DEL04-SC,2025
"731403,0",2025-11-12,quarta-feira,19:40:00,SC,101,"215,8",PALHOCA,Ausência de reação do condutor,Colisão traseira,Com Vítimas Feridas,Plena Noite,Decrescente,Nublado,Múltipla,Reta,Sim,2,0,0,1,1,0,1,2,-27.658543,-48.677938,SPRF-SC,DEL01-SC,UOP02-DEL01-SC,2025
"731411,0",2025-11-12,quarta-feira,19:50:00,SC,282,"24,1",SANTO AMARO DA IMPERATRIZ,Reação tardia ou ineficiente do condutor,Colisão lateral mesmo sentido,Com Vítimas Feridas,Plena Noite,Decrescente,Garoa/Chuvisco,Simples,Reta,Não,2,0,1,0,1,0,1,2,-27.67499258,-48.77902731,SPRF-SC,DEL01-SC,UOP03-DEL01-SC,2025
"731433,0",2025-11-12,quarta-feira,22:00:00,SC,101,"203,0",SAO JOSE,Reação tardia ou ineficiente do condutor,Queda de ocupante de veículo,Com Vítimas Feridas,Plena Noite,Decrescente,Garoa/Chuvisco,Dupla,Reta,Sim,1,0,0,1,0,0,1,1,-27.56515044,-48.61398935,SPRF-SC,DEL01-SC,UOP01-DEL01-SC,2025
"731462,0",2025-11-13,quinta-feira,02:25:00,SC,101,"276,8",IMBITUBA,Ausência de reação do condutor,Colisão com objeto,Com Vítimas Fatais,Plena Noite,Decrescente,Nublado,Múltipla,Reta,Sim,1,1,0,0,0,0,0,1,-28.165623,-48.693045,SPRF-SC,DEL02-SC,UOP03-DEL02-SC,2025
"731493,0",2025-11-13,quinta-feira,07:56:00,SC,282,"0,6",FLORIANOPOLIS,Trafegar com motocicleta (ou similar) entre as faixas,Colisão lateral mesmo sentido,Com Vítimas Feridas,Pleno dia,Decrescente,Céu Claro,Múltipla,Reta,Sim,3,0,1,0,2,0,1,3,-27.6002,-48.5764162,SPRF-SC,DEL01-SC,UOP01-DEL01-SC,2025
"731516,0",2025-11-13,quinta-feira,09:50:00,SC,101,"430,9",SOMBRIO,Desrespeitar a preferência no cruzamento,Colisão transversal,Com Vítimas Feridas,Pleno dia,Decrescente,Céu Claro,Simples,Viaduto;Interseção de Vias,Sim,2,0,1,0,1,0,1,2,-29.07041473,-49.62602735,SPRF-SC,DEL02-SC,UOP02-DEL02-SC,2025
"731544,0",2025-11-13,quinta-feira,13:45:00,SC,101,"207,0",SAO JOSE,Manobra de mudança de faixa,Colisão lateral mesmo sentido,Com Vítimas Feridas,Pleno dia,Decrescente,Céu Claro,Múltipla,Interseção de Vias,Sim,2,0,1,0,1,0,1,2,-27.5948,-48.61889,SPRF-SC,DEL01-SC,UOP01-DEL01-SC,2025
"731551,0",2025-11-02,domingo,00:01:00,SC,280,"56,2",GUARAMIRIM,Entrada inopinada do pedestre,Atropelamento de Pedestre,Com Vítimas Feridas,Plena Noite,Crescente,Garoa/Chuvisco,Simples,Reta,Sim,2,0,1,0,0,1,1,2,-26.479282,-49.003796,SPRF-SC,DEL03-SC,UOP03-DEL03-SC,2025
"731571,0",2025-11-13,quinta-feira,15:30:00,SC,101,"212,0",PALHOCA,Reação tardia ou ineficiente do condutor,Colisão traseira,Com Vítimas Feridas,Pleno dia,Decrescente,Céu Claro,Múltipla,Reta;Aclive,Sim,2,0,1,0,1,0,1,2,-27.62922,-48.6581,SPRF-SC,DEL01-SC,UOP02-DEL01-SC,2025
"731589,0",2025-11-13,quinta-feira,17:00:00,SC,101,"119,2",ITAJAI,Manobra de mudança de faixa,Colisão lateral mesmo sentido,Com Vítimas Feridas,Pleno dia,Crescente,Nublado,Múltipla,Reta,Sim,2,0,1,0,1,0,1,2,-26.90275435,-48.71671557,SPRF-SC,DEL04-SC,UOP04-DEL04-SC,2025
"731605,0",2025-11-13,quinta-feira,18:05:00,SC,101,"197,0",BIGUACU,Reação tardia ou ineficiente do condutor,Colisão transversal,Com Vítimas Feridas,Pleno dia,Crescente,Nublado,Dupla,Reta,Sim,2,0,1,0,1,0,1,2,-27.520691,-48.63796,SPRF-SC,DEL01-SC,UOP01-DEL01-SC,2025
"731619,0",2025-11-13,quinta-feira,20:10:00,SC,101,"337,0",TUBARAO,Reação tardia ou ineficiente do condutor,Colisão traseira,Com Vítimas Feridas,Plena Noite,Decrescente,Céu Claro,Dupla,Aclive,Não,2,0,1,0,1,0,1,2,-28.49114954,-49.03928725,SPRF-SC,DEL02-SC,UOP01-DEL02-SC,2025
"731643,0",2025-11-13,quinta-feira,15:50:00,SC,101,"157,0",PORTO BELO,Acumulo de areia ou detritos sobre o pavimento,Tombamento,Com Vítimas Feridas,Pleno dia,Decrescente,Céu Claro,Dupla,Reta,Sim,1,0,1,0,0,0,1,1,-27.19218246,-48.61224739,SPRF-SC,DEL04-SC,UOP03-DEL04-SC,2025
"731645,0",2025-11-13,quinta-feira,22:28:00,SC,101,"222,0",PALHOCA,Velocidade Incompatível,Queda de ocupante de veículo,Com Vítimas Feridas,Plena Noite,Crescente,Céu Claro,Dupla,Reta,Sim,2,0,1,0,1,0,1,1,-27.709578,-48.65468,SPRF-SC,DEL01-SC,UOP02-DEL01-SC,2025
"731651,0",2025-11-13,quinta-feira,22:45:00,SC,280,"51,4",GUARAMIRIM,Acessar a via sem observar a presença dos outros veículos,Colisão transversal,Com Vítimas Feridas,Plena Noite,Crescente,Nublado,Simples,Retorno Regulamentado;Reta,Sim,2,0,1,0,1,0,1,2,-26.466787,-48.959993,SPRF-SC,DEL03-SC,UOP03-DEL03-SC,2025
"731661,0",2025-11-13,quinta-feira,23:15:00,SC,280,"242,0",BELA VISTA DO TOLDO,Ingestão de álcool pelo condutor,Saída de leito carroçável,Sem Vítimas,Plena Noite,Decrescente,Céu Claro,Simples,Reta,Não,1,0,0,0,1,0,0,1,-26.23301929,-50.46895361,SPRF-SC,DEL06-SC,UOP04-DEL06-SC,2025
"731683,0",2025-11-14,sexta-feira,06:40:00,SC,101,"151,0",ITAPEMA,Condutor deixou de manter distância do veículo da frente,Colisão traseira,Com Vítimas Feridas,Pleno dia,Crescente,Céu Claro,Dupla,Reta,Não,2,0,1,0,1,0,1,2,-27.065955,-48.5955738,SPRF-SC,DEL04-SC,UOP03-DEL04-SC,2025
"731688,0",2025-11-14,sexta-feira,07:05:00,SC,470,"66,2",INDAIAL,Acessar a via sem observar a presença dos outros veículos,Colisão transversal,Com Vítimas Feridas,Pleno dia,Decrescente,Céu Claro,Simples,Reta;Em Obras,Sim,2,0,1,0,1,0,1,2,-26.870107,-49.2236682,SPRF-SC,DEL04-SC,UOP01-DEL04-SC,2025
"731689,0",2025-11-14,sexta-feira,06:35:00,SC,280,"24,1",ARAQUARI,Acessar a via sem observar a presença dos outros veículos,Colisão transversal,Com Vítimas Feridas,Pleno dia,Crescente,Nublado,Simples,Reta,Não,2,0,0,1,1,0,1,2,-26.378267,-48.72077,SPRF-SC,DEL03-SC,UOP03-DEL03-SC,2025
"731714,0",2025-07-29,terça-feira,17:45:00,SC,280,"52,0",GUARAMIRIM,Acessar a via sem observar a presença dos outros veículos,Colisão transversal,Com Vítimas Feridas,Plena Noite,Crescente,Céu Claro,Dupla,Retorno Regulamentado,Sim,3,0,1,0,2,0,1,3,-26.46826802,-48.96314621,SPRF-SC,DEL03-SC,UOP03-DEL03-SC,2025
"731736,0",2025-11-14,sexta-feira,12:00:00,SC,101,"148,0",ITAPEMA,Acessar a via sem observar a presença dos outros veículos,Colisão transversal,Com Vítimas Feridas,Pleno dia,Crescente,Céu Claro,Dupla,Interseção de Vias,Sim,2,0,1,0,1,0,1,2,-27.09679497,-48.61825436,SPRF-SC,DEL04-SC,UOP03-DEL04-SC,2025
"731753,0",2025-11-14,sexta-feira,13:25:00,SC,280,"28,7",ARAQUARI,Acesso irregular,Colisão transversal,Com Vítimas Feridas,Pleno dia,Crescente,Nublado,Simples,Reta,Sim,3,0,0,2,1,0,2,2,-26.40722,-48.74871,SPRF-SC,DEL03-SC,UOP03-DEL03-SC,2025
"731784,0",2025-11-14,sexta-feira,14:40:00,SC,101,"137,0",BALNEARIO CAMBORIU,Acumulo de óleo sobre o pavimento,Tombamento,Com Vítimas Feridas,Pleno dia,Decrescente,Sol,Simples,Interseção de Vias;Viaduto,Sim,1,0,1,0,0,0,1,1,-27.01874149,-48.6105752,SPRF-SC,DEL04-SC,UOP03-DEL04-SC,2025
"731792,0",2025-11-14,sexta-feira,14:40:00,SC,163,"88,2",GUARACIABA,Ultrapassagem Indevida,Colisão lateral mesmo sentido,Com Vítimas Feridas,Pleno dia,Crescente,Céu Claro,Simples,Declive,Não,4,0,2,0,2,0,2,2,-26.58076618,-53.51635605,SPRF-SC,DEL07-SC,UOP03-DEL07-SC,2025
"731804,0",2025-11-14,sexta-feira,14:45:00,SC,101,"37,0",JOINVILLE,Objeto estático sobre o leito carroçável,Colisão traseira,Com Vítimas Feridas,Pleno dia,Decrescente,Céu Claro,Múltipla,Reta,Sim,2,0,1,0,1,0,1,2,-26.28799949,-48.886199,SPRF-SC,DEL03-SC,UOP01-DEL03-SC,2025
"731832,0",2025-11-14,sexta-feira,17:40:00,SC,101,"116,0",ITAJAI,Reação tardia ou ineficiente do condutor,Colisão traseira,Sem Vítimas,Pleno dia,Decrescente,Céu Claro,Múltipla,Reta,Sim,2,0,0,0,2,0,0,2,-26.87776645,-48.72638988,SPRF-SC,DEL04-SC,UOP04-DEL04-SC,2025
"731846,0",2025-11-14,sexta-feira,17:15:00,SC,280,"126,5",RIO NEGRINHO,Ausência de reação do condutor,Tombamento,Com Vítimas Feridas,Pleno dia,Decrescente,Céu Claro,Simples,Reta,Sim,1,0,0,1,0,0,1,1,-26.238725,-49.499962,SPRF-SC,DEL06-SC,UOP03-DEL06-SC,2025
"731850,0",2025-11-14,sexta-feira,18:18:00,SC,101,"131,0",BALNEARIO CAMBORIU,Trafegar com motocicleta (ou similar) entre as faixas,Colisão lateral mesmo sentido,Com Vítimas Feridas,Anoitecer,Crescente,Céu Claro,Dupla,Reta,Sim,2,0,1,0,1,0,1,2,-26.99245428,-48.66119385,SPRF-SC,DEL04-SC,UOP03-DEL04-SC,2025
"731855,0",2025-11-14,sexta-feira,17:40:00,SC,280,"128,2",RIO NEGRINHO,Trafegar com motocicleta (ou similar) entre as faixas,Colisão transversal,Com Vítimas Feridas,Pleno dia,Decrescente,Céu Claro,Simples,Reta,Sim,2,0,1,0,1,0,1,2,-26.243987,-49.515391,SPRF-SC,DEL06-SC,UOP03-DEL06-SC,2025
"731873,0",2025-11-14,sexta-feira,19:50:00,SC,470,"31,8",GASPAR,Ausência de reação do condutor,Tombamento,Com Vítimas Feridas,Plena Noite,Decrescente,Céu Claro,Dupla,Reta,Sim,2,0,2,0,0,0,2,1,-26.901052,-48.930519,SPRF-SC,DEL04-SC,UOP01-DEL04-SC,2025
"731903,0",2025-11-14,sexta-feira,22:40:00,SC,470,"29,0",GASPAR,Ausência de reação do condutor,Saída de leito carroçável,Com Vítimas Feridas,Plena Noite,Decrescente,Nublado,Dupla,Reta,Não,4,0,2,0,2,0,2,1,-26.89347119,-48.91121149,SPRF-SC,DEL04-SC,UOP01-DEL04-SC,2025
"731920,0",2025-11-15,sábado,00:00:00,SC,101,"349,8",JAGUARUNA,Condutor Dormindo,Colisão traseira,Com Vítimas Feridas,Plena Noite,Decrescente,Céu Claro,Dupla,Reta;Aclive,Não,3,0,1,0,2,0,1,2,-28.59542905,-49.0471255,SPRF-SC,DEL02-SC,UOP01-DEL02-SC,2025
"731928,0",2025-11-15,sábado,01:30:00,SC,470,"44,8",GASPAR,Ausência de reação do condutor,Saída de leito carroçável,Com Vítimas Feridas,Plena Noite,Crescente,Nublado,Dupla,Reta,Sim,1,0,1,0,0,0,1,1,-26.8664131,-49.0316895,SPRF-SC,DEL04-SC,UOP01-DEL04-SC,2025
"731931,0",2025-11-15,sábado,02:00:00,SC,280,"55,0",GUARAMIRIM,Transitar na contramão,Colisão frontal,Com Vítimas Feridas,Plena Noite,Decrescente,Céu Claro,Dupla,Reta,Sim,2,0,1,0,0,1,1,2,-26.476627,-48.995315,SPRF-SC,DEL03-SC,UOP03-DEL03-SC,2025
"731948,0",2025-11-15,sábado,05:00:00,SC,101,"199,0",SAO JOSE,Ingestão de álcool pelo condutor,Saída de leito carroçável,Com Vítimas Feridas,Amanhecer,Crescente,Nublado,Múltipla,Reta,Não,2,0,2,0,0,0,2,1,-27.537,-48.627,SPRF-SC,DEL01-SC,UOP01-DEL01-SC,2025
"731958,0",2025-11-15,sábado,05:00:00,SC,282,"162,5",BOM RETIRO,Ingestão de álcool pelo condutor,Saída de leito carroçável,Sem Vítimas,Amanhecer,Decrescente,Céu Claro,Simples,Reta,Não,1,0,0,0,0,1,0,1,-27.73046677,-49.76605207,SPRF-SC,DEL05-SC,UOP01-DEL05-SC,2025
"731974,0",2025-10-26,domingo,11:20:00,SC,101,"352,5",JAGUARUNA,Transitar na contramão,Saída de leito carroçável,Com Vítimas Feridas,Pleno dia,Decrescente,Nublado,Dupla,Reta,Não,6,0,1,3,2,0,4,2,-28.6145693,-49.0655691,SPRF-SC,DEL02-SC,UOP01-DEL02-SC,2025
"731976,0",2025-04-30,quarta-feira,19:40:00,SC,470,"12,6",NAVEGANTES,Pedestre andava na pista,Atropelamento de Pedestre,Com Vítimas Fatais,Plena Noite,Crescente,Nublado,Dupla,Aclive;Reta,Não,2,1,0,0,1,0,0,2,-26.83726,-48.76302,SPRF-SC,DEL04-SC,UOP04-DEL04-SC,2025
"731997,0",2025-11-15,sábado,10:30:00,SC,101,"40,0",JOINVILLE,Carga excessiva e/ou mal acondicionada,Colisão lateral mesmo sentido,Com Vítimas Feridas,Pleno dia,Decrescente,Céu Claro,Simples,Reta,Sim,3,0,1,0,2,0,1,2,-26.30988122,-48.87765884,SPRF-SC,DEL03-SC,UOP01-DEL03-SC,2025
"732005,0",2025-11-15,sábado,10:15:00,SC,101,"445,9",SANTA ROSA DO SUL,Avarias e/ou desgaste excessivo no pneu,Tombamento,Com Vítimas Feridas,Pleno dia,Decrescente,Nublado,Múltipla,Reta,Não,2,0,1,1,0,0,2,1,-29.15067572,-49.72623317,SPRF-SC,DEL02-SC,UOP02-DEL02-SC,2025
"732010,0",2025-11-15,sábado,11:55:00,SC,101,"209,0",SAO JOSE,Reação tardia ou ineficiente do condutor,Colisão transversal,Com Vítimas Feridas,Pleno dia,Decrescente,Céu Claro,Dupla,Reta,Sim,3,0,0,2,1,0,2,2,-27.61061,-48.63938,SPRF-SC,DEL01-SC,UOP01-DEL01-SC,2025
"732029,0",2025-11-15,sábado,14:20:00,SC,282,"0,5",FLORIANOPOLIS,Manobra de mudança de faixa,Colisão lateral mesmo sentido,Com Vítimas Feridas,Pleno dia,Decrescente,Céu Claro,Múltipla,Aclive;Reta,Não,4,0,2,0,2,0,2,2,-27.59879584,-48.57420143,SPRF-SC,DEL01-SC,UOP01-DEL01-SC,2025
"732043,0",2025-11-15,sábado,14:30:00,SC,282,"1,0",FLORIANOPOLIS,Condutor deixou de manter distância do veículo da frente,Colisão traseira,Com Vítimas Feridas,Pleno dia,Crescente,Céu Claro,Múltipla,Reta,Sim,3,0,1,0,2,0,1,2,-27.60331,-48.58128,SPRF-SC,DEL01-SC,UOP01-DEL01-SC,2025
"732047,0",2025-11-15,sábado,16:00:00,SC,470,"21,5",ILHOTA,Ausência de reação do condutor,Saída de leito carroçável,Com Vítimas Feridas,Pleno dia,Crescente,Céu Claro,Dupla,Curva,Não,2,0,1,1,0,0,2,1,-26.87409541,-48.82461548,SPRF-SC,DEL04-SC,UOP04-DEL04-SC,2025
"732050,0",2025-11-15,sábado,09:48:00,SC,282,"489,0",FAXINAL DOS GUEDES,Ausência de reação do condutor,Colisão com objeto,Com Vítimas Feridas,Pleno dia,Decrescente,Céu Claro,Simples,Rotatória,Não,2,0,2,0,0,0,2,1,-26.85890114,-52.26614571,SPRF-SC,DEL07-SC,UOP01-DEL07-SC,2025
"732059,0",2025-11-15,sábado,17:00:00,SC,101,"206,0",SAO JOSE,Reação tardia ou ineficiente do condutor,Colisão traseira,Com Vítimas Feridas,Pleno dia,Crescente,Sol,Múltipla,Reta;Aclive,Sim,4,0,2,0,1,1,2,3,-27.58882855,-48.61719908,SPRF-SC,DEL01-SC,UOP01-DEL01-SC,2025
"732064,0",2025-11-15,sábado,16:45:00,SC,101,"137,0",BALNEARIO CAMBORIU,Reação tardia ou ineficiente do condutor,Tombamento,Com Vítimas Feridas,Pleno dia,Crescente,Céu Claro,Dupla,Reta;Viaduto,Sim,2,0,2,0,0,0,2,1,-27.01834872,-48.6101789,SPRF-SC,DEL04-SC,UOP03-DEL04-SC,2025
"732067,0",2025-11-15,sábado,16:00:00,SC,101,"251,3",PAULO LOPES,Reação tardia ou ineficiente do condutor,Colisão com objeto,Sem Vítimas,Pleno dia,Crescente,Céu Claro,Dupla,Reta,Não,1,0,0,0,0,1,0,1,-27.95156754,-48.67380593,SPRF-SC,DEL02-SC,UOP03-DEL02-SC,2025
"732077,0",2025-11-15,sábado,14:50:00,SC,101,"324,0",CAPIVARI DE BAIXO,Manobra de mudança de faixa,Colisão lateral mesmo sentido,Com Vítimas Feridas,Pleno dia,Crescente,Céu Claro,Dupla,Reta,Sim,4,0,2,0,2,0,2,3,-28.43553356,-48.95908769,SPRF-SC,DEL02-SC,UOP01-DEL02-SC,2025
"732085,0",2025-11-15,sábado,18:30:00,SC,470,"53,2",BLUMENAU,Ingestão de álcool pelo condutor,Colisão lateral sentido oposto,Com Vítimas Feridas,Anoitecer,Decrescente,Nublado,Simples,Reta;Interseção de Vias,Sim,3,0,1,0,2,0,1,3,-26.86929,-49.105163,SPRF-SC,DEL04-SC,UOP01-DEL04-SC,2025
"732102,0",2025-11-15,sábado,20:15:00,SC,282,"520,2",XAXIM,Ingestão de álcool pelo condutor,Queda de ocupante de veículo,Com Vítimas Feridas,Plena Noite,Crescente,Céu Claro,Simples,Declive;Curva,Não,1,0,1,0,0,0,1,1,-26.95096236,-52.52526474,SPRF-SC,DEL07-SC,UOP01-DEL07-SC,2025
"732106,0",2025-11-15,sábado,18:00:00,SC,470,"56,3",BLUMENAU,Demais falhas mecânicas ou elétricas,Tombamento,Com Vítimas Feridas,Pleno dia,Decrescente,Céu Claro,Dupla,Reta,Sim,2,0,2,0,0,0,2,1,-26.87772841,-49.13072411,SPRF-SC,DEL04-SC,UOP01-DEL04-SC,2025
"732121,0",2025-11-15,sábado,21:30:00,SC,101,"101,9",BALNEARIO PICARRAS,Ingestão de álcool pelo condutor,Colisão com objeto,Com Vítimas Fatais,Plena Noite,Crescente,Céu Claro,Múltipla,Reta,Não,1,1,0,0,0,0,0,1,-26.7730853,-48.6861191,SPRF-SC,DEL03-SC,UOP02-DEL03-SC,2025
"732129,0",2025-11-15,sábado,21:00:00,SC,470,"58,9",BLUMENAU,Ausência de reação do condutor,Colisão traseira,Com Vítimas Feridas,Plena Noite,Crescente,Céu Claro,Simples,Reta;Declive,Sim,2,0,0,1,1,0,1,2,-26.88278975,-49.15425897,SPRF-SC,DEL04-SC,UOP01-DEL04-SC,2025
"732155,0",2025-11-15,sábado,23:15:00,SC,101,"204,6",SAO JOSE,Manobra de mudança de faixa,Colisão traseira,Com Vítimas Feridas,Plena Noite,Decrescente,Céu Claro,Múltipla,Reta,Sim,3,0,0,1,1,1,1,3,-27.57988,-48.61405,SPRF-SC,DEL01-SC,UOP01-DEL01-SC,2025
"732159,0",2025-11-16,domingo,01:30:00,SC,101,"301,5",LAGUNA,Condutor Dormindo,Colisão traseira,Com Vítimas Feridas,Plena Noite,Decrescente,Céu Claro,Múltipla,Reta,Não,4,0,2,0,2,0,2,2,-28.37088881,-48.75836492,SPRF-SC,DEL02-SC,UOP03-DEL02-SC,2025
"732162,0",2025-11-16,domingo,01:35:00,SC,101,"207,0",SAO JOSE,Velocidade Incompatível,Saída de leito carroçável,Com Vítimas Feridas,Plena Noite,Crescente,Céu Claro,Dupla,Curva,Sim,1,0,1,0,0,0,1,1,-27.60204323,-48.62972466,SPRF-SC,DEL01-SC,UOP01-DEL01-SC,2025
"732173,0",2025-11-16,domingo,02:45:00,SC,101,"319,0",PESCARIA BRAVA,Animais na Pista,Colisão com objeto,Com Vítimas Feridas,Plena Noite,Decrescente,Céu Claro,Múltipla,Reta,Sim,1,0,1,0,0,0,1,1,-28.426408,-48.907167,SPRF-SC,DEL02-SC,UOP01-DEL02-SC,2025
"732175,0",2025-11-16,domingo,03:27:00,SC,282,"527,4",XAXIM,Reação tardia ou ineficiente do condutor,Saída de leito carroçável,Sem Vítimas,Plena Noite,Decrescente,Céu Claro,Simples,Aclive;Reta,Não,2,0,0,0,2,0,0,1,-26.9740483,-52.58562708,SPRF-SC,DEL07-SC,UOP01-DEL07-SC,2025
"732190,0",2025-11-15,sábado,20:00:00,SC,163,"109,2",GUARUJA DO SUL,Ausência de reação do condutor,Saída de leito carroçável,Com Vítimas Feridas,Plena Noite,Crescente,Céu Claro,Simples,Curva,Não,2,0,2,0,0,0,2,1,-26.410095,-53.522038,SPRF-SC,DEL07-SC,UOP03-DEL07-SC,2025
"732196,0",2025-11-16,domingo,05:00:00,SC,470,"34,8",GASPAR,Condutor Dormindo,Tombamento,Com Vítimas Feridas,Plena Noite,Decrescente,Nublado,Simples,Em Obras;Viaduto,Sim,1,0,1,0,0,0,1,1,-26.912845,-48.958306,SPRF-SC,DEL04-SC,UOP01-DEL04-SC,2025