id,data_inversa,dia_semana,horario,uf,br,km,municipio,causa_acidente,tipo_acidente,classificacao_acidente,fase_dia,sentido_via,condicao_metereologica,tipo_pista,tracado_via,uso_solo,pessoas,mortos,feridos_leves,feridos_graves,ilesos,ignorados,feridos,veiculos,latitude,longitude,regional,delegacia,uop,ano_arquivo
"732206,0",2025-11-15,sábado,22:10:00,SC,280,"128,0",RIO NEGRINHO,Acesso irregular,Colisão transversal,Com Vítimas Feridas,Plena Noite,Crescente,Céu Claro,Simples,Reta;Interseção de Vias,Sim,3,0,1,0,2,0,1,2,-26.244154,-49.516033,SPRF-SC,DEL06-SC,UOP03-DEL06-SC,2025
"732221,0",2025-11-16,domingo,08:30:00,SC,280,"127,2",RIO NEGRINHO,Acessar a via sem observar a presença dos outros veículos,Colisão transversal,Com Vítimas Feridas,Pleno dia,Crescente,Nublado,Simples,Interseção de Vias;Reta,Sim,2,0,0,1,1,0,1,2,-26.23984515,-49.50630426,SPRF-SC,DEL06-SC,UOP03-DEL06-SC,2025
"732227,0",2025-11-16,domingo,09:20:00,SC,480,"126,2",CHAPECO,Acessar a via sem observar a presença dos outros veículos,Colisão transversal,Com Vítimas Feridas,Pleno dia,Crescente,Sol,Simples,Viaduto,Sim,3,0,0,1,2,0,1,2,-27.015522,-52.637805,SPRF-SC,DEL07-SC,UOP01-DEL07-SC,2025
"732259,0",2025-11-16,domingo,12:00:00,SC,101,"138,0",BALNEARIO CAMBORIU,Reação tardia ou ineficiente do condutor,Saída de leito carroçável,Sem Vítimas,Pleno dia,Decrescente,Céu Claro,Dupla,Reta,Sim,1,0,0,0,1,0,0,1,-27.02501606,-48.60690057,SPRF-SC,DEL04-SC,UOP03-DEL04-SC,2025
"732260,0",2025-11-16,domingo,12:25:00,SC,101,"191,8",BIGUACU,Demais falhas mecânicas ou elétricas,Queda de ocupante de veículo,Com Vítimas Feridas,Pleno dia,Decrescente,Céu Claro,Múltipla,Reta,Não,2,0,0,2,0,0,2,1,-27.483227,-48.64464,SPRF-SC,DEL01-SC,UOP01-DEL01-SC,2025
"732262,0",2025-11-16,domingo,13:50:00,SC,470,"54,0",BLUMENAU,Desrespeitar a preferência no cruzamento,Colisão transversal,Com Vítimas Feridas,Pleno dia,Crescente,Nublado,Dupla,Interseção de Vias;Em Obras,Sim,2,0,1,0,1,0,1,2,-26.87318624,-49.11421895,SPRF-SC,DEL04-SC,UOP01-DEL04-SC,2025
"732269,0",2025-11-16,domingo,14:05:00,SC,101,"150,2",ITAPEMA,Ingestão de álcool pelo condutor,Capotamento,Sem Vítimas,Pleno dia,Decrescente,Céu Claro,Simples,Reta,Não,1,0,0,0,0,1,0,1,-27.11818,-48.60901,SPRF-SC,DEL04-SC,UOP03-DEL04-SC,2025
"732285,0",2025-11-16,domingo,15:00:00,SC,101,"52,8",JOINVILLE,Reação tardia ou ineficiente do condutor,Colisão traseira,Com Vítimas Feridas,Pleno dia,Decrescente,Céu Claro,Dupla,Curva,Não,6,0,2,1,3,0,3,3,-26.40912741,-48.83694216,SPRF-SC,DEL03-SC,UOP01-DEL03-SC,2025
"732304,0",2025-11-16,domingo,17:25:00,SC,101,"206,0",SAO JOSE,Condutor deixou de manter distância do veículo da frente,Colisão traseira,Com Vítimas Feridas,Pleno dia,Crescente,Céu Claro,Dupla,Reta,Sim,4,0,2,0,2,0,2,2,-27.597796,-48.620606,SPRF-SC,DEL01-SC,UOP01-DEL01-SC,2025
"732311,0",2025-11-16,domingo,16:50:00,SC,163,"79,0",SAO MIGUEL DO OESTE,Ingestão de álcool pelo condutor,Tombamento,Com Vítimas Feridas,Pleno dia,Crescente,Nublado,Simples,Rotatória,Não,1,0,1,0,0,0,1,1,-26.65601634,-53.5173854,SPRF-SC,DEL07-SC,UOP03-DEL07-SC,2025
"732314,0",2025-11-16,domingo,13:50:00,SC,116,"275,8",CAPAO ALTO,Reação tardia ou ineficiente do condutor,Queda de ocupante de veículo,Com Vítimas Feridas,Pleno dia,Crescente,Céu Claro,Simples,Reta,Não,1,0,1,0,0,0,1,1,-28.00706673,-50.54195881,SPRF-SC,DEL05-SC,UOP02-DEL05-SC,2025
"732335,0",2025-11-16,domingo,19:00:00,SC,101,"132,0",CAMBORIU,Reação tardia ou ineficiente do condutor,Colisão traseira,Com Vítimas Feridas,Plena Noite,Decrescente,Céu Claro,Dupla,Reta,Sim,2,0,1,0,0,1,1,2,-27.00054662,-48.64638269,SPRF-SC,DEL04-SC,UOP03-DEL04-SC,2025
"732356,0",2025-11-16,domingo,18:15:00,SC,280,"30,0",ARAQUARI,Entrada inopinada do pedestre,Atropelamento de Pedestre,Com Vítimas Feridas,Anoitecer,Crescente,Céu Claro,Simples,Reta,Não,2,0,0,2,0,0,2,2,-26.41501934,-48.76571417,SPRF-SC,DEL03-SC,UOP03-DEL03-SC,2025
"732357,0",2025-11-16,domingo,19:50:00,SC,280,"24,1",ARAQUARI,Área urbana sem a presença de local apropriado para a travessia de pedestres,Atropelamento de Pedestre,Com Vítimas Feridas,Plena Noite,Decrescente,Nublado,Simples,Reta,Sim,2,0,1,0,0,1,1,2,-26.379355,-48.721974,SPRF-SC,DEL03-SC,UOP03-DEL03-SC,2025
"732359,0",2025-11-16,domingo,20:30:00,SC,280,"57,6",GUARAMIRIM,Acessar a via sem observar a presença dos outros veículos,Colisão transversal,Com Vítimas Feridas,Plena Noite,Decrescente,Céu Claro,Múltipla,Rotatória,Sim,2,0,0,1,1,0,1,2,-26.47435479,-49.02018301,SPRF-SC,DEL03-SC,UOP03-DEL03-SC,2025
"732388,0",2025-11-16,domingo,21:10:00,SC,153,"74,0",IRANI,Reação tardia ou ineficiente do condutor,Saída de leito carroçável,Sem Vítimas,Pleno dia,Crescente,Chuva,Simples,Curva,Não,1,0,0,0,0,1,0,1,-27.073755,-51.900909,SPRF-SC,DEL07-SC,UOP04-DEL07-SC,2025
"732405,0",2025-11-17,segunda-feira,02:15:00,SC,101,"212,0",PALHOCA,Ingestão de álcool pelo condutor,Saída de leito carroçável,Sem Vítimas,Plena Noite,Decrescente,Chuva,Múltipla,Declive,Sim,1,0,0,0,1,0,0,1,-27.63466,-48.66259,SPRF-SC,DEL01-SC,UOP02-DEL01-SC,2025
"732421,0",2025-11-17,segunda-feira,06:30:00,SC,101,"231,4",PALHOCA,Reação tardia ou ineficiente do condutor,Colisão traseira,Com Vítimas Feridas,Pleno dia,Decrescente,Chuva,Dupla,Reta;Declive,Não,2,0,0,1,1,0,1,2,-27.7883,-48.636262,SPRF-SC,DEL01-SC,UOP02-DEL01-SC,2025
"732429,0",2025-11-17,segunda-feira,07:30:00,SC,101,"121,0",ITAJAI,Trafegar com motocicleta (ou similar) entre as faixas,Colisão lateral mesmo sentido,Com Vítimas Feridas,Pleno dia,Crescente,Garoa/Chuvisco,Dupla,Reta,Sim,2,0,1,0,1,0,1,2,-26.91997732,-48.70925903,SPRF-SC,DEL04-SC,UOP04-DEL04-SC,2025
"732436,0",2025-11-17,segunda-feira,07:50:00,SC,101,"204,0",SAO JOSE,Ausência de reação do condutor,Queda de ocupante de veículo,Com Vítimas Feridas,Pleno dia,Crescente,Chuva,Dupla,Reta,Sim,1,0,1,0,0,0,1,1,-27.581457,-48.614775,SPRF-SC,DEL01-SC,UOP01-DEL01-SC,2025
"732443,0",2025-11-17,segunda-feira,08:35:00,SC,101,"201,0",SAO JOSE,Mal súbito do condutor,Tombamento,Com Vítimas Feridas,Pleno dia,Crescente,Chuva,Simples,Reta,Sim,1,0,1,0,0,0,1,1,-27.548993,-48.619985,SPRF-SC,DEL01-SC,UOP01-DEL01-SC,2025
"732452,0",2025-11-17,segunda-feira,09:20:00,SC,282,"17,8",PALHOCA,Condutor deixou de manter distância do veículo da frente,Colisão traseira,Com Vítimas Feridas,Pleno dia,Crescente,Chuva,Simples,Reta,Não,6,0,2,0,4,0,2,5,-27.671583,-48.693285,SPRF-SC,DEL01-SC,UOP02-DEL01-SC,2025
"732468,0",2025-11-17,segunda-feira,10:40:00,SC,282,"19,9",PALHOCA,Condutor deixou de manter distância do veículo da frente,Engavetamento,Sem Vítimas,Pleno dia,Crescente,Chuva,Simples,Reta;Declive,Sim,3,0,0,0,3,0,0,3,-27.684097,-48.710325,SPRF-SC,DEL01-SC,UOP02-DEL01-SC,2025
"732486,0",2025-10-24,sexta-feira,16:30:00,SC,116,"12,3",MAFRA,Objeto estático sobre o leito carroçável,Colisão com objeto,Com Vítimas Feridas,Pleno dia,Crescente,Céu Claro,Simples,Interseção de Vias,Não,4,0,1,0,3,0,1,1,-26.17944078,-49.87063257,SPRF-SC,DEL06-SC,UOP01-DEL06-SC,2025
"732488,0",2025-11-17,segunda-feira,12:35:00,SC,101,"205,1",SAO JOSE,Manobra de mudança de faixa,Colisão lateral mesmo sentido,Com Vítimas Feridas,Pleno dia,Crescente,Nublado,Múltipla,Reta;Interseção de Vias,Sim,3,0,2,0,1,0,2,2,-27.58398459,-48.61516446,SPRF-SC,DEL01-SC,UOP01-DEL01-SC,2025
"732497,0",2025-11-17,segunda-feira,11:25:00,SC,163,"84,7",GUARACIABA,Condutor deixou de manter distância do veículo da frente,Colisão traseira,Sem Vítimas,Pleno dia,Crescente,Nublado,Simples,Reta;Em Obras,Sim,3,0,0,0,3,0,0,2,-26.60987704,-53.51747274,SPRF-SC,DEL07-SC,UOP03-DEL07-SC,2025
"732499,0",2025-11-17,segunda-feira,14:10:00,SC,101,"334,0",TUBARAO,Desrespeitar a preferência no cruzamento,Colisão transversal,Com Vítimas Feridas,Pleno dia,Crescente,Nublado,Múltipla,Interseção de Vias,Sim,2,0,0,1,1,0,1,2,-28.46966701,-49.01494352,SPRF-SC,DEL02-SC,UOP01-DEL02-SC,2025
"732564,0",2025-02-02,domingo,22:00:00,SC,101,"129,0",CAMBORIU,Acumulo de água sobre o pavimento,Colisão frontal,Com Vítimas Feridas,Plena Noite,Crescente,Chuva,Dupla,Curva,Sim,2,0,1,0,1,0,1,2,-26.98064277,-48.6790679,SPRF-SC,DEL04-SC,UOP03-DEL04-SC,2025
"732581,0",2025-11-17,segunda-feira,18:50:00,SC,101,"130,0",CAMBORIU,Ausência de reação do condutor,Queda de ocupante de veículo,Com Vítimas Feridas,Plena Noite,Decrescente,Chuva,Dupla,Reta,Sim,1,0,1,0,0,0,1,1,-26.98391349,-48.66991488,SPRF-SC,DEL04-SC,UOP03-DEL04-SC,2025
"732608,0",2025-11-17,segunda-feira,12:35:00,SC,101,"53,4",JOINVILLE,Pista Escorregadia,Queda de ocupante de veículo,Com Vítimas Feridas,Pleno dia,Crescente,Garoa/Chuvisco,Dupla,Curva,Sim,1,0,1,0,0,0,1,1,-26.41612103,-48.83492438,SPRF-SC,DEL03-SC,UOP01-DEL03-SC,2025
"732609,0",2025-11-17,segunda-feira,21:40:00,SC,101,"115,1",PALHOCA,Acessar a via sem observar a presença dos outros veículos,Tombamento,Com Vítimas Feridas,Plena Noite,Crescente,Céu Claro,Dupla,Reta,Não,2,0,0,1,0,1,1,2,-27.65266,-48.676912,SPRF-SC,DEL04-SC,UOP04-DEL04-SC,2025
"732652,0",2025-11-18,terça-feira,07:15:00,SC,101,"347,0",JAGUARUNA,Conversão proibida,Colisão frontal,Com Vítimas Feridas,Pleno dia,Crescente,Céu Claro,Simples,Reta,Não,2,0,0,1,1,0,1,2,-28.5809685,-49.05097707,SPRF-SC,DEL02-SC,UOP01-DEL02-SC,2025
"732666,0",2025-11-18,terça-feira,07:40:00,SC,101,"127,5",ITAJAI,Trafegar com motocicleta (ou similar) entre as faixas,Colisão lateral mesmo sentido,Com Vítimas Feridas,Pleno dia,Decrescente,Chuva,Dupla,Reta,Sim,3,0,2,0,1,0,2,2,-26.95565381,-48.67936581,SPRF-SC,DEL04-SC,UOP04-DEL04-SC,2025
"732672,0",2025-11-18,terça-feira,07:35:00,SC,101,"159,1",PORTO BELO,Reação tardia ou ineficiente do condutor,Colisão traseira,Com Vítimas Feridas,Pleno dia,Decrescente,Chuva,Dupla,Reta,Não,3,0,1,0,2,0,1,2,-27.20022698,-48.61532656,SPRF-SC,DEL04-SC,UOP03-DEL04-SC,2025
"732684,0",2025-11-18,terça-feira,08:00:00,SC,101,"204,0",SAO JOSE,Acumulo de areia ou detritos sobre o pavimento,Colisão traseira,Sem Vítimas,Pleno dia,Decrescente,Chuva,Múltipla,Interseção de Vias,Sim,3,0,0,0,3,0,0,2,-27.57402223,-48.61342756,SPRF-SC,DEL01-SC,UOP01-DEL01-SC,2025
"732696,0",2025-11-18,terça-feira,10:00:00,SC,282,"1,6",FLORIANOPOLIS,Trafegar com motocicleta (ou similar) entre as faixas,Tombamento,Com Vítimas Feridas,Pleno dia,Decrescente,Chuva,Múltipla,Reta,Sim,2,0,1,0,1,0,1,1,-27.60382117,-48.58399836,SPRF-SC,DEL01-SC,UOP01-DEL01-SC,2025
"732697,0",2025-11-18,terça-feira,07:50:00,SC,282,"72,0",RANCHO QUEIMADO,Velocidade Incompatível,Saída de leito carroçável,Com Vítimas Feridas,Pleno dia,Decrescente,Chuva,Simples,Curva,Não,1,0,1,0,0,0,1,1,-27.683483,-49.105302,SPRF-SC,DEL01-SC,UOP03-DEL01-SC,2025
"732704,0",2025-11-18,terça-feira,08:40:00,SC,116,"7,1",MAFRA,Acessar a via sem observar a presença dos outros veículos,Colisão transversal,Com Vítimas Feridas,Pleno dia,Decrescente,Chuva,Simples,Interseção de Vias;Retorno Regulamentado;Reta,Sim,3,0,2,0,1,0,2,2,-26.153175,-49.832732,SPRF-SC,DEL06-SC,UOP01-DEL06-SC,2025
"732726,0",2025-06-29,domingo,21:10:00,SC,101,"156,0",ITAPEMA,Avarias e/ou desgaste excessivo no pneu,Queda de ocupante de veículo,Com Vítimas Feridas,Plena Noite,Crescente,Garoa/Chuvisco,Dupla,Reta,Não,2,0,2,0,0,0,2,1,-27.12510479,-48.60968336,SPRF-SC,DEL04-SC,UOP03-DEL04-SC,2025
"732732,0",2025-11-18,terça-feira,13:15:00,SC,282,"64,1",RANCHO QUEIMADO,Velocidade Incompatível,Saída de leito carroçável,Com Vítimas Feridas,Pleno dia,Decrescente,Chuva,Simples,Reta,Não,2,0,2,0,0,0,2,1,-27.696693,-49.053435,SPRF-SC,DEL01-SC,UOP03-DEL01-SC,2025
"732745,0",2025-11-18,terça-feira,14:20:00,SC,280,"166,6",MAFRA,Ausência de reação do condutor,Tombamento,Com Vítimas Feridas,Pleno dia,Crescente,Chuva,Simples,Reta,Não,2,0,2,0,0,0,2,1,-26.173128,-49.81768,SPRF-SC,DEL06-SC,UOP01-DEL06-SC,2025
"732750,0",2025-05-26,segunda-feira,07:00:00,SC,470,"160,0",TROMBUDO CENTRAL,Ultrapassagem Indevida,Colisão frontal,Com Vítimas Feridas,Pleno dia,Crescente,Nublado,Simples,Reta,Não,2,0,1,1,0,0,2,2,-27.285469,-49.800056,SPRF-SC,DEL04-SC,UOP02-DEL04-SC,2025
"732767,0",2025-11-18,terça-feira,16:10:00,SC,101,"208,4",SAO JOSE,Ausência de reação do condutor,Tombamento,Com Vítimas Feridas,Pleno dia,Crescente,Chuva,Dupla,Viaduto;Reta,Sim,1,0,1,0,0,0,1,1,-27.60602171,-48.63460477,SPRF-SC,DEL01-SC,UOP01-DEL01-SC,2025
"732775,0",2025-11-18,terça-feira,16:00:00,SC,470,"38,0",GASPAR,Acessar a via sem observar a presença dos outros veículos,Atropelamento de Pedestre,Com Vítimas Feridas,Pleno dia,Crescente,Céu Claro,Dupla,Reta,Não,2,0,0,1,1,0,1,2,-26.907326,-48.978392,SPRF-SC,DEL04-SC,UOP01-DEL04-SC,2025
"732780,0",2025-11-18,terça-feira,17:15:00,SC,101,"146,0",ITAPEMA,Manobra de mudança de faixa,Colisão lateral mesmo sentido,Com Vítimas Feridas,Pleno dia,Decrescente,Nublado,Dupla,Reta,Sim,3,0,1,0,2,0,1,3,-27.09119542,-48.61440539,SPRF-SC,DEL04-SC,UOP03-DEL04-SC,2025
"732791,0",2025-11-18,terça-feira,18:00:00,SC,101,"202,0",SAO JOSE,Reação tardia ou ineficiente do condutor,Colisão traseira,Com Vítimas Feridas,Anoitecer,Decrescente,Chuva,Dupla,Reta;Declive,Sim,5,0,1,0,4,0,1,4,-27.5529489,-48.61952305,SPRF-SC,DEL01-SC,UOP01-DEL01-SC,2025
"732793,0",2025-11-18,terça-feira,16:40:00,SC,470,"117,8",IBIRAMA,Chuva,Saída de leito carroçável,Com Vítimas Feridas,Pleno dia,Crescente,Garoa/Chuvisco,Simples,Curva,Não,1,0,1,0,0,0,1,1,-27.082558,-49.511584,SPRF-SC,DEL04-SC,UOP02-DEL04-SC,2025
"732818,0",2025-11-18,terça-feira,17:05:00,SC,480,"129,4",CHAPECO,Pedestre cruzava a pista fora da faixa,Atropelamento de Pedestre,Com Vítimas Feridas,Pleno dia,Crescente,Nublado,Dupla,Reta,Sim,2,0,1,0,1,0,1,2,-27.041586,-52.635281,SPRF-SC,DEL07-SC,UOP01-DEL07-SC,2025
"732819,0",2025-11-18,terça-feira,20:00:00,SC,101,"332,7",TUBARAO,Desrespeitar a preferência no cruzamento,Colisão transversal,Sem Vítimas,Plena Noite,Decrescente,Céu Claro,Múltipla,Interseção de Vias;Rotatória,Sim,2,0,0,0,2,0,0,2,-28.469921,-49.015014,SPRF-SC,DEL02-SC,UOP01-DEL02-SC,2025
"732827,0",2025-11-18,terça-feira,19:50:00,SC,101,"233,8",PALHOCA,Animais na Pista,Atropelamento de Animal,Com Vítimas Feridas,Plena Noite,Crescente,Céu Claro,Dupla,Declive;Curva,Não,1,0,1,0,0,0,1,1,-27.80908458,-48.63770111,SPRF-SC,DEL01-SC,UOP02-DEL01-SC,2025
"732833,0",2025-11-18,terça-feira,19:30:00,SC,101,"323,0",PESCARIA BRAVA,Ingestão de álcool pelo condutor,Colisão traseira,Com Vítimas Feridas,Plena Noite,Decrescente,Garoa/Chuvisco,Múltipla,Reta,Sim,2,0,1,0,1,0,1,2,-28.42749035,-48.92648089,SPRF-SC,DEL02-SC,UOP01-DEL02-SC,2025
"732869,0",2025-11-19,quarta-feira,06:20:00,SC,280,"56,0",GUARAMIRIM,Acessar a via sem observar a presença dos outros veículos,Colisão transversal,Com Vítimas Feridas,Amanhecer,Crescente,Nublado,Dupla,Rotatória,Sim,2,0,1,0,1,0,1,2,-26.47523,-48.988083,SPRF-SC,DEL03-SC,UOP03-DEL03-SC,2025
"732873,0",2025-11-19,quarta-feira,07:00:00,SC,470,"66,8",INDAIAL,Retorno proibido,Colisão lateral mesmo sentido,Com Vítimas Feridas,Pleno dia,Decrescente,Céu Claro,Simples,Reta;Em Obras,Sim,2,0,1,0,1,0,1,2,-26.8714,-49.22972,SPRF-SC,DEL04-SC,UOP01-DEL04-SC,2025
"732902,0",2025-11-19,quarta-feira,08:00:00,SC,101,"86,0",BARRA VELHA,Pista esburacada,Queda de ocupante de veículo,Com Vítimas Feridas,Pleno dia,Crescente,Céu Claro,Dupla,Reta,Não,1,0,1,0,0,0,1,1,-26.63685346,-48.69685006,SPRF-SC,DEL03-SC,UOP02-DEL03-SC,2025
"732912,0",2025-11-19,quarta-feira,10:00:00,SC,282,"23,0",SANTO AMARO DA IMPERATRIZ,Acessar a via sem observar a presença dos outros veículos,Colisão transversal,Com Vítimas Feridas,Pleno dia,Decrescente,Céu Claro,Simples,Reta,Sim,5,0,4,0,1,0,4,2,-27.68447295,-48.74367563,SPRF-SC,DEL01-SC,UOP02-DEL01-SC,2025
"732913,0",2025-11-15,sábado,05:45:00,SC,158,"127,0",CAIBI,Ingestão de álcool pelo condutor,Saída de leito carroçável,Com Vítimas Feridas,Amanhecer,Crescente,Céu Claro,Simples,Reta,Não,3,0,3,0,0,0,3,1,-27.017253,-53.229259,SPRF-SC,DEL07-SC,UOP02-DEL07-SC,2025
"732936,0",2025-11-19,quarta-feira,12:15:00,SC,101,"174,4",GOVERNADOR CELSO RAMOS,Acessar a via sem observar a presença dos outros veículos,Colisão lateral mesmo sentido,Com Vítimas Feridas,Pleno dia,Crescente,Céu Claro,Dupla,Reta,Não,4,0,3,0,1,0,3,2,-27.32601035,-48.62689225,SPRF-SC,DEL01-SC,UOP01-DEL01-SC,2025
"732938,0",2025-11-19,quarta-feira,12:05:00,SC,282,"511,8",XANXERE,Ausência de reação do condutor,Colisão frontal,Com Vítimas Feridas,Pleno dia,Decrescente,Céu Claro,Simples,Reta;Aclive,Não,3,0,3,0,0,0,3,2,-26.90994904,-52.47083187,SPRF-SC,DEL07-SC,UOP01-DEL07-SC,2025
"732948,0",2025-11-19,quarta-feira,13:20:00,SC,101,"298,5",LAGUNA,Acessar a via sem observar a presença dos outros veículos,Colisão transversal,Com Vítimas Feridas,Pleno dia,Decrescente,Céu Claro,Múltipla,Reta,Não,2,0,2,0,0,0,2,2,-28.3501089,-48.73884916,SPRF-SC,DEL02-SC,UOP03-DEL02-SC,2025
"732970,0",2025-11-09,domingo,09:35:00,SC,280,"58,7",GUARAMIRIM,Ingestão de álcool pelo condutor,Saída de leito carroçável,Com Vítimas Feridas,Pleno dia,Decrescente,Nublado,Dupla,Reta,Sim,1,0,1,0,0,0,1,1,-26.474743,-49.027925,SPRF-SC,DEL03-SC,UOP03-DEL03-SC,2025
"732993,0",2025-11-19,quarta-feira,16:10:00,SC,101,"125,8",ITAJAI,Trafegar com motocicleta (ou similar) entre as faixas,Tombamento,Com Vítimas Feridas,Pleno dia,Decrescente,Céu Claro,Dupla,Reta,Não,1,0,1,0,0,0,1,1,-26.95388,-48.67942,SPRF-SC,DEL04-SC,UOP04-DEL04-SC,2025
"732997,0",2025-11-19,quarta-feira,17:00:00,SC,101,"49,0",JOINVILLE,Frear bruscamente,Tombamento,Com Vítimas Feridas,Pleno dia,Crescente,Nublado,Dupla,Reta,Não,1,0,1,0,0,0,1,1,-26.382505,-48.851392,SPRF-SC,DEL03-SC,UOP01-DEL03-SC,2025
"733003,0",2025-11-19,quarta-feira,18:05:00,SC,470,"35,0",GASPAR,Ausência de reação do condutor,Saída de leito carroçável,Com Vítimas Feridas,Anoitecer,Decrescente,Céu Claro,Simples,Reta;Em Obras,Não,1,0,1,0,0,0,1,1,-26.91393068,-48.9674592,SPRF-SC,DEL04-SC,UOP01-DEL04-SC,2025
"733004,0",2025-11-19,quarta-feira,18:28:00,SC,470,"44,0",GASPAR,Manobra de mudança de faixa,Colisão lateral mesmo sentido,Com Vítimas Feridas,Amanhecer,Crescente,Nublado,Dupla,Reta,Não,2,0,1,0,1,0,1,2,-26.86907007,-49.02629312,SPRF-SC,DEL04-SC,UOP01-DEL04-SC,2025
"733017,0",2025-11-19,quarta-feira,19:00:00,SC,101,"203,6",SAO JOSE,Ingestão de álcool pelo condutor,Colisão traseira,Sem Vítimas,Plena Noite,Crescente,Céu Claro,Dupla,Reta,Sim,2,0,0,0,2,0,0,2,-27.56272,-48.65688,SPRF-SC,DEL01-SC,UOP01-DEL01-SC,2025
"733028,0",2025-11-19,quarta-feira,19:00:00,SC,282,"0,8",FLORIANOPOLIS,Condutor deixou de manter distância do veículo da frente,Colisão traseira,Sem Vítimas,Plena Noite,Decrescente,Céu Claro,Múltipla,Declive;Reta,Sim,3,0,0,0,3,0,0,3,-27.6,-48.576,SPRF-SC,DEL01-SC,UOP01-DEL01-SC,2025
"733039,0",2025-11-19,quarta-feira,19:50:00,SC,101,"136,0",BALNEARIO CAMBORIU,Manobra de mudança de faixa,Colisão lateral mesmo sentido,Com Vítimas Feridas,Anoitecer,Crescente,Céu Claro,Múltipla,Reta,Não,2,0,1,0,1,0,1,2,-27.01419619,-48.61293403,SPRF-SC,DEL04-SC,UOP03-DEL04-SC,2025
"733040,0",2025-11-19,quarta-feira,19:25:00,SC,101,"131,0",CAMBORIU,Pedestre andava na pista,Atropelamento de Pedestre,Com Vítimas Feridas,Plena Noite,Crescente,Nublado,Dupla,Reta,Não,2,0,1,0,0,1,1,2,-26.99493629,-48.65883619,SPRF-SC,DEL04-SC,UOP03-DEL04-SC,2025
"733051,0",2025-11-19,quarta-feira,18:00:00,SC,280,"4,0",SAO FRANCISCO DO SUL,Ingestão de álcool pelo condutor,Tombamento,Com Vítimas Feridas,Anoitecer,Crescente,Nublado,Simples,Reta,Não,1,0,1,0,0,0,1,1,-26.25250865,-48.61857891,SPRF-SC,DEL03-SC,UOP03-DEL03-SC,2025
"733094,0",2025-11-20,quinta-feira,02:50:00,SC,282,"503,3",XANXERE,Velocidade Incompatível,Colisão com objeto,Com Vítimas Feridas,Plena Noite,Crescente,Céu Claro,Dupla,Reta;Declive,Sim,1,0,1,0,0,0,1,1,-26.88343994,-52.40211105,SPRF-SC,DEL07-SC,UOP01-DEL07-SC,2025
"733102,0",2025-11-20,quinta-feira,03:35:00,SC,470,"104,3",APIUNA,Condutor Dormindo,Colisão frontal,Com Vítimas Feridas,Plena Noite,Crescente,Céu Claro,Simples,Curva,Não,5,0,2,0,3,0,2,2,-27.06232,-49.41538,SPRF-SC,DEL04-SC,UOP02-DEL04-SC,2025
"733135,0",2025-11-20,quinta-feira,09:00:00,SC,282,"22,3",SANTO AMARO DA IMPERATRIZ,Ausência de reação do condutor,Colisão traseira,Sem Vítimas,Pleno dia,Crescente,Céu Claro,Simples,Reta,Não,2,0,0,0,2,0,0,2,-27.68827476,-48.73757109,SPRF-SC,DEL01-SC,UOP02-DEL01-SC,2025
"733149,0",2025-11-20,quinta-feira,07:30:00,SC,101,"88,5",BARRA VELHA,Condutor deixou de manter distância do veículo da frente,Engavetamento,Com Vítimas Feridas,Pleno dia,Crescente,Céu Claro,Dupla,Reta,Sim,5,0,1,0,3,1,1,4,-26.6641,-48.68912,SPRF-SC,DEL03-SC,UOP02-DEL03-SC,2025
"733157,0",2025-11-20,quinta-feira,07:20:00,SC,101,"40,6",JOINVILLE,Reação tardia ou ineficiente do condutor,Colisão lateral mesmo sentido,Com Vítimas Feridas,Pleno dia,Decrescente,Céu Claro,Dupla,Curva,Sim,2,0,1,0,1,0,1,2,-26.31339154,-48.87364626,SPRF-SC,DEL03-SC,UOP01-DEL03-SC,2025
"733195,0",2025-11-20,quinta-feira,15:30:00,SC,101,"440,0",SANTA ROSA DO SUL,Reação tardia ou ineficiente do condutor,Tombamento,Com Vítimas Feridas,Pleno dia,Crescente,Céu Claro,Dupla,Reta,Sim,2,0,1,1,0,0,2,1,-29.126132,-49.675055,SPRF-SC,DEL02-SC,UOP02-DEL02-SC,2025
"733208,0",2025-11-20,quinta-feira,14:30:00,SC,101,"350,1",JAGUARUNA,Ingestão de álcool pelo condutor,Colisão traseira,Com Vítimas Feridas,Pleno dia,Crescente,Sol,Dupla,Interseção de Vias;Reta;Declive,Não,6,0,3,0,3,0,3,2,-28.60032917,-49.05241013,SPRF-SC,DEL02-SC,UOP01-DEL02-SC,2025
"733267,0",2025-11-20,quinta-feira,18:20:00,SC,101,"2,0",GARUVA,Reação tardia ou ineficiente do condutor,Saída de leito carroçável,Com Vítimas Feridas,Anoitecer,Crescente,Nublado,Dupla,Aclive;Curva,Não,1,0,1,0,0,0,1,1,-25.99966613,-48.87722818,SPRF-SC,DEL03-SC,UOP01-DEL03-SC,2025
"733273,0",2025-11-20,quinta-feira,20:30:00,SC,282,"44,6",AGUAS MORNAS,Reação tardia ou ineficiente do condutor,Tombamento,Com Vítimas Feridas,Plena Noite,Crescente,Nublado,Simples,Aclive;Curva,Não,1,0,0,1,0,0,1,1,-27.719319,-48.912627,SPRF-SC,DEL01-SC,UOP03-DEL01-SC,2025