id,data_inversa,dia_semana,horario,uf,br,km,municipio,causa_acidente,tipo_acidente,classificacao_acidente,fase_dia,sentido_via,condicao_metereologica,tipo_pista,tracado_via,uso_solo,pessoas,mortos,feridos_leves,feridos_graves,ilesos,ignorados,feridos,veiculos,latitude,longitude,regional,delegacia,uop,ano_arquivo
"734175,0",2025-11-24,segunda-feira,20:10:00,SC,101,"438,6",SOMBRIO,Condutor deixou de manter distância do veículo da frente,Colisão traseira,Com Vítimas Feridas,Plena Noite,Crescente,Nublado,Dupla,Reta;Declive,Sim,3,0,0,2,1,0,2,2,-29.12390422,-49.66056196,SPRF-SC,DEL02-SC,UOP02-DEL02-SC,2025
"734214,0",2025-11-25,terça-feira,02:00:00,SC,101,"159,0",PORTO BELO,Reação tardia ou ineficiente do condutor,Saída de leito carroçável,Sem Vítimas,Plena Noite,Decrescente,Nublado,Dupla,Reta,Não,1,0,0,0,1,0,0,1,-27.1844098,-48.61244202,SPRF-SC,DEL04-SC,UOP03-DEL04-SC,2025
"734226,0",2025-11-25,terça-feira,02:30:00,SC,153,"104,6",CONCORDIA,Condutor usando celular,Saída de leito carroçável,Com Vítimas Feridas,Plena Noite,Decrescente,Céu Claro,Simples,Curva,Não,1,0,1,0,0,0,1,1,-27.26348023,-51.95777893,SPRF-SC,DEL07-SC,UOP04-DEL07-SC,2025
"734232,0",2025-11-25,terça-feira,07:00:00,SC,101,"196,0",BIGUACU,Acessar a via sem observar a presença dos outros veículos,Colisão transversal,Com Vítimas Feridas,Pleno dia,Decrescente,Céu Claro,Simples,Interseção de Vias,Não,2,0,1,0,1,0,1,2,-27.5079,-48.64607,SPRF-SC,DEL01-SC,UOP01-DEL01-SC,2025
"734238,0",2025-11-25,terça-feira,07:15:00,SC,101,"19,5",PALHOCA,Condutor usando celular,Colisão traseira,Com Vítimas Feridas,Pleno dia,Crescente,Céu Claro,Simples,Reta,Sim,5,0,1,0,4,0,1,2,-27.68148022,-48.70639293,SPRF-SC,DEL03-SC,UOP01-DEL03-SC,2025
"734249,0",2025-11-25,terça-feira,07:45:00,SC,163,"75,0",SAO MIGUEL DO OESTE,Carga excessiva e/ou mal acondicionada,Saída de leito carroçável,Com Vítimas Feridas,Pleno dia,Decrescente,Céu Claro,Simples,Curva,Não,2,0,2,0,0,0,2,1,-26.67239871,-53.51942247,SPRF-SC,DEL07-SC,UOP03-DEL07-SC,2025
"734253,0",2025-11-25,terça-feira,08:40:00,SC,470,"53,2",BLUMENAU,Reação tardia ou ineficiente do condutor,Saída de leito carroçável,Com Vítimas Feridas,Pleno dia,Crescente,Nublado,Simples,Curva,Sim,1,0,1,0,0,0,1,1,-26.86862115,-49.10468102,SPRF-SC,DEL04-SC,UOP01-DEL04-SC,2025
"734267,0",2025-11-25,terça-feira,10:20:00,SC,101,"311,0",LAGUNA,Reação tardia ou ineficiente do condutor,Colisão traseira,Com Vítimas Feridas,Pleno dia,Decrescente,Céu Claro,Dupla,Curva,Não,2,0,1,0,0,1,1,2,-28.43766572,-48.80974229,SPRF-SC,DEL02-SC,UOP01-DEL02-SC,2025
"734269,0",2025-11-25,terça-feira,10:45:00,SC,101,"139,0",BALNEARIO CAMBORIU,Pista esburacada,Tombamento,Com Vítimas Feridas,Pleno dia,Crescente,Céu Claro,Simples,Interseção de Vias;Aclive,Não,2,0,2,0,0,0,2,1,-27.0410899,-48.59973757,SPRF-SC,DEL04-SC,UOP03-DEL04-SC,2025
"734278,0",2025-11-25,terça-feira,12:00:00,SC,101,"204,1",SAO JOSE,Acessar a via sem observar a presença dos outros veículos,Colisão lateral mesmo sentido,Com Vítimas Feridas,Pleno dia,Crescente,Céu Claro,Dupla,Interseção de Vias,Sim,2,0,1,0,1,0,1,2,-27.57960569,-48.61430313,SPRF-SC,DEL01-SC,UOP01-DEL01-SC,2025
"734284,0",2025-11-25,terça-feira,11:45:00,SC,282,"39,1",AGUAS MORNAS,Mal súbito do condutor,Saída de leito carroçável,Com Vítimas Feridas,Pleno dia,Decrescente,Céu Claro,Simples,Curva,Não,1,0,1,0,0,0,1,1,-27.71234755,-48.8611304,SPRF-SC,DEL01-SC,UOP03-DEL01-SC,2025
"734293,0",2025-11-25,terça-feira,14:15:00,SC,470,"126,0",LONTRAS,Trafegar com motocicleta (ou similar) entre as faixas,Colisão transversal,Com Vítimas Feridas,Pleno dia,Crescente,Nublado,Simples,Reta,Sim,3,0,1,0,2,0,1,2,-27.1343036,-49.54060143,SPRF-SC,DEL04-SC,UOP02-DEL04-SC,2025
"734318,0",2025-11-25,terça-feira,14:20:00,SC,280,"128,8",RIO NEGRINHO,Acessar a via sem observar a presença dos outros veículos,Colisão transversal,Com Vítimas Feridas,Pleno dia,Decrescente,Céu Claro,Simples,Interseção de Vias;Reta,Sim,4,0,2,0,2,0,2,2,-26.2444125,-49.5170409,SPRF-SC,DEL06-SC,UOP03-DEL06-SC,2025
"734319,0",2025-11-25,terça-feira,16:35:00,SC,282,"16,5",PALHOCA,Ausência de reação do condutor,Colisão traseira,Com Vítimas Feridas,Pleno dia,Decrescente,Nublado,Simples,Reta,Sim,2,0,1,0,1,0,1,2,-27.663002,-48.685405,SPRF-SC,DEL01-SC,UOP02-DEL01-SC,2025
"734327,0",2025-11-25,terça-feira,17:20:00,SC,101,"146,0",ITAPEMA,Reação tardia ou ineficiente do condutor,Colisão traseira,Com Vítimas Feridas,Pleno dia,Decrescente,Céu Claro,Dupla,Reta;Aclive,Sim,3,0,0,1,2,0,1,3,-27.08447515,-48.60539166,SPRF-SC,DEL04-SC,UOP03-DEL04-SC,2025
"734335,0",2025-11-25,terça-feira,15:30:00,SC,101,"45,0",JOINVILLE,Ausência de reação do condutor,Tombamento,Com Vítimas Feridas,Pleno dia,Crescente,Céu Claro,Múltipla,Reta;Declive,Não,1,0,1,0,0,0,1,1,-26.34723368,-48.85739056,SPRF-SC,DEL03-SC,UOP01-DEL03-SC,2025
"734346,0",2025-11-25,terça-feira,18:30:00,SC,101,"114,3",ITAJAI,Acessar a via sem observar a presença dos outros veículos,Colisão lateral mesmo sentido,Com Vítimas Feridas,Anoitecer,Decrescente,Nublado,Dupla,Interseção de Vias;Reta,Sim,2,0,1,0,1,0,1,2,-26.86561594,-48.73009443,SPRF-SC,DEL04-SC,UOP04-DEL04-SC,2025
"734351,0",2025-11-25,terça-feira,17:20:00,SC,280,"70,0",JARAGUA DO SUL,Retorno proibido,Colisão lateral mesmo sentido,Com Vítimas Feridas,Pleno dia,Crescente,Céu Claro,Simples,Reta,Não,2,0,1,0,1,0,1,2,-26.46594812,-49.12440984,SPRF-SC,DEL03-SC,UOP03-DEL03-SC,2025
"734352,0",2025-11-25,terça-feira,15:15:00,SC,280,"210,8",TRES BARRAS,Reação tardia ou ineficiente do condutor,Colisão traseira,Com Vítimas Feridas,Pleno dia,Decrescente,Sol,Simples,Reta,Não,5,0,2,0,3,0,2,2,-26.17594,-50.175998,SPRF-SC,DEL06-SC,UOP04-DEL06-SC,2025
"734357,0",2025-11-04,terça-feira,20:00:00,SC,480,"124,0",CHAPECO,Pedestre andava na pista,Atropelamento de Pedestre,Com Vítimas Feridas,Plena Noite,Crescente,Céu Claro,Simples,Reta,Sim,3,0,3,0,0,0,3,2,-26.99880201,-52.64719248,SPRF-SC,DEL07-SC,UOP01-DEL07-SC,2025
"734364,0",2025-11-25,terça-feira,19:10:00,SC,101,"102,0",BALNEARIO PICARRAS,Reação tardia ou ineficiente do condutor,Tombamento,Com Vítimas Feridas,Plena Noite,Decrescente,Céu Claro,Dupla,Reta,Sim,1,0,1,0,0,0,1,1,-26.7803266,-48.68421793,SPRF-SC,DEL03-SC,UOP02-DEL03-SC,2025
"734376,0",2025-11-25,terça-feira,21:00:00,SC,470,"1,2",NAVEGANTES,Velocidade Incompatível,Colisão com objeto,Com Vítimas Feridas,Plena Noite,Decrescente,Céu Claro,Múltipla,Reta,Sim,4,0,1,0,3,0,1,1,-26.87378393,-48.67009727,SPRF-SC,DEL04-SC,UOP04-DEL04-SC,2025
"734377,0",2025-11-25,terça-feira,17:15:00,SC,280,"231,0",CANOINHAS,Transitar na contramão,Colisão frontal,Com Vítimas Feridas,Pleno dia,Decrescente,Céu Claro,Simples,Reta,Não,2,0,0,1,1,0,1,2,-26.18897956,-50.36879037,SPRF-SC,DEL06-SC,UOP04-DEL06-SC,2025
"734382,0",2025-11-25,terça-feira,21:50:00,SC,101,"190,8",BIGUACU,Avarias e/ou desgaste excessivo no pneu,Saída de leito carroçável,Sem Vítimas,Plena Noite,Crescente,Nublado,Dupla,Curva,Não,1,0,0,0,1,0,0,1,-27.4768922,-48.64093479,SPRF-SC,DEL01-SC,UOP01-DEL01-SC,2025
"734390,0",2025-11-25,terça-feira,23:20:00,SC,280,"19,8",ARAQUARI,Ausência de reação do condutor,Colisão transversal,Com Vítimas Feridas,Plena Noite,Crescente,Céu Claro,Simples,Reta,Não,6,0,4,0,1,1,4,3,-26.369655,-48.678724,SPRF-SC,DEL03-SC,UOP03-DEL03-SC,2025
"734414,0",2025-11-26,quarta-feira,07:15:00,SC,101,"194,0",BIGUACU,Reação tardia ou ineficiente do condutor,Colisão transversal,Com Vítimas Feridas,Pleno dia,Crescente,Chuva,Múltipla,Interseção de Vias,Sim,2,0,1,0,1,0,1,2,-27.49933564,-48.65612984,SPRF-SC,DEL01-SC,UOP01-DEL01-SC,2025
"734425,0",2025-11-26,quarta-feira,07:30:00,SC,280,"74,5",JARAGUA DO SUL,Demais falhas mecânicas ou elétricas,Colisão transversal,Com Vítimas Feridas,Pleno dia,Decrescente,Nublado,Simples,Rotatória,Sim,3,0,1,0,2,0,1,2,-26.45885956,-49.15956484,SPRF-SC,DEL03-SC,UOP03-DEL03-SC,2025
"734439,0",2025-11-26,quarta-feira,09:10:00,SC,101,"186,1",BIGUACU,Chuva,Saída de leito carroçável,Sem Vítimas,Pleno dia,Crescente,Garoa/Chuvisco,Dupla,Curva,Sim,1,0,0,0,1,0,0,1,-27.43626118,-48.62614125,SPRF-SC,DEL01-SC,UOP01-DEL01-SC,2025
"734455,0",2025-11-26,quarta-feira,10:50:00,SC,280,"29,0",ARAQUARI,Acessar a via sem observar a presença dos outros veículos,Atropelamento de Pedestre,Com Vítimas Feridas,Pleno dia,Crescente,Nublado,Simples,Reta,Sim,2,0,0,1,1,0,1,2,-26.41503877,-48.76636696,SPRF-SC,DEL03-SC,UOP03-DEL03-SC,2025
"734472,0",2025-11-26,quarta-feira,10:40:00,SC,101,"44,0",JOINVILLE,Frear bruscamente,Colisão traseira,Com Vítimas Feridas,Pleno dia,Crescente,Céu Claro,Simples,Reta,Sim,2,0,1,0,1,0,1,2,-26.34086266,-48.85907046,SPRF-SC,DEL03-SC,UOP01-DEL03-SC,2025
"734491,0",2025-11-26,quarta-feira,14:00:00,SC,101,"21,0",JOINVILLE,Ausência de reação do condutor,Tombamento,Com Vítimas Feridas,Pleno dia,Crescente,Garoa/Chuvisco,Dupla,Curva,Não,1,0,1,0,0,0,1,1,-26.14972229,-48.90936792,SPRF-SC,DEL03-SC,UOP01-DEL03-SC,2025
"734499,0",2025-11-26,quarta-feira,17:00:00,SC,282,"20,8",PALHOCA,Trafegar com motocicleta (ou similar) entre as faixas,Colisão transversal,Com Vítimas Feridas,Pleno dia,Crescente,Céu Claro,Simples,Reta,Não,2,0,1,0,1,0,1,2,-27.68902608,-48.71782213,SPRF-SC,DEL01-SC,UOP02-DEL01-SC,2025
"734510,0",2025-11-26,quarta-feira,18:00:00,SC,470,"50,0",BLUMENAU,Acesso irregular,Colisão lateral mesmo sentido,Com Vítimas Feridas,Anoitecer,Crescente,Céu Claro,Dupla,Reta,Sim,2,0,1,0,1,0,1,2,-26.859649,-49.07475,SPRF-SC,DEL04-SC,UOP01-DEL04-SC,2025
"734518,0",2025-11-26,quarta-feira,18:30:00,SC,101,"213,7",PALHOCA,Trafegar com motocicleta (ou similar) entre as faixas,Colisão lateral mesmo sentido,Com Vítimas Feridas,Anoitecer,Decrescente,Nublado,Dupla,Reta,Sim,2,0,1,0,1,0,1,2,-27.64207308,-48.66846649,SPRF-SC,DEL01-SC,UOP02-DEL01-SC,2025
"734520,0",2025-11-26,quarta-feira,17:50:00,SC,101,"334,1",TUBARAO,Manobra de mudança de faixa,Tombamento,Com Vítimas Feridas,Pleno dia,Crescente,Céu Claro,Simples,Reta;Viaduto;Interseção de Vias,Sim,1,0,1,0,0,0,1,1,-28.47163388,-49.02207971,SPRF-SC,DEL02-SC,UOP01-DEL02-SC,2025
"734530,0",2025-11-26,quarta-feira,18:40:00,SC,282,"1,7",FLORIANOPOLIS,Manobra de mudança de faixa,Colisão lateral mesmo sentido,Com Vítimas Feridas,Anoitecer,Crescente,Nublado,Dupla,Reta,Sim,4,0,1,1,2,0,2,2,-27.603308,-48.587889,SPRF-SC,DEL01-SC,UOP01-DEL01-SC,2025
"734535,0",2025-11-26,quarta-feira,18:00:00,SC,101,"114,0",ITAJAI,Trafegar com motocicleta (ou similar) entre as faixas,Colisão lateral mesmo sentido,Com Vítimas Feridas,Plena Noite,Crescente,Nublado,Múltipla,Reta,Sim,2,0,1,0,1,0,1,2,-26.86544187,-48.73019569,SPRF-SC,DEL04-SC,UOP04-DEL04-SC,2025
"734536,0",2025-11-26,quarta-feira,18:40:00,SC,470,"136,0",RIO DO SUL,Acessar a via sem observar a presença dos outros veículos,Colisão transversal,Com Vítimas Feridas,Plena Noite,Decrescente,Céu Claro,Simples,Reta,Sim,2,0,1,0,1,0,1,2,-27.1722362,-49.5811157,SPRF-SC,DEL04-SC,UOP02-DEL04-SC,2025
"734563,0",2025-11-26,quarta-feira,18:20:00,SC,101,"30,2",JOINVILLE,Reação tardia ou ineficiente do condutor,Colisão traseira,Sem Vítimas,Anoitecer,Crescente,Garoa/Chuvisco,Dupla,Reta;Declive,Não,2,0,0,0,2,0,0,2,-26.22920617,-48.9165777,SPRF-SC,DEL03-SC,UOP01-DEL03-SC,2025
"734580,0",2025-11-26,quarta-feira,22:20:00,SC,480,"131,9",CHAPECO,Acessar a via sem observar a presença dos outros veículos,Colisão lateral mesmo sentido,Com Vítimas Feridas,Plena Noite,Decrescente,Céu Claro,Dupla,Reta,Sim,2,0,1,0,1,0,1,2,-27.063415,-52.633065,SPRF-SC,DEL07-SC,UOP01-DEL07-SC,2025
"734627,0",2025-11-27,quinta-feira,06:00:00,SC,116,"15,9",MAFRA,Manobra de mudança de faixa,Colisão lateral mesmo sentido,Com Vítimas Feridas,Amanhecer,Crescente,Céu Claro,Simples,Reta,Não,3,0,0,1,2,0,1,2,-26.208277,-49.883422,SPRF-SC,DEL06-SC,UOP01-DEL06-SC,2025
"734655,0",2025-11-27,quinta-feira,09:40:00,SC,101,"197,6",BIGUACU,Ausência de reação do condutor,Tombamento,Com Vítimas Feridas,Pleno dia,Crescente,Céu Claro,Múltipla,Reta,Sim,2,0,2,0,0,0,2,1,-27.52529,-48.63606,SPRF-SC,DEL01-SC,UOP01-DEL01-SC,2025
"734663,0",2025-11-27,quinta-feira,11:00:00,SC,470,"89,0",ASCURRA,Acessar a via sem observar a presença dos outros veículos,Colisão transversal,Com Vítimas Feridas,Pleno dia,Crescente,Céu Claro,Simples,Interseção de Vias;Rotatória,Sim,2,0,1,0,1,0,1,2,-26.95511065,-49.37337248,SPRF-SC,DEL04-SC,UOP01-DEL04-SC,2025
"734671,0",2025-11-27,quinta-feira,08:10:00,SC,101,"205,0",SAO JOSE,Pista Escorregadia,Tombamento,Com Vítimas Feridas,Pleno dia,Crescente,Céu Claro,Múltipla,Interseção de Vias;Reta,Sim,1,0,1,0,0,0,1,1,-27.58312117,-48.61532304,SPRF-SC,DEL01-SC,UOP01-DEL01-SC,2025
"734672,0",2025-11-27,quinta-feira,12:30:00,SC,101,"215,6",PALHOCA,Acumulo de óleo sobre o pavimento,Tombamento,Com Vítimas Feridas,Pleno dia,Crescente,Nublado,Dupla,Curva,Sim,1,0,1,0,0,0,1,1,-27.65719,-48.678415,SPRF-SC,DEL01-SC,UOP02-DEL01-SC,2025
"734678,0",2025-11-27,quinta-feira,11:05:00,SC,282,"417,0",CATANDUVAS,Demais falhas mecânicas ou elétricas,Saída de leito carroçável,Com Vítimas Feridas,Pleno dia,Decrescente,Céu Claro,Simples,Curva,Não,5,0,3,0,2,0,3,1,-27.03787472,-51.71899796,SPRF-SC,DEL07-SC,UOP05-DEL07-SC,2025
"734705,0",2025-11-27,quinta-feira,14:15:00,SC,101,"441,8",SANTA ROSA DO SUL,Reação tardia ou ineficiente do condutor,Colisão traseira,Com Vítimas Feridas,Pleno dia,Decrescente,Nublado,Múltipla,Aclive,Sim,4,0,2,0,2,0,2,2,-29.12977819,-49.68695339,SPRF-SC,DEL02-SC,UOP02-DEL02-SC,2025
"734706,0",2025-11-27,quinta-feira,15:25:00,SC,101,"213,2",PALHOCA,Condutor deixou de manter distância do veículo da frente,Colisão lateral mesmo sentido,Com Vítimas Feridas,Pleno dia,Crescente,Céu Claro,Simples,Reta,Sim,3,0,2,0,1,0,2,2,-27.638483,-48.666525,SPRF-SC,DEL01-SC,UOP02-DEL01-SC,2025
"734707,0",2025-11-27,quinta-feira,16:00:00,SC,101,"204,2",SAO JOSE,Velocidade Incompatível,Colisão traseira,Com Vítimas Feridas,Pleno dia,Crescente,Nublado,Múltipla,Reta,Sim,2,0,0,1,1,0,1,2,-27.58103339,-48.61462768,SPRF-SC,DEL01-SC,UOP01-DEL01-SC,2025
"734715,0",2025-11-27,quinta-feira,16:00:00,SC,280,"46,8",GUARAMIRIM,Condutor deixou de manter distância do veículo da frente,Colisão traseira,Com Vítimas Feridas,Pleno dia,Crescente,Céu Claro,Dupla,Reta,Não,2,0,0,1,1,0,1,2,-26.453513,-48.917761,SPRF-SC,DEL03-SC,UOP03-DEL03-SC,2025
"734736,0",2025-11-27,quinta-feira,18:50:00,SC,101,"95,9",BARRA VELHA,Ausência de reação do condutor,Saída de leito carroçável,Com Vítimas Feridas,Plena Noite,Crescente,Céu Claro,Dupla,Reta,Não,1,0,1,0,0,0,1,1,-26.722296,-48.70234,SPRF-SC,DEL03-SC,UOP02-DEL03-SC,2025
"734745,0",2025-11-27,quinta-feira,18:00:00,SC,101,"145,4",ITAPEMA,Reação tardia ou ineficiente do condutor,Colisão traseira,Com Vítimas Feridas,Pleno dia,Decrescente,Nublado,Dupla,Aclive;Reta,Sim,2,0,1,0,1,0,1,2,-27.083942,-48.604867,SPRF-SC,DEL04-SC,UOP03-DEL04-SC,2025
"734766,0",2025-11-27,quinta-feira,20:50:00,SC,101,"251,7",PAULO LOPES,Reação tardia ou ineficiente do condutor,Tombamento,Com Vítimas Feridas,Plena Noite,Decrescente,Céu Claro,Dupla,Reta,Não,3,0,0,2,1,0,2,2,-27.955193,-48.67584,SPRF-SC,DEL02-SC,UOP03-DEL02-SC,2025
"734781,0",2025-11-27,quinta-feira,20:15:00,SC,158,"118,9",CAIBI,Ingestão de álcool pelo condutor,Colisão lateral sentido oposto,Com Vítimas Feridas,Plena Noite,Crescente,Céu Claro,Simples,Reta,Não,1,0,1,0,0,0,1,1,-26.959829,-53.205418,SPRF-SC,DEL07-SC,UOP02-DEL07-SC,2025
"734782,0",2025-11-27,quinta-feira,21:10:00,SC,280,"55,5",GUARAMIRIM,Ingestão de álcool pelo condutor,Colisão traseira,Com Vítimas Feridas,Plena Noite,Crescente,Céu Claro,Dupla,Reta;Interseção de Vias,Não,3,0,1,0,2,0,1,2,-26.47735764,-48.99753062,SPRF-SC,DEL03-SC,UOP03-DEL03-SC,2025
"734803,0",2025-11-27,quinta-feira,23:30:00,SC,101,"48,2",JOINVILLE,Condutor deixou de manter distância do veículo da frente,Colisão traseira,Com Vítimas Feridas,Plena Noite,Crescente,Céu Claro,Dupla,Reta,Não,3,0,0,1,1,1,1,3,-26.37676079,-48.85369062,SPRF-SC,DEL03-SC,UOP01-DEL03-SC,2025
"734824,0",2025-11-28,sexta-feira,06:48:00,SC,101,"203,1",SAO JOSE,Manobra de mudança de faixa,Tombamento,Com Vítimas Feridas,Pleno dia,Crescente,Céu Claro,Múltipla,Reta,Sim,3,0,1,0,1,1,1,3,-27.566354,-48.614117,SPRF-SC,DEL01-SC,UOP01-DEL01-SC,2025
"734826,0",2025-11-28,sexta-feira,07:10:00,SC,101,"207,0",SAO JOSE,Condutor usando celular,Colisão com objeto,Sem Vítimas,Pleno dia,Crescente,Céu Claro,Dupla,Reta,Não,2,0,0,0,2,0,0,2,-27.60152318,-48.62613964,SPRF-SC,DEL01-SC,UOP01-DEL01-SC,2025
"734831,0",2025-11-28,sexta-feira,06:10:00,SC,101,"137,0",BALNEARIO CAMBORIU,Reação tardia ou ineficiente do condutor,Saída de leito carroçável,Sem Vítimas,Pleno dia,Decrescente,Céu Claro,Múltipla,Reta;Interseção de Vias,Sim,1,0,0,0,0,1,0,1,-27.01002438,-48.61553192,SPRF-SC,DEL04-SC,UOP03-DEL04-SC,2025
"734840,0",2025-11-28,sexta-feira,08:00:00,SC,101,"192,9",BIGUACU,Condutor deixou de manter distância do veículo da frente,Colisão traseira,Sem Vítimas,Pleno dia,Crescente,Céu Claro,Múltipla,Reta,Sim,2,0,0,0,2,0,0,2,-27.4891395,-48.6556133,SPRF-SC,DEL01-SC,UOP01-DEL01-SC,2025
"734848,0",2025-11-28,sexta-feira,07:20:00,SC,470,"137,0",RIO DO SUL,Acessar a via sem observar a presença dos outros veículos,Colisão transversal,Com Vítimas Feridas,Pleno dia,Decrescente,Céu Claro,Simples,Reta,Sim,2,0,1,0,1,0,1,2,-27.1942554,-49.623995,SPRF-SC,DEL04-SC,UOP02-DEL04-SC,2025
"734851,0",2025-11-28,sexta-feira,08:00:00,SC,101,"209,3",SAO JOSE,Condutor deixou de manter distância do veículo da frente,Colisão lateral mesmo sentido,Com Vítimas Feridas,Pleno dia,Decrescente,Nublado,Múltipla,Reta,Não,5,0,1,0,4,0,1,2,-27.61305266,-48.6417946,SPRF-SC,DEL01-SC,UOP01-DEL01-SC,2025
"734855,0",2025-11-28,sexta-feira,08:30:00,SC,101,"119,7",ITAJAI,Ausência de reação do condutor,Colisão lateral mesmo sentido,Com Vítimas Feridas,Pleno dia,Crescente,Nublado,Múltipla,Reta,Não,2,0,0,1,1,0,1,2,-26.91761682,-48.71115804,SPRF-SC,DEL04-SC,UOP04-DEL04-SC,2025
"734860,0",2025-11-28,sexta-feira,08:00:00,SC,280,"28,0",ARAQUARI,Transitar no Acostamento,Colisão transversal,Com Vítimas Feridas,Pleno dia,Crescente,Céu Claro,Simples,Reta,Sim,2,0,1,0,1,0,1,2,-26.40475865,-48.74572534,SPRF-SC,DEL03-SC,UOP03-DEL03-SC,2025
"734863,0",2025-11-28,sexta-feira,10:00:00,SC,101,"203,9",SAO JOSE,Reação tardia ou ineficiente do condutor,Colisão traseira,Com Vítimas Feridas,Pleno dia,Crescente,Nublado,Múltipla,Reta,Sim,3,0,0,1,2,0,1,2,-27.573696,-48.613638,SPRF-SC,DEL01-SC,UOP01-DEL01-SC,2025
"734867,0",2025-11-28,sexta-feira,10:30:00,SC,282,"69,7",RANCHO QUEIMADO,Reação tardia ou ineficiente do condutor,Saída de leito carroçável,Com Vítimas Feridas,Pleno dia,Decrescente,Nublado,Simples,Declive;Curva,Não,3,0,1,1,1,0,2,1,-27.694,-49.0906,SPRF-SC,DEL01-SC,UOP03-DEL01-SC,2025
"734869,0",2025-11-28,sexta-feira,08:00:00,SC,163,"67,9",SAO MIGUEL DO OESTE,Condutor deixou de manter distância do veículo da frente,Colisão traseira,Com Vítimas Feridas,Pleno dia,Decrescente,Sol,Dupla,Reta,Sim,2,0,1,0,1,0,1,2,-26.75053925,-53.50083081,SPRF-SC,DEL07-SC,UOP03-DEL07-SC,2025
"734879,0",2025-11-28,sexta-feira,11:10:00,SC,280,"26,8",ARAQUARI,Ultrapassagem Indevida,Colisão transversal,Com Vítimas Feridas,Pleno dia,Decrescente,Céu Claro,Simples,Reta,Sim,3,0,1,0,2,0,1,2,-26.39523163,-48.73907757,SPRF-SC,DEL03-SC,UOP03-DEL03-SC,2025
"734880,0",2025-11-28,sexta-feira,07:15:00,SC,280,"57,9",GUARAMIRIM,Manobra de mudança de faixa,Colisão traseira,Com Vítimas Feridas,Pleno dia,Crescente,Céu Claro,Múltipla,Reta,Sim,3,0,1,0,2,0,1,2,-26.47438684,-49.02403235,SPRF-SC,DEL03-SC,UOP03-DEL03-SC,2025
"734881,0",2025-11-28,sexta-feira,12:00:00,SC,101,"201,2",SAO JOSE,Demais falhas mecânicas ou elétricas,Eventos atípicos,Com Vítimas Feridas,Pleno dia,Crescente,Céu Claro,Múltipla,Reta,Sim,2,0,2,0,0,0,2,1,-27.54932387,-48.61975607,SPRF-SC,DEL01-SC,UOP01-DEL01-SC,2025
"734897,0",2025-11-28,sexta-feira,12:25:00,SC,470,"81,0",RODEIO,Mal súbito do condutor,Saída de leito carroçável,Com Vítimas Feridas,Pleno dia,Crescente,Nublado,Simples,Reta,Não,1,0,0,1,0,0,1,1,-26.954739,-49.325832,SPRF-SC,DEL04-SC,UOP01-DEL04-SC,2025
"734906,0",2025-11-28,sexta-feira,12:06:00,SC,280,"276,0",IRINEOPOLIS,Acessar a via sem observar a presença dos outros veículos,Colisão transversal,Com Vítimas Feridas,Pleno dia,Crescente,Céu Claro,Simples,Reta,Não,3,0,1,0,0,2,1,2,-26.29154,-50.793,SPRF-SC,DEL06-SC,UOP04-DEL06-SC,2025
"734908,0",2025-11-28,sexta-feira,13:20:00,SC,101,"207,5",SAO JOSE,Condutor deixou de manter distância do veículo da frente,Colisão lateral mesmo sentido,Com Vítimas Feridas,Pleno dia,Crescente,Nublado,Múltipla,Reta,Não,1,0,1,0,0,0,1,1,-27.6045228,-48.6323306,SPRF-SC,DEL01-SC,UOP01-DEL01-SC,2025
"734909,0",2025-11-28,sexta-feira,14:00:00,SC,101,"209,4",SAO JOSE,Manobra de mudança de faixa,Colisão lateral mesmo sentido,Com Vítimas Feridas,Pleno dia,Decrescente,Nublado,Múltipla,Reta,Sim,2,0,1,0,1,0,1,2,-27.613404,-48.642085,SPRF-SC,DEL01-SC,UOP01-DEL01-SC,2025
"734927,0",2025-11-28,sexta-feira,15:10:00,SC,101,"120,3",ITAJAI,Ausência de reação do condutor,Tombamento,Com Vítimas Feridas,Pleno dia,Decrescente,Nublado,Múltipla,Reta,Não,1,0,0,1,0,0,1,1,-26.9217638,-48.70822906,SPRF-SC,DEL04-SC,UOP04-DEL04-SC,2025
"734931,0",2025-11-28,sexta-feira,14:30:00,SC,101,"60,9",ARAQUARI,Avarias e/ou desgaste excessivo no pneu,Tombamento,Com Vítimas Feridas,Pleno dia,Decrescente,Céu Claro,Dupla,Curva,Não,1,0,0,1,0,0,1,1,-26.45309974,-48.78134839,SPRF-SC,DEL03-SC,UOP02-DEL03-SC,2025
"734937,0",2025-11-28,sexta-feira,16:30:00,SC,101,"212,0",PALHOCA,Condutor deixou de manter distância do veículo da frente,Colisão traseira,Com Vítimas Feridas,Pleno dia,Decrescente,Chuva,Múltipla,Reta,Sim,6,0,2,0,3,1,2,5,-27.62517,-48.65417,SPRF-SC,DEL01-SC,UOP02-DEL01-SC,2025
"734939,0",2025-11-28,sexta-feira,13:20:00,SC,101,"206,0",SAO JOSE,Reação tardia ou ineficiente do condutor,Colisão traseira,Com Vítimas Feridas,Pleno dia,Decrescente,Céu Claro,Dupla,Reta,Sim,2,0,1,0,1,0,1,2,-27.59440441,-48.61889756,SPRF-SC,DEL01-SC,UOP01-DEL01-SC,2025