id,data_inversa,dia_semana,horario,uf,br,km,municipio,causa_acidente,tipo_acidente,classificacao_acidente,fase_dia,sentido_via,condicao_metereologica,tipo_pista,tracado_via,uso_solo,pessoas,mortos,feridos_leves,feridos_graves,ilesos,ignorados,feridos,veiculos,latitude,longitude,regional,delegacia,uop,ano_arquivo
"734966,0",2025-11-28,sexta-feira,17:25:00,SC,101,"149,3",ITAPEMA,Reação tardia ou ineficiente do condutor,Tombamento,Com Vítimas Feridas,Pleno dia,Decrescente,Garoa/Chuvisco,Dupla,Aclive;Reta,Não,1,0,1,0,0,0,1,1,-27.10520689,-48.61553192,SPRF-SC,DEL04-SC,UOP03-DEL04-SC,2025
"734970,0",2025-11-28,sexta-feira,16:20:00,SC,101,"210,5",SAO JOSE,Chuva,Colisão lateral mesmo sentido,Com Vítimas Feridas,Pleno dia,Decrescente,Chuva,Múltipla,Reta,Sim,2,0,1,0,1,0,1,2,-27.61445178,-48.64332899,SPRF-SC,DEL01-SC,UOP01-DEL01-SC,2025
"734973,0",2025-11-28,sexta-feira,16:30:00,SC,470,"168,4",POUSO REDONDO,Ausência de reação do condutor,Colisão traseira,Com Vítimas Feridas,Pleno dia,Decrescente,Chuva,Simples,Reta;Declive,Não,3,0,1,0,2,0,1,2,-27.268591,-49.865045,SPRF-SC,DEL04-SC,UOP02-DEL04-SC,2025
"734996,0",2025-11-28,sexta-feira,20:00:00,SC,101,"130,0",CAMBORIU,Desrespeitar a preferência no cruzamento,Colisão transversal,Com Vítimas Feridas,Plena Noite,Crescente,Nublado,Simples,Interseção de Vias;Reta,Sim,2,0,1,0,1,0,1,2,-26.98622092,-48.66698742,SPRF-SC,DEL04-SC,UOP03-DEL04-SC,2025
"735013,0",2025-11-28,sexta-feira,20:20:00,SC,101,"119,1",ITAJAI,Trafegar com motocicleta (ou similar) entre as faixas,Colisão lateral mesmo sentido,Com Vítimas Feridas,Plena Noite,Decrescente,Nublado,Múltipla,Reta,Não,2,0,1,0,1,0,1,2,-26.90217072,-48.71681213,SPRF-SC,DEL04-SC,UOP04-DEL04-SC,2025
"735035,0",2025-11-28,sexta-feira,18:50:00,SC,470,"3,8",NAVEGANTES,Acessar a via sem observar a presença dos outros veículos,Colisão transversal,Com Vítimas Feridas,Plena Noite,Decrescente,Nublado,Simples,Interseção de Vias,Sim,2,0,1,0,1,0,1,2,-26.85891091,-48.6896774,SPRF-SC,DEL04-SC,UOP04-DEL04-SC,2025
"735042,0",2025-11-28,sexta-feira,18:10:00,SC,101,"446,9",SANTA ROSA DO SUL,Mal súbito do condutor,Colisão com objeto,Com Vítimas Feridas,Pleno dia,Crescente,Céu Claro,Dupla,Reta,Não,1,0,0,1,0,0,1,1,-29.15729068,-49.73301379,SPRF-SC,DEL02-SC,UOP02-DEL02-SC,2025
"735047,0",2025-11-28,sexta-feira,22:45:00,SC,101,"205,0",SAO JOSE,Acesso irregular,Colisão traseira,Com Vítimas Feridas,Plena Noite,Decrescente,Céu Claro,Múltipla,Reta,Sim,6,0,3,0,3,0,3,2,-27.588474,-48.616837,SPRF-SC,DEL01-SC,UOP01-DEL01-SC,2025
"735049,0",2025-11-29,sábado,00:05:00,SC,101,"152,0",ITAPEMA,Acessar a via sem observar a presença dos outros veículos,Tombamento,Com Vítimas Feridas,Plena Noite,Crescente,Céu Claro,Dupla,Interseção de Vias;Reta,Sim,2,0,2,0,0,0,2,1,-27.0659579,-48.5955661,SPRF-SC,DEL04-SC,UOP03-DEL04-SC,2025
"735057,0",2025-11-28,sexta-feira,22:05:00,SC,282,"491,5",FAXINAL DOS GUEDES,Condutor deixou de manter distância do veículo da frente,Colisão traseira,Com Vítimas Feridas,Plena Noite,Decrescente,Céu Claro,Simples,Reta,Não,2,0,2,0,0,0,2,2,-26.87422943,-52.2868615,SPRF-SC,DEL07-SC,UOP01-DEL07-SC,2025
"735082,0",2025-11-29,sábado,03:50:00,SC,101,"197,1",BIGUACU,Pedestre cruzava a pista fora da faixa,Atropelamento de Pedestre,Com Vítimas Fatais,Plena Noite,Decrescente,Céu Claro,Múltipla,Reta;Declive,Sim,2,1,0,0,0,1,0,2,-27.51826263,-48.63823414,SPRF-SC,DEL01-SC,UOP01-DEL01-SC,2025
"735084,0",2025-11-29,sábado,01:30:00,SC,101,"57,0",ARAQUARI,Afundamento ou ondulação no pavimento,Tombamento,Com Vítimas Feridas,Plena Noite,Decrescente,Nublado,Dupla,Reta,Não,1,0,1,0,0,0,1,1,-26.43673204,-48.80976375,SPRF-SC,DEL03-SC,UOP01-DEL03-SC,2025
"735085,0",2025-11-29,sábado,03:30:00,SC,282,"643,0",SAO MIGUEL DO OESTE,Ingestão de álcool pelo condutor,Colisão lateral sentido oposto,Sem Vítimas,Plena Noite,Decrescente,Céu Claro,Simples,Reta,Não,2,0,0,0,2,0,0,2,-26.76569039,-53.49346675,SPRF-SC,DEL07-SC,UOP03-DEL07-SC,2025
"735095,0",2025-11-29,sábado,06:25:00,SC,101,"214,2",PALHOCA,Ausência de sinalização,Colisão traseira,Com Vítimas Feridas,Pleno dia,Crescente,Céu Claro,Múltipla,Reta,Sim,3,0,1,1,1,0,2,3,-27.65035619,-48.67002368,SPRF-SC,DEL01-SC,UOP02-DEL01-SC,2025
"735100,0",2025-11-29,sábado,01:30:00,SC,282,"586,9",PINHALZINHO,Velocidade Incompatível,Saída de leito carroçável,Com Vítimas Feridas,Plena Noite,Crescente,Céu Claro,Simples,Curva,Não,4,0,3,0,0,1,3,1,-26.82994645,-53.04559205,SPRF-SC,DEL07-SC,UOP02-DEL07-SC,2025
"735126,0",2025-11-29,sábado,09:30:00,SC,101,"143,0",ITAPEMA,Manobra de mudança de faixa,Colisão lateral mesmo sentido,Com Vítimas Feridas,Pleno dia,Decrescente,Céu Claro,Dupla,Reta,Não,2,0,1,0,0,1,1,2,-27.06568626,-48.59538054,SPRF-SC,DEL04-SC,UOP03-DEL04-SC,2025
"735138,0",2025-11-29,sábado,10:25:00,SC,101,"207,0",SAO JOSE,Condutor deixou de manter distância do veículo da frente,Colisão traseira,Com Vítimas Feridas,Pleno dia,Crescente,Céu Claro,Múltipla,Reta,Sim,2,0,1,0,1,0,1,2,-27.60215123,-48.62865798,SPRF-SC,DEL01-SC,UOP01-DEL01-SC,2025
"735142,0",2025-11-29,sábado,10:15:00,SC,282,"5,4",SAO JOSE,Manobra de mudança de faixa,Colisão lateral mesmo sentido,Com Vítimas Feridas,Pleno dia,Crescente,Céu Claro,Dupla,Curva,Sim,3,0,2,0,1,0,2,2,-27.58374878,-48.61614196,SPRF-SC,DEL01-SC,UOP01-DEL01-SC,2025
"735157,0",2025-11-29,sábado,12:00:00,SC,470,"114,0",IBIRAMA,Ultrapassagem Indevida,Atropelamento de Pedestre,Com Vítimas Feridas,Pleno dia,Crescente,Céu Claro,Simples,Reta;Declive,Sim,3,0,0,1,1,1,1,2,-27.08114,-49.484486,SPRF-SC,DEL04-SC,UOP02-DEL04-SC,2025
"735160,0",2025-11-29,sábado,10:05:00,SC,280,"12,7",SAO FRANCISCO DO SUL,Condutor deixou de manter distância do veículo da frente,Colisão traseira,Com Vítimas Feridas,Pleno dia,Decrescente,Céu Claro,Simples,Reta,Não,2,0,1,0,1,0,1,2,-26.318919,-48.646733,SPRF-SC,DEL03-SC,UOP03-DEL03-SC,2025
"735164,0",2025-11-29,sábado,12:00:00,SC,101,"110,6",NAVEGANTES,Condutor deixou de manter distância do veículo da frente,Colisão lateral mesmo sentido,Com Vítimas Feridas,Pleno dia,Crescente,Céu Claro,Múltipla,Curva,Não,2,0,0,1,1,0,1,2,-26.83604245,-48.71078102,SPRF-SC,DEL04-SC,UOP04-DEL04-SC,2025
"735166,0",2025-11-29,sábado,09:00:00,SC,101,"435,5",SOMBRIO,Desrespeitar a preferência no cruzamento,Colisão transversal,Com Vítimas Feridas,Pleno dia,Crescente,Céu Claro,Múltipla,Interseção de Vias,Sim,3,0,1,0,2,0,1,2,-29.11084576,-49.63858193,SPRF-SC,DEL02-SC,UOP02-DEL02-SC,2025
"735201,0",2025-11-29,sábado,15:10:00,SC,101,"212,0",PALHOCA,Manobra de mudança de faixa,Colisão lateral mesmo sentido,Com Vítimas Feridas,Pleno dia,Crescente,Céu Claro,Dupla,Reta,Sim,3,0,0,2,1,0,2,3,-27.630082,-48.659272,SPRF-SC,DEL01-SC,UOP02-DEL01-SC,2025
"735218,0",2025-11-29,sábado,15:05:00,SC,282,"520,4",XAXIM,Pista Escorregadia,Tombamento,Com Vítimas Feridas,Pleno dia,Decrescente,Céu Claro,Simples,Curva;Aclive,Não,4,0,0,2,2,0,2,2,-26.95107487,-52.52531139,SPRF-SC,DEL07-SC,UOP01-DEL07-SC,2025
"735279,0",2025-11-29,sábado,18:00:00,SC,470,"27,0",GASPAR,Ausência de reação do condutor,Tombamento,Com Vítimas Feridas,Plena Noite,Decrescente,Céu Claro,Dupla,Curva,Não,2,0,2,0,0,0,2,1,-26.89385842,-48.89028132,SPRF-SC,DEL04-SC,UOP01-DEL04-SC,2025
"735313,0",2025-11-29,sábado,21:00:00,SC,282,"638,5",DESCANSO,Ausência de reação do condutor,Saída de leito carroçável,Sem Vítimas,Plena Noite,Crescente,Céu Claro,Simples,Reta,Não,3,0,0,0,0,3,0,2,-26.7967909,-53.4497273,SPRF-SC,DEL07-SC,UOP03-DEL07-SC,2025
"735337,0",2025-11-30,domingo,00:10:00,SC,101,"201,7",SAO JOSE,Velocidade Incompatível,Colisão traseira,Com Vítimas Feridas,Plena Noite,Crescente,Nublado,Múltipla,Reta,Sim,6,0,1,4,0,1,5,2,-27.55689869,-48.61876935,SPRF-SC,DEL01-SC,UOP01-DEL01-SC,2025
"735344,0",2025-11-30,domingo,00:30:00,SC,280,"214,1",TRES BARRAS,Ingestão de álcool pelo condutor,Saída de leito carroçável,Sem Vítimas,Plena Noite,Crescente,Céu Claro,Simples,Curva,Não,1,0,0,0,1,0,0,1,-26.18331232,-50.20832889,SPRF-SC,DEL06-SC,UOP04-DEL06-SC,2025
"735355,0",2025-11-30,domingo,02:40:00,SC,282,"19,0",PALHOCA,Ingestão de álcool pelo condutor,Colisão traseira,Sem Vítimas,Plena Noite,Crescente,Céu Claro,Simples,Reta,Não,2,0,0,0,2,0,0,2,-27.67642135,-48.6992383,SPRF-SC,DEL01-SC,UOP02-DEL01-SC,2025
"735358,0",2025-11-30,domingo,02:00:00,SC,282,"19,0",PALHOCA,Transitar na contramão,Colisão frontal,Com Vítimas Feridas,Plena Noite,Crescente,Nublado,Simples,Viaduto;Reta,Não,6,0,2,0,4,0,2,2,-27.677613,-48.70091,SPRF-SC,DEL01-SC,UOP02-DEL01-SC,2025
"735385,0",2025-11-30,domingo,00:30:00,SC,101,"119,0",ITAJAI,Ausência de reação do condutor,Saída de leito carroçável,Sem Vítimas,Plena Noite,Decrescente,Nublado,Dupla,Reta,Sim,1,0,0,0,0,1,0,1,-26.90949221,-48.71290952,SPRF-SC,DEL04-SC,UOP04-DEL04-SC,2025
"735386,0",2025-11-30,domingo,02:30:00,SC,101,"120,0",ITAJAI,Ausência de reação do condutor,Colisão com objeto,Sem Vítimas,Plena Noite,Crescente,Céu Claro,Dupla,Reta,Sim,1,0,0,0,0,1,0,1,-26.92030257,-48.70935023,SPRF-SC,DEL04-SC,UOP04-DEL04-SC,2025
"735392,0",2025-11-29,sábado,23:10:00,SC,282,"407,3",CATANDUVAS,Condutor Dormindo,Saída de leito carroçável,Sem Vítimas,Plena Noite,Decrescente,Céu Claro,Simples,Reta,Não,1,0,0,0,0,1,0,1,-27.08775586,-51.66148838,SPRF-SC,DEL07-SC,UOP05-DEL07-SC,2025
"735406,0",2025-11-30,domingo,04:50:00,SC,282,"118,7",IRACEMINHA,Condutor Dormindo,Saída de leito carroçável,Com Vítimas Feridas,Amanhecer,Crescente,Céu Claro,Simples,Aclive;Em Obras;Curva,Não,1,0,0,1,0,0,1,1,-26.79519513,-53.30058429,SPRF-SC,DEL05-SC,UOP01-DEL05-SC,2025
"735411,0",2025-11-30,domingo,07:36:00,SC,470,"41,0",GASPAR,Ausência de reação do condutor,Colisão traseira,Com Vítimas Fatais,Pleno dia,Crescente,Nublado,Dupla,Reta,Sim,6,2,0,0,4,0,0,2,-26.881701,-48.997374,SPRF-SC,DEL04-SC,UOP01-DEL04-SC,2025
"735429,0",2025-11-30,domingo,11:00:00,SC,101,"206,2",SAO JOSE,Demais falhas mecânicas ou elétricas,Tombamento,Com Vítimas Feridas,Pleno dia,Decrescente,Céu Claro,Múltipla,Reta,Sim,2,0,1,1,0,0,2,1,-27.59839,-48.62083,SPRF-SC,DEL01-SC,UOP01-DEL01-SC,2025
"735430,0",2025-11-30,domingo,11:40:00,SC,280,"132,6",RIO NEGRINHO,Acessar a via sem observar a presença dos outros veículos,Colisão transversal,Com Vítimas Feridas,Pleno dia,Crescente,Céu Claro,Simples,Curva,Sim,2,0,0,1,1,0,1,2,-26.26580846,-49.55086612,SPRF-SC,DEL06-SC,UOP03-DEL06-SC,2025
"735457,0",2025-11-30,domingo,15:40:00,SC,101,"200,5",SAO JOSE,Manobra de mudança de faixa,Colisão transversal,Com Vítimas Feridas,Pleno dia,Crescente,Nublado,Múltipla,Reta;Interseção de Vias,Sim,3,0,2,1,0,0,3,2,-27.54355,-48.62096,SPRF-SC,DEL01-SC,UOP01-DEL01-SC,2025
"735468,0",2025-11-30,domingo,15:20:00,SC,101,"82,8",BARRA VELHA,Reação tardia ou ineficiente do condutor,Colisão traseira,Com Vítimas Feridas,Pleno dia,Decrescente,Nublado,Dupla,Declive;Viaduto,Sim,7,0,2,2,3,0,4,5,-26.62016443,-48.71749878,SPRF-SC,DEL03-SC,UOP02-DEL03-SC,2025
"735474,0",2025-11-30,domingo,16:16:00,SC,101,"143,0",ITAPEMA,Acessar a via sem observar a presença dos outros veículos,Colisão traseira,Com Vítimas Feridas,Pleno dia,Crescente,Céu Claro,Simples,Interseção de Vias,Não,3,0,2,0,0,1,2,2,-27.06197934,-48.59619737,SPRF-SC,DEL04-SC,UOP03-DEL04-SC,2025
"735486,0",2025-11-30,domingo,17:20:00,SC,101,"155,0",PORTO BELO,Reação tardia ou ineficiente do condutor,Colisão traseira,Com Vítimas Feridas,Pleno dia,Decrescente,Nublado,Dupla,Reta,Sim,2,0,1,0,1,0,1,2,-27.169132,-48.611465,SPRF-SC,DEL04-SC,UOP03-DEL04-SC,2025
"735493,0",2025-11-30,domingo,17:29:00,SC,282,"485,5",FAXINAL DOS GUEDES,Reação tardia ou ineficiente do condutor,Capotamento,Com Vítimas Feridas,Pleno dia,Decrescente,Nublado,Simples,Reta,Não,2,0,0,2,0,0,2,1,-26.8611986,-52.2393538,SPRF-SC,DEL07-SC,UOP01-DEL07-SC,2025
"735522,0",2025-11-30,domingo,19:40:00,SC,101,"124,0",ITAJAI,Acessar a via sem observar a presença dos outros veículos,Colisão transversal,Com Vítimas Feridas,Plena Noite,Crescente,Nublado,Múltipla,Reta,Sim,3,0,1,0,2,0,1,3,-26.94279247,-48.69237034,SPRF-SC,DEL04-SC,UOP04-DEL04-SC,2025
"735542,0",2025-11-30,domingo,20:20:00,SC,282,"504,0",XANXERE,Reação tardia ou ineficiente do condutor,Atropelamento de Pedestre,Com Vítimas Feridas,Plena Noite,Decrescente,Céu Claro,Simples,Reta,Não,2,0,1,0,0,1,1,2,-26.88481303,-52.39975739,SPRF-SC,DEL07-SC,UOP01-DEL07-SC,2025
"735558,0",2025-11-30,domingo,22:00:00,SC,282,"588,0",SAUDADES,Acumulo de água sobre o pavimento,Saída de leito carroçável,Com Vítimas Feridas,Plena Noite,Decrescente,Chuva,Simples,Declive;Reta,Não,3,0,3,0,0,0,3,1,-26.82621095,-53.08409905,SPRF-SC,DEL07-SC,UOP02-DEL07-SC,2025
"735562,0",2025-11-30,domingo,22:30:00,SC,101,"138,0",BALNEARIO CAMBORIU,Reação tardia ou ineficiente do condutor,Capotamento,Com Vítimas Feridas,Plena Noite,Crescente,Céu Claro,Dupla,Curva,Não,2,0,2,0,0,0,2,1,-27.03127116,-48.60250711,SPRF-SC,DEL04-SC,UOP03-DEL04-SC,2025
"735564,0",2025-11-30,domingo,22:15:00,SC,163,"106,2",SAO JOSE DO CEDRO,Ausência de reação do condutor,Saída de leito carroçável,Sem Vítimas,Plena Noite,Decrescente,Nublado,Dupla,Retorno Regulamentado;Curva,Não,1,0,0,0,1,0,0,1,-26.43517661,-53.51879776,SPRF-SC,DEL07-SC,UOP03-DEL07-SC,2025
"735570,0",2025-11-30,domingo,23:00:00,SC,101,"160,8",TIJUCAS,Reação tardia ou ineficiente do condutor,Colisão com objeto,Com Vítimas Feridas,Plena Noite,Crescente,Nublado,Dupla,Reta,Não,3,0,0,2,1,0,2,2,-27.21541,-48.6237,SPRF-SC,DEL04-SC,UOP03-DEL04-SC,2025
"735571,0",2025-11-30,domingo,22:20:00,SC,470,"87,9",RODEIO,Velocidade Incompatível,Saída de leito carroçável,Com Vítimas Feridas,Plena Noite,Crescente,Nublado,Simples,Declive;Curva,Não,1,0,1,0,0,0,1,1,-26.94812491,-49.36582088,SPRF-SC,DEL04-SC,UOP01-DEL04-SC,2025
"735590,0",2025-11-30,domingo,22:15:00,SC,101,"454,8",SAO JOAO DO SUL,Ausência de reação do condutor,Colisão traseira,Com Vítimas Fatais,Plena Noite,Crescente,Céu Claro,Simples,Reta,Não,4,1,0,0,2,1,0,3,-29.220354,-49.759901,SPRF-SC,DEL02-SC,UOP02-DEL02-SC,2025
"735594,0",2025-12-01,segunda-feira,02:45:00,SC,282,"5,2",SAO JOSE,Ingestão de álcool pelo condutor,Saída de leito carroçável,Sem Vítimas,Plena Noite,Crescente,Céu Claro,Dupla,Reta,Sim,1,0,0,0,1,0,0,1,-27.58733,-48.6147,SPRF-SC,DEL01-SC,UOP01-DEL01-SC,2025
"735614,0",2025-12-01,segunda-feira,06:45:00,SC,101,"324,9",CAPIVARI DE BAIXO,Transitar na contramão,Colisão transversal,Com Vítimas Feridas,Pleno dia,Decrescente,Chuva,Simples,Interseção de Vias,Sim,2,0,2,0,0,0,2,2,-28.425962,-48.943797,SPRF-SC,DEL02-SC,UOP01-DEL02-SC,2025
"735654,0",2025-12-01,segunda-feira,09:40:00,SC,470,"86,9",RODEIO,Ingestão de álcool pelo condutor,Colisão frontal,Com Vítimas Feridas,Pleno dia,Crescente,Garoa/Chuvisco,Simples,Curva;Ponte,Não,2,0,1,1,0,0,2,2,-26.94808142,-49.36556188,SPRF-SC,DEL04-SC,UOP01-DEL04-SC,2025
"735660,0",2025-12-01,segunda-feira,07:40:00,SC,280,"81,9",CORUPA,Reação tardia ou ineficiente do condutor,Colisão frontal,Com Vítimas Feridas,Pleno dia,Crescente,Garoa/Chuvisco,Simples,Interseção de Vias,Sim,2,0,1,0,1,0,1,2,-26.436247,-49.240945,SPRF-SC,DEL06-SC,UOP03-DEL06-SC,2025
"735663,0",2025-12-01,segunda-feira,09:50:00,SC,116,"209,3",PONTE ALTA,Reação tardia ou ineficiente do condutor,Colisão traseira,Com Vítimas Feridas,Pleno dia,Decrescente,Garoa/Chuvisco,Simples,Reta,Não,2,0,1,0,1,0,1,2,-27.3711104,-50.4332288,SPRF-SC,DEL05-SC,UOP03-DEL05-SC,2025
"735670,0",2025-12-01,segunda-feira,10:30:00,SC,101,"420,4",ARARANGUA,Problema na suspensão,Saída de leito carroçável,Com Vítimas Feridas,Pleno dia,Decrescente,Nublado,Simples,Reta,Sim,1,0,1,0,0,0,1,1,-29.00165754,-49.55859661,SPRF-SC,DEL02-SC,UOP02-DEL02-SC,2025
"735671,0",2025-12-01,segunda-feira,07:00:00,SC,101,"129,0",CAMBORIU,Reação tardia ou ineficiente do condutor,Queda de ocupante de veículo,Com Vítimas Feridas,Pleno dia,Decrescente,Garoa/Chuvisco,Múltipla,Reta,Sim,1,0,1,0,0,0,1,1,-26.98290381,-48.67261188,SPRF-SC,DEL04-SC,UOP03-DEL04-SC,2025
"735690,0",2025-12-01,segunda-feira,11:50:00,SC,101,"434,9",SOMBRIO,Ausência de reação do condutor,Colisão traseira,Com Vítimas Feridas,Pleno dia,Decrescente,Nublado,Simples,Reta,Sim,2,0,0,1,1,0,1,2,-29.10130302,-49.63503806,SPRF-SC,DEL02-SC,UOP02-DEL02-SC,2025
"735692,0",2025-11-30,domingo,21:52:00,SC,282,"516,0",XAXIM,Demais falhas mecânicas ou elétricas,Saída de leito carroçável,Sem Vítimas,Pleno dia,Decrescente,Chuva,Simples,Curva;Declive,Não,1,0,0,0,0,1,0,1,-26.9288064,-52.49924468,SPRF-SC,DEL07-SC,UOP01-DEL07-SC,2025
"735696,0",2025-12-01,segunda-feira,13:10:00,SC,101,"204,6",SAO JOSE,Reação tardia ou ineficiente do condutor,Colisão traseira,Com Vítimas Feridas,Pleno dia,Crescente,Chuva,Dupla,Reta,Sim,2,0,1,0,1,0,1,2,-27.580678,-48.614847,SPRF-SC,DEL01-SC,UOP01-DEL01-SC,2025
"735699,0",2025-12-01,segunda-feira,13:45:00,SC,101,"199,7",SAO JOSE,Reação tardia ou ineficiente do condutor,Saída de leito carroçável,Com Vítimas Feridas,Pleno dia,Decrescente,Garoa/Chuvisco,Múltipla,Reta,Sim,1,0,1,0,0,0,1,1,-27.537758,-48.625093,SPRF-SC,DEL01-SC,UOP01-DEL01-SC,2025
"735721,0",2025-12-01,segunda-feira,16:10:00,SC,282,"4,5",SAO JOSE,Trafegar com motocicleta (ou similar) entre as faixas,Colisão lateral mesmo sentido,Com Vítimas Feridas,Pleno dia,Crescente,Nublado,Dupla,Reta,Sim,2,0,1,0,1,0,1,2,-27.58898311,-48.61144491,SPRF-SC,DEL01-SC,UOP01-DEL01-SC,2025
"735729,0",2025-12-01,segunda-feira,15:00:00,SC,282,"2,0",FLORIANOPOLIS,Ausência de reação do condutor,Colisão traseira,Com Vítimas Feridas,Pleno dia,Crescente,Chuva,Múltipla,Reta,Sim,3,0,1,0,2,0,1,3,-27.60362582,-48.58469423,SPRF-SC,DEL01-SC,UOP01-DEL01-SC,2025
"735773,0",2025-12-01,segunda-feira,19:00:00,SC,101,"207,0",SAO JOSE,Trafegar com motocicleta (ou similar) entre as faixas,Colisão lateral mesmo sentido,Com Vítimas Feridas,Plena Noite,Crescente,Garoa/Chuvisco,Múltipla,Reta;Declive,Não,3,0,2,0,1,0,2,2,-27.602163,-48.629028,SPRF-SC,DEL01-SC,UOP01-DEL01-SC,2025
"735779,0",2025-12-01,segunda-feira,19:25:00,SC,101,"115,5",ITAJAI,Pedestre cruzava a pista fora da faixa,Atropelamento de Pedestre,Com Vítimas Fatais,Plena Noite,Crescente,Chuva,Múltipla,Reta,Sim,2,1,0,0,1,0,0,2,-26.8740125,-48.7281003,SPRF-SC,DEL04-SC,UOP04-DEL04-SC,2025
"735783,0",2025-12-01,segunda-feira,18:15:00,SC,280,"27,5",ARAQUARI,Conversão proibida,Colisão transversal,Com Vítimas Feridas,Anoitecer,Crescente,Nublado,Simples,Reta,Não,2,0,1,0,1,0,1,2,-26.401393,-48.743241,SPRF-SC,DEL03-SC,UOP03-DEL03-SC,2025
"735791,0",2025-12-01,segunda-feira,20:00:00,SC,116,"219,2",CORREIA PINTO,Acessar a via sem observar a presença dos outros veículos,Colisão transversal,Com Vítimas Feridas,Pleno dia,Decrescente,Garoa/Chuvisco,Simples,Rotatória,Sim,2,0,1,0,1,0,1,2,-27.58082507,-50.36811948,SPRF-SC,DEL05-SC,UOP03-DEL05-SC,2025
"735808,0",2025-12-01,segunda-feira,17:30:00,SC,163,"70,4",SAO MIGUEL DO OESTE,Ingestão de álcool pelo condutor,Colisão traseira,Sem Vítimas,Pleno dia,Crescente,Nublado,Dupla,Reta,Sim,2,0,0,0,2,0,0,2,-26.73291752,-53.50939097,SPRF-SC,DEL07-SC,UOP03-DEL07-SC,2025
"735812,0",2025-12-01,segunda-feira,19:45:00,SC,101,"1,5",ARARANGUA,Condutor deixou de manter distância do veículo da frente,Colisão traseira,Com Vítimas Feridas,Plena Noite,Crescente,Nublado,Simples,Reta,Não,6,0,1,0,5,0,1,2,-28.9345146,-49.49510336,SPRF-SC,DEL02-SC,UOP02-DEL02-SC,2025
"735813,0",2025-12-01,segunda-feira,22:05:00,SC,282,"502,0",XANXERE,Velocidade Incompatível,Saída de leito carroçável,Com Vítimas Feridas,Pleno dia,Crescente,Céu Claro,Dupla,Curva;Declive,Sim,3,0,1,0,2,0,1,1,-26.88506659,-52.39377234,SPRF-SC,DEL07-SC,UOP01-DEL07-SC,2025
"735842,0",2025-12-02,terça-feira,00:02:00,SC,101,"153,0",PORTO BELO,Reação tardia ou ineficiente do condutor,Saída de leito carroçável,Sem Vítimas,Plena Noite,Decrescente,Chuva,Dupla,Reta,Não,1,0,0,0,0,1,0,1,-27.14694733,-48.610425,SPRF-SC,DEL04-SC,UOP03-DEL04-SC,2025
"735853,0",2025-12-02,terça-feira,07:15:00,SC,101,"44,0",JOINVILLE,Trafegar com motocicleta (ou similar) entre as faixas,Colisão lateral mesmo sentido,Com Vítimas Feridas,Pleno dia,Decrescente,Nublado,Múltipla,Reta,Sim,2,0,1,0,1,0,1,2,-26.34542181,-48.85731697,SPRF-SC,DEL03-SC,UOP01-DEL03-SC,2025
"735856,0",2025-12-02,terça-feira,07:30:00,SC,116,"7,0",MAFRA,Desrespeitar a preferência no cruzamento,Colisão transversal,Com Vítimas Feridas,Pleno dia,Decrescente,Céu Claro,Simples,Reta,Sim,3,0,1,0,2,0,1,3,-26.15339458,-49.83303554,SPRF-SC,DEL06-SC,UOP01-DEL06-SC,2025
"735858,0",2025-12-02,terça-feira,07:30:00,SC,101,"214,0",PALHOCA,Ausência de reação do condutor,Queda de ocupante de veículo,Com Vítimas Feridas,Pleno dia,Decrescente,Chuva,Múltipla,Reta,Sim,2,0,1,0,1,0,1,2,-27.64946196,-48.67403693,SPRF-SC,DEL01-SC,UOP02-DEL01-SC,2025
"735872,0",2025-12-02,terça-feira,08:30:00,SC,101,"201,0",SAO JOSE,Reação tardia ou ineficiente do condutor,Queda de ocupante de veículo,Com Vítimas Feridas,Pleno dia,Crescente,Chuva,Dupla,Reta,Sim,1,0,1,0,0,0,1,1,-27.551252,-48.61965,SPRF-SC,DEL01-SC,UOP01-DEL01-SC,2025
"735879,0",2025-12-02,terça-feira,08:00:00,SC,101,"151,7",ITAPEMA,Reação tardia ou ineficiente do condutor,Tombamento,Com Vítimas Feridas,Pleno dia,Crescente,Garoa/Chuvisco,Dupla,Reta,Sim,1,0,0,1,0,0,1,1,-27.13370196,-48.6098671,SPRF-SC,DEL04-SC,UOP03-DEL04-SC,2025
"735893,0",2025-12-02,terça-feira,08:40:00,SC,280,"51,4",GUARAMIRIM,Desrespeitar a preferência no cruzamento,Colisão transversal,Com Vítimas Feridas,Pleno dia,Crescente,Chuva,Múltipla,Interseção de Vias,Não,2,0,1,0,1,0,1,2,-26.466757,-48.960042,SPRF-SC,DEL03-SC,UOP03-DEL03-SC,2025
"735894,0",2025-12-02,terça-feira,10:15:00,SC,101,"128,3",CAMBORIU,Ausência de reação do condutor,Colisão traseira,Com Vítimas Feridas,Pleno dia,Crescente,Chuva,Dupla,Reta,Não,3,0,2,0,1,0,2,3,-26.97288603,-48.68297037,SPRF-SC,DEL04-SC,UOP03-DEL04-SC,2025
"735902,0",2025-12-02,terça-feira,11:00:00,SC,101,"201,4",SAO JOSE,Reação tardia ou ineficiente do condutor,Atropelamento de Pedestre,Com Vítimas Feridas,Pleno dia,Crescente,Nublado,Dupla,Viaduto,Sim,3,0,1,0,2,0,1,2,-27.552843,-48.619703,SPRF-SC,DEL01-SC,UOP01-DEL01-SC,2025