id,data_inversa,dia_semana,horario,uf,br,km,municipio,causa_acidente,tipo_acidente,classificacao_acidente,fase_dia,sentido_via,condicao_metereologica,tipo_pista,tracado_via,uso_solo,pessoas,mortos,feridos_leves,feridos_graves,ilesos,ignorados,feridos,veiculos,latitude,longitude,regional,delegacia,uop,ano_arquivo
"736810,0",2025-12-06,sábado,06:45:00,SC,282,"3,5",FLORIANOPOLIS,Ausência de reação do condutor,Queda de ocupante de veículo,Com Vítimas Feridas,Pleno dia,Crescente,Céu Claro,Múltipla,Curva,Sim,1,0,1,0,0,0,1,1,-27.59334329,-48.6024305,SPRF-SC,DEL01-SC,UOP01-DEL01-SC,2025
"736813,0",2025-12-06,sábado,11:25:00,SC,101,"267,7",IMBITUBA,Ausência de reação do condutor,Colisão com objeto,Com Vítimas Feridas,Pleno dia,Crescente,Céu Claro,Múltipla,Reta,Não,1,0,1,0,0,0,1,1,-28.0870819,-48.71067985,SPRF-SC,DEL02-SC,UOP03-DEL02-SC,2025
"736817,0",2025-12-06,sábado,11:10:00,SC,101,"157,7",PORTO BELO,Conversão proibida,Atropelamento de Pedestre,Com Vítimas Feridas,Pleno dia,Decrescente,Nublado,Múltipla,Reta,Não,2,0,0,1,1,0,1,2,-27.18507786,-48.61218452,SPRF-SC,DEL04-SC,UOP03-DEL04-SC,2025
"736827,0",2025-12-06,sábado,13:15:00,SC,101,"119,0",ITAJAI,Ausência de reação do condutor,Colisão lateral mesmo sentido,Com Vítimas Feridas,Pleno dia,Crescente,Sol,Dupla,Reta,Não,3,0,1,0,1,1,1,3,-26.90643128,-48.71464189,SPRF-SC,DEL04-SC,UOP04-DEL04-SC,2025
"736834,0",2025-12-06,sábado,14:00:00,SC,101,"216,0",PALHOCA,Ingestão de álcool pelo condutor,Colisão lateral mesmo sentido,Com Vítimas Feridas,Pleno dia,Crescente,Céu Claro,Múltipla,Declive;Reta,Sim,3,0,1,0,1,1,1,3,-27.6583717,-48.67813317,SPRF-SC,DEL01-SC,UOP02-DEL01-SC,2025
"736836,0",2025-12-06,sábado,08:20:00,SC,280,"91,0",RIO NEGRINHO,Ausência de reação do condutor,Colisão com objeto,Com Vítimas Feridas,Pleno dia,Crescente,Sol,Simples,Aclive;Reta,Não,1,0,1,0,0,0,1,1,-26.2616979,-49.5485302,SPRF-SC,DEL06-SC,UOP03-DEL06-SC,2025
"736837,0",2025-12-06,sábado,12:15:00,SC,101,"174,8",BIGUACU,Manobra de mudança de faixa,Capotamento,Com Vítimas Feridas,Pleno dia,Crescente,Céu Claro,Dupla,Reta,Não,4,0,2,0,2,0,2,1,-27.338864,-48.627313,SPRF-SC,DEL01-SC,UOP01-DEL01-SC,2025
"736840,0",2025-12-06,sábado,13:30:00,SC,101,"98,0",BALNEARIO PICARRAS,Reação tardia ou ineficiente do condutor,Saída de leito carroçável,Com Vítimas Feridas,Pleno dia,Decrescente,Céu Claro,Dupla,Reta,Não,1,0,1,0,0,0,1,1,-26.743,-48.697,SPRF-SC,DEL03-SC,UOP02-DEL03-SC,2025
"736844,0",2025-12-06,sábado,13:40:00,SC,101,"202,0",SAO JOSE,Ausência de reação do condutor,Queda de ocupante de veículo,Com Vítimas Feridas,Pleno dia,Decrescente,Céu Claro,Múltipla,Reta,Sim,1,0,0,1,0,0,1,1,-27.55957,-48.617448,SPRF-SC,DEL01-SC,UOP01-DEL01-SC,2025
"736865,0",2025-12-06,sábado,16:15:00,SC,101,"126,0",ITAJAI,Ausência de reação do condutor,Colisão traseira,Com Vítimas Feridas,Pleno dia,Crescente,Sol,Dupla,Reta,Não,2,0,1,0,1,0,1,2,-26.96155805,-48.68186681,SPRF-SC,DEL04-SC,UOP04-DEL04-SC,2025
"736872,0",2025-12-06,sábado,12:00:00,SC,282,"0,4",FLORIANOPOLIS,Condutor deixou de manter distância do veículo da frente,Colisão traseira,Com Vítimas Feridas,Pleno dia,Decrescente,Céu Claro,Múltipla,Reta,Não,3,0,2,0,1,0,2,2,-27.599819,-48.575786,SPRF-SC,DEL01-SC,UOP01-DEL01-SC,2025
"736895,0",2025-12-06,sábado,18:00:00,SC,153,"100,0",CONCORDIA,Acessar a via sem observar a presença dos outros veículos,Colisão transversal,Sem Vítimas,Anoitecer,Decrescente,Céu Claro,Simples,Interseção de Vias,Não,4,0,0,0,4,0,0,2,-27.246213,-51.952638,SPRF-SC,DEL07-SC,UOP04-DEL07-SC,2025
"736905,0",2025-12-06,sábado,20:15:00,SC,101,"209,0",SAO JOSE,Reação tardia ou ineficiente do condutor,Colisão traseira,Com Vítimas Feridas,Plena Noite,Crescente,Céu Claro,Múltipla,Reta,Sim,4,0,1,0,3,0,1,2,-27.613612,-48.642906,SPRF-SC,DEL01-SC,UOP01-DEL01-SC,2025
"736935,0",2025-12-06,sábado,19:40:00,SC,101,"308,5",LAGUNA,Ausência de reação do condutor,Colisão lateral mesmo sentido,Com Vítimas Feridas,Plena Noite,Crescente,Céu Claro,Dupla,Reta,Não,2,0,1,0,0,1,1,2,-28.421625,-48.798321,SPRF-SC,DEL02-SC,UOP01-DEL02-SC,2025
"736939,0",2025-12-06,sábado,20:42:00,SC,280,"27,3",ARAQUARI,Desrespeitar a preferência no cruzamento,Colisão transversal,Com Vítimas Feridas,Plena Noite,Decrescente,Céu Claro,Simples,Reta,Sim,3,0,1,2,0,0,3,2,-26.40756185,-48.74886688,SPRF-SC,DEL03-SC,UOP03-DEL03-SC,2025
"736942,0",2025-12-06,sábado,22:20:00,SC,101,"133,0",BALNEARIO CAMBORIU,Ausência de reação do condutor,Saída de leito carroçável,Com Vítimas Feridas,Plena Noite,Crescente,Nublado,Dupla,Reta,Não,2,0,2,0,0,0,2,1,-26.99952495,-48.64578992,SPRF-SC,DEL04-SC,UOP03-DEL04-SC,2025
"736952,0",2025-12-06,sábado,23:10:00,SC,280,"178,0",MAFRA,Reação tardia ou ineficiente do condutor,Capotamento,Sem Vítimas,Plena Noite,Crescente,Nublado,Simples,Curva,Não,1,0,0,0,0,1,0,1,-26.1786027,-49.872255,SPRF-SC,DEL06-SC,UOP01-DEL06-SC,2025
"736954,0",2025-12-06,sábado,23:10:00,SC,282,"485,3",FAXINAL DOS GUEDES,Ausência de reação do condutor,Saída de leito carroçável,Sem Vítimas,Plena Noite,Crescente,Céu Claro,Simples,Reta,Não,1,0,0,0,0,1,0,1,-26.86186027,-52.23602915,SPRF-SC,DEL07-SC,UOP01-DEL07-SC,2025
"736964,0",2025-12-07,domingo,01:00:00,SC,282,"17,7",PALHOCA,Condutor usando celular,Colisão com objeto,Com Vítimas Feridas,Plena Noite,Decrescente,Céu Claro,Simples,Reta,Não,2,0,1,1,0,0,2,1,-27.67849736,-48.69650781,SPRF-SC,DEL01-SC,UOP02-DEL01-SC,2025
"736978,0",2025-12-07,domingo,02:45:00,SC,101,"208,4",SAO JOSE,Objeto estático sobre o leito carroçável,Colisão com objeto,Com Vítimas Feridas,Plena Noite,Decrescente,Céu Claro,Dupla,Reta,Não,2,0,2,0,0,0,2,1,-27.606926,-48.635613,SPRF-SC,DEL01-SC,UOP01-DEL01-SC,2025
"736980,0",2025-12-06,sábado,07:05:00,SC,282,"446,1",PONTE SERRADA,Condutor Dormindo,Saída de leito carroçável,Com Vítimas Feridas,Pleno dia,Decrescente,Céu Claro,Simples,Aclive;Curva,Não,1,0,1,0,0,0,1,1,-26.9131848,-51.9050497,SPRF-SC,DEL07-SC,UOP04-DEL07-SC,2025
"736996,0",2025-12-07,domingo,06:40:00,SC,282,"51,9",AGUAS MORNAS,Ingestão de álcool pelo condutor,Saída de leito carroçável,Sem Vítimas,Pleno dia,Crescente,Céu Claro,Simples,Reta,Não,1,0,0,0,1,0,0,1,-27.697135,-48.964342,SPRF-SC,DEL01-SC,UOP03-DEL01-SC,2025
"737000,0",2025-12-07,domingo,06:40:00,SC,101,"168,0",TIJUCAS,Demais falhas mecânicas ou elétricas,Saída de leito carroçável,Com Vítimas Feridas,Pleno dia,Crescente,Nublado,Múltipla,Reta,Não,2,0,2,0,0,0,2,1,-27.28619972,-48.63013387,SPRF-SC,DEL04-SC,UOP03-DEL04-SC,2025
"737033,0",2025-12-07,domingo,07:00:00,SC,101,"96,6",BARRA VELHA,Condutor deixou de manter distância do veículo da frente,Engavetamento,Com Vítimas Feridas,Pleno dia,Decrescente,Céu Claro,Dupla,Reta,Sim,5,0,2,0,3,0,2,3,-26.72129308,-48.7022394,SPRF-SC,DEL03-SC,UOP02-DEL03-SC,2025
"737051,0",2025-12-07,domingo,10:15:00,SC,101,"139,0",BALNEARIO CAMBORIU,Trafegar com motocicleta (ou similar) entre as faixas,Colisão traseira,Com Vítimas Feridas,Pleno dia,Crescente,Céu Claro,Dupla,Aclive;Curva,Sim,4,0,2,0,2,0,2,3,-27.03947493,-48.59998433,SPRF-SC,DEL04-SC,UOP03-DEL04-SC,2025
"737063,0",2025-12-07,domingo,11:20:00,SC,101,"1,0",FLORIANOPOLIS,Ausência de reação do condutor,Colisão traseira,Com Vítimas Feridas,Pleno dia,Crescente,Céu Claro,Dupla,Reta,Sim,2,0,1,0,1,0,1,2,-27.60149,-48.57852,SPRF-SC,DEL03-SC,UOP01-DEL03-SC,2025
"737065,0",2025-12-07,domingo,10:20:00,SC,101,"35,0",JOINVILLE,Avarias e/ou desgaste excessivo no pneu,Tombamento,Com Vítimas Feridas,Pleno dia,Decrescente,Céu Claro,Dupla,Curva,Não,2,0,2,0,0,0,2,1,-26.26818124,-48.89613088,SPRF-SC,DEL03-SC,UOP01-DEL03-SC,2025
"737068,0",2025-12-07,domingo,12:00:00,SC,101,"214,2",PALHOCA,Reação tardia ou ineficiente do condutor,Colisão lateral mesmo sentido,Com Vítimas Feridas,Pleno dia,Crescente,Céu Claro,Dupla,Reta,Sim,2,0,1,0,1,0,1,2,-27.6467695,-48.6725214,SPRF-SC,DEL01-SC,UOP02-DEL01-SC,2025
"737090,0",2025-12-07,domingo,13:50:00,SC,101,"357,9",SANGAO,Reação tardia ou ineficiente do condutor,Saída de leito carroçável,Com Vítimas Feridas,Pleno dia,Crescente,Céu Claro,Simples,Reta,Não,1,0,1,0,0,0,1,1,-28.65405087,-49.10779333,SPRF-SC,DEL02-SC,UOP01-DEL02-SC,2025
"737091,0",2025-12-07,domingo,13:50:00,SC,101,"228,5",PALHOCA,Velocidade Incompatível,Colisão traseira,Com Vítimas Feridas,Pleno dia,Decrescente,Sol,Dupla,Reta,Sim,3,0,1,1,1,0,2,2,-27.76204785,-48.63054022,SPRF-SC,DEL01-SC,UOP02-DEL01-SC,2025
"737116,0",2025-12-07,domingo,16:10:00,SC,470,"31,9",GASPAR,Ingestão de álcool pelo condutor,Colisão traseira,Com Vítimas Feridas,Pleno dia,Crescente,Céu Claro,Dupla,Reta,Não,5,0,4,0,1,0,4,2,-26.90115653,-48.93107772,SPRF-SC,DEL04-SC,UOP01-DEL04-SC,2025
"737118,0",2025-12-07,domingo,17:00:00,SC,470,"29,9",GASPAR,Condutor deixou de manter distância do veículo da frente,Colisão traseira,Com Vítimas Feridas,Pleno dia,Crescente,Céu Claro,Dupla,Curva,Não,5,0,2,0,3,0,2,2,-26.89329148,-48.91426563,SPRF-SC,DEL04-SC,UOP01-DEL04-SC,2025
"737120,0",2025-12-07,domingo,16:45:00,SC,101,"225,0",PALHOCA,Condutor deixou de manter distância do veículo da frente,Colisão traseira,Com Vítimas Feridas,Pleno dia,Decrescente,Céu Claro,Dupla,Reta,Não,2,0,0,1,1,0,1,2,-27.7369866,-48.639662,SPRF-SC,DEL01-SC,UOP02-DEL01-SC,2025
"737148,0",2025-12-07,domingo,17:10:00,SC,282,"572,0",NOVA ERECHIM,Ingestão de álcool pelo condutor,Colisão frontal,Com Vítimas Feridas,Pleno dia,Decrescente,Sol,Simples,Reta,Sim,4,0,2,0,2,0,2,2,-26.88142066,-52.94365017,SPRF-SC,DEL07-SC,UOP02-DEL07-SC,2025
"737154,0",2025-12-07,domingo,19:10:00,SC,101,"444,0",SANTA ROSA DO SUL,Demais falhas mecânicas ou elétricas,Incêndio,Sem Vítimas,Anoitecer,Crescente,Céu Claro,Simples,Reta,Sim,1,0,0,0,0,1,0,1,-29.13603693,-49.70933408,SPRF-SC,DEL02-SC,UOP02-DEL02-SC,2025
"737170,0",2025-12-07,domingo,19:00:00,SC,280,"297,6",PORTO UNIAO,Ultrapassagem Indevida,Colisão frontal,Com Vítimas Feridas,Plena Noite,Crescente,Nublado,Simples,Curva,Não,3,0,0,1,2,0,1,3,-26.28064925,-50.99788137,SPRF-SC,DEL06-SC,UOP04-DEL06-SC,2025
"737177,0",2025-12-07,domingo,19:30:00,SC,101,"147,9",ITAPEMA,Ingestão de álcool pelo condutor,Saída de leito carroçável,Com Vítimas Feridas,Plena Noite,Crescente,Nublado,Dupla,Reta,Sim,2,0,1,0,1,0,1,1,-27.092386,-48.617639,SPRF-SC,DEL04-SC,UOP03-DEL04-SC,2025
"737182,0",2025-12-07,domingo,20:00:00,SC,158,"111,0",CUNHA PORA,Ingestão de álcool pelo condutor,Colisão lateral sentido oposto,Com Vítimas Feridas,Plena Noite,Crescente,Céu Claro,Simples,Curva,Não,1,0,1,0,0,0,1,1,-26.90111542,-53.19010947,SPRF-SC,DEL07-SC,UOP02-DEL07-SC,2025
"737183,0",2025-12-07,domingo,18:15:00,SC,101,"44,6",JOINVILLE,Ultrapassagem Indevida,Colisão lateral mesmo sentido,Com Vítimas Feridas,Anoitecer,Crescente,Céu Claro,Simples,Aclive;Reta,Sim,5,0,4,0,1,0,4,3,-26.33624397,-48.8599333,SPRF-SC,DEL03-SC,UOP01-DEL03-SC,2025
"737203,0",2025-12-07,domingo,22:15:00,SC,101,"194,9",BIGUACU,Condutor deixou de manter distância do veículo da frente,Colisão lateral mesmo sentido,Com Vítimas Feridas,Plena Noite,Crescente,Céu Claro,Dupla,Reta,Não,2,0,1,0,1,0,1,2,-27.504316,-48.650873,SPRF-SC,DEL01-SC,UOP01-DEL01-SC,2025
"737217,0",2025-12-07,domingo,19:50:00,SC,101,"146,0",ITAPEMA,Ausência de reação do condutor,Colisão traseira,Com Vítimas Feridas,Plena Noite,Crescente,Céu Claro,Dupla,Reta,Sim,2,0,0,1,1,0,1,2,-27.085499,-48.607555,SPRF-SC,DEL04-SC,UOP03-DEL04-SC,2025
"737229,0",2025-12-08,segunda-feira,00:15:00,SC,101,"215,0",PALHOCA,Velocidade Incompatível,Colisão com objeto,Com Vítimas Feridas,Plena Noite,Decrescente,Nublado,Múltipla,Aclive;Reta;Viaduto,Sim,2,0,1,0,1,0,1,1,-27.65549571,-48.67813937,SPRF-SC,DEL01-SC,UOP02-DEL01-SC,2025
"737239,0",2025-12-08,segunda-feira,02:00:00,SC,101,"332,2",TUBARAO,Ingestão de álcool pelo condutor,Colisão com objeto,Sem Vítimas,Plena Noite,Crescente,Céu Claro,Dupla,Curva,Sim,1,0,0,0,0,1,0,1,-28.46756,-49.000577,SPRF-SC,DEL02-SC,UOP01-DEL02-SC,2025
"737266,0",2025-12-08,segunda-feira,08:00:00,SC,101,"199,2",SAO JOSE,Reação tardia ou ineficiente do condutor,Colisão lateral mesmo sentido,Com Vítimas Feridas,Pleno dia,Crescente,Nublado,Múltipla,Reta,Sim,3,0,1,0,1,1,1,3,-27.53784279,-48.62597108,SPRF-SC,DEL01-SC,UOP01-DEL01-SC,2025
"737269,0",2025-12-02,terça-feira,20:40:00,SC,163,"89,8",GUARACIABA,Velocidade Incompatível,Tombamento,Sem Vítimas,Plena Noite,Crescente,Céu Claro,Simples,Interseção de Vias;Rotatória,Não,1,0,0,0,0,1,0,1,-26.56580059,-53.509607,SPRF-SC,DEL07-SC,UOP03-DEL07-SC,2025
"737274,0",2025-12-08,segunda-feira,08:20:00,SC,282,"4,5",SAO JOSE,Ausência de reação do condutor,Colisão lateral mesmo sentido,Com Vítimas Feridas,Pleno dia,Decrescente,Céu Claro,Dupla,Reta,Sim,2,0,0,1,1,0,1,2,-27.59051,-48.60882,SPRF-SC,DEL01-SC,UOP01-DEL01-SC,2025
"737285,0",2025-12-08,segunda-feira,08:50:00,SC,280,"28,0",ARAQUARI,Acessar a via sem observar a presença dos outros veículos,Colisão transversal,Com Vítimas Feridas,Pleno dia,Crescente,Nublado,Simples,Reta;Interseção de Vias,Sim,2,0,0,1,1,0,1,2,-26.4096729,-48.7514001,SPRF-SC,DEL03-SC,UOP03-DEL03-SC,2025
"737287,0",2025-12-08,segunda-feira,09:25:00,SC,101,"152,3",ITAPEMA,Condutor deixou de manter distância do veículo da frente,Colisão traseira,Com Vítimas Feridas,Pleno dia,Crescente,Céu Claro,Dupla,Reta,Não,2,0,2,0,0,0,2,2,-27.13602809,-48.6097692,SPRF-SC,DEL04-SC,UOP03-DEL04-SC,2025
"737306,0",2025-12-08,segunda-feira,08:20:00,SC,101,"44,0",JOINVILLE,Transitar na contramão,Colisão lateral sentido oposto,Com Vítimas Feridas,Pleno dia,Crescente,Céu Claro,Simples,Reta,Não,2,0,0,1,1,0,1,2,-26.34100868,-48.85889947,SPRF-SC,DEL03-SC,UOP01-DEL03-SC,2025
"737315,0",2025-12-08,segunda-feira,11:30:00,SC,101,"201,5",SAO JOSE,Acumulo de óleo sobre o pavimento,Tombamento,Com Vítimas Feridas,Pleno dia,Crescente,Céu Claro,Múltipla,Interseção de Vias,Sim,2,0,2,0,0,0,2,1,-27.55348157,-48.61978054,SPRF-SC,DEL01-SC,UOP01-DEL01-SC,2025
"737323,0",2025-12-08,segunda-feira,11:35:00,SC,101,"436,7",SOMBRIO,Desrespeitar a preferência no cruzamento,Colisão transversal,Com Vítimas Feridas,Pleno dia,Crescente,Céu Claro,Simples,Interseção de Vias,Não,2,0,1,0,1,0,1,2,-29.12121753,-49.64320421,SPRF-SC,DEL02-SC,UOP02-DEL02-SC,2025
"737354,0",2025-12-08,segunda-feira,14:20:00,SC,101,"339,4",TUBARAO,Ausência de reação do condutor,Colisão traseira,Com Vítimas Feridas,Pleno dia,Decrescente,Céu Claro,Múltipla,Viaduto,Sim,2,0,1,0,1,0,1,2,-28.507431,-49.049758,SPRF-SC,DEL02-SC,UOP01-DEL02-SC,2025
"737374,0",2025-12-08,segunda-feira,16:00:00,SC,116,"209,0",PONTE ALTA,Ultrapassagem Indevida,Colisão com objeto,Com Vítimas Feridas,Pleno dia,Crescente,Céu Claro,Simples,Reta;Aclive,Não,2,0,0,1,0,1,1,2,-27.49586201,-50.37046909,SPRF-SC,DEL05-SC,UOP03-DEL05-SC,2025
"737378,0",2025-12-08,segunda-feira,16:20:00,SC,280,"39,7",ARAQUARI,Conversão proibida,Colisão traseira,Com Vítimas Feridas,Pleno dia,Crescente,Céu Claro,Dupla,Reta,Sim,2,0,1,0,1,0,1,2,-26.44925874,-48.8445681,SPRF-SC,DEL03-SC,UOP03-DEL03-SC,2025
"737382,0",2025-12-08,segunda-feira,16:32:00,SC,280,"127,8",RIO NEGRINHO,Reação tardia ou ineficiente do condutor,Atropelamento de Pedestre,Com Vítimas Feridas,Pleno dia,Crescente,Céu Claro,Simples,Reta,Não,2,0,1,0,1,0,1,2,-26.242722,-49.512468,SPRF-SC,DEL06-SC,UOP03-DEL06-SC,2025
"737408,0",2025-12-08,segunda-feira,18:00:00,SC,470,"29,0",GASPAR,Demais falhas mecânicas ou elétricas,Tombamento,Com Vítimas Feridas,Pleno dia,Crescente,Céu Claro,Dupla,Reta,Não,1,0,0,1,0,0,1,1,-26.89356807,-48.90711017,SPRF-SC,DEL04-SC,UOP01-DEL04-SC,2025
"737418,0",2025-12-08,segunda-feira,20:00:00,SC,101,"155,9",PORTO BELO,Desrespeitar a preferência no cruzamento,Colisão transversal,Com Vítimas Feridas,Plena Noite,Decrescente,Nublado,Simples,Interseção de Vias;Reta,Não,2,0,1,1,0,0,2,2,-27.17066598,-48.61119747,SPRF-SC,DEL04-SC,UOP03-DEL04-SC,2025
"737428,0",2025-12-08,segunda-feira,14:20:00,SC,282,"457,7",PONTE SERRADA,Acumulo de água sobre o pavimento,Capotamento,Com Vítimas Feridas,Pleno dia,Crescente,Chuva,Simples,Reta,Não,2,0,2,0,0,0,2,1,-26.88739712,-51.99863434,SPRF-SC,DEL07-SC,UOP04-DEL07-SC,2025
"737432,0",2025-12-08,segunda-feira,20:40:00,SC,101,"231,9",PALHOCA,Ingestão de álcool pelo condutor,Colisão lateral mesmo sentido,Com Vítimas Feridas,Plena Noite,Crescente,Céu Claro,Dupla,Curva;Aclive,Não,2,0,0,1,0,1,1,2,-27.7875152,-48.63614051,SPRF-SC,DEL01-SC,UOP02-DEL01-SC,2025
"737433,0",2025-12-08,segunda-feira,20:50:00,SC,101,"333,0",TUBARAO,Desrespeitar a preferência no cruzamento,Colisão transversal,Com Vítimas Feridas,Plena Noite,Decrescente,Céu Claro,Múltipla,Reta;Interseção de Vias,Sim,2,0,1,0,1,0,1,2,-28.470044,-49.014574,SPRF-SC,DEL02-SC,UOP01-DEL02-SC,2025
"737453,0",2025-12-08,segunda-feira,22:10:00,SC,101,"210,5",SAO JOSE,Demais falhas mecânicas ou elétricas,Tombamento,Com Vítimas Feridas,Plena Noite,Crescente,Céu Claro,Dupla,Reta,Sim,1,0,1,0,0,0,1,1,-27.62003517,-48.64923685,SPRF-SC,DEL01-SC,UOP01-DEL01-SC,2025
"737456,0",2025-12-08,segunda-feira,22:30:00,SC,470,"59,0",BLUMENAU,Transitar na contramão,Colisão frontal,Com Vítimas Feridas,Plena Noite,Crescente,Garoa/Chuvisco,Simples,Reta;Em Obras,Sim,3,0,2,0,1,0,2,2,-26.8829,-49.15537,SPRF-SC,DEL04-SC,UOP01-DEL04-SC,2025
"737459,0",2025-12-08,segunda-feira,23:20:00,SC,280,"29,4",ARAQUARI,Acessar a via sem observar a presença dos outros veículos,Colisão transversal,Com Vítimas Feridas,Plena Noite,Crescente,Nublado,Simples,Curva;Interseção de Vias,Sim,2,0,0,1,1,0,1,2,-26.412712,-48.7568426,SPRF-SC,DEL03-SC,UOP03-DEL03-SC,2025
"737489,0",2025-12-09,terça-feira,06:00:00,SC,101,"45,0",JOINVILLE,Chuva,Queda de ocupante de veículo,Com Vítimas Feridas,Pleno dia,Crescente,Chuva,Múltipla,Reta,Sim,1,0,1,0,0,0,1,1,-26.33993617,-48.85923592,SPRF-SC,DEL03-SC,UOP01-DEL03-SC,2025
"737494,0",2025-12-09,terça-feira,07:00:00,SC,280,"57,5",GUARAMIRIM,Condutor usando celular,Colisão traseira,Com Vítimas Feridas,Pleno dia,Decrescente,Nublado,Simples,Em Obras;Reta,Sim,2,0,1,0,0,1,1,2,-26.47465378,-49.02629312,SPRF-SC,DEL03-SC,UOP03-DEL03-SC,2025
"737527,0",2025-12-09,terça-feira,10:20:00,SC,101,"43,0",JOINVILLE,Ausência de reação do condutor,Colisão traseira,Com Vítimas Feridas,Pleno dia,Crescente,Garoa/Chuvisco,Dupla,Reta;Aclive,Sim,3,0,1,0,2,0,1,3,-26.331275,-48.861997,SPRF-SC,DEL03-SC,UOP01-DEL03-SC,2025
"737538,0",2025-12-09,terça-feira,08:50:00,SC,101,"338,5",TUBARAO,Acumulo de água sobre o pavimento,Colisão com objeto,Com Vítimas Feridas,Pleno dia,Crescente,Chuva,Múltipla,Reta,Não,1,0,1,0,0,0,1,1,-28.51028537,-49.0508008,SPRF-SC,DEL02-SC,UOP01-DEL02-SC,2025
"737539,0",2025-12-09,terça-feira,08:50:00,SC,163,"68,0",SAO MIGUEL DO OESTE,Ingestão de álcool pelo condutor,Colisão lateral mesmo sentido,Com Vítimas Feridas,Pleno dia,Decrescente,Céu Claro,Dupla,Reta;Interseção de Vias,Sim,3,0,1,0,2,0,1,2,-26.74756469,-53.50092798,SPRF-SC,DEL07-SC,UOP03-DEL07-SC,2025
"737541,0",2025-12-09,terça-feira,11:25:00,SC,101,"215,0",PALHOCA,Reação tardia ou ineficiente do condutor,Colisão traseira,Sem Vítimas,Pleno dia,Crescente,Chuva,Dupla,Reta,Sim,2,0,0,0,2,0,0,2,-27.645723,-48.672265,SPRF-SC,DEL01-SC,UOP02-DEL01-SC,2025
"737547,0",2025-12-09,terça-feira,07:10:00,SC,282,"640,0",DESCANSO,Avarias e/ou desgaste excessivo no pneu,Saída de leito carroçável,Com Vítimas Feridas,Pleno dia,Decrescente,Chuva,Simples,Declive;Curva,Não,1,0,1,0,0,0,1,1,-26.78605948,-53.45886593,SPRF-SC,DEL07-SC,UOP03-DEL07-SC,2025
"737548,0",2025-12-09,terça-feira,11:30:00,SC,101,"214,2",PALHOCA,Reação tardia ou ineficiente do condutor,Colisão lateral mesmo sentido,Com Vítimas Feridas,Pleno dia,Crescente,Chuva,Simples,Reta,Sim,2,0,0,1,1,0,1,2,-27.64605,-48.67205,SPRF-SC,DEL01-SC,UOP02-DEL01-SC,2025
"737564,0",2025-12-09,terça-feira,07:15:00,SC,280,"99,1",SAO BENTO DO SUL,Velocidade Incompatível,Saída de leito carroçável,Com Vítimas Feridas,Amanhecer,Decrescente,Chuva,Simples,Declive;Curva,Não,5,0,5,0,0,0,5,1,-26.3714,-49.33055,SPRF-SC,DEL06-SC,UOP03-DEL06-SC,2025
"737585,0",2025-12-09,terça-feira,13:45:00,SC,282,"54,4",AGUAS MORNAS,Velocidade Incompatível,Saída de leito carroçável,Com Vítimas Feridas,Pleno dia,Crescente,Chuva,Simples,Aclive;Curva,Não,1,0,1,0,0,0,1,1,-27.68792978,-48.9773941,SPRF-SC,DEL01-SC,UOP03-DEL01-SC,2025
"737588,0",2025-12-09,terça-feira,15:30:00,SC,101,"129,0",CAMBORIU,Manobra de mudança de faixa,Colisão lateral mesmo sentido,Sem Vítimas,Pleno dia,Decrescente,Chuva,Dupla,Reta,Sim,2,0,0,0,1,1,0,2,-26.980685,-48.678499,SPRF-SC,DEL04-SC,UOP03-DEL04-SC,2025
"737665,0",2025-12-09,terça-feira,20:55:00,SC,101,"203,8",SAO JOSE,Demais falhas mecânicas ou elétricas,Tombamento,Com Vítimas Feridas,Plena Noite,Decrescente,Nublado,Múltipla,Reta,Sim,2,0,2,0,0,0,2,1,-27.57407216,-48.61346897,SPRF-SC,DEL01-SC,UOP01-DEL01-SC,2025
"737671,0",2025-12-09,terça-feira,21:10:00,SC,101,"207,3",SAO JOSE,Reação tardia ou ineficiente do condutor,Tombamento,Com Vítimas Feridas,Plena Noite,Crescente,Garoa/Chuvisco,Múltipla,Reta;Aclive,Sim,1,0,1,0,0,0,1,1,-27.60148,-48.625497,SPRF-SC,DEL01-SC,UOP01-DEL01-SC,2025
"737677,0",2025-12-09,terça-feira,15:15:00,SC,282,"5,5",SAO JOSE,Chuva,Colisão com objeto,Com Vítimas Feridas,Pleno dia,Crescente,Chuva,Múltipla,Curva;Declive,Não,1,0,1,0,0,0,1,1,-27.58501919,-48.61779249,SPRF-SC,DEL01-SC,UOP01-DEL01-SC,2025
"737683,0",2025-12-09,terça-feira,14:39:00,SC,101,"204,0",SAO JOSE,Reação tardia ou ineficiente do condutor,Colisão traseira,Com Vítimas Feridas,Pleno dia,Crescente,Chuva,Múltipla,Aclive;Reta,Sim,3,0,0,1,2,0,1,3,-27.578334,-48.61373699,SPRF-SC,DEL01-SC,UOP01-DEL01-SC,2025
"737684,0",2025-12-09,terça-feira,22:20:00,SC,101,"282,6",IMBITUBA,Reação tardia ou ineficiente do condutor,Colisão traseira,Com Vítimas Feridas,Plena Noite,Crescente,Nublado,Múltipla,Reta;Declive,Não,2,0,0,1,1,0,1,2,-28.21576642,-48.69993281,SPRF-SC,DEL02-SC,UOP03-DEL02-SC,2025