id,data_inversa,dia_semana,horario,uf,br,km,municipio,causa_acidente,tipo_acidente,classificacao_acidente,fase_dia,sentido_via,condicao_metereologica,tipo_pista,tracado_via,uso_solo,pessoas,mortos,feridos_leves,feridos_graves,ilesos,ignorados,feridos,veiculos,latitude,longitude,regional,delegacia,uop,ano_arquivo
"737687,0",2025-12-09,terça-feira,15:00:00,SC,101,"210,8",SAO JOSE,Objeto estático sobre o leito carroçável,Colisão com objeto,Com Vítimas Feridas,Pleno dia,Crescente,Chuva,Múltipla,Reta,Sim,1,0,1,0,0,0,1,1,-27.622018,-48.651042,SPRF-SC,DEL01-SC,UOP01-DEL01-SC,2025
"737692,0",2025-12-10,quarta-feira,00:02:00,SC,101,"209,0",SAO JOSE,Condutor Dormindo,Colisão traseira,Com Vítimas Feridas,Plena Noite,Crescente,Garoa/Chuvisco,Múltipla,Reta,Sim,2,0,1,0,1,0,1,2,-27.60584018,-48.63475196,SPRF-SC,DEL01-SC,UOP01-DEL01-SC,2025
"737720,0",2025-12-10,quarta-feira,06:50:00,SC,280,"25,0",ARAQUARI,Reação tardia ou ineficiente do condutor,Colisão lateral mesmo sentido,Com Vítimas Feridas,Amanhecer,Decrescente,Céu Claro,Simples,Reta,Não,3,0,2,0,1,0,2,2,-26.38435,-48.727657,SPRF-SC,DEL03-SC,UOP03-DEL03-SC,2025
"737741,0",2025-12-10,quarta-feira,08:20:00,SC,101,"104,0",BALNEARIO PICARRAS,Avarias e/ou desgaste excessivo no pneu,Tombamento,Com Vítimas Feridas,Pleno dia,Decrescente,Sol,Dupla,Reta;Declive,Não,1,0,1,0,0,0,1,1,-26.79607619,-48.6798176,SPRF-SC,DEL03-SC,UOP02-DEL03-SC,2025
"737744,0",2025-12-10,quarta-feira,09:00:00,SC,101,"131,0",CAMBORIU,Trafegar com motocicleta (ou similar) entre as faixas,Colisão lateral mesmo sentido,Com Vítimas Feridas,Pleno dia,Decrescente,Céu Claro,Dupla,Reta,Sim,2,0,1,0,1,0,1,2,-26.991032,-48.662858,SPRF-SC,DEL04-SC,UOP03-DEL04-SC,2025
"737759,0",2025-12-10,quarta-feira,10:45:00,SC,101,"125,0",ITAJAI,Trafegar com motocicleta (ou similar) entre as faixas,Colisão lateral mesmo sentido,Com Vítimas Feridas,Pleno dia,Decrescente,Sol,Dupla,Curva,Não,2,0,1,0,1,0,1,2,-26.95063689,-48.68005363,SPRF-SC,DEL04-SC,UOP04-DEL04-SC,2025
"737760,0",2025-12-10,quarta-feira,09:30:00,SC,101,"162,8",TIJUCAS,Reação tardia ou ineficiente do condutor,Colisão traseira,Sem Vítimas,Pleno dia,Decrescente,Nublado,Simples,Reta;Interseção de Vias,Sim,2,0,0,0,2,0,0,2,-27.23107,-48.6297,SPRF-SC,DEL04-SC,UOP03-DEL04-SC,2025
"737766,0",2025-12-10,quarta-feira,12:00:00,SC,101,"209,0",SAO JOSE,Ausência de reação do condutor,Colisão traseira,Com Vítimas Feridas,Pleno dia,Crescente,Céu Claro,Múltipla,Reta,Não,3,0,2,0,1,0,2,2,-27.60438211,-48.63270376,SPRF-SC,DEL01-SC,UOP01-DEL01-SC,2025
"737772,0",2025-12-10,quarta-feira,07:15:00,SC,101,"101,0",BALNEARIO PICARRAS,Demais falhas mecânicas ou elétricas,Tombamento,Com Vítimas Feridas,Pleno dia,Decrescente,Céu Claro,Dupla,Reta,Sim,2,0,0,1,1,0,1,1,-26.76261631,-48.68635148,SPRF-SC,DEL03-SC,UOP02-DEL03-SC,2025
"737775,0",2025-12-10,quarta-feira,12:00:00,SC,282,"644,0",SAO MIGUEL DO OESTE,Reação tardia ou ineficiente do condutor,Colisão frontal,Com Vítimas Feridas,Pleno dia,Decrescente,Nublado,Simples,Curva,Não,11,0,0,1,10,0,1,2,-26.76969445,-53.47849488,SPRF-SC,DEL07-SC,UOP03-DEL07-SC,2025
"737787,0",2025-12-10,quarta-feira,11:30:00,SC,101,"377,8",ICARA,Condutor Dormindo,Saída de leito carroçável,Com Vítimas Feridas,Pleno dia,Crescente,Chuva,Múltipla,Reta,Não,1,0,0,1,0,0,1,1,-28.7493328,-49.2647071,SPRF-SC,DEL02-SC,UOP01-DEL02-SC,2025
"737798,0",2025-12-10,quarta-feira,14:50:00,SC,101,"265,0",PAULO LOPES,Acessar a via sem observar a presença dos outros veículos,Colisão lateral mesmo sentido,Com Vítimas Feridas,Pleno dia,Crescente,Chuva,Dupla,Em Obras,Não,2,0,1,0,1,0,1,2,-28.073628,-48.713205,SPRF-SC,DEL02-SC,UOP03-DEL02-SC,2025
"737845,0",2025-12-10,quarta-feira,17:25:00,SC,101,"45,5",JOINVILLE,Manobra de mudança de faixa,Colisão lateral mesmo sentido,Com Vítimas Feridas,Pleno dia,Decrescente,Céu Claro,Dupla,Aclive,Sim,3,0,2,0,1,0,2,2,-26.3534636,-48.85836689,SPRF-SC,DEL03-SC,UOP01-DEL03-SC,2025
"737859,0",2025-12-10,quarta-feira,20:00:00,SC,101,"195,3",BIGUACU,Transitar na contramão,Colisão transversal,Com Vítimas Feridas,Plena Noite,Decrescente,Nublado,Múltipla,Viaduto;Reta,Sim,2,0,1,0,1,0,1,2,-27.506635,-48.647547,SPRF-SC,DEL01-SC,UOP01-DEL01-SC,2025
"737880,0",2025-12-10,quarta-feira,20:25:00,SC,280,"56,6",GUARAMIRIM,Transitar na contramão,Colisão frontal,Com Vítimas Feridas,Plena Noite,Crescente,Céu Claro,Simples,Reta,Não,3,0,3,0,0,0,3,2,-26.4786445,-49.01175706,SPRF-SC,DEL03-SC,UOP03-DEL03-SC,2025
"737883,0",2025-12-10,quarta-feira,22:30:00,SC,101,"381,0",ICARA,Desrespeitar a preferência no cruzamento,Colisão frontal,Com Vítimas Feridas,Plena Noite,Crescente,Nublado,Simples,Aclive;Reta,Não,2,0,0,1,1,0,1,2,-28.7625317,-49.2907567,SPRF-SC,DEL02-SC,UOP02-DEL02-SC,2025
"737923,0",2025-12-11,quinta-feira,06:45:00,SC,101,"218,2",PALHOCA,Retorno proibido,Colisão transversal,Com Vítimas Feridas,Pleno dia,Crescente,Céu Claro,Simples,Reta,Sim,2,0,0,1,1,0,1,2,-27.67785,-48.669347,SPRF-SC,DEL01-SC,UOP02-DEL01-SC,2025
"737936,0",2025-12-11,quinta-feira,07:20:00,SC,101,"41,5",JOINVILLE,Ausência de reação do condutor,Colisão lateral mesmo sentido,Com Vítimas Feridas,Pleno dia,Decrescente,Céu Claro,Dupla,Reta,Sim,2,0,1,0,1,0,1,2,-26.32091791,-48.86992201,SPRF-SC,DEL03-SC,UOP01-DEL03-SC,2025
"737946,0",2025-12-11,quinta-feira,08:00:00,SC,101,"204,2",SAO JOSE,Trafegar com motocicleta (ou similar) entre as faixas,Colisão lateral mesmo sentido,Com Vítimas Feridas,Pleno dia,Crescente,Céu Claro,Múltipla,Reta,Sim,2,0,1,0,1,0,1,2,-27.57074681,-48.61379117,SPRF-SC,DEL01-SC,UOP01-DEL01-SC,2025
"737967,0",2025-12-11,quinta-feira,07:45:00,SC,282,"504,9",XANXERE,Acessar a via sem observar a presença dos outros veículos,Colisão frontal,Com Vítimas Feridas,Pleno dia,Decrescente,Nublado,Múltipla,Reta,Sim,2,0,1,0,1,0,1,2,-26.88530149,-52.41451621,SPRF-SC,DEL07-SC,UOP01-DEL07-SC,2025
"737977,0",2025-12-11,quinta-feira,11:00:00,SC,280,"29,5",ARAQUARI,Ausência de reação do condutor,Colisão transversal,Com Vítimas Feridas,Pleno dia,Crescente,Sol,Simples,Reta,Não,2,0,1,0,1,0,1,2,-26.413115,-48.758337,SPRF-SC,DEL03-SC,UOP03-DEL03-SC,2025
"737985,0",2025-12-11,quinta-feira,12:10:00,SC,101,"139,0",BALNEARIO CAMBORIU,Ausência de reação do condutor,Tombamento,Com Vítimas Feridas,Pleno dia,Crescente,Céu Claro,Dupla,Curva,Não,1,0,0,1,0,0,1,1,-27.02928004,-48.60527515,SPRF-SC,DEL04-SC,UOP03-DEL04-SC,2025
"738003,0",2025-12-11,quinta-feira,13:30:00,SC,101,"98,0",BALNEARIO PICARRAS,Reação tardia ou ineficiente do condutor,Colisão traseira,Com Vítimas Feridas,Pleno dia,Crescente,Sol,Dupla,Reta,Não,3,0,2,0,1,0,2,2,-26.74251957,-48.69803365,SPRF-SC,DEL03-SC,UOP02-DEL03-SC,2025
"738007,0",2025-12-11,quinta-feira,14:00:00,SC,163,"71,5",SAO MIGUEL DO OESTE,Acessar a via sem observar a presença dos outros veículos,Colisão transversal,Com Vítimas Feridas,Pleno dia,Decrescente,Céu Claro,Dupla,Interseção de Vias;Retorno Regulamentado;Reta,Sim,2,0,1,0,1,0,1,2,-26.7244431,-53.51365026,SPRF-SC,DEL07-SC,UOP03-DEL07-SC,2025
"738013,0",2025-12-11,quinta-feira,15:00:00,SC,101,"204,2",SAO JOSE,Acessar a via sem observar a presença dos outros veículos,Colisão lateral mesmo sentido,Com Vítimas Feridas,Pleno dia,Crescente,Céu Claro,Múltipla,Reta,Sim,2,0,1,0,1,0,1,2,-27.57613154,-48.61376166,SPRF-SC,DEL01-SC,UOP01-DEL01-SC,2025
"738023,0",2025-12-11,quinta-feira,16:40:00,SC,101,"214,0",PALHOCA,Demais falhas mecânicas ou elétricas,Queda de ocupante de veículo,Com Vítimas Feridas,Pleno dia,Crescente,Sol,Múltipla,Reta,Sim,2,0,0,2,0,0,2,1,-27.6446277,-48.6714221,SPRF-SC,DEL01-SC,UOP02-DEL01-SC,2025
"738024,0",2025-12-11,quinta-feira,16:35:00,SC,101,"211,8",PALHOCA,Trafegar com motocicleta (ou similar) entre as faixas,Colisão lateral mesmo sentido,Com Vítimas Feridas,Pleno dia,Decrescente,Sol,Múltipla,Reta,Sim,4,0,2,0,2,0,2,3,-27.62897019,-48.65756448,SPRF-SC,DEL01-SC,UOP02-DEL01-SC,2025
"738055,0",2025-12-11,quinta-feira,18:45:00,SC,101,"207,4",SAO JOSE,Trafegar com motocicleta (ou similar) entre as faixas,Colisão lateral mesmo sentido,Com Vítimas Feridas,Plena Noite,Crescente,Céu Claro,Múltipla,Reta,Sim,2,0,1,0,1,0,1,2,-27.6023601,-48.6296494,SPRF-SC,DEL01-SC,UOP01-DEL01-SC,2025
"738059,0",2025-12-11,quinta-feira,19:25:00,SC,101,"209,7",SAO JOSE,Trafegar com motocicleta (ou similar) entre as faixas,Colisão lateral mesmo sentido,Sem Vítimas,Plena Noite,Decrescente,Céu Claro,Dupla,Reta,Sim,3,0,0,0,3,0,0,3,-27.615063,-48.643802,SPRF-SC,DEL01-SC,UOP01-DEL01-SC,2025
"738061,0",2025-12-11,quinta-feira,18:30:00,SC,101,"209,4",SAO JOSE,Condutor deixou de manter distância do veículo da frente,Colisão traseira,Com Vítimas Feridas,Plena Noite,Decrescente,Céu Claro,Múltipla,Reta,Sim,2,0,0,1,1,0,1,2,-27.6123629,-48.637627,SPRF-SC,DEL01-SC,UOP01-DEL01-SC,2025
"738073,0",2025-12-11,quinta-feira,18:30:00,SC,101,"41,2",JOINVILLE,Ausência de reação do condutor,Tombamento,Com Vítimas Feridas,Anoitecer,Crescente,Céu Claro,Múltipla,Aclive;Viaduto,Sim,1,0,1,0,0,0,1,1,-26.31829527,-48.87233432,SPRF-SC,DEL03-SC,UOP01-DEL03-SC,2025
"738086,0",2025-12-11,quinta-feira,22:30:00,SC,101,"212,9",PALHOCA,Demais falhas mecânicas ou elétricas,Engavetamento,Com Vítimas Feridas,Plena Noite,Decrescente,Céu Claro,Múltipla,Reta,Não,3,0,1,1,1,0,2,3,-27.636717,-48.66478,SPRF-SC,DEL01-SC,UOP02-DEL01-SC,2025
"738101,0",2025-12-12,sexta-feira,01:15:00,SC,470,"67,6",INDAIAL,Ausência de reação do condutor,Colisão com objeto,Com Vítimas Feridas,Plena Noite,Crescente,Céu Claro,Dupla,Reta,Sim,1,0,1,0,0,0,1,1,-26.87678104,-49.23862571,SPRF-SC,DEL04-SC,UOP01-DEL04-SC,2025
"738103,0",2025-12-12,sexta-feira,00:50:00,SC,282,"619,0",IRACEMINHA,Condutor Dormindo,Saída de leito carroçável,Sem Vítimas,Plena Noite,Decrescente,Céu Claro,Simples,Aclive,Sim,1,0,0,0,0,1,0,1,-26.79574445,-53.301109,SPRF-SC,DEL07-SC,UOP02-DEL07-SC,2025
"738112,0",2025-12-12,sexta-feira,02:50:00,SC,470,"34,9",GASPAR,Ausência de reação do condutor,Capotamento,Com Vítimas Feridas,Plena Noite,Crescente,Céu Claro,Simples,Reta;Em Obras,Não,1,0,1,0,0,0,1,1,-26.91248333,-48.95850556,SPRF-SC,DEL04-SC,UOP01-DEL04-SC,2025
"738115,0",2025-12-12,sexta-feira,04:00:00,SC,101,"215,0",PALHOCA,Velocidade Incompatível,Colisão com objeto,Sem Vítimas,Plena Noite,Decrescente,Céu Claro,Múltipla,Reta,Sim,1,0,0,0,0,1,0,1,-27.65916207,-48.67757544,SPRF-SC,DEL01-SC,UOP02-DEL01-SC,2025
"738118,0",2025-12-12,sexta-feira,04:49:00,SC,101,"41,0",PALHOCA,Animais na Pista,Atropelamento de Animal,Com Vítimas Feridas,Amanhecer,Decrescente,Céu Claro,Dupla,Reta,Não,1,0,1,0,0,0,1,1,-27.65508411,-48.7219137,SPRF-SC,DEL01-SC,UOP02-DEL01-SC,2025
"738135,0",2025-12-12,sexta-feira,06:50:00,SC,101,"195,3",BIGUACU,Manobra de mudança de faixa,Colisão traseira,Com Vítimas Feridas,Pleno dia,Crescente,Céu Claro,Múltipla,Retorno Regulamentado;Reta;Viaduto,Sim,2,0,1,0,1,0,1,2,-27.5073,-48.64761,SPRF-SC,DEL01-SC,UOP01-DEL01-SC,2025
"738138,0",2025-12-12,sexta-feira,07:30:00,SC,470,"134,0",RIO DO SUL,Ultrapassagem Indevida,Colisão transversal,Sem Vítimas,Pleno dia,Crescente,Céu Claro,Simples,Rotatória;Interseção de Vias,Sim,2,0,0,0,2,0,0,2,-27.17493158,-49.590072,SPRF-SC,DEL04-SC,UOP02-DEL04-SC,2025
"738143,0",2025-12-12,sexta-feira,07:45:00,SC,282,"17,9",PALHOCA,Condutor deixou de manter distância do veículo da frente,Colisão traseira,Com Vítimas Feridas,Pleno dia,Decrescente,Nublado,Simples,Reta,Sim,2,0,2,0,0,0,2,2,-27.67263,-48.69396,SPRF-SC,DEL01-SC,UOP02-DEL01-SC,2025
"738149,0",2025-12-12,sexta-feira,07:55:00,SC,101,"315,0",LAGUNA,Desrespeitar a preferência no cruzamento,Colisão transversal,Com Vítimas Feridas,Pleno dia,Decrescente,Céu Claro,Simples,Interseção de Vias,Sim,2,0,1,0,0,1,1,2,-28.427167,-48.852284,SPRF-SC,DEL02-SC,UOP01-DEL02-SC,2025
"738178,0",2025-11-28,sexta-feira,13:30:00,SC,101,"207,0",SAO JOSE,Manobra de mudança de faixa,Colisão traseira,Com Vítimas Feridas,Pleno dia,Decrescente,Céu Claro,Dupla,Reta,Sim,2,0,1,0,0,1,1,2,-27.6022603,-48.6274365,SPRF-SC,DEL01-SC,UOP01-DEL01-SC,2025
"738187,0",2025-12-12,sexta-feira,09:56:00,SC,163,"72,3",SAO MIGUEL DO OESTE,Manobra de mudança de faixa,Colisão traseira,Com Vítimas Feridas,Pleno dia,Decrescente,Garoa/Chuvisco,Dupla,Reta;Interseção de Vias,Sim,2,0,1,0,1,0,1,2,-26.71810436,-53.51614086,SPRF-SC,DEL07-SC,UOP03-DEL07-SC,2025
"738203,0",2025-12-12,sexta-feira,08:40:00,SC,470,"6,0",NAVEGANTES,Manobra de mudança de faixa,Colisão lateral mesmo sentido,Com Vítimas Feridas,Pleno dia,Crescente,Céu Claro,Dupla,Reta,Sim,2,0,1,0,1,0,1,2,-26.85364994,-48.70732181,SPRF-SC,DEL04-SC,UOP04-DEL04-SC,2025
"738239,0",2025-12-12,sexta-feira,15:00:00,SC,101,"133,0",BALNEARIO CAMBORIU,Entrada inopinada do pedestre,Atropelamento de Pedestre,Com Vítimas Feridas,Pleno dia,Crescente,Nublado,Dupla,Reta,Sim,2,0,1,0,1,0,1,2,-27.00435598,-48.63500476,SPRF-SC,DEL04-SC,UOP03-DEL04-SC,2025
"738246,0",2025-11-24,segunda-feira,21:10:00,SC,116,"63,0",PAPANDUVA,Reação tardia ou ineficiente do condutor,Capotamento,Com Vítimas Feridas,Plena Noite,Decrescente,Nublado,Simples,Reta,Não,1,0,1,0,0,0,1,1,-26.38781872,-50.22288859,SPRF-SC,DEL06-SC,UOP02-DEL06-SC,2025
"738285,0",2025-12-12,sexta-feira,17:10:00,SC,280,"25,0",ARAQUARI,Ultrapassagem Indevida,Colisão lateral sentido oposto,Com Vítimas Feridas,Pleno dia,Crescente,Nublado,Simples,Reta;Ponte,Sim,2,0,1,0,1,0,1,2,-26.38327612,-48.72655425,SPRF-SC,DEL03-SC,UOP03-DEL03-SC,2025
"738309,0",2025-12-12,sexta-feira,15:30:00,SC,470,"194,5",POUSO REDONDO,Chuva,Tombamento,Com Vítimas Feridas,Pleno dia,Decrescente,Chuva,Simples,Curva;Declive,Não,2,0,2,0,0,0,2,1,-27.30104594,-50.07970557,SPRF-SC,DEL04-SC,UOP02-DEL04-SC,2025
"738319,0",2025-12-12,sexta-feira,12:40:00,SC,101,"117,0",ITAJAI,Desrespeitar a preferência no cruzamento,Colisão transversal,Sem Vítimas,Pleno dia,Decrescente,Nublado,Múltipla,Interseção de Vias;Rotatória;Retorno Regulamentado,Sim,2,0,0,0,2,0,0,2,-26.89051478,-48.72084014,SPRF-SC,DEL04-SC,UOP04-DEL04-SC,2025
"738325,0",2025-12-12,sexta-feira,18:00:00,SC,101,"39,0",JOINVILLE,Condutor deixou de manter distância do veículo da frente,Colisão traseira,Com Vítimas Feridas,Anoitecer,Crescente,Garoa/Chuvisco,Múltipla,Reta,Sim,2,0,1,0,1,0,1,2,-26.29869035,-48.8838586,SPRF-SC,DEL03-SC,UOP01-DEL03-SC,2025
"738351,0",2025-11-07,sexta-feira,07:20:00,SC,470,"11,2",NAVEGANTES,Acessar a via sem observar a presença dos outros veículos,Colisão transversal,Com Vítimas Feridas,Pleno dia,Crescente,Nublado,Simples,Reta,Não,2,0,1,1,0,0,2,2,-26.83426,-48.74939,SPRF-SC,DEL04-SC,UOP04-DEL04-SC,2025
"738355,0",2025-12-12,sexta-feira,21:20:00,SC,282,"606,0",MARAVILHA,Acessar a via sem observar a presença dos outros veículos,Colisão transversal,Sem Vítimas,Plena Noite,Crescente,Nublado,Simples,Reta,Sim,2,0,0,0,2,0,0,2,-26.77251497,-53.20632426,SPRF-SC,DEL07-SC,UOP02-DEL07-SC,2025
"738378,0",2025-12-12,sexta-feira,21:40:00,SC,101,"97,0",BALNEARIO PICARRAS,Acessar a via sem observar a presença dos outros veículos,Atropelamento de Pedestre,Com Vítimas Fatais,Plena Noite,Decrescente,Chuva,Dupla,Reta,Não,3,1,0,0,2,0,0,2,-26.732433,-48.700578,SPRF-SC,DEL03-SC,UOP02-DEL03-SC,2025
"738390,0",2025-12-12,sexta-feira,23:10:00,SC,101,"298,0",LAGUNA,Ingestão de álcool pelo condutor,Colisão traseira,Sem Vítimas,Plena Noite,Decrescente,Nublado,Dupla,Reta,Não,2,0,0,0,1,1,0,2,-28.350722,-48.739429,SPRF-SC,DEL02-SC,UOP03-DEL02-SC,2025
"738401,0",2025-12-13,sábado,03:15:00,SC,101,"282,5",IMBITUBA,Ausência de reação do condutor,Queda de ocupante de veículo,Com Vítimas Feridas,Plena Noite,Crescente,Céu Claro,Dupla,Reta,Não,1,0,0,1,0,0,1,1,-28.21818,-48.700508,SPRF-SC,DEL02-SC,UOP03-DEL02-SC,2025
"738410,0",2025-12-13,sábado,04:40:00,SC,101,"209,6",SAO JOSE,Reação tardia ou ineficiente do condutor,Saída de leito carroçável,Com Vítimas Feridas,Amanhecer,Crescente,Céu Claro,Dupla,Curva;Interseção de Vias,Sim,3,0,2,0,0,1,2,1,-27.61417446,-48.64327518,SPRF-SC,DEL01-SC,UOP01-DEL01-SC,2025
"738422,0",2025-12-12,sexta-feira,23:00:00,SC,470,"0,2",GASPAR,Conversão proibida,Colisão lateral sentido oposto,Com Vítimas Feridas,Plena Noite,Crescente,Céu Claro,Simples,Reta,Sim,2,0,1,0,1,0,1,2,-26.91393,-48.96011,SPRF-SC,DEL04-SC,UOP01-DEL04-SC,2025
"738443,0",2025-12-13,sábado,05:20:00,SC,101,"126,0",ITAJAI,Condutor Dormindo,Saída de leito carroçável,Sem Vítimas,Amanhecer,Decrescente,Céu Claro,Simples,Retorno Regulamentado,Sim,1,0,0,0,0,1,0,1,-26.96566846,-48.68311822,SPRF-SC,DEL04-SC,UOP04-DEL04-SC,2025
"738445,0",2025-12-13,sábado,04:30:00,SC,470,"139,0",RIO DO SUL,Ausência de reação do condutor,Colisão traseira,Com Vítimas Feridas,Pleno dia,Decrescente,Céu Claro,Simples,Reta,Sim,2,0,1,0,1,0,1,2,-27.19667715,-49.62728111,SPRF-SC,DEL04-SC,UOP02-DEL04-SC,2025
"738478,0",2025-12-13,sábado,08:45:00,SC,101,"197,0",BIGUACU,Reação tardia ou ineficiente do condutor,Queda de ocupante de veículo,Com Vítimas Feridas,Pleno dia,Decrescente,Céu Claro,Dupla,Curva,Não,1,0,1,0,0,0,1,1,-27.51524544,-48.63934692,SPRF-SC,DEL01-SC,UOP01-DEL01-SC,2025
"738487,0",2025-12-13,sábado,10:40:00,SC,101,"118,0",ITAJAI,Ausência de reação do condutor,Tombamento,Com Vítimas Feridas,Plena Noite,Crescente,Céu Claro,Múltipla,Reta,Sim,1,0,0,1,0,0,1,1,-26.89249969,-48.7200737,SPRF-SC,DEL04-SC,UOP04-DEL04-SC,2025
"738511,0",2025-12-13,sábado,10:30:00,SC,101,"317,0",PESCARIA BRAVA,Demais falhas mecânicas ou elétricas,Tombamento,Com Vítimas Feridas,Pleno dia,Decrescente,Sol,Dupla,Curva,Sim,2,0,2,0,0,0,2,1,-28.43007604,-48.87252895,SPRF-SC,DEL02-SC,UOP01-DEL02-SC,2025
"738532,0",2025-12-13,sábado,14:00:00,SC,282,"3,9",FLORIANOPOLIS,Pedestre cruzava a pista fora da faixa,Atropelamento de Pedestre,Com Vítimas Feridas,Pleno dia,Crescente,Sol,Múltipla,Reta,Sim,4,0,2,0,1,1,2,3,-27.592813,-48.603267,SPRF-SC,DEL01-SC,UOP01-DEL01-SC,2025
"738536,0",2025-12-13,sábado,14:30:00,SC,282,"3,3",FLORIANOPOLIS,Trafegar com motocicleta (ou similar) entre as faixas,Colisão lateral mesmo sentido,Com Vítimas Feridas,Pleno dia,Crescente,Céu Claro,Múltipla,Reta,Sim,5,0,3,0,2,0,3,4,-27.59670154,-48.60082196,SPRF-SC,DEL01-SC,UOP01-DEL01-SC,2025
"738554,0",2025-12-13,sábado,15:50:00,SC,101,"209,5",SAO JOSE,Acessar a via sem observar a presença dos outros veículos,Colisão lateral mesmo sentido,Com Vítimas Feridas,Pleno dia,Decrescente,Céu Claro,Dupla,Reta,Sim,2,0,1,0,1,0,1,2,-27.60460079,-48.63309352,SPRF-SC,DEL01-SC,UOP01-DEL01-SC,2025
"738556,0",2025-12-13,sábado,16:00:00,SC,101,"163,0",TIJUCAS,Pedestre cruzava a pista fora da faixa,Atropelamento de Pedestre,Com Vítimas Fatais,Pleno dia,Crescente,Céu Claro,Múltipla,Reta,Não,2,1,0,0,0,1,0,2,-27.2354771,-48.6304616,SPRF-SC,DEL04-SC,UOP03-DEL04-SC,2025
"738587,0",2025-12-13,sábado,11:00:00,SC,470,"332,5",CAMPOS NOVOS,Acessar a via sem observar a presença dos outros veículos,Colisão transversal,Com Vítimas Fatais,Pleno dia,Crescente,Céu Claro,Simples,Aclive;Reta;Interseção de Vias,Não,2,1,0,0,1,0,0,2,-27.48714414,-51.3207221,SPRF-SC,DEL07-SC,UOP06-DEL07-SC,2025
"738608,0",2025-12-13,sábado,20:00:00,SC,282,"2,5",FLORIANOPOLIS,Manobra de mudança de faixa,Colisão lateral mesmo sentido,Com Vítimas Feridas,Pleno dia,Crescente,Céu Claro,Múltipla,Reta,Sim,2,0,1,0,0,1,1,2,-27.602277,-48.595362,SPRF-SC,DEL01-SC,UOP01-DEL01-SC,2025
"738615,0",2025-05-01,quinta-feira,22:30:00,SC,101,"158,0",PORTO BELO,Pedestre cruzava a pista fora da faixa,Colisão transversal,Com Vítimas Fatais,Plena Noite,Crescente,Céu Claro,Dupla,Reta,Sim,2,1,0,0,1,0,0,2,-27.1901883,-48.6126086,SPRF-SC,DEL04-SC,UOP03-DEL04-SC,2025
"738619,0",2025-12-13,sábado,20:50:00,SC,101,"150,0",ITAPEMA,Ausência de reação do condutor,Queda de ocupante de veículo,Com Vítimas Feridas,Plena Noite,Crescente,Céu Claro,Dupla,Reta,Sim,2,0,0,2,0,0,2,1,-27.12918474,-48.60969242,SPRF-SC,DEL04-SC,UOP03-DEL04-SC,2025
"738620,0",2025-12-13,sábado,20:40:00,SC,280,"27,6",ARAQUARI,Transitar no Acostamento,Colisão frontal,Com Vítimas Feridas,Plena Noite,Decrescente,Nublado,Simples,Reta,Não,2,0,1,1,0,0,2,2,-26.393134,-48.736737,SPRF-SC,DEL03-SC,UOP03-DEL03-SC,2025
"738633,0",2025-12-13,sábado,21:26:00,SC,101,"102,8",BALNEARIO PICARRAS,Acessar a via sem observar a presença dos outros veículos,Atropelamento de Pedestre,Com Vítimas Feridas,Plena Noite,Decrescente,Nublado,Dupla,Reta,Sim,3,0,0,1,1,1,1,2,-26.77932505,-48.68457592,SPRF-SC,DEL03-SC,UOP02-DEL03-SC,2025
"738634,0",2025-12-13,sábado,20:12:00,SC,116,"37,0",ITAIOPOLIS,Ingestão de álcool pelo condutor,Colisão com objeto,Sem Vítimas,Plena Noite,Crescente,Céu Claro,Simples,Em Obras,Sim,2,0,0,0,1,1,0,2,-26.33974,-50.0206,SPRF-SC,DEL06-SC,UOP01-DEL06-SC,2025
"738647,0",2025-12-13,sábado,21:30:00,SC,470,"166,0",POUSO REDONDO,Ultrapassagem Indevida,Colisão frontal,Com Vítimas Feridas,Plena Noite,Crescente,Céu Claro,Simples,Reta;Declive,Não,3,0,1,2,0,0,3,2,-27.26671947,-49.873583,SPRF-SC,DEL04-SC,UOP02-DEL04-SC,2025
"738653,0",2025-12-13,sábado,22:50:00,SC,280,"38,0",ARAQUARI,Ingestão de álcool pelo condutor,Colisão frontal,Com Vítimas Feridas,Plena Noite,Crescente,Nublado,Simples,Reta;Ponte,Não,4,0,2,0,2,0,2,2,-26.44834528,-48.83100383,SPRF-SC,DEL03-SC,UOP03-DEL03-SC,2025
"738654,0",2025-12-13,sábado,21:10:00,SC,116,"71,0",MONTE CASTELO,Conversão proibida,Colisão transversal,Sem Vítimas,Plena Noite,Decrescente,Céu Claro,Simples,Reta,Não,2,0,0,0,2,0,0,2,-26.4730074,-50.2310686,SPRF-SC,DEL06-SC,UOP02-DEL06-SC,2025
"738655,0",2025-12-13,sábado,21:10:00,SC,470,"351,6",CAMPOS NOVOS,Ingestão de álcool pelo condutor,Saída de leito carroçável,Sem Vítimas,Plena Noite,Decrescente,Céu Claro,Simples,Curva,Não,1,0,0,0,1,0,0,1,-27.57446014,-51.45668361,SPRF-SC,DEL07-SC,UOP06-DEL07-SC,2025
"738669,0",2025-12-13,sábado,22:00:00,SC,282,"578,8",PINHALZINHO,Demais falhas na via,Tombamento,Com Vítimas Feridas,Plena Noite,Crescente,Céu Claro,Simples,Reta,Sim,1,0,0,1,0,0,1,1,-26.84659704,-52.98068762,SPRF-SC,DEL07-SC,UOP02-DEL07-SC,2025
"738672,0",2025-12-14,domingo,00:10:00,SC,101,"132,0",CAMBORIU,Ausência de reação do condutor,Colisão traseira,Com Vítimas Feridas,Plena Noite,Crescente,Nublado,Dupla,Reta,Não,2,0,0,1,1,0,1,2,-26.999323,-48.65107656,SPRF-SC,DEL04-SC,UOP03-DEL04-SC,2025