id,data_inversa,dia_semana,horario,uf,br,km,municipio,causa_acidente,tipo_acidente,classificacao_acidente,fase_dia,sentido_via,condicao_metereologica,tipo_pista,tracado_via,uso_solo,pessoas,mortos,feridos_leves,feridos_graves,ilesos,ignorados,feridos,veiculos,latitude,longitude,regional,delegacia,uop,ano_arquivo
"738677,0",2025-12-14,domingo,00:00:00,SC,101,"113,0",ITAJAI,Ingestão de álcool pelo condutor,Saída de leito carroçável,Sem Vítimas,Plena Noite,Crescente,Céu Claro,Múltipla,Reta,Sim,1,0,0,0,0,1,0,1,-26.85613242,-48.7276268,SPRF-SC,DEL04-SC,UOP04-DEL04-SC,2025
"738678,0",2025-12-13,sábado,21:00:00,SC,163,"92,7",GUARACIABA,Transitar na contramão,Colisão frontal,Com Vítimas Feridas,Plena Noite,Decrescente,Céu Claro,Simples,Reta,Não,2,0,0,2,0,0,2,2,-26.54468768,-53.5201335,SPRF-SC,DEL07-SC,UOP03-DEL07-SC,2025
"738697,0",2025-12-14,domingo,02:20:00,SC,282,"530,3",CORDILHEIRA ALTA,Ausência de reação do condutor,Saída de leito carroçável,Sem Vítimas,Plena Noite,Decrescente,Céu Claro,Simples,Curva;Aclive,Sim,1,0,0,0,1,0,0,1,-26.986793,-52.608415,SPRF-SC,DEL07-SC,UOP01-DEL07-SC,2025
"738704,0",2025-12-14,domingo,04:00:00,SC,101,"250,5",PAULO LOPES,Ingestão de álcool pelo condutor,Colisão com objeto,Com Vítimas Feridas,Plena Noite,Crescente,Nublado,Dupla,Reta;Viaduto,Não,2,0,1,0,1,0,1,1,-27.94503733,-48.66915321,SPRF-SC,DEL02-SC,UOP03-DEL02-SC,2025
"738707,0",2025-12-14,domingo,05:00:00,SC,101,"220,0",PALHOCA,Reação tardia ou ineficiente do condutor,Colisão com objeto,Com Vítimas Feridas,Pleno dia,Crescente,Céu Claro,Dupla,Reta,Sim,1,0,1,0,0,0,1,1,-27.69063436,-48.6644125,SPRF-SC,DEL01-SC,UOP02-DEL01-SC,2025
"738711,0",2025-12-14,domingo,05:12:00,SC,282,"30,9",AGUAS MORNAS,Ingestão de álcool pelo condutor,Colisão frontal,Sem Vítimas,Amanhecer,Crescente,Céu Claro,Simples,Reta,Não,2,0,0,0,2,0,0,2,-27.70404762,-48.82212639,SPRF-SC,DEL01-SC,UOP03-DEL01-SC,2025
"738713,0",2025-12-14,domingo,05:30:00,SC,101,"206,0",SAO JOSE,Pista Escorregadia,Colisão com objeto,Com Vítimas Feridas,Amanhecer,Crescente,Nublado,Múltipla,Declive;Curva;Viaduto,Sim,1,0,1,0,0,0,1,1,-27.58462364,-48.61695735,SPRF-SC,DEL01-SC,UOP01-DEL01-SC,2025
"738739,0",2025-12-14,domingo,08:20:00,SC,101,"199,2",BIGUACU,Avarias e/ou desgaste excessivo no pneu,Tombamento,Com Vítimas Feridas,Pleno dia,Crescente,Céu Claro,Múltipla,Reta,Sim,2,0,2,0,0,0,2,1,-27.52897602,-48.63544464,SPRF-SC,DEL01-SC,UOP01-DEL01-SC,2025
"738766,0",2025-12-14,domingo,10:50:00,SC,101,"157,3",PORTO BELO,Manobra de mudança de faixa,Colisão traseira,Com Vítimas Feridas,Pleno dia,Decrescente,Céu Claro,Dupla,Reta,Não,2,0,0,1,1,0,1,2,-27.18515898,-48.61308038,SPRF-SC,DEL04-SC,UOP03-DEL04-SC,2025
"738776,0",2025-12-14,domingo,12:20:00,SC,101,"211,8",PALHOCA,Acesso irregular,Colisão transversal,Com Vítimas Feridas,Pleno dia,Crescente,Céu Claro,Dupla,Reta,Sim,2,0,1,0,1,0,1,2,-27.628313,-48.657938,SPRF-SC,DEL01-SC,UOP02-DEL01-SC,2025
"738778,0",2025-12-14,domingo,12:45:00,SC,470,"63,2",INDAIAL,Acessar a via sem observar a presença dos outros veículos,Colisão transversal,Com Vítimas Feridas,Pleno dia,Decrescente,Céu Claro,Simples,Em Obras;Reta,Não,3,0,1,0,2,0,1,2,-26.87194644,-49.19502351,SPRF-SC,DEL04-SC,UOP01-DEL04-SC,2025
"738781,0",2025-12-14,domingo,12:55:00,SC,101,"135,9",BALNEARIO CAMBORIU,Demais falhas mecânicas ou elétricas,Colisão traseira,Com Vítimas Feridas,Pleno dia,Crescente,Céu Claro,Simples,Reta,Sim,3,0,3,0,0,0,3,3,-27.00724,-48.6192,SPRF-SC,DEL04-SC,UOP03-DEL04-SC,2025
"738787,0",2025-12-14,domingo,12:30:00,SC,470,"53,1",BLUMENAU,Acessar a via sem observar a presença dos outros veículos,Colisão transversal,Com Vítimas Feridas,Pleno dia,Decrescente,Céu Claro,Simples,Interseção de Vias;Reta,Sim,3,0,1,0,2,0,1,2,-26.8627194,-49.0919022,SPRF-SC,DEL04-SC,UOP01-DEL04-SC,2025
"738805,0",2025-12-14,domingo,13:00:00,SC,280,"197,0",TRES BARRAS,Acessar a via sem observar a presença dos outros veículos,Colisão transversal,Com Vítimas Feridas,Pleno dia,Crescente,Céu Claro,Simples,Retorno Regulamentado;Rotatória;Reta,Não,4,0,3,0,0,1,3,2,-26.17798796,-50.1847972,SPRF-SC,DEL06-SC,UOP01-DEL06-SC,2025
"738807,0",2025-12-14,domingo,15:00:00,SC,280,"24,0",ARAQUARI,Ultrapassagem Indevida,Colisão lateral mesmo sentido,Com Vítimas Feridas,Pleno dia,Crescente,Céu Claro,Simples,Reta,Sim,3,0,2,0,1,0,2,2,-26.38249477,-48.72551457,SPRF-SC,DEL03-SC,UOP03-DEL03-SC,2025
"738828,0",2025-12-14,domingo,16:00:00,SC,101,"155,0",PORTO BELO,Reação tardia ou ineficiente do condutor,Tombamento,Com Vítimas Feridas,Pleno dia,Decrescente,Céu Claro,Simples,Curva,Não,1,0,0,1,0,0,1,1,-27.16379343,-48.61141205,SPRF-SC,DEL04-SC,UOP03-DEL04-SC,2025
"738839,0",2025-12-14,domingo,16:00:00,SC,101,"134,5",BALNEARIO CAMBORIU,Reação tardia ou ineficiente do condutor,Colisão lateral mesmo sentido,Com Vítimas Feridas,Pleno dia,Decrescente,Nublado,Simples,Reta,Sim,2,0,1,0,1,0,1,2,-27.00351,-48.63191,SPRF-SC,DEL04-SC,UOP03-DEL04-SC,2025
"738859,0",2025-12-14,domingo,17:00:00,SC,101,"109,0",PENHA,Reação tardia ou ineficiente do condutor,Colisão traseira,Com Vítimas Feridas,Pleno dia,Crescente,Céu Claro,Dupla,Reta,Sim,3,0,0,1,2,0,1,3,-26.83287022,-48.6950633,SPRF-SC,DEL03-SC,UOP02-DEL03-SC,2025
"738875,0",2025-12-14,domingo,19:40:00,SC,101,"218,5",PALHOCA,Acessar a via sem observar a presença dos outros veículos,Colisão transversal,Com Vítimas Feridas,Pleno dia,Crescente,Céu Claro,Dupla,Interseção de Vias,Não,2,0,1,0,1,0,1,2,-27.67968618,-48.6690782,SPRF-SC,DEL01-SC,UOP02-DEL01-SC,2025
"738892,0",2025-12-14,domingo,20:30:00,SC,101,"196,2",BIGUACU,Ingestão de álcool pelo condutor,Colisão traseira,Com Vítimas Feridas,Plena Noite,Decrescente,Céu Claro,Dupla,Reta,Sim,3,0,0,2,1,0,2,2,-27.512303,-48.641492,SPRF-SC,DEL01-SC,UOP01-DEL01-SC,2025
"738934,0",2025-12-14,domingo,23:20:00,SC,470,"48,5",BLUMENAU,Ingestão de álcool pelo condutor,Capotamento,Sem Vítimas,Plena Noite,Decrescente,Nublado,Simples,Curva,Não,1,0,0,0,0,1,0,1,-26.8599829,-49.06204311,SPRF-SC,DEL04-SC,UOP01-DEL04-SC,2025
"738941,0",2025-12-14,domingo,22:00:00,SC,282,"606,3",MARAVILHA,Ingestão de álcool pelo condutor,Colisão frontal,Com Vítimas Feridas,Plena Noite,Crescente,Céu Claro,Simples,Reta,Sim,3,0,0,1,2,0,1,2,-26.77560886,-53.20233313,SPRF-SC,DEL07-SC,UOP02-DEL07-SC,2025
"738945,0",2025-12-14,domingo,23:02:00,SC,101,"18,8",ILHOTA,Avarias e/ou desgaste excessivo no pneu,Saída de leito carroçável,Com Vítimas Feridas,Plena Noite,Crescente,Céu Claro,Dupla,Reta,Não,1,0,1,0,0,0,1,1,-26.86103,-48.81357,SPRF-SC,DEL03-SC,UOP01-DEL03-SC,2025
"738968,0",2025-12-15,segunda-feira,04:45:00,SC,282,"3,3",FLORIANOPOLIS,Ausência de reação do condutor,Queda de ocupante de veículo,Com Vítimas Feridas,Amanhecer,Decrescente,Céu Claro,Múltipla,Reta,Sim,1,0,1,0,0,0,1,1,-27.59796433,-48.60073535,SPRF-SC,DEL01-SC,UOP01-DEL01-SC,2025
"738969,0",2025-12-15,segunda-feira,04:10:00,SC,153,"112,0",CONCORDIA,Demais Fenômenos da natureza,Colisão com objeto,Com Vítimas Feridas,Pleno dia,Crescente,Céu Claro,Simples,Curva,Não,1,0,1,0,0,0,1,1,-27.337041,-51.9760723,SPRF-SC,DEL07-SC,UOP04-DEL07-SC,2025
"738981,0",2025-12-15,segunda-feira,06:30:00,SC,470,"52,8",BLUMENAU,Acessar a via sem observar a presença dos outros veículos,Colisão transversal,Com Vítimas Feridas,Pleno dia,Decrescente,Céu Claro,Simples,Interseção de Vias;Reta,Não,2,0,1,0,1,0,1,2,-26.8627181,-49.091901,SPRF-SC,DEL04-SC,UOP01-DEL04-SC,2025
"739003,0",2025-11-05,quarta-feira,07:45:00,SC,101,"199,0",SAO JOSE,Condutor deixou de manter distância do veículo da frente,Colisão traseira,Com Vítimas Feridas,Pleno dia,Crescente,Céu Claro,Dupla,Viaduto;Reta,Sim,2,0,1,0,1,0,1,2,-27.53822374,-48.6251142,SPRF-SC,DEL01-SC,UOP01-DEL01-SC,2025
"739023,0",2025-12-15,segunda-feira,08:50:00,SC,282,"5,2",SAO JOSE,Manobra de mudança de faixa,Colisão traseira,Com Vítimas Feridas,Pleno dia,Crescente,Céu Claro,Múltipla,Reta,Sim,2,0,1,1,0,0,2,2,-27.58729051,-48.61512121,SPRF-SC,DEL01-SC,UOP01-DEL01-SC,2025
"739036,0",2025-12-15,segunda-feira,09:54:00,SC,282,"3,5",FLORIANOPOLIS,Manobra de mudança de faixa,Colisão lateral mesmo sentido,Sem Vítimas,Pleno dia,Crescente,Sol,Dupla,Reta,Sim,2,0,0,0,2,0,0,2,-27.59731258,-48.60070165,SPRF-SC,DEL01-SC,UOP01-DEL01-SC,2025
"739048,0",2025-12-08,segunda-feira,00:30:00,SC,470,"153,0",AGRONOMICA,Ultrapassagem Indevida,Colisão frontal,Com Vítimas Feridas,Plena Noite,Crescente,Céu Claro,Simples,Curva,Não,2,0,0,1,0,1,1,2,-27.27665432,-49.74047033,SPRF-SC,DEL04-SC,UOP02-DEL04-SC,2025
"739084,0",2025-12-15,segunda-feira,14:34:00,SC,470,"92,4",APIUNA,Desrespeitar a preferência no cruzamento,Colisão transversal,Com Vítimas Feridas,Pleno dia,Decrescente,Céu Claro,Simples,Reta,Sim,3,0,2,0,1,0,2,2,-26.98962923,-49.37443614,SPRF-SC,DEL04-SC,UOP01-DEL04-SC,2025
"739100,0",2025-12-15,segunda-feira,13:00:00,SC,101,"343,0",TUBARAO,Animais na Pista,Saída de leito carroçável,Sem Vítimas,Pleno dia,Crescente,Céu Claro,Múltipla,Reta,Sim,1,0,0,0,0,1,0,1,-28.54351727,-49.05383019,SPRF-SC,DEL02-SC,UOP01-DEL02-SC,2025
"739103,0",2025-12-15,segunda-feira,13:00:00,SC,282,"488,0",FAXINAL DOS GUEDES,Acessar a via sem observar a presença dos outros veículos,Colisão transversal,Com Vítimas Feridas,Pleno dia,Decrescente,Céu Claro,Simples,Interseção de Vias;Rotatória,Não,2,0,0,1,1,0,1,2,-26.85726461,-52.26179693,SPRF-SC,DEL07-SC,UOP01-DEL07-SC,2025
"739109,0",2025-12-15,segunda-feira,17:00:00,SC,282,"606,0",MARAVILHA,Acessar a via sem observar a presença dos outros veículos,Colisão transversal,Com Vítimas Feridas,Pleno dia,Decrescente,Chuva,Simples,Reta,Sim,2,0,0,1,1,0,1,2,-26.77124099,-53.20798723,SPRF-SC,DEL07-SC,UOP02-DEL07-SC,2025
"739110,0",2025-12-15,segunda-feira,16:30:00,SC,282,"607,0",MARAVILHA,Reação tardia ou ineficiente do condutor,Tombamento,Com Vítimas Feridas,Pleno dia,Crescente,Nublado,Simples,Reta,Sim,1,0,1,0,0,0,1,1,-26.7705374,-53.20884705,SPRF-SC,DEL07-SC,UOP02-DEL07-SC,2025
"739119,0",2025-12-15,segunda-feira,17:24:00,SC,101,"200,0",SAO JOSE,Reação tardia ou ineficiente do condutor,Saída de leito carroçável,Sem Vítimas,Pleno dia,Decrescente,Céu Claro,Dupla,Reta,Sim,1,0,0,0,1,0,0,1,-27.54574,-48.619795,SPRF-SC,DEL01-SC,UOP01-DEL01-SC,2025
"739121,0",2025-12-15,segunda-feira,17:51:00,SC,280,"28,8",ARAQUARI,Trafegar com motocicleta (ou similar) entre as faixas,Colisão transversal,Com Vítimas Feridas,Pleno dia,Decrescente,Céu Claro,Simples,Reta,Não,2,0,1,0,1,0,1,2,-26.409631,-48.751324,SPRF-SC,DEL03-SC,UOP03-DEL03-SC,2025
"739123,0",2025-12-15,segunda-feira,17:00:00,SC,116,"1,8",MAFRA,Desrespeitar a preferência no cruzamento,Colisão transversal,Com Vítimas Feridas,Pleno dia,Decrescente,Céu Claro,Simples,Interseção de Vias,Sim,2,0,0,1,1,0,1,2,-26.12256,-49.79146,SPRF-SC,DEL06-SC,UOP01-DEL06-SC,2025
"739144,0",2025-12-15,segunda-feira,18:15:00,SC,116,"138,5",SANTA CECILIA,Acesso irregular,Colisão transversal,Com Vítimas Feridas,Pleno dia,Crescente,Nublado,Simples,Reta,Sim,4,0,3,1,0,0,4,2,-26.955025,-50.422015,SPRF-SC,DEL06-SC,UOP02-DEL06-SC,2025
"739163,0",2025-12-15,segunda-feira,21:00:00,SC,101,"170,0",TIJUCAS,Manobra de mudança de faixa,Colisão lateral mesmo sentido,Sem Vítimas,Plena Noite,Crescente,Chuva,Dupla,Reta,Não,2,0,0,0,2,0,0,2,-27.31986752,-48.62941504,SPRF-SC,DEL04-SC,UOP03-DEL04-SC,2025
"739174,0",2025-12-15,segunda-feira,23:10:00,SC,280,"51,5",GUARAMIRIM,Ausência de reação do condutor,Tombamento,Com Vítimas Feridas,Plena Noite,Decrescente,Céu Claro,Simples,Em Obras;Reta,Não,1,0,1,0,0,0,1,1,-26.46425968,-48.95228712,SPRF-SC,DEL03-SC,UOP03-DEL03-SC,2025
"739183,0",2025-12-15,segunda-feira,18:10:00,SC,282,"335,0",VARGEM,Velocidade Incompatível,Capotamento,Com Vítimas Feridas,Anoitecer,Crescente,Garoa/Chuvisco,Simples,Declive;Curva,Não,1,0,0,1,0,0,1,1,-27.49624269,-50.93931198,SPRF-SC,DEL07-SC,UOP06-DEL07-SC,2025
"739216,0",2025-08-06,quarta-feira,17:50:00,SC,101,"34,0",JOINVILLE,Velocidade Incompatível,Engavetamento,Com Vítimas Feridas,Anoitecer,Crescente,Chuva,Dupla,Reta,Não,6,0,1,0,5,0,1,5,-26.26431884,-48.90031664,SPRF-SC,DEL03-SC,UOP01-DEL03-SC,2025
"739235,0",2025-12-16,terça-feira,08:20:00,SC,282,"397,2",JOACABA,Chuva,Saída de leito carroçável,Com Vítimas Feridas,Pleno dia,Decrescente,Chuva,Simples,Curva;Declive,Não,2,0,1,0,1,0,1,1,-27.153007,-51.601935,SPRF-SC,DEL07-SC,UOP05-DEL07-SC,2025
"739249,0",2025-12-16,terça-feira,11:05:00,SC,101,"206,0",SAO JOSE,Reação tardia ou ineficiente do condutor,Colisão traseira,Com Vítimas Feridas,Pleno dia,Decrescente,Nublado,Múltipla,Reta,Sim,3,0,0,1,2,0,1,2,-27.59243,-48.61799,SPRF-SC,DEL01-SC,UOP01-DEL01-SC,2025
"739252,0",2025-12-16,terça-feira,11:05:00,SC,280,"26,9",ARAQUARI,Velocidade Incompatível,Colisão com objeto,Com Vítimas Feridas,Pleno dia,Crescente,Sol,Simples,Em Obras;Reta,Sim,1,0,0,1,0,0,1,1,-26.396676,-48.740087,SPRF-SC,DEL03-SC,UOP03-DEL03-SC,2025
"739262,0",2025-12-16,terça-feira,12:15:00,SC,280,"28,1",ARAQUARI,Acessar a via sem observar a presença dos outros veículos,Colisão transversal,Com Vítimas Feridas,Pleno dia,Decrescente,Nublado,Simples,Curva,Sim,2,0,1,1,0,0,2,2,-26.40490965,-48.7458628,SPRF-SC,DEL03-SC,UOP03-DEL03-SC,2025
"739286,0",2025-12-16,terça-feira,14:00:00,SC,101,"130,0",CAMBORIU,Demais falhas mecânicas ou elétricas,Tombamento,Com Vítimas Feridas,Pleno dia,Crescente,Céu Claro,Dupla,Reta,Não,2,0,2,0,0,0,2,1,-26.98343776,-48.67117615,SPRF-SC,DEL04-SC,UOP03-DEL04-SC,2025
"739306,0",2025-12-13,sábado,16:50:00,SC,101,"124,9",ITAJAI,Condutor deixou de manter distância do veículo da frente,Engavetamento,Sem Vítimas,Pleno dia,Crescente,Céu Claro,Múltipla,Reta,Sim,3,0,0,0,2,1,0,3,-26.94693679,-48.68541867,SPRF-SC,DEL04-SC,UOP04-DEL04-SC,2025
"739338,0",2025-12-16,terça-feira,16:00:00,SC,101,"342,0",TUBARAO,Avarias e/ou desgaste excessivo no pneu,Tombamento,Com Vítimas Feridas,Pleno dia,Crescente,Céu Claro,Simples,Reta;Aclive,Não,1,0,1,0,0,0,1,1,-28.526017,-49.056523,SPRF-SC,DEL02-SC,UOP01-DEL02-SC,2025
"739354,0",2025-12-16,terça-feira,17:45:00,SC,280,"128,1",RIO NEGRINHO,Trafegar com motocicleta (ou similar) entre as faixas,Colisão transversal,Com Vítimas Feridas,Pleno dia,Crescente,Céu Claro,Simples,Reta,Sim,2,0,1,0,1,0,1,2,-26.24356,-49.51431,SPRF-SC,DEL06-SC,UOP03-DEL06-SC,2025
"739364,0",2025-12-16,terça-feira,19:10:00,SC,282,"215,2",LAGES,Demais falhas mecânicas ou elétricas,Incêndio,Sem Vítimas,Anoitecer,Decrescente,Céu Claro,Simples,Reta,Sim,1,0,0,0,1,0,0,1,-27.79671785,-50.2885834,SPRF-SC,DEL05-SC,UOP01-DEL05-SC,2025
"739387,0",2025-12-16,terça-feira,22:30:00,SC,101,"123,0",ITAJAI,Reação tardia ou ineficiente do condutor,Tombamento,Com Vítimas Feridas,Plena Noite,Crescente,Nublado,Múltipla,Reta,Sim,1,0,1,0,0,0,1,1,-26.93754253,-48.69813128,SPRF-SC,DEL04-SC,UOP04-DEL04-SC,2025
"739396,0",2025-12-16,terça-feira,22:10:00,SC,470,"155,0",TROMBUDO CENTRAL,Animais na Pista,Saída de leito carroçável,Com Vítimas Feridas,Plena Noite,Crescente,Céu Claro,Simples,Curva,Não,2,0,1,0,0,1,1,2,-27.27907639,-49.75755785,SPRF-SC,DEL04-SC,UOP02-DEL04-SC,2025
"739413,0",2025-12-17,quarta-feira,06:30:00,SC,101,"204,5",SAO JOSE,Manobra de mudança de faixa,Colisão lateral sentido oposto,Com Vítimas Feridas,Pleno dia,Crescente,Céu Claro,Múltipla,Reta,Sim,2,0,1,0,1,0,1,2,-27.57921,-48.61374,SPRF-SC,DEL01-SC,UOP01-DEL01-SC,2025
"739420,0",2025-12-17,quarta-feira,07:05:00,SC,101,"216,3",PALHOCA,Demais falhas mecânicas ou elétricas,Tombamento,Com Vítimas Feridas,Pleno dia,Decrescente,Céu Claro,Dupla,Reta,Sim,2,0,2,0,0,0,2,1,-27.66577225,-48.67468254,SPRF-SC,DEL01-SC,UOP02-DEL01-SC,2025
"739425,0",2025-12-17,quarta-feira,07:15:00,SC,101,"112,0",ITAJAI,Manobra de mudança de faixa,Colisão lateral mesmo sentido,Com Vítimas Feridas,Pleno dia,Decrescente,Céu Claro,Múltipla,Reta,Sim,2,0,1,0,1,0,1,2,-26.846332,-48.72146845,SPRF-SC,DEL04-SC,UOP04-DEL04-SC,2025
"739441,0",2025-12-17,quarta-feira,07:30:00,SC,480,"124,9",CHAPECO,Ausência de reação do condutor,Colisão traseira,Com Vítimas Feridas,Pleno dia,Decrescente,Céu Claro,Dupla,Reta;Aclive,Não,2,0,1,0,1,0,1,2,-27.00240068,-52.64438722,SPRF-SC,DEL07-SC,UOP01-DEL07-SC,2025
"739442,0",2025-12-17,quarta-feira,08:00:00,SC,101,"118,0",ITAJAI,Mal súbito do condutor,Colisão traseira,Com Vítimas Feridas,Pleno dia,Crescente,Céu Claro,Múltipla,Reta,Não,2,0,1,0,1,0,1,2,-26.89546785,-48.71932838,SPRF-SC,DEL04-SC,UOP04-DEL04-SC,2025
"739467,0",2025-12-17,quarta-feira,08:10:00,SC,101,"41,0",JOINVILLE,Desrespeitar a preferência no cruzamento,Colisão transversal,Com Vítimas Feridas,Pleno dia,Crescente,Céu Claro,Múltipla,Viaduto,Sim,2,0,1,0,1,0,1,2,-26.31694502,-48.90971124,SPRF-SC,DEL03-SC,UOP01-DEL03-SC,2025
"739489,0",2025-12-17,quarta-feira,10:40:00,SC,101,"212,0",PALHOCA,Ausência de reação do condutor,Colisão lateral mesmo sentido,Com Vítimas Feridas,Pleno dia,Decrescente,Céu Claro,Dupla,Reta,Não,2,0,1,0,1,0,1,2,-27.62497398,-48.64981592,SPRF-SC,DEL01-SC,UOP02-DEL01-SC,2025
"739491,0",2025-12-01,segunda-feira,11:40:00,SC,282,"130,4",RIO NEGRINHO,Acessar a via sem observar a presença dos outros veículos,Colisão transversal,Com Vítimas Feridas,Pleno dia,Decrescente,Nublado,Simples,Declive;Reta,Não,2,0,0,1,1,0,1,2,-26.253958,-49.533787,SPRF-SC,DEL05-SC,UOP01-DEL05-SC,2025
"739494,0",2025-12-17,quarta-feira,09:10:00,SC,101,"96,0",BARRA VELHA,Trafegar com motocicleta (ou similar) entre as faixas,Colisão lateral mesmo sentido,Com Vítimas Feridas,Pleno dia,Crescente,Céu Claro,Múltipla,Reta,Não,4,0,1,0,3,0,1,2,-26.71906269,-48.7023267,SPRF-SC,DEL03-SC,UOP02-DEL03-SC,2025
"739529,0",2025-12-17,quarta-feira,14:15:00,SC,101,"205,1",SAO JOSE,Mal súbito do condutor,Saída de leito carroçável,Com Vítimas Feridas,Pleno dia,Crescente,Sol,Múltipla,Reta,Sim,1,0,1,0,0,0,1,1,-27.58762091,-48.61698451,SPRF-SC,DEL01-SC,UOP01-DEL01-SC,2025
"739533,0",2025-12-14,domingo,03:20:00,SC,282,"530,5",CORDILHEIRA ALTA,Ingestão de álcool pelo condutor,Saída de leito carroçável,Sem Vítimas,Plena Noite,Decrescente,Céu Claro,Simples,Curva,Não,1,0,0,0,1,0,0,1,-26.9868465,-52.61011219,SPRF-SC,DEL07-SC,UOP01-DEL07-SC,2025
"739534,0",2025-12-17,quarta-feira,10:00:00,SC,280,"28,0",ARAQUARI,Acessar a via sem observar a presença dos outros veículos,Colisão transversal,Com Vítimas Feridas,Pleno dia,Crescente,Céu Claro,Simples,Reta;Interseção de Vias,Sim,2,0,1,0,1,0,1,2,-26.404829,-48.745765,SPRF-SC,DEL03-SC,UOP03-DEL03-SC,2025
"739564,0",2025-12-17,quarta-feira,17:30:00,SC,101,"119,8",ITAJAI,Manobra de mudança de faixa,Colisão lateral mesmo sentido,Com Vítimas Feridas,Pleno dia,Decrescente,Céu Claro,Múltipla,Reta,Sim,2,0,1,0,1,0,1,2,-26.89762893,-48.7184,SPRF-SC,DEL04-SC,UOP04-DEL04-SC,2025
"739565,0",2025-12-17,quarta-feira,16:55:00,SC,116,"260,1",CAPAO ALTO,Manobra de mudança de faixa,Colisão traseira,Com Vítimas Feridas,Pleno dia,Decrescente,Céu Claro,Simples,Reta,Não,3,0,1,0,2,0,1,2,-27.92920409,-50.45110703,SPRF-SC,DEL05-SC,UOP02-DEL05-SC,2025
"739568,0",2025-12-17,quarta-feira,17:15:00,SC,101,"151,0",ITAPEMA,Condutor deixou de manter distância do veículo da frente,Colisão traseira,Com Vítimas Feridas,Pleno dia,Crescente,Céu Claro,Dupla,Reta,Não,2,0,1,0,1,0,1,2,-27.13465676,-48.61008167,SPRF-SC,DEL04-SC,UOP03-DEL04-SC,2025
"739583,0",2025-12-17,quarta-feira,19:15:00,SC,101,"201,7",SAO JOSE,Condutor deixou de manter distância do veículo da frente,Colisão traseira,Com Vítimas Feridas,Plena Noite,Crescente,Nublado,Múltipla,Reta,Sim,3,0,2,0,1,0,2,2,-27.55480001,-48.61945398,SPRF-SC,DEL01-SC,UOP01-DEL01-SC,2025
"739593,0",2025-12-17,quarta-feira,18:10:00,SC,101,"3,5",ARARANGUA,Reação tardia ou ineficiente do condutor,Colisão traseira,Com Vítimas Feridas,Anoitecer,Crescente,Nublado,Simples,Rotatória;Reta,Sim,2,0,1,0,1,0,1,2,-28.948556,-49.506251,SPRF-SC,DEL02-SC,UOP02-DEL02-SC,2025
"739608,0",2025-12-17,quarta-feira,17:30:00,SC,282,"601,2",CUNHA PORA,Reação tardia ou ineficiente do condutor,Colisão frontal,Com Vítimas Feridas,Pleno dia,Decrescente,Sol,Dupla,Reta,Não,4,0,4,0,0,0,4,2,-26.80898156,-53.16950597,SPRF-SC,DEL07-SC,UOP02-DEL07-SC,2025
"739609,0",2025-12-17,quarta-feira,21:05:00,SC,470,"67,5",INDAIAL,Desrespeitar a preferência no cruzamento,Colisão transversal,Com Vítimas Feridas,Plena Noite,Decrescente,Ignorado,Simples,Interseção de Vias;Reta;Viaduto,Sim,3,0,1,0,2,0,1,2,-26.87529167,-49.23602343,SPRF-SC,DEL04-SC,UOP01-DEL04-SC,2025
"739631,0",2025-12-17,quarta-feira,21:00:00,SC,163,"89,8",GUARACIABA,Velocidade Incompatível,Saída de leito carroçável,Sem Vítimas,Plena Noite,Crescente,Céu Claro,Dupla,Curva,Sim,1,0,0,0,0,1,0,1,-26.56744656,-53.51053029,SPRF-SC,DEL07-SC,UOP03-DEL07-SC,2025
"739641,0",2025-12-18,quinta-feira,02:30:00,SC,101,"215,0",PALHOCA,Pedestre cruzava a pista fora da faixa,Atropelamento de Pedestre,Com Vítimas Feridas,Plena Noite,Crescente,Nublado,Dupla,Reta,Sim,2,0,2,0,0,0,2,2,-27.653845,-48.678003,SPRF-SC,DEL01-SC,UOP02-DEL01-SC,2025
"739651,0",2025-12-17,quarta-feira,21:30:00,SC,163,"71,0",SAO MIGUEL DO OESTE,Acesso irregular,Tombamento,Com Vítimas Feridas,Plena Noite,Decrescente,Céu Claro,Dupla,Reta,Sim,1,0,1,0,0,0,1,1,-26.72762978,-53.51279346,SPRF-SC,DEL07-SC,UOP03-DEL07-SC,2025
"739656,0",2025-12-18,quinta-feira,05:45:00,SC,101,"105,0",PENHA,Ultrapassagem Indevida,Colisão lateral mesmo sentido,Com Vítimas Feridas,Pleno dia,Crescente,Céu Claro,Múltipla,Reta,Não,2,0,1,0,1,0,1,2,-26.80141172,-48.67928696,SPRF-SC,DEL03-SC,UOP02-DEL03-SC,2025
"739664,0",2025-12-18,quinta-feira,07:28:00,SC,282,"17,0",PALHOCA,Desrespeitar a preferência no cruzamento,Colisão lateral mesmo sentido,Com Vítimas Feridas,Pleno dia,Crescente,Céu Claro,Simples,Reta,Sim,2,0,0,1,1,0,1,2,-27.666196,-48.68897,SPRF-SC,DEL01-SC,UOP02-DEL01-SC,2025
"739667,0",2025-12-18,quinta-feira,06:45:00,SC,101,"112,2",ITAJAI,Trafegar com motocicleta (ou similar) entre as faixas,Colisão lateral mesmo sentido,Com Vítimas Feridas,Pleno dia,Crescente,Nublado,Múltipla,Reta,Sim,2,0,1,0,1,0,1,2,-26.84564757,-48.7210118,SPRF-SC,DEL04-SC,UOP04-DEL04-SC,2025