id,data_inversa,dia_semana,horario,uf,br,km,municipio,causa_acidente,tipo_acidente,classificacao_acidente,fase_dia,sentido_via,condicao_metereologica,tipo_pista,tracado_via,uso_solo,pessoas,mortos,feridos_leves,feridos_graves,ilesos,ignorados,feridos,veiculos,latitude,longitude,regional,delegacia,uop,ano_arquivo
"739699,0",2025-12-18,quinta-feira,10:00:00,SC,101,"202,7",SAO JOSE,Ausência de reação do condutor,Engavetamento,Sem Vítimas,Pleno dia,Crescente,Sol,Dupla,Reta,Sim,7,0,0,0,7,0,0,6,-27.56230832,-48.61621857,SPRF-SC,DEL01-SC,UOP01-DEL01-SC,2025
"739710,0",2025-12-18,quinta-feira,11:04:00,SC,282,"1,2",FLORIANOPOLIS,Acessar a via sem observar a presença dos outros veículos,Colisão transversal,Com Vítimas Feridas,Pleno dia,Crescente,Céu Claro,Simples,Aclive;Interseção de Vias,Sim,2,0,1,0,1,0,1,2,-27.60297116,-48.58167923,SPRF-SC,DEL01-SC,UOP01-DEL01-SC,2025
"739720,0",2025-12-18,quinta-feira,11:10:00,SC,282,"18,4",PALHOCA,Trafegar com motocicleta (ou similar) entre as faixas,Colisão traseira,Com Vítimas Feridas,Pleno dia,Crescente,Céu Claro,Simples,Reta,Sim,2,0,1,0,1,0,1,2,-27.6755053,-48.6975171,SPRF-SC,DEL01-SC,UOP02-DEL01-SC,2025
"739726,0",2025-12-18,quinta-feira,11:50:00,SC,470,"60,6",BLUMENAU,Pedestre cruzava a pista fora da faixa,Atropelamento de Pedestre,Com Vítimas Feridas,Pleno dia,Decrescente,Céu Claro,Simples,Em Obras;Reta,Não,2,0,2,0,0,0,2,2,-26.87971728,-49.17122696,SPRF-SC,DEL04-SC,UOP01-DEL04-SC,2025
"739785,0",2025-12-18,quinta-feira,17:35:00,SC,280,"28,0",ARAQUARI,Acessar a via sem observar a presença dos outros veículos,Colisão transversal,Com Vítimas Feridas,Pleno dia,Decrescente,Céu Claro,Simples,Interseção de Vias;Reta,Sim,2,0,0,1,1,0,1,2,-26.40836032,-48.74996424,SPRF-SC,DEL03-SC,UOP03-DEL03-SC,2025
"739803,0",2025-12-18,quinta-feira,19:00:00,SC,470,"173,0",RIO DO SUL,Ausência de reação do condutor,Atropelamento de Pedestre,Com Vítimas Feridas,Anoitecer,Crescente,Céu Claro,Simples,Interseção de Vias;Reta,Sim,2,0,0,1,1,0,1,2,-27.1722434,-49.5811228,SPRF-SC,DEL04-SC,UOP02-DEL04-SC,2025
"739812,0",2025-12-18,quinta-feira,20:10:00,SC,101,"201,0",SAO JOSE,Acessar a via sem observar a presença dos outros veículos,Colisão transversal,Com Vítimas Feridas,Plena Noite,Crescente,Céu Claro,Simples,Interseção de Vias,Sim,2,0,1,0,1,0,1,2,-27.551947,-48.619873,SPRF-SC,DEL01-SC,UOP01-DEL01-SC,2025
"739819,0",2025-12-18,quinta-feira,20:30:00,SC,470,"149,1",AGRONOMICA,Manobra de mudança de faixa,Colisão frontal,Com Vítimas Fatais,Plena Noite,Decrescente,Céu Claro,Simples,Curva,Sim,4,1,3,0,0,0,3,2,-27.2536857,-49.7043075,SPRF-SC,DEL04-SC,UOP02-DEL04-SC,2025
"739832,0",2025-12-18,quinta-feira,19:30:00,SC,101,"124,0",ITAJAI,Manobra de mudança de faixa,Colisão lateral mesmo sentido,Com Vítimas Feridas,Anoitecer,Crescente,Nublado,Múltipla,Reta,Não,2,0,1,0,1,0,1,2,-26.94542786,-48.68876696,SPRF-SC,DEL04-SC,UOP04-DEL04-SC,2025
"739885,0",2025-05-27,terça-feira,19:05:00,SC,282,"379,0",HERVAL DOESTE,Animais na Pista,Atropelamento de Animal,Com Vítimas Feridas,Plena Noite,Decrescente,Ignorado,Simples,Reta,Sim,1,0,1,0,0,0,1,1,-27.214573,-51.480475,SPRF-SC,DEL07-SC,UOP05-DEL07-SC,2025
"739904,0",2025-12-19,sexta-feira,08:10:00,SC,282,"4,1",SAO JOSE,Acessar a via sem observar a presença dos outros veículos,Colisão lateral mesmo sentido,Com Vítimas Feridas,Pleno dia,Crescente,Sol,Múltipla,Interseção de Vias,Sim,3,0,2,0,1,0,2,2,-27.58944538,-48.61098289,SPRF-SC,DEL01-SC,UOP01-DEL01-SC,2025
"739906,0",2025-12-19,sexta-feira,06:40:00,SC,101,"106,4",PENHA,Condutor deixou de manter distância do veículo da frente,Colisão traseira,Com Vítimas Feridas,Pleno dia,Crescente,Céu Claro,Dupla,Reta,Não,3,0,0,1,2,0,1,3,-26.81378744,-48.68329525,SPRF-SC,DEL03-SC,UOP02-DEL03-SC,2025
"739919,0",2025-12-19,sexta-feira,08:20:00,SC,282,"27,0",SANTO AMARO DA IMPERATRIZ,Acesso irregular,Colisão lateral mesmo sentido,Com Vítimas Feridas,Pleno dia,Decrescente,Céu Claro,Simples,Reta,Sim,3,0,2,0,1,0,2,2,-27.674133,-48.769393,SPRF-SC,DEL01-SC,UOP03-DEL01-SC,2025
"739925,0",2025-12-19,sexta-feira,09:20:00,SC,101,"31,0",SAO JOSE,Reação tardia ou ineficiente do condutor,Tombamento,Com Vítimas Feridas,Pleno dia,Crescente,Céu Claro,Múltipla,Rotatória,Sim,1,0,0,1,0,0,1,1,-27.58713569,-48.69320266,SPRF-SC,DEL03-SC,UOP01-DEL03-SC,2025
"739931,0",2025-12-19,sexta-feira,09:51:00,SC,470,"75,2",INDAIAL,Acessar a via sem observar a presença dos outros veículos,Colisão transversal,Com Vítimas Feridas,Pleno dia,Decrescente,Céu Claro,Simples,Reta,Não,2,0,1,0,1,0,1,2,-26.92666154,-49.2847538,SPRF-SC,DEL04-SC,UOP01-DEL04-SC,2025
"739936,0",2025-12-19,sexta-feira,10:00:00,SC,116,"206,0",PONTE ALTA,Acesso irregular,Colisão transversal,Com Vítimas Feridas,Pleno dia,Crescente,Céu Claro,Simples,Declive;Reta,Sim,2,0,1,0,1,0,1,2,-27.47898716,-50.3805542,SPRF-SC,DEL05-SC,UOP03-DEL05-SC,2025
"739961,0",2025-12-19,sexta-feira,10:00:00,SC,153,"110,6",CONCORDIA,Conversão proibida,Colisão frontal,Com Vítimas Feridas,Pleno dia,Crescente,Céu Claro,Simples,Reta,Não,3,0,2,0,1,0,2,2,-27.323407,-51.98152,SPRF-SC,DEL07-SC,UOP04-DEL07-SC,2025
"739981,0",2025-12-19,sexta-feira,14:20:00,SC,282,"37,0",AGUAS MORNAS,Ausência de reação do condutor,Colisão traseira,Com Vítimas Feridas,Pleno dia,Decrescente,Céu Claro,Simples,Curva,Não,2,0,1,0,1,0,1,2,-27.70800339,-48.84926884,SPRF-SC,DEL01-SC,UOP03-DEL01-SC,2025
"740015,0",2025-12-19,sexta-feira,16:10:00,SC,280,"67,9",JARAGUA DO SUL,Ausência de reação do condutor,Colisão traseira,Sem Vítimas,Pleno dia,Decrescente,Céu Claro,Simples,Reta,Sim,2,0,0,0,1,1,0,2,-26.472542,-49.111378,SPRF-SC,DEL03-SC,UOP03-DEL03-SC,2025
"740016,0",2025-12-19,sexta-feira,16:30:00,SC,101,"16,0",BIGUACU,Ausência de reação do condutor,Colisão traseira,Com Vítimas Feridas,Pleno dia,Decrescente,Céu Claro,Dupla,Reta,Não,2,0,1,0,1,0,1,2,-27.455947,-48.7163,SPRF-SC,DEL01-SC,UOP01-DEL01-SC,2025
"740017,0",2025-12-19,sexta-feira,16:20:00,SC,101,"380,8",ICARA,Velocidade Incompatível,Colisão transversal,Com Vítimas Feridas,Pleno dia,Crescente,Céu Claro,Múltipla,Reta,Não,2,0,1,0,0,1,1,2,-28.762437,-49.290508,SPRF-SC,DEL02-SC,UOP02-DEL02-SC,2025
"740020,0",2025-12-19,sexta-feira,16:00:00,SC,470,"14,0",ILHOTA,Demais falhas mecânicas ou elétricas,Incêndio,Sem Vítimas,Pleno dia,Decrescente,Céu Claro,Dupla,Reta,Não,1,0,0,0,1,0,0,1,-26.84317603,-48.79427701,SPRF-SC,DEL04-SC,UOP04-DEL04-SC,2025
"740021,0",2025-12-11,quinta-feira,18:00:00,SC,116,"1,7",MAFRA,Acessar a via sem observar a presença dos outros veículos,Tombamento,Com Vítimas Feridas,Pleno dia,Decrescente,Céu Claro,Simples,Interseção de Vias,Sim,2,0,1,0,0,1,1,2,-26.122157,-49.791289,SPRF-SC,DEL06-SC,UOP01-DEL06-SC,2025
"740031,0",2025-12-19,sexta-feira,14:15:00,SC,280,"131,0",RIO NEGRINHO,Pedestre andava na pista,Atropelamento de Pedestre,Com Vítimas Feridas,Pleno dia,Crescente,Céu Claro,Simples,Aclive;Reta;Interseção de Vias,Sim,2,0,0,1,1,0,1,2,-26.2559,-49.53976,SPRF-SC,DEL06-SC,UOP03-DEL06-SC,2025
"740032,0",2025-12-19,sexta-feira,13:10:00,SC,282,"56,5",RANCHO QUEIMADO,Ausência de reação do condutor,Saída de leito carroçável,Com Vítimas Feridas,Pleno dia,Crescente,Céu Claro,Simples,Curva,Não,2,0,1,1,0,0,2,1,-27.68773591,-48.99379916,SPRF-SC,DEL01-SC,UOP03-DEL01-SC,2025
"740033,0",2025-12-19,sexta-feira,17:20:00,SC,282,"20,0",PALHOCA,Condutor deixou de manter distância do veículo da frente,Colisão traseira,Com Vítimas Feridas,Pleno dia,Crescente,Nublado,Simples,Reta,Não,4,0,1,0,3,0,1,4,-27.68464738,-48.71088378,SPRF-SC,DEL01-SC,UOP02-DEL01-SC,2025
"740037,0",2025-12-19,sexta-feira,16:50:00,SC,101,"136,0",BALNEARIO CAMBORIU,Ausência de reação do condutor,Colisão traseira,Com Vítimas Feridas,Pleno dia,Crescente,Céu Claro,Dupla,Ponte;Reta,Sim,2,0,1,0,1,0,1,2,-27.006593,-48.621254,SPRF-SC,DEL04-SC,UOP03-DEL04-SC,2025
"740047,0",2025-12-19,sexta-feira,17:50:00,SC,101,"111,0",NAVEGANTES,Condutor deixou de manter distância do veículo da frente,Colisão traseira,Com Vítimas Feridas,Anoitecer,Crescente,Céu Claro,Dupla,Reta,Não,2,0,1,0,1,0,1,2,-26.84210387,-48.71608526,SPRF-SC,DEL04-SC,UOP04-DEL04-SC,2025
"740054,0",2025-12-19,sexta-feira,18:40:00,SC,280,"28,4",ARAQUARI,Trafegar com motocicleta (ou similar) entre as faixas,Colisão transversal,Com Vítimas Feridas,Anoitecer,Crescente,Céu Claro,Simples,Reta,Sim,2,0,0,1,1,0,1,2,-26.407288,-48.74883,SPRF-SC,DEL03-SC,UOP03-DEL03-SC,2025
"740055,0",2025-12-19,sexta-feira,16:20:00,SC,282,"596,0",CUNHA PORA,Manobra de mudança de faixa,Colisão lateral mesmo sentido,Sem Vítimas,Pleno dia,Crescente,Sol,Simples,Reta,Não,2,0,0,0,2,0,0,2,-26.82936439,-53.13176807,SPRF-SC,DEL07-SC,UOP02-DEL07-SC,2025
"740058,0",2025-12-19,sexta-feira,18:15:00,SC,280,"4,3",SAO FRANCISCO DO SUL,Trafegar com motocicleta (ou similar) entre as faixas,Colisão lateral mesmo sentido,Com Vítimas Feridas,Anoitecer,Decrescente,Céu Claro,Simples,Reta,Sim,2,0,1,0,1,0,1,2,-26.25563,-48.621245,SPRF-SC,DEL03-SC,UOP03-DEL03-SC,2025
"740063,0",2025-12-19,sexta-feira,19:00:00,SC,101,"126,0",ITAJAI,Trafegar com motocicleta (ou similar) entre as faixas,Colisão lateral mesmo sentido,Com Vítimas Feridas,Anoitecer,Crescente,Céu Claro,Dupla,Reta,Não,3,0,1,0,2,0,1,2,-26.96166653,-48.68183613,SPRF-SC,DEL04-SC,UOP04-DEL04-SC,2025
"740094,0",2025-12-19,sexta-feira,18:45:00,SC,282,"494,4",XANXERE,Transitar na contramão,Colisão lateral sentido oposto,Sem Vítimas,Plena Noite,Decrescente,Céu Claro,Simples,Declive;Curva,Não,3,0,0,0,3,0,0,3,-26.869413,-52.315282,SPRF-SC,DEL07-SC,UOP01-DEL07-SC,2025
"740111,0",2025-12-19,sexta-feira,20:30:00,SC,153,"13,4",AGUA DOCE,Ausência de reação do condutor,Saída de leito carroçável,Com Vítimas Feridas,Plena Noite,Decrescente,Céu Claro,Simples,Interseção de Vias,Não,1,0,1,0,0,0,1,1,-26.6986127,-51.5746618,SPRF-SC,DEL07-SC,UOP07-DEL07-SC,2025
"740120,0",2025-12-19,sexta-feira,22:45:00,SC,101,"194,7",BIGUACU,Pedestre cruzava a pista fora da faixa,Atropelamento de Pedestre,Com Vítimas Fatais,Plena Noite,Crescente,Céu Claro,Dupla,Reta,Sim,3,1,0,0,2,0,0,2,-27.50304,-48.65186,SPRF-SC,DEL01-SC,UOP01-DEL01-SC,2025
"740131,0",2025-12-19,sexta-feira,21:25:00,SC,282,"216,0",LAGES,Transitar na contramão,Colisão frontal,Com Vítimas Feridas,Plena Noite,Decrescente,Nublado,Simples,Reta,Sim,3,0,0,1,1,1,1,3,-27.7959653,-50.2864106,SPRF-SC,DEL05-SC,UOP01-DEL05-SC,2025
"740138,0",2025-12-19,sexta-feira,23:15:00,SC,101,"24,3",JOINVILLE,Ultrapassagem Indevida,Colisão frontal,Sem Vítimas,Plena Noite,Decrescente,Céu Claro,Simples,Reta,Sim,2,0,0,0,2,0,0,2,-26.17892807,-48.90866367,SPRF-SC,DEL03-SC,UOP01-DEL03-SC,2025
"740146,0",2025-12-20,sábado,00:10:00,SC,101,"208,5",SAO JOSE,Velocidade Incompatível,Colisão traseira,Com Vítimas Feridas,Plena Noite,Decrescente,Céu Claro,Múltipla,Reta;Declive,Sim,3,0,0,2,1,0,2,2,-27.606607,-48.635245,SPRF-SC,DEL01-SC,UOP01-DEL01-SC,2025
"740149,0",2025-12-20,sábado,00:15:00,SC,282,"410,0",CATANDUVAS,Ingestão de álcool pelo condutor,Colisão transversal,Sem Vítimas,Plena Noite,Decrescente,Céu Claro,Simples,Rotatória,Não,5,0,0,0,5,0,0,2,-27.0702168,-51.6632349,SPRF-SC,DEL07-SC,UOP05-DEL07-SC,2025
"740163,0",2025-12-20,sábado,00:30:00,SC,101,"48,2",JOINVILLE,Ausência de reação do condutor,Saída de leito carroçável,Sem Vítimas,Plena Noite,Decrescente,Céu Claro,Dupla,Reta,Sim,1,0,0,0,1,0,0,1,-26.39413415,-48.83876547,SPRF-SC,DEL03-SC,UOP01-DEL03-SC,2025
"740168,0",2025-12-20,sábado,02:00:00,SC,282,"6,0",SAO JOSE,Ausência de reação do condutor,Colisão com objeto,Com Vítimas Feridas,Plena Noite,Decrescente,Céu Claro,Dupla,Curva,Sim,1,0,1,0,0,0,1,1,-27.584246,-48.616691,SPRF-SC,DEL01-SC,UOP01-DEL01-SC,2025
"740169,0",2025-12-20,sábado,00:50:00,SC,282,"507,3",XANXERE,Reação tardia ou ineficiente do condutor,Colisão transversal,Com Vítimas Feridas,Plena Noite,Crescente,Nublado,Simples,Reta;Declive,Não,9,0,2,1,5,1,3,5,-26.88805301,-52.45298887,SPRF-SC,DEL07-SC,UOP01-DEL07-SC,2025
"740185,0",2025-12-20,sábado,04:55:00,SC,101,"156,0",PORTO BELO,Demais falhas mecânicas ou elétricas,Saída de leito carroçável,Sem Vítimas,Amanhecer,Crescente,Céu Claro,Dupla,Reta,Sim,1,0,0,0,1,0,0,1,-27.180003,-48.612051,SPRF-SC,DEL04-SC,UOP03-DEL04-SC,2025
"740187,0",2025-12-20,sábado,03:35:00,SC,116,"49,2",PAPANDUVA,Demais falhas mecânicas ou elétricas,Incêndio,Sem Vítimas,Plena Noite,Crescente,Céu Claro,Simples,Reta,Não,2,0,0,0,1,1,0,2,-26.371618,-50.126332,SPRF-SC,DEL06-SC,UOP01-DEL06-SC,2025
"740189,0",2025-12-20,sábado,03:00:00,SC,101,"149,0",ITAPEMA,Ingestão de álcool pelo condutor,Colisão com objeto,Sem Vítimas,Plena Noite,Decrescente,Céu Claro,Dupla,Reta,Não,1,0,0,0,0,1,0,1,-27.11410432,-48.60973684,SPRF-SC,DEL04-SC,UOP03-DEL04-SC,2025
"740202,0",2025-12-20,sábado,00:15:00,SC,280,"94,0",CORUPA,Demais falhas mecânicas ou elétricas,Incêndio,Sem Vítimas,Plena Noite,Crescente,Céu Claro,Simples,Reta;Aclive,Não,1,0,0,0,1,0,0,1,-26.38574,-49.30344,SPRF-SC,DEL06-SC,UOP03-DEL06-SC,2025
"740231,0",2025-11-12,quarta-feira,07:17:00,SC,280,"58,3",GUARAMIRIM,Trafegar com motocicleta (ou similar) entre as faixas,Atropelamento de Pedestre,Com Vítimas Feridas,Pleno dia,Crescente,Céu Claro,Dupla,Reta,Sim,2,0,1,0,0,1,1,2,-26.474602,-49.026587,SPRF-SC,DEL03-SC,UOP03-DEL03-SC,2025
"740235,0",2025-12-20,sábado,09:00:00,SC,101,"119,0",ITAJAI,Trafegar com motocicleta (ou similar) entre as faixas,Colisão lateral mesmo sentido,Com Vítimas Feridas,Pleno dia,Crescente,Nublado,Múltipla,Reta,Sim,2,0,1,0,1,0,1,2,-26.90953586,-48.71294372,SPRF-SC,DEL04-SC,UOP04-DEL04-SC,2025
"740261,0",2025-12-20,sábado,10:30:00,SC,101,"204,9",SAO JOSE,Condutor deixou de manter distância do veículo da frente,Engavetamento,Sem Vítimas,Pleno dia,Crescente,Sol,Dupla,Reta,Não,4,0,0,0,4,0,0,4,-27.57760127,-48.61342907,SPRF-SC,DEL01-SC,UOP01-DEL01-SC,2025
"740264,0",2025-12-20,sábado,10:30:00,SC,101,"205,5",SAO JOSE,Acumulo de areia ou detritos sobre o pavimento,Queda de ocupante de veículo,Com Vítimas Feridas,Pleno dia,Crescente,Céu Claro,Múltipla,Reta,Sim,1,0,1,0,0,0,1,1,-27.58227676,-48.6150798,SPRF-SC,DEL01-SC,UOP01-DEL01-SC,2025
"740265,0",2025-12-20,sábado,11:00:00,SC,101,"124,0",ITAJAI,Manobra de mudança de faixa,Colisão lateral mesmo sentido,Com Vítimas Feridas,Pleno dia,Decrescente,Céu Claro,Múltipla,Reta,Sim,2,0,1,0,1,0,1,2,-26.94602084,-48.68677139,SPRF-SC,DEL04-SC,UOP04-DEL04-SC,2025
"740271,0",2025-12-20,sábado,11:45:00,SC,282,"17,4",PALHOCA,Desrespeitar a preferência no cruzamento,Colisão transversal,Com Vítimas Feridas,Pleno dia,Decrescente,Céu Claro,Simples,Retorno Regulamentado,Não,4,0,1,0,3,0,1,2,-27.66922343,-48.69105069,SPRF-SC,DEL01-SC,UOP02-DEL01-SC,2025
"740281,0",2025-12-20,sábado,13:00:00,SC,470,"18,0",ILHOTA,Reação tardia ou ineficiente do condutor,Saída de leito carroçável,Com Vítimas Feridas,Pleno dia,Crescente,Sol,Dupla,Reta,Não,2,0,2,0,0,0,2,1,-26.85615236,-48.80948514,SPRF-SC,DEL04-SC,UOP04-DEL04-SC,2025
"740296,0",2025-12-20,sábado,12:45:00,SC,282,"4,5",SAO JOSE,Reação tardia ou ineficiente do condutor,Colisão traseira,Com Vítimas Feridas,Pleno dia,Decrescente,Sol,Dupla,Reta,Sim,4,0,2,0,2,0,2,2,-27.59081,-48.60851,SPRF-SC,DEL01-SC,UOP01-DEL01-SC,2025
"740301,0",2025-12-20,sábado,13:30:00,SC,282,"549,3",CHAPECO,Acessar a via sem observar a presença dos outros veículos,Colisão transversal,Com Vítimas Feridas,Pleno dia,Crescente,Sol,Simples,Reta,Não,6,0,3,0,2,1,3,3,-26.964072,-52.760032,SPRF-SC,DEL07-SC,UOP01-DEL07-SC,2025
"740315,0",2025-12-20,sábado,13:35:00,SC,101,"211,5",PALHOCA,Manobra de mudança de faixa,Colisão com objeto,Sem Vítimas,Pleno dia,Crescente,Céu Claro,Múltipla,Reta,Sim,1,0,0,0,1,0,0,1,-27.6262326,-48.65548309,SPRF-SC,DEL01-SC,UOP02-DEL01-SC,2025
"740344,0",2025-12-20,sábado,15:40:00,SC,282,"174,0",BOCAINA DO SUL,Ausência de reação do condutor,Saída de leito carroçável,Com Vítimas Feridas,Pleno dia,Crescente,Céu Claro,Simples,Declive;Curva,Não,2,0,2,0,0,0,2,1,-27.74085958,-49.89442742,SPRF-SC,DEL05-SC,UOP01-DEL05-SC,2025
"740356,0",2025-12-20,sábado,17:05:00,SC,101,"95,5",BARRA VELHA,Condutor deixou de manter distância do veículo da frente,Colisão traseira,Com Vítimas Feridas,Pleno dia,Crescente,Céu Claro,Dupla,Reta;Aclive,Não,2,0,1,0,1,0,1,2,-26.71617376,-48.7027359,SPRF-SC,DEL03-SC,UOP02-DEL03-SC,2025
"740361,0",2025-12-20,sábado,17:20:00,SC,280,"79,0",CORUPA,Transitar na contramão,Colisão frontal,Com Vítimas Feridas,Pleno dia,Crescente,Céu Claro,Simples,Reta,Não,4,0,2,0,1,1,2,3,-26.440333,-49.219085,SPRF-SC,DEL06-SC,UOP03-DEL06-SC,2025
"740380,0",2025-12-20,sábado,19:40:00,SC,101,"289,0",IMBITUBA,Avarias e/ou desgaste excessivo no pneu,Tombamento,Com Vítimas Feridas,Plena Noite,Crescente,Vento,Dupla,Reta,Não,2,0,2,0,0,0,2,1,-28.27980075,-48.70125961,SPRF-SC,DEL02-SC,UOP03-DEL02-SC,2025
"740394,0",2025-12-20,sábado,20:20:00,SC,280,"25,0",ARAQUARI,Velocidade Incompatível,Saída de leito carroçável,Com Vítimas Feridas,Plena Noite,Crescente,Nublado,Simples,Reta;Ponte,Sim,2,0,2,0,0,0,2,1,-26.38326519,-48.72661829,SPRF-SC,DEL03-SC,UOP03-DEL03-SC,2025
"740399,0",2025-12-20,sábado,20:45:00,SC,101,"53,0",JOINVILLE,Demais falhas mecânicas ou elétricas,Incêndio,Sem Vítimas,Plena Noite,Decrescente,Céu Claro,Dupla,Reta,Não,1,0,0,0,1,0,0,1,-26.4034577,-48.83898608,SPRF-SC,DEL03-SC,UOP01-DEL03-SC,2025
"740420,0",2025-12-20,sábado,22:15:00,SC,470,"126,0",LONTRAS,Pedestre - Ingestão de álcool/ substâncias psicoativas,Atropelamento de Pedestre,Com Vítimas Feridas,Plena Noite,Decrescente,Nublado,Simples,Reta,Não,3,0,0,1,2,0,1,2,-27.12146066,-49.53564763,SPRF-SC,DEL04-SC,UOP02-DEL04-SC,2025
"740435,0",2025-12-21,domingo,00:00:00,SC,116,"5,5",MAFRA,Ausência de reação do condutor,Colisão transversal,Com Vítimas Feridas,Plena Noite,Crescente,Céu Claro,Simples,Reta,Sim,2,0,0,1,1,0,1,2,-26.145223,-49.821637,SPRF-SC,DEL06-SC,UOP01-DEL06-SC,2025
"740467,0",2025-12-21,domingo,04:00:00,SC,101,"202,9",SAO JOSE,Ausência de reação do condutor,Queda de ocupante de veículo,Com Vítimas Fatais,Plena Noite,Decrescente,Nublado,Múltipla,Declive;Reta,Sim,4,1,0,1,0,2,1,2,-27.56429288,-48.61479012,SPRF-SC,DEL01-SC,UOP01-DEL01-SC,2025
"740476,0",2025-12-21,domingo,04:00:00,SC,101,"134,0",BALNEARIO CAMBORIU,Ausência de reação do condutor,Saída de leito carroçável,Sem Vítimas,Plena Noite,Decrescente,Céu Claro,Dupla,Reta,Sim,1,0,0,0,0,1,0,1,-27.00190882,-48.63225818,SPRF-SC,DEL04-SC,UOP03-DEL04-SC,2025
"740483,0",2025-12-21,domingo,04:28:00,SC,101,"190,1",BIGUACU,Ausência de reação do condutor,Colisão com objeto,Com Vítimas Fatais,Plena Noite,Decrescente,Garoa/Chuvisco,Dupla,Reta,Não,2,1,0,1,0,0,1,1,-27.469803,-48.64139,SPRF-SC,DEL01-SC,UOP01-DEL01-SC,2025
"740487,0",2025-12-21,domingo,04:00:00,SC,282,"187,0",BOCAINA DO SUL,Reação tardia ou ineficiente do condutor,Colisão lateral mesmo sentido,Sem Vítimas,Plena Noite,Decrescente,Nublado,Simples,Reta;Aclive,Não,4,0,0,0,4,0,0,2,-27.7376,-50.01088,SPRF-SC,DEL05-SC,UOP01-DEL05-SC,2025
"740500,0",2025-12-21,domingo,07:50:00,SC,470,"53,2",BLUMENAU,Manobra de mudança de faixa,Colisão lateral mesmo sentido,Com Vítimas Feridas,Pleno dia,Crescente,Céu Claro,Simples,Em Obras;Reta,Sim,3,0,3,0,0,0,3,2,-26.86210009,-49.09445493,SPRF-SC,DEL04-SC,UOP01-DEL04-SC,2025
"740501,0",2025-12-21,domingo,07:55:00,SC,470,"55,0",BLUMENAU,Condutor Dormindo,Colisão lateral sentido oposto,Sem Vítimas,Pleno dia,Crescente,Céu Claro,Simples,Em Obras;Reta,Não,2,0,0,0,2,0,0,2,-26.8764444,-49.12353007,SPRF-SC,DEL04-SC,UOP01-DEL04-SC,2025
"740502,0",2025-12-21,domingo,07:30:00,SC,470,"85,0",RODEIO,Condutor deixou de manter distância do veículo da frente,Colisão lateral mesmo sentido,Com Vítimas Feridas,Pleno dia,Crescente,Nublado,Simples,Reta,Sim,3,0,2,0,1,0,2,2,-26.9587911,-49.34734281,SPRF-SC,DEL04-SC,UOP01-DEL04-SC,2025
"740505,0",2025-12-21,domingo,06:45:00,SC,101,"233,0",PALHOCA,Manobra de mudança de faixa,Colisão lateral mesmo sentido,Com Vítimas Feridas,Pleno dia,Crescente,Céu Claro,Dupla,Reta,Não,3,0,1,0,2,0,1,2,-27.80346561,-48.6382045,SPRF-SC,DEL01-SC,UOP02-DEL01-SC,2025
"740513,0",2025-12-09,terça-feira,16:30:00,SC,470,"193,6",POUSO REDONDO,Velocidade Incompatível,Colisão frontal,Com Vítimas Feridas,Pleno dia,Crescente,Nublado,Simples,Aclive;Curva,Não,5,0,3,2,0,0,5,2,-27.30155,-50.07969,SPRF-SC,DEL04-SC,UOP02-DEL04-SC,2025
"740531,0",2025-12-21,domingo,09:00:00,SC,163,"106,2",SAO JOSE DO CEDRO,Acessar a via sem observar a presença dos outros veículos,Colisão lateral mesmo sentido,Com Vítimas Feridas,Pleno dia,Crescente,Nublado,Múltipla,Curva;Interseção de Vias,Sim,3,0,1,1,1,0,2,2,-26.43305393,-53.5190417,SPRF-SC,DEL07-SC,UOP03-DEL07-SC,2025
"740539,0",2025-12-21,domingo,11:15:00,SC,101,"130,0",CAMBORIU,Trafegar com motocicleta (ou similar) entre as faixas,Queda de ocupante de veículo,Com Vítimas Feridas,Pleno dia,Decrescente,Céu Claro,Dupla,Curva,Não,1,0,1,0,0,0,1,1,-26.98615638,-48.66677284,SPRF-SC,DEL04-SC,UOP03-DEL04-SC,2025
"740542,0",2025-12-21,domingo,11:20:00,SC,282,"21,5",PALHOCA,Transitar na contramão,Colisão lateral sentido oposto,Com Vítimas Feridas,Pleno dia,Decrescente,Nublado,Simples,Reta,Sim,5,0,1,0,4,0,1,2,-27.688627,-48.723482,SPRF-SC,DEL01-SC,UOP02-DEL01-SC,2025
"740553,0",2025-12-21,domingo,11:20:00,SC,101,"415,8",ARARANGUA,Pedestre andava na pista,Atropelamento de Pedestre,Com Vítimas Feridas,Pleno dia,Decrescente,Nublado,Múltipla,Reta,Sim,2,0,0,1,1,0,1,2,-28.96994,-49.526187,SPRF-SC,DEL02-SC,UOP02-DEL02-SC,2025
"740566,0",2025-12-21,domingo,08:00:00,SC,280,"216,3",TRES BARRAS,Reação tardia ou ineficiente do condutor,Capotamento,Com Vítimas Feridas,Pleno dia,Crescente,Céu Claro,Simples,Declive;Reta,Não,7,0,2,0,5,0,2,5,-26.18012116,-50.22664515,SPRF-SC,DEL06-SC,UOP04-DEL06-SC,2025
"740609,0",2025-12-21,domingo,16:45:00,SC,282,"42,5",AGUAS MORNAS,Acessar a via sem observar a presença dos outros veículos,Colisão transversal,Com Vítimas Feridas,Pleno dia,Decrescente,Céu Claro,Simples,Reta,Sim,5,0,1,0,4,0,1,2,-27.719882,-48.89309,SPRF-SC,DEL01-SC,UOP03-DEL01-SC,2025