id,data_inversa,dia_semana,horario,uf,br,km,municipio,causa_acidente,tipo_acidente,classificacao_acidente,fase_dia,sentido_via,condicao_metereologica,tipo_pista,tracado_via,uso_solo,pessoas,mortos,feridos_leves,feridos_graves,ilesos,ignorados,feridos,veiculos,latitude,longitude,regional,delegacia,uop,ano_arquivo
"740620,0",2025-12-21,domingo,18:05:00,SC,101,"210,8",SAO JOSE,Condutor usando celular,Colisão com objeto,Com Vítimas Feridas,Pleno dia,Crescente,Nublado,Dupla,Reta,Sim,1,0,0,1,0,0,1,1,-27.622273,-48.651428,SPRF-SC,DEL01-SC,UOP01-DEL01-SC,2025
"740627,0",2025-12-21,domingo,18:40:00,SC,101,"139,0",BALNEARIO CAMBORIU,Ausência de reação do condutor,Tombamento,Com Vítimas Feridas,Anoitecer,Decrescente,Nublado,Dupla,Túnel;Reta,Não,1,0,0,1,0,0,1,1,-27.03385744,-48.60459119,SPRF-SC,DEL04-SC,UOP03-DEL04-SC,2025
"740650,0",2025-12-21,domingo,20:30:00,SC,101,"206,0",SAO JOSE,Ultrapassagem Indevida,Colisão lateral mesmo sentido,Com Vítimas Feridas,Pleno dia,Crescente,Céu Claro,Múltipla,Retorno Regulamentado;Reta;Interseção de Vias,Sim,3,0,1,0,0,2,1,3,-27.593575,-48.619072,SPRF-SC,DEL01-SC,UOP01-DEL01-SC,2025
"740664,0",2025-12-21,domingo,20:35:00,SC,116,"38,0",ITAIOPOLIS,Ingestão de álcool pelo condutor,Saída de leito carroçável,Com Vítimas Feridas,Plena Noite,Crescente,Céu Claro,Simples,Declive;Reta,Não,2,0,2,0,0,0,2,1,-26.343009,-50.034738,SPRF-SC,DEL06-SC,UOP01-DEL06-SC,2025
"740669,0",2025-12-21,domingo,21:50:00,SC,101,"160,0",PORTO BELO,Reação tardia ou ineficiente do condutor,Colisão traseira,Com Vítimas Feridas,Plena Noite,Decrescente,Céu Claro,Dupla,Reta,Não,2,0,0,1,1,0,1,2,-27.20713351,-48.61887932,SPRF-SC,DEL04-SC,UOP03-DEL04-SC,2025
"740703,0",2025-12-21,domingo,22:40:00,SC,116,"106,2",MONTE CASTELO,Ingestão de álcool pelo condutor,Saída de leito carroçável,Com Vítimas Feridas,Plena Noite,Decrescente,Céu Claro,Simples,Curva;Declive,Não,1,0,1,0,0,0,1,1,-26.75467364,-50.32060146,SPRF-SC,DEL06-SC,UOP02-DEL06-SC,2025
"740722,0",2025-12-22,segunda-feira,02:00:00,SC,101,"205,2",SAO JOSE,Ingestão de álcool pelo condutor,Tombamento,Sem Vítimas,Pleno dia,Crescente,Céu Claro,Dupla,Reta,Sim,1,0,0,0,1,0,0,1,-27.58501,-48.61589,SPRF-SC,DEL01-SC,UOP01-DEL01-SC,2025
"740724,0",2025-12-22,segunda-feira,02:10:00,SC,101,"382,0",ICARA,Ausência de reação do condutor,Tombamento,Com Vítimas Feridas,Plena Noite,Crescente,Céu Claro,Dupla,Reta,Sim,1,0,0,1,0,0,1,1,-28.76043607,-49.28466797,SPRF-SC,DEL02-SC,UOP02-DEL02-SC,2025
"740732,0",2025-12-22,segunda-feira,04:35:00,SC,101,"112,0",NAVEGANTES,Demais falhas mecânicas ou elétricas,Queda de ocupante de veículo,Com Vítimas Feridas,Plena Noite,Crescente,Nublado,Dupla,Reta,Não,1,0,1,0,0,0,1,1,-26.84270098,-48.71726274,SPRF-SC,DEL04-SC,UOP04-DEL04-SC,2025
"740771,0",2025-12-21,domingo,22:45:00,SC,470,"64,5",INDAIAL,Condutor Dormindo,Colisão transversal,Com Vítimas Feridas,Plena Noite,Decrescente,Nublado,Simples,Em Obras,Sim,7,0,6,1,0,0,7,2,-26.86983571,-49.20462783,SPRF-SC,DEL04-SC,UOP01-DEL04-SC,2025
"740783,0",2025-12-22,segunda-feira,09:00:00,SC,101,"209,2",SAO JOSE,Manobra de mudança de faixa,Colisão lateral mesmo sentido,Com Vítimas Feridas,Pleno dia,Decrescente,Nublado,Dupla,Reta,Sim,2,0,1,0,1,0,1,2,-27.61064934,-48.63915531,SPRF-SC,DEL01-SC,UOP01-DEL01-SC,2025
"740790,0",2025-12-22,segunda-feira,08:50:00,SC,101,"148,7",ITAPEMA,Acessar a via sem observar a presença dos outros veículos,Colisão traseira,Com Vítimas Feridas,Pleno dia,Decrescente,Céu Claro,Simples,Reta,Sim,2,0,1,0,0,1,1,2,-27.10694984,-48.61548364,SPRF-SC,DEL04-SC,UOP03-DEL04-SC,2025
"740809,0",2025-12-22,segunda-feira,11:12:00,SC,470,"34,7",GASPAR,Condutor deixou de manter distância do veículo da frente,Colisão traseira,Com Vítimas Feridas,Pleno dia,Crescente,Céu Claro,Dupla,Reta;Em Obras;Desvio Temporário,Sim,2,0,1,0,1,0,1,2,-26.91201851,-48.95580769,SPRF-SC,DEL04-SC,UOP01-DEL04-SC,2025
"740831,0",2025-12-22,segunda-feira,13:20:00,SC,101,"80,0",BARRA VELHA,Avarias e/ou desgaste excessivo no pneu,Tombamento,Com Vítimas Feridas,Pleno dia,Crescente,Sol,Dupla,Reta;Aclive,Não,2,0,2,0,0,0,2,1,-26.60608753,-48.72427789,SPRF-SC,DEL03-SC,UOP02-DEL03-SC,2025
"740862,0",2025-12-22,segunda-feira,15:10:00,SC,282,"641,0",DESCANSO,Conversão proibida,Colisão transversal,Com Vítimas Feridas,Pleno dia,Crescente,Nublado,Dupla,Reta,Não,4,0,2,2,0,0,4,2,-26.77816628,-53.45961783,SPRF-SC,DEL07-SC,UOP03-DEL07-SC,2025
"740870,0",2025-12-22,segunda-feira,16:14:00,SC,282,"19,7",PALHOCA,Reação tardia ou ineficiente do condutor,Colisão traseira,Com Vítimas Feridas,Pleno dia,Crescente,Nublado,Simples,Reta;Declive;Interseção de Vias,Sim,2,0,0,1,1,0,1,2,-27.6824,-48.7076,SPRF-SC,DEL01-SC,UOP02-DEL01-SC,2025
"740875,0",2025-12-22,segunda-feira,14:30:00,SC,101,"91,1",BARRA VELHA,Acessar a via sem observar a presença dos outros veículos,Colisão transversal,Com Vítimas Feridas,Pleno dia,Decrescente,Céu Claro,Dupla,Viaduto,Sim,3,0,2,0,1,0,2,2,-26.6804388,-48.69265311,SPRF-SC,DEL03-SC,UOP02-DEL03-SC,2025
"740881,0",2025-12-22,segunda-feira,17:00:00,SC,282,"15,8",PALHOCA,Ausência de reação do condutor,Colisão lateral mesmo sentido,Com Vítimas Feridas,Pleno dia,Crescente,Céu Claro,Simples,Reta,Não,3,0,1,0,2,0,1,3,-27.65927254,-48.68039578,SPRF-SC,DEL01-SC,UOP02-DEL01-SC,2025
"740883,0",2025-12-22,segunda-feira,14:10:00,SC,280,"25,4",ARAQUARI,Ausência de reação do condutor,Colisão traseira,Com Vítimas Feridas,Pleno dia,Crescente,Céu Claro,Simples,Reta,Sim,3,0,1,0,2,0,1,2,-26.38603588,-48.72977257,SPRF-SC,DEL03-SC,UOP03-DEL03-SC,2025
"740899,0",2025-12-22,segunda-feira,13:30:00,SC,282,"177,0",BOCAINA DO SUL,Acessar a via sem observar a presença dos outros veículos,Colisão lateral mesmo sentido,Sem Vítimas,Pleno dia,Crescente,Céu Claro,Simples,Aclive;Reta,Não,4,0,0,0,4,0,0,2,-27.73994,-49.912,SPRF-SC,DEL05-SC,UOP01-DEL05-SC,2025
"740901,0",2025-12-22,segunda-feira,18:00:00,SC,282,"3,5",SAO JOSE,Manobra de mudança de faixa,Colisão lateral mesmo sentido,Com Vítimas Feridas,Anoitecer,Crescente,Nublado,Dupla,Reta,Não,3,0,0,1,2,0,1,3,-27.590437,-48.608443,SPRF-SC,DEL01-SC,UOP01-DEL01-SC,2025
"740919,0",2025-12-22,segunda-feira,19:20:00,SC,101,"204,0",SAO JOSE,Ausência de reação do condutor,Queda de ocupante de veículo,Com Vítimas Feridas,Plena Noite,Crescente,Céu Claro,Múltipla,Reta,Sim,2,0,1,0,1,0,1,2,-27.57252719,-48.61386392,SPRF-SC,DEL01-SC,UOP01-DEL01-SC,2025
"740920,0",2025-12-22,segunda-feira,19:00:00,SC,101,"116,3",ITAJAI,Trafegar com motocicleta (ou similar) entre as faixas,Colisão traseira,Com Vítimas Feridas,Plena Noite,Crescente,Nublado,Dupla,Reta,Sim,2,0,1,0,1,0,1,2,-26.88404987,-48.72390981,SPRF-SC,DEL04-SC,UOP04-DEL04-SC,2025
"740925,0",2025-12-22,segunda-feira,19:50:00,SC,101,"91,0",BARRA VELHA,Pedestre cruzava a pista fora da faixa,Atropelamento de Pedestre,Com Vítimas Feridas,Plena Noite,Crescente,Nublado,Múltipla,Reta,Não,2,0,2,0,0,0,2,2,-26.67741594,-48.69209139,SPRF-SC,DEL03-SC,UOP02-DEL03-SC,2025
"740940,0",2025-12-22,segunda-feira,20:55:00,SC,101,"211,9",PALHOCA,Condutor deixou de manter distância do veículo da frente,Colisão traseira,Com Vítimas Feridas,Plena Noite,Decrescente,Nublado,Dupla,Reta,Sim,2,0,1,1,0,0,2,2,-27.6295,-48.6582,SPRF-SC,DEL01-SC,UOP02-DEL01-SC,2025
"740954,0",2025-12-22,segunda-feira,22:19:00,SC,282,"16,4",PALHOCA,Condutor deixou de manter distância do veículo da frente,Colisão transversal,Com Vítimas Feridas,Plena Noite,Crescente,Céu Claro,Simples,Reta,Não,2,0,1,0,1,0,1,2,-27.66967997,-48.68861139,SPRF-SC,DEL01-SC,UOP02-DEL01-SC,2025
"740956,0",2025-12-22,segunda-feira,22:00:00,SC,101,"106,0",PENHA,Velocidade Incompatível,Atropelamento de Pedestre,Com Vítimas Feridas,Pleno dia,Decrescente,Nublado,Dupla,Reta,Não,2,0,0,1,0,1,1,2,-26.80788461,-48.68108973,SPRF-SC,DEL03-SC,UOP02-DEL03-SC,2025
"740958,0",2025-12-22,segunda-feira,20:30:00,SC,480,"129,6",CHAPECO,Desrespeitar a preferência no cruzamento,Colisão transversal,Com Vítimas Feridas,Plena Noite,Crescente,Chuva,Simples,Interseção de Vias,Não,8,0,3,0,5,0,3,2,-27.042745,-52.635637,SPRF-SC,DEL07-SC,UOP01-DEL07-SC,2025
"740975,0",2025-12-23,terça-feira,00:30:00,SC,101,"105,0",PENHA,Ausência de reação do condutor,Capotamento,Com Vítimas Feridas,Plena Noite,Decrescente,Nublado,Simples,Viaduto;Curva,Não,1,0,1,0,0,0,1,1,-26.806315,-48.678694,SPRF-SC,DEL03-SC,UOP02-DEL03-SC,2025
"740979,0",2025-12-23,terça-feira,02:00:00,SC,101,"207,3",SAO JOSE,Ingestão de álcool pelo condutor,Saída de leito carroçável,Com Vítimas Feridas,Plena Noite,Decrescente,Nublado,Múltipla,Curva,Sim,1,0,1,0,0,0,1,1,-27.60132227,-48.62483852,SPRF-SC,DEL01-SC,UOP01-DEL01-SC,2025
"740993,0",2025-12-23,terça-feira,06:40:00,SC,101,"117,0",ITAJAI,Desrespeitar a preferência no cruzamento,Colisão transversal,Com Vítimas Feridas,Pleno dia,Crescente,Nublado,Múltipla,Interseção de Vias,Sim,2,0,1,0,1,0,1,2,-26.88967454,-48.72188588,SPRF-SC,DEL04-SC,UOP04-DEL04-SC,2025
"741008,0",2025-12-23,terça-feira,07:50:00,SC,470,"55,7",BLUMENAU,Manobra de mudança de faixa,Colisão transversal,Com Vítimas Feridas,Pleno dia,Decrescente,Céu Claro,Dupla,Reta,Sim,3,0,1,0,2,0,1,2,-26.87656448,-49.12467957,SPRF-SC,DEL04-SC,UOP01-DEL04-SC,2025
"741031,0",2025-12-23,terça-feira,09:45:00,SC,101,"423,6",ARARANGUA,Desrespeitar a preferência no cruzamento,Colisão transversal,Com Vítimas Feridas,Pleno dia,Decrescente,Céu Claro,Simples,Viaduto,Não,2,0,0,1,1,0,1,2,-29.01794929,-49.58631841,SPRF-SC,DEL02-SC,UOP02-DEL02-SC,2025
"741032,0",2025-12-23,terça-feira,10:00:00,SC,101,"117,0",ITAJAI,Reação tardia ou ineficiente do condutor,Colisão transversal,Com Vítimas Feridas,Pleno dia,Decrescente,Céu Claro,Simples,Reta,Não,2,0,0,1,1,0,1,2,-26.88921956,-48.72121666,SPRF-SC,DEL04-SC,UOP04-DEL04-SC,2025
"741046,0",2025-12-23,terça-feira,11:10:00,SC,101,"207,5",SAO JOSE,Condutor deixou de manter distância do veículo da frente,Colisão lateral mesmo sentido,Com Vítimas Feridas,Pleno dia,Decrescente,Céu Claro,Múltipla,Reta,Sim,2,0,1,0,1,0,1,2,-27.6076341,-48.63436639,SPRF-SC,DEL01-SC,UOP01-DEL01-SC,2025
"741050,0",2025-12-23,terça-feira,10:25:00,SC,101,"99,5",BALNEARIO PICARRAS,Reação tardia ou ineficiente do condutor,Saída de leito carroçável,Com Vítimas Feridas,Pleno dia,Crescente,Céu Claro,Dupla,Curva,Não,1,0,1,0,0,0,1,1,-26.74918314,-48.69470771,SPRF-SC,DEL03-SC,UOP02-DEL03-SC,2025
"741071,0",2025-12-23,terça-feira,12:30:00,SC,101,"206,5",SAO JOSE,Condutor deixou de manter distância do veículo da frente,Colisão traseira,Com Vítimas Feridas,Pleno dia,Crescente,Céu Claro,Dupla,Reta,Sim,2,0,0,1,1,0,1,2,-27.596631,-48.61972,SPRF-SC,DEL01-SC,UOP01-DEL01-SC,2025
"741076,0",2025-12-23,terça-feira,12:01:00,SC,470,"98,0",APIUNA,Condutor deixou de manter distância do veículo da frente,Colisão traseira,Com Vítimas Feridas,Pleno dia,Crescente,Céu Claro,Simples,Reta,Sim,2,0,1,0,1,0,1,2,-27.03413,-49.38788,SPRF-SC,DEL04-SC,UOP02-DEL04-SC,2025
"741084,0",2025-12-23,terça-feira,12:00:00,SC,101,"82,0",BARRA VELHA,Transtornos Mentais (exceto suicidio),Queda de ocupante de veículo,Com Vítimas Feridas,Pleno dia,Decrescente,Sol,Dupla,Reta,Não,2,0,1,0,1,0,1,1,-26.61545309,-48.7195956,SPRF-SC,DEL03-SC,UOP02-DEL03-SC,2025
"741095,0",2025-12-23,terça-feira,13:40:00,SC,282,"32,5",SANTO AMARO DA IMPERATRIZ,Acessar a via sem observar a presença dos outros veículos,Colisão transversal,Sem Vítimas,Pleno dia,Crescente,Céu Claro,Simples,Rotatória,Sim,2,0,0,0,2,0,0,2,-27.7042842,-48.80518623,SPRF-SC,DEL01-SC,UOP03-DEL01-SC,2025
"741122,0",2025-12-23,terça-feira,15:45:00,SC,101,"367,0",ICARA,Reação tardia ou ineficiente do condutor,Saída de leito carroçável,Com Vítimas Feridas,Pleno dia,Crescente,Chuva,Simples,Curva;Rotatória,Sim,5,0,1,0,3,1,1,2,-28.69759392,-49.18376176,SPRF-SC,DEL02-SC,UOP01-DEL02-SC,2025
"741128,0",2025-12-23,terça-feira,15:30:00,SC,116,"173,8",SAO CRISTOVAO DO SUL,Velocidade Incompatível,Saída de leito carroçável,Com Vítimas Feridas,Pleno dia,Decrescente,Chuva,Simples,Curva;Declive,Não,2,0,1,0,1,0,1,1,-27.2225487,-50.46216913,SPRF-SC,DEL05-SC,UOP03-DEL05-SC,2025
"741134,0",2025-12-23,terça-feira,14:41:00,SC,101,"443,7",SANTA ROSA DO SUL,Transitar na contramão,Colisão frontal,Com Vítimas Fatais,Pleno dia,Crescente,Nublado,Múltipla,Viaduto;Reta,Sim,4,1,1,1,1,0,2,3,-29.1373337,-49.7121833,SPRF-SC,DEL02-SC,UOP02-DEL02-SC,2025
"741138,0",2025-12-23,terça-feira,14:20:00,SC,101,"305,0",LAGUNA,Reação tardia ou ineficiente do condutor,Colisão com objeto,Com Vítimas Feridas,Pleno dia,Crescente,Sol,Dupla,Reta,Não,1,0,1,0,0,0,1,1,-28.350722,-48.739429,SPRF-SC,DEL02-SC,UOP03-DEL02-SC,2025
"741145,0",2025-12-23,terça-feira,18:00:00,SC,282,"2,4",FLORIANOPOLIS,Condutor deixou de manter distância do veículo da frente,Colisão traseira,Com Vítimas Feridas,Pleno dia,Crescente,Céu Claro,Múltipla,Reta,Sim,3,0,1,0,2,0,1,3,-27.60261,-48.59458,SPRF-SC,DEL01-SC,UOP01-DEL01-SC,2025
"741154,0",2025-12-23,terça-feira,18:30:00,SC,101,"195,0",BIGUACU,Condutor deixou de manter distância do veículo da frente,Colisão traseira,Com Vítimas Feridas,Anoitecer,Crescente,Céu Claro,Dupla,Reta,Sim,3,0,2,0,1,0,2,2,-27.503199,-48.652004,SPRF-SC,DEL01-SC,UOP01-DEL01-SC,2025
"741171,0",2025-12-23,terça-feira,19:20:00,SC,101,"145,0",ITAPEMA,Condutor deixou de manter distância do veículo da frente,Colisão traseira,Sem Vítimas,Plena Noite,Decrescente,Nublado,Dupla,Reta,Sim,2,0,0,0,0,2,0,2,-27.08502396,-48.60632356,SPRF-SC,DEL04-SC,UOP03-DEL04-SC,2025
"741178,0",2025-12-23,terça-feira,20:45:00,SC,101,"191,0",BIGUACU,Velocidade Incompatível,Tombamento,Com Vítimas Feridas,Plena Noite,Decrescente,Chuva,Dupla,Curva,Não,1,0,1,0,0,0,1,1,-27.47736813,-48.64106353,SPRF-SC,DEL01-SC,UOP01-DEL01-SC,2025
"741193,0",2025-12-23,terça-feira,14:35:00,SC,101,"446,0",SANTA ROSA DO SUL,Transitar na contramão,Colisão lateral sentido oposto,Com Vítimas Feridas,Pleno dia,Crescente,Nublado,Dupla,Reta,Sim,2,0,0,1,1,0,1,2,-29.16442797,-49.75792632,SPRF-SC,DEL02-SC,UOP02-DEL02-SC,2025
"741199,0",2025-12-23,terça-feira,20:55:00,SC,101,"10,0",GARUVA,Ingestão de álcool pelo condutor,Queda de ocupante de veículo,Com Vítimas Feridas,Plena Noite,Decrescente,Céu Claro,Dupla,Reta,Não,1,0,1,0,0,0,1,1,-26.06895067,-48.85992944,SPRF-SC,DEL03-SC,UOP01-DEL03-SC,2025
"741203,0",2025-12-23,terça-feira,22:30:00,SC,101,"197,8",BIGUACU,Manobra de mudança de faixa,Queda de ocupante de veículo,Com Vítimas Feridas,Plena Noite,Crescente,Garoa/Chuvisco,Múltipla,Reta,Sim,1,0,1,0,0,0,1,1,-27.52240753,-48.63723502,SPRF-SC,DEL01-SC,UOP01-DEL01-SC,2025
"741206,0",2025-12-23,terça-feira,21:40:00,SC,101,"190,9",BIGUACU,Ausência de reação do condutor,Saída de leito carroçável,Com Vítimas Feridas,Plena Noite,Decrescente,Chuva,Dupla,Curva,Sim,3,0,3,0,0,0,3,1,-27.476715,-48.640662,SPRF-SC,DEL01-SC,UOP01-DEL01-SC,2025
"741221,0",2025-12-23,terça-feira,22:30:00,SC,282,"109,7",ALFREDO WAGNER,Velocidade Incompatível,Saída de leito carroçável,Com Vítimas Feridas,Plena Noite,Decrescente,Garoa/Chuvisco,Simples,Curva,Sim,2,0,1,1,0,0,2,1,-27.725743,-49.359597,SPRF-SC,DEL01-SC,UOP03-DEL01-SC,2025
"741228,0",2025-12-24,quarta-feira,00:40:00,SC,280,"74,0",JARAGUA DO SUL,Ingestão de álcool pelo condutor,Colisão frontal,Com Vítimas Feridas,Plena Noite,Crescente,Garoa/Chuvisco,Simples,Reta,Sim,6,0,3,0,3,0,3,2,-26.458663,-49.1723,SPRF-SC,DEL03-SC,UOP03-DEL03-SC,2025
"741232,0",2025-12-24,quarta-feira,02:00:00,SC,470,"51,2",BLUMENAU,Ingestão de álcool pelo condutor,Colisão traseira,Sem Vítimas,Plena Noite,Crescente,Céu Claro,Simples,Reta,Sim,2,0,0,0,2,0,0,2,-26.8639715,-49.087676,SPRF-SC,DEL04-SC,UOP01-DEL04-SC,2025
"741237,0",2025-12-24,quarta-feira,02:50:00,SC,101,"39,2",JOINVILLE,Ausência de reação do condutor,Saída de leito carroçável,Com Vítimas Feridas,Plena Noite,Crescente,Céu Claro,Simples,Curva,Sim,1,0,1,0,0,0,1,1,-26.30141757,-48.88332367,SPRF-SC,DEL03-SC,UOP01-DEL03-SC,2025
"741244,0",2025-12-24,quarta-feira,06:00:00,SC,470,"125,1",LONTRAS,Acessar a via sem observar a presença dos outros veículos,Colisão transversal,Com Vítimas Feridas,Pleno dia,Crescente,Céu Claro,Simples,Retorno Regulamentado;Reta,Não,4,0,2,0,2,0,2,2,-27.12360397,-49.53667609,SPRF-SC,DEL04-SC,UOP02-DEL04-SC,2025
"741253,0",2025-12-24,quarta-feira,07:00:00,SC,282,"0,7",FLORIANOPOLIS,Reação tardia ou ineficiente do condutor,Colisão lateral mesmo sentido,Com Vítimas Feridas,Pleno dia,Decrescente,Céu Claro,Múltipla,Reta,Sim,4,0,1,1,1,1,2,3,-27.60132,-48.578,SPRF-SC,DEL01-SC,UOP01-DEL01-SC,2025
"741273,0",2025-12-24,quarta-feira,10:10:00,SC,282,"16,4",PALHOCA,Transitar no Acostamento,Colisão transversal,Com Vítimas Feridas,Pleno dia,Decrescente,Céu Claro,Simples,Reta,Sim,2,0,1,0,1,0,1,2,-27.66194122,-48.68467966,SPRF-SC,DEL01-SC,UOP02-DEL01-SC,2025
"741288,0",2025-12-24,quarta-feira,11:00:00,SC,470,"90,8",APIUNA,Acessar a via sem observar a presença dos outros veículos,Colisão transversal,Com Vítimas Feridas,Pleno dia,Decrescente,Céu Claro,Simples,Reta,Não,5,0,0,1,4,0,1,2,-26.990939,-49.375398,SPRF-SC,DEL04-SC,UOP01-DEL04-SC,2025
"741302,0",2025-12-24,quarta-feira,11:51:00,SC,101,"216,2",PALHOCA,Ingestão de substâncias psicoativas pelo condutor,Saída de leito carroçável,Sem Vítimas,Pleno dia,Decrescente,Céu Claro,Simples,Reta,Não,1,0,0,0,0,1,0,1,-27.662118,-48.6761488,SPRF-SC,DEL01-SC,UOP02-DEL01-SC,2025
"741303,0",2025-12-24,quarta-feira,12:48:00,SC,282,"387,0",JOACABA,Acumulo de água sobre o pavimento,Tombamento,Com Vítimas Feridas,Pleno dia,Decrescente,Garoa/Chuvisco,Simples,Reta,Sim,2,0,0,1,1,0,1,2,-27.1846449,-51.5198076,SPRF-SC,DEL07-SC,UOP05-DEL07-SC,2025
"741353,0",2025-12-24,quarta-feira,10:35:00,SC,282,"484,2",FAXINAL DOS GUEDES,Velocidade Incompatível,Saída de leito carroçável,Com Vítimas Feridas,Pleno dia,Decrescente,Nublado,Simples,Reta,Não,4,0,2,0,2,0,2,1,-26.8626976,-52.22465515,SPRF-SC,DEL07-SC,UOP01-DEL07-SC,2025
"741357,0",2025-12-24,quarta-feira,11:55:00,SC,282,"512,0",XANXERE,Acessar a via sem observar a presença dos outros veículos,Colisão transversal,Com Vítimas Feridas,Pleno dia,Crescente,Nublado,Simples,Reta;Declive,Não,3,0,2,0,1,0,2,2,-26.91325398,-52.47576563,SPRF-SC,DEL07-SC,UOP01-DEL07-SC,2025
"741363,0",2025-12-24,quarta-feira,17:05:00,SC,101,"191,0",BIGUACU,Pista Escorregadia,Saída de leito carroçável,Com Vítimas Feridas,Pleno dia,Crescente,Chuva,Dupla,Curva,Não,2,0,0,1,1,0,1,1,-27.47768,-48.64173,SPRF-SC,DEL01-SC,UOP01-DEL01-SC,2025
"741367,0",2025-12-24,quarta-feira,15:50:00,SC,101,"193,0",BIGUACU,Ingestão de álcool pelo condutor,Saída de leito carroçável,Com Vítimas Feridas,Pleno dia,Decrescente,Céu Claro,Múltipla,Reta,Sim,1,0,1,0,0,0,1,1,-27.492765,-48.656913,SPRF-SC,DEL01-SC,UOP01-DEL01-SC,2025
"741389,0",2025-12-24,quarta-feira,17:41:00,SC,101,"191,0",BIGUACU,Reação tardia ou ineficiente do condutor,Saída de leito carroçável,Com Vítimas Feridas,Pleno dia,Crescente,Chuva,Dupla,Curva,Não,5,0,0,4,1,0,4,4,-27.47768,-48.64173,SPRF-SC,DEL01-SC,UOP01-DEL01-SC,2025
"741441,0",2025-12-25,quinta-feira,00:57:00,SC,101,"211,9",PALHOCA,Reação tardia ou ineficiente do condutor,Colisão traseira,Sem Vítimas,Plena Noite,Decrescente,Céu Claro,Múltipla,Reta;Aclive,Sim,4,0,0,0,4,0,0,2,-27.62903184,-48.65790104,SPRF-SC,DEL01-SC,UOP02-DEL01-SC,2025
"741445,0",2025-12-25,quinta-feira,00:50:00,SC,480,"130,3",CHAPECO,Reação tardia ou ineficiente do condutor,Saída de leito carroçável,Sem Vítimas,Plena Noite,Crescente,Nublado,Simples,Reta,Sim,1,0,0,0,1,0,0,1,-27.04101778,-52.63547357,SPRF-SC,DEL07-SC,UOP01-DEL07-SC,2025
"741454,0",2025-12-25,quinta-feira,02:50:00,SC,282,"362,0",ERVAL VELHO,Avarias e/ou desgaste excessivo no pneu,Saída de leito carroçável,Sem Vítimas,Plena Noite,Decrescente,Nublado,Simples,Reta;Declive,Não,1,0,0,0,1,0,0,1,-27.30535,-51.38055,SPRF-SC,DEL07-SC,UOP05-DEL07-SC,2025
"741465,0",2025-12-25,quinta-feira,00:20:00,SC,470,"61,2",BLUMENAU,Animais na Pista,Colisão traseira,Com Vítimas Feridas,Plena Noite,Crescente,Nublado,Simples,Reta,Sim,6,0,3,0,3,0,3,2,-26.8795833,-49.17133776,SPRF-SC,DEL04-SC,UOP01-DEL04-SC,2025
"741469,0",2025-12-25,quinta-feira,03:00:00,SC,101,"125,0",ITAJAI,Reação tardia ou ineficiente do condutor,Capotamento,Com Vítimas Feridas,Plena Noite,Decrescente,Nublado,Múltipla,Reta,Sim,1,0,1,0,0,0,1,1,-26.94558941,-48.68763423,SPRF-SC,DEL04-SC,UOP04-DEL04-SC,2025
"741488,0",2025-12-25,quinta-feira,07:45:00,SC,470,"63,0",BLUMENAU,Ultrapassagem Indevida,Colisão traseira,Com Vítimas Feridas,Pleno dia,Crescente,Céu Claro,Múltipla,Reta;Em Obras,Sim,2,0,1,0,1,0,1,2,-26.8779216,-49.17681567,SPRF-SC,DEL04-SC,UOP01-DEL04-SC,2025
"741490,0",2025-12-23,terça-feira,22:00:00,SC,280,"272,0",IRINEOPOLIS,Ausência de reação do condutor,Saída de leito carroçável,Com Vítimas Feridas,Plena Noite,Crescente,Céu Claro,Simples,Reta,Não,1,0,1,0,0,0,1,1,-26.280412,-50.76511,SPRF-SC,DEL06-SC,UOP04-DEL06-SC,2025
"741493,0",2025-12-25,quinta-feira,07:35:00,SC,470,"57,6",BLUMENAU,Ausência de reação do condutor,Tombamento,Com Vítimas Feridas,Pleno dia,Decrescente,Céu Claro,Simples,Viaduto;Curva,Sim,1,0,1,0,0,0,1,1,-26.88306227,-49.14198518,SPRF-SC,DEL04-SC,UOP01-DEL04-SC,2025
"741503,0",2025-12-25,quinta-feira,09:15:00,SC,153,"110,0",CONCORDIA,Acessar a via sem observar a presença dos outros veículos,Colisão transversal,Com Vítimas Feridas,Pleno dia,Crescente,Céu Claro,Simples,Reta,Não,3,0,1,1,1,0,2,2,-27.315813,-51.986196,SPRF-SC,DEL07-SC,UOP04-DEL07-SC,2025
"741513,0",2025-12-25,quinta-feira,09:30:00,SC,101,"120,0",ITAJAI,Velocidade Incompatível,Saída de leito carroçável,Com Vítimas Feridas,Pleno dia,Crescente,Céu Claro,Múltipla,Declive;Rotatória;Curva,Sim,1,0,1,0,0,0,1,1,-26.91932875,-48.71088831,SPRF-SC,DEL04-SC,UOP04-DEL04-SC,2025
"741517,0",2025-12-25,quinta-feira,07:00:00,SC,116,"124,0",SANTA CECILIA,Acesso irregular,Colisão traseira,Sem Vítimas,Pleno dia,Decrescente,Céu Claro,Simples,Reta,Não,1,0,0,0,1,0,0,1,-26.8490953,-50.405571,SPRF-SC,DEL06-SC,UOP02-DEL06-SC,2025