id,data_inversa,dia_semana,horario,uf,br,km,municipio,causa_acidente,tipo_acidente,classificacao_acidente,fase_dia,sentido_via,condicao_metereologica,tipo_pista,tracado_via,uso_solo,pessoas,mortos,feridos_leves,feridos_graves,ilesos,ignorados,feridos,veiculos,latitude,longitude,regional,delegacia,uop,ano_arquivo
"742260,0",2025-12-28,domingo,23:28:00,SC,101,"42,0",PALHOCA,Reação tardia ou ineficiente do condutor,Queda de ocupante de veículo,Com Vítimas Feridas,Plena Noite,Crescente,Chuva,Dupla,Reta,Não,2,0,1,0,1,0,1,1,-27.6598163,-48.7181651,SPRF-SC,DEL01-SC,UOP02-DEL01-SC,2025
"742263,0",2025-12-28,domingo,20:50:00,SC,280,"292,7",PORTO UNIAO,Transitar na contramão,Colisão frontal,Com Vítimas Fatais,Plena Noite,Decrescente,Nublado,Simples,Curva;Declive,Não,3,1,0,2,0,0,2,2,-26.2977,-50.9521,SPRF-SC,DEL06-SC,UOP04-DEL06-SC,2025
"742266,0",2025-12-28,domingo,17:50:00,SC,101,"40,0",JOINVILLE,Acessar a via sem observar a presença dos outros veículos,Colisão traseira,Com Vítimas Feridas,Pleno dia,Decrescente,Céu Claro,Simples,Curva,Não,2,0,1,0,0,1,1,2,-26.30923685,-48.87821674,SPRF-SC,DEL03-SC,UOP01-DEL03-SC,2025
"742272,0",2025-12-29,segunda-feira,02:20:00,SC,470,"113,0",IBIRAMA,Ausência de reação do condutor,Colisão com objeto,Com Vítimas Feridas,Plena Noite,Decrescente,Chuva,Simples,Curva,Não,2,0,1,1,0,0,2,1,-27.0936866,-49.46782462,SPRF-SC,DEL04-SC,UOP02-DEL04-SC,2025
"742274,0",2025-12-29,segunda-feira,02:20:00,SC,282,"275,0",SAO JOSE DO CERRITO,Velocidade Incompatível,Colisão com objeto,Sem Vítimas,Plena Noite,Crescente,Chuva,Simples,Declive;Curva,Não,1,0,0,0,0,1,0,1,-27.60294127,-50.72539743,SPRF-SC,DEL05-SC,UOP02-DEL05-SC,2025
"742292,0",2025-12-29,segunda-feira,03:30:00,SC,470,"157,2",TROMBUDO CENTRAL,Velocidade Incompatível,Colisão frontal,Com Vítimas Feridas,Plena Noite,Crescente,Garoa/Chuvisco,Simples,Curva,Não,5,0,1,4,0,0,5,2,-27.2837275,-49.8132983,SPRF-SC,DEL04-SC,UOP02-DEL04-SC,2025
"742298,0",2025-12-28,domingo,22:00:00,SC,470,"62,8",INDAIAL,Suicídio (presumido),Atropelamento de Pedestre,Com Vítimas Feridas,Plena Noite,Crescente,Céu Claro,Simples,Curva,Não,2,0,0,1,1,0,1,2,-26.87449077,-49.18791231,SPRF-SC,DEL04-SC,UOP01-DEL04-SC,2025
"742305,0",2025-12-29,segunda-feira,07:55:00,SC,101,"119,8",ITAJAI,Manobra de mudança de faixa,Colisão lateral mesmo sentido,Com Vítimas Feridas,Pleno dia,Crescente,Nublado,Dupla,Reta,Sim,2,0,1,0,1,0,1,2,-26.91099,-48.71279,SPRF-SC,DEL04-SC,UOP04-DEL04-SC,2025
"742313,0",2025-12-29,segunda-feira,07:50:00,SC,470,"115,2",IBIRAMA,Reação tardia ou ineficiente do condutor,Colisão traseira,Com Vítimas Feridas,Pleno dia,Decrescente,Nublado,Simples,Reta,Sim,2,0,2,0,0,0,2,2,-27.07827,-49.49052,SPRF-SC,DEL04-SC,UOP02-DEL04-SC,2025
"742319,0",2025-12-29,segunda-feira,08:25:00,SC,470,"11,2",NAVEGANTES,Avarias e/ou desgaste excessivo no pneu,Tombamento,Com Vítimas Feridas,Pleno dia,Crescente,Céu Claro,Dupla,Reta,Não,1,0,1,0,0,0,1,1,-26.83419,-48.74972,SPRF-SC,DEL04-SC,UOP04-DEL04-SC,2025
"742343,0",2025-12-23,terça-feira,11:35:00,SC,282,"1,9",FLORIANOPOLIS,Ausência de reação do condutor,Colisão traseira,Sem Vítimas,Pleno dia,Crescente,Céu Claro,Dupla,Reta,Sim,3,0,0,0,2,1,0,2,-27.60143307,-48.5783665,SPRF-SC,DEL01-SC,UOP01-DEL01-SC,2025
"742347,0",2025-12-29,segunda-feira,11:30:00,SC,101,"209,0",SAO JOSE,Velocidade Incompatível,Colisão traseira,Com Vítimas Feridas,Pleno dia,Decrescente,Céu Claro,Múltipla,Reta,Sim,4,0,2,0,1,1,2,2,-27.60492404,-48.63364069,SPRF-SC,DEL01-SC,UOP01-DEL01-SC,2025
"742355,0",2025-12-29,segunda-feira,12:10:00,SC,280,"25,2",ARAQUARI,Retorno proibido,Colisão transversal,Com Vítimas Feridas,Pleno dia,Crescente,Céu Claro,Simples,Reta,Sim,2,0,1,0,1,0,1,2,-26.385302,-48.72874,SPRF-SC,DEL03-SC,UOP03-DEL03-SC,2025
"742364,0",2025-12-29,segunda-feira,12:45:00,SC,101,"306,5",LAGUNA,Condutor usando celular,Colisão com objeto,Com Vítimas Feridas,Pleno dia,Decrescente,Nublado,Múltipla,Curva,Não,1,0,1,0,0,0,1,1,-28.40739544,-48.79130714,SPRF-SC,DEL02-SC,UOP03-DEL02-SC,2025
"742368,0",2025-12-17,quarta-feira,09:01:00,SC,470,"35,1",GASPAR,Transitar na contramão,Colisão frontal,Com Vítimas Feridas,Pleno dia,Decrescente,Nublado,Simples,Reta,Sim,3,0,1,2,0,0,3,2,-26.91800859,-48.95989386,SPRF-SC,DEL04-SC,UOP01-DEL04-SC,2025
"742383,0",2025-12-29,segunda-feira,14:30:00,SC,470,"149,8",AGRONOMICA,Retorno proibido,Colisão transversal,Com Vítimas Feridas,Pleno dia,Crescente,Nublado,Simples,Reta,Não,5,0,1,0,4,0,1,2,-27.2566,-49.71186,SPRF-SC,DEL04-SC,UOP02-DEL04-SC,2025
"742394,0",2025-12-29,segunda-feira,14:05:00,SC,101,"134,7",BALNEARIO CAMBORIU,Ausência de reação do condutor,Colisão traseira,Com Vítimas Feridas,Pleno dia,Crescente,Céu Claro,Múltipla,Reta,Sim,3,0,1,0,2,0,1,2,-27.00418108,-48.62962458,SPRF-SC,DEL04-SC,UOP03-DEL04-SC,2025
"742398,0",2025-12-06,sábado,04:00:00,SC,163,"98,0",SAO JOSE DO CEDRO,Condutor Dormindo,Saída de leito carroçável,Com Vítimas Feridas,Plena Noite,Decrescente,Céu Claro,Simples,Declive;Reta,Não,1,0,0,1,0,0,1,1,-26.50266092,-53.50897372,SPRF-SC,DEL07-SC,UOP03-DEL07-SC,2025
"742399,0",2025-12-29,segunda-feira,15:30:00,SC,280,"209,9",TRES BARRAS,Acessar a via sem observar a presença dos outros veículos,Colisão transversal,Com Vítimas Feridas,Pleno dia,Decrescente,Garoa/Chuvisco,Simples,Reta,Não,3,0,3,0,0,0,3,2,-26.1739469,-50.1668691,SPRF-SC,DEL06-SC,UOP04-DEL06-SC,2025
"742421,0",2025-12-29,segunda-feira,18:10:00,SC,280,"57,5",GUARAMIRIM,Chuva,Colisão com objeto,Com Vítimas Feridas,Anoitecer,Decrescente,Chuva,Dupla,Rotatória,Não,1,0,1,0,0,0,1,1,-26.474037,-49.020393,SPRF-SC,DEL03-SC,UOP03-DEL03-SC,2025
"742463,0",2025-12-29,segunda-feira,19:30:00,SC,282,"183,0",BOCAINA DO SUL,Chuva,Colisão traseira,Com Vítimas Feridas,Plena Noite,Decrescente,Chuva,Simples,Reta;Declive,Não,3,0,1,0,2,0,1,2,-27.733428,-49.970278,SPRF-SC,DEL05-SC,UOP01-DEL05-SC,2025
"742467,0",2025-12-29,segunda-feira,23:20:00,SC,101,"197,2",BIGUACU,Reação tardia ou ineficiente do condutor,Colisão frontal,Com Vítimas Feridas,Plena Noite,Crescente,Chuva,Múltipla,Reta;Declive,Sim,3,0,0,2,1,0,2,2,-27.5209235,-48.63787355,SPRF-SC,DEL01-SC,UOP01-DEL01-SC,2025
"742470,0",2025-12-29,segunda-feira,23:00:00,SC,101,"106,4",PENHA,Ausência de reação do condutor,Tombamento,Com Vítimas Feridas,Plena Noite,Crescente,Chuva,Dupla,Reta,Não,2,0,2,0,0,0,2,1,-26.81023944,-48.68285466,SPRF-SC,DEL03-SC,UOP02-DEL03-SC,2025
"742479,0",2025-12-30,terça-feira,01:00:00,SC,101,"112,0",ITAJAI,Reação tardia ou ineficiente do condutor,Tombamento,Com Vítimas Feridas,Plena Noite,Crescente,Chuva,Múltipla,Reta,Não,2,0,1,1,0,0,2,1,-26.84628983,-48.72156568,SPRF-SC,DEL04-SC,UOP04-DEL04-SC,2025
"742494,0",2025-12-30,terça-feira,05:40:00,SC,470,"155,2",TROMBUDO CENTRAL,Reação tardia ou ineficiente do condutor,Colisão frontal,Com Vítimas Fatais,Amanhecer,Decrescente,Garoa/Chuvisco,Simples,Curva,Não,9,1,3,3,1,1,6,4,-27.2792,-49.7558,SPRF-SC,DEL04-SC,UOP02-DEL04-SC,2025
"742511,0",2025-12-27,sábado,02:35:00,SC,101,"236,0",PALHOCA,Ausência de reação do condutor,Tombamento,Sem Vítimas,Plena Noite,Crescente,Chuva,Simples,Curva,Não,1,0,0,0,0,1,0,1,-27.82678959,-48.63113165,SPRF-SC,DEL01-SC,UOP02-DEL01-SC,2025
"742513,0",2025-12-30,terça-feira,08:30:00,SC,101,"208,9",SAO JOSE,Acessar a via sem observar a presença dos outros veículos,Colisão lateral mesmo sentido,Com Vítimas Feridas,Pleno dia,Crescente,Garoa/Chuvisco,Simples,Interseção de Vias;Reta,Não,2,0,1,0,1,0,1,2,-27.60483417,-48.63335252,SPRF-SC,DEL01-SC,UOP01-DEL01-SC,2025
"742514,0",2025-12-30,terça-feira,08:30:00,SC,101,"206,0",SAO JOSE,Reação tardia ou ineficiente do condutor,Colisão traseira,Com Vítimas Feridas,Pleno dia,Crescente,Garoa/Chuvisco,Dupla,Reta,Não,2,0,1,0,1,0,1,2,-27.59921,-48.621861,SPRF-SC,DEL01-SC,UOP01-DEL01-SC,2025
"742522,0",2025-12-30,terça-feira,08:50:00,SC,101,"119,0",ITAJAI,Ausência de reação do condutor,Engavetamento,Com Vítimas Feridas,Pleno dia,Decrescente,Nublado,Múltipla,Reta,Não,4,0,2,0,2,0,2,3,-26.91127886,-48.71226311,SPRF-SC,DEL04-SC,UOP04-DEL04-SC,2025
"742528,0",2025-12-30,terça-feira,08:10:00,SC,282,"469,0",PONTE SERRADA,Reação tardia ou ineficiente do condutor,Saída de leito carroçável,Com Vítimas Feridas,Pleno dia,Decrescente,Céu Claro,Simples,Reta,Não,3,0,2,0,1,0,2,1,-26.854591,-52.094107,SPRF-SC,DEL07-SC,UOP04-DEL07-SC,2025
"742535,0",2025-12-20,sábado,10:30:00,SC,280,"58,0",GUARAMIRIM,Manobra de mudança de faixa,Colisão lateral mesmo sentido,Com Vítimas Feridas,Pleno dia,Decrescente,Céu Claro,Dupla,Curva,Sim,2,0,0,1,1,0,1,2,-26.47422251,-49.02096391,SPRF-SC,DEL03-SC,UOP03-DEL03-SC,2025
"742553,0",2025-12-30,terça-feira,12:45:00,SC,101,"151,7",ITAPEMA,Reação tardia ou ineficiente do condutor,Colisão traseira,Com Vítimas Feridas,Pleno dia,Crescente,Céu Claro,Dupla,Reta,Sim,2,0,1,0,1,0,1,2,-27.13431304,-48.61021042,SPRF-SC,DEL04-SC,UOP03-DEL04-SC,2025
"742556,0",2025-12-30,terça-feira,12:00:00,SC,101,"96,5",BALNEARIO PICARRAS,Manobra de mudança de faixa,Colisão traseira,Com Vítimas Feridas,Pleno dia,Decrescente,Céu Claro,Dupla,Reta,Sim,3,0,1,0,1,1,1,3,-26.72604431,-48.70207071,SPRF-SC,DEL03-SC,UOP02-DEL03-SC,2025
"742574,0",2025-12-30,terça-feira,14:00:00,SC,101,"404,9",ARARANGUA,Condutor deixou de manter distância do veículo da frente,Colisão traseira,Com Vítimas Feridas,Pleno dia,Decrescente,Chuva,Dupla,Reta,Não,2,0,1,0,1,0,1,2,-28.89692889,-49.47190158,SPRF-SC,DEL02-SC,UOP02-DEL02-SC,2025
"742589,0",2025-12-30,terça-feira,15:20:00,SC,101,"211,6",PALHOCA,Reação tardia ou ineficiente do condutor,Colisão traseira,Com Vítimas Feridas,Pleno dia,Crescente,Céu Claro,Múltipla,Reta,Sim,2,0,2,0,0,0,2,2,-27.62663576,-48.65573465,SPRF-SC,DEL01-SC,UOP02-DEL01-SC,2025
"742610,0",2025-12-30,terça-feira,16:30:00,SC,101,"108,0",PENHA,Condutor deixou de manter distância do veículo da frente,Engavetamento,Com Vítimas Feridas,Pleno dia,Crescente,Nublado,Dupla,Reta,Não,4,0,1,0,3,0,1,3,-26.82850797,-48.69224159,SPRF-SC,DEL03-SC,UOP02-DEL03-SC,2025
"742626,0",2025-12-30,terça-feira,16:50:00,SC,116,"10,4",MAFRA,Ausência de reação do condutor,Colisão com objeto,Com Vítimas Feridas,Pleno dia,Crescente,Chuva,Simples,Declive;Curva,Não,3,0,2,0,1,0,2,1,-26.178518,-49.861778,SPRF-SC,DEL06-SC,UOP01-DEL06-SC,2025
"742635,0",2025-12-30,terça-feira,18:10:00,SC,101,"135,5",BALNEARIO CAMBORIU,Acessar a via sem observar a presença dos outros veículos,Colisão lateral mesmo sentido,Com Vítimas Feridas,Pleno dia,Crescente,Garoa/Chuvisco,Dupla,Reta,Sim,2,0,1,0,1,0,1,2,-27.00621999,-48.62377167,SPRF-SC,DEL04-SC,UOP03-DEL04-SC,2025
"742655,0",2025-12-30,terça-feira,18:40:00,SC,282,"5,0",SAO JOSE,Pista Escorregadia,Tombamento,Com Vítimas Feridas,Anoitecer,Crescente,Garoa/Chuvisco,Dupla,Curva,Sim,1,0,1,0,0,0,1,1,-27.58473003,-48.61749222,SPRF-SC,DEL01-SC,UOP01-DEL01-SC,2025
"742657,0",2025-12-30,terça-feira,19:10:00,SC,101,"122,0",ITAJAI,Animais na Pista,Atropelamento de Animal,Com Vítimas Feridas,Anoitecer,Crescente,Chuva,Múltipla,Reta,Não,1,0,0,1,0,0,1,1,-26.93477295,-48.70136261,SPRF-SC,DEL04-SC,UOP04-DEL04-SC,2025
"742668,0",2025-12-30,terça-feira,17:40:00,SC,101,"150,9",ITAPEMA,Reação tardia ou ineficiente do condutor,Colisão lateral mesmo sentido,Com Vítimas Feridas,Anoitecer,Decrescente,Chuva,Simples,Reta,Sim,3,0,0,1,2,0,1,3,-27.12496,-48.60957,SPRF-SC,DEL04-SC,UOP03-DEL04-SC,2025
"742683,0",2025-12-30,terça-feira,23:00:00,SC,101,"204,0",SAO JOSE,Ausência de reação do condutor,Queda de ocupante de veículo,Com Vítimas Feridas,Plena Noite,Crescente,Garoa/Chuvisco,Múltipla,Reta,Não,2,0,1,0,1,0,1,2,-27.57688713,-48.61348338,SPRF-SC,DEL01-SC,UOP01-DEL01-SC,2025
"742705,0",2025-12-31,quarta-feira,02:20:00,SC,282,"75,0",RANCHO QUEIMADO,Reação tardia ou ineficiente do condutor,Capotamento,Com Vítimas Feridas,Plena Noite,Decrescente,Chuva,Simples,Reta,Não,1,0,0,1,0,0,1,1,-27.6911,-49.1296,SPRF-SC,DEL01-SC,UOP03-DEL01-SC,2025
"742712,0",2025-12-31,quarta-feira,04:40:00,SC,470,"54,0",BLUMENAU,Ingestão de álcool pelo condutor,Colisão com objeto,Com Vítimas Feridas,Amanhecer,Crescente,Céu Claro,Simples,Reta;Em Obras,Sim,4,0,1,0,2,1,1,1,-26.8749272,-49.117425,SPRF-SC,DEL04-SC,UOP01-DEL04-SC,2025
"742717,0",2025-12-30,terça-feira,23:30:00,SC,280,"120,0",RIO NEGRINHO,Condutor Dormindo,Colisão com objeto,Com Vítimas Feridas,Plena Noite,Crescente,Nublado,Dupla,Reta,Sim,1,0,0,1,0,0,1,1,-26.2390989,-49.5018932,SPRF-SC,DEL06-SC,UOP03-DEL06-SC,2025
"742718,0",2025-12-31,quarta-feira,00:25:00,SC,101,"394,0",MARACAJA,Ausência de reação do condutor,Colisão com objeto,Sem Vítimas,Plena Noite,Crescente,Chuva,Múltipla,Reta,Sim,2,0,0,0,2,0,0,1,-28.828276,-49.409484,SPRF-SC,DEL02-SC,UOP02-DEL02-SC,2025
"742734,0",2025-12-31,quarta-feira,08:05:00,SC,282,"565,1",NOVA ERECHIM,Conversão proibida,Colisão transversal,Com Vítimas Feridas,Pleno dia,Crescente,Sol,Simples,Curva;Aclive,Não,4,0,1,0,3,0,1,2,-26.898589,-52.876605,SPRF-SC,DEL07-SC,UOP02-DEL07-SC,2025
"742753,0",2025-12-31,quarta-feira,07:50:00,SC,282,"642,6",SAO MIGUEL DO OESTE,Reação tardia ou ineficiente do condutor,Saída de leito carroçável,Com Vítimas Feridas,Pleno dia,Crescente,Nublado,Simples,Curva,Não,1,0,1,0,0,0,1,1,-26.76835339,-53.46704721,SPRF-SC,DEL07-SC,UOP03-DEL07-SC,2025
"742754,0",2025-12-31,quarta-feira,10:00:00,SC,282,"541,5",CHAPECO,Velocidade Incompatível,Tombamento,Com Vítimas Feridas,Pleno dia,Decrescente,Nublado,Simples,Curva;Retorno Regulamentado;Interseção de Vias,Não,1,0,1,0,0,0,1,1,-26.99754309,-52.70172857,SPRF-SC,DEL07-SC,UOP01-DEL07-SC,2025
"742786,0",2025-12-31,quarta-feira,13:05:00,SC,282,"343,0",CAMPOS NOVOS,Acessar a via sem observar a presença dos outros veículos,Colisão transversal,Com Vítimas Feridas,Pleno dia,Crescente,Nublado,Simples,Reta;Declive,Não,4,0,2,0,2,0,2,2,-27.39008747,-51.22418404,SPRF-SC,DEL07-SC,UOP06-DEL07-SC,2025
"742834,0",2025-12-31,quarta-feira,17:30:00,SC,470,"55,2",BLUMENAU,Transitar na contramão,Colisão frontal,Com Vítimas Feridas,Pleno dia,Decrescente,Nublado,Simples,Declive;Reta,Sim,2,0,0,2,0,0,2,2,-26.8763755,-49.1209349,SPRF-SC,DEL04-SC,UOP01-DEL04-SC,2025
"742837,0",2025-12-31,quarta-feira,18:00:00,SC,101,"103,8",BALNEARIO PICARRAS,Acumulo de água sobre o pavimento,Saída de leito carroçável,Com Vítimas Feridas,Plena Noite,Decrescente,Chuva,Múltipla,Declive;Reta,Não,1,0,1,0,0,0,1,1,-26.79108,-48.680969,SPRF-SC,DEL03-SC,UOP02-DEL03-SC,2025
"742838,0",2025-12-31,quarta-feira,19:00:00,SC,101,"87,9",BARRA VELHA,Velocidade Incompatível,Colisão com objeto,Sem Vítimas,Anoitecer,Decrescente,Chuva,Múltipla,Declive;Curva,Sim,1,0,0,0,1,0,0,1,-26.64779148,-48.6867377,SPRF-SC,DEL03-SC,UOP02-DEL03-SC,2025
"742860,0",2025-12-31,quarta-feira,20:45:00,SC,101,"25,0",JOINVILLE,Ingestão de álcool pelo condutor,Colisão com objeto,Sem Vítimas,Plena Noite,Crescente,Garoa/Chuvisco,Dupla,Reta,Não,1,0,0,0,1,0,0,1,-26.18717485,-48.91181946,SPRF-SC,DEL03-SC,UOP01-DEL03-SC,2025
"742865,0",2025-12-31,quarta-feira,20:40:00,SC,101,"30,0",JOINVILLE,Reação tardia ou ineficiente do condutor,Tombamento,Com Vítimas Feridas,Plena Noite,Crescente,Nublado,Múltipla,Reta,Sim,1,0,1,0,0,0,1,1,-26.22680733,-48.91618475,SPRF-SC,DEL03-SC,UOP01-DEL03-SC,2025
"742874,0",2025-12-31,quarta-feira,21:10:00,SC,101,"272,9",PAULO LOPES,Condutor deixou de manter distância do veículo da frente,Colisão traseira,Com Vítimas Feridas,Plena Noite,Crescente,Céu Claro,Dupla,Reta,Sim,2,0,0,1,1,0,1,2,-28.0771043,-48.71253,SPRF-SC,DEL02-SC,UOP03-DEL02-SC,2025
"742895,0",2025-12-31,quarta-feira,20:10:00,SC,101,"273,0",IMBITUBA,Ingestão de álcool pelo condutor,Colisão lateral sentido oposto,Sem Vítimas,Plena Noite,Crescente,Céu Claro,Simples,Rotatória;Curva,Não,9,0,0,0,9,0,0,2,-28.12895879,-48.69285313,SPRF-SC,DEL02-SC,UOP03-DEL02-SC,2025
"743081,0",2025-12-20,sábado,21:45:00,SC,280,"259,4",CANOINHAS,Transitar na contramão,Colisão frontal,Sem Vítimas,Plena Noite,Crescente,Céu Claro,Simples,Reta,Não,5,0,0,0,4,1,0,2,-26.262643,-50.632103,SPRF-SC,DEL06-SC,UOP04-DEL06-SC,2025
"743175,0",2025-12-23,terça-feira,07:00:00,SC,153,"100,0",CONCORDIA,Animais na Pista,Colisão lateral sentido oposto,Com Vítimas Feridas,Pleno dia,Crescente,Céu Claro,Simples,Reta,Não,2,0,1,0,1,0,1,2,-27.244349,-51.9513317,SPRF-SC,DEL07-SC,UOP04-DEL07-SC,2025
"744282,0",2025-12-30,terça-feira,19:00:00,SC,282,"3,0",FLORIANOPOLIS,Ausência de reação do condutor,Queda de ocupante de veículo,Com Vítimas Feridas,Anoitecer,Crescente,Garoa/Chuvisco,Múltipla,Reta,Sim,2,0,1,0,1,0,1,2,-27.59938534,-48.60022254,SPRF-SC,DEL01-SC,UOP01-DEL01-SC,2025
"744819,0",2025-11-19,quarta-feira,19:05:00,SC,280,"236,0",CANOINHAS,Acessar a via sem observar a presença dos outros veículos,Colisão frontal,Com Vítimas Fatais,Pleno dia,Crescente,Céu Claro,Simples,Reta;Aclive,Sim,3,1,0,2,0,0,2,2,-26.19432794,-50.42206407,SPRF-SC,DEL06-SC,UOP04-DEL06-SC,2025
"745227,0",2025-12-07,domingo,20:30:00,SC,101,"79,0",ARAQUARI,Acessar a via sem observar a presença dos outros veículos,Colisão traseira,Com Vítimas Feridas,Plena Noite,Decrescente,Céu Claro,Múltipla,Retorno Regulamentado,Não,3,0,2,0,1,0,2,2,-26.59555423,-48.7227544,SPRF-SC,DEL03-SC,UOP02-DEL03-SC,2025
"745274,0",2025-11-21,sexta-feira,20:00:00,SC,101,"206,9",SAO JOSE,Acessar a via sem observar a presença dos outros veículos,Colisão transversal,Com Vítimas Feridas,Plena Noite,Crescente,Garoa/Chuvisco,Múltipla,Reta,Não,3,0,1,1,1,0,2,2,-27.60193107,-48.62814752,SPRF-SC,DEL01-SC,UOP01-DEL01-SC,2025
"745403,0",2025-12-02,terça-feira,16:10:00,SC,282,"404,7",JOACABA,Acessar a via sem observar a presença dos outros veículos,Colisão transversal,Com Vítimas Feridas,Pleno dia,Crescente,Céu Claro,Simples,Reta,Não,2,0,1,1,0,0,2,2,-27.10503931,-51.64416282,SPRF-SC,DEL07-SC,UOP05-DEL07-SC,2025
"746702,0",2025-10-19,domingo,16:35:00,SC,101,"153,0",PORTO BELO,Trafegar com motocicleta (ou similar) entre as faixas,Colisão lateral mesmo sentido,Com Vítimas Feridas,Pleno dia,Decrescente,Céu Claro,Dupla,Reta,Não,5,0,1,2,2,0,3,4,-27.14183791,-48.61017426,SPRF-SC,DEL04-SC,UOP03-DEL04-SC,2025
"746708,0",2025-11-19,quarta-feira,07:50:00,SC,101,"148,0",ITAPEMA,Acessar a via sem observar a presença dos outros veículos,Colisão transversal,Com Vítimas Feridas,Pleno dia,Crescente,Céu Claro,Dupla,Interseção de Vias;Reta,Sim,2,0,1,0,1,0,1,2,-27.1042584,-48.6166929,SPRF-SC,DEL04-SC,UOP03-DEL04-SC,2025
"747054,0",2025-12-21,domingo,08:00:00,SC,282,"55,8",AGUAS MORNAS,Velocidade Incompatível,Saída de leito carroçável,Com Vítimas Fatais,Pleno dia,Decrescente,Nublado,Simples,Curva;Aclive,Não,1,1,0,0,0,0,0,1,-27.69195872,-48.98895677,SPRF-SC,DEL01-SC,UOP03-DEL01-SC,2025
"747078,0",2025-12-12,sexta-feira,15:50:00,SC,280,"3,0",SAO FRANCISCO DO SUL,Acesso irregular,Colisão transversal,Com Vítimas Feridas,Pleno dia,Crescente,Nublado,Simples,Interseção de Vias;Reta,Sim,3,0,0,2,1,0,2,2,-26.24077153,-48.61784414,SPRF-SC,DEL03-SC,UOP03-DEL03-SC,2025
"747298,0",2025-12-05,sexta-feira,17:30:00,SC,101,"151,0",ITAPEMA,Reação tardia ou ineficiente do condutor,Tombamento,Com Vítimas Feridas,Pleno dia,Decrescente,Ignorado,Múltipla,Reta,Sim,1,0,0,1,0,0,1,1,-27.126536,-48.609642,SPRF-SC,DEL04-SC,UOP03-DEL04-SC,2025
"747490,0",2025-12-25,quinta-feira,17:20:00,SC,116,"210,0",PONTE ALTA,Reação tardia ou ineficiente do condutor,Colisão frontal,Com Vítimas Feridas,Pleno dia,Crescente,Nublado,Simples,Curva,Não,6,0,3,1,2,0,4,2,-27.5047917,-50.365815,SPRF-SC,DEL05-SC,UOP03-DEL05-SC,2025
"747525,0",2025-12-30,terça-feira,20:10:00,SC,101,"1,3",FLORIANOPOLIS,Reação tardia ou ineficiente do condutor,Colisão traseira,Com Vítimas Feridas,Plena Noite,Decrescente,Chuva,Dupla,Reta,Sim,3,0,1,0,2,0,1,2,-27.603835,-48.583453,SPRF-SC,DEL03-SC,UOP01-DEL03-SC,2025
"748683,0",2025-12-30,terça-feira,21:00:00,SC,158,"138,0",PALMITOS,Velocidade Incompatível,Saída de leito carroçável,Sem Vítimas,Plena Noite,Crescente,Céu Claro,Simples,Reta,Não,2,0,0,0,1,1,0,1,-27.094918,-53.218904,SPRF-SC,DEL07-SC,UOP02-DEL07-SC,2025
"748689,0",2025-09-19,sexta-feira,13:20:00,SC,101,"58,0",ARAQUARI,Reação tardia ou ineficiente do condutor,Colisão traseira,Com Vítimas Feridas,Pleno dia,Crescente,Céu Claro,Dupla,Aclive;Reta,Não,3,0,1,0,2,0,1,2,-26.44291,-48.79886627,SPRF-SC,DEL03-SC,UOP02-DEL03-SC,2025
"750154,0",2025-12-31,quarta-feira,07:20:00,SC,470,"80,1",RODEIO,Velocidade Incompatível,Colisão com objeto,Com Vítimas Feridas,Pleno dia,Crescente,Nublado,Simples,Curva;Ponte,Não,2,0,0,2,0,0,2,1,-26.9482588,-49.31890368,SPRF-SC,DEL04-SC,UOP01-DEL04-SC,2025
"750220,0",2025-12-26,sexta-feira,15:00:00,SC,282,"45,0",AGUAS MORNAS,Mal súbito do condutor,Saída de leito carroçável,Com Vítimas Feridas,Pleno dia,Crescente,Garoa/Chuvisco,Simples,Curva,Não,1,0,1,0,0,0,1,1,-27.70475528,-48.82304639,SPRF-SC,DEL01-SC,UOP03-DEL01-SC,2025
"750722,0",2025-12-20,sábado,15:26:00,SC,101,"210,6",SAO JOSE,Ingestão de álcool pelo condutor,Colisão traseira,Com Vítimas Feridas,Pleno dia,Decrescente,Céu Claro,Múltipla,Reta,Não,2,0,1,0,1,0,1,2,-27.621929,-48.650638,SPRF-SC,DEL01-SC,UOP01-DEL01-SC,2025
"751568,0",2025-12-17,quarta-feira,07:30:00,SC,101,"207,5",SAO JOSE,Trafegar com motocicleta (ou similar) entre as faixas,Colisão traseira,Com Vítimas Feridas,Pleno dia,Decrescente,Céu Claro,Múltipla,Declive;Reta,Sim,2,0,0,1,1,0,1,2,-27.601935,-48.627852,SPRF-SC,DEL01-SC,UOP01-DEL01-SC,2025
"757492,0",2025-09-27,sábado,13:50:00,SC,282,"381,0",HERVAL DOESTE,Conversão proibida,Colisão transversal,Com Vítimas Feridas,Pleno dia,Decrescente,Céu Claro,Simples,Reta;Declive,Não,4,0,1,1,0,2,2,3,-27.2096,-51.50077,SPRF-SC,DEL07-SC,UOP05-DEL07-SC,2025
"758175,0",2025-12-15,segunda-feira,15:50:00,SC,101,"130,0",CAMBORIU,Condutor deixou de manter distância do veículo da frente,Colisão traseira,Sem Vítimas,Pleno dia,Crescente,Sol,Dupla,Reta,Sim,2,0,0,0,2,0,0,2,-26.99305955,-48.6609548,SPRF-SC,DEL04-SC,UOP03-DEL04-SC,2025